edge	TN	FP	FN	TP	p	r	type	method	time	rate	blen_est	recall	precision	f1	acc	fpr	fnr	divergence	SUNIT	SIZE	NGEN	CLADE_SIZE	HEIGHT_NGEN	HEIGHT_EDGE	DEPTH_NGEN	DEPTH_EDGE	TOTAL_NGEN
Cariamiformes	882	543	44	31	0.05	1	admixture	gqshmm	6099554	090	6758378.04878049	0.413333333333333	0.054006968641115	0.0955315870570108	0.608666666666667	0.381052631578947	0.586666666666667	427476	0.042357	697991.346534521	5541869.999999999	2	6313292	2	8528132	8	7084714
Cariamiformes	1425	0	75	0	0.05	1	admixture	pbphmm	6099554	090	6758378.04878049	0	NA	0	0.95	0	1	427476	0.042357	697991.346534521	5541869.999999999	2	6313292	2	8528132	8	7084714
Cariamiformes	566	559	190	185	0.25	1	admixture	bcbhmm_ex	6099554	090	6758378.04878049	0.493333333333333	0.248655913978495	0.33065236818588	0.500666666666667	0.496888888888889	0.506666666666667	427476	0.042357	697991.346534521	5541869.999999999	2	6313292	2	8528132	8	7084714
Cariamiformes	1107	18	369	6	0.25	1	admixture	pbphmm_ex	6099554	090	6758378.04878049	0.016	0.25	0.0300751879699248	0.742	0.016	0.984	427476	0.042357	697991.346534521	5541869.999999999	2	6313292	2	8528132	8	7084714
Cariamiformes	1040	385	51	24	0.05	1	admixture	bcbhmm	6099554	090	6758378.04878049	0.32	0.058679706601467	0.0991735537190083	0.709333333333333	0.270175438596491	0.68	427476	0.042357	697991.346534521	5541869.999999999	2	6313292	2	8528132	8	7084714
Cariamiformes	752	673	46	29	0.05	1	admixture	bcbhmm_ex	6099554	090	6758378.04878049	0.386666666666667	0.0413105413105413	0.0746460746460746	0.520666666666667	0.472280701754386	0.613333333333333	427476	0.042357	697991.346534521	5541869.999999999	2	6313292	2	8528132	8	7084714
Cariamiformes	668	457	197	178	0.25	1	admixture	mlthmm	6099554	090	6758378.04878049	0.474666666666667	0.280314960629921	0.352475247524752	0.564	0.406222222222222	0.525333333333333	427476	0.042357	697991.346534521	5541869.999999999	2	6313292	2	8528132	8	7084714
Cariamiformes	616	509	193	182	0.25	1	admixture	cqshmm_ex	6099554	090	6758378.04878049	0.485333333333333	0.263386396526773	0.341463414634146	0.532	0.452444444444444	0.514666666666667	427476	0.042357	697991.346534521	5541869.999999999	2	6313292	2	8528132	8	7084714
Cariamiformes	1010	115	375	0	0.25	1	admixture	phlag_dto_eap01_ena4_esp001	6099554	090	6.90845394134521	0	0	0	0.673333333333333	0.102222222222222	1	427476	0.042357	697991.346534521	5541869.999999999	2	6313292	2	8528132	8	7084714
Cariamiformes	665	460	361	14	0.25	1	admixture	gqshmm_ex	6099554	090	6758378.04878049	0.0373333333333333	0.029535864978903	0.032979976442874	0.452666666666667	0.408888888888889	0.962666666666667	427476	0.042357	697991.346534521	5541869.999999999	2	6313292	2	8528132	8	7084714
Cariamiformes	862	263	274	101	0.25	1	admixture	dtohmm	6099554	090	6758378.04878049	0.269333333333333	0.277472527472527	0.273342354533153	0.642	0.233777777777778	0.730666666666667	427476	0.042357	697991.346534521	5541869.999999999	2	6313292	2	8528132	8	7084714
Cariamiformes	1379	46	70	5	0.05	1	admixture	pbphmm_ex	6099554	090	6758378.04878049	0.0666666666666667	0.0980392156862745	0.0793650793650794	0.922666666666667	0.032280701754386	0.933333333333333	427476	0.042357	697991.346534521	5541869.999999999	2	6313292	2	8528132	8	7084714
Cariamiformes	645	555	183	117	0.2	1	admixture	mlthmm_ex	6099554	090	6758378.04878049	0.39	0.174107142857143	0.240740740740741	0.508	0.4625	0.61	427476	0.042357	697991.346534521	5541869.999999999	2	6313292	2	8528132	8	7084714
Cariamiformes	708	417	211	164	0.25	1	admixture	gqshmm	6099554	090	6758378.04878049	0.437333333333333	0.282271944922547	0.343096234309623	0.581333333333333	0.370666666666667	0.562666666666667	427476	0.042357	697991.346534521	5541869.999999999	2	6313292	2	8528132	8	7084714
Cariamiformes	1125	0	365	10	0.25	1	admixture	pbphmm	6099554	090	6758378.04878049	0.0266666666666667	1	0.051948051948052	0.756666666666667	0	0.973333333333333	427476	0.042357	697991.346534521	5541869.999999999	2	6313292	2	8528132	8	7084714
Cariamiformes	564	561	193	182	0.25	1	admixture	dtohmm_ex	6099554	090	6758378.04878049	0.485333333333333	0.244952893674293	0.325581395348837	0.497333333333333	0.498666666666667	0.514666666666667	427476	0.042357	697991.346534521	5541869.999999999	2	6313292	2	8528132	8	7084714
Cariamiformes	796	329	279	96	0.25	1	admixture	mlthmm_ex	6099554	090	6758378.04878049	0.256	0.225882352941176	0.24	0.594666666666667	0.292444444444444	0.744	427476	0.042357	697991.346534521	5541869.999999999	2	6313292	2	8528132	8	7084714
Cariamiformes	998	427	51	24	0.05	1	admixture	cqshmm	6099554	090	6758378.04878049	0.32	0.0532150776053215	0.091254752851711	0.681333333333333	0.299649122807018	0.68	427476	0.042357	697991.346534521	5541869.999999999	2	6313292	2	8528132	8	7084714
Cariamiformes	820	305	271	104	0.25	1	admixture	cqshmm	6099554	090	6758378.04878049	0.277333333333333	0.254278728606357	0.26530612244898	0.616	0.271111111111111	0.722666666666667	427476	0.042357	697991.346534521	5541869.999999999	2	6313292	2	8528132	8	7084714
Cariamiformes	848	622	16	14	0.02	1	admixture	bcbhmm_ex	6099554	090	6758378.04878049	0.466666666666667	0.0220125786163522	0.042042042042042	0.574666666666667	0.42312925170068	0.533333333333333	427476	0.042357	697991.346534521	5541869.999999999	2	6313292	2	8528132	8	7084714
Cariamiformes	1418	52	27	3	0.02	1	admixture	pbphmm_ex	6099554	090	6758378.04878049	0.1	0.0545454545454545	0.0705882352941176	0.947333333333333	0.035374149659864	0.9	427476	0.042357	697991.346534521	5541869.999999999	2	6313292	2	8528132	8	7084714
Cariamiformes	984	366	111	39	0.1	1	admixture	bcbhmm	6099554	090	6758378.04878049	0.26	0.0962962962962963	0.140540540540541	0.682	0.271111111111111	0.74	427476	0.042357	697991.346534521	5541869.999999999	2	6313292	2	8528132	8	7084714
Cariamiformes	671	679	81	69	0.1	1	admixture	bcbhmm_ex	6099554	090	6758378.04878049	0.46	0.0922459893048128	0.153674832962138	0.493333333333333	0.502962962962963	0.54	427476	0.042357	697991.346534521	5541869.999999999	2	6313292	2	8528132	8	7084714
Cariamiformes	1300	50	137	13	0.1	1	admixture	pbphmm_ex	6099554	090	6758378.04878049	0.0866666666666667	0.206349206349206	0.122065727699531	0.875333333333333	0.037037037037037	0.913333333333333	427476	0.042357	697991.346534521	5541869.999999999	2	6313292	2	8528132	8	7084714
Cariamiformes	938	337	170	55	0.15	1	admixture	bcbhmm	6099554	090	6758378.04878049	0.244444444444444	0.14030612244898	0.178282009724473	0.662	0.264313725490196	0.755555555555556	427476	0.042357	697991.346534521	5541869.999999999	2	6313292	2	8528132	8	7084714
Cariamiformes	690	585	144	81	0.15	1	admixture	bcbhmm_ex	6099554	090	6758378.04878049	0.36	0.121621621621622	0.181818181818182	0.514	0.458823529411765	0.64	427476	0.042357	697991.346534521	5541869.999999999	2	6313292	2	8528132	8	7084714
Cariamiformes	632	568	160	140	0.2	1	admixture	cqshmm	6099554	090	6758378.04878049	0.466666666666667	0.19774011299435	0.277777777777778	0.514666666666667	0.473333333333333	0.533333333333333	427476	0.042357	697991.346534521	5541869.999999999	2	6313292	2	8528132	8	7084714
Cariamiformes	711	489	162	138	0.2	1	admixture	mlthmm	6099554	090	6758378.04878049	0.46	0.220095693779904	0.297734627831715	0.566	0.4075	0.54	427476	0.042357	697991.346534521	5541869.999999999	2	6313292	2	8528132	8	7084714
Cariamiformes	750	675	34	41	0.05	1	admixture	dtohmm_ex	6099554	090	6758378.04878049	0.546666666666667	0.0572625698324022	0.103666245259166	0.527333333333333	0.473684210526316	0.453333333333333	427476	0.042357	697991.346534521	5541869.999999999	2	6313292	2	8528132	8	7084714
Cariamiformes	1016	409	49	26	0.05	1	admixture	mlthmm_ex	6099554	090	6758378.04878049	0.346666666666667	0.0597701149425287	0.101960784313725	0.694666666666667	0.287017543859649	0.653333333333333	427476	0.042357	697991.346534521	5541869.999999999	2	6313292	2	8528132	8	7084714
Cariamiformes	726	744	30	0	0.02	1	admixture	phlag_dto_eap01_ena4_esp001_ex	6099554	090	6.90845394134521	0	0	0	0.484	0.506122448979592	1	427476	0.042357	697991.346534521	5541869.999999999	2	6313292	2	8528132	8	7084714
Cariamiformes	985	290	147	78	0.15	1	admixture	cqshmm	6099554	090	6758378.04878049	0.346666666666667	0.21195652173913	0.263069139966273	0.708666666666667	0.227450980392157	0.653333333333333	427476	0.042357	697991.346534521	5541869.999999999	2	6313292	2	8528132	8	7084714
Cariamiformes	751	524	117	108	0.15	1	admixture	mlthmm	6099554	090	6758378.04878049	0.48	0.170886075949367	0.252042007001167	0.572666666666667	0.410980392156863	0.52	427476	0.042357	697991.346534521	5541869.999999999	2	6313292	2	8528132	8	7084714
Cariamiformes	882	318	225	75	0.2	1	admixture	bcbhmm	6099554	090	6758378.04878049	0.25	0.190839694656489	0.216450216450216	0.638	0.265	0.75	427476	0.042357	697991.346534521	5541869.999999999	2	6313292	2	8528132	8	7084714
Cariamiformes	628	572	174	126	0.2	1	admixture	bcbhmm_ex	6099554	090	6758378.04878049	0.42	0.180515759312321	0.25250501002004	0.502666666666667	0.476666666666667	0.58	427476	0.042357	697991.346534521	5541869.999999999	2	6313292	2	8528132	8	7084714
Cariamiformes	1183	17	295	5	0.2	1	admixture	pbphmm_ex	6099554	090	6758378.04878049	0.0166666666666667	0.227272727272727	0.031055900621118	0.792	0.0141666666666667	0.983333333333333	427476	0.042357	697991.346534521	5541869.999999999	2	6313292	2	8528132	8	7084714
Cariamiformes	617	583	163	137	0.2	1	admixture	gqshmm	6099554	090	6758378.04878049	0.456666666666667	0.190277777777778	0.268627450980392	0.502666666666667	0.485833333333333	0.543333333333333	427476	0.042357	697991.346534521	5541869.999999999	2	6313292	2	8528132	8	7084714
Cariamiformes	1200	0	300	0	0.2	1	admixture	pbphmm	6099554	090	6758378.04878049	0	NA	0	0.8	0	1	427476	0.042357	697991.346534521	5541869.999999999	2	6313292	2	8528132	8	7084714
Cariamiformes	598	602	153	147	0.2	1	admixture	dtohmm_ex	6099554	090	6758378.04878049	0.49	0.196261682242991	0.280266920877026	0.496666666666667	0.501666666666667	0.51	427476	0.042357	697991.346534521	5541869.999999999	2	6313292	2	8528132	8	7084714
Cariamiformes	734	736	16	14	0.02	1	admixture	cqshmm_ex	6099554	090	6758378.04878049	0.466666666666667	0.0186666666666667	0.0358974358974359	0.498666666666667	0.500680272108844	0.533333333333333	427476	0.042357	697991.346534521	5541869.999999999	2	6313292	2	8528132	8	7084714
Cariamiformes	1386	84	30	0	0.02	1	admixture	phlag_dto_eap01_ena4_esp001	6099554	090	6.90845394134521	0	0	0	0.924	0.0571428571428571	1	427476	0.042357	697991.346534521	5541869.999999999	2	6313292	2	8528132	8	7084714
Cariamiformes	1200	270	17	13	0.02	1	admixture	gqshmm_ex	6099554	090	6758378.04878049	0.433333333333333	0.0459363957597173	0.0830670926517572	0.808666666666667	0.183673469387755	0.566666666666667	427476	0.042357	697991.346534521	5541869.999999999	2	6313292	2	8528132	8	7084714
Cariamiformes	1194	276	28	2	0.02	1	admixture	dtohmm	6099554	090	6758378.04878049	0.0666666666666667	0.00719424460431655	0.012987012987013	0.797333333333333	0.187755102040816	0.933333333333333	427476	0.042357	697991.346534521	5541869.999999999	2	6313292	2	8528132	8	7084714
Cariamiformes	685	515	171	129	0.2	1	admixture	cqshmm_ex	6099554	090	6758378.04878049	0.43	0.200310559006211	0.273305084745763	0.542666666666667	0.429166666666667	0.57	427476	0.042357	697991.346534521	5541869.999999999	2	6313292	2	8528132	8	7084714
Cariamiformes	891	309	300	0	0.2	1	admixture	phlag_dto_eap01_ena4_esp001	6099554	090	6.90845394134521	0	0	0	0.594	0.2575	1	427476	0.042357	697991.346534521	5541869.999999999	2	6313292	2	8528132	8	7084714
Cariamiformes	837	588	43	32	0.05	1	admixture	mlthmm	6099554	090	6758378.04878049	0.426666666666667	0.0516129032258065	0.0920863309352518	0.579333333333333	0.412631578947368	0.573333333333333	427476	0.042357	697991.346534521	5541869.999999999	2	6313292	2	8528132	8	7084714
Cariamiformes	829	596	45	30	0.05	1	admixture	cqshmm_ex	6099554	090	6758378.04878049	0.4	0.0479233226837061	0.0855920114122682	0.572666666666667	0.418245614035088	0.6	427476	0.042357	697991.346534521	5541869.999999999	2	6313292	2	8528132	8	7084714
Cariamiformes	1321	104	75	0	0.05	1	admixture	phlag_dto_eap01_ena4_esp001	6099554	090	6.90845394134521	0	0	0	0.880666666666667	0.0729824561403509	1	427476	0.042357	697991.346534521	5541869.999999999	2	6313292	2	8528132	8	7084714
Cariamiformes	1161	264	51	24	0.05	1	admixture	gqshmm_ex	6099554	090	6758378.04878049	0.32	0.0833333333333333	0.132231404958678	0.79	0.185263157894737	0.68	427476	0.042357	697991.346534521	5541869.999999999	2	6313292	2	8528132	8	7084714
Cariamiformes	1071	354	57	18	0.05	1	admixture	dtohmm	6099554	090	6758378.04878049	0.24	0.0483870967741935	0.0805369127516778	0.726	0.248421052631579	0.76	427476	0.042357	697991.346534521	5541869.999999999	2	6313292	2	8528132	8	7084714
Cariamiformes	1425	0	0	75	0.05	1	admixture	phlag_dto_eap01_ena4_esp001_ex	6099554	090	6.90845394134521	1	1	1	1	0	0	427476	0.042357	697991.346534521	5541869.999999999	2	6313292	2	8528132	8	7084714
Cariamiformes	1125	0	0	375	0.25	1	admixture	phlag_dto_eap01_ena4_esp001_ex	6099554	090	6.90845394134521	1	1	1	1	0	0	427476	0.042357	697991.346534521	5541869.999999999	2	6313292	2	8528132	8	7084714
Cariamiformes	831	294	289	86	0.25	1	admixture	bcbhmm	6099554	090	6758378.04878049	0.229333333333333	0.226315789473684	0.227814569536424	0.611333333333333	0.261333333333333	0.770666666666667	427476	0.042357	697991.346534521	5541869.999999999	2	6313292	2	8528132	8	7084714
Cariamiformes	1238	37	206	19	0.15	1	admixture	pbphmm_ex	6099554	090	6758378.04878049	0.0844444444444444	0.339285714285714	0.135231316725979	0.838	0.0290196078431373	0.915555555555556	427476	0.042357	697991.346534521	5541869.999999999	2	6313292	2	8528132	8	7084714
Cariamiformes	789	486	123	102	0.15	1	admixture	gqshmm	6099554	090	6758378.04878049	0.453333333333333	0.173469387755102	0.250922509225092	0.594	0.381176470588235	0.546666666666667	427476	0.042357	697991.346534521	5541869.999999999	2	6313292	2	8528132	8	7084714
Cariamiformes	1275	0	225	0	0.15	1	admixture	pbphmm	6099554	090	6758378.04878049	0	NA	0	0.85	0	1	427476	0.042357	697991.346534521	5541869.999999999	2	6313292	2	8528132	8	7084714
Cariamiformes	645	630	106	119	0.15	1	admixture	dtohmm_ex	6099554	090	6758378.04878049	0.528888888888889	0.158878504672897	0.24435318275154	0.509333333333333	0.494117647058824	0.471111111111111	427476	0.042357	697991.346534521	5541869.999999999	2	6313292	2	8528132	8	7084714
Cariamiformes	614	661	139	86	0.15	1	admixture	mlthmm_ex	6099554	090	6758378.04878049	0.382222222222222	0.115127175368139	0.176954732510288	0.466666666666667	0.51843137254902	0.617777777777778	427476	0.042357	697991.346534521	5541869.999999999	2	6313292	2	8528132	8	7084714
Cariamiformes	1076	394	20	10	0.02	1	admixture	bcbhmm	6099554	090	6758378.04878049	0.333333333333333	0.0247524752475248	0.0460829493087558	0.724	0.268027210884354	0.666666666666667	427476	0.042357	697991.346534521	5541869.999999999	2	6313292	2	8528132	8	7084714
Cariamiformes	1246	104	150	0	0.1	1	admixture	phlag_dto_eap01_ena4_esp001	6099554	090	6.90845394134521	0	0	0	0.830666666666667	0.077037037037037	1	427476	0.042357	697991.346534521	5541869.999999999	2	6313292	2	8528132	8	7084714
Cariamiformes	898	452	72	78	0.1	1	admixture	gqshmm_ex	6099554	090	6758378.04878049	0.52	0.147169811320755	0.229411764705882	0.650666666666667	0.334814814814815	0.48	427476	0.042357	697991.346534521	5541869.999999999	2	6313292	2	8528132	8	7084714
Cariamiformes	913	557	16	14	0.02	1	admixture	gqshmm	6099554	090	6758378.04878049	0.466666666666667	0.0245183887915937	0.0465890183028286	0.618	0.37891156462585	0.533333333333333	427476	0.042357	697991.346534521	5541869.999999999	2	6313292	2	8528132	8	7084714
Cariamiformes	1470	0	30	0	0.02	1	admixture	pbphmm	6099554	090	6758378.04878049	0	NA	0	0.98	0	1	427476	0.042357	697991.346534521	5541869.999999999	2	6313292	2	8528132	8	7084714
Cariamiformes	784	686	14	16	0.02	1	admixture	dtohmm_ex	6099554	090	6758378.04878049	0.533333333333333	0.0227920227920228	0.0437158469945355	0.533333333333333	0.466666666666667	0.466666666666667	427476	0.042357	697991.346534521	5541869.999999999	2	6313292	2	8528132	8	7084714
Cariamiformes	785	565	94	56	0.1	1	admixture	gqshmm	6099554	090	6758378.04878049	0.373333333333333	0.0901771336553945	0.14526588845655	0.560666666666667	0.418518518518519	0.626666666666667	427476	0.042357	697991.346534521	5541869.999999999	2	6313292	2	8528132	8	7084714
Cariamiformes	1350	0	150	0	0.1	1	admixture	pbphmm	6099554	090	6758378.04878049	0	NA	0	0.9	0	1	427476	0.042357	697991.346534521	5541869.999999999	2	6313292	2	8528132	8	7084714
Cariamiformes	928	542	19	11	0.02	1	admixture	cqshmm	6099554	090	6758378.04878049	0.366666666666667	0.0198915009041591	0.0377358490566038	0.626	0.368707482993197	0.633333333333333	427476	0.042357	697991.346534521	5541869.999999999	2	6313292	2	8528132	8	7084714
Cariamiformes	864	606	16	14	0.02	1	admixture	mlthmm	6099554	090	6758378.04878049	0.466666666666667	0.0225806451612903	0.0430769230769231	0.585333333333333	0.412244897959184	0.533333333333333	427476	0.042357	697991.346534521	5541869.999999999	2	6313292	2	8528132	8	7084714
Cariamiformes	698	652	72	78	0.1	1	admixture	dtohmm_ex	6099554	090	6758378.04878049	0.52	0.106849315068493	0.177272727272727	0.517333333333333	0.482962962962963	0.48	427476	0.042357	697991.346534521	5541869.999999999	2	6313292	2	8528132	8	7084714
Cariamiformes	700	650	70	80	0.1	1	admixture	mlthmm_ex	6099554	090	6758378.04878049	0.533333333333333	0.10958904109589	0.181818181818182	0.52	0.481481481481481	0.466666666666667	427476	0.042357	697991.346534521	5541869.999999999	2	6313292	2	8528132	8	7084714
Cariamiformes	762	588	60	90	0.1	1	admixture	cqshmm	6099554	090	6758378.04878049	0.6	0.132743362831858	0.217391304347826	0.568	0.435555555555556	0.4	427476	0.042357	697991.346534521	5541869.999999999	2	6313292	2	8528132	8	7084714
Cariamiformes	824	526	86	64	0.1	1	admixture	cqshmm_ex	6099554	090	6758378.04878049	0.426666666666667	0.108474576271186	0.172972972972973	0.592	0.38962962962963	0.573333333333333	427476	0.042357	697991.346534521	5541869.999999999	2	6313292	2	8528132	8	7084714
Cariamiformes	844	356	126	174	0.2	1	admixture	gqshmm_ex	6099554	090	6758378.04878049	0.58	0.328301886792453	0.419277108433735	0.678666666666667	0.296666666666667	0.42	427476	0.042357	697991.346534521	5541869.999999999	2	6313292	2	8528132	8	7084714
Cariamiformes	998	202	246	54	0.2	1	admixture	dtohmm	6099554	090	6758378.04878049	0.18	0.2109375	0.194244604316547	0.701333333333333	0.168333333333333	0.82	427476	0.042357	697991.346534521	5541869.999999999	2	6313292	2	8528132	8	7084714
Cariamiformes	721	554	133	92	0.15	1	admixture	cqshmm_ex	6099554	090	6758378.04878049	0.408888888888889	0.142414860681115	0.211251435132032	0.542	0.434509803921569	0.591111111111111	427476	0.042357	697991.346534521	5541869.999999999	2	6313292	2	8528132	8	7084714
Cariamiformes	1171	104	225	0	0.15	1	admixture	phlag_dto_eap01_ena4_esp001	6099554	090	6.90845394134521	0	0	0	0.780666666666667	0.0815686274509804	1	427476	0.042357	697991.346534521	5541869.999999999	2	6313292	2	8528132	8	7084714
Cariamiformes	922	353	104	121	0.15	1	admixture	gqshmm_ex	6099554	090	6758378.04878049	0.537777777777778	0.255274261603376	0.34620886981402	0.695333333333333	0.276862745098039	0.462222222222222	427476	0.042357	697991.346534521	5541869.999999999	2	6313292	2	8528132	8	7084714
Cariamiformes	1012	263	74	151	0.15	1	admixture	dtohmm	6099554	090	6758378.04878049	0.671111111111111	0.364734299516908	0.472613458528951	0.775333333333333	0.206274509803922	0.328888888888889	427476	0.042357	697991.346534521	5541869.999999999	2	6313292	2	8528132	8	7084714
Cariamiformes	1275	0	0	225	0.15	1	admixture	phlag_dto_eap01_ena4_esp001_ex	6099554	090	6.90845394134521	1	1	1	1	0	0	427476	0.042357	697991.346534521	5541869.999999999	2	6313292	2	8528132	8	7084714
Cariamiformes	1200	0	0	300	0.2	1	admixture	phlag_dto_eap01_ena4_esp001_ex	6099554	090	6.90845394134521	1	1	1	1	0	0	427476	0.042357	697991.346534521	5541869.999999999	2	6313292	2	8528132	8	7084714
Cariamiformes	686	664	74	76	0.1	1	admixture	mlthmm	6099554	090	6758378.04878049	0.506666666666667	0.102702702702703	0.170786516853933	0.508	0.491851851851852	0.493333333333333	427476	0.042357	697991.346534521	5541869.999999999	2	6313292	2	8528132	8	7084714
Cariamiformes	1349	1	0	150	0.1	1	admixture	phlag_dto_eap01_ena4_esp001_ex	6099554	090	6.90845394134521	1	0.993377483443709	0.996677740863787	0.999333333333333	0.000740740740740741	0	427476	0.042357	697991.346534521	5541869.999999999	2	6313292	2	8528132	8	7084714
Cariamiformes	1051	419	20	10	0.02	1	admixture	mlthmm_ex	6099554	090	6758378.04878049	0.333333333333333	0.0233100233100233	0.0435729847494553	0.707333333333333	0.285034013605442	0.666666666666667	427476	0.042357	697991.346534521	5541869.999999999	2	6313292	2	8528132	8	7084714
Cariamiformes	1209	141	127	23	0.1	1	admixture	dtohmm	6099554	090	6758378.04878049	0.153333333333333	0.140243902439024	0.146496815286624	0.821333333333333	0.104444444444444	0.846666666666667	427476	0.042357	697991.346534521	5541869.999999999	2	6313292	2	8528132	8	7084714
N340	1275	0	225	0	0.15	1	admixture	mlthmm	1599554	090	223410.975609756	0	NA	0	0.85	0	1	303156	0.002416	174340.615857674	183196.99999999997	2	1451132	2	8031619	18	2719067
N340	1425	0	75	0	0.05	1	admixture	phlag_dto_eap01_ena4_esp001	1599554	090	0.626155018806458	0	NA	0	0.95	0	1	303156	0.002416	174340.615857674	183196.99999999997	2	1451132	2	8031619	18	2719067
N340	1442	28	30	0	0.02	1	admixture	pbphmm_ex	1599554	090	223410.975609756	0	0	0	0.961333333333333	0.019047619047619	1	303156	0.002416	174340.615857674	183196.99999999997	2	1451132	2	8031619	18	2719067
N340	1470	0	30	0	0.02	1	admixture	gqshmm	1599554	090	223410.975609756	0	NA	0	0.98	0	1	303156	0.002416	174340.615857674	183196.99999999997	2	1451132	2	8031619	18	2719067
N340	1275	0	225	0	0.15	1	admixture	cqshmm	1599554	090	223410.975609756	0	NA	0	0.85	0	1	303156	0.002416	174340.615857674	183196.99999999997	2	1451132	2	8031619	18	2719067
N340	1200	0	54	246	0.2	1	admixture	phlag_dto_eap01_ena4_esp001_ex	1599554	090	0.518181085586548	0.82	1	0.901098901098901	0.964	0	0.18	303156	0.002416	174340.615857674	183196.99999999997	2	1451132	2	8031619	18	2719067
N340	1275	0	25	200	0.15	1	admixture	dtohmm_ex	1599554	090	223410.975609756	0.888888888888889	1	0.941176470588235	0.983333333333333	0	0.111111111111111	303156	0.002416	174340.615857674	183196.99999999997	2	1451132	2	8031619	18	2719067
N340	1275	0	25	200	0.15	1	admixture	mlthmm_ex	1599554	090	223410.975609756	0.888888888888889	1	0.941176470588235	0.983333333333333	0	0.111111111111111	303156	0.002416	174340.615857674	183196.99999999997	2	1451132	2	8031619	18	2719067
N340	1200	0	300	0	0.2	1	admixture	phlag_dto_eap01_ena4_esp001	1599554	090	0.518181085586548	0	NA	0	0.8	0	1	303156	0.002416	174340.615857674	183196.99999999997	2	1451132	2	8031619	18	2719067
N340	1200	0	54	246	0.2	1	admixture	dtohmm_ex	1599554	090	223410.975609756	0.82	1	0.901098901098901	0.964	0	0.18	303156	0.002416	174340.615857674	183196.99999999997	2	1451132	2	8031619	18	2719067
N340	1200	0	300	0	0.2	1	admixture	dtohmm	1599554	090	223410.975609756	0	NA	0	0.8	0	1	303156	0.002416	174340.615857674	183196.99999999997	2	1451132	2	8031619	18	2719067
N340	1409	61	28	2	0.02	1	admixture	bcbhmm_ex	1599554	090	223410.975609756	0.0666666666666667	0.0317460317460317	0.043010752688172	0.940666666666667	0.0414965986394558	0.933333333333333	303156	0.002416	174340.615857674	183196.99999999997	2	1451132	2	8031619	18	2719067
N340	1275	0	225	0	0.15	1	admixture	bcbhmm	1599554	090	223410.975609756	0	NA	0	0.85	0	1	303156	0.002416	174340.615857674	183196.99999999997	2	1451132	2	8031619	18	2719067
N340	1275	0	25	200	0.15	1	admixture	bcbhmm_ex	1599554	090	223410.975609756	0.888888888888889	1	0.941176470588235	0.983333333333333	0	0.111111111111111	303156	0.002416	174340.615857674	183196.99999999997	2	1451132	2	8031619	18	2719067
N340	1051	374	39	36	0.05	1	admixture	gqshmm_ex	1599554	090	223410.975609756	0.48	0.0878048780487805	0.148453608247423	0.724666666666667	0.262456140350877	0.52	303156	0.002416	174340.615857674	183196.99999999997	2	1451132	2	8031619	18	2719067
N340	1425	0	75	0	0.05	1	admixture	dtohmm	1599554	090	223410.975609756	0	NA	0	0.95	0	1	303156	0.002416	174340.615857674	183196.99999999997	2	1451132	2	8031619	18	2719067
N340	1424	1	75	0	0.05	1	admixture	phlag_dto_eap01_ena4_esp001_ex	1599554	090	0.626155018806458	0	0	0	0.949333333333333	0.000701754385964912	1	303156	0.002416	174340.615857674	183196.99999999997	2	1451132	2	8031619	18	2719067
N340	1200	0	300	0	0.2	1	admixture	pbphmm	1599554	090	223410.975609756	0	NA	0	0.8	0	1	303156	0.002416	174340.615857674	183196.99999999997	2	1451132	2	8031619	18	2719067
N340	1470	0	30	0	0.02	1	admixture	mlthmm	1599554	090	223410.975609756	0	NA	0	0.98	0	1	303156	0.002416	174340.615857674	183196.99999999997	2	1451132	2	8031619	18	2719067
N340	1200	0	54	246	0.2	1	admixture	mlthmm_ex	1599554	090	223410.975609756	0.82	1	0.901098901098901	0.964	0	0.18	303156	0.002416	174340.615857674	183196.99999999997	2	1451132	2	8031619	18	2719067
N340	1200	0	300	0	0.2	1	admixture	cqshmm	1599554	090	223410.975609756	0	NA	0	0.8	0	1	303156	0.002416	174340.615857674	183196.99999999997	2	1451132	2	8031619	18	2719067
N340	1200	0	300	0	0.2	1	admixture	mlthmm	1599554	090	223410.975609756	0	NA	0	0.8	0	1	303156	0.002416	174340.615857674	183196.99999999997	2	1451132	2	8031619	18	2719067
N340	881	319	135	165	0.2	1	admixture	gqshmm_ex	1599554	090	223410.975609756	0.55	0.340909090909091	0.420918367346939	0.697333333333333	0.265833333333333	0.45	303156	0.002416	174340.615857674	183196.99999999997	2	1451132	2	8031619	18	2719067
N340	1470	0	30	0	0.02	1	admixture	bcbhmm	1599554	090	223410.975609756	0	NA	0	0.98	0	1	303156	0.002416	174340.615857674	183196.99999999997	2	1451132	2	8031619	18	2719067
N340	1349	1	150	0	0.1	1	admixture	gqshmm	1599554	090	223410.975609756	0	0	0	0.899333333333333	0.000740740740740741	1	303156	0.002416	174340.615857674	183196.99999999997	2	1451132	2	8031619	18	2719067
N340	1425	0	75	0	0.05	1	admixture	mlthmm	1599554	090	223410.975609756	0	NA	0	0.95	0	1	303156	0.002416	174340.615857674	183196.99999999997	2	1451132	2	8031619	18	2719067
N340	1423	2	60	15	0.05	1	admixture	cqshmm_ex	1599554	090	223410.975609756	0.2	0.88235294117647	0.326086956521739	0.958666666666667	0.00140350877192982	0.8	303156	0.002416	174340.615857674	183196.99999999997	2	1451132	2	8031619	18	2719067
N340	1470	0	30	0	0.02	1	admixture	pbphmm	1599554	090	223410.975609756	0	NA	0	0.98	0	1	303156	0.002416	174340.615857674	183196.99999999997	2	1451132	2	8031619	18	2719067
N340	1469	1	30	0	0.02	1	admixture	dtohmm_ex	1599554	090	223410.975609756	0	0	0	0.979333333333333	0.000680272108843537	1	303156	0.002416	174340.615857674	183196.99999999997	2	1451132	2	8031619	18	2719067
N340	916	554	20	10	0.02	1	admixture	mlthmm_ex	1599554	090	223410.975609756	0.333333333333333	0.0177304964539007	0.0336700336700337	0.617333333333333	0.37687074829932	0.666666666666667	303156	0.002416	174340.615857674	183196.99999999997	2	1451132	2	8031619	18	2719067
N340	1470	0	30	0	0.02	1	admixture	cqshmm	1599554	090	223410.975609756	0	NA	0	0.98	0	1	303156	0.002416	174340.615857674	183196.99999999997	2	1451132	2	8031619	18	2719067
N340	1350	0	150	0	0.1	1	admixture	phlag_dto_eap01_ena4_esp001	1599554	090	0.569827616214752	0	NA	0	0.9	0	1	303156	0.002416	174340.615857674	183196.99999999997	2	1451132	2	8031619	18	2719067
N340	1469	1	30	0	0.02	1	admixture	cqshmm_ex	1599554	090	223410.975609756	0	0	0	0.979333333333333	0.000680272108843537	1	303156	0.002416	174340.615857674	183196.99999999997	2	1451132	2	8031619	18	2719067
N340	1470	0	30	0	0.02	1	admixture	phlag_dto_eap01_ena4_esp001	1599554	090	0.643120527267456	0	NA	0	0.98	0	1	303156	0.002416	174340.615857674	183196.99999999997	2	1451132	2	8031619	18	2719067
N340	1076	394	20	10	0.02	1	admixture	gqshmm_ex	1599554	090	223410.975609756	0.333333333333333	0.0247524752475248	0.0460829493087558	0.724	0.268027210884354	0.666666666666667	303156	0.002416	174340.615857674	183196.99999999997	2	1451132	2	8031619	18	2719067
N340	1200	0	54	246	0.2	1	admixture	cqshmm_ex	1599554	090	223410.975609756	0.82	1	0.901098901098901	0.964	0	0.18	303156	0.002416	174340.615857674	183196.99999999997	2	1451132	2	8031619	18	2719067
N340	1348	2	11	139	0.1	1	admixture	pbphmm_ex	1599554	090	223410.975609756	0.926666666666667	0.985815602836879	0.9553264604811	0.991333333333333	0.00148148148148148	0.0733333333333333	303156	0.002416	174340.615857674	183196.99999999997	2	1451132	2	8031619	18	2719067
N340	1469	1	30	0	0.02	1	admixture	phlag_dto_eap01_ena4_esp001_ex	1599554	090	0.643120527267456	0	0	0	0.979333333333333	0.000680272108843537	1	303156	0.002416	174340.615857674	183196.99999999997	2	1451132	2	8031619	18	2719067
N340	1350	0	150	0	0.1	1	admixture	pbphmm	1599554	090	223410.975609756	0	NA	0	0.9	0	1	303156	0.002416	174340.615857674	183196.99999999997	2	1451132	2	8031619	18	2719067
N340	1332	18	11	139	0.1	1	admixture	dtohmm_ex	1599554	090	223410.975609756	0.926666666666667	0.885350318471338	0.905537459283388	0.980666666666667	0.0133333333333333	0.0733333333333333	303156	0.002416	174340.615857674	183196.99999999997	2	1451132	2	8031619	18	2719067
N340	1200	0	300	0	0.2	1	admixture	bcbhmm	1599554	090	223410.975609756	0	NA	0	0.8	0	1	303156	0.002416	174340.615857674	183196.99999999997	2	1451132	2	8031619	18	2719067
N340	1200	0	54	246	0.2	1	admixture	bcbhmm_ex	1599554	090	223410.975609756	0.82	1	0.901098901098901	0.964	0	0.18	303156	0.002416	174340.615857674	183196.99999999997	2	1451132	2	8031619	18	2719067
N340	1200	0	38	262	0.2	1	admixture	pbphmm_ex	1599554	090	223410.975609756	0.873333333333333	1	0.932384341637011	0.974666666666667	0	0.126666666666667	303156	0.002416	174340.615857674	183196.99999999997	2	1451132	2	8031619	18	2719067
N340	1199	1	300	0	0.2	1	admixture	gqshmm	1599554	090	223410.975609756	0	0	0	0.799333333333333	0.000833333333333333	1	303156	0.002416	174340.615857674	183196.99999999997	2	1451132	2	8031619	18	2719067
N340	1332	18	11	139	0.1	1	admixture	cqshmm_ex	1599554	090	223410.975609756	0.926666666666667	0.885350318471338	0.905537459283388	0.980666666666667	0.0133333333333333	0.0733333333333333	303156	0.002416	174340.615857674	183196.99999999997	2	1451132	2	8031619	18	2719067
N340	990	360	65	85	0.1	1	admixture	gqshmm_ex	1599554	090	223410.975609756	0.566666666666667	0.191011235955056	0.285714285714286	0.716666666666667	0.266666666666667	0.433333333333333	303156	0.002416	174340.615857674	183196.99999999997	2	1451132	2	8031619	18	2719067
N340	1350	0	150	0	0.1	1	admixture	dtohmm	1599554	090	223410.975609756	0	NA	0	0.9	0	1	303156	0.002416	174340.615857674	183196.99999999997	2	1451132	2	8031619	18	2719067
N340	1350	0	150	0	0.1	1	admixture	bcbhmm	1599554	090	223410.975609756	0	NA	0	0.9	0	1	303156	0.002416	174340.615857674	183196.99999999997	2	1451132	2	8031619	18	2719067
N340	1348	2	11	139	0.1	1	admixture	bcbhmm_ex	1599554	090	223410.975609756	0.926666666666667	0.985815602836879	0.9553264604811	0.991333333333333	0.00148148148148148	0.0733333333333333	303156	0.002416	174340.615857674	183196.99999999997	2	1451132	2	8031619	18	2719067
N340	1470	0	30	0	0.02	1	admixture	dtohmm	1599554	090	223410.975609756	0	NA	0	0.98	0	1	303156	0.002416	174340.615857674	183196.99999999997	2	1451132	2	8031619	18	2719067
N340	851	574	57	18	0.05	1	admixture	mlthmm_ex	1599554	090	223410.975609756	0.24	0.0304054054054054	0.0539730134932534	0.579333333333333	0.40280701754386	0.76	303156	0.002416	174340.615857674	183196.99999999997	2	1451132	2	8031619	18	2719067
N340	1425	0	75	0	0.05	1	admixture	cqshmm	1599554	090	223410.975609756	0	NA	0	0.95	0	1	303156	0.002416	174340.615857674	183196.99999999997	2	1451132	2	8031619	18	2719067
N340	941	334	95	130	0.15	1	admixture	gqshmm_ex	1599554	090	223410.975609756	0.577777777777778	0.280172413793103	0.377358490566038	0.714	0.261960784313725	0.422222222222222	303156	0.002416	174340.615857674	183196.99999999997	2	1451132	2	8031619	18	2719067
N340	908	442	142	8	0.1	1	admixture	mlthmm_ex	1599554	090	223410.975609756	0.0533333333333333	0.0177777777777778	0.0266666666666667	0.610666666666667	0.327407407407407	0.946666666666667	303156	0.002416	174340.615857674	183196.99999999997	2	1451132	2	8031619	18	2719067
N340	1275	0	25	200	0.15	1	admixture	pbphmm_ex	1599554	090	223410.975609756	0.888888888888889	1	0.941176470588235	0.983333333333333	0	0.111111111111111	303156	0.002416	174340.615857674	183196.99999999997	2	1451132	2	8031619	18	2719067
N340	1274	1	225	0	0.15	1	admixture	gqshmm	1599554	090	223410.975609756	0	0	0	0.849333333333333	0.000784313725490196	1	303156	0.002416	174340.615857674	183196.99999999997	2	1451132	2	8031619	18	2719067
N340	1275	0	225	0	0.15	1	admixture	pbphmm	1599554	090	223410.975609756	0	NA	0	0.85	0	1	303156	0.002416	174340.615857674	183196.99999999997	2	1451132	2	8031619	18	2719067
N340	1125	0	18	357	0.25	1	admixture	cqshmm_ex	1599554	090	223410.975609756	0.952	1	0.975409836065574	0.988	0	0.048	303156	0.002416	174340.615857674	183196.99999999997	2	1451132	2	8031619	18	2719067
N340	1125	0	375	0	0.25	1	admixture	mlthmm	1599554	090	223410.975609756	0	NA	0	0.75	0	1	303156	0.002416	174340.615857674	183196.99999999997	2	1451132	2	8031619	18	2719067
N340	1125	0	375	0	0.25	1	admixture	phlag_dto_eap01_ena4_esp001	1599554	090	0.506504476070404	0	NA	0	0.75	0	1	303156	0.002416	174340.615857674	183196.99999999997	2	1451132	2	8031619	18	2719067
N340	1348	2	11	139	0.1	1	admixture	phlag_dto_eap01_ena4_esp001_ex	1599554	090	0.569827616214752	0.926666666666667	0.985815602836879	0.9553264604811	0.991333333333333	0.00148148148148148	0.0733333333333333	303156	0.002416	174340.615857674	183196.99999999997	2	1451132	2	8031619	18	2719067
N340	1275	0	25	200	0.15	1	admixture	cqshmm_ex	1599554	090	223410.975609756	0.888888888888889	1	0.941176470588235	0.983333333333333	0	0.111111111111111	303156	0.002416	174340.615857674	183196.99999999997	2	1451132	2	8031619	18	2719067
N340	1411	14	64	11	0.05	1	admixture	dtohmm_ex	1599554	090	223410.975609756	0.146666666666667	0.44	0.22	0.948	0.00982456140350877	0.853333333333333	303156	0.002416	174340.615857674	183196.99999999997	2	1451132	2	8031619	18	2719067
N340	1125	0	18	357	0.25	1	admixture	pbphmm_ex	1599554	090	223410.975609756	0.952	1	0.975409836065574	0.988	0	0.048	303156	0.002416	174340.615857674	183196.99999999997	2	1451132	2	8031619	18	2719067
N340	1275	0	225	0	0.15	1	admixture	phlag_dto_eap01_ena4_esp001	1599554	090	0.548847794532776	0	NA	0	0.85	0	1	303156	0.002416	174340.615857674	183196.99999999997	2	1451132	2	8031619	18	2719067
N340	1124	1	375	0	0.25	1	admixture	gqshmm	1599554	090	223410.975609756	0	0	0	0.749333333333333	0.000888888888888889	1	303156	0.002416	174340.615857674	183196.99999999997	2	1451132	2	8031619	18	2719067
N340	1125	0	375	0	0.25	1	admixture	pbphmm	1599554	090	223410.975609756	0	NA	0	0.75	0	1	303156	0.002416	174340.615857674	183196.99999999997	2	1451132	2	8031619	18	2719067
N340	1275	0	225	0	0.15	1	admixture	dtohmm	1599554	090	223410.975609756	0	NA	0	0.85	0	1	303156	0.002416	174340.615857674	183196.99999999997	2	1451132	2	8031619	18	2719067
N340	1350	0	150	0	0.1	1	admixture	cqshmm	1599554	090	223410.975609756	0	NA	0	0.9	0	1	303156	0.002416	174340.615857674	183196.99999999997	2	1451132	2	8031619	18	2719067
N340	1350	0	150	0	0.1	1	admixture	mlthmm	1599554	090	223410.975609756	0	NA	0	0.9	0	1	303156	0.002416	174340.615857674	183196.99999999997	2	1451132	2	8031619	18	2719067
N340	1125	0	375	0	0.25	1	admixture	cqshmm	1599554	090	223410.975609756	0	NA	0	0.75	0	1	303156	0.002416	174340.615857674	183196.99999999997	2	1451132	2	8031619	18	2719067
N340	1125	0	18	357	0.25	1	admixture	bcbhmm_ex	1599554	090	223410.975609756	0.952	1	0.975409836065574	0.988	0	0.048	303156	0.002416	174340.615857674	183196.99999999997	2	1451132	2	8031619	18	2719067
N340	1425	0	75	0	0.05	1	admixture	pbphmm	1599554	090	223410.975609756	0	NA	0	0.95	0	1	303156	0.002416	174340.615857674	183196.99999999997	2	1451132	2	8031619	18	2719067
N340	833	292	181	194	0.25	1	admixture	gqshmm_ex	1599554	090	223410.975609756	0.517333333333333	0.39917695473251	0.450638792102207	0.684666666666667	0.259555555555556	0.482666666666667	303156	0.002416	174340.615857674	183196.99999999997	2	1451132	2	8031619	18	2719067
N340	1125	0	375	0	0.25	1	admixture	bcbhmm	1599554	090	223410.975609756	0	NA	0	0.75	0	1	303156	0.002416	174340.615857674	183196.99999999997	2	1451132	2	8031619	18	2719067
N340	1425	0	75	0	0.05	1	admixture	bcbhmm	1599554	090	223410.975609756	0	NA	0	0.95	0	1	303156	0.002416	174340.615857674	183196.99999999997	2	1451132	2	8031619	18	2719067
N340	1331	94	62	13	0.05	1	admixture	bcbhmm_ex	1599554	090	223410.975609756	0.173333333333333	0.121495327102804	0.142857142857143	0.896	0.0659649122807018	0.826666666666667	303156	0.002416	174340.615857674	183196.99999999997	2	1451132	2	8031619	18	2719067
N340	1424	1	75	0	0.05	1	admixture	gqshmm	1599554	090	223410.975609756	0	0	0	0.949333333333333	0.000701754385964912	1	303156	0.002416	174340.615857674	183196.99999999997	2	1451132	2	8031619	18	2719067
N340	1125	0	18	357	0.25	1	admixture	mlthmm_ex	1599554	090	223410.975609756	0.952	1	0.975409836065574	0.988	0	0.048	303156	0.002416	174340.615857674	183196.99999999997	2	1451132	2	8031619	18	2719067
N340	1125	0	18	357	0.25	1	admixture	dtohmm_ex	1599554	090	223410.975609756	0.952	1	0.975409836065574	0.988	0	0.048	303156	0.002416	174340.615857674	183196.99999999997	2	1451132	2	8031619	18	2719067
N340	1275	0	25	200	0.15	1	admixture	phlag_dto_eap01_ena4_esp001_ex	1599554	090	0.548847794532776	0.888888888888889	1	0.941176470588235	0.983333333333333	0	0.111111111111111	303156	0.002416	174340.615857674	183196.99999999997	2	1451132	2	8031619	18	2719067
N340	1125	0	18	357	0.25	1	admixture	phlag_dto_eap01_ena4_esp001_ex	1599554	090	0.506504476070404	0.952	1	0.975409836065574	0.988	0	0.048	303156	0.002416	174340.615857674	183196.99999999997	2	1451132	2	8031619	18	2719067
N340	1334	91	35	40	0.05	1	admixture	pbphmm_ex	1599554	090	223410.975609756	0.533333333333333	0.305343511450382	0.388349514563107	0.916	0.063859649122807	0.466666666666667	303156	0.002416	174340.615857674	183196.99999999997	2	1451132	2	8031619	18	2719067
N340	1125	0	375	0	0.25	1	admixture	dtohmm	1599554	090	223410.975609756	0	NA	0	0.75	0	1	303156	0.002416	174340.615857674	183196.99999999997	2	1451132	2	8031619	18	2719067
N367	1345	5	8	142	0.1	1	admixture	phlag_dto_eap01_ena4_esp001_ex	2399554	090	1.67729687690735	0.946666666666667	0.965986394557823	0.956228956228956	0.991333333333333	0.0037037037037037	0.0533333333333333	483034	0.007787	113649.567648276	490548.99999999994	2	2341071	2	7449032	13	4191593
N367	926	199	375	0	0.25	1	admixture	mlthmm	2399554	090	598230.487804878	0	0	0	0.617333333333333	0.176888888888889	1	483034	0.007787	113649.567648276	490548.99999999994	2	2341071	2	7449032	13	4191593
N367	986	139	375	0	0.25	1	admixture	bcbhmm	2399554	090	598230.487804878	0	0	0	0.657333333333333	0.123555555555556	1	483034	0.007787	113649.567648276	490548.99999999994	2	2341071	2	7449032	13	4191593
N367	1425	0	75	0	0.05	1	admixture	phlag_dto_eap01_ena4_esp001	2399554	090	1.85846710205078	0	NA	0	0.95	0	1	483034	0.007787	113649.567648276	490548.99999999994	2	2341071	2	7449032	13	4191593
N367	1415	10	75	0	0.05	1	admixture	dtohmm	2399554	090	598230.487804878	0	0	0	0.943333333333333	0.00701754385964912	1	483034	0.007787	113649.567648276	490548.99999999994	2	2341071	2	7449032	13	4191593
N367	1125	0	2	373	0.25	1	admixture	bcbhmm_ex	2399554	090	598230.487804878	0.994666666666667	1	0.997326203208556	0.998666666666667	0	0.00533333333333333	483034	0.007787	113649.567648276	490548.99999999994	2	2341071	2	7449032	13	4191593
N367	1296	129	46	29	0.05	1	admixture	cqshmm_ex	2399554	090	598230.487804878	0.386666666666667	0.183544303797468	0.248927038626609	0.883333333333333	0.0905263157894737	0.613333333333333	483034	0.007787	113649.567648276	490548.99999999994	2	2341071	2	7449032	13	4191593
N367	1116	9	375	0	0.25	1	admixture	cqshmm	2399554	090	598230.487804878	0	0	0	0.744	0.008	1	483034	0.007787	113649.567648276	490548.99999999994	2	2341071	2	7449032	13	4191593
N367	1425	0	2	73	0.05	1	admixture	bcbhmm_ex	2399554	090	598230.487804878	0.973333333333333	1	0.986486486486487	0.998666666666667	0	0.0266666666666667	483034	0.007787	113649.567648276	490548.99999999994	2	2341071	2	7449032	13	4191593
N367	1343	82	75	0	0.05	1	admixture	mlthmm	2399554	090	598230.487804878	0	0	0	0.895333333333333	0.0575438596491228	1	483034	0.007787	113649.567648276	490548.99999999994	2	2341071	2	7449032	13	4191593
N367	1340	10	150	0	0.1	1	admixture	dtohmm	2399554	090	598230.487804878	0	0	0	0.893333333333333	0.00740740740740741	1	483034	0.007787	113649.567648276	490548.99999999994	2	2341071	2	7449032	13	4191593
N367	1343	7	150	0	0.1	1	admixture	gqshmm_ex	2399554	090	598230.487804878	0	0	0	0.895333333333333	0.00518518518518519	1	483034	0.007787	113649.567648276	490548.99999999994	2	2341071	2	7449032	13	4191593
N367	1419	6	75	0	0.05	1	admixture	cqshmm	2399554	090	598230.487804878	0	0	0	0.946	0.00421052631578947	1	483034	0.007787	113649.567648276	490548.99999999994	2	2341071	2	7449032	13	4191593
N367	1125	0	2	373	0.25	1	admixture	pbphmm_ex	2399554	090	598230.487804878	0.994666666666667	1	0.997326203208556	0.998666666666667	0	0.00533333333333333	483034	0.007787	113649.567648276	490548.99999999994	2	2341071	2	7449032	13	4191593
N367	1418	7	75	0	0.05	1	admixture	gqshmm_ex	2399554	090	598230.487804878	0	0	0	0.945333333333333	0.00491228070175439	1	483034	0.007787	113649.567648276	490548.99999999994	2	2341071	2	7449032	13	4191593
N367	1406	64	30	0	0.02	1	admixture	phlag_dto_eap01_ena4_esp001	2399554	090	1.95248627662659	0	0	0	0.937333333333333	0.0435374149659864	1	483034	0.007787	113649.567648276	490548.99999999994	2	2341071	2	7449032	13	4191593
N367	1463	7	30	0	0.02	1	admixture	gqshmm_ex	2399554	090	598230.487804878	0	0	0	0.975333333333333	0.00476190476190476	1	483034	0.007787	113649.567648276	490548.99999999994	2	2341071	2	7449032	13	4191593
N367	1125	0	2	373	0.25	1	admixture	phlag_dto_eap01_ena4_esp001_ex	2399554	090	1.46596372127533	0.994666666666667	1	0.997326203208556	0.998666666666667	0	0.00533333333333333	483034	0.007787	113649.567648276	490548.99999999994	2	2341071	2	7449032	13	4191593
N367	1449	21	30	0	0.02	1	admixture	cqshmm_ex	2399554	090	598230.487804878	0	0	0	0.966	0.0142857142857143	1	483034	0.007787	113649.567648276	490548.99999999994	2	2341071	2	7449032	13	4191593
N367	1461	9	30	0	0.02	1	admixture	phlag_dto_eap01_ena4_esp001_ex	2399554	090	1.95248627662659	0	0	0	0.974	0.00612244897959184	1	483034	0.007787	113649.567648276	490548.99999999994	2	2341071	2	7449032	13	4191593
N367	1253	22	225	0	0.15	1	admixture	dtohmm	2399554	090	598230.487804878	0	0	0	0.835333333333333	0.0172549019607843	1	483034	0.007787	113649.567648276	490548.99999999994	2	2341071	2	7449032	13	4191593
N367	1247	28	12	213	0.15	1	admixture	phlag_dto_eap01_ena4_esp001_ex	2399554	090	1.63022875785828	0.946666666666667	0.883817427385892	0.914163090128755	0.973333333333333	0.0219607843137255	0.0533333333333333	483034	0.007787	113649.567648276	490548.99999999994	2	2341071	2	7449032	13	4191593
N367	1412	13	75	0	0.05	1	admixture	pbphmm_ex	2399554	090	598230.487804878	0	0	0	0.941333333333333	0.00912280701754386	1	483034	0.007787	113649.567648276	490548.99999999994	2	2341071	2	7449032	13	4191593
N367	1027	98	239	136	0.25	1	admixture	cqshmm_ex	2399554	090	598230.487804878	0.362666666666667	0.581196581196581	0.446633825944171	0.775333333333333	0.0871111111111111	0.637333333333333	483034	0.007787	113649.567648276	490548.99999999994	2	2341071	2	7449032	13	4191593
N367	1324	101	75	0	0.05	1	admixture	mlthmm_ex	2399554	090	598230.487804878	0	0	0	0.882666666666667	0.0708771929824561	1	483034	0.007787	113649.567648276	490548.99999999994	2	2341071	2	7449032	13	4191593
N367	1122	3	372	3	0.25	1	admixture	gqshmm_ex	2399554	090	598230.487804878	0.008	0.5	0.015748031496063	0.75	0.00266666666666667	0.992	483034	0.007787	113649.567648276	490548.99999999994	2	2341071	2	7449032	13	4191593
N367	1104	21	375	0	0.25	1	admixture	dtohmm	2399554	090	598230.487804878	0	0	0	0.736	0.0186666666666667	1	483034	0.007787	113649.567648276	490548.99999999994	2	2341071	2	7449032	13	4191593
N367	1194	6	298	2	0.2	1	admixture	gqshmm_ex	2399554	090	598230.487804878	0.00666666666666667	0.25	0.012987012987013	0.797333333333333	0.005	0.993333333333333	483034	0.007787	113649.567648276	490548.99999999994	2	2341071	2	7449032	13	4191593
N367	1192	8	300	0	0.2	1	admixture	dtohmm	2399554	090	598230.487804878	0	0	0	0.794666666666667	0.00666666666666667	1	483034	0.007787	113649.567648276	490548.99999999994	2	2341071	2	7449032	13	4191593
N367	1032	93	371	4	0.25	1	admixture	gqshmm	2399554	090	598230.487804878	0.0106666666666667	0.0412371134020619	0.0169491525423729	0.690666666666667	0.0826666666666667	0.989333333333333	483034	0.007787	113649.567648276	490548.99999999994	2	2341071	2	7449032	13	4191593
N367	1460	10	30	0	0.02	1	admixture	dtohmm	2399554	090	598230.487804878	0	0	0	0.973333333333333	0.00680272108843537	1	483034	0.007787	113649.567648276	490548.99999999994	2	2341071	2	7449032	13	4191593
N367	1395	30	2	73	0.05	1	admixture	phlag_dto_eap01_ena4_esp001_ex	2399554	090	1.85846710205078	0.973333333333333	0.70873786407767	0.820224719101124	0.978666666666667	0.0210526315789474	0.0266666666666667	483034	0.007787	113649.567648276	490548.99999999994	2	2341071	2	7449032	13	4191593
N367	1097	28	375	0	0.25	1	admixture	pbphmm	2399554	090	598230.487804878	0	0	0	0.731333333333333	0.0248888888888889	1	483034	0.007787	113649.567648276	490548.99999999994	2	2341071	2	7449032	13	4191593
N367	1032	93	371	4	0.25	1	admixture	dtohmm_ex	2399554	090	598230.487804878	0.0106666666666667	0.0412371134020619	0.0169491525423729	0.690666666666667	0.0826666666666667	0.989333333333333	483034	0.007787	113649.567648276	490548.99999999994	2	2341071	2	7449032	13	4191593
N367	1125	0	2	373	0.25	1	admixture	mlthmm_ex	2399554	090	598230.487804878	0.994666666666667	1	0.997326203208556	0.998666666666667	0	0.00533333333333333	483034	0.007787	113649.567648276	490548.99999999994	2	2341071	2	7449032	13	4191593
N367	1440	30	30	0	0.02	1	admixture	bcbhmm_ex	2399554	090	598230.487804878	0	0	0	0.96	0.0204081632653061	1	483034	0.007787	113649.567648276	490548.99999999994	2	2341071	2	7449032	13	4191593
N367	1246	104	150	0	0.1	1	admixture	mlthmm	2399554	090	598230.487804878	0	0	0	0.830666666666667	0.077037037037037	1	483034	0.007787	113649.567648276	490548.99999999994	2	2341071	2	7449032	13	4191593
N367	1085	40	0	375	0.25	1	admixture	phlag_dto_eap01_ena4_esp001	2399554	090	1.46596372127533	1	0.903614457831325	0.949367088607595	0.973333333333333	0.0355555555555556	0	483034	0.007787	113649.567648276	490548.99999999994	2	2341071	2	7449032	13	4191593
N367	1350	0	150	0	0.1	1	admixture	phlag_dto_eap01_ena4_esp001	2399554	090	1.67729687690735	0	NA	0	0.9	0	1	483034	0.007787	113649.567648276	490548.99999999994	2	2341071	2	7449032	13	4191593
N367	1405	20	74	1	0.05	1	admixture	dtohmm_ex	2399554	090	598230.487804878	0.0133333333333333	0.0476190476190476	0.0208333333333333	0.937333333333333	0.0140350877192982	0.986666666666667	483034	0.007787	113649.567648276	490548.99999999994	2	2341071	2	7449032	13	4191593
N367	1120	80	0	300	0.2	1	admixture	phlag_dto_eap01_ena4_esp001	2399554	090	1.49230766296387	1	0.789473684210526	0.88235294117647	0.946666666666667	0.0666666666666667	0	483034	0.007787	113649.567648276	490548.99999999994	2	2341071	2	7449032	13	4191593
N367	1339	11	150	0	0.1	1	admixture	bcbhmm	2399554	090	598230.487804878	0	0	0	0.892666666666667	0.00814814814814815	1	483034	0.007787	113649.567648276	490548.99999999994	2	2341071	2	7449032	13	4191593
N367	1177	23	0	300	0.2	1	admixture	phlag_dto_eap01_ena4_esp001_ex	2399554	090	1.49230766296387	1	0.928792569659443	0.963081861958267	0.984666666666667	0.0191666666666667	0	483034	0.007787	113649.567648276	490548.99999999994	2	2341071	2	7449032	13	4191593
N367	1161	114	140	85	0.15	1	admixture	cqshmm_ex	2399554	090	598230.487804878	0.377777777777778	0.42713567839196	0.400943396226415	0.830666666666667	0.0894117647058824	0.622222222222222	483034	0.007787	113649.567648276	490548.99999999994	2	2341071	2	7449032	13	4191593
N367	1193	82	0	225	0.15	1	admixture	phlag_dto_eap01_ena4_esp001	2399554	090	1.63022875785828	1	0.732899022801303	0.845864661654135	0.945333333333333	0.0643137254901961	0	483034	0.007787	113649.567648276	490548.99999999994	2	2341071	2	7449032	13	4191593
N367	1318	32	150	0	0.1	1	admixture	pbphmm	2399554	090	598230.487804878	0	0	0	0.878666666666667	0.0237037037037037	1	483034	0.007787	113649.567648276	490548.99999999994	2	2341071	2	7449032	13	4191593
N367	1270	5	223	2	0.15	1	admixture	gqshmm_ex	2399554	090	598230.487804878	0.00888888888888889	0.285714285714286	0.0172413793103448	0.848	0.00392156862745098	0.991111111111111	483034	0.007787	113649.567648276	490548.99999999994	2	2341071	2	7449032	13	4191593
N367	1229	121	87	63	0.1	1	admixture	dtohmm_ex	2399554	090	598230.487804878	0.42	0.342391304347826	0.377245508982036	0.861333333333333	0.0896296296296296	0.58	483034	0.007787	113649.567648276	490548.99999999994	2	2341071	2	7449032	13	4191593
N367	1350	0	8	142	0.1	1	admixture	mlthmm_ex	2399554	090	598230.487804878	0.946666666666667	1	0.972602739726027	0.994666666666667	0	0.0533333333333333	483034	0.007787	113649.567648276	490548.99999999994	2	2341071	2	7449032	13	4191593
N367	1437	33	30	0	0.02	1	admixture	pbphmm_ex	2399554	090	598230.487804878	0	0	0	0.958	0.0224489795918367	1	483034	0.007787	113649.567648276	490548.99999999994	2	2341071	2	7449032	13	4191593
N367	1221	129	87	63	0.1	1	admixture	cqshmm_ex	2399554	090	598230.487804878	0.42	0.328125	0.368421052631579	0.856	0.0955555555555556	0.58	483034	0.007787	113649.567648276	490548.99999999994	2	2341071	2	7449032	13	4191593
N367	1397	28	75	0	0.05	1	admixture	pbphmm	2399554	090	598230.487804878	0	0	0	0.931333333333333	0.0196491228070175	1	483034	0.007787	113649.567648276	490548.99999999994	2	2341071	2	7449032	13	4191593
N367	1442	28	30	0	0.02	1	admixture	pbphmm	2399554	090	598230.487804878	0	0	0	0.961333333333333	0.019047619047619	1	483034	0.007787	113649.567648276	490548.99999999994	2	2341071	2	7449032	13	4191593
N367	1447	23	30	0	0.02	1	admixture	dtohmm_ex	2399554	090	598230.487804878	0	0	0	0.964666666666667	0.0156462585034014	1	483034	0.007787	113649.567648276	490548.99999999994	2	2341071	2	7449032	13	4191593
N367	1342	128	29	1	0.02	1	admixture	mlthmm_ex	2399554	090	598230.487804878	0.0333333333333333	0.00775193798449612	0.0125786163522013	0.895333333333333	0.0870748299319728	0.966666666666667	483034	0.007787	113649.567648276	490548.99999999994	2	2341071	2	7449032	13	4191593
N367	1350	0	8	142	0.1	1	admixture	bcbhmm_ex	2399554	090	598230.487804878	0.946666666666667	1	0.972602739726027	0.994666666666667	0	0.0533333333333333	483034	0.007787	113649.567648276	490548.99999999994	2	2341071	2	7449032	13	4191593
N367	1350	0	8	142	0.1	1	admixture	pbphmm_ex	2399554	090	598230.487804878	0.946666666666667	1	0.972602739726027	0.994666666666667	0	0.0533333333333333	483034	0.007787	113649.567648276	490548.99999999994	2	2341071	2	7449032	13	4191593
N367	1230	120	148	2	0.1	1	admixture	gqshmm	2399554	090	598230.487804878	0.0133333333333333	0.0163934426229508	0.0147058823529412	0.821333333333333	0.0888888888888889	0.986666666666667	483034	0.007787	113649.567648276	490548.99999999994	2	2341071	2	7449032	13	4191593
N367	1191	84	224	1	0.15	1	admixture	mlthmm	2399554	090	598230.487804878	0.00444444444444444	0.0117647058823529	0.00645161290322581	0.794666666666667	0.0658823529411765	0.995555555555556	483034	0.007787	113649.567648276	490548.99999999994	2	2341071	2	7449032	13	4191593
N367	1192	8	300	0	0.2	1	admixture	bcbhmm	2399554	090	598230.487804878	0	0	0	0.794666666666667	0.00666666666666667	1	483034	0.007787	113649.567648276	490548.99999999994	2	2341071	2	7449032	13	4191593
N367	1199	1	2	298	0.2	1	admixture	bcbhmm_ex	2399554	090	598230.487804878	0.993333333333333	0.996655518394649	0.994991652754591	0.998	0.000833333333333333	0.00666666666666667	483034	0.007787	113649.567648276	490548.99999999994	2	2341071	2	7449032	13	4191593
N367	1455	15	30	0	0.02	1	admixture	bcbhmm	2399554	090	598230.487804878	0	0	0	0.97	0.0102040816326531	1	483034	0.007787	113649.567648276	490548.99999999994	2	2341071	2	7449032	13	4191593
N367	1344	6	150	0	0.1	1	admixture	cqshmm	2399554	090	598230.487804878	0	0	0	0.896	0.00444444444444444	1	483034	0.007787	113649.567648276	490548.99999999994	2	2341071	2	7449032	13	4191593
N367	1302	123	74	1	0.05	1	admixture	gqshmm	2399554	090	598230.487804878	0.0133333333333333	0.00806451612903226	0.0100502512562814	0.868666666666667	0.0863157894736842	0.986666666666667	483034	0.007787	113649.567648276	490548.99999999994	2	2341071	2	7449032	13	4191593
N367	1340	130	29	1	0.02	1	admixture	gqshmm	2399554	090	598230.487804878	0.0333333333333333	0.00763358778625954	0.0124223602484472	0.894	0.0884353741496599	0.966666666666667	483034	0.007787	113649.567648276	490548.99999999994	2	2341071	2	7449032	13	4191593
N367	1199	1	2	298	0.2	1	admixture	mlthmm_ex	2399554	090	598230.487804878	0.993333333333333	0.996655518394649	0.994991652754591	0.998	0.000833333333333333	0.00666666666666667	483034	0.007787	113649.567648276	490548.99999999994	2	2341071	2	7449032	13	4191593
N367	1194	6	300	0	0.2	1	admixture	cqshmm	2399554	090	598230.487804878	0	0	0	0.796	0.005	1	483034	0.007787	113649.567648276	490548.99999999994	2	2341071	2	7449032	13	4191593
N367	1186	14	300	0	0.2	1	admixture	mlthmm	2399554	090	598230.487804878	0	0	0	0.790666666666667	0.0116666666666667	1	483034	0.007787	113649.567648276	490548.99999999994	2	2341071	2	7449032	13	4191593
N367	1464	6	30	0	0.02	1	admixture	cqshmm	2399554	090	598230.487804878	0	0	0	0.976	0.00408163265306122	1	483034	0.007787	113649.567648276	490548.99999999994	2	2341071	2	7449032	13	4191593
N367	1384	86	30	0	0.02	1	admixture	mlthmm	2399554	090	598230.487804878	0	0	0	0.922666666666667	0.0585034013605442	1	483034	0.007787	113649.567648276	490548.99999999994	2	2341071	2	7449032	13	4191593
N367	1265	10	225	0	0.15	1	admixture	cqshmm	2399554	090	598230.487804878	0	0	0	0.843333333333333	0.00784313725490196	1	483034	0.007787	113649.567648276	490548.99999999994	2	2341071	2	7449032	13	4191593
N367	1409	16	74	1	0.05	1	admixture	bcbhmm	2399554	090	598230.487804878	0.0133333333333333	0.0588235294117647	0.0217391304347826	0.94	0.0112280701754386	0.986666666666667	483034	0.007787	113649.567648276	490548.99999999994	2	2341071	2	7449032	13	4191593
N367	1084	116	190	110	0.2	1	admixture	dtohmm_ex	2399554	090	598230.487804878	0.366666666666667	0.486725663716814	0.418250950570342	0.796	0.0966666666666667	0.633333333333333	483034	0.007787	113649.567648276	490548.99999999994	2	2341071	2	7449032	13	4191593
N367	1175	25	300	0	0.2	1	admixture	pbphmm	2399554	090	598230.487804878	0	0	0	0.783333333333333	0.0208333333333333	1	483034	0.007787	113649.567648276	490548.99999999994	2	2341071	2	7449032	13	4191593
N367	1162	113	141	84	0.15	1	admixture	dtohmm_ex	2399554	090	598230.487804878	0.373333333333333	0.426395939086294	0.398104265402844	0.830666666666667	0.0886274509803922	0.626666666666667	483034	0.007787	113649.567648276	490548.99999999994	2	2341071	2	7449032	13	4191593
N367	1198	77	224	1	0.15	1	admixture	bcbhmm	2399554	090	598230.487804878	0.00444444444444444	0.0128205128205128	0.0066006600660066	0.799333333333333	0.0603921568627451	0.995555555555556	483034	0.007787	113649.567648276	490548.99999999994	2	2341071	2	7449032	13	4191593
N367	1267	8	43	182	0.15	1	admixture	bcbhmm_ex	2399554	090	598230.487804878	0.808888888888889	0.957894736842105	0.87710843373494	0.966	0.00627450980392157	0.191111111111111	483034	0.007787	113649.567648276	490548.99999999994	2	2341071	2	7449032	13	4191593
N367	1085	115	189	111	0.2	1	admixture	cqshmm_ex	2399554	090	598230.487804878	0.37	0.491150442477876	0.422053231939163	0.797333333333333	0.0958333333333333	0.63	483034	0.007787	113649.567648276	490548.99999999994	2	2341071	2	7449032	13	4191593
N367	1247	28	12	213	0.15	1	admixture	pbphmm_ex	2399554	090	598230.487804878	0.946666666666667	0.883817427385892	0.914163090128755	0.973333333333333	0.0219607843137255	0.0533333333333333	483034	0.007787	113649.567648276	490548.99999999994	2	2341071	2	7449032	13	4191593
N367	1162	113	222	3	0.15	1	admixture	mlthmm_ex	2399554	090	598230.487804878	0.0133333333333333	0.0258620689655172	0.0175953079178886	0.776666666666667	0.0886274509803922	0.986666666666667	483034	0.007787	113649.567648276	490548.99999999994	2	2341071	2	7449032	13	4191593
N367	1199	1	2	298	0.2	1	admixture	pbphmm_ex	2399554	090	598230.487804878	0.993333333333333	0.996655518394649	0.994991652754591	0.998	0.000833333333333333	0.00666666666666667	483034	0.007787	113649.567648276	490548.99999999994	2	2341071	2	7449032	13	4191593
N367	1099	101	296	4	0.2	1	admixture	gqshmm	2399554	090	598230.487804878	0.0133333333333333	0.0380952380952381	0.0197530864197531	0.735333333333333	0.0841666666666667	0.986666666666667	483034	0.007787	113649.567648276	490548.99999999994	2	2341071	2	7449032	13	4191593
N367	1162	113	221	4	0.15	1	admixture	gqshmm	2399554	090	598230.487804878	0.0177777777777778	0.0341880341880342	0.0233918128654971	0.777333333333333	0.0886274509803922	0.982222222222222	483034	0.007787	113649.567648276	490548.99999999994	2	2341071	2	7449032	13	4191593
N367	1249	26	225	0	0.15	1	admixture	pbphmm	2399554	090	598230.487804878	0	0	0	0.832666666666667	0.0203921568627451	1	483034	0.007787	113649.567648276	490548.99999999994	2	2341071	2	7449032	13	4191593
N482	713	712	43	32	0.05	1	admixture	dtohmm	2599554	090	264339.024390244	0.426666666666667	0.043010752688172	0.0781440781440781	0.496666666666667	0.499649122807018	0.573333333333333	620332	0.003851	249682.796214153	216757.99999999997	2	2307241	2	7209071	25	4397724
N482	686	664	99	51	0.1	1	admixture	bcbhmm_ex	2599554	090	264339.024390244	0.34	0.0713286713286713	0.117919075144509	0.491333333333333	0.491851851851852	0.66	620332	0.003851	249682.796214153	216757.99999999997	2	2307241	2	7209071	25	4397724
N482	823	452	174	51	0.15	1	admixture	dtohmm_ex	2599554	090	264339.024390244	0.226666666666667	0.101391650099404	0.14010989010989	0.582666666666667	0.354509803921569	0.773333333333333	620332	0.003851	249682.796214153	216757.99999999997	2	2307241	2	7209071	25	4397724
N482	807	543	5	145	0.1	1	admixture	bcbhmm	2599554	090	264339.024390244	0.966666666666667	0.210755813953488	0.346062052505967	0.634666666666667	0.402222222222222	0.0333333333333333	620332	0.003851	249682.796214153	216757.99999999997	2	2307241	2	7209071	25	4397724
N482	833	592	32	43	0.05	1	admixture	bcbhmm	2599554	090	264339.024390244	0.573333333333333	0.0677165354330709	0.12112676056338	0.584	0.415438596491228	0.426666666666667	620332	0.003851	249682.796214153	216757.99999999997	2	2307241	2	7209071	25	4397724
N482	1198	2	1	299	0.2	1	admixture	phlag_dto_eap01_ena4_esp001_ex	2599554	090	0.733117580413818	0.996666666666667	0.993355481727575	0.995008319467554	0.998	0.00166666666666667	0.00333333333333333	620332	0.003851	249682.796214153	216757.99999999997	2	2307241	2	7209071	25	4397724
N482	809	616	44	31	0.05	1	admixture	gqshmm_ex	2599554	090	264339.024390244	0.413333333333333	0.0479134466769706	0.0858725761772853	0.56	0.432280701754386	0.586666666666667	620332	0.003851	249682.796214153	216757.99999999997	2	2307241	2	7209071	25	4397724
N482	1301	169	0	30	0.02	1	admixture	phlag_dto_eap01_ena4_esp001_ex	2599554	090	0.673465073108673	1	0.150753768844221	0.262008733624454	0.887333333333333	0.114965986394558	0	620332	0.003851	249682.796214153	216757.99999999997	2	2307241	2	7209071	25	4397724
N482	914	511	75	0	0.05	1	admixture	phlag_dto_eap01_ena4_esp001_ex	2599554	090	0.683818817138672	0	0	0	0.609333333333333	0.35859649122807	1	620332	0.003851	249682.796214153	216757.99999999997	2	2307241	2	7209071	25	4397724
N482	750	675	50	25	0.05	1	admixture	bcbhmm_ex	2599554	090	264339.024390244	0.333333333333333	0.0357142857142857	0.0645161290322581	0.516666666666667	0.473684210526316	0.666666666666667	620332	0.003851	249682.796214153	216757.99999999997	2	2307241	2	7209071	25	4397724
N482	1308	117	75	0	0.05	1	admixture	pbphmm_ex	2599554	090	264339.024390244	0	0	0	0.872	0.0821052631578947	1	620332	0.003851	249682.796214153	216757.99999999997	2	2307241	2	7209071	25	4397724
N482	1347	123	30	0	0.02	1	admixture	pbphmm_ex	2599554	090	264339.024390244	0	0	0	0.898	0.0836734693877551	1	620332	0.003851	249682.796214153	216757.99999999997	2	2307241	2	7209071	25	4397724
N482	1239	111	150	0	0.1	1	admixture	pbphmm_ex	2599554	090	264339.024390244	0	0	0	0.826	0.0822222222222222	1	620332	0.003851	249682.796214153	216757.99999999997	2	2307241	2	7209071	25	4397724
N482	1350	0	2	148	0.1	1	admixture	phlag_dto_eap01_ena4_esp001_ex	2599554	090	0.724632978439331	0.986666666666667	1	0.993288590604027	0.998666666666667	0	0.0133333333333333	620332	0.003851	249682.796214153	216757.99999999997	2	2307241	2	7209071	25	4397724
N482	1270	5	8	217	0.15	1	admixture	phlag_dto_eap01_ena4_esp001_ex	2599554	090	0.725202798843384	0.964444444444444	0.977477477477477	0.970917225950783	0.991333333333333	0.00392156862745098	0.0355555555555556	620332	0.003851	249682.796214153	216757.99999999997	2	2307241	2	7209071	25	4397724
N482	814	611	19	56	0.05	1	admixture	cqshmm_ex	2599554	090	264339.024390244	0.746666666666667	0.0839580209895052	0.150943396226415	0.58	0.428771929824561	0.253333333333333	620332	0.003851	249682.796214153	216757.99999999997	2	2307241	2	7209071	25	4397724
N482	1375	50	0	75	0.05	1	admixture	phlag_dto_eap01_ena4_esp001	2599554	090	0.683818817138672	1	0.6	0.75	0.966666666666667	0.0350877192982456	0	620332	0.003851	249682.796214153	216757.99999999997	2	2307241	2	7209071	25	4397724
N482	710	640	57	93	0.1	1	admixture	gqshmm	2599554	090	264339.024390244	0.62	0.1268758526603	0.210645526613817	0.535333333333333	0.474074074074074	0.38	620332	0.003851	249682.796214153	216757.99999999997	2	2307241	2	7209071	25	4397724
N482	764	706	17	13	0.02	1	admixture	bcbhmm_ex	2599554	090	264339.024390244	0.433333333333333	0.0180806675938804	0.0347129506008011	0.518	0.480272108843537	0.566666666666667	620332	0.003851	249682.796214153	216757.99999999997	2	2307241	2	7209071	25	4397724
N482	676	599	138	87	0.15	1	admixture	bcbhmm_ex	2599554	090	264339.024390244	0.386666666666667	0.126822157434402	0.190998902305159	0.508666666666667	0.469803921568627	0.613333333333333	620332	0.003851	249682.796214153	216757.99999999997	2	2307241	2	7209071	25	4397724
N482	1179	96	225	0	0.15	1	admixture	pbphmm_ex	2599554	090	264339.024390244	0	0	0	0.786	0.0752941176470588	1	620332	0.003851	249682.796214153	216757.99999999997	2	2307241	2	7209071	25	4397724
N482	613	587	192	108	0.2	1	admixture	dtohmm	2599554	090	264339.024390244	0.36	0.155395683453237	0.217085427135678	0.480666666666667	0.489166666666667	0.64	620332	0.003851	249682.796214153	216757.99999999997	2	2307241	2	7209071	25	4397724
N482	1072	203	225	0	0.15	1	admixture	dtohmm	2599554	090	264339.024390244	0	0	0	0.714666666666667	0.15921568627451	1	620332	0.003851	249682.796214153	216757.99999999997	2	2307241	2	7209071	25	4397724
N482	865	485	110	40	0.1	1	admixture	dtohmm_ex	2599554	090	264339.024390244	0.266666666666667	0.0761904761904762	0.118518518518519	0.603333333333333	0.359259259259259	0.733333333333333	620332	0.003851	249682.796214153	216757.99999999997	2	2307241	2	7209071	25	4397724
N482	853	497	108	42	0.1	1	admixture	mlthmm_ex	2599554	090	264339.024390244	0.28	0.0779220779220779	0.121915820029028	0.596666666666667	0.368148148148148	0.72	620332	0.003851	249682.796214153	216757.99999999997	2	2307241	2	7209071	25	4397724
N482	744	681	26	49	0.05	1	admixture	gqshmm	2599554	090	264339.024390244	0.653333333333333	0.0671232876712329	0.121739130434783	0.528666666666667	0.477894736842105	0.346666666666667	620332	0.003851	249682.796214153	216757.99999999997	2	2307241	2	7209071	25	4397724
N482	877	398	25	200	0.15	1	admixture	bcbhmm	2599554	090	264339.024390244	0.888888888888889	0.334448160535117	0.486026731470231	0.718	0.312156862745098	0.111111111111111	620332	0.003851	249682.796214153	216757.99999999997	2	2307241	2	7209071	25	4397724
N482	926	499	56	19	0.05	1	admixture	mlthmm	2599554	090	264339.024390244	0.253333333333333	0.0366795366795367	0.0640809443507589	0.63	0.350175438596491	0.746666666666667	620332	0.003851	249682.796214153	216757.99999999997	2	2307241	2	7209071	25	4397724
N482	1319	31	0	150	0.1	1	admixture	phlag_dto_eap01_ena4_esp001	2599554	090	0.724632978439331	1	0.828729281767956	0.906344410876133	0.979333333333333	0.022962962962963	0	620332	0.003851	249682.796214153	216757.99999999997	2	2307241	2	7209071	25	4397724
N482	867	483	114	36	0.1	1	admixture	gqshmm_ex	2599554	090	264339.024390244	0.24	0.069364161849711	0.10762331838565	0.602	0.357777777777778	0.76	620332	0.003851	249682.796214153	216757.99999999997	2	2307241	2	7209071	25	4397724
N482	827	448	175	50	0.15	1	admixture	mlthmm_ex	2599554	090	264339.024390244	0.222222222222222	0.100401606425703	0.138312586445367	0.584666666666667	0.351372549019608	0.777777777777778	620332	0.003851	249682.796214153	216757.99999999997	2	2307241	2	7209071	25	4397724
N482	758	592	145	5	0.1	1	admixture	dtohmm	2599554	090	264339.024390244	0.0333333333333333	0.0083752093802345	0.0133868808567604	0.508666666666667	0.438518518518519	0.966666666666667	620332	0.003851	249682.796214153	216757.99999999997	2	2307241	2	7209071	25	4397724
N482	857	613	30	0	0.02	1	admixture	bcbhmm	2599554	090	264339.024390244	0	0	0	0.571333333333333	0.417006802721088	1	620332	0.003851	249682.796214153	216757.99999999997	2	2307241	2	7209071	25	4397724
N482	1109	16	0	375	0.25	1	admixture	dtohmm	2599554	090	264339.024390244	1	0.959079283887468	0.97911227154047	0.989333333333333	0.0142222222222222	0	620332	0.003851	249682.796214153	216757.99999999997	2	2307241	2	7209071	25	4397724
N482	1109	16	0	375	0.25	1	admixture	phlag_dto_eap01_ena4_esp001	2599554	090	0.823691368103027	1	0.959079283887468	0.97911227154047	0.989333333333333	0.0142222222222222	0	620332	0.003851	249682.796214153	216757.99999999997	2	2307241	2	7209071	25	4397724
N482	1275	0	225	0	0.15	1	admixture	pbphmm	2599554	090	264339.024390244	0	NA	0	0.85	0	1	620332	0.003851	249682.796214153	216757.99999999997	2	2307241	2	7209071	25	4397724
N482	1425	0	75	0	0.05	1	admixture	pbphmm	2599554	090	264339.024390244	0	NA	0	0.95	0	1	620332	0.003851	249682.796214153	216757.99999999997	2	2307241	2	7209071	25	4397724
N482	1350	0	150	0	0.1	1	admixture	pbphmm	2599554	090	264339.024390244	0	NA	0	0.9	0	1	620332	0.003851	249682.796214153	216757.99999999997	2	2307241	2	7209071	25	4397724
N482	620	655	147	78	0.15	1	admixture	gqshmm	2599554	090	264339.024390244	0.346666666666667	0.106412005457026	0.162839248434238	0.465333333333333	0.513725490196078	0.653333333333333	620332	0.003851	249682.796214153	216757.99999999997	2	2307241	2	7209071	25	4397724
N482	711	564	133	92	0.15	1	admixture	gqshmm_ex	2599554	090	264339.024390244	0.408888888888889	0.140243902439024	0.208853575482406	0.535333333333333	0.442352941176471	0.591111111111111	620332	0.003851	249682.796214153	216757.99999999997	2	2307241	2	7209071	25	4397724
N482	872	478	111	39	0.1	1	admixture	mlthmm	2599554	090	264339.024390244	0.26	0.0754352030947776	0.116941529235382	0.607333333333333	0.354074074074074	0.74	620332	0.003851	249682.796214153	216757.99999999997	2	2307241	2	7209071	25	4397724
N482	825	645	15	15	0.02	1	admixture	gqshmm_ex	2599554	090	264339.024390244	0.5	0.0227272727272727	0.0434782608695652	0.56	0.438775510204082	0.5	620332	0.003851	249682.796214153	216757.99999999997	2	2307241	2	7209071	25	4397724
N482	760	710	15	15	0.02	1	admixture	dtohmm	2599554	090	264339.024390244	0.5	0.0206896551724138	0.0397350993377483	0.516666666666667	0.482993197278912	0.5	620332	0.003851	249682.796214153	216757.99999999997	2	2307241	2	7209071	25	4397724
N482	655	545	176	124	0.2	1	admixture	gqshmm_ex	2599554	090	264339.024390244	0.413333333333333	0.185351270553064	0.25593395252838	0.519333333333333	0.454166666666667	0.586666666666667	620332	0.003851	249682.796214153	216757.99999999997	2	2307241	2	7209071	25	4397724
N482	458	667	313	62	0.25	1	admixture	cqshmm_ex	2599554	090	264339.024390244	0.165333333333333	0.0850480109739369	0.11231884057971	0.346666666666667	0.592888888888889	0.834666666666667	620332	0.003851	249682.796214153	216757.99999999997	2	2307241	2	7209071	25	4397724
N482	639	486	289	86	0.25	1	admixture	gqshmm_ex	2599554	090	264339.024390244	0.229333333333333	0.15034965034965	0.181626187961985	0.483333333333333	0.432	0.770666666666667	620332	0.003851	249682.796214153	216757.99999999997	2	2307241	2	7209071	25	4397724
N482	621	654	148	77	0.15	1	admixture	cqshmm	2599554	090	264339.024390244	0.342222222222222	0.105335157318741	0.161087866108787	0.465333333333333	0.512941176470588	0.657777777777778	620332	0.003851	249682.796214153	216757.99999999997	2	2307241	2	7209071	25	4397724
N482	1119	6	1	374	0.25	1	admixture	phlag_dto_eap01_ena4_esp001_ex	2599554	090	0.823691368103027	0.997333333333333	0.984210526315789	0.990728476821192	0.995333333333333	0.00533333333333333	0.00266666666666667	620332	0.003851	249682.796214153	216757.99999999997	2	2307241	2	7209071	25	4397724
N482	773	697	8	22	0.02	1	admixture	gqshmm	2599554	090	264339.024390244	0.733333333333333	0.0305980528511822	0.0587449933244326	0.53	0.474149659863946	0.266666666666667	620332	0.003851	249682.796214153	216757.99999999997	2	2307241	2	7209071	25	4397724
N482	1470	0	30	0	0.02	1	admixture	pbphmm	2599554	090	264339.024390244	0	NA	0	0.98	0	1	620332	0.003851	249682.796214153	216757.99999999997	2	2307241	2	7209071	25	4397724
N482	527	673	240	60	0.2	1	admixture	cqshmm_ex	2599554	090	264339.024390244	0.2	0.0818553888130969	0.116166505324298	0.391333333333333	0.560833333333333	0.8	620332	0.003851	249682.796214153	216757.99999999997	2	2307241	2	7209071	25	4397724
N482	1021	254	200	25	0.15	1	admixture	mlthmm	2599554	090	264339.024390244	0.111111111111111	0.0896057347670251	0.0992063492063492	0.697333333333333	0.19921568627451	0.888888888888889	620332	0.003851	249682.796214153	216757.99999999997	2	2307241	2	7209071	25	4397724
N482	1316	34	0	150	0.1	1	admixture	cqshmm	2599554	090	264339.024390244	1	0.815217391304348	0.898203592814371	0.977333333333333	0.0251851851851852	0	620332	0.003851	249682.796214153	216757.99999999997	2	2307241	2	7209071	25	4397724
N482	1228	47	0	225	0.15	1	admixture	phlag_dto_eap01_ena4_esp001	2599554	090	0.725202798843384	1	0.827205882352941	0.905432595573441	0.968666666666667	0.0368627450980392	0	620332	0.003851	249682.796214153	216757.99999999997	2	2307241	2	7209071	25	4397724
N482	1152	48	300	0	0.2	1	admixture	pbphmm_ex	2599554	090	264339.024390244	0	0	0	0.768	0.04	1	620332	0.003851	249682.796214153	216757.99999999997	2	2307241	2	7209071	25	4397724
N482	1175	25	3	297	0.2	1	admixture	phlag_dto_eap01_ena4_esp001	2599554	090	0.733117580413818	0.99	0.922360248447205	0.954983922829582	0.981333333333333	0.0208333333333333	0.01	620332	0.003851	249682.796214153	216757.99999999997	2	2307241	2	7209071	25	4397724
N482	756	369	320	55	0.25	1	admixture	mlthmm	2599554	090	264339.024390244	0.146666666666667	0.129716981132075	0.137672090112641	0.540666666666667	0.328	0.853333333333333	620332	0.003851	249682.796214153	216757.99999999997	2	2307241	2	7209071	25	4397724
N482	621	579	197	103	0.2	1	admixture	bcbhmm_ex	2599554	090	264339.024390244	0.343333333333333	0.151026392961877	0.209775967413442	0.482666666666667	0.4825	0.656666666666667	620332	0.003851	249682.796214153	216757.99999999997	2	2307241	2	7209071	25	4397724
N482	951	519	24	6	0.02	1	admixture	mlthmm	2599554	090	264339.024390244	0.2	0.0114285714285714	0.0216216216216216	0.638	0.353061224489796	0.8	620332	0.003851	249682.796214153	216757.99999999997	2	2307241	2	7209071	25	4397724
N482	953	517	24	6	0.02	1	admixture	dtohmm_ex	2599554	090	264339.024390244	0.2	0.011472275334608	0.0216998191681736	0.639333333333333	0.351700680272109	0.8	620332	0.003851	249682.796214153	216757.99999999997	2	2307241	2	7209071	25	4397724
N482	564	636	196	104	0.2	1	admixture	gqshmm	2599554	090	264339.024390244	0.346666666666667	0.140540540540541	0.2	0.445333333333333	0.53	0.653333333333333	620332	0.003851	249682.796214153	216757.99999999997	2	2307241	2	7209071	25	4397724
N482	698	577	190	35	0.15	1	admixture	cqshmm_ex	2599554	090	264339.024390244	0.155555555555556	0.0571895424836601	0.0836320191158901	0.488666666666667	0.452549019607843	0.844444444444444	620332	0.003851	249682.796214153	216757.99999999997	2	2307241	2	7209071	25	4397724
N482	1004	196	30	270	0.2	1	admixture	bcbhmm	2599554	090	264339.024390244	0.9	0.579399141630901	0.704960835509138	0.849333333333333	0.163333333333333	0.1	620332	0.003851	249682.796214153	216757.99999999997	2	2307241	2	7209071	25	4397724
N482	820	650	9	21	0.02	1	admixture	cqshmm_ex	2599554	090	264339.024390244	0.7	0.0312965722801788	0.0599144079885877	0.560666666666667	0.442176870748299	0.3	620332	0.003851	249682.796214153	216757.99999999997	2	2307241	2	7209071	25	4397724
N482	812	538	86	64	0.1	1	admixture	cqshmm_ex	2599554	090	264339.024390244	0.426666666666667	0.106312292358804	0.170212765957447	0.584	0.398518518518518	0.573333333333333	620332	0.003851	249682.796214153	216757.99999999997	2	2307241	2	7209071	25	4397724
N482	1120	5	1	374	0.25	1	admixture	cqshmm	2599554	090	264339.024390244	0.997333333333333	0.986807387862797	0.992042440318302	0.996	0.00444444444444444	0.00266666666666667	620332	0.003851	249682.796214153	216757.99999999997	2	2307241	2	7209071	25	4397724
N482	924	501	56	19	0.05	1	admixture	dtohmm_ex	2599554	090	264339.024390244	0.253333333333333	0.0365384615384615	0.0638655462184874	0.628666666666667	0.351578947368421	0.746666666666667	620332	0.003851	249682.796214153	216757.99999999997	2	2307241	2	7209071	25	4397724
N482	913	512	56	19	0.05	1	admixture	mlthmm_ex	2599554	090	264339.024390244	0.253333333333333	0.0357815442561205	0.0627062706270627	0.621333333333333	0.359298245614035	0.746666666666667	620332	0.003851	249682.796214153	216757.99999999997	2	2307241	2	7209071	25	4397724
N482	1185	240	75	0	0.05	1	admixture	cqshmm	2599554	090	264339.024390244	0	0	0	0.79	0.168421052631579	1	620332	0.003851	249682.796214153	216757.99999999997	2	2307241	2	7209071	25	4397724
N482	504	621	365	10	0.25	1	admixture	bcbhmm	2599554	090	264339.024390244	0.0266666666666667	0.0158478605388273	0.0198807157057654	0.342666666666667	0.552	0.973333333333333	620332	0.003851	249682.796214153	216757.99999999997	2	2307241	2	7209071	25	4397724
N482	1172	28	0	300	0.2	1	admixture	cqshmm	2599554	090	264339.024390244	1	0.914634146341463	0.955414012738854	0.981333333333333	0.0233333333333333	0	620332	0.003851	249682.796214153	216757.99999999997	2	2307241	2	7209071	25	4397724
N482	940	530	24	6	0.02	1	admixture	mlthmm_ex	2599554	090	264339.024390244	0.2	0.0111940298507463	0.0212014134275618	0.630666666666667	0.360544217687075	0.8	620332	0.003851	249682.796214153	216757.99999999997	2	2307241	2	7209071	25	4397724
N482	757	713	0	30	0.02	1	admixture	cqshmm	2599554	090	264339.024390244	1	0.0403768506056528	0.0776196636481242	0.524666666666667	0.485034013605442	0	620332	0.003851	249682.796214153	216757.99999999997	2	2307241	2	7209071	25	4397724
N482	1470	0	30	0	0.02	1	admixture	phlag_dto_eap01_ena4_esp001	2599554	090	0.673465073108673	0	NA	0	0.98	0	1	620332	0.003851	249682.796214153	216757.99999999997	2	2307241	2	7209071	25	4397724
N482	783	417	234	66	0.2	1	admixture	mlthmm	2599554	090	264339.024390244	0.22	0.136645962732919	0.168582375478927	0.566	0.3475	0.78	620332	0.003851	249682.796214153	216757.99999999997	2	2307241	2	7209071	25	4397724
N482	549	576	249	126	0.25	1	admixture	gqshmm	2599554	090	264339.024390244	0.336	0.17948717948718	0.233983286908078	0.45	0.512	0.664	620332	0.003851	249682.796214153	216757.99999999997	2	2307241	2	7209071	25	4397724
N482	690	510	218	82	0.2	1	admixture	mlthmm_ex	2599554	090	264339.024390244	0.273333333333333	0.138513513513514	0.183856502242152	0.514666666666667	0.425	0.726666666666667	620332	0.003851	249682.796214153	216757.99999999997	2	2307241	2	7209071	25	4397724
N482	731	394	292	83	0.25	1	admixture	dtohmm_ex	2599554	090	264339.024390244	0.221333333333333	0.174004192872117	0.194835680751174	0.542666666666667	0.350222222222222	0.778666666666667	620332	0.003851	249682.796214153	216757.99999999997	2	2307241	2	7209071	25	4397724
N482	745	455	230	70	0.2	1	admixture	dtohmm_ex	2599554	090	264339.024390244	0.233333333333333	0.133333333333333	0.16969696969697	0.543333333333333	0.379166666666667	0.766666666666667	620332	0.003851	249682.796214153	216757.99999999997	2	2307241	2	7209071	25	4397724
N482	688	437	283	92	0.25	1	admixture	mlthmm_ex	2599554	090	264339.024390244	0.245333333333333	0.173913043478261	0.20353982300885	0.52	0.388444444444444	0.754666666666667	620332	0.003851	249682.796214153	216757.99999999997	2	2307241	2	7209071	25	4397724
N482	1160	40	300	0	0.2	1	admixture	pbphmm	2599554	090	264339.024390244	0	0	0	0.773333333333333	0.0333333333333333	1	620332	0.003851	249682.796214153	216757.99999999997	2	2307241	2	7209071	25	4397724
N482	582	543	234	141	0.25	1	admixture	bcbhmm_ex	2599554	090	264339.024390244	0.376	0.206140350877193	0.26628895184136	0.482	0.482666666666667	0.624	620332	0.003851	249682.796214153	216757.99999999997	2	2307241	2	7209071	25	4397724
N482	1060	65	375	0	0.25	1	admixture	pbphmm_ex	2599554	090	264339.024390244	0	0	0	0.706666666666667	0.0577777777777778	1	620332	0.003851	249682.796214153	216757.99999999997	2	2307241	2	7209071	25	4397724
N482	1125	0	375	0	0.25	1	admixture	pbphmm	2599554	090	264339.024390244	0	NA	0	0.75	0	1	620332	0.003851	249682.796214153	216757.99999999997	2	2307241	2	7209071	25	4397724
N491	597	528	264	111	0.25	1	admixture	mlthmm	2599554	090	418762.195121951	0.296	0.173708920187793	0.218934911242604	0.472	0.469333333333333	0.704	487398	0.007101	113454.135532504	343384.99999999994	3	2198148	3	7444791	27	5519513
N491	1095	30	0	375	0.25	1	admixture	cqshmm	2599554	090	418762.195121951	1	0.925925925925926	0.961538461538462	0.98	0.0266666666666667	0	487398	0.007101	113454.135532504	343384.99999999994	3	2198148	3	7444791	27	5519513
N491	1229	46	216	9	0.15	1	admixture	bcbhmm_ex	2599554	090	418762.195121951	0.04	0.163636363636364	0.0642857142857143	0.825333333333333	0.036078431372549	0.96	487398	0.007101	113454.135532504	343384.99999999994	3	2198148	3	7444791	27	5519513
N491	667	608	116	109	0.15	1	admixture	mlthmm	2599554	090	418762.195121951	0.484444444444444	0.152022315202232	0.231422505307856	0.517333333333333	0.476862745098039	0.515555555555556	487398	0.007101	113454.135532504	343384.99999999994	3	2198148	3	7444791	27	5519513
N491	806	469	106	119	0.15	1	admixture	cqshmm_ex	2599554	090	418762.195121951	0.528888888888889	0.202380952380952	0.292742927429274	0.616666666666667	0.367843137254902	0.471111111111111	487398	0.007101	113454.135532504	343384.99999999994	3	2198148	3	7444791	27	5519513
N491	572	553	206	169	0.25	1	admixture	dtohmm_ex	2599554	090	418762.195121951	0.450666666666667	0.234072022160665	0.308113035551504	0.494	0.491555555555556	0.549333333333333	487398	0.007101	113454.135532504	343384.99999999994	3	2198148	3	7444791	27	5519513
N491	770	355	261	114	0.25	1	admixture	mlthmm_ex	2599554	090	418762.195121951	0.304	0.243070362473348	0.270142180094787	0.589333333333333	0.315555555555556	0.696	487398	0.007101	113454.135532504	343384.99999999994	3	2198148	3	7444791	27	5519513
N491	986	439	53	22	0.05	1	admixture	mlthmm_ex	2599554	090	418762.195121951	0.293333333333333	0.0477223427331887	0.082089552238806	0.672	0.308070175438596	0.706666666666667	487398	0.007101	113454.135532504	343384.99999999994	3	2198148	3	7444791	27	5519513
N491	665	610	117	108	0.15	1	admixture	cqshmm	2599554	090	418762.195121951	0.48	0.15041782729805	0.229056203605514	0.515333333333333	0.47843137254902	0.52	487398	0.007101	113454.135532504	343384.99999999994	3	2198148	3	7444791	27	5519513
N491	717	558	111	114	0.15	1	admixture	gqshmm	2599554	090	418762.195121951	0.506666666666667	0.169642857142857	0.254180602006689	0.554	0.437647058823529	0.493333333333333	487398	0.007101	113454.135532504	343384.99999999994	3	2198148	3	7444791	27	5519513
N491	1253	22	217	8	0.15	1	admixture	bcbhmm	2599554	090	418762.195121951	0.0355555555555556	0.266666666666667	0.0627450980392157	0.840666666666667	0.0172549019607843	0.964444444444444	487398	0.007101	113454.135532504	343384.99999999994	3	2198148	3	7444791	27	5519513
N491	925	500	44	31	0.05	1	admixture	cqshmm_ex	2599554	090	418762.195121951	0.413333333333333	0.0583804143126177	0.102310231023102	0.637333333333333	0.350877192982456	0.586666666666667	487398	0.007101	113454.135532504	343384.99999999994	3	2198148	3	7444791	27	5519513
N491	1253	22	224	1	0.15	1	admixture	pbphmm_ex	2599554	090	418762.195121951	0.00444444444444444	0.0434782608695652	0.00806451612903226	0.836	0.0172549019607843	0.995555555555556	487398	0.007101	113454.135532504	343384.99999999994	3	2198148	3	7444791	27	5519513
N491	1112	13	374	1	0.25	1	admixture	pbphmm_ex	2599554	090	418762.195121951	0.00266666666666667	0.0714285714285714	0.0051413881748072	0.742	0.0115555555555556	0.997333333333333	487398	0.007101	113454.135532504	343384.99999999994	3	2198148	3	7444791	27	5519513
N491	647	478	177	198	0.25	1	admixture	gqshmm	2599554	090	418762.195121951	0.528	0.292899408284024	0.376784015223597	0.563333333333333	0.424888888888889	0.472	487398	0.007101	113454.135532504	343384.99999999994	3	2198148	3	7444791	27	5519513
N491	1099	26	0	375	0.25	1	admixture	pbphmm	2599554	090	418762.195121951	1	0.935162094763092	0.966494845360825	0.982666666666667	0.0231111111111111	0	487398	0.007101	113454.135532504	343384.99999999994	3	2198148	3	7444791	27	5519513
N491	1424	1	75	0	0.05	1	admixture	pbphmm	2599554	090	418762.195121951	0	0	0	0.949333333333333	0.000701754385964912	1	487398	0.007101	113454.135532504	343384.99999999994	3	2198148	3	7444791	27	5519513
N491	786	639	41	34	0.05	1	admixture	cqshmm	2599554	090	418762.195121951	0.453333333333333	0.050520059435364	0.0909090909090909	0.546666666666667	0.448421052631579	0.546666666666667	487398	0.007101	113454.135532504	343384.99999999994	3	2198148	3	7444791	27	5519513
N491	1275	0	225	0	0.15	1	admixture	phlag_dto_eap01_ena4_esp001	2599554	090	2.33548665046692	0	NA	0	0.85	0	1	487398	0.007101	113454.135532504	343384.99999999994	3	2198148	3	7444791	27	5519513
N491	773	652	54	21	0.05	1	admixture	mlthmm	2599554	090	418762.195121951	0.28	0.0312035661218425	0.0561497326203209	0.529333333333333	0.457543859649123	0.72	487398	0.007101	113454.135532504	343384.99999999994	3	2198148	3	7444791	27	5519513
N491	857	343	204	96	0.2	1	admixture	dtohmm	2599554	090	418762.195121951	0.32	0.218678815489749	0.259810554803789	0.635333333333333	0.285833333333333	0.68	487398	0.007101	113454.135532504	343384.99999999994	3	2198148	3	7444791	27	5519513
N491	1425	0	75	0	0.05	1	admixture	phlag_dto_eap01_ena4_esp001	2599554	090	2.26570129394531	0	NA	0	0.95	0	1	487398	0.007101	113454.135532504	343384.99999999994	3	2198148	3	7444791	27	5519513
N491	1328	97	73	2	0.05	1	admixture	gqshmm_ex	2599554	090	418762.195121951	0.0266666666666667	0.0202020202020202	0.0229885057471264	0.886666666666667	0.0680701754385965	0.973333333333333	487398	0.007101	113454.135532504	343384.99999999994	3	2198148	3	7444791	27	5519513
N491	1262	13	8	217	0.15	1	admixture	pbphmm	2599554	090	418762.195121951	0.964444444444444	0.943478260869565	0.953846153846154	0.986	0.0101960784313725	0.0355555555555556	487398	0.007101	113454.135532504	343384.99999999994	3	2198148	3	7444791	27	5519513
N491	653	622	117	108	0.15	1	admixture	dtohmm_ex	2599554	090	418762.195121951	0.48	0.147945205479452	0.226178010471204	0.507333333333333	0.487843137254902	0.52	487398	0.007101	113454.135532504	343384.99999999994	3	2198148	3	7444791	27	5519513
N491	881	394	158	67	0.15	1	admixture	mlthmm_ex	2599554	090	418762.195121951	0.297777777777778	0.145336225596529	0.19533527696793	0.632	0.309019607843137	0.702222222222222	487398	0.007101	113454.135532504	343384.99999999994	3	2198148	3	7444791	27	5519513
N491	1076	49	363	12	0.25	1	admixture	bcbhmm_ex	2599554	090	418762.195121951	0.032	0.19672131147541	0.055045871559633	0.725333333333333	0.0435555555555556	0.968	487398	0.007101	113454.135532504	343384.99999999994	3	2198148	3	7444791	27	5519513
N491	1367	58	73	2	0.05	1	admixture	bcbhmm_ex	2599554	090	418762.195121951	0.0266666666666667	0.0333333333333333	0.0296296296296296	0.912666666666667	0.0407017543859649	0.973333333333333	487398	0.007101	113454.135532504	343384.99999999994	3	2198148	3	7444791	27	5519513
N491	1402	23	75	0	0.05	1	admixture	pbphmm_ex	2599554	090	418762.195121951	0	0	0	0.934666666666667	0.016140350877193	1	487398	0.007101	113454.135532504	343384.99999999994	3	2198148	3	7444791	27	5519513
N491	798	627	35	40	0.05	1	admixture	gqshmm	2599554	090	418762.195121951	0.533333333333333	0.0599700149925037	0.107816711590297	0.558666666666667	0.44	0.466666666666667	487398	0.007101	113454.135532504	343384.99999999994	3	2198148	3	7444791	27	5519513
N491	857	568	50	25	0.05	1	admixture	dtohmm_ex	2599554	090	418762.195121951	0.333333333333333	0.0421585160202361	0.0748502994011976	0.588	0.39859649122807	0.666666666666667	487398	0.007101	113454.135532504	343384.99999999994	3	2198148	3	7444791	27	5519513
N491	767	703	14	16	0.02	1	admixture	cqshmm	2599554	090	418762.195121951	0.533333333333333	0.0222531293463143	0.0427236315086782	0.522	0.478231292517007	0.466666666666667	487398	0.007101	113454.135532504	343384.99999999994	3	2198148	3	7444791	27	5519513
N491	784	686	11	19	0.02	1	admixture	cqshmm_ex	2599554	090	418762.195121951	0.633333333333333	0.0269503546099291	0.0517006802721088	0.535333333333333	0.466666666666667	0.366666666666667	487398	0.007101	113454.135532504	343384.99999999994	3	2198148	3	7444791	27	5519513
N491	1210	260	30	0	0.02	1	admixture	phlag_dto_eap01_ena4_esp001	2599554	090	2.27048397064209	0	0	0	0.806666666666667	0.17687074829932	1	487398	0.007101	113454.135532504	343384.99999999994	3	2198148	3	7444791	27	5519513
N491	1166	34	14	286	0.2	1	admixture	phlag_dto_eap01_ena4_esp001_ex	2599554	090	2.33442831039429	0.953333333333333	0.89375	0.92258064516129	0.968	0.0283333333333333	0.0466666666666667	487398	0.007101	113454.135532504	343384.99999999994	3	2198148	3	7444791	27	5519513
N491	1122	3	24	351	0.25	1	admixture	phlag_dto_eap01_ena4_esp001	2599554	090	2.34731388092041	0.936	0.991525423728814	0.962962962962963	0.982	0.00266666666666667	0.064	487398	0.007101	113454.135532504	343384.99999999994	3	2198148	3	7444791	27	5519513
N491	1046	79	362	13	0.25	1	admixture	gqshmm_ex	2599554	090	418762.195121951	0.0346666666666667	0.141304347826087	0.0556745182012848	0.706	0.0702222222222222	0.965333333333333	487398	0.007101	113454.135532504	343384.99999999994	3	2198148	3	7444791	27	5519513
N491	1026	399	49	26	0.05	1	admixture	dtohmm	2599554	090	418762.195121951	0.346666666666667	0.0611764705882353	0.104	0.701333333333333	0.28	0.653333333333333	487398	0.007101	113454.135532504	343384.99999999994	3	2198148	3	7444791	27	5519513
N491	1074	51	352	23	0.25	1	admixture	bcbhmm	2599554	090	418762.195121951	0.0613333333333333	0.310810810810811	0.102449888641425	0.731333333333333	0.0453333333333333	0.938666666666667	487398	0.007101	113454.135532504	343384.99999999994	3	2198148	3	7444791	27	5519513
N491	1387	83	25	5	0.02	1	admixture	bcbhmm	2599554	090	418762.195121951	0.166666666666667	0.0568181818181818	0.0847457627118644	0.928	0.0564625850340136	0.833333333333333	487398	0.007101	113454.135532504	343384.99999999994	3	2198148	3	7444791	27	5519513
N491	1411	59	28	2	0.02	1	admixture	bcbhmm_ex	2599554	090	418762.195121951	0.0666666666666667	0.0327868852459016	0.043956043956044	0.942	0.0401360544217687	0.933333333333333	487398	0.007101	113454.135532504	343384.99999999994	3	2198148	3	7444791	27	5519513
N491	1321	104	75	0	0.05	1	admixture	bcbhmm	2599554	090	418762.195121951	0	0	0	0.880666666666667	0.0729824561403509	1	487398	0.007101	113454.135532504	343384.99999999994	3	2198148	3	7444791	27	5519513
N491	1469	1	30	0	0.02	1	admixture	pbphmm	2599554	090	418762.195121951	0	0	0	0.979333333333333	0.000680272108843537	1	487398	0.007101	113454.135532504	343384.99999999994	3	2198148	3	7444791	27	5519513
N491	1015	455	24	6	0.02	1	admixture	mlthmm_ex	2599554	090	418762.195121951	0.2	0.0130151843817787	0.0244399185336049	0.680666666666667	0.30952380952381	0.8	487398	0.007101	113454.135532504	343384.99999999994	3	2198148	3	7444791	27	5519513
N491	724	476	126	174	0.2	1	admixture	cqshmm_ex	2599554	090	418762.195121951	0.58	0.267692307692308	0.366315789473684	0.598666666666667	0.396666666666667	0.42	487398	0.007101	113454.135532504	343384.99999999994	3	2198148	3	7444791	27	5519513
N491	940	260	300	0	0.2	1	admixture	phlag_dto_eap01_ena4_esp001	2599554	090	2.33442831039429	0	0	0	0.626666666666667	0.216666666666667	1	487398	0.007101	113454.135532504	343384.99999999994	3	2198148	3	7444791	27	5519513
N491	1119	81	289	11	0.2	1	admixture	gqshmm_ex	2599554	090	418762.195121951	0.0366666666666667	0.119565217391304	0.0561224489795918	0.753333333333333	0.0675	0.963333333333333	487398	0.007101	113454.135532504	343384.99999999994	3	2198148	3	7444791	27	5519513
N491	671	454	276	99	0.25	1	admixture	cqshmm_ex	2599554	090	418762.195121951	0.264	0.179023508137432	0.213362068965517	0.513333333333333	0.403555555555556	0.736	487398	0.007101	113454.135532504	343384.99999999994	3	2198148	3	7444791	27	5519513
N491	1373	97	28	2	0.02	1	admixture	gqshmm_ex	2599554	090	418762.195121951	0.0666666666666667	0.0202020202020202	0.0310077519379845	0.916666666666667	0.0659863945578231	0.933333333333333	487398	0.007101	113454.135532504	343384.99999999994	3	2198148	3	7444791	27	5519513
N491	1195	275	22	8	0.02	1	admixture	dtohmm	2599554	090	418762.195121951	0.266666666666667	0.0282685512367491	0.0511182108626198	0.802	0.187074829931973	0.733333333333333	487398	0.007101	113454.135532504	343384.99999999994	3	2198148	3	7444791	27	5519513
N491	1194	276	30	0	0.02	1	admixture	phlag_dto_eap01_ena4_esp001_ex	2599554	090	2.27048397064209	0	0	0	0.796	0.187755102040816	1	487398	0.007101	113454.135532504	343384.99999999994	3	2198148	3	7444791	27	5519513
N491	1404	21	7	68	0.05	1	admixture	phlag_dto_eap01_ena4_esp001_ex	2599554	090	2.26570129394531	0.906666666666667	0.764044943820225	0.829268292682927	0.981333333333333	0.0147368421052632	0.0933333333333333	487398	0.007101	113454.135532504	343384.99999999994	3	2198148	3	7444791	27	5519513
N491	1091	34	9	366	0.25	1	admixture	phlag_dto_eap01_ena4_esp001_ex	2599554	090	2.34731388092041	0.976	0.915	0.944516129032258	0.971333333333333	0.0302222222222222	0.024	487398	0.007101	113454.135532504	343384.99999999994	3	2198148	3	7444791	27	5519513
N491	1176	24	299	1	0.2	1	admixture	pbphmm_ex	2599554	090	418762.195121951	0.00333333333333333	0.04	0.00615384615384615	0.784666666666667	0.02	0.996666666666667	487398	0.007101	113454.135532504	343384.99999999994	3	2198148	3	7444791	27	5519513
N491	691	509	147	153	0.2	1	admixture	gqshmm	2599554	090	418762.195121951	0.51	0.231117824773414	0.318087318087318	0.562666666666667	0.424166666666667	0.49	487398	0.007101	113454.135532504	343384.99999999994	3	2198148	3	7444791	27	5519513
N491	597	603	153	147	0.2	1	admixture	dtohmm_ex	2599554	090	418762.195121951	0.49	0.196	0.28	0.496	0.5025	0.51	487398	0.007101	113454.135532504	343384.99999999994	3	2198148	3	7444791	27	5519513
N491	884	586	19	11	0.02	1	admixture	dtohmm_ex	2599554	090	418762.195121951	0.366666666666667	0.0184254606365159	0.0350877192982456	0.596666666666667	0.398639455782313	0.633333333333333	487398	0.007101	113454.135532504	343384.99999999994	3	2198148	3	7444791	27	5519513
N491	610	590	151	149	0.2	1	admixture	cqshmm	2599554	090	418762.195121951	0.496666666666667	0.201623815967524	0.286814244465833	0.506	0.491666666666667	0.503333333333333	487398	0.007101	113454.135532504	343384.99999999994	3	2198148	3	7444791	27	5519513
N491	654	546	207	93	0.2	1	admixture	mlthmm	2599554	090	418762.195121951	0.31	0.145539906103286	0.198083067092652	0.498	0.455	0.69	487398	0.007101	113454.135532504	343384.99999999994	3	2198148	3	7444791	27	5519513
N491	801	669	19	11	0.02	1	admixture	mlthmm	2599554	090	418762.195121951	0.366666666666667	0.0161764705882353	0.0309859154929577	0.541333333333333	0.455102040816327	0.633333333333333	487398	0.007101	113454.135532504	343384.99999999994	3	2198148	3	7444791	27	5519513
N491	663	462	229	146	0.25	1	admixture	dtohmm	2599554	090	418762.195121951	0.389333333333333	0.240131578947368	0.2970498474059	0.539333333333333	0.410666666666667	0.610666666666667	487398	0.007101	113454.135532504	343384.99999999994	3	2198148	3	7444791	27	5519513
N491	1034	166	264	36	0.2	1	admixture	bcbhmm	2599554	090	418762.195121951	0.12	0.178217821782178	0.143426294820717	0.713333333333333	0.138333333333333	0.88	487398	0.007101	113454.135532504	343384.99999999994	3	2198148	3	7444791	27	5519513
N491	1228	47	219	6	0.15	1	admixture	gqshmm_ex	2599554	090	418762.195121951	0.0266666666666667	0.113207547169811	0.0431654676258993	0.822666666666667	0.0368627450980392	0.973333333333333	487398	0.007101	113454.135532504	343384.99999999994	3	2198148	3	7444791	27	5519513
N491	1030	245	180	45	0.15	1	admixture	dtohmm	2599554	090	418762.195121951	0.2	0.155172413793103	0.174757281553398	0.716666666666667	0.192156862745098	0.8	487398	0.007101	113454.135532504	343384.99999999994	3	2198148	3	7444791	27	5519513
N491	1447	23	30	0	0.02	1	admixture	pbphmm_ex	2599554	090	418762.195121951	0	0	0	0.964666666666667	0.0156462585034014	1	487398	0.007101	113454.135532504	343384.99999999994	3	2198148	3	7444791	27	5519513
N491	785	415	195	105	0.2	1	admixture	mlthmm_ex	2599554	090	418762.195121951	0.35	0.201923076923077	0.25609756097561	0.593333333333333	0.345833333333333	0.65	487398	0.007101	113454.135532504	343384.99999999994	3	2198148	3	7444791	27	5519513
N491	1155	45	291	9	0.2	1	admixture	bcbhmm_ex	2599554	090	418762.195121951	0.03	0.166666666666667	0.0508474576271186	0.776	0.0375	0.97	487398	0.007101	113454.135532504	343384.99999999994	3	2198148	3	7444791	27	5519513
N491	732	618	101	49	0.1	1	admixture	mlthmm	2599554	090	418762.195121951	0.326666666666667	0.0734632683658171	0.119951040391677	0.520666666666667	0.457777777777778	0.673333333333333	487398	0.007101	113454.135532504	343384.99999999994	3	2198148	3	7444791	27	5519513
N491	1330	20	7	143	0.1	1	admixture	phlag_dto_eap01_ena4_esp001_ex	2599554	090	2.38781261444092	0.953333333333333	0.877300613496933	0.913738019169329	0.982	0.0148148148148148	0.0466666666666667	487398	0.007101	113454.135532504	343384.99999999994	3	2198148	3	7444791	27	5519513
N491	1275	0	42	183	0.15	1	admixture	phlag_dto_eap01_ena4_esp001_ex	2599554	090	2.33548665046692	0.813333333333333	1	0.897058823529412	0.972	0	0.186666666666667	487398	0.007101	113454.135532504	343384.99999999994	3	2198148	3	7444791	27	5519513
N491	1266	84	147	3	0.1	1	admixture	gqshmm_ex	2599554	090	418762.195121951	0.02	0.0344827586206897	0.0253164556962025	0.846	0.0622222222222222	0.98	487398	0.007101	113454.135532504	343384.99999999994	3	2198148	3	7444791	27	5519513
N491	885	465	97	53	0.1	1	admixture	dtohmm	2599554	090	418762.195121951	0.353333333333333	0.102316602316602	0.158682634730539	0.625333333333333	0.344444444444444	0.646666666666667	487398	0.007101	113454.135532504	343384.99999999994	3	2198148	3	7444791	27	5519513
N491	1091	259	140	10	0.1	1	admixture	bcbhmm	2599554	090	418762.195121951	0.0666666666666667	0.0371747211895911	0.0477326968973747	0.734	0.191851851851852	0.933333333333333	487398	0.007101	113454.135532504	343384.99999999994	3	2198148	3	7444791	27	5519513
N491	981	369	86	64	0.1	1	admixture	cqshmm_ex	2599554	090	418762.195121951	0.426666666666667	0.147806004618938	0.219554030874786	0.696666666666667	0.273333333333333	0.573333333333333	487398	0.007101	113454.135532504	343384.99999999994	3	2198148	3	7444791	27	5519513
N491	1321	29	0	150	0.1	1	admixture	pbphmm	2599554	090	418762.195121951	1	0.837988826815642	0.911854103343465	0.980666666666667	0.0214814814814815	0	487398	0.007101	113454.135532504	343384.99999999994	3	2198148	3	7444791	27	5519513
N491	700	650	79	71	0.1	1	admixture	dtohmm_ex	2599554	090	418762.195121951	0.473333333333333	0.0984743411927878	0.163030998851894	0.514	0.481481481481481	0.526666666666667	487398	0.007101	113454.135532504	343384.99999999994	3	2198148	3	7444791	27	5519513
N491	928	422	104	46	0.1	1	admixture	mlthmm_ex	2599554	090	418762.195121951	0.306666666666667	0.0982905982905983	0.148867313915858	0.649333333333333	0.312592592592593	0.693333333333333	487398	0.007101	113454.135532504	343384.99999999994	3	2198148	3	7444791	27	5519513
N491	828	642	17	13	0.02	1	admixture	gqshmm	2599554	090	418762.195121951	0.433333333333333	0.0198473282442748	0.037956204379562	0.560666666666667	0.436734693877551	0.566666666666667	487398	0.007101	113454.135532504	343384.99999999994	3	2198148	3	7444791	27	5519513
N491	1350	0	150	0	0.1	1	admixture	phlag_dto_eap01_ena4_esp001	2599554	090	2.38781261444092	0	NA	0	0.9	0	1	487398	0.007101	113454.135532504	343384.99999999994	3	2198148	3	7444791	27	5519513
N491	755	595	69	81	0.1	1	admixture	gqshmm	2599554	090	418762.195121951	0.54	0.119822485207101	0.196125907990315	0.557333333333333	0.440740740740741	0.46	487398	0.007101	113454.135532504	343384.99999999994	3	2198148	3	7444791	27	5519513
N491	1299	51	145	5	0.1	1	admixture	bcbhmm_ex	2599554	090	418762.195121951	0.0333333333333333	0.0892857142857143	0.0485436893203883	0.869333333333333	0.0377777777777778	0.966666666666667	487398	0.007101	113454.135532504	343384.99999999994	3	2198148	3	7444791	27	5519513
N491	1327	23	150	0	0.1	1	admixture	pbphmm_ex	2599554	090	418762.195121951	0	0	0	0.884666666666667	0.017037037037037	1	487398	0.007101	113454.135532504	343384.99999999994	3	2198148	3	7444791	27	5519513
N491	707	643	79	71	0.1	1	admixture	cqshmm	2599554	090	418762.195121951	0.473333333333333	0.0994397759103641	0.164351851851852	0.518666666666667	0.476296296296296	0.526666666666667	487398	0.007101	113454.135532504	343384.99999999994	3	2198148	3	7444791	27	5519513
N491	1138	62	0	300	0.2	1	admixture	pbphmm	2599554	090	418762.195121951	1	0.828729281767956	0.906344410876133	0.958666666666667	0.0516666666666667	0	487398	0.007101	113454.135532504	343384.99999999994	3	2198148	3	7444791	27	5519513
N555	1315	35	146	4	0.1	1	admixture	dtohmm	1599554	090	207434.146341463	0.0266666666666667	0.102564102564103	0.0423280423280423	0.879333333333333	0.0259259259259259	0.973333333333333	206430	0.004857	133644.627570658	170095.99999999997	3	1402769	3	8066881	32	3192761
N555	1151	199	118	32	0.1	1	admixture	gqshmm_ex	1599554	090	207434.146341463	0.213333333333333	0.138528138528139	0.167979002624672	0.788666666666667	0.147407407407407	0.786666666666667	206430	0.004857	133644.627570658	170095.99999999997	3	1402769	3	8066881	32	3192761
N555	895	455	87	63	0.1	1	admixture	dtohmm_ex	1599554	090	207434.146341463	0.42	0.121621621621622	0.188622754491018	0.638666666666667	0.337037037037037	0.58	206430	0.004857	133644.627570658	170095.99999999997	3	1402769	3	8066881	32	3192761
N555	1080	270	112	38	0.1	1	admixture	gqshmm	1599554	090	207434.146341463	0.253333333333333	0.123376623376623	0.165938864628821	0.745333333333333	0.2	0.746666666666667	206430	0.004857	133644.627570658	170095.99999999997	3	1402769	3	8066881	32	3192761
N555	1061	289	107	43	0.1	1	admixture	pbphmm	1599554	090	207434.146341463	0.286666666666667	0.129518072289157	0.178423236514523	0.736	0.214074074074074	0.713333333333333	206430	0.004857	133644.627570658	170095.99999999997	3	1402769	3	8066881	32	3192761
N555	1160	190	120	30	0.1	1	admixture	cqshmm_ex	1599554	090	207434.146341463	0.2	0.136363636363636	0.162162162162162	0.793333333333333	0.140740740740741	0.8	206430	0.004857	133644.627570658	170095.99999999997	3	1402769	3	8066881	32	3192761
N555	943	257	228	72	0.2	1	admixture	pbphmm	1599554	090	207434.146341463	0.24	0.218844984802432	0.228934817170111	0.676666666666667	0.214166666666667	0.76	206430	0.004857	133644.627570658	170095.99999999997	3	1402769	3	8066881	32	3192761
N555	1350	0	150	0	0.1	1	admixture	phlag_dto_eap01_ena4_esp001	1599554	090	0.892673194408417	0	NA	0	0.9	0	1	206430	0.004857	133644.627570658	170095.99999999997	3	1402769	3	8066881	32	3192761
N555	1166	304	21	9	0.02	1	admixture	pbphmm	1599554	090	207434.146341463	0.3	0.0287539936102236	0.0524781341107872	0.783333333333333	0.206802721088435	0.7	206430	0.004857	133644.627570658	170095.99999999997	3	1402769	3	8066881	32	3192761
N555	962	238	240	60	0.2	1	admixture	gqshmm	1599554	090	207434.146341463	0.2	0.201342281879195	0.20066889632107	0.681333333333333	0.198333333333333	0.8	206430	0.004857	133644.627570658	170095.99999999997	3	1402769	3	8066881	32	3192761
N555	1001	469	14	16	0.02	1	admixture	pbphmm_ex	1599554	090	207434.146341463	0.533333333333333	0.0329896907216495	0.0621359223300971	0.678	0.319047619047619	0.466666666666667	206430	0.004857	133644.627570658	170095.99999999997	3	1402769	3	8066881	32	3192761
N555	1187	283	23	7	0.02	1	admixture	gqshmm	1599554	090	207434.146341463	0.233333333333333	0.0241379310344828	0.04375	0.796	0.192517006802721	0.766666666666667	206430	0.004857	133644.627570658	170095.99999999997	3	1402769	3	8066881	32	3192761
N555	1255	95	135	15	0.1	1	admixture	mlthmm	1599554	090	207434.146341463	0.1	0.136363636363636	0.115384615384615	0.846666666666667	0.0703703703703704	0.9	206430	0.004857	133644.627570658	170095.99999999997	3	1402769	3	8066881	32	3192761
N555	976	494	15	15	0.02	1	admixture	dtohmm_ex	1599554	090	207434.146341463	0.5	0.0294695481335953	0.0556586270871985	0.660666666666667	0.336054421768707	0.5	206430	0.004857	133644.627570658	170095.99999999997	3	1402769	3	8066881	32	3192761
N555	1238	112	135	15	0.1	1	admixture	mlthmm_ex	1599554	090	207434.146341463	0.1	0.118110236220472	0.108303249097473	0.835333333333333	0.082962962962963	0.9	206430	0.004857	133644.627570658	170095.99999999997	3	1402769	3	8066881	32	3192761
N555	1443	27	27	3	0.02	1	admixture	dtohmm	1599554	090	207434.146341463	0.1	0.1	0.1	0.964	0.0183673469387755	0.9	206430	0.004857	133644.627570658	170095.99999999997	3	1402769	3	8066881	32	3192761
N555	1187	163	2	148	0.1	1	admixture	phlag_dto_eap01_ena4_esp001_ex	1599554	090	0.892673194408417	0.986666666666667	0.47588424437299	0.642082429501085	0.89	0.120740740740741	0.0133333333333333	206430	0.004857	133644.627570658	170095.99999999997	3	1402769	3	8066881	32	3192761
N555	1111	359	17	13	0.02	1	admixture	phlag_dto_eap01_ena4_esp001	1599554	090	0.93185704946518	0.433333333333333	0.0349462365591398	0.0646766169154229	0.749333333333333	0.24421768707483	0.566666666666667	206430	0.004857	133644.627570658	170095.99999999997	3	1402769	3	8066881	32	3192761
N555	1264	206	25	5	0.02	1	admixture	gqshmm_ex	1599554	090	207434.146341463	0.166666666666667	0.023696682464455	0.04149377593361	0.846	0.140136054421769	0.833333333333333	206430	0.004857	133644.627570658	170095.99999999997	3	1402769	3	8066881	32	3192761
N555	1154	196	114	36	0.1	1	admixture	bcbhmm_ex	1599554	090	207434.146341463	0.24	0.155172413793103	0.18848167539267	0.793333333333333	0.145185185185185	0.76	206430	0.004857	133644.627570658	170095.99999999997	3	1402769	3	8066881	32	3192761
N555	909	441	72	78	0.1	1	admixture	pbphmm_ex	1599554	090	207434.146341463	0.52	0.15028901734104	0.233183856502242	0.658	0.326666666666667	0.48	206430	0.004857	133644.627570658	170095.99999999997	3	1402769	3	8066881	32	3192761
N555	1050	375	75	0	0.05	1	admixture	phlag_dto_eap01_ena4_esp001	1599554	090	0.939782202243805	0	0	0	0.7	0.263157894736842	1	206430	0.004857	133644.627570658	170095.99999999997	3	1402769	3	8066881	32	3192761
N555	1230	195	60	15	0.05	1	admixture	gqshmm_ex	1599554	090	207434.146341463	0.2	0.0714285714285714	0.105263157894737	0.83	0.136842105263158	0.8	206430	0.004857	133644.627570658	170095.99999999997	3	1402769	3	8066881	32	3192761
N555	1386	39	72	3	0.05	1	admixture	dtohmm	1599554	090	207434.146341463	0.04	0.0714285714285714	0.0512820512820513	0.926	0.0273684210526316	0.96	206430	0.004857	133644.627570658	170095.99999999997	3	1402769	3	8066881	32	3192761
N555	1252	98	135	15	0.1	1	admixture	cqshmm	1599554	090	207434.146341463	0.1	0.132743362831858	0.114068441064639	0.844666666666667	0.0725925925925926	0.9	206430	0.004857	133644.627570658	170095.99999999997	3	1402769	3	8066881	32	3192761
N555	1164	36	292	8	0.2	1	admixture	bcbhmm	1599554	090	207434.146341463	0.0266666666666667	0.181818181818182	0.0465116279069767	0.781333333333333	0.03	0.973333333333333	206430	0.004857	133644.627570658	170095.99999999997	3	1402769	3	8066881	32	3192761
N555	1006	194	225	75	0.2	1	admixture	bcbhmm_ex	1599554	090	207434.146341463	0.25	0.278810408921933	0.263620386643234	0.720666666666667	0.161666666666667	0.75	206430	0.004857	133644.627570658	170095.99999999997	3	1402769	3	8066881	32	3192761
N555	810	390	137	163	0.2	1	admixture	pbphmm_ex	1599554	090	207434.146341463	0.543333333333333	0.294755877034358	0.382180539273154	0.648666666666667	0.325	0.456666666666667	206430	0.004857	133644.627570658	170095.99999999997	3	1402769	3	8066881	32	3192761
N555	1082	193	189	36	0.15	1	admixture	gqshmm_ex	1599554	090	207434.146341463	0.16	0.157205240174672	0.158590308370044	0.745333333333333	0.151372549019608	0.84	206430	0.004857	133644.627570658	170095.99999999997	3	1402769	3	8066881	32	3192761
N555	1245	30	220	5	0.15	1	admixture	dtohmm	1599554	090	207434.146341463	0.0222222222222222	0.142857142857143	0.0384615384615385	0.833333333333333	0.0235294117647059	0.977777777777778	206430	0.004857	133644.627570658	170095.99999999997	3	1402769	3	8066881	32	3192761
N555	1445	25	30	0	0.02	1	admixture	bcbhmm	1599554	090	207434.146341463	0	0	0	0.963333333333333	0.0170068027210884	1	206430	0.004857	133644.627570658	170095.99999999997	3	1402769	3	8066881	32	3192761
N555	1289	181	26	4	0.02	1	admixture	bcbhmm_ex	1599554	090	207434.146341463	0.133333333333333	0.0216216216216216	0.0372093023255814	0.862	0.12312925170068	0.866666666666667	206430	0.004857	133644.627570658	170095.99999999997	3	1402769	3	8066881	32	3192761
N555	697	503	172	128	0.2	1	admixture	mlthmm_ex	1599554	090	207434.146341463	0.426666666666667	0.202852614896989	0.274973147153598	0.55	0.419166666666667	0.573333333333333	206430	0.004857	133644.627570658	170095.99999999997	3	1402769	3	8066881	32	3192761
N555	1101	99	283	17	0.2	1	admixture	cqshmm	1599554	090	207434.146341463	0.0566666666666667	0.146551724137931	0.0817307692307692	0.745333333333333	0.0825	0.943333333333333	206430	0.004857	133644.627570658	170095.99999999997	3	1402769	3	8066881	32	3192761
N555	1139	61	285	15	0.2	1	admixture	mlthmm	1599554	090	207434.146341463	0.05	0.197368421052632	0.0797872340425532	0.769333333333333	0.0508333333333333	0.95	206430	0.004857	133644.627570658	170095.99999999997	3	1402769	3	8066881	32	3192761
N555	1002	198	229	71	0.2	1	admixture	cqshmm_ex	1599554	090	207434.146341463	0.236666666666667	0.263940520446097	0.249560632688928	0.715333333333333	0.165	0.763333333333333	206430	0.004857	133644.627570658	170095.99999999997	3	1402769	3	8066881	32	3192761
N555	1135	65	300	0	0.2	1	admixture	phlag_dto_eap01_ena4_esp001	1599554	090	0.844374895095825	0	0	0	0.756666666666667	0.0541666666666667	1	206430	0.004857	133644.627570658	170095.99999999997	3	1402769	3	8066881	32	3192761
N555	1247	178	75	0	0.05	1	admixture	phlag_dto_eap01_ena4_esp001_ex	1599554	090	0.939782202243805	0	0	0	0.831333333333333	0.124912280701754	1	206430	0.004857	133644.627570658	170095.99999999997	3	1402769	3	8066881	32	3192761
N555	1349	121	28	2	0.02	1	admixture	cqshmm	1599554	090	207434.146341463	0.0666666666666667	0.016260162601626	0.0261437908496732	0.900666666666667	0.082312925170068	0.933333333333333	206430	0.004857	133644.627570658	170095.99999999997	3	1402769	3	8066881	32	3192761
N555	1232	238	30	0	0.02	1	admixture	mlthmm	1599554	090	207434.146341463	0	0	0	0.821333333333333	0.161904761904762	1	206430	0.004857	133644.627570658	170095.99999999997	3	1402769	3	8066881	32	3192761
N555	1244	226	24	6	0.02	1	admixture	cqshmm_ex	1599554	090	207434.146341463	0.2	0.0258620689655172	0.0458015267175573	0.833333333333333	0.153741496598639	0.8	206430	0.004857	133644.627570658	170095.99999999997	3	1402769	3	8066881	32	3192761
N555	1210	65	225	0	0.15	1	admixture	phlag_dto_eap01_ena4_esp001	1599554	090	0.837657451629639	0	0	0	0.806666666666667	0.0509803921568627	1	206430	0.004857	133644.627570658	170095.99999999997	3	1402769	3	8066881	32	3192761
N555	959	166	286	89	0.25	1	admixture	cqshmm_ex	1599554	090	207434.146341463	0.237333333333333	0.349019607843137	0.282539682539683	0.698666666666667	0.147555555555556	0.762666666666667	206430	0.004857	133644.627570658	170095.99999999997	3	1402769	3	8066881	32	3192761
N555	979	296	225	0	0.15	1	admixture	phlag_dto_eap01_ena4_esp001_ex	1599554	090	0.837657451629639	0	0	0	0.652666666666667	0.232156862745098	1	206430	0.004857	133644.627570658	170095.99999999997	3	1402769	3	8066881	32	3192761
N555	823	377	185	115	0.2	1	admixture	dtohmm_ex	1599554	090	207434.146341463	0.383333333333333	0.233739837398374	0.29040404040404	0.625333333333333	0.314166666666667	0.616666666666667	206430	0.004857	133644.627570658	170095.99999999997	3	1402769	3	8066881	32	3192761
N555	940	185	283	92	0.25	1	admixture	bcbhmm_ex	1599554	090	207434.146341463	0.245333333333333	0.332129963898917	0.282208588957055	0.688	0.164444444444444	0.754666666666667	206430	0.004857	133644.627570658	170095.99999999997	3	1402769	3	8066881	32	3192761
N555	1325	25	147	3	0.1	1	admixture	bcbhmm	1599554	090	207434.146341463	0.02	0.107142857142857	0.0337078651685393	0.885333333333333	0.0185185185185185	0.98	206430	0.004857	133644.627570658	170095.99999999997	3	1402769	3	8066881	32	3192761
N555	1298	127	58	17	0.05	1	admixture	mlthmm	1599554	090	207434.146341463	0.226666666666667	0.118055555555556	0.155251141552511	0.876666666666667	0.0891228070175439	0.773333333333333	206430	0.004857	133644.627570658	170095.99999999997	3	1402769	3	8066881	32	3192761
N555	1236	189	55	20	0.05	1	admixture	cqshmm_ex	1599554	090	207434.146341463	0.266666666666667	0.0956937799043062	0.140845070422535	0.837333333333333	0.132631578947368	0.733333333333333	206430	0.004857	133644.627570658	170095.99999999997	3	1402769	3	8066881	32	3192761
N555	860	415	135	90	0.15	1	admixture	dtohmm_ex	1599554	090	207434.146341463	0.4	0.178217821782178	0.246575342465753	0.633333333333333	0.325490196078431	0.6	206430	0.004857	133644.627570658	170095.99999999997	3	1402769	3	8066881	32	3192761
N555	1349	121	27	3	0.02	1	admixture	mlthmm_ex	1599554	090	207434.146341463	0.1	0.0241935483870968	0.038961038961039	0.901333333333333	0.082312925170068	0.9	206430	0.004857	133644.627570658	170095.99999999997	3	1402769	3	8066881	32	3192761
N555	1151	124	187	38	0.15	1	admixture	cqshmm	1599554	090	207434.146341463	0.168888888888889	0.234567901234568	0.196382428940568	0.792666666666667	0.0972549019607843	0.831111111111111	206430	0.004857	133644.627570658	170095.99999999997	3	1402769	3	8066881	32	3192761
N555	1160	115	207	18	0.15	1	admixture	mlthmm	1599554	090	207434.146341463	0.08	0.135338345864662	0.100558659217877	0.785333333333333	0.0901960784313725	0.92	206430	0.004857	133644.627570658	170095.99999999997	3	1402769	3	8066881	32	3192761
N555	1049	226	165	60	0.15	1	admixture	cqshmm_ex	1599554	090	207434.146341463	0.266666666666667	0.20979020979021	0.234833659491194	0.739333333333333	0.177254901960784	0.733333333333333	206430	0.004857	133644.627570658	170095.99999999997	3	1402769	3	8066881	32	3192761
N555	1400	25	72	3	0.05	1	admixture	bcbhmm	1599554	090	207434.146341463	0.04	0.107142857142857	0.058252427184466	0.935333333333333	0.0175438596491228	0.96	206430	0.004857	133644.627570658	170095.99999999997	3	1402769	3	8066881	32	3192761
N555	1318	107	68	7	0.05	1	admixture	mlthmm_ex	1599554	090	207434.146341463	0.0933333333333333	0.0614035087719298	0.0740740740740741	0.883333333333333	0.0750877192982456	0.906666666666667	206430	0.004857	133644.627570658	170095.99999999997	3	1402769	3	8066881	32	3192761
N555	1292	178	30	0	0.02	1	admixture	phlag_dto_eap01_ena4_esp001_ex	1599554	090	0.93185704946518	0	0	0	0.861333333333333	0.12108843537415	1	206430	0.004857	133644.627570658	170095.99999999997	3	1402769	3	8066881	32	3192761
N555	1093	32	368	7	0.25	1	admixture	bcbhmm	1599554	090	207434.146341463	0.0186666666666667	0.17948717948718	0.0338164251207729	0.733333333333333	0.0284444444444444	0.981333333333333	206430	0.004857	133644.627570658	170095.99999999997	3	1402769	3	8066881	32	3192761
N555	952	473	47	28	0.05	1	admixture	dtohmm_ex	1599554	090	207434.146341463	0.373333333333333	0.0558882235528942	0.0972222222222222	0.653333333333333	0.331929824561404	0.626666666666667	206430	0.004857	133644.627570658	170095.99999999997	3	1402769	3	8066881	32	3192761
N555	1165	110	209	16	0.15	1	admixture	mlthmm_ex	1599554	090	207434.146341463	0.0711111111111111	0.126984126984127	0.0911680911680912	0.787333333333333	0.0862745098039216	0.928888888888889	206430	0.004857	133644.627570658	170095.99999999997	3	1402769	3	8066881	32	3192761
N555	736	389	166	209	0.25	1	admixture	pbphmm_ex	1599554	090	207434.146341463	0.557333333333333	0.349498327759197	0.429599177800617	0.63	0.345777777777778	0.442666666666667	206430	0.004857	133644.627570658	170095.99999999997	3	1402769	3	8066881	32	3192761
N555	882	243	303	72	0.25	1	admixture	gqshmm	1599554	090	207434.146341463	0.192	0.228571428571429	0.208695652173913	0.636	0.216	0.808	206430	0.004857	133644.627570658	170095.99999999997	3	1402769	3	8066881	32	3192761
N555	865	260	291	84	0.25	1	admixture	pbphmm	1599554	090	207434.146341463	0.224	0.244186046511628	0.2336578581363	0.632666666666667	0.231111111111111	0.776	206430	0.004857	133644.627570658	170095.99999999997	3	1402769	3	8066881	32	3192761
N555	868	257	294	81	0.25	1	admixture	gqshmm_ex	1599554	090	207434.146341463	0.216	0.239644970414201	0.227208976157083	0.632666666666667	0.228444444444444	0.784	206430	0.004857	133644.627570658	170095.99999999997	3	1402769	3	8066881	32	3192761
N555	1200	0	300	0	0.2	1	admixture	gqshmm_ex	1599554	090	207434.146341463	0	NA	0	0.8	0	1	206430	0.004857	133644.627570658	170095.99999999997	3	1402769	3	8066881	32	3192761
N555	1145	55	287	13	0.2	1	admixture	dtohmm	1599554	090	207434.146341463	0.0433333333333333	0.191176470588235	0.0706521739130435	0.772	0.0458333333333333	0.956666666666667	206430	0.004857	133644.627570658	170095.99999999997	3	1402769	3	8066881	32	3192761
N555	805	395	300	0	0.2	1	admixture	phlag_dto_eap01_ena4_esp001_ex	1599554	090	0.844374895095825	0	0	0	0.536666666666667	0.329166666666667	1	206430	0.004857	133644.627570658	170095.99999999997	3	1402769	3	8066881	32	3192761
N555	1010	265	178	47	0.15	1	admixture	gqshmm	1599554	090	207434.146341463	0.208888888888889	0.150641025641026	0.175046554934823	0.704666666666667	0.207843137254902	0.791111111111111	206430	0.004857	133644.627570658	170095.99999999997	3	1402769	3	8066881	32	3192761
N555	1097	28	364	11	0.25	1	admixture	dtohmm	1599554	090	207434.146341463	0.0293333333333333	0.282051282051282	0.0531400966183575	0.738666666666667	0.0248888888888889	0.970666666666667	206430	0.004857	133644.627570658	170095.99999999997	3	1402769	3	8066881	32	3192761
N555	1264	161	60	15	0.05	1	admixture	bcbhmm_ex	1599554	090	207434.146341463	0.2	0.0852272727272727	0.119521912350598	0.852666666666667	0.112982456140351	0.8	206430	0.004857	133644.627570658	170095.99999999997	3	1402769	3	8066881	32	3192761
N555	1125	0	375	0	0.25	1	admixture	phlag_dto_eap01_ena4_esp001	1599554	090	0.789164900779724	0	NA	0	0.75	0	1	206430	0.004857	133644.627570658	170095.99999999997	3	1402769	3	8066881	32	3192761
N555	1044	81	352	23	0.25	1	admixture	mlthmm	1599554	090	207434.146341463	0.0613333333333333	0.221153846153846	0.0960334029227557	0.711333333333333	0.072	0.938666666666667	206430	0.004857	133644.627570658	170095.99999999997	3	1402769	3	8066881	32	3192761
N555	989	286	169	56	0.15	1	admixture	pbphmm	1599554	090	207434.146341463	0.248888888888889	0.16374269005848	0.197530864197531	0.696666666666667	0.224313725490196	0.751111111111111	206430	0.004857	133644.627570658	170095.99999999997	3	1402769	3	8066881	32	3192761
N555	1259	166	62	13	0.05	1	admixture	cqshmm	1599554	090	207434.146341463	0.173333333333333	0.0726256983240224	0.102362204724409	0.848	0.116491228070175	0.826666666666667	206430	0.004857	133644.627570658	170095.99999999997	3	1402769	3	8066881	32	3192761
N555	854	421	100	125	0.15	1	admixture	pbphmm_ex	1599554	090	207434.146341463	0.555555555555556	0.228937728937729	0.324254215304799	0.652666666666667	0.330196078431373	0.444444444444444	206430	0.004857	133644.627570658	170095.99999999997	3	1402769	3	8066881	32	3192761
N555	1064	211	167	58	0.15	1	admixture	bcbhmm_ex	1599554	090	207434.146341463	0.257777777777778	0.215613382899628	0.234817813765182	0.748	0.165490196078431	0.742222222222222	206430	0.004857	133644.627570658	170095.99999999997	3	1402769	3	8066881	32	3192761
N555	997	428	38	37	0.05	1	admixture	pbphmm_ex	1599554	090	207434.146341463	0.493333333333333	0.0795698924731183	0.137037037037037	0.689333333333333	0.300350877192982	0.506666666666667	206430	0.004857	133644.627570658	170095.99999999997	3	1402769	3	8066881	32	3192761
N555	600	525	200	175	0.25	1	admixture	mlthmm_ex	1599554	090	207434.146341463	0.466666666666667	0.25	0.325581395348837	0.516666666666667	0.466666666666667	0.533333333333333	206430	0.004857	133644.627570658	170095.99999999997	3	1402769	3	8066881	32	3192761
N555	1036	89	347	28	0.25	1	admixture	cqshmm	1599554	090	207434.146341463	0.0746666666666667	0.239316239316239	0.113821138211382	0.709333333333333	0.0791111111111111	0.925333333333333	206430	0.004857	133644.627570658	170095.99999999997	3	1402769	3	8066881	32	3192761
N555	1133	292	53	22	0.05	1	admixture	pbphmm	1599554	090	207434.146341463	0.293333333333333	0.0700636942675159	0.113110539845758	0.77	0.204912280701754	0.706666666666667	206430	0.004857	133644.627570658	170095.99999999997	3	1402769	3	8066881	32	3192761
N555	1245	30	220	5	0.15	1	admixture	bcbhmm	1599554	090	207434.146341463	0.0222222222222222	0.142857142857143	0.0384615384615385	0.833333333333333	0.0235294117647059	0.977777777777778	206430	0.004857	133644.627570658	170095.99999999997	3	1402769	3	8066881	32	3192761
N555	1154	271	56	19	0.05	1	admixture	gqshmm	1599554	090	207434.146341463	0.253333333333333	0.0655172413793104	0.104109589041096	0.782	0.190175438596491	0.746666666666667	206430	0.004857	133644.627570658	170095.99999999997	3	1402769	3	8066881	32	3192761
N555	1087	38	0	375	0.25	1	admixture	phlag_dto_eap01_ena4_esp001_ex	1599554	090	0.789164900779724	1	0.907990314769976	0.951776649746193	0.974666666666667	0.0337777777777778	0	206430	0.004857	133644.627570658	170095.99999999997	3	1402769	3	8066881	32	3192761
N555	770	355	234	141	0.25	1	admixture	dtohmm_ex	1599554	090	207434.146341463	0.376	0.284274193548387	0.323765786452354	0.607333333333333	0.315555555555556	0.624	206430	0.004857	133644.627570658	170095.99999999997	3	1402769	3	8066881	32	3192761
N560	1260	15	225	0	0.15	1	admixture	pbphmm	1599554	090	967164.634146342	0	0	0	0.84	0.0117647058823529	1	80872	0.017262	147162.419660366	793074.9999999999	3	1339990	3	8752639	33	2080233
N560	767	433	210	90	0.2	1	admixture	mlthmm_ex	1599554	090	967164.634146342	0.3	0.17208413001912	0.218712029161604	0.571333333333333	0.360833333333333	0.7	80872	0.017262	147162.419660366	793074.9999999999	3	1339990	3	8752639	33	2080233
N560	720	555	140	85	0.15	1	admixture	mlthmm	1599554	090	967164.634146342	0.377777777777778	0.1328125	0.196531791907514	0.536666666666667	0.435294117647059	0.622222222222222	80872	0.017262	147162.419660366	793074.9999999999	3	1339990	3	8752639	33	2080233
N560	1199	1	300	0	0.2	1	admixture	pbphmm	1599554	090	967164.634146342	0	0	0	0.799333333333333	0.000833333333333333	1	80872	0.017262	147162.419660366	793074.9999999999	3	1339990	3	8752639	33	2080233
N560	703	497	207	93	0.2	1	admixture	dtohmm_ex	1599554	090	967164.634146342	0.31	0.157627118644068	0.208988764044944	0.530666666666667	0.414166666666667	0.69	80872	0.017262	147162.419660366	793074.9999999999	3	1339990	3	8752639	33	2080233
N560	1171	104	201	24	0.15	1	admixture	cqshmm	1599554	090	967164.634146342	0.106666666666667	0.1875	0.135977337110482	0.796666666666667	0.0815686274509804	0.893333333333333	80872	0.017262	147162.419660366	793074.9999999999	3	1339990	3	8752639	33	2080233
N560	1233	192	69	6	0.05	1	admixture	bcbhmm_ex	1599554	090	967164.634146342	0.08	0.0303030303030303	0.043956043956044	0.826	0.134736842105263	0.92	80872	0.017262	147162.419660366	793074.9999999999	3	1339990	3	8752639	33	2080233
N560	785	490	159	66	0.15	1	admixture	dtohmm_ex	1599554	090	967164.634146342	0.293333333333333	0.118705035971223	0.169014084507042	0.567333333333333	0.384313725490196	0.706666666666667	80872	0.017262	147162.419660366	793074.9999999999	3	1339990	3	8752639	33	2080233
N560	763	437	215	85	0.2	1	admixture	gqshmm	1599554	090	967164.634146342	0.283333333333333	0.162835249042146	0.206812652068127	0.565333333333333	0.364166666666667	0.716666666666667	80872	0.017262	147162.419660366	793074.9999999999	3	1339990	3	8752639	33	2080233
N560	1164	186	132	18	0.1	1	admixture	bcbhmm_ex	1599554	090	967164.634146342	0.12	0.0882352941176471	0.101694915254237	0.788	0.137777777777778	0.88	80872	0.017262	147162.419660366	793074.9999999999	3	1339990	3	8752639	33	2080233
N560	771	579	86	64	0.1	1	admixture	pbphmm_ex	1599554	090	967164.634146342	0.426666666666667	0.0995334370139969	0.16141235813367	0.556666666666667	0.428888888888889	0.573333333333333	80872	0.017262	147162.419660366	793074.9999999999	3	1339990	3	8752639	33	2080233
N560	871	479	111	39	0.1	1	admixture	gqshmm	1599554	090	967164.634146342	0.26	0.0752895752895753	0.116766467065868	0.606666666666667	0.354814814814815	0.74	80872	0.017262	147162.419660366	793074.9999999999	3	1339990	3	8752639	33	2080233
N560	1119	81	254	46	0.2	1	admixture	cqshmm	1599554	090	967164.634146342	0.153333333333333	0.362204724409449	0.215456674473068	0.776666666666667	0.0675	0.846666666666667	80872	0.017262	147162.419660366	793074.9999999999	3	1339990	3	8752639	33	2080233
N560	641	559	142	158	0.2	1	admixture	mlthmm	1599554	090	967164.634146342	0.526666666666667	0.220362622036262	0.310717797443461	0.532666666666667	0.465833333333333	0.473333333333333	80872	0.017262	147162.419660366	793074.9999999999	3	1339990	3	8752639	33	2080233
N560	849	426	159	66	0.15	1	admixture	mlthmm_ex	1599554	090	967164.634146342	0.293333333333333	0.134146341463415	0.184100418410042	0.61	0.334117647058824	0.706666666666667	80872	0.017262	147162.419660366	793074.9999999999	3	1339990	3	8752639	33	2080233
N560	1013	412	54	21	0.05	1	admixture	cqshmm_ex	1599554	090	967164.634146342	0.28	0.0484988452655889	0.0826771653543307	0.689333333333333	0.289122807017544	0.72	80872	0.017262	147162.419660366	793074.9999999999	3	1339990	3	8752639	33	2080233
N560	1404	21	75	0	0.05	1	admixture	phlag_dto_eap01_ena4_esp001	1599554	090	4.08082437515259	0	0	0	0.936	0.0147368421052632	1	80872	0.017262	147162.419660366	793074.9999999999	3	1339990	3	8752639	33	2080233
N560	1184	16	297	3	0.2	1	admixture	gqshmm_ex	1599554	090	967164.634146342	0.01	0.157894736842105	0.0188087774294671	0.791333333333333	0.0133333333333333	0.99	80872	0.017262	147162.419660366	793074.9999999999	3	1339990	3	8752639	33	2080233
N560	1358	67	72	3	0.05	1	admixture	bcbhmm	1599554	090	967164.634146342	0.04	0.0428571428571429	0.0413793103448276	0.907333333333333	0.0470175438596491	0.96	80872	0.017262	147162.419660366	793074.9999999999	3	1339990	3	8752639	33	2080233
N560	1219	56	225	0	0.15	1	admixture	phlag_dto_eap01_ena4_esp001	1599554	090	4.07898426055908	0	0	0	0.812666666666667	0.043921568627451	1	80872	0.017262	147162.419660366	793074.9999999999	3	1339990	3	8752639	33	2080233
N560	923	502	54	21	0.05	1	admixture	pbphmm_ex	1599554	090	967164.634146342	0.28	0.0401529636711281	0.0702341137123746	0.629333333333333	0.352280701754386	0.72	80872	0.017262	147162.419660366	793074.9999999999	3	1339990	3	8752639	33	2080233
N560	916	509	52	23	0.05	1	admixture	gqshmm	1599554	090	967164.634146342	0.306666666666667	0.0432330827067669	0.0757825370675453	0.626	0.35719298245614	0.693333333333333	80872	0.017262	147162.419660366	793074.9999999999	3	1339990	3	8752639	33	2080233
N560	1424	1	75	0	0.05	1	admixture	pbphmm	1599554	090	967164.634146342	0	0	0	0.949333333333333	0.000701754385964912	1	80872	0.017262	147162.419660366	793074.9999999999	3	1339990	3	8752639	33	2080233
N560	851	574	50	25	0.05	1	admixture	dtohmm_ex	1599554	090	967164.634146342	0.333333333333333	0.0417362270450751	0.0741839762611276	0.584	0.40280701754386	0.666666666666667	80872	0.017262	147162.419660366	793074.9999999999	3	1339990	3	8752639	33	2080233
N560	950	475	55	20	0.05	1	admixture	mlthmm_ex	1599554	090	967164.634146342	0.266666666666667	0.0404040404040404	0.0701754385964912	0.646666666666667	0.333333333333333	0.733333333333333	80872	0.017262	147162.419660366	793074.9999999999	3	1339990	3	8752639	33	2080233
N560	1340	85	65	10	0.05	1	admixture	cqshmm	1599554	090	967164.634146342	0.133333333333333	0.105263157894737	0.117647058823529	0.9	0.0596491228070175	0.866666666666667	80872	0.017262	147162.419660366	793074.9999999999	3	1339990	3	8752639	33	2080233
N560	757	668	43	32	0.05	1	admixture	mlthmm	1599554	090	967164.634146342	0.426666666666667	0.0457142857142857	0.0825806451612903	0.526	0.468771929824561	0.573333333333333	80872	0.017262	147162.419660366	793074.9999999999	3	1339990	3	8752639	33	2080233
N560	1349	1	150	0	0.1	1	admixture	pbphmm	1599554	090	967164.634146342	0	0	0	0.899333333333333	0.000740740740740741	1	80872	0.017262	147162.419660366	793074.9999999999	3	1339990	3	8752639	33	2080233
N560	822	528	107	43	0.1	1	admixture	dtohmm_ex	1599554	090	967164.634146342	0.286666666666667	0.0753064798598949	0.119278779472954	0.576666666666667	0.391111111111111	0.713333333333333	80872	0.017262	147162.419660366	793074.9999999999	3	1339990	3	8752639	33	2080233
N560	827	373	210	90	0.2	1	admixture	cqshmm_ex	1599554	090	967164.634146342	0.3	0.19438444924406	0.235910878112713	0.611333333333333	0.310833333333333	0.7	80872	0.017262	147162.419660366	793074.9999999999	3	1339990	3	8752639	33	2080233
N560	1304	121	70	5	0.05	1	admixture	gqshmm_ex	1599554	090	967164.634146342	0.0666666666666667	0.0396825396825397	0.0497512437810945	0.872666666666667	0.0849122807017544	0.933333333333333	80872	0.017262	147162.419660366	793074.9999999999	3	1339990	3	8752639	33	2080233
N560	939	336	163	62	0.15	1	admixture	cqshmm_ex	1599554	090	967164.634146342	0.275555555555556	0.155778894472362	0.199036918138042	0.667333333333333	0.263529411764706	0.724444444444444	80872	0.017262	147162.419660366	793074.9999999999	3	1339990	3	8752639	33	2080233
N560	1178	22	292	8	0.2	1	admixture	bcbhmm	1599554	090	967164.634146342	0.0266666666666667	0.266666666666667	0.0484848484848485	0.790666666666667	0.0183333333333333	0.973333333333333	80872	0.017262	147162.419660366	793074.9999999999	3	1339990	3	8752639	33	2080233
N560	1038	162	259	41	0.2	1	admixture	bcbhmm_ex	1599554	090	967164.634146342	0.136666666666667	0.201970443349754	0.163021868787276	0.719333333333333	0.135	0.863333333333333	80872	0.017262	147162.419660366	793074.9999999999	3	1339990	3	8752639	33	2080233
N560	685	515	176	124	0.2	1	admixture	pbphmm_ex	1599554	090	967164.634146342	0.413333333333333	0.194053208137715	0.264110756123536	0.539333333333333	0.429166666666667	0.586666666666667	80872	0.017262	147162.419660366	793074.9999999999	3	1339990	3	8752639	33	2080233
N560	1306	44	145	5	0.1	1	admixture	bcbhmm	1599554	090	967164.634146342	0.0333333333333333	0.102040816326531	0.050251256281407	0.874	0.0325925925925926	0.966666666666667	80872	0.017262	147162.419660366	793074.9999999999	3	1339990	3	8752639	33	2080233
N560	1250	25	217	8	0.15	1	admixture	bcbhmm	1599554	090	967164.634146342	0.0355555555555556	0.242424242424242	0.062015503875969	0.838666666666667	0.0196078431372549	0.964444444444444	80872	0.017262	147162.419660366	793074.9999999999	3	1339990	3	8752639	33	2080233
N560	1403	67	30	0	0.02	1	admixture	bcbhmm	1599554	090	967164.634146342	0	0	0	0.935333333333333	0.045578231292517	1	80872	0.017262	147162.419660366	793074.9999999999	3	1339990	3	8752639	33	2080233
N560	1274	196	28	2	0.02	1	admixture	bcbhmm_ex	1599554	090	967164.634146342	0.0666666666666667	0.0101010101010101	0.0175438596491228	0.850666666666667	0.133333333333333	0.933333333333333	80872	0.017262	147162.419660366	793074.9999999999	3	1339990	3	8752639	33	2080233
N560	963	507	23	7	0.02	1	admixture	pbphmm_ex	1599554	090	967164.634146342	0.233333333333333	0.0136186770428016	0.0257352941176471	0.646666666666667	0.344897959183673	0.766666666666667	80872	0.017262	147162.419660366	793074.9999999999	3	1339990	3	8752639	33	2080233
N560	706	419	228	147	0.25	1	admixture	pbphmm_ex	1599554	090	967164.634146342	0.392	0.259717314487633	0.312433581296493	0.568666666666667	0.372444444444444	0.608	80872	0.017262	147162.419660366	793074.9999999999	3	1339990	3	8752639	33	2080233
N560	725	400	274	101	0.25	1	admixture	gqshmm	1599554	090	967164.634146342	0.269333333333333	0.201596806387226	0.230593607305936	0.550666666666667	0.355555555555556	0.730666666666667	80872	0.017262	147162.419660366	793074.9999999999	3	1339990	3	8752639	33	2080233
N560	945	525	21	9	0.02	1	admixture	gqshmm	1599554	090	967164.634146342	0.3	0.0168539325842697	0.0319148936170213	0.636	0.357142857142857	0.7	80872	0.017262	147162.419660366	793074.9999999999	3	1339990	3	8752639	33	2080233
N560	1077	123	294	6	0.2	1	admixture	phlag_dto_eap01_ena4_esp001	1599554	090	4.12074756622314	0.02	0.0465116279069767	0.027972027972028	0.722	0.1025	0.98	80872	0.017262	147162.419660366	793074.9999999999	3	1339990	3	8752639	33	2080233
N560	1147	203	126	24	0.1	1	admixture	cqshmm_ex	1599554	090	967164.634146342	0.16	0.105726872246696	0.127320954907162	0.780666666666667	0.15037037037037	0.84	80872	0.017262	147162.419660366	793074.9999999999	3	1339990	3	8752639	33	2080233
N560	629	571	183	117	0.2	1	admixture	dtohmm	1599554	090	967164.634146342	0.39	0.170058139534884	0.236842105263158	0.497333333333333	0.475833333333333	0.61	80872	0.017262	147162.419660366	793074.9999999999	3	1339990	3	8752639	33	2080233
N560	1077	123	224	76	0.2	1	admixture	phlag_dto_eap01_ena4_esp001_ex	1599554	090	4.12074756622314	0.253333333333333	0.381909547738693	0.304609218436874	0.768666666666667	0.1025	0.746666666666667	80872	0.017262	147162.419660366	793074.9999999999	3	1339990	3	8752639	33	2080233
N560	722	628	60	90	0.1	1	admixture	dtohmm	1599554	090	967164.634146342	0.6	0.125348189415042	0.207373271889401	0.541333333333333	0.465185185185185	0.4	80872	0.017262	147162.419660366	793074.9999999999	3	1339990	3	8752639	33	2080233
N560	767	583	75	75	0.1	1	admixture	phlag_dto_eap01_ena4_esp001_ex	1599554	090	4.02335500717163	0.5	0.113981762917933	0.185643564356436	0.561333333333333	0.431851851851852	0.5	80872	0.017262	147162.419660366	793074.9999999999	3	1339990	3	8752639	33	2080233
N560	760	515	6	219	0.15	1	admixture	phlag_dto_eap01_ena4_esp001_ex	1599554	090	4.07898426055908	0.973333333333333	0.298365122615804	0.456725755995829	0.652666666666667	0.403921568627451	0.0266666666666667	80872	0.017262	147162.419660366	793074.9999999999	3	1339990	3	8752639	33	2080233
N560	1095	180	192	33	0.15	1	admixture	bcbhmm_ex	1599554	090	967164.634146342	0.146666666666667	0.154929577464789	0.150684931506849	0.752	0.141176470588235	0.853333333333333	80872	0.017262	147162.419660366	793074.9999999999	3	1339990	3	8752639	33	2080233
N560	668	607	118	107	0.15	1	admixture	pbphmm_ex	1599554	090	967164.634146342	0.475555555555556	0.149859943977591	0.22790202342918	0.516666666666667	0.476078431372549	0.524444444444444	80872	0.017262	147162.419660366	793074.9999999999	3	1339990	3	8752639	33	2080233
N560	828	447	163	62	0.15	1	admixture	gqshmm	1599554	090	967164.634146342	0.275555555555556	0.121807465618861	0.168937329700272	0.593333333333333	0.350588235294118	0.724444444444444	80872	0.017262	147162.419660366	793074.9999999999	3	1339990	3	8752639	33	2080233
N560	987	138	330	45	0.25	1	admixture	bcbhmm_ex	1599554	090	967164.634146342	0.12	0.245901639344262	0.161290322580645	0.688	0.122666666666667	0.88	80872	0.017262	147162.419660366	793074.9999999999	3	1339990	3	8752639	33	2080233
N560	784	641	33	42	0.05	1	admixture	dtohmm	1599554	090	967164.634146342	0.56	0.061493411420205	0.110817941952507	0.550666666666667	0.449824561403509	0.44	80872	0.017262	147162.419660366	793074.9999999999	3	1339990	3	8752639	33	2080233
N560	834	591	0	75	0.05	1	admixture	phlag_dto_eap01_ena4_esp001_ex	1599554	090	4.08082437515259	1	0.112612612612613	0.202429149797571	0.606	0.414736842105263	0	80872	0.017262	147162.419660366	793074.9999999999	3	1339990	3	8752639	33	2080233
N560	1124	1	375	0	0.25	1	admixture	pbphmm	1599554	090	967164.634146342	0	0	0	0.749333333333333	0.000888888888888889	1	80872	0.017262	147162.419660366	793074.9999999999	3	1339990	3	8752639	33	2080233
N560	695	430	270	105	0.25	1	admixture	dtohmm_ex	1599554	090	967164.634146342	0.28	0.196261682242991	0.230769230769231	0.533333333333333	0.382222222222222	0.72	80872	0.017262	147162.419660366	793074.9999999999	3	1339990	3	8752639	33	2080233
N560	1343	127	27	3	0.02	1	admixture	gqshmm_ex	1599554	090	967164.634146342	0.1	0.0230769230769231	0.0375	0.897333333333333	0.0863945578231293	0.9	80872	0.017262	147162.419660366	793074.9999999999	3	1339990	3	8752639	33	2080233
N560	750	375	0	375	0.25	1	admixture	phlag_dto_eap01_ena4_esp001_ex	1599554	090	4.06003093719482	1	0.5	0.666666666666667	0.75	0.333333333333333	0	80872	0.017262	147162.419660366	793074.9999999999	3	1339990	3	8752639	33	2080233
N560	1175	100	207	18	0.15	1	admixture	gqshmm_ex	1599554	090	967164.634146342	0.08	0.152542372881356	0.104956268221574	0.795333333333333	0.0784313725490196	0.92	80872	0.017262	147162.419660366	793074.9999999999	3	1339990	3	8752639	33	2080233
N560	661	614	137	88	0.15	1	admixture	dtohmm	1599554	090	967164.634146342	0.391111111111111	0.125356125356125	0.189859762675297	0.499333333333333	0.48156862745098	0.608888888888889	80872	0.017262	147162.419660366	793074.9999999999	3	1339990	3	8752639	33	2080233
N560	1287	63	134	16	0.1	1	admixture	cqshmm	1599554	090	967164.634146342	0.106666666666667	0.20253164556962	0.139737991266376	0.868666666666667	0.0466666666666667	0.893333333333333	80872	0.017262	147162.419660366	793074.9999999999	3	1339990	3	8752639	33	2080233
N560	720	630	90	60	0.1	1	admixture	mlthmm	1599554	090	967164.634146342	0.4	0.0869565217391304	0.142857142857143	0.52	0.466666666666667	0.6	80872	0.017262	147162.419660366	793074.9999999999	3	1339990	3	8752639	33	2080233
N560	1006	464	30	0	0.02	1	admixture	phlag_dto_eap01_ena4_esp001_ex	1599554	090	4.08082437515259	0	0	0	0.670666666666667	0.315646258503401	1	80872	0.017262	147162.419660366	793074.9999999999	3	1339990	3	8752639	33	2080233
N560	1078	47	356	19	0.25	1	admixture	bcbhmm	1599554	090	967164.634146342	0.0506666666666667	0.287878787878788	0.0861678004535147	0.731333333333333	0.0417777777777778	0.949333333333333	80872	0.017262	147162.419660366	793074.9999999999	3	1339990	3	8752639	33	2080233
N560	1336	134	30	0	0.02	1	admixture	phlag_dto_eap01_ena4_esp001	1599554	090	4.08082437515259	0	0	0	0.890666666666667	0.091156462585034	1	80872	0.017262	147162.419660366	793074.9999999999	3	1339990	3	8752639	33	2080233
N560	1031	94	0	375	0.25	1	admixture	phlag_dto_eap01_ena4_esp001	1599554	090	4.06003093719482	1	0.799573560767591	0.888625592417062	0.937333333333333	0.0835555555555555	0	80872	0.017262	147162.419660366	793074.9999999999	3	1339990	3	8752639	33	2080233
N560	1329	21	150	0	0.1	1	admixture	phlag_dto_eap01_ena4_esp001	1599554	090	4.02335500717163	0	0	0	0.886	0.0155555555555556	1	80872	0.017262	147162.419660366	793074.9999999999	3	1339990	3	8752639	33	2080233
N560	901	449	108	42	0.1	1	admixture	mlthmm_ex	1599554	090	967164.634146342	0.28	0.0855397148676171	0.131045241809672	0.628666666666667	0.332592592592593	0.72	80872	0.017262	147162.419660366	793074.9999999999	3	1339990	3	8752639	33	2080233
N560	1052	73	344	31	0.25	1	admixture	cqshmm	1599554	090	967164.634146342	0.0826666666666667	0.298076923076923	0.129436325678497	0.722	0.0648888888888889	0.917333333333333	80872	0.017262	147162.419660366	793074.9999999999	3	1339990	3	8752639	33	2080233
N560	1469	1	30	0	0.02	1	admixture	pbphmm	1599554	090	967164.634146342	0	0	0	0.979333333333333	0.000680272108843537	1	80872	0.017262	147162.419660366	793074.9999999999	3	1339990	3	8752639	33	2080233
N560	812	658	16	14	0.02	1	admixture	dtohmm	1599554	090	967164.634146342	0.466666666666667	0.0208333333333333	0.0398860398860399	0.550666666666667	0.447619047619048	0.533333333333333	80872	0.017262	147162.419660366	793074.9999999999	3	1339990	3	8752639	33	2080233
N560	1233	117	137	13	0.1	1	admixture	gqshmm_ex	1599554	090	967164.634146342	0.0866666666666667	0.1	0.0928571428571429	0.830666666666667	0.0866666666666667	0.913333333333333	80872	0.017262	147162.419660366	793074.9999999999	3	1339990	3	8752639	33	2080233
N560	919	551	22	8	0.02	1	admixture	mlthmm_ex	1599554	090	967164.634146342	0.266666666666667	0.0143112701252236	0.0271646859083192	0.618	0.374829931972789	0.733333333333333	80872	0.017262	147162.419660366	793074.9999999999	3	1339990	3	8752639	33	2080233
N560	948	177	314	61	0.25	1	admixture	cqshmm_ex	1599554	090	967164.634146342	0.162666666666667	0.256302521008403	0.199021207177814	0.672666666666667	0.157333333333333	0.837333333333333	80872	0.017262	147162.419660366	793074.9999999999	3	1339990	3	8752639	33	2080233
N560	883	587	20	10	0.02	1	admixture	dtohmm_ex	1599554	090	967164.634146342	0.333333333333333	0.016750418760469	0.0318979266347687	0.595333333333333	0.399319727891156	0.666666666666667	80872	0.017262	147162.419660366	793074.9999999999	3	1339990	3	8752639	33	2080233
N560	782	343	334	41	0.25	1	admixture	dtohmm	1599554	090	967164.634146342	0.109333333333333	0.106770833333333	0.108036890645586	0.548666666666667	0.304888888888889	0.890666666666667	80872	0.017262	147162.419660366	793074.9999999999	3	1339990	3	8752639	33	2080233
N560	786	684	20	10	0.02	1	admixture	mlthmm	1599554	090	967164.634146342	0.333333333333333	0.0144092219020173	0.0276243093922652	0.530666666666667	0.46530612244898	0.666666666666667	80872	0.017262	147162.419660366	793074.9999999999	3	1339990	3	8752639	33	2080233
N560	644	481	243	132	0.25	1	admixture	mlthmm	1599554	090	967164.634146342	0.352	0.215334420880914	0.267206477732794	0.517333333333333	0.427555555555556	0.648	80872	0.017262	147162.419660366	793074.9999999999	3	1339990	3	8752639	33	2080233
N560	688	437	254	121	0.25	1	admixture	mlthmm_ex	1599554	090	967164.634146342	0.322666666666667	0.216845878136201	0.259378349410504	0.539333333333333	0.388444444444444	0.677333333333333	80872	0.017262	147162.419660366	793074.9999999999	3	1339990	3	8752639	33	2080233
N560	1263	207	26	4	0.02	1	admixture	cqshmm_ex	1599554	090	967164.634146342	0.133333333333333	0.018957345971564	0.033195020746888	0.844666666666667	0.140816326530612	0.866666666666667	80872	0.017262	147162.419660366	793074.9999999999	3	1339990	3	8752639	33	2080233
N560	1110	15	371	4	0.25	1	admixture	gqshmm_ex	1599554	090	967164.634146342	0.0106666666666667	0.210526315789474	0.0203045685279188	0.742666666666667	0.0133333333333333	0.989333333333333	80872	0.017262	147162.419660366	793074.9999999999	3	1339990	3	8752639	33	2080233
N560	1364	106	30	0	0.02	1	admixture	cqshmm	1599554	090	967164.634146342	0	0	0	0.909333333333333	0.072108843537415	1	80872	0.017262	147162.419660366	793074.9999999999	3	1339990	3	8752639	33	2080233
N576	1198	2	1	299	0.2	1	admixture	phlag_dto_eap01_ena4_esp001_ex	2599554	090	0.272661566734314	0.996666666666667	0.993355481727575	0.995008319467554	0.998	0.00166666666666667	0.00333333333333333	273980	0.001351	306573.430197372	160641.99999999997	33	2236544	14	7223652	22	44519861
N576	1173	27	292	8	0.2	1	admixture	dtohmm	2599554	090	195904.878048781	0.0266666666666667	0.228571428571429	0.0477611940298507	0.787333333333333	0.0225	0.973333333333333	273980	0.001351	306573.430197372	160641.99999999997	33	2236544	14	7223652	22	44519861
N576	1000	275	175	50	0.15	1	admixture	mlthmm_ex	2599554	090	195904.878048781	0.222222222222222	0.153846153846154	0.181818181818182	0.7	0.215686274509804	0.777777777777778	273980	0.001351	306573.430197372	160641.99999999997	33	2236544	14	7223652	22	44519861
N576	1090	110	272	28	0.2	1	admixture	gqshmm_ex	2599554	090	195904.878048781	0.0933333333333333	0.202898550724638	0.127853881278539	0.745333333333333	0.0916666666666667	0.906666666666667	273980	0.001351	306573.430197372	160641.99999999997	33	2236544	14	7223652	22	44519861
N576	1231	44	221	4	0.15	1	admixture	cqshmm	2599554	090	195904.878048781	0.0177777777777778	0.0833333333333333	0.0293040293040293	0.823333333333333	0.0345098039215686	0.982222222222222	273980	0.001351	306573.430197372	160641.99999999997	33	2236544	14	7223652	22	44519861
N576	1263	12	223	2	0.15	1	admixture	mlthmm	2599554	090	195904.878048781	0.00888888888888889	0.142857142857143	0.0167364016736402	0.843333333333333	0.00941176470588235	0.991111111111111	273980	0.001351	306573.430197372	160641.99999999997	33	2236544	14	7223652	22	44519861
N576	1186	14	300	0	0.2	1	admixture	phlag_dto_eap01_ena4_esp001	2599554	090	0.272661566734314	0	0	0	0.790666666666667	0.0116666666666667	1	273980	0.001351	306573.430197372	160641.99999999997	33	2236544	14	7223652	22	44519861
N576	1006	119	344	31	0.25	1	admixture	gqshmm_ex	2599554	090	195904.878048781	0.0826666666666667	0.206666666666667	0.118095238095238	0.691333333333333	0.105777777777778	0.917333333333333	273980	0.001351	306573.430197372	160641.99999999997	33	2236544	14	7223652	22	44519861
N576	1156	119	204	21	0.15	1	admixture	gqshmm_ex	2599554	090	195904.878048781	0.0933333333333333	0.15	0.115068493150685	0.784666666666667	0.0933333333333333	0.906666666666667	273980	0.001351	306573.430197372	160641.99999999997	33	2236544	14	7223652	22	44519861
N576	1247	28	217	8	0.15	1	admixture	dtohmm	2599554	090	195904.878048781	0.0355555555555556	0.222222222222222	0.0613026819923372	0.836666666666667	0.0219607843137255	0.964444444444444	273980	0.001351	306573.430197372	160641.99999999997	33	2236544	14	7223652	22	44519861
N576	896	379	225	0	0.15	1	admixture	phlag_dto_eap01_ena4_esp001_ex	2599554	090	0.280384063720703	0	0	0	0.597333333333333	0.297254901960784	1	273980	0.001351	306573.430197372	160641.99999999997	33	2236544	14	7223652	22	44519861
N576	1265	10	225	0	0.15	1	admixture	bcbhmm	2599554	090	195904.878048781	0	0	0	0.843333333333333	0.00784313725490196	1	273980	0.001351	306573.430197372	160641.99999999997	33	2236544	14	7223652	22	44519861
N576	764	511	116	109	0.15	1	admixture	bcbhmm_ex	2599554	090	195904.878048781	0.484444444444444	0.175806451612903	0.257988165680473	0.582	0.40078431372549	0.515555555555556	273980	0.001351	306573.430197372	160641.99999999997	33	2236544	14	7223652	22	44519861
N576	1155	120	210	15	0.15	1	admixture	pbphmm_ex	2599554	090	195904.878048781	0.0666666666666667	0.111111111111111	0.0833333333333333	0.78	0.0941176470588235	0.933333333333333	273980	0.001351	306573.430197372	160641.99999999997	33	2236544	14	7223652	22	44519861
N576	1121	154	199	26	0.15	1	admixture	pbphmm	2599554	090	195904.878048781	0.115555555555556	0.144444444444444	0.128395061728395	0.764666666666667	0.12078431372549	0.884444444444444	273980	0.001351	306573.430197372	160641.99999999997	33	2236544	14	7223652	22	44519861
N576	671	604	101	124	0.15	1	admixture	dtohmm_ex	2599554	090	195904.878048781	0.551111111111111	0.17032967032967	0.260230849947534	0.53	0.473725490196078	0.448888888888889	273980	0.001351	306573.430197372	160641.99999999997	33	2236544	14	7223652	22	44519861
N576	1326	144	24	6	0.02	1	admixture	gqshmm	2599554	090	195904.878048781	0.2	0.04	0.0666666666666667	0.888	0.0979591836734694	0.8	273980	0.001351	306573.430197372	160641.99999999997	33	2236544	14	7223652	22	44519861
N576	1094	31	367	8	0.25	1	admixture	dtohmm	2599554	090	195904.878048781	0.0213333333333333	0.205128205128205	0.0386473429951691	0.734666666666667	0.0275555555555556	0.978666666666667	273980	0.001351	306573.430197372	160641.99999999997	33	2236544	14	7223652	22	44519861
N576	1114	11	0	375	0.25	1	admixture	phlag_dto_eap01_ena4_esp001_ex	2599554	090	0.262816578149796	1	0.971502590673575	0.985545335085414	0.992666666666667	0.00977777777777778	0	273980	0.001351	306573.430197372	160641.99999999997	33	2236544	14	7223652	22	44519861
N576	819	456	158	67	0.15	1	admixture	cqshmm_ex	2599554	090	195904.878048781	0.297777777777778	0.12810707456979	0.179144385026738	0.590666666666667	0.357647058823529	0.702222222222222	273980	0.001351	306573.430197372	160641.99999999997	33	2236544	14	7223652	22	44519861
N576	1167	108	225	0	0.15	1	admixture	phlag_dto_eap01_ena4_esp001	2599554	090	0.280384063720703	0	0	0	0.778	0.0847058823529412	1	273980	0.001351	306573.430197372	160641.99999999997	33	2236544	14	7223652	22	44519861
N576	1375	95	30	0	0.02	1	admixture	mlthmm	2599554	090	195904.878048781	0	0	0	0.916666666666667	0.0646258503401361	1	273980	0.001351	306573.430197372	160641.99999999997	33	2236544	14	7223652	22	44519861
N576	764	706	12	18	0.02	1	admixture	cqshmm_ex	2599554	090	195904.878048781	0.6	0.0248618784530387	0.0477453580901857	0.521333333333333	0.480272108843537	0.4	273980	0.001351	306573.430197372	160641.99999999997	33	2236544	14	7223652	22	44519861
N576	1456	14	30	0	0.02	1	admixture	phlag_dto_eap01_ena4_esp001	2599554	090	0.283319234848022	0	0	0	0.970666666666667	0.00952380952380952	1	273980	0.001351	306573.430197372	160641.99999999997	33	2236544	14	7223652	22	44519861
N576	1327	143	24	6	0.02	1	admixture	gqshmm_ex	2599554	090	195904.878048781	0.2	0.0402684563758389	0.0670391061452514	0.888666666666667	0.0972789115646259	0.8	273980	0.001351	306573.430197372	160641.99999999997	33	2236544	14	7223652	22	44519861
N576	1441	29	28	2	0.02	1	admixture	dtohmm	2599554	090	195904.878048781	0.0666666666666667	0.0645161290322581	0.0655737704918033	0.962	0.0197278911564626	0.933333333333333	273980	0.001351	306573.430197372	160641.99999999997	33	2236544	14	7223652	22	44519861
N576	1009	461	30	0	0.02	1	admixture	phlag_dto_eap01_ena4_esp001_ex	2599554	090	0.283319234848022	0	0	0	0.672666666666667	0.313605442176871	1	273980	0.001351	306573.430197372	160641.99999999997	33	2236544	14	7223652	22	44519861
N576	1156	119	204	21	0.15	1	admixture	gqshmm	2599554	090	195904.878048781	0.0933333333333333	0.15	0.115068493150685	0.784666666666667	0.0933333333333333	0.906666666666667	273980	0.001351	306573.430197372	160641.99999999997	33	2236544	14	7223652	22	44519861
N576	1315	155	30	0	0.02	1	admixture	pbphmm_ex	2599554	090	195904.878048781	0	0	0	0.876666666666667	0.105442176870748	1	273980	0.001351	306573.430197372	160641.99999999997	33	2236544	14	7223652	22	44519861
N576	1124	1	253	122	0.25	1	admixture	phlag_dto_eap01_ena4_esp001	2599554	090	0.262816578149796	0.325333333333333	0.991869918699187	0.48995983935743	0.830666666666667	0.000888888888888889	0.674666666666667	273980	0.001351	306573.430197372	160641.99999999997	33	2236544	14	7223652	22	44519861
N576	1283	187	23	7	0.02	1	admixture	pbphmm	2599554	090	195904.878048781	0.233333333333333	0.0360824742268041	0.0625	0.86	0.127210884353742	0.766666666666667	273980	0.001351	306573.430197372	160641.99999999997	33	2236544	14	7223652	22	44519861
N576	765	705	22	8	0.02	1	admixture	dtohmm_ex	2599554	090	195904.878048781	0.266666666666667	0.0112201963534362	0.0215343203230148	0.515333333333333	0.479591836734694	0.733333333333333	273980	0.001351	306573.430197372	160641.99999999997	33	2236544	14	7223652	22	44519861
N576	1141	329	20	10	0.02	1	admixture	mlthmm_ex	2599554	090	195904.878048781	0.333333333333333	0.0294985250737463	0.0542005420054201	0.767333333333333	0.223809523809524	0.666666666666667	273980	0.001351	306573.430197372	160641.99999999997	33	2236544	14	7223652	22	44519861
N576	1438	32	26	4	0.02	1	admixture	cqshmm	2599554	090	195904.878048781	0.133333333333333	0.111111111111111	0.121212121212121	0.961333333333333	0.0217687074829932	0.866666666666667	273980	0.001351	306573.430197372	160641.99999999997	33	2236544	14	7223652	22	44519861
N576	1149	51	292	8	0.2	1	admixture	pbphmm	2599554	090	195904.878048781	0.0266666666666667	0.135593220338983	0.0445682451253482	0.771333333333333	0.0425	0.973333333333333	273980	0.001351	306573.430197372	160641.99999999997	33	2236544	14	7223652	22	44519861
N576	622	578	133	167	0.2	1	admixture	dtohmm_ex	2599554	090	195904.878048781	0.556666666666667	0.224161073825503	0.319617224880383	0.526	0.481666666666667	0.443333333333333	273980	0.001351	306573.430197372	160641.99999999997	33	2236544	14	7223652	22	44519861
N576	904	296	222	78	0.2	1	admixture	mlthmm_ex	2599554	090	195904.878048781	0.26	0.20855614973262	0.231454005934718	0.654666666666667	0.246666666666667	0.74	273980	0.001351	306573.430197372	160641.99999999997	33	2236544	14	7223652	22	44519861
N576	1167	33	296	4	0.2	1	admixture	cqshmm	2599554	090	195904.878048781	0.0133333333333333	0.108108108108108	0.0237388724035608	0.780666666666667	0.0275	0.986666666666667	273980	0.001351	306573.430197372	160641.99999999997	33	2236544	14	7223652	22	44519861
N576	1188	12	298	2	0.2	1	admixture	mlthmm	2599554	090	195904.878048781	0.00666666666666667	0.142857142857143	0.0127388535031847	0.793333333333333	0.01	0.993333333333333	273980	0.001351	306573.430197372	160641.99999999997	33	2236544	14	7223652	22	44519861
N576	724	476	191	109	0.2	1	admixture	cqshmm_ex	2599554	090	195904.878048781	0.363333333333333	0.186324786324786	0.246327683615819	0.555333333333333	0.396666666666667	0.636666666666667	273980	0.001351	306573.430197372	160641.99999999997	33	2236544	14	7223652	22	44519861
N576	1461	9	30	0	0.02	1	admixture	bcbhmm	2599554	090	195904.878048781	0	0	0	0.974	0.00612244897959184	1	273980	0.001351	306573.430197372	160641.99999999997	33	2236544	14	7223652	22	44519861
N576	883	587	14	16	0.02	1	admixture	bcbhmm_ex	2599554	090	195904.878048781	0.533333333333333	0.0265339966832504	0.0505529225908373	0.599333333333333	0.399319727891156	0.466666666666667	273980	0.001351	306573.430197372	160641.99999999997	33	2236544	14	7223652	22	44519861
N576	1413	12	75	0	0.05	1	admixture	bcbhmm	2599554	090	195904.878048781	0	0	0	0.942	0.00842105263157895	1	273980	0.001351	306573.430197372	160641.99999999997	33	2236544	14	7223652	22	44519861
N576	1190	10	300	0	0.2	1	admixture	bcbhmm	2599554	090	195904.878048781	0	0	0	0.793333333333333	0.00833333333333333	1	273980	0.001351	306573.430197372	160641.99999999997	33	2236544	14	7223652	22	44519861
N576	717	483	160	140	0.2	1	admixture	bcbhmm_ex	2599554	090	195904.878048781	0.466666666666667	0.224719101123595	0.303358613217768	0.571333333333333	0.4025	0.533333333333333	273980	0.001351	306573.430197372	160641.99999999997	33	2236544	14	7223652	22	44519861
N576	1088	112	282	18	0.2	1	admixture	pbphmm_ex	2599554	090	195904.878048781	0.06	0.138461538461538	0.0837209302325581	0.737333333333333	0.0933333333333333	0.94	273980	0.001351	306573.430197372	160641.99999999997	33	2236544	14	7223652	22	44519861
N576	1090	110	272	28	0.2	1	admixture	gqshmm	2599554	090	195904.878048781	0.0933333333333333	0.202898550724638	0.127853881278539	0.745333333333333	0.0916666666666667	0.906666666666667	273980	0.001351	306573.430197372	160641.99999999997	33	2236544	14	7223652	22	44519861
N576	740	685	45	30	0.05	1	admixture	dtohmm_ex	2599554	090	195904.878048781	0.4	0.041958041958042	0.0759493670886076	0.513333333333333	0.480701754385965	0.6	273980	0.001351	306573.430197372	160641.99999999997	33	2236544	14	7223652	22	44519861
N576	1110	315	58	17	0.05	1	admixture	mlthmm_ex	2599554	090	195904.878048781	0.226666666666667	0.0512048192771084	0.0835380835380835	0.751333333333333	0.221052631578947	0.773333333333333	273980	0.001351	306573.430197372	160641.99999999997	33	2236544	14	7223652	22	44519861
N576	1377	48	71	4	0.05	1	admixture	cqshmm	2599554	090	195904.878048781	0.0533333333333333	0.0769230769230769	0.062992125984252	0.920666666666667	0.0336842105263158	0.946666666666667	273980	0.001351	306573.430197372	160641.99999999997	33	2236544	14	7223652	22	44519861
N576	1302	123	47	28	0.05	1	admixture	mlthmm	2599554	090	195904.878048781	0.373333333333333	0.185430463576159	0.247787610619469	0.886666666666667	0.0863157894736842	0.626666666666667	273980	0.001351	306573.430197372	160641.99999999997	33	2236544	14	7223652	22	44519861
N576	945	480	58	17	0.05	1	admixture	cqshmm_ex	2599554	090	195904.878048781	0.226666666666667	0.03420523138833	0.0594405594405594	0.641333333333333	0.336842105263158	0.773333333333333	273980	0.001351	306573.430197372	160641.99999999997	33	2236544	14	7223652	22	44519861
N576	1317	108	75	0	0.05	1	admixture	phlag_dto_eap01_ena4_esp001	2599554	090	0.287303775548935	0	0	0	0.878	0.0757894736842105	1	273980	0.001351	306573.430197372	160641.99999999997	33	2236544	14	7223652	22	44519861
N576	1287	138	65	10	0.05	1	admixture	gqshmm_ex	2599554	090	195904.878048781	0.133333333333333	0.0675675675675676	0.0896860986547085	0.864666666666667	0.0968421052631579	0.866666666666667	273980	0.001351	306573.430197372	160641.99999999997	33	2236544	14	7223652	22	44519861
N576	1390	35	73	2	0.05	1	admixture	dtohmm	2599554	090	195904.878048781	0.0266666666666667	0.0540540540540541	0.0357142857142857	0.928	0.0245614035087719	0.973333333333333	273980	0.001351	306573.430197372	160641.99999999997	33	2236544	14	7223652	22	44519861
N576	692	733	75	0	0.05	1	admixture	phlag_dto_eap01_ena4_esp001_ex	2599554	090	0.287303775548935	0	0	0	0.461333333333333	0.514385964912281	1	273980	0.001351	306573.430197372	160641.99999999997	33	2236544	14	7223652	22	44519861
N576	853	572	35	40	0.05	1	admixture	bcbhmm_ex	2599554	090	195904.878048781	0.533333333333333	0.065359477124183	0.116448326055313	0.595333333333333	0.40140350877193	0.466666666666667	273980	0.001351	306573.430197372	160641.99999999997	33	2236544	14	7223652	22	44519861
N576	1302	123	72	3	0.05	1	admixture	pbphmm_ex	2599554	090	195904.878048781	0.04	0.0238095238095238	0.0298507462686567	0.87	0.0863157894736842	0.96	273980	0.001351	306573.430197372	160641.99999999997	33	2236544	14	7223652	22	44519861
N576	1287	138	65	10	0.05	1	admixture	gqshmm	2599554	090	195904.878048781	0.133333333333333	0.0675675675675676	0.0896860986547085	0.864666666666667	0.0968421052631579	0.866666666666667	273980	0.001351	306573.430197372	160641.99999999997	33	2236544	14	7223652	22	44519861
N576	1247	178	64	11	0.05	1	admixture	pbphmm	2599554	090	195904.878048781	0.146666666666667	0.0582010582010582	0.0833333333333333	0.838666666666667	0.124912280701754	0.853333333333333	273980	0.001351	306573.430197372	160641.99999999997	33	2236544	14	7223652	22	44519861
N576	1111	14	375	0	0.25	1	admixture	bcbhmm	2599554	090	195904.878048781	0	0	0	0.740666666666667	0.0124444444444444	1	273980	0.001351	306573.430197372	160641.99999999997	33	2236544	14	7223652	22	44519861
N576	683	442	208	167	0.25	1	admixture	bcbhmm_ex	2599554	090	195904.878048781	0.445333333333333	0.274220032840722	0.339430894308943	0.566666666666667	0.392888888888889	0.554666666666667	273980	0.001351	306573.430197372	160641.99999999997	33	2236544	14	7223652	22	44519861
N576	827	298	296	79	0.25	1	admixture	pbphmm_ex	2599554	090	195904.878048781	0.210666666666667	0.209549071618037	0.210106382978723	0.604	0.264888888888889	0.789333333333333	273980	0.001351	306573.430197372	160641.99999999997	33	2236544	14	7223652	22	44519861
N576	1006	119	344	31	0.25	1	admixture	gqshmm	2599554	090	195904.878048781	0.0826666666666667	0.206666666666667	0.118095238095238	0.691333333333333	0.105777777777778	0.917333333333333	273980	0.001351	306573.430197372	160641.99999999997	33	2236544	14	7223652	22	44519861
N576	972	153	339	36	0.25	1	admixture	pbphmm	2599554	090	195904.878048781	0.096	0.19047619047619	0.127659574468085	0.672	0.136	0.904	273980	0.001351	306573.430197372	160641.99999999997	33	2236544	14	7223652	22	44519861
N576	545	580	211	164	0.25	1	admixture	dtohmm_ex	2599554	090	195904.878048781	0.437333333333333	0.220430107526882	0.293118856121537	0.472666666666667	0.515555555555556	0.562666666666667	273980	0.001351	306573.430197372	160641.99999999997	33	2236544	14	7223652	22	44519861
N576	771	354	263	112	0.25	1	admixture	mlthmm_ex	2599554	090	195904.878048781	0.298666666666667	0.240343347639485	0.266349583828775	0.588666666666667	0.314666666666667	0.701333333333333	273980	0.001351	306573.430197372	160641.99999999997	33	2236544	14	7223652	22	44519861
N576	1079	46	371	4	0.25	1	admixture	cqshmm	2599554	090	195904.878048781	0.0106666666666667	0.08	0.0188235294117647	0.722	0.0408888888888889	0.989333333333333	273980	0.001351	306573.430197372	160641.99999999997	33	2236544	14	7223652	22	44519861
N576	1112	13	372	3	0.25	1	admixture	mlthmm	2599554	090	195904.878048781	0.008	0.1875	0.0153452685421995	0.743333333333333	0.0115555555555556	0.992	273980	0.001351	306573.430197372	160641.99999999997	33	2236544	14	7223652	22	44519861
N576	672	453	224	151	0.25	1	admixture	cqshmm_ex	2599554	090	195904.878048781	0.402666666666667	0.25	0.308478038815117	0.548666666666667	0.402666666666667	0.597333333333333	273980	0.001351	306573.430197372	160641.99999999997	33	2236544	14	7223652	22	44519861
N576	1330	20	150	0	0.1	1	admixture	bcbhmm	2599554	090	195904.878048781	0	0	0	0.886666666666667	0.0148148148148148	1	273980	0.001351	306573.430197372	160641.99999999997	33	2236544	14	7223652	22	44519861
N576	812	538	74	76	0.1	1	admixture	bcbhmm_ex	2599554	090	195904.878048781	0.506666666666667	0.123778501628664	0.198952879581152	0.592	0.398518518518518	0.493333333333333	273980	0.001351	306573.430197372	160641.99999999997	33	2236544	14	7223652	22	44519861
N576	1205	145	145	5	0.1	1	admixture	pbphmm_ex	2599554	090	195904.878048781	0.0333333333333333	0.0333333333333333	0.0333333333333333	0.806666666666667	0.107407407407407	0.966666666666667	273980	0.001351	306573.430197372	160641.99999999997	33	2236544	14	7223652	22	44519861
N576	1220	130	135	15	0.1	1	admixture	gqshmm	2599554	090	195904.878048781	0.1	0.103448275862069	0.101694915254237	0.823333333333333	0.0962962962962963	0.9	273980	0.001351	306573.430197372	160641.99999999997	33	2236544	14	7223652	22	44519861
N576	1178	172	132	18	0.1	1	admixture	pbphmm	2599554	090	195904.878048781	0.12	0.0947368421052632	0.105882352941176	0.797333333333333	0.127407407407407	0.88	273980	0.001351	306573.430197372	160641.99999999997	33	2236544	14	7223652	22	44519861
N576	683	667	87	63	0.1	1	admixture	dtohmm_ex	2599554	090	195904.878048781	0.42	0.0863013698630137	0.143181818181818	0.497333333333333	0.494074074074074	0.58	273980	0.001351	306573.430197372	160641.99999999997	33	2236544	14	7223652	22	44519861
N576	987	363	115	35	0.1	1	admixture	mlthmm_ex	2599554	090	195904.878048781	0.233333333333333	0.0879396984924623	0.127737226277372	0.681333333333333	0.268888888888889	0.766666666666667	273980	0.001351	306573.430197372	160641.99999999997	33	2236544	14	7223652	22	44519861
N576	1309	41	144	6	0.1	1	admixture	cqshmm	2599554	090	195904.878048781	0.04	0.127659574468085	0.0609137055837563	0.876666666666667	0.0303703703703704	0.96	273980	0.001351	306573.430197372	160641.99999999997	33	2236544	14	7223652	22	44519861
N576	1331	19	150	0	0.1	1	admixture	mlthmm	2599554	090	195904.878048781	0	0	0	0.887333333333333	0.0140740740740741	1	273980	0.001351	306573.430197372	160641.99999999997	33	2236544	14	7223652	22	44519861
N576	843	507	101	49	0.1	1	admixture	cqshmm_ex	2599554	090	195904.878048781	0.326666666666667	0.0881294964028777	0.138810198300283	0.594666666666667	0.375555555555556	0.673333333333333	273980	0.001351	306573.430197372	160641.99999999997	33	2236544	14	7223652	22	44519861
N576	1242	108	150	0	0.1	1	admixture	phlag_dto_eap01_ena4_esp001	2599554	090	0.274644643068314	0	0	0	0.828	0.08	1	273980	0.001351	306573.430197372	160641.99999999997	33	2236544	14	7223652	22	44519861
N576	1220	130	135	15	0.1	1	admixture	gqshmm_ex	2599554	090	195904.878048781	0.1	0.103448275862069	0.101694915254237	0.823333333333333	0.0962962962962963	0.9	273980	0.001351	306573.430197372	160641.99999999997	33	2236544	14	7223652	22	44519861
N576	1319	31	146	4	0.1	1	admixture	dtohmm	2599554	090	195904.878048781	0.0266666666666667	0.114285714285714	0.0432432432432432	0.882	0.022962962962963	0.973333333333333	273980	0.001351	306573.430197372	160641.99999999997	33	2236544	14	7223652	22	44519861
N576	1130	220	1	149	0.1	1	admixture	phlag_dto_eap01_ena4_esp001_ex	2599554	090	0.274644643068314	0.993333333333333	0.403794037940379	0.574181117533719	0.852666666666667	0.162962962962963	0.00666666666666667	273980	0.001351	306573.430197372	160641.99999999997	33	2236544	14	7223652	22	44519861
N90	804	546	89	61	0.1	1	admixture	dtohmm_ex	2099554	090	1117832.92682927	0.406666666666667	0.100494233937397	0.16116248348745	0.576666666666667	0.404444444444444	0.593333333333333	408896	0.010112	155038.365850403	916622.9999999999	2	2304002	2	7912175	9	3691381
N90	946	179	351	24	0.25	1	admixture	cqshmm_ex	2099554	090	1117832.92682927	0.064	0.118226600985222	0.0830449826989619	0.646666666666667	0.159111111111111	0.936	408896	0.010112	155038.365850403	916622.9999999999	2	2304002	2	7912175	9	3691381
N90	885	465	36	114	0.1	1	admixture	pbphmm_ex	2099554	090	1117832.92682927	0.76	0.196891191709845	0.312757201646091	0.666	0.344444444444444	0.24	408896	0.010112	155038.365850403	916622.9999999999	2	2304002	2	7912175	9	3691381
N90	1348	2	8	142	0.1	1	admixture	bcbhmm	2099554	090	1117832.92682927	0.946666666666667	0.986111111111111	0.965986394557823	0.993333333333333	0.00148148148148148	0.0533333333333333	408896	0.010112	155038.365850403	916622.9999999999	2	2304002	2	7912175	9	3691381
N90	1350	0	150	0	0.1	1	admixture	phlag_dto_eap01_ena4_esp001_ex	2099554	090	3.5403778553009	0	NA	0	0.9	0	1	408896	0.010112	155038.365850403	916622.9999999999	2	2304002	2	7912175	9	3691381
N90	1348	2	8	142	0.1	1	admixture	cqshmm	2099554	090	1117832.92682927	0.946666666666667	0.986111111111111	0.965986394557823	0.993333333333333	0.00148148148148148	0.0533333333333333	408896	0.010112	155038.365850403	916622.9999999999	2	2304002	2	7912175	9	3691381
N90	639	711	120	30	0.1	1	admixture	gqshmm	2099554	090	1117832.92682927	0.2	0.0404858299595142	0.0673400673400673	0.446	0.526666666666667	0.8	408896	0.010112	155038.365850403	916622.9999999999	2	2304002	2	7912175	9	3691381
N90	813	537	135	15	0.1	1	admixture	mlthmm_ex	2099554	090	1117832.92682927	0.1	0.0271739130434783	0.0427350427350427	0.552	0.397777777777778	0.9	408896	0.010112	155038.365850403	916622.9999999999	2	2304002	2	7912175	9	3691381
N90	1348	2	8	142	0.1	1	admixture	pbphmm	2099554	090	1117832.92682927	0.946666666666667	0.986111111111111	0.965986394557823	0.993333333333333	0.00148148148148148	0.0533333333333333	408896	0.010112	155038.365850403	916622.9999999999	2	2304002	2	7912175	9	3691381
N90	1074	276	137	13	0.1	1	admixture	cqshmm_ex	2099554	090	1117832.92682927	0.0866666666666667	0.0449826989619377	0.0592255125284738	0.724666666666667	0.204444444444444	0.913333333333333	408896	0.010112	155038.365850403	916622.9999999999	2	2304002	2	7912175	9	3691381
N90	907	443	97	53	0.1	1	admixture	bcbhmm_ex	2099554	090	1117832.92682927	0.353333333333333	0.106854838709677	0.164086687306502	0.64	0.328148148148148	0.646666666666667	408896	0.010112	155038.365850403	916622.9999999999	2	2304002	2	7912175	9	3691381
N90	839	436	144	81	0.15	1	admixture	cqshmm_ex	2099554	090	1117832.92682927	0.36	0.156673114119923	0.21832884097035	0.613333333333333	0.341960784313726	0.64	408896	0.010112	155038.365850403	916622.9999999999	2	2304002	2	7912175	9	3691381
N90	1348	2	8	142	0.1	1	admixture	dtohmm	2099554	090	1117832.92682927	0.946666666666667	0.986111111111111	0.965986394557823	0.993333333333333	0.00148148148148148	0.0533333333333333	408896	0.010112	155038.365850403	916622.9999999999	2	2304002	2	7912175	9	3691381
N90	1125	0	40	335	0.25	1	admixture	mlthmm_ex	2099554	090	1117832.92682927	0.893333333333333	1	0.943661971830986	0.973333333333333	0	0.106666666666667	408896	0.010112	155038.365850403	916622.9999999999	2	2304002	2	7912175	9	3691381
N90	1125	0	8	367	0.25	1	admixture	cqshmm	2099554	090	1117832.92682927	0.978666666666667	1	0.98921832884097	0.994666666666667	0	0.0213333333333333	408896	0.010112	155038.365850403	916622.9999999999	2	2304002	2	7912175	9	3691381
N90	1125	0	40	335	0.25	1	admixture	mlthmm	2099554	090	1117832.92682927	0.893333333333333	1	0.943661971830986	0.973333333333333	0	0.106666666666667	408896	0.010112	155038.365850403	916622.9999999999	2	2304002	2	7912175	9	3691381
N90	1273	2	1	224	0.15	1	admixture	cqshmm	2099554	090	1117832.92682927	0.995555555555556	0.991150442477876	0.993348115299335	0.998	0.00156862745098039	0.00444444444444444	408896	0.010112	155038.365850403	916622.9999999999	2	2304002	2	7912175	9	3691381
N90	1273	2	1	224	0.15	1	admixture	phlag_dto_eap01_ena4_esp001	2099554	090	3.35245418548584	0.995555555555556	0.991150442477876	0.993348115299335	0.998	0.00156862745098039	0.00444444444444444	408896	0.010112	155038.365850403	916622.9999999999	2	2304002	2	7912175	9	3691381
N90	1125	0	8	367	0.25	1	admixture	bcbhmm	2099554	090	1117832.92682927	0.978666666666667	1	0.98921832884097	0.994666666666667	0	0.0213333333333333	408896	0.010112	155038.365850403	916622.9999999999	2	2304002	2	7912175	9	3691381
N90	752	373	242	133	0.25	1	admixture	bcbhmm_ex	2099554	090	1117832.92682927	0.354666666666667	0.262845849802372	0.301929625425653	0.59	0.331555555555556	0.645333333333333	408896	0.010112	155038.365850403	916622.9999999999	2	2304002	2	7912175	9	3691381
N90	1275	0	25	200	0.15	1	admixture	phlag_dto_eap01_ena4_esp001_ex	2099554	090	3.35245418548584	0.888888888888889	1	0.941176470588235	0.983333333333333	0	0.111111111111111	408896	0.010112	155038.365850403	916622.9999999999	2	2304002	2	7912175	9	3691381
N90	1347	3	8	142	0.1	1	admixture	mlthmm	2099554	090	1117832.92682927	0.946666666666667	0.979310344827586	0.96271186440678	0.992666666666667	0.00222222222222222	0.0533333333333333	408896	0.010112	155038.365850403	916622.9999999999	2	2304002	2	7912175	9	3691381
N90	1200	0	8	292	0.2	1	admixture	bcbhmm	2099554	090	1117832.92682927	0.973333333333333	1	0.986486486486487	0.994666666666667	0	0.0266666666666667	408896	0.010112	155038.365850403	916622.9999999999	2	2304002	2	7912175	9	3691381
N90	810	390	196	104	0.2	1	admixture	bcbhmm_ex	2099554	090	1117832.92682927	0.346666666666667	0.210526315789474	0.261964735516373	0.609333333333333	0.325	0.653333333333333	408896	0.010112	155038.365850403	916622.9999999999	2	2304002	2	7912175	9	3691381
N90	1125	0	8	367	0.25	1	admixture	pbphmm	2099554	090	1117832.92682927	0.978666666666667	1	0.98921832884097	0.994666666666667	0	0.0213333333333333	408896	0.010112	155038.365850403	916622.9999999999	2	2304002	2	7912175	9	3691381
N90	1343	7	147	3	0.1	1	admixture	gqshmm_ex	2099554	090	1117832.92682927	0.02	0.3	0.0375	0.897333333333333	0.00518518518518519	0.98	408896	0.010112	155038.365850403	916622.9999999999	2	2304002	2	7912175	9	3691381
N90	665	460	229	146	0.25	1	admixture	dtohmm_ex	2099554	090	1117832.92682927	0.389333333333333	0.240924092409241	0.297655453618756	0.540666666666667	0.408888888888889	0.610666666666667	408896	0.010112	155038.365850403	916622.9999999999	2	2304002	2	7912175	9	3691381
N90	1200	0	8	292	0.2	1	admixture	pbphmm	2099554	090	1117832.92682927	0.973333333333333	1	0.986486486486487	0.994666666666667	0	0.0266666666666667	408896	0.010112	155038.365850403	916622.9999999999	2	2304002	2	7912175	9	3691381
N90	633	642	188	37	0.15	1	admixture	mlthmm_ex	2099554	090	1117832.92682927	0.164444444444444	0.0544918998527246	0.081858407079646	0.446666666666667	0.503529411764706	0.835555555555556	408896	0.010112	155038.365850403	916622.9999999999	2	2304002	2	7912175	9	3691381
N90	742	533	135	90	0.15	1	admixture	dtohmm_ex	2099554	090	1117832.92682927	0.4	0.14446227929374	0.212264150943396	0.554666666666667	0.418039215686275	0.6	408896	0.010112	155038.365850403	916622.9999999999	2	2304002	2	7912175	9	3691381
N90	1275	0	9	216	0.15	1	admixture	mlthmm	2099554	090	1117832.92682927	0.96	1	0.979591836734694	0.994	0	0.04	408896	0.010112	155038.365850403	916622.9999999999	2	2304002	2	7912175	9	3691381
N90	1269	6	220	5	0.15	1	admixture	gqshmm_ex	2099554	090	1117832.92682927	0.0222222222222222	0.454545454545455	0.0423728813559322	0.849333333333333	0.00470588235294118	0.977777777777778	408896	0.010112	155038.365850403	916622.9999999999	2	2304002	2	7912175	9	3691381
N90	1273	2	1	224	0.15	1	admixture	dtohmm	2099554	090	1117832.92682927	0.995555555555556	0.991150442477876	0.993348115299335	0.998	0.00156862745098039	0.00444444444444444	408896	0.010112	155038.365850403	916622.9999999999	2	2304002	2	7912175	9	3691381
N90	1125	0	8	367	0.25	1	admixture	dtohmm	2099554	090	1117832.92682927	0.978666666666667	1	0.98921832884097	0.994666666666667	0	0.0213333333333333	408896	0.010112	155038.365850403	916622.9999999999	2	2304002	2	7912175	9	3691381
N90	1125	0	24	351	0.25	1	admixture	phlag_dto_eap01_ena4_esp001_ex	2099554	090	2.97617053985596	0.936	1	0.966942148760331	0.984	0	0.064	408896	0.010112	155038.365850403	916622.9999999999	2	2304002	2	7912175	9	3691381
N90	1125	0	40	335	0.25	1	admixture	pbphmm_ex	2099554	090	1117832.92682927	0.893333333333333	1	0.943661971830986	0.973333333333333	0	0.106666666666667	408896	0.010112	155038.365850403	916622.9999999999	2	2304002	2	7912175	9	3691381
N90	536	589	320	55	0.25	1	admixture	gqshmm	2099554	090	1117832.92682927	0.146666666666667	0.0854037267080745	0.107948969578018	0.394	0.523555555555556	0.853333333333333	408896	0.010112	155038.365850403	916622.9999999999	2	2304002	2	7912175	9	3691381
N90	1200	0	24	276	0.2	1	admixture	phlag_dto_eap01_ena4_esp001_ex	2099554	090	3.24430274963379	0.92	1	0.958333333333333	0.984	0	0.08	408896	0.010112	155038.365850403	916622.9999999999	2	2304002	2	7912175	9	3691381
N90	1348	2	8	142	0.1	1	admixture	phlag_dto_eap01_ena4_esp001	2099554	090	3.5403778553009	0.946666666666667	0.986111111111111	0.965986394557823	0.993333333333333	0.00148148148148148	0.0533333333333333	408896	0.010112	155038.365850403	916622.9999999999	2	2304002	2	7912175	9	3691381
N90	563	637	249	51	0.2	1	admixture	gqshmm	2099554	090	1117832.92682927	0.17	0.0741279069767442	0.103238866396761	0.409333333333333	0.530833333333333	0.83	408896	0.010112	155038.365850403	916622.9999999999	2	2304002	2	7912175	9	3691381
N90	607	668	185	40	0.15	1	admixture	gqshmm	2099554	090	1117832.92682927	0.177777777777778	0.0564971751412429	0.0857449088960343	0.431333333333333	0.523921568627451	0.822222222222222	408896	0.010112	155038.365850403	916622.9999999999	2	2304002	2	7912175	9	3691381
N90	1273	2	1	224	0.15	1	admixture	pbphmm	2099554	090	1117832.92682927	0.995555555555556	0.991150442477876	0.993348115299335	0.998	0.00156862745098039	0.00444444444444444	408896	0.010112	155038.365850403	916622.9999999999	2	2304002	2	7912175	9	3691381
N90	956	469	50	25	0.05	1	admixture	bcbhmm_ex	2099554	090	1117832.92682927	0.333333333333333	0.0506072874493927	0.0878734622144113	0.654	0.329122807017544	0.666666666666667	408896	0.010112	155038.365850403	916622.9999999999	2	2304002	2	7912175	9	3691381
N90	769	701	21	9	0.02	1	admixture	mlthmm	2099554	090	1117832.92682927	0.3	0.0126760563380282	0.0243243243243243	0.518666666666667	0.47687074829932	0.7	408896	0.010112	155038.365850403	916622.9999999999	2	2304002	2	7912175	9	3691381
N90	1380	90	30	0	0.02	1	admixture	phlag_dto_eap01_ena4_esp001	2099554	090	3.81624889373779	0	0	0	0.92	0.0612244897959184	1	408896	0.010112	155038.365850403	916622.9999999999	2	2304002	2	7912175	9	3691381
N90	1463	7	30	0	0.02	1	admixture	gqshmm_ex	2099554	090	1117832.92682927	0	0	0	0.975333333333333	0.00476190476190476	1	408896	0.010112	155038.365850403	916622.9999999999	2	2304002	2	7912175	9	3691381
N90	1301	169	30	0	0.02	1	admixture	dtohmm	2099554	090	1117832.92682927	0	0	0	0.867333333333333	0.114965986394558	1	408896	0.010112	155038.365850403	916622.9999999999	2	2304002	2	7912175	9	3691381
N90	1470	0	30	0	0.02	1	admixture	phlag_dto_eap01_ena4_esp001_ex	2099554	090	3.81624889373779	0	NA	0	0.98	0	1	408896	0.010112	155038.365850403	916622.9999999999	2	2304002	2	7912175	9	3691381
N90	1200	0	8	292	0.2	1	admixture	phlag_dto_eap01_ena4_esp001	2099554	090	3.24430274963379	0.973333333333333	1	0.986486486486487	0.994666666666667	0	0.0266666666666667	408896	0.010112	155038.365850403	916622.9999999999	2	2304002	2	7912175	9	3691381
N90	1197	3	300	0	0.2	1	admixture	gqshmm_ex	2099554	090	1117832.92682927	0	0	0	0.798	0.0025	1	408896	0.010112	155038.365850403	916622.9999999999	2	2304002	2	7912175	9	3691381
N90	1200	0	8	292	0.2	1	admixture	dtohmm	2099554	090	1117832.92682927	0.973333333333333	1	0.986486486486487	0.994666666666667	0	0.0266666666666667	408896	0.010112	155038.365850403	916622.9999999999	2	2304002	2	7912175	9	3691381
N90	1200	0	43	257	0.2	1	admixture	pbphmm_ex	2099554	090	1117832.92682927	0.856666666666667	1	0.922800718132855	0.971333333333333	0	0.143333333333333	408896	0.010112	155038.365850403	916622.9999999999	2	2304002	2	7912175	9	3691381
N90	1425	0	75	0	0.05	1	admixture	phlag_dto_eap01_ena4_esp001_ex	2099554	090	3.68867659568787	0	NA	0	0.95	0	1	408896	0.010112	155038.365850403	916622.9999999999	2	2304002	2	7912175	9	3691381
N90	1277	148	75	0	0.05	1	admixture	dtohmm	2099554	090	1117832.92682927	0	0	0	0.851333333333333	0.103859649122807	1	408896	0.010112	155038.365850403	916622.9999999999	2	2304002	2	7912175	9	3691381
N90	1229	196	75	0	0.05	1	admixture	bcbhmm	2099554	090	1117832.92682927	0	0	0	0.819333333333333	0.137543859649123	1	408896	0.010112	155038.365850403	916622.9999999999	2	2304002	2	7912175	9	3691381
N90	827	643	24	6	0.02	1	admixture	mlthmm_ex	2099554	090	1117832.92682927	0.2	0.00924499229583975	0.0176730486008837	0.555333333333333	0.437414965986395	0.8	408896	0.010112	155038.365850403	916622.9999999999	2	2304002	2	7912175	9	3691381
N90	720	480	184	116	0.2	1	admixture	dtohmm_ex	2099554	090	1117832.92682927	0.386666666666667	0.194630872483221	0.258928571428571	0.557333333333333	0.4	0.613333333333333	408896	0.010112	155038.365850403	916622.9999999999	2	2304002	2	7912175	9	3691381
N90	1233	237	25	5	0.02	1	admixture	cqshmm_ex	2099554	090	1117832.92682927	0.166666666666667	0.0206611570247934	0.0367647058823529	0.825333333333333	0.161224489795918	0.833333333333333	408896	0.010112	155038.365850403	916622.9999999999	2	2304002	2	7912175	9	3691381
N90	1125	0	8	367	0.25	1	admixture	phlag_dto_eap01_ena4_esp001	2099554	090	2.97617053985596	0.978666666666667	1	0.98921832884097	0.994666666666667	0	0.0213333333333333	408896	0.010112	155038.365850403	916622.9999999999	2	2304002	2	7912175	9	3691381
N90	1121	4	375	0	0.25	1	admixture	gqshmm_ex	2099554	090	1117832.92682927	0	0	0	0.747333333333333	0.00355555555555556	1	408896	0.010112	155038.365850403	916622.9999999999	2	2304002	2	7912175	9	3691381
N90	1193	7	8	292	0.2	1	admixture	mlthmm	2099554	090	1117832.92682927	0.973333333333333	0.976588628762542	0.974958263772955	0.99	0.00583333333333333	0.0266666666666667	408896	0.010112	155038.365850403	916622.9999999999	2	2304002	2	7912175	9	3691381
N90	908	292	207	93	0.2	1	admixture	cqshmm_ex	2099554	090	1117832.92682927	0.31	0.241558441558442	0.271532846715328	0.667333333333333	0.243333333333333	0.69	408896	0.010112	155038.365850403	916622.9999999999	2	2304002	2	7912175	9	3691381
N90	1229	196	75	0	0.05	1	admixture	cqshmm	2099554	090	1117832.92682927	0	0	0	0.819333333333333	0.137543859649123	1	408896	0.010112	155038.365850403	916622.9999999999	2	2304002	2	7912175	9	3691381
N90	780	645	19	56	0.05	1	admixture	mlthmm	2099554	090	1117832.92682927	0.746666666666667	0.079885877318117	0.144329896907216	0.557333333333333	0.452631578947368	0.253333333333333	408896	0.010112	155038.365850403	916622.9999999999	2	2304002	2	7912175	9	3691381
N90	1418	7	1	74	0.05	1	admixture	phlag_dto_eap01_ena4_esp001	2099554	090	3.68867659568787	0.986666666666667	0.91358024691358	0.948717948717949	0.994666666666667	0.00491228070175439	0.0133333333333333	408896	0.010112	155038.365850403	916622.9999999999	2	2304002	2	7912175	9	3691381
N90	1418	7	73	2	0.05	1	admixture	gqshmm_ex	2099554	090	1117832.92682927	0.0266666666666667	0.222222222222222	0.0476190476190476	0.946666666666667	0.00491228070175439	0.973333333333333	408896	0.010112	155038.365850403	916622.9999999999	2	2304002	2	7912175	9	3691381
N90	839	436	144	81	0.15	1	admixture	bcbhmm_ex	2099554	090	1117832.92682927	0.36	0.156673114119923	0.21832884097035	0.613333333333333	0.341960784313726	0.64	408896	0.010112	155038.365850403	916622.9999999999	2	2304002	2	7912175	9	3691381
N90	866	604	16	14	0.02	1	admixture	dtohmm_ex	2099554	090	1117832.92682927	0.466666666666667	0.0226537216828479	0.0432098765432099	0.586666666666667	0.410884353741497	0.533333333333333	408896	0.010112	155038.365850403	916622.9999999999	2	2304002	2	7912175	9	3691381
N90	1469	1	30	0	0.02	1	admixture	pbphmm	2099554	090	1117832.92682927	0	0	0	0.979333333333333	0.000680272108843537	1	408896	0.010112	155038.365850403	916622.9999999999	2	2304002	2	7912175	9	3691381
N90	1227	243	30	0	0.02	1	admixture	cqshmm	2099554	090	1117832.92682927	0	0	0	0.818	0.16530612244898	1	408896	0.010112	155038.365850403	916622.9999999999	2	2304002	2	7912175	9	3691381
N90	1100	325	44	31	0.05	1	admixture	pbphmm_ex	2099554	090	1117832.92682927	0.413333333333333	0.0870786516853933	0.14385150812065	0.754	0.228070175438596	0.586666666666667	408896	0.010112	155038.365850403	916622.9999999999	2	2304002	2	7912175	9	3691381
N90	523	677	251	49	0.2	1	admixture	mlthmm_ex	2099554	090	1117832.92682927	0.163333333333333	0.0674931129476584	0.0955165692007797	0.381333333333333	0.564166666666667	0.836666666666667	408896	0.010112	155038.365850403	916622.9999999999	2	2304002	2	7912175	9	3691381
N90	1200	0	8	292	0.2	1	admixture	cqshmm	2099554	090	1117832.92682927	0.973333333333333	1	0.986486486486487	0.994666666666667	0	0.0266666666666667	408896	0.010112	155038.365850403	916622.9999999999	2	2304002	2	7912175	9	3691381
N90	1424	1	75	0	0.05	1	admixture	pbphmm	2099554	090	1117832.92682927	0	0	0	0.949333333333333	0.000701754385964912	1	408896	0.010112	155038.365850403	916622.9999999999	2	2304002	2	7912175	9	3691381
N90	848	577	43	32	0.05	1	admixture	dtohmm_ex	2099554	090	1117832.92682927	0.426666666666667	0.0525451559934319	0.0935672514619883	0.586666666666667	0.404912280701754	0.573333333333333	408896	0.010112	155038.365850403	916622.9999999999	2	2304002	2	7912175	9	3691381
N90	786	639	60	15	0.05	1	admixture	mlthmm_ex	2099554	090	1117832.92682927	0.2	0.0229357798165138	0.0411522633744856	0.534	0.448421052631579	0.8	408896	0.010112	155038.365850403	916622.9999999999	2	2304002	2	7912175	9	3691381
N90	1275	0	9	216	0.15	1	admixture	pbphmm_ex	2099554	090	1117832.92682927	0.96	1	0.979591836734694	0.994	0	0.04	408896	0.010112	155038.365850403	916622.9999999999	2	2304002	2	7912175	9	3691381
N90	748	677	22	53	0.05	1	admixture	cqshmm_ex	2099554	090	1117832.92682927	0.706666666666667	0.0726027397260274	0.13167701863354	0.534	0.475087719298246	0.293333333333333	408896	0.010112	155038.365850403	916622.9999999999	2	2304002	2	7912175	9	3691381
N90	1273	2	1	224	0.15	1	admixture	bcbhmm	2099554	090	1117832.92682927	0.995555555555556	0.991150442477876	0.993348115299335	0.998	0.00156862745098039	0.00444444444444444	408896	0.010112	155038.365850403	916622.9999999999	2	2304002	2	7912175	9	3691381
N90	738	732	16	14	0.02	1	admixture	pbphmm_ex	2099554	090	1117832.92682927	0.466666666666667	0.0187667560321716	0.0360824742268041	0.501333333333333	0.497959183673469	0.533333333333333	408896	0.010112	155038.365850403	916622.9999999999	2	2304002	2	7912175	9	3691381
N90	748	677	22	53	0.05	1	admixture	gqshmm	2099554	090	1117832.92682927	0.706666666666667	0.0726027397260274	0.13167701863354	0.534	0.475087719298246	0.293333333333333	408896	0.010112	155038.365850403	916622.9999999999	2	2304002	2	7912175	9	3691381
N90	1247	223	30	0	0.02	1	admixture	bcbhmm	2099554	090	1117832.92682927	0	0	0	0.831333333333333	0.151700680272109	1	408896	0.010112	155038.365850403	916622.9999999999	2	2304002	2	7912175	9	3691381
N90	980	490	19	11	0.02	1	admixture	bcbhmm_ex	2099554	090	1117832.92682927	0.366666666666667	0.0219560878243513	0.0414312617702448	0.660666666666667	0.333333333333333	0.633333333333333	408896	0.010112	155038.365850403	916622.9999999999	2	2304002	2	7912175	9	3691381
N90	775	695	10	20	0.02	1	admixture	gqshmm	2099554	090	1117832.92682927	0.666666666666667	0.027972027972028	0.0536912751677852	0.53	0.472789115646259	0.333333333333333	408896	0.010112	155038.365850403	916622.9999999999	2	2304002	2	7912175	9	3691381
Otidiformes	912	558	1	29	0.02	1	admixture	mlthmm_ex	6099554	090	5788907.31707317	0.966666666666667	0.0494037478705281	0.0940032414910859	0.627333333333333	0.379591836734694	0.0333333333333333	459120	0.054933	621105.155024377	4746903.999999999	3	6329114	3	7717344	8	9231104
Otidiformes	818	652	21	9	0.02	1	admixture	dtohmm_ex	6099554	090	5788907.31707317	0.3	0.0136157337367625	0.0260492040520984	0.551333333333333	0.443537414965986	0.7	459120	0.054933	621105.155024377	4746903.999999999	3	6329114	3	7717344	8	9231104
Otidiformes	1465	5	0	30	0.02	1	admixture	cqshmm	6099554	090	5788907.31707317	1	0.857142857142857	0.923076923076923	0.996666666666667	0.00340136054421769	0	459120	0.054933	621105.155024377	4746903.999999999	3	6329114	3	7717344	8	9231104
Otidiformes	1469	1	0	30	0.02	1	admixture	pbphmm_ex	6099554	090	5788907.31707317	1	0.967741935483871	0.983606557377049	0.999333333333333	0.000680272108843537	0	459120	0.054933	621105.155024377	4746903.999999999	3	6329114	3	7717344	8	9231104
Otidiformes	1469	1	0	30	0.02	1	admixture	pbphmm	6099554	090	5788907.31707317	1	0.967741935483871	0.983606557377049	0.999333333333333	0.000680272108843537	0	459120	0.054933	621105.155024377	4746903.999999999	3	6329114	3	7717344	8	9231104
Otidiformes	1125	0	0	375	0.25	1	admixture	cqshmm_ex	6099554	090	5788907.31707317	1	1	1	1	0	0	459120	0.054933	621105.155024377	4746903.999999999	3	6329114	3	7717344	8	9231104
Otidiformes	913	512	1	74	0.05	1	admixture	bcbhmm_ex	6099554	090	5788907.31707317	0.986666666666667	0.126279863481229	0.223903177004539	0.658	0.359298245614035	0.0133333333333333	459120	0.054933	621105.155024377	4746903.999999999	3	6329114	3	7717344	8	9231104
Otidiformes	976	494	1	29	0.02	1	admixture	gqshmm	6099554	090	5788907.31707317	0.966666666666667	0.0554493307839388	0.104882459312839	0.67	0.336054421768707	0.0333333333333333	459120	0.054933	621105.155024377	4746903.999999999	3	6329114	3	7717344	8	9231104
Otidiformes	1425	0	0	75	0.05	1	admixture	dtohmm	6099554	090	5788907.31707317	1	1	1	1	0	0	459120	0.054933	621105.155024377	4746903.999999999	3	6329114	3	7717344	8	9231104
Otidiformes	1425	0	0	75	0.05	1	admixture	bcbhmm	6099554	090	5788907.31707317	1	1	1	1	0	0	459120	0.054933	621105.155024377	4746903.999999999	3	6329114	3	7717344	8	9231104
Otidiformes	1019	451	1	29	0.02	1	admixture	bcbhmm_ex	6099554	090	5788907.31707317	0.966666666666667	0.0604166666666667	0.113725490196078	0.698666666666667	0.306802721088435	0.0333333333333333	459120	0.054933	621105.155024377	4746903.999999999	3	6329114	3	7717344	8	9231104
Otidiformes	1425	0	0	75	0.05	1	admixture	phlag_dto_eap01_ena4_esp001	6099554	090	6.90845394134521	1	1	1	1	0	0	459120	0.054933	621105.155024377	4746903.999999999	3	6329114	3	7717344	8	9231104
Otidiformes	993	432	50	25	0.05	1	admixture	gqshmm_ex	6099554	090	5788907.31707317	0.333333333333333	0.0547045951859956	0.093984962406015	0.678666666666667	0.303157894736842	0.666666666666667	459120	0.054933	621105.155024377	4746903.999999999	3	6329114	3	7717344	8	9231104
Otidiformes	1125	0	0	375	0.25	1	admixture	mlthmm_ex	6099554	090	5788907.31707317	1	1	1	1	0	0	459120	0.054933	621105.155024377	4746903.999999999	3	6329114	3	7717344	8	9231104
Otidiformes	1125	0	0	375	0.25	1	admixture	cqshmm	6099554	090	5788907.31707317	1	1	1	1	0	0	459120	0.054933	621105.155024377	4746903.999999999	3	6329114	3	7717344	8	9231104
Otidiformes	1125	0	0	375	0.25	1	admixture	mlthmm	6099554	090	5788907.31707317	1	1	1	1	0	0	459120	0.054933	621105.155024377	4746903.999999999	3	6329114	3	7717344	8	9231104
Otidiformes	1465	5	0	30	0.02	1	admixture	mlthmm	6099554	090	5788907.31707317	1	0.857142857142857	0.923076923076923	0.996666666666667	0.00340136054421769	0	459120	0.054933	621105.155024377	4746903.999999999	3	6329114	3	7717344	8	9231104
Otidiformes	903	567	19	11	0.02	1	admixture	cqshmm_ex	6099554	090	5788907.31707317	0.366666666666667	0.0190311418685121	0.0361842105263158	0.609333333333333	0.385714285714286	0.633333333333333	459120	0.054933	621105.155024377	4746903.999999999	3	6329114	3	7717344	8	9231104
Otidiformes	1425	0	0	75	0.05	1	admixture	cqshmm	6099554	090	5788907.31707317	1	1	1	1	0	0	459120	0.054933	621105.155024377	4746903.999999999	3	6329114	3	7717344	8	9231104
Otidiformes	781	644	19	56	0.05	1	admixture	cqshmm_ex	6099554	090	5788907.31707317	0.746666666666667	0.08	0.144516129032258	0.558	0.451929824561404	0.253333333333333	459120	0.054933	621105.155024377	4746903.999999999	3	6329114	3	7717344	8	9231104
Otidiformes	1179	291	0	30	0.02	1	admixture	bcbhmm	6099554	090	5788907.31707317	1	0.0934579439252336	0.170940170940171	0.806	0.197959183673469	0	459120	0.054933	621105.155024377	4746903.999999999	3	6329114	3	7717344	8	9231104
Otidiformes	1469	1	0	30	0.02	1	admixture	phlag_dto_eap01_ena4_esp001_ex	6099554	090	6.90845394134521	1	0.967741935483871	0.983606557377049	0.999333333333333	0.000680272108843537	0	459120	0.054933	621105.155024377	4746903.999999999	3	6329114	3	7717344	8	9231104
Otidiformes	1200	0	0	300	0.2	1	admixture	pbphmm	6099554	090	5788907.31707317	1	1	1	1	0	0	459120	0.054933	621105.155024377	4746903.999999999	3	6329114	3	7717344	8	9231104
Otidiformes	1200	0	0	300	0.2	1	admixture	dtohmm_ex	6099554	090	5788907.31707317	1	1	1	1	0	0	459120	0.054933	621105.155024377	4746903.999999999	3	6329114	3	7717344	8	9231104
Otidiformes	1425	0	0	75	0.05	1	admixture	phlag_dto_eap01_ena4_esp001_ex	6099554	090	6.90845394134521	1	1	1	1	0	0	459120	0.054933	621105.155024377	4746903.999999999	3	6329114	3	7717344	8	9231104
Otidiformes	798	402	9	291	0.2	1	admixture	gqshmm	6099554	090	5788907.31707317	0.97	0.41991341991342	0.586102719033233	0.726	0.335	0.03	459120	0.054933	621105.155024377	4746903.999999999	3	6329114	3	7717344	8	9231104
Otidiformes	779	346	264	111	0.25	1	admixture	gqshmm_ex	6099554	090	5788907.31707317	0.296	0.242888402625821	0.266826923076923	0.593333333333333	0.307555555555556	0.704	459120	0.054933	621105.155024377	4746903.999999999	3	6329114	3	7717344	8	9231104
Otidiformes	1425	0	0	75	0.05	1	admixture	pbphmm	6099554	090	5788907.31707317	1	1	1	1	0	0	459120	0.054933	621105.155024377	4746903.999999999	3	6329114	3	7717344	8	9231104
Otidiformes	1448	22	30	0	0.02	1	admixture	phlag_dto_eap01_ena4_esp001	6099554	090	6.90845394134521	0	0	0	0.965333333333333	0.0149659863945578	1	459120	0.054933	621105.155024377	4746903.999999999	3	6329114	3	7717344	8	9231104
Otidiformes	1122	3	0	375	0.25	1	admixture	phlag_dto_eap01_ena4_esp001	6099554	090	6.90845394134521	1	0.992063492063492	0.99601593625498	0.998	0.00266666666666667	0	459120	0.054933	621105.155024377	4746903.999999999	3	6329114	3	7717344	8	9231104
Otidiformes	1463	7	0	30	0.02	1	admixture	dtohmm	6099554	090	5788907.31707317	1	0.810810810810811	0.895522388059702	0.995333333333333	0.00476190476190476	0	459120	0.054933	621105.155024377	4746903.999999999	3	6329114	3	7717344	8	9231104
Otidiformes	886	539	1	74	0.05	1	admixture	mlthmm_ex	6099554	090	5788907.31707317	0.986666666666667	0.120717781402936	0.215116279069767	0.64	0.378245614035088	0.0133333333333333	459120	0.054933	621105.155024377	4746903.999999999	3	6329114	3	7717344	8	9231104
Otidiformes	1350	0	0	150	0.1	1	admixture	pbphmm	6099554	090	5788907.31707317	1	1	1	1	0	0	459120	0.054933	621105.155024377	4746903.999999999	3	6329114	3	7717344	8	9231104
Otidiformes	1425	0	0	75	0.05	1	admixture	mlthmm	6099554	090	5788907.31707317	1	1	1	1	0	0	459120	0.054933	621105.155024377	4746903.999999999	3	6329114	3	7717344	8	9231104
Otidiformes	1125	0	0	375	0.25	1	admixture	pbphmm	6099554	090	5788907.31707317	1	1	1	1	0	0	459120	0.054933	621105.155024377	4746903.999999999	3	6329114	3	7717344	8	9231104
Otidiformes	1125	0	0	375	0.25	1	admixture	dtohmm_ex	6099554	090	5788907.31707317	1	1	1	1	0	0	459120	0.054933	621105.155024377	4746903.999999999	3	6329114	3	7717344	8	9231104
Otidiformes	1274	1	0	225	0.15	1	admixture	dtohmm_ex	6099554	090	5788907.31707317	1	0.995575221238938	0.997782705099778	0.999333333333333	0.000784313725490196	0	459120	0.054933	621105.155024377	4746903.999999999	3	6329114	3	7717344	8	9231104
Otidiformes	1272	3	0	225	0.15	1	admixture	mlthmm_ex	6099554	090	5788907.31707317	1	0.986842105263158	0.993377483443709	0.998	0.00235294117647059	0	459120	0.054933	621105.155024377	4746903.999999999	3	6329114	3	7717344	8	9231104
Otidiformes	1274	1	0	225	0.15	1	admixture	cqshmm	6099554	090	5788907.31707317	1	0.995575221238938	0.997782705099778	0.999333333333333	0.000784313725490196	0	459120	0.054933	621105.155024377	4746903.999999999	3	6329114	3	7717344	8	9231104
Otidiformes	1425	0	0	75	0.05	1	admixture	pbphmm_ex	6099554	090	5788907.31707317	1	1	1	1	0	0	459120	0.054933	621105.155024377	4746903.999999999	3	6329114	3	7717344	8	9231104
Otidiformes	945	480	2	73	0.05	1	admixture	gqshmm	6099554	090	5788907.31707317	0.973333333333333	0.132007233273056	0.232484076433121	0.678666666666667	0.336842105263158	0.0266666666666667	459120	0.054933	621105.155024377	4746903.999999999	3	6329114	3	7717344	8	9231104
Otidiformes	1350	0	0	150	0.1	1	admixture	bcbhmm	6099554	090	5788907.31707317	1	1	1	1	0	0	459120	0.054933	621105.155024377	4746903.999999999	3	6329114	3	7717344	8	9231104
Otidiformes	1023	447	19	11	0.02	1	admixture	gqshmm_ex	6099554	090	5788907.31707317	0.366666666666667	0.0240174672489083	0.0450819672131148	0.689333333333333	0.304081632653061	0.633333333333333	459120	0.054933	621105.155024377	4746903.999999999	3	6329114	3	7717344	8	9231104
Otidiformes	952	473	12	63	0.05	1	admixture	dtohmm_ex	6099554	090	5788907.31707317	0.84	0.117537313432836	0.206219312602291	0.676666666666667	0.331929824561404	0.16	459120	0.054933	621105.155024377	4746903.999999999	3	6329114	3	7717344	8	9231104
Otidiformes	1125	0	0	375	0.25	1	admixture	bcbhmm_ex	6099554	090	5788907.31707317	1	1	1	1	0	0	459120	0.054933	621105.155024377	4746903.999999999	3	6329114	3	7717344	8	9231104
Otidiformes	1125	0	0	375	0.25	1	admixture	pbphmm_ex	6099554	090	5788907.31707317	1	1	1	1	0	0	459120	0.054933	621105.155024377	4746903.999999999	3	6329114	3	7717344	8	9231104
Otidiformes	752	373	12	363	0.25	1	admixture	gqshmm	6099554	090	5788907.31707317	0.968	0.49320652173913	0.653465346534653	0.743333333333333	0.331555555555556	0.032	459120	0.054933	621105.155024377	4746903.999999999	3	6329114	3	7717344	8	9231104
Otidiformes	1200	0	0	300	0.2	1	admixture	bcbhmm_ex	6099554	090	5788907.31707317	1	1	1	1	0	0	459120	0.054933	621105.155024377	4746903.999999999	3	6329114	3	7717344	8	9231104
Otidiformes	1200	0	0	300	0.2	1	admixture	pbphmm_ex	6099554	090	5788907.31707317	1	1	1	1	0	0	459120	0.054933	621105.155024377	4746903.999999999	3	6329114	3	7717344	8	9231104
Otidiformes	1350	0	0	150	0.1	1	admixture	mlthmm_ex	6099554	090	5788907.31707317	1	1	1	1	0	0	459120	0.054933	621105.155024377	4746903.999999999	3	6329114	3	7717344	8	9231104
Otidiformes	1350	0	0	150	0.1	1	admixture	cqshmm	6099554	090	5788907.31707317	1	1	1	1	0	0	459120	0.054933	621105.155024377	4746903.999999999	3	6329114	3	7717344	8	9231104
Otidiformes	1200	0	0	300	0.2	1	admixture	mlthmm_ex	6099554	090	5788907.31707317	1	1	1	1	0	0	459120	0.054933	621105.155024377	4746903.999999999	3	6329114	3	7717344	8	9231104
Otidiformes	1200	0	0	300	0.2	1	admixture	cqshmm	6099554	090	5788907.31707317	1	1	1	1	0	0	459120	0.054933	621105.155024377	4746903.999999999	3	6329114	3	7717344	8	9231104
Otidiformes	1272	3	0	225	0.15	1	admixture	mlthmm	6099554	090	5788907.31707317	1	0.986842105263158	0.993377483443709	0.998	0.00235294117647059	0	459120	0.054933	621105.155024377	4746903.999999999	3	6329114	3	7717344	8	9231104
Otidiformes	1122	3	0	375	0.25	1	admixture	dtohmm	6099554	090	5788907.31707317	1	0.992063492063492	0.99601593625498	0.998	0.00266666666666667	0	459120	0.054933	621105.155024377	4746903.999999999	3	6329114	3	7717344	8	9231104
Otidiformes	960	390	3	147	0.1	1	admixture	bcbhmm_ex	6099554	090	5788907.31707317	0.98	0.273743016759777	0.427947598253275	0.738	0.288888888888889	0.02	459120	0.054933	621105.155024377	4746903.999999999	3	6329114	3	7717344	8	9231104
Otidiformes	1125	0	0	375	0.25	1	admixture	bcbhmm	6099554	090	5788907.31707317	1	1	1	1	0	0	459120	0.054933	621105.155024377	4746903.999999999	3	6329114	3	7717344	8	9231104
Otidiformes	1274	1	0	225	0.15	1	admixture	phlag_dto_eap01_ena4_esp001_ex	6099554	090	6.90845394134521	1	0.995575221238938	0.997782705099778	0.999333333333333	0.000784313725490196	0	459120	0.054933	621105.155024377	4746903.999999999	3	6329114	3	7717344	8	9231104
Otidiformes	897	453	4	146	0.1	1	admixture	gqshmm	6099554	090	5788907.31707317	0.973333333333333	0.243739565943239	0.389853137516689	0.695333333333333	0.335555555555556	0.0266666666666667	459120	0.054933	621105.155024377	4746903.999999999	3	6329114	3	7717344	8	9231104
Otidiformes	1200	0	0	300	0.2	1	admixture	bcbhmm	6099554	090	5788907.31707317	1	1	1	1	0	0	459120	0.054933	621105.155024377	4746903.999999999	3	6329114	3	7717344	8	9231104
Otidiformes	839	436	8	217	0.15	1	admixture	gqshmm	6099554	090	5788907.31707317	0.964444444444444	0.332312404287902	0.494305239179954	0.704	0.341960784313726	0.0355555555555556	459120	0.054933	621105.155024377	4746903.999999999	3	6329114	3	7717344	8	9231104
Otidiformes	833	367	211	89	0.2	1	admixture	gqshmm_ex	6099554	090	5788907.31707317	0.296666666666667	0.195175438596491	0.235449735449735	0.614666666666667	0.305833333333333	0.703333333333333	459120	0.054933	621105.155024377	4746903.999999999	3	6329114	3	7717344	8	9231104
Otidiformes	1274	1	0	225	0.15	1	admixture	pbphmm	6099554	090	5788907.31707317	1	0.995575221238938	0.997782705099778	0.999333333333333	0.000784313725490196	0	459120	0.054933	621105.155024377	4746903.999999999	3	6329114	3	7717344	8	9231104
Otidiformes	1200	0	0	300	0.2	1	admixture	cqshmm_ex	6099554	090	5788907.31707317	1	1	1	1	0	0	459120	0.054933	621105.155024377	4746903.999999999	3	6329114	3	7717344	8	9231104
Otidiformes	1125	0	0	375	0.25	1	admixture	phlag_dto_eap01_ena4_esp001_ex	6099554	090	6.90845394134521	1	1	1	1	0	0	459120	0.054933	621105.155024377	4746903.999999999	3	6329114	3	7717344	8	9231104
Otidiformes	1274	1	0	225	0.15	1	admixture	cqshmm_ex	6099554	090	5788907.31707317	1	0.995575221238938	0.997782705099778	0.999333333333333	0.000784313725490196	0	459120	0.054933	621105.155024377	4746903.999999999	3	6329114	3	7717344	8	9231104
Otidiformes	1200	0	0	300	0.2	1	admixture	mlthmm	6099554	090	5788907.31707317	1	1	1	1	0	0	459120	0.054933	621105.155024377	4746903.999999999	3	6329114	3	7717344	8	9231104
Otidiformes	1272	3	0	225	0.15	1	admixture	bcbhmm_ex	6099554	090	5788907.31707317	1	0.986842105263158	0.993377483443709	0.998	0.00235294117647059	0	459120	0.054933	621105.155024377	4746903.999999999	3	6329114	3	7717344	8	9231104
Otidiformes	1274	1	0	225	0.15	1	admixture	pbphmm_ex	6099554	090	5788907.31707317	1	0.995575221238938	0.997782705099778	0.999333333333333	0.000784313725490196	0	459120	0.054933	621105.155024377	4746903.999999999	3	6329114	3	7717344	8	9231104
Otidiformes	1200	0	0	300	0.2	1	admixture	phlag_dto_eap01_ena4_esp001_ex	6099554	090	6.90845394134521	1	1	1	1	0	0	459120	0.054933	621105.155024377	4746903.999999999	3	6329114	3	7717344	8	9231104
Otidiformes	1350	0	0	150	0.1	1	admixture	pbphmm_ex	6099554	090	5788907.31707317	1	1	1	1	0	0	459120	0.054933	621105.155024377	4746903.999999999	3	6329114	3	7717344	8	9231104
Otidiformes	1350	0	0	150	0.1	1	admixture	dtohmm_ex	6099554	090	5788907.31707317	1	1	1	1	0	0	459120	0.054933	621105.155024377	4746903.999999999	3	6329114	3	7717344	8	9231104
Otidiformes	894	456	105	45	0.1	1	admixture	cqshmm_ex	6099554	090	5788907.31707317	0.3	0.0898203592814371	0.138248847926267	0.626	0.337777777777778	0.7	459120	0.054933	621105.155024377	4746903.999999999	3	6329114	3	7717344	8	9231104
Otidiformes	1200	0	0	300	0.2	1	admixture	dtohmm	6099554	090	5788907.31707317	1	1	1	1	0	0	459120	0.054933	621105.155024377	4746903.999999999	3	6329114	3	7717344	8	9231104
Otidiformes	1274	1	0	225	0.15	1	admixture	phlag_dto_eap01_ena4_esp001	6099554	090	6.90845394134521	1	0.995575221238938	0.997782705099778	0.999333333333333	0.000784313725490196	0	459120	0.054933	621105.155024377	4746903.999999999	3	6329114	3	7717344	8	9231104
Otidiformes	1350	0	0	150	0.1	1	admixture	mlthmm	6099554	090	5788907.31707317	1	1	1	1	0	0	459120	0.054933	621105.155024377	4746903.999999999	3	6329114	3	7717344	8	9231104
Otidiformes	1274	1	0	225	0.15	1	admixture	dtohmm	6099554	090	5788907.31707317	1	0.995575221238938	0.997782705099778	0.999333333333333	0.000784313725490196	0	459120	0.054933	621105.155024377	4746903.999999999	3	6329114	3	7717344	8	9231104
Otidiformes	1350	0	0	150	0.1	1	admixture	phlag_dto_eap01_ena4_esp001_ex	6099554	090	6.90845394134521	1	1	1	1	0	0	459120	0.054933	621105.155024377	4746903.999999999	3	6329114	3	7717344	8	9231104
Otidiformes	1346	4	0	150	0.1	1	admixture	phlag_dto_eap01_ena4_esp001	6099554	090	6.90845394134521	1	0.974025974025974	0.986842105263158	0.997333333333333	0.00296296296296296	0	459120	0.054933	621105.155024377	4746903.999999999	3	6329114	3	7717344	8	9231104
Otidiformes	1272	3	0	225	0.15	1	admixture	bcbhmm	6099554	090	5788907.31707317	1	0.986842105263158	0.993377483443709	0.998	0.00235294117647059	0	459120	0.054933	621105.155024377	4746903.999999999	3	6329114	3	7717344	8	9231104
Otidiformes	902	373	162	63	0.15	1	admixture	gqshmm_ex	6099554	090	5788907.31707317	0.28	0.144495412844037	0.190620272314675	0.643333333333333	0.292549019607843	0.72	459120	0.054933	621105.155024377	4746903.999999999	3	6329114	3	7717344	8	9231104
Otidiformes	1346	4	0	150	0.1	1	admixture	dtohmm	6099554	090	5788907.31707317	1	0.974025974025974	0.986842105263158	0.997333333333333	0.00296296296296296	0	459120	0.054933	621105.155024377	4746903.999999999	3	6329114	3	7717344	8	9231104
Otidiformes	1200	0	0	300	0.2	1	admixture	phlag_dto_eap01_ena4_esp001	6099554	090	6.90845394134521	1	1	1	1	0	0	459120	0.054933	621105.155024377	4746903.999999999	3	6329114	3	7717344	8	9231104
Otidiformes	1350	0	150	0	0.1	1	admixture	gqshmm_ex	6099554	090	5788907.31707317	0	NA	0	0.9	0	1	459120	0.054933	621105.155024377	4746903.999999999	3	6329114	3	7717344	8	9231104
Strigiformes	1125	0	375	0	0.25	1	admixture	pbphmm	7099554	090	945508.536585366	0	NA	0	0.75	0	1	475652	0.0108	408853.071145596	775316.9999999999	4	6337380	4	3737491	9	13832968
Strigiformes	1270	5	5	220	0.15	1	admixture	phlag_dto_eap01_ena4_esp001	7099554	090	1.35884702205658	0.977777777777778	0.977777777777778	0.977777777777778	0.993333333333333	0.00392156862745098	0.0222222222222222	475652	0.0108	408853.071145596	775316.9999999999	4	6337380	4	3737491	9	13832968
Strigiformes	1350	0	150	0	0.1	1	admixture	pbphmm	7099554	090	945508.536585366	0	NA	0	0.9	0	1	475652	0.0108	408853.071145596	775316.9999999999	4	6337380	4	3737491	9	13832968
Strigiformes	875	250	69	306	0.25	1	admixture	gqshmm	7099554	090	945508.536585366	0.816	0.550359712230216	0.657357679914071	0.787333333333333	0.222222222222222	0.184	475652	0.0108	408853.071145596	775316.9999999999	4	6337380	4	3737491	9	13832968
Strigiformes	835	515	16	134	0.1	1	admixture	dtohmm_ex	7099554	090	945508.536585366	0.893333333333333	0.206471494607088	0.335419274092616	0.646	0.381481481481481	0.106666666666667	475652	0.0108	408853.071145596	775316.9999999999	4	6337380	4	3737491	9	13832968
Strigiformes	1349	1	3	147	0.1	1	admixture	pbphmm_ex	7099554	090	945508.536585366	0.98	0.993243243243243	0.986577181208054	0.997333333333333	0.000740740740740741	0.02	475652	0.0108	408853.071145596	775316.9999999999	4	6337380	4	3737491	9	13832968
Strigiformes	994	356	21	129	0.1	1	admixture	gqshmm	7099554	090	945508.536585366	0.86	0.265979381443299	0.406299212598425	0.748666666666667	0.263703703703704	0.14	475652	0.0108	408853.071145596	775316.9999999999	4	6337380	4	3737491	9	13832968
Strigiformes	1110	15	0	375	0.25	1	admixture	pbphmm_ex	7099554	090	945508.536585366	1	0.961538461538462	0.980392156862745	0.99	0.0133333333333333	0	475652	0.0108	408853.071145596	775316.9999999999	4	6337380	4	3737491	9	13832968
Strigiformes	777	498	28	197	0.15	1	admixture	cqshmm_ex	7099554	090	945508.536585366	0.875555555555556	0.283453237410072	0.428260869565217	0.649333333333333	0.390588235294118	0.124444444444444	475652	0.0108	408853.071145596	775316.9999999999	4	6337380	4	3737491	9	13832968
Strigiformes	877	398	162	63	0.15	1	admixture	gqshmm_ex	7099554	090	945508.536585366	0.28	0.136659436008677	0.183673469387755	0.626666666666667	0.312156862745098	0.72	475652	0.0108	408853.071145596	775316.9999999999	4	6337380	4	3737491	9	13832968
Strigiformes	755	370	53	322	0.25	1	admixture	bcbhmm_ex	7099554	090	945508.536585366	0.858666666666667	0.465317919075145	0.603561387066542	0.718	0.328888888888889	0.141333333333333	475652	0.0108	408853.071145596	775316.9999999999	4	6337380	4	3737491	9	13832968
Strigiformes	764	361	56	319	0.25	1	admixture	mlthmm_ex	7099554	090	945508.536585366	0.850666666666667	0.469117647058824	0.604739336492891	0.722	0.320888888888889	0.149333333333333	475652	0.0108	408853.071145596	775316.9999999999	4	6337380	4	3737491	9	13832968
Strigiformes	1275	0	7	218	0.15	1	admixture	phlag_dto_eap01_ena4_esp001_ex	7099554	090	1.35884702205658	0.968888888888889	1	0.984198645598194	0.995333333333333	0	0.0311111111111111	475652	0.0108	408853.071145596	775316.9999999999	4	6337380	4	3737491	9	13832968
Strigiformes	895	530	10	65	0.05	1	admixture	cqshmm_ex	7099554	090	945508.536585366	0.866666666666667	0.109243697478992	0.194029850746269	0.64	0.371929824561403	0.133333333333333	475652	0.0108	408853.071145596	775316.9999999999	4	6337380	4	3737491	9	13832968
Strigiformes	1408	17	2	73	0.05	1	admixture	phlag_dto_eap01_ena4_esp001	7099554	090	1.57571172714233	0.973333333333333	0.811111111111111	0.884848484848485	0.987333333333333	0.0119298245614035	0.0266666666666667	475652	0.0108	408853.071145596	775316.9999999999	4	6337380	4	3737491	9	13832968
Strigiformes	1350	0	2	148	0.1	1	admixture	bcbhmm	7099554	090	945508.536585366	0.986666666666667	1	0.993288590604027	0.998666666666667	0	0.0133333333333333	475652	0.0108	408853.071145596	775316.9999999999	4	6337380	4	3737491	9	13832968
Strigiformes	1248	27	0	225	0.15	1	admixture	cqshmm	7099554	090	945508.536585366	1	0.892857142857143	0.943396226415094	0.982	0.0211764705882353	0	475652	0.0108	408853.071145596	775316.9999999999	4	6337380	4	3737491	9	13832968
Strigiformes	1268	7	0	225	0.15	1	admixture	bcbhmm	7099554	090	945508.536585366	1	0.969827586206897	0.984682713347921	0.995333333333333	0.00549019607843137	0	475652	0.0108	408853.071145596	775316.9999999999	4	6337380	4	3737491	9	13832968
Strigiformes	1122	3	0	375	0.25	1	admixture	mlthmm	7099554	090	945508.536585366	1	0.992063492063492	0.99601593625498	0.998	0.00266666666666667	0	475652	0.0108	408853.071145596	775316.9999999999	4	6337380	4	3737491	9	13832968
Strigiformes	760	365	54	321	0.25	1	admixture	dtohmm_ex	7099554	090	945508.536585366	0.856	0.467930029154519	0.605089538171536	0.720666666666667	0.324444444444444	0.144	475652	0.0108	408853.071145596	775316.9999999999	4	6337380	4	3737491	9	13832968
Strigiformes	1270	5	5	220	0.15	1	admixture	dtohmm	7099554	090	945508.536585366	0.977777777777778	0.977777777777778	0.977777777777778	0.993333333333333	0.00392156862745098	0.0222222222222222	475652	0.0108	408853.071145596	775316.9999999999	4	6337380	4	3737491	9	13832968
Strigiformes	1270	5	5	220	0.15	1	admixture	mlthmm	7099554	090	945508.536585366	0.977777777777778	0.977777777777778	0.977777777777778	0.993333333333333	0.00392156862745098	0.0222222222222222	475652	0.0108	408853.071145596	775316.9999999999	4	6337380	4	3737491	9	13832968
Strigiformes	1122	3	0	375	0.25	1	admixture	bcbhmm	7099554	090	945508.536585366	1	0.992063492063492	0.99601593625498	0.998	0.00266666666666667	0	475652	0.0108	408853.071145596	775316.9999999999	4	6337380	4	3737491	9	13832968
Strigiformes	1199	1	2	298	0.2	1	admixture	phlag_dto_eap01_ena4_esp001_ex	7099554	090	1.29466867446899	0.993333333333333	0.996655518394649	0.994991652754591	0.998	0.000833333333333333	0.00666666666666667	475652	0.0108	408853.071145596	775316.9999999999	4	6337380	4	3737491	9	13832968
Strigiformes	1408	17	2	73	0.05	1	admixture	bcbhmm	7099554	090	945508.536585366	0.973333333333333	0.811111111111111	0.884848484848485	0.987333333333333	0.0119298245614035	0.0266666666666667	475652	0.0108	408853.071145596	775316.9999999999	4	6337380	4	3737491	9	13832968
Strigiformes	948	522	28	2	0.02	1	admixture	dtohmm_ex	7099554	090	945508.536585366	0.0666666666666667	0.00381679389312977	0.0072202166064982	0.633333333333333	0.355102040816327	0.933333333333333	475652	0.0108	408853.071145596	775316.9999999999	4	6337380	4	3737491	9	13832968
Strigiformes	975	495	5	25	0.02	1	admixture	mlthmm_ex	7099554	090	945508.536585366	0.833333333333333	0.0480769230769231	0.0909090909090909	0.666666666666667	0.336734693877551	0.166666666666667	475652	0.0108	408853.071145596	775316.9999999999	4	6337380	4	3737491	9	13832968
Strigiformes	1101	24	0	375	0.25	1	admixture	cqshmm	7099554	090	945508.536585366	1	0.93984962406015	0.968992248062015	0.984	0.0213333333333333	0	475652	0.0108	408853.071145596	775316.9999999999	4	6337380	4	3737491	9	13832968
Strigiformes	884	466	19	131	0.1	1	admixture	bcbhmm_ex	7099554	090	945508.536585366	0.873333333333333	0.219430485762144	0.350736278447122	0.676666666666667	0.345185185185185	0.126666666666667	475652	0.0108	408853.071145596	775316.9999999999	4	6337380	4	3737491	9	13832968
Strigiformes	1425	0	75	0	0.05	1	admixture	pbphmm	7099554	090	945508.536585366	0	NA	0	0.95	0	1	475652	0.0108	408853.071145596	775316.9999999999	4	6337380	4	3737491	9	13832968
Strigiformes	936	489	11	64	0.05	1	admixture	mlthmm_ex	7099554	090	945508.536585366	0.853333333333333	0.115732368896926	0.203821656050955	0.666666666666667	0.343157894736842	0.146666666666667	475652	0.0108	408853.071145596	775316.9999999999	4	6337380	4	3737491	9	13832968
Strigiformes	792	633	42	33	0.05	1	admixture	cqshmm	7099554	090	945508.536585366	0.44	0.0495495495495495	0.0890688259109312	0.55	0.44421052631579	0.56	475652	0.0108	408853.071145596	775316.9999999999	4	6337380	4	3737491	9	13832968
Strigiformes	1408	17	2	73	0.05	1	admixture	mlthmm	7099554	090	945508.536585366	0.973333333333333	0.811111111111111	0.884848484848485	0.987333333333333	0.0119298245614035	0.0266666666666667	475652	0.0108	408853.071145596	775316.9999999999	4	6337380	4	3737491	9	13832968
Strigiformes	1470	0	30	0	0.02	1	admixture	pbphmm	7099554	090	945508.536585366	0	NA	0	0.98	0	1	475652	0.0108	408853.071145596	775316.9999999999	4	6337380	4	3737491	9	13832968
Strigiformes	908	517	53	22	0.05	1	admixture	gqshmm_ex	7099554	090	945508.536585366	0.293333333333333	0.0408163265306122	0.0716612377850163	0.62	0.36280701754386	0.706666666666667	475652	0.0108	408853.071145596	775316.9999999999	4	6337380	4	3737491	9	13832968
Strigiformes	1408	17	2	73	0.05	1	admixture	dtohmm	7099554	090	945508.536585366	0.973333333333333	0.811111111111111	0.884848484848485	0.987333333333333	0.0119298245614035	0.0266666666666667	475652	0.0108	408853.071145596	775316.9999999999	4	6337380	4	3737491	9	13832968
Strigiformes	733	737	30	0	0.02	1	admixture	cqshmm	7099554	090	945508.536585366	0	0	0	0.488666666666667	0.501360544217687	1	475652	0.0108	408853.071145596	775316.9999999999	4	6337380	4	3737491	9	13832968
Strigiformes	979	491	5	25	0.02	1	admixture	mlthmm	7099554	090	945508.536585366	0.833333333333333	0.0484496124031008	0.0915750915750916	0.669333333333333	0.334013605442177	0.166666666666667	475652	0.0108	408853.071145596	775316.9999999999	4	6337380	4	3737491	9	13832968
Strigiformes	776	424	39	261	0.2	1	admixture	cqshmm_ex	7099554	090	945508.536585366	0.87	0.381021897810219	0.52994923857868	0.691333333333333	0.353333333333333	0.13	475652	0.0108	408853.071145596	775316.9999999999	4	6337380	4	3737491	9	13832968
Strigiformes	1199	1	2	298	0.2	1	admixture	phlag_dto_eap01_ena4_esp001	7099554	090	1.29466867446899	0.993333333333333	0.996655518394649	0.994991652754591	0.998	0.000833333333333333	0.00666666666666667	475652	0.0108	408853.071145596	775316.9999999999	4	6337380	4	3737491	9	13832968
Strigiformes	804	396	218	82	0.2	1	admixture	gqshmm_ex	7099554	090	945508.536585366	0.273333333333333	0.171548117154812	0.210796915167095	0.590666666666667	0.33	0.726666666666667	475652	0.0108	408853.071145596	775316.9999999999	4	6337380	4	3737491	9	13832968
Strigiformes	824	601	8	67	0.05	1	admixture	dtohmm_ex	7099554	090	945508.536585366	0.893333333333333	0.100299401197605	0.180349932705249	0.594	0.421754385964912	0.106666666666667	475652	0.0108	408853.071145596	775316.9999999999	4	6337380	4	3737491	9	13832968
Strigiformes	1350	0	2	148	0.1	1	admixture	phlag_dto_eap01_ena4_esp001_ex	7099554	090	1.44052314758301	0.986666666666667	1	0.993288590604027	0.998666666666667	0	0.0133333333333333	475652	0.0108	408853.071145596	775316.9999999999	4	6337380	4	3737491	9	13832968
Strigiformes	794	406	39	261	0.2	1	admixture	bcbhmm_ex	7099554	090	945508.536585366	0.87	0.391304347826087	0.53981385729059	0.703333333333333	0.338333333333333	0.13	475652	0.0108	408853.071145596	775316.9999999999	4	6337380	4	3737491	9	13832968
Strigiformes	1200	0	5	295	0.2	1	admixture	pbphmm_ex	7099554	090	945508.536585366	0.983333333333333	1	0.991596638655462	0.996666666666667	0	0.0166666666666667	475652	0.0108	408853.071145596	775316.9999999999	4	6337380	4	3737491	9	13832968
Strigiformes	1199	1	2	298	0.2	1	admixture	dtohmm	7099554	090	945508.536585366	0.993333333333333	0.996655518394649	0.994991652754591	0.998	0.000833333333333333	0.00666666666666667	475652	0.0108	408853.071145596	775316.9999999999	4	6337380	4	3737491	9	13832968
Strigiformes	822	453	26	199	0.15	1	admixture	bcbhmm_ex	7099554	090	945508.536585366	0.884444444444444	0.30521472392638	0.45381984036488	0.680666666666667	0.355294117647059	0.115555555555556	475652	0.0108	408853.071145596	775316.9999999999	4	6337380	4	3737491	9	13832968
Strigiformes	928	497	9	66	0.05	1	admixture	bcbhmm_ex	7099554	090	945508.536585366	0.88	0.117229129662522	0.206896551724138	0.662666666666667	0.348771929824561	0.12	475652	0.0108	408853.071145596	775316.9999999999	4	6337380	4	3737491	9	13832968
Strigiformes	1396	29	74	1	0.05	1	admixture	pbphmm_ex	7099554	090	945508.536585366	0.0133333333333333	0.0333333333333333	0.019047619047619	0.931333333333333	0.0203508771929825	0.986666666666667	475652	0.0108	408853.071145596	775316.9999999999	4	6337380	4	3737491	9	13832968
Strigiformes	940	260	52	248	0.2	1	admixture	gqshmm	7099554	090	945508.536585366	0.826666666666667	0.488188976377953	0.613861386138614	0.792	0.216666666666667	0.173333333333333	475652	0.0108	408853.071145596	775316.9999999999	4	6337380	4	3737491	9	13832968
Strigiformes	836	439	29	196	0.15	1	admixture	mlthmm_ex	7099554	090	945508.536585366	0.871111111111111	0.308661417322835	0.455813953488372	0.688	0.344313725490196	0.128888888888889	475652	0.0108	408853.071145596	775316.9999999999	4	6337380	4	3737491	9	13832968
Strigiformes	896	454	23	127	0.1	1	admixture	cqshmm_ex	7099554	090	945508.536585366	0.846666666666667	0.218588640275387	0.347469220246238	0.682	0.336296296296296	0.153333333333333	475652	0.0108	408853.071145596	775316.9999999999	4	6337380	4	3737491	9	13832968
Strigiformes	1350	0	2	148	0.1	1	admixture	phlag_dto_eap01_ena4_esp001	7099554	090	1.44052314758301	0.986666666666667	1	0.993288590604027	0.998666666666667	0	0.0133333333333333	475652	0.0108	408853.071145596	775316.9999999999	4	6337380	4	3737491	9	13832968
Strigiformes	750	375	268	107	0.25	1	admixture	gqshmm_ex	7099554	090	945508.536585366	0.285333333333333	0.221991701244813	0.249708284714119	0.571333333333333	0.333333333333333	0.714666666666667	475652	0.0108	408853.071145596	775316.9999999999	4	6337380	4	3737491	9	13832968
Strigiformes	1122	3	0	375	0.25	1	admixture	dtohmm	7099554	090	945508.536585366	1	0.992063492063492	0.99601593625498	0.998	0.00266666666666667	0	475652	0.0108	408853.071145596	775316.9999999999	4	6337380	4	3737491	9	13832968
Strigiformes	1414	56	30	0	0.02	1	admixture	pbphmm_ex	7099554	090	945508.536585366	0	0	0	0.942666666666667	0.0380952380952381	1	475652	0.0108	408853.071145596	775316.9999999999	4	6337380	4	3737491	9	13832968
Strigiformes	980	490	5	25	0.02	1	admixture	gqshmm	7099554	090	945508.536585366	0.833333333333333	0.0485436893203883	0.091743119266055	0.67	0.333333333333333	0.166666666666667	475652	0.0108	408853.071145596	775316.9999999999	4	6337380	4	3737491	9	13832968
Strigiformes	722	628	81	69	0.1	1	admixture	cqshmm	7099554	090	945508.536585366	0.46	0.0989956958393113	0.162927981109799	0.527333333333333	0.465185185185185	0.54	475652	0.0108	408853.071145596	775316.9999999999	4	6337380	4	3737491	9	13832968
Strigiformes	840	285	65	310	0.25	1	admixture	cqshmm_ex	7099554	090	945508.536585366	0.826666666666667	0.521008403361345	0.639175257731959	0.766666666666667	0.253333333333333	0.173333333333333	475652	0.0108	408853.071145596	775316.9999999999	4	6337380	4	3737491	9	13832968
Strigiformes	1425	0	3	72	0.05	1	admixture	phlag_dto_eap01_ena4_esp001_ex	7099554	090	1.57571172714233	0.96	1	0.979591836734694	0.998	0	0.04	475652	0.0108	408853.071145596	775316.9999999999	4	6337380	4	3737491	9	13832968
Strigiformes	897	453	19	131	0.1	1	admixture	mlthmm_ex	7099554	090	945508.536585366	0.873333333333333	0.224315068493151	0.356948228882834	0.685333333333333	0.335555555555556	0.126666666666667	475652	0.0108	408853.071145596	775316.9999999999	4	6337380	4	3737491	9	13832968
Strigiformes	1202	268	14	16	0.02	1	admixture	gqshmm_ex	7099554	090	945508.536585366	0.533333333333333	0.0563380281690141	0.101910828025478	0.812	0.182312925170068	0.466666666666667	475652	0.0108	408853.071145596	775316.9999999999	4	6337380	4	3737491	9	13832968
Strigiformes	1122	3	0	375	0.25	1	admixture	phlag_dto_eap01_ena4_esp001	7099554	090	1.24506378173828	1	0.992063492063492	0.99601593625498	0.998	0.00266666666666667	0	475652	0.0108	408853.071145596	775316.9999999999	4	6337380	4	3737491	9	13832968
Strigiformes	961	464	11	64	0.05	1	admixture	gqshmm	7099554	090	945508.536585366	0.853333333333333	0.121212121212121	0.212271973466003	0.683333333333333	0.325614035087719	0.146666666666667	475652	0.0108	408853.071145596	775316.9999999999	4	6337380	4	3737491	9	13832968
Strigiformes	811	464	28	197	0.15	1	admixture	dtohmm_ex	7099554	090	945508.536585366	0.875555555555556	0.29803328290469	0.444695259593679	0.672	0.363921568627451	0.124444444444444	475652	0.0108	408853.071145596	775316.9999999999	4	6337380	4	3737491	9	13832968
Strigiformes	1199	1	2	298	0.2	1	admixture	bcbhmm	7099554	090	945508.536585366	0.993333333333333	0.996655518394649	0.994991652754591	0.998	0.000833333333333333	0.00666666666666667	475652	0.0108	408853.071145596	775316.9999999999	4	6337380	4	3737491	9	13832968
Strigiformes	1275	0	3	222	0.15	1	admixture	pbphmm_ex	7099554	090	945508.536585366	0.986666666666667	1	0.993288590604027	0.998	0	0.0133333333333333	475652	0.0108	408853.071145596	775316.9999999999	4	6337380	4	3737491	9	13832968
Strigiformes	747	723	30	0	0.02	1	admixture	bcbhmm	7099554	090	945508.536585366	0	0	0	0.498	0.491836734693878	1	475652	0.0108	408853.071145596	775316.9999999999	4	6337380	4	3737491	9	13832968
Strigiformes	1123	2	0	375	0.25	1	admixture	phlag_dto_eap01_ena4_esp001_ex	7099554	090	1.24506378173828	1	0.994694960212202	0.997340425531915	0.998666666666667	0.00177777777777778	0	475652	0.0108	408853.071145596	775316.9999999999	4	6337380	4	3737491	9	13832968
Strigiformes	1200	0	300	0	0.2	1	admixture	pbphmm	7099554	090	945508.536585366	0	NA	0	0.8	0	1	475652	0.0108	408853.071145596	775316.9999999999	4	6337380	4	3737491	9	13832968
Strigiformes	1199	1	2	298	0.2	1	admixture	mlthmm	7099554	090	945508.536585366	0.993333333333333	0.996655518394649	0.994991652754591	0.998	0.000833333333333333	0.00666666666666667	475652	0.0108	408853.071145596	775316.9999999999	4	6337380	4	3737491	9	13832968
Strigiformes	843	627	4	26	0.02	1	admixture	cqshmm_ex	7099554	090	945508.536585366	0.866666666666667	0.0398162327718224	0.0761346998535871	0.579333333333333	0.426530612244898	0.133333333333333	475652	0.0108	408853.071145596	775316.9999999999	4	6337380	4	3737491	9	13832968
Strigiformes	1350	0	2	148	0.1	1	admixture	mlthmm	7099554	090	945508.536585366	0.986666666666667	1	0.993288590604027	0.998666666666667	0	0.0133333333333333	475652	0.0108	408853.071145596	775316.9999999999	4	6337380	4	3737491	9	13832968
Strigiformes	1424	46	30	0	0.02	1	admixture	phlag_dto_eap01_ena4_esp001	7099554	090	1.67123603820801	0	0	0	0.949333333333333	0.0312925170068027	1	475652	0.0108	408853.071145596	775316.9999999999	4	6337380	4	3737491	9	13832968
Strigiformes	1350	0	2	148	0.1	1	admixture	dtohmm	7099554	090	945508.536585366	0.986666666666667	1	0.993288590604027	0.998666666666667	0	0.0133333333333333	475652	0.0108	408853.071145596	775316.9999999999	4	6337380	4	3737491	9	13832968
Strigiformes	1154	316	0	30	0.02	1	admixture	phlag_dto_eap01_ena4_esp001_ex	7099554	090	1.67123603820801	1	0.0867052023121387	0.159574468085106	0.789333333333333	0.214965986394558	0	475652	0.0108	408853.071145596	775316.9999999999	4	6337380	4	3737491	9	13832968
Strigiformes	768	702	27	3	0.02	1	admixture	bcbhmm_ex	7099554	090	945508.536585366	0.1	0.00425531914893617	0.00816326530612245	0.514	0.477551020408163	0.9	475652	0.0108	408853.071145596	775316.9999999999	4	6337380	4	3737491	9	13832968
Strigiformes	1187	13	2	298	0.2	1	admixture	cqshmm	7099554	090	945508.536585366	0.993333333333333	0.958199356913183	0.975450081833061	0.99	0.0108333333333333	0.00666666666666667	475652	0.0108	408853.071145596	775316.9999999999	4	6337380	4	3737491	9	13832968
Strigiformes	984	291	38	187	0.15	1	admixture	gqshmm	7099554	090	945508.536585366	0.831111111111111	0.391213389121339	0.532005689900427	0.780666666666667	0.228235294117647	0.168888888888889	475652	0.0108	408853.071145596	775316.9999999999	4	6337380	4	3737491	9	13832968
Strigiformes	1275	0	225	0	0.15	1	admixture	pbphmm	7099554	090	945508.536585366	0	NA	0	0.85	0	1	475652	0.0108	408853.071145596	775316.9999999999	4	6337380	4	3737491	9	13832968
Strigiformes	917	433	102	48	0.1	1	admixture	gqshmm_ex	7099554	090	945508.536585366	0.32	0.0997920997920998	0.152139461172742	0.643333333333333	0.320740740740741	0.68	475652	0.0108	408853.071145596	775316.9999999999	4	6337380	4	3737491	9	13832968
Strigiformes	1284	186	3	27	0.02	1	admixture	dtohmm	7099554	090	945508.536585366	0.9	0.126760563380282	0.222222222222222	0.874	0.126530612244898	0.1	475652	0.0108	408853.071145596	775316.9999999999	4	6337380	4	3737491	9	13832968
Strigiformes	801	399	41	259	0.2	1	admixture	mlthmm_ex	7099554	090	945508.536585366	0.863333333333333	0.393617021276596	0.54070981210856	0.706666666666667	0.3325	0.136666666666667	475652	0.0108	408853.071145596	775316.9999999999	4	6337380	4	3737491	9	13832968
Strigiformes	782	418	38	262	0.2	1	admixture	dtohmm_ex	7099554	090	945508.536585366	0.873333333333333	0.385294117647059	0.53469387755102	0.696	0.348333333333333	0.126666666666667	475652	0.0108	408853.071145596	775316.9999999999	4	6337380	4	3737491	9	13832968
Trogoniformes	822	528	97	53	0.1	1	admixture	bcbhmm_ex	6099554	090	5087025.6097561	0.353333333333333	0.0912220309810671	0.14500683994528	0.583333333333333	0.391111111111111	0.646666666666667	373294	0.075673	510422.571575954	4171360.9999999995	2	6231155	2	7239760	11	8290949
Trogoniformes	1010	265	18	207	0.15	1	admixture	dtohmm_ex	6099554	090	5087025.6097561	0.92	0.438559322033898	0.593974175035868	0.811333333333333	0.207843137254902	0.08	373294	0.075673	510422.571575954	4171360.9999999995	2	6231155	2	7239760	11	8290949
Trogoniformes	1125	0	1	374	0.25	1	admixture	dtohmm	6099554	090	5087025.6097561	0.997333333333333	1	0.998664886515354	0.999333333333333	0	0.00266666666666667	373294	0.075673	510422.571575954	4171360.9999999995	2	6231155	2	7239760	11	8290949
Trogoniformes	1348	2	5	145	0.1	1	admixture	bcbhmm	6099554	090	5087025.6097561	0.966666666666667	0.986394557823129	0.976430976430976	0.995333333333333	0.00148148148148148	0.0333333333333333	373294	0.075673	510422.571575954	4171360.9999999995	2	6231155	2	7239760	11	8290949
Trogoniformes	1059	66	359	16	0.25	1	admixture	gqshmm_ex	6099554	090	5087025.6097561	0.0426666666666667	0.195121951219512	0.0700218818380744	0.716666666666667	0.0586666666666667	0.957333333333333	373294	0.075673	510422.571575954	4171360.9999999995	2	6231155	2	7239760	11	8290949
Trogoniformes	1275	0	0	225	0.15	1	admixture	phlag_dto_eap01_ena4_esp001_ex	6099554	090	6.90845394134521	1	1	1	1	0	0	373294	0.075673	510422.571575954	4171360.9999999995	2	6231155	2	7239760	11	8290949
Trogoniformes	1272	3	0	225	0.15	1	admixture	mlthmm_ex	6099554	090	5087025.6097561	1	0.986842105263158	0.993377483443709	0.998	0.00235294117647059	0	373294	0.075673	510422.571575954	4171360.9999999995	2	6231155	2	7239760	11	8290949
Trogoniformes	1275	0	0	225	0.15	1	admixture	cqshmm	6099554	090	5087025.6097561	1	1	1	1	0	0	373294	0.075673	510422.571575954	4171360.9999999995	2	6231155	2	7239760	11	8290949
Trogoniformes	1275	0	0	225	0.15	1	admixture	dtohmm	6099554	090	5087025.6097561	1	1	1	1	0	0	373294	0.075673	510422.571575954	4171360.9999999995	2	6231155	2	7239760	11	8290949
Trogoniformes	1107	168	223	2	0.15	1	admixture	pbphmm_ex	6099554	090	5087025.6097561	0.00888888888888889	0.0117647058823529	0.010126582278481	0.739333333333333	0.131764705882353	0.991111111111111	373294	0.075673	510422.571575954	4171360.9999999995	2	6231155	2	7239760	11	8290949
Trogoniformes	882	393	18	207	0.15	1	admixture	gqshmm	6099554	090	5087025.6097561	0.92	0.345	0.501818181818182	0.726	0.308235294117647	0.08	373294	0.075673	510422.571575954	4171360.9999999995	2	6231155	2	7239760	11	8290949
Trogoniformes	1272	3	0	225	0.15	1	admixture	bcbhmm	6099554	090	5087025.6097561	1	0.986842105263158	0.993377483443709	0.998	0.00235294117647059	0	373294	0.075673	510422.571575954	4171360.9999999995	2	6231155	2	7239760	11	8290949
Trogoniformes	790	485	143	82	0.15	1	admixture	bcbhmm_ex	6099554	090	5087025.6097561	0.364444444444444	0.144620811287478	0.207070707070707	0.581333333333333	0.380392156862745	0.635555555555556	373294	0.075673	510422.571575954	4171360.9999999995	2	6231155	2	7239760	11	8290949
Trogoniformes	1272	3	0	225	0.15	1	admixture	mlthmm	6099554	090	5087025.6097561	1	0.986842105263158	0.993377483443709	0.998	0.00235294117647059	0	373294	0.075673	510422.571575954	4171360.9999999995	2	6231155	2	7239760	11	8290949
Trogoniformes	748	527	154	71	0.15	1	admixture	cqshmm_ex	6099554	090	5087025.6097561	0.315555555555556	0.118729096989967	0.172539489671932	0.546	0.413333333333333	0.684444444444444	373294	0.075673	510422.571575954	4171360.9999999995	2	6231155	2	7239760	11	8290949
Trogoniformes	1125	0	1	374	0.25	1	admixture	phlag_dto_eap01_ena4_esp001_ex	6099554	090	6.90845394134521	0.997333333333333	1	0.998664886515354	0.999333333333333	0	0.00266666666666667	373294	0.075673	510422.571575954	4171360.9999999995	2	6231155	2	7239760	11	8290949
Trogoniformes	1100	250	142	8	0.1	1	admixture	pbphmm_ex	6099554	090	5087025.6097561	0.0533333333333333	0.0310077519379845	0.0392156862745098	0.738666666666667	0.185185185185185	0.946666666666667	373294	0.075673	510422.571575954	4171360.9999999995	2	6231155	2	7239760	11	8290949
Trogoniformes	1125	0	1	374	0.25	1	admixture	dtohmm_ex	6099554	090	5087025.6097561	0.997333333333333	1	0.998664886515354	0.999333333333333	0	0.00266666666666667	373294	0.075673	510422.571575954	4171360.9999999995	2	6231155	2	7239760	11	8290949
Trogoniformes	1124	1	0	375	0.25	1	admixture	mlthmm_ex	6099554	090	5087025.6097561	1	0.997340425531915	0.99866844207723	0.999333333333333	0.000888888888888889	0	373294	0.075673	510422.571575954	4171360.9999999995	2	6231155	2	7239760	11	8290949
Trogoniformes	1125	0	1	374	0.25	1	admixture	cqshmm	6099554	090	5087025.6097561	0.997333333333333	1	0.998664886515354	0.999333333333333	0	0.00266666666666667	373294	0.075673	510422.571575954	4171360.9999999995	2	6231155	2	7239760	11	8290949
Trogoniformes	1124	1	0	375	0.25	1	admixture	mlthmm	6099554	090	5087025.6097561	1	0.997340425531915	0.99866844207723	0.999333333333333	0.000888888888888889	0	373294	0.075673	510422.571575954	4171360.9999999995	2	6231155	2	7239760	11	8290949
Trogoniformes	1122	3	0	375	0.25	1	admixture	cqshmm_ex	6099554	090	5087025.6097561	1	0.992063492063492	0.99601593625498	0.998	0.00266666666666667	0	373294	0.075673	510422.571575954	4171360.9999999995	2	6231155	2	7239760	11	8290949
Trogoniformes	1125	0	1	374	0.25	1	admixture	phlag_dto_eap01_ena4_esp001	6099554	090	6.90845394134521	0.997333333333333	1	0.998664886515354	0.999333333333333	0	0.00266666666666667	373294	0.075673	510422.571575954	4171360.9999999995	2	6231155	2	7239760	11	8290949
Trogoniformes	1010	415	75	0	0.05	1	admixture	pbphmm	6099554	090	5087025.6097561	0	0	0	0.673333333333333	0.291228070175439	1	373294	0.075673	510422.571575954	4171360.9999999995	2	6231155	2	7239760	11	8290949
Trogoniformes	1275	0	225	0	0.15	1	admixture	pbphmm	6099554	090	5087025.6097561	0	NA	0	0.85	0	1	373294	0.075673	510422.571575954	4171360.9999999995	2	6231155	2	7239760	11	8290949
Trogoniformes	1125	0	1	374	0.25	1	admixture	bcbhmm	6099554	090	5087025.6097561	0.997333333333333	1	0.998664886515354	0.999333333333333	0	0.00266666666666667	373294	0.075673	510422.571575954	4171360.9999999995	2	6231155	2	7239760	11	8290949
Trogoniformes	937	413	10	140	0.1	1	admixture	gqshmm	6099554	090	5087025.6097561	0.933333333333333	0.253164556962025	0.398293029871977	0.718	0.305925925925926	0.0666666666666667	373294	0.075673	510422.571575954	4171360.9999999995	2	6231155	2	7239760	11	8290949
Trogoniformes	790	560	0	150	0.1	1	admixture	pbphmm	6099554	090	5087025.6097561	1	0.211267605633803	0.348837209302326	0.626666666666667	0.414814814814815	0	373294	0.075673	510422.571575954	4171360.9999999995	2	6231155	2	7239760	11	8290949
Trogoniformes	1275	0	0	225	0.15	1	admixture	phlag_dto_eap01_ena4_esp001	6099554	090	6.90845394134521	1	1	1	1	0	0	373294	0.075673	510422.571575954	4171360.9999999995	2	6231155	2	7239760	11	8290949
Trogoniformes	1204	71	216	9	0.15	1	admixture	gqshmm_ex	6099554	090	5087025.6097561	0.04	0.1125	0.059016393442623	0.808666666666667	0.0556862745098039	0.96	373294	0.075673	510422.571575954	4171360.9999999995	2	6231155	2	7239760	11	8290949
Trogoniformes	1343	82	72	3	0.05	1	admixture	gqshmm_ex	6099554	090	5087025.6097561	0.04	0.0352941176470588	0.0375	0.897333333333333	0.0575438596491228	0.96	373294	0.075673	510422.571575954	4171360.9999999995	2	6231155	2	7239760	11	8290949
Trogoniformes	1425	0	0	75	0.05	1	admixture	dtohmm	6099554	090	5087025.6097561	1	1	1	1	0	0	373294	0.075673	510422.571575954	4171360.9999999995	2	6231155	2	7239760	11	8290949
Trogoniformes	790	410	275	25	0.2	1	admixture	pbphmm_ex	6099554	090	5087025.6097561	0.0833333333333333	0.0574712643678161	0.0680272108843537	0.543333333333333	0.341666666666667	0.916666666666667	373294	0.075673	510422.571575954	4171360.9999999995	2	6231155	2	7239760	11	8290949
Trogoniformes	693	657	99	51	0.1	1	admixture	cqshmm_ex	6099554	090	5087025.6097561	0.34	0.0720338983050847	0.118881118881119	0.496	0.486666666666667	0.66	373294	0.075673	510422.571575954	4171360.9999999995	2	6231155	2	7239760	11	8290949
Trogoniformes	1348	2	5	145	0.1	1	admixture	phlag_dto_eap01_ena4_esp001	6099554	090	6.90845394134521	0.966666666666667	0.986394557823129	0.976430976430976	0.995333333333333	0.00148148148148148	0.0333333333333333	373294	0.075673	510422.571575954	4171360.9999999995	2	6231155	2	7239760	11	8290949
Trogoniformes	1275	75	144	6	0.1	1	admixture	gqshmm_ex	6099554	090	5087025.6097561	0.04	0.0740740740740741	0.051948051948052	0.854	0.0555555555555556	0.96	373294	0.075673	510422.571575954	4171360.9999999995	2	6231155	2	7239760	11	8290949
Trogoniformes	1348	2	5	145	0.1	1	admixture	dtohmm	6099554	090	5087025.6097561	0.966666666666667	0.986394557823129	0.976430976430976	0.995333333333333	0.00148148148148148	0.0333333333333333	373294	0.075673	510422.571575954	4171360.9999999995	2	6231155	2	7239760	11	8290949
Trogoniformes	891	534	71	4	0.05	1	admixture	dtohmm_ex	6099554	090	5087025.6097561	0.0533333333333333	0.00743494423791822	0.0130505709624796	0.596666666666667	0.374736842105263	0.946666666666667	373294	0.075673	510422.571575954	4171360.9999999995	2	6231155	2	7239760	11	8290949
Trogoniformes	1006	419	71	4	0.05	1	admixture	mlthmm_ex	6099554	090	5087025.6097561	0.0533333333333333	0.00945626477541371	0.0160642570281124	0.673333333333333	0.294035087719298	0.946666666666667	373294	0.075673	510422.571575954	4171360.9999999995	2	6231155	2	7239760	11	8290949
Trogoniformes	680	445	245	130	0.25	1	admixture	bcbhmm_ex	6099554	090	5087025.6097561	0.346666666666667	0.226086956521739	0.273684210526316	0.54	0.395555555555556	0.653333333333333	373294	0.075673	510422.571575954	4171360.9999999995	2	6231155	2	7239760	11	8290949
Trogoniformes	960	165	370	5	0.25	1	admixture	pbphmm_ex	6099554	090	5087025.6097561	0.0133333333333333	0.0294117647058824	0.018348623853211	0.643333333333333	0.146666666666667	0.986666666666667	373294	0.075673	510422.571575954	4171360.9999999995	2	6231155	2	7239760	11	8290949
Trogoniformes	805	320	26	349	0.25	1	admixture	gqshmm	6099554	090	5087025.6097561	0.930666666666667	0.521674140508221	0.668582375478927	0.769333333333333	0.284444444444444	0.0693333333333333	373294	0.075673	510422.571575954	4171360.9999999995	2	6231155	2	7239760	11	8290949
Trogoniformes	1103	22	5	370	0.25	1	admixture	pbphmm	6099554	090	5087025.6097561	0.986666666666667	0.943877551020408	0.964797913950456	0.982	0.0195555555555556	0.0133333333333333	373294	0.075673	510422.571575954	4171360.9999999995	2	6231155	2	7239760	11	8290949
Trogoniformes	1200	0	0	300	0.2	1	admixture	bcbhmm	6099554	090	5087025.6097561	1	1	1	1	0	0	373294	0.075673	510422.571575954	4171360.9999999995	2	6231155	2	7239760	11	8290949
Trogoniformes	605	595	179	121	0.2	1	admixture	bcbhmm_ex	6099554	090	5087025.6097561	0.403333333333333	0.168994413407821	0.238188976377953	0.484	0.495833333333333	0.596666666666667	373294	0.075673	510422.571575954	4171360.9999999995	2	6231155	2	7239760	11	8290949
Trogoniformes	948	402	145	5	0.1	1	admixture	mlthmm_ex	6099554	090	5087025.6097561	0.0333333333333333	0.0122850122850123	0.0179533213644524	0.635333333333333	0.297777777777778	0.966666666666667	373294	0.075673	510422.571575954	4171360.9999999995	2	6231155	2	7239760	11	8290949
Trogoniformes	825	375	21	279	0.2	1	admixture	gqshmm	6099554	090	5087025.6097561	0.93	0.426605504587156	0.584905660377358	0.736	0.3125	0.07	373294	0.075673	510422.571575954	4171360.9999999995	2	6231155	2	7239760	11	8290949
Trogoniformes	1173	27	0	300	0.2	1	admixture	pbphmm	6099554	090	5087025.6097561	1	0.91743119266055	0.956937799043062	0.982	0.0225	0	373294	0.075673	510422.571575954	4171360.9999999995	2	6231155	2	7239760	11	8290949
Trogoniformes	1200	0	0	300	0.2	1	admixture	dtohmm_ex	6099554	090	5087025.6097561	1	1	1	1	0	0	373294	0.075673	510422.571575954	4171360.9999999995	2	6231155	2	7239760	11	8290949
Trogoniformes	1200	0	0	300	0.2	1	admixture	mlthmm_ex	6099554	090	5087025.6097561	1	1	1	1	0	0	373294	0.075673	510422.571575954	4171360.9999999995	2	6231155	2	7239760	11	8290949
Trogoniformes	1200	0	0	300	0.2	1	admixture	cqshmm	6099554	090	5087025.6097561	1	1	1	1	0	0	373294	0.075673	510422.571575954	4171360.9999999995	2	6231155	2	7239760	11	8290949
Trogoniformes	1200	0	0	300	0.2	1	admixture	mlthmm	6099554	090	5087025.6097561	1	1	1	1	0	0	373294	0.075673	510422.571575954	4171360.9999999995	2	6231155	2	7239760	11	8290949
Trogoniformes	1423	2	0	75	0.05	1	admixture	cqshmm	6099554	090	5087025.6097561	1	0.974025974025974	0.986842105263158	0.998666666666667	0.00140350877192982	0	373294	0.075673	510422.571575954	4171360.9999999995	2	6231155	2	7239760	11	8290949
Trogoniformes	1418	7	0	75	0.05	1	admixture	mlthmm	6099554	090	5087025.6097561	1	0.914634146341463	0.955414012738854	0.995333333333333	0.00491228070175439	0	373294	0.075673	510422.571575954	4171360.9999999995	2	6231155	2	7239760	11	8290949
Trogoniformes	840	585	15	60	0.05	1	admixture	cqshmm_ex	6099554	090	5087025.6097561	0.8	0.0930232558139535	0.166666666666667	0.6	0.410526315789474	0.2	373294	0.075673	510422.571575954	4171360.9999999995	2	6231155	2	7239760	11	8290949
Trogoniformes	1425	0	0	75	0.05	1	admixture	phlag_dto_eap01_ena4_esp001	6099554	090	6.90845394134521	1	1	1	1	0	0	373294	0.075673	510422.571575954	4171360.9999999995	2	6231155	2	7239760	11	8290949
Trogoniformes	1200	0	0	300	0.2	1	admixture	phlag_dto_eap01_ena4_esp001_ex	6099554	090	6.90845394134521	1	1	1	1	0	0	373294	0.075673	510422.571575954	4171360.9999999995	2	6231155	2	7239760	11	8290949
Trogoniformes	817	533	145	5	0.1	1	admixture	dtohmm_ex	6099554	090	5087025.6097561	0.0333333333333333	0.00929368029739777	0.0145348837209302	0.548	0.394814814814815	0.966666666666667	373294	0.075673	510422.571575954	4171360.9999999995	2	6231155	2	7239760	11	8290949
Trogoniformes	919	551	30	0	0.02	1	admixture	dtohmm	6099554	090	5087025.6097561	0	0	0	0.612666666666667	0.374829931972789	1	373294	0.075673	510422.571575954	4171360.9999999995	2	6231155	2	7239760	11	8290949
Trogoniformes	1425	0	0	75	0.05	1	admixture	phlag_dto_eap01_ena4_esp001_ex	6099554	090	6.90845394134521	1	1	1	1	0	0	373294	0.075673	510422.571575954	4171360.9999999995	2	6231155	2	7239760	11	8290949
Trogoniformes	1348	2	5	145	0.1	1	admixture	mlthmm	6099554	090	5087025.6097561	0.966666666666667	0.986394557823129	0.976430976430976	0.995333333333333	0.00148148148148148	0.0333333333333333	373294	0.075673	510422.571575954	4171360.9999999995	2	6231155	2	7239760	11	8290949
Trogoniformes	1212	258	30	0	0.02	1	admixture	pbphmm_ex	6099554	090	5087025.6097561	0	0	0	0.808	0.175510204081633	1	373294	0.075673	510422.571575954	4171360.9999999995	2	6231155	2	7239760	11	8290949
Trogoniformes	1018	452	1	29	0.02	1	admixture	gqshmm	6099554	090	5087025.6097561	0.966666666666667	0.0602910602910603	0.113502935420744	0.698	0.307482993197279	0.0333333333333333	373294	0.075673	510422.571575954	4171360.9999999995	2	6231155	2	7239760	11	8290949
Trogoniformes	866	604	30	0	0.02	1	admixture	pbphmm	6099554	090	5087025.6097561	0	0	0	0.577333333333333	0.410884353741497	1	373294	0.075673	510422.571575954	4171360.9999999995	2	6231155	2	7239760	11	8290949
Trogoniformes	1348	2	5	145	0.1	1	admixture	phlag_dto_eap01_ena4_esp001_ex	6099554	090	6.90845394134521	0.966666666666667	0.986394557823129	0.976430976430976	0.995333333333333	0.00148148148148148	0.0333333333333333	373294	0.075673	510422.571575954	4171360.9999999995	2	6231155	2	7239760	11	8290949
Trogoniformes	1198	2	3	297	0.2	1	admixture	cqshmm_ex	6099554	090	5087025.6097561	0.99	0.993311036789298	0.991652754590985	0.996666666666667	0.00166666666666667	0.01	373294	0.075673	510422.571575954	4171360.9999999995	2	6231155	2	7239760	11	8290949
Trogoniformes	1200	0	0	300	0.2	1	admixture	phlag_dto_eap01_ena4_esp001	6099554	090	6.90845394134521	1	1	1	1	0	0	373294	0.075673	510422.571575954	4171360.9999999995	2	6231155	2	7239760	11	8290949
Trogoniformes	1133	67	290	10	0.2	1	admixture	gqshmm_ex	6099554	090	5087025.6097561	0.0333333333333333	0.12987012987013	0.0530503978779841	0.762	0.0558333333333333	0.966666666666667	373294	0.075673	510422.571575954	4171360.9999999995	2	6231155	2	7239760	11	8290949
Trogoniformes	1200	0	0	300	0.2	1	admixture	dtohmm	6099554	090	5087025.6097561	1	1	1	1	0	0	373294	0.075673	510422.571575954	4171360.9999999995	2	6231155	2	7239760	11	8290949
Trogoniformes	1470	0	1	29	0.02	1	admixture	phlag_dto_eap01_ena4_esp001	6099554	090	6.90845394134521	0.966666666666667	1	0.983050847457627	0.999333333333333	0	0.0333333333333333	373294	0.075673	510422.571575954	4171360.9999999995	2	6231155	2	7239760	11	8290949
Trogoniformes	1407	63	30	0	0.02	1	admixture	gqshmm_ex	6099554	090	5087025.6097561	0	0	0	0.938	0.0428571428571429	1	373294	0.075673	510422.571575954	4171360.9999999995	2	6231155	2	7239760	11	8290949
Trogoniformes	1098	327	75	0	0.05	1	admixture	bcbhmm	6099554	090	5087025.6097561	0	0	0	0.732	0.229473684210526	1	373294	0.075673	510422.571575954	4171360.9999999995	2	6231155	2	7239760	11	8290949
Trogoniformes	1278	192	30	0	0.02	1	admixture	bcbhmm	6099554	090	5087025.6097561	0	0	0	0.852	0.130612244897959	1	373294	0.075673	510422.571575954	4171360.9999999995	2	6231155	2	7239760	11	8290949
Trogoniformes	917	553	20	10	0.02	1	admixture	bcbhmm_ex	6099554	090	5087025.6097561	0.333333333333333	0.0177619893428064	0.0337268128161889	0.618	0.376190476190476	0.666666666666667	373294	0.075673	510422.571575954	4171360.9999999995	2	6231155	2	7239760	11	8290949
Trogoniformes	1038	432	29	1	0.02	1	admixture	mlthmm_ex	6099554	090	5087025.6097561	0.0333333333333333	0.0023094688221709	0.00431965442764579	0.692666666666667	0.293877551020408	0.966666666666667	373294	0.075673	510422.571575954	4171360.9999999995	2	6231155	2	7239760	11	8290949
Trogoniformes	1428	42	0	30	0.02	1	admixture	cqshmm	6099554	090	5087025.6097561	1	0.416666666666667	0.588235294117647	0.972	0.0285714285714286	0	373294	0.075673	510422.571575954	4171360.9999999995	2	6231155	2	7239760	11	8290949
Trogoniformes	846	579	44	31	0.05	1	admixture	bcbhmm_ex	6099554	090	5087025.6097561	0.413333333333333	0.0508196721311475	0.0905109489051095	0.584666666666667	0.406315789473684	0.586666666666667	373294	0.075673	510422.571575954	4171360.9999999995	2	6231155	2	7239760	11	8290949
Trogoniformes	892	578	30	0	0.02	1	admixture	dtohmm_ex	6099554	090	5087025.6097561	0	0	0	0.594666666666667	0.393197278911565	1	373294	0.075673	510422.571575954	4171360.9999999995	2	6231155	2	7239760	11	8290949
Trogoniformes	1348	2	0	150	0.1	1	admixture	cqshmm	6099554	090	5087025.6097561	1	0.986842105263158	0.993377483443709	0.998666666666667	0.00148148148148148	0	373294	0.075673	510422.571575954	4171360.9999999995	2	6231155	2	7239760	11	8290949
Trogoniformes	994	431	4	71	0.05	1	admixture	gqshmm	6099554	090	5087025.6097561	0.946666666666667	0.141434262948207	0.246100519930676	0.71	0.302456140350877	0.0533333333333333	373294	0.075673	510422.571575954	4171360.9999999995	2	6231155	2	7239760	11	8290949
Trogoniformes	902	568	30	0	0.02	1	admixture	mlthmm	6099554	090	5087025.6097561	0	0	0	0.601333333333333	0.386394557823129	1	373294	0.075673	510422.571575954	4171360.9999999995	2	6231155	2	7239760	11	8290949
Trogoniformes	768	702	12	18	0.02	1	admixture	cqshmm_ex	6099554	090	5087025.6097561	0.6	0.025	0.048	0.524	0.477551020408163	0.4	373294	0.075673	510422.571575954	4171360.9999999995	2	6231155	2	7239760	11	8290949
Trogoniformes	1210	215	75	0	0.05	1	admixture	pbphmm_ex	6099554	090	5087025.6097561	0	0	0	0.806666666666667	0.150877192982456	1	373294	0.075673	510422.571575954	4171360.9999999995	2	6231155	2	7239760	11	8290949
Trogoniformes	1441	29	30	0	0.02	1	admixture	phlag_dto_eap01_ena4_esp001_ex	6099554	090	6.90845394134521	0	0	0	0.960666666666667	0.0197278911564626	1	373294	0.075673	510422.571575954	4171360.9999999995	2	6231155	2	7239760	11	8290949
