1410	60	30	0	0.02	1.0	population_size_change	phlag_mlt_eap01_ena4_esp010_ex	N615	10X_down
1463	7	30	0	0.02	1.0	population_size_change	phlag_dto_eap01_ena4_free_ex	N615	10X_down
1467	3	30	0	0.02	1.0	population_size_change	phlag_mlt_eap01_ena4_free_ex	N615	10X_down
1410	60	30	0	0.02	1.0	population_size_change	phlag_mlt_eap01_ena4_esp001_ex	N615	10X_down
905	565	30	0	0.02	1.0	population_size_change	phlag_dto_eap01_ena4_rev0001_ex	N615	10X_down
1340	130	30	0	0.02	1.0	population_size_change	phlag_mlt_eap01_ena4_esp005_ex	N615	10X_down
1406	64	30	0	0.02	1.0	population_size_change	phlag_mlt_noprior_noprior_esp001_ex	N615	10X_down
1470	0	30	0	0.02	1.0	population_size_change	phlag_dto_eap01_ena4_esp001	N615	10X_down
1255	215	28	2	0.02	1.0	population_size_change	phlag_dto_noprior_noprior_free_ex	N615	10X_down
1392	78	30	0	0.02	1.0	population_size_change	phlag_dto_eap01_ena4_esp005_ex	N615	10X_down
1392	78	30	0	0.02	1.0	population_size_change	phlag_dto_eap005_ena2_esp001_ex	N615	10X_down
1377	93	30	0	0.02	1.0	population_size_change	phlag_dto_eap01_ena4_rev001_ex	N615	10X_down
1392	78	30	0	0.02	1.0	population_size_change	phlag_dto_eap01_ena4_esp001_ex	N615	10X_down
1073	52	375	0	0.25	1.0	population_size_change	phlag_mlt_eap01_ena4_esp010_ex	N491	10X_down
1125	0	372	3	0.25	1.0	population_size_change	phlag_dto_eap01_ena4_free_ex	N491	10X_down
1125	0	375	0	0.25	1.0	population_size_change	phlag_mlt_eap01_ena4_free_ex	N491	10X_down
1125	0	375	0	0.25	1.0	population_size_change	phlag_mlt_eap01_ena4_esp001_ex	N491	10X_down
1125	0	375	0	0.25	1.0	population_size_change	phlag_dto_eap01_ena4_rev0001_ex	N491	10X_down
1090	35	375	0	0.25	1.0	population_size_change	phlag_mlt_eap01_ena4_esp005_ex	N491	10X_down
1125	0	375	0	0.25	1.0	population_size_change	phlag_mlt_noprior_noprior_esp001_ex	N491	10X_down
1125	0	375	0	0.25	1.0	population_size_change	phlag_dto_eap01_ena4_esp001	N491	10X_down
635	490	208	167	0.25	1.0	population_size_change	phlag_dto_noprior_noprior_free_ex	N491	10X_down
788	337	0	375	0.25	1.0	population_size_change	phlag_dto_eap01_ena4_esp005_ex	N491	10X_down
785	340	375	0	0.25	1.0	population_size_change	phlag_dto_eap005_ena2_esp001_ex	N491	10X_down
1125	0	375	0	0.25	1.0	population_size_change	phlag_dto_eap01_ena4_rev001_ex	N491	10X_down
1029	96	375	0	0.25	1.0	population_size_change	phlag_dto_eap01_ena4_esp001_ex	N491	10X_down
1175	100	2	223	0.15	1.0	population_size_change	phlag_mlt_eap01_ena4_esp010_ex	N473	10X_down
1265	10	225	0	0.15	1.0	population_size_change	phlag_dto_eap01_ena4_free_ex	N473	10X_down
1065	210	2	223	0.15	1.0	population_size_change	phlag_mlt_eap01_ena4_free_ex	N473	10X_down
1175	100	2	223	0.15	1.0	population_size_change	phlag_mlt_eap01_ena4_esp001_ex	N473	10X_down
1223	52	2	223	0.15	1.0	population_size_change	phlag_dto_eap01_ena4_rev0001_ex	N473	10X_down
890	385	0	225	0.15	1.0	population_size_change	phlag_mlt_eap01_ena4_esp005_ex	N473	10X_down
890	385	0	225	0.15	1.0	population_size_change	phlag_mlt_noprior_noprior_esp001_ex	N473	10X_down
1275	0	115	110	0.15	1.0	population_size_change	phlag_dto_eap01_ena4_esp001	N473	10X_down
680	595	158	67	0.15	1.0	population_size_change	phlag_dto_noprior_noprior_free_ex	N473	10X_down
1205	70	225	0	0.15	1.0	population_size_change	phlag_dto_eap01_ena4_esp005_ex	N473	10X_down
1143	132	225	0	0.15	1.0	population_size_change	phlag_dto_eap005_ena2_esp001_ex	N473	10X_down
1098	177	2	223	0.15	1.0	population_size_change	phlag_dto_eap01_ena4_rev001_ex	N473	10X_down
1223	52	2	223	0.15	1.0	population_size_change	phlag_dto_eap01_ena4_esp001_ex	N473	10X_down
1343	127	30	0	0.02	1.0	population_size_change	phlag_mlt_eap01_ena4_esp010_ex	N616	10X_up
1452	18	30	0	0.02	1.0	population_size_change	phlag_dto_eap01_ena4_free_ex	N616	10X_up
1466	4	30	0	0.02	1.0	population_size_change	phlag_mlt_eap01_ena4_free_ex	N616	10X_up
1343	127	30	0	0.02	1.0	population_size_change	phlag_mlt_eap01_ena4_esp001_ex	N616	10X_up
1222	248	30	0	0.02	1.0	population_size_change	phlag_dto_eap01_ena4_rev0001_ex	N616	10X_up
1343	127	30	0	0.02	1.0	population_size_change	phlag_mlt_eap01_ena4_esp005_ex	N616	10X_up
1343	127	30	0	0.02	1.0	population_size_change	phlag_mlt_noprior_noprior_esp001_ex	N616	10X_up
1470	0	30	0	0.02	1.0	population_size_change	phlag_dto_eap01_ena4_esp001	N616	10X_up
1107	363	27	3	0.02	1.0	population_size_change	phlag_dto_noprior_noprior_free_ex	N616	10X_up
1196	274	0	30	0.02	1.0	population_size_change	phlag_dto_eap01_ena4_esp005_ex	N616	10X_up
1402	68	30	0	0.02	1.0	population_size_change	phlag_dto_eap005_ena2_esp001_ex	N616	10X_up
1449	21	30	0	0.02	1.0	population_size_change	phlag_dto_eap01_ena4_rev001_ex	N616	10X_up
1449	21	30	0	0.02	1.0	population_size_change	phlag_dto_eap01_ena4_esp001_ex	N616	10X_up
1345	5	3	147	0.1	1.0	population_size_change	phlag_mlt_eap01_ena4_esp010_ex	N579	10X_up
1345	5	3	147	0.1	1.0	population_size_change	phlag_dto_eap01_ena4_free_ex	N579	10X_up
1345	5	3	147	0.1	1.0	population_size_change	phlag_mlt_eap01_ena4_free_ex	N579	10X_up
1345	5	3	147	0.1	1.0	population_size_change	phlag_mlt_eap01_ena4_esp001_ex	N579	10X_up
1345	5	3	147	0.1	1.0	population_size_change	phlag_dto_eap01_ena4_rev0001_ex	N579	10X_up
1345	5	3	147	0.1	1.0	population_size_change	phlag_mlt_eap01_ena4_esp005_ex	N579	10X_up
1345	5	3	147	0.1	1.0	population_size_change	phlag_mlt_noprior_noprior_esp001_ex	N579	10X_up
1345	5	3	147	0.1	1.0	population_size_change	phlag_dto_eap01_ena4_esp001	N579	10X_up
740	610	93	57	0.1	1.0	population_size_change	phlag_dto_noprior_noprior_free_ex	N579	10X_up
1345	5	3	147	0.1	1.0	population_size_change	phlag_dto_eap01_ena4_esp005_ex	N579	10X_up
1345	5	3	147	0.1	1.0	population_size_change	phlag_dto_eap005_ena2_esp001_ex	N579	10X_up
1345	5	3	147	0.1	1.0	population_size_change	phlag_dto_eap01_ena4_rev001_ex	N579	10X_up
1345	5	3	147	0.1	1.0	population_size_change	phlag_dto_eap01_ena4_esp001_ex	N579	10X_up
1190	10	6	294	0.2	1.0	population_size_change	phlag_mlt_eap01_ena4_esp010_ex	N635	10X_up
1190	10	6	294	0.2	1.0	population_size_change	phlag_dto_eap01_ena4_free_ex	N635	10X_up
1199	1	300	0	0.2	1.0	population_size_change	phlag_mlt_eap01_ena4_free_ex	N635	10X_up
1190	10	6	294	0.2	1.0	population_size_change	phlag_mlt_eap01_ena4_esp001_ex	N635	10X_up
1190	10	6	294	0.2	1.0	population_size_change	phlag_dto_eap01_ena4_rev0001_ex	N635	10X_up
1190	10	6	294	0.2	1.0	population_size_change	phlag_mlt_eap01_ena4_esp005_ex	N635	10X_up
1190	10	6	294	0.2	1.0	population_size_change	phlag_mlt_noprior_noprior_esp001_ex	N635	10X_up
1190	10	6	294	0.2	1.0	population_size_change	phlag_dto_eap01_ena4_esp001	N635	10X_up
1180	20	290	10	0.2	1.0	population_size_change	phlag_dto_noprior_noprior_free_ex	N635	10X_up
1190	10	6	294	0.2	1.0	population_size_change	phlag_dto_eap01_ena4_esp005_ex	N635	10X_up
1190	10	6	294	0.2	1.0	population_size_change	phlag_dto_eap005_ena2_esp001_ex	N635	10X_up
1190	10	6	294	0.2	1.0	population_size_change	phlag_dto_eap01_ena4_rev001_ex	N635	10X_up
1190	10	6	294	0.2	1.0	population_size_change	phlag_dto_eap01_ena4_esp001_ex	N635	10X_up
1350	120	30	0	0.02	1.0	population_size_change	phlag_mlt_eap01_ena4_esp010_ex	N459	10X_down
1459	11	30	0	0.02	1.0	population_size_change	phlag_dto_eap01_ena4_free_ex	N459	10X_down
1470	0	30	0	0.02	1.0	population_size_change	phlag_mlt_eap01_ena4_free_ex	N459	10X_down
1350	120	30	0	0.02	1.0	population_size_change	phlag_mlt_eap01_ena4_esp001_ex	N459	10X_down
1468	2	30	0	0.02	1.0	population_size_change	phlag_dto_eap01_ena4_rev0001_ex	N459	10X_down
1470	0	30	0	0.02	1.0	population_size_change	phlag_mlt_eap01_ena4_esp005_ex	N459	10X_down
1350	120	30	0	0.02	1.0	population_size_change	phlag_mlt_noprior_noprior_esp001_ex	N459	10X_down
1371	99	30	0	0.02	1.0	population_size_change	phlag_dto_eap01_ena4_esp001	N459	10X_down
748	722	14	16	0.02	1.0	population_size_change	phlag_dto_noprior_noprior_free_ex	N459	10X_down
1147	323	30	0	0.02	1.0	population_size_change	phlag_dto_eap01_ena4_esp005_ex	N459	10X_down
1468	2	30	0	0.02	1.0	population_size_change	phlag_dto_eap005_ena2_esp001_ex	N459	10X_down
1459	11	30	0	0.02	1.0	population_size_change	phlag_dto_eap01_ena4_rev001_ex	N459	10X_down
1382	88	30	0	0.02	1.0	population_size_change	phlag_dto_eap01_ena4_esp001_ex	N459	10X_down
1165	35	300	0	0.2	1.0	population_size_change	phlag_mlt_eap01_ena4_esp010_ex	N716	10X_up
1102	98	300	0	0.2	1.0	population_size_change	phlag_dto_eap01_ena4_free_ex	N716	10X_up
1163	37	300	0	0.2	1.0	population_size_change	phlag_mlt_eap01_ena4_free_ex	N716	10X_up
1200	0	300	0	0.2	1.0	population_size_change	phlag_mlt_eap01_ena4_esp001_ex	N716	10X_up
1200	0	300	0	0.2	1.0	population_size_change	phlag_dto_eap01_ena4_rev0001_ex	N716	10X_up
1200	0	300	0	0.2	1.0	population_size_change	phlag_mlt_eap01_ena4_esp005_ex	N716	10X_up
1200	0	300	0	0.2	1.0	population_size_change	phlag_mlt_noprior_noprior_esp001_ex	N716	10X_up
1117	83	300	0	0.2	1.0	population_size_change	phlag_dto_eap01_ena4_esp001	N716	10X_up
657	543	171	129	0.2	1.0	population_size_change	phlag_dto_noprior_noprior_free_ex	N716	10X_up
1117	83	300	0	0.2	1.0	population_size_change	phlag_dto_eap01_ena4_esp005_ex	N716	10X_up
1200	0	300	0	0.2	1.0	population_size_change	phlag_dto_eap005_ena2_esp001_ex	N716	10X_up
1200	0	300	0	0.2	1.0	population_size_change	phlag_dto_eap01_ena4_rev001_ex	N716	10X_up
1102	98	300	0	0.2	1.0	population_size_change	phlag_dto_eap01_ena4_esp001_ex	N716	10X_up
1470	0	30	0	0.02	1.0	population_size_change	phlag_mlt_eap01_ena4_esp010_ex	N233	10X_up
1468	2	30	0	0.02	1.0	population_size_change	phlag_dto_eap01_ena4_free_ex	N233	10X_up
1470	0	30	0	0.02	1.0	population_size_change	phlag_mlt_eap01_ena4_free_ex	N233	10X_up
1470	0	30	0	0.02	1.0	population_size_change	phlag_mlt_eap01_ena4_esp001_ex	N233	10X_up
1470	0	30	0	0.02	1.0	population_size_change	phlag_dto_eap01_ena4_rev0001_ex	N233	10X_up
1470	0	30	0	0.02	1.0	population_size_change	phlag_mlt_eap01_ena4_esp005_ex	N233	10X_up
1470	0	30	0	0.02	1.0	population_size_change	phlag_mlt_noprior_noprior_esp001_ex	N233	10X_up
1470	0	30	0	0.02	1.0	population_size_change	phlag_dto_eap01_ena4_esp001	N233	10X_up
813	657	18	12	0.02	1.0	population_size_change	phlag_dto_noprior_noprior_free_ex	N233	10X_up
1470	0	30	0	0.02	1.0	population_size_change	phlag_dto_eap01_ena4_esp005_ex	N233	10X_up
1470	0	30	0	0.02	1.0	population_size_change	phlag_dto_eap005_ena2_esp001_ex	N233	10X_up
1468	2	30	0	0.02	1.0	population_size_change	phlag_dto_eap01_ena4_rev001_ex	N233	10X_up
1470	0	30	0	0.02	1.0	population_size_change	phlag_dto_eap01_ena4_esp001_ex	N233	10X_up
1197	3	6	294	0.2	1.0	population_size_change	phlag_mlt_eap01_ena4_esp010_ex	N574	10X_down
1164	36	300	0	0.2	1.0	population_size_change	phlag_dto_eap01_ena4_free_ex	N574	10X_down
1179	21	300	0	0.2	1.0	population_size_change	phlag_mlt_eap01_ena4_free_ex	N574	10X_down
1197	3	6	294	0.2	1.0	population_size_change	phlag_mlt_eap01_ena4_esp001_ex	N574	10X_down
1175	25	16	284	0.2	1.0	population_size_change	phlag_dto_eap01_ena4_rev0001_ex	N574	10X_down
1197	3	6	294	0.2	1.0	population_size_change	phlag_mlt_eap01_ena4_esp005_ex	N574	10X_down
1197	3	6	294	0.2	1.0	population_size_change	phlag_mlt_noprior_noprior_esp001_ex	N574	10X_down
1197	3	31	269	0.2	1.0	population_size_change	phlag_dto_eap01_ena4_esp001	N574	10X_down
929	271	248	52	0.2	1.0	population_size_change	phlag_dto_noprior_noprior_free_ex	N574	10X_down
1175	25	16	284	0.2	1.0	population_size_change	phlag_dto_eap01_ena4_esp005_ex	N574	10X_down
1197	3	16	284	0.2	1.0	population_size_change	phlag_dto_eap005_ena2_esp001_ex	N574	10X_down
1184	16	16	284	0.2	1.0	population_size_change	phlag_dto_eap01_ena4_rev001_ex	N574	10X_down
1175	25	16	284	0.2	1.0	population_size_change	phlag_dto_eap01_ena4_esp001_ex	N574	10X_down
829	521	137	13	0.1	1.0	population_size_change	phlag_mlt_eap01_ena4_esp010_ex	N573	10X_down
1002	348	6	144	0.1	1.0	population_size_change	phlag_dto_eap01_ena4_free_ex	N573	10X_down
829	521	137	13	0.1	1.0	population_size_change	phlag_mlt_eap01_ena4_free_ex	N573	10X_down
829	521	137	13	0.1	1.0	population_size_change	phlag_mlt_eap01_ena4_esp001_ex	N573	10X_down
1002	348	6	144	0.1	1.0	population_size_change	phlag_dto_eap01_ena4_rev0001_ex	N573	10X_down
808	542	137	13	0.1	1.0	population_size_change	phlag_mlt_eap01_ena4_esp005_ex	N573	10X_down
829	521	137	13	0.1	1.0	population_size_change	phlag_mlt_noprior_noprior_esp001_ex	N573	10X_down
1234	116	5	145	0.1	1.0	population_size_change	phlag_dto_eap01_ena4_esp001	N573	10X_down
794	556	121	29	0.1	1.0	population_size_change	phlag_dto_noprior_noprior_free_ex	N573	10X_down
987	363	6	144	0.1	1.0	population_size_change	phlag_dto_eap01_ena4_esp005_ex	N573	10X_down
906	444	6	144	0.1	1.0	population_size_change	phlag_dto_eap005_ena2_esp001_ex	N573	10X_down
926	424	6	144	0.1	1.0	population_size_change	phlag_dto_eap01_ena4_rev001_ex	N573	10X_down
1002	348	6	144	0.1	1.0	population_size_change	phlag_dto_eap01_ena4_esp001_ex	N573	10X_down
1382	43	75	0	0.05	1.0	population_size_change	phlag_mlt_eap01_ena4_esp010_ex	N186	10X_down
1402	23	75	0	0.05	1.0	population_size_change	phlag_dto_eap01_ena4_free_ex	N186	10X_down
1383	42	75	0	0.05	1.0	population_size_change	phlag_mlt_eap01_ena4_free_ex	N186	10X_down
1382	43	75	0	0.05	1.0	population_size_change	phlag_mlt_eap01_ena4_esp001_ex	N186	10X_down
1421	4	75	0	0.05	1.0	population_size_change	phlag_dto_eap01_ena4_rev0001_ex	N186	10X_down
810	615	75	0	0.05	1.0	population_size_change	phlag_mlt_eap01_ena4_esp005_ex	N186	10X_down
1382	43	75	0	0.05	1.0	population_size_change	phlag_mlt_noprior_noprior_esp001_ex	N186	10X_down
1425	0	75	0	0.05	1.0	population_size_change	phlag_dto_eap01_ena4_esp001	N186	10X_down
1277	148	66	9	0.05	1.0	population_size_change	phlag_dto_noprior_noprior_free_ex	N186	10X_down
1109	316	75	0	0.05	1.0	population_size_change	phlag_dto_eap01_ena4_esp005_ex	N186	10X_down
1293	132	75	0	0.05	1.0	population_size_change	phlag_dto_eap005_ena2_esp001_ex	N186	10X_down
1323	102	75	0	0.05	1.0	population_size_change	phlag_dto_eap01_ena4_rev001_ex	N186	10X_down
688	737	75	0	0.05	1.0	population_size_change	phlag_dto_eap01_ena4_esp001_ex	N186	10X_down
1267	83	101	49	0.1	1.0	population_size_change	phlag_mlt_eap01_ena4_esp010_ex	N274	10X_down
1253	97	41	109	0.1	1.0	population_size_change	phlag_dto_eap01_ena4_free_ex	N274	10X_down
1267	83	101	49	0.1	1.0	population_size_change	phlag_mlt_eap01_ena4_free_ex	N274	10X_down
1276	74	123	27	0.1	1.0	population_size_change	phlag_mlt_eap01_ena4_esp001_ex	N274	10X_down
1125	225	150	0	0.1	1.0	population_size_change	phlag_dto_eap01_ena4_rev0001_ex	N274	10X_down
1205	145	150	0	0.1	1.0	population_size_change	phlag_mlt_eap01_ena4_esp005_ex	N274	10X_down
1181	169	145	5	0.1	1.0	population_size_change	phlag_mlt_noprior_noprior_esp001_ex	N274	10X_down
1350	0	4	146	0.1	1.0	population_size_change	phlag_dto_eap01_ena4_esp001	N274	10X_down
1025	325	133	17	0.1	1.0	population_size_change	phlag_dto_noprior_noprior_free_ex	N274	10X_down
1049	301	150	0	0.1	1.0	population_size_change	phlag_dto_eap01_ena4_esp005_ex	N274	10X_down
1043	307	150	0	0.1	1.0	population_size_change	phlag_dto_eap005_ena2_esp001_ex	N274	10X_down
1248	102	41	109	0.1	1.0	population_size_change	phlag_dto_eap01_ena4_rev001_ex	N274	10X_down
1125	225	150	0	0.1	1.0	population_size_change	phlag_dto_eap01_ena4_esp001_ex	N274	10X_down
1311	159	0	30	0.02	1.0	population_size_change	phlag_mlt_eap01_ena4_esp010_ex	N159	10X_up
1435	35	30	0	0.02	1.0	population_size_change	phlag_dto_eap01_ena4_free_ex	N159	10X_up
1469	1	30	0	0.02	1.0	population_size_change	phlag_mlt_eap01_ena4_free_ex	N159	10X_up
1311	159	0	30	0.02	1.0	population_size_change	phlag_mlt_eap01_ena4_esp001_ex	N159	10X_up
1467	3	30	0	0.02	1.0	population_size_change	phlag_dto_eap01_ena4_rev0001_ex	N159	10X_up
1463	7	30	0	0.02	1.0	population_size_change	phlag_mlt_eap01_ena4_esp005_ex	N159	10X_up
1311	159	0	30	0.02	1.0	population_size_change	phlag_mlt_noprior_noprior_esp001_ex	N159	10X_up
1462	8	0	30	0.02	1.0	population_size_change	phlag_dto_eap01_ena4_esp001	N159	10X_up
1398	72	29	1	0.02	1.0	population_size_change	phlag_dto_noprior_noprior_free_ex	N159	10X_up
1114	356	0	30	0.02	1.0	population_size_change	phlag_dto_eap01_ena4_esp005_ex	N159	10X_up
1382	88	30	0	0.02	1.0	population_size_change	phlag_dto_eap005_ena2_esp001_ex	N159	10X_up
1458	12	30	0	0.02	1.0	population_size_change	phlag_dto_eap01_ena4_rev001_ex	N159	10X_up
1382	88	30	0	0.02	1.0	population_size_change	phlag_dto_eap01_ena4_esp001_ex	N159	10X_up
1044	426	30	0	0.02	1.0	population_size_change	phlag_mlt_eap01_ena4_esp010_ex	N299	10X_down
1157	313	23	7	0.02	1.0	population_size_change	phlag_dto_eap01_ena4_free_ex	N299	10X_down
1252	218	18	12	0.02	1.0	population_size_change	phlag_mlt_eap01_ena4_free_ex	N299	10X_down
1278	192	25	5	0.02	1.0	population_size_change	phlag_mlt_eap01_ena4_esp001_ex	N299	10X_down
1158	312	23	7	0.02	1.0	population_size_change	phlag_dto_eap01_ena4_rev0001_ex	N299	10X_down
1330	140	30	0	0.02	1.0	population_size_change	phlag_mlt_eap01_ena4_esp005_ex	N299	10X_down
1267	203	30	0	0.02	1.0	population_size_change	phlag_mlt_noprior_noprior_esp001_ex	N299	10X_down
1424	46	30	0	0.02	1.0	population_size_change	phlag_dto_eap01_ena4_esp001	N299	10X_down
1054	416	20	10	0.02	1.0	population_size_change	phlag_dto_noprior_noprior_free_ex	N299	10X_down
1041	429	30	0	0.02	1.0	population_size_change	phlag_dto_eap01_ena4_esp005_ex	N299	10X_down
1041	429	30	0	0.02	1.0	population_size_change	phlag_dto_eap005_ena2_esp001_ex	N299	10X_down
1079	391	20	10	0.02	1.0	population_size_change	phlag_dto_eap01_ena4_rev001_ex	N299	10X_down
1041	429	30	0	0.02	1.0	population_size_change	phlag_dto_eap01_ena4_esp001_ex	N299	10X_down
1349	1	1	149	0.1	1.0	population_size_change	phlag_mlt_eap01_ena4_esp010_ex	N554	10X_up
1349	1	1	149	0.1	1.0	population_size_change	phlag_dto_eap01_ena4_free_ex	N554	10X_up
1349	1	1	149	0.1	1.0	population_size_change	phlag_mlt_eap01_ena4_free_ex	N554	10X_up
1349	1	1	149	0.1	1.0	population_size_change	phlag_mlt_eap01_ena4_esp001_ex	N554	10X_up
1349	1	1	149	0.1	1.0	population_size_change	phlag_dto_eap01_ena4_rev0001_ex	N554	10X_up
1349	1	1	149	0.1	1.0	population_size_change	phlag_mlt_eap01_ena4_esp005_ex	N554	10X_up
1349	1	1	149	0.1	1.0	population_size_change	phlag_mlt_noprior_noprior_esp001_ex	N554	10X_up
1349	1	1	149	0.1	1.0	population_size_change	phlag_dto_eap01_ena4_esp001	N554	10X_up
676	674	75	75	0.1	1.0	population_size_change	phlag_dto_noprior_noprior_free_ex	N554	10X_up
1349	1	1	149	0.1	1.0	population_size_change	phlag_dto_eap01_ena4_esp005_ex	N554	10X_up
1349	1	1	149	0.1	1.0	population_size_change	phlag_dto_eap005_ena2_esp001_ex	N554	10X_up
1349	1	1	149	0.1	1.0	population_size_change	phlag_dto_eap01_ena4_rev001_ex	N554	10X_up
1349	1	1	149	0.1	1.0	population_size_change	phlag_dto_eap01_ena4_esp001_ex	N554	10X_up
1074	126	225	75	0.2	1.0	population_size_change	phlag_mlt_eap01_ena4_esp010_ex	N220	10X_up
917	283	130	170	0.2	1.0	population_size_change	phlag_dto_eap01_ena4_free_ex	N220	10X_up
1200	0	300	0	0.2	1.0	population_size_change	phlag_mlt_eap01_ena4_free_ex	N220	10X_up
1135	65	210	90	0.2	1.0	population_size_change	phlag_mlt_eap01_ena4_esp001_ex	N220	10X_up
1003	197	0	300	0.2	1.0	population_size_change	phlag_dto_eap01_ena4_rev0001_ex	N220	10X_up
1135	65	210	90	0.2	1.0	population_size_change	phlag_mlt_eap01_ena4_esp005_ex	N220	10X_up
1135	65	208	92	0.2	1.0	population_size_change	phlag_mlt_noprior_noprior_esp001_ex	N220	10X_up
1050	150	0	300	0.2	1.0	population_size_change	phlag_dto_eap01_ena4_esp001	N220	10X_up
809	391	212	88	0.2	1.0	population_size_change	phlag_dto_noprior_noprior_free_ex	N220	10X_up
1015	185	130	170	0.2	1.0	population_size_change	phlag_dto_eap01_ena4_esp005_ex	N220	10X_up
1003	197	0	300	0.2	1.0	population_size_change	phlag_dto_eap005_ena2_esp001_ex	N220	10X_up
1200	0	300	0	0.2	1.0	population_size_change	phlag_dto_eap01_ena4_rev001_ex	N220	10X_up
1003	197	0	300	0.2	1.0	population_size_change	phlag_dto_eap01_ena4_esp001_ex	N220	10X_up
1125	0	5	370	0.25	1.0	population_size_change	phlag_mlt_eap01_ena4_esp010_ex	N579	10X_up
1125	0	5	370	0.25	1.0	population_size_change	phlag_dto_eap01_ena4_free_ex	N579	10X_up
1125	0	5	370	0.25	1.0	population_size_change	phlag_mlt_eap01_ena4_free_ex	N579	10X_up
1125	0	5	370	0.25	1.0	population_size_change	phlag_mlt_eap01_ena4_esp001_ex	N579	10X_up
1125	0	5	370	0.25	1.0	population_size_change	phlag_dto_eap01_ena4_rev0001_ex	N579	10X_up
1125	0	5	370	0.25	1.0	population_size_change	phlag_mlt_eap01_ena4_esp005_ex	N579	10X_up
1125	0	5	370	0.25	1.0	population_size_change	phlag_mlt_noprior_noprior_esp001_ex	N579	10X_up
1125	0	5	370	0.25	1.0	population_size_change	phlag_dto_eap01_ena4_esp001	N579	10X_up
641	484	226	149	0.25	1.0	population_size_change	phlag_dto_noprior_noprior_free_ex	N579	10X_up
1125	0	5	370	0.25	1.0	population_size_change	phlag_dto_eap01_ena4_esp005_ex	N579	10X_up
1125	0	5	370	0.25	1.0	population_size_change	phlag_dto_eap005_ena2_esp001_ex	N579	10X_up
1125	0	5	370	0.25	1.0	population_size_change	phlag_dto_eap01_ena4_rev001_ex	N579	10X_up
1125	0	5	370	0.25	1.0	population_size_change	phlag_dto_eap01_ena4_esp001_ex	N579	10X_up
1275	0	61	164	0.15	1.0	population_size_change	phlag_mlt_eap01_ena4_esp010_ex	N574	10X_down
1205	70	225	0	0.15	1.0	population_size_change	phlag_dto_eap01_ena4_free_ex	N574	10X_down
1247	28	225	0	0.15	1.0	population_size_change	phlag_mlt_eap01_ena4_free_ex	N574	10X_down
1275	0	61	164	0.15	1.0	population_size_change	phlag_mlt_eap01_ena4_esp001_ex	N574	10X_down
1259	16	0	225	0.15	1.0	population_size_change	phlag_dto_eap01_ena4_rev0001_ex	N574	10X_down
1275	0	61	164	0.15	1.0	population_size_change	phlag_mlt_eap01_ena4_esp005_ex	N574	10X_down
1275	0	61	164	0.15	1.0	population_size_change	phlag_mlt_noprior_noprior_esp001_ex	N574	10X_down
1272	3	0	225	0.15	1.0	population_size_change	phlag_dto_eap01_ena4_esp001	N574	10X_down
994	281	189	36	0.15	1.0	population_size_change	phlag_dto_noprior_noprior_free_ex	N574	10X_down
1250	25	0	225	0.15	1.0	population_size_change	phlag_dto_eap01_ena4_esp005_ex	N574	10X_down
1034	241	225	0	0.15	1.0	population_size_change	phlag_dto_eap005_ena2_esp001_ex	N574	10X_down
1259	16	0	225	0.15	1.0	population_size_change	phlag_dto_eap01_ena4_rev001_ex	N574	10X_down
1237	38	0	225	0.15	1.0	population_size_change	phlag_dto_eap01_ena4_esp001_ex	N574	10X_down
1254	21	225	0	0.15	1.0	population_size_change	phlag_mlt_eap01_ena4_esp010_ex	N497	10X_up
1162	113	210	15	0.15	1.0	population_size_change	phlag_dto_eap01_ena4_free_ex	N497	10X_up
1267	8	225	0	0.15	1.0	population_size_change	phlag_mlt_eap01_ena4_free_ex	N497	10X_up
1241	34	225	0	0.15	1.0	population_size_change	phlag_mlt_eap01_ena4_esp001_ex	N497	10X_up
821	454	183	42	0.15	1.0	population_size_change	phlag_dto_eap01_ena4_rev0001_ex	N497	10X_up
1206	69	225	0	0.15	1.0	population_size_change	phlag_mlt_eap01_ena4_esp005_ex	N497	10X_up
1275	0	225	0	0.15	1.0	population_size_change	phlag_mlt_noprior_noprior_esp001_ex	N497	10X_up
1275	0	225	0	0.15	1.0	population_size_change	phlag_dto_eap01_ena4_esp001	N497	10X_up
808	467	159	66	0.15	1.0	population_size_change	phlag_dto_noprior_noprior_free_ex	N497	10X_up
675	600	207	18	0.15	1.0	population_size_change	phlag_dto_eap01_ena4_esp005_ex	N497	10X_up
1116	159	210	15	0.15	1.0	population_size_change	phlag_dto_eap005_ena2_esp001_ex	N497	10X_up
1124	151	156	69	0.15	1.0	population_size_change	phlag_dto_eap01_ena4_rev001_ex	N497	10X_up
1033	242	210	15	0.15	1.0	population_size_change	phlag_dto_eap01_ena4_esp001_ex	N497	10X_up
1314	36	150	0	0.1	1.0	population_size_change	phlag_mlt_eap01_ena4_esp010_ex	N460	10X_down
1338	12	150	0	0.1	1.0	population_size_change	phlag_dto_eap01_ena4_free_ex	N460	10X_down
1181	169	150	0	0.1	1.0	population_size_change	phlag_mlt_eap01_ena4_free_ex	N460	10X_down
1350	0	150	0	0.1	1.0	population_size_change	phlag_mlt_eap01_ena4_esp001_ex	N460	10X_down
1350	0	150	0	0.1	1.0	population_size_change	phlag_dto_eap01_ena4_rev0001_ex	N460	10X_down
1350	0	150	0	0.1	1.0	population_size_change	phlag_mlt_eap01_ena4_esp005_ex	N460	10X_down
1350	0	150	0	0.1	1.0	population_size_change	phlag_mlt_noprior_noprior_esp001_ex	N460	10X_down
1350	0	150	0	0.1	1.0	population_size_change	phlag_dto_eap01_ena4_esp001	N460	10X_down
700	650	77	73	0.1	1.0	population_size_change	phlag_dto_noprior_noprior_free_ex	N460	10X_down
1350	0	150	0	0.1	1.0	population_size_change	phlag_dto_eap01_ena4_esp005_ex	N460	10X_down
1348	2	150	0	0.1	1.0	population_size_change	phlag_dto_eap005_ena2_esp001_ex	N460	10X_down
1339	11	150	0	0.1	1.0	population_size_change	phlag_dto_eap01_ena4_rev001_ex	N460	10X_down
1002	348	16	134	0.1	1.0	population_size_change	phlag_dto_eap01_ena4_esp001_ex	N460	10X_down
1200	0	3	297	0.2	1.0	population_size_change	phlag_mlt_eap01_ena4_esp010_ex	N228	10X_up
1185	15	3	297	0.2	1.0	population_size_change	phlag_dto_eap01_ena4_free_ex	N228	10X_up
1200	0	3	297	0.2	1.0	population_size_change	phlag_mlt_eap01_ena4_free_ex	N228	10X_up
1200	0	3	297	0.2	1.0	population_size_change	phlag_mlt_eap01_ena4_esp001_ex	N228	10X_up
1200	0	3	297	0.2	1.0	population_size_change	phlag_dto_eap01_ena4_rev0001_ex	N228	10X_up
1200	0	3	297	0.2	1.0	population_size_change	phlag_mlt_eap01_ena4_esp005_ex	N228	10X_up
1200	0	3	297	0.2	1.0	population_size_change	phlag_mlt_noprior_noprior_esp001_ex	N228	10X_up
1200	0	3	297	0.2	1.0	population_size_change	phlag_dto_eap01_ena4_esp001	N228	10X_up
789	411	210	90	0.2	1.0	population_size_change	phlag_dto_noprior_noprior_free_ex	N228	10X_up
1200	0	3	297	0.2	1.0	population_size_change	phlag_dto_eap01_ena4_esp005_ex	N228	10X_up
1200	0	3	297	0.2	1.0	population_size_change	phlag_dto_eap005_ena2_esp001_ex	N228	10X_up
1200	0	3	297	0.2	1.0	population_size_change	phlag_dto_eap01_ena4_rev001_ex	N228	10X_up
1200	0	3	297	0.2	1.0	population_size_change	phlag_dto_eap01_ena4_esp001_ex	N228	10X_up
1435	35	30	0	0.02	1.0	population_size_change	phlag_mlt_eap01_ena4_esp010_ex	N343	10X_down
1469	1	30	0	0.02	1.0	population_size_change	phlag_dto_eap01_ena4_free_ex	N343	10X_down
1435	35	30	0	0.02	1.0	population_size_change	phlag_mlt_eap01_ena4_free_ex	N343	10X_down
1435	35	30	0	0.02	1.0	population_size_change	phlag_mlt_eap01_ena4_esp001_ex	N343	10X_down
1470	0	30	0	0.02	1.0	population_size_change	phlag_dto_eap01_ena4_rev0001_ex	N343	10X_down
1435	35	30	0	0.02	1.0	population_size_change	phlag_mlt_eap01_ena4_esp005_ex	N343	10X_down
1435	35	30	0	0.02	1.0	population_size_change	phlag_mlt_noprior_noprior_esp001_ex	N343	10X_down
1470	0	30	0	0.02	1.0	population_size_change	phlag_dto_eap01_ena4_esp001	N343	10X_down
1162	308	23	7	0.02	1.0	population_size_change	phlag_dto_noprior_noprior_free_ex	N343	10X_down
1470	0	30	0	0.02	1.0	population_size_change	phlag_dto_eap01_ena4_esp005_ex	N343	10X_down
1470	0	30	0	0.02	1.0	population_size_change	phlag_dto_eap005_ena2_esp001_ex	N343	10X_down
1469	1	30	0	0.02	1.0	population_size_change	phlag_dto_eap01_ena4_rev001_ex	N343	10X_down
1470	0	30	0	0.02	1.0	population_size_change	phlag_dto_eap01_ena4_esp001_ex	N343	10X_down
1048	77	375	0	0.25	1.0	population_size_change	phlag_mlt_eap01_ena4_esp010_ex	N238	10X_up
807	318	247	128	0.25	1.0	population_size_change	phlag_dto_eap01_ena4_free_ex	N238	10X_up
1125	0	355	20	0.25	1.0	population_size_change	phlag_mlt_eap01_ena4_free_ex	N238	10X_up
1005	120	265	110	0.25	1.0	population_size_change	phlag_mlt_eap01_ena4_esp001_ex	N238	10X_up
904	221	276	99	0.25	1.0	population_size_change	phlag_dto_eap01_ena4_rev0001_ex	N238	10X_up
1048	77	375	0	0.25	1.0	population_size_change	phlag_mlt_eap01_ena4_esp005_ex	N238	10X_up
771	354	274	101	0.25	1.0	population_size_change	phlag_mlt_noprior_noprior_esp001_ex	N238	10X_up
1057	68	375	0	0.25	1.0	population_size_change	phlag_dto_eap01_ena4_esp001	N238	10X_up
641	484	191	184	0.25	1.0	population_size_change	phlag_dto_noprior_noprior_free_ex	N238	10X_up
750	375	0	375	0.25	1.0	population_size_change	phlag_dto_eap01_ena4_esp005_ex	N238	10X_up
1006	119	345	30	0.25	1.0	population_size_change	phlag_dto_eap005_ena2_esp001_ex	N238	10X_up
1125	0	375	0	0.25	1.0	population_size_change	phlag_dto_eap01_ena4_rev001_ex	N238	10X_up
724	401	219	156	0.25	1.0	population_size_change	phlag_dto_eap01_ena4_esp001_ex	N238	10X_up
1010	190	300	0	0.2	1.0	population_size_change	phlag_mlt_eap01_ena4_esp010_ex	N109	10X_down
1200	0	300	0	0.2	1.0	population_size_change	phlag_dto_eap01_ena4_free_ex	N109	10X_down
1200	0	300	0	0.2	1.0	population_size_change	phlag_mlt_eap01_ena4_free_ex	N109	10X_down
1010	190	300	0	0.2	1.0	population_size_change	phlag_mlt_eap01_ena4_esp001_ex	N109	10X_down
1200	0	300	0	0.2	1.0	population_size_change	phlag_dto_eap01_ena4_rev0001_ex	N109	10X_down
1010	190	300	0	0.2	1.0	population_size_change	phlag_mlt_eap01_ena4_esp005_ex	N109	10X_down
1010	190	300	0	0.2	1.0	population_size_change	phlag_mlt_noprior_noprior_esp001_ex	N109	10X_down
1200	0	300	0	0.2	1.0	population_size_change	phlag_dto_eap01_ena4_esp001	N109	10X_down
604	596	151	149	0.2	1.0	population_size_change	phlag_dto_noprior_noprior_free_ex	N109	10X_down
1200	0	300	0	0.2	1.0	population_size_change	phlag_dto_eap01_ena4_esp005_ex	N109	10X_down
1200	0	300	0	0.2	1.0	population_size_change	phlag_dto_eap005_ena2_esp001_ex	N109	10X_down
1200	0	300	0	0.2	1.0	population_size_change	phlag_dto_eap01_ena4_rev001_ex	N109	10X_down
1200	0	300	0	0.2	1.0	population_size_change	phlag_dto_eap01_ena4_esp001_ex	N109	10X_down
1264	11	10	215	0.15	1.0	population_size_change	phlag_mlt_eap01_ena4_esp010_ex	N281	10X_up
1264	11	10	215	0.15	1.0	population_size_change	phlag_dto_eap01_ena4_free_ex	N281	10X_up
1264	11	10	215	0.15	1.0	population_size_change	phlag_mlt_eap01_ena4_free_ex	N281	10X_up
1264	11	10	215	0.15	1.0	population_size_change	phlag_mlt_eap01_ena4_esp001_ex	N281	10X_up
1264	11	10	215	0.15	1.0	population_size_change	phlag_dto_eap01_ena4_rev0001_ex	N281	10X_up
1264	11	0	225	0.15	1.0	population_size_change	phlag_mlt_eap01_ena4_esp005_ex	N281	10X_up
1264	11	10	215	0.15	1.0	population_size_change	phlag_mlt_noprior_noprior_esp001_ex	N281	10X_up
1264	11	10	215	0.15	1.0	population_size_change	phlag_dto_eap01_ena4_esp001	N281	10X_up
638	637	114	111	0.15	1.0	population_size_change	phlag_dto_noprior_noprior_free_ex	N281	10X_up
1264	11	10	215	0.15	1.0	population_size_change	phlag_dto_eap01_ena4_esp005_ex	N281	10X_up
1264	11	10	215	0.15	1.0	population_size_change	phlag_dto_eap005_ena2_esp001_ex	N281	10X_up
1264	11	10	215	0.15	1.0	population_size_change	phlag_dto_eap01_ena4_rev001_ex	N281	10X_up
1264	11	10	215	0.15	1.0	population_size_change	phlag_dto_eap01_ena4_esp001_ex	N281	10X_up
1256	19	4	221	0.15	1.0	population_size_change	phlag_mlt_eap01_ena4_esp010_ex	N717	10X_down
1275	0	4	221	0.15	1.0	population_size_change	phlag_dto_eap01_ena4_free_ex	N717	10X_down
1256	19	4	221	0.15	1.0	population_size_change	phlag_mlt_eap01_ena4_free_ex	N717	10X_down
1256	19	4	221	0.15	1.0	population_size_change	phlag_mlt_eap01_ena4_esp001_ex	N717	10X_down
1275	0	4	221	0.15	1.0	population_size_change	phlag_dto_eap01_ena4_rev0001_ex	N717	10X_down
1275	0	4	221	0.15	1.0	population_size_change	phlag_mlt_eap01_ena4_esp005_ex	N717	10X_down
1275	0	4	221	0.15	1.0	population_size_change	phlag_mlt_noprior_noprior_esp001_ex	N717	10X_down
1275	0	4	221	0.15	1.0	population_size_change	phlag_dto_eap01_ena4_esp001	N717	10X_down
575	700	192	33	0.15	1.0	population_size_change	phlag_dto_noprior_noprior_free_ex	N717	10X_down
1275	0	4	221	0.15	1.0	population_size_change	phlag_dto_eap01_ena4_esp005_ex	N717	10X_down
1192	83	225	0	0.15	1.0	population_size_change	phlag_dto_eap005_ena2_esp001_ex	N717	10X_down
1275	0	225	0	0.15	1.0	population_size_change	phlag_dto_eap01_ena4_rev001_ex	N717	10X_down
1275	0	4	221	0.15	1.0	population_size_change	phlag_dto_eap01_ena4_esp001_ex	N717	10X_down
1164	36	300	0	0.2	1.0	population_size_change	phlag_mlt_eap01_ena4_esp010_ex	N460	10X_down
1188	12	300	0	0.2	1.0	population_size_change	phlag_dto_eap01_ena4_free_ex	N460	10X_down
1164	36	300	0	0.2	1.0	population_size_change	phlag_mlt_eap01_ena4_free_ex	N460	10X_down
1103	97	300	0	0.2	1.0	population_size_change	phlag_mlt_eap01_ena4_esp001_ex	N460	10X_down
940	260	56	244	0.2	1.0	population_size_change	phlag_dto_eap01_ena4_rev0001_ex	N460	10X_down
1200	0	300	0	0.2	1.0	population_size_change	phlag_mlt_eap01_ena4_esp005_ex	N460	10X_down
1103	97	300	0	0.2	1.0	population_size_change	phlag_mlt_noprior_noprior_esp001_ex	N460	10X_down
1030	170	300	0	0.2	1.0	population_size_change	phlag_dto_eap01_ena4_esp001	N460	10X_down
982	218	241	59	0.2	1.0	population_size_change	phlag_dto_noprior_noprior_free_ex	N460	10X_down
1200	0	300	0	0.2	1.0	population_size_change	phlag_dto_eap01_ena4_esp005_ex	N460	10X_down
1188	12	300	0	0.2	1.0	population_size_change	phlag_dto_eap005_ena2_esp001_ex	N460	10X_down
1188	12	300	0	0.2	1.0	population_size_change	phlag_dto_eap01_ena4_rev001_ex	N460	10X_down
940	260	56	244	0.2	1.0	population_size_change	phlag_dto_eap01_ena4_esp001_ex	N460	10X_down
1265	160	16	59	0.05	1.0	population_size_change	phlag_mlt_eap01_ena4_esp010_ex	N274	10X_down
1275	150	0	75	0.05	1.0	population_size_change	phlag_dto_eap01_ena4_free_ex	N274	10X_down
1265	160	16	59	0.05	1.0	population_size_change	phlag_mlt_eap01_ena4_free_ex	N274	10X_down
1306	119	16	59	0.05	1.0	population_size_change	phlag_mlt_eap01_ena4_esp001_ex	N274	10X_down
1275	150	0	75	0.05	1.0	population_size_change	phlag_dto_eap01_ena4_rev0001_ex	N274	10X_down
1306	119	16	59	0.05	1.0	population_size_change	phlag_mlt_eap01_ena4_esp005_ex	N274	10X_down
1369	56	75	0	0.05	1.0	population_size_change	phlag_mlt_noprior_noprior_esp001_ex	N274	10X_down
1425	0	75	0	0.05	1.0	population_size_change	phlag_dto_eap01_ena4_esp001	N274	10X_down
1057	368	66	9	0.05	1.0	population_size_change	phlag_dto_noprior_noprior_free_ex	N274	10X_down
1342	83	2	73	0.05	1.0	population_size_change	phlag_dto_eap01_ena4_esp005_ex	N274	10X_down
1079	346	75	0	0.05	1.0	population_size_change	phlag_dto_eap005_ena2_esp001_ex	N274	10X_down
924	501	0	75	0.05	1.0	population_size_change	phlag_dto_eap01_ena4_rev001_ex	N274	10X_down
1049	376	75	0	0.05	1.0	population_size_change	phlag_dto_eap01_ena4_esp001_ex	N274	10X_down
1309	116	75	0	0.05	1.0	population_size_change	phlag_mlt_eap01_ena4_esp010_ex	N119	10X_down
1292	133	75	0	0.05	1.0	population_size_change	phlag_dto_eap01_ena4_free_ex	N119	10X_down
1312	113	75	0	0.05	1.0	population_size_change	phlag_mlt_eap01_ena4_free_ex	N119	10X_down
1161	264	0	75	0.05	1.0	population_size_change	phlag_mlt_eap01_ena4_esp001_ex	N119	10X_down
1017	408	75	0	0.05	1.0	population_size_change	phlag_dto_eap01_ena4_rev0001_ex	N119	10X_down
1425	0	75	0	0.05	1.0	population_size_change	phlag_mlt_eap01_ena4_esp005_ex	N119	10X_down
1309	116	75	0	0.05	1.0	population_size_change	phlag_mlt_noprior_noprior_esp001_ex	N119	10X_down
1266	159	75	0	0.05	1.0	population_size_change	phlag_dto_eap01_ena4_esp001	N119	10X_down
939	486	39	36	0.05	1.0	population_size_change	phlag_dto_noprior_noprior_free_ex	N119	10X_down
1189	236	75	0	0.05	1.0	population_size_change	phlag_dto_eap01_ena4_esp005_ex	N119	10X_down
1338	87	75	0	0.05	1.0	population_size_change	phlag_dto_eap005_ena2_esp001_ex	N119	10X_down
1304	121	32	43	0.05	1.0	population_size_change	phlag_dto_eap01_ena4_rev001_ex	N119	10X_down
725	700	75	0	0.05	1.0	population_size_change	phlag_dto_eap01_ena4_esp001_ex	N119	10X_down
1355	115	30	0	0.02	1.0	population_size_change	phlag_mlt_eap01_ena4_esp010_ex	N573	10X_down
1357	113	30	0	0.02	1.0	population_size_change	phlag_dto_eap01_ena4_free_ex	N573	10X_down
1447	23	30	0	0.02	1.0	population_size_change	phlag_mlt_eap01_ena4_free_ex	N573	10X_down
1447	23	30	0	0.02	1.0	population_size_change	phlag_mlt_eap01_ena4_esp001_ex	N573	10X_down
1187	283	30	0	0.02	1.0	population_size_change	phlag_dto_eap01_ena4_rev0001_ex	N573	10X_down
1447	23	30	0	0.02	1.0	population_size_change	phlag_mlt_eap01_ena4_esp005_ex	N573	10X_down
1302	168	30	0	0.02	1.0	population_size_change	phlag_mlt_noprior_noprior_esp001_ex	N573	10X_down
1355	115	30	0	0.02	1.0	population_size_change	phlag_dto_eap01_ena4_esp001	N573	10X_down
869	601	25	5	0.02	1.0	population_size_change	phlag_dto_noprior_noprior_free_ex	N573	10X_down
1187	283	30	0	0.02	1.0	population_size_change	phlag_dto_eap01_ena4_esp005_ex	N573	10X_down
1257	213	30	0	0.02	1.0	population_size_change	phlag_dto_eap005_ena2_esp001_ex	N573	10X_down
1347	123	30	0	0.02	1.0	population_size_change	phlag_dto_eap01_ena4_rev001_ex	N573	10X_down
1187	283	30	0	0.02	1.0	population_size_change	phlag_dto_eap01_ena4_esp001_ex	N573	10X_down
1425	0	75	0	0.05	1.0	population_size_change	phlag_mlt_eap01_ena4_esp010_ex	N228	10X_down
1284	141	75	0	0.05	1.0	population_size_change	phlag_dto_eap01_ena4_free_ex	N228	10X_down
1425	0	75	0	0.05	1.0	population_size_change	phlag_mlt_eap01_ena4_free_ex	N228	10X_down
1425	0	75	0	0.05	1.0	population_size_change	phlag_mlt_eap01_ena4_esp001_ex	N228	10X_down
1158	267	75	0	0.05	1.0	population_size_change	phlag_dto_eap01_ena4_rev0001_ex	N228	10X_down
1425	0	75	0	0.05	1.0	population_size_change	phlag_mlt_eap01_ena4_esp005_ex	N228	10X_down
1425	0	75	0	0.05	1.0	population_size_change	phlag_mlt_noprior_noprior_esp001_ex	N228	10X_down
1425	0	75	0	0.05	1.0	population_size_change	phlag_dto_eap01_ena4_esp001	N228	10X_down
898	527	55	20	0.05	1.0	population_size_change	phlag_dto_noprior_noprior_free_ex	N228	10X_down
1144	281	75	0	0.05	1.0	population_size_change	phlag_dto_eap01_ena4_esp005_ex	N228	10X_down
1425	0	75	0	0.05	1.0	population_size_change	phlag_dto_eap005_ena2_esp001_ex	N228	10X_down
1393	32	75	0	0.05	1.0	population_size_change	phlag_dto_eap01_ena4_rev001_ex	N228	10X_down
1404	21	75	0	0.05	1.0	population_size_change	phlag_dto_eap01_ena4_esp001_ex	N228	10X_down
1350	0	4	146	0.1	1.0	population_size_change	phlag_mlt_eap01_ena4_esp010_ex	N707	10X_down
1350	0	34	116	0.1	1.0	population_size_change	phlag_dto_eap01_ena4_free_ex	N707	10X_down
1350	0	4	146	0.1	1.0	population_size_change	phlag_mlt_eap01_ena4_free_ex	N707	10X_down
1350	0	4	146	0.1	1.0	population_size_change	phlag_mlt_eap01_ena4_esp001_ex	N707	10X_down
1350	0	34	116	0.1	1.0	population_size_change	phlag_dto_eap01_ena4_rev0001_ex	N707	10X_down
1350	0	4	146	0.1	1.0	population_size_change	phlag_mlt_eap01_ena4_esp005_ex	N707	10X_down
1350	0	4	146	0.1	1.0	population_size_change	phlag_mlt_noprior_noprior_esp001_ex	N707	10X_down
1350	0	32	118	0.1	1.0	population_size_change	phlag_dto_eap01_ena4_esp001	N707	10X_down
818	532	36	114	0.1	1.0	population_size_change	phlag_dto_noprior_noprior_free_ex	N707	10X_down
1350	0	34	116	0.1	1.0	population_size_change	phlag_dto_eap01_ena4_esp005_ex	N707	10X_down
1350	0	34	116	0.1	1.0	population_size_change	phlag_dto_eap005_ena2_esp001_ex	N707	10X_down
1350	0	34	116	0.1	1.0	population_size_change	phlag_dto_eap01_ena4_rev001_ex	N707	10X_down
1350	0	34	116	0.1	1.0	population_size_change	phlag_dto_eap01_ena4_esp001_ex	N707	10X_down
676	449	375	0	0.25	1.0	population_size_change	phlag_mlt_eap01_ena4_esp010_ex	N638	10X_down
1120	5	375	0	0.25	1.0	population_size_change	phlag_dto_eap01_ena4_free_ex	N638	10X_down
1124	1	375	0	0.25	1.0	population_size_change	phlag_mlt_eap01_ena4_free_ex	N638	10X_down
973	152	375	0	0.25	1.0	population_size_change	phlag_mlt_eap01_ena4_esp001_ex	N638	10X_down
593	532	375	0	0.25	1.0	population_size_change	phlag_dto_eap01_ena4_rev0001_ex	N638	10X_down
973	152	375	0	0.25	1.0	population_size_change	phlag_mlt_eap01_ena4_esp005_ex	N638	10X_down
770	355	375	0	0.25	1.0	population_size_change	phlag_mlt_noprior_noprior_esp001_ex	N638	10X_down
777	348	375	0	0.25	1.0	population_size_change	phlag_dto_eap01_ena4_esp001	N638	10X_down
1095	30	367	8	0.25	1.0	population_size_change	phlag_dto_noprior_noprior_free_ex	N638	10X_down
1086	39	375	0	0.25	1.0	population_size_change	phlag_dto_eap01_ena4_esp005_ex	N638	10X_down
1113	12	375	0	0.25	1.0	population_size_change	phlag_dto_eap005_ena2_esp001_ex	N638	10X_down
1112	13	375	0	0.25	1.0	population_size_change	phlag_dto_eap01_ena4_rev001_ex	N638	10X_down
1113	12	375	0	0.25	1.0	population_size_change	phlag_dto_eap01_ena4_esp001_ex	N638	10X_down
915	210	295	80	0.25	1.0	population_size_change	phlag_mlt_eap01_ena4_esp010_ex	N299	10X_down
870	255	294	81	0.25	1.0	population_size_change	phlag_dto_eap01_ena4_free_ex	N299	10X_down
915	210	295	80	0.25	1.0	population_size_change	phlag_mlt_eap01_ena4_free_ex	N299	10X_down
949	176	295	80	0.25	1.0	population_size_change	phlag_mlt_eap01_ena4_esp001_ex	N299	10X_down
640	485	375	0	0.25	1.0	population_size_change	phlag_dto_eap01_ena4_rev0001_ex	N299	10X_down
977	148	308	67	0.25	1.0	population_size_change	phlag_mlt_eap01_ena4_esp005_ex	N299	10X_down
949	176	295	80	0.25	1.0	population_size_change	phlag_mlt_noprior_noprior_esp001_ex	N299	10X_down
1075	50	375	0	0.25	1.0	population_size_change	phlag_dto_eap01_ena4_esp001	N299	10X_down
806	319	262	113	0.25	1.0	population_size_change	phlag_dto_noprior_noprior_free_ex	N299	10X_down
886	239	304	71	0.25	1.0	population_size_change	phlag_dto_eap01_ena4_esp005_ex	N299	10X_down
878	247	296	79	0.25	1.0	population_size_change	phlag_dto_eap005_ena2_esp001_ex	N299	10X_down
767	358	250	125	0.25	1.0	population_size_change	phlag_dto_eap01_ena4_rev001_ex	N299	10X_down
866	259	303	72	0.25	1.0	population_size_change	phlag_dto_eap01_ena4_esp001_ex	N299	10X_down
1306	164	30	0	0.02	1.0	population_size_change	phlag_mlt_eap01_ena4_esp010_ex	N238	10X_up
1027	443	17	13	0.02	1.0	population_size_change	phlag_dto_eap01_ena4_free_ex	N238	10X_up
756	714	0	30	0.02	1.0	population_size_change	phlag_mlt_eap01_ena4_free_ex	N238	10X_up
1427	43	30	0	0.02	1.0	population_size_change	phlag_mlt_eap01_ena4_esp001_ex	N238	10X_up
819	651	0	30	0.02	1.0	population_size_change	phlag_dto_eap01_ena4_rev0001_ex	N238	10X_up
979	491	30	0	0.02	1.0	population_size_change	phlag_mlt_eap01_ena4_esp005_ex	N238	10X_up
1427	43	30	0	0.02	1.0	population_size_change	phlag_mlt_noprior_noprior_esp001_ex	N238	10X_up
1402	68	30	0	0.02	1.0	population_size_change	phlag_dto_eap01_ena4_esp001	N238	10X_up
837	633	14	16	0.02	1.0	population_size_change	phlag_dto_noprior_noprior_free_ex	N238	10X_up
1130	340	0	30	0.02	1.0	population_size_change	phlag_dto_eap01_ena4_esp005_ex	N238	10X_up
857	613	0	30	0.02	1.0	population_size_change	phlag_dto_eap005_ena2_esp001_ex	N238	10X_up
1470	0	30	0	0.02	1.0	population_size_change	phlag_dto_eap01_ena4_rev001_ex	N238	10X_up
895	575	0	30	0.02	1.0	population_size_change	phlag_dto_eap01_ena4_esp001_ex	N238	10X_up
1226	124	150	0	0.1	1.0	population_size_change	phlag_mlt_eap01_ena4_esp010_ex	N276	10X_down
737	613	55	95	0.1	1.0	population_size_change	phlag_dto_eap01_ena4_free_ex	N276	10X_down
1240	110	95	55	0.1	1.0	population_size_change	phlag_mlt_eap01_ena4_free_ex	N276	10X_down
1240	110	95	55	0.1	1.0	population_size_change	phlag_mlt_eap01_ena4_esp001_ex	N276	10X_down
1076	274	150	0	0.1	1.0	population_size_change	phlag_dto_eap01_ena4_rev0001_ex	N276	10X_down
1164	186	150	0	0.1	1.0	population_size_change	phlag_mlt_eap01_ena4_esp005_ex	N276	10X_down
1240	110	95	55	0.1	1.0	population_size_change	phlag_mlt_noprior_noprior_esp001_ex	N276	10X_down
1220	130	0	150	0.1	1.0	population_size_change	phlag_dto_eap01_ena4_esp001	N276	10X_down
840	510	101	49	0.1	1.0	population_size_change	phlag_dto_noprior_noprior_free_ex	N276	10X_down
1087	263	150	0	0.1	1.0	population_size_change	phlag_dto_eap01_ena4_esp005_ex	N276	10X_down
1114	236	150	0	0.1	1.0	population_size_change	phlag_dto_eap005_ena2_esp001_ex	N276	10X_down
1160	190	150	0	0.1	1.0	population_size_change	phlag_dto_eap01_ena4_rev001_ex	N276	10X_down
1090	260	122	28	0.1	1.0	population_size_change	phlag_dto_eap01_ena4_esp001_ex	N276	10X_down
1357	68	75	0	0.05	1.0	population_size_change	phlag_mlt_eap01_ena4_esp010_ex	N616	10X_up
1411	14	75	0	0.05	1.0	population_size_change	phlag_dto_eap01_ena4_free_ex	N616	10X_up
1421	4	75	0	0.05	1.0	population_size_change	phlag_mlt_eap01_ena4_free_ex	N616	10X_up
1010	415	75	0	0.05	1.0	population_size_change	phlag_mlt_eap01_ena4_esp001_ex	N616	10X_up
796	629	75	0	0.05	1.0	population_size_change	phlag_dto_eap01_ena4_rev0001_ex	N616	10X_up
1373	52	75	0	0.05	1.0	population_size_change	phlag_mlt_eap01_ena4_esp005_ex	N616	10X_up
1359	66	75	0	0.05	1.0	population_size_change	phlag_mlt_noprior_noprior_esp001_ex	N616	10X_up
1425	0	75	0	0.05	1.0	population_size_change	phlag_dto_eap01_ena4_esp001	N616	10X_up
1078	347	64	11	0.05	1.0	population_size_change	phlag_dto_noprior_noprior_free_ex	N616	10X_up
1168	257	25	50	0.05	1.0	population_size_change	phlag_dto_eap01_ena4_esp005_ex	N616	10X_up
1416	9	75	0	0.05	1.0	population_size_change	phlag_dto_eap005_ena2_esp001_ex	N616	10X_up
1410	15	75	0	0.05	1.0	population_size_change	phlag_dto_eap01_ena4_rev001_ex	N616	10X_up
1411	14	75	0	0.05	1.0	population_size_change	phlag_dto_eap01_ena4_esp001_ex	N616	10X_up
1109	16	3	372	0.25	1.0	population_size_change	phlag_mlt_eap01_ena4_esp010_ex	N544	10X_up
1124	1	3	372	0.25	1.0	population_size_change	phlag_dto_eap01_ena4_free_ex	N544	10X_up
1124	1	3	372	0.25	1.0	population_size_change	phlag_mlt_eap01_ena4_free_ex	N544	10X_up
1109	16	3	372	0.25	1.0	population_size_change	phlag_mlt_eap01_ena4_esp001_ex	N544	10X_up
1124	1	3	372	0.25	1.0	population_size_change	phlag_dto_eap01_ena4_rev0001_ex	N544	10X_up
1124	1	3	372	0.25	1.0	population_size_change	phlag_mlt_eap01_ena4_esp005_ex	N544	10X_up
1124	1	3	372	0.25	1.0	population_size_change	phlag_mlt_noprior_noprior_esp001_ex	N544	10X_up
1124	1	3	372	0.25	1.0	population_size_change	phlag_dto_eap01_ena4_esp001	N544	10X_up
834	291	232	143	0.25	1.0	population_size_change	phlag_dto_noprior_noprior_free_ex	N544	10X_up
1124	1	3	372	0.25	1.0	population_size_change	phlag_dto_eap01_ena4_esp005_ex	N544	10X_up
1109	16	3	372	0.25	1.0	population_size_change	phlag_dto_eap005_ena2_esp001_ex	N544	10X_up
1124	1	3	372	0.25	1.0	population_size_change	phlag_dto_eap01_ena4_rev001_ex	N544	10X_up
1124	1	3	372	0.25	1.0	population_size_change	phlag_dto_eap01_ena4_esp001_ex	N544	10X_up
1330	20	6	144	0.1	1.0	population_size_change	phlag_mlt_eap01_ena4_esp010_ex	N233	10X_up
1348	2	150	0	0.1	1.0	population_size_change	phlag_dto_eap01_ena4_free_ex	N233	10X_up
1330	20	6	144	0.1	1.0	population_size_change	phlag_mlt_eap01_ena4_free_ex	N233	10X_up
1350	0	150	0	0.1	1.0	population_size_change	phlag_mlt_eap01_ena4_esp001_ex	N233	10X_up
1350	0	150	0	0.1	1.0	population_size_change	phlag_dto_eap01_ena4_rev0001_ex	N233	10X_up
1350	0	150	0	0.1	1.0	population_size_change	phlag_mlt_eap01_ena4_esp005_ex	N233	10X_up
1347	3	6	144	0.1	1.0	population_size_change	phlag_mlt_noprior_noprior_esp001_ex	N233	10X_up
1350	0	150	0	0.1	1.0	population_size_change	phlag_dto_eap01_ena4_esp001	N233	10X_up
1131	219	117	33	0.1	1.0	population_size_change	phlag_dto_noprior_noprior_free_ex	N233	10X_up
1113	237	0	150	0.1	1.0	population_size_change	phlag_dto_eap01_ena4_esp005_ex	N233	10X_up
1347	3	150	0	0.1	1.0	population_size_change	phlag_dto_eap005_ena2_esp001_ex	N233	10X_up
1347	3	150	0	0.1	1.0	population_size_change	phlag_dto_eap01_ena4_rev001_ex	N233	10X_up
1350	0	150	0	0.1	1.0	population_size_change	phlag_dto_eap01_ena4_esp001_ex	N233	10X_up
1418	7	75	0	0.05	1.0	population_size_change	phlag_mlt_eap01_ena4_esp010_ex	N716	10X_up
1327	98	75	0	0.05	1.0	population_size_change	phlag_dto_eap01_ena4_free_ex	N716	10X_up
1390	35	75	0	0.05	1.0	population_size_change	phlag_mlt_eap01_ena4_free_ex	N716	10X_up
1425	0	75	0	0.05	1.0	population_size_change	phlag_mlt_eap01_ena4_esp001_ex	N716	10X_up
1425	0	75	0	0.05	1.0	population_size_change	phlag_dto_eap01_ena4_rev0001_ex	N716	10X_up
1425	0	75	0	0.05	1.0	population_size_change	phlag_mlt_eap01_ena4_esp005_ex	N716	10X_up
1425	0	75	0	0.05	1.0	population_size_change	phlag_mlt_noprior_noprior_esp001_ex	N716	10X_up
1182	243	75	0	0.05	1.0	population_size_change	phlag_dto_eap01_ena4_esp001	N716	10X_up
764	661	43	32	0.05	1.0	population_size_change	phlag_dto_noprior_noprior_free_ex	N716	10X_up
930	495	0	75	0.05	1.0	population_size_change	phlag_dto_eap01_ena4_esp005_ex	N716	10X_up
1425	0	75	0	0.05	1.0	population_size_change	phlag_dto_eap005_ena2_esp001_ex	N716	10X_up
1425	0	75	0	0.05	1.0	population_size_change	phlag_dto_eap01_ena4_rev001_ex	N716	10X_up
1425	0	75	0	0.05	1.0	population_size_change	phlag_dto_eap01_ena4_esp001_ex	N716	10X_up
995	130	375	0	0.25	1.0	population_size_change	phlag_mlt_eap01_ena4_esp010_ex	N186	10X_down
1040	85	375	0	0.25	1.0	population_size_change	phlag_dto_eap01_ena4_free_ex	N186	10X_down
1063	62	0	375	0.25	1.0	population_size_change	phlag_mlt_eap01_ena4_free_ex	N186	10X_down
1106	19	303	72	0.25	1.0	population_size_change	phlag_mlt_eap01_ena4_esp001_ex	N186	10X_down
800	325	276	99	0.25	1.0	population_size_change	phlag_dto_eap01_ena4_rev0001_ex	N186	10X_down
1106	19	348	27	0.25	1.0	population_size_change	phlag_mlt_eap01_ena4_esp005_ex	N186	10X_down
911	214	375	0	0.25	1.0	population_size_change	phlag_mlt_noprior_noprior_esp001_ex	N186	10X_down
1125	0	375	0	0.25	1.0	population_size_change	phlag_dto_eap01_ena4_esp001	N186	10X_down
985	140	312	63	0.25	1.0	population_size_change	phlag_dto_noprior_noprior_free_ex	N186	10X_down
803	322	249	126	0.25	1.0	population_size_change	phlag_dto_eap01_ena4_esp005_ex	N186	10X_down
891	234	375	0	0.25	1.0	population_size_change	phlag_dto_eap005_ena2_esp001_ex	N186	10X_down
950	175	375	0	0.25	1.0	population_size_change	phlag_dto_eap01_ena4_rev001_ex	N186	10X_down
827	298	276	99	0.25	1.0	population_size_change	phlag_dto_eap01_ena4_esp001_ex	N186	10X_down
1200	0	300	0	0.2	1.0	population_size_change	phlag_mlt_eap01_ena4_esp010_ex	N228	10X_down
1023	177	300	0	0.2	1.0	population_size_change	phlag_dto_eap01_ena4_free_ex	N228	10X_down
1160	40	300	0	0.2	1.0	population_size_change	phlag_mlt_eap01_ena4_free_ex	N228	10X_down
1200	0	300	0	0.2	1.0	population_size_change	phlag_mlt_eap01_ena4_esp001_ex	N228	10X_down
1154	46	300	0	0.2	1.0	population_size_change	phlag_dto_eap01_ena4_rev0001_ex	N228	10X_down
1200	0	300	0	0.2	1.0	population_size_change	phlag_mlt_eap01_ena4_esp005_ex	N228	10X_down
1160	40	300	0	0.2	1.0	population_size_change	phlag_mlt_noprior_noprior_esp001_ex	N228	10X_down
1173	27	300	0	0.2	1.0	population_size_change	phlag_dto_eap01_ena4_esp001	N228	10X_down
757	443	209	91	0.2	1.0	population_size_change	phlag_dto_noprior_noprior_free_ex	N228	10X_down
862	338	300	0	0.2	1.0	population_size_change	phlag_dto_eap01_ena4_esp005_ex	N228	10X_down
1019	181	300	0	0.2	1.0	population_size_change	phlag_dto_eap005_ena2_esp001_ex	N228	10X_down
1132	68	300	0	0.2	1.0	population_size_change	phlag_dto_eap01_ena4_rev001_ex	N228	10X_down
887	313	300	0	0.2	1.0	population_size_change	phlag_dto_eap01_ena4_esp001_ex	N228	10X_down
1338	12	5	145	0.1	1.0	population_size_change	phlag_mlt_eap01_ena4_esp010_ex	N679	10X_up
1306	44	5	145	0.1	1.0	population_size_change	phlag_dto_eap01_ena4_free_ex	N679	10X_up
1338	12	5	145	0.1	1.0	population_size_change	phlag_mlt_eap01_ena4_free_ex	N679	10X_up
1338	12	5	145	0.1	1.0	population_size_change	phlag_mlt_eap01_ena4_esp001_ex	N679	10X_up
1325	25	5	145	0.1	1.0	population_size_change	phlag_dto_eap01_ena4_rev0001_ex	N679	10X_up
1338	12	5	145	0.1	1.0	population_size_change	phlag_mlt_eap01_ena4_esp005_ex	N679	10X_up
1338	12	5	145	0.1	1.0	population_size_change	phlag_mlt_noprior_noprior_esp001_ex	N679	10X_up
1341	9	5	145	0.1	1.0	population_size_change	phlag_dto_eap01_ena4_esp001	N679	10X_up
1002	348	98	52	0.1	1.0	population_size_change	phlag_dto_noprior_noprior_free_ex	N679	10X_up
1325	25	5	145	0.1	1.0	population_size_change	phlag_dto_eap01_ena4_esp005_ex	N679	10X_up
1341	9	5	145	0.1	1.0	population_size_change	phlag_dto_eap005_ena2_esp001_ex	N679	10X_up
1306	44	5	145	0.1	1.0	population_size_change	phlag_dto_eap01_ena4_rev001_ex	N679	10X_up
1325	25	5	145	0.1	1.0	population_size_change	phlag_dto_eap01_ena4_esp001_ex	N679	10X_up
1297	128	75	0	0.05	1.0	population_size_change	phlag_mlt_eap01_ena4_esp010_ex	N717	10X_down
1213	212	75	0	0.05	1.0	population_size_change	phlag_dto_eap01_ena4_free_ex	N717	10X_down
1425	0	75	0	0.05	1.0	population_size_change	phlag_mlt_eap01_ena4_free_ex	N717	10X_down
1394	31	0	75	0.05	1.0	population_size_change	phlag_mlt_eap01_ena4_esp001_ex	N717	10X_down
1425	0	2	73	0.05	1.0	population_size_change	phlag_dto_eap01_ena4_rev0001_ex	N717	10X_down
1394	31	0	75	0.05	1.0	population_size_change	phlag_mlt_eap01_ena4_esp005_ex	N717	10X_down
1394	31	0	75	0.05	1.0	population_size_change	phlag_mlt_noprior_noprior_esp001_ex	N717	10X_down
1345	80	75	0	0.05	1.0	population_size_change	phlag_dto_eap01_ena4_esp001	N717	10X_down
784	641	9	66	0.05	1.0	population_size_change	phlag_dto_noprior_noprior_free_ex	N717	10X_down
1275	150	75	0	0.05	1.0	population_size_change	phlag_dto_eap01_ena4_esp005_ex	N717	10X_down
1342	83	75	0	0.05	1.0	population_size_change	phlag_dto_eap005_ena2_esp001_ex	N717	10X_down
1425	0	75	0	0.05	1.0	population_size_change	phlag_dto_eap01_ena4_rev001_ex	N717	10X_down
1425	0	2	73	0.05	1.0	population_size_change	phlag_dto_eap01_ena4_esp001_ex	N717	10X_down
1025	325	0	150	0.1	1.0	population_size_change	phlag_mlt_eap01_ena4_esp010_ex	N220	10X_up
864	486	0	150	0.1	1.0	population_size_change	phlag_dto_eap01_ena4_free_ex	N220	10X_up
1350	0	150	0	0.1	1.0	population_size_change	phlag_mlt_eap01_ena4_free_ex	N220	10X_up
887	463	0	150	0.1	1.0	population_size_change	phlag_mlt_eap01_ena4_esp001_ex	N220	10X_up
1231	119	150	0	0.1	1.0	population_size_change	phlag_dto_eap01_ena4_rev0001_ex	N220	10X_up
1296	54	60	90	0.1	1.0	population_size_change	phlag_mlt_eap01_ena4_esp005_ex	N220	10X_up
887	463	0	150	0.1	1.0	population_size_change	phlag_mlt_noprior_noprior_esp001_ex	N220	10X_up
1298	52	5	145	0.1	1.0	population_size_change	phlag_dto_eap01_ena4_esp001	N220	10X_up
919	431	110	40	0.1	1.0	population_size_change	phlag_dto_noprior_noprior_free_ex	N220	10X_up
853	497	0	150	0.1	1.0	population_size_change	phlag_dto_eap01_ena4_esp005_ex	N220	10X_up
864	486	0	150	0.1	1.0	population_size_change	phlag_dto_eap005_ena2_esp001_ex	N220	10X_up
1350	0	150	0	0.1	1.0	population_size_change	phlag_dto_eap01_ena4_rev001_ex	N220	10X_up
864	486	0	150	0.1	1.0	population_size_change	phlag_dto_eap01_ena4_esp001_ex	N220	10X_up
892	233	375	0	0.25	1.0	population_size_change	phlag_mlt_eap01_ena4_esp010_ex	N497	10X_up
1004	121	352	23	0.25	1.0	population_size_change	phlag_dto_eap01_ena4_free_ex	N497	10X_up
1117	8	375	0	0.25	1.0	population_size_change	phlag_mlt_eap01_ena4_free_ex	N497	10X_up
835	290	128	247	0.25	1.0	population_size_change	phlag_mlt_eap01_ena4_esp001_ex	N497	10X_up
631	494	213	162	0.25	1.0	population_size_change	phlag_dto_eap01_ena4_rev0001_ex	N497	10X_up
1047	78	144	231	0.25	1.0	population_size_change	phlag_mlt_eap01_ena4_esp005_ex	N497	10X_up
1041	84	304	71	0.25	1.0	population_size_change	phlag_mlt_noprior_noprior_esp001_ex	N497	10X_up
1125	0	375	0	0.25	1.0	population_size_change	phlag_dto_eap01_ena4_esp001	N497	10X_up
697	428	252	123	0.25	1.0	population_size_change	phlag_dto_noprior_noprior_free_ex	N497	10X_up
990	135	352	23	0.25	1.0	population_size_change	phlag_dto_eap01_ena4_esp005_ex	N497	10X_up
711	414	230	145	0.25	1.0	population_size_change	phlag_dto_eap005_ena2_esp001_ex	N497	10X_up
1015	110	347	28	0.25	1.0	population_size_change	phlag_dto_eap01_ena4_rev001_ex	N497	10X_up
711	414	230	145	0.25	1.0	population_size_change	phlag_dto_eap01_ena4_esp001_ex	N497	10X_up
1382	88	30	0	0.02	1.0	population_size_change	phlag_mlt_eap01_ena4_esp010_ex	N473	10X_down
1460	10	30	0	0.02	1.0	population_size_change	phlag_dto_eap01_ena4_free_ex	N473	10X_down
1382	88	30	0	0.02	1.0	population_size_change	phlag_mlt_eap01_ena4_free_ex	N473	10X_down
1367	103	30	0	0.02	1.0	population_size_change	phlag_mlt_eap01_ena4_esp001_ex	N473	10X_down
1391	79	30	0	0.02	1.0	population_size_change	phlag_dto_eap01_ena4_rev0001_ex	N473	10X_down
1399	71	30	0	0.02	1.0	population_size_change	phlag_mlt_eap01_ena4_esp005_ex	N473	10X_down
1399	71	30	0	0.02	1.0	population_size_change	phlag_mlt_noprior_noprior_esp001_ex	N473	10X_down
1470	0	30	0	0.02	1.0	population_size_change	phlag_dto_eap01_ena4_esp001	N473	10X_down
765	705	24	6	0.02	1.0	population_size_change	phlag_dto_noprior_noprior_free_ex	N473	10X_down
1391	79	30	0	0.02	1.0	population_size_change	phlag_dto_eap01_ena4_esp005_ex	N473	10X_down
1400	70	30	0	0.02	1.0	population_size_change	phlag_dto_eap005_ena2_esp001_ex	N473	10X_down
1338	132	30	0	0.02	1.0	population_size_change	phlag_dto_eap01_ena4_rev001_ex	N473	10X_down
1386	84	30	0	0.02	1.0	population_size_change	phlag_dto_eap01_ena4_esp001_ex	N473	10X_down
1365	60	75	0	0.05	1.0	population_size_change	phlag_mlt_eap01_ena4_esp010_ex	N615	10X_down
1418	7	75	0	0.05	1.0	population_size_change	phlag_dto_eap01_ena4_free_ex	N615	10X_down
1422	3	75	0	0.05	1.0	population_size_change	phlag_mlt_eap01_ena4_free_ex	N615	10X_down
1349	76	0	75	0.05	1.0	population_size_change	phlag_mlt_eap01_ena4_esp001_ex	N615	10X_down
1332	93	75	0	0.05	1.0	population_size_change	phlag_dto_eap01_ena4_rev0001_ex	N615	10X_down
1056	369	75	0	0.05	1.0	population_size_change	phlag_mlt_eap01_ena4_esp005_ex	N615	10X_down
1365	60	75	0	0.05	1.0	population_size_change	phlag_mlt_noprior_noprior_esp001_ex	N615	10X_down
997	428	0	75	0.05	1.0	population_size_change	phlag_dto_eap01_ena4_esp001	N615	10X_down
1220	205	71	4	0.05	1.0	population_size_change	phlag_dto_noprior_noprior_free_ex	N615	10X_down
1162	263	0	75	0.05	1.0	population_size_change	phlag_dto_eap01_ena4_esp005_ex	N615	10X_down
1347	78	75	0	0.05	1.0	population_size_change	phlag_dto_eap005_ena2_esp001_ex	N615	10X_down
1332	93	75	0	0.05	1.0	population_size_change	phlag_dto_eap01_ena4_rev001_ex	N615	10X_down
1162	263	0	75	0.05	1.0	population_size_change	phlag_dto_eap01_ena4_esp001_ex	N615	10X_down
1422	48	30	0	0.02	1.0	population_size_change	phlag_mlt_eap01_ena4_esp010_ex	N497	10X_up
1377	93	30	0	0.02	1.0	population_size_change	phlag_dto_eap01_ena4_free_ex	N497	10X_up
1462	8	30	0	0.02	1.0	population_size_change	phlag_mlt_eap01_ena4_free_ex	N497	10X_up
1422	48	30	0	0.02	1.0	population_size_change	phlag_mlt_eap01_ena4_esp001_ex	N497	10X_up
1185	285	30	0	0.02	1.0	population_size_change	phlag_dto_eap01_ena4_rev0001_ex	N497	10X_up
1456	14	30	0	0.02	1.0	population_size_change	phlag_mlt_eap01_ena4_esp005_ex	N497	10X_up
1406	64	0	30	0.02	1.0	population_size_change	phlag_mlt_noprior_noprior_esp001_ex	N497	10X_up
1470	0	30	0	0.02	1.0	population_size_change	phlag_dto_eap01_ena4_esp001	N497	10X_up
798	672	17	13	0.02	1.0	population_size_change	phlag_dto_noprior_noprior_free_ex	N497	10X_up
982	488	30	0	0.02	1.0	population_size_change	phlag_dto_eap01_ena4_esp005_ex	N497	10X_up
823	647	30	0	0.02	1.0	population_size_change	phlag_dto_eap005_ena2_esp001_ex	N497	10X_up
1009	461	30	0	0.02	1.0	population_size_change	phlag_dto_eap01_ena4_rev001_ex	N497	10X_up
911	559	0	30	0.02	1.0	population_size_change	phlag_dto_eap01_ena4_esp001_ex	N497	10X_up
1125	0	375	0	0.25	1.0	population_size_change	phlag_mlt_eap01_ena4_esp010_ex	N716	10X_up
1069	56	366	9	0.25	1.0	population_size_change	phlag_dto_eap01_ena4_free_ex	N716	10X_up
1090	35	375	0	0.25	1.0	population_size_change	phlag_mlt_eap01_ena4_free_ex	N716	10X_up
1125	0	375	0	0.25	1.0	population_size_change	phlag_mlt_eap01_ena4_esp001_ex	N716	10X_up
1125	0	375	0	0.25	1.0	population_size_change	phlag_dto_eap01_ena4_rev0001_ex	N716	10X_up
1119	6	375	0	0.25	1.0	population_size_change	phlag_mlt_eap01_ena4_esp005_ex	N716	10X_up
1125	0	375	0	0.25	1.0	population_size_change	phlag_mlt_noprior_noprior_esp001_ex	N716	10X_up
892	233	375	0	0.25	1.0	population_size_change	phlag_dto_eap01_ena4_esp001	N716	10X_up
608	517	204	171	0.25	1.0	population_size_change	phlag_dto_noprior_noprior_free_ex	N716	10X_up
1054	71	375	0	0.25	1.0	population_size_change	phlag_dto_eap01_ena4_esp005_ex	N716	10X_up
1125	0	375	0	0.25	1.0	population_size_change	phlag_dto_eap005_ena2_esp001_ex	N716	10X_up
1125	0	375	0	0.25	1.0	population_size_change	phlag_dto_eap01_ena4_rev001_ex	N716	10X_up
1054	71	375	0	0.25	1.0	population_size_change	phlag_dto_eap01_ena4_esp001_ex	N716	10X_up
1209	66	0	225	0.15	1.0	population_size_change	phlag_mlt_eap01_ena4_esp010_ex	N274	10X_down
1205	70	0	225	0.15	1.0	population_size_change	phlag_dto_eap01_ena4_free_ex	N274	10X_down
1209	66	0	225	0.15	1.0	population_size_change	phlag_mlt_eap01_ena4_free_ex	N274	10X_down
1209	66	0	225	0.15	1.0	population_size_change	phlag_mlt_eap01_ena4_esp001_ex	N274	10X_down
1205	70	0	225	0.15	1.0	population_size_change	phlag_dto_eap01_ena4_rev0001_ex	N274	10X_down
1275	0	225	0	0.15	1.0	population_size_change	phlag_mlt_eap01_ena4_esp005_ex	N274	10X_down
1200	75	225	0	0.15	1.0	population_size_change	phlag_mlt_noprior_noprior_esp001_ex	N274	10X_down
1235	40	0	225	0.15	1.0	population_size_change	phlag_dto_eap01_ena4_esp001	N274	10X_down
956	319	193	32	0.15	1.0	population_size_change	phlag_dto_noprior_noprior_free_ex	N274	10X_down
886	389	225	0	0.15	1.0	population_size_change	phlag_dto_eap01_ena4_esp005_ex	N274	10X_down
977	298	225	0	0.15	1.0	population_size_change	phlag_dto_eap005_ena2_esp001_ex	N274	10X_down
1115	160	0	225	0.15	1.0	population_size_change	phlag_dto_eap01_ena4_rev001_ex	N274	10X_down
1161	114	0	225	0.15	1.0	population_size_change	phlag_dto_eap01_ena4_esp001_ex	N274	10X_down
1352	73	75	0	0.05	1.0	population_size_change	phlag_mlt_eap01_ena4_esp010_ex	N532	10X_down
1201	224	0	75	0.05	1.0	population_size_change	phlag_dto_eap01_ena4_free_ex	N532	10X_down
1421	4	75	0	0.05	1.0	population_size_change	phlag_mlt_eap01_ena4_free_ex	N532	10X_down
1034	391	0	75	0.05	1.0	population_size_change	phlag_mlt_eap01_ena4_esp001_ex	N532	10X_down
1201	224	0	75	0.05	1.0	population_size_change	phlag_dto_eap01_ena4_rev0001_ex	N532	10X_down
1352	73	75	0	0.05	1.0	population_size_change	phlag_mlt_eap01_ena4_esp005_ex	N532	10X_down
1034	391	0	75	0.05	1.0	population_size_change	phlag_mlt_noprior_noprior_esp001_ex	N532	10X_down
1304	121	0	75	0.05	1.0	population_size_change	phlag_dto_eap01_ena4_esp001	N532	10X_down
1245	180	73	2	0.05	1.0	population_size_change	phlag_dto_noprior_noprior_free_ex	N532	10X_down
1377	48	75	0	0.05	1.0	population_size_change	phlag_dto_eap01_ena4_esp005_ex	N532	10X_down
1195	230	75	0	0.05	1.0	population_size_change	phlag_dto_eap005_ena2_esp001_ex	N532	10X_down
1290	135	75	0	0.05	1.0	population_size_change	phlag_dto_eap01_ena4_rev001_ex	N532	10X_down
1201	224	0	75	0.05	1.0	population_size_change	phlag_dto_eap01_ena4_esp001_ex	N532	10X_down
1268	7	225	0	0.15	1.0	population_size_change	phlag_mlt_eap01_ena4_esp010_ex	N716	10X_up
1179	96	225	0	0.15	1.0	population_size_change	phlag_dto_eap01_ena4_free_ex	N716	10X_up
1240	35	225	0	0.15	1.0	population_size_change	phlag_mlt_eap01_ena4_free_ex	N716	10X_up
1275	0	225	0	0.15	1.0	population_size_change	phlag_mlt_eap01_ena4_esp001_ex	N716	10X_up
1275	0	225	0	0.15	1.0	population_size_change	phlag_dto_eap01_ena4_rev0001_ex	N716	10X_up
1275	0	225	0	0.15	1.0	population_size_change	phlag_mlt_eap01_ena4_esp005_ex	N716	10X_up
1275	0	225	0	0.15	1.0	population_size_change	phlag_mlt_noprior_noprior_esp001_ex	N716	10X_up
1221	54	139	86	0.15	1.0	population_size_change	phlag_dto_eap01_ena4_esp001	N716	10X_up
699	576	125	100	0.15	1.0	population_size_change	phlag_dto_noprior_noprior_free_ex	N716	10X_up
1181	94	225	0	0.15	1.0	population_size_change	phlag_dto_eap01_ena4_esp005_ex	N716	10X_up
1275	0	225	0	0.15	1.0	population_size_change	phlag_dto_eap005_ena2_esp001_ex	N716	10X_up
1275	0	225	0	0.15	1.0	population_size_change	phlag_dto_eap01_ena4_rev001_ex	N716	10X_up
1177	98	225	0	0.15	1.0	population_size_change	phlag_dto_eap01_ena4_esp001_ex	N716	10X_up
1110	165	225	0	0.15	1.0	population_size_change	phlag_mlt_eap01_ena4_esp010_ex	N709	10X_up
576	699	175	50	0.15	1.0	population_size_change	phlag_dto_eap01_ena4_free_ex	N709	10X_up
1005	270	5	220	0.15	1.0	population_size_change	phlag_mlt_eap01_ena4_free_ex	N709	10X_up
1102	173	225	0	0.15	1.0	population_size_change	phlag_mlt_eap01_ena4_esp001_ex	N709	10X_up
711	564	179	46	0.15	1.0	population_size_change	phlag_dto_eap01_ena4_rev0001_ex	N709	10X_up
1110	165	225	0	0.15	1.0	population_size_change	phlag_mlt_eap01_ena4_esp005_ex	N709	10X_up
1102	173	225	0	0.15	1.0	population_size_change	phlag_mlt_noprior_noprior_esp001_ex	N709	10X_up
634	641	225	0	0.15	1.0	population_size_change	phlag_dto_eap01_ena4_esp001	N709	10X_up
656	619	113	112	0.15	1.0	population_size_change	phlag_dto_noprior_noprior_free_ex	N709	10X_up
1114	161	21	204	0.15	1.0	population_size_change	phlag_dto_eap01_ena4_esp005_ex	N709	10X_up
1039	236	225	0	0.15	1.0	population_size_change	phlag_dto_eap005_ena2_esp001_ex	N709	10X_up
876	399	94	131	0.15	1.0	population_size_change	phlag_dto_eap01_ena4_rev001_ex	N709	10X_up
711	564	168	57	0.15	1.0	population_size_change	phlag_dto_eap01_ena4_esp001_ex	N709	10X_up
929	421	0	150	0.1	1.0	population_size_change	phlag_mlt_eap01_ena4_esp010_ex	Accipitriformes	10X_up
1325	25	150	0	0.1	1.0	population_size_change	phlag_dto_eap01_ena4_free_ex	Accipitriformes	10X_up
1325	25	150	0	0.1	1.0	population_size_change	phlag_mlt_eap01_ena4_free_ex	Accipitriformes	10X_up
778	572	0	150	0.1	1.0	population_size_change	phlag_mlt_eap01_ena4_esp001_ex	Accipitriformes	10X_up
868	482	0	150	0.1	1.0	population_size_change	phlag_dto_eap01_ena4_rev0001_ex	Accipitriformes	10X_up
1270	80	150	0	0.1	1.0	population_size_change	phlag_mlt_eap01_ena4_esp005_ex	Accipitriformes	10X_up
778	572	0	150	0.1	1.0	population_size_change	phlag_mlt_noprior_noprior_esp001_ex	Accipitriformes	10X_up
1312	38	150	0	0.1	1.0	population_size_change	phlag_dto_eap01_ena4_esp001	Accipitriformes	10X_up
798	552	85	65	0.1	1.0	population_size_change	phlag_dto_noprior_noprior_free_ex	Accipitriformes	10X_up
1020	330	150	0	0.1	1.0	population_size_change	phlag_dto_eap01_ena4_esp005_ex	Accipitriformes	10X_up
1101	249	150	0	0.1	1.0	population_size_change	phlag_dto_eap005_ena2_esp001_ex	Accipitriformes	10X_up
871	479	0	150	0.1	1.0	population_size_change	phlag_dto_eap01_ena4_rev001_ex	Accipitriformes	10X_up
1099	251	150	0	0.1	1.0	population_size_change	phlag_dto_eap01_ena4_esp001_ex	Accipitriformes	10X_up
1175	175	150	0	0.1	1.0	population_size_change	phlag_mlt_eap01_ena4_esp010_ex	N679	10X_down
1200	150	150	0	0.1	1.0	population_size_change	phlag_dto_eap01_ena4_free_ex	N679	10X_down
1314	36	150	0	0.1	1.0	population_size_change	phlag_mlt_eap01_ena4_free_ex	N679	10X_down
1287	63	150	0	0.1	1.0	population_size_change	phlag_mlt_eap01_ena4_esp001_ex	N679	10X_down
688	662	150	0	0.1	1.0	population_size_change	phlag_dto_eap01_ena4_rev0001_ex	N679	10X_down
1287	63	150	0	0.1	1.0	population_size_change	phlag_mlt_eap01_ena4_esp005_ex	N679	10X_down
1342	8	0	150	0.1	1.0	population_size_change	phlag_mlt_noprior_noprior_esp001_ex	N679	10X_down
1345	5	2	148	0.1	1.0	population_size_change	phlag_dto_eap01_ena4_esp001	N679	10X_down
994	356	109	41	0.1	1.0	population_size_change	phlag_dto_noprior_noprior_free_ex	N679	10X_down
1081	269	150	0	0.1	1.0	population_size_change	phlag_dto_eap01_ena4_esp005_ex	N679	10X_down
1232	118	150	0	0.1	1.0	population_size_change	phlag_dto_eap005_ena2_esp001_ex	N679	10X_down
1017	333	150	0	0.1	1.0	population_size_change	phlag_dto_eap01_ena4_rev001_ex	N679	10X_down
1081	269	150	0	0.1	1.0	population_size_change	phlag_dto_eap01_ena4_esp001_ex	N679	10X_down
1200	0	300	0	0.2	1.0	population_size_change	phlag_mlt_eap01_ena4_esp010_ex	N343	10X_down
1200	0	300	0	0.2	1.0	population_size_change	phlag_dto_eap01_ena4_free_ex	N343	10X_down
1165	35	300	0	0.2	1.0	population_size_change	phlag_mlt_eap01_ena4_free_ex	N343	10X_down
1200	0	300	0	0.2	1.0	population_size_change	phlag_mlt_eap01_ena4_esp001_ex	N343	10X_down
1200	0	300	0	0.2	1.0	population_size_change	phlag_dto_eap01_ena4_rev0001_ex	N343	10X_down
1200	0	300	0	0.2	1.0	population_size_change	phlag_mlt_eap01_ena4_esp005_ex	N343	10X_down
1200	0	300	0	0.2	1.0	population_size_change	phlag_mlt_noprior_noprior_esp001_ex	N343	10X_down
1200	0	300	0	0.2	1.0	population_size_change	phlag_dto_eap01_ena4_esp001	N343	10X_down
608	592	154	146	0.2	1.0	population_size_change	phlag_dto_noprior_noprior_free_ex	N343	10X_down
1200	0	300	0	0.2	1.0	population_size_change	phlag_dto_eap01_ena4_esp005_ex	N343	10X_down
1200	0	300	0	0.2	1.0	population_size_change	phlag_dto_eap005_ena2_esp001_ex	N343	10X_down
1200	0	300	0	0.2	1.0	population_size_change	phlag_dto_eap01_ena4_rev001_ex	N343	10X_down
1200	0	300	0	0.2	1.0	population_size_change	phlag_dto_eap01_ena4_esp001_ex	N343	10X_down
1243	227	30	0	0.02	1.0	population_size_change	phlag_mlt_eap01_ena4_esp010_ex	N574	10X_down
1416	54	24	6	0.02	1.0	population_size_change	phlag_dto_eap01_ena4_free_ex	N574	10X_down
1442	28	30	0	0.02	1.0	population_size_change	phlag_mlt_eap01_ena4_free_ex	N574	10X_down
762	708	0	30	0.02	1.0	population_size_change	phlag_mlt_eap01_ena4_esp001_ex	N574	10X_down
1360	110	30	0	0.02	1.0	population_size_change	phlag_dto_eap01_ena4_rev0001_ex	N574	10X_down
1243	227	30	0	0.02	1.0	population_size_change	phlag_mlt_eap01_ena4_esp005_ex	N574	10X_down
1243	227	30	0	0.02	1.0	population_size_change	phlag_mlt_noprior_noprior_esp001_ex	N574	10X_down
1401	69	30	0	0.02	1.0	population_size_change	phlag_dto_eap01_ena4_esp001	N574	10X_down
1128	342	24	6	0.02	1.0	population_size_change	phlag_dto_noprior_noprior_free_ex	N574	10X_down
1373	97	30	0	0.02	1.0	population_size_change	phlag_dto_eap01_ena4_esp005_ex	N574	10X_down
1231	239	30	0	0.02	1.0	population_size_change	phlag_dto_eap005_ena2_esp001_ex	N574	10X_down
1266	204	30	0	0.02	1.0	population_size_change	phlag_dto_eap01_ena4_rev001_ex	N574	10X_down
1360	110	30	0	0.02	1.0	population_size_change	phlag_dto_eap01_ena4_esp001_ex	N574	10X_down
1350	0	5	145	0.1	1.0	population_size_change	phlag_mlt_eap01_ena4_esp010_ex	N635	10X_up
1350	0	5	145	0.1	1.0	population_size_change	phlag_dto_eap01_ena4_free_ex	N635	10X_up
1349	1	150	0	0.1	1.0	population_size_change	phlag_mlt_eap01_ena4_free_ex	N635	10X_up
1350	0	5	145	0.1	1.0	population_size_change	phlag_mlt_eap01_ena4_esp001_ex	N635	10X_up
1350	0	5	145	0.1	1.0	population_size_change	phlag_dto_eap01_ena4_rev0001_ex	N635	10X_up
1350	0	5	145	0.1	1.0	population_size_change	phlag_mlt_eap01_ena4_esp005_ex	N635	10X_up
1350	0	5	145	0.1	1.0	population_size_change	phlag_mlt_noprior_noprior_esp001_ex	N635	10X_up
1350	0	5	145	0.1	1.0	population_size_change	phlag_dto_eap01_ena4_esp001	N635	10X_up
1325	25	143	7	0.1	1.0	population_size_change	phlag_dto_noprior_noprior_free_ex	N635	10X_up
1350	0	5	145	0.1	1.0	population_size_change	phlag_dto_eap01_ena4_esp005_ex	N635	10X_up
1350	0	5	145	0.1	1.0	population_size_change	phlag_dto_eap005_ena2_esp001_ex	N635	10X_up
1350	0	5	145	0.1	1.0	population_size_change	phlag_dto_eap01_ena4_rev001_ex	N635	10X_up
1350	0	5	145	0.1	1.0	population_size_change	phlag_dto_eap01_ena4_esp001_ex	N635	10X_up
1152	48	300	0	0.2	1.0	population_size_change	phlag_mlt_eap01_ena4_esp010_ex	N651	10X_down
1199	1	300	0	0.2	1.0	population_size_change	phlag_dto_eap01_ena4_free_ex	N651	10X_down
1200	0	300	0	0.2	1.0	population_size_change	phlag_mlt_eap01_ena4_free_ex	N651	10X_down
1200	0	300	0	0.2	1.0	population_size_change	phlag_mlt_eap01_ena4_esp001_ex	N651	10X_down
1152	48	300	0	0.2	1.0	population_size_change	phlag_dto_eap01_ena4_rev0001_ex	N651	10X_down
1200	0	300	0	0.2	1.0	population_size_change	phlag_mlt_eap01_ena4_esp005_ex	N651	10X_down
1152	48	300	0	0.2	1.0	population_size_change	phlag_mlt_noprior_noprior_esp001_ex	N651	10X_down
1200	0	300	0	0.2	1.0	population_size_change	phlag_dto_eap01_ena4_esp001	N651	10X_down
1180	20	298	2	0.2	1.0	population_size_change	phlag_dto_noprior_noprior_free_ex	N651	10X_down
1200	0	300	0	0.2	1.0	population_size_change	phlag_dto_eap01_ena4_esp005_ex	N651	10X_down
1152	48	300	0	0.2	1.0	population_size_change	phlag_dto_eap005_ena2_esp001_ex	N651	10X_down
1200	0	300	0	0.2	1.0	population_size_change	phlag_dto_eap01_ena4_rev001_ex	N651	10X_down
1152	48	300	0	0.2	1.0	population_size_change	phlag_dto_eap01_ena4_esp001_ex	N651	10X_down
1090	35	375	0	0.25	1.0	population_size_change	phlag_mlt_eap01_ena4_esp010_ex	N343	10X_down
1125	0	375	0	0.25	1.0	population_size_change	phlag_dto_eap01_ena4_free_ex	N343	10X_down
1090	35	375	0	0.25	1.0	population_size_change	phlag_mlt_eap01_ena4_free_ex	N343	10X_down
1090	35	375	0	0.25	1.0	population_size_change	phlag_mlt_eap01_ena4_esp001_ex	N343	10X_down
1125	0	375	0	0.25	1.0	population_size_change	phlag_dto_eap01_ena4_rev0001_ex	N343	10X_down
1125	0	375	0	0.25	1.0	population_size_change	phlag_mlt_eap01_ena4_esp005_ex	N343	10X_down
1090	35	375	0	0.25	1.0	population_size_change	phlag_mlt_noprior_noprior_esp001_ex	N343	10X_down
1125	0	375	0	0.25	1.0	population_size_change	phlag_dto_eap01_ena4_esp001	N343	10X_down
630	495	205	170	0.25	1.0	population_size_change	phlag_dto_noprior_noprior_free_ex	N343	10X_down
1125	0	375	0	0.25	1.0	population_size_change	phlag_dto_eap01_ena4_esp005_ex	N343	10X_down
1125	0	375	0	0.25	1.0	population_size_change	phlag_dto_eap005_ena2_esp001_ex	N343	10X_down
1125	0	375	0	0.25	1.0	population_size_change	phlag_dto_eap01_ena4_rev001_ex	N343	10X_down
1125	0	375	0	0.25	1.0	population_size_change	phlag_dto_eap01_ena4_esp001_ex	N343	10X_down
1262	88	150	0	0.1	1.0	population_size_change	phlag_mlt_eap01_ena4_esp010_ex	N118	10X_up
1076	274	150	0	0.1	1.0	population_size_change	phlag_dto_eap01_ena4_free_ex	N118	10X_up
1348	2	150	0	0.1	1.0	population_size_change	phlag_mlt_eap01_ena4_free_ex	N118	10X_up
1237	113	150	0	0.1	1.0	population_size_change	phlag_mlt_eap01_ena4_esp001_ex	N118	10X_up
1025	325	53	97	0.1	1.0	population_size_change	phlag_dto_eap01_ena4_rev0001_ex	N118	10X_up
1319	31	150	0	0.1	1.0	population_size_change	phlag_mlt_eap01_ena4_esp005_ex	N118	10X_up
1237	113	150	0	0.1	1.0	population_size_change	phlag_mlt_noprior_noprior_esp001_ex	N118	10X_up
1350	0	150	0	0.1	1.0	population_size_change	phlag_dto_eap01_ena4_esp001	N118	10X_up
1023	327	118	32	0.1	1.0	population_size_change	phlag_dto_noprior_noprior_free_ex	N118	10X_up
1052	298	126	24	0.1	1.0	population_size_change	phlag_dto_eap01_ena4_esp005_ex	N118	10X_up
1218	132	150	0	0.1	1.0	population_size_change	phlag_dto_eap005_ena2_esp001_ex	N118	10X_up
1350	0	150	0	0.1	1.0	population_size_change	phlag_dto_eap01_ena4_rev001_ex	N118	10X_up
1047	303	50	100	0.1	1.0	population_size_change	phlag_dto_eap01_ena4_esp001_ex	N118	10X_up
1363	107	30	0	0.02	1.0	population_size_change	phlag_mlt_eap01_ena4_esp010_ex	N532	10X_down
1380	90	30	0	0.02	1.0	population_size_change	phlag_dto_eap01_ena4_free_ex	N532	10X_down
1466	4	30	0	0.02	1.0	population_size_change	phlag_mlt_eap01_ena4_free_ex	N532	10X_down
1464	6	30	0	0.02	1.0	population_size_change	phlag_mlt_eap01_ena4_esp001_ex	N532	10X_down
922	548	30	0	0.02	1.0	population_size_change	phlag_dto_eap01_ena4_rev0001_ex	N532	10X_down
1440	30	30	0	0.02	1.0	population_size_change	phlag_mlt_eap01_ena4_esp005_ex	N532	10X_down
1363	107	30	0	0.02	1.0	population_size_change	phlag_mlt_noprior_noprior_esp001_ex	N532	10X_down
1223	247	30	0	0.02	1.0	population_size_change	phlag_dto_eap01_ena4_esp001	N532	10X_down
1283	187	29	1	0.02	1.0	population_size_change	phlag_dto_noprior_noprior_free_ex	N532	10X_down
969	501	30	0	0.02	1.0	population_size_change	phlag_dto_eap01_ena4_esp005_ex	N532	10X_down
1241	229	30	0	0.02	1.0	population_size_change	phlag_dto_eap005_ena2_esp001_ex	N532	10X_down
1427	43	30	0	0.02	1.0	population_size_change	phlag_dto_eap01_ena4_rev001_ex	N532	10X_down
958	512	0	30	0.02	1.0	population_size_change	phlag_dto_eap01_ena4_esp001_ex	N532	10X_down
1199	1	13	287	0.2	1.0	population_size_change	phlag_mlt_eap01_ena4_esp010_ex	N714	10X_up
1197	3	300	0	0.2	1.0	population_size_change	phlag_dto_eap01_ena4_free_ex	N714	10X_up
1200	0	300	0	0.2	1.0	population_size_change	phlag_mlt_eap01_ena4_free_ex	N714	10X_up
1199	1	13	287	0.2	1.0	population_size_change	phlag_mlt_eap01_ena4_esp001_ex	N714	10X_up
1199	1	19	281	0.2	1.0	population_size_change	phlag_dto_eap01_ena4_rev0001_ex	N714	10X_up
1199	1	13	287	0.2	1.0	population_size_change	phlag_mlt_eap01_ena4_esp005_ex	N714	10X_up
1199	1	13	287	0.2	1.0	population_size_change	phlag_mlt_noprior_noprior_esp001_ex	N714	10X_up
1199	1	19	281	0.2	1.0	population_size_change	phlag_dto_eap01_ena4_esp001	N714	10X_up
608	592	150	150	0.2	1.0	population_size_change	phlag_dto_noprior_noprior_free_ex	N714	10X_up
1199	1	13	287	0.2	1.0	population_size_change	phlag_dto_eap01_ena4_esp005_ex	N714	10X_up
1197	3	300	0	0.2	1.0	population_size_change	phlag_dto_eap005_ena2_esp001_ex	N714	10X_up
1195	5	300	0	0.2	1.0	population_size_change	phlag_dto_eap01_ena4_rev001_ex	N714	10X_up
1199	1	13	287	0.2	1.0	population_size_change	phlag_dto_eap01_ena4_esp001_ex	N714	10X_up
773	427	0	300	0.2	1.0	population_size_change	phlag_mlt_eap01_ena4_esp010_ex	N638	10X_down
1105	95	300	0	0.2	1.0	population_size_change	phlag_dto_eap01_ena4_free_ex	N638	10X_down
1199	1	300	0	0.2	1.0	population_size_change	phlag_mlt_eap01_ena4_free_ex	N638	10X_down
764	436	0	300	0.2	1.0	population_size_change	phlag_mlt_eap01_ena4_esp001_ex	N638	10X_down
1200	0	300	0	0.2	1.0	population_size_change	phlag_dto_eap01_ena4_rev0001_ex	N638	10X_down
1021	179	300	0	0.2	1.0	population_size_change	phlag_mlt_eap01_ena4_esp005_ex	N638	10X_down
764	436	0	300	0.2	1.0	population_size_change	phlag_mlt_noprior_noprior_esp001_ex	N638	10X_down
1200	0	300	0	0.2	1.0	population_size_change	phlag_dto_eap01_ena4_esp001	N638	10X_down
1185	15	300	0	0.2	1.0	population_size_change	phlag_dto_noprior_noprior_free_ex	N638	10X_down
1175	25	300	0	0.2	1.0	population_size_change	phlag_dto_eap01_ena4_esp005_ex	N638	10X_down
1188	12	300	0	0.2	1.0	population_size_change	phlag_dto_eap005_ena2_esp001_ex	N638	10X_down
1188	12	300	0	0.2	1.0	population_size_change	phlag_dto_eap01_ena4_rev001_ex	N638	10X_down
1188	12	300	0	0.2	1.0	population_size_change	phlag_dto_eap01_ena4_esp001_ex	N638	10X_down
1403	22	1	74	0.05	1.0	population_size_change	phlag_mlt_eap01_ena4_esp010_ex	N233	10X_up
1424	1	75	0	0.05	1.0	population_size_change	phlag_dto_eap01_ena4_free_ex	N233	10X_up
1403	22	1	74	0.05	1.0	population_size_change	phlag_mlt_eap01_ena4_free_ex	N233	10X_up
1403	22	1	74	0.05	1.0	population_size_change	phlag_mlt_eap01_ena4_esp001_ex	N233	10X_up
1425	0	75	0	0.05	1.0	population_size_change	phlag_dto_eap01_ena4_rev0001_ex	N233	10X_up
1403	22	1	74	0.05	1.0	population_size_change	phlag_mlt_eap01_ena4_esp005_ex	N233	10X_up
1425	0	75	0	0.05	1.0	population_size_change	phlag_mlt_noprior_noprior_esp001_ex	N233	10X_up
1403	22	1	74	0.05	1.0	population_size_change	phlag_dto_eap01_ena4_esp001	N233	10X_up
814	611	44	31	0.05	1.0	population_size_change	phlag_dto_noprior_noprior_free_ex	N233	10X_up
1425	0	75	0	0.05	1.0	population_size_change	phlag_dto_eap01_ena4_esp005_ex	N233	10X_up
1422	3	75	0	0.05	1.0	population_size_change	phlag_dto_eap005_ena2_esp001_ex	N233	10X_up
1424	1	75	0	0.05	1.0	population_size_change	phlag_dto_eap01_ena4_rev001_ex	N233	10X_up
1403	22	1	74	0.05	1.0	population_size_change	phlag_dto_eap01_ena4_esp001_ex	N233	10X_up
1011	114	0	375	0.25	1.0	population_size_change	phlag_mlt_eap01_ena4_esp010_ex	N532	10X_down
965	160	2	373	0.25	1.0	population_size_change	phlag_dto_eap01_ena4_free_ex	N532	10X_down
1125	0	197	178	0.25	1.0	population_size_change	phlag_mlt_eap01_ena4_free_ex	N532	10X_down
1011	114	0	375	0.25	1.0	population_size_change	phlag_mlt_eap01_ena4_esp001_ex	N532	10X_down
962	163	2	373	0.25	1.0	population_size_change	phlag_dto_eap01_ena4_rev0001_ex	N532	10X_down
1011	114	0	375	0.25	1.0	population_size_change	phlag_mlt_eap01_ena4_esp005_ex	N532	10X_down
1125	0	197	178	0.25	1.0	population_size_change	phlag_mlt_noprior_noprior_esp001_ex	N532	10X_down
1124	1	1	374	0.25	1.0	population_size_change	phlag_dto_eap01_ena4_esp001	N532	10X_down
980	145	364	11	0.25	1.0	population_size_change	phlag_dto_noprior_noprior_free_ex	N532	10X_down
952	173	2	373	0.25	1.0	population_size_change	phlag_dto_eap01_ena4_esp005_ex	N532	10X_down
965	160	2	373	0.25	1.0	population_size_change	phlag_dto_eap005_ena2_esp001_ex	N532	10X_down
903	222	2	373	0.25	1.0	population_size_change	phlag_dto_eap01_ena4_rev001_ex	N532	10X_down
962	163	2	373	0.25	1.0	population_size_change	phlag_dto_eap01_ena4_esp001_ex	N532	10X_down
1114	11	1	374	0.25	1.0	population_size_change	phlag_mlt_eap01_ena4_esp010_ex	N233	10X_up
1122	3	375	0	0.25	1.0	population_size_change	phlag_dto_eap01_ena4_free_ex	N233	10X_up
1114	11	1	374	0.25	1.0	population_size_change	phlag_mlt_eap01_ena4_free_ex	N233	10X_up
1114	11	1	374	0.25	1.0	population_size_change	phlag_mlt_eap01_ena4_esp001_ex	N233	10X_up
1114	11	1	374	0.25	1.0	population_size_change	phlag_dto_eap01_ena4_rev0001_ex	N233	10X_up
1114	11	1	374	0.25	1.0	population_size_change	phlag_mlt_eap01_ena4_esp005_ex	N233	10X_up
1114	11	1	374	0.25	1.0	population_size_change	phlag_mlt_noprior_noprior_esp001_ex	N233	10X_up
1114	11	1	374	0.25	1.0	population_size_change	phlag_dto_eap01_ena4_esp001	N233	10X_up
567	558	189	186	0.25	1.0	population_size_change	phlag_dto_noprior_noprior_free_ex	N233	10X_up
1114	11	1	374	0.25	1.0	population_size_change	phlag_dto_eap01_ena4_esp005_ex	N233	10X_up
1114	11	1	374	0.25	1.0	population_size_change	phlag_dto_eap005_ena2_esp001_ex	N233	10X_up
1122	3	375	0	0.25	1.0	population_size_change	phlag_dto_eap01_ena4_rev001_ex	N233	10X_up
1114	11	1	374	0.25	1.0	population_size_change	phlag_dto_eap01_ena4_esp001_ex	N233	10X_up
1121	154	225	0	0.15	1.0	population_size_change	phlag_mlt_eap01_ena4_esp010_ex	N575	10X_down
1178	97	225	0	0.15	1.0	population_size_change	phlag_dto_eap01_ena4_free_ex	N575	10X_down
1254	21	225	0	0.15	1.0	population_size_change	phlag_mlt_eap01_ena4_free_ex	N575	10X_down
1182	93	122	103	0.15	1.0	population_size_change	phlag_mlt_eap01_ena4_esp001_ex	N575	10X_down
1067	208	1	224	0.15	1.0	population_size_change	phlag_dto_eap01_ena4_rev0001_ex	N575	10X_down
1066	209	225	0	0.15	1.0	population_size_change	phlag_mlt_eap01_ena4_esp005_ex	N575	10X_down
1121	154	225	0	0.15	1.0	population_size_change	phlag_mlt_noprior_noprior_esp001_ex	N575	10X_down
1214	61	31	194	0.15	1.0	population_size_change	phlag_dto_eap01_ena4_esp001	N575	10X_down
867	408	153	72	0.15	1.0	population_size_change	phlag_dto_noprior_noprior_free_ex	N575	10X_down
1057	218	1	224	0.15	1.0	population_size_change	phlag_dto_eap01_ena4_esp005_ex	N575	10X_down
858	417	225	0	0.15	1.0	population_size_change	phlag_dto_eap005_ena2_esp001_ex	N575	10X_down
849	426	0	225	0.15	1.0	population_size_change	phlag_dto_eap01_ena4_rev001_ex	N575	10X_down
958	317	225	0	0.15	1.0	population_size_change	phlag_dto_eap01_ena4_esp001_ex	N575	10X_down
1470	0	2	28	0.02	1.0	population_size_change	phlag_mlt_eap01_ena4_esp010_ex	N554	10X_up
1470	0	3	27	0.02	1.0	population_size_change	phlag_dto_eap01_ena4_free_ex	N554	10X_up
1470	0	2	28	0.02	1.0	population_size_change	phlag_mlt_eap01_ena4_free_ex	N554	10X_up
1470	0	2	28	0.02	1.0	population_size_change	phlag_mlt_eap01_ena4_esp001_ex	N554	10X_up
1284	186	30	0	0.02	1.0	population_size_change	phlag_dto_eap01_ena4_rev0001_ex	N554	10X_up
1470	0	2	28	0.02	1.0	population_size_change	phlag_mlt_eap01_ena4_esp005_ex	N554	10X_up
1238	232	30	0	0.02	1.0	population_size_change	phlag_mlt_noprior_noprior_esp001_ex	N554	10X_up
1470	0	4	26	0.02	1.0	population_size_change	phlag_dto_eap01_ena4_esp001	N554	10X_up
740	730	16	14	0.02	1.0	population_size_change	phlag_dto_noprior_noprior_free_ex	N554	10X_up
1467	3	3	27	0.02	1.0	population_size_change	phlag_dto_eap01_ena4_esp005_ex	N554	10X_up
1467	3	3	27	0.02	1.0	population_size_change	phlag_dto_eap005_ena2_esp001_ex	N554	10X_up
1467	3	3	27	0.02	1.0	population_size_change	phlag_dto_eap01_ena4_rev001_ex	N554	10X_up
1470	0	4	26	0.02	1.0	population_size_change	phlag_dto_eap01_ena4_esp001_ex	N554	10X_up
1425	0	20	55	0.05	1.0	population_size_change	phlag_mlt_eap01_ena4_esp010_ex	Nyctibiidae	10X_up
1425	0	17	58	0.05	1.0	population_size_change	phlag_dto_eap01_ena4_free_ex	Nyctibiidae	10X_up
1425	0	20	55	0.05	1.0	population_size_change	phlag_mlt_eap01_ena4_free_ex	Nyctibiidae	10X_up
1425	0	20	55	0.05	1.0	population_size_change	phlag_mlt_eap01_ena4_esp001_ex	Nyctibiidae	10X_up
1425	0	17	58	0.05	1.0	population_size_change	phlag_dto_eap01_ena4_rev0001_ex	Nyctibiidae	10X_up
1425	0	19	56	0.05	1.0	population_size_change	phlag_mlt_eap01_ena4_esp005_ex	Nyctibiidae	10X_up
1425	0	20	55	0.05	1.0	population_size_change	phlag_mlt_noprior_noprior_esp001_ex	Nyctibiidae	10X_up
1425	0	18	57	0.05	1.0	population_size_change	phlag_dto_eap01_ena4_esp001	Nyctibiidae	10X_up
713	712	38	37	0.05	1.0	population_size_change	phlag_dto_noprior_noprior_free_ex	Nyctibiidae	10X_up
1425	0	17	58	0.05	1.0	population_size_change	phlag_dto_eap01_ena4_esp005_ex	Nyctibiidae	10X_up
1425	0	17	58	0.05	1.0	population_size_change	phlag_dto_eap005_ena2_esp001_ex	Nyctibiidae	10X_up
1425	0	17	58	0.05	1.0	population_size_change	phlag_dto_eap01_ena4_rev001_ex	Nyctibiidae	10X_up
1425	0	17	58	0.05	1.0	population_size_change	phlag_dto_eap01_ena4_esp001_ex	Nyctibiidae	10X_up
1275	0	8	217	0.15	1.0	population_size_change	phlag_mlt_eap01_ena4_esp010_ex	N544	10X_up
1275	0	8	217	0.15	1.0	population_size_change	phlag_dto_eap01_ena4_free_ex	N544	10X_up
1275	0	8	217	0.15	1.0	population_size_change	phlag_mlt_eap01_ena4_free_ex	N544	10X_up
1275	0	8	217	0.15	1.0	population_size_change	phlag_mlt_eap01_ena4_esp001_ex	N544	10X_up
1275	0	8	217	0.15	1.0	population_size_change	phlag_dto_eap01_ena4_rev0001_ex	N544	10X_up
1275	0	8	217	0.15	1.0	population_size_change	phlag_mlt_eap01_ena4_esp005_ex	N544	10X_up
1275	0	8	217	0.15	1.0	population_size_change	phlag_mlt_noprior_noprior_esp001_ex	N544	10X_up
1275	0	8	217	0.15	1.0	population_size_change	phlag_dto_eap01_ena4_esp001	N544	10X_up
1073	202	151	74	0.15	1.0	population_size_change	phlag_dto_noprior_noprior_free_ex	N544	10X_up
966	309	0	225	0.15	1.0	population_size_change	phlag_dto_eap01_ena4_esp005_ex	N544	10X_up
1275	0	8	217	0.15	1.0	population_size_change	phlag_dto_eap005_ena2_esp001_ex	N544	10X_up
1275	0	8	217	0.15	1.0	population_size_change	phlag_dto_eap01_ena4_rev001_ex	N544	10X_up
1275	0	8	217	0.15	1.0	population_size_change	phlag_dto_eap01_ena4_esp001_ex	N544	10X_up
1275	0	4	221	0.15	1.0	population_size_change	phlag_mlt_eap01_ena4_esp010_ex	N635	10X_up
1275	0	4	221	0.15	1.0	population_size_change	phlag_dto_eap01_ena4_free_ex	N635	10X_up
1274	1	225	0	0.15	1.0	population_size_change	phlag_mlt_eap01_ena4_free_ex	N635	10X_up
1275	0	4	221	0.15	1.0	population_size_change	phlag_mlt_eap01_ena4_esp001_ex	N635	10X_up
1275	0	4	221	0.15	1.0	population_size_change	phlag_dto_eap01_ena4_rev0001_ex	N635	10X_up
1275	0	4	221	0.15	1.0	population_size_change	phlag_mlt_eap01_ena4_esp005_ex	N635	10X_up
1275	0	4	221	0.15	1.0	population_size_change	phlag_mlt_noprior_noprior_esp001_ex	N635	10X_up
1275	0	4	221	0.15	1.0	population_size_change	phlag_dto_eap01_ena4_esp001	N635	10X_up
1254	21	217	8	0.15	1.0	population_size_change	phlag_dto_noprior_noprior_free_ex	N635	10X_up
1275	0	4	221	0.15	1.0	population_size_change	phlag_dto_eap01_ena4_esp005_ex	N635	10X_up
1275	0	4	221	0.15	1.0	population_size_change	phlag_dto_eap005_ena2_esp001_ex	N635	10X_up
1275	0	4	221	0.15	1.0	population_size_change	phlag_dto_eap01_ena4_rev001_ex	N635	10X_up
1275	0	4	221	0.15	1.0	population_size_change	phlag_dto_eap01_ena4_esp001_ex	N635	10X_up
1351	119	30	0	0.02	1.0	population_size_change	phlag_mlt_eap01_ena4_esp010_ex	N220	10X_up
968	502	0	30	0.02	1.0	population_size_change	phlag_dto_eap01_ena4_free_ex	N220	10X_up
1470	0	30	0	0.02	1.0	population_size_change	phlag_mlt_eap01_ena4_free_ex	N220	10X_up
1414	56	30	0	0.02	1.0	population_size_change	phlag_mlt_eap01_ena4_esp001_ex	N220	10X_up
1470	0	30	0	0.02	1.0	population_size_change	phlag_dto_eap01_ena4_rev0001_ex	N220	10X_up
1339	131	30	0	0.02	1.0	population_size_change	phlag_mlt_eap01_ena4_esp005_ex	N220	10X_up
1414	56	30	0	0.02	1.0	population_size_change	phlag_mlt_noprior_noprior_esp001_ex	N220	10X_up
1470	0	30	0	0.02	1.0	population_size_change	phlag_dto_eap01_ena4_esp001	N220	10X_up
988	482	23	7	0.02	1.0	population_size_change	phlag_dto_noprior_noprior_free_ex	N220	10X_up
1253	217	30	0	0.02	1.0	population_size_change	phlag_dto_eap01_ena4_esp005_ex	N220	10X_up
1029	441	0	30	0.02	1.0	population_size_change	phlag_dto_eap005_ena2_esp001_ex	N220	10X_up
1470	0	30	0	0.02	1.0	population_size_change	phlag_dto_eap01_ena4_rev001_ex	N220	10X_up
1253	217	30	0	0.02	1.0	population_size_change	phlag_dto_eap01_ena4_esp001_ex	N220	10X_up
1377	48	75	0	0.05	1.0	population_size_change	phlag_mlt_eap01_ena4_esp010_ex	N651	10X_down
1424	1	75	0	0.05	1.0	population_size_change	phlag_dto_eap01_ena4_free_ex	N651	10X_down
1425	0	75	0	0.05	1.0	population_size_change	phlag_mlt_eap01_ena4_free_ex	N651	10X_down
1377	48	75	0	0.05	1.0	population_size_change	phlag_mlt_eap01_ena4_esp001_ex	N651	10X_down
1425	0	75	0	0.05	1.0	population_size_change	phlag_dto_eap01_ena4_rev0001_ex	N651	10X_down
1377	48	75	0	0.05	1.0	population_size_change	phlag_mlt_eap01_ena4_esp005_ex	N651	10X_down
1377	48	75	0	0.05	1.0	population_size_change	phlag_mlt_noprior_noprior_esp001_ex	N651	10X_down
1425	0	75	0	0.05	1.0	population_size_change	phlag_dto_eap01_ena4_esp001	N651	10X_down
729	696	38	37	0.05	1.0	population_size_change	phlag_dto_noprior_noprior_free_ex	N651	10X_down
1397	28	75	0	0.05	1.0	population_size_change	phlag_dto_eap01_ena4_esp005_ex	N651	10X_down
1377	48	75	0	0.05	1.0	population_size_change	phlag_dto_eap005_ena2_esp001_ex	N651	10X_down
1425	0	75	0	0.05	1.0	population_size_change	phlag_dto_eap01_ena4_rev001_ex	N651	10X_down
1425	0	75	0	0.05	1.0	population_size_change	phlag_dto_eap01_ena4_esp001_ex	N651	10X_down
1436	34	30	0	0.02	1.0	population_size_change	phlag_mlt_eap01_ena4_esp010_ex	Nyctibiidae	10X_up
1470	0	13	17	0.02	1.0	population_size_change	phlag_dto_eap01_ena4_free_ex	Nyctibiidae	10X_up
1436	34	30	0	0.02	1.0	population_size_change	phlag_mlt_eap01_ena4_free_ex	Nyctibiidae	10X_up
1436	34	30	0	0.02	1.0	population_size_change	phlag_mlt_eap01_ena4_esp001_ex	Nyctibiidae	10X_up
1470	0	27	3	0.02	1.0	population_size_change	phlag_dto_eap01_ena4_rev0001_ex	Nyctibiidae	10X_up
1436	34	30	0	0.02	1.0	population_size_change	phlag_mlt_eap01_ena4_esp005_ex	Nyctibiidae	10X_up
1436	34	30	0	0.02	1.0	population_size_change	phlag_mlt_noprior_noprior_esp001_ex	Nyctibiidae	10X_up
1470	0	30	0	0.02	1.0	population_size_change	phlag_dto_eap01_ena4_esp001	Nyctibiidae	10X_up
735	735	15	15	0.02	1.0	population_size_change	phlag_dto_noprior_noprior_free_ex	Nyctibiidae	10X_up
1436	34	30	0	0.02	1.0	population_size_change	phlag_dto_eap01_ena4_esp005_ex	Nyctibiidae	10X_up
1436	34	30	0	0.02	1.0	population_size_change	phlag_dto_eap005_ena2_esp001_ex	Nyctibiidae	10X_up
1470	0	27	3	0.02	1.0	population_size_change	phlag_dto_eap01_ena4_rev001_ex	Nyctibiidae	10X_up
1436	34	30	0	0.02	1.0	population_size_change	phlag_dto_eap01_ena4_esp001_ex	Nyctibiidae	10X_up
1366	59	75	0	0.05	1.0	population_size_change	phlag_mlt_eap01_ena4_esp010_ex	N690	10X_up
1244	181	37	38	0.05	1.0	population_size_change	phlag_dto_eap01_ena4_free_ex	N690	10X_up
1125	300	75	0	0.05	1.0	population_size_change	phlag_mlt_eap01_ena4_free_ex	N690	10X_up
1366	59	75	0	0.05	1.0	population_size_change	phlag_mlt_eap01_ena4_esp001_ex	N690	10X_up
1201	224	75	0	0.05	1.0	population_size_change	phlag_dto_eap01_ena4_rev0001_ex	N690	10X_up
1366	59	75	0	0.05	1.0	population_size_change	phlag_mlt_eap01_ena4_esp005_ex	N690	10X_up
1366	59	75	0	0.05	1.0	population_size_change	phlag_mlt_noprior_noprior_esp001_ex	N690	10X_up
1356	69	43	32	0.05	1.0	population_size_change	phlag_dto_eap01_ena4_esp001	N690	10X_up
804	621	52	23	0.05	1.0	population_size_change	phlag_dto_noprior_noprior_free_ex	N690	10X_up
1266	159	47	28	0.05	1.0	population_size_change	phlag_dto_eap01_ena4_esp005_ex	N690	10X_up
857	568	39	36	0.05	1.0	population_size_change	phlag_dto_eap005_ena2_esp001_ex	N690	10X_up
1129	296	75	0	0.05	1.0	population_size_change	phlag_dto_eap01_ena4_rev001_ex	N690	10X_up
919	506	54	21	0.05	1.0	population_size_change	phlag_dto_eap01_ena4_esp001_ex	N690	10X_up
1125	0	375	0	0.25	1.0	population_size_change	phlag_mlt_eap01_ena4_esp010_ex	N228	10X_down
876	249	375	0	0.25	1.0	population_size_change	phlag_dto_eap01_ena4_free_ex	N228	10X_down
1102	23	375	0	0.25	1.0	population_size_change	phlag_mlt_eap01_ena4_free_ex	N228	10X_down
1125	0	375	0	0.25	1.0	population_size_change	phlag_mlt_eap01_ena4_esp001_ex	N228	10X_down
1049	76	375	0	0.25	1.0	population_size_change	phlag_dto_eap01_ena4_rev0001_ex	N228	10X_down
1125	0	375	0	0.25	1.0	population_size_change	phlag_mlt_eap01_ena4_esp005_ex	N228	10X_down
1125	0	375	0	0.25	1.0	population_size_change	phlag_mlt_noprior_noprior_esp001_ex	N228	10X_down
1125	0	375	0	0.25	1.0	population_size_change	phlag_dto_eap01_ena4_esp001	N228	10X_down
725	400	264	111	0.25	1.0	population_size_change	phlag_dto_noprior_noprior_free_ex	N228	10X_down
944	181	245	130	0.25	1.0	population_size_change	phlag_dto_eap01_ena4_esp005_ex	N228	10X_down
954	171	375	0	0.25	1.0	population_size_change	phlag_dto_eap005_ena2_esp001_ex	N228	10X_down
1064	61	375	0	0.25	1.0	population_size_change	phlag_dto_eap01_ena4_rev001_ex	N228	10X_down
1064	61	375	0	0.25	1.0	population_size_change	phlag_dto_eap01_ena4_esp001_ex	N228	10X_down
1282	143	75	0	0.05	1.0	population_size_change	phlag_mlt_eap01_ena4_esp010_ex	N638	10X_down
1421	4	75	0	0.05	1.0	population_size_change	phlag_dto_eap01_ena4_free_ex	N638	10X_down
1424	1	75	0	0.05	1.0	population_size_change	phlag_mlt_eap01_ena4_free_ex	N638	10X_down
1425	0	75	0	0.05	1.0	population_size_change	phlag_mlt_eap01_ena4_esp001_ex	N638	10X_down
868	557	75	0	0.05	1.0	population_size_change	phlag_dto_eap01_ena4_rev0001_ex	N638	10X_down
1425	0	75	0	0.05	1.0	population_size_change	phlag_mlt_eap01_ena4_esp005_ex	N638	10X_down
1252	173	75	0	0.05	1.0	population_size_change	phlag_mlt_noprior_noprior_esp001_ex	N638	10X_down
1424	1	75	0	0.05	1.0	population_size_change	phlag_dto_eap01_ena4_esp001	N638	10X_down
732	693	39	36	0.05	1.0	population_size_change	phlag_dto_noprior_noprior_free_ex	N638	10X_down
1413	12	75	0	0.05	1.0	population_size_change	phlag_dto_eap01_ena4_esp005_ex	N638	10X_down
1413	12	75	0	0.05	1.0	population_size_change	phlag_dto_eap005_ena2_esp001_ex	N638	10X_down
1413	12	75	0	0.05	1.0	population_size_change	phlag_dto_eap01_ena4_rev001_ex	N638	10X_down
1413	12	75	0	0.05	1.0	population_size_change	phlag_dto_eap01_ena4_esp001_ex	N638	10X_down
1464	6	30	0	0.02	1.0	population_size_change	phlag_mlt_eap01_ena4_esp010_ex	N114	10X_down
1470	0	30	0	0.02	1.0	population_size_change	phlag_dto_eap01_ena4_free_ex	N114	10X_down
1470	0	30	0	0.02	1.0	population_size_change	phlag_mlt_eap01_ena4_free_ex	N114	10X_down
1406	64	30	0	0.02	1.0	population_size_change	phlag_mlt_eap01_ena4_esp001_ex	N114	10X_down
1470	0	30	0	0.02	1.0	population_size_change	phlag_dto_eap01_ena4_rev0001_ex	N114	10X_down
1464	6	30	0	0.02	1.0	population_size_change	phlag_mlt_eap01_ena4_esp005_ex	N114	10X_down
1470	0	30	0	0.02	1.0	population_size_change	phlag_mlt_noprior_noprior_esp001_ex	N114	10X_down
1470	0	30	0	0.02	1.0	population_size_change	phlag_dto_eap01_ena4_esp001	N114	10X_down
740	730	15	15	0.02	1.0	population_size_change	phlag_dto_noprior_noprior_free_ex	N114	10X_down
1470	0	30	0	0.02	1.0	population_size_change	phlag_dto_eap01_ena4_esp005_ex	N114	10X_down
1470	0	30	0	0.02	1.0	population_size_change	phlag_dto_eap005_ena2_esp001_ex	N114	10X_down
1470	0	30	0	0.02	1.0	population_size_change	phlag_dto_eap01_ena4_rev001_ex	N114	10X_down
1470	0	30	0	0.02	1.0	population_size_change	phlag_dto_eap01_ena4_esp001_ex	N114	10X_down
1092	33	375	0	0.25	1.0	population_size_change	phlag_mlt_eap01_ena4_esp010_ex	N498	10X_down
995	130	375	0	0.25	1.0	population_size_change	phlag_dto_eap01_ena4_free_ex	N498	10X_down
1111	14	375	0	0.25	1.0	population_size_change	phlag_mlt_eap01_ena4_free_ex	N498	10X_down
1111	14	375	0	0.25	1.0	population_size_change	phlag_mlt_eap01_ena4_esp001_ex	N498	10X_down
867	258	327	48	0.25	1.0	population_size_change	phlag_dto_eap01_ena4_rev0001_ex	N498	10X_down
628	497	375	0	0.25	1.0	population_size_change	phlag_mlt_eap01_ena4_esp005_ex	N498	10X_down
880	245	375	0	0.25	1.0	population_size_change	phlag_mlt_noprior_noprior_esp001_ex	N498	10X_down
1125	0	375	0	0.25	1.0	population_size_change	phlag_dto_eap01_ena4_esp001	N498	10X_down
605	520	210	165	0.25	1.0	population_size_change	phlag_dto_noprior_noprior_free_ex	N498	10X_down
884	241	375	0	0.25	1.0	population_size_change	phlag_dto_eap01_ena4_esp005_ex	N498	10X_down
988	137	375	0	0.25	1.0	population_size_change	phlag_dto_eap005_ena2_esp001_ex	N498	10X_down
987	138	348	27	0.25	1.0	population_size_change	phlag_dto_eap01_ena4_rev001_ex	N498	10X_down
866	259	327	48	0.25	1.0	population_size_change	phlag_dto_eap01_ena4_esp001_ex	N498	10X_down
778	647	0	75	0.05	1.0	population_size_change	phlag_mlt_eap01_ena4_esp010_ex	Accipitriformes	10X_up
1400	25	75	0	0.05	1.0	population_size_change	phlag_dto_eap01_ena4_free_ex	Accipitriformes	10X_up
1400	25	75	0	0.05	1.0	population_size_change	phlag_mlt_eap01_ena4_free_ex	Accipitriformes	10X_up
754	671	75	0	0.05	1.0	population_size_change	phlag_mlt_eap01_ena4_esp001_ex	Accipitriformes	10X_up
1080	345	65	10	0.05	1.0	population_size_change	phlag_dto_eap01_ena4_rev0001_ex	Accipitriformes	10X_up
1315	110	75	0	0.05	1.0	population_size_change	phlag_mlt_eap01_ena4_esp005_ex	Accipitriformes	10X_up
1189	236	75	0	0.05	1.0	population_size_change	phlag_mlt_noprior_noprior_esp001_ex	Accipitriformes	10X_up
1425	0	75	0	0.05	1.0	population_size_change	phlag_dto_eap01_ena4_esp001	Accipitriformes	10X_up
827	598	41	34	0.05	1.0	population_size_change	phlag_dto_noprior_noprior_free_ex	Accipitriformes	10X_up
1102	323	75	0	0.05	1.0	population_size_change	phlag_dto_eap01_ena4_esp005_ex	Accipitriformes	10X_up
997	428	75	0	0.05	1.0	population_size_change	phlag_dto_eap005_ena2_esp001_ex	Accipitriformes	10X_up
1285	140	65	10	0.05	1.0	population_size_change	phlag_dto_eap01_ena4_rev001_ex	Accipitriformes	10X_up
970	455	75	0	0.05	1.0	population_size_change	phlag_dto_eap01_ena4_esp001_ex	Accipitriformes	10X_up
1117	8	0	375	0.25	1.0	population_size_change	phlag_mlt_eap01_ena4_esp010_ex	N159	10X_up
1125	0	0	375	0.25	1.0	population_size_change	phlag_dto_eap01_ena4_free_ex	N159	10X_up
1125	0	372	3	0.25	1.0	population_size_change	phlag_mlt_eap01_ena4_free_ex	N159	10X_up
1117	8	0	375	0.25	1.0	population_size_change	phlag_mlt_eap01_ena4_esp001_ex	N159	10X_up
1125	0	0	375	0.25	1.0	population_size_change	phlag_dto_eap01_ena4_rev0001_ex	N159	10X_up
1117	8	0	375	0.25	1.0	population_size_change	phlag_mlt_eap01_ena4_esp005_ex	N159	10X_up
1117	8	0	375	0.25	1.0	population_size_change	phlag_mlt_noprior_noprior_esp001_ex	N159	10X_up
1117	8	0	375	0.25	1.0	population_size_change	phlag_dto_eap01_ena4_esp001	N159	10X_up
1075	50	356	19	0.25	1.0	population_size_change	phlag_dto_noprior_noprior_free_ex	N159	10X_up
1125	0	0	375	0.25	1.0	population_size_change	phlag_dto_eap01_ena4_esp005_ex	N159	10X_up
1125	0	0	375	0.25	1.0	population_size_change	phlag_dto_eap005_ena2_esp001_ex	N159	10X_up
1125	0	0	375	0.25	1.0	population_size_change	phlag_dto_eap01_ena4_rev001_ex	N159	10X_up
1125	0	0	375	0.25	1.0	population_size_change	phlag_dto_eap01_ena4_esp001_ex	N159	10X_up
1322	103	75	0	0.05	1.0	population_size_change	phlag_mlt_eap01_ena4_esp010_ex	N473	10X_down
1415	10	75	0	0.05	1.0	population_size_change	phlag_dto_eap01_ena4_free_ex	N473	10X_down
1322	103	75	0	0.05	1.0	population_size_change	phlag_mlt_eap01_ena4_free_ex	N473	10X_down
1322	103	75	0	0.05	1.0	population_size_change	phlag_mlt_eap01_ena4_esp001_ex	N473	10X_down
1293	132	75	0	0.05	1.0	population_size_change	phlag_dto_eap01_ena4_rev0001_ex	N473	10X_down
1300	125	75	0	0.05	1.0	population_size_change	phlag_mlt_eap01_ena4_esp005_ex	N473	10X_down
1300	125	75	0	0.05	1.0	population_size_change	phlag_mlt_noprior_noprior_esp001_ex	N473	10X_down
1425	0	75	0	0.05	1.0	population_size_change	phlag_dto_eap01_ena4_esp001	N473	10X_down
738	687	49	26	0.05	1.0	population_size_change	phlag_dto_noprior_noprior_free_ex	N473	10X_down
1300	125	75	0	0.05	1.0	population_size_change	phlag_dto_eap01_ena4_esp005_ex	N473	10X_down
1355	70	75	0	0.05	1.0	population_size_change	phlag_dto_eap005_ena2_esp001_ex	N473	10X_down
1293	132	75	0	0.05	1.0	population_size_change	phlag_dto_eap01_ena4_rev001_ex	N473	10X_down
1300	125	75	0	0.05	1.0	population_size_change	phlag_dto_eap01_ena4_esp001_ex	N473	10X_down
1427	43	30	0	0.02	1.0	population_size_change	phlag_mlt_eap01_ena4_esp010_ex	N186	10X_down
1447	23	30	0	0.02	1.0	population_size_change	phlag_dto_eap01_ena4_free_ex	N186	10X_down
1426	44	30	0	0.02	1.0	population_size_change	phlag_mlt_eap01_ena4_free_ex	N186	10X_down
1427	43	30	0	0.02	1.0	population_size_change	phlag_mlt_eap01_ena4_esp001_ex	N186	10X_down
1030	440	0	30	0.02	1.0	population_size_change	phlag_dto_eap01_ena4_rev0001_ex	N186	10X_down
1427	43	30	0	0.02	1.0	population_size_change	phlag_mlt_eap01_ena4_esp005_ex	N186	10X_down
1213	257	0	30	0.02	1.0	population_size_change	phlag_mlt_noprior_noprior_esp001_ex	N186	10X_down
1470	0	30	0	0.02	1.0	population_size_change	phlag_dto_eap01_ena4_esp001	N186	10X_down
1310	160	27	3	0.02	1.0	population_size_change	phlag_dto_noprior_noprior_free_ex	N186	10X_down
956	514	0	30	0.02	1.0	population_size_change	phlag_dto_eap01_ena4_esp005_ex	N186	10X_down
1470	0	30	0	0.02	1.0	population_size_change	phlag_dto_eap005_ena2_esp001_ex	N186	10X_down
1369	101	30	0	0.02	1.0	population_size_change	phlag_dto_eap01_ena4_rev001_ex	N186	10X_down
1030	440	0	30	0.02	1.0	population_size_change	phlag_dto_eap01_ena4_esp001_ex	N186	10X_down
1463	7	30	0	0.02	1.0	population_size_change	phlag_mlt_eap01_ena4_esp010_ex	N716	10X_up
1293	177	30	0	0.02	1.0	population_size_change	phlag_dto_eap01_ena4_free_ex	N716	10X_up
1461	9	30	0	0.02	1.0	population_size_change	phlag_mlt_eap01_ena4_free_ex	N716	10X_up
1470	0	30	0	0.02	1.0	population_size_change	phlag_mlt_eap01_ena4_esp001_ex	N716	10X_up
1470	0	30	0	0.02	1.0	population_size_change	phlag_dto_eap01_ena4_rev0001_ex	N716	10X_up
1470	0	30	0	0.02	1.0	population_size_change	phlag_mlt_eap01_ena4_esp005_ex	N716	10X_up
1463	7	30	0	0.02	1.0	population_size_change	phlag_mlt_noprior_noprior_esp001_ex	N716	10X_up
1227	243	30	0	0.02	1.0	population_size_change	phlag_dto_eap01_ena4_esp001	N716	10X_up
788	682	19	11	0.02	1.0	population_size_change	phlag_dto_noprior_noprior_free_ex	N716	10X_up
1200	270	30	0	0.02	1.0	population_size_change	phlag_dto_eap01_ena4_esp005_ex	N716	10X_up
1470	0	30	0	0.02	1.0	population_size_change	phlag_dto_eap005_ena2_esp001_ex	N716	10X_up
1470	0	30	0	0.02	1.0	population_size_change	phlag_dto_eap01_ena4_rev001_ex	N716	10X_up
1470	0	30	0	0.02	1.0	population_size_change	phlag_dto_eap01_ena4_esp001_ex	N716	10X_up
1350	0	8	142	0.1	1.0	population_size_change	phlag_mlt_eap01_ena4_esp010_ex	N281	10X_up
1350	0	8	142	0.1	1.0	population_size_change	phlag_dto_eap01_ena4_free_ex	N281	10X_up
1350	0	8	142	0.1	1.0	population_size_change	phlag_mlt_eap01_ena4_free_ex	N281	10X_up
1350	0	8	142	0.1	1.0	population_size_change	phlag_mlt_eap01_ena4_esp001_ex	N281	10X_up
1350	0	8	142	0.1	1.0	population_size_change	phlag_dto_eap01_ena4_rev0001_ex	N281	10X_up
1350	0	8	142	0.1	1.0	population_size_change	phlag_mlt_eap01_ena4_esp005_ex	N281	10X_up
1350	0	8	142	0.1	1.0	population_size_change	phlag_mlt_noprior_noprior_esp001_ex	N281	10X_up
1350	0	8	142	0.1	1.0	population_size_change	phlag_dto_eap01_ena4_esp001	N281	10X_up
675	675	75	75	0.1	1.0	population_size_change	phlag_dto_noprior_noprior_free_ex	N281	10X_up
1350	0	8	142	0.1	1.0	population_size_change	phlag_dto_eap01_ena4_esp005_ex	N281	10X_up
1350	0	8	142	0.1	1.0	population_size_change	phlag_dto_eap005_ena2_esp001_ex	N281	10X_up
1350	0	8	142	0.1	1.0	population_size_change	phlag_dto_eap01_ena4_rev001_ex	N281	10X_up
1350	0	8	142	0.1	1.0	population_size_change	phlag_dto_eap01_ena4_esp001_ex	N281	10X_up
1129	71	4	296	0.2	1.0	population_size_change	phlag_mlt_eap01_ena4_esp010_ex	N573	10X_down
1181	19	0	300	0.2	1.0	population_size_change	phlag_dto_eap01_ena4_free_ex	N573	10X_down
1129	71	4	296	0.2	1.0	population_size_change	phlag_mlt_eap01_ena4_free_ex	N573	10X_down
1129	71	4	296	0.2	1.0	population_size_change	phlag_mlt_eap01_ena4_esp001_ex	N573	10X_down
1181	19	0	300	0.2	1.0	population_size_change	phlag_dto_eap01_ena4_rev0001_ex	N573	10X_down
1129	71	5	295	0.2	1.0	population_size_change	phlag_mlt_eap01_ena4_esp005_ex	N573	10X_down
1129	71	4	296	0.2	1.0	population_size_change	phlag_mlt_noprior_noprior_esp001_ex	N573	10X_down
1181	19	0	300	0.2	1.0	population_size_change	phlag_dto_eap01_ena4_esp001	N573	10X_down
684	516	249	51	0.2	1.0	population_size_change	phlag_dto_noprior_noprior_free_ex	N573	10X_down
1181	19	0	300	0.2	1.0	population_size_change	phlag_dto_eap01_ena4_esp005_ex	N573	10X_down
1181	19	0	300	0.2	1.0	population_size_change	phlag_dto_eap005_ena2_esp001_ex	N573	10X_down
1181	19	0	300	0.2	1.0	population_size_change	phlag_dto_eap01_ena4_rev001_ex	N573	10X_down
1181	19	0	300	0.2	1.0	population_size_change	phlag_dto_eap01_ena4_esp001_ex	N573	10X_down
1420	50	30	0	0.02	1.0	population_size_change	phlag_mlt_eap01_ena4_esp010_ex	N274	10X_down
1330	140	16	14	0.02	1.0	population_size_change	phlag_dto_eap01_ena4_free_ex	N274	10X_down
1319	151	0	30	0.02	1.0	population_size_change	phlag_mlt_eap01_ena4_free_ex	N274	10X_down
1414	56	30	0	0.02	1.0	population_size_change	phlag_mlt_eap01_ena4_esp001_ex	N274	10X_down
1191	279	30	0	0.02	1.0	population_size_change	phlag_dto_eap01_ena4_rev0001_ex	N274	10X_down
1420	50	30	0	0.02	1.0	population_size_change	phlag_mlt_eap01_ena4_esp005_ex	N274	10X_down
1414	56	30	0	0.02	1.0	population_size_change	phlag_mlt_noprior_noprior_esp001_ex	N274	10X_down
1470	0	30	0	0.02	1.0	population_size_change	phlag_dto_eap01_ena4_esp001	N274	10X_down
1098	372	28	2	0.02	1.0	population_size_change	phlag_dto_noprior_noprior_free_ex	N274	10X_down
1254	216	30	0	0.02	1.0	population_size_change	phlag_dto_eap01_ena4_esp005_ex	N274	10X_down
1191	279	30	0	0.02	1.0	population_size_change	phlag_dto_eap005_ena2_esp001_ex	N274	10X_down
1039	431	0	30	0.02	1.0	population_size_change	phlag_dto_eap01_ena4_rev001_ex	N274	10X_down
1191	279	30	0	0.02	1.0	population_size_change	phlag_dto_eap01_ena4_esp001_ex	N274	10X_down
1411	59	30	0	0.02	1.0	population_size_change	phlag_mlt_eap01_ena4_esp010_ex	N690	10X_up
1294	176	30	0	0.02	1.0	population_size_change	phlag_dto_eap01_ena4_free_ex	N690	10X_up
1411	59	30	0	0.02	1.0	population_size_change	phlag_mlt_eap01_ena4_free_ex	N690	10X_up
1411	59	30	0	0.02	1.0	population_size_change	phlag_mlt_eap01_ena4_esp001_ex	N690	10X_up
1028	442	30	0	0.02	1.0	population_size_change	phlag_dto_eap01_ena4_rev0001_ex	N690	10X_up
971	499	0	30	0.02	1.0	population_size_change	phlag_mlt_eap01_ena4_esp005_ex	N690	10X_up
1411	59	30	0	0.02	1.0	population_size_change	phlag_mlt_noprior_noprior_esp001_ex	N690	10X_up
1349	121	30	0	0.02	1.0	population_size_change	phlag_dto_eap01_ena4_esp001	N690	10X_up
903	567	21	9	0.02	1.0	population_size_change	phlag_dto_noprior_noprior_free_ex	N690	10X_up
1163	307	2	28	0.02	1.0	population_size_change	phlag_dto_eap01_ena4_esp005_ex	N690	10X_up
843	627	4	26	0.02	1.0	population_size_change	phlag_dto_eap005_ena2_esp001_ex	N690	10X_up
1174	296	30	0	0.02	1.0	population_size_change	phlag_dto_eap01_ena4_rev001_ex	N690	10X_up
843	627	4	26	0.02	1.0	population_size_change	phlag_dto_eap01_ena4_esp001_ex	N690	10X_up
1381	89	30	0	0.02	1.0	population_size_change	phlag_mlt_eap01_ena4_esp010_ex	N118	10X_up
1155	315	30	0	0.02	1.0	population_size_change	phlag_dto_eap01_ena4_free_ex	N118	10X_up
1468	2	30	0	0.02	1.0	population_size_change	phlag_mlt_eap01_ena4_free_ex	N118	10X_up
1344	126	30	0	0.02	1.0	population_size_change	phlag_mlt_eap01_ena4_esp001_ex	N118	10X_up
1189	281	30	0	0.02	1.0	population_size_change	phlag_dto_eap01_ena4_rev0001_ex	N118	10X_up
1345	125	30	0	0.02	1.0	population_size_change	phlag_mlt_eap01_ena4_esp005_ex	N118	10X_up
1344	126	30	0	0.02	1.0	population_size_change	phlag_mlt_noprior_noprior_esp001_ex	N118	10X_up
1101	369	30	0	0.02	1.0	population_size_change	phlag_dto_eap01_ena4_esp001	N118	10X_up
1081	389	23	7	0.02	1.0	population_size_change	phlag_dto_noprior_noprior_free_ex	N118	10X_up
1342	128	30	0	0.02	1.0	population_size_change	phlag_dto_eap01_ena4_esp005_ex	N118	10X_up
1203	267	30	0	0.02	1.0	population_size_change	phlag_dto_eap005_ena2_esp001_ex	N118	10X_up
1470	0	30	0	0.02	1.0	population_size_change	phlag_dto_eap01_ena4_rev001_ex	N118	10X_up
1241	229	30	0	0.02	1.0	population_size_change	phlag_dto_eap01_ena4_esp001_ex	N118	10X_up
1350	0	8	142	0.1	1.0	population_size_change	phlag_mlt_eap01_ena4_esp010_ex	N425	10X_up
1350	0	8	142	0.1	1.0	population_size_change	phlag_dto_eap01_ena4_free_ex	N425	10X_up
1350	0	8	142	0.1	1.0	population_size_change	phlag_mlt_eap01_ena4_free_ex	N425	10X_up
1339	11	0	150	0.1	1.0	population_size_change	phlag_mlt_eap01_ena4_esp001_ex	N425	10X_up
1350	0	8	142	0.1	1.0	population_size_change	phlag_dto_eap01_ena4_rev0001_ex	N425	10X_up
1339	11	0	150	0.1	1.0	population_size_change	phlag_mlt_eap01_ena4_esp005_ex	N425	10X_up
1339	11	0	150	0.1	1.0	population_size_change	phlag_mlt_noprior_noprior_esp001_ex	N425	10X_up
1350	0	8	142	0.1	1.0	population_size_change	phlag_dto_eap01_ena4_esp001	N425	10X_up
1320	30	140	10	0.1	1.0	population_size_change	phlag_dto_noprior_noprior_free_ex	N425	10X_up
1350	0	8	142	0.1	1.0	population_size_change	phlag_dto_eap01_ena4_esp005_ex	N425	10X_up
1350	0	121	29	0.1	1.0	population_size_change	phlag_dto_eap005_ena2_esp001_ex	N425	10X_up
1350	0	8	142	0.1	1.0	population_size_change	phlag_dto_eap01_ena4_rev001_ex	N425	10X_up
1350	0	8	142	0.1	1.0	population_size_change	phlag_dto_eap01_ena4_esp001_ex	N425	10X_up
1227	48	225	0	0.15	1.0	population_size_change	phlag_mlt_eap01_ena4_esp010_ex	N651	10X_down
1274	1	225	0	0.15	1.0	population_size_change	phlag_dto_eap01_ena4_free_ex	N651	10X_down
1275	0	225	0	0.15	1.0	population_size_change	phlag_mlt_eap01_ena4_free_ex	N651	10X_down
1227	48	225	0	0.15	1.0	population_size_change	phlag_mlt_eap01_ena4_esp001_ex	N651	10X_down
1227	48	225	0	0.15	1.0	population_size_change	phlag_dto_eap01_ena4_rev0001_ex	N651	10X_down
1227	48	225	0	0.15	1.0	population_size_change	phlag_mlt_eap01_ena4_esp005_ex	N651	10X_down
1227	48	225	0	0.15	1.0	population_size_change	phlag_mlt_noprior_noprior_esp001_ex	N651	10X_down
1275	0	225	0	0.15	1.0	population_size_change	phlag_dto_eap01_ena4_esp001	N651	10X_down
1209	66	217	8	0.15	1.0	population_size_change	phlag_dto_noprior_noprior_free_ex	N651	10X_down
1227	48	225	0	0.15	1.0	population_size_change	phlag_dto_eap01_ena4_esp005_ex	N651	10X_down
1275	0	225	0	0.15	1.0	population_size_change	phlag_dto_eap005_ena2_esp001_ex	N651	10X_down
1275	0	225	0	0.15	1.0	population_size_change	phlag_dto_eap01_ena4_rev001_ex	N651	10X_down
1227	48	225	0	0.15	1.0	population_size_change	phlag_dto_eap01_ena4_esp001_ex	N651	10X_down
734	466	300	0	0.2	1.0	population_size_change	phlag_mlt_eap01_ena4_esp010_ex	N690	10X_up
1034	166	262	38	0.2	1.0	population_size_change	phlag_dto_eap01_ena4_free_ex	N690	10X_up
1160	40	254	46	0.2	1.0	population_size_change	phlag_mlt_eap01_ena4_free_ex	N690	10X_up
738	462	300	0	0.2	1.0	population_size_change	phlag_mlt_eap01_ena4_esp001_ex	N690	10X_up
609	591	300	0	0.2	1.0	population_size_change	phlag_dto_eap01_ena4_rev0001_ex	N690	10X_up
734	466	300	0	0.2	1.0	population_size_change	phlag_mlt_eap01_ena4_esp005_ex	N690	10X_up
734	466	300	0	0.2	1.0	population_size_change	phlag_mlt_noprior_noprior_esp001_ex	N690	10X_up
1167	33	300	0	0.2	1.0	population_size_change	phlag_dto_eap01_ena4_esp001	N690	10X_up
677	523	190	110	0.2	1.0	population_size_change	phlag_dto_noprior_noprior_free_ex	N690	10X_up
1034	166	262	38	0.2	1.0	population_size_change	phlag_dto_eap01_ena4_esp005_ex	N690	10X_up
655	545	279	21	0.2	1.0	population_size_change	phlag_dto_eap005_ena2_esp001_ex	N690	10X_up
871	329	166	134	0.2	1.0	population_size_change	phlag_dto_eap01_ena4_rev001_ex	N690	10X_up
900	300	254	46	0.2	1.0	population_size_change	phlag_dto_eap01_ena4_esp001_ex	N690	10X_up
1302	48	150	0	0.1	1.0	population_size_change	phlag_mlt_eap01_ena4_esp010_ex	N651	10X_down
1349	1	150	0	0.1	1.0	population_size_change	phlag_dto_eap01_ena4_free_ex	N651	10X_down
1350	0	150	0	0.1	1.0	population_size_change	phlag_mlt_eap01_ena4_free_ex	N651	10X_down
1302	48	150	0	0.1	1.0	population_size_change	phlag_mlt_eap01_ena4_esp001_ex	N651	10X_down
1350	0	150	0	0.1	1.0	population_size_change	phlag_dto_eap01_ena4_rev0001_ex	N651	10X_down
1302	48	150	0	0.1	1.0	population_size_change	phlag_mlt_eap01_ena4_esp005_ex	N651	10X_down
1302	48	150	0	0.1	1.0	population_size_change	phlag_mlt_noprior_noprior_esp001_ex	N651	10X_down
1350	0	150	0	0.1	1.0	population_size_change	phlag_dto_eap01_ena4_esp001	N651	10X_down
1304	46	148	2	0.1	1.0	population_size_change	phlag_dto_noprior_noprior_free_ex	N651	10X_down
1350	0	150	0	0.1	1.0	population_size_change	phlag_dto_eap01_ena4_esp005_ex	N651	10X_down
1302	48	150	0	0.1	1.0	population_size_change	phlag_dto_eap005_ena2_esp001_ex	N651	10X_down
1350	0	150	0	0.1	1.0	population_size_change	phlag_dto_eap01_ena4_rev001_ex	N651	10X_down
1350	0	150	0	0.1	1.0	population_size_change	phlag_dto_eap01_ena4_esp001_ex	N651	10X_down
1125	0	69	306	0.25	1.0	population_size_change	phlag_mlt_eap01_ena4_esp010_ex	Nyctibiidae	10X_up
1125	0	19	356	0.25	1.0	population_size_change	phlag_dto_eap01_ena4_free_ex	Nyctibiidae	10X_up
1125	0	69	306	0.25	1.0	population_size_change	phlag_mlt_eap01_ena4_free_ex	Nyctibiidae	10X_up
1125	0	69	306	0.25	1.0	population_size_change	phlag_mlt_eap01_ena4_esp001_ex	Nyctibiidae	10X_up
1125	0	19	356	0.25	1.0	population_size_change	phlag_dto_eap01_ena4_rev0001_ex	Nyctibiidae	10X_up
1125	0	72	303	0.25	1.0	population_size_change	phlag_mlt_eap01_ena4_esp005_ex	Nyctibiidae	10X_up
1125	0	69	306	0.25	1.0	population_size_change	phlag_mlt_noprior_noprior_esp001_ex	Nyctibiidae	10X_up
1125	0	20	355	0.25	1.0	population_size_change	phlag_dto_eap01_ena4_esp001	Nyctibiidae	10X_up
566	559	190	185	0.25	1.0	population_size_change	phlag_dto_noprior_noprior_free_ex	Nyctibiidae	10X_up
1125	0	19	356	0.25	1.0	population_size_change	phlag_dto_eap01_ena4_esp005_ex	Nyctibiidae	10X_up
1125	0	19	356	0.25	1.0	population_size_change	phlag_dto_eap005_ena2_esp001_ex	Nyctibiidae	10X_up
1125	0	19	356	0.25	1.0	population_size_change	phlag_dto_eap01_ena4_rev001_ex	Nyctibiidae	10X_up
1125	0	19	356	0.25	1.0	population_size_change	phlag_dto_eap01_ena4_esp001_ex	Nyctibiidae	10X_up
1377	48	75	0	0.05	1.0	population_size_change	phlag_mlt_eap01_ena4_esp010_ex	N497	10X_up
1328	97	75	0	0.05	1.0	population_size_change	phlag_dto_eap01_ena4_free_ex	N497	10X_up
1417	8	75	0	0.05	1.0	population_size_change	phlag_mlt_eap01_ena4_free_ex	N497	10X_up
1375	50	75	0	0.05	1.0	population_size_change	phlag_mlt_eap01_ena4_esp001_ex	N497	10X_up
1221	204	75	0	0.05	1.0	population_size_change	phlag_dto_eap01_ena4_rev0001_ex	N497	10X_up
1375	50	75	0	0.05	1.0	population_size_change	phlag_mlt_eap01_ena4_esp005_ex	N497	10X_up
1377	48	75	0	0.05	1.0	population_size_change	phlag_mlt_noprior_noprior_esp001_ex	N497	10X_up
1425	0	75	0	0.05	1.0	population_size_change	phlag_dto_eap01_ena4_esp001	N497	10X_up
759	666	49	26	0.05	1.0	population_size_change	phlag_dto_noprior_noprior_free_ex	N497	10X_up
914	511	75	0	0.05	1.0	population_size_change	phlag_dto_eap01_ena4_esp005_ex	N497	10X_up
1219	206	75	0	0.05	1.0	population_size_change	phlag_dto_eap005_ena2_esp001_ex	N497	10X_up
1212	213	75	0	0.05	1.0	population_size_change	phlag_dto_eap01_ena4_rev001_ex	N497	10X_up
1202	223	75	0	0.05	1.0	population_size_change	phlag_dto_eap01_ena4_esp001_ex	N497	10X_up
989	211	300	0	0.2	1.0	population_size_change	phlag_mlt_eap01_ena4_esp010_ex	N114	10X_down
1199	1	300	0	0.2	1.0	population_size_change	phlag_dto_eap01_ena4_free_ex	N114	10X_down
1200	0	300	0	0.2	1.0	population_size_change	phlag_mlt_eap01_ena4_free_ex	N114	10X_down
989	211	300	0	0.2	1.0	population_size_change	phlag_mlt_eap01_ena4_esp001_ex	N114	10X_down
1200	0	300	0	0.2	1.0	population_size_change	phlag_dto_eap01_ena4_rev0001_ex	N114	10X_down
1200	0	300	0	0.2	1.0	population_size_change	phlag_mlt_eap01_ena4_esp005_ex	N114	10X_down
1010	190	300	0	0.2	1.0	population_size_change	phlag_mlt_noprior_noprior_esp001_ex	N114	10X_down
1136	64	300	0	0.2	1.0	population_size_change	phlag_dto_eap01_ena4_esp001	N114	10X_down
607	593	152	148	0.2	1.0	population_size_change	phlag_dto_noprior_noprior_free_ex	N114	10X_down
1200	0	300	0	0.2	1.0	population_size_change	phlag_dto_eap01_ena4_esp005_ex	N114	10X_down
1200	0	300	0	0.2	1.0	population_size_change	phlag_dto_eap005_ena2_esp001_ex	N114	10X_down
1200	0	300	0	0.2	1.0	population_size_change	phlag_dto_eap01_ena4_rev001_ex	N114	10X_down
1200	0	300	0	0.2	1.0	population_size_change	phlag_dto_eap01_ena4_esp001_ex	N114	10X_down
1275	0	1	224	0.15	1.0	population_size_change	phlag_mlt_eap01_ena4_esp010_ex	N399	10X_up
1275	0	225	0	0.15	1.0	population_size_change	phlag_dto_eap01_ena4_free_ex	N399	10X_up
1275	0	225	0	0.15	1.0	population_size_change	phlag_mlt_eap01_ena4_free_ex	N399	10X_up
1275	0	1	224	0.15	1.0	population_size_change	phlag_mlt_eap01_ena4_esp001_ex	N399	10X_up
1273	2	1	224	0.15	1.0	population_size_change	phlag_dto_eap01_ena4_rev0001_ex	N399	10X_up
1275	0	1	224	0.15	1.0	population_size_change	phlag_mlt_eap01_ena4_esp005_ex	N399	10X_up
1275	0	1	224	0.15	1.0	population_size_change	phlag_mlt_noprior_noprior_esp001_ex	N399	10X_up
1275	0	2	223	0.15	1.0	population_size_change	phlag_dto_eap01_ena4_esp001	N399	10X_up
650	625	116	109	0.15	1.0	population_size_change	phlag_dto_noprior_noprior_free_ex	N399	10X_up
1273	2	1	224	0.15	1.0	population_size_change	phlag_dto_eap01_ena4_esp005_ex	N399	10X_up
1273	2	1	224	0.15	1.0	population_size_change	phlag_dto_eap005_ena2_esp001_ex	N399	10X_up
1275	0	225	0	0.15	1.0	population_size_change	phlag_dto_eap01_ena4_rev001_ex	N399	10X_up
1273	2	1	224	0.15	1.0	population_size_change	phlag_dto_eap01_ena4_esp001_ex	N399	10X_up
1470	0	30	0	0.02	1.0	population_size_change	phlag_mlt_eap01_ena4_esp010_ex	N714	10X_up
1467	3	30	0	0.02	1.0	population_size_change	phlag_dto_eap01_ena4_free_ex	N714	10X_up
1470	0	30	0	0.02	1.0	population_size_change	phlag_mlt_eap01_ena4_free_ex	N714	10X_up
1470	0	30	0	0.02	1.0	population_size_change	phlag_mlt_eap01_ena4_esp001_ex	N714	10X_up
1467	3	30	0	0.02	1.0	population_size_change	phlag_dto_eap01_ena4_rev0001_ex	N714	10X_up
1416	54	30	0	0.02	1.0	population_size_change	phlag_mlt_eap01_ena4_esp005_ex	N714	10X_up
1233	237	0	30	0.02	1.0	population_size_change	phlag_mlt_noprior_noprior_esp001_ex	N714	10X_up
1428	42	30	0	0.02	1.0	population_size_change	phlag_dto_eap01_ena4_esp001	N714	10X_up
764	706	16	14	0.02	1.0	population_size_change	phlag_dto_noprior_noprior_free_ex	N714	10X_up
1442	28	30	0	0.02	1.0	population_size_change	phlag_dto_eap01_ena4_esp005_ex	N714	10X_up
1467	3	30	0	0.02	1.0	population_size_change	phlag_dto_eap005_ena2_esp001_ex	N714	10X_up
1465	5	30	0	0.02	1.0	population_size_change	phlag_dto_eap01_ena4_rev001_ex	N714	10X_up
1467	3	30	0	0.02	1.0	population_size_change	phlag_dto_eap01_ena4_esp001_ex	N714	10X_up
1107	168	225	0	0.15	1.0	population_size_change	phlag_mlt_eap01_ena4_esp010_ex	N532	10X_down
1120	155	0	225	0.15	1.0	population_size_change	phlag_dto_eap01_ena4_free_ex	N532	10X_down
1271	4	225	0	0.15	1.0	population_size_change	phlag_mlt_eap01_ena4_free_ex	N532	10X_down
1113	162	0	225	0.15	1.0	population_size_change	phlag_mlt_eap01_ena4_esp001_ex	N532	10X_down
1120	155	0	225	0.15	1.0	population_size_change	phlag_dto_eap01_ena4_rev0001_ex	N532	10X_down
1129	146	225	0	0.15	1.0	population_size_change	phlag_mlt_eap01_ena4_esp005_ex	N532	10X_down
1129	146	225	0	0.15	1.0	population_size_change	phlag_mlt_noprior_noprior_esp001_ex	N532	10X_down
1228	47	1	224	0.15	1.0	population_size_change	phlag_dto_eap01_ena4_esp001	N532	10X_down
1111	164	218	7	0.15	1.0	population_size_change	phlag_dto_noprior_noprior_free_ex	N532	10X_down
1121	154	0	225	0.15	1.0	population_size_change	phlag_dto_eap01_ena4_esp005_ex	N532	10X_down
1121	154	0	225	0.15	1.0	population_size_change	phlag_dto_eap005_ena2_esp001_ex	N532	10X_down
1068	207	225	0	0.15	1.0	population_size_change	phlag_dto_eap01_ena4_rev001_ex	N532	10X_down
1051	224	0	225	0.15	1.0	population_size_change	phlag_dto_eap01_ena4_esp001_ex	N532	10X_down
671	529	282	18	0.2	1.0	population_size_change	phlag_mlt_eap01_ena4_esp010_ex	N497	10X_up
1133	67	300	0	0.2	1.0	population_size_change	phlag_dto_eap01_ena4_free_ex	N497	10X_up
1192	8	300	0	0.2	1.0	population_size_change	phlag_mlt_eap01_ena4_free_ex	N497	10X_up
1186	14	300	0	0.2	1.0	population_size_change	phlag_mlt_eap01_ena4_esp001_ex	N497	10X_up
721	479	161	139	0.2	1.0	population_size_change	phlag_dto_eap01_ena4_rev0001_ex	N497	10X_up
1186	14	300	0	0.2	1.0	population_size_change	phlag_mlt_eap01_ena4_esp005_ex	N497	10X_up
1186	14	300	0	0.2	1.0	population_size_change	phlag_mlt_noprior_noprior_esp001_ex	N497	10X_up
1200	0	300	0	0.2	1.0	population_size_change	phlag_dto_eap01_ena4_esp001	N497	10X_up
746	454	207	93	0.2	1.0	population_size_change	phlag_dto_noprior_noprior_free_ex	N497	10X_up
877	323	282	18	0.2	1.0	population_size_change	phlag_dto_eap01_ena4_esp005_ex	N497	10X_up
878	322	282	18	0.2	1.0	population_size_change	phlag_dto_eap005_ena2_esp001_ex	N497	10X_up
940	260	164	136	0.2	1.0	population_size_change	phlag_dto_eap01_ena4_rev001_ex	N497	10X_up
878	322	282	18	0.2	1.0	population_size_change	phlag_dto_eap01_ena4_esp001_ex	N497	10X_up
529	671	298	2	0.2	1.0	population_size_change	phlag_mlt_eap01_ena4_esp010_ex	N186	10X_down
1197	3	300	0	0.2	1.0	population_size_change	phlag_dto_eap01_ena4_free_ex	N186	10X_down
550	650	228	72	0.2	1.0	population_size_change	phlag_mlt_eap01_ena4_free_ex	N186	10X_down
799	401	300	0	0.2	1.0	population_size_change	phlag_mlt_eap01_ena4_esp001_ex	N186	10X_down
527	673	236	64	0.2	1.0	population_size_change	phlag_dto_eap01_ena4_rev0001_ex	N186	10X_down
1181	19	273	27	0.2	1.0	population_size_change	phlag_mlt_eap01_ena4_esp005_ex	N186	10X_down
1157	43	300	0	0.2	1.0	population_size_change	phlag_mlt_noprior_noprior_esp001_ex	N186	10X_down
1200	0	300	0	0.2	1.0	population_size_change	phlag_dto_eap01_ena4_esp001	N186	10X_down
1057	143	256	44	0.2	1.0	population_size_change	phlag_dto_noprior_noprior_free_ex	N186	10X_down
909	291	300	0	0.2	1.0	population_size_change	phlag_dto_eap01_ena4_esp005_ex	N186	10X_down
1157	43	300	0	0.2	1.0	population_size_change	phlag_dto_eap005_ena2_esp001_ex	N186	10X_down
1107	93	293	7	0.2	1.0	population_size_change	phlag_dto_eap01_ena4_rev001_ex	N186	10X_down
912	288	300	0	0.2	1.0	population_size_change	phlag_dto_eap01_ena4_esp001_ex	N186	10X_down
1125	0	3	372	0.25	1.0	population_size_change	phlag_mlt_eap01_ena4_esp010_ex	N617	10X_up
1125	0	3	372	0.25	1.0	population_size_change	phlag_dto_eap01_ena4_free_ex	N617	10X_up
1122	3	375	0	0.25	1.0	population_size_change	phlag_mlt_eap01_ena4_free_ex	N617	10X_up
1125	0	3	372	0.25	1.0	population_size_change	phlag_mlt_eap01_ena4_esp001_ex	N617	10X_up
1125	0	3	372	0.25	1.0	population_size_change	phlag_dto_eap01_ena4_rev0001_ex	N617	10X_up
1125	0	3	372	0.25	1.0	population_size_change	phlag_mlt_eap01_ena4_esp005_ex	N617	10X_up
1125	0	3	372	0.25	1.0	population_size_change	phlag_mlt_noprior_noprior_esp001_ex	N617	10X_up
1125	0	14	361	0.25	1.0	population_size_change	phlag_dto_eap01_ena4_esp001	N617	10X_up
1125	0	3	372	0.25	1.0	population_size_change	phlag_dto_noprior_noprior_free_ex	N617	10X_up
1125	0	3	372	0.25	1.0	population_size_change	phlag_dto_eap01_ena4_esp005_ex	N617	10X_up
1125	0	3	372	0.25	1.0	population_size_change	phlag_dto_eap005_ena2_esp001_ex	N617	10X_up
1125	0	3	372	0.25	1.0	population_size_change	phlag_dto_eap01_ena4_rev001_ex	N617	10X_up
1125	0	3	372	0.25	1.0	population_size_change	phlag_dto_eap01_ena4_esp001_ex	N617	10X_up
1439	31	30	0	0.02	1.0	population_size_change	phlag_mlt_eap01_ena4_esp010_ex	N544	10X_up
1453	17	23	7	0.02	1.0	population_size_change	phlag_dto_eap01_ena4_free_ex	N544	10X_up
1439	31	30	0	0.02	1.0	population_size_change	phlag_mlt_eap01_ena4_free_ex	N544	10X_up
1439	31	30	0	0.02	1.0	population_size_change	phlag_mlt_eap01_ena4_esp001_ex	N544	10X_up
1272	198	30	0	0.02	1.0	population_size_change	phlag_dto_eap01_ena4_rev0001_ex	N544	10X_up
1470	0	30	0	0.02	1.0	population_size_change	phlag_mlt_eap01_ena4_esp005_ex	N544	10X_up
1439	31	30	0	0.02	1.0	population_size_change	phlag_mlt_noprior_noprior_esp001_ex	N544	10X_up
1401	69	30	0	0.02	1.0	population_size_change	phlag_dto_eap01_ena4_esp001	N544	10X_up
1067	403	15	15	0.02	1.0	population_size_change	phlag_dto_noprior_noprior_free_ex	N544	10X_up
1439	31	30	0	0.02	1.0	population_size_change	phlag_dto_eap01_ena4_esp005_ex	N544	10X_up
1269	201	30	0	0.02	1.0	population_size_change	phlag_dto_eap005_ena2_esp001_ex	N544	10X_up
1451	19	30	0	0.02	1.0	population_size_change	phlag_dto_eap01_ena4_rev001_ex	N544	10X_up
1272	198	30	0	0.02	1.0	population_size_change	phlag_dto_eap01_ena4_esp001_ex	N544	10X_up
1139	211	150	0	0.1	1.0	population_size_change	phlag_mlt_eap01_ena4_esp010_ex	N114	10X_down
1350	0	150	0	0.1	1.0	population_size_change	phlag_dto_eap01_ena4_free_ex	N114	10X_down
1350	0	150	0	0.1	1.0	population_size_change	phlag_mlt_eap01_ena4_free_ex	N114	10X_down
755	595	150	0	0.1	1.0	population_size_change	phlag_mlt_eap01_ena4_esp001_ex	N114	10X_down
1350	0	150	0	0.1	1.0	population_size_change	phlag_dto_eap01_ena4_rev0001_ex	N114	10X_down
1350	0	150	0	0.1	1.0	population_size_change	phlag_mlt_eap01_ena4_esp005_ex	N114	10X_down
1160	190	150	0	0.1	1.0	population_size_change	phlag_mlt_noprior_noprior_esp001_ex	N114	10X_down
1286	64	150	0	0.1	1.0	population_size_change	phlag_dto_eap01_ena4_esp001	N114	10X_down
682	668	75	75	0.1	1.0	population_size_change	phlag_dto_noprior_noprior_free_ex	N114	10X_down
1350	0	150	0	0.1	1.0	population_size_change	phlag_dto_eap01_ena4_esp005_ex	N114	10X_down
1350	0	150	0	0.1	1.0	population_size_change	phlag_dto_eap005_ena2_esp001_ex	N114	10X_down
1350	0	150	0	0.1	1.0	population_size_change	phlag_dto_eap01_ena4_rev001_ex	N114	10X_down
1350	0	150	0	0.1	1.0	population_size_change	phlag_dto_eap01_ena4_esp001_ex	N114	10X_down
1307	43	150	0	0.1	1.0	population_size_change	phlag_mlt_eap01_ena4_esp010_ex	N497	10X_up
1241	109	150	0	0.1	1.0	population_size_change	phlag_dto_eap01_ena4_free_ex	N497	10X_up
1342	8	150	0	0.1	1.0	population_size_change	phlag_mlt_eap01_ena4_free_ex	N497	10X_up
1314	36	150	0	0.1	1.0	population_size_change	phlag_mlt_eap01_ena4_esp001_ex	N497	10X_up
788	562	0	150	0.1	1.0	population_size_change	phlag_dto_eap01_ena4_rev0001_ex	N497	10X_up
1308	42	150	0	0.1	1.0	population_size_change	phlag_mlt_eap01_ena4_esp005_ex	N497	10X_up
1307	43	150	0	0.1	1.0	population_size_change	phlag_mlt_noprior_noprior_esp001_ex	N497	10X_up
1350	0	150	0	0.1	1.0	population_size_change	phlag_dto_eap01_ena4_esp001	N497	10X_up
815	535	103	47	0.1	1.0	population_size_change	phlag_dto_noprior_noprior_free_ex	N497	10X_up
902	448	150	0	0.1	1.0	population_size_change	phlag_dto_eap01_ena4_esp005_ex	N497	10X_up
788	562	0	150	0.1	1.0	population_size_change	phlag_dto_eap005_ena2_esp001_ex	N497	10X_up
1140	210	150	0	0.1	1.0	population_size_change	phlag_dto_eap01_ena4_rev001_ex	N497	10X_up
847	503	150	0	0.1	1.0	population_size_change	phlag_dto_eap01_ena4_esp001_ex	N497	10X_up
970	155	0	375	0.25	1.0	population_size_change	phlag_mlt_eap01_ena4_esp010_ex	N616	10X_up
1121	4	375	0	0.25	1.0	population_size_change	phlag_dto_eap01_ena4_free_ex	N616	10X_up
1121	4	375	0	0.25	1.0	population_size_change	phlag_mlt_eap01_ena4_free_ex	N616	10X_up
700	425	375	0	0.25	1.0	population_size_change	phlag_mlt_eap01_ena4_esp001_ex	N616	10X_up
1057	68	247	128	0.25	1.0	population_size_change	phlag_dto_eap01_ena4_rev0001_ex	N616	10X_up
969	156	0	375	0.25	1.0	population_size_change	phlag_mlt_eap01_ena4_esp005_ex	N616	10X_up
700	425	375	0	0.25	1.0	population_size_change	phlag_mlt_noprior_noprior_esp001_ex	N616	10X_up
1065	60	0	375	0.25	1.0	population_size_change	phlag_dto_eap01_ena4_esp001	N616	10X_up
844	281	307	68	0.25	1.0	population_size_change	phlag_dto_noprior_noprior_free_ex	N616	10X_up
872	253	54	321	0.25	1.0	population_size_change	phlag_dto_eap01_ena4_esp005_ex	N616	10X_up
704	421	375	0	0.25	1.0	population_size_change	phlag_dto_eap005_ena2_esp001_ex	N616	10X_up
1019	106	375	0	0.25	1.0	population_size_change	phlag_dto_eap01_ena4_rev001_ex	N616	10X_up
1120	5	375	0	0.25	1.0	population_size_change	phlag_dto_eap01_ena4_esp001_ex	N616	10X_up
385	740	375	0	0.25	1.0	population_size_change	phlag_mlt_eap01_ena4_esp010_ex	N620	10X_up
1018	107	334	41	0.25	1.0	population_size_change	phlag_dto_eap01_ena4_free_ex	N620	10X_up
1095	30	375	0	0.25	1.0	population_size_change	phlag_mlt_eap01_ena4_free_ex	N620	10X_up
1063	62	310	65	0.25	1.0	population_size_change	phlag_mlt_eap01_ena4_esp001_ex	N620	10X_up
1007	118	375	0	0.25	1.0	population_size_change	phlag_dto_eap01_ena4_rev0001_ex	N620	10X_up
1062	63	282	93	0.25	1.0	population_size_change	phlag_mlt_eap01_ena4_esp005_ex	N620	10X_up
1063	62	282	93	0.25	1.0	population_size_change	phlag_mlt_noprior_noprior_esp001_ex	N620	10X_up
790	335	375	0	0.25	1.0	population_size_change	phlag_dto_eap01_ena4_esp001	N620	10X_up
565	560	192	183	0.25	1.0	population_size_change	phlag_dto_noprior_noprior_free_ex	N620	10X_up
957	168	291	84	0.25	1.0	population_size_change	phlag_dto_eap01_ena4_esp005_ex	N620	10X_up
967	158	175	200	0.25	1.0	population_size_change	phlag_dto_eap005_ena2_esp001_ex	N620	10X_up
959	166	354	21	0.25	1.0	population_size_change	phlag_dto_eap01_ena4_rev001_ex	N620	10X_up
385	740	375	0	0.25	1.0	population_size_change	phlag_dto_eap01_ena4_esp001_ex	N620	10X_up
801	324	365	10	0.25	1.0	population_size_change	phlag_mlt_eap01_ena4_esp010_ex	Accipitriformes	10X_up
1088	37	375	0	0.25	1.0	population_size_change	phlag_dto_eap01_ena4_free_ex	Accipitriformes	10X_up
1085	40	361	14	0.25	1.0	population_size_change	phlag_mlt_eap01_ena4_free_ex	Accipitriformes	10X_up
1046	79	7	368	0.25	1.0	population_size_change	phlag_mlt_eap01_ena4_esp001_ex	Accipitriformes	10X_up
910	215	12	363	0.25	1.0	population_size_change	phlag_dto_eap01_ena4_rev0001_ex	Accipitriformes	10X_up
832	293	375	0	0.25	1.0	population_size_change	phlag_mlt_eap01_ena4_esp005_ex	Accipitriformes	10X_up
1046	79	7	368	0.25	1.0	population_size_change	phlag_mlt_noprior_noprior_esp001_ex	Accipitriformes	10X_up
1087	38	104	271	0.25	1.0	population_size_change	phlag_dto_eap01_ena4_esp001	Accipitriformes	10X_up
641	484	227	148	0.25	1.0	population_size_change	phlag_dto_noprior_noprior_free_ex	Accipitriformes	10X_up
910	215	12	363	0.25	1.0	population_size_change	phlag_dto_eap01_ena4_esp005_ex	Accipitriformes	10X_up
771	354	365	10	0.25	1.0	population_size_change	phlag_dto_eap005_ena2_esp001_ex	Accipitriformes	10X_up
553	572	370	5	0.25	1.0	population_size_change	phlag_dto_eap01_ena4_rev001_ex	Accipitriformes	10X_up
553	572	363	12	0.25	1.0	population_size_change	phlag_dto_eap01_ena4_esp001_ex	Accipitriformes	10X_up
973	497	30	0	0.02	1.0	population_size_change	phlag_mlt_eap01_ena4_esp010_ex	N498	10X_down
1173	297	30	0	0.02	1.0	population_size_change	phlag_dto_eap01_ena4_free_ex	N498	10X_down
1321	149	30	0	0.02	1.0	population_size_change	phlag_mlt_eap01_ena4_free_ex	N498	10X_down
973	497	30	0	0.02	1.0	population_size_change	phlag_mlt_eap01_ena4_esp001_ex	N498	10X_down
1269	201	30	0	0.02	1.0	population_size_change	phlag_dto_eap01_ena4_rev0001_ex	N498	10X_down
973	497	30	0	0.02	1.0	population_size_change	phlag_mlt_eap01_ena4_esp005_ex	N498	10X_down
973	497	30	0	0.02	1.0	population_size_change	phlag_mlt_noprior_noprior_esp001_ex	N498	10X_down
1280	190	30	0	0.02	1.0	population_size_change	phlag_dto_eap01_ena4_esp001	N498	10X_down
1096	374	20	10	0.02	1.0	population_size_change	phlag_dto_noprior_noprior_free_ex	N498	10X_down
1169	301	30	0	0.02	1.0	population_size_change	phlag_dto_eap01_ena4_esp005_ex	N498	10X_down
1275	195	30	0	0.02	1.0	population_size_change	phlag_dto_eap005_ena2_esp001_ex	N498	10X_down
1203	267	30	0	0.02	1.0	population_size_change	phlag_dto_eap01_ena4_rev001_ex	N498	10X_down
854	616	30	0	0.02	1.0	population_size_change	phlag_dto_eap01_ena4_esp001_ex	N498	10X_down
1307	43	0	150	0.1	1.0	population_size_change	phlag_mlt_eap01_ena4_esp010_ex	N717	10X_down
1343	7	0	150	0.1	1.0	population_size_change	phlag_dto_eap01_ena4_free_ex	N717	10X_down
1350	0	150	0	0.1	1.0	population_size_change	phlag_mlt_eap01_ena4_free_ex	N717	10X_down
1307	43	0	150	0.1	1.0	population_size_change	phlag_mlt_eap01_ena4_esp001_ex	N717	10X_down
1343	7	0	150	0.1	1.0	population_size_change	phlag_dto_eap01_ena4_rev0001_ex	N717	10X_down
1309	41	0	150	0.1	1.0	population_size_change	phlag_mlt_eap01_ena4_esp005_ex	N717	10X_down
1307	43	0	150	0.1	1.0	population_size_change	phlag_mlt_noprior_noprior_esp001_ex	N717	10X_down
1343	7	0	150	0.1	1.0	population_size_change	phlag_dto_eap01_ena4_esp001	N717	10X_down
747	603	23	127	0.1	1.0	population_size_change	phlag_dto_noprior_noprior_free_ex	N717	10X_down
1350	0	13	137	0.1	1.0	population_size_change	phlag_dto_eap01_ena4_esp005_ex	N717	10X_down
1343	7	0	150	0.1	1.0	population_size_change	phlag_dto_eap005_ena2_esp001_ex	N717	10X_down
1350	0	150	0	0.1	1.0	population_size_change	phlag_dto_eap01_ena4_rev001_ex	N717	10X_down
1343	7	0	150	0.1	1.0	population_size_change	phlag_dto_eap01_ena4_esp001_ex	N717	10X_down
1125	0	49	326	0.25	1.0	population_size_change	phlag_mlt_eap01_ena4_esp010_ex	N709	10X_up
1125	0	37	338	0.25	1.0	population_size_change	phlag_dto_eap01_ena4_free_ex	N709	10X_up
1125	0	49	326	0.25	1.0	population_size_change	phlag_mlt_eap01_ena4_free_ex	N709	10X_up
1125	0	49	326	0.25	1.0	population_size_change	phlag_mlt_eap01_ena4_esp001_ex	N709	10X_up
1125	0	55	320	0.25	1.0	population_size_change	phlag_dto_eap01_ena4_rev0001_ex	N709	10X_up
1125	0	49	326	0.25	1.0	population_size_change	phlag_mlt_eap01_ena4_esp005_ex	N709	10X_up
1125	0	49	326	0.25	1.0	population_size_change	phlag_mlt_noprior_noprior_esp001_ex	N709	10X_up
1125	0	133	242	0.25	1.0	population_size_change	phlag_dto_eap01_ena4_esp001	N709	10X_up
564	561	192	183	0.25	1.0	population_size_change	phlag_dto_noprior_noprior_free_ex	N709	10X_up
1125	0	55	320	0.25	1.0	population_size_change	phlag_dto_eap01_ena4_esp005_ex	N709	10X_up
1125	0	37	338	0.25	1.0	population_size_change	phlag_dto_eap005_ena2_esp001_ex	N709	10X_up
1125	0	37	338	0.25	1.0	population_size_change	phlag_dto_eap01_ena4_rev001_ex	N709	10X_up
1125	0	55	320	0.25	1.0	population_size_change	phlag_dto_eap01_ena4_esp001_ex	N709	10X_up
1193	7	2	298	0.2	1.0	population_size_change	phlag_mlt_eap01_ena4_esp010_ex	N617	10X_up
1200	0	3	297	0.2	1.0	population_size_change	phlag_dto_eap01_ena4_free_ex	N617	10X_up
1197	3	300	0	0.2	1.0	population_size_change	phlag_mlt_eap01_ena4_free_ex	N617	10X_up
1193	7	2	298	0.2	1.0	population_size_change	phlag_mlt_eap01_ena4_esp001_ex	N617	10X_up
1200	0	3	297	0.2	1.0	population_size_change	phlag_dto_eap01_ena4_rev0001_ex	N617	10X_up
1193	7	2	298	0.2	1.0	population_size_change	phlag_mlt_eap01_ena4_esp005_ex	N617	10X_up
1193	7	2	298	0.2	1.0	population_size_change	phlag_mlt_noprior_noprior_esp001_ex	N617	10X_up
1200	0	14	286	0.2	1.0	population_size_change	phlag_dto_eap01_ena4_esp001	N617	10X_up
1200	0	3	297	0.2	1.0	population_size_change	phlag_dto_noprior_noprior_free_ex	N617	10X_up
1200	0	3	297	0.2	1.0	population_size_change	phlag_dto_eap01_ena4_esp005_ex	N617	10X_up
1200	0	3	297	0.2	1.0	population_size_change	phlag_dto_eap005_ena2_esp001_ex	N617	10X_up
1200	0	3	297	0.2	1.0	population_size_change	phlag_dto_eap01_ena4_rev001_ex	N617	10X_up
1200	0	3	297	0.2	1.0	population_size_change	phlag_dto_eap01_ena4_esp001_ex	N617	10X_up
1343	7	150	0	0.1	1.0	population_size_change	phlag_mlt_eap01_ena4_esp010_ex	N716	10X_up
1254	96	146	4	0.1	1.0	population_size_change	phlag_dto_eap01_ena4_free_ex	N716	10X_up
1315	35	150	0	0.1	1.0	population_size_change	phlag_mlt_eap01_ena4_free_ex	N716	10X_up
1343	7	150	0	0.1	1.0	population_size_change	phlag_mlt_eap01_ena4_esp001_ex	N716	10X_up
1350	0	150	0	0.1	1.0	population_size_change	phlag_dto_eap01_ena4_rev0001_ex	N716	10X_up
1297	53	143	7	0.1	1.0	population_size_change	phlag_mlt_eap01_ena4_esp005_ex	N716	10X_up
1343	7	150	0	0.1	1.0	population_size_change	phlag_mlt_noprior_noprior_esp001_ex	N716	10X_up
1107	243	150	0	0.1	1.0	population_size_change	phlag_dto_eap01_ena4_esp001	N716	10X_up
730	620	85	65	0.1	1.0	population_size_change	phlag_dto_noprior_noprior_free_ex	N716	10X_up
1350	0	150	0	0.1	1.0	population_size_change	phlag_dto_eap01_ena4_esp005_ex	N716	10X_up
1350	0	150	0	0.1	1.0	population_size_change	phlag_dto_eap005_ena2_esp001_ex	N716	10X_up
1350	0	150	0	0.1	1.0	population_size_change	phlag_dto_eap01_ena4_rev001_ex	N716	10X_up
1350	0	150	0	0.1	1.0	population_size_change	phlag_dto_eap01_ena4_esp001_ex	N716	10X_up
1340	85	75	0	0.05	1.0	population_size_change	phlag_mlt_eap01_ena4_esp010_ex	N238	10X_up
1000	425	52	23	0.05	1.0	population_size_change	phlag_dto_eap01_ena4_free_ex	N238	10X_up
756	669	0	75	0.05	1.0	population_size_change	phlag_mlt_eap01_ena4_free_ex	N238	10X_up
1425	0	75	0	0.05	1.0	population_size_change	phlag_mlt_eap01_ena4_esp001_ex	N238	10X_up
777	648	0	75	0.05	1.0	population_size_change	phlag_dto_eap01_ena4_rev0001_ex	N238	10X_up
952	473	75	0	0.05	1.0	population_size_change	phlag_mlt_eap01_ena4_esp005_ex	N238	10X_up
952	473	75	0	0.05	1.0	population_size_change	phlag_mlt_noprior_noprior_esp001_ex	N238	10X_up
1425	0	75	0	0.05	1.0	population_size_change	phlag_dto_eap01_ena4_esp001	N238	10X_up
815	610	41	34	0.05	1.0	population_size_change	phlag_dto_noprior_noprior_free_ex	N238	10X_up
865	560	0	75	0.05	1.0	population_size_change	phlag_dto_eap01_ena4_esp005_ex	N238	10X_up
865	560	0	75	0.05	1.0	population_size_change	phlag_dto_eap005_ena2_esp001_ex	N238	10X_up
1425	0	75	0	0.05	1.0	population_size_change	phlag_dto_eap01_ena4_rev001_ex	N238	10X_up
865	560	0	75	0.05	1.0	population_size_change	phlag_dto_eap01_ena4_esp001_ex	N238	10X_up
1240	35	225	0	0.15	1.0	population_size_change	phlag_mlt_eap01_ena4_esp010_ex	N343	10X_down
1274	1	225	0	0.15	1.0	population_size_change	phlag_dto_eap01_ena4_free_ex	N343	10X_down
1240	35	225	0	0.15	1.0	population_size_change	phlag_mlt_eap01_ena4_free_ex	N343	10X_down
1240	35	225	0	0.15	1.0	population_size_change	phlag_mlt_eap01_ena4_esp001_ex	N343	10X_down
1275	0	225	0	0.15	1.0	population_size_change	phlag_dto_eap01_ena4_rev0001_ex	N343	10X_down
1240	35	225	0	0.15	1.0	population_size_change	phlag_mlt_eap01_ena4_esp005_ex	N343	10X_down
1240	35	225	0	0.15	1.0	population_size_change	phlag_mlt_noprior_noprior_esp001_ex	N343	10X_down
1275	0	225	0	0.15	1.0	population_size_change	phlag_dto_eap01_ena4_esp001	N343	10X_down
706	569	119	106	0.15	1.0	population_size_change	phlag_dto_noprior_noprior_free_ex	N343	10X_down
1240	35	225	0	0.15	1.0	population_size_change	phlag_dto_eap01_ena4_esp005_ex	N343	10X_down
1275	0	225	0	0.15	1.0	population_size_change	phlag_dto_eap005_ena2_esp001_ex	N343	10X_down
1274	1	225	0	0.15	1.0	population_size_change	phlag_dto_eap01_ena4_rev001_ex	N343	10X_down
1275	0	225	0	0.15	1.0	population_size_change	phlag_dto_eap01_ena4_esp001_ex	N343	10X_down
1228	197	8	67	0.05	1.0	population_size_change	phlag_mlt_eap01_ena4_esp010_ex	N159	10X_up
1395	30	75	0	0.05	1.0	population_size_change	phlag_dto_eap01_ena4_free_ex	N159	10X_up
1424	1	75	0	0.05	1.0	population_size_change	phlag_mlt_eap01_ena4_free_ex	N159	10X_up
1228	197	8	67	0.05	1.0	population_size_change	phlag_mlt_eap01_ena4_esp001_ex	N159	10X_up
1011	414	75	0	0.05	1.0	population_size_change	phlag_dto_eap01_ena4_rev0001_ex	N159	10X_up
1228	197	8	67	0.05	1.0	population_size_change	phlag_mlt_eap01_ena4_esp005_ex	N159	10X_up
1228	197	8	67	0.05	1.0	population_size_change	phlag_mlt_noprior_noprior_esp001_ex	N159	10X_up
1423	2	7	68	0.05	1.0	population_size_change	phlag_dto_eap01_ena4_esp001	N159	10X_up
1377	48	74	1	0.05	1.0	population_size_change	phlag_dto_noprior_noprior_free_ex	N159	10X_up
1337	88	75	0	0.05	1.0	population_size_change	phlag_dto_eap01_ena4_esp005_ex	N159	10X_up
1326	99	8	67	0.05	1.0	population_size_change	phlag_dto_eap005_ena2_esp001_ex	N159	10X_up
1410	15	75	0	0.05	1.0	population_size_change	phlag_dto_eap01_ena4_rev001_ex	N159	10X_up
1228	197	8	67	0.05	1.0	population_size_change	phlag_dto_eap01_ena4_esp001_ex	N159	10X_up
1200	0	122	178	0.2	1.0	population_size_change	phlag_mlt_eap01_ena4_esp010_ex	N532	10X_down
1036	164	0	300	0.2	1.0	population_size_change	phlag_dto_eap01_ena4_free_ex	N532	10X_down
1196	4	300	0	0.2	1.0	population_size_change	phlag_mlt_eap01_ena4_free_ex	N532	10X_down
1200	0	122	178	0.2	1.0	population_size_change	phlag_mlt_eap01_ena4_esp001_ex	N532	10X_down
1036	164	0	300	0.2	1.0	population_size_change	phlag_dto_eap01_ena4_rev0001_ex	N532	10X_down
946	254	300	0	0.2	1.0	population_size_change	phlag_mlt_eap01_ena4_esp005_ex	N532	10X_down
1200	0	122	178	0.2	1.0	population_size_change	phlag_mlt_noprior_noprior_esp001_ex	N532	10X_down
1199	1	1	299	0.2	1.0	population_size_change	phlag_dto_eap01_ena4_esp001	N532	10X_down
1060	140	292	8	0.2	1.0	population_size_change	phlag_dto_noprior_noprior_free_ex	N532	10X_down
952	248	0	300	0.2	1.0	population_size_change	phlag_dto_eap01_ena4_esp005_ex	N532	10X_down
688	512	300	0	0.2	1.0	population_size_change	phlag_dto_eap005_ena2_esp001_ex	N532	10X_down
1019	181	300	0	0.2	1.0	population_size_change	phlag_dto_eap01_ena4_rev001_ex	N532	10X_down
1035	165	0	300	0.2	1.0	population_size_change	phlag_dto_eap01_ena4_esp001_ex	N532	10X_down
1370	100	30	0	0.02	1.0	population_size_change	phlag_mlt_eap01_ena4_esp010_ex	N491	10X_down
1395	75	30	0	0.02	1.0	population_size_change	phlag_dto_eap01_ena4_free_ex	N491	10X_down
1255	215	30	0	0.02	1.0	population_size_change	phlag_mlt_eap01_ena4_free_ex	N491	10X_down
1267	203	30	0	0.02	1.0	population_size_change	phlag_mlt_eap01_ena4_esp001_ex	N491	10X_down
1130	340	30	0	0.02	1.0	population_size_change	phlag_dto_eap01_ena4_rev0001_ex	N491	10X_down
1470	0	30	0	0.02	1.0	population_size_change	phlag_mlt_eap01_ena4_esp005_ex	N491	10X_down
1370	100	30	0	0.02	1.0	population_size_change	phlag_mlt_noprior_noprior_esp001_ex	N491	10X_down
1470	0	30	0	0.02	1.0	population_size_change	phlag_dto_eap01_ena4_esp001	N491	10X_down
1377	93	30	0	0.02	1.0	population_size_change	phlag_dto_noprior_noprior_free_ex	N491	10X_down
1133	337	30	0	0.02	1.0	population_size_change	phlag_dto_eap01_ena4_esp005_ex	N491	10X_down
1395	75	30	0	0.02	1.0	population_size_change	phlag_dto_eap005_ena2_esp001_ex	N491	10X_down
1366	104	30	0	0.02	1.0	population_size_change	phlag_dto_eap01_ena4_rev001_ex	N491	10X_down
1392	78	30	0	0.02	1.0	population_size_change	phlag_dto_eap01_ena4_esp001_ex	N491	10X_down
1250	100	150	0	0.1	1.0	population_size_change	phlag_mlt_eap01_ena4_esp010_ex	N491	10X_down
1275	75	150	0	0.1	1.0	population_size_change	phlag_dto_eap01_ena4_free_ex	N491	10X_down
1250	100	150	0	0.1	1.0	population_size_change	phlag_mlt_eap01_ena4_free_ex	N491	10X_down
1250	100	150	0	0.1	1.0	population_size_change	phlag_mlt_eap01_ena4_esp001_ex	N491	10X_down
1275	75	150	0	0.1	1.0	population_size_change	phlag_dto_eap01_ena4_rev0001_ex	N491	10X_down
1260	90	150	0	0.1	1.0	population_size_change	phlag_mlt_eap01_ena4_esp005_ex	N491	10X_down
1250	100	150	0	0.1	1.0	population_size_change	phlag_mlt_noprior_noprior_esp001_ex	N491	10X_down
1350	0	150	0	0.1	1.0	population_size_change	phlag_dto_eap01_ena4_esp001	N491	10X_down
803	547	87	63	0.1	1.0	population_size_change	phlag_dto_noprior_noprior_free_ex	N491	10X_down
1006	344	150	0	0.1	1.0	population_size_change	phlag_dto_eap01_ena4_esp005_ex	N491	10X_down
846	504	150	0	0.1	1.0	population_size_change	phlag_dto_eap005_ena2_esp001_ex	N491	10X_down
1296	54	150	0	0.1	1.0	population_size_change	phlag_dto_eap01_ena4_rev001_ex	N491	10X_down
1271	79	150	0	0.1	1.0	population_size_change	phlag_dto_eap01_ena4_esp001_ex	N491	10X_down
1107	168	225	0	0.15	1.0	population_size_change	phlag_mlt_eap01_ena4_esp010_ex	N118	10X_up
1054	221	225	0	0.15	1.0	population_size_change	phlag_dto_eap01_ena4_free_ex	N118	10X_up
1263	12	220	5	0.15	1.0	population_size_change	phlag_mlt_eap01_ena4_free_ex	N118	10X_up
1244	31	225	0	0.15	1.0	population_size_change	phlag_mlt_eap01_ena4_esp001_ex	N118	10X_up
1091	184	182	43	0.15	1.0	population_size_change	phlag_dto_eap01_ena4_rev0001_ex	N118	10X_up
1244	31	225	0	0.15	1.0	population_size_change	phlag_mlt_eap01_ena4_esp005_ex	N118	10X_up
1249	26	220	5	0.15	1.0	population_size_change	phlag_mlt_noprior_noprior_esp001_ex	N118	10X_up
906	369	225	0	0.15	1.0	population_size_change	phlag_dto_eap01_ena4_esp001	N118	10X_up
966	309	177	48	0.15	1.0	population_size_change	phlag_dto_noprior_noprior_free_ex	N118	10X_up
1165	110	204	21	0.15	1.0	population_size_change	phlag_dto_eap01_ena4_esp005_ex	N118	10X_up
1184	91	225	0	0.15	1.0	population_size_change	phlag_dto_eap005_ena2_esp001_ex	N118	10X_up
1275	0	225	0	0.15	1.0	population_size_change	phlag_dto_eap01_ena4_rev001_ex	N118	10X_up
1185	90	225	0	0.15	1.0	population_size_change	phlag_dto_eap01_ena4_esp001_ex	N118	10X_up
1195	5	3	297	0.2	1.0	population_size_change	phlag_mlt_eap01_ena4_esp010_ex	N425	10X_up
1191	9	3	297	0.2	1.0	population_size_change	phlag_dto_eap01_ena4_free_ex	N425	10X_up
1195	5	3	297	0.2	1.0	population_size_change	phlag_mlt_eap01_ena4_free_ex	N425	10X_up
1195	5	3	297	0.2	1.0	population_size_change	phlag_mlt_eap01_ena4_esp001_ex	N425	10X_up
1191	9	3	297	0.2	1.0	population_size_change	phlag_dto_eap01_ena4_rev0001_ex	N425	10X_up
1195	5	3	297	0.2	1.0	population_size_change	phlag_mlt_eap01_ena4_esp005_ex	N425	10X_up
1195	5	3	297	0.2	1.0	population_size_change	phlag_mlt_noprior_noprior_esp001_ex	N425	10X_up
1195	5	3	297	0.2	1.0	population_size_change	phlag_dto_eap01_ena4_esp001	N425	10X_up
603	597	151	149	0.2	1.0	population_size_change	phlag_dto_noprior_noprior_free_ex	N425	10X_up
1191	9	3	297	0.2	1.0	population_size_change	phlag_dto_eap01_ena4_esp005_ex	N425	10X_up
1195	5	3	297	0.2	1.0	population_size_change	phlag_dto_eap005_ena2_esp001_ex	N425	10X_up
1191	9	3	297	0.2	1.0	population_size_change	phlag_dto_eap01_ena4_rev001_ex	N425	10X_up
1191	9	3	297	0.2	1.0	population_size_change	phlag_dto_eap01_ena4_esp001_ex	N425	10X_up
1242	183	75	0	0.05	1.0	population_size_change	phlag_mlt_eap01_ena4_esp010_ex	N679	10X_down
949	476	0	75	0.05	1.0	population_size_change	phlag_dto_eap01_ena4_free_ex	N679	10X_down
1389	36	75	0	0.05	1.0	population_size_change	phlag_mlt_eap01_ena4_free_ex	N679	10X_down
1344	81	75	0	0.05	1.0	population_size_change	phlag_mlt_eap01_ena4_esp001_ex	N679	10X_down
1156	269	75	0	0.05	1.0	population_size_change	phlag_dto_eap01_ena4_rev0001_ex	N679	10X_down
1344	81	75	0	0.05	1.0	population_size_change	phlag_mlt_eap01_ena4_esp005_ex	N679	10X_down
1344	81	75	0	0.05	1.0	population_size_change	phlag_mlt_noprior_noprior_esp001_ex	N679	10X_down
1361	64	75	0	0.05	1.0	population_size_change	phlag_dto_eap01_ena4_esp001	N679	10X_down
1054	371	57	18	0.05	1.0	population_size_change	phlag_dto_noprior_noprior_free_ex	N679	10X_down
1157	268	75	0	0.05	1.0	population_size_change	phlag_dto_eap01_ena4_esp005_ex	N679	10X_down
1307	118	75	0	0.05	1.0	population_size_change	phlag_dto_eap005_ena2_esp001_ex	N679	10X_down
1060	365	75	0	0.05	1.0	population_size_change	phlag_dto_eap01_ena4_rev001_ex	N679	10X_down
1156	269	75	0	0.05	1.0	population_size_change	phlag_dto_eap01_ena4_esp001_ex	N679	10X_down
1343	82	75	0	0.05	1.0	population_size_change	phlag_mlt_eap01_ena4_esp010_ex	N709	10X_up
793	632	26	49	0.05	1.0	population_size_change	phlag_dto_eap01_ena4_free_ex	N709	10X_up
1343	82	75	0	0.05	1.0	population_size_change	phlag_mlt_eap01_ena4_free_ex	N709	10X_up
1425	0	75	0	0.05	1.0	population_size_change	phlag_mlt_eap01_ena4_esp001_ex	N709	10X_up
1061	364	75	0	0.05	1.0	population_size_change	phlag_dto_eap01_ena4_rev0001_ex	N709	10X_up
1356	69	75	0	0.05	1.0	population_size_change	phlag_mlt_eap01_ena4_esp005_ex	N709	10X_up
1204	221	75	0	0.05	1.0	population_size_change	phlag_mlt_noprior_noprior_esp001_ex	N709	10X_up
1328	97	0	75	0.05	1.0	population_size_change	phlag_dto_eap01_ena4_esp001	N709	10X_up
1002	423	39	36	0.05	1.0	population_size_change	phlag_dto_noprior_noprior_free_ex	N709	10X_up
793	632	26	49	0.05	1.0	population_size_change	phlag_dto_eap01_ena4_esp005_ex	N709	10X_up
940	485	26	49	0.05	1.0	population_size_change	phlag_dto_eap005_ena2_esp001_ex	N709	10X_up
871	554	26	49	0.05	1.0	population_size_change	phlag_dto_eap01_ena4_rev001_ex	N709	10X_up
878	547	75	0	0.05	1.0	population_size_change	phlag_dto_eap01_ena4_esp001_ex	N709	10X_up
1361	64	75	0	0.05	1.0	population_size_change	phlag_mlt_eap01_ena4_esp010_ex	N460	10X_down
1411	14	75	0	0.05	1.0	population_size_change	phlag_dto_eap01_ena4_free_ex	N460	10X_down
1330	95	0	75	0.05	1.0	population_size_change	phlag_mlt_eap01_ena4_free_ex	N460	10X_down
1314	111	0	75	0.05	1.0	population_size_change	phlag_mlt_eap01_ena4_esp001_ex	N460	10X_down
694	731	75	0	0.05	1.0	population_size_change	phlag_dto_eap01_ena4_rev0001_ex	N460	10X_down
1314	111	0	75	0.05	1.0	population_size_change	phlag_mlt_eap01_ena4_esp005_ex	N460	10X_down
1361	64	75	0	0.05	1.0	population_size_change	phlag_mlt_noprior_noprior_esp001_ex	N460	10X_down
1425	0	75	0	0.05	1.0	population_size_change	phlag_dto_eap01_ena4_esp001	N460	10X_down
782	643	40	35	0.05	1.0	population_size_change	phlag_dto_noprior_noprior_free_ex	N460	10X_down
1257	168	75	0	0.05	1.0	population_size_change	phlag_dto_eap01_ena4_esp005_ex	N460	10X_down
1425	0	75	0	0.05	1.0	population_size_change	phlag_dto_eap005_ena2_esp001_ex	N460	10X_down
1411	14	75	0	0.05	1.0	population_size_change	phlag_dto_eap01_ena4_rev001_ex	N460	10X_down
1425	0	75	0	0.05	1.0	population_size_change	phlag_dto_eap01_ena4_esp001_ex	N460	10X_down
1425	0	7	68	0.05	1.0	population_size_change	phlag_mlt_eap01_ena4_esp010_ex	N579	10X_up
1425	0	13	62	0.05	1.0	population_size_change	phlag_dto_eap01_ena4_free_ex	N579	10X_up
1425	0	7	68	0.05	1.0	population_size_change	phlag_mlt_eap01_ena4_free_ex	N579	10X_up
1425	0	7	68	0.05	1.0	population_size_change	phlag_mlt_eap01_ena4_esp001_ex	N579	10X_up
1425	0	13	62	0.05	1.0	population_size_change	phlag_dto_eap01_ena4_rev0001_ex	N579	10X_up
1425	0	7	68	0.05	1.0	population_size_change	phlag_mlt_eap01_ena4_esp005_ex	N579	10X_up
1425	0	7	68	0.05	1.0	population_size_change	phlag_mlt_noprior_noprior_esp001_ex	N579	10X_up
1425	0	13	62	0.05	1.0	population_size_change	phlag_dto_eap01_ena4_esp001	N579	10X_up
791	634	47	28	0.05	1.0	population_size_change	phlag_dto_noprior_noprior_free_ex	N579	10X_up
1425	0	13	62	0.05	1.0	population_size_change	phlag_dto_eap01_ena4_esp005_ex	N579	10X_up
1425	0	13	62	0.05	1.0	population_size_change	phlag_dto_eap005_ena2_esp001_ex	N579	10X_up
1425	0	13	62	0.05	1.0	population_size_change	phlag_dto_eap01_ena4_rev001_ex	N579	10X_up
1425	0	13	62	0.05	1.0	population_size_change	phlag_dto_eap01_ena4_esp001_ex	N579	10X_up
1368	102	30	0	0.02	1.0	population_size_change	phlag_mlt_eap01_ena4_esp010_ex	N575	10X_down
1428	42	30	0	0.02	1.0	population_size_change	phlag_dto_eap01_ena4_free_ex	N575	10X_down
1449	21	30	0	0.02	1.0	population_size_change	phlag_mlt_eap01_ena4_free_ex	N575	10X_down
1313	157	30	0	0.02	1.0	population_size_change	phlag_mlt_eap01_ena4_esp001_ex	N575	10X_down
1218	252	30	0	0.02	1.0	population_size_change	phlag_dto_eap01_ena4_rev0001_ex	N575	10X_down
1368	102	30	0	0.02	1.0	population_size_change	phlag_mlt_eap01_ena4_esp005_ex	N575	10X_down
1368	102	30	0	0.02	1.0	population_size_change	phlag_mlt_noprior_noprior_esp001_ex	N575	10X_down
1254	216	3	27	0.02	1.0	population_size_change	phlag_dto_eap01_ena4_esp001	N575	10X_down
1124	346	24	6	0.02	1.0	population_size_change	phlag_dto_noprior_noprior_free_ex	N575	10X_down
1273	197	30	0	0.02	1.0	population_size_change	phlag_dto_eap01_ena4_esp005_ex	N575	10X_down
1063	407	30	0	0.02	1.0	population_size_change	phlag_dto_eap005_ena2_esp001_ex	N575	10X_down
1063	407	30	0	0.02	1.0	population_size_change	phlag_dto_eap01_ena4_rev001_ex	N575	10X_down
1206	264	30	0	0.02	1.0	population_size_change	phlag_dto_eap01_ena4_esp001_ex	N575	10X_down
865	335	0	300	0.2	1.0	population_size_change	phlag_mlt_eap01_ena4_esp010_ex	N709	10X_up
663	537	300	0	0.2	1.0	population_size_change	phlag_dto_eap01_ena4_free_ex	N709	10X_up
1158	42	0	300	0.2	1.0	population_size_change	phlag_mlt_eap01_ena4_free_ex	N709	10X_up
1158	42	0	300	0.2	1.0	population_size_change	phlag_mlt_eap01_ena4_esp001_ex	N709	10X_up
1059	141	0	300	0.2	1.0	population_size_change	phlag_dto_eap01_ena4_rev0001_ex	N709	10X_up
1158	42	0	300	0.2	1.0	population_size_change	phlag_mlt_eap01_ena4_esp005_ex	N709	10X_up
1158	42	0	300	0.2	1.0	population_size_change	phlag_mlt_noprior_noprior_esp001_ex	N709	10X_up
826	374	0	300	0.2	1.0	population_size_change	phlag_dto_eap01_ena4_esp001	N709	10X_up
613	587	150	150	0.2	1.0	population_size_change	phlag_dto_noprior_noprior_free_ex	N709	10X_up
1059	141	0	300	0.2	1.0	population_size_change	phlag_dto_eap01_ena4_esp005_ex	N709	10X_up
934	266	300	0	0.2	1.0	population_size_change	phlag_dto_eap005_ena2_esp001_ex	N709	10X_up
931	269	300	0	0.2	1.0	population_size_change	phlag_dto_eap01_ena4_rev001_ex	N709	10X_up
663	537	300	0	0.2	1.0	population_size_change	phlag_dto_eap01_ena4_esp001_ex	N709	10X_up
1193	232	75	0	0.05	1.0	population_size_change	phlag_mlt_eap01_ena4_esp010_ex	N620	10X_up
1199	226	34	41	0.05	1.0	population_size_change	phlag_dto_eap01_ena4_free_ex	N620	10X_up
1364	61	75	0	0.05	1.0	population_size_change	phlag_mlt_eap01_ena4_free_ex	N620	10X_up
1175	250	75	0	0.05	1.0	population_size_change	phlag_mlt_eap01_ena4_esp001_ex	N620	10X_up
1214	211	34	41	0.05	1.0	population_size_change	phlag_dto_eap01_ena4_rev0001_ex	N620	10X_up
1339	86	75	0	0.05	1.0	population_size_change	phlag_mlt_eap01_ena4_esp005_ex	N620	10X_up
1192	233	75	0	0.05	1.0	population_size_change	phlag_mlt_noprior_noprior_esp001_ex	N620	10X_up
847	578	75	0	0.05	1.0	population_size_change	phlag_dto_eap01_ena4_esp001	N620	10X_up
712	713	38	37	0.05	1.0	population_size_change	phlag_dto_noprior_noprior_free_ex	N620	10X_up
1211	214	37	38	0.05	1.0	population_size_change	phlag_dto_eap01_ena4_esp005_ex	N620	10X_up
1204	221	34	41	0.05	1.0	population_size_change	phlag_dto_eap005_ena2_esp001_ex	N620	10X_up
1353	72	75	0	0.05	1.0	population_size_change	phlag_dto_eap01_ena4_rev001_ex	N620	10X_up
1214	211	34	41	0.05	1.0	population_size_change	phlag_dto_eap01_ena4_esp001_ex	N620	10X_up
1200	0	18	282	0.2	1.0	population_size_change	phlag_mlt_eap01_ena4_esp010_ex	Nyctibiidae	10X_up
1200	0	17	283	0.2	1.0	population_size_change	phlag_dto_eap01_ena4_free_ex	Nyctibiidae	10X_up
1200	0	18	282	0.2	1.0	population_size_change	phlag_mlt_eap01_ena4_free_ex	Nyctibiidae	10X_up
1200	0	18	282	0.2	1.0	population_size_change	phlag_mlt_eap01_ena4_esp001_ex	Nyctibiidae	10X_up
1200	0	17	283	0.2	1.0	population_size_change	phlag_dto_eap01_ena4_rev0001_ex	Nyctibiidae	10X_up
1200	0	18	282	0.2	1.0	population_size_change	phlag_mlt_eap01_ena4_esp005_ex	Nyctibiidae	10X_up
1200	0	18	282	0.2	1.0	population_size_change	phlag_mlt_noprior_noprior_esp001_ex	Nyctibiidae	10X_up
1200	0	18	282	0.2	1.0	population_size_change	phlag_dto_eap01_ena4_esp001	Nyctibiidae	10X_up
602	598	151	149	0.2	1.0	population_size_change	phlag_dto_noprior_noprior_free_ex	Nyctibiidae	10X_up
1200	0	17	283	0.2	1.0	population_size_change	phlag_dto_eap01_ena4_esp005_ex	Nyctibiidae	10X_up
1200	0	17	283	0.2	1.0	population_size_change	phlag_dto_eap005_ena2_esp001_ex	Nyctibiidae	10X_up
1200	0	17	283	0.2	1.0	population_size_change	phlag_dto_eap01_ena4_rev001_ex	Nyctibiidae	10X_up
1200	0	17	283	0.2	1.0	population_size_change	phlag_dto_eap01_ena4_esp001_ex	Nyctibiidae	10X_up
1144	326	0	30	0.02	1.0	population_size_change	phlag_mlt_eap01_ena4_esp010_ex	N119	10X_down
1337	133	30	0	0.02	1.0	population_size_change	phlag_dto_eap01_ena4_free_ex	N119	10X_down
885	585	0	30	0.02	1.0	population_size_change	phlag_mlt_eap01_ena4_free_ex	N119	10X_down
1400	70	0	30	0.02	1.0	population_size_change	phlag_mlt_eap01_ena4_esp001_ex	N119	10X_down
949	521	30	0	0.02	1.0	population_size_change	phlag_dto_eap01_ena4_rev0001_ex	N119	10X_down
1355	115	30	0	0.02	1.0	population_size_change	phlag_mlt_eap01_ena4_esp005_ex	N119	10X_down
1409	61	30	0	0.02	1.0	population_size_change	phlag_mlt_noprior_noprior_esp001_ex	N119	10X_down
1311	159	30	0	0.02	1.0	population_size_change	phlag_dto_eap01_ena4_esp001	N119	10X_down
964	506	16	14	0.02	1.0	population_size_change	phlag_dto_noprior_noprior_free_ex	N119	10X_down
1318	152	30	0	0.02	1.0	population_size_change	phlag_dto_eap01_ena4_esp005_ex	N119	10X_down
1086	384	30	0	0.02	1.0	population_size_change	phlag_dto_eap005_ena2_esp001_ex	N119	10X_down
1179	291	27	3	0.02	1.0	population_size_change	phlag_dto_eap01_ena4_rev001_ex	N119	10X_down
1367	103	0	30	0.02	1.0	population_size_change	phlag_dto_eap01_ena4_esp001_ex	N119	10X_down
1235	40	1	224	0.15	1.0	population_size_change	phlag_mlt_eap01_ena4_esp010_ex	N679	10X_up
1230	45	1	224	0.15	1.0	population_size_change	phlag_dto_eap01_ena4_free_ex	N679	10X_up
1235	40	1	224	0.15	1.0	population_size_change	phlag_mlt_eap01_ena4_free_ex	N679	10X_up
1235	40	1	224	0.15	1.0	population_size_change	phlag_mlt_eap01_ena4_esp001_ex	N679	10X_up
1230	45	1	224	0.15	1.0	population_size_change	phlag_dto_eap01_ena4_rev0001_ex	N679	10X_up
1235	40	1	224	0.15	1.0	population_size_change	phlag_mlt_eap01_ena4_esp005_ex	N679	10X_up
1235	40	1	224	0.15	1.0	population_size_change	phlag_mlt_noprior_noprior_esp001_ex	N679	10X_up
1230	45	1	224	0.15	1.0	population_size_change	phlag_dto_eap01_ena4_esp001	N679	10X_up
942	333	150	75	0.15	1.0	population_size_change	phlag_dto_noprior_noprior_free_ex	N679	10X_up
1230	45	1	224	0.15	1.0	population_size_change	phlag_dto_eap01_ena4_esp005_ex	N679	10X_up
1230	45	1	224	0.15	1.0	population_size_change	phlag_dto_eap005_ena2_esp001_ex	N679	10X_up
1230	45	1	224	0.15	1.0	population_size_change	phlag_dto_eap01_ena4_rev001_ex	N679	10X_up
1230	45	1	224	0.15	1.0	population_size_change	phlag_dto_eap01_ena4_esp001_ex	N679	10X_up
1469	1	1	29	0.02	1.0	population_size_change	phlag_mlt_eap01_ena4_esp010_ex	N399	10X_up
1470	0	30	0	0.02	1.0	population_size_change	phlag_dto_eap01_ena4_free_ex	N399	10X_up
1470	0	30	0	0.02	1.0	population_size_change	phlag_mlt_eap01_ena4_free_ex	N399	10X_up
1202	268	30	0	0.02	1.0	population_size_change	phlag_mlt_eap01_ena4_esp001_ex	N399	10X_up
1464	6	0	30	0.02	1.0	population_size_change	phlag_dto_eap01_ena4_rev0001_ex	N399	10X_up
1202	268	30	0	0.02	1.0	population_size_change	phlag_mlt_eap01_ena4_esp005_ex	N399	10X_up
1469	1	1	29	0.02	1.0	population_size_change	phlag_mlt_noprior_noprior_esp001_ex	N399	10X_up
1465	5	1	29	0.02	1.0	population_size_change	phlag_dto_eap01_ena4_esp001	N399	10X_up
740	730	15	15	0.02	1.0	population_size_change	phlag_dto_noprior_noprior_free_ex	N399	10X_up
1464	6	0	30	0.02	1.0	population_size_change	phlag_dto_eap01_ena4_esp005_ex	N399	10X_up
1464	6	0	30	0.02	1.0	population_size_change	phlag_dto_eap005_ena2_esp001_ex	N399	10X_up
1460	10	26	4	0.02	1.0	population_size_change	phlag_dto_eap01_ena4_rev001_ex	N399	10X_up
1445	25	0	30	0.02	1.0	population_size_change	phlag_dto_eap01_ena4_esp001_ex	N399	10X_up
1200	0	4	296	0.2	1.0	population_size_change	phlag_mlt_eap01_ena4_esp010_ex	N281	10X_up
1200	0	4	296	0.2	1.0	population_size_change	phlag_dto_eap01_ena4_free_ex	N281	10X_up
1200	0	4	296	0.2	1.0	population_size_change	phlag_mlt_eap01_ena4_free_ex	N281	10X_up
1200	0	4	296	0.2	1.0	population_size_change	phlag_mlt_eap01_ena4_esp001_ex	N281	10X_up
1200	0	4	296	0.2	1.0	population_size_change	phlag_dto_eap01_ena4_rev0001_ex	N281	10X_up
1200	0	4	296	0.2	1.0	population_size_change	phlag_mlt_eap01_ena4_esp005_ex	N281	10X_up
1200	0	4	296	0.2	1.0	population_size_change	phlag_mlt_noprior_noprior_esp001_ex	N281	10X_up
1200	0	4	296	0.2	1.0	population_size_change	phlag_dto_eap01_ena4_esp001	N281	10X_up
600	600	150	150	0.2	1.0	population_size_change	phlag_dto_noprior_noprior_free_ex	N281	10X_up
1200	0	4	296	0.2	1.0	population_size_change	phlag_dto_eap01_ena4_esp005_ex	N281	10X_up
1200	0	4	296	0.2	1.0	population_size_change	phlag_dto_eap005_ena2_esp001_ex	N281	10X_up
1200	0	4	296	0.2	1.0	population_size_change	phlag_dto_eap01_ena4_rev001_ex	N281	10X_up
1200	0	4	296	0.2	1.0	population_size_change	phlag_dto_eap01_ena4_esp001_ex	N281	10X_up
1125	0	1	374	0.25	1.0	population_size_change	phlag_mlt_eap01_ena4_esp010_ex	N425	10X_up
1106	19	1	374	0.25	1.0	population_size_change	phlag_dto_eap01_ena4_free_ex	N425	10X_up
1125	0	1	374	0.25	1.0	population_size_change	phlag_mlt_eap01_ena4_free_ex	N425	10X_up
1125	0	1	374	0.25	1.0	population_size_change	phlag_mlt_eap01_ena4_esp001_ex	N425	10X_up
1121	4	1	374	0.25	1.0	population_size_change	phlag_dto_eap01_ena4_rev0001_ex	N425	10X_up
1125	0	1	374	0.25	1.0	population_size_change	phlag_mlt_eap01_ena4_esp005_ex	N425	10X_up
1125	0	1	374	0.25	1.0	population_size_change	phlag_mlt_noprior_noprior_esp001_ex	N425	10X_up
1125	0	1	374	0.25	1.0	population_size_change	phlag_dto_eap01_ena4_esp001	N425	10X_up
565	560	190	185	0.25	1.0	population_size_change	phlag_dto_noprior_noprior_free_ex	N425	10X_up
1121	4	1	374	0.25	1.0	population_size_change	phlag_dto_eap01_ena4_esp005_ex	N425	10X_up
1125	0	1	374	0.25	1.0	population_size_change	phlag_dto_eap005_ena2_esp001_ex	N425	10X_up
1106	19	1	374	0.25	1.0	population_size_change	phlag_dto_eap01_ena4_rev001_ex	N425	10X_up
1121	4	1	374	0.25	1.0	population_size_change	phlag_dto_eap01_ena4_esp001_ex	N425	10X_up
1123	77	300	0	0.2	1.0	population_size_change	phlag_mlt_eap01_ena4_esp010_ex	N238	10X_up
801	399	181	119	0.2	1.0	population_size_change	phlag_dto_eap01_ena4_free_ex	N238	10X_up
933	267	161	139	0.2	1.0	population_size_change	phlag_mlt_eap01_ena4_free_ex	N238	10X_up
1150	50	300	0	0.2	1.0	population_size_change	phlag_mlt_eap01_ena4_esp001_ex	N238	10X_up
680	520	133	167	0.2	1.0	population_size_change	phlag_dto_eap01_ena4_rev0001_ex	N238	10X_up
1123	77	300	0	0.2	1.0	population_size_change	phlag_mlt_eap01_ena4_esp005_ex	N238	10X_up
933	267	161	139	0.2	1.0	population_size_change	phlag_mlt_noprior_noprior_esp001_ex	N238	10X_up
1200	0	300	0	0.2	1.0	population_size_change	phlag_dto_eap01_ena4_esp001	N238	10X_up
677	523	153	147	0.2	1.0	population_size_change	phlag_dto_noprior_noprior_free_ex	N238	10X_up
1013	187	227	73	0.2	1.0	population_size_change	phlag_dto_eap01_ena4_esp005_ex	N238	10X_up
523	677	300	0	0.2	1.0	population_size_change	phlag_dto_eap005_ena2_esp001_ex	N238	10X_up
1200	0	300	0	0.2	1.0	population_size_change	phlag_dto_eap01_ena4_rev001_ex	N238	10X_up
678	522	133	167	0.2	1.0	population_size_change	phlag_dto_eap01_ena4_esp001_ex	N238	10X_up
1261	164	0	75	0.05	1.0	population_size_change	phlag_mlt_eap01_ena4_esp010_ex	N574	10X_down
1362	63	75	0	0.05	1.0	population_size_change	phlag_dto_eap01_ena4_free_ex	N574	10X_down
1397	28	75	0	0.05	1.0	population_size_change	phlag_mlt_eap01_ena4_free_ex	N574	10X_down
1261	164	0	75	0.05	1.0	population_size_change	phlag_mlt_eap01_ena4_esp001_ex	N574	10X_down
1126	299	75	0	0.05	1.0	population_size_change	phlag_dto_eap01_ena4_rev0001_ex	N574	10X_down
1261	164	0	75	0.05	1.0	population_size_change	phlag_mlt_eap01_ena4_esp005_ex	N574	10X_down
1261	164	0	75	0.05	1.0	population_size_change	phlag_mlt_noprior_noprior_esp001_ex	N574	10X_down
1399	26	0	75	0.05	1.0	population_size_change	phlag_dto_eap01_ena4_esp001	N574	10X_down
1085	340	58	17	0.05	1.0	population_size_change	phlag_dto_noprior_noprior_free_ex	N574	10X_down
1261	164	11	64	0.05	1.0	population_size_change	phlag_dto_eap01_ena4_esp005_ex	N574	10X_down
1322	103	11	64	0.05	1.0	population_size_change	phlag_dto_eap005_ena2_esp001_ex	N574	10X_down
1202	223	75	0	0.05	1.0	population_size_change	phlag_dto_eap01_ena4_rev001_ex	N574	10X_down
1380	45	11	64	0.05	1.0	population_size_change	phlag_dto_eap01_ena4_esp001_ex	N574	10X_down
974	151	0	375	0.25	1.0	population_size_change	phlag_mlt_eap01_ena4_esp010_ex	N274	10X_down
1106	19	0	375	0.25	1.0	population_size_change	phlag_dto_eap01_ena4_free_ex	N274	10X_down
974	151	0	375	0.25	1.0	population_size_change	phlag_mlt_eap01_ena4_free_ex	N274	10X_down
522	603	375	0	0.25	1.0	population_size_change	phlag_mlt_eap01_ena4_esp001_ex	N274	10X_down
1106	19	0	375	0.25	1.0	population_size_change	phlag_dto_eap01_ena4_rev0001_ex	N274	10X_down
1093	32	0	375	0.25	1.0	population_size_change	phlag_mlt_eap01_ena4_esp005_ex	N274	10X_down
1093	32	0	375	0.25	1.0	population_size_change	phlag_mlt_noprior_noprior_esp001_ex	N274	10X_down
1102	23	0	375	0.25	1.0	population_size_change	phlag_dto_eap01_ena4_esp001	N274	10X_down
696	429	269	106	0.25	1.0	population_size_change	phlag_dto_noprior_noprior_free_ex	N274	10X_down
1106	19	0	375	0.25	1.0	population_size_change	phlag_dto_eap01_ena4_esp005_ex	N274	10X_down
1106	19	0	375	0.25	1.0	population_size_change	phlag_dto_eap005_ena2_esp001_ex	N274	10X_down
1106	19	0	375	0.25	1.0	population_size_change	phlag_dto_eap01_ena4_rev001_ex	N274	10X_down
780	345	0	375	0.25	1.0	population_size_change	phlag_dto_eap01_ena4_esp001_ex	N274	10X_down
1470	0	30	0	0.02	1.0	population_size_change	phlag_mlt_eap01_ena4_esp010_ex	N460	10X_down
1456	14	30	0	0.02	1.0	population_size_change	phlag_dto_eap01_ena4_free_ex	N460	10X_down
1470	0	30	0	0.02	1.0	population_size_change	phlag_mlt_eap01_ena4_free_ex	N460	10X_down
1391	79	30	0	0.02	1.0	population_size_change	phlag_mlt_eap01_ena4_esp001_ex	N460	10X_down
1036	434	0	30	0.02	1.0	population_size_change	phlag_dto_eap01_ena4_rev0001_ex	N460	10X_down
1470	0	30	0	0.02	1.0	population_size_change	phlag_mlt_eap01_ena4_esp005_ex	N460	10X_down
1391	79	30	0	0.02	1.0	population_size_change	phlag_mlt_noprior_noprior_esp001_ex	N460	10X_down
1470	0	30	0	0.02	1.0	population_size_change	phlag_dto_eap01_ena4_esp001	N460	10X_down
818	652	17	13	0.02	1.0	population_size_change	phlag_dto_noprior_noprior_free_ex	N460	10X_down
1243	227	30	0	0.02	1.0	population_size_change	phlag_dto_eap01_ena4_esp005_ex	N460	10X_down
1470	0	30	0	0.02	1.0	population_size_change	phlag_dto_eap005_ena2_esp001_ex	N460	10X_down
1456	14	30	0	0.02	1.0	population_size_change	phlag_dto_eap01_ena4_rev001_ex	N460	10X_down
1302	168	30	0	0.02	1.0	population_size_change	phlag_dto_eap01_ena4_esp001_ex	N460	10X_down
1196	79	225	0	0.15	1.0	population_size_change	phlag_mlt_eap01_ena4_esp010_ex	N460	10X_down
1268	7	225	0	0.15	1.0	population_size_change	phlag_dto_eap01_ena4_free_ex	N460	10X_down
1211	64	225	0	0.15	1.0	population_size_change	phlag_mlt_eap01_ena4_free_ex	N460	10X_down
1211	64	225	0	0.15	1.0	population_size_change	phlag_mlt_eap01_ena4_esp001_ex	N460	10X_down
748	527	16	209	0.15	1.0	population_size_change	phlag_dto_eap01_ena4_rev0001_ex	N460	10X_down
1216	59	187	38	0.15	1.0	population_size_change	phlag_mlt_eap01_ena4_esp005_ex	N460	10X_down
1216	59	187	38	0.15	1.0	population_size_change	phlag_mlt_noprior_noprior_esp001_ex	N460	10X_down
1275	0	225	0	0.15	1.0	population_size_change	phlag_dto_eap01_ena4_esp001	N460	10X_down
663	612	116	109	0.15	1.0	population_size_change	phlag_dto_noprior_noprior_free_ex	N460	10X_down
1275	0	225	0	0.15	1.0	population_size_change	phlag_dto_eap01_ena4_esp005_ex	N460	10X_down
1070	205	225	0	0.15	1.0	population_size_change	phlag_dto_eap005_ena2_esp001_ex	N460	10X_down
1240	35	225	0	0.15	1.0	population_size_change	phlag_dto_eap01_ena4_rev001_ex	N460	10X_down
1244	31	225	0	0.15	1.0	population_size_change	phlag_dto_eap01_ena4_esp001_ex	N460	10X_down
1107	18	4	371	0.25	1.0	population_size_change	phlag_mlt_eap01_ena4_esp010_ex	N573	10X_down
1101	24	0	375	0.25	1.0	population_size_change	phlag_dto_eap01_ena4_free_ex	N573	10X_down
1107	18	4	371	0.25	1.0	population_size_change	phlag_mlt_eap01_ena4_free_ex	N573	10X_down
1107	18	6	369	0.25	1.0	population_size_change	phlag_mlt_eap01_ena4_esp001_ex	N573	10X_down
1101	24	0	375	0.25	1.0	population_size_change	phlag_dto_eap01_ena4_rev0001_ex	N573	10X_down
1102	23	4	371	0.25	1.0	population_size_change	phlag_mlt_eap01_ena4_esp005_ex	N573	10X_down
1107	18	6	369	0.25	1.0	population_size_change	phlag_mlt_noprior_noprior_esp001_ex	N573	10X_down
1101	24	0	375	0.25	1.0	population_size_change	phlag_dto_eap01_ena4_esp001	N573	10X_down
665	460	314	61	0.25	1.0	population_size_change	phlag_dto_noprior_noprior_free_ex	N573	10X_down
1101	24	0	375	0.25	1.0	population_size_change	phlag_dto_eap01_ena4_esp005_ex	N573	10X_down
1101	24	0	375	0.25	1.0	population_size_change	phlag_dto_eap005_ena2_esp001_ex	N573	10X_down
1101	24	0	375	0.25	1.0	population_size_change	phlag_dto_eap01_ena4_rev001_ex	N573	10X_down
1101	24	0	375	0.25	1.0	population_size_change	phlag_dto_eap01_ena4_esp001_ex	N573	10X_down
1214	211	75	0	0.05	1.0	population_size_change	phlag_mlt_eap01_ena4_esp010_ex	N114	10X_down
1425	0	75	0	0.05	1.0	population_size_change	phlag_dto_eap01_ena4_free_ex	N114	10X_down
1425	0	75	0	0.05	1.0	population_size_change	phlag_mlt_eap01_ena4_free_ex	N114	10X_down
1235	190	75	0	0.05	1.0	population_size_change	phlag_mlt_eap01_ena4_esp001_ex	N114	10X_down
1425	0	75	0	0.05	1.0	population_size_change	phlag_dto_eap01_ena4_rev0001_ex	N114	10X_down
1235	190	75	0	0.05	1.0	population_size_change	phlag_mlt_eap01_ena4_esp005_ex	N114	10X_down
1235	190	75	0	0.05	1.0	population_size_change	phlag_mlt_noprior_noprior_esp001_ex	N114	10X_down
1425	0	75	0	0.05	1.0	population_size_change	phlag_dto_eap01_ena4_esp001	N114	10X_down
715	710	37	38	0.05	1.0	population_size_change	phlag_dto_noprior_noprior_free_ex	N114	10X_down
927	498	75	0	0.05	1.0	population_size_change	phlag_dto_eap01_ena4_esp005_ex	N114	10X_down
1425	0	75	0	0.05	1.0	population_size_change	phlag_dto_eap005_ena2_esp001_ex	N114	10X_down
1425	0	75	0	0.05	1.0	population_size_change	phlag_dto_eap01_ena4_rev001_ex	N114	10X_down
1425	0	75	0	0.05	1.0	population_size_change	phlag_dto_eap01_ena4_esp001_ex	N114	10X_down
1124	1	0	375	0.25	1.0	population_size_change	phlag_mlt_eap01_ena4_esp010_ex	N554	10X_up
1125	0	372	3	0.25	1.0	population_size_change	phlag_dto_eap01_ena4_free_ex	N554	10X_up
1124	1	0	375	0.25	1.0	population_size_change	phlag_mlt_eap01_ena4_free_ex	N554	10X_up
1124	1	0	375	0.25	1.0	population_size_change	phlag_mlt_eap01_ena4_esp001_ex	N554	10X_up
1124	1	0	375	0.25	1.0	population_size_change	phlag_dto_eap01_ena4_rev0001_ex	N554	10X_up
1124	1	0	375	0.25	1.0	population_size_change	phlag_mlt_eap01_ena4_esp005_ex	N554	10X_up
1124	1	0	375	0.25	1.0	population_size_change	phlag_mlt_noprior_noprior_esp001_ex	N554	10X_up
1124	1	0	375	0.25	1.0	population_size_change	phlag_dto_eap01_ena4_esp001	N554	10X_up
564	561	188	187	0.25	1.0	population_size_change	phlag_dto_noprior_noprior_free_ex	N554	10X_up
1124	1	0	375	0.25	1.0	population_size_change	phlag_dto_eap01_ena4_esp005_ex	N554	10X_up
1124	1	0	375	0.25	1.0	population_size_change	phlag_dto_eap005_ena2_esp001_ex	N554	10X_up
1124	1	0	375	0.25	1.0	population_size_change	phlag_dto_eap01_ena4_rev001_ex	N554	10X_up
1124	1	0	375	0.25	1.0	population_size_change	phlag_dto_eap01_ena4_esp001_ex	N554	10X_up
1121	4	2	373	0.25	1.0	population_size_change	phlag_mlt_eap01_ena4_esp010_ex	N574	10X_down
1089	36	375	0	0.25	1.0	population_size_change	phlag_dto_eap01_ena4_free_ex	N574	10X_down
1104	21	375	0	0.25	1.0	population_size_change	phlag_mlt_eap01_ena4_free_ex	N574	10X_down
1121	4	2	373	0.25	1.0	population_size_change	phlag_mlt_eap01_ena4_esp001_ex	N574	10X_down
1099	26	16	359	0.25	1.0	population_size_change	phlag_dto_eap01_ena4_rev0001_ex	N574	10X_down
1121	4	2	373	0.25	1.0	population_size_change	phlag_mlt_eap01_ena4_esp005_ex	N574	10X_down
1121	4	2	373	0.25	1.0	population_size_change	phlag_mlt_noprior_noprior_esp001_ex	N574	10X_down
1099	26	31	344	0.25	1.0	population_size_change	phlag_dto_eap01_ena4_esp001	N574	10X_down
877	248	315	60	0.25	1.0	population_size_change	phlag_dto_noprior_noprior_free_ex	N574	10X_down
1077	48	16	359	0.25	1.0	population_size_change	phlag_dto_eap01_ena4_esp005_ex	N574	10X_down
1099	26	0	375	0.25	1.0	population_size_change	phlag_dto_eap005_ena2_esp001_ex	N574	10X_down
1099	26	16	359	0.25	1.0	population_size_change	phlag_dto_eap01_ena4_rev001_ex	N574	10X_down
1099	26	16	359	0.25	1.0	population_size_change	phlag_dto_eap01_ena4_esp001_ex	N574	10X_down
1319	31	150	0	0.1	1.0	population_size_change	phlag_mlt_eap01_ena4_esp010_ex	N459	10X_down
1338	12	150	0	0.1	1.0	population_size_change	phlag_dto_eap01_ena4_free_ex	N459	10X_down
1319	31	150	0	0.1	1.0	population_size_change	phlag_mlt_eap01_ena4_free_ex	N459	10X_down
1319	31	150	0	0.1	1.0	population_size_change	phlag_mlt_eap01_ena4_esp001_ex	N459	10X_down
1349	1	150	0	0.1	1.0	population_size_change	phlag_dto_eap01_ena4_rev0001_ex	N459	10X_down
1222	128	150	0	0.1	1.0	population_size_change	phlag_mlt_eap01_ena4_esp005_ex	N459	10X_down
1319	31	150	0	0.1	1.0	population_size_change	phlag_mlt_noprior_noprior_esp001_ex	N459	10X_down
1251	99	150	0	0.1	1.0	population_size_change	phlag_dto_eap01_ena4_esp001	N459	10X_down
1332	18	147	3	0.1	1.0	population_size_change	phlag_dto_noprior_noprior_free_ex	N459	10X_down
1257	93	150	0	0.1	1.0	population_size_change	phlag_dto_eap01_ena4_esp005_ex	N459	10X_down
1350	0	150	0	0.1	1.0	population_size_change	phlag_dto_eap005_ena2_esp001_ex	N459	10X_down
1340	10	150	0	0.1	1.0	population_size_change	phlag_dto_eap01_ena4_rev001_ex	N459	10X_down
1350	0	150	0	0.1	1.0	population_size_change	phlag_dto_eap01_ena4_esp001_ex	N459	10X_down
1107	18	375	0	0.25	1.0	population_size_change	phlag_mlt_eap01_ena4_esp010_ex	N460	10X_down
1111	14	375	0	0.25	1.0	population_size_change	phlag_dto_eap01_ena4_free_ex	N460	10X_down
1125	0	375	0	0.25	1.0	population_size_change	phlag_mlt_eap01_ena4_free_ex	N460	10X_down
1125	0	375	0	0.25	1.0	population_size_change	phlag_mlt_eap01_ena4_esp001_ex	N460	10X_down
1120	5	375	0	0.25	1.0	population_size_change	phlag_dto_eap01_ena4_rev0001_ex	N460	10X_down
1107	18	375	0	0.25	1.0	population_size_change	phlag_mlt_eap01_ena4_esp005_ex	N460	10X_down
1125	0	375	0	0.25	1.0	population_size_change	phlag_mlt_noprior_noprior_esp001_ex	N460	10X_down
955	170	375	0	0.25	1.0	population_size_change	phlag_dto_eap01_ena4_esp001	N460	10X_down
570	555	190	185	0.25	1.0	population_size_change	phlag_dto_noprior_noprior_free_ex	N460	10X_down
1016	109	208	167	0.25	1.0	population_size_change	phlag_dto_eap01_ena4_esp005_ex	N460	10X_down
920	205	375	0	0.25	1.0	population_size_change	phlag_dto_eap005_ena2_esp001_ex	N460	10X_down
1083	42	375	0	0.25	1.0	population_size_change	phlag_dto_eap01_ena4_rev001_ex	N460	10X_down
836	289	208	167	0.25	1.0	population_size_change	phlag_dto_eap01_ena4_esp001_ex	N460	10X_down
1200	0	0	300	0.2	1.0	population_size_change	phlag_mlt_eap01_ena4_esp010_ex	N717	10X_down
1200	0	0	300	0.2	1.0	population_size_change	phlag_dto_eap01_ena4_free_ex	N717	10X_down
1200	0	0	300	0.2	1.0	population_size_change	phlag_mlt_eap01_ena4_free_ex	N717	10X_down
1200	0	0	300	0.2	1.0	population_size_change	phlag_mlt_eap01_ena4_esp001_ex	N717	10X_down
1200	0	0	300	0.2	1.0	population_size_change	phlag_dto_eap01_ena4_rev0001_ex	N717	10X_down
1200	0	0	300	0.2	1.0	population_size_change	phlag_mlt_eap01_ena4_esp005_ex	N717	10X_down
1200	0	0	300	0.2	1.0	population_size_change	phlag_mlt_noprior_noprior_esp001_ex	N717	10X_down
1200	0	4	296	0.2	1.0	population_size_change	phlag_dto_eap01_ena4_esp001	N717	10X_down
542	658	257	43	0.2	1.0	population_size_change	phlag_dto_noprior_noprior_free_ex	N717	10X_down
1200	0	0	300	0.2	1.0	population_size_change	phlag_dto_eap01_ena4_esp005_ex	N717	10X_down
1200	0	0	300	0.2	1.0	population_size_change	phlag_dto_eap005_ena2_esp001_ex	N717	10X_down
1200	0	300	0	0.2	1.0	population_size_change	phlag_dto_eap01_ena4_rev001_ex	N717	10X_down
1200	0	0	300	0.2	1.0	population_size_change	phlag_dto_eap01_ena4_esp001_ex	N717	10X_down
924	426	150	0	0.1	1.0	population_size_change	phlag_mlt_eap01_ena4_esp010_ex	N299	10X_down
1065	285	121	29	0.1	1.0	population_size_change	phlag_dto_eap01_ena4_free_ex	N299	10X_down
1150	200	125	25	0.1	1.0	population_size_change	phlag_mlt_eap01_ena4_free_ex	N299	10X_down
1157	193	125	25	0.1	1.0	population_size_change	phlag_mlt_eap01_ena4_esp001_ex	N299	10X_down
826	524	90	60	0.1	1.0	population_size_change	phlag_dto_eap01_ena4_rev0001_ex	N299	10X_down
1350	0	150	0	0.1	1.0	population_size_change	phlag_mlt_eap01_ena4_esp005_ex	N299	10X_down
1184	166	129	21	0.1	1.0	population_size_change	phlag_mlt_noprior_noprior_esp001_ex	N299	10X_down
1300	50	150	0	0.1	1.0	population_size_change	phlag_dto_eap01_ena4_esp001	N299	10X_down
965	385	109	41	0.1	1.0	population_size_change	phlag_dto_noprior_noprior_free_ex	N299	10X_down
1007	343	106	44	0.1	1.0	population_size_change	phlag_dto_eap01_ena4_esp005_ex	N299	10X_down
1075	275	120	30	0.1	1.0	population_size_change	phlag_dto_eap005_ena2_esp001_ex	N299	10X_down
826	524	90	60	0.1	1.0	population_size_change	phlag_dto_eap01_ena4_rev001_ex	N299	10X_down
1076	274	121	29	0.1	1.0	population_size_change	phlag_dto_eap01_ena4_esp001_ex	N299	10X_down
1246	29	225	0	0.15	1.0	population_size_change	phlag_mlt_eap01_ena4_esp010_ex	N186	10X_down
1181	94	225	0	0.15	1.0	population_size_change	phlag_dto_eap01_ena4_free_ex	N186	10X_down
1200	75	163	62	0.15	1.0	population_size_change	phlag_mlt_eap01_ena4_free_ex	N186	10X_down
1164	111	225	0	0.15	1.0	population_size_change	phlag_mlt_eap01_ena4_esp001_ex	N186	10X_down
941	334	203	22	0.15	1.0	population_size_change	phlag_dto_eap01_ena4_rev0001_ex	N186	10X_down
1232	43	225	0	0.15	1.0	population_size_change	phlag_mlt_eap01_ena4_esp005_ex	N186	10X_down
1169	106	225	0	0.15	1.0	population_size_change	phlag_mlt_noprior_noprior_esp001_ex	N186	10X_down
1275	0	225	0	0.15	1.0	population_size_change	phlag_dto_eap01_ena4_esp001	N186	10X_down
1129	146	190	35	0.15	1.0	population_size_change	phlag_dto_noprior_noprior_free_ex	N186	10X_down
895	380	225	0	0.15	1.0	population_size_change	phlag_dto_eap01_ena4_esp005_ex	N186	10X_down
1275	0	225	0	0.15	1.0	population_size_change	phlag_dto_eap005_ena2_esp001_ex	N186	10X_down
1153	122	198	27	0.15	1.0	population_size_change	phlag_dto_eap01_ena4_rev001_ex	N186	10X_down
1271	4	225	0	0.15	1.0	population_size_change	phlag_dto_eap01_ena4_esp001_ex	N186	10X_down
1096	29	375	0	0.25	1.0	population_size_change	phlag_mlt_eap01_ena4_esp010_ex	N109	10X_down
1124	1	375	0	0.25	1.0	population_size_change	phlag_dto_eap01_ena4_free_ex	N109	10X_down
1125	0	375	0	0.25	1.0	population_size_change	phlag_mlt_eap01_ena4_free_ex	N109	10X_down
1096	29	375	0	0.25	1.0	population_size_change	phlag_mlt_eap01_ena4_esp001_ex	N109	10X_down
1125	0	375	0	0.25	1.0	population_size_change	phlag_dto_eap01_ena4_rev0001_ex	N109	10X_down
1096	29	375	0	0.25	1.0	population_size_change	phlag_mlt_eap01_ena4_esp005_ex	N109	10X_down
1096	29	375	0	0.25	1.0	population_size_change	phlag_mlt_noprior_noprior_esp001_ex	N109	10X_down
1125	0	375	0	0.25	1.0	population_size_change	phlag_dto_eap01_ena4_esp001	N109	10X_down
571	554	190	185	0.25	1.0	population_size_change	phlag_dto_noprior_noprior_free_ex	N109	10X_down
1125	0	375	0	0.25	1.0	population_size_change	phlag_dto_eap01_ena4_esp005_ex	N109	10X_down
1125	0	375	0	0.25	1.0	population_size_change	phlag_dto_eap005_ena2_esp001_ex	N109	10X_down
1125	0	375	0	0.25	1.0	population_size_change	phlag_dto_eap01_ena4_rev001_ex	N109	10X_down
1125	0	375	0	0.25	1.0	population_size_change	phlag_dto_eap01_ena4_esp001_ex	N109	10X_down
1087	263	28	122	0.1	1.0	population_size_change	phlag_mlt_eap01_ena4_esp010_ex	N615	10X_down
1259	91	150	0	0.1	1.0	population_size_change	phlag_dto_eap01_ena4_free_ex	N615	10X_down
1347	3	150	0	0.1	1.0	population_size_change	phlag_mlt_eap01_ena4_free_ex	N615	10X_down
1087	263	28	122	0.1	1.0	population_size_change	phlag_mlt_eap01_ena4_esp001_ex	N615	10X_down
1103	247	29	121	0.1	1.0	population_size_change	phlag_dto_eap01_ena4_rev0001_ex	N615	10X_down
1088	262	29	121	0.1	1.0	population_size_change	phlag_mlt_eap01_ena4_esp005_ex	N615	10X_down
1088	262	29	121	0.1	1.0	population_size_change	phlag_mlt_noprior_noprior_esp001_ex	N615	10X_down
1103	247	29	121	0.1	1.0	population_size_change	phlag_dto_eap01_ena4_esp001	N615	10X_down
1147	203	141	9	0.1	1.0	population_size_change	phlag_dto_noprior_noprior_free_ex	N615	10X_down
1103	247	56	94	0.1	1.0	population_size_change	phlag_dto_eap01_ena4_esp005_ex	N615	10X_down
1335	15	150	0	0.1	1.0	population_size_change	phlag_dto_eap005_ena2_esp001_ex	N615	10X_down
1074	276	150	0	0.1	1.0	population_size_change	phlag_dto_eap01_ena4_rev001_ex	N615	10X_down
1103	247	29	121	0.1	1.0	population_size_change	phlag_dto_eap01_ena4_esp001_ex	N615	10X_down
914	211	375	0	0.25	1.0	population_size_change	phlag_mlt_eap01_ena4_esp010_ex	N114	10X_down
1125	0	375	0	0.25	1.0	population_size_change	phlag_dto_eap01_ena4_free_ex	N114	10X_down
1125	0	375	0	0.25	1.0	population_size_change	phlag_mlt_eap01_ena4_free_ex	N114	10X_down
914	211	375	0	0.25	1.0	population_size_change	phlag_mlt_eap01_ena4_esp001_ex	N114	10X_down
1125	0	375	0	0.25	1.0	population_size_change	phlag_dto_eap01_ena4_rev0001_ex	N114	10X_down
979	146	375	0	0.25	1.0	population_size_change	phlag_mlt_eap01_ena4_esp005_ex	N114	10X_down
914	211	375	0	0.25	1.0	population_size_change	phlag_mlt_noprior_noprior_esp001_ex	N114	10X_down
1125	0	375	0	0.25	1.0	population_size_change	phlag_dto_eap01_ena4_esp001	N114	10X_down
1078	47	366	9	0.25	1.0	population_size_change	phlag_dto_noprior_noprior_free_ex	N114	10X_down
1125	0	375	0	0.25	1.0	population_size_change	phlag_dto_eap01_ena4_esp005_ex	N114	10X_down
1125	0	375	0	0.25	1.0	population_size_change	phlag_dto_eap005_ena2_esp001_ex	N114	10X_down
1125	0	375	0	0.25	1.0	population_size_change	phlag_dto_eap01_ena4_rev001_ex	N114	10X_down
1125	0	375	0	0.25	1.0	population_size_change	phlag_dto_eap01_ena4_esp001_ex	N114	10X_down
1390	35	75	0	0.05	1.0	population_size_change	phlag_mlt_eap01_ena4_esp010_ex	N343	10X_down
1424	1	75	0	0.05	1.0	population_size_change	phlag_dto_eap01_ena4_free_ex	N343	10X_down
1425	0	75	0	0.05	1.0	population_size_change	phlag_mlt_eap01_ena4_free_ex	N343	10X_down
1194	231	0	75	0.05	1.0	population_size_change	phlag_mlt_eap01_ena4_esp001_ex	N343	10X_down
1425	0	75	0	0.05	1.0	population_size_change	phlag_dto_eap01_ena4_rev0001_ex	N343	10X_down
1425	0	75	0	0.05	1.0	population_size_change	phlag_mlt_eap01_ena4_esp005_ex	N343	10X_down
1194	231	0	75	0.05	1.0	population_size_change	phlag_mlt_noprior_noprior_esp001_ex	N343	10X_down
1425	0	75	0	0.05	1.0	population_size_change	phlag_dto_eap01_ena4_esp001	N343	10X_down
1127	298	60	15	0.05	1.0	population_size_change	phlag_dto_noprior_noprior_free_ex	N343	10X_down
1424	1	75	0	0.05	1.0	population_size_change	phlag_dto_eap01_ena4_esp005_ex	N343	10X_down
1425	0	75	0	0.05	1.0	population_size_change	phlag_dto_eap005_ena2_esp001_ex	N343	10X_down
1424	1	75	0	0.05	1.0	population_size_change	phlag_dto_eap01_ena4_rev001_ex	N343	10X_down
1425	0	75	0	0.05	1.0	population_size_change	phlag_dto_eap01_ena4_esp001_ex	N343	10X_down
1094	31	375	0	0.25	1.0	population_size_change	phlag_mlt_eap01_ena4_esp010_ex	N459	10X_down
1123	2	371	4	0.25	1.0	population_size_change	phlag_dto_eap01_ena4_free_ex	N459	10X_down
1125	0	375	0	0.25	1.0	population_size_change	phlag_mlt_eap01_ena4_free_ex	N459	10X_down
1094	31	375	0	0.25	1.0	population_size_change	phlag_mlt_eap01_ena4_esp001_ex	N459	10X_down
1124	1	372	3	0.25	1.0	population_size_change	phlag_dto_eap01_ena4_rev0001_ex	N459	10X_down
1005	120	375	0	0.25	1.0	population_size_change	phlag_mlt_eap01_ena4_esp005_ex	N459	10X_down
1094	31	375	0	0.25	1.0	population_size_change	phlag_mlt_noprior_noprior_esp001_ex	N459	10X_down
1026	99	375	0	0.25	1.0	population_size_change	phlag_dto_eap01_ena4_esp001	N459	10X_down
1060	65	363	12	0.25	1.0	population_size_change	phlag_dto_noprior_noprior_free_ex	N459	10X_down
1005	120	244	131	0.25	1.0	population_size_change	phlag_dto_eap01_ena4_esp005_ex	N459	10X_down
1125	0	345	30	0.25	1.0	population_size_change	phlag_dto_eap005_ena2_esp001_ex	N459	10X_down
1122	3	371	4	0.25	1.0	population_size_change	phlag_dto_eap01_ena4_rev001_ex	N459	10X_down
1125	0	345	30	0.25	1.0	population_size_change	phlag_dto_eap01_ena4_esp001_ex	N459	10X_down
1073	202	225	0	0.15	1.0	population_size_change	phlag_mlt_eap01_ena4_esp010_ex	N119	10X_down
1142	133	225	0	0.15	1.0	population_size_change	phlag_dto_eap01_ena4_free_ex	N119	10X_down
1273	2	11	214	0.15	1.0	population_size_change	phlag_mlt_eap01_ena4_free_ex	N119	10X_down
1073	202	225	0	0.15	1.0	population_size_change	phlag_mlt_eap01_ena4_esp001_ex	N119	10X_down
764	511	225	0	0.15	1.0	population_size_change	phlag_dto_eap01_ena4_rev0001_ex	N119	10X_down
1074	201	225	0	0.15	1.0	population_size_change	phlag_mlt_eap01_ena4_esp005_ex	N119	10X_down
1273	2	11	214	0.15	1.0	population_size_change	phlag_mlt_noprior_noprior_esp001_ex	N119	10X_down
1116	159	225	0	0.15	1.0	population_size_change	phlag_dto_eap01_ena4_esp001	N119	10X_down
836	439	113	112	0.15	1.0	population_size_change	phlag_dto_noprior_noprior_free_ex	N119	10X_down
869	406	225	0	0.15	1.0	population_size_change	phlag_dto_eap01_ena4_esp005_ex	N119	10X_down
1275	0	34	191	0.15	1.0	population_size_change	phlag_dto_eap005_ena2_esp001_ex	N119	10X_down
764	511	225	0	0.15	1.0	population_size_change	phlag_dto_eap01_ena4_rev001_ex	N119	10X_down
720	555	225	0	0.15	1.0	population_size_change	phlag_dto_eap01_ena4_esp001_ex	N119	10X_down
1124	1	1	374	0.25	1.0	population_size_change	phlag_mlt_eap01_ena4_esp010_ex	N714	10X_up
1122	3	375	0	0.25	1.0	population_size_change	phlag_dto_eap01_ena4_free_ex	N714	10X_up
1125	0	375	0	0.25	1.0	population_size_change	phlag_mlt_eap01_ena4_free_ex	N714	10X_up
1124	1	1	374	0.25	1.0	population_size_change	phlag_mlt_eap01_ena4_esp001_ex	N714	10X_up
1124	1	1	374	0.25	1.0	population_size_change	phlag_dto_eap01_ena4_rev0001_ex	N714	10X_up
1124	1	1	374	0.25	1.0	population_size_change	phlag_mlt_eap01_ena4_esp005_ex	N714	10X_up
1124	1	1	374	0.25	1.0	population_size_change	phlag_mlt_noprior_noprior_esp001_ex	N714	10X_up
1124	1	1	374	0.25	1.0	population_size_change	phlag_dto_eap01_ena4_esp001	N714	10X_up
565	560	189	186	0.25	1.0	population_size_change	phlag_dto_noprior_noprior_free_ex	N714	10X_up
1124	1	1	374	0.25	1.0	population_size_change	phlag_dto_eap01_ena4_esp005_ex	N714	10X_up
1124	1	1	374	0.25	1.0	population_size_change	phlag_dto_eap005_ena2_esp001_ex	N714	10X_up
1119	6	375	0	0.25	1.0	population_size_change	phlag_dto_eap01_ena4_rev001_ex	N714	10X_up
1124	1	1	374	0.25	1.0	population_size_change	phlag_dto_eap01_ena4_esp001_ex	N714	10X_up
1196	4	2	298	0.2	1.0	population_size_change	phlag_mlt_eap01_ena4_esp010_ex	N473	10X_down
1190	10	300	0	0.2	1.0	population_size_change	phlag_dto_eap01_ena4_free_ex	N473	10X_down
1167	33	0	300	0.2	1.0	population_size_change	phlag_mlt_eap01_ena4_free_ex	N473	10X_down
1167	33	0	300	0.2	1.0	population_size_change	phlag_mlt_eap01_ena4_esp001_ex	N473	10X_down
1196	4	2	298	0.2	1.0	population_size_change	phlag_dto_eap01_ena4_rev0001_ex	N473	10X_down
1196	4	2	298	0.2	1.0	population_size_change	phlag_mlt_eap01_ena4_esp005_ex	N473	10X_down
1196	4	2	298	0.2	1.0	population_size_change	phlag_mlt_noprior_noprior_esp001_ex	N473	10X_down
1196	4	89	211	0.2	1.0	population_size_change	phlag_dto_eap01_ena4_esp001	N473	10X_down
621	579	213	87	0.2	1.0	population_size_change	phlag_dto_noprior_noprior_free_ex	N473	10X_down
1168	32	0	300	0.2	1.0	population_size_change	phlag_dto_eap01_ena4_esp005_ex	N473	10X_down
1068	132	300	0	0.2	1.0	population_size_change	phlag_dto_eap005_ena2_esp001_ex	N473	10X_down
1196	4	2	298	0.2	1.0	population_size_change	phlag_dto_eap01_ena4_rev001_ex	N473	10X_down
1196	4	2	298	0.2	1.0	population_size_change	phlag_dto_eap01_ena4_esp001_ex	N473	10X_down
1032	168	300	0	0.2	1.0	population_size_change	phlag_mlt_eap01_ena4_esp010_ex	N118	10X_up
961	239	255	45	0.2	1.0	population_size_change	phlag_dto_eap01_ena4_free_ex	N118	10X_up
1188	12	295	5	0.2	1.0	population_size_change	phlag_mlt_eap01_ena4_free_ex	N118	10X_up
1176	24	300	0	0.2	1.0	population_size_change	phlag_mlt_eap01_ena4_esp001_ex	N118	10X_up
1000	200	232	68	0.2	1.0	population_size_change	phlag_dto_eap01_ena4_rev0001_ex	N118	10X_up
1087	113	300	0	0.2	1.0	population_size_change	phlag_mlt_eap01_ena4_esp005_ex	N118	10X_up
1176	24	300	0	0.2	1.0	population_size_change	phlag_mlt_noprior_noprior_esp001_ex	N118	10X_up
1195	5	300	0	0.2	1.0	population_size_change	phlag_dto_eap01_ena4_esp001	N118	10X_up
925	275	237	63	0.2	1.0	population_size_change	phlag_dto_noprior_noprior_free_ex	N118	10X_up
1141	59	245	55	0.2	1.0	population_size_change	phlag_dto_eap01_ena4_esp005_ex	N118	10X_up
1073	127	300	0	0.2	1.0	population_size_change	phlag_dto_eap005_ena2_esp001_ex	N118	10X_up
1200	0	300	0	0.2	1.0	population_size_change	phlag_dto_eap01_ena4_rev001_ex	N118	10X_up
1091	109	265	35	0.2	1.0	population_size_change	phlag_dto_eap01_ena4_esp001_ex	N118	10X_up
1310	160	0	30	0.02	1.0	population_size_change	phlag_mlt_eap01_ena4_esp010_ex	N109	10X_down
1469	1	30	0	0.02	1.0	population_size_change	phlag_dto_eap01_ena4_free_ex	N109	10X_down
1470	0	30	0	0.02	1.0	population_size_change	phlag_mlt_eap01_ena4_free_ex	N109	10X_down
1470	0	30	0	0.02	1.0	population_size_change	phlag_mlt_eap01_ena4_esp001_ex	N109	10X_down
1470	0	30	0	0.02	1.0	population_size_change	phlag_dto_eap01_ena4_rev0001_ex	N109	10X_down
1464	6	30	0	0.02	1.0	population_size_change	phlag_mlt_eap01_ena4_esp005_ex	N109	10X_down
1464	6	30	0	0.02	1.0	population_size_change	phlag_mlt_noprior_noprior_esp001_ex	N109	10X_down
1470	0	30	0	0.02	1.0	population_size_change	phlag_dto_eap01_ena4_esp001	N109	10X_down
1424	46	29	1	0.02	1.0	population_size_change	phlag_dto_noprior_noprior_free_ex	N109	10X_down
1148	322	30	0	0.02	1.0	population_size_change	phlag_dto_eap01_ena4_esp005_ex	N109	10X_down
1470	0	30	0	0.02	1.0	population_size_change	phlag_dto_eap005_ena2_esp001_ex	N109	10X_down
1470	0	30	0	0.02	1.0	population_size_change	phlag_dto_eap01_ena4_rev001_ex	N109	10X_down
1470	0	30	0	0.02	1.0	population_size_change	phlag_dto_eap01_ena4_esp001_ex	N109	10X_down
884	586	30	0	0.02	1.0	population_size_change	phlag_mlt_eap01_ena4_esp010_ex	N638	10X_down
1458	12	30	0	0.02	1.0	population_size_change	phlag_dto_eap01_ena4_free_ex	N638	10X_down
1469	1	30	0	0.02	1.0	population_size_change	phlag_mlt_eap01_ena4_free_ex	N638	10X_down
1297	173	30	0	0.02	1.0	population_size_change	phlag_mlt_eap01_ena4_esp001_ex	N638	10X_down
1030	440	30	0	0.02	1.0	population_size_change	phlag_dto_eap01_ena4_rev0001_ex	N638	10X_down
1297	173	30	0	0.02	1.0	population_size_change	phlag_mlt_eap01_ena4_esp005_ex	N638	10X_down
1297	173	30	0	0.02	1.0	population_size_change	phlag_mlt_noprior_noprior_esp001_ex	N638	10X_down
1469	1	30	0	0.02	1.0	population_size_change	phlag_dto_eap01_ena4_esp001	N638	10X_down
1452	18	30	0	0.02	1.0	population_size_change	phlag_dto_noprior_noprior_free_ex	N638	10X_down
1458	12	30	0	0.02	1.0	population_size_change	phlag_dto_eap01_ena4_esp005_ex	N638	10X_down
1458	12	30	0	0.02	1.0	population_size_change	phlag_dto_eap005_ena2_esp001_ex	N638	10X_down
1457	13	30	0	0.02	1.0	population_size_change	phlag_dto_eap01_ena4_rev001_ex	N638	10X_down
1458	12	30	0	0.02	1.0	population_size_change	phlag_dto_eap01_ena4_esp001_ex	N638	10X_down
1045	230	225	0	0.15	1.0	population_size_change	phlag_mlt_eap01_ena4_esp010_ex	N690	10X_up
1115	160	187	38	0.15	1.0	population_size_change	phlag_dto_eap01_ena4_free_ex	N690	10X_up
1045	230	225	0	0.15	1.0	population_size_change	phlag_mlt_eap01_ena4_free_ex	N690	10X_up
1275	0	225	0	0.15	1.0	population_size_change	phlag_mlt_eap01_ena4_esp001_ex	N690	10X_up
1048	227	225	0	0.15	1.0	population_size_change	phlag_dto_eap01_ena4_rev0001_ex	N690	10X_up
1275	0	225	0	0.15	1.0	population_size_change	phlag_mlt_eap01_ena4_esp005_ex	N690	10X_up
813	462	225	0	0.15	1.0	population_size_change	phlag_mlt_noprior_noprior_esp001_ex	N690	10X_up
1252	23	225	0	0.15	1.0	population_size_change	phlag_dto_eap01_ena4_esp001	N690	10X_up
664	611	138	87	0.15	1.0	population_size_change	phlag_dto_noprior_noprior_free_ex	N690	10X_up
836	439	225	0	0.15	1.0	population_size_change	phlag_dto_eap01_ena4_esp005_ex	N690	10X_up
1048	227	225	0	0.15	1.0	population_size_change	phlag_dto_eap005_ena2_esp001_ex	N690	10X_up
1048	227	225	0	0.15	1.0	population_size_change	phlag_dto_eap01_ena4_rev001_ex	N690	10X_up
962	313	191	34	0.15	1.0	population_size_change	phlag_dto_eap01_ena4_esp001_ex	N690	10X_up
1407	63	30	0	0.02	1.0	population_size_change	phlag_mlt_eap01_ena4_esp010_ex	N709	10X_up
819	651	0	30	0.02	1.0	population_size_change	phlag_dto_eap01_ena4_free_ex	N709	10X_up
1213	257	30	0	0.02	1.0	population_size_change	phlag_mlt_eap01_ena4_free_ex	N709	10X_up
1249	221	30	0	0.02	1.0	population_size_change	phlag_mlt_eap01_ena4_esp001_ex	N709	10X_up
992	478	30	0	0.02	1.0	population_size_change	phlag_dto_eap01_ena4_rev0001_ex	N709	10X_up
1332	138	30	0	0.02	1.0	population_size_change	phlag_mlt_eap01_ena4_esp005_ex	N709	10X_up
1249	221	30	0	0.02	1.0	population_size_change	phlag_mlt_noprior_noprior_esp001_ex	N709	10X_up
1366	104	30	0	0.02	1.0	population_size_change	phlag_dto_eap01_ena4_esp001	N709	10X_up
1015	455	19	11	0.02	1.0	population_size_change	phlag_dto_noprior_noprior_free_ex	N709	10X_up
1035	435	30	0	0.02	1.0	population_size_change	phlag_dto_eap01_ena4_esp005_ex	N709	10X_up
844	626	0	30	0.02	1.0	population_size_change	phlag_dto_eap005_ena2_esp001_ex	N709	10X_up
861	609	0	30	0.02	1.0	population_size_change	phlag_dto_eap01_ena4_rev001_ex	N709	10X_up
992	478	30	0	0.02	1.0	population_size_change	phlag_dto_eap01_ena4_esp001_ex	N709	10X_up
887	238	31	344	0.25	1.0	population_size_change	phlag_mlt_eap01_ena4_esp010_ex	N575	10X_down
1066	59	361	14	0.25	1.0	population_size_change	phlag_dto_eap01_ena4_free_ex	N575	10X_down
1104	21	375	0	0.25	1.0	population_size_change	phlag_mlt_eap01_ena4_free_ex	N575	10X_down
901	224	14	361	0.25	1.0	population_size_change	phlag_mlt_eap01_ena4_esp001_ex	N575	10X_down
697	428	371	4	0.25	1.0	population_size_change	phlag_dto_eap01_ena4_rev0001_ex	N575	10X_down
971	154	375	0	0.25	1.0	population_size_change	phlag_mlt_eap01_ena4_esp005_ex	N575	10X_down
471	654	361	14	0.25	1.0	population_size_change	phlag_mlt_noprior_noprior_esp001_ex	N575	10X_down
1125	0	91	284	0.25	1.0	population_size_change	phlag_dto_eap01_ena4_esp001	N575	10X_down
852	273	264	111	0.25	1.0	population_size_change	phlag_dto_noprior_noprior_free_ex	N575	10X_down
979	146	74	301	0.25	1.0	population_size_change	phlag_dto_eap01_ena4_esp005_ex	N575	10X_down
888	237	14	361	0.25	1.0	population_size_change	phlag_dto_eap005_ena2_esp001_ex	N575	10X_down
895	230	14	361	0.25	1.0	population_size_change	phlag_dto_eap01_ena4_rev001_ex	N575	10X_down
895	230	14	361	0.25	1.0	population_size_change	phlag_dto_eap01_ena4_esp001_ex	N575	10X_down
1050	225	0	225	0.15	1.0	population_size_change	phlag_mlt_eap01_ena4_esp010_ex	N573	10X_down
1233	42	0	225	0.15	1.0	population_size_change	phlag_dto_eap01_ena4_free_ex	N573	10X_down
919	356	0	225	0.15	1.0	population_size_change	phlag_mlt_eap01_ena4_free_ex	N573	10X_down
1264	11	0	225	0.15	1.0	population_size_change	phlag_mlt_eap01_ena4_esp001_ex	N573	10X_down
1233	42	0	225	0.15	1.0	population_size_change	phlag_dto_eap01_ena4_rev0001_ex	N573	10X_down
1264	11	0	225	0.15	1.0	population_size_change	phlag_mlt_eap01_ena4_esp005_ex	N573	10X_down
1264	11	0	225	0.15	1.0	population_size_change	phlag_mlt_noprior_noprior_esp001_ex	N573	10X_down
1259	16	0	225	0.15	1.0	population_size_change	phlag_dto_eap01_ena4_esp001	N573	10X_down
750	525	183	42	0.15	1.0	population_size_change	phlag_dto_noprior_noprior_free_ex	N573	10X_down
1174	101	0	225	0.15	1.0	population_size_change	phlag_dto_eap01_ena4_esp005_ex	N573	10X_down
859	416	0	225	0.15	1.0	population_size_change	phlag_dto_eap005_ena2_esp001_ex	N573	10X_down
872	403	0	225	0.15	1.0	population_size_change	phlag_dto_eap01_ena4_rev001_ex	N573	10X_down
1198	77	0	225	0.15	1.0	population_size_change	phlag_dto_eap01_ena4_esp001_ex	N573	10X_down
1350	0	150	0	0.1	1.0	population_size_change	phlag_mlt_eap01_ena4_esp010_ex	N228	10X_down
1152	198	150	0	0.1	1.0	population_size_change	phlag_dto_eap01_ena4_free_ex	N228	10X_down
1172	178	0	150	0.1	1.0	population_size_change	phlag_mlt_eap01_ena4_free_ex	N228	10X_down
1062	288	0	150	0.1	1.0	population_size_change	phlag_mlt_eap01_ena4_esp001_ex	N228	10X_down
1304	46	150	0	0.1	1.0	population_size_change	phlag_dto_eap01_ena4_rev0001_ex	N228	10X_down
1350	0	150	0	0.1	1.0	population_size_change	phlag_mlt_eap01_ena4_esp005_ex	N228	10X_down
1062	288	0	150	0.1	1.0	population_size_change	phlag_mlt_noprior_noprior_esp001_ex	N228	10X_down
858	492	0	150	0.1	1.0	population_size_change	phlag_dto_eap01_ena4_esp001	N228	10X_down
863	487	111	39	0.1	1.0	population_size_change	phlag_dto_noprior_noprior_free_ex	N228	10X_down
1057	293	150	0	0.1	1.0	population_size_change	phlag_dto_eap01_ena4_esp005_ex	N228	10X_down
1257	93	150	0	0.1	1.0	population_size_change	phlag_dto_eap005_ena2_esp001_ex	N228	10X_down
1231	119	150	0	0.1	1.0	population_size_change	phlag_dto_eap01_ena4_rev001_ex	N228	10X_down
1057	293	150	0	0.1	1.0	population_size_change	phlag_dto_eap01_ena4_esp001_ex	N228	10X_down
999	126	300	75	0.25	1.0	population_size_change	phlag_mlt_eap01_ena4_esp010_ex	N220	10X_up
954	171	139	236	0.25	1.0	population_size_change	phlag_dto_eap01_ena4_free_ex	N220	10X_up
1125	0	375	0	0.25	1.0	population_size_change	phlag_mlt_eap01_ena4_free_ex	N220	10X_up
1067	58	285	90	0.25	1.0	population_size_change	phlag_mlt_eap01_ena4_esp001_ex	N220	10X_up
954	171	139	236	0.25	1.0	population_size_change	phlag_dto_eap01_ena4_rev0001_ex	N220	10X_up
1067	58	375	0	0.25	1.0	population_size_change	phlag_mlt_eap01_ena4_esp005_ex	N220	10X_up
1067	58	285	90	0.25	1.0	population_size_change	phlag_mlt_noprior_noprior_esp001_ex	N220	10X_up
1125	0	23	352	0.25	1.0	population_size_change	phlag_dto_eap01_ena4_esp001	N220	10X_up
741	384	253	122	0.25	1.0	population_size_change	phlag_dto_noprior_noprior_free_ex	N220	10X_up
990	135	139	236	0.25	1.0	population_size_change	phlag_dto_eap01_ena4_esp005_ex	N220	10X_up
502	623	278	97	0.25	1.0	population_size_change	phlag_dto_eap005_ena2_esp001_ex	N220	10X_up
1125	0	375	0	0.25	1.0	population_size_change	phlag_dto_eap01_ena4_rev001_ex	N220	10X_up
492	633	299	76	0.25	1.0	population_size_change	phlag_dto_eap01_ena4_esp001_ex	N220	10X_up
1388	37	1	74	0.05	1.0	population_size_change	phlag_mlt_eap01_ena4_esp010_ex	N228	10X_up
1383	42	0	75	0.05	1.0	population_size_change	phlag_dto_eap01_ena4_free_ex	N228	10X_up
1388	37	1	74	0.05	1.0	population_size_change	phlag_mlt_eap01_ena4_free_ex	N228	10X_up
1388	37	1	74	0.05	1.0	population_size_change	phlag_mlt_eap01_ena4_esp001_ex	N228	10X_up
1383	42	0	75	0.05	1.0	population_size_change	phlag_dto_eap01_ena4_rev0001_ex	N228	10X_up
1388	37	1	74	0.05	1.0	population_size_change	phlag_mlt_eap01_ena4_esp005_ex	N228	10X_up
1388	37	1	74	0.05	1.0	population_size_change	phlag_mlt_noprior_noprior_esp001_ex	N228	10X_up
1425	0	1	74	0.05	1.0	population_size_change	phlag_dto_eap01_ena4_esp001	N228	10X_up
904	521	49	26	0.05	1.0	population_size_change	phlag_dto_noprior_noprior_free_ex	N228	10X_up
1145	280	0	75	0.05	1.0	population_size_change	phlag_dto_eap01_ena4_esp005_ex	N228	10X_up
1383	42	0	75	0.05	1.0	population_size_change	phlag_dto_eap005_ena2_esp001_ex	N228	10X_up
1325	100	0	75	0.05	1.0	population_size_change	phlag_dto_eap01_ena4_rev001_ex	N228	10X_up
1383	42	0	75	0.05	1.0	population_size_change	phlag_dto_eap01_ena4_esp001_ex	N228	10X_up
1422	48	30	0	0.02	1.0	population_size_change	phlag_mlt_eap01_ena4_esp010_ex	N651	10X_down
1469	1	30	0	0.02	1.0	population_size_change	phlag_dto_eap01_ena4_free_ex	N651	10X_down
1470	0	30	0	0.02	1.0	population_size_change	phlag_mlt_eap01_ena4_free_ex	N651	10X_down
1422	48	30	0	0.02	1.0	population_size_change	phlag_mlt_eap01_ena4_esp001_ex	N651	10X_down
1470	0	30	0	0.02	1.0	population_size_change	phlag_dto_eap01_ena4_rev0001_ex	N651	10X_down
1422	48	30	0	0.02	1.0	population_size_change	phlag_mlt_eap01_ena4_esp005_ex	N651	10X_down
1422	48	30	0	0.02	1.0	population_size_change	phlag_mlt_noprior_noprior_esp001_ex	N651	10X_down
1470	0	30	0	0.02	1.0	population_size_change	phlag_dto_eap01_ena4_esp001	N651	10X_down
754	716	16	14	0.02	1.0	population_size_change	phlag_dto_noprior_noprior_free_ex	N651	10X_down
1470	0	30	0	0.02	1.0	population_size_change	phlag_dto_eap01_ena4_esp005_ex	N651	10X_down
1422	48	30	0	0.02	1.0	population_size_change	phlag_dto_eap005_ena2_esp001_ex	N651	10X_down
1470	0	30	0	0.02	1.0	population_size_change	phlag_dto_eap01_ena4_rev001_ex	N651	10X_down
1470	0	30	0	0.02	1.0	population_size_change	phlag_dto_eap01_ena4_esp001_ex	N651	10X_down
1325	100	75	0	0.05	1.0	population_size_change	phlag_mlt_eap01_ena4_esp010_ex	N491	10X_down
1350	75	75	0	0.05	1.0	population_size_change	phlag_dto_eap01_ena4_free_ex	N491	10X_down
1325	100	75	0	0.05	1.0	population_size_change	phlag_mlt_eap01_ena4_free_ex	N491	10X_down
1222	203	75	0	0.05	1.0	population_size_change	phlag_mlt_eap01_ena4_esp001_ex	N491	10X_down
1425	0	75	0	0.05	1.0	population_size_change	phlag_dto_eap01_ena4_rev0001_ex	N491	10X_down
1325	100	75	0	0.05	1.0	population_size_change	phlag_mlt_eap01_ena4_esp005_ex	N491	10X_down
1325	100	75	0	0.05	1.0	population_size_change	phlag_mlt_noprior_noprior_esp001_ex	N491	10X_down
1425	0	75	0	0.05	1.0	population_size_change	phlag_dto_eap01_ena4_esp001	N491	10X_down
852	573	39	36	0.05	1.0	population_size_change	phlag_dto_noprior_noprior_free_ex	N491	10X_down
1088	337	75	0	0.05	1.0	population_size_change	phlag_dto_eap01_ena4_esp005_ex	N491	10X_down
1350	75	75	0	0.05	1.0	population_size_change	phlag_dto_eap005_ena2_esp001_ex	N491	10X_down
1321	104	75	0	0.05	1.0	population_size_change	phlag_dto_eap01_ena4_rev001_ex	N491	10X_down
1374	51	75	0	0.05	1.0	population_size_change	phlag_dto_eap01_ena4_esp001_ex	N491	10X_down
1275	0	2	223	0.15	1.0	population_size_change	phlag_mlt_eap01_ena4_esp010_ex	N714	10X_up
1273	2	225	0	0.15	1.0	population_size_change	phlag_dto_eap01_ena4_free_ex	N714	10X_up
1275	0	225	0	0.15	1.0	population_size_change	phlag_mlt_eap01_ena4_free_ex	N714	10X_up
1275	0	2	223	0.15	1.0	population_size_change	phlag_mlt_eap01_ena4_esp001_ex	N714	10X_up
1275	0	17	208	0.15	1.0	population_size_change	phlag_dto_eap01_ena4_rev0001_ex	N714	10X_up
1275	0	2	223	0.15	1.0	population_size_change	phlag_mlt_eap01_ena4_esp005_ex	N714	10X_up
1275	0	2	223	0.15	1.0	population_size_change	phlag_mlt_noprior_noprior_esp001_ex	N714	10X_up
1275	0	2	223	0.15	1.0	population_size_change	phlag_dto_eap01_ena4_esp001	N714	10X_up
1140	135	179	46	0.15	1.0	population_size_change	phlag_dto_noprior_noprior_free_ex	N714	10X_up
1275	0	2	223	0.15	1.0	population_size_change	phlag_dto_eap01_ena4_esp005_ex	N714	10X_up
1238	37	225	0	0.15	1.0	population_size_change	phlag_dto_eap005_ena2_esp001_ex	N714	10X_up
1273	2	225	0	0.15	1.0	population_size_change	phlag_dto_eap01_ena4_rev001_ex	N714	10X_up
1275	0	17	208	0.15	1.0	population_size_change	phlag_dto_eap01_ena4_esp001_ex	N714	10X_up
1092	33	356	19	0.25	1.0	population_size_change	phlag_mlt_eap01_ena4_esp010_ex	N118	10X_up
905	220	359	16	0.25	1.0	population_size_change	phlag_dto_eap01_ena4_free_ex	N118	10X_up
1123	2	375	0	0.25	1.0	population_size_change	phlag_mlt_eap01_ena4_free_ex	N118	10X_up
1000	125	375	0	0.25	1.0	population_size_change	phlag_mlt_eap01_ena4_esp001_ex	N118	10X_up
820	305	271	104	0.25	1.0	population_size_change	phlag_dto_eap01_ena4_rev0001_ex	N118	10X_up
1117	8	362	13	0.25	1.0	population_size_change	phlag_mlt_eap01_ena4_esp005_ex	N118	10X_up
963	162	375	0	0.25	1.0	population_size_change	phlag_mlt_noprior_noprior_esp001_ex	N118	10X_up
1125	0	375	0	0.25	1.0	population_size_change	phlag_dto_eap01_ena4_esp001	N118	10X_up
847	278	281	94	0.25	1.0	population_size_change	phlag_dto_noprior_noprior_free_ex	N118	10X_up
1089	36	352	23	0.25	1.0	population_size_change	phlag_dto_eap01_ena4_esp005_ex	N118	10X_up
958	167	375	0	0.25	1.0	population_size_change	phlag_dto_eap005_ena2_esp001_ex	N118	10X_up
1125	0	375	0	0.25	1.0	population_size_change	phlag_dto_eap01_ena4_rev001_ex	N118	10X_up
1016	109	354	21	0.25	1.0	population_size_change	phlag_dto_eap01_ena4_esp001_ex	N118	10X_up
1270	5	2	223	0.15	1.0	population_size_change	phlag_mlt_eap01_ena4_esp010_ex	N617	10X_up
1271	4	2	223	0.15	1.0	population_size_change	phlag_dto_eap01_ena4_free_ex	N617	10X_up
1272	3	225	0	0.15	1.0	population_size_change	phlag_mlt_eap01_ena4_free_ex	N617	10X_up
1270	5	2	223	0.15	1.0	population_size_change	phlag_mlt_eap01_ena4_esp001_ex	N617	10X_up
1271	4	2	223	0.15	1.0	population_size_change	phlag_dto_eap01_ena4_rev0001_ex	N617	10X_up
1270	5	2	223	0.15	1.0	population_size_change	phlag_mlt_eap01_ena4_esp005_ex	N617	10X_up
1270	5	2	223	0.15	1.0	population_size_change	phlag_mlt_noprior_noprior_esp001_ex	N617	10X_up
1271	4	13	212	0.15	1.0	population_size_change	phlag_dto_eap01_ena4_esp001	N617	10X_up
1245	30	142	83	0.15	1.0	population_size_change	phlag_dto_noprior_noprior_free_ex	N617	10X_up
1271	4	2	223	0.15	1.0	population_size_change	phlag_dto_eap01_ena4_esp005_ex	N617	10X_up
1271	4	2	223	0.15	1.0	population_size_change	phlag_dto_eap005_ena2_esp001_ex	N617	10X_up
1271	4	2	223	0.15	1.0	population_size_change	phlag_dto_eap01_ena4_rev001_ex	N617	10X_up
1271	4	2	223	0.15	1.0	population_size_change	phlag_dto_eap01_ena4_esp001_ex	N617	10X_up
1008	267	225	0	0.15	1.0	population_size_change	phlag_mlt_eap01_ena4_esp010_ex	N276	10X_down
963	312	166	59	0.15	1.0	population_size_change	phlag_dto_eap01_ena4_free_ex	N276	10X_down
1003	272	169	56	0.15	1.0	population_size_change	phlag_mlt_eap01_ena4_free_ex	N276	10X_down
1031	244	181	44	0.15	1.0	population_size_change	phlag_mlt_eap01_ena4_esp001_ex	N276	10X_down
987	288	169	56	0.15	1.0	population_size_change	phlag_dto_eap01_ena4_rev0001_ex	N276	10X_down
1008	267	225	0	0.15	1.0	population_size_change	phlag_mlt_eap01_ena4_esp005_ex	N276	10X_down
1045	230	176	49	0.15	1.0	population_size_change	phlag_mlt_noprior_noprior_esp001_ex	N276	10X_down
1275	0	225	0	0.15	1.0	population_size_change	phlag_dto_eap01_ena4_esp001	N276	10X_down
830	445	152	73	0.15	1.0	population_size_change	phlag_dto_noprior_noprior_free_ex	N276	10X_down
639	636	212	13	0.15	1.0	population_size_change	phlag_dto_eap01_ena4_esp005_ex	N276	10X_down
1010	265	225	0	0.15	1.0	population_size_change	phlag_dto_eap005_ena2_esp001_ex	N276	10X_down
1153	122	149	76	0.15	1.0	population_size_change	phlag_dto_eap01_ena4_rev001_ex	N276	10X_down
986	289	173	52	0.15	1.0	population_size_change	phlag_dto_eap01_ena4_esp001_ex	N276	10X_down
1270	5	0	225	0.15	1.0	population_size_change	phlag_mlt_eap01_ena4_esp010_ex	N579	10X_up
1273	2	4	221	0.15	1.0	population_size_change	phlag_dto_eap01_ena4_free_ex	N579	10X_up
1270	5	0	225	0.15	1.0	population_size_change	phlag_mlt_eap01_ena4_free_ex	N579	10X_up
1273	2	4	221	0.15	1.0	population_size_change	phlag_mlt_eap01_ena4_esp001_ex	N579	10X_up
1273	2	4	221	0.15	1.0	population_size_change	phlag_dto_eap01_ena4_rev0001_ex	N579	10X_up
1270	5	0	225	0.15	1.0	population_size_change	phlag_mlt_eap01_ena4_esp005_ex	N579	10X_up
1273	2	4	221	0.15	1.0	population_size_change	phlag_mlt_noprior_noprior_esp001_ex	N579	10X_up
1275	0	7	218	0.15	1.0	population_size_change	phlag_dto_eap01_ena4_esp001	N579	10X_up
818	457	147	78	0.15	1.0	population_size_change	phlag_dto_noprior_noprior_free_ex	N579	10X_up
1273	2	4	221	0.15	1.0	population_size_change	phlag_dto_eap01_ena4_esp005_ex	N579	10X_up
1273	2	4	221	0.15	1.0	population_size_change	phlag_dto_eap005_ena2_esp001_ex	N579	10X_up
1273	2	4	221	0.15	1.0	population_size_change	phlag_dto_eap01_ena4_rev001_ex	N579	10X_up
1273	2	4	221	0.15	1.0	population_size_change	phlag_dto_eap01_ena4_esp001_ex	N579	10X_up
778	422	300	0	0.2	1.0	population_size_change	phlag_mlt_eap01_ena4_esp010_ex	N299	10X_down
1002	198	250	50	0.2	1.0	population_size_change	phlag_dto_eap01_ena4_free_ex	N299	10X_down
1181	19	300	0	0.2	1.0	population_size_change	phlag_mlt_eap01_ena4_free_ex	N299	10X_down
1093	107	270	30	0.2	1.0	population_size_change	phlag_mlt_eap01_ena4_esp001_ex	N299	10X_down
946	254	242	58	0.2	1.0	population_size_change	phlag_dto_eap01_ena4_rev0001_ex	N299	10X_down
1115	85	281	19	0.2	1.0	population_size_change	phlag_mlt_eap01_ena4_esp005_ex	N299	10X_down
1097	103	270	30	0.2	1.0	population_size_change	phlag_mlt_noprior_noprior_esp001_ex	N299	10X_down
1200	0	300	0	0.2	1.0	population_size_change	phlag_dto_eap01_ena4_esp001	N299	10X_down
860	340	211	89	0.2	1.0	population_size_change	phlag_dto_noprior_noprior_free_ex	N299	10X_down
771	429	300	0	0.2	1.0	population_size_change	phlag_dto_eap01_ena4_esp005_ex	N299	10X_down
950	250	242	58	0.2	1.0	population_size_change	phlag_dto_eap005_ena2_esp001_ex	N299	10X_down
771	429	300	0	0.2	1.0	population_size_change	phlag_dto_eap01_ena4_rev001_ex	N299	10X_down
781	419	300	0	0.2	1.0	population_size_change	phlag_dto_eap01_ena4_esp001_ex	N299	10X_down
1350	0	1	149	0.1	1.0	population_size_change	phlag_mlt_eap01_ena4_esp010_ex	N159	10X_up
1321	29	150	0	0.1	1.0	population_size_change	phlag_dto_eap01_ena4_free_ex	N159	10X_up
1349	1	150	0	0.1	1.0	population_size_change	phlag_mlt_eap01_ena4_free_ex	N159	10X_up
1346	4	0	150	0.1	1.0	population_size_change	phlag_mlt_eap01_ena4_esp001_ex	N159	10X_up
1346	4	0	150	0.1	1.0	population_size_change	phlag_dto_eap01_ena4_rev0001_ex	N159	10X_up
1346	4	0	150	0.1	1.0	population_size_change	phlag_mlt_eap01_ena4_esp005_ex	N159	10X_up
1350	0	1	149	0.1	1.0	population_size_change	phlag_mlt_noprior_noprior_esp001_ex	N159	10X_up
1346	4	0	150	0.1	1.0	population_size_change	phlag_dto_eap01_ena4_esp001	N159	10X_up
1214	136	90	60	0.1	1.0	population_size_change	phlag_dto_noprior_noprior_free_ex	N159	10X_up
1346	4	0	150	0.1	1.0	population_size_change	phlag_dto_eap01_ena4_esp005_ex	N159	10X_up
1262	88	150	0	0.1	1.0	population_size_change	phlag_dto_eap005_ena2_esp001_ex	N159	10X_up
1336	14	150	0	0.1	1.0	population_size_change	phlag_dto_eap01_ena4_rev001_ex	N159	10X_up
1347	3	150	0	0.1	1.0	population_size_change	phlag_dto_eap01_ena4_esp001_ex	N159	10X_up
1425	0	75	0	0.05	1.0	population_size_change	phlag_mlt_eap01_ena4_esp010_ex	N714	10X_up
1423	2	75	0	0.05	1.0	population_size_change	phlag_dto_eap01_ena4_free_ex	N714	10X_up
1425	0	75	0	0.05	1.0	population_size_change	phlag_mlt_eap01_ena4_free_ex	N714	10X_up
1423	2	0	75	0.05	1.0	population_size_change	phlag_mlt_eap01_ena4_esp001_ex	N714	10X_up
1425	0	28	47	0.05	1.0	population_size_change	phlag_dto_eap01_ena4_rev0001_ex	N714	10X_up
1425	0	75	0	0.05	1.0	population_size_change	phlag_mlt_eap01_ena4_esp005_ex	N714	10X_up
1423	2	0	75	0.05	1.0	population_size_change	phlag_mlt_noprior_noprior_esp001_ex	N714	10X_up
1423	2	0	75	0.05	1.0	population_size_change	phlag_dto_eap01_ena4_esp001	N714	10X_up
733	692	41	34	0.05	1.0	population_size_change	phlag_dto_noprior_noprior_free_ex	N714	10X_up
1423	2	0	75	0.05	1.0	population_size_change	phlag_dto_eap01_ena4_esp005_ex	N714	10X_up
1360	65	75	0	0.05	1.0	population_size_change	phlag_dto_eap005_ena2_esp001_ex	N714	10X_up
1423	2	75	0	0.05	1.0	population_size_change	phlag_dto_eap01_ena4_rev001_ex	N714	10X_up
1425	0	16	59	0.05	1.0	population_size_change	phlag_dto_eap01_ena4_esp001_ex	N714	10X_up
1176	24	6	294	0.2	1.0	population_size_change	phlag_mlt_eap01_ena4_esp010_ex	N554	10X_up
1176	24	6	294	0.2	1.0	population_size_change	phlag_dto_eap01_ena4_free_ex	N554	10X_up
1176	24	6	294	0.2	1.0	population_size_change	phlag_mlt_eap01_ena4_free_ex	N554	10X_up
1176	24	6	294	0.2	1.0	population_size_change	phlag_mlt_eap01_ena4_esp001_ex	N554	10X_up
1176	24	6	294	0.2	1.0	population_size_change	phlag_dto_eap01_ena4_rev0001_ex	N554	10X_up
1176	24	6	294	0.2	1.0	population_size_change	phlag_mlt_eap01_ena4_esp005_ex	N554	10X_up
1176	24	6	294	0.2	1.0	population_size_change	phlag_mlt_noprior_noprior_esp001_ex	N554	10X_up
1176	24	6	294	0.2	1.0	population_size_change	phlag_dto_eap01_ena4_esp001	N554	10X_up
602	598	150	150	0.2	1.0	population_size_change	phlag_dto_noprior_noprior_free_ex	N554	10X_up
1176	24	6	294	0.2	1.0	population_size_change	phlag_dto_eap01_ena4_esp005_ex	N554	10X_up
1176	24	6	294	0.2	1.0	population_size_change	phlag_dto_eap005_ena2_esp001_ex	N554	10X_up
1176	24	6	294	0.2	1.0	population_size_change	phlag_dto_eap01_ena4_rev001_ex	N554	10X_up
1176	24	6	294	0.2	1.0	population_size_change	phlag_dto_eap01_ena4_esp001_ex	N554	10X_up
1274	196	30	0	0.02	1.0	population_size_change	phlag_mlt_eap01_ena4_esp010_ex	N679	10X_down
938	532	0	30	0.02	1.0	population_size_change	phlag_dto_eap01_ena4_free_ex	N679	10X_down
1434	36	30	0	0.02	1.0	population_size_change	phlag_mlt_eap01_ena4_free_ex	N679	10X_down
1411	59	21	9	0.02	1.0	population_size_change	phlag_mlt_eap01_ena4_esp001_ex	N679	10X_down
958	512	0	30	0.02	1.0	population_size_change	phlag_dto_eap01_ena4_rev0001_ex	N679	10X_down
1411	59	21	9	0.02	1.0	population_size_change	phlag_mlt_eap01_ena4_esp005_ex	N679	10X_down
1411	59	21	9	0.02	1.0	population_size_change	phlag_mlt_noprior_noprior_esp001_ex	N679	10X_down
1470	0	30	0	0.02	1.0	population_size_change	phlag_dto_eap01_ena4_esp001	N679	10X_down
1092	378	24	6	0.02	1.0	population_size_change	phlag_dto_noprior_noprior_free_ex	N679	10X_down
1201	269	30	0	0.02	1.0	population_size_change	phlag_dto_eap01_ena4_esp005_ex	N679	10X_down
1388	82	30	0	0.02	1.0	population_size_change	phlag_dto_eap005_ena2_esp001_ex	N679	10X_down
1069	401	30	0	0.02	1.0	population_size_change	phlag_dto_eap01_ena4_rev001_ex	N679	10X_down
898	572	0	30	0.02	1.0	population_size_change	phlag_dto_eap01_ena4_esp001_ex	N679	10X_down
1027	248	225	0	0.15	1.0	population_size_change	phlag_mlt_eap01_ena4_esp010_ex	N109	10X_down
1274	1	225	0	0.15	1.0	population_size_change	phlag_dto_eap01_ena4_free_ex	N109	10X_down
1275	0	225	0	0.15	1.0	population_size_change	phlag_mlt_eap01_ena4_free_ex	N109	10X_down
1027	248	225	0	0.15	1.0	population_size_change	phlag_mlt_eap01_ena4_esp001_ex	N109	10X_down
1275	0	225	0	0.15	1.0	population_size_change	phlag_dto_eap01_ena4_rev0001_ex	N109	10X_down
1186	89	225	0	0.15	1.0	population_size_change	phlag_mlt_eap01_ena4_esp005_ex	N109	10X_down
1027	248	225	0	0.15	1.0	population_size_change	phlag_mlt_noprior_noprior_esp001_ex	N109	10X_down
1275	0	225	0	0.15	1.0	population_size_change	phlag_dto_eap01_ena4_esp001	N109	10X_down
650	625	114	111	0.15	1.0	population_size_change	phlag_dto_noprior_noprior_free_ex	N109	10X_down
1275	0	225	0	0.15	1.0	population_size_change	phlag_dto_eap01_ena4_esp005_ex	N109	10X_down
1275	0	225	0	0.15	1.0	population_size_change	phlag_dto_eap005_ena2_esp001_ex	N109	10X_down
1275	0	225	0	0.15	1.0	population_size_change	phlag_dto_eap01_ena4_rev001_ex	N109	10X_down
1275	0	225	0	0.15	1.0	population_size_change	phlag_dto_eap01_ena4_esp001_ex	N109	10X_down
1457	13	10	20	0.02	1.0	population_size_change	phlag_mlt_eap01_ena4_esp010_ex	N425	10X_up
1429	41	2	28	0.02	1.0	population_size_change	phlag_dto_eap01_ena4_free_ex	N425	10X_up
1462	8	2	28	0.02	1.0	population_size_change	phlag_mlt_eap01_ena4_free_ex	N425	10X_up
1462	8	2	28	0.02	1.0	population_size_change	phlag_mlt_eap01_ena4_esp001_ex	N425	10X_up
1456	14	2	28	0.02	1.0	population_size_change	phlag_dto_eap01_ena4_rev0001_ex	N425	10X_up
1462	8	2	28	0.02	1.0	population_size_change	phlag_mlt_eap01_ena4_esp005_ex	N425	10X_up
1462	8	2	28	0.02	1.0	population_size_change	phlag_mlt_noprior_noprior_esp001_ex	N425	10X_up
1470	0	2	28	0.02	1.0	population_size_change	phlag_dto_eap01_ena4_esp001	N425	10X_up
1431	39	18	12	0.02	1.0	population_size_change	phlag_dto_noprior_noprior_free_ex	N425	10X_up
1456	14	2	28	0.02	1.0	population_size_change	phlag_dto_eap01_ena4_esp005_ex	N425	10X_up
1461	9	2	28	0.02	1.0	population_size_change	phlag_dto_eap005_ena2_esp001_ex	N425	10X_up
1443	27	2	28	0.02	1.0	population_size_change	phlag_dto_eap01_ena4_rev001_ex	N425	10X_up
1456	14	2	28	0.02	1.0	population_size_change	phlag_dto_eap01_ena4_esp001_ex	N425	10X_up
1470	0	30	0	0.02	1.0	population_size_change	phlag_mlt_eap01_ena4_esp010_ex	N228	10X_down
1295	175	30	0	0.02	1.0	population_size_change	phlag_dto_eap01_ena4_free_ex	N228	10X_down
1470	0	30	0	0.02	1.0	population_size_change	phlag_mlt_eap01_ena4_free_ex	N228	10X_down
1167	303	30	0	0.02	1.0	population_size_change	phlag_mlt_eap01_ena4_esp001_ex	N228	10X_down
1468	2	30	0	0.02	1.0	population_size_change	phlag_dto_eap01_ena4_rev0001_ex	N228	10X_down
1470	0	30	0	0.02	1.0	population_size_change	phlag_mlt_eap01_ena4_esp005_ex	N228	10X_down
1470	0	30	0	0.02	1.0	population_size_change	phlag_mlt_noprior_noprior_esp001_ex	N228	10X_down
1443	27	30	0	0.02	1.0	population_size_change	phlag_dto_eap01_ena4_esp001	N228	10X_down
939	531	21	9	0.02	1.0	population_size_change	phlag_dto_noprior_noprior_free_ex	N228	10X_down
932	538	30	0	0.02	1.0	population_size_change	phlag_dto_eap01_ena4_esp005_ex	N228	10X_down
1376	94	30	0	0.02	1.0	population_size_change	phlag_dto_eap005_ena2_esp001_ex	N228	10X_down
1325	145	30	0	0.02	1.0	population_size_change	phlag_dto_eap01_ena4_rev001_ex	N228	10X_down
1424	46	30	0	0.02	1.0	population_size_change	phlag_dto_eap01_ena4_esp001_ex	N228	10X_down
1124	1	2	373	0.25	1.0	population_size_change	phlag_mlt_eap01_ena4_esp010_ex	N473	10X_down
1115	10	375	0	0.25	1.0	population_size_change	phlag_dto_eap01_ena4_free_ex	N473	10X_down
1094	31	2	373	0.25	1.0	population_size_change	phlag_mlt_eap01_ena4_free_ex	N473	10X_down
1124	1	44	331	0.25	1.0	population_size_change	phlag_mlt_eap01_ena4_esp001_ex	N473	10X_down
1124	1	89	286	0.25	1.0	population_size_change	phlag_dto_eap01_ena4_rev0001_ex	N473	10X_down
1124	1	2	373	0.25	1.0	population_size_change	phlag_mlt_eap01_ena4_esp005_ex	N473	10X_down
1124	1	44	331	0.25	1.0	population_size_change	phlag_mlt_noprior_noprior_esp001_ex	N473	10X_down
1124	1	89	286	0.25	1.0	population_size_change	phlag_dto_eap01_ena4_esp001	N473	10X_down
579	546	273	102	0.25	1.0	population_size_change	phlag_dto_noprior_noprior_free_ex	N473	10X_down
1124	1	89	286	0.25	1.0	population_size_change	phlag_dto_eap01_ena4_esp005_ex	N473	10X_down
1125	0	375	0	0.25	1.0	population_size_change	phlag_dto_eap005_ena2_esp001_ex	N473	10X_down
1124	1	89	286	0.25	1.0	population_size_change	phlag_dto_eap01_ena4_rev001_ex	N473	10X_down
1124	1	89	286	0.25	1.0	population_size_change	phlag_dto_eap01_ena4_esp001_ex	N473	10X_down
775	425	300	0	0.2	1.0	population_size_change	phlag_mlt_eap01_ena4_esp010_ex	N616	10X_up
1193	7	300	0	0.2	1.0	population_size_change	phlag_dto_eap01_ena4_free_ex	N616	10X_up
1196	4	300	0	0.2	1.0	population_size_change	phlag_mlt_eap01_ena4_free_ex	N616	10X_up
775	425	300	0	0.2	1.0	population_size_change	phlag_mlt_eap01_ena4_esp001_ex	N616	10X_up
779	421	300	0	0.2	1.0	population_size_change	phlag_dto_eap01_ena4_rev0001_ex	N616	10X_up
1035	165	0	300	0.2	1.0	population_size_change	phlag_mlt_eap01_ena4_esp005_ex	N616	10X_up
775	425	300	0	0.2	1.0	population_size_change	phlag_mlt_noprior_noprior_esp001_ex	N616	10X_up
832	368	300	0	0.2	1.0	population_size_change	phlag_dto_eap01_ena4_esp001	N616	10X_up
904	296	247	53	0.2	1.0	population_size_change	phlag_dto_noprior_noprior_free_ex	N616	10X_up
980	220	300	0	0.2	1.0	population_size_change	phlag_dto_eap01_ena4_esp005_ex	N616	10X_up
779	421	300	0	0.2	1.0	population_size_change	phlag_dto_eap005_ena2_esp001_ex	N616	10X_up
1192	8	300	0	0.2	1.0	population_size_change	phlag_dto_eap01_ena4_rev001_ex	N616	10X_up
779	421	300	0	0.2	1.0	population_size_change	phlag_dto_eap01_ena4_esp001_ex	N616	10X_up
1228	197	75	0	0.05	1.0	population_size_change	phlag_mlt_eap01_ena4_esp010_ex	N299	10X_down
1129	296	63	12	0.05	1.0	population_size_change	phlag_dto_eap01_ena4_free_ex	N299	10X_down
1228	197	75	0	0.05	1.0	population_size_change	phlag_mlt_eap01_ena4_free_ex	N299	10X_down
946	479	0	75	0.05	1.0	population_size_change	phlag_mlt_eap01_ena4_esp001_ex	N299	10X_down
1136	289	63	12	0.05	1.0	population_size_change	phlag_dto_eap01_ena4_rev0001_ex	N299	10X_down
1249	176	75	0	0.05	1.0	population_size_change	phlag_mlt_eap01_ena4_esp005_ex	N299	10X_down
1282	143	75	0	0.05	1.0	population_size_change	phlag_mlt_noprior_noprior_esp001_ex	N299	10X_down
1379	46	75	0	0.05	1.0	population_size_change	phlag_dto_eap01_ena4_esp001	N299	10X_down
1014	411	50	25	0.05	1.0	population_size_change	phlag_dto_noprior_noprior_free_ex	N299	10X_down
1142	283	75	0	0.05	1.0	population_size_change	phlag_dto_eap01_ena4_esp005_ex	N299	10X_down
1195	230	75	0	0.05	1.0	population_size_change	phlag_dto_eap005_ena2_esp001_ex	N299	10X_down
815	610	63	12	0.05	1.0	population_size_change	phlag_dto_eap01_ena4_rev001_ex	N299	10X_down
1266	159	28	47	0.05	1.0	population_size_change	phlag_dto_eap01_ena4_esp001_ex	N299	10X_down
1116	9	1	374	0.25	1.0	population_size_change	phlag_mlt_eap01_ena4_esp010_ex	N399	10X_up
1125	0	375	0	0.25	1.0	population_size_change	phlag_dto_eap01_ena4_free_ex	N399	10X_up
1121	4	375	0	0.25	1.0	population_size_change	phlag_mlt_eap01_ena4_free_ex	N399	10X_up
1116	9	1	374	0.25	1.0	population_size_change	phlag_mlt_eap01_ena4_esp001_ex	N399	10X_up
1116	9	1	374	0.25	1.0	population_size_change	phlag_dto_eap01_ena4_rev0001_ex	N399	10X_up
1116	9	1	374	0.25	1.0	population_size_change	phlag_mlt_eap01_ena4_esp005_ex	N399	10X_up
1116	9	1	374	0.25	1.0	population_size_change	phlag_mlt_noprior_noprior_esp001_ex	N399	10X_up
1117	8	1	374	0.25	1.0	population_size_change	phlag_dto_eap01_ena4_esp001	N399	10X_up
588	537	198	177	0.25	1.0	population_size_change	phlag_dto_noprior_noprior_free_ex	N399	10X_up
1116	9	1	374	0.25	1.0	population_size_change	phlag_dto_eap01_ena4_esp005_ex	N399	10X_up
1116	9	1	374	0.25	1.0	population_size_change	phlag_dto_eap005_ena2_esp001_ex	N399	10X_up
1113	12	375	0	0.25	1.0	population_size_change	phlag_dto_eap01_ena4_rev001_ex	N399	10X_up
1116	9	1	374	0.25	1.0	population_size_change	phlag_dto_eap01_ena4_esp001_ex	N399	10X_up
1168	107	225	0	0.15	1.0	population_size_change	phlag_mlt_eap01_ena4_esp010_ex	N638	10X_down
1272	3	225	0	0.15	1.0	population_size_change	phlag_dto_eap01_ena4_free_ex	N638	10X_down
1274	1	225	0	0.15	1.0	population_size_change	phlag_mlt_eap01_ena4_free_ex	N638	10X_down
1096	179	225	0	0.15	1.0	population_size_change	phlag_mlt_eap01_ena4_esp001_ex	N638	10X_down
661	614	195	30	0.15	1.0	population_size_change	phlag_dto_eap01_ena4_rev0001_ex	N638	10X_down
1123	152	225	0	0.15	1.0	population_size_change	phlag_mlt_eap01_ena4_esp005_ex	N638	10X_down
1123	152	225	0	0.15	1.0	population_size_change	phlag_mlt_noprior_noprior_esp001_ex	N638	10X_down
1274	1	225	0	0.15	1.0	population_size_change	phlag_dto_eap01_ena4_esp001	N638	10X_down
1261	14	225	0	0.15	1.0	population_size_change	phlag_dto_noprior_noprior_free_ex	N638	10X_down
773	502	0	225	0.15	1.0	population_size_change	phlag_dto_eap01_ena4_esp005_ex	N638	10X_down
1267	8	225	0	0.15	1.0	population_size_change	phlag_dto_eap005_ena2_esp001_ex	N638	10X_down
1274	1	225	0	0.15	1.0	population_size_change	phlag_dto_eap01_ena4_rev001_ex	N638	10X_down
885	390	185	40	0.15	1.0	population_size_change	phlag_dto_eap01_ena4_esp001_ex	N638	10X_down
1396	29	75	0	0.05	1.0	population_size_change	phlag_mlt_eap01_ena4_esp010_ex	N109	10X_down
1424	1	75	0	0.05	1.0	population_size_change	phlag_dto_eap01_ena4_free_ex	N109	10X_down
1425	0	75	0	0.05	1.0	population_size_change	phlag_mlt_eap01_ena4_free_ex	N109	10X_down
1425	0	75	0	0.05	1.0	population_size_change	phlag_mlt_eap01_ena4_esp001_ex	N109	10X_down
1425	0	75	0	0.05	1.0	population_size_change	phlag_dto_eap01_ena4_rev0001_ex	N109	10X_down
1425	0	75	0	0.05	1.0	population_size_change	phlag_mlt_eap01_ena4_esp005_ex	N109	10X_down
1396	29	75	0	0.05	1.0	population_size_change	phlag_mlt_noprior_noprior_esp001_ex	N109	10X_down
1425	0	75	0	0.05	1.0	population_size_change	phlag_dto_eap01_ena4_esp001	N109	10X_down
1379	46	73	2	0.05	1.0	population_size_change	phlag_dto_noprior_noprior_free_ex	N109	10X_down
1103	322	75	0	0.05	1.0	population_size_change	phlag_dto_eap01_ena4_esp005_ex	N109	10X_down
1425	0	75	0	0.05	1.0	population_size_change	phlag_dto_eap005_ena2_esp001_ex	N109	10X_down
1425	0	75	0	0.05	1.0	population_size_change	phlag_dto_eap01_ena4_rev001_ex	N109	10X_down
1425	0	75	0	0.05	1.0	population_size_change	phlag_dto_eap01_ena4_esp001_ex	N109	10X_down
1409	61	0	30	0.02	1.0	population_size_change	phlag_mlt_eap01_ena4_esp010_ex	N617	10X_up
1128	342	30	0	0.02	1.0	population_size_change	phlag_dto_eap01_ena4_free_ex	N617	10X_up
1467	3	30	0	0.02	1.0	population_size_change	phlag_mlt_eap01_ena4_free_ex	N617	10X_up
1409	61	0	30	0.02	1.0	population_size_change	phlag_mlt_eap01_ena4_esp001_ex	N617	10X_up
1454	16	30	0	0.02	1.0	population_size_change	phlag_dto_eap01_ena4_rev0001_ex	N617	10X_up
1409	61	0	30	0.02	1.0	population_size_change	phlag_mlt_eap01_ena4_esp005_ex	N617	10X_up
1408	62	0	30	0.02	1.0	population_size_change	phlag_mlt_noprior_noprior_esp001_ex	N617	10X_up
1455	15	5	25	0.02	1.0	population_size_change	phlag_dto_eap01_ena4_esp001	N617	10X_up
789	681	16	14	0.02	1.0	population_size_change	phlag_dto_noprior_noprior_free_ex	N617	10X_up
1454	16	30	0	0.02	1.0	population_size_change	phlag_dto_eap01_ena4_esp005_ex	N617	10X_up
1414	56	0	30	0.02	1.0	population_size_change	phlag_dto_eap005_ena2_esp001_ex	N617	10X_up
1454	16	30	0	0.02	1.0	population_size_change	phlag_dto_eap01_ena4_rev001_ex	N617	10X_up
1456	14	30	0	0.02	1.0	population_size_change	phlag_dto_eap01_ena4_esp001_ex	N617	10X_up
1122	3	0	375	0.25	1.0	population_size_change	phlag_mlt_eap01_ena4_esp010_ex	N228	10X_up
1122	3	0	375	0.25	1.0	population_size_change	phlag_dto_eap01_ena4_free_ex	N228	10X_up
1122	3	0	375	0.25	1.0	population_size_change	phlag_mlt_eap01_ena4_free_ex	N228	10X_up
1122	3	0	375	0.25	1.0	population_size_change	phlag_mlt_eap01_ena4_esp001_ex	N228	10X_up
1122	3	0	375	0.25	1.0	population_size_change	phlag_dto_eap01_ena4_rev0001_ex	N228	10X_up
1122	3	0	375	0.25	1.0	population_size_change	phlag_mlt_eap01_ena4_esp005_ex	N228	10X_up
1122	3	0	375	0.25	1.0	population_size_change	phlag_mlt_noprior_noprior_esp001_ex	N228	10X_up
1122	3	0	375	0.25	1.0	population_size_change	phlag_dto_eap01_ena4_esp001	N228	10X_up
730	395	250	125	0.25	1.0	population_size_change	phlag_dto_noprior_noprior_free_ex	N228	10X_up
1122	3	0	375	0.25	1.0	population_size_change	phlag_dto_eap01_ena4_esp005_ex	N228	10X_up
1122	3	0	375	0.25	1.0	population_size_change	phlag_dto_eap005_ena2_esp001_ex	N228	10X_up
1122	3	0	375	0.25	1.0	population_size_change	phlag_dto_eap01_ena4_rev001_ex	N228	10X_up
1122	3	0	375	0.25	1.0	population_size_change	phlag_dto_eap01_ena4_esp001_ex	N228	10X_up
1090	185	76	149	0.15	1.0	population_size_change	phlag_mlt_eap01_ena4_esp010_ex	N220	10X_up
1009	266	130	95	0.15	1.0	population_size_change	phlag_dto_eap01_ena4_free_ex	N220	10X_up
1275	0	225	0	0.15	1.0	population_size_change	phlag_mlt_eap01_ena4_free_ex	N220	10X_up
1180	95	135	90	0.15	1.0	population_size_change	phlag_mlt_eap01_ena4_esp001_ex	N220	10X_up
1089	186	225	0	0.15	1.0	population_size_change	phlag_dto_eap01_ena4_rev0001_ex	N220	10X_up
1176	99	135	90	0.15	1.0	population_size_change	phlag_mlt_eap01_ena4_esp005_ex	N220	10X_up
1180	95	135	90	0.15	1.0	population_size_change	phlag_mlt_noprior_noprior_esp001_ex	N220	10X_up
1234	41	30	195	0.15	1.0	population_size_change	phlag_dto_eap01_ena4_esp001	N220	10X_up
840	435	159	66	0.15	1.0	population_size_change	phlag_dto_noprior_noprior_free_ex	N220	10X_up
1009	266	130	95	0.15	1.0	population_size_change	phlag_dto_eap01_ena4_esp005_ex	N220	10X_up
1009	266	130	95	0.15	1.0	population_size_change	phlag_dto_eap005_ena2_esp001_ex	N220	10X_up
1275	0	225	0	0.15	1.0	population_size_change	phlag_dto_eap01_ena4_rev001_ex	N220	10X_up
1009	266	130	95	0.15	1.0	population_size_change	phlag_dto_eap01_ena4_esp001_ex	N220	10X_up
1063	137	7	293	0.2	1.0	population_size_change	phlag_mlt_eap01_ena4_esp010_ex	N274	10X_down
1182	18	5	295	0.2	1.0	population_size_change	phlag_dto_eap01_ena4_free_ex	N274	10X_down
1192	8	7	293	0.2	1.0	population_size_change	phlag_mlt_eap01_ena4_free_ex	N274	10X_down
1073	127	7	293	0.2	1.0	population_size_change	phlag_mlt_eap01_ena4_esp001_ex	N274	10X_down
801	399	7	293	0.2	1.0	population_size_change	phlag_dto_eap01_ena4_rev0001_ex	N274	10X_down
1192	8	7	293	0.2	1.0	population_size_change	phlag_mlt_eap01_ena4_esp005_ex	N274	10X_down
1192	8	7	293	0.2	1.0	population_size_change	phlag_mlt_noprior_noprior_esp001_ex	N274	10X_down
1192	8	5	295	0.2	1.0	population_size_change	phlag_dto_eap01_ena4_esp001	N274	10X_down
908	292	257	43	0.2	1.0	population_size_change	phlag_dto_noprior_noprior_free_ex	N274	10X_down
801	399	7	293	0.2	1.0	population_size_change	phlag_dto_eap01_ena4_esp005_ex	N274	10X_down
1182	18	5	295	0.2	1.0	population_size_change	phlag_dto_eap005_ena2_esp001_ex	N274	10X_down
1182	18	5	295	0.2	1.0	population_size_change	phlag_dto_eap01_ena4_rev001_ex	N274	10X_down
801	399	7	293	0.2	1.0	population_size_change	phlag_dto_eap01_ena4_esp001_ex	N274	10X_down
866	259	0	375	0.25	1.0	population_size_change	phlag_mlt_eap01_ena4_esp010_ex	N276	10X_down
918	207	278	97	0.25	1.0	population_size_change	phlag_dto_eap01_ena4_free_ex	N276	10X_down
1057	68	330	45	0.25	1.0	population_size_change	phlag_mlt_eap01_ena4_free_ex	N276	10X_down
866	259	0	375	0.25	1.0	population_size_change	phlag_mlt_eap01_ena4_esp001_ex	N276	10X_down
855	270	0	375	0.25	1.0	population_size_change	phlag_dto_eap01_ena4_rev0001_ex	N276	10X_down
872	253	132	243	0.25	1.0	population_size_change	phlag_mlt_eap01_ena4_esp005_ex	N276	10X_down
866	259	0	375	0.25	1.0	population_size_change	phlag_mlt_noprior_noprior_esp001_ex	N276	10X_down
1125	0	375	0	0.25	1.0	population_size_change	phlag_dto_eap01_ena4_esp001	N276	10X_down
738	387	245	130	0.25	1.0	population_size_change	phlag_dto_noprior_noprior_free_ex	N276	10X_down
855	270	0	375	0.25	1.0	population_size_change	phlag_dto_eap01_ena4_esp005_ex	N276	10X_down
855	270	0	375	0.25	1.0	population_size_change	phlag_dto_eap005_ena2_esp001_ex	N276	10X_down
874	251	0	375	0.25	1.0	population_size_change	phlag_dto_eap01_ena4_rev001_ex	N276	10X_down
1006	119	184	191	0.25	1.0	population_size_change	phlag_dto_eap01_ena4_esp001_ex	N276	10X_down
1125	0	316	59	0.25	1.0	population_size_change	phlag_mlt_eap01_ena4_esp010_ex	N690	10X_up
1010	115	318	57	0.25	1.0	population_size_change	phlag_dto_eap01_ena4_free_ex	N690	10X_up
676	449	253	122	0.25	1.0	population_size_change	phlag_mlt_eap01_ena4_free_ex	N690	10X_up
1125	0	375	0	0.25	1.0	population_size_change	phlag_mlt_eap01_ena4_esp001_ex	N690	10X_up
840	285	121	254	0.25	1.0	population_size_change	phlag_dto_eap01_ena4_rev0001_ex	N690	10X_up
536	589	344	31	0.25	1.0	population_size_change	phlag_mlt_eap01_ena4_esp005_ex	N690	10X_up
647	478	132	243	0.25	1.0	population_size_change	phlag_mlt_noprior_noprior_esp001_ex	N690	10X_up
1086	39	375	0	0.25	1.0	population_size_change	phlag_dto_eap01_ena4_esp001	N690	10X_up
600	525	223	152	0.25	1.0	population_size_change	phlag_dto_noprior_noprior_free_ex	N690	10X_up
878	247	337	38	0.25	1.0	population_size_change	phlag_dto_eap01_ena4_esp005_ex	N690	10X_up
926	199	147	228	0.25	1.0	population_size_change	phlag_dto_eap005_ena2_esp001_ex	N690	10X_up
749	376	246	129	0.25	1.0	population_size_change	phlag_dto_eap01_ena4_rev001_ex	N690	10X_up
915	210	250	125	0.25	1.0	population_size_change	phlag_dto_eap01_ena4_esp001_ex	N690	10X_up
806	394	300	0	0.2	1.0	population_size_change	phlag_mlt_eap01_ena4_esp010_ex	N575	10X_down
1149	51	300	0	0.2	1.0	population_size_change	phlag_dto_eap01_ena4_free_ex	N575	10X_down
1179	21	300	0	0.2	1.0	population_size_change	phlag_mlt_eap01_ena4_free_ex	N575	10X_down
806	394	300	0	0.2	1.0	population_size_change	phlag_mlt_eap01_ena4_esp001_ex	N575	10X_down
892	308	23	277	0.2	1.0	population_size_change	phlag_dto_eap01_ena4_rev0001_ex	N575	10X_down
795	405	300	0	0.2	1.0	population_size_change	phlag_mlt_eap01_ena4_esp005_ex	N575	10X_down
1081	119	209	91	0.2	1.0	population_size_change	phlag_mlt_noprior_noprior_esp001_ex	N575	10X_down
1200	0	55	245	0.2	1.0	population_size_change	phlag_dto_eap01_ena4_esp001	N575	10X_down
876	324	214	86	0.2	1.0	population_size_change	phlag_dto_noprior_noprior_free_ex	N575	10X_down
892	308	26	274	0.2	1.0	population_size_change	phlag_dto_eap01_ena4_esp005_ex	N575	10X_down
738	462	291	9	0.2	1.0	population_size_change	phlag_dto_eap005_ena2_esp001_ex	N575	10X_down
892	308	23	277	0.2	1.0	population_size_change	phlag_dto_eap01_ena4_rev001_ex	N575	10X_down
521	679	277	23	0.2	1.0	population_size_change	phlag_dto_eap01_ena4_esp001_ex	N575	10X_down
1275	0	34	191	0.15	1.0	population_size_change	phlag_mlt_eap01_ena4_esp010_ex	N159	10X_up
1275	0	11	214	0.15	1.0	population_size_change	phlag_dto_eap01_ena4_free_ex	N159	10X_up
1275	0	225	0	0.15	1.0	population_size_change	phlag_mlt_eap01_ena4_free_ex	N159	10X_up
1275	0	34	191	0.15	1.0	population_size_change	phlag_mlt_eap01_ena4_esp001_ex	N159	10X_up
1275	0	11	214	0.15	1.0	population_size_change	phlag_dto_eap01_ena4_rev0001_ex	N159	10X_up
1275	0	34	191	0.15	1.0	population_size_change	phlag_mlt_eap01_ena4_esp005_ex	N159	10X_up
1275	0	13	212	0.15	1.0	population_size_change	phlag_mlt_noprior_noprior_esp001_ex	N159	10X_up
1275	0	11	214	0.15	1.0	population_size_change	phlag_dto_eap01_ena4_esp001	N159	10X_up
1137	138	136	89	0.15	1.0	population_size_change	phlag_dto_noprior_noprior_free_ex	N159	10X_up
1275	0	11	214	0.15	1.0	population_size_change	phlag_dto_eap01_ena4_esp005_ex	N159	10X_up
1275	0	11	214	0.15	1.0	population_size_change	phlag_dto_eap005_ena2_esp001_ex	N159	10X_up
1241	34	225	0	0.15	1.0	population_size_change	phlag_dto_eap01_ena4_rev001_ex	N159	10X_up
1275	0	11	214	0.15	1.0	population_size_change	phlag_dto_eap01_ena4_esp001_ex	N159	10X_up
1100	100	300	0	0.2	1.0	population_size_change	phlag_mlt_eap01_ena4_esp010_ex	N491	10X_down
1125	75	300	0	0.2	1.0	population_size_change	phlag_dto_eap01_ena4_free_ex	N491	10X_down
1200	0	300	0	0.2	1.0	population_size_change	phlag_mlt_eap01_ena4_free_ex	N491	10X_down
1100	100	300	0	0.2	1.0	population_size_change	phlag_mlt_eap01_ena4_esp001_ex	N491	10X_down
1036	164	289	11	0.2	1.0	population_size_change	phlag_dto_eap01_ena4_rev0001_ex	N491	10X_down
1100	100	300	0	0.2	1.0	population_size_change	phlag_mlt_eap01_ena4_esp005_ex	N491	10X_down
1100	100	300	0	0.2	1.0	population_size_change	phlag_mlt_noprior_noprior_esp001_ex	N491	10X_down
942	258	0	300	0.2	1.0	population_size_change	phlag_dto_eap01_ena4_esp001	N491	10X_down
663	537	162	138	0.2	1.0	population_size_change	phlag_dto_noprior_noprior_free_ex	N491	10X_down
634	566	273	27	0.2	1.0	population_size_change	phlag_dto_eap01_ena4_esp005_ex	N491	10X_down
1036	164	289	11	0.2	1.0	population_size_change	phlag_dto_eap005_ena2_esp001_ex	N491	10X_down
1109	91	300	0	0.2	1.0	population_size_change	phlag_dto_eap01_ena4_rev001_ex	N491	10X_down
1036	164	289	11	0.2	1.0	population_size_change	phlag_dto_eap01_ena4_esp001_ex	N491	10X_down
1244	31	225	0	0.15	1.0	population_size_change	phlag_mlt_eap01_ena4_esp010_ex	N459	10X_down
1270	5	224	1	0.15	1.0	population_size_change	phlag_dto_eap01_ena4_free_ex	N459	10X_down
1275	0	225	0	0.15	1.0	population_size_change	phlag_mlt_eap01_ena4_free_ex	N459	10X_down
1244	31	225	0	0.15	1.0	population_size_change	phlag_mlt_eap01_ena4_esp001_ex	N459	10X_down
1272	3	225	0	0.15	1.0	population_size_change	phlag_dto_eap01_ena4_rev0001_ex	N459	10X_down
1147	128	225	0	0.15	1.0	population_size_change	phlag_mlt_eap01_ena4_esp005_ex	N459	10X_down
1147	128	225	0	0.15	1.0	population_size_change	phlag_mlt_noprior_noprior_esp001_ex	N459	10X_down
1176	99	225	0	0.15	1.0	population_size_change	phlag_dto_eap01_ena4_esp001	N459	10X_down
1222	53	218	7	0.15	1.0	population_size_change	phlag_dto_noprior_noprior_free_ex	N459	10X_down
866	409	178	47	0.15	1.0	population_size_change	phlag_dto_eap01_ena4_esp005_ex	N459	10X_down
1270	5	224	1	0.15	1.0	population_size_change	phlag_dto_eap005_ena2_esp001_ex	N459	10X_down
1270	5	223	2	0.15	1.0	population_size_change	phlag_dto_eap01_ena4_rev001_ex	N459	10X_down
1272	3	225	0	0.15	1.0	population_size_change	phlag_dto_eap01_ena4_esp001_ex	N459	10X_down
1336	89	75	0	0.05	1.0	population_size_change	phlag_mlt_eap01_ena4_esp010_ex	N118	10X_up
1128	297	57	18	0.05	1.0	population_size_change	phlag_dto_eap01_ena4_free_ex	N118	10X_up
1423	2	75	0	0.05	1.0	population_size_change	phlag_mlt_eap01_ena4_free_ex	N118	10X_up
1336	89	75	0	0.05	1.0	population_size_change	phlag_mlt_eap01_ena4_esp001_ex	N118	10X_up
1132	293	57	18	0.05	1.0	population_size_change	phlag_dto_eap01_ena4_rev0001_ex	N118	10X_up
1300	125	75	0	0.05	1.0	population_size_change	phlag_mlt_eap01_ena4_esp005_ex	N118	10X_up
959	466	75	0	0.05	1.0	population_size_change	phlag_mlt_noprior_noprior_esp001_ex	N118	10X_up
1421	4	75	0	0.05	1.0	population_size_change	phlag_dto_eap01_ena4_esp001	N118	10X_up
1058	367	59	16	0.05	1.0	population_size_change	phlag_dto_noprior_noprior_free_ex	N118	10X_up
1152	273	75	0	0.05	1.0	population_size_change	phlag_dto_eap01_ena4_esp005_ex	N118	10X_up
1145	280	75	0	0.05	1.0	population_size_change	phlag_dto_eap005_ena2_esp001_ex	N118	10X_up
1425	0	75	0	0.05	1.0	population_size_change	phlag_dto_eap01_ena4_rev001_ex	N118	10X_up
1128	297	57	18	0.05	1.0	population_size_change	phlag_dto_eap01_ena4_esp001_ex	N118	10X_up
1315	35	150	0	0.1	1.0	population_size_change	phlag_mlt_eap01_ena4_esp010_ex	N343	10X_down
1349	1	150	0	0.1	1.0	population_size_change	phlag_dto_eap01_ena4_free_ex	N343	10X_down
1350	0	150	0	0.1	1.0	population_size_change	phlag_mlt_eap01_ena4_free_ex	N343	10X_down
836	514	0	150	0.1	1.0	population_size_change	phlag_mlt_eap01_ena4_esp001_ex	N343	10X_down
1350	0	150	0	0.1	1.0	population_size_change	phlag_dto_eap01_ena4_rev0001_ex	N343	10X_down
1350	0	150	0	0.1	1.0	population_size_change	phlag_mlt_eap01_ena4_esp005_ex	N343	10X_down
1315	35	150	0	0.1	1.0	population_size_change	phlag_mlt_noprior_noprior_esp001_ex	N343	10X_down
1350	0	150	0	0.1	1.0	population_size_change	phlag_dto_eap01_ena4_esp001	N343	10X_down
1070	280	120	30	0.1	1.0	population_size_change	phlag_dto_noprior_noprior_free_ex	N343	10X_down
1315	35	150	0	0.1	1.0	population_size_change	phlag_dto_eap01_ena4_esp005_ex	N343	10X_down
1350	0	150	0	0.1	1.0	population_size_change	phlag_dto_eap005_ena2_esp001_ex	N343	10X_down
1349	1	150	0	0.1	1.0	population_size_change	phlag_dto_eap01_ena4_rev001_ex	N343	10X_down
1350	0	150	0	0.1	1.0	population_size_change	phlag_dto_eap01_ena4_esp001_ex	N343	10X_down
1393	32	75	0	0.05	1.0	population_size_change	phlag_mlt_eap01_ena4_esp010_ex	N459	10X_down
1413	12	75	0	0.05	1.0	population_size_change	phlag_dto_eap01_ena4_free_ex	N459	10X_down
1425	0	75	0	0.05	1.0	population_size_change	phlag_mlt_eap01_ena4_free_ex	N459	10X_down
1305	120	75	0	0.05	1.0	population_size_change	phlag_mlt_eap01_ena4_esp001_ex	N459	10X_down
1422	3	75	0	0.05	1.0	population_size_change	phlag_dto_eap01_ena4_rev0001_ex	N459	10X_down
1393	32	75	0	0.05	1.0	population_size_change	phlag_mlt_eap01_ena4_esp005_ex	N459	10X_down
1305	120	75	0	0.05	1.0	population_size_change	phlag_mlt_noprior_noprior_esp001_ex	N459	10X_down
1326	99	75	0	0.05	1.0	population_size_change	phlag_dto_eap01_ena4_esp001	N459	10X_down
732	693	39	36	0.05	1.0	population_size_change	phlag_dto_noprior_noprior_free_ex	N459	10X_down
1230	195	75	0	0.05	1.0	population_size_change	phlag_dto_eap01_ena4_esp005_ex	N459	10X_down
1413	12	75	0	0.05	1.0	population_size_change	phlag_dto_eap005_ena2_esp001_ex	N459	10X_down
1413	12	75	0	0.05	1.0	population_size_change	phlag_dto_eap01_ena4_rev001_ex	N459	10X_down
1140	285	75	0	0.05	1.0	population_size_change	phlag_dto_eap01_ena4_esp001_ex	N459	10X_down
1100	175	225	0	0.15	1.0	population_size_change	phlag_mlt_eap01_ena4_esp010_ex	N679	10X_down
645	630	225	0	0.15	1.0	population_size_change	phlag_dto_eap01_ena4_free_ex	N679	10X_down
1239	36	225	0	0.15	1.0	population_size_change	phlag_mlt_eap01_ena4_free_ex	N679	10X_down
1212	63	225	0	0.15	1.0	population_size_change	phlag_mlt_eap01_ena4_esp001_ex	N679	10X_down
1006	269	225	0	0.15	1.0	population_size_change	phlag_dto_eap01_ena4_rev0001_ex	N679	10X_down
1194	81	225	0	0.15	1.0	population_size_change	phlag_mlt_eap01_ena4_esp005_ex	N679	10X_down
1194	81	225	0	0.15	1.0	population_size_change	phlag_mlt_noprior_noprior_esp001_ex	N679	10X_down
904	371	0	225	0.15	1.0	population_size_change	phlag_dto_eap01_ena4_esp001	N679	10X_down
938	337	173	52	0.15	1.0	population_size_change	phlag_dto_noprior_noprior_free_ex	N679	10X_down
1006	269	225	0	0.15	1.0	population_size_change	phlag_dto_eap01_ena4_esp005_ex	N679	10X_down
1148	127	225	0	0.15	1.0	population_size_change	phlag_dto_eap005_ena2_esp001_ex	N679	10X_down
978	297	225	0	0.15	1.0	population_size_change	phlag_dto_eap01_ena4_rev001_ex	N679	10X_down
1131	144	225	0	0.15	1.0	population_size_change	phlag_dto_eap01_ena4_esp001_ex	N679	10X_down
1272	3	5	220	0.15	1.0	population_size_change	phlag_mlt_eap01_ena4_esp010_ex	N554	10X_up
1272	3	5	220	0.15	1.0	population_size_change	phlag_dto_eap01_ena4_free_ex	N554	10X_up
1272	3	5	220	0.15	1.0	population_size_change	phlag_mlt_eap01_ena4_free_ex	N554	10X_up
1272	3	5	220	0.15	1.0	population_size_change	phlag_mlt_eap01_ena4_esp001_ex	N554	10X_up
1272	3	5	220	0.15	1.0	population_size_change	phlag_dto_eap01_ena4_rev0001_ex	N554	10X_up
1272	3	5	220	0.15	1.0	population_size_change	phlag_mlt_eap01_ena4_esp005_ex	N554	10X_up
1272	3	5	220	0.15	1.0	population_size_change	phlag_mlt_noprior_noprior_esp001_ex	N554	10X_up
1272	3	5	220	0.15	1.0	population_size_change	phlag_dto_eap01_ena4_esp001	N554	10X_up
638	637	113	112	0.15	1.0	population_size_change	phlag_dto_noprior_noprior_free_ex	N554	10X_up
1272	3	5	220	0.15	1.0	population_size_change	phlag_dto_eap01_ena4_esp005_ex	N554	10X_up
1272	3	5	220	0.15	1.0	population_size_change	phlag_dto_eap005_ena2_esp001_ex	N554	10X_up
1272	3	5	220	0.15	1.0	population_size_change	phlag_dto_eap01_ena4_rev001_ex	N554	10X_up
1272	3	5	220	0.15	1.0	population_size_change	phlag_dto_eap01_ena4_esp001_ex	N554	10X_up
1275	0	3	222	0.15	1.0	population_size_change	phlag_mlt_eap01_ena4_esp010_ex	N228	10X_up
1275	0	1	224	0.15	1.0	population_size_change	phlag_dto_eap01_ena4_free_ex	N228	10X_up
1275	0	3	222	0.15	1.0	population_size_change	phlag_mlt_eap01_ena4_free_ex	N228	10X_up
1275	0	3	222	0.15	1.0	population_size_change	phlag_mlt_eap01_ena4_esp001_ex	N228	10X_up
1275	0	1	224	0.15	1.0	population_size_change	phlag_dto_eap01_ena4_rev0001_ex	N228	10X_up
1275	0	3	222	0.15	1.0	population_size_change	phlag_mlt_eap01_ena4_esp005_ex	N228	10X_up
1275	0	3	222	0.15	1.0	population_size_change	phlag_mlt_noprior_noprior_esp001_ex	N228	10X_up
1275	0	3	222	0.15	1.0	population_size_change	phlag_dto_eap01_ena4_esp001	N228	10X_up
806	469	144	81	0.15	1.0	population_size_change	phlag_dto_noprior_noprior_free_ex	N228	10X_up
1275	0	1	224	0.15	1.0	population_size_change	phlag_dto_eap01_ena4_esp005_ex	N228	10X_up
1275	0	1	224	0.15	1.0	population_size_change	phlag_dto_eap005_ena2_esp001_ex	N228	10X_up
1275	0	1	224	0.15	1.0	population_size_change	phlag_dto_eap01_ena4_rev001_ex	N228	10X_up
1275	0	1	224	0.15	1.0	population_size_change	phlag_dto_eap01_ena4_esp001_ex	N228	10X_up
1405	20	11	64	0.05	1.0	population_size_change	phlag_mlt_eap01_ena4_esp010_ex	N707	10X_down
1144	281	75	0	0.05	1.0	population_size_change	phlag_dto_eap01_ena4_free_ex	N707	10X_down
937	488	75	0	0.05	1.0	population_size_change	phlag_mlt_eap01_ena4_free_ex	N707	10X_down
1405	20	0	75	0.05	1.0	population_size_change	phlag_mlt_eap01_ena4_esp001_ex	N707	10X_down
1243	182	75	0	0.05	1.0	population_size_change	phlag_dto_eap01_ena4_rev0001_ex	N707	10X_down
1342	83	75	0	0.05	1.0	population_size_change	phlag_mlt_eap01_ena4_esp005_ex	N707	10X_down
1405	20	0	75	0.05	1.0	population_size_change	phlag_mlt_noprior_noprior_esp001_ex	N707	10X_down
1330	95	6	69	0.05	1.0	population_size_change	phlag_dto_eap01_ena4_esp001	N707	10X_down
816	609	16	59	0.05	1.0	population_size_change	phlag_dto_noprior_noprior_free_ex	N707	10X_down
1189	236	0	75	0.05	1.0	population_size_change	phlag_dto_eap01_ena4_esp005_ex	N707	10X_down
1307	118	0	75	0.05	1.0	population_size_change	phlag_dto_eap005_ena2_esp001_ex	N707	10X_down
721	704	75	0	0.05	1.0	population_size_change	phlag_dto_eap01_ena4_rev001_ex	N707	10X_down
1410	15	11	64	0.05	1.0	population_size_change	phlag_dto_eap01_ena4_esp001_ex	N707	10X_down
1125	0	4	371	0.25	1.0	population_size_change	phlag_mlt_eap01_ena4_esp010_ex	N281	10X_up
1125	0	4	371	0.25	1.0	population_size_change	phlag_dto_eap01_ena4_free_ex	N281	10X_up
1125	0	4	371	0.25	1.0	population_size_change	phlag_mlt_eap01_ena4_free_ex	N281	10X_up
1125	0	4	371	0.25	1.0	population_size_change	phlag_mlt_eap01_ena4_esp001_ex	N281	10X_up
1125	0	4	371	0.25	1.0	population_size_change	phlag_dto_eap01_ena4_rev0001_ex	N281	10X_up
1125	0	4	371	0.25	1.0	population_size_change	phlag_mlt_eap01_ena4_esp005_ex	N281	10X_up
1125	0	4	371	0.25	1.0	population_size_change	phlag_mlt_noprior_noprior_esp001_ex	N281	10X_up
1125	0	4	371	0.25	1.0	population_size_change	phlag_dto_eap01_ena4_esp001	N281	10X_up
563	562	189	186	0.25	1.0	population_size_change	phlag_dto_noprior_noprior_free_ex	N281	10X_up
1125	0	4	371	0.25	1.0	population_size_change	phlag_dto_eap01_ena4_esp005_ex	N281	10X_up
1125	0	4	371	0.25	1.0	population_size_change	phlag_dto_eap005_ena2_esp001_ex	N281	10X_up
1125	0	4	371	0.25	1.0	population_size_change	phlag_dto_eap01_ena4_rev001_ex	N281	10X_up
1125	0	4	371	0.25	1.0	population_size_change	phlag_dto_eap01_ena4_esp001_ex	N281	10X_up
1220	250	30	0	0.02	1.0	population_size_change	phlag_mlt_eap01_ena4_esp010_ex	N620	10X_up
1054	416	30	0	0.02	1.0	population_size_change	phlag_dto_eap01_ena4_free_ex	N620	10X_up
1409	61	30	0	0.02	1.0	population_size_change	phlag_mlt_eap01_ena4_free_ex	N620	10X_up
1088	382	30	0	0.02	1.0	population_size_change	phlag_mlt_eap01_ena4_esp001_ex	N620	10X_up
1274	196	30	0	0.02	1.0	population_size_change	phlag_dto_eap01_ena4_rev0001_ex	N620	10X_up
1325	145	12	18	0.02	1.0	population_size_change	phlag_mlt_eap01_ena4_esp005_ex	N620	10X_up
1221	249	30	0	0.02	1.0	population_size_change	phlag_mlt_noprior_noprior_esp001_ex	N620	10X_up
893	577	0	30	0.02	1.0	population_size_change	phlag_dto_eap01_ena4_esp001	N620	10X_up
740	730	17	13	0.02	1.0	population_size_change	phlag_dto_noprior_noprior_free_ex	N620	10X_up
1333	137	30	0	0.02	1.0	population_size_change	phlag_dto_eap01_ena4_esp005_ex	N620	10X_up
820	650	0	30	0.02	1.0	population_size_change	phlag_dto_eap005_ena2_esp001_ex	N620	10X_up
1470	0	30	0	0.02	1.0	population_size_change	phlag_dto_eap01_ena4_rev001_ex	N620	10X_up
902	568	0	30	0.02	1.0	population_size_change	phlag_dto_eap01_ena4_esp001_ex	N620	10X_up
1335	15	19	131	0.1	1.0	population_size_change	phlag_mlt_eap01_ena4_esp010_ex	N228	10X_up
1334	16	19	131	0.1	1.0	population_size_change	phlag_dto_eap01_ena4_free_ex	N228	10X_up
1335	15	19	131	0.1	1.0	population_size_change	phlag_mlt_eap01_ena4_free_ex	N228	10X_up
1335	15	19	131	0.1	1.0	population_size_change	phlag_mlt_eap01_ena4_esp001_ex	N228	10X_up
1334	16	19	131	0.1	1.0	population_size_change	phlag_dto_eap01_ena4_rev0001_ex	N228	10X_up
1335	15	19	131	0.1	1.0	population_size_change	phlag_mlt_eap01_ena4_esp005_ex	N228	10X_up
1335	15	19	131	0.1	1.0	population_size_change	phlag_mlt_noprior_noprior_esp001_ex	N228	10X_up
1350	0	19	131	0.1	1.0	population_size_change	phlag_dto_eap01_ena4_esp001	N228	10X_up
862	488	95	55	0.1	1.0	population_size_change	phlag_dto_noprior_noprior_free_ex	N228	10X_up
1334	16	19	131	0.1	1.0	population_size_change	phlag_dto_eap01_ena4_esp005_ex	N228	10X_up
1334	16	18	132	0.1	1.0	population_size_change	phlag_dto_eap005_ena2_esp001_ex	N228	10X_up
1334	16	19	131	0.1	1.0	population_size_change	phlag_dto_eap01_ena4_rev001_ex	N228	10X_up
1334	16	19	131	0.1	1.0	population_size_change	phlag_dto_eap01_ena4_esp001_ex	N228	10X_up
1138	137	28	197	0.15	1.0	population_size_change	phlag_mlt_eap01_ena4_esp010_ex	N615	10X_down
1268	7	225	0	0.15	1.0	population_size_change	phlag_dto_eap01_ena4_free_ex	N615	10X_down
1138	137	28	197	0.15	1.0	population_size_change	phlag_mlt_eap01_ena4_free_ex	N615	10X_down
1138	137	28	197	0.15	1.0	population_size_change	phlag_mlt_eap01_ena4_esp001_ex	N615	10X_down
1205	70	225	0	0.15	1.0	population_size_change	phlag_dto_eap01_ena4_rev0001_ex	N615	10X_down
1215	60	4	221	0.15	1.0	population_size_change	phlag_mlt_eap01_ena4_esp005_ex	N615	10X_down
1150	125	40	185	0.15	1.0	population_size_change	phlag_mlt_noprior_noprior_esp001_ex	N615	10X_down
1142	133	4	221	0.15	1.0	population_size_change	phlag_dto_eap01_ena4_esp001	N615	10X_down
1076	199	214	11	0.15	1.0	population_size_change	phlag_dto_noprior_noprior_free_ex	N615	10X_down
1142	133	28	197	0.15	1.0	population_size_change	phlag_dto_eap01_ena4_esp005_ex	N615	10X_down
1205	70	225	0	0.15	1.0	population_size_change	phlag_dto_eap005_ena2_esp001_ex	N615	10X_down
1182	93	225	0	0.15	1.0	population_size_change	phlag_dto_eap01_ena4_rev001_ex	N615	10X_down
1205	70	225	0	0.15	1.0	population_size_change	phlag_dto_eap01_ena4_esp001_ex	N615	10X_down
1187	13	300	0	0.2	1.0	population_size_change	phlag_mlt_eap01_ena4_esp010_ex	N498	10X_down
1019	181	267	33	0.2	1.0	population_size_change	phlag_dto_eap01_ena4_free_ex	N498	10X_down
1186	14	300	0	0.2	1.0	population_size_change	phlag_mlt_eap01_ena4_free_ex	N498	10X_down
737	463	300	0	0.2	1.0	population_size_change	phlag_mlt_eap01_ena4_esp001_ex	N498	10X_down
999	201	264	36	0.2	1.0	population_size_change	phlag_dto_eap01_ena4_rev0001_ex	N498	10X_down
1189	11	300	0	0.2	1.0	population_size_change	phlag_mlt_eap01_ena4_esp005_ex	N498	10X_down
989	211	300	0	0.2	1.0	population_size_change	phlag_mlt_noprior_noprior_esp001_ex	N498	10X_down
1008	192	300	0	0.2	1.0	population_size_change	phlag_dto_eap01_ena4_esp001	N498	10X_down
680	520	175	125	0.2	1.0	population_size_change	phlag_dto_noprior_noprior_free_ex	N498	10X_down
812	388	115	185	0.2	1.0	population_size_change	phlag_dto_eap01_ena4_esp005_ex	N498	10X_down
876	324	300	0	0.2	1.0	population_size_change	phlag_dto_eap005_ena2_esp001_ex	N498	10X_down
1019	181	267	33	0.2	1.0	population_size_change	phlag_dto_eap01_ena4_rev001_ex	N498	10X_down
654	546	213	87	0.2	1.0	population_size_change	phlag_dto_eap01_ena4_esp001_ex	N498	10X_down
980	370	0	150	0.1	1.0	population_size_change	phlag_mlt_eap01_ena4_esp010_ex	N574	10X_down
1287	63	150	0	0.1	1.0	population_size_change	phlag_dto_eap01_ena4_free_ex	N574	10X_down
1322	28	150	0	0.1	1.0	population_size_change	phlag_mlt_eap01_ena4_free_ex	N574	10X_down
980	370	0	150	0.1	1.0	population_size_change	phlag_mlt_eap01_ena4_esp001_ex	N574	10X_down
1109	241	150	0	0.1	1.0	population_size_change	phlag_dto_eap01_ena4_rev0001_ex	N574	10X_down
980	370	0	150	0.1	1.0	population_size_change	phlag_mlt_eap01_ena4_esp005_ex	N574	10X_down
615	735	150	0	0.1	1.0	population_size_change	phlag_mlt_noprior_noprior_esp001_ex	N574	10X_down
1330	20	0	150	0.1	1.0	population_size_change	phlag_dto_eap01_ena4_esp001	N574	10X_down
1039	311	125	25	0.1	1.0	population_size_change	phlag_dto_noprior_noprior_free_ex	N574	10X_down
1310	40	15	135	0.1	1.0	population_size_change	phlag_dto_eap01_ena4_esp005_ex	N574	10X_down
1109	241	150	0	0.1	1.0	population_size_change	phlag_dto_eap005_ena2_esp001_ex	N574	10X_down
1086	264	150	0	0.1	1.0	population_size_change	phlag_dto_eap01_ena4_rev001_ex	N574	10X_down
1310	40	15	135	0.1	1.0	population_size_change	phlag_dto_eap01_ena4_esp001_ex	N574	10X_down
1425	0	0	75	0.05	1.0	population_size_change	phlag_mlt_eap01_ena4_esp010_ex	N679	10X_up
1372	53	0	75	0.05	1.0	population_size_change	phlag_dto_eap01_ena4_free_ex	N679	10X_up
1425	0	0	75	0.05	1.0	population_size_change	phlag_mlt_eap01_ena4_free_ex	N679	10X_up
1425	0	0	75	0.05	1.0	population_size_change	phlag_mlt_eap01_ena4_esp001_ex	N679	10X_up
910	515	75	0	0.05	1.0	population_size_change	phlag_dto_eap01_ena4_rev0001_ex	N679	10X_up
1425	0	0	75	0.05	1.0	population_size_change	phlag_mlt_eap01_ena4_esp005_ex	N679	10X_up
1352	73	0	75	0.05	1.0	population_size_change	phlag_mlt_noprior_noprior_esp001_ex	N679	10X_up
1420	5	0	75	0.05	1.0	population_size_change	phlag_dto_eap01_ena4_esp001	N679	10X_up
1058	367	52	23	0.05	1.0	population_size_change	phlag_dto_noprior_noprior_free_ex	N679	10X_up
1404	21	0	75	0.05	1.0	population_size_change	phlag_dto_eap01_ena4_esp005_ex	N679	10X_up
1420	5	0	75	0.05	1.0	population_size_change	phlag_dto_eap005_ena2_esp001_ex	N679	10X_up
1404	21	0	75	0.05	1.0	population_size_change	phlag_dto_eap01_ena4_rev001_ex	N679	10X_up
1404	21	0	75	0.05	1.0	population_size_change	phlag_dto_eap01_ena4_esp001_ex	N679	10X_up
1413	12	0	75	0.05	1.0	population_size_change	phlag_mlt_eap01_ena4_esp010_ex	N425	10X_up
1362	63	33	42	0.05	1.0	population_size_change	phlag_dto_eap01_ena4_free_ex	N425	10X_up
1413	12	0	75	0.05	1.0	population_size_change	phlag_mlt_eap01_ena4_free_ex	N425	10X_up
1413	12	0	75	0.05	1.0	population_size_change	phlag_mlt_eap01_ena4_esp001_ex	N425	10X_up
1408	17	0	75	0.05	1.0	population_size_change	phlag_dto_eap01_ena4_rev0001_ex	N425	10X_up
1401	24	0	75	0.05	1.0	population_size_change	phlag_mlt_eap01_ena4_esp005_ex	N425	10X_up
1413	12	0	75	0.05	1.0	population_size_change	phlag_mlt_noprior_noprior_esp001_ex	N425	10X_up
1414	11	0	75	0.05	1.0	population_size_change	phlag_dto_eap01_ena4_esp001	N425	10X_up
1379	46	52	23	0.05	1.0	population_size_change	phlag_dto_noprior_noprior_free_ex	N425	10X_up
1413	12	0	75	0.05	1.0	population_size_change	phlag_dto_eap01_ena4_esp005_ex	N425	10X_up
1413	12	0	75	0.05	1.0	population_size_change	phlag_dto_eap005_ena2_esp001_ex	N425	10X_up
1398	27	40	35	0.05	1.0	population_size_change	phlag_dto_eap01_ena4_rev001_ex	N425	10X_up
1414	11	43	32	0.05	1.0	population_size_change	phlag_dto_eap01_ena4_esp001_ex	N425	10X_up
1124	1	5	370	0.25	1.0	population_size_change	phlag_mlt_eap01_ena4_esp010_ex	N707	10X_down
1124	1	3	372	0.25	1.0	population_size_change	phlag_dto_eap01_ena4_free_ex	N707	10X_down
1124	1	5	370	0.25	1.0	population_size_change	phlag_mlt_eap01_ena4_free_ex	N707	10X_down
1124	1	5	370	0.25	1.0	population_size_change	phlag_mlt_eap01_ena4_esp001_ex	N707	10X_down
1124	1	3	372	0.25	1.0	population_size_change	phlag_dto_eap01_ena4_rev0001_ex	N707	10X_down
1124	1	5	370	0.25	1.0	population_size_change	phlag_mlt_eap01_ena4_esp005_ex	N707	10X_down
1124	1	5	370	0.25	1.0	population_size_change	phlag_mlt_noprior_noprior_esp001_ex	N707	10X_down
1124	1	5	370	0.25	1.0	population_size_change	phlag_dto_eap01_ena4_esp001	N707	10X_down
666	459	96	279	0.25	1.0	population_size_change	phlag_dto_noprior_noprior_free_ex	N707	10X_down
1124	1	3	372	0.25	1.0	population_size_change	phlag_dto_eap01_ena4_esp005_ex	N707	10X_down
1124	1	3	372	0.25	1.0	population_size_change	phlag_dto_eap005_ena2_esp001_ex	N707	10X_down
1124	1	3	372	0.25	1.0	population_size_change	phlag_dto_eap01_ena4_rev001_ex	N707	10X_down
1124	1	3	372	0.25	1.0	population_size_change	phlag_dto_eap01_ena4_esp001_ex	N707	10X_down
1402	68	30	0	0.02	1.0	population_size_change	phlag_mlt_eap01_ena4_esp010_ex	N707	10X_down
1288	182	30	0	0.02	1.0	population_size_change	phlag_dto_eap01_ena4_free_ex	N707	10X_down
1229	241	30	0	0.02	1.0	population_size_change	phlag_mlt_eap01_ena4_free_ex	N707	10X_down
1402	68	30	0	0.02	1.0	population_size_change	phlag_mlt_eap01_ena4_esp001_ex	N707	10X_down
1288	182	30	0	0.02	1.0	population_size_change	phlag_dto_eap01_ena4_rev0001_ex	N707	10X_down
1007	463	30	0	0.02	1.0	population_size_change	phlag_mlt_eap01_ena4_esp005_ex	N707	10X_down
1402	68	30	0	0.02	1.0	population_size_change	phlag_mlt_noprior_noprior_esp001_ex	N707	10X_down
1403	67	30	0	0.02	1.0	population_size_change	phlag_dto_eap01_ena4_esp001	N707	10X_down
847	623	9	21	0.02	1.0	population_size_change	phlag_dto_noprior_noprior_free_ex	N707	10X_down
1288	182	30	0	0.02	1.0	population_size_change	phlag_dto_eap01_ena4_esp005_ex	N707	10X_down
1279	191	30	0	0.02	1.0	population_size_change	phlag_dto_eap005_ena2_esp001_ex	N707	10X_down
1204	266	30	0	0.02	1.0	population_size_change	phlag_dto_eap01_ena4_rev001_ex	N707	10X_down
1288	182	30	0	0.02	1.0	population_size_change	phlag_dto_eap01_ena4_esp001_ex	N707	10X_down
1275	0	16	209	0.15	1.0	population_size_change	phlag_mlt_eap01_ena4_esp010_ex	Nyctibiidae	10X_up
1275	0	14	211	0.15	1.0	population_size_change	phlag_dto_eap01_ena4_free_ex	Nyctibiidae	10X_up
1275	0	16	209	0.15	1.0	population_size_change	phlag_mlt_eap01_ena4_free_ex	Nyctibiidae	10X_up
1275	0	16	209	0.15	1.0	population_size_change	phlag_mlt_eap01_ena4_esp001_ex	Nyctibiidae	10X_up
1275	0	14	211	0.15	1.0	population_size_change	phlag_dto_eap01_ena4_rev0001_ex	Nyctibiidae	10X_up
1275	0	16	209	0.15	1.0	population_size_change	phlag_mlt_eap01_ena4_esp005_ex	Nyctibiidae	10X_up
1275	0	16	209	0.15	1.0	population_size_change	phlag_mlt_noprior_noprior_esp001_ex	Nyctibiidae	10X_up
1275	0	15	210	0.15	1.0	population_size_change	phlag_dto_eap01_ena4_esp001	Nyctibiidae	10X_up
643	632	114	111	0.15	1.0	population_size_change	phlag_dto_noprior_noprior_free_ex	Nyctibiidae	10X_up
1275	0	14	211	0.15	1.0	population_size_change	phlag_dto_eap01_ena4_esp005_ex	Nyctibiidae	10X_up
1275	0	14	211	0.15	1.0	population_size_change	phlag_dto_eap005_ena2_esp001_ex	Nyctibiidae	10X_up
1275	0	14	211	0.15	1.0	population_size_change	phlag_dto_eap01_ena4_rev001_ex	Nyctibiidae	10X_up
1275	0	14	211	0.15	1.0	population_size_change	phlag_dto_eap01_ena4_esp001_ex	Nyctibiidae	10X_up
1200	0	3	297	0.2	1.0	population_size_change	phlag_mlt_eap01_ena4_esp010_ex	N579	10X_up
1200	0	10	290	0.2	1.0	population_size_change	phlag_dto_eap01_ena4_free_ex	N579	10X_up
1200	0	3	297	0.2	1.0	population_size_change	phlag_mlt_eap01_ena4_free_ex	N579	10X_up
1200	0	3	297	0.2	1.0	population_size_change	phlag_mlt_eap01_ena4_esp001_ex	N579	10X_up
1200	0	10	290	0.2	1.0	population_size_change	phlag_dto_eap01_ena4_rev0001_ex	N579	10X_up
1200	0	3	297	0.2	1.0	population_size_change	phlag_mlt_eap01_ena4_esp005_ex	N579	10X_up
1200	0	3	297	0.2	1.0	population_size_change	phlag_mlt_noprior_noprior_esp001_ex	N579	10X_up
1200	0	3	297	0.2	1.0	population_size_change	phlag_dto_eap01_ena4_esp001	N579	10X_up
708	492	190	110	0.2	1.0	population_size_change	phlag_dto_noprior_noprior_free_ex	N579	10X_up
1200	0	10	290	0.2	1.0	population_size_change	phlag_dto_eap01_ena4_esp005_ex	N579	10X_up
1200	0	10	290	0.2	1.0	population_size_change	phlag_dto_eap005_ena2_esp001_ex	N579	10X_up
1200	0	10	290	0.2	1.0	population_size_change	phlag_dto_eap01_ena4_rev001_ex	N579	10X_up
1200	0	10	290	0.2	1.0	population_size_change	phlag_dto_eap01_ena4_esp001_ex	N579	10X_up
1092	258	0	150	0.1	1.0	population_size_change	phlag_mlt_eap01_ena4_esp010_ex	N709	10X_up
829	521	150	0	0.1	1.0	population_size_change	phlag_dto_eap01_ena4_free_ex	N709	10X_up
1092	258	0	150	0.1	1.0	population_size_change	phlag_mlt_eap01_ena4_free_ex	N709	10X_up
1282	68	42	108	0.1	1.0	population_size_change	phlag_mlt_eap01_ena4_esp001_ex	N709	10X_up
829	521	150	0	0.1	1.0	population_size_change	phlag_dto_eap01_ena4_rev0001_ex	N709	10X_up
1282	68	42	108	0.1	1.0	population_size_change	phlag_mlt_eap01_ena4_esp005_ex	N709	10X_up
1185	165	150	0	0.1	1.0	population_size_change	phlag_mlt_noprior_noprior_esp001_ex	N709	10X_up
1350	0	59	91	0.1	1.0	population_size_change	phlag_dto_eap01_ena4_esp001	N709	10X_up
931	419	71	79	0.1	1.0	population_size_change	phlag_dto_noprior_noprior_free_ex	N709	10X_up
1175	175	45	105	0.1	1.0	population_size_change	phlag_dto_eap01_ena4_esp005_ex	N709	10X_up
818	532	150	0	0.1	1.0	population_size_change	phlag_dto_eap005_ena2_esp001_ex	N709	10X_up
859	491	150	0	0.1	1.0	population_size_change	phlag_dto_eap01_ena4_rev001_ex	N709	10X_up
829	521	150	0	0.1	1.0	population_size_change	phlag_dto_eap01_ena4_esp001_ex	N709	10X_up
1156	44	0	300	0.2	1.0	population_size_change	phlag_mlt_eap01_ena4_esp010_ex	N679	10X_down
908	292	300	0	0.2	1.0	population_size_change	phlag_dto_eap01_ena4_free_ex	N679	10X_down
1164	36	300	0	0.2	1.0	population_size_change	phlag_mlt_eap01_ena4_free_ex	N679	10X_down
1140	60	300	0	0.2	1.0	population_size_change	phlag_mlt_eap01_ena4_esp001_ex	N679	10X_down
998	202	300	0	0.2	1.0	population_size_change	phlag_dto_eap01_ena4_rev0001_ex	N679	10X_down
1119	81	300	0	0.2	1.0	population_size_change	phlag_mlt_eap01_ena4_esp005_ex	N679	10X_down
1156	44	0	300	0.2	1.0	population_size_change	phlag_mlt_noprior_noprior_esp001_ex	N679	10X_down
1166	34	2	298	0.2	1.0	population_size_change	phlag_dto_eap01_ena4_esp001	N679	10X_down
877	323	226	74	0.2	1.0	population_size_change	phlag_dto_noprior_noprior_free_ex	N679	10X_down
900	300	0	300	0.2	1.0	population_size_change	phlag_dto_eap01_ena4_esp005_ex	N679	10X_down
785	415	0	300	0.2	1.0	population_size_change	phlag_dto_eap005_ena2_esp001_ex	N679	10X_down
950	250	300	0	0.2	1.0	population_size_change	phlag_dto_eap01_ena4_rev001_ex	N679	10X_down
785	415	0	300	0.2	1.0	population_size_change	phlag_dto_eap01_ena4_esp001_ex	N679	10X_down
1077	48	375	0	0.25	1.0	population_size_change	phlag_mlt_eap01_ena4_esp010_ex	N651	10X_down
1124	1	375	0	0.25	1.0	population_size_change	phlag_dto_eap01_ena4_free_ex	N651	10X_down
1125	0	375	0	0.25	1.0	population_size_change	phlag_mlt_eap01_ena4_free_ex	N651	10X_down
1077	48	375	0	0.25	1.0	population_size_change	phlag_mlt_eap01_ena4_esp001_ex	N651	10X_down
1077	48	375	0	0.25	1.0	population_size_change	phlag_dto_eap01_ena4_rev0001_ex	N651	10X_down
1077	48	375	0	0.25	1.0	population_size_change	phlag_mlt_eap01_ena4_esp005_ex	N651	10X_down
1077	48	375	0	0.25	1.0	population_size_change	phlag_mlt_noprior_noprior_esp001_ex	N651	10X_down
1125	0	375	0	0.25	1.0	population_size_change	phlag_dto_eap01_ena4_esp001	N651	10X_down
1075	50	366	9	0.25	1.0	population_size_change	phlag_dto_noprior_noprior_free_ex	N651	10X_down
1125	0	375	0	0.25	1.0	population_size_change	phlag_dto_eap01_ena4_esp005_ex	N651	10X_down
1077	48	375	0	0.25	1.0	population_size_change	phlag_dto_eap005_ena2_esp001_ex	N651	10X_down
1125	0	375	0	0.25	1.0	population_size_change	phlag_dto_eap01_ena4_rev001_ex	N651	10X_down
1077	48	375	0	0.25	1.0	population_size_change	phlag_dto_eap01_ena4_esp001_ex	N651	10X_down
1350	0	13	137	0.1	1.0	population_size_change	phlag_mlt_eap01_ena4_esp010_ex	N544	10X_up
1307	43	52	98	0.1	1.0	population_size_change	phlag_dto_eap01_ena4_free_ex	N544	10X_up
1319	31	150	0	0.1	1.0	population_size_change	phlag_mlt_eap01_ena4_free_ex	N544	10X_up
1350	0	13	137	0.1	1.0	population_size_change	phlag_mlt_eap01_ena4_esp001_ex	N544	10X_up
1323	27	61	89	0.1	1.0	population_size_change	phlag_dto_eap01_ena4_rev0001_ex	N544	10X_up
1231	119	150	0	0.1	1.0	population_size_change	phlag_mlt_eap01_ena4_esp005_ex	N544	10X_up
1350	0	13	137	0.1	1.0	population_size_change	phlag_mlt_noprior_noprior_esp001_ex	N544	10X_up
1350	0	13	137	0.1	1.0	population_size_change	phlag_dto_eap01_ena4_esp001	N544	10X_up
661	689	97	53	0.1	1.0	population_size_change	phlag_dto_noprior_noprior_free_ex	N544	10X_up
1315	35	52	98	0.1	1.0	population_size_change	phlag_dto_eap01_ena4_esp005_ex	N544	10X_up
1149	201	150	0	0.1	1.0	population_size_change	phlag_dto_eap005_ena2_esp001_ex	N544	10X_up
1350	0	150	0	0.1	1.0	population_size_change	phlag_dto_eap01_ena4_rev001_ex	N544	10X_up
1211	139	150	0	0.1	1.0	population_size_change	phlag_dto_eap01_ena4_esp001_ex	N544	10X_up
830	520	150	0	0.1	1.0	population_size_change	phlag_mlt_eap01_ena4_esp010_ex	N616	10X_up
1332	18	150	0	0.1	1.0	population_size_change	phlag_dto_eap01_ena4_free_ex	N616	10X_up
1346	4	150	0	0.1	1.0	population_size_change	phlag_mlt_eap01_ena4_free_ex	N616	10X_up
1121	229	150	0	0.1	1.0	population_size_change	phlag_mlt_eap01_ena4_esp001_ex	N616	10X_up
1181	169	100	50	0.1	1.0	population_size_change	phlag_dto_eap01_ena4_rev0001_ex	N616	10X_up
896	454	150	0	0.1	1.0	population_size_change	phlag_mlt_eap01_ena4_esp005_ex	N616	10X_up
951	399	150	0	0.1	1.0	population_size_change	phlag_mlt_noprior_noprior_esp001_ex	N616	10X_up
1350	0	150	0	0.1	1.0	population_size_change	phlag_dto_eap01_ena4_esp001	N616	10X_up
1011	339	124	26	0.1	1.0	population_size_change	phlag_dto_noprior_noprior_free_ex	N616	10X_up
640	710	150	0	0.1	1.0	population_size_change	phlag_dto_eap01_ena4_esp005_ex	N616	10X_up
1317	33	150	0	0.1	1.0	population_size_change	phlag_dto_eap005_ena2_esp001_ex	N616	10X_up
1329	21	150	0	0.1	1.0	population_size_change	phlag_dto_eap01_ena4_rev001_ex	N616	10X_up
1231	119	150	0	0.1	1.0	population_size_change	phlag_dto_eap01_ena4_esp001_ex	N616	10X_up
1292	133	75	0	0.05	1.0	population_size_change	phlag_mlt_eap01_ena4_esp010_ex	N573	10X_down
1244	181	0	75	0.05	1.0	population_size_change	phlag_dto_eap01_ena4_free_ex	N573	10X_down
1292	133	75	0	0.05	1.0	population_size_change	phlag_mlt_eap01_ena4_free_ex	N573	10X_down
1202	223	75	0	0.05	1.0	population_size_change	phlag_mlt_eap01_ena4_esp001_ex	N573	10X_down
1244	181	0	75	0.05	1.0	population_size_change	phlag_dto_eap01_ena4_rev0001_ex	N573	10X_down
1219	206	0	75	0.05	1.0	population_size_change	phlag_mlt_eap01_ena4_esp005_ex	N573	10X_down
1202	223	75	0	0.05	1.0	population_size_change	phlag_mlt_noprior_noprior_esp001_ex	N573	10X_down
989	436	75	0	0.05	1.0	population_size_change	phlag_dto_eap01_ena4_esp001	N573	10X_down
828	597	63	12	0.05	1.0	population_size_change	phlag_dto_noprior_noprior_free_ex	N573	10X_down
1166	259	0	75	0.05	1.0	population_size_change	phlag_dto_eap01_ena4_esp005_ex	N573	10X_down
1189	236	75	0	0.05	1.0	population_size_change	phlag_dto_eap005_ena2_esp001_ex	N573	10X_down
1077	348	75	0	0.05	1.0	population_size_change	phlag_dto_eap01_ena4_rev001_ex	N573	10X_down
1244	181	0	75	0.05	1.0	population_size_change	phlag_dto_eap01_ena4_esp001_ex	N573	10X_down
1125	0	16	359	0.25	1.0	population_size_change	phlag_mlt_eap01_ena4_esp010_ex	N635	10X_up
1125	0	16	359	0.25	1.0	population_size_change	phlag_dto_eap01_ena4_free_ex	N635	10X_up
1124	1	375	0	0.25	1.0	population_size_change	phlag_mlt_eap01_ena4_free_ex	N635	10X_up
1125	0	16	359	0.25	1.0	population_size_change	phlag_mlt_eap01_ena4_esp001_ex	N635	10X_up
1125	0	16	359	0.25	1.0	population_size_change	phlag_dto_eap01_ena4_rev0001_ex	N635	10X_up
1112	13	14	361	0.25	1.0	population_size_change	phlag_mlt_eap01_ena4_esp005_ex	N635	10X_up
1125	0	16	359	0.25	1.0	population_size_change	phlag_mlt_noprior_noprior_esp001_ex	N635	10X_up
1112	13	14	361	0.25	1.0	population_size_change	phlag_dto_eap01_ena4_esp001	N635	10X_up
977	148	352	23	0.25	1.0	population_size_change	phlag_dto_noprior_noprior_free_ex	N635	10X_up
1125	0	16	359	0.25	1.0	population_size_change	phlag_dto_eap01_ena4_esp005_ex	N635	10X_up
1125	0	16	359	0.25	1.0	population_size_change	phlag_dto_eap005_ena2_esp001_ex	N635	10X_up
1125	0	16	359	0.25	1.0	population_size_change	phlag_dto_eap01_ena4_rev001_ex	N635	10X_up
1125	0	16	359	0.25	1.0	population_size_change	phlag_dto_eap01_ena4_esp001_ex	N635	10X_up
951	324	213	12	0.15	1.0	population_size_change	phlag_mlt_eap01_ena4_esp010_ex	N299	10X_down
1053	222	185	40	0.15	1.0	population_size_change	phlag_dto_eap01_ena4_free_ex	N299	10X_down
1256	19	225	0	0.15	1.0	population_size_change	phlag_mlt_eap01_ena4_free_ex	N299	10X_down
1086	189	211	14	0.15	1.0	population_size_change	phlag_mlt_eap01_ena4_esp001_ex	N299	10X_down
996	279	166	59	0.15	1.0	population_size_change	phlag_dto_eap01_ena4_rev0001_ex	N299	10X_down
1142	133	212	13	0.15	1.0	population_size_change	phlag_mlt_eap01_ena4_esp005_ex	N299	10X_down
1086	189	211	14	0.15	1.0	population_size_change	phlag_mlt_noprior_noprior_esp001_ex	N299	10X_down
1229	46	225	0	0.15	1.0	population_size_change	phlag_dto_eap01_ena4_esp001	N299	10X_down
898	377	156	69	0.15	1.0	population_size_change	phlag_dto_noprior_noprior_free_ex	N299	10X_down
948	327	215	10	0.15	1.0	population_size_change	phlag_dto_eap01_ena4_esp005_ex	N299	10X_down
1068	207	225	0	0.15	1.0	population_size_change	phlag_dto_eap005_ena2_esp001_ex	N299	10X_down
788	487	220	5	0.15	1.0	population_size_change	phlag_dto_eap01_ena4_rev001_ex	N299	10X_down
996	279	166	59	0.15	1.0	population_size_change	phlag_dto_eap01_ena4_esp001_ex	N299	10X_down
1175	100	225	0	0.15	1.0	population_size_change	phlag_mlt_eap01_ena4_esp010_ex	N491	10X_down
1244	31	225	0	0.15	1.0	population_size_change	phlag_dto_eap01_ena4_free_ex	N491	10X_down
1275	0	225	0	0.15	1.0	population_size_change	phlag_mlt_eap01_ena4_free_ex	N491	10X_down
1060	215	225	0	0.15	1.0	population_size_change	phlag_mlt_eap01_ena4_esp001_ex	N491	10X_down
1275	0	225	0	0.15	1.0	population_size_change	phlag_dto_eap01_ena4_rev0001_ex	N491	10X_down
1175	100	225	0	0.15	1.0	population_size_change	phlag_mlt_eap01_ena4_esp005_ex	N491	10X_down
1175	100	225	0	0.15	1.0	population_size_change	phlag_mlt_noprior_noprior_esp001_ex	N491	10X_down
1275	0	225	0	0.15	1.0	population_size_change	phlag_dto_eap01_ena4_esp001	N491	10X_down
643	632	113	112	0.15	1.0	population_size_change	phlag_dto_noprior_noprior_free_ex	N491	10X_down
943	332	225	0	0.15	1.0	population_size_change	phlag_dto_eap01_ena4_esp005_ex	N491	10X_down
1191	84	225	0	0.15	1.0	population_size_change	phlag_dto_eap005_ena2_esp001_ex	N491	10X_down
1257	18	225	0	0.15	1.0	population_size_change	phlag_dto_eap01_ena4_rev001_ex	N491	10X_down
943	332	225	0	0.15	1.0	population_size_change	phlag_dto_eap01_ena4_esp001_ex	N491	10X_down
854	271	28	347	0.25	1.0	population_size_change	phlag_mlt_eap01_ena4_esp010_ex	N615	10X_down
884	241	4	371	0.25	1.0	population_size_change	phlag_dto_eap01_ena4_free_ex	N615	10X_down
1125	0	375	0	0.25	1.0	population_size_change	phlag_mlt_eap01_ena4_free_ex	N615	10X_down
854	271	4	371	0.25	1.0	population_size_change	phlag_mlt_eap01_ena4_esp001_ex	N615	10X_down
818	307	4	371	0.25	1.0	population_size_change	phlag_dto_eap01_ena4_rev0001_ex	N615	10X_down
854	271	4	371	0.25	1.0	population_size_change	phlag_mlt_eap01_ena4_esp005_ex	N615	10X_down
854	271	4	371	0.25	1.0	population_size_change	phlag_mlt_noprior_noprior_esp001_ex	N615	10X_down
1060	65	4	371	0.25	1.0	population_size_change	phlag_dto_eap01_ena4_esp001	N615	10X_down
960	165	359	16	0.25	1.0	population_size_change	phlag_dto_noprior_noprior_free_ex	N615	10X_down
497	628	371	4	0.25	1.0	population_size_change	phlag_dto_eap01_ena4_esp005_ex	N615	10X_down
944	181	4	371	0.25	1.0	population_size_change	phlag_dto_eap005_ena2_esp001_ex	N615	10X_down
884	241	4	371	0.25	1.0	population_size_change	phlag_dto_eap01_ena4_rev001_ex	N615	10X_down
884	241	4	371	0.25	1.0	population_size_change	phlag_dto_eap01_ena4_esp001_ex	N615	10X_down
1052	73	0	375	0.25	1.0	population_size_change	phlag_mlt_eap01_ena4_esp010_ex	N679	10X_down
890	235	0	375	0.25	1.0	population_size_change	phlag_dto_eap01_ena4_free_ex	N679	10X_down
1089	36	375	0	0.25	1.0	population_size_change	phlag_mlt_eap01_ena4_free_ex	N679	10X_down
983	142	375	0	0.25	1.0	population_size_change	phlag_mlt_eap01_ena4_esp001_ex	N679	10X_down
788	337	375	0	0.25	1.0	population_size_change	phlag_dto_eap01_ena4_rev0001_ex	N679	10X_down
983	142	375	0	0.25	1.0	population_size_change	phlag_mlt_eap01_ena4_esp005_ex	N679	10X_down
983	142	375	0	0.25	1.0	population_size_change	phlag_mlt_noprior_noprior_esp001_ex	N679	10X_down
1058	67	0	375	0.25	1.0	population_size_change	phlag_dto_eap01_ena4_esp001	N679	10X_down
830	295	285	90	0.25	1.0	population_size_change	phlag_dto_noprior_noprior_free_ex	N679	10X_down
787	338	375	0	0.25	1.0	population_size_change	phlag_dto_eap01_ena4_esp005_ex	N679	10X_down
1122	3	375	0	0.25	1.0	population_size_change	phlag_dto_eap005_ena2_esp001_ex	N679	10X_down
665	460	375	0	0.25	1.0	population_size_change	phlag_dto_eap01_ena4_rev001_ex	N679	10X_down
788	337	375	0	0.25	1.0	population_size_change	phlag_dto_eap01_ena4_esp001_ex	N679	10X_down
1198	2	1	299	0.2	1.0	population_size_change	phlag_mlt_eap01_ena4_esp010_ex	N399	10X_up
1200	0	300	0	0.2	1.0	population_size_change	phlag_dto_eap01_ena4_free_ex	N399	10X_up
1200	0	300	0	0.2	1.0	population_size_change	phlag_mlt_eap01_ena4_free_ex	N399	10X_up
1198	2	1	299	0.2	1.0	population_size_change	phlag_mlt_eap01_ena4_esp001_ex	N399	10X_up
1198	2	1	299	0.2	1.0	population_size_change	phlag_dto_eap01_ena4_rev0001_ex	N399	10X_up
1198	2	1	299	0.2	1.0	population_size_change	phlag_mlt_eap01_ena4_esp005_ex	N399	10X_up
1198	2	1	299	0.2	1.0	population_size_change	phlag_mlt_noprior_noprior_esp001_ex	N399	10X_up
1200	0	5	295	0.2	1.0	population_size_change	phlag_dto_eap01_ena4_esp001	N399	10X_up
605	595	152	148	0.2	1.0	population_size_change	phlag_dto_noprior_noprior_free_ex	N399	10X_up
1198	2	1	299	0.2	1.0	population_size_change	phlag_dto_eap01_ena4_esp005_ex	N399	10X_up
1198	2	1	299	0.2	1.0	population_size_change	phlag_dto_eap005_ena2_esp001_ex	N399	10X_up
1198	2	1	299	0.2	1.0	population_size_change	phlag_dto_eap01_ena4_rev001_ex	N399	10X_up
1198	2	1	299	0.2	1.0	population_size_change	phlag_dto_eap01_ena4_esp001_ex	N399	10X_up
1346	124	30	0	0.02	1.0	population_size_change	phlag_mlt_eap01_ena4_esp010_ex	N276	10X_down
1317	153	30	0	0.02	1.0	population_size_change	phlag_dto_eap01_ena4_free_ex	N276	10X_down
1315	155	30	0	0.02	1.0	population_size_change	phlag_mlt_eap01_ena4_free_ex	N276	10X_down
1315	155	30	0	0.02	1.0	population_size_change	phlag_mlt_eap01_ena4_esp001_ex	N276	10X_down
1323	147	30	0	0.02	1.0	population_size_change	phlag_dto_eap01_ena4_rev0001_ex	N276	10X_down
1470	0	30	0	0.02	1.0	population_size_change	phlag_mlt_eap01_ena4_esp005_ex	N276	10X_down
1332	138	30	0	0.02	1.0	population_size_change	phlag_mlt_noprior_noprior_esp001_ex	N276	10X_down
1470	0	30	0	0.02	1.0	population_size_change	phlag_dto_eap01_ena4_esp001	N276	10X_down
946	524	19	11	0.02	1.0	population_size_change	phlag_dto_noprior_noprior_free_ex	N276	10X_down
928	542	30	0	0.02	1.0	population_size_change	phlag_dto_eap01_ena4_esp005_ex	N276	10X_down
1185	285	30	0	0.02	1.0	population_size_change	phlag_dto_eap005_ena2_esp001_ex	N276	10X_down
1238	232	30	0	0.02	1.0	population_size_change	phlag_dto_eap01_ena4_rev001_ex	N276	10X_down
1319	151	30	0	0.02	1.0	population_size_change	phlag_dto_eap01_ena4_esp001_ex	N276	10X_down
1110	90	197	103	0.2	1.0	population_size_change	phlag_mlt_eap01_ena4_esp010_ex	N620	10X_up
886	314	300	0	0.2	1.0	population_size_change	phlag_dto_eap01_ena4_free_ex	N620	10X_up
872	328	300	0	0.2	1.0	population_size_change	phlag_mlt_eap01_ena4_free_ex	N620	10X_up
1110	90	197	103	0.2	1.0	population_size_change	phlag_mlt_eap01_ena4_esp001_ex	N620	10X_up
1080	120	250	50	0.2	1.0	population_size_change	phlag_dto_eap01_ena4_rev0001_ex	N620	10X_up
1138	62	197	103	0.2	1.0	population_size_change	phlag_mlt_eap01_ena4_esp005_ex	N620	10X_up
878	322	300	0	0.2	1.0	population_size_change	phlag_mlt_noprior_noprior_esp001_ex	N620	10X_up
1046	154	87	213	0.2	1.0	population_size_change	phlag_dto_eap01_ena4_esp001	N620	10X_up
619	581	148	152	0.2	1.0	population_size_change	phlag_dto_noprior_noprior_free_ex	N620	10X_up
1053	147	200	100	0.2	1.0	population_size_change	phlag_dto_eap01_ena4_esp005_ex	N620	10X_up
974	226	300	0	0.2	1.0	population_size_change	phlag_dto_eap005_ena2_esp001_ex	N620	10X_up
1200	0	300	0	0.2	1.0	population_size_change	phlag_dto_eap01_ena4_rev001_ex	N620	10X_up
1090	110	250	50	0.2	1.0	population_size_change	phlag_dto_eap01_ena4_esp001_ex	N620	10X_up
1121	4	33	342	0.25	1.0	population_size_change	phlag_mlt_eap01_ena4_esp010_ex	N119	10X_down
767	358	375	0	0.25	1.0	population_size_change	phlag_dto_eap01_ena4_free_ex	N119	10X_down
1121	4	33	342	0.25	1.0	population_size_change	phlag_mlt_eap01_ena4_free_ex	N119	10X_down
1012	113	375	0	0.25	1.0	population_size_change	phlag_mlt_eap01_ena4_esp001_ex	N119	10X_down
1106	19	0	375	0.25	1.0	population_size_change	phlag_dto_eap01_ena4_rev0001_ex	N119	10X_down
789	336	375	0	0.25	1.0	population_size_change	phlag_mlt_eap01_ena4_esp005_ex	N119	10X_down
432	693	364	11	0.25	1.0	population_size_change	phlag_mlt_noprior_noprior_esp001_ex	N119	10X_down
1106	19	0	375	0.25	1.0	population_size_change	phlag_dto_eap01_ena4_esp001	N119	10X_down
743	382	187	188	0.25	1.0	population_size_change	phlag_dto_noprior_noprior_free_ex	N119	10X_down
784	341	375	0	0.25	1.0	population_size_change	phlag_dto_eap01_ena4_esp005_ex	N119	10X_down
1106	19	0	375	0.25	1.0	population_size_change	phlag_dto_eap005_ena2_esp001_ex	N119	10X_down
1106	19	0	375	0.25	1.0	population_size_change	phlag_dto_eap01_ena4_rev001_ex	N119	10X_down
1106	19	0	375	0.25	1.0	population_size_change	phlag_dto_eap01_ena4_esp001_ex	N119	10X_down
1391	79	30	0	0.02	1.0	population_size_change	phlag_mlt_eap01_ena4_esp010_ex	N717	10X_down
1253	217	30	0	0.02	1.0	population_size_change	phlag_dto_eap01_ena4_free_ex	N717	10X_down
1470	0	30	0	0.02	1.0	population_size_change	phlag_mlt_eap01_ena4_free_ex	N717	10X_down
1442	28	12	18	0.02	1.0	population_size_change	phlag_mlt_eap01_ena4_esp001_ex	N717	10X_down
1387	83	30	0	0.02	1.0	population_size_change	phlag_dto_eap01_ena4_rev0001_ex	N717	10X_down
1470	0	30	0	0.02	1.0	population_size_change	phlag_mlt_eap01_ena4_esp005_ex	N717	10X_down
1442	28	12	18	0.02	1.0	population_size_change	phlag_mlt_noprior_noprior_esp001_ex	N717	10X_down
1435	35	30	0	0.02	1.0	population_size_change	phlag_dto_eap01_ena4_esp001	N717	10X_down
801	669	5	25	0.02	1.0	population_size_change	phlag_dto_noprior_noprior_free_ex	N717	10X_down
1387	83	30	0	0.02	1.0	population_size_change	phlag_dto_eap01_ena4_esp005_ex	N717	10X_down
1387	83	30	0	0.02	1.0	population_size_change	phlag_dto_eap005_ena2_esp001_ex	N717	10X_down
1470	0	30	0	0.02	1.0	population_size_change	phlag_dto_eap01_ena4_rev001_ex	N717	10X_down
902	568	30	0	0.02	1.0	population_size_change	phlag_dto_eap01_ena4_esp001_ex	N717	10X_down
1350	0	31	119	0.1	1.0	population_size_change	phlag_mlt_eap01_ena4_esp010_ex	Nyctibiidae	10X_up
1350	0	25	125	0.1	1.0	population_size_change	phlag_dto_eap01_ena4_free_ex	Nyctibiidae	10X_up
1350	0	31	119	0.1	1.0	population_size_change	phlag_mlt_eap01_ena4_free_ex	Nyctibiidae	10X_up
1350	0	31	119	0.1	1.0	population_size_change	phlag_mlt_eap01_ena4_esp001_ex	Nyctibiidae	10X_up
1350	0	25	125	0.1	1.0	population_size_change	phlag_dto_eap01_ena4_rev0001_ex	Nyctibiidae	10X_up
1350	0	32	118	0.1	1.0	population_size_change	phlag_mlt_eap01_ena4_esp005_ex	Nyctibiidae	10X_up
1350	0	31	119	0.1	1.0	population_size_change	phlag_mlt_noprior_noprior_esp001_ex	Nyctibiidae	10X_up
1350	0	30	120	0.1	1.0	population_size_change	phlag_dto_eap01_ena4_esp001	Nyctibiidae	10X_up
678	672	75	75	0.1	1.0	population_size_change	phlag_dto_noprior_noprior_free_ex	Nyctibiidae	10X_up
1350	0	25	125	0.1	1.0	population_size_change	phlag_dto_eap01_ena4_esp005_ex	Nyctibiidae	10X_up
1350	0	25	125	0.1	1.0	population_size_change	phlag_dto_eap005_ena2_esp001_ex	Nyctibiidae	10X_up
1350	0	29	121	0.1	1.0	population_size_change	phlag_dto_eap01_ena4_rev001_ex	Nyctibiidae	10X_up
1350	0	25	125	0.1	1.0	population_size_change	phlag_dto_eap01_ena4_esp001_ex	Nyctibiidae	10X_up
1463	7	0	30	0.02	1.0	population_size_change	phlag_mlt_eap01_ena4_esp010_ex	N679	10X_up
1400	70	0	30	0.02	1.0	population_size_change	phlag_dto_eap01_ena4_free_ex	N679	10X_up
1463	7	0	30	0.02	1.0	population_size_change	phlag_mlt_eap01_ena4_free_ex	N679	10X_up
758	712	30	0	0.02	1.0	population_size_change	phlag_mlt_eap01_ena4_esp001_ex	N679	10X_up
1404	66	0	30	0.02	1.0	population_size_change	phlag_dto_eap01_ena4_rev0001_ex	N679	10X_up
1389	81	30	0	0.02	1.0	population_size_change	phlag_mlt_eap01_ena4_esp005_ex	N679	10X_up
1389	81	30	0	0.02	1.0	population_size_change	phlag_mlt_noprior_noprior_esp001_ex	N679	10X_up
1458	12	0	30	0.02	1.0	population_size_change	phlag_dto_eap01_ena4_esp001	N679	10X_up
1095	375	21	9	0.02	1.0	population_size_change	phlag_dto_noprior_noprior_free_ex	N679	10X_up
1164	306	30	0	0.02	1.0	population_size_change	phlag_dto_eap01_ena4_esp005_ex	N679	10X_up
1404	66	0	30	0.02	1.0	population_size_change	phlag_dto_eap005_ena2_esp001_ex	N679	10X_up
1398	72	0	30	0.02	1.0	population_size_change	phlag_dto_eap01_ena4_rev001_ex	N679	10X_up
1398	72	0	30	0.02	1.0	population_size_change	phlag_dto_eap01_ena4_esp001_ex	N679	10X_up
1394	31	75	0	0.05	1.0	population_size_change	phlag_mlt_eap01_ena4_esp010_ex	N544	10X_up
1394	31	41	34	0.05	1.0	population_size_change	phlag_dto_eap01_ena4_free_ex	N544	10X_up
1394	31	75	0	0.05	1.0	population_size_change	phlag_mlt_eap01_ena4_free_ex	N544	10X_up
1394	31	75	0	0.05	1.0	population_size_change	phlag_mlt_eap01_ena4_esp001_ex	N544	10X_up
794	631	0	75	0.05	1.0	population_size_change	phlag_dto_eap01_ena4_rev0001_ex	N544	10X_up
1394	31	75	0	0.05	1.0	population_size_change	phlag_mlt_eap01_ena4_esp005_ex	N544	10X_up
1394	31	75	0	0.05	1.0	population_size_change	phlag_mlt_noprior_noprior_esp001_ex	N544	10X_up
1356	69	75	0	0.05	1.0	population_size_change	phlag_dto_eap01_ena4_esp001	N544	10X_up
1031	394	42	33	0.05	1.0	population_size_change	phlag_dto_noprior_noprior_free_ex	N544	10X_up
1227	198	75	0	0.05	1.0	population_size_change	phlag_dto_eap01_ena4_esp005_ex	N544	10X_up
1227	198	75	0	0.05	1.0	population_size_change	phlag_dto_eap005_ena2_esp001_ex	N544	10X_up
1406	19	75	0	0.05	1.0	population_size_change	phlag_dto_eap01_ena4_rev001_ex	N544	10X_up
1227	198	75	0	0.05	1.0	population_size_change	phlag_dto_eap01_ena4_esp001_ex	N544	10X_up
1200	0	4	296	0.2	1.0	population_size_change	phlag_mlt_eap01_ena4_esp010_ex	N544	10X_up
1200	0	4	296	0.2	1.0	population_size_change	phlag_dto_eap01_ena4_free_ex	N544	10X_up
1200	0	4	296	0.2	1.0	population_size_change	phlag_mlt_eap01_ena4_free_ex	N544	10X_up
1200	0	4	296	0.2	1.0	population_size_change	phlag_mlt_eap01_ena4_esp001_ex	N544	10X_up
1200	0	4	296	0.2	1.0	population_size_change	phlag_dto_eap01_ena4_rev0001_ex	N544	10X_up
1200	0	4	296	0.2	1.0	population_size_change	phlag_mlt_eap01_ena4_esp005_ex	N544	10X_up
1200	0	4	296	0.2	1.0	population_size_change	phlag_mlt_noprior_noprior_esp001_ex	N544	10X_up
1200	0	4	296	0.2	1.0	population_size_change	phlag_dto_eap01_ena4_esp001	N544	10X_up
886	314	191	109	0.2	1.0	population_size_change	phlag_dto_noprior_noprior_free_ex	N544	10X_up
1200	0	4	296	0.2	1.0	population_size_change	phlag_dto_eap01_ena4_esp005_ex	N544	10X_up
1181	19	300	0	0.2	1.0	population_size_change	phlag_dto_eap005_ena2_esp001_ex	N544	10X_up
1200	0	4	296	0.2	1.0	population_size_change	phlag_dto_eap01_ena4_rev001_ex	N544	10X_up
1200	0	4	296	0.2	1.0	population_size_change	phlag_dto_eap01_ena4_esp001_ex	N544	10X_up
1420	5	0	75	0.05	1.0	population_size_change	phlag_mlt_eap01_ena4_esp010_ex	N554	10X_up
1419	6	0	75	0.05	1.0	population_size_change	phlag_dto_eap01_ena4_free_ex	N554	10X_up
1420	5	0	75	0.05	1.0	population_size_change	phlag_mlt_eap01_ena4_free_ex	N554	10X_up
1420	5	0	75	0.05	1.0	population_size_change	phlag_mlt_eap01_ena4_esp001_ex	N554	10X_up
1419	6	0	75	0.05	1.0	population_size_change	phlag_dto_eap01_ena4_rev0001_ex	N554	10X_up
1420	5	0	75	0.05	1.0	population_size_change	phlag_mlt_eap01_ena4_esp005_ex	N554	10X_up
1420	5	0	75	0.05	1.0	population_size_change	phlag_mlt_noprior_noprior_esp001_ex	N554	10X_up
1420	5	0	75	0.05	1.0	population_size_change	phlag_dto_eap01_ena4_esp001	N554	10X_up
713	712	38	37	0.05	1.0	population_size_change	phlag_dto_noprior_noprior_free_ex	N554	10X_up
1419	6	0	75	0.05	1.0	population_size_change	phlag_dto_eap01_ena4_esp005_ex	N554	10X_up
1420	5	0	75	0.05	1.0	population_size_change	phlag_dto_eap005_ena2_esp001_ex	N554	10X_up
1420	5	0	75	0.05	1.0	population_size_change	phlag_dto_eap01_ena4_rev001_ex	N554	10X_up
1420	5	0	75	0.05	1.0	population_size_change	phlag_dto_eap01_ena4_esp001_ex	N554	10X_up
1042	233	4	221	0.15	1.0	population_size_change	phlag_mlt_eap01_ena4_esp010_ex	N616	10X_up
1265	10	225	0	0.15	1.0	population_size_change	phlag_dto_eap01_ena4_free_ex	N616	10X_up
1042	233	4	221	0.15	1.0	population_size_change	phlag_mlt_eap01_ena4_free_ex	N616	10X_up
1108	167	4	221	0.15	1.0	population_size_change	phlag_mlt_eap01_ena4_esp001_ex	N616	10X_up
1263	12	225	0	0.15	1.0	population_size_change	phlag_dto_eap01_ena4_rev0001_ex	N616	10X_up
785	490	221	4	0.15	1.0	population_size_change	phlag_mlt_eap01_ena4_esp005_ex	N616	10X_up
1108	167	4	221	0.15	1.0	population_size_change	phlag_mlt_noprior_noprior_esp001_ex	N616	10X_up
1183	92	4	221	0.15	1.0	population_size_change	phlag_dto_eap01_ena4_esp001	N616	10X_up
959	316	187	38	0.15	1.0	population_size_change	phlag_dto_noprior_noprior_free_ex	N616	10X_up
1066	209	102	123	0.15	1.0	population_size_change	phlag_dto_eap01_ena4_esp005_ex	N616	10X_up
1242	33	225	0	0.15	1.0	population_size_change	phlag_dto_eap005_ena2_esp001_ex	N616	10X_up
1136	139	225	0	0.15	1.0	population_size_change	phlag_dto_eap01_ena4_rev001_ex	N616	10X_up
1004	271	24	201	0.15	1.0	population_size_change	phlag_dto_eap01_ena4_esp001_ex	N616	10X_up
1110	165	225	0	0.15	1.0	population_size_change	phlag_mlt_eap01_ena4_esp010_ex	N233	10X_up
1272	3	225	0	0.15	1.0	population_size_change	phlag_dto_eap01_ena4_free_ex	N233	10X_up
1275	0	1	224	0.15	1.0	population_size_change	phlag_mlt_eap01_ena4_free_ex	N233	10X_up
1275	0	1	224	0.15	1.0	population_size_change	phlag_mlt_eap01_ena4_esp001_ex	N233	10X_up
1275	0	5	220	0.15	1.0	population_size_change	phlag_dto_eap01_ena4_rev0001_ex	N233	10X_up
1275	0	1	224	0.15	1.0	population_size_change	phlag_mlt_eap01_ena4_esp005_ex	N233	10X_up
1110	165	225	0	0.15	1.0	population_size_change	phlag_mlt_noprior_noprior_esp001_ex	N233	10X_up
1275	0	1	224	0.15	1.0	population_size_change	phlag_dto_eap01_ena4_esp001	N233	10X_up
724	551	137	88	0.15	1.0	population_size_change	phlag_dto_noprior_noprior_free_ex	N233	10X_up
983	292	225	0	0.15	1.0	population_size_change	phlag_dto_eap01_ena4_esp005_ex	N233	10X_up
1272	3	225	0	0.15	1.0	population_size_change	phlag_dto_eap005_ena2_esp001_ex	N233	10X_up
1272	3	225	0	0.15	1.0	population_size_change	phlag_dto_eap01_ena4_rev001_ex	N233	10X_up
1275	0	1	224	0.15	1.0	population_size_change	phlag_dto_eap01_ena4_esp001_ex	N233	10X_up
1123	2	1	374	0.25	1.0	population_size_change	phlag_mlt_eap01_ena4_esp010_ex	N679	10X_up
1112	13	1	374	0.25	1.0	population_size_change	phlag_dto_eap01_ena4_free_ex	N679	10X_up
1123	2	1	374	0.25	1.0	population_size_change	phlag_mlt_eap01_ena4_free_ex	N679	10X_up
1123	2	1	374	0.25	1.0	population_size_change	phlag_mlt_eap01_ena4_esp001_ex	N679	10X_up
1112	13	1	374	0.25	1.0	population_size_change	phlag_dto_eap01_ena4_rev0001_ex	N679	10X_up
1123	2	1	374	0.25	1.0	population_size_change	phlag_mlt_eap01_ena4_esp005_ex	N679	10X_up
1123	2	1	374	0.25	1.0	population_size_change	phlag_mlt_noprior_noprior_esp001_ex	N679	10X_up
1112	13	1	374	0.25	1.0	population_size_change	phlag_dto_eap01_ena4_esp001	N679	10X_up
886	239	244	131	0.25	1.0	population_size_change	phlag_dto_noprior_noprior_free_ex	N679	10X_up
1112	13	1	374	0.25	1.0	population_size_change	phlag_dto_eap01_ena4_esp005_ex	N679	10X_up
1112	13	1	374	0.25	1.0	population_size_change	phlag_dto_eap005_ena2_esp001_ex	N679	10X_up
1112	13	1	374	0.25	1.0	population_size_change	phlag_dto_eap01_ena4_rev001_ex	N679	10X_up
1112	13	1	374	0.25	1.0	population_size_change	phlag_dto_eap01_ena4_esp001_ex	N679	10X_up
1397	28	75	0	0.05	1.0	population_size_change	phlag_mlt_eap01_ena4_esp010_ex	N498	10X_down
1135	290	59	16	0.05	1.0	population_size_change	phlag_dto_eap01_ena4_free_ex	N498	10X_down
1366	59	75	0	0.05	1.0	population_size_change	phlag_mlt_eap01_ena4_free_ex	N498	10X_down
1425	0	75	0	0.05	1.0	population_size_change	phlag_mlt_eap01_ena4_esp001_ex	N498	10X_down
1173	252	75	0	0.05	1.0	population_size_change	phlag_dto_eap01_ena4_rev0001_ex	N498	10X_down
1366	59	75	0	0.05	1.0	population_size_change	phlag_mlt_eap01_ena4_esp005_ex	N498	10X_down
1399	26	75	0	0.05	1.0	population_size_change	phlag_mlt_noprior_noprior_esp001_ex	N498	10X_down
1425	0	75	0	0.05	1.0	population_size_change	phlag_dto_eap01_ena4_esp001	N498	10X_down
891	534	47	28	0.05	1.0	population_size_change	phlag_dto_noprior_noprior_free_ex	N498	10X_down
1187	238	27	48	0.05	1.0	population_size_change	phlag_dto_eap01_ena4_esp005_ex	N498	10X_down
803	622	75	0	0.05	1.0	population_size_change	phlag_dto_eap005_ena2_esp001_ex	N498	10X_down
1166	259	59	16	0.05	1.0	population_size_change	phlag_dto_eap01_ena4_rev001_ex	N498	10X_down
1021	404	27	48	0.05	1.0	population_size_change	phlag_dto_eap01_ena4_esp001_ex	N498	10X_down
1076	124	213	87	0.2	1.0	population_size_change	phlag_mlt_eap01_ena4_esp010_ex	N276	10X_down
1125	75	215	85	0.2	1.0	population_size_change	phlag_dto_eap01_ena4_free_ex	N276	10X_down
1059	141	260	40	0.2	1.0	population_size_change	phlag_mlt_eap01_ena4_free_ex	N276	10X_down
962	238	300	0	0.2	1.0	population_size_change	phlag_mlt_eap01_ena4_esp001_ex	N276	10X_down
844	356	13	287	0.2	1.0	population_size_change	phlag_dto_eap01_ena4_rev0001_ex	N276	10X_down
962	238	300	0	0.2	1.0	population_size_change	phlag_mlt_eap01_ena4_esp005_ex	N276	10X_down
628	572	300	0	0.2	1.0	population_size_change	phlag_mlt_noprior_noprior_esp001_ex	N276	10X_down
1200	0	300	0	0.2	1.0	population_size_change	phlag_dto_eap01_ena4_esp001	N276	10X_down
785	415	200	100	0.2	1.0	population_size_change	phlag_dto_noprior_noprior_free_ex	N276	10X_down
776	424	287	13	0.2	1.0	population_size_change	phlag_dto_eap01_ena4_esp005_ex	N276	10X_down
1094	106	232	68	0.2	1.0	population_size_change	phlag_dto_eap005_ena2_esp001_ex	N276	10X_down
1200	0	93	207	0.2	1.0	population_size_change	phlag_dto_eap01_ena4_rev001_ex	N276	10X_down
1095	105	241	59	0.2	1.0	population_size_change	phlag_dto_eap01_ena4_esp001_ex	N276	10X_down
1123	2	0	375	0.25	1.0	population_size_change	phlag_mlt_eap01_ena4_esp010_ex	N717	10X_down
1123	2	0	375	0.25	1.0	population_size_change	phlag_dto_eap01_ena4_free_ex	N717	10X_down
1123	2	0	375	0.25	1.0	population_size_change	phlag_mlt_eap01_ena4_free_ex	N717	10X_down
1123	2	0	375	0.25	1.0	population_size_change	phlag_mlt_eap01_ena4_esp001_ex	N717	10X_down
1123	2	0	375	0.25	1.0	population_size_change	phlag_dto_eap01_ena4_rev0001_ex	N717	10X_down
1123	2	0	375	0.25	1.0	population_size_change	phlag_mlt_eap01_ena4_esp005_ex	N717	10X_down
1123	2	0	375	0.25	1.0	population_size_change	phlag_mlt_noprior_noprior_esp001_ex	N717	10X_down
1123	2	4	371	0.25	1.0	population_size_change	phlag_dto_eap01_ena4_esp001	N717	10X_down
501	624	321	54	0.25	1.0	population_size_change	phlag_dto_noprior_noprior_free_ex	N717	10X_down
1123	2	0	375	0.25	1.0	population_size_change	phlag_dto_eap01_ena4_esp005_ex	N717	10X_down
1042	83	375	0	0.25	1.0	population_size_change	phlag_dto_eap005_ena2_esp001_ex	N717	10X_down
1125	0	375	0	0.25	1.0	population_size_change	phlag_dto_eap01_ena4_rev001_ex	N717	10X_down
1123	2	0	375	0.25	1.0	population_size_change	phlag_dto_eap01_ena4_esp001_ex	N717	10X_down
1100	250	150	0	0.1	1.0	population_size_change	phlag_mlt_eap01_ena4_esp010_ex	N620	10X_up
774	576	150	0	0.1	1.0	population_size_change	phlag_dto_eap01_ena4_free_ex	N620	10X_up
1285	65	120	30	0.1	1.0	population_size_change	phlag_mlt_eap01_ena4_free_ex	N620	10X_up
1285	65	120	30	0.1	1.0	population_size_change	phlag_mlt_eap01_ena4_esp001_ex	N620	10X_up
1001	349	150	0	0.1	1.0	population_size_change	phlag_dto_eap01_ena4_rev0001_ex	N620	10X_up
1302	48	120	30	0.1	1.0	population_size_change	phlag_mlt_eap01_ena4_esp005_ex	N620	10X_up
1275	75	117	33	0.1	1.0	population_size_change	phlag_mlt_noprior_noprior_esp001_ex	N620	10X_up
1232	118	150	0	0.1	1.0	population_size_change	phlag_dto_eap01_ena4_esp001	N620	10X_up
680	670	78	72	0.1	1.0	population_size_change	phlag_dto_noprior_noprior_free_ex	N620	10X_up
1138	212	112	38	0.1	1.0	population_size_change	phlag_dto_eap01_ena4_esp005_ex	N620	10X_up
934	416	150	0	0.1	1.0	population_size_change	phlag_dto_eap005_ena2_esp001_ex	N620	10X_up
866	484	150	0	0.1	1.0	population_size_change	phlag_dto_eap01_ena4_rev001_ex	N620	10X_up
1045	305	109	41	0.1	1.0	population_size_change	phlag_dto_eap01_ena4_esp001_ex	N620	10X_up
1422	3	2	73	0.05	1.0	population_size_change	phlag_mlt_eap01_ena4_esp010_ex	N617	10X_up
1423	2	2	73	0.05	1.0	population_size_change	phlag_dto_eap01_ena4_free_ex	N617	10X_up
1422	3	75	0	0.05	1.0	population_size_change	phlag_mlt_eap01_ena4_free_ex	N617	10X_up
1422	3	2	73	0.05	1.0	population_size_change	phlag_mlt_eap01_ena4_esp001_ex	N617	10X_up
1346	79	75	0	0.05	1.0	population_size_change	phlag_dto_eap01_ena4_rev0001_ex	N617	10X_up
1422	3	2	73	0.05	1.0	population_size_change	phlag_mlt_eap01_ena4_esp005_ex	N617	10X_up
1422	3	2	73	0.05	1.0	population_size_change	phlag_mlt_noprior_noprior_esp001_ex	N617	10X_up
1425	0	13	62	0.05	1.0	population_size_change	phlag_dto_eap01_ena4_esp001	N617	10X_up
765	660	40	35	0.05	1.0	population_size_change	phlag_dto_noprior_noprior_free_ex	N617	10X_up
1425	0	2	73	0.05	1.0	population_size_change	phlag_dto_eap01_ena4_esp005_ex	N617	10X_up
1423	2	2	73	0.05	1.0	population_size_change	phlag_dto_eap005_ena2_esp001_ex	N617	10X_up
1425	0	2	73	0.05	1.0	population_size_change	phlag_dto_eap01_ena4_rev001_ex	N617	10X_up
1423	2	2	73	0.05	1.0	population_size_change	phlag_dto_eap01_ena4_esp001_ex	N617	10X_up
1241	109	150	0	0.1	1.0	population_size_change	phlag_mlt_eap01_ena4_esp010_ex	N532	10X_down
1195	155	11	139	0.1	1.0	population_size_change	phlag_dto_eap01_ena4_free_ex	N532	10X_down
1346	4	150	0	0.1	1.0	population_size_change	phlag_mlt_eap01_ena4_free_ex	N532	10X_down
1034	316	0	150	0.1	1.0	population_size_change	phlag_mlt_eap01_ena4_esp001_ex	N532	10X_down
1173	177	11	139	0.1	1.0	population_size_change	phlag_dto_eap01_ena4_rev0001_ex	N532	10X_down
1241	109	150	0	0.1	1.0	population_size_change	phlag_mlt_eap01_ena4_esp005_ex	N532	10X_down
1034	316	0	150	0.1	1.0	population_size_change	phlag_mlt_noprior_noprior_esp001_ex	N532	10X_down
1275	75	11	139	0.1	1.0	population_size_change	phlag_dto_eap01_ena4_esp001	N532	10X_down
1181	169	145	5	0.1	1.0	population_size_change	phlag_dto_noprior_noprior_free_ex	N532	10X_down
1172	178	150	0	0.1	1.0	population_size_change	phlag_dto_eap01_ena4_esp005_ex	N532	10X_down
760	590	0	150	0.1	1.0	population_size_change	phlag_dto_eap005_ena2_esp001_ex	N532	10X_down
1175	175	150	0	0.1	1.0	population_size_change	phlag_dto_eap01_ena4_rev001_ex	N532	10X_down
1198	152	11	139	0.1	1.0	population_size_change	phlag_dto_eap01_ena4_esp001_ex	N532	10X_down
1470	0	1	29	0.02	1.0	population_size_change	phlag_mlt_eap01_ena4_esp010_ex	N281	10X_up
1470	0	1	29	0.02	1.0	population_size_change	phlag_dto_eap01_ena4_free_ex	N281	10X_up
1470	0	1	29	0.02	1.0	population_size_change	phlag_mlt_eap01_ena4_free_ex	N281	10X_up
1470	0	1	29	0.02	1.0	population_size_change	phlag_mlt_eap01_ena4_esp001_ex	N281	10X_up
1470	0	1	29	0.02	1.0	population_size_change	phlag_dto_eap01_ena4_rev0001_ex	N281	10X_up
1470	0	1	29	0.02	1.0	population_size_change	phlag_mlt_eap01_ena4_esp005_ex	N281	10X_up
1470	0	1	29	0.02	1.0	population_size_change	phlag_mlt_noprior_noprior_esp001_ex	N281	10X_up
1470	0	1	29	0.02	1.0	population_size_change	phlag_dto_eap01_ena4_esp001	N281	10X_up
735	735	15	15	0.02	1.0	population_size_change	phlag_dto_noprior_noprior_free_ex	N281	10X_up
1470	0	1	29	0.02	1.0	population_size_change	phlag_dto_eap01_ena4_esp005_ex	N281	10X_up
1470	0	1	29	0.02	1.0	population_size_change	phlag_dto_eap005_ena2_esp001_ex	N281	10X_up
1470	0	1	29	0.02	1.0	population_size_change	phlag_dto_eap01_ena4_rev001_ex	N281	10X_up
1470	0	1	29	0.02	1.0	population_size_change	phlag_dto_eap01_ena4_esp001_ex	N281	10X_up
767	583	0	150	0.1	1.0	population_size_change	phlag_mlt_eap01_ena4_esp010_ex	N638	10X_down
1338	12	150	0	0.1	1.0	population_size_change	phlag_dto_eap01_ena4_free_ex	N638	10X_down
1349	1	150	0	0.1	1.0	population_size_change	phlag_mlt_eap01_ena4_free_ex	N638	10X_down
1198	152	150	0	0.1	1.0	population_size_change	phlag_mlt_eap01_ena4_esp001_ex	N638	10X_down
1349	1	150	0	0.1	1.0	population_size_change	phlag_dto_eap01_ena4_rev0001_ex	N638	10X_down
1171	179	150	0	0.1	1.0	population_size_change	phlag_mlt_eap01_ena4_esp005_ex	N638	10X_down
1198	152	150	0	0.1	1.0	population_size_change	phlag_mlt_noprior_noprior_esp001_ex	N638	10X_down
1349	1	150	0	0.1	1.0	population_size_change	phlag_dto_eap01_ena4_esp001	N638	10X_down
1332	18	150	0	0.1	1.0	population_size_change	phlag_dto_noprior_noprior_free_ex	N638	10X_down
1338	12	150	0	0.1	1.0	population_size_change	phlag_dto_eap01_ena4_esp005_ex	N638	10X_down
1338	12	150	0	0.1	1.0	population_size_change	phlag_dto_eap005_ena2_esp001_ex	N638	10X_down
1337	13	150	0	0.1	1.0	population_size_change	phlag_dto_eap01_ena4_rev001_ex	N638	10X_down
1338	12	150	0	0.1	1.0	population_size_change	phlag_dto_eap01_ena4_esp001_ex	N638	10X_down
1196	4	4	296	0.2	1.0	population_size_change	phlag_mlt_eap01_ena4_esp010_ex	N707	10X_down
1196	4	5	295	0.2	1.0	population_size_change	phlag_dto_eap01_ena4_free_ex	N707	10X_down
1196	4	4	296	0.2	1.0	population_size_change	phlag_mlt_eap01_ena4_free_ex	N707	10X_down
1196	4	4	296	0.2	1.0	population_size_change	phlag_mlt_eap01_ena4_esp001_ex	N707	10X_down
1196	4	5	295	0.2	1.0	population_size_change	phlag_dto_eap01_ena4_rev0001_ex	N707	10X_down
1196	4	4	296	0.2	1.0	population_size_change	phlag_mlt_eap01_ena4_esp005_ex	N707	10X_down
1196	4	4	296	0.2	1.0	population_size_change	phlag_mlt_noprior_noprior_esp001_ex	N707	10X_down
1196	4	4	296	0.2	1.0	population_size_change	phlag_dto_eap01_ena4_esp001	N707	10X_down
697	503	71	229	0.2	1.0	population_size_change	phlag_dto_noprior_noprior_free_ex	N707	10X_down
1196	4	5	295	0.2	1.0	population_size_change	phlag_dto_eap01_ena4_esp005_ex	N707	10X_down
1196	4	5	295	0.2	1.0	population_size_change	phlag_dto_eap005_ena2_esp001_ex	N707	10X_down
1196	4	5	295	0.2	1.0	population_size_change	phlag_dto_eap01_ena4_rev001_ex	N707	10X_down
1196	4	5	295	0.2	1.0	population_size_change	phlag_dto_eap01_ena4_esp001_ex	N707	10X_down
1291	59	150	0	0.1	1.0	population_size_change	phlag_mlt_eap01_ena4_esp010_ex	N690	10X_up
1255	95	104	46	0.1	1.0	population_size_change	phlag_dto_eap01_ena4_free_ex	N690	10X_up
1291	59	150	0	0.1	1.0	population_size_change	phlag_mlt_eap01_ena4_free_ex	N690	10X_up
1291	59	150	0	0.1	1.0	population_size_change	phlag_mlt_eap01_ena4_esp001_ex	N690	10X_up
1104	246	150	0	0.1	1.0	population_size_change	phlag_dto_eap01_ena4_rev0001_ex	N690	10X_up
1291	59	150	0	0.1	1.0	population_size_change	phlag_mlt_eap01_ena4_esp005_ex	N690	10X_up
1291	59	150	0	0.1	1.0	population_size_change	phlag_mlt_noprior_noprior_esp001_ex	N690	10X_up
1320	30	150	0	0.1	1.0	population_size_change	phlag_dto_eap01_ena4_esp001	N690	10X_up
821	529	92	58	0.1	1.0	population_size_change	phlag_dto_noprior_noprior_free_ex	N690	10X_up
961	389	150	0	0.1	1.0	population_size_change	phlag_dto_eap01_ena4_esp005_ex	N690	10X_up
947	403	150	0	0.1	1.0	population_size_change	phlag_dto_eap005_ena2_esp001_ex	N690	10X_up
1103	247	150	0	0.1	1.0	population_size_change	phlag_dto_eap01_ena4_rev001_ex	N690	10X_up
1142	208	150	0	0.1	1.0	population_size_change	phlag_dto_eap01_ena4_esp001_ex	N690	10X_up
1301	124	75	0	0.05	1.0	population_size_change	phlag_mlt_eap01_ena4_esp010_ex	N276	10X_down
1144	281	51	24	0.05	1.0	population_size_change	phlag_dto_eap01_ena4_free_ex	N276	10X_down
1133	292	54	21	0.05	1.0	population_size_change	phlag_mlt_eap01_ena4_free_ex	N276	10X_down
1318	107	66	9	0.05	1.0	population_size_change	phlag_mlt_eap01_ena4_esp001_ex	N276	10X_down
1202	223	13	62	0.05	1.0	population_size_change	phlag_dto_eap01_ena4_rev0001_ex	N276	10X_down
1330	95	75	0	0.05	1.0	population_size_change	phlag_mlt_eap01_ena4_esp005_ex	N276	10X_down
1373	52	75	0	0.05	1.0	population_size_change	phlag_mlt_noprior_noprior_esp001_ex	N276	10X_down
1391	34	75	0	0.05	1.0	population_size_change	phlag_dto_eap01_ena4_esp001	N276	10X_down
911	514	53	22	0.05	1.0	population_size_change	phlag_dto_noprior_noprior_free_ex	N276	10X_down
1300	125	75	0	0.05	1.0	population_size_change	phlag_dto_eap01_ena4_esp005_ex	N276	10X_down
1251	174	75	0	0.05	1.0	population_size_change	phlag_dto_eap005_ena2_esp001_ex	N276	10X_down
1166	259	13	62	0.05	1.0	population_size_change	phlag_dto_eap01_ena4_rev001_ex	N276	10X_down
1098	327	75	0	0.05	1.0	population_size_change	phlag_dto_eap01_ena4_esp001_ex	N276	10X_down
1469	1	3	27	0.02	1.0	population_size_change	phlag_mlt_eap01_ena4_esp010_ex	N635	10X_up
1470	0	22	8	0.02	1.0	population_size_change	phlag_dto_eap01_ena4_free_ex	N635	10X_up
1469	1	30	0	0.02	1.0	population_size_change	phlag_mlt_eap01_ena4_free_ex	N635	10X_up
1297	173	30	0	0.02	1.0	population_size_change	phlag_mlt_eap01_ena4_esp001_ex	N635	10X_up
1469	1	3	27	0.02	1.0	population_size_change	phlag_dto_eap01_ena4_rev0001_ex	N635	10X_up
1291	179	30	0	0.02	1.0	population_size_change	phlag_mlt_eap01_ena4_esp005_ex	N635	10X_up
1469	1	3	27	0.02	1.0	population_size_change	phlag_mlt_noprior_noprior_esp001_ex	N635	10X_up
1470	0	5	25	0.02	1.0	population_size_change	phlag_dto_eap01_ena4_esp001	N635	10X_up
1449	21	27	3	0.02	1.0	population_size_change	phlag_dto_noprior_noprior_free_ex	N635	10X_up
1469	1	3	27	0.02	1.0	population_size_change	phlag_dto_eap01_ena4_esp005_ex	N635	10X_up
1469	1	3	27	0.02	1.0	population_size_change	phlag_dto_eap005_ena2_esp001_ex	N635	10X_up
1466	4	13	17	0.02	1.0	population_size_change	phlag_dto_eap01_ena4_rev001_ex	N635	10X_up
1470	0	13	17	0.02	1.0	population_size_change	phlag_dto_eap01_ena4_esp001_ex	N635	10X_up
1240	110	150	0	0.1	1.0	population_size_change	phlag_mlt_eap01_ena4_esp010_ex	N575	10X_down
1308	42	150	0	0.1	1.0	population_size_change	phlag_dto_eap01_ena4_free_ex	N575	10X_down
1329	21	150	0	0.1	1.0	population_size_change	phlag_mlt_eap01_ena4_free_ex	N575	10X_down
1193	157	150	0	0.1	1.0	population_size_change	phlag_mlt_eap01_ena4_esp001_ex	N575	10X_down
913	437	150	0	0.1	1.0	population_size_change	phlag_dto_eap01_ena4_rev0001_ex	N575	10X_down
1036	314	150	0	0.1	1.0	population_size_change	phlag_mlt_eap01_ena4_esp005_ex	N575	10X_down
1248	102	150	0	0.1	1.0	population_size_change	phlag_mlt_noprior_noprior_esp001_ex	N575	10X_down
1282	68	14	136	0.1	1.0	population_size_change	phlag_dto_eap01_ena4_esp001	N575	10X_down
946	404	107	43	0.1	1.0	population_size_change	phlag_dto_noprior_noprior_free_ex	N575	10X_down
1060	290	0	150	0.1	1.0	population_size_change	phlag_dto_eap01_ena4_esp005_ex	N575	10X_down
964	386	14	136	0.1	1.0	population_size_change	phlag_dto_eap005_ena2_esp001_ex	N575	10X_down
994	356	150	0	0.1	1.0	population_size_change	phlag_dto_eap01_ena4_rev001_ex	N575	10X_down
1076	274	150	0	0.1	1.0	population_size_change	phlag_dto_eap01_ena4_esp001_ex	N575	10X_down
1026	174	4	296	0.2	1.0	population_size_change	phlag_mlt_eap01_ena4_esp010_ex	N615	10X_down
1081	119	300	0	0.2	1.0	population_size_change	phlag_dto_eap01_ena4_free_ex	N615	10X_down
1197	3	300	0	0.2	1.0	population_size_change	phlag_mlt_eap01_ena4_free_ex	N615	10X_down
1026	174	28	272	0.2	1.0	population_size_change	phlag_mlt_eap01_ena4_esp001_ex	N615	10X_down
946	254	4	296	0.2	1.0	population_size_change	phlag_dto_eap01_ena4_rev0001_ex	N615	10X_down
1019	181	4	296	0.2	1.0	population_size_change	phlag_mlt_eap01_ena4_esp005_ex	N615	10X_down
1030	170	4	296	0.2	1.0	population_size_change	phlag_mlt_noprior_noprior_esp001_ex	N615	10X_down
1019	181	4	296	0.2	1.0	population_size_change	phlag_dto_eap01_ena4_esp001	N615	10X_down
1021	179	286	14	0.2	1.0	population_size_change	phlag_dto_noprior_noprior_free_ex	N615	10X_down
957	243	4	296	0.2	1.0	population_size_change	phlag_dto_eap01_ena4_esp005_ex	N615	10X_down
946	254	4	296	0.2	1.0	population_size_change	phlag_dto_eap005_ena2_esp001_ex	N615	10X_down
882	318	300	0	0.2	1.0	population_size_change	phlag_dto_eap01_ena4_rev001_ex	N615	10X_down
946	254	4	296	0.2	1.0	population_size_change	phlag_dto_eap01_ena4_esp001_ex	N615	10X_down
1272	3	0	225	0.15	1.0	population_size_change	phlag_mlt_eap01_ena4_esp010_ex	N707	10X_down
1275	0	43	182	0.15	1.0	population_size_change	phlag_dto_eap01_ena4_free_ex	N707	10X_down
1272	3	0	225	0.15	1.0	population_size_change	phlag_mlt_eap01_ena4_free_ex	N707	10X_down
1272	3	0	225	0.15	1.0	population_size_change	phlag_mlt_eap01_ena4_esp001_ex	N707	10X_down
1275	0	43	182	0.15	1.0	population_size_change	phlag_dto_eap01_ena4_rev0001_ex	N707	10X_down
1272	3	0	225	0.15	1.0	population_size_change	phlag_mlt_eap01_ena4_esp005_ex	N707	10X_down
1272	3	0	225	0.15	1.0	population_size_change	phlag_mlt_noprior_noprior_esp001_ex	N707	10X_down
1272	3	0	225	0.15	1.0	population_size_change	phlag_dto_eap01_ena4_esp001	N707	10X_down
759	516	54	171	0.15	1.0	population_size_change	phlag_dto_noprior_noprior_free_ex	N707	10X_down
1272	3	43	182	0.15	1.0	population_size_change	phlag_dto_eap01_ena4_esp005_ex	N707	10X_down
1264	11	0	225	0.15	1.0	population_size_change	phlag_dto_eap005_ena2_esp001_ex	N707	10X_down
1272	3	43	182	0.15	1.0	population_size_change	phlag_dto_eap01_ena4_rev001_ex	N707	10X_down
1275	0	43	182	0.15	1.0	population_size_change	phlag_dto_eap01_ena4_esp001_ex	N707	10X_down
1191	159	150	0	0.1	1.0	population_size_change	phlag_mlt_eap01_ena4_esp010_ex	N109	10X_down
1349	1	150	0	0.1	1.0	population_size_change	phlag_dto_eap01_ena4_free_ex	N109	10X_down
1350	0	150	0	0.1	1.0	population_size_change	phlag_mlt_eap01_ena4_free_ex	N109	10X_down
1191	159	150	0	0.1	1.0	population_size_change	phlag_mlt_eap01_ena4_esp001_ex	N109	10X_down
1350	0	150	0	0.1	1.0	population_size_change	phlag_dto_eap01_ena4_rev0001_ex	N109	10X_down
1260	90	150	0	0.1	1.0	population_size_change	phlag_mlt_eap01_ena4_esp005_ex	N109	10X_down
1261	89	150	0	0.1	1.0	population_size_change	phlag_mlt_noprior_noprior_esp001_ex	N109	10X_down
1350	0	150	0	0.1	1.0	population_size_change	phlag_dto_eap01_ena4_esp001	N109	10X_down
1312	38	148	2	0.1	1.0	population_size_change	phlag_dto_noprior_noprior_free_ex	N109	10X_down
1048	302	102	48	0.1	1.0	population_size_change	phlag_dto_eap01_ena4_esp005_ex	N109	10X_down
1350	0	150	0	0.1	1.0	population_size_change	phlag_dto_eap005_ena2_esp001_ex	N109	10X_down
1350	0	150	0	0.1	1.0	population_size_change	phlag_dto_eap01_ena4_rev001_ex	N109	10X_down
1350	0	150	0	0.1	1.0	population_size_change	phlag_dto_eap01_ena4_esp001_ex	N109	10X_down
1064	211	225	0	0.15	1.0	population_size_change	phlag_mlt_eap01_ena4_esp010_ex	N114	10X_down
1275	0	225	0	0.15	1.0	population_size_change	phlag_dto_eap01_ena4_free_ex	N114	10X_down
1275	0	225	0	0.15	1.0	population_size_change	phlag_mlt_eap01_ena4_free_ex	N114	10X_down
1064	211	225	0	0.15	1.0	population_size_change	phlag_mlt_eap01_ena4_esp001_ex	N114	10X_down
1275	0	225	0	0.15	1.0	population_size_change	phlag_dto_eap01_ena4_rev0001_ex	N114	10X_down
1275	0	225	0	0.15	1.0	population_size_change	phlag_mlt_eap01_ena4_esp005_ex	N114	10X_down
1064	211	225	0	0.15	1.0	population_size_change	phlag_mlt_noprior_noprior_esp001_ex	N114	10X_down
1275	0	225	0	0.15	1.0	population_size_change	phlag_dto_eap01_ena4_esp001	N114	10X_down
641	634	113	112	0.15	1.0	population_size_change	phlag_dto_noprior_noprior_free_ex	N114	10X_down
993	282	225	0	0.15	1.0	population_size_change	phlag_dto_eap01_ena4_esp005_ex	N114	10X_down
1275	0	225	0	0.15	1.0	population_size_change	phlag_dto_eap005_ena2_esp001_ex	N114	10X_down
1275	0	225	0	0.15	1.0	population_size_change	phlag_dto_eap01_ena4_rev001_ex	N114	10X_down
1275	0	225	0	0.15	1.0	population_size_change	phlag_dto_eap01_ena4_esp001_ex	N114	10X_down
1280	145	75	0	0.05	1.0	population_size_change	phlag_mlt_eap01_ena4_esp010_ex	N575	10X_down
1383	42	75	0	0.05	1.0	population_size_change	phlag_dto_eap01_ena4_free_ex	N575	10X_down
1404	21	75	0	0.05	1.0	population_size_change	phlag_mlt_eap01_ena4_free_ex	N575	10X_down
1269	156	75	0	0.05	1.0	population_size_change	phlag_mlt_eap01_ena4_esp001_ex	N575	10X_down
870	555	61	14	0.05	1.0	population_size_change	phlag_dto_eap01_ena4_rev0001_ex	N575	10X_down
1270	155	75	0	0.05	1.0	population_size_change	phlag_mlt_eap01_ena4_esp005_ex	N575	10X_down
1316	109	75	0	0.05	1.0	population_size_change	phlag_mlt_noprior_noprior_esp001_ex	N575	10X_down
997	428	31	44	0.05	1.0	population_size_change	phlag_dto_eap01_ena4_esp001	N575	10X_down
1040	385	56	19	0.05	1.0	population_size_change	phlag_dto_noprior_noprior_free_ex	N575	10X_down
1178	247	46	29	0.05	1.0	population_size_change	phlag_dto_eap01_ena4_esp005_ex	N575	10X_down
1069	356	61	14	0.05	1.0	population_size_change	phlag_dto_eap005_ena2_esp001_ex	N575	10X_down
880	545	61	14	0.05	1.0	population_size_change	phlag_dto_eap01_ena4_rev001_ex	N575	10X_down
1218	207	75	0	0.05	1.0	population_size_change	phlag_dto_eap01_ena4_esp001_ex	N575	10X_down
1275	0	225	0	0.15	1.0	population_size_change	phlag_mlt_eap01_ena4_esp010_ex	N228	10X_down
1098	177	225	0	0.15	1.0	population_size_change	phlag_dto_eap01_ena4_free_ex	N228	10X_down
1231	44	225	0	0.15	1.0	population_size_change	phlag_mlt_eap01_ena4_free_ex	N228	10X_down
1275	0	225	0	0.15	1.0	population_size_change	phlag_mlt_eap01_ena4_esp001_ex	N228	10X_down
994	281	225	0	0.15	1.0	population_size_change	phlag_dto_eap01_ena4_rev0001_ex	N228	10X_down
1275	0	225	0	0.15	1.0	population_size_change	phlag_mlt_eap01_ena4_esp005_ex	N228	10X_down
1221	54	225	0	0.15	1.0	population_size_change	phlag_mlt_noprior_noprior_esp001_ex	N228	10X_down
858	417	0	225	0.15	1.0	population_size_change	phlag_dto_eap01_ena4_esp001	N228	10X_down
806	469	158	67	0.15	1.0	population_size_change	phlag_dto_noprior_noprior_free_ex	N228	10X_down
1201	74	225	0	0.15	1.0	population_size_change	phlag_dto_eap01_ena4_esp005_ex	N228	10X_down
1094	181	225	0	0.15	1.0	population_size_change	phlag_dto_eap005_ena2_esp001_ex	N228	10X_down
1127	148	225	0	0.15	1.0	population_size_change	phlag_dto_eap01_ena4_rev001_ex	N228	10X_down
994	281	225	0	0.15	1.0	population_size_change	phlag_dto_eap01_ena4_esp001_ex	N228	10X_down
743	682	75	0	0.05	1.0	population_size_change	phlag_mlt_eap01_ena4_esp010_ex	N220	10X_up
1363	62	3	72	0.05	1.0	population_size_change	phlag_dto_eap01_ena4_free_ex	N220	10X_up
1425	0	75	0	0.05	1.0	population_size_change	phlag_mlt_eap01_ena4_free_ex	N220	10X_up
743	682	75	0	0.05	1.0	population_size_change	phlag_mlt_eap01_ena4_esp001_ex	N220	10X_up
1425	0	75	0	0.05	1.0	population_size_change	phlag_dto_eap01_ena4_rev0001_ex	N220	10X_up
1425	0	75	0	0.05	1.0	population_size_change	phlag_mlt_eap01_ena4_esp005_ex	N220	10X_up
1343	82	3	72	0.05	1.0	population_size_change	phlag_mlt_noprior_noprior_esp001_ex	N220	10X_up
1425	0	16	59	0.05	1.0	population_size_change	phlag_dto_eap01_ena4_esp001	N220	10X_up
976	449	55	20	0.05	1.0	population_size_change	phlag_dto_noprior_noprior_free_ex	N220	10X_up
1355	70	3	72	0.05	1.0	population_size_change	phlag_dto_eap01_ena4_esp005_ex	N220	10X_up
1355	70	3	72	0.05	1.0	population_size_change	phlag_dto_eap005_ena2_esp001_ex	N220	10X_up
1425	0	75	0	0.05	1.0	population_size_change	phlag_dto_eap01_ena4_rev001_ex	N220	10X_up
1281	144	75	0	0.05	1.0	population_size_change	phlag_dto_eap01_ena4_esp001_ex	N220	10X_up
1275	0	6	219	0.15	1.0	population_size_change	phlag_mlt_eap01_ena4_esp010_ex	N425	10X_up
1275	0	2	223	0.15	1.0	population_size_change	phlag_dto_eap01_ena4_free_ex	N425	10X_up
1275	0	6	219	0.15	1.0	population_size_change	phlag_mlt_eap01_ena4_free_ex	N425	10X_up
1275	0	6	219	0.15	1.0	population_size_change	phlag_mlt_eap01_ena4_esp001_ex	N425	10X_up
1275	0	2	223	0.15	1.0	population_size_change	phlag_dto_eap01_ena4_rev0001_ex	N425	10X_up
1275	0	2	223	0.15	1.0	population_size_change	phlag_mlt_eap01_ena4_esp005_ex	N425	10X_up
1275	0	6	219	0.15	1.0	population_size_change	phlag_mlt_noprior_noprior_esp001_ex	N425	10X_up
1275	0	2	223	0.15	1.0	population_size_change	phlag_dto_eap01_ena4_esp001	N425	10X_up
1221	54	67	158	0.15	1.0	population_size_change	phlag_dto_noprior_noprior_free_ex	N425	10X_up
1275	0	2	223	0.15	1.0	population_size_change	phlag_dto_eap01_ena4_esp005_ex	N425	10X_up
1275	0	2	223	0.15	1.0	population_size_change	phlag_dto_eap005_ena2_esp001_ex	N425	10X_up
1275	0	2	223	0.15	1.0	population_size_change	phlag_dto_eap01_ena4_rev001_ex	N425	10X_up
1275	0	2	223	0.15	1.0	population_size_change	phlag_dto_eap01_ena4_esp001_ex	N425	10X_up
1220	55	225	0	0.15	1.0	population_size_change	phlag_mlt_eap01_ena4_esp010_ex	N498	10X_down
1034	241	171	54	0.15	1.0	population_size_change	phlag_dto_eap01_ena4_free_ex	N498	10X_down
1219	56	225	0	0.15	1.0	population_size_change	phlag_mlt_eap01_ena4_free_ex	N498	10X_down
1220	55	225	0	0.15	1.0	population_size_change	phlag_mlt_eap01_ena4_esp001_ex	N498	10X_down
875	400	222	3	0.15	1.0	population_size_change	phlag_dto_eap01_ena4_rev0001_ex	N498	10X_down
1275	0	225	0	0.15	1.0	population_size_change	phlag_mlt_eap01_ena4_esp005_ex	N498	10X_down
1275	0	225	0	0.15	1.0	population_size_change	phlag_mlt_noprior_noprior_esp001_ex	N498	10X_down
1275	0	225	0	0.15	1.0	population_size_change	phlag_dto_eap01_ena4_esp001	N498	10X_down
824	451	154	71	0.15	1.0	population_size_change	phlag_dto_noprior_noprior_free_ex	N498	10X_down
893	382	177	48	0.15	1.0	population_size_change	phlag_dto_eap01_ena4_esp005_ex	N498	10X_down
886	389	177	48	0.15	1.0	population_size_change	phlag_dto_eap005_ena2_esp001_ex	N498	10X_down
1034	241	187	38	0.15	1.0	population_size_change	phlag_dto_eap01_ena4_rev001_ex	N498	10X_down
1034	241	171	54	0.15	1.0	population_size_change	phlag_dto_eap01_ena4_esp001_ex	N498	10X_down
1342	8	1	149	0.1	1.0	population_size_change	phlag_mlt_eap01_ena4_esp010_ex	N714	10X_up
1347	3	150	0	0.1	1.0	population_size_change	phlag_dto_eap01_ena4_free_ex	N714	10X_up
1350	0	150	0	0.1	1.0	population_size_change	phlag_mlt_eap01_ena4_free_ex	N714	10X_up
1342	8	1	149	0.1	1.0	population_size_change	phlag_mlt_eap01_ena4_esp001_ex	N714	10X_up
1347	3	150	0	0.1	1.0	population_size_change	phlag_dto_eap01_ena4_rev0001_ex	N714	10X_up
1342	8	1	149	0.1	1.0	population_size_change	phlag_mlt_eap01_ena4_esp005_ex	N714	10X_up
1342	8	1	149	0.1	1.0	population_size_change	phlag_mlt_noprior_noprior_esp001_ex	N714	10X_up
1342	8	1	149	0.1	1.0	population_size_change	phlag_dto_eap01_ena4_esp001	N714	10X_up
683	667	75	75	0.1	1.0	population_size_change	phlag_dto_noprior_noprior_free_ex	N714	10X_up
1350	0	150	0	0.1	1.0	population_size_change	phlag_dto_eap01_ena4_esp005_ex	N714	10X_up
1347	3	150	0	0.1	1.0	population_size_change	phlag_dto_eap005_ena2_esp001_ex	N714	10X_up
1345	5	150	0	0.1	1.0	population_size_change	phlag_dto_eap01_ena4_rev001_ex	N714	10X_up
1347	3	150	0	0.1	1.0	population_size_change	phlag_dto_eap01_ena4_esp001_ex	N714	10X_up
1190	85	225	0	0.15	1.0	population_size_change	phlag_mlt_eap01_ena4_esp010_ex	N238	10X_up
898	377	136	89	0.15	1.0	population_size_change	phlag_dto_eap01_ena4_free_ex	N238	10X_up
718	557	136	89	0.15	1.0	population_size_change	phlag_mlt_eap01_ena4_free_ex	N238	10X_up
1232	43	225	0	0.15	1.0	population_size_change	phlag_mlt_eap01_ena4_esp001_ex	N238	10X_up
833	442	0	225	0.15	1.0	population_size_change	phlag_dto_eap01_ena4_rev0001_ex	N238	10X_up
763	512	136	89	0.15	1.0	population_size_change	phlag_mlt_eap01_ena4_esp005_ex	N238	10X_up
763	512	136	89	0.15	1.0	population_size_change	phlag_mlt_noprior_noprior_esp001_ex	N238	10X_up
957	318	225	0	0.15	1.0	population_size_change	phlag_dto_eap01_ena4_esp001	N238	10X_up
727	548	112	113	0.15	1.0	population_size_change	phlag_dto_noprior_noprior_free_ex	N238	10X_up
1053	222	207	18	0.15	1.0	population_size_change	phlag_dto_eap01_ena4_esp005_ex	N238	10X_up
906	369	225	0	0.15	1.0	population_size_change	phlag_dto_eap005_ena2_esp001_ex	N238	10X_up
1275	0	225	0	0.15	1.0	population_size_change	phlag_dto_eap01_ena4_rev001_ex	N238	10X_up
833	442	0	225	0.15	1.0	population_size_change	phlag_dto_eap01_ena4_esp001_ex	N238	10X_up
1169	31	300	0	0.2	1.0	population_size_change	phlag_mlt_eap01_ena4_esp010_ex	N459	10X_down
1193	7	297	3	0.2	1.0	population_size_change	phlag_dto_eap01_ena4_free_ex	N459	10X_down
1200	0	300	0	0.2	1.0	population_size_change	phlag_mlt_eap01_ena4_free_ex	N459	10X_down
1169	31	300	0	0.2	1.0	population_size_change	phlag_mlt_eap01_ena4_esp001_ex	N459	10X_down
1198	2	270	30	0.2	1.0	population_size_change	phlag_dto_eap01_ena4_rev0001_ex	N459	10X_down
1169	31	300	0	0.2	1.0	population_size_change	phlag_mlt_eap01_ena4_esp005_ex	N459	10X_down
1169	31	300	0	0.2	1.0	population_size_change	phlag_mlt_noprior_noprior_esp001_ex	N459	10X_down
1101	99	300	0	0.2	1.0	population_size_change	phlag_dto_eap01_ena4_esp001	N459	10X_down
1181	19	292	8	0.2	1.0	population_size_change	phlag_dto_noprior_noprior_free_ex	N459	10X_down
1101	99	176	124	0.2	1.0	population_size_change	phlag_dto_eap01_ena4_esp005_ex	N459	10X_down
1200	0	270	30	0.2	1.0	population_size_change	phlag_dto_eap005_ena2_esp001_ex	N459	10X_down
1188	12	297	3	0.2	1.0	population_size_change	phlag_dto_eap01_ena4_rev001_ex	N459	10X_down
1198	2	270	30	0.2	1.0	population_size_change	phlag_dto_eap01_ena4_esp001_ex	N459	10X_down
1320	30	150	0	0.1	1.0	population_size_change	phlag_mlt_eap01_ena4_esp010_ex	N186	10X_down
1256	94	150	0	0.1	1.0	population_size_change	phlag_dto_eap01_ena4_free_ex	N186	10X_down
1275	75	117	33	0.1	1.0	population_size_change	phlag_mlt_eap01_ena4_free_ex	N186	10X_down
1320	30	150	0	0.1	1.0	population_size_change	phlag_mlt_eap01_ena4_esp001_ex	N186	10X_down
950	400	123	27	0.1	1.0	population_size_change	phlag_dto_eap01_ena4_rev0001_ex	N186	10X_down
1275	75	105	45	0.1	1.0	population_size_change	phlag_mlt_eap01_ena4_esp005_ex	N186	10X_down
1244	106	150	0	0.1	1.0	population_size_change	phlag_mlt_noprior_noprior_esp001_ex	N186	10X_down
1350	0	150	0	0.1	1.0	population_size_change	phlag_dto_eap01_ena4_esp001	N186	10X_down
1196	154	123	27	0.1	1.0	population_size_change	phlag_dto_noprior_noprior_free_ex	N186	10X_down
892	458	118	32	0.1	1.0	population_size_change	phlag_dto_eap01_ena4_esp005_ex	N186	10X_down
1350	0	150	0	0.1	1.0	population_size_change	phlag_dto_eap005_ena2_esp001_ex	N186	10X_down
1318	32	150	0	0.1	1.0	population_size_change	phlag_dto_eap01_ena4_rev001_ex	N186	10X_down
1346	4	150	0	0.1	1.0	population_size_change	phlag_dto_eap01_ena4_esp001_ex	N186	10X_down
1470	0	5	25	0.02	1.0	population_size_change	phlag_mlt_eap01_ena4_esp010_ex	N579	10X_up
1466	4	4	26	0.02	1.0	population_size_change	phlag_dto_eap01_ena4_free_ex	N579	10X_up
1470	0	5	25	0.02	1.0	population_size_change	phlag_mlt_eap01_ena4_free_ex	N579	10X_up
1470	0	5	25	0.02	1.0	population_size_change	phlag_mlt_eap01_ena4_esp001_ex	N579	10X_up
1403	67	2	28	0.02	1.0	population_size_change	phlag_dto_eap01_ena4_rev0001_ex	N579	10X_up
1470	0	5	25	0.02	1.0	population_size_change	phlag_mlt_eap01_ena4_esp005_ex	N579	10X_up
1470	0	30	0	0.02	1.0	population_size_change	phlag_mlt_noprior_noprior_esp001_ex	N579	10X_up
1470	0	5	25	0.02	1.0	population_size_change	phlag_dto_eap01_ena4_esp001	N579	10X_up
849	621	20	10	0.02	1.0	population_size_change	phlag_dto_noprior_noprior_free_ex	N579	10X_up
1028	442	0	30	0.02	1.0	population_size_change	phlag_dto_eap01_ena4_esp005_ex	N579	10X_up
1403	67	2	28	0.02	1.0	population_size_change	phlag_dto_eap005_ena2_esp001_ex	N579	10X_up
1470	0	5	25	0.02	1.0	population_size_change	phlag_dto_eap01_ena4_rev001_ex	N579	10X_up
1466	4	4	26	0.02	1.0	population_size_change	phlag_dto_eap01_ena4_esp001_ex	N579	10X_up
1468	2	0	30	0.02	1.0	population_size_change	phlag_mlt_eap01_ena4_esp010_ex	N228	10X_up
1333	137	3	27	0.02	1.0	population_size_change	phlag_dto_eap01_ena4_free_ex	N228	10X_up
1470	0	30	0	0.02	1.0	population_size_change	phlag_mlt_eap01_ena4_free_ex	N228	10X_up
1470	0	30	0	0.02	1.0	population_size_change	phlag_mlt_eap01_ena4_esp001_ex	N228	10X_up
1447	23	9	21	0.02	1.0	population_size_change	phlag_dto_eap01_ena4_rev0001_ex	N228	10X_up
1470	0	30	0	0.02	1.0	population_size_change	phlag_mlt_eap01_ena4_esp005_ex	N228	10X_up
1470	0	30	0	0.02	1.0	population_size_change	phlag_mlt_noprior_noprior_esp001_ex	N228	10X_up
1470	0	30	0	0.02	1.0	population_size_change	phlag_dto_eap01_ena4_esp001	N228	10X_up
936	534	18	12	0.02	1.0	population_size_change	phlag_dto_noprior_noprior_free_ex	N228	10X_up
1189	281	30	0	0.02	1.0	population_size_change	phlag_dto_eap01_ena4_esp005_ex	N228	10X_up
1470	0	3	27	0.02	1.0	population_size_change	phlag_dto_eap005_ena2_esp001_ex	N228	10X_up
1424	46	3	27	0.02	1.0	population_size_change	phlag_dto_eap01_ena4_rev001_ex	N228	10X_up
1447	23	9	21	0.02	1.0	population_size_change	phlag_dto_eap01_ena4_esp001_ex	N228	10X_up
1350	0	4	146	0.1	1.0	population_size_change	phlag_mlt_eap01_ena4_esp010_ex	N617	10X_up
1350	0	4	146	0.1	1.0	population_size_change	phlag_dto_eap01_ena4_free_ex	N617	10X_up
1347	3	150	0	0.1	1.0	population_size_change	phlag_mlt_eap01_ena4_free_ex	N617	10X_up
1350	0	4	146	0.1	1.0	population_size_change	phlag_mlt_eap01_ena4_esp001_ex	N617	10X_up
1347	3	2	148	0.1	1.0	population_size_change	phlag_dto_eap01_ena4_rev0001_ex	N617	10X_up
1350	0	4	146	0.1	1.0	population_size_change	phlag_mlt_eap01_ena4_esp005_ex	N617	10X_up
1350	0	4	146	0.1	1.0	population_size_change	phlag_mlt_noprior_noprior_esp001_ex	N617	10X_up
1350	0	15	135	0.1	1.0	population_size_change	phlag_dto_eap01_ena4_esp001	N617	10X_up
1311	39	88	62	0.1	1.0	population_size_change	phlag_dto_noprior_noprior_free_ex	N617	10X_up
1350	0	4	146	0.1	1.0	population_size_change	phlag_dto_eap01_ena4_esp005_ex	N617	10X_up
1350	0	4	146	0.1	1.0	population_size_change	phlag_dto_eap005_ena2_esp001_ex	N617	10X_up
1350	0	4	146	0.1	1.0	population_size_change	phlag_dto_eap01_ena4_rev001_ex	N617	10X_up
1350	0	4	146	0.1	1.0	population_size_change	phlag_dto_eap01_ena4_esp001_ex	N617	10X_up
1188	12	33	267	0.2	1.0	population_size_change	phlag_mlt_eap01_ena4_esp010_ex	N119	10X_down
839	361	300	0	0.2	1.0	population_size_change	phlag_dto_eap01_ena4_free_ex	N119	10X_down
1188	12	11	289	0.2	1.0	population_size_change	phlag_mlt_eap01_ena4_free_ex	N119	10X_down
1200	0	57	243	0.2	1.0	population_size_change	phlag_mlt_eap01_ena4_esp001_ex	N119	10X_down
1188	12	33	267	0.2	1.0	population_size_change	phlag_dto_eap01_ena4_rev0001_ex	N119	10X_down
953	247	300	0	0.2	1.0	population_size_change	phlag_mlt_eap01_ena4_esp005_ex	N119	10X_down
518	682	300	0	0.2	1.0	population_size_change	phlag_mlt_noprior_noprior_esp001_ex	N119	10X_down
962	238	300	0	0.2	1.0	population_size_change	phlag_dto_eap01_ena4_esp001	N119	10X_down
787	413	147	153	0.2	1.0	population_size_change	phlag_dto_noprior_noprior_free_ex	N119	10X_down
839	361	300	0	0.2	1.0	population_size_change	phlag_dto_eap01_ena4_esp005_ex	N119	10X_down
1188	12	34	266	0.2	1.0	population_size_change	phlag_dto_eap005_ena2_esp001_ex	N119	10X_down
832	368	300	0	0.2	1.0	population_size_change	phlag_dto_eap01_ena4_rev001_ex	N119	10X_down
1188	12	33	267	0.2	1.0	population_size_change	phlag_dto_eap01_ena4_esp001_ex	N119	10X_down
1200	0	1	299	0.2	1.0	population_size_change	phlag_mlt_eap01_ena4_esp010_ex	N679	10X_up
1195	5	1	299	0.2	1.0	population_size_change	phlag_dto_eap01_ena4_free_ex	N679	10X_up
1200	0	1	299	0.2	1.0	population_size_change	phlag_mlt_eap01_ena4_free_ex	N679	10X_up
1200	0	1	299	0.2	1.0	population_size_change	phlag_mlt_eap01_ena4_esp001_ex	N679	10X_up
1195	5	1	299	0.2	1.0	population_size_change	phlag_dto_eap01_ena4_rev0001_ex	N679	10X_up
1200	0	1	299	0.2	1.0	population_size_change	phlag_mlt_eap01_ena4_esp005_ex	N679	10X_up
1200	0	1	299	0.2	1.0	population_size_change	phlag_mlt_noprior_noprior_esp001_ex	N679	10X_up
1200	0	1	299	0.2	1.0	population_size_change	phlag_dto_eap01_ena4_esp001	N679	10X_up
883	317	199	101	0.2	1.0	population_size_change	phlag_dto_noprior_noprior_free_ex	N679	10X_up
1195	5	1	299	0.2	1.0	population_size_change	phlag_dto_eap01_ena4_esp005_ex	N679	10X_up
1195	5	1	299	0.2	1.0	population_size_change	phlag_dto_eap005_ena2_esp001_ex	N679	10X_up
1195	5	1	299	0.2	1.0	population_size_change	phlag_dto_eap01_ena4_rev001_ex	N679	10X_up
1195	5	1	299	0.2	1.0	population_size_change	phlag_dto_eap01_ena4_esp001_ex	N679	10X_up
1220	55	210	15	0.15	1.0	population_size_change	phlag_mlt_eap01_ena4_esp010_ex	Accipitriformes	10X_up
1238	37	225	0	0.15	1.0	population_size_change	phlag_dto_eap01_ena4_free_ex	Accipitriformes	10X_up
1250	25	225	0	0.15	1.0	population_size_change	phlag_mlt_eap01_ena4_free_ex	Accipitriformes	10X_up
1220	55	210	15	0.15	1.0	population_size_change	phlag_mlt_eap01_ena4_esp001_ex	Accipitriformes	10X_up
613	662	225	0	0.15	1.0	population_size_change	phlag_dto_eap01_ena4_rev0001_ex	Accipitriformes	10X_up
1220	55	210	15	0.15	1.0	population_size_change	phlag_mlt_eap01_ena4_esp005_ex	Accipitriformes	10X_up
1024	251	225	0	0.15	1.0	population_size_change	phlag_mlt_noprior_noprior_esp001_ex	Accipitriformes	10X_up
1240	35	225	0	0.15	1.0	population_size_change	phlag_dto_eap01_ena4_esp001	Accipitriformes	10X_up
768	507	136	89	0.15	1.0	population_size_change	phlag_dto_noprior_noprior_free_ex	Accipitriformes	10X_up
869	406	215	10	0.15	1.0	population_size_change	phlag_dto_eap01_ena4_esp005_ex	Accipitriformes	10X_up
693	582	225	0	0.15	1.0	population_size_change	phlag_dto_eap005_ena2_esp001_ex	Accipitriformes	10X_up
1028	247	215	10	0.15	1.0	population_size_change	phlag_dto_eap01_ena4_rev001_ex	Accipitriformes	10X_up
973	302	29	196	0.15	1.0	population_size_change	phlag_dto_eap01_ena4_esp001_ex	Accipitriformes	10X_up
1025	250	225	0	0.15	1.0	population_size_change	phlag_mlt_eap01_ena4_esp010_ex	N620	10X_up
986	289	92	133	0.15	1.0	population_size_change	phlag_dto_eap01_ena4_free_ex	N620	10X_up
891	384	225	0	0.15	1.0	population_size_change	phlag_mlt_eap01_ena4_free_ex	N620	10X_up
1047	228	78	147	0.15	1.0	population_size_change	phlag_mlt_eap01_ena4_esp001_ex	N620	10X_up
886	389	225	0	0.15	1.0	population_size_change	phlag_dto_eap01_ena4_rev0001_ex	N620	10X_up
1025	250	225	0	0.15	1.0	population_size_change	phlag_mlt_eap01_ena4_esp005_ex	N620	10X_up
1173	102	81	144	0.15	1.0	population_size_change	phlag_mlt_noprior_noprior_esp001_ex	N620	10X_up
668	607	225	0	0.15	1.0	population_size_change	phlag_dto_eap01_ena4_esp001	N620	10X_up
652	623	116	109	0.15	1.0	population_size_change	phlag_dto_noprior_noprior_free_ex	N620	10X_up
1085	190	137	88	0.15	1.0	population_size_change	phlag_dto_eap01_ena4_esp005_ex	N620	10X_up
1203	72	225	0	0.15	1.0	population_size_change	phlag_dto_eap005_ena2_esp001_ex	N620	10X_up
1184	91	225	0	0.15	1.0	population_size_change	phlag_dto_eap01_ena4_rev001_ex	N620	10X_up
945	330	225	0	0.15	1.0	population_size_change	phlag_dto_eap01_ena4_esp001_ex	N620	10X_up
836	364	300	0	0.2	1.0	population_size_change	phlag_mlt_eap01_ena4_esp010_ex	Accipitriformes	10X_up
1163	37	300	0	0.2	1.0	population_size_change	phlag_dto_eap01_ena4_free_ex	Accipitriformes	10X_up
1184	16	287	13	0.2	1.0	population_size_change	phlag_mlt_eap01_ena4_free_ex	Accipitriformes	10X_up
1165	35	7	293	0.2	1.0	population_size_change	phlag_mlt_eap01_ena4_esp001_ex	Accipitriformes	10X_up
620	580	300	0	0.2	1.0	population_size_change	phlag_dto_eap01_ena4_rev0001_ex	Accipitriformes	10X_up
1165	35	7	293	0.2	1.0	population_size_change	phlag_mlt_eap01_ena4_esp005_ex	Accipitriformes	10X_up
969	231	0	300	0.2	1.0	population_size_change	phlag_mlt_noprior_noprior_esp001_ex	Accipitriformes	10X_up
1008	192	300	0	0.2	1.0	population_size_change	phlag_dto_eap01_ena4_esp001	Accipitriformes	10X_up
705	495	173	127	0.2	1.0	population_size_change	phlag_dto_noprior_noprior_free_ex	Accipitriformes	10X_up
1029	171	23	277	0.2	1.0	population_size_change	phlag_dto_eap01_ena4_esp005_ex	Accipitriformes	10X_up
1118	82	300	0	0.2	1.0	population_size_change	phlag_dto_eap005_ena2_esp001_ex	Accipitriformes	10X_up
620	580	300	0	0.2	1.0	population_size_change	phlag_dto_eap01_ena4_rev001_ex	Accipitriformes	10X_up
500	700	300	0	0.2	1.0	population_size_change	phlag_dto_eap01_ena4_esp001_ex	Accipitriformes	10X_up
1198	2	0	300	0.2	1.0	population_size_change	phlag_mlt_eap01_ena4_esp010_ex	N159	10X_up
1198	2	0	300	0.2	1.0	population_size_change	phlag_dto_eap01_ena4_free_ex	N159	10X_up
1199	1	300	0	0.2	1.0	population_size_change	phlag_mlt_eap01_ena4_free_ex	N159	10X_up
1198	2	0	300	0.2	1.0	population_size_change	phlag_mlt_eap01_ena4_esp001_ex	N159	10X_up
1198	2	0	300	0.2	1.0	population_size_change	phlag_dto_eap01_ena4_rev0001_ex	N159	10X_up
1198	2	0	300	0.2	1.0	population_size_change	phlag_mlt_eap01_ena4_esp005_ex	N159	10X_up
1198	2	0	300	0.2	1.0	population_size_change	phlag_mlt_noprior_noprior_esp001_ex	N159	10X_up
1198	2	0	300	0.2	1.0	population_size_change	phlag_dto_eap01_ena4_esp001	N159	10X_up
1159	41	289	11	0.2	1.0	population_size_change	phlag_dto_noprior_noprior_free_ex	N159	10X_up
1065	135	0	300	0.2	1.0	population_size_change	phlag_dto_eap01_ena4_esp005_ex	N159	10X_up
1198	2	0	300	0.2	1.0	population_size_change	phlag_dto_eap005_ena2_esp001_ex	N159	10X_up
1185	15	299	1	0.2	1.0	population_size_change	phlag_dto_eap01_ena4_rev001_ex	N159	10X_up
1198	2	0	300	0.2	1.0	population_size_change	phlag_dto_eap01_ena4_esp001_ex	N159	10X_up
1423	2	1	74	0.05	1.0	population_size_change	phlag_mlt_eap01_ena4_esp010_ex	N399	10X_up
1425	0	75	0	0.05	1.0	population_size_change	phlag_dto_eap01_ena4_free_ex	N399	10X_up
1425	0	75	0	0.05	1.0	population_size_change	phlag_mlt_eap01_ena4_free_ex	N399	10X_up
908	517	75	0	0.05	1.0	population_size_change	phlag_mlt_eap01_ena4_esp001_ex	N399	10X_up
1425	0	75	0	0.05	1.0	population_size_change	phlag_dto_eap01_ena4_rev0001_ex	N399	10X_up
902	523	75	0	0.05	1.0	population_size_change	phlag_mlt_eap01_ena4_esp005_ex	N399	10X_up
908	517	75	0	0.05	1.0	population_size_change	phlag_mlt_noprior_noprior_esp001_ex	N399	10X_up
1425	0	1	74	0.05	1.0	population_size_change	phlag_dto_eap01_ena4_esp001	N399	10X_up
720	705	38	37	0.05	1.0	population_size_change	phlag_dto_noprior_noprior_free_ex	N399	10X_up
1423	2	1	74	0.05	1.0	population_size_change	phlag_dto_eap01_ena4_esp005_ex	N399	10X_up
1425	0	1	74	0.05	1.0	population_size_change	phlag_dto_eap005_ena2_esp001_ex	N399	10X_up
1416	9	75	0	0.05	1.0	population_size_change	phlag_dto_eap01_ena4_rev001_ex	N399	10X_up
1425	0	75	0	0.05	1.0	population_size_change	phlag_dto_eap01_ena4_esp001_ex	N399	10X_up
799	671	30	0	0.02	1.0	population_size_change	phlag_mlt_eap01_ena4_esp010_ex	Accipitriformes	10X_up
1445	25	30	0	0.02	1.0	population_size_change	phlag_dto_eap01_ena4_free_ex	Accipitriformes	10X_up
1445	25	30	0	0.02	1.0	population_size_change	phlag_mlt_eap01_ena4_free_ex	Accipitriformes	10X_up
799	671	30	0	0.02	1.0	population_size_change	phlag_mlt_eap01_ena4_esp001_ex	Accipitriformes	10X_up
933	537	30	0	0.02	1.0	population_size_change	phlag_dto_eap01_ena4_rev0001_ex	Accipitriformes	10X_up
1043	427	30	0	0.02	1.0	population_size_change	phlag_mlt_eap01_ena4_esp005_ex	Accipitriformes	10X_up
1340	130	30	0	0.02	1.0	population_size_change	phlag_mlt_noprior_noprior_esp001_ex	Accipitriformes	10X_up
1470	0	30	0	0.02	1.0	population_size_change	phlag_dto_eap01_ena4_esp001	Accipitriformes	10X_up
845	625	17	13	0.02	1.0	population_size_change	phlag_dto_noprior_noprior_free_ex	Accipitriformes	10X_up
1150	320	30	0	0.02	1.0	population_size_change	phlag_dto_eap01_ena4_esp005_ex	Accipitriformes	10X_up
1110	360	30	0	0.02	1.0	population_size_change	phlag_dto_eap005_ena2_esp001_ex	Accipitriformes	10X_up
1320	150	30	0	0.02	1.0	population_size_change	phlag_dto_eap01_ena4_rev001_ex	Accipitriformes	10X_up
1039	431	30	0	0.02	1.0	population_size_change	phlag_dto_eap01_ena4_esp001_ex	Accipitriformes	10X_up
1180	170	150	0	0.1	1.0	population_size_change	phlag_mlt_eap01_ena4_esp010_ex	N238	10X_up
955	395	95	55	0.1	1.0	population_size_change	phlag_dto_eap01_ena4_free_ex	N238	10X_up
789	561	0	150	0.1	1.0	population_size_change	phlag_mlt_eap01_ena4_free_ex	N238	10X_up
877	473	150	0	0.1	1.0	population_size_change	phlag_mlt_eap01_ena4_esp001_ex	N238	10X_up
1028	322	128	22	0.1	1.0	population_size_change	phlag_dto_eap01_ena4_rev0001_ex	N238	10X_up
1264	86	150	0	0.1	1.0	population_size_change	phlag_mlt_eap01_ena4_esp005_ex	N238	10X_up
877	473	150	0	0.1	1.0	population_size_change	phlag_mlt_noprior_noprior_esp001_ex	N238	10X_up
1197	153	150	0	0.1	1.0	population_size_change	phlag_dto_eap01_ena4_esp001	N238	10X_up
755	595	72	78	0.1	1.0	population_size_change	phlag_dto_noprior_noprior_free_ex	N238	10X_up
625	725	132	18	0.1	1.0	population_size_change	phlag_dto_eap01_ena4_esp005_ex	N238	10X_up
1121	229	150	0	0.1	1.0	population_size_change	phlag_dto_eap005_ena2_esp001_ex	N238	10X_up
1350	0	150	0	0.1	1.0	population_size_change	phlag_dto_eap01_ena4_rev001_ex	N238	10X_up
1002	348	100	50	0.1	1.0	population_size_change	phlag_dto_eap01_ena4_esp001_ex	N238	10X_up
1425	0	4	71	0.05	1.0	population_size_change	phlag_mlt_eap01_ena4_esp010_ex	N635	10X_up
1425	0	4	71	0.05	1.0	population_size_change	phlag_dto_eap01_ena4_free_ex	N635	10X_up
1424	1	75	0	0.05	1.0	population_size_change	phlag_mlt_eap01_ena4_free_ex	N635	10X_up
1425	0	4	71	0.05	1.0	population_size_change	phlag_mlt_eap01_ena4_esp001_ex	N635	10X_up
1425	0	12	63	0.05	1.0	population_size_change	phlag_dto_eap01_ena4_rev0001_ex	N635	10X_up
1425	0	4	71	0.05	1.0	population_size_change	phlag_mlt_eap01_ena4_esp005_ex	N635	10X_up
1425	0	4	71	0.05	1.0	population_size_change	phlag_mlt_noprior_noprior_esp001_ex	N635	10X_up
1425	0	4	71	0.05	1.0	population_size_change	phlag_dto_eap01_ena4_esp001	N635	10X_up
1402	23	70	5	0.05	1.0	population_size_change	phlag_dto_noprior_noprior_free_ex	N635	10X_up
1425	0	12	63	0.05	1.0	population_size_change	phlag_dto_eap01_ena4_esp005_ex	N635	10X_up
1425	0	12	63	0.05	1.0	population_size_change	phlag_dto_eap005_ena2_esp001_ex	N635	10X_up
1425	0	4	71	0.05	1.0	population_size_change	phlag_dto_eap01_ena4_rev001_ex	N635	10X_up
1425	0	12	63	0.05	1.0	population_size_change	phlag_dto_eap01_ena4_esp001_ex	N635	10X_up
1425	0	4	71	0.05	1.0	population_size_change	phlag_mlt_eap01_ena4_esp010_ex	N281	10X_up
1425	0	4	71	0.05	1.0	population_size_change	phlag_dto_eap01_ena4_free_ex	N281	10X_up
1425	0	4	71	0.05	1.0	population_size_change	phlag_mlt_eap01_ena4_free_ex	N281	10X_up
1425	0	4	71	0.05	1.0	population_size_change	phlag_mlt_eap01_ena4_esp001_ex	N281	10X_up
1425	0	4	71	0.05	1.0	population_size_change	phlag_dto_eap01_ena4_rev0001_ex	N281	10X_up
1425	0	4	71	0.05	1.0	population_size_change	phlag_mlt_eap01_ena4_esp005_ex	N281	10X_up
1425	0	4	71	0.05	1.0	population_size_change	phlag_mlt_noprior_noprior_esp001_ex	N281	10X_up
1425	0	4	71	0.05	1.0	population_size_change	phlag_dto_eap01_ena4_esp001	N281	10X_up
713	712	38	37	0.05	1.0	population_size_change	phlag_dto_noprior_noprior_free_ex	N281	10X_up
1425	0	4	71	0.05	1.0	population_size_change	phlag_dto_eap01_ena4_esp005_ex	N281	10X_up
1425	0	4	71	0.05	1.0	population_size_change	phlag_dto_eap005_ena2_esp001_ex	N281	10X_up
1425	0	4	71	0.05	1.0	population_size_change	phlag_dto_eap01_ena4_rev001_ex	N281	10X_up
1425	0	4	71	0.05	1.0	population_size_change	phlag_dto_eap01_ena4_esp001_ex	N281	10X_up
1350	0	11	139	0.1	1.0	population_size_change	phlag_mlt_eap01_ena4_esp010_ex	N399	10X_up
1350	0	150	0	0.1	1.0	population_size_change	phlag_dto_eap01_ena4_free_ex	N399	10X_up
1350	0	150	0	0.1	1.0	population_size_change	phlag_mlt_eap01_ena4_free_ex	N399	10X_up
1350	0	11	139	0.1	1.0	population_size_change	phlag_mlt_eap01_ena4_esp001_ex	N399	10X_up
1350	0	150	0	0.1	1.0	population_size_change	phlag_dto_eap01_ena4_rev0001_ex	N399	10X_up
1350	0	11	139	0.1	1.0	population_size_change	phlag_mlt_eap01_ena4_esp005_ex	N399	10X_up
1350	0	1	149	0.1	1.0	population_size_change	phlag_mlt_noprior_noprior_esp001_ex	N399	10X_up
1350	0	20	130	0.1	1.0	population_size_change	phlag_dto_eap01_ena4_esp001	N399	10X_up
709	641	83	67	0.1	1.0	population_size_change	phlag_dto_noprior_noprior_free_ex	N399	10X_up
1350	0	11	139	0.1	1.0	population_size_change	phlag_dto_eap01_ena4_esp005_ex	N399	10X_up
1350	0	11	139	0.1	1.0	population_size_change	phlag_dto_eap005_ena2_esp001_ex	N399	10X_up
1339	11	150	0	0.1	1.0	population_size_change	phlag_dto_eap01_ena4_rev001_ex	N399	10X_up
1350	0	11	139	0.1	1.0	population_size_change	phlag_dto_eap01_ena4_esp001_ex	N399	10X_up
1322	28	150	0	0.1	1.0	population_size_change	phlag_mlt_eap01_ena4_esp010_ex	N498	10X_down
1070	280	123	27	0.1	1.0	population_size_change	phlag_dto_eap01_ena4_free_ex	N498	10X_down
1262	88	150	0	0.1	1.0	population_size_change	phlag_mlt_eap01_ena4_free_ex	N498	10X_down
1307	43	150	0	0.1	1.0	population_size_change	phlag_mlt_eap01_ena4_esp001_ex	N498	10X_down
1095	255	150	0	0.1	1.0	population_size_change	phlag_dto_eap01_ena4_rev0001_ex	N498	10X_down
895	455	150	0	0.1	1.0	population_size_change	phlag_mlt_eap01_ena4_esp005_ex	N498	10X_down
1253	97	150	0	0.1	1.0	population_size_change	phlag_mlt_noprior_noprior_esp001_ex	N498	10X_down
1350	0	150	0	0.1	1.0	population_size_change	phlag_dto_eap01_ena4_esp001	N498	10X_down
887	463	104	46	0.1	1.0	population_size_change	phlag_dto_noprior_noprior_free_ex	N498	10X_down
1005	345	102	48	0.1	1.0	population_size_change	phlag_dto_eap01_ena4_esp005_ex	N498	10X_down
861	489	102	48	0.1	1.0	population_size_change	phlag_dto_eap005_ena2_esp001_ex	N498	10X_down
1105	245	123	27	0.1	1.0	population_size_change	phlag_dto_eap01_ena4_rev001_ex	N498	10X_down
900	450	102	48	0.1	1.0	population_size_change	phlag_dto_eap01_ena4_esp001_ex	N498	10X_down
1333	17	150	0	0.1	1.0	population_size_change	phlag_mlt_eap01_ena4_esp010_ex	N119	10X_down
1258	92	150	0	0.1	1.0	population_size_change	phlag_dto_eap01_ena4_free_ex	N119	10X_down
1034	316	0	150	0.1	1.0	population_size_change	phlag_mlt_eap01_ena4_free_ex	N119	10X_down
665	685	150	0	0.1	1.0	population_size_change	phlag_mlt_eap01_ena4_esp001_ex	N119	10X_down
986	364	150	0	0.1	1.0	population_size_change	phlag_dto_eap01_ena4_rev0001_ex	N119	10X_down
1285	65	150	0	0.1	1.0	population_size_change	phlag_mlt_eap01_ena4_esp005_ex	N119	10X_down
1285	65	150	0	0.1	1.0	population_size_change	phlag_mlt_noprior_noprior_esp001_ex	N119	10X_down
1309	41	0	150	0.1	1.0	population_size_change	phlag_dto_eap01_ena4_esp001	N119	10X_down
892	458	75	75	0.1	1.0	population_size_change	phlag_dto_noprior_noprior_free_ex	N119	10X_down
1186	164	150	0	0.1	1.0	population_size_change	phlag_dto_eap01_ena4_esp005_ex	N119	10X_down
1226	124	30	120	0.1	1.0	population_size_change	phlag_dto_eap005_ena2_esp001_ex	N119	10X_down
917	433	150	0	0.1	1.0	population_size_change	phlag_dto_eap01_ena4_rev001_ex	N119	10X_down
986	364	150	0	0.1	1.0	population_size_change	phlag_dto_eap01_ena4_esp001_ex	N119	10X_down
1179	171	2	148	0.1	1.0	population_size_change	phlag_mlt_eap01_ena4_esp010_ex	N473	10X_down
1340	10	150	0	0.1	1.0	population_size_change	phlag_dto_eap01_ena4_free_ex	N473	10X_down
1276	74	150	0	0.1	1.0	population_size_change	phlag_mlt_eap01_ena4_free_ex	N473	10X_down
1247	103	150	0	0.1	1.0	population_size_change	phlag_mlt_eap01_ena4_esp001_ex	N473	10X_down
1147	203	2	148	0.1	1.0	population_size_change	phlag_dto_eap01_ena4_rev0001_ex	N473	10X_down
1300	50	150	0	0.1	1.0	population_size_change	phlag_mlt_eap01_ena4_esp005_ex	N473	10X_down
1247	103	150	0	0.1	1.0	population_size_change	phlag_mlt_noprior_noprior_esp001_ex	N473	10X_down
1304	46	1	149	0.1	1.0	population_size_change	phlag_dto_eap01_ena4_esp001	N473	10X_down
707	643	103	47	0.1	1.0	population_size_change	phlag_dto_noprior_noprior_free_ex	N473	10X_down
1148	202	150	0	0.1	1.0	population_size_change	phlag_dto_eap01_ena4_esp005_ex	N473	10X_down
1218	132	150	0	0.1	1.0	population_size_change	phlag_dto_eap005_ena2_esp001_ex	N473	10X_down
1249	101	150	0	0.1	1.0	population_size_change	phlag_dto_eap01_ena4_rev001_ex	N473	10X_down
1147	203	2	148	0.1	1.0	population_size_change	phlag_dto_eap01_ena4_esp001_ex	N473	10X_down
1177	23	0	300	0.2	1.0	population_size_change	phlag_mlt_eap01_ena4_esp010_ex	N233	10X_up
1199	1	300	0	0.2	1.0	population_size_change	phlag_dto_eap01_ena4_free_ex	N233	10X_up
1177	23	0	300	0.2	1.0	population_size_change	phlag_mlt_eap01_ena4_free_ex	N233	10X_up
1177	23	0	300	0.2	1.0	population_size_change	phlag_mlt_eap01_ena4_esp001_ex	N233	10X_up
1200	0	300	0	0.2	1.0	population_size_change	phlag_dto_eap01_ena4_rev0001_ex	N233	10X_up
1177	23	0	300	0.2	1.0	population_size_change	phlag_mlt_eap01_ena4_esp005_ex	N233	10X_up
1177	23	0	300	0.2	1.0	population_size_change	phlag_mlt_noprior_noprior_esp001_ex	N233	10X_up
1177	23	0	300	0.2	1.0	population_size_change	phlag_dto_eap01_ena4_esp001	N233	10X_up
611	589	152	148	0.2	1.0	population_size_change	phlag_dto_noprior_noprior_free_ex	N233	10X_up
1070	130	0	300	0.2	1.0	population_size_change	phlag_dto_eap01_ena4_esp005_ex	N233	10X_up
1070	130	0	300	0.2	1.0	population_size_change	phlag_dto_eap005_ena2_esp001_ex	N233	10X_up
1197	3	300	0	0.2	1.0	population_size_change	phlag_dto_eap01_ena4_rev001_ex	N233	10X_up
1200	0	300	0	0.2	1.0	population_size_change	phlag_dto_eap01_ena4_esp001_ex	N233	10X_up
1309	41	141	9	0.1	1.0	recombination	phlag_mlt_eap01_ena4_esp010_ex	N717	recombination_suppression
1131	219	121	29	0.1	1.0	recombination	phlag_dto_eap01_ena4_free_ex	N717	recombination_suppression
1350	0	150	0	0.1	1.0	recombination	phlag_mlt_eap01_ena4_free_ex	N717	recombination_suppression
1331	19	150	0	0.1	1.0	recombination	phlag_mlt_eap01_ena4_esp001_ex	N717	recombination_suppression
1131	219	121	29	0.1	1.0	recombination	phlag_dto_eap01_ena4_rev0001_ex	N717	recombination_suppression
1315	35	150	0	0.1	1.0	recombination	phlag_mlt_eap01_ena4_esp005_ex	N717	recombination_suppression
1309	41	141	9	0.1	1.0	recombination	phlag_mlt_noprior_noprior_esp001_ex	N717	recombination_suppression
1350	0	150	0	0.1	1.0	recombination	phlag_dto_eap01_ena4_esp001	N717	recombination_suppression
737	613	76	74	0.1	1.0	recombination	phlag_dto_noprior_noprior_free_ex	N717	recombination_suppression
755	595	0	150	0.1	1.0	recombination	phlag_dto_eap01_ena4_esp005_ex	N717	recombination_suppression
1272	78	150	0	0.1	1.0	recombination	phlag_dto_eap005_ena2_esp001_ex	N717	recombination_suppression
1350	0	150	0	0.1	1.0	recombination	phlag_dto_eap01_ena4_rev001_ex	N717	recombination_suppression
1131	219	121	29	0.1	1.0	recombination	phlag_dto_eap01_ena4_esp001_ex	N717	recombination_suppression
1453	17	0	30	0.02	1.0	recombination	phlag_mlt_eap01_ena4_esp010_ex	N396	recombination_suppression
1444	26	0	30	0.02	1.0	recombination	phlag_dto_eap01_ena4_free_ex	N396	recombination_suppression
1452	18	0	30	0.02	1.0	recombination	phlag_mlt_eap01_ena4_free_ex	N396	recombination_suppression
1329	141	30	0	0.02	1.0	recombination	phlag_mlt_eap01_ena4_esp001_ex	N396	recombination_suppression
1444	26	0	30	0.02	1.0	recombination	phlag_dto_eap01_ena4_rev0001_ex	N396	recombination_suppression
1453	17	0	30	0.02	1.0	recombination	phlag_mlt_eap01_ena4_esp005_ex	N396	recombination_suppression
1460	10	2	28	0.02	1.0	recombination	phlag_mlt_noprior_noprior_esp001_ex	N396	recombination_suppression
1453	17	0	30	0.02	1.0	recombination	phlag_dto_eap01_ena4_esp001	N396	recombination_suppression
1103	367	29	1	0.02	1.0	recombination	phlag_dto_noprior_noprior_free_ex	N396	recombination_suppression
1444	26	0	30	0.02	1.0	recombination	phlag_dto_eap01_ena4_esp005_ex	N396	recombination_suppression
1453	17	0	30	0.02	1.0	recombination	phlag_dto_eap005_ena2_esp001_ex	N396	recombination_suppression
1453	17	0	30	0.02	1.0	recombination	phlag_dto_eap01_ena4_rev001_ex	N396	recombination_suppression
1262	208	30	0	0.02	1.0	recombination	phlag_dto_eap01_ena4_esp001_ex	N396	recombination_suppression
1033	92	375	0	0.25	1.0	recombination	phlag_mlt_eap01_ena4_esp010_ex	N533	recombination_suppression
1038	87	333	42	0.25	1.0	recombination	phlag_dto_eap01_ena4_free_ex	N533	recombination_suppression
935	190	375	0	0.25	1.0	recombination	phlag_mlt_eap01_ena4_free_ex	N533	recombination_suppression
813	312	375	0	0.25	1.0	recombination	phlag_mlt_eap01_ena4_esp001_ex	N533	recombination_suppression
942	183	375	0	0.25	1.0	recombination	phlag_dto_eap01_ena4_rev0001_ex	N533	recombination_suppression
841	284	375	0	0.25	1.0	recombination	phlag_mlt_eap01_ena4_esp005_ex	N533	recombination_suppression
813	312	375	0	0.25	1.0	recombination	phlag_mlt_noprior_noprior_esp001_ex	N533	recombination_suppression
1101	24	375	0	0.25	1.0	recombination	phlag_dto_eap01_ena4_esp001	N533	recombination_suppression
599	526	216	159	0.25	1.0	recombination	phlag_dto_noprior_noprior_free_ex	N533	recombination_suppression
677	448	375	0	0.25	1.0	recombination	phlag_dto_eap01_ena4_esp005_ex	N533	recombination_suppression
826	299	375	0	0.25	1.0	recombination	phlag_dto_eap005_ena2_esp001_ex	N533	recombination_suppression
776	349	343	32	0.25	1.0	recombination	phlag_dto_eap01_ena4_rev001_ex	N533	recombination_suppression
682	443	279	96	0.25	1.0	recombination	phlag_dto_eap01_ena4_esp001_ex	N533	recombination_suppression
1200	0	0	300	0.2	1.0	recombination	phlag_mlt_eap01_ena4_esp010_ex	N396	recombination_suppression
1199	1	0	300	0.2	1.0	recombination	phlag_dto_eap01_ena4_free_ex	N396	recombination_suppression
1185	15	300	0	0.2	1.0	recombination	phlag_mlt_eap01_ena4_free_ex	N396	recombination_suppression
1200	0	0	300	0.2	1.0	recombination	phlag_mlt_eap01_ena4_esp001_ex	N396	recombination_suppression
1199	1	0	300	0.2	1.0	recombination	phlag_dto_eap01_ena4_rev0001_ex	N396	recombination_suppression
1200	0	0	300	0.2	1.0	recombination	phlag_mlt_eap01_ena4_esp005_ex	N396	recombination_suppression
1200	0	0	300	0.2	1.0	recombination	phlag_mlt_noprior_noprior_esp001_ex	N396	recombination_suppression
1199	1	0	300	0.2	1.0	recombination	phlag_dto_eap01_ena4_esp001	N396	recombination_suppression
917	283	60	240	0.2	1.0	recombination	phlag_dto_noprior_noprior_free_ex	N396	recombination_suppression
1199	1	0	300	0.2	1.0	recombination	phlag_dto_eap01_ena4_esp005_ex	N396	recombination_suppression
1199	1	0	300	0.2	1.0	recombination	phlag_dto_eap005_ena2_esp001_ex	N396	recombination_suppression
1200	0	300	0	0.2	1.0	recombination	phlag_dto_eap01_ena4_rev001_ex	N396	recombination_suppression
1199	1	0	300	0.2	1.0	recombination	phlag_dto_eap01_ena4_esp001_ex	N396	recombination_suppression
1425	0	75	0	0.05	1.0	recombination	phlag_dto_eap01_ena4_esp001	N722	recombination_suppression
1470	0	0	30	0.02	1.0	recombination	phlag_mlt_eap01_ena4_esp010_ex	N686	recombination_suppression
1466	4	30	0	0.02	1.0	recombination	phlag_dto_eap01_ena4_free_ex	N686	recombination_suppression
1470	0	0	30	0.02	1.0	recombination	phlag_mlt_eap01_ena4_free_ex	N686	recombination_suppression
1470	0	0	30	0.02	1.0	recombination	phlag_mlt_eap01_ena4_esp001_ex	N686	recombination_suppression
1470	0	0	30	0.02	1.0	recombination	phlag_dto_eap01_ena4_rev0001_ex	N686	recombination_suppression
1470	0	0	30	0.02	1.0	recombination	phlag_mlt_eap01_ena4_esp005_ex	N686	recombination_suppression
1470	0	0	30	0.02	1.0	recombination	phlag_mlt_noprior_noprior_esp001_ex	N686	recombination_suppression
1470	0	30	0	0.02	1.0	recombination	phlag_dto_eap01_ena4_esp001	N686	recombination_suppression
825	645	16	14	0.02	1.0	recombination	phlag_dto_noprior_noprior_free_ex	N686	recombination_suppression
1470	0	0	30	0.02	1.0	recombination	phlag_dto_eap01_ena4_esp005_ex	N686	recombination_suppression
1470	0	0	30	0.02	1.0	recombination	phlag_dto_eap005_ena2_esp001_ex	N686	recombination_suppression
1470	0	0	30	0.02	1.0	recombination	phlag_dto_eap01_ena4_rev001_ex	N686	recombination_suppression
1470	0	0	30	0.02	1.0	recombination	phlag_dto_eap01_ena4_esp001_ex	N686	recombination_suppression
1470	0	30	0	0.02	1.0	recombination	phlag_mlt_eap01_ena4_esp010_ex	N543	recombination_suppression
1470	0	30	0	0.02	1.0	recombination	phlag_dto_eap01_ena4_free_ex	N543	recombination_suppression
1292	178	0	30	0.02	1.0	recombination	phlag_mlt_eap01_ena4_free_ex	N543	recombination_suppression
1238	232	0	30	0.02	1.0	recombination	phlag_mlt_eap01_ena4_esp001_ex	N543	recombination_suppression
1470	0	30	0	0.02	1.0	recombination	phlag_dto_eap01_ena4_rev0001_ex	N543	recombination_suppression
1470	0	30	0	0.02	1.0	recombination	phlag_mlt_eap01_ena4_esp005_ex	N543	recombination_suppression
1470	0	30	0	0.02	1.0	recombination	phlag_mlt_noprior_noprior_esp001_ex	N543	recombination_suppression
1470	0	30	0	0.02	1.0	recombination	phlag_dto_eap01_ena4_esp001	N543	recombination_suppression
740	730	15	15	0.02	1.0	recombination	phlag_dto_noprior_noprior_free_ex	N543	recombination_suppression
1388	82	0	30	0.02	1.0	recombination	phlag_dto_eap01_ena4_esp005_ex	N543	recombination_suppression
1401	69	30	0	0.02	1.0	recombination	phlag_dto_eap005_ena2_esp001_ex	N543	recombination_suppression
1470	0	30	0	0.02	1.0	recombination	phlag_dto_eap01_ena4_rev001_ex	N543	recombination_suppression
1470	0	30	0	0.02	1.0	recombination	phlag_dto_eap01_ena4_esp001_ex	N543	recombination_suppression
1099	26	344	31	0.25	1.0	recombination	phlag_mlt_eap01_ena4_esp010_ex	N717	recombination_suppression
1012	113	333	42	0.25	1.0	recombination	phlag_dto_eap01_ena4_free_ex	N717	recombination_suppression
1125	0	375	0	0.25	1.0	recombination	phlag_mlt_eap01_ena4_free_ex	N717	recombination_suppression
1077	48	333	42	0.25	1.0	recombination	phlag_mlt_eap01_ena4_esp001_ex	N717	recombination_suppression
1042	83	375	0	0.25	1.0	recombination	phlag_dto_eap01_ena4_rev0001_ex	N717	recombination_suppression
1125	0	340	35	0.25	1.0	recombination	phlag_mlt_eap01_ena4_esp005_ex	N717	recombination_suppression
1077	48	333	42	0.25	1.0	recombination	phlag_mlt_noprior_noprior_esp001_ex	N717	recombination_suppression
1090	35	375	0	0.25	1.0	recombination	phlag_dto_eap01_ena4_esp001	N717	recombination_suppression
624	501	196	179	0.25	1.0	recombination	phlag_dto_noprior_noprior_free_ex	N717	recombination_suppression
905	220	368	7	0.25	1.0	recombination	phlag_dto_eap01_ena4_esp005_ex	N717	recombination_suppression
1047	78	375	0	0.25	1.0	recombination	phlag_dto_eap005_ena2_esp001_ex	N717	recombination_suppression
1125	0	375	0	0.25	1.0	recombination	phlag_dto_eap01_ena4_rev001_ex	N717	recombination_suppression
1042	83	375	0	0.25	1.0	recombination	phlag_dto_eap01_ena4_esp001_ex	N717	recombination_suppression
646	554	300	0	0.2	1.0	recombination	phlag_mlt_eap01_ena4_esp010_ex	N349	recombination_suppression
541	659	300	0	0.2	1.0	recombination	phlag_dto_eap01_ena4_free_ex	N349	recombination_suppression
1200	0	300	0	0.2	1.0	recombination	phlag_mlt_eap01_ena4_free_ex	N349	recombination_suppression
1031	169	150	150	0.2	1.0	recombination	phlag_mlt_eap01_ena4_esp001_ex	N349	recombination_suppression
1129	71	300	0	0.2	1.0	recombination	phlag_dto_eap01_ena4_rev0001_ex	N349	recombination_suppression
542	658	300	0	0.2	1.0	recombination	phlag_mlt_eap01_ena4_esp005_ex	N349	recombination_suppression
542	658	300	0	0.2	1.0	recombination	phlag_mlt_noprior_noprior_esp001_ex	N349	recombination_suppression
1133	67	300	0	0.2	1.0	recombination	phlag_dto_eap01_ena4_esp001	N349	recombination_suppression
624	576	159	141	0.2	1.0	recombination	phlag_dto_noprior_noprior_free_ex	N349	recombination_suppression
843	357	300	0	0.2	1.0	recombination	phlag_dto_eap01_ena4_esp005_ex	N349	recombination_suppression
1120	80	300	0	0.2	1.0	recombination	phlag_dto_eap005_ena2_esp001_ex	N349	recombination_suppression
1200	0	300	0	0.2	1.0	recombination	phlag_dto_eap01_ena4_rev001_ex	N349	recombination_suppression
934	266	187	113	0.2	1.0	recombination	phlag_dto_eap01_ena4_esp001_ex	N349	recombination_suppression
1425	0	75	0	0.05	1.0	recombination	phlag_mlt_eap01_ena4_esp010_ex	N550	recombination_suppression
1411	14	75	0	0.05	1.0	recombination	phlag_dto_eap01_ena4_free_ex	N550	recombination_suppression
1425	0	75	0	0.05	1.0	recombination	phlag_mlt_eap01_ena4_free_ex	N550	recombination_suppression
1425	0	75	0	0.05	1.0	recombination	phlag_mlt_eap01_ena4_esp001_ex	N550	recombination_suppression
1378	47	75	0	0.05	1.0	recombination	phlag_dto_eap01_ena4_rev0001_ex	N550	recombination_suppression
1425	0	75	0	0.05	1.0	recombination	phlag_mlt_eap01_ena4_esp005_ex	N550	recombination_suppression
1425	0	75	0	0.05	1.0	recombination	phlag_mlt_noprior_noprior_esp001_ex	N550	recombination_suppression
1425	0	75	0	0.05	1.0	recombination	phlag_dto_eap01_ena4_esp001	N550	recombination_suppression
735	690	39	36	0.05	1.0	recombination	phlag_dto_noprior_noprior_free_ex	N550	recombination_suppression
1377	48	75	0	0.05	1.0	recombination	phlag_dto_eap01_ena4_esp005_ex	N550	recombination_suppression
1358	67	75	0	0.05	1.0	recombination	phlag_dto_eap005_ena2_esp001_ex	N550	recombination_suppression
1414	11	75	0	0.05	1.0	recombination	phlag_dto_eap01_ena4_rev001_ex	N550	recombination_suppression
1377	48	75	0	0.05	1.0	recombination	phlag_dto_eap01_ena4_esp001_ex	N550	recombination_suppression
886	464	150	0	0.1	1.0	recombination	phlag_mlt_eap01_ena4_esp010_ex	N682	recombination_suppression
1350	0	150	0	0.1	1.0	recombination	phlag_dto_eap01_ena4_free_ex	N682	recombination_suppression
1350	0	150	0	0.1	1.0	recombination	phlag_mlt_eap01_ena4_free_ex	N682	recombination_suppression
886	464	150	0	0.1	1.0	recombination	phlag_mlt_eap01_ena4_esp001_ex	N682	recombination_suppression
1350	0	150	0	0.1	1.0	recombination	phlag_dto_eap01_ena4_rev0001_ex	N682	recombination_suppression
886	464	150	0	0.1	1.0	recombination	phlag_mlt_eap01_ena4_esp005_ex	N682	recombination_suppression
886	464	150	0	0.1	1.0	recombination	phlag_mlt_noprior_noprior_esp001_ex	N682	recombination_suppression
1350	0	150	0	0.1	1.0	recombination	phlag_dto_eap01_ena4_esp001	N682	recombination_suppression
693	657	76	74	0.1	1.0	recombination	phlag_dto_noprior_noprior_free_ex	N682	recombination_suppression
1169	181	43	107	0.1	1.0	recombination	phlag_dto_eap01_ena4_esp005_ex	N682	recombination_suppression
1240	110	43	107	0.1	1.0	recombination	phlag_dto_eap005_ena2_esp001_ex	N682	recombination_suppression
1350	0	150	0	0.1	1.0	recombination	phlag_dto_eap01_ena4_rev001_ex	N682	recombination_suppression
1350	0	150	0	0.1	1.0	recombination	phlag_dto_eap01_ena4_esp001_ex	N682	recombination_suppression
1275	0	225	0	0.15	1.0	recombination	phlag_mlt_eap01_ena4_esp010_ex	N71	recombination_suppression
1275	0	225	0	0.15	1.0	recombination	phlag_dto_eap01_ena4_free_ex	N71	recombination_suppression
1275	0	225	0	0.15	1.0	recombination	phlag_mlt_eap01_ena4_free_ex	N71	recombination_suppression
1237	38	225	0	0.15	1.0	recombination	phlag_mlt_eap01_ena4_esp001_ex	N71	recombination_suppression
1275	0	225	0	0.15	1.0	recombination	phlag_dto_eap01_ena4_rev0001_ex	N71	recombination_suppression
1237	38	225	0	0.15	1.0	recombination	phlag_mlt_eap01_ena4_esp005_ex	N71	recombination_suppression
1237	38	225	0	0.15	1.0	recombination	phlag_mlt_noprior_noprior_esp001_ex	N71	recombination_suppression
1275	0	225	0	0.15	1.0	recombination	phlag_dto_eap01_ena4_esp001	N71	recombination_suppression
638	637	113	112	0.15	1.0	recombination	phlag_dto_noprior_noprior_free_ex	N71	recombination_suppression
1246	29	225	0	0.15	1.0	recombination	phlag_dto_eap01_ena4_esp005_ex	N71	recombination_suppression
1275	0	225	0	0.15	1.0	recombination	phlag_dto_eap005_ena2_esp001_ex	N71	recombination_suppression
1275	0	225	0	0.15	1.0	recombination	phlag_dto_eap01_ena4_rev001_ex	N71	recombination_suppression
1275	0	225	0	0.15	1.0	recombination	phlag_dto_eap01_ena4_esp001_ex	N71	recombination_suppression
906	564	30	0	0.02	1.0	recombination	phlag_mlt_eap01_ena4_esp010_ex	N295	recombination_suppression
1470	0	0	30	0.02	1.0	recombination	phlag_dto_eap01_ena4_free_ex	N295	recombination_suppression
1470	0	0	30	0.02	1.0	recombination	phlag_mlt_eap01_ena4_free_ex	N295	recombination_suppression
1470	0	0	30	0.02	1.0	recombination	phlag_mlt_eap01_ena4_esp001_ex	N295	recombination_suppression
1470	0	0	30	0.02	1.0	recombination	phlag_dto_eap01_ena4_rev0001_ex	N295	recombination_suppression
1470	0	0	30	0.02	1.0	recombination	phlag_mlt_eap01_ena4_esp005_ex	N295	recombination_suppression
1470	0	0	30	0.02	1.0	recombination	phlag_mlt_noprior_noprior_esp001_ex	N295	recombination_suppression
1279	191	30	0	0.02	1.0	recombination	phlag_dto_eap01_ena4_esp001	N295	recombination_suppression
748	722	15	15	0.02	1.0	recombination	phlag_dto_noprior_noprior_free_ex	N295	recombination_suppression
1470	0	0	30	0.02	1.0	recombination	phlag_dto_eap01_ena4_esp005_ex	N295	recombination_suppression
1470	0	0	30	0.02	1.0	recombination	phlag_dto_eap005_ena2_esp001_ex	N295	recombination_suppression
1470	0	0	30	0.02	1.0	recombination	phlag_dto_eap01_ena4_rev001_ex	N295	recombination_suppression
1470	0	0	30	0.02	1.0	recombination	phlag_dto_eap01_ena4_esp001_ex	N295	recombination_suppression
1349	1	0	150	0.1	1.0	recombination	phlag_mlt_eap01_ena4_esp010_ex	N677	recombination_suppression
1349	1	0	150	0.1	1.0	recombination	phlag_dto_eap01_ena4_free_ex	N677	recombination_suppression
1349	1	0	150	0.1	1.0	recombination	phlag_mlt_eap01_ena4_free_ex	N677	recombination_suppression
1349	1	0	150	0.1	1.0	recombination	phlag_mlt_eap01_ena4_esp001_ex	N677	recombination_suppression
1349	1	0	150	0.1	1.0	recombination	phlag_dto_eap01_ena4_rev0001_ex	N677	recombination_suppression
1349	1	0	150	0.1	1.0	recombination	phlag_mlt_eap01_ena4_esp005_ex	N677	recombination_suppression
1349	1	0	150	0.1	1.0	recombination	phlag_mlt_noprior_noprior_esp001_ex	N677	recombination_suppression
1350	0	150	0	0.1	1.0	recombination	phlag_dto_eap01_ena4_esp001	N677	recombination_suppression
681	669	75	75	0.1	1.0	recombination	phlag_dto_noprior_noprior_free_ex	N677	recombination_suppression
1349	1	0	150	0.1	1.0	recombination	phlag_dto_eap01_ena4_esp005_ex	N677	recombination_suppression
1349	1	0	150	0.1	1.0	recombination	phlag_dto_eap005_ena2_esp001_ex	N677	recombination_suppression
1349	1	0	150	0.1	1.0	recombination	phlag_dto_eap01_ena4_rev001_ex	N677	recombination_suppression
1349	1	0	150	0.1	1.0	recombination	phlag_dto_eap01_ena4_esp001_ex	N677	recombination_suppression
1076	124	300	0	0.2	1.0	recombination	phlag_mlt_eap01_ena4_esp010_ex	N722	recombination_suppression
1198	2	300	0	0.2	1.0	recombination	phlag_dto_eap01_ena4_free_ex	N722	recombination_suppression
1200	0	300	0	0.2	1.0	recombination	phlag_mlt_eap01_ena4_free_ex	N722	recombination_suppression
1162	38	300	0	0.2	1.0	recombination	phlag_mlt_eap01_ena4_esp001_ex	N722	recombination_suppression
1200	0	300	0	0.2	1.0	recombination	phlag_dto_eap01_ena4_rev0001_ex	N722	recombination_suppression
1085	115	300	0	0.2	1.0	recombination	phlag_mlt_eap01_ena4_esp005_ex	N722	recombination_suppression
1162	38	300	0	0.2	1.0	recombination	phlag_mlt_noprior_noprior_esp001_ex	N722	recombination_suppression
1200	0	300	0	0.2	1.0	recombination	phlag_dto_eap01_ena4_esp001	N722	recombination_suppression
621	579	169	131	0.2	1.0	recombination	phlag_dto_noprior_noprior_free_ex	N722	recombination_suppression
1007	193	300	0	0.2	1.0	recombination	phlag_dto_eap01_ena4_esp005_ex	N722	recombination_suppression
1188	12	300	0	0.2	1.0	recombination	phlag_dto_eap005_ena2_esp001_ex	N722	recombination_suppression
1200	0	300	0	0.2	1.0	recombination	phlag_dto_eap01_ena4_rev001_ex	N722	recombination_suppression
1200	0	300	0	0.2	1.0	recombination	phlag_dto_eap01_ena4_esp001_ex	N722	recombination_suppression
1275	0	2	223	0.15	1.0	recombination	phlag_mlt_eap01_ena4_esp010_ex	N296	recombination_suppression
1275	0	1	224	0.15	1.0	recombination	phlag_dto_eap01_ena4_free_ex	N296	recombination_suppression
1275	0	2	223	0.15	1.0	recombination	phlag_mlt_eap01_ena4_free_ex	N296	recombination_suppression
1275	0	2	223	0.15	1.0	recombination	phlag_mlt_eap01_ena4_esp001_ex	N296	recombination_suppression
1275	0	1	224	0.15	1.0	recombination	phlag_dto_eap01_ena4_rev0001_ex	N296	recombination_suppression
1275	0	2	223	0.15	1.0	recombination	phlag_mlt_eap01_ena4_esp005_ex	N296	recombination_suppression
1275	0	2	223	0.15	1.0	recombination	phlag_mlt_noprior_noprior_esp001_ex	N296	recombination_suppression
1275	0	225	0	0.15	1.0	recombination	phlag_dto_eap01_ena4_esp001	N296	recombination_suppression
642	633	115	110	0.15	1.0	recombination	phlag_dto_noprior_noprior_free_ex	N296	recombination_suppression
1275	0	1	224	0.15	1.0	recombination	phlag_dto_eap01_ena4_esp005_ex	N296	recombination_suppression
1275	0	1	224	0.15	1.0	recombination	phlag_dto_eap005_ena2_esp001_ex	N296	recombination_suppression
1275	0	1	224	0.15	1.0	recombination	phlag_dto_eap01_ena4_rev001_ex	N296	recombination_suppression
1275	0	1	224	0.15	1.0	recombination	phlag_dto_eap01_ena4_esp001_ex	N296	recombination_suppression
1275	0	225	0	0.15	1.0	recombination	phlag_mlt_eap01_ena4_esp010_ex	N533	recombination_suppression
1168	107	211	14	0.15	1.0	recombination	phlag_dto_eap01_ena4_free_ex	N533	recombination_suppression
950	325	225	0	0.15	1.0	recombination	phlag_mlt_eap01_ena4_free_ex	N533	recombination_suppression
946	329	225	0	0.15	1.0	recombination	phlag_mlt_eap01_ena4_esp001_ex	N533	recombination_suppression
749	526	20	205	0.15	1.0	recombination	phlag_dto_eap01_ena4_rev0001_ex	N533	recombination_suppression
1116	159	225	0	0.15	1.0	recombination	phlag_mlt_eap01_ena4_esp005_ex	N533	recombination_suppression
1218	57	224	1	0.15	1.0	recombination	phlag_mlt_noprior_noprior_esp001_ex	N533	recombination_suppression
1254	21	225	0	0.15	1.0	recombination	phlag_dto_eap01_ena4_esp001	N533	recombination_suppression
664	611	117	108	0.15	1.0	recombination	phlag_dto_noprior_noprior_free_ex	N533	recombination_suppression
850	425	0	225	0.15	1.0	recombination	phlag_dto_eap01_ena4_esp005_ex	N533	recombination_suppression
982	293	225	0	0.15	1.0	recombination	phlag_dto_eap005_ena2_esp001_ex	N533	recombination_suppression
1088	187	225	0	0.15	1.0	recombination	phlag_dto_eap01_ena4_rev001_ex	N533	recombination_suppression
749	526	20	205	0.15	1.0	recombination	phlag_dto_eap01_ena4_esp001_ex	N533	recombination_suppression
1350	0	2	148	0.1	1.0	recombination	phlag_mlt_eap01_ena4_esp010_ex	N296	recombination_suppression
1350	0	2	148	0.1	1.0	recombination	phlag_dto_eap01_ena4_free_ex	N296	recombination_suppression
1350	0	2	148	0.1	1.0	recombination	phlag_mlt_eap01_ena4_free_ex	N296	recombination_suppression
1350	0	2	148	0.1	1.0	recombination	phlag_mlt_eap01_ena4_esp001_ex	N296	recombination_suppression
1350	0	2	148	0.1	1.0	recombination	phlag_dto_eap01_ena4_rev0001_ex	N296	recombination_suppression
1350	0	2	148	0.1	1.0	recombination	phlag_mlt_eap01_ena4_esp005_ex	N296	recombination_suppression
1350	0	2	148	0.1	1.0	recombination	phlag_mlt_noprior_noprior_esp001_ex	N296	recombination_suppression
1350	0	150	0	0.1	1.0	recombination	phlag_dto_eap01_ena4_esp001	N296	recombination_suppression
683	667	76	74	0.1	1.0	recombination	phlag_dto_noprior_noprior_free_ex	N296	recombination_suppression
1350	0	2	148	0.1	1.0	recombination	phlag_dto_eap01_ena4_esp005_ex	N296	recombination_suppression
1350	0	2	148	0.1	1.0	recombination	phlag_dto_eap005_ena2_esp001_ex	N296	recombination_suppression
1350	0	2	148	0.1	1.0	recombination	phlag_dto_eap01_ena4_rev001_ex	N296	recombination_suppression
1350	0	2	148	0.1	1.0	recombination	phlag_dto_eap01_ena4_esp001_ex	N296	recombination_suppression
1365	105	30	0	0.02	1.0	recombination	phlag_mlt_eap01_ena4_esp010_ex	N252	recombination_suppression
1439	31	30	0	0.02	1.0	recombination	phlag_dto_eap01_ena4_free_ex	N252	recombination_suppression
1462	8	30	0	0.02	1.0	recombination	phlag_mlt_eap01_ena4_free_ex	N252	recombination_suppression
1417	53	0	30	0.02	1.0	recombination	phlag_mlt_eap01_ena4_esp001_ex	N252	recombination_suppression
1393	77	30	0	0.02	1.0	recombination	phlag_dto_eap01_ena4_rev0001_ex	N252	recombination_suppression
1417	53	0	30	0.02	1.0	recombination	phlag_mlt_eap01_ena4_esp005_ex	N252	recombination_suppression
1417	53	0	30	0.02	1.0	recombination	phlag_mlt_noprior_noprior_esp001_ex	N252	recombination_suppression
1470	0	30	0	0.02	1.0	recombination	phlag_dto_eap01_ena4_esp001	N252	recombination_suppression
869	601	19	11	0.02	1.0	recombination	phlag_dto_noprior_noprior_free_ex	N252	recombination_suppression
1106	364	30	0	0.02	1.0	recombination	phlag_dto_eap01_ena4_esp005_ex	N252	recombination_suppression
1074	396	30	0	0.02	1.0	recombination	phlag_dto_eap005_ena2_esp001_ex	N252	recombination_suppression
1449	21	30	0	0.02	1.0	recombination	phlag_dto_eap01_ena4_rev001_ex	N252	recombination_suppression
1429	41	30	0	0.02	1.0	recombination	phlag_dto_eap01_ena4_esp001_ex	N252	recombination_suppression
1125	0	375	0	0.25	1.0	recombination	phlag_mlt_eap01_ena4_esp010_ex	N477	recombination_suppression
885	240	330	45	0.25	1.0	recombination	phlag_dto_eap01_ena4_free_ex	N477	recombination_suppression
1104	21	375	0	0.25	1.0	recombination	phlag_mlt_eap01_ena4_free_ex	N477	recombination_suppression
1125	0	375	0	0.25	1.0	recombination	phlag_mlt_eap01_ena4_esp001_ex	N477	recombination_suppression
704	421	98	277	0.25	1.0	recombination	phlag_dto_eap01_ena4_rev0001_ex	N477	recombination_suppression
1069	56	375	0	0.25	1.0	recombination	phlag_mlt_eap01_ena4_esp005_ex	N477	recombination_suppression
1067	58	375	0	0.25	1.0	recombination	phlag_mlt_noprior_noprior_esp001_ex	N477	recombination_suppression
1125	0	375	0	0.25	1.0	recombination	phlag_dto_eap01_ena4_esp001	N477	recombination_suppression
669	456	220	155	0.25	1.0	recombination	phlag_dto_noprior_noprior_free_ex	N477	recombination_suppression
697	428	375	0	0.25	1.0	recombination	phlag_dto_eap01_ena4_esp005_ex	N477	recombination_suppression
926	199	375	0	0.25	1.0	recombination	phlag_dto_eap005_ena2_esp001_ex	N477	recombination_suppression
1004	121	375	0	0.25	1.0	recombination	phlag_dto_eap01_ena4_rev001_ex	N477	recombination_suppression
786	339	98	277	0.25	1.0	recombination	phlag_dto_eap01_ena4_esp001_ex	N477	recombination_suppression
1469	1	0	30	0.02	1.0	recombination	phlag_mlt_eap01_ena4_esp010_ex	N576	recombination_suppression
1470	0	0	30	0.02	1.0	recombination	phlag_dto_eap01_ena4_free_ex	N576	recombination_suppression
1469	1	0	30	0.02	1.0	recombination	phlag_mlt_eap01_ena4_free_ex	N576	recombination_suppression
1469	1	0	30	0.02	1.0	recombination	phlag_mlt_eap01_ena4_esp001_ex	N576	recombination_suppression
1469	1	0	30	0.02	1.0	recombination	phlag_dto_eap01_ena4_rev0001_ex	N576	recombination_suppression
841	629	0	30	0.02	1.0	recombination	phlag_mlt_eap01_ena4_esp005_ex	N576	recombination_suppression
1469	1	0	30	0.02	1.0	recombination	phlag_mlt_noprior_noprior_esp001_ex	N576	recombination_suppression
1469	1	0	30	0.02	1.0	recombination	phlag_dto_eap01_ena4_esp001	N576	recombination_suppression
859	611	24	6	0.02	1.0	recombination	phlag_dto_noprior_noprior_free_ex	N576	recombination_suppression
1470	0	0	30	0.02	1.0	recombination	phlag_dto_eap01_ena4_esp005_ex	N576	recombination_suppression
1470	0	0	30	0.02	1.0	recombination	phlag_dto_eap005_ena2_esp001_ex	N576	recombination_suppression
1469	1	0	30	0.02	1.0	recombination	phlag_dto_eap01_ena4_rev001_ex	N576	recombination_suppression
1470	0	0	30	0.02	1.0	recombination	phlag_dto_eap01_ena4_esp001_ex	N576	recombination_suppression
1317	153	30	0	0.02	1.0	recombination	phlag_mlt_eap01_ena4_esp010_ex	N499	recombination_suppression
1461	9	9	21	0.02	1.0	recombination	phlag_dto_eap01_ena4_free_ex	N499	recombination_suppression
1418	52	30	0	0.02	1.0	recombination	phlag_mlt_eap01_ena4_free_ex	N499	recombination_suppression
1317	153	30	0	0.02	1.0	recombination	phlag_mlt_eap01_ena4_esp001_ex	N499	recombination_suppression
1303	167	4	26	0.02	1.0	recombination	phlag_dto_eap01_ena4_rev0001_ex	N499	recombination_suppression
1317	153	30	0	0.02	1.0	recombination	phlag_mlt_eap01_ena4_esp005_ex	N499	recombination_suppression
1317	153	30	0	0.02	1.0	recombination	phlag_mlt_noprior_noprior_esp001_ex	N499	recombination_suppression
1470	0	30	0	0.02	1.0	recombination	phlag_dto_eap01_ena4_esp001	N499	recombination_suppression
906	564	6	24	0.02	1.0	recombination	phlag_dto_noprior_noprior_free_ex	N499	recombination_suppression
1151	319	0	30	0.02	1.0	recombination	phlag_dto_eap01_ena4_esp005_ex	N499	recombination_suppression
1303	167	4	26	0.02	1.0	recombination	phlag_dto_eap005_ena2_esp001_ex	N499	recombination_suppression
1303	167	4	26	0.02	1.0	recombination	phlag_dto_eap01_ena4_rev001_ex	N499	recombination_suppression
1303	167	4	26	0.02	1.0	recombination	phlag_dto_eap01_ena4_esp001_ex	N499	recombination_suppression
1194	6	1	299	0.2	1.0	recombination	phlag_mlt_eap01_ena4_esp010_ex	N677	recombination_suppression
1188	12	300	0	0.2	1.0	recombination	phlag_dto_eap01_ena4_free_ex	N677	recombination_suppression
1194	6	1	299	0.2	1.0	recombination	phlag_mlt_eap01_ena4_free_ex	N677	recombination_suppression
1194	6	1	299	0.2	1.0	recombination	phlag_mlt_eap01_ena4_esp001_ex	N677	recombination_suppression
1194	6	1	299	0.2	1.0	recombination	phlag_dto_eap01_ena4_rev0001_ex	N677	recombination_suppression
1194	6	1	299	0.2	1.0	recombination	phlag_mlt_eap01_ena4_esp005_ex	N677	recombination_suppression
1194	6	1	299	0.2	1.0	recombination	phlag_mlt_noprior_noprior_esp001_ex	N677	recombination_suppression
1200	0	300	0	0.2	1.0	recombination	phlag_dto_eap01_ena4_esp001	N677	recombination_suppression
612	588	150	150	0.2	1.0	recombination	phlag_dto_noprior_noprior_free_ex	N677	recombination_suppression
1194	6	1	299	0.2	1.0	recombination	phlag_dto_eap01_ena4_esp005_ex	N677	recombination_suppression
1194	6	1	299	0.2	1.0	recombination	phlag_dto_eap005_ena2_esp001_ex	N677	recombination_suppression
1190	10	300	0	0.2	1.0	recombination	phlag_dto_eap01_ena4_rev001_ex	N677	recombination_suppression
1194	6	1	299	0.2	1.0	recombination	phlag_dto_eap01_ena4_esp001_ex	N677	recombination_suppression
1125	0	375	0	0.25	1.0	recombination	phlag_dto_eap01_ena4_esp001	N722	recombination_suppression
1429	41	30	0	0.02	1.0	recombination	phlag_mlt_eap01_ena4_esp010_ex	N717	recombination_suppression
1333	137	30	0	0.02	1.0	recombination	phlag_dto_eap01_ena4_free_ex	N717	recombination_suppression
1470	0	30	0	0.02	1.0	recombination	phlag_mlt_eap01_ena4_free_ex	N717	recombination_suppression
1429	41	30	0	0.02	1.0	recombination	phlag_mlt_eap01_ena4_esp001_ex	N717	recombination_suppression
1387	83	30	0	0.02	1.0	recombination	phlag_dto_eap01_ena4_rev0001_ex	N717	recombination_suppression
1470	0	30	0	0.02	1.0	recombination	phlag_mlt_eap01_ena4_esp005_ex	N717	recombination_suppression
1429	41	30	0	0.02	1.0	recombination	phlag_mlt_noprior_noprior_esp001_ex	N717	recombination_suppression
1390	80	30	0	0.02	1.0	recombination	phlag_dto_eap01_ena4_esp001	N717	recombination_suppression
803	667	12	18	0.02	1.0	recombination	phlag_dto_noprior_noprior_free_ex	N717	recombination_suppression
773	697	30	0	0.02	1.0	recombination	phlag_dto_eap01_ena4_esp005_ex	N717	recombination_suppression
1470	0	30	0	0.02	1.0	recombination	phlag_dto_eap005_ena2_esp001_ex	N717	recombination_suppression
1470	0	30	0	0.02	1.0	recombination	phlag_dto_eap01_ena4_rev001_ex	N717	recombination_suppression
1298	172	30	0	0.02	1.0	recombination	phlag_dto_eap01_ena4_esp001_ex	N717	recombination_suppression
1350	0	0	150	0.1	1.0	recombination	phlag_mlt_eap01_ena4_esp010_ex	N211	recombination_suppression
1350	0	0	150	0.1	1.0	recombination	phlag_dto_eap01_ena4_free_ex	N211	recombination_suppression
1350	0	150	0	0.1	1.0	recombination	phlag_mlt_eap01_ena4_free_ex	N211	recombination_suppression
1350	0	0	150	0.1	1.0	recombination	phlag_mlt_eap01_ena4_esp001_ex	N211	recombination_suppression
1350	0	150	0	0.1	1.0	recombination	phlag_dto_eap01_ena4_rev0001_ex	N211	recombination_suppression
1350	0	0	150	0.1	1.0	recombination	phlag_mlt_eap01_ena4_esp005_ex	N211	recombination_suppression
1350	0	0	150	0.1	1.0	recombination	phlag_mlt_noprior_noprior_esp001_ex	N211	recombination_suppression
1350	0	150	0	0.1	1.0	recombination	phlag_dto_eap01_ena4_esp001	N211	recombination_suppression
712	638	89	61	0.1	1.0	recombination	phlag_dto_noprior_noprior_free_ex	N211	recombination_suppression
1350	0	0	150	0.1	1.0	recombination	phlag_dto_eap01_ena4_esp005_ex	N211	recombination_suppression
1350	0	0	150	0.1	1.0	recombination	phlag_dto_eap005_ena2_esp001_ex	N211	recombination_suppression
1350	0	0	150	0.1	1.0	recombination	phlag_dto_eap01_ena4_rev001_ex	N211	recombination_suppression
1350	0	0	150	0.1	1.0	recombination	phlag_dto_eap01_ena4_esp001_ex	N211	recombination_suppression
736	464	300	0	0.2	1.0	recombination	phlag_mlt_eap01_ena4_esp010_ex	N682	recombination_suppression
1200	0	300	0	0.2	1.0	recombination	phlag_dto_eap01_ena4_free_ex	N682	recombination_suppression
1191	9	1	299	0.2	1.0	recombination	phlag_mlt_eap01_ena4_free_ex	N682	recombination_suppression
1191	9	1	299	0.2	1.0	recombination	phlag_mlt_eap01_ena4_esp001_ex	N682	recombination_suppression
895	305	298	2	0.2	1.0	recombination	phlag_dto_eap01_ena4_rev0001_ex	N682	recombination_suppression
1085	115	300	0	0.2	1.0	recombination	phlag_mlt_eap01_ena4_esp005_ex	N682	recombination_suppression
1191	9	1	299	0.2	1.0	recombination	phlag_mlt_noprior_noprior_esp001_ex	N682	recombination_suppression
1200	0	300	0	0.2	1.0	recombination	phlag_dto_eap01_ena4_esp001	N682	recombination_suppression
603	597	150	150	0.2	1.0	recombination	phlag_dto_noprior_noprior_free_ex	N682	recombination_suppression
1103	97	2	298	0.2	1.0	recombination	phlag_dto_eap01_ena4_esp005_ex	N682	recombination_suppression
1200	0	300	0	0.2	1.0	recombination	phlag_dto_eap005_ena2_esp001_ex	N682	recombination_suppression
1200	0	300	0	0.2	1.0	recombination	phlag_dto_eap01_ena4_rev001_ex	N682	recombination_suppression
1084	116	2	298	0.2	1.0	recombination	phlag_dto_eap01_ena4_esp001_ex	N682	recombination_suppression
1308	42	0	150	0.1	1.0	recombination	phlag_mlt_eap01_ena4_esp010_ex	N499	recombination_suppression
1345	5	10	140	0.1	1.0	recombination	phlag_dto_eap01_ena4_free_ex	N499	recombination_suppression
1302	48	0	150	0.1	1.0	recombination	phlag_mlt_eap01_ena4_free_ex	N499	recombination_suppression
1302	48	0	150	0.1	1.0	recombination	phlag_mlt_eap01_ena4_esp001_ex	N499	recombination_suppression
1345	5	10	140	0.1	1.0	recombination	phlag_dto_eap01_ena4_rev0001_ex	N499	recombination_suppression
1253	97	150	0	0.1	1.0	recombination	phlag_mlt_eap01_ena4_esp005_ex	N499	recombination_suppression
1302	48	0	150	0.1	1.0	recombination	phlag_mlt_noprior_noprior_esp001_ex	N499	recombination_suppression
1343	7	4	146	0.1	1.0	recombination	phlag_dto_eap01_ena4_esp001	N499	recombination_suppression
838	512	36	114	0.1	1.0	recombination	phlag_dto_noprior_noprior_free_ex	N499	recombination_suppression
1337	13	10	140	0.1	1.0	recombination	phlag_dto_eap01_ena4_esp005_ex	N499	recombination_suppression
1350	0	10	140	0.1	1.0	recombination	phlag_dto_eap005_ena2_esp001_ex	N499	recombination_suppression
1350	0	10	140	0.1	1.0	recombination	phlag_dto_eap01_ena4_rev001_ex	N499	recombination_suppression
1345	5	10	140	0.1	1.0	recombination	phlag_dto_eap01_ena4_esp001_ex	N499	recombination_suppression
1203	222	43	32	0.05	1.0	recombination	phlag_mlt_eap01_ena4_esp010_ex	N202	recombination_suppression
736	689	23	52	0.05	1.0	recombination	phlag_dto_eap01_ena4_free_ex	N202	recombination_suppression
1397	28	75	0	0.05	1.0	recombination	phlag_mlt_eap01_ena4_free_ex	N202	recombination_suppression
1222	203	43	32	0.05	1.0	recombination	phlag_mlt_eap01_ena4_esp001_ex	N202	recombination_suppression
1143	282	23	52	0.05	1.0	recombination	phlag_dto_eap01_ena4_rev0001_ex	N202	recombination_suppression
1222	203	43	32	0.05	1.0	recombination	phlag_mlt_eap01_ena4_esp005_ex	N202	recombination_suppression
887	538	52	23	0.05	1.0	recombination	phlag_mlt_noprior_noprior_esp001_ex	N202	recombination_suppression
1413	12	75	0	0.05	1.0	recombination	phlag_dto_eap01_ena4_esp001	N202	recombination_suppression
831	594	41	34	0.05	1.0	recombination	phlag_dto_noprior_noprior_free_ex	N202	recombination_suppression
877	548	21	54	0.05	1.0	recombination	phlag_dto_eap01_ena4_esp005_ex	N202	recombination_suppression
1253	172	75	0	0.05	1.0	recombination	phlag_dto_eap005_ena2_esp001_ex	N202	recombination_suppression
1425	0	75	0	0.05	1.0	recombination	phlag_dto_eap01_ena4_rev001_ex	N202	recombination_suppression
1149	276	23	52	0.05	1.0	recombination	phlag_dto_eap01_ena4_esp001_ex	N202	recombination_suppression
1200	0	4	296	0.2	1.0	recombination	phlag_mlt_eap01_ena4_esp010_ex	N678	recombination_suppression
1200	0	0	300	0.2	1.0	recombination	phlag_dto_eap01_ena4_free_ex	N678	recombination_suppression
1200	0	4	296	0.2	1.0	recombination	phlag_mlt_eap01_ena4_free_ex	N678	recombination_suppression
1200	0	4	296	0.2	1.0	recombination	phlag_mlt_eap01_ena4_esp001_ex	N678	recombination_suppression
1200	0	0	300	0.2	1.0	recombination	phlag_dto_eap01_ena4_rev0001_ex	N678	recombination_suppression
1200	0	4	296	0.2	1.0	recombination	phlag_mlt_eap01_ena4_esp005_ex	N678	recombination_suppression
1200	0	4	296	0.2	1.0	recombination	phlag_mlt_noprior_noprior_esp001_ex	N678	recombination_suppression
1195	5	0	300	0.2	1.0	recombination	phlag_dto_eap01_ena4_esp001	N678	recombination_suppression
614	586	156	144	0.2	1.0	recombination	phlag_dto_noprior_noprior_free_ex	N678	recombination_suppression
1200	0	0	300	0.2	1.0	recombination	phlag_dto_eap01_ena4_esp005_ex	N678	recombination_suppression
1200	0	0	300	0.2	1.0	recombination	phlag_dto_eap005_ena2_esp001_ex	N678	recombination_suppression
1200	0	0	300	0.2	1.0	recombination	phlag_dto_eap01_ena4_rev001_ex	N678	recombination_suppression
1200	0	0	300	0.2	1.0	recombination	phlag_dto_eap01_ena4_esp001_ex	N678	recombination_suppression
1200	0	6	294	0.2	1.0	recombination	phlag_mlt_eap01_ena4_esp010_ex	N428	recombination_suppression
1192	8	300	0	0.2	1.0	recombination	phlag_dto_eap01_ena4_free_ex	N428	recombination_suppression
1200	0	6	294	0.2	1.0	recombination	phlag_mlt_eap01_ena4_free_ex	N428	recombination_suppression
1200	0	6	294	0.2	1.0	recombination	phlag_mlt_eap01_ena4_esp001_ex	N428	recombination_suppression
1200	0	6	294	0.2	1.0	recombination	phlag_dto_eap01_ena4_rev0001_ex	N428	recombination_suppression
1200	0	6	294	0.2	1.0	recombination	phlag_mlt_eap01_ena4_esp005_ex	N428	recombination_suppression
1200	0	6	294	0.2	1.0	recombination	phlag_mlt_noprior_noprior_esp001_ex	N428	recombination_suppression
750	450	264	36	0.2	1.0	recombination	phlag_dto_eap01_ena4_esp001	N428	recombination_suppression
993	207	263	37	0.2	1.0	recombination	phlag_dto_noprior_noprior_free_ex	N428	recombination_suppression
1200	0	6	294	0.2	1.0	recombination	phlag_dto_eap01_ena4_esp005_ex	N428	recombination_suppression
1200	0	6	294	0.2	1.0	recombination	phlag_dto_eap005_ena2_esp001_ex	N428	recombination_suppression
1200	0	6	294	0.2	1.0	recombination	phlag_dto_eap01_ena4_rev001_ex	N428	recombination_suppression
1200	0	6	294	0.2	1.0	recombination	phlag_dto_eap01_ena4_esp001_ex	N428	recombination_suppression
1335	15	0	150	0.1	1.0	recombination	phlag_mlt_eap01_ena4_esp010_ex	N550	recombination_suppression
1336	14	150	0	0.1	1.0	recombination	phlag_dto_eap01_ena4_free_ex	N550	recombination_suppression
1350	0	150	0	0.1	1.0	recombination	phlag_mlt_eap01_ena4_free_ex	N550	recombination_suppression
1350	0	150	0	0.1	1.0	recombination	phlag_mlt_eap01_ena4_esp001_ex	N550	recombination_suppression
1285	65	150	0	0.1	1.0	recombination	phlag_dto_eap01_ena4_rev0001_ex	N550	recombination_suppression
1350	0	150	0	0.1	1.0	recombination	phlag_mlt_eap01_ena4_esp005_ex	N550	recombination_suppression
1345	5	14	136	0.1	1.0	recombination	phlag_mlt_noprior_noprior_esp001_ex	N550	recombination_suppression
956	394	84	66	0.1	1.0	recombination	phlag_dto_eap01_ena4_esp001	N550	recombination_suppression
698	652	79	71	0.1	1.0	recombination	phlag_dto_noprior_noprior_free_ex	N550	recombination_suppression
1107	243	150	0	0.1	1.0	recombination	phlag_dto_eap01_ena4_esp005_ex	N550	recombination_suppression
1270	80	150	0	0.1	1.0	recombination	phlag_dto_eap005_ena2_esp001_ex	N550	recombination_suppression
1341	9	150	0	0.1	1.0	recombination	phlag_dto_eap01_ena4_rev001_ex	N550	recombination_suppression
1270	80	150	0	0.1	1.0	recombination	phlag_dto_eap01_ena4_esp001_ex	N550	recombination_suppression
1273	2	0	225	0.15	1.0	recombination	phlag_mlt_eap01_ena4_esp010_ex	N211	recombination_suppression
1273	2	0	225	0.15	1.0	recombination	phlag_dto_eap01_ena4_free_ex	N211	recombination_suppression
1275	0	225	0	0.15	1.0	recombination	phlag_mlt_eap01_ena4_free_ex	N211	recombination_suppression
1273	2	0	225	0.15	1.0	recombination	phlag_mlt_eap01_ena4_esp001_ex	N211	recombination_suppression
1273	2	0	225	0.15	1.0	recombination	phlag_dto_eap01_ena4_rev0001_ex	N211	recombination_suppression
1273	2	0	225	0.15	1.0	recombination	phlag_mlt_eap01_ena4_esp005_ex	N211	recombination_suppression
1273	2	0	225	0.15	1.0	recombination	phlag_mlt_noprior_noprior_esp001_ex	N211	recombination_suppression
1275	0	225	0	0.15	1.0	recombination	phlag_dto_eap01_ena4_esp001	N211	recombination_suppression
668	607	131	94	0.15	1.0	recombination	phlag_dto_noprior_noprior_free_ex	N211	recombination_suppression
1273	2	0	225	0.15	1.0	recombination	phlag_dto_eap01_ena4_esp005_ex	N211	recombination_suppression
1273	2	0	225	0.15	1.0	recombination	phlag_dto_eap005_ena2_esp001_ex	N211	recombination_suppression
1275	0	225	0	0.15	1.0	recombination	phlag_dto_eap01_ena4_rev001_ex	N211	recombination_suppression
1273	2	0	225	0.15	1.0	recombination	phlag_dto_eap01_ena4_esp001_ex	N211	recombination_suppression
1200	0	3	297	0.2	1.0	recombination	phlag_mlt_eap01_ena4_esp010_ex	N115	recombination_suppression
1200	0	300	0	0.2	1.0	recombination	phlag_dto_eap01_ena4_free_ex	N115	recombination_suppression
1200	0	300	0	0.2	1.0	recombination	phlag_mlt_eap01_ena4_free_ex	N115	recombination_suppression
1200	0	3	297	0.2	1.0	recombination	phlag_mlt_eap01_ena4_esp001_ex	N115	recombination_suppression
1200	0	0	300	0.2	1.0	recombination	phlag_dto_eap01_ena4_rev0001_ex	N115	recombination_suppression
1200	0	3	297	0.2	1.0	recombination	phlag_mlt_eap01_ena4_esp005_ex	N115	recombination_suppression
1200	0	3	297	0.2	1.0	recombination	phlag_mlt_noprior_noprior_esp001_ex	N115	recombination_suppression
490	710	300	0	0.2	1.0	recombination	phlag_dto_eap01_ena4_esp001	N115	recombination_suppression
603	597	151	149	0.2	1.0	recombination	phlag_dto_noprior_noprior_free_ex	N115	recombination_suppression
1200	0	300	0	0.2	1.0	recombination	phlag_dto_eap01_ena4_esp005_ex	N115	recombination_suppression
1200	0	0	300	0.2	1.0	recombination	phlag_dto_eap005_ena2_esp001_ex	N115	recombination_suppression
1198	2	0	300	0.2	1.0	recombination	phlag_dto_eap01_ena4_rev001_ex	N115	recombination_suppression
1200	0	0	300	0.2	1.0	recombination	phlag_dto_eap01_ena4_esp001_ex	N115	recombination_suppression
1124	1	1	374	0.25	1.0	recombination	phlag_mlt_eap01_ena4_esp010_ex	N296	recombination_suppression
1124	1	1	374	0.25	1.0	recombination	phlag_dto_eap01_ena4_free_ex	N296	recombination_suppression
1124	1	1	374	0.25	1.0	recombination	phlag_mlt_eap01_ena4_free_ex	N296	recombination_suppression
1124	1	1	374	0.25	1.0	recombination	phlag_mlt_eap01_ena4_esp001_ex	N296	recombination_suppression
1124	1	1	374	0.25	1.0	recombination	phlag_dto_eap01_ena4_rev0001_ex	N296	recombination_suppression
1124	1	1	374	0.25	1.0	recombination	phlag_mlt_eap01_ena4_esp005_ex	N296	recombination_suppression
1124	1	1	374	0.25	1.0	recombination	phlag_mlt_noprior_noprior_esp001_ex	N296	recombination_suppression
1125	0	375	0	0.25	1.0	recombination	phlag_dto_eap01_ena4_esp001	N296	recombination_suppression
570	555	193	182	0.25	1.0	recombination	phlag_dto_noprior_noprior_free_ex	N296	recombination_suppression
1124	1	1	374	0.25	1.0	recombination	phlag_dto_eap01_ena4_esp005_ex	N296	recombination_suppression
1124	1	1	374	0.25	1.0	recombination	phlag_dto_eap005_ena2_esp001_ex	N296	recombination_suppression
1124	1	1	374	0.25	1.0	recombination	phlag_dto_eap01_ena4_rev001_ex	N296	recombination_suppression
1124	1	1	374	0.25	1.0	recombination	phlag_dto_eap01_ena4_esp001_ex	N296	recombination_suppression
1350	0	150	0	0.1	1.0	recombination	phlag_mlt_eap01_ena4_esp010_ex	N252	recombination_suppression
1318	32	150	0	0.1	1.0	recombination	phlag_dto_eap01_ena4_free_ex	N252	recombination_suppression
1342	8	150	0	0.1	1.0	recombination	phlag_mlt_eap01_ena4_free_ex	N252	recombination_suppression
1331	19	67	83	0.1	1.0	recombination	phlag_mlt_eap01_ena4_esp001_ex	N252	recombination_suppression
939	411	150	0	0.1	1.0	recombination	phlag_dto_eap01_ena4_rev0001_ex	N252	recombination_suppression
1350	0	150	0	0.1	1.0	recombination	phlag_mlt_eap01_ena4_esp005_ex	N252	recombination_suppression
1350	0	150	0	0.1	1.0	recombination	phlag_mlt_noprior_noprior_esp001_ex	N252	recombination_suppression
1350	0	150	0	0.1	1.0	recombination	phlag_dto_eap01_ena4_esp001	N252	recombination_suppression
779	571	91	59	0.1	1.0	recombination	phlag_dto_noprior_noprior_free_ex	N252	recombination_suppression
968	382	150	0	0.1	1.0	recombination	phlag_dto_eap01_ena4_esp005_ex	N252	recombination_suppression
906	444	150	0	0.1	1.0	recombination	phlag_dto_eap005_ena2_esp001_ex	N252	recombination_suppression
1229	121	150	0	0.1	1.0	recombination	phlag_dto_eap01_ena4_rev001_ex	N252	recombination_suppression
746	604	150	0	0.1	1.0	recombination	phlag_dto_eap01_ena4_esp001_ex	N252	recombination_suppression
1178	22	32	268	0.2	1.0	recombination	phlag_mlt_eap01_ena4_esp010_ex	N499	recombination_suppression
1194	6	45	255	0.2	1.0	recombination	phlag_dto_eap01_ena4_free_ex	N499	recombination_suppression
1178	22	52	248	0.2	1.0	recombination	phlag_mlt_eap01_ena4_free_ex	N499	recombination_suppression
1178	22	52	248	0.2	1.0	recombination	phlag_mlt_eap01_ena4_esp001_ex	N499	recombination_suppression
1186	14	45	255	0.2	1.0	recombination	phlag_dto_eap01_ena4_rev0001_ex	N499	recombination_suppression
1178	22	32	268	0.2	1.0	recombination	phlag_mlt_eap01_ena4_esp005_ex	N499	recombination_suppression
1178	22	52	248	0.2	1.0	recombination	phlag_mlt_noprior_noprior_esp001_ex	N499	recombination_suppression
1178	22	37	263	0.2	1.0	recombination	phlag_dto_eap01_ena4_esp001	N499	recombination_suppression
739	461	86	214	0.2	1.0	recombination	phlag_dto_noprior_noprior_free_ex	N499	recombination_suppression
1185	15	45	255	0.2	1.0	recombination	phlag_dto_eap01_ena4_esp005_ex	N499	recombination_suppression
1199	1	45	255	0.2	1.0	recombination	phlag_dto_eap005_ena2_esp001_ex	N499	recombination_suppression
1199	1	45	255	0.2	1.0	recombination	phlag_dto_eap01_ena4_rev001_ex	N499	recombination_suppression
1186	14	45	255	0.2	1.0	recombination	phlag_dto_eap01_ena4_esp001_ex	N499	recombination_suppression
958	317	225	0	0.15	1.0	recombination	phlag_mlt_eap01_ena4_esp010_ex	N252	recombination_suppression
1243	32	225	0	0.15	1.0	recombination	phlag_dto_eap01_ena4_free_ex	N252	recombination_suppression
1254	21	225	0	0.15	1.0	recombination	phlag_mlt_eap01_ena4_free_ex	N252	recombination_suppression
1262	13	0	225	0.15	1.0	recombination	phlag_mlt_eap01_ena4_esp001_ex	N252	recombination_suppression
751	524	225	0	0.15	1.0	recombination	phlag_dto_eap01_ena4_rev0001_ex	N252	recombination_suppression
744	531	225	0	0.15	1.0	recombination	phlag_mlt_eap01_ena4_esp005_ex	N252	recombination_suppression
1151	124	0	225	0.15	1.0	recombination	phlag_mlt_noprior_noprior_esp001_ex	N252	recombination_suppression
1275	0	225	0	0.15	1.0	recombination	phlag_dto_eap01_ena4_esp001	N252	recombination_suppression
771	504	149	76	0.15	1.0	recombination	phlag_dto_noprior_noprior_free_ex	N252	recombination_suppression
1138	137	0	225	0.15	1.0	recombination	phlag_dto_eap01_ena4_esp005_ex	N252	recombination_suppression
847	428	225	0	0.15	1.0	recombination	phlag_dto_eap005_ena2_esp001_ex	N252	recombination_suppression
950	325	225	0	0.15	1.0	recombination	phlag_dto_eap01_ena4_rev001_ex	N252	recombination_suppression
711	564	225	0	0.15	1.0	recombination	phlag_dto_eap01_ena4_esp001_ex	N252	recombination_suppression
1425	0	4	71	0.05	1.0	recombination	phlag_mlt_eap01_ena4_esp010_ex	N428	recombination_suppression
1413	12	75	0	0.05	1.0	recombination	phlag_dto_eap01_ena4_free_ex	N428	recombination_suppression
1425	0	4	71	0.05	1.0	recombination	phlag_mlt_eap01_ena4_free_ex	N428	recombination_suppression
1425	0	4	71	0.05	1.0	recombination	phlag_mlt_eap01_ena4_esp001_ex	N428	recombination_suppression
1398	27	0	75	0.05	1.0	recombination	phlag_dto_eap01_ena4_rev0001_ex	N428	recombination_suppression
1425	0	4	71	0.05	1.0	recombination	phlag_mlt_eap01_ena4_esp005_ex	N428	recombination_suppression
1425	0	4	71	0.05	1.0	recombination	phlag_mlt_noprior_noprior_esp001_ex	N428	recombination_suppression
1425	0	75	0	0.05	1.0	recombination	phlag_dto_eap01_ena4_esp001	N428	recombination_suppression
1179	246	66	9	0.05	1.0	recombination	phlag_dto_noprior_noprior_free_ex	N428	recombination_suppression
1144	281	8	67	0.05	1.0	recombination	phlag_dto_eap01_ena4_esp005_ex	N428	recombination_suppression
1398	27	0	75	0.05	1.0	recombination	phlag_dto_eap005_ena2_esp001_ex	N428	recombination_suppression
1398	27	0	75	0.05	1.0	recombination	phlag_dto_eap01_ena4_rev001_ex	N428	recombination_suppression
1394	31	0	75	0.05	1.0	recombination	phlag_dto_eap01_ena4_esp001_ex	N428	recombination_suppression
1275	0	1	224	0.15	1.0	recombination	phlag_mlt_eap01_ena4_esp010_ex	N396	recombination_suppression
1265	10	1	224	0.15	1.0	recombination	phlag_dto_eap01_ena4_free_ex	N396	recombination_suppression
1260	15	225	0	0.15	1.0	recombination	phlag_mlt_eap01_ena4_free_ex	N396	recombination_suppression
1275	0	1	224	0.15	1.0	recombination	phlag_mlt_eap01_ena4_esp001_ex	N396	recombination_suppression
1275	0	1	224	0.15	1.0	recombination	phlag_dto_eap01_ena4_rev0001_ex	N396	recombination_suppression
1275	0	1	224	0.15	1.0	recombination	phlag_mlt_eap01_ena4_esp005_ex	N396	recombination_suppression
1275	0	1	224	0.15	1.0	recombination	phlag_mlt_noprior_noprior_esp001_ex	N396	recombination_suppression
1265	10	0	225	0.15	1.0	recombination	phlag_dto_eap01_ena4_esp001	N396	recombination_suppression
968	307	69	156	0.15	1.0	recombination	phlag_dto_noprior_noprior_free_ex	N396	recombination_suppression
1265	10	1	224	0.15	1.0	recombination	phlag_dto_eap01_ena4_esp005_ex	N396	recombination_suppression
1275	0	1	224	0.15	1.0	recombination	phlag_dto_eap005_ena2_esp001_ex	N396	recombination_suppression
1275	0	225	0	0.15	1.0	recombination	phlag_dto_eap01_ena4_rev001_ex	N396	recombination_suppression
1275	0	1	224	0.15	1.0	recombination	phlag_dto_eap01_ena4_esp001_ex	N396	recombination_suppression
1181	19	1	299	0.2	1.0	recombination	phlag_mlt_eap01_ena4_esp010_ex	N543	recombination_suppression
1183	17	1	299	0.2	1.0	recombination	phlag_dto_eap01_ena4_free_ex	N543	recombination_suppression
1183	17	1	299	0.2	1.0	recombination	phlag_mlt_eap01_ena4_free_ex	N543	recombination_suppression
1183	17	1	299	0.2	1.0	recombination	phlag_mlt_eap01_ena4_esp001_ex	N543	recombination_suppression
1183	17	1	299	0.2	1.0	recombination	phlag_dto_eap01_ena4_rev0001_ex	N543	recombination_suppression
1181	19	1	299	0.2	1.0	recombination	phlag_mlt_eap01_ena4_esp005_ex	N543	recombination_suppression
1183	17	1	299	0.2	1.0	recombination	phlag_mlt_noprior_noprior_esp001_ex	N543	recombination_suppression
1200	0	300	0	0.2	1.0	recombination	phlag_dto_eap01_ena4_esp001	N543	recombination_suppression
602	598	151	149	0.2	1.0	recombination	phlag_dto_noprior_noprior_free_ex	N543	recombination_suppression
1183	17	1	299	0.2	1.0	recombination	phlag_dto_eap01_ena4_esp005_ex	N543	recombination_suppression
1183	17	1	299	0.2	1.0	recombination	phlag_dto_eap005_ena2_esp001_ex	N543	recombination_suppression
1183	17	1	299	0.2	1.0	recombination	phlag_dto_eap01_ena4_rev001_ex	N543	recombination_suppression
1183	17	1	299	0.2	1.0	recombination	phlag_dto_eap01_ena4_esp001_ex	N543	recombination_suppression
1470	0	30	0	0.02	1.0	recombination	phlag_mlt_eap01_ena4_esp010_ex	N477	recombination_suppression
1163	307	30	0	0.02	1.0	recombination	phlag_dto_eap01_ena4_free_ex	N477	recombination_suppression
1449	21	30	0	0.02	1.0	recombination	phlag_mlt_eap01_ena4_free_ex	N477	recombination_suppression
1418	52	30	0	0.02	1.0	recombination	phlag_mlt_eap01_ena4_esp001_ex	N477	recombination_suppression
1130	340	30	0	0.02	1.0	recombination	phlag_dto_eap01_ena4_rev0001_ex	N477	recombination_suppression
1384	86	30	0	0.02	1.0	recombination	phlag_mlt_eap01_ena4_esp005_ex	N477	recombination_suppression
1470	0	30	0	0.02	1.0	recombination	phlag_mlt_noprior_noprior_esp001_ex	N477	recombination_suppression
1470	0	30	0	0.02	1.0	recombination	phlag_dto_eap01_ena4_esp001	N477	recombination_suppression
814	656	17	13	0.02	1.0	recombination	phlag_dto_noprior_noprior_free_ex	N477	recombination_suppression
1166	304	30	0	0.02	1.0	recombination	phlag_dto_eap01_ena4_esp005_ex	N477	recombination_suppression
1268	202	30	0	0.02	1.0	recombination	phlag_dto_eap005_ena2_esp001_ex	N477	recombination_suppression
1263	207	30	0	0.02	1.0	recombination	phlag_dto_eap01_ena4_rev001_ex	N477	recombination_suppression
1131	339	30	0	0.02	1.0	recombination	phlag_dto_eap01_ena4_esp001_ex	N477	recombination_suppression
1425	0	17	58	0.05	1.0	recombination	phlag_mlt_eap01_ena4_esp010_ex	N564	recombination_suppression
1416	9	75	0	0.05	1.0	recombination	phlag_dto_eap01_ena4_free_ex	N564	recombination_suppression
1425	0	17	58	0.05	1.0	recombination	phlag_mlt_eap01_ena4_free_ex	N564	recombination_suppression
1425	0	17	58	0.05	1.0	recombination	phlag_mlt_eap01_ena4_esp001_ex	N564	recombination_suppression
1386	39	75	0	0.05	1.0	recombination	phlag_dto_eap01_ena4_rev0001_ex	N564	recombination_suppression
1425	0	17	58	0.05	1.0	recombination	phlag_mlt_eap01_ena4_esp005_ex	N564	recombination_suppression
1425	0	75	0	0.05	1.0	recombination	phlag_mlt_noprior_noprior_esp001_ex	N564	recombination_suppression
1425	0	75	0	0.05	1.0	recombination	phlag_dto_eap01_ena4_esp001	N564	recombination_suppression
728	697	25	50	0.05	1.0	recombination	phlag_dto_noprior_noprior_free_ex	N564	recombination_suppression
1375	50	58	17	0.05	1.0	recombination	phlag_dto_eap01_ena4_esp005_ex	N564	recombination_suppression
1359	66	75	0	0.05	1.0	recombination	phlag_dto_eap005_ena2_esp001_ex	N564	recombination_suppression
1359	66	75	0	0.05	1.0	recombination	phlag_dto_eap01_ena4_rev001_ex	N564	recombination_suppression
1359	66	75	0	0.05	1.0	recombination	phlag_dto_eap01_ena4_esp001_ex	N564	recombination_suppression
1343	82	75	0	0.05	1.0	recombination	phlag_mlt_eap01_ena4_esp010_ex	N416	recombination_suppression
1080	345	75	0	0.05	1.0	recombination	phlag_dto_eap01_ena4_free_ex	N416	recombination_suppression
1394	31	75	0	0.05	1.0	recombination	phlag_mlt_eap01_ena4_free_ex	N416	recombination_suppression
1153	272	75	0	0.05	1.0	recombination	phlag_mlt_eap01_ena4_esp001_ex	N416	recombination_suppression
715	710	54	21	0.05	1.0	recombination	phlag_dto_eap01_ena4_rev0001_ex	N416	recombination_suppression
1343	82	75	0	0.05	1.0	recombination	phlag_mlt_eap01_ena4_esp005_ex	N416	recombination_suppression
1153	272	75	0	0.05	1.0	recombination	phlag_mlt_noprior_noprior_esp001_ex	N416	recombination_suppression
1343	82	75	0	0.05	1.0	recombination	phlag_dto_eap01_ena4_esp001	N416	recombination_suppression
1132	293	60	15	0.05	1.0	recombination	phlag_dto_noprior_noprior_free_ex	N416	recombination_suppression
734	691	75	0	0.05	1.0	recombination	phlag_dto_eap01_ena4_esp005_ex	N416	recombination_suppression
1216	209	75	0	0.05	1.0	recombination	phlag_dto_eap005_ena2_esp001_ex	N416	recombination_suppression
1079	346	75	0	0.05	1.0	recombination	phlag_dto_eap01_ena4_rev001_ex	N416	recombination_suppression
1007	418	75	0	0.05	1.0	recombination	phlag_dto_eap01_ena4_esp001_ex	N416	recombination_suppression
1000	200	300	0	0.2	1.0	recombination	phlag_mlt_eap01_ena4_esp010_ex	N477	recombination_suppression
904	296	255	45	0.2	1.0	recombination	phlag_dto_eap01_ena4_free_ex	N477	recombination_suppression
1179	21	300	0	0.2	1.0	recombination	phlag_mlt_eap01_ena4_free_ex	N477	recombination_suppression
1142	58	300	0	0.2	1.0	recombination	phlag_mlt_eap01_ena4_esp001_ex	N477	recombination_suppression
667	533	90	210	0.2	1.0	recombination	phlag_dto_eap01_ena4_rev0001_ex	N477	recombination_suppression
1175	25	300	0	0.2	1.0	recombination	phlag_mlt_eap01_ena4_esp005_ex	N477	recombination_suppression
1175	25	300	0	0.2	1.0	recombination	phlag_mlt_noprior_noprior_esp001_ex	N477	recombination_suppression
1200	0	300	0	0.2	1.0	recombination	phlag_dto_eap01_ena4_esp001	N477	recombination_suppression
671	529	169	131	0.2	1.0	recombination	phlag_dto_noprior_noprior_free_ex	N477	recombination_suppression
760	440	0	300	0.2	1.0	recombination	phlag_dto_eap01_ena4_esp005_ex	N477	recombination_suppression
990	210	145	155	0.2	1.0	recombination	phlag_dto_eap005_ena2_esp001_ex	N477	recombination_suppression
1052	148	300	0	0.2	1.0	recombination	phlag_dto_eap01_ena4_rev001_ex	N477	recombination_suppression
780	420	90	210	0.2	1.0	recombination	phlag_dto_eap01_ena4_esp001_ex	N477	recombination_suppression
1224	51	225	0	0.15	1.0	recombination	phlag_mlt_eap01_ena4_esp010_ex	N477	recombination_suppression
939	336	188	37	0.15	1.0	recombination	phlag_dto_eap01_ena4_free_ex	N477	recombination_suppression
1254	21	225	0	0.15	1.0	recombination	phlag_mlt_eap01_ena4_free_ex	N477	recombination_suppression
1229	46	213	12	0.15	1.0	recombination	phlag_mlt_eap01_ena4_esp001_ex	N477	recombination_suppression
842	433	138	87	0.15	1.0	recombination	phlag_dto_eap01_ena4_rev0001_ex	N477	recombination_suppression
1229	46	213	12	0.15	1.0	recombination	phlag_mlt_eap01_ena4_esp005_ex	N477	recombination_suppression
1235	40	213	12	0.15	1.0	recombination	phlag_mlt_noprior_noprior_esp001_ex	N477	recombination_suppression
1275	0	225	0	0.15	1.0	recombination	phlag_dto_eap01_ena4_esp001	N477	recombination_suppression
705	570	131	94	0.15	1.0	recombination	phlag_dto_noprior_noprior_free_ex	N477	recombination_suppression
837	438	109	116	0.15	1.0	recombination	phlag_dto_eap01_ena4_esp005_ex	N477	recombination_suppression
992	283	188	37	0.15	1.0	recombination	phlag_dto_eap005_ena2_esp001_ex	N477	recombination_suppression
1066	209	225	0	0.15	1.0	recombination	phlag_dto_eap01_ena4_rev001_ex	N477	recombination_suppression
937	338	188	37	0.15	1.0	recombination	phlag_dto_eap01_ena4_esp001_ex	N477	recombination_suppression
1425	0	2	73	0.05	1.0	recombination	phlag_mlt_eap01_ena4_esp010_ex	N125	recombination_suppression
1425	0	1	74	0.05	1.0	recombination	phlag_dto_eap01_ena4_free_ex	N125	recombination_suppression
1425	0	2	73	0.05	1.0	recombination	phlag_mlt_eap01_ena4_free_ex	N125	recombination_suppression
1425	0	2	73	0.05	1.0	recombination	phlag_mlt_eap01_ena4_esp001_ex	N125	recombination_suppression
1425	0	1	74	0.05	1.0	recombination	phlag_dto_eap01_ena4_rev0001_ex	N125	recombination_suppression
1425	0	2	73	0.05	1.0	recombination	phlag_mlt_eap01_ena4_esp005_ex	N125	recombination_suppression
1425	0	2	73	0.05	1.0	recombination	phlag_mlt_noprior_noprior_esp001_ex	N125	recombination_suppression
1425	0	75	0	0.05	1.0	recombination	phlag_dto_eap01_ena4_esp001	N125	recombination_suppression
716	709	37	38	0.05	1.0	recombination	phlag_dto_noprior_noprior_free_ex	N125	recombination_suppression
1425	0	1	74	0.05	1.0	recombination	phlag_dto_eap01_ena4_esp005_ex	N125	recombination_suppression
1425	0	1	74	0.05	1.0	recombination	phlag_dto_eap005_ena2_esp001_ex	N125	recombination_suppression
1425	0	1	74	0.05	1.0	recombination	phlag_dto_eap01_ena4_rev001_ex	N125	recombination_suppression
1425	0	1	74	0.05	1.0	recombination	phlag_dto_eap01_ena4_esp001_ex	N125	recombination_suppression
1364	106	26	4	0.02	1.0	recombination	phlag_mlt_eap01_ena4_esp010_ex	N202	recombination_suppression
929	541	30	0	0.02	1.0	recombination	phlag_dto_eap01_ena4_free_ex	N202	recombination_suppression
1461	9	30	0	0.02	1.0	recombination	phlag_mlt_eap01_ena4_free_ex	N202	recombination_suppression
1156	314	23	7	0.02	1.0	recombination	phlag_mlt_eap01_ena4_esp001_ex	N202	recombination_suppression
882	588	29	1	0.02	1.0	recombination	phlag_dto_eap01_ena4_rev0001_ex	N202	recombination_suppression
1195	275	24	6	0.02	1.0	recombination	phlag_mlt_eap01_ena4_esp005_ex	N202	recombination_suppression
1156	314	23	7	0.02	1.0	recombination	phlag_mlt_noprior_noprior_esp001_ex	N202	recombination_suppression
1470	0	30	0	0.02	1.0	recombination	phlag_dto_eap01_ena4_esp001	N202	recombination_suppression
850	620	13	17	0.02	1.0	recombination	phlag_dto_noprior_noprior_free_ex	N202	recombination_suppression
1193	277	9	21	0.02	1.0	recombination	phlag_dto_eap01_ena4_esp005_ex	N202	recombination_suppression
1327	143	30	0	0.02	1.0	recombination	phlag_dto_eap005_ena2_esp001_ex	N202	recombination_suppression
1470	0	30	0	0.02	1.0	recombination	phlag_dto_eap01_ena4_rev001_ex	N202	recombination_suppression
1230	240	30	0	0.02	1.0	recombination	phlag_dto_eap01_ena4_esp001_ex	N202	recombination_suppression
1200	0	0	300	0.2	1.0	recombination	phlag_mlt_eap01_ena4_esp010_ex	N576	recombination_suppression
1200	0	0	300	0.2	1.0	recombination	phlag_dto_eap01_ena4_free_ex	N576	recombination_suppression
1200	0	0	300	0.2	1.0	recombination	phlag_mlt_eap01_ena4_free_ex	N576	recombination_suppression
1200	0	0	300	0.2	1.0	recombination	phlag_mlt_eap01_ena4_esp001_ex	N576	recombination_suppression
1200	0	0	300	0.2	1.0	recombination	phlag_dto_eap01_ena4_rev0001_ex	N576	recombination_suppression
1200	0	0	300	0.2	1.0	recombination	phlag_mlt_eap01_ena4_esp005_ex	N576	recombination_suppression
1200	0	0	300	0.2	1.0	recombination	phlag_mlt_noprior_noprior_esp001_ex	N576	recombination_suppression
1197	3	0	300	0.2	1.0	recombination	phlag_dto_eap01_ena4_esp001	N576	recombination_suppression
1200	0	0	300	0.2	1.0	recombination	phlag_dto_noprior_noprior_free_ex	N576	recombination_suppression
1200	0	0	300	0.2	1.0	recombination	phlag_dto_eap01_ena4_esp005_ex	N576	recombination_suppression
1200	0	0	300	0.2	1.0	recombination	phlag_dto_eap005_ena2_esp001_ex	N576	recombination_suppression
1200	0	0	300	0.2	1.0	recombination	phlag_dto_eap01_ena4_rev001_ex	N576	recombination_suppression
1200	0	0	300	0.2	1.0	recombination	phlag_dto_eap01_ena4_esp001_ex	N576	recombination_suppression
1125	0	375	0	0.25	1.0	recombination	phlag_mlt_eap01_ena4_esp010_ex	N202	recombination_suppression
627	498	323	52	0.25	1.0	recombination	phlag_dto_eap01_ena4_free_ex	N202	recombination_suppression
1125	0	375	0	0.25	1.0	recombination	phlag_mlt_eap01_ena4_free_ex	N202	recombination_suppression
882	243	299	76	0.25	1.0	recombination	phlag_mlt_eap01_ena4_esp001_ex	N202	recombination_suppression
776	349	323	52	0.25	1.0	recombination	phlag_dto_eap01_ena4_rev0001_ex	N202	recombination_suppression
1006	119	337	38	0.25	1.0	recombination	phlag_mlt_eap01_ena4_esp005_ex	N202	recombination_suppression
882	243	299	76	0.25	1.0	recombination	phlag_mlt_noprior_noprior_esp001_ex	N202	recombination_suppression
1125	0	375	0	0.25	1.0	recombination	phlag_dto_eap01_ena4_esp001	N202	recombination_suppression
648	477	220	155	0.25	1.0	recombination	phlag_dto_noprior_noprior_free_ex	N202	recombination_suppression
814	311	280	95	0.25	1.0	recombination	phlag_dto_eap01_ena4_esp005_ex	N202	recombination_suppression
766	359	266	109	0.25	1.0	recombination	phlag_dto_eap005_ena2_esp001_ex	N202	recombination_suppression
1125	0	375	0	0.25	1.0	recombination	phlag_dto_eap01_ena4_rev001_ex	N202	recombination_suppression
776	349	323	52	0.25	1.0	recombination	phlag_dto_eap01_ena4_esp001_ex	N202	recombination_suppression
1200	270	30	0	0.02	1.0	recombination	phlag_mlt_eap01_ena4_esp010_ex	N416	recombination_suppression
1125	345	30	0	0.02	1.0	recombination	phlag_dto_eap01_ena4_free_ex	N416	recombination_suppression
1439	31	30	0	0.02	1.0	recombination	phlag_mlt_eap01_ena4_free_ex	N416	recombination_suppression
1198	272	30	0	0.02	1.0	recombination	phlag_mlt_eap01_ena4_esp001_ex	N416	recombination_suppression
1040	430	30	0	0.02	1.0	recombination	phlag_dto_eap01_ena4_rev0001_ex	N416	recombination_suppression
1198	272	30	0	0.02	1.0	recombination	phlag_mlt_eap01_ena4_esp005_ex	N416	recombination_suppression
1319	151	30	0	0.02	1.0	recombination	phlag_mlt_noprior_noprior_esp001_ex	N416	recombination_suppression
1388	82	30	0	0.02	1.0	recombination	phlag_dto_eap01_ena4_esp001	N416	recombination_suppression
1134	336	23	7	0.02	1.0	recombination	phlag_dto_noprior_noprior_free_ex	N416	recombination_suppression
1049	421	6	24	0.02	1.0	recombination	phlag_dto_eap01_ena4_esp005_ex	N416	recombination_suppression
1235	235	30	0	0.02	1.0	recombination	phlag_dto_eap005_ena2_esp001_ex	N416	recombination_suppression
1048	422	6	24	0.02	1.0	recombination	phlag_dto_eap01_ena4_rev001_ex	N416	recombination_suppression
1045	425	30	0	0.02	1.0	recombination	phlag_dto_eap01_ena4_esp001_ex	N416	recombination_suppression
796	554	150	0	0.1	1.0	recombination	phlag_mlt_eap01_ena4_esp010_ex	N71	recombination_suppression
1350	0	150	0	0.1	1.0	recombination	phlag_dto_eap01_ena4_free_ex	N71	recombination_suppression
1350	0	150	0	0.1	1.0	recombination	phlag_mlt_eap01_ena4_free_ex	N71	recombination_suppression
1321	29	150	0	0.1	1.0	recombination	phlag_mlt_eap01_ena4_esp001_ex	N71	recombination_suppression
1350	0	150	0	0.1	1.0	recombination	phlag_dto_eap01_ena4_rev0001_ex	N71	recombination_suppression
1321	29	150	0	0.1	1.0	recombination	phlag_mlt_eap01_ena4_esp005_ex	N71	recombination_suppression
1321	29	150	0	0.1	1.0	recombination	phlag_mlt_noprior_noprior_esp001_ex	N71	recombination_suppression
1350	0	150	0	0.1	1.0	recombination	phlag_dto_eap01_ena4_esp001	N71	recombination_suppression
680	670	75	75	0.1	1.0	recombination	phlag_dto_noprior_noprior_free_ex	N71	recombination_suppression
1321	29	150	0	0.1	1.0	recombination	phlag_dto_eap01_ena4_esp005_ex	N71	recombination_suppression
1350	0	150	0	0.1	1.0	recombination	phlag_dto_eap005_ena2_esp001_ex	N71	recombination_suppression
1350	0	150	0	0.1	1.0	recombination	phlag_dto_eap01_ena4_rev001_ex	N71	recombination_suppression
1350	0	150	0	0.1	1.0	recombination	phlag_dto_eap01_ena4_esp001_ex	N71	recombination_suppression
1316	109	0	75	0.05	1.0	recombination	phlag_mlt_eap01_ena4_esp010_ex	N228	recombination_suppression
1250	175	75	0	0.05	1.0	recombination	phlag_dto_eap01_ena4_free_ex	N228	recombination_suppression
1421	4	0	75	0.05	1.0	recombination	phlag_mlt_eap01_ena4_free_ex	N228	recombination_suppression
1202	223	75	0	0.05	1.0	recombination	phlag_mlt_eap01_ena4_esp001_ex	N228	recombination_suppression
1202	223	75	0	0.05	1.0	recombination	phlag_dto_eap01_ena4_rev0001_ex	N228	recombination_suppression
1421	4	0	75	0.05	1.0	recombination	phlag_mlt_eap01_ena4_esp005_ex	N228	recombination_suppression
1421	4	0	75	0.05	1.0	recombination	phlag_mlt_noprior_noprior_esp001_ex	N228	recombination_suppression
1425	0	75	0	0.05	1.0	recombination	phlag_dto_eap01_ena4_esp001	N228	recombination_suppression
911	514	69	6	0.05	1.0	recombination	phlag_dto_noprior_noprior_free_ex	N228	recombination_suppression
1287	138	0	75	0.05	1.0	recombination	phlag_dto_eap01_ena4_esp005_ex	N228	recombination_suppression
1425	0	75	0	0.05	1.0	recombination	phlag_dto_eap005_ena2_esp001_ex	N228	recombination_suppression
1250	175	75	0	0.05	1.0	recombination	phlag_dto_eap01_ena4_rev001_ex	N228	recombination_suppression
1202	223	75	0	0.05	1.0	recombination	phlag_dto_eap01_ena4_esp001_ex	N228	recombination_suppression
1454	16	0	30	0.02	1.0	recombination	phlag_mlt_eap01_ena4_esp010_ex	N555	recombination_suppression
1441	29	0	30	0.02	1.0	recombination	phlag_dto_eap01_ena4_free_ex	N555	recombination_suppression
1462	8	30	0	0.02	1.0	recombination	phlag_mlt_eap01_ena4_free_ex	N555	recombination_suppression
1454	16	0	30	0.02	1.0	recombination	phlag_mlt_eap01_ena4_esp001_ex	N555	recombination_suppression
1441	29	0	30	0.02	1.0	recombination	phlag_dto_eap01_ena4_rev0001_ex	N555	recombination_suppression
1454	16	0	30	0.02	1.0	recombination	phlag_mlt_eap01_ena4_esp005_ex	N555	recombination_suppression
1454	16	0	30	0.02	1.0	recombination	phlag_mlt_noprior_noprior_esp001_ex	N555	recombination_suppression
1202	268	30	0	0.02	1.0	recombination	phlag_dto_eap01_ena4_esp001	N555	recombination_suppression
981	489	29	1	0.02	1.0	recombination	phlag_dto_noprior_noprior_free_ex	N555	recombination_suppression
1441	29	0	30	0.02	1.0	recombination	phlag_dto_eap01_ena4_esp005_ex	N555	recombination_suppression
1467	3	0	30	0.02	1.0	recombination	phlag_dto_eap005_ena2_esp001_ex	N555	recombination_suppression
1467	3	0	30	0.02	1.0	recombination	phlag_dto_eap01_ena4_rev001_ex	N555	recombination_suppression
1441	29	0	30	0.02	1.0	recombination	phlag_dto_eap01_ena4_esp001_ex	N555	recombination_suppression
1423	2	0	75	0.05	1.0	recombination	phlag_mlt_eap01_ena4_esp010_ex	N295	recombination_suppression
1423	2	0	75	0.05	1.0	recombination	phlag_dto_eap01_ena4_free_ex	N295	recombination_suppression
1423	2	0	75	0.05	1.0	recombination	phlag_mlt_eap01_ena4_free_ex	N295	recombination_suppression
1423	2	0	75	0.05	1.0	recombination	phlag_mlt_eap01_ena4_esp001_ex	N295	recombination_suppression
1423	2	0	75	0.05	1.0	recombination	phlag_dto_eap01_ena4_rev0001_ex	N295	recombination_suppression
1423	2	0	75	0.05	1.0	recombination	phlag_mlt_eap01_ena4_esp005_ex	N295	recombination_suppression
1423	2	0	75	0.05	1.0	recombination	phlag_mlt_noprior_noprior_esp001_ex	N295	recombination_suppression
1425	0	75	0	0.05	1.0	recombination	phlag_dto_eap01_ena4_esp001	N295	recombination_suppression
726	699	38	37	0.05	1.0	recombination	phlag_dto_noprior_noprior_free_ex	N295	recombination_suppression
1423	2	0	75	0.05	1.0	recombination	phlag_dto_eap01_ena4_esp005_ex	N295	recombination_suppression
1423	2	0	75	0.05	1.0	recombination	phlag_dto_eap005_ena2_esp001_ex	N295	recombination_suppression
1423	2	0	75	0.05	1.0	recombination	phlag_dto_eap01_ena4_rev001_ex	N295	recombination_suppression
1423	2	0	75	0.05	1.0	recombination	phlag_dto_eap01_ena4_esp001_ex	N295	recombination_suppression
1121	4	0	375	0.25	1.0	recombination	phlag_mlt_eap01_ena4_esp010_ex	N295	recombination_suppression
1121	4	0	375	0.25	1.0	recombination	phlag_dto_eap01_ena4_free_ex	N295	recombination_suppression
1121	4	0	375	0.25	1.0	recombination	phlag_mlt_eap01_ena4_free_ex	N295	recombination_suppression
1121	4	0	375	0.25	1.0	recombination	phlag_mlt_eap01_ena4_esp001_ex	N295	recombination_suppression
1121	4	0	375	0.25	1.0	recombination	phlag_dto_eap01_ena4_rev0001_ex	N295	recombination_suppression
1121	4	0	375	0.25	1.0	recombination	phlag_mlt_eap01_ena4_esp005_ex	N295	recombination_suppression
1121	4	0	375	0.25	1.0	recombination	phlag_mlt_noprior_noprior_esp001_ex	N295	recombination_suppression
1125	0	375	0	0.25	1.0	recombination	phlag_dto_eap01_ena4_esp001	N295	recombination_suppression
576	549	193	182	0.25	1.0	recombination	phlag_dto_noprior_noprior_free_ex	N295	recombination_suppression
1121	4	0	375	0.25	1.0	recombination	phlag_dto_eap01_ena4_esp005_ex	N295	recombination_suppression
1121	4	0	375	0.25	1.0	recombination	phlag_dto_eap005_ena2_esp001_ex	N295	recombination_suppression
1121	4	0	375	0.25	1.0	recombination	phlag_dto_eap01_ena4_rev001_ex	N295	recombination_suppression
1121	4	0	375	0.25	1.0	recombination	phlag_dto_eap01_ena4_esp001_ex	N295	recombination_suppression
1116	9	0	375	0.25	1.0	recombination	phlag_mlt_eap01_ena4_esp010_ex	N211	recombination_suppression
1116	9	0	375	0.25	1.0	recombination	phlag_dto_eap01_ena4_free_ex	N211	recombination_suppression
1125	0	375	0	0.25	1.0	recombination	phlag_mlt_eap01_ena4_free_ex	N211	recombination_suppression
1125	0	0	375	0.25	1.0	recombination	phlag_mlt_eap01_ena4_esp001_ex	N211	recombination_suppression
1116	9	0	375	0.25	1.0	recombination	phlag_dto_eap01_ena4_rev0001_ex	N211	recombination_suppression
1116	9	0	375	0.25	1.0	recombination	phlag_mlt_eap01_ena4_esp005_ex	N211	recombination_suppression
1125	0	0	375	0.25	1.0	recombination	phlag_mlt_noprior_noprior_esp001_ex	N211	recombination_suppression
1056	69	0	375	0.25	1.0	recombination	phlag_dto_eap01_ena4_esp001	N211	recombination_suppression
601	524	263	112	0.25	1.0	recombination	phlag_dto_noprior_noprior_free_ex	N211	recombination_suppression
1116	9	0	375	0.25	1.0	recombination	phlag_dto_eap01_ena4_esp005_ex	N211	recombination_suppression
1116	9	0	375	0.25	1.0	recombination	phlag_dto_eap005_ena2_esp001_ex	N211	recombination_suppression
1125	0	375	0	0.25	1.0	recombination	phlag_dto_eap01_ena4_rev001_ex	N211	recombination_suppression
1116	9	0	375	0.25	1.0	recombination	phlag_dto_eap01_ena4_esp001_ex	N211	recombination_suppression
1470	0	6	24	0.02	1.0	recombination	phlag_mlt_eap01_ena4_esp010_ex	N115	recombination_suppression
1470	0	30	0	0.02	1.0	recombination	phlag_dto_eap01_ena4_free_ex	N115	recombination_suppression
1470	0	30	0	0.02	1.0	recombination	phlag_mlt_eap01_ena4_free_ex	N115	recombination_suppression
1470	0	6	24	0.02	1.0	recombination	phlag_mlt_eap01_ena4_esp001_ex	N115	recombination_suppression
1470	0	1	29	0.02	1.0	recombination	phlag_dto_eap01_ena4_rev0001_ex	N115	recombination_suppression
1470	0	28	2	0.02	1.0	recombination	phlag_mlt_eap01_ena4_esp005_ex	N115	recombination_suppression
1470	0	6	24	0.02	1.0	recombination	phlag_mlt_noprior_noprior_esp001_ex	N115	recombination_suppression
1470	0	30	0	0.02	1.0	recombination	phlag_dto_eap01_ena4_esp001	N115	recombination_suppression
743	727	15	15	0.02	1.0	recombination	phlag_dto_noprior_noprior_free_ex	N115	recombination_suppression
1470	0	1	29	0.02	1.0	recombination	phlag_dto_eap01_ena4_esp005_ex	N115	recombination_suppression
1470	0	1	29	0.02	1.0	recombination	phlag_dto_eap005_ena2_esp001_ex	N115	recombination_suppression
1470	0	1	29	0.02	1.0	recombination	phlag_dto_eap01_ena4_rev001_ex	N115	recombination_suppression
1470	0	1	29	0.02	1.0	recombination	phlag_dto_eap01_ena4_esp001_ex	N115	recombination_suppression
1121	4	4	371	0.25	1.0	recombination	phlag_mlt_eap01_ena4_esp010_ex	N428	recombination_suppression
1118	7	375	0	0.25	1.0	recombination	phlag_dto_eap01_ena4_free_ex	N428	recombination_suppression
1121	4	4	371	0.25	1.0	recombination	phlag_mlt_eap01_ena4_free_ex	N428	recombination_suppression
1121	4	4	371	0.25	1.0	recombination	phlag_mlt_eap01_ena4_esp001_ex	N428	recombination_suppression
1121	4	4	371	0.25	1.0	recombination	phlag_dto_eap01_ena4_rev0001_ex	N428	recombination_suppression
1121	4	4	371	0.25	1.0	recombination	phlag_mlt_eap01_ena4_esp005_ex	N428	recombination_suppression
1121	4	4	371	0.25	1.0	recombination	phlag_mlt_noprior_noprior_esp001_ex	N428	recombination_suppression
892	233	264	111	0.25	1.0	recombination	phlag_dto_eap01_ena4_esp001	N428	recombination_suppression
928	197	325	50	0.25	1.0	recombination	phlag_dto_noprior_noprior_free_ex	N428	recombination_suppression
1121	4	4	371	0.25	1.0	recombination	phlag_dto_eap01_ena4_esp005_ex	N428	recombination_suppression
1121	4	4	371	0.25	1.0	recombination	phlag_dto_eap005_ena2_esp001_ex	N428	recombination_suppression
1121	4	4	371	0.25	1.0	recombination	phlag_dto_eap01_ena4_rev001_ex	N428	recombination_suppression
1121	4	4	371	0.25	1.0	recombination	phlag_dto_eap01_ena4_esp001_ex	N428	recombination_suppression
1272	153	75	0	0.05	1.0	recombination	phlag_mlt_eap01_ena4_esp010_ex	N499	recombination_suppression
1413	12	17	58	0.05	1.0	recombination	phlag_dto_eap01_ena4_free_ex	N499	recombination_suppression
1382	43	75	0	0.05	1.0	recombination	phlag_mlt_eap01_ena4_free_ex	N499	recombination_suppression
1425	0	5	70	0.05	1.0	recombination	phlag_mlt_eap01_ena4_esp001_ex	N499	recombination_suppression
1425	0	8	67	0.05	1.0	recombination	phlag_dto_eap01_ena4_rev0001_ex	N499	recombination_suppression
1272	153	75	0	0.05	1.0	recombination	phlag_mlt_eap01_ena4_esp005_ex	N499	recombination_suppression
1272	153	75	0	0.05	1.0	recombination	phlag_mlt_noprior_noprior_esp001_ex	N499	recombination_suppression
1425	0	75	0	0.05	1.0	recombination	phlag_dto_eap01_ena4_esp001	N499	recombination_suppression
892	533	18	57	0.05	1.0	recombination	phlag_dto_noprior_noprior_free_ex	N499	recombination_suppression
1425	0	10	65	0.05	1.0	recombination	phlag_dto_eap01_ena4_esp005_ex	N499	recombination_suppression
1289	136	75	0	0.05	1.0	recombination	phlag_dto_eap005_ena2_esp001_ex	N499	recombination_suppression
1308	117	6	69	0.05	1.0	recombination	phlag_dto_eap01_ena4_rev001_ex	N499	recombination_suppression
1425	0	8	67	0.05	1.0	recombination	phlag_dto_eap01_ena4_esp001_ex	N499	recombination_suppression
1117	8	4	371	0.25	1.0	recombination	phlag_mlt_eap01_ena4_esp010_ex	N396	recombination_suppression
1117	8	4	371	0.25	1.0	recombination	phlag_dto_eap01_ena4_free_ex	N396	recombination_suppression
1110	15	375	0	0.25	1.0	recombination	phlag_mlt_eap01_ena4_free_ex	N396	recombination_suppression
1117	8	4	371	0.25	1.0	recombination	phlag_mlt_eap01_ena4_esp001_ex	N396	recombination_suppression
1117	8	4	371	0.25	1.0	recombination	phlag_dto_eap01_ena4_rev0001_ex	N396	recombination_suppression
1117	8	4	371	0.25	1.0	recombination	phlag_mlt_eap01_ena4_esp005_ex	N396	recombination_suppression
1117	8	4	371	0.25	1.0	recombination	phlag_mlt_noprior_noprior_esp001_ex	N396	recombination_suppression
1115	10	8	367	0.25	1.0	recombination	phlag_dto_eap01_ena4_esp001	N396	recombination_suppression
863	262	86	289	0.25	1.0	recombination	phlag_dto_noprior_noprior_free_ex	N396	recombination_suppression
1108	17	4	371	0.25	1.0	recombination	phlag_dto_eap01_ena4_esp005_ex	N396	recombination_suppression
1117	8	4	371	0.25	1.0	recombination	phlag_dto_eap005_ena2_esp001_ex	N396	recombination_suppression
1117	8	4	371	0.25	1.0	recombination	phlag_dto_eap01_ena4_rev001_ex	N396	recombination_suppression
1117	8	4	371	0.25	1.0	recombination	phlag_dto_eap01_ena4_esp001_ex	N396	recombination_suppression
1293	57	150	0	0.1	1.0	recombination	phlag_mlt_eap01_ena4_esp010_ex	N533	recombination_suppression
1260	90	150	0	0.1	1.0	recombination	phlag_dto_eap01_ena4_free_ex	N533	recombination_suppression
1160	190	150	0	0.1	1.0	recombination	phlag_mlt_eap01_ena4_free_ex	N533	recombination_suppression
1089	261	150	0	0.1	1.0	recombination	phlag_mlt_eap01_ena4_esp001_ex	N533	recombination_suppression
705	645	60	90	0.1	1.0	recombination	phlag_dto_eap01_ena4_rev0001_ex	N533	recombination_suppression
1260	90	150	0	0.1	1.0	recombination	phlag_mlt_eap01_ena4_esp005_ex	N533	recombination_suppression
1089	261	150	0	0.1	1.0	recombination	phlag_mlt_noprior_noprior_esp001_ex	N533	recombination_suppression
1297	53	150	0	0.1	1.0	recombination	phlag_dto_eap01_ena4_esp001	N533	recombination_suppression
771	579	76	74	0.1	1.0	recombination	phlag_dto_noprior_noprior_free_ex	N533	recombination_suppression
940	410	150	0	0.1	1.0	recombination	phlag_dto_eap01_ena4_esp005_ex	N533	recombination_suppression
937	413	150	0	0.1	1.0	recombination	phlag_dto_eap005_ena2_esp001_ex	N533	recombination_suppression
1144	206	150	0	0.1	1.0	recombination	phlag_dto_eap01_ena4_rev001_ex	N533	recombination_suppression
968	382	54	96	0.1	1.0	recombination	phlag_dto_eap01_ena4_esp001_ex	N533	recombination_suppression
1024	446	0	30	0.02	1.0	recombination	phlag_mlt_eap01_ena4_esp010_ex	N211	recombination_suppression
1470	0	0	30	0.02	1.0	recombination	phlag_dto_eap01_ena4_free_ex	N211	recombination_suppression
1470	0	30	0	0.02	1.0	recombination	phlag_mlt_eap01_ena4_free_ex	N211	recombination_suppression
1470	0	0	30	0.02	1.0	recombination	phlag_mlt_eap01_ena4_esp001_ex	N211	recombination_suppression
1470	0	30	0	0.02	1.0	recombination	phlag_dto_eap01_ena4_rev0001_ex	N211	recombination_suppression
1470	0	0	30	0.02	1.0	recombination	phlag_mlt_eap01_ena4_esp005_ex	N211	recombination_suppression
1470	0	0	30	0.02	1.0	recombination	phlag_mlt_noprior_noprior_esp001_ex	N211	recombination_suppression
1470	0	30	0	0.02	1.0	recombination	phlag_dto_eap01_ena4_esp001	N211	recombination_suppression
791	679	21	9	0.02	1.0	recombination	phlag_dto_noprior_noprior_free_ex	N211	recombination_suppression
1470	0	0	30	0.02	1.0	recombination	phlag_dto_eap01_ena4_esp005_ex	N211	recombination_suppression
1468	2	0	30	0.02	1.0	recombination	phlag_dto_eap005_ena2_esp001_ex	N211	recombination_suppression
1468	2	0	30	0.02	1.0	recombination	phlag_dto_eap01_ena4_rev001_ex	N211	recombination_suppression
1470	0	30	0	0.02	1.0	recombination	phlag_dto_eap01_ena4_esp001_ex	N211	recombination_suppression
1418	7	3	72	0.05	1.0	recombination	phlag_mlt_eap01_ena4_esp010_ex	N677	recombination_suppression
1413	12	0	75	0.05	1.0	recombination	phlag_dto_eap01_ena4_free_ex	N677	recombination_suppression
1413	12	0	75	0.05	1.0	recombination	phlag_mlt_eap01_ena4_free_ex	N677	recombination_suppression
1413	12	0	75	0.05	1.0	recombination	phlag_mlt_eap01_ena4_esp001_ex	N677	recombination_suppression
1425	0	75	0	0.05	1.0	recombination	phlag_dto_eap01_ena4_rev0001_ex	N677	recombination_suppression
1413	12	0	75	0.05	1.0	recombination	phlag_mlt_eap01_ena4_esp005_ex	N677	recombination_suppression
1418	7	3	72	0.05	1.0	recombination	phlag_mlt_noprior_noprior_esp001_ex	N677	recombination_suppression
1425	0	75	0	0.05	1.0	recombination	phlag_dto_eap01_ena4_esp001	N677	recombination_suppression
719	706	37	38	0.05	1.0	recombination	phlag_dto_noprior_noprior_free_ex	N677	recombination_suppression
1413	12	0	75	0.05	1.0	recombination	phlag_dto_eap01_ena4_esp005_ex	N677	recombination_suppression
1234	191	75	0	0.05	1.0	recombination	phlag_dto_eap005_ena2_esp001_ex	N677	recombination_suppression
1405	20	3	72	0.05	1.0	recombination	phlag_dto_eap01_ena4_rev001_ex	N677	recombination_suppression
1418	7	3	72	0.05	1.0	recombination	phlag_dto_eap01_ena4_esp001_ex	N677	recombination_suppression
1076	394	30	0	0.02	1.0	recombination	phlag_mlt_eap01_ena4_esp010_ex	N678	recombination_suppression
1458	12	30	0	0.02	1.0	recombination	phlag_dto_eap01_ena4_free_ex	N678	recombination_suppression
1440	30	30	0	0.02	1.0	recombination	phlag_mlt_eap01_ena4_free_ex	N678	recombination_suppression
1103	367	30	0	0.02	1.0	recombination	phlag_mlt_eap01_ena4_esp001_ex	N678	recombination_suppression
1465	5	3	27	0.02	1.0	recombination	phlag_dto_eap01_ena4_rev0001_ex	N678	recombination_suppression
1143	327	30	0	0.02	1.0	recombination	phlag_mlt_eap01_ena4_esp005_ex	N678	recombination_suppression
1103	367	30	0	0.02	1.0	recombination	phlag_mlt_noprior_noprior_esp001_ex	N678	recombination_suppression
1470	0	30	0	0.02	1.0	recombination	phlag_dto_eap01_ena4_esp001	N678	recombination_suppression
1365	105	26	4	0.02	1.0	recombination	phlag_dto_noprior_noprior_free_ex	N678	recombination_suppression
1465	5	3	27	0.02	1.0	recombination	phlag_dto_eap01_ena4_esp005_ex	N678	recombination_suppression
1465	5	3	27	0.02	1.0	recombination	phlag_dto_eap005_ena2_esp001_ex	N678	recombination_suppression
1462	8	3	27	0.02	1.0	recombination	phlag_dto_eap01_ena4_rev001_ex	N678	recombination_suppression
1465	5	3	27	0.02	1.0	recombination	phlag_dto_eap01_ena4_esp001_ex	N678	recombination_suppression
1350	0	3	147	0.1	1.0	recombination	phlag_mlt_eap01_ena4_esp010_ex	N115	recombination_suppression
1350	0	150	0	0.1	1.0	recombination	phlag_dto_eap01_ena4_free_ex	N115	recombination_suppression
1350	0	150	0	0.1	1.0	recombination	phlag_mlt_eap01_ena4_free_ex	N115	recombination_suppression
1350	0	3	147	0.1	1.0	recombination	phlag_mlt_eap01_ena4_esp001_ex	N115	recombination_suppression
1350	0	0	150	0.1	1.0	recombination	phlag_dto_eap01_ena4_rev0001_ex	N115	recombination_suppression
1350	0	3	147	0.1	1.0	recombination	phlag_mlt_eap01_ena4_esp005_ex	N115	recombination_suppression
1350	0	3	147	0.1	1.0	recombination	phlag_mlt_noprior_noprior_esp001_ex	N115	recombination_suppression
1350	0	150	0	0.1	1.0	recombination	phlag_dto_eap01_ena4_esp001	N115	recombination_suppression
681	669	76	74	0.1	1.0	recombination	phlag_dto_noprior_noprior_free_ex	N115	recombination_suppression
1350	0	0	150	0.1	1.0	recombination	phlag_dto_eap01_ena4_esp005_ex	N115	recombination_suppression
1350	0	0	150	0.1	1.0	recombination	phlag_dto_eap005_ena2_esp001_ex	N115	recombination_suppression
1350	0	0	150	0.1	1.0	recombination	phlag_dto_eap01_ena4_rev001_ex	N115	recombination_suppression
1350	0	0	150	0.1	1.0	recombination	phlag_dto_eap01_ena4_esp001_ex	N115	recombination_suppression
1118	232	150	0	0.1	1.0	recombination	phlag_mlt_eap01_ena4_esp010_ex	N349	recombination_suppression
692	658	150	0	0.1	1.0	recombination	phlag_dto_eap01_ena4_free_ex	N349	recombination_suppression
1350	0	150	0	0.1	1.0	recombination	phlag_mlt_eap01_ena4_free_ex	N349	recombination_suppression
692	658	150	0	0.1	1.0	recombination	phlag_mlt_eap01_ena4_esp001_ex	N349	recombination_suppression
692	658	150	0	0.1	1.0	recombination	phlag_dto_eap01_ena4_rev0001_ex	N349	recombination_suppression
692	658	150	0	0.1	1.0	recombination	phlag_mlt_eap01_ena4_esp005_ex	N349	recombination_suppression
692	658	150	0	0.1	1.0	recombination	phlag_mlt_noprior_noprior_esp001_ex	N349	recombination_suppression
1326	24	150	0	0.1	1.0	recombination	phlag_dto_eap01_ena4_esp001	N349	recombination_suppression
825	525	98	52	0.1	1.0	recombination	phlag_dto_noprior_noprior_free_ex	N349	recombination_suppression
848	502	146	4	0.1	1.0	recombination	phlag_dto_eap01_ena4_esp005_ex	N349	recombination_suppression
1270	80	150	0	0.1	1.0	recombination	phlag_dto_eap005_ena2_esp001_ex	N349	recombination_suppression
1350	0	150	0	0.1	1.0	recombination	phlag_dto_eap01_ena4_rev001_ex	N349	recombination_suppression
692	658	150	0	0.1	1.0	recombination	phlag_dto_eap01_ena4_esp001_ex	N349	recombination_suppression
1470	0	30	0	0.02	1.0	recombination	phlag_dto_eap01_ena4_esp001	N722	recombination_suppression
1002	423	75	0	0.05	1.0	recombination	phlag_mlt_eap01_ena4_esp010_ex	N543	recombination_suppression
1420	5	0	75	0.05	1.0	recombination	phlag_dto_eap01_ena4_free_ex	N543	recombination_suppression
1420	5	0	75	0.05	1.0	recombination	phlag_mlt_eap01_ena4_free_ex	N543	recombination_suppression
1425	0	75	0	0.05	1.0	recombination	phlag_mlt_eap01_ena4_esp001_ex	N543	recombination_suppression
1420	5	0	75	0.05	1.0	recombination	phlag_dto_eap01_ena4_rev0001_ex	N543	recombination_suppression
1420	5	0	75	0.05	1.0	recombination	phlag_mlt_eap01_ena4_esp005_ex	N543	recombination_suppression
1425	0	75	0	0.05	1.0	recombination	phlag_mlt_noprior_noprior_esp001_ex	N543	recombination_suppression
1425	0	75	0	0.05	1.0	recombination	phlag_dto_eap01_ena4_esp001	N543	recombination_suppression
717	708	37	38	0.05	1.0	recombination	phlag_dto_noprior_noprior_free_ex	N543	recombination_suppression
938	487	0	75	0.05	1.0	recombination	phlag_dto_eap01_ena4_esp005_ex	N543	recombination_suppression
1420	5	0	75	0.05	1.0	recombination	phlag_dto_eap005_ena2_esp001_ex	N543	recombination_suppression
1425	0	75	0	0.05	1.0	recombination	phlag_dto_eap01_ena4_rev001_ex	N543	recombination_suppression
1393	32	0	75	0.05	1.0	recombination	phlag_dto_eap01_ena4_esp001_ex	N543	recombination_suppression
1345	5	4	146	0.1	1.0	recombination	phlag_mlt_eap01_ena4_esp010_ex	N428	recombination_suppression
1338	12	150	0	0.1	1.0	recombination	phlag_dto_eap01_ena4_free_ex	N428	recombination_suppression
1345	5	4	146	0.1	1.0	recombination	phlag_mlt_eap01_ena4_free_ex	N428	recombination_suppression
1345	5	4	146	0.1	1.0	recombination	phlag_mlt_eap01_ena4_esp001_ex	N428	recombination_suppression
1345	5	4	146	0.1	1.0	recombination	phlag_dto_eap01_ena4_rev0001_ex	N428	recombination_suppression
1345	5	4	146	0.1	1.0	recombination	phlag_mlt_eap01_ena4_esp005_ex	N428	recombination_suppression
1345	5	4	146	0.1	1.0	recombination	phlag_mlt_noprior_noprior_esp001_ex	N428	recombination_suppression
1059	291	150	0	0.1	1.0	recombination	phlag_dto_eap01_ena4_esp001	N428	recombination_suppression
1122	228	137	13	0.1	1.0	recombination	phlag_dto_noprior_noprior_free_ex	N428	recombination_suppression
1345	5	4	146	0.1	1.0	recombination	phlag_dto_eap01_ena4_esp005_ex	N428	recombination_suppression
1336	14	150	0	0.1	1.0	recombination	phlag_dto_eap005_ena2_esp001_ex	N428	recombination_suppression
1210	140	146	4	0.1	1.0	recombination	phlag_dto_eap01_ena4_rev001_ex	N428	recombination_suppression
1345	5	4	146	0.1	1.0	recombination	phlag_dto_eap01_ena4_esp001_ex	N428	recombination_suppression
1350	0	150	0	0.1	1.0	recombination	phlag_dto_eap01_ena4_esp001	N722	recombination_suppression
1275	0	225	0	0.15	1.0	recombination	phlag_mlt_eap01_ena4_esp010_ex	N550	recombination_suppression
1221	54	225	0	0.15	1.0	recombination	phlag_dto_eap01_ena4_free_ex	N550	recombination_suppression
1275	0	225	0	0.15	1.0	recombination	phlag_mlt_eap01_ena4_free_ex	N550	recombination_suppression
1275	0	225	0	0.15	1.0	recombination	phlag_mlt_eap01_ena4_esp001_ex	N550	recombination_suppression
1237	38	41	184	0.15	1.0	recombination	phlag_dto_eap01_ena4_rev0001_ex	N550	recombination_suppression
1215	60	1	224	0.15	1.0	recombination	phlag_mlt_eap01_ena4_esp005_ex	N550	recombination_suppression
1275	0	225	0	0.15	1.0	recombination	phlag_mlt_noprior_noprior_esp001_ex	N550	recombination_suppression
1207	68	225	0	0.15	1.0	recombination	phlag_dto_eap01_ena4_esp001	N550	recombination_suppression
660	615	119	106	0.15	1.0	recombination	phlag_dto_noprior_noprior_free_ex	N550	recombination_suppression
1210	65	225	0	0.15	1.0	recombination	phlag_dto_eap01_ena4_esp005_ex	N550	recombination_suppression
1208	67	225	0	0.15	1.0	recombination	phlag_dto_eap005_ena2_esp001_ex	N550	recombination_suppression
1219	56	225	0	0.15	1.0	recombination	phlag_dto_eap01_ena4_rev001_ex	N550	recombination_suppression
1210	65	225	0	0.15	1.0	recombination	phlag_dto_eap01_ena4_esp001_ex	N550	recombination_suppression
1125	0	104	271	0.25	1.0	recombination	phlag_mlt_eap01_ena4_esp010_ex	N564	recombination_suppression
1125	0	101	274	0.25	1.0	recombination	phlag_dto_eap01_ena4_free_ex	N564	recombination_suppression
1125	0	104	271	0.25	1.0	recombination	phlag_mlt_eap01_ena4_free_ex	N564	recombination_suppression
1125	0	104	271	0.25	1.0	recombination	phlag_mlt_eap01_ena4_esp001_ex	N564	recombination_suppression
1125	0	101	274	0.25	1.0	recombination	phlag_dto_eap01_ena4_rev0001_ex	N564	recombination_suppression
1125	0	104	271	0.25	1.0	recombination	phlag_mlt_eap01_ena4_esp005_ex	N564	recombination_suppression
1125	0	104	271	0.25	1.0	recombination	phlag_mlt_noprior_noprior_esp001_ex	N564	recombination_suppression
1125	0	93	282	0.25	1.0	recombination	phlag_dto_eap01_ena4_esp001	N564	recombination_suppression
560	565	231	144	0.25	1.0	recombination	phlag_dto_noprior_noprior_free_ex	N564	recombination_suppression
1125	0	101	274	0.25	1.0	recombination	phlag_dto_eap01_ena4_esp005_ex	N564	recombination_suppression
1125	0	101	274	0.25	1.0	recombination	phlag_dto_eap005_ena2_esp001_ex	N564	recombination_suppression
1125	0	101	274	0.25	1.0	recombination	phlag_dto_eap01_ena4_rev001_ex	N564	recombination_suppression
1125	0	101	274	0.25	1.0	recombination	phlag_dto_eap01_ena4_esp001_ex	N564	recombination_suppression
1125	0	1	374	0.25	1.0	recombination	phlag_mlt_eap01_ena4_esp010_ex	N677	recombination_suppression
1113	12	375	0	0.25	1.0	recombination	phlag_dto_eap01_ena4_free_ex	N677	recombination_suppression
1125	0	1	374	0.25	1.0	recombination	phlag_mlt_eap01_ena4_free_ex	N677	recombination_suppression
1125	0	1	374	0.25	1.0	recombination	phlag_mlt_eap01_ena4_esp001_ex	N677	recombination_suppression
1125	0	1	374	0.25	1.0	recombination	phlag_dto_eap01_ena4_rev0001_ex	N677	recombination_suppression
1125	0	1	374	0.25	1.0	recombination	phlag_mlt_eap01_ena4_esp005_ex	N677	recombination_suppression
1125	0	1	374	0.25	1.0	recombination	phlag_mlt_noprior_noprior_esp001_ex	N677	recombination_suppression
1125	0	375	0	0.25	1.0	recombination	phlag_dto_eap01_ena4_esp001	N677	recombination_suppression
574	551	188	187	0.25	1.0	recombination	phlag_dto_noprior_noprior_free_ex	N677	recombination_suppression
1125	0	1	374	0.25	1.0	recombination	phlag_dto_eap01_ena4_esp005_ex	N677	recombination_suppression
1125	0	1	374	0.25	1.0	recombination	phlag_dto_eap005_ena2_esp001_ex	N677	recombination_suppression
1115	10	375	0	0.25	1.0	recombination	phlag_dto_eap01_ena4_rev001_ex	N677	recombination_suppression
1125	0	1	374	0.25	1.0	recombination	phlag_dto_eap01_ena4_esp001_ex	N677	recombination_suppression
1192	8	14	286	0.2	1.0	recombination	phlag_mlt_eap01_ena4_esp010_ex	N564	recombination_suppression
1192	8	14	286	0.2	1.0	recombination	phlag_dto_eap01_ena4_free_ex	N564	recombination_suppression
1192	8	15	285	0.2	1.0	recombination	phlag_mlt_eap01_ena4_free_ex	N564	recombination_suppression
1192	8	15	285	0.2	1.0	recombination	phlag_mlt_eap01_ena4_esp001_ex	N564	recombination_suppression
1192	8	14	286	0.2	1.0	recombination	phlag_dto_eap01_ena4_rev0001_ex	N564	recombination_suppression
1192	8	14	286	0.2	1.0	recombination	phlag_mlt_eap01_ena4_esp005_ex	N564	recombination_suppression
1192	8	15	285	0.2	1.0	recombination	phlag_mlt_noprior_noprior_esp001_ex	N564	recombination_suppression
1200	0	43	257	0.2	1.0	recombination	phlag_dto_eap01_ena4_esp001	N564	recombination_suppression
818	382	136	164	0.2	1.0	recombination	phlag_dto_noprior_noprior_free_ex	N564	recombination_suppression
1192	8	14	286	0.2	1.0	recombination	phlag_dto_eap01_ena4_esp005_ex	N564	recombination_suppression
1192	8	14	286	0.2	1.0	recombination	phlag_dto_eap005_ena2_esp001_ex	N564	recombination_suppression
1192	8	14	286	0.2	1.0	recombination	phlag_dto_eap01_ena4_rev001_ex	N564	recombination_suppression
1192	8	14	286	0.2	1.0	recombination	phlag_dto_eap01_ena4_esp001_ex	N564	recombination_suppression
1142	283	75	0	0.05	1.0	recombination	phlag_mlt_eap01_ena4_esp010_ex	N682	recombination_suppression
1425	0	75	0	0.05	1.0	recombination	phlag_dto_eap01_ena4_free_ex	N682	recombination_suppression
1425	0	75	0	0.05	1.0	recombination	phlag_mlt_eap01_ena4_free_ex	N682	recombination_suppression
1142	283	75	0	0.05	1.0	recombination	phlag_mlt_eap01_ena4_esp001_ex	N682	recombination_suppression
1425	0	75	0	0.05	1.0	recombination	phlag_dto_eap01_ena4_rev0001_ex	N682	recombination_suppression
1142	283	75	0	0.05	1.0	recombination	phlag_mlt_eap01_ena4_esp005_ex	N682	recombination_suppression
1142	283	75	0	0.05	1.0	recombination	phlag_mlt_noprior_noprior_esp001_ex	N682	recombination_suppression
1425	0	75	0	0.05	1.0	recombination	phlag_dto_eap01_ena4_esp001	N682	recombination_suppression
725	700	38	37	0.05	1.0	recombination	phlag_dto_noprior_noprior_free_ex	N682	recombination_suppression
1425	0	75	0	0.05	1.0	recombination	phlag_dto_eap01_ena4_esp005_ex	N682	recombination_suppression
1368	57	75	0	0.05	1.0	recombination	phlag_dto_eap005_ena2_esp001_ex	N682	recombination_suppression
1425	0	75	0	0.05	1.0	recombination	phlag_dto_eap01_ena4_rev001_ex	N682	recombination_suppression
1273	152	75	0	0.05	1.0	recombination	phlag_dto_eap01_ena4_esp001_ex	N682	recombination_suppression
1125	0	97	278	0.25	1.0	recombination	phlag_mlt_eap01_ena4_esp010_ex	N252	recombination_suppression
1093	32	375	0	0.25	1.0	recombination	phlag_dto_eap01_ena4_free_ex	N252	recombination_suppression
1125	0	97	278	0.25	1.0	recombination	phlag_mlt_eap01_ena4_free_ex	N252	recombination_suppression
1125	0	97	278	0.25	1.0	recombination	phlag_mlt_eap01_ena4_esp001_ex	N252	recombination_suppression
1072	53	23	352	0.25	1.0	recombination	phlag_dto_eap01_ena4_rev0001_ex	N252	recombination_suppression
1125	0	34	341	0.25	1.0	recombination	phlag_mlt_eap01_ena4_esp005_ex	N252	recombination_suppression
1125	0	97	278	0.25	1.0	recombination	phlag_mlt_noprior_noprior_esp001_ex	N252	recombination_suppression
1125	0	375	0	0.25	1.0	recombination	phlag_dto_eap01_ena4_esp001	N252	recombination_suppression
684	441	252	123	0.25	1.0	recombination	phlag_dto_noprior_noprior_free_ex	N252	recombination_suppression
1072	53	23	352	0.25	1.0	recombination	phlag_dto_eap01_ena4_esp005_ex	N252	recombination_suppression
1125	0	22	353	0.25	1.0	recombination	phlag_dto_eap005_ena2_esp001_ex	N252	recombination_suppression
1096	29	23	352	0.25	1.0	recombination	phlag_dto_eap01_ena4_rev001_ex	N252	recombination_suppression
633	492	375	0	0.25	1.0	recombination	phlag_dto_eap01_ena4_esp001_ex	N252	recombination_suppression
1122	3	1	374	0.25	1.0	recombination	phlag_mlt_eap01_ena4_esp010_ex	N555	recombination_suppression
1125	0	0	375	0.25	1.0	recombination	phlag_dto_eap01_ena4_free_ex	N555	recombination_suppression
1125	0	1	374	0.25	1.0	recombination	phlag_mlt_eap01_ena4_free_ex	N555	recombination_suppression
1125	0	1	374	0.25	1.0	recombination	phlag_mlt_eap01_ena4_esp001_ex	N555	recombination_suppression
1125	0	0	375	0.25	1.0	recombination	phlag_dto_eap01_ena4_rev0001_ex	N555	recombination_suppression
1125	0	1	374	0.25	1.0	recombination	phlag_mlt_eap01_ena4_esp005_ex	N555	recombination_suppression
1125	0	1	374	0.25	1.0	recombination	phlag_mlt_noprior_noprior_esp001_ex	N555	recombination_suppression
1122	3	4	371	0.25	1.0	recombination	phlag_dto_eap01_ena4_esp001	N555	recombination_suppression
1125	0	0	375	0.25	1.0	recombination	phlag_dto_noprior_noprior_free_ex	N555	recombination_suppression
1125	0	0	375	0.25	1.0	recombination	phlag_dto_eap01_ena4_esp005_ex	N555	recombination_suppression
1125	0	0	375	0.25	1.0	recombination	phlag_dto_eap005_ena2_esp001_ex	N555	recombination_suppression
1125	0	0	375	0.25	1.0	recombination	phlag_dto_eap01_ena4_rev001_ex	N555	recombination_suppression
1125	0	0	375	0.25	1.0	recombination	phlag_dto_eap01_ena4_esp001_ex	N555	recombination_suppression
1266	9	22	203	0.15	1.0	recombination	phlag_mlt_eap01_ena4_esp010_ex	N228	recombination_suppression
1256	19	5	220	0.15	1.0	recombination	phlag_dto_eap01_ena4_free_ex	N228	recombination_suppression
1266	9	15	210	0.15	1.0	recombination	phlag_mlt_eap01_ena4_free_ex	N228	recombination_suppression
1266	9	15	210	0.15	1.0	recombination	phlag_mlt_eap01_ena4_esp001_ex	N228	recombination_suppression
1256	19	5	220	0.15	1.0	recombination	phlag_dto_eap01_ena4_rev0001_ex	N228	recombination_suppression
1266	9	15	210	0.15	1.0	recombination	phlag_mlt_eap01_ena4_esp005_ex	N228	recombination_suppression
1266	9	15	210	0.15	1.0	recombination	phlag_mlt_noprior_noprior_esp001_ex	N228	recombination_suppression
1275	0	225	0	0.15	1.0	recombination	phlag_dto_eap01_ena4_esp001	N228	recombination_suppression
825	450	191	34	0.15	1.0	recombination	phlag_dto_noprior_noprior_free_ex	N228	recombination_suppression
1256	19	5	220	0.15	1.0	recombination	phlag_dto_eap01_ena4_esp005_ex	N228	recombination_suppression
1266	9	5	220	0.15	1.0	recombination	phlag_dto_eap005_ena2_esp001_ex	N228	recombination_suppression
1266	9	5	220	0.15	1.0	recombination	phlag_dto_eap01_ena4_rev001_ex	N228	recombination_suppression
1256	19	5	220	0.15	1.0	recombination	phlag_dto_eap01_ena4_esp001_ex	N228	recombination_suppression
1112	13	0	375	0.25	1.0	recombination	phlag_mlt_eap01_ena4_esp010_ex	N228	recombination_suppression
1119	6	1	374	0.25	1.0	recombination	phlag_dto_eap01_ena4_free_ex	N228	recombination_suppression
1112	13	0	375	0.25	1.0	recombination	phlag_mlt_eap01_ena4_free_ex	N228	recombination_suppression
1112	13	0	375	0.25	1.0	recombination	phlag_mlt_eap01_ena4_esp001_ex	N228	recombination_suppression
1119	6	1	374	0.25	1.0	recombination	phlag_dto_eap01_ena4_rev0001_ex	N228	recombination_suppression
1112	13	0	375	0.25	1.0	recombination	phlag_mlt_eap01_ena4_esp005_ex	N228	recombination_suppression
1112	13	0	375	0.25	1.0	recombination	phlag_mlt_noprior_noprior_esp001_ex	N228	recombination_suppression
402	723	375	0	0.25	1.0	recombination	phlag_dto_eap01_ena4_esp001	N228	recombination_suppression
705	420	318	57	0.25	1.0	recombination	phlag_dto_noprior_noprior_free_ex	N228	recombination_suppression
1119	6	1	374	0.25	1.0	recombination	phlag_dto_eap01_ena4_esp005_ex	N228	recombination_suppression
1119	6	1	374	0.25	1.0	recombination	phlag_dto_eap005_ena2_esp001_ex	N228	recombination_suppression
1119	6	1	374	0.25	1.0	recombination	phlag_dto_eap01_ena4_rev001_ex	N228	recombination_suppression
1119	6	1	374	0.25	1.0	recombination	phlag_dto_eap01_ena4_esp001_ex	N228	recombination_suppression
1425	0	1	74	0.05	1.0	recombination	phlag_mlt_eap01_ena4_esp010_ex	N686	recombination_suppression
1421	4	75	0	0.05	1.0	recombination	phlag_dto_eap01_ena4_free_ex	N686	recombination_suppression
1425	0	1	74	0.05	1.0	recombination	phlag_mlt_eap01_ena4_free_ex	N686	recombination_suppression
1425	0	1	74	0.05	1.0	recombination	phlag_mlt_eap01_ena4_esp001_ex	N686	recombination_suppression
1425	0	1	74	0.05	1.0	recombination	phlag_dto_eap01_ena4_rev0001_ex	N686	recombination_suppression
1425	0	1	74	0.05	1.0	recombination	phlag_mlt_eap01_ena4_esp005_ex	N686	recombination_suppression
1425	0	1	74	0.05	1.0	recombination	phlag_mlt_noprior_noprior_esp001_ex	N686	recombination_suppression
1422	3	0	75	0.05	1.0	recombination	phlag_dto_eap01_ena4_esp001	N686	recombination_suppression
744	681	37	38	0.05	1.0	recombination	phlag_dto_noprior_noprior_free_ex	N686	recombination_suppression
1425	0	1	74	0.05	1.0	recombination	phlag_dto_eap01_ena4_esp005_ex	N686	recombination_suppression
1425	0	1	74	0.05	1.0	recombination	phlag_dto_eap005_ena2_esp001_ex	N686	recombination_suppression
1425	0	1	74	0.05	1.0	recombination	phlag_dto_eap01_ena4_rev001_ex	N686	recombination_suppression
1425	0	1	74	0.05	1.0	recombination	phlag_dto_eap01_ena4_esp001_ex	N686	recombination_suppression
977	223	196	104	0.2	1.0	recombination	phlag_mlt_eap01_ena4_esp010_ex	N416	recombination_suppression
875	325	300	0	0.2	1.0	recombination	phlag_dto_eap01_ena4_free_ex	N416	recombination_suppression
1169	31	300	0	0.2	1.0	recombination	phlag_mlt_eap01_ena4_free_ex	N416	recombination_suppression
1118	82	300	0	0.2	1.0	recombination	phlag_mlt_eap01_ena4_esp001_ex	N416	recombination_suppression
977	223	196	104	0.2	1.0	recombination	phlag_dto_eap01_ena4_rev0001_ex	N416	recombination_suppression
977	223	196	104	0.2	1.0	recombination	phlag_mlt_eap01_ena4_esp005_ex	N416	recombination_suppression
977	223	217	83	0.2	1.0	recombination	phlag_mlt_noprior_noprior_esp001_ex	N416	recombination_suppression
1016	184	300	0	0.2	1.0	recombination	phlag_dto_eap01_ena4_esp001	N416	recombination_suppression
952	248	233	67	0.2	1.0	recombination	phlag_dto_noprior_noprior_free_ex	N416	recombination_suppression
781	419	247	53	0.2	1.0	recombination	phlag_dto_eap01_ena4_esp005_ex	N416	recombination_suppression
1060	140	149	151	0.2	1.0	recombination	phlag_dto_eap005_ena2_esp001_ex	N416	recombination_suppression
1069	131	300	0	0.2	1.0	recombination	phlag_dto_eap01_ena4_rev001_ex	N416	recombination_suppression
1060	140	196	104	0.2	1.0	recombination	phlag_dto_eap01_ena4_esp001_ex	N416	recombination_suppression
1174	26	300	0	0.2	1.0	recombination	phlag_mlt_eap01_ena4_esp010_ex	N71	recombination_suppression
1200	0	300	0	0.2	1.0	recombination	phlag_dto_eap01_ena4_free_ex	N71	recombination_suppression
1200	0	300	0	0.2	1.0	recombination	phlag_mlt_eap01_ena4_free_ex	N71	recombination_suppression
1171	29	300	0	0.2	1.0	recombination	phlag_mlt_eap01_ena4_esp001_ex	N71	recombination_suppression
1200	0	300	0	0.2	1.0	recombination	phlag_dto_eap01_ena4_rev0001_ex	N71	recombination_suppression
1171	29	300	0	0.2	1.0	recombination	phlag_mlt_eap01_ena4_esp005_ex	N71	recombination_suppression
1171	29	300	0	0.2	1.0	recombination	phlag_mlt_noprior_noprior_esp001_ex	N71	recombination_suppression
1200	0	300	0	0.2	1.0	recombination	phlag_dto_eap01_ena4_esp001	N71	recombination_suppression
605	595	152	148	0.2	1.0	recombination	phlag_dto_noprior_noprior_free_ex	N71	recombination_suppression
1171	29	300	0	0.2	1.0	recombination	phlag_dto_eap01_ena4_esp005_ex	N71	recombination_suppression
1200	0	300	0	0.2	1.0	recombination	phlag_dto_eap005_ena2_esp001_ex	N71	recombination_suppression
1200	0	300	0	0.2	1.0	recombination	phlag_dto_eap01_ena4_rev001_ex	N71	recombination_suppression
1200	0	300	0	0.2	1.0	recombination	phlag_dto_eap01_ena4_esp001_ex	N71	recombination_suppression
1326	99	0	75	0.05	1.0	recombination	phlag_mlt_eap01_ena4_esp010_ex	N252	recombination_suppression
1393	32	75	0	0.05	1.0	recombination	phlag_dto_eap01_ena4_free_ex	N252	recombination_suppression
1417	8	75	0	0.05	1.0	recombination	phlag_mlt_eap01_ena4_free_ex	N252	recombination_suppression
1291	134	0	75	0.05	1.0	recombination	phlag_mlt_eap01_ena4_esp001_ex	N252	recombination_suppression
1034	391	75	0	0.05	1.0	recombination	phlag_dto_eap01_ena4_rev0001_ex	N252	recombination_suppression
1334	91	0	75	0.05	1.0	recombination	phlag_mlt_eap01_ena4_esp005_ex	N252	recombination_suppression
1291	134	0	75	0.05	1.0	recombination	phlag_mlt_noprior_noprior_esp001_ex	N252	recombination_suppression
1425	0	75	0	0.05	1.0	recombination	phlag_dto_eap01_ena4_esp001	N252	recombination_suppression
843	582	47	28	0.05	1.0	recombination	phlag_dto_noprior_noprior_free_ex	N252	recombination_suppression
1168	257	75	0	0.05	1.0	recombination	phlag_dto_eap01_ena4_esp005_ex	N252	recombination_suppression
1140	285	75	0	0.05	1.0	recombination	phlag_dto_eap005_ena2_esp001_ex	N252	recombination_suppression
1381	44	75	0	0.05	1.0	recombination	phlag_dto_eap01_ena4_rev001_ex	N252	recombination_suppression
1034	391	75	0	0.05	1.0	recombination	phlag_dto_eap01_ena4_esp001_ex	N252	recombination_suppression
1338	12	0	150	0.1	1.0	recombination	phlag_mlt_eap01_ena4_esp010_ex	N564	recombination_suppression
1341	9	150	0	0.1	1.0	recombination	phlag_dto_eap01_ena4_free_ex	N564	recombination_suppression
1338	12	0	150	0.1	1.0	recombination	phlag_mlt_eap01_ena4_free_ex	N564	recombination_suppression
1338	12	0	150	0.1	1.0	recombination	phlag_mlt_eap01_ena4_esp001_ex	N564	recombination_suppression
1327	23	0	150	0.1	1.0	recombination	phlag_dto_eap01_ena4_rev0001_ex	N564	recombination_suppression
1338	12	0	150	0.1	1.0	recombination	phlag_mlt_eap01_ena4_esp005_ex	N564	recombination_suppression
1338	12	0	150	0.1	1.0	recombination	phlag_mlt_noprior_noprior_esp001_ex	N564	recombination_suppression
1350	0	150	0	0.1	1.0	recombination	phlag_dto_eap01_ena4_esp001	N564	recombination_suppression
678	672	98	52	0.1	1.0	recombination	phlag_dto_noprior_noprior_free_ex	N564	recombination_suppression
1327	23	0	150	0.1	1.0	recombination	phlag_dto_eap01_ena4_esp005_ex	N564	recombination_suppression
1327	23	0	150	0.1	1.0	recombination	phlag_dto_eap005_ena2_esp001_ex	N564	recombination_suppression
1327	23	0	150	0.1	1.0	recombination	phlag_dto_eap01_ena4_rev001_ex	N564	recombination_suppression
1327	23	0	150	0.1	1.0	recombination	phlag_dto_eap01_ena4_esp001_ex	N564	recombination_suppression
1275	0	4	221	0.15	1.0	recombination	phlag_mlt_eap01_ena4_esp010_ex	N499	recombination_suppression
1270	5	11	214	0.15	1.0	recombination	phlag_dto_eap01_ena4_free_ex	N499	recombination_suppression
1275	0	8	217	0.15	1.0	recombination	phlag_mlt_eap01_ena4_free_ex	N499	recombination_suppression
1275	0	8	217	0.15	1.0	recombination	phlag_mlt_eap01_ena4_esp001_ex	N499	recombination_suppression
1270	5	11	214	0.15	1.0	recombination	phlag_dto_eap01_ena4_rev0001_ex	N499	recombination_suppression
1275	0	8	217	0.15	1.0	recombination	phlag_mlt_eap01_ena4_esp005_ex	N499	recombination_suppression
1275	0	8	217	0.15	1.0	recombination	phlag_mlt_noprior_noprior_esp001_ex	N499	recombination_suppression
1254	21	4	221	0.15	1.0	recombination	phlag_dto_eap01_ena4_esp001	N499	recombination_suppression
788	487	55	170	0.15	1.0	recombination	phlag_dto_noprior_noprior_free_ex	N499	recombination_suppression
1262	13	11	214	0.15	1.0	recombination	phlag_dto_eap01_ena4_esp005_ex	N499	recombination_suppression
1275	0	11	214	0.15	1.0	recombination	phlag_dto_eap005_ena2_esp001_ex	N499	recombination_suppression
1275	0	11	214	0.15	1.0	recombination	phlag_dto_eap01_ena4_rev001_ex	N499	recombination_suppression
1270	5	11	214	0.15	1.0	recombination	phlag_dto_eap01_ena4_esp001_ex	N499	recombination_suppression
1019	106	285	90	0.25	1.0	recombination	phlag_mlt_eap01_ena4_esp010_ex	N416	recombination_suppression
728	397	249	126	0.25	1.0	recombination	phlag_dto_eap01_ena4_free_ex	N416	recombination_suppression
1094	31	375	0	0.25	1.0	recombination	phlag_mlt_eap01_ena4_free_ex	N416	recombination_suppression
765	360	375	0	0.25	1.0	recombination	phlag_mlt_eap01_ena4_esp001_ex	N416	recombination_suppression
724	401	271	104	0.25	1.0	recombination	phlag_dto_eap01_ena4_rev0001_ex	N416	recombination_suppression
763	362	375	0	0.25	1.0	recombination	phlag_mlt_eap01_ena4_esp005_ex	N416	recombination_suppression
765	360	375	0	0.25	1.0	recombination	phlag_mlt_noprior_noprior_esp001_ex	N416	recombination_suppression
1043	82	375	0	0.25	1.0	recombination	phlag_dto_eap01_ena4_esp001	N416	recombination_suppression
899	226	287	88	0.25	1.0	recombination	phlag_dto_noprior_noprior_free_ex	N416	recombination_suppression
809	316	290	85	0.25	1.0	recombination	phlag_dto_eap01_ena4_esp005_ex	N416	recombination_suppression
853	272	368	7	0.25	1.0	recombination	phlag_dto_eap005_ena2_esp001_ex	N416	recombination_suppression
1032	93	299	76	0.25	1.0	recombination	phlag_dto_eap01_ena4_rev001_ex	N416	recombination_suppression
724	401	271	104	0.25	1.0	recombination	phlag_dto_eap01_ena4_esp001_ex	N416	recombination_suppression
1425	0	0	75	0.05	1.0	recombination	phlag_mlt_eap01_ena4_esp010_ex	N211	recombination_suppression
1416	9	0	75	0.05	1.0	recombination	phlag_dto_eap01_ena4_free_ex	N211	recombination_suppression
1425	0	75	0	0.05	1.0	recombination	phlag_mlt_eap01_ena4_free_ex	N211	recombination_suppression
1425	0	0	75	0.05	1.0	recombination	phlag_mlt_eap01_ena4_esp001_ex	N211	recombination_suppression
1425	0	75	0	0.05	1.0	recombination	phlag_dto_eap01_ena4_rev0001_ex	N211	recombination_suppression
1425	0	0	75	0.05	1.0	recombination	phlag_mlt_eap01_ena4_esp005_ex	N211	recombination_suppression
1425	0	0	75	0.05	1.0	recombination	phlag_mlt_noprior_noprior_esp001_ex	N211	recombination_suppression
1425	0	75	0	0.05	1.0	recombination	phlag_dto_eap01_ena4_esp001	N211	recombination_suppression
765	660	52	23	0.05	1.0	recombination	phlag_dto_noprior_noprior_free_ex	N211	recombination_suppression
1416	9	0	75	0.05	1.0	recombination	phlag_dto_eap01_ena4_esp005_ex	N211	recombination_suppression
1416	9	0	75	0.05	1.0	recombination	phlag_dto_eap005_ena2_esp001_ex	N211	recombination_suppression
1425	0	75	0	0.05	1.0	recombination	phlag_dto_eap01_ena4_rev001_ex	N211	recombination_suppression
1416	9	0	75	0.05	1.0	recombination	phlag_dto_eap01_ena4_esp001_ex	N211	recombination_suppression
1274	1	8	217	0.15	1.0	recombination	phlag_mlt_eap01_ena4_esp010_ex	N543	recombination_suppression
1274	1	4	221	0.15	1.0	recombination	phlag_dto_eap01_ena4_free_ex	N543	recombination_suppression
1274	1	8	217	0.15	1.0	recombination	phlag_mlt_eap01_ena4_free_ex	N543	recombination_suppression
1274	1	8	217	0.15	1.0	recombination	phlag_mlt_eap01_ena4_esp001_ex	N543	recombination_suppression
1274	1	4	221	0.15	1.0	recombination	phlag_dto_eap01_ena4_rev0001_ex	N543	recombination_suppression
1274	1	8	217	0.15	1.0	recombination	phlag_mlt_eap01_ena4_esp005_ex	N543	recombination_suppression
1274	1	8	217	0.15	1.0	recombination	phlag_mlt_noprior_noprior_esp001_ex	N543	recombination_suppression
1275	0	225	0	0.15	1.0	recombination	phlag_dto_eap01_ena4_esp001	N543	recombination_suppression
642	633	112	113	0.15	1.0	recombination	phlag_dto_noprior_noprior_free_ex	N543	recombination_suppression
1274	1	4	221	0.15	1.0	recombination	phlag_dto_eap01_ena4_esp005_ex	N543	recombination_suppression
1274	1	4	221	0.15	1.0	recombination	phlag_dto_eap005_ena2_esp001_ex	N543	recombination_suppression
1274	1	4	221	0.15	1.0	recombination	phlag_dto_eap01_ena4_rev001_ex	N543	recombination_suppression
1274	1	4	221	0.15	1.0	recombination	phlag_dto_eap01_ena4_esp001_ex	N543	recombination_suppression
1200	0	0	300	0.2	1.0	recombination	phlag_mlt_eap01_ena4_esp010_ex	N125	recombination_suppression
1200	0	0	300	0.2	1.0	recombination	phlag_dto_eap01_ena4_free_ex	N125	recombination_suppression
1200	0	300	0	0.2	1.0	recombination	phlag_mlt_eap01_ena4_free_ex	N125	recombination_suppression
1200	0	0	300	0.2	1.0	recombination	phlag_mlt_eap01_ena4_esp001_ex	N125	recombination_suppression
1200	0	0	300	0.2	1.0	recombination	phlag_dto_eap01_ena4_rev0001_ex	N125	recombination_suppression
1200	0	0	300	0.2	1.0	recombination	phlag_mlt_eap01_ena4_esp005_ex	N125	recombination_suppression
1200	0	0	300	0.2	1.0	recombination	phlag_mlt_noprior_noprior_esp001_ex	N125	recombination_suppression
1200	0	300	0	0.2	1.0	recombination	phlag_dto_eap01_ena4_esp001	N125	recombination_suppression
604	596	150	150	0.2	1.0	recombination	phlag_dto_noprior_noprior_free_ex	N125	recombination_suppression
1200	0	0	300	0.2	1.0	recombination	phlag_dto_eap01_ena4_esp005_ex	N125	recombination_suppression
1200	0	0	300	0.2	1.0	recombination	phlag_dto_eap005_ena2_esp001_ex	N125	recombination_suppression
1200	0	0	300	0.2	1.0	recombination	phlag_dto_eap01_ena4_rev001_ex	N125	recombination_suppression
1200	0	0	300	0.2	1.0	recombination	phlag_dto_eap01_ena4_esp001_ex	N125	recombination_suppression
1441	29	30	0	0.02	1.0	recombination	phlag_mlt_eap01_ena4_esp010_ex	N71	recombination_suppression
1470	0	30	0	0.02	1.0	recombination	phlag_dto_eap01_ena4_free_ex	N71	recombination_suppression
1470	0	30	0	0.02	1.0	recombination	phlag_mlt_eap01_ena4_free_ex	N71	recombination_suppression
1432	38	30	0	0.02	1.0	recombination	phlag_mlt_eap01_ena4_esp001_ex	N71	recombination_suppression
1470	0	30	0	0.02	1.0	recombination	phlag_dto_eap01_ena4_rev0001_ex	N71	recombination_suppression
1432	38	30	0	0.02	1.0	recombination	phlag_mlt_eap01_ena4_esp005_ex	N71	recombination_suppression
1432	38	30	0	0.02	1.0	recombination	phlag_mlt_noprior_noprior_esp001_ex	N71	recombination_suppression
1470	0	30	0	0.02	1.0	recombination	phlag_dto_eap01_ena4_esp001	N71	recombination_suppression
743	727	15	15	0.02	1.0	recombination	phlag_dto_noprior_noprior_free_ex	N71	recombination_suppression
1470	0	30	0	0.02	1.0	recombination	phlag_dto_eap01_ena4_esp005_ex	N71	recombination_suppression
1470	0	30	0	0.02	1.0	recombination	phlag_dto_eap005_ena2_esp001_ex	N71	recombination_suppression
1470	0	30	0	0.02	1.0	recombination	phlag_dto_eap01_ena4_rev001_ex	N71	recombination_suppression
1470	0	30	0	0.02	1.0	recombination	phlag_dto_eap01_ena4_esp001_ex	N71	recombination_suppression
1234	236	30	0	0.02	1.0	recombination	phlag_mlt_eap01_ena4_esp010_ex	N533	recombination_suppression
1295	175	30	0	0.02	1.0	recombination	phlag_dto_eap01_ena4_free_ex	N533	recombination_suppression
1145	325	30	0	0.02	1.0	recombination	phlag_mlt_eap01_ena4_free_ex	N533	recombination_suppression
1137	333	30	0	0.02	1.0	recombination	phlag_mlt_eap01_ena4_esp001_ex	N533	recombination_suppression
931	539	0	30	0.02	1.0	recombination	phlag_dto_eap01_ena4_rev0001_ex	N533	recombination_suppression
1309	161	30	0	0.02	1.0	recombination	phlag_mlt_eap01_ena4_esp005_ex	N533	recombination_suppression
1137	333	30	0	0.02	1.0	recombination	phlag_mlt_noprior_noprior_esp001_ex	N533	recombination_suppression
1446	24	30	0	0.02	1.0	recombination	phlag_dto_eap01_ena4_esp001	N533	recombination_suppression
843	627	14	16	0.02	1.0	recombination	phlag_dto_noprior_noprior_free_ex	N533	recombination_suppression
1116	354	30	0	0.02	1.0	recombination	phlag_dto_eap01_ena4_esp005_ex	N533	recombination_suppression
1171	299	30	0	0.02	1.0	recombination	phlag_dto_eap005_ena2_esp001_ex	N533	recombination_suppression
1463	7	30	0	0.02	1.0	recombination	phlag_dto_eap01_ena4_rev001_ex	N533	recombination_suppression
1202	268	30	0	0.02	1.0	recombination	phlag_dto_eap01_ena4_esp001_ex	N533	recombination_suppression
1350	0	0	150	0.1	1.0	recombination	phlag_mlt_eap01_ena4_esp010_ex	N686	recombination_suppression
1343	7	150	0	0.1	1.0	recombination	phlag_dto_eap01_ena4_free_ex	N686	recombination_suppression
1350	0	0	150	0.1	1.0	recombination	phlag_mlt_eap01_ena4_free_ex	N686	recombination_suppression
1350	0	0	150	0.1	1.0	recombination	phlag_mlt_eap01_ena4_esp001_ex	N686	recombination_suppression
1350	0	0	150	0.1	1.0	recombination	phlag_dto_eap01_ena4_rev0001_ex	N686	recombination_suppression
1350	0	0	150	0.1	1.0	recombination	phlag_mlt_eap01_ena4_esp005_ex	N686	recombination_suppression
1350	0	0	150	0.1	1.0	recombination	phlag_mlt_noprior_noprior_esp001_ex	N686	recombination_suppression
1345	5	0	150	0.1	1.0	recombination	phlag_dto_eap01_ena4_esp001	N686	recombination_suppression
771	579	89	61	0.1	1.0	recombination	phlag_dto_noprior_noprior_free_ex	N686	recombination_suppression
1350	0	0	150	0.1	1.0	recombination	phlag_dto_eap01_ena4_esp005_ex	N686	recombination_suppression
1350	0	0	150	0.1	1.0	recombination	phlag_dto_eap005_ena2_esp001_ex	N686	recombination_suppression
1350	0	0	150	0.1	1.0	recombination	phlag_dto_eap01_ena4_rev001_ex	N686	recombination_suppression
1350	0	0	150	0.1	1.0	recombination	phlag_dto_eap01_ena4_esp001_ex	N686	recombination_suppression
1271	4	3	222	0.15	1.0	recombination	phlag_mlt_eap01_ena4_esp010_ex	N555	recombination_suppression
1266	9	2	223	0.15	1.0	recombination	phlag_dto_eap01_ena4_free_ex	N555	recombination_suppression
1271	4	3	222	0.15	1.0	recombination	phlag_mlt_eap01_ena4_free_ex	N555	recombination_suppression
1271	4	3	222	0.15	1.0	recombination	phlag_mlt_eap01_ena4_esp001_ex	N555	recombination_suppression
1266	9	2	223	0.15	1.0	recombination	phlag_dto_eap01_ena4_rev0001_ex	N555	recombination_suppression
1271	4	3	222	0.15	1.0	recombination	phlag_mlt_eap01_ena4_esp005_ex	N555	recombination_suppression
1271	4	3	222	0.15	1.0	recombination	phlag_mlt_noprior_noprior_esp001_ex	N555	recombination_suppression
1264	11	3	222	0.15	1.0	recombination	phlag_dto_eap01_ena4_esp001	N555	recombination_suppression
1266	9	2	223	0.15	1.0	recombination	phlag_dto_noprior_noprior_free_ex	N555	recombination_suppression
1266	9	2	223	0.15	1.0	recombination	phlag_dto_eap01_ena4_esp005_ex	N555	recombination_suppression
1275	0	2	223	0.15	1.0	recombination	phlag_dto_eap005_ena2_esp001_ex	N555	recombination_suppression
1266	9	2	223	0.15	1.0	recombination	phlag_dto_eap01_ena4_rev001_ex	N555	recombination_suppression
1266	9	2	223	0.15	1.0	recombination	phlag_dto_eap01_ena4_esp001_ex	N555	recombination_suppression
1425	0	4	71	0.05	1.0	recombination	phlag_mlt_eap01_ena4_esp010_ex	N115	recombination_suppression
1425	0	75	0	0.05	1.0	recombination	phlag_dto_eap01_ena4_free_ex	N115	recombination_suppression
1425	0	4	71	0.05	1.0	recombination	phlag_mlt_eap01_ena4_free_ex	N115	recombination_suppression
1425	0	4	71	0.05	1.0	recombination	phlag_mlt_eap01_ena4_esp001_ex	N115	recombination_suppression
1425	0	0	75	0.05	1.0	recombination	phlag_dto_eap01_ena4_rev0001_ex	N115	recombination_suppression
1425	0	4	71	0.05	1.0	recombination	phlag_mlt_eap01_ena4_esp005_ex	N115	recombination_suppression
1425	0	4	71	0.05	1.0	recombination	phlag_mlt_noprior_noprior_esp001_ex	N115	recombination_suppression
1061	364	75	0	0.05	1.0	recombination	phlag_dto_eap01_ena4_esp001	N115	recombination_suppression
719	706	39	36	0.05	1.0	recombination	phlag_dto_noprior_noprior_free_ex	N115	recombination_suppression
1425	0	0	75	0.05	1.0	recombination	phlag_dto_eap01_ena4_esp005_ex	N115	recombination_suppression
1425	0	0	75	0.05	1.0	recombination	phlag_dto_eap005_ena2_esp001_ex	N115	recombination_suppression
1425	0	0	75	0.05	1.0	recombination	phlag_dto_eap01_ena4_rev001_ex	N115	recombination_suppression
1425	0	0	75	0.05	1.0	recombination	phlag_dto_eap01_ena4_esp001_ex	N115	recombination_suppression
1350	0	150	0	0.1	1.0	recombination	phlag_mlt_eap01_ena4_esp010_ex	N477	recombination_suppression
1064	286	150	0	0.1	1.0	recombination	phlag_dto_eap01_ena4_free_ex	N477	recombination_suppression
1329	21	150	0	0.1	1.0	recombination	phlag_mlt_eap01_ena4_free_ex	N477	recombination_suppression
1282	68	150	0	0.1	1.0	recombination	phlag_mlt_eap01_ena4_esp001_ex	N477	recombination_suppression
1040	310	150	0	0.1	1.0	recombination	phlag_dto_eap01_ena4_rev0001_ex	N477	recombination_suppression
1282	68	150	0	0.1	1.0	recombination	phlag_mlt_eap01_ena4_esp005_ex	N477	recombination_suppression
1298	52	150	0	0.1	1.0	recombination	phlag_mlt_noprior_noprior_esp001_ex	N477	recombination_suppression
1350	0	150	0	0.1	1.0	recombination	phlag_dto_eap01_ena4_esp001	N477	recombination_suppression
758	592	90	60	0.1	1.0	recombination	phlag_dto_noprior_noprior_free_ex	N477	recombination_suppression
1350	0	150	0	0.1	1.0	recombination	phlag_dto_eap01_ena4_esp005_ex	N477	recombination_suppression
851	499	51	99	0.1	1.0	recombination	phlag_dto_eap005_ena2_esp001_ex	N477	recombination_suppression
1183	167	150	0	0.1	1.0	recombination	phlag_dto_eap01_ena4_rev001_ex	N477	recombination_suppression
1161	189	150	0	0.1	1.0	recombination	phlag_dto_eap01_ena4_esp001_ex	N477	recombination_suppression
1470	0	1	29	0.02	1.0	recombination	phlag_mlt_eap01_ena4_esp010_ex	N296	recombination_suppression
1470	0	30	0	0.02	1.0	recombination	phlag_dto_eap01_ena4_free_ex	N296	recombination_suppression
1470	0	1	29	0.02	1.0	recombination	phlag_mlt_eap01_ena4_free_ex	N296	recombination_suppression
1470	0	1	29	0.02	1.0	recombination	phlag_mlt_eap01_ena4_esp001_ex	N296	recombination_suppression
1470	0	1	29	0.02	1.0	recombination	phlag_dto_eap01_ena4_rev0001_ex	N296	recombination_suppression
1470	0	1	29	0.02	1.0	recombination	phlag_mlt_eap01_ena4_esp005_ex	N296	recombination_suppression
1018	452	30	0	0.02	1.0	recombination	phlag_mlt_noprior_noprior_esp001_ex	N296	recombination_suppression
1470	0	30	0	0.02	1.0	recombination	phlag_dto_eap01_ena4_esp001	N296	recombination_suppression
760	710	15	15	0.02	1.0	recombination	phlag_dto_noprior_noprior_free_ex	N296	recombination_suppression
1470	0	1	29	0.02	1.0	recombination	phlag_dto_eap01_ena4_esp005_ex	N296	recombination_suppression
1470	0	1	29	0.02	1.0	recombination	phlag_dto_eap005_ena2_esp001_ex	N296	recombination_suppression
1470	0	1	29	0.02	1.0	recombination	phlag_dto_eap01_ena4_rev001_ex	N296	recombination_suppression
1470	0	1	29	0.02	1.0	recombination	phlag_dto_eap01_ena4_esp001_ex	N296	recombination_suppression
1275	0	1	224	0.15	1.0	recombination	phlag_mlt_eap01_ena4_esp010_ex	N686	recombination_suppression
1268	7	225	0	0.15	1.0	recombination	phlag_dto_eap01_ena4_free_ex	N686	recombination_suppression
1275	0	1	224	0.15	1.0	recombination	phlag_mlt_eap01_ena4_free_ex	N686	recombination_suppression
1275	0	1	224	0.15	1.0	recombination	phlag_mlt_eap01_ena4_esp001_ex	N686	recombination_suppression
1275	0	1	224	0.15	1.0	recombination	phlag_dto_eap01_ena4_rev0001_ex	N686	recombination_suppression
1275	0	1	224	0.15	1.0	recombination	phlag_mlt_eap01_ena4_esp005_ex	N686	recombination_suppression
1275	0	1	224	0.15	1.0	recombination	phlag_mlt_noprior_noprior_esp001_ex	N686	recombination_suppression
1275	0	0	225	0.15	1.0	recombination	phlag_dto_eap01_ena4_esp001	N686	recombination_suppression
1275	0	1	224	0.15	1.0	recombination	phlag_dto_noprior_noprior_free_ex	N686	recombination_suppression
1275	0	1	224	0.15	1.0	recombination	phlag_dto_eap01_ena4_esp005_ex	N686	recombination_suppression
1275	0	1	224	0.15	1.0	recombination	phlag_dto_eap005_ena2_esp001_ex	N686	recombination_suppression
1275	0	1	224	0.15	1.0	recombination	phlag_dto_eap01_ena4_rev001_ex	N686	recombination_suppression
1275	0	1	224	0.15	1.0	recombination	phlag_dto_eap01_ena4_esp001_ex	N686	recombination_suppression
1470	0	0	30	0.02	1.0	recombination	phlag_mlt_eap01_ena4_esp010_ex	N125	recombination_suppression
1470	0	0	30	0.02	1.0	recombination	phlag_dto_eap01_ena4_free_ex	N125	recombination_suppression
1470	0	0	30	0.02	1.0	recombination	phlag_mlt_eap01_ena4_free_ex	N125	recombination_suppression
1470	0	0	30	0.02	1.0	recombination	phlag_mlt_eap01_ena4_esp001_ex	N125	recombination_suppression
1470	0	0	30	0.02	1.0	recombination	phlag_dto_eap01_ena4_rev0001_ex	N125	recombination_suppression
1470	0	0	30	0.02	1.0	recombination	phlag_mlt_eap01_ena4_esp005_ex	N125	recombination_suppression
1470	0	0	30	0.02	1.0	recombination	phlag_mlt_noprior_noprior_esp001_ex	N125	recombination_suppression
1470	0	30	0	0.02	1.0	recombination	phlag_dto_eap01_ena4_esp001	N125	recombination_suppression
739	731	15	15	0.02	1.0	recombination	phlag_dto_noprior_noprior_free_ex	N125	recombination_suppression
1470	0	0	30	0.02	1.0	recombination	phlag_dto_eap01_ena4_esp005_ex	N125	recombination_suppression
1470	0	0	30	0.02	1.0	recombination	phlag_dto_eap005_ena2_esp001_ex	N125	recombination_suppression
1470	0	0	30	0.02	1.0	recombination	phlag_dto_eap01_ena4_rev001_ex	N125	recombination_suppression
1470	0	0	30	0.02	1.0	recombination	phlag_dto_eap01_ena4_esp001_ex	N125	recombination_suppression
1125	0	0	375	0.25	1.0	recombination	phlag_mlt_eap01_ena4_esp010_ex	N576	recombination_suppression
1125	0	0	375	0.25	1.0	recombination	phlag_dto_eap01_ena4_free_ex	N576	recombination_suppression
1125	0	0	375	0.25	1.0	recombination	phlag_mlt_eap01_ena4_free_ex	N576	recombination_suppression
1125	0	0	375	0.25	1.0	recombination	phlag_mlt_eap01_ena4_esp001_ex	N576	recombination_suppression
1125	0	0	375	0.25	1.0	recombination	phlag_dto_eap01_ena4_rev0001_ex	N576	recombination_suppression
1125	0	0	375	0.25	1.0	recombination	phlag_mlt_eap01_ena4_esp005_ex	N576	recombination_suppression
1125	0	0	375	0.25	1.0	recombination	phlag_mlt_noprior_noprior_esp001_ex	N576	recombination_suppression
1119	6	2	373	0.25	1.0	recombination	phlag_dto_eap01_ena4_esp001	N576	recombination_suppression
1125	0	0	375	0.25	1.0	recombination	phlag_dto_noprior_noprior_free_ex	N576	recombination_suppression
1125	0	0	375	0.25	1.0	recombination	phlag_dto_eap01_ena4_esp005_ex	N576	recombination_suppression
1125	0	0	375	0.25	1.0	recombination	phlag_dto_eap005_ena2_esp001_ex	N576	recombination_suppression
1125	0	0	375	0.25	1.0	recombination	phlag_dto_eap01_ena4_rev001_ex	N576	recombination_suppression
1125	0	0	375	0.25	1.0	recombination	phlag_dto_eap01_ena4_esp001_ex	N576	recombination_suppression
1275	0	0	225	0.15	1.0	recombination	phlag_mlt_eap01_ena4_esp010_ex	N576	recombination_suppression
1275	0	0	225	0.15	1.0	recombination	phlag_dto_eap01_ena4_free_ex	N576	recombination_suppression
1275	0	0	225	0.15	1.0	recombination	phlag_mlt_eap01_ena4_free_ex	N576	recombination_suppression
1275	0	0	225	0.15	1.0	recombination	phlag_mlt_eap01_ena4_esp001_ex	N576	recombination_suppression
1275	0	0	225	0.15	1.0	recombination	phlag_dto_eap01_ena4_rev0001_ex	N576	recombination_suppression
1275	0	0	225	0.15	1.0	recombination	phlag_mlt_eap01_ena4_esp005_ex	N576	recombination_suppression
1275	0	0	225	0.15	1.0	recombination	phlag_mlt_noprior_noprior_esp001_ex	N576	recombination_suppression
1274	1	0	225	0.15	1.0	recombination	phlag_dto_eap01_ena4_esp001	N576	recombination_suppression
1275	0	0	225	0.15	1.0	recombination	phlag_dto_noprior_noprior_free_ex	N576	recombination_suppression
1275	0	0	225	0.15	1.0	recombination	phlag_dto_eap01_ena4_esp005_ex	N576	recombination_suppression
1275	0	0	225	0.15	1.0	recombination	phlag_dto_eap005_ena2_esp001_ex	N576	recombination_suppression
1275	0	0	225	0.15	1.0	recombination	phlag_dto_eap01_ena4_rev001_ex	N576	recombination_suppression
1275	0	0	225	0.15	1.0	recombination	phlag_dto_eap01_ena4_esp001_ex	N576	recombination_suppression
1470	0	30	0	0.02	1.0	recombination	phlag_mlt_eap01_ena4_esp010_ex	N228	recombination_suppression
1292	178	30	0	0.02	1.0	recombination	phlag_dto_eap01_ena4_free_ex	N228	recombination_suppression
1447	23	30	0	0.02	1.0	recombination	phlag_mlt_eap01_ena4_free_ex	N228	recombination_suppression
1470	0	30	0	0.02	1.0	recombination	phlag_mlt_eap01_ena4_esp001_ex	N228	recombination_suppression
1309	161	30	0	0.02	1.0	recombination	phlag_dto_eap01_ena4_rev0001_ex	N228	recombination_suppression
1470	0	30	0	0.02	1.0	recombination	phlag_mlt_eap01_ena4_esp005_ex	N228	recombination_suppression
1470	0	30	0	0.02	1.0	recombination	phlag_mlt_noprior_noprior_esp001_ex	N228	recombination_suppression
1443	27	30	0	0.02	1.0	recombination	phlag_dto_eap01_ena4_esp001	N228	recombination_suppression
941	529	28	2	0.02	1.0	recombination	phlag_dto_noprior_noprior_free_ex	N228	recombination_suppression
1185	285	0	30	0.02	1.0	recombination	phlag_dto_eap01_ena4_esp005_ex	N228	recombination_suppression
1391	79	30	0	0.02	1.0	recombination	phlag_dto_eap005_ena2_esp001_ex	N228	recombination_suppression
1312	158	30	0	0.02	1.0	recombination	phlag_dto_eap01_ena4_rev001_ex	N228	recombination_suppression
1179	291	0	30	0.02	1.0	recombination	phlag_dto_eap01_ena4_esp001_ex	N228	recombination_suppression
1125	0	1	374	0.25	1.0	recombination	phlag_mlt_eap01_ena4_esp010_ex	N678	recombination_suppression
1125	0	1	374	0.25	1.0	recombination	phlag_dto_eap01_ena4_free_ex	N678	recombination_suppression
1125	0	1	374	0.25	1.0	recombination	phlag_mlt_eap01_ena4_free_ex	N678	recombination_suppression
1125	0	1	374	0.25	1.0	recombination	phlag_mlt_eap01_ena4_esp001_ex	N678	recombination_suppression
1125	0	1	374	0.25	1.0	recombination	phlag_dto_eap01_ena4_rev0001_ex	N678	recombination_suppression
1125	0	1	374	0.25	1.0	recombination	phlag_mlt_eap01_ena4_esp005_ex	N678	recombination_suppression
1125	0	1	374	0.25	1.0	recombination	phlag_mlt_noprior_noprior_esp001_ex	N678	recombination_suppression
1116	9	0	375	0.25	1.0	recombination	phlag_dto_eap01_ena4_esp001	N678	recombination_suppression
1050	75	339	36	0.25	1.0	recombination	phlag_dto_noprior_noprior_free_ex	N678	recombination_suppression
1125	0	1	374	0.25	1.0	recombination	phlag_dto_eap01_ena4_esp005_ex	N678	recombination_suppression
1125	0	1	374	0.25	1.0	recombination	phlag_dto_eap005_ena2_esp001_ex	N678	recombination_suppression
1125	0	1	374	0.25	1.0	recombination	phlag_dto_eap01_ena4_rev001_ex	N678	recombination_suppression
1125	0	1	374	0.25	1.0	recombination	phlag_dto_eap01_ena4_esp001_ex	N678	recombination_suppression
1125	0	1	374	0.25	1.0	recombination	phlag_mlt_eap01_ena4_esp010_ex	N125	recombination_suppression
1125	0	0	375	0.25	1.0	recombination	phlag_dto_eap01_ena4_free_ex	N125	recombination_suppression
1125	0	1	374	0.25	1.0	recombination	phlag_mlt_eap01_ena4_free_ex	N125	recombination_suppression
1125	0	1	374	0.25	1.0	recombination	phlag_mlt_eap01_ena4_esp001_ex	N125	recombination_suppression
1125	0	0	375	0.25	1.0	recombination	phlag_dto_eap01_ena4_rev0001_ex	N125	recombination_suppression
1125	0	1	374	0.25	1.0	recombination	phlag_mlt_eap01_ena4_esp005_ex	N125	recombination_suppression
1125	0	1	374	0.25	1.0	recombination	phlag_mlt_noprior_noprior_esp001_ex	N125	recombination_suppression
1125	0	375	0	0.25	1.0	recombination	phlag_dto_eap01_ena4_esp001	N125	recombination_suppression
568	557	189	186	0.25	1.0	recombination	phlag_dto_noprior_noprior_free_ex	N125	recombination_suppression
1125	0	0	375	0.25	1.0	recombination	phlag_dto_eap01_ena4_esp005_ex	N125	recombination_suppression
1125	0	0	375	0.25	1.0	recombination	phlag_dto_eap005_ena2_esp001_ex	N125	recombination_suppression
1125	0	0	375	0.25	1.0	recombination	phlag_dto_eap01_ena4_rev001_ex	N125	recombination_suppression
1125	0	0	375	0.25	1.0	recombination	phlag_dto_eap01_ena4_esp001_ex	N125	recombination_suppression
1349	1	0	150	0.1	1.0	recombination	phlag_mlt_eap01_ena4_esp010_ex	N295	recombination_suppression
1349	1	0	150	0.1	1.0	recombination	phlag_dto_eap01_ena4_free_ex	N295	recombination_suppression
1349	1	0	150	0.1	1.0	recombination	phlag_mlt_eap01_ena4_free_ex	N295	recombination_suppression
1349	1	0	150	0.1	1.0	recombination	phlag_mlt_eap01_ena4_esp001_ex	N295	recombination_suppression
1349	1	0	150	0.1	1.0	recombination	phlag_dto_eap01_ena4_rev0001_ex	N295	recombination_suppression
1349	1	0	150	0.1	1.0	recombination	phlag_mlt_eap01_ena4_esp005_ex	N295	recombination_suppression
1349	1	0	150	0.1	1.0	recombination	phlag_mlt_noprior_noprior_esp001_ex	N295	recombination_suppression
1350	0	150	0	0.1	1.0	recombination	phlag_dto_eap01_ena4_esp001	N295	recombination_suppression
683	667	76	74	0.1	1.0	recombination	phlag_dto_noprior_noprior_free_ex	N295	recombination_suppression
1349	1	0	150	0.1	1.0	recombination	phlag_dto_eap01_ena4_esp005_ex	N295	recombination_suppression
1349	1	0	150	0.1	1.0	recombination	phlag_dto_eap005_ena2_esp001_ex	N295	recombination_suppression
1349	1	0	150	0.1	1.0	recombination	phlag_dto_eap01_ena4_rev001_ex	N295	recombination_suppression
1349	1	0	150	0.1	1.0	recombination	phlag_dto_eap01_ena4_esp001_ex	N295	recombination_suppression
1275	0	3	222	0.15	1.0	recombination	phlag_mlt_eap01_ena4_esp010_ex	N115	recombination_suppression
1275	0	225	0	0.15	1.0	recombination	phlag_dto_eap01_ena4_free_ex	N115	recombination_suppression
1275	0	225	0	0.15	1.0	recombination	phlag_mlt_eap01_ena4_free_ex	N115	recombination_suppression
1275	0	3	222	0.15	1.0	recombination	phlag_mlt_eap01_ena4_esp001_ex	N115	recombination_suppression
1275	0	0	225	0.15	1.0	recombination	phlag_dto_eap01_ena4_rev0001_ex	N115	recombination_suppression
1275	0	3	222	0.15	1.0	recombination	phlag_mlt_eap01_ena4_esp005_ex	N115	recombination_suppression
1275	0	3	222	0.15	1.0	recombination	phlag_mlt_noprior_noprior_esp001_ex	N115	recombination_suppression
1123	152	0	225	0.15	1.0	recombination	phlag_dto_eap01_ena4_esp001	N115	recombination_suppression
640	635	113	112	0.15	1.0	recombination	phlag_dto_noprior_noprior_free_ex	N115	recombination_suppression
1275	0	0	225	0.15	1.0	recombination	phlag_dto_eap01_ena4_esp005_ex	N115	recombination_suppression
1275	0	0	225	0.15	1.0	recombination	phlag_dto_eap005_ena2_esp001_ex	N115	recombination_suppression
1275	0	0	225	0.15	1.0	recombination	phlag_dto_eap01_ena4_rev001_ex	N115	recombination_suppression
1275	0	0	225	0.15	1.0	recombination	phlag_dto_eap01_ena4_esp001_ex	N115	recombination_suppression
1425	0	2	73	0.05	1.0	recombination	phlag_mlt_eap01_ena4_esp010_ex	N678	recombination_suppression
1413	12	75	0	0.05	1.0	recombination	phlag_dto_eap01_ena4_free_ex	N678	recombination_suppression
1394	31	75	0	0.05	1.0	recombination	phlag_mlt_eap01_ena4_free_ex	N678	recombination_suppression
1425	0	2	73	0.05	1.0	recombination	phlag_mlt_eap01_ena4_esp001_ex	N678	recombination_suppression
1425	0	2	73	0.05	1.0	recombination	phlag_dto_eap01_ena4_rev0001_ex	N678	recombination_suppression
1425	0	2	73	0.05	1.0	recombination	phlag_mlt_eap01_ena4_esp005_ex	N678	recombination_suppression
1425	0	2	73	0.05	1.0	recombination	phlag_mlt_noprior_noprior_esp001_ex	N678	recombination_suppression
1425	0	75	0	0.05	1.0	recombination	phlag_dto_eap01_ena4_esp001	N678	recombination_suppression
719	706	38	37	0.05	1.0	recombination	phlag_dto_noprior_noprior_free_ex	N678	recombination_suppression
1425	0	2	73	0.05	1.0	recombination	phlag_dto_eap01_ena4_esp005_ex	N678	recombination_suppression
1425	0	2	73	0.05	1.0	recombination	phlag_dto_eap005_ena2_esp001_ex	N678	recombination_suppression
1420	5	0	75	0.05	1.0	recombination	phlag_dto_eap01_ena4_rev001_ex	N678	recombination_suppression
1414	11	75	0	0.05	1.0	recombination	phlag_dto_eap01_ena4_esp001_ex	N678	recombination_suppression
1344	6	0	150	0.1	1.0	recombination	phlag_mlt_eap01_ena4_esp010_ex	N555	recombination_suppression
1339	11	0	150	0.1	1.0	recombination	phlag_dto_eap01_ena4_free_ex	N555	recombination_suppression
1344	6	0	150	0.1	1.0	recombination	phlag_mlt_eap01_ena4_free_ex	N555	recombination_suppression
1344	6	0	150	0.1	1.0	recombination	phlag_mlt_eap01_ena4_esp001_ex	N555	recombination_suppression
1339	11	0	150	0.1	1.0	recombination	phlag_dto_eap01_ena4_rev0001_ex	N555	recombination_suppression
1344	6	0	150	0.1	1.0	recombination	phlag_mlt_eap01_ena4_esp005_ex	N555	recombination_suppression
1344	6	0	150	0.1	1.0	recombination	phlag_mlt_noprior_noprior_esp001_ex	N555	recombination_suppression
1164	186	150	0	0.1	1.0	recombination	phlag_dto_eap01_ena4_esp001	N555	recombination_suppression
763	587	6	144	0.1	1.0	recombination	phlag_dto_noprior_noprior_free_ex	N555	recombination_suppression
1339	11	0	150	0.1	1.0	recombination	phlag_dto_eap01_ena4_esp005_ex	N555	recombination_suppression
1348	2	0	150	0.1	1.0	recombination	phlag_dto_eap005_ena2_esp001_ex	N555	recombination_suppression
1339	11	0	150	0.1	1.0	recombination	phlag_dto_eap01_ena4_rev001_ex	N555	recombination_suppression
1339	11	0	150	0.1	1.0	recombination	phlag_dto_eap01_ena4_esp001_ex	N555	recombination_suppression
1006	464	30	0	0.02	1.0	recombination	phlag_mlt_eap01_ena4_esp010_ex	N682	recombination_suppression
1470	0	30	0	0.02	1.0	recombination	phlag_dto_eap01_ena4_free_ex	N682	recombination_suppression
1470	0	30	0	0.02	1.0	recombination	phlag_mlt_eap01_ena4_free_ex	N682	recombination_suppression
1006	464	30	0	0.02	1.0	recombination	phlag_mlt_eap01_ena4_esp001_ex	N682	recombination_suppression
1283	187	8	22	0.02	1.0	recombination	phlag_dto_eap01_ena4_rev0001_ex	N682	recombination_suppression
1006	464	30	0	0.02	1.0	recombination	phlag_mlt_eap01_ena4_esp005_ex	N682	recombination_suppression
1006	464	30	0	0.02	1.0	recombination	phlag_mlt_noprior_noprior_esp001_ex	N682	recombination_suppression
1470	0	30	0	0.02	1.0	recombination	phlag_dto_eap01_ena4_esp001	N682	recombination_suppression
749	721	15	15	0.02	1.0	recombination	phlag_dto_noprior_noprior_free_ex	N682	recombination_suppression
1261	209	8	22	0.02	1.0	recombination	phlag_dto_eap01_ena4_esp005_ex	N682	recombination_suppression
1318	152	30	0	0.02	1.0	recombination	phlag_dto_eap005_ena2_esp001_ex	N682	recombination_suppression
1470	0	30	0	0.02	1.0	recombination	phlag_dto_eap01_ena4_rev001_ex	N682	recombination_suppression
1470	0	30	0	0.02	1.0	recombination	phlag_dto_eap01_ena4_esp001_ex	N682	recombination_suppression
1091	184	210	15	0.15	1.0	recombination	phlag_mlt_eap01_ena4_esp010_ex	N202	recombination_suppression
627	648	164	61	0.15	1.0	recombination	phlag_dto_eap01_ena4_free_ex	N202	recombination_suppression
1247	28	225	0	0.15	1.0	recombination	phlag_mlt_eap01_ena4_free_ex	N202	recombination_suppression
1052	223	201	24	0.15	1.0	recombination	phlag_mlt_eap01_ena4_esp001_ex	N202	recombination_suppression
997	278	173	52	0.15	1.0	recombination	phlag_dto_eap01_ena4_rev0001_ex	N202	recombination_suppression
1082	193	210	15	0.15	1.0	recombination	phlag_mlt_eap01_ena4_esp005_ex	N202	recombination_suppression
1061	214	201	24	0.15	1.0	recombination	phlag_mlt_noprior_noprior_esp001_ex	N202	recombination_suppression
1203	72	172	53	0.15	1.0	recombination	phlag_dto_eap01_ena4_esp001	N202	recombination_suppression
730	545	128	97	0.15	1.0	recombination	phlag_dto_noprior_noprior_free_ex	N202	recombination_suppression
658	617	170	55	0.15	1.0	recombination	phlag_dto_eap01_ena4_esp005_ex	N202	recombination_suppression
1103	172	225	0	0.15	1.0	recombination	phlag_dto_eap005_ena2_esp001_ex	N202	recombination_suppression
1275	0	225	0	0.15	1.0	recombination	phlag_dto_eap01_ena4_rev001_ex	N202	recombination_suppression
997	278	173	52	0.15	1.0	recombination	phlag_dto_eap01_ena4_esp001_ex	N202	recombination_suppression
1425	0	1	74	0.05	1.0	recombination	phlag_mlt_eap01_ena4_esp010_ex	N296	recombination_suppression
1425	0	1	74	0.05	1.0	recombination	phlag_dto_eap01_ena4_free_ex	N296	recombination_suppression
1425	0	1	74	0.05	1.0	recombination	phlag_mlt_eap01_ena4_free_ex	N296	recombination_suppression
1425	0	1	74	0.05	1.0	recombination	phlag_mlt_eap01_ena4_esp001_ex	N296	recombination_suppression
1425	0	1	74	0.05	1.0	recombination	phlag_dto_eap01_ena4_rev0001_ex	N296	recombination_suppression
1425	0	1	74	0.05	1.0	recombination	phlag_mlt_eap01_ena4_esp005_ex	N296	recombination_suppression
1425	0	1	74	0.05	1.0	recombination	phlag_mlt_noprior_noprior_esp001_ex	N296	recombination_suppression
1425	0	75	0	0.05	1.0	recombination	phlag_dto_eap01_ena4_esp001	N296	recombination_suppression
728	697	40	35	0.05	1.0	recombination	phlag_dto_noprior_noprior_free_ex	N296	recombination_suppression
1425	0	1	74	0.05	1.0	recombination	phlag_dto_eap01_ena4_esp005_ex	N296	recombination_suppression
1425	0	1	74	0.05	1.0	recombination	phlag_dto_eap005_ena2_esp001_ex	N296	recombination_suppression
1425	0	1	74	0.05	1.0	recombination	phlag_dto_eap01_ena4_rev001_ex	N296	recombination_suppression
1425	0	1	74	0.05	1.0	recombination	phlag_dto_eap01_ena4_esp001_ex	N296	recombination_suppression
1135	65	244	56	0.2	1.0	recombination	phlag_mlt_eap01_ena4_esp010_ex	N533	recombination_suppression
1114	86	288	12	0.2	1.0	recombination	phlag_dto_eap01_ena4_free_ex	N533	recombination_suppression
1034	166	300	0	0.2	1.0	recombination	phlag_mlt_eap01_ena4_free_ex	N533	recombination_suppression
756	444	0	300	0.2	1.0	recombination	phlag_mlt_eap01_ena4_esp001_ex	N533	recombination_suppression
780	420	3	297	0.2	1.0	recombination	phlag_dto_eap01_ena4_rev0001_ex	N533	recombination_suppression
1036	164	300	0	0.2	1.0	recombination	phlag_mlt_eap01_ena4_esp005_ex	N533	recombination_suppression
756	444	0	300	0.2	1.0	recombination	phlag_mlt_noprior_noprior_esp001_ex	N533	recombination_suppression
1142	58	300	0	0.2	1.0	recombination	phlag_dto_eap01_ena4_esp001	N533	recombination_suppression
652	548	149	151	0.2	1.0	recombination	phlag_dto_noprior_noprior_free_ex	N533	recombination_suppression
638	562	300	0	0.2	1.0	recombination	phlag_dto_eap01_ena4_esp005_ex	N533	recombination_suppression
1000	200	300	0	0.2	1.0	recombination	phlag_dto_eap005_ena2_esp001_ex	N533	recombination_suppression
887	313	300	0	0.2	1.0	recombination	phlag_dto_eap01_ena4_rev001_ex	N533	recombination_suppression
771	429	51	249	0.2	1.0	recombination	phlag_dto_eap01_ena4_esp001_ex	N533	recombination_suppression
1284	141	75	0	0.05	1.0	recombination	phlag_mlt_eap01_ena4_esp010_ex	N396	recombination_suppression
1422	3	75	0	0.05	1.0	recombination	phlag_dto_eap01_ena4_free_ex	N396	recombination_suppression
1419	6	0	75	0.05	1.0	recombination	phlag_mlt_eap01_ena4_free_ex	N396	recombination_suppression
1419	6	0	75	0.05	1.0	recombination	phlag_mlt_eap01_ena4_esp001_ex	N396	recombination_suppression
1419	6	0	75	0.05	1.0	recombination	phlag_dto_eap01_ena4_rev0001_ex	N396	recombination_suppression
1419	6	0	75	0.05	1.0	recombination	phlag_mlt_eap01_ena4_esp005_ex	N396	recombination_suppression
1419	6	0	75	0.05	1.0	recombination	phlag_mlt_noprior_noprior_esp001_ex	N396	recombination_suppression
1423	2	27	48	0.05	1.0	recombination	phlag_dto_eap01_ena4_esp001	N396	recombination_suppression
1106	319	21	54	0.05	1.0	recombination	phlag_dto_noprior_noprior_free_ex	N396	recombination_suppression
1410	15	0	75	0.05	1.0	recombination	phlag_dto_eap01_ena4_esp005_ex	N396	recombination_suppression
1419	6	0	75	0.05	1.0	recombination	phlag_dto_eap005_ena2_esp001_ex	N396	recombination_suppression
1363	62	0	75	0.05	1.0	recombination	phlag_dto_eap01_ena4_rev001_ex	N396	recombination_suppression
1419	6	0	75	0.05	1.0	recombination	phlag_dto_eap01_ena4_esp001_ex	N396	recombination_suppression
1349	1	1	149	0.1	1.0	recombination	phlag_mlt_eap01_ena4_esp010_ex	N543	recombination_suppression
1349	1	1	149	0.1	1.0	recombination	phlag_dto_eap01_ena4_free_ex	N543	recombination_suppression
1349	1	1	149	0.1	1.0	recombination	phlag_mlt_eap01_ena4_free_ex	N543	recombination_suppression
1326	24	0	150	0.1	1.0	recombination	phlag_mlt_eap01_ena4_esp001_ex	N543	recombination_suppression
1349	1	1	149	0.1	1.0	recombination	phlag_dto_eap01_ena4_rev0001_ex	N543	recombination_suppression
1350	0	150	0	0.1	1.0	recombination	phlag_mlt_eap01_ena4_esp005_ex	N543	recombination_suppression
1326	24	0	150	0.1	1.0	recombination	phlag_mlt_noprior_noprior_esp001_ex	N543	recombination_suppression
1350	0	150	0	0.1	1.0	recombination	phlag_dto_eap01_ena4_esp001	N543	recombination_suppression
679	671	75	75	0.1	1.0	recombination	phlag_dto_noprior_noprior_free_ex	N543	recombination_suppression
1349	1	1	149	0.1	1.0	recombination	phlag_dto_eap01_ena4_esp005_ex	N543	recombination_suppression
1349	1	1	149	0.1	1.0	recombination	phlag_dto_eap005_ena2_esp001_ex	N543	recombination_suppression
1350	0	150	0	0.1	1.0	recombination	phlag_dto_eap01_ena4_rev001_ex	N543	recombination_suppression
1349	1	1	149	0.1	1.0	recombination	phlag_dto_eap01_ena4_esp001_ex	N543	recombination_suppression
1465	5	0	30	0.02	1.0	recombination	phlag_mlt_eap01_ena4_esp010_ex	N677	recombination_suppression
1460	10	30	0	0.02	1.0	recombination	phlag_dto_eap01_ena4_free_ex	N677	recombination_suppression
1440	30	30	0	0.02	1.0	recombination	phlag_mlt_eap01_ena4_free_ex	N677	recombination_suppression
1465	5	0	30	0.02	1.0	recombination	phlag_mlt_eap01_ena4_esp001_ex	N677	recombination_suppression
1272	198	30	0	0.02	1.0	recombination	phlag_dto_eap01_ena4_rev0001_ex	N677	recombination_suppression
1465	5	0	30	0.02	1.0	recombination	phlag_mlt_eap01_ena4_esp005_ex	N677	recombination_suppression
1465	5	0	30	0.02	1.0	recombination	phlag_mlt_noprior_noprior_esp001_ex	N677	recombination_suppression
1470	0	30	0	0.02	1.0	recombination	phlag_dto_eap01_ena4_esp001	N677	recombination_suppression
741	729	15	15	0.02	1.0	recombination	phlag_dto_noprior_noprior_free_ex	N677	recombination_suppression
1294	176	30	0	0.02	1.0	recombination	phlag_dto_eap01_ena4_esp005_ex	N677	recombination_suppression
1279	191	30	0	0.02	1.0	recombination	phlag_dto_eap005_ena2_esp001_ex	N677	recombination_suppression
1458	12	30	0	0.02	1.0	recombination	phlag_dto_eap01_ena4_rev001_ex	N677	recombination_suppression
1272	198	30	0	0.02	1.0	recombination	phlag_dto_eap01_ena4_esp001_ex	N677	recombination_suppression
1199	1	0	300	0.2	1.0	recombination	phlag_mlt_eap01_ena4_esp010_ex	N228	recombination_suppression
1187	13	0	300	0.2	1.0	recombination	phlag_dto_eap01_ena4_free_ex	N228	recombination_suppression
1199	1	0	300	0.2	1.0	recombination	phlag_mlt_eap01_ena4_free_ex	N228	recombination_suppression
1199	1	0	300	0.2	1.0	recombination	phlag_mlt_eap01_ena4_esp001_ex	N228	recombination_suppression
1197	3	0	300	0.2	1.0	recombination	phlag_dto_eap01_ena4_rev0001_ex	N228	recombination_suppression
1199	1	0	300	0.2	1.0	recombination	phlag_mlt_eap01_ena4_esp005_ex	N228	recombination_suppression
1199	1	0	300	0.2	1.0	recombination	phlag_mlt_noprior_noprior_esp001_ex	N228	recombination_suppression
1200	0	300	0	0.2	1.0	recombination	phlag_dto_eap01_ena4_esp001	N228	recombination_suppression
760	440	258	42	0.2	1.0	recombination	phlag_dto_noprior_noprior_free_ex	N228	recombination_suppression
1197	3	0	300	0.2	1.0	recombination	phlag_dto_eap01_ena4_esp005_ex	N228	recombination_suppression
1197	3	0	300	0.2	1.0	recombination	phlag_dto_eap005_ena2_esp001_ex	N228	recombination_suppression
1197	3	0	300	0.2	1.0	recombination	phlag_dto_eap01_ena4_rev001_ex	N228	recombination_suppression
1197	3	0	300	0.2	1.0	recombination	phlag_dto_eap01_ena4_esp001_ex	N228	recombination_suppression
1200	0	0	300	0.2	1.0	recombination	phlag_mlt_eap01_ena4_esp010_ex	N555	recombination_suppression
1200	0	0	300	0.2	1.0	recombination	phlag_dto_eap01_ena4_free_ex	N555	recombination_suppression
1200	0	0	300	0.2	1.0	recombination	phlag_mlt_eap01_ena4_free_ex	N555	recombination_suppression
1200	0	0	300	0.2	1.0	recombination	phlag_mlt_eap01_ena4_esp001_ex	N555	recombination_suppression
1200	0	0	300	0.2	1.0	recombination	phlag_dto_eap01_ena4_rev0001_ex	N555	recombination_suppression
1200	0	0	300	0.2	1.0	recombination	phlag_mlt_eap01_ena4_esp005_ex	N555	recombination_suppression
1200	0	0	300	0.2	1.0	recombination	phlag_mlt_noprior_noprior_esp001_ex	N555	recombination_suppression
1200	0	4	296	0.2	1.0	recombination	phlag_dto_eap01_ena4_esp001	N555	recombination_suppression
1200	0	0	300	0.2	1.0	recombination	phlag_dto_noprior_noprior_free_ex	N555	recombination_suppression
1200	0	0	300	0.2	1.0	recombination	phlag_dto_eap01_ena4_esp005_ex	N555	recombination_suppression
1200	0	0	300	0.2	1.0	recombination	phlag_dto_eap005_ena2_esp001_ex	N555	recombination_suppression
1200	0	0	300	0.2	1.0	recombination	phlag_dto_eap01_ena4_rev001_ex	N555	recombination_suppression
1200	0	0	300	0.2	1.0	recombination	phlag_dto_eap01_ena4_esp001_ex	N555	recombination_suppression
1199	1	0	300	0.2	1.0	recombination	phlag_mlt_eap01_ena4_esp010_ex	N295	recombination_suppression
1196	4	0	300	0.2	1.0	recombination	phlag_dto_eap01_ena4_free_ex	N295	recombination_suppression
1199	1	0	300	0.2	1.0	recombination	phlag_mlt_eap01_ena4_free_ex	N295	recombination_suppression
1199	1	0	300	0.2	1.0	recombination	phlag_mlt_eap01_ena4_esp001_ex	N295	recombination_suppression
1200	0	300	0	0.2	1.0	recombination	phlag_dto_eap01_ena4_rev0001_ex	N295	recombination_suppression
1199	1	0	300	0.2	1.0	recombination	phlag_mlt_eap01_ena4_esp005_ex	N295	recombination_suppression
1199	1	0	300	0.2	1.0	recombination	phlag_mlt_noprior_noprior_esp001_ex	N295	recombination_suppression
1200	0	300	0	0.2	1.0	recombination	phlag_dto_eap01_ena4_esp001	N295	recombination_suppression
1016	184	254	46	0.2	1.0	recombination	phlag_dto_noprior_noprior_free_ex	N295	recombination_suppression
1199	1	0	300	0.2	1.0	recombination	phlag_dto_eap01_ena4_esp005_ex	N295	recombination_suppression
1199	1	0	300	0.2	1.0	recombination	phlag_dto_eap005_ena2_esp001_ex	N295	recombination_suppression
1196	4	0	300	0.2	1.0	recombination	phlag_dto_eap01_ena4_rev001_ex	N295	recombination_suppression
1199	1	0	300	0.2	1.0	recombination	phlag_dto_eap01_ena4_esp001_ex	N295	recombination_suppression
1275	0	225	0	0.15	1.0	recombination	phlag_dto_eap01_ena4_esp001	N722	recombination_suppression
1182	18	0	300	0.2	1.0	recombination	phlag_mlt_eap01_ena4_esp010_ex	N252	recombination_suppression
1180	20	300	0	0.2	1.0	recombination	phlag_dto_eap01_ena4_free_ex	N252	recombination_suppression
1178	22	300	0	0.2	1.0	recombination	phlag_mlt_eap01_ena4_free_ex	N252	recombination_suppression
1182	18	0	300	0.2	1.0	recombination	phlag_mlt_eap01_ena4_esp001_ex	N252	recombination_suppression
1186	14	0	300	0.2	1.0	recombination	phlag_dto_eap01_ena4_rev0001_ex	N252	recombination_suppression
1182	18	0	300	0.2	1.0	recombination	phlag_mlt_eap01_ena4_esp005_ex	N252	recombination_suppression
1182	18	0	300	0.2	1.0	recombination	phlag_mlt_noprior_noprior_esp001_ex	N252	recombination_suppression
1200	0	300	0	0.2	1.0	recombination	phlag_dto_eap01_ena4_esp001	N252	recombination_suppression
714	486	201	99	0.2	1.0	recombination	phlag_dto_noprior_noprior_free_ex	N252	recombination_suppression
1183	17	0	300	0.2	1.0	recombination	phlag_dto_eap01_ena4_esp005_ex	N252	recombination_suppression
1183	17	0	300	0.2	1.0	recombination	phlag_dto_eap005_ena2_esp001_ex	N252	recombination_suppression
778	422	0	300	0.2	1.0	recombination	phlag_dto_eap01_ena4_rev001_ex	N252	recombination_suppression
1186	14	0	300	0.2	1.0	recombination	phlag_dto_eap01_ena4_esp001_ex	N252	recombination_suppression
1425	0	0	75	0.05	1.0	recombination	phlag_mlt_eap01_ena4_esp010_ex	N576	recombination_suppression
1425	0	0	75	0.05	1.0	recombination	phlag_dto_eap01_ena4_free_ex	N576	recombination_suppression
1425	0	0	75	0.05	1.0	recombination	phlag_mlt_eap01_ena4_free_ex	N576	recombination_suppression
1425	0	0	75	0.05	1.0	recombination	phlag_mlt_eap01_ena4_esp001_ex	N576	recombination_suppression
1425	0	0	75	0.05	1.0	recombination	phlag_dto_eap01_ena4_rev0001_ex	N576	recombination_suppression
1425	0	0	75	0.05	1.0	recombination	phlag_mlt_eap01_ena4_esp005_ex	N576	recombination_suppression
1425	0	0	75	0.05	1.0	recombination	phlag_mlt_noprior_noprior_esp001_ex	N576	recombination_suppression
1420	5	0	75	0.05	1.0	recombination	phlag_dto_eap01_ena4_esp001	N576	recombination_suppression
864	561	72	3	0.05	1.0	recombination	phlag_dto_noprior_noprior_free_ex	N576	recombination_suppression
1425	0	0	75	0.05	1.0	recombination	phlag_dto_eap01_ena4_esp005_ex	N576	recombination_suppression
1425	0	0	75	0.05	1.0	recombination	phlag_dto_eap005_ena2_esp001_ex	N576	recombination_suppression
1425	0	0	75	0.05	1.0	recombination	phlag_dto_eap01_ena4_rev001_ex	N576	recombination_suppression
1425	0	0	75	0.05	1.0	recombination	phlag_dto_eap01_ena4_esp001_ex	N576	recombination_suppression
874	551	75	0	0.05	1.0	recombination	phlag_mlt_eap01_ena4_esp010_ex	N349	recombination_suppression
853	572	75	0	0.05	1.0	recombination	phlag_dto_eap01_ena4_free_ex	N349	recombination_suppression
1425	0	75	0	0.05	1.0	recombination	phlag_mlt_eap01_ena4_free_ex	N349	recombination_suppression
1048	377	39	36	0.05	1.0	recombination	phlag_mlt_eap01_ena4_esp001_ex	N349	recombination_suppression
1425	0	75	0	0.05	1.0	recombination	phlag_dto_eap01_ena4_rev0001_ex	N349	recombination_suppression
1212	213	75	0	0.05	1.0	recombination	phlag_mlt_eap01_ena4_esp005_ex	N349	recombination_suppression
1025	400	39	36	0.05	1.0	recombination	phlag_mlt_noprior_noprior_esp001_ex	N349	recombination_suppression
1407	18	75	0	0.05	1.0	recombination	phlag_dto_eap01_ena4_esp001	N349	recombination_suppression
718	707	42	33	0.05	1.0	recombination	phlag_dto_noprior_noprior_free_ex	N349	recombination_suppression
854	571	39	36	0.05	1.0	recombination	phlag_dto_eap01_ena4_esp005_ex	N349	recombination_suppression
853	572	75	0	0.05	1.0	recombination	phlag_dto_eap005_ena2_esp001_ex	N349	recombination_suppression
1425	0	75	0	0.05	1.0	recombination	phlag_dto_eap01_ena4_rev001_ex	N349	recombination_suppression
871	554	75	0	0.05	1.0	recombination	phlag_dto_eap01_ena4_esp001_ex	N349	recombination_suppression
1350	0	0	150	0.1	1.0	recombination	phlag_mlt_eap01_ena4_esp010_ex	N396	recombination_suppression
1348	2	0	150	0.1	1.0	recombination	phlag_dto_eap01_ena4_free_ex	N396	recombination_suppression
1335	15	150	0	0.1	1.0	recombination	phlag_mlt_eap01_ena4_free_ex	N396	recombination_suppression
1350	0	0	150	0.1	1.0	recombination	phlag_mlt_eap01_ena4_esp001_ex	N396	recombination_suppression
1350	0	0	150	0.1	1.0	recombination	phlag_dto_eap01_ena4_rev0001_ex	N396	recombination_suppression
1350	0	0	150	0.1	1.0	recombination	phlag_mlt_eap01_ena4_esp005_ex	N396	recombination_suppression
1350	0	0	150	0.1	1.0	recombination	phlag_mlt_noprior_noprior_esp001_ex	N396	recombination_suppression
1327	23	0	150	0.1	1.0	recombination	phlag_dto_eap01_ena4_esp001	N396	recombination_suppression
1037	313	41	109	0.1	1.0	recombination	phlag_dto_noprior_noprior_free_ex	N396	recombination_suppression
1348	2	0	150	0.1	1.0	recombination	phlag_dto_eap01_ena4_esp005_ex	N396	recombination_suppression
1350	0	0	150	0.1	1.0	recombination	phlag_dto_eap005_ena2_esp001_ex	N396	recombination_suppression
1329	21	0	150	0.1	1.0	recombination	phlag_dto_eap01_ena4_rev001_ex	N396	recombination_suppression
1350	0	0	150	0.1	1.0	recombination	phlag_dto_eap01_ena4_esp001_ex	N396	recombination_suppression
1125	0	375	0	0.25	1.0	recombination	phlag_mlt_eap01_ena4_esp010_ex	N550	recombination_suppression
1109	16	375	0	0.25	1.0	recombination	phlag_dto_eap01_ena4_free_ex	N550	recombination_suppression
1125	0	375	0	0.25	1.0	recombination	phlag_mlt_eap01_ena4_free_ex	N550	recombination_suppression
1113	12	0	375	0.25	1.0	recombination	phlag_mlt_eap01_ena4_esp001_ex	N550	recombination_suppression
1111	14	0	375	0.25	1.0	recombination	phlag_dto_eap01_ena4_rev0001_ex	N550	recombination_suppression
1113	12	0	375	0.25	1.0	recombination	phlag_mlt_eap01_ena4_esp005_ex	N550	recombination_suppression
1111	14	0	375	0.25	1.0	recombination	phlag_mlt_noprior_noprior_esp001_ex	N550	recombination_suppression
1125	0	375	0	0.25	1.0	recombination	phlag_dto_eap01_ena4_esp001	N550	recombination_suppression
657	468	174	201	0.25	1.0	recombination	phlag_dto_noprior_noprior_free_ex	N550	recombination_suppression
1111	14	0	375	0.25	1.0	recombination	phlag_dto_eap01_ena4_esp005_ex	N550	recombination_suppression
1058	67	375	0	0.25	1.0	recombination	phlag_dto_eap005_ena2_esp001_ex	N550	recombination_suppression
1116	9	375	0	0.25	1.0	recombination	phlag_dto_eap01_ena4_rev001_ex	N550	recombination_suppression
1111	14	0	375	0.25	1.0	recombination	phlag_dto_eap01_ena4_esp001_ex	N550	recombination_suppression
1421	4	2	73	0.05	1.0	recombination	phlag_mlt_eap01_ena4_esp010_ex	N555	recombination_suppression
1414	11	0	75	0.05	1.0	recombination	phlag_dto_eap01_ena4_free_ex	N555	recombination_suppression
1417	8	75	0	0.05	1.0	recombination	phlag_mlt_eap01_ena4_free_ex	N555	recombination_suppression
1421	4	2	73	0.05	1.0	recombination	phlag_mlt_eap01_ena4_esp001_ex	N555	recombination_suppression
1414	11	0	75	0.05	1.0	recombination	phlag_dto_eap01_ena4_rev0001_ex	N555	recombination_suppression
1421	4	2	73	0.05	1.0	recombination	phlag_mlt_eap01_ena4_esp005_ex	N555	recombination_suppression
1421	4	2	73	0.05	1.0	recombination	phlag_mlt_noprior_noprior_esp001_ex	N555	recombination_suppression
1233	192	75	0	0.05	1.0	recombination	phlag_dto_eap01_ena4_esp001	N555	recombination_suppression
706	719	73	2	0.05	1.0	recombination	phlag_dto_noprior_noprior_free_ex	N555	recombination_suppression
1414	11	0	75	0.05	1.0	recombination	phlag_dto_eap01_ena4_esp005_ex	N555	recombination_suppression
1414	11	0	75	0.05	1.0	recombination	phlag_dto_eap005_ena2_esp001_ex	N555	recombination_suppression
1416	9	1	74	0.05	1.0	recombination	phlag_dto_eap01_ena4_rev001_ex	N555	recombination_suppression
1414	11	0	75	0.05	1.0	recombination	phlag_dto_eap01_ena4_esp001_ex	N555	recombination_suppression
1097	103	277	23	0.2	1.0	recombination	phlag_mlt_eap01_ena4_esp010_ex	N202	recombination_suppression
930	270	249	51	0.2	1.0	recombination	phlag_dto_eap01_ena4_free_ex	N202	recombination_suppression
1191	9	300	0	0.2	1.0	recombination	phlag_mlt_eap01_ena4_free_ex	N202	recombination_suppression
920	280	243	57	0.2	1.0	recombination	phlag_mlt_eap01_ena4_esp001_ex	N202	recombination_suppression
946	254	249	51	0.2	1.0	recombination	phlag_dto_eap01_ena4_rev0001_ex	N202	recombination_suppression
930	270	249	51	0.2	1.0	recombination	phlag_mlt_eap01_ena4_esp005_ex	N202	recombination_suppression
920	280	243	57	0.2	1.0	recombination	phlag_mlt_noprior_noprior_esp001_ex	N202	recombination_suppression
1166	34	300	0	0.2	1.0	recombination	phlag_dto_eap01_ena4_esp001	N202	recombination_suppression
690	510	172	128	0.2	1.0	recombination	phlag_dto_noprior_noprior_free_ex	N202	recombination_suppression
701	499	52	248	0.2	1.0	recombination	phlag_dto_eap01_ena4_esp005_ex	N202	recombination_suppression
1161	39	300	0	0.2	1.0	recombination	phlag_dto_eap005_ena2_esp001_ex	N202	recombination_suppression
1200	0	300	0	0.2	1.0	recombination	phlag_dto_eap01_ena4_rev001_ex	N202	recombination_suppression
802	398	209	91	0.2	1.0	recombination	phlag_dto_eap01_ena4_esp001_ex	N202	recombination_suppression
1350	0	6	144	0.1	1.0	recombination	phlag_mlt_eap01_ena4_esp010_ex	N576	recombination_suppression
1350	0	0	150	0.1	1.0	recombination	phlag_dto_eap01_ena4_free_ex	N576	recombination_suppression
1350	0	6	144	0.1	1.0	recombination	phlag_mlt_eap01_ena4_free_ex	N576	recombination_suppression
1350	0	6	144	0.1	1.0	recombination	phlag_mlt_eap01_ena4_esp001_ex	N576	recombination_suppression
1350	0	0	150	0.1	1.0	recombination	phlag_dto_eap01_ena4_rev0001_ex	N576	recombination_suppression
1350	0	6	144	0.1	1.0	recombination	phlag_mlt_eap01_ena4_esp005_ex	N576	recombination_suppression
1350	0	6	144	0.1	1.0	recombination	phlag_mlt_noprior_noprior_esp001_ex	N576	recombination_suppression
1349	1	6	144	0.1	1.0	recombination	phlag_dto_eap01_ena4_esp001	N576	recombination_suppression
1350	0	0	150	0.1	1.0	recombination	phlag_dto_noprior_noprior_free_ex	N576	recombination_suppression
1350	0	0	150	0.1	1.0	recombination	phlag_dto_eap01_ena4_esp005_ex	N576	recombination_suppression
1350	0	0	150	0.1	1.0	recombination	phlag_dto_eap005_ena2_esp001_ex	N576	recombination_suppression
1350	0	0	150	0.1	1.0	recombination	phlag_dto_eap01_ena4_rev001_ex	N576	recombination_suppression
1350	0	0	150	0.1	1.0	recombination	phlag_dto_eap01_ena4_esp001_ex	N576	recombination_suppression
1350	0	1	149	0.1	1.0	recombination	phlag_mlt_eap01_ena4_esp010_ex	N125	recombination_suppression
1350	0	1	149	0.1	1.0	recombination	phlag_dto_eap01_ena4_free_ex	N125	recombination_suppression
1350	0	150	0	0.1	1.0	recombination	phlag_mlt_eap01_ena4_free_ex	N125	recombination_suppression
1350	0	1	149	0.1	1.0	recombination	phlag_mlt_eap01_ena4_esp001_ex	N125	recombination_suppression
1350	0	1	149	0.1	1.0	recombination	phlag_dto_eap01_ena4_rev0001_ex	N125	recombination_suppression
1350	0	1	149	0.1	1.0	recombination	phlag_mlt_eap01_ena4_esp005_ex	N125	recombination_suppression
1350	0	1	149	0.1	1.0	recombination	phlag_mlt_noprior_noprior_esp001_ex	N125	recombination_suppression
1350	0	150	0	0.1	1.0	recombination	phlag_dto_eap01_ena4_esp001	N125	recombination_suppression
676	674	75	75	0.1	1.0	recombination	phlag_dto_noprior_noprior_free_ex	N125	recombination_suppression
1350	0	1	149	0.1	1.0	recombination	phlag_dto_eap01_ena4_esp005_ex	N125	recombination_suppression
1350	0	1	149	0.1	1.0	recombination	phlag_dto_eap005_ena2_esp001_ex	N125	recombination_suppression
1350	0	1	149	0.1	1.0	recombination	phlag_dto_eap01_ena4_rev001_ex	N125	recombination_suppression
1350	0	1	149	0.1	1.0	recombination	phlag_dto_eap01_ena4_esp001_ex	N125	recombination_suppression
1343	7	0	150	0.1	1.0	recombination	phlag_mlt_eap01_ena4_esp010_ex	N228	recombination_suppression
1340	10	0	150	0.1	1.0	recombination	phlag_dto_eap01_ena4_free_ex	N228	recombination_suppression
1343	7	0	150	0.1	1.0	recombination	phlag_mlt_eap01_ena4_free_ex	N228	recombination_suppression
1336	14	0	150	0.1	1.0	recombination	phlag_mlt_eap01_ena4_esp001_ex	N228	recombination_suppression
1340	10	0	150	0.1	1.0	recombination	phlag_dto_eap01_ena4_rev0001_ex	N228	recombination_suppression
1336	14	0	150	0.1	1.0	recombination	phlag_mlt_eap01_ena4_esp005_ex	N228	recombination_suppression
1336	14	0	150	0.1	1.0	recombination	phlag_mlt_noprior_noprior_esp001_ex	N228	recombination_suppression
1350	0	150	0	0.1	1.0	recombination	phlag_dto_eap01_ena4_esp001	N228	recombination_suppression
846	504	130	20	0.1	1.0	recombination	phlag_dto_noprior_noprior_free_ex	N228	recombination_suppression
1330	20	0	150	0.1	1.0	recombination	phlag_dto_eap01_ena4_esp005_ex	N228	recombination_suppression
1340	10	0	150	0.1	1.0	recombination	phlag_dto_eap005_ena2_esp001_ex	N228	recombination_suppression
1149	201	150	0	0.1	1.0	recombination	phlag_dto_eap01_ena4_rev001_ex	N228	recombination_suppression
1330	20	0	150	0.1	1.0	recombination	phlag_dto_eap01_ena4_esp001_ex	N228	recombination_suppression
1274	1	14	211	0.15	1.0	recombination	phlag_mlt_eap01_ena4_esp010_ex	N564	recombination_suppression
1272	3	0	225	0.15	1.0	recombination	phlag_dto_eap01_ena4_free_ex	N564	recombination_suppression
1275	0	41	184	0.15	1.0	recombination	phlag_mlt_eap01_ena4_free_ex	N564	recombination_suppression
1275	0	41	184	0.15	1.0	recombination	phlag_mlt_eap01_ena4_esp001_ex	N564	recombination_suppression
1274	1	26	199	0.15	1.0	recombination	phlag_dto_eap01_ena4_rev0001_ex	N564	recombination_suppression
1274	1	14	211	0.15	1.0	recombination	phlag_mlt_eap01_ena4_esp005_ex	N564	recombination_suppression
1275	0	41	184	0.15	1.0	recombination	phlag_mlt_noprior_noprior_esp001_ex	N564	recombination_suppression
1275	0	64	161	0.15	1.0	recombination	phlag_dto_eap01_ena4_esp001	N564	recombination_suppression
618	657	148	77	0.15	1.0	recombination	phlag_dto_noprior_noprior_free_ex	N564	recombination_suppression
1272	3	0	225	0.15	1.0	recombination	phlag_dto_eap01_ena4_esp005_ex	N564	recombination_suppression
1272	3	0	225	0.15	1.0	recombination	phlag_dto_eap005_ena2_esp001_ex	N564	recombination_suppression
1272	3	0	225	0.15	1.0	recombination	phlag_dto_eap01_ena4_rev001_ex	N564	recombination_suppression
1274	1	26	199	0.15	1.0	recombination	phlag_dto_eap01_ena4_esp001_ex	N564	recombination_suppression
1350	0	0	150	0.1	1.0	recombination	phlag_mlt_eap01_ena4_esp010_ex	N678	recombination_suppression
1337	13	150	0	0.1	1.0	recombination	phlag_dto_eap01_ena4_free_ex	N678	recombination_suppression
1350	0	0	150	0.1	1.0	recombination	phlag_mlt_eap01_ena4_free_ex	N678	recombination_suppression
1350	0	0	150	0.1	1.0	recombination	phlag_mlt_eap01_ena4_esp001_ex	N678	recombination_suppression
1350	0	0	150	0.1	1.0	recombination	phlag_dto_eap01_ena4_rev0001_ex	N678	recombination_suppression
1350	0	0	150	0.1	1.0	recombination	phlag_mlt_eap01_ena4_esp005_ex	N678	recombination_suppression
1350	0	0	150	0.1	1.0	recombination	phlag_mlt_noprior_noprior_esp001_ex	N678	recombination_suppression
1341	9	0	150	0.1	1.0	recombination	phlag_dto_eap01_ena4_esp001	N678	recombination_suppression
686	664	76	74	0.1	1.0	recombination	phlag_dto_noprior_noprior_free_ex	N678	recombination_suppression
1350	0	0	150	0.1	1.0	recombination	phlag_dto_eap01_ena4_esp005_ex	N678	recombination_suppression
1350	0	0	150	0.1	1.0	recombination	phlag_dto_eap005_ena2_esp001_ex	N678	recombination_suppression
1345	5	0	150	0.1	1.0	recombination	phlag_dto_eap01_ena4_rev001_ex	N678	recombination_suppression
1350	0	0	150	0.1	1.0	recombination	phlag_dto_eap01_ena4_esp001_ex	N678	recombination_suppression
1198	2	2	298	0.2	1.0	recombination	phlag_mlt_eap01_ena4_esp010_ex	N211	recombination_suppression
1189	11	2	298	0.2	1.0	recombination	phlag_dto_eap01_ena4_free_ex	N211	recombination_suppression
1200	0	300	0	0.2	1.0	recombination	phlag_mlt_eap01_ena4_free_ex	N211	recombination_suppression
1198	2	2	298	0.2	1.0	recombination	phlag_mlt_eap01_ena4_esp001_ex	N211	recombination_suppression
1189	11	2	298	0.2	1.0	recombination	phlag_dto_eap01_ena4_rev0001_ex	N211	recombination_suppression
1198	2	2	298	0.2	1.0	recombination	phlag_mlt_eap01_ena4_esp005_ex	N211	recombination_suppression
1198	2	2	298	0.2	1.0	recombination	phlag_mlt_noprior_noprior_esp001_ex	N211	recombination_suppression
1118	82	0	300	0.2	1.0	recombination	phlag_dto_eap01_ena4_esp001	N211	recombination_suppression
1126	74	300	0	0.2	1.0	recombination	phlag_dto_noprior_noprior_free_ex	N211	recombination_suppression
1189	11	2	298	0.2	1.0	recombination	phlag_dto_eap01_ena4_esp005_ex	N211	recombination_suppression
1198	2	2	298	0.2	1.0	recombination	phlag_dto_eap005_ena2_esp001_ex	N211	recombination_suppression
1200	0	300	0	0.2	1.0	recombination	phlag_dto_eap01_ena4_rev001_ex	N211	recombination_suppression
1189	11	2	298	0.2	1.0	recombination	phlag_dto_eap01_ena4_esp001_ex	N211	recombination_suppression
538	737	225	0	0.15	1.0	recombination	phlag_mlt_eap01_ena4_esp010_ex	N416	recombination_suppression
930	345	225	0	0.15	1.0	recombination	phlag_dto_eap01_ena4_free_ex	N416	recombination_suppression
1244	31	225	0	0.15	1.0	recombination	phlag_mlt_eap01_ena4_free_ex	N416	recombination_suppression
934	341	159	66	0.15	1.0	recombination	phlag_mlt_eap01_ena4_esp001_ex	N416	recombination_suppression
922	353	225	0	0.15	1.0	recombination	phlag_dto_eap01_ena4_rev0001_ex	N416	recombination_suppression
1124	151	225	0	0.15	1.0	recombination	phlag_mlt_eap01_ena4_esp005_ex	N416	recombination_suppression
1124	151	225	0	0.15	1.0	recombination	phlag_mlt_noprior_noprior_esp001_ex	N416	recombination_suppression
1193	82	225	0	0.15	1.0	recombination	phlag_dto_eap01_ena4_esp001	N416	recombination_suppression
921	354	155	70	0.15	1.0	recombination	phlag_dto_noprior_noprior_free_ex	N416	recombination_suppression
692	583	131	94	0.15	1.0	recombination	phlag_dto_eap01_ena4_esp005_ex	N416	recombination_suppression
1113	162	225	0	0.15	1.0	recombination	phlag_dto_eap005_ena2_esp001_ex	N416	recombination_suppression
1019	256	188	37	0.15	1.0	recombination	phlag_dto_eap01_ena4_rev001_ex	N416	recombination_suppression
911	364	225	0	0.15	1.0	recombination	phlag_dto_eap01_ena4_esp001_ex	N416	recombination_suppression
1470	0	30	0	0.02	1.0	recombination	phlag_mlt_eap01_ena4_esp010_ex	N550	recombination_suppression
1423	47	30	0	0.02	1.0	recombination	phlag_dto_eap01_ena4_free_ex	N550	recombination_suppression
1470	0	30	0	0.02	1.0	recombination	phlag_mlt_eap01_ena4_free_ex	N550	recombination_suppression
1470	0	30	0	0.02	1.0	recombination	phlag_mlt_eap01_ena4_esp001_ex	N550	recombination_suppression
1298	172	30	0	0.02	1.0	recombination	phlag_dto_eap01_ena4_rev0001_ex	N550	recombination_suppression
1470	0	30	0	0.02	1.0	recombination	phlag_mlt_eap01_ena4_esp005_ex	N550	recombination_suppression
1470	0	30	0	0.02	1.0	recombination	phlag_mlt_noprior_noprior_esp001_ex	N550	recombination_suppression
1470	0	30	0	0.02	1.0	recombination	phlag_dto_eap01_ena4_esp001	N550	recombination_suppression
760	710	15	15	0.02	1.0	recombination	phlag_dto_noprior_noprior_free_ex	N550	recombination_suppression
899	571	0	30	0.02	1.0	recombination	phlag_dto_eap01_ena4_esp005_ex	N550	recombination_suppression
1390	80	30	0	0.02	1.0	recombination	phlag_dto_eap005_ena2_esp001_ex	N550	recombination_suppression
1459	11	30	0	0.02	1.0	recombination	phlag_dto_eap01_ena4_rev001_ex	N550	recombination_suppression
1298	172	30	0	0.02	1.0	recombination	phlag_dto_eap01_ena4_esp001_ex	N550	recombination_suppression
1112	13	74	301	0.25	1.0	recombination	phlag_mlt_eap01_ena4_esp010_ex	N499	recombination_suppression
1125	0	42	333	0.25	1.0	recombination	phlag_dto_eap01_ena4_free_ex	N499	recombination_suppression
1112	13	75	300	0.25	1.0	recombination	phlag_mlt_eap01_ena4_free_ex	N499	recombination_suppression
1112	13	80	295	0.25	1.0	recombination	phlag_mlt_eap01_ena4_esp001_ex	N499	recombination_suppression
1125	0	42	333	0.25	1.0	recombination	phlag_dto_eap01_ena4_rev0001_ex	N499	recombination_suppression
1112	13	79	296	0.25	1.0	recombination	phlag_mlt_eap01_ena4_esp005_ex	N499	recombination_suppression
1112	13	75	300	0.25	1.0	recombination	phlag_mlt_noprior_noprior_esp001_ex	N499	recombination_suppression
1109	16	37	338	0.25	1.0	recombination	phlag_dto_eap01_ena4_esp001	N499	recombination_suppression
703	422	117	258	0.25	1.0	recombination	phlag_dto_noprior_noprior_free_ex	N499	recombination_suppression
1125	0	42	333	0.25	1.0	recombination	phlag_dto_eap01_ena4_esp005_ex	N499	recombination_suppression
1125	0	42	333	0.25	1.0	recombination	phlag_dto_eap005_ena2_esp001_ex	N499	recombination_suppression
1125	0	42	333	0.25	1.0	recombination	phlag_dto_eap01_ena4_rev001_ex	N499	recombination_suppression
1125	0	42	333	0.25	1.0	recombination	phlag_dto_eap01_ena4_esp001_ex	N499	recombination_suppression
1275	0	2	223	0.15	1.0	recombination	phlag_mlt_eap01_ena4_esp010_ex	N677	recombination_suppression
1265	10	225	0	0.15	1.0	recombination	phlag_dto_eap01_ena4_free_ex	N677	recombination_suppression
1275	0	2	223	0.15	1.0	recombination	phlag_mlt_eap01_ena4_free_ex	N677	recombination_suppression
1275	0	2	223	0.15	1.0	recombination	phlag_mlt_eap01_ena4_esp001_ex	N677	recombination_suppression
1275	0	2	223	0.15	1.0	recombination	phlag_dto_eap01_ena4_rev0001_ex	N677	recombination_suppression
1275	0	2	223	0.15	1.0	recombination	phlag_mlt_eap01_ena4_esp005_ex	N677	recombination_suppression
1275	0	2	223	0.15	1.0	recombination	phlag_mlt_noprior_noprior_esp001_ex	N677	recombination_suppression
1275	0	225	0	0.15	1.0	recombination	phlag_dto_eap01_ena4_esp001	N677	recombination_suppression
648	627	114	111	0.15	1.0	recombination	phlag_dto_noprior_noprior_free_ex	N677	recombination_suppression
1275	0	2	223	0.15	1.0	recombination	phlag_dto_eap01_ena4_esp005_ex	N677	recombination_suppression
1275	0	2	223	0.15	1.0	recombination	phlag_dto_eap005_ena2_esp001_ex	N677	recombination_suppression
1265	10	225	0	0.15	1.0	recombination	phlag_dto_eap01_ena4_rev001_ex	N677	recombination_suppression
1275	0	2	223	0.15	1.0	recombination	phlag_dto_eap01_ena4_esp001_ex	N677	recombination_suppression
1125	0	0	375	0.25	1.0	recombination	phlag_mlt_eap01_ena4_esp010_ex	N686	recombination_suppression
1125	0	0	375	0.25	1.0	recombination	phlag_dto_eap01_ena4_free_ex	N686	recombination_suppression
1125	0	0	375	0.25	1.0	recombination	phlag_mlt_eap01_ena4_free_ex	N686	recombination_suppression
1125	0	0	375	0.25	1.0	recombination	phlag_mlt_eap01_ena4_esp001_ex	N686	recombination_suppression
1125	0	0	375	0.25	1.0	recombination	phlag_dto_eap01_ena4_rev0001_ex	N686	recombination_suppression
1125	0	0	375	0.25	1.0	recombination	phlag_mlt_eap01_ena4_esp005_ex	N686	recombination_suppression
1125	0	0	375	0.25	1.0	recombination	phlag_mlt_noprior_noprior_esp001_ex	N686	recombination_suppression
1124	1	0	375	0.25	1.0	recombination	phlag_dto_eap01_ena4_esp001	N686	recombination_suppression
635	490	221	154	0.25	1.0	recombination	phlag_dto_noprior_noprior_free_ex	N686	recombination_suppression
1125	0	0	375	0.25	1.0	recombination	phlag_dto_eap01_ena4_esp005_ex	N686	recombination_suppression
1125	0	0	375	0.25	1.0	recombination	phlag_dto_eap005_ena2_esp001_ex	N686	recombination_suppression
1125	0	0	375	0.25	1.0	recombination	phlag_dto_eap01_ena4_rev001_ex	N686	recombination_suppression
1125	0	0	375	0.25	1.0	recombination	phlag_dto_eap01_ena4_esp001_ex	N686	recombination_suppression
1350	0	150	0	0.1	1.0	recombination	phlag_mlt_eap01_ena4_esp010_ex	N202	recombination_suppression
729	621	52	98	0.1	1.0	recombination	phlag_dto_eap01_ena4_free_ex	N202	recombination_suppression
1341	9	150	0	0.1	1.0	recombination	phlag_mlt_eap01_ena4_free_ex	N202	recombination_suppression
1268	82	135	15	0.1	1.0	recombination	phlag_mlt_eap01_ena4_esp001_ex	N202	recombination_suppression
729	621	52	98	0.1	1.0	recombination	phlag_dto_eap01_ena4_rev0001_ex	N202	recombination_suppression
1268	82	135	15	0.1	1.0	recombination	phlag_mlt_eap01_ena4_esp005_ex	N202	recombination_suppression
1268	82	135	15	0.1	1.0	recombination	phlag_mlt_noprior_noprior_esp001_ex	N202	recombination_suppression
1330	20	150	0	0.1	1.0	recombination	phlag_dto_eap01_ena4_esp001	N202	recombination_suppression
777	573	84	66	0.1	1.0	recombination	phlag_dto_noprior_noprior_free_ex	N202	recombination_suppression
926	424	102	48	0.1	1.0	recombination	phlag_dto_eap01_ena4_esp005_ex	N202	recombination_suppression
1272	78	150	0	0.1	1.0	recombination	phlag_dto_eap005_ena2_esp001_ex	N202	recombination_suppression
1350	0	150	0	0.1	1.0	recombination	phlag_dto_eap01_ena4_rev001_ex	N202	recombination_suppression
729	621	52	98	0.1	1.0	recombination	phlag_dto_eap01_ena4_esp001_ex	N202	recombination_suppression
1197	78	224	1	0.15	1.0	recombination	phlag_mlt_eap01_ena4_esp010_ex	N682	recombination_suppression
1275	0	225	0	0.15	1.0	recombination	phlag_dto_eap01_ena4_free_ex	N682	recombination_suppression
1273	2	1	224	0.15	1.0	recombination	phlag_mlt_eap01_ena4_free_ex	N682	recombination_suppression
1038	237	224	1	0.15	1.0	recombination	phlag_mlt_eap01_ena4_esp001_ex	N682	recombination_suppression
1275	0	3	222	0.15	1.0	recombination	phlag_dto_eap01_ena4_rev0001_ex	N682	recombination_suppression
1199	76	225	0	0.15	1.0	recombination	phlag_mlt_eap01_ena4_esp005_ex	N682	recombination_suppression
1273	2	1	224	0.15	1.0	recombination	phlag_mlt_noprior_noprior_esp001_ex	N682	recombination_suppression
1275	0	225	0	0.15	1.0	recombination	phlag_dto_eap01_ena4_esp001	N682	recombination_suppression
649	626	116	109	0.15	1.0	recombination	phlag_dto_noprior_noprior_free_ex	N682	recombination_suppression
901	374	224	1	0.15	1.0	recombination	phlag_dto_eap01_ena4_esp005_ex	N682	recombination_suppression
977	298	224	1	0.15	1.0	recombination	phlag_dto_eap005_ena2_esp001_ex	N682	recombination_suppression
1275	0	225	0	0.15	1.0	recombination	phlag_dto_eap01_ena4_rev001_ex	N682	recombination_suppression
1273	2	1	224	0.15	1.0	recombination	phlag_dto_eap01_ena4_esp001_ex	N682	recombination_suppression
1200	0	1	299	0.2	1.0	recombination	phlag_mlt_eap01_ena4_esp010_ex	N296	recombination_suppression
1200	0	1	299	0.2	1.0	recombination	phlag_dto_eap01_ena4_free_ex	N296	recombination_suppression
1200	0	1	299	0.2	1.0	recombination	phlag_mlt_eap01_ena4_free_ex	N296	recombination_suppression
1200	0	1	299	0.2	1.0	recombination	phlag_mlt_eap01_ena4_esp001_ex	N296	recombination_suppression
1200	0	1	299	0.2	1.0	recombination	phlag_dto_eap01_ena4_rev0001_ex	N296	recombination_suppression
1200	0	1	299	0.2	1.0	recombination	phlag_mlt_eap01_ena4_esp005_ex	N296	recombination_suppression
1200	0	1	299	0.2	1.0	recombination	phlag_mlt_noprior_noprior_esp001_ex	N296	recombination_suppression
1165	35	0	300	0.2	1.0	recombination	phlag_dto_eap01_ena4_esp001	N296	recombination_suppression
604	596	153	147	0.2	1.0	recombination	phlag_dto_noprior_noprior_free_ex	N296	recombination_suppression
1200	0	1	299	0.2	1.0	recombination	phlag_dto_eap01_ena4_esp005_ex	N296	recombination_suppression
1200	0	1	299	0.2	1.0	recombination	phlag_dto_eap005_ena2_esp001_ex	N296	recombination_suppression
1200	0	1	299	0.2	1.0	recombination	phlag_dto_eap01_ena4_rev001_ex	N296	recombination_suppression
1200	0	1	299	0.2	1.0	recombination	phlag_dto_eap01_ena4_esp001_ex	N296	recombination_suppression
1200	0	300	0	0.2	1.0	recombination	phlag_mlt_eap01_ena4_esp010_ex	N550	recombination_suppression
1186	14	300	0	0.2	1.0	recombination	phlag_dto_eap01_ena4_free_ex	N550	recombination_suppression
1200	0	300	0	0.2	1.0	recombination	phlag_mlt_eap01_ena4_free_ex	N550	recombination_suppression
1160	40	0	300	0.2	1.0	recombination	phlag_mlt_eap01_ena4_esp001_ex	N550	recombination_suppression
1135	65	0	300	0.2	1.0	recombination	phlag_dto_eap01_ena4_rev0001_ex	N550	recombination_suppression
1160	40	13	287	0.2	1.0	recombination	phlag_mlt_eap01_ena4_esp005_ex	N550	recombination_suppression
1160	40	13	287	0.2	1.0	recombination	phlag_mlt_noprior_noprior_esp001_ex	N550	recombination_suppression
1200	0	300	0	0.2	1.0	recombination	phlag_dto_eap01_ena4_esp001	N550	recombination_suppression
700	500	141	159	0.2	1.0	recombination	phlag_dto_noprior_noprior_free_ex	N550	recombination_suppression
592	608	300	0	0.2	1.0	recombination	phlag_dto_eap01_ena4_esp005_ex	N550	recombination_suppression
1042	158	0	300	0.2	1.0	recombination	phlag_dto_eap005_ena2_esp001_ex	N550	recombination_suppression
1191	9	300	0	0.2	1.0	recombination	phlag_dto_eap01_ena4_rev001_ex	N550	recombination_suppression
1042	158	0	300	0.2	1.0	recombination	phlag_dto_eap01_ena4_esp001_ex	N550	recombination_suppression
1125	0	375	0	0.25	1.0	recombination	phlag_mlt_eap01_ena4_esp010_ex	N349	recombination_suppression
991	134	136	239	0.25	1.0	recombination	phlag_dto_eap01_ena4_free_ex	N349	recombination_suppression
1079	46	375	0	0.25	1.0	recombination	phlag_mlt_eap01_ena4_free_ex	N349	recombination_suppression
1125	0	375	0	0.25	1.0	recombination	phlag_mlt_eap01_ena4_esp001_ex	N349	recombination_suppression
879	246	328	47	0.25	1.0	recombination	phlag_dto_eap01_ena4_rev0001_ex	N349	recombination_suppression
1093	32	375	0	0.25	1.0	recombination	phlag_mlt_eap01_ena4_esp005_ex	N349	recombination_suppression
1125	0	375	0	0.25	1.0	recombination	phlag_mlt_noprior_noprior_esp001_ex	N349	recombination_suppression
1056	69	375	0	0.25	1.0	recombination	phlag_dto_eap01_ena4_esp001	N349	recombination_suppression
708	417	228	147	0.25	1.0	recombination	phlag_dto_noprior_noprior_free_ex	N349	recombination_suppression
854	271	130	245	0.25	1.0	recombination	phlag_dto_eap01_ena4_esp005_ex	N349	recombination_suppression
949	176	375	0	0.25	1.0	recombination	phlag_dto_eap005_ena2_esp001_ex	N349	recombination_suppression
1125	0	375	0	0.25	1.0	recombination	phlag_dto_eap01_ena4_rev001_ex	N349	recombination_suppression
879	246	328	47	0.25	1.0	recombination	phlag_dto_eap01_ena4_esp001_ex	N349	recombination_suppression
1275	0	0	225	0.15	1.0	recombination	phlag_mlt_eap01_ena4_esp010_ex	N125	recombination_suppression
1275	0	0	225	0.15	1.0	recombination	phlag_dto_eap01_ena4_free_ex	N125	recombination_suppression
1275	0	225	0	0.15	1.0	recombination	phlag_mlt_eap01_ena4_free_ex	N125	recombination_suppression
1275	0	0	225	0.15	1.0	recombination	phlag_mlt_eap01_ena4_esp001_ex	N125	recombination_suppression
1275	0	0	225	0.15	1.0	recombination	phlag_dto_eap01_ena4_rev0001_ex	N125	recombination_suppression
1275	0	0	225	0.15	1.0	recombination	phlag_mlt_eap01_ena4_esp005_ex	N125	recombination_suppression
1275	0	0	225	0.15	1.0	recombination	phlag_mlt_noprior_noprior_esp001_ex	N125	recombination_suppression
1275	0	225	0	0.15	1.0	recombination	phlag_dto_eap01_ena4_esp001	N125	recombination_suppression
643	632	115	110	0.15	1.0	recombination	phlag_dto_noprior_noprior_free_ex	N125	recombination_suppression
1275	0	0	225	0.15	1.0	recombination	phlag_dto_eap01_ena4_esp005_ex	N125	recombination_suppression
1275	0	0	225	0.15	1.0	recombination	phlag_dto_eap005_ena2_esp001_ex	N125	recombination_suppression
1275	0	0	225	0.15	1.0	recombination	phlag_dto_eap01_ena4_rev001_ex	N125	recombination_suppression
1275	0	0	225	0.15	1.0	recombination	phlag_dto_eap01_ena4_esp001_ex	N125	recombination_suppression
1197	3	0	300	0.2	1.0	recombination	phlag_mlt_eap01_ena4_esp010_ex	N686	recombination_suppression
1193	7	300	0	0.2	1.0	recombination	phlag_dto_eap01_ena4_free_ex	N686	recombination_suppression
1197	3	0	300	0.2	1.0	recombination	phlag_mlt_eap01_ena4_free_ex	N686	recombination_suppression
1197	3	0	300	0.2	1.0	recombination	phlag_mlt_eap01_ena4_esp001_ex	N686	recombination_suppression
1200	0	0	300	0.2	1.0	recombination	phlag_dto_eap01_ena4_rev0001_ex	N686	recombination_suppression
1197	3	0	300	0.2	1.0	recombination	phlag_mlt_eap01_ena4_esp005_ex	N686	recombination_suppression
1197	3	0	300	0.2	1.0	recombination	phlag_mlt_noprior_noprior_esp001_ex	N686	recombination_suppression
1199	1	0	300	0.2	1.0	recombination	phlag_dto_eap01_ena4_esp001	N686	recombination_suppression
1200	0	0	300	0.2	1.0	recombination	phlag_dto_noprior_noprior_free_ex	N686	recombination_suppression
1200	0	0	300	0.2	1.0	recombination	phlag_dto_eap01_ena4_esp005_ex	N686	recombination_suppression
1200	0	0	300	0.2	1.0	recombination	phlag_dto_eap005_ena2_esp001_ex	N686	recombination_suppression
1200	0	0	300	0.2	1.0	recombination	phlag_dto_eap01_ena4_rev001_ex	N686	recombination_suppression
1200	0	0	300	0.2	1.0	recombination	phlag_dto_eap01_ena4_esp001_ex	N686	recombination_suppression
1125	0	3	372	0.25	1.0	recombination	phlag_mlt_eap01_ena4_esp010_ex	N115	recombination_suppression
1125	0	375	0	0.25	1.0	recombination	phlag_dto_eap01_ena4_free_ex	N115	recombination_suppression
1125	0	375	0	0.25	1.0	recombination	phlag_mlt_eap01_ena4_free_ex	N115	recombination_suppression
1125	0	3	372	0.25	1.0	recombination	phlag_mlt_eap01_ena4_esp001_ex	N115	recombination_suppression
1125	0	0	375	0.25	1.0	recombination	phlag_dto_eap01_ena4_rev0001_ex	N115	recombination_suppression
1125	0	3	372	0.25	1.0	recombination	phlag_mlt_eap01_ena4_esp005_ex	N115	recombination_suppression
1125	0	3	372	0.25	1.0	recombination	phlag_mlt_noprior_noprior_esp001_ex	N115	recombination_suppression
1003	122	0	375	0.25	1.0	recombination	phlag_dto_eap01_ena4_esp001	N115	recombination_suppression
564	561	188	187	0.25	1.0	recombination	phlag_dto_noprior_noprior_free_ex	N115	recombination_suppression
1125	0	0	375	0.25	1.0	recombination	phlag_dto_eap01_ena4_esp005_ex	N115	recombination_suppression
1125	0	0	375	0.25	1.0	recombination	phlag_dto_eap005_ena2_esp001_ex	N115	recombination_suppression
1125	0	375	0	0.25	1.0	recombination	phlag_dto_eap01_ena4_rev001_ex	N115	recombination_suppression
1125	0	0	375	0.25	1.0	recombination	phlag_dto_eap01_ena4_esp001_ex	N115	recombination_suppression
1470	0	30	0	0.02	1.0	recombination	phlag_mlt_eap01_ena4_esp010_ex	N349	recombination_suppression
858	612	30	0	0.02	1.0	recombination	phlag_dto_eap01_ena4_free_ex	N349	recombination_suppression
1470	0	30	0	0.02	1.0	recombination	phlag_mlt_eap01_ena4_free_ex	N349	recombination_suppression
1406	64	30	0	0.02	1.0	recombination	phlag_mlt_eap01_ena4_esp001_ex	N349	recombination_suppression
842	628	0	30	0.02	1.0	recombination	phlag_dto_eap01_ena4_rev0001_ex	N349	recombination_suppression
842	628	0	30	0.02	1.0	recombination	phlag_mlt_eap01_ena4_esp005_ex	N349	recombination_suppression
842	628	0	30	0.02	1.0	recombination	phlag_mlt_noprior_noprior_esp001_ex	N349	recombination_suppression
1364	106	30	0	0.02	1.0	recombination	phlag_dto_eap01_ena4_esp001	N349	recombination_suppression
738	732	14	16	0.02	1.0	recombination	phlag_dto_noprior_noprior_free_ex	N349	recombination_suppression
842	628	0	30	0.02	1.0	recombination	phlag_dto_eap01_ena4_esp005_ex	N349	recombination_suppression
1390	80	30	0	0.02	1.0	recombination	phlag_dto_eap005_ena2_esp001_ex	N349	recombination_suppression
1470	0	30	0	0.02	1.0	recombination	phlag_dto_eap01_ena4_rev001_ex	N349	recombination_suppression
842	628	0	30	0.02	1.0	recombination	phlag_dto_eap01_ena4_esp001_ex	N349	recombination_suppression
1389	36	44	31	0.05	1.0	recombination	phlag_mlt_eap01_ena4_esp010_ex	N717	recombination_suppression
1288	137	44	31	0.05	1.0	recombination	phlag_dto_eap01_ena4_free_ex	N717	recombination_suppression
1425	0	75	0	0.05	1.0	recombination	phlag_mlt_eap01_ena4_free_ex	N717	recombination_suppression
1389	36	56	19	0.05	1.0	recombination	phlag_mlt_eap01_ena4_esp001_ex	N717	recombination_suppression
1265	160	44	31	0.05	1.0	recombination	phlag_dto_eap01_ena4_rev0001_ex	N717	recombination_suppression
1425	0	75	0	0.05	1.0	recombination	phlag_mlt_eap01_ena4_esp005_ex	N717	recombination_suppression
1406	19	75	0	0.05	1.0	recombination	phlag_mlt_noprior_noprior_esp001_ex	N717	recombination_suppression
1390	35	75	0	0.05	1.0	recombination	phlag_dto_eap01_ena4_esp001	N717	recombination_suppression
779	646	32	43	0.05	1.0	recombination	phlag_dto_noprior_noprior_free_ex	N717	recombination_suppression
785	640	0	75	0.05	1.0	recombination	phlag_dto_eap01_ena4_esp005_ex	N717	recombination_suppression
1359	66	75	0	0.05	1.0	recombination	phlag_dto_eap005_ena2_esp001_ex	N717	recombination_suppression
1425	0	75	0	0.05	1.0	recombination	phlag_dto_eap01_ena4_rev001_ex	N717	recombination_suppression
1289	136	44	31	0.05	1.0	recombination	phlag_dto_eap01_ena4_esp001_ex	N717	recombination_suppression
1270	5	4	221	0.15	1.0	recombination	phlag_mlt_eap01_ena4_esp010_ex	N428	recombination_suppression
1255	20	225	0	0.15	1.0	recombination	phlag_dto_eap01_ena4_free_ex	N428	recombination_suppression
1260	15	0	225	0.15	1.0	recombination	phlag_mlt_eap01_ena4_free_ex	N428	recombination_suppression
1260	15	0	225	0.15	1.0	recombination	phlag_mlt_eap01_ena4_esp001_ex	N428	recombination_suppression
1270	5	4	221	0.15	1.0	recombination	phlag_dto_eap01_ena4_rev0001_ex	N428	recombination_suppression
1270	5	4	221	0.15	1.0	recombination	phlag_mlt_eap01_ena4_esp005_ex	N428	recombination_suppression
1260	15	0	225	0.15	1.0	recombination	phlag_mlt_noprior_noprior_esp001_ex	N428	recombination_suppression
981	294	225	0	0.15	1.0	recombination	phlag_dto_eap01_ena4_esp001	N428	recombination_suppression
1041	234	200	25	0.15	1.0	recombination	phlag_dto_noprior_noprior_free_ex	N428	recombination_suppression
1262	13	0	225	0.15	1.0	recombination	phlag_dto_eap01_ena4_esp005_ex	N428	recombination_suppression
1270	5	4	221	0.15	1.0	recombination	phlag_dto_eap005_ena2_esp001_ex	N428	recombination_suppression
1270	5	4	221	0.15	1.0	recombination	phlag_dto_eap01_ena4_rev001_ex	N428	recombination_suppression
1270	5	4	221	0.15	1.0	recombination	phlag_dto_eap01_ena4_esp001_ex	N428	recombination_suppression
617	658	225	0	0.15	1.0	recombination	phlag_mlt_eap01_ena4_esp010_ex	N349	recombination_suppression
617	658	225	0	0.15	1.0	recombination	phlag_dto_eap01_ena4_free_ex	N349	recombination_suppression
1013	262	225	0	0.15	1.0	recombination	phlag_mlt_eap01_ena4_free_ex	N349	recombination_suppression
617	658	225	0	0.15	1.0	recombination	phlag_mlt_eap01_ena4_esp001_ex	N349	recombination_suppression
616	659	225	0	0.15	1.0	recombination	phlag_dto_eap01_ena4_rev0001_ex	N349	recombination_suppression
617	658	225	0	0.15	1.0	recombination	phlag_mlt_eap01_ena4_esp005_ex	N349	recombination_suppression
1031	244	75	150	0.15	1.0	recombination	phlag_mlt_noprior_noprior_esp001_ex	N349	recombination_suppression
1208	67	225	0	0.15	1.0	recombination	phlag_dto_eap01_ena4_esp001	N349	recombination_suppression
665	610	124	101	0.15	1.0	recombination	phlag_dto_noprior_noprior_free_ex	N349	recombination_suppression
617	658	225	0	0.15	1.0	recombination	phlag_dto_eap01_ena4_esp005_ex	N349	recombination_suppression
1195	80	225	0	0.15	1.0	recombination	phlag_dto_eap005_ena2_esp001_ex	N349	recombination_suppression
1275	0	225	0	0.15	1.0	recombination	phlag_dto_eap01_ena4_rev001_ex	N349	recombination_suppression
616	659	225	0	0.15	1.0	recombination	phlag_dto_eap01_ena4_esp001_ex	N349	recombination_suppression
1096	29	375	0	0.25	1.0	recombination	phlag_mlt_eap01_ena4_esp010_ex	N71	recombination_suppression
1125	0	375	0	0.25	1.0	recombination	phlag_dto_eap01_ena4_free_ex	N71	recombination_suppression
1125	0	375	0	0.25	1.0	recombination	phlag_mlt_eap01_ena4_free_ex	N71	recombination_suppression
1096	29	375	0	0.25	1.0	recombination	phlag_mlt_eap01_ena4_esp001_ex	N71	recombination_suppression
1125	0	375	0	0.25	1.0	recombination	phlag_dto_eap01_ena4_rev0001_ex	N71	recombination_suppression
521	604	375	0	0.25	1.0	recombination	phlag_mlt_eap01_ena4_esp005_ex	N71	recombination_suppression
521	604	375	0	0.25	1.0	recombination	phlag_mlt_noprior_noprior_esp001_ex	N71	recombination_suppression
1125	0	375	0	0.25	1.0	recombination	phlag_dto_eap01_ena4_esp001	N71	recombination_suppression
566	559	188	187	0.25	1.0	recombination	phlag_dto_noprior_noprior_free_ex	N71	recombination_suppression
1096	29	375	0	0.25	1.0	recombination	phlag_dto_eap01_ena4_esp005_ex	N71	recombination_suppression
1125	0	375	0	0.25	1.0	recombination	phlag_dto_eap005_ena2_esp001_ex	N71	recombination_suppression
1125	0	375	0	0.25	1.0	recombination	phlag_dto_eap01_ena4_rev001_ex	N71	recombination_suppression
1125	0	375	0	0.25	1.0	recombination	phlag_dto_eap01_ena4_esp001_ex	N71	recombination_suppression
1125	0	33	342	0.25	1.0	recombination	phlag_mlt_eap01_ena4_esp010_ex	N682	recombination_suppression
1125	0	375	0	0.25	1.0	recombination	phlag_dto_eap01_ena4_free_ex	N682	recombination_suppression
1125	0	375	0	0.25	1.0	recombination	phlag_mlt_eap01_ena4_free_ex	N682	recombination_suppression
1117	8	1	374	0.25	1.0	recombination	phlag_mlt_eap01_ena4_esp001_ex	N682	recombination_suppression
1125	0	2	373	0.25	1.0	recombination	phlag_dto_eap01_ena4_rev0001_ex	N682	recombination_suppression
1125	0	2	373	0.25	1.0	recombination	phlag_mlt_eap01_ena4_esp005_ex	N682	recombination_suppression
1117	8	1	374	0.25	1.0	recombination	phlag_mlt_noprior_noprior_esp001_ex	N682	recombination_suppression
1125	0	375	0	0.25	1.0	recombination	phlag_dto_eap01_ena4_esp001	N682	recombination_suppression
600	525	201	174	0.25	1.0	recombination	phlag_dto_noprior_noprior_free_ex	N682	recombination_suppression
1125	0	2	373	0.25	1.0	recombination	phlag_dto_eap01_ena4_esp005_ex	N682	recombination_suppression
1125	0	2	373	0.25	1.0	recombination	phlag_dto_eap005_ena2_esp001_ex	N682	recombination_suppression
1125	0	375	0	0.25	1.0	recombination	phlag_dto_eap01_ena4_rev001_ex	N682	recombination_suppression
1125	0	375	0	0.25	1.0	recombination	phlag_dto_eap01_ena4_esp001_ex	N682	recombination_suppression
1271	4	0	225	0.15	1.0	recombination	phlag_mlt_eap01_ena4_esp010_ex	N295	recombination_suppression
1271	4	0	225	0.15	1.0	recombination	phlag_dto_eap01_ena4_free_ex	N295	recombination_suppression
1271	4	0	225	0.15	1.0	recombination	phlag_mlt_eap01_ena4_free_ex	N295	recombination_suppression
1271	4	0	225	0.15	1.0	recombination	phlag_mlt_eap01_ena4_esp001_ex	N295	recombination_suppression
1271	4	0	225	0.15	1.0	recombination	phlag_dto_eap01_ena4_rev0001_ex	N295	recombination_suppression
1271	4	0	225	0.15	1.0	recombination	phlag_mlt_eap01_ena4_esp005_ex	N295	recombination_suppression
1271	4	0	225	0.15	1.0	recombination	phlag_mlt_noprior_noprior_esp001_ex	N295	recombination_suppression
1084	191	225	0	0.15	1.0	recombination	phlag_dto_eap01_ena4_esp001	N295	recombination_suppression
658	617	117	108	0.15	1.0	recombination	phlag_dto_noprior_noprior_free_ex	N295	recombination_suppression
1271	4	0	225	0.15	1.0	recombination	phlag_dto_eap01_ena4_esp005_ex	N295	recombination_suppression
1271	4	0	225	0.15	1.0	recombination	phlag_dto_eap005_ena2_esp001_ex	N295	recombination_suppression
1271	4	0	225	0.15	1.0	recombination	phlag_dto_eap01_ena4_rev001_ex	N295	recombination_suppression
1271	4	0	225	0.15	1.0	recombination	phlag_dto_eap01_ena4_esp001_ex	N295	recombination_suppression
1275	0	2	223	0.15	1.0	recombination	phlag_mlt_eap01_ena4_esp010_ex	N678	recombination_suppression
1262	13	225	0	0.15	1.0	recombination	phlag_dto_eap01_ena4_free_ex	N678	recombination_suppression
1275	0	2	223	0.15	1.0	recombination	phlag_mlt_eap01_ena4_free_ex	N678	recombination_suppression
1275	0	2	223	0.15	1.0	recombination	phlag_mlt_eap01_ena4_esp001_ex	N678	recombination_suppression
1275	0	2	223	0.15	1.0	recombination	phlag_dto_eap01_ena4_rev0001_ex	N678	recombination_suppression
1275	0	2	223	0.15	1.0	recombination	phlag_mlt_eap01_ena4_esp005_ex	N678	recombination_suppression
1275	0	2	223	0.15	1.0	recombination	phlag_mlt_noprior_noprior_esp001_ex	N678	recombination_suppression
1269	6	22	203	0.15	1.0	recombination	phlag_dto_eap01_ena4_esp001	N678	recombination_suppression
644	631	115	110	0.15	1.0	recombination	phlag_dto_noprior_noprior_free_ex	N678	recombination_suppression
1275	0	2	223	0.15	1.0	recombination	phlag_dto_eap01_ena4_esp005_ex	N678	recombination_suppression
1275	0	2	223	0.15	1.0	recombination	phlag_dto_eap005_ena2_esp001_ex	N678	recombination_suppression
1275	0	2	223	0.15	1.0	recombination	phlag_dto_eap01_ena4_rev001_ex	N678	recombination_suppression
1275	0	2	223	0.15	1.0	recombination	phlag_dto_eap01_ena4_esp001_ex	N678	recombination_suppression
1357	68	75	0	0.05	1.0	recombination	phlag_mlt_eap01_ena4_esp010_ex	N477	recombination_suppression
1073	352	66	9	0.05	1.0	recombination	phlag_dto_eap01_ena4_free_ex	N477	recombination_suppression
1404	21	75	0	0.05	1.0	recombination	phlag_mlt_eap01_ena4_free_ex	N477	recombination_suppression
1371	54	75	0	0.05	1.0	recombination	phlag_mlt_eap01_ena4_esp001_ex	N477	recombination_suppression
874	551	0	75	0.05	1.0	recombination	phlag_dto_eap01_ena4_rev0001_ex	N477	recombination_suppression
1357	68	75	0	0.05	1.0	recombination	phlag_mlt_eap01_ena4_esp005_ex	N477	recombination_suppression
1339	86	75	0	0.05	1.0	recombination	phlag_mlt_noprior_noprior_esp001_ex	N477	recombination_suppression
1425	0	75	0	0.05	1.0	recombination	phlag_dto_eap01_ena4_esp001	N477	recombination_suppression
794	631	43	32	0.05	1.0	recombination	phlag_dto_noprior_noprior_free_ex	N477	recombination_suppression
899	526	75	0	0.05	1.0	recombination	phlag_dto_eap01_ena4_esp005_ex	N477	recombination_suppression
680	745	75	0	0.05	1.0	recombination	phlag_dto_eap005_ena2_esp001_ex	N477	recombination_suppression
1072	353	66	9	0.05	1.0	recombination	phlag_dto_eap01_ena4_rev001_ex	N477	recombination_suppression
1222	203	75	0	0.05	1.0	recombination	phlag_dto_eap01_ena4_esp001_ex	N477	recombination_suppression
1200	0	300	0	0.2	1.0	recombination	phlag_mlt_eap01_ena4_esp010_ex	N717	recombination_suppression
1084	116	258	42	0.2	1.0	recombination	phlag_dto_eap01_ena4_free_ex	N717	recombination_suppression
1200	0	300	0	0.2	1.0	recombination	phlag_mlt_eap01_ena4_free_ex	N717	recombination_suppression
1175	25	300	0	0.2	1.0	recombination	phlag_mlt_eap01_ena4_esp001_ex	N717	recombination_suppression
1200	0	300	0	0.2	1.0	recombination	phlag_dto_eap01_ena4_rev0001_ex	N717	recombination_suppression
1182	18	289	11	0.2	1.0	recombination	phlag_mlt_eap01_ena4_esp005_ex	N717	recombination_suppression
1149	51	258	42	0.2	1.0	recombination	phlag_mlt_noprior_noprior_esp001_ex	N717	recombination_suppression
1165	35	300	0	0.2	1.0	recombination	phlag_dto_eap01_ena4_esp001	N717	recombination_suppression
659	541	155	145	0.2	1.0	recombination	phlag_dto_noprior_noprior_free_ex	N717	recombination_suppression
1200	0	300	0	0.2	1.0	recombination	phlag_dto_eap01_ena4_esp005_ex	N717	recombination_suppression
1117	83	300	0	0.2	1.0	recombination	phlag_dto_eap005_ena2_esp001_ex	N717	recombination_suppression
1200	0	300	0	0.2	1.0	recombination	phlag_dto_eap01_ena4_rev001_ex	N717	recombination_suppression
1200	0	300	0	0.2	1.0	recombination	phlag_dto_eap01_ena4_esp001_ex	N717	recombination_suppression
1275	0	225	0	0.15	1.0	recombination	phlag_mlt_eap01_ena4_esp010_ex	N717	recombination_suppression
1224	51	225	0	0.15	1.0	recombination	phlag_dto_eap01_ena4_free_ex	N717	recombination_suppression
1275	0	225	0	0.15	1.0	recombination	phlag_mlt_eap01_ena4_free_ex	N717	recombination_suppression
1237	38	218	7	0.15	1.0	recombination	phlag_mlt_eap01_ena4_esp001_ex	N717	recombination_suppression
1275	0	225	0	0.15	1.0	recombination	phlag_dto_eap01_ena4_rev0001_ex	N717	recombination_suppression
1237	38	218	7	0.15	1.0	recombination	phlag_mlt_eap01_ena4_esp005_ex	N717	recombination_suppression
1237	38	218	7	0.15	1.0	recombination	phlag_mlt_noprior_noprior_esp001_ex	N717	recombination_suppression
1275	0	225	0	0.15	1.0	recombination	phlag_dto_eap01_ena4_esp001	N717	recombination_suppression
742	533	136	89	0.15	1.0	recombination	phlag_dto_noprior_noprior_free_ex	N717	recombination_suppression
956	319	225	0	0.15	1.0	recombination	phlag_dto_eap01_ena4_esp005_ex	N717	recombination_suppression
1275	0	225	0	0.15	1.0	recombination	phlag_dto_eap005_ena2_esp001_ex	N717	recombination_suppression
1275	0	225	0	0.15	1.0	recombination	phlag_dto_eap01_ena4_rev001_ex	N717	recombination_suppression
1114	161	144	81	0.15	1.0	recombination	phlag_dto_eap01_ena4_esp001_ex	N717	recombination_suppression
1220	205	75	0	0.05	1.0	recombination	phlag_mlt_eap01_ena4_esp010_ex	N71	recombination_suppression
1425	0	75	0	0.05	1.0	recombination	phlag_dto_eap01_ena4_free_ex	N71	recombination_suppression
1425	0	75	0	0.05	1.0	recombination	phlag_mlt_eap01_ena4_free_ex	N71	recombination_suppression
1396	29	75	0	0.05	1.0	recombination	phlag_mlt_eap01_ena4_esp001_ex	N71	recombination_suppression
1425	0	75	0	0.05	1.0	recombination	phlag_dto_eap01_ena4_rev0001_ex	N71	recombination_suppression
1396	29	75	0	0.05	1.0	recombination	phlag_mlt_eap01_ena4_esp005_ex	N71	recombination_suppression
1396	29	75	0	0.05	1.0	recombination	phlag_mlt_noprior_noprior_esp001_ex	N71	recombination_suppression
1425	0	75	0	0.05	1.0	recombination	phlag_dto_eap01_ena4_esp001	N71	recombination_suppression
715	710	37	38	0.05	1.0	recombination	phlag_dto_noprior_noprior_free_ex	N71	recombination_suppression
1396	29	75	0	0.05	1.0	recombination	phlag_dto_eap01_ena4_esp005_ex	N71	recombination_suppression
1425	0	75	0	0.05	1.0	recombination	phlag_dto_eap005_ena2_esp001_ex	N71	recombination_suppression
1425	0	75	0	0.05	1.0	recombination	phlag_dto_eap01_ena4_rev001_ex	N71	recombination_suppression
1425	0	75	0	0.05	1.0	recombination	phlag_dto_eap01_ena4_esp001_ex	N71	recombination_suppression
1424	46	0	30	0.02	1.0	recombination	phlag_mlt_eap01_ena4_esp010_ex	N428	recombination_suppression
1430	40	28	2	0.02	1.0	recombination	phlag_dto_eap01_ena4_free_ex	N428	recombination_suppression
1437	33	30	0	0.02	1.0	recombination	phlag_mlt_eap01_ena4_free_ex	N428	recombination_suppression
1424	46	0	30	0.02	1.0	recombination	phlag_mlt_eap01_ena4_esp001_ex	N428	recombination_suppression
1274	196	0	30	0.02	1.0	recombination	phlag_dto_eap01_ena4_rev0001_ex	N428	recombination_suppression
1358	112	0	30	0.02	1.0	recombination	phlag_mlt_eap01_ena4_esp005_ex	N428	recombination_suppression
1424	46	0	30	0.02	1.0	recombination	phlag_mlt_noprior_noprior_esp001_ex	N428	recombination_suppression
1470	0	30	0	0.02	1.0	recombination	phlag_dto_eap01_ena4_esp001	N428	recombination_suppression
1215	255	27	3	0.02	1.0	recombination	phlag_dto_noprior_noprior_free_ex	N428	recombination_suppression
1274	196	0	30	0.02	1.0	recombination	phlag_dto_eap01_ena4_esp005_ex	N428	recombination_suppression
1289	181	0	30	0.02	1.0	recombination	phlag_dto_eap005_ena2_esp001_ex	N428	recombination_suppression
1275	195	0	30	0.02	1.0	recombination	phlag_dto_eap01_ena4_rev001_ex	N428	recombination_suppression
1289	181	0	30	0.02	1.0	recombination	phlag_dto_eap01_ena4_esp001_ex	N428	recombination_suppression
1124	1	3	372	0.25	1.0	recombination	phlag_mlt_eap01_ena4_esp010_ex	N543	recombination_suppression
1124	1	3	372	0.25	1.0	recombination	phlag_dto_eap01_ena4_free_ex	N543	recombination_suppression
1124	1	3	372	0.25	1.0	recombination	phlag_mlt_eap01_ena4_free_ex	N543	recombination_suppression
1124	1	3	372	0.25	1.0	recombination	phlag_mlt_eap01_ena4_esp001_ex	N543	recombination_suppression
1124	1	3	372	0.25	1.0	recombination	phlag_dto_eap01_ena4_rev0001_ex	N543	recombination_suppression
1124	1	3	372	0.25	1.0	recombination	phlag_mlt_eap01_ena4_esp005_ex	N543	recombination_suppression
1124	1	3	372	0.25	1.0	recombination	phlag_mlt_noprior_noprior_esp001_ex	N543	recombination_suppression
1125	0	375	0	0.25	1.0	recombination	phlag_dto_eap01_ena4_esp001	N543	recombination_suppression
567	558	189	186	0.25	1.0	recombination	phlag_dto_noprior_noprior_free_ex	N543	recombination_suppression
1124	1	3	372	0.25	1.0	recombination	phlag_dto_eap01_ena4_esp005_ex	N543	recombination_suppression
1124	1	3	372	0.25	1.0	recombination	phlag_dto_eap005_ena2_esp001_ex	N543	recombination_suppression
1124	1	3	372	0.25	1.0	recombination	phlag_dto_eap01_ena4_rev001_ex	N543	recombination_suppression
1124	1	3	372	0.25	1.0	recombination	phlag_dto_eap01_ena4_esp001_ex	N543	recombination_suppression
1368	57	75	0	0.05	1.0	recombination	phlag_mlt_eap01_ena4_esp010_ex	N533	recombination_suppression
1339	86	75	0	0.05	1.0	recombination	phlag_dto_eap01_ena4_free_ex	N533	recombination_suppression
1100	325	75	0	0.05	1.0	recombination	phlag_mlt_eap01_ena4_free_ex	N533	recombination_suppression
1264	161	75	0	0.05	1.0	recombination	phlag_mlt_eap01_ena4_esp001_ex	N533	recombination_suppression
826	599	0	75	0.05	1.0	recombination	phlag_dto_eap01_ena4_rev0001_ex	N533	recombination_suppression
1264	161	75	0	0.05	1.0	recombination	phlag_mlt_eap01_ena4_esp005_ex	N533	recombination_suppression
1266	159	75	0	0.05	1.0	recombination	phlag_mlt_noprior_noprior_esp001_ex	N533	recombination_suppression
1404	21	75	0	0.05	1.0	recombination	phlag_dto_eap01_ena4_esp001	N533	recombination_suppression
813	612	33	42	0.05	1.0	recombination	phlag_dto_noprior_noprior_free_ex	N533	recombination_suppression
1083	342	75	0	0.05	1.0	recombination	phlag_dto_eap01_ena4_esp005_ex	N533	recombination_suppression
1115	310	75	0	0.05	1.0	recombination	phlag_dto_eap005_ena2_esp001_ex	N533	recombination_suppression
1112	313	75	0	0.05	1.0	recombination	phlag_dto_eap01_ena4_rev001_ex	N533	recombination_suppression
881	544	0	75	0.05	1.0	recombination	phlag_dto_eap01_ena4_esp001_ex	N533	recombination_suppression
1350	0	150	0	0.1	1.0	recombination	phlag_mlt_eap01_ena4_esp010_ex	N416	recombination_suppression
1005	345	150	0	0.1	1.0	recombination	phlag_dto_eap01_ena4_free_ex	N416	recombination_suppression
1325	25	150	0	0.1	1.0	recombination	phlag_mlt_eap01_ena4_free_ex	N416	recombination_suppression
1080	270	150	0	0.1	1.0	recombination	phlag_mlt_eap01_ena4_esp001_ex	N416	recombination_suppression
933	417	150	0	0.1	1.0	recombination	phlag_dto_eap01_ena4_rev0001_ex	N416	recombination_suppression
1080	270	150	0	0.1	1.0	recombination	phlag_mlt_eap01_ena4_esp005_ex	N416	recombination_suppression
1080	270	150	0	0.1	1.0	recombination	phlag_mlt_noprior_noprior_esp001_ex	N416	recombination_suppression
1268	82	150	0	0.1	1.0	recombination	phlag_dto_eap01_ena4_esp001	N416	recombination_suppression
956	394	97	53	0.1	1.0	recombination	phlag_dto_noprior_noprior_free_ex	N416	recombination_suppression
1158	192	150	0	0.1	1.0	recombination	phlag_dto_eap01_ena4_esp005_ex	N416	recombination_suppression
998	352	150	0	0.1	1.0	recombination	phlag_dto_eap005_ena2_esp001_ex	N416	recombination_suppression
969	381	134	16	0.1	1.0	recombination	phlag_dto_eap01_ena4_rev001_ex	N416	recombination_suppression
934	416	150	0	0.1	1.0	recombination	phlag_dto_eap01_ena4_esp001_ex	N416	recombination_suppression
1470	0	30	0	0.02	1.0	recombination	phlag_mlt_eap01_ena4_esp010_ex	N564	recombination_suppression
1461	9	30	0	0.02	1.0	recombination	phlag_dto_eap01_ena4_free_ex	N564	recombination_suppression
1470	0	30	0	0.02	1.0	recombination	phlag_mlt_eap01_ena4_free_ex	N564	recombination_suppression
1470	0	30	0	0.02	1.0	recombination	phlag_mlt_eap01_ena4_esp001_ex	N564	recombination_suppression
1147	323	30	0	0.02	1.0	recombination	phlag_dto_eap01_ena4_rev0001_ex	N564	recombination_suppression
1470	0	30	0	0.02	1.0	recombination	phlag_mlt_eap01_ena4_esp005_ex	N564	recombination_suppression
1470	0	30	0	0.02	1.0	recombination	phlag_mlt_noprior_noprior_esp001_ex	N564	recombination_suppression
1470	0	30	0	0.02	1.0	recombination	phlag_dto_eap01_ena4_esp001	N564	recombination_suppression
744	726	16	14	0.02	1.0	recombination	phlag_dto_noprior_noprior_free_ex	N564	recombination_suppression
1470	0	30	0	0.02	1.0	recombination	phlag_dto_eap01_ena4_esp005_ex	N564	recombination_suppression
1404	66	30	0	0.02	1.0	recombination	phlag_dto_eap005_ena2_esp001_ex	N564	recombination_suppression
1404	66	30	0	0.02	1.0	recombination	phlag_dto_eap01_ena4_rev001_ex	N564	recombination_suppression
1147	323	30	0	0.02	1.0	recombination	phlag_dto_eap01_ena4_esp001_ex	N564	recombination_suppression
1111	14	375	0	0.25	1.0	recombination	phlag_mlt_eap01_ena4_esp010_ex	N461	recombination_increase
940	185	375	0	0.25	1.0	recombination	phlag_dto_eap01_ena4_free_ex	N461	recombination_increase
1125	0	375	0	0.25	1.0	recombination	phlag_mlt_eap01_ena4_free_ex	N461	recombination_increase
1107	18	375	0	0.25	1.0	recombination	phlag_mlt_eap01_ena4_esp001_ex	N461	recombination_increase
1125	0	260	115	0.25	1.0	recombination	phlag_dto_eap01_ena4_rev0001_ex	N461	recombination_increase
1053	72	375	0	0.25	1.0	recombination	phlag_mlt_eap01_ena4_esp005_ex	N461	recombination_increase
1053	72	375	0	0.25	1.0	recombination	phlag_mlt_noprior_noprior_esp001_ex	N461	recombination_increase
1125	0	375	0	0.25	1.0	recombination	phlag_dto_eap01_ena4_esp001	N461	recombination_increase
608	517	212	163	0.25	1.0	recombination	phlag_dto_noprior_noprior_free_ex	N461	recombination_increase
855	270	296	79	0.25	1.0	recombination	phlag_dto_eap01_ena4_esp005_ex	N461	recombination_increase
1125	0	375	0	0.25	1.0	recombination	phlag_dto_eap005_ena2_esp001_ex	N461	recombination_increase
1068	57	360	15	0.25	1.0	recombination	phlag_dto_eap01_ena4_rev001_ex	N461	recombination_increase
731	394	287	88	0.25	1.0	recombination	phlag_dto_eap01_ena4_esp001_ex	N461	recombination_increase
1198	2	1	299	0.2	1.0	recombination	phlag_mlt_eap01_ena4_esp010_ex	N238	recombination_increase
1198	2	1	299	0.2	1.0	recombination	phlag_dto_eap01_ena4_free_ex	N238	recombination_increase
1198	2	1	299	0.2	1.0	recombination	phlag_mlt_eap01_ena4_free_ex	N238	recombination_increase
1198	2	1	299	0.2	1.0	recombination	phlag_mlt_eap01_ena4_esp001_ex	N238	recombination_increase
1198	2	1	299	0.2	1.0	recombination	phlag_dto_eap01_ena4_rev0001_ex	N238	recombination_increase
1181	19	0	300	0.2	1.0	recombination	phlag_mlt_eap01_ena4_esp005_ex	N238	recombination_increase
1198	2	1	299	0.2	1.0	recombination	phlag_mlt_noprior_noprior_esp001_ex	N238	recombination_increase
1166	34	0	300	0.2	1.0	recombination	phlag_dto_eap01_ena4_esp001	N238	recombination_increase
706	494	208	92	0.2	1.0	recombination	phlag_dto_noprior_noprior_free_ex	N238	recombination_increase
1198	2	1	299	0.2	1.0	recombination	phlag_dto_eap01_ena4_esp005_ex	N238	recombination_increase
1166	34	0	300	0.2	1.0	recombination	phlag_dto_eap005_ena2_esp001_ex	N238	recombination_increase
1166	34	0	300	0.2	1.0	recombination	phlag_dto_eap01_ena4_rev001_ex	N238	recombination_increase
1198	2	1	299	0.2	1.0	recombination	phlag_dto_eap01_ena4_esp001_ex	N238	recombination_increase
1393	32	75	0	0.05	1.0	recombination	phlag_mlt_eap01_ena4_esp010_ex	N716	recombination_increase
1331	94	75	0	0.05	1.0	recombination	phlag_dto_eap01_ena4_free_ex	N716	recombination_increase
1390	35	75	0	0.05	1.0	recombination	phlag_mlt_eap01_ena4_free_ex	N716	recombination_increase
1388	37	75	0	0.05	1.0	recombination	phlag_mlt_eap01_ena4_esp001_ex	N716	recombination_increase
1080	345	75	0	0.05	1.0	recombination	phlag_dto_eap01_ena4_rev0001_ex	N716	recombination_increase
1394	31	15	60	0.05	1.0	recombination	phlag_mlt_eap01_ena4_esp005_ex	N716	recombination_increase
1385	40	0	75	0.05	1.0	recombination	phlag_mlt_noprior_noprior_esp001_ex	N716	recombination_increase
1342	83	75	0	0.05	1.0	recombination	phlag_dto_eap01_ena4_esp001	N716	recombination_increase
767	658	57	18	0.05	1.0	recombination	phlag_dto_noprior_noprior_free_ex	N716	recombination_increase
899	526	75	0	0.05	1.0	recombination	phlag_dto_eap01_ena4_esp005_ex	N716	recombination_increase
1425	0	75	0	0.05	1.0	recombination	phlag_dto_eap005_ena2_esp001_ex	N716	recombination_increase
1425	0	75	0	0.05	1.0	recombination	phlag_dto_eap01_ena4_rev001_ex	N716	recombination_increase
1080	345	75	0	0.05	1.0	recombination	phlag_dto_eap01_ena4_esp001_ex	N716	recombination_increase
1125	0	1	374	0.25	1.0	recombination	phlag_mlt_eap01_ena4_esp010_ex	N151	recombination_increase
1125	0	0	375	0.25	1.0	recombination	phlag_dto_eap01_ena4_free_ex	N151	recombination_increase
1125	0	375	0	0.25	1.0	recombination	phlag_mlt_eap01_ena4_free_ex	N151	recombination_increase
1125	0	1	374	0.25	1.0	recombination	phlag_mlt_eap01_ena4_esp001_ex	N151	recombination_increase
1125	0	0	375	0.25	1.0	recombination	phlag_dto_eap01_ena4_rev0001_ex	N151	recombination_increase
1125	0	1	374	0.25	1.0	recombination	phlag_mlt_eap01_ena4_esp005_ex	N151	recombination_increase
1125	0	1	374	0.25	1.0	recombination	phlag_mlt_noprior_noprior_esp001_ex	N151	recombination_increase
1123	2	1	374	0.25	1.0	recombination	phlag_dto_eap01_ena4_esp001	N151	recombination_increase
814	311	253	122	0.25	1.0	recombination	phlag_dto_noprior_noprior_free_ex	N151	recombination_increase
1125	0	0	375	0.25	1.0	recombination	phlag_dto_eap01_ena4_esp005_ex	N151	recombination_increase
1125	0	0	375	0.25	1.0	recombination	phlag_dto_eap005_ena2_esp001_ex	N151	recombination_increase
1125	0	0	375	0.25	1.0	recombination	phlag_dto_eap01_ena4_rev001_ex	N151	recombination_increase
1125	0	0	375	0.25	1.0	recombination	phlag_dto_eap01_ena4_esp001_ex	N151	recombination_increase
1200	0	3	297	0.2	1.0	recombination	phlag_mlt_eap01_ena4_esp010_ex	N639	recombination_increase
1182	18	1	299	0.2	1.0	recombination	phlag_dto_eap01_ena4_free_ex	N639	recombination_increase
1199	1	300	0	0.2	1.0	recombination	phlag_mlt_eap01_ena4_free_ex	N639	recombination_increase
1200	0	3	297	0.2	1.0	recombination	phlag_mlt_eap01_ena4_esp001_ex	N639	recombination_increase
1200	0	1	299	0.2	1.0	recombination	phlag_dto_eap01_ena4_rev0001_ex	N639	recombination_increase
1200	0	3	297	0.2	1.0	recombination	phlag_mlt_eap01_ena4_esp005_ex	N639	recombination_increase
1200	0	3	297	0.2	1.0	recombination	phlag_mlt_noprior_noprior_esp001_ex	N639	recombination_increase
1200	0	173	127	0.2	1.0	recombination	phlag_dto_eap01_ena4_esp001	N639	recombination_increase
619	581	158	142	0.2	1.0	recombination	phlag_dto_noprior_noprior_free_ex	N639	recombination_increase
1200	0	1	299	0.2	1.0	recombination	phlag_dto_eap01_ena4_esp005_ex	N639	recombination_increase
1182	18	1	299	0.2	1.0	recombination	phlag_dto_eap005_ena2_esp001_ex	N639	recombination_increase
1188	12	300	0	0.2	1.0	recombination	phlag_dto_eap01_ena4_rev001_ex	N639	recombination_increase
1200	0	1	299	0.2	1.0	recombination	phlag_dto_eap01_ena4_esp001_ex	N639	recombination_increase
1167	33	300	0	0.2	1.0	recombination	phlag_mlt_eap01_ena4_esp010_ex	N274	recombination_increase
1145	55	279	21	0.2	1.0	recombination	phlag_dto_eap01_ena4_free_ex	N274	recombination_increase
1081	119	300	0	0.2	1.0	recombination	phlag_mlt_eap01_ena4_free_ex	N274	recombination_increase
1029	171	247	53	0.2	1.0	recombination	phlag_mlt_eap01_ena4_esp001_ex	N274	recombination_increase
1014	186	127	173	0.2	1.0	recombination	phlag_dto_eap01_ena4_rev0001_ex	N274	recombination_increase
1038	162	249	51	0.2	1.0	recombination	phlag_mlt_eap01_ena4_esp005_ex	N274	recombination_increase
1081	119	300	0	0.2	1.0	recombination	phlag_mlt_noprior_noprior_esp001_ex	N274	recombination_increase
1200	0	300	0	0.2	1.0	recombination	phlag_dto_eap01_ena4_esp001	N274	recombination_increase
894	306	219	81	0.2	1.0	recombination	phlag_dto_noprior_noprior_free_ex	N274	recombination_increase
1007	193	243	57	0.2	1.0	recombination	phlag_dto_eap01_ena4_esp005_ex	N274	recombination_increase
537	663	300	0	0.2	1.0	recombination	phlag_dto_eap005_ena2_esp001_ex	N274	recombination_increase
920	280	159	141	0.2	1.0	recombination	phlag_dto_eap01_ena4_rev001_ex	N274	recombination_increase
876	324	211	89	0.2	1.0	recombination	phlag_dto_eap01_ena4_esp001_ex	N274	recombination_increase
1350	0	1	149	0.1	1.0	recombination	phlag_mlt_eap01_ena4_esp010_ex	N115	recombination_increase
1350	0	150	0	0.1	1.0	recombination	phlag_dto_eap01_ena4_free_ex	N115	recombination_increase
1350	0	150	0	0.1	1.0	recombination	phlag_mlt_eap01_ena4_free_ex	N115	recombination_increase
1350	0	1	149	0.1	1.0	recombination	phlag_mlt_eap01_ena4_esp001_ex	N115	recombination_increase
1350	0	0	150	0.1	1.0	recombination	phlag_dto_eap01_ena4_rev0001_ex	N115	recombination_increase
1350	0	1	149	0.1	1.0	recombination	phlag_mlt_eap01_ena4_esp005_ex	N115	recombination_increase
1350	0	1	149	0.1	1.0	recombination	phlag_mlt_noprior_noprior_esp001_ex	N115	recombination_increase
1350	0	150	0	0.1	1.0	recombination	phlag_dto_eap01_ena4_esp001	N115	recombination_increase
701	649	90	60	0.1	1.0	recombination	phlag_dto_noprior_noprior_free_ex	N115	recombination_increase
1350	0	0	150	0.1	1.0	recombination	phlag_dto_eap01_ena4_esp005_ex	N115	recombination_increase
1350	0	0	150	0.1	1.0	recombination	phlag_dto_eap005_ena2_esp001_ex	N115	recombination_increase
1350	0	0	150	0.1	1.0	recombination	phlag_dto_eap01_ena4_rev001_ex	N115	recombination_increase
1350	0	0	150	0.1	1.0	recombination	phlag_dto_eap01_ena4_esp001_ex	N115	recombination_increase
1421	4	24	51	0.05	1.0	recombination	phlag_mlt_eap01_ena4_esp010_ex	N228	recombination_increase
1351	74	75	0	0.05	1.0	recombination	phlag_dto_eap01_ena4_free_ex	N228	recombination_increase
1421	4	24	51	0.05	1.0	recombination	phlag_mlt_eap01_ena4_free_ex	N228	recombination_increase
1421	4	24	51	0.05	1.0	recombination	phlag_mlt_eap01_ena4_esp001_ex	N228	recombination_increase
1411	14	37	38	0.05	1.0	recombination	phlag_dto_eap01_ena4_rev0001_ex	N228	recombination_increase
1425	0	75	0	0.05	1.0	recombination	phlag_mlt_eap01_ena4_esp005_ex	N228	recombination_increase
1425	0	75	0	0.05	1.0	recombination	phlag_mlt_noprior_noprior_esp001_ex	N228	recombination_increase
1398	27	75	0	0.05	1.0	recombination	phlag_dto_eap01_ena4_esp001	N228	recombination_increase
907	518	61	14	0.05	1.0	recombination	phlag_dto_noprior_noprior_free_ex	N228	recombination_increase
1017	408	75	0	0.05	1.0	recombination	phlag_dto_eap01_ena4_esp005_ex	N228	recombination_increase
1345	80	75	0	0.05	1.0	recombination	phlag_dto_eap005_ena2_esp001_ex	N228	recombination_increase
1353	72	75	0	0.05	1.0	recombination	phlag_dto_eap01_ena4_rev001_ex	N228	recombination_increase
1411	14	37	38	0.05	1.0	recombination	phlag_dto_eap01_ena4_esp001_ex	N228	recombination_increase
1200	0	1	299	0.2	1.0	recombination	phlag_mlt_eap01_ena4_esp010_ex	N703	recombination_increase
1200	0	1	299	0.2	1.0	recombination	phlag_dto_eap01_ena4_free_ex	N703	recombination_increase
1200	0	1	299	0.2	1.0	recombination	phlag_mlt_eap01_ena4_free_ex	N703	recombination_increase
1200	0	1	299	0.2	1.0	recombination	phlag_mlt_eap01_ena4_esp001_ex	N703	recombination_increase
1200	0	1	299	0.2	1.0	recombination	phlag_dto_eap01_ena4_rev0001_ex	N703	recombination_increase
1200	0	1	299	0.2	1.0	recombination	phlag_mlt_eap01_ena4_esp005_ex	N703	recombination_increase
1200	0	1	299	0.2	1.0	recombination	phlag_mlt_noprior_noprior_esp001_ex	N703	recombination_increase
1200	0	1	299	0.2	1.0	recombination	phlag_dto_eap01_ena4_esp001	N703	recombination_increase
1200	0	1	299	0.2	1.0	recombination	phlag_dto_noprior_noprior_free_ex	N703	recombination_increase
1200	0	1	299	0.2	1.0	recombination	phlag_dto_eap01_ena4_esp005_ex	N703	recombination_increase
1200	0	1	299	0.2	1.0	recombination	phlag_dto_eap005_ena2_esp001_ex	N703	recombination_increase
1200	0	1	299	0.2	1.0	recombination	phlag_dto_eap01_ena4_rev001_ex	N703	recombination_increase
1200	0	1	299	0.2	1.0	recombination	phlag_dto_eap01_ena4_esp001_ex	N703	recombination_increase
1190	10	0	300	0.2	1.0	recombination	phlag_mlt_eap01_ena4_esp010_ex	N555	recombination_increase
1183	17	2	298	0.2	1.0	recombination	phlag_dto_eap01_ena4_free_ex	N555	recombination_increase
1190	10	0	300	0.2	1.0	recombination	phlag_mlt_eap01_ena4_free_ex	N555	recombination_increase
1190	10	0	300	0.2	1.0	recombination	phlag_mlt_eap01_ena4_esp001_ex	N555	recombination_increase
1183	17	2	298	0.2	1.0	recombination	phlag_dto_eap01_ena4_rev0001_ex	N555	recombination_increase
1190	10	0	300	0.2	1.0	recombination	phlag_mlt_eap01_ena4_esp005_ex	N555	recombination_increase
1190	10	0	300	0.2	1.0	recombination	phlag_mlt_noprior_noprior_esp001_ex	N555	recombination_increase
1165	35	21	279	0.2	1.0	recombination	phlag_dto_eap01_ena4_esp001	N555	recombination_increase
1183	17	0	300	0.2	1.0	recombination	phlag_dto_noprior_noprior_free_ex	N555	recombination_increase
1183	17	2	298	0.2	1.0	recombination	phlag_dto_eap01_ena4_esp005_ex	N555	recombination_increase
1193	7	0	300	0.2	1.0	recombination	phlag_dto_eap005_ena2_esp001_ex	N555	recombination_increase
1193	7	0	300	0.2	1.0	recombination	phlag_dto_eap01_ena4_rev001_ex	N555	recombination_increase
1183	17	2	298	0.2	1.0	recombination	phlag_dto_eap01_ena4_esp001_ex	N555	recombination_increase
1200	0	300	0	0.2	1.0	recombination	phlag_mlt_eap01_ena4_esp010_ex	N407	recombination_increase
1145	55	300	0	0.2	1.0	recombination	phlag_dto_eap01_ena4_free_ex	N407	recombination_increase
1200	0	300	0	0.2	1.0	recombination	phlag_mlt_eap01_ena4_free_ex	N407	recombination_increase
1200	0	300	0	0.2	1.0	recombination	phlag_mlt_eap01_ena4_esp001_ex	N407	recombination_increase
603	597	300	0	0.2	1.0	recombination	phlag_dto_eap01_ena4_rev0001_ex	N407	recombination_increase
1200	0	300	0	0.2	1.0	recombination	phlag_mlt_eap01_ena4_esp005_ex	N407	recombination_increase
1118	82	300	0	0.2	1.0	recombination	phlag_mlt_noprior_noprior_esp001_ex	N407	recombination_increase
925	275	300	0	0.2	1.0	recombination	phlag_dto_eap01_ena4_esp001	N407	recombination_increase
764	436	168	132	0.2	1.0	recombination	phlag_dto_noprior_noprior_free_ex	N407	recombination_increase
1054	146	215	85	0.2	1.0	recombination	phlag_dto_eap01_ena4_esp005_ex	N407	recombination_increase
700	500	300	0	0.2	1.0	recombination	phlag_dto_eap005_ena2_esp001_ex	N407	recombination_increase
657	543	300	0	0.2	1.0	recombination	phlag_dto_eap01_ena4_rev001_ex	N407	recombination_increase
1040	160	215	85	0.2	1.0	recombination	phlag_dto_eap01_ena4_esp001_ex	N407	recombination_increase
1425	0	0	75	0.05	1.0	recombination	phlag_mlt_eap01_ena4_esp010_ex	N115	recombination_increase
1425	0	75	0	0.05	1.0	recombination	phlag_dto_eap01_ena4_free_ex	N115	recombination_increase
1425	0	75	0	0.05	1.0	recombination	phlag_mlt_eap01_ena4_free_ex	N115	recombination_increase
1425	0	0	75	0.05	1.0	recombination	phlag_mlt_eap01_ena4_esp001_ex	N115	recombination_increase
1425	0	0	75	0.05	1.0	recombination	phlag_dto_eap01_ena4_rev0001_ex	N115	recombination_increase
1425	0	0	75	0.05	1.0	recombination	phlag_mlt_eap01_ena4_esp005_ex	N115	recombination_increase
1425	0	0	75	0.05	1.0	recombination	phlag_mlt_noprior_noprior_esp001_ex	N115	recombination_increase
1425	0	75	0	0.05	1.0	recombination	phlag_dto_eap01_ena4_esp001	N115	recombination_increase
719	706	39	36	0.05	1.0	recombination	phlag_dto_noprior_noprior_free_ex	N115	recombination_increase
1425	0	0	75	0.05	1.0	recombination	phlag_dto_eap01_ena4_esp005_ex	N115	recombination_increase
1425	0	0	75	0.05	1.0	recombination	phlag_dto_eap005_ena2_esp001_ex	N115	recombination_increase
1425	0	0	75	0.05	1.0	recombination	phlag_dto_eap01_ena4_rev001_ex	N115	recombination_increase
1425	0	0	75	0.05	1.0	recombination	phlag_dto_eap01_ena4_esp001_ex	N115	recombination_increase
1466	4	1	29	0.02	1.0	recombination	phlag_mlt_eap01_ena4_esp010_ex	N176	recombination_increase
1457	13	1	29	0.02	1.0	recombination	phlag_dto_eap01_ena4_free_ex	N176	recombination_increase
1417	53	30	0	0.02	1.0	recombination	phlag_mlt_eap01_ena4_free_ex	N176	recombination_increase
1466	4	1	29	0.02	1.0	recombination	phlag_mlt_eap01_ena4_esp001_ex	N176	recombination_increase
1429	41	1	29	0.02	1.0	recombination	phlag_dto_eap01_ena4_rev0001_ex	N176	recombination_increase
1012	458	0	30	0.02	1.0	recombination	phlag_mlt_eap01_ena4_esp005_ex	N176	recombination_increase
1427	43	30	0	0.02	1.0	recombination	phlag_mlt_noprior_noprior_esp001_ex	N176	recombination_increase
1238	232	30	0	0.02	1.0	recombination	phlag_dto_eap01_ena4_esp001	N176	recombination_increase
1163	307	25	5	0.02	1.0	recombination	phlag_dto_noprior_noprior_free_ex	N176	recombination_increase
984	486	0	30	0.02	1.0	recombination	phlag_dto_eap01_ena4_esp005_ex	N176	recombination_increase
1416	54	30	0	0.02	1.0	recombination	phlag_dto_eap005_ena2_esp001_ex	N176	recombination_increase
1400	70	30	0	0.02	1.0	recombination	phlag_dto_eap01_ena4_rev001_ex	N176	recombination_increase
1415	55	0	30	0.02	1.0	recombination	phlag_dto_eap01_ena4_esp001_ex	N176	recombination_increase
1275	0	0	225	0.15	1.0	recombination	phlag_mlt_eap01_ena4_esp010_ex	N188	recombination_increase
1275	0	0	225	0.15	1.0	recombination	phlag_dto_eap01_ena4_free_ex	N188	recombination_increase
1275	0	0	225	0.15	1.0	recombination	phlag_mlt_eap01_ena4_free_ex	N188	recombination_increase
1275	0	0	225	0.15	1.0	recombination	phlag_mlt_eap01_ena4_esp001_ex	N188	recombination_increase
1275	0	0	225	0.15	1.0	recombination	phlag_dto_eap01_ena4_rev0001_ex	N188	recombination_increase
1275	0	0	225	0.15	1.0	recombination	phlag_mlt_eap01_ena4_esp005_ex	N188	recombination_increase
1275	0	0	225	0.15	1.0	recombination	phlag_mlt_noprior_noprior_esp001_ex	N188	recombination_increase
1271	4	2	223	0.15	1.0	recombination	phlag_dto_eap01_ena4_esp001	N188	recombination_increase
981	294	212	13	0.15	1.0	recombination	phlag_dto_noprior_noprior_free_ex	N188	recombination_increase
1275	0	0	225	0.15	1.0	recombination	phlag_dto_eap01_ena4_esp005_ex	N188	recombination_increase
1275	0	0	225	0.15	1.0	recombination	phlag_dto_eap005_ena2_esp001_ex	N188	recombination_increase
1261	14	225	0	0.15	1.0	recombination	phlag_dto_eap01_ena4_rev001_ex	N188	recombination_increase
1275	0	0	225	0.15	1.0	recombination	phlag_dto_eap01_ena4_esp001_ex	N188	recombination_increase
1219	56	0	225	0.15	1.0	recombination	phlag_mlt_eap01_ena4_esp010_ex	N418	recombination_increase
1137	138	173	52	0.15	1.0	recombination	phlag_dto_eap01_ena4_free_ex	N418	recombination_increase
1275	0	225	0	0.15	1.0	recombination	phlag_mlt_eap01_ena4_free_ex	N418	recombination_increase
1219	56	0	225	0.15	1.0	recombination	phlag_mlt_eap01_ena4_esp001_ex	N418	recombination_increase
1137	138	173	52	0.15	1.0	recombination	phlag_dto_eap01_ena4_rev0001_ex	N418	recombination_increase
1219	56	0	225	0.15	1.0	recombination	phlag_mlt_eap01_ena4_esp005_ex	N418	recombination_increase
1219	56	0	225	0.15	1.0	recombination	phlag_mlt_noprior_noprior_esp001_ex	N418	recombination_increase
1275	0	225	0	0.15	1.0	recombination	phlag_dto_eap01_ena4_esp001	N418	recombination_increase
651	624	129	96	0.15	1.0	recombination	phlag_dto_noprior_noprior_free_ex	N418	recombination_increase
1014	261	225	0	0.15	1.0	recombination	phlag_dto_eap01_ena4_esp005_ex	N418	recombination_increase
1014	261	225	0	0.15	1.0	recombination	phlag_dto_eap005_ena2_esp001_ex	N418	recombination_increase
1042	233	72	153	0.15	1.0	recombination	phlag_dto_eap01_ena4_rev001_ex	N418	recombination_increase
1059	216	225	0	0.15	1.0	recombination	phlag_dto_eap01_ena4_esp001_ex	N418	recombination_increase
1423	2	0	75	0.05	1.0	recombination	phlag_mlt_eap01_ena4_esp010_ex	N249	recombination_increase
1425	0	2	73	0.05	1.0	recombination	phlag_dto_eap01_ena4_free_ex	N249	recombination_increase
1423	2	0	75	0.05	1.0	recombination	phlag_mlt_eap01_ena4_free_ex	N249	recombination_increase
1423	2	0	75	0.05	1.0	recombination	phlag_mlt_eap01_ena4_esp001_ex	N249	recombination_increase
1425	0	2	73	0.05	1.0	recombination	phlag_dto_eap01_ena4_rev0001_ex	N249	recombination_increase
1423	2	0	75	0.05	1.0	recombination	phlag_mlt_eap01_ena4_esp005_ex	N249	recombination_increase
1423	2	0	75	0.05	1.0	recombination	phlag_mlt_noprior_noprior_esp001_ex	N249	recombination_increase
1423	2	0	75	0.05	1.0	recombination	phlag_dto_eap01_ena4_esp001	N249	recombination_increase
720	705	38	37	0.05	1.0	recombination	phlag_dto_noprior_noprior_free_ex	N249	recombination_increase
1425	0	2	73	0.05	1.0	recombination	phlag_dto_eap01_ena4_esp005_ex	N249	recombination_increase
1425	0	2	73	0.05	1.0	recombination	phlag_dto_eap005_ena2_esp001_ex	N249	recombination_increase
1425	0	2	73	0.05	1.0	recombination	phlag_dto_eap01_ena4_rev001_ex	N249	recombination_increase
1425	0	2	73	0.05	1.0	recombination	phlag_dto_eap01_ena4_esp001_ex	N249	recombination_increase
1369	56	75	0	0.05	1.0	recombination	phlag_mlt_eap01_ena4_esp010_ex	N274	recombination_increase
1328	97	75	0	0.05	1.0	recombination	phlag_dto_eap01_ena4_free_ex	N274	recombination_increase
1240	185	65	10	0.05	1.0	recombination	phlag_mlt_eap01_ena4_free_ex	N274	recombination_increase
1369	56	75	0	0.05	1.0	recombination	phlag_mlt_eap01_ena4_esp001_ex	N274	recombination_increase
1164	261	75	0	0.05	1.0	recombination	phlag_dto_eap01_ena4_rev0001_ex	N274	recombination_increase
1369	56	75	0	0.05	1.0	recombination	phlag_mlt_eap01_ena4_esp005_ex	N274	recombination_increase
1347	78	75	0	0.05	1.0	recombination	phlag_mlt_noprior_noprior_esp001_ex	N274	recombination_increase
1376	49	75	0	0.05	1.0	recombination	phlag_dto_eap01_ena4_esp001	N274	recombination_increase
1065	360	53	22	0.05	1.0	recombination	phlag_dto_noprior_noprior_free_ex	N274	recombination_increase
905	520	0	75	0.05	1.0	recombination	phlag_dto_eap01_ena4_esp005_ex	N274	recombination_increase
1177	248	45	30	0.05	1.0	recombination	phlag_dto_eap005_ena2_esp001_ex	N274	recombination_increase
1218	207	75	0	0.05	1.0	recombination	phlag_dto_eap01_ena4_rev001_ex	N274	recombination_increase
779	646	0	75	0.05	1.0	recombination	phlag_dto_eap01_ena4_esp001_ex	N274	recombination_increase
1106	19	375	0	0.25	1.0	recombination	phlag_mlt_eap01_ena4_esp010_ex	N717	recombination_increase
1064	61	375	0	0.25	1.0	recombination	phlag_dto_eap01_ena4_free_ex	N717	recombination_increase
1125	0	375	0	0.25	1.0	recombination	phlag_mlt_eap01_ena4_free_ex	N717	recombination_increase
1016	109	31	344	0.25	1.0	recombination	phlag_mlt_eap01_ena4_esp001_ex	N717	recombination_increase
1042	83	375	0	0.25	1.0	recombination	phlag_dto_eap01_ena4_rev0001_ex	N717	recombination_increase
1016	109	31	344	0.25	1.0	recombination	phlag_mlt_eap01_ena4_esp005_ex	N717	recombination_increase
1016	109	31	344	0.25	1.0	recombination	phlag_mlt_noprior_noprior_esp001_ex	N717	recombination_increase
960	165	375	0	0.25	1.0	recombination	phlag_dto_eap01_ena4_esp001	N717	recombination_increase
621	504	198	177	0.25	1.0	recombination	phlag_dto_noprior_noprior_free_ex	N717	recombination_increase
402	723	368	7	0.25	1.0	recombination	phlag_dto_eap01_ena4_esp005_ex	N717	recombination_increase
1073	52	375	0	0.25	1.0	recombination	phlag_dto_eap005_ena2_esp001_ex	N717	recombination_increase
1125	0	375	0	0.25	1.0	recombination	phlag_dto_eap01_ena4_rev001_ex	N717	recombination_increase
798	327	375	0	0.25	1.0	recombination	phlag_dto_eap01_ena4_esp001_ex	N717	recombination_increase
1470	0	30	0	0.02	1.0	recombination	phlag_mlt_eap01_ena4_esp010_ex	N228	recombination_increase
1292	178	30	0	0.02	1.0	recombination	phlag_dto_eap01_ena4_free_ex	N228	recombination_increase
1470	0	30	0	0.02	1.0	recombination	phlag_mlt_eap01_ena4_free_ex	N228	recombination_increase
1470	0	30	0	0.02	1.0	recombination	phlag_mlt_eap01_ena4_esp001_ex	N228	recombination_increase
1177	293	30	0	0.02	1.0	recombination	phlag_dto_eap01_ena4_rev0001_ex	N228	recombination_increase
1470	0	30	0	0.02	1.0	recombination	phlag_mlt_eap01_ena4_esp005_ex	N228	recombination_increase
1470	0	30	0	0.02	1.0	recombination	phlag_mlt_noprior_noprior_esp001_ex	N228	recombination_increase
1443	27	30	0	0.02	1.0	recombination	phlag_dto_eap01_ena4_esp001	N228	recombination_increase
927	543	24	6	0.02	1.0	recombination	phlag_dto_noprior_noprior_free_ex	N228	recombination_increase
955	515	30	0	0.02	1.0	recombination	phlag_dto_eap01_ena4_esp005_ex	N228	recombination_increase
1289	181	30	0	0.02	1.0	recombination	phlag_dto_eap005_ena2_esp001_ex	N228	recombination_increase
1335	135	30	0	0.02	1.0	recombination	phlag_dto_eap01_ena4_rev001_ex	N228	recombination_increase
918	552	30	0	0.02	1.0	recombination	phlag_dto_eap01_ena4_esp001_ex	N228	recombination_increase
1423	2	0	75	0.05	1.0	recombination	phlag_mlt_eap01_ena4_esp010_ex	N174	recombination_increase
1167	258	75	0	0.05	1.0	recombination	phlag_dto_eap01_ena4_free_ex	N174	recombination_increase
1424	1	2	73	0.05	1.0	recombination	phlag_mlt_eap01_ena4_free_ex	N174	recombination_increase
1424	1	2	73	0.05	1.0	recombination	phlag_mlt_eap01_ena4_esp001_ex	N174	recombination_increase
1414	11	0	75	0.05	1.0	recombination	phlag_dto_eap01_ena4_rev0001_ex	N174	recombination_increase
1424	1	2	73	0.05	1.0	recombination	phlag_mlt_eap01_ena4_esp005_ex	N174	recombination_increase
1423	2	0	75	0.05	1.0	recombination	phlag_mlt_noprior_noprior_esp001_ex	N174	recombination_increase
1309	116	1	74	0.05	1.0	recombination	phlag_dto_eap01_ena4_esp001	N174	recombination_increase
1299	126	26	49	0.05	1.0	recombination	phlag_dto_noprior_noprior_free_ex	N174	recombination_increase
1423	2	0	75	0.05	1.0	recombination	phlag_dto_eap01_ena4_esp005_ex	N174	recombination_increase
1213	212	75	0	0.05	1.0	recombination	phlag_dto_eap005_ena2_esp001_ex	N174	recombination_increase
1220	205	75	0	0.05	1.0	recombination	phlag_dto_eap01_ena4_rev001_ex	N174	recombination_increase
1414	11	0	75	0.05	1.0	recombination	phlag_dto_eap01_ena4_esp001_ex	N174	recombination_increase
1425	0	1	74	0.05	1.0	recombination	phlag_mlt_eap01_ena4_esp010_ex	N703	recombination_increase
1425	0	0	75	0.05	1.0	recombination	phlag_dto_eap01_ena4_free_ex	N703	recombination_increase
1425	0	1	74	0.05	1.0	recombination	phlag_mlt_eap01_ena4_free_ex	N703	recombination_increase
1425	0	1	74	0.05	1.0	recombination	phlag_mlt_eap01_ena4_esp001_ex	N703	recombination_increase
1425	0	0	75	0.05	1.0	recombination	phlag_dto_eap01_ena4_rev0001_ex	N703	recombination_increase
1425	0	1	74	0.05	1.0	recombination	phlag_mlt_eap01_ena4_esp005_ex	N703	recombination_increase
1425	0	1	74	0.05	1.0	recombination	phlag_mlt_noprior_noprior_esp001_ex	N703	recombination_increase
1418	7	1	74	0.05	1.0	recombination	phlag_dto_eap01_ena4_esp001	N703	recombination_increase
1056	369	73	2	0.05	1.0	recombination	phlag_dto_noprior_noprior_free_ex	N703	recombination_increase
1425	0	0	75	0.05	1.0	recombination	phlag_dto_eap01_ena4_esp005_ex	N703	recombination_increase
1425	0	0	75	0.05	1.0	recombination	phlag_dto_eap005_ena2_esp001_ex	N703	recombination_increase
1425	0	0	75	0.05	1.0	recombination	phlag_dto_eap01_ena4_rev001_ex	N703	recombination_increase
1425	0	0	75	0.05	1.0	recombination	phlag_dto_eap01_ena4_esp001_ex	N703	recombination_increase
1125	0	2	373	0.25	1.0	recombination	phlag_mlt_eap01_ena4_esp010_ex	N115	recombination_increase
1125	0	375	0	0.25	1.0	recombination	phlag_dto_eap01_ena4_free_ex	N115	recombination_increase
1125	0	375	0	0.25	1.0	recombination	phlag_mlt_eap01_ena4_free_ex	N115	recombination_increase
1125	0	2	373	0.25	1.0	recombination	phlag_mlt_eap01_ena4_esp001_ex	N115	recombination_increase
1125	0	2	373	0.25	1.0	recombination	phlag_dto_eap01_ena4_rev0001_ex	N115	recombination_increase
1125	0	2	373	0.25	1.0	recombination	phlag_mlt_eap01_ena4_esp005_ex	N115	recombination_increase
1125	0	2	373	0.25	1.0	recombination	phlag_mlt_noprior_noprior_esp001_ex	N115	recombination_increase
1086	39	0	375	0.25	1.0	recombination	phlag_dto_eap01_ena4_esp001	N115	recombination_increase
573	552	194	181	0.25	1.0	recombination	phlag_dto_noprior_noprior_free_ex	N115	recombination_increase
1125	0	2	373	0.25	1.0	recombination	phlag_dto_eap01_ena4_esp005_ex	N115	recombination_increase
1125	0	2	373	0.25	1.0	recombination	phlag_dto_eap005_ena2_esp001_ex	N115	recombination_increase
1125	0	2	373	0.25	1.0	recombination	phlag_dto_eap01_ena4_rev001_ex	N115	recombination_increase
1125	0	2	373	0.25	1.0	recombination	phlag_dto_eap01_ena4_esp001_ex	N115	recombination_increase
1168	182	150	0	0.1	1.0	recombination	phlag_mlt_eap01_ena4_esp010_ex	N690	recombination_increase
1297	53	93	57	0.1	1.0	recombination	phlag_dto_eap01_ena4_free_ex	N690	recombination_increase
1291	59	150	0	0.1	1.0	recombination	phlag_mlt_eap01_ena4_free_ex	N690	recombination_increase
1291	59	150	0	0.1	1.0	recombination	phlag_mlt_eap01_ena4_esp001_ex	N690	recombination_increase
1255	95	81	69	0.1	1.0	recombination	phlag_dto_eap01_ena4_rev0001_ex	N690	recombination_increase
1291	59	150	0	0.1	1.0	recombination	phlag_mlt_eap01_ena4_esp005_ex	N690	recombination_increase
1026	324	150	0	0.1	1.0	recombination	phlag_mlt_noprior_noprior_esp001_ex	N690	recombination_increase
1327	23	150	0	0.1	1.0	recombination	phlag_dto_eap01_ena4_esp001	N690	recombination_increase
776	574	65	85	0.1	1.0	recombination	phlag_dto_noprior_noprior_free_ex	N690	recombination_increase
921	429	150	0	0.1	1.0	recombination	phlag_dto_eap01_ena4_esp005_ex	N690	recombination_increase
903	447	150	0	0.1	1.0	recombination	phlag_dto_eap005_ena2_esp001_ex	N690	recombination_increase
893	457	150	0	0.1	1.0	recombination	phlag_dto_eap01_ena4_rev001_ex	N690	recombination_increase
694	656	150	0	0.1	1.0	recombination	phlag_dto_eap01_ena4_esp001_ex	N690	recombination_increase
1272	3	1	224	0.15	1.0	recombination	phlag_mlt_eap01_ena4_esp010_ex	N151	recombination_increase
1272	3	0	225	0.15	1.0	recombination	phlag_dto_eap01_ena4_free_ex	N151	recombination_increase
1275	0	225	0	0.15	1.0	recombination	phlag_mlt_eap01_ena4_free_ex	N151	recombination_increase
1272	3	1	224	0.15	1.0	recombination	phlag_mlt_eap01_ena4_esp001_ex	N151	recombination_increase
1272	3	0	225	0.15	1.0	recombination	phlag_dto_eap01_ena4_rev0001_ex	N151	recombination_increase
1272	3	1	224	0.15	1.0	recombination	phlag_mlt_eap01_ena4_esp005_ex	N151	recombination_increase
1272	3	1	224	0.15	1.0	recombination	phlag_mlt_noprior_noprior_esp001_ex	N151	recombination_increase
1164	111	1	224	0.15	1.0	recombination	phlag_dto_eap01_ena4_esp001	N151	recombination_increase
897	378	146	79	0.15	1.0	recombination	phlag_dto_noprior_noprior_free_ex	N151	recombination_increase
1272	3	0	225	0.15	1.0	recombination	phlag_dto_eap01_ena4_esp005_ex	N151	recombination_increase
1272	3	0	225	0.15	1.0	recombination	phlag_dto_eap005_ena2_esp001_ex	N151	recombination_increase
1272	3	0	225	0.15	1.0	recombination	phlag_dto_eap01_ena4_rev001_ex	N151	recombination_increase
1272	3	0	225	0.15	1.0	recombination	phlag_dto_eap01_ena4_esp001_ex	N151	recombination_increase
1425	0	75	0	0.05	1.0	recombination	phlag_mlt_eap01_ena4_esp010_ex	N418	recombination_increase
1273	152	75	0	0.05	1.0	recombination	phlag_dto_eap01_ena4_free_ex	N418	recombination_increase
1425	0	75	0	0.05	1.0	recombination	phlag_mlt_eap01_ena4_free_ex	N418	recombination_increase
1334	91	75	0	0.05	1.0	recombination	phlag_mlt_eap01_ena4_esp001_ex	N418	recombination_increase
1156	269	39	36	0.05	1.0	recombination	phlag_dto_eap01_ena4_rev0001_ex	N418	recombination_increase
1425	0	75	0	0.05	1.0	recombination	phlag_mlt_eap01_ena4_esp005_ex	N418	recombination_increase
1380	45	75	0	0.05	1.0	recombination	phlag_mlt_noprior_noprior_esp001_ex	N418	recombination_increase
1425	0	75	0	0.05	1.0	recombination	phlag_dto_eap01_ena4_esp001	N418	recombination_increase
727	698	43	32	0.05	1.0	recombination	phlag_dto_noprior_noprior_free_ex	N418	recombination_increase
1021	404	75	0	0.05	1.0	recombination	phlag_dto_eap01_ena4_esp005_ex	N418	recombination_increase
1096	329	75	0	0.05	1.0	recombination	phlag_dto_eap005_ena2_esp001_ex	N418	recombination_increase
877	548	0	75	0.05	1.0	recombination	phlag_dto_eap01_ena4_rev001_ex	N418	recombination_increase
1156	269	39	36	0.05	1.0	recombination	phlag_dto_eap01_ena4_esp001_ex	N418	recombination_increase
1470	0	30	0	0.02	1.0	recombination	phlag_mlt_eap01_ena4_esp010_ex	N418	recombination_increase
1318	152	30	0	0.02	1.0	recombination	phlag_dto_eap01_ena4_free_ex	N418	recombination_increase
1470	0	30	0	0.02	1.0	recombination	phlag_mlt_eap01_ena4_free_ex	N418	recombination_increase
1428	42	30	0	0.02	1.0	recombination	phlag_mlt_eap01_ena4_esp001_ex	N418	recombination_increase
1186	284	30	0	0.02	1.0	recombination	phlag_dto_eap01_ena4_rev0001_ex	N418	recombination_increase
884	586	30	0	0.02	1.0	recombination	phlag_mlt_eap01_ena4_esp005_ex	N418	recombination_increase
1428	42	30	0	0.02	1.0	recombination	phlag_mlt_noprior_noprior_esp001_ex	N418	recombination_increase
1470	0	30	0	0.02	1.0	recombination	phlag_dto_eap01_ena4_esp001	N418	recombination_increase
746	724	17	13	0.02	1.0	recombination	phlag_dto_noprior_noprior_free_ex	N418	recombination_increase
1166	304	30	0	0.02	1.0	recombination	phlag_dto_eap01_ena4_esp005_ex	N418	recombination_increase
1236	234	30	0	0.02	1.0	recombination	phlag_dto_eap005_ena2_esp001_ex	N418	recombination_increase
875	595	2	28	0.02	1.0	recombination	phlag_dto_eap01_ena4_rev001_ex	N418	recombination_increase
1186	284	30	0	0.02	1.0	recombination	phlag_dto_eap01_ena4_esp001_ex	N418	recombination_increase
1104	246	149	1	0.1	1.0	recombination	phlag_mlt_eap01_ena4_esp010_ex	N238	recombination_increase
977	373	137	13	0.1	1.0	recombination	phlag_dto_eap01_ena4_free_ex	N238	recombination_increase
1318	32	14	136	0.1	1.0	recombination	phlag_mlt_eap01_ena4_free_ex	N238	recombination_increase
1318	32	14	136	0.1	1.0	recombination	phlag_mlt_eap01_ena4_esp001_ex	N238	recombination_increase
929	421	0	150	0.1	1.0	recombination	phlag_dto_eap01_ena4_rev0001_ex	N238	recombination_increase
1318	32	14	136	0.1	1.0	recombination	phlag_mlt_eap01_ena4_esp005_ex	N238	recombination_increase
1182	168	150	0	0.1	1.0	recombination	phlag_mlt_noprior_noprior_esp001_ex	N238	recombination_increase
1250	100	150	0	0.1	1.0	recombination	phlag_dto_eap01_ena4_esp001	N238	recombination_increase
774	576	95	55	0.1	1.0	recombination	phlag_dto_noprior_noprior_free_ex	N238	recombination_increase
1098	252	0	150	0.1	1.0	recombination	phlag_dto_eap01_ena4_esp005_ex	N238	recombination_increase
869	481	0	150	0.1	1.0	recombination	phlag_dto_eap005_ena2_esp001_ex	N238	recombination_increase
1293	57	150	0	0.1	1.0	recombination	phlag_dto_eap01_ena4_rev001_ex	N238	recombination_increase
1017	333	0	150	0.1	1.0	recombination	phlag_dto_eap01_ena4_esp001_ex	N238	recombination_increase
1470	0	30	0	0.02	1.0	recombination	phlag_mlt_eap01_ena4_esp010_ex	N690	recombination_increase
1218	252	5	25	0.02	1.0	recombination	phlag_dto_eap01_ena4_free_ex	N690	recombination_increase
1411	59	30	0	0.02	1.0	recombination	phlag_mlt_eap01_ena4_free_ex	N690	recombination_increase
1411	59	30	0	0.02	1.0	recombination	phlag_mlt_eap01_ena4_esp001_ex	N690	recombination_increase
1102	368	30	0	0.02	1.0	recombination	phlag_dto_eap01_ena4_rev0001_ex	N690	recombination_increase
1396	74	30	0	0.02	1.0	recombination	phlag_mlt_eap01_ena4_esp005_ex	N690	recombination_increase
1336	134	30	0	0.02	1.0	recombination	phlag_mlt_noprior_noprior_esp001_ex	N690	recombination_increase
1349	121	30	0	0.02	1.0	recombination	phlag_dto_eap01_ena4_esp001	N690	recombination_increase
809	661	10	20	0.02	1.0	recombination	phlag_dto_noprior_noprior_free_ex	N690	recombination_increase
826	644	30	0	0.02	1.0	recombination	phlag_dto_eap01_ena4_esp005_ex	N690	recombination_increase
826	644	30	0	0.02	1.0	recombination	phlag_dto_eap005_ena2_esp001_ex	N690	recombination_increase
1183	287	30	0	0.02	1.0	recombination	phlag_dto_eap01_ena4_rev001_ex	N690	recombination_increase
826	644	30	0	0.02	1.0	recombination	phlag_dto_eap01_ena4_esp001_ex	N690	recombination_increase
1118	7	170	205	0.25	1.0	recombination	phlag_mlt_eap01_ena4_esp010_ex	N716	recombination_increase
894	231	24	351	0.25	1.0	recombination	phlag_dto_eap01_ena4_free_ex	N716	recombination_increase
1116	9	375	0	0.25	1.0	recombination	phlag_mlt_eap01_ena4_free_ex	N716	recombination_increase
1118	7	170	205	0.25	1.0	recombination	phlag_mlt_eap01_ena4_esp001_ex	N716	recombination_increase
1125	0	375	0	0.25	1.0	recombination	phlag_dto_eap01_ena4_rev0001_ex	N716	recombination_increase
1118	7	170	205	0.25	1.0	recombination	phlag_mlt_eap01_ena4_esp005_ex	N716	recombination_increase
1118	7	170	205	0.25	1.0	recombination	phlag_mlt_noprior_noprior_esp001_ex	N716	recombination_increase
953	172	0	375	0.25	1.0	recombination	phlag_dto_eap01_ena4_esp001	N716	recombination_increase
624	501	255	120	0.25	1.0	recombination	phlag_dto_noprior_noprior_free_ex	N716	recombination_increase
890	235	24	351	0.25	1.0	recombination	phlag_dto_eap01_ena4_esp005_ex	N716	recombination_increase
1125	0	375	0	0.25	1.0	recombination	phlag_dto_eap005_ena2_esp001_ex	N716	recombination_increase
1125	0	375	0	0.25	1.0	recombination	phlag_dto_eap01_ena4_rev001_ex	N716	recombination_increase
961	164	24	351	0.25	1.0	recombination	phlag_dto_eap01_ena4_esp001_ex	N716	recombination_increase
1346	4	0	150	0.1	1.0	recombination	phlag_mlt_eap01_ena4_esp010_ex	N555	recombination_increase
1341	9	0	150	0.1	1.0	recombination	phlag_dto_eap01_ena4_free_ex	N555	recombination_increase
1346	4	0	150	0.1	1.0	recombination	phlag_mlt_eap01_ena4_free_ex	N555	recombination_increase
1346	4	0	150	0.1	1.0	recombination	phlag_mlt_eap01_ena4_esp001_ex	N555	recombination_increase
1341	9	0	150	0.1	1.0	recombination	phlag_dto_eap01_ena4_rev0001_ex	N555	recombination_increase
1346	4	0	150	0.1	1.0	recombination	phlag_mlt_eap01_ena4_esp005_ex	N555	recombination_increase
1346	4	0	150	0.1	1.0	recombination	phlag_mlt_noprior_noprior_esp001_ex	N555	recombination_increase
1312	38	42	108	0.1	1.0	recombination	phlag_dto_eap01_ena4_esp001	N555	recombination_increase
1341	9	0	150	0.1	1.0	recombination	phlag_dto_noprior_noprior_free_ex	N555	recombination_increase
1341	9	0	150	0.1	1.0	recombination	phlag_dto_eap01_ena4_esp005_ex	N555	recombination_increase
1341	9	0	150	0.1	1.0	recombination	phlag_dto_eap005_ena2_esp001_ex	N555	recombination_increase
1341	9	0	150	0.1	1.0	recombination	phlag_dto_eap01_ena4_rev001_ex	N555	recombination_increase
1341	9	0	150	0.1	1.0	recombination	phlag_dto_eap01_ena4_esp001_ex	N555	recombination_increase
1470	0	1	29	0.02	1.0	recombination	phlag_mlt_eap01_ena4_esp010_ex	N249	recombination_increase
1470	0	1	29	0.02	1.0	recombination	phlag_dto_eap01_ena4_free_ex	N249	recombination_increase
1470	0	1	29	0.02	1.0	recombination	phlag_mlt_eap01_ena4_free_ex	N249	recombination_increase
1470	0	1	29	0.02	1.0	recombination	phlag_mlt_eap01_ena4_esp001_ex	N249	recombination_increase
1470	0	1	29	0.02	1.0	recombination	phlag_dto_eap01_ena4_rev0001_ex	N249	recombination_increase
1470	0	1	29	0.02	1.0	recombination	phlag_mlt_eap01_ena4_esp005_ex	N249	recombination_increase
1470	0	1	29	0.02	1.0	recombination	phlag_mlt_noprior_noprior_esp001_ex	N249	recombination_increase
1470	0	0	30	0.02	1.0	recombination	phlag_dto_eap01_ena4_esp001	N249	recombination_increase
745	725	15	15	0.02	1.0	recombination	phlag_dto_noprior_noprior_free_ex	N249	recombination_increase
1470	0	1	29	0.02	1.0	recombination	phlag_dto_eap01_ena4_esp005_ex	N249	recombination_increase
1470	0	1	29	0.02	1.0	recombination	phlag_dto_eap005_ena2_esp001_ex	N249	recombination_increase
1470	0	1	29	0.02	1.0	recombination	phlag_dto_eap01_ena4_rev001_ex	N249	recombination_increase
1470	0	1	29	0.02	1.0	recombination	phlag_dto_eap01_ena4_esp001_ex	N249	recombination_increase
1350	0	2	148	0.1	1.0	recombination	phlag_mlt_eap01_ena4_esp010_ex	N113	recombination_increase
1350	0	2	148	0.1	1.0	recombination	phlag_dto_eap01_ena4_free_ex	N113	recombination_increase
1350	0	2	148	0.1	1.0	recombination	phlag_mlt_eap01_ena4_free_ex	N113	recombination_increase
1350	0	2	148	0.1	1.0	recombination	phlag_mlt_eap01_ena4_esp001_ex	N113	recombination_increase
1350	0	2	148	0.1	1.0	recombination	phlag_dto_eap01_ena4_rev0001_ex	N113	recombination_increase
1350	0	2	148	0.1	1.0	recombination	phlag_mlt_eap01_ena4_esp005_ex	N113	recombination_increase
1350	0	2	148	0.1	1.0	recombination	phlag_mlt_noprior_noprior_esp001_ex	N113	recombination_increase
1350	0	150	0	0.1	1.0	recombination	phlag_dto_eap01_ena4_esp001	N113	recombination_increase
677	673	75	75	0.1	1.0	recombination	phlag_dto_noprior_noprior_free_ex	N113	recombination_increase
1350	0	2	148	0.1	1.0	recombination	phlag_dto_eap01_ena4_esp005_ex	N113	recombination_increase
1350	0	2	148	0.1	1.0	recombination	phlag_dto_eap005_ena2_esp001_ex	N113	recombination_increase
1350	0	2	148	0.1	1.0	recombination	phlag_dto_eap01_ena4_rev001_ex	N113	recombination_increase
1350	0	2	148	0.1	1.0	recombination	phlag_dto_eap01_ena4_esp001_ex	N113	recombination_increase
1200	0	10	290	0.2	1.0	recombination	phlag_mlt_eap01_ena4_esp010_ex	N187	recombination_increase
1200	0	10	290	0.2	1.0	recombination	phlag_dto_eap01_ena4_free_ex	N187	recombination_increase
1200	0	10	290	0.2	1.0	recombination	phlag_mlt_eap01_ena4_free_ex	N187	recombination_increase
1200	0	10	290	0.2	1.0	recombination	phlag_mlt_eap01_ena4_esp001_ex	N187	recombination_increase
1200	0	10	290	0.2	1.0	recombination	phlag_dto_eap01_ena4_rev0001_ex	N187	recombination_increase
1200	0	10	290	0.2	1.0	recombination	phlag_mlt_eap01_ena4_esp005_ex	N187	recombination_increase
1200	0	10	290	0.2	1.0	recombination	phlag_mlt_noprior_noprior_esp001_ex	N187	recombination_increase
999	201	300	0	0.2	1.0	recombination	phlag_dto_eap01_ena4_esp001	N187	recombination_increase
607	593	152	148	0.2	1.0	recombination	phlag_dto_noprior_noprior_free_ex	N187	recombination_increase
1200	0	10	290	0.2	1.0	recombination	phlag_dto_eap01_ena4_esp005_ex	N187	recombination_increase
1200	0	10	290	0.2	1.0	recombination	phlag_dto_eap005_ena2_esp001_ex	N187	recombination_increase
1200	0	10	290	0.2	1.0	recombination	phlag_dto_eap01_ena4_rev001_ex	N187	recombination_increase
1200	0	10	290	0.2	1.0	recombination	phlag_dto_eap01_ena4_esp001_ex	N187	recombination_increase
1408	62	0	30	0.02	1.0	recombination	phlag_mlt_eap01_ena4_esp010_ex	N397	recombination_increase
981	489	3	27	0.02	1.0	recombination	phlag_dto_eap01_ena4_free_ex	N397	recombination_increase
1055	415	30	0	0.02	1.0	recombination	phlag_mlt_eap01_ena4_free_ex	N397	recombination_increase
1427	43	2	28	0.02	1.0	recombination	phlag_mlt_eap01_ena4_esp001_ex	N397	recombination_increase
1108	362	24	6	0.02	1.0	recombination	phlag_dto_eap01_ena4_rev0001_ex	N397	recombination_increase
1409	61	0	30	0.02	1.0	recombination	phlag_mlt_eap01_ena4_esp005_ex	N397	recombination_increase
1427	43	2	28	0.02	1.0	recombination	phlag_mlt_noprior_noprior_esp001_ex	N397	recombination_increase
1396	74	30	0	0.02	1.0	recombination	phlag_dto_eap01_ena4_esp001	N397	recombination_increase
1056	414	26	4	0.02	1.0	recombination	phlag_dto_noprior_noprior_free_ex	N397	recombination_increase
1108	362	24	6	0.02	1.0	recombination	phlag_dto_eap01_ena4_esp005_ex	N397	recombination_increase
1287	183	3	27	0.02	1.0	recombination	phlag_dto_eap005_ena2_esp001_ex	N397	recombination_increase
1134	336	24	6	0.02	1.0	recombination	phlag_dto_eap01_ena4_rev001_ex	N397	recombination_increase
1287	183	3	27	0.02	1.0	recombination	phlag_dto_eap01_ena4_esp001_ex	N397	recombination_increase
1188	87	225	0	0.15	1.0	recombination	phlag_mlt_eap01_ena4_esp010_ex	N407	recombination_increase
1237	38	225	0	0.15	1.0	recombination	phlag_dto_eap01_ena4_free_ex	N407	recombination_increase
1275	0	225	0	0.15	1.0	recombination	phlag_mlt_eap01_ena4_free_ex	N407	recombination_increase
936	339	225	0	0.15	1.0	recombination	phlag_mlt_eap01_ena4_esp001_ex	N407	recombination_increase
1178	97	225	0	0.15	1.0	recombination	phlag_dto_eap01_ena4_rev0001_ex	N407	recombination_increase
1193	82	225	0	0.15	1.0	recombination	phlag_mlt_eap01_ena4_esp005_ex	N407	recombination_increase
936	339	225	0	0.15	1.0	recombination	phlag_mlt_noprior_noprior_esp001_ex	N407	recombination_increase
1000	275	225	0	0.15	1.0	recombination	phlag_dto_eap01_ena4_esp001	N407	recombination_increase
841	434	139	86	0.15	1.0	recombination	phlag_dto_noprior_noprior_free_ex	N407	recombination_increase
1142	133	156	69	0.15	1.0	recombination	phlag_dto_eap01_ena4_esp005_ex	N407	recombination_increase
1019	256	225	0	0.15	1.0	recombination	phlag_dto_eap005_ena2_esp001_ex	N407	recombination_increase
1197	78	225	0	0.15	1.0	recombination	phlag_dto_eap01_ena4_rev001_ex	N407	recombination_increase
1192	83	225	0	0.15	1.0	recombination	phlag_dto_eap01_ena4_esp001_ex	N407	recombination_increase
1200	0	3	297	0.2	1.0	recombination	phlag_mlt_eap01_ena4_esp010_ex	N113	recombination_increase
1200	0	300	0	0.2	1.0	recombination	phlag_dto_eap01_ena4_free_ex	N113	recombination_increase
1200	0	3	297	0.2	1.0	recombination	phlag_mlt_eap01_ena4_free_ex	N113	recombination_increase
1200	0	3	297	0.2	1.0	recombination	phlag_mlt_eap01_ena4_esp001_ex	N113	recombination_increase
1200	0	3	297	0.2	1.0	recombination	phlag_dto_eap01_ena4_rev0001_ex	N113	recombination_increase
1200	0	3	297	0.2	1.0	recombination	phlag_mlt_eap01_ena4_esp005_ex	N113	recombination_increase
1200	0	3	297	0.2	1.0	recombination	phlag_mlt_noprior_noprior_esp001_ex	N113	recombination_increase
1200	0	300	0	0.2	1.0	recombination	phlag_dto_eap01_ena4_esp001	N113	recombination_increase
600	600	150	150	0.2	1.0	recombination	phlag_dto_noprior_noprior_free_ex	N113	recombination_increase
1200	0	3	297	0.2	1.0	recombination	phlag_dto_eap01_ena4_esp005_ex	N113	recombination_increase
1200	0	3	297	0.2	1.0	recombination	phlag_dto_eap005_ena2_esp001_ex	N113	recombination_increase
1200	0	3	297	0.2	1.0	recombination	phlag_dto_eap01_ena4_rev001_ex	N113	recombination_increase
1200	0	3	297	0.2	1.0	recombination	phlag_dto_eap01_ena4_esp001_ex	N113	recombination_increase
1318	32	150	0	0.1	1.0	recombination	phlag_mlt_eap01_ena4_esp010_ex	N716	recombination_increase
1280	70	150	0	0.1	1.0	recombination	phlag_dto_eap01_ena4_free_ex	N716	recombination_increase
1315	35	150	0	0.1	1.0	recombination	phlag_mlt_eap01_ena4_free_ex	N716	recombination_increase
1338	12	0	150	0.1	1.0	recombination	phlag_mlt_eap01_ena4_esp001_ex	N716	recombination_increase
1350	0	150	0	0.1	1.0	recombination	phlag_dto_eap01_ena4_rev0001_ex	N716	recombination_increase
1338	12	0	150	0.1	1.0	recombination	phlag_mlt_eap01_ena4_esp005_ex	N716	recombination_increase
1338	12	0	150	0.1	1.0	recombination	phlag_mlt_noprior_noprior_esp001_ex	N716	recombination_increase
1199	151	83	67	0.1	1.0	recombination	phlag_dto_eap01_ena4_esp001	N716	recombination_increase
720	630	111	39	0.1	1.0	recombination	phlag_dto_noprior_noprior_free_ex	N716	recombination_increase
1339	11	0	150	0.1	1.0	recombination	phlag_dto_eap01_ena4_esp005_ex	N716	recombination_increase
1350	0	150	0	0.1	1.0	recombination	phlag_dto_eap005_ena2_esp001_ex	N716	recombination_increase
1350	0	150	0	0.1	1.0	recombination	phlag_dto_eap01_ena4_rev001_ex	N716	recombination_increase
1350	0	59	91	0.1	1.0	recombination	phlag_dto_eap01_ena4_esp001_ex	N716	recombination_increase
1350	0	1	149	0.1	1.0	recombination	phlag_mlt_eap01_ena4_esp010_ex	N176	recombination_increase
1350	0	1	149	0.1	1.0	recombination	phlag_dto_eap01_ena4_free_ex	N176	recombination_increase
1350	0	1	149	0.1	1.0	recombination	phlag_mlt_eap01_ena4_free_ex	N176	recombination_increase
1350	0	1	149	0.1	1.0	recombination	phlag_mlt_eap01_ena4_esp001_ex	N176	recombination_increase
1350	0	1	149	0.1	1.0	recombination	phlag_dto_eap01_ena4_rev0001_ex	N176	recombination_increase
1350	0	1	149	0.1	1.0	recombination	phlag_mlt_eap01_ena4_esp005_ex	N176	recombination_increase
1350	0	1	149	0.1	1.0	recombination	phlag_mlt_noprior_noprior_esp001_ex	N176	recombination_increase
1349	1	1	149	0.1	1.0	recombination	phlag_dto_eap01_ena4_esp001	N176	recombination_increase
840	510	143	7	0.1	1.0	recombination	phlag_dto_noprior_noprior_free_ex	N176	recombination_increase
1350	0	1	149	0.1	1.0	recombination	phlag_dto_eap01_ena4_esp005_ex	N176	recombination_increase
1350	0	1	149	0.1	1.0	recombination	phlag_dto_eap005_ena2_esp001_ex	N176	recombination_increase
1350	0	1	149	0.1	1.0	recombination	phlag_dto_eap01_ena4_rev001_ex	N176	recombination_increase
1350	0	1	149	0.1	1.0	recombination	phlag_dto_eap01_ena4_esp001_ex	N176	recombination_increase
1121	4	2	373	0.25	1.0	recombination	phlag_mlt_eap01_ena4_esp010_ex	N665	recombination_increase
1120	5	4	371	0.25	1.0	recombination	phlag_dto_eap01_ena4_free_ex	N665	recombination_increase
1121	4	2	373	0.25	1.0	recombination	phlag_mlt_eap01_ena4_free_ex	N665	recombination_increase
1121	4	2	373	0.25	1.0	recombination	phlag_mlt_eap01_ena4_esp001_ex	N665	recombination_increase
1120	5	4	371	0.25	1.0	recombination	phlag_dto_eap01_ena4_rev0001_ex	N665	recombination_increase
1121	4	2	373	0.25	1.0	recombination	phlag_mlt_eap01_ena4_esp005_ex	N665	recombination_increase
1121	4	2	373	0.25	1.0	recombination	phlag_mlt_noprior_noprior_esp001_ex	N665	recombination_increase
1125	0	4	371	0.25	1.0	recombination	phlag_dto_eap01_ena4_esp001	N665	recombination_increase
569	556	188	187	0.25	1.0	recombination	phlag_dto_noprior_noprior_free_ex	N665	recombination_increase
1120	5	4	371	0.25	1.0	recombination	phlag_dto_eap01_ena4_esp005_ex	N665	recombination_increase
1120	5	4	371	0.25	1.0	recombination	phlag_dto_eap005_ena2_esp001_ex	N665	recombination_increase
1120	5	4	371	0.25	1.0	recombination	phlag_dto_eap01_ena4_rev001_ex	N665	recombination_increase
1120	5	4	371	0.25	1.0	recombination	phlag_dto_eap01_ena4_esp001_ex	N665	recombination_increase
1200	0	300	0	0.2	1.0	recombination	phlag_mlt_eap01_ena4_esp010_ex	N717	recombination_increase
1190	10	289	11	0.2	1.0	recombination	phlag_dto_eap01_ena4_free_ex	N717	recombination_increase
1200	0	300	0	0.2	1.0	recombination	phlag_mlt_eap01_ena4_free_ex	N717	recombination_increase
1200	0	300	0	0.2	1.0	recombination	phlag_mlt_eap01_ena4_esp001_ex	N717	recombination_increase
1117	83	300	0	0.2	1.0	recombination	phlag_dto_eap01_ena4_rev0001_ex	N717	recombination_increase
1158	42	300	0	0.2	1.0	recombination	phlag_mlt_eap01_ena4_esp005_ex	N717	recombination_increase
1181	19	300	0	0.2	1.0	recombination	phlag_mlt_noprior_noprior_esp001_ex	N717	recombination_increase
1165	35	300	0	0.2	1.0	recombination	phlag_dto_eap01_ena4_esp001	N717	recombination_increase
659	541	156	144	0.2	1.0	recombination	phlag_dto_noprior_noprior_free_ex	N717	recombination_increase
862	338	293	7	0.2	1.0	recombination	phlag_dto_eap01_ena4_esp005_ex	N717	recombination_increase
1148	52	300	0	0.2	1.0	recombination	phlag_dto_eap005_ena2_esp001_ex	N717	recombination_increase
1200	0	300	0	0.2	1.0	recombination	phlag_dto_eap01_ena4_rev001_ex	N717	recombination_increase
1117	83	300	0	0.2	1.0	recombination	phlag_dto_eap01_ena4_esp001_ex	N717	recombination_increase
1200	0	1	299	0.2	1.0	recombination	phlag_mlt_eap01_ena4_esp010_ex	N249	recombination_increase
1200	0	1	299	0.2	1.0	recombination	phlag_dto_eap01_ena4_free_ex	N249	recombination_increase
1200	0	1	299	0.2	1.0	recombination	phlag_mlt_eap01_ena4_free_ex	N249	recombination_increase
1200	0	1	299	0.2	1.0	recombination	phlag_mlt_eap01_ena4_esp001_ex	N249	recombination_increase
1200	0	1	299	0.2	1.0	recombination	phlag_dto_eap01_ena4_rev0001_ex	N249	recombination_increase
1200	0	1	299	0.2	1.0	recombination	phlag_mlt_eap01_ena4_esp005_ex	N249	recombination_increase
1200	0	1	299	0.2	1.0	recombination	phlag_mlt_noprior_noprior_esp001_ex	N249	recombination_increase
1198	2	0	300	0.2	1.0	recombination	phlag_dto_eap01_ena4_esp001	N249	recombination_increase
602	598	152	148	0.2	1.0	recombination	phlag_dto_noprior_noprior_free_ex	N249	recombination_increase
1200	0	1	299	0.2	1.0	recombination	phlag_dto_eap01_ena4_esp005_ex	N249	recombination_increase
1200	0	1	299	0.2	1.0	recombination	phlag_dto_eap005_ena2_esp001_ex	N249	recombination_increase
1200	0	1	299	0.2	1.0	recombination	phlag_dto_eap01_ena4_rev001_ex	N249	recombination_increase
1200	0	1	299	0.2	1.0	recombination	phlag_dto_eap01_ena4_esp001_ex	N249	recombination_increase
1275	0	225	0	0.15	1.0	recombination	phlag_mlt_eap01_ena4_esp010_ex	N397	recombination_increase
1275	0	2	223	0.15	1.0	recombination	phlag_dto_eap01_ena4_free_ex	N397	recombination_increase
1270	5	0	225	0.15	1.0	recombination	phlag_mlt_eap01_ena4_free_ex	N397	recombination_increase
1270	5	0	225	0.15	1.0	recombination	phlag_mlt_eap01_ena4_esp001_ex	N397	recombination_increase
1275	0	2	223	0.15	1.0	recombination	phlag_dto_eap01_ena4_rev0001_ex	N397	recombination_increase
1270	5	0	225	0.15	1.0	recombination	phlag_mlt_eap01_ena4_esp005_ex	N397	recombination_increase
1270	5	0	225	0.15	1.0	recombination	phlag_mlt_noprior_noprior_esp001_ex	N397	recombination_increase
1175	100	225	0	0.15	1.0	recombination	phlag_dto_eap01_ena4_esp001	N397	recombination_increase
1005	270	209	16	0.15	1.0	recombination	phlag_dto_noprior_noprior_free_ex	N397	recombination_increase
1275	0	2	223	0.15	1.0	recombination	phlag_dto_eap01_ena4_esp005_ex	N397	recombination_increase
1275	0	2	223	0.15	1.0	recombination	phlag_dto_eap005_ena2_esp001_ex	N397	recombination_increase
1275	0	2	223	0.15	1.0	recombination	phlag_dto_eap01_ena4_rev001_ex	N397	recombination_increase
1275	0	2	223	0.15	1.0	recombination	phlag_dto_eap01_ena4_esp001_ex	N397	recombination_increase
1200	0	110	190	0.2	1.0	recombination	phlag_mlt_eap01_ena4_esp010_ex	N716	recombination_increase
1113	87	300	0	0.2	1.0	recombination	phlag_dto_eap01_ena4_free_ex	N716	recombination_increase
1160	40	300	0	0.2	1.0	recombination	phlag_mlt_eap01_ena4_free_ex	N716	recombination_increase
1200	0	103	197	0.2	1.0	recombination	phlag_mlt_eap01_ena4_esp001_ex	N716	recombination_increase
1200	0	300	0	0.2	1.0	recombination	phlag_dto_eap01_ena4_rev0001_ex	N716	recombination_increase
1200	0	110	190	0.2	1.0	recombination	phlag_mlt_eap01_ena4_esp005_ex	N716	recombination_increase
1200	0	110	190	0.2	1.0	recombination	phlag_mlt_noprior_noprior_esp001_ex	N716	recombination_increase
1075	125	0	300	0.2	1.0	recombination	phlag_dto_eap01_ena4_esp001	N716	recombination_increase
693	507	209	91	0.2	1.0	recombination	phlag_dto_noprior_noprior_free_ex	N716	recombination_increase
1200	0	109	191	0.2	1.0	recombination	phlag_dto_eap01_ena4_esp005_ex	N716	recombination_increase
1200	0	300	0	0.2	1.0	recombination	phlag_dto_eap005_ena2_esp001_ex	N716	recombination_increase
1200	0	300	0	0.2	1.0	recombination	phlag_dto_eap01_ena4_rev001_ex	N716	recombination_increase
1200	0	221	79	0.2	1.0	recombination	phlag_dto_eap01_ena4_esp001_ex	N716	recombination_increase
1346	4	2	148	0.1	1.0	recombination	phlag_mlt_eap01_ena4_esp010_ex	N665	recombination_increase
1345	5	4	146	0.1	1.0	recombination	phlag_dto_eap01_ena4_free_ex	N665	recombination_increase
1346	4	4	146	0.1	1.0	recombination	phlag_mlt_eap01_ena4_free_ex	N665	recombination_increase
1346	4	4	146	0.1	1.0	recombination	phlag_mlt_eap01_ena4_esp001_ex	N665	recombination_increase
1345	5	4	146	0.1	1.0	recombination	phlag_dto_eap01_ena4_rev0001_ex	N665	recombination_increase
1346	4	2	148	0.1	1.0	recombination	phlag_mlt_eap01_ena4_esp005_ex	N665	recombination_increase
1346	4	4	146	0.1	1.0	recombination	phlag_mlt_noprior_noprior_esp001_ex	N665	recombination_increase
1350	0	4	146	0.1	1.0	recombination	phlag_dto_eap01_ena4_esp001	N665	recombination_increase
1345	5	4	146	0.1	1.0	recombination	phlag_dto_noprior_noprior_free_ex	N665	recombination_increase
1345	5	4	146	0.1	1.0	recombination	phlag_dto_eap01_ena4_esp005_ex	N665	recombination_increase
1345	5	4	146	0.1	1.0	recombination	phlag_dto_eap005_ena2_esp001_ex	N665	recombination_increase
1345	5	4	146	0.1	1.0	recombination	phlag_dto_eap01_ena4_rev001_ex	N665	recombination_increase
1345	5	4	146	0.1	1.0	recombination	phlag_dto_eap01_ena4_esp001_ex	N665	recombination_increase
1441	29	30	0	0.02	1.0	recombination	phlag_mlt_eap01_ena4_esp010_ex	N71	recombination_increase
1470	0	30	0	0.02	1.0	recombination	phlag_dto_eap01_ena4_free_ex	N71	recombination_increase
1470	0	30	0	0.02	1.0	recombination	phlag_mlt_eap01_ena4_free_ex	N71	recombination_increase
1432	38	30	0	0.02	1.0	recombination	phlag_mlt_eap01_ena4_esp001_ex	N71	recombination_increase
1470	0	30	0	0.02	1.0	recombination	phlag_dto_eap01_ena4_rev0001_ex	N71	recombination_increase
1470	0	30	0	0.02	1.0	recombination	phlag_mlt_eap01_ena4_esp005_ex	N71	recombination_increase
1432	38	30	0	0.02	1.0	recombination	phlag_mlt_noprior_noprior_esp001_ex	N71	recombination_increase
1470	0	30	0	0.02	1.0	recombination	phlag_dto_eap01_ena4_esp001	N71	recombination_increase
736	734	15	15	0.02	1.0	recombination	phlag_dto_noprior_noprior_free_ex	N71	recombination_increase
1405	65	30	0	0.02	1.0	recombination	phlag_dto_eap01_ena4_esp005_ex	N71	recombination_increase
1470	0	30	0	0.02	1.0	recombination	phlag_dto_eap005_ena2_esp001_ex	N71	recombination_increase
1470	0	30	0	0.02	1.0	recombination	phlag_dto_eap01_ena4_rev001_ex	N71	recombination_increase
1470	0	30	0	0.02	1.0	recombination	phlag_dto_eap01_ena4_esp001_ex	N71	recombination_increase
1273	2	2	223	0.15	1.0	recombination	phlag_mlt_eap01_ena4_esp010_ex	N665	recombination_increase
1275	0	4	221	0.15	1.0	recombination	phlag_dto_eap01_ena4_free_ex	N665	recombination_increase
1273	2	4	221	0.15	1.0	recombination	phlag_mlt_eap01_ena4_free_ex	N665	recombination_increase
1273	2	4	221	0.15	1.0	recombination	phlag_mlt_eap01_ena4_esp001_ex	N665	recombination_increase
1275	0	4	221	0.15	1.0	recombination	phlag_dto_eap01_ena4_rev0001_ex	N665	recombination_increase
1273	2	2	223	0.15	1.0	recombination	phlag_mlt_eap01_ena4_esp005_ex	N665	recombination_increase
1273	2	4	221	0.15	1.0	recombination	phlag_mlt_noprior_noprior_esp001_ex	N665	recombination_increase
1275	0	5	220	0.15	1.0	recombination	phlag_dto_eap01_ena4_esp001	N665	recombination_increase
1275	0	4	221	0.15	1.0	recombination	phlag_dto_noprior_noprior_free_ex	N665	recombination_increase
1275	0	4	221	0.15	1.0	recombination	phlag_dto_eap01_ena4_esp005_ex	N665	recombination_increase
1275	0	4	221	0.15	1.0	recombination	phlag_dto_eap005_ena2_esp001_ex	N665	recombination_increase
1275	0	4	221	0.15	1.0	recombination	phlag_dto_eap01_ena4_rev001_ex	N665	recombination_increase
1275	0	4	221	0.15	1.0	recombination	phlag_dto_eap01_ena4_esp001_ex	N665	recombination_increase
1350	0	0	150	0.1	1.0	recombination	phlag_mlt_eap01_ena4_esp010_ex	N125	recombination_increase
1350	0	0	150	0.1	1.0	recombination	phlag_dto_eap01_ena4_free_ex	N125	recombination_increase
1350	0	150	0	0.1	1.0	recombination	phlag_mlt_eap01_ena4_free_ex	N125	recombination_increase
1350	0	0	150	0.1	1.0	recombination	phlag_mlt_eap01_ena4_esp001_ex	N125	recombination_increase
1350	0	0	150	0.1	1.0	recombination	phlag_dto_eap01_ena4_rev0001_ex	N125	recombination_increase
1350	0	0	150	0.1	1.0	recombination	phlag_mlt_eap01_ena4_esp005_ex	N125	recombination_increase
1350	0	0	150	0.1	1.0	recombination	phlag_mlt_noprior_noprior_esp001_ex	N125	recombination_increase
1350	0	150	0	0.1	1.0	recombination	phlag_dto_eap01_ena4_esp001	N125	recombination_increase
679	671	76	74	0.1	1.0	recombination	phlag_dto_noprior_noprior_free_ex	N125	recombination_increase
1350	0	0	150	0.1	1.0	recombination	phlag_dto_eap01_ena4_esp005_ex	N125	recombination_increase
1350	0	0	150	0.1	1.0	recombination	phlag_dto_eap005_ena2_esp001_ex	N125	recombination_increase
1350	0	0	150	0.1	1.0	recombination	phlag_dto_eap01_ena4_rev001_ex	N125	recombination_increase
1350	0	0	150	0.1	1.0	recombination	phlag_dto_eap01_ena4_esp001_ex	N125	recombination_increase
1273	2	1	224	0.15	1.0	recombination	phlag_mlt_eap01_ena4_esp010_ex	N703	recombination_increase
1273	2	0	225	0.15	1.0	recombination	phlag_dto_eap01_ena4_free_ex	N703	recombination_increase
1273	2	1	224	0.15	1.0	recombination	phlag_mlt_eap01_ena4_free_ex	N703	recombination_increase
1273	2	1	224	0.15	1.0	recombination	phlag_mlt_eap01_ena4_esp001_ex	N703	recombination_increase
1273	2	0	225	0.15	1.0	recombination	phlag_dto_eap01_ena4_rev0001_ex	N703	recombination_increase
1273	2	1	224	0.15	1.0	recombination	phlag_mlt_eap01_ena4_esp005_ex	N703	recombination_increase
1273	2	1	224	0.15	1.0	recombination	phlag_mlt_noprior_noprior_esp001_ex	N703	recombination_increase
1274	1	1	224	0.15	1.0	recombination	phlag_dto_eap01_ena4_esp001	N703	recombination_increase
842	433	224	1	0.15	1.0	recombination	phlag_dto_noprior_noprior_free_ex	N703	recombination_increase
1273	2	0	225	0.15	1.0	recombination	phlag_dto_eap01_ena4_esp005_ex	N703	recombination_increase
1273	2	0	225	0.15	1.0	recombination	phlag_dto_eap005_ena2_esp001_ex	N703	recombination_increase
1273	2	0	225	0.15	1.0	recombination	phlag_dto_eap01_ena4_rev001_ex	N703	recombination_increase
1273	2	0	225	0.15	1.0	recombination	phlag_dto_eap01_ena4_esp001_ex	N703	recombination_increase
1115	10	1	374	0.25	1.0	recombination	phlag_mlt_eap01_ena4_esp010_ex	N238	recombination_increase
1118	7	1	374	0.25	1.0	recombination	phlag_dto_eap01_ena4_free_ex	N238	recombination_increase
1115	10	1	374	0.25	1.0	recombination	phlag_mlt_eap01_ena4_free_ex	N238	recombination_increase
1115	10	1	374	0.25	1.0	recombination	phlag_mlt_eap01_ena4_esp001_ex	N238	recombination_increase
1118	7	1	374	0.25	1.0	recombination	phlag_dto_eap01_ena4_rev0001_ex	N238	recombination_increase
1125	0	2	373	0.25	1.0	recombination	phlag_mlt_eap01_ena4_esp005_ex	N238	recombination_increase
1115	10	1	374	0.25	1.0	recombination	phlag_mlt_noprior_noprior_esp001_ex	N238	recombination_increase
1113	12	0	375	0.25	1.0	recombination	phlag_dto_eap01_ena4_esp001	N238	recombination_increase
655	470	258	117	0.25	1.0	recombination	phlag_dto_noprior_noprior_free_ex	N238	recombination_increase
1118	7	1	374	0.25	1.0	recombination	phlag_dto_eap01_ena4_esp005_ex	N238	recombination_increase
1118	7	1	374	0.25	1.0	recombination	phlag_dto_eap005_ena2_esp001_ex	N238	recombination_increase
1118	7	1	374	0.25	1.0	recombination	phlag_dto_eap01_ena4_rev001_ex	N238	recombination_increase
1118	7	1	374	0.25	1.0	recombination	phlag_dto_eap01_ena4_esp001_ex	N238	recombination_increase
1390	35	2	73	0.05	1.0	recombination	phlag_mlt_eap01_ena4_esp010_ex	N397	recombination_increase
1425	0	3	72	0.05	1.0	recombination	phlag_dto_eap01_ena4_free_ex	N397	recombination_increase
765	660	75	0	0.05	1.0	recombination	phlag_mlt_eap01_ena4_free_ex	N397	recombination_increase
1425	0	2	73	0.05	1.0	recombination	phlag_mlt_eap01_ena4_esp001_ex	N397	recombination_increase
682	743	75	0	0.05	1.0	recombination	phlag_dto_eap01_ena4_rev0001_ex	N397	recombination_increase
1390	35	2	73	0.05	1.0	recombination	phlag_mlt_eap01_ena4_esp005_ex	N397	recombination_increase
1425	0	2	73	0.05	1.0	recombination	phlag_mlt_noprior_noprior_esp001_ex	N397	recombination_increase
1351	74	75	0	0.05	1.0	recombination	phlag_dto_eap01_ena4_esp001	N397	recombination_increase
1140	285	68	7	0.05	1.0	recombination	phlag_dto_noprior_noprior_free_ex	N397	recombination_increase
1045	380	1	74	0.05	1.0	recombination	phlag_dto_eap01_ena4_esp005_ex	N397	recombination_increase
682	743	75	0	0.05	1.0	recombination	phlag_dto_eap005_ena2_esp001_ex	N397	recombination_increase
845	580	0	75	0.05	1.0	recombination	phlag_dto_eap01_ena4_rev001_ex	N397	recombination_increase
682	743	75	0	0.05	1.0	recombination	phlag_dto_eap01_ena4_esp001_ex	N397	recombination_increase
1236	39	225	0	0.15	1.0	recombination	phlag_mlt_eap01_ena4_esp010_ex	N716	recombination_increase
1219	56	225	0	0.15	1.0	recombination	phlag_dto_eap01_ena4_free_ex	N716	recombination_increase
1240	35	225	0	0.15	1.0	recombination	phlag_mlt_eap01_ena4_free_ex	N716	recombination_increase
1275	0	28	197	0.15	1.0	recombination	phlag_mlt_eap01_ena4_esp001_ex	N716	recombination_increase
1275	0	225	0	0.15	1.0	recombination	phlag_dto_eap01_ena4_rev0001_ex	N716	recombination_increase
1275	0	28	197	0.15	1.0	recombination	phlag_mlt_eap01_ena4_esp005_ex	N716	recombination_increase
1275	0	35	190	0.15	1.0	recombination	phlag_mlt_noprior_noprior_esp001_ex	N716	recombination_increase
1015	260	225	0	0.15	1.0	recombination	phlag_dto_eap01_ena4_esp001	N716	recombination_increase
699	576	158	67	0.15	1.0	recombination	phlag_dto_noprior_noprior_free_ex	N716	recombination_increase
999	276	0	225	0.15	1.0	recombination	phlag_dto_eap01_ena4_esp005_ex	N716	recombination_increase
1275	0	225	0	0.15	1.0	recombination	phlag_dto_eap005_ena2_esp001_ex	N716	recombination_increase
1275	0	225	0	0.15	1.0	recombination	phlag_dto_eap01_ena4_rev001_ex	N716	recombination_increase
1275	0	50	175	0.15	1.0	recombination	phlag_dto_eap01_ena4_esp001_ex	N716	recombination_increase
1268	7	1	224	0.15	1.0	recombination	phlag_mlt_eap01_ena4_esp010_ex	N555	recombination_increase
1271	4	0	225	0.15	1.0	recombination	phlag_dto_eap01_ena4_free_ex	N555	recombination_increase
1271	4	1	224	0.15	1.0	recombination	phlag_mlt_eap01_ena4_free_ex	N555	recombination_increase
1271	4	1	224	0.15	1.0	recombination	phlag_mlt_eap01_ena4_esp001_ex	N555	recombination_increase
1275	0	0	225	0.15	1.0	recombination	phlag_dto_eap01_ena4_rev0001_ex	N555	recombination_increase
1271	4	1	224	0.15	1.0	recombination	phlag_mlt_eap01_ena4_esp005_ex	N555	recombination_increase
1271	4	1	224	0.15	1.0	recombination	phlag_mlt_noprior_noprior_esp001_ex	N555	recombination_increase
1266	9	0	225	0.15	1.0	recombination	phlag_dto_eap01_ena4_esp001	N555	recombination_increase
1275	0	0	225	0.15	1.0	recombination	phlag_dto_noprior_noprior_free_ex	N555	recombination_increase
1275	0	0	225	0.15	1.0	recombination	phlag_dto_eap01_ena4_esp005_ex	N555	recombination_increase
1275	0	0	225	0.15	1.0	recombination	phlag_dto_eap005_ena2_esp001_ex	N555	recombination_increase
1275	0	0	225	0.15	1.0	recombination	phlag_dto_eap01_ena4_rev001_ex	N555	recombination_increase
1275	0	0	225	0.15	1.0	recombination	phlag_dto_eap01_ena4_esp001_ex	N555	recombination_increase
1125	0	10	365	0.25	1.0	recombination	phlag_mlt_eap01_ena4_esp010_ex	N187	recombination_increase
1125	0	10	365	0.25	1.0	recombination	phlag_dto_eap01_ena4_free_ex	N187	recombination_increase
1125	0	10	365	0.25	1.0	recombination	phlag_mlt_eap01_ena4_free_ex	N187	recombination_increase
1125	0	10	365	0.25	1.0	recombination	phlag_mlt_eap01_ena4_esp001_ex	N187	recombination_increase
1125	0	10	365	0.25	1.0	recombination	phlag_dto_eap01_ena4_rev0001_ex	N187	recombination_increase
1125	0	10	365	0.25	1.0	recombination	phlag_mlt_eap01_ena4_esp005_ex	N187	recombination_increase
1125	0	10	365	0.25	1.0	recombination	phlag_mlt_noprior_noprior_esp001_ex	N187	recombination_increase
956	169	375	0	0.25	1.0	recombination	phlag_dto_eap01_ena4_esp001	N187	recombination_increase
570	555	189	186	0.25	1.0	recombination	phlag_dto_noprior_noprior_free_ex	N187	recombination_increase
1125	0	10	365	0.25	1.0	recombination	phlag_dto_eap01_ena4_esp005_ex	N187	recombination_increase
1125	0	10	365	0.25	1.0	recombination	phlag_dto_eap005_ena2_esp001_ex	N187	recombination_increase
1125	0	10	365	0.25	1.0	recombination	phlag_dto_eap01_ena4_rev001_ex	N187	recombination_increase
1125	0	10	365	0.25	1.0	recombination	phlag_dto_eap01_ena4_esp001_ex	N187	recombination_increase
1200	0	300	0	0.2	1.0	recombination	phlag_mlt_eap01_ena4_esp010_ex	N690	recombination_increase
1108	92	152	148	0.2	1.0	recombination	phlag_dto_eap01_ena4_free_ex	N690	recombination_increase
1147	53	99	201	0.2	1.0	recombination	phlag_mlt_eap01_ena4_free_ex	N690	recombination_increase
1147	53	99	201	0.2	1.0	recombination	phlag_mlt_eap01_ena4_esp001_ex	N690	recombination_increase
600	600	296	4	0.2	1.0	recombination	phlag_dto_eap01_ena4_rev0001_ex	N690	recombination_increase
944	256	99	201	0.2	1.0	recombination	phlag_mlt_eap01_ena4_esp005_ex	N690	recombination_increase
1147	53	99	201	0.2	1.0	recombination	phlag_mlt_noprior_noprior_esp001_ex	N690	recombination_increase
1200	0	300	0	0.2	1.0	recombination	phlag_dto_eap01_ena4_esp001	N690	recombination_increase
636	564	128	172	0.2	1.0	recombination	phlag_dto_noprior_noprior_free_ex	N690	recombination_increase
786	414	296	4	0.2	1.0	recombination	phlag_dto_eap01_ena4_esp005_ex	N690	recombination_increase
587	613	295	5	0.2	1.0	recombination	phlag_dto_eap005_ena2_esp001_ex	N690	recombination_increase
864	336	159	141	0.2	1.0	recombination	phlag_dto_eap01_ena4_rev001_ex	N690	recombination_increase
947	253	152	148	0.2	1.0	recombination	phlag_dto_eap01_ena4_esp001_ex	N690	recombination_increase
1200	0	300	0	0.2	1.0	recombination	phlag_mlt_eap01_ena4_esp010_ex	N418	recombination_increase
1051	149	244	56	0.2	1.0	recombination	phlag_dto_eap01_ena4_free_ex	N418	recombination_increase
1200	0	300	0	0.2	1.0	recombination	phlag_mlt_eap01_ena4_free_ex	N418	recombination_increase
1155	45	276	24	0.2	1.0	recombination	phlag_mlt_eap01_ena4_esp001_ex	N418	recombination_increase
1051	149	244	56	0.2	1.0	recombination	phlag_dto_eap01_ena4_rev0001_ex	N418	recombination_increase
810	390	6	294	0.2	1.0	recombination	phlag_mlt_eap01_ena4_esp005_ex	N418	recombination_increase
1137	63	7	293	0.2	1.0	recombination	phlag_mlt_noprior_noprior_esp001_ex	N418	recombination_increase
1200	0	300	0	0.2	1.0	recombination	phlag_dto_eap01_ena4_esp001	N418	recombination_increase
607	593	176	124	0.2	1.0	recombination	phlag_dto_noprior_noprior_free_ex	N418	recombination_increase
928	272	235	65	0.2	1.0	recombination	phlag_dto_eap01_ena4_esp005_ex	N418	recombination_increase
860	340	300	0	0.2	1.0	recombination	phlag_dto_eap005_ena2_esp001_ex	N418	recombination_increase
1045	155	119	181	0.2	1.0	recombination	phlag_dto_eap01_ena4_rev001_ex	N418	recombination_increase
926	274	235	65	0.2	1.0	recombination	phlag_dto_eap01_ena4_esp001_ex	N418	recombination_increase
1422	3	0	75	0.05	1.0	recombination	phlag_mlt_eap01_ena4_esp010_ex	N282	recombination_increase
1423	2	75	0	0.05	1.0	recombination	phlag_dto_eap01_ena4_free_ex	N282	recombination_increase
1422	3	0	75	0.05	1.0	recombination	phlag_mlt_eap01_ena4_free_ex	N282	recombination_increase
1422	3	0	75	0.05	1.0	recombination	phlag_mlt_eap01_ena4_esp001_ex	N282	recombination_increase
1420	5	0	75	0.05	1.0	recombination	phlag_dto_eap01_ena4_rev0001_ex	N282	recombination_increase
1422	3	0	75	0.05	1.0	recombination	phlag_mlt_eap01_ena4_esp005_ex	N282	recombination_increase
1422	3	0	75	0.05	1.0	recombination	phlag_mlt_noprior_noprior_esp001_ex	N282	recombination_increase
1425	0	75	0	0.05	1.0	recombination	phlag_dto_eap01_ena4_esp001	N282	recombination_increase
715	710	38	37	0.05	1.0	recombination	phlag_dto_noprior_noprior_free_ex	N282	recombination_increase
1420	5	0	75	0.05	1.0	recombination	phlag_dto_eap01_ena4_esp005_ex	N282	recombination_increase
1420	5	0	75	0.05	1.0	recombination	phlag_dto_eap005_ena2_esp001_ex	N282	recombination_increase
1420	5	0	75	0.05	1.0	recombination	phlag_dto_eap01_ena4_rev001_ex	N282	recombination_increase
1420	5	0	75	0.05	1.0	recombination	phlag_dto_eap01_ena4_esp001_ex	N282	recombination_increase
1200	0	0	300	0.2	1.0	recombination	phlag_mlt_eap01_ena4_esp010_ex	N115	recombination_increase
1200	0	300	0	0.2	1.0	recombination	phlag_dto_eap01_ena4_free_ex	N115	recombination_increase
1200	0	300	0	0.2	1.0	recombination	phlag_mlt_eap01_ena4_free_ex	N115	recombination_increase
1200	0	0	300	0.2	1.0	recombination	phlag_mlt_eap01_ena4_esp001_ex	N115	recombination_increase
1200	0	0	300	0.2	1.0	recombination	phlag_dto_eap01_ena4_rev0001_ex	N115	recombination_increase
1200	0	0	300	0.2	1.0	recombination	phlag_mlt_eap01_ena4_esp005_ex	N115	recombination_increase
1200	0	0	300	0.2	1.0	recombination	phlag_mlt_noprior_noprior_esp001_ex	N115	recombination_increase
1041	159	0	300	0.2	1.0	recombination	phlag_dto_eap01_ena4_esp001	N115	recombination_increase
621	579	182	118	0.2	1.0	recombination	phlag_dto_noprior_noprior_free_ex	N115	recombination_increase
1200	0	0	300	0.2	1.0	recombination	phlag_dto_eap01_ena4_esp005_ex	N115	recombination_increase
1200	0	0	300	0.2	1.0	recombination	phlag_dto_eap005_ena2_esp001_ex	N115	recombination_increase
1200	0	0	300	0.2	1.0	recombination	phlag_dto_eap01_ena4_rev001_ex	N115	recombination_increase
1200	0	0	300	0.2	1.0	recombination	phlag_dto_eap01_ena4_esp001_ex	N115	recombination_increase
1275	0	0	225	0.15	1.0	recombination	phlag_mlt_eap01_ena4_esp010_ex	N115	recombination_increase
1275	0	225	0	0.15	1.0	recombination	phlag_dto_eap01_ena4_free_ex	N115	recombination_increase
1275	0	225	0	0.15	1.0	recombination	phlag_mlt_eap01_ena4_free_ex	N115	recombination_increase
1275	0	0	225	0.15	1.0	recombination	phlag_mlt_eap01_ena4_esp001_ex	N115	recombination_increase
1275	0	0	225	0.15	1.0	recombination	phlag_dto_eap01_ena4_rev0001_ex	N115	recombination_increase
1275	0	0	225	0.15	1.0	recombination	phlag_mlt_eap01_ena4_esp005_ex	N115	recombination_increase
1275	0	0	225	0.15	1.0	recombination	phlag_mlt_noprior_noprior_esp001_ex	N115	recombination_increase
766	509	225	0	0.15	1.0	recombination	phlag_dto_eap01_ena4_esp001	N115	recombination_increase
652	623	118	107	0.15	1.0	recombination	phlag_dto_noprior_noprior_free_ex	N115	recombination_increase
1275	0	0	225	0.15	1.0	recombination	phlag_dto_eap01_ena4_esp005_ex	N115	recombination_increase
1275	0	0	225	0.15	1.0	recombination	phlag_dto_eap005_ena2_esp001_ex	N115	recombination_increase
1275	0	0	225	0.15	1.0	recombination	phlag_dto_eap01_ena4_rev001_ex	N115	recombination_increase
1275	0	0	225	0.15	1.0	recombination	phlag_dto_eap01_ena4_esp001_ex	N115	recombination_increase
1121	4	1	374	0.25	1.0	recombination	phlag_mlt_eap01_ena4_esp010_ex	N639	recombination_increase
1118	7	0	375	0.25	1.0	recombination	phlag_dto_eap01_ena4_free_ex	N639	recombination_increase
1124	1	375	0	0.25	1.0	recombination	phlag_mlt_eap01_ena4_free_ex	N639	recombination_increase
1121	4	1	374	0.25	1.0	recombination	phlag_mlt_eap01_ena4_esp001_ex	N639	recombination_increase
1118	7	0	375	0.25	1.0	recombination	phlag_dto_eap01_ena4_rev0001_ex	N639	recombination_increase
1121	4	1	374	0.25	1.0	recombination	phlag_mlt_eap01_ena4_esp005_ex	N639	recombination_increase
1121	4	1	374	0.25	1.0	recombination	phlag_mlt_noprior_noprior_esp001_ex	N639	recombination_increase
1118	7	100	275	0.25	1.0	recombination	phlag_dto_eap01_ena4_esp001	N639	recombination_increase
573	552	189	186	0.25	1.0	recombination	phlag_dto_noprior_noprior_free_ex	N639	recombination_increase
1118	7	0	375	0.25	1.0	recombination	phlag_dto_eap01_ena4_esp005_ex	N639	recombination_increase
1118	7	0	375	0.25	1.0	recombination	phlag_dto_eap005_ena2_esp001_ex	N639	recombination_increase
1118	7	375	0	0.25	1.0	recombination	phlag_dto_eap01_ena4_rev001_ex	N639	recombination_increase
1118	7	0	375	0.25	1.0	recombination	phlag_dto_eap01_ena4_esp001_ex	N639	recombination_increase
1350	0	16	134	0.1	1.0	recombination	phlag_mlt_eap01_ena4_esp010_ex	N228	recombination_increase
1150	200	150	0	0.1	1.0	recombination	phlag_dto_eap01_ena4_free_ex	N228	recombination_increase
1350	0	16	134	0.1	1.0	recombination	phlag_mlt_eap01_ena4_free_ex	N228	recombination_increase
1350	0	150	0	0.1	1.0	recombination	phlag_mlt_eap01_ena4_esp001_ex	N228	recombination_increase
1347	3	150	0	0.1	1.0	recombination	phlag_dto_eap01_ena4_rev0001_ex	N228	recombination_increase
1350	0	150	0	0.1	1.0	recombination	phlag_mlt_eap01_ena4_esp005_ex	N228	recombination_increase
1350	0	16	134	0.1	1.0	recombination	phlag_mlt_noprior_noprior_esp001_ex	N228	recombination_increase
1350	0	150	0	0.1	1.0	recombination	phlag_dto_eap01_ena4_esp001	N228	recombination_increase
867	483	121	29	0.1	1.0	recombination	phlag_dto_noprior_noprior_free_ex	N228	recombination_increase
1340	10	19	131	0.1	1.0	recombination	phlag_dto_eap01_ena4_esp005_ex	N228	recombination_increase
1350	0	150	0	0.1	1.0	recombination	phlag_dto_eap005_ena2_esp001_ex	N228	recombination_increase
1222	128	150	0	0.1	1.0	recombination	phlag_dto_eap01_ena4_rev001_ex	N228	recombination_increase
1340	10	19	131	0.1	1.0	recombination	phlag_dto_eap01_ena4_esp001_ex	N228	recombination_increase
1200	0	0	300	0.2	1.0	recombination	phlag_mlt_eap01_ena4_esp010_ex	N125	recombination_increase
1200	0	0	300	0.2	1.0	recombination	phlag_dto_eap01_ena4_free_ex	N125	recombination_increase
1200	0	0	300	0.2	1.0	recombination	phlag_mlt_eap01_ena4_free_ex	N125	recombination_increase
1200	0	0	300	0.2	1.0	recombination	phlag_mlt_eap01_ena4_esp001_ex	N125	recombination_increase
1200	0	0	300	0.2	1.0	recombination	phlag_dto_eap01_ena4_rev0001_ex	N125	recombination_increase
1200	0	0	300	0.2	1.0	recombination	phlag_mlt_eap01_ena4_esp005_ex	N125	recombination_increase
1200	0	0	300	0.2	1.0	recombination	phlag_mlt_noprior_noprior_esp001_ex	N125	recombination_increase
1200	0	300	0	0.2	1.0	recombination	phlag_dto_eap01_ena4_esp001	N125	recombination_increase
606	594	152	148	0.2	1.0	recombination	phlag_dto_noprior_noprior_free_ex	N125	recombination_increase
1200	0	0	300	0.2	1.0	recombination	phlag_dto_eap01_ena4_esp005_ex	N125	recombination_increase
1200	0	0	300	0.2	1.0	recombination	phlag_dto_eap005_ena2_esp001_ex	N125	recombination_increase
1200	0	0	300	0.2	1.0	recombination	phlag_dto_eap01_ena4_rev001_ex	N125	recombination_increase
1200	0	0	300	0.2	1.0	recombination	phlag_dto_eap01_ena4_esp001_ex	N125	recombination_increase
1125	0	2	373	0.25	1.0	recombination	phlag_mlt_eap01_ena4_esp010_ex	N113	recombination_increase
1125	0	375	0	0.25	1.0	recombination	phlag_dto_eap01_ena4_free_ex	N113	recombination_increase
1125	0	2	373	0.25	1.0	recombination	phlag_mlt_eap01_ena4_free_ex	N113	recombination_increase
1125	0	2	373	0.25	1.0	recombination	phlag_mlt_eap01_ena4_esp001_ex	N113	recombination_increase
1125	0	2	373	0.25	1.0	recombination	phlag_dto_eap01_ena4_rev0001_ex	N113	recombination_increase
1125	0	2	373	0.25	1.0	recombination	phlag_mlt_eap01_ena4_esp005_ex	N113	recombination_increase
1125	0	2	373	0.25	1.0	recombination	phlag_mlt_noprior_noprior_esp001_ex	N113	recombination_increase
1100	25	0	375	0.25	1.0	recombination	phlag_dto_eap01_ena4_esp001	N113	recombination_increase
563	562	187	188	0.25	1.0	recombination	phlag_dto_noprior_noprior_free_ex	N113	recombination_increase
1125	0	2	373	0.25	1.0	recombination	phlag_dto_eap01_ena4_esp005_ex	N113	recombination_increase
1125	0	2	373	0.25	1.0	recombination	phlag_dto_eap005_ena2_esp001_ex	N113	recombination_increase
1125	0	2	373	0.25	1.0	recombination	phlag_dto_eap01_ena4_rev001_ex	N113	recombination_increase
1125	0	2	373	0.25	1.0	recombination	phlag_dto_eap01_ena4_esp001_ex	N113	recombination_increase
1285	65	150	0	0.1	1.0	recombination	phlag_mlt_eap01_ena4_esp010_ex	N397	recombination_increase
1350	0	3	147	0.1	1.0	recombination	phlag_dto_eap01_ena4_free_ex	N397	recombination_increase
1350	0	3	147	0.1	1.0	recombination	phlag_mlt_eap01_ena4_free_ex	N397	recombination_increase
1350	0	3	147	0.1	1.0	recombination	phlag_mlt_eap01_ena4_esp001_ex	N397	recombination_increase
1350	0	3	147	0.1	1.0	recombination	phlag_dto_eap01_ena4_rev0001_ex	N397	recombination_increase
1129	221	150	0	0.1	1.0	recombination	phlag_mlt_eap01_ena4_esp005_ex	N397	recombination_increase
1350	0	3	147	0.1	1.0	recombination	phlag_mlt_noprior_noprior_esp001_ex	N397	recombination_increase
1327	23	1	149	0.1	1.0	recombination	phlag_dto_eap01_ena4_esp001	N397	recombination_increase
1058	292	139	11	0.1	1.0	recombination	phlag_dto_noprior_noprior_free_ex	N397	recombination_increase
1347	3	3	147	0.1	1.0	recombination	phlag_dto_eap01_ena4_esp005_ex	N397	recombination_increase
1350	0	3	147	0.1	1.0	recombination	phlag_dto_eap005_ena2_esp001_ex	N397	recombination_increase
859	491	2	148	0.1	1.0	recombination	phlag_dto_eap01_ena4_rev001_ex	N397	recombination_increase
1350	0	3	147	0.1	1.0	recombination	phlag_dto_eap01_ena4_esp001_ex	N397	recombination_increase
1088	37	0	375	0.25	1.0	recombination	phlag_mlt_eap01_ena4_esp010_ex	N397	recombination_increase
1122	3	3	372	0.25	1.0	recombination	phlag_dto_eap01_ena4_free_ex	N397	recombination_increase
1088	37	0	375	0.25	1.0	recombination	phlag_mlt_eap01_ena4_free_ex	N397	recombination_increase
1088	37	0	375	0.25	1.0	recombination	phlag_mlt_eap01_ena4_esp001_ex	N397	recombination_increase
1125	0	5	370	0.25	1.0	recombination	phlag_dto_eap01_ena4_rev0001_ex	N397	recombination_increase
1088	37	0	375	0.25	1.0	recombination	phlag_mlt_eap01_ena4_esp005_ex	N397	recombination_increase
1088	37	0	375	0.25	1.0	recombination	phlag_mlt_noprior_noprior_esp001_ex	N397	recombination_increase
1113	12	2	373	0.25	1.0	recombination	phlag_dto_eap01_ena4_esp001	N397	recombination_increase
807	318	335	40	0.25	1.0	recombination	phlag_dto_noprior_noprior_free_ex	N397	recombination_increase
1122	3	3	372	0.25	1.0	recombination	phlag_dto_eap01_ena4_esp005_ex	N397	recombination_increase
1122	3	3	372	0.25	1.0	recombination	phlag_dto_eap005_ena2_esp001_ex	N397	recombination_increase
1125	0	5	370	0.25	1.0	recombination	phlag_dto_eap01_ena4_rev001_ex	N397	recombination_increase
1125	0	5	370	0.25	1.0	recombination	phlag_dto_eap01_ena4_esp001_ex	N397	recombination_increase
1200	0	6	294	0.2	1.0	recombination	phlag_mlt_eap01_ena4_esp010_ex	N709	recombination_increase
1197	3	4	296	0.2	1.0	recombination	phlag_dto_eap01_ena4_free_ex	N709	recombination_increase
1200	0	6	294	0.2	1.0	recombination	phlag_mlt_eap01_ena4_free_ex	N709	recombination_increase
1200	0	6	294	0.2	1.0	recombination	phlag_mlt_eap01_ena4_esp001_ex	N709	recombination_increase
1197	3	4	296	0.2	1.0	recombination	phlag_dto_eap01_ena4_rev0001_ex	N709	recombination_increase
1200	0	6	294	0.2	1.0	recombination	phlag_mlt_eap01_ena4_esp005_ex	N709	recombination_increase
1200	0	6	294	0.2	1.0	recombination	phlag_mlt_noprior_noprior_esp001_ex	N709	recombination_increase
1182	18	0	300	0.2	1.0	recombination	phlag_dto_eap01_ena4_esp001	N709	recombination_increase
1197	3	4	296	0.2	1.0	recombination	phlag_dto_noprior_noprior_free_ex	N709	recombination_increase
1197	3	4	296	0.2	1.0	recombination	phlag_dto_eap01_ena4_esp005_ex	N709	recombination_increase
1197	3	4	296	0.2	1.0	recombination	phlag_dto_eap005_ena2_esp001_ex	N709	recombination_increase
1197	3	4	296	0.2	1.0	recombination	phlag_dto_eap01_ena4_rev001_ex	N709	recombination_increase
1197	3	4	296	0.2	1.0	recombination	phlag_dto_eap01_ena4_esp001_ex	N709	recombination_increase
1331	19	150	0	0.1	1.0	recombination	phlag_mlt_eap01_ena4_esp010_ex	N717	recombination_increase
1242	108	150	0	0.1	1.0	recombination	phlag_dto_eap01_ena4_free_ex	N717	recombination_increase
1350	0	150	0	0.1	1.0	recombination	phlag_mlt_eap01_ena4_free_ex	N717	recombination_increase
1331	19	150	0	0.1	1.0	recombination	phlag_mlt_eap01_ena4_esp001_ex	N717	recombination_increase
1183	167	150	0	0.1	1.0	recombination	phlag_dto_eap01_ena4_rev0001_ex	N717	recombination_increase
1350	0	150	0	0.1	1.0	recombination	phlag_mlt_eap01_ena4_esp005_ex	N717	recombination_increase
1328	22	150	0	0.1	1.0	recombination	phlag_mlt_noprior_noprior_esp001_ex	N717	recombination_increase
1315	35	150	0	0.1	1.0	recombination	phlag_dto_eap01_ena4_esp001	N717	recombination_increase
730	620	72	78	0.1	1.0	recombination	phlag_dto_noprior_noprior_free_ex	N717	recombination_increase
811	539	131	19	0.1	1.0	recombination	phlag_dto_eap01_ena4_esp005_ex	N717	recombination_increase
1350	0	150	0	0.1	1.0	recombination	phlag_dto_eap005_ena2_esp001_ex	N717	recombination_increase
1350	0	150	0	0.1	1.0	recombination	phlag_dto_eap01_ena4_rev001_ex	N717	recombination_increase
1175	175	25	125	0.1	1.0	recombination	phlag_dto_eap01_ena4_esp001_ex	N717	recombination_increase
1087	38	375	0	0.25	1.0	recombination	phlag_mlt_eap01_ena4_esp010_ex	N71	recombination_increase
1125	0	375	0	0.25	1.0	recombination	phlag_dto_eap01_ena4_free_ex	N71	recombination_increase
1125	0	375	0	0.25	1.0	recombination	phlag_mlt_eap01_ena4_free_ex	N71	recombination_increase
1096	29	375	0	0.25	1.0	recombination	phlag_mlt_eap01_ena4_esp001_ex	N71	recombination_increase
1125	0	375	0	0.25	1.0	recombination	phlag_dto_eap01_ena4_rev0001_ex	N71	recombination_increase
1125	0	375	0	0.25	1.0	recombination	phlag_mlt_eap01_ena4_esp005_ex	N71	recombination_increase
1096	29	375	0	0.25	1.0	recombination	phlag_mlt_noprior_noprior_esp001_ex	N71	recombination_increase
1125	0	375	0	0.25	1.0	recombination	phlag_dto_eap01_ena4_esp001	N71	recombination_increase
565	560	189	186	0.25	1.0	recombination	phlag_dto_noprior_noprior_free_ex	N71	recombination_increase
1096	29	375	0	0.25	1.0	recombination	phlag_dto_eap01_ena4_esp005_ex	N71	recombination_increase
1125	0	375	0	0.25	1.0	recombination	phlag_dto_eap005_ena2_esp001_ex	N71	recombination_increase
1125	0	375	0	0.25	1.0	recombination	phlag_dto_eap01_ena4_rev001_ex	N71	recombination_increase
1125	0	375	0	0.25	1.0	recombination	phlag_dto_eap01_ena4_esp001_ex	N71	recombination_increase
1425	0	1	74	0.05	1.0	recombination	phlag_mlt_eap01_ena4_esp010_ex	N151	recombination_increase
1425	0	0	75	0.05	1.0	recombination	phlag_dto_eap01_ena4_free_ex	N151	recombination_increase
1425	0	1	74	0.05	1.0	recombination	phlag_mlt_eap01_ena4_free_ex	N151	recombination_increase
1425	0	1	74	0.05	1.0	recombination	phlag_mlt_eap01_ena4_esp001_ex	N151	recombination_increase
1422	3	75	0	0.05	1.0	recombination	phlag_dto_eap01_ena4_rev0001_ex	N151	recombination_increase
1425	0	1	74	0.05	1.0	recombination	phlag_mlt_eap01_ena4_esp005_ex	N151	recombination_increase
1425	0	1	74	0.05	1.0	recombination	phlag_mlt_noprior_noprior_esp001_ex	N151	recombination_increase
1425	0	75	0	0.05	1.0	recombination	phlag_dto_eap01_ena4_esp001	N151	recombination_increase
1002	423	48	27	0.05	1.0	recombination	phlag_dto_noprior_noprior_free_ex	N151	recombination_increase
1425	0	0	75	0.05	1.0	recombination	phlag_dto_eap01_ena4_esp005_ex	N151	recombination_increase
1425	0	0	75	0.05	1.0	recombination	phlag_dto_eap005_ena2_esp001_ex	N151	recombination_increase
1423	2	0	75	0.05	1.0	recombination	phlag_dto_eap01_ena4_rev001_ex	N151	recombination_increase
1425	0	0	75	0.05	1.0	recombination	phlag_dto_eap01_ena4_esp001_ex	N151	recombination_increase
1069	56	375	0	0.25	1.0	recombination	phlag_mlt_eap01_ena4_esp010_ex	N274	recombination_increase
976	149	321	54	0.25	1.0	recombination	phlag_dto_eap01_ena4_free_ex	N274	recombination_increase
1006	119	272	103	0.25	1.0	recombination	phlag_mlt_eap01_ena4_free_ex	N274	recombination_increase
1069	56	375	0	0.25	1.0	recombination	phlag_mlt_eap01_ena4_esp001_ex	N274	recombination_increase
905	220	223	152	0.25	1.0	recombination	phlag_dto_eap01_ena4_rev0001_ex	N274	recombination_increase
1069	56	375	0	0.25	1.0	recombination	phlag_mlt_eap01_ena4_esp005_ex	N274	recombination_increase
1006	119	272	103	0.25	1.0	recombination	phlag_mlt_noprior_noprior_esp001_ex	N274	recombination_increase
1076	49	375	0	0.25	1.0	recombination	phlag_dto_eap01_ena4_esp001	N274	recombination_increase
721	404	243	132	0.25	1.0	recombination	phlag_dto_noprior_noprior_free_ex	N274	recombination_increase
906	219	375	0	0.25	1.0	recombination	phlag_dto_eap01_ena4_esp005_ex	N274	recombination_increase
905	220	223	152	0.25	1.0	recombination	phlag_dto_eap005_ena2_esp001_ex	N274	recombination_increase
963	162	314	61	0.25	1.0	recombination	phlag_dto_eap01_ena4_rev001_ex	N274	recombination_increase
906	219	375	0	0.25	1.0	recombination	phlag_dto_eap01_ena4_esp001_ex	N274	recombination_increase
1399	26	0	75	0.05	1.0	recombination	phlag_mlt_eap01_ena4_esp010_ex	N639	recombination_increase
1398	27	0	75	0.05	1.0	recombination	phlag_dto_eap01_ena4_free_ex	N639	recombination_increase
1424	1	75	0	0.05	1.0	recombination	phlag_mlt_eap01_ena4_free_ex	N639	recombination_increase
1399	26	0	75	0.05	1.0	recombination	phlag_mlt_eap01_ena4_esp001_ex	N639	recombination_increase
1398	27	0	75	0.05	1.0	recombination	phlag_dto_eap01_ena4_rev0001_ex	N639	recombination_increase
1399	26	0	75	0.05	1.0	recombination	phlag_mlt_eap01_ena4_esp005_ex	N639	recombination_increase
1399	26	0	75	0.05	1.0	recombination	phlag_mlt_noprior_noprior_esp001_ex	N639	recombination_increase
1425	0	75	0	0.05	1.0	recombination	phlag_dto_eap01_ena4_esp001	N639	recombination_increase
1398	27	72	3	0.05	1.0	recombination	phlag_dto_noprior_noprior_free_ex	N639	recombination_increase
1398	27	0	75	0.05	1.0	recombination	phlag_dto_eap01_ena4_esp005_ex	N639	recombination_increase
1398	27	0	75	0.05	1.0	recombination	phlag_dto_eap005_ena2_esp001_ex	N639	recombination_increase
1398	27	0	75	0.05	1.0	recombination	phlag_dto_eap01_ena4_rev001_ex	N639	recombination_increase
1398	27	0	75	0.05	1.0	recombination	phlag_dto_eap01_ena4_esp001_ex	N639	recombination_increase
1350	0	1	149	0.1	1.0	recombination	phlag_mlt_eap01_ena4_esp010_ex	N282	recombination_increase
1348	2	150	0	0.1	1.0	recombination	phlag_dto_eap01_ena4_free_ex	N282	recombination_increase
1350	0	150	0	0.1	1.0	recombination	phlag_mlt_eap01_ena4_free_ex	N282	recombination_increase
1350	0	1	149	0.1	1.0	recombination	phlag_mlt_eap01_ena4_esp001_ex	N282	recombination_increase
1350	0	0	150	0.1	1.0	recombination	phlag_dto_eap01_ena4_rev0001_ex	N282	recombination_increase
1350	0	1	149	0.1	1.0	recombination	phlag_mlt_eap01_ena4_esp005_ex	N282	recombination_increase
1350	0	1	149	0.1	1.0	recombination	phlag_mlt_noprior_noprior_esp001_ex	N282	recombination_increase
1350	0	150	0	0.1	1.0	recombination	phlag_dto_eap01_ena4_esp001	N282	recombination_increase
677	673	76	74	0.1	1.0	recombination	phlag_dto_noprior_noprior_free_ex	N282	recombination_increase
1350	0	0	150	0.1	1.0	recombination	phlag_dto_eap01_ena4_esp005_ex	N282	recombination_increase
1350	0	0	150	0.1	1.0	recombination	phlag_dto_eap005_ena2_esp001_ex	N282	recombination_increase
1350	0	0	150	0.1	1.0	recombination	phlag_dto_eap01_ena4_rev001_ex	N282	recombination_increase
1350	0	0	150	0.1	1.0	recombination	phlag_dto_eap01_ena4_esp001_ex	N282	recombination_increase
1421	4	4	71	0.05	1.0	recombination	phlag_mlt_eap01_ena4_esp010_ex	N555	recombination_increase
1416	9	4	71	0.05	1.0	recombination	phlag_dto_eap01_ena4_free_ex	N555	recombination_increase
1417	8	75	0	0.05	1.0	recombination	phlag_mlt_eap01_ena4_free_ex	N555	recombination_increase
1421	4	4	71	0.05	1.0	recombination	phlag_mlt_eap01_ena4_esp001_ex	N555	recombination_increase
1416	9	4	71	0.05	1.0	recombination	phlag_dto_eap01_ena4_rev0001_ex	N555	recombination_increase
1421	4	4	71	0.05	1.0	recombination	phlag_mlt_eap01_ena4_esp005_ex	N555	recombination_increase
1421	4	4	71	0.05	1.0	recombination	phlag_mlt_noprior_noprior_esp001_ex	N555	recombination_increase
1239	186	75	0	0.05	1.0	recombination	phlag_dto_eap01_ena4_esp001	N555	recombination_increase
913	512	73	2	0.05	1.0	recombination	phlag_dto_noprior_noprior_free_ex	N555	recombination_increase
1416	9	4	71	0.05	1.0	recombination	phlag_dto_eap01_ena4_esp005_ex	N555	recombination_increase
1416	9	4	71	0.05	1.0	recombination	phlag_dto_eap005_ena2_esp001_ex	N555	recombination_increase
1416	9	4	71	0.05	1.0	recombination	phlag_dto_eap01_ena4_rev001_ex	N555	recombination_increase
1416	9	4	71	0.05	1.0	recombination	phlag_dto_eap01_ena4_esp001_ex	N555	recombination_increase
835	290	0	375	0.25	1.0	recombination	phlag_mlt_eap01_ena4_esp010_ex	N690	recombination_increase
1064	61	272	103	0.25	1.0	recombination	phlag_dto_eap01_ena4_free_ex	N690	recombination_increase
1081	44	14	361	0.25	1.0	recombination	phlag_mlt_eap01_ena4_free_ex	N690	recombination_increase
1044	81	155	220	0.25	1.0	recombination	phlag_mlt_eap01_ena4_esp001_ex	N690	recombination_increase
441	684	375	0	0.25	1.0	recombination	phlag_dto_eap01_ena4_rev0001_ex	N690	recombination_increase
1044	81	155	220	0.25	1.0	recombination	phlag_mlt_eap01_ena4_esp005_ex	N690	recombination_increase
1071	54	375	0	0.25	1.0	recombination	phlag_mlt_noprior_noprior_esp001_ex	N690	recombination_increase
1059	66	375	0	0.25	1.0	recombination	phlag_dto_eap01_ena4_esp001	N690	recombination_increase
601	524	158	217	0.25	1.0	recombination	phlag_dto_noprior_noprior_free_ex	N690	recombination_increase
689	436	375	0	0.25	1.0	recombination	phlag_dto_eap01_ena4_esp005_ex	N690	recombination_increase
632	493	375	0	0.25	1.0	recombination	phlag_dto_eap005_ena2_esp001_ex	N690	recombination_increase
557	568	375	0	0.25	1.0	recombination	phlag_dto_eap01_ena4_rev001_ex	N690	recombination_increase
909	216	145	230	0.25	1.0	recombination	phlag_dto_eap01_ena4_esp001_ex	N690	recombination_increase
1125	0	0	375	0.25	1.0	recombination	phlag_mlt_eap01_ena4_esp010_ex	N282	recombination_increase
1123	2	375	0	0.25	1.0	recombination	phlag_dto_eap01_ena4_free_ex	N282	recombination_increase
1125	0	375	0	0.25	1.0	recombination	phlag_mlt_eap01_ena4_free_ex	N282	recombination_increase
1125	0	0	375	0.25	1.0	recombination	phlag_mlt_eap01_ena4_esp001_ex	N282	recombination_increase
1125	0	0	375	0.25	1.0	recombination	phlag_dto_eap01_ena4_rev0001_ex	N282	recombination_increase
1125	0	0	375	0.25	1.0	recombination	phlag_mlt_eap01_ena4_esp005_ex	N282	recombination_increase
1125	0	0	375	0.25	1.0	recombination	phlag_mlt_noprior_noprior_esp001_ex	N282	recombination_increase
1125	0	375	0	0.25	1.0	recombination	phlag_dto_eap01_ena4_esp001	N282	recombination_increase
588	537	214	161	0.25	1.0	recombination	phlag_dto_noprior_noprior_free_ex	N282	recombination_increase
1125	0	0	375	0.25	1.0	recombination	phlag_dto_eap01_ena4_esp005_ex	N282	recombination_increase
1125	0	0	375	0.25	1.0	recombination	phlag_dto_eap005_ena2_esp001_ex	N282	recombination_increase
1123	2	375	0	0.25	1.0	recombination	phlag_dto_eap01_ena4_rev001_ex	N282	recombination_increase
1125	0	0	375	0.25	1.0	recombination	phlag_dto_eap01_ena4_esp001_ex	N282	recombination_increase
1273	2	0	225	0.15	1.0	recombination	phlag_mlt_eap01_ena4_esp010_ex	N174	recombination_increase
1273	2	0	225	0.15	1.0	recombination	phlag_dto_eap01_ena4_free_ex	N174	recombination_increase
1273	2	0	225	0.15	1.0	recombination	phlag_mlt_eap01_ena4_free_ex	N174	recombination_increase
1273	2	0	225	0.15	1.0	recombination	phlag_mlt_eap01_ena4_esp001_ex	N174	recombination_increase
1273	2	0	225	0.15	1.0	recombination	phlag_dto_eap01_ena4_rev0001_ex	N174	recombination_increase
1273	2	0	225	0.15	1.0	recombination	phlag_mlt_eap01_ena4_esp005_ex	N174	recombination_increase
1273	2	0	225	0.15	1.0	recombination	phlag_mlt_noprior_noprior_esp001_ex	N174	recombination_increase
1266	9	0	225	0.15	1.0	recombination	phlag_dto_eap01_ena4_esp001	N174	recombination_increase
1263	12	0	225	0.15	1.0	recombination	phlag_dto_noprior_noprior_free_ex	N174	recombination_increase
1263	12	0	225	0.15	1.0	recombination	phlag_dto_eap01_ena4_esp005_ex	N174	recombination_increase
1273	2	0	225	0.15	1.0	recombination	phlag_dto_eap005_ena2_esp001_ex	N174	recombination_increase
1273	2	0	225	0.15	1.0	recombination	phlag_dto_eap01_ena4_rev001_ex	N174	recombination_increase
1273	2	0	225	0.15	1.0	recombination	phlag_dto_eap01_ena4_esp001_ex	N174	recombination_increase
1200	0	2	298	0.2	1.0	recombination	phlag_mlt_eap01_ena4_esp010_ex	N397	recombination_increase
1200	0	2	298	0.2	1.0	recombination	phlag_dto_eap01_ena4_free_ex	N397	recombination_increase
1200	0	2	298	0.2	1.0	recombination	phlag_mlt_eap01_ena4_free_ex	N397	recombination_increase
1200	0	2	298	0.2	1.0	recombination	phlag_mlt_eap01_ena4_esp001_ex	N397	recombination_increase
1200	0	2	298	0.2	1.0	recombination	phlag_dto_eap01_ena4_rev0001_ex	N397	recombination_increase
1200	0	2	298	0.2	1.0	recombination	phlag_mlt_eap01_ena4_esp005_ex	N397	recombination_increase
1200	0	2	298	0.2	1.0	recombination	phlag_mlt_noprior_noprior_esp001_ex	N397	recombination_increase
1187	13	0	300	0.2	1.0	recombination	phlag_dto_eap01_ena4_esp001	N397	recombination_increase
945	255	279	21	0.2	1.0	recombination	phlag_dto_noprior_noprior_free_ex	N397	recombination_increase
1200	0	2	298	0.2	1.0	recombination	phlag_dto_eap01_ena4_esp005_ex	N397	recombination_increase
1200	0	2	298	0.2	1.0	recombination	phlag_dto_eap005_ena2_esp001_ex	N397	recombination_increase
1200	0	2	298	0.2	1.0	recombination	phlag_dto_eap01_ena4_rev001_ex	N397	recombination_increase
1200	0	2	298	0.2	1.0	recombination	phlag_dto_eap01_ena4_esp001_ex	N397	recombination_increase
1125	0	1	374	0.25	1.0	recombination	phlag_mlt_eap01_ena4_esp010_ex	N703	recombination_increase
1125	0	1	374	0.25	1.0	recombination	phlag_dto_eap01_ena4_free_ex	N703	recombination_increase
1125	0	1	374	0.25	1.0	recombination	phlag_mlt_eap01_ena4_free_ex	N703	recombination_increase
1125	0	1	374	0.25	1.0	recombination	phlag_mlt_eap01_ena4_esp001_ex	N703	recombination_increase
1125	0	1	374	0.25	1.0	recombination	phlag_dto_eap01_ena4_rev0001_ex	N703	recombination_increase
1125	0	1	374	0.25	1.0	recombination	phlag_mlt_eap01_ena4_esp005_ex	N703	recombination_increase
1125	0	1	374	0.25	1.0	recombination	phlag_mlt_noprior_noprior_esp001_ex	N703	recombination_increase
1125	0	1	374	0.25	1.0	recombination	phlag_dto_eap01_ena4_esp001	N703	recombination_increase
1125	0	1	374	0.25	1.0	recombination	phlag_dto_noprior_noprior_free_ex	N703	recombination_increase
1125	0	1	374	0.25	1.0	recombination	phlag_dto_eap01_ena4_esp005_ex	N703	recombination_increase
1125	0	1	374	0.25	1.0	recombination	phlag_dto_eap005_ena2_esp001_ex	N703	recombination_increase
1125	0	1	374	0.25	1.0	recombination	phlag_dto_eap01_ena4_rev001_ex	N703	recombination_increase
1125	0	1	374	0.25	1.0	recombination	phlag_dto_eap01_ena4_esp001_ex	N703	recombination_increase
1350	0	3	147	0.1	1.0	recombination	phlag_mlt_eap01_ena4_esp010_ex	N249	recombination_increase
1350	0	3	147	0.1	1.0	recombination	phlag_dto_eap01_ena4_free_ex	N249	recombination_increase
1350	0	3	147	0.1	1.0	recombination	phlag_mlt_eap01_ena4_free_ex	N249	recombination_increase
1350	0	3	147	0.1	1.0	recombination	phlag_mlt_eap01_ena4_esp001_ex	N249	recombination_increase
1350	0	3	147	0.1	1.0	recombination	phlag_dto_eap01_ena4_rev0001_ex	N249	recombination_increase
1350	0	3	147	0.1	1.0	recombination	phlag_mlt_eap01_ena4_esp005_ex	N249	recombination_increase
1350	0	3	147	0.1	1.0	recombination	phlag_mlt_noprior_noprior_esp001_ex	N249	recombination_increase
1350	0	0	150	0.1	1.0	recombination	phlag_dto_eap01_ena4_esp001	N249	recombination_increase
1350	0	3	147	0.1	1.0	recombination	phlag_dto_noprior_noprior_free_ex	N249	recombination_increase
1350	0	3	147	0.1	1.0	recombination	phlag_dto_eap01_ena4_esp005_ex	N249	recombination_increase
1350	0	3	147	0.1	1.0	recombination	phlag_dto_eap005_ena2_esp001_ex	N249	recombination_increase
1350	0	3	147	0.1	1.0	recombination	phlag_dto_eap01_ena4_rev001_ex	N249	recombination_increase
1350	0	3	147	0.1	1.0	recombination	phlag_dto_eap01_ena4_esp001_ex	N249	recombination_increase
1425	0	75	0	0.05	1.0	recombination	phlag_mlt_eap01_ena4_esp010_ex	N407	recombination_increase
1370	55	75	0	0.05	1.0	recombination	phlag_dto_eap01_ena4_free_ex	N407	recombination_increase
1425	0	75	0	0.05	1.0	recombination	phlag_mlt_eap01_ena4_free_ex	N407	recombination_increase
1425	0	75	0	0.05	1.0	recombination	phlag_mlt_eap01_ena4_esp001_ex	N407	recombination_increase
862	563	75	0	0.05	1.0	recombination	phlag_dto_eap01_ena4_rev0001_ex	N407	recombination_increase
1081	344	75	0	0.05	1.0	recombination	phlag_mlt_eap01_ena4_esp005_ex	N407	recombination_increase
1343	82	75	0	0.05	1.0	recombination	phlag_mlt_noprior_noprior_esp001_ex	N407	recombination_increase
1148	277	75	0	0.05	1.0	recombination	phlag_dto_eap01_ena4_esp001	N407	recombination_increase
1103	322	58	17	0.05	1.0	recombination	phlag_dto_noprior_noprior_free_ex	N407	recombination_increase
862	563	75	0	0.05	1.0	recombination	phlag_dto_eap01_ena4_esp005_ex	N407	recombination_increase
908	517	75	0	0.05	1.0	recombination	phlag_dto_eap005_ena2_esp001_ex	N407	recombination_increase
1322	103	75	0	0.05	1.0	recombination	phlag_dto_eap01_ena4_rev001_ex	N407	recombination_increase
862	563	75	0	0.05	1.0	recombination	phlag_dto_eap01_ena4_esp001_ex	N407	recombination_increase
1409	16	75	0	0.05	1.0	recombination	phlag_mlt_eap01_ena4_esp010_ex	N461	recombination_increase
1200	225	75	0	0.05	1.0	recombination	phlag_dto_eap01_ena4_free_ex	N461	recombination_increase
1425	0	75	0	0.05	1.0	recombination	phlag_mlt_eap01_ena4_free_ex	N461	recombination_increase
1361	64	75	0	0.05	1.0	recombination	phlag_mlt_eap01_ena4_esp001_ex	N461	recombination_increase
1235	190	75	0	0.05	1.0	recombination	phlag_dto_eap01_ena4_rev0001_ex	N461	recombination_increase
1406	19	75	0	0.05	1.0	recombination	phlag_mlt_eap01_ena4_esp005_ex	N461	recombination_increase
1205	220	75	0	0.05	1.0	recombination	phlag_mlt_noprior_noprior_esp001_ex	N461	recombination_increase
1327	98	75	0	0.05	1.0	recombination	phlag_dto_eap01_ena4_esp001	N461	recombination_increase
1056	369	56	19	0.05	1.0	recombination	phlag_dto_noprior_noprior_free_ex	N461	recombination_increase
1123	302	75	0	0.05	1.0	recombination	phlag_dto_eap01_ena4_esp005_ex	N461	recombination_increase
1235	190	75	0	0.05	1.0	recombination	phlag_dto_eap005_ena2_esp001_ex	N461	recombination_increase
1367	58	75	0	0.05	1.0	recombination	phlag_dto_eap01_ena4_rev001_ex	N461	recombination_increase
761	664	72	3	0.05	1.0	recombination	phlag_dto_eap01_ena4_esp001_ex	N461	recombination_increase
1196	4	3	297	0.2	1.0	recombination	phlag_mlt_eap01_ena4_esp010_ex	N665	recombination_increase
1195	5	5	295	0.2	1.0	recombination	phlag_dto_eap01_ena4_free_ex	N665	recombination_increase
1196	4	3	297	0.2	1.0	recombination	phlag_mlt_eap01_ena4_free_ex	N665	recombination_increase
1196	4	3	297	0.2	1.0	recombination	phlag_mlt_eap01_ena4_esp001_ex	N665	recombination_increase
1195	5	5	295	0.2	1.0	recombination	phlag_dto_eap01_ena4_rev0001_ex	N665	recombination_increase
1196	4	3	297	0.2	1.0	recombination	phlag_mlt_eap01_ena4_esp005_ex	N665	recombination_increase
1196	4	3	297	0.2	1.0	recombination	phlag_mlt_noprior_noprior_esp001_ex	N665	recombination_increase
1200	0	4	296	0.2	1.0	recombination	phlag_dto_eap01_ena4_esp001	N665	recombination_increase
606	594	153	147	0.2	1.0	recombination	phlag_dto_noprior_noprior_free_ex	N665	recombination_increase
1195	5	5	295	0.2	1.0	recombination	phlag_dto_eap01_ena4_esp005_ex	N665	recombination_increase
1195	5	5	295	0.2	1.0	recombination	phlag_dto_eap005_ena2_esp001_ex	N665	recombination_increase
1195	5	5	295	0.2	1.0	recombination	phlag_dto_eap01_ena4_rev001_ex	N665	recombination_increase
1195	5	5	295	0.2	1.0	recombination	phlag_dto_eap01_ena4_esp001_ex	N665	recombination_increase
1200	0	300	0	0.2	1.0	recombination	phlag_mlt_eap01_ena4_esp010_ex	N71	recombination_increase
1200	0	300	0	0.2	1.0	recombination	phlag_dto_eap01_ena4_free_ex	N71	recombination_increase
1200	0	300	0	0.2	1.0	recombination	phlag_mlt_eap01_ena4_free_ex	N71	recombination_increase
1162	38	300	0	0.2	1.0	recombination	phlag_mlt_eap01_ena4_esp001_ex	N71	recombination_increase
1200	0	300	0	0.2	1.0	recombination	phlag_dto_eap01_ena4_rev0001_ex	N71	recombination_increase
1200	0	300	0	0.2	1.0	recombination	phlag_mlt_eap01_ena4_esp005_ex	N71	recombination_increase
1162	38	300	0	0.2	1.0	recombination	phlag_mlt_noprior_noprior_esp001_ex	N71	recombination_increase
1200	0	300	0	0.2	1.0	recombination	phlag_dto_eap01_ena4_esp001	N71	recombination_increase
608	592	152	148	0.2	1.0	recombination	phlag_dto_noprior_noprior_free_ex	N71	recombination_increase
1200	0	300	0	0.2	1.0	recombination	phlag_dto_eap01_ena4_esp005_ex	N71	recombination_increase
1200	0	300	0	0.2	1.0	recombination	phlag_dto_eap005_ena2_esp001_ex	N71	recombination_increase
1200	0	300	0	0.2	1.0	recombination	phlag_dto_eap01_ena4_rev001_ex	N71	recombination_increase
1200	0	300	0	0.2	1.0	recombination	phlag_dto_eap01_ena4_esp001_ex	N71	recombination_increase
1337	13	0	150	0.1	1.0	recombination	phlag_mlt_eap01_ena4_esp010_ex	N639	recombination_increase
1337	13	0	150	0.1	1.0	recombination	phlag_dto_eap01_ena4_free_ex	N639	recombination_increase
1349	1	150	0	0.1	1.0	recombination	phlag_mlt_eap01_ena4_free_ex	N639	recombination_increase
1337	13	0	150	0.1	1.0	recombination	phlag_mlt_eap01_ena4_esp001_ex	N639	recombination_increase
1337	13	0	150	0.1	1.0	recombination	phlag_dto_eap01_ena4_rev0001_ex	N639	recombination_increase
1337	13	0	150	0.1	1.0	recombination	phlag_mlt_eap01_ena4_esp005_ex	N639	recombination_increase
1337	13	0	150	0.1	1.0	recombination	phlag_mlt_noprior_noprior_esp001_ex	N639	recombination_increase
1350	0	150	0	0.1	1.0	recombination	phlag_dto_eap01_ena4_esp001	N639	recombination_increase
1326	24	147	3	0.1	1.0	recombination	phlag_dto_noprior_noprior_free_ex	N639	recombination_increase
1337	13	0	150	0.1	1.0	recombination	phlag_dto_eap01_ena4_esp005_ex	N639	recombination_increase
1337	13	0	150	0.1	1.0	recombination	phlag_dto_eap005_ena2_esp001_ex	N639	recombination_increase
1337	13	0	150	0.1	1.0	recombination	phlag_dto_eap01_ena4_rev001_ex	N639	recombination_increase
1337	13	0	150	0.1	1.0	recombination	phlag_dto_eap01_ena4_esp001_ex	N639	recombination_increase
1425	0	11	64	0.05	1.0	recombination	phlag_mlt_eap01_ena4_esp010_ex	N187	recombination_increase
1365	60	0	75	0.05	1.0	recombination	phlag_dto_eap01_ena4_free_ex	N187	recombination_increase
1420	5	72	3	0.05	1.0	recombination	phlag_mlt_eap01_ena4_free_ex	N187	recombination_increase
1425	0	11	64	0.05	1.0	recombination	phlag_mlt_eap01_ena4_esp001_ex	N187	recombination_increase
1365	60	0	75	0.05	1.0	recombination	phlag_dto_eap01_ena4_rev0001_ex	N187	recombination_increase
1425	0	11	64	0.05	1.0	recombination	phlag_mlt_eap01_ena4_esp005_ex	N187	recombination_increase
1425	0	11	64	0.05	1.0	recombination	phlag_mlt_noprior_noprior_esp001_ex	N187	recombination_increase
1425	0	75	0	0.05	1.0	recombination	phlag_dto_eap01_ena4_esp001	N187	recombination_increase
1371	54	73	2	0.05	1.0	recombination	phlag_dto_noprior_noprior_free_ex	N187	recombination_increase
969	456	0	75	0.05	1.0	recombination	phlag_dto_eap01_ena4_esp005_ex	N187	recombination_increase
1425	0	75	0	0.05	1.0	recombination	phlag_dto_eap005_ena2_esp001_ex	N187	recombination_increase
1415	10	73	2	0.05	1.0	recombination	phlag_dto_eap01_ena4_rev001_ex	N187	recombination_increase
1365	60	0	75	0.05	1.0	recombination	phlag_dto_eap01_ena4_esp001_ex	N187	recombination_increase
1125	0	0	375	0.25	1.0	recombination	phlag_mlt_eap01_ena4_esp010_ex	N125	recombination_increase
1125	0	0	375	0.25	1.0	recombination	phlag_dto_eap01_ena4_free_ex	N125	recombination_increase
1125	0	0	375	0.25	1.0	recombination	phlag_mlt_eap01_ena4_free_ex	N125	recombination_increase
1125	0	0	375	0.25	1.0	recombination	phlag_mlt_eap01_ena4_esp001_ex	N125	recombination_increase
1125	0	0	375	0.25	1.0	recombination	phlag_dto_eap01_ena4_rev0001_ex	N125	recombination_increase
1125	0	0	375	0.25	1.0	recombination	phlag_mlt_eap01_ena4_esp005_ex	N125	recombination_increase
1125	0	0	375	0.25	1.0	recombination	phlag_mlt_noprior_noprior_esp001_ex	N125	recombination_increase
1125	0	375	0	0.25	1.0	recombination	phlag_dto_eap01_ena4_esp001	N125	recombination_increase
563	562	188	187	0.25	1.0	recombination	phlag_dto_noprior_noprior_free_ex	N125	recombination_increase
1125	0	0	375	0.25	1.0	recombination	phlag_dto_eap01_ena4_esp005_ex	N125	recombination_increase
1125	0	0	375	0.25	1.0	recombination	phlag_dto_eap005_ena2_esp001_ex	N125	recombination_increase
1125	0	0	375	0.25	1.0	recombination	phlag_dto_eap01_ena4_rev001_ex	N125	recombination_increase
1125	0	0	375	0.25	1.0	recombination	phlag_dto_eap01_ena4_esp001_ex	N125	recombination_increase
1442	28	1	29	0.02	1.0	recombination	phlag_mlt_eap01_ena4_esp010_ex	N174	recombination_increase
1424	46	1	29	0.02	1.0	recombination	phlag_dto_eap01_ena4_free_ex	N174	recombination_increase
1458	12	1	29	0.02	1.0	recombination	phlag_mlt_eap01_ena4_free_ex	N174	recombination_increase
865	605	0	30	0.02	1.0	recombination	phlag_mlt_eap01_ena4_esp001_ex	N174	recombination_increase
1258	212	30	0	0.02	1.0	recombination	phlag_dto_eap01_ena4_rev0001_ex	N174	recombination_increase
1442	28	1	29	0.02	1.0	recombination	phlag_mlt_eap01_ena4_esp005_ex	N174	recombination_increase
930	540	0	30	0.02	1.0	recombination	phlag_mlt_noprior_noprior_esp001_ex	N174	recombination_increase
1268	202	30	0	0.02	1.0	recombination	phlag_dto_eap01_ena4_esp001	N174	recombination_increase
1218	252	13	17	0.02	1.0	recombination	phlag_dto_noprior_noprior_free_ex	N174	recombination_increase
1081	389	30	0	0.02	1.0	recombination	phlag_dto_eap01_ena4_esp005_ex	N174	recombination_increase
1434	36	1	29	0.02	1.0	recombination	phlag_dto_eap005_ena2_esp001_ex	N174	recombination_increase
1421	49	1	29	0.02	1.0	recombination	phlag_dto_eap01_ena4_rev001_ex	N174	recombination_increase
1431	39	1	29	0.02	1.0	recombination	phlag_dto_eap01_ena4_esp001_ex	N174	recombination_increase
1451	19	30	0	0.02	1.0	recombination	phlag_mlt_eap01_ena4_esp010_ex	N461	recombination_increase
1241	229	30	0	0.02	1.0	recombination	phlag_dto_eap01_ena4_free_ex	N461	recombination_increase
1470	0	30	0	0.02	1.0	recombination	phlag_mlt_eap01_ena4_free_ex	N461	recombination_increase
1354	116	30	0	0.02	1.0	recombination	phlag_mlt_eap01_ena4_esp001_ex	N461	recombination_increase
1272	198	30	0	0.02	1.0	recombination	phlag_dto_eap01_ena4_rev0001_ex	N461	recombination_increase
1347	123	30	0	0.02	1.0	recombination	phlag_mlt_eap01_ena4_esp005_ex	N461	recombination_increase
1354	116	30	0	0.02	1.0	recombination	phlag_mlt_noprior_noprior_esp001_ex	N461	recombination_increase
1372	98	30	0	0.02	1.0	recombination	phlag_dto_eap01_ena4_esp001	N461	recombination_increase
1068	402	22	8	0.02	1.0	recombination	phlag_dto_noprior_noprior_free_ex	N461	recombination_increase
1168	302	30	0	0.02	1.0	recombination	phlag_dto_eap01_ena4_esp005_ex	N461	recombination_increase
1327	143	30	0	0.02	1.0	recombination	phlag_dto_eap005_ena2_esp001_ex	N461	recombination_increase
1412	58	30	0	0.02	1.0	recombination	phlag_dto_eap01_ena4_rev001_ex	N461	recombination_increase
1371	99	30	0	0.02	1.0	recombination	phlag_dto_eap01_ena4_esp001_ex	N461	recombination_increase
1425	0	0	75	0.05	1.0	recombination	phlag_mlt_eap01_ena4_esp010_ex	N125	recombination_increase
1425	0	0	75	0.05	1.0	recombination	phlag_dto_eap01_ena4_free_ex	N125	recombination_increase
1425	0	0	75	0.05	1.0	recombination	phlag_mlt_eap01_ena4_free_ex	N125	recombination_increase
1425	0	0	75	0.05	1.0	recombination	phlag_mlt_eap01_ena4_esp001_ex	N125	recombination_increase
1425	0	0	75	0.05	1.0	recombination	phlag_dto_eap01_ena4_rev0001_ex	N125	recombination_increase
1425	0	0	75	0.05	1.0	recombination	phlag_mlt_eap01_ena4_esp005_ex	N125	recombination_increase
1425	0	0	75	0.05	1.0	recombination	phlag_mlt_noprior_noprior_esp001_ex	N125	recombination_increase
1425	0	75	0	0.05	1.0	recombination	phlag_dto_eap01_ena4_esp001	N125	recombination_increase
737	688	40	35	0.05	1.0	recombination	phlag_dto_noprior_noprior_free_ex	N125	recombination_increase
1425	0	0	75	0.05	1.0	recombination	phlag_dto_eap01_ena4_esp005_ex	N125	recombination_increase
1425	0	0	75	0.05	1.0	recombination	phlag_dto_eap005_ena2_esp001_ex	N125	recombination_increase
1425	0	0	75	0.05	1.0	recombination	phlag_dto_eap01_ena4_rev001_ex	N125	recombination_increase
1425	0	0	75	0.05	1.0	recombination	phlag_dto_eap01_ena4_esp001_ex	N125	recombination_increase
1425	0	2	73	0.05	1.0	recombination	phlag_mlt_eap01_ena4_esp010_ex	N113	recombination_increase
1425	0	2	73	0.05	1.0	recombination	phlag_dto_eap01_ena4_free_ex	N113	recombination_increase
1425	0	2	73	0.05	1.0	recombination	phlag_mlt_eap01_ena4_free_ex	N113	recombination_increase
1425	0	2	73	0.05	1.0	recombination	phlag_mlt_eap01_ena4_esp001_ex	N113	recombination_increase
1425	0	2	73	0.05	1.0	recombination	phlag_dto_eap01_ena4_rev0001_ex	N113	recombination_increase
1425	0	2	73	0.05	1.0	recombination	phlag_mlt_eap01_ena4_esp005_ex	N113	recombination_increase
1425	0	2	73	0.05	1.0	recombination	phlag_mlt_noprior_noprior_esp001_ex	N113	recombination_increase
1425	0	75	0	0.05	1.0	recombination	phlag_dto_eap01_ena4_esp001	N113	recombination_increase
713	712	38	37	0.05	1.0	recombination	phlag_dto_noprior_noprior_free_ex	N113	recombination_increase
1425	0	2	73	0.05	1.0	recombination	phlag_dto_eap01_ena4_esp005_ex	N113	recombination_increase
1425	0	2	73	0.05	1.0	recombination	phlag_dto_eap005_ena2_esp001_ex	N113	recombination_increase
1425	0	2	73	0.05	1.0	recombination	phlag_dto_eap01_ena4_rev001_ex	N113	recombination_increase
1425	0	2	73	0.05	1.0	recombination	phlag_dto_eap01_ena4_esp001_ex	N113	recombination_increase
1425	0	75	0	0.05	1.0	recombination	phlag_mlt_eap01_ena4_esp010_ex	N717	recombination_increase
1350	75	17	58	0.05	1.0	recombination	phlag_dto_eap01_ena4_free_ex	N717	recombination_increase
1425	0	75	0	0.05	1.0	recombination	phlag_mlt_eap01_ena4_free_ex	N717	recombination_increase
1425	0	75	0	0.05	1.0	recombination	phlag_mlt_eap01_ena4_esp001_ex	N717	recombination_increase
1425	0	75	0	0.05	1.0	recombination	phlag_dto_eap01_ena4_rev0001_ex	N717	recombination_increase
1425	0	75	0	0.05	1.0	recombination	phlag_mlt_eap01_ena4_esp005_ex	N717	recombination_increase
1400	25	75	0	0.05	1.0	recombination	phlag_mlt_noprior_noprior_esp001_ex	N717	recombination_increase
1390	35	75	0	0.05	1.0	recombination	phlag_dto_eap01_ena4_esp001	N717	recombination_increase
771	654	39	36	0.05	1.0	recombination	phlag_dto_noprior_noprior_free_ex	N717	recombination_increase
808	617	68	7	0.05	1.0	recombination	phlag_dto_eap01_ena4_esp005_ex	N717	recombination_increase
1373	52	75	0	0.05	1.0	recombination	phlag_dto_eap005_ena2_esp001_ex	N717	recombination_increase
1425	0	75	0	0.05	1.0	recombination	phlag_dto_eap01_ena4_rev001_ex	N717	recombination_increase
1104	321	68	7	0.05	1.0	recombination	phlag_dto_eap01_ena4_esp001_ex	N717	recombination_increase
1200	0	3	297	0.2	1.0	recombination	phlag_mlt_eap01_ena4_esp010_ex	N174	recombination_increase
1200	0	1	299	0.2	1.0	recombination	phlag_dto_eap01_ena4_free_ex	N174	recombination_increase
1200	0	3	297	0.2	1.0	recombination	phlag_mlt_eap01_ena4_free_ex	N174	recombination_increase
1200	0	3	297	0.2	1.0	recombination	phlag_mlt_eap01_ena4_esp001_ex	N174	recombination_increase
1200	0	1	299	0.2	1.0	recombination	phlag_dto_eap01_ena4_rev0001_ex	N174	recombination_increase
1200	0	3	297	0.2	1.0	recombination	phlag_mlt_eap01_ena4_esp005_ex	N174	recombination_increase
1200	0	3	297	0.2	1.0	recombination	phlag_mlt_noprior_noprior_esp001_ex	N174	recombination_increase
1194	6	0	300	0.2	1.0	recombination	phlag_dto_eap01_ena4_esp001	N174	recombination_increase
612	588	153	147	0.2	1.0	recombination	phlag_dto_noprior_noprior_free_ex	N174	recombination_increase
1200	0	1	299	0.2	1.0	recombination	phlag_dto_eap01_ena4_esp005_ex	N174	recombination_increase
1200	0	1	299	0.2	1.0	recombination	phlag_dto_eap005_ena2_esp001_ex	N174	recombination_increase
1200	0	1	299	0.2	1.0	recombination	phlag_dto_eap01_ena4_rev001_ex	N174	recombination_increase
1200	0	1	299	0.2	1.0	recombination	phlag_dto_eap01_ena4_esp001_ex	N174	recombination_increase
1197	153	150	0	0.1	1.0	recombination	phlag_mlt_eap01_ena4_esp010_ex	N71	recombination_increase
1350	0	150	0	0.1	1.0	recombination	phlag_dto_eap01_ena4_free_ex	N71	recombination_increase
1350	0	150	0	0.1	1.0	recombination	phlag_mlt_eap01_ena4_free_ex	N71	recombination_increase
1321	29	150	0	0.1	1.0	recombination	phlag_mlt_eap01_ena4_esp001_ex	N71	recombination_increase
1350	0	150	0	0.1	1.0	recombination	phlag_dto_eap01_ena4_rev0001_ex	N71	recombination_increase
1350	0	150	0	0.1	1.0	recombination	phlag_mlt_eap01_ena4_esp005_ex	N71	recombination_increase
1321	29	150	0	0.1	1.0	recombination	phlag_mlt_noprior_noprior_esp001_ex	N71	recombination_increase
1350	0	150	0	0.1	1.0	recombination	phlag_dto_eap01_ena4_esp001	N71	recombination_increase
681	669	75	75	0.1	1.0	recombination	phlag_dto_noprior_noprior_free_ex	N71	recombination_increase
1321	29	150	0	0.1	1.0	recombination	phlag_dto_eap01_ena4_esp005_ex	N71	recombination_increase
1350	0	150	0	0.1	1.0	recombination	phlag_dto_eap005_ena2_esp001_ex	N71	recombination_increase
1350	0	150	0	0.1	1.0	recombination	phlag_dto_eap01_ena4_rev001_ex	N71	recombination_increase
1350	0	150	0	0.1	1.0	recombination	phlag_dto_eap01_ena4_esp001_ex	N71	recombination_increase
1020	405	70	5	0.05	1.0	recombination	phlag_mlt_eap01_ena4_esp010_ex	N238	recombination_increase
1016	409	66	9	0.05	1.0	recombination	phlag_dto_eap01_ena4_free_ex	N238	recombination_increase
1255	170	75	0	0.05	1.0	recombination	phlag_mlt_eap01_ena4_free_ex	N238	recombination_increase
1324	101	75	0	0.05	1.0	recombination	phlag_mlt_eap01_ena4_esp001_ex	N238	recombination_increase
993	432	0	75	0.05	1.0	recombination	phlag_dto_eap01_ena4_rev0001_ex	N238	recombination_increase
1324	101	75	0	0.05	1.0	recombination	phlag_mlt_eap01_ena4_esp005_ex	N238	recombination_increase
1305	120	75	0	0.05	1.0	recombination	phlag_mlt_noprior_noprior_esp001_ex	N238	recombination_increase
1325	100	75	0	0.05	1.0	recombination	phlag_dto_eap01_ena4_esp001	N238	recombination_increase
807	618	46	29	0.05	1.0	recombination	phlag_dto_noprior_noprior_free_ex	N238	recombination_increase
1103	322	0	75	0.05	1.0	recombination	phlag_dto_eap01_ena4_esp005_ex	N238	recombination_increase
718	707	75	0	0.05	1.0	recombination	phlag_dto_eap005_ena2_esp001_ex	N238	recombination_increase
1425	0	75	0	0.05	1.0	recombination	phlag_dto_eap01_ena4_rev001_ex	N238	recombination_increase
1285	140	75	0	0.05	1.0	recombination	phlag_dto_eap01_ena4_esp001_ex	N238	recombination_increase
1216	59	225	0	0.15	1.0	recombination	phlag_mlt_eap01_ena4_esp010_ex	N690	recombination_increase
1209	66	83	142	0.15	1.0	recombination	phlag_dto_eap01_ena4_free_ex	N690	recombination_increase
1216	59	225	0	0.15	1.0	recombination	phlag_mlt_eap01_ena4_free_ex	N690	recombination_increase
1204	71	225	0	0.15	1.0	recombination	phlag_mlt_eap01_ena4_esp001_ex	N690	recombination_increase
682	593	175	50	0.15	1.0	recombination	phlag_dto_eap01_ena4_rev0001_ex	N690	recombination_increase
1216	59	225	0	0.15	1.0	recombination	phlag_mlt_eap01_ena4_esp005_ex	N690	recombination_increase
1204	71	225	0	0.15	1.0	recombination	phlag_mlt_noprior_noprior_esp001_ex	N690	recombination_increase
1167	108	225	0	0.15	1.0	recombination	phlag_dto_eap01_ena4_esp001	N690	recombination_increase
677	598	93	132	0.15	1.0	recombination	phlag_dto_noprior_noprior_free_ex	N690	recombination_increase
885	390	78	147	0.15	1.0	recombination	phlag_dto_eap01_ena4_esp005_ex	N690	recombination_increase
682	593	175	50	0.15	1.0	recombination	phlag_dto_eap005_ena2_esp001_ex	N690	recombination_increase
872	403	84	141	0.15	1.0	recombination	phlag_dto_eap01_ena4_rev001_ex	N690	recombination_increase
688	587	175	50	0.15	1.0	recombination	phlag_dto_eap01_ena4_esp001_ex	N690	recombination_increase
1182	18	300	0	0.2	1.0	recombination	phlag_mlt_eap01_ena4_esp010_ex	N461	recombination_increase
1034	166	300	0	0.2	1.0	recombination	phlag_dto_eap01_ena4_free_ex	N461	recombination_increase
1181	19	300	0	0.2	1.0	recombination	phlag_mlt_eap01_ena4_free_ex	N461	recombination_increase
1128	72	300	0	0.2	1.0	recombination	phlag_mlt_eap01_ena4_esp001_ex	N461	recombination_increase
1021	179	300	0	0.2	1.0	recombination	phlag_dto_eap01_ena4_rev0001_ex	N461	recombination_increase
1128	72	300	0	0.2	1.0	recombination	phlag_mlt_eap01_ena4_esp005_ex	N461	recombination_increase
1182	18	300	0	0.2	1.0	recombination	phlag_mlt_noprior_noprior_esp001_ex	N461	recombination_increase
1102	98	300	0	0.2	1.0	recombination	phlag_dto_eap01_ena4_esp001	N461	recombination_increase
628	572	156	144	0.2	1.0	recombination	phlag_dto_noprior_noprior_free_ex	N461	recombination_increase
921	279	24	276	0.2	1.0	recombination	phlag_dto_eap01_ena4_esp005_ex	N461	recombination_increase
792	408	94	206	0.2	1.0	recombination	phlag_dto_eap005_ena2_esp001_ex	N461	recombination_increase
1143	57	300	0	0.2	1.0	recombination	phlag_dto_eap01_ena4_rev001_ex	N461	recombination_increase
1153	47	288	12	0.2	1.0	recombination	phlag_dto_eap01_ena4_esp001_ex	N461	recombination_increase
1470	0	1	29	0.02	1.0	recombination	phlag_mlt_eap01_ena4_esp010_ex	N151	recombination_increase
1457	13	0	30	0.02	1.0	recombination	phlag_dto_eap01_ena4_free_ex	N151	recombination_increase
1470	0	1	29	0.02	1.0	recombination	phlag_mlt_eap01_ena4_free_ex	N151	recombination_increase
1470	0	1	29	0.02	1.0	recombination	phlag_mlt_eap01_ena4_esp001_ex	N151	recombination_increase
1457	13	0	30	0.02	1.0	recombination	phlag_dto_eap01_ena4_rev0001_ex	N151	recombination_increase
1470	0	1	29	0.02	1.0	recombination	phlag_mlt_eap01_ena4_esp005_ex	N151	recombination_increase
1470	0	1	29	0.02	1.0	recombination	phlag_mlt_noprior_noprior_esp001_ex	N151	recombination_increase
1470	0	30	0	0.02	1.0	recombination	phlag_dto_eap01_ena4_esp001	N151	recombination_increase
1035	435	20	10	0.02	1.0	recombination	phlag_dto_noprior_noprior_free_ex	N151	recombination_increase
1457	13	0	30	0.02	1.0	recombination	phlag_dto_eap01_ena4_esp005_ex	N151	recombination_increase
1459	11	0	30	0.02	1.0	recombination	phlag_dto_eap005_ena2_esp001_ex	N151	recombination_increase
1454	16	0	30	0.02	1.0	recombination	phlag_dto_eap01_ena4_rev001_ex	N151	recombination_increase
1459	11	0	30	0.02	1.0	recombination	phlag_dto_eap01_ena4_esp001_ex	N151	recombination_increase
1350	0	150	0	0.1	1.0	recombination	phlag_mlt_eap01_ena4_esp010_ex	N461	recombination_increase
1121	229	147	3	0.1	1.0	recombination	phlag_dto_eap01_ena4_free_ex	N461	recombination_increase
1350	0	150	0	0.1	1.0	recombination	phlag_mlt_eap01_ena4_free_ex	N461	recombination_increase
1308	42	150	0	0.1	1.0	recombination	phlag_mlt_eap01_ena4_esp001_ex	N461	recombination_increase
1151	199	106	44	0.1	1.0	recombination	phlag_dto_eap01_ena4_rev0001_ex	N461	recombination_increase
1232	118	150	0	0.1	1.0	recombination	phlag_mlt_eap01_ena4_esp005_ex	N461	recombination_increase
1014	336	150	0	0.1	1.0	recombination	phlag_mlt_noprior_noprior_esp001_ex	N461	recombination_increase
1267	83	150	0	0.1	1.0	recombination	phlag_dto_eap01_ena4_esp001	N461	recombination_increase
992	358	105	45	0.1	1.0	recombination	phlag_dto_noprior_noprior_free_ex	N461	recombination_increase
1241	109	126	24	0.1	1.0	recombination	phlag_dto_eap01_ena4_esp005_ex	N461	recombination_increase
1178	172	150	0	0.1	1.0	recombination	phlag_dto_eap005_ena2_esp001_ex	N461	recombination_increase
1292	58	150	0	0.1	1.0	recombination	phlag_dto_eap01_ena4_rev001_ex	N461	recombination_increase
913	437	150	0	0.1	1.0	recombination	phlag_dto_eap01_ena4_esp001_ex	N461	recombination_increase
937	188	0	375	0.25	1.0	recombination	phlag_mlt_eap01_ena4_esp010_ex	N418	recombination_increase
1084	41	375	0	0.25	1.0	recombination	phlag_dto_eap01_ena4_free_ex	N418	recombination_increase
1125	0	375	0	0.25	1.0	recombination	phlag_mlt_eap01_ena4_free_ex	N418	recombination_increase
1087	38	6	369	0.25	1.0	recombination	phlag_mlt_eap01_ena4_esp001_ex	N418	recombination_increase
1125	0	116	259	0.25	1.0	recombination	phlag_dto_eap01_ena4_rev0001_ex	N418	recombination_increase
1087	38	6	369	0.25	1.0	recombination	phlag_mlt_eap01_ena4_esp005_ex	N418	recombination_increase
1087	38	6	369	0.25	1.0	recombination	phlag_mlt_noprior_noprior_esp001_ex	N418	recombination_increase
1125	0	375	0	0.25	1.0	recombination	phlag_dto_eap01_ena4_esp001	N418	recombination_increase
573	552	220	155	0.25	1.0	recombination	phlag_dto_noprior_noprior_free_ex	N418	recombination_increase
1004	121	375	0	0.25	1.0	recombination	phlag_dto_eap01_ena4_esp005_ex	N418	recombination_increase
891	234	375	0	0.25	1.0	recombination	phlag_dto_eap005_ena2_esp001_ex	N418	recombination_increase
1125	0	9	366	0.25	1.0	recombination	phlag_dto_eap01_ena4_rev001_ex	N418	recombination_increase
1004	121	327	48	0.25	1.0	recombination	phlag_dto_eap01_ena4_esp001_ex	N418	recombination_increase
1292	178	30	0	0.02	1.0	recombination	phlag_mlt_eap01_ena4_esp010_ex	N639	recombination_increase
1445	25	0	30	0.02	1.0	recombination	phlag_dto_eap01_ena4_free_ex	N639	recombination_increase
1469	1	30	0	0.02	1.0	recombination	phlag_mlt_eap01_ena4_free_ex	N639	recombination_increase
1292	178	30	0	0.02	1.0	recombination	phlag_mlt_eap01_ena4_esp001_ex	N639	recombination_increase
1428	42	0	30	0.02	1.0	recombination	phlag_dto_eap01_ena4_rev0001_ex	N639	recombination_increase
1429	41	0	30	0.02	1.0	recombination	phlag_mlt_eap01_ena4_esp005_ex	N639	recombination_increase
1429	41	0	30	0.02	1.0	recombination	phlag_mlt_noprior_noprior_esp001_ex	N639	recombination_increase
1470	0	30	0	0.02	1.0	recombination	phlag_dto_eap01_ena4_esp001	N639	recombination_increase
1441	29	28	2	0.02	1.0	recombination	phlag_dto_noprior_noprior_free_ex	N639	recombination_increase
1459	11	30	0	0.02	1.0	recombination	phlag_dto_eap01_ena4_esp005_ex	N639	recombination_increase
1459	11	30	0	0.02	1.0	recombination	phlag_dto_eap005_ena2_esp001_ex	N639	recombination_increase
1458	12	30	0	0.02	1.0	recombination	phlag_dto_eap01_ena4_rev001_ex	N639	recombination_increase
1463	7	0	30	0.02	1.0	recombination	phlag_dto_eap01_ena4_esp001_ex	N639	recombination_increase
1401	69	30	0	0.02	1.0	recombination	phlag_mlt_eap01_ena4_esp010_ex	N717	recombination_increase
1253	217	30	0	0.02	1.0	recombination	phlag_dto_eap01_ena4_free_ex	N717	recombination_increase
1470	0	30	0	0.02	1.0	recombination	phlag_mlt_eap01_ena4_free_ex	N717	recombination_increase
1470	0	30	0	0.02	1.0	recombination	phlag_mlt_eap01_ena4_esp001_ex	N717	recombination_increase
1387	83	30	0	0.02	1.0	recombination	phlag_dto_eap01_ena4_rev0001_ex	N717	recombination_increase
1429	41	30	0	0.02	1.0	recombination	phlag_mlt_eap01_ena4_esp005_ex	N717	recombination_increase
1470	0	30	0	0.02	1.0	recombination	phlag_mlt_noprior_noprior_esp001_ex	N717	recombination_increase
1390	80	30	0	0.02	1.0	recombination	phlag_dto_eap01_ena4_esp001	N717	recombination_increase
800	670	12	18	0.02	1.0	recombination	phlag_dto_noprior_noprior_free_ex	N717	recombination_increase
866	604	30	0	0.02	1.0	recombination	phlag_dto_eap01_ena4_esp005_ex	N717	recombination_increase
1387	83	30	0	0.02	1.0	recombination	phlag_dto_eap005_ena2_esp001_ex	N717	recombination_increase
1470	0	30	0	0.02	1.0	recombination	phlag_dto_eap01_ena4_rev001_ex	N717	recombination_increase
1470	0	30	0	0.02	1.0	recombination	phlag_dto_eap01_ena4_esp001_ex	N717	recombination_increase
1350	0	7	143	0.1	1.0	recombination	phlag_mlt_eap01_ena4_esp010_ex	N174	recombination_increase
1350	0	3	147	0.1	1.0	recombination	phlag_dto_eap01_ena4_free_ex	N174	recombination_increase
1350	0	7	143	0.1	1.0	recombination	phlag_mlt_eap01_ena4_free_ex	N174	recombination_increase
1350	0	7	143	0.1	1.0	recombination	phlag_mlt_eap01_ena4_esp001_ex	N174	recombination_increase
1350	0	7	143	0.1	1.0	recombination	phlag_dto_eap01_ena4_rev0001_ex	N174	recombination_increase
1350	0	7	143	0.1	1.0	recombination	phlag_mlt_eap01_ena4_esp005_ex	N174	recombination_increase
1350	0	7	143	0.1	1.0	recombination	phlag_mlt_noprior_noprior_esp001_ex	N174	recombination_increase
1284	66	150	0	0.1	1.0	recombination	phlag_dto_eap01_ena4_esp001	N174	recombination_increase
1331	19	19	131	0.1	1.0	recombination	phlag_dto_noprior_noprior_free_ex	N174	recombination_increase
1350	0	7	143	0.1	1.0	recombination	phlag_dto_eap01_ena4_esp005_ex	N174	recombination_increase
1350	0	7	143	0.1	1.0	recombination	phlag_dto_eap005_ena2_esp001_ex	N174	recombination_increase
1350	0	3	147	0.1	1.0	recombination	phlag_dto_eap01_ena4_rev001_ex	N174	recombination_increase
1340	10	7	143	0.1	1.0	recombination	phlag_dto_eap01_ena4_esp001_ex	N174	recombination_increase
1470	0	0	30	0.02	1.0	recombination	phlag_mlt_eap01_ena4_esp010_ex	N125	recombination_increase
1470	0	0	30	0.02	1.0	recombination	phlag_dto_eap01_ena4_free_ex	N125	recombination_increase
1470	0	0	30	0.02	1.0	recombination	phlag_mlt_eap01_ena4_free_ex	N125	recombination_increase
1470	0	0	30	0.02	1.0	recombination	phlag_mlt_eap01_ena4_esp001_ex	N125	recombination_increase
1470	0	0	30	0.02	1.0	recombination	phlag_dto_eap01_ena4_rev0001_ex	N125	recombination_increase
1470	0	0	30	0.02	1.0	recombination	phlag_mlt_eap01_ena4_esp005_ex	N125	recombination_increase
1470	0	0	30	0.02	1.0	recombination	phlag_mlt_noprior_noprior_esp001_ex	N125	recombination_increase
1470	0	30	0	0.02	1.0	recombination	phlag_dto_eap01_ena4_esp001	N125	recombination_increase
741	729	16	14	0.02	1.0	recombination	phlag_dto_noprior_noprior_free_ex	N125	recombination_increase
1470	0	0	30	0.02	1.0	recombination	phlag_dto_eap01_ena4_esp005_ex	N125	recombination_increase
1470	0	0	30	0.02	1.0	recombination	phlag_dto_eap005_ena2_esp001_ex	N125	recombination_increase
1470	0	0	30	0.02	1.0	recombination	phlag_dto_eap01_ena4_rev001_ex	N125	recombination_increase
1470	0	0	30	0.02	1.0	recombination	phlag_dto_eap01_ena4_esp001_ex	N125	recombination_increase
1234	41	225	0	0.15	1.0	recombination	phlag_mlt_eap01_ena4_esp010_ex	N717	recombination_increase
1039	236	147	78	0.15	1.0	recombination	phlag_dto_eap01_ena4_free_ex	N717	recombination_increase
1275	0	225	0	0.15	1.0	recombination	phlag_mlt_eap01_ena4_free_ex	N717	recombination_increase
1114	161	0	225	0.15	1.0	recombination	phlag_mlt_eap01_ena4_esp001_ex	N717	recombination_increase
1007	268	143	82	0.15	1.0	recombination	phlag_dto_eap01_ena4_rev0001_ex	N717	recombination_increase
1256	19	225	0	0.15	1.0	recombination	phlag_mlt_eap01_ena4_esp005_ex	N717	recombination_increase
1114	161	0	225	0.15	1.0	recombination	phlag_mlt_noprior_noprior_esp001_ex	N717	recombination_increase
1108	167	215	10	0.15	1.0	recombination	phlag_dto_eap01_ena4_esp001	N717	recombination_increase
706	569	113	112	0.15	1.0	recombination	phlag_dto_noprior_noprior_free_ex	N717	recombination_increase
775	500	0	225	0.15	1.0	recombination	phlag_dto_eap01_ena4_esp005_ex	N717	recombination_increase
1275	0	225	0	0.15	1.0	recombination	phlag_dto_eap005_ena2_esp001_ex	N717	recombination_increase
1275	0	225	0	0.15	1.0	recombination	phlag_dto_eap01_ena4_rev001_ex	N717	recombination_increase
1050	225	143	82	0.15	1.0	recombination	phlag_dto_eap01_ena4_esp001_ex	N717	recombination_increase
959	511	30	0	0.02	1.0	recombination	phlag_mlt_eap01_ena4_esp010_ex	N238	recombination_increase
1029	441	23	7	0.02	1.0	recombination	phlag_dto_eap01_ena4_free_ex	N238	recombination_increase
914	556	0	30	0.02	1.0	recombination	phlag_mlt_eap01_ena4_free_ex	N238	recombination_increase
1371	99	30	0	0.02	1.0	recombination	phlag_mlt_eap01_ena4_esp001_ex	N238	recombination_increase
1041	429	25	5	0.02	1.0	recombination	phlag_dto_eap01_ena4_rev0001_ex	N238	recombination_increase
1435	35	16	14	0.02	1.0	recombination	phlag_mlt_eap01_ena4_esp005_ex	N238	recombination_increase
726	744	30	0	0.02	1.0	recombination	phlag_mlt_noprior_noprior_esp001_ex	N238	recombination_increase
1402	68	30	0	0.02	1.0	recombination	phlag_dto_eap01_ena4_esp001	N238	recombination_increase
841	629	21	9	0.02	1.0	recombination	phlag_dto_noprior_noprior_free_ex	N238	recombination_increase
1147	323	30	0	0.02	1.0	recombination	phlag_dto_eap01_ena4_esp005_ex	N238	recombination_increase
1242	228	30	0	0.02	1.0	recombination	phlag_dto_eap005_ena2_esp001_ex	N238	recombination_increase
1470	0	30	0	0.02	1.0	recombination	phlag_dto_eap01_ena4_rev001_ex	N238	recombination_increase
1052	418	25	5	0.02	1.0	recombination	phlag_dto_eap01_ena4_esp001_ex	N238	recombination_increase
1200	0	1	299	0.2	1.0	recombination	phlag_mlt_eap01_ena4_esp010_ex	N151	recombination_increase
1200	0	0	300	0.2	1.0	recombination	phlag_dto_eap01_ena4_free_ex	N151	recombination_increase
1200	0	300	0	0.2	1.0	recombination	phlag_mlt_eap01_ena4_free_ex	N151	recombination_increase
1200	0	1	299	0.2	1.0	recombination	phlag_mlt_eap01_ena4_esp001_ex	N151	recombination_increase
1200	0	0	300	0.2	1.0	recombination	phlag_dto_eap01_ena4_rev0001_ex	N151	recombination_increase
1200	0	1	299	0.2	1.0	recombination	phlag_mlt_eap01_ena4_esp005_ex	N151	recombination_increase
1200	0	1	299	0.2	1.0	recombination	phlag_mlt_noprior_noprior_esp001_ex	N151	recombination_increase
1116	84	300	0	0.2	1.0	recombination	phlag_dto_eap01_ena4_esp001	N151	recombination_increase
834	366	199	101	0.2	1.0	recombination	phlag_dto_noprior_noprior_free_ex	N151	recombination_increase
1200	0	0	300	0.2	1.0	recombination	phlag_dto_eap01_ena4_esp005_ex	N151	recombination_increase
1200	0	0	300	0.2	1.0	recombination	phlag_dto_eap005_ena2_esp001_ex	N151	recombination_increase
1200	0	0	300	0.2	1.0	recombination	phlag_dto_eap01_ena4_rev001_ex	N151	recombination_increase
1200	0	0	300	0.2	1.0	recombination	phlag_dto_eap01_ena4_esp001_ex	N151	recombination_increase
1425	0	75	0	0.05	1.0	recombination	phlag_mlt_eap01_ena4_esp010_ex	N71	recombination_increase
1425	0	75	0	0.05	1.0	recombination	phlag_dto_eap01_ena4_free_ex	N71	recombination_increase
1425	0	75	0	0.05	1.0	recombination	phlag_mlt_eap01_ena4_free_ex	N71	recombination_increase
1387	38	75	0	0.05	1.0	recombination	phlag_mlt_eap01_ena4_esp001_ex	N71	recombination_increase
1425	0	75	0	0.05	1.0	recombination	phlag_dto_eap01_ena4_rev0001_ex	N71	recombination_increase
1425	0	75	0	0.05	1.0	recombination	phlag_mlt_eap01_ena4_esp005_ex	N71	recombination_increase
1396	29	75	0	0.05	1.0	recombination	phlag_mlt_noprior_noprior_esp001_ex	N71	recombination_increase
1425	0	75	0	0.05	1.0	recombination	phlag_dto_eap01_ena4_esp001	N71	recombination_increase
714	711	38	37	0.05	1.0	recombination	phlag_dto_noprior_noprior_free_ex	N71	recombination_increase
1396	29	75	0	0.05	1.0	recombination	phlag_dto_eap01_ena4_esp005_ex	N71	recombination_increase
1425	0	75	0	0.05	1.0	recombination	phlag_dto_eap005_ena2_esp001_ex	N71	recombination_increase
1425	0	75	0	0.05	1.0	recombination	phlag_dto_eap01_ena4_rev001_ex	N71	recombination_increase
1425	0	75	0	0.05	1.0	recombination	phlag_dto_eap01_ena4_esp001_ex	N71	recombination_increase
1350	0	1	149	0.1	1.0	recombination	phlag_mlt_eap01_ena4_esp010_ex	N151	recombination_increase
1350	0	0	150	0.1	1.0	recombination	phlag_dto_eap01_ena4_free_ex	N151	recombination_increase
1350	0	1	149	0.1	1.0	recombination	phlag_mlt_eap01_ena4_free_ex	N151	recombination_increase
1350	0	1	149	0.1	1.0	recombination	phlag_mlt_eap01_ena4_esp001_ex	N151	recombination_increase
1350	0	0	150	0.1	1.0	recombination	phlag_dto_eap01_ena4_rev0001_ex	N151	recombination_increase
1350	0	1	149	0.1	1.0	recombination	phlag_mlt_eap01_ena4_esp005_ex	N151	recombination_increase
1350	0	1	149	0.1	1.0	recombination	phlag_mlt_noprior_noprior_esp001_ex	N151	recombination_increase
1266	84	150	0	0.1	1.0	recombination	phlag_dto_eap01_ena4_esp001	N151	recombination_increase
941	409	94	56	0.1	1.0	recombination	phlag_dto_noprior_noprior_free_ex	N151	recombination_increase
1350	0	0	150	0.1	1.0	recombination	phlag_dto_eap01_ena4_esp005_ex	N151	recombination_increase
1350	0	0	150	0.1	1.0	recombination	phlag_dto_eap005_ena2_esp001_ex	N151	recombination_increase
1348	2	0	150	0.1	1.0	recombination	phlag_dto_eap01_ena4_rev001_ex	N151	recombination_increase
1347	3	150	0	0.1	1.0	recombination	phlag_dto_eap01_ena4_esp001_ex	N151	recombination_increase
1275	0	0	225	0.15	1.0	recombination	phlag_mlt_eap01_ena4_esp010_ex	N282	recombination_increase
1273	2	0	225	0.15	1.0	recombination	phlag_dto_eap01_ena4_free_ex	N282	recombination_increase
1275	0	225	0	0.15	1.0	recombination	phlag_mlt_eap01_ena4_free_ex	N282	recombination_increase
1275	0	0	225	0.15	1.0	recombination	phlag_mlt_eap01_ena4_esp001_ex	N282	recombination_increase
1273	2	0	225	0.15	1.0	recombination	phlag_dto_eap01_ena4_rev0001_ex	N282	recombination_increase
1275	0	0	225	0.15	1.0	recombination	phlag_mlt_eap01_ena4_esp005_ex	N282	recombination_increase
1275	0	0	225	0.15	1.0	recombination	phlag_mlt_noprior_noprior_esp001_ex	N282	recombination_increase
1275	0	225	0	0.15	1.0	recombination	phlag_dto_eap01_ena4_esp001	N282	recombination_increase
639	636	112	113	0.15	1.0	recombination	phlag_dto_noprior_noprior_free_ex	N282	recombination_increase
1273	2	0	225	0.15	1.0	recombination	phlag_dto_eap01_ena4_esp005_ex	N282	recombination_increase
1273	2	0	225	0.15	1.0	recombination	phlag_dto_eap005_ena2_esp001_ex	N282	recombination_increase
1273	2	0	225	0.15	1.0	recombination	phlag_dto_eap01_ena4_rev001_ex	N282	recombination_increase
1273	2	0	225	0.15	1.0	recombination	phlag_dto_eap01_ena4_esp001_ex	N282	recombination_increase
1275	0	1	224	0.15	1.0	recombination	phlag_mlt_eap01_ena4_esp010_ex	N639	recombination_increase
1275	0	0	225	0.15	1.0	recombination	phlag_dto_eap01_ena4_free_ex	N639	recombination_increase
1274	1	225	0	0.15	1.0	recombination	phlag_mlt_eap01_ena4_free_ex	N639	recombination_increase
1275	0	1	224	0.15	1.0	recombination	phlag_mlt_eap01_ena4_esp001_ex	N639	recombination_increase
1275	0	0	225	0.15	1.0	recombination	phlag_dto_eap01_ena4_rev0001_ex	N639	recombination_increase
1275	0	1	224	0.15	1.0	recombination	phlag_mlt_eap01_ena4_esp005_ex	N639	recombination_increase
1275	0	1	224	0.15	1.0	recombination	phlag_mlt_noprior_noprior_esp001_ex	N639	recombination_increase
1275	0	98	127	0.15	1.0	recombination	phlag_dto_eap01_ena4_esp001	N639	recombination_increase
680	595	136	89	0.15	1.0	recombination	phlag_dto_noprior_noprior_free_ex	N639	recombination_increase
1275	0	0	225	0.15	1.0	recombination	phlag_dto_eap01_ena4_esp005_ex	N639	recombination_increase
1275	0	0	225	0.15	1.0	recombination	phlag_dto_eap005_ena2_esp001_ex	N639	recombination_increase
1275	0	0	225	0.15	1.0	recombination	phlag_dto_eap01_ena4_rev001_ex	N639	recombination_increase
1275	0	0	225	0.15	1.0	recombination	phlag_dto_eap01_ena4_esp001_ex	N639	recombination_increase
1200	0	1	299	0.2	1.0	recombination	phlag_mlt_eap01_ena4_esp010_ex	N176	recombination_increase
1200	0	1	299	0.2	1.0	recombination	phlag_dto_eap01_ena4_free_ex	N176	recombination_increase
1200	0	1	299	0.2	1.0	recombination	phlag_mlt_eap01_ena4_free_ex	N176	recombination_increase
1200	0	1	299	0.2	1.0	recombination	phlag_mlt_eap01_ena4_esp001_ex	N176	recombination_increase
1200	0	1	299	0.2	1.0	recombination	phlag_dto_eap01_ena4_rev0001_ex	N176	recombination_increase
1200	0	1	299	0.2	1.0	recombination	phlag_mlt_eap01_ena4_esp005_ex	N176	recombination_increase
1200	0	1	299	0.2	1.0	recombination	phlag_mlt_noprior_noprior_esp001_ex	N176	recombination_increase
1200	0	6	294	0.2	1.0	recombination	phlag_dto_eap01_ena4_esp001	N176	recombination_increase
1200	0	1	299	0.2	1.0	recombination	phlag_dto_noprior_noprior_free_ex	N176	recombination_increase
1200	0	1	299	0.2	1.0	recombination	phlag_dto_eap01_ena4_esp005_ex	N176	recombination_increase
1200	0	1	299	0.2	1.0	recombination	phlag_dto_eap005_ena2_esp001_ex	N176	recombination_increase
1200	0	1	299	0.2	1.0	recombination	phlag_dto_eap01_ena4_rev001_ex	N176	recombination_increase
1200	0	1	299	0.2	1.0	recombination	phlag_dto_eap01_ena4_esp001_ex	N176	recombination_increase
1438	32	0	30	0.02	1.0	recombination	phlag_mlt_eap01_ena4_esp010_ex	N188	recombination_increase
1431	39	0	30	0.02	1.0	recombination	phlag_dto_eap01_ena4_free_ex	N188	recombination_increase
1448	22	30	0	0.02	1.0	recombination	phlag_mlt_eap01_ena4_free_ex	N188	recombination_increase
1438	32	0	30	0.02	1.0	recombination	phlag_mlt_eap01_ena4_esp001_ex	N188	recombination_increase
825	645	0	30	0.02	1.0	recombination	phlag_dto_eap01_ena4_rev0001_ex	N188	recombination_increase
1470	0	30	0	0.02	1.0	recombination	phlag_mlt_eap01_ena4_esp005_ex	N188	recombination_increase
1346	124	30	0	0.02	1.0	recombination	phlag_mlt_noprior_noprior_esp001_ex	N188	recombination_increase
1054	416	0	30	0.02	1.0	recombination	phlag_dto_eap01_ena4_esp001	N188	recombination_increase
1122	348	30	0	0.02	1.0	recombination	phlag_dto_noprior_noprior_free_ex	N188	recombination_increase
1431	39	0	30	0.02	1.0	recombination	phlag_dto_eap01_ena4_esp005_ex	N188	recombination_increase
1373	97	0	30	0.02	1.0	recombination	phlag_dto_eap005_ena2_esp001_ex	N188	recombination_increase
1458	12	30	0	0.02	1.0	recombination	phlag_dto_eap01_ena4_rev001_ex	N188	recombination_increase
825	645	0	30	0.02	1.0	recombination	phlag_dto_eap01_ena4_esp001_ex	N188	recombination_increase
1275	0	3	222	0.15	1.0	recombination	phlag_mlt_eap01_ena4_esp010_ex	N249	recombination_increase
1275	0	3	222	0.15	1.0	recombination	phlag_dto_eap01_ena4_free_ex	N249	recombination_increase
1275	0	3	222	0.15	1.0	recombination	phlag_mlt_eap01_ena4_free_ex	N249	recombination_increase
1275	0	3	222	0.15	1.0	recombination	phlag_mlt_eap01_ena4_esp001_ex	N249	recombination_increase
1275	0	3	222	0.15	1.0	recombination	phlag_dto_eap01_ena4_rev0001_ex	N249	recombination_increase
1275	0	3	222	0.15	1.0	recombination	phlag_mlt_eap01_ena4_esp005_ex	N249	recombination_increase
1275	0	3	222	0.15	1.0	recombination	phlag_mlt_noprior_noprior_esp001_ex	N249	recombination_increase
1273	2	0	225	0.15	1.0	recombination	phlag_dto_eap01_ena4_esp001	N249	recombination_increase
643	632	114	111	0.15	1.0	recombination	phlag_dto_noprior_noprior_free_ex	N249	recombination_increase
1275	0	3	222	0.15	1.0	recombination	phlag_dto_eap01_ena4_esp005_ex	N249	recombination_increase
1275	0	3	222	0.15	1.0	recombination	phlag_dto_eap005_ena2_esp001_ex	N249	recombination_increase
1275	0	3	222	0.15	1.0	recombination	phlag_dto_eap01_ena4_rev001_ex	N249	recombination_increase
1275	0	3	222	0.15	1.0	recombination	phlag_dto_eap01_ena4_esp001_ex	N249	recombination_increase
1403	67	30	0	0.02	1.0	recombination	phlag_mlt_eap01_ena4_esp010_ex	N187	recombination_increase
1214	256	0	30	0.02	1.0	recombination	phlag_dto_eap01_ena4_free_ex	N187	recombination_increase
1465	5	27	3	0.02	1.0	recombination	phlag_mlt_eap01_ena4_free_ex	N187	recombination_increase
1470	0	30	0	0.02	1.0	recombination	phlag_mlt_eap01_ena4_esp001_ex	N187	recombination_increase
1049	421	30	0	0.02	1.0	recombination	phlag_dto_eap01_ena4_rev0001_ex	N187	recombination_increase
1470	0	30	0	0.02	1.0	recombination	phlag_mlt_eap01_ena4_esp005_ex	N187	recombination_increase
1403	67	30	0	0.02	1.0	recombination	phlag_mlt_noprior_noprior_esp001_ex	N187	recombination_increase
1470	0	30	0	0.02	1.0	recombination	phlag_dto_eap01_ena4_esp001	N187	recombination_increase
1114	356	13	17	0.02	1.0	recombination	phlag_dto_noprior_noprior_free_ex	N187	recombination_increase
1222	248	0	30	0.02	1.0	recombination	phlag_dto_eap01_ena4_esp005_ex	N187	recombination_increase
1049	421	30	0	0.02	1.0	recombination	phlag_dto_eap005_ena2_esp001_ex	N187	recombination_increase
1461	9	28	2	0.02	1.0	recombination	phlag_dto_eap01_ena4_rev001_ex	N187	recombination_increase
1469	1	30	0	0.02	1.0	recombination	phlag_dto_eap01_ena4_esp001_ex	N187	recombination_increase
1200	0	1	299	0.2	1.0	recombination	phlag_mlt_eap01_ena4_esp010_ex	N188	recombination_increase
1200	0	0	300	0.2	1.0	recombination	phlag_dto_eap01_ena4_free_ex	N188	recombination_increase
1200	0	1	299	0.2	1.0	recombination	phlag_mlt_eap01_ena4_free_ex	N188	recombination_increase
1200	0	1	299	0.2	1.0	recombination	phlag_mlt_eap01_ena4_esp001_ex	N188	recombination_increase
1200	0	0	300	0.2	1.0	recombination	phlag_dto_eap01_ena4_rev0001_ex	N188	recombination_increase
1200	0	1	299	0.2	1.0	recombination	phlag_mlt_eap01_ena4_esp005_ex	N188	recombination_increase
1200	0	1	299	0.2	1.0	recombination	phlag_mlt_noprior_noprior_esp001_ex	N188	recombination_increase
1173	27	0	300	0.2	1.0	recombination	phlag_dto_eap01_ena4_esp001	N188	recombination_increase
925	275	284	16	0.2	1.0	recombination	phlag_dto_noprior_noprior_free_ex	N188	recombination_increase
1200	0	0	300	0.2	1.0	recombination	phlag_dto_eap01_ena4_esp005_ex	N188	recombination_increase
1200	0	0	300	0.2	1.0	recombination	phlag_dto_eap005_ena2_esp001_ex	N188	recombination_increase
1187	13	300	0	0.2	1.0	recombination	phlag_dto_eap01_ena4_rev001_ex	N188	recombination_increase
1200	0	0	300	0.2	1.0	recombination	phlag_dto_eap01_ena4_esp001_ex	N188	recombination_increase
1350	0	150	0	0.1	1.0	recombination	phlag_mlt_eap01_ena4_esp010_ex	N407	recombination_increase
1288	62	150	0	0.1	1.0	recombination	phlag_dto_eap01_ena4_free_ex	N407	recombination_increase
1350	0	150	0	0.1	1.0	recombination	phlag_mlt_eap01_ena4_free_ex	N407	recombination_increase
1268	82	150	0	0.1	1.0	recombination	phlag_mlt_eap01_ena4_esp001_ex	N407	recombination_increase
787	563	150	0	0.1	1.0	recombination	phlag_dto_eap01_ena4_rev0001_ex	N407	recombination_increase
1268	82	150	0	0.1	1.0	recombination	phlag_mlt_eap01_ena4_esp005_ex	N407	recombination_increase
1268	82	150	0	0.1	1.0	recombination	phlag_mlt_noprior_noprior_esp001_ex	N407	recombination_increase
1075	275	150	0	0.1	1.0	recombination	phlag_dto_eap01_ena4_esp001	N407	recombination_increase
973	377	107	43	0.1	1.0	recombination	phlag_dto_noprior_noprior_free_ex	N407	recombination_increase
802	548	150	0	0.1	1.0	recombination	phlag_dto_eap01_ena4_esp005_ex	N407	recombination_increase
840	510	150	0	0.1	1.0	recombination	phlag_dto_eap005_ena2_esp001_ex	N407	recombination_increase
820	530	150	0	0.1	1.0	recombination	phlag_dto_eap01_ena4_rev001_ex	N407	recombination_increase
787	563	150	0	0.1	1.0	recombination	phlag_dto_eap01_ena4_esp001_ex	N407	recombination_increase
1421	4	4	71	0.05	1.0	recombination	phlag_mlt_eap01_ena4_esp010_ex	N709	recombination_increase
1425	0	4	71	0.05	1.0	recombination	phlag_dto_eap01_ena4_free_ex	N709	recombination_increase
1421	4	4	71	0.05	1.0	recombination	phlag_mlt_eap01_ena4_free_ex	N709	recombination_increase
1421	4	4	71	0.05	1.0	recombination	phlag_mlt_eap01_ena4_esp001_ex	N709	recombination_increase
1425	0	4	71	0.05	1.0	recombination	phlag_dto_eap01_ena4_rev0001_ex	N709	recombination_increase
1421	4	4	71	0.05	1.0	recombination	phlag_mlt_eap01_ena4_esp005_ex	N709	recombination_increase
1421	4	4	71	0.05	1.0	recombination	phlag_mlt_noprior_noprior_esp001_ex	N709	recombination_increase
1425	0	0	75	0.05	1.0	recombination	phlag_dto_eap01_ena4_esp001	N709	recombination_increase
966	459	73	2	0.05	1.0	recombination	phlag_dto_noprior_noprior_free_ex	N709	recombination_increase
1425	0	4	71	0.05	1.0	recombination	phlag_dto_eap01_ena4_esp005_ex	N709	recombination_increase
1425	0	4	71	0.05	1.0	recombination	phlag_dto_eap005_ena2_esp001_ex	N709	recombination_increase
1425	0	4	71	0.05	1.0	recombination	phlag_dto_eap01_ena4_rev001_ex	N709	recombination_increase
1425	0	4	71	0.05	1.0	recombination	phlag_dto_eap01_ena4_esp001_ex	N709	recombination_increase
1470	0	3	27	0.02	1.0	recombination	phlag_mlt_eap01_ena4_esp010_ex	N113	recombination_increase
1470	0	3	27	0.02	1.0	recombination	phlag_dto_eap01_ena4_free_ex	N113	recombination_increase
1470	0	3	27	0.02	1.0	recombination	phlag_mlt_eap01_ena4_free_ex	N113	recombination_increase
1470	0	3	27	0.02	1.0	recombination	phlag_mlt_eap01_ena4_esp001_ex	N113	recombination_increase
1470	0	3	27	0.02	1.0	recombination	phlag_dto_eap01_ena4_rev0001_ex	N113	recombination_increase
1470	0	3	27	0.02	1.0	recombination	phlag_mlt_eap01_ena4_esp005_ex	N113	recombination_increase
1470	0	3	27	0.02	1.0	recombination	phlag_mlt_noprior_noprior_esp001_ex	N113	recombination_increase
1470	0	30	0	0.02	1.0	recombination	phlag_dto_eap01_ena4_esp001	N113	recombination_increase
735	735	16	14	0.02	1.0	recombination	phlag_dto_noprior_noprior_free_ex	N113	recombination_increase
1470	0	3	27	0.02	1.0	recombination	phlag_dto_eap01_ena4_esp005_ex	N113	recombination_increase
1470	0	3	27	0.02	1.0	recombination	phlag_dto_eap005_ena2_esp001_ex	N113	recombination_increase
1470	0	3	27	0.02	1.0	recombination	phlag_dto_eap01_ena4_rev001_ex	N113	recombination_increase
1470	0	3	27	0.02	1.0	recombination	phlag_dto_eap01_ena4_esp001_ex	N113	recombination_increase
1275	75	150	0	0.1	1.0	recombination	phlag_mlt_eap01_ena4_esp010_ex	N274	recombination_increase
1246	104	140	10	0.1	1.0	recombination	phlag_dto_eap01_ena4_free_ex	N274	recombination_increase
1176	174	130	20	0.1	1.0	recombination	phlag_mlt_eap01_ena4_free_ex	N274	recombination_increase
1272	78	150	0	0.1	1.0	recombination	phlag_mlt_eap01_ena4_esp001_ex	N274	recombination_increase
1153	197	0	150	0.1	1.0	recombination	phlag_dto_eap01_ena4_rev0001_ex	N274	recombination_increase
1294	56	150	0	0.1	1.0	recombination	phlag_mlt_eap01_ena4_esp005_ex	N274	recombination_increase
1294	56	150	0	0.1	1.0	recombination	phlag_mlt_noprior_noprior_esp001_ex	N274	recombination_increase
1350	0	150	0	0.1	1.0	recombination	phlag_dto_eap01_ena4_esp001	N274	recombination_increase
996	354	110	40	0.1	1.0	recombination	phlag_dto_noprior_noprior_free_ex	N274	recombination_increase
1131	219	150	0	0.1	1.0	recombination	phlag_dto_eap01_ena4_esp005_ex	N274	recombination_increase
1049	301	150	0	0.1	1.0	recombination	phlag_dto_eap005_ena2_esp001_ex	N274	recombination_increase
1124	226	150	0	0.1	1.0	recombination	phlag_dto_eap01_ena4_rev001_ex	N274	recombination_increase
1134	216	150	0	0.1	1.0	recombination	phlag_dto_eap01_ena4_esp001_ex	N274	recombination_increase
1425	0	1	74	0.05	1.0	recombination	phlag_mlt_eap01_ena4_esp010_ex	N176	recombination_increase
1425	0	1	74	0.05	1.0	recombination	phlag_dto_eap01_ena4_free_ex	N176	recombination_increase
1389	36	75	0	0.05	1.0	recombination	phlag_mlt_eap01_ena4_free_ex	N176	recombination_increase
1425	0	1	74	0.05	1.0	recombination	phlag_mlt_eap01_ena4_esp001_ex	N176	recombination_increase
1425	0	1	74	0.05	1.0	recombination	phlag_dto_eap01_ena4_rev0001_ex	N176	recombination_increase
1425	0	71	4	0.05	1.0	recombination	phlag_mlt_eap01_ena4_esp005_ex	N176	recombination_increase
1425	0	1	74	0.05	1.0	recombination	phlag_mlt_noprior_noprior_esp001_ex	N176	recombination_increase
1395	30	0	75	0.05	1.0	recombination	phlag_dto_eap01_ena4_esp001	N176	recombination_increase
893	532	71	4	0.05	1.0	recombination	phlag_dto_noprior_noprior_free_ex	N176	recombination_increase
1425	0	1	74	0.05	1.0	recombination	phlag_dto_eap01_ena4_esp005_ex	N176	recombination_increase
1425	0	1	74	0.05	1.0	recombination	phlag_dto_eap005_ena2_esp001_ex	N176	recombination_increase
1265	160	75	0	0.05	1.0	recombination	phlag_dto_eap01_ena4_rev001_ex	N176	recombination_increase
1425	0	1	74	0.05	1.0	recombination	phlag_dto_eap01_ena4_esp001_ex	N176	recombination_increase
1125	0	1	374	0.25	1.0	recombination	phlag_mlt_eap01_ena4_esp010_ex	N176	recombination_increase
1125	0	1	374	0.25	1.0	recombination	phlag_dto_eap01_ena4_free_ex	N176	recombination_increase
1125	0	1	374	0.25	1.0	recombination	phlag_mlt_eap01_ena4_free_ex	N176	recombination_increase
1125	0	1	374	0.25	1.0	recombination	phlag_mlt_eap01_ena4_esp001_ex	N176	recombination_increase
1125	0	1	374	0.25	1.0	recombination	phlag_dto_eap01_ena4_rev0001_ex	N176	recombination_increase
1125	0	1	374	0.25	1.0	recombination	phlag_mlt_eap01_ena4_esp005_ex	N176	recombination_increase
1125	0	1	374	0.25	1.0	recombination	phlag_mlt_noprior_noprior_esp001_ex	N176	recombination_increase
1125	0	7	368	0.25	1.0	recombination	phlag_dto_eap01_ena4_esp001	N176	recombination_increase
1125	0	1	374	0.25	1.0	recombination	phlag_dto_noprior_noprior_free_ex	N176	recombination_increase
1125	0	1	374	0.25	1.0	recombination	phlag_dto_eap01_ena4_esp005_ex	N176	recombination_increase
1125	0	1	374	0.25	1.0	recombination	phlag_dto_eap005_ena2_esp001_ex	N176	recombination_increase
1125	0	1	374	0.25	1.0	recombination	phlag_dto_eap01_ena4_rev001_ex	N176	recombination_increase
1125	0	1	374	0.25	1.0	recombination	phlag_dto_eap01_ena4_esp001_ex	N176	recombination_increase
1470	0	30	0	0.02	1.0	recombination	phlag_mlt_eap01_ena4_esp010_ex	N555	recombination_increase
1461	9	1	29	0.02	1.0	recombination	phlag_dto_eap01_ena4_free_ex	N555	recombination_increase
1462	8	30	0	0.02	1.0	recombination	phlag_mlt_eap01_ena4_free_ex	N555	recombination_increase
1466	4	1	29	0.02	1.0	recombination	phlag_mlt_eap01_ena4_esp001_ex	N555	recombination_increase
1461	9	1	29	0.02	1.0	recombination	phlag_dto_eap01_ena4_rev0001_ex	N555	recombination_increase
1466	4	1	29	0.02	1.0	recombination	phlag_mlt_eap01_ena4_esp005_ex	N555	recombination_increase
1466	4	1	29	0.02	1.0	recombination	phlag_mlt_noprior_noprior_esp001_ex	N555	recombination_increase
1278	192	30	0	0.02	1.0	recombination	phlag_dto_eap01_ena4_esp001	N555	recombination_increase
968	502	29	1	0.02	1.0	recombination	phlag_dto_noprior_noprior_free_ex	N555	recombination_increase
1461	9	1	29	0.02	1.0	recombination	phlag_dto_eap01_ena4_esp005_ex	N555	recombination_increase
1466	4	1	29	0.02	1.0	recombination	phlag_dto_eap005_ena2_esp001_ex	N555	recombination_increase
1466	4	1	29	0.02	1.0	recombination	phlag_dto_eap01_ena4_rev001_ex	N555	recombination_increase
1461	9	1	29	0.02	1.0	recombination	phlag_dto_eap01_ena4_esp001_ex	N555	recombination_increase
1165	110	184	41	0.15	1.0	recombination	phlag_mlt_eap01_ena4_esp010_ex	N461	recombination_increase
1045	230	225	0	0.15	1.0	recombination	phlag_dto_eap01_ena4_free_ex	N461	recombination_increase
1275	0	225	0	0.15	1.0	recombination	phlag_mlt_eap01_ena4_free_ex	N461	recombination_increase
1167	108	225	0	0.15	1.0	recombination	phlag_mlt_eap01_ena4_esp001_ex	N461	recombination_increase
807	468	225	0	0.15	1.0	recombination	phlag_dto_eap01_ena4_rev0001_ex	N461	recombination_increase
1203	72	225	0	0.15	1.0	recombination	phlag_mlt_eap01_ena4_esp005_ex	N461	recombination_increase
1167	108	225	0	0.15	1.0	recombination	phlag_mlt_noprior_noprior_esp001_ex	N461	recombination_increase
1275	0	225	0	0.15	1.0	recombination	phlag_dto_eap01_ena4_esp001	N461	recombination_increase
943	332	151	74	0.15	1.0	recombination	phlag_dto_noprior_noprior_free_ex	N461	recombination_increase
1152	123	64	161	0.15	1.0	recombination	phlag_dto_eap01_ena4_esp005_ex	N461	recombination_increase
1153	122	15	210	0.15	1.0	recombination	phlag_dto_eap005_ena2_esp001_ex	N461	recombination_increase
1187	88	225	0	0.15	1.0	recombination	phlag_dto_eap01_ena4_rev001_ex	N461	recombination_increase
1153	122	64	161	0.15	1.0	recombination	phlag_dto_eap01_ena4_esp001_ex	N461	recombination_increase
1170	30	0	300	0.2	1.0	recombination	phlag_mlt_eap01_ena4_esp010_ex	N228	recombination_increase
1192	8	0	300	0.2	1.0	recombination	phlag_dto_eap01_ena4_free_ex	N228	recombination_increase
1135	65	0	300	0.2	1.0	recombination	phlag_mlt_eap01_ena4_free_ex	N228	recombination_increase
1135	65	0	300	0.2	1.0	recombination	phlag_mlt_eap01_ena4_esp001_ex	N228	recombination_increase
1192	8	0	300	0.2	1.0	recombination	phlag_dto_eap01_ena4_rev0001_ex	N228	recombination_increase
1135	65	0	300	0.2	1.0	recombination	phlag_mlt_eap01_ena4_esp005_ex	N228	recombination_increase
1135	65	0	300	0.2	1.0	recombination	phlag_mlt_noprior_noprior_esp001_ex	N228	recombination_increase
681	519	300	0	0.2	1.0	recombination	phlag_dto_eap01_ena4_esp001	N228	recombination_increase
771	429	240	60	0.2	1.0	recombination	phlag_dto_noprior_noprior_free_ex	N228	recombination_increase
1192	8	0	300	0.2	1.0	recombination	phlag_dto_eap01_ena4_esp005_ex	N228	recombination_increase
1192	8	0	300	0.2	1.0	recombination	phlag_dto_eap005_ena2_esp001_ex	N228	recombination_increase
1170	30	0	300	0.2	1.0	recombination	phlag_dto_eap01_ena4_rev001_ex	N228	recombination_increase
1192	8	0	300	0.2	1.0	recombination	phlag_dto_eap01_ena4_esp001_ex	N228	recombination_increase
1275	0	1	224	0.15	1.0	recombination	phlag_mlt_eap01_ena4_esp010_ex	N176	recombination_increase
1275	0	1	224	0.15	1.0	recombination	phlag_dto_eap01_ena4_free_ex	N176	recombination_increase
1275	0	1	224	0.15	1.0	recombination	phlag_mlt_eap01_ena4_free_ex	N176	recombination_increase
1275	0	1	224	0.15	1.0	recombination	phlag_mlt_eap01_ena4_esp001_ex	N176	recombination_increase
1275	0	1	224	0.15	1.0	recombination	phlag_dto_eap01_ena4_rev0001_ex	N176	recombination_increase
1275	0	1	224	0.15	1.0	recombination	phlag_mlt_eap01_ena4_esp005_ex	N176	recombination_increase
1275	0	1	224	0.15	1.0	recombination	phlag_mlt_noprior_noprior_esp001_ex	N176	recombination_increase
1274	1	6	219	0.15	1.0	recombination	phlag_dto_eap01_ena4_esp001	N176	recombination_increase
1275	0	1	224	0.15	1.0	recombination	phlag_dto_noprior_noprior_free_ex	N176	recombination_increase
1275	0	1	224	0.15	1.0	recombination	phlag_dto_eap01_ena4_esp005_ex	N176	recombination_increase
1275	0	1	224	0.15	1.0	recombination	phlag_dto_eap005_ena2_esp001_ex	N176	recombination_increase
1275	0	1	224	0.15	1.0	recombination	phlag_dto_eap01_ena4_rev001_ex	N176	recombination_increase
1275	0	1	224	0.15	1.0	recombination	phlag_dto_eap01_ena4_esp001_ex	N176	recombination_increase
1149	126	225	0	0.15	1.0	recombination	phlag_mlt_eap01_ena4_esp010_ex	N274	recombination_increase
1159	116	204	21	0.15	1.0	recombination	phlag_dto_eap01_ena4_free_ex	N274	recombination_increase
1115	160	189	36	0.15	1.0	recombination	phlag_mlt_eap01_ena4_free_ex	N274	recombination_increase
1225	50	225	0	0.15	1.0	recombination	phlag_mlt_eap01_ena4_esp001_ex	N274	recombination_increase
1145	130	171	54	0.15	1.0	recombination	phlag_dto_eap01_ena4_rev0001_ex	N274	recombination_increase
1225	50	225	0	0.15	1.0	recombination	phlag_mlt_eap01_ena4_esp005_ex	N274	recombination_increase
1221	54	225	0	0.15	1.0	recombination	phlag_mlt_noprior_noprior_esp001_ex	N274	recombination_increase
1275	0	225	0	0.15	1.0	recombination	phlag_dto_eap01_ena4_esp001	N274	recombination_increase
945	330	161	64	0.15	1.0	recombination	phlag_dto_noprior_noprior_free_ex	N274	recombination_increase
1036	239	195	30	0.15	1.0	recombination	phlag_dto_eap01_ena4_esp005_ex	N274	recombination_increase
1145	130	171	54	0.15	1.0	recombination	phlag_dto_eap005_ena2_esp001_ex	N274	recombination_increase
1003	272	118	107	0.15	1.0	recombination	phlag_dto_eap01_ena4_rev001_ex	N274	recombination_increase
1003	272	137	88	0.15	1.0	recombination	phlag_dto_eap01_ena4_esp001_ex	N274	recombination_increase
1198	2	0	300	0.2	1.0	recombination	phlag_mlt_eap01_ena4_esp010_ex	N282	recombination_increase
1198	2	300	0	0.2	1.0	recombination	phlag_dto_eap01_ena4_free_ex	N282	recombination_increase
1200	0	300	0	0.2	1.0	recombination	phlag_mlt_eap01_ena4_free_ex	N282	recombination_increase
1198	2	0	300	0.2	1.0	recombination	phlag_mlt_eap01_ena4_esp001_ex	N282	recombination_increase
1198	2	0	300	0.2	1.0	recombination	phlag_dto_eap01_ena4_rev0001_ex	N282	recombination_increase
1198	2	0	300	0.2	1.0	recombination	phlag_mlt_eap01_ena4_esp005_ex	N282	recombination_increase
1198	2	0	300	0.2	1.0	recombination	phlag_mlt_noprior_noprior_esp001_ex	N282	recombination_increase
1200	0	300	0	0.2	1.0	recombination	phlag_dto_eap01_ena4_esp001	N282	recombination_increase
624	576	168	132	0.2	1.0	recombination	phlag_dto_noprior_noprior_free_ex	N282	recombination_increase
1198	2	0	300	0.2	1.0	recombination	phlag_dto_eap01_ena4_esp005_ex	N282	recombination_increase
1198	2	0	300	0.2	1.0	recombination	phlag_dto_eap005_ena2_esp001_ex	N282	recombination_increase
1200	0	0	300	0.2	1.0	recombination	phlag_dto_eap01_ena4_rev001_ex	N282	recombination_increase
1198	2	0	300	0.2	1.0	recombination	phlag_dto_eap01_ena4_esp001_ex	N282	recombination_increase
1231	44	225	0	0.15	1.0	recombination	phlag_mlt_eap01_ena4_esp010_ex	N238	recombination_increase
1274	1	1	224	0.15	1.0	recombination	phlag_dto_eap01_ena4_free_ex	N238	recombination_increase
1273	2	1	224	0.15	1.0	recombination	phlag_mlt_eap01_ena4_free_ex	N238	recombination_increase
1273	2	1	224	0.15	1.0	recombination	phlag_mlt_eap01_ena4_esp001_ex	N238	recombination_increase
1274	1	1	224	0.15	1.0	recombination	phlag_dto_eap01_ena4_rev0001_ex	N238	recombination_increase
1155	120	225	0	0.15	1.0	recombination	phlag_mlt_eap01_ena4_esp005_ex	N238	recombination_increase
1273	2	1	224	0.15	1.0	recombination	phlag_mlt_noprior_noprior_esp001_ex	N238	recombination_increase
1261	14	81	144	0.15	1.0	recombination	phlag_dto_eap01_ena4_esp001	N238	recombination_increase
735	540	147	78	0.15	1.0	recombination	phlag_dto_noprior_noprior_free_ex	N238	recombination_increase
1274	1	1	224	0.15	1.0	recombination	phlag_dto_eap01_ena4_esp005_ex	N238	recombination_increase
1274	1	1	224	0.15	1.0	recombination	phlag_dto_eap005_ena2_esp001_ex	N238	recombination_increase
1218	57	225	0	0.15	1.0	recombination	phlag_dto_eap01_ena4_rev001_ex	N238	recombination_increase
1274	1	1	224	0.15	1.0	recombination	phlag_dto_eap01_ena4_esp001_ex	N238	recombination_increase
1125	0	0	375	0.25	1.0	recombination	phlag_mlt_eap01_ena4_esp010_ex	N188	recombination_increase
1125	0	0	375	0.25	1.0	recombination	phlag_dto_eap01_ena4_free_ex	N188	recombination_increase
1125	0	0	375	0.25	1.0	recombination	phlag_mlt_eap01_ena4_free_ex	N188	recombination_increase
1125	0	0	375	0.25	1.0	recombination	phlag_mlt_eap01_ena4_esp001_ex	N188	recombination_increase
1125	0	0	375	0.25	1.0	recombination	phlag_dto_eap01_ena4_rev0001_ex	N188	recombination_increase
1125	0	0	375	0.25	1.0	recombination	phlag_mlt_eap01_ena4_esp005_ex	N188	recombination_increase
1125	0	0	375	0.25	1.0	recombination	phlag_mlt_noprior_noprior_esp001_ex	N188	recombination_increase
1125	0	2	373	0.25	1.0	recombination	phlag_dto_eap01_ena4_esp001	N188	recombination_increase
1125	0	0	375	0.25	1.0	recombination	phlag_dto_noprior_noprior_free_ex	N188	recombination_increase
1125	0	0	375	0.25	1.0	recombination	phlag_dto_eap01_ena4_esp005_ex	N188	recombination_increase
1125	0	0	375	0.25	1.0	recombination	phlag_dto_eap005_ena2_esp001_ex	N188	recombination_increase
1115	10	375	0	0.25	1.0	recombination	phlag_dto_eap01_ena4_rev001_ex	N188	recombination_increase
1125	0	0	375	0.25	1.0	recombination	phlag_dto_eap01_ena4_esp001_ex	N188	recombination_increase
1125	0	5	370	0.25	1.0	recombination	phlag_mlt_eap01_ena4_esp010_ex	N228	recombination_increase
1125	0	5	370	0.25	1.0	recombination	phlag_dto_eap01_ena4_free_ex	N228	recombination_increase
1125	0	5	370	0.25	1.0	recombination	phlag_mlt_eap01_ena4_free_ex	N228	recombination_increase
1125	0	5	370	0.25	1.0	recombination	phlag_mlt_eap01_ena4_esp001_ex	N228	recombination_increase
1114	11	5	370	0.25	1.0	recombination	phlag_dto_eap01_ena4_rev0001_ex	N228	recombination_increase
1125	0	5	370	0.25	1.0	recombination	phlag_mlt_eap01_ena4_esp005_ex	N228	recombination_increase
1125	0	5	370	0.25	1.0	recombination	phlag_mlt_noprior_noprior_esp001_ex	N228	recombination_increase
1098	27	375	0	0.25	1.0	recombination	phlag_dto_eap01_ena4_esp001	N228	recombination_increase
707	418	303	72	0.25	1.0	recombination	phlag_dto_noprior_noprior_free_ex	N228	recombination_increase
1115	10	5	370	0.25	1.0	recombination	phlag_dto_eap01_ena4_esp005_ex	N228	recombination_increase
1114	11	5	370	0.25	1.0	recombination	phlag_dto_eap005_ena2_esp001_ex	N228	recombination_increase
1125	0	5	370	0.25	1.0	recombination	phlag_dto_eap01_ena4_rev001_ex	N228	recombination_increase
1125	0	5	370	0.25	1.0	recombination	phlag_dto_eap01_ena4_esp001_ex	N228	recombination_increase
1275	0	225	0	0.15	1.0	recombination	phlag_mlt_eap01_ena4_esp010_ex	N187	recombination_increase
1272	3	10	215	0.15	1.0	recombination	phlag_dto_eap01_ena4_free_ex	N187	recombination_increase
1272	3	10	215	0.15	1.0	recombination	phlag_mlt_eap01_ena4_free_ex	N187	recombination_increase
1272	3	10	215	0.15	1.0	recombination	phlag_mlt_eap01_ena4_esp001_ex	N187	recombination_increase
1272	3	10	215	0.15	1.0	recombination	phlag_dto_eap01_ena4_rev0001_ex	N187	recombination_increase
1272	3	10	215	0.15	1.0	recombination	phlag_mlt_eap01_ena4_esp005_ex	N187	recombination_increase
1272	3	10	215	0.15	1.0	recombination	phlag_mlt_noprior_noprior_esp001_ex	N187	recombination_increase
1275	0	225	0	0.15	1.0	recombination	phlag_dto_eap01_ena4_esp001	N187	recombination_increase
649	626	114	111	0.15	1.0	recombination	phlag_dto_noprior_noprior_free_ex	N187	recombination_increase
1272	3	10	215	0.15	1.0	recombination	phlag_dto_eap01_ena4_esp005_ex	N187	recombination_increase
1272	3	10	215	0.15	1.0	recombination	phlag_dto_eap005_ena2_esp001_ex	N187	recombination_increase
1265	10	220	5	0.15	1.0	recombination	phlag_dto_eap01_ena4_rev001_ex	N187	recombination_increase
1272	3	10	215	0.15	1.0	recombination	phlag_dto_eap01_ena4_esp001_ex	N187	recombination_increase
1275	0	2	223	0.15	1.0	recombination	phlag_mlt_eap01_ena4_esp010_ex	N113	recombination_increase
1275	0	2	223	0.15	1.0	recombination	phlag_dto_eap01_ena4_free_ex	N113	recombination_increase
1275	0	2	223	0.15	1.0	recombination	phlag_mlt_eap01_ena4_free_ex	N113	recombination_increase
1275	0	2	223	0.15	1.0	recombination	phlag_mlt_eap01_ena4_esp001_ex	N113	recombination_increase
1275	0	2	223	0.15	1.0	recombination	phlag_dto_eap01_ena4_rev0001_ex	N113	recombination_increase
1275	0	2	223	0.15	1.0	recombination	phlag_mlt_eap01_ena4_esp005_ex	N113	recombination_increase
1275	0	2	223	0.15	1.0	recombination	phlag_mlt_noprior_noprior_esp001_ex	N113	recombination_increase
1275	0	225	0	0.15	1.0	recombination	phlag_dto_eap01_ena4_esp001	N113	recombination_increase
637	638	113	112	0.15	1.0	recombination	phlag_dto_noprior_noprior_free_ex	N113	recombination_increase
1275	0	2	223	0.15	1.0	recombination	phlag_dto_eap01_ena4_esp005_ex	N113	recombination_increase
1275	0	2	223	0.15	1.0	recombination	phlag_dto_eap005_ena2_esp001_ex	N113	recombination_increase
1275	0	2	223	0.15	1.0	recombination	phlag_dto_eap01_ena4_rev001_ex	N113	recombination_increase
1275	0	2	223	0.15	1.0	recombination	phlag_dto_eap01_ena4_esp001_ex	N113	recombination_increase
1470	0	1	29	0.02	1.0	recombination	phlag_mlt_eap01_ena4_esp010_ex	N282	recombination_increase
1468	2	30	0	0.02	1.0	recombination	phlag_dto_eap01_ena4_free_ex	N282	recombination_increase
1470	0	1	29	0.02	1.0	recombination	phlag_mlt_eap01_ena4_free_ex	N282	recombination_increase
1470	0	1	29	0.02	1.0	recombination	phlag_mlt_eap01_ena4_esp001_ex	N282	recombination_increase
1171	299	30	0	0.02	1.0	recombination	phlag_dto_eap01_ena4_rev0001_ex	N282	recombination_increase
1470	0	1	29	0.02	1.0	recombination	phlag_mlt_eap01_ena4_esp005_ex	N282	recombination_increase
1470	0	1	29	0.02	1.0	recombination	phlag_mlt_noprior_noprior_esp001_ex	N282	recombination_increase
1470	0	30	0	0.02	1.0	recombination	phlag_dto_eap01_ena4_esp001	N282	recombination_increase
739	731	16	14	0.02	1.0	recombination	phlag_dto_noprior_noprior_free_ex	N282	recombination_increase
1470	0	1	29	0.02	1.0	recombination	phlag_dto_eap01_ena4_esp005_ex	N282	recombination_increase
1470	0	1	29	0.02	1.0	recombination	phlag_dto_eap005_ena2_esp001_ex	N282	recombination_increase
1470	0	1	29	0.02	1.0	recombination	phlag_dto_eap01_ena4_rev001_ex	N282	recombination_increase
1470	0	1	29	0.02	1.0	recombination	phlag_dto_eap01_ena4_esp001_ex	N282	recombination_increase
1125	0	1	374	0.25	1.0	recombination	phlag_mlt_eap01_ena4_esp010_ex	N249	recombination_increase
1125	0	1	374	0.25	1.0	recombination	phlag_dto_eap01_ena4_free_ex	N249	recombination_increase
1125	0	1	374	0.25	1.0	recombination	phlag_mlt_eap01_ena4_free_ex	N249	recombination_increase
1125	0	1	374	0.25	1.0	recombination	phlag_mlt_eap01_ena4_esp001_ex	N249	recombination_increase
1125	0	1	374	0.25	1.0	recombination	phlag_dto_eap01_ena4_rev0001_ex	N249	recombination_increase
1125	0	1	374	0.25	1.0	recombination	phlag_mlt_eap01_ena4_esp005_ex	N249	recombination_increase
1125	0	1	374	0.25	1.0	recombination	phlag_mlt_noprior_noprior_esp001_ex	N249	recombination_increase
1125	0	0	375	0.25	1.0	recombination	phlag_dto_eap01_ena4_esp001	N249	recombination_increase
564	561	187	188	0.25	1.0	recombination	phlag_dto_noprior_noprior_free_ex	N249	recombination_increase
1125	0	1	374	0.25	1.0	recombination	phlag_dto_eap01_ena4_esp005_ex	N249	recombination_increase
1125	0	1	374	0.25	1.0	recombination	phlag_dto_eap005_ena2_esp001_ex	N249	recombination_increase
1125	0	1	374	0.25	1.0	recombination	phlag_dto_eap01_ena4_rev001_ex	N249	recombination_increase
1125	0	1	374	0.25	1.0	recombination	phlag_dto_eap01_ena4_esp001_ex	N249	recombination_increase
1125	0	375	0	0.25	1.0	recombination	phlag_mlt_eap01_ena4_esp010_ex	N407	recombination_increase
1067	58	337	38	0.25	1.0	recombination	phlag_dto_eap01_ena4_free_ex	N407	recombination_increase
1125	0	355	20	0.25	1.0	recombination	phlag_mlt_eap01_ena4_free_ex	N407	recombination_increase
1043	82	375	0	0.25	1.0	recombination	phlag_mlt_eap01_ena4_esp001_ex	N407	recombination_increase
538	587	375	0	0.25	1.0	recombination	phlag_dto_eap01_ena4_rev0001_ex	N407	recombination_increase
763	362	375	0	0.25	1.0	recombination	phlag_mlt_eap01_ena4_esp005_ex	N407	recombination_increase
1043	82	375	0	0.25	1.0	recombination	phlag_mlt_noprior_noprior_esp001_ex	N407	recombination_increase
902	223	375	0	0.25	1.0	recombination	phlag_dto_eap01_ena4_esp001	N407	recombination_increase
741	384	218	157	0.25	1.0	recombination	phlag_dto_noprior_noprior_free_ex	N407	recombination_increase
991	134	306	69	0.25	1.0	recombination	phlag_dto_eap01_ena4_esp005_ex	N407	recombination_increase
987	138	375	0	0.25	1.0	recombination	phlag_dto_eap005_ena2_esp001_ex	N407	recombination_increase
538	587	375	0	0.25	1.0	recombination	phlag_dto_eap01_ena4_rev001_ex	N407	recombination_increase
731	394	375	0	0.25	1.0	recombination	phlag_dto_eap01_ena4_esp001_ex	N407	recombination_increase
1454	16	5	25	0.02	1.0	recombination	phlag_mlt_eap01_ena4_esp010_ex	N709	recombination_increase
776	694	30	0	0.02	1.0	recombination	phlag_dto_eap01_ena4_free_ex	N709	recombination_increase
1245	225	0	30	0.02	1.0	recombination	phlag_mlt_eap01_ena4_free_ex	N709	recombination_increase
1250	220	0	30	0.02	1.0	recombination	phlag_mlt_eap01_ena4_esp001_ex	N709	recombination_increase
776	694	30	0	0.02	1.0	recombination	phlag_dto_eap01_ena4_rev0001_ex	N709	recombination_increase
1454	16	5	25	0.02	1.0	recombination	phlag_mlt_eap01_ena4_esp005_ex	N709	recombination_increase
1250	220	0	30	0.02	1.0	recombination	phlag_mlt_noprior_noprior_esp001_ex	N709	recombination_increase
1470	0	30	0	0.02	1.0	recombination	phlag_dto_eap01_ena4_esp001	N709	recombination_increase
750	720	7	23	0.02	1.0	recombination	phlag_dto_noprior_noprior_free_ex	N709	recombination_increase
775	695	30	0	0.02	1.0	recombination	phlag_dto_eap01_ena4_esp005_ex	N709	recombination_increase
802	668	30	0	0.02	1.0	recombination	phlag_dto_eap005_ena2_esp001_ex	N709	recombination_increase
812	658	30	0	0.02	1.0	recombination	phlag_dto_eap01_ena4_rev001_ex	N709	recombination_increase
776	694	30	0	0.02	1.0	recombination	phlag_dto_eap01_ena4_esp001_ex	N709	recombination_increase
1349	1	1	149	0.1	1.0	recombination	phlag_mlt_eap01_ena4_esp010_ex	N703	recombination_increase
1349	1	1	149	0.1	1.0	recombination	phlag_dto_eap01_ena4_free_ex	N703	recombination_increase
1349	1	1	149	0.1	1.0	recombination	phlag_mlt_eap01_ena4_free_ex	N703	recombination_increase
1349	1	1	149	0.1	1.0	recombination	phlag_mlt_eap01_ena4_esp001_ex	N703	recombination_increase
1349	1	1	149	0.1	1.0	recombination	phlag_dto_eap01_ena4_rev0001_ex	N703	recombination_increase
1349	1	1	149	0.1	1.0	recombination	phlag_mlt_eap01_ena4_esp005_ex	N703	recombination_increase
1349	1	1	149	0.1	1.0	recombination	phlag_mlt_noprior_noprior_esp001_ex	N703	recombination_increase
1349	1	1	149	0.1	1.0	recombination	phlag_dto_eap01_ena4_esp001	N703	recombination_increase
1349	1	1	149	0.1	1.0	recombination	phlag_dto_noprior_noprior_free_ex	N703	recombination_increase
1349	1	0	150	0.1	1.0	recombination	phlag_dto_eap01_ena4_esp005_ex	N703	recombination_increase
1349	1	1	149	0.1	1.0	recombination	phlag_dto_eap005_ena2_esp001_ex	N703	recombination_increase
1349	1	0	150	0.1	1.0	recombination	phlag_dto_eap01_ena4_rev001_ex	N703	recombination_increase
1349	1	1	149	0.1	1.0	recombination	phlag_dto_eap01_ena4_esp001_ex	N703	recombination_increase
1348	2	0	150	0.1	1.0	recombination	phlag_mlt_eap01_ena4_esp010_ex	N188	recombination_increase
1348	2	0	150	0.1	1.0	recombination	phlag_dto_eap01_ena4_free_ex	N188	recombination_increase
1327	23	150	0	0.1	1.0	recombination	phlag_mlt_eap01_ena4_free_ex	N188	recombination_increase
1348	2	0	150	0.1	1.0	recombination	phlag_mlt_eap01_ena4_esp001_ex	N188	recombination_increase
1348	2	0	150	0.1	1.0	recombination	phlag_dto_eap01_ena4_rev0001_ex	N188	recombination_increase
1348	2	0	150	0.1	1.0	recombination	phlag_mlt_eap01_ena4_esp005_ex	N188	recombination_increase
1348	2	0	150	0.1	1.0	recombination	phlag_mlt_noprior_noprior_esp001_ex	N188	recombination_increase
1350	0	29	121	0.1	1.0	recombination	phlag_dto_eap01_ena4_esp001	N188	recombination_increase
1036	314	143	7	0.1	1.0	recombination	phlag_dto_noprior_noprior_free_ex	N188	recombination_increase
1348	2	0	150	0.1	1.0	recombination	phlag_dto_eap01_ena4_esp005_ex	N188	recombination_increase
1350	0	150	0	0.1	1.0	recombination	phlag_dto_eap005_ena2_esp001_ex	N188	recombination_increase
1340	10	150	0	0.1	1.0	recombination	phlag_dto_eap01_ena4_rev001_ex	N188	recombination_increase
1348	2	0	150	0.1	1.0	recombination	phlag_dto_eap01_ena4_esp001_ex	N188	recombination_increase
1374	96	30	0	0.02	1.0	recombination	phlag_mlt_eap01_ena4_esp010_ex	N703	recombination_increase
1470	0	0	30	0.02	1.0	recombination	phlag_dto_eap01_ena4_free_ex	N703	recombination_increase
1470	0	1	29	0.02	1.0	recombination	phlag_mlt_eap01_ena4_free_ex	N703	recombination_increase
808	662	30	0	0.02	1.0	recombination	phlag_mlt_eap01_ena4_esp001_ex	N703	recombination_increase
936	534	30	0	0.02	1.0	recombination	phlag_dto_eap01_ena4_rev0001_ex	N703	recombination_increase
1098	372	30	0	0.02	1.0	recombination	phlag_mlt_eap01_ena4_esp005_ex	N703	recombination_increase
808	662	30	0	0.02	1.0	recombination	phlag_mlt_noprior_noprior_esp001_ex	N703	recombination_increase
1470	0	1	29	0.02	1.0	recombination	phlag_dto_eap01_ena4_esp001	N703	recombination_increase
1017	453	30	0	0.02	1.0	recombination	phlag_dto_noprior_noprior_free_ex	N703	recombination_increase
1470	0	0	30	0.02	1.0	recombination	phlag_dto_eap01_ena4_esp005_ex	N703	recombination_increase
1470	0	0	30	0.02	1.0	recombination	phlag_dto_eap005_ena2_esp001_ex	N703	recombination_increase
1470	0	0	30	0.02	1.0	recombination	phlag_dto_eap01_ena4_rev001_ex	N703	recombination_increase
1470	0	0	30	0.02	1.0	recombination	phlag_dto_eap01_ena4_esp001_ex	N703	recombination_increase
1119	6	0	375	0.25	1.0	recombination	phlag_mlt_eap01_ena4_esp010_ex	N555	recombination_increase
1113	12	0	375	0.25	1.0	recombination	phlag_dto_eap01_ena4_free_ex	N555	recombination_increase
1119	6	0	375	0.25	1.0	recombination	phlag_mlt_eap01_ena4_free_ex	N555	recombination_increase
1119	6	0	375	0.25	1.0	recombination	phlag_mlt_eap01_ena4_esp001_ex	N555	recombination_increase
1113	12	0	375	0.25	1.0	recombination	phlag_dto_eap01_ena4_rev0001_ex	N555	recombination_increase
1119	6	0	375	0.25	1.0	recombination	phlag_mlt_eap01_ena4_esp005_ex	N555	recombination_increase
1119	6	0	375	0.25	1.0	recombination	phlag_mlt_noprior_noprior_esp001_ex	N555	recombination_increase
1125	0	24	351	0.25	1.0	recombination	phlag_dto_eap01_ena4_esp001	N555	recombination_increase
1113	12	0	375	0.25	1.0	recombination	phlag_dto_noprior_noprior_free_ex	N555	recombination_increase
1113	12	0	375	0.25	1.0	recombination	phlag_dto_eap01_ena4_esp005_ex	N555	recombination_increase
1123	2	0	375	0.25	1.0	recombination	phlag_dto_eap005_ena2_esp001_ex	N555	recombination_increase
1123	2	0	375	0.25	1.0	recombination	phlag_dto_eap01_ena4_rev001_ex	N555	recombination_increase
1113	12	0	375	0.25	1.0	recombination	phlag_dto_eap01_ena4_esp001_ex	N555	recombination_increase
950	520	30	0	0.02	1.0	recombination	phlag_mlt_eap01_ena4_esp010_ex	N407	recombination_increase
1415	55	30	0	0.02	1.0	recombination	phlag_dto_eap01_ena4_free_ex	N407	recombination_increase
1470	0	30	0	0.02	1.0	recombination	phlag_mlt_eap01_ena4_free_ex	N407	recombination_increase
1388	82	30	0	0.02	1.0	recombination	phlag_mlt_eap01_ena4_esp001_ex	N407	recombination_increase
906	564	30	0	0.02	1.0	recombination	phlag_dto_eap01_ena4_rev0001_ex	N407	recombination_increase
1388	82	30	0	0.02	1.0	recombination	phlag_mlt_eap01_ena4_esp005_ex	N407	recombination_increase
1388	82	30	0	0.02	1.0	recombination	phlag_mlt_noprior_noprior_esp001_ex	N407	recombination_increase
1195	275	30	0	0.02	1.0	recombination	phlag_dto_eap01_ena4_esp001	N407	recombination_increase
1163	307	24	6	0.02	1.0	recombination	phlag_dto_noprior_noprior_free_ex	N407	recombination_increase
907	563	30	0	0.02	1.0	recombination	phlag_dto_eap01_ena4_esp005_ex	N407	recombination_increase
909	561	0	30	0.02	1.0	recombination	phlag_dto_eap005_ena2_esp001_ex	N407	recombination_increase
941	529	30	0	0.02	1.0	recombination	phlag_dto_eap01_ena4_rev001_ex	N407	recombination_increase
907	563	30	0	0.02	1.0	recombination	phlag_dto_eap01_ena4_esp001_ex	N407	recombination_increase
1275	0	225	0	0.15	1.0	recombination	phlag_mlt_eap01_ena4_esp010_ex	N71	recombination_increase
1275	0	225	0	0.15	1.0	recombination	phlag_dto_eap01_ena4_free_ex	N71	recombination_increase
1275	0	225	0	0.15	1.0	recombination	phlag_mlt_eap01_ena4_free_ex	N71	recombination_increase
1237	38	225	0	0.15	1.0	recombination	phlag_mlt_eap01_ena4_esp001_ex	N71	recombination_increase
1275	0	225	0	0.15	1.0	recombination	phlag_dto_eap01_ena4_rev0001_ex	N71	recombination_increase
1246	29	225	0	0.15	1.0	recombination	phlag_mlt_eap01_ena4_esp005_ex	N71	recombination_increase
1275	0	225	0	0.15	1.0	recombination	phlag_mlt_noprior_noprior_esp001_ex	N71	recombination_increase
1275	0	225	0	0.15	1.0	recombination	phlag_dto_eap01_ena4_esp001	N71	recombination_increase
639	636	113	112	0.15	1.0	recombination	phlag_dto_noprior_noprior_free_ex	N71	recombination_increase
1275	0	225	0	0.15	1.0	recombination	phlag_dto_eap01_ena4_esp005_ex	N71	recombination_increase
1275	0	225	0	0.15	1.0	recombination	phlag_dto_eap005_ena2_esp001_ex	N71	recombination_increase
1275	0	225	0	0.15	1.0	recombination	phlag_dto_eap01_ena4_rev001_ex	N71	recombination_increase
1275	0	225	0	0.15	1.0	recombination	phlag_dto_eap01_ena4_esp001_ex	N71	recombination_increase
1254	21	0	225	0.15	1.0	recombination	phlag_mlt_eap01_ena4_esp010_ex	N228	recombination_increase
1267	8	4	221	0.15	1.0	recombination	phlag_dto_eap01_ena4_free_ex	N228	recombination_increase
1269	6	0	225	0.15	1.0	recombination	phlag_mlt_eap01_ena4_free_ex	N228	recombination_increase
1269	6	0	225	0.15	1.0	recombination	phlag_mlt_eap01_ena4_esp001_ex	N228	recombination_increase
1267	8	4	221	0.15	1.0	recombination	phlag_dto_eap01_ena4_rev0001_ex	N228	recombination_increase
1269	6	0	225	0.15	1.0	recombination	phlag_mlt_eap01_ena4_esp005_ex	N228	recombination_increase
1269	6	0	225	0.15	1.0	recombination	phlag_mlt_noprior_noprior_esp001_ex	N228	recombination_increase
1275	0	225	0	0.15	1.0	recombination	phlag_dto_eap01_ena4_esp001	N228	recombination_increase
808	467	182	43	0.15	1.0	recombination	phlag_dto_noprior_noprior_free_ex	N228	recombination_increase
1267	8	4	221	0.15	1.0	recombination	phlag_dto_eap01_ena4_esp005_ex	N228	recombination_increase
1267	8	4	221	0.15	1.0	recombination	phlag_dto_eap005_ena2_esp001_ex	N228	recombination_increase
1238	37	225	0	0.15	1.0	recombination	phlag_dto_eap01_ena4_rev001_ex	N228	recombination_increase
1267	8	4	221	0.15	1.0	recombination	phlag_dto_eap01_ena4_esp001_ex	N228	recombination_increase
1274	1	4	221	0.15	1.0	recombination	phlag_mlt_eap01_ena4_esp010_ex	N709	recombination_increase
1275	0	10	215	0.15	1.0	recombination	phlag_dto_eap01_ena4_free_ex	N709	recombination_increase
1274	1	4	221	0.15	1.0	recombination	phlag_mlt_eap01_ena4_free_ex	N709	recombination_increase
1274	1	4	221	0.15	1.0	recombination	phlag_mlt_eap01_ena4_esp001_ex	N709	recombination_increase
1275	0	10	215	0.15	1.0	recombination	phlag_dto_eap01_ena4_rev0001_ex	N709	recombination_increase
1274	1	4	221	0.15	1.0	recombination	phlag_mlt_eap01_ena4_esp005_ex	N709	recombination_increase
1274	1	4	221	0.15	1.0	recombination	phlag_mlt_noprior_noprior_esp001_ex	N709	recombination_increase
1275	0	9	216	0.15	1.0	recombination	phlag_dto_eap01_ena4_esp001	N709	recombination_increase
1275	0	5	220	0.15	1.0	recombination	phlag_dto_noprior_noprior_free_ex	N709	recombination_increase
1275	0	5	220	0.15	1.0	recombination	phlag_dto_eap01_ena4_esp005_ex	N709	recombination_increase
1275	0	5	220	0.15	1.0	recombination	phlag_dto_eap005_ena2_esp001_ex	N709	recombination_increase
1275	0	5	220	0.15	1.0	recombination	phlag_dto_eap01_ena4_rev001_ex	N709	recombination_increase
1275	0	5	220	0.15	1.0	recombination	phlag_dto_eap01_ena4_esp001_ex	N709	recombination_increase
1178	247	75	0	0.05	1.0	recombination	phlag_mlt_eap01_ena4_esp010_ex	N188	recombination_increase
1425	0	0	75	0.05	1.0	recombination	phlag_dto_eap01_ena4_free_ex	N188	recombination_increase
1425	0	0	75	0.05	1.0	recombination	phlag_mlt_eap01_ena4_free_ex	N188	recombination_increase
1425	0	0	75	0.05	1.0	recombination	phlag_mlt_eap01_ena4_esp001_ex	N188	recombination_increase
1425	0	0	75	0.05	1.0	recombination	phlag_dto_eap01_ena4_rev0001_ex	N188	recombination_increase
1425	0	0	75	0.05	1.0	recombination	phlag_mlt_eap01_ena4_esp005_ex	N188	recombination_increase
1425	0	0	75	0.05	1.0	recombination	phlag_mlt_noprior_noprior_esp001_ex	N188	recombination_increase
1054	371	0	75	0.05	1.0	recombination	phlag_dto_eap01_ena4_esp001	N188	recombination_increase
1092	333	74	1	0.05	1.0	recombination	phlag_dto_noprior_noprior_free_ex	N188	recombination_increase
1425	0	0	75	0.05	1.0	recombination	phlag_dto_eap01_ena4_esp005_ex	N188	recombination_increase
1425	0	0	75	0.05	1.0	recombination	phlag_dto_eap005_ena2_esp001_ex	N188	recombination_increase
1415	10	75	0	0.05	1.0	recombination	phlag_dto_eap01_ena4_rev001_ex	N188	recombination_increase
1425	0	0	75	0.05	1.0	recombination	phlag_dto_eap01_ena4_esp001_ex	N188	recombination_increase
1304	46	10	140	0.1	1.0	recombination	phlag_mlt_eap01_ena4_esp010_ex	N187	recombination_increase
1304	46	10	140	0.1	1.0	recombination	phlag_dto_eap01_ena4_free_ex	N187	recombination_increase
1347	3	10	140	0.1	1.0	recombination	phlag_mlt_eap01_ena4_free_ex	N187	recombination_increase
1347	3	10	140	0.1	1.0	recombination	phlag_mlt_eap01_ena4_esp001_ex	N187	recombination_increase
1304	46	10	140	0.1	1.0	recombination	phlag_dto_eap01_ena4_rev0001_ex	N187	recombination_increase
1347	3	10	140	0.1	1.0	recombination	phlag_mlt_eap01_ena4_esp005_ex	N187	recombination_increase
1347	3	10	140	0.1	1.0	recombination	phlag_mlt_noprior_noprior_esp001_ex	N187	recombination_increase
1350	0	150	0	0.1	1.0	recombination	phlag_dto_eap01_ena4_esp001	N187	recombination_increase
693	657	76	74	0.1	1.0	recombination	phlag_dto_noprior_noprior_free_ex	N187	recombination_increase
1347	3	10	140	0.1	1.0	recombination	phlag_dto_eap01_ena4_esp005_ex	N187	recombination_increase
1162	188	150	0	0.1	1.0	recombination	phlag_dto_eap005_ena2_esp001_ex	N187	recombination_increase
1342	8	147	3	0.1	1.0	recombination	phlag_dto_eap01_ena4_rev001_ex	N187	recombination_increase
1347	3	10	140	0.1	1.0	recombination	phlag_dto_eap01_ena4_esp001_ex	N187	recombination_increase
1421	4	4	71	0.05	1.0	recombination	phlag_mlt_eap01_ena4_esp010_ex	N665	recombination_increase
1420	5	4	71	0.05	1.0	recombination	phlag_dto_eap01_ena4_free_ex	N665	recombination_increase
1421	4	4	71	0.05	1.0	recombination	phlag_mlt_eap01_ena4_free_ex	N665	recombination_increase
1421	4	4	71	0.05	1.0	recombination	phlag_mlt_eap01_ena4_esp001_ex	N665	recombination_increase
1420	5	4	71	0.05	1.0	recombination	phlag_dto_eap01_ena4_rev0001_ex	N665	recombination_increase
1421	4	4	71	0.05	1.0	recombination	phlag_mlt_eap01_ena4_esp005_ex	N665	recombination_increase
1421	4	4	71	0.05	1.0	recombination	phlag_mlt_noprior_noprior_esp001_ex	N665	recombination_increase
1425	0	7	68	0.05	1.0	recombination	phlag_dto_eap01_ena4_esp001	N665	recombination_increase
1346	79	9	66	0.05	1.0	recombination	phlag_dto_noprior_noprior_free_ex	N665	recombination_increase
1420	5	4	71	0.05	1.0	recombination	phlag_dto_eap01_ena4_esp005_ex	N665	recombination_increase
1420	5	4	71	0.05	1.0	recombination	phlag_dto_eap005_ena2_esp001_ex	N665	recombination_increase
1420	5	4	71	0.05	1.0	recombination	phlag_dto_eap01_ena4_rev001_ex	N665	recombination_increase
1420	5	4	71	0.05	1.0	recombination	phlag_dto_eap01_ena4_esp001_ex	N665	recombination_increase
1350	0	150	0	0.1	1.0	recombination	phlag_mlt_eap01_ena4_esp010_ex	N418	recombination_increase
1337	13	128	22	0.1	1.0	recombination	phlag_dto_eap01_ena4_free_ex	N418	recombination_increase
1350	0	150	0	0.1	1.0	recombination	phlag_mlt_eap01_ena4_free_ex	N418	recombination_increase
1350	0	150	0	0.1	1.0	recombination	phlag_mlt_eap01_ena4_esp001_ex	N418	recombination_increase
1282	68	129	21	0.1	1.0	recombination	phlag_dto_eap01_ena4_rev0001_ex	N418	recombination_increase
908	442	0	150	0.1	1.0	recombination	phlag_mlt_eap01_ena4_esp005_ex	N418	recombination_increase
1350	0	150	0	0.1	1.0	recombination	phlag_mlt_noprior_noprior_esp001_ex	N418	recombination_increase
1350	0	150	0	0.1	1.0	recombination	phlag_dto_eap01_ena4_esp001	N418	recombination_increase
679	671	86	64	0.1	1.0	recombination	phlag_dto_noprior_noprior_free_ex	N418	recombination_increase
1281	69	129	21	0.1	1.0	recombination	phlag_dto_eap01_ena4_esp005_ex	N418	recombination_increase
1115	235	150	0	0.1	1.0	recombination	phlag_dto_eap005_ena2_esp001_ex	N418	recombination_increase
1111	239	144	6	0.1	1.0	recombination	phlag_dto_eap01_ena4_rev001_ex	N418	recombination_increase
1282	68	129	21	0.1	1.0	recombination	phlag_dto_eap01_ena4_esp001_ex	N418	recombination_increase
1125	0	8	367	0.25	1.0	recombination	phlag_mlt_eap01_ena4_esp010_ex	N709	recombination_increase
1125	0	5	370	0.25	1.0	recombination	phlag_dto_eap01_ena4_free_ex	N709	recombination_increase
1125	0	8	367	0.25	1.0	recombination	phlag_mlt_eap01_ena4_free_ex	N709	recombination_increase
1125	0	8	367	0.25	1.0	recombination	phlag_mlt_eap01_ena4_esp001_ex	N709	recombination_increase
1125	0	5	370	0.25	1.0	recombination	phlag_dto_eap01_ena4_rev0001_ex	N709	recombination_increase
1125	0	8	367	0.25	1.0	recombination	phlag_mlt_eap01_ena4_esp005_ex	N709	recombination_increase
1125	0	8	367	0.25	1.0	recombination	phlag_mlt_noprior_noprior_esp001_ex	N709	recombination_increase
1117	8	4	371	0.25	1.0	recombination	phlag_dto_eap01_ena4_esp001	N709	recombination_increase
1119	6	4	371	0.25	1.0	recombination	phlag_dto_noprior_noprior_free_ex	N709	recombination_increase
1125	0	5	370	0.25	1.0	recombination	phlag_dto_eap01_ena4_esp005_ex	N709	recombination_increase
1119	6	4	371	0.25	1.0	recombination	phlag_dto_eap005_ena2_esp001_ex	N709	recombination_increase
1119	6	4	371	0.25	1.0	recombination	phlag_dto_eap01_ena4_rev001_ex	N709	recombination_increase
1119	6	4	371	0.25	1.0	recombination	phlag_dto_eap01_ena4_esp001_ex	N709	recombination_increase
813	612	75	0	0.05	1.0	recombination	phlag_mlt_eap01_ena4_esp010_ex	N690	recombination_increase
1237	188	1	74	0.05	1.0	recombination	phlag_dto_eap01_ena4_free_ex	N690	recombination_increase
1366	59	75	0	0.05	1.0	recombination	phlag_mlt_eap01_ena4_free_ex	N690	recombination_increase
1366	59	75	0	0.05	1.0	recombination	phlag_mlt_eap01_ena4_esp001_ex	N690	recombination_increase
1252	173	1	74	0.05	1.0	recombination	phlag_dto_eap01_ena4_rev0001_ex	N690	recombination_increase
1291	134	75	0	0.05	1.0	recombination	phlag_mlt_eap01_ena4_esp005_ex	N690	recombination_increase
1366	59	75	0	0.05	1.0	recombination	phlag_mlt_noprior_noprior_esp001_ex	N690	recombination_increase
1402	23	75	0	0.05	1.0	recombination	phlag_dto_eap01_ena4_esp001	N690	recombination_increase
851	574	30	45	0.05	1.0	recombination	phlag_dto_noprior_noprior_free_ex	N690	recombination_increase
814	611	75	0	0.05	1.0	recombination	phlag_dto_eap01_ena4_esp005_ex	N690	recombination_increase
915	510	75	0	0.05	1.0	recombination	phlag_dto_eap005_ena2_esp001_ex	N690	recombination_increase
961	464	0	75	0.05	1.0	recombination	phlag_dto_eap01_ena4_rev001_ex	N690	recombination_increase
1124	301	75	0	0.05	1.0	recombination	phlag_dto_eap01_ena4_esp001_ex	N690	recombination_increase
1275	0	1	224	0.15	1.0	recombination	phlag_mlt_eap01_ena4_esp010_ex	N125	recombination_increase
1274	1	0	225	0.15	1.0	recombination	phlag_dto_eap01_ena4_free_ex	N125	recombination_increase
1275	0	225	0	0.15	1.0	recombination	phlag_mlt_eap01_ena4_free_ex	N125	recombination_increase
1275	0	1	224	0.15	1.0	recombination	phlag_mlt_eap01_ena4_esp001_ex	N125	recombination_increase
1274	1	0	225	0.15	1.0	recombination	phlag_dto_eap01_ena4_rev0001_ex	N125	recombination_increase
1275	0	1	224	0.15	1.0	recombination	phlag_mlt_eap01_ena4_esp005_ex	N125	recombination_increase
1275	0	1	224	0.15	1.0	recombination	phlag_mlt_noprior_noprior_esp001_ex	N125	recombination_increase
1275	0	225	0	0.15	1.0	recombination	phlag_dto_eap01_ena4_esp001	N125	recombination_increase
639	636	113	112	0.15	1.0	recombination	phlag_dto_noprior_noprior_free_ex	N125	recombination_increase
1274	1	0	225	0.15	1.0	recombination	phlag_dto_eap01_ena4_esp005_ex	N125	recombination_increase
1274	1	0	225	0.15	1.0	recombination	phlag_dto_eap005_ena2_esp001_ex	N125	recombination_increase
1274	1	0	225	0.15	1.0	recombination	phlag_dto_eap01_ena4_rev001_ex	N125	recombination_increase
1274	1	0	225	0.15	1.0	recombination	phlag_dto_eap01_ena4_esp001_ex	N125	recombination_increase
1466	4	4	26	0.02	1.0	recombination	phlag_mlt_eap01_ena4_esp010_ex	N665	recombination_increase
1465	5	4	26	0.02	1.0	recombination	phlag_dto_eap01_ena4_free_ex	N665	recombination_increase
1466	4	4	26	0.02	1.0	recombination	phlag_mlt_eap01_ena4_free_ex	N665	recombination_increase
1466	4	4	26	0.02	1.0	recombination	phlag_mlt_eap01_ena4_esp001_ex	N665	recombination_increase
1465	5	4	26	0.02	1.0	recombination	phlag_dto_eap01_ena4_rev0001_ex	N665	recombination_increase
1466	4	2	28	0.02	1.0	recombination	phlag_mlt_eap01_ena4_esp005_ex	N665	recombination_increase
1466	4	4	26	0.02	1.0	recombination	phlag_mlt_noprior_noprior_esp001_ex	N665	recombination_increase
1470	0	4	26	0.02	1.0	recombination	phlag_dto_eap01_ena4_esp001	N665	recombination_increase
1389	81	10	20	0.02	1.0	recombination	phlag_dto_noprior_noprior_free_ex	N665	recombination_increase
1465	5	4	26	0.02	1.0	recombination	phlag_dto_eap01_ena4_esp005_ex	N665	recombination_increase
1465	5	4	26	0.02	1.0	recombination	phlag_dto_eap005_ena2_esp001_ex	N665	recombination_increase
1447	23	2	28	0.02	1.0	recombination	phlag_dto_eap01_ena4_rev001_ex	N665	recombination_increase
1465	5	4	26	0.02	1.0	recombination	phlag_dto_eap01_ena4_esp001_ex	N665	recombination_increase
1470	0	0	30	0.02	1.0	recombination	phlag_mlt_eap01_ena4_esp010_ex	N115	recombination_increase
1470	0	30	0	0.02	1.0	recombination	phlag_dto_eap01_ena4_free_ex	N115	recombination_increase
1470	0	30	0	0.02	1.0	recombination	phlag_mlt_eap01_ena4_free_ex	N115	recombination_increase
1470	0	0	30	0.02	1.0	recombination	phlag_mlt_eap01_ena4_esp001_ex	N115	recombination_increase
1470	0	0	30	0.02	1.0	recombination	phlag_dto_eap01_ena4_rev0001_ex	N115	recombination_increase
1470	0	0	30	0.02	1.0	recombination	phlag_mlt_eap01_ena4_esp005_ex	N115	recombination_increase
1470	0	0	30	0.02	1.0	recombination	phlag_mlt_noprior_noprior_esp001_ex	N115	recombination_increase
1470	0	30	0	0.02	1.0	recombination	phlag_dto_eap01_ena4_esp001	N115	recombination_increase
742	728	16	14	0.02	1.0	recombination	phlag_dto_noprior_noprior_free_ex	N115	recombination_increase
1470	0	0	30	0.02	1.0	recombination	phlag_dto_eap01_ena4_esp005_ex	N115	recombination_increase
1470	0	0	30	0.02	1.0	recombination	phlag_dto_eap005_ena2_esp001_ex	N115	recombination_increase
1470	0	0	30	0.02	1.0	recombination	phlag_dto_eap01_ena4_rev001_ex	N115	recombination_increase
1470	0	0	30	0.02	1.0	recombination	phlag_dto_eap01_ena4_esp001_ex	N115	recombination_increase
1414	56	30	0	0.02	1.0	recombination	phlag_mlt_eap01_ena4_esp010_ex	N274	recombination_increase
1353	117	25	5	0.02	1.0	recombination	phlag_dto_eap01_ena4_free_ex	N274	recombination_increase
1282	188	22	8	0.02	1.0	recombination	phlag_mlt_eap01_ena4_free_ex	N274	recombination_increase
1282	188	25	5	0.02	1.0	recombination	phlag_mlt_eap01_ena4_esp001_ex	N274	recombination_increase
1209	261	30	0	0.02	1.0	recombination	phlag_dto_eap01_ena4_rev0001_ex	N274	recombination_increase
1414	56	30	0	0.02	1.0	recombination	phlag_mlt_eap01_ena4_esp005_ex	N274	recombination_increase
1414	56	30	0	0.02	1.0	recombination	phlag_mlt_noprior_noprior_esp001_ex	N274	recombination_increase
1421	49	30	0	0.02	1.0	recombination	phlag_dto_eap01_ena4_esp001	N274	recombination_increase
1102	368	17	13	0.02	1.0	recombination	phlag_dto_noprior_noprior_free_ex	N274	recombination_increase
1210	260	9	21	0.02	1.0	recombination	phlag_dto_eap01_ena4_esp005_ex	N274	recombination_increase
1209	261	30	0	0.02	1.0	recombination	phlag_dto_eap005_ena2_esp001_ex	N274	recombination_increase
1217	253	30	0	0.02	1.0	recombination	phlag_dto_eap01_ena4_rev001_ex	N274	recombination_increase
1210	260	9	21	0.02	1.0	recombination	phlag_dto_eap01_ena4_esp001_ex	N274	recombination_increase
1125	0	7	368	0.25	1.0	recombination	phlag_mlt_eap01_ena4_esp010_ex	N174	recombination_increase
1125	0	5	370	0.25	1.0	recombination	phlag_dto_eap01_ena4_free_ex	N174	recombination_increase
1125	0	7	368	0.25	1.0	recombination	phlag_mlt_eap01_ena4_free_ex	N174	recombination_increase
1125	0	7	368	0.25	1.0	recombination	phlag_mlt_eap01_ena4_esp001_ex	N174	recombination_increase
1125	0	5	370	0.25	1.0	recombination	phlag_dto_eap01_ena4_rev0001_ex	N174	recombination_increase
1125	0	7	368	0.25	1.0	recombination	phlag_mlt_eap01_ena4_esp005_ex	N174	recombination_increase
1125	0	7	368	0.25	1.0	recombination	phlag_mlt_noprior_noprior_esp001_ex	N174	recombination_increase
1125	0	4	371	0.25	1.0	recombination	phlag_dto_eap01_ena4_esp001	N174	recombination_increase
1125	0	5	370	0.25	1.0	recombination	phlag_dto_noprior_noprior_free_ex	N174	recombination_increase
1125	0	5	370	0.25	1.0	recombination	phlag_dto_eap01_ena4_esp005_ex	N174	recombination_increase
1125	0	5	370	0.25	1.0	recombination	phlag_dto_eap005_ena2_esp001_ex	N174	recombination_increase
1125	0	5	370	0.25	1.0	recombination	phlag_dto_eap01_ena4_rev001_ex	N174	recombination_increase
1125	0	5	370	0.25	1.0	recombination	phlag_dto_eap01_ena4_esp001_ex	N174	recombination_increase
1350	0	8	142	0.1	1.0	recombination	phlag_mlt_eap01_ena4_esp010_ex	N709	recombination_increase
1350	0	7	143	0.1	1.0	recombination	phlag_dto_eap01_ena4_free_ex	N709	recombination_increase
1350	0	7	143	0.1	1.0	recombination	phlag_mlt_eap01_ena4_free_ex	N709	recombination_increase
1350	0	7	143	0.1	1.0	recombination	phlag_mlt_eap01_ena4_esp001_ex	N709	recombination_increase
1350	0	7	143	0.1	1.0	recombination	phlag_dto_eap01_ena4_rev0001_ex	N709	recombination_increase
1350	0	8	142	0.1	1.0	recombination	phlag_mlt_eap01_ena4_esp005_ex	N709	recombination_increase
1350	0	7	143	0.1	1.0	recombination	phlag_mlt_noprior_noprior_esp001_ex	N709	recombination_increase
1350	0	8	142	0.1	1.0	recombination	phlag_dto_eap01_ena4_esp001	N709	recombination_increase
737	613	33	117	0.1	1.0	recombination	phlag_dto_noprior_noprior_free_ex	N709	recombination_increase
1350	0	7	143	0.1	1.0	recombination	phlag_dto_eap01_ena4_esp005_ex	N709	recombination_increase
1350	0	7	143	0.1	1.0	recombination	phlag_dto_eap005_ena2_esp001_ex	N709	recombination_increase
1350	0	7	143	0.1	1.0	recombination	phlag_dto_eap01_ena4_rev001_ex	N709	recombination_increase
1350	0	7	143	0.1	1.0	recombination	phlag_dto_eap01_ena4_esp001_ex	N709	recombination_increase
1463	7	30	0	0.02	1.0	recombination	phlag_mlt_eap01_ena4_esp010_ex	N716	recombination_increase
1247	223	0	30	0.02	1.0	recombination	phlag_dto_eap01_ena4_free_ex	N716	recombination_increase
1435	35	30	0	0.02	1.0	recombination	phlag_mlt_eap01_ena4_free_ex	N716	recombination_increase
1463	7	30	0	0.02	1.0	recombination	phlag_mlt_eap01_ena4_esp001_ex	N716	recombination_increase
1470	0	30	0	0.02	1.0	recombination	phlag_dto_eap01_ena4_rev0001_ex	N716	recombination_increase
1239	231	30	0	0.02	1.0	recombination	phlag_mlt_eap01_ena4_esp005_ex	N716	recombination_increase
1470	0	30	0	0.02	1.0	recombination	phlag_mlt_noprior_noprior_esp001_ex	N716	recombination_increase
1387	83	30	0	0.02	1.0	recombination	phlag_dto_eap01_ena4_esp001	N716	recombination_increase
786	684	21	9	0.02	1.0	recombination	phlag_dto_noprior_noprior_free_ex	N716	recombination_increase
1470	0	30	0	0.02	1.0	recombination	phlag_dto_eap01_ena4_esp005_ex	N716	recombination_increase
1470	0	30	0	0.02	1.0	recombination	phlag_dto_eap005_ena2_esp001_ex	N716	recombination_increase
1470	0	30	0	0.02	1.0	recombination	phlag_dto_eap01_ena4_rev001_ex	N716	recombination_increase
1470	0	30	0	0.02	1.0	recombination	phlag_dto_eap01_ena4_esp001_ex	N716	recombination_increase
