0	1425	0	75	0.05	1.0	recombination	phylter_k_050	N397	recombination_increase
1370	55	73	2	0.05	1.0	recombination	phylter_k_155	N397	recombination_increase
1	1424	0	75	0.05	1.0	recombination	phylter_k_020	N397	recombination_increase
1420	5	75	0	0.05	1.0	recombination	phylter_k_300	N397	recombination_increase
1367	58	73	2	0.05	1.0	recombination	phylter_k_155	N274	recombination_increase
0	1425	0	75	0.05	1.0	recombination	phylter_k_020	N274	recombination_increase
1423	2	75	0	0.05	1.0	recombination	phylter_k_300	N274	recombination_increase
0	1425	0	75	0.05	1.0	recombination	phylter_k_050	N274	recombination_increase
1	1424	0	75	0.05	1.0	recombination	phylter_k_050	N639	recombination_increase
1379	46	74	1	0.05	1.0	recombination	phylter_k_155	N639	recombination_increase
1420	5	75	0	0.05	1.0	recombination	phylter_k_300	N639	recombination_increase
273	1152	18	57	0.05	1.0	recombination	phylter_k_020	N639	recombination_increase
1278	72	144	6	0.1	1.0	recombination	phylter_k_155	N151	recombination_increase
1	1349	0	150	0.1	1.0	recombination	phylter_k_020	N151	recombination_increase
1344	6	149	1	0.1	1.0	recombination	phylter_k_300	N151	recombination_increase
0	1350	0	150	0.1	1.0	recombination	phylter_k_050	N151	recombination_increase
1410	60	28	2	0.02	1.0	recombination	phylter_k_155	N249	recombination_increase
2	1468	0	30	0.02	1.0	recombination	phylter_k_020	N249	recombination_increase
1469	1	30	0	0.02	1.0	recombination	phylter_k_300	N249	recombination_increase
0	1470	0	30	0.02	1.0	recombination	phylter_k_050	N249	recombination_increase
1403	67	28	2	0.02	1.0	recombination	phylter_k_155	N703	recombination_increase
0	1470	0	30	0.02	1.0	recombination	phylter_k_020	N703	recombination_increase
1465	5	30	0	0.02	1.0	recombination	phylter_k_300	N703	recombination_increase
0	1470	0	30	0.02	1.0	recombination	phylter_k_050	N703	recombination_increase
0	1470	0	30	0.02	1.0	recombination	phylter_k_020	N709	recombination_increase
1465	5	30	0	0.02	1.0	recombination	phylter_k_300	N709	recombination_increase
1419	51	29	1	0.02	1.0	recombination	phylter_k_155	N709	recombination_increase
0	1470	0	30	0.02	1.0	recombination	phylter_k_050	N709	recombination_increase
0	1125	0	375	0.25	1.0	recombination	phylter_k_050	N282	recombination_increase
1074	51	362	13	0.25	1.0	recombination	phylter_k_155	N282	recombination_increase
0	1125	0	375	0.25	1.0	recombination	phylter_k_020	N282	recombination_increase
1123	2	371	4	0.25	1.0	recombination	phylter_k_300	N282	recombination_increase
0	1275	0	225	0.15	1.0	recombination	phylter_k_020	N716	recombination_increase
1270	5	225	0	0.15	1.0	recombination	phylter_k_300	N716	recombination_increase
1257	18	224	1	0.15	1.0	recombination	phylter_k_155	N716	recombination_increase
0	1275	0	225	0.15	1.0	recombination	phylter_k_050	N716	recombination_increase
6	1119	2	373	0.25	1.0	recombination	phylter_k_050	N555	recombination_increase
1078	47	365	10	0.25	1.0	recombination	phylter_k_155	N555	recombination_increase
1120	5	375	0	0.25	1.0	recombination	phylter_k_300	N555	recombination_increase
62	1063	13	362	0.25	1.0	recombination	phylter_k_020	N555	recombination_increase
0	1350	0	150	0.1	1.0	recombination	phylter_k_050	N187	recombination_increase
1302	48	147	3	0.1	1.0	recombination	phylter_k_155	N187	recombination_increase
0	1350	0	150	0.1	1.0	recombination	phylter_k_020	N187	recombination_increase
1347	3	150	0	0.1	1.0	recombination	phylter_k_300	N187	recombination_increase
0	1275	0	225	0.15	1.0	recombination	phylter_k_050	N174	recombination_increase
1207	68	218	7	0.15	1.0	recombination	phylter_k_155	N174	recombination_increase
2	1273	1	224	0.15	1.0	recombination	phylter_k_020	N174	recombination_increase
1271	4	223	2	0.15	1.0	recombination	phylter_k_300	N174	recombination_increase
1423	2	75	0	0.05	1.0	recombination	phylter_k_300	N113	recombination_increase
3	1422	0	75	0.05	1.0	recombination	phylter_k_020	N113	recombination_increase
1382	43	74	1	0.05	1.0	recombination	phylter_k_155	N113	recombination_increase
0	1425	0	75	0.05	1.0	recombination	phylter_k_050	N113	recombination_increase
1168	32	298	2	0.2	1.0	recombination	phylter_k_155	N709	recombination_increase
0	1200	0	300	0.2	1.0	recombination	phylter_k_020	N709	recombination_increase
1195	5	300	0	0.2	1.0	recombination	phylter_k_300	N709	recombination_increase
0	1200	0	300	0.2	1.0	recombination	phylter_k_050	N709	recombination_increase
0	1425	0	75	0.05	1.0	recombination	phylter_k_050	N228	recombination_increase
1423	2	75	0	0.05	1.0	recombination	phylter_k_300	N228	recombination_increase
1	1424	0	75	0.05	1.0	recombination	phylter_k_020	N228	recombination_increase
1368	57	72	3	0.05	1.0	recombination	phylter_k_155	N228	recombination_increase
0	1275	0	225	0.15	1.0	recombination	phylter_k_050	N238	recombination_increase
1200	75	218	7	0.15	1.0	recombination	phylter_k_155	N238	recombination_increase
1271	4	225	0	0.15	1.0	recombination	phylter_k_300	N238	recombination_increase
0	1275	0	225	0.15	1.0	recombination	phylter_k_020	N238	recombination_increase
0	1200	0	300	0.2	1.0	recombination	phylter_k_050	N249	recombination_increase
0	1200	1	299	0.2	1.0	recombination	phylter_k_020	N249	recombination_increase
1197	3	300	0	0.2	1.0	recombination	phylter_k_300	N249	recombination_increase
1152	48	288	12	0.2	1.0	recombination	phylter_k_155	N249	recombination_increase
0	1200	0	300	0.2	1.0	recombination	phylter_k_050	N703	recombination_increase
1162	38	296	4	0.2	1.0	recombination	phylter_k_155	N703	recombination_increase
0	1200	0	300	0.2	1.0	recombination	phylter_k_020	N703	recombination_increase
1194	6	300	0	0.2	1.0	recombination	phylter_k_300	N703	recombination_increase
14	1411	0	75	0.05	1.0	recombination	phylter_k_020	N665	recombination_increase
1420	5	75	0	0.05	1.0	recombination	phylter_k_300	N665	recombination_increase
1381	44	74	1	0.05	1.0	recombination	phylter_k_155	N665	recombination_increase
2	1423	0	75	0.05	1.0	recombination	phylter_k_050	N665	recombination_increase
1048	77	353	22	0.25	1.0	recombination	phylter_k_155	N176	recombination_increase
1	1124	1	374	0.25	1.0	recombination	phylter_k_020	N176	recombination_increase
1122	3	374	1	0.25	1.0	recombination	phylter_k_300	N176	recombination_increase
0	1125	0	375	0.25	1.0	recombination	phylter_k_050	N176	recombination_increase
0	1425	0	75	0.05	1.0	recombination	phylter_k_050	N461	recombination_increase
1389	36	73	2	0.05	1.0	recombination	phylter_k_155	N461	recombination_increase
1422	3	75	0	0.05	1.0	recombination	phylter_k_300	N461	recombination_increase
30	1395	3	72	0.05	1.0	recombination	phylter_k_020	N461	recombination_increase
1340	85	71	4	0.05	1.0	recombination	phylter_k_155	N151	recombination_increase
0	1425	0	75	0.05	1.0	recombination	phylter_k_020	N151	recombination_increase
1420	5	74	1	0.05	1.0	recombination	phylter_k_300	N151	recombination_increase
0	1425	0	75	0.05	1.0	recombination	phylter_k_050	N151	recombination_increase
1169	31	297	3	0.2	1.0	recombination	phylter_k_155	N407	recombination_increase
3	1197	0	300	0.2	1.0	recombination	phylter_k_020	N407	recombination_increase
1198	2	300	0	0.2	1.0	recombination	phylter_k_300	N407	recombination_increase
0	1200	0	300	0.2	1.0	recombination	phylter_k_050	N407	recombination_increase
0	1350	0	150	0.1	1.0	recombination	phylter_k_020	N274	recombination_increase
1347	3	150	0	0.1	1.0	recombination	phylter_k_300	N274	recombination_increase
1286	64	147	3	0.1	1.0	recombination	phylter_k_155	N274	recombination_increase
0	1350	0	150	0.1	1.0	recombination	phylter_k_050	N274	recombination_increase
0	1350	0	150	0.1	1.0	recombination	phylter_k_050	N397	recombination_increase
1295	55	146	4	0.1	1.0	recombination	phylter_k_155	N397	recombination_increase
0	1350	0	150	0.1	1.0	recombination	phylter_k_020	N397	recombination_increase
1342	8	150	0	0.1	1.0	recombination	phylter_k_300	N397	recombination_increase
0	1470	0	30	0.02	1.0	recombination	phylter_k_050	N717	recombination_increase
1431	39	28	2	0.02	1.0	recombination	phylter_k_155	N717	recombination_increase
0	1470	0	30	0.02	1.0	recombination	phylter_k_020	N717	recombination_increase
1465	5	30	0	0.02	1.0	recombination	phylter_k_300	N717	recombination_increase
0	1350	0	150	0.1	1.0	recombination	phylter_k_050	N639	recombination_increase
1345	5	150	0	0.1	1.0	recombination	phylter_k_300	N639	recombination_increase
270	1080	37	113	0.1	1.0	recombination	phylter_k_020	N639	recombination_increase
1325	25	149	1	0.1	1.0	recombination	phylter_k_155	N639	recombination_increase
1165	35	295	5	0.2	1.0	recombination	phylter_k_155	N690	recombination_increase
1195	5	300	0	0.2	1.0	recombination	phylter_k_300	N690	recombination_increase
4	1196	1	299	0.2	1.0	recombination	phylter_k_020	N690	recombination_increase
0	1200	0	300	0.2	1.0	recombination	phylter_k_050	N690	recombination_increase
0	1425	0	75	0.05	1.0	recombination	phylter_k_050	N187	recombination_increase
1377	48	74	1	0.05	1.0	recombination	phylter_k_155	N187	recombination_increase
0	1425	0	75	0.05	1.0	recombination	phylter_k_020	N187	recombination_increase
1422	3	75	0	0.05	1.0	recombination	phylter_k_300	N187	recombination_increase
0	1470	0	30	0.02	1.0	recombination	phylter_k_050	N188	recombination_increase
0	1470	0	30	0.02	1.0	recombination	phylter_k_020	N188	recombination_increase
1467	3	30	0	0.02	1.0	recombination	phylter_k_300	N188	recombination_increase
1394	76	26	4	0.02	1.0	recombination	phylter_k_155	N188	recombination_increase
0	1350	0	150	0.1	1.0	recombination	phylter_k_050	N113	recombination_increase
1290	60	146	4	0.1	1.0	recombination	phylter_k_155	N113	recombination_increase
1349	1	149	1	0.1	1.0	recombination	phylter_k_300	N113	recombination_increase
3	1347	0	150	0.1	1.0	recombination	phylter_k_020	N113	recombination_increase
1242	33	220	5	0.15	1.0	recombination	phylter_k_155	N418	recombination_increase
1273	2	225	0	0.15	1.0	recombination	phylter_k_300	N418	recombination_increase
0	1275	0	225	0.15	1.0	recombination	phylter_k_020	N418	recombination_increase
0	1275	0	225	0.15	1.0	recombination	phylter_k_050	N418	recombination_increase
0	1275	0	225	0.15	1.0	recombination	phylter_k_050	N125	recombination_increase
1264	11	225	0	0.15	1.0	recombination	phylter_k_300	N125	recombination_increase
0	1275	0	225	0.15	1.0	recombination	phylter_k_020	N125	recombination_increase
1168	107	208	17	0.15	1.0	recombination	phylter_k_155	N125	recombination_increase
0	1470	0	30	0.02	1.0	recombination	phylter_k_020	N407	recombination_increase
1467	3	30	0	0.02	1.0	recombination	phylter_k_300	N407	recombination_increase
1412	58	29	1	0.02	1.0	recombination	phylter_k_155	N407	recombination_increase
0	1470	0	30	0.02	1.0	recombination	phylter_k_050	N407	recombination_increase
0	1125	0	375	0.25	1.0	recombination	phylter_k_050	N115	recombination_increase
0	1125	0	375	0.25	1.0	recombination	phylter_k_020	N115	recombination_increase
1124	1	375	0	0.25	1.0	recombination	phylter_k_300	N115	recombination_increase
1091	34	367	8	0.25	1.0	recombination	phylter_k_155	N115	recombination_increase
0	1200	0	300	0.2	1.0	recombination	phylter_k_020	N717	recombination_increase
1193	7	300	0	0.2	1.0	recombination	phylter_k_300	N717	recombination_increase
1177	23	293	7	0.2	1.0	recombination	phylter_k_155	N717	recombination_increase
0	1200	0	300	0.2	1.0	recombination	phylter_k_050	N717	recombination_increase
0	1470	0	30	0.02	1.0	recombination	phylter_k_050	N690	recombination_increase
1409	61	27	3	0.02	1.0	recombination	phylter_k_155	N690	recombination_increase
1465	5	30	0	0.02	1.0	recombination	phylter_k_300	N690	recombination_increase
0	1470	0	30	0.02	1.0	recombination	phylter_k_020	N690	recombination_increase
1117	83	282	18	0.2	1.0	recombination	phylter_k_155	N188	recombination_increase
0	1200	0	300	0.2	1.0	recombination	phylter_k_020	N188	recombination_increase
1197	3	299	1	0.2	1.0	recombination	phylter_k_300	N188	recombination_increase
0	1200	0	300	0.2	1.0	recombination	phylter_k_050	N188	recombination_increase
0	1350	0	150	0.1	1.0	recombination	phylter_k_050	N461	recombination_increase
13	1337	2	148	0.1	1.0	recombination	phylter_k_020	N461	recombination_increase
1342	8	148	2	0.1	1.0	recombination	phylter_k_300	N461	recombination_increase
1328	22	148	2	0.1	1.0	recombination	phylter_k_155	N461	recombination_increase
0	1350	0	150	0.1	1.0	recombination	phylter_k_050	N228	recombination_increase
1299	51	146	4	0.1	1.0	recombination	phylter_k_155	N228	recombination_increase
1348	2	150	0	0.1	1.0	recombination	phylter_k_300	N228	recombination_increase
1	1349	0	150	0.1	1.0	recombination	phylter_k_020	N228	recombination_increase
15	1335	1	149	0.1	1.0	recombination	phylter_k_050	N665	recombination_increase
1313	37	145	5	0.1	1.0	recombination	phylter_k_155	N665	recombination_increase
216	1134	16	134	0.1	1.0	recombination	phylter_k_020	N665	recombination_increase
1345	5	150	0	0.1	1.0	recombination	phylter_k_300	N665	recombination_increase
1422	3	73	2	0.05	1.0	recombination	phylter_k_300	N174	recombination_increase
0	1425	0	75	0.05	1.0	recombination	phylter_k_020	N174	recombination_increase
1367	58	71	4	0.05	1.0	recombination	phylter_k_155	N174	recombination_increase
0	1425	0	75	0.05	1.0	recombination	phylter_k_050	N174	recombination_increase
1275	0	223	2	0.15	1.0	recombination	phylter_k_300	N113	recombination_increase
2	1273	1	224	0.15	1.0	recombination	phylter_k_020	N113	recombination_increase
1238	37	219	6	0.15	1.0	recombination	phylter_k_155	N113	recombination_increase
0	1275	0	225	0.15	1.0	recombination	phylter_k_050	N113	recombination_increase
0	1200	0	300	0.2	1.0	recombination	phylter_k_050	N115	recombination_increase
1200	0	300	0	0.2	1.0	recombination	phylter_k_300	N115	recombination_increase
0	1200	0	300	0.2	1.0	recombination	phylter_k_020	N115	recombination_increase
1161	39	294	6	0.2	1.0	recombination	phylter_k_155	N115	recombination_increase
0	1350	0	150	0.1	1.0	recombination	phylter_k_050	N125	recombination_increase
1242	108	138	12	0.1	1.0	recombination	phylter_k_155	N125	recombination_increase
0	1350	0	150	0.1	1.0	recombination	phylter_k_020	N125	recombination_increase
1338	12	150	0	0.1	1.0	recombination	phylter_k_300	N125	recombination_increase
0	1350	0	150	0.1	1.0	recombination	phylter_k_050	N418	recombination_increase
1347	3	150	0	0.1	1.0	recombination	phylter_k_300	N418	recombination_increase
0	1350	0	150	0.1	1.0	recombination	phylter_k_020	N418	recombination_increase
1318	32	147	3	0.1	1.0	recombination	phylter_k_155	N418	recombination_increase
0	1125	0	375	0.25	1.0	recombination	phylter_k_050	N717	recombination_increase
1120	5	375	0	0.25	1.0	recombination	phylter_k_300	N717	recombination_increase
0	1125	0	375	0.25	1.0	recombination	phylter_k_020	N717	recombination_increase
1093	32	367	8	0.25	1.0	recombination	phylter_k_155	N717	recombination_increase
1121	4	373	2	0.25	1.0	recombination	phylter_k_300	N188	recombination_increase
0	1125	0	375	0.25	1.0	recombination	phylter_k_020	N188	recombination_increase
1053	72	358	17	0.25	1.0	recombination	phylter_k_155	N188	recombination_increase
0	1125	0	375	0.25	1.0	recombination	phylter_k_050	N188	recombination_increase
147	1128	22	203	0.15	1.0	recombination	phylter_k_020	N461	recombination_increase
1271	4	225	0	0.15	1.0	recombination	phylter_k_300	N461	recombination_increase
1255	20	220	5	0.15	1.0	recombination	phylter_k_155	N461	recombination_increase
0	1275	0	225	0.15	1.0	recombination	phylter_k_050	N461	recombination_increase
0	1275	0	225	0.15	1.0	recombination	phylter_k_050	N228	recombination_increase
1273	2	225	0	0.15	1.0	recombination	phylter_k_300	N228	recombination_increase
1	1274	0	225	0.15	1.0	recombination	phylter_k_020	N228	recombination_increase
1222	53	218	7	0.15	1.0	recombination	phylter_k_155	N228	recombination_increase
0	1425	0	75	0.05	1.0	recombination	phylter_k_020	N238	recombination_increase
1423	2	75	0	0.05	1.0	recombination	phylter_k_300	N238	recombination_increase
1358	67	74	1	0.05	1.0	recombination	phylter_k_155	N238	recombination_increase
0	1425	0	75	0.05	1.0	recombination	phylter_k_050	N238	recombination_increase
1234	41	218	7	0.15	1.0	recombination	phylter_k_155	N665	recombination_increase
397	878	66	159	0.15	1.0	recombination	phylter_k_020	N665	recombination_increase
1270	5	225	0	0.15	1.0	recombination	phylter_k_300	N665	recombination_increase
55	1220	10	215	0.15	1.0	recombination	phylter_k_050	N665	recombination_increase
1469	1	30	0	0.02	1.0	recombination	phylter_k_300	N115	recombination_increase
0	1470	0	30	0.02	1.0	recombination	phylter_k_020	N115	recombination_increase
1417	53	30	0	0.02	1.0	recombination	phylter_k_155	N115	recombination_increase
0	1470	0	30	0.02	1.0	recombination	phylter_k_050	N115	recombination_increase
0	1125	0	375	0.25	1.0	recombination	phylter_k_020	N407	recombination_increase
1122	3	375	0	0.25	1.0	recombination	phylter_k_300	N407	recombination_increase
1101	24	373	2	0.25	1.0	recombination	phylter_k_155	N407	recombination_increase
0	1125	0	375	0.25	1.0	recombination	phylter_k_050	N407	recombination_increase
0	1275	0	225	0.15	1.0	recombination	phylter_k_050	N397	recombination_increase
0	1275	0	225	0.15	1.0	recombination	phylter_k_020	N397	recombination_increase
1270	5	225	0	0.15	1.0	recombination	phylter_k_300	N397	recombination_increase
1228	47	220	5	0.15	1.0	recombination	phylter_k_155	N397	recombination_increase
0	1275	0	225	0.15	1.0	recombination	phylter_k_050	N274	recombination_increase
1234	41	221	4	0.15	1.0	recombination	phylter_k_155	N274	recombination_increase
0	1275	0	225	0.15	1.0	recombination	phylter_k_020	N274	recombination_increase
1273	2	225	0	0.15	1.0	recombination	phylter_k_300	N274	recombination_increase
0	1125	0	375	0.25	1.0	recombination	phylter_k_050	N690	recombination_increase
1086	39	368	7	0.25	1.0	recombination	phylter_k_155	N690	recombination_increase
1120	5	375	0	0.25	1.0	recombination	phylter_k_300	N690	recombination_increase
0	1125	0	375	0.25	1.0	recombination	phylter_k_020	N690	recombination_increase
438	837	86	139	0.15	1.0	recombination	phylter_k_020	N639	recombination_increase
1270	5	225	0	0.15	1.0	recombination	phylter_k_300	N639	recombination_increase
1244	31	222	3	0.15	1.0	recombination	phylter_k_155	N639	recombination_increase
8	1267	5	220	0.15	1.0	recombination	phylter_k_050	N639	recombination_increase
0	1425	0	75	0.05	1.0	recombination	phylter_k_050	N716	recombination_increase
1419	6	75	0	0.05	1.0	recombination	phylter_k_300	N716	recombination_increase
0	1425	0	75	0.05	1.0	recombination	phylter_k_020	N716	recombination_increase
1387	38	74	1	0.05	1.0	recombination	phylter_k_155	N716	recombination_increase
0	1425	0	75	0.05	1.0	recombination	phylter_k_050	N71	recombination_increase
1390	35	71	4	0.05	1.0	recombination	phylter_k_155	N71	recombination_increase
0	1425	0	75	0.05	1.0	recombination	phylter_k_020	N71	recombination_increase
1423	2	74	1	0.05	1.0	recombination	phylter_k_300	N71	recombination_increase
1282	68	144	6	0.1	1.0	recombination	phylter_k_155	N174	recombination_increase
3	1347	0	150	0.1	1.0	recombination	phylter_k_020	N174	recombination_increase
1343	7	148	2	0.1	1.0	recombination	phylter_k_300	N174	recombination_increase
0	1350	0	150	0.1	1.0	recombination	phylter_k_050	N174	recombination_increase
0	1425	0	75	0.05	1.0	recombination	phylter_k_050	N418	recombination_increase
1421	4	75	0	0.05	1.0	recombination	phylter_k_300	N418	recombination_increase
0	1425	0	75	0.05	1.0	recombination	phylter_k_020	N418	recombination_increase
1372	53	75	0	0.05	1.0	recombination	phylter_k_155	N418	recombination_increase
0	1425	0	75	0.05	1.0	recombination	phylter_k_020	N125	recombination_increase
1413	12	75	0	0.05	1.0	recombination	phylter_k_300	N125	recombination_increase
1320	105	67	8	0.05	1.0	recombination	phylter_k_155	N125	recombination_increase
0	1425	0	75	0.05	1.0	recombination	phylter_k_050	N125	recombination_increase
0	1350	0	150	0.1	1.0	recombination	phylter_k_020	N238	recombination_increase
1348	2	150	0	0.1	1.0	recombination	phylter_k_300	N238	recombination_increase
1282	68	146	4	0.1	1.0	recombination	phylter_k_155	N238	recombination_increase
0	1350	0	150	0.1	1.0	recombination	phylter_k_050	N238	recombination_increase
0	1470	0	30	0.02	1.0	recombination	phylter_k_050	N282	recombination_increase
0	1470	0	30	0.02	1.0	recombination	phylter_k_020	N282	recombination_increase
1468	2	30	0	0.02	1.0	recombination	phylter_k_300	N282	recombination_increase
1372	98	27	3	0.02	1.0	recombination	phylter_k_155	N282	recombination_increase
0	1125	0	375	0.25	1.0	recombination	phylter_k_020	N709	recombination_increase
1120	5	375	0	0.25	1.0	recombination	phylter_k_300	N709	recombination_increase
1101	24	373	2	0.25	1.0	recombination	phylter_k_155	N709	recombination_increase
0	1125	0	375	0.25	1.0	recombination	phylter_k_050	N709	recombination_increase
0	1125	0	375	0.25	1.0	recombination	phylter_k_050	N703	recombination_increase
0	1125	0	375	0.25	1.0	recombination	phylter_k_020	N703	recombination_increase
1120	5	375	0	0.25	1.0	recombination	phylter_k_300	N703	recombination_increase
1095	30	370	5	0.25	1.0	recombination	phylter_k_155	N703	recombination_increase
1091	34	360	15	0.25	1.0	recombination	phylter_k_155	N249	recombination_increase
1123	2	375	0	0.25	1.0	recombination	phylter_k_300	N249	recombination_increase
0	1125	0	375	0.25	1.0	recombination	phylter_k_020	N249	recombination_increase
1	1124	0	375	0.25	1.0	recombination	phylter_k_050	N249	recombination_increase
1140	60	290	10	0.2	1.0	recombination	phylter_k_155	N176	recombination_increase
0	1200	0	300	0.2	1.0	recombination	phylter_k_020	N176	recombination_increase
1198	2	299	1	0.2	1.0	recombination	phylter_k_300	N176	recombination_increase
0	1200	0	300	0.2	1.0	recombination	phylter_k_050	N176	recombination_increase
10	1460	0	30	0.02	1.0	recombination	phylter_k_020	N555	recombination_increase
1465	5	30	0	0.02	1.0	recombination	phylter_k_300	N555	recombination_increase
1419	51	30	0	0.02	1.0	recombination	phylter_k_155	N555	recombination_increase
6	1464	0	30	0.02	1.0	recombination	phylter_k_050	N555	recombination_increase
0	1275	0	225	0.15	1.0	recombination	phylter_k_050	N151	recombination_increase
1205	70	216	9	0.15	1.0	recombination	phylter_k_155	N151	recombination_increase
0	1275	0	225	0.15	1.0	recombination	phylter_k_020	N151	recombination_increase
1270	5	224	1	0.15	1.0	recombination	phylter_k_300	N151	recombination_increase
0	1350	0	150	0.1	1.0	recombination	phylter_k_050	N716	recombination_increase
1346	4	150	0	0.1	1.0	recombination	phylter_k_300	N716	recombination_increase
0	1350	0	150	0.1	1.0	recombination	phylter_k_020	N716	recombination_increase
1321	29	149	1	0.1	1.0	recombination	phylter_k_155	N716	recombination_increase
0	1200	0	300	0.2	1.0	recombination	phylter_k_050	N282	recombination_increase
0	1200	0	300	0.2	1.0	recombination	phylter_k_020	N282	recombination_increase
1197	3	296	4	0.2	1.0	recombination	phylter_k_300	N282	recombination_increase
1146	54	287	13	0.2	1.0	recombination	phylter_k_155	N282	recombination_increase
1221	54	217	8	0.15	1.0	recombination	phylter_k_155	N187	recombination_increase
0	1275	0	225	0.15	1.0	recombination	phylter_k_020	N187	recombination_increase
1273	2	225	0	0.15	1.0	recombination	phylter_k_300	N187	recombination_increase
0	1275	0	225	0.15	1.0	recombination	phylter_k_050	N187	recombination_increase
0	1470	0	30	0.02	1.0	recombination	phylter_k_050	N176	recombination_increase
1467	3	30	0	0.02	1.0	recombination	phylter_k_300	N176	recombination_increase
1	1469	0	30	0.02	1.0	recombination	phylter_k_020	N176	recombination_increase
1397	73	29	1	0.02	1.0	recombination	phylter_k_155	N176	recombination_increase
1171	29	293	7	0.2	1.0	recombination	phylter_k_155	N555	recombination_increase
1193	7	300	0	0.2	1.0	recombination	phylter_k_300	N555	recombination_increase
32	1168	8	292	0.2	1.0	recombination	phylter_k_020	N555	recombination_increase
14	1186	2	298	0.2	1.0	recombination	phylter_k_050	N555	recombination_increase
1302	48	142	8	0.1	1.0	recombination	phylter_k_155	N555	recombination_increase
12	1338	3	147	0.1	1.0	recombination	phylter_k_020	N555	recombination_increase
1345	5	150	0	0.1	1.0	recombination	phylter_k_300	N555	recombination_increase
3	1347	1	149	0.1	1.0	recombination	phylter_k_050	N555	recombination_increase
0	1125	0	375	0.25	1.0	recombination	phylter_k_050	N187	recombination_increase
1085	40	368	7	0.25	1.0	recombination	phylter_k_155	N187	recombination_increase
1123	2	375	0	0.25	1.0	recombination	phylter_k_300	N187	recombination_increase
0	1125	0	375	0.25	1.0	recombination	phylter_k_020	N187	recombination_increase
1273	77	142	8	0.1	1.0	recombination	phylter_k_155	N282	recombination_increase
1348	2	149	1	0.1	1.0	recombination	phylter_k_300	N282	recombination_increase
1	1349	0	150	0.1	1.0	recombination	phylter_k_020	N282	recombination_increase
0	1350	0	150	0.1	1.0	recombination	phylter_k_050	N282	recombination_increase
0	1470	0	30	0.02	1.0	recombination	phylter_k_050	N238	recombination_increase
1414	56	29	1	0.02	1.0	recombination	phylter_k_155	N238	recombination_increase
0	1470	0	30	0.02	1.0	recombination	phylter_k_020	N238	recombination_increase
1468	2	30	0	0.02	1.0	recombination	phylter_k_300	N238	recombination_increase
1198	2	300	0	0.2	1.0	recombination	phylter_k_300	N716	recombination_increase
0	1200	0	300	0.2	1.0	recombination	phylter_k_020	N716	recombination_increase
1188	12	300	0	0.2	1.0	recombination	phylter_k_155	N716	recombination_increase
0	1200	0	300	0.2	1.0	recombination	phylter_k_050	N716	recombination_increase
0	1125	0	375	0.25	1.0	recombination	phylter_k_050	N151	recombination_increase
1124	1	374	1	0.25	1.0	recombination	phylter_k_300	N151	recombination_increase
1	1124	0	375	0.25	1.0	recombination	phylter_k_020	N151	recombination_increase
1081	44	366	9	0.25	1.0	recombination	phylter_k_155	N151	recombination_increase
1401	69	29	1	0.02	1.0	recombination	phylter_k_155	N174	recombination_increase
1467	3	30	0	0.02	1.0	recombination	phylter_k_300	N174	recombination_increase
0	1470	0	30	0.02	1.0	recombination	phylter_k_020	N174	recombination_increase
0	1470	0	30	0.02	1.0	recombination	phylter_k_050	N174	recombination_increase
1323	27	143	7	0.1	1.0	recombination	phylter_k_155	N71	recombination_increase
0	1350	0	150	0.1	1.0	recombination	phylter_k_020	N71	recombination_increase
1348	2	149	1	0.1	1.0	recombination	phylter_k_300	N71	recombination_increase
0	1350	0	150	0.1	1.0	recombination	phylter_k_050	N71	recombination_increase
1347	3	150	0	0.1	1.0	recombination	phylter_k_300	N176	recombination_increase
0	1350	0	150	0.1	1.0	recombination	phylter_k_020	N176	recombination_increase
1275	75	147	3	0.1	1.0	recombination	phylter_k_155	N176	recombination_increase
0	1350	0	150	0.1	1.0	recombination	phylter_k_050	N176	recombination_increase
0	1275	0	225	0.15	1.0	recombination	phylter_k_050	N709	recombination_increase
0	1275	0	225	0.15	1.0	recombination	phylter_k_020	N709	recombination_increase
1270	5	225	0	0.15	1.0	recombination	phylter_k_300	N709	recombination_increase
1242	33	223	2	0.15	1.0	recombination	phylter_k_155	N709	recombination_increase
0	1470	0	30	0.02	1.0	recombination	phylter_k_050	N716	recombination_increase
1434	36	29	1	0.02	1.0	recombination	phylter_k_155	N716	recombination_increase
0	1470	0	30	0.02	1.0	recombination	phylter_k_020	N716	recombination_increase
1465	5	30	0	0.02	1.0	recombination	phylter_k_300	N716	recombination_increase
0	1200	0	300	0.2	1.0	recombination	phylter_k_020	N238	recombination_increase
1196	4	300	0	0.2	1.0	recombination	phylter_k_300	N238	recombination_increase
1160	40	294	6	0.2	1.0	recombination	phylter_k_155	N238	recombination_increase
0	1200	0	300	0.2	1.0	recombination	phylter_k_050	N238	recombination_increase
1235	40	216	9	0.15	1.0	recombination	phylter_k_155	N249	recombination_increase
1	1274	0	225	0.15	1.0	recombination	phylter_k_020	N249	recombination_increase
1273	2	225	0	0.15	1.0	recombination	phylter_k_300	N249	recombination_increase
1	1274	0	225	0.15	1.0	recombination	phylter_k_050	N249	recombination_increase
0	1275	0	225	0.15	1.0	recombination	phylter_k_050	N703	recombination_increase
1235	40	221	4	0.15	1.0	recombination	phylter_k_155	N703	recombination_increase
0	1275	0	225	0.15	1.0	recombination	phylter_k_020	N703	recombination_increase
1270	5	225	0	0.15	1.0	recombination	phylter_k_300	N703	recombination_increase
0	1200	0	300	0.2	1.0	recombination	phylter_k_050	N174	recombination_increase
1197	3	298	2	0.2	1.0	recombination	phylter_k_300	N174	recombination_increase
2	1198	0	300	0.2	1.0	recombination	phylter_k_020	N174	recombination_increase
1130	70	288	12	0.2	1.0	recombination	phylter_k_155	N174	recombination_increase
0	1425	0	75	0.05	1.0	recombination	phylter_k_050	N115	recombination_increase
1375	50	73	2	0.05	1.0	recombination	phylter_k_155	N115	recombination_increase
0	1425	0	75	0.05	1.0	recombination	phylter_k_020	N115	recombination_increase
1424	1	75	0	0.05	1.0	recombination	phylter_k_300	N115	recombination_increase
1199	1	297	3	0.2	1.0	recombination	phylter_k_300	N71	recombination_increase
0	1200	0	300	0.2	1.0	recombination	phylter_k_020	N71	recombination_increase
1175	25	288	12	0.2	1.0	recombination	phylter_k_155	N71	recombination_increase
0	1200	0	300	0.2	1.0	recombination	phylter_k_050	N71	recombination_increase
1345	80	70	5	0.05	1.0	recombination	phylter_k_155	N282	recombination_increase
0	1425	0	75	0.05	1.0	recombination	phylter_k_020	N282	recombination_increase
1423	2	74	1	0.05	1.0	recombination	phylter_k_300	N282	recombination_increase
0	1425	0	75	0.05	1.0	recombination	phylter_k_050	N282	recombination_increase
1377	48	73	2	0.05	1.0	recombination	phylter_k_155	N555	recombination_increase
30	1395	2	73	0.05	1.0	recombination	phylter_k_020	N555	recombination_increase
1420	5	75	0	0.05	1.0	recombination	phylter_k_300	N555	recombination_increase
0	1425	0	75	0.05	1.0	recombination	phylter_k_050	N555	recombination_increase
0	1125	0	375	0.25	1.0	recombination	phylter_k_050	N397	recombination_increase
1105	20	371	4	0.25	1.0	recombination	phylter_k_155	N397	recombination_increase
1122	3	375	0	0.25	1.0	recombination	phylter_k_300	N397	recombination_increase
0	1125	0	375	0.25	1.0	recombination	phylter_k_020	N397	recombination_increase
1088	37	364	11	0.25	1.0	recombination	phylter_k_155	N274	recombination_increase
1123	2	375	0	0.25	1.0	recombination	phylter_k_300	N274	recombination_increase
0	1125	0	375	0.25	1.0	recombination	phylter_k_020	N274	recombination_increase
0	1125	0	375	0.25	1.0	recombination	phylter_k_050	N274	recombination_increase
0	1275	0	225	0.15	1.0	recombination	phylter_k_050	N690	recombination_increase
1246	29	222	3	0.15	1.0	recombination	phylter_k_155	N690	recombination_increase
1270	5	225	0	0.15	1.0	recombination	phylter_k_300	N690	recombination_increase
17	1258	2	223	0.15	1.0	recombination	phylter_k_020	N690	recombination_increase
149	976	44	331	0.25	1.0	recombination	phylter_k_020	N639	recombination_increase
1123	2	375	0	0.25	1.0	recombination	phylter_k_300	N639	recombination_increase
1108	17	373	2	0.25	1.0	recombination	phylter_k_155	N639	recombination_increase
0	1125	0	375	0.25	1.0	recombination	phylter_k_050	N639	recombination_increase
1418	52	30	0	0.02	1.0	recombination	phylter_k_155	N418	recombination_increase
0	1470	0	30	0.02	1.0	recombination	phylter_k_020	N418	recombination_increase
1467	3	30	0	0.02	1.0	recombination	phylter_k_300	N418	recombination_increase
0	1470	0	30	0.02	1.0	recombination	phylter_k_050	N418	recombination_increase
0	1470	0	30	0.02	1.0	recombination	phylter_k_020	N125	recombination_increase
1461	9	30	0	0.02	1.0	recombination	phylter_k_300	N125	recombination_increase
1375	95	25	5	0.02	1.0	recombination	phylter_k_155	N125	recombination_increase
0	1470	0	30	0.02	1.0	recombination	phylter_k_050	N125	recombination_increase
2	1273	0	225	0.15	1.0	recombination	phylter_k_020	N407	recombination_increase
1272	3	225	0	0.15	1.0	recombination	phylter_k_300	N407	recombination_increase
1240	35	224	1	0.15	1.0	recombination	phylter_k_155	N407	recombination_increase
1	1274	0	225	0.15	1.0	recombination	phylter_k_050	N407	recombination_increase
1086	39	364	11	0.25	1.0	recombination	phylter_k_155	N228	recombination_increase
2	1123	0	375	0.25	1.0	recombination	phylter_k_020	N228	recombination_increase
1120	5	374	1	0.25	1.0	recombination	phylter_k_300	N228	recombination_increase
1	1124	0	375	0.25	1.0	recombination	phylter_k_050	N228	recombination_increase
1	1124	0	375	0.25	1.0	recombination	phylter_k_050	N665	recombination_increase
1098	27	366	9	0.25	1.0	recombination	phylter_k_155	N665	recombination_increase
1121	4	375	0	0.25	1.0	recombination	phylter_k_300	N665	recombination_increase
5	1120	0	375	0.25	1.0	recombination	phylter_k_020	N665	recombination_increase
0	1275	0	225	0.15	1.0	recombination	phylter_k_050	N188	recombination_increase
1186	89	213	12	0.15	1.0	recombination	phylter_k_155	N188	recombination_increase
1272	3	224	1	0.15	1.0	recombination	phylter_k_300	N188	recombination_increase
0	1275	0	225	0.15	1.0	recombination	phylter_k_020	N188	recombination_increase
0	1425	0	75	0.05	1.0	recombination	phylter_k_050	N176	recombination_increase
1353	72	74	1	0.05	1.0	recombination	phylter_k_155	N176	recombination_increase
0	1425	0	75	0.05	1.0	recombination	phylter_k_020	N176	recombination_increase
1423	2	75	0	0.05	1.0	recombination	phylter_k_300	N176	recombination_increase
0	1125	0	375	0.25	1.0	recombination	phylter_k_050	N461	recombination_increase
1103	22	368	7	0.25	1.0	recombination	phylter_k_155	N461	recombination_increase
2	1123	0	375	0.25	1.0	recombination	phylter_k_020	N461	recombination_increase
1121	4	375	0	0.25	1.0	recombination	phylter_k_300	N461	recombination_increase
0	1275	0	225	0.15	1.0	recombination	phylter_k_050	N717	recombination_increase
0	1275	0	225	0.15	1.0	recombination	phylter_k_020	N717	recombination_increase
1270	5	225	0	0.15	1.0	recombination	phylter_k_300	N717	recombination_increase
1232	43	219	6	0.15	1.0	recombination	phylter_k_155	N717	recombination_increase
1095	30	368	7	0.25	1.0	recombination	phylter_k_155	N113	recombination_increase
1124	1	373	2	0.25	1.0	recombination	phylter_k_300	N113	recombination_increase
0	1125	1	374	0.25	1.0	recombination	phylter_k_020	N113	recombination_increase
0	1125	0	375	0.25	1.0	recombination	phylter_k_050	N113	recombination_increase
0	1200	0	300	0.2	1.0	recombination	phylter_k_050	N418	recombination_increase
1166	34	294	6	0.2	1.0	recombination	phylter_k_155	N418	recombination_increase
1197	3	300	0	0.2	1.0	recombination	phylter_k_300	N418	recombination_increase
0	1200	0	300	0.2	1.0	recombination	phylter_k_020	N418	recombination_increase
0	1200	0	300	0.2	1.0	recombination	phylter_k_020	N125	recombination_increase
1189	11	298	2	0.2	1.0	recombination	phylter_k_300	N125	recombination_increase
1120	80	278	22	0.2	1.0	recombination	phylter_k_155	N125	recombination_increase
0	1200	0	300	0.2	1.0	recombination	phylter_k_050	N125	recombination_increase
0	1350	0	150	0.1	1.0	recombination	phylter_k_050	N115	recombination_increase
1294	56	145	5	0.1	1.0	recombination	phylter_k_155	N115	recombination_increase
1349	1	150	0	0.1	1.0	recombination	phylter_k_300	N115	recombination_increase
0	1350	0	150	0.1	1.0	recombination	phylter_k_020	N115	recombination_increase
0	1425	0	75	0.05	1.0	recombination	phylter_k_050	N709	recombination_increase
1420	5	75	0	0.05	1.0	recombination	phylter_k_300	N709	recombination_increase
0	1425	0	75	0.05	1.0	recombination	phylter_k_020	N709	recombination_increase
1386	39	74	1	0.05	1.0	recombination	phylter_k_155	N709	recombination_increase
1	1199	0	300	0.2	1.0	recombination	phylter_k_050	N228	recombination_increase
1	1199	0	300	0.2	1.0	recombination	phylter_k_020	N228	recombination_increase
1198	2	299	1	0.2	1.0	recombination	phylter_k_300	N228	recombination_increase
1165	35	294	6	0.2	1.0	recombination	phylter_k_155	N228	recombination_increase
0	1425	0	75	0.05	1.0	recombination	phylter_k_050	N249	recombination_increase
1388	37	72	3	0.05	1.0	recombination	phylter_k_155	N249	recombination_increase
4	1421	0	75	0.05	1.0	recombination	phylter_k_020	N249	recombination_increase
1424	1	75	0	0.05	1.0	recombination	phylter_k_300	N249	recombination_increase
1376	49	72	3	0.05	1.0	recombination	phylter_k_155	N703	recombination_increase
0	1425	0	75	0.05	1.0	recombination	phylter_k_020	N703	recombination_increase
1420	5	75	0	0.05	1.0	recombination	phylter_k_300	N703	recombination_increase
0	1425	0	75	0.05	1.0	recombination	phylter_k_050	N703	recombination_increase
26	1174	5	295	0.2	1.0	recombination	phylter_k_050	N665	recombination_increase
16	1184	2	298	0.2	1.0	recombination	phylter_k_020	N665	recombination_increase
1196	4	300	0	0.2	1.0	recombination	phylter_k_300	N665	recombination_increase
1173	27	292	8	0.2	1.0	recombination	phylter_k_155	N665	recombination_increase
0	1350	0	150	0.1	1.0	recombination	phylter_k_050	N188	recombination_increase
0	1350	0	150	0.1	1.0	recombination	phylter_k_020	N188	recombination_increase
1348	2	150	0	0.1	1.0	recombination	phylter_k_300	N188	recombination_increase
1270	80	141	9	0.1	1.0	recombination	phylter_k_155	N188	recombination_increase
1196	4	299	1	0.2	1.0	recombination	phylter_k_300	N461	recombination_increase
3	1197	2	298	0.2	1.0	recombination	phylter_k_020	N461	recombination_increase
1171	29	294	6	0.2	1.0	recombination	phylter_k_155	N461	recombination_increase
0	1200	0	300	0.2	1.0	recombination	phylter_k_050	N461	recombination_increase
0	1470	1	29	0.02	1.0	recombination	phylter_k_050	N639	recombination_increase
1465	5	30	0	0.02	1.0	recombination	phylter_k_300	N639	recombination_increase
266	1204	6	24	0.02	1.0	recombination	phylter_k_020	N639	recombination_increase
1423	47	30	0	0.02	1.0	recombination	phylter_k_155	N639	recombination_increase
0	1350	0	150	0.1	1.0	recombination	phylter_k_050	N717	recombination_increase
1306	44	145	5	0.1	1.0	recombination	phylter_k_155	N717	recombination_increase
0	1350	0	150	0.1	1.0	recombination	phylter_k_020	N717	recombination_increase
1345	5	150	0	0.1	1.0	recombination	phylter_k_300	N717	recombination_increase
0	1470	0	30	0.02	1.0	recombination	phylter_k_020	N274	recombination_increase
1468	2	30	0	0.02	1.0	recombination	phylter_k_300	N274	recombination_increase
1410	60	28	2	0.02	1.0	recombination	phylter_k_155	N274	recombination_increase
0	1470	0	30	0.02	1.0	recombination	phylter_k_050	N274	recombination_increase
0	1470	0	30	0.02	1.0	recombination	phylter_k_050	N397	recombination_increase
0	1470	0	30	0.02	1.0	recombination	phylter_k_020	N397	recombination_increase
1465	5	30	0	0.02	1.0	recombination	phylter_k_300	N397	recombination_increase
1421	49	29	1	0.02	1.0	recombination	phylter_k_155	N397	recombination_increase
1199	1	298	2	0.2	1.0	recombination	phylter_k_300	N113	recombination_increase
0	1200	0	300	0.2	1.0	recombination	phylter_k_020	N113	recombination_increase
1153	47	292	8	0.2	1.0	recombination	phylter_k_155	N113	recombination_increase
0	1200	0	300	0.2	1.0	recombination	phylter_k_050	N113	recombination_increase
0	1275	0	225	0.15	1.0	recombination	phylter_k_050	N115	recombination_increase
1274	1	225	0	0.15	1.0	recombination	phylter_k_300	N115	recombination_increase
0	1275	0	225	0.15	1.0	recombination	phylter_k_020	N115	recombination_increase
1234	41	221	4	0.15	1.0	recombination	phylter_k_155	N115	recombination_increase
1041	84	349	26	0.25	1.0	recombination	phylter_k_155	N125	recombination_increase
0	1125	0	375	0.25	1.0	recombination	phylter_k_020	N125	recombination_increase
1117	8	374	1	0.25	1.0	recombination	phylter_k_300	N125	recombination_increase
0	1125	0	375	0.25	1.0	recombination	phylter_k_050	N125	recombination_increase
0	1125	0	375	0.25	1.0	recombination	phylter_k_050	N418	recombination_increase
1123	2	375	0	0.25	1.0	recombination	phylter_k_300	N418	recombination_increase
0	1125	0	375	0.25	1.0	recombination	phylter_k_020	N418	recombination_increase
1102	23	369	6	0.25	1.0	recombination	phylter_k_155	N418	recombination_increase
1416	54	29	1	0.02	1.0	recombination	phylter_k_155	N665	recombination_increase
1465	5	30	0	0.02	1.0	recombination	phylter_k_300	N665	recombination_increase
36	1434	3	27	0.02	1.0	recombination	phylter_k_020	N665	recombination_increase
6	1464	0	30	0.02	1.0	recombination	phylter_k_050	N665	recombination_increase
1417	53	28	2	0.02	1.0	recombination	phylter_k_155	N228	recombination_increase
1468	2	30	0	0.02	1.0	recombination	phylter_k_300	N228	recombination_increase
0	1470	0	30	0.02	1.0	recombination	phylter_k_020	N228	recombination_increase
0	1470	0	30	0.02	1.0	recombination	phylter_k_050	N228	recombination_increase
11	1459	0	30	0.02	1.0	recombination	phylter_k_020	N461	recombination_increase
1467	3	30	0	0.02	1.0	recombination	phylter_k_300	N461	recombination_increase
1427	43	30	0	0.02	1.0	recombination	phylter_k_155	N461	recombination_increase
0	1470	0	30	0.02	1.0	recombination	phylter_k_050	N461	recombination_increase
0	1200	0	300	0.2	1.0	recombination	phylter_k_020	N274	recombination_increase
1190	10	299	1	0.2	1.0	recombination	phylter_k_300	N274	recombination_increase
1146	54	291	9	0.2	1.0	recombination	phylter_k_155	N274	recombination_increase
0	1200	0	300	0.2	1.0	recombination	phylter_k_050	N274	recombination_increase
0	1200	0	300	0.2	1.0	recombination	phylter_k_050	N397	recombination_increase
1174	26	295	5	0.2	1.0	recombination	phylter_k_155	N397	recombination_increase
1197	3	300	0	0.2	1.0	recombination	phylter_k_300	N397	recombination_increase
0	1200	0	300	0.2	1.0	recombination	phylter_k_020	N397	recombination_increase
1196	4	300	0	0.2	1.0	recombination	phylter_k_300	N639	recombination_increase
2	1198	2	298	0.2	1.0	recombination	phylter_k_020	N639	recombination_increase
1169	31	297	3	0.2	1.0	recombination	phylter_k_155	N639	recombination_increase
72	1128	19	281	0.2	1.0	recombination	phylter_k_050	N639	recombination_increase
1316	34	146	4	0.1	1.0	recombination	phylter_k_155	N690	recombination_increase
0	1350	1	149	0.1	1.0	recombination	phylter_k_020	N690	recombination_increase
1345	5	150	0	0.1	1.0	recombination	phylter_k_300	N690	recombination_increase
0	1350	0	150	0.1	1.0	recombination	phylter_k_050	N690	recombination_increase
1098	27	363	12	0.25	1.0	recombination	phylter_k_155	N71	recombination_increase
0	1125	0	375	0.25	1.0	recombination	phylter_k_020	N71	recombination_increase
1122	3	371	4	0.25	1.0	recombination	phylter_k_300	N71	recombination_increase
0	1125	0	375	0.25	1.0	recombination	phylter_k_050	N71	recombination_increase
1347	3	150	0	0.1	1.0	recombination	phylter_k_300	N407	recombination_increase
1	1349	0	150	0.1	1.0	recombination	phylter_k_020	N407	recombination_increase
1304	46	149	1	0.1	1.0	recombination	phylter_k_155	N407	recombination_increase
0	1350	0	150	0.1	1.0	recombination	phylter_k_050	N407	recombination_increase
1468	2	29	1	0.02	1.0	recombination	phylter_k_300	N71	recombination_increase
0	1470	0	30	0.02	1.0	recombination	phylter_k_020	N71	recombination_increase
1437	33	27	3	0.02	1.0	recombination	phylter_k_155	N71	recombination_increase
0	1470	0	30	0.02	1.0	recombination	phylter_k_050	N71	recombination_increase
0	1470	0	30	0.02	1.0	recombination	phylter_k_050	N113	recombination_increase
4	1466	0	30	0.02	1.0	recombination	phylter_k_020	N113	recombination_increase
1469	1	30	0	0.02	1.0	recombination	phylter_k_300	N113	recombination_increase
1414	56	29	1	0.02	1.0	recombination	phylter_k_155	N113	recombination_increase
1405	65	29	1	0.02	1.0	recombination	phylter_k_155	N187	recombination_increase
1467	3	30	0	0.02	1.0	recombination	phylter_k_300	N187	recombination_increase
0	1470	0	30	0.02	1.0	recombination	phylter_k_020	N187	recombination_increase
0	1470	0	30	0.02	1.0	recombination	phylter_k_050	N187	recombination_increase
1206	69	218	7	0.15	1.0	recombination	phylter_k_155	N176	recombination_increase
1270	5	224	1	0.15	1.0	recombination	phylter_k_300	N176	recombination_increase
1	1274	0	225	0.15	1.0	recombination	phylter_k_020	N176	recombination_increase
0	1275	0	225	0.15	1.0	recombination	phylter_k_050	N176	recombination_increase
1341	84	70	5	0.05	1.0	recombination	phylter_k_155	N188	recombination_increase
1420	5	74	1	0.05	1.0	recombination	phylter_k_300	N188	recombination_increase
0	1425	0	75	0.05	1.0	recombination	phylter_k_020	N188	recombination_increase
0	1425	0	75	0.05	1.0	recombination	phylter_k_050	N188	recombination_increase
1079	46	365	10	0.25	1.0	recombination	phylter_k_155	N238	recombination_increase
0	1125	0	375	0.25	1.0	recombination	phylter_k_020	N238	recombination_increase
1120	5	373	2	0.25	1.0	recombination	phylter_k_300	N238	recombination_increase
0	1125	0	375	0.25	1.0	recombination	phylter_k_050	N238	recombination_increase
0	1350	0	150	0.1	1.0	recombination	phylter_k_050	N709	recombination_increase
1345	5	150	0	0.1	1.0	recombination	phylter_k_300	N709	recombination_increase
0	1350	0	150	0.1	1.0	recombination	phylter_k_020	N709	recombination_increase
1302	48	146	4	0.1	1.0	recombination	phylter_k_155	N709	recombination_increase
1345	5	150	0	0.1	1.0	recombination	phylter_k_300	N703	recombination_increase
0	1350	0	150	0.1	1.0	recombination	phylter_k_020	N703	recombination_increase
1296	54	145	5	0.1	1.0	recombination	phylter_k_155	N703	recombination_increase
0	1350	0	150	0.1	1.0	recombination	phylter_k_050	N703	recombination_increase
1313	37	144	6	0.1	1.0	recombination	phylter_k_155	N249	recombination_increase
1349	1	150	0	0.1	1.0	recombination	phylter_k_300	N249	recombination_increase
1	1349	0	150	0.1	1.0	recombination	phylter_k_020	N249	recombination_increase
1	1349	0	150	0.1	1.0	recombination	phylter_k_050	N249	recombination_increase
0	1125	0	375	0.25	1.0	recombination	phylter_k_050	N174	recombination_increase
3	1122	0	375	0.25	1.0	recombination	phylter_k_020	N174	recombination_increase
1122	3	373	2	0.25	1.0	recombination	phylter_k_300	N174	recombination_increase
1064	61	356	19	0.25	1.0	recombination	phylter_k_155	N174	recombination_increase
0	1470	0	30	0.02	1.0	recombination	phylter_k_050	N151	recombination_increase
1392	78	27	3	0.02	1.0	recombination	phylter_k_155	N151	recombination_increase
2	1468	0	30	0.02	1.0	recombination	phylter_k_020	N151	recombination_increase
1466	4	29	1	0.02	1.0	recombination	phylter_k_300	N151	recombination_increase
0	1425	0	75	0.05	1.0	recombination	phylter_k_050	N717	recombination_increase
1393	32	73	2	0.05	1.0	recombination	phylter_k_155	N717	recombination_increase
0	1425	0	75	0.05	1.0	recombination	phylter_k_020	N717	recombination_increase
1420	5	75	0	0.05	1.0	recombination	phylter_k_300	N717	recombination_increase
0	1200	0	300	0.2	1.0	recombination	phylter_k_020	N187	recombination_increase
1192	8	300	0	0.2	1.0	recombination	phylter_k_300	N187	recombination_increase
1161	39	295	5	0.2	1.0	recombination	phylter_k_155	N187	recombination_increase
0	1200	0	300	0.2	1.0	recombination	phylter_k_050	N187	recombination_increase
3	1272	1	224	0.15	1.0	recombination	phylter_k_050	N555	recombination_increase
1228	47	215	10	0.15	1.0	recombination	phylter_k_155	N555	recombination_increase
1270	5	225	0	0.15	1.0	recombination	phylter_k_300	N555	recombination_increase
8	1267	5	220	0.15	1.0	recombination	phylter_k_020	N555	recombination_increase
0	1275	0	225	0.15	1.0	recombination	phylter_k_050	N71	recombination_increase
1273	2	223	2	0.15	1.0	recombination	phylter_k_300	N71	recombination_increase
0	1275	0	225	0.15	1.0	recombination	phylter_k_020	N71	recombination_increase
1244	31	216	9	0.15	1.0	recombination	phylter_k_155	N71	recombination_increase
0	1125	0	375	0.25	1.0	recombination	phylter_k_050	N716	recombination_increase
1104	21	372	3	0.25	1.0	recombination	phylter_k_155	N716	recombination_increase
0	1125	0	375	0.25	1.0	recombination	phylter_k_020	N716	recombination_increase
1120	5	375	0	0.25	1.0	recombination	phylter_k_300	N716	recombination_increase
0	1275	0	225	0.15	1.0	recombination	phylter_k_050	N282	recombination_increase
1273	2	222	3	0.15	1.0	recombination	phylter_k_300	N282	recombination_increase
2	1273	0	225	0.15	1.0	recombination	phylter_k_020	N282	recombination_increase
1206	69	210	15	0.15	1.0	recombination	phylter_k_155	N282	recombination_increase
1146	54	291	9	0.2	1.0	recombination	phylter_k_155	N151	recombination_increase
1196	4	299	1	0.2	1.0	recombination	phylter_k_300	N151	recombination_increase
0	1200	0	300	0.2	1.0	recombination	phylter_k_020	N151	recombination_increase
0	1200	0	300	0.2	1.0	recombination	phylter_k_050	N151	recombination_increase
1423	2	75	0	0.05	1.0	recombination	phylter_k_300	N407	recombination_increase
4	1421	0	75	0.05	1.0	recombination	phylter_k_020	N407	recombination_increase
1373	52	74	1	0.05	1.0	recombination	phylter_k_155	N407	recombination_increase
0	1425	0	75	0.05	1.0	recombination	phylter_k_050	N407	recombination_increase
0	1425	0	75	0.05	1.0	recombination	phylter_k_050	N690	recombination_increase
1420	5	75	0	0.05	1.0	recombination	phylter_k_300	N690	recombination_increase
0	1425	0	75	0.05	1.0	recombination	phylter_k_020	N690	recombination_increase
1375	50	72	3	0.05	1.0	recombination	phylter_k_155	N690	recombination_increase
0	1350	0	150	0.1	1.0	population_size_change	phylter_k_050	N119	10X_down
1350	0	150	0	0.1	1.0	population_size_change	phylter_k_300	N119	10X_down
0	1350	0	150	0.1	1.0	population_size_change	phylter_k_020	N119	10X_down
1322	28	146	4	0.1	1.0	population_size_change	phylter_k_155	N119	10X_down
1197	3	295	5	0.2	1.0	population_size_change	phylter_k_300	N620	10X_up
0	1200	0	300	0.2	1.0	population_size_change	phylter_k_020	N620	10X_up
1178	22	287	13	0.2	1.0	population_size_change	phylter_k_155	N620	10X_up
0	1200	0	300	0.2	1.0	population_size_change	phylter_k_050	N620	10X_up
1349	1	150	0	0.1	1.0	population_size_change	phylter_k_300	Nyctibiidae	10X_up
1	1349	0	150	0.1	1.0	population_size_change	phylter_k_020	Nyctibiidae	10X_up
1300	50	143	7	0.1	1.0	population_size_change	phylter_k_155	Nyctibiidae	10X_up
0	1350	0	150	0.1	1.0	population_size_change	phylter_k_050	Nyctibiidae	10X_up
1388	82	27	3	0.02	1.0	population_size_change	phylter_k_155	Accipitriformes	10X_up
0	1470	0	30	0.02	1.0	population_size_change	phylter_k_020	Accipitriformes	10X_up
1465	5	30	0	0.02	1.0	population_size_change	phylter_k_300	Accipitriformes	10X_up
0	1470	0	30	0.02	1.0	population_size_change	phylter_k_050	Accipitriformes	10X_up
19	1331	4	146	0.1	1.0	population_size_change	phylter_k_050	N554	10X_up
370	980	30	120	0.1	1.0	population_size_change	phylter_k_020	N554	10X_up
1347	3	150	0	0.1	1.0	population_size_change	phylter_k_300	N554	10X_up
1326	24	143	7	0.1	1.0	population_size_change	phylter_k_155	N554	10X_up
341	1084	13	62	0.05	1.0	population_size_change	phylter_k_050	N651	10X_down
1404	21	70	5	0.05	1.0	population_size_change	phylter_k_155	N651	10X_down
1420	5	73	2	0.05	1.0	population_size_change	phylter_k_300	N651	10X_down
502	923	24	51	0.05	1.0	population_size_change	phylter_k_020	N651	10X_down
1382	43	69	6	0.05	1.0	population_size_change	phylter_k_155	N690	10X_up
3	1422	1	74	0.05	1.0	population_size_change	phylter_k_020	N690	10X_up
1420	5	73	2	0.05	1.0	population_size_change	phylter_k_300	N690	10X_up
0	1425	0	75	0.05	1.0	population_size_change	phylter_k_050	N690	10X_up
1	1424	1	74	0.05	1.0	population_size_change	phylter_k_050	N460	10X_down
152	1273	4	71	0.05	1.0	population_size_change	phylter_k_020	N460	10X_down
1422	3	75	0	0.05	1.0	population_size_change	phylter_k_300	N460	10X_down
1380	45	69	6	0.05	1.0	population_size_change	phylter_k_155	N460	10X_down
32	1093	6	369	0.25	1.0	population_size_change	phylter_k_050	N651	10X_down
1111	14	363	12	0.25	1.0	population_size_change	phylter_k_155	N651	10X_down
1121	4	371	4	0.25	1.0	population_size_change	phylter_k_300	N651	10X_down
482	643	158	217	0.25	1.0	population_size_change	phylter_k_020	N651	10X_down
1344	6	148	2	0.1	1.0	population_size_change	phylter_k_300	N679	10X_down
3	1347	1	149	0.1	1.0	population_size_change	phylter_k_020	N679	10X_down
1322	28	143	7	0.1	1.0	population_size_change	phylter_k_155	N679	10X_down
16	1334	0	150	0.1	1.0	population_size_change	phylter_k_050	N679	10X_down
1112	13	366	9	0.25	1.0	population_size_change	phylter_k_155	N460	10X_down
7	1118	2	373	0.25	1.0	population_size_change	phylter_k_020	N460	10X_down
1124	1	374	1	0.25	1.0	population_size_change	phylter_k_300	N460	10X_down
24	1101	11	364	0.25	1.0	population_size_change	phylter_k_050	N460	10X_down
0	1350	0	150	0.1	1.0	population_size_change	phylter_k_020	N574	10X_down
1346	4	148	2	0.1	1.0	population_size_change	phylter_k_300	N574	10X_down
1330	20	142	8	0.1	1.0	population_size_change	phylter_k_155	N574	10X_down
0	1350	0	150	0.1	1.0	population_size_change	phylter_k_050	N574	10X_down
1197	3	295	5	0.2	1.0	population_size_change	phylter_k_300	N615	10X_down
0	1200	0	300	0.2	1.0	population_size_change	phylter_k_020	N615	10X_down
1175	25	284	16	0.2	1.0	population_size_change	phylter_k_155	N615	10X_down
0	1200	0	300	0.2	1.0	population_size_change	phylter_k_050	N615	10X_down
0	1425	0	75	0.05	1.0	population_size_change	phylter_k_050	N274	10X_down
1395	30	72	3	0.05	1.0	population_size_change	phylter_k_155	N274	10X_down
0	1425	0	75	0.05	1.0	population_size_change	phylter_k_020	N274	10X_down
1423	2	74	1	0.05	1.0	population_size_change	phylter_k_300	N274	10X_down
1350	0	150	0	0.1	1.0	population_size_change	phylter_k_300	N109	10X_down
1	1349	0	150	0.1	1.0	population_size_change	phylter_k_020	N109	10X_down
1317	33	146	4	0.1	1.0	population_size_change	phylter_k_155	N109	10X_down
0	1350	0	150	0.1	1.0	population_size_change	phylter_k_050	N109	10X_down
1347	3	148	2	0.1	1.0	population_size_change	phylter_k_300	N617	10X_up
0	1350	0	150	0.1	1.0	population_size_change	phylter_k_020	N617	10X_up
1325	25	142	8	0.1	1.0	population_size_change	phylter_k_155	N617	10X_up
0	1350	0	150	0.1	1.0	population_size_change	phylter_k_050	N617	10X_up
0	1425	0	75	0.05	1.0	population_size_change	phylter_k_050	Nyctibiidae	10X_up
1421	4	75	0	0.05	1.0	population_size_change	phylter_k_300	Nyctibiidae	10X_up
1	1424	0	75	0.05	1.0	population_size_change	phylter_k_020	Nyctibiidae	10X_up
1355	70	72	3	0.05	1.0	population_size_change	phylter_k_155	Nyctibiidae	10X_up
123	1152	25	200	0.15	1.0	population_size_change	phylter_k_050	N679	10X_up
1242	33	209	16	0.15	1.0	population_size_change	phylter_k_155	N679	10X_up
3	1272	0	225	0.15	1.0	population_size_change	phylter_k_020	N679	10X_up
1270	5	221	4	0.15	1.0	population_size_change	phylter_k_300	N679	10X_up
1102	23	363	12	0.25	1.0	population_size_change	phylter_k_155	N274	10X_down
1125	0	375	0	0.25	1.0	population_size_change	phylter_k_300	N274	10X_down
0	1125	0	375	0.25	1.0	population_size_change	phylter_k_020	N274	10X_down
0	1125	0	375	0.25	1.0	population_size_change	phylter_k_050	N274	10X_down
3	1197	0	300	0.2	1.0	population_size_change	phylter_k_050	N473	10X_down
1182	18	287	13	0.2	1.0	population_size_change	phylter_k_155	N473	10X_down
1198	2	295	5	0.2	1.0	population_size_change	phylter_k_300	N473	10X_down
5	1195	0	300	0.2	1.0	population_size_change	phylter_k_020	N473	10X_down
0	1125	0	375	0.25	1.0	population_size_change	phylter_k_050	N425	10X_up
1114	11	370	5	0.25	1.0	population_size_change	phylter_k_155	N425	10X_up
31	1094	8	367	0.25	1.0	population_size_change	phylter_k_020	N425	10X_up
1124	1	375	0	0.25	1.0	population_size_change	phylter_k_300	N425	10X_up
1	1469	0	30	0.02	1.0	population_size_change	phylter_k_020	N114	10X_down
1469	1	30	0	0.02	1.0	population_size_change	phylter_k_300	N114	10X_down
1384	86	25	5	0.02	1.0	population_size_change	phylter_k_155	N114	10X_down
0	1470	0	30	0.02	1.0	population_size_change	phylter_k_050	N114	10X_down
0	1350	0	150	0.1	1.0	population_size_change	phylter_k_050	N118	10X_up
1304	46	145	5	0.1	1.0	population_size_change	phylter_k_155	N118	10X_up
1349	1	150	0	0.1	1.0	population_size_change	phylter_k_300	N118	10X_up
0	1350	0	150	0.1	1.0	population_size_change	phylter_k_020	N118	10X_up
1231	44	208	17	0.15	1.0	population_size_change	phylter_k_155	N238	10X_up
1273	2	225	0	0.15	1.0	population_size_change	phylter_k_300	N238	10X_up
0	1275	0	225	0.15	1.0	population_size_change	phylter_k_020	N238	10X_up
0	1275	0	225	0.15	1.0	population_size_change	phylter_k_050	N238	10X_up
1421	4	73	2	0.05	1.0	population_size_change	phylter_k_300	N573	10X_down
0	1425	0	75	0.05	1.0	population_size_change	phylter_k_020	N573	10X_down
1396	29	73	2	0.05	1.0	population_size_change	phylter_k_155	N573	10X_down
0	1425	0	75	0.05	1.0	population_size_change	phylter_k_050	N573	10X_down
0	1350	0	150	0.1	1.0	population_size_change	phylter_k_050	N620	10X_up
1322	28	138	12	0.1	1.0	population_size_change	phylter_k_155	N620	10X_up
0	1350	0	150	0.1	1.0	population_size_change	phylter_k_020	N620	10X_up
1345	5	148	2	0.1	1.0	population_size_change	phylter_k_300	N620	10X_up
1176	24	289	11	0.2	1.0	population_size_change	phylter_k_155	N554	10X_up
1198	2	296	4	0.2	1.0	population_size_change	phylter_k_300	N554	10X_up
420	780	89	211	0.2	1.0	population_size_change	phylter_k_020	N554	10X_up
16	1184	1	299	0.2	1.0	population_size_change	phylter_k_050	N554	10X_up
0	1425	0	75	0.05	1.0	population_size_change	phylter_k_050	N497	10X_up
1421	4	73	2	0.05	1.0	population_size_change	phylter_k_300	N497	10X_up
0	1425	0	75	0.05	1.0	population_size_change	phylter_k_020	N497	10X_up
1406	19	71	4	0.05	1.0	population_size_change	phylter_k_155	N497	10X_up
0	1125	0	375	0.25	1.0	population_size_change	phylter_k_020	N573	10X_down
1122	3	370	5	0.25	1.0	population_size_change	phylter_k_300	N573	10X_down
1105	20	361	14	0.25	1.0	population_size_change	phylter_k_155	N573	10X_down
0	1125	0	375	0.25	1.0	population_size_change	phylter_k_050	N573	10X_down
1227	48	215	10	0.15	1.0	population_size_change	phylter_k_155	N228	10X_down
1273	2	225	0	0.15	1.0	population_size_change	phylter_k_300	N228	10X_down
1	1274	1	224	0.15	1.0	population_size_change	phylter_k_020	N228	10X_down
0	1275	0	225	0.15	1.0	population_size_change	phylter_k_050	N228	10X_down
0	1470	0	30	0.02	1.0	population_size_change	phylter_k_020	N716	10X_up
1465	5	28	2	0.02	1.0	population_size_change	phylter_k_300	N716	10X_up
1414	56	24	6	0.02	1.0	population_size_change	phylter_k_155	N716	10X_up
0	1470	0	30	0.02	1.0	population_size_change	phylter_k_050	N716	10X_up
0	1425	0	75	0.05	1.0	population_size_change	phylter_k_050	N714	10X_up
1405	20	70	5	0.05	1.0	population_size_change	phylter_k_155	N714	10X_up
0	1425	0	75	0.05	1.0	population_size_change	phylter_k_020	N714	10X_up
1420	5	73	2	0.05	1.0	population_size_change	phylter_k_300	N714	10X_up
1260	15	221	4	0.15	1.0	population_size_change	phylter_k_155	N425	10X_up
1274	1	225	0	0.15	1.0	population_size_change	phylter_k_300	N425	10X_up
3	1272	0	225	0.15	1.0	population_size_change	phylter_k_020	N425	10X_up
0	1275	0	225	0.15	1.0	population_size_change	phylter_k_050	N425	10X_up
1100	25	358	17	0.25	1.0	population_size_change	phylter_k_155	N238	10X_up
1124	1	375	0	0.25	1.0	population_size_change	phylter_k_300	N238	10X_up
0	1125	0	375	0.25	1.0	population_size_change	phylter_k_020	N238	10X_up
0	1125	0	375	0.25	1.0	population_size_change	phylter_k_050	N238	10X_up
1175	25	292	8	0.2	1.0	population_size_change	phylter_k_155	N118	10X_up
1200	0	300	0	0.2	1.0	population_size_change	phylter_k_300	N118	10X_up
0	1200	0	300	0.2	1.0	population_size_change	phylter_k_020	N118	10X_up
0	1200	0	300	0.2	1.0	population_size_change	phylter_k_050	N118	10X_up
0	1275	0	225	0.15	1.0	population_size_change	phylter_k_050	N343	10X_down
1274	1	223	2	0.15	1.0	population_size_change	phylter_k_300	N343	10X_down
0	1275	0	225	0.15	1.0	population_size_change	phylter_k_020	N343	10X_down
1252	23	215	10	0.15	1.0	population_size_change	phylter_k_155	N343	10X_down
0	1350	0	150	0.1	1.0	population_size_change	phylter_k_020	N491	10X_down
1345	5	148	2	0.1	1.0	population_size_change	phylter_k_300	N491	10X_down
1326	24	139	11	0.1	1.0	population_size_change	phylter_k_155	N491	10X_down
0	1350	0	150	0.1	1.0	population_size_change	phylter_k_050	N491	10X_down
1273	2	225	0	0.15	1.0	population_size_change	phylter_k_300	N299	10X_down
0	1275	0	225	0.15	1.0	population_size_change	phylter_k_020	N299	10X_down
1220	55	218	7	0.15	1.0	population_size_change	phylter_k_155	N299	10X_down
0	1275	0	225	0.15	1.0	population_size_change	phylter_k_050	N299	10X_down
0	1200	0	300	0.2	1.0	population_size_change	phylter_k_050	N617	10X_up
1175	25	287	13	0.2	1.0	population_size_change	phylter_k_155	N617	10X_up
0	1200	0	300	0.2	1.0	population_size_change	phylter_k_020	N617	10X_up
1197	3	294	6	0.2	1.0	population_size_change	phylter_k_300	N617	10X_up
0	1125	1	374	0.25	1.0	population_size_change	phylter_k_020	N679	10X_up
1120	5	369	6	0.25	1.0	population_size_change	phylter_k_300	N679	10X_up
1106	19	360	15	0.25	1.0	population_size_change	phylter_k_155	N679	10X_up
0	1125	0	375	0.25	1.0	population_size_change	phylter_k_050	N679	10X_up
0	1200	1	299	0.2	1.0	population_size_change	phylter_k_020	N228	10X_down
1198	2	300	0	0.2	1.0	population_size_change	phylter_k_300	N228	10X_down
1167	33	294	6	0.2	1.0	population_size_change	phylter_k_155	N228	10X_down
0	1200	0	300	0.2	1.0	population_size_change	phylter_k_050	N228	10X_down
0	1425	0	75	0.05	1.0	population_size_change	phylter_k_050	N491	10X_down
1379	46	69	6	0.05	1.0	population_size_change	phylter_k_155	N491	10X_down
0	1425	0	75	0.05	1.0	population_size_change	phylter_k_020	N491	10X_down
1419	6	73	2	0.05	1.0	population_size_change	phylter_k_300	N491	10X_down
1110	15	356	19	0.25	1.0	population_size_change	phylter_k_155	N617	10X_up
1124	1	369	6	0.25	1.0	population_size_change	phylter_k_300	N617	10X_up
0	1125	0	375	0.25	1.0	population_size_change	phylter_k_020	N617	10X_up
0	1125	0	375	0.25	1.0	population_size_change	phylter_k_050	N617	10X_up
1196	4	294	6	0.2	1.0	population_size_change	phylter_k_300	N679	10X_up
1	1199	0	300	0.2	1.0	population_size_change	phylter_k_020	N679	10X_up
1176	24	281	19	0.2	1.0	population_size_change	phylter_k_155	N679	10X_up
77	1123	25	275	0.2	1.0	population_size_change	phylter_k_050	N679	10X_up
0	1470	0	30	0.02	1.0	population_size_change	phylter_k_020	N690	10X_up
1465	5	28	2	0.02	1.0	population_size_change	phylter_k_300	N690	10X_up
1411	59	25	5	0.02	1.0	population_size_change	phylter_k_155	N690	10X_up
0	1470	0	30	0.02	1.0	population_size_change	phylter_k_050	N690	10X_up
1122	3	370	5	0.25	1.0	population_size_change	phylter_k_300	N491	10X_down
0	1125	0	375	0.25	1.0	population_size_change	phylter_k_020	N491	10X_down
1108	17	357	18	0.25	1.0	population_size_change	phylter_k_155	N491	10X_down
0	1125	0	375	0.25	1.0	population_size_change	phylter_k_050	N491	10X_down
0	1200	0	300	0.2	1.0	population_size_change	phylter_k_020	N343	10X_down
1198	2	298	2	0.2	1.0	population_size_change	phylter_k_300	N343	10X_down
1181	19	291	9	0.2	1.0	population_size_change	phylter_k_155	N343	10X_down
0	1200	0	300	0.2	1.0	population_size_change	phylter_k_050	N343	10X_down
0	1470	0	30	0.02	1.0	population_size_change	phylter_k_050	N717	10X_down
1433	37	27	3	0.02	1.0	population_size_change	phylter_k_155	N717	10X_down
1467	3	28	2	0.02	1.0	population_size_change	phylter_k_300	N717	10X_down
0	1470	0	30	0.02	1.0	population_size_change	phylter_k_020	N717	10X_down
0	1200	0	300	0.2	1.0	population_size_change	phylter_k_050	N299	10X_down
1197	3	300	0	0.2	1.0	population_size_change	phylter_k_300	N299	10X_down
0	1200	0	300	0.2	1.0	population_size_change	phylter_k_020	N299	10X_down
1150	50	287	13	0.2	1.0	population_size_change	phylter_k_155	N299	10X_down
1	1349	0	150	0.1	1.0	population_size_change	phylter_k_050	N425	10X_up
1349	1	150	0	0.1	1.0	population_size_change	phylter_k_300	N425	10X_up
2	1348	0	150	0.1	1.0	population_size_change	phylter_k_020	N425	10X_up
1333	17	146	4	0.1	1.0	population_size_change	phylter_k_155	N425	10X_up
0	1200	0	300	0.2	1.0	population_size_change	phylter_k_050	N238	10X_up
1170	30	287	13	0.2	1.0	population_size_change	phylter_k_155	N238	10X_up
0	1200	0	300	0.2	1.0	population_size_change	phylter_k_020	N238	10X_up
1199	1	300	0	0.2	1.0	population_size_change	phylter_k_300	N238	10X_up
0	1125	0	375	0.25	1.0	population_size_change	phylter_k_050	N118	10X_up
0	1125	0	375	0.25	1.0	population_size_change	phylter_k_020	N118	10X_up
1125	0	375	0	0.25	1.0	population_size_change	phylter_k_300	N118	10X_up
1104	21	365	10	0.25	1.0	population_size_change	phylter_k_155	N118	10X_up
16	1109	4	371	0.25	1.0	population_size_change	phylter_k_050	N554	10X_up
1123	2	372	3	0.25	1.0	population_size_change	phylter_k_300	N554	10X_up
68	1057	14	361	0.25	1.0	population_size_change	phylter_k_020	N554	10X_up
1107	18	362	13	0.25	1.0	population_size_change	phylter_k_155	N554	10X_up
1251	24	212	13	0.15	1.0	population_size_change	phylter_k_155	N620	10X_up
0	1275	0	225	0.15	1.0	population_size_change	phylter_k_020	N620	10X_up
1272	3	222	3	0.15	1.0	population_size_change	phylter_k_300	N620	10X_up
0	1275	0	225	0.15	1.0	population_size_change	phylter_k_050	N620	10X_up
1418	52	27	3	0.02	1.0	population_size_change	phylter_k_155	N707	10X_down
0	1470	0	30	0.02	1.0	population_size_change	phylter_k_020	N707	10X_down
1465	5	29	1	0.02	1.0	population_size_change	phylter_k_300	N707	10X_down
0	1470	0	30	0.02	1.0	population_size_change	phylter_k_050	N707	10X_down
1323	27	146	4	0.1	1.0	population_size_change	phylter_k_155	N573	10X_down
1345	5	148	2	0.1	1.0	population_size_change	phylter_k_300	N573	10X_down
0	1350	0	150	0.1	1.0	population_size_change	phylter_k_020	N573	10X_down
0	1350	0	150	0.1	1.0	population_size_change	phylter_k_050	N573	10X_down
1252	23	213	12	0.15	1.0	population_size_change	phylter_k_155	N615	10X_down
1271	4	222	3	0.15	1.0	population_size_change	phylter_k_300	N615	10X_down
0	1275	0	225	0.15	1.0	population_size_change	phylter_k_020	N615	10X_down
0	1275	0	225	0.15	1.0	population_size_change	phylter_k_050	N615	10X_down
1100	25	366	9	0.25	1.0	population_size_change	phylter_k_155	N109	10X_down
0	1125	0	375	0.25	1.0	population_size_change	phylter_k_020	N109	10X_down
1125	0	375	0	0.25	1.0	population_size_change	phylter_k_300	N109	10X_down
1	1124	0	375	0.25	1.0	population_size_change	phylter_k_050	N109	10X_down
0	1470	0	30	0.02	1.0	population_size_change	phylter_k_020	N497	10X_up
1466	4	28	2	0.02	1.0	population_size_change	phylter_k_300	N497	10X_up
1420	50	26	4	0.02	1.0	population_size_change	phylter_k_155	N497	10X_up
0	1470	0	30	0.02	1.0	population_size_change	phylter_k_050	N497	10X_up
1189	11	296	4	0.2	1.0	population_size_change	phylter_k_155	N425	10X_up
8	1192	2	298	0.2	1.0	population_size_change	phylter_k_020	N425	10X_up
1199	1	300	0	0.2	1.0	population_size_change	phylter_k_300	N425	10X_up
0	1200	0	300	0.2	1.0	population_size_change	phylter_k_050	N425	10X_up
0	1275	0	225	0.15	1.0	population_size_change	phylter_k_050	N118	10X_up
0	1275	0	225	0.15	1.0	population_size_change	phylter_k_020	N118	10X_up
1275	0	225	0	0.15	1.0	population_size_change	phylter_k_300	N118	10X_up
1243	32	220	5	0.15	1.0	population_size_change	phylter_k_155	N118	10X_up
0	1350	0	150	0.1	1.0	population_size_change	phylter_k_050	N238	10X_up
1348	2	150	0	0.1	1.0	population_size_change	phylter_k_300	N238	10X_up
0	1350	0	150	0.1	1.0	population_size_change	phylter_k_020	N238	10X_up
1315	35	141	9	0.1	1.0	population_size_change	phylter_k_155	N238	10X_up
1	1424	0	75	0.05	1.0	population_size_change	phylter_k_050	N109	10X_down
1358	67	68	7	0.05	1.0	population_size_change	phylter_k_155	N109	10X_down
0	1425	0	75	0.05	1.0	population_size_change	phylter_k_020	N109	10X_down
1424	1	75	0	0.05	1.0	population_size_change	phylter_k_300	N109	10X_down
3	1272	0	225	0.15	1.0	population_size_change	phylter_k_050	N473	10X_down
1273	2	222	3	0.15	1.0	population_size_change	phylter_k_300	N473	10X_down
5	1270	0	225	0.15	1.0	population_size_change	phylter_k_020	N473	10X_down
1249	26	215	10	0.15	1.0	population_size_change	phylter_k_155	N473	10X_down
1325	25	142	8	0.1	1.0	population_size_change	phylter_k_155	N274	10X_down
1349	1	150	0	0.1	1.0	population_size_change	phylter_k_300	N274	10X_down
0	1350	0	150	0.1	1.0	population_size_change	phylter_k_020	N274	10X_down
0	1350	0	150	0.1	1.0	population_size_change	phylter_k_050	N274	10X_down
1250	25	214	11	0.15	1.0	population_size_change	phylter_k_155	N617	10X_up
1272	3	221	4	0.15	1.0	population_size_change	phylter_k_300	N617	10X_up
0	1275	0	225	0.15	1.0	population_size_change	phylter_k_020	N617	10X_up
0	1275	0	225	0.15	1.0	population_size_change	phylter_k_050	N617	10X_up
1345	5	148	2	0.1	1.0	population_size_change	phylter_k_300	N679	10X_up
0	1350	0	150	0.1	1.0	population_size_change	phylter_k_020	N679	10X_up
1322	28	137	13	0.1	1.0	population_size_change	phylter_k_155	N679	10X_up
221	1129	18	132	0.1	1.0	population_size_change	phylter_k_050	N679	10X_up
1105	20	369	6	0.25	1.0	population_size_change	phylter_k_155	N119	10X_down
0	1125	0	375	0.25	1.0	population_size_change	phylter_k_020	N119	10X_down
1125	0	374	1	0.25	1.0	population_size_change	phylter_k_300	N119	10X_down
0	1125	0	375	0.25	1.0	population_size_change	phylter_k_050	N119	10X_down
1415	55	30	0	0.02	1.0	population_size_change	phylter_k_155	N276	10X_down
1468	2	30	0	0.02	1.0	population_size_change	phylter_k_300	N276	10X_down
0	1470	0	30	0.02	1.0	population_size_change	phylter_k_020	N276	10X_down
0	1470	0	30	0.02	1.0	population_size_change	phylter_k_050	N276	10X_down
1391	34	71	4	0.05	1.0	population_size_change	phylter_k_155	N574	10X_down
1420	5	73	2	0.05	1.0	population_size_change	phylter_k_300	N574	10X_down
0	1425	0	75	0.05	1.0	population_size_change	phylter_k_020	N574	10X_down
0	1425	0	75	0.05	1.0	population_size_change	phylter_k_050	N574	10X_down
1370	55	71	4	0.05	1.0	population_size_change	phylter_k_155	N679	10X_down
1420	5	72	3	0.05	1.0	population_size_change	phylter_k_300	N679	10X_down
7	1418	0	75	0.05	1.0	population_size_change	phylter_k_020	N679	10X_down
290	1135	10	65	0.05	1.0	population_size_change	phylter_k_050	N679	10X_down
1253	22	215	10	0.15	1.0	population_size_change	phylter_k_155	N554	10X_up
13	1262	2	223	0.15	1.0	population_size_change	phylter_k_020	N554	10X_up
1273	2	223	2	0.15	1.0	population_size_change	phylter_k_300	N554	10X_up
10	1265	2	223	0.15	1.0	population_size_change	phylter_k_050	N554	10X_up
0	1125	0	375	0.25	1.0	population_size_change	phylter_k_050	N620	10X_up
1122	3	370	5	0.25	1.0	population_size_change	phylter_k_300	N620	10X_up
0	1125	0	375	0.25	1.0	population_size_change	phylter_k_020	N620	10X_up
1105	20	358	17	0.25	1.0	population_size_change	phylter_k_155	N620	10X_up
482	868	42	108	0.1	1.0	population_size_change	phylter_k_050	N651	10X_down
1330	20	142	8	0.1	1.0	population_size_change	phylter_k_155	N651	10X_down
627	723	64	86	0.1	1.0	population_size_change	phylter_k_020	N651	10X_down
1345	5	148	2	0.1	1.0	population_size_change	phylter_k_300	N651	10X_down
0	1425	0	75	0.05	1.0	population_size_change	phylter_k_050	N716	10X_up
1405	20	71	4	0.05	1.0	population_size_change	phylter_k_155	N716	10X_up
0	1425	0	75	0.05	1.0	population_size_change	phylter_k_020	N716	10X_up
1420	5	73	2	0.05	1.0	population_size_change	phylter_k_300	N716	10X_up
0	1425	0	75	0.05	1.0	population_size_change	phylter_k_050	N119	10X_down
1377	48	74	1	0.05	1.0	population_size_change	phylter_k_155	N119	10X_down
1424	1	75	0	0.05	1.0	population_size_change	phylter_k_300	N119	10X_down
0	1425	0	75	0.05	1.0	population_size_change	phylter_k_020	N119	10X_down
0	1470	0	30	0.02	1.0	population_size_change	phylter_k_050	N714	10X_up
1432	38	24	6	0.02	1.0	population_size_change	phylter_k_155	N714	10X_up
1465	5	28	2	0.02	1.0	population_size_change	phylter_k_300	N714	10X_up
0	1470	0	30	0.02	1.0	population_size_change	phylter_k_020	N714	10X_up
0	1125	0	375	0.25	1.0	population_size_change	phylter_k_050	N574	10X_down
1108	17	354	21	0.25	1.0	population_size_change	phylter_k_155	N574	10X_down
1124	1	369	6	0.25	1.0	population_size_change	phylter_k_300	N574	10X_down
0	1125	0	375	0.25	1.0	population_size_change	phylter_k_020	N574	10X_down
1	1349	1	149	0.1	1.0	population_size_change	phylter_k_050	N460	10X_down
247	1103	15	135	0.1	1.0	population_size_change	phylter_k_020	N460	10X_down
1349	1	150	0	0.1	1.0	population_size_change	phylter_k_300	N460	10X_down
1305	45	139	11	0.1	1.0	population_size_change	phylter_k_155	N460	10X_down
1121	4	370	5	0.25	1.0	population_size_change	phylter_k_300	N679	10X_down
7	1118	2	373	0.25	1.0	population_size_change	phylter_k_020	N679	10X_down
1105	20	359	16	0.25	1.0	population_size_change	phylter_k_155	N679	10X_down
16	1109	4	371	0.25	1.0	population_size_change	phylter_k_050	N679	10X_down
0	1470	0	30	0.02	1.0	population_size_change	phylter_k_050	N343	10X_down
1466	4	29	1	0.02	1.0	population_size_change	phylter_k_300	N343	10X_down
0	1470	0	30	0.02	1.0	population_size_change	phylter_k_020	N343	10X_down
1415	55	26	4	0.02	1.0	population_size_change	phylter_k_155	N343	10X_down
1376	94	27	3	0.02	1.0	population_size_change	phylter_k_155	N299	10X_down
0	1470	0	30	0.02	1.0	population_size_change	phylter_k_020	N299	10X_down
1467	3	30	0	0.02	1.0	population_size_change	phylter_k_300	N299	10X_down
0	1470	0	30	0.02	1.0	population_size_change	phylter_k_050	N299	10X_down
0	1200	0	300	0.2	1.0	population_size_change	phylter_k_050	N717	10X_down
0	1200	0	300	0.2	1.0	population_size_change	phylter_k_020	N717	10X_down
1198	2	295	5	0.2	1.0	population_size_change	phylter_k_300	N717	10X_down
1185	15	285	15	0.2	1.0	population_size_change	phylter_k_155	N717	10X_down
0	1200	0	300	0.2	1.0	population_size_change	phylter_k_050	N228	10X_up
1163	37	295	5	0.2	1.0	population_size_change	phylter_k_155	N228	10X_up
2	1198	2	298	0.2	1.0	population_size_change	phylter_k_020	N228	10X_up
1199	1	300	0	0.2	1.0	population_size_change	phylter_k_300	N228	10X_up
0	1200	0	300	0.2	1.0	population_size_change	phylter_k_050	N233	10X_up
0	1200	0	300	0.2	1.0	population_size_change	phylter_k_020	N233	10X_up
1199	1	300	0	0.2	1.0	population_size_change	phylter_k_300	N233	10X_up
1169	31	293	7	0.2	1.0	population_size_change	phylter_k_155	N233	10X_up
0	1350	0	150	0.1	1.0	population_size_change	phylter_k_050	N186	10X_down
1348	2	150	0	0.1	1.0	population_size_change	phylter_k_300	N186	10X_down
0	1350	0	150	0.1	1.0	population_size_change	phylter_k_020	N186	10X_down
1312	38	149	1	0.1	1.0	population_size_change	phylter_k_155	N186	10X_down
1387	83	29	1	0.02	1.0	population_size_change	phylter_k_155	N228	10X_down
2	1468	0	30	0.02	1.0	population_size_change	phylter_k_020	N228	10X_down
1468	2	30	0	0.02	1.0	population_size_change	phylter_k_300	N228	10X_down
0	1470	0	30	0.02	1.0	population_size_change	phylter_k_050	N228	10X_down
1384	86	27	3	0.02	1.0	population_size_change	phylter_k_155	N281	10X_up
1469	1	30	0	0.02	1.0	population_size_change	phylter_k_300	N281	10X_up
1	1469	0	30	0.02	1.0	population_size_change	phylter_k_020	N281	10X_up
0	1470	0	30	0.02	1.0	population_size_change	phylter_k_050	N281	10X_up
1250	25	215	10	0.15	1.0	population_size_change	phylter_k_155	N399	10X_up
0	1275	0	225	0.15	1.0	population_size_change	phylter_k_020	N399	10X_up
1272	3	223	2	0.15	1.0	population_size_change	phylter_k_300	N399	10X_up
0	1275	0	225	0.15	1.0	population_size_change	phylter_k_050	N399	10X_up
1196	4	295	5	0.2	1.0	population_size_change	phylter_k_300	N707	10X_down
0	1200	0	300	0.2	1.0	population_size_change	phylter_k_020	N707	10X_down
1180	20	289	11	0.2	1.0	population_size_change	phylter_k_155	N707	10X_down
0	1200	0	300	0.2	1.0	population_size_change	phylter_k_050	N707	10X_down
1412	58	27	3	0.02	1.0	population_size_change	phylter_k_155	N616	10X_up
1466	4	28	2	0.02	1.0	population_size_change	phylter_k_300	N616	10X_up
0	1470	0	30	0.02	1.0	population_size_change	phylter_k_020	N616	10X_up
0	1470	0	30	0.02	1.0	population_size_change	phylter_k_050	N616	10X_up
1122	3	371	4	0.25	1.0	population_size_change	phylter_k_300	N638	10X_down
0	1125	0	375	0.25	1.0	population_size_change	phylter_k_020	N638	10X_down
1111	14	364	11	0.25	1.0	population_size_change	phylter_k_155	N638	10X_down
0	1125	0	375	0.25	1.0	population_size_change	phylter_k_050	N638	10X_down
0	1125	0	375	0.25	1.0	population_size_change	phylter_k_050	N544	10X_up
1	1124	0	375	0.25	1.0	population_size_change	phylter_k_020	N544	10X_up
1121	4	372	3	0.25	1.0	population_size_change	phylter_k_300	N544	10X_up
1107	18	360	15	0.25	1.0	population_size_change	phylter_k_155	N544	10X_up
0	1470	0	30	0.02	1.0	population_size_change	phylter_k_050	N159	10X_up
0	1470	0	30	0.02	1.0	population_size_change	phylter_k_020	N159	10X_up
1468	2	30	0	0.02	1.0	population_size_change	phylter_k_300	N159	10X_up
1394	76	28	2	0.02	1.0	population_size_change	phylter_k_155	N159	10X_up
1	1424	0	75	0.05	1.0	population_size_change	phylter_k_050	N638	10X_down
1400	25	72	3	0.05	1.0	population_size_change	phylter_k_155	N638	10X_down
293	1132	10	65	0.05	1.0	population_size_change	phylter_k_020	N638	10X_down
1422	3	73	2	0.05	1.0	population_size_change	phylter_k_300	N638	10X_down
1321	29	146	4	0.1	1.0	population_size_change	phylter_k_155	N233	10X_up
1	1349	0	150	0.1	1.0	population_size_change	phylter_k_020	N233	10X_up
1348	2	150	0	0.1	1.0	population_size_change	phylter_k_300	N233	10X_up
0	1350	0	150	0.1	1.0	population_size_change	phylter_k_050	N233	10X_up
0	1275	0	225	0.15	1.0	population_size_change	phylter_k_050	N114	10X_down
0	1275	0	225	0.15	1.0	population_size_change	phylter_k_020	N114	10X_down
1275	0	225	0	0.15	1.0	population_size_change	phylter_k_300	N114	10X_down
1239	36	217	8	0.15	1.0	population_size_change	phylter_k_155	N114	10X_down
1422	48	24	6	0.02	1.0	population_size_change	phylter_k_155	N709	10X_up
0	1470	0	30	0.02	1.0	population_size_change	phylter_k_020	N709	10X_up
1465	5	28	2	0.02	1.0	population_size_change	phylter_k_300	N709	10X_up
0	1470	0	30	0.02	1.0	population_size_change	phylter_k_050	N709	10X_up
1370	100	27	3	0.02	1.0	population_size_change	phylter_k_155	N220	10X_up
1463	7	30	0	0.02	1.0	population_size_change	phylter_k_300	N220	10X_up
0	1470	0	30	0.02	1.0	population_size_change	phylter_k_020	N220	10X_up
0	1470	0	30	0.02	1.0	population_size_change	phylter_k_050	N220	10X_up
0	1350	0	150	0.1	1.0	population_size_change	phylter_k_050	N575	10X_down
1314	36	146	4	0.1	1.0	population_size_change	phylter_k_155	N575	10X_down
1345	5	149	1	0.1	1.0	population_size_change	phylter_k_300	N575	10X_down
0	1350	0	150	0.1	1.0	population_size_change	phylter_k_020	N575	10X_down
1	1469	0	30	0.02	1.0	population_size_change	phylter_k_020	Nyctibiidae	10X_up
1465	5	30	0	0.02	1.0	population_size_change	phylter_k_300	Nyctibiidae	10X_up
1376	94	28	2	0.02	1.0	population_size_change	phylter_k_155	Nyctibiidae	10X_up
0	1470	0	30	0.02	1.0	population_size_change	phylter_k_050	Nyctibiidae	10X_up
0	1350	0	150	0.1	1.0	population_size_change	phylter_k_050	N228	10X_up
1311	39	146	4	0.1	1.0	population_size_change	phylter_k_155	N228	10X_up
1349	1	150	0	0.1	1.0	population_size_change	phylter_k_300	N228	10X_up
4	1346	1	149	0.1	1.0	population_size_change	phylter_k_020	N228	10X_up
0	1275	0	225	0.15	1.0	population_size_change	phylter_k_050	N544	10X_up
1251	24	213	12	0.15	1.0	population_size_change	phylter_k_155	N544	10X_up
0	1275	0	225	0.15	1.0	population_size_change	phylter_k_020	N544	10X_up
1271	4	221	4	0.15	1.0	population_size_change	phylter_k_300	N544	10X_up
3	1467	0	30	0.02	1.0	population_size_change	phylter_k_050	N579	10X_up
2	1468	0	30	0.02	1.0	population_size_change	phylter_k_020	N579	10X_up
1465	5	28	2	0.02	1.0	population_size_change	phylter_k_300	N579	10X_up
1420	50	25	5	0.02	1.0	population_size_change	phylter_k_155	N579	10X_up
1395	30	68	7	0.05	1.0	population_size_change	phylter_k_155	N498	10X_down
1421	4	73	2	0.05	1.0	population_size_change	phylter_k_300	N498	10X_down
0	1425	0	75	0.05	1.0	population_size_change	phylter_k_020	N498	10X_down
0	1425	0	75	0.05	1.0	population_size_change	phylter_k_050	N498	10X_down
0	1350	0	150	0.1	1.0	population_size_change	phylter_k_050	N532	10X_down
1317	33	140	10	0.1	1.0	population_size_change	phylter_k_155	N532	10X_down
1347	3	148	2	0.1	1.0	population_size_change	phylter_k_300	N532	10X_down
0	1350	0	150	0.1	1.0	population_size_change	phylter_k_020	N532	10X_down
3	1422	0	75	0.05	1.0	population_size_change	phylter_k_050	N635	10X_up
1422	3	75	0	0.05	1.0	population_size_change	phylter_k_300	N635	10X_up
264	1161	12	63	0.05	1.0	population_size_change	phylter_k_020	N635	10X_up
1384	41	72	3	0.05	1.0	population_size_change	phylter_k_155	N635	10X_up
1105	20	364	11	0.25	1.0	population_size_change	phylter_k_155	N399	10X_up
1123	2	371	4	0.25	1.0	population_size_change	phylter_k_300	N399	10X_up
0	1125	0	375	0.25	1.0	population_size_change	phylter_k_020	N399	10X_up
0	1125	0	375	0.25	1.0	population_size_change	phylter_k_050	N399	10X_up
1184	16	297	3	0.2	1.0	population_size_change	phylter_k_155	N276	10X_down
1200	0	300	0	0.2	1.0	population_size_change	phylter_k_300	N276	10X_down
0	1200	0	300	0.2	1.0	population_size_change	phylter_k_020	N276	10X_down
0	1200	0	300	0.2	1.0	population_size_change	phylter_k_050	N276	10X_down
0	1125	0	375	0.25	1.0	population_size_change	phylter_k_050	N498	10X_down
1111	14	363	12	0.25	1.0	population_size_change	phylter_k_155	N498	10X_down
1123	2	372	3	0.25	1.0	population_size_change	phylter_k_300	N498	10X_down
0	1125	0	375	0.25	1.0	population_size_change	phylter_k_020	N498	10X_down
345	1005	46	104	0.1	1.0	population_size_change	phylter_k_020	N459	10X_down
1347	3	148	2	0.1	1.0	population_size_change	phylter_k_300	N459	10X_down
1331	19	147	3	0.1	1.0	population_size_change	phylter_k_155	N459	10X_down
2	1348	0	150	0.1	1.0	population_size_change	phylter_k_050	N459	10X_down
1177	23	289	11	0.2	1.0	population_size_change	phylter_k_155	N399	10X_up
0	1200	0	300	0.2	1.0	population_size_change	phylter_k_020	N399	10X_up
1198	2	296	4	0.2	1.0	population_size_change	phylter_k_300	N399	10X_up
0	1200	0	300	0.2	1.0	population_size_change	phylter_k_050	N399	10X_up
1	1424	0	75	0.05	1.0	population_size_change	phylter_k_050	N459	10X_down
1392	33	69	6	0.05	1.0	population_size_change	phylter_k_155	N459	10X_down
21	1404	0	75	0.05	1.0	population_size_change	phylter_k_020	N459	10X_down
1422	3	73	2	0.05	1.0	population_size_change	phylter_k_300	N459	10X_down
0	1125	0	375	0.25	1.0	population_size_change	phylter_k_050	N532	10X_down
1107	18	365	10	0.25	1.0	population_size_change	phylter_k_155	N532	10X_down
3	1122	2	373	0.25	1.0	population_size_change	phylter_k_020	N532	10X_down
1122	3	372	3	0.25	1.0	population_size_change	phylter_k_300	N532	10X_down
0	1425	0	75	0.05	1.0	population_size_change	phylter_k_050	N281	10X_up
1349	76	69	6	0.05	1.0	population_size_change	phylter_k_155	N281	10X_up
1424	1	75	0	0.05	1.0	population_size_change	phylter_k_300	N281	10X_up
3	1422	0	75	0.05	1.0	population_size_change	phylter_k_020	N281	10X_up
0	1275	0	225	0.15	1.0	population_size_change	phylter_k_050	Nyctibiidae	10X_up
1224	51	213	12	0.15	1.0	population_size_change	phylter_k_155	Nyctibiidae	10X_up
1273	2	225	0	0.15	1.0	population_size_change	phylter_k_300	Nyctibiidae	10X_up
1	1274	0	225	0.15	1.0	population_size_change	phylter_k_020	Nyctibiidae	10X_up
1274	1	225	0	0.15	1.0	population_size_change	phylter_k_300	N276	10X_down
0	1275	0	225	0.15	1.0	population_size_change	phylter_k_020	N276	10X_down
1253	22	221	4	0.15	1.0	population_size_change	phylter_k_155	N276	10X_down
0	1275	0	225	0.15	1.0	population_size_change	phylter_k_050	N276	10X_down
1325	25	142	8	0.1	1.0	population_size_change	phylter_k_155	N544	10X_up
0	1350	0	150	0.1	1.0	population_size_change	phylter_k_020	N544	10X_up
1346	4	147	3	0.1	1.0	population_size_change	phylter_k_300	N544	10X_up
0	1350	0	150	0.1	1.0	population_size_change	phylter_k_050	N544	10X_up
1124	1	371	4	0.25	1.0	population_size_change	phylter_k_300	N459	10X_down
6	1119	0	375	0.25	1.0	population_size_change	phylter_k_020	N459	10X_down
1111	14	366	9	0.25	1.0	population_size_change	phylter_k_155	N459	10X_down
4	1121	1	374	0.25	1.0	population_size_change	phylter_k_050	N459	10X_down
1367	58	66	9	0.05	1.0	population_size_change	phylter_k_155	N532	10X_down
1	1424	0	75	0.05	1.0	population_size_change	phylter_k_020	N532	10X_down
1422	3	73	2	0.05	1.0	population_size_change	phylter_k_300	N532	10X_down
0	1425	0	75	0.05	1.0	population_size_change	phylter_k_050	N532	10X_down
0	1350	0	150	0.1	1.0	population_size_change	phylter_k_050	N498	10X_down
0	1350	0	150	0.1	1.0	population_size_change	phylter_k_020	N498	10X_down
1346	4	148	2	0.1	1.0	population_size_change	phylter_k_300	N498	10X_down
1333	17	144	6	0.1	1.0	population_size_change	phylter_k_155	N498	10X_down
1168	32	291	9	0.2	1.0	population_size_change	phylter_k_155	N114	10X_down
1200	0	300	0	0.2	1.0	population_size_change	phylter_k_300	N114	10X_down
0	1200	0	300	0.2	1.0	population_size_change	phylter_k_020	N114	10X_down
0	1200	0	300	0.2	1.0	population_size_change	phylter_k_050	N114	10X_down
1423	2	75	0	0.05	1.0	population_size_change	phylter_k_300	N159	10X_up
0	1425	0	75	0.05	1.0	population_size_change	phylter_k_020	N159	10X_up
1379	46	74	1	0.05	1.0	population_size_change	phylter_k_155	N159	10X_up
0	1425	0	75	0.05	1.0	population_size_change	phylter_k_050	N159	10X_up
0	1425	0	75	0.05	1.0	population_size_change	phylter_k_050	N575	10X_down
0	1425	0	75	0.05	1.0	population_size_change	phylter_k_020	N575	10X_down
1420	5	74	1	0.05	1.0	population_size_change	phylter_k_300	N575	10X_down
1397	28	73	2	0.05	1.0	population_size_change	phylter_k_155	N575	10X_down
1274	1	225	0	0.15	1.0	population_size_change	phylter_k_300	N228	10X_up
4	1271	4	221	0.15	1.0	population_size_change	phylter_k_020	N228	10X_up
1241	34	220	5	0.15	1.0	population_size_change	phylter_k_155	N228	10X_up
0	1275	0	225	0.15	1.0	population_size_change	phylter_k_050	N228	10X_up
3	1467	0	30	0.02	1.0	population_size_change	phylter_k_050	N473	10X_down
1434	36	25	5	0.02	1.0	population_size_change	phylter_k_155	N473	10X_down
19	1451	0	30	0.02	1.0	population_size_change	phylter_k_020	N473	10X_down
1466	4	28	2	0.02	1.0	population_size_change	phylter_k_300	N473	10X_down
0	1275	0	225	0.15	1.0	population_size_change	phylter_k_050	N233	10X_up
1275	0	225	0	0.15	1.0	population_size_change	phylter_k_300	N233	10X_up
0	1275	0	225	0.15	1.0	population_size_change	phylter_k_020	N233	10X_up
1246	29	221	4	0.15	1.0	population_size_change	phylter_k_155	N233	10X_up
1122	3	371	4	0.25	1.0	population_size_change	phylter_k_300	N575	10X_down
0	1125	0	375	0.25	1.0	population_size_change	phylter_k_020	N575	10X_down
1105	20	364	11	0.25	1.0	population_size_change	phylter_k_155	N575	10X_down
0	1125	0	375	0.25	1.0	population_size_change	phylter_k_050	N575	10X_down
0	1425	0	75	0.05	1.0	population_size_change	phylter_k_050	N616	10X_up
1396	29	70	5	0.05	1.0	population_size_change	phylter_k_155	N616	10X_up
0	1425	0	75	0.05	1.0	population_size_change	phylter_k_020	N616	10X_up
1421	4	73	2	0.05	1.0	population_size_change	phylter_k_300	N616	10X_up
1466	4	29	1	0.02	1.0	population_size_change	phylter_k_300	N615	10X_down
0	1470	0	30	0.02	1.0	population_size_change	phylter_k_020	N615	10X_down
1422	48	24	6	0.02	1.0	population_size_change	phylter_k_155	N615	10X_down
0	1470	0	30	0.02	1.0	population_size_change	phylter_k_050	N615	10X_down
0	1200	0	300	0.2	1.0	population_size_change	phylter_k_050	N544	10X_up
1175	25	283	17	0.2	1.0	population_size_change	phylter_k_155	N544	10X_up
1	1199	0	300	0.2	1.0	population_size_change	phylter_k_020	N544	10X_up
1196	4	295	5	0.2	1.0	population_size_change	phylter_k_300	N544	10X_up
1271	4	222	3	0.15	1.0	population_size_change	phylter_k_300	N707	10X_down
0	1275	0	225	0.15	1.0	population_size_change	phylter_k_020	N707	10X_down
1249	26	213	12	0.15	1.0	population_size_change	phylter_k_155	N707	10X_down
0	1275	0	225	0.15	1.0	population_size_change	phylter_k_050	N707	10X_down
1	1349	0	150	0.1	1.0	population_size_change	phylter_k_050	N638	10X_down
1327	23	145	5	0.1	1.0	population_size_change	phylter_k_155	N638	10X_down
190	1160	17	133	0.1	1.0	population_size_change	phylter_k_020	N638	10X_down
1347	3	148	2	0.1	1.0	population_size_change	phylter_k_300	N638	10X_down
1326	24	146	4	0.1	1.0	population_size_change	phylter_k_155	N399	10X_up
1348	2	148	2	0.1	1.0	population_size_change	phylter_k_300	N399	10X_up
0	1350	0	150	0.1	1.0	population_size_change	phylter_k_020	N399	10X_up
0	1350	0	150	0.1	1.0	population_size_change	phylter_k_050	N399	10X_up
0	1425	0	75	0.05	1.0	population_size_change	phylter_k_050	N709	10X_up
1380	45	64	11	0.05	1.0	population_size_change	phylter_k_155	N709	10X_up
0	1425	0	75	0.05	1.0	population_size_change	phylter_k_020	N709	10X_up
1422	3	73	2	0.05	1.0	population_size_change	phylter_k_300	N709	10X_up
1361	64	72	3	0.05	1.0	population_size_change	phylter_k_155	N220	10X_up
0	1425	0	75	0.05	1.0	population_size_change	phylter_k_020	N220	10X_up
1421	4	75	0	0.05	1.0	population_size_change	phylter_k_300	N220	10X_up
0	1425	0	75	0.05	1.0	population_size_change	phylter_k_050	N220	10X_up
0	1425	0	75	0.05	1.0	population_size_change	phylter_k_050	N186	10X_down
1422	3	75	0	0.05	1.0	population_size_change	phylter_k_300	N186	10X_down
1	1424	0	75	0.05	1.0	population_size_change	phylter_k_020	N186	10X_down
1385	40	72	3	0.05	1.0	population_size_change	phylter_k_155	N186	10X_down
1105	20	366	9	0.25	1.0	population_size_change	phylter_k_155	N233	10X_up
0	1125	0	375	0.25	1.0	population_size_change	phylter_k_020	N233	10X_up
1125	0	374	1	0.25	1.0	population_size_change	phylter_k_300	N233	10X_up
1	1124	0	375	0.25	1.0	population_size_change	phylter_k_050	N233	10X_up
0	1275	0	225	0.15	1.0	population_size_change	phylter_k_020	N717	10X_down
1272	3	221	4	0.15	1.0	population_size_change	phylter_k_300	N717	10X_down
1257	18	209	16	0.15	1.0	population_size_change	phylter_k_155	N717	10X_down
0	1275	0	225	0.15	1.0	population_size_change	phylter_k_050	N717	10X_down
0	1125	0	375	0.25	1.0	population_size_change	phylter_k_050	N186	10X_down
1099	26	369	6	0.25	1.0	population_size_change	phylter_k_155	N186	10X_down
0	1125	0	375	0.25	1.0	population_size_change	phylter_k_020	N186	10X_down
1125	0	375	0	0.25	1.0	population_size_change	phylter_k_300	N186	10X_down
1420	5	73	2	0.05	1.0	population_size_change	phylter_k_300	N579	10X_up
1	1424	0	75	0.05	1.0	population_size_change	phylter_k_020	N579	10X_up
1395	30	69	6	0.05	1.0	population_size_change	phylter_k_155	N579	10X_up
4	1421	1	74	0.05	1.0	population_size_change	phylter_k_050	N579	10X_up
1094	31	366	9	0.25	1.0	population_size_change	phylter_k_155	N228	10X_up
1125	0	375	0	0.25	1.0	population_size_change	phylter_k_300	N228	10X_up
7	1118	3	372	0.25	1.0	population_size_change	phylter_k_020	N228	10X_up
1	1124	0	375	0.25	1.0	population_size_change	phylter_k_050	N228	10X_up
3	1467	0	30	0.02	1.0	population_size_change	phylter_k_050	N635	10X_up
1421	49	28	2	0.02	1.0	population_size_change	phylter_k_155	N635	10X_up
1465	5	30	0	0.02	1.0	population_size_change	phylter_k_300	N635	10X_up
198	1272	4	26	0.02	1.0	population_size_change	phylter_k_020	N635	10X_up
0	1275	0	225	0.15	1.0	population_size_change	phylter_k_050	N690	10X_up
1250	25	211	14	0.15	1.0	population_size_change	phylter_k_155	N690	10X_up
1271	4	221	4	0.15	1.0	population_size_change	phylter_k_300	N690	10X_up
0	1275	0	225	0.15	1.0	population_size_change	phylter_k_020	N690	10X_up
0	1125	0	375	0.25	1.0	population_size_change	phylter_k_020	N497	10X_up
1123	2	373	2	0.25	1.0	population_size_change	phylter_k_300	N497	10X_up
1112	13	363	12	0.25	1.0	population_size_change	phylter_k_155	N497	10X_up
0	1125	0	375	0.25	1.0	population_size_change	phylter_k_050	N497	10X_up
0	1350	0	150	0.1	1.0	population_size_change	phylter_k_050	N716	10X_up
1336	14	145	5	0.1	1.0	population_size_change	phylter_k_155	N716	10X_up
0	1350	0	150	0.1	1.0	population_size_change	phylter_k_020	N716	10X_up
1346	4	149	1	0.1	1.0	population_size_change	phylter_k_300	N716	10X_up
1330	20	144	6	0.1	1.0	population_size_change	phylter_k_155	N707	10X_down
0	1350	0	150	0.1	1.0	population_size_change	phylter_k_020	N707	10X_down
1346	4	149	1	0.1	1.0	population_size_change	phylter_k_300	N707	10X_down
0	1350	0	150	0.1	1.0	population_size_change	phylter_k_050	N707	10X_down
3	1272	0	225	0.15	1.0	population_size_change	phylter_k_050	N638	10X_down
1272	3	223	2	0.15	1.0	population_size_change	phylter_k_300	N638	10X_down
393	882	60	165	0.15	1.0	population_size_change	phylter_k_020	N638	10X_down
1258	17	219	6	0.15	1.0	population_size_change	phylter_k_155	N638	10X_down
0	1470	0	30	0.02	1.0	population_size_change	phylter_k_050	N573	10X_down
1465	5	28	2	0.02	1.0	population_size_change	phylter_k_300	N573	10X_down
0	1470	0	30	0.02	1.0	population_size_change	phylter_k_020	N573	10X_down
1409	61	28	2	0.02	1.0	population_size_change	phylter_k_155	N573	10X_down
240	1185	9	66	0.05	1.0	population_size_change	phylter_k_050	N679	10X_up
1373	52	64	11	0.05	1.0	population_size_change	phylter_k_155	N679	10X_up
8	1417	0	75	0.05	1.0	population_size_change	phylter_k_020	N679	10X_up
1419	6	73	2	0.05	1.0	population_size_change	phylter_k_300	N679	10X_up
0	1200	0	300	0.2	1.0	population_size_change	phylter_k_050	N186	10X_down
1168	32	295	5	0.2	1.0	population_size_change	phylter_k_155	N186	10X_down
13	1187	3	297	0.2	1.0	population_size_change	phylter_k_020	N186	10X_down
1199	1	300	0	0.2	1.0	population_size_change	phylter_k_300	N186	10X_down
0	1125	0	375	0.25	1.0	population_size_change	phylter_k_050	N714	10X_up
1111	14	362	13	0.25	1.0	population_size_change	phylter_k_155	N714	10X_up
1122	3	373	2	0.25	1.0	population_size_change	phylter_k_300	N714	10X_up
0	1125	0	375	0.25	1.0	population_size_change	phylter_k_020	N714	10X_up
1347	3	148	2	0.1	1.0	population_size_change	phylter_k_300	N717	10X_down
0	1350	0	150	0.1	1.0	population_size_change	phylter_k_020	N717	10X_down
1336	14	143	7	0.1	1.0	population_size_change	phylter_k_155	N717	10X_down
0	1350	0	150	0.1	1.0	population_size_change	phylter_k_050	N717	10X_down
0	1425	0	75	0.05	1.0	population_size_change	phylter_k_050	N238	10X_up
0	1425	0	75	0.05	1.0	population_size_change	phylter_k_020	N238	10X_up
1423	2	75	0	0.05	1.0	population_size_change	phylter_k_300	N238	10X_up
1358	67	67	8	0.05	1.0	population_size_change	phylter_k_155	N238	10X_up
0	1470	0	30	0.02	1.0	population_size_change	phylter_k_020	N620	10X_up
1465	5	28	2	0.02	1.0	population_size_change	phylter_k_300	N620	10X_up
1414	56	25	5	0.02	1.0	population_size_change	phylter_k_155	N620	10X_up
0	1470	0	30	0.02	1.0	population_size_change	phylter_k_050	N620	10X_up
0	1275	0	225	0.15	1.0	population_size_change	phylter_k_050	Accipitriformes	10X_up
1226	49	214	11	0.15	1.0	population_size_change	phylter_k_155	Accipitriformes	10X_up
1273	2	224	1	0.15	1.0	population_size_change	phylter_k_300	Accipitriformes	10X_up
0	1275	0	225	0.15	1.0	population_size_change	phylter_k_020	Accipitriformes	10X_up
0	1470	0	30	0.02	1.0	population_size_change	phylter_k_050	N617	10X_up
1429	41	26	4	0.02	1.0	population_size_change	phylter_k_155	N617	10X_up
0	1470	0	30	0.02	1.0	population_size_change	phylter_k_020	N617	10X_up
1466	4	28	2	0.02	1.0	population_size_change	phylter_k_300	N617	10X_up
1	1199	0	300	0.2	1.0	population_size_change	phylter_k_020	N459	10X_down
1199	1	296	4	0.2	1.0	population_size_change	phylter_k_300	N459	10X_down
1187	13	293	7	0.2	1.0	population_size_change	phylter_k_155	N459	10X_down
0	1200	0	300	0.2	1.0	population_size_change	phylter_k_050	N459	10X_down
0	1275	0	225	0.15	1.0	population_size_change	phylter_k_050	N498	10X_down
1260	15	215	10	0.15	1.0	population_size_change	phylter_k_155	N498	10X_down
0	1275	0	225	0.15	1.0	population_size_change	phylter_k_020	N498	10X_down
1271	4	222	3	0.15	1.0	population_size_change	phylter_k_300	N498	10X_down
0	1350	0	150	0.1	1.0	population_size_change	phylter_k_050	N276	10X_down
1348	2	150	0	0.1	1.0	population_size_change	phylter_k_300	N276	10X_down
0	1350	0	150	0.1	1.0	population_size_change	phylter_k_020	N276	10X_down
1321	29	149	1	0.1	1.0	population_size_change	phylter_k_155	N276	10X_down
1199	1	299	1	0.2	1.0	population_size_change	phylter_k_300	Accipitriformes	10X_up
0	1200	0	300	0.2	1.0	population_size_change	phylter_k_020	Accipitriformes	10X_up
1147	53	288	12	0.2	1.0	population_size_change	phylter_k_155	Accipitriformes	10X_up
0	1200	0	300	0.2	1.0	population_size_change	phylter_k_050	Accipitriformes	10X_up
1	1199	0	300	0.2	1.0	population_size_change	phylter_k_020	N532	10X_down
1197	3	297	3	0.2	1.0	population_size_change	phylter_k_300	N532	10X_down
1178	22	290	10	0.2	1.0	population_size_change	phylter_k_155	N532	10X_down
0	1200	0	300	0.2	1.0	population_size_change	phylter_k_050	N532	10X_down
1465	5	28	2	0.02	1.0	population_size_change	phylter_k_300	N651	10X_down
559	911	11	19	0.02	1.0	population_size_change	phylter_k_020	N651	10X_down
1424	46	25	5	0.02	1.0	population_size_change	phylter_k_155	N651	10X_down
369	1101	4	26	0.02	1.0	population_size_change	phylter_k_050	N651	10X_down
0	1470	0	30	0.02	1.0	population_size_change	phylter_k_050	N118	10X_up
1469	1	30	0	0.02	1.0	population_size_change	phylter_k_300	N118	10X_up
0	1470	0	30	0.02	1.0	population_size_change	phylter_k_020	N118	10X_up
1399	71	27	3	0.02	1.0	population_size_change	phylter_k_155	N118	10X_up
0	1125	0	375	0.25	1.0	population_size_change	phylter_k_050	N690	10X_up
0	1125	0	375	0.25	1.0	population_size_change	phylter_k_020	N690	10X_up
1121	4	369	6	0.25	1.0	population_size_change	phylter_k_300	N690	10X_up
1109	16	362	13	0.25	1.0	population_size_change	phylter_k_155	N690	10X_up
181	1289	1	29	0.02	1.0	population_size_change	phylter_k_020	N460	10X_down
1467	3	30	0	0.02	1.0	population_size_change	phylter_k_300	N460	10X_down
1421	49	24	6	0.02	1.0	population_size_change	phylter_k_155	N460	10X_down
1	1469	0	30	0.02	1.0	population_size_change	phylter_k_050	N460	10X_down
0	1275	0	225	0.15	1.0	population_size_change	phylter_k_050	N497	10X_up
1273	2	222	3	0.15	1.0	population_size_change	phylter_k_300	N497	10X_up
0	1275	0	225	0.15	1.0	population_size_change	phylter_k_020	N497	10X_up
1257	18	212	13	0.15	1.0	population_size_change	phylter_k_155	N497	10X_up
1189	11	287	13	0.2	1.0	population_size_change	phylter_k_155	N716	10X_up
0	1200	0	300	0.2	1.0	population_size_change	phylter_k_020	N716	10X_up
1199	1	296	4	0.2	1.0	population_size_change	phylter_k_300	N716	10X_up
0	1200	0	300	0.2	1.0	population_size_change	phylter_k_050	N716	10X_up
1393	32	72	3	0.05	1.0	population_size_change	phylter_k_155	N425	10X_up
1423	2	75	0	0.05	1.0	population_size_change	phylter_k_300	N425	10X_up
2	1423	0	75	0.05	1.0	population_size_change	phylter_k_020	N425	10X_up
0	1425	0	75	0.05	1.0	population_size_change	phylter_k_050	N425	10X_up
1271	4	223	2	0.15	1.0	population_size_change	phylter_k_300	N714	10X_up
0	1275	0	225	0.15	1.0	population_size_change	phylter_k_020	N714	10X_up
1261	14	216	9	0.15	1.0	population_size_change	phylter_k_155	N714	10X_up
0	1275	0	225	0.15	1.0	population_size_change	phylter_k_050	N714	10X_up
20	1450	0	30	0.02	1.0	population_size_change	phylter_k_050	N554	10X_up
1465	5	30	0	0.02	1.0	population_size_change	phylter_k_300	N554	10X_up
215	1255	3	27	0.02	1.0	population_size_change	phylter_k_020	N554	10X_up
1434	36	24	6	0.02	1.0	population_size_change	phylter_k_155	N554	10X_up
0	1425	0	75	0.05	1.0	population_size_change	phylter_k_050	N114	10X_down
1366	59	70	5	0.05	1.0	population_size_change	phylter_k_155	N114	10X_down
1424	1	75	0	0.05	1.0	population_size_change	phylter_k_300	N114	10X_down
0	1425	0	75	0.05	1.0	population_size_change	phylter_k_020	N114	10X_down
1180	20	291	9	0.2	1.0	population_size_change	phylter_k_155	N575	10X_down
0	1200	0	300	0.2	1.0	population_size_change	phylter_k_020	N575	10X_down
1196	4	295	5	0.2	1.0	population_size_change	phylter_k_300	N575	10X_down
0	1200	0	300	0.2	1.0	population_size_change	phylter_k_050	N575	10X_down
1468	2	30	0	0.02	1.0	population_size_change	phylter_k_300	N274	10X_down
0	1470	0	30	0.02	1.0	population_size_change	phylter_k_020	N274	10X_down
1407	63	30	0	0.02	1.0	population_size_change	phylter_k_155	N274	10X_down
0	1470	0	30	0.02	1.0	population_size_change	phylter_k_050	N274	10X_down
0	1125	0	375	0.25	1.0	population_size_change	phylter_k_050	N114	10X_down
0	1125	0	375	0.25	1.0	population_size_change	phylter_k_020	N114	10X_down
1125	0	375	0	0.25	1.0	population_size_change	phylter_k_300	N114	10X_down
1097	28	363	12	0.25	1.0	population_size_change	phylter_k_155	N114	10X_down
1392	78	23	7	0.02	1.0	population_size_change	phylter_k_155	N109	10X_down
0	1470	0	30	0.02	1.0	population_size_change	phylter_k_020	N109	10X_down
1469	1	30	0	0.02	1.0	population_size_change	phylter_k_300	N109	10X_down
0	1470	0	30	0.02	1.0	population_size_change	phylter_k_050	N109	10X_down
1421	4	74	1	0.05	1.0	population_size_change	phylter_k_300	Accipitriformes	10X_up
1	1424	0	75	0.05	1.0	population_size_change	phylter_k_020	Accipitriformes	10X_up
1353	72	70	5	0.05	1.0	population_size_change	phylter_k_155	Accipitriformes	10X_up
0	1425	0	75	0.05	1.0	population_size_change	phylter_k_050	Accipitriformes	10X_up
0	1275	0	225	0.15	1.0	population_size_change	phylter_k_050	N575	10X_down
0	1275	0	225	0.15	1.0	population_size_change	phylter_k_020	N575	10X_down
1270	5	222	3	0.15	1.0	population_size_change	phylter_k_300	N575	10X_down
1253	22	219	6	0.15	1.0	population_size_change	phylter_k_155	N575	10X_down
0	1350	0	150	0.1	1.0	population_size_change	phylter_k_050	N714	10X_up
1335	15	143	7	0.1	1.0	population_size_change	phylter_k_155	N714	10X_up
1346	4	148	2	0.1	1.0	population_size_change	phylter_k_300	N714	10X_up
0	1350	0	150	0.1	1.0	population_size_change	phylter_k_020	N714	10X_up
0	1350	0	150	0.1	1.0	population_size_change	phylter_k_050	N114	10X_down
0	1350	0	150	0.1	1.0	population_size_change	phylter_k_020	N114	10X_down
1349	1	150	0	0.1	1.0	population_size_change	phylter_k_300	N114	10X_down
1309	41	145	5	0.1	1.0	population_size_change	phylter_k_155	N114	10X_down
0	1470	0	30	0.02	1.0	population_size_change	phylter_k_050	N119	10X_down
1433	37	30	0	0.02	1.0	population_size_change	phylter_k_155	N119	10X_down
1469	1	30	0	0.02	1.0	population_size_change	phylter_k_300	N119	10X_down
0	1470	0	30	0.02	1.0	population_size_change	phylter_k_020	N119	10X_down
0	1200	0	300	0.2	1.0	population_size_change	phylter_k_050	N498	10X_down
1197	3	297	3	0.2	1.0	population_size_change	phylter_k_300	N498	10X_down
0	1200	0	300	0.2	1.0	population_size_change	phylter_k_020	N498	10X_down
1187	13	288	12	0.2	1.0	population_size_change	phylter_k_155	N498	10X_down
1402	68	26	4	0.02	1.0	population_size_change	phylter_k_155	N238	10X_up
1468	2	30	0	0.02	1.0	population_size_change	phylter_k_300	N238	10X_up
0	1470	0	30	0.02	1.0	population_size_change	phylter_k_020	N238	10X_up
0	1470	0	30	0.02	1.0	population_size_change	phylter_k_050	N238	10X_up
11	1264	2	223	0.15	1.0	population_size_change	phylter_k_050	N459	10X_down
1274	1	221	4	0.15	1.0	population_size_change	phylter_k_300	N459	10X_down
2	1273	0	225	0.15	1.0	population_size_change	phylter_k_020	N459	10X_down
1263	12	219	6	0.15	1.0	population_size_change	phylter_k_155	N459	10X_down
0	1200	0	300	0.2	1.0	population_size_change	phylter_k_050	N690	10X_up
1	1199	0	300	0.2	1.0	population_size_change	phylter_k_020	N690	10X_up
1196	4	294	6	0.2	1.0	population_size_change	phylter_k_300	N690	10X_up
1181	19	287	13	0.2	1.0	population_size_change	phylter_k_155	N690	10X_up
1420	5	73	2	0.05	1.0	population_size_change	phylter_k_300	N620	10X_up
0	1425	0	75	0.05	1.0	population_size_change	phylter_k_020	N620	10X_up
1395	30	68	7	0.05	1.0	population_size_change	phylter_k_155	N620	10X_up
0	1425	0	75	0.05	1.0	population_size_change	phylter_k_050	N620	10X_up
1125	0	375	0	0.25	1.0	population_size_change	phylter_k_300	N276	10X_down
0	1125	0	375	0.25	1.0	population_size_change	phylter_k_020	N276	10X_down
1110	15	369	6	0.25	1.0	population_size_change	phylter_k_155	N276	10X_down
0	1125	0	375	0.25	1.0	population_size_change	phylter_k_050	N276	10X_down
1114	11	364	11	0.25	1.0	population_size_change	phylter_k_155	N716	10X_up
1123	2	372	3	0.25	1.0	population_size_change	phylter_k_300	N716	10X_up
0	1125	0	375	0.25	1.0	population_size_change	phylter_k_020	N716	10X_up
0	1125	0	375	0.25	1.0	population_size_change	phylter_k_050	N716	10X_up
1333	17	141	9	0.1	1.0	population_size_change	phylter_k_155	N497	10X_up
0	1350	0	150	0.1	1.0	population_size_change	phylter_k_020	N497	10X_up
1346	4	149	1	0.1	1.0	population_size_change	phylter_k_300	N497	10X_up
0	1350	0	150	0.1	1.0	population_size_change	phylter_k_050	N497	10X_up
0	1275	0	225	0.15	1.0	population_size_change	phylter_k_020	N532	10X_down
1272	3	221	4	0.15	1.0	population_size_change	phylter_k_300	N532	10X_down
1251	24	213	12	0.15	1.0	population_size_change	phylter_k_155	N532	10X_down
0	1275	0	225	0.15	1.0	population_size_change	phylter_k_050	N532	10X_down
90	1380	1	29	0.02	1.0	population_size_change	phylter_k_050	N679	10X_up
1464	6	28	2	0.02	1.0	population_size_change	phylter_k_300	N679	10X_up
27	1443	0	30	0.02	1.0	population_size_change	phylter_k_020	N679	10X_up
1415	55	22	8	0.02	1.0	population_size_change	phylter_k_155	N679	10X_up
217	1253	0	30	0.02	1.0	population_size_change	phylter_k_050	N679	10X_down
1464	6	28	2	0.02	1.0	population_size_change	phylter_k_300	N679	10X_down
97	1373	0	30	0.02	1.0	population_size_change	phylter_k_020	N679	10X_down
1416	54	26	4	0.02	1.0	population_size_change	phylter_k_155	N679	10X_down
1422	48	25	5	0.02	1.0	population_size_change	phylter_k_155	N574	10X_down
0	1470	0	30	0.02	1.0	population_size_change	phylter_k_020	N574	10X_down
1465	5	28	2	0.02	1.0	population_size_change	phylter_k_300	N574	10X_down
0	1470	0	30	0.02	1.0	population_size_change	phylter_k_050	N574	10X_down
0	1425	0	75	0.05	1.0	population_size_change	phylter_k_050	N276	10X_down
1362	63	71	4	0.05	1.0	population_size_change	phylter_k_155	N276	10X_down
0	1425	0	75	0.05	1.0	population_size_change	phylter_k_020	N276	10X_down
1423	2	75	0	0.05	1.0	population_size_change	phylter_k_300	N276	10X_down
1199	1	294	6	0.2	1.0	population_size_change	phylter_k_300	N714	10X_up
0	1200	0	300	0.2	1.0	population_size_change	phylter_k_020	N714	10X_up
1190	10	287	13	0.2	1.0	population_size_change	phylter_k_155	N714	10X_up
0	1200	0	300	0.2	1.0	population_size_change	phylter_k_050	N714	10X_up
0	1425	0	75	0.05	1.0	population_size_change	phylter_k_050	N717	10X_down
1402	23	72	3	0.05	1.0	population_size_change	phylter_k_155	N717	10X_down
0	1425	0	75	0.05	1.0	population_size_change	phylter_k_020	N717	10X_down
1420	5	73	2	0.05	1.0	population_size_change	phylter_k_300	N717	10X_down
1424	1	75	0	0.05	1.0	population_size_change	phylter_k_300	N118	10X_up
0	1425	0	75	0.05	1.0	population_size_change	phylter_k_020	N118	10X_up
1366	59	70	5	0.05	1.0	population_size_change	phylter_k_155	N118	10X_up
0	1425	0	75	0.05	1.0	population_size_change	phylter_k_050	N118	10X_up
0	1275	0	225	0.15	1.0	population_size_change	phylter_k_050	N186	10X_down
1241	34	222	3	0.15	1.0	population_size_change	phylter_k_155	N186	10X_down
1274	1	225	0	0.15	1.0	population_size_change	phylter_k_300	N186	10X_down
1	1274	0	225	0.15	1.0	population_size_change	phylter_k_020	N186	10X_down
1464	6	28	2	0.02	1.0	population_size_change	phylter_k_300	N491	10X_down
0	1470	0	30	0.02	1.0	population_size_change	phylter_k_020	N491	10X_down
1415	55	26	4	0.02	1.0	population_size_change	phylter_k_155	N491	10X_down
0	1470	0	30	0.02	1.0	population_size_change	phylter_k_050	N491	10X_down
1393	32	71	4	0.05	1.0	population_size_change	phylter_k_155	N617	10X_up
0	1425	0	75	0.05	1.0	population_size_change	phylter_k_020	N617	10X_up
1421	4	73	2	0.05	1.0	population_size_change	phylter_k_300	N617	10X_up
0	1425	0	75	0.05	1.0	population_size_change	phylter_k_050	N617	10X_up
0	1125	0	375	0.25	1.0	population_size_change	phylter_k_050	N717	10X_down
0	1125	0	375	0.25	1.0	population_size_change	phylter_k_020	N717	10X_down
1124	1	370	5	0.25	1.0	population_size_change	phylter_k_300	N717	10X_down
1112	13	357	18	0.25	1.0	population_size_change	phylter_k_155	N717	10X_down
0	1200	0	300	0.2	1.0	population_size_change	phylter_k_050	Nyctibiidae	10X_up
1200	0	300	0	0.2	1.0	population_size_change	phylter_k_300	Nyctibiidae	10X_up
3	1197	0	300	0.2	1.0	population_size_change	phylter_k_020	Nyctibiidae	10X_up
1151	49	287	13	0.2	1.0	population_size_change	phylter_k_155	Nyctibiidae	10X_up
0	1425	0	75	0.05	1.0	population_size_change	phylter_k_020	N707	10X_down
1420	5	74	1	0.05	1.0	population_size_change	phylter_k_300	N707	10X_down
1398	27	70	5	0.05	1.0	population_size_change	phylter_k_155	N707	10X_down
0	1425	0	75	0.05	1.0	population_size_change	phylter_k_050	N707	10X_down
1425	45	27	3	0.02	1.0	population_size_change	phylter_k_155	N425	10X_up
1468	2	30	0	0.02	1.0	population_size_change	phylter_k_300	N425	10X_up
4	1466	0	30	0.02	1.0	population_size_change	phylter_k_020	N425	10X_up
0	1470	0	30	0.02	1.0	population_size_change	phylter_k_050	N425	10X_up
1121	4	371	4	0.25	1.0	population_size_change	phylter_k_300	N707	10X_down
0	1125	0	375	0.25	1.0	population_size_change	phylter_k_020	N707	10X_down
1109	16	362	13	0.25	1.0	population_size_change	phylter_k_155	N707	10X_down
0	1125	0	375	0.25	1.0	population_size_change	phylter_k_050	N707	10X_down
1184	16	291	9	0.2	1.0	population_size_change	phylter_k_155	N638	10X_down
1197	3	296	4	0.2	1.0	population_size_change	phylter_k_300	N638	10X_down
50	1150	4	296	0.2	1.0	population_size_change	phylter_k_020	N638	10X_down
1	1199	1	299	0.2	1.0	population_size_change	phylter_k_050	N638	10X_down
20	1405	1	74	0.05	1.0	population_size_change	phylter_k_050	N554	10X_up
1420	5	75	0	0.05	1.0	population_size_change	phylter_k_300	N554	10X_up
16	1409	0	75	0.05	1.0	population_size_change	phylter_k_020	N554	10X_up
1389	36	67	8	0.05	1.0	population_size_change	phylter_k_155	N554	10X_up
0	1350	0	150	0.1	1.0	population_size_change	phylter_k_050	N690	10X_up
1319	31	140	10	0.1	1.0	population_size_change	phylter_k_155	N690	10X_up
0	1350	0	150	0.1	1.0	population_size_change	phylter_k_020	N690	10X_up
1345	5	148	2	0.1	1.0	population_size_change	phylter_k_300	N690	10X_up
0	1275	0	225	0.15	1.0	population_size_change	phylter_k_020	N716	10X_up
1274	1	221	4	0.15	1.0	population_size_change	phylter_k_300	N716	10X_up
1261	14	215	10	0.15	1.0	population_size_change	phylter_k_155	N716	10X_up
0	1275	0	225	0.15	1.0	population_size_change	phylter_k_050	N716	10X_up
1186	14	289	11	0.2	1.0	population_size_change	phylter_k_155	N497	10X_up
0	1200	0	300	0.2	1.0	population_size_change	phylter_k_020	N497	10X_up
1198	2	298	2	0.2	1.0	population_size_change	phylter_k_300	N497	10X_up
0	1200	0	300	0.2	1.0	population_size_change	phylter_k_050	N497	10X_up
1166	34	291	9	0.2	1.0	population_size_change	phylter_k_155	N159	10X_up
1198	2	300	0	0.2	1.0	population_size_change	phylter_k_300	N159	10X_up
1	1199	1	299	0.2	1.0	population_size_change	phylter_k_020	N159	10X_up
0	1200	0	300	0.2	1.0	population_size_change	phylter_k_050	N159	10X_up
0	1350	0	150	0.1	1.0	population_size_change	phylter_k_050	N579	10X_up
1328	22	146	4	0.1	1.0	population_size_change	phylter_k_155	N579	10X_up
1346	4	148	2	0.1	1.0	population_size_change	phylter_k_300	N579	10X_up
0	1350	0	150	0.1	1.0	population_size_change	phylter_k_020	N579	10X_up
1	1349	0	150	0.1	1.0	population_size_change	phylter_k_050	N473	10X_down
1331	19	145	5	0.1	1.0	population_size_change	phylter_k_155	N473	10X_down
1347	3	148	2	0.1	1.0	population_size_change	phylter_k_300	N473	10X_down
1	1349	0	150	0.1	1.0	population_size_change	phylter_k_020	N473	10X_down
0	1275	0	225	0.15	1.0	population_size_change	phylter_k_050	N274	10X_down
1251	24	218	7	0.15	1.0	population_size_change	phylter_k_155	N274	10X_down
1275	0	225	0	0.15	1.0	population_size_change	phylter_k_300	N274	10X_down
0	1275	0	225	0.15	1.0	population_size_change	phylter_k_020	N274	10X_down
0	1200	0	300	0.2	1.0	population_size_change	phylter_k_050	N616	10X_up
1179	21	285	15	0.2	1.0	population_size_change	phylter_k_155	N616	10X_up
0	1200	0	300	0.2	1.0	population_size_change	phylter_k_020	N616	10X_up
1197	3	294	6	0.2	1.0	population_size_change	phylter_k_300	N616	10X_up
0	1350	0	150	0.1	1.0	population_size_change	phylter_k_050	N615	10X_down
1347	3	148	2	0.1	1.0	population_size_change	phylter_k_300	N615	10X_down
0	1350	0	150	0.1	1.0	population_size_change	phylter_k_020	N615	10X_down
1323	27	140	10	0.1	1.0	population_size_change	phylter_k_155	N615	10X_down
1177	23	291	9	0.2	1.0	population_size_change	phylter_k_155	N109	10X_down
1200	0	300	0	0.2	1.0	population_size_change	phylter_k_300	N109	10X_down
0	1200	0	300	0.2	1.0	population_size_change	phylter_k_020	N109	10X_down
0	1200	0	300	0.2	1.0	population_size_change	phylter_k_050	N109	10X_down
0	1200	0	300	0.2	1.0	population_size_change	phylter_k_050	N574	10X_down
1179	21	282	18	0.2	1.0	population_size_change	phylter_k_155	N574	10X_down
0	1200	0	300	0.2	1.0	population_size_change	phylter_k_020	N574	10X_down
1197	3	294	6	0.2	1.0	population_size_change	phylter_k_300	N574	10X_down
43	1232	12	213	0.15	1.0	population_size_change	phylter_k_050	N460	10X_down
20	1255	6	219	0.15	1.0	population_size_change	phylter_k_020	N460	10X_down
1274	1	225	0	0.15	1.0	population_size_change	phylter_k_300	N460	10X_down
1256	19	215	10	0.15	1.0	population_size_change	phylter_k_155	N460	10X_down
1177	23	287	13	0.2	1.0	population_size_change	phylter_k_155	N679	10X_down
1196	4	295	5	0.2	1.0	population_size_change	phylter_k_300	N679	10X_down
3	1197	0	300	0.2	1.0	population_size_change	phylter_k_020	N679	10X_down
14	1186	2	298	0.2	1.0	population_size_change	phylter_k_050	N679	10X_down
1346	4	150	0	0.1	1.0	population_size_change	phylter_k_300	N220	10X_up
0	1350	0	150	0.1	1.0	population_size_change	phylter_k_020	N220	10X_up
1294	56	143	7	0.1	1.0	population_size_change	phylter_k_155	N220	10X_up
0	1350	0	150	0.1	1.0	population_size_change	phylter_k_050	N220	10X_up
2	1198	1	299	0.2	1.0	population_size_change	phylter_k_020	N281	10X_up
1199	1	300	0	0.2	1.0	population_size_change	phylter_k_300	N281	10X_up
1147	53	283	17	0.2	1.0	population_size_change	phylter_k_155	N281	10X_up
1	1199	0	300	0.2	1.0	population_size_change	phylter_k_050	N281	10X_up
2	1468	0	30	0.02	1.0	population_size_change	phylter_k_020	N233	10X_up
1468	2	30	0	0.02	1.0	population_size_change	phylter_k_300	N233	10X_up
1408	62	29	1	0.02	1.0	population_size_change	phylter_k_155	N233	10X_up
0	1470	0	30	0.02	1.0	population_size_change	phylter_k_050	N233	10X_up
0	1425	0	75	0.05	1.0	population_size_change	phylter_k_020	N399	10X_up
1421	4	73	2	0.05	1.0	population_size_change	phylter_k_300	N399	10X_up
1391	34	71	4	0.05	1.0	population_size_change	phylter_k_155	N399	10X_up
0	1425	0	75	0.05	1.0	population_size_change	phylter_k_050	N399	10X_up
1328	22	141	9	0.1	1.0	population_size_change	phylter_k_155	N709	10X_up
1346	4	148	2	0.1	1.0	population_size_change	phylter_k_300	N709	10X_up
0	1350	0	150	0.1	1.0	population_size_change	phylter_k_020	N709	10X_up
0	1350	0	150	0.1	1.0	population_size_change	phylter_k_050	N709	10X_up
1257	18	215	10	0.15	1.0	population_size_change	phylter_k_155	N651	10X_down
1271	4	222	3	0.15	1.0	population_size_change	phylter_k_300	N651	10X_down
605	670	103	122	0.15	1.0	population_size_change	phylter_k_020	N651	10X_down
442	833	66	159	0.15	1.0	population_size_change	phylter_k_050	N651	10X_down
244	881	59	316	0.25	1.0	population_size_change	phylter_k_050	N635	10X_up
1123	2	373	2	0.25	1.0	population_size_change	phylter_k_300	N635	10X_up
0	1125	0	375	0.25	1.0	population_size_change	phylter_k_020	N635	10X_up
1114	11	365	10	0.25	1.0	population_size_change	phylter_k_155	N635	10X_up
0	1470	0	30	0.02	1.0	population_size_change	phylter_k_050	N228	10X_up
1	1469	0	30	0.02	1.0	population_size_change	phylter_k_020	N228	10X_up
1468	2	30	0	0.02	1.0	population_size_change	phylter_k_300	N228	10X_up
1398	72	30	0	0.02	1.0	population_size_change	phylter_k_155	N228	10X_up
0	1200	0	300	0.2	1.0	population_size_change	phylter_k_050	N119	10X_down
1177	23	295	5	0.2	1.0	population_size_change	phylter_k_155	N119	10X_down
1200	0	300	0	0.2	1.0	population_size_change	phylter_k_300	N119	10X_down
0	1200	0	300	0.2	1.0	population_size_change	phylter_k_020	N119	10X_down
0	1470	0	30	0.02	1.0	population_size_change	phylter_k_050	N498	10X_down
1421	49	26	4	0.02	1.0	population_size_change	phylter_k_155	N498	10X_down
1466	4	28	2	0.02	1.0	population_size_change	phylter_k_300	N498	10X_down
0	1470	0	30	0.02	1.0	population_size_change	phylter_k_020	N498	10X_down
1322	28	134	16	0.1	1.0	population_size_change	phylter_k_155	N616	10X_up
1346	4	147	3	0.1	1.0	population_size_change	phylter_k_300	N616	10X_up
0	1350	0	150	0.1	1.0	population_size_change	phylter_k_020	N616	10X_up
0	1350	0	150	0.1	1.0	population_size_change	phylter_k_050	N616	10X_up
0	1425	0	75	0.05	1.0	population_size_change	phylter_k_050	N228	10X_down
1367	58	70	5	0.05	1.0	population_size_change	phylter_k_155	N228	10X_down
1423	2	75	0	0.05	1.0	population_size_change	phylter_k_300	N228	10X_down
2	1423	1	74	0.05	1.0	population_size_change	phylter_k_020	N228	10X_down
1196	4	296	4	0.2	1.0	population_size_change	phylter_k_300	N491	10X_down
0	1200	0	300	0.2	1.0	population_size_change	phylter_k_020	N491	10X_down
1180	20	289	11	0.2	1.0	population_size_change	phylter_k_155	N491	10X_down
0	1200	0	300	0.2	1.0	population_size_change	phylter_k_050	N491	10X_down
1124	1	373	2	0.25	1.0	population_size_change	phylter_k_300	N343	10X_down
0	1125	0	375	0.25	1.0	population_size_change	phylter_k_020	N343	10X_down
1105	20	365	10	0.25	1.0	population_size_change	phylter_k_155	N343	10X_down
0	1125	0	375	0.25	1.0	population_size_change	phylter_k_050	N343	10X_down
1078	47	358	17	0.25	1.0	population_size_change	phylter_k_155	N299	10X_down
1121	4	374	1	0.25	1.0	population_size_change	phylter_k_300	N299	10X_down
0	1125	0	375	0.25	1.0	population_size_change	phylter_k_020	N299	10X_down
0	1125	0	375	0.25	1.0	population_size_change	phylter_k_050	N299	10X_down
1423	2	75	0	0.05	1.0	population_size_change	phylter_k_300	N299	10X_down
0	1425	0	75	0.05	1.0	population_size_change	phylter_k_020	N299	10X_down
1363	62	73	2	0.05	1.0	population_size_change	phylter_k_155	N299	10X_down
0	1425	0	75	0.05	1.0	population_size_change	phylter_k_050	N299	10X_down
0	1350	0	150	0.1	1.0	population_size_change	phylter_k_050	N159	10X_up
1307	43	147	3	0.1	1.0	population_size_change	phylter_k_155	N159	10X_up
0	1350	0	150	0.1	1.0	population_size_change	phylter_k_020	N159	10X_up
1347	3	150	0	0.1	1.0	population_size_change	phylter_k_300	N159	10X_up
2	1198	1	299	0.2	1.0	population_size_change	phylter_k_050	N579	10X_up
1	1199	0	300	0.2	1.0	population_size_change	phylter_k_020	N579	10X_up
1196	4	295	5	0.2	1.0	population_size_change	phylter_k_300	N579	10X_up
1183	17	291	9	0.2	1.0	population_size_change	phylter_k_155	N579	10X_up
0	1125	0	375	0.25	1.0	population_size_change	phylter_k_050	N228	10X_down
1096	29	363	12	0.25	1.0	population_size_change	phylter_k_155	N228	10X_down
14	1111	4	371	0.25	1.0	population_size_change	phylter_k_020	N228	10X_down
1125	0	375	0	0.25	1.0	population_size_change	phylter_k_300	N228	10X_down
0	1425	0	75	0.05	1.0	population_size_change	phylter_k_050	N343	10X_down
1421	4	74	1	0.05	1.0	population_size_change	phylter_k_300	N343	10X_down
0	1425	0	75	0.05	1.0	population_size_change	phylter_k_020	N343	10X_down
1390	35	70	5	0.05	1.0	population_size_change	phylter_k_155	N343	10X_down
1271	4	221	4	0.15	1.0	population_size_change	phylter_k_300	N573	10X_down
0	1275	0	225	0.15	1.0	population_size_change	phylter_k_020	N573	10X_down
1248	27	217	8	0.15	1.0	population_size_change	phylter_k_155	N573	10X_down
0	1275	0	225	0.15	1.0	population_size_change	phylter_k_050	N573	10X_down
27	1248	6	219	0.15	1.0	population_size_change	phylter_k_050	N635	10X_up
188	1087	24	201	0.15	1.0	population_size_change	phylter_k_020	N635	10X_up
1272	3	224	1	0.15	1.0	population_size_change	phylter_k_300	N635	10X_up
1257	18	220	5	0.15	1.0	population_size_change	phylter_k_155	N635	10X_up
0	1425	0	75	0.05	1.0	population_size_change	phylter_k_050	N544	10X_up
1379	46	68	7	0.05	1.0	population_size_change	phylter_k_155	N544	10X_up
1	1424	0	75	0.05	1.0	population_size_change	phylter_k_020	N544	10X_up
1422	3	72	3	0.05	1.0	population_size_change	phylter_k_300	N544	10X_up
0	1125	0	375	0.25	1.0	population_size_change	phylter_k_050	Nyctibiidae	10X_up
1084	41	357	18	0.25	1.0	population_size_change	phylter_k_155	Nyctibiidae	10X_up
1	1124	0	375	0.25	1.0	population_size_change	phylter_k_020	Nyctibiidae	10X_up
1123	2	375	0	0.25	1.0	population_size_change	phylter_k_300	Nyctibiidae	10X_up
6	1464	0	30	0.02	1.0	population_size_change	phylter_k_050	N638	10X_down
1425	45	27	3	0.02	1.0	population_size_change	phylter_k_155	N638	10X_down
1466	4	28	2	0.02	1.0	population_size_change	phylter_k_300	N638	10X_down
241	1229	3	27	0.02	1.0	population_size_change	phylter_k_020	N638	10X_down
0	1200	1	299	0.2	1.0	population_size_change	phylter_k_020	N220	10X_up
1197	3	300	0	0.2	1.0	population_size_change	phylter_k_300	N220	10X_up
1154	46	292	8	0.2	1.0	population_size_change	phylter_k_155	N220	10X_up
0	1200	0	300	0.2	1.0	population_size_change	phylter_k_050	N220	10X_up
1291	59	143	7	0.1	1.0	population_size_change	phylter_k_155	N281	10X_up
4	1346	0	150	0.1	1.0	population_size_change	phylter_k_020	N281	10X_up
1349	1	150	0	0.1	1.0	population_size_change	phylter_k_300	N281	10X_up
0	1350	0	150	0.1	1.0	population_size_change	phylter_k_050	N281	10X_up
0	1200	0	300	0.2	1.0	population_size_change	phylter_k_050	N709	10X_up
1184	16	286	14	0.2	1.0	population_size_change	phylter_k_155	N709	10X_up
0	1200	0	300	0.2	1.0	population_size_change	phylter_k_020	N709	10X_up
1197	3	296	4	0.2	1.0	population_size_change	phylter_k_300	N709	10X_up
1279	71	140	10	0.1	1.0	population_size_change	phylter_k_155	Accipitriformes	10X_up
1	1349	0	150	0.1	1.0	population_size_change	phylter_k_020	Accipitriformes	10X_up
1346	4	149	1	0.1	1.0	population_size_change	phylter_k_300	Accipitriformes	10X_up
0	1350	0	150	0.1	1.0	population_size_change	phylter_k_050	Accipitriformes	10X_up
0	1275	0	225	0.15	1.0	population_size_change	phylter_k_050	N281	10X_up
0	1275	0	225	0.15	1.0	population_size_change	phylter_k_020	N281	10X_up
1275	0	225	0	0.15	1.0	population_size_change	phylter_k_300	N281	10X_up
1221	54	215	10	0.15	1.0	population_size_change	phylter_k_155	N281	10X_up
1125	0	375	0	0.25	1.0	population_size_change	phylter_k_300	N220	10X_up
0	1125	0	375	0.25	1.0	population_size_change	phylter_k_020	N220	10X_up
1085	40	368	7	0.25	1.0	population_size_change	phylter_k_155	N220	10X_up
0	1125	0	375	0.25	1.0	population_size_change	phylter_k_050	N220	10X_up
0	1200	0	300	0.2	1.0	population_size_change	phylter_k_050	N573	10X_down
0	1200	0	300	0.2	1.0	population_size_change	phylter_k_020	N573	10X_down
1199	1	293	7	0.2	1.0	population_size_change	phylter_k_300	N573	10X_down
1183	17	283	17	0.2	1.0	population_size_change	phylter_k_155	N573	10X_down
1122	3	371	4	0.25	1.0	population_size_change	phylter_k_300	N709	10X_up
0	1125	0	375	0.25	1.0	population_size_change	phylter_k_020	N709	10X_up
1114	11	362	13	0.25	1.0	population_size_change	phylter_k_155	N709	10X_up
0	1125	0	375	0.25	1.0	population_size_change	phylter_k_050	N709	10X_up
1309	41	145	5	0.1	1.0	population_size_change	phylter_k_155	N635	10X_up
1347	3	150	0	0.1	1.0	population_size_change	phylter_k_300	N635	10X_up
5	1345	0	150	0.1	1.0	population_size_change	phylter_k_020	N635	10X_up
3	1347	0	150	0.1	1.0	population_size_change	phylter_k_050	N635	10X_up
0	1425	0	75	0.05	1.0	population_size_change	phylter_k_050	N228	10X_up
1	1424	1	74	0.05	1.0	population_size_change	phylter_k_020	N228	10X_up
1424	1	75	0	0.05	1.0	population_size_change	phylter_k_300	N228	10X_up
1360	65	72	3	0.05	1.0	population_size_change	phylter_k_155	N228	10X_up
0	1350	0	150	0.1	1.0	population_size_change	phylter_k_050	N343	10X_down
1328	22	145	5	0.1	1.0	population_size_change	phylter_k_155	N343	10X_down
0	1350	0	150	0.1	1.0	population_size_change	phylter_k_020	N343	10X_down
1348	2	150	0	0.1	1.0	population_size_change	phylter_k_300	N343	10X_down
1272	3	225	0	0.15	1.0	population_size_change	phylter_k_300	N159	10X_up
0	1275	0	225	0.15	1.0	population_size_change	phylter_k_020	N159	10X_up
1225	50	220	5	0.15	1.0	population_size_change	phylter_k_155	N159	10X_up
0	1275	0	225	0.15	1.0	population_size_change	phylter_k_050	N159	10X_up
0	1275	0	225	0.15	1.0	population_size_change	phylter_k_050	N491	10X_down
1271	4	223	2	0.15	1.0	population_size_change	phylter_k_300	N491	10X_down
0	1275	0	225	0.15	1.0	population_size_change	phylter_k_020	N491	10X_down
1252	23	212	13	0.15	1.0	population_size_change	phylter_k_155	N491	10X_down
1295	55	147	3	0.1	1.0	population_size_change	phylter_k_155	N299	10X_down
1346	4	150	0	0.1	1.0	population_size_change	phylter_k_300	N299	10X_down
0	1350	0	150	0.1	1.0	population_size_change	phylter_k_020	N299	10X_down
0	1350	0	150	0.1	1.0	population_size_change	phylter_k_050	N299	10X_down
0	1125	0	375	0.25	1.0	population_size_change	phylter_k_050	N579	10X_up
2	1123	1	374	0.25	1.0	population_size_change	phylter_k_020	N579	10X_up
1121	4	371	4	0.25	1.0	population_size_change	phylter_k_300	N579	10X_up
1110	15	366	9	0.25	1.0	population_size_change	phylter_k_155	N579	10X_up
0	1275	0	225	0.15	1.0	population_size_change	phylter_k_050	N616	10X_up
1253	22	211	14	0.15	1.0	population_size_change	phylter_k_155	N616	10X_up
0	1275	0	225	0.15	1.0	population_size_change	phylter_k_020	N616	10X_up
1272	3	220	5	0.15	1.0	population_size_change	phylter_k_300	N616	10X_up
0	1470	0	30	0.02	1.0	population_size_change	phylter_k_050	N186	10X_down
1414	56	28	2	0.02	1.0	population_size_change	phylter_k_155	N186	10X_down
1467	3	30	0	0.02	1.0	population_size_change	phylter_k_300	N186	10X_down
1	1469	0	30	0.02	1.0	population_size_change	phylter_k_020	N186	10X_down
1368	57	70	5	0.05	1.0	population_size_change	phylter_k_155	N233	10X_up
1423	2	75	0	0.05	1.0	population_size_change	phylter_k_300	N233	10X_up
1	1424	0	75	0.05	1.0	population_size_change	phylter_k_020	N233	10X_up
2	1423	0	75	0.05	1.0	population_size_change	phylter_k_050	N233	10X_up
0	1470	0	30	0.02	1.0	population_size_change	phylter_k_050	N399	10X_up
1466	4	28	2	0.02	1.0	population_size_change	phylter_k_300	N399	10X_up
0	1470	0	30	0.02	1.0	population_size_change	phylter_k_020	N399	10X_up
1430	40	27	3	0.02	1.0	population_size_change	phylter_k_155	N399	10X_up
1299	51	144	6	0.1	1.0	population_size_change	phylter_k_155	N228	10X_down
1348	2	150	0	0.1	1.0	population_size_change	phylter_k_300	N228	10X_down
1	1349	0	150	0.1	1.0	population_size_change	phylter_k_020	N228	10X_down
0	1350	1	149	0.1	1.0	population_size_change	phylter_k_050	N228	10X_down
10	1265	1	224	0.15	1.0	population_size_change	phylter_k_050	N679	10X_down
1250	25	215	10	0.15	1.0	population_size_change	phylter_k_155	N679	10X_down
1270	5	221	4	0.15	1.0	population_size_change	phylter_k_300	N679	10X_down
4	1271	2	223	0.15	1.0	population_size_change	phylter_k_020	N679	10X_down
1178	22	286	14	0.2	1.0	population_size_change	phylter_k_155	N460	10X_down
1198	2	299	1	0.2	1.0	population_size_change	phylter_k_300	N460	10X_down
337	863	66	234	0.2	1.0	population_size_change	phylter_k_020	N460	10X_down
3	1197	3	297	0.2	1.0	population_size_change	phylter_k_050	N460	10X_down
0	1275	0	225	0.15	1.0	population_size_change	phylter_k_050	N574	10X_down
1252	23	213	12	0.15	1.0	population_size_change	phylter_k_155	N574	10X_down
1271	4	221	4	0.15	1.0	population_size_change	phylter_k_300	N574	10X_down
0	1275	0	225	0.15	1.0	population_size_change	phylter_k_020	N574	10X_down
1183	17	293	7	0.2	1.0	population_size_change	phylter_k_155	N635	10X_up
247	953	54	246	0.2	1.0	population_size_change	phylter_k_020	N635	10X_up
1198	2	298	2	0.2	1.0	population_size_change	phylter_k_300	N635	10X_up
18	1182	3	297	0.2	1.0	population_size_change	phylter_k_050	N635	10X_up
1414	56	24	6	0.02	1.0	population_size_change	phylter_k_155	N532	10X_down
1465	5	28	2	0.02	1.0	population_size_change	phylter_k_300	N532	10X_down
0	1470	0	30	0.02	1.0	population_size_change	phylter_k_020	N532	10X_down
0	1470	0	30	0.02	1.0	population_size_change	phylter_k_050	N532	10X_down
31	1169	10	290	0.2	1.0	population_size_change	phylter_k_050	N651	10X_down
1184	16	286	14	0.2	1.0	population_size_change	phylter_k_155	N651	10X_down
1198	2	296	4	0.2	1.0	population_size_change	phylter_k_300	N651	10X_down
541	659	119	181	0.2	1.0	population_size_change	phylter_k_020	N651	10X_down
1082	43	366	9	0.25	1.0	population_size_change	phylter_k_155	N281	10X_up
1125	0	375	0	0.25	1.0	population_size_change	phylter_k_300	N281	10X_up
1	1124	3	372	0.25	1.0	population_size_change	phylter_k_020	N281	10X_up
0	1125	0	375	0.25	1.0	population_size_change	phylter_k_050	N281	10X_up
1214	61	216	9	0.15	1.0	population_size_change	phylter_k_155	N220	10X_up
0	1275	0	225	0.15	1.0	population_size_change	phylter_k_020	N220	10X_up
1269	6	225	0	0.15	1.0	population_size_change	phylter_k_300	N220	10X_up
0	1275	0	225	0.15	1.0	population_size_change	phylter_k_050	N220	10X_up
0	1275	0	225	0.15	1.0	population_size_change	phylter_k_020	N119	10X_down
1274	1	225	0	0.15	1.0	population_size_change	phylter_k_300	N119	10X_down
1247	28	218	7	0.15	1.0	population_size_change	phylter_k_155	N119	10X_down
0	1275	0	225	0.15	1.0	population_size_change	phylter_k_050	N119	10X_down
0	1275	0	225	0.15	1.0	population_size_change	phylter_k_050	N709	10X_up
0	1275	0	225	0.15	1.0	population_size_change	phylter_k_020	N709	10X_up
1271	4	221	4	0.15	1.0	population_size_change	phylter_k_300	N709	10X_up
1255	20	213	12	0.15	1.0	population_size_change	phylter_k_155	N709	10X_up
1467	3	28	2	0.02	1.0	population_size_change	phylter_k_300	N459	10X_down
98	1372	4	26	0.02	1.0	population_size_change	phylter_k_020	N459	10X_down
1429	41	26	4	0.02	1.0	population_size_change	phylter_k_155	N459	10X_down
1	1469	0	30	0.02	1.0	population_size_change	phylter_k_050	N459	10X_down
0	1125	0	375	0.25	1.0	population_size_change	phylter_k_050	N616	10X_up
0	1125	0	375	0.25	1.0	population_size_change	phylter_k_020	N616	10X_up
1122	3	369	6	0.25	1.0	population_size_change	phylter_k_300	N616	10X_up
1102	23	358	17	0.25	1.0	population_size_change	phylter_k_155	N616	10X_up
0	1125	0	375	0.25	1.0	population_size_change	phylter_k_050	Accipitriformes	10X_up
1084	41	360	15	0.25	1.0	population_size_change	phylter_k_155	Accipitriformes	10X_up
1125	0	374	1	0.25	1.0	population_size_change	phylter_k_300	Accipitriformes	10X_up
0	1125	0	375	0.25	1.0	population_size_change	phylter_k_020	Accipitriformes	10X_up
0	1425	0	75	0.05	1.0	population_size_change	phylter_k_050	N615	10X_down
1380	45	67	8	0.05	1.0	population_size_change	phylter_k_155	N615	10X_down
0	1425	0	75	0.05	1.0	population_size_change	phylter_k_020	N615	10X_down
1421	4	74	1	0.05	1.0	population_size_change	phylter_k_300	N615	10X_down
0	1200	0	300	0.2	1.0	population_size_change	phylter_k_050	N274	10X_down
0	1200	0	300	0.2	1.0	population_size_change	phylter_k_020	N274	10X_down
1198	2	299	1	0.2	1.0	population_size_change	phylter_k_300	N274	10X_down
1171	29	290	10	0.2	1.0	population_size_change	phylter_k_155	N274	10X_down
13	1112	4	371	0.25	1.0	population_size_change	phylter_k_020	N473	10X_down
1123	2	370	5	0.25	1.0	population_size_change	phylter_k_300	N473	10X_down
1112	13	365	10	0.25	1.0	population_size_change	phylter_k_155	N473	10X_down
1	1124	1	374	0.25	1.0	population_size_change	phylter_k_050	N473	10X_down
0	1470	0	30	0.02	1.0	population_size_change	phylter_k_020	N575	10X_down
1465	5	29	1	0.02	1.0	population_size_change	phylter_k_300	N575	10X_down
1418	52	28	2	0.02	1.0	population_size_change	phylter_k_155	N575	10X_down
0	1470	0	30	0.02	1.0	population_size_change	phylter_k_050	N575	10X_down
0	1125	0	375	0.25	1.0	population_size_change	phylter_k_020	N615	10X_down
1122	3	370	5	0.25	1.0	population_size_change	phylter_k_300	N615	10X_down
1103	22	359	16	0.25	1.0	population_size_change	phylter_k_155	N615	10X_down
0	1125	0	375	0.25	1.0	population_size_change	phylter_k_050	N615	10X_down
0	1125	0	375	0.25	1.0	population_size_change	phylter_k_050	N159	10X_up
1087	38	366	9	0.25	1.0	population_size_change	phylter_k_155	N159	10X_up
1124	1	375	0	0.25	1.0	population_size_change	phylter_k_300	N159	10X_up
0	1125	1	374	0.25	1.0	population_size_change	phylter_k_020	N159	10X_up
1421	4	73	2	0.05	1.0	population_size_change	phylter_k_300	N473	10X_down
19	1406	2	73	0.05	1.0	population_size_change	phylter_k_020	N473	10X_down
1397	28	69	6	0.05	1.0	population_size_change	phylter_k_155	N473	10X_down
1	1424	0	75	0.05	1.0	population_size_change	phylter_k_050	N473	10X_down
0	1470	0	30	0.02	1.0	population_size_change	phylter_k_050	N544	10X_up
1428	42	25	5	0.02	1.0	population_size_change	phylter_k_155	N544	10X_up
1	1469	0	30	0.02	1.0	population_size_change	phylter_k_020	N544	10X_up
1465	5	27	3	0.02	1.0	population_size_change	phylter_k_300	N544	10X_up
0	1275	0	225	0.15	1.0	population_size_change	phylter_k_020	N109	10X_down
1275	0	225	0	0.15	1.0	population_size_change	phylter_k_300	N109	10X_down
1247	28	220	5	0.15	1.0	population_size_change	phylter_k_155	N109	10X_down
0	1275	0	225	0.15	1.0	population_size_change	phylter_k_050	N109	10X_down
0	1275	0	225	0.15	1.0	population_size_change	phylter_k_050	N579	10X_up
1	1274	0	225	0.15	1.0	population_size_change	phylter_k_020	N579	10X_up
1271	4	222	3	0.15	1.0	population_size_change	phylter_k_300	N579	10X_up
1253	22	220	5	0.15	1.0	population_size_change	phylter_k_155	N579	10X_up
1421	49	30	0	0.02	1.0	recombination	phylter_k_155	N677	recombination_suppression
1464	6	30	0	0.02	1.0	recombination	phylter_k_300	N677	recombination_suppression
37	1433	2	28	0.02	1.0	recombination	phylter_k_020	N677	recombination_suppression
230	1240	6	24	0.02	1.0	recombination	phylter_k_050	N677	recombination_suppression
0	1470	0	30	0.02	1.0	recombination	phylter_k_050	N396	recombination_suppression
1414	56	29	1	0.02	1.0	recombination	phylter_k_155	N396	recombination_suppression
0	1470	0	30	0.02	1.0	recombination	phylter_k_020	N396	recombination_suppression
1465	5	30	0	0.02	1.0	recombination	phylter_k_300	N396	recombination_suppression
0	1470	0	30	0.02	1.0	recombination	phylter_k_050	N202	recombination_suppression
1464	6	30	0	0.02	1.0	recombination	phylter_k_300	N202	recombination_suppression
0	1470	0	30	0.02	1.0	recombination	phylter_k_020	N202	recombination_suppression
1379	91	27	3	0.02	1.0	recombination	phylter_k_155	N202	recombination_suppression
1423	2	75	0	0.05	1.0	recombination	phylter_k_300	N349	recombination_suppression
0	1425	0	75	0.05	1.0	recombination	phylter_k_020	N349	recombination_suppression
1366	59	71	4	0.05	1.0	recombination	phylter_k_155	N349	recombination_suppression
0	1425	0	75	0.05	1.0	recombination	phylter_k_050	N349	recombination_suppression
0	1275	0	225	0.15	1.0	recombination	phylter_k_050	N115	recombination_suppression
1274	1	225	0	0.15	1.0	recombination	phylter_k_300	N115	recombination_suppression
0	1275	0	225	0.15	1.0	recombination	phylter_k_020	N115	recombination_suppression
1230	45	221	4	0.15	1.0	recombination	phylter_k_155	N115	recombination_suppression
1	1274	0	225	0.15	1.0	recombination	phylter_k_020	N428	recombination_suppression
1271	4	225	0	0.15	1.0	recombination	phylter_k_300	N428	recombination_suppression
1241	34	220	5	0.15	1.0	recombination	phylter_k_155	N428	recombination_suppression
0	1275	1	224	0.15	1.0	recombination	phylter_k_050	N428	recombination_suppression
2	1348	2	148	0.1	1.0	recombination	phylter_k_050	N682	recombination_suppression
3	1347	0	150	0.1	1.0	recombination	phylter_k_020	N682	recombination_suppression
1345	5	150	0	0.1	1.0	recombination	phylter_k_300	N682	recombination_suppression
1311	39	150	0	0.1	1.0	recombination	phylter_k_155	N682	recombination_suppression
0	1200	0	300	0.2	1.0	recombination	phylter_k_020	N349	recombination_suppression
1197	3	300	0	0.2	1.0	recombination	phylter_k_300	N349	recombination_suppression
1167	33	293	7	0.2	1.0	recombination	phylter_k_155	N349	recombination_suppression
0	1200	0	300	0.2	1.0	recombination	phylter_k_050	N349	recombination_suppression
0	1125	0	375	0.25	1.0	recombination	phylter_k_050	N252	recombination_suppression
0	1125	0	375	0.25	1.0	recombination	phylter_k_020	N252	recombination_suppression
1120	5	374	1	0.25	1.0	recombination	phylter_k_300	N252	recombination_suppression
1094	31	364	11	0.25	1.0	recombination	phylter_k_155	N252	recombination_suppression
4	1121	1	374	0.25	1.0	recombination	phylter_k_050	N686	recombination_suppression
1072	53	372	3	0.25	1.0	recombination	phylter_k_155	N686	recombination_suppression
3	1122	1	374	0.25	1.0	recombination	phylter_k_020	N686	recombination_suppression
1120	5	374	1	0.25	1.0	recombination	phylter_k_300	N686	recombination_suppression
0	1350	0	150	0.1	1.0	recombination	phylter_k_050	N533	recombination_suppression
1301	49	148	2	0.1	1.0	recombination	phylter_k_155	N533	recombination_suppression
1346	4	150	0	0.1	1.0	recombination	phylter_k_300	N533	recombination_suppression
0	1350	0	150	0.1	1.0	recombination	phylter_k_020	N533	recombination_suppression
1379	46	75	0	0.05	1.0	recombination	phylter_k_155	N717	recombination_suppression
1420	5	75	0	0.05	1.0	recombination	phylter_k_300	N717	recombination_suppression
0	1425	0	75	0.05	1.0	recombination	phylter_k_020	N717	recombination_suppression
0	1425	0	75	0.05	1.0	recombination	phylter_k_050	N717	recombination_suppression
1211	64	216	9	0.15	1.0	recombination	phylter_k_155	N296	recombination_suppression
0	1275	0	225	0.15	1.0	recombination	phylter_k_020	N296	recombination_suppression
1270	5	225	0	0.15	1.0	recombination	phylter_k_300	N296	recombination_suppression
0	1275	0	225	0.15	1.0	recombination	phylter_k_050	N296	recombination_suppression
0	1200	0	300	0.2	1.0	recombination	phylter_k_050	N564	recombination_suppression
1197	3	300	0	0.2	1.0	recombination	phylter_k_300	N564	recombination_suppression
2	1198	0	300	0.2	1.0	recombination	phylter_k_020	N564	recombination_suppression
1163	37	298	2	0.2	1.0	recombination	phylter_k_155	N564	recombination_suppression
0	1350	0	150	0.1	1.0	recombination	phylter_k_050	N576	recombination_suppression
1327	23	150	0	0.1	1.0	recombination	phylter_k_155	N576	recombination_suppression
0	1350	0	150	0.1	1.0	recombination	phylter_k_020	N576	recombination_suppression
1346	4	150	0	0.1	1.0	recombination	phylter_k_300	N576	recombination_suppression
0	1470	0	30	0.02	1.0	recombination	phylter_k_050	N211	recombination_suppression
1395	75	29	1	0.02	1.0	recombination	phylter_k_155	N211	recombination_suppression
1467	3	30	0	0.02	1.0	recombination	phylter_k_300	N211	recombination_suppression
0	1470	0	30	0.02	1.0	recombination	phylter_k_020	N211	recombination_suppression
1415	55	30	0	0.02	1.0	recombination	phylter_k_155	N555	recombination_suppression
1465	5	30	0	0.02	1.0	recombination	phylter_k_300	N555	recombination_suppression
3	1467	0	30	0.02	1.0	recombination	phylter_k_020	N555	recombination_suppression
5	1465	0	30	0.02	1.0	recombination	phylter_k_050	N555	recombination_suppression
1167	33	296	4	0.2	1.0	recombination	phylter_k_155	N717	recombination_suppression
0	1200	0	300	0.2	1.0	recombination	phylter_k_020	N717	recombination_suppression
1196	4	299	1	0.2	1.0	recombination	phylter_k_300	N717	recombination_suppression
0	1200	0	300	0.2	1.0	recombination	phylter_k_050	N717	recombination_suppression
1173	27	291	9	0.2	1.0	recombination	phylter_k_155	N71	recombination_suppression
0	1200	0	300	0.2	1.0	recombination	phylter_k_020	N71	recombination_suppression
1198	2	298	2	0.2	1.0	recombination	phylter_k_300	N71	recombination_suppression
0	1200	0	300	0.2	1.0	recombination	phylter_k_050	N71	recombination_suppression
1	1424	0	75	0.05	1.0	recombination	phylter_k_050	N564	recombination_suppression
1391	34	75	0	0.05	1.0	recombination	phylter_k_155	N564	recombination_suppression
4	1421	0	75	0.05	1.0	recombination	phylter_k_020	N564	recombination_suppression
1421	4	75	0	0.05	1.0	recombination	phylter_k_300	N564	recombination_suppression
0	1470	0	30	0.02	1.0	recombination	phylter_k_050	N428	recombination_suppression
1438	32	29	1	0.02	1.0	recombination	phylter_k_155	N428	recombination_suppression
0	1470	0	30	0.02	1.0	recombination	phylter_k_020	N428	recombination_suppression
1466	4	30	0	0.02	1.0	recombination	phylter_k_300	N428	recombination_suppression
0	1470	0	30	0.02	1.0	recombination	phylter_k_020	N115	recombination_suppression
1469	1	30	0	0.02	1.0	recombination	phylter_k_300	N115	recombination_suppression
1404	66	28	2	0.02	1.0	recombination	phylter_k_155	N115	recombination_suppression
0	1470	0	30	0.02	1.0	recombination	phylter_k_050	N115	recombination_suppression
1344	6	150	0	0.1	1.0	recombination	phylter_k_300	N678	recombination_suppression
2	1348	1	149	0.1	1.0	recombination	phylter_k_020	N678	recombination_suppression
1323	27	149	1	0.1	1.0	recombination	phylter_k_155	N678	recombination_suppression
94	1256	8	142	0.1	1.0	recombination	phylter_k_050	N678	recombination_suppression
1270	5	224	1	0.15	1.0	recombination	phylter_k_300	N396	recombination_suppression
0	1275	0	225	0.15	1.0	recombination	phylter_k_020	N396	recombination_suppression
1206	69	214	11	0.15	1.0	recombination	phylter_k_155	N396	recombination_suppression
0	1275	0	225	0.15	1.0	recombination	phylter_k_050	N396	recombination_suppression
0	1275	0	225	0.15	1.0	recombination	phylter_k_050	N202	recombination_suppression
1270	5	224	1	0.15	1.0	recombination	phylter_k_300	N202	recombination_suppression
0	1275	0	225	0.15	1.0	recombination	phylter_k_020	N202	recombination_suppression
1209	66	211	14	0.15	1.0	recombination	phylter_k_155	N202	recombination_suppression
0	1125	0	375	0.25	1.0	recombination	phylter_k_050	N416	recombination_suppression
1082	43	359	16	0.25	1.0	recombination	phylter_k_155	N416	recombination_suppression
0	1125	0	375	0.25	1.0	recombination	phylter_k_020	N416	recombination_suppression
1119	6	375	0	0.25	1.0	recombination	phylter_k_300	N416	recombination_suppression
1184	16	296	4	0.2	1.0	recombination	phylter_k_155	N722	recombination_suppression
0	1200	0	300	0.2	1.0	recombination	phylter_k_020	N722	recombination_suppression
1198	2	299	1	0.2	1.0	recombination	phylter_k_300	N722	recombination_suppression
0	1200	0	300	0.2	1.0	recombination	phylter_k_050	N722	recombination_suppression
74	1201	12	213	0.15	1.0	recombination	phylter_k_050	N677	recombination_suppression
278	997	51	174	0.15	1.0	recombination	phylter_k_020	N677	recombination_suppression
1272	3	225	0	0.15	1.0	recombination	phylter_k_300	N677	recombination_suppression
1236	39	221	4	0.15	1.0	recombination	phylter_k_155	N677	recombination_suppression
1319	31	149	1	0.1	1.0	recombination	phylter_k_155	N543	recombination_suppression
1345	5	150	0	0.1	1.0	recombination	phylter_k_300	N543	recombination_suppression
0	1350	0	150	0.1	1.0	recombination	phylter_k_020	N543	recombination_suppression
2	1348	0	150	0.1	1.0	recombination	phylter_k_050	N543	recombination_suppression
0	1425	0	75	0.05	1.0	recombination	phylter_k_050	N722	recombination_suppression
1422	3	75	0	0.05	1.0	recombination	phylter_k_300	N722	recombination_suppression
0	1425	0	75	0.05	1.0	recombination	phylter_k_020	N722	recombination_suppression
1381	44	73	2	0.05	1.0	recombination	phylter_k_155	N722	recombination_suppression
1069	56	362	13	0.25	1.0	recombination	phylter_k_155	N228	recombination_suppression
1	1124	1	374	0.25	1.0	recombination	phylter_k_020	N228	recombination_suppression
1123	2	373	2	0.25	1.0	recombination	phylter_k_300	N228	recombination_suppression
0	1125	0	375	0.25	1.0	recombination	phylter_k_050	N228	recombination_suppression
145	1130	28	197	0.15	1.0	recombination	phylter_k_020	N555	recombination_suppression
1270	5	225	0	0.15	1.0	recombination	phylter_k_300	N555	recombination_suppression
1227	48	223	2	0.15	1.0	recombination	phylter_k_155	N555	recombination_suppression
6	1269	1	224	0.15	1.0	recombination	phylter_k_050	N555	recombination_suppression
0	1425	0	75	0.05	1.0	recombination	phylter_k_050	N499	recombination_suppression
1369	56	70	5	0.05	1.0	recombination	phylter_k_155	N499	recombination_suppression
1421	4	75	0	0.05	1.0	recombination	phylter_k_300	N499	recombination_suppression
0	1425	0	75	0.05	1.0	recombination	phylter_k_020	N499	recombination_suppression
0	1425	0	75	0.05	1.0	recombination	phylter_k_050	N477	recombination_suppression
1380	45	74	1	0.05	1.0	recombination	phylter_k_155	N477	recombination_suppression
1421	4	75	0	0.05	1.0	recombination	phylter_k_300	N477	recombination_suppression
0	1425	0	75	0.05	1.0	recombination	phylter_k_020	N477	recombination_suppression
0	1350	0	150	0.1	1.0	recombination	phylter_k_050	N125	recombination_suppression
1266	84	142	8	0.1	1.0	recombination	phylter_k_155	N125	recombination_suppression
1338	12	150	0	0.1	1.0	recombination	phylter_k_300	N125	recombination_suppression
0	1350	0	150	0.1	1.0	recombination	phylter_k_020	N125	recombination_suppression
0	1275	0	225	0.15	1.0	recombination	phylter_k_050	N211	recombination_suppression
1274	1	222	3	0.15	1.0	recombination	phylter_k_300	N211	recombination_suppression
0	1275	0	225	0.15	1.0	recombination	phylter_k_020	N211	recombination_suppression
1213	62	210	15	0.15	1.0	recombination	phylter_k_155	N211	recombination_suppression
0	1200	0	300	0.2	1.0	recombination	phylter_k_050	N499	recombination_suppression
1163	37	287	13	0.2	1.0	recombination	phylter_k_155	N499	recombination_suppression
0	1200	0	300	0.2	1.0	recombination	phylter_k_020	N499	recombination_suppression
1196	4	300	0	0.2	1.0	recombination	phylter_k_300	N499	recombination_suppression
1163	37	292	8	0.2	1.0	recombination	phylter_k_155	N477	recombination_suppression
1195	5	299	1	0.2	1.0	recombination	phylter_k_300	N477	recombination_suppression
0	1200	0	300	0.2	1.0	recombination	phylter_k_020	N477	recombination_suppression
0	1200	0	300	0.2	1.0	recombination	phylter_k_050	N477	recombination_suppression
0	1470	0	30	0.02	1.0	recombination	phylter_k_050	N296	recombination_suppression
1372	98	29	1	0.02	1.0	recombination	phylter_k_155	N296	recombination_suppression
1464	6	30	0	0.02	1.0	recombination	phylter_k_300	N296	recombination_suppression
2	1468	0	30	0.02	1.0	recombination	phylter_k_020	N296	recombination_suppression
1146	54	289	11	0.2	1.0	recombination	phylter_k_155	N295	recombination_suppression
1196	4	299	1	0.2	1.0	recombination	phylter_k_300	N295	recombination_suppression
0	1200	0	300	0.2	1.0	recombination	phylter_k_020	N295	recombination_suppression
0	1200	0	300	0.2	1.0	recombination	phylter_k_050	N295	recombination_suppression
1342	83	74	1	0.05	1.0	recombination	phylter_k_155	N295	recombination_suppression
0	1425	0	75	0.05	1.0	recombination	phylter_k_020	N295	recombination_suppression
1419	6	75	0	0.05	1.0	recombination	phylter_k_300	N295	recombination_suppression
0	1425	0	75	0.05	1.0	recombination	phylter_k_050	N295	recombination_suppression
3	1347	0	150	0.1	1.0	recombination	phylter_k_050	N550	recombination_suppression
1345	5	150	0	0.1	1.0	recombination	phylter_k_300	N550	recombination_suppression
4	1346	0	150	0.1	1.0	recombination	phylter_k_020	N550	recombination_suppression
1281	69	144	6	0.1	1.0	recombination	phylter_k_155	N550	recombination_suppression
0	1200	0	300	0.2	1.0	recombination	phylter_k_050	N396	recombination_suppression
0	1200	0	300	0.2	1.0	recombination	phylter_k_020	N396	recombination_suppression
1197	3	300	0	0.2	1.0	recombination	phylter_k_300	N396	recombination_suppression
1174	26	291	9	0.2	1.0	recombination	phylter_k_155	N396	recombination_suppression
1148	52	286	14	0.2	1.0	recombination	phylter_k_155	N202	recombination_suppression
1196	4	300	0	0.2	1.0	recombination	phylter_k_300	N202	recombination_suppression
1	1199	0	300	0.2	1.0	recombination	phylter_k_020	N202	recombination_suppression
0	1200	0	300	0.2	1.0	recombination	phylter_k_050	N202	recombination_suppression
1368	57	74	1	0.05	1.0	recombination	phylter_k_155	N396	recombination_suppression
1421	4	75	0	0.05	1.0	recombination	phylter_k_300	N396	recombination_suppression
0	1425	0	75	0.05	1.0	recombination	phylter_k_020	N396	recombination_suppression
0	1425	0	75	0.05	1.0	recombination	phylter_k_050	N396	recombination_suppression
0	1425	0	75	0.05	1.0	recombination	phylter_k_050	N202	recombination_suppression
1	1424	0	75	0.05	1.0	recombination	phylter_k_020	N202	recombination_suppression
1420	5	74	1	0.05	1.0	recombination	phylter_k_300	N202	recombination_suppression
1347	78	68	7	0.05	1.0	recombination	phylter_k_155	N202	recombination_suppression
0	1470	0	30	0.02	1.0	recombination	phylter_k_020	N349	recombination_suppression
1468	2	30	0	0.02	1.0	recombination	phylter_k_300	N349	recombination_suppression
1418	52	28	2	0.02	1.0	recombination	phylter_k_155	N349	recombination_suppression
0	1470	0	30	0.02	1.0	recombination	phylter_k_050	N349	recombination_suppression
239	886	77	298	0.25	1.0	recombination	phylter_k_050	N678	recombination_suppression
1096	29	371	4	0.25	1.0	recombination	phylter_k_155	N678	recombination_suppression
41	1084	22	353	0.25	1.0	recombination	phylter_k_020	N678	recombination_suppression
1119	6	375	0	0.25	1.0	recombination	phylter_k_300	N678	recombination_suppression
26	1174	9	291	0.2	1.0	recombination	phylter_k_050	N677	recombination_suppression
1169	31	299	1	0.2	1.0	recombination	phylter_k_155	N677	recombination_suppression
1	1199	1	299	0.2	1.0	recombination	phylter_k_020	N677	recombination_suppression
1194	6	300	0	0.2	1.0	recombination	phylter_k_300	N677	recombination_suppression
0	1125	0	375	0.25	1.0	recombination	phylter_k_050	N71	recombination_suppression
0	1125	0	375	0.25	1.0	recombination	phylter_k_020	N71	recombination_suppression
1123	2	372	3	0.25	1.0	recombination	phylter_k_300	N71	recombination_suppression
1098	27	363	12	0.25	1.0	recombination	phylter_k_155	N71	recombination_suppression
1101	24	370	5	0.25	1.0	recombination	phylter_k_155	N543	recombination_suppression
3	1122	0	375	0.25	1.0	recombination	phylter_k_020	N543	recombination_suppression
1120	5	375	0	0.25	1.0	recombination	phylter_k_300	N543	recombination_suppression
5	1120	0	375	0.25	1.0	recombination	phylter_k_050	N543	recombination_suppression
1	1349	0	150	0.1	1.0	recombination	phylter_k_050	N228	recombination_suppression
1285	65	145	5	0.1	1.0	recombination	phylter_k_155	N228	recombination_suppression
1348	2	150	0	0.1	1.0	recombination	phylter_k_300	N228	recombination_suppression
1	1349	1	149	0.1	1.0	recombination	phylter_k_020	N228	recombination_suppression
0	1350	0	150	0.1	1.0	recombination	phylter_k_050	N416	recombination_suppression
0	1350	0	150	0.1	1.0	recombination	phylter_k_020	N416	recombination_suppression
1348	2	150	0	0.1	1.0	recombination	phylter_k_300	N416	recombination_suppression
1296	54	145	5	0.1	1.0	recombination	phylter_k_155	N416	recombination_suppression
1382	43	75	0	0.05	1.0	recombination	phylter_k_155	N677	recombination_suppression
273	1152	16	59	0.05	1.0	recombination	phylter_k_020	N677	recombination_suppression
1419	6	75	0	0.05	1.0	recombination	phylter_k_300	N677	recombination_suppression
37	1388	6	69	0.05	1.0	recombination	phylter_k_050	N677	recombination_suppression
0	1275	0	225	0.15	1.0	recombination	phylter_k_050	N722	recombination_suppression
1249	26	222	3	0.15	1.0	recombination	phylter_k_155	N722	recombination_suppression
0	1275	0	225	0.15	1.0	recombination	phylter_k_020	N722	recombination_suppression
1273	2	225	0	0.15	1.0	recombination	phylter_k_300	N722	recombination_suppression
1372	53	75	0	0.05	1.0	recombination	phylter_k_155	N555	recombination_suppression
1420	5	75	0	0.05	1.0	recombination	phylter_k_300	N555	recombination_suppression
4	1421	0	75	0.05	1.0	recombination	phylter_k_020	N555	recombination_suppression
5	1420	0	75	0.05	1.0	recombination	phylter_k_050	N555	recombination_suppression
1064	61	354	21	0.25	1.0	recombination	phylter_k_155	N125	recombination_suppression
0	1125	0	375	0.25	1.0	recombination	phylter_k_020	N125	recombination_suppression
1120	5	375	0	0.25	1.0	recombination	phylter_k_300	N125	recombination_suppression
0	1125	0	375	0.25	1.0	recombination	phylter_k_050	N125	recombination_suppression
0	1470	0	30	0.02	1.0	recombination	phylter_k_050	N564	recombination_suppression
5	1465	0	30	0.02	1.0	recombination	phylter_k_020	N564	recombination_suppression
1466	4	30	0	0.02	1.0	recombination	phylter_k_300	N564	recombination_suppression
1421	49	29	1	0.02	1.0	recombination	phylter_k_155	N564	recombination_suppression
0	1200	0	300	0.2	1.0	recombination	phylter_k_050	N211	recombination_suppression
1150	50	281	19	0.2	1.0	recombination	phylter_k_155	N211	recombination_suppression
0	1200	0	300	0.2	1.0	recombination	phylter_k_020	N211	recombination_suppression
1197	3	297	3	0.2	1.0	recombination	phylter_k_300	N211	recombination_suppression
1272	3	225	0	0.15	1.0	recombination	phylter_k_300	N499	recombination_suppression
0	1275	0	225	0.15	1.0	recombination	phylter_k_020	N499	recombination_suppression
1251	24	219	6	0.15	1.0	recombination	phylter_k_155	N499	recombination_suppression
0	1275	0	225	0.15	1.0	recombination	phylter_k_050	N499	recombination_suppression
0	1275	0	225	0.15	1.0	recombination	phylter_k_050	N477	recombination_suppression
2	1273	0	225	0.15	1.0	recombination	phylter_k_020	N477	recombination_suppression
1272	3	223	2	0.15	1.0	recombination	phylter_k_300	N477	recombination_suppression
1244	31	217	8	0.15	1.0	recombination	phylter_k_155	N477	recombination_suppression
1164	36	297	3	0.2	1.0	recombination	phylter_k_155	N555	recombination_suppression
1196	4	300	0	0.2	1.0	recombination	phylter_k_300	N555	recombination_suppression
2	1198	0	300	0.2	1.0	recombination	phylter_k_020	N555	recombination_suppression
1	1199	0	300	0.2	1.0	recombination	phylter_k_050	N555	recombination_suppression
1421	4	75	0	0.05	1.0	recombination	phylter_k_300	N211	recombination_suppression
0	1425	0	75	0.05	1.0	recombination	phylter_k_020	N211	recombination_suppression
1346	79	71	4	0.05	1.0	recombination	phylter_k_155	N211	recombination_suppression
0	1425	0	75	0.05	1.0	recombination	phylter_k_050	N211	recombination_suppression
1465	5	30	0	0.02	1.0	recombination	phylter_k_300	N717	recombination_suppression
0	1470	0	30	0.02	1.0	recombination	phylter_k_020	N717	recombination_suppression
1426	44	30	0	0.02	1.0	recombination	phylter_k_155	N717	recombination_suppression
0	1470	0	30	0.02	1.0	recombination	phylter_k_050	N717	recombination_suppression
1	1124	0	375	0.25	1.0	recombination	phylter_k_050	N550	recombination_suppression
2	1123	0	375	0.25	1.0	recombination	phylter_k_020	N550	recombination_suppression
1120	5	374	1	0.25	1.0	recombination	phylter_k_300	N550	recombination_suppression
1099	26	368	7	0.25	1.0	recombination	phylter_k_155	N550	recombination_suppression
0	1275	0	225	0.15	1.0	recombination	phylter_k_020	N295	recombination_suppression
1269	6	224	1	0.15	1.0	recombination	phylter_k_300	N295	recombination_suppression
1178	97	207	18	0.15	1.0	recombination	phylter_k_155	N295	recombination_suppression
0	1275	0	225	0.15	1.0	recombination	phylter_k_050	N295	recombination_suppression
1467	3	30	0	0.02	1.0	recombination	phylter_k_300	N722	recombination_suppression
0	1470	0	30	0.02	1.0	recombination	phylter_k_020	N722	recombination_suppression
1442	28	30	0	0.02	1.0	recombination	phylter_k_155	N722	recombination_suppression
0	1470	0	30	0.02	1.0	recombination	phylter_k_050	N722	recombination_suppression
1200	0	300	0	0.2	1.0	recombination	phylter_k_300	N115	recombination_suppression
0	1200	0	300	0.2	1.0	recombination	phylter_k_020	N115	recombination_suppression
1143	57	294	6	0.2	1.0	recombination	phylter_k_155	N115	recombination_suppression
0	1200	0	300	0.2	1.0	recombination	phylter_k_050	N115	recombination_suppression
4	1196	1	299	0.2	1.0	recombination	phylter_k_020	N428	recombination_suppression
1195	5	300	0	0.2	1.0	recombination	phylter_k_300	N428	recombination_suppression
1174	26	294	6	0.2	1.0	recombination	phylter_k_155	N428	recombination_suppression
1	1199	0	300	0.2	1.0	recombination	phylter_k_050	N428	recombination_suppression
1079	46	374	1	0.25	1.0	recombination	phylter_k_155	N682	recombination_suppression
0	1125	0	375	0.25	1.0	recombination	phylter_k_020	N682	recombination_suppression
1120	5	375	0	0.25	1.0	recombination	phylter_k_300	N682	recombination_suppression
6	1119	2	373	0.25	1.0	recombination	phylter_k_050	N682	recombination_suppression
0	1275	0	225	0.15	1.0	recombination	phylter_k_050	N349	recombination_suppression
0	1275	0	225	0.15	1.0	recombination	phylter_k_020	N349	recombination_suppression
1272	3	225	0	0.15	1.0	recombination	phylter_k_300	N349	recombination_suppression
1218	57	216	9	0.15	1.0	recombination	phylter_k_155	N349	recombination_suppression
1358	67	72	3	0.05	1.0	recombination	phylter_k_155	N115	recombination_suppression
0	1425	0	75	0.05	1.0	recombination	phylter_k_020	N115	recombination_suppression
1424	1	75	0	0.05	1.0	recombination	phylter_k_300	N115	recombination_suppression
0	1425	0	75	0.05	1.0	recombination	phylter_k_050	N115	recombination_suppression
1	1424	0	75	0.05	1.0	recombination	phylter_k_020	N428	recombination_suppression
1421	4	75	0	0.05	1.0	recombination	phylter_k_300	N428	recombination_suppression
1383	42	74	1	0.05	1.0	recombination	phylter_k_155	N428	recombination_suppression
0	1425	0	75	0.05	1.0	recombination	phylter_k_050	N428	recombination_suppression
0	1470	0	30	0.02	1.0	recombination	phylter_k_050	N295	recombination_suppression
0	1470	0	30	0.02	1.0	recombination	phylter_k_020	N295	recombination_suppression
1465	5	30	0	0.02	1.0	recombination	phylter_k_300	N295	recombination_suppression
1368	102	28	2	0.02	1.0	recombination	phylter_k_155	N295	recombination_suppression
0	1350	0	150	0.1	1.0	recombination	phylter_k_050	N252	recombination_suppression
1298	52	141	9	0.1	1.0	recombination	phylter_k_155	N252	recombination_suppression
1345	5	150	0	0.1	1.0	recombination	phylter_k_300	N252	recombination_suppression
0	1350	0	150	0.1	1.0	recombination	phylter_k_020	N252	recombination_suppression
1311	39	148	2	0.1	1.0	recombination	phylter_k_155	N686	recombination_suppression
8	1342	0	150	0.1	1.0	recombination	phylter_k_020	N686	recombination_suppression
1345	5	149	1	0.1	1.0	recombination	phylter_k_300	N686	recombination_suppression
11	1339	1	149	0.1	1.0	recombination	phylter_k_050	N686	recombination_suppression
0	1125	0	375	0.25	1.0	recombination	phylter_k_020	N533	recombination_suppression
1121	4	374	1	0.25	1.0	recombination	phylter_k_300	N533	recombination_suppression
1094	31	370	5	0.25	1.0	recombination	phylter_k_155	N533	recombination_suppression
0	1125	0	375	0.25	1.0	recombination	phylter_k_050	N533	recombination_suppression
0	1275	0	225	0.15	1.0	recombination	phylter_k_050	N717	recombination_suppression
1241	34	224	1	0.15	1.0	recombination	phylter_k_155	N717	recombination_suppression
0	1275	0	225	0.15	1.0	recombination	phylter_k_020	N717	recombination_suppression
1271	4	225	0	0.15	1.0	recombination	phylter_k_300	N717	recombination_suppression
0	1425	0	75	0.05	1.0	recombination	phylter_k_050	N296	recombination_suppression
0	1425	0	75	0.05	1.0	recombination	phylter_k_020	N296	recombination_suppression
1417	8	75	0	0.05	1.0	recombination	phylter_k_300	N296	recombination_suppression
1318	107	73	2	0.05	1.0	recombination	phylter_k_155	N296	recombination_suppression
1430	40	26	4	0.02	1.0	recombination	phylter_k_155	N499	recombination_suppression
1466	4	30	0	0.02	1.0	recombination	phylter_k_300	N499	recombination_suppression
0	1470	0	30	0.02	1.0	recombination	phylter_k_020	N499	recombination_suppression
0	1470	0	30	0.02	1.0	recombination	phylter_k_050	N499	recombination_suppression
1466	4	30	0	0.02	1.0	recombination	phylter_k_300	N477	recombination_suppression
0	1470	0	30	0.02	1.0	recombination	phylter_k_020	N477	recombination_suppression
1424	46	30	0	0.02	1.0	recombination	phylter_k_155	N477	recombination_suppression
0	1470	0	30	0.02	1.0	recombination	phylter_k_050	N477	recombination_suppression
0	1200	0	300	0.2	1.0	recombination	phylter_k_050	N296	recombination_suppression
1197	3	300	0	0.2	1.0	recombination	phylter_k_300	N296	recombination_suppression
0	1200	0	300	0.2	1.0	recombination	phylter_k_020	N296	recombination_suppression
1133	67	290	10	0.2	1.0	recombination	phylter_k_155	N296	recombination_suppression
0	1275	0	225	0.15	1.0	recombination	phylter_k_050	N564	recombination_suppression
1244	31	224	1	0.15	1.0	recombination	phylter_k_155	N564	recombination_suppression
5	1270	0	225	0.15	1.0	recombination	phylter_k_020	N564	recombination_suppression
1272	3	225	0	0.15	1.0	recombination	phylter_k_300	N564	recombination_suppression
0	1125	0	375	0.25	1.0	recombination	phylter_k_050	N576	recombination_suppression
1106	19	371	4	0.25	1.0	recombination	phylter_k_155	N576	recombination_suppression
1123	2	375	0	0.25	1.0	recombination	phylter_k_300	N576	recombination_suppression
0	1125	0	375	0.25	1.0	recombination	phylter_k_020	N576	recombination_suppression
4	1196	0	300	0.2	1.0	recombination	phylter_k_050	N678	recombination_suppression
1169	31	296	4	0.2	1.0	recombination	phylter_k_155	N678	recombination_suppression
1194	6	300	0	0.2	1.0	recombination	phylter_k_300	N678	recombination_suppression
20	1180	5	295	0.2	1.0	recombination	phylter_k_020	N678	recombination_suppression
1064	61	352	23	0.25	1.0	recombination	phylter_k_155	N202	recombination_suppression
0	1125	0	375	0.25	1.0	recombination	phylter_k_020	N202	recombination_suppression
1122	3	373	2	0.25	1.0	recombination	phylter_k_300	N202	recombination_suppression
0	1125	0	375	0.25	1.0	recombination	phylter_k_050	N202	recombination_suppression
0	1125	0	375	0.25	1.0	recombination	phylter_k_020	N396	recombination_suppression
1120	5	373	2	0.25	1.0	recombination	phylter_k_300	N396	recombination_suppression
1080	45	364	11	0.25	1.0	recombination	phylter_k_155	N396	recombination_suppression
0	1125	0	375	0.25	1.0	recombination	phylter_k_050	N396	recombination_suppression
24	1401	0	75	0.05	1.0	recombination	phylter_k_050	N678	recombination_suppression
1377	48	74	1	0.05	1.0	recombination	phylter_k_155	N678	recombination_suppression
180	1245	8	67	0.05	1.0	recombination	phylter_k_020	N678	recombination_suppression
1420	5	75	0	0.05	1.0	recombination	phylter_k_300	N678	recombination_suppression
0	1275	0	225	0.15	1.0	recombination	phylter_k_050	N71	recombination_suppression
1253	22	217	8	0.15	1.0	recombination	phylter_k_155	N71	recombination_suppression
1273	2	223	2	0.15	1.0	recombination	phylter_k_300	N71	recombination_suppression
0	1275	0	225	0.15	1.0	recombination	phylter_k_020	N71	recombination_suppression
0	1275	0	225	0.15	1.0	recombination	phylter_k_050	N416	recombination_suppression
1245	30	221	4	0.15	1.0	recombination	phylter_k_155	N416	recombination_suppression
0	1275	0	225	0.15	1.0	recombination	phylter_k_020	N416	recombination_suppression
1273	2	225	0	0.15	1.0	recombination	phylter_k_300	N416	recombination_suppression
0	1425	0	75	0.05	1.0	recombination	phylter_k_020	N543	recombination_suppression
1420	5	75	0	0.05	1.0	recombination	phylter_k_300	N543	recombination_suppression
1364	61	72	3	0.05	1.0	recombination	phylter_k_155	N543	recombination_suppression
1	1424	0	75	0.05	1.0	recombination	phylter_k_050	N543	recombination_suppression
0	1350	0	150	0.1	1.0	recombination	phylter_k_050	N722	recombination_suppression
1304	46	144	6	0.1	1.0	recombination	phylter_k_155	N722	recombination_suppression
0	1350	0	150	0.1	1.0	recombination	phylter_k_020	N722	recombination_suppression
1347	3	150	0	0.1	1.0	recombination	phylter_k_300	N722	recombination_suppression
23	1102	10	365	0.25	1.0	recombination	phylter_k_050	N677	recombination_suppression
1094	31	372	3	0.25	1.0	recombination	phylter_k_155	N677	recombination_suppression
4	1121	4	371	0.25	1.0	recombination	phylter_k_020	N677	recombination_suppression
1119	6	375	0	0.25	1.0	recombination	phylter_k_300	N677	recombination_suppression
1155	45	294	6	0.2	1.0	recombination	phylter_k_155	N543	recombination_suppression
1193	7	300	0	0.2	1.0	recombination	phylter_k_300	N543	recombination_suppression
3	1197	0	300	0.2	1.0	recombination	phylter_k_020	N543	recombination_suppression
1	1199	1	299	0.2	1.0	recombination	phylter_k_050	N543	recombination_suppression
1274	1	225	0	0.15	1.0	recombination	phylter_k_300	N228	recombination_suppression
1	1274	0	225	0.15	1.0	recombination	phylter_k_020	N228	recombination_suppression
1217	58	219	6	0.15	1.0	recombination	phylter_k_155	N228	recombination_suppression
0	1275	0	225	0.15	1.0	recombination	phylter_k_050	N228	recombination_suppression
1098	27	374	1	0.25	1.0	recombination	phylter_k_155	N555	recombination_suppression
1121	4	375	0	0.25	1.0	recombination	phylter_k_300	N555	recombination_suppression
2	1123	1	374	0.25	1.0	recombination	phylter_k_020	N555	recombination_suppression
0	1125	0	375	0.25	1.0	recombination	phylter_k_050	N555	recombination_suppression
1318	107	71	4	0.05	1.0	recombination	phylter_k_155	N125	recombination_suppression
1413	12	75	0	0.05	1.0	recombination	phylter_k_300	N125	recombination_suppression
0	1425	0	75	0.05	1.0	recombination	phylter_k_020	N125	recombination_suppression
0	1425	0	75	0.05	1.0	recombination	phylter_k_050	N125	recombination_suppression
1190	10	297	3	0.2	1.0	recombination	phylter_k_300	N125	recombination_suppression
0	1200	0	300	0.2	1.0	recombination	phylter_k_020	N125	recombination_suppression
1132	68	282	18	0.2	1.0	recombination	phylter_k_155	N125	recombination_suppression
0	1200	0	300	0.2	1.0	recombination	phylter_k_050	N125	recombination_suppression
1072	53	353	22	0.25	1.0	recombination	phylter_k_155	N211	recombination_suppression
1119	6	372	3	0.25	1.0	recombination	phylter_k_300	N211	recombination_suppression
0	1125	0	375	0.25	1.0	recombination	phylter_k_020	N211	recombination_suppression
0	1125	0	375	0.25	1.0	recombination	phylter_k_050	N211	recombination_suppression
0	1350	0	150	0.1	1.0	recombination	phylter_k_050	N499	recombination_suppression
1310	40	144	6	0.1	1.0	recombination	phylter_k_155	N499	recombination_suppression
0	1350	0	150	0.1	1.0	recombination	phylter_k_020	N499	recombination_suppression
1346	4	150	0	0.1	1.0	recombination	phylter_k_300	N499	recombination_suppression
0	1350	0	150	0.1	1.0	recombination	phylter_k_050	N477	recombination_suppression
0	1350	0	150	0.1	1.0	recombination	phylter_k_020	N477	recombination_suppression
1345	5	149	1	0.1	1.0	recombination	phylter_k_300	N477	recombination_suppression
1299	51	145	5	0.1	1.0	recombination	phylter_k_155	N477	recombination_suppression
0	1350	0	150	0.1	1.0	recombination	phylter_k_050	N295	recombination_suppression
1341	9	150	0	0.1	1.0	recombination	phylter_k_300	N295	recombination_suppression
0	1350	0	150	0.1	1.0	recombination	phylter_k_020	N295	recombination_suppression
1288	62	144	6	0.1	1.0	recombination	phylter_k_155	N295	recombination_suppression
1	1424	0	75	0.05	1.0	recombination	phylter_k_020	N550	recombination_suppression
1420	5	75	0	0.05	1.0	recombination	phylter_k_300	N550	recombination_suppression
1384	41	74	1	0.05	1.0	recombination	phylter_k_155	N550	recombination_suppression
0	1425	0	75	0.05	1.0	recombination	phylter_k_050	N550	recombination_suppression
1468	2	30	0	0.02	1.0	recombination	phylter_k_300	N252	recombination_suppression
0	1470	0	30	0.02	1.0	recombination	phylter_k_020	N252	recombination_suppression
1404	66	27	3	0.02	1.0	recombination	phylter_k_155	N252	recombination_suppression
0	1470	0	30	0.02	1.0	recombination	phylter_k_050	N252	recombination_suppression
0	1200	0	300	0.2	1.0	recombination	phylter_k_020	N550	recombination_suppression
1195	5	299	1	0.2	1.0	recombination	phylter_k_300	N550	recombination_suppression
1164	36	292	8	0.2	1.0	recombination	phylter_k_155	N550	recombination_suppression
0	1200	0	300	0.2	1.0	recombination	phylter_k_050	N550	recombination_suppression
94	1376	3	27	0.02	1.0	recombination	phylter_k_050	N686	recombination_suppression
1465	5	29	1	0.02	1.0	recombination	phylter_k_300	N686	recombination_suppression
9	1461	0	30	0.02	1.0	recombination	phylter_k_020	N686	recombination_suppression
1421	49	29	1	0.02	1.0	recombination	phylter_k_155	N686	recombination_suppression
2	1468	0	30	0.02	1.0	recombination	phylter_k_020	N228	recombination_suppression
1468	2	30	0	0.02	1.0	recombination	phylter_k_300	N228	recombination_suppression
1403	67	30	0	0.02	1.0	recombination	phylter_k_155	N228	recombination_suppression
0	1470	0	30	0.02	1.0	recombination	phylter_k_050	N228	recombination_suppression
1415	55	29	1	0.02	1.0	recombination	phylter_k_155	N416	recombination_suppression
0	1470	0	30	0.02	1.0	recombination	phylter_k_020	N416	recombination_suppression
1468	2	30	0	0.02	1.0	recombination	phylter_k_300	N416	recombination_suppression
0	1470	0	30	0.02	1.0	recombination	phylter_k_050	N416	recombination_suppression
7	1418	0	75	0.05	1.0	recombination	phylter_k_020	N682	recombination_suppression
1420	5	75	0	0.05	1.0	recombination	phylter_k_300	N682	recombination_suppression
1394	31	75	0	0.05	1.0	recombination	phylter_k_155	N682	recombination_suppression
3	1422	0	75	0.05	1.0	recombination	phylter_k_050	N682	recombination_suppression
0	1125	0	375	0.25	1.0	recombination	phylter_k_050	N115	recombination_suppression
1123	2	375	0	0.25	1.0	recombination	phylter_k_300	N115	recombination_suppression
0	1125	0	375	0.25	1.0	recombination	phylter_k_020	N115	recombination_suppression
1058	67	368	7	0.25	1.0	recombination	phylter_k_155	N115	recombination_suppression
0	1125	1	374	0.25	1.0	recombination	phylter_k_050	N428	recombination_suppression
2	1123	1	374	0.25	1.0	recombination	phylter_k_020	N428	recombination_suppression
1122	3	375	0	0.25	1.0	recombination	phylter_k_300	N428	recombination_suppression
1093	32	367	8	0.25	1.0	recombination	phylter_k_155	N428	recombination_suppression
1195	5	300	0	0.2	1.0	recombination	phylter_k_300	N682	recombination_suppression
3	1197	0	300	0.2	1.0	recombination	phylter_k_020	N682	recombination_suppression
1166	34	300	0	0.2	1.0	recombination	phylter_k_155	N682	recombination_suppression
1	1199	0	300	0.2	1.0	recombination	phylter_k_050	N682	recombination_suppression
0	1350	0	150	0.1	1.0	recombination	phylter_k_050	N349	recombination_suppression
1299	51	145	5	0.1	1.0	recombination	phylter_k_155	N349	recombination_suppression
1347	3	150	0	0.1	1.0	recombination	phylter_k_300	N349	recombination_suppression
0	1350	0	150	0.1	1.0	recombination	phylter_k_020	N349	recombination_suppression
1238	37	215	10	0.15	1.0	recombination	phylter_k_155	N252	recombination_suppression
0	1275	0	225	0.15	1.0	recombination	phylter_k_020	N252	recombination_suppression
1273	2	224	1	0.15	1.0	recombination	phylter_k_300	N252	recombination_suppression
0	1275	0	225	0.15	1.0	recombination	phylter_k_050	N252	recombination_suppression
4	1271	0	225	0.15	1.0	recombination	phylter_k_020	N686	recombination_suppression
1270	5	224	1	0.15	1.0	recombination	phylter_k_300	N686	recombination_suppression
1235	40	222	3	0.15	1.0	recombination	phylter_k_155	N686	recombination_suppression
11	1264	0	225	0.15	1.0	recombination	phylter_k_050	N686	recombination_suppression
1	1199	0	300	0.2	1.0	recombination	phylter_k_020	N533	recombination_suppression
1194	6	299	1	0.2	1.0	recombination	phylter_k_300	N533	recombination_suppression
1161	39	296	4	0.2	1.0	recombination	phylter_k_155	N533	recombination_suppression
0	1200	0	300	0.2	1.0	recombination	phylter_k_050	N533	recombination_suppression
0	1470	0	30	0.02	1.0	recombination	phylter_k_050	N71	recombination_suppression
1444	26	25	5	0.02	1.0	recombination	phylter_k_155	N71	recombination_suppression
0	1470	0	30	0.02	1.0	recombination	phylter_k_020	N71	recombination_suppression
1468	2	29	1	0.02	1.0	recombination	phylter_k_300	N71	recombination_suppression
0	1425	0	75	0.05	1.0	recombination	phylter_k_050	N533	recombination_suppression
1373	52	74	1	0.05	1.0	recombination	phylter_k_155	N533	recombination_suppression
1421	4	75	0	0.05	1.0	recombination	phylter_k_300	N533	recombination_suppression
0	1425	0	75	0.05	1.0	recombination	phylter_k_020	N533	recombination_suppression
1069	56	360	15	0.25	1.0	recombination	phylter_k_155	N296	recombination_suppression
0	1125	0	375	0.25	1.0	recombination	phylter_k_020	N296	recombination_suppression
1122	3	375	0	0.25	1.0	recombination	phylter_k_300	N296	recombination_suppression
0	1125	0	375	0.25	1.0	recombination	phylter_k_050	N296	recombination_suppression
12	1338	1	149	0.1	1.0	recombination	phylter_k_050	N564	recombination_suppression
1345	5	150	0	0.1	1.0	recombination	phylter_k_300	N564	recombination_suppression
17	1333	1	149	0.1	1.0	recombination	phylter_k_020	N564	recombination_suppression
1301	49	149	1	0.1	1.0	recombination	phylter_k_155	N564	recombination_suppression
1175	25	300	0	0.2	1.0	recombination	phylter_k_155	N576	recombination_suppression
0	1200	0	300	0.2	1.0	recombination	phylter_k_020	N576	recombination_suppression
1195	5	300	0	0.2	1.0	recombination	phylter_k_300	N576	recombination_suppression
0	1200	0	300	0.2	1.0	recombination	phylter_k_050	N576	recombination_suppression
0	1350	0	150	0.1	1.0	recombination	phylter_k_050	N717	recombination_suppression
1304	46	149	1	0.1	1.0	recombination	phylter_k_155	N717	recombination_suppression
1344	6	149	1	0.1	1.0	recombination	phylter_k_300	N717	recombination_suppression
0	1350	0	150	0.1	1.0	recombination	phylter_k_020	N717	recombination_suppression
1420	5	75	0	0.05	1.0	recombination	phylter_k_300	N576	recombination_suppression
0	1425	0	75	0.05	1.0	recombination	phylter_k_020	N576	recombination_suppression
1372	53	75	0	0.05	1.0	recombination	phylter_k_155	N576	recombination_suppression
0	1425	0	75	0.05	1.0	recombination	phylter_k_050	N576	recombination_suppression
1423	2	74	1	0.05	1.0	recombination	phylter_k_300	N71	recombination_suppression
0	1425	0	75	0.05	1.0	recombination	phylter_k_020	N71	recombination_suppression
1399	26	69	6	0.05	1.0	recombination	phylter_k_155	N71	recombination_suppression
0	1425	0	75	0.05	1.0	recombination	phylter_k_050	N71	recombination_suppression
0	1470	0	30	0.02	1.0	recombination	phylter_k_050	N543	recombination_suppression
1416	54	28	2	0.02	1.0	recombination	phylter_k_155	N543	recombination_suppression
3	1467	0	30	0.02	1.0	recombination	phylter_k_020	N543	recombination_suppression
1465	5	30	0	0.02	1.0	recombination	phylter_k_300	N543	recombination_suppression
1270	80	146	4	0.1	1.0	recombination	phylter_k_155	N115	recombination_suppression
1349	1	150	0	0.1	1.0	recombination	phylter_k_300	N115	recombination_suppression
0	1350	0	150	0.1	1.0	recombination	phylter_k_020	N115	recombination_suppression
0	1350	0	150	0.1	1.0	recombination	phylter_k_050	N115	recombination_suppression
1304	46	147	3	0.1	1.0	recombination	phylter_k_155	N428	recombination_suppression
1346	4	150	0	0.1	1.0	recombination	phylter_k_300	N428	recombination_suppression
1	1349	0	150	0.1	1.0	recombination	phylter_k_020	N428	recombination_suppression
0	1350	1	149	0.1	1.0	recombination	phylter_k_050	N428	recombination_suppression
19	1256	2	223	0.15	1.0	recombination	phylter_k_020	N682	recombination_suppression
1267	8	225	0	0.15	1.0	recombination	phylter_k_300	N682	recombination_suppression
1227	48	222	3	0.15	1.0	recombination	phylter_k_155	N682	recombination_suppression
13	1262	2	223	0.15	1.0	recombination	phylter_k_050	N682	recombination_suppression
1104	21	371	4	0.25	1.0	recombination	phylter_k_155	N349	recombination_suppression
0	1125	0	375	0.25	1.0	recombination	phylter_k_020	N349	recombination_suppression
1123	2	375	0	0.25	1.0	recombination	phylter_k_300	N349	recombination_suppression
0	1125	0	375	0.25	1.0	recombination	phylter_k_050	N349	recombination_suppression
55	1415	0	30	0.02	1.0	recombination	phylter_k_050	N678	recombination_suppression
1415	55	29	1	0.02	1.0	recombination	phylter_k_155	N678	recombination_suppression
1464	6	30	0	0.02	1.0	recombination	phylter_k_300	N678	recombination_suppression
83	1387	1	29	0.02	1.0	recombination	phylter_k_020	N678	recombination_suppression
1382	43	71	4	0.05	1.0	recombination	phylter_k_155	N252	recombination_suppression
1423	2	75	0	0.05	1.0	recombination	phylter_k_300	N252	recombination_suppression
0	1425	0	75	0.05	1.0	recombination	phylter_k_020	N252	recombination_suppression
0	1425	0	75	0.05	1.0	recombination	phylter_k_050	N252	recombination_suppression
1381	44	74	1	0.05	1.0	recombination	phylter_k_155	N686	recombination_suppression
8	1417	1	74	0.05	1.0	recombination	phylter_k_020	N686	recombination_suppression
1421	4	74	1	0.05	1.0	recombination	phylter_k_300	N686	recombination_suppression
30	1395	3	72	0.05	1.0	recombination	phylter_k_050	N686	recombination_suppression
0	1350	0	150	0.1	1.0	recombination	phylter_k_050	N71	recombination_suppression
1348	2	149	1	0.1	1.0	recombination	phylter_k_300	N71	recombination_suppression
0	1350	0	150	0.1	1.0	recombination	phylter_k_020	N71	recombination_suppression
1324	26	145	5	0.1	1.0	recombination	phylter_k_155	N71	recombination_suppression
1169	31	292	8	0.2	1.0	recombination	phylter_k_155	N252	recombination_suppression
1200	0	299	1	0.2	1.0	recombination	phylter_k_300	N252	recombination_suppression
0	1200	0	300	0.2	1.0	recombination	phylter_k_020	N252	recombination_suppression
0	1200	0	300	0.2	1.0	recombination	phylter_k_050	N252	recombination_suppression
4	1466	0	30	0.02	1.0	recombination	phylter_k_050	N550	recombination_suppression
1465	5	30	0	0.02	1.0	recombination	phylter_k_300	N550	recombination_suppression
4	1466	0	30	0.02	1.0	recombination	phylter_k_020	N550	recombination_suppression
1425	45	29	1	0.02	1.0	recombination	phylter_k_155	N550	recombination_suppression
1196	4	299	1	0.2	1.0	recombination	phylter_k_300	N686	recombination_suppression
316	884	80	220	0.2	1.0	recombination	phylter_k_020	N686	recombination_suppression
1160	40	297	3	0.2	1.0	recombination	phylter_k_155	N686	recombination_suppression
90	1110	23	277	0.2	1.0	recombination	phylter_k_050	N686	recombination_suppression
0	1275	0	225	0.15	1.0	recombination	phylter_k_050	N533	recombination_suppression
1235	40	222	3	0.15	1.0	recombination	phylter_k_155	N533	recombination_suppression
1	1274	0	225	0.15	1.0	recombination	phylter_k_020	N533	recombination_suppression
1271	4	224	1	0.15	1.0	recombination	phylter_k_300	N533	recombination_suppression
0	1125	0	375	0.25	1.0	recombination	phylter_k_050	N717	recombination_suppression
1099	26	370	5	0.25	1.0	recombination	phylter_k_155	N717	recombination_suppression
0	1125	0	375	0.25	1.0	recombination	phylter_k_020	N717	recombination_suppression
1121	4	374	1	0.25	1.0	recombination	phylter_k_300	N717	recombination_suppression
0	1470	0	30	0.02	1.0	recombination	phylter_k_050	N125	recombination_suppression
1458	12	30	0	0.02	1.0	recombination	phylter_k_300	N125	recombination_suppression
0	1470	0	30	0.02	1.0	recombination	phylter_k_020	N125	recombination_suppression
1381	89	28	2	0.02	1.0	recombination	phylter_k_155	N125	recombination_suppression
1271	79	147	3	0.1	1.0	recombination	phylter_k_155	N296	recombination_suppression
1	1349	0	150	0.1	1.0	recombination	phylter_k_020	N296	recombination_suppression
1342	8	150	0	0.1	1.0	recombination	phylter_k_300	N296	recombination_suppression
0	1350	0	150	0.1	1.0	recombination	phylter_k_050	N296	recombination_suppression
4	1121	0	375	0.25	1.0	recombination	phylter_k_050	N564	recombination_suppression
1121	4	375	0	0.25	1.0	recombination	phylter_k_300	N564	recombination_suppression
0	1125	0	375	0.25	1.0	recombination	phylter_k_020	N564	recombination_suppression
1093	32	371	4	0.25	1.0	recombination	phylter_k_155	N564	recombination_suppression
1250	25	225	0	0.15	1.0	recombination	phylter_k_155	N576	recombination_suppression
0	1275	0	225	0.15	1.0	recombination	phylter_k_020	N576	recombination_suppression
1270	5	225	0	0.15	1.0	recombination	phylter_k_300	N576	recombination_suppression
0	1275	0	225	0.15	1.0	recombination	phylter_k_050	N576	recombination_suppression
1283	67	138	12	0.1	1.0	recombination	phylter_k_155	N202	recombination_suppression
1347	3	149	1	0.1	1.0	recombination	phylter_k_300	N202	recombination_suppression
1	1349	0	150	0.1	1.0	recombination	phylter_k_020	N202	recombination_suppression
0	1350	0	150	0.1	1.0	recombination	phylter_k_050	N202	recombination_suppression
0	1350	0	150	0.1	1.0	recombination	phylter_k_020	N396	recombination_suppression
1346	4	150	0	0.1	1.0	recombination	phylter_k_300	N396	recombination_suppression
1297	53	146	4	0.1	1.0	recombination	phylter_k_155	N396	recombination_suppression
0	1350	0	150	0.1	1.0	recombination	phylter_k_050	N396	recombination_suppression
5	1465	0	30	0.02	1.0	recombination	phylter_k_020	N682	recombination_suppression
1465	5	30	0	0.02	1.0	recombination	phylter_k_300	N682	recombination_suppression
1407	63	28	2	0.02	1.0	recombination	phylter_k_155	N682	recombination_suppression
1	1469	0	30	0.02	1.0	recombination	phylter_k_050	N682	recombination_suppression
66	1209	5	220	0.15	1.0	recombination	phylter_k_050	N678	recombination_suppression
1245	30	223	2	0.15	1.0	recombination	phylter_k_155	N678	recombination_suppression
1269	6	225	0	0.15	1.0	recombination	phylter_k_300	N678	recombination_suppression
3	1272	2	223	0.15	1.0	recombination	phylter_k_020	N678	recombination_suppression
1371	54	72	3	0.05	1.0	recombination	phylter_k_155	N416	recombination_suppression
0	1425	0	75	0.05	1.0	recombination	phylter_k_020	N416	recombination_suppression
1423	2	75	0	0.05	1.0	recombination	phylter_k_300	N416	recombination_suppression
0	1425	0	75	0.05	1.0	recombination	phylter_k_050	N416	recombination_suppression
8	1342	0	150	0.1	1.0	recombination	phylter_k_050	N677	recombination_suppression
1344	6	150	0	0.1	1.0	recombination	phylter_k_300	N677	recombination_suppression
3	1347	0	150	0.1	1.0	recombination	phylter_k_020	N677	recombination_suppression
1322	28	149	1	0.1	1.0	recombination	phylter_k_155	N677	recombination_suppression
4	1271	3	222	0.15	1.0	recombination	phylter_k_050	N543	recombination_suppression
1270	5	225	0	0.15	1.0	recombination	phylter_k_300	N543	recombination_suppression
0	1275	0	225	0.15	1.0	recombination	phylter_k_020	N543	recombination_suppression
1244	31	222	3	0.15	1.0	recombination	phylter_k_155	N543	recombination_suppression
1196	4	299	1	0.2	1.0	recombination	phylter_k_300	N228	recombination_suppression
1	1199	0	300	0.2	1.0	recombination	phylter_k_020	N228	recombination_suppression
1149	51	291	9	0.2	1.0	recombination	phylter_k_155	N228	recombination_suppression
0	1200	0	300	0.2	1.0	recombination	phylter_k_050	N228	recombination_suppression
0	1200	0	300	0.2	1.0	recombination	phylter_k_020	N416	recombination_suppression
1199	1	300	0	0.2	1.0	recombination	phylter_k_300	N416	recombination_suppression
1173	27	292	8	0.2	1.0	recombination	phylter_k_155	N416	recombination_suppression
0	1200	0	300	0.2	1.0	recombination	phylter_k_050	N416	recombination_suppression
1358	67	72	3	0.05	1.0	recombination	phylter_k_155	N228	recombination_suppression
1423	2	75	0	0.05	1.0	recombination	phylter_k_300	N228	recombination_suppression
1	1424	0	75	0.05	1.0	recombination	phylter_k_020	N228	recombination_suppression
0	1425	0	75	0.05	1.0	recombination	phylter_k_050	N228	recombination_suppression
0	1125	0	375	0.25	1.0	recombination	phylter_k_050	N722	recombination_suppression
1097	28	371	4	0.25	1.0	recombination	phylter_k_155	N722	recombination_suppression
0	1125	0	375	0.25	1.0	recombination	phylter_k_020	N722	recombination_suppression
1122	3	375	0	0.25	1.0	recombination	phylter_k_300	N722	recombination_suppression
0	1275	0	225	0.15	1.0	recombination	phylter_k_050	N125	recombination_suppression
1199	76	212	13	0.15	1.0	recombination	phylter_k_155	N125	recombination_suppression
1267	8	225	0	0.15	1.0	recombination	phylter_k_300	N125	recombination_suppression
0	1275	0	225	0.15	1.0	recombination	phylter_k_020	N125	recombination_suppression
1465	5	30	0	0.02	1.0	recombination	phylter_k_300	N576	recombination_suppression
0	1470	0	30	0.02	1.0	recombination	phylter_k_020	N576	recombination_suppression
1415	55	30	0	0.02	1.0	recombination	phylter_k_155	N576	recombination_suppression
0	1470	0	30	0.02	1.0	recombination	phylter_k_050	N576	recombination_suppression
0	1350	0	150	0.1	1.0	recombination	phylter_k_050	N211	recombination_suppression
1278	72	142	8	0.1	1.0	recombination	phylter_k_155	N211	recombination_suppression
1348	2	150	0	0.1	1.0	recombination	phylter_k_300	N211	recombination_suppression
1	1349	0	150	0.1	1.0	recombination	phylter_k_020	N211	recombination_suppression
1097	28	364	11	0.25	1.0	recombination	phylter_k_155	N499	recombination_suppression
1122	3	375	0	0.25	1.0	recombination	phylter_k_300	N499	recombination_suppression
0	1125	0	375	0.25	1.0	recombination	phylter_k_020	N499	recombination_suppression
0	1125	0	375	0.25	1.0	recombination	phylter_k_050	N499	recombination_suppression
0	1125	0	375	0.25	1.0	recombination	phylter_k_050	N477	recombination_suppression
1119	6	374	1	0.25	1.0	recombination	phylter_k_300	N477	recombination_suppression
0	1125	0	375	0.25	1.0	recombination	phylter_k_020	N477	recombination_suppression
1082	43	365	10	0.25	1.0	recombination	phylter_k_155	N477	recombination_suppression
3	1347	1	149	0.1	1.0	recombination	phylter_k_050	N555	recombination_suppression
1312	38	149	1	0.1	1.0	recombination	phylter_k_155	N555	recombination_suppression
1345	5	150	0	0.1	1.0	recombination	phylter_k_300	N555	recombination_suppression
1	1349	0	150	0.1	1.0	recombination	phylter_k_020	N555	recombination_suppression
1232	43	219	6	0.15	1.0	recombination	phylter_k_155	N550	recombination_suppression
1270	5	225	0	0.15	1.0	recombination	phylter_k_300	N550	recombination_suppression
1	1274	0	225	0.15	1.0	recombination	phylter_k_020	N550	recombination_suppression
1	1274	0	225	0.15	1.0	recombination	phylter_k_050	N550	recombination_suppression
0	1470	0	30	0.02	1.0	recombination	phylter_k_050	N533	recombination_suppression
1408	62	29	1	0.02	1.0	recombination	phylter_k_155	N533	recombination_suppression
1466	4	30	0	0.02	1.0	recombination	phylter_k_300	N533	recombination_suppression
0	1470	0	30	0.02	1.0	recombination	phylter_k_020	N533	recombination_suppression
0	1125	0	375	0.25	1.0	recombination	phylter_k_050	N295	recombination_suppression
0	1125	0	375	0.25	1.0	recombination	phylter_k_020	N295	recombination_suppression
1121	4	374	1	0.25	1.0	recombination	phylter_k_300	N295	recombination_suppression
1071	54	357	18	0.25	1.0	recombination	phylter_k_155	N295	recombination_suppression
