	Phoenicopterus_ruber	Podiceps_cristatus	Podilymbus_podiceps	Mesitornis_unicolor	Phaethon_lepturus	Eurypyga_helias	Rhynochetos_jubatus	Opisthocomus_hoazin	Leptosomus_discolor	Apaloderma_vittatum	Trogon_melanurus	Gavia_stellata	Aptenodytes_forsteri	Pygoscelis_adeliae	Thalassarche_chlororhynchos	Hydrobates_tethys	Fulmarus_glacialis	Calonectris_borealis	Pelecanoides_urinatrix	Fregetta_grallaria	Oceanites_oceanicus	Ciconia_maguari	Balaeniceps_rex	Scopus_umbretta	Pelecanus_crispus	Mesembrinibis_cayennensis	Nipponia_nippon	Cochlearius_cochlearius	Egretta_garzetta	Fregata_magnificens	Sula_dactylatra	Anhinga_anhinga	Anhinga_rufa	Phalacrocorax_carbo	Phalacrocorax_pelagicus	Phalacrocorax_harrisi	Phalacrocorax_auritus	Phalacrocorax_brasilianus	Sagittarius_serpentarius	Pandion_haliaetus	Circaetus_pectoralis	Haliaeetus_albicilla	Haliaeetus_leucocephalus	Aquila_chrysaetos	Spizaetus_tyrannus	Bucco_capensis	Galbula_dea	Picoides_pubescens	Indicator_maculatus	Psilopogon_haemacephalus	Tricholaema_leucomelas	Eubucco_bourcierii	Semnornis_frantzii	Ramphastos_sulfuratus	Buceros_rhinoceros	Bucorvus_abyssinicus	Rhinopomastus_cyanomelas	Upupa_epops	Merops_nubicus	Brachypteracias_leptosomus	Eurystomus_gularis	Todus_mexicanus	Ceyx_cyanopectus	Chloroceryle_aenea	Halcyon_senegalensis	Baryphthengus_martii	Herpetotheres_cachinnans	Falco_cherrug	Falco_peregrinus	Nestor_notabilis	Eolophus_roseicapillus	Probosciger_aterrimus	Amazona_guildingii	Agapornis_roseicollis	Melopsittacus_undulatus	Acanthisitta_chloris	Neodrepanis_coruscans	Serilophus_lunatus	Pitta_sordida	Calyptomena_viridis	Smithornis_capensis	Sapayoa_aenigma	Cephalopterus_ornatus	Rhegmatorhina_hoffmannsi	Sakesphorus_luctuosus	Sclerurus_mexicanus	Furnarius_figulus	Campylorhamphus_procurvoides	Xiphorhynchus_elegans	Grallaria_varia	Scytalopus_superciliaris	Formicarius_rufipectus	Lepidothrix_coronata	Manacus_manacus	Pachyramphus_minor	Onychorhynchus_coronatus	Oxyruncus_cristatus	Piprites_chloris	Neopipo_cinnamomea	Tachuris_rubrigastra	Mionectes_macconnelli	Tyrannus_savana	Atrichornis_clamosus	Menura_novaehollandiae	Climacteris_rufus	Ptilonorhynchus_violaceus	Malurus_elegans	Dasyornis_broadbenti	Origma_solitaria	Pardalotus_punctatus	Grantiella_picta	Orthonyx_spaldingii	Ptilorrhoa_leucosticta	Chaetorhynchus_papuensis	Rhipidura_dahli	Struthidea_cinerea	Dicrurus_megarhynchus	Myiagra_hebetior	Paradisaea_raggiana	Lanius_ludovicianus	Aphelocoma_coerulescens	Corvus_moneduloides	Corvus_brachyrhynchos	Corvus_cornix	Ifrita_kowaldi	Daphoenositta_chrysoptera	Mohoua_ochrocephala	Aleadryas_rufinucha	Falcunculus_frontatus	Oreocharis_arfaki	Oriolus_oriolus	Edolisoma_coerulescens	Machaerirhynchus_nigripectus	Gymnorhina_tibicen	Dryoscopus_gambensis	Rhagologus_leucostigma	Dyaphorophyia_castanea	Mystacornis_crossleyi	Eulacestoma_nigropectus	Pachycephala_philippinensis	Pteruthius_melanotis	Erpornis_zantholeuca	Vireo_altiloquus	Cnemophilus_loriae	Melanocharis_versteri	Callaeas_wilsoni	Notiomystis_cincta	Chaetops_frenatus	Picathartes_gymnocephalus	Drymodes_brunneopygia	Anthoscopus_minutus	Poecile_atricapillus	Parus_major	Pseudopodoces_humilis	Alaudala_cheleensis	Panurus_biarmicus	Nicator_chloris	Sylvietta_virens	Cisticola_juncidis	Sinosuthora_webbiana	Sylvia_atricapilla	Sylvia_borin	Sterrhoptilus_dennistouni	Zosterops_hypoxanthus	Zosterops_lateralis	Pomatorhinus_ruficollis	Illadopsis_cleaveri	Leiothrix_lutea	Acrocephalus_arundinaceus	Hippolais_icterina	Locustella_ochotensis	Oxylabes_madagascariensis	Donacobius_atricapilla	Hirundo_rustica	Hylia_prasina	Brachypodius_atriceps	Pycnonotus_jocosus	Phylloscopus_trochilus	Rhadina_sibilatrix	Aegithalos_caudatus	Erythrocercus_mccallii	Cettia_cetti	Horornis_vulcanius	Regulus_satrapa	Elachura_formosa	Promerops_cafer	Dicaeum_eximium	Leptocoma_aspasia	Irena_cyanogastra	Peucedramus_taeniatus	Urocynchramus_pylzowi	Ploceus_nigricollis	Vidua_chalybeata	Vidua_macroura	Lonchura_striata	Taeniopygia_guttata	Prunella_fulvescens	Prunella_himalayana	Passer_domesticus	Hypocryptadius_cinnamomeus	Motacilla_alba	Rhodinocichla_rosea	Setophaga_coronata	Setophaga_kirtlandii	Emberiza_fucata	Pheucticus_melanocephalus	Cardinalis_cardinalis	Passerina_amoena	Nesospiza_acunhae	Geospiza_fortis	Sporophila_hypoxantha	Spizella_passerina	Melospiza_melodia	Junco_hyemalis	Zonotrichia_albicollis	Calcarius_ornatus	Agelaius_phoeniceus	Molothrus_ater	Quiscalus_mexicanus	Chlorodrepanis_virens	Hemignathus_wilsoni	Serinus_canaria	Loxia_curvirostra	Loxia_leucoptera	Chloropsis_cyanopogon	Chloropsis_hardwickii	Tichodroma_muraria	Buphagus_erythrorhynchus	Rhabdornis_inornatus	Leucopsar_rothschildi	Sturnus_vulgaris	Toxostoma_redivivum	Catharus_fuscescens	Cercotrichas_coryphaeus	Copsychus_sechellarum	Erithacus_rubecula	Oenanthe_oenanthe	Saxicola_maurus	Ficedula_albicollis	Cinclus_mexicanus	Sitta_europaea	Polioptila_caerulea	Thryothorus_ludovicianus	Certhia_brachydactyla	Certhia_familiaris	Bombycilla_garrulus	Phainopepla_nitens	Pomatostomus_ruficeps	Nyctiprogne_leucopyga	Antrostomus_carolinensis	Chordeiles_acutipennis	Aegotheles_bennettii	Chaetura_pelagica	Hemiprocne_comata	Calypte_anna	Oreotrochilus_melanogaster	Steatornis_caripensis	Nyctibius_bracteatus	Nyctibius_grandis	Podargus_strigoides	Pterocles_burchelli	Pterocles_gutturalis	Syrrhaptes_paradoxus	Colius_striatus	Urocolius_indicus	Heliornis_fulica	Atlantisia_rogersi	Zapornia_atra	Psophia_crepitans	Aramus_guarauna	Balearica_regulorum	Grus_americana	Burhinus_bistriatus	Chionis_minor	Pluvianellus_socialis	Charadrius_alexandrinus	Charadrius_vociferus	Himantopus_himantopus	Ibidorhyncha_struthersii	Limosa_lapponica	Arenaria_interpres	Calidris_pugnax	Pedionomus_torquatus	Thinocorus_orbignyianus	Jacana_jacana	Nycticryphes_semicollaris	Rostratula_benghalensis	Turnix_velox	Dromas_ardeola	Glareola_pratincola	Rhinoptilus_africanus	Stercorarius_parasiticus	Cepphus_grylle	Alca_torda	Uria_aalge	Uria_lomvia	Phaetusa_simplex	Rynchops_niger	Rissa_tridactyla	Chroicocephalus_maculipennis	Larus_smithsonianus	Lophotis_ruficrista	Ardeotis_kori	Chlamydotis_macqueenii	Geococcyx_californianus	Crotophaga_sulcirostris	Centropus_bengalensis	Centropus_unirufus	Cuculus_canorus	Ceuthmochares_aereus	Piaya_cayana	Tauraco_erythrolophus	Corythaeola_cristata	Corythaixoides_concolor	Tyto_alba	Glaucidium_brasilianum	Ciccaba_nigrolineata	Strix_occidentalis	Cathartes_aura	Cariama_cristata	Chunga_burmeisteri	Alopecoenas_beccarii	Columba_livia	Patagioenas_fasciata	Caloenas_nicobarica	Columbina_picui
Phoenicopterus_ruber	0	0.0944925	0.100241	0.166505	0.171972	0.154616	0.156265	0.203591	0.174439	0.254309	0.239306	0.152189	0.121568	0.136032	0.129379	0.125332	0.127349	0.129456	0.150036	0.144868	0.136649	0.147303	0.139047	0.170855	0.142626	0.147096	0.132309	0.166481	0.171315	0.150915	0.150974	0.158196	0.160241	0.131395	0.129381	0.133447	0.131394	0.131393	0.151238	0.166251	0.144755	0.154891	0.154918	0.158924	0.150782	0.256706	0.271986	0.276812	0.278809	0.27398	0.285033	0.286751	0.309618	0.289281	0.222857	0.233306	0.324763	0.379771	0.264095	0.202825	0.209236	0.226917	0.252937	0.223282	0.195751	0.232019	0.162176	0.162779	0.161725	0.212062	0.210045	0.214072	0.238458	0.225172	0.227	0.220545	0.217514	0.224135	0.237771	0.224823	0.219393	0.215425	0.189527	0.237062	0.224195	0.216807	0.247739	0.232327	0.251165	0.216951	0.210258	0.227726	0.172822	0.180954	0.21668	0.187106	0.197626	0.234755	0.195429	0.195074	0.207966	0.203586	0.209631	0.210685	0.249836	0.226494	0.245094	0.23028	0.248957	0.247535	0.249445	0.236118	0.229701	0.234202	0.255063	0.240546	0.244494	0.251121	0.250591	0.262078	0.242125	0.242001	0.238005	0.238005	0.259271	0.230038	0.248054	0.250525	0.237593	0.248009	0.24913	0.225607	0.246798	0.239326	0.254328	0.23533	0.25616	0.256485	0.232	0.228684	0.246597	0.254519	0.239776	0.232274	0.253957	0.250768	0.257116	0.237702	0.261431	0.249082	0.270369	0.246298	0.256448	0.248137	0.258384	0.271166	0.251752	0.257857	0.270743	0.268171	0.271904	0.253191	0.259347	0.270695	0.257288	0.247016	0.259545	0.263642	0.247264	0.258036	0.263765	0.268548	0.287059	0.275275	0.268758	0.272763	0.274691	0.247879	0.245253	0.279903	0.274868	0.263887	0.263887	0.29925	0.296356	0.247909	0.263352	0.251937	0.275572	0.271022	0.279636	0.255873	0.263948	0.260464	0.265533	0.268136	0.269781	0.280542	0.26773	0.263358	0.272141	0.259125	0.299997	0.291096	0.285459	0.286638	0.286466	0.288795	0.277793	0.263482	0.265574	0.272052	0.279942	0.278441	0.284848	0.263261	0.263006	0.26707	0.271117	0.271626	0.273599	0.273437	0.271393	0.273429	0.243587	0.260863	0.241775	0.270243	0.280834	0.288942	0.280563	0.272359	0.281661	0.278252	0.26258	0.295841	0.276965	0.289121	0.291551	0.286494	0.263443	0.265587	0.264268	0.262947	0.250024	0.244223	0.248344	0.249031	0.175134	0.177459	0.154979	0.219888	0.23499	0.189476	0.225587	0.23394	0.199438	0.137442	0.141201	0.176909	0.190503	0.179933	0.175472	0.233101	0.230219	0.203666	0.236761	0.225013	0.168525	0.143846	0.130955	0.135826	0.16019	0.146948	0.155299	0.132099	0.131131	0.123645	0.134389	0.167604	0.16125	0.163068	0.197467	0.173841	0.19313	0.18857	0.191085	0.287206	0.143977	0.169215	0.178244	0.150197	0.162985	0.141728	0.139715	0.139719	0.165977	0.178472	0.154533	0.160665	0.146436	0.168589	0.15896	0.164059	0.218244	0.224024	0.214721	0.22379	0.188285	0.19445	0.221516	0.181006	0.167117	0.179739	0.174917	0.183452	0.145745	0.141904	0.129537	0.14272	0.142771	0.207836	0.200575	0.202546	0.194909	0.192464
Podiceps_cristatus	0.0944925	0	0.0430426	0.17262	0.178087	0.160731	0.16238	0.209706	0.180554	0.260424	0.245421	0.158304	0.127683	0.142146	0.135494	0.131446	0.133464	0.135571	0.156151	0.150983	0.142763	0.153418	0.145162	0.176969	0.148741	0.153211	0.138424	0.172596	0.17743	0.157029	0.157089	0.164311	0.166356	0.137509	0.135495	0.139562	0.137509	0.137508	0.157353	0.172366	0.150869	0.161006	0.161033	0.165039	0.156897	0.262821	0.278101	0.282927	0.284924	0.280094	0.291147	0.292866	0.315733	0.295396	0.228971	0.239421	0.330878	0.385886	0.27021	0.208939	0.21535	0.233032	0.259052	0.229397	0.201865	0.238134	0.168291	0.168894	0.167839	0.218176	0.21616	0.220186	0.244573	0.231287	0.233115	0.22666	0.223629	0.23025	0.243886	0.230938	0.225507	0.22154	0.195642	0.243177	0.23031	0.222922	0.253854	0.238442	0.25728	0.223066	0.216373	0.233841	0.178937	0.187069	0.222794	0.193221	0.20374	0.24087	0.201544	0.201188	0.21408	0.209701	0.215746	0.2168	0.255951	0.232608	0.251209	0.236394	0.255072	0.25365	0.25556	0.242233	0.235815	0.240317	0.261178	0.246661	0.250609	0.257236	0.256706	0.268192	0.248239	0.248115	0.244119	0.244119	0.265386	0.236153	0.254169	0.256639	0.243708	0.254123	0.255245	0.231721	0.252913	0.245441	0.260443	0.241444	0.262274	0.2626	0.238114	0.234799	0.252712	0.260634	0.245891	0.238389	0.260072	0.256883	0.26323	0.243817	0.267545	0.255197	0.276484	0.252413	0.262563	0.254251	0.264498	0.277281	0.257867	0.263972	0.276857	0.274286	0.278019	0.259306	0.265462	0.276809	0.263403	0.253131	0.26566	0.269757	0.253379	0.26415	0.26988	0.274663	0.293174	0.281389	0.274873	0.278878	0.280806	0.253994	0.251367	0.286018	0.280983	0.270002	0.270002	0.305364	0.302471	0.254024	0.269467	0.258051	0.281687	0.277137	0.28575	0.261988	0.270063	0.266578	0.271648	0.274251	0.275896	0.286657	0.273844	0.269473	0.278255	0.265239	0.306111	0.297211	0.291574	0.292753	0.292581	0.294909	0.283908	0.269597	0.271689	0.278167	0.286057	0.284556	0.290962	0.269376	0.269121	0.273185	0.277232	0.277741	0.279714	0.279551	0.277508	0.279544	0.249702	0.266977	0.247889	0.276357	0.286949	0.295057	0.286678	0.278473	0.287775	0.284366	0.268695	0.301956	0.28308	0.295236	0.297666	0.292608	0.269558	0.271702	0.270383	0.269062	0.256139	0.250338	0.254459	0.255146	0.181249	0.183574	0.161094	0.226003	0.241105	0.195591	0.231702	0.240055	0.205552	0.143556	0.147316	0.183023	0.196618	0.186048	0.181586	0.239216	0.236333	0.209781	0.242876	0.231128	0.17464	0.149961	0.13707	0.141941	0.166305	0.153062	0.161414	0.138214	0.137245	0.12976	0.140504	0.173719	0.167365	0.169183	0.203582	0.179956	0.199245	0.194685	0.1972	0.29332	0.150092	0.175329	0.184359	0.156311	0.169099	0.147842	0.14583	0.145834	0.172092	0.184587	0.160648	0.166779	0.152551	0.174704	0.165075	0.170174	0.224359	0.230139	0.220835	0.229904	0.1944	0.200565	0.227631	0.18712	0.173232	0.185854	0.181032	0.189567	0.15186	0.148019	0.135652	0.148835	0.148886	0.21395	0.20669	0.208661	0.201023	0.198579
Podilymbus_podiceps	0.100241	0.0430426	0	0.178368	0.183835	0.166479	0.168129	0.215455	0.186302	0.266172	0.251169	0.164053	0.133431	0.147895	0.141243	0.137195	0.139212	0.141319	0.161899	0.156731	0.148512	0.159167	0.15091	0.182718	0.154489	0.15896	0.144172	0.178345	0.183178	0.162778	0.162838	0.170059	0.172104	0.143258	0.141244	0.145311	0.143258	0.143257	0.163101	0.178114	0.156618	0.166754	0.166781	0.170787	0.162645	0.268569	0.283849	0.288676	0.290672	0.285843	0.296896	0.298615	0.321481	0.301144	0.23472	0.245169	0.336626	0.391635	0.275958	0.214688	0.221099	0.23878	0.2648	0.235145	0.207614	0.243883	0.17404	0.174642	0.173588	0.223925	0.221908	0.225935	0.250321	0.237036	0.238863	0.232408	0.229377	0.235999	0.249634	0.236686	0.231256	0.227288	0.201391	0.248925	0.236058	0.228671	0.259603	0.24419	0.263028	0.228814	0.222122	0.23959	0.184685	0.192817	0.228543	0.19897	0.209489	0.246618	0.207293	0.206937	0.219829	0.215449	0.221495	0.222549	0.2617	0.238357	0.256957	0.242143	0.26082	0.259399	0.261308	0.247982	0.241564	0.246066	0.266926	0.25241	0.256357	0.262985	0.262454	0.273941	0.253988	0.253864	0.249868	0.249868	0.271135	0.241901	0.259918	0.262388	0.249456	0.259872	0.260993	0.23747	0.258662	0.25119	0.266192	0.247193	0.268023	0.268348	0.243863	0.240547	0.258461	0.266383	0.25164	0.244137	0.26582	0.262631	0.268979	0.249566	0.273294	0.260945	0.282233	0.258161	0.268312	0.26	0.270247	0.283029	0.263615	0.26972	0.282606	0.280035	0.283767	0.265055	0.27121	0.282558	0.269152	0.258879	0.271408	0.275506	0.259128	0.269899	0.275628	0.280412	0.298923	0.287138	0.280622	0.284626	0.286554	0.259743	0.257116	0.291766	0.286731	0.275751	0.27575	0.311113	0.30822	0.259772	0.275215	0.2638	0.287435	0.282886	0.291499	0.267737	0.275811	0.272327	0.277396	0.279999	0.281645	0.292405	0.279593	0.275221	0.284004	0.270988	0.31186	0.30296	0.297322	0.298501	0.29833	0.300658	0.289657	0.275346	0.277438	0.283915	0.291805	0.290305	0.296711	0.275124	0.274869	0.278933	0.28298	0.283489	0.285462	0.2853	0.283256	0.285292	0.255451	0.272726	0.253638	0.282106	0.292697	0.300806	0.292427	0.284222	0.293524	0.290115	0.274444	0.307705	0.288829	0.300985	0.303414	0.298357	0.275307	0.27745	0.276132	0.27481	0.261887	0.256086	0.260207	0.260894	0.186997	0.189322	0.166843	0.231752	0.246853	0.201339	0.23745	0.245804	0.211301	0.149305	0.153064	0.188772	0.202367	0.191797	0.187335	0.244964	0.242082	0.21553	0.248624	0.236877	0.180388	0.155709	0.142818	0.14769	0.172054	0.158811	0.167163	0.143962	0.142994	0.135508	0.146252	0.179468	0.173114	0.174931	0.20933	0.185704	0.204994	0.200433	0.202948	0.299069	0.155841	0.181078	0.190107	0.16206	0.174848	0.153591	0.151579	0.151582	0.17784	0.190335	0.166397	0.172528	0.1583	0.180452	0.170823	0.175923	0.230107	0.235887	0.226584	0.235653	0.200148	0.206314	0.23338	0.192869	0.17898	0.191602	0.186781	0.195316	0.157609	0.153767	0.141401	0.154583	0.154634	0.219699	0.212438	0.214409	0.206772	0.204327
Mesitornis_unicolor	0.166505	0.17262	0.178368	0	0.206774	0.196617	0.198266	0.245597	0.216445	0.296314	0.281311	0.194195	0.163574	0.178037	0.171385	0.167337	0.169355	0.171461	0.192041	0.186873	0.178654	0.189309	0.181053	0.21286	0.184632	0.189102	0.174315	0.208487	0.213321	0.19292	0.19298	0.200202	0.202247	0.1734	0.171386	0.175453	0.1734	0.173399	0.193244	0.208257	0.18676	0.196896	0.196924	0.20093	0.192787	0.298711	0.313992	0.318818	0.320815	0.315985	0.327038	0.328757	0.351623	0.331286	0.264862	0.275311	0.366768	0.421777	0.3061	0.24483	0.251241	0.268923	0.294942	0.265288	0.237756	0.274025	0.204182	0.204784	0.20373	0.254067	0.252051	0.256077	0.280464	0.267178	0.269006	0.26255	0.25952	0.266141	0.279776	0.266829	0.261398	0.25743	0.231533	0.279067	0.266201	0.258813	0.289745	0.274333	0.29317	0.258957	0.252264	0.269732	0.214828	0.22296	0.258685	0.229112	0.239631	0.27676	0.237435	0.237079	0.249971	0.245591	0.251637	0.252691	0.291842	0.268499	0.2871	0.272285	0.290962	0.289541	0.291451	0.278124	0.271706	0.276208	0.297069	0.282552	0.286499	0.293127	0.292597	0.304083	0.28413	0.284006	0.28001	0.28001	0.301277	0.272044	0.29006	0.29253	0.279599	0.290014	0.291136	0.267612	0.288804	0.281332	0.296334	0.277335	0.298165	0.29849	0.274005	0.270689	0.288603	0.296525	0.281782	0.27428	0.295963	0.292774	0.299121	0.279708	0.303436	0.291088	0.312375	0.288303	0.298454	0.290142	0.300389	0.313172	0.293757	0.299863	0.312748	0.310177	0.313909	0.295197	0.301352	0.3127	0.299294	0.289021	0.301551	0.305648	0.28927	0.300041	0.30577	0.310554	0.329065	0.31728	0.310764	0.314768	0.316696	0.289885	0.287258	0.321908	0.316874	0.305893	0.305893	0.341255	0.338362	0.289915	0.305358	0.293942	0.317578	0.313028	0.321641	0.297879	0.305954	0.302469	0.307538	0.310142	0.311787	0.322547	0.309735	0.305364	0.314146	0.30113	0.342002	0.333102	0.327465	0.328643	0.328472	0.3308	0.319799	0.305488	0.30758	0.314057	0.321947	0.320447	0.326853	0.305266	0.305011	0.309076	0.313123	0.313631	0.315604	0.315442	0.313398	0.315434	0.285593	0.302868	0.28378	0.312248	0.322839	0.330948	0.322569	0.314364	0.323666	0.320257	0.304586	0.337847	0.318971	0.331127	0.333556	0.328499	0.305449	0.307592	0.306274	0.304953	0.292029	0.286229	0.290349	0.291037	0.217139	0.219464	0.196985	0.261894	0.276996	0.231482	0.267593	0.275946	0.241443	0.179447	0.183207	0.218914	0.236516	0.225946	0.221485	0.279114	0.276231	0.249679	0.282774	0.271026	0.214538	0.189859	0.176968	0.181839	0.206203	0.192961	0.201312	0.178112	0.177144	0.169658	0.180402	0.213617	0.207263	0.209081	0.24348	0.219854	0.239143	0.234583	0.237098	0.333219	0.18999	0.215227	0.224257	0.19621	0.208997	0.187741	0.185728	0.185732	0.21199	0.224485	0.200546	0.206677	0.192449	0.214602	0.204973	0.210072	0.264257	0.270037	0.260734	0.269802	0.234298	0.240463	0.267529	0.23103	0.217142	0.229763	0.224942	0.233477	0.19577	0.191928	0.179562	0.192744	0.192795	0.26162	0.254359	0.25633	0.248693	0.246248
Phaethon_lepturus	0.171972	0.178087	0.183835	0.206774	0	0.202084	0.203733	0.251064	0.221912	0.301781	0.286778	0.199662	0.169041	0.183504	0.176852	0.172804	0.174822	0.176928	0.197508	0.19234	0.184121	0.194776	0.18652	0.218327	0.190099	0.194569	0.179782	0.213954	0.218788	0.198387	0.198447	0.205669	0.207714	0.178867	0.176853	0.18092	0.178867	0.178866	0.198711	0.213724	0.192227	0.202363	0.202391	0.206397	0.198254	0.304178	0.319459	0.324285	0.326282	0.321452	0.332505	0.334224	0.35709	0.336753	0.270329	0.280778	0.372235	0.427244	0.311567	0.250297	0.256708	0.27439	0.300409	0.270755	0.243223	0.279492	0.209649	0.210251	0.209197	0.259534	0.257518	0.261544	0.285931	0.272645	0.274473	0.268017	0.264987	0.271608	0.285243	0.272296	0.266865	0.262897	0.237	0.284534	0.271668	0.26428	0.295212	0.2798	0.298637	0.264424	0.257731	0.275199	0.220295	0.228427	0.264152	0.234579	0.245098	0.282227	0.242902	0.242546	0.255438	0.251058	0.257104	0.258158	0.297309	0.273966	0.292567	0.277752	0.296429	0.295008	0.296918	0.283591	0.277173	0.281675	0.302536	0.288019	0.291966	0.298594	0.298064	0.30955	0.289597	0.289473	0.285477	0.285477	0.306744	0.277511	0.295527	0.297997	0.285066	0.295481	0.296603	0.273079	0.294271	0.286799	0.301801	0.282802	0.303632	0.303957	0.279472	0.276156	0.29407	0.301992	0.287249	0.279747	0.30143	0.298241	0.304588	0.285175	0.308903	0.296555	0.317842	0.29377	0.303921	0.295609	0.305856	0.318639	0.299224	0.30533	0.318215	0.315644	0.319376	0.300664	0.306819	0.318167	0.304761	0.294488	0.307018	0.311115	0.294737	0.305508	0.311237	0.316021	0.334532	0.322747	0.316231	0.320235	0.322163	0.295352	0.292725	0.327375	0.322341	0.31136	0.31136	0.346722	0.343829	0.295382	0.310825	0.299409	0.323045	0.318495	0.327108	0.303346	0.31142	0.307936	0.313005	0.315609	0.317254	0.328014	0.315202	0.310831	0.319613	0.306597	0.347469	0.338569	0.332932	0.33411	0.333939	0.336267	0.325266	0.310955	0.313047	0.319524	0.327414	0.325914	0.33232	0.310733	0.310478	0.314543	0.31859	0.319098	0.321071	0.320909	0.318865	0.320901	0.29106	0.308335	0.289247	0.317715	0.328306	0.336415	0.328036	0.319831	0.329133	0.325724	0.310053	0.343314	0.324438	0.336594	0.339023	0.333966	0.310916	0.313059	0.311741	0.31042	0.297496	0.291696	0.295816	0.296504	0.222606	0.224931	0.202452	0.267361	0.282463	0.236949	0.273059	0.281413	0.24691	0.184914	0.188674	0.224381	0.241983	0.231413	0.226952	0.284581	0.281698	0.255146	0.288241	0.276493	0.220005	0.195326	0.182435	0.187306	0.21167	0.198428	0.206779	0.183579	0.18261	0.175125	0.185869	0.219084	0.21273	0.214548	0.248947	0.225321	0.24461	0.24005	0.242565	0.338685	0.195457	0.220694	0.229724	0.201677	0.214464	0.193208	0.191195	0.191199	0.217457	0.229952	0.206013	0.212144	0.197916	0.220069	0.21044	0.215539	0.269724	0.275504	0.266201	0.275269	0.239765	0.24593	0.272996	0.236497	0.222609	0.23523	0.230409	0.238944	0.201237	0.197395	0.185029	0.198211	0.198262	0.267087	0.259826	0.261797	0.25416	0.251715
Eurypyga_helias	0.154616	0.160731	0.166479	0.196617	0.202084	0	0.116774	0.233708	0.204556	0.284426	0.269423	0.182306	0.151685	0.166148	0.159496	0.155448	0.157466	0.159573	0.180153	0.174985	0.166765	0.17742	0.169164	0.200971	0.172743	0.177213	0.162426	0.196598	0.201432	0.181031	0.181091	0.188313	0.190358	0.161511	0.159497	0.163564	0.161511	0.16151	0.181355	0.196368	0.174871	0.185008	0.185035	0.189041	0.180899	0.286823	0.302103	0.306929	0.308926	0.304096	0.315149	0.316868	0.339735	0.319398	0.252973	0.263423	0.35488	0.409888	0.294212	0.232941	0.239352	0.257034	0.283054	0.253399	0.225867	0.262136	0.192293	0.192896	0.191841	0.242178	0.240162	0.244188	0.268575	0.255289	0.257117	0.250662	0.247631	0.254252	0.267888	0.25494	0.249509	0.245542	0.219644	0.267179	0.254312	0.246924	0.277856	0.262444	0.281282	0.247068	0.240375	0.257843	0.202939	0.211071	0.246796	0.217223	0.227742	0.264872	0.225546	0.22519	0.238082	0.233703	0.239748	0.240802	0.279953	0.25661	0.275211	0.260396	0.279073	0.277652	0.279562	0.266235	0.259817	0.264319	0.28518	0.270663	0.27461	0.281238	0.280708	0.292194	0.272241	0.272117	0.268121	0.268121	0.289388	0.260155	0.278171	0.280641	0.26771	0.278125	0.279247	0.255723	0.276915	0.269443	0.284445	0.265446	0.286276	0.286602	0.262116	0.258801	0.276714	0.284636	0.269893	0.262391	0.284074	0.280885	0.287232	0.267819	0.291547	0.279199	0.300486	0.276415	0.286565	0.278253	0.2885	0.301283	0.281869	0.287974	0.300859	0.298288	0.302021	0.283308	0.289464	0.300811	0.287405	0.277133	0.289662	0.293759	0.277381	0.288152	0.293882	0.298665	0.317176	0.305391	0.298875	0.30288	0.304808	0.277996	0.275369	0.31002	0.304985	0.294004	0.294004	0.329366	0.326473	0.278026	0.293469	0.282053	0.305689	0.301139	0.309752	0.28599	0.294065	0.29058	0.295649	0.298253	0.299898	0.310659	0.297846	0.293475	0.302257	0.289241	0.330113	0.321213	0.315576	0.316755	0.316583	0.318911	0.30791	0.293599	0.295691	0.302169	0.310059	0.308558	0.314964	0.293378	0.293123	0.297187	0.301234	0.301743	0.303716	0.303553	0.301509	0.303546	0.273704	0.290979	0.271891	0.300359	0.310951	0.319059	0.31068	0.302475	0.311777	0.308368	0.292697	0.325958	0.307082	0.319238	0.321668	0.31661	0.29356	0.295704	0.294385	0.293064	0.280141	0.27434	0.278461	0.279148	0.205251	0.207576	0.185096	0.250005	0.265107	0.219593	0.255704	0.264057	0.229554	0.167558	0.171318	0.207025	0.224627	0.214057	0.209596	0.267225	0.264343	0.23779	0.270885	0.259137	0.202649	0.17797	0.165079	0.16995	0.194314	0.181072	0.189424	0.166223	0.165255	0.157769	0.168513	0.201728	0.195374	0.197192	0.231591	0.207965	0.227254	0.222694	0.225209	0.32133	0.178101	0.203339	0.212368	0.184321	0.197109	0.175852	0.173839	0.173843	0.200101	0.212596	0.188658	0.194789	0.180561	0.202713	0.193084	0.198183	0.252368	0.258148	0.248845	0.257914	0.222409	0.228575	0.25564	0.219141	0.205253	0.217874	0.213053	0.221588	0.183881	0.180039	0.167673	0.180856	0.180906	0.249731	0.24247	0.244441	0.236804	0.234359
Rhynochetos_jubatus	0.156265	0.16238	0.168129	0.198266	0.203733	0.116774	0	0.235358	0.206205	0.286075	0.271072	0.183956	0.153334	0.167798	0.161146	0.157098	0.159115	0.161222	0.181802	0.176634	0.168415	0.17907	0.170813	0.202621	0.174392	0.178863	0.164075	0.198247	0.203081	0.182681	0.182741	0.189962	0.192007	0.163161	0.161147	0.165214	0.163161	0.16316	0.183004	0.198017	0.176521	0.186657	0.186684	0.19069	0.182548	0.288472	0.303752	0.308579	0.310575	0.305746	0.316799	0.318518	0.341384	0.321047	0.254623	0.265072	0.356529	0.411538	0.295861	0.234591	0.241002	0.258683	0.284703	0.255048	0.227517	0.263786	0.193942	0.194545	0.193491	0.243828	0.241811	0.245838	0.270224	0.256939	0.258766	0.252311	0.24928	0.255901	0.269537	0.256589	0.251159	0.247191	0.221294	0.268828	0.255961	0.248574	0.279506	0.264093	0.282931	0.248717	0.242025	0.259493	0.204588	0.21272	0.248446	0.218873	0.229392	0.266521	0.227196	0.22684	0.239732	0.235352	0.241398	0.242452	0.281603	0.25826	0.27686	0.262046	0.280723	0.279302	0.281211	0.267885	0.261467	0.265969	0.286829	0.272313	0.27626	0.282888	0.282357	0.293844	0.273891	0.273767	0.269771	0.269771	0.291038	0.261804	0.279821	0.282291	0.269359	0.279775	0.280896	0.257373	0.278565	0.271093	0.286094	0.267096	0.287926	0.288251	0.263766	0.26045	0.278364	0.286286	0.271543	0.26404	0.285723	0.282534	0.288882	0.269469	0.293197	0.280848	0.302136	0.278064	0.288215	0.279903	0.29015	0.302932	0.283518	0.289623	0.302509	0.299938	0.30367	0.284958	0.291113	0.302461	0.289055	0.278782	0.291311	0.295409	0.279031	0.289802	0.295531	0.300315	0.318825	0.307041	0.300524	0.304529	0.306457	0.279645	0.277019	0.311669	0.306634	0.295654	0.295653	0.331016	0.328123	0.279675	0.295118	0.283703	0.307338	0.302789	0.311402	0.28764	0.295714	0.29223	0.297299	0.299902	0.301548	0.312308	0.299496	0.295124	0.303907	0.290891	0.331763	0.322863	0.317225	0.318404	0.318233	0.320561	0.30956	0.295249	0.297341	0.303818	0.311708	0.310208	0.316614	0.295027	0.294772	0.298836	0.302883	0.303392	0.305365	0.305203	0.303159	0.305195	0.275354	0.292629	0.273541	0.302009	0.3126	0.320709	0.31233	0.304125	0.313427	0.310018	0.294347	0.327608	0.308732	0.320887	0.323317	0.31826	0.295209	0.297353	0.296034	0.294713	0.28179	0.275989	0.28011	0.280797	0.2069	0.209225	0.186746	0.251655	0.266756	0.221242	0.257353	0.265707	0.231204	0.169208	0.172967	0.208675	0.226277	0.215707	0.211245	0.268875	0.265992	0.23944	0.272535	0.260787	0.204298	0.17962	0.166729	0.1716	0.195964	0.182721	0.191073	0.167873	0.166904	0.159419	0.170162	0.203378	0.197024	0.198842	0.233241	0.209614	0.228904	0.224344	0.226858	0.322979	0.179751	0.204988	0.214018	0.18597	0.198758	0.177501	0.175489	0.175493	0.201751	0.214246	0.190307	0.196438	0.18221	0.204363	0.194734	0.199833	0.254018	0.259798	0.250494	0.259563	0.224059	0.230224	0.25729	0.220791	0.206902	0.219524	0.214702	0.223237	0.18553	0.181689	0.169322	0.182505	0.182556	0.25138	0.24412	0.246091	0.238453	0.236009
Opisthocomus_hoazin	0.203591	0.209706	0.215455	0.245597	0.251064	0.233708	0.235358	0	0.244756	0.324626	0.309623	0.227266	0.196644	0.211108	0.204456	0.200408	0.202425	0.204532	0.225112	0.219944	0.211725	0.22238	0.214123	0.245931	0.217702	0.222173	0.207385	0.241557	0.246391	0.225991	0.226051	0.233272	0.235317	0.206471	0.204457	0.208524	0.206471	0.20647	0.226314	0.241327	0.219831	0.229967	0.229994	0.234	0.225858	0.331782	0.347062	0.351888	0.353885	0.349056	0.360109	0.361828	0.384694	0.364357	0.297933	0.308382	0.399839	0.454848	0.339171	0.277901	0.284312	0.301993	0.328013	0.298358	0.270827	0.307096	0.237252	0.237855	0.236801	0.287138	0.285121	0.289148	0.313534	0.300249	0.302076	0.295621	0.29259	0.299211	0.312847	0.299899	0.294469	0.290501	0.264603	0.312138	0.299271	0.291884	0.322816	0.307403	0.326241	0.292027	0.285335	0.302803	0.247898	0.25603	0.291756	0.262182	0.272702	0.309831	0.270506	0.27015	0.283042	0.278662	0.284708	0.285762	0.324913	0.30157	0.32017	0.305356	0.324033	0.322612	0.324521	0.311195	0.304777	0.309279	0.330139	0.315623	0.31957	0.326198	0.325667	0.337154	0.317201	0.317077	0.313081	0.313081	0.334348	0.305114	0.323131	0.325601	0.312669	0.323085	0.324206	0.300683	0.321875	0.314403	0.329404	0.310406	0.331236	0.331561	0.307076	0.30376	0.321674	0.329596	0.314853	0.30735	0.329033	0.325844	0.332192	0.312779	0.336507	0.324158	0.345446	0.321374	0.331525	0.323213	0.33346	0.346242	0.326828	0.332933	0.345819	0.343248	0.34698	0.328268	0.334423	0.345771	0.332365	0.322092	0.334621	0.338719	0.322341	0.333112	0.338841	0.343625	0.362135	0.350351	0.343834	0.347839	0.349767	0.322955	0.320329	0.354979	0.349944	0.338964	0.338963	0.374326	0.371433	0.322985	0.338428	0.327013	0.350648	0.346099	0.354712	0.33095	0.339024	0.33554	0.340609	0.343212	0.344858	0.355618	0.342806	0.338434	0.347217	0.334201	0.375073	0.366173	0.360535	0.361714	0.361543	0.363871	0.35287	0.338559	0.340651	0.347128	0.355018	0.353518	0.359924	0.338337	0.338082	0.342146	0.346193	0.346702	0.348675	0.348513	0.346469	0.348505	0.318664	0.335939	0.316851	0.345319	0.35591	0.364018	0.35564	0.347435	0.356737	0.353328	0.337657	0.370918	0.352042	0.364197	0.366627	0.36157	0.338519	0.340663	0.339344	0.338023	0.3251	0.319299	0.32342	0.324107	0.250215	0.25254	0.230061	0.29497	0.310071	0.264558	0.300668	0.309022	0.274519	0.212523	0.216282	0.25199	0.273603	0.263033	0.258571	0.316201	0.313318	0.286766	0.319861	0.308113	0.251624	0.226946	0.214055	0.218926	0.24329	0.230047	0.238399	0.215199	0.21423	0.206744	0.217488	0.250704	0.24435	0.246168	0.280567	0.25694	0.27623	0.27167	0.274184	0.370305	0.227077	0.252314	0.261344	0.233296	0.246084	0.224827	0.222815	0.222818	0.249077	0.261572	0.237633	0.243764	0.229536	0.251688	0.24206	0.247159	0.301344	0.307124	0.29782	0.306889	0.271385	0.27755	0.304616	0.268117	0.254228	0.26685	0.262028	0.270563	0.232856	0.229015	0.216648	0.229831	0.229882	0.298706	0.291445	0.293417	0.285779	0.283335
Leptosomus_discolor	0.174439	0.180554	0.186302	0.216445	0.221912	0.204556	0.206205	0.244756	0	0.250167	0.235164	0.198113	0.167492	0.181955	0.175303	0.171256	0.173273	0.17538	0.19596	0.190792	0.182573	0.193227	0.184971	0.216779	0.18855	0.19302	0.178233	0.212405	0.217239	0.196838	0.196898	0.20412	0.206165	0.177319	0.175305	0.179371	0.177318	0.177317	0.197162	0.212175	0.190679	0.200815	0.200842	0.204848	0.196706	0.30263	0.31791	0.322736	0.324733	0.319904	0.330957	0.332675	0.355542	0.335205	0.268781	0.27923	0.370687	0.425695	0.310019	0.248749	0.25516	0.272841	0.298861	0.269206	0.241675	0.277943	0.2081	0.208703	0.207649	0.257985	0.255969	0.259996	0.284382	0.271096	0.272924	0.266469	0.263438	0.270059	0.283695	0.270747	0.265317	0.261349	0.235451	0.282986	0.270119	0.262731	0.293663	0.278251	0.297089	0.262875	0.256182	0.27365	0.218746	0.226878	0.262604	0.23303	0.24355	0.280679	0.241353	0.240998	0.25389	0.24951	0.255555	0.256609	0.29576	0.272417	0.291018	0.276204	0.294881	0.293459	0.295369	0.282042	0.275625	0.280126	0.300987	0.28647	0.290418	0.297045	0.296515	0.308002	0.288048	0.287925	0.283929	0.283929	0.305195	0.275962	0.293978	0.296449	0.283517	0.293933	0.295054	0.27153	0.292722	0.28525	0.300252	0.281254	0.302084	0.302409	0.277924	0.274608	0.292521	0.300443	0.2857	0.278198	0.299881	0.296692	0.30304	0.283626	0.307355	0.295006	0.316293	0.292222	0.302372	0.294061	0.304308	0.31709	0.297676	0.303781	0.316667	0.314095	0.317828	0.299115	0.305271	0.316619	0.303212	0.29294	0.305469	0.309566	0.293188	0.30396	0.309689	0.314472	0.332983	0.321199	0.314682	0.318687	0.320615	0.293803	0.291177	0.325827	0.320792	0.309811	0.309811	0.345174	0.34228	0.293833	0.309276	0.29786	0.321496	0.316946	0.325559	0.301797	0.309872	0.306388	0.311457	0.31406	0.315705	0.326466	0.313653	0.309282	0.318064	0.305048	0.34592	0.33702	0.331383	0.332562	0.33239	0.334719	0.323717	0.309406	0.311498	0.317976	0.325866	0.324365	0.330772	0.309185	0.30893	0.312994	0.317041	0.31755	0.319523	0.319361	0.317317	0.319353	0.289511	0.306787	0.287699	0.316167	0.326758	0.334866	0.326487	0.318283	0.327585	0.324176	0.308504	0.341765	0.322889	0.335045	0.337475	0.332418	0.309367	0.311511	0.310192	0.308871	0.295948	0.290147	0.294268	0.294955	0.221063	0.223388	0.200908	0.265818	0.280919	0.235405	0.271516	0.279869	0.245367	0.183371	0.18713	0.222838	0.244451	0.233881	0.229419	0.287048	0.284166	0.257614	0.290708	0.278961	0.222472	0.197793	0.184902	0.189774	0.214138	0.200895	0.209247	0.186046	0.185078	0.177592	0.188336	0.221552	0.215198	0.217015	0.251414	0.227788	0.247078	0.242517	0.245032	0.341153	0.197925	0.223162	0.232191	0.204144	0.216932	0.195675	0.193663	0.193666	0.219924	0.232419	0.208481	0.214612	0.200384	0.222536	0.212907	0.218006	0.272191	0.277971	0.268668	0.277737	0.242232	0.248398	0.275464	0.238964	0.225076	0.237698	0.232876	0.241411	0.203704	0.199862	0.187496	0.200679	0.20073	0.269554	0.262293	0.264265	0.256627	0.254182
Apaloderma_vittatum	0.254309	0.260424	0.266172	0.296314	0.301781	0.284426	0.286075	0.324626	0.250167	0	0.127223	0.277983	0.247362	0.261825	0.255173	0.251125	0.253143	0.25525	0.27583	0.270662	0.262442	0.273097	0.264841	0.296648	0.26842	0.27289	0.258103	0.292275	0.297109	0.276708	0.276768	0.28399	0.286035	0.257188	0.255174	0.259241	0.257188	0.257187	0.277032	0.292045	0.270548	0.280685	0.280712	0.284718	0.276576	0.382499	0.39778	0.402606	0.404603	0.399773	0.410826	0.412545	0.435412	0.415074	0.34865	0.359099	0.450557	0.505565	0.389888	0.328618	0.335029	0.352711	0.37873	0.349076	0.321544	0.357813	0.28797	0.288573	0.287518	0.337855	0.335839	0.339865	0.364252	0.350966	0.352794	0.346338	0.343308	0.349929	0.363565	0.350617	0.345186	0.341218	0.315321	0.362855	0.349989	0.342601	0.373533	0.358121	0.376958	0.342745	0.336052	0.35352	0.298616	0.306748	0.342473	0.3129	0.323419	0.360548	0.321223	0.320867	0.333759	0.32938	0.335425	0.336479	0.37563	0.352287	0.370888	0.356073	0.37475	0.373329	0.375239	0.361912	0.355494	0.359996	0.380857	0.36634	0.370287	0.376915	0.376385	0.387871	0.367918	0.367794	0.363798	0.363798	0.385065	0.355832	0.373848	0.376318	0.363387	0.373802	0.374924	0.3514	0.372592	0.36512	0.380122	0.361123	0.381953	0.382279	0.357793	0.354478	0.372391	0.380313	0.36557	0.358068	0.379751	0.376562	0.382909	0.363496	0.387224	0.374876	0.396163	0.372091	0.382242	0.37393	0.384177	0.39696	0.377545	0.383651	0.396536	0.393965	0.397697	0.378985	0.38514	0.396488	0.383082	0.372809	0.385339	0.389436	0.373058	0.383829	0.389558	0.394342	0.412853	0.401068	0.394552	0.398556	0.400484	0.373673	0.371046	0.405696	0.400662	0.389681	0.389681	0.425043	0.42215	0.373703	0.389146	0.37773	0.401366	0.396816	0.405429	0.381667	0.389742	0.386257	0.391326	0.39393	0.395575	0.406336	0.393523	0.389152	0.397934	0.384918	0.42579	0.41689	0.411253	0.412431	0.41226	0.414588	0.403587	0.389276	0.391368	0.397845	0.405735	0.404235	0.410641	0.389054	0.388799	0.392864	0.396911	0.397419	0.399392	0.39923	0.397186	0.399222	0.369381	0.386656	0.367568	0.396036	0.406627	0.414736	0.406357	0.398152	0.407454	0.404045	0.388374	0.421635	0.402759	0.414915	0.417344	0.412287	0.389237	0.39138	0.390062	0.388741	0.375817	0.370017	0.374137	0.374825	0.300933	0.303258	0.280778	0.345687	0.360789	0.315275	0.351386	0.359739	0.325236	0.263241	0.267	0.302707	0.32432	0.31375	0.309289	0.366918	0.364035	0.337483	0.370578	0.35883	0.302342	0.277663	0.264772	0.269643	0.294007	0.280765	0.289116	0.265916	0.264948	0.257462	0.268206	0.301421	0.295067	0.296885	0.331284	0.307658	0.326947	0.322387	0.324902	0.421023	0.277794	0.303032	0.312061	0.284014	0.296801	0.275545	0.273532	0.273536	0.299794	0.312289	0.28835	0.294482	0.280253	0.302406	0.292777	0.297876	0.352061	0.357841	0.348538	0.357607	0.322102	0.328267	0.355333	0.318834	0.304946	0.317567	0.312746	0.321281	0.283574	0.279732	0.267366	0.280548	0.280599	0.349424	0.342163	0.344134	0.336497	0.334052
Trogon_melanurus	0.239306	0.245421	0.251169	0.281311	0.286778	0.269423	0.271072	0.309623	0.235164	0.127223	0	0.26298	0.232359	0.246822	0.24017	0.236122	0.23814	0.240247	0.260827	0.255659	0.247439	0.258094	0.249838	0.281645	0.253417	0.257887	0.2431	0.277272	0.282106	0.261705	0.261765	0.268987	0.271032	0.242185	0.240171	0.244238	0.242185	0.242184	0.262029	0.277042	0.255545	0.265682	0.265709	0.269715	0.261572	0.367496	0.382777	0.387603	0.3896	0.38477	0.395823	0.397542	0.420409	0.400071	0.333647	0.344096	0.435554	0.490562	0.374885	0.313615	0.320026	0.337708	0.363727	0.334073	0.306541	0.34281	0.272967	0.27357	0.272515	0.322852	0.320836	0.324862	0.349249	0.335963	0.337791	0.331335	0.328305	0.334926	0.348562	0.335614	0.330183	0.326215	0.300318	0.347852	0.334986	0.327598	0.35853	0.343118	0.361955	0.327742	0.321049	0.338517	0.283613	0.291745	0.32747	0.297897	0.308416	0.345545	0.30622	0.305864	0.318756	0.314377	0.320422	0.321476	0.360627	0.337284	0.355885	0.34107	0.359747	0.358326	0.360236	0.346909	0.340491	0.344993	0.365854	0.351337	0.355284	0.361912	0.361382	0.372868	0.352915	0.352791	0.348795	0.348795	0.370062	0.340829	0.358845	0.361315	0.348384	0.358799	0.359921	0.336397	0.357589	0.350117	0.365119	0.34612	0.36695	0.367276	0.34279	0.339474	0.357388	0.36531	0.350567	0.343065	0.364748	0.361559	0.367906	0.348493	0.372221	0.359873	0.38116	0.357088	0.367239	0.358927	0.369174	0.381957	0.362542	0.368648	0.381533	0.378962	0.382694	0.363982	0.370137	0.381485	0.368079	0.357806	0.370336	0.374433	0.358055	0.368826	0.374555	0.379339	0.39785	0.386065	0.379549	0.383553	0.385481	0.35867	0.356043	0.390693	0.385659	0.374678	0.374678	0.41004	0.407147	0.3587	0.374143	0.362727	0.386363	0.381813	0.390426	0.366664	0.374739	0.371254	0.376323	0.378927	0.380572	0.391333	0.37852	0.374149	0.382931	0.369915	0.410787	0.401887	0.39625	0.397428	0.397257	0.399585	0.388584	0.374273	0.376365	0.382842	0.390732	0.389232	0.395638	0.374051	0.373796	0.377861	0.381908	0.382416	0.384389	0.384227	0.382183	0.384219	0.354378	0.371653	0.352565	0.381033	0.391624	0.399733	0.391354	0.383149	0.392451	0.389042	0.373371	0.406632	0.387756	0.399912	0.402341	0.397284	0.374234	0.376377	0.375059	0.373738	0.360814	0.355014	0.359134	0.359822	0.28593	0.288255	0.265775	0.330684	0.345786	0.300272	0.336383	0.344736	0.310233	0.248237	0.251997	0.287704	0.309317	0.298747	0.294286	0.351915	0.349032	0.32248	0.355575	0.343827	0.287339	0.26266	0.249769	0.25464	0.279004	0.265762	0.274113	0.250913	0.249945	0.242459	0.253203	0.286418	0.280064	0.281882	0.316281	0.292655	0.311944	0.307384	0.309899	0.40602	0.262791	0.288028	0.297058	0.269011	0.281798	0.260542	0.258529	0.258533	0.284791	0.297286	0.273347	0.279478	0.26525	0.287403	0.277774	0.282873	0.337058	0.342838	0.333535	0.342603	0.307099	0.313264	0.34033	0.303831	0.289943	0.302564	0.297743	0.306278	0.268571	0.264729	0.252363	0.265545	0.265596	0.334421	0.32716	0.329131	0.321494	0.319049
Gavia_stellata	0.152189	0.158304	0.164053	0.194195	0.199662	0.182306	0.183956	0.227266	0.198113	0.277983	0.26298	0	0.116895	0.131359	0.124707	0.120659	0.122676	0.124783	0.145363	0.140195	0.131976	0.142631	0.134374	0.166182	0.137953	0.142423	0.127636	0.161808	0.166642	0.146242	0.146301	0.153523	0.155568	0.126722	0.124708	0.128774	0.126721	0.126721	0.166875	0.181888	0.160392	0.170528	0.170555	0.174561	0.166419	0.272343	0.287623	0.29245	0.294446	0.289617	0.30067	0.302389	0.325255	0.304918	0.238494	0.248943	0.3404	0.395409	0.279732	0.218462	0.224873	0.242554	0.268574	0.238919	0.211388	0.247657	0.177813	0.178416	0.177362	0.227699	0.225682	0.229709	0.254095	0.24081	0.242637	0.236182	0.233151	0.239773	0.253408	0.24046	0.23503	0.231062	0.205165	0.252699	0.239832	0.232445	0.263377	0.247964	0.266802	0.232588	0.225896	0.243364	0.188459	0.196591	0.232317	0.202744	0.213263	0.250392	0.211067	0.210711	0.223603	0.219223	0.225269	0.226323	0.265474	0.242131	0.260731	0.245917	0.264594	0.263173	0.265082	0.251756	0.245338	0.24984	0.2707	0.256184	0.260131	0.266759	0.266228	0.277715	0.257762	0.257638	0.253642	0.253642	0.274909	0.245675	0.263692	0.266162	0.25323	0.263646	0.264767	0.241244	0.262436	0.254964	0.269965	0.250967	0.271797	0.272122	0.247637	0.244321	0.262235	0.270157	0.255414	0.247911	0.269594	0.266405	0.272753	0.25334	0.277068	0.264719	0.286007	0.261935	0.272086	0.263774	0.274021	0.286803	0.267389	0.273494	0.28638	0.283809	0.287541	0.268829	0.274984	0.286332	0.272926	0.262653	0.275182	0.27928	0.262902	0.273673	0.279402	0.284186	0.302697	0.290912	0.284396	0.2884	0.290328	0.263517	0.26089	0.29554	0.290505	0.279525	0.279524	0.314887	0.311994	0.263546	0.278989	0.267574	0.291209	0.28666	0.295273	0.271511	0.279585	0.276101	0.28117	0.283773	0.285419	0.296179	0.283367	0.278995	0.287778	0.274762	0.315634	0.306734	0.301096	0.302275	0.302104	0.304432	0.293431	0.27912	0.281212	0.287689	0.295579	0.294079	0.300485	0.278898	0.278643	0.282707	0.286754	0.287263	0.289236	0.289074	0.28703	0.289066	0.259225	0.2765	0.257412	0.28588	0.296471	0.30458	0.296201	0.287996	0.297298	0.293889	0.278218	0.311479	0.292603	0.304758	0.307188	0.302131	0.279081	0.281224	0.279906	0.278584	0.265661	0.25986	0.263981	0.264668	0.198813	0.201138	0.178659	0.243568	0.258669	0.213156	0.249266	0.25762	0.223117	0.161121	0.16488	0.200588	0.222201	0.211631	0.207169	0.264799	0.261916	0.235364	0.268459	0.256711	0.200222	0.175544	0.162653	0.167524	0.191888	0.178645	0.186997	0.163797	0.162828	0.155343	0.166086	0.199302	0.192948	0.194766	0.229165	0.205538	0.224828	0.220268	0.222782	0.318903	0.175675	0.200912	0.209942	0.181894	0.194682	0.173425	0.171413	0.171416	0.197675	0.21017	0.186231	0.192362	0.178134	0.200286	0.190658	0.195757	0.249942	0.255722	0.246418	0.255487	0.219983	0.226148	0.253214	0.216715	0.202826	0.215448	0.210626	0.219161	0.181454	0.177613	0.165246	0.178429	0.17848	0.247304	0.240043	0.242015	0.234377	0.231933
Aptenodytes_forsteri	0.121568	0.127683	0.133431	0.163574	0.169041	0.151685	0.153334	0.196644	0.167492	0.247362	0.232359	0.116895	0	0.030779	0.0903529	0.0863051	0.0883225	0.0904294	0.111009	0.105841	0.0976221	0.112005	0.103749	0.135556	0.107328	0.111798	0.0970106	0.131183	0.136017	0.115616	0.115676	0.122898	0.124943	0.0960961	0.0940822	0.0981488	0.0960958	0.0960949	0.136254	0.151267	0.129771	0.139907	0.139934	0.14394	0.135798	0.241722	0.257002	0.261828	0.263825	0.258996	0.270049	0.271767	0.294634	0.274297	0.207873	0.218322	0.309779	0.364787	0.249111	0.187841	0.194252	0.211933	0.237953	0.208298	0.180767	0.217035	0.147192	0.147795	0.14674	0.197077	0.195061	0.199087	0.223474	0.210188	0.212016	0.205561	0.20253	0.209151	0.222787	0.209839	0.204409	0.200441	0.174543	0.222078	0.209211	0.201823	0.232755	0.217343	0.236181	0.201967	0.195274	0.212742	0.157838	0.16597	0.201695	0.172122	0.182641	0.219771	0.180445	0.18009	0.192982	0.188602	0.194647	0.195701	0.234852	0.211509	0.23011	0.215296	0.233973	0.232551	0.234461	0.221134	0.214717	0.219218	0.240079	0.225562	0.22951	0.236137	0.235607	0.247093	0.22714	0.227016	0.22302	0.22302	0.244287	0.215054	0.23307	0.23554	0.222609	0.233025	0.234146	0.210622	0.231814	0.224342	0.239344	0.220346	0.241175	0.241501	0.217016	0.2137	0.231613	0.239535	0.224792	0.21729	0.238973	0.235784	0.242132	0.222718	0.246447	0.234098	0.255385	0.231314	0.241464	0.233153	0.243399	0.256182	0.236768	0.242873	0.255758	0.253187	0.25692	0.238207	0.244363	0.25571	0.242304	0.232032	0.244561	0.248658	0.23228	0.243052	0.248781	0.253564	0.272075	0.260291	0.253774	0.257779	0.259707	0.232895	0.230269	0.264919	0.259884	0.248903	0.248903	0.284266	0.281372	0.232925	0.248368	0.236952	0.260588	0.256038	0.264651	0.240889	0.248964	0.24548	0.250549	0.253152	0.254797	0.265558	0.252745	0.248374	0.257156	0.24414	0.285012	0.276112	0.270475	0.271654	0.271482	0.273811	0.262809	0.248498	0.25059	0.257068	0.264958	0.263457	0.269864	0.248277	0.248022	0.252086	0.256133	0.256642	0.258615	0.258452	0.256409	0.258445	0.228603	0.245879	0.226791	0.255259	0.26585	0.273958	0.265579	0.257375	0.266677	0.263268	0.247596	0.280857	0.261981	0.274137	0.276567	0.27151	0.248459	0.250603	0.249284	0.247963	0.23504	0.229239	0.23336	0.234047	0.168192	0.170517	0.148037	0.212946	0.228048	0.182534	0.218645	0.226998	0.192496	0.1305	0.134259	0.169967	0.19158	0.18101	0.176548	0.234177	0.231295	0.204742	0.237837	0.226089	0.169601	0.144922	0.132031	0.136902	0.161266	0.148024	0.156376	0.133175	0.132207	0.124721	0.135465	0.168681	0.162327	0.164144	0.198543	0.174917	0.194207	0.189646	0.192161	0.288282	0.145053	0.170291	0.17932	0.151273	0.164061	0.142804	0.140792	0.140795	0.167053	0.179548	0.15561	0.161741	0.147513	0.169665	0.160036	0.165135	0.21932	0.2251	0.215797	0.224866	0.189361	0.195527	0.222593	0.186093	0.172205	0.184827	0.180005	0.18854	0.150833	0.146991	0.134625	0.147808	0.147858	0.216683	0.209422	0.211394	0.203756	0.201311
Pygoscelis_adeliae	0.136032	0.142146	0.147895	0.178037	0.183504	0.166148	0.167798	0.211108	0.181955	0.261825	0.246822	0.131359	0.030779	0	0.104816	0.100769	0.102786	0.104893	0.125473	0.120305	0.112086	0.126468	0.118212	0.15002	0.121791	0.126261	0.111474	0.145646	0.15048	0.130079	0.130139	0.137361	0.139406	0.11056	0.108546	0.112612	0.110559	0.110558	0.150717	0.16573	0.144234	0.15437	0.154398	0.158404	0.150261	0.256185	0.271465	0.276292	0.278288	0.273459	0.284512	0.286231	0.309097	0.28876	0.222336	0.232785	0.324242	0.379251	0.263574	0.202304	0.208715	0.226396	0.252416	0.222761	0.19523	0.231499	0.161656	0.162258	0.161204	0.211541	0.209524	0.213551	0.237937	0.224652	0.226479	0.220024	0.216993	0.223615	0.23725	0.224302	0.218872	0.214904	0.189007	0.236541	0.223674	0.216287	0.247219	0.231806	0.250644	0.21643	0.209738	0.227206	0.172301	0.180433	0.216159	0.186586	0.197105	0.234234	0.194909	0.194553	0.207445	0.203065	0.209111	0.210165	0.249316	0.225973	0.244573	0.229759	0.248436	0.247015	0.248925	0.235598	0.22918	0.233682	0.254542	0.240026	0.243973	0.250601	0.250071	0.261557	0.241604	0.24148	0.237484	0.237484	0.258751	0.229518	0.247534	0.250004	0.237073	0.247488	0.248609	0.225086	0.246278	0.238806	0.253808	0.234809	0.255639	0.255964	0.231479	0.228163	0.246077	0.253999	0.239256	0.231753	0.253437	0.250248	0.256595	0.237182	0.26091	0.248561	0.269849	0.245777	0.255928	0.247616	0.257863	0.270645	0.251231	0.257336	0.270222	0.267651	0.271383	0.252671	0.258826	0.270174	0.256768	0.246495	0.259024	0.263122	0.246744	0.257515	0.263244	0.268028	0.286539	0.274754	0.268238	0.272242	0.27417	0.247359	0.244732	0.279382	0.274347	0.263367	0.263366	0.298729	0.295836	0.247388	0.262831	0.251416	0.275051	0.270502	0.279115	0.255353	0.263427	0.259943	0.265012	0.267615	0.269261	0.280021	0.267209	0.262837	0.27162	0.258604	0.299476	0.290576	0.284938	0.286117	0.285946	0.288274	0.277273	0.262962	0.265054	0.271531	0.279421	0.277921	0.284327	0.26274	0.262485	0.266549	0.270596	0.271105	0.273078	0.272916	0.270872	0.272908	0.243067	0.260342	0.241254	0.269722	0.280313	0.288422	0.280043	0.271838	0.28114	0.277731	0.26206	0.295321	0.276445	0.288601	0.29103	0.285973	0.262923	0.265066	0.263748	0.262426	0.249503	0.243702	0.247823	0.24851	0.182655	0.18498	0.162501	0.22741	0.242512	0.196998	0.233108	0.241462	0.206959	0.144963	0.148722	0.18443	0.206043	0.195473	0.191011	0.248641	0.245758	0.219206	0.252301	0.240553	0.184064	0.159386	0.146495	0.151366	0.17573	0.162487	0.170839	0.147639	0.14667	0.139185	0.149928	0.183144	0.17679	0.178608	0.213007	0.18938	0.20867	0.20411	0.206625	0.302745	0.159517	0.184754	0.193784	0.165736	0.178524	0.157267	0.155255	0.155259	0.181517	0.194012	0.170073	0.176204	0.161976	0.184129	0.1745	0.179599	0.233784	0.239564	0.23026	0.239329	0.203825	0.20999	0.237056	0.200557	0.186668	0.19929	0.194468	0.203003	0.165296	0.161455	0.149089	0.162271	0.162322	0.231147	0.223886	0.225857	0.218219	0.215775
Thalassarche_chlororhynchos	0.129379	0.135494	0.141243	0.171385	0.176852	0.159496	0.161146	0.204456	0.175303	0.255173	0.24017	0.124707	0.0903529	0.104816	0	0.0571835	0.0592009	0.0613078	0.0818878	0.0807725	0.0725532	0.119816	0.11156	0.143368	0.115139	0.119609	0.104822	0.138994	0.143828	0.123427	0.123487	0.130709	0.132754	0.103907	0.101894	0.10596	0.103907	0.103906	0.144065	0.159078	0.137582	0.147718	0.147745	0.151751	0.143609	0.249533	0.264813	0.26964	0.271636	0.266807	0.27786	0.279579	0.302445	0.282108	0.215684	0.226133	0.31759	0.372599	0.256922	0.195652	0.202063	0.219744	0.245764	0.216109	0.188578	0.224847	0.155004	0.155606	0.154552	0.204889	0.202872	0.206899	0.231285	0.218	0.219827	0.213372	0.210341	0.216963	0.230598	0.21765	0.21222	0.208252	0.182355	0.229889	0.217022	0.209635	0.240567	0.225154	0.243992	0.209778	0.203086	0.220554	0.165649	0.173781	0.209507	0.179934	0.190453	0.227582	0.188257	0.187901	0.200793	0.196413	0.202459	0.203513	0.242664	0.219321	0.237921	0.223107	0.241784	0.240363	0.242272	0.228946	0.222528	0.22703	0.24789	0.233374	0.237321	0.243949	0.243418	0.254905	0.234952	0.234828	0.230832	0.230832	0.252099	0.222865	0.240882	0.243352	0.23042	0.240836	0.241957	0.218434	0.239626	0.232154	0.247156	0.228157	0.248987	0.249312	0.224827	0.221511	0.239425	0.247347	0.232604	0.225101	0.246785	0.243595	0.249943	0.23053	0.254258	0.241909	0.263197	0.239125	0.249276	0.240964	0.251211	0.263993	0.244579	0.250684	0.26357	0.260999	0.264731	0.246019	0.252174	0.263522	0.250116	0.239843	0.252372	0.25647	0.240092	0.250863	0.256592	0.261376	0.279887	0.268102	0.261586	0.26559	0.267518	0.240707	0.23808	0.27273	0.267695	0.256715	0.256714	0.292077	0.289184	0.240736	0.256179	0.244764	0.268399	0.26385	0.272463	0.248701	0.256775	0.253291	0.25836	0.260963	0.262609	0.273369	0.260557	0.256185	0.264968	0.251952	0.292824	0.283924	0.278286	0.279465	0.279294	0.281622	0.270621	0.25631	0.258402	0.264879	0.272769	0.271269	0.277675	0.256088	0.255833	0.259897	0.263944	0.264453	0.266426	0.266264	0.26422	0.266256	0.236415	0.25369	0.234602	0.26307	0.273661	0.28177	0.273391	0.265186	0.274488	0.271079	0.255408	0.288669	0.269793	0.281949	0.284378	0.279321	0.256271	0.258414	0.257096	0.255774	0.242851	0.23705	0.241171	0.241858	0.176003	0.178328	0.155849	0.220758	0.235859	0.190346	0.226456	0.23481	0.200307	0.138311	0.14207	0.177778	0.199391	0.188821	0.184359	0.241989	0.239106	0.212554	0.245649	0.233901	0.177412	0.152734	0.139843	0.144714	0.169078	0.155835	0.164187	0.140987	0.140018	0.132533	0.143276	0.176492	0.170138	0.171956	0.206355	0.182728	0.202018	0.197458	0.199972	0.296093	0.152865	0.178102	0.187132	0.159084	0.171872	0.150615	0.148603	0.148607	0.174865	0.18736	0.163421	0.169552	0.155324	0.177476	0.167848	0.172947	0.227132	0.232912	0.223608	0.232677	0.197173	0.203338	0.230404	0.193905	0.180016	0.192638	0.187816	0.196351	0.158644	0.154803	0.142436	0.155619	0.15567	0.224494	0.217234	0.219205	0.211567	0.209123
Hydrobates_tethys	0.125332	0.131446	0.137195	0.167337	0.172804	0.155448	0.157098	0.200408	0.171256	0.251125	0.236122	0.120659	0.0863051	0.100769	0.0571835	0	0.0551488	0.0572556	0.0778356	0.0767247	0.0685054	0.115769	0.107512	0.13932	0.111091	0.115561	0.100774	0.134946	0.13978	0.11938	0.119439	0.126661	0.128706	0.0998597	0.0978458	0.101912	0.0998594	0.0998585	0.140017	0.155031	0.133534	0.14367	0.143698	0.147704	0.139561	0.245485	0.260766	0.265592	0.267589	0.262759	0.273812	0.275531	0.298397	0.27806	0.211636	0.222085	0.313542	0.368551	0.252874	0.191604	0.198015	0.215697	0.241716	0.212062	0.18453	0.220799	0.150956	0.151558	0.150504	0.200841	0.198824	0.202851	0.227238	0.213952	0.21578	0.209324	0.206294	0.212915	0.22655	0.213603	0.208172	0.204204	0.178307	0.225841	0.212975	0.205587	0.236519	0.221107	0.239944	0.205731	0.199038	0.216506	0.161602	0.169734	0.205459	0.175886	0.186405	0.223534	0.184209	0.183853	0.196745	0.192365	0.198411	0.199465	0.238616	0.215273	0.233874	0.219059	0.237736	0.236315	0.238225	0.224898	0.21848	0.222982	0.243842	0.229326	0.233273	0.239901	0.239371	0.250857	0.230904	0.23078	0.226784	0.226784	0.248051	0.218818	0.236834	0.239304	0.226373	0.236788	0.237909	0.214386	0.235578	0.228106	0.243108	0.224109	0.244939	0.245264	0.220779	0.217463	0.235377	0.243299	0.228556	0.221053	0.242737	0.239548	0.245895	0.226482	0.25021	0.237862	0.259149	0.235077	0.245228	0.236916	0.247163	0.259946	0.240531	0.246637	0.259522	0.256951	0.260683	0.241971	0.248126	0.259474	0.246068	0.235795	0.248325	0.252422	0.236044	0.246815	0.252544	0.257328	0.275839	0.264054	0.257538	0.261542	0.26347	0.236659	0.234032	0.268682	0.263647	0.252667	0.252667	0.288029	0.285136	0.236689	0.252131	0.240716	0.264352	0.259802	0.268415	0.244653	0.252727	0.249243	0.254312	0.256916	0.258561	0.269321	0.256509	0.252138	0.26092	0.247904	0.288776	0.279876	0.274239	0.275417	0.275246	0.277574	0.266573	0.252262	0.254354	0.260831	0.268721	0.267221	0.273627	0.25204	0.251785	0.25585	0.259897	0.260405	0.262378	0.262216	0.260172	0.262208	0.232367	0.249642	0.230554	0.259022	0.269613	0.277722	0.269343	0.261138	0.27044	0.267031	0.25136	0.284621	0.265745	0.277901	0.28033	0.275273	0.252223	0.254366	0.253048	0.251727	0.238803	0.233002	0.237123	0.237811	0.171956	0.17428	0.151801	0.21671	0.231812	0.186298	0.222409	0.230762	0.196259	0.134263	0.138023	0.17373	0.195343	0.184773	0.180312	0.237941	0.235058	0.208506	0.241601	0.229853	0.173365	0.148686	0.135795	0.140666	0.16503	0.151787	0.160139	0.136939	0.13597	0.128485	0.139229	0.172444	0.16609	0.167908	0.202307	0.178681	0.19797	0.19341	0.195925	0.292045	0.148817	0.174054	0.183084	0.155036	0.167824	0.146568	0.144555	0.144559	0.170817	0.183312	0.159373	0.165504	0.151276	0.173429	0.1638	0.168899	0.223084	0.228864	0.219561	0.228629	0.193125	0.19929	0.226356	0.189857	0.175968	0.18859	0.183768	0.192304	0.154597	0.150755	0.138389	0.151571	0.151622	0.220447	0.213186	0.215157	0.20752	0.205075
Fulmarus_glacialis	0.127349	0.133464	0.139212	0.169355	0.174822	0.157466	0.159115	0.202425	0.173273	0.253143	0.23814	0.122676	0.0883225	0.102786	0.0592009	0.0551488	0	0.0347219	0.0553019	0.0787421	0.0705228	0.117786	0.10953	0.141337	0.113109	0.117579	0.102792	0.136964	0.141798	0.121397	0.121457	0.128678	0.130724	0.101877	0.0998632	0.10393	0.101877	0.101876	0.142035	0.157048	0.135552	0.145688	0.145715	0.149721	0.141579	0.247503	0.262783	0.267609	0.269606	0.264776	0.27583	0.277548	0.300415	0.280078	0.213654	0.224103	0.31556	0.370568	0.254892	0.193622	0.200032	0.217714	0.243734	0.214079	0.186547	0.222816	0.152973	0.153576	0.152521	0.202858	0.200842	0.204868	0.229255	0.215969	0.217797	0.211342	0.208311	0.214932	0.228568	0.21562	0.21019	0.206222	0.180324	0.227859	0.214992	0.207604	0.238536	0.223124	0.241962	0.207748	0.201055	0.218523	0.163619	0.171751	0.207476	0.177903	0.188422	0.225552	0.186226	0.185871	0.198763	0.194383	0.200428	0.201482	0.240633	0.21729	0.235891	0.221076	0.239754	0.238332	0.240242	0.226915	0.220497	0.224999	0.24586	0.231343	0.235291	0.241918	0.241388	0.252874	0.232921	0.232797	0.228801	0.228801	0.250068	0.220835	0.238851	0.241321	0.22839	0.238806	0.239927	0.216403	0.237595	0.230123	0.245125	0.226127	0.246956	0.247282	0.222797	0.219481	0.237394	0.245316	0.230573	0.223071	0.244754	0.241565	0.247913	0.228499	0.252228	0.239879	0.261166	0.237095	0.247245	0.238933	0.24918	0.261963	0.242549	0.248654	0.261539	0.258968	0.262701	0.243988	0.250144	0.261491	0.248085	0.237813	0.250342	0.254439	0.238061	0.248832	0.254562	0.259345	0.277856	0.266072	0.259555	0.26356	0.265488	0.238676	0.23605	0.2707	0.265665	0.254684	0.254684	0.290047	0.287153	0.238706	0.254149	0.242733	0.266369	0.261819	0.270432	0.24667	0.254745	0.25126	0.25633	0.258933	0.260578	0.271339	0.258526	0.254155	0.262937	0.249921	0.290793	0.281893	0.276256	0.277435	0.277263	0.279592	0.26859	0.254279	0.256371	0.262849	0.270739	0.269238	0.275644	0.254058	0.253803	0.257867	0.261914	0.262423	0.264396	0.264233	0.26219	0.264226	0.234384	0.25166	0.232571	0.26104	0.271631	0.279739	0.27136	0.263156	0.272458	0.269048	0.253377	0.286638	0.267762	0.279918	0.282348	0.277291	0.25424	0.256384	0.255065	0.253744	0.240821	0.23502	0.239141	0.239828	0.173973	0.176298	0.153818	0.218727	0.233829	0.188315	0.224426	0.232779	0.198277	0.136281	0.14004	0.175748	0.19736	0.186791	0.182329	0.239958	0.237076	0.210523	0.243618	0.23187	0.175382	0.150703	0.137812	0.142683	0.167047	0.153805	0.162157	0.138956	0.137988	0.130502	0.141246	0.174462	0.168108	0.169925	0.204324	0.180698	0.199988	0.195427	0.197942	0.294063	0.150834	0.176072	0.185101	0.157054	0.169842	0.148585	0.146573	0.146576	0.172834	0.185329	0.161391	0.167522	0.153294	0.175446	0.165817	0.170916	0.225101	0.230881	0.221578	0.230647	0.195142	0.201308	0.228374	0.191874	0.177986	0.190608	0.185786	0.194321	0.156614	0.152772	0.140406	0.153589	0.153639	0.222464	0.215203	0.217174	0.209537	0.207092
Calonectris_borealis	0.129456	0.135571	0.141319	0.171461	0.176928	0.159573	0.161222	0.204532	0.17538	0.25525	0.240247	0.124783	0.0904294	0.104893	0.0613078	0.0572556	0.0347219	0	0.0490083	0.0808489	0.0726297	0.119893	0.111637	0.143444	0.115215	0.119686	0.104898	0.139071	0.143904	0.123504	0.123564	0.130785	0.13283	0.103984	0.10197	0.106037	0.103984	0.103983	0.144142	0.159155	0.137658	0.147795	0.147822	0.151828	0.143686	0.24961	0.26489	0.269716	0.271713	0.266883	0.277936	0.279655	0.302522	0.282185	0.21576	0.22621	0.317667	0.372675	0.256999	0.195728	0.202139	0.219821	0.245841	0.216186	0.188654	0.224923	0.15508	0.155683	0.154628	0.204965	0.202949	0.206975	0.231362	0.218076	0.219904	0.213449	0.210418	0.217039	0.230675	0.217727	0.212296	0.208329	0.182431	0.229966	0.217099	0.209711	0.240643	0.225231	0.244069	0.209855	0.203162	0.22063	0.165726	0.173858	0.209583	0.18001	0.190529	0.227659	0.188333	0.187977	0.200869	0.19649	0.202535	0.203589	0.24274	0.219397	0.237998	0.223183	0.241861	0.240439	0.242349	0.229022	0.222604	0.227106	0.247967	0.23345	0.237397	0.244025	0.243495	0.254981	0.235028	0.234904	0.230908	0.230908	0.252175	0.222942	0.240958	0.243428	0.230497	0.240912	0.242034	0.21851	0.239702	0.23223	0.247232	0.228233	0.249063	0.249389	0.224903	0.221588	0.239501	0.247423	0.23268	0.225178	0.246861	0.243672	0.250019	0.230606	0.254334	0.241986	0.263273	0.239202	0.249352	0.24104	0.251287	0.26407	0.244656	0.250761	0.263646	0.261075	0.264808	0.246095	0.252251	0.263598	0.250192	0.23992	0.252449	0.256546	0.240168	0.250939	0.256669	0.261452	0.279963	0.268178	0.261662	0.265667	0.267595	0.240783	0.238156	0.272807	0.267772	0.256791	0.256791	0.292153	0.28926	0.240813	0.256256	0.24484	0.268476	0.263926	0.272539	0.248777	0.256852	0.253367	0.258436	0.26104	0.262685	0.273446	0.260633	0.256262	0.265044	0.252028	0.2929	0.284	0.278363	0.279542	0.27937	0.281698	0.270697	0.256386	0.258478	0.264956	0.272846	0.271345	0.277751	0.256165	0.25591	0.259974	0.264021	0.26453	0.266503	0.26634	0.264296	0.266333	0.236491	0.253766	0.234678	0.263146	0.273738	0.281846	0.273467	0.265262	0.274564	0.271155	0.255484	0.288745	0.269869	0.282025	0.284455	0.279397	0.256347	0.258491	0.257172	0.255851	0.242928	0.237127	0.241248	0.241935	0.17608	0.178405	0.155925	0.220834	0.235936	0.190422	0.226533	0.234886	0.200384	0.138388	0.142147	0.177854	0.199467	0.188897	0.184436	0.242065	0.239183	0.21263	0.245725	0.233977	0.177489	0.15281	0.139919	0.14479	0.169154	0.155912	0.164264	0.141063	0.140095	0.132609	0.143353	0.176568	0.170214	0.172032	0.206431	0.182805	0.202094	0.197534	0.200049	0.29617	0.152941	0.178179	0.187208	0.159161	0.171949	0.150692	0.148679	0.148683	0.174941	0.187436	0.163498	0.169629	0.155401	0.177553	0.167924	0.173023	0.227208	0.232988	0.223685	0.232754	0.197249	0.203415	0.23048	0.193981	0.180093	0.192714	0.187893	0.196428	0.158721	0.154879	0.142513	0.155696	0.155746	0.224571	0.21731	0.219281	0.211644	0.209199
Pelecanoides_urinatrix	0.150036	0.156151	0.161899	0.192041	0.197508	0.180153	0.181802	0.225112	0.19596	0.27583	0.260827	0.145363	0.111009	0.125473	0.0818878	0.0778356	0.0553019	0.0490083	0	0.101429	0.0932097	0.140473	0.132217	0.164024	0.135795	0.140266	0.125478	0.159651	0.164484	0.144084	0.144144	0.151365	0.15341	0.124564	0.12255	0.126617	0.124564	0.124563	0.164722	0.179735	0.158238	0.168375	0.168402	0.172408	0.164266	0.27019	0.28547	0.290296	0.292293	0.287463	0.298516	0.300235	0.323102	0.302764	0.23634	0.24679	0.338247	0.393255	0.277578	0.216308	0.222719	0.240401	0.26642	0.236766	0.209234	0.245503	0.17566	0.176263	0.175208	0.225545	0.223529	0.227555	0.251942	0.238656	0.240484	0.234028	0.230998	0.237619	0.251255	0.238307	0.232876	0.228909	0.203011	0.250546	0.237679	0.230291	0.261223	0.245811	0.264649	0.230435	0.223742	0.24121	0.186306	0.194438	0.230163	0.20059	0.211109	0.248239	0.208913	0.208557	0.221449	0.21707	0.223115	0.224169	0.26332	0.239977	0.258578	0.243763	0.26244	0.261019	0.262929	0.249602	0.243184	0.247686	0.268547	0.25403	0.257977	0.264605	0.264075	0.275561	0.255608	0.255484	0.251488	0.251488	0.272755	0.243522	0.261538	0.264008	0.251077	0.261492	0.262614	0.23909	0.260282	0.25281	0.267812	0.248813	0.269643	0.269969	0.245483	0.242168	0.260081	0.268003	0.25326	0.245758	0.267441	0.264252	0.270599	0.251186	0.274914	0.262566	0.283853	0.259782	0.269932	0.26162	0.271867	0.28465	0.265236	0.271341	0.284226	0.281655	0.285388	0.266675	0.272831	0.284178	0.270772	0.260499	0.273029	0.277126	0.260748	0.271519	0.277249	0.282032	0.300543	0.288758	0.282242	0.286247	0.288175	0.261363	0.258736	0.293387	0.288352	0.277371	0.277371	0.312733	0.30984	0.261393	0.276836	0.26542	0.289056	0.284506	0.293119	0.269357	0.277432	0.273947	0.279016	0.28162	0.283265	0.294026	0.281213	0.276842	0.285624	0.272608	0.31348	0.30458	0.298943	0.300122	0.29995	0.302278	0.291277	0.276966	0.279058	0.285536	0.293426	0.291925	0.298331	0.276745	0.27649	0.280554	0.284601	0.28511	0.287083	0.28692	0.284876	0.286913	0.257071	0.274346	0.255258	0.283726	0.294317	0.302426	0.294047	0.285842	0.295144	0.291735	0.276064	0.309325	0.290449	0.302605	0.305035	0.299977	0.276927	0.279071	0.277752	0.276431	0.263508	0.257707	0.261828	0.262515	0.19666	0.198985	0.176505	0.241414	0.256516	0.211002	0.247113	0.255466	0.220964	0.158968	0.162727	0.198434	0.220047	0.209477	0.205016	0.262645	0.259763	0.23321	0.266305	0.254557	0.198069	0.17339	0.160499	0.16537	0.189734	0.176492	0.184844	0.161643	0.160675	0.153189	0.163933	0.197148	0.190794	0.192612	0.227011	0.203385	0.222674	0.218114	0.220629	0.31675	0.173521	0.198759	0.207788	0.179741	0.192529	0.171272	0.169259	0.169263	0.195521	0.208016	0.184078	0.190209	0.175981	0.198133	0.188504	0.193603	0.247788	0.253568	0.244265	0.253334	0.217829	0.223995	0.25106	0.214561	0.200673	0.213294	0.208473	0.217008	0.179301	0.175459	0.163093	0.176276	0.176326	0.245151	0.23789	0.239861	0.232224	0.229779
Fregetta_grallaria	0.144868	0.150983	0.156731	0.186873	0.19234	0.174985	0.176634	0.219944	0.190792	0.270662	0.255659	0.140195	0.105841	0.120305	0.0807725	0.0767247	0.0787421	0.0808489	0.101429	0	0.0476041	0.135305	0.127049	0.158856	0.130627	0.135098	0.12031	0.154483	0.159317	0.138916	0.138976	0.146197	0.148242	0.119396	0.117382	0.121449	0.119396	0.119395	0.159554	0.174567	0.15307	0.163207	0.163234	0.16724	0.159098	0.265022	0.280302	0.285128	0.287125	0.282295	0.293348	0.295067	0.317934	0.297597	0.231172	0.241622	0.333079	0.388087	0.272411	0.21114	0.217551	0.235233	0.261253	0.231598	0.204066	0.240335	0.170492	0.171095	0.17004	0.220377	0.218361	0.222387	0.246774	0.233488	0.235316	0.228861	0.22583	0.232451	0.246087	0.233139	0.227708	0.223741	0.197843	0.245378	0.232511	0.225123	0.256055	0.240643	0.259481	0.225267	0.218574	0.236042	0.181138	0.18927	0.224995	0.195422	0.205941	0.243071	0.203745	0.20339	0.216281	0.211902	0.217947	0.219001	0.258152	0.234809	0.25341	0.238595	0.257273	0.255851	0.257761	0.244434	0.238016	0.242518	0.263379	0.248862	0.25281	0.259437	0.258907	0.270393	0.25044	0.250316	0.24632	0.24632	0.267587	0.238354	0.25637	0.25884	0.245909	0.256324	0.257446	0.233922	0.255114	0.247642	0.262644	0.243645	0.264475	0.264801	0.240315	0.237	0.254913	0.262835	0.248092	0.24059	0.262273	0.259084	0.265431	0.246018	0.269747	0.257398	0.278685	0.254614	0.264764	0.256452	0.266699	0.279482	0.260068	0.266173	0.279058	0.276487	0.28022	0.261507	0.267663	0.27901	0.265604	0.255332	0.267861	0.271958	0.25558	0.266351	0.272081	0.276864	0.295375	0.28359	0.277074	0.281079	0.283007	0.256195	0.253569	0.288219	0.283184	0.272203	0.272203	0.307565	0.304672	0.256225	0.271668	0.260252	0.283888	0.279338	0.287951	0.264189	0.272264	0.268779	0.273849	0.276452	0.278097	0.288858	0.276045	0.271674	0.280456	0.26744	0.308312	0.299412	0.293775	0.294954	0.294782	0.29711	0.286109	0.271798	0.27389	0.280368	0.288258	0.286757	0.293163	0.271577	0.271322	0.275386	0.279433	0.279942	0.281915	0.281752	0.279709	0.281745	0.251903	0.269179	0.25009	0.278558	0.28915	0.297258	0.288879	0.280674	0.289976	0.286567	0.270896	0.304157	0.285281	0.297437	0.299867	0.294809	0.271759	0.273903	0.272584	0.271263	0.25834	0.252539	0.25666	0.257347	0.191492	0.193817	0.171337	0.236246	0.251348	0.205834	0.241945	0.250298	0.215796	0.1538	0.157559	0.193266	0.214879	0.204309	0.199848	0.257477	0.254595	0.228042	0.261137	0.249389	0.192901	0.168222	0.155331	0.160202	0.184566	0.171324	0.179676	0.156475	0.155507	0.148021	0.158765	0.19198	0.185626	0.187444	0.221843	0.198217	0.217506	0.212946	0.215461	0.311582	0.168353	0.193591	0.20262	0.174573	0.187361	0.166104	0.164091	0.164095	0.190353	0.202848	0.17891	0.185041	0.170813	0.192965	0.183336	0.188435	0.24262	0.2484	0.239097	0.248166	0.212661	0.218827	0.245892	0.209393	0.195505	0.208126	0.203305	0.21184	0.174133	0.170291	0.157925	0.171108	0.171158	0.239983	0.232722	0.234693	0.227056	0.224611
Oceanites_oceanicus	0.136649	0.142763	0.148512	0.178654	0.184121	0.166765	0.168415	0.211725	0.182573	0.262442	0.247439	0.131976	0.0976221	0.112086	0.0725532	0.0685054	0.0705228	0.0726297	0.0932097	0.0476041	0	0.127086	0.118829	0.150637	0.122408	0.126878	0.112091	0.146263	0.151097	0.130697	0.130756	0.137978	0.140023	0.111177	0.109163	0.113229	0.111176	0.111176	0.151334	0.166348	0.144851	0.154987	0.155015	0.159021	0.150878	0.256802	0.272083	0.276909	0.278906	0.274076	0.285129	0.286848	0.309714	0.289377	0.222953	0.233402	0.324859	0.379868	0.264191	0.202921	0.209332	0.227014	0.253033	0.223379	0.195847	0.232116	0.162273	0.162875	0.161821	0.212158	0.210142	0.214168	0.238555	0.225269	0.227097	0.220641	0.217611	0.224232	0.237867	0.22492	0.219489	0.215521	0.189624	0.237158	0.224292	0.216904	0.247836	0.232424	0.251261	0.217048	0.210355	0.227823	0.172919	0.181051	0.216776	0.187203	0.197722	0.234851	0.195526	0.19517	0.208062	0.203682	0.209728	0.210782	0.249933	0.22659	0.245191	0.230376	0.249053	0.247632	0.249542	0.236215	0.229797	0.234299	0.25516	0.240643	0.24459	0.251218	0.250688	0.262174	0.242221	0.242097	0.238101	0.238101	0.259368	0.230135	0.248151	0.250621	0.23769	0.248105	0.249226	0.225703	0.246895	0.239423	0.254425	0.235426	0.256256	0.256581	0.232096	0.22878	0.246694	0.254616	0.239873	0.23237	0.254054	0.250865	0.257212	0.237799	0.261527	0.249179	0.270466	0.246394	0.256545	0.248233	0.25848	0.271263	0.251848	0.257954	0.270839	0.268268	0.272	0.253288	0.259443	0.270791	0.257385	0.247112	0.259642	0.263739	0.247361	0.258132	0.263861	0.268645	0.287156	0.275371	0.268855	0.272859	0.274787	0.247976	0.245349	0.279999	0.274964	0.263984	0.263984	0.299346	0.296453	0.248006	0.263448	0.252033	0.275669	0.271119	0.279732	0.25597	0.264044	0.26056	0.265629	0.268233	0.269878	0.280638	0.267826	0.263455	0.272237	0.259221	0.300093	0.291193	0.285556	0.286734	0.286563	0.288891	0.27789	0.263579	0.265671	0.272148	0.280038	0.278538	0.284944	0.263357	0.263102	0.267167	0.271214	0.271722	0.273695	0.273533	0.271489	0.273525	0.243684	0.260959	0.241871	0.270339	0.28093	0.289039	0.28066	0.272455	0.281757	0.278348	0.262677	0.295938	0.277062	0.289218	0.291647	0.28659	0.26354	0.265683	0.264365	0.263044	0.25012	0.244319	0.24844	0.249128	0.183273	0.185597	0.163118	0.228027	0.243129	0.197615	0.233726	0.242079	0.207576	0.14558	0.14934	0.185047	0.20666	0.19609	0.191629	0.249258	0.246375	0.219823	0.252918	0.24117	0.184682	0.160003	0.147112	0.151983	0.176347	0.163104	0.171456	0.148256	0.147287	0.139802	0.150546	0.183761	0.177407	0.179225	0.213624	0.189998	0.209287	0.204727	0.207242	0.303362	0.160134	0.185371	0.194401	0.166353	0.179141	0.157885	0.155872	0.155876	0.182134	0.194629	0.17069	0.176821	0.162593	0.184746	0.175117	0.180216	0.234401	0.240181	0.230878	0.239946	0.204442	0.210607	0.237673	0.201174	0.187285	0.199907	0.195085	0.203621	0.165914	0.162072	0.149706	0.162888	0.162939	0.231764	0.224503	0.226474	0.218837	0.216392
Ciconia_maguari	0.147303	0.153418	0.159167	0.189309	0.194776	0.17742	0.17907	0.22238	0.193227	0.273097	0.258094	0.142631	0.112005	0.126468	0.119816	0.115769	0.117786	0.119893	0.140473	0.135305	0.127086	0	0.11383	0.145637	0.117408	0.129334	0.114547	0.152831	0.157665	0.137264	0.137324	0.144546	0.146591	0.117745	0.115731	0.119797	0.117744	0.117743	0.161989	0.177002	0.155506	0.165642	0.165669	0.169676	0.161533	0.267457	0.282737	0.287564	0.28956	0.284731	0.295784	0.297503	0.320369	0.300032	0.233608	0.244057	0.335514	0.390523	0.274846	0.213576	0.219987	0.237668	0.263688	0.234033	0.206502	0.242771	0.172928	0.17353	0.172476	0.222813	0.220796	0.224823	0.249209	0.235924	0.237751	0.231296	0.228265	0.234887	0.248522	0.235574	0.230144	0.226176	0.200279	0.247813	0.234946	0.227559	0.258491	0.243078	0.261916	0.227702	0.22101	0.238478	0.183573	0.191705	0.227431	0.197858	0.208377	0.245506	0.206181	0.205825	0.218717	0.214337	0.220383	0.221437	0.260588	0.237245	0.255845	0.241031	0.259708	0.258287	0.260196	0.24687	0.240452	0.244954	0.265814	0.251298	0.255245	0.261873	0.261342	0.272829	0.252876	0.252752	0.248756	0.248756	0.270023	0.240789	0.258806	0.261276	0.248345	0.25876	0.259881	0.236358	0.25755	0.250078	0.26508	0.246081	0.266911	0.267236	0.242751	0.239435	0.257349	0.265271	0.250528	0.243025	0.264709	0.26152	0.267867	0.248454	0.272182	0.259833	0.281121	0.257049	0.2672	0.258888	0.269135	0.281917	0.262503	0.268608	0.281494	0.278923	0.282655	0.263943	0.270098	0.281446	0.26804	0.257767	0.270296	0.274394	0.258016	0.268787	0.274516	0.2793	0.297811	0.286026	0.27951	0.283514	0.285442	0.258631	0.256004	0.290654	0.285619	0.274639	0.274638	0.310001	0.307108	0.25866	0.274103	0.262688	0.286323	0.281774	0.290387	0.266625	0.274699	0.271215	0.276284	0.278887	0.280533	0.291293	0.278481	0.274109	0.282892	0.269876	0.310748	0.301848	0.29621	0.297389	0.297218	0.299546	0.288545	0.274234	0.276326	0.282803	0.290693	0.289193	0.295599	0.274012	0.273757	0.277821	0.281868	0.282377	0.28435	0.284188	0.282144	0.28418	0.254339	0.271614	0.252526	0.280994	0.291585	0.299694	0.291315	0.28311	0.292412	0.289003	0.273332	0.306593	0.287717	0.299873	0.302302	0.297245	0.274195	0.276338	0.27502	0.273698	0.260775	0.254974	0.259095	0.259782	0.193927	0.196252	0.173773	0.238682	0.253784	0.20827	0.24438	0.252734	0.218231	0.156235	0.159994	0.195702	0.217315	0.206745	0.202283	0.259913	0.25703	0.230478	0.263573	0.251825	0.195336	0.170658	0.157767	0.162638	0.187002	0.173759	0.182111	0.158911	0.157942	0.150457	0.1612	0.194416	0.188062	0.18988	0.224279	0.200652	0.219942	0.215382	0.217896	0.314017	0.170789	0.196026	0.205056	0.177008	0.189796	0.168539	0.166527	0.166531	0.192789	0.205284	0.181345	0.187476	0.173248	0.195401	0.185772	0.190871	0.245056	0.250836	0.241532	0.250601	0.215097	0.221262	0.248328	0.211829	0.19794	0.210562	0.20574	0.214275	0.176568	0.172727	0.16036	0.173543	0.173594	0.242418	0.235158	0.237129	0.229491	0.227047
Balaeniceps_rex	0.139047	0.145162	0.15091	0.181053	0.18652	0.169164	0.170813	0.214123	0.184971	0.264841	0.249838	0.134374	0.103749	0.118212	0.11156	0.107512	0.10953	0.111637	0.132217	0.127049	0.118829	0.11383	0	0.10875	0.0873926	0.121078	0.106291	0.144575	0.149409	0.129008	0.129068	0.13629	0.138335	0.109488	0.107474	0.111541	0.109488	0.109487	0.153733	0.168746	0.14725	0.157386	0.157413	0.161419	0.153277	0.259201	0.274481	0.279307	0.281304	0.276475	0.287528	0.289246	0.312113	0.291776	0.225352	0.235801	0.327258	0.382266	0.26659	0.20532	0.211731	0.229412	0.255432	0.225777	0.198246	0.234514	0.164671	0.165274	0.16422	0.214557	0.21254	0.216567	0.240953	0.227667	0.229495	0.22304	0.220009	0.22663	0.240266	0.227318	0.221888	0.21792	0.192022	0.239557	0.22669	0.219303	0.250234	0.234822	0.25366	0.219446	0.212753	0.230221	0.175317	0.183449	0.219175	0.189601	0.200121	0.23725	0.197925	0.197569	0.210461	0.206081	0.212127	0.21318	0.252331	0.228989	0.247589	0.232775	0.251452	0.25003	0.25194	0.238613	0.232196	0.236697	0.257558	0.243041	0.246989	0.253616	0.253086	0.264573	0.24462	0.244496	0.2405	0.2405	0.261766	0.232533	0.250549	0.25302	0.240088	0.250504	0.251625	0.228102	0.249294	0.241821	0.256823	0.237825	0.258655	0.25898	0.234495	0.231179	0.249092	0.257015	0.242271	0.234769	0.256452	0.253263	0.259611	0.240197	0.263926	0.251577	0.272864	0.248793	0.258943	0.250632	0.260879	0.273661	0.254247	0.260352	0.273238	0.270666	0.274399	0.255686	0.261842	0.27319	0.259784	0.249511	0.26204	0.266137	0.249759	0.260531	0.26626	0.271043	0.289554	0.27777	0.271253	0.275258	0.277186	0.250374	0.247748	0.282398	0.277363	0.266382	0.266382	0.301745	0.298851	0.250404	0.265847	0.254432	0.278067	0.273517	0.282131	0.258368	0.266443	0.262959	0.268028	0.270631	0.272276	0.283037	0.270225	0.265853	0.274636	0.26162	0.302492	0.293591	0.287954	0.289133	0.288961	0.29129	0.280288	0.265977	0.268069	0.274547	0.282437	0.280936	0.287343	0.265756	0.265501	0.269565	0.273612	0.274121	0.276094	0.275932	0.273888	0.275924	0.246082	0.263358	0.24427	0.272738	0.283329	0.291437	0.283059	0.274854	0.284156	0.280747	0.265075	0.298336	0.27946	0.291616	0.294046	0.288989	0.265938	0.268082	0.266763	0.265442	0.252519	0.246718	0.250839	0.251526	0.185671	0.187996	0.165516	0.230426	0.245527	0.200013	0.236124	0.244477	0.209975	0.147979	0.151738	0.187446	0.209059	0.198489	0.194027	0.251656	0.248774	0.222222	0.255316	0.243569	0.18708	0.162401	0.149511	0.154382	0.178746	0.165503	0.173855	0.150654	0.149686	0.1422	0.152944	0.18616	0.179806	0.181624	0.216022	0.192396	0.211686	0.207125	0.20964	0.305761	0.162533	0.18777	0.196799	0.168752	0.18154	0.160283	0.158271	0.158274	0.184532	0.197027	0.173089	0.17922	0.164992	0.187144	0.177515	0.182615	0.236799	0.24258	0.233276	0.242345	0.206841	0.213006	0.240072	0.203572	0.189684	0.202306	0.197484	0.206019	0.168312	0.16447	0.152104	0.165287	0.165338	0.234162	0.226901	0.228873	0.221235	0.21879
Scopus_umbretta	0.170855	0.176969	0.182718	0.21286	0.218327	0.200971	0.202621	0.245931	0.216779	0.296648	0.281645	0.166182	0.135556	0.15002	0.143368	0.13932	0.141337	0.143444	0.164024	0.158856	0.150637	0.145637	0.10875	0	0.1192	0.152886	0.138098	0.176382	0.181216	0.160816	0.160875	0.168097	0.170142	0.141296	0.139282	0.143348	0.141295	0.141295	0.185541	0.200554	0.179057	0.189193	0.189221	0.193227	0.185084	0.291008	0.306289	0.311115	0.313112	0.308282	0.319335	0.321054	0.34392	0.323583	0.257159	0.267608	0.359065	0.414074	0.298397	0.237127	0.243538	0.26122	0.287239	0.257585	0.230053	0.266322	0.196479	0.197081	0.196027	0.246364	0.244348	0.248374	0.272761	0.259475	0.261303	0.254847	0.251817	0.258438	0.272073	0.259126	0.253695	0.249727	0.22383	0.271364	0.258498	0.25111	0.282042	0.26663	0.285467	0.251254	0.244561	0.262029	0.207125	0.215257	0.250982	0.221409	0.231928	0.269057	0.229732	0.229376	0.242268	0.237888	0.243934	0.244988	0.284139	0.260796	0.279397	0.264582	0.283259	0.281838	0.283748	0.270421	0.264003	0.268505	0.289366	0.274849	0.278796	0.285424	0.284894	0.29638	0.276427	0.276303	0.272307	0.272307	0.293574	0.264341	0.282357	0.284827	0.271896	0.282311	0.283433	0.259909	0.281101	0.273629	0.288631	0.269632	0.290462	0.290787	0.266302	0.262986	0.2809	0.288822	0.274079	0.266577	0.28826	0.285071	0.291418	0.272005	0.295733	0.283385	0.304672	0.2806	0.290751	0.282439	0.292686	0.305469	0.286054	0.29216	0.305045	0.302474	0.306206	0.287494	0.293649	0.304997	0.291591	0.281318	0.293848	0.297945	0.281567	0.292338	0.298067	0.302851	0.321362	0.309577	0.303061	0.307065	0.308993	0.282182	0.279555	0.314205	0.309171	0.29819	0.29819	0.333552	0.330659	0.282212	0.297655	0.286239	0.309875	0.305325	0.313938	0.290176	0.29825	0.294766	0.299835	0.302439	0.304084	0.314844	0.302032	0.297661	0.306443	0.293427	0.334299	0.325399	0.319762	0.32094	0.320769	0.323097	0.312096	0.297785	0.299877	0.306354	0.314244	0.312744	0.31915	0.297563	0.297308	0.301373	0.30542	0.305928	0.307901	0.307739	0.305695	0.307731	0.27789	0.295165	0.276077	0.304545	0.315136	0.323245	0.314866	0.306661	0.315963	0.312554	0.296883	0.330144	0.311268	0.323424	0.325853	0.320796	0.297746	0.299889	0.298571	0.29725	0.284326	0.278526	0.282646	0.283334	0.217479	0.219804	0.197324	0.262233	0.277335	0.231821	0.267932	0.276285	0.241782	0.179786	0.183546	0.219253	0.240866	0.230296	0.225835	0.283464	0.280581	0.254029	0.287124	0.275376	0.218888	0.194209	0.181318	0.186189	0.210553	0.19731	0.205662	0.182462	0.181493	0.174008	0.184752	0.217967	0.211613	0.213431	0.24783	0.224204	0.243493	0.238933	0.241448	0.337568	0.19434	0.219577	0.228607	0.200559	0.213347	0.192091	0.190078	0.190082	0.21634	0.228835	0.204896	0.211027	0.196799	0.218952	0.209323	0.214422	0.268607	0.274387	0.265084	0.274152	0.238648	0.244813	0.271879	0.23538	0.221491	0.234113	0.229292	0.237827	0.20012	0.196278	0.183912	0.197094	0.197145	0.26597	0.258709	0.26068	0.253043	0.250598
Pelecanus_crispus	0.142626	0.148741	0.154489	0.184632	0.190099	0.172743	0.174392	0.217702	0.18855	0.26842	0.253417	0.137953	0.107328	0.121791	0.115139	0.111091	0.113109	0.115215	0.135795	0.130627	0.122408	0.117408	0.0873926	0.1192	0	0.124657	0.10987	0.148154	0.152988	0.132587	0.132647	0.139868	0.141914	0.113067	0.111053	0.11512	0.113067	0.113066	0.157312	0.172325	0.150829	0.160965	0.160992	0.164998	0.156856	0.26278	0.27806	0.282886	0.284883	0.280053	0.291107	0.292825	0.315692	0.295355	0.228931	0.23938	0.330837	0.385845	0.270169	0.208899	0.21531	0.232991	0.259011	0.229356	0.201825	0.238093	0.16825	0.168853	0.167798	0.218135	0.216119	0.220145	0.244532	0.231246	0.233074	0.226619	0.223588	0.230209	0.243845	0.230897	0.225467	0.221499	0.195601	0.243136	0.230269	0.222881	0.253813	0.238401	0.257239	0.223025	0.216332	0.2338	0.178896	0.187028	0.222753	0.19318	0.203699	0.240829	0.201503	0.201148	0.21404	0.20966	0.215705	0.216759	0.25591	0.232567	0.251168	0.236354	0.255031	0.253609	0.255519	0.242192	0.235774	0.240276	0.261137	0.24662	0.250568	0.257195	0.256665	0.268151	0.248198	0.248074	0.244078	0.244078	0.265345	0.236112	0.254128	0.256598	0.243667	0.254083	0.255204	0.23168	0.252872	0.2454	0.260402	0.241404	0.262233	0.262559	0.238074	0.234758	0.252671	0.260593	0.24585	0.238348	0.260031	0.256842	0.26319	0.243776	0.267505	0.255156	0.276443	0.252372	0.262522	0.25421	0.264457	0.27724	0.257826	0.263931	0.276816	0.274245	0.277978	0.259265	0.265421	0.276768	0.263362	0.25309	0.265619	0.269716	0.253338	0.26411	0.269839	0.274622	0.293133	0.281349	0.274832	0.278837	0.280765	0.253953	0.251327	0.285977	0.280942	0.269961	0.269961	0.305324	0.30243	0.253983	0.269426	0.25801	0.281646	0.277096	0.285709	0.261947	0.270022	0.266538	0.271607	0.27421	0.275855	0.286616	0.273803	0.269432	0.278214	0.265198	0.30607	0.29717	0.291533	0.292712	0.29254	0.294869	0.283867	0.269556	0.271648	0.278126	0.286016	0.284515	0.290922	0.269335	0.26908	0.273144	0.277191	0.2777	0.279673	0.27951	0.277467	0.279503	0.249661	0.266937	0.247848	0.276317	0.286908	0.295016	0.286637	0.278433	0.287735	0.284325	0.268654	0.301915	0.283039	0.295195	0.297625	0.292568	0.269517	0.271661	0.270342	0.269021	0.256098	0.250297	0.254418	0.255105	0.18925	0.191575	0.169095	0.234004	0.249106	0.203592	0.239703	0.248056	0.213554	0.151558	0.155317	0.191025	0.212638	0.202068	0.197606	0.255235	0.252353	0.2258	0.258895	0.247147	0.190659	0.16598	0.153089	0.15796	0.182324	0.169082	0.177434	0.154233	0.153265	0.145779	0.156523	0.189739	0.183385	0.185202	0.219601	0.195975	0.215265	0.210704	0.213219	0.30934	0.166111	0.191349	0.200378	0.172331	0.185119	0.163862	0.16185	0.161853	0.188111	0.200606	0.176668	0.182799	0.168571	0.190723	0.181094	0.186193	0.240378	0.246158	0.236855	0.245924	0.210419	0.216585	0.243651	0.207151	0.193263	0.205885	0.201063	0.209598	0.171891	0.168049	0.155683	0.168866	0.168916	0.237741	0.23048	0.232451	0.224814	0.222369
Mesembrinibis_cayennensis	0.147096	0.153211	0.15896	0.189102	0.194569	0.177213	0.178863	0.222173	0.19302	0.27289	0.257887	0.142423	0.111798	0.126261	0.119609	0.115561	0.117579	0.119686	0.140266	0.135098	0.126878	0.129334	0.121078	0.152886	0.124657	0	0.0560403	0.152624	0.157458	0.137057	0.137117	0.144339	0.146384	0.117537	0.115523	0.11959	0.117537	0.117536	0.161782	0.176795	0.155299	0.165435	0.165462	0.169468	0.161326	0.26725	0.28253	0.287356	0.289353	0.284524	0.295577	0.297295	0.320162	0.299825	0.233401	0.24385	0.335307	0.390315	0.274639	0.213369	0.21978	0.237461	0.263481	0.233826	0.206295	0.242563	0.17272	0.173323	0.172269	0.222606	0.220589	0.224616	0.249002	0.235716	0.237544	0.231089	0.228058	0.234679	0.248315	0.235367	0.229937	0.225969	0.200071	0.247606	0.234739	0.227352	0.258284	0.242871	0.261709	0.227495	0.220802	0.23827	0.183366	0.191498	0.227224	0.19765	0.20817	0.245299	0.205974	0.205618	0.21851	0.21413	0.220176	0.221229	0.26038	0.237038	0.255638	0.240824	0.259501	0.25808	0.259989	0.246663	0.240245	0.244746	0.265607	0.25109	0.255038	0.261666	0.261135	0.272622	0.252669	0.252545	0.248549	0.248549	0.269815	0.240582	0.258598	0.261069	0.248137	0.258553	0.259674	0.236151	0.257343	0.249871	0.264872	0.245874	0.266704	0.267029	0.242544	0.239228	0.257142	0.265064	0.250321	0.242818	0.264501	0.261312	0.26766	0.248247	0.271975	0.259626	0.280914	0.256842	0.266992	0.258681	0.268928	0.28171	0.262296	0.268401	0.281287	0.278716	0.282448	0.263736	0.269891	0.281239	0.267833	0.25756	0.270089	0.274186	0.257808	0.26858	0.274309	0.279092	0.297603	0.285819	0.279302	0.283307	0.285235	0.258423	0.255797	0.290447	0.285412	0.274431	0.274431	0.309794	0.3069	0.258453	0.273896	0.262481	0.286116	0.281567	0.29018	0.266418	0.274492	0.271008	0.276077	0.27868	0.280326	0.291086	0.278274	0.273902	0.282685	0.269669	0.310541	0.301641	0.296003	0.297182	0.29701	0.299339	0.288338	0.274026	0.276118	0.282596	0.290486	0.288985	0.295392	0.273805	0.27355	0.277614	0.281661	0.28217	0.284143	0.283981	0.281937	0.283973	0.254132	0.271407	0.252319	0.280787	0.291378	0.299486	0.291108	0.282903	0.292205	0.288796	0.273125	0.306385	0.28751	0.299665	0.302095	0.297038	0.273987	0.276131	0.274812	0.273491	0.260568	0.254767	0.258888	0.259575	0.19372	0.196045	0.173566	0.238475	0.253576	0.208062	0.244173	0.252527	0.218024	0.156028	0.159787	0.195495	0.217108	0.206538	0.202076	0.259706	0.256823	0.230271	0.263365	0.251618	0.195129	0.17045	0.15756	0.162431	0.186795	0.173552	0.181904	0.158704	0.157735	0.150249	0.160993	0.194209	0.187855	0.189673	0.224072	0.200445	0.219735	0.215175	0.217689	0.31381	0.170582	0.195819	0.204848	0.176801	0.189589	0.168332	0.16632	0.166323	0.192582	0.205077	0.181138	0.187269	0.173041	0.195193	0.185564	0.190664	0.244849	0.250629	0.241325	0.250394	0.21489	0.221055	0.248121	0.211622	0.197733	0.210355	0.205533	0.214068	0.176361	0.17252	0.160153	0.173336	0.173387	0.242211	0.23495	0.236922	0.229284	0.226839
Nipponia_nippon	0.132309	0.138424	0.144172	0.174315	0.179782	0.162426	0.164075	0.207385	0.178233	0.258103	0.2431	0.127636	0.0970106	0.111474	0.104822	0.100774	0.102792	0.104898	0.125478	0.12031	0.112091	0.114547	0.106291	0.138098	0.10987	0.0560403	0	0.137837	0.142671	0.12227	0.12233	0.129552	0.131597	0.10275	0.100736	0.104803	0.10275	0.102749	0.146995	0.162008	0.140512	0.150648	0.150675	0.154681	0.146539	0.252463	0.267743	0.272569	0.274566	0.269736	0.28079	0.282508	0.305375	0.285038	0.218614	0.229063	0.32052	0.375528	0.259852	0.198582	0.204993	0.222674	0.248694	0.219039	0.191508	0.227776	0.157933	0.158536	0.157481	0.207818	0.205802	0.209828	0.234215	0.220929	0.222757	0.216302	0.213271	0.219892	0.233528	0.22058	0.21515	0.211182	0.185284	0.232819	0.219952	0.212564	0.243496	0.228084	0.246922	0.212708	0.206015	0.223483	0.168579	0.176711	0.212436	0.182863	0.193382	0.230512	0.191186	0.190831	0.203723	0.199343	0.205388	0.206442	0.245593	0.22225	0.240851	0.226037	0.244714	0.243292	0.245202	0.231875	0.225458	0.229959	0.25082	0.236303	0.240251	0.246878	0.246348	0.257834	0.237881	0.237757	0.233761	0.233761	0.255028	0.225795	0.243811	0.246281	0.23335	0.243766	0.244887	0.221363	0.242555	0.235083	0.250085	0.231087	0.251916	0.252242	0.227757	0.224441	0.242354	0.250276	0.235533	0.228031	0.249714	0.246525	0.252873	0.233459	0.257188	0.244839	0.266126	0.242055	0.252205	0.243894	0.25414	0.266923	0.247509	0.253614	0.266499	0.263928	0.267661	0.248948	0.255104	0.266451	0.253045	0.242773	0.255302	0.259399	0.243021	0.253793	0.259522	0.264305	0.282816	0.271032	0.264515	0.26852	0.270448	0.243636	0.24101	0.27566	0.270625	0.259644	0.259644	0.295007	0.292113	0.243666	0.259109	0.247693	0.271329	0.266779	0.275392	0.25163	0.259705	0.256221	0.26129	0.263893	0.265538	0.276299	0.263486	0.259115	0.267897	0.254881	0.295753	0.286853	0.281216	0.282395	0.282223	0.284552	0.27355	0.259239	0.261331	0.267809	0.275699	0.274198	0.280605	0.259018	0.258763	0.262827	0.266874	0.267383	0.269356	0.269193	0.26715	0.269186	0.239344	0.25662	0.237531	0.266	0.276591	0.284699	0.27632	0.268116	0.277418	0.274009	0.258337	0.291598	0.272722	0.284878	0.287308	0.282251	0.2592	0.261344	0.260025	0.258704	0.245781	0.23998	0.244101	0.244788	0.178933	0.181258	0.158778	0.223687	0.238789	0.193275	0.229386	0.237739	0.203237	0.141241	0.145	0.180708	0.202321	0.191751	0.187289	0.244918	0.242036	0.215483	0.248578	0.23683	0.180342	0.155663	0.142772	0.147643	0.172007	0.158765	0.167117	0.143916	0.142948	0.135462	0.146206	0.179422	0.173068	0.174885	0.209284	0.185658	0.204948	0.200387	0.202902	0.299023	0.155794	0.181032	0.190061	0.162014	0.174802	0.153545	0.151533	0.151536	0.177794	0.190289	0.166351	0.172482	0.158254	0.180406	0.170777	0.175876	0.230061	0.235841	0.226538	0.235607	0.200102	0.206268	0.233334	0.196834	0.182946	0.195568	0.190746	0.199281	0.161574	0.157732	0.145366	0.158549	0.158599	0.227424	0.220163	0.222134	0.214497	0.212052
Cochlearius_cochlearius	0.166481	0.172596	0.178345	0.208487	0.213954	0.196598	0.198247	0.241557	0.212405	0.292275	0.277272	0.161808	0.131183	0.145646	0.138994	0.134946	0.136964	0.139071	0.159651	0.154483	0.146263	0.152831	0.144575	0.176382	0.148154	0.152624	0.137837	0	0.0737572	0.132699	0.132764	0.139986	0.142031	0.113184	0.111171	0.115237	0.113184	0.113183	0.181167	0.19618	0.174684	0.18482	0.184847	0.188853	0.180711	0.286635	0.301915	0.306741	0.308738	0.303909	0.314962	0.31668	0.339547	0.31921	0.252786	0.263235	0.354692	0.4097	0.294024	0.232754	0.239165	0.256846	0.282866	0.253211	0.22568	0.261948	0.192105	0.192708	0.191654	0.241991	0.239974	0.244001	0.268387	0.255101	0.256929	0.250474	0.247443	0.254064	0.2677	0.254752	0.249322	0.245354	0.219456	0.266991	0.254124	0.246737	0.277668	0.262256	0.281094	0.24688	0.240187	0.257655	0.202751	0.210883	0.246609	0.217035	0.227555	0.264684	0.225359	0.225003	0.237895	0.233515	0.239561	0.240614	0.279765	0.256423	0.275023	0.260209	0.278886	0.277464	0.279374	0.266048	0.25963	0.264131	0.284992	0.270475	0.274423	0.28105	0.28052	0.292007	0.272054	0.27193	0.267934	0.267934	0.2892	0.259967	0.277983	0.280454	0.267522	0.277938	0.279059	0.255536	0.276728	0.269255	0.284257	0.265259	0.286089	0.286414	0.261929	0.258613	0.276526	0.284449	0.269705	0.262203	0.283886	0.280697	0.287045	0.267632	0.29136	0.279011	0.300298	0.276227	0.286377	0.278066	0.288313	0.301095	0.281681	0.287786	0.300672	0.2981	0.301833	0.283121	0.289276	0.300624	0.287218	0.276945	0.289474	0.293571	0.277193	0.287965	0.293694	0.298477	0.316988	0.305204	0.298687	0.302692	0.30462	0.277808	0.275182	0.309832	0.304797	0.293816	0.293816	0.329179	0.326285	0.277838	0.293281	0.281866	0.305501	0.300951	0.309565	0.285802	0.293877	0.290393	0.295462	0.298065	0.29971	0.310471	0.297659	0.293287	0.30207	0.289054	0.329926	0.321026	0.315388	0.316567	0.316395	0.318724	0.307722	0.293411	0.295503	0.301981	0.309871	0.30837	0.314777	0.29319	0.292935	0.296999	0.301046	0.301555	0.303528	0.303366	0.301322	0.303358	0.273517	0.290792	0.271704	0.300172	0.310763	0.318871	0.310493	0.302288	0.31159	0.308181	0.292509	0.32577	0.306895	0.31905	0.32148	0.316423	0.293372	0.295516	0.294197	0.292876	0.279953	0.274152	0.278273	0.27896	0.213105	0.21543	0.192951	0.25786	0.272961	0.227447	0.263558	0.271912	0.237409	0.175413	0.179172	0.21488	0.236493	0.225923	0.221461	0.279091	0.276208	0.249656	0.28275	0.271003	0.214514	0.189835	0.176945	0.181816	0.20618	0.192937	0.201289	0.178088	0.17712	0.169634	0.180378	0.213594	0.20724	0.209058	0.243457	0.21983	0.23912	0.234559	0.237074	0.333195	0.189967	0.215204	0.224233	0.196186	0.208974	0.187717	0.185705	0.185708	0.211966	0.224462	0.200523	0.206654	0.192426	0.214578	0.204949	0.210049	0.264234	0.270014	0.26071	0.269779	0.234275	0.24044	0.267506	0.231006	0.217118	0.22974	0.224918	0.233453	0.195746	0.191905	0.179538	0.192721	0.192772	0.261596	0.254335	0.256307	0.248669	0.246224
Egretta_garzetta	0.171315	0.17743	0.183178	0.213321	0.218788	0.201432	0.203081	0.246391	0.217239	0.297109	0.282106	0.166642	0.136017	0.15048	0.143828	0.13978	0.141798	0.143904	0.164484	0.159317	0.151097	0.157665	0.149409	0.181216	0.152988	0.157458	0.142671	0.0737572	0	0.137533	0.137598	0.14482	0.146865	0.118018	0.116004	0.120071	0.118018	0.118017	0.186001	0.201014	0.179518	0.189654	0.189681	0.193687	0.185545	0.291469	0.306749	0.311575	0.313572	0.308743	0.319796	0.321514	0.344381	0.324044	0.25762	0.268069	0.359526	0.414534	0.298858	0.237588	0.243999	0.26168	0.2877	0.258045	0.230514	0.266782	0.196939	0.197542	0.196488	0.246825	0.244808	0.248835	0.273221	0.259935	0.261763	0.255308	0.252277	0.258898	0.272534	0.259586	0.254156	0.250188	0.22429	0.271825	0.258958	0.25157	0.282502	0.26709	0.285928	0.251714	0.245021	0.262489	0.207585	0.215717	0.251443	0.221869	0.232389	0.269518	0.230192	0.229837	0.242729	0.238349	0.244394	0.245448	0.284599	0.261257	0.279857	0.265043	0.28372	0.282298	0.284208	0.270881	0.264464	0.268965	0.289826	0.275309	0.279257	0.285884	0.285354	0.296841	0.276887	0.276764	0.272768	0.272768	0.294034	0.264801	0.282817	0.285288	0.272356	0.282772	0.283893	0.260369	0.281561	0.274089	0.289091	0.270093	0.290923	0.291248	0.266763	0.263447	0.28136	0.289282	0.274539	0.267037	0.28872	0.285531	0.291879	0.272465	0.296194	0.283845	0.305132	0.281061	0.291211	0.2829	0.293147	0.305929	0.286515	0.29262	0.305506	0.302934	0.306667	0.287954	0.29411	0.305458	0.292051	0.281779	0.294308	0.298405	0.282027	0.292799	0.298528	0.303311	0.321822	0.310038	0.303521	0.307526	0.309454	0.282642	0.280016	0.314666	0.309631	0.29865	0.29865	0.334013	0.331119	0.282672	0.298115	0.2867	0.310335	0.305785	0.314398	0.290636	0.298711	0.295227	0.300296	0.302899	0.304544	0.315305	0.302493	0.298121	0.306904	0.293887	0.33476	0.325859	0.320222	0.321401	0.321229	0.323558	0.312556	0.298245	0.300337	0.306815	0.314705	0.313204	0.319611	0.298024	0.297769	0.301833	0.30588	0.306389	0.308362	0.3082	0.306156	0.308192	0.27835	0.295626	0.276538	0.305006	0.315597	0.323705	0.315326	0.307122	0.316424	0.313015	0.297343	0.330604	0.311728	0.323884	0.326314	0.321257	0.298206	0.30035	0.299031	0.29771	0.284787	0.278986	0.283107	0.283794	0.217939	0.220264	0.197784	0.262694	0.277795	0.232281	0.268392	0.276745	0.242243	0.180247	0.184006	0.219714	0.241327	0.230757	0.226295	0.283924	0.281042	0.25449	0.287584	0.275837	0.219348	0.194669	0.181779	0.18665	0.211014	0.197771	0.206123	0.182922	0.181954	0.174468	0.185212	0.218428	0.212074	0.213891	0.24829	0.224664	0.243954	0.239393	0.241908	0.338029	0.194801	0.220038	0.229067	0.20102	0.213808	0.192551	0.190539	0.190542	0.2168	0.229295	0.205357	0.211488	0.19726	0.219412	0.209783	0.214883	0.269067	0.274847	0.265544	0.274613	0.239109	0.245274	0.27234	0.23584	0.221952	0.234574	0.229752	0.238287	0.20058	0.196738	0.184372	0.197555	0.197606	0.26643	0.259169	0.261141	0.253503	0.251058
Fregata_magnificens	0.150915	0.157029	0.162778	0.19292	0.198387	0.181031	0.182681	0.225991	0.196838	0.276708	0.261705	0.146242	0.115616	0.130079	0.123427	0.11938	0.121397	0.123504	0.144084	0.138916	0.130697	0.137264	0.129008	0.160816	0.132587	0.137057	0.12227	0.132699	0.137533	0	0.117197	0.124419	0.126464	0.0976177	0.0956038	0.0996703	0.0976174	0.0976165	0.1656	0.180613	0.159117	0.169253	0.169281	0.173287	0.165144	0.271068	0.286348	0.291175	0.293171	0.288342	0.299395	0.301114	0.32398	0.303643	0.237219	0.247668	0.339125	0.394134	0.278457	0.217187	0.223598	0.241279	0.267299	0.237644	0.210113	0.246382	0.176539	0.177141	0.176087	0.226424	0.224407	0.228434	0.25282	0.239535	0.241362	0.234907	0.231876	0.238498	0.252133	0.239185	0.233755	0.229787	0.20389	0.251424	0.238557	0.23117	0.262102	0.246689	0.265527	0.231313	0.224621	0.242089	0.187184	0.195316	0.231042	0.201469	0.211988	0.249117	0.209792	0.209436	0.222328	0.217948	0.223994	0.225048	0.264199	0.240856	0.259456	0.244642	0.263319	0.261898	0.263808	0.250481	0.244063	0.248565	0.269425	0.254909	0.258856	0.265484	0.264954	0.27644	0.256487	0.256363	0.252367	0.252367	0.273634	0.244401	0.262417	0.264887	0.251956	0.262371	0.263492	0.239969	0.261161	0.253689	0.268691	0.249692	0.270522	0.270847	0.246362	0.243046	0.26096	0.268882	0.254139	0.246636	0.26832	0.265131	0.271478	0.252065	0.275793	0.263444	0.284732	0.26066	0.270811	0.262499	0.272746	0.285528	0.266114	0.272219	0.285105	0.282534	0.286266	0.267554	0.273709	0.285057	0.271651	0.261378	0.273907	0.278005	0.261627	0.272398	0.278127	0.282911	0.301422	0.289637	0.283121	0.287125	0.289053	0.262242	0.259615	0.294265	0.28923	0.27825	0.278249	0.313612	0.310719	0.262271	0.277714	0.266299	0.289934	0.285385	0.293998	0.270236	0.27831	0.274826	0.279895	0.282498	0.284144	0.294904	0.282092	0.27772	0.286503	0.273487	0.314359	0.305459	0.299821	0.301	0.300829	0.303157	0.292156	0.277845	0.279937	0.286414	0.294304	0.292804	0.29921	0.277623	0.277368	0.281432	0.285479	0.285988	0.287961	0.287799	0.285755	0.287791	0.25795	0.275225	0.256137	0.284605	0.295196	0.303305	0.294926	0.286721	0.296023	0.292614	0.276943	0.310204	0.291328	0.303484	0.305913	0.300856	0.277806	0.279949	0.278631	0.277309	0.264386	0.258585	0.262706	0.263393	0.197538	0.199863	0.177384	0.242293	0.257395	0.211881	0.247991	0.256345	0.221842	0.159846	0.163605	0.199313	0.220926	0.210356	0.205894	0.263524	0.260641	0.234089	0.267184	0.255436	0.198947	0.174269	0.161378	0.166249	0.190613	0.17737	0.185722	0.162522	0.161553	0.154068	0.164811	0.198027	0.191673	0.193491	0.22789	0.204263	0.223553	0.218993	0.221508	0.317628	0.1744	0.199637	0.208667	0.180619	0.193407	0.17215	0.170138	0.170142	0.1964	0.208895	0.184956	0.191087	0.176859	0.199012	0.189383	0.194482	0.248667	0.254447	0.245143	0.254212	0.218708	0.224873	0.251939	0.21544	0.201551	0.214173	0.209351	0.217886	0.180179	0.176338	0.163971	0.177154	0.177205	0.24603	0.238769	0.24074	0.233102	0.230658
Sula_dactylatra	0.150974	0.157089	0.162838	0.19298	0.198447	0.181091	0.182741	0.226051	0.196898	0.276768	0.261765	0.146301	0.115676	0.130139	0.123487	0.119439	0.121457	0.123564	0.144144	0.138976	0.130756	0.137324	0.129068	0.160875	0.132647	0.137117	0.12233	0.132764	0.137598	0.117197	0	0.0946784	0.0967235	0.067877	0.0658631	0.0699296	0.0678767	0.0678758	0.16566	0.180673	0.159177	0.169313	0.16934	0.173346	0.165204	0.271128	0.286408	0.291234	0.293231	0.288402	0.299455	0.301173	0.32404	0.303703	0.237279	0.247728	0.339185	0.394193	0.278517	0.217247	0.223658	0.241339	0.267359	0.237704	0.210173	0.246441	0.176598	0.177201	0.176147	0.226484	0.224467	0.228494	0.25288	0.239594	0.241422	0.234967	0.231936	0.238557	0.252193	0.239245	0.233815	0.229847	0.203949	0.251484	0.238617	0.23123	0.262161	0.246749	0.265587	0.231373	0.22468	0.242148	0.187244	0.195376	0.231102	0.201528	0.212048	0.249177	0.209852	0.209496	0.222388	0.218008	0.224054	0.225107	0.264258	0.240916	0.259516	0.244702	0.263379	0.261957	0.263867	0.250541	0.244123	0.248624	0.269485	0.254968	0.258916	0.265544	0.265013	0.2765	0.256547	0.256423	0.252427	0.252427	0.273693	0.24446	0.262476	0.264947	0.252015	0.262431	0.263552	0.240029	0.261221	0.253748	0.26875	0.249752	0.270582	0.270907	0.246422	0.243106	0.26102	0.268942	0.254199	0.246696	0.268379	0.26519	0.271538	0.252125	0.275853	0.263504	0.284791	0.26072	0.27087	0.262559	0.272806	0.285588	0.266174	0.272279	0.285165	0.282593	0.286326	0.267614	0.273769	0.285117	0.271711	0.261438	0.273967	0.278064	0.261686	0.272458	0.278187	0.28297	0.301481	0.289697	0.28318	0.287185	0.289113	0.262301	0.259675	0.294325	0.28929	0.278309	0.278309	0.313672	0.310778	0.262331	0.277774	0.266359	0.289994	0.285444	0.294058	0.270295	0.27837	0.274886	0.279955	0.282558	0.284204	0.294964	0.282152	0.27778	0.286563	0.273547	0.314419	0.305519	0.299881	0.30106	0.300888	0.303217	0.292215	0.277904	0.279996	0.286474	0.294364	0.292863	0.29927	0.277683	0.277428	0.281492	0.285539	0.286048	0.288021	0.287859	0.285815	0.287851	0.25801	0.275285	0.256197	0.284665	0.295256	0.303364	0.294986	0.286781	0.296083	0.292674	0.277003	0.310263	0.291388	0.303543	0.305973	0.300916	0.277865	0.280009	0.27869	0.277369	0.264446	0.258645	0.262766	0.263453	0.197598	0.199923	0.177444	0.242353	0.257454	0.21194	0.248051	0.256405	0.221902	0.159906	0.163665	0.199373	0.220986	0.210416	0.205954	0.263584	0.260701	0.234149	0.267243	0.255496	0.199007	0.174328	0.161438	0.166309	0.190673	0.17743	0.185782	0.162581	0.161613	0.154127	0.164871	0.198087	0.191733	0.193551	0.22795	0.204323	0.223613	0.219053	0.221567	0.317688	0.17446	0.199697	0.208726	0.180679	0.193467	0.17221	0.170198	0.170201	0.19646	0.208955	0.185016	0.191147	0.176919	0.199071	0.189442	0.194542	0.248727	0.254507	0.245203	0.254272	0.218768	0.224933	0.251999	0.215499	0.201611	0.214233	0.209411	0.217946	0.180239	0.176398	0.164031	0.177214	0.177265	0.246089	0.238828	0.2408	0.233162	0.230717
Anhinga_anhinga	0.158196	0.164311	0.170059	0.200202	0.205669	0.188313	0.189962	0.233272	0.20412	0.28399	0.268987	0.153523	0.122898	0.137361	0.130709	0.126661	0.128678	0.130785	0.151365	0.146197	0.137978	0.144546	0.13629	0.168097	0.139868	0.144339	0.129552	0.139986	0.14482	0.124419	0.0946784	0	0.0346656	0.063764	0.0617501	0.0658167	0.0637637	0.0637628	0.172882	0.187895	0.166399	0.176535	0.176562	0.180568	0.172426	0.27835	0.29363	0.298456	0.300453	0.295623	0.306677	0.308395	0.331262	0.310925	0.244501	0.25495	0.346407	0.401415	0.285739	0.224469	0.230879	0.248561	0.274581	0.244926	0.217394	0.253663	0.18382	0.184423	0.183368	0.233705	0.231689	0.235715	0.260102	0.246816	0.248644	0.242189	0.239158	0.245779	0.259415	0.246467	0.241037	0.237069	0.211171	0.258706	0.245839	0.238451	0.269383	0.253971	0.272809	0.238595	0.231902	0.24937	0.194466	0.202598	0.238323	0.20875	0.219269	0.256399	0.217073	0.216718	0.22961	0.22523	0.231275	0.232329	0.27148	0.248137	0.266738	0.251923	0.270601	0.269179	0.271089	0.257762	0.251344	0.255846	0.276707	0.26219	0.266138	0.272765	0.272235	0.283721	0.263768	0.263644	0.259648	0.259648	0.280915	0.251682	0.269698	0.272168	0.259237	0.269652	0.270774	0.24725	0.268442	0.26097	0.275972	0.256974	0.277803	0.278129	0.253644	0.250328	0.268241	0.276163	0.26142	0.253918	0.275601	0.272412	0.27876	0.259346	0.283075	0.270726	0.292013	0.267942	0.278092	0.26978	0.280027	0.29281	0.273396	0.279501	0.292386	0.289815	0.293548	0.274835	0.280991	0.292338	0.278932	0.26866	0.281189	0.285286	0.268908	0.279679	0.285409	0.290192	0.308703	0.296919	0.290402	0.294407	0.296335	0.269523	0.266897	0.301547	0.296512	0.285531	0.285531	0.320894	0.318	0.269553	0.284996	0.27358	0.297216	0.292666	0.301279	0.277517	0.285592	0.282107	0.287177	0.28978	0.291425	0.302186	0.289373	0.285002	0.293784	0.280768	0.32164	0.31274	0.307103	0.308282	0.30811	0.310439	0.299437	0.285126	0.287218	0.293696	0.301586	0.300085	0.306491	0.284905	0.28465	0.288714	0.292761	0.29327	0.295243	0.29508	0.293037	0.295073	0.265231	0.282507	0.263418	0.291887	0.302478	0.310586	0.302207	0.294003	0.303305	0.299895	0.284224	0.317485	0.298609	0.310765	0.313195	0.308138	0.285087	0.287231	0.285912	0.284591	0.271668	0.265867	0.269988	0.270675	0.20482	0.207145	0.184665	0.249574	0.264676	0.219162	0.255273	0.263626	0.229124	0.167128	0.170887	0.206595	0.228207	0.217638	0.213176	0.270805	0.267923	0.24137	0.274465	0.262717	0.206229	0.18155	0.168659	0.17353	0.197894	0.184652	0.193004	0.169803	0.168835	0.161349	0.172093	0.205309	0.198955	0.200772	0.235171	0.211545	0.230835	0.226274	0.228789	0.32491	0.181681	0.206919	0.215948	0.187901	0.200689	0.179432	0.17742	0.177423	0.203681	0.216176	0.192238	0.198369	0.184141	0.206293	0.196664	0.201763	0.255948	0.261728	0.252425	0.261494	0.225989	0.232155	0.259221	0.222721	0.208833	0.221455	0.216633	0.225168	0.187461	0.183619	0.171253	0.184436	0.184486	0.253311	0.24605	0.248021	0.240384	0.237939
Anhinga_rufa	0.160241	0.166356	0.172104	0.202247	0.207714	0.190358	0.192007	0.235317	0.206165	0.286035	0.271032	0.155568	0.124943	0.139406	0.132754	0.128706	0.130724	0.13283	0.15341	0.148242	0.140023	0.146591	0.138335	0.170142	0.141914	0.146384	0.131597	0.142031	0.146865	0.126464	0.0967235	0.0346656	0	0.0658091	0.0637952	0.0678618	0.0658088	0.0658079	0.174927	0.18994	0.168444	0.17858	0.178607	0.182613	0.174471	0.280395	0.295675	0.300501	0.302498	0.297669	0.308722	0.31044	0.333307	0.31297	0.246546	0.256995	0.348452	0.40346	0.287784	0.226514	0.232925	0.250606	0.276626	0.246971	0.21944	0.255708	0.185865	0.186468	0.185414	0.23575	0.233734	0.237761	0.262147	0.248861	0.250689	0.244234	0.241203	0.247824	0.26146	0.248512	0.243082	0.239114	0.213216	0.260751	0.247884	0.240496	0.271428	0.256016	0.274854	0.24064	0.233947	0.251415	0.196511	0.204643	0.240369	0.210795	0.221315	0.258444	0.219118	0.218763	0.231655	0.227275	0.23332	0.234374	0.273525	0.250182	0.268783	0.253969	0.272646	0.271224	0.273134	0.259807	0.25339	0.257891	0.278752	0.264235	0.268183	0.27481	0.27428	0.285767	0.265813	0.26569	0.261694	0.261694	0.28296	0.253727	0.271743	0.274214	0.261282	0.271698	0.272819	0.249295	0.270487	0.263015	0.278017	0.259019	0.279849	0.280174	0.255689	0.252373	0.270286	0.278208	0.263465	0.255963	0.277646	0.274457	0.280805	0.261391	0.28512	0.272771	0.294058	0.269987	0.280137	0.271826	0.282073	0.294855	0.275441	0.281546	0.294432	0.29186	0.295593	0.27688	0.283036	0.294384	0.280977	0.270705	0.283234	0.287331	0.270953	0.281725	0.287454	0.292237	0.310748	0.298964	0.292447	0.296452	0.29838	0.271568	0.268942	0.303592	0.298557	0.287576	0.287576	0.322939	0.320045	0.271598	0.287041	0.275625	0.299261	0.294711	0.303324	0.279562	0.287637	0.284153	0.289222	0.291825	0.29347	0.304231	0.291418	0.287047	0.29583	0.282813	0.323685	0.314785	0.309148	0.310327	0.310155	0.312484	0.301482	0.287171	0.289263	0.295741	0.303631	0.30213	0.308537	0.28695	0.286695	0.290759	0.294806	0.295315	0.297288	0.297126	0.295082	0.297118	0.267276	0.284552	0.265464	0.293932	0.304523	0.312631	0.304252	0.296048	0.30535	0.301941	0.286269	0.31953	0.300654	0.31281	0.31524	0.310183	0.287132	0.289276	0.287957	0.286636	0.273713	0.267912	0.272033	0.27272	0.206865	0.20919	0.18671	0.25162	0.266721	0.221207	0.257318	0.265671	0.231169	0.169173	0.172932	0.20864	0.230253	0.219683	0.215221	0.27285	0.269968	0.243416	0.27651	0.264763	0.208274	0.183595	0.170704	0.175576	0.19994	0.186697	0.195049	0.171848	0.17088	0.163394	0.174138	0.207354	0.201	0.202817	0.237216	0.21359	0.23288	0.228319	0.230834	0.326955	0.183727	0.208964	0.217993	0.189946	0.202734	0.181477	0.179465	0.179468	0.205726	0.218221	0.194283	0.200414	0.186186	0.208338	0.198709	0.203809	0.257993	0.263773	0.25447	0.263539	0.228034	0.2342	0.261266	0.224766	0.210878	0.2235	0.218678	0.227213	0.189506	0.185664	0.173298	0.186481	0.186532	0.255356	0.248095	0.250067	0.242429	0.239984
Phalacrocorax_carbo	0.131395	0.137509	0.143258	0.1734	0.178867	0.161511	0.163161	0.206471	0.177319	0.257188	0.242185	0.126722	0.0960961	0.11056	0.103907	0.0998597	0.101877	0.103984	0.124564	0.119396	0.111177	0.117745	0.109488	0.141296	0.113067	0.117537	0.10275	0.113184	0.118018	0.0976177	0.067877	0.063764	0.0658091	0	0.0140714	0.0181423	0.0160894	0.0160885	0.14608	0.161093	0.139597	0.149733	0.149761	0.153767	0.145624	0.251548	0.266828	0.271655	0.273652	0.268822	0.279875	0.281594	0.30446	0.284123	0.217699	0.228148	0.319605	0.374614	0.258937	0.197667	0.204078	0.221759	0.247779	0.218125	0.190593	0.226862	0.157019	0.157621	0.156567	0.206904	0.204887	0.208914	0.233301	0.220015	0.221842	0.215387	0.212357	0.218978	0.232613	0.219665	0.214235	0.210267	0.18437	0.231904	0.219038	0.21165	0.242582	0.22717	0.246007	0.211794	0.205101	0.222569	0.167665	0.175797	0.211522	0.181949	0.192468	0.229597	0.190272	0.189916	0.202808	0.198428	0.204474	0.205528	0.244679	0.221336	0.239936	0.225122	0.243799	0.242378	0.244288	0.230961	0.224543	0.229045	0.249905	0.235389	0.239336	0.245964	0.245434	0.25692	0.236967	0.236843	0.232847	0.232847	0.254114	0.224881	0.242897	0.245367	0.232436	0.242851	0.243972	0.220449	0.241641	0.234169	0.249171	0.230172	0.251002	0.251327	0.226842	0.223526	0.24144	0.249362	0.234619	0.227116	0.2488	0.245611	0.251958	0.232545	0.256273	0.243925	0.265212	0.24114	0.251291	0.242979	0.253226	0.266009	0.246594	0.252699	0.265585	0.263014	0.266746	0.248034	0.254189	0.265537	0.252131	0.241858	0.254387	0.258485	0.242107	0.252878	0.258607	0.263391	0.281902	0.270117	0.263601	0.267605	0.269533	0.242722	0.240095	0.274745	0.26971	0.25873	0.25873	0.294092	0.291199	0.242751	0.258194	0.246779	0.270415	0.265865	0.274478	0.250716	0.25879	0.255306	0.260375	0.262979	0.264624	0.275384	0.262572	0.258201	0.266983	0.253967	0.294839	0.285939	0.280302	0.28148	0.281309	0.283637	0.272636	0.258325	0.260417	0.266894	0.274784	0.273284	0.27969	0.258103	0.257848	0.261913	0.265959	0.266468	0.268441	0.268279	0.266235	0.268271	0.23843	0.255705	0.236617	0.265085	0.275676	0.283785	0.275406	0.267201	0.276503	0.273094	0.257423	0.290684	0.271808	0.283964	0.286393	0.281336	0.258286	0.260429	0.259111	0.25779	0.244866	0.239065	0.243186	0.243874	0.178019	0.180343	0.157864	0.222773	0.237875	0.192361	0.228472	0.236825	0.202322	0.140326	0.144086	0.179793	0.201406	0.190836	0.186374	0.244004	0.241121	0.214569	0.247664	0.235916	0.179427	0.154749	0.141858	0.146729	0.171093	0.15785	0.166202	0.143002	0.142033	0.134548	0.145292	0.178507	0.172153	0.173971	0.20837	0.184744	0.204033	0.199473	0.201988	0.298108	0.15488	0.180117	0.189147	0.161099	0.173887	0.15263	0.150618	0.150622	0.17688	0.189375	0.165436	0.171567	0.157339	0.179492	0.169863	0.174962	0.229147	0.234927	0.225623	0.234692	0.199188	0.205353	0.232419	0.19592	0.182031	0.194653	0.189831	0.198367	0.16066	0.156818	0.144452	0.157634	0.157685	0.22651	0.219249	0.22122	0.213583	0.211138
Phalacrocorax_pelagicus	0.129381	0.135495	0.141244	0.171386	0.176853	0.159497	0.161147	0.204457	0.175305	0.255174	0.240171	0.124708	0.0940822	0.108546	0.101894	0.0978458	0.0998632	0.10197	0.12255	0.117382	0.109163	0.115731	0.107474	0.139282	0.111053	0.115523	0.100736	0.111171	0.116004	0.0956038	0.0658631	0.0617501	0.0637952	0.0140714	0	0.0161284	0.0140755	0.0140746	0.144067	0.15908	0.137583	0.147719	0.147747	0.151753	0.14361	0.249534	0.264815	0.269641	0.271638	0.266808	0.277861	0.27958	0.302446	0.282109	0.215685	0.226134	0.317591	0.3726	0.256923	0.195653	0.202064	0.219746	0.245765	0.216111	0.188579	0.224848	0.155005	0.155607	0.154553	0.20489	0.202874	0.2069	0.231287	0.218001	0.219829	0.213373	0.210343	0.216964	0.230599	0.217652	0.212221	0.208253	0.182356	0.22989	0.217024	0.209636	0.240568	0.225156	0.243993	0.20978	0.203087	0.220555	0.165651	0.173783	0.209508	0.179935	0.190454	0.227583	0.188258	0.187902	0.200794	0.196414	0.20246	0.203514	0.242665	0.219322	0.237923	0.223108	0.241785	0.240364	0.242274	0.228947	0.222529	0.227031	0.247892	0.233375	0.237322	0.24395	0.24342	0.254906	0.234953	0.234829	0.230833	0.230833	0.2521	0.222867	0.240883	0.243353	0.230422	0.240837	0.241959	0.218435	0.239627	0.232155	0.247157	0.228158	0.248988	0.249313	0.224828	0.221512	0.239426	0.247348	0.232605	0.225103	0.246786	0.243597	0.249944	0.230531	0.254259	0.241911	0.263198	0.239126	0.249277	0.240965	0.251212	0.263995	0.24458	0.250686	0.263571	0.261	0.264732	0.24602	0.252175	0.263523	0.250117	0.239844	0.252374	0.256471	0.240093	0.250864	0.256593	0.261377	0.279888	0.268103	0.261587	0.265591	0.267519	0.240708	0.238081	0.272731	0.267697	0.256716	0.256716	0.292078	0.289185	0.240738	0.256181	0.244765	0.268401	0.263851	0.272464	0.248702	0.256777	0.253292	0.258361	0.260965	0.26261	0.27337	0.260558	0.256187	0.264969	0.251953	0.292825	0.283925	0.278288	0.279466	0.279295	0.281623	0.270622	0.256311	0.258403	0.26488	0.27277	0.27127	0.277676	0.256089	0.255834	0.259899	0.263946	0.264454	0.266427	0.266265	0.264221	0.266257	0.236416	0.253691	0.234603	0.263071	0.273662	0.281771	0.273392	0.265187	0.274489	0.27108	0.255409	0.28867	0.269794	0.28195	0.284379	0.279322	0.256272	0.258415	0.257097	0.255776	0.242852	0.237052	0.241172	0.24186	0.176005	0.17833	0.15585	0.220759	0.235861	0.190347	0.226458	0.234811	0.200308	0.138312	0.142072	0.177779	0.199392	0.188822	0.184361	0.24199	0.239107	0.212555	0.24565	0.233902	0.177414	0.152735	0.139844	0.144715	0.169079	0.155836	0.164188	0.140988	0.140019	0.132534	0.143278	0.176493	0.170139	0.171957	0.206356	0.18273	0.202019	0.197459	0.199974	0.296094	0.152866	0.178103	0.187133	0.159085	0.171873	0.150617	0.148604	0.148608	0.174866	0.187361	0.163422	0.169553	0.155325	0.177478	0.167849	0.172948	0.227133	0.232913	0.22361	0.232678	0.197174	0.203339	0.230405	0.193906	0.180017	0.192639	0.187818	0.196353	0.158646	0.154804	0.142438	0.15562	0.155671	0.224496	0.217235	0.219206	0.211569	0.209124
Phalacrocorax_harrisi	0.133447	0.139562	0.145311	0.175453	0.18092	0.163564	0.165214	0.208524	0.179371	0.259241	0.244238	0.128774	0.0981488	0.112612	0.10596	0.101912	0.10393	0.106037	0.126617	0.121449	0.113229	0.119797	0.111541	0.143348	0.11512	0.11959	0.104803	0.115237	0.120071	0.0996703	0.0699296	0.0658167	0.0678618	0.0181423	0.0161284	0	0.0100756	0.0100747	0.148133	0.163146	0.14165	0.151786	0.151813	0.155819	0.147677	0.253601	0.268881	0.273707	0.275704	0.270875	0.281928	0.283646	0.306513	0.286176	0.219752	0.230201	0.321658	0.376666	0.26099	0.19972	0.206131	0.223812	0.249832	0.220177	0.192646	0.228914	0.159071	0.159674	0.15862	0.208957	0.20694	0.210967	0.235353	0.222067	0.223895	0.21744	0.214409	0.22103	0.234666	0.221718	0.216288	0.21232	0.186422	0.233957	0.22109	0.213703	0.244634	0.229222	0.24806	0.213846	0.207153	0.224621	0.169717	0.177849	0.213575	0.184001	0.194521	0.23165	0.192325	0.191969	0.204861	0.200481	0.206527	0.20758	0.246731	0.223389	0.241989	0.227175	0.245852	0.24443	0.24634	0.233014	0.226596	0.231097	0.251958	0.237441	0.241389	0.248017	0.247486	0.258973	0.23902	0.238896	0.2349	0.2349	0.256166	0.226933	0.244949	0.24742	0.234488	0.244904	0.246025	0.222502	0.243694	0.236221	0.251223	0.232225	0.253055	0.25338	0.228895	0.225579	0.243493	0.251415	0.236672	0.229169	0.250852	0.247663	0.254011	0.234598	0.258326	0.245977	0.267264	0.243193	0.253343	0.245032	0.255279	0.268061	0.248647	0.254752	0.267638	0.265066	0.268799	0.250087	0.256242	0.26759	0.254184	0.243911	0.25644	0.260537	0.244159	0.254931	0.26066	0.265443	0.283954	0.27217	0.265653	0.269658	0.271586	0.244774	0.242148	0.276798	0.271763	0.260782	0.260782	0.296145	0.293251	0.244804	0.260247	0.248832	0.272467	0.267917	0.276531	0.252768	0.260843	0.257359	0.262428	0.265031	0.266676	0.277437	0.264625	0.260253	0.269036	0.25602	0.296892	0.287992	0.282354	0.283533	0.283361	0.28569	0.274688	0.260377	0.262469	0.268947	0.276837	0.275336	0.281743	0.260156	0.259901	0.263965	0.268012	0.268521	0.270494	0.270332	0.268288	0.270324	0.240483	0.257758	0.23867	0.267138	0.277729	0.285837	0.277459	0.269254	0.278556	0.275147	0.259476	0.292736	0.273861	0.286016	0.288446	0.283389	0.260338	0.262482	0.261163	0.259842	0.246919	0.241118	0.245239	0.245926	0.180071	0.182396	0.159917	0.224826	0.239927	0.194413	0.230524	0.238878	0.204375	0.142379	0.146138	0.181846	0.203459	0.192889	0.188427	0.246057	0.243174	0.216622	0.249716	0.237969	0.18148	0.156801	0.143911	0.148782	0.173146	0.159903	0.168255	0.145054	0.144086	0.1366	0.147344	0.18056	0.174206	0.176024	0.210423	0.186796	0.206086	0.201526	0.20404	0.300161	0.156933	0.18217	0.191199	0.163152	0.17594	0.154683	0.152671	0.152674	0.178933	0.191428	0.167489	0.17362	0.159392	0.181544	0.171915	0.177015	0.2312	0.23698	0.227676	0.236745	0.201241	0.207406	0.234472	0.197972	0.184084	0.196706	0.191884	0.200419	0.162712	0.158871	0.146504	0.159687	0.159738	0.228562	0.221301	0.223273	0.215635	0.21319
Phalacrocorax_auritus	0.131394	0.137509	0.143258	0.1734	0.178867	0.161511	0.163161	0.206471	0.177318	0.257188	0.242185	0.126721	0.0960958	0.110559	0.103907	0.0998594	0.101877	0.103984	0.124564	0.119396	0.111176	0.117744	0.109488	0.141295	0.113067	0.117537	0.10275	0.113184	0.118018	0.0976174	0.0678767	0.0637637	0.0658088	0.0160894	0.0140755	0.0100756	0	0.00401782	0.14608	0.161093	0.139597	0.149733	0.14976	0.153766	0.145624	0.251548	0.266828	0.271654	0.273651	0.268822	0.279875	0.281593	0.30446	0.284123	0.217699	0.228148	0.319605	0.374613	0.258937	0.197667	0.204078	0.221759	0.247779	0.218124	0.190593	0.226861	0.157018	0.157621	0.156567	0.206904	0.204887	0.208914	0.2333	0.220014	0.221842	0.215387	0.212356	0.218977	0.232613	0.219665	0.214235	0.210267	0.184369	0.231904	0.219037	0.21165	0.242582	0.227169	0.246007	0.211793	0.2051	0.222568	0.167664	0.175796	0.211522	0.181948	0.192468	0.229597	0.190272	0.189916	0.202808	0.198428	0.204474	0.205527	0.244679	0.221336	0.239936	0.225122	0.243799	0.242378	0.244287	0.230961	0.224543	0.229044	0.249905	0.235388	0.239336	0.245964	0.245433	0.25692	0.236967	0.236843	0.232847	0.232847	0.254113	0.22488	0.242896	0.245367	0.232435	0.242851	0.243972	0.220449	0.241641	0.234169	0.24917	0.230172	0.251002	0.251327	0.226842	0.223526	0.24144	0.249362	0.234619	0.227116	0.248799	0.24561	0.251958	0.232545	0.256273	0.243924	0.265212	0.24114	0.25129	0.242979	0.253226	0.266008	0.246594	0.252699	0.265585	0.263014	0.266746	0.248034	0.254189	0.265537	0.252131	0.241858	0.254387	0.258484	0.242106	0.252878	0.258607	0.26339	0.281901	0.270117	0.2636	0.267605	0.269533	0.242721	0.240095	0.274745	0.26971	0.258729	0.258729	0.294092	0.291198	0.242751	0.258194	0.246779	0.270414	0.265865	0.274478	0.250716	0.25879	0.255306	0.260375	0.262978	0.264624	0.275384	0.262572	0.2582	0.266983	0.253967	0.294839	0.285939	0.280301	0.28148	0.281308	0.283637	0.272636	0.258324	0.260416	0.266894	0.274784	0.273284	0.27969	0.258103	0.257848	0.261912	0.265959	0.266468	0.268441	0.268279	0.266235	0.268271	0.23843	0.255705	0.236617	0.265085	0.275676	0.283784	0.275406	0.267201	0.276503	0.273094	0.257423	0.290683	0.271808	0.283963	0.286393	0.281336	0.258285	0.260429	0.25911	0.257789	0.244866	0.239065	0.243186	0.243873	0.178018	0.180343	0.157864	0.222773	0.237874	0.19236	0.228471	0.236825	0.202322	0.140326	0.144085	0.179793	0.201406	0.190836	0.186374	0.244004	0.241121	0.214569	0.247663	0.235916	0.179427	0.154748	0.141858	0.146729	0.171093	0.15785	0.166202	0.143002	0.142033	0.134547	0.145291	0.178507	0.172153	0.173971	0.20837	0.184743	0.204033	0.199473	0.201987	0.298108	0.15488	0.180117	0.189146	0.161099	0.173887	0.15263	0.150618	0.150621	0.17688	0.189375	0.165436	0.171567	0.157339	0.179491	0.169862	0.174962	0.229147	0.234927	0.225623	0.234692	0.199188	0.205353	0.232419	0.19592	0.182031	0.194653	0.189831	0.198366	0.160659	0.156818	0.144451	0.157634	0.157685	0.226509	0.219248	0.22122	0.213582	0.211137
Phalacrocorax_brasilianus	0.131393	0.137508	0.143257	0.173399	0.178866	0.16151	0.16316	0.20647	0.177317	0.257187	0.242184	0.126721	0.0960949	0.110558	0.103906	0.0998585	0.101876	0.103983	0.124563	0.119395	0.111176	0.117743	0.109487	0.141295	0.113066	0.117536	0.102749	0.113183	0.118017	0.0976165	0.0678758	0.0637628	0.0658079	0.0160885	0.0140746	0.0100747	0.00401782	0	0.146079	0.161092	0.139596	0.149732	0.149759	0.153765	0.145623	0.251547	0.266827	0.271654	0.27365	0.268821	0.279874	0.281593	0.304459	0.284122	0.217698	0.228147	0.319604	0.374613	0.258936	0.197666	0.204077	0.221758	0.247778	0.218123	0.190592	0.226861	0.157017	0.15762	0.156566	0.206903	0.204886	0.208913	0.233299	0.220014	0.221841	0.215386	0.212355	0.218976	0.232612	0.219664	0.214234	0.210266	0.184368	0.231903	0.219036	0.211649	0.242581	0.227168	0.246006	0.211792	0.2051	0.222568	0.167663	0.175795	0.211521	0.181947	0.192467	0.229596	0.190271	0.189915	0.202807	0.198427	0.204473	0.205527	0.244678	0.221335	0.239935	0.225121	0.243798	0.242377	0.244286	0.23096	0.224542	0.229044	0.249904	0.235388	0.239335	0.245963	0.245432	0.256919	0.236966	0.236842	0.232846	0.232846	0.254113	0.224879	0.242896	0.245366	0.232434	0.24285	0.243971	0.220448	0.24164	0.234168	0.249169	0.230171	0.251001	0.251326	0.226841	0.223525	0.241439	0.249361	0.234618	0.227115	0.248798	0.245609	0.251957	0.232544	0.256272	0.243923	0.265211	0.241139	0.25129	0.242978	0.253225	0.266007	0.246593	0.252698	0.265584	0.263013	0.266745	0.248033	0.254188	0.265536	0.25213	0.241857	0.254386	0.258484	0.242106	0.252877	0.258606	0.26339	0.2819	0.270116	0.263599	0.267604	0.269532	0.24272	0.240094	0.274744	0.269709	0.258729	0.258728	0.294091	0.291198	0.24275	0.258193	0.246778	0.270413	0.265864	0.274477	0.250715	0.258789	0.255305	0.260374	0.262977	0.264623	0.275383	0.262571	0.258199	0.266982	0.253966	0.294838	0.285938	0.2803	0.281479	0.281308	0.283636	0.272635	0.258324	0.260416	0.266893	0.274783	0.273283	0.279689	0.258102	0.257847	0.261911	0.265958	0.266467	0.26844	0.268278	0.266234	0.26827	0.238429	0.255704	0.236616	0.265084	0.275675	0.283784	0.275405	0.2672	0.276502	0.273093	0.257422	0.290683	0.271807	0.283962	0.286392	0.281335	0.258284	0.260428	0.259109	0.257788	0.244865	0.239064	0.243185	0.243872	0.178017	0.180342	0.157863	0.222772	0.237873	0.19236	0.22847	0.236824	0.202321	0.140325	0.144084	0.179792	0.201405	0.190835	0.186373	0.244003	0.24112	0.214568	0.247663	0.235915	0.179426	0.154748	0.141857	0.146728	0.171092	0.157849	0.166201	0.143001	0.142032	0.134546	0.14529	0.178506	0.172152	0.17397	0.208369	0.184742	0.204032	0.199472	0.201986	0.298107	0.154879	0.180116	0.189146	0.161098	0.173886	0.152629	0.150617	0.15062	0.176879	0.189374	0.165435	0.171566	0.157338	0.17949	0.169862	0.174961	0.229146	0.234926	0.225622	0.234691	0.199187	0.205352	0.232418	0.195919	0.18203	0.194652	0.18983	0.198365	0.160658	0.156817	0.14445	0.157633	0.157684	0.226508	0.219247	0.221219	0.213581	0.211137
Sagittarius_serpentarius	0.151238	0.157353	0.163101	0.193244	0.198711	0.181355	0.183004	0.226314	0.197162	0.277032	0.262029	0.166875	0.136254	0.150717	0.144065	0.140017	0.142035	0.144142	0.164722	0.159554	0.151334	0.161989	0.153733	0.185541	0.157312	0.161782	0.146995	0.181167	0.186001	0.1656	0.16566	0.172882	0.174927	0.14608	0.144067	0.148133	0.14608	0.146079	0	0.106834	0.0853374	0.0954737	0.0955009	0.099507	0.0913647	0.229633	0.244914	0.24974	0.251737	0.246907	0.25796	0.259679	0.282546	0.262208	0.195789	0.206238	0.297695	0.352704	0.237027	0.175757	0.182168	0.199849	0.225869	0.196214	0.168683	0.204952	0.152308	0.152911	0.151857	0.202194	0.200177	0.204204	0.22859	0.215305	0.217132	0.210677	0.207646	0.214267	0.227903	0.214955	0.209525	0.205557	0.17966	0.227194	0.214327	0.20694	0.237872	0.222459	0.241297	0.207083	0.200391	0.217859	0.162954	0.171086	0.206812	0.177239	0.187758	0.224887	0.185562	0.185206	0.198098	0.193718	0.199764	0.200818	0.239969	0.216626	0.235226	0.220412	0.239089	0.237668	0.239577	0.226251	0.219833	0.224335	0.245195	0.230679	0.234626	0.241254	0.240723	0.25221	0.232257	0.232133	0.228137	0.228137	0.249404	0.22017	0.238187	0.240657	0.227725	0.238141	0.239262	0.215739	0.236931	0.229459	0.24446	0.225462	0.246292	0.246617	0.222132	0.218816	0.23673	0.244652	0.229909	0.222406	0.244089	0.2409	0.247248	0.227835	0.251563	0.239214	0.260502	0.23643	0.246581	0.238269	0.248516	0.261298	0.241884	0.247989	0.260875	0.258304	0.262036	0.243324	0.249479	0.260827	0.247421	0.237148	0.249677	0.253775	0.237397	0.248168	0.253897	0.258681	0.277191	0.265407	0.25889	0.262895	0.264823	0.238011	0.235385	0.270035	0.265	0.25402	0.254019	0.289382	0.286489	0.238041	0.253484	0.242069	0.265704	0.261155	0.269768	0.246006	0.25408	0.250596	0.255665	0.258268	0.259914	0.270674	0.257862	0.25349	0.262273	0.249257	0.290129	0.281229	0.275591	0.27677	0.276599	0.278927	0.267926	0.253615	0.255707	0.262184	0.270074	0.268574	0.27498	0.253393	0.253138	0.257202	0.261249	0.261758	0.263731	0.263569	0.261525	0.263561	0.23372	0.250995	0.231907	0.260375	0.270966	0.279075	0.270696	0.262491	0.271793	0.268384	0.252713	0.285974	0.267098	0.279253	0.281683	0.276626	0.253575	0.255719	0.2544	0.253079	0.240156	0.234355	0.238476	0.239163	0.197862	0.200187	0.177707	0.242616	0.257718	0.212204	0.248315	0.256668	0.222166	0.16017	0.163929	0.199637	0.221249	0.210679	0.206218	0.263847	0.260965	0.234412	0.267507	0.255759	0.199271	0.174592	0.161701	0.166572	0.190936	0.177694	0.186046	0.162845	0.161877	0.154391	0.165135	0.19835	0.191996	0.193814	0.228213	0.204587	0.223876	0.219316	0.221831	0.317952	0.174723	0.199961	0.20899	0.180943	0.193731	0.172474	0.170462	0.170465	0.196723	0.209218	0.18528	0.191411	0.177183	0.199335	0.189706	0.194805	0.24899	0.25477	0.245467	0.254536	0.219031	0.225197	0.252262	0.215763	0.201875	0.214496	0.209675	0.21821	0.180503	0.176661	0.164295	0.177478	0.177528	0.246353	0.239092	0.241063	0.233426	0.230981
Pandion_haliaetus	0.166251	0.172366	0.178114	0.208257	0.213724	0.196368	0.198017	0.241327	0.212175	0.292045	0.277042	0.181888	0.151267	0.16573	0.159078	0.155031	0.157048	0.159155	0.179735	0.174567	0.166348	0.177002	0.168746	0.200554	0.172325	0.176795	0.162008	0.19618	0.201014	0.180613	0.180673	0.187895	0.18994	0.161093	0.15908	0.163146	0.161093	0.161092	0.106834	0	0.0800504	0.0901866	0.0902139	0.0942199	0.0860776	0.244647	0.259927	0.264753	0.26675	0.26192	0.272973	0.274692	0.297559	0.277221	0.210802	0.221251	0.312708	0.367717	0.25204	0.19077	0.197181	0.214862	0.240882	0.211227	0.183696	0.219965	0.167322	0.167924	0.16687	0.217207	0.21519	0.219217	0.243603	0.230318	0.232145	0.22569	0.222659	0.229281	0.242916	0.229968	0.224538	0.22057	0.194673	0.242207	0.22934	0.221953	0.252885	0.237472	0.25631	0.222096	0.215404	0.232872	0.177967	0.186099	0.221825	0.192252	0.202771	0.2399	0.200575	0.200219	0.213111	0.208731	0.214777	0.215831	0.254982	0.231639	0.250239	0.235425	0.254102	0.252681	0.25459	0.241264	0.234846	0.239348	0.260208	0.245692	0.249639	0.256267	0.255736	0.267223	0.24727	0.247146	0.24315	0.24315	0.264417	0.235183	0.2532	0.25567	0.242738	0.253154	0.254275	0.230752	0.251944	0.244472	0.259474	0.240475	0.261305	0.26163	0.237145	0.233829	0.251743	0.259665	0.244922	0.237419	0.259103	0.255913	0.262261	0.242848	0.266576	0.254227	0.275515	0.251443	0.261594	0.253282	0.263529	0.276311	0.256897	0.263002	0.275888	0.273317	0.277049	0.258337	0.264492	0.27584	0.262434	0.252161	0.26469	0.268788	0.25241	0.263181	0.26891	0.273694	0.292205	0.28042	0.273904	0.277908	0.279836	0.253025	0.250398	0.285048	0.280013	0.269033	0.269032	0.304395	0.301502	0.253054	0.268497	0.257082	0.280717	0.276168	0.284781	0.261019	0.269093	0.265609	0.270678	0.273281	0.274927	0.285687	0.272875	0.268503	0.277286	0.26427	0.305142	0.296242	0.290604	0.291783	0.291612	0.29394	0.282939	0.268628	0.27072	0.277197	0.285087	0.283587	0.289993	0.268406	0.268151	0.272215	0.276262	0.276771	0.278744	0.278582	0.276538	0.278574	0.248733	0.266008	0.24692	0.275388	0.285979	0.294088	0.285709	0.277504	0.286806	0.283397	0.267726	0.300987	0.282111	0.294267	0.296696	0.291639	0.268589	0.270732	0.269414	0.268092	0.255169	0.249368	0.253489	0.254176	0.212875	0.2152	0.19272	0.257629	0.272731	0.227217	0.263328	0.271681	0.237179	0.175183	0.178942	0.21465	0.236262	0.225693	0.221231	0.27886	0.275978	0.249425	0.28252	0.270772	0.214284	0.189605	0.176714	0.181585	0.205949	0.192707	0.201059	0.177858	0.17689	0.169404	0.180148	0.213364	0.20701	0.208827	0.243226	0.2196	0.23889	0.234329	0.236844	0.332965	0.189736	0.214974	0.224003	0.195956	0.208744	0.187487	0.185475	0.185478	0.211736	0.224231	0.200293	0.206424	0.192196	0.214348	0.204719	0.209818	0.264003	0.269783	0.26048	0.269549	0.234044	0.24021	0.267276	0.230776	0.216888	0.22951	0.224688	0.233223	0.195516	0.191674	0.179308	0.192491	0.192541	0.261366	0.254105	0.256076	0.248439	0.245994
Circaetus_pectoralis	0.144755	0.150869	0.156618	0.18676	0.192227	0.174871	0.176521	0.219831	0.190679	0.270548	0.255545	0.160392	0.129771	0.144234	0.137582	0.133534	0.135552	0.137658	0.158238	0.15307	0.144851	0.155506	0.14725	0.179057	0.150829	0.155299	0.140512	0.174684	0.179518	0.159117	0.159177	0.166399	0.168444	0.139597	0.137583	0.14165	0.139597	0.139596	0.0853374	0.0800504	0	0.0385488	0.038576	0.042582	0.0344397	0.22315	0.23843	0.243257	0.245254	0.240424	0.251477	0.253196	0.276062	0.255725	0.189306	0.199755	0.291212	0.34622	0.230544	0.169274	0.175685	0.193366	0.219386	0.189731	0.1622	0.198468	0.145825	0.146428	0.145374	0.19571	0.193694	0.197721	0.222107	0.208821	0.210649	0.204194	0.201163	0.207784	0.22142	0.208472	0.203042	0.199074	0.173176	0.220711	0.207844	0.200456	0.231388	0.215976	0.234814	0.2006	0.193907	0.211375	0.156471	0.164603	0.200329	0.170755	0.181275	0.218404	0.179078	0.178723	0.191615	0.187235	0.19328	0.194334	0.233485	0.210142	0.228743	0.213929	0.232606	0.231184	0.233094	0.219767	0.21335	0.217851	0.238712	0.224195	0.228143	0.23477	0.23424	0.245727	0.225773	0.22565	0.221654	0.221654	0.24292	0.213687	0.231703	0.234174	0.221242	0.231658	0.232779	0.209255	0.230447	0.222975	0.237977	0.218979	0.239809	0.240134	0.215649	0.212333	0.230246	0.238168	0.223425	0.215923	0.237606	0.234417	0.240765	0.221351	0.24508	0.232731	0.254018	0.229947	0.240097	0.231786	0.242033	0.254815	0.235401	0.241506	0.254392	0.25182	0.255553	0.23684	0.242996	0.254344	0.240937	0.230665	0.243194	0.247291	0.230913	0.241685	0.247414	0.252197	0.270708	0.258924	0.252407	0.256412	0.25834	0.231528	0.228902	0.263552	0.258517	0.247536	0.247536	0.282899	0.280005	0.231558	0.247001	0.235585	0.259221	0.254671	0.263284	0.239522	0.247597	0.244113	0.249182	0.251785	0.25343	0.264191	0.251378	0.247007	0.255789	0.242773	0.283645	0.274745	0.269108	0.270287	0.270115	0.272444	0.261442	0.247131	0.249223	0.255701	0.263591	0.26209	0.268497	0.24691	0.246655	0.250719	0.254766	0.255275	0.257248	0.257086	0.255042	0.257078	0.227236	0.244512	0.225424	0.253892	0.264483	0.272591	0.264212	0.256008	0.26531	0.261901	0.246229	0.27949	0.260614	0.27277	0.2752	0.270143	0.247092	0.249236	0.247917	0.246596	0.233673	0.227872	0.231993	0.23268	0.191379	0.193703	0.171224	0.236133	0.251235	0.205721	0.241832	0.250185	0.215682	0.153686	0.157446	0.193153	0.214766	0.204196	0.199735	0.257364	0.254481	0.227929	0.261024	0.249276	0.192788	0.168109	0.155218	0.160089	0.184453	0.17121	0.179562	0.156362	0.155393	0.147908	0.158652	0.191867	0.185513	0.187331	0.22173	0.198104	0.217393	0.212833	0.215348	0.311468	0.16824	0.193477	0.202507	0.174459	0.187247	0.165991	0.163978	0.163982	0.19024	0.202735	0.178796	0.184927	0.170699	0.192852	0.183223	0.188322	0.242507	0.248287	0.238984	0.248052	0.212548	0.218713	0.245779	0.20928	0.195391	0.208013	0.203191	0.211727	0.17402	0.170178	0.157812	0.170994	0.171045	0.23987	0.232609	0.23458	0.226943	0.224498
Haliaeetus_albicilla	0.154891	0.161006	0.166754	0.196896	0.202363	0.185008	0.186657	0.229967	0.200815	0.280685	0.265682	0.170528	0.139907	0.15437	0.147718	0.14367	0.145688	0.147795	0.168375	0.163207	0.154987	0.165642	0.157386	0.189193	0.160965	0.165435	0.150648	0.18482	0.189654	0.169253	0.169313	0.176535	0.17858	0.149733	0.147719	0.151786	0.149733	0.149732	0.0954737	0.0901866	0.0385488	0	0.00801095	0.0363209	0.0281786	0.233286	0.248567	0.253393	0.25539	0.25056	0.261613	0.263332	0.286199	0.265861	0.199442	0.209891	0.301348	0.356357	0.24068	0.17941	0.185821	0.203502	0.229522	0.199867	0.172336	0.208605	0.155961	0.156564	0.15551	0.205847	0.20383	0.207857	0.232243	0.218957	0.220785	0.21433	0.211299	0.21792	0.231556	0.218608	0.213178	0.20921	0.183312	0.230847	0.21798	0.210593	0.241525	0.226112	0.24495	0.210736	0.204043	0.221511	0.166607	0.174739	0.210465	0.180891	0.191411	0.22854	0.189215	0.188859	0.201751	0.197371	0.203417	0.20447	0.243622	0.220279	0.238879	0.224065	0.242742	0.241321	0.24323	0.229904	0.223486	0.227988	0.248848	0.234331	0.238279	0.244907	0.244376	0.255863	0.23591	0.235786	0.23179	0.23179	0.253057	0.223823	0.24184	0.24431	0.231378	0.241794	0.242915	0.219392	0.240584	0.233112	0.248113	0.229115	0.249945	0.25027	0.225785	0.222469	0.240383	0.248305	0.233562	0.226059	0.247742	0.244553	0.250901	0.231488	0.255216	0.242867	0.264155	0.240083	0.250234	0.241922	0.252169	0.264951	0.245537	0.251642	0.264528	0.261957	0.265689	0.246977	0.253132	0.26448	0.251074	0.240801	0.25333	0.257427	0.241049	0.251821	0.25755	0.262333	0.280844	0.26906	0.262543	0.266548	0.268476	0.241664	0.239038	0.273688	0.268653	0.257672	0.257672	0.293035	0.290141	0.241694	0.257137	0.245722	0.269357	0.264808	0.273421	0.249659	0.257733	0.254249	0.259318	0.261921	0.263567	0.274327	0.261515	0.257143	0.265926	0.25291	0.293782	0.284882	0.279244	0.280423	0.280252	0.28258	0.271579	0.257267	0.259359	0.265837	0.273727	0.272227	0.278633	0.257046	0.256791	0.260855	0.264902	0.265411	0.267384	0.267222	0.265178	0.267214	0.237373	0.254648	0.23556	0.264028	0.274619	0.282727	0.274349	0.266144	0.275446	0.272037	0.256366	0.289627	0.270751	0.282906	0.285336	0.280279	0.257228	0.259372	0.258053	0.256732	0.243809	0.238008	0.242129	0.242816	0.201515	0.20384	0.18136	0.246269	0.261371	0.215857	0.251968	0.260321	0.225819	0.163823	0.167582	0.203289	0.224902	0.214332	0.209871	0.2675	0.264618	0.238065	0.27116	0.259412	0.202924	0.178245	0.165354	0.170225	0.194589	0.181347	0.189699	0.166498	0.16553	0.158044	0.168788	0.202003	0.195649	0.197467	0.231866	0.20824	0.227529	0.222969	0.225484	0.321605	0.178376	0.203614	0.212643	0.184596	0.197384	0.176127	0.174114	0.174118	0.200376	0.212871	0.188933	0.195064	0.180836	0.202988	0.193359	0.198458	0.252643	0.258423	0.24912	0.258189	0.222684	0.22885	0.255915	0.219416	0.205528	0.218149	0.213328	0.221863	0.184156	0.180314	0.167948	0.181131	0.181181	0.250006	0.242745	0.244716	0.237079	0.234634
Haliaeetus_leucocephalus	0.154918	0.161033	0.166781	0.196924	0.202391	0.185035	0.186684	0.229994	0.200842	0.280712	0.265709	0.170555	0.139934	0.154398	0.147745	0.143698	0.145715	0.147822	0.168402	0.163234	0.155015	0.165669	0.157413	0.189221	0.160992	0.165462	0.150675	0.184847	0.189681	0.169281	0.16934	0.176562	0.178607	0.149761	0.147747	0.151813	0.14976	0.149759	0.0955009	0.0902139	0.038576	0.00801095	0	0.0363481	0.0282058	0.233314	0.248594	0.25342	0.255417	0.250587	0.261641	0.263359	0.286226	0.265889	0.199469	0.209918	0.301375	0.356384	0.240707	0.179437	0.185848	0.20353	0.229549	0.199895	0.172363	0.208632	0.155989	0.156591	0.155537	0.205874	0.203857	0.207884	0.232271	0.218985	0.220813	0.214357	0.211327	0.217948	0.231583	0.218635	0.213205	0.209237	0.18334	0.230874	0.218008	0.21062	0.241552	0.22614	0.244977	0.210764	0.204071	0.221539	0.166635	0.174767	0.210492	0.180919	0.191438	0.228567	0.189242	0.188886	0.201778	0.197398	0.203444	0.204498	0.243649	0.220306	0.238906	0.224092	0.242769	0.241348	0.243258	0.229931	0.223513	0.228015	0.248875	0.234359	0.238306	0.244934	0.244404	0.25589	0.235937	0.235813	0.231817	0.231817	0.253084	0.223851	0.241867	0.244337	0.231406	0.241821	0.242942	0.219419	0.240611	0.233139	0.248141	0.229142	0.249972	0.250297	0.225812	0.222496	0.24041	0.248332	0.233589	0.226086	0.24777	0.244581	0.250928	0.231515	0.255243	0.242895	0.264182	0.24011	0.250261	0.241949	0.252196	0.264979	0.245564	0.251669	0.264555	0.261984	0.265716	0.247004	0.253159	0.264507	0.251101	0.240828	0.253358	0.257455	0.241077	0.251848	0.257577	0.262361	0.280872	0.269087	0.262571	0.266575	0.268503	0.241692	0.239065	0.273715	0.26868	0.2577	0.2577	0.293062	0.290169	0.241721	0.257164	0.245749	0.269385	0.264835	0.273448	0.249686	0.25776	0.254276	0.259345	0.261949	0.263594	0.274354	0.261542	0.257171	0.265953	0.252937	0.293809	0.284909	0.279272	0.28045	0.280279	0.282607	0.271606	0.257295	0.259387	0.265864	0.273754	0.272254	0.27866	0.257073	0.256818	0.260883	0.264929	0.265438	0.267411	0.267249	0.265205	0.267241	0.2374	0.254675	0.235587	0.264055	0.274646	0.282755	0.274376	0.266171	0.275473	0.272064	0.256393	0.289654	0.270778	0.282934	0.285363	0.280306	0.257256	0.259399	0.258081	0.25676	0.243836	0.238035	0.242156	0.242844	0.201542	0.203867	0.181387	0.246297	0.261398	0.215884	0.251995	0.260348	0.225846	0.16385	0.167609	0.203317	0.22493	0.21436	0.209898	0.267527	0.264645	0.238093	0.271187	0.25944	0.202951	0.178272	0.165382	0.170253	0.194617	0.181374	0.189726	0.166525	0.165557	0.158071	0.168815	0.202031	0.195677	0.197495	0.231893	0.208267	0.227557	0.222996	0.225511	0.321632	0.178404	0.203641	0.21267	0.184623	0.197411	0.176154	0.174142	0.174145	0.200403	0.212898	0.18896	0.195091	0.180863	0.203015	0.193386	0.198486	0.25267	0.258451	0.249147	0.258216	0.222712	0.228877	0.255943	0.219443	0.205555	0.218177	0.213355	0.22189	0.184183	0.180341	0.167975	0.181158	0.181209	0.250033	0.242772	0.244744	0.237106	0.234661
Aquila_chrysaetos	0.158924	0.165039	0.170787	0.20093	0.206397	0.189041	0.19069	0.234	0.204848	0.284718	0.269715	0.174561	0.14394	0.158404	0.151751	0.147704	0.149721	0.151828	0.172408	0.16724	0.159021	0.169676	0.161419	0.193227	0.164998	0.169468	0.154681	0.188853	0.193687	0.173287	0.173346	0.180568	0.182613	0.153767	0.151753	0.155819	0.153766	0.153765	0.099507	0.0942199	0.042582	0.0363209	0.0363481	0	0.0160926	0.23732	0.2526	0.257426	0.259423	0.254593	0.265647	0.267365	0.290232	0.269895	0.203475	0.213924	0.305381	0.36039	0.244713	0.183443	0.189854	0.207536	0.233555	0.203901	0.176369	0.212638	0.159995	0.160597	0.159543	0.20988	0.207863	0.21189	0.236277	0.222991	0.224819	0.218363	0.215333	0.221954	0.235589	0.222641	0.217211	0.213243	0.187346	0.23488	0.222014	0.214626	0.245558	0.230146	0.248983	0.21477	0.208077	0.225545	0.170641	0.178773	0.214498	0.184925	0.195444	0.232573	0.193248	0.192892	0.205784	0.201404	0.20745	0.208504	0.247655	0.224312	0.242913	0.228098	0.246775	0.245354	0.247264	0.233937	0.227519	0.232021	0.252881	0.238365	0.242312	0.24894	0.24841	0.259896	0.239943	0.239819	0.235823	0.235823	0.25709	0.227857	0.245873	0.248343	0.235412	0.245827	0.246948	0.223425	0.244617	0.237145	0.252147	0.233148	0.253978	0.254303	0.229818	0.226502	0.244416	0.252338	0.237595	0.230092	0.251776	0.248587	0.254934	0.235521	0.259249	0.246901	0.268188	0.244116	0.254267	0.245955	0.256202	0.268985	0.24957	0.255675	0.268561	0.26599	0.269722	0.25101	0.257165	0.268513	0.255107	0.244834	0.257364	0.261461	0.245083	0.255854	0.261583	0.266367	0.284878	0.273093	0.266577	0.270581	0.272509	0.245698	0.243071	0.277721	0.272686	0.261706	0.261706	0.297068	0.294175	0.245727	0.26117	0.249755	0.273391	0.268841	0.277454	0.253692	0.261766	0.258282	0.263351	0.265955	0.2676	0.27836	0.265548	0.261177	0.269959	0.256943	0.297815	0.288915	0.283278	0.284456	0.284285	0.286613	0.275612	0.261301	0.263393	0.26987	0.27776	0.27626	0.282666	0.261079	0.260824	0.264889	0.268935	0.269444	0.271417	0.271255	0.269211	0.271247	0.241406	0.258681	0.239593	0.268061	0.278652	0.286761	0.278382	0.270177	0.279479	0.27607	0.260399	0.29366	0.274784	0.28694	0.289369	0.284312	0.261262	0.263405	0.262087	0.260766	0.247842	0.242041	0.246162	0.24685	0.205548	0.207873	0.185394	0.250303	0.265404	0.21989	0.256001	0.264355	0.229852	0.167856	0.171615	0.207323	0.228936	0.218366	0.213904	0.271533	0.268651	0.242099	0.275193	0.263446	0.206957	0.182278	0.169388	0.174259	0.198623	0.18538	0.193732	0.170531	0.169563	0.162077	0.172821	0.206037	0.199683	0.201501	0.235899	0.212273	0.231563	0.227002	0.229517	0.325638	0.18241	0.207647	0.216676	0.188629	0.201417	0.18016	0.178148	0.178151	0.204409	0.216904	0.192966	0.199097	0.184869	0.207021	0.197392	0.202492	0.256676	0.262457	0.253153	0.262222	0.226718	0.232883	0.259949	0.223449	0.209561	0.222183	0.217361	0.225896	0.188189	0.184347	0.171981	0.185164	0.185215	0.254039	0.246778	0.24875	0.241112	0.238667
Spizaetus_tyrannus	0.150782	0.156897	0.162645	0.192787	0.198254	0.180899	0.182548	0.225858	0.196706	0.276576	0.261572	0.166419	0.135798	0.150261	0.143609	0.139561	0.141579	0.143686	0.164266	0.159098	0.150878	0.161533	0.153277	0.185084	0.156856	0.161326	0.146539	0.180711	0.185545	0.165144	0.165204	0.172426	0.174471	0.145624	0.14361	0.147677	0.145624	0.145623	0.0913647	0.0860776	0.0344397	0.0281786	0.0282058	0.0160926	0	0.229177	0.244458	0.249284	0.251281	0.246451	0.257504	0.259223	0.28209	0.261752	0.195333	0.205782	0.297239	0.352248	0.236571	0.175301	0.181712	0.199393	0.225413	0.195758	0.168227	0.204496	0.151852	0.152455	0.151401	0.201738	0.199721	0.203748	0.228134	0.214848	0.216676	0.210221	0.20719	0.213811	0.227447	0.214499	0.209069	0.205101	0.179203	0.226738	0.213871	0.206484	0.237416	0.222003	0.240841	0.206627	0.199934	0.217402	0.162498	0.17063	0.206356	0.176782	0.187302	0.224431	0.185106	0.18475	0.197642	0.193262	0.199308	0.200361	0.239513	0.21617	0.23477	0.219956	0.238633	0.237212	0.239121	0.225795	0.219377	0.223878	0.244739	0.230222	0.23417	0.240798	0.240267	0.251754	0.231801	0.231677	0.227681	0.227681	0.248947	0.219714	0.23773	0.240201	0.227269	0.237685	0.238806	0.215283	0.236475	0.229003	0.244004	0.225006	0.245836	0.246161	0.221676	0.21836	0.236274	0.244196	0.229453	0.22195	0.243633	0.240444	0.246792	0.227379	0.251107	0.238758	0.260046	0.235974	0.246124	0.237813	0.24806	0.260842	0.241428	0.247533	0.260419	0.257848	0.26158	0.242868	0.249023	0.260371	0.246965	0.236692	0.249221	0.253318	0.23694	0.247712	0.253441	0.258224	0.276735	0.264951	0.258434	0.262439	0.264367	0.237555	0.234929	0.269579	0.264544	0.253563	0.253563	0.288926	0.286032	0.237585	0.253028	0.241613	0.265248	0.260699	0.269312	0.24555	0.253624	0.25014	0.255209	0.257812	0.259458	0.270218	0.257406	0.253034	0.261817	0.248801	0.289673	0.280773	0.275135	0.276314	0.276142	0.278471	0.26747	0.253158	0.25525	0.261728	0.269618	0.268118	0.274524	0.252937	0.252682	0.256746	0.260793	0.261302	0.263275	0.263113	0.261069	0.263105	0.233264	0.250539	0.231451	0.259919	0.27051	0.278618	0.27024	0.262035	0.271337	0.267928	0.252257	0.285517	0.266642	0.278797	0.281227	0.27617	0.253119	0.255263	0.253944	0.252623	0.2397	0.233899	0.23802	0.238707	0.197406	0.199731	0.177251	0.24216	0.257262	0.211748	0.247859	0.256212	0.22171	0.159714	0.163473	0.19918	0.220793	0.210223	0.205762	0.263391	0.260509	0.233956	0.267051	0.255303	0.198815	0.174136	0.161245	0.166116	0.19048	0.177238	0.18559	0.162389	0.161421	0.153935	0.164679	0.197894	0.19154	0.193358	0.227757	0.204131	0.22342	0.21886	0.221375	0.317496	0.174267	0.199505	0.208534	0.180487	0.193275	0.172018	0.170005	0.170009	0.196267	0.208762	0.184823	0.190955	0.176727	0.198879	0.18925	0.194349	0.248534	0.254314	0.245011	0.25408	0.218575	0.224741	0.251806	0.215307	0.201419	0.21404	0.209219	0.217754	0.180047	0.176205	0.163839	0.177022	0.177072	0.245897	0.238636	0.240607	0.23297	0.230525
Bucco_capensis	0.256706	0.262821	0.268569	0.298711	0.304178	0.286823	0.288472	0.331782	0.30263	0.382499	0.367496	0.272343	0.241722	0.256185	0.249533	0.245485	0.247503	0.24961	0.27019	0.265022	0.256802	0.267457	0.259201	0.291008	0.26278	0.26725	0.252463	0.286635	0.291469	0.271068	0.271128	0.27835	0.280395	0.251548	0.249534	0.253601	0.251548	0.251547	0.229633	0.244647	0.22315	0.233286	0.233314	0.23732	0.229177	0	0.239421	0.313195	0.315192	0.310362	0.321415	0.323134	0.346001	0.325663	0.301257	0.311706	0.403163	0.458171	0.342495	0.281225	0.287636	0.305317	0.331337	0.301682	0.274151	0.31042	0.257776	0.258379	0.257325	0.307662	0.305645	0.309672	0.334058	0.320772	0.3226	0.316145	0.313114	0.319735	0.333371	0.320423	0.314993	0.311025	0.285127	0.332662	0.319795	0.312408	0.343339	0.327927	0.346765	0.312551	0.305858	0.323326	0.268422	0.276554	0.31228	0.282706	0.293226	0.330355	0.29103	0.290674	0.303566	0.299186	0.305232	0.306285	0.345436	0.322094	0.340694	0.32588	0.344557	0.343135	0.345045	0.331719	0.325301	0.329802	0.350663	0.336146	0.340094	0.346722	0.346191	0.357678	0.337725	0.337601	0.333605	0.333605	0.354871	0.325638	0.343654	0.346125	0.333193	0.343609	0.34473	0.321207	0.342399	0.334926	0.349928	0.33093	0.35176	0.352085	0.3276	0.324284	0.342197	0.35012	0.335376	0.327874	0.349557	0.346368	0.352716	0.333303	0.357031	0.344682	0.365969	0.341898	0.352048	0.343737	0.353984	0.366766	0.347352	0.353457	0.366343	0.363771	0.367504	0.348792	0.354947	0.366295	0.352889	0.342616	0.355145	0.359242	0.342864	0.353636	0.359365	0.364148	0.382659	0.370875	0.364358	0.368363	0.370291	0.343479	0.340853	0.375503	0.370468	0.359487	0.359487	0.39485	0.391956	0.343509	0.358952	0.347537	0.371172	0.366622	0.375236	0.351473	0.359548	0.356064	0.361133	0.363736	0.365381	0.376142	0.36333	0.358958	0.367741	0.354725	0.395597	0.386697	0.381059	0.382238	0.382066	0.384395	0.373393	0.359082	0.361174	0.367652	0.375542	0.374041	0.380448	0.358861	0.358606	0.36267	0.366717	0.367226	0.369199	0.369037	0.366993	0.369029	0.339188	0.356463	0.337375	0.365843	0.376434	0.384542	0.376164	0.367959	0.377261	0.373852	0.35818	0.391441	0.372566	0.384721	0.387151	0.382094	0.359043	0.361187	0.359868	0.358547	0.345624	0.339823	0.343944	0.344631	0.30333	0.305655	0.283175	0.348084	0.363186	0.317672	0.353783	0.362136	0.327633	0.265638	0.269397	0.305104	0.326717	0.316147	0.311686	0.369315	0.366432	0.33988	0.372975	0.361227	0.304739	0.28006	0.267169	0.27204	0.296404	0.283162	0.291513	0.268313	0.267345	0.259859	0.270603	0.303818	0.297464	0.299282	0.333681	0.310055	0.329344	0.324784	0.327299	0.42342	0.280191	0.305429	0.314458	0.286411	0.299198	0.277942	0.275929	0.275933	0.302191	0.314686	0.290747	0.296879	0.28265	0.304803	0.295174	0.300273	0.354458	0.360238	0.350935	0.360004	0.324499	0.330664	0.35773	0.321231	0.307343	0.319964	0.315143	0.323678	0.285971	0.282129	0.269763	0.282945	0.282996	0.351821	0.34456	0.346531	0.338894	0.336449
Galbula_dea	0.271986	0.278101	0.283849	0.313992	0.319459	0.302103	0.303752	0.347062	0.31791	0.39778	0.382777	0.287623	0.257002	0.271465	0.264813	0.260766	0.262783	0.26489	0.28547	0.280302	0.272083	0.282737	0.274481	0.306289	0.27806	0.28253	0.267743	0.301915	0.306749	0.286348	0.286408	0.29363	0.295675	0.266828	0.264815	0.268881	0.266828	0.266827	0.244914	0.259927	0.23843	0.248567	0.248594	0.2526	0.244458	0.239421	0	0.328475	0.330472	0.325643	0.336696	0.338414	0.361281	0.340944	0.316537	0.326986	0.418443	0.473452	0.357775	0.296505	0.302916	0.320597	0.346617	0.316963	0.289431	0.3257	0.273057	0.273659	0.272605	0.322942	0.320925	0.324952	0.349338	0.336053	0.33788	0.331425	0.328394	0.335016	0.348651	0.335703	0.330273	0.326305	0.300408	0.347942	0.335075	0.327688	0.35862	0.343207	0.362045	0.327831	0.321139	0.338607	0.283702	0.291834	0.32756	0.297987	0.308506	0.345635	0.30631	0.305954	0.318846	0.314466	0.320512	0.321566	0.360717	0.337374	0.355974	0.34116	0.359837	0.358416	0.360325	0.346999	0.340581	0.345083	0.365943	0.351427	0.355374	0.362002	0.361471	0.372958	0.353005	0.352881	0.348885	0.348885	0.370152	0.340918	0.358935	0.361405	0.348474	0.358889	0.36001	0.336487	0.357679	0.350207	0.365209	0.34621	0.36704	0.367365	0.34288	0.339564	0.357478	0.3654	0.350657	0.343154	0.364838	0.361649	0.367996	0.348583	0.372311	0.359962	0.38125	0.357178	0.367329	0.359017	0.369264	0.382046	0.362632	0.368737	0.381623	0.379052	0.382784	0.364072	0.370227	0.381575	0.368169	0.357896	0.370425	0.374523	0.358145	0.368916	0.374645	0.379429	0.39794	0.386155	0.379639	0.383643	0.385571	0.35876	0.356133	0.390783	0.385748	0.374768	0.374767	0.41013	0.407237	0.358789	0.374232	0.362817	0.386452	0.381903	0.390516	0.366754	0.374828	0.371344	0.376413	0.379016	0.380662	0.391422	0.37861	0.374238	0.383021	0.370005	0.410877	0.401977	0.396339	0.397518	0.397347	0.399675	0.388674	0.374363	0.376455	0.382932	0.390822	0.389322	0.395728	0.374141	0.373886	0.37795	0.381997	0.382506	0.384479	0.384317	0.382273	0.384309	0.354468	0.371743	0.352655	0.381123	0.391714	0.399823	0.391444	0.383239	0.392541	0.389132	0.373461	0.406722	0.387846	0.400002	0.402431	0.397374	0.374324	0.376467	0.375149	0.373827	0.360904	0.355103	0.359224	0.359911	0.31861	0.320935	0.298455	0.363364	0.378466	0.332952	0.369063	0.377416	0.342914	0.280918	0.284677	0.320385	0.341998	0.331428	0.326966	0.384595	0.381713	0.35516	0.388255	0.376507	0.320019	0.29534	0.282449	0.28732	0.311684	0.298442	0.306794	0.283593	0.282625	0.275139	0.285883	0.319099	0.312745	0.314562	0.348961	0.325335	0.344625	0.340064	0.342579	0.4387	0.295471	0.320709	0.329738	0.301691	0.314479	0.293222	0.29121	0.291213	0.317471	0.329966	0.306028	0.312159	0.297931	0.320083	0.310454	0.315553	0.369738	0.375518	0.366215	0.375284	0.339779	0.345945	0.373011	0.336511	0.322623	0.335245	0.330423	0.338958	0.301251	0.297409	0.285043	0.298226	0.298276	0.367101	0.35984	0.361812	0.354174	0.351729
Picoides_pubescens	0.276812	0.282927	0.288676	0.318818	0.324285	0.306929	0.308579	0.351888	0.322736	0.402606	0.387603	0.29245	0.261828	0.276292	0.26964	0.265592	0.267609	0.269716	0.290296	0.285128	0.276909	0.287564	0.279307	0.311115	0.282886	0.287356	0.272569	0.306741	0.311575	0.291175	0.291234	0.298456	0.300501	0.271655	0.269641	0.273707	0.271654	0.271654	0.24974	0.264753	0.243257	0.253393	0.25342	0.257426	0.249284	0.313195	0.328475	0	0.123133	0.166074	0.177127	0.178846	0.201713	0.181376	0.321363	0.331812	0.42327	0.478278	0.362601	0.301331	0.307742	0.325424	0.351443	0.321789	0.294257	0.330526	0.277883	0.278485	0.277431	0.327768	0.325752	0.329778	0.354165	0.340879	0.342707	0.336251	0.333221	0.339842	0.353477	0.34053	0.335099	0.331131	0.305234	0.352768	0.339902	0.332514	0.363446	0.348034	0.366871	0.332658	0.325965	0.343433	0.288529	0.296661	0.332386	0.302813	0.313332	0.350461	0.311136	0.31078	0.323672	0.319292	0.325338	0.326392	0.365543	0.3422	0.360801	0.345986	0.364663	0.363242	0.365152	0.351825	0.345407	0.349909	0.37077	0.356253	0.3602	0.366828	0.366298	0.377784	0.357831	0.357707	0.353711	0.353711	0.374978	0.345745	0.363761	0.366231	0.3533	0.363715	0.364837	0.341313	0.362505	0.355033	0.370035	0.351036	0.371866	0.372191	0.347706	0.34439	0.362304	0.370226	0.355483	0.34798	0.369664	0.366475	0.372822	0.353409	0.377137	0.364789	0.386076	0.362004	0.372155	0.363843	0.37409	0.386873	0.367458	0.373564	0.386449	0.383878	0.38761	0.368898	0.375053	0.386401	0.372995	0.362722	0.375252	0.379349	0.362971	0.373742	0.379471	0.384255	0.402766	0.390981	0.384465	0.388469	0.390397	0.363586	0.360959	0.395609	0.390574	0.379594	0.379594	0.414956	0.412063	0.363616	0.379059	0.367643	0.391279	0.386729	0.395342	0.37158	0.379654	0.37617	0.381239	0.383843	0.385488	0.396248	0.383436	0.379065	0.387847	0.374831	0.415703	0.406803	0.401166	0.402344	0.402173	0.404501	0.3935	0.379189	0.381281	0.387758	0.395648	0.394148	0.400554	0.378967	0.378712	0.382777	0.386824	0.387332	0.389305	0.389143	0.387099	0.389135	0.359294	0.376569	0.357481	0.385949	0.39654	0.404649	0.39627	0.388065	0.397367	0.393958	0.378287	0.411548	0.392672	0.404828	0.407257	0.4022	0.37915	0.381293	0.379975	0.378654	0.36573	0.359929	0.36405	0.364738	0.323436	0.325761	0.303282	0.368191	0.383292	0.337778	0.373889	0.382243	0.34774	0.285744	0.289503	0.325211	0.346824	0.336254	0.331792	0.389422	0.386539	0.359987	0.393081	0.381334	0.324845	0.300166	0.287276	0.292147	0.316511	0.303268	0.31162	0.288419	0.287451	0.279965	0.290709	0.323925	0.317571	0.319389	0.353788	0.330161	0.349451	0.344891	0.347405	0.443526	0.300298	0.325535	0.334564	0.306517	0.319305	0.298048	0.296036	0.296039	0.322298	0.334793	0.310854	0.316985	0.302757	0.324909	0.31528	0.32038	0.374565	0.380345	0.371041	0.38011	0.344606	0.350771	0.377837	0.341337	0.327449	0.340071	0.335249	0.343784	0.306077	0.302236	0.289869	0.303052	0.303103	0.371927	0.364666	0.366638	0.359	0.356555
Indicator_maculatus	0.278809	0.284924	0.290672	0.320815	0.326282	0.308926	0.310575	0.353885	0.324733	0.404603	0.3896	0.294446	0.263825	0.278288	0.271636	0.267589	0.269606	0.271713	0.292293	0.287125	0.278906	0.28956	0.281304	0.313112	0.284883	0.289353	0.274566	0.308738	0.313572	0.293171	0.293231	0.300453	0.302498	0.273652	0.271638	0.275704	0.273651	0.27365	0.251737	0.26675	0.245254	0.25539	0.255417	0.259423	0.251281	0.315192	0.330472	0.123133	0	0.168071	0.179124	0.180843	0.20371	0.183372	0.32336	0.333809	0.425266	0.480275	0.364598	0.303328	0.309739	0.327421	0.35344	0.323786	0.296254	0.332523	0.27988	0.280482	0.279428	0.329765	0.327748	0.331775	0.356162	0.342876	0.344703	0.338248	0.335218	0.341839	0.355474	0.342526	0.337096	0.333128	0.307231	0.354765	0.341899	0.334511	0.365443	0.35003	0.368868	0.334655	0.327962	0.34543	0.290526	0.298658	0.334383	0.30481	0.315329	0.352458	0.313133	0.312777	0.325669	0.321289	0.327335	0.328389	0.36754	0.344197	0.362797	0.347983	0.36666	0.365239	0.367149	0.353822	0.347404	0.351906	0.372766	0.35825	0.362197	0.368825	0.368295	0.379781	0.359828	0.359704	0.355708	0.355708	0.376975	0.347742	0.365758	0.368228	0.355297	0.365712	0.366833	0.34331	0.364502	0.35703	0.372032	0.353033	0.373863	0.374188	0.349703	0.346387	0.364301	0.372223	0.35748	0.349977	0.371661	0.368472	0.374819	0.355406	0.379134	0.366786	0.388073	0.364001	0.374152	0.36584	0.376087	0.38887	0.369455	0.37556	0.388446	0.385875	0.389607	0.370895	0.37705	0.388398	0.374992	0.364719	0.377248	0.381346	0.364968	0.375739	0.381468	0.386252	0.404763	0.392978	0.386462	0.390466	0.392394	0.365583	0.362956	0.397606	0.392571	0.381591	0.381591	0.416953	0.41406	0.365612	0.381055	0.36964	0.393276	0.388726	0.397339	0.373577	0.381651	0.378167	0.383236	0.38584	0.387485	0.398245	0.385433	0.381062	0.389844	0.376828	0.4177	0.4088	0.403163	0.404341	0.40417	0.406498	0.395497	0.381186	0.383278	0.389755	0.397645	0.396145	0.402551	0.380964	0.380709	0.384773	0.38882	0.389329	0.391302	0.39114	0.389096	0.391132	0.361291	0.378566	0.359478	0.387946	0.398537	0.406646	0.398267	0.390062	0.399364	0.395955	0.380284	0.413545	0.394669	0.406825	0.409254	0.404197	0.381147	0.38329	0.381972	0.38065	0.367727	0.361926	0.366047	0.366734	0.325433	0.327758	0.305278	0.370188	0.385289	0.339775	0.375886	0.384239	0.349737	0.287741	0.2915	0.327208	0.348821	0.338251	0.333789	0.391418	0.388536	0.361984	0.395078	0.383331	0.326842	0.302163	0.289273	0.294144	0.318508	0.305265	0.313617	0.290416	0.289448	0.281962	0.292706	0.325922	0.319568	0.321385	0.355784	0.332158	0.351448	0.346887	0.349402	0.445523	0.302295	0.327532	0.336561	0.308514	0.321302	0.300045	0.298033	0.298036	0.324294	0.336789	0.312851	0.318982	0.304754	0.326906	0.317277	0.322377	0.376561	0.382341	0.373038	0.382107	0.346602	0.352768	0.379834	0.343334	0.329446	0.342068	0.337246	0.345781	0.308074	0.304232	0.291866	0.305049	0.3051	0.373924	0.366663	0.368635	0.360997	0.358552
Psilopogon_haemacephalus	0.27398	0.280094	0.285843	0.315985	0.321452	0.304096	0.305746	0.349056	0.319904	0.399773	0.38477	0.289617	0.258996	0.273459	0.266807	0.262759	0.264776	0.266883	0.287463	0.282295	0.274076	0.284731	0.276475	0.308282	0.280053	0.284524	0.269736	0.303909	0.308743	0.288342	0.288402	0.295623	0.297669	0.268822	0.266808	0.270875	0.268822	0.268821	0.246907	0.26192	0.240424	0.25056	0.250587	0.254593	0.246451	0.310362	0.325643	0.166074	0.168071	0	0.110611	0.11233	0.135196	0.114859	0.318531	0.32898	0.420437	0.475445	0.359769	0.298499	0.30491	0.322591	0.348611	0.318956	0.291425	0.327693	0.27505	0.275653	0.274598	0.324935	0.322919	0.326945	0.351332	0.338046	0.339874	0.333419	0.330388	0.337009	0.350645	0.337697	0.332267	0.328299	0.302401	0.349936	0.337069	0.329681	0.360613	0.345201	0.364039	0.329825	0.323132	0.3406	0.285696	0.293828	0.329553	0.29998	0.310499	0.347629	0.308303	0.307948	0.32084	0.31646	0.322505	0.323559	0.36271	0.339367	0.357968	0.343154	0.361831	0.360409	0.362319	0.348992	0.342574	0.347076	0.367937	0.35342	0.357368	0.363995	0.363465	0.374951	0.354998	0.354874	0.350878	0.350878	0.372145	0.342912	0.360928	0.363398	0.350467	0.360883	0.362004	0.33848	0.359672	0.3522	0.367202	0.348204	0.369033	0.369359	0.344874	0.341558	0.359471	0.367393	0.35265	0.345148	0.366831	0.363642	0.36999	0.350576	0.374305	0.361956	0.383243	0.359172	0.369322	0.36101	0.371257	0.38404	0.364626	0.370731	0.383616	0.381045	0.384778	0.366065	0.372221	0.383568	0.370162	0.35989	0.372419	0.376516	0.360138	0.37091	0.376639	0.381422	0.399933	0.388149	0.381632	0.385637	0.387565	0.360753	0.358127	0.392777	0.387742	0.376761	0.376761	0.412124	0.40923	0.360783	0.376226	0.36481	0.388446	0.383896	0.392509	0.368747	0.376822	0.373338	0.378407	0.38101	0.382655	0.393416	0.380603	0.376232	0.385014	0.371998	0.41287	0.40397	0.398333	0.399512	0.39934	0.401669	0.390667	0.376356	0.378448	0.384926	0.392816	0.391315	0.397722	0.376135	0.37588	0.379944	0.383991	0.3845	0.386473	0.38631	0.384267	0.386303	0.356461	0.373737	0.354648	0.383117	0.393708	0.401816	0.393437	0.385233	0.394535	0.391125	0.375454	0.408715	0.389839	0.401995	0.404425	0.399368	0.376317	0.378461	0.377142	0.375821	0.362898	0.357097	0.361218	0.361905	0.320604	0.322928	0.300449	0.365358	0.38046	0.334946	0.371057	0.37941	0.344907	0.282911	0.286671	0.322378	0.343991	0.333421	0.328959	0.386589	0.383706	0.357154	0.390249	0.378501	0.322013	0.297334	0.284443	0.289314	0.313678	0.300435	0.308787	0.285587	0.284618	0.277133	0.287877	0.321092	0.314738	0.316556	0.350955	0.327329	0.346618	0.342058	0.344573	0.440693	0.297465	0.322702	0.331732	0.303684	0.316472	0.295215	0.293203	0.293207	0.319465	0.33196	0.308021	0.314152	0.299924	0.322077	0.312448	0.317547	0.371732	0.377512	0.368208	0.377277	0.341773	0.347938	0.375004	0.338505	0.324616	0.337238	0.332416	0.340952	0.303245	0.299403	0.287037	0.300219	0.30027	0.369095	0.361834	0.363805	0.356168	0.353723
Tricholaema_leucomelas	0.285033	0.291147	0.296896	0.327038	0.332505	0.315149	0.316799	0.360109	0.330957	0.410826	0.395823	0.30067	0.270049	0.284512	0.27786	0.273812	0.27583	0.277936	0.298516	0.293348	0.285129	0.295784	0.287528	0.319335	0.291107	0.295577	0.28079	0.314962	0.319796	0.299395	0.299455	0.306677	0.308722	0.279875	0.277861	0.281928	0.279875	0.279874	0.25796	0.272973	0.251477	0.261613	0.261641	0.265647	0.257504	0.321415	0.336696	0.177127	0.179124	0.110611	0	0.120003	0.14287	0.122533	0.329584	0.340033	0.43149	0.486498	0.370822	0.309552	0.315963	0.333644	0.359664	0.330009	0.302478	0.338746	0.286103	0.286706	0.285652	0.335989	0.333972	0.337999	0.362385	0.349099	0.350927	0.344472	0.341441	0.348062	0.361698	0.34875	0.34332	0.339352	0.313454	0.360989	0.348122	0.340734	0.371666	0.356254	0.375092	0.340878	0.334185	0.351653	0.296749	0.304881	0.340607	0.311033	0.321553	0.358682	0.319356	0.319001	0.331893	0.327513	0.333559	0.334612	0.373763	0.350421	0.369021	0.354207	0.372884	0.371462	0.373372	0.360045	0.353628	0.358129	0.37899	0.364473	0.368421	0.375048	0.374518	0.386005	0.366052	0.365928	0.361932	0.361932	0.383198	0.353965	0.371981	0.374452	0.36152	0.371936	0.373057	0.349534	0.370725	0.363253	0.378255	0.359257	0.380087	0.380412	0.355927	0.352611	0.370524	0.378446	0.363703	0.356201	0.377884	0.374695	0.381043	0.361629	0.385358	0.373009	0.394296	0.370225	0.380375	0.372064	0.382311	0.395093	0.375679	0.381784	0.39467	0.392098	0.395831	0.377118	0.383274	0.394622	0.381215	0.370943	0.383472	0.387569	0.371191	0.381963	0.387692	0.392475	0.410986	0.399202	0.392685	0.39669	0.398618	0.371806	0.36918	0.40383	0.398795	0.387814	0.387814	0.423177	0.420283	0.371836	0.387279	0.375864	0.399499	0.394949	0.403563	0.3798	0.387875	0.384391	0.38946	0.392063	0.393708	0.404469	0.391657	0.387285	0.396068	0.383052	0.423924	0.415023	0.409386	0.410565	0.410393	0.412722	0.40172	0.387409	0.389501	0.395979	0.403869	0.402368	0.408775	0.387188	0.386933	0.390997	0.395044	0.395553	0.397526	0.397364	0.39532	0.397356	0.367514	0.38479	0.365702	0.39417	0.404761	0.412869	0.40449	0.396286	0.405588	0.402179	0.386507	0.419768	0.400892	0.413048	0.415478	0.410421	0.38737	0.389514	0.388195	0.386874	0.373951	0.36815	0.372271	0.372958	0.331657	0.333982	0.311502	0.376411	0.391513	0.345999	0.38211	0.390463	0.35596	0.293964	0.297724	0.333431	0.355044	0.344474	0.340013	0.397642	0.394759	0.368207	0.401302	0.389554	0.333066	0.308387	0.295496	0.300367	0.324731	0.311489	0.31984	0.29664	0.295671	0.288186	0.29893	0.332145	0.325791	0.327609	0.362008	0.338382	0.357671	0.353111	0.355626	0.451746	0.308518	0.333755	0.342785	0.314737	0.327525	0.306269	0.304256	0.30426	0.330518	0.343013	0.319074	0.325205	0.310977	0.33313	0.323501	0.3286	0.382785	0.388565	0.379262	0.38833	0.352826	0.358991	0.386057	0.349558	0.335669	0.348291	0.34347	0.352005	0.314298	0.310456	0.29809	0.311272	0.311323	0.380148	0.372887	0.374858	0.367221	0.364776
Eubucco_bourcierii	0.286751	0.292866	0.298615	0.328757	0.334224	0.316868	0.318518	0.361828	0.332675	0.412545	0.397542	0.302389	0.271767	0.286231	0.279579	0.275531	0.277548	0.279655	0.300235	0.295067	0.286848	0.297503	0.289246	0.321054	0.292825	0.297295	0.282508	0.31668	0.321514	0.301114	0.301173	0.308395	0.31044	0.281594	0.27958	0.283646	0.281593	0.281593	0.259679	0.274692	0.253196	0.263332	0.263359	0.267365	0.259223	0.323134	0.338414	0.178846	0.180843	0.11233	0.120003	0	0.0797266	0.0697369	0.331302	0.341752	0.433209	0.488217	0.37254	0.31127	0.317681	0.335363	0.361382	0.331728	0.304196	0.340465	0.287822	0.288424	0.28737	0.337707	0.335691	0.339717	0.364104	0.350818	0.352646	0.34619	0.34316	0.349781	0.363416	0.350469	0.345038	0.34107	0.315173	0.362707	0.349841	0.342453	0.373385	0.357973	0.37681	0.342597	0.335904	0.353372	0.298468	0.3066	0.342325	0.312752	0.323271	0.3604	0.321075	0.320719	0.333611	0.329231	0.335277	0.336331	0.375482	0.352139	0.37074	0.355925	0.374602	0.373181	0.375091	0.361764	0.355346	0.359848	0.380709	0.366192	0.370139	0.376767	0.376237	0.387723	0.36777	0.367646	0.36365	0.36365	0.384917	0.355684	0.3737	0.37617	0.363239	0.373654	0.374776	0.351252	0.372444	0.364972	0.379974	0.360975	0.381805	0.38213	0.357645	0.354329	0.372243	0.380165	0.365422	0.35792	0.379603	0.376414	0.382761	0.363348	0.387076	0.374728	0.396015	0.371943	0.382094	0.373782	0.384029	0.396812	0.377397	0.383503	0.396388	0.393817	0.397549	0.378837	0.384992	0.39634	0.382934	0.372661	0.385191	0.389288	0.37291	0.383681	0.38941	0.394194	0.412705	0.40092	0.394404	0.398408	0.400336	0.373525	0.370898	0.405548	0.400514	0.389533	0.389533	0.424895	0.422002	0.373555	0.388998	0.377582	0.401218	0.396668	0.405281	0.381519	0.389594	0.386109	0.391178	0.393782	0.395427	0.406188	0.393375	0.389004	0.397786	0.38477	0.425642	0.416742	0.411105	0.412283	0.412112	0.41444	0.403439	0.389128	0.39122	0.397697	0.405587	0.404087	0.410493	0.388906	0.388651	0.392716	0.396763	0.397271	0.399244	0.399082	0.397038	0.399074	0.369233	0.386508	0.36742	0.395888	0.406479	0.414588	0.406209	0.398004	0.407306	0.403897	0.388226	0.421487	0.402611	0.414767	0.417196	0.412139	0.389089	0.391232	0.389914	0.388593	0.375669	0.369869	0.373989	0.374677	0.333375	0.3357	0.313221	0.37813	0.393231	0.347717	0.383828	0.392182	0.357679	0.295683	0.299442	0.33515	0.356763	0.346193	0.341731	0.399361	0.396478	0.369926	0.40302	0.391273	0.334784	0.310105	0.297215	0.302086	0.32645	0.313207	0.321559	0.298358	0.29739	0.289904	0.300648	0.333864	0.32751	0.329328	0.363727	0.3401	0.35939	0.35483	0.357344	0.453465	0.310237	0.335474	0.344503	0.316456	0.329244	0.307987	0.305975	0.305978	0.332237	0.344732	0.320793	0.326924	0.312696	0.334848	0.325219	0.330319	0.384504	0.390284	0.38098	0.390049	0.354545	0.36071	0.387776	0.351277	0.337388	0.35001	0.345188	0.353723	0.316016	0.312175	0.299808	0.312991	0.313042	0.381866	0.374605	0.376577	0.368939	0.366494
Semnornis_frantzii	0.309618	0.315733	0.321481	0.351623	0.35709	0.339735	0.341384	0.384694	0.355542	0.435412	0.420409	0.325255	0.294634	0.309097	0.302445	0.298397	0.300415	0.302522	0.323102	0.317934	0.309714	0.320369	0.312113	0.34392	0.315692	0.320162	0.305375	0.339547	0.344381	0.32398	0.32404	0.331262	0.333307	0.30446	0.302446	0.306513	0.30446	0.304459	0.282546	0.297559	0.276062	0.286199	0.286226	0.290232	0.28209	0.346001	0.361281	0.201713	0.20371	0.135196	0.14287	0.0797266	0	0.0926035	0.354169	0.364618	0.456075	0.511084	0.395407	0.334137	0.340548	0.358229	0.384249	0.354594	0.327063	0.363332	0.310688	0.311291	0.310237	0.360574	0.358557	0.362584	0.38697	0.373684	0.375512	0.369057	0.366026	0.372647	0.386283	0.373335	0.367905	0.363937	0.338039	0.385574	0.372707	0.36532	0.396252	0.380839	0.399677	0.365463	0.358771	0.376238	0.321334	0.329466	0.365192	0.335618	0.346138	0.383267	0.343942	0.343586	0.356478	0.352098	0.358144	0.359197	0.398349	0.375006	0.393606	0.378792	0.397469	0.396048	0.397957	0.384631	0.378213	0.382715	0.403575	0.389058	0.393006	0.399634	0.399103	0.41059	0.390637	0.390513	0.386517	0.386517	0.407784	0.37855	0.396567	0.399037	0.386105	0.396521	0.397642	0.374119	0.395311	0.387839	0.40284	0.383842	0.404672	0.404997	0.380512	0.377196	0.39511	0.403032	0.388289	0.380786	0.402469	0.39928	0.405628	0.386215	0.409943	0.397594	0.418882	0.39481	0.404961	0.396649	0.406896	0.419678	0.400264	0.406369	0.419255	0.416684	0.420416	0.401704	0.407859	0.419207	0.405801	0.395528	0.408057	0.412154	0.395777	0.406548	0.412277	0.417061	0.435571	0.423787	0.41727	0.421275	0.423203	0.396391	0.393765	0.428415	0.42338	0.4124	0.412399	0.447762	0.444868	0.396421	0.411864	0.400449	0.424084	0.419535	0.428148	0.404386	0.41246	0.408976	0.414045	0.416648	0.418294	0.429054	0.416242	0.41187	0.420653	0.407637	0.448509	0.439609	0.433971	0.43515	0.434979	0.437307	0.426306	0.411995	0.414087	0.420564	0.428454	0.426954	0.43336	0.411773	0.411518	0.415582	0.419629	0.420138	0.422111	0.421949	0.419905	0.421941	0.3921	0.409375	0.390287	0.418755	0.429346	0.437454	0.429076	0.420871	0.430173	0.426764	0.411093	0.444354	0.425478	0.437633	0.440063	0.435006	0.411955	0.414099	0.41278	0.411459	0.398536	0.392735	0.396856	0.397543	0.356242	0.358567	0.336087	0.400996	0.416098	0.370584	0.406695	0.415048	0.380546	0.31855	0.322309	0.358016	0.379629	0.369059	0.364598	0.422227	0.419345	0.392792	0.425887	0.414139	0.357651	0.332972	0.320081	0.324952	0.349316	0.336074	0.344426	0.321225	0.320257	0.312771	0.323515	0.35673	0.350376	0.352194	0.386593	0.362967	0.382256	0.377696	0.380211	0.476332	0.333103	0.358341	0.36737	0.339323	0.352111	0.330854	0.328841	0.328845	0.355103	0.367598	0.34366	0.349791	0.335563	0.357715	0.348086	0.353185	0.40737	0.41315	0.403847	0.412916	0.377411	0.383577	0.410642	0.374143	0.360255	0.372876	0.368055	0.37659	0.338883	0.335041	0.322675	0.335858	0.335908	0.404733	0.397472	0.399443	0.391806	0.389361
Ramphastos_sulfuratus	0.289281	0.295396	0.301144	0.331286	0.336753	0.319398	0.321047	0.364357	0.335205	0.415074	0.400071	0.304918	0.274297	0.28876	0.282108	0.27806	0.280078	0.282185	0.302764	0.297597	0.289377	0.300032	0.291776	0.323583	0.295355	0.299825	0.285038	0.31921	0.324044	0.303643	0.303703	0.310925	0.31297	0.284123	0.282109	0.286176	0.284123	0.284122	0.262208	0.277221	0.255725	0.265861	0.265889	0.269895	0.261752	0.325663	0.340944	0.181376	0.183372	0.114859	0.122533	0.0697369	0.0926035	0	0.333832	0.344281	0.435738	0.490746	0.37507	0.3138	0.320211	0.337892	0.363912	0.334257	0.306726	0.342994	0.290351	0.290954	0.2899	0.340237	0.33822	0.342247	0.366633	0.353347	0.355175	0.34872	0.345689	0.35231	0.365946	0.352998	0.347568	0.3436	0.317702	0.365237	0.35237	0.344983	0.375914	0.360502	0.37934	0.345126	0.338433	0.355901	0.300997	0.309129	0.344855	0.315281	0.325801	0.36293	0.323605	0.323249	0.336141	0.331761	0.337807	0.33886	0.378011	0.354669	0.373269	0.358455	0.377132	0.37571	0.37762	0.364293	0.357876	0.362377	0.383238	0.368721	0.372669	0.379296	0.378766	0.390253	0.3703	0.370176	0.36618	0.36618	0.387446	0.358213	0.376229	0.3787	0.365768	0.376184	0.377305	0.353782	0.374974	0.367501	0.382503	0.363505	0.384335	0.38466	0.360175	0.356859	0.374772	0.382695	0.367951	0.360449	0.382132	0.378943	0.385291	0.365878	0.389606	0.377257	0.398544	0.374473	0.384623	0.376312	0.386559	0.399341	0.379927	0.386032	0.398918	0.396346	0.400079	0.381366	0.387522	0.39887	0.385464	0.375191	0.38772	0.391817	0.375439	0.386211	0.39194	0.396723	0.415234	0.40345	0.396933	0.400938	0.402866	0.376054	0.373428	0.408078	0.403043	0.392062	0.392062	0.427425	0.424531	0.376084	0.391527	0.380112	0.403747	0.399197	0.407811	0.384048	0.392123	0.388639	0.393708	0.396311	0.397956	0.408717	0.395905	0.391533	0.400316	0.3873	0.428172	0.419272	0.413634	0.414813	0.414641	0.41697	0.405968	0.391657	0.393749	0.400227	0.408117	0.406616	0.413023	0.391436	0.391181	0.395245	0.399292	0.399801	0.401774	0.401612	0.399568	0.401604	0.371763	0.389038	0.36995	0.398418	0.409009	0.417117	0.408739	0.400534	0.409836	0.406427	0.390755	0.424016	0.405141	0.417296	0.419726	0.414669	0.391618	0.393762	0.392443	0.391122	0.378199	0.372398	0.376519	0.377206	0.335905	0.33823	0.31575	0.380659	0.395761	0.350247	0.386358	0.394711	0.360208	0.298212	0.301972	0.337679	0.359292	0.348722	0.344261	0.40189	0.399007	0.372455	0.40555	0.393802	0.337314	0.312635	0.299744	0.304615	0.328979	0.315737	0.324088	0.300888	0.299919	0.292434	0.303178	0.336393	0.330039	0.331857	0.366256	0.34263	0.361919	0.357359	0.359874	0.455994	0.312766	0.338003	0.347033	0.318986	0.331773	0.310517	0.308504	0.308508	0.334766	0.347261	0.323322	0.329453	0.315225	0.337378	0.327749	0.332848	0.387033	0.392813	0.38351	0.392578	0.357074	0.363239	0.390305	0.353806	0.339918	0.352539	0.347718	0.356253	0.318546	0.314704	0.302338	0.31552	0.315571	0.384396	0.377135	0.379106	0.371469	0.369024
Buceros_rhinoceros	0.222857	0.228971	0.23472	0.264862	0.270329	0.252973	0.254623	0.297933	0.268781	0.34865	0.333647	0.238494	0.207873	0.222336	0.215684	0.211636	0.213654	0.21576	0.23634	0.231172	0.222953	0.233608	0.225352	0.257159	0.228931	0.233401	0.218614	0.252786	0.25762	0.237219	0.237279	0.244501	0.246546	0.217699	0.215685	0.219752	0.217699	0.217698	0.195789	0.210802	0.189306	0.199442	0.199469	0.203475	0.195333	0.301257	0.316537	0.321363	0.32336	0.318531	0.329584	0.331302	0.354169	0.333832	0	0.0932149	0.29233	0.347339	0.296318	0.235048	0.241459	0.25914	0.28516	0.255505	0.227974	0.264242	0.223927	0.22453	0.223476	0.273813	0.271796	0.275823	0.300209	0.286923	0.288751	0.282296	0.279265	0.285886	0.299522	0.286574	0.281144	0.277176	0.251278	0.298813	0.285946	0.278558	0.30949	0.294078	0.312916	0.278702	0.272009	0.289477	0.234573	0.242705	0.278431	0.248857	0.259377	0.296506	0.25718	0.256825	0.269717	0.265337	0.271382	0.272436	0.311587	0.288245	0.306845	0.292031	0.310708	0.309286	0.311196	0.297869	0.291452	0.295953	0.316814	0.302297	0.306245	0.312872	0.312342	0.323829	0.303875	0.303752	0.299756	0.299756	0.321022	0.291789	0.309805	0.312276	0.299344	0.30976	0.310881	0.287357	0.308549	0.301077	0.316079	0.297081	0.317911	0.318236	0.293751	0.290435	0.308348	0.31627	0.301527	0.294025	0.315708	0.312519	0.318867	0.299453	0.323182	0.310833	0.33212	0.308049	0.318199	0.309888	0.320135	0.332917	0.313503	0.319608	0.332494	0.329922	0.333655	0.314942	0.321098	0.332446	0.319039	0.308767	0.321296	0.325393	0.309015	0.319787	0.325516	0.330299	0.34881	0.337026	0.330509	0.334514	0.336442	0.30963	0.307004	0.341654	0.336619	0.325638	0.325638	0.361001	0.358107	0.30966	0.325103	0.313688	0.337323	0.332773	0.341386	0.317624	0.325699	0.322215	0.327284	0.329887	0.331532	0.342293	0.329481	0.325109	0.333892	0.320875	0.361748	0.352847	0.34721	0.348389	0.348217	0.350546	0.339544	0.325233	0.327325	0.333803	0.341693	0.340192	0.346599	0.325012	0.324757	0.328821	0.332868	0.333377	0.33535	0.335188	0.333144	0.33518	0.305338	0.322614	0.303526	0.331994	0.342585	0.350693	0.342314	0.33411	0.343412	0.340003	0.324331	0.357592	0.338716	0.350872	0.353302	0.348245	0.325194	0.327338	0.326019	0.324698	0.311775	0.305974	0.310095	0.310782	0.269481	0.271806	0.249326	0.314235	0.329337	0.283823	0.319934	0.328287	0.293784	0.231788	0.235548	0.271255	0.292868	0.282298	0.277837	0.335466	0.332583	0.306031	0.339126	0.327378	0.27089	0.246211	0.23332	0.238191	0.262555	0.249312	0.257664	0.234464	0.233495	0.22601	0.236754	0.269969	0.263615	0.265433	0.299832	0.276206	0.295495	0.290935	0.29345	0.38957	0.246342	0.271579	0.280609	0.252561	0.265349	0.244093	0.24208	0.242084	0.268342	0.280837	0.256898	0.263029	0.248801	0.270954	0.261325	0.266424	0.320609	0.326389	0.317086	0.326154	0.29065	0.296815	0.323881	0.287382	0.273493	0.286115	0.281294	0.289829	0.252122	0.24828	0.235914	0.249096	0.249147	0.317972	0.310711	0.312682	0.305045	0.3026
Bucorvus_abyssinicus	0.233306	0.239421	0.245169	0.275311	0.280778	0.263423	0.265072	0.308382	0.27923	0.359099	0.344096	0.248943	0.218322	0.232785	0.226133	0.222085	0.224103	0.22621	0.24679	0.241622	0.233402	0.244057	0.235801	0.267608	0.23938	0.24385	0.229063	0.263235	0.268069	0.247668	0.247728	0.25495	0.256995	0.228148	0.226134	0.230201	0.228148	0.228147	0.206238	0.221251	0.199755	0.209891	0.209918	0.213924	0.205782	0.311706	0.326986	0.331812	0.333809	0.32898	0.340033	0.341752	0.364618	0.344281	0.0932149	0	0.302779	0.357788	0.306767	0.245497	0.251908	0.269589	0.295609	0.265954	0.238423	0.274692	0.234376	0.234979	0.233925	0.284262	0.282245	0.286272	0.310658	0.297372	0.2992	0.292745	0.289714	0.296335	0.309971	0.297023	0.291593	0.287625	0.261727	0.309262	0.296395	0.289008	0.319939	0.304527	0.323365	0.289151	0.282458	0.299926	0.245022	0.253154	0.28888	0.259306	0.269826	0.306955	0.26763	0.267274	0.280166	0.275786	0.281832	0.282885	0.322036	0.298694	0.317294	0.30248	0.321157	0.319735	0.321645	0.308319	0.301901	0.306402	0.327263	0.312746	0.316694	0.323322	0.322791	0.334278	0.314325	0.314201	0.310205	0.310205	0.331471	0.302238	0.320254	0.322725	0.309793	0.320209	0.32133	0.297807	0.318999	0.311527	0.326528	0.30753	0.32836	0.328685	0.3042	0.300884	0.318798	0.32672	0.311977	0.304474	0.326157	0.322968	0.329316	0.309903	0.333631	0.321282	0.34257	0.318498	0.328648	0.320337	0.330584	0.343366	0.323952	0.330057	0.342943	0.340371	0.344104	0.325392	0.331547	0.342895	0.329489	0.319216	0.331745	0.335842	0.319464	0.330236	0.335965	0.340748	0.359259	0.347475	0.340958	0.344963	0.346891	0.320079	0.317453	0.352103	0.347068	0.336087	0.336087	0.37145	0.368556	0.320109	0.335552	0.324137	0.347772	0.343223	0.351836	0.328074	0.336148	0.332664	0.337733	0.340336	0.341982	0.352742	0.33993	0.335558	0.344341	0.331325	0.372197	0.363297	0.357659	0.358838	0.358666	0.360995	0.349993	0.335682	0.337774	0.344252	0.352142	0.350641	0.357048	0.335461	0.335206	0.33927	0.343317	0.343826	0.345799	0.345637	0.343593	0.345629	0.315788	0.333063	0.313975	0.342443	0.353034	0.361142	0.352764	0.344559	0.353861	0.350452	0.334781	0.368041	0.349166	0.361321	0.363751	0.358694	0.335643	0.337787	0.336468	0.335147	0.322224	0.316423	0.320544	0.321231	0.27993	0.282255	0.259775	0.324684	0.339786	0.294272	0.330383	0.338736	0.304233	0.242238	0.245997	0.281704	0.303317	0.292747	0.288286	0.345915	0.343033	0.31648	0.349575	0.337827	0.281339	0.25666	0.243769	0.24864	0.273004	0.259762	0.268113	0.244913	0.243945	0.236459	0.247203	0.280418	0.274064	0.275882	0.310281	0.286655	0.305944	0.301384	0.303899	0.40002	0.256791	0.282029	0.291058	0.263011	0.275799	0.254542	0.252529	0.252533	0.278791	0.291286	0.267347	0.273479	0.25925	0.281403	0.271774	0.276873	0.331058	0.336838	0.327535	0.336604	0.301099	0.307264	0.33433	0.297831	0.283943	0.296564	0.291743	0.300278	0.262571	0.258729	0.246363	0.259545	0.259596	0.328421	0.32116	0.323131	0.315494	0.313049
Rhinopomastus_cyanomelas	0.324763	0.330878	0.336626	0.366768	0.372235	0.35488	0.356529	0.399839	0.370687	0.450557	0.435554	0.3404	0.309779	0.324242	0.31759	0.313542	0.31556	0.317667	0.338247	0.333079	0.324859	0.335514	0.327258	0.359065	0.330837	0.335307	0.32052	0.354692	0.359526	0.339125	0.339185	0.346407	0.348452	0.319605	0.317591	0.321658	0.319605	0.319604	0.297695	0.312708	0.291212	0.301348	0.301375	0.305381	0.297239	0.403163	0.418443	0.42327	0.425266	0.420437	0.43149	0.433209	0.456075	0.435738	0.29233	0.302779	0	0.243675	0.398224	0.336954	0.343365	0.361046	0.387066	0.357411	0.32988	0.366149	0.325833	0.326436	0.325382	0.375719	0.373702	0.377729	0.402115	0.388829	0.390657	0.384202	0.381171	0.387792	0.401428	0.38848	0.38305	0.379082	0.353184	0.400719	0.387852	0.380465	0.411397	0.395984	0.414822	0.380608	0.373915	0.391383	0.336479	0.344611	0.380337	0.350763	0.361283	0.398412	0.359087	0.358731	0.371623	0.367243	0.373289	0.374342	0.413494	0.390151	0.408751	0.393937	0.412614	0.411193	0.413102	0.399776	0.393358	0.39786	0.41872	0.404203	0.408151	0.414779	0.414248	0.425735	0.405782	0.405658	0.401662	0.401662	0.422929	0.393695	0.411711	0.414182	0.40125	0.411666	0.412787	0.389264	0.410456	0.402984	0.417985	0.398987	0.419817	0.420142	0.395657	0.392341	0.410255	0.418177	0.403434	0.395931	0.417614	0.414425	0.420773	0.40136	0.425088	0.412739	0.434027	0.409955	0.420106	0.411794	0.422041	0.434823	0.415409	0.421514	0.4344	0.431829	0.435561	0.416849	0.423004	0.434352	0.420946	0.410673	0.423202	0.427299	0.410921	0.421693	0.427422	0.432205	0.450716	0.438932	0.432415	0.43642	0.438348	0.411536	0.40891	0.44356	0.438525	0.427544	0.427544	0.462907	0.460013	0.411566	0.427009	0.415594	0.439229	0.43468	0.443293	0.419531	0.427605	0.424121	0.42919	0.431793	0.433439	0.444199	0.431387	0.427015	0.435798	0.422782	0.463654	0.454754	0.449116	0.450295	0.450123	0.452452	0.441451	0.427139	0.429231	0.435709	0.443599	0.442099	0.448505	0.426918	0.426663	0.430727	0.434774	0.435283	0.437256	0.437094	0.43505	0.437086	0.407245	0.42452	0.405432	0.4339	0.444491	0.452599	0.444221	0.436016	0.445318	0.441909	0.426238	0.459498	0.440623	0.452778	0.455208	0.450151	0.4271	0.429244	0.427925	0.426604	0.413681	0.40788	0.412001	0.412688	0.371387	0.373712	0.351232	0.416141	0.431243	0.385729	0.42184	0.430193	0.395691	0.333695	0.337454	0.373161	0.394774	0.384204	0.379743	0.437372	0.43449	0.407937	0.441032	0.429284	0.372796	0.348117	0.335226	0.340097	0.364461	0.351219	0.359571	0.33637	0.335402	0.327916	0.33866	0.371875	0.365521	0.367339	0.401738	0.378112	0.397401	0.392841	0.395356	0.491477	0.348248	0.373486	0.382515	0.354468	0.367256	0.345999	0.343986	0.34399	0.370248	0.382743	0.358805	0.364936	0.350708	0.37286	0.363231	0.36833	0.422515	0.428295	0.418992	0.428061	0.392556	0.398722	0.425787	0.389288	0.3754	0.388021	0.3832	0.391735	0.354028	0.350186	0.33782	0.351003	0.351053	0.419878	0.412617	0.414588	0.406951	0.404506
Upupa_epops	0.379771	0.385886	0.391635	0.421777	0.427244	0.409888	0.411538	0.454848	0.425695	0.505565	0.490562	0.395409	0.364787	0.379251	0.372599	0.368551	0.370568	0.372675	0.393255	0.388087	0.379868	0.390523	0.382266	0.414074	0.385845	0.390315	0.375528	0.4097	0.414534	0.394134	0.394193	0.401415	0.40346	0.374614	0.3726	0.376666	0.374613	0.374613	0.352704	0.367717	0.34622	0.356357	0.356384	0.36039	0.352248	0.458171	0.473452	0.478278	0.480275	0.475445	0.486498	0.488217	0.511084	0.490746	0.347339	0.357788	0.243675	0	0.453232	0.391962	0.398373	0.416055	0.442074	0.41242	0.384888	0.421157	0.380842	0.381444	0.38039	0.430727	0.428711	0.432737	0.457124	0.443838	0.445666	0.43921	0.43618	0.442801	0.456437	0.443489	0.438058	0.43409	0.408193	0.455727	0.442861	0.435473	0.466405	0.450993	0.46983	0.435617	0.428924	0.446392	0.391488	0.39962	0.435345	0.405772	0.416291	0.45342	0.414095	0.413739	0.426631	0.422252	0.428297	0.429351	0.468502	0.445159	0.46376	0.448945	0.467622	0.466201	0.468111	0.454784	0.448366	0.452868	0.473729	0.459212	0.463159	0.469787	0.469257	0.480743	0.46079	0.460666	0.45667	0.45667	0.477937	0.448704	0.46672	0.46919	0.456259	0.466674	0.467796	0.444272	0.465464	0.457992	0.472994	0.453995	0.474825	0.47515	0.450665	0.447349	0.465263	0.473185	0.458442	0.45094	0.472623	0.469434	0.475781	0.456368	0.480096	0.467748	0.489035	0.464963	0.475114	0.466802	0.477049	0.489832	0.470417	0.476523	0.489408	0.486837	0.490569	0.471857	0.478012	0.48936	0.475954	0.465681	0.478211	0.482308	0.46593	0.476701	0.48243	0.487214	0.505725	0.49394	0.487424	0.491428	0.493356	0.466545	0.463918	0.498568	0.493534	0.482553	0.482553	0.517915	0.515022	0.466575	0.482018	0.470602	0.494238	0.489688	0.498301	0.474539	0.482614	0.479129	0.484198	0.486802	0.488447	0.499208	0.486395	0.482024	0.490806	0.47779	0.518662	0.509762	0.504125	0.505303	0.505132	0.50746	0.496459	0.482148	0.48424	0.490717	0.498607	0.497107	0.503513	0.481926	0.481671	0.485736	0.489783	0.490291	0.492264	0.492102	0.490058	0.492094	0.462253	0.479528	0.46044	0.488908	0.499499	0.507608	0.499229	0.491024	0.500326	0.496917	0.481246	0.514507	0.495631	0.507787	0.510216	0.505159	0.482109	0.484252	0.482934	0.481613	0.468689	0.462889	0.467009	0.467697	0.426395	0.42872	0.406241	0.47115	0.486251	0.440737	0.476848	0.485202	0.450699	0.388703	0.392462	0.42817	0.449783	0.439213	0.434751	0.492381	0.489498	0.462946	0.49604	0.484293	0.427804	0.403125	0.390235	0.395106	0.41947	0.406227	0.414579	0.391379	0.39041	0.382924	0.393668	0.426884	0.42053	0.422348	0.456747	0.43312	0.45241	0.44785	0.450364	0.546485	0.403257	0.428494	0.437523	0.409476	0.422264	0.401007	0.398995	0.398998	0.425257	0.437752	0.413813	0.419944	0.405716	0.427868	0.418239	0.423339	0.477524	0.483304	0.474	0.483069	0.447565	0.45373	0.480796	0.444297	0.430408	0.44303	0.438208	0.446743	0.409036	0.405195	0.392828	0.406011	0.406062	0.474886	0.467625	0.469597	0.461959	0.459514
Merops_nubicus	0.264095	0.27021	0.275958	0.3061	0.311567	0.294212	0.295861	0.339171	0.310019	0.389888	0.374885	0.279732	0.249111	0.263574	0.256922	0.252874	0.254892	0.256999	0.277578	0.272411	0.264191	0.274846	0.26659	0.298397	0.270169	0.274639	0.259852	0.294024	0.298858	0.278457	0.278517	0.285739	0.287784	0.258937	0.256923	0.26099	0.258937	0.258936	0.237027	0.25204	0.230544	0.24068	0.240707	0.244713	0.236571	0.342495	0.357775	0.362601	0.364598	0.359769	0.370822	0.37254	0.395407	0.37507	0.296318	0.306767	0.398224	0.453232	0	0.233988	0.240399	0.262478	0.288498	0.258843	0.231312	0.267581	0.265165	0.265768	0.264714	0.315051	0.313034	0.317061	0.341447	0.328161	0.329989	0.323534	0.320503	0.327124	0.34076	0.327812	0.322382	0.318414	0.292516	0.340051	0.327184	0.319797	0.350728	0.335316	0.354154	0.31994	0.313247	0.330715	0.275811	0.283943	0.319669	0.290095	0.300615	0.337744	0.298419	0.298063	0.310955	0.306575	0.312621	0.313674	0.352825	0.329483	0.348083	0.333269	0.351946	0.350524	0.352434	0.339107	0.33269	0.337191	0.358052	0.343535	0.347483	0.35411	0.35358	0.365067	0.345114	0.34499	0.340994	0.340994	0.36226	0.333027	0.351043	0.353514	0.340582	0.350998	0.352119	0.328596	0.349788	0.342315	0.357317	0.338319	0.359149	0.359474	0.334989	0.331673	0.349586	0.357509	0.342765	0.335263	0.356946	0.353757	0.360105	0.340692	0.36442	0.352071	0.373358	0.349287	0.359437	0.351126	0.361373	0.374155	0.354741	0.360846	0.373732	0.37116	0.374893	0.35618	0.362336	0.373684	0.360278	0.350005	0.362534	0.366631	0.350253	0.361025	0.366754	0.371537	0.390048	0.378264	0.371747	0.375752	0.37768	0.350868	0.348242	0.382892	0.377857	0.366876	0.366876	0.402239	0.399345	0.350898	0.366341	0.354926	0.378561	0.374011	0.382625	0.358862	0.366937	0.363453	0.368522	0.371125	0.37277	0.383531	0.370719	0.366347	0.37513	0.362114	0.402986	0.394086	0.388448	0.389627	0.389455	0.391784	0.380782	0.366471	0.368563	0.375041	0.382931	0.38143	0.387837	0.36625	0.365995	0.370059	0.374106	0.374615	0.376588	0.376426	0.374382	0.376418	0.346577	0.363852	0.344764	0.373232	0.383823	0.391931	0.383553	0.375348	0.38465	0.381241	0.365569	0.39883	0.379954	0.39211	0.39454	0.389483	0.366432	0.368576	0.367257	0.365936	0.353013	0.347212	0.351333	0.35202	0.310719	0.313044	0.290564	0.355473	0.370575	0.325061	0.361172	0.369525	0.335022	0.273026	0.276786	0.312493	0.334106	0.323536	0.319075	0.376704	0.373821	0.347269	0.380364	0.368616	0.312128	0.287449	0.274558	0.279429	0.303793	0.290551	0.298902	0.275702	0.274733	0.267248	0.277992	0.311207	0.304853	0.306671	0.34107	0.317444	0.336733	0.332173	0.334688	0.430808	0.28758	0.312817	0.321847	0.2938	0.306587	0.285331	0.283318	0.283322	0.30958	0.322075	0.298136	0.304267	0.290039	0.312192	0.302563	0.307662	0.361847	0.367627	0.358324	0.367392	0.331888	0.338053	0.365119	0.32862	0.314731	0.327353	0.322532	0.331067	0.29336	0.289518	0.277152	0.290334	0.290385	0.35921	0.351949	0.35392	0.346283	0.343838
Brachypteracias_leptosomus	0.202825	0.208939	0.214688	0.24483	0.250297	0.232941	0.234591	0.277901	0.248749	0.328618	0.313615	0.218462	0.187841	0.202304	0.195652	0.191604	0.193622	0.195728	0.216308	0.21114	0.202921	0.213576	0.20532	0.237127	0.208899	0.213369	0.198582	0.232754	0.237588	0.217187	0.217247	0.224469	0.226514	0.197667	0.195653	0.19972	0.197667	0.197666	0.175757	0.19077	0.169274	0.17941	0.179437	0.183443	0.175301	0.281225	0.296505	0.301331	0.303328	0.298499	0.309552	0.31127	0.334137	0.3138	0.235048	0.245497	0.336954	0.391962	0.233988	0	0.130501	0.201208	0.227228	0.197573	0.170042	0.20631	0.203895	0.204498	0.203444	0.25378	0.251764	0.255791	0.280177	0.266891	0.268719	0.262264	0.259233	0.265854	0.27949	0.266542	0.261112	0.257144	0.231246	0.278781	0.265914	0.258526	0.289458	0.274046	0.292884	0.25867	0.251977	0.269445	0.214541	0.222673	0.258399	0.228825	0.239345	0.276474	0.237148	0.236793	0.249685	0.245305	0.25135	0.252404	0.291555	0.268213	0.286813	0.271999	0.290676	0.289254	0.291164	0.277837	0.27142	0.275921	0.296782	0.282265	0.286213	0.29284	0.29231	0.303797	0.283843	0.28372	0.279724	0.279724	0.30099	0.271757	0.289773	0.292244	0.279312	0.289728	0.290849	0.267325	0.288517	0.281045	0.296047	0.277049	0.297879	0.298204	0.273719	0.270403	0.288316	0.296238	0.281495	0.273993	0.295676	0.292487	0.298835	0.279421	0.30315	0.290801	0.312088	0.288017	0.298167	0.289856	0.300103	0.312885	0.293471	0.299576	0.312462	0.30989	0.313623	0.29491	0.301066	0.312414	0.299007	0.288735	0.301264	0.305361	0.288983	0.299755	0.305484	0.310267	0.328778	0.316994	0.310477	0.314482	0.31641	0.289598	0.286972	0.321622	0.316587	0.305606	0.305606	0.340969	0.338075	0.289628	0.305071	0.293656	0.317291	0.312741	0.321354	0.297592	0.305667	0.302183	0.307252	0.309855	0.3115	0.322261	0.309449	0.305077	0.31386	0.300843	0.341716	0.332815	0.327178	0.328357	0.328185	0.330514	0.319512	0.305201	0.307293	0.313771	0.321661	0.32016	0.326567	0.30498	0.304725	0.308789	0.312836	0.313345	0.315318	0.315156	0.313112	0.315148	0.285306	0.302582	0.283494	0.311962	0.322553	0.330661	0.322282	0.314078	0.32338	0.319971	0.304299	0.33756	0.318684	0.33084	0.33327	0.328213	0.305162	0.307306	0.305987	0.304666	0.291743	0.285942	0.290063	0.29075	0.249449	0.251774	0.229294	0.294203	0.309305	0.263791	0.299902	0.308255	0.273752	0.211756	0.215516	0.251223	0.272836	0.262266	0.257805	0.315434	0.312551	0.285999	0.319094	0.307346	0.250858	0.226179	0.213288	0.218159	0.242523	0.22928	0.237632	0.214432	0.213463	0.205978	0.216722	0.249937	0.243583	0.245401	0.2798	0.256174	0.275463	0.270903	0.273418	0.369538	0.22631	0.251547	0.260577	0.232529	0.245317	0.224061	0.222048	0.222052	0.24831	0.260805	0.236866	0.242997	0.228769	0.250922	0.241293	0.246392	0.300577	0.306357	0.297054	0.306122	0.270618	0.276783	0.303849	0.26735	0.253461	0.266083	0.261261	0.269797	0.23209	0.228248	0.215882	0.229064	0.229115	0.29794	0.290679	0.29265	0.285013	0.282568
Eurystomus_gularis	0.209236	0.21535	0.221099	0.251241	0.256708	0.239352	0.241002	0.284312	0.25516	0.335029	0.320026	0.224873	0.194252	0.208715	0.202063	0.198015	0.200032	0.202139	0.222719	0.217551	0.209332	0.219987	0.211731	0.243538	0.21531	0.21978	0.204993	0.239165	0.243999	0.223598	0.223658	0.230879	0.232925	0.204078	0.202064	0.206131	0.204078	0.204077	0.182168	0.197181	0.175685	0.185821	0.185848	0.189854	0.181712	0.287636	0.302916	0.307742	0.309739	0.30491	0.315963	0.317681	0.340548	0.320211	0.241459	0.251908	0.343365	0.398373	0.240399	0.130501	0	0.207619	0.233639	0.203984	0.176453	0.212721	0.210306	0.210909	0.209854	0.260191	0.258175	0.262201	0.286588	0.273302	0.27513	0.268675	0.265644	0.272265	0.285901	0.272953	0.267523	0.263555	0.237657	0.285192	0.272325	0.264937	0.295869	0.280457	0.299295	0.265081	0.258388	0.275856	0.220952	0.229084	0.264809	0.235236	0.245755	0.282885	0.243559	0.243204	0.256096	0.251716	0.257761	0.258815	0.297966	0.274623	0.293224	0.27841	0.297087	0.295665	0.297575	0.284248	0.277831	0.282332	0.303193	0.288676	0.292624	0.299251	0.298721	0.310207	0.290254	0.29013	0.286134	0.286134	0.307401	0.278168	0.296184	0.298654	0.285723	0.296139	0.29726	0.273736	0.294928	0.287456	0.302458	0.28346	0.304289	0.304615	0.28013	0.276814	0.294727	0.302649	0.287906	0.280404	0.302087	0.298898	0.305246	0.285832	0.309561	0.297212	0.318499	0.294428	0.304578	0.296267	0.306513	0.319296	0.299882	0.305987	0.318872	0.316301	0.320034	0.301321	0.307477	0.318824	0.305418	0.295146	0.307675	0.311772	0.295394	0.306166	0.311895	0.316678	0.335189	0.323405	0.316888	0.320893	0.322821	0.296009	0.293383	0.328033	0.322998	0.312017	0.312017	0.34738	0.344486	0.296039	0.311482	0.300066	0.323702	0.319152	0.327765	0.304003	0.312078	0.308594	0.313663	0.316266	0.317911	0.328672	0.315859	0.311488	0.32027	0.307254	0.348126	0.339226	0.333589	0.334768	0.334596	0.336925	0.325923	0.311612	0.313704	0.320182	0.328072	0.326571	0.332978	0.311391	0.311136	0.3152	0.319247	0.319756	0.321729	0.321566	0.319523	0.321559	0.291717	0.308993	0.289904	0.318373	0.328964	0.337072	0.328693	0.320489	0.329791	0.326382	0.31071	0.343971	0.325095	0.337251	0.339681	0.334624	0.311573	0.313717	0.312398	0.311077	0.298154	0.292353	0.296474	0.297161	0.25586	0.258184	0.235705	0.300614	0.315716	0.270202	0.306313	0.314666	0.280163	0.218167	0.221927	0.257634	0.279247	0.268677	0.264216	0.321845	0.318962	0.29241	0.325505	0.313757	0.257269	0.23259	0.219699	0.22457	0.248934	0.235691	0.244043	0.220843	0.219874	0.212389	0.223133	0.256348	0.249994	0.251812	0.286211	0.262585	0.281874	0.277314	0.279829	0.375949	0.232721	0.257958	0.266988	0.23894	0.251728	0.230471	0.228459	0.228463	0.254721	0.267216	0.243277	0.249408	0.23518	0.257333	0.247704	0.252803	0.306988	0.312768	0.303464	0.312533	0.277029	0.283194	0.31026	0.273761	0.259872	0.272494	0.267672	0.276208	0.238501	0.234659	0.222293	0.235475	0.235526	0.304351	0.29709	0.299061	0.291424	0.288979
Todus_mexicanus	0.226917	0.233032	0.23878	0.268923	0.27439	0.257034	0.258683	0.301993	0.272841	0.352711	0.337708	0.242554	0.211933	0.226396	0.219744	0.215697	0.217714	0.219821	0.240401	0.235233	0.227014	0.237668	0.229412	0.26122	0.232991	0.237461	0.222674	0.256846	0.26168	0.241279	0.241339	0.248561	0.250606	0.221759	0.219746	0.223812	0.221759	0.221758	0.199849	0.214862	0.193366	0.203502	0.20353	0.207536	0.199393	0.305317	0.320597	0.325424	0.327421	0.322591	0.333644	0.335363	0.358229	0.337892	0.25914	0.269589	0.361046	0.416055	0.262478	0.201208	0.207619	0	0.239021	0.209366	0.181835	0.220625	0.227988	0.22859	0.227536	0.277873	0.275856	0.279883	0.304269	0.290984	0.292811	0.286356	0.283325	0.289947	0.303582	0.290634	0.285204	0.281236	0.255339	0.302873	0.290006	0.282619	0.313551	0.298138	0.316976	0.282762	0.27607	0.293538	0.238633	0.246765	0.282491	0.252918	0.263437	0.300566	0.261241	0.260885	0.273777	0.269397	0.275443	0.276497	0.315648	0.292305	0.310905	0.296091	0.314768	0.313347	0.315256	0.30193	0.295512	0.300014	0.320874	0.306358	0.310305	0.316933	0.316402	0.327889	0.307936	0.307812	0.303816	0.303816	0.325083	0.295849	0.313866	0.316336	0.303404	0.31382	0.314941	0.291418	0.31261	0.305138	0.32014	0.301141	0.321971	0.322296	0.297811	0.294495	0.312409	0.320331	0.305588	0.298085	0.319769	0.316579	0.322927	0.303514	0.327242	0.314893	0.336181	0.312109	0.32226	0.313948	0.324195	0.336977	0.317563	0.323668	0.336554	0.333983	0.337715	0.319003	0.325158	0.336506	0.3231	0.312827	0.325356	0.329454	0.313076	0.323847	0.329576	0.33436	0.352871	0.341086	0.33457	0.338574	0.340502	0.313691	0.311064	0.345714	0.340679	0.329699	0.329698	0.365061	0.362168	0.31372	0.329163	0.317748	0.341383	0.336834	0.345447	0.321685	0.329759	0.326275	0.331344	0.333947	0.335593	0.346353	0.333541	0.329169	0.337952	0.324936	0.365808	0.356908	0.35127	0.352449	0.352278	0.354606	0.343605	0.329294	0.331386	0.337863	0.345753	0.344253	0.350659	0.329072	0.328817	0.332881	0.336928	0.337437	0.33941	0.339248	0.337204	0.33924	0.309399	0.326674	0.307586	0.336054	0.346645	0.354754	0.346375	0.33817	0.347472	0.344063	0.328392	0.361653	0.342777	0.354933	0.357362	0.352305	0.329255	0.331398	0.33008	0.328758	0.315835	0.310034	0.314155	0.314842	0.273541	0.275866	0.253386	0.318295	0.333397	0.287883	0.323994	0.332347	0.297845	0.235849	0.239608	0.275316	0.296928	0.286358	0.281897	0.339526	0.336644	0.310091	0.343186	0.331438	0.27495	0.250271	0.23738	0.242251	0.266615	0.253373	0.261725	0.238524	0.237556	0.23007	0.240814	0.27403	0.267676	0.269493	0.303892	0.280266	0.299555	0.294995	0.29751	0.393631	0.250402	0.27564	0.284669	0.256622	0.26941	0.248153	0.246141	0.246144	0.272402	0.284897	0.260959	0.26709	0.252862	0.275014	0.265385	0.270484	0.324669	0.330449	0.321146	0.330215	0.29471	0.300876	0.327942	0.291442	0.277554	0.290176	0.285354	0.293889	0.256182	0.25234	0.239974	0.253157	0.253207	0.322032	0.314771	0.316742	0.309105	0.30666
Ceyx_cyanopectus	0.252937	0.259052	0.2648	0.294942	0.300409	0.283054	0.284703	0.328013	0.298861	0.37873	0.363727	0.268574	0.237953	0.252416	0.245764	0.241716	0.243734	0.245841	0.26642	0.261253	0.253033	0.263688	0.255432	0.287239	0.259011	0.263481	0.248694	0.282866	0.2877	0.267299	0.267359	0.274581	0.276626	0.247779	0.245765	0.249832	0.247779	0.247778	0.225869	0.240882	0.219386	0.229522	0.229549	0.233555	0.225413	0.331337	0.346617	0.351443	0.35344	0.348611	0.359664	0.361382	0.384249	0.363912	0.28516	0.295609	0.387066	0.442074	0.288498	0.227228	0.233639	0.239021	0	0.193346	0.188397	0.246645	0.254007	0.25461	0.253556	0.303893	0.301876	0.305903	0.330289	0.317003	0.318831	0.312376	0.309345	0.315966	0.329602	0.316654	0.311224	0.307256	0.281358	0.328893	0.316026	0.308639	0.33957	0.324158	0.342996	0.308782	0.302089	0.319557	0.264653	0.272785	0.308511	0.278937	0.289457	0.326586	0.287261	0.286905	0.299797	0.295417	0.301463	0.302516	0.341667	0.318325	0.336925	0.322111	0.340788	0.339366	0.341276	0.327949	0.321532	0.326033	0.346894	0.332377	0.336325	0.342952	0.342422	0.353909	0.333956	0.333832	0.329836	0.329836	0.351102	0.321869	0.339885	0.342356	0.329424	0.33984	0.340961	0.317438	0.33863	0.331157	0.346159	0.327161	0.347991	0.348316	0.323831	0.320515	0.338428	0.346351	0.331607	0.324105	0.345788	0.342599	0.348947	0.329534	0.353262	0.340913	0.3622	0.338129	0.348279	0.339968	0.350215	0.362997	0.343583	0.349688	0.362574	0.360002	0.363735	0.345022	0.351178	0.362526	0.34912	0.338847	0.351376	0.355473	0.339095	0.349867	0.355596	0.360379	0.37889	0.367106	0.360589	0.364594	0.366522	0.33971	0.337084	0.371734	0.366699	0.355718	0.355718	0.391081	0.388187	0.33974	0.355183	0.343768	0.367403	0.362853	0.371467	0.347704	0.355779	0.352295	0.357364	0.359967	0.361612	0.372373	0.359561	0.355189	0.363972	0.350956	0.391828	0.382928	0.37729	0.378469	0.378297	0.380626	0.369624	0.355313	0.357405	0.363883	0.371773	0.370272	0.376679	0.355092	0.354837	0.358901	0.362948	0.363457	0.36543	0.365268	0.363224	0.36526	0.335419	0.352694	0.333606	0.362074	0.372665	0.380773	0.372395	0.36419	0.373492	0.370083	0.354411	0.387672	0.368796	0.380952	0.383382	0.378325	0.355274	0.357418	0.356099	0.354778	0.341855	0.336054	0.340175	0.340862	0.299561	0.301886	0.279406	0.344315	0.359417	0.313903	0.350014	0.358367	0.323864	0.261868	0.265628	0.301335	0.322948	0.312378	0.307917	0.365546	0.362663	0.336111	0.369206	0.357458	0.30097	0.276291	0.2634	0.268271	0.292635	0.279393	0.287744	0.264544	0.263575	0.25609	0.266834	0.300049	0.293695	0.295513	0.329912	0.306286	0.325575	0.321015	0.32353	0.41965	0.276422	0.301659	0.310689	0.282642	0.295429	0.274173	0.27216	0.272164	0.298422	0.310917	0.286978	0.293109	0.278881	0.301034	0.291405	0.296504	0.350689	0.356469	0.347166	0.356234	0.32073	0.326895	0.353961	0.317462	0.303574	0.316195	0.311374	0.319909	0.282202	0.27836	0.265994	0.279176	0.279227	0.348052	0.340791	0.342762	0.335125	0.33268
Chloroceryle_aenea	0.223282	0.229397	0.235145	0.265288	0.270755	0.253399	0.255048	0.298358	0.269206	0.349076	0.334073	0.238919	0.208298	0.222761	0.216109	0.212062	0.214079	0.216186	0.236766	0.231598	0.223379	0.234033	0.225777	0.257585	0.229356	0.233826	0.219039	0.253211	0.258045	0.237644	0.237704	0.244926	0.246971	0.218125	0.216111	0.220177	0.218124	0.218123	0.196214	0.211227	0.189731	0.199867	0.199895	0.203901	0.195758	0.301682	0.316963	0.321789	0.323786	0.318956	0.330009	0.331728	0.354594	0.334257	0.255505	0.265954	0.357411	0.41242	0.258843	0.197573	0.203984	0.209366	0.193346	0	0.158742	0.21699	0.224353	0.224955	0.223901	0.274238	0.272221	0.276248	0.300635	0.287349	0.289176	0.282721	0.27969	0.286312	0.299947	0.286999	0.281569	0.277601	0.251704	0.299238	0.286372	0.278984	0.309916	0.294503	0.313341	0.279127	0.272435	0.289903	0.234998	0.24313	0.278856	0.249283	0.259802	0.296931	0.257606	0.25725	0.270142	0.265762	0.271808	0.272862	0.312013	0.28867	0.30727	0.292456	0.311133	0.309712	0.311622	0.298295	0.291877	0.296379	0.317239	0.302723	0.30667	0.313298	0.312768	0.324254	0.304301	0.304177	0.300181	0.300181	0.321448	0.292215	0.310231	0.312701	0.29977	0.310185	0.311306	0.287783	0.308975	0.301503	0.316505	0.297506	0.318336	0.318661	0.294176	0.29086	0.308774	0.316696	0.301953	0.29445	0.316134	0.312945	0.319292	0.299879	0.323607	0.311258	0.332546	0.308474	0.318625	0.310313	0.32056	0.333343	0.313928	0.320033	0.332919	0.330348	0.33408	0.315368	0.321523	0.332871	0.319465	0.309192	0.321721	0.325819	0.309441	0.320212	0.325941	0.330725	0.349236	0.337451	0.330935	0.334939	0.336867	0.310056	0.307429	0.342079	0.337044	0.326064	0.326064	0.361426	0.358533	0.310085	0.325528	0.314113	0.337748	0.333199	0.341812	0.31805	0.326124	0.32264	0.327709	0.330312	0.331958	0.342718	0.329906	0.325534	0.334317	0.321301	0.362173	0.353273	0.347635	0.348814	0.348643	0.350971	0.33997	0.325659	0.327751	0.334228	0.342118	0.340618	0.347024	0.325437	0.325182	0.329246	0.333293	0.333802	0.335775	0.335613	0.333569	0.335605	0.305764	0.323039	0.303951	0.332419	0.34301	0.351119	0.34274	0.334535	0.343837	0.340428	0.324757	0.358018	0.339142	0.351298	0.353727	0.34867	0.32562	0.327763	0.326445	0.325123	0.3122	0.306399	0.31052	0.311207	0.269906	0.272231	0.249751	0.31466	0.329762	0.284248	0.320359	0.328712	0.29421	0.232214	0.235973	0.271681	0.293294	0.282724	0.278262	0.335891	0.333009	0.306457	0.339551	0.327803	0.271315	0.246636	0.233745	0.238616	0.262981	0.249738	0.25809	0.234889	0.233921	0.226435	0.237179	0.270395	0.264041	0.265858	0.300257	0.276631	0.295921	0.29136	0.293875	0.389996	0.246768	0.272005	0.281034	0.252987	0.265775	0.244518	0.242506	0.242509	0.268767	0.281262	0.257324	0.263455	0.249227	0.271379	0.26175	0.266849	0.321034	0.326814	0.317511	0.32658	0.291075	0.297241	0.324307	0.287807	0.273919	0.286541	0.281719	0.290254	0.252547	0.248705	0.236339	0.249522	0.249572	0.318397	0.311136	0.313108	0.30547	0.303025
Halcyon_senegalensis	0.195751	0.201865	0.207614	0.237756	0.243223	0.225867	0.227517	0.270827	0.241675	0.321544	0.306541	0.211388	0.180767	0.19523	0.188578	0.18453	0.186547	0.188654	0.209234	0.204066	0.195847	0.206502	0.198246	0.230053	0.201825	0.206295	0.191508	0.22568	0.230514	0.210113	0.210173	0.217394	0.21944	0.190593	0.188579	0.192646	0.190593	0.190592	0.168683	0.183696	0.1622	0.172336	0.172363	0.176369	0.168227	0.274151	0.289431	0.294257	0.296254	0.291425	0.302478	0.304196	0.327063	0.306726	0.227974	0.238423	0.32988	0.384888	0.231312	0.170042	0.176453	0.181835	0.188397	0.158742	0	0.189459	0.196821	0.197424	0.196369	0.246706	0.24469	0.248716	0.273103	0.259817	0.261645	0.25519	0.252159	0.25878	0.272416	0.259468	0.254038	0.25007	0.224172	0.271707	0.25884	0.251452	0.282384	0.266972	0.28581	0.251596	0.244903	0.262371	0.207467	0.215599	0.251324	0.221751	0.23227	0.2694	0.230074	0.229719	0.242611	0.238231	0.244276	0.24533	0.284481	0.261138	0.279739	0.264925	0.283602	0.28218	0.28409	0.270763	0.264346	0.268847	0.289708	0.275191	0.279139	0.285766	0.285236	0.296722	0.276769	0.276645	0.272649	0.272649	0.293916	0.264683	0.282699	0.285169	0.272238	0.282654	0.283775	0.260251	0.281443	0.273971	0.288973	0.269975	0.290804	0.29113	0.266645	0.263329	0.281242	0.289164	0.274421	0.266919	0.288602	0.285413	0.291761	0.272347	0.296076	0.283727	0.305014	0.280943	0.291093	0.282782	0.293028	0.305811	0.286397	0.292502	0.305387	0.302816	0.306549	0.287836	0.293992	0.305339	0.291933	0.281661	0.29419	0.298287	0.281909	0.292681	0.29841	0.303193	0.321704	0.30992	0.303403	0.307408	0.309336	0.282524	0.279898	0.314548	0.309513	0.298532	0.298532	0.333895	0.331001	0.282554	0.297997	0.286581	0.310217	0.305667	0.31428	0.290518	0.298593	0.295109	0.300178	0.302781	0.304426	0.315187	0.302374	0.298003	0.306785	0.293769	0.334641	0.325741	0.320104	0.321283	0.321111	0.32344	0.312438	0.298127	0.300219	0.306697	0.314587	0.313086	0.319493	0.297906	0.297651	0.301715	0.305762	0.306271	0.308244	0.308081	0.306038	0.308074	0.278232	0.295508	0.27642	0.304888	0.315479	0.323587	0.315208	0.307004	0.316306	0.312897	0.297225	0.330486	0.31161	0.323766	0.326196	0.321139	0.298088	0.300232	0.298913	0.297592	0.284669	0.278868	0.282989	0.283676	0.242375	0.244699	0.22222	0.287129	0.302231	0.256717	0.292828	0.301181	0.266678	0.204682	0.208442	0.244149	0.265762	0.255192	0.250731	0.30836	0.305477	0.278925	0.31202	0.300272	0.243784	0.219105	0.206214	0.211085	0.235449	0.222206	0.230558	0.207358	0.206389	0.198904	0.209648	0.242863	0.236509	0.238327	0.272726	0.2491	0.268389	0.263829	0.266344	0.362464	0.219236	0.244473	0.253503	0.225455	0.238243	0.216986	0.214974	0.214978	0.241236	0.253731	0.229792	0.235923	0.221695	0.243848	0.234219	0.239318	0.293503	0.299283	0.289979	0.299048	0.263544	0.269709	0.296775	0.260276	0.246387	0.259009	0.254187	0.262723	0.225016	0.221174	0.208808	0.22199	0.222041	0.290866	0.283605	0.285576	0.277939	0.275494
Baryphthengus_martii	0.232019	0.238134	0.243883	0.274025	0.279492	0.262136	0.263786	0.307096	0.277943	0.357813	0.34281	0.247657	0.217035	0.231499	0.224847	0.220799	0.222816	0.224923	0.245503	0.240335	0.232116	0.242771	0.234514	0.266322	0.238093	0.242563	0.227776	0.261948	0.266782	0.246382	0.246441	0.253663	0.255708	0.226862	0.224848	0.228914	0.226861	0.226861	0.204952	0.219965	0.198468	0.208605	0.208632	0.212638	0.204496	0.31042	0.3257	0.330526	0.332523	0.327693	0.338746	0.340465	0.363332	0.342994	0.264242	0.274692	0.366149	0.421157	0.267581	0.20631	0.212721	0.220625	0.246645	0.21699	0.189459	0	0.23309	0.233693	0.232638	0.282975	0.280959	0.284985	0.309372	0.296086	0.297914	0.291458	0.288428	0.295049	0.308685	0.295737	0.290306	0.286338	0.260441	0.307975	0.295109	0.287721	0.318653	0.303241	0.322078	0.287865	0.281172	0.29864	0.243736	0.251868	0.287593	0.25802	0.268539	0.305668	0.266343	0.265987	0.278879	0.2745	0.280545	0.281599	0.32075	0.297407	0.316008	0.301193	0.31987	0.318449	0.320359	0.307032	0.300614	0.305116	0.325977	0.31146	0.315407	0.322035	0.321505	0.332991	0.313038	0.312914	0.308918	0.308918	0.330185	0.300952	0.318968	0.321438	0.308507	0.318922	0.320044	0.29652	0.317712	0.31024	0.325242	0.306243	0.327073	0.327399	0.302913	0.299597	0.317511	0.325433	0.31069	0.303188	0.324871	0.321682	0.328029	0.308616	0.332344	0.319996	0.341283	0.317211	0.327362	0.31905	0.329297	0.34208	0.322665	0.328771	0.341656	0.339085	0.342817	0.324105	0.33026	0.341608	0.328202	0.317929	0.330459	0.334556	0.318178	0.328949	0.334678	0.339462	0.357973	0.346188	0.339672	0.343676	0.345604	0.318793	0.316166	0.350816	0.345782	0.334801	0.334801	0.370163	0.36727	0.318823	0.334266	0.32285	0.346486	0.341936	0.350549	0.326787	0.334862	0.331377	0.336446	0.33905	0.340695	0.351456	0.338643	0.334272	0.343054	0.330038	0.37091	0.36201	0.356373	0.357551	0.35738	0.359708	0.348707	0.334396	0.336488	0.342965	0.350855	0.349355	0.355761	0.334174	0.333919	0.337984	0.342031	0.342539	0.344512	0.34435	0.342306	0.344342	0.314501	0.331776	0.312688	0.341156	0.351747	0.359856	0.351477	0.343272	0.352574	0.349165	0.333494	0.366755	0.347879	0.360035	0.362464	0.357407	0.334357	0.3365	0.335182	0.333861	0.320937	0.315137	0.319257	0.319945	0.278643	0.280968	0.258489	0.323398	0.338499	0.292986	0.329096	0.33745	0.302947	0.240951	0.24471	0.280418	0.302031	0.291461	0.286999	0.344629	0.341746	0.315194	0.348288	0.336541	0.280052	0.255373	0.242483	0.247354	0.271718	0.258475	0.266827	0.243627	0.242658	0.235172	0.245916	0.279132	0.272778	0.274596	0.308995	0.285368	0.304658	0.300098	0.302612	0.398733	0.255505	0.280742	0.289771	0.261724	0.274512	0.253255	0.251243	0.251246	0.277505	0.29	0.266061	0.272192	0.257964	0.280116	0.270487	0.275587	0.329772	0.335552	0.326248	0.335317	0.299813	0.305978	0.333044	0.296545	0.282656	0.295278	0.290456	0.298991	0.261284	0.257443	0.245076	0.258259	0.25831	0.327134	0.319873	0.321845	0.314207	0.311762
Herpetotheres_cachinnans	0.162176	0.168291	0.17404	0.204182	0.209649	0.192293	0.193942	0.237252	0.2081	0.28797	0.272967	0.177813	0.147192	0.161656	0.155004	0.150956	0.152973	0.15508	0.17566	0.170492	0.162273	0.172928	0.164671	0.196479	0.16825	0.17272	0.157933	0.192105	0.196939	0.176539	0.176598	0.18382	0.185865	0.157019	0.155005	0.159071	0.157018	0.157017	0.152308	0.167322	0.145825	0.155961	0.155989	0.159995	0.151852	0.257776	0.273057	0.277883	0.27988	0.27505	0.286103	0.287822	0.310688	0.290351	0.223927	0.234376	0.325833	0.380842	0.265165	0.203895	0.210306	0.227988	0.254007	0.224353	0.196821	0.23309	0	0.0663522	0.0652978	0.19421	0.192194	0.19622	0.220607	0.207321	0.209149	0.210341	0.20731	0.213932	0.227567	0.214619	0.209189	0.205221	0.179324	0.226858	0.213991	0.206604	0.237536	0.222123	0.240961	0.206747	0.200055	0.217523	0.162618	0.17075	0.206476	0.176903	0.187422	0.224551	0.185226	0.18487	0.197762	0.193382	0.199428	0.200482	0.239633	0.21629	0.23489	0.220076	0.238753	0.237332	0.239241	0.225915	0.219497	0.223999	0.244859	0.230343	0.23429	0.240918	0.240387	0.251874	0.231921	0.231797	0.227801	0.227801	0.249068	0.219834	0.237851	0.240321	0.227389	0.237805	0.238926	0.215403	0.236595	0.229123	0.244125	0.225126	0.245956	0.246281	0.221796	0.21848	0.236394	0.244316	0.229573	0.22207	0.243754	0.240564	0.246912	0.227499	0.251227	0.238878	0.260166	0.236094	0.246245	0.237933	0.24818	0.260962	0.241548	0.247653	0.260539	0.257968	0.2617	0.242988	0.249143	0.260491	0.247085	0.236812	0.249341	0.253439	0.237061	0.247832	0.253561	0.258345	0.276856	0.265071	0.258555	0.262559	0.264487	0.237676	0.235049	0.269699	0.264664	0.253684	0.253683	0.289046	0.286153	0.237705	0.253148	0.241733	0.265368	0.260819	0.269432	0.24567	0.253744	0.25026	0.255329	0.257932	0.259578	0.270338	0.257526	0.253154	0.261937	0.248921	0.289793	0.280893	0.275255	0.276434	0.276263	0.278591	0.26759	0.253279	0.255371	0.261848	0.269738	0.268238	0.274644	0.253057	0.252802	0.256866	0.260913	0.261422	0.263395	0.263233	0.261189	0.263225	0.233384	0.250659	0.231571	0.260039	0.27063	0.278739	0.27036	0.262155	0.271457	0.268048	0.252377	0.285638	0.266762	0.278918	0.281347	0.27629	0.25324	0.255383	0.254065	0.252743	0.23982	0.234019	0.23814	0.238827	0.2088	0.211125	0.188646	0.253555	0.268656	0.223142	0.259253	0.267607	0.233104	0.171108	0.174867	0.210575	0.232188	0.221618	0.217156	0.274786	0.271903	0.245351	0.278445	0.266698	0.210209	0.18553	0.17264	0.177511	0.201875	0.188632	0.196984	0.173783	0.172815	0.165329	0.176073	0.209289	0.202935	0.204753	0.239152	0.215525	0.234815	0.230254	0.232769	0.32889	0.185662	0.210899	0.219928	0.191881	0.204669	0.183412	0.1814	0.181403	0.207661	0.220157	0.196218	0.202349	0.188121	0.210273	0.200644	0.205744	0.259929	0.265709	0.256405	0.265474	0.22997	0.236135	0.263201	0.226701	0.212813	0.225435	0.220613	0.229148	0.191441	0.1876	0.175233	0.188416	0.188467	0.257291	0.25003	0.252002	0.244364	0.241919
Falco_cherrug	0.162779	0.168894	0.174642	0.204784	0.210251	0.192896	0.194545	0.237855	0.208703	0.288573	0.27357	0.178416	0.147795	0.162258	0.155606	0.151558	0.153576	0.155683	0.176263	0.171095	0.162875	0.17353	0.165274	0.197081	0.168853	0.173323	0.158536	0.192708	0.197542	0.177141	0.177201	0.184423	0.186468	0.157621	0.155607	0.159674	0.157621	0.15762	0.152911	0.167924	0.146428	0.156564	0.156591	0.160597	0.152455	0.258379	0.273659	0.278485	0.280482	0.275653	0.286706	0.288424	0.311291	0.290954	0.22453	0.234979	0.326436	0.381444	0.265768	0.204498	0.210909	0.22859	0.25461	0.224955	0.197424	0.233693	0.0663522	0	0.00623241	0.194813	0.192797	0.196823	0.22121	0.207924	0.209752	0.210944	0.207913	0.214534	0.22817	0.215222	0.209792	0.205824	0.179926	0.227461	0.214594	0.207206	0.238138	0.222726	0.241564	0.20735	0.200657	0.218125	0.163221	0.171353	0.207079	0.177505	0.188025	0.225154	0.185828	0.185473	0.198365	0.193985	0.20003	0.201084	0.240235	0.216893	0.235493	0.220679	0.239356	0.237934	0.239844	0.226517	0.2201	0.224601	0.245462	0.230945	0.234893	0.24152	0.24099	0.252477	0.232523	0.2324	0.228404	0.228404	0.24967	0.220437	0.238453	0.240924	0.227992	0.238408	0.239529	0.216005	0.237197	0.229725	0.244727	0.225729	0.246559	0.246884	0.222399	0.219083	0.236996	0.244918	0.230175	0.222673	0.244356	0.241167	0.247515	0.228101	0.25183	0.239481	0.260768	0.236697	0.246847	0.238536	0.248783	0.261565	0.242151	0.248256	0.261142	0.25857	0.262303	0.24359	0.249746	0.261094	0.247687	0.237415	0.249944	0.254041	0.237663	0.248435	0.254164	0.258947	0.277458	0.265674	0.259157	0.263162	0.26509	0.238278	0.235652	0.270302	0.265267	0.254286	0.254286	0.289649	0.286755	0.238308	0.253751	0.242336	0.265971	0.261421	0.270034	0.246272	0.254347	0.250863	0.255932	0.258535	0.26018	0.270941	0.258129	0.253757	0.26254	0.249523	0.290396	0.281495	0.275858	0.277037	0.276865	0.279194	0.268192	0.253881	0.255973	0.262451	0.270341	0.26884	0.275247	0.25366	0.253405	0.257469	0.261516	0.262025	0.263998	0.263836	0.261792	0.263828	0.233986	0.251262	0.232174	0.260642	0.271233	0.279341	0.270962	0.262758	0.27206	0.268651	0.252979	0.28624	0.267364	0.27952	0.28195	0.276893	0.253842	0.255986	0.254667	0.253346	0.240423	0.234622	0.238743	0.23943	0.209403	0.211728	0.189248	0.254157	0.269259	0.223745	0.259856	0.268209	0.233707	0.171711	0.17547	0.211177	0.23279	0.22222	0.217759	0.275388	0.272506	0.245953	0.279048	0.2673	0.210812	0.186133	0.173242	0.178113	0.202477	0.189235	0.197587	0.174386	0.173418	0.165932	0.176676	0.209891	0.203537	0.205355	0.239754	0.216128	0.235417	0.230857	0.233372	0.329493	0.186264	0.211502	0.220531	0.192484	0.205272	0.184015	0.182002	0.182006	0.208264	0.220759	0.196821	0.202952	0.188724	0.210876	0.201247	0.206346	0.260531	0.266311	0.257008	0.266077	0.230572	0.236738	0.263803	0.227304	0.213416	0.226037	0.221216	0.229751	0.192044	0.188202	0.175836	0.189019	0.189069	0.257894	0.250633	0.252604	0.244967	0.242522
Falco_peregrinus	0.161725	0.167839	0.173588	0.20373	0.209197	0.191841	0.193491	0.236801	0.207649	0.287518	0.272515	0.177362	0.14674	0.161204	0.154552	0.150504	0.152521	0.154628	0.175208	0.17004	0.161821	0.172476	0.16422	0.196027	0.167798	0.172269	0.157481	0.191654	0.196488	0.176087	0.176147	0.183368	0.185414	0.156567	0.154553	0.15862	0.156567	0.156566	0.151857	0.16687	0.145374	0.15551	0.155537	0.159543	0.151401	0.257325	0.272605	0.277431	0.279428	0.274598	0.285652	0.28737	0.310237	0.2899	0.223476	0.233925	0.325382	0.38039	0.264714	0.203444	0.209854	0.227536	0.253556	0.223901	0.196369	0.232638	0.0652978	0.00623241	0	0.193759	0.191742	0.195769	0.220155	0.206869	0.208697	0.209889	0.206859	0.21348	0.227116	0.214168	0.208737	0.204769	0.178872	0.226406	0.21354	0.206152	0.237084	0.221672	0.240509	0.206296	0.199603	0.217071	0.162167	0.170299	0.206024	0.176451	0.18697	0.2241	0.184774	0.184418	0.19731	0.192931	0.198976	0.20003	0.239181	0.215838	0.234439	0.219624	0.238301	0.23688	0.23879	0.225463	0.219045	0.223547	0.244408	0.229891	0.233838	0.240466	0.239936	0.251422	0.231469	0.231345	0.227349	0.227349	0.248616	0.219383	0.237399	0.239869	0.226938	0.237353	0.238475	0.214951	0.236143	0.228671	0.243673	0.224674	0.245504	0.24583	0.221344	0.218029	0.235942	0.243864	0.229121	0.221619	0.243302	0.240113	0.24646	0.227047	0.250775	0.238427	0.259714	0.235642	0.245793	0.237481	0.247728	0.260511	0.241097	0.247202	0.260087	0.257516	0.261248	0.242536	0.248691	0.260039	0.246633	0.23636	0.24889	0.252987	0.236609	0.24738	0.253109	0.257893	0.276404	0.264619	0.258103	0.262107	0.264035	0.237224	0.234597	0.269248	0.264213	0.253232	0.253232	0.288594	0.285701	0.237254	0.252697	0.241281	0.264917	0.260367	0.26898	0.245218	0.253293	0.249808	0.254877	0.257481	0.259126	0.269887	0.257074	0.252703	0.261485	0.248469	0.289341	0.280441	0.274804	0.275982	0.275811	0.278139	0.267138	0.252827	0.254919	0.261396	0.269286	0.267786	0.274192	0.252605	0.25235	0.256415	0.260462	0.26097	0.262944	0.262781	0.260737	0.262773	0.232932	0.250207	0.231119	0.259587	0.270178	0.278287	0.269908	0.261703	0.271005	0.267596	0.251925	0.285186	0.26631	0.278466	0.280895	0.275838	0.252788	0.254931	0.253613	0.252292	0.239368	0.233568	0.237688	0.238376	0.208348	0.210673	0.188194	0.253103	0.268205	0.222691	0.258802	0.267155	0.232652	0.170656	0.174416	0.210123	0.231736	0.221166	0.216704	0.274334	0.271451	0.244899	0.277994	0.266246	0.209757	0.185079	0.172188	0.177059	0.201423	0.18818	0.196532	0.173332	0.172363	0.164878	0.175622	0.208837	0.202483	0.204301	0.2387	0.215073	0.234363	0.229803	0.232318	0.328438	0.18521	0.210447	0.219477	0.191429	0.204217	0.18296	0.180948	0.180952	0.20721	0.219705	0.195766	0.201897	0.187669	0.209822	0.200193	0.205292	0.259477	0.265257	0.255953	0.265022	0.229518	0.235683	0.262749	0.22625	0.212361	0.224983	0.220161	0.228697	0.19099	0.187148	0.174782	0.187964	0.188015	0.25684	0.249579	0.25155	0.243913	0.241468
Nestor_notabilis	0.212062	0.218176	0.223925	0.254067	0.259534	0.242178	0.243828	0.287138	0.257985	0.337855	0.322852	0.227699	0.197077	0.211541	0.204889	0.200841	0.202858	0.204965	0.225545	0.220377	0.212158	0.222813	0.214557	0.246364	0.218135	0.222606	0.207818	0.241991	0.246825	0.226424	0.226484	0.233705	0.23575	0.206904	0.20489	0.208957	0.206904	0.206903	0.202194	0.217207	0.19571	0.205847	0.205874	0.20988	0.201738	0.307662	0.322942	0.327768	0.329765	0.324935	0.335989	0.337707	0.360574	0.340237	0.273813	0.284262	0.375719	0.430727	0.315051	0.25378	0.260191	0.277873	0.303893	0.274238	0.246706	0.282975	0.19421	0.194813	0.193759	0	0.118328	0.122355	0.146741	0.133455	0.135283	0.260226	0.257196	0.263817	0.277453	0.264505	0.259074	0.255106	0.229209	0.276743	0.263877	0.256489	0.287421	0.272009	0.290846	0.256633	0.24994	0.267408	0.212504	0.220636	0.256361	0.226788	0.237307	0.274436	0.235111	0.234755	0.247647	0.243268	0.249313	0.250367	0.289518	0.266175	0.284776	0.269961	0.288638	0.287217	0.289127	0.2758	0.269382	0.273884	0.294745	0.280228	0.284175	0.290803	0.290273	0.301759	0.281806	0.281682	0.277686	0.277686	0.298953	0.26972	0.287736	0.290206	0.277275	0.28769	0.288812	0.265288	0.28648	0.279008	0.29401	0.275011	0.295841	0.296167	0.271681	0.268365	0.286279	0.294201	0.279458	0.271956	0.293639	0.29045	0.296797	0.277384	0.301112	0.288764	0.310051	0.285979	0.29613	0.287818	0.298065	0.310848	0.291433	0.297539	0.310424	0.307853	0.311585	0.292873	0.299028	0.310376	0.29697	0.286697	0.299227	0.303324	0.286946	0.297717	0.303446	0.30823	0.326741	0.314956	0.30844	0.312444	0.314372	0.287561	0.284934	0.319584	0.31455	0.303569	0.303569	0.338931	0.336038	0.287591	0.303034	0.291618	0.315254	0.310704	0.319317	0.295555	0.30363	0.300145	0.305214	0.307818	0.309463	0.320224	0.307411	0.30304	0.311822	0.298806	0.339678	0.330778	0.325141	0.326319	0.326148	0.328476	0.317475	0.303164	0.305256	0.311733	0.319623	0.318123	0.324529	0.302942	0.302687	0.306752	0.310799	0.311307	0.31328	0.313118	0.311074	0.31311	0.283269	0.300544	0.281456	0.309924	0.320515	0.328624	0.320245	0.31204	0.321342	0.317933	0.302262	0.335523	0.316647	0.328803	0.331232	0.326175	0.303125	0.305268	0.30395	0.302629	0.289705	0.283905	0.288025	0.288713	0.258685	0.26101	0.238531	0.30344	0.318542	0.273028	0.309138	0.317492	0.282989	0.220993	0.224752	0.26046	0.282073	0.271503	0.267041	0.324671	0.321788	0.295236	0.328331	0.316583	0.260094	0.235416	0.222525	0.227396	0.25176	0.238517	0.246869	0.223669	0.2227	0.215215	0.225958	0.259174	0.25282	0.254638	0.289037	0.26541	0.2847	0.28014	0.282655	0.378775	0.235547	0.260784	0.269814	0.241766	0.254554	0.233297	0.231285	0.231289	0.257547	0.270042	0.246103	0.252234	0.238006	0.260159	0.25053	0.255629	0.309814	0.315594	0.30629	0.315359	0.279855	0.28602	0.313086	0.276587	0.262698	0.27532	0.270498	0.279033	0.241326	0.237485	0.225119	0.238301	0.238352	0.307177	0.299916	0.301887	0.294249	0.291805
Eolophus_roseicapillus	0.210045	0.21616	0.221908	0.252051	0.257518	0.240162	0.241811	0.285121	0.255969	0.335839	0.320836	0.225682	0.195061	0.209524	0.202872	0.198824	0.200842	0.202949	0.223529	0.218361	0.210142	0.220796	0.21254	0.244348	0.216119	0.220589	0.205802	0.239974	0.244808	0.224407	0.224467	0.231689	0.233734	0.204887	0.202874	0.20694	0.204887	0.204886	0.200177	0.21519	0.193694	0.20383	0.203857	0.207863	0.199721	0.305645	0.320925	0.325752	0.327748	0.322919	0.333972	0.335691	0.358557	0.33822	0.271796	0.282245	0.373702	0.428711	0.313034	0.251764	0.258175	0.275856	0.301876	0.272221	0.24469	0.280959	0.192194	0.192797	0.191742	0.118328	0	0.0370981	0.102608	0.0893226	0.0911504	0.25821	0.255179	0.2618	0.275436	0.262488	0.257058	0.25309	0.227192	0.274727	0.26186	0.254473	0.285404	0.269992	0.28883	0.254616	0.247923	0.265391	0.210487	0.218619	0.254345	0.224771	0.235291	0.27242	0.233095	0.232739	0.245631	0.241251	0.247297	0.24835	0.287501	0.264159	0.282759	0.267945	0.286622	0.2852	0.28711	0.273784	0.267366	0.271867	0.292728	0.278211	0.282159	0.288787	0.288256	0.299743	0.27979	0.279666	0.27567	0.27567	0.296936	0.267703	0.285719	0.28819	0.275258	0.285674	0.286795	0.263272	0.284464	0.276991	0.291993	0.272995	0.293825	0.29415	0.269665	0.266349	0.284262	0.292185	0.277441	0.269939	0.291622	0.288433	0.294781	0.275368	0.299096	0.286747	0.308034	0.283963	0.294113	0.285802	0.296049	0.308831	0.289417	0.295522	0.308408	0.305836	0.309569	0.290857	0.297012	0.30836	0.294954	0.284681	0.29721	0.301307	0.284929	0.295701	0.30143	0.306213	0.324724	0.31294	0.306423	0.310428	0.312356	0.285544	0.282918	0.317568	0.312533	0.301552	0.301552	0.336915	0.334021	0.285574	0.301017	0.289602	0.313237	0.308687	0.317301	0.293538	0.301613	0.298129	0.303198	0.305801	0.307446	0.318207	0.305395	0.301023	0.309806	0.29679	0.337662	0.328762	0.323124	0.324303	0.324131	0.32646	0.315458	0.301147	0.303239	0.309717	0.317607	0.316106	0.322513	0.300926	0.300671	0.304735	0.308782	0.309291	0.311264	0.311102	0.309058	0.311094	0.281253	0.298528	0.27944	0.307908	0.318499	0.326607	0.318229	0.310024	0.319326	0.315917	0.300245	0.333506	0.314631	0.326786	0.329216	0.324159	0.301108	0.303252	0.301933	0.300612	0.287689	0.281888	0.286009	0.286696	0.256669	0.258994	0.236514	0.301423	0.316525	0.271011	0.307122	0.315475	0.280973	0.218977	0.222736	0.258444	0.280056	0.269486	0.265025	0.322654	0.319772	0.293219	0.326314	0.314566	0.258078	0.233399	0.220508	0.225379	0.249743	0.236501	0.244853	0.221652	0.220684	0.213198	0.223942	0.257158	0.250804	0.252621	0.28702	0.263394	0.282683	0.278123	0.280638	0.376759	0.23353	0.258768	0.267797	0.23975	0.252538	0.231281	0.229269	0.229272	0.25553	0.268025	0.244087	0.250218	0.23599	0.258142	0.248513	0.253612	0.307797	0.313577	0.304274	0.313343	0.277838	0.284004	0.31107	0.27457	0.260682	0.273303	0.268482	0.277017	0.23931	0.235468	0.223102	0.236285	0.236335	0.30516	0.297899	0.29987	0.292233	0.289788
Probosciger_aterrimus	0.214072	0.220186	0.225935	0.256077	0.261544	0.244188	0.245838	0.289148	0.259996	0.339865	0.324862	0.229709	0.199087	0.213551	0.206899	0.202851	0.204868	0.206975	0.227555	0.222387	0.214168	0.224823	0.216567	0.248374	0.220145	0.224616	0.209828	0.244001	0.248835	0.228434	0.228494	0.235715	0.237761	0.208914	0.2069	0.210967	0.208914	0.208913	0.204204	0.219217	0.197721	0.207857	0.207884	0.21189	0.203748	0.309672	0.324952	0.329778	0.331775	0.326945	0.337999	0.339717	0.362584	0.342247	0.275823	0.286272	0.377729	0.432737	0.317061	0.255791	0.262201	0.279883	0.305903	0.276248	0.248716	0.284985	0.19622	0.196823	0.195769	0.122355	0.0370981	0	0.106635	0.0933492	0.095177	0.262236	0.259206	0.265827	0.279463	0.266515	0.261084	0.257117	0.231219	0.278753	0.265887	0.258499	0.289431	0.274019	0.292857	0.258643	0.25195	0.269418	0.214514	0.222646	0.258371	0.228798	0.239317	0.276447	0.237121	0.236765	0.249657	0.245278	0.251323	0.252377	0.291528	0.268185	0.286786	0.271971	0.290648	0.289227	0.291137	0.27781	0.271392	0.275894	0.296755	0.282238	0.286185	0.292813	0.292283	0.303769	0.283816	0.283692	0.279696	0.279696	0.300963	0.27173	0.289746	0.292216	0.279285	0.2897	0.290822	0.267298	0.28849	0.281018	0.29602	0.277021	0.297851	0.298177	0.273691	0.270376	0.288289	0.296211	0.281468	0.273966	0.295649	0.29246	0.298807	0.279394	0.303122	0.290774	0.312061	0.287989	0.29814	0.289828	0.300075	0.312858	0.293444	0.299549	0.312434	0.309863	0.313595	0.294883	0.301038	0.312386	0.29898	0.288707	0.301237	0.305334	0.288956	0.299727	0.305456	0.31024	0.328751	0.316966	0.31045	0.314454	0.316382	0.289571	0.286944	0.321595	0.31656	0.305579	0.305579	0.340941	0.338048	0.289601	0.305044	0.293628	0.317264	0.312714	0.321327	0.297565	0.30564	0.302155	0.307224	0.309828	0.311473	0.322234	0.309421	0.30505	0.313832	0.300816	0.341688	0.332788	0.327151	0.328329	0.328158	0.330486	0.319485	0.305174	0.307266	0.313743	0.321633	0.320133	0.326539	0.304953	0.304698	0.308762	0.312809	0.313318	0.315291	0.315128	0.313084	0.315121	0.285279	0.302554	0.283466	0.311934	0.322525	0.330634	0.322255	0.31405	0.323352	0.319943	0.304272	0.337533	0.318657	0.330813	0.333243	0.328185	0.305135	0.307278	0.30596	0.304639	0.291715	0.285915	0.290035	0.290723	0.260696	0.26302	0.240541	0.30545	0.320552	0.275038	0.311149	0.319502	0.284999	0.223003	0.226763	0.26247	0.284083	0.273513	0.269051	0.326681	0.323798	0.297246	0.330341	0.318593	0.262104	0.237426	0.224535	0.229406	0.25377	0.240527	0.248879	0.225679	0.22471	0.217225	0.227969	0.261184	0.25483	0.256648	0.291047	0.26742	0.28671	0.28215	0.284665	0.380785	0.237557	0.262794	0.271824	0.243776	0.256564	0.235307	0.233295	0.233299	0.259557	0.272052	0.248113	0.254244	0.240016	0.262169	0.25254	0.257639	0.311824	0.317604	0.3083	0.317369	0.281865	0.28803	0.315096	0.278597	0.264708	0.27733	0.272508	0.281044	0.243337	0.239495	0.227129	0.240311	0.240362	0.309187	0.301926	0.303897	0.29626	0.293815
Amazona_guildingii	0.238458	0.244573	0.250321	0.280464	0.285931	0.268575	0.270224	0.313534	0.284382	0.364252	0.349249	0.254095	0.223474	0.237937	0.231285	0.227238	0.229255	0.231362	0.251942	0.246774	0.238555	0.249209	0.240953	0.272761	0.244532	0.249002	0.234215	0.268387	0.273221	0.25282	0.25288	0.260102	0.262147	0.233301	0.231287	0.235353	0.2333	0.233299	0.22859	0.243603	0.222107	0.232243	0.232271	0.236277	0.228134	0.334058	0.349338	0.354165	0.356162	0.351332	0.362385	0.364104	0.38697	0.366633	0.300209	0.310658	0.402115	0.457124	0.341447	0.280177	0.286588	0.304269	0.330289	0.300635	0.273103	0.309372	0.220607	0.22121	0.220155	0.146741	0.102608	0.106635	0	0.113217	0.115044	0.286623	0.283592	0.290213	0.303849	0.290901	0.285471	0.281503	0.255605	0.30314	0.290273	0.282886	0.313818	0.298405	0.317243	0.283029	0.276337	0.293804	0.2389	0.247032	0.282758	0.253184	0.263704	0.300833	0.261508	0.261152	0.274044	0.269664	0.27571	0.276763	0.315915	0.292572	0.311172	0.296358	0.315035	0.313614	0.315523	0.302197	0.295779	0.300281	0.321141	0.306624	0.310572	0.3172	0.316669	0.328156	0.308203	0.308079	0.304083	0.304083	0.32535	0.296116	0.314133	0.316603	0.303671	0.314087	0.315208	0.291685	0.312877	0.305405	0.320406	0.301408	0.322238	0.322563	0.298078	0.294762	0.312676	0.320598	0.305855	0.298352	0.320035	0.316846	0.323194	0.303781	0.327509	0.31516	0.336448	0.312376	0.322527	0.314215	0.324462	0.337244	0.31783	0.323935	0.336821	0.33425	0.337982	0.31927	0.325425	0.336773	0.323367	0.313094	0.325623	0.32972	0.313343	0.324114	0.329843	0.334627	0.353137	0.341353	0.334836	0.338841	0.340769	0.313957	0.311331	0.345981	0.340946	0.329966	0.329965	0.365328	0.362434	0.313987	0.32943	0.318015	0.34165	0.337101	0.345714	0.321952	0.330026	0.326542	0.331611	0.334214	0.33586	0.34662	0.333808	0.329436	0.338219	0.325203	0.366075	0.357175	0.351537	0.352716	0.352545	0.354873	0.343872	0.329561	0.331653	0.33813	0.34602	0.34452	0.350926	0.329339	0.329084	0.333148	0.337195	0.337704	0.339677	0.339515	0.337471	0.339507	0.309666	0.326941	0.307853	0.336321	0.346912	0.35502	0.346642	0.338437	0.347739	0.34433	0.328659	0.36192	0.343044	0.355199	0.357629	0.352572	0.329521	0.331665	0.330346	0.329025	0.316102	0.310301	0.314422	0.315109	0.285082	0.287407	0.264927	0.329837	0.344938	0.299424	0.335535	0.343888	0.309386	0.24739	0.251149	0.286857	0.30847	0.2979	0.293438	0.351067	0.348185	0.321633	0.354727	0.34298	0.286491	0.261812	0.248922	0.253793	0.278157	0.264914	0.273266	0.250065	0.249097	0.241611	0.252355	0.285571	0.279217	0.281034	0.315433	0.291807	0.311097	0.306536	0.309051	0.405172	0.261944	0.287181	0.29621	0.268163	0.280951	0.259694	0.257682	0.257685	0.283943	0.296438	0.2725	0.278631	0.264403	0.286555	0.276926	0.282026	0.33621	0.34199	0.332687	0.341756	0.306252	0.312417	0.339483	0.302983	0.289095	0.301717	0.296895	0.30543	0.267723	0.263881	0.251515	0.264698	0.264749	0.333573	0.326312	0.328284	0.320646	0.318201
Agapornis_roseicollis	0.225172	0.231287	0.237036	0.267178	0.272645	0.255289	0.256939	0.300249	0.271096	0.350966	0.335963	0.24081	0.210188	0.224652	0.218	0.213952	0.215969	0.218076	0.238656	0.233488	0.225269	0.235924	0.227667	0.259475	0.231246	0.235716	0.220929	0.255101	0.259935	0.239535	0.239594	0.246816	0.248861	0.220015	0.218001	0.222067	0.220014	0.220014	0.215305	0.230318	0.208821	0.218957	0.218985	0.222991	0.214848	0.320772	0.336053	0.340879	0.342876	0.338046	0.349099	0.350818	0.373684	0.353347	0.286923	0.297372	0.388829	0.443838	0.328161	0.266891	0.273302	0.290984	0.317003	0.287349	0.259817	0.296086	0.207321	0.207924	0.206869	0.133455	0.0893226	0.0933492	0.113217	0	0.082572	0.273337	0.270306	0.276928	0.290563	0.277615	0.272185	0.268217	0.24232	0.289854	0.276987	0.2696	0.300532	0.285119	0.303957	0.269743	0.263051	0.280519	0.225614	0.233746	0.269472	0.239899	0.250418	0.287547	0.248222	0.247866	0.260758	0.256378	0.262424	0.263478	0.302629	0.279286	0.297886	0.283072	0.301749	0.300328	0.302237	0.288911	0.282493	0.286995	0.307855	0.293339	0.297286	0.303914	0.303383	0.31487	0.294917	0.294793	0.290797	0.290797	0.312064	0.28283	0.300847	0.303317	0.290386	0.300801	0.301922	0.278399	0.299591	0.292119	0.307121	0.288122	0.308952	0.309277	0.284792	0.281476	0.29939	0.307312	0.292569	0.285066	0.30675	0.303561	0.309908	0.290495	0.314223	0.301874	0.323162	0.29909	0.309241	0.300929	0.311176	0.323958	0.304544	0.310649	0.323535	0.320964	0.324696	0.305984	0.312139	0.323487	0.310081	0.299808	0.312337	0.316435	0.300057	0.310828	0.316557	0.321341	0.339852	0.328067	0.321551	0.325555	0.327483	0.300672	0.298045	0.332695	0.32766	0.31668	0.316679	0.352042	0.349149	0.300701	0.316144	0.304729	0.328364	0.323815	0.332428	0.308666	0.31674	0.313256	0.318325	0.320928	0.322574	0.333334	0.320522	0.31615	0.324933	0.311917	0.352789	0.343889	0.338251	0.33943	0.339259	0.341587	0.330586	0.316275	0.318367	0.324844	0.332734	0.331234	0.33764	0.316053	0.315798	0.319862	0.323909	0.324418	0.326391	0.326229	0.324185	0.326221	0.29638	0.313655	0.294567	0.323035	0.333626	0.341735	0.333356	0.325151	0.334453	0.331044	0.315373	0.348634	0.329758	0.341914	0.344343	0.339286	0.316236	0.318379	0.317061	0.315739	0.302816	0.297015	0.301136	0.301823	0.271796	0.274121	0.251642	0.316551	0.331652	0.286138	0.322249	0.330603	0.2961	0.234104	0.237863	0.273571	0.295184	0.284614	0.280152	0.337782	0.334899	0.308347	0.341441	0.329694	0.273205	0.248526	0.235636	0.240507	0.264871	0.251628	0.25998	0.236779	0.235811	0.228325	0.239069	0.272285	0.265931	0.267749	0.302148	0.278521	0.297811	0.293251	0.295765	0.391886	0.248658	0.273895	0.282924	0.254877	0.267665	0.246408	0.244396	0.244399	0.270658	0.283153	0.259214	0.265345	0.251117	0.273269	0.26364	0.26874	0.322925	0.328705	0.319401	0.32847	0.292966	0.299131	0.326197	0.289697	0.275809	0.288431	0.283609	0.292144	0.254437	0.250596	0.238229	0.251412	0.251463	0.320287	0.313026	0.314998	0.30736	0.304915
Melopsittacus_undulatus	0.227	0.233115	0.238863	0.269006	0.274473	0.257117	0.258766	0.302076	0.272924	0.352794	0.337791	0.242637	0.212016	0.226479	0.219827	0.21578	0.217797	0.219904	0.240484	0.235316	0.227097	0.237751	0.229495	0.261303	0.233074	0.237544	0.222757	0.256929	0.261763	0.241362	0.241422	0.248644	0.250689	0.221842	0.219829	0.223895	0.221842	0.221841	0.217132	0.232145	0.210649	0.220785	0.220813	0.224819	0.216676	0.3226	0.33788	0.342707	0.344703	0.339874	0.350927	0.352646	0.375512	0.355175	0.288751	0.2992	0.390657	0.445666	0.329989	0.268719	0.27513	0.292811	0.318831	0.289176	0.261645	0.297914	0.209149	0.209752	0.208697	0.135283	0.0911504	0.095177	0.115044	0.082572	0	0.275165	0.272134	0.278755	0.292391	0.279443	0.274013	0.270045	0.244147	0.291682	0.278815	0.271428	0.302359	0.286947	0.305785	0.271571	0.264878	0.282346	0.227442	0.235574	0.2713	0.241726	0.252246	0.289375	0.25005	0.249694	0.262586	0.258206	0.264252	0.265305	0.304456	0.281114	0.299714	0.2849	0.303577	0.302155	0.304065	0.290739	0.284321	0.288822	0.309683	0.295166	0.299114	0.305742	0.305211	0.316698	0.296745	0.296621	0.292625	0.292625	0.313891	0.284658	0.302674	0.305145	0.292213	0.302629	0.30375	0.280227	0.301419	0.293947	0.308948	0.28995	0.31078	0.311105	0.28662	0.283304	0.301218	0.30914	0.294397	0.286894	0.308577	0.305388	0.311736	0.292323	0.316051	0.303702	0.32499	0.300918	0.311068	0.302757	0.313004	0.325786	0.306372	0.312477	0.325363	0.322791	0.326524	0.307812	0.313967	0.325315	0.311909	0.301636	0.314165	0.318262	0.301884	0.312656	0.318385	0.323168	0.341679	0.329895	0.323378	0.327383	0.329311	0.302499	0.299873	0.334523	0.329488	0.318507	0.318507	0.35387	0.350976	0.302529	0.317972	0.306557	0.330192	0.325643	0.334256	0.310494	0.318568	0.315084	0.320153	0.322756	0.324402	0.335162	0.32235	0.317978	0.326761	0.313745	0.354617	0.345717	0.340079	0.341258	0.341086	0.343415	0.332413	0.318102	0.320194	0.326672	0.334562	0.333061	0.339468	0.317881	0.317626	0.32169	0.325737	0.326246	0.328219	0.328057	0.326013	0.328049	0.298208	0.315483	0.296395	0.324863	0.335454	0.343562	0.335184	0.326979	0.336281	0.332872	0.317201	0.350461	0.331586	0.343741	0.346171	0.341114	0.318063	0.320207	0.318888	0.317567	0.304644	0.298843	0.302964	0.303651	0.273624	0.275949	0.253469	0.318378	0.33348	0.287966	0.324077	0.33243	0.297928	0.235932	0.239691	0.275399	0.297012	0.286442	0.28198	0.339609	0.336727	0.310174	0.343269	0.331521	0.275033	0.250354	0.237463	0.242334	0.266698	0.253456	0.261808	0.238607	0.237639	0.230153	0.240897	0.274113	0.267759	0.269576	0.303975	0.280349	0.299639	0.295078	0.297593	0.393714	0.250485	0.275723	0.284752	0.256705	0.269493	0.248236	0.246224	0.246227	0.272485	0.28498	0.261042	0.267173	0.252945	0.275097	0.265468	0.270567	0.324752	0.330532	0.321229	0.330298	0.294793	0.300959	0.328025	0.291525	0.277637	0.290259	0.285437	0.293972	0.256265	0.252423	0.240057	0.25324	0.25329	0.322115	0.314854	0.316825	0.309188	0.306743
Acanthisitta_chloris	0.220545	0.22666	0.232408	0.26255	0.268017	0.250662	0.252311	0.295621	0.266469	0.346338	0.331335	0.236182	0.205561	0.220024	0.213372	0.209324	0.211342	0.213449	0.234028	0.228861	0.220641	0.231296	0.22304	0.254847	0.226619	0.231089	0.216302	0.250474	0.255308	0.234907	0.234967	0.242189	0.244234	0.215387	0.213373	0.21744	0.215387	0.215386	0.210677	0.22569	0.204194	0.21433	0.214357	0.218363	0.210221	0.316145	0.331425	0.336251	0.338248	0.333419	0.344472	0.34619	0.369057	0.34872	0.282296	0.292745	0.384202	0.43921	0.323534	0.262264	0.268675	0.286356	0.312376	0.282721	0.25519	0.291458	0.210341	0.210944	0.209889	0.260226	0.25821	0.262236	0.286623	0.273337	0.275165	0	0.193394	0.200015	0.21365	0.200702	0.195272	0.191304	0.165407	0.212941	0.200075	0.192687	0.223619	0.208207	0.227044	0.192831	0.186138	0.203606	0.148702	0.156834	0.192559	0.162986	0.173505	0.210634	0.171309	0.170953	0.183845	0.179465	0.185511	0.186565	0.225716	0.202373	0.220974	0.206159	0.224836	0.223415	0.225325	0.211998	0.20558	0.210082	0.230942	0.216426	0.220373	0.227001	0.226471	0.237957	0.218004	0.21788	0.213884	0.213884	0.235151	0.205918	0.223934	0.226404	0.213473	0.223888	0.225009	0.201486	0.222678	0.215206	0.230208	0.211209	0.232039	0.232364	0.207879	0.204563	0.222477	0.230399	0.215656	0.208153	0.229837	0.226648	0.232995	0.213582	0.23731	0.224962	0.246249	0.222177	0.232328	0.224016	0.234263	0.247046	0.227631	0.233736	0.246622	0.244051	0.247783	0.229071	0.235226	0.246574	0.233168	0.222895	0.235425	0.239522	0.223144	0.233915	0.239644	0.244428	0.262939	0.251154	0.244638	0.248642	0.25057	0.223759	0.221132	0.255782	0.250747	0.239767	0.239767	0.275129	0.272236	0.223789	0.239231	0.227816	0.251452	0.246902	0.255515	0.231753	0.239827	0.236343	0.241412	0.244016	0.245661	0.256421	0.243609	0.239238	0.24802	0.235004	0.275876	0.266976	0.261339	0.262517	0.262346	0.264674	0.253673	0.239362	0.241454	0.247931	0.255821	0.254321	0.260727	0.23914	0.238885	0.24295	0.246997	0.247505	0.249478	0.249316	0.247272	0.249308	0.219467	0.236742	0.217654	0.246122	0.256713	0.264822	0.256443	0.248238	0.25754	0.254131	0.23846	0.271721	0.252845	0.265001	0.26743	0.262373	0.239323	0.241466	0.240148	0.238827	0.225903	0.220102	0.224223	0.224911	0.267169	0.269494	0.247014	0.311923	0.327025	0.281511	0.317622	0.325975	0.291472	0.229476	0.233236	0.268943	0.290556	0.279986	0.275525	0.333154	0.330271	0.303719	0.336814	0.325066	0.268578	0.243899	0.231008	0.235879	0.260243	0.247001	0.255352	0.232152	0.231183	0.223698	0.234442	0.267657	0.261303	0.263121	0.29752	0.273894	0.293183	0.288623	0.291138	0.387258	0.24403	0.269267	0.278297	0.25025	0.263037	0.241781	0.239768	0.239772	0.26603	0.278525	0.254586	0.260717	0.246489	0.268642	0.259013	0.264112	0.318297	0.324077	0.314774	0.323842	0.288338	0.294503	0.321569	0.28507	0.271182	0.283803	0.278982	0.287517	0.24981	0.245968	0.233602	0.246784	0.246835	0.31566	0.308399	0.31037	0.302733	0.300288
Neodrepanis_coruscans	0.217514	0.223629	0.229377	0.25952	0.264987	0.247631	0.24928	0.29259	0.263438	0.343308	0.328305	0.233151	0.20253	0.216993	0.210341	0.206294	0.208311	0.210418	0.230998	0.22583	0.217611	0.228265	0.220009	0.251817	0.223588	0.228058	0.213271	0.247443	0.252277	0.231876	0.231936	0.239158	0.241203	0.212357	0.210343	0.214409	0.212356	0.212355	0.207646	0.222659	0.201163	0.211299	0.211327	0.215333	0.20719	0.313114	0.328394	0.333221	0.335218	0.330388	0.341441	0.34316	0.366026	0.345689	0.279265	0.289714	0.381171	0.43618	0.320503	0.259233	0.265644	0.283325	0.309345	0.27969	0.252159	0.288428	0.20731	0.207913	0.206859	0.257196	0.255179	0.259206	0.283592	0.270306	0.272134	0.193394	0	0.108526	0.141244	0.13766	0.132229	0.132386	0.11868	0.16622	0.153353	0.145965	0.176897	0.161485	0.180323	0.146109	0.139416	0.156884	0.10198	0.110112	0.145837	0.116269	0.126788	0.163918	0.124592	0.124236	0.137128	0.132749	0.15139	0.152444	0.191595	0.168252	0.186853	0.172038	0.190715	0.189294	0.191204	0.177877	0.171459	0.175961	0.196821	0.182305	0.186252	0.19288	0.19235	0.203836	0.183883	0.183759	0.179763	0.179763	0.20103	0.171797	0.189813	0.192283	0.179352	0.189767	0.190888	0.167365	0.188557	0.181085	0.196087	0.177088	0.197918	0.198243	0.173758	0.170442	0.188356	0.196278	0.181535	0.174032	0.195716	0.192527	0.198874	0.179461	0.203189	0.190841	0.212128	0.188056	0.198207	0.189895	0.200142	0.212925	0.19351	0.199616	0.212501	0.20993	0.213662	0.19495	0.201105	0.212453	0.199047	0.188774	0.201304	0.205401	0.189023	0.199794	0.205523	0.210307	0.228818	0.217033	0.210517	0.214521	0.216449	0.189638	0.187011	0.221661	0.216626	0.205646	0.205646	0.241008	0.238115	0.189668	0.20511	0.193695	0.217331	0.212781	0.221394	0.197632	0.205706	0.202222	0.207291	0.209895	0.21154	0.2223	0.209488	0.205117	0.213899	0.200883	0.241755	0.232855	0.227218	0.228396	0.228225	0.230553	0.219552	0.205241	0.207333	0.21381	0.2217	0.2202	0.226606	0.205019	0.204764	0.208829	0.212876	0.213384	0.215357	0.215195	0.213151	0.215187	0.185346	0.202621	0.183533	0.212001	0.222592	0.230701	0.222322	0.214117	0.223419	0.22001	0.204339	0.2376	0.218724	0.23088	0.233309	0.228252	0.205202	0.207345	0.206027	0.204706	0.191782	0.185981	0.190102	0.19079	0.264138	0.266463	0.243983	0.308893	0.323994	0.27848	0.314591	0.322944	0.288442	0.226446	0.230205	0.265913	0.287526	0.276956	0.272494	0.330123	0.327241	0.300689	0.333783	0.322036	0.265547	0.240868	0.227977	0.232849	0.257213	0.24397	0.252322	0.229121	0.228153	0.220667	0.231411	0.264627	0.258273	0.26009	0.294489	0.270863	0.290153	0.285592	0.288107	0.384228	0.241	0.266237	0.275266	0.247219	0.260007	0.23875	0.236738	0.236741	0.262999	0.275494	0.251556	0.257687	0.243459	0.265611	0.255982	0.261082	0.315266	0.321046	0.311743	0.320812	0.285307	0.291473	0.318539	0.282039	0.268151	0.280773	0.275951	0.284486	0.246779	0.242937	0.230571	0.243754	0.243805	0.312629	0.305368	0.30734	0.299702	0.297257
Serilophus_lunatus	0.224135	0.23025	0.235999	0.266141	0.271608	0.254252	0.255901	0.299211	0.270059	0.349929	0.334926	0.239773	0.209151	0.223615	0.216963	0.212915	0.214932	0.217039	0.237619	0.232451	0.224232	0.234887	0.22663	0.258438	0.230209	0.234679	0.219892	0.254064	0.258898	0.238498	0.238557	0.245779	0.247824	0.218978	0.216964	0.22103	0.218977	0.218976	0.214267	0.229281	0.207784	0.21792	0.217948	0.221954	0.213811	0.319735	0.335016	0.339842	0.341839	0.337009	0.348062	0.349781	0.372647	0.35231	0.285886	0.296335	0.387792	0.442801	0.327124	0.265854	0.272265	0.289947	0.315966	0.286312	0.25878	0.295049	0.213932	0.214534	0.21348	0.263817	0.2618	0.265827	0.290213	0.276928	0.278755	0.200015	0.108526	0	0.147865	0.144281	0.138851	0.139007	0.125301	0.172841	0.159974	0.152586	0.183518	0.168106	0.186944	0.15273	0.146037	0.163505	0.108601	0.116733	0.152459	0.12289	0.133409	0.170539	0.131213	0.130858	0.14375	0.13937	0.158011	0.159065	0.198216	0.174873	0.193474	0.178659	0.197336	0.195915	0.197825	0.184498	0.17808	0.182582	0.203443	0.188926	0.192873	0.199501	0.198971	0.210457	0.190504	0.19038	0.186384	0.186384	0.207651	0.178418	0.196434	0.198904	0.185973	0.196388	0.19751	0.173986	0.195178	0.187706	0.202708	0.183709	0.204539	0.204865	0.180379	0.177063	0.194977	0.202899	0.188156	0.180654	0.202337	0.199148	0.205495	0.186082	0.20981	0.197462	0.218749	0.194677	0.204828	0.196516	0.206763	0.219546	0.200131	0.206237	0.219122	0.216551	0.220283	0.201571	0.207726	0.219074	0.205668	0.195395	0.207925	0.212022	0.195644	0.206415	0.212144	0.216928	0.235439	0.223654	0.217138	0.221142	0.22307	0.196259	0.193632	0.228282	0.223248	0.212267	0.212267	0.247629	0.244736	0.196289	0.211732	0.200316	0.223952	0.219402	0.228015	0.204253	0.212328	0.208843	0.213912	0.216516	0.218161	0.228922	0.216109	0.211738	0.22052	0.207504	0.248376	0.239476	0.233839	0.235017	0.234846	0.237174	0.226173	0.211862	0.213954	0.220431	0.228321	0.226821	0.233227	0.21164	0.211385	0.21545	0.219497	0.220005	0.221978	0.221816	0.219772	0.221808	0.191967	0.209242	0.190154	0.218622	0.229213	0.237322	0.228943	0.220738	0.23004	0.226631	0.21096	0.244221	0.225345	0.237501	0.23993	0.234873	0.211823	0.213966	0.212648	0.211327	0.198403	0.192603	0.196723	0.197411	0.270759	0.273084	0.250605	0.315514	0.330615	0.285101	0.321212	0.329566	0.295063	0.233067	0.236826	0.272534	0.294147	0.283577	0.279115	0.336745	0.333862	0.30731	0.340404	0.328657	0.272168	0.247489	0.234599	0.23947	0.263834	0.250591	0.258943	0.235742	0.234774	0.227288	0.238032	0.271248	0.264894	0.266712	0.301111	0.277484	0.296774	0.292213	0.294728	0.390849	0.247621	0.272858	0.281887	0.25384	0.266628	0.245371	0.243359	0.243362	0.269621	0.282116	0.258177	0.264308	0.25008	0.272232	0.262603	0.267703	0.321888	0.327668	0.318364	0.327433	0.291929	0.298094	0.32516	0.28866	0.274772	0.287394	0.282572	0.291107	0.2534	0.249559	0.237192	0.250375	0.250426	0.31925	0.311989	0.313961	0.306323	0.303878
Pitta_sordida	0.237771	0.243886	0.249634	0.279776	0.285243	0.267888	0.269537	0.312847	0.283695	0.363565	0.348562	0.253408	0.222787	0.23725	0.230598	0.22655	0.228568	0.230675	0.251255	0.246087	0.237867	0.248522	0.240266	0.272073	0.243845	0.248315	0.233528	0.2677	0.272534	0.252133	0.252193	0.259415	0.26146	0.232613	0.230599	0.234666	0.232613	0.232612	0.227903	0.242916	0.22142	0.231556	0.231583	0.235589	0.227447	0.333371	0.348651	0.353477	0.355474	0.350645	0.361698	0.363416	0.386283	0.365946	0.299522	0.309971	0.401428	0.456437	0.34076	0.27949	0.285901	0.303582	0.329602	0.299947	0.272416	0.308685	0.227567	0.22817	0.227116	0.277453	0.275436	0.279463	0.303849	0.290563	0.292391	0.21365	0.141244	0.147865	0	0.157917	0.152486	0.152643	0.138937	0.186477	0.17361	0.166222	0.197154	0.181742	0.20058	0.166366	0.159673	0.177141	0.122237	0.130369	0.166094	0.136526	0.147045	0.184174	0.144849	0.144493	0.157385	0.153005	0.171647	0.172701	0.211852	0.188509	0.207109	0.192295	0.210972	0.209551	0.21146	0.198134	0.191716	0.196218	0.217078	0.202562	0.206509	0.213137	0.212606	0.224093	0.20414	0.204016	0.20002	0.20002	0.221287	0.192053	0.21007	0.21254	0.199608	0.210024	0.211145	0.187622	0.208814	0.201342	0.216344	0.197345	0.218175	0.2185	0.194015	0.190699	0.208613	0.216535	0.201792	0.194289	0.215973	0.212783	0.219131	0.199718	0.223446	0.211097	0.232385	0.208313	0.218464	0.210152	0.220399	0.233181	0.213767	0.219872	0.232758	0.230187	0.233919	0.215207	0.221362	0.23271	0.219304	0.209031	0.22156	0.225658	0.20928	0.220051	0.22578	0.230564	0.249075	0.23729	0.230774	0.234778	0.236706	0.209895	0.207268	0.241918	0.236883	0.225903	0.225902	0.261265	0.258372	0.209924	0.225367	0.213952	0.237587	0.233038	0.241651	0.217889	0.225963	0.222479	0.227548	0.230151	0.231797	0.242557	0.229745	0.225373	0.234156	0.22114	0.262012	0.253112	0.247474	0.248653	0.248482	0.25081	0.239809	0.225498	0.22759	0.234067	0.241957	0.240457	0.246863	0.225276	0.225021	0.229085	0.233132	0.233641	0.235614	0.235452	0.233408	0.235444	0.205603	0.222878	0.20379	0.232258	0.242849	0.250958	0.242579	0.234374	0.243676	0.240267	0.224596	0.257857	0.238981	0.251137	0.253566	0.248509	0.225459	0.227602	0.226284	0.224962	0.212039	0.206238	0.210359	0.211046	0.284395	0.28672	0.26424	0.329149	0.344251	0.298737	0.334848	0.343201	0.308699	0.246703	0.250462	0.286169	0.307782	0.297212	0.292751	0.35038	0.347498	0.320945	0.35404	0.342292	0.285804	0.261125	0.248234	0.253105	0.277469	0.264227	0.272579	0.249378	0.24841	0.240924	0.251668	0.284883	0.278529	0.280347	0.314746	0.29112	0.310409	0.305849	0.308364	0.404485	0.261256	0.286494	0.295523	0.267476	0.280264	0.259007	0.256994	0.256998	0.283256	0.295751	0.271813	0.277944	0.263716	0.285868	0.276239	0.281338	0.335523	0.341303	0.332	0.341069	0.305564	0.31173	0.338795	0.302296	0.288408	0.301029	0.296208	0.304743	0.267036	0.263194	0.250828	0.264011	0.264061	0.332886	0.325625	0.327596	0.319959	0.317514
Calyptomena_viridis	0.224823	0.230938	0.236686	0.266829	0.272296	0.25494	0.256589	0.299899	0.270747	0.350617	0.335614	0.24046	0.209839	0.224302	0.21765	0.213603	0.21562	0.217727	0.238307	0.233139	0.22492	0.235574	0.227318	0.259126	0.230897	0.235367	0.22058	0.254752	0.259586	0.239185	0.239245	0.246467	0.248512	0.219665	0.217652	0.221718	0.219665	0.219664	0.214955	0.229968	0.208472	0.218608	0.218635	0.222641	0.214499	0.320423	0.335703	0.34053	0.342526	0.337697	0.34875	0.350469	0.373335	0.352998	0.286574	0.297023	0.38848	0.443489	0.327812	0.266542	0.272953	0.290634	0.316654	0.286999	0.259468	0.295737	0.214619	0.215222	0.214168	0.264505	0.262488	0.266515	0.290901	0.277615	0.279443	0.200702	0.13766	0.144281	0.157917	0	0.120856	0.139695	0.125989	0.173529	0.160662	0.153274	0.184206	0.168794	0.187632	0.153418	0.146725	0.164193	0.109289	0.117421	0.153146	0.123578	0.134097	0.171227	0.131901	0.131545	0.144437	0.140058	0.158699	0.159753	0.198904	0.175561	0.194161	0.179347	0.198024	0.196603	0.198513	0.185186	0.178768	0.18327	0.20413	0.189614	0.193561	0.200189	0.199659	0.211145	0.191192	0.191068	0.187072	0.187072	0.208339	0.179106	0.197122	0.199592	0.186661	0.197076	0.198197	0.174674	0.195866	0.188394	0.203396	0.184397	0.205227	0.205552	0.181067	0.177751	0.195665	0.203587	0.188844	0.181341	0.203025	0.199836	0.206183	0.18677	0.210498	0.19815	0.219437	0.195365	0.205516	0.197204	0.207451	0.220234	0.200819	0.206924	0.21981	0.217239	0.220971	0.202259	0.208414	0.219762	0.206356	0.196083	0.208612	0.21271	0.196332	0.207103	0.212832	0.217616	0.236127	0.224342	0.217826	0.22183	0.223758	0.196947	0.19432	0.22897	0.223935	0.212955	0.212955	0.248317	0.245424	0.196976	0.212419	0.201004	0.224639	0.22009	0.228703	0.204941	0.213015	0.209531	0.2146	0.217203	0.218849	0.229609	0.216797	0.212426	0.221208	0.208192	0.249064	0.240164	0.234527	0.235705	0.235534	0.237862	0.226861	0.21255	0.214642	0.221119	0.229009	0.227509	0.233915	0.212328	0.212073	0.216137	0.220184	0.220693	0.222666	0.222504	0.22046	0.222496	0.192655	0.20993	0.190842	0.21931	0.229901	0.23801	0.229631	0.221426	0.230728	0.227319	0.211648	0.244909	0.226033	0.238189	0.240618	0.235561	0.212511	0.214654	0.213336	0.212014	0.199091	0.19329	0.197411	0.198098	0.271447	0.273772	0.251292	0.316201	0.331303	0.285789	0.3219	0.330253	0.295751	0.233755	0.237514	0.273222	0.294834	0.284265	0.279803	0.337432	0.33455	0.307997	0.341092	0.329344	0.272856	0.248177	0.235286	0.240157	0.264521	0.251279	0.259631	0.23643	0.235462	0.227976	0.23872	0.271936	0.265582	0.267399	0.301798	0.278172	0.297462	0.292901	0.295416	0.391537	0.248308	0.273546	0.282575	0.254528	0.267316	0.246059	0.244047	0.24405	0.270308	0.282803	0.258865	0.264996	0.250768	0.27292	0.263291	0.26839	0.322575	0.328355	0.319052	0.328121	0.292616	0.298782	0.325848	0.289348	0.27546	0.288082	0.28326	0.291795	0.254088	0.250246	0.23788	0.251063	0.251113	0.319938	0.312677	0.314648	0.307011	0.304566
Smithornis_capensis	0.219393	0.225507	0.231256	0.261398	0.266865	0.249509	0.251159	0.294469	0.265317	0.345186	0.330183	0.23503	0.204409	0.218872	0.21222	0.208172	0.21019	0.212296	0.232876	0.227708	0.219489	0.230144	0.221888	0.253695	0.225467	0.229937	0.21515	0.249322	0.254156	0.233755	0.233815	0.241037	0.243082	0.214235	0.212221	0.216288	0.214235	0.214234	0.209525	0.224538	0.203042	0.213178	0.213205	0.217211	0.209069	0.314993	0.330273	0.335099	0.337096	0.332267	0.34332	0.345038	0.367905	0.347568	0.281144	0.291593	0.38305	0.438058	0.322382	0.261112	0.267523	0.285204	0.311224	0.281569	0.254038	0.290306	0.209189	0.209792	0.208737	0.259074	0.257058	0.261084	0.285471	0.272185	0.274013	0.195272	0.132229	0.138851	0.152486	0.120856	0	0.134265	0.120559	0.168098	0.155232	0.147844	0.178776	0.163364	0.182201	0.147988	0.141295	0.158763	0.103859	0.111991	0.147716	0.118148	0.128667	0.165796	0.126471	0.126115	0.139007	0.134627	0.153269	0.154322	0.193473	0.170131	0.188731	0.173917	0.192594	0.191172	0.193082	0.179756	0.173338	0.177839	0.1987	0.184183	0.188131	0.194759	0.194228	0.205715	0.185762	0.185638	0.181642	0.181642	0.202908	0.173675	0.191691	0.194162	0.18123	0.191646	0.192767	0.169244	0.190436	0.182963	0.197965	0.178967	0.199797	0.200122	0.175637	0.172321	0.190234	0.198157	0.183413	0.175911	0.197594	0.194405	0.200753	0.18134	0.205068	0.192719	0.214006	0.189935	0.200085	0.191774	0.202021	0.214803	0.195389	0.201494	0.21438	0.211808	0.215541	0.196829	0.202984	0.214332	0.200926	0.190653	0.203182	0.207279	0.190901	0.201673	0.207402	0.212185	0.230696	0.218912	0.212395	0.2164	0.218328	0.191516	0.18889	0.22354	0.218505	0.207524	0.207524	0.242887	0.239993	0.191546	0.206989	0.195574	0.219209	0.214659	0.223273	0.19951	0.207585	0.204101	0.20917	0.211773	0.213418	0.224179	0.211367	0.206995	0.215778	0.202762	0.243634	0.234734	0.229096	0.230275	0.230103	0.232432	0.22143	0.207119	0.209211	0.215689	0.223579	0.222078	0.228485	0.206898	0.206643	0.210707	0.214754	0.215263	0.217236	0.217074	0.21503	0.217066	0.187225	0.2045	0.185412	0.21388	0.224471	0.232579	0.224201	0.215996	0.225298	0.221889	0.206217	0.239478	0.220603	0.232758	0.235188	0.230131	0.20708	0.209224	0.207905	0.206584	0.193661	0.18786	0.191981	0.192668	0.266017	0.268342	0.245862	0.310771	0.325873	0.280359	0.31647	0.324823	0.29032	0.228324	0.232084	0.267791	0.289404	0.278834	0.274373	0.332002	0.329119	0.302567	0.335662	0.323914	0.267426	0.242747	0.229856	0.234727	0.259091	0.245848	0.2542	0.231	0.230031	0.222546	0.23329	0.266505	0.260151	0.261969	0.296368	0.272742	0.292031	0.287471	0.289986	0.386106	0.242878	0.268115	0.277145	0.249097	0.261885	0.240629	0.238616	0.23862	0.264878	0.277373	0.253434	0.259565	0.245337	0.26749	0.257861	0.26296	0.317145	0.322925	0.313622	0.32269	0.287186	0.293351	0.320417	0.283918	0.270029	0.282651	0.27783	0.286365	0.248658	0.244816	0.23245	0.245632	0.245683	0.314508	0.307247	0.309218	0.301581	0.299136
Sapayoa_aenigma	0.215425	0.22154	0.227288	0.25743	0.262897	0.245542	0.247191	0.290501	0.261349	0.341218	0.326215	0.231062	0.200441	0.214904	0.208252	0.204204	0.206222	0.208329	0.228909	0.223741	0.215521	0.226176	0.21792	0.249727	0.221499	0.225969	0.211182	0.245354	0.250188	0.229787	0.229847	0.237069	0.239114	0.210267	0.208253	0.21232	0.210267	0.210266	0.205557	0.22057	0.199074	0.20921	0.209237	0.213243	0.205101	0.311025	0.326305	0.331131	0.333128	0.328299	0.339352	0.34107	0.363937	0.3436	0.277176	0.287625	0.379082	0.43409	0.318414	0.257144	0.263555	0.281236	0.307256	0.277601	0.25007	0.286338	0.205221	0.205824	0.204769	0.255106	0.25309	0.257117	0.281503	0.268217	0.270045	0.191304	0.132386	0.139007	0.152643	0.139695	0.134265	0	0.116591	0.16413	0.151264	0.143876	0.174808	0.159396	0.178233	0.14402	0.137327	0.154795	0.0998907	0.108023	0.143748	0.11418	0.124699	0.161828	0.122503	0.122147	0.135039	0.130659	0.149301	0.150354	0.189506	0.166163	0.184763	0.169949	0.188626	0.187205	0.189114	0.175788	0.16937	0.173872	0.194732	0.180215	0.184163	0.190791	0.19026	0.201747	0.181794	0.18167	0.177674	0.177674	0.198941	0.169707	0.187724	0.190194	0.177262	0.187678	0.188799	0.165276	0.186468	0.178996	0.193997	0.174999	0.195829	0.196154	0.171669	0.168353	0.186267	0.194189	0.179446	0.171943	0.193626	0.190437	0.196785	0.177372	0.2011	0.188751	0.210039	0.185967	0.196118	0.187806	0.198053	0.210835	0.191421	0.197526	0.210412	0.207841	0.211573	0.192861	0.199016	0.210364	0.196958	0.186685	0.199214	0.203312	0.186934	0.197705	0.203434	0.208218	0.226728	0.214944	0.208427	0.212432	0.21436	0.187548	0.184922	0.219572	0.214537	0.203557	0.203556	0.238919	0.236025	0.187578	0.203021	0.191606	0.215241	0.210692	0.219305	0.195543	0.203617	0.200133	0.205202	0.207805	0.209451	0.220211	0.207399	0.203027	0.21181	0.198794	0.239666	0.230766	0.225128	0.226307	0.226136	0.228464	0.217463	0.203152	0.205244	0.211721	0.219611	0.218111	0.224517	0.20293	0.202675	0.206739	0.210786	0.211295	0.213268	0.213106	0.211062	0.213098	0.183257	0.200532	0.181444	0.209912	0.220503	0.228611	0.220233	0.212028	0.22133	0.217921	0.20225	0.235511	0.216635	0.22879	0.23122	0.226163	0.203112	0.205256	0.203937	0.202616	0.189693	0.183892	0.188013	0.1887	0.262049	0.264374	0.241894	0.306803	0.321905	0.276391	0.312502	0.320855	0.286352	0.224357	0.228116	0.263823	0.285436	0.274866	0.270405	0.328034	0.325152	0.298599	0.331694	0.319946	0.263458	0.238779	0.225888	0.230759	0.255123	0.241881	0.250232	0.227032	0.226064	0.218578	0.229322	0.262537	0.256183	0.258001	0.2924	0.268774	0.288063	0.283503	0.286018	0.382139	0.23891	0.264148	0.273177	0.24513	0.257918	0.236661	0.234648	0.234652	0.26091	0.273405	0.249466	0.255598	0.24137	0.263522	0.253893	0.258992	0.313177	0.318957	0.309654	0.318723	0.283218	0.289384	0.316449	0.27995	0.266062	0.278683	0.273862	0.282397	0.24469	0.240848	0.228482	0.241664	0.241715	0.31054	0.303279	0.30525	0.297613	0.295168
Cephalopterus_ornatus	0.189527	0.195642	0.201391	0.231533	0.237	0.219644	0.221294	0.264603	0.235451	0.315321	0.300318	0.205165	0.174543	0.189007	0.182355	0.178307	0.180324	0.182431	0.203011	0.197843	0.189624	0.200279	0.192022	0.22383	0.195601	0.200071	0.185284	0.219456	0.22429	0.20389	0.203949	0.211171	0.213216	0.18437	0.182356	0.186422	0.184369	0.184368	0.17966	0.194673	0.173176	0.183312	0.18334	0.187346	0.179203	0.285127	0.300408	0.305234	0.307231	0.302401	0.313454	0.315173	0.338039	0.317702	0.251278	0.261727	0.353184	0.408193	0.292516	0.231246	0.237657	0.255339	0.281358	0.251704	0.224172	0.260441	0.179324	0.179926	0.178872	0.229209	0.227192	0.231219	0.255605	0.24232	0.244147	0.165407	0.11868	0.125301	0.138937	0.125989	0.120559	0.116591	0	0.138233	0.125366	0.117978	0.14891	0.133498	0.152336	0.118122	0.111429	0.128897	0.0739931	0.0821251	0.117851	0.0882821	0.0988014	0.135931	0.0966054	0.0962496	0.109142	0.104762	0.123403	0.124457	0.163608	0.140265	0.158866	0.144051	0.162728	0.161307	0.163217	0.14989	0.143472	0.147974	0.168835	0.154318	0.158265	0.164893	0.164363	0.175849	0.155896	0.155772	0.151776	0.151776	0.173043	0.14381	0.161826	0.164296	0.151365	0.16178	0.162902	0.139378	0.16057	0.153098	0.1681	0.149101	0.169931	0.170257	0.145771	0.142455	0.160369	0.168291	0.153548	0.146046	0.167729	0.16454	0.170887	0.151474	0.175202	0.162854	0.184141	0.160069	0.17022	0.161908	0.172155	0.184938	0.165523	0.171629	0.184514	0.181943	0.185675	0.166963	0.173118	0.184466	0.17106	0.160787	0.173317	0.177414	0.161036	0.171807	0.177536	0.18232	0.200831	0.189046	0.18253	0.186534	0.188462	0.161651	0.159024	0.193674	0.18864	0.177659	0.177659	0.213021	0.210128	0.161681	0.177124	0.165708	0.189344	0.184794	0.193407	0.169645	0.17772	0.174235	0.179304	0.181908	0.183553	0.194314	0.181501	0.17713	0.185912	0.172896	0.213768	0.204868	0.199231	0.200409	0.200238	0.202566	0.191565	0.177254	0.179346	0.185823	0.193713	0.192213	0.198619	0.177032	0.176777	0.180842	0.184889	0.185397	0.18737	0.187208	0.185164	0.1872	0.157359	0.174634	0.155546	0.184014	0.194605	0.202714	0.194335	0.18613	0.195432	0.192023	0.176352	0.209613	0.190737	0.202893	0.205322	0.200265	0.177215	0.179358	0.17804	0.176719	0.163795	0.157995	0.162115	0.162803	0.236151	0.238476	0.215997	0.280906	0.296007	0.250493	0.286604	0.294958	0.260455	0.198459	0.202218	0.237926	0.259539	0.248969	0.244507	0.302137	0.299254	0.272702	0.305796	0.294049	0.23756	0.212881	0.199991	0.204862	0.229226	0.215983	0.224335	0.201134	0.200166	0.19268	0.203424	0.23664	0.230286	0.232104	0.266503	0.242876	0.262166	0.257606	0.26012	0.356241	0.213013	0.23825	0.247279	0.219232	0.23202	0.210763	0.208751	0.208754	0.235013	0.247508	0.223569	0.2297	0.215472	0.237624	0.227995	0.233095	0.28728	0.29306	0.283756	0.292825	0.257321	0.263486	0.290552	0.254052	0.240164	0.252786	0.247964	0.256499	0.218792	0.214951	0.202584	0.215767	0.215818	0.284642	0.277381	0.279353	0.271715	0.26927
Rhegmatorhina_hoffmannsi	0.237062	0.243177	0.248925	0.279067	0.284534	0.267179	0.268828	0.312138	0.282986	0.362855	0.347852	0.252699	0.222078	0.236541	0.229889	0.225841	0.227859	0.229966	0.250546	0.245378	0.237158	0.247813	0.239557	0.271364	0.243136	0.247606	0.232819	0.266991	0.271825	0.251424	0.251484	0.258706	0.260751	0.231904	0.22989	0.233957	0.231904	0.231903	0.227194	0.242207	0.220711	0.230847	0.230874	0.23488	0.226738	0.332662	0.347942	0.352768	0.354765	0.349936	0.360989	0.362707	0.385574	0.365237	0.298813	0.309262	0.400719	0.455727	0.340051	0.278781	0.285192	0.302873	0.328893	0.299238	0.271707	0.307975	0.226858	0.227461	0.226406	0.276743	0.274727	0.278753	0.30314	0.289854	0.291682	0.212941	0.16622	0.172841	0.186477	0.173529	0.168098	0.16413	0.138233	0	0.06154	0.141254	0.172186	0.156774	0.175612	0.141403	0.134711	0.152179	0.121523	0.129655	0.16538	0.135817	0.146336	0.183465	0.14414	0.143784	0.156676	0.152296	0.170938	0.171991	0.211143	0.1878	0.2064	0.191586	0.210263	0.208842	0.210751	0.197425	0.191007	0.195509	0.216369	0.201852	0.2058	0.212428	0.211897	0.223384	0.203431	0.203307	0.199311	0.199311	0.220578	0.191344	0.209361	0.211831	0.198899	0.209315	0.210436	0.186913	0.208105	0.200633	0.215634	0.196636	0.217466	0.217791	0.193306	0.18999	0.207904	0.215826	0.201083	0.19358	0.215263	0.212074	0.218422	0.199009	0.222737	0.210388	0.231676	0.207604	0.217755	0.209443	0.21969	0.232472	0.213058	0.219163	0.232049	0.229478	0.23321	0.214498	0.220653	0.232001	0.218595	0.208322	0.220851	0.224948	0.208571	0.219342	0.225071	0.229855	0.248365	0.236581	0.230064	0.234069	0.235997	0.209185	0.206559	0.241209	0.236174	0.225193	0.225193	0.260556	0.257662	0.209215	0.224658	0.213243	0.236878	0.232329	0.240942	0.21718	0.225254	0.22177	0.226839	0.229442	0.231088	0.241848	0.229036	0.224664	0.233447	0.220431	0.261303	0.252403	0.246765	0.247944	0.247773	0.250101	0.2391	0.224789	0.226881	0.233358	0.241248	0.239748	0.246154	0.224567	0.224312	0.228376	0.232423	0.232932	0.234905	0.234743	0.232699	0.234735	0.204894	0.222169	0.203081	0.231549	0.24214	0.250248	0.24187	0.233665	0.242967	0.239558	0.223887	0.257148	0.238272	0.250427	0.252857	0.2478	0.224749	0.226893	0.225574	0.224253	0.21133	0.205529	0.20965	0.210337	0.283686	0.286011	0.263531	0.32844	0.343542	0.298028	0.334139	0.342492	0.307989	0.245994	0.249753	0.28546	0.307073	0.296503	0.292042	0.349671	0.346789	0.320236	0.353331	0.341583	0.285095	0.260416	0.247525	0.252396	0.27676	0.263518	0.271869	0.248669	0.247701	0.240215	0.250959	0.284174	0.27782	0.279638	0.314037	0.290411	0.3097	0.30514	0.307655	0.403776	0.260547	0.285785	0.294814	0.266767	0.279554	0.258298	0.256285	0.256289	0.282547	0.295042	0.271103	0.277235	0.263006	0.285159	0.27553	0.280629	0.334814	0.340594	0.331291	0.34036	0.304855	0.31102	0.338086	0.301587	0.287699	0.30032	0.295499	0.304034	0.266327	0.262485	0.250119	0.263301	0.263352	0.332177	0.324916	0.326887	0.31925	0.316805
Sakesphorus_luctuosus	0.224195	0.23031	0.236058	0.266201	0.271668	0.254312	0.255961	0.299271	0.270119	0.349989	0.334986	0.239832	0.209211	0.223674	0.217022	0.212975	0.214992	0.217099	0.237679	0.232511	0.224292	0.234946	0.22669	0.258498	0.230269	0.234739	0.219952	0.254124	0.258958	0.238557	0.238617	0.245839	0.247884	0.219038	0.217024	0.22109	0.219037	0.219036	0.214327	0.22934	0.207844	0.21798	0.218008	0.222014	0.213871	0.319795	0.335075	0.339902	0.341899	0.337069	0.348122	0.349841	0.372707	0.35237	0.285946	0.296395	0.387852	0.442861	0.327184	0.265914	0.272325	0.290006	0.316026	0.286372	0.25884	0.295109	0.213991	0.214594	0.21354	0.263877	0.26186	0.265887	0.290273	0.276987	0.278815	0.200075	0.153353	0.159974	0.17361	0.160662	0.155232	0.151264	0.125366	0.06154	0	0.128388	0.159319	0.143907	0.162745	0.128537	0.121844	0.139312	0.108656	0.116788	0.152514	0.12295	0.133469	0.170599	0.131273	0.130918	0.143809	0.13943	0.158071	0.159125	0.198276	0.174933	0.193534	0.178719	0.197396	0.195975	0.197885	0.184558	0.17814	0.182642	0.203503	0.188986	0.192933	0.199561	0.199031	0.210517	0.190564	0.19044	0.186444	0.186444	0.207711	0.178478	0.196494	0.198964	0.186033	0.196448	0.19757	0.174046	0.195238	0.187766	0.202768	0.183769	0.204599	0.204924	0.180439	0.177123	0.195037	0.202959	0.188216	0.180713	0.202397	0.199208	0.205555	0.186142	0.20987	0.197522	0.218809	0.194737	0.204888	0.196576	0.206823	0.219606	0.200191	0.206297	0.219182	0.216611	0.220343	0.201631	0.207786	0.219134	0.205728	0.195455	0.207985	0.212082	0.195704	0.206475	0.212204	0.216988	0.235499	0.223714	0.217198	0.221202	0.22313	0.196319	0.193692	0.228342	0.223307	0.212327	0.212327	0.247689	0.244796	0.196349	0.211791	0.200376	0.224012	0.219462	0.228075	0.204313	0.212387	0.208903	0.213972	0.216576	0.218221	0.228981	0.216169	0.211798	0.22058	0.207564	0.248436	0.239536	0.233899	0.235077	0.234906	0.237234	0.226233	0.211922	0.214014	0.220491	0.228381	0.226881	0.233287	0.2117	0.211445	0.21551	0.219557	0.220065	0.222038	0.221876	0.219832	0.221868	0.192027	0.209302	0.190214	0.218682	0.229273	0.237382	0.229003	0.220798	0.2301	0.226691	0.21102	0.244281	0.225405	0.237561	0.23999	0.234933	0.211883	0.214026	0.212708	0.211387	0.198463	0.192662	0.196783	0.197471	0.270819	0.273144	0.250664	0.315574	0.330675	0.285161	0.321272	0.329625	0.295123	0.233127	0.236886	0.272594	0.294207	0.283637	0.279175	0.336804	0.333922	0.30737	0.340464	0.328717	0.272228	0.247549	0.234659	0.23953	0.263894	0.250651	0.259003	0.235802	0.234834	0.227348	0.238092	0.271308	0.264954	0.266771	0.30117	0.277544	0.296834	0.292273	0.294788	0.390909	0.247681	0.272918	0.281947	0.2539	0.266688	0.245431	0.243419	0.243422	0.26968	0.282175	0.258237	0.264368	0.25014	0.272292	0.262663	0.267763	0.321947	0.327727	0.318424	0.327493	0.291989	0.298154	0.32522	0.28872	0.274832	0.287454	0.282632	0.291167	0.25346	0.249618	0.237252	0.250435	0.250486	0.31931	0.312049	0.314021	0.306383	0.303938
Sclerurus_mexicanus	0.216807	0.222922	0.228671	0.258813	0.26428	0.246924	0.248574	0.291884	0.262731	0.342601	0.327598	0.232445	0.201823	0.216287	0.209635	0.205587	0.207604	0.209711	0.230291	0.225123	0.216904	0.227559	0.219303	0.25111	0.222881	0.227352	0.212564	0.246737	0.25157	0.23117	0.23123	0.238451	0.240496	0.21165	0.209636	0.213703	0.21165	0.211649	0.20694	0.221953	0.200456	0.210593	0.21062	0.214626	0.206484	0.312408	0.327688	0.332514	0.334511	0.329681	0.340734	0.342453	0.36532	0.344983	0.278558	0.289008	0.380465	0.435473	0.319797	0.258526	0.264937	0.282619	0.308639	0.278984	0.251452	0.287721	0.206604	0.207206	0.206152	0.256489	0.254473	0.258499	0.282886	0.2696	0.271428	0.192687	0.145965	0.152586	0.166222	0.153274	0.147844	0.143876	0.117978	0.141254	0.128388	0	0.09383	0.0784177	0.0972555	0.121149	0.114456	0.131924	0.101268	0.1094	0.145126	0.115562	0.126082	0.163211	0.123886	0.12353	0.136422	0.132042	0.150683	0.151737	0.190888	0.167545	0.186146	0.171331	0.190009	0.188587	0.190497	0.17717	0.170752	0.175254	0.196115	0.181598	0.185546	0.192173	0.191643	0.203129	0.183176	0.183052	0.179056	0.179056	0.200323	0.17109	0.189106	0.191576	0.178645	0.18906	0.190182	0.166658	0.18785	0.180378	0.19538	0.176382	0.197211	0.197537	0.173052	0.169736	0.187649	0.195571	0.180828	0.173326	0.195009	0.19182	0.198168	0.178754	0.202483	0.190134	0.211421	0.18735	0.1975	0.189188	0.199435	0.212218	0.192804	0.198909	0.211794	0.209223	0.212956	0.194243	0.200399	0.211746	0.19834	0.188068	0.200597	0.204694	0.188316	0.199087	0.204817	0.2096	0.228111	0.216327	0.20981	0.213815	0.215743	0.188931	0.186305	0.220955	0.21592	0.204939	0.204939	0.240302	0.237408	0.188961	0.204404	0.192988	0.216624	0.212074	0.220687	0.196925	0.205	0.201515	0.206585	0.209188	0.210833	0.221594	0.208781	0.20441	0.213192	0.200176	0.241048	0.232148	0.226511	0.22769	0.227518	0.229847	0.218845	0.204534	0.206626	0.213104	0.220994	0.219493	0.225899	0.204313	0.204058	0.208122	0.212169	0.212678	0.214651	0.214488	0.212445	0.214481	0.184639	0.201915	0.182826	0.211295	0.221886	0.229994	0.221615	0.213411	0.222713	0.219303	0.203632	0.236893	0.218017	0.230173	0.232603	0.227546	0.204495	0.206639	0.20532	0.203999	0.191076	0.185275	0.189396	0.190083	0.263431	0.265756	0.243277	0.308186	0.323288	0.277774	0.313884	0.322238	0.287735	0.225739	0.229498	0.265206	0.286819	0.276249	0.271787	0.329417	0.326534	0.299982	0.333077	0.321329	0.26484	0.240162	0.227271	0.232142	0.256506	0.243263	0.251615	0.228415	0.227446	0.219961	0.230704	0.26392	0.257566	0.259384	0.293783	0.270156	0.289446	0.284886	0.287401	0.383521	0.240293	0.26553	0.27456	0.246512	0.2593	0.238043	0.236031	0.236035	0.262293	0.274788	0.250849	0.25698	0.242752	0.264905	0.255276	0.260375	0.31456	0.32034	0.311036	0.320105	0.284601	0.290766	0.317832	0.281333	0.267444	0.280066	0.275244	0.283779	0.246072	0.242231	0.229864	0.243047	0.243098	0.311922	0.304662	0.306633	0.298995	0.296551
Furnarius_figulus	0.247739	0.253854	0.259603	0.289745	0.295212	0.277856	0.279506	0.322816	0.293663	0.373533	0.35853	0.263377	0.232755	0.247219	0.240567	0.236519	0.238536	0.240643	0.261223	0.256055	0.247836	0.258491	0.250234	0.282042	0.253813	0.258284	0.243496	0.277668	0.282502	0.262102	0.262161	0.269383	0.271428	0.242582	0.240568	0.244634	0.242582	0.242581	0.237872	0.252885	0.231388	0.241525	0.241552	0.245558	0.237416	0.343339	0.35862	0.363446	0.365443	0.360613	0.371666	0.373385	0.396252	0.375914	0.30949	0.319939	0.411397	0.466405	0.350728	0.289458	0.295869	0.313551	0.33957	0.309916	0.282384	0.318653	0.237536	0.238138	0.237084	0.287421	0.285404	0.289431	0.313818	0.300532	0.302359	0.223619	0.176897	0.183518	0.197154	0.184206	0.178776	0.174808	0.14891	0.172186	0.159319	0.09383	0	0.0905463	0.109384	0.152081	0.145388	0.162856	0.1322	0.140332	0.176058	0.146494	0.157014	0.194143	0.154817	0.154462	0.167354	0.162974	0.181615	0.182669	0.22182	0.198477	0.217078	0.202263	0.22094	0.219519	0.221429	0.208102	0.201684	0.206186	0.227047	0.21253	0.216477	0.223105	0.222575	0.234061	0.214108	0.213984	0.209988	0.209988	0.231255	0.202022	0.220038	0.222508	0.209577	0.219992	0.221114	0.19759	0.218782	0.21131	0.226312	0.207313	0.228143	0.228469	0.203983	0.200668	0.218581	0.226503	0.21176	0.204258	0.225941	0.222752	0.229099	0.209686	0.233414	0.221066	0.242353	0.218282	0.228432	0.22012	0.230367	0.24315	0.223736	0.229841	0.242726	0.240155	0.243888	0.225175	0.231331	0.242678	0.229272	0.218999	0.231529	0.235626	0.219248	0.230019	0.235749	0.240532	0.259043	0.247258	0.240742	0.244747	0.246675	0.219863	0.217236	0.251887	0.246852	0.235871	0.235871	0.271233	0.26834	0.219893	0.235336	0.22392	0.247556	0.243006	0.251619	0.227857	0.235932	0.232447	0.237516	0.24012	0.241765	0.252526	0.239713	0.235342	0.244124	0.231108	0.27198	0.26308	0.257443	0.258622	0.25845	0.260778	0.249777	0.235466	0.237558	0.244036	0.251926	0.250425	0.256831	0.235245	0.23499	0.239054	0.243101	0.24361	0.245583	0.24542	0.243376	0.245413	0.215571	0.232846	0.213758	0.242226	0.252818	0.260926	0.252547	0.244342	0.253644	0.250235	0.234564	0.267825	0.248949	0.261105	0.263535	0.258477	0.235427	0.237571	0.236252	0.234931	0.222008	0.216207	0.220328	0.221015	0.294363	0.296688	0.274209	0.339118	0.354219	0.308706	0.344816	0.35317	0.318667	0.256671	0.26043	0.296138	0.317751	0.307181	0.302719	0.360349	0.357466	0.330914	0.364008	0.352261	0.295772	0.271093	0.258203	0.263074	0.287438	0.274195	0.282547	0.259347	0.258378	0.250892	0.261636	0.294852	0.288498	0.290316	0.324715	0.301088	0.320378	0.315818	0.318332	0.414453	0.271225	0.296462	0.305492	0.277444	0.290232	0.268975	0.266963	0.266966	0.293225	0.30572	0.281781	0.287912	0.273684	0.295836	0.286207	0.291307	0.345492	0.351272	0.341968	0.351037	0.315533	0.321698	0.348764	0.312265	0.298376	0.310998	0.306176	0.314711	0.277004	0.273163	0.260796	0.273979	0.27403	0.342854	0.335593	0.337565	0.329927	0.327483
Campylorhamphus_procurvoides	0.232327	0.238442	0.24419	0.274333	0.2798	0.262444	0.264093	0.307403	0.278251	0.358121	0.343118	0.247964	0.217343	0.231806	0.225154	0.221107	0.223124	0.225231	0.245811	0.240643	0.232424	0.243078	0.234822	0.26663	0.238401	0.242871	0.228084	0.262256	0.26709	0.246689	0.246749	0.253971	0.256016	0.22717	0.225156	0.229222	0.227169	0.227168	0.222459	0.237472	0.215976	0.226112	0.22614	0.230146	0.222003	0.327927	0.343207	0.348034	0.35003	0.345201	0.356254	0.357973	0.380839	0.360502	0.294078	0.304527	0.395984	0.450993	0.335316	0.274046	0.280457	0.298138	0.324158	0.294503	0.266972	0.303241	0.222123	0.222726	0.221672	0.272009	0.269992	0.274019	0.298405	0.285119	0.286947	0.208207	0.161485	0.168106	0.181742	0.168794	0.163364	0.159396	0.133498	0.156774	0.143907	0.0784177	0.0905463	0	0.0389069	0.136669	0.129976	0.147444	0.116788	0.12492	0.160645	0.131082	0.141601	0.178731	0.139405	0.139049	0.151941	0.147562	0.166203	0.167257	0.206408	0.183065	0.201665	0.186851	0.205528	0.204107	0.206017	0.19269	0.186272	0.190774	0.211634	0.197118	0.201065	0.207693	0.207163	0.218649	0.198696	0.198572	0.194576	0.194576	0.215843	0.18661	0.204626	0.207096	0.194165	0.20458	0.205701	0.182178	0.20337	0.195898	0.2109	0.191901	0.212731	0.213056	0.188571	0.185255	0.203169	0.211091	0.196348	0.188845	0.210529	0.20734	0.213687	0.194274	0.218002	0.205654	0.226941	0.202869	0.21302	0.204708	0.214955	0.227738	0.208323	0.214428	0.227314	0.224743	0.228475	0.209763	0.215918	0.227266	0.21386	0.203587	0.216116	0.220214	0.203836	0.214607	0.220336	0.22512	0.243631	0.231846	0.22533	0.229334	0.231262	0.204451	0.201824	0.236474	0.231439	0.220459	0.220459	0.255821	0.252928	0.20448	0.219923	0.208508	0.232144	0.227594	0.236207	0.212445	0.220519	0.217035	0.222104	0.224708	0.226353	0.237113	0.224301	0.21993	0.228712	0.215696	0.256568	0.247668	0.242031	0.243209	0.243038	0.245366	0.234365	0.220054	0.222146	0.228623	0.236513	0.235013	0.241419	0.219832	0.219577	0.223642	0.227688	0.228197	0.23017	0.230008	0.227964	0.23	0.200159	0.217434	0.198346	0.226814	0.237405	0.245514	0.237135	0.22893	0.238232	0.234823	0.219152	0.252413	0.233537	0.245693	0.248122	0.243065	0.220015	0.222158	0.22084	0.219519	0.206595	0.200794	0.204915	0.205603	0.278951	0.281276	0.258796	0.323705	0.338807	0.293293	0.329404	0.337757	0.303255	0.241259	0.245018	0.280726	0.302339	0.291769	0.287307	0.344936	0.342054	0.315501	0.348596	0.336848	0.28036	0.255681	0.24279	0.247661	0.272026	0.258783	0.267135	0.243934	0.242966	0.23548	0.246224	0.27944	0.273086	0.274903	0.309302	0.285676	0.304966	0.300405	0.30292	0.399041	0.255812	0.28105	0.290079	0.262032	0.27482	0.253563	0.251551	0.251554	0.277812	0.290307	0.266369	0.2725	0.258272	0.280424	0.270795	0.275894	0.330079	0.335859	0.326556	0.335625	0.30012	0.306286	0.333352	0.296852	0.282964	0.295586	0.290764	0.299299	0.261592	0.25775	0.245384	0.258567	0.258617	0.327442	0.320181	0.322153	0.314515	0.31207
Xiphorhynchus_elegans	0.251165	0.25728	0.263028	0.29317	0.298637	0.281282	0.282931	0.326241	0.297089	0.376958	0.361955	0.266802	0.236181	0.250644	0.243992	0.239944	0.241962	0.244069	0.264649	0.259481	0.251261	0.261916	0.25366	0.285467	0.257239	0.261709	0.246922	0.281094	0.285928	0.265527	0.265587	0.272809	0.274854	0.246007	0.243993	0.24806	0.246007	0.246006	0.241297	0.25631	0.234814	0.24495	0.244977	0.248983	0.240841	0.346765	0.362045	0.366871	0.368868	0.364039	0.375092	0.37681	0.399677	0.37934	0.312916	0.323365	0.414822	0.46983	0.354154	0.292884	0.299295	0.316976	0.342996	0.313341	0.28581	0.322078	0.240961	0.241564	0.240509	0.290846	0.28883	0.292857	0.317243	0.303957	0.305785	0.227044	0.180323	0.186944	0.20058	0.187632	0.182201	0.178233	0.152336	0.175612	0.162745	0.0972555	0.109384	0.0389069	0	0.155506	0.148814	0.166282	0.135626	0.143758	0.179483	0.14992	0.160439	0.197568	0.158243	0.157887	0.170779	0.166399	0.185041	0.186094	0.225246	0.201903	0.220503	0.205689	0.224366	0.222945	0.224854	0.211528	0.20511	0.209612	0.230472	0.215955	0.219903	0.226531	0.226	0.237487	0.217534	0.21741	0.213414	0.213414	0.234681	0.205447	0.223464	0.225934	0.213002	0.223418	0.224539	0.201016	0.222208	0.214736	0.229737	0.210739	0.231569	0.231894	0.207409	0.204093	0.222007	0.229929	0.215186	0.207683	0.229366	0.226177	0.232525	0.213112	0.23684	0.224491	0.245779	0.221707	0.231858	0.223546	0.233793	0.246575	0.227161	0.233266	0.246152	0.243581	0.247313	0.228601	0.234756	0.246104	0.232698	0.222425	0.234954	0.239051	0.222674	0.233445	0.239174	0.243958	0.262468	0.250684	0.244167	0.248172	0.2501	0.223288	0.220662	0.255312	0.250277	0.239297	0.239296	0.274659	0.271765	0.223318	0.238761	0.227346	0.250981	0.246432	0.255045	0.231283	0.239357	0.235873	0.240942	0.243545	0.245191	0.255951	0.243139	0.238767	0.24755	0.234534	0.275406	0.266506	0.260868	0.262047	0.261876	0.264204	0.253203	0.238892	0.240984	0.247461	0.255351	0.253851	0.260257	0.23867	0.238415	0.242479	0.246526	0.247035	0.249008	0.248846	0.246802	0.248838	0.218997	0.236272	0.217184	0.245652	0.256243	0.264351	0.255973	0.247768	0.25707	0.253661	0.23799	0.271251	0.252375	0.26453	0.26696	0.261903	0.238852	0.240996	0.239677	0.238356	0.225433	0.219632	0.223753	0.22444	0.297789	0.300114	0.277634	0.342543	0.357645	0.312131	0.348242	0.356595	0.322092	0.260097	0.263856	0.299563	0.321176	0.310606	0.306145	0.363774	0.360892	0.334339	0.367434	0.355686	0.299198	0.274519	0.261628	0.266499	0.290863	0.277621	0.285972	0.262772	0.261804	0.254318	0.265062	0.298277	0.291923	0.293741	0.32814	0.304514	0.323803	0.319243	0.321758	0.417879	0.27465	0.299888	0.308917	0.28087	0.293658	0.272401	0.270388	0.270392	0.29665	0.309145	0.285206	0.291338	0.277109	0.299262	0.289633	0.294732	0.348917	0.354697	0.345394	0.354463	0.318958	0.325123	0.352189	0.31569	0.301802	0.314423	0.309602	0.318137	0.28043	0.276588	0.264222	0.277404	0.277455	0.34628	0.339019	0.34099	0.333353	0.330908
Grallaria_varia	0.216951	0.223066	0.228814	0.258957	0.264424	0.247068	0.248717	0.292027	0.262875	0.342745	0.327742	0.232588	0.201967	0.21643	0.209778	0.205731	0.207748	0.209855	0.230435	0.225267	0.217048	0.227702	0.219446	0.251254	0.223025	0.227495	0.212708	0.24688	0.251714	0.231313	0.231373	0.238595	0.24064	0.211794	0.20978	0.213846	0.211793	0.211792	0.207083	0.222096	0.2006	0.210736	0.210764	0.21477	0.206627	0.312551	0.327831	0.332658	0.334655	0.329825	0.340878	0.342597	0.365463	0.345126	0.278702	0.289151	0.380608	0.435617	0.31994	0.25867	0.265081	0.282762	0.308782	0.279127	0.251596	0.287865	0.206747	0.20735	0.206296	0.256633	0.254616	0.258643	0.283029	0.269743	0.271571	0.192831	0.146109	0.15273	0.166366	0.153418	0.147988	0.14402	0.118122	0.141403	0.128537	0.121149	0.152081	0.136669	0.155506	0	0.114596	0.132064	0.101412	0.109544	0.145269	0.115706	0.126225	0.163355	0.124029	0.123673	0.136565	0.132186	0.150827	0.151881	0.191032	0.167689	0.18629	0.171475	0.190152	0.188731	0.190641	0.177314	0.170896	0.175398	0.196258	0.181742	0.185689	0.192317	0.191787	0.203273	0.18332	0.183196	0.1792	0.1792	0.200467	0.171234	0.18925	0.19172	0.178789	0.189204	0.190325	0.166802	0.187994	0.180522	0.195524	0.176525	0.197355	0.19768	0.173195	0.169879	0.187793	0.195715	0.180972	0.173469	0.195153	0.191964	0.198311	0.178898	0.202626	0.190278	0.211565	0.187493	0.197644	0.189332	0.199579	0.212362	0.192947	0.199052	0.211938	0.209367	0.213099	0.194387	0.200542	0.21189	0.198484	0.188211	0.200741	0.204838	0.18846	0.199231	0.20496	0.209744	0.228255	0.21647	0.209954	0.213958	0.215886	0.189075	0.186448	0.221098	0.216063	0.205083	0.205083	0.240445	0.237552	0.189105	0.204547	0.193132	0.216768	0.212218	0.220831	0.197069	0.205143	0.201659	0.206728	0.209332	0.210977	0.221737	0.208925	0.204554	0.213336	0.20032	0.241192	0.232292	0.226655	0.227833	0.227662	0.22999	0.218989	0.204678	0.20677	0.213247	0.221137	0.219637	0.226043	0.204456	0.204201	0.208266	0.212313	0.212821	0.214794	0.214632	0.212588	0.214624	0.184783	0.202058	0.18297	0.211438	0.222029	0.230138	0.221759	0.213554	0.222856	0.219447	0.203776	0.237037	0.218161	0.230317	0.232746	0.227689	0.204639	0.206782	0.205464	0.204143	0.191219	0.185418	0.189539	0.190227	0.263575	0.2659	0.24342	0.308329	0.323431	0.277917	0.314028	0.322381	0.287879	0.225883	0.229642	0.26535	0.286963	0.276393	0.271931	0.32956	0.326678	0.300126	0.33322	0.321473	0.264984	0.240305	0.227414	0.232286	0.25665	0.243407	0.251759	0.228558	0.22759	0.220104	0.230848	0.264064	0.25771	0.259527	0.293926	0.2703	0.28959	0.285029	0.287544	0.383665	0.240437	0.265674	0.274703	0.246656	0.259444	0.238187	0.236175	0.236178	0.262436	0.274931	0.250993	0.257124	0.242896	0.265048	0.255419	0.260518	0.314703	0.320483	0.31118	0.320249	0.284744	0.29091	0.317976	0.281476	0.267588	0.28021	0.275388	0.283923	0.246216	0.242374	0.230008	0.243191	0.243242	0.312066	0.304805	0.306777	0.299139	0.296694
Scytalopus_superciliaris	0.210258	0.216373	0.222122	0.252264	0.257731	0.240375	0.242025	0.285335	0.256182	0.336052	0.321049	0.225896	0.195274	0.209738	0.203086	0.199038	0.201055	0.203162	0.223742	0.218574	0.210355	0.22101	0.212753	0.244561	0.216332	0.220802	0.206015	0.240187	0.245021	0.224621	0.22468	0.231902	0.233947	0.205101	0.203087	0.207153	0.2051	0.2051	0.200391	0.215404	0.193907	0.204043	0.204071	0.208077	0.199934	0.305858	0.321139	0.325965	0.327962	0.323132	0.334185	0.335904	0.358771	0.338433	0.272009	0.282458	0.373915	0.428924	0.313247	0.251977	0.258388	0.27607	0.302089	0.272435	0.244903	0.281172	0.200055	0.200657	0.199603	0.24994	0.247923	0.25195	0.276337	0.263051	0.264878	0.186138	0.139416	0.146037	0.159673	0.146725	0.141295	0.137327	0.111429	0.134711	0.121844	0.114456	0.145388	0.129976	0.148814	0.114596	0	0.120956	0.0947192	0.102851	0.138577	0.109013	0.119533	0.156662	0.117336	0.116981	0.129873	0.125493	0.144134	0.145188	0.184339	0.160996	0.179597	0.164782	0.183459	0.182038	0.183948	0.170621	0.164203	0.168705	0.189566	0.175049	0.178996	0.185624	0.185094	0.19658	0.176627	0.176503	0.172507	0.172507	0.193774	0.164541	0.182557	0.185027	0.172096	0.182511	0.183633	0.160109	0.181301	0.173829	0.188831	0.169832	0.190662	0.190988	0.166502	0.163187	0.1811	0.189022	0.174279	0.166777	0.18846	0.185271	0.191618	0.172205	0.195933	0.183585	0.204872	0.1808	0.190951	0.182639	0.192886	0.205669	0.186255	0.19236	0.205245	0.202674	0.206406	0.187694	0.19385	0.205197	0.191791	0.181518	0.194048	0.198145	0.181767	0.192538	0.198268	0.203051	0.221562	0.209777	0.203261	0.207265	0.209194	0.182382	0.179755	0.214406	0.209371	0.19839	0.19839	0.233752	0.230859	0.182412	0.197855	0.186439	0.210075	0.205525	0.214138	0.190376	0.198451	0.194966	0.200035	0.202639	0.204284	0.215045	0.202232	0.197861	0.206643	0.193627	0.234499	0.225599	0.219962	0.22114	0.220969	0.223297	0.212296	0.197985	0.200077	0.206554	0.214444	0.212944	0.21935	0.197764	0.197509	0.201573	0.20562	0.206129	0.208102	0.207939	0.205895	0.207932	0.17809	0.195365	0.176277	0.204745	0.215336	0.223445	0.215066	0.206861	0.216163	0.212754	0.197083	0.230344	0.211468	0.223624	0.226054	0.220996	0.197946	0.200089	0.198771	0.19745	0.184526	0.178726	0.182847	0.183534	0.256882	0.259207	0.236728	0.301637	0.316738	0.271224	0.307335	0.315689	0.281186	0.21919	0.222949	0.258657	0.28027	0.2697	0.265238	0.322868	0.319985	0.293433	0.326527	0.31478	0.258291	0.233612	0.220722	0.225593	0.249957	0.236714	0.245066	0.221866	0.220897	0.213411	0.224155	0.257371	0.251017	0.252835	0.287234	0.263607	0.282897	0.278337	0.280851	0.376972	0.233744	0.258981	0.26801	0.239963	0.252751	0.231494	0.229482	0.229485	0.255744	0.268239	0.2443	0.250431	0.236203	0.258355	0.248726	0.253826	0.308011	0.313791	0.304487	0.313556	0.278052	0.284217	0.311283	0.274784	0.260895	0.273517	0.268695	0.27723	0.239523	0.235682	0.223315	0.236498	0.236549	0.305373	0.298112	0.300084	0.292446	0.290001
Formicarius_rufipectus	0.227726	0.233841	0.23959	0.269732	0.275199	0.257843	0.259493	0.302803	0.27365	0.35352	0.338517	0.243364	0.212742	0.227206	0.220554	0.216506	0.218523	0.22063	0.24121	0.236042	0.227823	0.238478	0.230221	0.262029	0.2338	0.23827	0.223483	0.257655	0.262489	0.242089	0.242148	0.24937	0.251415	0.222569	0.220555	0.224621	0.222568	0.222568	0.217859	0.232872	0.211375	0.221511	0.221539	0.225545	0.217402	0.323326	0.338607	0.343433	0.34543	0.3406	0.351653	0.353372	0.376238	0.355901	0.289477	0.299926	0.391383	0.446392	0.330715	0.269445	0.275856	0.293538	0.319557	0.289903	0.262371	0.29864	0.217523	0.218125	0.217071	0.267408	0.265391	0.269418	0.293804	0.280519	0.282346	0.203606	0.156884	0.163505	0.177141	0.164193	0.158763	0.154795	0.128897	0.152179	0.139312	0.131924	0.162856	0.147444	0.166282	0.132064	0.120956	0	0.112187	0.120319	0.156045	0.126481	0.137	0.17413	0.134804	0.134449	0.147341	0.142961	0.161602	0.162656	0.201807	0.178464	0.197065	0.18225	0.200927	0.199506	0.201416	0.188089	0.181671	0.186173	0.207034	0.192517	0.196464	0.203092	0.202562	0.214048	0.194095	0.193971	0.189975	0.189975	0.211242	0.182009	0.200025	0.202495	0.189564	0.199979	0.201101	0.177577	0.198769	0.191297	0.206299	0.1873	0.20813	0.208456	0.18397	0.180655	0.198568	0.20649	0.191747	0.184245	0.205928	0.202739	0.209086	0.189673	0.213401	0.201053	0.22234	0.198268	0.208419	0.200107	0.210354	0.223137	0.203723	0.209828	0.222713	0.220142	0.223874	0.205162	0.211317	0.222665	0.209259	0.198986	0.211516	0.215613	0.199235	0.210006	0.215735	0.220519	0.23903	0.227245	0.220729	0.224733	0.226661	0.19985	0.197223	0.231874	0.226839	0.215858	0.215858	0.25122	0.248327	0.19988	0.215323	0.203907	0.227543	0.222993	0.231606	0.207844	0.215919	0.212434	0.217503	0.220107	0.221752	0.232513	0.2197	0.215329	0.224111	0.211095	0.251967	0.243067	0.23743	0.238608	0.238437	0.240765	0.229764	0.215453	0.217545	0.224022	0.231912	0.230412	0.236818	0.215232	0.214976	0.219041	0.223088	0.223597	0.22557	0.225407	0.223363	0.2254	0.195558	0.212833	0.193745	0.222213	0.232804	0.240913	0.232534	0.224329	0.233631	0.230222	0.214551	0.247812	0.228936	0.241092	0.243521	0.238464	0.215414	0.217557	0.216239	0.214918	0.201994	0.196194	0.200314	0.201002	0.27435	0.276675	0.254196	0.319105	0.334206	0.288692	0.324803	0.333157	0.298654	0.236658	0.240417	0.276125	0.297738	0.287168	0.282706	0.340336	0.337453	0.310901	0.343995	0.332248	0.275759	0.25108	0.23819	0.243061	0.267425	0.254182	0.262534	0.239333	0.238365	0.230879	0.241623	0.274839	0.268485	0.270303	0.304702	0.281075	0.300365	0.295805	0.298319	0.39444	0.251212	0.276449	0.285478	0.257431	0.270219	0.248962	0.24695	0.246953	0.273212	0.285707	0.261768	0.267899	0.253671	0.275823	0.266194	0.271294	0.325479	0.331259	0.321955	0.331024	0.29552	0.301685	0.328751	0.292252	0.278363	0.290985	0.286163	0.294698	0.256991	0.25315	0.240783	0.253966	0.254017	0.322841	0.31558	0.317552	0.309914	0.307469
Lepidothrix_coronata	0.172822	0.178937	0.184685	0.214828	0.220295	0.202939	0.204588	0.247898	0.218746	0.298616	0.283613	0.188459	0.157838	0.172301	0.165649	0.161602	0.163619	0.165726	0.186306	0.181138	0.172919	0.183573	0.175317	0.207125	0.178896	0.183366	0.168579	0.202751	0.207585	0.187184	0.187244	0.194466	0.196511	0.167665	0.165651	0.169717	0.167664	0.167663	0.162954	0.177967	0.156471	0.166607	0.166635	0.170641	0.162498	0.268422	0.283702	0.288529	0.290526	0.285696	0.296749	0.298468	0.321334	0.300997	0.234573	0.245022	0.336479	0.391488	0.275811	0.214541	0.220952	0.238633	0.264653	0.234998	0.207467	0.243736	0.162618	0.163221	0.162167	0.212504	0.210487	0.214514	0.2389	0.225614	0.227442	0.148702	0.10198	0.108601	0.122237	0.109289	0.103859	0.0998907	0.0739931	0.121523	0.108656	0.101268	0.1322	0.116788	0.135626	0.101412	0.0947192	0.112187	0	0.0370273	0.101136	0.071577	0.0820963	0.119226	0.0799002	0.0795445	0.0924364	0.0880567	0.106698	0.107752	0.146903	0.12356	0.142161	0.127346	0.146023	0.144602	0.146512	0.133185	0.126767	0.131269	0.152129	0.137613	0.14156	0.148188	0.147658	0.159144	0.139191	0.139067	0.135071	0.135071	0.156338	0.127105	0.145121	0.147591	0.13466	0.145075	0.146196	0.122673	0.143865	0.136393	0.151395	0.132396	0.153226	0.153551	0.129066	0.12575	0.143664	0.151586	0.136843	0.12934	0.151024	0.147835	0.154182	0.134769	0.158497	0.146149	0.167436	0.143364	0.153515	0.145203	0.15545	0.168233	0.148818	0.154923	0.167809	0.165238	0.16897	0.150258	0.156413	0.167761	0.154355	0.144082	0.156612	0.160709	0.144331	0.155102	0.160831	0.165615	0.184126	0.172341	0.165825	0.169829	0.171757	0.144946	0.142319	0.176969	0.171934	0.160954	0.160954	0.196316	0.193423	0.144976	0.160418	0.149003	0.172639	0.168089	0.176702	0.15294	0.161014	0.15753	0.162599	0.165203	0.166848	0.177608	0.164796	0.160425	0.169207	0.156191	0.197063	0.188163	0.182526	0.183704	0.183533	0.185861	0.17486	0.160549	0.162641	0.169118	0.177008	0.175508	0.181914	0.160327	0.160072	0.164137	0.168184	0.168692	0.170665	0.170503	0.168459	0.170495	0.140654	0.157929	0.138841	0.167309	0.1779	0.186009	0.17763	0.169425	0.178727	0.175318	0.159647	0.192908	0.174032	0.186188	0.188617	0.18356	0.16051	0.162653	0.161335	0.160014	0.14709	0.141289	0.14541	0.146098	0.219446	0.221771	0.199291	0.2642	0.279302	0.233788	0.269899	0.278252	0.24375	0.181754	0.185513	0.221221	0.242834	0.232264	0.227802	0.285431	0.282549	0.255997	0.289091	0.277344	0.220855	0.196176	0.183285	0.188157	0.212521	0.199278	0.20763	0.184429	0.183461	0.175975	0.186719	0.219935	0.213581	0.215398	0.249797	0.226171	0.245461	0.2409	0.243415	0.339536	0.196308	0.221545	0.230574	0.202527	0.215315	0.194058	0.192046	0.192049	0.218307	0.230802	0.206864	0.212995	0.198767	0.220919	0.21129	0.216389	0.270574	0.276354	0.267051	0.27612	0.240615	0.246781	0.273847	0.237347	0.223459	0.236081	0.231259	0.239794	0.202087	0.198245	0.185879	0.199062	0.199113	0.267937	0.260676	0.262648	0.25501	0.252565
Manacus_manacus	0.180954	0.187069	0.192817	0.22296	0.228427	0.211071	0.21272	0.25603	0.226878	0.306748	0.291745	0.196591	0.16597	0.180433	0.173781	0.169734	0.171751	0.173858	0.194438	0.18927	0.181051	0.191705	0.183449	0.215257	0.187028	0.191498	0.176711	0.210883	0.215717	0.195316	0.195376	0.202598	0.204643	0.175797	0.173783	0.177849	0.175796	0.175795	0.171086	0.186099	0.164603	0.174739	0.174767	0.178773	0.17063	0.276554	0.291834	0.296661	0.298658	0.293828	0.304881	0.3066	0.329466	0.309129	0.242705	0.253154	0.344611	0.39962	0.283943	0.222673	0.229084	0.246765	0.272785	0.24313	0.215599	0.251868	0.17075	0.171353	0.170299	0.220636	0.218619	0.222646	0.247032	0.233746	0.235574	0.156834	0.110112	0.116733	0.130369	0.117421	0.111991	0.108023	0.0821251	0.129655	0.116788	0.1094	0.140332	0.12492	0.143758	0.109544	0.102851	0.120319	0.0370273	0	0.109268	0.079709	0.0902283	0.127358	0.0880322	0.0876765	0.100568	0.0961887	0.11483	0.115884	0.155035	0.131692	0.150293	0.135478	0.154155	0.152734	0.154644	0.141317	0.134899	0.139401	0.160261	0.145745	0.149692	0.15632	0.15579	0.167276	0.147323	0.147199	0.143203	0.143203	0.16447	0.135237	0.153253	0.155723	0.142792	0.153207	0.154328	0.130805	0.151997	0.144525	0.159527	0.140528	0.161358	0.161683	0.137198	0.133882	0.151796	0.159718	0.144975	0.137472	0.159156	0.155967	0.162314	0.142901	0.166629	0.154281	0.175568	0.151496	0.161647	0.153335	0.163582	0.176365	0.15695	0.163056	0.175941	0.17337	0.177102	0.15839	0.164545	0.175893	0.162487	0.152214	0.164744	0.168841	0.152463	0.163234	0.168963	0.173747	0.192258	0.180473	0.173957	0.177961	0.179889	0.153078	0.150451	0.185101	0.180066	0.169086	0.169086	0.204448	0.201555	0.153108	0.16855	0.157135	0.180771	0.176221	0.184834	0.161072	0.169146	0.165662	0.170731	0.173335	0.17498	0.18574	0.172928	0.168557	0.177339	0.164323	0.205195	0.196295	0.190658	0.191836	0.191665	0.193993	0.182992	0.168681	0.170773	0.17725	0.18514	0.18364	0.190046	0.168459	0.168204	0.172269	0.176316	0.176824	0.178797	0.178635	0.176591	0.178627	0.148786	0.166061	0.146973	0.175441	0.186032	0.194141	0.185762	0.177557	0.186859	0.18345	0.167779	0.20104	0.182164	0.19432	0.196749	0.191692	0.168642	0.170785	0.169467	0.168146	0.155222	0.149421	0.153542	0.15423	0.227578	0.229903	0.207423	0.272333	0.287434	0.24192	0.278031	0.286384	0.251882	0.189886	0.193645	0.229353	0.250966	0.240396	0.235934	0.293563	0.290681	0.264129	0.297223	0.285476	0.228987	0.204308	0.191417	0.196289	0.220653	0.20741	0.215762	0.192561	0.191593	0.184107	0.194851	0.228067	0.221713	0.22353	0.257929	0.234303	0.253593	0.249032	0.251547	0.347668	0.20444	0.229677	0.238706	0.210659	0.223447	0.20219	0.200178	0.200181	0.226439	0.238934	0.214996	0.221127	0.206899	0.229051	0.219422	0.224521	0.278706	0.284486	0.275183	0.284252	0.248747	0.254913	0.281979	0.245479	0.231591	0.244213	0.239391	0.247926	0.210219	0.206377	0.194011	0.207194	0.207245	0.276069	0.268808	0.27078	0.263142	0.260697
Pachyramphus_minor	0.21668	0.222794	0.228543	0.258685	0.264152	0.246796	0.248446	0.291756	0.262604	0.342473	0.32747	0.232317	0.201695	0.216159	0.209507	0.205459	0.207476	0.209583	0.230163	0.224995	0.216776	0.227431	0.219175	0.250982	0.222753	0.227224	0.212436	0.246609	0.251443	0.231042	0.231102	0.238323	0.240369	0.211522	0.209508	0.213575	0.211522	0.211521	0.206812	0.221825	0.200329	0.210465	0.210492	0.214498	0.206356	0.31228	0.32756	0.332386	0.334383	0.329553	0.340607	0.342325	0.365192	0.344855	0.278431	0.28888	0.380337	0.435345	0.319669	0.258399	0.264809	0.282491	0.308511	0.278856	0.251324	0.287593	0.206476	0.207079	0.206024	0.256361	0.254345	0.258371	0.282758	0.269472	0.2713	0.192559	0.145837	0.152459	0.166094	0.153146	0.147716	0.143748	0.117851	0.16538	0.152514	0.145126	0.176058	0.160645	0.179483	0.145269	0.138577	0.156045	0.101136	0.109268	0	0.115434	0.125954	0.163083	0.123758	0.123402	0.136294	0.131914	0.150555	0.151609	0.19076	0.167417	0.186018	0.171204	0.189881	0.188459	0.190369	0.177042	0.170625	0.175126	0.195987	0.18147	0.185418	0.192045	0.191515	0.203002	0.183048	0.182925	0.178929	0.178929	0.200195	0.170962	0.188978	0.191449	0.178517	0.188933	0.190054	0.16653	0.187722	0.18025	0.195252	0.176254	0.197084	0.197409	0.172924	0.169608	0.187521	0.195443	0.1807	0.173198	0.194881	0.191692	0.19804	0.178626	0.202355	0.190006	0.211293	0.187222	0.197372	0.189061	0.199308	0.21209	0.192676	0.198781	0.211667	0.209095	0.212828	0.194115	0.200271	0.211619	0.198212	0.18794	0.200469	0.204566	0.188188	0.19896	0.204689	0.209472	0.227983	0.216199	0.209682	0.213687	0.215615	0.188803	0.186177	0.220827	0.215792	0.204811	0.204811	0.240174	0.23728	0.188833	0.204276	0.19286	0.216496	0.211946	0.220559	0.196797	0.204872	0.201388	0.206457	0.20906	0.210705	0.221466	0.208653	0.204282	0.213064	0.200048	0.24092	0.23202	0.226383	0.227562	0.22739	0.229719	0.218717	0.204406	0.206498	0.212976	0.220866	0.219365	0.225772	0.204185	0.20393	0.207994	0.212041	0.21255	0.214523	0.214361	0.212317	0.214353	0.184511	0.201787	0.182699	0.211167	0.221758	0.229866	0.221487	0.213283	0.222585	0.219176	0.203504	0.236765	0.217889	0.230045	0.232475	0.227418	0.204367	0.206511	0.205192	0.203871	0.190948	0.185147	0.189268	0.189955	0.263304	0.265628	0.243149	0.308058	0.32316	0.277646	0.313757	0.32211	0.287607	0.225611	0.229371	0.265078	0.286691	0.276121	0.271659	0.329289	0.326406	0.299854	0.332949	0.321201	0.264712	0.240034	0.227143	0.232014	0.256378	0.243135	0.251487	0.228287	0.227318	0.219833	0.230577	0.263792	0.257438	0.259256	0.293655	0.270028	0.289318	0.284758	0.287273	0.383393	0.240165	0.265402	0.274432	0.246384	0.259172	0.237915	0.235903	0.235907	0.262165	0.27466	0.250721	0.256852	0.242624	0.264777	0.255148	0.260247	0.314432	0.320212	0.310908	0.319977	0.284473	0.290638	0.317704	0.281205	0.267316	0.279938	0.275116	0.283652	0.245945	0.242103	0.229737	0.242919	0.24297	0.311795	0.304534	0.306505	0.298868	0.296423
Onychorhynchus_coronatus	0.187106	0.193221	0.19897	0.229112	0.234579	0.217223	0.218873	0.262182	0.23303	0.3129	0.297897	0.202744	0.172122	0.186586	0.179934	0.175886	0.177903	0.18001	0.20059	0.195422	0.187203	0.197858	0.189601	0.221409	0.19318	0.19765	0.182863	0.217035	0.221869	0.201469	0.201528	0.20875	0.210795	0.181949	0.179935	0.184001	0.181948	0.181947	0.177239	0.192252	0.170755	0.180891	0.180919	0.184925	0.176782	0.282706	0.297987	0.302813	0.30481	0.29998	0.311033	0.312752	0.335618	0.315281	0.248857	0.259306	0.350763	0.405772	0.290095	0.228825	0.235236	0.252918	0.278937	0.249283	0.221751	0.25802	0.176903	0.177505	0.176451	0.226788	0.224771	0.228798	0.253184	0.239899	0.241726	0.162986	0.116269	0.12289	0.136526	0.123578	0.118148	0.11418	0.0882821	0.135817	0.12295	0.115562	0.146494	0.131082	0.14992	0.115706	0.109013	0.126481	0.071577	0.079709	0.115434	0	0.0829538	0.121369	0.0820434	0.0816877	0.0945797	0.0901999	0.120982	0.122036	0.161187	0.137844	0.156445	0.14163	0.160307	0.158886	0.160796	0.147469	0.141051	0.145553	0.166414	0.151897	0.155844	0.162472	0.161942	0.173428	0.153475	0.153351	0.149355	0.149355	0.170622	0.141389	0.159405	0.161875	0.148944	0.159359	0.160481	0.136957	0.158149	0.150677	0.165679	0.14668	0.16751	0.167836	0.14335	0.140034	0.157948	0.16587	0.151127	0.143625	0.165308	0.162119	0.168466	0.149053	0.172781	0.160433	0.18172	0.157648	0.167799	0.159487	0.169734	0.182517	0.163102	0.169208	0.182093	0.179522	0.183254	0.164542	0.170697	0.182045	0.168639	0.158366	0.170896	0.174993	0.158615	0.169386	0.175115	0.179899	0.19841	0.186625	0.180109	0.184113	0.186041	0.15923	0.156603	0.191253	0.186219	0.175238	0.175238	0.2106	0.207707	0.15926	0.174703	0.163287	0.186923	0.182373	0.190986	0.167224	0.175299	0.171814	0.176883	0.179487	0.181132	0.191893	0.17908	0.174709	0.183491	0.170475	0.211347	0.202447	0.19681	0.197988	0.197817	0.200145	0.189144	0.174833	0.176925	0.183402	0.191292	0.189792	0.196198	0.174611	0.174356	0.178421	0.182468	0.182976	0.184949	0.184787	0.182743	0.184779	0.154938	0.172213	0.153125	0.181593	0.192184	0.200293	0.191914	0.183709	0.193011	0.189602	0.173931	0.207192	0.188316	0.200472	0.202901	0.197844	0.174794	0.176937	0.175619	0.174298	0.161374	0.155574	0.159694	0.160382	0.23373	0.236055	0.213576	0.278485	0.293586	0.248072	0.284183	0.292537	0.258034	0.196038	0.199797	0.235505	0.257118	0.246548	0.242086	0.299716	0.296833	0.270281	0.303375	0.291628	0.235139	0.21046	0.19757	0.202441	0.226805	0.213562	0.221914	0.198713	0.197745	0.190259	0.201003	0.234219	0.227865	0.229683	0.264082	0.240455	0.259745	0.255185	0.257699	0.35382	0.210592	0.235829	0.244858	0.216811	0.229599	0.208342	0.20633	0.206333	0.232592	0.245087	0.221148	0.227279	0.213051	0.235203	0.225574	0.230674	0.284859	0.290639	0.281335	0.290404	0.2549	0.261065	0.288131	0.251631	0.237743	0.250365	0.245543	0.254078	0.216371	0.21253	0.200163	0.213346	0.213397	0.282221	0.27496	0.276932	0.269294	0.266849
Oxyruncus_cristatus	0.197626	0.20374	0.209489	0.239631	0.245098	0.227742	0.229392	0.272702	0.24355	0.323419	0.308416	0.213263	0.182641	0.197105	0.190453	0.186405	0.188422	0.190529	0.211109	0.205941	0.197722	0.208377	0.200121	0.231928	0.203699	0.20817	0.193382	0.227555	0.232389	0.211988	0.212048	0.219269	0.221315	0.192468	0.190454	0.194521	0.192468	0.192467	0.187758	0.202771	0.181275	0.191411	0.191438	0.195444	0.187302	0.293226	0.308506	0.313332	0.315329	0.310499	0.321553	0.323271	0.346138	0.325801	0.259377	0.269826	0.361283	0.416291	0.300615	0.239345	0.245755	0.263437	0.289457	0.259802	0.23227	0.268539	0.187422	0.188025	0.18697	0.237307	0.235291	0.239317	0.263704	0.250418	0.252246	0.173505	0.126788	0.133409	0.147045	0.134097	0.128667	0.124699	0.0988014	0.146336	0.133469	0.126082	0.157014	0.141601	0.160439	0.126225	0.119533	0.137	0.0820963	0.0902283	0.125954	0.0829538	0	0.131888	0.0925628	0.092207	0.105099	0.100719	0.131501	0.132555	0.171706	0.148363	0.166964	0.15215	0.170827	0.169405	0.171315	0.157988	0.151571	0.156072	0.176933	0.162416	0.166364	0.172991	0.172461	0.183948	0.163994	0.163871	0.159875	0.159875	0.181141	0.151908	0.169924	0.172395	0.159463	0.169879	0.171	0.147476	0.168668	0.161196	0.176198	0.1572	0.17803	0.178355	0.15387	0.150554	0.168467	0.176389	0.161646	0.154144	0.175827	0.172638	0.178986	0.159572	0.183301	0.170952	0.192239	0.168168	0.178318	0.170007	0.180254	0.193036	0.173622	0.179727	0.192613	0.190041	0.193774	0.175061	0.181217	0.192565	0.179158	0.168886	0.181415	0.185512	0.169134	0.179906	0.185635	0.190418	0.208929	0.197145	0.190628	0.194633	0.196561	0.169749	0.167123	0.201773	0.196738	0.185757	0.185757	0.22112	0.218226	0.169779	0.185222	0.173806	0.197442	0.192892	0.201505	0.177743	0.185818	0.182334	0.187403	0.190006	0.191651	0.202412	0.189599	0.185228	0.19401	0.180994	0.221866	0.212966	0.207329	0.208508	0.208336	0.210665	0.199663	0.185352	0.187444	0.193922	0.201812	0.200311	0.206718	0.185131	0.184876	0.18894	0.192987	0.193496	0.195469	0.195307	0.193263	0.195299	0.165457	0.182733	0.163645	0.192113	0.202704	0.210812	0.202433	0.194229	0.203531	0.200122	0.18445	0.217711	0.198835	0.210991	0.213421	0.208364	0.185313	0.187457	0.186138	0.184817	0.171894	0.166093	0.170214	0.170901	0.244249	0.246574	0.224095	0.289004	0.304106	0.258592	0.294703	0.303056	0.268553	0.206557	0.210317	0.246024	0.267637	0.257067	0.252605	0.310235	0.307352	0.2808	0.313895	0.302147	0.245658	0.22098	0.208089	0.21296	0.237324	0.224081	0.232433	0.209233	0.208264	0.200779	0.211523	0.244738	0.238384	0.240202	0.274601	0.250974	0.270264	0.265704	0.268219	0.364339	0.221111	0.246348	0.255378	0.22733	0.240118	0.218861	0.216849	0.216853	0.243111	0.255606	0.231667	0.237798	0.22357	0.245723	0.236094	0.241193	0.295378	0.301158	0.291854	0.300923	0.265419	0.271584	0.29865	0.262151	0.248262	0.260884	0.256062	0.264598	0.226891	0.223049	0.210683	0.223865	0.223916	0.292741	0.28548	0.287451	0.279814	0.277369
Piprites_chloris	0.234755	0.24087	0.246618	0.27676	0.282227	0.264872	0.266521	0.309831	0.280679	0.360548	0.345545	0.250392	0.219771	0.234234	0.227582	0.223534	0.225552	0.227659	0.248239	0.243071	0.234851	0.245506	0.23725	0.269057	0.240829	0.245299	0.230512	0.264684	0.269518	0.249117	0.249177	0.256399	0.258444	0.229597	0.227583	0.23165	0.229597	0.229596	0.224887	0.2399	0.218404	0.22854	0.228567	0.232573	0.224431	0.330355	0.345635	0.350461	0.352458	0.347629	0.358682	0.3604	0.383267	0.36293	0.296506	0.306955	0.398412	0.45342	0.337744	0.276474	0.282885	0.300566	0.326586	0.296931	0.2694	0.305668	0.224551	0.225154	0.2241	0.274436	0.27242	0.276447	0.300833	0.287547	0.289375	0.210634	0.163918	0.170539	0.184174	0.171227	0.165796	0.161828	0.135931	0.183465	0.170599	0.163211	0.194143	0.178731	0.197568	0.163355	0.156662	0.17413	0.119226	0.127358	0.163083	0.121369	0.131888	0	0.117631	0.117276	0.130168	0.125788	0.168631	0.169685	0.208836	0.185493	0.204093	0.189279	0.207956	0.206535	0.208444	0.195118	0.1887	0.193202	0.214062	0.199546	0.203493	0.210121	0.20959	0.221077	0.201124	0.201	0.197004	0.197004	0.218271	0.189037	0.207054	0.209524	0.196592	0.207008	0.208129	0.184606	0.205798	0.198326	0.213327	0.194329	0.215159	0.215484	0.190999	0.187683	0.205597	0.213519	0.198776	0.191273	0.212956	0.209767	0.216115	0.196702	0.22043	0.208081	0.229369	0.205297	0.215448	0.207136	0.217383	0.230165	0.210751	0.216856	0.229742	0.227171	0.230903	0.212191	0.218346	0.229694	0.216288	0.206015	0.218544	0.222642	0.206264	0.217035	0.222764	0.227548	0.246058	0.234274	0.227757	0.231762	0.23369	0.206878	0.204252	0.238902	0.233867	0.222887	0.222886	0.258249	0.255356	0.206908	0.222351	0.210936	0.234571	0.230022	0.238635	0.214873	0.222947	0.219463	0.224532	0.227135	0.228781	0.239541	0.226729	0.222357	0.23114	0.218124	0.258996	0.250096	0.244458	0.245637	0.245466	0.247794	0.236793	0.222482	0.224574	0.231051	0.238941	0.237441	0.243847	0.22226	0.222005	0.226069	0.230116	0.230625	0.232598	0.232436	0.230392	0.232428	0.202587	0.219862	0.200774	0.229242	0.239833	0.247941	0.239563	0.231358	0.24066	0.237251	0.22158	0.254841	0.235965	0.24812	0.25055	0.245493	0.222442	0.224586	0.223267	0.221946	0.209023	0.203222	0.207343	0.20803	0.281379	0.283704	0.261224	0.326133	0.341235	0.295721	0.331832	0.340185	0.305683	0.243687	0.247446	0.283153	0.304766	0.294196	0.289735	0.347364	0.344482	0.317929	0.351024	0.339276	0.282788	0.258109	0.245218	0.250089	0.274453	0.261211	0.269562	0.246362	0.245394	0.237908	0.248652	0.281867	0.275513	0.277331	0.31173	0.288104	0.307393	0.302833	0.305348	0.401469	0.25824	0.283478	0.292507	0.26446	0.277248	0.255991	0.253978	0.253982	0.28024	0.292735	0.268796	0.274928	0.2607	0.282852	0.273223	0.278322	0.332507	0.338287	0.328984	0.338053	0.302548	0.308714	0.335779	0.29928	0.285392	0.298013	0.293192	0.301727	0.26402	0.260178	0.247812	0.260994	0.261045	0.32987	0.322609	0.32458	0.316943	0.314498
Neopipo_cinnamomea	0.195429	0.201544	0.207293	0.237435	0.242902	0.225546	0.227196	0.270506	0.241353	0.321223	0.30622	0.211067	0.180445	0.194909	0.188257	0.184209	0.186226	0.188333	0.208913	0.203745	0.195526	0.206181	0.197925	0.229732	0.201503	0.205974	0.191186	0.225359	0.230192	0.209792	0.209852	0.217073	0.219118	0.190272	0.188258	0.192325	0.190272	0.190271	0.185562	0.200575	0.179078	0.189215	0.189242	0.193248	0.185106	0.29103	0.30631	0.311136	0.313133	0.308303	0.319356	0.321075	0.343942	0.323605	0.25718	0.26763	0.359087	0.414095	0.298419	0.237148	0.243559	0.261241	0.287261	0.257606	0.230074	0.266343	0.185226	0.185828	0.184774	0.235111	0.233095	0.237121	0.261508	0.248222	0.25005	0.171309	0.124592	0.131213	0.144849	0.131901	0.126471	0.122503	0.0966054	0.14414	0.131273	0.123886	0.154817	0.139405	0.158243	0.124029	0.117336	0.134804	0.0799002	0.0880322	0.123758	0.0820434	0.0925628	0.117631	0	0.073997	0.0868889	0.0825091	0.129305	0.130359	0.16951	0.146167	0.164768	0.149953	0.168631	0.167209	0.169119	0.155792	0.149374	0.153876	0.174737	0.16022	0.164168	0.170795	0.170265	0.181751	0.161798	0.161674	0.157678	0.157678	0.178945	0.149712	0.167728	0.170198	0.157267	0.167683	0.168804	0.14528	0.166472	0.159	0.174002	0.155004	0.175833	0.176159	0.151674	0.148358	0.166271	0.174193	0.15945	0.151948	0.173631	0.170442	0.17679	0.157376	0.181105	0.168756	0.190043	0.165972	0.176122	0.16781	0.178057	0.19084	0.171426	0.177531	0.190416	0.187845	0.191578	0.172865	0.179021	0.190368	0.176962	0.16669	0.179219	0.183316	0.166938	0.177709	0.183439	0.188222	0.206733	0.194949	0.188432	0.192437	0.194365	0.167553	0.164927	0.199577	0.194542	0.183561	0.183561	0.218924	0.21603	0.167583	0.183026	0.17161	0.195246	0.190696	0.199309	0.175547	0.183622	0.180137	0.185207	0.18781	0.189455	0.200216	0.187403	0.183032	0.191814	0.178798	0.21967	0.21077	0.205133	0.206312	0.20614	0.208469	0.197467	0.183156	0.185248	0.191726	0.199616	0.198115	0.204521	0.182935	0.18268	0.186744	0.190791	0.1913	0.193273	0.19311	0.191067	0.193103	0.163261	0.180537	0.161448	0.189917	0.200508	0.208616	0.200237	0.192033	0.201335	0.197925	0.182254	0.215515	0.196639	0.208795	0.211225	0.206168	0.183117	0.185261	0.183942	0.182621	0.169698	0.163897	0.168018	0.168705	0.242053	0.244378	0.221899	0.286808	0.30191	0.256396	0.292506	0.30086	0.266357	0.204361	0.20812	0.243828	0.265441	0.254871	0.250409	0.308039	0.305156	0.278604	0.311699	0.299951	0.243462	0.218784	0.205893	0.210764	0.235128	0.221885	0.230237	0.207037	0.206068	0.198583	0.209326	0.242542	0.236188	0.238006	0.272405	0.248778	0.268068	0.263508	0.266023	0.362143	0.218915	0.244152	0.253182	0.225134	0.237922	0.216665	0.214653	0.214657	0.240915	0.25341	0.229471	0.235602	0.221374	0.243527	0.233898	0.238997	0.293182	0.298962	0.289658	0.298727	0.263223	0.269388	0.296454	0.259955	0.246066	0.258688	0.253866	0.262401	0.224694	0.220853	0.208486	0.221669	0.22172	0.290544	0.283284	0.285255	0.277617	0.275173
Tachuris_rubrigastra	0.195074	0.201188	0.206937	0.237079	0.242546	0.22519	0.22684	0.27015	0.240998	0.320867	0.305864	0.210711	0.18009	0.194553	0.187901	0.183853	0.185871	0.187977	0.208557	0.20339	0.19517	0.205825	0.197569	0.229376	0.201148	0.205618	0.190831	0.225003	0.229837	0.209436	0.209496	0.216718	0.218763	0.189916	0.187902	0.191969	0.189916	0.189915	0.185206	0.200219	0.178723	0.188859	0.188886	0.192892	0.18475	0.290674	0.305954	0.31078	0.312777	0.307948	0.319001	0.320719	0.343586	0.323249	0.256825	0.267274	0.358731	0.413739	0.298063	0.236793	0.243204	0.260885	0.286905	0.25725	0.229719	0.265987	0.18487	0.185473	0.184418	0.234755	0.232739	0.236765	0.261152	0.247866	0.249694	0.170953	0.124236	0.130858	0.144493	0.131545	0.126115	0.122147	0.0962496	0.143784	0.130918	0.12353	0.154462	0.139049	0.157887	0.123673	0.116981	0.134449	0.0795445	0.0876765	0.123402	0.0816877	0.092207	0.117276	0.073997	0	0.0712336	0.0738918	0.12895	0.130003	0.169154	0.145812	0.164412	0.149598	0.168275	0.166853	0.168763	0.155437	0.149019	0.15352	0.174381	0.159864	0.163812	0.17044	0.169909	0.181396	0.161443	0.161319	0.157323	0.157323	0.178589	0.149356	0.167372	0.169843	0.156911	0.167327	0.168448	0.144925	0.166117	0.158644	0.173646	0.154648	0.175478	0.175803	0.151318	0.148002	0.165916	0.173838	0.159095	0.151592	0.173275	0.170086	0.176434	0.157021	0.180749	0.1684	0.189687	0.165616	0.175766	0.167455	0.177702	0.190484	0.17107	0.177175	0.190061	0.187489	0.191222	0.17251	0.178665	0.190013	0.176607	0.166334	0.178863	0.18296	0.166582	0.177354	0.183083	0.187866	0.206377	0.194593	0.188076	0.192081	0.194009	0.167197	0.164571	0.199221	0.194186	0.183205	0.183205	0.218568	0.215674	0.167227	0.18267	0.171255	0.19489	0.19034	0.198954	0.175191	0.183266	0.179782	0.184851	0.187454	0.1891	0.19986	0.187048	0.182676	0.191459	0.178443	0.219315	0.210415	0.204777	0.205956	0.205784	0.208113	0.197111	0.1828	0.184892	0.19137	0.19926	0.197759	0.204166	0.182579	0.182324	0.186388	0.190435	0.190944	0.192917	0.192755	0.190711	0.192747	0.162906	0.180181	0.161093	0.189561	0.200152	0.20826	0.199882	0.191677	0.200979	0.19757	0.181899	0.215159	0.196284	0.208439	0.210869	0.205812	0.182761	0.184905	0.183586	0.182265	0.169342	0.163541	0.167662	0.168349	0.241698	0.244023	0.221543	0.286452	0.301554	0.25604	0.292151	0.300504	0.266001	0.204005	0.207765	0.243472	0.265085	0.254515	0.250054	0.307683	0.3048	0.278248	0.311343	0.299595	0.243107	0.218428	0.205537	0.210408	0.234772	0.22153	0.229881	0.206681	0.205712	0.198227	0.208971	0.242186	0.235832	0.23765	0.272049	0.248423	0.267712	0.263152	0.265667	0.361787	0.218559	0.243796	0.252826	0.224778	0.237566	0.21631	0.214297	0.214301	0.240559	0.253054	0.229115	0.235246	0.221018	0.243171	0.233542	0.238641	0.292826	0.298606	0.289303	0.298371	0.262867	0.269032	0.296098	0.259599	0.24571	0.258332	0.253511	0.262046	0.224339	0.220497	0.208131	0.221313	0.221364	0.290189	0.282928	0.284899	0.277262	0.274817
Mionectes_macconnelli	0.207966	0.21408	0.219829	0.249971	0.255438	0.238082	0.239732	0.283042	0.25389	0.333759	0.318756	0.223603	0.192982	0.207445	0.200793	0.196745	0.198763	0.200869	0.221449	0.216281	0.208062	0.218717	0.210461	0.242268	0.21404	0.21851	0.203723	0.237895	0.242729	0.222328	0.222388	0.22961	0.231655	0.202808	0.200794	0.204861	0.202808	0.202807	0.198098	0.213111	0.191615	0.201751	0.201778	0.205784	0.197642	0.303566	0.318846	0.323672	0.325669	0.32084	0.331893	0.333611	0.356478	0.336141	0.269717	0.280166	0.371623	0.426631	0.310955	0.249685	0.256096	0.273777	0.299797	0.270142	0.242611	0.278879	0.197762	0.198365	0.19731	0.247647	0.245631	0.249657	0.274044	0.260758	0.262586	0.183845	0.137128	0.14375	0.157385	0.144437	0.139007	0.135039	0.109142	0.156676	0.143809	0.136422	0.167354	0.151941	0.170779	0.136565	0.129873	0.147341	0.0924364	0.100568	0.136294	0.0945797	0.105099	0.130168	0.0868889	0.0712336	0	0.0867837	0.141842	0.142895	0.182046	0.158704	0.177304	0.16249	0.181167	0.179745	0.181655	0.168329	0.161911	0.166412	0.187273	0.172756	0.176704	0.183332	0.182801	0.194288	0.174335	0.174211	0.170215	0.170215	0.191481	0.162248	0.180264	0.182735	0.169803	0.180219	0.18134	0.157817	0.179009	0.171536	0.186538	0.16754	0.18837	0.188695	0.16421	0.160894	0.178807	0.18673	0.171986	0.164484	0.186167	0.182978	0.189326	0.169913	0.193641	0.181292	0.202579	0.178508	0.188658	0.180347	0.190594	0.203376	0.183962	0.190067	0.202953	0.200381	0.204114	0.185402	0.191557	0.202905	0.189499	0.179226	0.191755	0.195852	0.179474	0.190246	0.195975	0.200758	0.219269	0.207485	0.200968	0.204973	0.206901	0.180089	0.177463	0.212113	0.207078	0.196097	0.196097	0.23146	0.228566	0.180119	0.195562	0.184147	0.207782	0.203232	0.211846	0.188083	0.196158	0.192674	0.197743	0.200346	0.201991	0.212752	0.19994	0.195568	0.204351	0.191335	0.232207	0.223307	0.217669	0.218848	0.218676	0.221005	0.210003	0.195692	0.197784	0.204262	0.212152	0.210651	0.217058	0.195471	0.195216	0.19928	0.203327	0.203836	0.205809	0.205647	0.203603	0.205639	0.175798	0.193073	0.173985	0.202453	0.213044	0.221152	0.212774	0.204569	0.213871	0.210462	0.19479	0.228051	0.209176	0.221331	0.223761	0.218704	0.195653	0.197797	0.196478	0.195157	0.182234	0.176433	0.180554	0.181241	0.25459	0.256915	0.234435	0.299344	0.314446	0.268932	0.305043	0.313396	0.278893	0.216897	0.220657	0.256364	0.277977	0.267407	0.262946	0.320575	0.317692	0.29114	0.324235	0.312487	0.255999	0.23132	0.218429	0.2233	0.247664	0.234421	0.242773	0.219573	0.218604	0.211119	0.221863	0.255078	0.248724	0.250542	0.284941	0.261315	0.280604	0.276044	0.278559	0.374679	0.231451	0.256688	0.265718	0.23767	0.250458	0.229202	0.227189	0.227193	0.253451	0.265946	0.242007	0.248138	0.23391	0.256063	0.246434	0.251533	0.305718	0.311498	0.302195	0.311263	0.275759	0.281924	0.30899	0.272491	0.258602	0.271224	0.266403	0.274938	0.237231	0.233389	0.221023	0.234205	0.234256	0.303081	0.29582	0.297791	0.290154	0.287709
Tyrannus_savana	0.203586	0.209701	0.215449	0.245591	0.251058	0.233703	0.235352	0.278662	0.24951	0.32938	0.314377	0.219223	0.188602	0.203065	0.196413	0.192365	0.194383	0.19649	0.21707	0.211902	0.203682	0.214337	0.206081	0.237888	0.20966	0.21413	0.199343	0.233515	0.238349	0.217948	0.218008	0.22523	0.227275	0.198428	0.196414	0.200481	0.198428	0.198427	0.193718	0.208731	0.187235	0.197371	0.197398	0.201404	0.193262	0.299186	0.314466	0.319292	0.321289	0.31646	0.327513	0.329231	0.352098	0.331761	0.265337	0.275786	0.367243	0.422252	0.306575	0.245305	0.251716	0.269397	0.295417	0.265762	0.238231	0.2745	0.193382	0.193985	0.192931	0.243268	0.241251	0.245278	0.269664	0.256378	0.258206	0.179465	0.132749	0.13937	0.153005	0.140058	0.134627	0.130659	0.104762	0.152296	0.13943	0.132042	0.162974	0.147562	0.166399	0.132186	0.125493	0.142961	0.0880567	0.0961887	0.131914	0.0901999	0.100719	0.125788	0.0825091	0.0738918	0.0867837	0	0.137462	0.138516	0.177667	0.154324	0.172924	0.15811	0.176787	0.175366	0.177275	0.163949	0.157531	0.162033	0.182893	0.168377	0.172324	0.178952	0.178421	0.189908	0.169955	0.169831	0.165835	0.165835	0.187102	0.157868	0.175885	0.178355	0.165423	0.175839	0.17696	0.153437	0.174629	0.167157	0.182159	0.16316	0.18399	0.184315	0.15983	0.156514	0.174428	0.18235	0.167607	0.160104	0.181788	0.178598	0.184946	0.165533	0.189261	0.176912	0.1982	0.174128	0.184279	0.175967	0.186214	0.198996	0.179582	0.185687	0.198573	0.196002	0.199734	0.181022	0.187177	0.198525	0.185119	0.174846	0.187375	0.191473	0.175095	0.185866	0.191595	0.196379	0.21489	0.203105	0.196589	0.200593	0.202521	0.17571	0.173083	0.207733	0.202698	0.191718	0.191717	0.22708	0.224187	0.175739	0.191182	0.179767	0.203402	0.198853	0.207466	0.183704	0.191778	0.188294	0.193363	0.195966	0.197612	0.208372	0.19556	0.191188	0.199971	0.186955	0.227827	0.218927	0.213289	0.214468	0.214297	0.216625	0.205624	0.191313	0.193405	0.199882	0.207772	0.206272	0.212678	0.191091	0.190836	0.1949	0.198947	0.199456	0.201429	0.201267	0.199223	0.201259	0.171418	0.188693	0.169605	0.198073	0.208664	0.216773	0.208394	0.200189	0.209491	0.206082	0.190411	0.223672	0.204796	0.216952	0.219381	0.214324	0.191274	0.193417	0.192099	0.190777	0.177854	0.172053	0.176174	0.176861	0.25021	0.252535	0.230055	0.294964	0.310066	0.264552	0.300663	0.309016	0.274514	0.212518	0.216277	0.251984	0.273597	0.263027	0.258566	0.316195	0.313313	0.28676	0.319855	0.308107	0.251619	0.22694	0.214049	0.21892	0.243284	0.230042	0.238394	0.215193	0.214225	0.206739	0.217483	0.250698	0.244344	0.246162	0.280561	0.256935	0.276224	0.271664	0.274179	0.3703	0.227071	0.252309	0.261338	0.233291	0.246079	0.224822	0.222809	0.222813	0.249071	0.261566	0.237628	0.243759	0.229531	0.251683	0.242054	0.247153	0.301338	0.307118	0.297815	0.306884	0.271379	0.277545	0.30461	0.268111	0.254223	0.266844	0.262023	0.270558	0.232851	0.229009	0.216643	0.229826	0.229876	0.298701	0.29144	0.293411	0.285774	0.283329
Atrichornis_clamosus	0.209631	0.215746	0.221495	0.251637	0.257104	0.239748	0.241398	0.284708	0.255555	0.335425	0.320422	0.225269	0.194647	0.209111	0.202459	0.198411	0.200428	0.202535	0.223115	0.217947	0.209728	0.220383	0.212127	0.243934	0.215705	0.220176	0.205388	0.239561	0.244394	0.223994	0.224054	0.231275	0.23332	0.204474	0.20246	0.206527	0.204474	0.204473	0.199764	0.214777	0.19328	0.203417	0.203444	0.20745	0.199308	0.305232	0.320512	0.325338	0.327335	0.322505	0.333559	0.335277	0.358144	0.337807	0.271382	0.281832	0.373289	0.428297	0.312621	0.25135	0.257761	0.275443	0.301463	0.271808	0.244276	0.280545	0.199428	0.20003	0.198976	0.249313	0.247297	0.251323	0.27571	0.262424	0.264252	0.185511	0.15139	0.158011	0.171647	0.158699	0.153269	0.149301	0.123403	0.170938	0.158071	0.150683	0.181615	0.166203	0.185041	0.150827	0.144134	0.161602	0.106698	0.11483	0.150555	0.120982	0.131501	0.168631	0.129305	0.12895	0.141842	0.137462	0	0.0866637	0.171168	0.147826	0.166426	0.151612	0.170289	0.168867	0.170777	0.15745	0.151033	0.155534	0.176395	0.161878	0.165826	0.172453	0.171923	0.18341	0.163456	0.163333	0.159337	0.159337	0.180603	0.15137	0.169386	0.171857	0.158925	0.169341	0.170462	0.146938	0.16813	0.160658	0.17566	0.156662	0.177492	0.177817	0.153332	0.150016	0.167929	0.175851	0.161108	0.153606	0.175289	0.1721	0.178448	0.159034	0.182763	0.170414	0.191701	0.16763	0.17778	0.169469	0.179716	0.192498	0.173084	0.179189	0.192075	0.189503	0.193236	0.174523	0.180679	0.192027	0.17862	0.168348	0.180877	0.184974	0.168596	0.179368	0.185097	0.18988	0.208391	0.196607	0.19009	0.194095	0.196023	0.169211	0.166585	0.201235	0.1962	0.185219	0.185219	0.220582	0.217688	0.169241	0.184684	0.173269	0.196904	0.192354	0.200967	0.177205	0.18528	0.181796	0.186865	0.189468	0.191113	0.201874	0.189062	0.18469	0.193473	0.180456	0.221329	0.212428	0.206791	0.20797	0.207798	0.210127	0.199125	0.184814	0.186906	0.193384	0.201274	0.199773	0.20618	0.184593	0.184338	0.188402	0.192449	0.192958	0.194931	0.194769	0.192725	0.194761	0.164919	0.182195	0.163107	0.191575	0.202166	0.210274	0.201895	0.193691	0.202993	0.199584	0.183912	0.217173	0.198297	0.210453	0.212883	0.207826	0.184775	0.186919	0.1856	0.184279	0.171356	0.165555	0.169676	0.170363	0.256255	0.25858	0.236101	0.30101	0.316112	0.270598	0.306708	0.315062	0.280559	0.218563	0.222322	0.25803	0.279643	0.269073	0.264611	0.322241	0.319358	0.292806	0.325901	0.314153	0.257664	0.232986	0.220095	0.224966	0.24933	0.236087	0.244439	0.221239	0.22027	0.212785	0.223528	0.256744	0.25039	0.252208	0.286607	0.26298	0.28227	0.27771	0.280225	0.376345	0.233117	0.258354	0.267384	0.239336	0.252124	0.230867	0.228855	0.228859	0.255117	0.267612	0.243673	0.249804	0.235576	0.257729	0.2481	0.253199	0.307384	0.313164	0.30386	0.312929	0.277425	0.28359	0.310656	0.274157	0.260268	0.27289	0.268068	0.276603	0.238896	0.235055	0.222688	0.235871	0.235922	0.304747	0.297486	0.299457	0.291819	0.289375
Menura_novaehollandiae	0.210685	0.2168	0.222549	0.252691	0.258158	0.240802	0.242452	0.285762	0.256609	0.336479	0.321476	0.226323	0.195701	0.210165	0.203513	0.199465	0.201482	0.203589	0.224169	0.219001	0.210782	0.221437	0.21318	0.244988	0.216759	0.221229	0.206442	0.240614	0.245448	0.225048	0.225107	0.232329	0.234374	0.205528	0.203514	0.20758	0.205527	0.205527	0.200818	0.215831	0.194334	0.20447	0.204498	0.208504	0.200361	0.306285	0.321566	0.326392	0.328389	0.323559	0.334612	0.336331	0.359197	0.33886	0.272436	0.282885	0.374342	0.429351	0.313674	0.252404	0.258815	0.276497	0.302516	0.272862	0.24533	0.281599	0.200482	0.201084	0.20003	0.250367	0.24835	0.252377	0.276763	0.263478	0.265305	0.186565	0.152444	0.159065	0.172701	0.159753	0.154322	0.150354	0.124457	0.171991	0.159125	0.151737	0.182669	0.167257	0.186094	0.151881	0.145188	0.162656	0.107752	0.115884	0.151609	0.122036	0.132555	0.169685	0.130359	0.130003	0.142895	0.138516	0.0866637	0	0.172222	0.148879	0.16748	0.152665	0.171342	0.169921	0.171831	0.158504	0.152086	0.156588	0.177449	0.162932	0.166879	0.173507	0.172977	0.184463	0.16451	0.164386	0.16039	0.16039	0.181657	0.152424	0.17044	0.17291	0.159979	0.170394	0.171516	0.147992	0.169184	0.161712	0.176714	0.157715	0.178545	0.178871	0.154385	0.15107	0.168983	0.176905	0.162162	0.15466	0.176343	0.173154	0.179501	0.160088	0.183816	0.171468	0.192755	0.168684	0.178834	0.170522	0.180769	0.193552	0.174138	0.180243	0.193128	0.190557	0.19429	0.175577	0.181733	0.19308	0.179674	0.169401	0.181931	0.186028	0.16965	0.180421	0.186151	0.190934	0.209445	0.19766	0.191144	0.195149	0.197077	0.170265	0.167638	0.202289	0.197254	0.186273	0.186273	0.221635	0.218742	0.170295	0.185738	0.174322	0.197958	0.193408	0.202021	0.178259	0.186334	0.182849	0.187918	0.190522	0.192167	0.202928	0.190115	0.185744	0.194526	0.18151	0.222382	0.213482	0.207845	0.209024	0.208852	0.21118	0.200179	0.185868	0.18796	0.194438	0.202328	0.200827	0.207233	0.185647	0.185392	0.189456	0.193503	0.194012	0.195985	0.195822	0.193778	0.195815	0.165973	0.183248	0.16416	0.192628	0.20322	0.211328	0.202949	0.194744	0.204046	0.200637	0.184966	0.218227	0.199351	0.211507	0.213937	0.208879	0.185829	0.187973	0.186654	0.185333	0.17241	0.166609	0.17073	0.171417	0.257309	0.259634	0.237155	0.302064	0.317165	0.271651	0.307762	0.316116	0.281613	0.219617	0.223376	0.259084	0.280697	0.270127	0.265665	0.323295	0.320412	0.29386	0.326954	0.315207	0.258718	0.234039	0.221149	0.22602	0.250384	0.237141	0.245493	0.222292	0.221324	0.213838	0.224582	0.257798	0.251444	0.253262	0.287661	0.264034	0.283324	0.278764	0.281278	0.377399	0.234171	0.259408	0.268437	0.24039	0.253178	0.231921	0.229909	0.229912	0.256171	0.268666	0.244727	0.250858	0.23663	0.258782	0.249153	0.254253	0.308438	0.314218	0.304914	0.313983	0.278479	0.284644	0.31171	0.27521	0.261322	0.273944	0.269122	0.277657	0.23995	0.236109	0.223742	0.236925	0.236976	0.3058	0.298539	0.300511	0.292873	0.290428
Climacteris_rufus	0.249836	0.255951	0.2617	0.291842	0.297309	0.279953	0.281603	0.324913	0.29576	0.37563	0.360627	0.265474	0.234852	0.249316	0.242664	0.238616	0.240633	0.24274	0.26332	0.258152	0.249933	0.260588	0.252331	0.284139	0.25591	0.26038	0.245593	0.279765	0.284599	0.264199	0.264258	0.27148	0.273525	0.244679	0.242665	0.246731	0.244679	0.244678	0.239969	0.254982	0.233485	0.243622	0.243649	0.247655	0.239513	0.345436	0.360717	0.365543	0.36754	0.36271	0.373763	0.375482	0.398349	0.378011	0.311587	0.322036	0.413494	0.468502	0.352825	0.291555	0.297966	0.315648	0.341667	0.312013	0.284481	0.32075	0.239633	0.240235	0.239181	0.289518	0.287501	0.291528	0.315915	0.302629	0.304456	0.225716	0.191595	0.198216	0.211852	0.198904	0.193473	0.189506	0.163608	0.211143	0.198276	0.190888	0.22182	0.206408	0.225246	0.191032	0.184339	0.201807	0.146903	0.155035	0.19076	0.161187	0.171706	0.208836	0.16951	0.169154	0.182046	0.177667	0.171168	0.172222	0	0.169329	0.199478	0.184663	0.20334	0.201919	0.203829	0.190502	0.184084	0.188586	0.209446	0.19493	0.198877	0.205505	0.204975	0.216461	0.196508	0.196384	0.192388	0.192388	0.213655	0.184422	0.202438	0.204908	0.191977	0.202392	0.203513	0.17999	0.201182	0.19371	0.208712	0.189713	0.210543	0.210868	0.186383	0.183067	0.200981	0.208903	0.19416	0.186657	0.208341	0.205152	0.211499	0.192086	0.215814	0.203466	0.224753	0.200681	0.210832	0.20252	0.212767	0.22555	0.206135	0.212241	0.225126	0.222555	0.226287	0.207575	0.21373	0.225078	0.211672	0.201399	0.213929	0.218026	0.201648	0.212419	0.218148	0.222932	0.241443	0.229658	0.223142	0.227146	0.229074	0.202263	0.199636	0.234286	0.229251	0.218271	0.218271	0.253633	0.25074	0.202293	0.217735	0.20632	0.229956	0.225406	0.234019	0.210257	0.218331	0.214847	0.219916	0.22252	0.224165	0.234925	0.222113	0.217742	0.226524	0.213508	0.25438	0.24548	0.239843	0.241021	0.24085	0.243178	0.232177	0.217866	0.219958	0.226435	0.234325	0.232825	0.239231	0.217644	0.217389	0.221454	0.225501	0.226009	0.227982	0.22782	0.225776	0.227812	0.197971	0.215246	0.196158	0.224626	0.235217	0.243326	0.234947	0.226742	0.236044	0.232635	0.216964	0.250225	0.231349	0.243505	0.245934	0.240877	0.217827	0.21997	0.218652	0.217331	0.204407	0.198606	0.202727	0.203415	0.29646	0.298785	0.276306	0.341215	0.356316	0.310803	0.346913	0.355267	0.320764	0.258768	0.262527	0.298235	0.319848	0.309278	0.304816	0.362446	0.359563	0.333011	0.366105	0.354358	0.297869	0.27319	0.2603	0.265171	0.289535	0.276292	0.284644	0.261444	0.260475	0.252989	0.263733	0.296949	0.290595	0.292413	0.326812	0.303185	0.322475	0.317915	0.320429	0.41655	0.273322	0.298559	0.307589	0.279541	0.292329	0.271072	0.26906	0.269063	0.295322	0.307817	0.283878	0.290009	0.275781	0.297933	0.288304	0.293404	0.347589	0.353369	0.344065	0.353134	0.31763	0.323795	0.350861	0.314362	0.300473	0.313095	0.308273	0.316808	0.279101	0.27526	0.262893	0.276076	0.276127	0.344951	0.33769	0.339662	0.332024	0.32958
Ptilonorhynchus_violaceus	0.226494	0.232608	0.238357	0.268499	0.273966	0.25661	0.25826	0.30157	0.272417	0.352287	0.337284	0.242131	0.211509	0.225973	0.219321	0.215273	0.21729	0.219397	0.239977	0.234809	0.22659	0.237245	0.228989	0.260796	0.232567	0.237038	0.22225	0.256423	0.261257	0.240856	0.240916	0.248137	0.250182	0.221336	0.219322	0.223389	0.221336	0.221335	0.216626	0.231639	0.210142	0.220279	0.220306	0.224312	0.21617	0.322094	0.337374	0.3422	0.344197	0.339367	0.350421	0.352139	0.375006	0.354669	0.288245	0.298694	0.390151	0.445159	0.329483	0.268213	0.274623	0.292305	0.318325	0.28867	0.261138	0.297407	0.21629	0.216893	0.215838	0.266175	0.264159	0.268185	0.292572	0.279286	0.281114	0.202373	0.168252	0.174873	0.188509	0.175561	0.170131	0.166163	0.140265	0.1878	0.174933	0.167545	0.198477	0.183065	0.201903	0.167689	0.160996	0.178464	0.12356	0.131692	0.167417	0.137844	0.148363	0.185493	0.146167	0.145812	0.158704	0.154324	0.147826	0.148879	0.169329	0	0.176135	0.16132	0.179997	0.178576	0.180486	0.167159	0.160741	0.165243	0.186104	0.171587	0.175534	0.182162	0.181632	0.193118	0.173165	0.173041	0.169045	0.169045	0.190312	0.161079	0.179095	0.181565	0.168634	0.179049	0.180171	0.156647	0.177839	0.170367	0.185369	0.16637	0.1872	0.187526	0.16304	0.159725	0.177638	0.18556	0.170817	0.163315	0.184998	0.181809	0.188156	0.168743	0.192471	0.180123	0.20141	0.177338	0.187489	0.179177	0.189424	0.202207	0.182793	0.188898	0.201783	0.199212	0.202944	0.184232	0.190388	0.201735	0.188329	0.178056	0.190586	0.194683	0.178305	0.189076	0.194806	0.199589	0.2181	0.206315	0.199799	0.203803	0.205731	0.17892	0.176293	0.210944	0.205909	0.194928	0.194928	0.23029	0.227397	0.17895	0.194393	0.182977	0.206613	0.202063	0.210676	0.186914	0.194989	0.191504	0.196573	0.199177	0.200822	0.211583	0.19877	0.194399	0.203181	0.190165	0.231037	0.222137	0.2165	0.217678	0.217507	0.219835	0.208834	0.194523	0.196615	0.203092	0.210982	0.209482	0.215888	0.194302	0.194047	0.198111	0.202158	0.202667	0.20464	0.204477	0.202433	0.20447	0.174628	0.191903	0.172815	0.201283	0.211874	0.219983	0.211604	0.203399	0.212701	0.209292	0.193621	0.226882	0.208006	0.220162	0.222592	0.217534	0.194484	0.196627	0.195309	0.193988	0.181064	0.175264	0.179385	0.180072	0.273117	0.275442	0.252963	0.317872	0.332974	0.28746	0.32357	0.331924	0.297421	0.235425	0.239185	0.274892	0.296505	0.285935	0.281473	0.339103	0.33622	0.309668	0.342763	0.331015	0.274526	0.249848	0.236957	0.241828	0.266192	0.252949	0.261301	0.238101	0.237132	0.229647	0.240391	0.273606	0.267252	0.26907	0.303469	0.279842	0.299132	0.294572	0.297087	0.393207	0.249979	0.275216	0.284246	0.256198	0.268986	0.247729	0.245717	0.245721	0.271979	0.284474	0.260535	0.266666	0.252438	0.274591	0.264962	0.270061	0.324246	0.330026	0.320722	0.329791	0.294287	0.300452	0.327518	0.291019	0.27713	0.289752	0.28493	0.293466	0.255758	0.251917	0.239551	0.252733	0.252784	0.321609	0.314348	0.316319	0.308682	0.306237
Malurus_elegans	0.245094	0.251209	0.256957	0.2871	0.292567	0.275211	0.27686	0.32017	0.291018	0.370888	0.355885	0.260731	0.23011	0.244573	0.237921	0.233874	0.235891	0.237998	0.258578	0.25341	0.245191	0.255845	0.247589	0.279397	0.251168	0.255638	0.240851	0.275023	0.279857	0.259456	0.259516	0.266738	0.268783	0.239936	0.237923	0.241989	0.239936	0.239935	0.235226	0.250239	0.228743	0.238879	0.238906	0.242913	0.23477	0.340694	0.355974	0.360801	0.362797	0.357968	0.369021	0.37074	0.393606	0.373269	0.306845	0.317294	0.408751	0.46376	0.348083	0.286813	0.293224	0.310905	0.336925	0.30727	0.279739	0.316008	0.23489	0.235493	0.234439	0.284776	0.282759	0.286786	0.311172	0.297886	0.299714	0.220974	0.186853	0.193474	0.207109	0.194161	0.188731	0.184763	0.158866	0.2064	0.193534	0.186146	0.217078	0.201665	0.220503	0.18629	0.179597	0.197065	0.142161	0.150293	0.186018	0.156445	0.166964	0.204093	0.164768	0.164412	0.177304	0.172924	0.166426	0.16748	0.199478	0.176135	0	0.136051	0.154728	0.153307	0.155217	0.16191	0.155492	0.159993	0.180854	0.166337	0.170285	0.176913	0.176382	0.187869	0.167916	0.167792	0.163796	0.163796	0.185062	0.155829	0.173845	0.176316	0.163384	0.1738	0.174921	0.151398	0.17259	0.165117	0.180119	0.161121	0.181951	0.182276	0.157791	0.154475	0.172389	0.180311	0.165568	0.158065	0.179748	0.176559	0.182907	0.163494	0.187222	0.174873	0.19616	0.172089	0.182239	0.173928	0.184175	0.196957	0.177543	0.183648	0.196534	0.193962	0.197695	0.178983	0.185138	0.196486	0.18308	0.172807	0.185336	0.189433	0.173055	0.183827	0.189556	0.194339	0.21285	0.201066	0.194549	0.198554	0.200482	0.17367	0.171044	0.205694	0.200659	0.189678	0.189678	0.225041	0.222147	0.1737	0.189143	0.177728	0.201363	0.196813	0.205427	0.181664	0.189739	0.186255	0.191324	0.193927	0.195572	0.206333	0.193521	0.189149	0.197932	0.184916	0.225788	0.216888	0.21125	0.212429	0.212257	0.214586	0.203584	0.189273	0.191365	0.197843	0.205733	0.204232	0.210639	0.189052	0.188797	0.192861	0.196908	0.197417	0.19939	0.199228	0.197184	0.19922	0.169379	0.186654	0.167566	0.196034	0.206625	0.214733	0.206355	0.19815	0.207452	0.204043	0.188372	0.221632	0.202757	0.214912	0.217342	0.212285	0.189234	0.191378	0.190059	0.188738	0.175815	0.170014	0.174135	0.174822	0.291718	0.294043	0.271563	0.336472	0.351574	0.30606	0.342171	0.350524	0.316022	0.254026	0.257785	0.293493	0.315105	0.304536	0.300074	0.357703	0.354821	0.328268	0.361363	0.349615	0.293127	0.268448	0.255557	0.260428	0.284792	0.27155	0.279902	0.256701	0.255733	0.248247	0.258991	0.292207	0.285853	0.28767	0.322069	0.298443	0.317733	0.313172	0.315687	0.411808	0.268579	0.293817	0.302846	0.274799	0.287587	0.26633	0.264318	0.264321	0.290579	0.303074	0.279136	0.285267	0.271039	0.293191	0.283562	0.288661	0.342846	0.348626	0.339323	0.348392	0.312887	0.319053	0.346119	0.309619	0.295731	0.308353	0.303531	0.312066	0.274359	0.270517	0.258151	0.271334	0.271384	0.340209	0.332948	0.334919	0.327282	0.324837
Dasyornis_broadbenti	0.23028	0.236394	0.242143	0.272285	0.277752	0.260396	0.262046	0.305356	0.276204	0.356073	0.34107	0.245917	0.215296	0.229759	0.223107	0.219059	0.221076	0.223183	0.243763	0.238595	0.230376	0.241031	0.232775	0.264582	0.236354	0.240824	0.226037	0.260209	0.265043	0.244642	0.244702	0.251923	0.253969	0.225122	0.223108	0.227175	0.225122	0.225121	0.220412	0.235425	0.213929	0.224065	0.224092	0.228098	0.219956	0.32588	0.34116	0.345986	0.347983	0.343154	0.354207	0.355925	0.378792	0.358455	0.292031	0.30248	0.393937	0.448945	0.333269	0.271999	0.27841	0.296091	0.322111	0.292456	0.264925	0.301193	0.220076	0.220679	0.219624	0.269961	0.267945	0.271971	0.296358	0.283072	0.2849	0.206159	0.172038	0.178659	0.192295	0.179347	0.173917	0.169949	0.144051	0.191586	0.178719	0.171331	0.202263	0.186851	0.205689	0.171475	0.164782	0.18225	0.127346	0.135478	0.171204	0.14163	0.15215	0.189279	0.149953	0.149598	0.16249	0.15811	0.151612	0.152665	0.184663	0.16132	0.136051	0	0.123575	0.122153	0.124068	0.147095	0.140677	0.145179	0.16604	0.151523	0.15547	0.162098	0.161568	0.173054	0.153101	0.152977	0.148981	0.148981	0.170248	0.141015	0.159031	0.161501	0.14857	0.158985	0.160107	0.136583	0.157775	0.150303	0.165305	0.146306	0.167136	0.167462	0.142976	0.139661	0.157574	0.165496	0.150753	0.143251	0.164934	0.161745	0.168092	0.148679	0.172407	0.160059	0.181346	0.157274	0.167425	0.159113	0.16936	0.182143	0.162729	0.168834	0.181719	0.179148	0.18288	0.164168	0.170324	0.181671	0.168265	0.157992	0.170522	0.174619	0.158241	0.169012	0.174742	0.179525	0.198036	0.186251	0.179735	0.183739	0.185667	0.158856	0.156229	0.19088	0.185845	0.174864	0.174864	0.210226	0.207333	0.158886	0.174329	0.162913	0.186549	0.181999	0.190612	0.16685	0.174925	0.17144	0.176509	0.179113	0.180758	0.191519	0.178706	0.174335	0.183117	0.170101	0.210973	0.202073	0.196436	0.197614	0.197443	0.199771	0.18877	0.174459	0.176551	0.183028	0.190918	0.189418	0.195824	0.174238	0.173983	0.178047	0.182094	0.182603	0.184576	0.184413	0.182369	0.184406	0.154564	0.171839	0.152751	0.181219	0.19181	0.199919	0.19154	0.183335	0.192637	0.189228	0.173557	0.206818	0.187942	0.200098	0.202528	0.19747	0.17442	0.176563	0.175245	0.173924	0.161	0.1552	0.159321	0.160008	0.276904	0.279228	0.256749	0.321658	0.33676	0.291246	0.327357	0.33571	0.301207	0.239211	0.242971	0.278678	0.300291	0.289721	0.28526	0.342889	0.340006	0.313454	0.346549	0.334801	0.278313	0.253634	0.240743	0.245614	0.269978	0.256735	0.265087	0.241887	0.240918	0.233433	0.244177	0.277392	0.271038	0.272856	0.307255	0.283629	0.302918	0.298358	0.300873	0.396993	0.253765	0.279002	0.288032	0.259984	0.272772	0.251516	0.249503	0.249507	0.275765	0.28826	0.264321	0.270452	0.256224	0.278377	0.268748	0.273847	0.328032	0.333812	0.324508	0.333577	0.298073	0.304238	0.331304	0.294805	0.280916	0.293538	0.288716	0.297252	0.259545	0.255703	0.243337	0.256519	0.25657	0.325395	0.318134	0.320105	0.312468	0.310023
Origma_solitaria	0.248957	0.255072	0.26082	0.290962	0.296429	0.279073	0.280723	0.324033	0.294881	0.37475	0.359747	0.264594	0.233973	0.248436	0.241784	0.237736	0.239754	0.241861	0.26244	0.257273	0.249053	0.259708	0.251452	0.283259	0.255031	0.259501	0.244714	0.278886	0.28372	0.263319	0.263379	0.270601	0.272646	0.243799	0.241785	0.245852	0.243799	0.243798	0.239089	0.254102	0.232606	0.242742	0.242769	0.246775	0.238633	0.344557	0.359837	0.364663	0.36666	0.361831	0.372884	0.374602	0.397469	0.377132	0.310708	0.321157	0.412614	0.467622	0.351946	0.290676	0.297087	0.314768	0.340788	0.311133	0.283602	0.31987	0.238753	0.239356	0.238301	0.288638	0.286622	0.290648	0.315035	0.301749	0.303577	0.224836	0.190715	0.197336	0.210972	0.198024	0.192594	0.188626	0.162728	0.210263	0.197396	0.190009	0.22094	0.205528	0.224366	0.190152	0.183459	0.200927	0.146023	0.154155	0.189881	0.160307	0.170827	0.207956	0.168631	0.168275	0.181167	0.176787	0.170289	0.171342	0.20334	0.179997	0.154728	0.123575	0	0.126425	0.142745	0.165772	0.159354	0.163856	0.184717	0.1702	0.174148	0.180775	0.180245	0.191731	0.171778	0.171654	0.167658	0.167658	0.188925	0.159692	0.177708	0.180178	0.167247	0.177662	0.178784	0.15526	0.176452	0.16898	0.183982	0.164984	0.185813	0.186139	0.161653	0.158338	0.176251	0.184173	0.16943	0.161928	0.183611	0.180422	0.18677	0.167356	0.191085	0.178736	0.200023	0.175952	0.186102	0.17779	0.188037	0.20082	0.181406	0.187511	0.200396	0.197825	0.201558	0.182845	0.189001	0.200348	0.186942	0.17667	0.189199	0.193296	0.176918	0.187689	0.193419	0.198202	0.216713	0.204928	0.198412	0.202417	0.204345	0.177533	0.174907	0.209557	0.204522	0.193541	0.193541	0.228903	0.22601	0.177563	0.193006	0.18159	0.205226	0.200676	0.209289	0.185527	0.193602	0.190117	0.195187	0.19779	0.199435	0.210196	0.197383	0.193012	0.201794	0.188778	0.22965	0.22075	0.215113	0.216292	0.21612	0.218448	0.207447	0.193136	0.195228	0.201706	0.209596	0.208095	0.214501	0.192915	0.19266	0.196724	0.200771	0.20128	0.203253	0.20309	0.201047	0.203083	0.173241	0.190517	0.171428	0.199896	0.210488	0.218596	0.210217	0.202012	0.211314	0.207905	0.192234	0.225495	0.206619	0.218775	0.221205	0.216148	0.193097	0.195241	0.193922	0.192601	0.179678	0.173877	0.177998	0.178685	0.295581	0.297906	0.275426	0.340335	0.355437	0.309923	0.346034	0.354387	0.319884	0.257888	0.261648	0.297355	0.318968	0.308398	0.303937	0.361566	0.358683	0.332131	0.365226	0.353478	0.29699	0.272311	0.25942	0.264291	0.288655	0.275413	0.283764	0.260564	0.259595	0.25211	0.262854	0.296069	0.289715	0.291533	0.325932	0.302306	0.321595	0.317035	0.31955	0.41567	0.272442	0.297679	0.306709	0.278662	0.291449	0.270193	0.26818	0.268184	0.294442	0.306937	0.282998	0.289129	0.274901	0.297054	0.287425	0.292524	0.346709	0.352489	0.343186	0.352254	0.31675	0.322915	0.349981	0.313482	0.299593	0.312215	0.307394	0.315929	0.278222	0.27438	0.262014	0.275196	0.275247	0.344072	0.336811	0.338782	0.331145	0.3287
Pardalotus_punctatus	0.247535	0.25365	0.259399	0.289541	0.295008	0.277652	0.279302	0.322612	0.293459	0.373329	0.358326	0.263173	0.232551	0.247015	0.240363	0.236315	0.238332	0.240439	0.261019	0.255851	0.247632	0.258287	0.25003	0.281838	0.253609	0.25808	0.243292	0.277464	0.282298	0.261898	0.261957	0.269179	0.271224	0.242378	0.240364	0.24443	0.242378	0.242377	0.237668	0.252681	0.231184	0.241321	0.241348	0.245354	0.237212	0.343135	0.358416	0.363242	0.365239	0.360409	0.371462	0.373181	0.396048	0.37571	0.309286	0.319735	0.411193	0.466201	0.350524	0.289254	0.295665	0.313347	0.339366	0.309712	0.28218	0.318449	0.237332	0.237934	0.23688	0.287217	0.2852	0.289227	0.313614	0.300328	0.302155	0.223415	0.189294	0.195915	0.209551	0.196603	0.191172	0.187205	0.161307	0.208842	0.195975	0.188587	0.219519	0.204107	0.222945	0.188731	0.182038	0.199506	0.144602	0.152734	0.188459	0.158886	0.169405	0.206535	0.167209	0.166853	0.179745	0.175366	0.168867	0.169921	0.201919	0.178576	0.153307	0.122153	0.126425	0	0.141324	0.164351	0.157933	0.162435	0.183295	0.168779	0.172726	0.179354	0.178824	0.19031	0.170357	0.170233	0.166237	0.166237	0.187504	0.158271	0.176287	0.178757	0.165826	0.176241	0.177362	0.153839	0.175031	0.167559	0.182561	0.163562	0.184392	0.184717	0.160232	0.156916	0.17483	0.182752	0.168009	0.160506	0.18219	0.179001	0.185348	0.165935	0.189663	0.177315	0.198602	0.17453	0.184681	0.176369	0.186616	0.199399	0.179984	0.186089	0.198975	0.196404	0.200136	0.181424	0.187579	0.198927	0.185521	0.175248	0.187777	0.191875	0.175497	0.186268	0.191997	0.196781	0.215292	0.203507	0.196991	0.200995	0.202923	0.176112	0.173485	0.208135	0.2031	0.19212	0.19212	0.227482	0.224589	0.176141	0.191584	0.180169	0.203805	0.199255	0.207868	0.184106	0.19218	0.188696	0.193765	0.196369	0.198014	0.208774	0.195962	0.191591	0.200373	0.187357	0.228229	0.219329	0.213692	0.21487	0.214699	0.217027	0.206026	0.191715	0.193807	0.200284	0.208174	0.206674	0.21308	0.191493	0.191238	0.195302	0.199349	0.199858	0.201831	0.201669	0.199625	0.201661	0.17182	0.189095	0.170007	0.198475	0.209066	0.217175	0.208796	0.200591	0.209893	0.206484	0.190813	0.224074	0.205198	0.217354	0.219783	0.214726	0.191676	0.193819	0.192501	0.191179	0.178256	0.172455	0.176576	0.177263	0.294159	0.296484	0.274005	0.338914	0.354015	0.308502	0.344612	0.352966	0.318463	0.256467	0.260226	0.295934	0.317547	0.306977	0.302515	0.360145	0.357262	0.33071	0.363804	0.352057	0.295568	0.270889	0.257999	0.26287	0.287234	0.273991	0.282343	0.259143	0.258174	0.250688	0.261432	0.294648	0.288294	0.290112	0.324511	0.300884	0.320174	0.315614	0.318128	0.414249	0.271021	0.296258	0.305288	0.27724	0.290028	0.268771	0.266759	0.266762	0.293021	0.305516	0.281577	0.287708	0.27348	0.295632	0.286003	0.291103	0.345288	0.351068	0.341764	0.350833	0.315329	0.321494	0.34856	0.312061	0.298172	0.310794	0.305972	0.314507	0.2768	0.272959	0.260592	0.273775	0.273826	0.34265	0.335389	0.337361	0.329723	0.327279
Grantiella_picta	0.249445	0.25556	0.261308	0.291451	0.296918	0.279562	0.281211	0.324521	0.295369	0.375239	0.360236	0.265082	0.234461	0.248925	0.242272	0.238225	0.240242	0.242349	0.262929	0.257761	0.249542	0.260196	0.25194	0.283748	0.255519	0.259989	0.245202	0.279374	0.284208	0.263808	0.263867	0.271089	0.273134	0.244288	0.242274	0.24634	0.244287	0.244286	0.239577	0.25459	0.233094	0.24323	0.243258	0.247264	0.239121	0.345045	0.360325	0.365152	0.367149	0.362319	0.373372	0.375091	0.397957	0.37762	0.311196	0.321645	0.413102	0.468111	0.352434	0.291164	0.297575	0.315256	0.341276	0.311622	0.28409	0.320359	0.239241	0.239844	0.23879	0.289127	0.28711	0.291137	0.315523	0.302237	0.304065	0.225325	0.191204	0.197825	0.21146	0.198513	0.193082	0.189114	0.163217	0.210751	0.197885	0.190497	0.221429	0.206017	0.224854	0.190641	0.183948	0.201416	0.146512	0.154644	0.190369	0.160796	0.171315	0.208444	0.169119	0.168763	0.181655	0.177275	0.170777	0.171831	0.203829	0.180486	0.155217	0.124068	0.142745	0.141324	0	0.166261	0.159843	0.164345	0.185205	0.170688	0.174636	0.181264	0.180733	0.19222	0.172267	0.172143	0.168147	0.168147	0.189414	0.16018	0.178197	0.180667	0.167735	0.178151	0.179272	0.155749	0.176941	0.169469	0.18447	0.165472	0.186302	0.186627	0.162142	0.158826	0.17674	0.184662	0.169919	0.162416	0.184099	0.18091	0.187258	0.167845	0.191573	0.179224	0.200512	0.17644	0.186591	0.178279	0.188526	0.201308	0.181894	0.187999	0.200885	0.198314	0.202046	0.183334	0.189489	0.200837	0.187431	0.177158	0.189687	0.193784	0.177407	0.188178	0.193907	0.198691	0.217201	0.205417	0.1989	0.202905	0.204833	0.178021	0.175395	0.210045	0.20501	0.19403	0.194029	0.229392	0.226498	0.178051	0.193494	0.182079	0.205714	0.201165	0.209778	0.186016	0.19409	0.190606	0.195675	0.198278	0.199924	0.210684	0.197872	0.1935	0.202283	0.189267	0.230139	0.221239	0.215601	0.21678	0.216609	0.218937	0.207936	0.193625	0.195717	0.202194	0.210084	0.208584	0.21499	0.193403	0.193148	0.197212	0.201259	0.201768	0.203741	0.203579	0.201535	0.203571	0.17373	0.191005	0.171917	0.200385	0.210976	0.219084	0.210706	0.202501	0.211803	0.208394	0.192723	0.225984	0.207108	0.219263	0.221693	0.216636	0.193585	0.195729	0.19441	0.193089	0.180166	0.174365	0.178486	0.179173	0.296069	0.298394	0.275914	0.340824	0.355925	0.310411	0.346522	0.354875	0.320373	0.258377	0.262136	0.297844	0.319457	0.308887	0.304425	0.362054	0.359172	0.33262	0.365714	0.353967	0.297478	0.272799	0.259909	0.26478	0.289144	0.275901	0.284253	0.261052	0.260084	0.252598	0.263342	0.296558	0.290204	0.292021	0.32642	0.302794	0.322084	0.317523	0.320038	0.416159	0.272931	0.298168	0.307197	0.27915	0.291938	0.270681	0.268669	0.268672	0.29493	0.307425	0.283487	0.289618	0.27539	0.297542	0.287913	0.293013	0.347197	0.352977	0.343674	0.352743	0.317239	0.323404	0.35047	0.31397	0.300082	0.312704	0.307882	0.316417	0.27871	0.274868	0.262502	0.275685	0.275736	0.34456	0.337299	0.339271	0.331633	0.329188
Orthonyx_spaldingii	0.236118	0.242233	0.247982	0.278124	0.283591	0.266235	0.267885	0.311195	0.282042	0.361912	0.346909	0.251756	0.221134	0.235598	0.228946	0.224898	0.226915	0.229022	0.249602	0.244434	0.236215	0.24687	0.238613	0.270421	0.242192	0.246663	0.231875	0.266048	0.270881	0.250481	0.250541	0.257762	0.259807	0.230961	0.228947	0.233014	0.230961	0.23096	0.226251	0.241264	0.219767	0.229904	0.229931	0.233937	0.225795	0.331719	0.346999	0.351825	0.353822	0.348992	0.360045	0.361764	0.384631	0.364293	0.297869	0.308319	0.399776	0.454784	0.339107	0.277837	0.284248	0.30193	0.327949	0.298295	0.270763	0.307032	0.225915	0.226517	0.225463	0.2758	0.273784	0.27781	0.302197	0.288911	0.290739	0.211998	0.177877	0.184498	0.198134	0.185186	0.179756	0.175788	0.14989	0.197425	0.184558	0.17717	0.208102	0.19269	0.211528	0.177314	0.170621	0.188089	0.133185	0.141317	0.177042	0.147469	0.157988	0.195118	0.155792	0.155437	0.168329	0.163949	0.15745	0.158504	0.190502	0.167159	0.16191	0.147095	0.165772	0.164351	0.166261	0	0.112006	0.116508	0.137369	0.122852	0.1268	0.133427	0.132897	0.144383	0.12443	0.124306	0.12031	0.12031	0.141577	0.112344	0.13036	0.13283	0.119899	0.130314	0.131436	0.107912	0.129104	0.121632	0.136634	0.117636	0.138465	0.138791	0.114305	0.11099	0.128903	0.136825	0.122082	0.11458	0.136263	0.133074	0.139422	0.120008	0.143737	0.131388	0.152675	0.128604	0.138754	0.130442	0.140689	0.153472	0.134058	0.140163	0.153048	0.150477	0.15421	0.135497	0.141653	0.153	0.139594	0.129322	0.141851	0.145948	0.12957	0.140341	0.146071	0.150854	0.169365	0.15758	0.151064	0.155069	0.156997	0.130185	0.127559	0.162209	0.157174	0.146193	0.146193	0.181555	0.178662	0.130215	0.145658	0.134242	0.157878	0.153328	0.161941	0.138179	0.146254	0.142769	0.147839	0.150442	0.152087	0.162848	0.150035	0.145664	0.154446	0.14143	0.182302	0.173402	0.167765	0.168944	0.168772	0.1711	0.160099	0.145788	0.14788	0.154358	0.162248	0.160747	0.167153	0.145567	0.145312	0.149376	0.153423	0.153932	0.155905	0.155742	0.153699	0.155735	0.125893	0.143169	0.12408	0.152548	0.16314	0.171248	0.162869	0.154664	0.163967	0.160557	0.144886	0.178147	0.159271	0.171427	0.173857	0.1688	0.145749	0.147893	0.146574	0.145253	0.13233	0.126529	0.13065	0.165547	0.282742	0.285067	0.262588	0.327497	0.342598	0.297085	0.333195	0.341549	0.307046	0.24505	0.248809	0.284517	0.30613	0.29556	0.291098	0.348728	0.345845	0.319293	0.352388	0.34064	0.284151	0.259473	0.246582	0.251453	0.275817	0.262574	0.270926	0.247726	0.246757	0.239272	0.250015	0.283231	0.276877	0.278695	0.313094	0.289467	0.308757	0.304197	0.306711	0.402832	0.259604	0.284841	0.293871	0.265823	0.278611	0.257354	0.255342	0.255345	0.281604	0.294099	0.27016	0.276291	0.262063	0.284215	0.274587	0.279686	0.333871	0.339651	0.330347	0.339416	0.303912	0.310077	0.337143	0.300644	0.286755	0.299377	0.294555	0.30309	0.265383	0.261542	0.249175	0.262358	0.262409	0.331233	0.323973	0.325944	0.318306	0.315862
Ptilorrhoa_leucosticta	0.229701	0.235815	0.241564	0.271706	0.277173	0.259817	0.261467	0.304777	0.275625	0.355494	0.340491	0.245338	0.214717	0.22918	0.222528	0.21848	0.220497	0.222604	0.243184	0.238016	0.229797	0.240452	0.232196	0.264003	0.235774	0.240245	0.225458	0.25963	0.264464	0.244063	0.244123	0.251344	0.25339	0.224543	0.222529	0.226596	0.224543	0.224542	0.219833	0.234846	0.21335	0.223486	0.223513	0.227519	0.219377	0.325301	0.340581	0.345407	0.347404	0.342574	0.353628	0.355346	0.378213	0.357876	0.291452	0.301901	0.393358	0.448366	0.33269	0.27142	0.277831	0.295512	0.321532	0.291877	0.264346	0.300614	0.219497	0.2201	0.219045	0.269382	0.267366	0.271392	0.295779	0.282493	0.284321	0.20558	0.171459	0.17808	0.191716	0.178768	0.173338	0.16937	0.143472	0.191007	0.17814	0.170752	0.201684	0.186272	0.20511	0.170896	0.164203	0.181671	0.126767	0.134899	0.170625	0.141051	0.151571	0.1887	0.149374	0.149019	0.161911	0.157531	0.151033	0.152086	0.184084	0.160741	0.155492	0.140677	0.159354	0.157933	0.159843	0.112006	0	0.0829334	0.103794	0.0892773	0.0932248	0.0998525	0.0993222	0.110809	0.0908556	0.0907317	0.0867356	0.0867356	0.108002	0.0787692	0.0967854	0.0992556	0.0863243	0.0967397	0.0978611	0.0743433	0.0955353	0.0880632	0.103065	0.0840665	0.104896	0.105222	0.0807365	0.0774207	0.0953342	0.103256	0.0885132	0.101201	0.12289	0.119701	0.126048	0.106635	0.130363	0.118015	0.139302	0.11523	0.125381	0.117069	0.127316	0.140099	0.120684	0.12679	0.139675	0.137104	0.140836	0.122124	0.128279	0.139627	0.126221	0.115948	0.128478	0.132575	0.116197	0.126968	0.132697	0.137481	0.155992	0.144207	0.137691	0.141695	0.143623	0.116812	0.114185	0.148835	0.143801	0.13282	0.13282	0.168182	0.165289	0.116842	0.132285	0.120869	0.144505	0.139955	0.148568	0.124806	0.132881	0.129396	0.134465	0.137069	0.138714	0.149475	0.136662	0.132291	0.141073	0.128057	0.168929	0.160029	0.154392	0.15557	0.155399	0.157727	0.146726	0.132415	0.134507	0.140984	0.148874	0.147374	0.15378	0.132193	0.131938	0.136003	0.14005	0.140558	0.142531	0.142369	0.140325	0.142361	0.11252	0.129795	0.110707	0.139175	0.149766	0.157875	0.149496	0.141291	0.150593	0.147184	0.131513	0.164774	0.145898	0.158054	0.160483	0.155426	0.132376	0.134519	0.133201	0.13188	0.118956	0.113156	0.117276	0.159129	0.276325	0.278649	0.25617	0.321079	0.336181	0.290667	0.326778	0.335131	0.300628	0.238632	0.242392	0.278099	0.299712	0.289142	0.28468	0.34231	0.339427	0.312875	0.34597	0.334222	0.277734	0.253055	0.240164	0.245035	0.269399	0.256156	0.264508	0.241308	0.240339	0.232854	0.243598	0.276813	0.270459	0.272277	0.306676	0.28305	0.302339	0.297779	0.300294	0.396414	0.253186	0.278423	0.287453	0.259405	0.272193	0.250936	0.248924	0.248928	0.275186	0.287681	0.263742	0.269873	0.255645	0.277798	0.268169	0.273268	0.327453	0.333233	0.323929	0.332998	0.297494	0.303659	0.330725	0.294226	0.280337	0.292959	0.288137	0.296673	0.258966	0.255124	0.242758	0.25594	0.255991	0.324816	0.317555	0.319526	0.311889	0.309444
Chaetorhynchus_papuensis	0.234202	0.240317	0.246066	0.276208	0.281675	0.264319	0.265969	0.309279	0.280126	0.359996	0.344993	0.24984	0.219218	0.233682	0.22703	0.222982	0.224999	0.227106	0.247686	0.242518	0.234299	0.244954	0.236697	0.268505	0.240276	0.244746	0.229959	0.264131	0.268965	0.248565	0.248624	0.255846	0.257891	0.229045	0.227031	0.231097	0.229044	0.229044	0.224335	0.239348	0.217851	0.227988	0.228015	0.232021	0.223878	0.329802	0.345083	0.349909	0.351906	0.347076	0.358129	0.359848	0.382715	0.362377	0.295953	0.306402	0.39786	0.452868	0.337191	0.275921	0.282332	0.300014	0.326033	0.296379	0.268847	0.305116	0.223999	0.224601	0.223547	0.273884	0.271867	0.275894	0.300281	0.286995	0.288822	0.210082	0.175961	0.182582	0.196218	0.18327	0.177839	0.173872	0.147974	0.195509	0.182642	0.175254	0.206186	0.190774	0.209612	0.175398	0.168705	0.186173	0.131269	0.139401	0.175126	0.145553	0.156072	0.193202	0.153876	0.15352	0.166412	0.162033	0.155534	0.156588	0.188586	0.165243	0.159993	0.145179	0.163856	0.162435	0.164345	0.116508	0.0829334	0	0.0667444	0.063577	0.0675286	0.0741563	0.073626	0.0851124	0.0651593	0.0650354	0.0610394	0.0610394	0.0823062	0.0675502	0.0896255	0.0920957	0.0791643	0.0895798	0.0907011	0.0788451	0.100037	0.0925649	0.107567	0.0885683	0.109398	0.109723	0.0852382	0.0819224	0.099836	0.107758	0.093015	0.105703	0.127392	0.124203	0.13055	0.111137	0.134865	0.122516	0.143804	0.119732	0.129883	0.121571	0.131818	0.1446	0.125186	0.131291	0.144177	0.141606	0.145338	0.126626	0.132781	0.144129	0.130723	0.12045	0.132979	0.137077	0.120699	0.13147	0.137199	0.141983	0.160494	0.148709	0.142193	0.146197	0.148125	0.121314	0.118687	0.153337	0.148302	0.137322	0.137321	0.172684	0.169791	0.121343	0.136786	0.125371	0.149006	0.144457	0.15307	0.129308	0.137382	0.133898	0.138967	0.14157	0.143216	0.153976	0.141164	0.136792	0.145575	0.132559	0.173431	0.164531	0.158893	0.160072	0.159901	0.162229	0.151228	0.136917	0.139009	0.145486	0.153376	0.151876	0.158282	0.136695	0.13644	0.140504	0.144551	0.14506	0.147033	0.146871	0.144827	0.146863	0.117022	0.134297	0.115209	0.143677	0.154268	0.162377	0.153998	0.145793	0.155095	0.151686	0.136015	0.169276	0.1504	0.162556	0.164985	0.159928	0.136878	0.139021	0.137703	0.136381	0.123458	0.117657	0.121778	0.163631	0.280826	0.283151	0.260672	0.325581	0.340682	0.295169	0.331279	0.339633	0.30513	0.243134	0.246893	0.282601	0.304214	0.293644	0.289182	0.346812	0.343929	0.317377	0.350471	0.338724	0.282235	0.257556	0.244666	0.249537	0.273901	0.260658	0.26901	0.24581	0.244841	0.237355	0.248099	0.281315	0.274961	0.276779	0.311178	0.287551	0.306841	0.302281	0.304795	0.400916	0.257688	0.282925	0.291954	0.263907	0.276695	0.255438	0.253426	0.253429	0.279688	0.292183	0.268244	0.274375	0.260147	0.282299	0.27267	0.27777	0.331955	0.337735	0.328431	0.3375	0.301996	0.308161	0.335227	0.298728	0.284839	0.297461	0.292639	0.301174	0.263467	0.259626	0.247259	0.260442	0.260493	0.329317	0.322056	0.324028	0.31639	0.313945
Rhipidura_dahli	0.255063	0.261178	0.266926	0.297069	0.302536	0.28518	0.286829	0.330139	0.300987	0.380857	0.365854	0.2707	0.240079	0.254542	0.24789	0.243842	0.24586	0.247967	0.268547	0.263379	0.25516	0.265814	0.257558	0.289366	0.261137	0.265607	0.25082	0.284992	0.289826	0.269425	0.269485	0.276707	0.278752	0.249905	0.247892	0.251958	0.249905	0.249904	0.245195	0.260208	0.238712	0.248848	0.248875	0.252881	0.244739	0.350663	0.365943	0.37077	0.372766	0.367937	0.37899	0.380709	0.403575	0.383238	0.316814	0.327263	0.41872	0.473729	0.358052	0.296782	0.303193	0.320874	0.346894	0.317239	0.289708	0.325977	0.244859	0.245462	0.244408	0.294745	0.292728	0.296755	0.321141	0.307855	0.309683	0.230942	0.196821	0.203443	0.217078	0.20413	0.1987	0.194732	0.168835	0.216369	0.203503	0.196115	0.227047	0.211634	0.230472	0.196258	0.189566	0.207034	0.152129	0.160261	0.195987	0.166414	0.176933	0.214062	0.174737	0.174381	0.187273	0.182893	0.176395	0.177449	0.209446	0.186104	0.180854	0.16604	0.184717	0.183295	0.185205	0.137369	0.103794	0.0667444	0	0.0844377	0.0883892	0.0950169	0.0944867	0.105973	0.08602	0.0858961	0.0819001	0.0819001	0.103167	0.0884108	0.110486	0.112956	0.100025	0.11044	0.111562	0.0997057	0.120898	0.113426	0.128427	0.109429	0.130259	0.130584	0.106099	0.102783	0.120697	0.128619	0.113876	0.126564	0.148252	0.145063	0.151411	0.131997	0.155726	0.143377	0.164664	0.140593	0.150743	0.142432	0.152679	0.165461	0.146047	0.152152	0.165038	0.162466	0.166199	0.147486	0.153642	0.16499	0.151583	0.141311	0.15384	0.157937	0.141559	0.152331	0.15806	0.162843	0.181354	0.16957	0.163053	0.167058	0.168986	0.142174	0.139548	0.174198	0.169163	0.158182	0.158182	0.193545	0.190651	0.142204	0.157647	0.146232	0.169867	0.165317	0.17393	0.150168	0.158243	0.154759	0.159828	0.162431	0.164076	0.174837	0.162025	0.157653	0.166436	0.15342	0.194292	0.185391	0.179754	0.180933	0.180761	0.18309	0.172088	0.157777	0.159869	0.166347	0.174237	0.172736	0.179143	0.157556	0.157301	0.161365	0.165412	0.165921	0.167894	0.167732	0.165688	0.167724	0.137882	0.155158	0.13607	0.164538	0.175129	0.183237	0.174858	0.166654	0.175956	0.172547	0.156875	0.190136	0.17126	0.183416	0.185846	0.180789	0.157738	0.159882	0.158563	0.157242	0.144319	0.138518	0.142639	0.184491	0.301687	0.304012	0.281532	0.346441	0.361543	0.316029	0.35214	0.360493	0.325991	0.263995	0.267754	0.303462	0.325074	0.314504	0.310043	0.367672	0.36479	0.338237	0.371332	0.359584	0.303096	0.278417	0.265526	0.270397	0.294761	0.281519	0.289871	0.26667	0.265702	0.258216	0.26896	0.302175	0.295822	0.297639	0.332038	0.308412	0.327701	0.323141	0.325656	0.421777	0.278548	0.303786	0.312815	0.284768	0.297556	0.276299	0.274287	0.27429	0.300548	0.313043	0.289105	0.295236	0.281008	0.30316	0.293531	0.29863	0.352815	0.358595	0.349292	0.358361	0.322856	0.329022	0.356088	0.319588	0.3057	0.318321	0.3135	0.322035	0.284328	0.280486	0.26812	0.281303	0.281353	0.350178	0.342917	0.344888	0.337251	0.334806
Struthidea_cinerea	0.240546	0.246661	0.25241	0.282552	0.288019	0.270663	0.272313	0.315623	0.28647	0.36634	0.351337	0.256184	0.225562	0.240026	0.233374	0.229326	0.231343	0.23345	0.25403	0.248862	0.240643	0.251298	0.243041	0.274849	0.24662	0.25109	0.236303	0.270475	0.275309	0.254909	0.254968	0.26219	0.264235	0.235389	0.233375	0.237441	0.235388	0.235388	0.230679	0.245692	0.224195	0.234331	0.234359	0.238365	0.230222	0.336146	0.351427	0.356253	0.35825	0.35342	0.364473	0.366192	0.389058	0.368721	0.302297	0.312746	0.404203	0.459212	0.343535	0.282265	0.288676	0.306358	0.332377	0.302723	0.275191	0.31146	0.230343	0.230945	0.229891	0.280228	0.278211	0.282238	0.306624	0.293339	0.295166	0.216426	0.182305	0.188926	0.202562	0.189614	0.184183	0.180215	0.154318	0.201852	0.188986	0.181598	0.21253	0.197118	0.215955	0.181742	0.175049	0.192517	0.137613	0.145745	0.18147	0.151897	0.162416	0.199546	0.16022	0.159864	0.172756	0.168377	0.161878	0.162932	0.19493	0.171587	0.166337	0.151523	0.1702	0.168779	0.170688	0.122852	0.0892773	0.063577	0.0844377	0	0.0738725	0.0805002	0.0799699	0.0914564	0.0715033	0.0713794	0.0673833	0.0673833	0.0886501	0.0738941	0.0959694	0.0984396	0.0855083	0.0959237	0.0970451	0.085189	0.106381	0.0989089	0.113911	0.0949122	0.115742	0.116067	0.0915821	0.0882664	0.10618	0.114102	0.0993589	0.112047	0.133735	0.130546	0.136894	0.117481	0.141209	0.12886	0.150148	0.126076	0.136227	0.127915	0.138162	0.150944	0.13153	0.137635	0.150521	0.14795	0.151682	0.13297	0.139125	0.150473	0.137067	0.126794	0.139323	0.143421	0.127043	0.137814	0.143543	0.148327	0.166837	0.155053	0.148536	0.152541	0.154469	0.127657	0.125031	0.159681	0.154646	0.143666	0.143665	0.179028	0.176135	0.127687	0.14313	0.131715	0.15535	0.150801	0.159414	0.135652	0.143726	0.140242	0.145311	0.147914	0.14956	0.16032	0.147508	0.143136	0.151919	0.138903	0.179775	0.170875	0.165237	0.166416	0.166245	0.168573	0.157572	0.143261	0.145353	0.15183	0.15972	0.15822	0.164626	0.143039	0.142784	0.146848	0.150895	0.151404	0.153377	0.153215	0.151171	0.153207	0.123366	0.140641	0.121553	0.150021	0.160612	0.168721	0.160342	0.152137	0.161439	0.15803	0.142359	0.17562	0.156744	0.168899	0.171329	0.166272	0.143221	0.145365	0.144046	0.142725	0.129802	0.124001	0.128122	0.169975	0.28717	0.289495	0.267016	0.331925	0.347026	0.301512	0.337623	0.345977	0.311474	0.249478	0.253237	0.288945	0.310558	0.299988	0.295526	0.353156	0.350273	0.323721	0.356815	0.345068	0.288579	0.2639	0.25101	0.255881	0.280245	0.267002	0.275354	0.252153	0.251185	0.243699	0.254443	0.287659	0.281305	0.283123	0.317522	0.293895	0.313185	0.308625	0.311139	0.40726	0.264032	0.289269	0.298298	0.270251	0.283039	0.261782	0.25977	0.259773	0.286032	0.298527	0.274588	0.280719	0.266491	0.288643	0.279014	0.284114	0.338299	0.344079	0.334775	0.343844	0.30834	0.314505	0.341571	0.305071	0.291183	0.303805	0.298983	0.307518	0.269811	0.26597	0.253603	0.266786	0.266837	0.335661	0.3284	0.330372	0.322734	0.320289
Dicrurus_megarhynchus	0.244494	0.250609	0.256357	0.286499	0.291966	0.27461	0.27626	0.31957	0.290418	0.370287	0.355284	0.260131	0.22951	0.243973	0.237321	0.233273	0.235291	0.237397	0.257977	0.25281	0.24459	0.255245	0.246989	0.278796	0.250568	0.255038	0.240251	0.274423	0.279257	0.258856	0.258916	0.266138	0.268183	0.239336	0.237322	0.241389	0.239336	0.239335	0.234626	0.249639	0.228143	0.238279	0.238306	0.242312	0.23417	0.340094	0.355374	0.3602	0.362197	0.357368	0.368421	0.370139	0.393006	0.372669	0.306245	0.316694	0.408151	0.463159	0.347483	0.286213	0.292624	0.310305	0.336325	0.30667	0.279139	0.315407	0.23429	0.234893	0.233838	0.284175	0.282159	0.286185	0.310572	0.297286	0.299114	0.220373	0.186252	0.192873	0.206509	0.193561	0.188131	0.184163	0.158265	0.2058	0.192933	0.185546	0.216477	0.201065	0.219903	0.185689	0.178996	0.196464	0.14156	0.149692	0.185418	0.155844	0.166364	0.203493	0.164168	0.163812	0.176704	0.172324	0.165826	0.166879	0.198877	0.175534	0.170285	0.15547	0.174148	0.172726	0.174636	0.1268	0.0932248	0.0675286	0.0883892	0.0738725	0	0.0804905	0.0799603	0.0914467	0.0714936	0.0713697	0.0673737	0.0673737	0.0886405	0.0778416	0.0999169	0.102387	0.0894557	0.0998712	0.100993	0.0891365	0.110328	0.102856	0.117858	0.0988597	0.11969	0.120015	0.0955296	0.0922138	0.110127	0.118049	0.103306	0.115994	0.137683	0.134494	0.140841	0.121428	0.145156	0.132808	0.154095	0.130024	0.140174	0.131862	0.142109	0.154892	0.135478	0.141583	0.154468	0.151897	0.15563	0.136917	0.143073	0.15442	0.141014	0.130742	0.143271	0.147368	0.13099	0.141761	0.147491	0.152274	0.170785	0.159	0.152484	0.156489	0.158417	0.131605	0.128978	0.163629	0.158594	0.147613	0.147613	0.182975	0.180082	0.131635	0.147078	0.135662	0.159298	0.154748	0.163361	0.139599	0.147674	0.144189	0.149258	0.151862	0.153507	0.164268	0.151455	0.147084	0.155866	0.14285	0.183722	0.174822	0.169185	0.170364	0.170192	0.17252	0.161519	0.147208	0.1493	0.155778	0.163668	0.162167	0.168573	0.146987	0.146732	0.150796	0.154843	0.155352	0.157325	0.157162	0.155118	0.157155	0.127313	0.144588	0.1255	0.153968	0.16456	0.172668	0.164289	0.156084	0.165386	0.161977	0.146306	0.179567	0.160691	0.172847	0.175277	0.170219	0.147169	0.149313	0.147994	0.146673	0.13375	0.127949	0.13207	0.173922	0.291118	0.293443	0.270963	0.335872	0.350974	0.30546	0.341571	0.349924	0.315421	0.253425	0.257185	0.292892	0.314505	0.303935	0.299474	0.357103	0.35422	0.327668	0.360763	0.349015	0.292527	0.267848	0.254957	0.259828	0.284192	0.27095	0.279301	0.256101	0.255132	0.247647	0.258391	0.291606	0.285252	0.28707	0.321469	0.297843	0.317132	0.312572	0.315087	0.411207	0.267979	0.293216	0.302246	0.274198	0.286986	0.26573	0.263717	0.263721	0.289979	0.302474	0.278535	0.284666	0.270438	0.292591	0.282962	0.288061	0.342246	0.348026	0.338723	0.347791	0.312287	0.318452	0.345518	0.309019	0.29513	0.307752	0.302931	0.311466	0.273759	0.269917	0.257551	0.270733	0.270784	0.339609	0.332348	0.334319	0.326682	0.324237
Myiagra_hebetior	0.251121	0.257236	0.262985	0.293127	0.298594	0.281238	0.282888	0.326198	0.297045	0.376915	0.361912	0.266759	0.236137	0.250601	0.243949	0.239901	0.241918	0.244025	0.264605	0.259437	0.251218	0.261873	0.253616	0.285424	0.257195	0.261666	0.246878	0.28105	0.285884	0.265484	0.265544	0.272765	0.27481	0.245964	0.24395	0.248017	0.245964	0.245963	0.241254	0.256267	0.23477	0.244907	0.244934	0.24894	0.240798	0.346722	0.362002	0.366828	0.368825	0.363995	0.375048	0.376767	0.399634	0.379296	0.312872	0.323322	0.414779	0.469787	0.35411	0.29284	0.299251	0.316933	0.342952	0.313298	0.285766	0.322035	0.240918	0.24152	0.240466	0.290803	0.288787	0.292813	0.3172	0.303914	0.305742	0.227001	0.19288	0.199501	0.213137	0.200189	0.194759	0.190791	0.164893	0.212428	0.199561	0.192173	0.223105	0.207693	0.226531	0.192317	0.185624	0.203092	0.148188	0.15632	0.192045	0.162472	0.172991	0.210121	0.170795	0.17044	0.183332	0.178952	0.172453	0.173507	0.205505	0.182162	0.176913	0.162098	0.180775	0.179354	0.181264	0.133427	0.0998525	0.0741563	0.0950169	0.0805002	0.0804905	0	0.0825165	0.0940088	0.0740557	0.0739318	0.0699358	0.0699358	0.0912075	0.0844693	0.106545	0.109015	0.0960834	0.106499	0.10762	0.0957642	0.116956	0.109484	0.124486	0.105487	0.126317	0.126643	0.102157	0.0988415	0.116755	0.124677	0.109934	0.122622	0.144311	0.141122	0.147469	0.128056	0.151784	0.139436	0.160723	0.136651	0.146802	0.13849	0.148737	0.16152	0.142105	0.14821	0.161096	0.158525	0.162257	0.143545	0.1497	0.161048	0.147642	0.137369	0.149898	0.153996	0.137618	0.148389	0.154118	0.158902	0.177413	0.165628	0.159112	0.163116	0.165044	0.138233	0.135606	0.170256	0.165221	0.154241	0.154241	0.189603	0.18671	0.138262	0.153705	0.14229	0.165926	0.161376	0.169989	0.146227	0.154301	0.150817	0.155886	0.15849	0.160135	0.170895	0.158083	0.153712	0.162494	0.149478	0.19035	0.18145	0.175813	0.176991	0.17682	0.179148	0.168147	0.153836	0.155928	0.162405	0.170295	0.168795	0.175201	0.153614	0.153359	0.157424	0.16147	0.161979	0.163952	0.16379	0.161746	0.163782	0.133941	0.151216	0.132128	0.160596	0.171187	0.179296	0.170917	0.162712	0.172014	0.168605	0.152934	0.186195	0.167319	0.179475	0.181904	0.176847	0.153797	0.15594	0.154622	0.153301	0.140377	0.134576	0.138697	0.18055	0.297745	0.30007	0.277591	0.3425	0.357601	0.312088	0.348198	0.356552	0.322049	0.260053	0.263812	0.29952	0.321133	0.310563	0.306101	0.363731	0.360848	0.334296	0.367391	0.355643	0.299154	0.274476	0.261585	0.266456	0.29082	0.277577	0.285929	0.262729	0.26176	0.254275	0.265018	0.298234	0.29188	0.293698	0.328097	0.30447	0.32376	0.3192	0.321714	0.417835	0.274607	0.299844	0.308874	0.280826	0.293614	0.272357	0.270345	0.270348	0.296607	0.309102	0.285163	0.291294	0.277066	0.299218	0.28959	0.294689	0.348874	0.354654	0.34535	0.354419	0.318915	0.32508	0.352146	0.315647	0.301758	0.31438	0.309558	0.318093	0.280386	0.276545	0.264178	0.277361	0.277412	0.346236	0.338975	0.340947	0.333309	0.330865
Paradisaea_raggiana	0.250591	0.256706	0.262454	0.292597	0.298064	0.280708	0.282357	0.325667	0.296515	0.376385	0.361382	0.266228	0.235607	0.250071	0.243418	0.239371	0.241388	0.243495	0.264075	0.258907	0.250688	0.261342	0.253086	0.284894	0.256665	0.261135	0.246348	0.28052	0.285354	0.264954	0.265013	0.272235	0.27428	0.245434	0.24342	0.247486	0.245433	0.245432	0.240723	0.255736	0.23424	0.244376	0.244404	0.24841	0.240267	0.346191	0.361471	0.366298	0.368295	0.363465	0.374518	0.376237	0.399103	0.378766	0.312342	0.322791	0.414248	0.469257	0.35358	0.29231	0.298721	0.316402	0.342422	0.312768	0.285236	0.321505	0.240387	0.24099	0.239936	0.290273	0.288256	0.292283	0.316669	0.303383	0.305211	0.226471	0.19235	0.198971	0.212606	0.199659	0.194228	0.19026	0.164363	0.211897	0.199031	0.191643	0.222575	0.207163	0.226	0.191787	0.185094	0.202562	0.147658	0.15579	0.191515	0.161942	0.172461	0.20959	0.170265	0.169909	0.182801	0.178421	0.171923	0.172977	0.204975	0.181632	0.176382	0.161568	0.180245	0.178824	0.180733	0.132897	0.0993222	0.073626	0.0944867	0.0799699	0.0799603	0.0825165	0	0.0934786	0.0735255	0.0734015	0.0694055	0.0694055	0.0906772	0.083939	0.106014	0.108485	0.0955532	0.105969	0.10709	0.0952339	0.116426	0.108954	0.123956	0.104957	0.125787	0.126112	0.101627	0.0983113	0.116225	0.124147	0.109404	0.122092	0.14378	0.140591	0.146939	0.127526	0.151254	0.138905	0.160193	0.136121	0.146272	0.13796	0.148207	0.160989	0.141575	0.14768	0.160566	0.157995	0.161727	0.143015	0.14917	0.160518	0.147112	0.136839	0.149368	0.153465	0.137087	0.147859	0.153588	0.158371	0.176882	0.165098	0.158581	0.162586	0.164514	0.137702	0.135076	0.169726	0.164691	0.15371	0.15371	0.189073	0.186179	0.137732	0.153175	0.14176	0.165395	0.160846	0.169459	0.145697	0.153771	0.150287	0.155356	0.157959	0.159605	0.170365	0.157553	0.153181	0.161964	0.148948	0.18982	0.18092	0.175282	0.176461	0.176289	0.178618	0.167617	0.153305	0.155397	0.161875	0.169765	0.168265	0.174671	0.153084	0.152829	0.156893	0.16094	0.161449	0.163422	0.16326	0.161216	0.163252	0.133411	0.150686	0.131598	0.160066	0.170657	0.178765	0.170387	0.162182	0.171484	0.168075	0.152404	0.185664	0.166789	0.178944	0.181374	0.176317	0.153266	0.15541	0.154091	0.15277	0.139847	0.134046	0.138167	0.18002	0.297215	0.29954	0.27706	0.34197	0.357071	0.311557	0.347668	0.356021	0.321519	0.259523	0.263282	0.29899	0.320603	0.310033	0.305571	0.3632	0.360318	0.333766	0.36686	0.355113	0.298624	0.273945	0.261055	0.265926	0.29029	0.277047	0.285399	0.262198	0.26123	0.253744	0.264488	0.297704	0.29135	0.293167	0.327566	0.30394	0.32323	0.318669	0.321184	0.417305	0.274077	0.299314	0.308343	0.280296	0.293084	0.271827	0.269815	0.269818	0.296076	0.308571	0.284633	0.290764	0.276536	0.298688	0.289059	0.294159	0.348343	0.354123	0.34482	0.353889	0.318385	0.32455	0.351616	0.315116	0.301228	0.31385	0.309028	0.317563	0.279856	0.276014	0.263648	0.276831	0.276882	0.345706	0.338445	0.340417	0.332779	0.330334
Lanius_ludovicianus	0.262078	0.268192	0.273941	0.304083	0.30955	0.292194	0.293844	0.337154	0.308002	0.387871	0.372868	0.277715	0.247093	0.261557	0.254905	0.250857	0.252874	0.254981	0.275561	0.270393	0.262174	0.272829	0.264573	0.29638	0.268151	0.272622	0.257834	0.292007	0.296841	0.27644	0.2765	0.283721	0.285767	0.25692	0.254906	0.258973	0.25692	0.256919	0.25221	0.267223	0.245727	0.255863	0.25589	0.259896	0.251754	0.357678	0.372958	0.377784	0.379781	0.374951	0.386005	0.387723	0.41059	0.390253	0.323829	0.334278	0.425735	0.480743	0.365067	0.303797	0.310207	0.327889	0.353909	0.324254	0.296722	0.332991	0.251874	0.252477	0.251422	0.301759	0.299743	0.303769	0.328156	0.31487	0.316698	0.237957	0.203836	0.210457	0.224093	0.211145	0.205715	0.201747	0.175849	0.223384	0.210517	0.203129	0.234061	0.218649	0.237487	0.203273	0.19658	0.214048	0.159144	0.167276	0.203002	0.173428	0.183948	0.221077	0.181751	0.181396	0.194288	0.189908	0.18341	0.184463	0.216461	0.193118	0.187869	0.173054	0.191731	0.19031	0.19222	0.144383	0.110809	0.0851124	0.105973	0.0914564	0.0914467	0.0940088	0.0934786	0	0.0817996	0.0816756	0.0776796	0.0776796	0.102164	0.0954254	0.117501	0.119971	0.10704	0.117455	0.118576	0.10672	0.127912	0.12044	0.135442	0.116444	0.137273	0.137599	0.113113	0.109798	0.127711	0.135633	0.12089	0.133578	0.155267	0.152078	0.158425	0.139012	0.16274	0.150392	0.171679	0.147607	0.157758	0.149446	0.159693	0.172476	0.153061	0.159167	0.172052	0.169481	0.173213	0.154501	0.160656	0.172004	0.158598	0.148325	0.160855	0.164952	0.148574	0.159345	0.165074	0.169858	0.188369	0.176584	0.170068	0.174072	0.176	0.149189	0.146562	0.181212	0.176178	0.165197	0.165197	0.200559	0.197666	0.149219	0.164662	0.153246	0.176882	0.172332	0.180945	0.157183	0.165258	0.161773	0.166842	0.169446	0.171091	0.181852	0.169039	0.164668	0.17345	0.160434	0.201306	0.192406	0.186769	0.187947	0.187776	0.190104	0.179103	0.164792	0.166884	0.173361	0.181251	0.179751	0.186157	0.16457	0.164315	0.16838	0.172427	0.172935	0.174908	0.174746	0.172702	0.174738	0.144897	0.162172	0.143084	0.171552	0.182143	0.190252	0.181873	0.173668	0.18297	0.179561	0.16389	0.197151	0.178275	0.190431	0.19286	0.187803	0.164753	0.166896	0.165578	0.164257	0.151333	0.145533	0.149653	0.191506	0.308702	0.311026	0.288547	0.353456	0.368558	0.323044	0.359155	0.367508	0.333005	0.271009	0.274769	0.310476	0.332089	0.321519	0.317057	0.374687	0.371804	0.345252	0.378347	0.366599	0.31011	0.285432	0.272541	0.277412	0.301776	0.288533	0.296885	0.273685	0.272716	0.265231	0.275975	0.30919	0.302836	0.304654	0.339053	0.315426	0.334716	0.330156	0.332671	0.428791	0.285563	0.3108	0.31983	0.291782	0.30457	0.283313	0.281301	0.281305	0.307563	0.320058	0.296119	0.30225	0.288022	0.310175	0.300546	0.305645	0.35983	0.36561	0.356306	0.365375	0.329871	0.336036	0.363102	0.326603	0.312714	0.325336	0.320514	0.32905	0.291343	0.287501	0.275135	0.288317	0.288368	0.357193	0.349932	0.351903	0.344266	0.341821
Aphelocoma_coerulescens	0.242125	0.248239	0.253988	0.28413	0.289597	0.272241	0.273891	0.317201	0.288048	0.367918	0.352915	0.257762	0.22714	0.241604	0.234952	0.230904	0.232921	0.235028	0.255608	0.25044	0.242221	0.252876	0.24462	0.276427	0.248198	0.252669	0.237881	0.272054	0.276887	0.256487	0.256547	0.263768	0.265813	0.236967	0.234953	0.23902	0.236967	0.236966	0.232257	0.24727	0.225773	0.23591	0.235937	0.239943	0.231801	0.337725	0.353005	0.357831	0.359828	0.354998	0.366052	0.36777	0.390637	0.3703	0.303875	0.314325	0.405782	0.46079	0.345114	0.283843	0.290254	0.307936	0.333956	0.304301	0.276769	0.313038	0.231921	0.232523	0.231469	0.281806	0.27979	0.283816	0.308203	0.294917	0.296745	0.218004	0.183883	0.190504	0.20414	0.191192	0.185762	0.181794	0.155896	0.203431	0.190564	0.183176	0.214108	0.198696	0.217534	0.18332	0.176627	0.194095	0.139191	0.147323	0.183048	0.153475	0.163994	0.201124	0.161798	0.161443	0.174335	0.169955	0.163456	0.16451	0.196508	0.173165	0.167916	0.153101	0.171778	0.170357	0.172267	0.12443	0.0908556	0.0651593	0.08602	0.0715033	0.0714936	0.0740557	0.0735255	0.0817996	0	0.0324203	0.0284243	0.0284243	0.0822105	0.0754723	0.0975476	0.100018	0.0870865	0.097502	0.0986233	0.0867672	0.107959	0.100487	0.115489	0.0964904	0.11732	0.117646	0.0931604	0.0898446	0.107758	0.11568	0.100937	0.113625	0.135314	0.132125	0.138472	0.119059	0.142787	0.130439	0.151726	0.127654	0.137805	0.129493	0.13974	0.152523	0.133108	0.139214	0.152099	0.149528	0.15326	0.134548	0.140703	0.152051	0.138645	0.128372	0.140902	0.144999	0.128621	0.139392	0.145121	0.149905	0.168416	0.156631	0.150115	0.154119	0.156047	0.129236	0.126609	0.161259	0.156224	0.145244	0.145244	0.180606	0.177713	0.129266	0.144708	0.133293	0.156929	0.152379	0.160992	0.13723	0.145304	0.14182	0.146889	0.149493	0.151138	0.161898	0.149086	0.144715	0.153497	0.140481	0.181353	0.172453	0.166816	0.167994	0.167823	0.170151	0.15915	0.144839	0.146931	0.153408	0.161298	0.159798	0.166204	0.144617	0.144362	0.148427	0.152474	0.152982	0.154955	0.154793	0.152749	0.154785	0.124944	0.142219	0.123131	0.151599	0.16219	0.170299	0.16192	0.153715	0.163017	0.159608	0.143937	0.177198	0.158322	0.170478	0.172907	0.16785	0.1448	0.146943	0.145625	0.144304	0.13138	0.125579	0.1297	0.171553	0.288748	0.291073	0.268594	0.333503	0.348605	0.303091	0.339201	0.347555	0.313052	0.251056	0.254815	0.290523	0.312136	0.301566	0.297104	0.354734	0.351851	0.325299	0.358394	0.346646	0.290157	0.265479	0.252588	0.257459	0.281823	0.26858	0.276932	0.253732	0.252763	0.245278	0.256021	0.289237	0.282883	0.284701	0.3191	0.295473	0.314763	0.310203	0.312718	0.408838	0.26561	0.290847	0.299877	0.271829	0.284617	0.26336	0.261348	0.261352	0.28761	0.300105	0.276166	0.282297	0.268069	0.290222	0.280593	0.285692	0.339877	0.345657	0.336353	0.345422	0.309918	0.316083	0.343149	0.30665	0.292761	0.305383	0.300561	0.309096	0.271389	0.267548	0.255181	0.268364	0.268415	0.33724	0.329979	0.33195	0.324312	0.321868
Corvus_moneduloides	0.242001	0.248115	0.253864	0.284006	0.289473	0.272117	0.273767	0.317077	0.287925	0.367794	0.352791	0.257638	0.227016	0.24148	0.234828	0.23078	0.232797	0.234904	0.255484	0.250316	0.242097	0.252752	0.244496	0.276303	0.248074	0.252545	0.237757	0.27193	0.276764	0.256363	0.256423	0.263644	0.26569	0.236843	0.234829	0.238896	0.236843	0.236842	0.232133	0.247146	0.22565	0.235786	0.235813	0.239819	0.231677	0.337601	0.352881	0.357707	0.359704	0.354874	0.365928	0.367646	0.390513	0.370176	0.303752	0.314201	0.405658	0.460666	0.34499	0.28372	0.29013	0.307812	0.333832	0.304177	0.276645	0.312914	0.231797	0.2324	0.231345	0.281682	0.279666	0.283692	0.308079	0.294793	0.296621	0.21788	0.183759	0.19038	0.204016	0.191068	0.185638	0.18167	0.155772	0.203307	0.19044	0.183052	0.213984	0.198572	0.21741	0.183196	0.176503	0.193971	0.139067	0.147199	0.182925	0.153351	0.163871	0.201	0.161674	0.161319	0.174211	0.169831	0.163333	0.164386	0.196384	0.173041	0.167792	0.152977	0.171654	0.170233	0.172143	0.124306	0.0907317	0.0650354	0.0858961	0.0713794	0.0713697	0.0739318	0.0734015	0.0816756	0.0324203	0	0.00400002	0.00400002	0.0820866	0.0753484	0.0974237	0.099894	0.0869626	0.097378	0.0984994	0.0866433	0.107835	0.100363	0.115365	0.0963665	0.117196	0.117522	0.0930365	0.0897207	0.107634	0.115556	0.100813	0.113501	0.13519	0.132001	0.138348	0.118935	0.142663	0.130315	0.151602	0.12753	0.137681	0.129369	0.139616	0.152399	0.132984	0.13909	0.151975	0.149404	0.153136	0.134424	0.140579	0.151927	0.138521	0.128248	0.140778	0.144875	0.128497	0.139268	0.144997	0.149781	0.168292	0.156507	0.149991	0.153995	0.155923	0.129112	0.126485	0.161135	0.156101	0.14512	0.14512	0.180482	0.177589	0.129142	0.144585	0.133169	0.156805	0.152255	0.160868	0.137106	0.145181	0.141696	0.146765	0.149369	0.151014	0.161775	0.148962	0.144591	0.153373	0.140357	0.181229	0.172329	0.166692	0.16787	0.167699	0.170027	0.159026	0.144715	0.146807	0.153284	0.161174	0.159674	0.16608	0.144493	0.144238	0.148303	0.15235	0.152858	0.154831	0.154669	0.152625	0.154661	0.12482	0.142095	0.123007	0.151475	0.162066	0.170175	0.161796	0.153591	0.162893	0.159484	0.143813	0.177074	0.158198	0.170354	0.172783	0.167726	0.144676	0.146819	0.145501	0.14418	0.131256	0.125456	0.129576	0.171429	0.288625	0.290949	0.26847	0.333379	0.348481	0.302967	0.339078	0.347431	0.312928	0.250932	0.254692	0.290399	0.312012	0.301442	0.29698	0.35461	0.351727	0.325175	0.35827	0.346522	0.290033	0.265355	0.252464	0.257335	0.281699	0.268456	0.276808	0.253608	0.252639	0.245154	0.255898	0.289113	0.282759	0.284577	0.318976	0.295349	0.314639	0.310079	0.312594	0.408714	0.265486	0.290723	0.299753	0.271705	0.284493	0.263236	0.261224	0.261228	0.287486	0.299981	0.276042	0.282173	0.267945	0.290098	0.280469	0.285568	0.339753	0.345533	0.336229	0.345298	0.309794	0.315959	0.343025	0.306526	0.292637	0.305259	0.300437	0.308973	0.271266	0.267424	0.255058	0.26824	0.268291	0.337116	0.329855	0.331826	0.324189	0.321744
Corvus_brachyrhynchos	0.238005	0.244119	0.249868	0.28001	0.285477	0.268121	0.269771	0.313081	0.283929	0.363798	0.348795	0.253642	0.22302	0.237484	0.230832	0.226784	0.228801	0.230908	0.251488	0.24632	0.238101	0.248756	0.2405	0.272307	0.244078	0.248549	0.233761	0.267934	0.272768	0.252367	0.252427	0.259648	0.261694	0.232847	0.230833	0.2349	0.232847	0.232846	0.228137	0.24315	0.221654	0.23179	0.231817	0.235823	0.227681	0.333605	0.348885	0.353711	0.355708	0.350878	0.361932	0.36365	0.386517	0.36618	0.299756	0.310205	0.401662	0.45667	0.340994	0.279724	0.286134	0.303816	0.329836	0.300181	0.272649	0.308918	0.227801	0.228404	0.227349	0.277686	0.27567	0.279696	0.304083	0.290797	0.292625	0.213884	0.179763	0.186384	0.20002	0.187072	0.181642	0.177674	0.151776	0.199311	0.186444	0.179056	0.209988	0.194576	0.213414	0.1792	0.172507	0.189975	0.135071	0.143203	0.178929	0.149355	0.159875	0.197004	0.157678	0.157323	0.170215	0.165835	0.159337	0.16039	0.192388	0.169045	0.163796	0.148981	0.167658	0.166237	0.168147	0.12031	0.0867356	0.0610394	0.0819001	0.0673833	0.0673737	0.0699358	0.0694055	0.0776796	0.0284243	0.00400002	0	2e-06	0.0780906	0.0713524	0.0934277	0.0958979	0.0829666	0.093382	0.0945034	0.0826473	0.103839	0.0963672	0.111369	0.0923705	0.1132	0.113526	0.0890404	0.0857247	0.103638	0.11156	0.0968172	0.109505	0.131194	0.128005	0.134352	0.114939	0.138667	0.126319	0.147606	0.123534	0.133685	0.125373	0.13562	0.148403	0.128988	0.135094	0.147979	0.145408	0.14914	0.130428	0.136583	0.147931	0.134525	0.124252	0.136782	0.140879	0.124501	0.135272	0.141001	0.145785	0.164296	0.152511	0.145995	0.149999	0.151927	0.125116	0.122489	0.157139	0.152105	0.141124	0.141124	0.176486	0.173593	0.125146	0.140589	0.129173	0.152809	0.148259	0.156872	0.13311	0.141185	0.1377	0.142769	0.145373	0.147018	0.157779	0.144966	0.140595	0.149377	0.136361	0.177233	0.168333	0.162696	0.163874	0.163703	0.166031	0.15503	0.140719	0.142811	0.149288	0.157178	0.155678	0.162084	0.140497	0.140242	0.144307	0.148354	0.148862	0.150835	0.150673	0.148629	0.150665	0.120824	0.138099	0.119011	0.147479	0.15807	0.166179	0.1578	0.149595	0.158897	0.155488	0.139817	0.173078	0.154202	0.166358	0.168787	0.16373	0.14068	0.142823	0.141505	0.140184	0.12726	0.12146	0.12558	0.167433	0.284628	0.286953	0.264474	0.329383	0.344485	0.298971	0.335082	0.343435	0.308932	0.246936	0.250696	0.286403	0.308016	0.297446	0.292984	0.350614	0.347731	0.321179	0.354274	0.342526	0.286037	0.261359	0.248468	0.253339	0.277703	0.26446	0.272812	0.249612	0.248643	0.241158	0.251902	0.285117	0.278763	0.280581	0.31498	0.291353	0.310643	0.306083	0.308598	0.404718	0.26149	0.286727	0.295757	0.267709	0.280497	0.25924	0.257228	0.257232	0.28349	0.295985	0.272046	0.278177	0.263949	0.286102	0.276473	0.281572	0.335757	0.341537	0.332233	0.341302	0.305798	0.311963	0.339029	0.30253	0.288641	0.301263	0.296441	0.304977	0.26727	0.263428	0.251062	0.264244	0.264295	0.33312	0.325859	0.32783	0.320193	0.317748
Corvus_cornix	0.238005	0.244119	0.249868	0.28001	0.285477	0.268121	0.269771	0.313081	0.283929	0.363798	0.348795	0.253642	0.22302	0.237484	0.230832	0.226784	0.228801	0.230908	0.251488	0.24632	0.238101	0.248756	0.2405	0.272307	0.244078	0.248549	0.233761	0.267934	0.272768	0.252367	0.252427	0.259648	0.261694	0.232847	0.230833	0.2349	0.232847	0.232846	0.228137	0.24315	0.221654	0.23179	0.231817	0.235823	0.227681	0.333605	0.348885	0.353711	0.355708	0.350878	0.361932	0.36365	0.386517	0.36618	0.299756	0.310205	0.401662	0.45667	0.340994	0.279724	0.286134	0.303816	0.329836	0.300181	0.272649	0.308918	0.227801	0.228404	0.227349	0.277686	0.27567	0.279696	0.304083	0.290797	0.292625	0.213884	0.179763	0.186384	0.20002	0.187072	0.181642	0.177674	0.151776	0.199311	0.186444	0.179056	0.209988	0.194576	0.213414	0.1792	0.172507	0.189975	0.135071	0.143203	0.178929	0.149355	0.159875	0.197004	0.157678	0.157323	0.170215	0.165835	0.159337	0.16039	0.192388	0.169045	0.163796	0.148981	0.167658	0.166237	0.168147	0.12031	0.0867356	0.0610394	0.0819001	0.0673833	0.0673737	0.0699358	0.0694055	0.0776796	0.0284243	0.00400002	2e-06	0	0.0780906	0.0713524	0.0934277	0.0958979	0.0829666	0.093382	0.0945034	0.0826473	0.103839	0.0963672	0.111369	0.0923705	0.1132	0.113526	0.0890404	0.0857247	0.103638	0.11156	0.0968172	0.109505	0.131194	0.128005	0.134352	0.114939	0.138667	0.126319	0.147606	0.123534	0.133685	0.125373	0.13562	0.148403	0.128988	0.135094	0.147979	0.145408	0.14914	0.130428	0.136583	0.147931	0.134525	0.124252	0.136782	0.140879	0.124501	0.135272	0.141001	0.145785	0.164296	0.152511	0.145995	0.149999	0.151927	0.125116	0.122489	0.157139	0.152105	0.141124	0.141124	0.176486	0.173593	0.125146	0.140589	0.129173	0.152809	0.148259	0.156872	0.13311	0.141185	0.1377	0.142769	0.145373	0.147018	0.157779	0.144966	0.140595	0.149377	0.136361	0.177233	0.168333	0.162696	0.163874	0.163703	0.166031	0.15503	0.140719	0.142811	0.149288	0.157178	0.155678	0.162084	0.140497	0.140242	0.144307	0.148354	0.148862	0.150835	0.150673	0.148629	0.150665	0.120824	0.138099	0.119011	0.147479	0.15807	0.166179	0.1578	0.149595	0.158897	0.155488	0.139817	0.173078	0.154202	0.166358	0.168787	0.16373	0.14068	0.142823	0.141505	0.140184	0.12726	0.12146	0.12558	0.167433	0.284628	0.286953	0.264474	0.329383	0.344485	0.298971	0.335082	0.343435	0.308932	0.246936	0.250696	0.286403	0.308016	0.297446	0.292984	0.350614	0.347731	0.321179	0.354274	0.342526	0.286037	0.261359	0.248468	0.253339	0.277703	0.26446	0.272812	0.249612	0.248643	0.241158	0.251902	0.285117	0.278763	0.280581	0.31498	0.291353	0.310643	0.306083	0.308598	0.404718	0.26149	0.286727	0.295757	0.267709	0.280497	0.25924	0.257228	0.257232	0.28349	0.295985	0.272046	0.278177	0.263949	0.286102	0.276473	0.281572	0.335757	0.341537	0.332233	0.341302	0.305798	0.311963	0.339029	0.30253	0.288641	0.301263	0.296441	0.304977	0.26727	0.263428	0.251062	0.264244	0.264295	0.33312	0.325859	0.32783	0.320193	0.317748
Ifrita_kowaldi	0.259271	0.265386	0.271135	0.301277	0.306744	0.289388	0.291038	0.334348	0.305195	0.385065	0.370062	0.274909	0.244287	0.258751	0.252099	0.248051	0.250068	0.252175	0.272755	0.267587	0.259368	0.270023	0.261766	0.293574	0.265345	0.269815	0.255028	0.2892	0.294034	0.273634	0.273693	0.280915	0.28296	0.254114	0.2521	0.256166	0.254113	0.254113	0.249404	0.264417	0.24292	0.253057	0.253084	0.25709	0.248947	0.354871	0.370152	0.374978	0.376975	0.372145	0.383198	0.384917	0.407784	0.387446	0.321022	0.331471	0.422929	0.477937	0.36226	0.30099	0.307401	0.325083	0.351102	0.321448	0.293916	0.330185	0.249068	0.24967	0.248616	0.298953	0.296936	0.300963	0.32535	0.312064	0.313891	0.235151	0.20103	0.207651	0.221287	0.208339	0.202908	0.198941	0.173043	0.220578	0.207711	0.200323	0.231255	0.215843	0.234681	0.200467	0.193774	0.211242	0.156338	0.16447	0.200195	0.170622	0.181141	0.218271	0.178945	0.178589	0.191481	0.187102	0.180603	0.181657	0.213655	0.190312	0.185062	0.170248	0.188925	0.187504	0.189414	0.141577	0.108002	0.0823062	0.103167	0.0886501	0.0886405	0.0912075	0.0906772	0.102164	0.0822105	0.0820866	0.0780906	0.0780906	0	0.0926192	0.114694	0.117165	0.104233	0.114649	0.11577	0.103914	0.125106	0.117634	0.132636	0.113637	0.134467	0.134792	0.110307	0.106991	0.124905	0.132827	0.118084	0.130772	0.152461	0.149272	0.155619	0.136206	0.159934	0.147585	0.168873	0.144801	0.154952	0.14664	0.156887	0.169669	0.150255	0.15636	0.169246	0.166675	0.170407	0.151695	0.15785	0.169198	0.155792	0.145519	0.158048	0.162146	0.145768	0.156539	0.162268	0.167052	0.185563	0.173778	0.167262	0.171266	0.173194	0.146383	0.143756	0.178406	0.173371	0.162391	0.16239	0.197753	0.19486	0.146412	0.161855	0.15044	0.174075	0.169526	0.178139	0.154377	0.162451	0.158967	0.164036	0.166639	0.168285	0.179045	0.166233	0.161861	0.170644	0.157628	0.1985	0.1896	0.183962	0.185141	0.18497	0.187298	0.176297	0.161986	0.164078	0.170555	0.178445	0.176945	0.183351	0.161764	0.161509	0.165573	0.16962	0.170129	0.172102	0.17194	0.169896	0.171932	0.142091	0.159366	0.140278	0.168746	0.179337	0.187446	0.179067	0.170862	0.180164	0.176755	0.161084	0.194345	0.175469	0.187625	0.190054	0.184997	0.161947	0.16409	0.162772	0.16145	0.148527	0.142726	0.146847	0.1887	0.305895	0.30822	0.285741	0.35065	0.365751	0.320238	0.356348	0.364702	0.330199	0.268203	0.271962	0.30767	0.329283	0.318713	0.314251	0.371881	0.368998	0.342446	0.37554	0.363793	0.307304	0.282625	0.269735	0.274606	0.29897	0.285727	0.294079	0.270879	0.26991	0.262424	0.273168	0.306384	0.30003	0.301848	0.336247	0.31262	0.33191	0.32735	0.329864	0.425985	0.282757	0.307994	0.317024	0.288976	0.301764	0.280507	0.278495	0.278498	0.304757	0.317252	0.293313	0.299444	0.285216	0.307368	0.297739	0.302839	0.357024	0.362804	0.3535	0.362569	0.327065	0.33323	0.360296	0.323797	0.309908	0.32253	0.317708	0.326243	0.288536	0.284695	0.272328	0.285511	0.285562	0.354386	0.347125	0.349097	0.341459	0.339014
Daphoenositta_chrysoptera	0.230038	0.236153	0.241901	0.272044	0.277511	0.260155	0.261804	0.305114	0.275962	0.355832	0.340829	0.245675	0.215054	0.229518	0.222865	0.218818	0.220835	0.222942	0.243522	0.238354	0.230135	0.240789	0.232533	0.264341	0.236112	0.240582	0.225795	0.259967	0.264801	0.244401	0.24446	0.251682	0.253727	0.224881	0.222867	0.226933	0.22488	0.224879	0.22017	0.235183	0.213687	0.223823	0.223851	0.227857	0.219714	0.325638	0.340918	0.345745	0.347742	0.342912	0.353965	0.355684	0.37855	0.358213	0.291789	0.302238	0.393695	0.448704	0.333027	0.271757	0.278168	0.295849	0.321869	0.292215	0.264683	0.300952	0.219834	0.220437	0.219383	0.26972	0.267703	0.27173	0.296116	0.28283	0.284658	0.205918	0.171797	0.178418	0.192053	0.179106	0.173675	0.169707	0.14381	0.191344	0.178478	0.17109	0.202022	0.18661	0.205447	0.171234	0.164541	0.182009	0.127105	0.135237	0.170962	0.141389	0.151908	0.189037	0.149712	0.149356	0.162248	0.157868	0.15137	0.152424	0.184422	0.161079	0.155829	0.141015	0.159692	0.158271	0.16018	0.112344	0.0787692	0.0675502	0.0884108	0.0738941	0.0778416	0.0844693	0.083939	0.0954254	0.0754723	0.0753484	0.0713524	0.0713524	0.0926192	0	0.0854613	0.0879315	0.0750002	0.0854156	0.086537	0.0746809	0.0958729	0.0884008	0.103403	0.0844041	0.105234	0.105559	0.081074	0.0777583	0.0956718	0.103594	0.0888508	0.101539	0.123227	0.120038	0.126386	0.106973	0.130701	0.118352	0.13964	0.115568	0.125719	0.117407	0.127654	0.140436	0.121022	0.127127	0.140013	0.137442	0.141174	0.122462	0.128617	0.139965	0.126559	0.116286	0.128815	0.132912	0.116534	0.127306	0.133035	0.137818	0.156329	0.144545	0.138028	0.142033	0.143961	0.117149	0.114523	0.149173	0.144138	0.133157	0.133157	0.16852	0.165626	0.117179	0.132622	0.121207	0.144842	0.140293	0.148906	0.125144	0.133218	0.129734	0.134803	0.137406	0.139052	0.149812	0.137	0.132628	0.141411	0.128395	0.169267	0.160367	0.154729	0.155908	0.155736	0.158065	0.147064	0.132752	0.134844	0.141322	0.149212	0.147712	0.154118	0.132531	0.132276	0.13634	0.140387	0.140896	0.142869	0.142707	0.140663	0.142699	0.112858	0.130133	0.111045	0.139513	0.150104	0.158212	0.149834	0.141629	0.150931	0.147522	0.131851	0.165111	0.146236	0.158391	0.160821	0.155764	0.132713	0.134857	0.133538	0.132217	0.119294	0.113493	0.117614	0.159467	0.276662	0.278987	0.256507	0.321417	0.336518	0.291004	0.327115	0.335468	0.300966	0.23897	0.242729	0.278437	0.30005	0.28948	0.285018	0.342647	0.339765	0.313213	0.346307	0.33456	0.278071	0.253392	0.240502	0.245373	0.269737	0.256494	0.264846	0.241645	0.240677	0.233191	0.243935	0.277151	0.270797	0.272614	0.307013	0.283387	0.302677	0.298116	0.300631	0.396752	0.253524	0.278761	0.28779	0.259743	0.272531	0.251274	0.249262	0.249265	0.275523	0.288018	0.26408	0.270211	0.255983	0.278135	0.268506	0.273606	0.32779	0.33357	0.324267	0.333336	0.297832	0.303997	0.331063	0.294563	0.280675	0.293297	0.288475	0.29701	0.259303	0.255461	0.243095	0.256278	0.256329	0.325153	0.317892	0.319864	0.312226	0.309781
Mohoua_ochrocephala	0.248054	0.254169	0.259918	0.29006	0.295527	0.278171	0.279821	0.323131	0.293978	0.373848	0.358845	0.263692	0.23307	0.247534	0.240882	0.236834	0.238851	0.240958	0.261538	0.25637	0.248151	0.258806	0.250549	0.282357	0.254128	0.258598	0.243811	0.277983	0.282817	0.262417	0.262476	0.269698	0.271743	0.242897	0.240883	0.244949	0.242896	0.242896	0.238187	0.2532	0.231703	0.24184	0.241867	0.245873	0.23773	0.343654	0.358935	0.363761	0.365758	0.360928	0.371981	0.3737	0.396567	0.376229	0.309805	0.320254	0.411711	0.46672	0.351043	0.289773	0.296184	0.313866	0.339885	0.310231	0.282699	0.318968	0.237851	0.238453	0.237399	0.287736	0.285719	0.289746	0.314133	0.300847	0.302674	0.223934	0.189813	0.196434	0.21007	0.197122	0.191691	0.187724	0.161826	0.209361	0.196494	0.189106	0.220038	0.204626	0.223464	0.18925	0.182557	0.200025	0.145121	0.153253	0.188978	0.159405	0.169924	0.207054	0.167728	0.167372	0.180264	0.175885	0.169386	0.17044	0.202438	0.179095	0.173845	0.159031	0.177708	0.176287	0.178197	0.13036	0.0967854	0.0896255	0.110486	0.0959694	0.0999169	0.106545	0.106014	0.117501	0.0975476	0.0974237	0.0934277	0.0934277	0.114694	0.0854613	0	0.0934056	0.0804742	0.0908896	0.0929498	0.092697	0.113889	0.106417	0.121419	0.10242	0.12325	0.123575	0.0990902	0.0957744	0.113688	0.12161	0.106867	0.119555	0.141244	0.138055	0.144402	0.124989	0.148717	0.136368	0.157656	0.133584	0.143735	0.135423	0.14567	0.158452	0.139038	0.145143	0.158029	0.155458	0.15919	0.140478	0.146633	0.157981	0.144575	0.134302	0.146831	0.150929	0.134551	0.145322	0.151051	0.155835	0.174346	0.162561	0.156045	0.160049	0.161977	0.135166	0.132539	0.167189	0.162154	0.151174	0.151173	0.186536	0.183643	0.135195	0.150638	0.139223	0.162858	0.158309	0.166922	0.14316	0.151234	0.14775	0.152819	0.155422	0.157068	0.167828	0.155016	0.150644	0.159427	0.146411	0.187283	0.178383	0.172745	0.173924	0.173753	0.176081	0.16508	0.150769	0.152861	0.159338	0.167228	0.165728	0.172134	0.150547	0.150292	0.154356	0.158403	0.158912	0.160885	0.160723	0.158679	0.160715	0.130874	0.148149	0.129061	0.157529	0.16812	0.176229	0.16785	0.159645	0.168947	0.165538	0.149867	0.183128	0.164252	0.176408	0.178837	0.17378	0.15073	0.152873	0.151555	0.150233	0.13731	0.131509	0.13563	0.177483	0.294678	0.297003	0.274524	0.339433	0.354534	0.30902	0.345131	0.353485	0.318982	0.256986	0.260745	0.296453	0.318066	0.307496	0.303034	0.360664	0.357781	0.331229	0.364323	0.352576	0.296087	0.271408	0.258518	0.263389	0.287753	0.27451	0.282862	0.259662	0.258693	0.251207	0.261951	0.295167	0.288813	0.290631	0.32503	0.301403	0.320693	0.316133	0.318647	0.414768	0.27154	0.296777	0.305806	0.277759	0.290547	0.26929	0.267278	0.267281	0.29354	0.306035	0.282096	0.288227	0.273999	0.296151	0.286522	0.291622	0.345807	0.351587	0.342283	0.351352	0.315848	0.322013	0.349079	0.31258	0.298691	0.311313	0.306491	0.315026	0.277319	0.273478	0.261111	0.274294	0.274345	0.343169	0.335908	0.33788	0.330242	0.327797
Aleadryas_rufinucha	0.250525	0.256639	0.262388	0.29253	0.297997	0.280641	0.282291	0.325601	0.296449	0.376318	0.361315	0.266162	0.23554	0.250004	0.243352	0.239304	0.241321	0.243428	0.264008	0.25884	0.250621	0.261276	0.25302	0.284827	0.256598	0.261069	0.246281	0.280454	0.285288	0.264887	0.264947	0.272168	0.274214	0.245367	0.243353	0.24742	0.245367	0.245366	0.240657	0.25567	0.234174	0.24431	0.244337	0.248343	0.240201	0.346125	0.361405	0.366231	0.368228	0.363398	0.374452	0.37617	0.399037	0.3787	0.312276	0.322725	0.414182	0.46919	0.353514	0.292244	0.298654	0.316336	0.342356	0.312701	0.285169	0.321438	0.240321	0.240924	0.239869	0.290206	0.28819	0.292216	0.316603	0.303317	0.305145	0.226404	0.192283	0.198904	0.21254	0.199592	0.194162	0.190194	0.164296	0.211831	0.198964	0.191576	0.222508	0.207096	0.225934	0.19172	0.185027	0.202495	0.147591	0.155723	0.191449	0.161875	0.172395	0.209524	0.170198	0.169843	0.182735	0.178355	0.171857	0.17291	0.204908	0.181565	0.176316	0.161501	0.180178	0.178757	0.180667	0.13283	0.0992556	0.0920957	0.112956	0.0984396	0.102387	0.109015	0.108485	0.119971	0.100018	0.099894	0.0958979	0.0958979	0.117165	0.0879315	0.0934056	0	0.0712323	0.093354	0.09542	0.0951673	0.116359	0.108887	0.123889	0.10489	0.12572	0.126046	0.10156	0.0982447	0.116158	0.12408	0.109337	0.122025	0.143714	0.140525	0.146872	0.127459	0.151187	0.138839	0.160126	0.136054	0.146205	0.137893	0.14814	0.160923	0.141508	0.147614	0.160499	0.157928	0.16166	0.142948	0.149103	0.160451	0.147045	0.136772	0.149302	0.153399	0.137021	0.147792	0.153521	0.158305	0.176816	0.165031	0.158515	0.162519	0.164447	0.137636	0.135009	0.169659	0.164625	0.153644	0.153644	0.189006	0.186113	0.137666	0.153109	0.141693	0.165329	0.160779	0.169392	0.14563	0.153705	0.15022	0.155289	0.157893	0.159538	0.170298	0.157486	0.153115	0.161897	0.148881	0.189753	0.180853	0.175216	0.176394	0.176223	0.178551	0.16755	0.153239	0.155331	0.161808	0.169698	0.168198	0.174604	0.153017	0.152762	0.156827	0.160874	0.161382	0.163355	0.163193	0.161149	0.163185	0.133344	0.150619	0.131531	0.159999	0.17059	0.178699	0.17032	0.162115	0.171417	0.168008	0.152337	0.185598	0.166722	0.178878	0.181307	0.17625	0.1532	0.155343	0.154025	0.152704	0.13978	0.13398	0.1381	0.179953	0.297148	0.299473	0.276994	0.341903	0.357005	0.311491	0.347602	0.355955	0.321452	0.259456	0.263216	0.298923	0.320536	0.309966	0.305504	0.363134	0.360251	0.333699	0.366794	0.355046	0.298557	0.273879	0.260988	0.265859	0.290223	0.27698	0.285332	0.262132	0.261163	0.253678	0.264422	0.297637	0.291283	0.293101	0.3275	0.303873	0.323163	0.318603	0.321118	0.417238	0.27401	0.299247	0.308277	0.280229	0.293017	0.27176	0.269748	0.269752	0.29601	0.308505	0.284566	0.290697	0.276469	0.298622	0.288993	0.294092	0.348277	0.354057	0.344753	0.353822	0.318318	0.324483	0.351549	0.31505	0.301161	0.313783	0.308961	0.317497	0.27979	0.275948	0.263582	0.276764	0.276815	0.34564	0.338379	0.34035	0.332713	0.330268
Falcunculus_frontatus	0.237593	0.243708	0.249456	0.279599	0.285066	0.26771	0.269359	0.312669	0.283517	0.363387	0.348384	0.25323	0.222609	0.237073	0.23042	0.226373	0.22839	0.230497	0.251077	0.245909	0.23769	0.248345	0.240088	0.271896	0.243667	0.248137	0.23335	0.267522	0.272356	0.251956	0.252015	0.259237	0.261282	0.232436	0.230422	0.234488	0.232435	0.232434	0.227725	0.242738	0.221242	0.231378	0.231406	0.235412	0.227269	0.333193	0.348474	0.3533	0.355297	0.350467	0.36152	0.363239	0.386105	0.365768	0.299344	0.309793	0.40125	0.456259	0.340582	0.279312	0.285723	0.303404	0.329424	0.29977	0.272238	0.308507	0.227389	0.227992	0.226938	0.277275	0.275258	0.279285	0.303671	0.290386	0.292213	0.213473	0.179352	0.185973	0.199608	0.186661	0.18123	0.177262	0.151365	0.198899	0.186033	0.178645	0.209577	0.194165	0.213002	0.178789	0.172096	0.189564	0.13466	0.142792	0.178517	0.148944	0.159463	0.196592	0.157267	0.156911	0.169803	0.165423	0.158925	0.159979	0.191977	0.168634	0.163384	0.14857	0.167247	0.165826	0.167735	0.119899	0.0863243	0.0791643	0.100025	0.0855083	0.0894557	0.0960834	0.0955532	0.10704	0.0870865	0.0869626	0.0829666	0.0829666	0.104233	0.0750002	0.0804742	0.0712323	0	0.0804226	0.0824886	0.0822359	0.103428	0.0959558	0.110958	0.0919591	0.112789	0.113114	0.0886291	0.0853133	0.103227	0.111149	0.0964058	0.109094	0.130782	0.127593	0.133941	0.114528	0.138256	0.125907	0.147195	0.123123	0.133274	0.124962	0.135209	0.147991	0.128577	0.134682	0.147568	0.144997	0.148729	0.130017	0.136172	0.14752	0.134114	0.123841	0.13637	0.140467	0.124089	0.134861	0.14059	0.145373	0.163884	0.1521	0.145583	0.149588	0.151516	0.124704	0.122078	0.156728	0.151693	0.140712	0.140712	0.176075	0.173181	0.124734	0.140177	0.128762	0.152397	0.147848	0.156461	0.132699	0.140773	0.137289	0.142358	0.144961	0.146607	0.157367	0.144555	0.140183	0.148966	0.13595	0.176822	0.167922	0.162284	0.163463	0.163292	0.16562	0.154619	0.140307	0.142399	0.148877	0.156767	0.155267	0.161673	0.140086	0.139831	0.143895	0.147942	0.148451	0.150424	0.150262	0.148218	0.150254	0.120413	0.137688	0.1186	0.147068	0.157659	0.165767	0.157389	0.149184	0.158486	0.155077	0.139406	0.172667	0.153791	0.165946	0.168376	0.163319	0.140268	0.142412	0.141093	0.139772	0.126849	0.121048	0.125169	0.167022	0.284217	0.286542	0.264063	0.328972	0.344073	0.298559	0.33467	0.343023	0.308521	0.246525	0.250284	0.285992	0.307605	0.297035	0.292573	0.350202	0.34732	0.320768	0.353862	0.342115	0.285626	0.260947	0.248057	0.252928	0.277292	0.264049	0.272401	0.2492	0.248232	0.240746	0.25149	0.284706	0.278352	0.28017	0.314568	0.290942	0.310232	0.305671	0.308186	0.404307	0.261079	0.286316	0.295345	0.267298	0.280086	0.258829	0.256817	0.25682	0.283078	0.295573	0.271635	0.277766	0.263538	0.28569	0.276061	0.281161	0.335345	0.341126	0.331822	0.340891	0.305387	0.311552	0.338618	0.302118	0.28823	0.300852	0.29603	0.304565	0.266858	0.263016	0.25065	0.263833	0.263884	0.332708	0.325447	0.327419	0.319781	0.317336
Oreocharis_arfaki	0.248009	0.254123	0.259872	0.290014	0.295481	0.278125	0.279775	0.323085	0.293933	0.373802	0.358799	0.263646	0.233025	0.247488	0.240836	0.236788	0.238806	0.240912	0.261492	0.256324	0.248105	0.25876	0.250504	0.282311	0.254083	0.258553	0.243766	0.277938	0.282772	0.262371	0.262431	0.269652	0.271698	0.242851	0.240837	0.244904	0.242851	0.24285	0.238141	0.253154	0.231658	0.241794	0.241821	0.245827	0.237685	0.343609	0.358889	0.363715	0.365712	0.360883	0.371936	0.373654	0.396521	0.376184	0.30976	0.320209	0.411666	0.466674	0.350998	0.289728	0.296139	0.31382	0.33984	0.310185	0.282654	0.318922	0.237805	0.238408	0.237353	0.28769	0.285674	0.2897	0.314087	0.300801	0.302629	0.223888	0.189767	0.196388	0.210024	0.197076	0.191646	0.187678	0.16178	0.209315	0.196448	0.18906	0.219992	0.20458	0.223418	0.189204	0.182511	0.199979	0.145075	0.153207	0.188933	0.159359	0.169879	0.207008	0.167683	0.167327	0.180219	0.175839	0.169341	0.170394	0.202392	0.179049	0.1738	0.158985	0.177662	0.176241	0.178151	0.130314	0.0967397	0.0895798	0.11044	0.0959237	0.0998712	0.106499	0.105969	0.117455	0.097502	0.097378	0.093382	0.093382	0.114649	0.0854156	0.0908896	0.093354	0.0804226	0	0.0929041	0.0926514	0.113843	0.106371	0.121373	0.102375	0.123204	0.12353	0.0990445	0.0957287	0.113642	0.121564	0.106821	0.119509	0.141198	0.138009	0.144356	0.124943	0.148671	0.136323	0.15761	0.133538	0.143689	0.135377	0.145624	0.158407	0.138993	0.145098	0.157983	0.155412	0.159144	0.140432	0.146587	0.157935	0.144529	0.134256	0.146786	0.150883	0.134505	0.145276	0.151005	0.155789	0.1743	0.162515	0.155999	0.160003	0.161931	0.13512	0.132493	0.167144	0.162109	0.151128	0.151128	0.18649	0.183597	0.13515	0.150593	0.139177	0.162813	0.158263	0.166876	0.143114	0.151189	0.147704	0.152773	0.155377	0.157022	0.167783	0.15497	0.150599	0.159381	0.146365	0.187237	0.178337	0.1727	0.173878	0.173707	0.176035	0.165034	0.150723	0.152815	0.159292	0.167182	0.165682	0.172088	0.150502	0.150246	0.154311	0.158358	0.158866	0.16084	0.160677	0.158633	0.160669	0.130828	0.148103	0.129015	0.157483	0.168074	0.176183	0.167804	0.159599	0.168901	0.165492	0.149821	0.183082	0.164206	0.176362	0.178791	0.173734	0.150684	0.152827	0.151509	0.150188	0.137264	0.131464	0.135584	0.177437	0.294633	0.296957	0.274478	0.339387	0.354489	0.308975	0.345086	0.353439	0.318936	0.25694	0.2607	0.296407	0.31802	0.30745	0.302989	0.360618	0.357735	0.331183	0.364278	0.35253	0.296042	0.271363	0.258472	0.263343	0.287707	0.274464	0.282816	0.259616	0.258647	0.251162	0.261906	0.295121	0.288767	0.290585	0.324984	0.301358	0.320647	0.316087	0.318602	0.414722	0.271494	0.296731	0.305761	0.277713	0.290501	0.269245	0.267232	0.267236	0.293494	0.305989	0.28205	0.288181	0.273953	0.296106	0.286477	0.291576	0.345761	0.351541	0.342237	0.351306	0.315802	0.321967	0.349033	0.312534	0.298645	0.311267	0.306445	0.314981	0.277274	0.273432	0.261066	0.274248	0.274299	0.343124	0.335863	0.337834	0.330197	0.327752
Oriolus_oriolus	0.24913	0.255245	0.260993	0.291136	0.296603	0.279247	0.280896	0.324206	0.295054	0.374924	0.359921	0.264767	0.234146	0.248609	0.241957	0.237909	0.239927	0.242034	0.262614	0.257446	0.249226	0.259881	0.251625	0.283433	0.255204	0.259674	0.244887	0.279059	0.283893	0.263492	0.263552	0.270774	0.272819	0.243972	0.241959	0.246025	0.243972	0.243971	0.239262	0.254275	0.232779	0.242915	0.242942	0.246948	0.238806	0.34473	0.36001	0.364837	0.366833	0.362004	0.373057	0.374776	0.397642	0.377305	0.310881	0.32133	0.412787	0.467796	0.352119	0.290849	0.29726	0.314941	0.340961	0.311306	0.283775	0.320044	0.238926	0.239529	0.238475	0.288812	0.286795	0.290822	0.315208	0.301922	0.30375	0.225009	0.190888	0.19751	0.211145	0.198197	0.192767	0.188799	0.162902	0.210436	0.19757	0.190182	0.221114	0.205701	0.224539	0.190325	0.183633	0.201101	0.146196	0.154328	0.190054	0.160481	0.171	0.208129	0.168804	0.168448	0.18134	0.17696	0.170462	0.171516	0.203513	0.180171	0.174921	0.160107	0.178784	0.177362	0.179272	0.131436	0.0978611	0.0907011	0.111562	0.0970451	0.100993	0.10762	0.10709	0.118576	0.0986233	0.0984994	0.0945034	0.0945034	0.11577	0.086537	0.0929498	0.09542	0.0824886	0.0929041	0	0.0937727	0.114965	0.107493	0.122494	0.103496	0.124326	0.124651	0.100166	0.0968501	0.114764	0.122686	0.107943	0.120631	0.142319	0.13913	0.145478	0.126064	0.149793	0.137444	0.158731	0.13466	0.14481	0.136499	0.146746	0.159528	0.140114	0.146219	0.159105	0.156533	0.160266	0.141553	0.147709	0.159057	0.14565	0.135378	0.147907	0.152004	0.135626	0.146398	0.152127	0.15691	0.175421	0.163637	0.15712	0.161125	0.163053	0.136241	0.133615	0.168265	0.16323	0.152249	0.152249	0.187612	0.184718	0.136271	0.151714	0.140299	0.163934	0.159384	0.167997	0.144235	0.15231	0.148826	0.153895	0.156498	0.158143	0.168904	0.156092	0.15172	0.160503	0.147487	0.188359	0.179458	0.173821	0.175	0.174828	0.177157	0.166155	0.151844	0.153936	0.160414	0.168304	0.166803	0.17321	0.151623	0.151368	0.155432	0.159479	0.159988	0.161961	0.161799	0.159755	0.161791	0.131949	0.149225	0.130137	0.158605	0.169196	0.177304	0.168925	0.160721	0.170023	0.166614	0.150942	0.184203	0.165327	0.177483	0.179913	0.174856	0.151805	0.153949	0.15263	0.151309	0.138386	0.132585	0.136706	0.178558	0.295754	0.298079	0.275599	0.340508	0.35561	0.310096	0.346207	0.35456	0.320058	0.258062	0.261821	0.297529	0.319141	0.308571	0.30411	0.361739	0.358857	0.332304	0.365399	0.353651	0.297163	0.272484	0.259593	0.264464	0.288828	0.275586	0.283938	0.260737	0.259769	0.252283	0.263027	0.296242	0.289888	0.291706	0.326105	0.302479	0.321768	0.317208	0.319723	0.415844	0.272615	0.297853	0.306882	0.278835	0.291623	0.270366	0.268354	0.268357	0.294615	0.30711	0.283172	0.289303	0.275075	0.297227	0.287598	0.292697	0.346882	0.352662	0.343359	0.352428	0.316923	0.323089	0.350154	0.313655	0.299767	0.312388	0.307567	0.316102	0.278395	0.274553	0.262187	0.27537	0.27542	0.344245	0.336984	0.338955	0.331318	0.328873
Edolisoma_coerulescens	0.225607	0.231721	0.23747	0.267612	0.273079	0.255723	0.257373	0.300683	0.27153	0.3514	0.336397	0.241244	0.210622	0.225086	0.218434	0.214386	0.216403	0.21851	0.23909	0.233922	0.225703	0.236358	0.228102	0.259909	0.23168	0.236151	0.221363	0.255536	0.260369	0.239969	0.240029	0.24725	0.249295	0.220449	0.218435	0.222502	0.220449	0.220448	0.215739	0.230752	0.209255	0.219392	0.219419	0.223425	0.215283	0.321207	0.336487	0.341313	0.34331	0.33848	0.349534	0.351252	0.374119	0.353782	0.287357	0.297807	0.389264	0.444272	0.328596	0.267325	0.273736	0.291418	0.317438	0.287783	0.260251	0.29652	0.215403	0.216005	0.214951	0.265288	0.263272	0.267298	0.291685	0.278399	0.280227	0.201486	0.167365	0.173986	0.187622	0.174674	0.169244	0.165276	0.139378	0.186913	0.174046	0.166658	0.19759	0.182178	0.201016	0.166802	0.160109	0.177577	0.122673	0.130805	0.16653	0.136957	0.147476	0.184606	0.14528	0.144925	0.157817	0.153437	0.146938	0.147992	0.17999	0.156647	0.151398	0.136583	0.15526	0.153839	0.155749	0.107912	0.0743433	0.0788451	0.0997057	0.085189	0.0891365	0.0957642	0.0952339	0.10672	0.0867672	0.0866433	0.0826473	0.0826473	0.103914	0.0746809	0.092697	0.0951673	0.0822359	0.0926514	0.0937727	0	0.0874584	0.0799863	0.0949881	0.0759896	0.0968195	0.0971448	0.0726596	0.0693438	0.0872573	0.0951794	0.0804363	0.0971071	0.118796	0.115607	0.121954	0.102541	0.126269	0.113921	0.135208	0.111136	0.121287	0.112975	0.123222	0.136005	0.11659	0.122696	0.135581	0.13301	0.136742	0.11803	0.124185	0.135533	0.122127	0.111854	0.124384	0.128481	0.112103	0.122874	0.128603	0.133387	0.151898	0.140113	0.133597	0.137601	0.139529	0.112718	0.110091	0.144741	0.139706	0.128726	0.128726	0.164088	0.161195	0.112748	0.12819	0.116775	0.140411	0.135861	0.144474	0.120712	0.128786	0.125302	0.130371	0.132975	0.13462	0.14538	0.132568	0.128197	0.136979	0.123963	0.164835	0.155935	0.150298	0.151476	0.151305	0.153633	0.142632	0.128321	0.130413	0.13689	0.14478	0.14328	0.149686	0.128099	0.127844	0.131909	0.135956	0.136464	0.138437	0.138275	0.136231	0.138267	0.108426	0.125701	0.106613	0.135081	0.145672	0.153781	0.145402	0.137197	0.146499	0.14309	0.127419	0.16068	0.141804	0.15396	0.156389	0.151332	0.128282	0.130425	0.129107	0.127786	0.114862	0.109061	0.113182	0.155035	0.27223	0.274555	0.252076	0.316985	0.332087	0.286573	0.322683	0.331037	0.296534	0.234538	0.238297	0.274005	0.295618	0.285048	0.280586	0.338216	0.335333	0.308781	0.341876	0.330128	0.273639	0.248961	0.23607	0.240941	0.265305	0.252062	0.260414	0.237214	0.236245	0.22876	0.239503	0.272719	0.266365	0.268183	0.302582	0.278955	0.298245	0.293685	0.2962	0.39232	0.249092	0.274329	0.283359	0.255311	0.268099	0.246842	0.24483	0.244834	0.271092	0.283587	0.259648	0.265779	0.251551	0.273704	0.264075	0.269174	0.323359	0.329139	0.319835	0.328904	0.2934	0.299565	0.326631	0.290132	0.276243	0.288865	0.284043	0.292578	0.254871	0.25103	0.238663	0.251846	0.251897	0.320722	0.313461	0.315432	0.307794	0.30535
Machaerirhynchus_nigripectus	0.246798	0.252913	0.258662	0.288804	0.294271	0.276915	0.278565	0.321875	0.292722	0.372592	0.357589	0.262436	0.231814	0.246278	0.239626	0.235578	0.237595	0.239702	0.260282	0.255114	0.246895	0.25755	0.249294	0.281101	0.252872	0.257343	0.242555	0.276728	0.281561	0.261161	0.261221	0.268442	0.270487	0.241641	0.239627	0.243694	0.241641	0.24164	0.236931	0.251944	0.230447	0.240584	0.240611	0.244617	0.236475	0.342399	0.357679	0.362505	0.364502	0.359672	0.370725	0.372444	0.395311	0.374974	0.308549	0.318999	0.410456	0.465464	0.349788	0.288517	0.294928	0.31261	0.33863	0.308975	0.281443	0.317712	0.236595	0.237197	0.236143	0.28648	0.284464	0.28849	0.312877	0.299591	0.301419	0.222678	0.188557	0.195178	0.208814	0.195866	0.190436	0.186468	0.16057	0.208105	0.195238	0.18785	0.218782	0.20337	0.222208	0.187994	0.181301	0.198769	0.143865	0.151997	0.187722	0.158149	0.168668	0.205798	0.166472	0.166117	0.179009	0.174629	0.16813	0.169184	0.201182	0.177839	0.17259	0.157775	0.176452	0.175031	0.176941	0.129104	0.0955353	0.100037	0.120898	0.106381	0.110328	0.116956	0.116426	0.127912	0.107959	0.107835	0.103839	0.103839	0.125106	0.0958729	0.113889	0.116359	0.103428	0.113843	0.114965	0.0874584	0	0.0719566	0.0869584	0.0679599	0.0887897	0.0891151	0.089798	0.0864822	0.104396	0.112318	0.0975747	0.118299	0.139988	0.136799	0.143146	0.123733	0.147461	0.135113	0.1564	0.132328	0.142479	0.134167	0.144414	0.157197	0.137782	0.143888	0.156773	0.154202	0.157934	0.139222	0.145377	0.156725	0.143319	0.133046	0.145576	0.149673	0.133295	0.144066	0.149795	0.154579	0.17309	0.161305	0.154789	0.158793	0.160721	0.13391	0.131283	0.165933	0.160898	0.149918	0.149918	0.18528	0.182387	0.13394	0.149382	0.137967	0.161603	0.157053	0.165666	0.141904	0.149978	0.146494	0.151563	0.154167	0.155812	0.166572	0.15376	0.149389	0.158171	0.145155	0.186027	0.177127	0.17149	0.172668	0.172497	0.174825	0.163824	0.149513	0.151605	0.158082	0.165972	0.164472	0.170878	0.149291	0.149036	0.153101	0.157148	0.157656	0.159629	0.159467	0.157423	0.159459	0.129618	0.146893	0.127805	0.156273	0.166864	0.174973	0.166594	0.158389	0.167691	0.164282	0.148611	0.181872	0.162996	0.175152	0.177581	0.172524	0.149474	0.151617	0.150299	0.148978	0.136054	0.130253	0.134374	0.176227	0.293422	0.295747	0.273268	0.338177	0.353279	0.307765	0.343875	0.352229	0.317726	0.25573	0.259489	0.295197	0.31681	0.30624	0.301778	0.359408	0.356525	0.329973	0.363068	0.35132	0.294831	0.270153	0.257262	0.262133	0.286497	0.273254	0.281606	0.258406	0.257437	0.249952	0.260695	0.293911	0.287557	0.289375	0.323774	0.300147	0.319437	0.314877	0.317392	0.413512	0.270284	0.295521	0.304551	0.276503	0.289291	0.268034	0.266022	0.266026	0.292284	0.304779	0.28084	0.286971	0.272743	0.294896	0.285267	0.290366	0.344551	0.350331	0.341027	0.350096	0.314592	0.320757	0.347823	0.311324	0.297435	0.310057	0.305235	0.31377	0.276063	0.272222	0.259855	0.273038	0.273089	0.341913	0.334653	0.336624	0.328986	0.326542
Gymnorhina_tibicen	0.239326	0.245441	0.25119	0.281332	0.286799	0.269443	0.271093	0.314403	0.28525	0.36512	0.350117	0.254964	0.224342	0.238806	0.232154	0.228106	0.230123	0.23223	0.25281	0.247642	0.239423	0.250078	0.241821	0.273629	0.2454	0.249871	0.235083	0.269255	0.274089	0.253689	0.253748	0.26097	0.263015	0.234169	0.232155	0.236221	0.234169	0.234168	0.229459	0.244472	0.222975	0.233112	0.233139	0.237145	0.229003	0.334926	0.350207	0.355033	0.35703	0.3522	0.363253	0.364972	0.387839	0.367501	0.301077	0.311527	0.402984	0.457992	0.342315	0.281045	0.287456	0.305138	0.331157	0.301503	0.273971	0.31024	0.229123	0.229725	0.228671	0.279008	0.276991	0.281018	0.305405	0.292119	0.293947	0.215206	0.181085	0.187706	0.201342	0.188394	0.182963	0.178996	0.153098	0.200633	0.187766	0.180378	0.21131	0.195898	0.214736	0.180522	0.173829	0.191297	0.136393	0.144525	0.18025	0.150677	0.161196	0.198326	0.159	0.158644	0.171536	0.167157	0.160658	0.161712	0.19371	0.170367	0.165117	0.150303	0.16898	0.167559	0.169469	0.121632	0.0880632	0.0925649	0.113426	0.0989089	0.102856	0.109484	0.108954	0.12044	0.100487	0.100363	0.0963672	0.0963672	0.117634	0.0884008	0.106417	0.108887	0.0959558	0.106371	0.107493	0.0799863	0.0719566	0	0.0731106	0.0571714	0.0780012	0.0783266	0.0823259	0.0790101	0.0969236	0.104846	0.0901026	0.110827	0.132516	0.129327	0.135674	0.116261	0.139989	0.127641	0.148928	0.124856	0.135007	0.126695	0.136942	0.149725	0.13031	0.136415	0.149301	0.14673	0.150462	0.13175	0.137905	0.149253	0.135847	0.125574	0.138103	0.142201	0.125823	0.136594	0.142323	0.147107	0.165618	0.153833	0.147317	0.151321	0.153249	0.126438	0.123811	0.158461	0.153426	0.142446	0.142446	0.177808	0.174915	0.126467	0.14191	0.130495	0.15413	0.149581	0.158194	0.134432	0.142506	0.139022	0.144091	0.146694	0.14834	0.1591	0.146288	0.141917	0.150699	0.137683	0.178555	0.169655	0.164018	0.165196	0.165025	0.167353	0.156352	0.142041	0.144133	0.15061	0.1585	0.157	0.163406	0.141819	0.141564	0.145628	0.149675	0.150184	0.152157	0.151995	0.149951	0.151987	0.122146	0.139421	0.120333	0.148801	0.159392	0.167501	0.159122	0.150917	0.160219	0.15681	0.141139	0.1744	0.155524	0.16768	0.170109	0.165052	0.142002	0.144145	0.142827	0.141505	0.128582	0.122781	0.126902	0.168755	0.28595	0.288275	0.265796	0.330705	0.345806	0.300293	0.336403	0.344757	0.310254	0.248258	0.252017	0.287725	0.309338	0.298768	0.294306	0.351936	0.349053	0.322501	0.355595	0.343848	0.287359	0.26268	0.24979	0.254661	0.279025	0.265782	0.274134	0.250934	0.249965	0.242479	0.253223	0.286439	0.280085	0.281903	0.316302	0.292675	0.311965	0.307405	0.309919	0.40604	0.262812	0.288049	0.297079	0.269031	0.281819	0.260562	0.25855	0.258553	0.284812	0.297307	0.273368	0.279499	0.265271	0.287423	0.277794	0.282894	0.337079	0.342859	0.333555	0.342624	0.30712	0.313285	0.340351	0.303852	0.289963	0.302585	0.297763	0.306298	0.268591	0.26475	0.252383	0.265566	0.265617	0.334441	0.32718	0.329152	0.321514	0.31907
Dryoscopus_gambensis	0.254328	0.260443	0.266192	0.296334	0.301801	0.284445	0.286094	0.329404	0.300252	0.380122	0.365119	0.269965	0.239344	0.253808	0.247156	0.243108	0.245125	0.247232	0.267812	0.262644	0.254425	0.26508	0.256823	0.288631	0.260402	0.264872	0.250085	0.284257	0.289091	0.268691	0.26875	0.275972	0.278017	0.249171	0.247157	0.251223	0.24917	0.249169	0.24446	0.259474	0.237977	0.248113	0.248141	0.252147	0.244004	0.349928	0.365209	0.370035	0.372032	0.367202	0.378255	0.379974	0.40284	0.382503	0.316079	0.326528	0.417985	0.472994	0.357317	0.296047	0.302458	0.32014	0.346159	0.316505	0.288973	0.325242	0.244125	0.244727	0.243673	0.29401	0.291993	0.29602	0.320406	0.307121	0.308948	0.230208	0.196087	0.202708	0.216344	0.203396	0.197965	0.193997	0.1681	0.215634	0.202768	0.19538	0.226312	0.2109	0.229737	0.195524	0.188831	0.206299	0.151395	0.159527	0.195252	0.165679	0.176198	0.213327	0.174002	0.173646	0.186538	0.182159	0.17566	0.176714	0.208712	0.185369	0.180119	0.165305	0.183982	0.182561	0.18447	0.136634	0.103065	0.107567	0.128427	0.113911	0.117858	0.124486	0.123956	0.135442	0.115489	0.115365	0.111369	0.111369	0.132636	0.103403	0.121419	0.123889	0.110958	0.121373	0.122494	0.0949881	0.0869584	0.0731106	0	0.0721732	0.093003	0.0933284	0.0973277	0.0940119	0.111925	0.119848	0.105104	0.125829	0.147517	0.144328	0.150676	0.131263	0.154991	0.142642	0.16393	0.139858	0.150009	0.141697	0.151944	0.164726	0.145312	0.151417	0.164303	0.161732	0.165464	0.146752	0.152907	0.164255	0.150849	0.140576	0.153105	0.157203	0.140825	0.151596	0.157325	0.162109	0.180619	0.168835	0.162318	0.166323	0.168251	0.141439	0.138813	0.173463	0.168428	0.157448	0.157447	0.19281	0.189916	0.141469	0.156912	0.145497	0.169132	0.164583	0.173196	0.149434	0.157508	0.154024	0.159093	0.161696	0.163342	0.174102	0.16129	0.156918	0.165701	0.152685	0.193557	0.184657	0.179019	0.180198	0.180027	0.182355	0.171354	0.157043	0.159135	0.165612	0.173502	0.172002	0.178408	0.156821	0.156566	0.16063	0.164677	0.165186	0.167159	0.166997	0.164953	0.166989	0.137148	0.154423	0.135335	0.163803	0.174394	0.182502	0.174124	0.165919	0.175221	0.171812	0.156141	0.189402	0.170526	0.182681	0.185111	0.180054	0.157003	0.159147	0.157828	0.156507	0.143584	0.137783	0.141904	0.183757	0.300952	0.303277	0.280798	0.345707	0.360808	0.315294	0.351405	0.359759	0.325256	0.26326	0.267019	0.302727	0.32434	0.31377	0.309308	0.366938	0.364055	0.337503	0.370597	0.35885	0.302361	0.277682	0.264792	0.269663	0.294027	0.280784	0.289136	0.265935	0.264967	0.257481	0.268225	0.301441	0.295087	0.296905	0.331304	0.307677	0.326967	0.322406	0.324921	0.421042	0.277814	0.303051	0.31208	0.284033	0.296821	0.275564	0.273552	0.273555	0.299813	0.312309	0.28837	0.294501	0.280273	0.302425	0.292796	0.297896	0.352081	0.357861	0.348557	0.357626	0.322122	0.328287	0.355353	0.318853	0.304965	0.317587	0.312765	0.3213	0.283593	0.279752	0.267385	0.280568	0.280619	0.349443	0.342182	0.344154	0.336516	0.334071
Rhagologus_leucostigma	0.23533	0.241444	0.247193	0.277335	0.282802	0.265446	0.267096	0.310406	0.281254	0.361123	0.34612	0.250967	0.220346	0.234809	0.228157	0.224109	0.226127	0.228233	0.248813	0.243645	0.235426	0.246081	0.237825	0.269632	0.241404	0.245874	0.231087	0.265259	0.270093	0.249692	0.249752	0.256974	0.259019	0.230172	0.228158	0.232225	0.230172	0.230171	0.225462	0.240475	0.218979	0.229115	0.229142	0.233148	0.225006	0.33093	0.34621	0.351036	0.353033	0.348204	0.359257	0.360975	0.383842	0.363505	0.297081	0.30753	0.398987	0.453995	0.338319	0.277049	0.28346	0.301141	0.327161	0.297506	0.269975	0.306243	0.225126	0.225729	0.224674	0.275011	0.272995	0.277021	0.301408	0.288122	0.28995	0.211209	0.177088	0.183709	0.197345	0.184397	0.178967	0.174999	0.149101	0.196636	0.183769	0.176382	0.207313	0.191901	0.210739	0.176525	0.169832	0.1873	0.132396	0.140528	0.176254	0.14668	0.1572	0.194329	0.155004	0.154648	0.16754	0.16316	0.156662	0.157715	0.189713	0.16637	0.161121	0.146306	0.164984	0.163562	0.165472	0.117636	0.0840665	0.0885683	0.109429	0.0949122	0.0988597	0.105487	0.104957	0.116444	0.0964904	0.0963665	0.0923705	0.0923705	0.113637	0.0844041	0.10242	0.10489	0.0919591	0.102375	0.103496	0.0759896	0.0679599	0.0571714	0.0721732	0	0.066961	0.0743244	0.0783292	0.0750134	0.0929269	0.100849	0.0861059	0.10683	0.128519	0.12533	0.131677	0.112264	0.135992	0.123644	0.144931	0.120859	0.13101	0.122698	0.132945	0.145728	0.126314	0.132419	0.145304	0.142733	0.146466	0.127753	0.133909	0.145256	0.13185	0.121577	0.134107	0.138204	0.121826	0.132597	0.138327	0.14311	0.161621	0.149836	0.14332	0.147325	0.149253	0.122441	0.119814	0.154465	0.14943	0.138449	0.138449	0.173811	0.170918	0.122471	0.137914	0.126498	0.150134	0.145584	0.154197	0.130435	0.13851	0.135025	0.140094	0.142698	0.144343	0.155104	0.142291	0.13792	0.146702	0.133686	0.174558	0.165658	0.160021	0.1612	0.161028	0.163356	0.152355	0.138044	0.140136	0.146614	0.154504	0.153003	0.159409	0.137823	0.137568	0.141632	0.145679	0.146188	0.148161	0.147998	0.145954	0.147991	0.118149	0.135424	0.116336	0.144804	0.155395	0.163504	0.155125	0.14692	0.156222	0.152813	0.137142	0.170403	0.151527	0.163683	0.166113	0.161055	0.138005	0.140149	0.13883	0.137509	0.124586	0.118785	0.122906	0.164758	0.281954	0.284279	0.261799	0.326708	0.34181	0.296296	0.332407	0.34076	0.306257	0.244261	0.248021	0.283728	0.305341	0.294771	0.29031	0.347939	0.345056	0.318504	0.351599	0.339851	0.283363	0.258684	0.245793	0.250664	0.275028	0.261785	0.270137	0.246937	0.245968	0.238483	0.249227	0.282442	0.276088	0.277906	0.312305	0.288679	0.307968	0.303408	0.305923	0.402043	0.258815	0.284052	0.293082	0.265034	0.277822	0.256566	0.254553	0.254557	0.280815	0.29331	0.269371	0.275502	0.261274	0.283427	0.273798	0.278897	0.333082	0.338862	0.329559	0.338627	0.303123	0.309288	0.336354	0.299855	0.285966	0.298588	0.293767	0.302302	0.264595	0.260753	0.248387	0.261569	0.26162	0.330445	0.323184	0.325155	0.317518	0.315073
Dyaphorophyia_castanea	0.25616	0.262274	0.268023	0.298165	0.303632	0.286276	0.287926	0.331236	0.302084	0.381953	0.36695	0.271797	0.241175	0.255639	0.248987	0.244939	0.246956	0.249063	0.269643	0.264475	0.256256	0.266911	0.258655	0.290462	0.262233	0.266704	0.251916	0.286089	0.290923	0.270522	0.270582	0.277803	0.279849	0.251002	0.248988	0.253055	0.251002	0.251001	0.246292	0.261305	0.239809	0.249945	0.249972	0.253978	0.245836	0.35176	0.36704	0.371866	0.373863	0.369033	0.380087	0.381805	0.404672	0.384335	0.317911	0.32836	0.419817	0.474825	0.359149	0.297879	0.304289	0.321971	0.347991	0.318336	0.290804	0.327073	0.245956	0.246559	0.245504	0.295841	0.293825	0.297851	0.322238	0.308952	0.31078	0.232039	0.197918	0.204539	0.218175	0.205227	0.199797	0.195829	0.169931	0.217466	0.204599	0.197211	0.228143	0.212731	0.231569	0.197355	0.190662	0.20813	0.153226	0.161358	0.197084	0.16751	0.17803	0.215159	0.175833	0.175478	0.18837	0.18399	0.177492	0.178545	0.210543	0.1872	0.181951	0.167136	0.185813	0.184392	0.186302	0.138465	0.104896	0.109398	0.130259	0.115742	0.11969	0.126317	0.125787	0.137273	0.11732	0.117196	0.1132	0.1132	0.134467	0.105234	0.12325	0.12572	0.112789	0.123204	0.124326	0.0968195	0.0887897	0.0780012	0.093003	0.066961	0	0.0951543	0.099159	0.0958432	0.113757	0.121679	0.106936	0.12766	0.149349	0.14616	0.152507	0.133094	0.156822	0.144474	0.165761	0.141689	0.15184	0.143528	0.153775	0.166558	0.147143	0.153249	0.166134	0.163563	0.167295	0.148583	0.154738	0.166086	0.15268	0.142407	0.154937	0.159034	0.142656	0.153427	0.159156	0.16394	0.182451	0.170666	0.16415	0.168154	0.170082	0.143271	0.140644	0.175294	0.17026	0.159279	0.159279	0.194641	0.191748	0.143301	0.158744	0.147328	0.170964	0.166414	0.175027	0.151265	0.15934	0.155855	0.160924	0.163528	0.165173	0.175934	0.163121	0.15875	0.167532	0.154516	0.195388	0.186488	0.180851	0.182029	0.181858	0.184186	0.173185	0.158874	0.160966	0.167443	0.175333	0.173833	0.180239	0.158652	0.158397	0.162462	0.166509	0.167017	0.16899	0.168828	0.166784	0.16882	0.138979	0.156254	0.137166	0.165634	0.176225	0.184334	0.175955	0.16775	0.177052	0.173643	0.157972	0.191233	0.172357	0.184513	0.186942	0.181885	0.158835	0.160978	0.15966	0.158339	0.145415	0.139615	0.143735	0.185588	0.302783	0.305108	0.282629	0.347538	0.36264	0.317126	0.353237	0.36159	0.327087	0.265091	0.268851	0.304558	0.326171	0.315601	0.311139	0.368769	0.365886	0.339334	0.372429	0.360681	0.304192	0.279514	0.266623	0.271494	0.295858	0.282615	0.290967	0.267767	0.266798	0.259313	0.270057	0.303272	0.296918	0.298736	0.333135	0.309508	0.328798	0.324238	0.326753	0.422873	0.279645	0.304882	0.313912	0.285864	0.298652	0.277395	0.275383	0.275387	0.301645	0.31414	0.290201	0.296332	0.282104	0.304257	0.294628	0.299727	0.353912	0.359692	0.350388	0.359457	0.323953	0.330118	0.357184	0.320685	0.306796	0.319418	0.314596	0.323132	0.285425	0.281583	0.269217	0.282399	0.28245	0.351275	0.344014	0.345985	0.338348	0.335903
Mystacornis_crossleyi	0.256485	0.2626	0.268348	0.29849	0.303957	0.286602	0.288251	0.331561	0.302409	0.382279	0.367276	0.272122	0.241501	0.255964	0.249312	0.245264	0.247282	0.249389	0.269969	0.264801	0.256581	0.267236	0.25898	0.290787	0.262559	0.267029	0.252242	0.286414	0.291248	0.270847	0.270907	0.278129	0.280174	0.251327	0.249313	0.25338	0.251327	0.251326	0.246617	0.26163	0.240134	0.25027	0.250297	0.254303	0.246161	0.352085	0.367365	0.372191	0.374188	0.369359	0.380412	0.38213	0.404997	0.38466	0.318236	0.328685	0.420142	0.47515	0.359474	0.298204	0.304615	0.322296	0.348316	0.318661	0.29113	0.327399	0.246281	0.246884	0.24583	0.296167	0.29415	0.298177	0.322563	0.309277	0.311105	0.232364	0.198243	0.204865	0.2185	0.205552	0.200122	0.196154	0.170257	0.217791	0.204924	0.197537	0.228469	0.213056	0.231894	0.19768	0.190988	0.208456	0.153551	0.161683	0.197409	0.167836	0.178355	0.215484	0.176159	0.175803	0.188695	0.184315	0.177817	0.178871	0.210868	0.187526	0.182276	0.167462	0.186139	0.184717	0.186627	0.138791	0.105222	0.109723	0.130584	0.116067	0.120015	0.126643	0.126112	0.137599	0.117646	0.117522	0.113526	0.113526	0.134792	0.105559	0.123575	0.126046	0.113114	0.12353	0.124651	0.0971448	0.0891151	0.0783266	0.0933284	0.0743244	0.0951543	0	0.0994844	0.0961686	0.114082	0.122004	0.107261	0.127986	0.149674	0.146485	0.152833	0.133419	0.157148	0.144799	0.166086	0.142015	0.152165	0.143854	0.1541	0.166883	0.147469	0.153574	0.166459	0.163888	0.167621	0.148908	0.155064	0.166412	0.153005	0.142733	0.155262	0.159359	0.142981	0.153753	0.159482	0.164265	0.182776	0.170992	0.164475	0.16848	0.170408	0.143596	0.14097	0.17562	0.170585	0.159604	0.159604	0.194967	0.192073	0.143626	0.159069	0.147653	0.171289	0.166739	0.175352	0.15159	0.159665	0.156181	0.16125	0.163853	0.165498	0.176259	0.163446	0.159075	0.167857	0.154841	0.195713	0.186813	0.181176	0.182355	0.182183	0.184512	0.17351	0.159199	0.161291	0.167769	0.175659	0.174158	0.180565	0.158978	0.158723	0.162787	0.166834	0.167343	0.169316	0.169154	0.16711	0.169146	0.139304	0.15658	0.137492	0.16596	0.176551	0.184659	0.17628	0.168076	0.177378	0.173969	0.158297	0.191558	0.172682	0.184838	0.187268	0.182211	0.15916	0.161304	0.159985	0.158664	0.145741	0.13994	0.144061	0.185913	0.303109	0.305434	0.282954	0.347863	0.362965	0.317451	0.353562	0.361915	0.327413	0.265417	0.269176	0.304883	0.326496	0.315926	0.311465	0.369094	0.366212	0.339659	0.372754	0.361006	0.304518	0.279839	0.266948	0.271819	0.296183	0.282941	0.291293	0.268092	0.267124	0.259638	0.270382	0.303597	0.297243	0.299061	0.33346	0.309834	0.329123	0.324563	0.327078	0.423199	0.27997	0.305208	0.314237	0.28619	0.298978	0.277721	0.275708	0.275712	0.30197	0.314465	0.290527	0.296658	0.28243	0.304582	0.294953	0.300052	0.354237	0.360017	0.350714	0.359783	0.324278	0.330444	0.357509	0.32101	0.307122	0.319743	0.314922	0.323457	0.28575	0.281908	0.269542	0.282725	0.282775	0.3516	0.344339	0.34631	0.338673	0.336228
Eulacestoma_nigropectus	0.232	0.238114	0.243863	0.274005	0.279472	0.262116	0.263766	0.307076	0.277924	0.357793	0.34279	0.247637	0.217016	0.231479	0.224827	0.220779	0.222797	0.224903	0.245483	0.240315	0.232096	0.242751	0.234495	0.266302	0.238074	0.242544	0.227757	0.261929	0.266763	0.246362	0.246422	0.253644	0.255689	0.226842	0.224828	0.228895	0.226842	0.226841	0.222132	0.237145	0.215649	0.225785	0.225812	0.229818	0.221676	0.3276	0.34288	0.347706	0.349703	0.344874	0.355927	0.357645	0.380512	0.360175	0.293751	0.3042	0.395657	0.450665	0.334989	0.273719	0.28013	0.297811	0.323831	0.294176	0.266645	0.302913	0.221796	0.222399	0.221344	0.271681	0.269665	0.273691	0.298078	0.284792	0.28662	0.207879	0.173758	0.180379	0.194015	0.181067	0.175637	0.171669	0.145771	0.193306	0.180439	0.173052	0.203983	0.188571	0.207409	0.173195	0.166502	0.18397	0.129066	0.137198	0.172924	0.14335	0.15387	0.190999	0.151674	0.151318	0.16421	0.15983	0.153332	0.154385	0.186383	0.16304	0.157791	0.142976	0.161653	0.160232	0.162142	0.114305	0.0807365	0.0852382	0.106099	0.0915821	0.0955296	0.102157	0.101627	0.113113	0.0931604	0.0930365	0.0890404	0.0890404	0.110307	0.081074	0.0990902	0.10156	0.0886291	0.0990445	0.100166	0.0726596	0.089798	0.0823259	0.0973277	0.0783292	0.099159	0.0994844	0	0.0521762	0.0895911	0.0975132	0.0827701	0.1035	0.125189	0.122	0.128347	0.108934	0.132662	0.120314	0.141601	0.117529	0.12768	0.119368	0.129615	0.142398	0.122984	0.129089	0.141974	0.139403	0.143135	0.124423	0.130578	0.141926	0.12852	0.118247	0.130777	0.134874	0.118496	0.129267	0.134997	0.13978	0.158291	0.146506	0.13999	0.143994	0.145922	0.119111	0.116484	0.151135	0.1461	0.135119	0.135119	0.170481	0.167588	0.119141	0.134584	0.123168	0.146804	0.142254	0.150867	0.127105	0.13518	0.131695	0.136764	0.139368	0.141013	0.151774	0.138961	0.13459	0.143372	0.130356	0.171228	0.162328	0.156691	0.157869	0.157698	0.160026	0.149025	0.134714	0.136806	0.143283	0.151173	0.149673	0.156079	0.134493	0.134238	0.138302	0.142349	0.142858	0.144831	0.144668	0.142624	0.144661	0.114819	0.132094	0.113006	0.141474	0.152065	0.160174	0.151795	0.14359	0.152892	0.149483	0.133812	0.167073	0.148197	0.160353	0.162783	0.157725	0.134675	0.136818	0.1355	0.134179	0.121255	0.115455	0.119575	0.161428	0.278624	0.280948	0.258469	0.323378	0.33848	0.292966	0.329077	0.33743	0.302927	0.240931	0.244691	0.280398	0.302011	0.291441	0.28698	0.344609	0.341726	0.315174	0.348269	0.336521	0.280033	0.255354	0.242463	0.247334	0.271698	0.258455	0.266807	0.243607	0.242638	0.235153	0.245897	0.279112	0.272758	0.274576	0.308975	0.285349	0.304638	0.300078	0.302593	0.398713	0.255485	0.280722	0.289752	0.261704	0.274492	0.253236	0.251223	0.251227	0.277485	0.28998	0.266041	0.272172	0.257944	0.280097	0.270468	0.275567	0.329752	0.335532	0.326229	0.335297	0.299793	0.305958	0.333024	0.296525	0.282636	0.295258	0.290436	0.298972	0.261265	0.257423	0.245057	0.258239	0.25829	0.327115	0.319854	0.321825	0.314188	0.311743
Pachycephala_philippinensis	0.228684	0.234799	0.240547	0.270689	0.276156	0.258801	0.26045	0.30376	0.274608	0.354478	0.339474	0.244321	0.2137	0.228163	0.221511	0.217463	0.219481	0.221588	0.242168	0.237	0.22878	0.239435	0.231179	0.262986	0.234758	0.239228	0.224441	0.258613	0.263447	0.243046	0.243106	0.250328	0.252373	0.223526	0.221512	0.225579	0.223526	0.223525	0.218816	0.233829	0.212333	0.222469	0.222496	0.226502	0.21836	0.324284	0.339564	0.34439	0.346387	0.341558	0.352611	0.354329	0.377196	0.356859	0.290435	0.300884	0.392341	0.447349	0.331673	0.270403	0.276814	0.294495	0.320515	0.29086	0.263329	0.299597	0.21848	0.219083	0.218029	0.268365	0.266349	0.270376	0.294762	0.281476	0.283304	0.204563	0.170442	0.177063	0.190699	0.177751	0.172321	0.168353	0.142455	0.18999	0.177123	0.169736	0.200668	0.185255	0.204093	0.169879	0.163187	0.180655	0.12575	0.133882	0.169608	0.140034	0.150554	0.187683	0.148358	0.148002	0.160894	0.156514	0.150016	0.15107	0.183067	0.159725	0.154475	0.139661	0.158338	0.156916	0.158826	0.11099	0.0774207	0.0819224	0.102783	0.0882664	0.0922138	0.0988415	0.0983113	0.109798	0.0898446	0.0897207	0.0857247	0.0857247	0.106991	0.0777583	0.0957744	0.0982447	0.0853133	0.0957287	0.0968501	0.0693438	0.0864822	0.0790101	0.0940119	0.0750134	0.0958432	0.0961686	0.0521762	0	0.0862754	0.0941974	0.0794544	0.100185	0.121873	0.118684	0.125032	0.105618	0.129347	0.116998	0.138285	0.114214	0.124364	0.116052	0.126299	0.139082	0.119668	0.125773	0.138658	0.136087	0.13982	0.121107	0.127263	0.13861	0.125204	0.114932	0.127461	0.131558	0.11518	0.125951	0.131681	0.136464	0.154975	0.143191	0.136674	0.140679	0.142607	0.115795	0.113169	0.147819	0.142784	0.131803	0.131803	0.167166	0.164272	0.115825	0.131268	0.119852	0.143488	0.138938	0.147551	0.123789	0.131864	0.12838	0.133449	0.136052	0.137697	0.148458	0.135645	0.131274	0.140056	0.12704	0.167912	0.159012	0.153375	0.154554	0.154382	0.156711	0.145709	0.131398	0.13349	0.139968	0.147858	0.146357	0.152764	0.131177	0.130922	0.134986	0.139033	0.139542	0.141515	0.141352	0.139309	0.141345	0.111503	0.128779	0.10969	0.138159	0.14875	0.156858	0.148479	0.140275	0.149577	0.146167	0.130496	0.163757	0.144881	0.157037	0.159467	0.15441	0.131359	0.133503	0.132184	0.130863	0.11794	0.112139	0.11626	0.158112	0.275308	0.277633	0.255153	0.320062	0.335164	0.28965	0.325761	0.334114	0.299612	0.237616	0.241375	0.277082	0.298695	0.288125	0.283664	0.341293	0.338411	0.311858	0.344953	0.333205	0.276717	0.252038	0.239147	0.244018	0.268382	0.25514	0.263492	0.240291	0.239323	0.231837	0.242581	0.275796	0.269442	0.27126	0.305659	0.282033	0.301322	0.296762	0.299277	0.395398	0.252169	0.277407	0.286436	0.258389	0.271177	0.24992	0.247907	0.247911	0.274169	0.286664	0.262725	0.268857	0.254629	0.276781	0.267152	0.272251	0.326436	0.332216	0.322913	0.331982	0.296477	0.302643	0.329708	0.293209	0.279321	0.291942	0.287121	0.295656	0.257949	0.254107	0.241741	0.254923	0.254974	0.323799	0.316538	0.318509	0.310872	0.308427
Pteruthius_melanotis	0.246597	0.252712	0.258461	0.288603	0.29407	0.276714	0.278364	0.321674	0.292521	0.372391	0.357388	0.262235	0.231613	0.246077	0.239425	0.235377	0.237394	0.239501	0.260081	0.254913	0.246694	0.257349	0.249092	0.2809	0.252671	0.257142	0.242354	0.276526	0.28136	0.26096	0.26102	0.268241	0.270286	0.24144	0.239426	0.243493	0.24144	0.241439	0.23673	0.251743	0.230246	0.240383	0.24041	0.244416	0.236274	0.342197	0.357478	0.362304	0.364301	0.359471	0.370524	0.372243	0.39511	0.374772	0.308348	0.318798	0.410255	0.465263	0.349586	0.288316	0.294727	0.312409	0.338428	0.308774	0.281242	0.317511	0.236394	0.236996	0.235942	0.286279	0.284262	0.288289	0.312676	0.29939	0.301218	0.222477	0.188356	0.194977	0.208613	0.195665	0.190234	0.186267	0.160369	0.207904	0.195037	0.187649	0.218581	0.203169	0.222007	0.187793	0.1811	0.198568	0.143664	0.151796	0.187521	0.157948	0.168467	0.205597	0.166271	0.165916	0.178807	0.174428	0.167929	0.168983	0.200981	0.177638	0.172389	0.157574	0.176251	0.17483	0.17674	0.128903	0.0953342	0.099836	0.120697	0.10618	0.110127	0.116755	0.116225	0.127711	0.107758	0.107634	0.103638	0.103638	0.124905	0.0956718	0.113688	0.116158	0.103227	0.113642	0.114764	0.0872573	0.104396	0.0969236	0.111925	0.0929269	0.113757	0.114082	0.0895911	0.0862754	0	0.095831	0.081088	0.118098	0.139787	0.136598	0.142945	0.123532	0.14726	0.134912	0.156199	0.132127	0.142278	0.133966	0.144213	0.156996	0.137581	0.143686	0.156572	0.154001	0.157733	0.139021	0.145176	0.156524	0.143118	0.132845	0.145374	0.149472	0.133094	0.143865	0.149594	0.154378	0.172889	0.161104	0.154588	0.158592	0.16052	0.133709	0.131082	0.165732	0.160697	0.149717	0.149717	0.185079	0.182186	0.133738	0.149181	0.137766	0.161402	0.156852	0.165465	0.141703	0.149777	0.146293	0.151362	0.153966	0.155611	0.166371	0.153559	0.149188	0.15797	0.144954	0.185826	0.176926	0.171289	0.172467	0.172296	0.174624	0.163623	0.149312	0.151404	0.157881	0.165771	0.164271	0.170677	0.14909	0.148835	0.152899	0.156946	0.157455	0.159428	0.159266	0.157222	0.159258	0.129417	0.146692	0.127604	0.156072	0.166663	0.174772	0.166393	0.158188	0.16749	0.164081	0.14841	0.181671	0.162795	0.174951	0.17738	0.172323	0.149273	0.151416	0.150098	0.148776	0.135853	0.130052	0.134173	0.176026	0.293221	0.295546	0.273067	0.337976	0.353077	0.307564	0.343674	0.352028	0.317525	0.255529	0.259288	0.294996	0.316609	0.306039	0.301577	0.359207	0.356324	0.329772	0.362867	0.351119	0.29463	0.269952	0.257061	0.261932	0.286296	0.273053	0.281405	0.258205	0.257236	0.24975	0.260494	0.29371	0.287356	0.289174	0.323573	0.299946	0.319236	0.314676	0.31719	0.413311	0.270083	0.29532	0.30435	0.276302	0.28909	0.267833	0.265821	0.265824	0.292083	0.304578	0.280639	0.28677	0.272542	0.294694	0.285066	0.290165	0.34435	0.35013	0.340826	0.349895	0.314391	0.320556	0.347622	0.311123	0.297234	0.309856	0.305034	0.313569	0.275862	0.272021	0.259654	0.272837	0.272888	0.341712	0.334451	0.336423	0.328785	0.326341
Erpornis_zantholeuca	0.254519	0.260634	0.266383	0.296525	0.301992	0.284636	0.286286	0.329596	0.300443	0.380313	0.36531	0.270157	0.239535	0.253999	0.247347	0.243299	0.245316	0.247423	0.268003	0.262835	0.254616	0.265271	0.257015	0.288822	0.260593	0.265064	0.250276	0.284449	0.289282	0.268882	0.268942	0.276163	0.278208	0.249362	0.247348	0.251415	0.249362	0.249361	0.244652	0.259665	0.238168	0.248305	0.248332	0.252338	0.244196	0.35012	0.3654	0.370226	0.372223	0.367393	0.378446	0.380165	0.403032	0.382695	0.31627	0.32672	0.418177	0.473185	0.357509	0.296238	0.302649	0.320331	0.346351	0.316696	0.289164	0.325433	0.244316	0.244918	0.243864	0.294201	0.292185	0.296211	0.320598	0.307312	0.30914	0.230399	0.196278	0.202899	0.216535	0.203587	0.198157	0.194189	0.168291	0.215826	0.202959	0.195571	0.226503	0.211091	0.229929	0.195715	0.189022	0.20649	0.151586	0.159718	0.195443	0.16587	0.176389	0.213519	0.174193	0.173838	0.18673	0.18235	0.175851	0.176905	0.208903	0.18556	0.180311	0.165496	0.184173	0.182752	0.184662	0.136825	0.103256	0.107758	0.128619	0.114102	0.118049	0.124677	0.124147	0.135633	0.11568	0.115556	0.11156	0.11156	0.132827	0.103594	0.12161	0.12408	0.111149	0.121564	0.122686	0.0951794	0.112318	0.104846	0.119848	0.100849	0.121679	0.122004	0.0975132	0.0941974	0.095831	0	0.0687144	0.12602	0.147709	0.14452	0.150867	0.131454	0.155182	0.142834	0.164121	0.140049	0.1502	0.141888	0.152135	0.164918	0.145503	0.151609	0.164494	0.161923	0.165655	0.146943	0.153098	0.164446	0.15104	0.140767	0.153297	0.157394	0.141016	0.151787	0.157516	0.1623	0.180811	0.169026	0.16251	0.166514	0.168442	0.141631	0.139004	0.173654	0.168619	0.157639	0.157639	0.193001	0.190108	0.141661	0.157103	0.145688	0.169324	0.164774	0.173387	0.149625	0.157699	0.154215	0.159284	0.161888	0.163533	0.174293	0.161481	0.15711	0.165892	0.152876	0.193748	0.184848	0.179211	0.180389	0.180218	0.182546	0.171545	0.157234	0.159326	0.165803	0.173693	0.172193	0.178599	0.157012	0.156757	0.160822	0.164869	0.165377	0.16735	0.167188	0.165144	0.16718	0.137339	0.154614	0.135526	0.163994	0.174585	0.182694	0.174315	0.16611	0.175412	0.172003	0.156332	0.189593	0.170717	0.182873	0.185302	0.180245	0.157195	0.159338	0.15802	0.156699	0.143775	0.137974	0.142095	0.183948	0.301143	0.303468	0.280989	0.345898	0.361	0.315486	0.351596	0.35995	0.325447	0.263451	0.26721	0.302918	0.324531	0.313961	0.309499	0.367129	0.364246	0.337694	0.370789	0.359041	0.302552	0.277874	0.264983	0.269854	0.294218	0.280975	0.289327	0.266127	0.265158	0.257673	0.268416	0.301632	0.295278	0.297096	0.331495	0.307868	0.327158	0.322598	0.325113	0.421233	0.278005	0.303242	0.312272	0.284224	0.297012	0.275755	0.273743	0.273747	0.300005	0.3125	0.288561	0.294692	0.280464	0.302617	0.292988	0.298087	0.352272	0.358052	0.348748	0.357817	0.322313	0.328478	0.355544	0.319045	0.305156	0.317778	0.312956	0.321491	0.283784	0.279943	0.267576	0.280759	0.28081	0.349634	0.342374	0.344345	0.336707	0.334263
Vireo_altiloquus	0.239776	0.245891	0.25164	0.281782	0.287249	0.269893	0.271543	0.314853	0.2857	0.36557	0.350567	0.255414	0.224792	0.239256	0.232604	0.228556	0.230573	0.23268	0.25326	0.248092	0.239873	0.250528	0.242271	0.274079	0.24585	0.250321	0.235533	0.269705	0.274539	0.254139	0.254199	0.26142	0.263465	0.234619	0.232605	0.236672	0.234619	0.234618	0.229909	0.244922	0.223425	0.233562	0.233589	0.237595	0.229453	0.335376	0.350657	0.355483	0.35748	0.35265	0.363703	0.365422	0.388289	0.367951	0.301527	0.311977	0.403434	0.458442	0.342765	0.281495	0.287906	0.305588	0.331607	0.301953	0.274421	0.31069	0.229573	0.230175	0.229121	0.279458	0.277441	0.281468	0.305855	0.292569	0.294397	0.215656	0.181535	0.188156	0.201792	0.188844	0.183413	0.179446	0.153548	0.201083	0.188216	0.180828	0.21176	0.196348	0.215186	0.180972	0.174279	0.191747	0.136843	0.144975	0.1807	0.151127	0.161646	0.198776	0.15945	0.159095	0.171986	0.167607	0.161108	0.162162	0.19416	0.170817	0.165568	0.150753	0.16943	0.168009	0.169919	0.122082	0.0885132	0.093015	0.113876	0.0993589	0.103306	0.109934	0.109404	0.12089	0.100937	0.100813	0.0968172	0.0968172	0.118084	0.0888508	0.106867	0.109337	0.0964058	0.106821	0.107943	0.0804363	0.0975747	0.0901026	0.105104	0.0861059	0.106936	0.107261	0.0827701	0.0794544	0.081088	0.0687144	0	0.111277	0.132966	0.129777	0.136124	0.116711	0.140439	0.128091	0.149378	0.125306	0.135457	0.127145	0.137392	0.150175	0.13076	0.136865	0.149751	0.14718	0.150912	0.1322	0.138355	0.149703	0.136297	0.126024	0.138553	0.142651	0.126273	0.137044	0.142773	0.147557	0.166068	0.154283	0.147767	0.151771	0.153699	0.126888	0.124261	0.158911	0.153876	0.142896	0.142896	0.178258	0.175365	0.126917	0.14236	0.130945	0.154581	0.150031	0.158644	0.134882	0.142956	0.139472	0.144541	0.147145	0.14879	0.15955	0.146738	0.142367	0.151149	0.138133	0.179005	0.170105	0.164468	0.165646	0.165475	0.167803	0.156802	0.142491	0.144583	0.15106	0.15895	0.15745	0.163856	0.142269	0.142014	0.146078	0.150125	0.150634	0.152607	0.152445	0.150401	0.152437	0.122596	0.139871	0.120783	0.149251	0.159842	0.167951	0.159572	0.151367	0.160669	0.15726	0.141589	0.17485	0.155974	0.16813	0.170559	0.165502	0.142452	0.144595	0.143277	0.141955	0.129032	0.123231	0.127352	0.169205	0.2864	0.288725	0.266246	0.331155	0.346256	0.300743	0.336853	0.345207	0.310704	0.248708	0.252467	0.288175	0.309788	0.299218	0.294756	0.352386	0.349503	0.322951	0.356046	0.344298	0.287809	0.263131	0.25024	0.255111	0.279475	0.266232	0.274584	0.251384	0.250415	0.242929	0.253673	0.286889	0.280535	0.282353	0.316752	0.293125	0.312415	0.307855	0.310369	0.40649	0.263262	0.288499	0.297529	0.269481	0.282269	0.261012	0.259	0.259003	0.285262	0.297757	0.273818	0.279949	0.265721	0.287873	0.278245	0.283344	0.337529	0.343309	0.334005	0.343074	0.30757	0.313735	0.340801	0.304302	0.290413	0.303035	0.298213	0.306748	0.269041	0.2652	0.252833	0.266016	0.266067	0.334891	0.32763	0.329602	0.321964	0.31952
Cnemophilus_loriae	0.232274	0.238389	0.244137	0.27428	0.279747	0.262391	0.26404	0.30735	0.278198	0.358068	0.343065	0.247911	0.21729	0.231753	0.225101	0.221053	0.223071	0.225178	0.245758	0.24059	0.23237	0.243025	0.234769	0.266577	0.238348	0.242818	0.228031	0.262203	0.267037	0.246636	0.246696	0.253918	0.255963	0.227116	0.225103	0.229169	0.227116	0.227115	0.222406	0.237419	0.215923	0.226059	0.226086	0.230092	0.22195	0.327874	0.343154	0.34798	0.349977	0.345148	0.356201	0.35792	0.380786	0.360449	0.294025	0.304474	0.395931	0.45094	0.335263	0.273993	0.280404	0.298085	0.324105	0.29445	0.266919	0.303188	0.22207	0.222673	0.221619	0.271956	0.269939	0.273966	0.298352	0.285066	0.286894	0.208153	0.174032	0.180654	0.194289	0.181341	0.175911	0.171943	0.146046	0.19358	0.180713	0.173326	0.204258	0.188845	0.207683	0.173469	0.166777	0.184245	0.12934	0.137472	0.173198	0.143625	0.154144	0.191273	0.151948	0.151592	0.164484	0.160104	0.153606	0.15466	0.186657	0.163315	0.158065	0.143251	0.161928	0.160506	0.162416	0.11458	0.101201	0.105703	0.126564	0.112047	0.115994	0.122622	0.122092	0.133578	0.113625	0.113501	0.109505	0.109505	0.130772	0.101539	0.119555	0.122025	0.109094	0.119509	0.120631	0.0971071	0.118299	0.110827	0.125829	0.10683	0.12766	0.127986	0.1035	0.100185	0.118098	0.12602	0.111277	0	0.125463	0.122274	0.128622	0.109208	0.132937	0.120588	0.141875	0.117804	0.127954	0.119643	0.12989	0.142672	0.123258	0.129363	0.142249	0.139677	0.14341	0.124697	0.130853	0.142201	0.128794	0.118522	0.131051	0.135148	0.11877	0.129542	0.135271	0.140054	0.158565	0.146781	0.140264	0.144269	0.146197	0.119385	0.116759	0.151409	0.146374	0.135393	0.135393	0.170756	0.167862	0.119415	0.134858	0.123443	0.147078	0.142528	0.151141	0.127379	0.135454	0.13197	0.137039	0.139642	0.141287	0.152048	0.139236	0.134864	0.143647	0.13063	0.171503	0.162602	0.156965	0.158144	0.157972	0.160301	0.149299	0.134988	0.13708	0.143558	0.151448	0.149947	0.156354	0.134767	0.134512	0.138576	0.142623	0.143132	0.145105	0.144943	0.142899	0.144935	0.115093	0.132369	0.113281	0.141749	0.15234	0.160448	0.152069	0.143865	0.153167	0.149758	0.134086	0.167347	0.148471	0.160627	0.163057	0.158	0.134949	0.137093	0.135774	0.134453	0.12153	0.115729	0.11985	0.161702	0.278898	0.281223	0.258743	0.323652	0.338754	0.29324	0.329351	0.337704	0.303202	0.241206	0.244965	0.280673	0.302285	0.291715	0.287254	0.344883	0.342001	0.315448	0.348543	0.336795	0.280307	0.255628	0.242737	0.247608	0.271972	0.25873	0.267082	0.243881	0.242913	0.235427	0.246171	0.279386	0.273032	0.27485	0.309249	0.285623	0.304912	0.300352	0.302867	0.398988	0.255759	0.280997	0.290026	0.261979	0.274767	0.25351	0.251498	0.251501	0.277759	0.290254	0.266316	0.272447	0.258219	0.280371	0.270742	0.275841	0.330026	0.335806	0.326503	0.335572	0.300067	0.306233	0.333298	0.296799	0.282911	0.295532	0.290711	0.299246	0.261539	0.257697	0.245331	0.258514	0.258564	0.327389	0.320128	0.322099	0.314462	0.312017
Melanocharis_versteri	0.253957	0.260072	0.26582	0.295963	0.30143	0.284074	0.285723	0.329033	0.299881	0.379751	0.364748	0.269594	0.238973	0.253437	0.246785	0.242737	0.244754	0.246861	0.267441	0.262273	0.254054	0.264709	0.256452	0.28826	0.260031	0.264501	0.249714	0.283886	0.28872	0.26832	0.268379	0.275601	0.277646	0.2488	0.246786	0.250852	0.248799	0.248798	0.244089	0.259103	0.237606	0.247742	0.24777	0.251776	0.243633	0.349557	0.364838	0.369664	0.371661	0.366831	0.377884	0.379603	0.402469	0.382132	0.315708	0.326157	0.417614	0.472623	0.356946	0.295676	0.302087	0.319769	0.345788	0.316134	0.288602	0.324871	0.243754	0.244356	0.243302	0.293639	0.291622	0.295649	0.320035	0.30675	0.308577	0.229837	0.195716	0.202337	0.215973	0.203025	0.197594	0.193626	0.167729	0.215263	0.202397	0.195009	0.225941	0.210529	0.229366	0.195153	0.18846	0.205928	0.151024	0.159156	0.194881	0.165308	0.175827	0.212956	0.173631	0.173275	0.186167	0.181788	0.175289	0.176343	0.208341	0.184998	0.179748	0.164934	0.183611	0.18219	0.184099	0.136263	0.12289	0.127392	0.148252	0.133735	0.137683	0.144311	0.14378	0.155267	0.135314	0.13519	0.131194	0.131194	0.152461	0.123227	0.141244	0.143714	0.130782	0.141198	0.142319	0.118796	0.139988	0.132516	0.147517	0.128519	0.149349	0.149674	0.125189	0.121873	0.139787	0.147709	0.132966	0.125463	0	0.131496	0.137844	0.11843	0.142159	0.12981	0.151097	0.127026	0.137176	0.128865	0.139111	0.151894	0.13248	0.138585	0.15147	0.148899	0.152632	0.133919	0.140075	0.151423	0.138016	0.127744	0.140273	0.14437	0.127992	0.138764	0.144493	0.149276	0.167787	0.156003	0.149486	0.153491	0.155419	0.128607	0.125981	0.160631	0.155596	0.144615	0.144615	0.179978	0.177084	0.128637	0.14408	0.132664	0.1563	0.15175	0.160363	0.136601	0.144676	0.141192	0.146261	0.148864	0.150509	0.16127	0.148457	0.144086	0.152868	0.139852	0.180724	0.171824	0.166187	0.167366	0.167194	0.169523	0.158521	0.14421	0.146302	0.15278	0.16067	0.159169	0.165576	0.143989	0.143734	0.147798	0.151845	0.152354	0.154327	0.154165	0.152121	0.154157	0.124315	0.141591	0.122503	0.150971	0.161562	0.16967	0.161291	0.153087	0.162389	0.15898	0.143308	0.176569	0.157693	0.169849	0.172279	0.167222	0.144171	0.146315	0.144996	0.143675	0.130752	0.124951	0.129072	0.183386	0.300581	0.302906	0.280427	0.345336	0.360437	0.314923	0.351034	0.359388	0.324885	0.262889	0.266648	0.302356	0.323969	0.313399	0.308937	0.366567	0.363684	0.337132	0.370226	0.358479	0.30199	0.277311	0.264421	0.269292	0.293656	0.280413	0.288765	0.265564	0.264596	0.25711	0.267854	0.30107	0.294716	0.296534	0.330932	0.307306	0.326596	0.322035	0.32455	0.420671	0.277443	0.30268	0.311709	0.283662	0.29645	0.275193	0.273181	0.273184	0.299442	0.311938	0.287999	0.29413	0.279902	0.302054	0.292425	0.297525	0.35171	0.35749	0.348186	0.357255	0.321751	0.327916	0.354982	0.318482	0.304594	0.317216	0.312394	0.320929	0.283222	0.279381	0.267014	0.280197	0.280248	0.349072	0.341811	0.343783	0.336145	0.3337
Callaeas_wilsoni	0.250768	0.256883	0.262631	0.292774	0.298241	0.280885	0.282534	0.325844	0.296692	0.376562	0.361559	0.266405	0.235784	0.250248	0.243595	0.239548	0.241565	0.243672	0.264252	0.259084	0.250865	0.26152	0.253263	0.285071	0.256842	0.261312	0.246525	0.280697	0.285531	0.265131	0.26519	0.272412	0.274457	0.245611	0.243597	0.247663	0.24561	0.245609	0.2409	0.255913	0.234417	0.244553	0.244581	0.248587	0.240444	0.346368	0.361649	0.366475	0.368472	0.363642	0.374695	0.376414	0.39928	0.378943	0.312519	0.322968	0.414425	0.469434	0.353757	0.292487	0.298898	0.316579	0.342599	0.312945	0.285413	0.321682	0.240564	0.241167	0.240113	0.29045	0.288433	0.29246	0.316846	0.303561	0.305388	0.226648	0.192527	0.199148	0.212783	0.199836	0.194405	0.190437	0.16454	0.212074	0.199208	0.19182	0.222752	0.20734	0.226177	0.191964	0.185271	0.202739	0.147835	0.155967	0.191692	0.162119	0.172638	0.209767	0.170442	0.170086	0.182978	0.178598	0.1721	0.173154	0.205152	0.181809	0.176559	0.161745	0.180422	0.179001	0.18091	0.133074	0.119701	0.124203	0.145063	0.130546	0.134494	0.141122	0.140591	0.152078	0.132125	0.132001	0.128005	0.128005	0.149272	0.120038	0.138055	0.140525	0.127593	0.138009	0.13913	0.115607	0.136799	0.129327	0.144328	0.12533	0.14616	0.146485	0.122	0.118684	0.136598	0.14452	0.129777	0.122274	0.131496	0	0.104188	0.0994762	0.123204	0.123031	0.144318	0.120246	0.130397	0.122085	0.132332	0.145115	0.1257	0.131805	0.144691	0.14212	0.145852	0.12714	0.133295	0.144643	0.131237	0.120964	0.133493	0.137591	0.121213	0.131984	0.137713	0.142497	0.161008	0.149223	0.142707	0.146711	0.148639	0.121828	0.119201	0.153851	0.148816	0.137836	0.137836	0.173198	0.170305	0.121857	0.1373	0.125885	0.14952	0.144971	0.153584	0.129822	0.137896	0.134412	0.139481	0.142085	0.14373	0.15449	0.141678	0.137307	0.146089	0.133073	0.173945	0.165045	0.159408	0.160586	0.160415	0.162743	0.151742	0.137431	0.139523	0.146	0.15389	0.15239	0.158796	0.137209	0.136954	0.141018	0.145065	0.145574	0.147547	0.147385	0.145341	0.147377	0.117536	0.134811	0.115723	0.144191	0.154782	0.162891	0.154512	0.146307	0.155609	0.1522	0.136529	0.16979	0.150914	0.16307	0.165499	0.160442	0.137392	0.139535	0.138217	0.136895	0.123972	0.118171	0.122292	0.180197	0.297392	0.299717	0.277238	0.342147	0.357248	0.311734	0.347845	0.356199	0.321696	0.2597	0.263459	0.299167	0.32078	0.31021	0.305748	0.363377	0.360495	0.333943	0.367037	0.35529	0.298801	0.274122	0.261232	0.266103	0.290467	0.277224	0.285576	0.262375	0.261407	0.253921	0.264665	0.297881	0.291527	0.293345	0.327743	0.304117	0.323407	0.318846	0.321361	0.417482	0.274254	0.299491	0.30852	0.280473	0.293261	0.272004	0.269992	0.269995	0.296253	0.308748	0.28481	0.290941	0.276713	0.298865	0.289236	0.294336	0.348521	0.354301	0.344997	0.354066	0.318562	0.324727	0.351793	0.315293	0.301405	0.314027	0.309205	0.31774	0.280033	0.276191	0.263825	0.277008	0.277059	0.345883	0.338622	0.340594	0.332956	0.330511
Notiomystis_cincta	0.257116	0.26323	0.268979	0.299121	0.304588	0.287232	0.288882	0.332192	0.30304	0.382909	0.367906	0.272753	0.242132	0.256595	0.249943	0.245895	0.247913	0.250019	0.270599	0.265431	0.257212	0.267867	0.259611	0.291418	0.26319	0.26766	0.252873	0.287045	0.291879	0.271478	0.271538	0.27876	0.280805	0.251958	0.249944	0.254011	0.251958	0.251957	0.247248	0.262261	0.240765	0.250901	0.250928	0.254934	0.246792	0.352716	0.367996	0.372822	0.374819	0.36999	0.381043	0.382761	0.405628	0.385291	0.318867	0.329316	0.420773	0.475781	0.360105	0.298835	0.305246	0.322927	0.348947	0.319292	0.291761	0.328029	0.246912	0.247515	0.24646	0.296797	0.294781	0.298807	0.323194	0.309908	0.311736	0.232995	0.198874	0.205495	0.219131	0.206183	0.200753	0.196785	0.170887	0.218422	0.205555	0.198168	0.229099	0.213687	0.232525	0.198311	0.191618	0.209086	0.154182	0.162314	0.19804	0.168466	0.178986	0.216115	0.17679	0.176434	0.189326	0.184946	0.178448	0.179501	0.211499	0.188156	0.182907	0.168092	0.18677	0.185348	0.187258	0.139422	0.126048	0.13055	0.151411	0.136894	0.140841	0.147469	0.146939	0.158425	0.138472	0.138348	0.134352	0.134352	0.155619	0.126386	0.144402	0.146872	0.133941	0.144356	0.145478	0.121954	0.143146	0.135674	0.150676	0.131677	0.152507	0.152833	0.128347	0.125032	0.142945	0.150867	0.136124	0.128622	0.137844	0.104188	0	0.105824	0.129552	0.129378	0.150665	0.126594	0.136744	0.128433	0.138679	0.151462	0.132048	0.138153	0.151038	0.148467	0.1522	0.133487	0.139643	0.150991	0.137584	0.127312	0.139841	0.143938	0.12756	0.138332	0.144061	0.148844	0.167355	0.155571	0.149054	0.153059	0.154987	0.128175	0.125549	0.160199	0.155164	0.144183	0.144183	0.179546	0.176652	0.128205	0.143648	0.132232	0.155868	0.151318	0.159931	0.136169	0.144244	0.14076	0.145829	0.148432	0.150077	0.160838	0.148025	0.143654	0.152436	0.13942	0.180292	0.171392	0.165755	0.166934	0.166762	0.169091	0.158089	0.143778	0.14587	0.152348	0.160238	0.158737	0.165144	0.143557	0.143302	0.147366	0.151413	0.151922	0.153895	0.153733	0.151689	0.153725	0.123883	0.141159	0.122071	0.150539	0.16113	0.169238	0.160859	0.152655	0.161957	0.158548	0.142876	0.176137	0.157261	0.169417	0.171847	0.16679	0.143739	0.145883	0.144564	0.143243	0.13032	0.124519	0.12864	0.186544	0.30374	0.306065	0.283585	0.348494	0.363596	0.318082	0.354193	0.362546	0.328043	0.266047	0.269807	0.305514	0.327127	0.316557	0.312096	0.369725	0.366842	0.34029	0.373385	0.361637	0.305149	0.28047	0.267579	0.27245	0.296814	0.283571	0.291923	0.268723	0.267754	0.260269	0.271013	0.304228	0.297874	0.299692	0.334091	0.310465	0.329754	0.325194	0.327709	0.423829	0.280601	0.305838	0.314868	0.28682	0.299608	0.278352	0.276339	0.276343	0.302601	0.315096	0.291157	0.297288	0.28306	0.305213	0.295584	0.300683	0.354868	0.360648	0.351345	0.360413	0.324909	0.331074	0.35814	0.321641	0.307752	0.320374	0.315553	0.324088	0.286381	0.282539	0.270173	0.283355	0.283406	0.352231	0.34497	0.346941	0.339304	0.336859
Chaetops_frenatus	0.237702	0.243817	0.249566	0.279708	0.285175	0.267819	0.269469	0.312779	0.283626	0.363496	0.348493	0.25334	0.222718	0.237182	0.23053	0.226482	0.228499	0.230606	0.251186	0.246018	0.237799	0.248454	0.240197	0.272005	0.243776	0.248247	0.233459	0.267632	0.272465	0.252065	0.252125	0.259346	0.261391	0.232545	0.230531	0.234598	0.232545	0.232544	0.227835	0.242848	0.221351	0.231488	0.231515	0.235521	0.227379	0.333303	0.348583	0.353409	0.355406	0.350576	0.361629	0.363348	0.386215	0.365878	0.299453	0.309903	0.40136	0.456368	0.340692	0.279421	0.285832	0.303514	0.329534	0.299879	0.272347	0.308616	0.227499	0.228101	0.227047	0.277384	0.275368	0.279394	0.303781	0.290495	0.292323	0.213582	0.179461	0.186082	0.199718	0.18677	0.18134	0.177372	0.151474	0.199009	0.186142	0.178754	0.209686	0.194274	0.213112	0.178898	0.172205	0.189673	0.134769	0.142901	0.178626	0.149053	0.159572	0.196702	0.157376	0.157021	0.169913	0.165533	0.159034	0.160088	0.192086	0.168743	0.163494	0.148679	0.167356	0.165935	0.167845	0.120008	0.106635	0.111137	0.131997	0.117481	0.121428	0.128056	0.127526	0.139012	0.119059	0.118935	0.114939	0.114939	0.136206	0.106973	0.124989	0.127459	0.114528	0.124943	0.126064	0.102541	0.123733	0.116261	0.131263	0.112264	0.133094	0.133419	0.108934	0.105618	0.123532	0.131454	0.116711	0.109208	0.11843	0.0994762	0.105824	0	0.0818692	0.109965	0.131252	0.10718	0.117331	0.109019	0.119266	0.132049	0.112635	0.11874	0.131625	0.129054	0.132786	0.114074	0.12023	0.131577	0.118171	0.107898	0.120428	0.124525	0.108147	0.118918	0.124648	0.129431	0.147942	0.136157	0.129641	0.133645	0.135574	0.108762	0.106135	0.140786	0.135751	0.12477	0.12477	0.160132	0.157239	0.108792	0.124235	0.112819	0.136455	0.131905	0.140518	0.116756	0.124831	0.121346	0.126415	0.129019	0.130664	0.141425	0.128612	0.124241	0.133023	0.120007	0.160879	0.151979	0.146342	0.14752	0.147349	0.149677	0.138676	0.124365	0.126457	0.132934	0.140824	0.139324	0.14573	0.124144	0.123889	0.127953	0.132	0.132509	0.134482	0.134319	0.132275	0.134312	0.10447	0.121745	0.102657	0.131125	0.141716	0.149825	0.141446	0.133241	0.142543	0.139134	0.123463	0.156724	0.137848	0.150004	0.152434	0.147376	0.124326	0.126469	0.125151	0.12383	0.110906	0.105106	0.109227	0.167131	0.284326	0.286651	0.264172	0.329081	0.344182	0.298669	0.334779	0.343133	0.30863	0.246634	0.250393	0.286101	0.307714	0.297144	0.292682	0.350312	0.347429	0.320877	0.353972	0.342224	0.285735	0.261057	0.248166	0.253037	0.277401	0.264158	0.27251	0.24931	0.248341	0.240856	0.251599	0.284815	0.278461	0.280279	0.314678	0.291051	0.310341	0.305781	0.308295	0.404416	0.261188	0.286425	0.295455	0.267407	0.280195	0.258938	0.256926	0.25693	0.283188	0.295683	0.271744	0.277875	0.263647	0.2858	0.276171	0.28127	0.335455	0.341235	0.331931	0.341	0.305496	0.311661	0.338727	0.302228	0.288339	0.300961	0.296139	0.304674	0.266967	0.263126	0.250759	0.263942	0.263993	0.332817	0.325557	0.327528	0.31989	0.317446
Picathartes_gymnocephalus	0.261431	0.267545	0.273294	0.303436	0.308903	0.291547	0.293197	0.336507	0.307355	0.387224	0.372221	0.277068	0.246447	0.26091	0.254258	0.25021	0.252228	0.254334	0.274914	0.269747	0.261527	0.272182	0.263926	0.295733	0.267505	0.271975	0.257188	0.29136	0.296194	0.275793	0.275853	0.283075	0.28512	0.256273	0.254259	0.258326	0.256273	0.256272	0.251563	0.266576	0.24508	0.255216	0.255243	0.259249	0.251107	0.357031	0.372311	0.377137	0.379134	0.374305	0.385358	0.387076	0.409943	0.389606	0.323182	0.333631	0.425088	0.480096	0.36442	0.30315	0.309561	0.327242	0.353262	0.323607	0.296076	0.332344	0.251227	0.25183	0.250775	0.301112	0.299096	0.303122	0.327509	0.314223	0.316051	0.23731	0.203189	0.20981	0.223446	0.210498	0.205068	0.2011	0.175202	0.222737	0.20987	0.202483	0.233414	0.218002	0.23684	0.202626	0.195933	0.213401	0.158497	0.166629	0.202355	0.172781	0.183301	0.22043	0.181105	0.180749	0.193641	0.189261	0.182763	0.183816	0.215814	0.192471	0.187222	0.172407	0.191085	0.189663	0.191573	0.143737	0.130363	0.134865	0.155726	0.141209	0.145156	0.151784	0.151254	0.16274	0.142787	0.142663	0.138667	0.138667	0.159934	0.130701	0.148717	0.151187	0.138256	0.148671	0.149793	0.126269	0.147461	0.139989	0.154991	0.135992	0.156822	0.157148	0.132662	0.129347	0.14726	0.155182	0.140439	0.132937	0.142159	0.123204	0.129552	0.0818692	0	0.133693	0.15498	0.130909	0.141059	0.132748	0.142995	0.155777	0.136363	0.142468	0.155353	0.152782	0.156515	0.137802	0.143958	0.155306	0.141899	0.131627	0.144156	0.148253	0.131875	0.142647	0.148376	0.153159	0.17167	0.159886	0.153369	0.157374	0.159302	0.13249	0.129864	0.164514	0.159479	0.148498	0.148498	0.183861	0.180967	0.13252	0.147963	0.136547	0.160183	0.155633	0.164246	0.140484	0.148559	0.145075	0.150144	0.152747	0.154392	0.165153	0.15234	0.147969	0.156751	0.143735	0.184607	0.175707	0.17007	0.171249	0.171077	0.173406	0.162404	0.148093	0.150185	0.156663	0.164553	0.163052	0.169459	0.147872	0.147617	0.151681	0.155728	0.156237	0.15821	0.158048	0.156004	0.15804	0.128198	0.145474	0.126386	0.154854	0.165445	0.173553	0.165174	0.15697	0.166272	0.162863	0.147191	0.180452	0.161576	0.173732	0.176162	0.171105	0.148054	0.150198	0.148879	0.147558	0.134635	0.128834	0.132955	0.190859	0.308055	0.31038	0.2879	0.352809	0.367911	0.322397	0.358508	0.366861	0.332358	0.270362	0.274122	0.309829	0.331442	0.320872	0.316411	0.37404	0.371157	0.344605	0.3777	0.365952	0.309464	0.284785	0.271894	0.276765	0.301129	0.287887	0.296238	0.273038	0.272069	0.264584	0.275328	0.308543	0.302189	0.304007	0.338406	0.31478	0.334069	0.329509	0.332024	0.428144	0.284916	0.310153	0.319183	0.291135	0.303923	0.282667	0.280654	0.280658	0.306916	0.319411	0.295472	0.301603	0.287375	0.309528	0.299899	0.304998	0.359183	0.364963	0.35566	0.364728	0.329224	0.335389	0.362455	0.325956	0.312067	0.324689	0.319868	0.328403	0.290696	0.286854	0.274488	0.28767	0.287721	0.356546	0.349285	0.351256	0.343619	0.341174
Drymodes_brunneopygia	0.249082	0.255197	0.260945	0.291088	0.296555	0.279199	0.280848	0.324158	0.295006	0.374876	0.359873	0.264719	0.234098	0.248561	0.241909	0.237862	0.239879	0.241986	0.262566	0.257398	0.249179	0.259833	0.251577	0.283385	0.255156	0.259626	0.244839	0.279011	0.283845	0.263444	0.263504	0.270726	0.272771	0.243925	0.241911	0.245977	0.243924	0.243923	0.239214	0.254227	0.232731	0.242867	0.242895	0.246901	0.238758	0.344682	0.359962	0.364789	0.366786	0.361956	0.373009	0.374728	0.397594	0.377257	0.310833	0.321282	0.412739	0.467748	0.352071	0.290801	0.297212	0.314893	0.340913	0.311258	0.283727	0.319996	0.238878	0.239481	0.238427	0.288764	0.286747	0.290774	0.31516	0.301874	0.303702	0.224962	0.190841	0.197462	0.211097	0.19815	0.192719	0.188751	0.162854	0.210388	0.197522	0.190134	0.221066	0.205654	0.224491	0.190278	0.183585	0.201053	0.146149	0.154281	0.190006	0.160433	0.170952	0.208081	0.168756	0.1684	0.181292	0.176912	0.170414	0.171468	0.203466	0.180123	0.174873	0.160059	0.178736	0.177315	0.179224	0.131388	0.118015	0.122516	0.143377	0.12886	0.132808	0.139436	0.138905	0.150392	0.130439	0.130315	0.126319	0.126319	0.147585	0.118352	0.136368	0.138839	0.125907	0.136323	0.137444	0.113921	0.135113	0.127641	0.142642	0.123644	0.144474	0.144799	0.120314	0.116998	0.134912	0.142834	0.128091	0.120588	0.12981	0.123031	0.129378	0.109965	0.133693	0	0.138806	0.114735	0.124885	0.116573	0.12682	0.139603	0.120189	0.126294	0.139179	0.136608	0.140341	0.121628	0.127784	0.139131	0.125725	0.115453	0.127982	0.132079	0.115701	0.126472	0.132202	0.136985	0.155496	0.143711	0.137195	0.1412	0.143128	0.116316	0.113689	0.14834	0.143305	0.132324	0.132324	0.167686	0.164793	0.116346	0.131789	0.120373	0.144009	0.139459	0.148072	0.12431	0.132385	0.1289	0.133969	0.136573	0.138218	0.148979	0.136166	0.131795	0.140577	0.127561	0.168433	0.159533	0.153896	0.155075	0.154903	0.157231	0.14623	0.131919	0.134011	0.140489	0.148379	0.146878	0.153284	0.131698	0.131443	0.135507	0.139554	0.140063	0.142036	0.141873	0.139829	0.141866	0.112024	0.129299	0.110211	0.138679	0.149271	0.157379	0.149	0.140795	0.150097	0.146688	0.131017	0.164278	0.145402	0.157558	0.159988	0.15493	0.13188	0.134024	0.132705	0.131384	0.118461	0.11266	0.116781	0.178511	0.295706	0.298031	0.275551	0.340461	0.355562	0.310048	0.346159	0.354512	0.32001	0.258014	0.261773	0.297481	0.319094	0.308524	0.304062	0.361691	0.358809	0.332257	0.365351	0.353604	0.297115	0.272436	0.259546	0.264417	0.288781	0.275538	0.28389	0.260689	0.259721	0.252235	0.262979	0.296195	0.289841	0.291658	0.326057	0.302431	0.321721	0.31716	0.319675	0.415796	0.272568	0.297805	0.306834	0.278787	0.291575	0.270318	0.268306	0.268309	0.294567	0.307062	0.283124	0.289255	0.275027	0.297179	0.28755	0.29265	0.346834	0.352614	0.343311	0.35238	0.316875	0.323041	0.350107	0.313607	0.299719	0.312341	0.307519	0.316054	0.278347	0.274505	0.262139	0.275322	0.275373	0.344197	0.336936	0.338908	0.33127	0.328825
Anthoscopus_minutus	0.270369	0.276484	0.282233	0.312375	0.317842	0.300486	0.302136	0.345446	0.316293	0.396163	0.38116	0.286007	0.255385	0.269849	0.263197	0.259149	0.261166	0.263273	0.283853	0.278685	0.270466	0.281121	0.272864	0.304672	0.276443	0.280914	0.266126	0.300298	0.305132	0.284732	0.284791	0.292013	0.294058	0.265212	0.263198	0.267264	0.265212	0.265211	0.260502	0.275515	0.254018	0.264155	0.264182	0.268188	0.260046	0.365969	0.38125	0.386076	0.388073	0.383243	0.394296	0.396015	0.418882	0.398544	0.33212	0.34257	0.434027	0.489035	0.373358	0.312088	0.318499	0.336181	0.3622	0.332546	0.305014	0.341283	0.260166	0.260768	0.259714	0.310051	0.308034	0.312061	0.336448	0.323162	0.32499	0.246249	0.212128	0.218749	0.232385	0.219437	0.214006	0.210039	0.184141	0.231676	0.218809	0.211421	0.242353	0.226941	0.245779	0.211565	0.204872	0.22234	0.167436	0.175568	0.211293	0.18172	0.192239	0.229369	0.190043	0.189687	0.202579	0.1982	0.191701	0.192755	0.224753	0.20141	0.19616	0.181346	0.200023	0.198602	0.200512	0.152675	0.139302	0.143804	0.164664	0.150148	0.154095	0.160723	0.160193	0.171679	0.151726	0.151602	0.147606	0.147606	0.168873	0.13964	0.157656	0.160126	0.147195	0.15761	0.158731	0.135208	0.1564	0.148928	0.16393	0.144931	0.165761	0.166086	0.141601	0.138285	0.156199	0.164121	0.149378	0.141875	0.151097	0.144318	0.150665	0.131252	0.15498	0.138806	0	0.127082	0.137233	0.128921	0.139841	0.152624	0.13321	0.139315	0.1522	0.149629	0.153361	0.134649	0.140804	0.152152	0.138746	0.128473	0.141003	0.1451	0.128722	0.139493	0.145222	0.150006	0.168517	0.156732	0.150216	0.15422	0.156148	0.129337	0.12671	0.161361	0.156326	0.145345	0.145345	0.180712	0.177818	0.129371	0.144814	0.133399	0.157034	0.152484	0.161098	0.137335	0.14541	0.141926	0.146995	0.149598	0.151243	0.162004	0.149192	0.14482	0.153603	0.140587	0.181459	0.172558	0.166921	0.1681	0.167928	0.170257	0.159255	0.144944	0.147036	0.153514	0.161404	0.159903	0.16631	0.144723	0.144468	0.148532	0.152579	0.153088	0.155061	0.154899	0.152855	0.154891	0.125049	0.142325	0.123237	0.151705	0.162296	0.170404	0.162025	0.153821	0.163123	0.159714	0.144042	0.177303	0.158427	0.170583	0.173013	0.167956	0.144905	0.147049	0.14573	0.144409	0.131486	0.125691	0.129812	0.199798	0.316993	0.319318	0.296839	0.361748	0.376849	0.331336	0.367446	0.3758	0.341297	0.279301	0.28306	0.318768	0.340381	0.329811	0.325349	0.382979	0.380096	0.353544	0.386638	0.374891	0.318402	0.293723	0.280833	0.285704	0.310068	0.296825	0.305177	0.281977	0.281008	0.273522	0.284266	0.317482	0.311128	0.312946	0.347345	0.323718	0.343008	0.338448	0.340962	0.437083	0.293855	0.319092	0.328122	0.300074	0.312862	0.291605	0.289593	0.289596	0.315855	0.32835	0.304411	0.310542	0.296314	0.318466	0.308837	0.313937	0.368122	0.373902	0.364598	0.373667	0.338163	0.344328	0.371394	0.334895	0.321006	0.333628	0.328806	0.337341	0.299634	0.295793	0.283426	0.296609	0.29666	0.365484	0.358223	0.360195	0.352557	0.350113
Poecile_atricapillus	0.246298	0.252413	0.258161	0.288303	0.29377	0.276415	0.278064	0.321374	0.292222	0.372091	0.357088	0.261935	0.231314	0.245777	0.239125	0.235077	0.237095	0.239202	0.259782	0.254614	0.246394	0.257049	0.248793	0.2806	0.252372	0.256842	0.242055	0.276227	0.281061	0.26066	0.26072	0.267942	0.269987	0.24114	0.239126	0.243193	0.24114	0.241139	0.23643	0.251443	0.229947	0.240083	0.24011	0.244116	0.235974	0.341898	0.357178	0.362004	0.364001	0.359172	0.370225	0.371943	0.39481	0.374473	0.308049	0.318498	0.409955	0.464963	0.349287	0.288017	0.294428	0.312109	0.338129	0.308474	0.280943	0.317211	0.236094	0.236697	0.235642	0.285979	0.283963	0.287989	0.312376	0.29909	0.300918	0.222177	0.188056	0.194677	0.208313	0.195365	0.189935	0.185967	0.160069	0.207604	0.194737	0.18735	0.218282	0.202869	0.221707	0.187493	0.1808	0.198268	0.143364	0.151496	0.187222	0.157648	0.168168	0.205297	0.165972	0.165616	0.178508	0.174128	0.16763	0.168684	0.200681	0.177338	0.172089	0.157274	0.175952	0.17453	0.17644	0.128604	0.11523	0.119732	0.140593	0.126076	0.130024	0.136651	0.136121	0.147607	0.127654	0.12753	0.123534	0.123534	0.144801	0.115568	0.133584	0.136054	0.123123	0.133538	0.13466	0.111136	0.132328	0.124856	0.139858	0.120859	0.141689	0.142015	0.117529	0.114214	0.132127	0.140049	0.125306	0.117804	0.127026	0.120246	0.126594	0.10718	0.130909	0.114735	0.127082	0	0.0426771	0.0343654	0.11577	0.128552	0.109138	0.115243	0.128129	0.125557	0.12929	0.110577	0.116733	0.128081	0.114675	0.104402	0.116931	0.121028	0.10465	0.115422	0.121151	0.125934	0.144445	0.132661	0.126144	0.130149	0.132077	0.105265	0.102639	0.137289	0.132254	0.121273	0.121273	0.15664	0.153747	0.105299	0.120742	0.109327	0.132963	0.128413	0.137026	0.113264	0.121338	0.117854	0.122923	0.125527	0.127172	0.137932	0.12512	0.120749	0.129531	0.116515	0.157387	0.148487	0.14285	0.144028	0.143857	0.146185	0.135184	0.120873	0.122965	0.129442	0.137332	0.135832	0.142238	0.120651	0.120396	0.12446	0.128507	0.129016	0.130989	0.130827	0.128783	0.130819	0.100978	0.118253	0.099165	0.127633	0.138224	0.146333	0.137954	0.129749	0.139051	0.135642	0.119971	0.153232	0.134356	0.146512	0.148941	0.143884	0.120834	0.122977	0.121659	0.120337	0.107414	0.101619	0.10574	0.175726	0.292922	0.295247	0.272767	0.337676	0.352778	0.307264	0.343375	0.351728	0.317225	0.25523	0.258989	0.294696	0.316309	0.305739	0.301278	0.358907	0.356024	0.329472	0.362567	0.350819	0.294331	0.269652	0.256761	0.261632	0.285996	0.272754	0.281105	0.257905	0.256937	0.249451	0.260195	0.29341	0.287056	0.288874	0.323273	0.299647	0.318936	0.314376	0.316891	0.413012	0.269783	0.29502	0.30405	0.276003	0.28879	0.267534	0.265521	0.265525	0.291783	0.304278	0.280339	0.28647	0.272242	0.294395	0.284766	0.289865	0.34405	0.34983	0.340527	0.349595	0.314091	0.320256	0.347322	0.310823	0.296935	0.309556	0.304735	0.31327	0.275563	0.271721	0.259355	0.272537	0.272588	0.341413	0.334152	0.336123	0.328486	0.326041
Parus_major	0.256448	0.262563	0.268312	0.298454	0.303921	0.286565	0.288215	0.331525	0.302372	0.382242	0.367239	0.272086	0.241464	0.255928	0.249276	0.245228	0.247245	0.249352	0.269932	0.264764	0.256545	0.2672	0.258943	0.290751	0.262522	0.266992	0.252205	0.286377	0.291211	0.270811	0.27087	0.278092	0.280137	0.251291	0.249277	0.253343	0.25129	0.25129	0.246581	0.261594	0.240097	0.250234	0.250261	0.254267	0.246124	0.352048	0.367329	0.372155	0.374152	0.369322	0.380375	0.382094	0.404961	0.384623	0.318199	0.328648	0.420106	0.475114	0.359437	0.298167	0.304578	0.32226	0.348279	0.318625	0.291093	0.327362	0.246245	0.246847	0.245793	0.29613	0.294113	0.29814	0.322527	0.309241	0.311068	0.232328	0.198207	0.204828	0.218464	0.205516	0.200085	0.196118	0.17022	0.217755	0.204888	0.1975	0.228432	0.21302	0.231858	0.197644	0.190951	0.208419	0.153515	0.161647	0.197372	0.167799	0.178318	0.215448	0.176122	0.175766	0.188658	0.184279	0.17778	0.178834	0.210832	0.187489	0.182239	0.167425	0.186102	0.184681	0.186591	0.138754	0.125381	0.129883	0.150743	0.136227	0.140174	0.146802	0.146272	0.157758	0.137805	0.137681	0.133685	0.133685	0.154952	0.125719	0.143735	0.146205	0.133274	0.143689	0.14481	0.121287	0.142479	0.135007	0.150009	0.13101	0.15184	0.152165	0.12768	0.124364	0.142278	0.1502	0.135457	0.127954	0.137176	0.130397	0.136744	0.117331	0.141059	0.124885	0.137233	0.0426771	0	0.032581	0.12592	0.138703	0.119288	0.125394	0.138279	0.135708	0.13944	0.120728	0.126883	0.138231	0.124825	0.114552	0.127082	0.131179	0.114801	0.125572	0.131301	0.136085	0.154596	0.142811	0.136295	0.140299	0.142227	0.115416	0.112789	0.147439	0.142405	0.131424	0.131424	0.166791	0.163897	0.11545	0.130893	0.119478	0.143113	0.138563	0.147176	0.123414	0.131489	0.128005	0.133074	0.135677	0.137322	0.148083	0.135271	0.130899	0.139682	0.126665	0.167537	0.158637	0.153	0.154179	0.154007	0.156336	0.145334	0.131023	0.133115	0.139593	0.147483	0.145982	0.152389	0.130802	0.130547	0.134611	0.138658	0.139167	0.14114	0.140978	0.138934	0.14097	0.111128	0.128404	0.109316	0.137784	0.148375	0.156483	0.148104	0.1399	0.149202	0.145793	0.130121	0.163382	0.144506	0.156662	0.159092	0.154035	0.130984	0.133128	0.131809	0.130488	0.117565	0.11177	0.115891	0.185877	0.303072	0.305397	0.282918	0.347827	0.362928	0.317415	0.353525	0.361879	0.327376	0.26538	0.269139	0.304847	0.32646	0.31589	0.311428	0.369058	0.366175	0.339623	0.372717	0.36097	0.304481	0.279802	0.266912	0.271783	0.296147	0.282904	0.291256	0.268056	0.267087	0.259601	0.270345	0.303561	0.297207	0.299025	0.333424	0.309797	0.329087	0.324527	0.327041	0.423162	0.279934	0.305171	0.314201	0.286153	0.298941	0.277684	0.275672	0.275675	0.301934	0.314429	0.29049	0.296621	0.282393	0.304545	0.294916	0.300016	0.354201	0.359981	0.350677	0.359746	0.324242	0.330407	0.357473	0.320974	0.307085	0.319707	0.314885	0.32342	0.285713	0.281872	0.269505	0.282688	0.282739	0.351563	0.344302	0.346274	0.338636	0.336191
Pseudopodoces_humilis	0.248137	0.254251	0.26	0.290142	0.295609	0.278253	0.279903	0.323213	0.294061	0.37393	0.358927	0.263774	0.233153	0.247616	0.240964	0.236916	0.238933	0.24104	0.26162	0.256452	0.248233	0.258888	0.250632	0.282439	0.25421	0.258681	0.243894	0.278066	0.2829	0.262499	0.262559	0.26978	0.271826	0.242979	0.240965	0.245032	0.242979	0.242978	0.238269	0.253282	0.231786	0.241922	0.241949	0.245955	0.237813	0.343737	0.359017	0.363843	0.36584	0.36101	0.372064	0.373782	0.396649	0.376312	0.309888	0.320337	0.411794	0.466802	0.351126	0.289856	0.296267	0.313948	0.339968	0.310313	0.282782	0.31905	0.237933	0.238536	0.237481	0.287818	0.285802	0.289828	0.314215	0.300929	0.302757	0.224016	0.189895	0.196516	0.210152	0.197204	0.191774	0.187806	0.161908	0.209443	0.196576	0.189188	0.22012	0.204708	0.223546	0.189332	0.182639	0.200107	0.145203	0.153335	0.189061	0.159487	0.170007	0.207136	0.16781	0.167455	0.180347	0.175967	0.169469	0.170522	0.20252	0.179177	0.173928	0.159113	0.17779	0.176369	0.178279	0.130442	0.117069	0.121571	0.142432	0.127915	0.131862	0.13849	0.13796	0.149446	0.129493	0.129369	0.125373	0.125373	0.14664	0.117407	0.135423	0.137893	0.124962	0.135377	0.136499	0.112975	0.134167	0.126695	0.141697	0.122698	0.143528	0.143854	0.119368	0.116052	0.133966	0.141888	0.127145	0.119643	0.128865	0.122085	0.128433	0.109019	0.132748	0.116573	0.128921	0.0343654	0.032581	0	0.117608	0.130391	0.110977	0.117082	0.129967	0.127396	0.131129	0.112416	0.118572	0.129919	0.116513	0.106241	0.11877	0.122867	0.106489	0.11726	0.12299	0.127773	0.146284	0.1345	0.127983	0.131988	0.133916	0.107104	0.104478	0.139128	0.134093	0.123112	0.123112	0.158479	0.155585	0.107138	0.122581	0.111166	0.134801	0.130252	0.138865	0.115103	0.123177	0.119693	0.124762	0.127365	0.129011	0.139771	0.126959	0.122587	0.13137	0.118354	0.159226	0.150326	0.144688	0.145867	0.145696	0.148024	0.137023	0.122712	0.124804	0.131281	0.139171	0.137671	0.144077	0.12249	0.122235	0.126299	0.130346	0.130855	0.132828	0.132666	0.130622	0.132658	0.102817	0.120092	0.101004	0.129472	0.140063	0.148171	0.139793	0.131588	0.14089	0.137481	0.12181	0.155071	0.136195	0.14835	0.15078	0.145723	0.122672	0.124816	0.123497	0.122176	0.109253	0.103458	0.107579	0.177565	0.294761	0.297085	0.274606	0.339515	0.354617	0.309103	0.345214	0.353567	0.319064	0.257068	0.260828	0.296535	0.318148	0.307578	0.303117	0.360746	0.357863	0.331311	0.364406	0.352658	0.29617	0.271491	0.2586	0.263471	0.287835	0.274592	0.282944	0.259744	0.258775	0.25129	0.262034	0.295249	0.288895	0.290713	0.325112	0.301486	0.320775	0.316215	0.31873	0.41485	0.271622	0.296859	0.305889	0.277841	0.290629	0.269372	0.26736	0.267364	0.293622	0.306117	0.282178	0.288309	0.274081	0.296234	0.286605	0.291704	0.345889	0.351669	0.342365	0.351434	0.31593	0.322095	0.349161	0.312662	0.298773	0.311395	0.306573	0.315109	0.277402	0.27356	0.261194	0.274376	0.274427	0.343252	0.335991	0.337962	0.330325	0.32788
Alaudala_cheleensis	0.258384	0.264498	0.270247	0.300389	0.305856	0.2885	0.29015	0.33346	0.304308	0.384177	0.369174	0.274021	0.243399	0.257863	0.251211	0.247163	0.24918	0.251287	0.271867	0.266699	0.25848	0.269135	0.260879	0.292686	0.264457	0.268928	0.25414	0.288313	0.293147	0.272746	0.272806	0.280027	0.282073	0.253226	0.251212	0.255279	0.253226	0.253225	0.248516	0.263529	0.242033	0.252169	0.252196	0.256202	0.24806	0.353984	0.369264	0.37409	0.376087	0.371257	0.382311	0.384029	0.406896	0.386559	0.320135	0.330584	0.422041	0.477049	0.361373	0.300103	0.306513	0.324195	0.350215	0.32056	0.293028	0.329297	0.24818	0.248783	0.247728	0.298065	0.296049	0.300075	0.324462	0.311176	0.313004	0.234263	0.200142	0.206763	0.220399	0.207451	0.202021	0.198053	0.172155	0.21969	0.206823	0.199435	0.230367	0.214955	0.233793	0.199579	0.192886	0.210354	0.15545	0.163582	0.199308	0.169734	0.180254	0.217383	0.178057	0.177702	0.190594	0.186214	0.179716	0.180769	0.212767	0.189424	0.184175	0.16936	0.188037	0.186616	0.188526	0.140689	0.127316	0.131818	0.152679	0.138162	0.142109	0.148737	0.148207	0.159693	0.13974	0.139616	0.13562	0.13562	0.156887	0.127654	0.14567	0.14814	0.135209	0.145624	0.146746	0.123222	0.144414	0.136942	0.151944	0.132945	0.153775	0.1541	0.129615	0.126299	0.144213	0.152135	0.137392	0.12989	0.139111	0.132332	0.138679	0.119266	0.142995	0.12682	0.139841	0.11577	0.12592	0.117608	0	0.120505	0.101095	0.1072	0.120086	0.117515	0.121247	0.102535	0.10869	0.120038	0.106632	0.0963589	0.108888	0.112985	0.0966075	0.107379	0.113108	0.117891	0.136402	0.124618	0.118101	0.122106	0.124034	0.0972224	0.0945959	0.129246	0.124211	0.11323	0.11323	0.168726	0.165832	0.117385	0.132828	0.121413	0.145048	0.140499	0.149112	0.12535	0.133424	0.12994	0.135009	0.137612	0.139258	0.150018	0.137206	0.132834	0.141617	0.128601	0.169473	0.160573	0.154935	0.156114	0.155943	0.158271	0.14727	0.132959	0.135051	0.141528	0.149418	0.147918	0.154324	0.132737	0.132482	0.136546	0.140593	0.141102	0.143075	0.142913	0.140869	0.142905	0.113064	0.130339	0.111251	0.139719	0.15031	0.158418	0.15004	0.141835	0.151137	0.147728	0.132057	0.165318	0.146442	0.158597	0.161027	0.15597	0.132919	0.135063	0.133744	0.132423	0.1195	0.113705	0.117826	0.187812	0.305007	0.307332	0.284853	0.349762	0.364864	0.31935	0.355461	0.363814	0.329311	0.267315	0.271075	0.306782	0.328395	0.317825	0.313363	0.370993	0.36811	0.341558	0.374653	0.362905	0.306416	0.281738	0.268847	0.273718	0.298082	0.284839	0.293191	0.269991	0.269022	0.261537	0.272281	0.305496	0.299142	0.30096	0.335359	0.311732	0.331022	0.326462	0.328977	0.425097	0.281869	0.307106	0.316136	0.288088	0.300876	0.279619	0.277607	0.277611	0.303869	0.316364	0.292425	0.298556	0.284328	0.306481	0.296852	0.301951	0.356136	0.361916	0.352612	0.361681	0.326177	0.332342	0.359408	0.322909	0.30902	0.321642	0.31682	0.325356	0.287649	0.283807	0.271441	0.284623	0.284674	0.353499	0.346238	0.348209	0.340572	0.338127
Panurus_biarmicus	0.271166	0.277281	0.283029	0.313172	0.318639	0.301283	0.302932	0.346242	0.31709	0.39696	0.381957	0.286803	0.256182	0.270645	0.263993	0.259946	0.261963	0.26407	0.28465	0.279482	0.271263	0.281917	0.273661	0.305469	0.27724	0.28171	0.266923	0.301095	0.305929	0.285528	0.285588	0.29281	0.294855	0.266009	0.263995	0.268061	0.266008	0.266007	0.261298	0.276311	0.254815	0.264951	0.264979	0.268985	0.260842	0.366766	0.382046	0.386873	0.38887	0.38404	0.395093	0.396812	0.419678	0.399341	0.332917	0.343366	0.434823	0.489832	0.374155	0.312885	0.319296	0.336977	0.362997	0.333343	0.305811	0.34208	0.260962	0.261565	0.260511	0.310848	0.308831	0.312858	0.337244	0.323958	0.325786	0.247046	0.212925	0.219546	0.233181	0.220234	0.214803	0.210835	0.184938	0.232472	0.219606	0.212218	0.24315	0.227738	0.246575	0.212362	0.205669	0.223137	0.168233	0.176365	0.21209	0.182517	0.193036	0.230165	0.19084	0.190484	0.203376	0.198996	0.192498	0.193552	0.22555	0.202207	0.196957	0.182143	0.20082	0.199399	0.201308	0.153472	0.140099	0.1446	0.165461	0.150944	0.154892	0.16152	0.160989	0.172476	0.152523	0.152399	0.148403	0.148403	0.169669	0.140436	0.158452	0.160923	0.147991	0.158407	0.159528	0.136005	0.157197	0.149725	0.164726	0.145728	0.166558	0.166883	0.142398	0.139082	0.156996	0.164918	0.150175	0.142672	0.151894	0.145115	0.151462	0.132049	0.155777	0.139603	0.152624	0.128552	0.138703	0.130391	0.120505	0	0.113878	0.119983	0.132868	0.130297	0.13403	0.115317	0.121473	0.13282	0.119414	0.109142	0.121671	0.125768	0.10939	0.120161	0.125891	0.130674	0.149185	0.1374	0.130884	0.134889	0.136817	0.110005	0.107378	0.142029	0.136994	0.126013	0.126013	0.181508	0.178615	0.130168	0.145611	0.134195	0.157831	0.153281	0.161894	0.138132	0.146207	0.142722	0.147792	0.150395	0.15204	0.162801	0.149988	0.145617	0.154399	0.141383	0.182255	0.173355	0.167718	0.168897	0.168725	0.171053	0.160052	0.145741	0.147833	0.154311	0.162201	0.1607	0.167106	0.14552	0.145265	0.149329	0.153376	0.153885	0.155858	0.155695	0.153652	0.155688	0.125846	0.143121	0.124033	0.152501	0.163093	0.171201	0.162822	0.154617	0.163919	0.16051	0.144839	0.1781	0.159224	0.17138	0.17381	0.168752	0.145702	0.147846	0.146527	0.145206	0.132283	0.126487	0.130608	0.200595	0.31779	0.320115	0.297635	0.362545	0.377646	0.332132	0.368243	0.376596	0.342094	0.280098	0.283857	0.319565	0.341178	0.330608	0.326146	0.383775	0.380893	0.354341	0.387435	0.375688	0.319199	0.29452	0.28163	0.286501	0.310865	0.297622	0.305974	0.282773	0.281805	0.274319	0.285063	0.318279	0.311925	0.313742	0.348141	0.324515	0.343805	0.339244	0.341759	0.43788	0.294652	0.319889	0.328918	0.300871	0.313659	0.292402	0.29039	0.290393	0.316651	0.329146	0.305208	0.311339	0.297111	0.319263	0.309634	0.314734	0.368918	0.374698	0.365395	0.374464	0.33896	0.345125	0.372191	0.335691	0.321803	0.334425	0.329603	0.338138	0.300431	0.296589	0.284223	0.297406	0.297457	0.366281	0.35902	0.360992	0.353354	0.350909
Nicator_chloris	0.251752	0.257867	0.263615	0.293757	0.299224	0.281869	0.283518	0.326828	0.297676	0.377545	0.362542	0.267389	0.236768	0.251231	0.244579	0.240531	0.242549	0.244656	0.265236	0.260068	0.251848	0.262503	0.254247	0.286054	0.257826	0.262296	0.247509	0.281681	0.286515	0.266114	0.266174	0.273396	0.275441	0.246594	0.24458	0.248647	0.246594	0.246593	0.241884	0.256897	0.235401	0.245537	0.245564	0.24957	0.241428	0.347352	0.362632	0.367458	0.369455	0.364626	0.375679	0.377397	0.400264	0.379927	0.313503	0.323952	0.415409	0.470417	0.354741	0.293471	0.299882	0.317563	0.343583	0.313928	0.286397	0.322665	0.241548	0.242151	0.241097	0.291433	0.289417	0.293444	0.31783	0.304544	0.306372	0.227631	0.19351	0.200131	0.213767	0.200819	0.195389	0.191421	0.165523	0.213058	0.200191	0.192804	0.223736	0.208323	0.227161	0.192947	0.186255	0.203723	0.148818	0.15695	0.192676	0.163102	0.173622	0.210751	0.171426	0.17107	0.183962	0.179582	0.173084	0.174138	0.206135	0.182793	0.177543	0.162729	0.181406	0.179984	0.181894	0.134058	0.120684	0.125186	0.146047	0.13153	0.135478	0.142105	0.141575	0.153061	0.133108	0.132984	0.128988	0.128988	0.150255	0.121022	0.139038	0.141508	0.128577	0.138993	0.140114	0.11659	0.137782	0.13031	0.145312	0.126314	0.147143	0.147469	0.122984	0.119668	0.137581	0.145503	0.13076	0.123258	0.13248	0.1257	0.132048	0.112635	0.136363	0.120189	0.13321	0.109138	0.119288	0.110977	0.101095	0.113878	0	0.0964393	0.109325	0.106754	0.110486	0.0917737	0.0979291	0.109277	0.0958708	0.085598	0.0981273	0.102225	0.0858466	0.0966179	0.102347	0.107131	0.125642	0.113857	0.107341	0.111345	0.113273	0.0864615	0.083835	0.118485	0.11345	0.10247	0.102469	0.162094	0.159201	0.110754	0.126196	0.114781	0.138417	0.133867	0.14248	0.118718	0.126792	0.123308	0.128377	0.130981	0.132626	0.143386	0.130574	0.126203	0.134985	0.121969	0.162841	0.153941	0.148304	0.149482	0.149311	0.151639	0.140638	0.126327	0.128419	0.134896	0.142786	0.141286	0.147692	0.126105	0.12585	0.129915	0.133962	0.13447	0.136443	0.136281	0.134237	0.136273	0.106432	0.123707	0.104619	0.133087	0.143678	0.151787	0.143408	0.135203	0.144505	0.141096	0.125425	0.158686	0.13981	0.151966	0.154395	0.149338	0.126288	0.128431	0.127113	0.125792	0.112868	0.107073	0.111194	0.18118	0.298376	0.300701	0.278221	0.34313	0.358232	0.312718	0.348829	0.357182	0.32268	0.260684	0.264443	0.30015	0.321763	0.311193	0.306732	0.364361	0.361479	0.334926	0.368021	0.356273	0.299785	0.275106	0.262215	0.267086	0.29145	0.278208	0.286559	0.263359	0.262391	0.254905	0.265649	0.298864	0.29251	0.294328	0.328727	0.305101	0.32439	0.31983	0.322345	0.418466	0.275237	0.300475	0.309504	0.281457	0.294245	0.272988	0.270975	0.270979	0.297237	0.309732	0.285793	0.291925	0.277697	0.299849	0.29022	0.295319	0.349504	0.355284	0.345981	0.35505	0.319545	0.325711	0.352776	0.316277	0.302389	0.31501	0.310189	0.318724	0.281017	0.277175	0.264809	0.277991	0.278042	0.346867	0.339606	0.341577	0.33394	0.331495
Sylvietta_virens	0.257857	0.263972	0.26972	0.299863	0.30533	0.287974	0.289623	0.332933	0.303781	0.383651	0.368648	0.273494	0.242873	0.257336	0.250684	0.246637	0.248654	0.250761	0.271341	0.266173	0.257954	0.268608	0.260352	0.29216	0.263931	0.268401	0.253614	0.287786	0.29262	0.272219	0.272279	0.279501	0.281546	0.252699	0.250686	0.254752	0.252699	0.252698	0.247989	0.263002	0.241506	0.251642	0.251669	0.255675	0.247533	0.353457	0.368737	0.373564	0.37556	0.370731	0.381784	0.383503	0.406369	0.386032	0.319608	0.330057	0.421514	0.476523	0.360846	0.299576	0.305987	0.323668	0.349688	0.320033	0.292502	0.328771	0.247653	0.248256	0.247202	0.297539	0.295522	0.299549	0.323935	0.310649	0.312477	0.233736	0.199616	0.206237	0.219872	0.206924	0.201494	0.197526	0.171629	0.219163	0.206297	0.198909	0.229841	0.214428	0.233266	0.199052	0.19236	0.209828	0.154923	0.163056	0.198781	0.169208	0.179727	0.216856	0.177531	0.177175	0.190067	0.185687	0.179189	0.180243	0.212241	0.188898	0.183648	0.168834	0.187511	0.186089	0.187999	0.140163	0.12679	0.131291	0.152152	0.137635	0.141583	0.14821	0.14768	0.159167	0.139214	0.13909	0.135094	0.135094	0.15636	0.127127	0.145143	0.147614	0.134682	0.145098	0.146219	0.122696	0.143888	0.136415	0.151417	0.132419	0.153249	0.153574	0.129089	0.125773	0.143686	0.151609	0.136865	0.129363	0.138585	0.131805	0.138153	0.11874	0.142468	0.126294	0.139315	0.115243	0.125394	0.117082	0.1072	0.119983	0.0964393	0	0.107516	0.104945	0.108677	0.0899647	0.0961201	0.107468	0.0940617	0.083789	0.0963183	0.100416	0.0880496	0.0988209	0.104554	0.109338	0.127849	0.116064	0.109548	0.113552	0.11548	0.0886685	0.086042	0.120692	0.115657	0.104677	0.104676	0.168199	0.165306	0.116859	0.132302	0.120886	0.144522	0.139972	0.148585	0.124823	0.132898	0.129413	0.134482	0.137086	0.138731	0.149492	0.136679	0.132308	0.14109	0.128074	0.168946	0.160046	0.154409	0.155587	0.155416	0.157744	0.146743	0.132432	0.134524	0.141001	0.148891	0.147391	0.153797	0.132211	0.131955	0.13602	0.140067	0.140575	0.142549	0.142386	0.140342	0.142378	0.112537	0.129812	0.110724	0.139192	0.149783	0.157892	0.149513	0.141308	0.15061	0.147201	0.13153	0.164791	0.145915	0.158071	0.1605	0.155443	0.132393	0.134536	0.133218	0.131897	0.118973	0.113178	0.117299	0.187285	0.304481	0.306806	0.284326	0.349235	0.364337	0.318823	0.354934	0.363287	0.328785	0.266789	0.270548	0.306256	0.327868	0.317298	0.312837	0.370466	0.367584	0.341031	0.374126	0.362378	0.30589	0.281211	0.26832	0.273191	0.297555	0.284313	0.292665	0.269464	0.268496	0.26101	0.271754	0.30497	0.298616	0.300433	0.334832	0.311206	0.330495	0.325935	0.32845	0.424571	0.281342	0.30658	0.315609	0.287562	0.30035	0.279093	0.277081	0.277084	0.303342	0.315837	0.291899	0.29803	0.283802	0.305954	0.296325	0.301424	0.355609	0.361389	0.352086	0.361155	0.32565	0.331816	0.358882	0.322382	0.308494	0.321115	0.316294	0.324829	0.287122	0.28328	0.270914	0.284097	0.284147	0.352972	0.345711	0.347682	0.340045	0.3376
Cisticola_juncidis	0.270743	0.276857	0.282606	0.312748	0.318215	0.300859	0.302509	0.345819	0.316667	0.396536	0.381533	0.28638	0.255758	0.270222	0.26357	0.259522	0.261539	0.263646	0.284226	0.279058	0.270839	0.281494	0.273238	0.305045	0.276816	0.281287	0.266499	0.300672	0.305506	0.285105	0.285165	0.292386	0.294432	0.265585	0.263571	0.267638	0.265585	0.265584	0.260875	0.275888	0.254392	0.264528	0.264555	0.268561	0.260419	0.366343	0.381623	0.386449	0.388446	0.383616	0.39467	0.396388	0.419255	0.398918	0.332494	0.342943	0.4344	0.489408	0.373732	0.312462	0.318872	0.336554	0.362574	0.332919	0.305387	0.341656	0.260539	0.261142	0.260087	0.310424	0.308408	0.312434	0.336821	0.323535	0.325363	0.246622	0.212501	0.219122	0.232758	0.21981	0.21438	0.210412	0.184514	0.232049	0.219182	0.211794	0.242726	0.227314	0.246152	0.211938	0.205245	0.222713	0.167809	0.175941	0.211667	0.182093	0.192613	0.229742	0.190416	0.190061	0.202953	0.198573	0.192075	0.193128	0.225126	0.201783	0.196534	0.181719	0.200396	0.198975	0.200885	0.153048	0.139675	0.144177	0.165038	0.150521	0.154468	0.161096	0.160566	0.172052	0.152099	0.151975	0.147979	0.147979	0.169246	0.140013	0.158029	0.160499	0.147568	0.157983	0.159105	0.135581	0.156773	0.149301	0.164303	0.145304	0.166134	0.166459	0.141974	0.138658	0.156572	0.164494	0.149751	0.142249	0.15147	0.144691	0.151038	0.131625	0.155353	0.139179	0.1522	0.128129	0.138279	0.129967	0.120086	0.132868	0.109325	0.107516	0	0.114301	0.118033	0.0993208	0.105476	0.116824	0.103418	0.0931451	0.105674	0.109772	0.100935	0.111706	0.11744	0.122223	0.140734	0.12895	0.122433	0.126438	0.128366	0.101554	0.0989276	0.133578	0.128543	0.117562	0.117562	0.181085	0.178191	0.129744	0.145187	0.133772	0.157407	0.152858	0.161471	0.137709	0.145783	0.142299	0.147368	0.149971	0.151617	0.162377	0.149565	0.145193	0.153976	0.14096	0.181832	0.172932	0.167294	0.168473	0.168302	0.17063	0.159629	0.145317	0.147409	0.153887	0.161777	0.160277	0.166683	0.145096	0.144841	0.148905	0.152952	0.153461	0.155434	0.155272	0.153228	0.155264	0.125423	0.142698	0.12361	0.152078	0.162669	0.170777	0.162399	0.154194	0.163496	0.160087	0.144416	0.177677	0.158801	0.170956	0.173386	0.168329	0.145278	0.147422	0.146103	0.144782	0.131859	0.126064	0.130185	0.200171	0.317366	0.319691	0.297212	0.362121	0.377223	0.331709	0.36782	0.376173	0.34167	0.279674	0.283434	0.319141	0.340754	0.330184	0.325722	0.383352	0.380469	0.353917	0.387012	0.375264	0.318775	0.294097	0.281206	0.286077	0.310441	0.297198	0.30555	0.28235	0.281381	0.273896	0.28464	0.317855	0.311501	0.313319	0.347718	0.324091	0.343381	0.338821	0.341336	0.437456	0.294228	0.319465	0.328495	0.300447	0.313235	0.291978	0.289966	0.28997	0.316228	0.328723	0.304784	0.310915	0.296687	0.31884	0.309211	0.31431	0.368495	0.374275	0.364971	0.37404	0.338536	0.344701	0.371767	0.335268	0.321379	0.334001	0.329179	0.337715	0.300008	0.296166	0.2838	0.296982	0.297033	0.365858	0.358597	0.360568	0.352931	0.350486
Sinosuthora_webbiana	0.268171	0.274286	0.280035	0.310177	0.315644	0.298288	0.299938	0.343248	0.314095	0.393965	0.378962	0.283809	0.253187	0.267651	0.260999	0.256951	0.258968	0.261075	0.281655	0.276487	0.268268	0.278923	0.270666	0.302474	0.274245	0.278716	0.263928	0.2981	0.302934	0.282534	0.282593	0.289815	0.29186	0.263014	0.261	0.265066	0.263014	0.263013	0.258304	0.273317	0.25182	0.261957	0.261984	0.26599	0.257848	0.363771	0.379052	0.383878	0.385875	0.381045	0.392098	0.393817	0.416684	0.396346	0.329922	0.340371	0.431829	0.486837	0.37116	0.30989	0.316301	0.333983	0.360002	0.330348	0.302816	0.339085	0.257968	0.25857	0.257516	0.307853	0.305836	0.309863	0.33425	0.320964	0.322791	0.244051	0.20993	0.216551	0.230187	0.217239	0.211808	0.207841	0.181943	0.229478	0.216611	0.209223	0.240155	0.224743	0.243581	0.209367	0.202674	0.220142	0.165238	0.17337	0.209095	0.179522	0.190041	0.227171	0.187845	0.187489	0.200381	0.196002	0.189503	0.190557	0.222555	0.199212	0.193962	0.179148	0.197825	0.196404	0.198314	0.150477	0.137104	0.141606	0.162466	0.14795	0.151897	0.158525	0.157995	0.169481	0.149528	0.149404	0.145408	0.145408	0.166675	0.137442	0.155458	0.157928	0.144997	0.155412	0.156533	0.13301	0.154202	0.14673	0.161732	0.142733	0.163563	0.163888	0.139403	0.136087	0.154001	0.161923	0.14718	0.139677	0.148899	0.14212	0.148467	0.129054	0.152782	0.136608	0.149629	0.125557	0.135708	0.127396	0.117515	0.130297	0.106754	0.104945	0.114301	0	0.0872573	0.0685449	0.0902477	0.101595	0.0881893	0.0779166	0.0904459	0.0945431	0.0983639	0.109135	0.114868	0.119652	0.138163	0.126378	0.119862	0.123866	0.125794	0.0989829	0.0963564	0.131007	0.125972	0.114991	0.114991	0.178514	0.17562	0.127173	0.142616	0.131201	0.154836	0.150286	0.158899	0.135137	0.143212	0.139728	0.144797	0.1474	0.149045	0.159806	0.146994	0.142622	0.151405	0.138388	0.179261	0.17036	0.164723	0.165902	0.16573	0.168059	0.157057	0.142746	0.144838	0.151316	0.159206	0.157705	0.164112	0.142525	0.14227	0.146334	0.150381	0.15089	0.152863	0.152701	0.150657	0.152693	0.122851	0.140127	0.121039	0.149507	0.160098	0.168206	0.159827	0.151623	0.160925	0.157516	0.141844	0.175105	0.156229	0.168385	0.170815	0.165758	0.142707	0.144851	0.143532	0.142211	0.129288	0.123493	0.127614	0.1976	0.314795	0.31712	0.294641	0.35955	0.374651	0.329138	0.365248	0.373602	0.339099	0.277103	0.280862	0.31657	0.338183	0.327613	0.323151	0.380781	0.377898	0.351346	0.38444	0.372693	0.316204	0.291525	0.278635	0.283506	0.30787	0.294627	0.302979	0.279779	0.27881	0.271324	0.282068	0.315284	0.30893	0.310748	0.345147	0.32152	0.34081	0.33625	0.338764	0.434885	0.291657	0.316894	0.325924	0.297876	0.310664	0.289407	0.287395	0.287398	0.313657	0.326152	0.302213	0.308344	0.294116	0.316268	0.306639	0.311739	0.365924	0.371704	0.3624	0.371469	0.335965	0.34213	0.369196	0.332697	0.318808	0.33143	0.326608	0.335143	0.297436	0.293595	0.281228	0.294411	0.294462	0.363286	0.356025	0.357997	0.350359	0.347915
Sylvia_atricapilla	0.271904	0.278019	0.283767	0.313909	0.319376	0.302021	0.30367	0.34698	0.317828	0.397697	0.382694	0.287541	0.25692	0.271383	0.264731	0.260683	0.262701	0.264808	0.285388	0.28022	0.272	0.282655	0.274399	0.306206	0.277978	0.282448	0.267661	0.301833	0.306667	0.286266	0.286326	0.293548	0.295593	0.266746	0.264732	0.268799	0.266746	0.266745	0.262036	0.277049	0.255553	0.265689	0.265716	0.269722	0.26158	0.367504	0.382784	0.38761	0.389607	0.384778	0.395831	0.397549	0.420416	0.400079	0.333655	0.344104	0.435561	0.490569	0.374893	0.313623	0.320034	0.337715	0.363735	0.33408	0.306549	0.342817	0.2617	0.262303	0.261248	0.311585	0.309569	0.313595	0.337982	0.324696	0.326524	0.247783	0.213662	0.220283	0.233919	0.220971	0.215541	0.211573	0.185675	0.23321	0.220343	0.212956	0.243888	0.228475	0.247313	0.213099	0.206406	0.223874	0.16897	0.177102	0.212828	0.183254	0.193774	0.230903	0.191578	0.191222	0.204114	0.199734	0.193236	0.19429	0.226287	0.202944	0.197695	0.18288	0.201558	0.200136	0.202046	0.15421	0.140836	0.145338	0.166199	0.151682	0.15563	0.162257	0.161727	0.173213	0.15326	0.153136	0.14914	0.14914	0.170407	0.141174	0.15919	0.16166	0.148729	0.159144	0.160266	0.136742	0.157934	0.150462	0.165464	0.146466	0.167295	0.167621	0.143135	0.13982	0.157733	0.165655	0.150912	0.14341	0.152632	0.145852	0.1522	0.132786	0.156515	0.140341	0.153361	0.12929	0.13944	0.131129	0.121247	0.13403	0.110486	0.108677	0.118033	0.0872573	0	0.0388294	0.0939801	0.105328	0.0919218	0.0816491	0.0941783	0.0982756	0.102096	0.112868	0.118601	0.123384	0.141895	0.130111	0.123594	0.127599	0.129527	0.102715	0.100089	0.134739	0.129704	0.118723	0.118723	0.182246	0.179353	0.130905	0.146348	0.134933	0.158569	0.154019	0.162632	0.13887	0.146944	0.14346	0.148529	0.151133	0.152778	0.163538	0.150726	0.146355	0.155137	0.142121	0.182993	0.174093	0.168456	0.169634	0.169463	0.171791	0.16079	0.146479	0.148571	0.155048	0.162938	0.161438	0.167844	0.146257	0.146002	0.150067	0.154113	0.154622	0.156595	0.156433	0.154389	0.156425	0.126584	0.143859	0.124771	0.153239	0.16383	0.171939	0.16356	0.155355	0.164657	0.161248	0.145577	0.178838	0.159962	0.172118	0.174547	0.16949	0.14644	0.148583	0.147265	0.145944	0.13302	0.127225	0.131346	0.201332	0.318528	0.320853	0.298373	0.363282	0.378384	0.33287	0.368981	0.377334	0.342831	0.280836	0.284595	0.320302	0.341915	0.331345	0.326884	0.384513	0.38163	0.355078	0.388173	0.376425	0.319937	0.295258	0.282367	0.287238	0.311602	0.29836	0.306711	0.283511	0.282543	0.275057	0.285801	0.319016	0.312662	0.31448	0.348879	0.325253	0.344542	0.339982	0.342497	0.438618	0.295389	0.320627	0.329656	0.301609	0.314396	0.29314	0.291127	0.291131	0.317389	0.329884	0.305945	0.312077	0.297848	0.320001	0.310372	0.315471	0.369656	0.375436	0.366133	0.375202	0.339697	0.345862	0.372928	0.336429	0.322541	0.335162	0.330341	0.338876	0.301169	0.297327	0.284961	0.298143	0.298194	0.367019	0.359758	0.361729	0.354092	0.351647
Sylvia_borin	0.253191	0.259306	0.265055	0.295197	0.300664	0.283308	0.284958	0.328268	0.299115	0.378985	0.363982	0.268829	0.238207	0.252671	0.246019	0.241971	0.243988	0.246095	0.266675	0.261507	0.253288	0.263943	0.255686	0.287494	0.259265	0.263736	0.248948	0.283121	0.287954	0.267554	0.267614	0.274835	0.27688	0.248034	0.24602	0.250087	0.248034	0.248033	0.243324	0.258337	0.23684	0.246977	0.247004	0.25101	0.242868	0.348792	0.364072	0.368898	0.370895	0.366065	0.377118	0.378837	0.401704	0.381366	0.314942	0.325392	0.416849	0.471857	0.35618	0.29491	0.301321	0.319003	0.345022	0.315368	0.287836	0.324105	0.242988	0.24359	0.242536	0.292873	0.290857	0.294883	0.31927	0.305984	0.307812	0.229071	0.19495	0.201571	0.215207	0.202259	0.196829	0.192861	0.166963	0.214498	0.201631	0.194243	0.225175	0.209763	0.228601	0.194387	0.187694	0.205162	0.150258	0.15839	0.194115	0.164542	0.175061	0.212191	0.172865	0.17251	0.185402	0.181022	0.174523	0.175577	0.207575	0.184232	0.178983	0.164168	0.182845	0.181424	0.183334	0.135497	0.122124	0.126626	0.147486	0.13297	0.136917	0.143545	0.143015	0.154501	0.134548	0.134424	0.130428	0.130428	0.151695	0.122462	0.140478	0.142948	0.130017	0.140432	0.141553	0.11803	0.139222	0.13175	0.146752	0.127753	0.148583	0.148908	0.124423	0.121107	0.139021	0.146943	0.1322	0.124697	0.133919	0.12714	0.133487	0.114074	0.137802	0.121628	0.134649	0.110577	0.120728	0.112416	0.102535	0.115317	0.0917737	0.0899647	0.0993208	0.0685449	0.0388294	0	0.0752678	0.0866155	0.0732094	0.0629367	0.075466	0.0795632	0.083384	0.0941553	0.0998886	0.104672	0.123183	0.111398	0.104882	0.108887	0.110815	0.084003	0.0813765	0.116027	0.110992	0.100011	0.100011	0.163534	0.16064	0.112193	0.127636	0.116221	0.139856	0.135306	0.14392	0.120157	0.128232	0.124748	0.129817	0.13242	0.134065	0.144826	0.132014	0.127642	0.136425	0.123409	0.164281	0.155381	0.149743	0.150922	0.15075	0.153079	0.142077	0.127766	0.129858	0.136336	0.144226	0.142725	0.149132	0.127545	0.12729	0.131354	0.135401	0.13591	0.137883	0.137721	0.135677	0.137713	0.107872	0.125147	0.106059	0.134527	0.145118	0.153226	0.144848	0.136643	0.145945	0.142536	0.126864	0.160125	0.14125	0.153405	0.155835	0.150778	0.127727	0.129871	0.128552	0.127231	0.114308	0.108513	0.112634	0.18262	0.299815	0.30214	0.279661	0.34457	0.359671	0.314158	0.350268	0.358622	0.324119	0.262123	0.265882	0.30159	0.323203	0.312633	0.308171	0.365801	0.362918	0.336366	0.369461	0.357713	0.301224	0.276546	0.263655	0.268526	0.29289	0.279647	0.287999	0.264799	0.26383	0.256345	0.267088	0.300304	0.29395	0.295768	0.330167	0.30654	0.32583	0.32127	0.323784	0.419905	0.276677	0.301914	0.310944	0.282896	0.295684	0.274427	0.272415	0.272418	0.298677	0.311172	0.287233	0.293364	0.279136	0.301288	0.29166	0.296759	0.350944	0.356724	0.34742	0.356489	0.320985	0.32715	0.354216	0.317717	0.303828	0.31645	0.311628	0.320163	0.282456	0.278615	0.266248	0.279431	0.279482	0.348306	0.341046	0.343017	0.335379	0.332935
Sterrhoptilus_dennistouni	0.259347	0.265462	0.27121	0.301352	0.306819	0.289464	0.291113	0.334423	0.305271	0.38514	0.370137	0.274984	0.244363	0.258826	0.252174	0.248126	0.250144	0.252251	0.272831	0.267663	0.259443	0.270098	0.261842	0.293649	0.265421	0.269891	0.255104	0.289276	0.29411	0.273709	0.273769	0.280991	0.283036	0.254189	0.252175	0.256242	0.254189	0.254188	0.249479	0.264492	0.242996	0.253132	0.253159	0.257165	0.249023	0.354947	0.370227	0.375053	0.37705	0.372221	0.383274	0.384992	0.407859	0.387522	0.321098	0.331547	0.423004	0.478012	0.362336	0.301066	0.307477	0.325158	0.351178	0.321523	0.293992	0.33026	0.249143	0.249746	0.248691	0.299028	0.297012	0.301038	0.325425	0.312139	0.313967	0.235226	0.201105	0.207726	0.221362	0.208414	0.202984	0.199016	0.173118	0.220653	0.207786	0.200399	0.231331	0.215918	0.234756	0.200542	0.19385	0.211317	0.156413	0.164545	0.200271	0.170697	0.181217	0.218346	0.179021	0.178665	0.191557	0.187177	0.180679	0.181733	0.21373	0.190388	0.185138	0.170324	0.189001	0.187579	0.189489	0.141653	0.128279	0.132781	0.153642	0.139125	0.143073	0.1497	0.14917	0.160656	0.140703	0.140579	0.136583	0.136583	0.15785	0.128617	0.146633	0.149103	0.136172	0.146587	0.147709	0.124185	0.145377	0.137905	0.152907	0.133909	0.154738	0.155064	0.130578	0.127263	0.145176	0.153098	0.138355	0.130853	0.140075	0.133295	0.139643	0.12023	0.143958	0.127784	0.140804	0.116733	0.126883	0.118572	0.10869	0.121473	0.0979291	0.0961201	0.105476	0.0902477	0.0939801	0.0752678	0	0.0617767	0.0483706	0.0610875	0.0736219	0.0777239	0.0895394	0.100311	0.106044	0.110827	0.129338	0.117554	0.111037	0.115042	0.11697	0.0901583	0.0875318	0.122182	0.117147	0.106166	0.106166	0.169689	0.166796	0.118348	0.133791	0.122376	0.146012	0.141462	0.150075	0.126313	0.134387	0.130903	0.135972	0.138576	0.140221	0.150981	0.138169	0.133798	0.14258	0.129564	0.170436	0.161536	0.155899	0.157077	0.156906	0.159234	0.148233	0.133922	0.136014	0.142491	0.150381	0.148881	0.155287	0.1337	0.133445	0.13751	0.141556	0.142065	0.144038	0.143876	0.141832	0.143868	0.114027	0.131302	0.112214	0.140682	0.151273	0.159382	0.151003	0.142798	0.1521	0.148691	0.13302	0.166281	0.147405	0.159561	0.16199	0.156933	0.133883	0.136026	0.134708	0.133387	0.120463	0.114668	0.118789	0.188775	0.305971	0.308296	0.285816	0.350725	0.365827	0.320313	0.356424	0.364777	0.330274	0.268279	0.272038	0.307745	0.329358	0.318788	0.314327	0.371956	0.369074	0.342521	0.375616	0.363868	0.30738	0.282701	0.26981	0.274681	0.299045	0.285803	0.294154	0.270954	0.269986	0.2625	0.273244	0.306459	0.300105	0.301923	0.336322	0.312696	0.331985	0.327425	0.32994	0.426061	0.282832	0.30807	0.317099	0.289052	0.301839	0.280583	0.27857	0.278574	0.304832	0.317327	0.293388	0.29952	0.285291	0.307444	0.297815	0.302914	0.357099	0.362879	0.353576	0.362645	0.32714	0.333305	0.360371	0.323872	0.309984	0.322605	0.317784	0.326319	0.288612	0.28477	0.272404	0.285586	0.285637	0.354462	0.347201	0.349172	0.341535	0.33909
Zosterops_hypoxanthus	0.270695	0.276809	0.282558	0.3127	0.318167	0.300811	0.302461	0.345771	0.316619	0.396488	0.381485	0.286332	0.25571	0.270174	0.263522	0.259474	0.261491	0.263598	0.284178	0.27901	0.270791	0.281446	0.27319	0.304997	0.276768	0.281239	0.266451	0.300624	0.305458	0.285057	0.285117	0.292338	0.294384	0.265537	0.263523	0.26759	0.265537	0.265536	0.260827	0.27584	0.254344	0.26448	0.264507	0.268513	0.260371	0.366295	0.381575	0.386401	0.388398	0.383568	0.394622	0.39634	0.419207	0.39887	0.332446	0.342895	0.434352	0.48936	0.373684	0.312414	0.318824	0.336506	0.362526	0.332871	0.305339	0.341608	0.260491	0.261094	0.260039	0.310376	0.30836	0.312386	0.336773	0.323487	0.325315	0.246574	0.212453	0.219074	0.23271	0.219762	0.214332	0.210364	0.184466	0.232001	0.219134	0.211746	0.242678	0.227266	0.246104	0.21189	0.205197	0.222665	0.167761	0.175893	0.211619	0.182045	0.192565	0.229694	0.190368	0.190013	0.202905	0.198525	0.192027	0.19308	0.225078	0.201735	0.196486	0.181671	0.200348	0.198927	0.200837	0.153	0.139627	0.144129	0.16499	0.150473	0.15442	0.161048	0.160518	0.172004	0.152051	0.151927	0.147931	0.147931	0.169198	0.139965	0.157981	0.160451	0.14752	0.157935	0.159057	0.135533	0.156725	0.149253	0.164255	0.145256	0.166086	0.166412	0.141926	0.13861	0.156524	0.164446	0.149703	0.142201	0.151423	0.144643	0.150991	0.131577	0.155306	0.139131	0.152152	0.128081	0.138231	0.129919	0.120038	0.13282	0.109277	0.107468	0.116824	0.101595	0.105328	0.0866155	0.0617767	0	0.0223049	0.0724352	0.0849697	0.0890716	0.100887	0.111658	0.117392	0.122175	0.140686	0.128902	0.122385	0.12639	0.128318	0.101506	0.0988796	0.13353	0.128495	0.117514	0.117514	0.181037	0.178143	0.129696	0.145139	0.133724	0.157359	0.15281	0.161423	0.137661	0.145735	0.142251	0.14732	0.149923	0.151569	0.162329	0.149517	0.145145	0.153928	0.140912	0.181784	0.172884	0.167246	0.168425	0.168254	0.170582	0.159581	0.14527	0.147362	0.153839	0.161729	0.160229	0.166635	0.145048	0.144793	0.148857	0.152904	0.153413	0.155386	0.155224	0.15318	0.155216	0.125375	0.14265	0.123562	0.15203	0.162621	0.170729	0.162351	0.154146	0.163448	0.160039	0.144368	0.177629	0.158753	0.170908	0.173338	0.168281	0.14523	0.147374	0.146055	0.144734	0.131811	0.126016	0.130137	0.200123	0.317319	0.319643	0.297164	0.362073	0.377175	0.331661	0.367772	0.376125	0.341622	0.279626	0.283386	0.319093	0.340706	0.330136	0.325674	0.383304	0.380421	0.353869	0.386964	0.375216	0.318727	0.294049	0.281158	0.286029	0.310393	0.29715	0.305502	0.282302	0.281333	0.273848	0.284592	0.317807	0.311453	0.313271	0.34767	0.324043	0.343333	0.338773	0.341288	0.437408	0.29418	0.319417	0.328447	0.300399	0.313187	0.29193	0.289918	0.289922	0.31618	0.328675	0.304736	0.310867	0.296639	0.318792	0.309163	0.314262	0.368447	0.374227	0.364923	0.373992	0.338488	0.344653	0.371719	0.33522	0.321331	0.333953	0.329131	0.337667	0.29996	0.296118	0.283752	0.296934	0.296985	0.36581	0.358549	0.36052	0.352883	0.350438
Zosterops_lateralis	0.257288	0.263403	0.269152	0.299294	0.304761	0.287405	0.289055	0.332365	0.303212	0.383082	0.368079	0.272926	0.242304	0.256768	0.250116	0.246068	0.248085	0.250192	0.270772	0.265604	0.257385	0.26804	0.259784	0.291591	0.263362	0.267833	0.253045	0.287218	0.292051	0.271651	0.271711	0.278932	0.280977	0.252131	0.250117	0.254184	0.252131	0.25213	0.247421	0.262434	0.240937	0.251074	0.251101	0.255107	0.246965	0.352889	0.368169	0.372995	0.374992	0.370162	0.381215	0.382934	0.405801	0.385464	0.319039	0.329489	0.420946	0.475954	0.360278	0.299007	0.305418	0.3231	0.34912	0.319465	0.291933	0.328202	0.247085	0.247687	0.246633	0.29697	0.294954	0.29898	0.323367	0.310081	0.311909	0.233168	0.199047	0.205668	0.219304	0.206356	0.200926	0.196958	0.17106	0.218595	0.205728	0.19834	0.229272	0.21386	0.232698	0.198484	0.191791	0.209259	0.154355	0.162487	0.198212	0.168639	0.179158	0.216288	0.176962	0.176607	0.189499	0.185119	0.17862	0.179674	0.211672	0.188329	0.18308	0.168265	0.186942	0.185521	0.187431	0.139594	0.126221	0.130723	0.151583	0.137067	0.141014	0.147642	0.147112	0.158598	0.138645	0.138521	0.134525	0.134525	0.155792	0.126559	0.144575	0.147045	0.134114	0.144529	0.14565	0.122127	0.143319	0.135847	0.150849	0.13185	0.15268	0.153005	0.12852	0.125204	0.143118	0.15104	0.136297	0.128794	0.138016	0.131237	0.137584	0.118171	0.141899	0.125725	0.138746	0.114675	0.124825	0.116513	0.106632	0.119414	0.0958708	0.0940617	0.103418	0.0881893	0.0919218	0.0732094	0.0483706	0.0223049	0	0.0590291	0.0715636	0.0756655	0.0874811	0.0982524	0.103986	0.108769	0.12728	0.115495	0.108979	0.112984	0.114912	0.0881	0.0854735	0.120124	0.115089	0.104108	0.104108	0.167631	0.164737	0.11629	0.131733	0.120318	0.143953	0.139403	0.148017	0.124254	0.132329	0.128845	0.133914	0.136517	0.138163	0.148923	0.136111	0.131739	0.140522	0.127506	0.168378	0.159478	0.15384	0.155019	0.154847	0.157176	0.146174	0.131863	0.133955	0.140433	0.148323	0.146822	0.153229	0.131642	0.131387	0.135451	0.139498	0.140007	0.14198	0.141818	0.139774	0.14181	0.111969	0.129244	0.110156	0.138624	0.149215	0.157323	0.148945	0.14074	0.150042	0.146633	0.130962	0.164222	0.145347	0.157502	0.159932	0.154875	0.131824	0.133968	0.132649	0.131328	0.118405	0.11261	0.116731	0.186717	0.303912	0.306237	0.283758	0.348667	0.363769	0.318255	0.354365	0.362719	0.328216	0.26622	0.269979	0.305687	0.3273	0.31673	0.312268	0.369898	0.367015	0.340463	0.373558	0.36181	0.305321	0.280643	0.267752	0.272623	0.296987	0.283744	0.292096	0.268896	0.267927	0.260442	0.271185	0.304401	0.298047	0.299865	0.334264	0.310637	0.329927	0.325367	0.327882	0.424002	0.280774	0.306011	0.315041	0.286993	0.299781	0.278524	0.276512	0.276516	0.302774	0.315269	0.29133	0.297461	0.283233	0.305386	0.295757	0.300856	0.355041	0.360821	0.351517	0.360586	0.325082	0.331247	0.358313	0.321814	0.307925	0.320547	0.315725	0.32426	0.286553	0.282712	0.270345	0.283528	0.283579	0.352403	0.345143	0.347114	0.339476	0.337032
Pomatorhinus_ruficollis	0.247016	0.253131	0.258879	0.289021	0.294488	0.277133	0.278782	0.322092	0.29294	0.372809	0.357806	0.262653	0.232032	0.246495	0.239843	0.235795	0.237813	0.23992	0.260499	0.255332	0.247112	0.257767	0.249511	0.281318	0.25309	0.25756	0.242773	0.276945	0.281779	0.261378	0.261438	0.26866	0.270705	0.241858	0.239844	0.243911	0.241858	0.241857	0.237148	0.252161	0.230665	0.240801	0.240828	0.244834	0.236692	0.342616	0.357896	0.362722	0.364719	0.35989	0.370943	0.372661	0.395528	0.375191	0.308767	0.319216	0.410673	0.465681	0.350005	0.288735	0.295146	0.312827	0.338847	0.309192	0.281661	0.317929	0.236812	0.237415	0.23636	0.286697	0.284681	0.288707	0.313094	0.299808	0.301636	0.222895	0.188774	0.195395	0.209031	0.196083	0.190653	0.186685	0.160787	0.208322	0.195455	0.188068	0.218999	0.203587	0.222425	0.188211	0.181518	0.198986	0.144082	0.152214	0.18794	0.158366	0.168886	0.206015	0.16669	0.166334	0.179226	0.174846	0.168348	0.169401	0.201399	0.178056	0.172807	0.157992	0.17667	0.175248	0.177158	0.129322	0.115948	0.12045	0.141311	0.126794	0.130742	0.137369	0.136839	0.148325	0.128372	0.128248	0.124252	0.124252	0.145519	0.116286	0.134302	0.136772	0.123841	0.134256	0.135378	0.111854	0.133046	0.125574	0.140576	0.121577	0.142407	0.142733	0.118247	0.114932	0.132845	0.140767	0.126024	0.118522	0.127744	0.120964	0.127312	0.107898	0.131627	0.115453	0.128473	0.104402	0.114552	0.106241	0.0963589	0.109142	0.085598	0.083789	0.0931451	0.0779166	0.0816491	0.0629367	0.0610875	0.0724352	0.0590291	0	0.0612908	0.0653928	0.0772083	0.0879796	0.0937129	0.0984963	0.117007	0.105223	0.0987063	0.102711	0.104639	0.0778273	0.0752008	0.109851	0.104816	0.0938353	0.0938352	0.157358	0.154465	0.106017	0.12146	0.110045	0.13368	0.129131	0.137744	0.113982	0.122056	0.118572	0.123641	0.126244	0.12789	0.13865	0.125838	0.121467	0.130249	0.117233	0.158105	0.149205	0.143567	0.144746	0.144575	0.146903	0.135902	0.121591	0.123683	0.13016	0.13805	0.13655	0.142956	0.121369	0.121114	0.125178	0.129225	0.129734	0.131707	0.131545	0.129501	0.131537	0.101696	0.118971	0.099883	0.128351	0.138942	0.147051	0.138672	0.130467	0.139769	0.13636	0.120689	0.15395	0.135074	0.14723	0.149659	0.144602	0.121552	0.123695	0.122377	0.121055	0.108132	0.102337	0.106458	0.176444	0.29364	0.295965	0.273485	0.338394	0.353496	0.307982	0.344093	0.352446	0.317943	0.255947	0.259707	0.295414	0.317027	0.306457	0.301996	0.359625	0.356742	0.33019	0.363285	0.351537	0.295049	0.27037	0.257479	0.26235	0.286714	0.273472	0.281823	0.258623	0.257654	0.250169	0.260913	0.294128	0.287774	0.289592	0.323991	0.300365	0.319654	0.315094	0.317609	0.413729	0.270501	0.295738	0.304768	0.276721	0.289508	0.268252	0.266239	0.266243	0.292501	0.304996	0.281057	0.287188	0.27296	0.295113	0.285484	0.290583	0.344768	0.350548	0.341245	0.350313	0.314809	0.320974	0.34804	0.311541	0.297652	0.310274	0.305453	0.313988	0.276281	0.272439	0.260073	0.273255	0.273306	0.342131	0.33487	0.336841	0.329204	0.326759
Illadopsis_cleaveri	0.259545	0.26566	0.271408	0.301551	0.307018	0.289662	0.291311	0.334621	0.305469	0.385339	0.370336	0.275182	0.244561	0.259024	0.252372	0.248325	0.250342	0.252449	0.273029	0.267861	0.259642	0.270296	0.26204	0.293848	0.265619	0.270089	0.255302	0.289474	0.294308	0.273907	0.273967	0.281189	0.283234	0.254387	0.252374	0.25644	0.254387	0.254386	0.249677	0.26469	0.243194	0.25333	0.253358	0.257364	0.249221	0.355145	0.370425	0.375252	0.377248	0.372419	0.383472	0.385191	0.408057	0.38772	0.321296	0.331745	0.423202	0.478211	0.362534	0.301264	0.307675	0.325356	0.351376	0.321721	0.29419	0.330459	0.249341	0.249944	0.24889	0.299227	0.29721	0.301237	0.325623	0.312337	0.314165	0.235425	0.201304	0.207925	0.22156	0.208612	0.203182	0.199214	0.173317	0.220851	0.207985	0.200597	0.231529	0.216116	0.234954	0.200741	0.194048	0.211516	0.156612	0.164744	0.200469	0.170896	0.181415	0.218544	0.179219	0.178863	0.191755	0.187375	0.180877	0.181931	0.213929	0.190586	0.185336	0.170522	0.189199	0.187777	0.189687	0.141851	0.128478	0.132979	0.15384	0.139323	0.143271	0.149898	0.149368	0.160855	0.140902	0.140778	0.136782	0.136782	0.158048	0.128815	0.146831	0.149302	0.13637	0.146786	0.147907	0.124384	0.145576	0.138103	0.153105	0.134107	0.154937	0.155262	0.130777	0.127461	0.145374	0.153297	0.138553	0.131051	0.140273	0.133493	0.139841	0.120428	0.144156	0.127982	0.141003	0.116931	0.127082	0.11877	0.108888	0.121671	0.0981273	0.0963183	0.105674	0.0904459	0.0941783	0.075466	0.0736219	0.0849697	0.0715636	0.0612908	0	0.0779221	0.0897376	0.100509	0.106242	0.111026	0.129537	0.117752	0.111236	0.11524	0.117168	0.0903566	0.0877301	0.12238	0.117345	0.106365	0.106364	0.169887	0.166994	0.118547	0.13399	0.122574	0.14621	0.14166	0.150273	0.126511	0.134586	0.131101	0.13617	0.138774	0.140419	0.15118	0.138367	0.133996	0.142778	0.129762	0.170634	0.161734	0.156097	0.157275	0.157104	0.159432	0.148431	0.13412	0.136212	0.142689	0.150579	0.149079	0.155485	0.133899	0.133644	0.137708	0.141755	0.142264	0.144237	0.144074	0.14203	0.144067	0.114225	0.1315	0.112412	0.14088	0.151471	0.15958	0.151201	0.142996	0.152298	0.148889	0.133218	0.166479	0.147603	0.159759	0.162189	0.157131	0.134081	0.136224	0.134906	0.133585	0.120661	0.114866	0.118987	0.188973	0.306169	0.308494	0.286014	0.350923	0.366025	0.320511	0.356622	0.364975	0.330473	0.268477	0.272236	0.307944	0.329557	0.318987	0.314525	0.372154	0.369272	0.342719	0.375814	0.364066	0.307578	0.282899	0.270008	0.274879	0.299243	0.286001	0.294353	0.271152	0.270184	0.262698	0.273442	0.306658	0.300304	0.302121	0.33652	0.312894	0.332184	0.327623	0.330138	0.426259	0.28303	0.308268	0.317297	0.28925	0.302038	0.280781	0.278769	0.278772	0.30503	0.317525	0.293587	0.299718	0.28549	0.307642	0.298013	0.303112	0.357297	0.363077	0.353774	0.362843	0.327338	0.333504	0.36057	0.32407	0.310182	0.322804	0.317982	0.326517	0.28881	0.284968	0.272602	0.285785	0.285835	0.35466	0.347399	0.34937	0.341733	0.339288
Leiothrix_lutea	0.263642	0.269757	0.275506	0.305648	0.311115	0.293759	0.295409	0.338719	0.309566	0.389436	0.374433	0.27928	0.248658	0.263122	0.25647	0.252422	0.254439	0.256546	0.277126	0.271958	0.263739	0.274394	0.266137	0.297945	0.269716	0.274186	0.259399	0.293571	0.298405	0.278005	0.278064	0.285286	0.287331	0.258485	0.256471	0.260537	0.258484	0.258484	0.253775	0.268788	0.247291	0.257427	0.257455	0.261461	0.253318	0.359242	0.374523	0.379349	0.381346	0.376516	0.387569	0.389288	0.412154	0.391817	0.325393	0.335842	0.427299	0.482308	0.366631	0.305361	0.311772	0.329454	0.355473	0.325819	0.298287	0.334556	0.253439	0.254041	0.252987	0.303324	0.301307	0.305334	0.32972	0.316435	0.318262	0.239522	0.205401	0.212022	0.225658	0.21271	0.207279	0.203312	0.177414	0.224948	0.212082	0.204694	0.235626	0.220214	0.239051	0.204838	0.198145	0.215613	0.160709	0.168841	0.204566	0.174993	0.185512	0.222642	0.183316	0.18296	0.195852	0.191473	0.184974	0.186028	0.218026	0.194683	0.189433	0.174619	0.193296	0.191875	0.193784	0.145948	0.132575	0.137077	0.157937	0.143421	0.147368	0.153996	0.153465	0.164952	0.144999	0.144875	0.140879	0.140879	0.162146	0.132912	0.150929	0.153399	0.140467	0.150883	0.152004	0.128481	0.149673	0.142201	0.157203	0.138204	0.159034	0.159359	0.134874	0.131558	0.149472	0.157394	0.142651	0.135148	0.14437	0.137591	0.143938	0.124525	0.148253	0.132079	0.1451	0.121028	0.131179	0.122867	0.112985	0.125768	0.102225	0.100416	0.109772	0.0945431	0.0982756	0.0795632	0.0777239	0.0890716	0.0756655	0.0653928	0.0779221	0	0.0938348	0.104606	0.110339	0.115123	0.133634	0.121849	0.115333	0.119337	0.121265	0.0944538	0.0918273	0.126477	0.121443	0.110462	0.110462	0.173985	0.171091	0.122644	0.138087	0.126671	0.150307	0.145757	0.15437	0.130608	0.138683	0.135199	0.140268	0.142871	0.144516	0.155277	0.142464	0.138093	0.146875	0.133859	0.174731	0.165831	0.160194	0.161373	0.161201	0.16353	0.152528	0.138217	0.140309	0.146787	0.154677	0.153176	0.159583	0.137996	0.137741	0.141805	0.145852	0.146361	0.148334	0.148171	0.146128	0.148164	0.118322	0.135598	0.11651	0.144978	0.155569	0.163677	0.155298	0.147094	0.156396	0.152987	0.137315	0.170576	0.1517	0.163856	0.166286	0.161229	0.138178	0.140322	0.139003	0.137682	0.124759	0.118964	0.123084	0.193071	0.310266	0.312591	0.290112	0.355021	0.370122	0.324608	0.360719	0.369073	0.33457	0.272574	0.276333	0.312041	0.333654	0.323084	0.318622	0.376252	0.373369	0.346817	0.379911	0.368164	0.311675	0.286996	0.274106	0.278977	0.303341	0.290098	0.29845	0.275249	0.274281	0.266795	0.277539	0.310755	0.304401	0.306219	0.340618	0.316991	0.336281	0.331721	0.334235	0.430356	0.287128	0.312365	0.321394	0.293347	0.306135	0.284878	0.282866	0.282869	0.309128	0.321623	0.297684	0.303815	0.289587	0.311739	0.30211	0.30721	0.361395	0.367175	0.357871	0.36694	0.331436	0.337601	0.364667	0.328167	0.314279	0.326901	0.322079	0.330614	0.292907	0.289066	0.276699	0.289882	0.289933	0.358757	0.351496	0.353468	0.34583	0.343385
Acrocephalus_arundinaceus	0.247264	0.253379	0.259128	0.28927	0.294737	0.277381	0.279031	0.322341	0.293188	0.373058	0.358055	0.262902	0.23228	0.246744	0.240092	0.236044	0.238061	0.240168	0.260748	0.25558	0.247361	0.258016	0.249759	0.281567	0.253338	0.257808	0.243021	0.277193	0.282027	0.261627	0.261686	0.268908	0.270953	0.242107	0.240093	0.244159	0.242106	0.242106	0.237397	0.25241	0.230913	0.241049	0.241077	0.245083	0.23694	0.342864	0.358145	0.362971	0.364968	0.360138	0.371191	0.37291	0.395777	0.375439	0.309015	0.319464	0.410921	0.46593	0.350253	0.288983	0.295394	0.313076	0.339095	0.309441	0.281909	0.318178	0.237061	0.237663	0.236609	0.286946	0.284929	0.288956	0.313343	0.300057	0.301884	0.223144	0.189023	0.195644	0.20928	0.196332	0.190901	0.186934	0.161036	0.208571	0.195704	0.188316	0.219248	0.203836	0.222674	0.18846	0.181767	0.199235	0.144331	0.152463	0.188188	0.158615	0.169134	0.206264	0.166938	0.166582	0.179474	0.175095	0.168596	0.16965	0.201648	0.178305	0.173055	0.158241	0.176918	0.175497	0.177407	0.12957	0.116197	0.120699	0.141559	0.127043	0.13099	0.137618	0.137087	0.148574	0.128621	0.128497	0.124501	0.124501	0.145768	0.116534	0.134551	0.137021	0.124089	0.134505	0.135626	0.112103	0.133295	0.125823	0.140825	0.121826	0.142656	0.142981	0.118496	0.11518	0.133094	0.141016	0.126273	0.11877	0.127992	0.121213	0.12756	0.108147	0.131875	0.115701	0.128722	0.10465	0.114801	0.106489	0.0966075	0.10939	0.0858466	0.0880496	0.100935	0.0983639	0.102096	0.083384	0.0895394	0.100887	0.0874811	0.0772083	0.0897376	0.0938348	0	0.0429939	0.0939614	0.0987449	0.117256	0.105471	0.0989548	0.102959	0.104887	0.0780758	0.0754493	0.110099	0.105065	0.0940839	0.0940837	0.157607	0.154713	0.106266	0.121709	0.110293	0.133929	0.129379	0.137992	0.11423	0.122305	0.118821	0.12389	0.126493	0.128138	0.138899	0.126086	0.121715	0.130497	0.117481	0.158353	0.149453	0.143816	0.144995	0.144823	0.147152	0.13615	0.121839	0.123931	0.130409	0.138299	0.136798	0.143205	0.121618	0.121363	0.125427	0.129474	0.129983	0.131956	0.131794	0.12975	0.131786	0.101944	0.11922	0.100132	0.1286	0.139191	0.147299	0.13892	0.130716	0.140018	0.136609	0.120937	0.154198	0.135322	0.147478	0.149908	0.144851	0.1218	0.123944	0.122625	0.121304	0.108381	0.102586	0.106706	0.176693	0.293888	0.296213	0.273734	0.338643	0.353744	0.30823	0.344341	0.352695	0.318192	0.256196	0.259955	0.295663	0.317276	0.306706	0.302244	0.359874	0.356991	0.330439	0.363533	0.351786	0.295297	0.270618	0.257728	0.262599	0.286963	0.27372	0.282072	0.258872	0.257903	0.250417	0.261161	0.294377	0.288023	0.289841	0.32424	0.300613	0.319903	0.315343	0.317857	0.413978	0.27075	0.295987	0.305016	0.276969	0.289757	0.2685	0.266488	0.266491	0.29275	0.305245	0.281306	0.287437	0.273209	0.295361	0.285732	0.290832	0.345017	0.350797	0.341493	0.350562	0.315058	0.321223	0.348289	0.31179	0.297901	0.310523	0.305701	0.314236	0.276529	0.272688	0.260321	0.273504	0.273555	0.342379	0.335118	0.33709	0.329452	0.327007
Hippolais_icterina	0.258036	0.26415	0.269899	0.300041	0.305508	0.288152	0.289802	0.333112	0.30396	0.383829	0.368826	0.273673	0.243052	0.257515	0.250863	0.246815	0.248832	0.250939	0.271519	0.266351	0.258132	0.268787	0.260531	0.292338	0.26411	0.26858	0.253793	0.287965	0.292799	0.272398	0.272458	0.279679	0.281725	0.252878	0.250864	0.254931	0.252878	0.252877	0.248168	0.263181	0.241685	0.251821	0.251848	0.255854	0.247712	0.353636	0.368916	0.373742	0.375739	0.37091	0.381963	0.383681	0.406548	0.386211	0.319787	0.330236	0.421693	0.476701	0.361025	0.299755	0.306166	0.323847	0.349867	0.320212	0.292681	0.328949	0.247832	0.248435	0.24738	0.297717	0.295701	0.299727	0.324114	0.310828	0.312656	0.233915	0.199794	0.206415	0.220051	0.207103	0.201673	0.197705	0.171807	0.219342	0.206475	0.199087	0.230019	0.214607	0.233445	0.199231	0.192538	0.210006	0.155102	0.163234	0.19896	0.169386	0.179906	0.217035	0.177709	0.177354	0.190246	0.185866	0.179368	0.180421	0.212419	0.189076	0.183827	0.169012	0.187689	0.186268	0.188178	0.140341	0.126968	0.13147	0.152331	0.137814	0.141761	0.148389	0.147859	0.159345	0.139392	0.139268	0.135272	0.135272	0.156539	0.127306	0.145322	0.147792	0.134861	0.145276	0.146398	0.122874	0.144066	0.136594	0.151596	0.132597	0.153427	0.153753	0.129267	0.125951	0.143865	0.151787	0.137044	0.129542	0.138764	0.131984	0.138332	0.118918	0.142647	0.126472	0.139493	0.115422	0.125572	0.11726	0.107379	0.120161	0.0966179	0.0988209	0.111706	0.109135	0.112868	0.0941553	0.100311	0.111658	0.0982524	0.0879796	0.100509	0.104606	0.0429939	0	0.104733	0.109516	0.128027	0.116243	0.109726	0.113731	0.115659	0.0888471	0.0862206	0.120871	0.115836	0.104855	0.104855	0.168378	0.165485	0.117037	0.13248	0.121065	0.1447	0.140151	0.148764	0.125002	0.133076	0.129592	0.134661	0.137264	0.13891	0.14967	0.136858	0.132486	0.141269	0.128253	0.169125	0.160225	0.154587	0.155766	0.155595	0.157923	0.146922	0.132611	0.134703	0.14118	0.14907	0.14757	0.153976	0.132389	0.132134	0.136198	0.140245	0.140754	0.142727	0.142565	0.140521	0.142557	0.112716	0.129991	0.110903	0.139371	0.149962	0.15807	0.149692	0.141487	0.150789	0.14738	0.131709	0.16497	0.146094	0.158249	0.160679	0.155622	0.132571	0.134715	0.133396	0.132075	0.119152	0.113357	0.117478	0.187464	0.30466	0.306984	0.284505	0.349414	0.364516	0.319002	0.355113	0.363466	0.328963	0.266967	0.270727	0.306434	0.328047	0.317477	0.313016	0.370645	0.367762	0.34121	0.374305	0.362557	0.306069	0.28139	0.268499	0.27337	0.297734	0.284491	0.292843	0.269643	0.268674	0.261189	0.271933	0.305148	0.298794	0.300612	0.335011	0.311385	0.330674	0.326114	0.328629	0.424749	0.281521	0.306758	0.315788	0.28774	0.300528	0.279271	0.277259	0.277263	0.303521	0.316016	0.292077	0.298208	0.28398	0.306133	0.296504	0.301603	0.355788	0.361568	0.352264	0.361333	0.325829	0.331994	0.35906	0.322561	0.308672	0.321294	0.316472	0.325008	0.287301	0.283459	0.271093	0.284275	0.284326	0.353151	0.34589	0.347861	0.340224	0.337779
Locustella_ochotensis	0.263765	0.26988	0.275628	0.30577	0.311237	0.293882	0.295531	0.338841	0.309689	0.389558	0.374555	0.279402	0.248781	0.263244	0.256592	0.252544	0.254562	0.256669	0.277249	0.272081	0.263861	0.274516	0.26626	0.298067	0.269839	0.274309	0.259522	0.293694	0.298528	0.278127	0.278187	0.285409	0.287454	0.258607	0.256593	0.26066	0.258607	0.258606	0.253897	0.26891	0.247414	0.25755	0.257577	0.261583	0.253441	0.359365	0.374645	0.379471	0.381468	0.376639	0.387692	0.38941	0.412277	0.39194	0.325516	0.335965	0.427422	0.48243	0.366754	0.305484	0.311895	0.329576	0.355596	0.325941	0.29841	0.334678	0.253561	0.254164	0.253109	0.303446	0.30143	0.305456	0.329843	0.316557	0.318385	0.239644	0.205523	0.212144	0.22578	0.212832	0.207402	0.203434	0.177536	0.225071	0.212204	0.204817	0.235749	0.220336	0.239174	0.20496	0.198268	0.215735	0.160831	0.168963	0.204689	0.175115	0.185635	0.222764	0.183439	0.183083	0.195975	0.191595	0.185097	0.186151	0.218148	0.194806	0.189556	0.174742	0.193419	0.191997	0.193907	0.146071	0.132697	0.137199	0.15806	0.143543	0.147491	0.154118	0.153588	0.165074	0.145121	0.144997	0.141001	0.141001	0.162268	0.133035	0.151051	0.153521	0.14059	0.151005	0.152127	0.128603	0.149795	0.142323	0.157325	0.138327	0.159156	0.159482	0.134997	0.131681	0.149594	0.157516	0.142773	0.135271	0.144493	0.137713	0.144061	0.124648	0.148376	0.132202	0.145222	0.121151	0.131301	0.12299	0.113108	0.125891	0.102347	0.104554	0.11744	0.114868	0.118601	0.0998886	0.106044	0.117392	0.103986	0.0937129	0.106242	0.110339	0.0939614	0.104733	0	0.0985338	0.117045	0.109858	0.107492	0.111501	0.113429	0.0905764	0.0879499	0.1226	0.117571	0.10659	0.10659	0.174107	0.171214	0.122766	0.138209	0.126794	0.15043	0.14588	0.154493	0.130731	0.138805	0.135321	0.14039	0.142994	0.144639	0.155399	0.142587	0.138216	0.146998	0.133982	0.174854	0.165954	0.160317	0.161495	0.161324	0.163652	0.152651	0.13834	0.140432	0.146909	0.154799	0.153299	0.159705	0.138118	0.137863	0.141928	0.145974	0.146483	0.148456	0.148294	0.14625	0.148286	0.118445	0.13572	0.116632	0.1451	0.155691	0.1638	0.155421	0.147216	0.156518	0.153109	0.137438	0.170699	0.151823	0.163979	0.166408	0.161351	0.138301	0.140444	0.139126	0.137805	0.124881	0.119086	0.123207	0.193193	0.310389	0.312714	0.290234	0.355143	0.370245	0.324731	0.360842	0.369195	0.334692	0.272697	0.276456	0.312163	0.333776	0.323206	0.318745	0.376374	0.373492	0.346939	0.380034	0.368286	0.311798	0.287119	0.274228	0.279099	0.303463	0.290221	0.298572	0.275372	0.274404	0.266918	0.277662	0.310877	0.304523	0.306341	0.34074	0.317114	0.336403	0.331843	0.334358	0.430479	0.28725	0.312488	0.321517	0.29347	0.306258	0.285001	0.282988	0.282992	0.30925	0.321745	0.297806	0.303938	0.289709	0.311862	0.302233	0.307332	0.361517	0.367297	0.357994	0.367063	0.331558	0.337723	0.364789	0.32829	0.314402	0.327023	0.322202	0.330737	0.29303	0.289188	0.276822	0.290004	0.290055	0.35888	0.351619	0.35359	0.345953	0.343508
Oxylabes_madagascariensis	0.268548	0.274663	0.280412	0.310554	0.316021	0.298665	0.300315	0.343625	0.314472	0.394342	0.379339	0.284186	0.253564	0.268028	0.261376	0.257328	0.259345	0.261452	0.282032	0.276864	0.268645	0.2793	0.271043	0.302851	0.274622	0.279092	0.264305	0.298477	0.303311	0.282911	0.28297	0.290192	0.292237	0.263391	0.261377	0.265443	0.26339	0.26339	0.258681	0.273694	0.252197	0.262333	0.262361	0.266367	0.258224	0.364148	0.379429	0.384255	0.386252	0.381422	0.392475	0.394194	0.417061	0.396723	0.330299	0.340748	0.432205	0.487214	0.371537	0.310267	0.316678	0.33436	0.360379	0.330725	0.303193	0.339462	0.258345	0.258947	0.257893	0.30823	0.306213	0.31024	0.334627	0.321341	0.323168	0.244428	0.210307	0.216928	0.230564	0.217616	0.212185	0.208218	0.18232	0.229855	0.216988	0.2096	0.240532	0.22512	0.243958	0.209744	0.203051	0.220519	0.165615	0.173747	0.209472	0.179899	0.190418	0.227548	0.188222	0.187866	0.200758	0.196379	0.18988	0.190934	0.222932	0.199589	0.194339	0.179525	0.198202	0.196781	0.198691	0.150854	0.137481	0.141983	0.162843	0.148327	0.152274	0.158902	0.158371	0.169858	0.149905	0.149781	0.145785	0.145785	0.167052	0.137818	0.155835	0.158305	0.145373	0.155789	0.15691	0.133387	0.154579	0.147107	0.162109	0.14311	0.16394	0.164265	0.13978	0.136464	0.154378	0.1623	0.147557	0.140054	0.149276	0.142497	0.148844	0.129431	0.153159	0.136985	0.150006	0.125934	0.136085	0.127773	0.117891	0.130674	0.107131	0.109338	0.122223	0.119652	0.123384	0.104672	0.110827	0.122175	0.108769	0.0984963	0.111026	0.115123	0.0987449	0.109516	0.0985338	0	0.112079	0.114642	0.112275	0.116285	0.118213	0.0953599	0.0927334	0.127383	0.122354	0.111374	0.111373	0.178891	0.175997	0.12755	0.142993	0.131577	0.155213	0.150663	0.159276	0.135514	0.143589	0.140105	0.145174	0.147777	0.149422	0.160183	0.14737	0.142999	0.151781	0.138765	0.179637	0.170737	0.1651	0.166279	0.166107	0.168436	0.157434	0.143123	0.145215	0.151693	0.159583	0.158082	0.164489	0.142902	0.142647	0.146711	0.150758	0.151267	0.15324	0.153078	0.151034	0.15307	0.123228	0.140504	0.121416	0.149884	0.160475	0.168583	0.160204	0.152	0.161302	0.157893	0.142221	0.175482	0.156606	0.168762	0.171192	0.166135	0.143084	0.145228	0.143909	0.142588	0.129665	0.12387	0.12799	0.197977	0.315172	0.317497	0.295018	0.359927	0.375028	0.329514	0.365625	0.373979	0.339476	0.27748	0.281239	0.316947	0.33856	0.32799	0.323528	0.381158	0.378275	0.351723	0.384817	0.37307	0.316581	0.291902	0.279012	0.283883	0.308247	0.295004	0.303356	0.280156	0.279187	0.271701	0.282445	0.315661	0.309307	0.311125	0.345524	0.321897	0.341187	0.336627	0.339141	0.435262	0.292034	0.317271	0.3263	0.298253	0.311041	0.289784	0.287772	0.287775	0.314034	0.326529	0.30259	0.308721	0.294493	0.316645	0.307016	0.312116	0.366301	0.372081	0.362777	0.371846	0.336342	0.342507	0.369573	0.333074	0.319185	0.331807	0.326985	0.33552	0.297813	0.293972	0.281605	0.294788	0.294839	0.363663	0.356402	0.358374	0.350736	0.348291
Donacobius_atricapilla	0.287059	0.293174	0.298923	0.329065	0.334532	0.317176	0.318825	0.362135	0.332983	0.412853	0.39785	0.302697	0.272075	0.286539	0.279887	0.275839	0.277856	0.279963	0.300543	0.295375	0.287156	0.297811	0.289554	0.321362	0.293133	0.297603	0.282816	0.316988	0.321822	0.301422	0.301481	0.308703	0.310748	0.281902	0.279888	0.283954	0.281901	0.2819	0.277191	0.292205	0.270708	0.280844	0.280872	0.284878	0.276735	0.382659	0.39794	0.402766	0.404763	0.399933	0.410986	0.412705	0.435571	0.415234	0.34881	0.359259	0.450716	0.505725	0.390048	0.328778	0.335189	0.352871	0.37889	0.349236	0.321704	0.357973	0.276856	0.277458	0.276404	0.326741	0.324724	0.328751	0.353137	0.339852	0.341679	0.262939	0.228818	0.235439	0.249075	0.236127	0.230696	0.226728	0.200831	0.248365	0.235499	0.228111	0.259043	0.243631	0.262468	0.228255	0.221562	0.23903	0.184126	0.192258	0.227983	0.19841	0.208929	0.246058	0.206733	0.206377	0.219269	0.21489	0.208391	0.209445	0.241443	0.2181	0.21285	0.198036	0.216713	0.215292	0.217201	0.169365	0.155992	0.160494	0.181354	0.166837	0.170785	0.177413	0.176882	0.188369	0.168416	0.168292	0.164296	0.164296	0.185563	0.156329	0.174346	0.176816	0.163884	0.1743	0.175421	0.151898	0.17309	0.165618	0.180619	0.161621	0.182451	0.182776	0.158291	0.154975	0.172889	0.180811	0.166068	0.158565	0.167787	0.161008	0.167355	0.147942	0.17167	0.155496	0.168517	0.144445	0.154596	0.146284	0.136402	0.149185	0.125642	0.127849	0.140734	0.138163	0.141895	0.123183	0.129338	0.140686	0.12728	0.117007	0.129537	0.133634	0.117256	0.128027	0.117045	0.112079	0	0.133153	0.130786	0.134796	0.136724	0.113871	0.111244	0.145894	0.140865	0.129885	0.129884	0.197402	0.194508	0.146061	0.161504	0.150088	0.173724	0.169174	0.177787	0.154025	0.1621	0.158615	0.163685	0.166288	0.167933	0.178694	0.165881	0.16151	0.170292	0.157276	0.198148	0.189248	0.183611	0.18479	0.184618	0.186947	0.175945	0.161634	0.163726	0.170204	0.178094	0.176593	0.182999	0.161413	0.161158	0.165222	0.169269	0.169778	0.171751	0.171588	0.169545	0.171581	0.141739	0.159015	0.139926	0.168395	0.178986	0.187094	0.178715	0.170511	0.179813	0.176403	0.160732	0.193993	0.175117	0.187273	0.189703	0.184646	0.161595	0.163739	0.16242	0.161099	0.148176	0.142381	0.146501	0.216488	0.333683	0.336008	0.313529	0.378438	0.393539	0.348025	0.384136	0.39249	0.357987	0.295991	0.29975	0.335458	0.357071	0.346501	0.342039	0.399669	0.396786	0.370234	0.403328	0.391581	0.335092	0.310413	0.297523	0.302394	0.326758	0.313515	0.321867	0.298666	0.297698	0.290212	0.300956	0.334172	0.327818	0.329636	0.364035	0.340408	0.359698	0.355137	0.357652	0.453773	0.310545	0.335782	0.344811	0.316764	0.329552	0.308295	0.306283	0.306286	0.332545	0.34504	0.321101	0.327232	0.313004	0.335156	0.325527	0.330627	0.384812	0.390592	0.381288	0.390357	0.354853	0.361018	0.388084	0.351584	0.337696	0.350318	0.345496	0.354031	0.316324	0.312483	0.300116	0.313299	0.31335	0.382174	0.374913	0.376885	0.369247	0.366802
Hirundo_rustica	0.275275	0.281389	0.287138	0.31728	0.322747	0.305391	0.307041	0.350351	0.321199	0.401068	0.386065	0.290912	0.260291	0.274754	0.268102	0.264054	0.266072	0.268178	0.288758	0.28359	0.275371	0.286026	0.27777	0.309577	0.281349	0.285819	0.271032	0.305204	0.310038	0.289637	0.289697	0.296919	0.298964	0.270117	0.268103	0.27217	0.270117	0.270116	0.265407	0.28042	0.258924	0.26906	0.269087	0.273093	0.264951	0.370875	0.386155	0.390981	0.392978	0.388149	0.399202	0.40092	0.423787	0.40345	0.337026	0.347475	0.438932	0.49394	0.378264	0.316994	0.323405	0.341086	0.367106	0.337451	0.30992	0.346188	0.265071	0.265674	0.264619	0.314956	0.31294	0.316966	0.341353	0.328067	0.329895	0.251154	0.217033	0.223654	0.23729	0.224342	0.218912	0.214944	0.189046	0.236581	0.223714	0.216327	0.247258	0.231846	0.250684	0.21647	0.209777	0.227245	0.172341	0.180473	0.216199	0.186625	0.197145	0.234274	0.194949	0.194593	0.207485	0.203105	0.196607	0.19766	0.229658	0.206315	0.201066	0.186251	0.204928	0.203507	0.205417	0.15758	0.144207	0.148709	0.16957	0.155053	0.159	0.165628	0.165098	0.176584	0.156631	0.156507	0.152511	0.152511	0.173778	0.144545	0.162561	0.165031	0.1521	0.162515	0.163637	0.140113	0.161305	0.153833	0.168835	0.149836	0.170666	0.170992	0.146506	0.143191	0.161104	0.169026	0.154283	0.146781	0.156003	0.149223	0.155571	0.136157	0.159886	0.143711	0.156732	0.132661	0.142811	0.1345	0.124618	0.1374	0.113857	0.116064	0.12895	0.126378	0.130111	0.111398	0.117554	0.128902	0.115495	0.105223	0.117752	0.121849	0.105471	0.116243	0.109858	0.114642	0.133153	0	0.119002	0.123011	0.124939	0.102086	0.0994597	0.13411	0.129081	0.1181	0.1181	0.185617	0.182724	0.134276	0.149719	0.138304	0.161939	0.15739	0.166003	0.142241	0.150315	0.146831	0.1519	0.154503	0.156149	0.166909	0.154097	0.149725	0.158508	0.145492	0.186364	0.177464	0.171826	0.173005	0.172834	0.175162	0.164161	0.14985	0.151942	0.158419	0.166309	0.164809	0.171215	0.149628	0.149373	0.153437	0.157484	0.157993	0.159966	0.159804	0.15776	0.159796	0.129955	0.14723	0.128142	0.15661	0.167201	0.17531	0.166931	0.158726	0.168028	0.164619	0.148948	0.182209	0.163333	0.175489	0.177918	0.172861	0.149811	0.151954	0.150636	0.149314	0.136391	0.130596	0.134717	0.204703	0.321899	0.324223	0.301744	0.366653	0.381755	0.336241	0.372352	0.380705	0.346202	0.284206	0.287966	0.323673	0.345286	0.334716	0.330255	0.387884	0.385001	0.358449	0.391544	0.379796	0.323308	0.298629	0.285738	0.290609	0.314973	0.30173	0.310082	0.286882	0.285913	0.278428	0.289172	0.322387	0.316033	0.317851	0.35225	0.328624	0.347913	0.343353	0.345868	0.441988	0.29876	0.323997	0.333027	0.304979	0.317767	0.296511	0.294498	0.294502	0.32076	0.333255	0.309316	0.315447	0.301219	0.323372	0.313743	0.318842	0.373027	0.378807	0.369504	0.378572	0.343068	0.349233	0.376299	0.3398	0.325911	0.338533	0.333711	0.342247	0.30454	0.300698	0.288332	0.301514	0.301565	0.37039	0.363129	0.3651	0.357463	0.355018
Hylia_prasina	0.268758	0.274873	0.280622	0.310764	0.316231	0.298875	0.300524	0.343834	0.314682	0.394552	0.379549	0.284396	0.253774	0.268238	0.261586	0.257538	0.259555	0.261662	0.282242	0.277074	0.268855	0.27951	0.271253	0.303061	0.274832	0.279302	0.264515	0.298687	0.303521	0.283121	0.28318	0.290402	0.292447	0.263601	0.261587	0.265653	0.2636	0.263599	0.25889	0.273904	0.252407	0.262543	0.262571	0.266577	0.258434	0.364358	0.379639	0.384465	0.386462	0.381632	0.392685	0.394404	0.41727	0.396933	0.330509	0.340958	0.432415	0.487424	0.371747	0.310477	0.316888	0.33457	0.360589	0.330935	0.303403	0.339672	0.258555	0.259157	0.258103	0.30844	0.306423	0.31045	0.334836	0.321551	0.323378	0.244638	0.210517	0.217138	0.230774	0.217826	0.212395	0.208427	0.18253	0.230064	0.217198	0.20981	0.240742	0.22533	0.244167	0.209954	0.203261	0.220729	0.165825	0.173957	0.209682	0.180109	0.190628	0.227757	0.188432	0.188076	0.200968	0.196589	0.19009	0.191144	0.223142	0.199799	0.194549	0.179735	0.198412	0.196991	0.1989	0.151064	0.137691	0.142193	0.163053	0.148536	0.152484	0.159112	0.158581	0.170068	0.150115	0.149991	0.145995	0.145995	0.167262	0.138028	0.156045	0.158515	0.145583	0.155999	0.15712	0.133597	0.154789	0.147317	0.162318	0.14332	0.16415	0.164475	0.13999	0.136674	0.154588	0.16251	0.147767	0.140264	0.149486	0.142707	0.149054	0.129641	0.153369	0.137195	0.150216	0.126144	0.136295	0.127983	0.118101	0.130884	0.107341	0.109548	0.122433	0.119862	0.123594	0.104882	0.111037	0.122385	0.108979	0.0987063	0.111236	0.115333	0.0989548	0.109726	0.107492	0.112275	0.130786	0.119002	0	0.116495	0.118423	0.0955698	0.0929433	0.127593	0.122564	0.111584	0.111583	0.179101	0.176207	0.12776	0.143203	0.131787	0.155423	0.150873	0.159486	0.135724	0.143799	0.140314	0.145384	0.147987	0.149632	0.160393	0.14758	0.143209	0.151991	0.138975	0.179847	0.170947	0.16531	0.166489	0.166317	0.168646	0.157644	0.143333	0.145425	0.151903	0.159793	0.158292	0.164698	0.143112	0.142857	0.146921	0.150968	0.151477	0.15345	0.153287	0.151244	0.15328	0.123438	0.140714	0.121625	0.150094	0.160685	0.168793	0.160414	0.15221	0.161512	0.158102	0.142431	0.175692	0.156816	0.168972	0.171402	0.166345	0.143294	0.145438	0.144119	0.142798	0.129875	0.12408	0.1282	0.198187	0.315382	0.317707	0.295228	0.360137	0.375238	0.329724	0.365835	0.374189	0.339686	0.27769	0.281449	0.317157	0.33877	0.3282	0.323738	0.381368	0.378485	0.351933	0.385027	0.37328	0.316791	0.292112	0.279222	0.284093	0.308457	0.295214	0.303566	0.280365	0.279397	0.271911	0.282655	0.315871	0.309517	0.311335	0.345734	0.322107	0.341397	0.336836	0.339351	0.435472	0.292244	0.317481	0.32651	0.298463	0.311251	0.289994	0.287982	0.287985	0.314244	0.326739	0.3028	0.308931	0.294703	0.316855	0.307226	0.312326	0.366511	0.372291	0.362987	0.372056	0.336552	0.342717	0.369783	0.333283	0.319395	0.332017	0.327195	0.33573	0.298023	0.294182	0.281815	0.294998	0.295049	0.363873	0.356612	0.358584	0.350946	0.348501
Brachypodius_atriceps	0.272763	0.278878	0.284626	0.314768	0.320235	0.30288	0.304529	0.347839	0.318687	0.398556	0.383553	0.2884	0.257779	0.272242	0.26559	0.261542	0.26356	0.265667	0.286247	0.281079	0.272859	0.283514	0.275258	0.307065	0.278837	0.283307	0.26852	0.302692	0.307526	0.287125	0.287185	0.294407	0.296452	0.267605	0.265591	0.269658	0.267605	0.267604	0.262895	0.277908	0.256412	0.266548	0.266575	0.270581	0.262439	0.368363	0.383643	0.388469	0.390466	0.385637	0.39669	0.398408	0.421275	0.400938	0.334514	0.344963	0.43642	0.491428	0.375752	0.314482	0.320893	0.338574	0.364594	0.334939	0.307408	0.343676	0.262559	0.263162	0.262107	0.312444	0.310428	0.314454	0.338841	0.325555	0.327383	0.248642	0.214521	0.221142	0.234778	0.22183	0.2164	0.212432	0.186534	0.234069	0.221202	0.213815	0.244747	0.229334	0.248172	0.213958	0.207265	0.224733	0.169829	0.177961	0.213687	0.184113	0.194633	0.231762	0.192437	0.192081	0.204973	0.200593	0.194095	0.195149	0.227146	0.203803	0.198554	0.183739	0.202417	0.200995	0.202905	0.155069	0.141695	0.146197	0.167058	0.152541	0.156489	0.163116	0.162586	0.174072	0.154119	0.153995	0.149999	0.149999	0.171266	0.142033	0.160049	0.162519	0.149588	0.160003	0.161125	0.137601	0.158793	0.151321	0.166323	0.147325	0.168154	0.16848	0.143994	0.140679	0.158592	0.166514	0.151771	0.144269	0.153491	0.146711	0.153059	0.133645	0.157374	0.1412	0.15422	0.130149	0.140299	0.131988	0.122106	0.134889	0.111345	0.113552	0.126438	0.123866	0.127599	0.108887	0.115042	0.12639	0.112984	0.102711	0.11524	0.119337	0.102959	0.113731	0.111501	0.116285	0.134796	0.123011	0.116495	0	0.0432959	0.0995744	0.0969479	0.131598	0.126569	0.115588	0.115588	0.183105	0.180212	0.131764	0.147207	0.135792	0.159428	0.154878	0.163491	0.139729	0.147803	0.144319	0.149388	0.151992	0.153637	0.164397	0.151585	0.147214	0.155996	0.14298	0.183852	0.174952	0.169315	0.170493	0.170322	0.17265	0.161649	0.147338	0.14943	0.155907	0.163797	0.162297	0.168703	0.147116	0.146861	0.150925	0.154972	0.155481	0.157454	0.157292	0.155248	0.157284	0.127443	0.144718	0.12563	0.154098	0.164689	0.172798	0.164419	0.156214	0.165516	0.162107	0.146436	0.179697	0.160821	0.172977	0.175406	0.170349	0.147299	0.149442	0.148124	0.146802	0.133879	0.128084	0.132205	0.202191	0.319387	0.321712	0.299232	0.364141	0.379243	0.333729	0.36984	0.378193	0.34369	0.281695	0.285454	0.321161	0.342774	0.332204	0.327743	0.385372	0.382489	0.355937	0.389032	0.377284	0.320796	0.296117	0.283226	0.288097	0.312461	0.299219	0.30757	0.28437	0.283402	0.275916	0.28666	0.319875	0.313521	0.315339	0.349738	0.326112	0.345401	0.340841	0.343356	0.439477	0.296248	0.321486	0.330515	0.302468	0.315255	0.293999	0.291986	0.29199	0.318248	0.330743	0.306804	0.312936	0.298707	0.32086	0.311231	0.31633	0.370515	0.376295	0.366992	0.376061	0.340556	0.346721	0.373787	0.337288	0.3234	0.336021	0.3312	0.339735	0.302028	0.298186	0.28582	0.299002	0.299053	0.367878	0.360617	0.362588	0.354951	0.352506
Pycnonotus_jocosus	0.274691	0.280806	0.286554	0.316696	0.322163	0.304808	0.306457	0.349767	0.320615	0.400484	0.385481	0.290328	0.259707	0.27417	0.267518	0.26347	0.265488	0.267595	0.288175	0.283007	0.274787	0.285442	0.277186	0.308993	0.280765	0.285235	0.270448	0.30462	0.309454	0.289053	0.289113	0.296335	0.29838	0.269533	0.267519	0.271586	0.269533	0.269532	0.264823	0.279836	0.25834	0.268476	0.268503	0.272509	0.264367	0.370291	0.385571	0.390397	0.392394	0.387565	0.398618	0.400336	0.423203	0.402866	0.336442	0.346891	0.438348	0.493356	0.37768	0.31641	0.322821	0.340502	0.366522	0.336867	0.309336	0.345604	0.264487	0.26509	0.264035	0.314372	0.312356	0.316382	0.340769	0.327483	0.329311	0.25057	0.216449	0.22307	0.236706	0.223758	0.218328	0.21436	0.188462	0.235997	0.22313	0.215743	0.246675	0.231262	0.2501	0.215886	0.209194	0.226661	0.171757	0.179889	0.215615	0.186041	0.196561	0.23369	0.194365	0.194009	0.206901	0.202521	0.196023	0.197077	0.229074	0.205731	0.200482	0.185667	0.204345	0.202923	0.204833	0.156997	0.143623	0.148125	0.168986	0.154469	0.158417	0.165044	0.164514	0.176	0.156047	0.155923	0.151927	0.151927	0.173194	0.143961	0.161977	0.164447	0.151516	0.161931	0.163053	0.139529	0.160721	0.153249	0.168251	0.149253	0.170082	0.170408	0.145922	0.142607	0.16052	0.168442	0.153699	0.146197	0.155419	0.148639	0.154987	0.135574	0.159302	0.143128	0.156148	0.132077	0.142227	0.133916	0.124034	0.136817	0.113273	0.11548	0.128366	0.125794	0.129527	0.110815	0.11697	0.128318	0.114912	0.104639	0.117168	0.121265	0.104887	0.115659	0.113429	0.118213	0.136724	0.124939	0.118423	0.0432959	0	0.101502	0.0988759	0.133526	0.128497	0.117516	0.117516	0.185033	0.18214	0.133692	0.149135	0.13772	0.161356	0.156806	0.165419	0.141657	0.149731	0.146247	0.151316	0.15392	0.155565	0.166325	0.153513	0.149142	0.157924	0.144908	0.18578	0.17688	0.171243	0.172421	0.17225	0.174578	0.163577	0.149266	0.151358	0.157835	0.165725	0.164225	0.170631	0.149044	0.148789	0.152854	0.1569	0.157409	0.159382	0.15922	0.157176	0.159212	0.129371	0.146646	0.127558	0.156026	0.166617	0.174726	0.166347	0.158142	0.167444	0.164035	0.148364	0.181625	0.162749	0.174905	0.177334	0.172277	0.149227	0.15137	0.150052	0.148731	0.135807	0.130012	0.134133	0.204119	0.321315	0.32364	0.30116	0.366069	0.381171	0.335657	0.371768	0.380121	0.345618	0.283623	0.287382	0.323089	0.344702	0.334132	0.329671	0.3873	0.384418	0.357865	0.39096	0.379212	0.322724	0.298045	0.285154	0.290025	0.314389	0.301147	0.309498	0.286298	0.28533	0.277844	0.288588	0.321803	0.315449	0.317267	0.351666	0.32804	0.347329	0.342769	0.345284	0.441405	0.298176	0.323414	0.332443	0.304396	0.317183	0.295927	0.293914	0.293918	0.320176	0.332671	0.308732	0.314864	0.300635	0.322788	0.313159	0.318258	0.372443	0.378223	0.36892	0.377989	0.342484	0.348649	0.375715	0.339216	0.325328	0.337949	0.333128	0.341663	0.303956	0.300114	0.287748	0.30093	0.300981	0.369806	0.362545	0.364516	0.356879	0.354434
Phylloscopus_trochilus	0.247879	0.253994	0.259743	0.289885	0.295352	0.277996	0.279645	0.322955	0.293803	0.373673	0.35867	0.263517	0.232895	0.247359	0.240707	0.236659	0.238676	0.240783	0.261363	0.256195	0.247976	0.258631	0.250374	0.282182	0.253953	0.258423	0.243636	0.277808	0.282642	0.262242	0.262301	0.269523	0.271568	0.242722	0.240708	0.244774	0.242721	0.24272	0.238011	0.253025	0.231528	0.241664	0.241692	0.245698	0.237555	0.343479	0.35876	0.363586	0.365583	0.360753	0.371806	0.373525	0.396391	0.376054	0.30963	0.320079	0.411536	0.466545	0.350868	0.289598	0.296009	0.313691	0.33971	0.310056	0.282524	0.318793	0.237676	0.238278	0.237224	0.287561	0.285544	0.289571	0.313957	0.300672	0.302499	0.223759	0.189638	0.196259	0.209895	0.196947	0.191516	0.187548	0.161651	0.209185	0.196319	0.188931	0.219863	0.204451	0.223288	0.189075	0.182382	0.19985	0.144946	0.153078	0.188803	0.15923	0.169749	0.206878	0.167553	0.167197	0.180089	0.17571	0.169211	0.170265	0.202263	0.17892	0.17367	0.158856	0.177533	0.176112	0.178021	0.130185	0.116812	0.121314	0.142174	0.127657	0.131605	0.138233	0.137702	0.149189	0.129236	0.129112	0.125116	0.125116	0.146383	0.117149	0.135166	0.137636	0.124704	0.13512	0.136241	0.112718	0.13391	0.126438	0.141439	0.122441	0.143271	0.143596	0.119111	0.115795	0.133709	0.141631	0.126888	0.119385	0.128607	0.121828	0.128175	0.108762	0.13249	0.116316	0.129337	0.105265	0.115416	0.107104	0.0972224	0.110005	0.0864615	0.0886685	0.101554	0.0989829	0.102715	0.084003	0.0901583	0.101506	0.0881	0.0778273	0.0903566	0.0944538	0.0780758	0.0888471	0.0905764	0.0953599	0.113871	0.102086	0.0955698	0.0995744	0.101502	0	0.0421881	0.0991737	0.101685	0.0907045	0.0907044	0.158222	0.155328	0.106881	0.122324	0.110908	0.134544	0.129994	0.138607	0.114845	0.12292	0.119435	0.124505	0.127108	0.128753	0.139514	0.126701	0.12233	0.131112	0.118096	0.158968	0.150068	0.144431	0.14561	0.145438	0.147767	0.136765	0.122454	0.124546	0.131024	0.138914	0.137413	0.143819	0.122233	0.121978	0.126042	0.130089	0.130598	0.132571	0.132408	0.130365	0.132401	0.102559	0.119835	0.100746	0.129215	0.139806	0.147914	0.139535	0.131331	0.140633	0.137223	0.121552	0.154813	0.135937	0.148093	0.150523	0.145466	0.122415	0.124559	0.12324	0.121919	0.108996	0.103201	0.107321	0.177308	0.294503	0.296828	0.274349	0.339258	0.354359	0.308845	0.344956	0.35331	0.318807	0.256811	0.26057	0.296278	0.317891	0.307321	0.302859	0.360489	0.357606	0.331054	0.364148	0.352401	0.295912	0.271233	0.258343	0.263214	0.287578	0.274335	0.282687	0.259486	0.258518	0.251032	0.261776	0.294992	0.288638	0.290456	0.324855	0.301228	0.320518	0.315957	0.318472	0.414593	0.271365	0.296602	0.305631	0.277584	0.290372	0.269115	0.267103	0.267106	0.293365	0.30586	0.281921	0.288052	0.273824	0.295976	0.286347	0.291447	0.345632	0.351412	0.342108	0.351177	0.315673	0.321838	0.348904	0.312404	0.298516	0.311138	0.306316	0.314851	0.277144	0.273303	0.260936	0.274119	0.27417	0.342994	0.335733	0.337705	0.330067	0.327622
Rhadina_sibilatrix	0.245253	0.251367	0.257116	0.287258	0.292725	0.275369	0.277019	0.320329	0.291177	0.371046	0.356043	0.26089	0.230269	0.244732	0.23808	0.234032	0.23605	0.238156	0.258736	0.253569	0.245349	0.256004	0.247748	0.279555	0.251327	0.255797	0.24101	0.275182	0.280016	0.259615	0.259675	0.266897	0.268942	0.240095	0.238081	0.242148	0.240095	0.240094	0.235385	0.250398	0.228902	0.239038	0.239065	0.243071	0.234929	0.340853	0.356133	0.360959	0.362956	0.358127	0.36918	0.370898	0.393765	0.373428	0.307004	0.317453	0.40891	0.463918	0.348242	0.286972	0.293383	0.311064	0.337084	0.307429	0.279898	0.316166	0.235049	0.235652	0.234597	0.284934	0.282918	0.286944	0.311331	0.298045	0.299873	0.221132	0.187011	0.193632	0.207268	0.19432	0.18889	0.184922	0.159024	0.206559	0.193692	0.186305	0.217236	0.201824	0.220662	0.186448	0.179755	0.197223	0.142319	0.150451	0.186177	0.156603	0.167123	0.204252	0.164927	0.164571	0.177463	0.173083	0.166585	0.167638	0.199636	0.176293	0.171044	0.156229	0.174907	0.173485	0.175395	0.127559	0.114185	0.118687	0.139548	0.125031	0.128978	0.135606	0.135076	0.146562	0.126609	0.126485	0.122489	0.122489	0.143756	0.114523	0.132539	0.135009	0.122078	0.132493	0.133615	0.110091	0.131283	0.123811	0.138813	0.119814	0.140644	0.14097	0.116484	0.113169	0.131082	0.139004	0.124261	0.116759	0.125981	0.119201	0.125549	0.106135	0.129864	0.113689	0.12671	0.102639	0.112789	0.104478	0.0945959	0.107378	0.083835	0.086042	0.0989276	0.0963564	0.100089	0.0813765	0.0875318	0.0988796	0.0854735	0.0752008	0.0877301	0.0918273	0.0754493	0.0862206	0.0879499	0.0927334	0.111244	0.0994597	0.0929433	0.0969479	0.0988759	0.0421881	0	0.0965472	0.0990587	0.088078	0.0880779	0.155595	0.152702	0.104254	0.119697	0.108282	0.131917	0.127368	0.135981	0.112219	0.120293	0.116809	0.121878	0.124481	0.126127	0.136887	0.124075	0.119703	0.128486	0.11547	0.156342	0.147442	0.141804	0.142983	0.142812	0.14514	0.134139	0.119828	0.12192	0.128397	0.136287	0.134787	0.141193	0.119606	0.119351	0.123415	0.127462	0.127971	0.129944	0.129782	0.127738	0.129774	0.0999328	0.117208	0.09812	0.126588	0.137179	0.145288	0.136909	0.128704	0.138006	0.134597	0.118926	0.152187	0.133311	0.145467	0.147896	0.142839	0.119789	0.121932	0.120614	0.119292	0.106369	0.100574	0.104695	0.174681	0.291877	0.294202	0.271722	0.336631	0.351733	0.306219	0.34233	0.350683	0.31618	0.254184	0.257944	0.293651	0.315264	0.304694	0.300233	0.357862	0.354979	0.328427	0.361522	0.349774	0.293286	0.268607	0.255716	0.260587	0.284951	0.271709	0.28006	0.25686	0.255891	0.248406	0.25915	0.292365	0.286011	0.287829	0.322228	0.298602	0.317891	0.313331	0.315846	0.411966	0.268738	0.293975	0.303005	0.274957	0.287745	0.266489	0.264476	0.26448	0.290738	0.303233	0.279294	0.285425	0.271197	0.29335	0.283721	0.28882	0.343005	0.348785	0.339482	0.34855	0.313046	0.319211	0.346277	0.309778	0.295889	0.308511	0.30369	0.312225	0.274518	0.270676	0.25831	0.271492	0.271543	0.340368	0.333107	0.335078	0.327441	0.324996
Aegithalos_caudatus	0.279903	0.286018	0.291766	0.321908	0.327375	0.31002	0.311669	0.354979	0.325827	0.405696	0.390693	0.29554	0.264919	0.279382	0.27273	0.268682	0.2707	0.272807	0.293387	0.288219	0.279999	0.290654	0.282398	0.314205	0.285977	0.290447	0.27566	0.309832	0.314666	0.294265	0.294325	0.301547	0.303592	0.274745	0.272731	0.276798	0.274745	0.274744	0.270035	0.285048	0.263552	0.273688	0.273715	0.277721	0.269579	0.375503	0.390783	0.395609	0.397606	0.392777	0.40383	0.405548	0.428415	0.408078	0.341654	0.352103	0.44356	0.498568	0.382892	0.321622	0.328033	0.345714	0.371734	0.342079	0.314548	0.350816	0.269699	0.270302	0.269248	0.319584	0.317568	0.321595	0.345981	0.332695	0.334523	0.255782	0.221661	0.228282	0.241918	0.22897	0.22354	0.219572	0.193674	0.241209	0.228342	0.220955	0.251887	0.236474	0.255312	0.221098	0.214406	0.231874	0.176969	0.185101	0.220827	0.191253	0.201773	0.238902	0.199577	0.199221	0.212113	0.207733	0.201235	0.202289	0.234286	0.210944	0.205694	0.19088	0.209557	0.208135	0.210045	0.162209	0.148835	0.153337	0.174198	0.159681	0.163629	0.170256	0.169726	0.181212	0.161259	0.161135	0.157139	0.157139	0.178406	0.149173	0.167189	0.169659	0.156728	0.167144	0.168265	0.144741	0.165933	0.158461	0.173463	0.154465	0.175294	0.17562	0.151135	0.147819	0.165732	0.173654	0.158911	0.151409	0.160631	0.153851	0.160199	0.140786	0.164514	0.14834	0.161361	0.137289	0.147439	0.139128	0.129246	0.142029	0.118485	0.120692	0.133578	0.131007	0.134739	0.116027	0.122182	0.13353	0.120124	0.109851	0.12238	0.126477	0.110099	0.120871	0.1226	0.127383	0.145894	0.13411	0.127593	0.131598	0.133526	0.0991737	0.0965472	0	0.133709	0.122728	0.122728	0.190245	0.187352	0.138905	0.154347	0.142932	0.166568	0.162018	0.170631	0.146869	0.154943	0.151459	0.156528	0.159132	0.160777	0.171537	0.158725	0.154354	0.163136	0.15012	0.190992	0.182092	0.176455	0.177633	0.177462	0.17979	0.168789	0.154478	0.15657	0.163047	0.170937	0.169437	0.175843	0.154256	0.154001	0.158066	0.162113	0.162621	0.164594	0.164432	0.162388	0.164424	0.134583	0.151858	0.13277	0.161238	0.171829	0.179938	0.171559	0.163354	0.172656	0.169247	0.153576	0.186837	0.167961	0.180117	0.182546	0.177489	0.154439	0.156582	0.155264	0.153943	0.141019	0.135224	0.139345	0.209331	0.326527	0.328852	0.306372	0.371281	0.386383	0.340869	0.37698	0.385333	0.350831	0.288835	0.292594	0.328301	0.349914	0.339344	0.334883	0.392512	0.38963	0.363077	0.396172	0.384424	0.327936	0.303257	0.290366	0.295237	0.319601	0.306359	0.31471	0.29151	0.290542	0.283056	0.2938	0.327015	0.320661	0.322479	0.356878	0.333252	0.352541	0.347981	0.350496	0.446617	0.303388	0.328626	0.337655	0.309608	0.322396	0.301139	0.299126	0.29913	0.325388	0.337883	0.313944	0.320076	0.305848	0.328	0.318371	0.32347	0.377655	0.383435	0.374132	0.383201	0.347696	0.353862	0.380927	0.344428	0.33054	0.343161	0.33834	0.346875	0.309168	0.305326	0.29296	0.306142	0.306193	0.375018	0.367757	0.369728	0.362091	0.359646
Erythrocercus_mccallii	0.274868	0.280983	0.286731	0.316874	0.322341	0.304985	0.306634	0.349944	0.320792	0.400662	0.385659	0.290505	0.259884	0.274347	0.267695	0.263647	0.265665	0.267772	0.288352	0.283184	0.274964	0.285619	0.277363	0.309171	0.280942	0.285412	0.270625	0.304797	0.309631	0.28923	0.28929	0.296512	0.298557	0.26971	0.267697	0.271763	0.26971	0.269709	0.265	0.280013	0.258517	0.268653	0.26868	0.272686	0.264544	0.370468	0.385748	0.390574	0.392571	0.387742	0.398795	0.400514	0.42338	0.403043	0.336619	0.347068	0.438525	0.493534	0.377857	0.316587	0.322998	0.340679	0.366699	0.337044	0.309513	0.345782	0.264664	0.265267	0.264213	0.31455	0.312533	0.31656	0.340946	0.32766	0.329488	0.250747	0.216626	0.223248	0.236883	0.223935	0.218505	0.214537	0.18864	0.236174	0.223307	0.21592	0.246852	0.231439	0.250277	0.216063	0.209371	0.226839	0.171934	0.180066	0.215792	0.186219	0.196738	0.233867	0.194542	0.194186	0.207078	0.202698	0.1962	0.197254	0.229251	0.205909	0.200659	0.185845	0.204522	0.2031	0.20501	0.157174	0.143801	0.148302	0.169163	0.154646	0.158594	0.165221	0.164691	0.176178	0.156224	0.156101	0.152105	0.152105	0.173371	0.144138	0.162154	0.164625	0.151693	0.162109	0.16323	0.139706	0.160898	0.153426	0.168428	0.14943	0.17026	0.170585	0.1461	0.142784	0.160697	0.168619	0.153876	0.146374	0.155596	0.148816	0.155164	0.135751	0.159479	0.143305	0.156326	0.132254	0.142405	0.134093	0.124211	0.136994	0.11345	0.115657	0.128543	0.125972	0.129704	0.110992	0.117147	0.128495	0.115089	0.104816	0.117345	0.121443	0.105065	0.115836	0.117571	0.122354	0.140865	0.129081	0.122564	0.126569	0.128497	0.101685	0.0990587	0.133709	0	0.0850123	0.0850121	0.18521	0.182317	0.13387	0.149313	0.137897	0.161533	0.156983	0.165596	0.141834	0.149909	0.146424	0.151493	0.154097	0.155742	0.166503	0.15369	0.149319	0.158101	0.145085	0.185957	0.177057	0.17142	0.172598	0.172427	0.174755	0.163754	0.149443	0.151535	0.158012	0.165902	0.164402	0.170808	0.149221	0.148966	0.153031	0.157078	0.157586	0.159559	0.159397	0.157353	0.159389	0.129548	0.146823	0.127735	0.156203	0.166794	0.174903	0.166524	0.158319	0.167621	0.164212	0.148541	0.181802	0.162926	0.175082	0.177511	0.172454	0.149404	0.151547	0.150229	0.148908	0.135984	0.130189	0.13431	0.204296	0.321492	0.323817	0.301337	0.366246	0.381348	0.335834	0.371945	0.380298	0.345796	0.2838	0.287559	0.323267	0.344879	0.334309	0.329848	0.387477	0.384595	0.358042	0.391137	0.379389	0.322901	0.298222	0.285331	0.290202	0.314566	0.301324	0.309676	0.286475	0.285507	0.278021	0.288765	0.32198	0.315626	0.317444	0.351843	0.328217	0.347506	0.342946	0.345461	0.441582	0.298353	0.323591	0.33262	0.304573	0.317361	0.296104	0.294091	0.294095	0.320353	0.332848	0.30891	0.315041	0.300813	0.322965	0.313336	0.318435	0.37262	0.3784	0.369097	0.378166	0.342661	0.348827	0.375892	0.339393	0.325505	0.338126	0.333305	0.34184	0.304133	0.300291	0.287925	0.301108	0.301158	0.369983	0.362722	0.364693	0.357056	0.354611
Cettia_cetti	0.263887	0.270002	0.275751	0.305893	0.31136	0.294004	0.295654	0.338964	0.309811	0.389681	0.374678	0.279525	0.248903	0.263367	0.256715	0.252667	0.254684	0.256791	0.277371	0.272203	0.263984	0.274639	0.266382	0.29819	0.269961	0.274431	0.259644	0.293816	0.29865	0.27825	0.278309	0.285531	0.287576	0.25873	0.256716	0.260782	0.258729	0.258729	0.25402	0.269033	0.247536	0.257672	0.2577	0.261706	0.253563	0.359487	0.374768	0.379594	0.381591	0.376761	0.387814	0.389533	0.4124	0.392062	0.325638	0.336087	0.427544	0.482553	0.366876	0.305606	0.312017	0.329699	0.355718	0.326064	0.298532	0.334801	0.253684	0.254286	0.253232	0.303569	0.301552	0.305579	0.329966	0.31668	0.318507	0.239767	0.205646	0.212267	0.225903	0.212955	0.207524	0.203557	0.177659	0.225193	0.212327	0.204939	0.235871	0.220459	0.239297	0.205083	0.19839	0.215858	0.160954	0.169086	0.204811	0.175238	0.185757	0.222887	0.183561	0.183205	0.196097	0.191718	0.185219	0.186273	0.218271	0.194928	0.189678	0.174864	0.193541	0.19212	0.19403	0.146193	0.13282	0.137322	0.158182	0.143666	0.147613	0.154241	0.15371	0.165197	0.145244	0.14512	0.141124	0.141124	0.162391	0.133157	0.151174	0.153644	0.140712	0.151128	0.152249	0.128726	0.149918	0.142446	0.157448	0.138449	0.159279	0.159604	0.135119	0.131803	0.149717	0.157639	0.142896	0.135393	0.144615	0.137836	0.144183	0.12477	0.148498	0.132324	0.145345	0.121273	0.131424	0.123112	0.11323	0.126013	0.10247	0.104677	0.117562	0.114991	0.118723	0.100011	0.106166	0.117514	0.104108	0.0938353	0.106365	0.110462	0.0940839	0.104855	0.10659	0.111374	0.129885	0.1181	0.111584	0.115588	0.117516	0.0907045	0.088078	0.122728	0.0850123	0	0.0618701	0.17423	0.171336	0.122889	0.138332	0.126916	0.150552	0.146002	0.154615	0.130853	0.138928	0.135444	0.140513	0.143116	0.144761	0.155522	0.142709	0.138338	0.14712	0.134104	0.174976	0.166076	0.160439	0.161618	0.161446	0.163775	0.152773	0.138462	0.140554	0.147032	0.154922	0.153421	0.159828	0.138241	0.137986	0.14205	0.146097	0.146606	0.148579	0.148417	0.146373	0.148409	0.118567	0.135843	0.116755	0.145223	0.155814	0.163922	0.155543	0.147339	0.156641	0.153232	0.13756	0.170821	0.151945	0.164101	0.166531	0.161474	0.138423	0.140567	0.139248	0.137927	0.125004	0.119209	0.123329	0.193316	0.310511	0.312836	0.290357	0.355266	0.370367	0.324853	0.360964	0.369318	0.334815	0.272819	0.276578	0.312286	0.333899	0.323329	0.318867	0.376497	0.373614	0.347062	0.380156	0.368409	0.31192	0.287241	0.274351	0.279222	0.303586	0.290343	0.298695	0.275495	0.274526	0.26704	0.277784	0.311	0.304646	0.306464	0.340863	0.317236	0.336526	0.331966	0.33448	0.430601	0.287373	0.31261	0.321639	0.293592	0.30638	0.285123	0.283111	0.283114	0.309373	0.321868	0.297929	0.30406	0.289832	0.311984	0.302355	0.307455	0.36164	0.36742	0.358116	0.367185	0.331681	0.337846	0.364912	0.328413	0.314524	0.327146	0.322324	0.330859	0.293152	0.289311	0.276944	0.290127	0.290178	0.359002	0.351741	0.353713	0.346075	0.34363
Horornis_vulcanius	0.263887	0.270002	0.27575	0.305893	0.31136	0.294004	0.295653	0.338963	0.309811	0.389681	0.374678	0.279524	0.248903	0.263366	0.256714	0.252667	0.254684	0.256791	0.277371	0.272203	0.263984	0.274638	0.266382	0.29819	0.269961	0.274431	0.259644	0.293816	0.29865	0.278249	0.278309	0.285531	0.287576	0.25873	0.256716	0.260782	0.258729	0.258728	0.254019	0.269032	0.247536	0.257672	0.2577	0.261706	0.253563	0.359487	0.374767	0.379594	0.381591	0.376761	0.387814	0.389533	0.412399	0.392062	0.325638	0.336087	0.427544	0.482553	0.366876	0.305606	0.312017	0.329698	0.355718	0.326064	0.298532	0.334801	0.253683	0.254286	0.253232	0.303569	0.301552	0.305579	0.329965	0.316679	0.318507	0.239767	0.205646	0.212267	0.225902	0.212955	0.207524	0.203556	0.177659	0.225193	0.212327	0.204939	0.235871	0.220459	0.239296	0.205083	0.19839	0.215858	0.160954	0.169086	0.204811	0.175238	0.185757	0.222886	0.183561	0.183205	0.196097	0.191717	0.185219	0.186273	0.218271	0.194928	0.189678	0.174864	0.193541	0.19212	0.194029	0.146193	0.13282	0.137321	0.158182	0.143665	0.147613	0.154241	0.15371	0.165197	0.145244	0.14512	0.141124	0.141124	0.16239	0.133157	0.151173	0.153644	0.140712	0.151128	0.152249	0.128726	0.149918	0.142446	0.157447	0.138449	0.159279	0.159604	0.135119	0.131803	0.149717	0.157639	0.142896	0.135393	0.144615	0.137836	0.144183	0.12477	0.148498	0.132324	0.145345	0.121273	0.131424	0.123112	0.11323	0.126013	0.102469	0.104676	0.117562	0.114991	0.118723	0.100011	0.106166	0.117514	0.104108	0.0938352	0.106364	0.110462	0.0940837	0.104855	0.10659	0.111373	0.129884	0.1181	0.111583	0.115588	0.117516	0.0907044	0.0880779	0.122728	0.0850121	0.0618701	0	0.174229	0.171336	0.122889	0.138332	0.126916	0.150552	0.146002	0.154615	0.130853	0.138928	0.135443	0.140513	0.143116	0.144761	0.155522	0.142709	0.138338	0.14712	0.134104	0.174976	0.166076	0.160439	0.161618	0.161446	0.163774	0.152773	0.138462	0.140554	0.147032	0.154922	0.153421	0.159827	0.138241	0.137986	0.14205	0.146097	0.146606	0.148579	0.148416	0.146373	0.148409	0.118567	0.135842	0.116754	0.145222	0.155814	0.163922	0.155543	0.147338	0.15664	0.153231	0.13756	0.170821	0.151945	0.164101	0.166531	0.161473	0.138423	0.140567	0.139248	0.137927	0.125004	0.119208	0.123329	0.193316	0.310511	0.312836	0.290356	0.355266	0.370367	0.324853	0.360964	0.369317	0.334815	0.272819	0.276578	0.312286	0.333899	0.323329	0.318867	0.376496	0.373614	0.347062	0.380156	0.368409	0.31192	0.287241	0.274351	0.279222	0.303586	0.290343	0.298695	0.275494	0.274526	0.26704	0.277784	0.311	0.304646	0.306463	0.340862	0.317236	0.336526	0.331965	0.33448	0.430601	0.287373	0.31261	0.321639	0.293592	0.30638	0.285123	0.283111	0.283114	0.309372	0.321867	0.297929	0.30406	0.289832	0.311984	0.302355	0.307455	0.361639	0.367419	0.358116	0.367185	0.33168	0.337846	0.364912	0.328412	0.314524	0.327146	0.322324	0.330859	0.293152	0.28931	0.276944	0.290127	0.290178	0.359002	0.351741	0.353713	0.346075	0.34363
Regulus_satrapa	0.29925	0.305364	0.311113	0.341255	0.346722	0.329366	0.331016	0.374326	0.345174	0.425043	0.41004	0.314887	0.284266	0.298729	0.292077	0.288029	0.290047	0.292153	0.312733	0.307565	0.299346	0.310001	0.301745	0.333552	0.305324	0.309794	0.295007	0.329179	0.334013	0.313612	0.313672	0.320894	0.322939	0.294092	0.292078	0.296145	0.294092	0.294091	0.289382	0.304395	0.282899	0.293035	0.293062	0.297068	0.288926	0.39485	0.41013	0.414956	0.416953	0.412124	0.423177	0.424895	0.447762	0.427425	0.361001	0.37145	0.462907	0.517915	0.402239	0.340969	0.34738	0.365061	0.391081	0.361426	0.333895	0.370163	0.289046	0.289649	0.288594	0.338931	0.336915	0.340941	0.365328	0.352042	0.35387	0.275129	0.241008	0.247629	0.261265	0.248317	0.242887	0.238919	0.213021	0.260556	0.247689	0.240302	0.271233	0.255821	0.274659	0.240445	0.233752	0.25122	0.196316	0.204448	0.240174	0.2106	0.22112	0.258249	0.218924	0.218568	0.23146	0.22708	0.220582	0.221635	0.253633	0.23029	0.225041	0.210226	0.228903	0.227482	0.229392	0.181555	0.168182	0.172684	0.193545	0.179028	0.182975	0.189603	0.189073	0.200559	0.180606	0.180482	0.176486	0.176486	0.197753	0.16852	0.186536	0.189006	0.176075	0.18649	0.187612	0.164088	0.18528	0.177808	0.19281	0.173811	0.194641	0.194967	0.170481	0.167166	0.185079	0.193001	0.178258	0.170756	0.179978	0.173198	0.179546	0.160132	0.183861	0.167686	0.180712	0.15664	0.166791	0.158479	0.168726	0.181508	0.162094	0.168199	0.181085	0.178514	0.182246	0.163534	0.169689	0.181037	0.167631	0.157358	0.169887	0.173985	0.157607	0.168378	0.174107	0.178891	0.197402	0.185617	0.179101	0.183105	0.185033	0.158222	0.155595	0.190245	0.18521	0.17423	0.174229	0	0.202685	0.154237	0.16968	0.158265	0.1819	0.177351	0.185964	0.162202	0.170276	0.166792	0.171861	0.174464	0.17611	0.18687	0.174058	0.169686	0.178469	0.165453	0.206325	0.197425	0.191787	0.192966	0.192795	0.195123	0.184122	0.169811	0.171903	0.17838	0.18627	0.18477	0.191176	0.169589	0.169334	0.173398	0.177445	0.177954	0.179927	0.179765	0.177721	0.179757	0.149916	0.167191	0.148108	0.176576	0.187167	0.195276	0.186897	0.178692	0.187994	0.184585	0.168914	0.202175	0.183299	0.195455	0.197884	0.192827	0.169777	0.171926	0.170607	0.169286	0.156363	0.154571	0.158692	0.228678	0.345874	0.348198	0.325719	0.390628	0.40573	0.360216	0.396327	0.40468	0.370177	0.308181	0.311941	0.347648	0.369261	0.358691	0.35423	0.411859	0.408976	0.382424	0.415519	0.403771	0.347283	0.322604	0.309713	0.314584	0.338948	0.325705	0.334057	0.310857	0.309888	0.302403	0.313147	0.346362	0.340008	0.341826	0.376225	0.352599	0.371888	0.367328	0.369843	0.465963	0.322735	0.347972	0.357002	0.328954	0.341742	0.320486	0.318473	0.318477	0.344735	0.35723	0.333291	0.339422	0.325194	0.347347	0.337718	0.342817	0.397002	0.402782	0.393479	0.402547	0.367043	0.373208	0.400274	0.363775	0.349886	0.362508	0.357686	0.366222	0.328515	0.324673	0.312307	0.325489	0.32554	0.394365	0.387104	0.389075	0.381438	0.378993
Elachura_formosa	0.296356	0.302471	0.30822	0.338362	0.343829	0.326473	0.328123	0.371433	0.34228	0.42215	0.407147	0.311994	0.281372	0.295836	0.289184	0.285136	0.287153	0.28926	0.30984	0.304672	0.296453	0.307108	0.298851	0.330659	0.30243	0.3069	0.292113	0.326285	0.331119	0.310719	0.310778	0.318	0.320045	0.291199	0.289185	0.293251	0.291198	0.291198	0.286489	0.301502	0.280005	0.290141	0.290169	0.294175	0.286032	0.391956	0.407237	0.412063	0.41406	0.40923	0.420283	0.422002	0.444868	0.424531	0.358107	0.368556	0.460013	0.515022	0.399345	0.338075	0.344486	0.362168	0.388187	0.358533	0.331001	0.36727	0.286153	0.286755	0.285701	0.336038	0.334021	0.338048	0.362434	0.349149	0.350976	0.272236	0.238115	0.244736	0.258372	0.245424	0.239993	0.236025	0.210128	0.257662	0.244796	0.237408	0.26834	0.252928	0.271765	0.237552	0.230859	0.248327	0.193423	0.201555	0.23728	0.207707	0.218226	0.255356	0.21603	0.215674	0.228566	0.224187	0.217688	0.218742	0.25074	0.227397	0.222147	0.207333	0.22601	0.224589	0.226498	0.178662	0.165289	0.169791	0.190651	0.176135	0.180082	0.18671	0.186179	0.197666	0.177713	0.177589	0.173593	0.173593	0.19486	0.165626	0.183643	0.186113	0.173181	0.183597	0.184718	0.161195	0.182387	0.174915	0.189916	0.170918	0.191748	0.192073	0.167588	0.164272	0.182186	0.190108	0.175365	0.167862	0.177084	0.170305	0.176652	0.157239	0.180967	0.164793	0.177818	0.153747	0.163897	0.155585	0.165832	0.178615	0.159201	0.165306	0.178191	0.17562	0.179353	0.16064	0.166796	0.178143	0.164737	0.154465	0.166994	0.171091	0.154713	0.165485	0.171214	0.175997	0.194508	0.182724	0.176207	0.180212	0.18214	0.155328	0.152702	0.187352	0.182317	0.171336	0.171336	0.202685	0	0.145239	0.162797	0.151382	0.175017	0.170468	0.179081	0.155319	0.163393	0.159909	0.164978	0.167581	0.169227	0.179987	0.167175	0.162803	0.171586	0.15857	0.199442	0.190542	0.184904	0.186083	0.185912	0.18824	0.177239	0.162928	0.16502	0.171497	0.179387	0.177887	0.184293	0.162706	0.162451	0.166515	0.170562	0.171071	0.173044	0.172882	0.170838	0.172874	0.143033	0.160308	0.145214	0.173683	0.184274	0.192382	0.184003	0.175799	0.185101	0.181691	0.16602	0.199281	0.180405	0.192561	0.194991	0.189934	0.166883	0.169033	0.167714	0.166393	0.15347	0.151678	0.155798	0.225785	0.34298	0.345305	0.322826	0.387735	0.402836	0.357322	0.393433	0.401787	0.367284	0.305288	0.309047	0.344755	0.366368	0.355798	0.351336	0.408966	0.406083	0.379531	0.412625	0.400878	0.344389	0.31971	0.30682	0.311691	0.336055	0.322812	0.331164	0.307963	0.306995	0.299509	0.310253	0.343469	0.337115	0.338933	0.373332	0.349705	0.368995	0.364435	0.366949	0.46307	0.319842	0.345079	0.354108	0.326061	0.338849	0.317592	0.31558	0.315583	0.341842	0.354337	0.330398	0.336529	0.322301	0.344453	0.334824	0.339924	0.394109	0.399889	0.390585	0.399654	0.36415	0.370315	0.397381	0.360881	0.346993	0.359615	0.354793	0.363328	0.325621	0.32178	0.309413	0.322596	0.322647	0.391471	0.38421	0.386182	0.378544	0.376099
Promerops_cafer	0.247909	0.254024	0.259772	0.289915	0.295382	0.278026	0.279675	0.322985	0.293833	0.373703	0.3587	0.263546	0.232925	0.247388	0.240736	0.236689	0.238706	0.240813	0.261393	0.256225	0.248006	0.25866	0.250404	0.282212	0.253983	0.258453	0.243666	0.277838	0.282672	0.262271	0.262331	0.269553	0.271598	0.242751	0.240738	0.244804	0.242751	0.24275	0.238041	0.253054	0.231558	0.241694	0.241721	0.245727	0.237585	0.343509	0.358789	0.363616	0.365612	0.360783	0.371836	0.373555	0.396421	0.376084	0.30966	0.320109	0.411566	0.466575	0.350898	0.289628	0.296039	0.31372	0.33974	0.310085	0.282554	0.318823	0.237705	0.238308	0.237254	0.287591	0.285574	0.289601	0.313987	0.300701	0.302529	0.223789	0.189668	0.196289	0.209924	0.196976	0.191546	0.187578	0.161681	0.209215	0.196349	0.188961	0.219893	0.20448	0.223318	0.189105	0.182412	0.19988	0.144976	0.153108	0.188833	0.15926	0.169779	0.206908	0.167583	0.167227	0.180119	0.175739	0.169241	0.170295	0.202293	0.17895	0.1737	0.158886	0.177563	0.176141	0.178051	0.130215	0.116842	0.121343	0.142204	0.127687	0.131635	0.138262	0.137732	0.149219	0.129266	0.129142	0.125146	0.125146	0.146412	0.117179	0.135195	0.137666	0.124734	0.13515	0.136271	0.112748	0.13394	0.126467	0.141469	0.122471	0.143301	0.143626	0.119141	0.115825	0.133738	0.141661	0.126917	0.119415	0.128637	0.121857	0.128205	0.108792	0.13252	0.116346	0.129371	0.105299	0.11545	0.107138	0.117385	0.130168	0.110754	0.116859	0.129744	0.127173	0.130905	0.112193	0.118348	0.129696	0.11629	0.106017	0.118547	0.122644	0.106266	0.117037	0.122766	0.12755	0.146061	0.134276	0.12776	0.131764	0.133692	0.106881	0.104254	0.138905	0.13387	0.122889	0.122889	0.154237	0.145239	0	0.11435	0.102935	0.12657	0.12202	0.130633	0.106871	0.114946	0.111462	0.116531	0.119134	0.120779	0.13154	0.118728	0.114356	0.123139	0.110122	0.150995	0.142094	0.136457	0.137636	0.137464	0.139793	0.128791	0.11448	0.116572	0.12305	0.13094	0.129439	0.135846	0.114259	0.114004	0.118068	0.122115	0.122624	0.124597	0.124435	0.122391	0.124427	0.0945855	0.111861	0.0967672	0.125235	0.135826	0.143935	0.135556	0.127351	0.136653	0.133244	0.117573	0.150834	0.131958	0.144114	0.146543	0.141486	0.118436	0.120585	0.119267	0.117946	0.105022	0.10323	0.107351	0.177337	0.294533	0.296858	0.274378	0.339287	0.354389	0.308875	0.344986	0.353339	0.318837	0.256841	0.2606	0.296308	0.31792	0.307351	0.302889	0.360518	0.357636	0.331083	0.364178	0.35243	0.295942	0.271263	0.258372	0.263243	0.287607	0.274365	0.282717	0.259516	0.258548	0.251062	0.261806	0.295022	0.288668	0.290485	0.324884	0.301258	0.320548	0.315987	0.318502	0.414623	0.271394	0.296632	0.305661	0.277614	0.290402	0.269145	0.267133	0.267136	0.293394	0.305889	0.281951	0.288082	0.273854	0.296006	0.286377	0.291476	0.345661	0.351441	0.342138	0.351207	0.315702	0.321868	0.348934	0.312434	0.298546	0.311168	0.306346	0.314881	0.277174	0.273332	0.260966	0.274149	0.274199	0.343024	0.335763	0.337734	0.330097	0.327652
Dicaeum_eximium	0.263352	0.269467	0.275215	0.305358	0.310825	0.293469	0.295118	0.338428	0.309276	0.389146	0.374143	0.278989	0.248368	0.262831	0.256179	0.252131	0.254149	0.256256	0.276836	0.271668	0.263448	0.274103	0.265847	0.297655	0.269426	0.273896	0.259109	0.293281	0.298115	0.277714	0.277774	0.284996	0.287041	0.258194	0.256181	0.260247	0.258194	0.258193	0.253484	0.268497	0.247001	0.257137	0.257164	0.26117	0.253028	0.358952	0.374232	0.379059	0.381055	0.376226	0.387279	0.388998	0.411864	0.391527	0.325103	0.335552	0.427009	0.482018	0.366341	0.305071	0.311482	0.329163	0.355183	0.325528	0.297997	0.334266	0.253148	0.253751	0.252697	0.303034	0.301017	0.305044	0.32943	0.316144	0.317972	0.239231	0.20511	0.211732	0.225367	0.212419	0.206989	0.203021	0.177124	0.224658	0.211791	0.204404	0.235336	0.219923	0.238761	0.204547	0.197855	0.215323	0.160418	0.16855	0.204276	0.174703	0.185222	0.222351	0.183026	0.18267	0.195562	0.191182	0.184684	0.185738	0.217735	0.194393	0.189143	0.174329	0.193006	0.191584	0.193494	0.145658	0.132285	0.136786	0.157647	0.14313	0.147078	0.153705	0.153175	0.164662	0.144708	0.144585	0.140589	0.140589	0.161855	0.132622	0.150638	0.153109	0.140177	0.150593	0.151714	0.12819	0.149382	0.14191	0.156912	0.137914	0.158744	0.159069	0.134584	0.131268	0.149181	0.157103	0.14236	0.134858	0.14408	0.1373	0.143648	0.124235	0.147963	0.131789	0.144814	0.120742	0.130893	0.122581	0.132828	0.145611	0.126196	0.132302	0.145187	0.142616	0.146348	0.127636	0.133791	0.145139	0.131733	0.12146	0.13399	0.138087	0.121709	0.13248	0.138209	0.142993	0.161504	0.149719	0.143203	0.147207	0.149135	0.122324	0.119697	0.154347	0.149313	0.138332	0.138332	0.16968	0.162797	0.11435	0	0.0829821	0.125877	0.121327	0.12994	0.106178	0.114253	0.110768	0.115837	0.118441	0.120086	0.130847	0.118034	0.113663	0.122445	0.109429	0.150301	0.141401	0.135764	0.136943	0.136771	0.139099	0.128098	0.113787	0.115879	0.122357	0.130247	0.128746	0.135152	0.113566	0.113311	0.117375	0.121422	0.121931	0.123904	0.123741	0.121697	0.123734	0.101991	0.119266	0.11221	0.140678	0.151269	0.159378	0.150999	0.142794	0.152096	0.148687	0.133016	0.166277	0.147401	0.159557	0.161986	0.156929	0.133879	0.136028	0.13471	0.133389	0.120465	0.118673	0.122794	0.19278	0.309976	0.312301	0.289821	0.35473	0.369832	0.324318	0.360429	0.368782	0.33428	0.272284	0.276043	0.311751	0.333363	0.322793	0.318332	0.375961	0.373079	0.346526	0.379621	0.367873	0.311385	0.286706	0.273815	0.278686	0.30305	0.289808	0.29816	0.274959	0.273991	0.266505	0.277249	0.310464	0.30411	0.305928	0.340327	0.316701	0.33599	0.33143	0.333945	0.430066	0.286837	0.312075	0.321104	0.293057	0.305845	0.284588	0.282576	0.282579	0.308837	0.321332	0.297394	0.303525	0.289297	0.311449	0.30182	0.306919	0.361104	0.366884	0.357581	0.36665	0.331145	0.337311	0.364376	0.327877	0.313989	0.32661	0.321789	0.330324	0.292617	0.288775	0.276409	0.289592	0.289642	0.358467	0.351206	0.353177	0.34554	0.343095
Leptocoma_aspasia	0.251937	0.258051	0.2638	0.293942	0.299409	0.282053	0.283703	0.327013	0.29786	0.37773	0.362727	0.267574	0.236952	0.251416	0.244764	0.240716	0.242733	0.24484	0.26542	0.260252	0.252033	0.262688	0.254432	0.286239	0.25801	0.262481	0.247693	0.281866	0.2867	0.266299	0.266359	0.27358	0.275625	0.246779	0.244765	0.248832	0.246779	0.246778	0.242069	0.257082	0.235585	0.245722	0.245749	0.249755	0.241613	0.347537	0.362817	0.367643	0.36964	0.36481	0.375864	0.377582	0.400449	0.380112	0.313688	0.324137	0.415594	0.470602	0.354926	0.293656	0.300066	0.317748	0.343768	0.314113	0.286581	0.32285	0.241733	0.242336	0.241281	0.291618	0.289602	0.293628	0.318015	0.304729	0.306557	0.227816	0.193695	0.200316	0.213952	0.201004	0.195574	0.191606	0.165708	0.213243	0.200376	0.192988	0.22392	0.208508	0.227346	0.193132	0.186439	0.203907	0.149003	0.157135	0.19286	0.163287	0.173806	0.210936	0.17161	0.171255	0.184147	0.179767	0.173269	0.174322	0.20632	0.182977	0.177728	0.162913	0.18159	0.180169	0.182079	0.134242	0.120869	0.125371	0.146232	0.131715	0.135662	0.14229	0.14176	0.153246	0.133293	0.133169	0.129173	0.129173	0.15044	0.121207	0.139223	0.141693	0.128762	0.139177	0.140299	0.116775	0.137967	0.130495	0.145497	0.126498	0.147328	0.147653	0.123168	0.119852	0.137766	0.145688	0.130945	0.123443	0.132664	0.125885	0.132232	0.112819	0.136547	0.120373	0.133399	0.109327	0.119478	0.111166	0.121413	0.134195	0.114781	0.120886	0.133772	0.131201	0.134933	0.116221	0.122376	0.133724	0.120318	0.110045	0.122574	0.126671	0.110293	0.121065	0.126794	0.131577	0.150088	0.138304	0.131787	0.135792	0.13772	0.110908	0.108282	0.142932	0.137897	0.126916	0.126916	0.158265	0.151382	0.102935	0.0829821	0	0.114461	0.109912	0.118525	0.0947627	0.102837	0.0993529	0.104422	0.107025	0.108671	0.119431	0.106619	0.102247	0.11103	0.0980138	0.138886	0.129986	0.124348	0.125527	0.125356	0.127684	0.116683	0.102372	0.104464	0.110941	0.118831	0.117331	0.123737	0.10215	0.101895	0.105959	0.110006	0.110515	0.112488	0.112326	0.110282	0.112318	0.0905751	0.10785	0.100795	0.129263	0.139854	0.147962	0.139584	0.131379	0.140681	0.137272	0.121601	0.154861	0.135986	0.148141	0.150571	0.145514	0.122463	0.124613	0.123294	0.121973	0.10905	0.107258	0.111379	0.181365	0.29856	0.300885	0.278406	0.343315	0.358417	0.312903	0.349013	0.357367	0.322864	0.260868	0.264628	0.300335	0.321948	0.311378	0.306916	0.364546	0.361663	0.335111	0.368206	0.356458	0.299969	0.275291	0.2624	0.267271	0.291635	0.278392	0.286744	0.263544	0.262575	0.25509	0.265834	0.299049	0.292695	0.294513	0.328912	0.305285	0.324575	0.320015	0.32253	0.41865	0.275422	0.300659	0.309689	0.281641	0.294429	0.273172	0.27116	0.271164	0.297422	0.309917	0.285978	0.292109	0.277881	0.300034	0.290405	0.295504	0.349689	0.355469	0.346165	0.355234	0.31973	0.325895	0.352961	0.316462	0.302573	0.315195	0.310373	0.318909	0.281201	0.27736	0.264994	0.278176	0.278227	0.347052	0.339791	0.341762	0.334125	0.33168
Irena_cyanogastra	0.275572	0.281687	0.287435	0.317578	0.323045	0.305689	0.307338	0.350648	0.321496	0.401366	0.386363	0.291209	0.260588	0.275051	0.268399	0.264352	0.266369	0.268476	0.289056	0.283888	0.275669	0.286323	0.278067	0.309875	0.281646	0.286116	0.271329	0.305501	0.310335	0.289934	0.289994	0.297216	0.299261	0.270415	0.268401	0.272467	0.270414	0.270413	0.265704	0.280717	0.259221	0.269357	0.269385	0.273391	0.265248	0.371172	0.386452	0.391279	0.393276	0.388446	0.399499	0.401218	0.424084	0.403747	0.337323	0.347772	0.439229	0.494238	0.378561	0.317291	0.323702	0.341383	0.367403	0.337748	0.310217	0.346486	0.265368	0.265971	0.264917	0.315254	0.313237	0.317264	0.34165	0.328364	0.330192	0.251452	0.217331	0.223952	0.237587	0.224639	0.219209	0.215241	0.189344	0.236878	0.224012	0.216624	0.247556	0.232144	0.250981	0.216768	0.210075	0.227543	0.172639	0.180771	0.216496	0.186923	0.197442	0.234571	0.195246	0.19489	0.207782	0.203402	0.196904	0.197958	0.229956	0.206613	0.201363	0.186549	0.205226	0.203805	0.205714	0.157878	0.144505	0.149006	0.169867	0.15535	0.159298	0.165926	0.165395	0.176882	0.156929	0.156805	0.152809	0.152809	0.174075	0.144842	0.162858	0.165329	0.152397	0.162813	0.163934	0.140411	0.161603	0.15413	0.169132	0.150134	0.170964	0.171289	0.146804	0.143488	0.161402	0.169324	0.154581	0.147078	0.1563	0.14952	0.155868	0.136455	0.160183	0.144009	0.157034	0.132963	0.143113	0.134801	0.145048	0.157831	0.138417	0.144522	0.157407	0.154836	0.158569	0.139856	0.146012	0.157359	0.143953	0.13368	0.14621	0.150307	0.133929	0.1447	0.15043	0.155213	0.173724	0.161939	0.155423	0.159428	0.161356	0.134544	0.131917	0.166568	0.161533	0.150552	0.150552	0.1819	0.175017	0.12657	0.125877	0.114461	0	0.121265	0.129878	0.106116	0.114191	0.110706	0.115775	0.118379	0.120024	0.130785	0.117972	0.113601	0.122383	0.109367	0.150239	0.141339	0.135702	0.13688	0.136709	0.139037	0.128036	0.113725	0.115817	0.122294	0.130184	0.128684	0.13509	0.113504	0.113248	0.117313	0.12136	0.121868	0.123842	0.123679	0.121635	0.123672	0.114211	0.131486	0.12443	0.152898	0.163489	0.171598	0.163219	0.155014	0.164316	0.160907	0.145236	0.178497	0.159621	0.171777	0.174207	0.169149	0.146099	0.148248	0.14693	0.145609	0.132685	0.130893	0.135014	0.205001	0.322196	0.324521	0.302041	0.36695	0.382052	0.336538	0.372649	0.381002	0.3465	0.284504	0.288263	0.323971	0.345584	0.335014	0.330552	0.388181	0.385299	0.358747	0.391841	0.380093	0.323605	0.298926	0.286035	0.290907	0.315271	0.302028	0.31038	0.287179	0.286211	0.278725	0.289469	0.322685	0.316331	0.318148	0.352547	0.328921	0.348211	0.34365	0.346165	0.442286	0.299058	0.324295	0.333324	0.305277	0.318065	0.296808	0.294796	0.294799	0.321057	0.333552	0.309614	0.315745	0.301517	0.323669	0.31404	0.319139	0.373324	0.379104	0.369801	0.37887	0.343365	0.349531	0.376597	0.340097	0.326209	0.338831	0.334009	0.342544	0.304837	0.300995	0.288629	0.301812	0.301862	0.370687	0.363426	0.365398	0.35776	0.355315
Peucedramus_taeniatus	0.271022	0.277137	0.282886	0.313028	0.318495	0.301139	0.302789	0.346099	0.316946	0.396816	0.381813	0.28666	0.256038	0.270502	0.26385	0.259802	0.261819	0.263926	0.284506	0.279338	0.271119	0.281774	0.273517	0.305325	0.277096	0.281567	0.266779	0.300951	0.305785	0.285385	0.285444	0.292666	0.294711	0.265865	0.263851	0.267917	0.265865	0.265864	0.261155	0.276168	0.254671	0.264808	0.264835	0.268841	0.260699	0.366622	0.381903	0.386729	0.388726	0.383896	0.394949	0.396668	0.419535	0.399197	0.332773	0.343223	0.43468	0.489688	0.374011	0.312741	0.319152	0.336834	0.362853	0.333199	0.305667	0.341936	0.260819	0.261421	0.260367	0.310704	0.308687	0.312714	0.337101	0.323815	0.325643	0.246902	0.212781	0.219402	0.233038	0.22009	0.214659	0.210692	0.184794	0.232329	0.219462	0.212074	0.243006	0.227594	0.246432	0.212218	0.205525	0.222993	0.168089	0.176221	0.211946	0.182373	0.192892	0.230022	0.190696	0.19034	0.203232	0.198853	0.192354	0.193408	0.225406	0.202063	0.196813	0.181999	0.200676	0.199255	0.201165	0.153328	0.139955	0.144457	0.165317	0.150801	0.154748	0.161376	0.160846	0.172332	0.152379	0.152255	0.148259	0.148259	0.169526	0.140293	0.158309	0.160779	0.147848	0.158263	0.159384	0.135861	0.157053	0.149581	0.164583	0.145584	0.166414	0.166739	0.142254	0.138938	0.156852	0.164774	0.150031	0.142528	0.15175	0.144971	0.151318	0.131905	0.155633	0.139459	0.152484	0.128413	0.138563	0.130252	0.140499	0.153281	0.133867	0.139972	0.152858	0.150286	0.154019	0.135306	0.141462	0.15281	0.139403	0.129131	0.14166	0.145757	0.129379	0.140151	0.14588	0.150663	0.169174	0.15739	0.150873	0.154878	0.156806	0.129994	0.127368	0.162018	0.156983	0.146002	0.146002	0.177351	0.170468	0.12202	0.121327	0.109912	0.121265	0	0.11756	0.0937983	0.101873	0.0983885	0.103458	0.106061	0.107706	0.118467	0.105654	0.101283	0.110065	0.0970494	0.137921	0.129021	0.123384	0.124563	0.124391	0.12672	0.115718	0.101407	0.103499	0.109977	0.117867	0.116366	0.122773	0.101186	0.100931	0.104995	0.109042	0.109551	0.111524	0.111362	0.109318	0.111354	0.109661	0.126936	0.119881	0.148349	0.15894	0.167048	0.158669	0.150465	0.159767	0.156358	0.140686	0.173947	0.155071	0.167227	0.169657	0.1646	0.141549	0.143699	0.14238	0.141059	0.128136	0.126344	0.130465	0.200451	0.317646	0.319971	0.297492	0.362401	0.377502	0.331989	0.368099	0.376453	0.34195	0.279954	0.283713	0.319421	0.341034	0.330464	0.326002	0.383632	0.380749	0.354197	0.387291	0.375544	0.319055	0.294376	0.281486	0.286357	0.310721	0.297478	0.30583	0.28263	0.281661	0.274175	0.284919	0.318135	0.311781	0.313599	0.347998	0.324371	0.343661	0.339101	0.341615	0.437736	0.294508	0.319745	0.328775	0.300727	0.313515	0.292258	0.290246	0.290249	0.316508	0.329003	0.305064	0.311195	0.296967	0.319119	0.30949	0.31459	0.368775	0.374555	0.365251	0.37432	0.338816	0.344981	0.372047	0.335548	0.321659	0.334281	0.329459	0.337994	0.300287	0.296446	0.284079	0.297262	0.297313	0.366137	0.358876	0.360848	0.35321	0.350766
Urocynchramus_pylzowi	0.279636	0.28575	0.291499	0.321641	0.327108	0.309752	0.311402	0.354712	0.325559	0.405429	0.390426	0.295273	0.264651	0.279115	0.272463	0.268415	0.270432	0.272539	0.293119	0.287951	0.279732	0.290387	0.282131	0.313938	0.285709	0.29018	0.275392	0.309565	0.314398	0.293998	0.294058	0.301279	0.303324	0.274478	0.272464	0.276531	0.274478	0.274477	0.269768	0.284781	0.263284	0.273421	0.273448	0.277454	0.269312	0.375236	0.390516	0.395342	0.397339	0.392509	0.403563	0.405281	0.428148	0.407811	0.341386	0.351836	0.443293	0.498301	0.382625	0.321354	0.327765	0.345447	0.371467	0.341812	0.31428	0.350549	0.269432	0.270034	0.26898	0.319317	0.317301	0.321327	0.345714	0.332428	0.334256	0.255515	0.221394	0.228015	0.241651	0.228703	0.223273	0.219305	0.193407	0.240942	0.228075	0.220687	0.251619	0.236207	0.255045	0.220831	0.214138	0.231606	0.176702	0.184834	0.220559	0.190986	0.201505	0.238635	0.199309	0.198954	0.211846	0.207466	0.200967	0.202021	0.234019	0.210676	0.205427	0.190612	0.209289	0.207868	0.209778	0.161941	0.148568	0.15307	0.17393	0.159414	0.163361	0.169989	0.169459	0.180945	0.160992	0.160868	0.156872	0.156872	0.178139	0.148906	0.166922	0.169392	0.156461	0.166876	0.167997	0.144474	0.165666	0.158194	0.173196	0.154197	0.175027	0.175352	0.150867	0.147551	0.165465	0.173387	0.158644	0.151141	0.160363	0.153584	0.159931	0.140518	0.164246	0.148072	0.161098	0.137026	0.147176	0.138865	0.149112	0.161894	0.14248	0.148585	0.161471	0.158899	0.162632	0.14392	0.150075	0.161423	0.148017	0.137744	0.150273	0.15437	0.137992	0.148764	0.154493	0.159276	0.177787	0.166003	0.159486	0.163491	0.165419	0.138607	0.135981	0.170631	0.165596	0.154615	0.154615	0.185964	0.179081	0.130633	0.12994	0.118525	0.129878	0.11756	0	0.102407	0.110482	0.106997	0.112066	0.11467	0.116315	0.127076	0.114263	0.109892	0.118674	0.105658	0.14653	0.13763	0.131993	0.133171	0.133	0.135328	0.124327	0.110016	0.112108	0.118585	0.126475	0.124975	0.131381	0.109794	0.109539	0.113604	0.117651	0.118159	0.120132	0.11997	0.117926	0.119962	0.118274	0.135549	0.128494	0.156962	0.167553	0.175661	0.167283	0.159078	0.16838	0.164971	0.1493	0.18256	0.163685	0.17584	0.17827	0.173213	0.150162	0.152312	0.150993	0.149672	0.136749	0.134957	0.139078	0.209064	0.326259	0.328584	0.306105	0.371014	0.386116	0.340602	0.376712	0.385066	0.350563	0.288567	0.292326	0.328034	0.349647	0.339077	0.334615	0.392245	0.389362	0.36281	0.395905	0.384157	0.327668	0.30299	0.290099	0.29497	0.319334	0.306091	0.314443	0.291243	0.290274	0.282789	0.293532	0.326748	0.320394	0.322212	0.356611	0.332984	0.352274	0.347714	0.350229	0.446349	0.303121	0.328358	0.337388	0.30934	0.322128	0.300871	0.298859	0.298863	0.325121	0.337616	0.313677	0.319808	0.30558	0.327733	0.318104	0.323203	0.377388	0.383168	0.373864	0.382933	0.347429	0.353594	0.38066	0.344161	0.330272	0.342894	0.338072	0.346607	0.3089	0.305059	0.292692	0.305875	0.305926	0.374751	0.36749	0.369461	0.361823	0.359379
Ploceus_nigricollis	0.255873	0.261988	0.267737	0.297879	0.303346	0.28599	0.28764	0.33095	0.301797	0.381667	0.366664	0.271511	0.240889	0.255353	0.248701	0.244653	0.24667	0.248777	0.269357	0.264189	0.25597	0.266625	0.258368	0.290176	0.261947	0.266418	0.25163	0.285802	0.290636	0.270236	0.270295	0.277517	0.279562	0.250716	0.248702	0.252768	0.250716	0.250715	0.246006	0.261019	0.239522	0.249659	0.249686	0.253692	0.24555	0.351473	0.366754	0.37158	0.373577	0.368747	0.3798	0.381519	0.404386	0.384048	0.317624	0.328074	0.419531	0.474539	0.358862	0.297592	0.304003	0.321685	0.347704	0.31805	0.290518	0.326787	0.24567	0.246272	0.245218	0.295555	0.293538	0.297565	0.321952	0.308666	0.310494	0.231753	0.197632	0.204253	0.217889	0.204941	0.19951	0.195543	0.169645	0.21718	0.204313	0.196925	0.227857	0.212445	0.231283	0.197069	0.190376	0.207844	0.15294	0.161072	0.196797	0.167224	0.177743	0.214873	0.175547	0.175191	0.188083	0.183704	0.177205	0.178259	0.210257	0.186914	0.181664	0.16685	0.185527	0.184106	0.186016	0.138179	0.124806	0.129308	0.150168	0.135652	0.139599	0.146227	0.145697	0.157183	0.13723	0.137106	0.13311	0.13311	0.154377	0.125144	0.14316	0.14563	0.132699	0.143114	0.144235	0.120712	0.141904	0.134432	0.149434	0.130435	0.151265	0.15159	0.127105	0.123789	0.141703	0.149625	0.134882	0.127379	0.136601	0.129822	0.136169	0.116756	0.140484	0.12431	0.137335	0.113264	0.123414	0.115103	0.12535	0.138132	0.118718	0.124823	0.137709	0.135137	0.13887	0.120157	0.126313	0.137661	0.124254	0.113982	0.126511	0.130608	0.11423	0.125002	0.130731	0.135514	0.154025	0.142241	0.135724	0.139729	0.141657	0.114845	0.112219	0.146869	0.141834	0.130853	0.130853	0.162202	0.155319	0.106871	0.106178	0.0947627	0.106116	0.0937983	0.102407	0	0.0623831	0.0588988	0.0639679	0.0665712	0.0844202	0.0951807	0.0823683	0.0779969	0.0867793	0.0737633	0.114635	0.105735	0.100098	0.101277	0.101105	0.103433	0.0924321	0.0781211	0.0802131	0.0866906	0.0945806	0.0930801	0.0994864	0.0778996	0.0776446	0.0817088	0.0857558	0.0862646	0.0882376	0.0880754	0.0860315	0.0880676	0.094512	0.111787	0.104732	0.1332	0.143791	0.151899	0.14352	0.135316	0.144618	0.141209	0.125537	0.158798	0.139922	0.152078	0.154508	0.149451	0.1264	0.12855	0.127231	0.12591	0.112987	0.111195	0.115316	0.185302	0.302497	0.304822	0.282343	0.347252	0.362353	0.31684	0.35295	0.361304	0.326801	0.264805	0.268564	0.304272	0.325885	0.315315	0.310853	0.368483	0.3656	0.339048	0.372142	0.360395	0.303906	0.279227	0.266337	0.271208	0.295572	0.282329	0.290681	0.267481	0.266512	0.259026	0.26977	0.302986	0.296632	0.29845	0.332849	0.309222	0.328512	0.323952	0.326466	0.422587	0.279359	0.304596	0.313626	0.285578	0.298366	0.277109	0.275097	0.2751	0.301359	0.313854	0.289915	0.296046	0.281818	0.30397	0.294341	0.299441	0.353626	0.359406	0.350102	0.359171	0.323667	0.329832	0.356898	0.320399	0.30651	0.319132	0.31431	0.322845	0.285138	0.281297	0.26893	0.282113	0.282164	0.350988	0.343727	0.345699	0.338061	0.335617
Vidua_chalybeata	0.263948	0.270063	0.275811	0.305954	0.31142	0.294065	0.295714	0.339024	0.309872	0.389742	0.374739	0.279585	0.248964	0.263427	0.256775	0.252727	0.254745	0.256852	0.277432	0.272264	0.264044	0.274699	0.266443	0.29825	0.270022	0.274492	0.259705	0.293877	0.298711	0.27831	0.27837	0.285592	0.287637	0.25879	0.256777	0.260843	0.25879	0.258789	0.25408	0.269093	0.247597	0.257733	0.25776	0.261766	0.253624	0.359548	0.374828	0.379654	0.381651	0.376822	0.387875	0.389594	0.41246	0.392123	0.325699	0.336148	0.427605	0.482614	0.366937	0.305667	0.312078	0.329759	0.355779	0.326124	0.298593	0.334862	0.253744	0.254347	0.253293	0.30363	0.301613	0.30564	0.330026	0.31674	0.318568	0.239827	0.205706	0.212328	0.225963	0.213015	0.207585	0.203617	0.17772	0.225254	0.212387	0.205	0.235932	0.220519	0.239357	0.205143	0.198451	0.215919	0.161014	0.169146	0.204872	0.175299	0.185818	0.222947	0.183622	0.183266	0.196158	0.191778	0.18528	0.186334	0.218331	0.194989	0.189739	0.174925	0.193602	0.19218	0.19409	0.146254	0.132881	0.137382	0.158243	0.143726	0.147674	0.154301	0.153771	0.165258	0.145304	0.145181	0.141185	0.141185	0.162451	0.133218	0.151234	0.153705	0.140773	0.151189	0.15231	0.128786	0.149978	0.142506	0.157508	0.13851	0.15934	0.159665	0.13518	0.131864	0.149777	0.157699	0.142956	0.135454	0.144676	0.137896	0.144244	0.124831	0.148559	0.132385	0.14541	0.121338	0.131489	0.123177	0.133424	0.146207	0.126792	0.132898	0.145783	0.143212	0.146944	0.128232	0.134387	0.145735	0.132329	0.122056	0.134586	0.138683	0.122305	0.133076	0.138805	0.143589	0.1621	0.150315	0.143799	0.147803	0.149731	0.12292	0.120293	0.154943	0.149909	0.138928	0.138928	0.170276	0.163393	0.114946	0.114253	0.102837	0.114191	0.101873	0.110482	0.0623831	0	0.0145194	0.064115	0.0667183	0.0924947	0.103255	0.0904429	0.0860715	0.0948539	0.0818379	0.12271	0.11381	0.108172	0.109351	0.10918	0.111508	0.100507	0.0861957	0.0882877	0.0947651	0.102655	0.101155	0.107561	0.0859742	0.0857192	0.0897834	0.0938304	0.0943392	0.0963122	0.0961499	0.0941061	0.0961422	0.102587	0.119862	0.112806	0.141274	0.151865	0.159974	0.151595	0.14339	0.152692	0.149283	0.133612	0.166873	0.147997	0.160153	0.162582	0.157525	0.134475	0.136624	0.135306	0.133985	0.121061	0.119269	0.12339	0.193376	0.310572	0.312897	0.290417	0.355326	0.370428	0.324914	0.361025	0.369378	0.334876	0.27288	0.276639	0.312347	0.333959	0.323389	0.318928	0.376557	0.373675	0.347122	0.380217	0.368469	0.311981	0.287302	0.274411	0.279282	0.303646	0.290404	0.298756	0.275555	0.274587	0.267101	0.277845	0.31106	0.304706	0.306524	0.340923	0.317297	0.336586	0.332026	0.334541	0.430662	0.287433	0.312671	0.3217	0.293653	0.306441	0.285184	0.283171	0.283175	0.309433	0.321928	0.29799	0.304121	0.289893	0.312045	0.302416	0.307515	0.3617	0.36748	0.358177	0.367246	0.331741	0.337907	0.364972	0.328473	0.314585	0.327206	0.322385	0.33092	0.293213	0.289371	0.277005	0.290188	0.290238	0.359063	0.351802	0.353773	0.346136	0.343691
Vidua_macroura	0.260464	0.266578	0.272327	0.302469	0.307936	0.29058	0.29223	0.33554	0.306388	0.386257	0.371254	0.276101	0.24548	0.259943	0.253291	0.249243	0.25126	0.253367	0.273947	0.268779	0.26056	0.271215	0.262959	0.294766	0.266538	0.271008	0.256221	0.290393	0.295227	0.274826	0.274886	0.282107	0.284153	0.255306	0.253292	0.257359	0.255306	0.255305	0.250596	0.265609	0.244113	0.254249	0.254276	0.258282	0.25014	0.356064	0.371344	0.37617	0.378167	0.373338	0.384391	0.386109	0.408976	0.388639	0.322215	0.332664	0.424121	0.479129	0.363453	0.302183	0.308594	0.326275	0.352295	0.32264	0.295109	0.331377	0.25026	0.250863	0.249808	0.300145	0.298129	0.302155	0.326542	0.313256	0.315084	0.236343	0.202222	0.208843	0.222479	0.209531	0.204101	0.200133	0.174235	0.22177	0.208903	0.201515	0.232447	0.217035	0.235873	0.201659	0.194966	0.212434	0.15753	0.165662	0.201388	0.171814	0.182334	0.219463	0.180137	0.179782	0.192674	0.188294	0.181796	0.182849	0.214847	0.191504	0.186255	0.17144	0.190117	0.188696	0.190606	0.142769	0.129396	0.133898	0.154759	0.140242	0.144189	0.150817	0.150287	0.161773	0.14182	0.141696	0.1377	0.1377	0.158967	0.129734	0.14775	0.15022	0.137289	0.147704	0.148826	0.125302	0.146494	0.139022	0.154024	0.135025	0.155855	0.156181	0.131695	0.12838	0.146293	0.154215	0.139472	0.13197	0.141192	0.134412	0.14076	0.121346	0.145075	0.1289	0.141926	0.117854	0.128005	0.119693	0.12994	0.142722	0.123308	0.129413	0.142299	0.139728	0.14346	0.124748	0.130903	0.142251	0.128845	0.118572	0.131101	0.135199	0.118821	0.129592	0.135321	0.140105	0.158615	0.146831	0.140314	0.144319	0.146247	0.119435	0.116809	0.151459	0.146424	0.135444	0.135443	0.166792	0.159909	0.111462	0.110768	0.0993529	0.110706	0.0983885	0.106997	0.0588988	0.0145194	0	0.0606307	0.063234	0.0890104	0.0997709	0.0869585	0.0825871	0.0913696	0.0783535	0.119226	0.110325	0.104688	0.105867	0.105695	0.108024	0.0970224	0.0827113	0.0848033	0.0912808	0.0991708	0.0976704	0.104077	0.0824899	0.0822348	0.0862991	0.090346	0.0908549	0.0928279	0.0926656	0.0906218	0.0926579	0.0991022	0.116377	0.109322	0.13779	0.148381	0.156489	0.148111	0.139906	0.149208	0.145799	0.130128	0.163389	0.144513	0.156668	0.159098	0.154041	0.13099	0.13314	0.131821	0.1305	0.117577	0.115785	0.119906	0.189892	0.307088	0.309412	0.286933	0.351842	0.366944	0.32143	0.357541	0.365894	0.331391	0.269395	0.273155	0.308862	0.330475	0.319905	0.315444	0.373073	0.37019	0.343638	0.376733	0.364985	0.308497	0.283818	0.270927	0.275798	0.300162	0.286919	0.295271	0.272071	0.271102	0.263617	0.274361	0.307576	0.301222	0.30304	0.337439	0.313813	0.333102	0.328542	0.331057	0.427177	0.283949	0.309186	0.318216	0.290168	0.302956	0.281699	0.279687	0.279691	0.305949	0.318444	0.294505	0.300636	0.286408	0.308561	0.298932	0.304031	0.358216	0.363996	0.354692	0.363761	0.328257	0.334422	0.361488	0.324989	0.3111	0.323722	0.3189	0.327436	0.289729	0.285887	0.273521	0.286703	0.286754	0.355579	0.348318	0.350289	0.342652	0.340207
Lonchura_striata	0.265533	0.271648	0.277396	0.307538	0.313005	0.295649	0.297299	0.340609	0.311457	0.391326	0.376323	0.28117	0.250549	0.265012	0.25836	0.254312	0.25633	0.258436	0.279016	0.273849	0.265629	0.276284	0.268028	0.299835	0.271607	0.276077	0.26129	0.295462	0.300296	0.279895	0.279955	0.287177	0.289222	0.260375	0.258361	0.262428	0.260375	0.260374	0.255665	0.270678	0.249182	0.259318	0.259345	0.263351	0.255209	0.361133	0.376413	0.381239	0.383236	0.378407	0.38946	0.391178	0.414045	0.393708	0.327284	0.337733	0.42919	0.484198	0.368522	0.307252	0.313663	0.331344	0.357364	0.327709	0.300178	0.336446	0.255329	0.255932	0.254877	0.305214	0.303198	0.307224	0.331611	0.318325	0.320153	0.241412	0.207291	0.213912	0.227548	0.2146	0.20917	0.205202	0.179304	0.226839	0.213972	0.206585	0.237516	0.222104	0.240942	0.206728	0.200035	0.217503	0.162599	0.170731	0.206457	0.176883	0.187403	0.224532	0.185207	0.184851	0.197743	0.193363	0.186865	0.187918	0.219916	0.196573	0.191324	0.176509	0.195187	0.193765	0.195675	0.147839	0.134465	0.138967	0.159828	0.145311	0.149258	0.155886	0.155356	0.166842	0.146889	0.146765	0.142769	0.142769	0.164036	0.134803	0.152819	0.155289	0.142358	0.152773	0.153895	0.130371	0.151563	0.144091	0.159093	0.140094	0.160924	0.16125	0.136764	0.133449	0.151362	0.159284	0.144541	0.137039	0.146261	0.139481	0.145829	0.126415	0.150144	0.133969	0.146995	0.122923	0.133074	0.124762	0.135009	0.147792	0.128377	0.134482	0.147368	0.144797	0.148529	0.129817	0.135972	0.14732	0.133914	0.123641	0.13617	0.140268	0.12389	0.134661	0.14039	0.145174	0.163685	0.1519	0.145384	0.149388	0.151316	0.124505	0.121878	0.156528	0.151493	0.140513	0.140513	0.171861	0.164978	0.116531	0.115837	0.104422	0.115775	0.103458	0.112066	0.0639679	0.064115	0.0606307	0	0.0466955	0.0940795	0.10484	0.0920277	0.0876563	0.0964387	0.0834226	0.124295	0.115395	0.109757	0.110936	0.110764	0.113093	0.102091	0.0877804	0.0898724	0.0963499	0.10424	0.102739	0.109146	0.087559	0.087304	0.0913682	0.0954152	0.095924	0.097897	0.0977347	0.0956909	0.097727	0.104171	0.121447	0.114391	0.142859	0.15345	0.161559	0.15318	0.144975	0.154277	0.150868	0.135197	0.168458	0.149582	0.161738	0.164167	0.15911	0.13606	0.138209	0.13689	0.135569	0.122646	0.120854	0.124975	0.194961	0.312157	0.314482	0.292002	0.356911	0.372013	0.326499	0.36261	0.370963	0.33646	0.274464	0.278224	0.313931	0.335544	0.324974	0.320513	0.378142	0.375259	0.348707	0.381802	0.370054	0.313566	0.288887	0.275996	0.280867	0.305231	0.291989	0.30034	0.27714	0.276171	0.268686	0.27943	0.312645	0.306291	0.308109	0.342508	0.318882	0.338171	0.333611	0.336126	0.432246	0.289018	0.314255	0.323285	0.295238	0.308025	0.286769	0.284756	0.28476	0.311018	0.323513	0.299574	0.305705	0.291477	0.31363	0.304001	0.3091	0.363285	0.369065	0.359762	0.36883	0.333326	0.339491	0.366557	0.330058	0.316169	0.328791	0.32397	0.332505	0.294798	0.290956	0.27859	0.291772	0.291823	0.360648	0.353387	0.355358	0.347721	0.345276
Taeniopygia_guttata	0.268136	0.274251	0.279999	0.310142	0.315609	0.298253	0.299902	0.343212	0.31406	0.39393	0.378927	0.283773	0.253152	0.267615	0.260963	0.256916	0.258933	0.26104	0.28162	0.276452	0.268233	0.278887	0.270631	0.302439	0.27421	0.27868	0.263893	0.298065	0.302899	0.282498	0.282558	0.28978	0.291825	0.262979	0.260965	0.265031	0.262978	0.262977	0.258268	0.273281	0.251785	0.261921	0.261949	0.265955	0.257812	0.363736	0.379016	0.383843	0.38584	0.38101	0.392063	0.393782	0.416648	0.396311	0.329887	0.340336	0.431793	0.486802	0.371125	0.309855	0.316266	0.333947	0.359967	0.330312	0.302781	0.33905	0.257932	0.258535	0.257481	0.307818	0.305801	0.309828	0.334214	0.320928	0.322756	0.244016	0.209895	0.216516	0.230151	0.217203	0.211773	0.207805	0.181908	0.229442	0.216576	0.209188	0.24012	0.224708	0.243545	0.209332	0.202639	0.220107	0.165203	0.173335	0.20906	0.179487	0.190006	0.227135	0.18781	0.187454	0.200346	0.195966	0.189468	0.190522	0.22252	0.199177	0.193927	0.179113	0.19779	0.196369	0.198278	0.150442	0.137069	0.14157	0.162431	0.147914	0.151862	0.15849	0.157959	0.169446	0.149493	0.149369	0.145373	0.145373	0.166639	0.137406	0.155422	0.157893	0.144961	0.155377	0.156498	0.132975	0.154167	0.146694	0.161696	0.142698	0.163528	0.163853	0.139368	0.136052	0.153966	0.161888	0.147145	0.139642	0.148864	0.142085	0.148432	0.129019	0.152747	0.136573	0.149598	0.125527	0.135677	0.127365	0.137612	0.150395	0.130981	0.137086	0.149971	0.1474	0.151133	0.13242	0.138576	0.149923	0.136517	0.126244	0.138774	0.142871	0.126493	0.137264	0.142994	0.147777	0.166288	0.154503	0.147987	0.151992	0.15392	0.127108	0.124481	0.159132	0.154097	0.143116	0.143116	0.174464	0.167581	0.119134	0.118441	0.107025	0.118379	0.106061	0.11467	0.0665712	0.0667183	0.063234	0.0466955	0	0.0966829	0.107443	0.094631	0.0902596	0.099042	0.086026	0.126898	0.117998	0.112361	0.113539	0.113368	0.115696	0.104695	0.0903838	0.0924758	0.0989533	0.106843	0.105343	0.111749	0.0901623	0.0899073	0.0939716	0.0980185	0.0985273	0.1005	0.100338	0.0982942	0.10033	0.106775	0.12405	0.116994	0.145462	0.156053	0.164162	0.155783	0.147578	0.15688	0.153471	0.1378	0.171061	0.152185	0.164341	0.166771	0.161713	0.138663	0.140812	0.139494	0.138173	0.125249	0.123457	0.127578	0.197565	0.31476	0.317085	0.294605	0.359514	0.374616	0.329102	0.365213	0.373566	0.339064	0.277068	0.280827	0.316535	0.338148	0.327578	0.323116	0.380745	0.377863	0.351311	0.384405	0.372658	0.316169	0.29149	0.278599	0.283471	0.307835	0.294592	0.302944	0.279743	0.278775	0.271289	0.282033	0.315249	0.308895	0.310712	0.345111	0.321485	0.340775	0.336214	0.338729	0.43485	0.291622	0.316859	0.325888	0.297841	0.310629	0.289372	0.28736	0.287363	0.313621	0.326116	0.302178	0.308309	0.294081	0.316233	0.306604	0.311703	0.365888	0.371668	0.362365	0.371434	0.335929	0.342095	0.369161	0.332661	0.318773	0.331395	0.326573	0.335108	0.297401	0.293559	0.281193	0.294376	0.294427	0.363251	0.35599	0.357962	0.350324	0.347879
Prunella_fulvescens	0.269781	0.275896	0.281645	0.311787	0.317254	0.299898	0.301548	0.344858	0.315705	0.395575	0.380572	0.285419	0.254797	0.269261	0.262609	0.258561	0.260578	0.262685	0.283265	0.278097	0.269878	0.280533	0.272276	0.304084	0.275855	0.280326	0.265538	0.29971	0.304544	0.284144	0.284204	0.291425	0.29347	0.264624	0.26261	0.266676	0.264624	0.264623	0.259914	0.274927	0.25343	0.263567	0.263594	0.2676	0.259458	0.365381	0.380662	0.385488	0.387485	0.382655	0.393708	0.395427	0.418294	0.397956	0.331532	0.341982	0.433439	0.488447	0.37277	0.3115	0.317911	0.335593	0.361612	0.331958	0.304426	0.340695	0.259578	0.26018	0.259126	0.309463	0.307446	0.311473	0.33586	0.322574	0.324402	0.245661	0.21154	0.218161	0.231797	0.218849	0.213418	0.209451	0.183553	0.231088	0.218221	0.210833	0.241765	0.226353	0.245191	0.210977	0.204284	0.221752	0.166848	0.17498	0.210705	0.181132	0.191651	0.228781	0.189455	0.1891	0.201991	0.197612	0.191113	0.192167	0.224165	0.200822	0.195572	0.180758	0.199435	0.198014	0.199924	0.152087	0.138714	0.143216	0.164076	0.14956	0.153507	0.160135	0.159605	0.171091	0.151138	0.151014	0.147018	0.147018	0.168285	0.139052	0.157068	0.159538	0.146607	0.157022	0.158143	0.13462	0.155812	0.14834	0.163342	0.144343	0.165173	0.165498	0.141013	0.137697	0.155611	0.163533	0.14879	0.141287	0.150509	0.14373	0.150077	0.130664	0.154392	0.138218	0.151243	0.127172	0.137322	0.129011	0.139258	0.15204	0.132626	0.138731	0.151617	0.149045	0.152778	0.134065	0.140221	0.151569	0.138163	0.12789	0.140419	0.144516	0.128138	0.13891	0.144639	0.149422	0.167933	0.156149	0.149632	0.153637	0.155565	0.128753	0.126127	0.160777	0.155742	0.144761	0.144761	0.17611	0.169227	0.120779	0.120086	0.108671	0.120024	0.107706	0.116315	0.0844202	0.0924947	0.0890104	0.0940795	0.0966829	0	0.0470739	0.0923631	0.0879917	0.0967741	0.0837581	0.12463	0.11573	0.110093	0.111271	0.1111	0.113428	0.102427	0.0881159	0.0902079	0.0966854	0.104575	0.103075	0.109481	0.0878944	0.0876394	0.0917037	0.0957506	0.0962594	0.0982325	0.0980702	0.0960263	0.0980624	0.10842	0.125695	0.11864	0.147108	0.157699	0.165807	0.157428	0.149224	0.158526	0.155117	0.139445	0.172706	0.15383	0.165986	0.168416	0.163359	0.140308	0.142458	0.141139	0.139818	0.126895	0.125103	0.129224	0.19921	0.316405	0.31873	0.296251	0.36116	0.376261	0.330748	0.366858	0.375212	0.340709	0.278713	0.282472	0.31818	0.339793	0.329223	0.324761	0.382391	0.379508	0.352956	0.386051	0.374303	0.317814	0.293135	0.280245	0.285116	0.30948	0.296237	0.304589	0.281389	0.28042	0.272934	0.283678	0.316894	0.31054	0.312358	0.346757	0.32313	0.34242	0.33786	0.340374	0.436495	0.293267	0.318504	0.327534	0.299486	0.312274	0.291017	0.289005	0.289008	0.315267	0.327762	0.303823	0.309954	0.295726	0.317878	0.308249	0.313349	0.367534	0.373314	0.36401	0.373079	0.337575	0.34374	0.370806	0.334307	0.320418	0.33304	0.328218	0.336753	0.299046	0.295205	0.282838	0.296021	0.296072	0.364896	0.357635	0.359607	0.351969	0.349525
Prunella_himalayana	0.280542	0.286657	0.292405	0.322547	0.328014	0.310659	0.312308	0.355618	0.326466	0.406336	0.391333	0.296179	0.265558	0.280021	0.273369	0.269321	0.271339	0.273446	0.294026	0.288858	0.280638	0.291293	0.283037	0.314844	0.286616	0.291086	0.276299	0.310471	0.315305	0.294904	0.294964	0.302186	0.304231	0.275384	0.27337	0.277437	0.275384	0.275383	0.270674	0.285687	0.264191	0.274327	0.274354	0.27836	0.270218	0.376142	0.391422	0.396248	0.398245	0.393416	0.404469	0.406188	0.429054	0.408717	0.342293	0.352742	0.444199	0.499208	0.383531	0.322261	0.328672	0.346353	0.372373	0.342718	0.315187	0.351456	0.270338	0.270941	0.269887	0.320224	0.318207	0.322234	0.34662	0.333334	0.335162	0.256421	0.2223	0.228922	0.242557	0.229609	0.224179	0.220211	0.194314	0.241848	0.228981	0.221594	0.252526	0.237113	0.255951	0.221737	0.215045	0.232513	0.177608	0.18574	0.221466	0.191893	0.202412	0.239541	0.200216	0.19986	0.212752	0.208372	0.201874	0.202928	0.234925	0.211583	0.206333	0.191519	0.210196	0.208774	0.210684	0.162848	0.149475	0.153976	0.174837	0.16032	0.164268	0.170895	0.170365	0.181852	0.161898	0.161775	0.157779	0.157779	0.179045	0.149812	0.167828	0.170298	0.157367	0.167783	0.168904	0.14538	0.166572	0.1591	0.174102	0.155104	0.175934	0.176259	0.151774	0.148458	0.166371	0.174293	0.15955	0.152048	0.16127	0.15449	0.160838	0.141425	0.165153	0.148979	0.162004	0.137932	0.148083	0.139771	0.150018	0.162801	0.143386	0.149492	0.162377	0.159806	0.163538	0.144826	0.150981	0.162329	0.148923	0.13865	0.15118	0.155277	0.138899	0.14967	0.155399	0.160183	0.178694	0.166909	0.160393	0.164397	0.166325	0.139514	0.136887	0.171537	0.166503	0.155522	0.155522	0.18687	0.179987	0.13154	0.130847	0.119431	0.130785	0.118467	0.127076	0.0951807	0.103255	0.0997709	0.10484	0.107443	0.0470739	0	0.103124	0.0987523	0.107535	0.0945186	0.135391	0.126491	0.120853	0.122032	0.12186	0.124189	0.113187	0.0988764	0.100968	0.107446	0.115336	0.113835	0.120242	0.098655	0.0984	0.102464	0.106511	0.10702	0.108993	0.108831	0.106787	0.108823	0.119181	0.136456	0.1294	0.157868	0.168459	0.176568	0.168189	0.159984	0.169286	0.165877	0.150206	0.183467	0.164591	0.176747	0.179176	0.174119	0.151069	0.153218	0.1519	0.150579	0.137655	0.135863	0.139984	0.20997	0.327166	0.329491	0.307011	0.37192	0.387022	0.341508	0.377619	0.385972	0.35147	0.289474	0.293233	0.32894	0.350553	0.339983	0.335522	0.393151	0.390269	0.363716	0.396811	0.385063	0.328575	0.303896	0.291005	0.295876	0.32024	0.306998	0.31535	0.292149	0.291181	0.283695	0.294439	0.327654	0.3213	0.323118	0.357517	0.333891	0.35318	0.34862	0.351135	0.447256	0.304027	0.329265	0.338294	0.310247	0.323035	0.301778	0.299765	0.299769	0.326027	0.338522	0.314584	0.320715	0.306487	0.328639	0.31901	0.324109	0.378294	0.384074	0.374771	0.38384	0.348335	0.354501	0.381566	0.345067	0.331179	0.3438	0.338979	0.347514	0.309807	0.305965	0.293599	0.306782	0.306832	0.375657	0.368396	0.370367	0.36273	0.360285
Passer_domesticus	0.26773	0.273844	0.279593	0.309735	0.315202	0.297846	0.299496	0.342806	0.313653	0.393523	0.37852	0.283367	0.252745	0.267209	0.260557	0.256509	0.258526	0.260633	0.281213	0.276045	0.267826	0.278481	0.270225	0.302032	0.273803	0.278274	0.263486	0.297659	0.302493	0.282092	0.282152	0.289373	0.291418	0.262572	0.260558	0.264625	0.262572	0.262571	0.257862	0.272875	0.251378	0.261515	0.261542	0.265548	0.257406	0.36333	0.37861	0.383436	0.385433	0.380603	0.391657	0.393375	0.416242	0.395905	0.329481	0.33993	0.431387	0.486395	0.370719	0.309449	0.315859	0.333541	0.359561	0.329906	0.302374	0.338643	0.257526	0.258129	0.257074	0.307411	0.305395	0.309421	0.333808	0.320522	0.32235	0.243609	0.209488	0.216109	0.229745	0.216797	0.211367	0.207399	0.181501	0.229036	0.216169	0.208781	0.239713	0.224301	0.243139	0.208925	0.202232	0.2197	0.164796	0.172928	0.208653	0.17908	0.189599	0.226729	0.187403	0.187048	0.19994	0.19556	0.189062	0.190115	0.222113	0.19877	0.193521	0.178706	0.197383	0.195962	0.197872	0.150035	0.136662	0.141164	0.162025	0.147508	0.151455	0.158083	0.157553	0.169039	0.149086	0.148962	0.144966	0.144966	0.166233	0.137	0.155016	0.157486	0.144555	0.15497	0.156092	0.132568	0.15376	0.146288	0.16129	0.142291	0.163121	0.163446	0.138961	0.135645	0.153559	0.161481	0.146738	0.139236	0.148457	0.141678	0.148025	0.128612	0.15234	0.136166	0.149192	0.12512	0.135271	0.126959	0.137206	0.149988	0.130574	0.136679	0.149565	0.146994	0.150726	0.132014	0.138169	0.149517	0.136111	0.125838	0.138367	0.142464	0.126086	0.136858	0.142587	0.14737	0.165881	0.154097	0.14758	0.151585	0.153513	0.126701	0.124075	0.158725	0.15369	0.142709	0.142709	0.174058	0.167175	0.118728	0.118034	0.106619	0.117972	0.105654	0.114263	0.0823683	0.0904429	0.0869585	0.0920277	0.094631	0.0923631	0.103124	0	0.0583308	0.0784339	0.0654178	0.10629	0.0973898	0.0917524	0.0929311	0.0927596	0.095088	0.0840867	0.0697756	0.0718676	0.0783451	0.0862351	0.0847347	0.0911409	0.0695542	0.0692991	0.0733634	0.0774103	0.0819878	0.0839608	0.0837985	0.0817547	0.0837908	0.106368	0.123643	0.116588	0.145056	0.155647	0.163755	0.155377	0.147172	0.156474	0.153065	0.137394	0.170654	0.151779	0.163934	0.166364	0.161307	0.138256	0.140406	0.139087	0.137766	0.124843	0.123051	0.127172	0.197158	0.314353	0.316678	0.294199	0.359108	0.37421	0.328696	0.364806	0.37316	0.338657	0.276661	0.280421	0.316128	0.337741	0.327171	0.322709	0.380339	0.377456	0.350904	0.383999	0.372251	0.315762	0.291084	0.278193	0.283064	0.307428	0.294185	0.302537	0.279337	0.278368	0.270883	0.281627	0.314842	0.308488	0.310306	0.344705	0.321078	0.340368	0.335808	0.338323	0.434443	0.291215	0.316452	0.325482	0.297434	0.310222	0.288965	0.286953	0.286957	0.313215	0.32571	0.301771	0.307902	0.293674	0.315827	0.306198	0.311297	0.365482	0.371262	0.361958	0.371027	0.335523	0.341688	0.368754	0.332255	0.318366	0.330988	0.326166	0.334702	0.296994	0.293153	0.280787	0.293969	0.29402	0.362845	0.355584	0.357555	0.349918	0.347473
Hypocryptadius_cinnamomeus	0.263358	0.269473	0.275221	0.305364	0.310831	0.293475	0.295124	0.338434	0.309282	0.389152	0.374149	0.278995	0.248374	0.262837	0.256185	0.252138	0.254155	0.256262	0.276842	0.271674	0.263455	0.274109	0.265853	0.297661	0.269432	0.273902	0.259115	0.293287	0.298121	0.27772	0.27778	0.285002	0.287047	0.258201	0.256187	0.260253	0.2582	0.258199	0.25349	0.268503	0.247007	0.257143	0.257171	0.261177	0.253034	0.358958	0.374238	0.379065	0.381062	0.376232	0.387285	0.389004	0.41187	0.391533	0.325109	0.335558	0.427015	0.482024	0.366347	0.305077	0.311488	0.329169	0.355189	0.325534	0.298003	0.334272	0.253154	0.253757	0.252703	0.30304	0.301023	0.30505	0.329436	0.31615	0.317978	0.239238	0.205117	0.211738	0.225373	0.212426	0.206995	0.203027	0.17713	0.224664	0.211798	0.20441	0.235342	0.21993	0.238767	0.204554	0.197861	0.215329	0.160425	0.168557	0.204282	0.174709	0.185228	0.222357	0.183032	0.182676	0.195568	0.191188	0.18469	0.185744	0.217742	0.194399	0.189149	0.174335	0.193012	0.191591	0.1935	0.145664	0.132291	0.136792	0.157653	0.143136	0.147084	0.153712	0.153181	0.164668	0.144715	0.144591	0.140595	0.140595	0.161861	0.132628	0.150644	0.153115	0.140183	0.150599	0.15172	0.128197	0.149389	0.141917	0.156918	0.13792	0.15875	0.159075	0.13459	0.131274	0.149188	0.15711	0.142367	0.134864	0.144086	0.137307	0.143654	0.124241	0.147969	0.131795	0.14482	0.120749	0.130899	0.122587	0.132834	0.145617	0.126203	0.132308	0.145193	0.142622	0.146355	0.127642	0.133798	0.145145	0.131739	0.121467	0.133996	0.138093	0.121715	0.132486	0.138216	0.142999	0.16151	0.149725	0.143209	0.147214	0.149142	0.12233	0.119703	0.154354	0.149319	0.138338	0.138338	0.169686	0.162803	0.114356	0.113663	0.102247	0.113601	0.101283	0.109892	0.0779969	0.0860715	0.0825871	0.0876563	0.0902596	0.0879917	0.0987523	0.0583308	0	0.0740624	0.0610464	0.101918	0.0930184	0.087381	0.0885597	0.0883882	0.0907166	0.0797153	0.0654042	0.0674962	0.0739737	0.0818637	0.0803633	0.0867695	0.0651828	0.0649277	0.068992	0.0730389	0.0776164	0.0795894	0.0794271	0.0773833	0.0794194	0.101997	0.119272	0.112216	0.140684	0.151275	0.159384	0.151005	0.1428	0.152102	0.148693	0.133022	0.166283	0.147407	0.159563	0.161993	0.156935	0.133885	0.136034	0.134716	0.133395	0.120471	0.118679	0.1228	0.192787	0.309982	0.312307	0.289827	0.354737	0.369838	0.324324	0.360435	0.368788	0.334286	0.27229	0.276049	0.311757	0.33337	0.3228	0.318338	0.375967	0.373085	0.346533	0.379627	0.36788	0.311391	0.286712	0.273822	0.278693	0.303057	0.289814	0.298166	0.274965	0.273997	0.266511	0.277255	0.310471	0.304117	0.305934	0.340333	0.316707	0.335997	0.331436	0.333951	0.430072	0.286844	0.312081	0.32111	0.293063	0.305851	0.284594	0.282582	0.282585	0.308843	0.321338	0.2974	0.303531	0.289303	0.311455	0.301826	0.306926	0.36111	0.36689	0.357587	0.366656	0.331151	0.337317	0.364383	0.327883	0.313995	0.326617	0.321795	0.33033	0.292623	0.288781	0.276415	0.289598	0.289649	0.358473	0.351212	0.353184	0.345546	0.343101
Motacilla_alba	0.272141	0.278255	0.284004	0.314146	0.319613	0.302257	0.303907	0.347217	0.318064	0.397934	0.382931	0.287778	0.257156	0.27162	0.264968	0.26092	0.262937	0.265044	0.285624	0.280456	0.272237	0.282892	0.274636	0.306443	0.278214	0.282685	0.267897	0.30207	0.306904	0.286503	0.286563	0.293784	0.29583	0.266983	0.264969	0.269036	0.266983	0.266982	0.262273	0.277286	0.255789	0.265926	0.265953	0.269959	0.261817	0.367741	0.383021	0.387847	0.389844	0.385014	0.396068	0.397786	0.420653	0.400316	0.333892	0.344341	0.435798	0.490806	0.37513	0.31386	0.32027	0.337952	0.363972	0.334317	0.306785	0.343054	0.261937	0.26254	0.261485	0.311822	0.309806	0.313832	0.338219	0.324933	0.326761	0.24802	0.213899	0.22052	0.234156	0.221208	0.215778	0.21181	0.185912	0.233447	0.22058	0.213192	0.244124	0.228712	0.24755	0.213336	0.206643	0.224111	0.169207	0.177339	0.213064	0.183491	0.19401	0.23114	0.191814	0.191459	0.204351	0.199971	0.193473	0.194526	0.226524	0.203181	0.197932	0.183117	0.201794	0.200373	0.202283	0.154446	0.141073	0.145575	0.166436	0.151919	0.155866	0.162494	0.161964	0.17345	0.153497	0.153373	0.149377	0.149377	0.170644	0.141411	0.159427	0.161897	0.148966	0.159381	0.160503	0.136979	0.158171	0.150699	0.165701	0.146702	0.167532	0.167857	0.143372	0.140056	0.15797	0.165892	0.151149	0.143647	0.152868	0.146089	0.152436	0.133023	0.156751	0.140577	0.153603	0.129531	0.139682	0.13137	0.141617	0.154399	0.134985	0.14109	0.153976	0.151405	0.155137	0.136425	0.14258	0.153928	0.140522	0.130249	0.142778	0.146875	0.130497	0.141269	0.146998	0.151781	0.170292	0.158508	0.151991	0.155996	0.157924	0.131112	0.128486	0.163136	0.158101	0.14712	0.14712	0.178469	0.171586	0.123139	0.122445	0.11103	0.122383	0.110065	0.118674	0.0867793	0.0948539	0.0913696	0.0964387	0.099042	0.0967741	0.107535	0.0784339	0.0740624	0	0.0698229	0.110695	0.101795	0.0961575	0.0973362	0.0971647	0.099493	0.0884917	0.0741807	0.0762727	0.0827502	0.0906402	0.0891397	0.095546	0.0739592	0.0737042	0.0777684	0.0818154	0.0863988	0.0883718	0.0882095	0.0861657	0.0882018	0.110779	0.128054	0.120999	0.149467	0.160058	0.168166	0.159788	0.151583	0.160885	0.157476	0.141805	0.175065	0.15619	0.168345	0.170775	0.165718	0.142667	0.144817	0.143498	0.142177	0.129254	0.127462	0.131583	0.201569	0.318764	0.321089	0.29861	0.363519	0.378621	0.333107	0.369217	0.377571	0.343068	0.281072	0.284832	0.320539	0.342152	0.331582	0.32712	0.38475	0.381867	0.355315	0.38841	0.376662	0.320173	0.295495	0.282604	0.287475	0.311839	0.298596	0.306948	0.283748	0.282779	0.275294	0.286038	0.319253	0.312899	0.314717	0.349116	0.325489	0.344779	0.340219	0.342734	0.438854	0.295626	0.320863	0.329893	0.301845	0.314633	0.293376	0.291364	0.291368	0.317626	0.330121	0.306182	0.312313	0.298085	0.320238	0.310609	0.315708	0.369893	0.375673	0.366369	0.375438	0.339934	0.346099	0.373165	0.336666	0.322777	0.335399	0.330577	0.339113	0.301405	0.297564	0.285198	0.29838	0.298431	0.367256	0.359995	0.361966	0.354329	0.351884
Rhodinocichla_rosea	0.259125	0.265239	0.270988	0.30113	0.306597	0.289241	0.290891	0.334201	0.305048	0.384918	0.369915	0.274762	0.24414	0.258604	0.251952	0.247904	0.249921	0.252028	0.272608	0.26744	0.259221	0.269876	0.26162	0.293427	0.265198	0.269669	0.254881	0.289054	0.293887	0.273487	0.273547	0.280768	0.282813	0.253967	0.251953	0.25602	0.253967	0.253966	0.249257	0.26427	0.242773	0.25291	0.252937	0.256943	0.248801	0.354725	0.370005	0.374831	0.376828	0.371998	0.383052	0.38477	0.407637	0.3873	0.320875	0.331325	0.422782	0.47779	0.362114	0.300843	0.307254	0.324936	0.350956	0.321301	0.293769	0.330038	0.248921	0.249523	0.248469	0.298806	0.29679	0.300816	0.325203	0.311917	0.313745	0.235004	0.200883	0.207504	0.22114	0.208192	0.202762	0.198794	0.172896	0.220431	0.207564	0.200176	0.231108	0.215696	0.234534	0.20032	0.193627	0.211095	0.156191	0.164323	0.200048	0.170475	0.180994	0.218124	0.178798	0.178443	0.191335	0.186955	0.180456	0.18151	0.213508	0.190165	0.184916	0.170101	0.188778	0.187357	0.189267	0.14143	0.128057	0.132559	0.15342	0.138903	0.14285	0.149478	0.148948	0.160434	0.140481	0.140357	0.136361	0.136361	0.157628	0.128395	0.146411	0.148881	0.13595	0.146365	0.147487	0.123963	0.145155	0.137683	0.152685	0.133686	0.154516	0.154841	0.130356	0.12704	0.144954	0.152876	0.138133	0.13063	0.139852	0.133073	0.13942	0.120007	0.143735	0.127561	0.140587	0.116515	0.126665	0.118354	0.128601	0.141383	0.121969	0.128074	0.14096	0.138388	0.142121	0.123409	0.129564	0.140912	0.127506	0.117233	0.129762	0.133859	0.117481	0.128253	0.133982	0.138765	0.157276	0.145492	0.138975	0.14298	0.144908	0.118096	0.11547	0.15012	0.145085	0.134104	0.134104	0.165453	0.15857	0.110122	0.109429	0.0980138	0.109367	0.0970494	0.105658	0.0737633	0.0818379	0.0783535	0.0834226	0.086026	0.0837581	0.0945186	0.0654178	0.0610464	0.0698229	0	0.0847238	0.0758237	0.0744527	0.0756314	0.0754599	0.0777883	0.066787	0.0524759	0.0545679	0.0610454	0.0689354	0.067435	0.0738412	0.056948	0.0566929	0.0607572	0.0648041	0.0733827	0.0753558	0.0751935	0.0731496	0.0751857	0.0977631	0.115038	0.107983	0.136451	0.147042	0.15515	0.146772	0.138567	0.147869	0.14446	0.128789	0.162049	0.143174	0.155329	0.157759	0.152702	0.129651	0.131801	0.130482	0.129161	0.116238	0.114446	0.118567	0.188553	0.305748	0.308073	0.285594	0.350503	0.365605	0.320091	0.356201	0.364555	0.330052	0.268056	0.271815	0.307523	0.329136	0.318566	0.314104	0.371734	0.368851	0.342299	0.375394	0.363646	0.307157	0.282479	0.269588	0.274459	0.298823	0.28558	0.293932	0.270732	0.269763	0.262278	0.273021	0.306237	0.299883	0.301701	0.3361	0.312473	0.331763	0.327203	0.329718	0.425838	0.28261	0.307847	0.316877	0.288829	0.301617	0.28036	0.278348	0.278352	0.30461	0.317105	0.293166	0.299297	0.285069	0.307222	0.297593	0.302692	0.356877	0.362657	0.353353	0.362422	0.326918	0.333083	0.360149	0.32365	0.309761	0.322383	0.317561	0.326096	0.288389	0.284548	0.272182	0.285364	0.285415	0.35424	0.346979	0.34895	0.341312	0.338868
Setophaga_coronata	0.299997	0.306111	0.31186	0.342002	0.347469	0.330113	0.331763	0.375073	0.34592	0.42579	0.410787	0.315634	0.285012	0.299476	0.292824	0.288776	0.290793	0.2929	0.31348	0.308312	0.300093	0.310748	0.302492	0.334299	0.30607	0.310541	0.295753	0.329926	0.33476	0.314359	0.314419	0.32164	0.323685	0.294839	0.292825	0.296892	0.294839	0.294838	0.290129	0.305142	0.283645	0.293782	0.293809	0.297815	0.289673	0.395597	0.410877	0.415703	0.4177	0.41287	0.423924	0.425642	0.448509	0.428172	0.361748	0.372197	0.463654	0.518662	0.402986	0.341716	0.348126	0.365808	0.391828	0.362173	0.334641	0.37091	0.289793	0.290396	0.289341	0.339678	0.337662	0.341688	0.366075	0.352789	0.354617	0.275876	0.241755	0.248376	0.262012	0.249064	0.243634	0.239666	0.213768	0.261303	0.248436	0.241048	0.27198	0.256568	0.275406	0.241192	0.234499	0.251967	0.197063	0.205195	0.24092	0.211347	0.221866	0.258996	0.21967	0.219315	0.232207	0.227827	0.221329	0.222382	0.25438	0.231037	0.225788	0.210973	0.22965	0.228229	0.230139	0.182302	0.168929	0.173431	0.194292	0.179775	0.183722	0.19035	0.18982	0.201306	0.181353	0.181229	0.177233	0.177233	0.1985	0.169267	0.187283	0.189753	0.176822	0.187237	0.188359	0.164835	0.186027	0.178555	0.193557	0.174558	0.195388	0.195713	0.171228	0.167912	0.185826	0.193748	0.179005	0.171503	0.180724	0.173945	0.180292	0.160879	0.184607	0.168433	0.181459	0.157387	0.167537	0.159226	0.169473	0.182255	0.162841	0.168946	0.181832	0.179261	0.182993	0.164281	0.170436	0.181784	0.168378	0.158105	0.170634	0.174731	0.158353	0.169125	0.174854	0.179637	0.198148	0.186364	0.179847	0.183852	0.18578	0.158968	0.156342	0.190992	0.185957	0.174976	0.174976	0.206325	0.199442	0.150995	0.150301	0.138886	0.150239	0.137921	0.14653	0.114635	0.12271	0.119226	0.124295	0.126898	0.12463	0.135391	0.10629	0.101918	0.110695	0.0847238	0	0.0285814	0.115325	0.116503	0.116332	0.11866	0.107659	0.0933479	0.0954399	0.101917	0.109807	0.108307	0.114713	0.09782	0.097565	0.101629	0.105676	0.114255	0.116228	0.116066	0.114022	0.116058	0.138635	0.15591	0.148855	0.177323	0.187914	0.196022	0.187644	0.179439	0.188741	0.185332	0.169661	0.202921	0.184046	0.196201	0.198631	0.193574	0.170523	0.172673	0.171354	0.170033	0.15711	0.155318	0.159439	0.229425	0.34662	0.348945	0.326466	0.391375	0.406477	0.360963	0.397073	0.405427	0.370924	0.308928	0.312687	0.348395	0.370008	0.359438	0.354976	0.412606	0.409723	0.383171	0.416266	0.404518	0.348029	0.323351	0.31046	0.315331	0.339695	0.326452	0.334804	0.311604	0.310635	0.30315	0.313893	0.347109	0.340755	0.342573	0.376972	0.353345	0.372635	0.368075	0.37059	0.46671	0.323482	0.348719	0.357749	0.329701	0.342489	0.321232	0.31922	0.319224	0.345482	0.357977	0.334038	0.340169	0.325941	0.348094	0.338465	0.343564	0.397749	0.403529	0.394225	0.403294	0.36779	0.373955	0.401021	0.364522	0.350633	0.363255	0.358433	0.366969	0.329261	0.32542	0.313054	0.326236	0.326287	0.395112	0.387851	0.389822	0.382185	0.37974
Setophaga_kirtlandii	0.291096	0.297211	0.30296	0.333102	0.338569	0.321213	0.322863	0.366173	0.33702	0.41689	0.401887	0.306734	0.276112	0.290576	0.283924	0.279876	0.281893	0.284	0.30458	0.299412	0.291193	0.301848	0.293591	0.325399	0.29717	0.301641	0.286853	0.321026	0.325859	0.305459	0.305519	0.31274	0.314785	0.285939	0.283925	0.287992	0.285939	0.285938	0.281229	0.296242	0.274745	0.284882	0.284909	0.288915	0.280773	0.386697	0.401977	0.406803	0.4088	0.40397	0.415023	0.416742	0.439609	0.419272	0.352847	0.363297	0.454754	0.509762	0.394086	0.332815	0.339226	0.356908	0.382928	0.353273	0.325741	0.36201	0.280893	0.281495	0.280441	0.330778	0.328762	0.332788	0.357175	0.343889	0.345717	0.266976	0.232855	0.239476	0.253112	0.240164	0.234734	0.230766	0.204868	0.252403	0.239536	0.232148	0.26308	0.247668	0.266506	0.232292	0.225599	0.243067	0.188163	0.196295	0.23202	0.202447	0.212966	0.250096	0.21077	0.210415	0.223307	0.218927	0.212428	0.213482	0.24548	0.222137	0.216888	0.202073	0.22075	0.219329	0.221239	0.173402	0.160029	0.164531	0.185391	0.170875	0.174822	0.18145	0.18092	0.192406	0.172453	0.172329	0.168333	0.168333	0.1896	0.160367	0.178383	0.180853	0.167922	0.178337	0.179458	0.155935	0.177127	0.169655	0.184657	0.165658	0.186488	0.186813	0.162328	0.159012	0.176926	0.184848	0.170105	0.162602	0.171824	0.165045	0.171392	0.151979	0.175707	0.159533	0.172558	0.148487	0.158637	0.150326	0.160573	0.173355	0.153941	0.160046	0.172932	0.17036	0.174093	0.155381	0.161536	0.172884	0.159478	0.149205	0.161734	0.165831	0.149453	0.160225	0.165954	0.170737	0.189248	0.177464	0.170947	0.174952	0.17688	0.150068	0.147442	0.182092	0.177057	0.166076	0.166076	0.197425	0.190542	0.142094	0.141401	0.129986	0.141339	0.129021	0.13763	0.105735	0.11381	0.110325	0.115395	0.117998	0.11573	0.126491	0.0973898	0.0930184	0.101795	0.0758237	0.0285814	0	0.106425	0.107603	0.107432	0.10976	0.0987589	0.0844479	0.0865399	0.0930174	0.100907	0.0994069	0.105813	0.0889199	0.0886649	0.0927291	0.0967761	0.105355	0.107328	0.107165	0.105122	0.107158	0.129735	0.14701	0.139955	0.168423	0.179014	0.187122	0.178744	0.170539	0.179841	0.176432	0.16076	0.194021	0.175146	0.187301	0.189731	0.184674	0.161623	0.163773	0.162454	0.161133	0.14821	0.146418	0.150539	0.220525	0.33772	0.340045	0.317566	0.382475	0.397576	0.352063	0.388173	0.396527	0.362024	0.300028	0.303787	0.339495	0.361108	0.350538	0.346076	0.403706	0.400823	0.374271	0.407366	0.395618	0.339129	0.314451	0.30156	0.306431	0.330795	0.317552	0.325904	0.302704	0.301735	0.29425	0.304993	0.338209	0.331855	0.333673	0.368072	0.344445	0.363735	0.359175	0.361689	0.45781	0.314582	0.339819	0.348849	0.320801	0.333589	0.312332	0.31032	0.310324	0.336582	0.349077	0.325138	0.331269	0.317041	0.339194	0.329565	0.334664	0.388849	0.394629	0.385325	0.394394	0.35889	0.365055	0.392121	0.355622	0.341733	0.354355	0.349533	0.358068	0.320361	0.31652	0.304153	0.317336	0.317387	0.386211	0.378951	0.380922	0.373284	0.37084
Emberiza_fucata	0.285459	0.291574	0.297322	0.327465	0.332932	0.315576	0.317225	0.360535	0.331383	0.411253	0.39625	0.301096	0.270475	0.284938	0.278286	0.274239	0.276256	0.278363	0.298943	0.293775	0.285556	0.29621	0.287954	0.319762	0.291533	0.296003	0.281216	0.315388	0.320222	0.299821	0.299881	0.307103	0.309148	0.280302	0.278288	0.282354	0.280301	0.2803	0.275591	0.290604	0.269108	0.279244	0.279272	0.283278	0.275135	0.381059	0.396339	0.401166	0.403163	0.398333	0.409386	0.411105	0.433971	0.413634	0.34721	0.357659	0.449116	0.504125	0.388448	0.327178	0.333589	0.35127	0.37729	0.347635	0.320104	0.356373	0.275255	0.275858	0.274804	0.325141	0.323124	0.327151	0.351537	0.338251	0.340079	0.261339	0.227218	0.233839	0.247474	0.234527	0.229096	0.225128	0.199231	0.246765	0.233899	0.226511	0.257443	0.242031	0.260868	0.226655	0.219962	0.23743	0.182526	0.190658	0.226383	0.19681	0.207329	0.244458	0.205133	0.204777	0.217669	0.213289	0.206791	0.207845	0.239843	0.2165	0.21125	0.196436	0.215113	0.213692	0.215601	0.167765	0.154392	0.158893	0.179754	0.165237	0.169185	0.175813	0.175282	0.186769	0.166816	0.166692	0.162696	0.162696	0.183962	0.154729	0.172745	0.175216	0.162284	0.1727	0.173821	0.150298	0.17149	0.164018	0.179019	0.160021	0.180851	0.181176	0.156691	0.153375	0.171289	0.179211	0.164468	0.156965	0.166187	0.159408	0.165755	0.146342	0.17007	0.153896	0.166921	0.14285	0.153	0.144688	0.154935	0.167718	0.148304	0.154409	0.167294	0.164723	0.168456	0.149743	0.155899	0.167246	0.15384	0.143567	0.156097	0.160194	0.143816	0.154587	0.160317	0.1651	0.183611	0.171826	0.16531	0.169315	0.171243	0.144431	0.141804	0.176455	0.17142	0.160439	0.160439	0.191787	0.184904	0.136457	0.135764	0.124348	0.135702	0.123384	0.131993	0.100098	0.108172	0.104688	0.109757	0.112361	0.110093	0.120853	0.0917524	0.087381	0.0961575	0.0744527	0.115325	0.106425	0	0.0810178	0.0808463	0.0831747	0.0861116	0.0718005	0.0738925	0.08037	0.08826	0.0867595	0.0931658	0.0832826	0.0830275	0.0870918	0.0911387	0.0997173	0.10169	0.101528	0.0994842	0.10152	0.124098	0.141373	0.134317	0.162785	0.173376	0.181485	0.173106	0.164901	0.174203	0.170794	0.155123	0.188384	0.169508	0.181664	0.184094	0.179036	0.155986	0.158135	0.156817	0.155496	0.142572	0.14078	0.144901	0.214888	0.332083	0.334408	0.311928	0.376838	0.391939	0.346425	0.382536	0.390889	0.356387	0.294391	0.29815	0.333858	0.355471	0.344901	0.340439	0.398068	0.395186	0.368634	0.401728	0.389981	0.333492	0.308813	0.295922	0.300794	0.325158	0.311915	0.320267	0.297066	0.296098	0.288612	0.299356	0.332572	0.326218	0.328035	0.362434	0.338808	0.358098	0.353537	0.356052	0.452173	0.308945	0.334182	0.343211	0.315164	0.327952	0.306695	0.304683	0.304686	0.330944	0.343439	0.319501	0.325632	0.311404	0.333556	0.323927	0.329026	0.383211	0.388991	0.379688	0.388757	0.353252	0.359418	0.386484	0.349984	0.336096	0.348718	0.343896	0.352431	0.314724	0.310882	0.298516	0.311699	0.31175	0.380574	0.373313	0.375285	0.367647	0.365202
Pheucticus_melanocephalus	0.286638	0.292753	0.298501	0.328643	0.33411	0.316755	0.318404	0.361714	0.332562	0.412431	0.397428	0.302275	0.271654	0.286117	0.279465	0.275417	0.277435	0.279542	0.300122	0.294954	0.286734	0.297389	0.289133	0.32094	0.292712	0.297182	0.282395	0.316567	0.321401	0.301	0.30106	0.308282	0.310327	0.28148	0.279466	0.283533	0.28148	0.281479	0.27677	0.291783	0.270287	0.280423	0.28045	0.284456	0.276314	0.382238	0.397518	0.402344	0.404341	0.399512	0.410565	0.412283	0.43515	0.414813	0.348389	0.358838	0.450295	0.505303	0.389627	0.328357	0.334768	0.352449	0.378469	0.348814	0.321283	0.357551	0.276434	0.277037	0.275982	0.326319	0.324303	0.328329	0.352716	0.33943	0.341258	0.262517	0.228396	0.235017	0.248653	0.235705	0.230275	0.226307	0.200409	0.247944	0.235077	0.22769	0.258622	0.243209	0.262047	0.227833	0.22114	0.238608	0.183704	0.191836	0.227562	0.197988	0.208508	0.245637	0.206312	0.205956	0.218848	0.214468	0.20797	0.209024	0.241021	0.217678	0.212429	0.197614	0.216292	0.21487	0.21678	0.168944	0.15557	0.160072	0.180933	0.166416	0.170364	0.176991	0.176461	0.187947	0.167994	0.16787	0.163874	0.163874	0.185141	0.155908	0.173924	0.176394	0.163463	0.173878	0.175	0.151476	0.172668	0.165196	0.180198	0.1612	0.182029	0.182355	0.157869	0.154554	0.172467	0.180389	0.165646	0.158144	0.167366	0.160586	0.166934	0.14752	0.171249	0.155075	0.1681	0.144028	0.154179	0.145867	0.156114	0.168897	0.149482	0.155587	0.168473	0.165902	0.169634	0.150922	0.157077	0.168425	0.155019	0.144746	0.157275	0.161373	0.144995	0.155766	0.161495	0.166279	0.18479	0.173005	0.166489	0.170493	0.172421	0.14561	0.142983	0.177633	0.172598	0.161618	0.161618	0.192966	0.186083	0.137636	0.136943	0.125527	0.13688	0.124563	0.133171	0.101277	0.109351	0.105867	0.110936	0.113539	0.111271	0.122032	0.0929311	0.0885597	0.0973362	0.0756314	0.116503	0.107603	0.0810178	0	0.0447888	0.0471171	0.0872902	0.0729792	0.0750712	0.0815487	0.0894387	0.0879382	0.0943445	0.0844612	0.0842062	0.0882705	0.0923174	0.100896	0.102869	0.102707	0.100663	0.102699	0.125276	0.142552	0.135496	0.163964	0.174555	0.182664	0.174285	0.16608	0.175382	0.171973	0.156302	0.189563	0.170687	0.182843	0.185272	0.180215	0.157165	0.159314	0.157996	0.156674	0.143751	0.141959	0.14608	0.216066	0.333262	0.335587	0.313107	0.378016	0.393118	0.347604	0.383715	0.392068	0.357565	0.29557	0.299329	0.335036	0.356649	0.346079	0.341618	0.399247	0.396364	0.369812	0.402907	0.391159	0.334671	0.309992	0.297101	0.301972	0.326336	0.313094	0.321445	0.298245	0.297277	0.289791	0.300535	0.33375	0.327396	0.329214	0.363613	0.339987	0.359276	0.354716	0.357231	0.453352	0.310123	0.335361	0.34439	0.316343	0.32913	0.307874	0.305861	0.305865	0.332123	0.344618	0.320679	0.326811	0.312582	0.334735	0.325106	0.330205	0.38439	0.39017	0.380867	0.389936	0.354431	0.360596	0.387662	0.351163	0.337275	0.349896	0.345075	0.35361	0.315903	0.312061	0.299695	0.312877	0.312928	0.381753	0.374492	0.376463	0.368826	0.366381
Cardinalis_cardinalis	0.286466	0.292581	0.29833	0.328472	0.333939	0.316583	0.318233	0.361543	0.33239	0.41226	0.397257	0.302104	0.271482	0.285946	0.279294	0.275246	0.277263	0.27937	0.29995	0.294782	0.286563	0.297218	0.288961	0.320769	0.29254	0.29701	0.282223	0.316395	0.321229	0.300829	0.300888	0.30811	0.310155	0.281309	0.279295	0.283361	0.281308	0.281308	0.276599	0.291612	0.270115	0.280252	0.280279	0.284285	0.276142	0.382066	0.397347	0.402173	0.40417	0.39934	0.410393	0.412112	0.434979	0.414641	0.348217	0.358666	0.450123	0.505132	0.389455	0.328185	0.334596	0.352278	0.378297	0.348643	0.321111	0.35738	0.276263	0.276865	0.275811	0.326148	0.324131	0.328158	0.352545	0.339259	0.341086	0.262346	0.228225	0.234846	0.248482	0.235534	0.230103	0.226136	0.200238	0.247773	0.234906	0.227518	0.25845	0.243038	0.261876	0.227662	0.220969	0.238437	0.183533	0.191665	0.22739	0.197817	0.208336	0.245466	0.20614	0.205784	0.218676	0.214297	0.207798	0.208852	0.24085	0.217507	0.212257	0.197443	0.21612	0.214699	0.216609	0.168772	0.155399	0.159901	0.180761	0.166245	0.170192	0.17682	0.176289	0.187776	0.167823	0.167699	0.163703	0.163703	0.18497	0.155736	0.173753	0.176223	0.163292	0.173707	0.174828	0.151305	0.172497	0.165025	0.180027	0.161028	0.181858	0.182183	0.157698	0.154382	0.172296	0.180218	0.165475	0.157972	0.167194	0.160415	0.166762	0.147349	0.171077	0.154903	0.167928	0.143857	0.154007	0.145696	0.155943	0.168725	0.149311	0.155416	0.168302	0.16573	0.169463	0.15075	0.156906	0.168254	0.154847	0.144575	0.157104	0.161201	0.144823	0.155595	0.161324	0.166107	0.184618	0.172834	0.166317	0.170322	0.17225	0.145438	0.142812	0.177462	0.172427	0.161446	0.161446	0.192795	0.185912	0.137464	0.136771	0.125356	0.136709	0.124391	0.133	0.101105	0.10918	0.105695	0.110764	0.113368	0.1111	0.12186	0.0927596	0.0883882	0.0971647	0.0754599	0.116332	0.107432	0.0808463	0.0447888	0	0.0469437	0.0871188	0.0728077	0.0748997	0.0813772	0.0892672	0.0877668	0.094173	0.0842898	0.0840348	0.088099	0.092146	0.100725	0.102698	0.102535	0.100491	0.102528	0.125105	0.14238	0.135325	0.163793	0.174384	0.182492	0.174113	0.165909	0.175211	0.171802	0.15613	0.189391	0.170515	0.182671	0.185101	0.180044	0.156993	0.159143	0.157824	0.156503	0.14358	0.141788	0.145908	0.215895	0.33309	0.335415	0.312936	0.377845	0.392946	0.347432	0.383543	0.391897	0.357394	0.295398	0.299157	0.334865	0.356478	0.345908	0.341446	0.399076	0.396193	0.369641	0.402735	0.390988	0.334499	0.30982	0.29693	0.301801	0.326165	0.312922	0.321274	0.298074	0.297105	0.289619	0.300363	0.333579	0.327225	0.329043	0.363442	0.339815	0.359105	0.354545	0.357059	0.45318	0.309952	0.335189	0.344218	0.316171	0.328959	0.307702	0.30569	0.305693	0.331952	0.344447	0.320508	0.326639	0.312411	0.334563	0.324934	0.330034	0.384219	0.389999	0.380695	0.389764	0.35426	0.360425	0.387491	0.350992	0.337103	0.349725	0.344903	0.353438	0.315731	0.31189	0.299523	0.312706	0.312757	0.381581	0.37432	0.376292	0.368654	0.366209
Passerina_amoena	0.288795	0.294909	0.300658	0.3308	0.336267	0.318911	0.320561	0.363871	0.334719	0.414588	0.399585	0.304432	0.273811	0.288274	0.281622	0.277574	0.279592	0.281698	0.302278	0.29711	0.288891	0.299546	0.29129	0.323097	0.294869	0.299339	0.284552	0.318724	0.323558	0.303157	0.303217	0.310439	0.312484	0.283637	0.281623	0.28569	0.283637	0.283636	0.278927	0.29394	0.272444	0.28258	0.282607	0.286613	0.278471	0.384395	0.399675	0.404501	0.406498	0.401669	0.412722	0.41444	0.437307	0.41697	0.350546	0.360995	0.452452	0.50746	0.391784	0.330514	0.336925	0.354606	0.380626	0.350971	0.32344	0.359708	0.278591	0.279194	0.278139	0.328476	0.32646	0.330486	0.354873	0.341587	0.343415	0.264674	0.230553	0.237174	0.25081	0.237862	0.232432	0.228464	0.202566	0.250101	0.237234	0.229847	0.260778	0.245366	0.264204	0.22999	0.223297	0.240765	0.185861	0.193993	0.229719	0.200145	0.210665	0.247794	0.208469	0.208113	0.221005	0.216625	0.210127	0.21118	0.243178	0.219835	0.214586	0.199771	0.218448	0.217027	0.218937	0.1711	0.157727	0.162229	0.18309	0.168573	0.17252	0.179148	0.178618	0.190104	0.170151	0.170027	0.166031	0.166031	0.187298	0.158065	0.176081	0.178551	0.16562	0.176035	0.177157	0.153633	0.174825	0.167353	0.182355	0.163356	0.184186	0.184512	0.160026	0.156711	0.174624	0.182546	0.167803	0.160301	0.169523	0.162743	0.169091	0.149677	0.173406	0.157231	0.170257	0.146185	0.156336	0.148024	0.158271	0.171053	0.151639	0.157744	0.17063	0.168059	0.171791	0.153079	0.159234	0.170582	0.157176	0.146903	0.159432	0.16353	0.147152	0.157923	0.163652	0.168436	0.186947	0.175162	0.168646	0.17265	0.174578	0.147767	0.14514	0.17979	0.174755	0.163775	0.163774	0.195123	0.18824	0.139793	0.139099	0.127684	0.139037	0.12672	0.135328	0.103433	0.111508	0.108024	0.113093	0.115696	0.113428	0.124189	0.095088	0.0907166	0.099493	0.0777883	0.11866	0.10976	0.0831747	0.0471171	0.0469437	0	0.0894471	0.0751361	0.0772281	0.0837055	0.0915956	0.0900951	0.0965014	0.0866181	0.0863631	0.0904273	0.0944743	0.103053	0.105026	0.104864	0.10282	0.104856	0.127433	0.144708	0.137653	0.166121	0.176712	0.184821	0.176442	0.168237	0.177539	0.17413	0.158459	0.19172	0.172844	0.184999	0.187429	0.182372	0.159321	0.161471	0.160152	0.158831	0.145908	0.144116	0.148237	0.218223	0.335419	0.337743	0.315264	0.380173	0.395275	0.349761	0.385872	0.394225	0.359722	0.297726	0.301486	0.337193	0.358806	0.348236	0.343775	0.401404	0.398521	0.371969	0.405064	0.393316	0.336828	0.312149	0.299258	0.304129	0.328493	0.31525	0.323602	0.300402	0.299433	0.291948	0.302692	0.335907	0.329553	0.331371	0.36577	0.342144	0.361433	0.356873	0.359388	0.455508	0.31228	0.337517	0.346547	0.318499	0.331287	0.310031	0.308018	0.308022	0.33428	0.346775	0.322836	0.328967	0.314739	0.336892	0.327263	0.332362	0.386547	0.392327	0.383024	0.392092	0.356588	0.362753	0.389819	0.35332	0.339431	0.352053	0.347231	0.355767	0.31806	0.314218	0.301852	0.315034	0.315085	0.38391	0.376649	0.37862	0.370983	0.368538
Nesospiza_acunhae	0.277793	0.283908	0.289657	0.319799	0.325266	0.30791	0.30956	0.35287	0.323717	0.403587	0.388584	0.293431	0.262809	0.277273	0.270621	0.266573	0.26859	0.270697	0.291277	0.286109	0.27789	0.288545	0.280288	0.312096	0.283867	0.288338	0.27355	0.307722	0.312556	0.292156	0.292215	0.299437	0.301482	0.272636	0.270622	0.274688	0.272636	0.272635	0.267926	0.282939	0.261442	0.271579	0.271606	0.275612	0.26747	0.373393	0.388674	0.3935	0.395497	0.390667	0.40172	0.403439	0.426306	0.405968	0.339544	0.349993	0.441451	0.496459	0.380782	0.319512	0.325923	0.343605	0.369624	0.33997	0.312438	0.348707	0.26759	0.268192	0.267138	0.317475	0.315458	0.319485	0.343872	0.330586	0.332413	0.253673	0.219552	0.226173	0.239809	0.226861	0.22143	0.217463	0.191565	0.2391	0.226233	0.218845	0.249777	0.234365	0.253203	0.218989	0.212296	0.229764	0.17486	0.182992	0.218717	0.189144	0.199663	0.236793	0.197467	0.197111	0.210003	0.205624	0.199125	0.200179	0.232177	0.208834	0.203584	0.18877	0.207447	0.206026	0.207936	0.160099	0.146726	0.151228	0.172088	0.157572	0.161519	0.168147	0.167617	0.179103	0.15915	0.159026	0.15503	0.15503	0.176297	0.147064	0.16508	0.16755	0.154619	0.165034	0.166155	0.142632	0.163824	0.156352	0.171354	0.152355	0.173185	0.17351	0.149025	0.145709	0.163623	0.171545	0.156802	0.149299	0.158521	0.151742	0.158089	0.138676	0.162404	0.14623	0.159255	0.135184	0.145334	0.137023	0.14727	0.160052	0.140638	0.146743	0.159629	0.157057	0.16079	0.142077	0.148233	0.159581	0.146174	0.135902	0.148431	0.152528	0.13615	0.146922	0.152651	0.157434	0.175945	0.164161	0.157644	0.161649	0.163577	0.136765	0.134139	0.168789	0.163754	0.152773	0.152773	0.184122	0.177239	0.128791	0.128098	0.116683	0.128036	0.115718	0.124327	0.0924321	0.100507	0.0970224	0.102091	0.104695	0.102427	0.113187	0.0840867	0.0797153	0.0884917	0.066787	0.107659	0.0987589	0.0861116	0.0872902	0.0871188	0.0894471	0	0.058696	0.060788	0.0716798	0.0795698	0.0780693	0.0844756	0.0756168	0.0753618	0.079426	0.083473	0.0920516	0.0940246	0.0938623	0.0918185	0.0938546	0.116432	0.133707	0.126652	0.15512	0.165711	0.173819	0.16544	0.157236	0.166538	0.163129	0.147457	0.180718	0.161842	0.173998	0.176428	0.171371	0.14832	0.15047	0.149151	0.14783	0.134907	0.133115	0.137236	0.207222	0.324417	0.326742	0.304263	0.369172	0.384273	0.33876	0.37487	0.383224	0.348721	0.286725	0.290484	0.326192	0.347805	0.337235	0.332773	0.390403	0.38752	0.360968	0.394062	0.382315	0.325826	0.301147	0.288257	0.293128	0.317492	0.304249	0.312601	0.289401	0.288432	0.280946	0.29169	0.324906	0.318552	0.32037	0.354769	0.331142	0.350432	0.345872	0.348386	0.444507	0.301279	0.326516	0.335546	0.307498	0.320286	0.299029	0.297017	0.29702	0.323279	0.335774	0.311835	0.317966	0.303738	0.32589	0.316261	0.321361	0.375546	0.381326	0.372022	0.381091	0.345587	0.351752	0.378818	0.342319	0.32843	0.341052	0.33623	0.344765	0.307058	0.303217	0.29085	0.304033	0.304084	0.372908	0.365647	0.367619	0.359981	0.357537
Geospiza_fortis	0.263482	0.269597	0.275346	0.305488	0.310955	0.293599	0.295249	0.338559	0.309406	0.389276	0.374273	0.27912	0.248498	0.262962	0.25631	0.252262	0.254279	0.256386	0.276966	0.271798	0.263579	0.274234	0.265977	0.297785	0.269556	0.274026	0.259239	0.293411	0.298245	0.277845	0.277904	0.285126	0.287171	0.258325	0.256311	0.260377	0.258324	0.258324	0.253615	0.268628	0.247131	0.257267	0.257295	0.261301	0.253158	0.359082	0.374363	0.379189	0.381186	0.376356	0.387409	0.389128	0.411995	0.391657	0.325233	0.335682	0.427139	0.482148	0.366471	0.305201	0.311612	0.329294	0.355313	0.325659	0.298127	0.334396	0.253279	0.253881	0.252827	0.303164	0.301147	0.305174	0.329561	0.316275	0.318102	0.239362	0.205241	0.211862	0.225498	0.21255	0.207119	0.203152	0.177254	0.224789	0.211922	0.204534	0.235466	0.220054	0.238892	0.204678	0.197985	0.215453	0.160549	0.168681	0.204406	0.174833	0.185352	0.222482	0.183156	0.1828	0.195692	0.191313	0.184814	0.185868	0.217866	0.194523	0.189273	0.174459	0.193136	0.191715	0.193625	0.145788	0.132415	0.136917	0.157777	0.143261	0.147208	0.153836	0.153305	0.164792	0.144839	0.144715	0.140719	0.140719	0.161986	0.132752	0.150769	0.153239	0.140307	0.150723	0.151844	0.128321	0.149513	0.142041	0.157043	0.138044	0.158874	0.159199	0.134714	0.131398	0.149312	0.157234	0.142491	0.134988	0.14421	0.137431	0.143778	0.124365	0.148093	0.131919	0.144944	0.120873	0.131023	0.122712	0.132959	0.145741	0.126327	0.132432	0.145317	0.142746	0.146479	0.127766	0.133922	0.14527	0.131863	0.121591	0.13412	0.138217	0.121839	0.132611	0.13834	0.143123	0.161634	0.14985	0.143333	0.147338	0.149266	0.122454	0.119828	0.154478	0.149443	0.138462	0.138462	0.169811	0.162928	0.11448	0.113787	0.102372	0.113725	0.101407	0.110016	0.0781211	0.0861957	0.0827113	0.0877804	0.0903838	0.0881159	0.0988764	0.0697756	0.0654042	0.0741807	0.0524759	0.0933479	0.0844479	0.0718005	0.0729792	0.0728077	0.0751361	0.058696	0	0.0430382	0.0573687	0.0652587	0.0637583	0.0701646	0.0613058	0.0610507	0.065115	0.0691619	0.0777405	0.0797136	0.0795513	0.0775074	0.0795435	0.102121	0.119396	0.112341	0.140809	0.1514	0.159508	0.151129	0.142925	0.152227	0.148818	0.133146	0.166407	0.147531	0.159687	0.162117	0.15706	0.134009	0.136159	0.13484	0.133519	0.120596	0.118804	0.122924	0.192911	0.310106	0.312431	0.289952	0.354861	0.369962	0.324448	0.360559	0.368913	0.33441	0.272414	0.276173	0.311881	0.333494	0.322924	0.318462	0.376092	0.373209	0.346657	0.379751	0.368004	0.311515	0.286836	0.273946	0.278817	0.303181	0.289938	0.29829	0.27509	0.274121	0.266635	0.277379	0.310595	0.304241	0.306059	0.340458	0.316831	0.336121	0.331561	0.334075	0.430196	0.286968	0.312205	0.321234	0.293187	0.305975	0.284718	0.282706	0.282709	0.308968	0.321463	0.297524	0.303655	0.289427	0.311579	0.30195	0.30705	0.361235	0.367015	0.357711	0.36678	0.331276	0.337441	0.364507	0.328008	0.314119	0.326741	0.321919	0.330454	0.292747	0.288906	0.276539	0.289722	0.289773	0.358597	0.351336	0.353308	0.34567	0.343225
Sporophila_hypoxantha	0.265574	0.271689	0.277438	0.30758	0.313047	0.295691	0.297341	0.340651	0.311498	0.391368	0.376365	0.281212	0.25059	0.265054	0.258402	0.254354	0.256371	0.258478	0.279058	0.27389	0.265671	0.276326	0.268069	0.299877	0.271648	0.276118	0.261331	0.295503	0.300337	0.279937	0.279996	0.287218	0.289263	0.260417	0.258403	0.262469	0.260416	0.260416	0.255707	0.27072	0.249223	0.259359	0.259387	0.263393	0.25525	0.361174	0.376455	0.381281	0.383278	0.378448	0.389501	0.39122	0.414087	0.393749	0.327325	0.337774	0.429231	0.48424	0.368563	0.307293	0.313704	0.331386	0.357405	0.327751	0.300219	0.336488	0.255371	0.255973	0.254919	0.305256	0.303239	0.307266	0.331653	0.318367	0.320194	0.241454	0.207333	0.213954	0.22759	0.214642	0.209211	0.205244	0.179346	0.226881	0.214014	0.206626	0.237558	0.222146	0.240984	0.20677	0.200077	0.217545	0.162641	0.170773	0.206498	0.176925	0.187444	0.224574	0.185248	0.184892	0.197784	0.193405	0.186906	0.18796	0.219958	0.196615	0.191365	0.176551	0.195228	0.193807	0.195717	0.14788	0.134507	0.139009	0.159869	0.145353	0.1493	0.155928	0.155397	0.166884	0.146931	0.146807	0.142811	0.142811	0.164078	0.134844	0.152861	0.155331	0.142399	0.152815	0.153936	0.130413	0.151605	0.144133	0.159135	0.140136	0.160966	0.161291	0.136806	0.13349	0.151404	0.159326	0.144583	0.13708	0.146302	0.139523	0.14587	0.126457	0.150185	0.134011	0.147036	0.122965	0.133115	0.124804	0.135051	0.147833	0.128419	0.134524	0.147409	0.144838	0.148571	0.129858	0.136014	0.147362	0.133955	0.123683	0.136212	0.140309	0.123931	0.134703	0.140432	0.145215	0.163726	0.151942	0.145425	0.14943	0.151358	0.124546	0.12192	0.15657	0.151535	0.140554	0.140554	0.171903	0.16502	0.116572	0.115879	0.104464	0.115817	0.103499	0.112108	0.0802131	0.0882877	0.0848033	0.0898724	0.0924758	0.0902079	0.100968	0.0718676	0.0674962	0.0762727	0.0545679	0.0954399	0.0865399	0.0738925	0.0750712	0.0748997	0.0772281	0.060788	0.0430382	0	0.0594607	0.0673507	0.0658503	0.0722566	0.0633978	0.0631427	0.067207	0.0712539	0.0798325	0.0818056	0.0816433	0.0795994	0.0816355	0.104213	0.121488	0.114433	0.142901	0.153492	0.1616	0.153221	0.145017	0.154319	0.15091	0.135238	0.168499	0.149623	0.161779	0.164209	0.159152	0.136101	0.138251	0.136932	0.135611	0.122688	0.120896	0.125016	0.195003	0.312198	0.314523	0.292044	0.356953	0.372054	0.32654	0.362651	0.371005	0.336502	0.274506	0.278265	0.313973	0.335586	0.325016	0.320554	0.378184	0.375301	0.348749	0.381843	0.370096	0.313607	0.288928	0.276038	0.280909	0.305273	0.29203	0.300382	0.277182	0.276213	0.268727	0.279471	0.312687	0.306333	0.308151	0.34255	0.318923	0.338213	0.333653	0.336167	0.432288	0.28906	0.314297	0.323326	0.295279	0.308067	0.28681	0.284798	0.284801	0.31106	0.323555	0.299616	0.305747	0.291519	0.313671	0.304042	0.309142	0.363327	0.369107	0.359803	0.368872	0.333368	0.339533	0.366599	0.3301	0.316211	0.328833	0.324011	0.332546	0.294839	0.290998	0.278631	0.291814	0.291865	0.360689	0.353428	0.3554	0.347762	0.345317
Spizella_passerina	0.272052	0.278167	0.283915	0.314057	0.319524	0.302169	0.303818	0.347128	0.317976	0.397845	0.382842	0.287689	0.257068	0.271531	0.264879	0.260831	0.262849	0.264956	0.285536	0.280368	0.272148	0.282803	0.274547	0.306354	0.278126	0.282596	0.267809	0.301981	0.306815	0.286414	0.286474	0.293696	0.295741	0.266894	0.26488	0.268947	0.266894	0.266893	0.262184	0.277197	0.255701	0.265837	0.265864	0.26987	0.261728	0.367652	0.382932	0.387758	0.389755	0.384926	0.395979	0.397697	0.420564	0.400227	0.333803	0.344252	0.435709	0.490717	0.375041	0.313771	0.320182	0.337863	0.363883	0.334228	0.306697	0.342965	0.261848	0.262451	0.261396	0.311733	0.309717	0.313743	0.33813	0.324844	0.326672	0.247931	0.21381	0.220431	0.234067	0.221119	0.215689	0.211721	0.185823	0.233358	0.220491	0.213104	0.244036	0.228623	0.247461	0.213247	0.206554	0.224022	0.169118	0.17725	0.212976	0.183402	0.193922	0.231051	0.191726	0.19137	0.204262	0.199882	0.193384	0.194438	0.226435	0.203092	0.197843	0.183028	0.201706	0.200284	0.202194	0.154358	0.140984	0.145486	0.166347	0.15183	0.155778	0.162405	0.161875	0.173361	0.153408	0.153284	0.149288	0.149288	0.170555	0.141322	0.159338	0.161808	0.148877	0.159292	0.160414	0.13689	0.158082	0.15061	0.165612	0.146614	0.167443	0.167769	0.143283	0.139968	0.157881	0.165803	0.15106	0.143558	0.15278	0.146	0.152348	0.132934	0.156663	0.140489	0.153514	0.129442	0.139593	0.131281	0.141528	0.154311	0.134896	0.141001	0.153887	0.151316	0.155048	0.136336	0.142491	0.153839	0.140433	0.13016	0.142689	0.146787	0.130409	0.14118	0.146909	0.151693	0.170204	0.158419	0.151903	0.155907	0.157835	0.131024	0.128397	0.163047	0.158012	0.147032	0.147032	0.17838	0.171497	0.12305	0.122357	0.110941	0.122294	0.109977	0.118585	0.0866906	0.0947651	0.0912808	0.0963499	0.0989533	0.0966854	0.107446	0.0783451	0.0739737	0.0827502	0.0610454	0.101917	0.0930174	0.08037	0.0815487	0.0813772	0.0837055	0.0716798	0.0573687	0.0594607	0	0.0529142	0.0514138	0.0578201	0.0698752	0.0696202	0.0736845	0.0777314	0.08631	0.088283	0.0881208	0.0860769	0.088113	0.11069	0.127966	0.12091	0.149378	0.159969	0.168078	0.159699	0.151494	0.160796	0.157387	0.141716	0.174977	0.156101	0.168257	0.170686	0.165629	0.142579	0.144728	0.14341	0.142088	0.129165	0.127373	0.131494	0.20148	0.318676	0.321001	0.298521	0.36343	0.378532	0.333018	0.369129	0.377482	0.342979	0.280984	0.284743	0.32045	0.342063	0.331493	0.327032	0.384661	0.381778	0.355226	0.388321	0.376573	0.320085	0.295406	0.282515	0.287386	0.31175	0.298508	0.306859	0.283659	0.282691	0.275205	0.285949	0.319164	0.31281	0.314628	0.349027	0.325401	0.34469	0.34013	0.342645	0.438766	0.295537	0.320775	0.329804	0.301757	0.314544	0.293288	0.291275	0.291279	0.317537	0.330032	0.306093	0.312225	0.297996	0.320149	0.31052	0.315619	0.369804	0.375584	0.366281	0.37535	0.339845	0.34601	0.373076	0.336577	0.322689	0.33531	0.330489	0.339024	0.301317	0.297475	0.285109	0.298291	0.298342	0.367167	0.359906	0.361877	0.35424	0.351795
Melospiza_melodia	0.279942	0.286057	0.291805	0.321947	0.327414	0.310059	0.311708	0.355018	0.325866	0.405735	0.390732	0.295579	0.264958	0.279421	0.272769	0.268721	0.270739	0.272846	0.293426	0.288258	0.280038	0.290693	0.282437	0.314244	0.286016	0.290486	0.275699	0.309871	0.314705	0.294304	0.294364	0.301586	0.303631	0.274784	0.27277	0.276837	0.274784	0.274783	0.270074	0.285087	0.263591	0.273727	0.273754	0.27776	0.269618	0.375542	0.390822	0.395648	0.397645	0.392816	0.403869	0.405587	0.428454	0.408117	0.341693	0.352142	0.443599	0.498607	0.382931	0.321661	0.328072	0.345753	0.371773	0.342118	0.314587	0.350855	0.269738	0.270341	0.269286	0.319623	0.317607	0.321633	0.34602	0.332734	0.334562	0.255821	0.2217	0.228321	0.241957	0.229009	0.223579	0.219611	0.193713	0.241248	0.228381	0.220994	0.251926	0.236513	0.255351	0.221137	0.214444	0.231912	0.177008	0.18514	0.220866	0.191292	0.201812	0.238941	0.199616	0.19926	0.212152	0.207772	0.201274	0.202328	0.234325	0.210982	0.205733	0.190918	0.209596	0.208174	0.210084	0.162248	0.148874	0.153376	0.174237	0.15972	0.163668	0.170295	0.169765	0.181251	0.161298	0.161174	0.157178	0.157178	0.178445	0.149212	0.167228	0.169698	0.156767	0.167182	0.168304	0.14478	0.165972	0.1585	0.173502	0.154504	0.175333	0.175659	0.151173	0.147858	0.165771	0.173693	0.15895	0.151448	0.16067	0.15389	0.160238	0.140824	0.164553	0.148379	0.161404	0.137332	0.147483	0.139171	0.149418	0.162201	0.142786	0.148891	0.161777	0.159206	0.162938	0.144226	0.150381	0.161729	0.148323	0.13805	0.150579	0.154677	0.138299	0.14907	0.154799	0.159583	0.178094	0.166309	0.159793	0.163797	0.165725	0.138914	0.136287	0.170937	0.165902	0.154922	0.154922	0.18627	0.179387	0.13094	0.130247	0.118831	0.130184	0.117867	0.126475	0.0945806	0.102655	0.0991708	0.10424	0.106843	0.104575	0.115336	0.0862351	0.0818637	0.0906402	0.0689354	0.109807	0.100907	0.08826	0.0894387	0.0892672	0.0915956	0.0795698	0.0652587	0.0673507	0.0529142	0	0.0473021	0.0537083	0.0777653	0.0775102	0.0815745	0.0856214	0.0942	0.096173	0.0960108	0.0939669	0.096003	0.11858	0.135856	0.1288	0.157268	0.167859	0.175968	0.167589	0.159384	0.168686	0.165277	0.149606	0.182867	0.163991	0.176147	0.178576	0.173519	0.150469	0.152618	0.1513	0.149978	0.137055	0.135263	0.139384	0.20937	0.326566	0.328891	0.306411	0.37132	0.386422	0.340908	0.377019	0.385372	0.350869	0.288874	0.292633	0.32834	0.349953	0.339383	0.334922	0.392551	0.389668	0.363116	0.396211	0.384463	0.327975	0.303296	0.290405	0.295276	0.31964	0.306398	0.314749	0.291549	0.290581	0.283095	0.293839	0.327054	0.3207	0.322518	0.356917	0.333291	0.35258	0.34802	0.350535	0.446656	0.303427	0.328665	0.337694	0.309647	0.322434	0.301178	0.299165	0.299169	0.325427	0.337922	0.313983	0.320115	0.305886	0.328039	0.31841	0.323509	0.377694	0.383474	0.374171	0.38324	0.347735	0.3539	0.380966	0.344467	0.330579	0.3432	0.338379	0.346914	0.309207	0.305365	0.292999	0.306181	0.306232	0.375057	0.367796	0.369767	0.36213	0.359685
Junco_hyemalis	0.278441	0.284556	0.290305	0.320447	0.325914	0.308558	0.310208	0.353518	0.324365	0.404235	0.389232	0.294079	0.263457	0.277921	0.271269	0.267221	0.269238	0.271345	0.291925	0.286757	0.278538	0.289193	0.280936	0.312744	0.284515	0.288985	0.274198	0.30837	0.313204	0.292804	0.292863	0.300085	0.30213	0.273284	0.27127	0.275336	0.273284	0.273283	0.268574	0.283587	0.26209	0.272227	0.272254	0.27626	0.268118	0.374041	0.389322	0.394148	0.396145	0.391315	0.402368	0.404087	0.426954	0.406616	0.340192	0.350641	0.442099	0.497107	0.38143	0.32016	0.326571	0.344253	0.370272	0.340618	0.313086	0.349355	0.268238	0.26884	0.267786	0.318123	0.316106	0.320133	0.34452	0.331234	0.333061	0.254321	0.2202	0.226821	0.240457	0.227509	0.222078	0.218111	0.192213	0.239748	0.226881	0.219493	0.250425	0.235013	0.253851	0.219637	0.212944	0.230412	0.175508	0.18364	0.219365	0.189792	0.200311	0.237441	0.198115	0.197759	0.210651	0.206272	0.199773	0.200827	0.232825	0.209482	0.204232	0.189418	0.208095	0.206674	0.208584	0.160747	0.147374	0.151876	0.172736	0.15822	0.162167	0.168795	0.168265	0.179751	0.159798	0.159674	0.155678	0.155678	0.176945	0.147712	0.165728	0.168198	0.155267	0.165682	0.166803	0.14328	0.164472	0.157	0.172002	0.153003	0.173833	0.174158	0.149673	0.146357	0.164271	0.172193	0.15745	0.149947	0.159169	0.15239	0.158737	0.139324	0.163052	0.146878	0.159903	0.135832	0.145982	0.137671	0.147918	0.1607	0.141286	0.147391	0.160277	0.157705	0.161438	0.142725	0.148881	0.160229	0.146822	0.13655	0.149079	0.153176	0.136798	0.14757	0.153299	0.158082	0.176593	0.164809	0.158292	0.162297	0.164225	0.137413	0.134787	0.169437	0.164402	0.153421	0.153421	0.18477	0.177887	0.129439	0.128746	0.117331	0.128684	0.116366	0.124975	0.0930801	0.101155	0.0976704	0.102739	0.105343	0.103075	0.113835	0.0847347	0.0803633	0.0891397	0.067435	0.108307	0.0994069	0.0867595	0.0879382	0.0877668	0.0900951	0.0780693	0.0637583	0.0658503	0.0514138	0.0473021	0	0.0374646	0.0762648	0.0760098	0.080074	0.084121	0.0926996	0.0946726	0.0945103	0.0924665	0.0945026	0.11708	0.134355	0.1273	0.155768	0.166359	0.174467	0.166088	0.157884	0.167186	0.163777	0.148105	0.181366	0.16249	0.174646	0.177076	0.172019	0.148968	0.151118	0.149799	0.148478	0.135555	0.133763	0.137884	0.20787	0.325065	0.32739	0.304911	0.36982	0.384921	0.339408	0.375518	0.383872	0.349369	0.287373	0.291132	0.32684	0.348453	0.337883	0.333421	0.391051	0.388168	0.361616	0.39471	0.382963	0.326474	0.301795	0.288905	0.293776	0.31814	0.304897	0.313249	0.290049	0.28908	0.281594	0.292338	0.325554	0.3192	0.321018	0.355417	0.33179	0.35108	0.34652	0.349034	0.445155	0.301927	0.327164	0.336194	0.308146	0.320934	0.299677	0.297665	0.297668	0.323927	0.336422	0.312483	0.318614	0.304386	0.326538	0.316909	0.322009	0.376194	0.381974	0.37267	0.381739	0.346235	0.3524	0.379466	0.342967	0.329078	0.3417	0.336878	0.345413	0.307706	0.303865	0.291498	0.304681	0.304732	0.373556	0.366295	0.368267	0.360629	0.358185
Zonotrichia_albicollis	0.284848	0.290962	0.296711	0.326853	0.33232	0.314964	0.316614	0.359924	0.330772	0.410641	0.395638	0.300485	0.269864	0.284327	0.277675	0.273627	0.275644	0.277751	0.298331	0.293163	0.284944	0.295599	0.287343	0.31915	0.290922	0.295392	0.280605	0.314777	0.319611	0.29921	0.29927	0.306491	0.308537	0.27969	0.277676	0.281743	0.27969	0.279689	0.27498	0.289993	0.268497	0.278633	0.27866	0.282666	0.274524	0.380448	0.395728	0.400554	0.402551	0.397722	0.408775	0.410493	0.43336	0.413023	0.346599	0.357048	0.448505	0.503513	0.387837	0.326567	0.332978	0.350659	0.376679	0.347024	0.319493	0.355761	0.274644	0.275247	0.274192	0.324529	0.322513	0.326539	0.350926	0.33764	0.339468	0.260727	0.226606	0.233227	0.246863	0.233915	0.228485	0.224517	0.198619	0.246154	0.233287	0.225899	0.256831	0.241419	0.260257	0.226043	0.21935	0.236818	0.181914	0.190046	0.225772	0.196198	0.206718	0.243847	0.204521	0.204166	0.217058	0.212678	0.20618	0.207233	0.239231	0.215888	0.210639	0.195824	0.214501	0.21308	0.21499	0.167153	0.15378	0.158282	0.179143	0.164626	0.168573	0.175201	0.174671	0.186157	0.166204	0.16608	0.162084	0.162084	0.183351	0.154118	0.172134	0.174604	0.161673	0.172088	0.17321	0.149686	0.170878	0.163406	0.178408	0.159409	0.180239	0.180565	0.156079	0.152764	0.170677	0.178599	0.163856	0.156354	0.165576	0.158796	0.165144	0.14573	0.169459	0.153284	0.16631	0.142238	0.152389	0.144077	0.154324	0.167106	0.147692	0.153797	0.166683	0.164112	0.167844	0.149132	0.155287	0.166635	0.153229	0.142956	0.155485	0.159583	0.143205	0.153976	0.159705	0.164489	0.182999	0.171215	0.164698	0.168703	0.170631	0.143819	0.141193	0.175843	0.170808	0.159828	0.159827	0.191176	0.184293	0.135846	0.135152	0.123737	0.13509	0.122773	0.131381	0.0994864	0.107561	0.104077	0.109146	0.111749	0.109481	0.120242	0.0911409	0.0867695	0.095546	0.0738412	0.114713	0.105813	0.0931658	0.0943445	0.094173	0.0965014	0.0844756	0.0701646	0.0722566	0.0578201	0.0537083	0.0374646	0	0.0826711	0.0824161	0.0864803	0.0905273	0.0991059	0.101079	0.100917	0.0988727	0.100909	0.123486	0.140761	0.133706	0.162174	0.172765	0.180873	0.172495	0.16429	0.173592	0.170183	0.154512	0.187773	0.168897	0.181052	0.183482	0.178425	0.155374	0.157524	0.156205	0.154884	0.141961	0.140169	0.14429	0.214276	0.331472	0.333796	0.311317	0.376226	0.391328	0.345814	0.381925	0.390278	0.355775	0.293779	0.297539	0.333246	0.354859	0.344289	0.339828	0.397457	0.394574	0.368022	0.401117	0.389369	0.332881	0.308202	0.295311	0.300182	0.324546	0.311303	0.319655	0.296455	0.295486	0.288001	0.298745	0.33196	0.325606	0.327424	0.361823	0.338197	0.357486	0.352926	0.355441	0.451561	0.308333	0.33357	0.3426	0.314552	0.32734	0.306083	0.304071	0.304075	0.330333	0.342828	0.318889	0.32502	0.310792	0.332945	0.323316	0.328415	0.3826	0.38838	0.379076	0.388145	0.352641	0.358806	0.385872	0.349373	0.335484	0.348106	0.343284	0.35182	0.314113	0.310271	0.297905	0.311087	0.311138	0.379963	0.372702	0.374673	0.367036	0.364591
Calcarius_ornatus	0.263261	0.269376	0.275124	0.305266	0.310733	0.293378	0.295027	0.338337	0.309185	0.389054	0.374051	0.278898	0.248277	0.26274	0.256088	0.25204	0.254058	0.256165	0.276745	0.271577	0.263357	0.274012	0.265756	0.297563	0.269335	0.273805	0.259018	0.29319	0.298024	0.277623	0.277683	0.284905	0.28695	0.258103	0.256089	0.260156	0.258103	0.258102	0.253393	0.268406	0.24691	0.257046	0.257073	0.261079	0.252937	0.358861	0.374141	0.378967	0.380964	0.376135	0.387188	0.388906	0.411773	0.391436	0.325012	0.335461	0.426918	0.481926	0.36625	0.30498	0.311391	0.329072	0.355092	0.325437	0.297906	0.334174	0.253057	0.25366	0.252605	0.302942	0.300926	0.304953	0.329339	0.316053	0.317881	0.23914	0.205019	0.21164	0.225276	0.212328	0.206898	0.20293	0.177032	0.224567	0.2117	0.204313	0.235245	0.219832	0.23867	0.204456	0.197764	0.215232	0.160327	0.168459	0.204185	0.174611	0.185131	0.22226	0.182935	0.182579	0.195471	0.191091	0.184593	0.185647	0.217644	0.194302	0.189052	0.174238	0.192915	0.191493	0.193403	0.145567	0.132193	0.136695	0.157556	0.143039	0.146987	0.153614	0.153084	0.16457	0.144617	0.144493	0.140497	0.140497	0.161764	0.132531	0.150547	0.153017	0.140086	0.150502	0.151623	0.128099	0.149291	0.141819	0.156821	0.137823	0.158652	0.158978	0.134493	0.131177	0.14909	0.157012	0.142269	0.134767	0.143989	0.137209	0.143557	0.124144	0.147872	0.131698	0.144723	0.120651	0.130802	0.12249	0.132737	0.14552	0.126105	0.132211	0.145096	0.142525	0.146257	0.127545	0.1337	0.145048	0.131642	0.121369	0.133899	0.137996	0.121618	0.132389	0.138118	0.142902	0.161413	0.149628	0.143112	0.147116	0.149044	0.122233	0.119606	0.154256	0.149221	0.138241	0.138241	0.169589	0.162706	0.114259	0.113566	0.10215	0.113504	0.101186	0.109794	0.0778996	0.0859742	0.0824899	0.087559	0.0901623	0.0878944	0.098655	0.0695542	0.0651828	0.0739592	0.056948	0.09782	0.0889199	0.0832826	0.0844612	0.0842898	0.0866181	0.0756168	0.0613058	0.0633978	0.0698752	0.0777653	0.0762648	0.0826711	0	0.0569919	0.0610561	0.0651031	0.0775191	0.0794921	0.0793298	0.077286	0.0793221	0.101899	0.119175	0.112119	0.140587	0.151178	0.159287	0.150908	0.142703	0.152005	0.148596	0.132925	0.166186	0.14731	0.159466	0.161895	0.156838	0.133788	0.135937	0.134619	0.133297	0.120374	0.118582	0.122703	0.192689	0.309885	0.31221	0.28973	0.354639	0.369741	0.324227	0.360338	0.368691	0.334188	0.272193	0.275952	0.311659	0.333272	0.322702	0.318241	0.37587	0.372988	0.346435	0.37953	0.367782	0.311294	0.286615	0.273724	0.278595	0.302959	0.289717	0.298068	0.274868	0.2739	0.266414	0.277158	0.310373	0.304019	0.305837	0.340236	0.31661	0.335899	0.331339	0.333854	0.429975	0.286746	0.311984	0.321013	0.292966	0.305754	0.284497	0.282484	0.282488	0.308746	0.321241	0.297302	0.303434	0.289206	0.311358	0.301729	0.306828	0.361013	0.366793	0.35749	0.366559	0.331054	0.33722	0.364285	0.327786	0.313898	0.326519	0.321698	0.330233	0.292526	0.288684	0.276318	0.2895	0.289551	0.358376	0.351115	0.353086	0.345449	0.343004
Agelaius_phoeniceus	0.263006	0.269121	0.274869	0.305011	0.310478	0.293123	0.294772	0.338082	0.30893	0.388799	0.373796	0.278643	0.248022	0.262485	0.255833	0.251785	0.253803	0.25591	0.27649	0.271322	0.263102	0.273757	0.265501	0.297308	0.26908	0.27355	0.258763	0.292935	0.297769	0.277368	0.277428	0.28465	0.286695	0.257848	0.255834	0.259901	0.257848	0.257847	0.253138	0.268151	0.246655	0.256791	0.256818	0.260824	0.252682	0.358606	0.373886	0.378712	0.380709	0.37588	0.386933	0.388651	0.411518	0.391181	0.324757	0.335206	0.426663	0.481671	0.365995	0.304725	0.311136	0.328817	0.354837	0.325182	0.297651	0.333919	0.252802	0.253405	0.25235	0.302687	0.300671	0.304698	0.329084	0.315798	0.317626	0.238885	0.204764	0.211385	0.225021	0.212073	0.206643	0.202675	0.176777	0.224312	0.211445	0.204058	0.23499	0.219577	0.238415	0.204201	0.197509	0.214976	0.160072	0.168204	0.20393	0.174356	0.184876	0.222005	0.18268	0.182324	0.195216	0.190836	0.184338	0.185392	0.217389	0.194047	0.188797	0.173983	0.19266	0.191238	0.193148	0.145312	0.131938	0.13644	0.157301	0.142784	0.146732	0.153359	0.152829	0.164315	0.144362	0.144238	0.140242	0.140242	0.161509	0.132276	0.150292	0.152762	0.139831	0.150246	0.151368	0.127844	0.149036	0.141564	0.156566	0.137568	0.158397	0.158723	0.134238	0.130922	0.148835	0.156757	0.142014	0.134512	0.143734	0.136954	0.143302	0.123889	0.147617	0.131443	0.144468	0.120396	0.130547	0.122235	0.132482	0.145265	0.12585	0.131955	0.144841	0.14227	0.146002	0.12729	0.133445	0.144793	0.131387	0.121114	0.133644	0.137741	0.121363	0.132134	0.137863	0.142647	0.161158	0.149373	0.142857	0.146861	0.148789	0.121978	0.119351	0.154001	0.148966	0.137986	0.137986	0.169334	0.162451	0.114004	0.113311	0.101895	0.113248	0.100931	0.109539	0.0776446	0.0857192	0.0822348	0.087304	0.0899073	0.0876394	0.0984	0.0692991	0.0649277	0.0737042	0.0566929	0.097565	0.0886649	0.0830275	0.0842062	0.0840348	0.0863631	0.0753618	0.0610507	0.0631427	0.0696202	0.0775102	0.0760098	0.0824161	0.0569919	0	0.0160668	0.0201194	0.0772641	0.0792371	0.0790748	0.077031	0.0790671	0.101644	0.11892	0.111864	0.140332	0.150923	0.159032	0.150653	0.142448	0.15175	0.148341	0.13267	0.165931	0.147055	0.159211	0.16164	0.156583	0.133533	0.135682	0.134364	0.133042	0.120119	0.118327	0.122448	0.192434	0.30963	0.311955	0.289475	0.354384	0.369486	0.323972	0.360083	0.368436	0.333933	0.271938	0.275697	0.311404	0.333017	0.322447	0.317986	0.375615	0.372733	0.34618	0.379275	0.367527	0.311039	0.28636	0.273469	0.27834	0.302704	0.289462	0.297813	0.274613	0.273645	0.266159	0.276903	0.310118	0.303764	0.305582	0.339981	0.316355	0.335644	0.331084	0.333599	0.42972	0.286491	0.311729	0.320758	0.292711	0.305499	0.284242	0.282229	0.282233	0.308491	0.320986	0.297047	0.303179	0.28895	0.311103	0.301474	0.306573	0.360758	0.366538	0.357235	0.366304	0.330799	0.336964	0.36403	0.327531	0.313643	0.326264	0.321443	0.329978	0.292271	0.288429	0.276063	0.289245	0.289296	0.358121	0.35086	0.352831	0.345194	0.342749
Molothrus_ater	0.26707	0.273185	0.278933	0.309076	0.314543	0.297187	0.298836	0.342146	0.312994	0.392864	0.377861	0.282707	0.252086	0.266549	0.259897	0.25585	0.257867	0.259974	0.280554	0.275386	0.267167	0.277821	0.269565	0.301373	0.273144	0.277614	0.262827	0.296999	0.301833	0.281432	0.281492	0.288714	0.290759	0.261913	0.259899	0.263965	0.261912	0.261911	0.257202	0.272215	0.250719	0.260855	0.260883	0.264889	0.256746	0.36267	0.37795	0.382777	0.384773	0.379944	0.390997	0.392716	0.415582	0.395245	0.328821	0.33927	0.430727	0.485736	0.370059	0.308789	0.3152	0.332881	0.358901	0.329246	0.301715	0.337984	0.256866	0.257469	0.256415	0.306752	0.304735	0.308762	0.333148	0.319862	0.32169	0.24295	0.208829	0.21545	0.229085	0.216137	0.210707	0.206739	0.180842	0.228376	0.21551	0.208122	0.239054	0.223642	0.242479	0.208266	0.201573	0.219041	0.164137	0.172269	0.207994	0.178421	0.18894	0.226069	0.186744	0.186388	0.19928	0.1949	0.188402	0.189456	0.221454	0.198111	0.192861	0.178047	0.196724	0.195302	0.197212	0.149376	0.136003	0.140504	0.161365	0.146848	0.150796	0.157424	0.156893	0.16838	0.148427	0.148303	0.144307	0.144307	0.165573	0.13634	0.154356	0.156827	0.143895	0.154311	0.155432	0.131909	0.153101	0.145628	0.16063	0.141632	0.162462	0.162787	0.138302	0.134986	0.152899	0.160822	0.146078	0.138576	0.147798	0.141018	0.147366	0.127953	0.151681	0.135507	0.148532	0.12446	0.134611	0.126299	0.136546	0.149329	0.129915	0.13602	0.148905	0.146334	0.150067	0.131354	0.13751	0.148857	0.135451	0.125178	0.137708	0.141805	0.125427	0.136198	0.141928	0.146711	0.165222	0.153437	0.146921	0.150925	0.152854	0.126042	0.123415	0.158066	0.153031	0.14205	0.14205	0.173398	0.166515	0.118068	0.117375	0.105959	0.117313	0.104995	0.113604	0.0817088	0.0897834	0.0862991	0.0913682	0.0939716	0.0917037	0.102464	0.0733634	0.068992	0.0777684	0.0607572	0.101629	0.0927291	0.0870918	0.0882705	0.088099	0.0904273	0.079426	0.065115	0.067207	0.0736845	0.0815745	0.080074	0.0864803	0.0610561	0.0160668	0	0.0241836	0.0813283	0.0833013	0.0831391	0.0810952	0.0831313	0.105709	0.122984	0.115928	0.144396	0.154987	0.163096	0.154717	0.146512	0.155814	0.152405	0.136734	0.169995	0.151119	0.163275	0.165705	0.160647	0.137597	0.139746	0.138428	0.137107	0.124183	0.122391	0.126512	0.196499	0.313694	0.316019	0.293539	0.358448	0.37355	0.328036	0.364147	0.3725	0.337998	0.276002	0.279761	0.315469	0.337082	0.326512	0.32205	0.379679	0.376797	0.350244	0.383339	0.371591	0.315103	0.290424	0.277533	0.282404	0.306769	0.293526	0.301878	0.278677	0.277709	0.270223	0.280967	0.314183	0.307829	0.309646	0.344045	0.320419	0.339709	0.335148	0.337663	0.433784	0.290555	0.315793	0.324822	0.296775	0.309563	0.288306	0.286294	0.286297	0.312555	0.32505	0.301112	0.307243	0.293015	0.315167	0.305538	0.310637	0.364822	0.370602	0.361299	0.370368	0.334863	0.341029	0.368095	0.331595	0.317707	0.330329	0.325507	0.334042	0.296335	0.292493	0.280127	0.29331	0.29336	0.362185	0.354924	0.356896	0.349258	0.346813
Quiscalus_mexicanus	0.271117	0.277232	0.28298	0.313123	0.31859	0.301234	0.302883	0.346193	0.317041	0.396911	0.381908	0.286754	0.256133	0.270596	0.263944	0.259897	0.261914	0.264021	0.284601	0.279433	0.271214	0.281868	0.273612	0.30542	0.277191	0.281661	0.266874	0.301046	0.30588	0.285479	0.285539	0.292761	0.294806	0.265959	0.263946	0.268012	0.265959	0.265958	0.261249	0.276262	0.254766	0.264902	0.264929	0.268935	0.260793	0.366717	0.381997	0.386824	0.38882	0.383991	0.395044	0.396763	0.419629	0.399292	0.332868	0.343317	0.434774	0.489783	0.374106	0.312836	0.319247	0.336928	0.362948	0.333293	0.305762	0.342031	0.260913	0.261516	0.260462	0.310799	0.308782	0.312809	0.337195	0.323909	0.325737	0.246997	0.212876	0.219497	0.233132	0.220184	0.214754	0.210786	0.184889	0.232423	0.219557	0.212169	0.243101	0.227688	0.246526	0.212313	0.20562	0.223088	0.168184	0.176316	0.212041	0.182468	0.192987	0.230116	0.190791	0.190435	0.203327	0.198947	0.192449	0.193503	0.225501	0.202158	0.196908	0.182094	0.200771	0.199349	0.201259	0.153423	0.14005	0.144551	0.165412	0.150895	0.154843	0.16147	0.16094	0.172427	0.152474	0.15235	0.148354	0.148354	0.16962	0.140387	0.158403	0.160874	0.147942	0.158358	0.159479	0.135956	0.157148	0.149675	0.164677	0.145679	0.166509	0.166834	0.142349	0.139033	0.156946	0.164869	0.150125	0.142623	0.151845	0.145065	0.151413	0.132	0.155728	0.139554	0.152579	0.128507	0.138658	0.130346	0.140593	0.153376	0.133962	0.140067	0.152952	0.150381	0.154113	0.135401	0.141556	0.152904	0.139498	0.129225	0.141755	0.145852	0.129474	0.140245	0.145974	0.150758	0.169269	0.157484	0.150968	0.154972	0.1569	0.130089	0.127462	0.162113	0.157078	0.146097	0.146097	0.177445	0.170562	0.122115	0.121422	0.110006	0.12136	0.109042	0.117651	0.0857558	0.0938304	0.090346	0.0954152	0.0980185	0.0957506	0.106511	0.0774103	0.0730389	0.0818154	0.0648041	0.105676	0.0967761	0.0911387	0.0923174	0.092146	0.0944743	0.083473	0.0691619	0.0712539	0.0777314	0.0856214	0.084121	0.0905273	0.0651031	0.0201194	0.0241836	0	0.0853753	0.0873483	0.087186	0.0851422	0.0871783	0.109756	0.127031	0.119975	0.148443	0.159034	0.167143	0.158764	0.150559	0.159861	0.156452	0.140781	0.174042	0.155166	0.167322	0.169751	0.164694	0.141644	0.143793	0.142475	0.141154	0.12823	0.126438	0.130559	0.200545	0.317741	0.320066	0.297586	0.362495	0.377597	0.332083	0.368194	0.376547	0.342045	0.280049	0.283808	0.319516	0.341128	0.330559	0.326097	0.383726	0.380844	0.354291	0.387386	0.375638	0.31915	0.294471	0.28158	0.286451	0.310815	0.297573	0.305925	0.282724	0.281756	0.27427	0.285014	0.31823	0.311876	0.313693	0.348092	0.324466	0.343756	0.339195	0.34171	0.437831	0.294602	0.31984	0.328869	0.300822	0.31361	0.292353	0.290341	0.290344	0.316602	0.329097	0.305159	0.31129	0.297062	0.319214	0.309585	0.314684	0.368869	0.374649	0.365346	0.374415	0.33891	0.345076	0.372142	0.335642	0.321754	0.334376	0.329554	0.338089	0.300382	0.29654	0.284174	0.297357	0.297407	0.366232	0.358971	0.360942	0.353305	0.35086
Chlorodrepanis_virens	0.271626	0.277741	0.283489	0.313631	0.319098	0.301743	0.303392	0.346702	0.31755	0.397419	0.382416	0.287263	0.256642	0.271105	0.264453	0.260405	0.262423	0.26453	0.28511	0.279942	0.271722	0.282377	0.274121	0.305928	0.2777	0.28217	0.267383	0.301555	0.306389	0.285988	0.286048	0.29327	0.295315	0.266468	0.264454	0.268521	0.266468	0.266467	0.261758	0.276771	0.255275	0.265411	0.265438	0.269444	0.261302	0.367226	0.382506	0.387332	0.389329	0.3845	0.395553	0.397271	0.420138	0.399801	0.333377	0.343826	0.435283	0.490291	0.374615	0.313345	0.319756	0.337437	0.363457	0.333802	0.306271	0.342539	0.261422	0.262025	0.26097	0.311307	0.309291	0.313318	0.337704	0.324418	0.326246	0.247505	0.213384	0.220005	0.233641	0.220693	0.215263	0.211295	0.185397	0.232932	0.220065	0.212678	0.24361	0.228197	0.247035	0.212821	0.206129	0.223597	0.168692	0.176824	0.21255	0.182976	0.193496	0.230625	0.1913	0.190944	0.203836	0.199456	0.192958	0.194012	0.226009	0.202667	0.197417	0.182603	0.20128	0.199858	0.201768	0.153932	0.140558	0.14506	0.165921	0.151404	0.155352	0.161979	0.161449	0.172935	0.152982	0.152858	0.148862	0.148862	0.170129	0.140896	0.158912	0.161382	0.148451	0.158866	0.159988	0.136464	0.157656	0.150184	0.165186	0.146188	0.167017	0.167343	0.142858	0.139542	0.157455	0.165377	0.150634	0.143132	0.152354	0.145574	0.151922	0.132509	0.156237	0.140063	0.153088	0.129016	0.139167	0.130855	0.141102	0.153885	0.13447	0.140575	0.153461	0.15089	0.154622	0.13591	0.142065	0.153413	0.140007	0.129734	0.142264	0.146361	0.129983	0.140754	0.146483	0.151267	0.169778	0.157993	0.151477	0.155481	0.157409	0.130598	0.127971	0.162621	0.157586	0.146606	0.146606	0.177954	0.171071	0.122624	0.121931	0.110515	0.121868	0.109551	0.118159	0.0862646	0.0943392	0.0908549	0.095924	0.0985273	0.0962594	0.10702	0.0819878	0.0776164	0.0863988	0.0733827	0.114255	0.105355	0.0997173	0.100896	0.100725	0.103053	0.0920516	0.0777405	0.0798325	0.08631	0.0942	0.0926996	0.0991059	0.0775191	0.0772641	0.0813283	0.0853753	0	0.00599463	0.0385163	0.0364725	0.0385086	0.110264	0.12754	0.120484	0.148952	0.159543	0.167652	0.159273	0.151068	0.16037	0.156961	0.14129	0.174551	0.155675	0.167831	0.17026	0.165203	0.142153	0.144302	0.142984	0.141662	0.128739	0.126947	0.131068	0.201054	0.31825	0.320575	0.298095	0.363004	0.378106	0.332592	0.368703	0.377056	0.342553	0.280558	0.284317	0.320024	0.341637	0.331067	0.326606	0.384235	0.381353	0.3548	0.387895	0.376147	0.319659	0.29498	0.282089	0.28696	0.311324	0.298082	0.306433	0.283233	0.282265	0.274779	0.285523	0.318738	0.312384	0.314202	0.348601	0.324975	0.344264	0.339704	0.342219	0.43834	0.295111	0.320349	0.329378	0.301331	0.314119	0.292862	0.290849	0.290853	0.317111	0.329606	0.305667	0.311799	0.29757	0.319723	0.310094	0.315193	0.369378	0.375158	0.365855	0.374924	0.339419	0.345584	0.37265	0.336151	0.322263	0.334884	0.330063	0.338598	0.300891	0.297049	0.284683	0.297865	0.297916	0.366741	0.35948	0.361451	0.353814	0.351369
Hemignathus_wilsoni	0.273599	0.279714	0.285462	0.315604	0.321071	0.303716	0.305365	0.348675	0.319523	0.399392	0.384389	0.289236	0.258615	0.273078	0.266426	0.262378	0.264396	0.266503	0.287083	0.281915	0.273695	0.28435	0.276094	0.307901	0.279673	0.284143	0.269356	0.303528	0.308362	0.287961	0.288021	0.295243	0.297288	0.268441	0.266427	0.270494	0.268441	0.26844	0.263731	0.278744	0.257248	0.267384	0.267411	0.271417	0.263275	0.369199	0.384479	0.389305	0.391302	0.386473	0.397526	0.399244	0.422111	0.401774	0.33535	0.345799	0.437256	0.492264	0.376588	0.315318	0.321729	0.33941	0.36543	0.335775	0.308244	0.344512	0.263395	0.263998	0.262944	0.31328	0.311264	0.315291	0.339677	0.326391	0.328219	0.249478	0.215357	0.221978	0.235614	0.222666	0.217236	0.213268	0.18737	0.234905	0.222038	0.214651	0.245583	0.23017	0.249008	0.214794	0.208102	0.22557	0.170665	0.178797	0.214523	0.184949	0.195469	0.232598	0.193273	0.192917	0.205809	0.201429	0.194931	0.195985	0.227982	0.20464	0.19939	0.184576	0.203253	0.201831	0.203741	0.155905	0.142531	0.147033	0.167894	0.153377	0.157325	0.163952	0.163422	0.174908	0.154955	0.154831	0.150835	0.150835	0.172102	0.142869	0.160885	0.163355	0.150424	0.16084	0.161961	0.138437	0.159629	0.152157	0.167159	0.148161	0.16899	0.169316	0.144831	0.141515	0.159428	0.16735	0.152607	0.145105	0.154327	0.147547	0.153895	0.134482	0.15821	0.142036	0.155061	0.130989	0.14114	0.132828	0.143075	0.155858	0.136443	0.142549	0.155434	0.152863	0.156595	0.137883	0.144038	0.155386	0.14198	0.131707	0.144237	0.148334	0.131956	0.142727	0.148456	0.15324	0.171751	0.159966	0.15345	0.157454	0.159382	0.132571	0.129944	0.164594	0.159559	0.148579	0.148579	0.179927	0.173044	0.124597	0.123904	0.112488	0.123842	0.111524	0.120132	0.0882376	0.0963122	0.0928279	0.097897	0.1005	0.0982325	0.108993	0.0839608	0.0795894	0.0883718	0.0753558	0.116228	0.107328	0.10169	0.102869	0.102698	0.105026	0.0940246	0.0797136	0.0818056	0.088283	0.096173	0.0946726	0.101079	0.0794921	0.0792371	0.0833013	0.0873483	0.00599463	0	0.0404893	0.0384455	0.0404816	0.112237	0.129513	0.122457	0.150925	0.161516	0.169625	0.161246	0.153041	0.162343	0.158934	0.143263	0.176524	0.157648	0.169804	0.172233	0.167176	0.144126	0.146275	0.144957	0.143635	0.130712	0.12892	0.133041	0.203027	0.320223	0.322548	0.300068	0.364977	0.380079	0.334565	0.370676	0.379029	0.344527	0.282531	0.28629	0.321997	0.34361	0.33304	0.328579	0.386208	0.383326	0.356773	0.389868	0.37812	0.321632	0.296953	0.284062	0.288933	0.313297	0.300055	0.308406	0.285206	0.284238	0.276752	0.287496	0.320711	0.314357	0.316175	0.350574	0.326948	0.346237	0.341677	0.344192	0.440313	0.297084	0.322322	0.331351	0.303304	0.316092	0.294835	0.292822	0.292826	0.319084	0.331579	0.30764	0.313772	0.299544	0.321696	0.312067	0.317166	0.371351	0.377131	0.367828	0.376897	0.341392	0.347558	0.374623	0.338124	0.324236	0.336857	0.332036	0.340571	0.302864	0.299022	0.286656	0.299838	0.299889	0.368714	0.361453	0.363424	0.355787	0.353342
Serinus_canaria	0.273437	0.279551	0.2853	0.315442	0.320909	0.303553	0.305203	0.348513	0.319361	0.39923	0.384227	0.289074	0.258452	0.272916	0.266264	0.262216	0.264233	0.26634	0.28692	0.281752	0.273533	0.284188	0.275932	0.307739	0.27951	0.283981	0.269193	0.303366	0.3082	0.287799	0.287859	0.29508	0.297126	0.268279	0.266265	0.270332	0.268279	0.268278	0.263569	0.278582	0.257086	0.267222	0.267249	0.271255	0.263113	0.369037	0.384317	0.389143	0.39114	0.38631	0.397364	0.399082	0.421949	0.401612	0.335188	0.345637	0.437094	0.492102	0.376426	0.315156	0.321566	0.339248	0.365268	0.335613	0.308081	0.34435	0.263233	0.263836	0.262781	0.313118	0.311102	0.315128	0.339515	0.326229	0.328057	0.249316	0.215195	0.221816	0.235452	0.222504	0.217074	0.213106	0.187208	0.234743	0.221876	0.214488	0.24542	0.230008	0.248846	0.214632	0.207939	0.225407	0.170503	0.178635	0.214361	0.184787	0.195307	0.232436	0.19311	0.192755	0.205647	0.201267	0.194769	0.195822	0.22782	0.204477	0.199228	0.184413	0.20309	0.201669	0.203579	0.155742	0.142369	0.146871	0.167732	0.153215	0.157162	0.16379	0.16326	0.174746	0.154793	0.154669	0.150673	0.150673	0.17194	0.142707	0.160723	0.163193	0.150262	0.160677	0.161799	0.138275	0.159467	0.151995	0.166997	0.147998	0.168828	0.169154	0.144668	0.141352	0.159266	0.167188	0.152445	0.144943	0.154165	0.147385	0.153733	0.134319	0.158048	0.141873	0.154899	0.130827	0.140978	0.132666	0.142913	0.155695	0.136281	0.142386	0.155272	0.152701	0.156433	0.137721	0.143876	0.155224	0.141818	0.131545	0.144074	0.148171	0.131794	0.142565	0.148294	0.153078	0.171588	0.159804	0.153287	0.157292	0.15922	0.132408	0.129782	0.164432	0.159397	0.148417	0.148416	0.179765	0.172882	0.124435	0.123741	0.112326	0.123679	0.111362	0.11997	0.0880754	0.0961499	0.0926656	0.0977347	0.100338	0.0980702	0.108831	0.0837985	0.0794271	0.0882095	0.0751935	0.116066	0.107165	0.101528	0.102707	0.102535	0.104864	0.0938623	0.0795513	0.0816433	0.0881208	0.0960108	0.0945103	0.100917	0.0793298	0.0790748	0.0831391	0.087186	0.0385163	0.0404893	0	0.0222042	0.0242403	0.112075	0.12935	0.122295	0.150763	0.161354	0.169462	0.161084	0.152879	0.162181	0.158772	0.143101	0.176362	0.157486	0.169641	0.172071	0.167014	0.143963	0.146113	0.144794	0.143473	0.13055	0.128758	0.132879	0.202865	0.320061	0.322385	0.299906	0.364815	0.379917	0.334403	0.370514	0.378867	0.344364	0.282368	0.286128	0.321835	0.343448	0.332878	0.328416	0.386046	0.383163	0.356611	0.389706	0.377958	0.321469	0.296791	0.2839	0.288771	0.313135	0.299892	0.308244	0.285044	0.284075	0.27659	0.287334	0.320549	0.314195	0.316013	0.350412	0.326786	0.346075	0.341515	0.34403	0.44015	0.296922	0.322159	0.331189	0.303141	0.315929	0.294672	0.29266	0.292664	0.318922	0.331417	0.307478	0.313609	0.299381	0.321534	0.311905	0.317004	0.371189	0.376969	0.367665	0.376734	0.34123	0.347395	0.374461	0.337962	0.324073	0.336695	0.331873	0.340409	0.302702	0.29886	0.286494	0.299676	0.299727	0.368552	0.361291	0.363262	0.355625	0.35318
Loxia_curvirostra	0.271393	0.277508	0.283256	0.313398	0.318865	0.301509	0.303159	0.346469	0.317317	0.397186	0.382183	0.28703	0.256409	0.270872	0.26422	0.260172	0.26219	0.264296	0.284876	0.279709	0.271489	0.282144	0.273888	0.305695	0.277467	0.281937	0.26715	0.301322	0.306156	0.285755	0.285815	0.293037	0.295082	0.266235	0.264221	0.268288	0.266235	0.266234	0.261525	0.276538	0.255042	0.265178	0.265205	0.269211	0.261069	0.366993	0.382273	0.387099	0.389096	0.384267	0.39532	0.397038	0.419905	0.399568	0.333144	0.343593	0.43505	0.490058	0.374382	0.313112	0.319523	0.337204	0.363224	0.333569	0.306038	0.342306	0.261189	0.261792	0.260737	0.311074	0.309058	0.313084	0.337471	0.324185	0.326013	0.247272	0.213151	0.219772	0.233408	0.22046	0.21503	0.211062	0.185164	0.232699	0.219832	0.212445	0.243376	0.227964	0.246802	0.212588	0.205895	0.223363	0.168459	0.176591	0.212317	0.182743	0.193263	0.230392	0.191067	0.190711	0.203603	0.199223	0.192725	0.193778	0.225776	0.202433	0.197184	0.182369	0.201047	0.199625	0.201535	0.153699	0.140325	0.144827	0.165688	0.151171	0.155118	0.161746	0.161216	0.172702	0.152749	0.152625	0.148629	0.148629	0.169896	0.140663	0.158679	0.161149	0.148218	0.158633	0.159755	0.136231	0.157423	0.149951	0.164953	0.145954	0.166784	0.16711	0.142624	0.139309	0.157222	0.165144	0.150401	0.142899	0.152121	0.145341	0.151689	0.132275	0.156004	0.139829	0.152855	0.128783	0.138934	0.130622	0.140869	0.153652	0.134237	0.140342	0.153228	0.150657	0.154389	0.135677	0.141832	0.15318	0.139774	0.129501	0.14203	0.146128	0.12975	0.140521	0.14625	0.151034	0.169545	0.15776	0.151244	0.155248	0.157176	0.130365	0.127738	0.162388	0.157353	0.146373	0.146373	0.177721	0.170838	0.122391	0.121697	0.110282	0.121635	0.109318	0.117926	0.0860315	0.0941061	0.0906218	0.0956909	0.0982942	0.0960263	0.106787	0.0817547	0.0773833	0.0861657	0.0731496	0.114022	0.105122	0.0994842	0.100663	0.100491	0.10282	0.0918185	0.0775074	0.0795994	0.0860769	0.0939669	0.0924665	0.0988727	0.077286	0.077031	0.0810952	0.0851422	0.0364725	0.0384455	0.0222042	0	0.01004	0.110031	0.127307	0.120251	0.148719	0.15931	0.167419	0.15904	0.150835	0.160137	0.156728	0.141057	0.174318	0.155442	0.167598	0.170027	0.16497	0.14192	0.144069	0.14275	0.141429	0.128506	0.126714	0.130835	0.200821	0.318017	0.320342	0.297862	0.362771	0.377873	0.332359	0.36847	0.376823	0.34232	0.280324	0.284084	0.319791	0.341404	0.330834	0.326373	0.384002	0.381119	0.354567	0.387662	0.375914	0.319426	0.294747	0.281856	0.286727	0.311091	0.297849	0.3062	0.283	0.282031	0.274546	0.28529	0.318505	0.312151	0.313969	0.348368	0.324742	0.344031	0.339471	0.341986	0.438106	0.294878	0.320115	0.329145	0.301098	0.313885	0.292629	0.290616	0.29062	0.316878	0.329373	0.305434	0.311565	0.297337	0.31949	0.309861	0.31496	0.369145	0.374925	0.365622	0.37469	0.339186	0.345351	0.372417	0.335918	0.322029	0.334651	0.32983	0.338365	0.300658	0.296816	0.28445	0.297632	0.297683	0.366508	0.359247	0.361218	0.353581	0.351136
Loxia_leucoptera	0.273429	0.279544	0.285292	0.315434	0.320901	0.303546	0.305195	0.348505	0.319353	0.399222	0.384219	0.289066	0.258445	0.272908	0.266256	0.262208	0.264226	0.266333	0.286913	0.281745	0.273525	0.28418	0.275924	0.307731	0.279503	0.283973	0.269186	0.303358	0.308192	0.287791	0.287851	0.295073	0.297118	0.268271	0.266257	0.270324	0.268271	0.26827	0.263561	0.278574	0.257078	0.267214	0.267241	0.271247	0.263105	0.369029	0.384309	0.389135	0.391132	0.386303	0.397356	0.399074	0.421941	0.401604	0.33518	0.345629	0.437086	0.492094	0.376418	0.315148	0.321559	0.33924	0.36526	0.335605	0.308074	0.344342	0.263225	0.263828	0.262773	0.31311	0.311094	0.315121	0.339507	0.326221	0.328049	0.249308	0.215187	0.221808	0.235444	0.222496	0.217066	0.213098	0.1872	0.234735	0.221868	0.214481	0.245413	0.23	0.248838	0.214624	0.207932	0.2254	0.170495	0.178627	0.214353	0.184779	0.195299	0.232428	0.193103	0.192747	0.205639	0.201259	0.194761	0.195815	0.227812	0.20447	0.19922	0.184406	0.203083	0.201661	0.203571	0.155735	0.142361	0.146863	0.167724	0.153207	0.157155	0.163782	0.163252	0.174738	0.154785	0.154661	0.150665	0.150665	0.171932	0.142699	0.160715	0.163185	0.150254	0.160669	0.161791	0.138267	0.159459	0.151987	0.166989	0.147991	0.16882	0.169146	0.144661	0.141345	0.159258	0.16718	0.152437	0.144935	0.154157	0.147377	0.153725	0.134312	0.15804	0.141866	0.154891	0.130819	0.14097	0.132658	0.142905	0.155688	0.136273	0.142378	0.155264	0.152693	0.156425	0.137713	0.143868	0.155216	0.14181	0.131537	0.144067	0.148164	0.131786	0.142557	0.148286	0.15307	0.171581	0.159796	0.15328	0.157284	0.159212	0.132401	0.129774	0.164424	0.159389	0.148409	0.148409	0.179757	0.172874	0.124427	0.123734	0.112318	0.123672	0.111354	0.119962	0.0880676	0.0961422	0.0926579	0.097727	0.10033	0.0980624	0.108823	0.0837908	0.0794194	0.0882018	0.0751857	0.116058	0.107158	0.10152	0.102699	0.102528	0.104856	0.0938546	0.0795435	0.0816355	0.088113	0.096003	0.0945026	0.100909	0.0793221	0.0790671	0.0831313	0.0871783	0.0385086	0.0404816	0.0242403	0.01004	0	0.112067	0.129343	0.122287	0.150755	0.161346	0.169455	0.161076	0.152871	0.162173	0.158764	0.143093	0.176354	0.157478	0.169634	0.172063	0.167006	0.143956	0.146105	0.144787	0.143465	0.130542	0.12875	0.132871	0.202857	0.320053	0.322378	0.299898	0.364807	0.379909	0.334395	0.370506	0.378859	0.344356	0.282361	0.28612	0.321827	0.34344	0.33287	0.328409	0.386038	0.383156	0.356603	0.389698	0.37795	0.321462	0.296783	0.283892	0.288763	0.313127	0.299885	0.308236	0.285036	0.284068	0.276582	0.287326	0.320541	0.314187	0.316005	0.350404	0.326778	0.346067	0.341507	0.344022	0.440143	0.296914	0.322152	0.331181	0.303134	0.315922	0.294665	0.292652	0.292656	0.318914	0.331409	0.30747	0.313602	0.299373	0.321526	0.311897	0.316996	0.371181	0.376961	0.367658	0.376727	0.341222	0.347387	0.374453	0.337954	0.324066	0.336687	0.331866	0.340401	0.302694	0.298852	0.286486	0.299668	0.299719	0.368544	0.361283	0.363254	0.355617	0.353172
Chloropsis_cyanopogon	0.243587	0.249702	0.255451	0.285593	0.29106	0.273704	0.275354	0.318664	0.289511	0.369381	0.354378	0.259225	0.228603	0.243067	0.236415	0.232367	0.234384	0.236491	0.257071	0.251903	0.243684	0.254339	0.246082	0.27789	0.249661	0.254132	0.239344	0.273517	0.27835	0.25795	0.25801	0.265231	0.267276	0.23843	0.236416	0.240483	0.23843	0.238429	0.23372	0.248733	0.227236	0.237373	0.2374	0.241406	0.233264	0.339188	0.354468	0.359294	0.361291	0.356461	0.367514	0.369233	0.3921	0.371763	0.305338	0.315788	0.407245	0.462253	0.346577	0.285306	0.291717	0.309399	0.335419	0.305764	0.278232	0.314501	0.233384	0.233986	0.232932	0.283269	0.281253	0.285279	0.309666	0.29638	0.298208	0.219467	0.185346	0.191967	0.205603	0.192655	0.187225	0.183257	0.157359	0.204894	0.192027	0.184639	0.215571	0.200159	0.218997	0.184783	0.17809	0.195558	0.140654	0.148786	0.184511	0.154938	0.165457	0.202587	0.163261	0.162906	0.175798	0.171418	0.164919	0.165973	0.197971	0.174628	0.169379	0.154564	0.173241	0.17182	0.17373	0.125893	0.11252	0.117022	0.137882	0.123366	0.127313	0.133941	0.133411	0.144897	0.124944	0.12482	0.120824	0.120824	0.142091	0.112858	0.130874	0.133344	0.120413	0.130828	0.131949	0.108426	0.129618	0.122146	0.137148	0.118149	0.138979	0.139304	0.114819	0.111503	0.129417	0.137339	0.122596	0.115093	0.124315	0.117536	0.123883	0.10447	0.128198	0.112024	0.125049	0.100978	0.111128	0.102817	0.113064	0.125846	0.106432	0.112537	0.125423	0.122851	0.126584	0.107872	0.114027	0.125375	0.111969	0.101696	0.114225	0.118322	0.101944	0.112716	0.118445	0.123228	0.141739	0.129955	0.123438	0.127443	0.129371	0.102559	0.0999328	0.134583	0.129548	0.118567	0.118567	0.149916	0.143033	0.0945855	0.101991	0.0905751	0.114211	0.109661	0.118274	0.094512	0.102587	0.0991022	0.104171	0.106775	0.10842	0.119181	0.106368	0.101997	0.110779	0.0977631	0.138635	0.129735	0.124098	0.125276	0.125105	0.127433	0.116432	0.102121	0.104213	0.11069	0.11858	0.11708	0.123486	0.101899	0.101644	0.105709	0.109756	0.110264	0.112237	0.112075	0.110031	0.112067	0	0.0586202	0.0924457	0.120914	0.131505	0.139613	0.131235	0.12303	0.132332	0.128923	0.113251	0.146512	0.127637	0.139792	0.142222	0.137165	0.114114	0.116264	0.114945	0.113624	0.100701	0.0989088	0.10303	0.173016	0.290211	0.292536	0.270057	0.334966	0.350068	0.304554	0.340664	0.349018	0.314515	0.252519	0.256278	0.291986	0.313599	0.303029	0.298567	0.356197	0.353314	0.326762	0.359857	0.348109	0.29162	0.266942	0.254051	0.258922	0.283286	0.270043	0.278395	0.255195	0.254226	0.246741	0.257484	0.2907	0.284346	0.286164	0.320563	0.296936	0.316226	0.311666	0.314181	0.410301	0.267073	0.29231	0.30134	0.273292	0.28608	0.264823	0.262811	0.262815	0.289073	0.301568	0.277629	0.28376	0.269532	0.291685	0.282056	0.287155	0.34134	0.34712	0.337816	0.346885	0.311381	0.317546	0.344612	0.308113	0.294224	0.306846	0.302024	0.310559	0.272852	0.269011	0.256644	0.269827	0.269878	0.338702	0.331442	0.333413	0.325775	0.323331
Chloropsis_hardwickii	0.260863	0.266977	0.272726	0.302868	0.308335	0.290979	0.292629	0.335939	0.306787	0.386656	0.371653	0.2765	0.245879	0.260342	0.25369	0.249642	0.25166	0.253766	0.274346	0.269179	0.260959	0.271614	0.263358	0.295165	0.266937	0.271407	0.25662	0.290792	0.295626	0.275225	0.275285	0.282507	0.284552	0.255705	0.253691	0.257758	0.255705	0.255704	0.250995	0.266008	0.244512	0.254648	0.254675	0.258681	0.250539	0.356463	0.371743	0.376569	0.378566	0.373737	0.38479	0.386508	0.409375	0.389038	0.322614	0.333063	0.42452	0.479528	0.363852	0.302582	0.308993	0.326674	0.352694	0.323039	0.295508	0.331776	0.250659	0.251262	0.250207	0.300544	0.298528	0.302554	0.326941	0.313655	0.315483	0.236742	0.202621	0.209242	0.222878	0.20993	0.2045	0.200532	0.174634	0.222169	0.209302	0.201915	0.232846	0.217434	0.236272	0.202058	0.195365	0.212833	0.157929	0.166061	0.201787	0.172213	0.182733	0.219862	0.180537	0.180181	0.193073	0.188693	0.182195	0.183248	0.215246	0.191903	0.186654	0.171839	0.190517	0.189095	0.191005	0.143169	0.129795	0.134297	0.155158	0.140641	0.144588	0.151216	0.150686	0.162172	0.142219	0.142095	0.138099	0.138099	0.159366	0.130133	0.148149	0.150619	0.137688	0.148103	0.149225	0.125701	0.146893	0.139421	0.154423	0.135424	0.156254	0.15658	0.132094	0.128779	0.146692	0.154614	0.139871	0.132369	0.141591	0.134811	0.141159	0.121745	0.145474	0.129299	0.142325	0.118253	0.128404	0.120092	0.130339	0.143121	0.123707	0.129812	0.142698	0.140127	0.143859	0.125147	0.131302	0.14265	0.129244	0.118971	0.1315	0.135598	0.11922	0.129991	0.13572	0.140504	0.159015	0.14723	0.140714	0.144718	0.146646	0.119835	0.117208	0.151858	0.146823	0.135843	0.135842	0.167191	0.160308	0.111861	0.119266	0.10785	0.131486	0.126936	0.135549	0.111787	0.119862	0.116377	0.121447	0.12405	0.125695	0.136456	0.123643	0.119272	0.128054	0.115038	0.15591	0.14701	0.141373	0.142552	0.14238	0.144708	0.133707	0.119396	0.121488	0.127966	0.135856	0.134355	0.140761	0.119175	0.11892	0.122984	0.127031	0.12754	0.129513	0.12935	0.127307	0.129343	0.0586202	0	0.109721	0.138189	0.14878	0.156889	0.14851	0.140305	0.149607	0.146198	0.130527	0.163788	0.144912	0.157068	0.159497	0.15444	0.13139	0.133539	0.13222	0.130899	0.117976	0.116184	0.120305	0.190291	0.307487	0.309812	0.287332	0.352241	0.367343	0.321829	0.35794	0.366293	0.33179	0.269794	0.273554	0.309261	0.330874	0.320304	0.315843	0.373472	0.370589	0.344037	0.377132	0.365384	0.308896	0.284217	0.271326	0.276197	0.300561	0.287319	0.29567	0.27247	0.271501	0.264016	0.27476	0.307975	0.301621	0.303439	0.337838	0.314212	0.333501	0.328941	0.331456	0.427576	0.284348	0.309585	0.318615	0.290567	0.303355	0.282099	0.280086	0.28009	0.306348	0.318843	0.294904	0.301035	0.286807	0.30896	0.299331	0.30443	0.358615	0.364395	0.355092	0.36416	0.328656	0.334821	0.361887	0.325388	0.311499	0.324121	0.3193	0.327835	0.290128	0.286286	0.27392	0.287102	0.287153	0.355978	0.348717	0.350688	0.343051	0.340606
Tichodroma_muraria	0.241775	0.247889	0.253638	0.28378	0.289247	0.271891	0.273541	0.316851	0.287699	0.367568	0.352565	0.257412	0.226791	0.241254	0.234602	0.230554	0.232571	0.234678	0.255258	0.25009	0.241871	0.252526	0.24427	0.276077	0.247848	0.252319	0.237531	0.271704	0.276538	0.256137	0.256197	0.263418	0.265464	0.236617	0.234603	0.23867	0.236617	0.236616	0.231907	0.24692	0.225424	0.23556	0.235587	0.239593	0.231451	0.337375	0.352655	0.357481	0.359478	0.354648	0.365702	0.36742	0.390287	0.36995	0.303526	0.313975	0.405432	0.46044	0.344764	0.283494	0.289904	0.307586	0.333606	0.303951	0.27642	0.312688	0.231571	0.232174	0.231119	0.281456	0.27944	0.283466	0.307853	0.294567	0.296395	0.217654	0.183533	0.190154	0.20379	0.190842	0.185412	0.181444	0.155546	0.203081	0.190214	0.182826	0.213758	0.198346	0.217184	0.18297	0.176277	0.193745	0.138841	0.146973	0.182699	0.153125	0.163645	0.200774	0.161448	0.161093	0.173985	0.169605	0.163107	0.16416	0.196158	0.172815	0.167566	0.152751	0.171428	0.170007	0.171917	0.12408	0.110707	0.115209	0.13607	0.121553	0.1255	0.132128	0.131598	0.143084	0.123131	0.123007	0.119011	0.119011	0.140278	0.111045	0.129061	0.131531	0.1186	0.129015	0.130137	0.106613	0.127805	0.120333	0.135335	0.116336	0.137166	0.137492	0.113006	0.10969	0.127604	0.135526	0.120783	0.113281	0.122503	0.115723	0.122071	0.102657	0.126386	0.110211	0.123237	0.099165	0.109316	0.101004	0.111251	0.124033	0.104619	0.110724	0.12361	0.121039	0.124771	0.106059	0.112214	0.123562	0.110156	0.099883	0.112412	0.11651	0.100132	0.110903	0.116632	0.121416	0.139926	0.128142	0.121625	0.12563	0.127558	0.100746	0.09812	0.13277	0.127735	0.116755	0.116754	0.148108	0.145214	0.0967672	0.11221	0.100795	0.12443	0.119881	0.128494	0.104732	0.112806	0.109322	0.114391	0.116994	0.11864	0.1294	0.116588	0.112216	0.120999	0.107983	0.148855	0.139955	0.134317	0.135496	0.135325	0.137653	0.126652	0.112341	0.114433	0.12091	0.1288	0.1273	0.133706	0.112119	0.111864	0.115928	0.119975	0.120484	0.122457	0.122295	0.120251	0.122287	0.0924457	0.109721	0	0.11269	0.123281	0.13139	0.123011	0.114806	0.124108	0.120699	0.105028	0.138289	0.119413	0.131569	0.133998	0.128941	0.108423	0.114451	0.113132	0.111811	0.0988879	0.0970959	0.101217	0.171203	0.288399	0.290723	0.268244	0.333153	0.348255	0.302741	0.338852	0.347205	0.312702	0.250706	0.254466	0.290173	0.311786	0.301216	0.296754	0.354384	0.351501	0.324949	0.358044	0.346296	0.289808	0.265129	0.252238	0.257109	0.281473	0.26823	0.276582	0.253382	0.252413	0.244928	0.255672	0.288887	0.282533	0.284351	0.31875	0.295124	0.314413	0.309853	0.312368	0.408488	0.26526	0.290497	0.299527	0.271479	0.284267	0.26301	0.260998	0.261002	0.28726	0.299755	0.275816	0.281947	0.267719	0.289872	0.280243	0.285342	0.339527	0.345307	0.336003	0.345072	0.309568	0.315733	0.342799	0.3063	0.292411	0.305033	0.300211	0.308747	0.27104	0.267198	0.254832	0.268014	0.268065	0.33689	0.329629	0.3316	0.323963	0.321518
Buphagus_erythrorhynchus	0.270243	0.276357	0.282106	0.312248	0.317715	0.300359	0.302009	0.345319	0.316167	0.396036	0.381033	0.28588	0.255259	0.269722	0.26307	0.259022	0.26104	0.263146	0.283726	0.278558	0.270339	0.280994	0.272738	0.304545	0.276317	0.280787	0.266	0.300172	0.305006	0.284605	0.284665	0.291887	0.293932	0.265085	0.263071	0.267138	0.265085	0.265084	0.260375	0.275388	0.253892	0.264028	0.264055	0.268061	0.259919	0.365843	0.381123	0.385949	0.387946	0.383117	0.39417	0.395888	0.418755	0.398418	0.331994	0.342443	0.4339	0.488908	0.373232	0.311962	0.318373	0.336054	0.362074	0.332419	0.304888	0.341156	0.260039	0.260642	0.259587	0.309924	0.307908	0.311934	0.336321	0.323035	0.324863	0.246122	0.212001	0.218622	0.232258	0.21931	0.21388	0.209912	0.184014	0.231549	0.218682	0.211295	0.242226	0.226814	0.245652	0.211438	0.204745	0.222213	0.167309	0.175441	0.211167	0.181593	0.192113	0.229242	0.189917	0.189561	0.202453	0.198073	0.191575	0.192628	0.224626	0.201283	0.196034	0.181219	0.199896	0.198475	0.200385	0.152548	0.139175	0.143677	0.164538	0.150021	0.153968	0.160596	0.160066	0.171552	0.151599	0.151475	0.147479	0.147479	0.168746	0.139513	0.157529	0.159999	0.147068	0.157483	0.158605	0.135081	0.156273	0.148801	0.163803	0.144804	0.165634	0.16596	0.141474	0.138159	0.156072	0.163994	0.149251	0.141749	0.150971	0.144191	0.150539	0.131125	0.154854	0.138679	0.151705	0.127633	0.137784	0.129472	0.139719	0.152501	0.133087	0.139192	0.152078	0.149507	0.153239	0.134527	0.140682	0.15203	0.138624	0.128351	0.14088	0.144978	0.1286	0.139371	0.1451	0.149884	0.168395	0.15661	0.150094	0.154098	0.156026	0.129215	0.126588	0.161238	0.156203	0.145223	0.145222	0.176576	0.173683	0.125235	0.140678	0.129263	0.152898	0.148349	0.156962	0.1332	0.141274	0.13779	0.142859	0.145462	0.147108	0.157868	0.145056	0.140684	0.149467	0.136451	0.177323	0.168423	0.162785	0.163964	0.163793	0.166121	0.15512	0.140809	0.142901	0.149378	0.157268	0.155768	0.162174	0.140587	0.140332	0.144396	0.148443	0.148952	0.150925	0.150763	0.148719	0.150755	0.120914	0.138189	0.11269	0	0.0636276	0.0717361	0.0633573	0.0551576	0.0968644	0.0934553	0.0777841	0.111045	0.0921692	0.104325	0.106755	0.110936	0.136891	0.142919	0.1416	0.140279	0.127356	0.125564	0.129685	0.199671	0.316867	0.319191	0.296712	0.361621	0.376723	0.331209	0.36732	0.375673	0.34117	0.279174	0.282934	0.318641	0.340254	0.329684	0.325223	0.382852	0.379969	0.353417	0.386512	0.374764	0.318276	0.293597	0.280706	0.285577	0.309941	0.296698	0.30505	0.28185	0.280881	0.273396	0.28414	0.317355	0.311001	0.312819	0.347218	0.323592	0.342881	0.338321	0.340836	0.436956	0.293728	0.318965	0.327995	0.299947	0.312735	0.291479	0.289466	0.28947	0.315728	0.328223	0.304284	0.310415	0.296187	0.31834	0.308711	0.31381	0.367995	0.373775	0.364472	0.37354	0.338036	0.344201	0.371267	0.334768	0.320879	0.333501	0.328679	0.337215	0.299508	0.295666	0.2833	0.296482	0.296533	0.365358	0.358097	0.360068	0.352431	0.349986
Rhabdornis_inornatus	0.280834	0.286949	0.292697	0.322839	0.328306	0.310951	0.3126	0.35591	0.326758	0.406627	0.391624	0.296471	0.26585	0.280313	0.273661	0.269613	0.271631	0.273738	0.294317	0.28915	0.28093	0.291585	0.283329	0.315136	0.286908	0.291378	0.276591	0.310763	0.315597	0.295196	0.295256	0.302478	0.304523	0.275676	0.273662	0.277729	0.275676	0.275675	0.270966	0.285979	0.264483	0.274619	0.274646	0.278652	0.27051	0.376434	0.391714	0.39654	0.398537	0.393708	0.404761	0.406479	0.429346	0.409009	0.342585	0.353034	0.444491	0.499499	0.383823	0.322553	0.328964	0.346645	0.372665	0.34301	0.315479	0.351747	0.27063	0.271233	0.270178	0.320515	0.318499	0.322525	0.346912	0.333626	0.335454	0.256713	0.222592	0.229213	0.242849	0.229901	0.224471	0.220503	0.194605	0.24214	0.229273	0.221886	0.252818	0.237405	0.256243	0.222029	0.215336	0.232804	0.1779	0.186032	0.221758	0.192184	0.202704	0.239833	0.200508	0.200152	0.213044	0.208664	0.202166	0.20322	0.235217	0.211874	0.206625	0.19181	0.210488	0.209066	0.210976	0.16314	0.149766	0.154268	0.175129	0.160612	0.16456	0.171187	0.170657	0.182143	0.16219	0.162066	0.15807	0.15807	0.179337	0.150104	0.16812	0.17059	0.157659	0.168074	0.169196	0.145672	0.166864	0.159392	0.174394	0.155395	0.176225	0.176551	0.152065	0.14875	0.166663	0.174585	0.159842	0.15234	0.161562	0.154782	0.16113	0.141716	0.165445	0.149271	0.162296	0.138224	0.148375	0.140063	0.15031	0.163093	0.143678	0.149783	0.162669	0.160098	0.16383	0.145118	0.151273	0.162621	0.149215	0.138942	0.151471	0.155569	0.139191	0.149962	0.155691	0.160475	0.178986	0.167201	0.160685	0.164689	0.166617	0.139806	0.137179	0.171829	0.166794	0.155814	0.155814	0.187167	0.184274	0.135826	0.151269	0.139854	0.163489	0.15894	0.167553	0.143791	0.151865	0.148381	0.15345	0.156053	0.157699	0.168459	0.155647	0.151275	0.160058	0.147042	0.187914	0.179014	0.173376	0.174555	0.174384	0.176712	0.165711	0.1514	0.153492	0.159969	0.167859	0.166359	0.172765	0.151178	0.150923	0.154987	0.159034	0.159543	0.161516	0.161354	0.15931	0.161346	0.131505	0.14878	0.123281	0.0636276	0	0.0743119	0.0659331	0.0657487	0.107456	0.104046	0.0883753	0.121636	0.10276	0.114916	0.117346	0.121527	0.147482	0.15351	0.152192	0.15087	0.137947	0.136155	0.140276	0.210262	0.327458	0.329783	0.307303	0.372212	0.387314	0.3418	0.377911	0.386264	0.351761	0.289765	0.293525	0.329232	0.350845	0.340275	0.335814	0.393443	0.39056	0.364008	0.397103	0.385355	0.328867	0.304188	0.291297	0.296168	0.320532	0.30729	0.315641	0.292441	0.291473	0.283987	0.294731	0.327946	0.321592	0.32341	0.357809	0.334183	0.353472	0.348912	0.351427	0.447547	0.304319	0.329556	0.338586	0.310539	0.323326	0.30207	0.300057	0.300061	0.326319	0.338814	0.314875	0.321006	0.306778	0.328931	0.319302	0.324401	0.378586	0.384366	0.375063	0.384131	0.348627	0.354792	0.381858	0.345359	0.331471	0.344092	0.339271	0.347806	0.310099	0.306257	0.293891	0.307073	0.307124	0.375949	0.368688	0.370659	0.363022	0.360577
Leucopsar_rothschildi	0.288942	0.295057	0.300806	0.330948	0.336415	0.319059	0.320709	0.364018	0.334866	0.414736	0.399733	0.30458	0.273958	0.288422	0.28177	0.277722	0.279739	0.281846	0.302426	0.297258	0.289039	0.299694	0.291437	0.323245	0.295016	0.299486	0.284699	0.318871	0.323705	0.303305	0.303364	0.310586	0.312631	0.283785	0.281771	0.285837	0.283784	0.283784	0.279075	0.294088	0.272591	0.282727	0.282755	0.286761	0.278618	0.384542	0.399823	0.404649	0.406646	0.401816	0.412869	0.414588	0.437454	0.417117	0.350693	0.361142	0.452599	0.507608	0.391931	0.330661	0.337072	0.354754	0.380773	0.351119	0.323587	0.359856	0.278739	0.279341	0.278287	0.328624	0.326607	0.330634	0.35502	0.341735	0.343562	0.264822	0.230701	0.237322	0.250958	0.23801	0.232579	0.228611	0.202714	0.250248	0.237382	0.229994	0.260926	0.245514	0.264351	0.230138	0.223445	0.240913	0.186009	0.194141	0.229866	0.200293	0.210812	0.247941	0.208616	0.20826	0.221152	0.216773	0.210274	0.211328	0.243326	0.219983	0.214733	0.199919	0.218596	0.217175	0.219084	0.171248	0.157875	0.162377	0.183237	0.168721	0.172668	0.179296	0.178765	0.190252	0.170299	0.170175	0.166179	0.166179	0.187446	0.158212	0.176229	0.178699	0.165767	0.176183	0.177304	0.153781	0.174973	0.167501	0.182502	0.163504	0.184334	0.184659	0.160174	0.156858	0.174772	0.182694	0.167951	0.160448	0.16967	0.162891	0.169238	0.149825	0.173553	0.157379	0.170404	0.146333	0.156483	0.148171	0.158418	0.171201	0.151787	0.157892	0.170777	0.168206	0.171939	0.153226	0.159382	0.170729	0.157323	0.147051	0.15958	0.163677	0.147299	0.15807	0.1638	0.168583	0.187094	0.17531	0.168793	0.172798	0.174726	0.147914	0.145288	0.179938	0.174903	0.163922	0.163922	0.195276	0.192382	0.143935	0.159378	0.147962	0.171598	0.167048	0.175661	0.151899	0.159974	0.156489	0.161559	0.164162	0.165807	0.176568	0.163755	0.159384	0.168166	0.15515	0.196022	0.187122	0.181485	0.182664	0.182492	0.184821	0.173819	0.159508	0.1616	0.168078	0.175968	0.174467	0.180873	0.159287	0.159032	0.163096	0.167143	0.167652	0.169625	0.169462	0.167419	0.169455	0.139613	0.156889	0.13139	0.0717361	0.0743119	0	0.0287191	0.0738572	0.115564	0.112155	0.0964837	0.129745	0.110869	0.123025	0.125454	0.129636	0.155591	0.161619	0.1603	0.158979	0.146056	0.144264	0.148384	0.218371	0.335566	0.337891	0.315412	0.380321	0.395422	0.349908	0.386019	0.394373	0.35987	0.297874	0.301633	0.337341	0.358954	0.348384	0.343922	0.401552	0.398669	0.372117	0.405211	0.393464	0.336975	0.312296	0.299406	0.304277	0.328641	0.315398	0.32375	0.300549	0.299581	0.292095	0.302839	0.336055	0.329701	0.331519	0.365918	0.342291	0.361581	0.357021	0.359535	0.455656	0.312428	0.337665	0.346694	0.318647	0.331435	0.310178	0.308166	0.308169	0.334428	0.346923	0.322984	0.329115	0.314887	0.337039	0.32741	0.33251	0.386695	0.392475	0.383171	0.39224	0.356736	0.362901	0.389967	0.353467	0.339579	0.352201	0.347379	0.355914	0.318207	0.314366	0.301999	0.315182	0.315233	0.384057	0.376796	0.378768	0.37113	0.368685
Sturnus_vulgaris	0.280563	0.286678	0.292427	0.322569	0.328036	0.31068	0.31233	0.35564	0.326487	0.406357	0.391354	0.296201	0.265579	0.280043	0.273391	0.269343	0.27136	0.273467	0.294047	0.288879	0.28066	0.291315	0.283059	0.314866	0.286637	0.291108	0.27632	0.310493	0.315326	0.294926	0.294986	0.302207	0.304252	0.275406	0.273392	0.277459	0.275406	0.275405	0.270696	0.285709	0.264212	0.274349	0.274376	0.278382	0.27024	0.376164	0.391444	0.39627	0.398267	0.393437	0.40449	0.406209	0.429076	0.408739	0.342314	0.352764	0.444221	0.499229	0.383553	0.322282	0.328693	0.346375	0.372395	0.34274	0.315208	0.351477	0.27036	0.270962	0.269908	0.320245	0.318229	0.322255	0.346642	0.333356	0.335184	0.256443	0.222322	0.228943	0.242579	0.229631	0.224201	0.220233	0.194335	0.24187	0.229003	0.221615	0.252547	0.237135	0.255973	0.221759	0.215066	0.232534	0.17763	0.185762	0.221487	0.191914	0.202433	0.239563	0.200237	0.199882	0.212774	0.208394	0.201895	0.202949	0.234947	0.211604	0.206355	0.19154	0.210217	0.208796	0.210706	0.162869	0.149496	0.153998	0.174858	0.160342	0.164289	0.170917	0.170387	0.181873	0.16192	0.161796	0.1578	0.1578	0.179067	0.149834	0.16785	0.17032	0.157389	0.167804	0.168925	0.145402	0.166594	0.159122	0.174124	0.155125	0.175955	0.17628	0.151795	0.148479	0.166393	0.174315	0.159572	0.152069	0.161291	0.154512	0.160859	0.141446	0.165174	0.149	0.162025	0.137954	0.148104	0.139793	0.15004	0.162822	0.143408	0.149513	0.162399	0.159827	0.16356	0.144848	0.151003	0.162351	0.148945	0.138672	0.151201	0.155298	0.13892	0.149692	0.155421	0.160204	0.178715	0.166931	0.160414	0.164419	0.166347	0.139535	0.136909	0.171559	0.166524	0.155543	0.155543	0.186897	0.184003	0.135556	0.150999	0.139584	0.163219	0.158669	0.167283	0.14352	0.151595	0.148111	0.15318	0.155783	0.157428	0.168189	0.155377	0.151005	0.159788	0.146772	0.187644	0.178744	0.173106	0.174285	0.174113	0.176442	0.16544	0.151129	0.153221	0.159699	0.167589	0.166088	0.172495	0.150908	0.150653	0.154717	0.158764	0.159273	0.161246	0.161084	0.15904	0.161076	0.131235	0.14851	0.123011	0.0633573	0.0659331	0.0287191	0	0.0654784	0.107185	0.103776	0.088105	0.121366	0.10249	0.114646	0.117075	0.121257	0.147212	0.15324	0.151921	0.1506	0.137677	0.135885	0.140006	0.209992	0.327187	0.329512	0.307033	0.371942	0.387044	0.34153	0.37764	0.385994	0.351491	0.289495	0.293254	0.328962	0.350575	0.340005	0.335543	0.393173	0.39029	0.363738	0.396833	0.385085	0.328596	0.303918	0.291027	0.295898	0.320262	0.307019	0.315371	0.292171	0.291202	0.283717	0.29446	0.327676	0.321322	0.32314	0.357539	0.333912	0.353202	0.348642	0.351157	0.447277	0.304049	0.329286	0.338316	0.310268	0.323056	0.301799	0.299787	0.299791	0.326049	0.338544	0.314605	0.320736	0.306508	0.328661	0.319032	0.324131	0.378316	0.384096	0.374792	0.383861	0.348357	0.354522	0.381588	0.345089	0.3312	0.343822	0.339	0.347535	0.309828	0.305987	0.29362	0.306803	0.306854	0.375678	0.368418	0.370389	0.362751	0.360307
Toxostoma_redivivum	0.272359	0.278473	0.284222	0.314364	0.319831	0.302475	0.304125	0.347435	0.318283	0.398152	0.383149	0.287996	0.257375	0.271838	0.265186	0.261138	0.263156	0.265262	0.285842	0.280674	0.272455	0.28311	0.274854	0.306661	0.278433	0.282903	0.268116	0.302288	0.307122	0.286721	0.286781	0.294003	0.296048	0.267201	0.265187	0.269254	0.267201	0.2672	0.262491	0.277504	0.256008	0.266144	0.266171	0.270177	0.262035	0.367959	0.383239	0.388065	0.390062	0.385233	0.396286	0.398004	0.420871	0.400534	0.33411	0.344559	0.436016	0.491024	0.375348	0.314078	0.320489	0.33817	0.36419	0.334535	0.307004	0.343272	0.262155	0.262758	0.261703	0.31204	0.310024	0.31405	0.338437	0.325151	0.326979	0.248238	0.214117	0.220738	0.234374	0.221426	0.215996	0.212028	0.18613	0.233665	0.220798	0.213411	0.244342	0.22893	0.247768	0.213554	0.206861	0.224329	0.169425	0.177557	0.213283	0.183709	0.194229	0.231358	0.192033	0.191677	0.204569	0.200189	0.193691	0.194744	0.226742	0.203399	0.19815	0.183335	0.202012	0.200591	0.202501	0.154664	0.141291	0.145793	0.166654	0.152137	0.156084	0.162712	0.162182	0.173668	0.153715	0.153591	0.149595	0.149595	0.170862	0.141629	0.159645	0.162115	0.149184	0.159599	0.160721	0.137197	0.158389	0.150917	0.165919	0.14692	0.16775	0.168076	0.14359	0.140275	0.158188	0.16611	0.151367	0.143865	0.153087	0.146307	0.152655	0.133241	0.15697	0.140795	0.153821	0.129749	0.1399	0.131588	0.141835	0.154617	0.135203	0.141308	0.154194	0.151623	0.155355	0.136643	0.142798	0.154146	0.14074	0.130467	0.142996	0.147094	0.130716	0.141487	0.147216	0.152	0.170511	0.158726	0.15221	0.156214	0.158142	0.131331	0.128704	0.163354	0.158319	0.147339	0.147338	0.178692	0.175799	0.127351	0.142794	0.131379	0.155014	0.150465	0.159078	0.135316	0.14339	0.139906	0.144975	0.147578	0.149224	0.159984	0.147172	0.1428	0.151583	0.138567	0.179439	0.170539	0.164901	0.16608	0.165909	0.168237	0.157236	0.142925	0.145017	0.151494	0.159384	0.157884	0.16429	0.142703	0.142448	0.146512	0.150559	0.151068	0.153041	0.152879	0.150835	0.152871	0.12303	0.140305	0.114806	0.0551576	0.0657487	0.0738572	0.0654784	0	0.0989804	0.0955713	0.0799001	0.113161	0.0942852	0.106441	0.108871	0.113052	0.139007	0.145035	0.143716	0.142395	0.129472	0.12768	0.131801	0.201787	0.318983	0.321307	0.298828	0.363737	0.378839	0.333325	0.369436	0.377789	0.343286	0.28129	0.28505	0.320757	0.34237	0.3318	0.327339	0.384968	0.382085	0.355533	0.388628	0.37688	0.320392	0.295713	0.282822	0.287693	0.312057	0.298814	0.307166	0.283966	0.282997	0.275512	0.286256	0.319471	0.313117	0.314935	0.349334	0.325708	0.344997	0.340437	0.342952	0.439072	0.295844	0.321081	0.330111	0.302063	0.314851	0.293595	0.291582	0.291586	0.317844	0.330339	0.3064	0.312531	0.298303	0.320456	0.310827	0.315926	0.370111	0.375891	0.366588	0.375656	0.340152	0.346317	0.373383	0.336884	0.322995	0.335617	0.330795	0.339331	0.301624	0.297782	0.285416	0.298598	0.298649	0.367474	0.360213	0.362184	0.354547	0.352102
Catharus_fuscescens	0.281661	0.287775	0.293524	0.323666	0.329133	0.311777	0.313427	0.356737	0.327585	0.407454	0.392451	0.297298	0.266677	0.28114	0.274488	0.27044	0.272458	0.274564	0.295144	0.289976	0.281757	0.292412	0.284156	0.315963	0.287735	0.292205	0.277418	0.31159	0.316424	0.296023	0.296083	0.303305	0.30535	0.276503	0.274489	0.278556	0.276503	0.276502	0.271793	0.286806	0.26531	0.275446	0.275473	0.279479	0.271337	0.377261	0.392541	0.397367	0.399364	0.394535	0.405588	0.407306	0.430173	0.409836	0.343412	0.353861	0.445318	0.500326	0.38465	0.32338	0.329791	0.347472	0.373492	0.343837	0.316306	0.352574	0.271457	0.27206	0.271005	0.321342	0.319326	0.323352	0.347739	0.334453	0.336281	0.25754	0.223419	0.23004	0.243676	0.230728	0.225298	0.22133	0.195432	0.242967	0.2301	0.222713	0.253644	0.238232	0.25707	0.222856	0.216163	0.233631	0.178727	0.186859	0.222585	0.193011	0.203531	0.24066	0.201335	0.200979	0.213871	0.209491	0.202993	0.204046	0.236044	0.212701	0.207452	0.192637	0.211314	0.209893	0.211803	0.163967	0.150593	0.155095	0.175956	0.161439	0.165386	0.172014	0.171484	0.18297	0.163017	0.162893	0.158897	0.158897	0.180164	0.150931	0.168947	0.171417	0.158486	0.168901	0.170023	0.146499	0.167691	0.160219	0.175221	0.156222	0.177052	0.177378	0.152892	0.149577	0.16749	0.175412	0.160669	0.153167	0.162389	0.155609	0.161957	0.142543	0.166272	0.150097	0.163123	0.139051	0.149202	0.14089	0.151137	0.163919	0.144505	0.15061	0.163496	0.160925	0.164657	0.145945	0.1521	0.163448	0.150042	0.139769	0.152298	0.156396	0.140018	0.150789	0.156518	0.161302	0.179813	0.168028	0.161512	0.165516	0.167444	0.140633	0.138006	0.172656	0.167621	0.156641	0.15664	0.187994	0.185101	0.136653	0.152096	0.140681	0.164316	0.159767	0.16838	0.144618	0.152692	0.149208	0.154277	0.15688	0.158526	0.169286	0.156474	0.152102	0.160885	0.147869	0.188741	0.179841	0.174203	0.175382	0.175211	0.177539	0.166538	0.152227	0.154319	0.160796	0.168686	0.167186	0.173592	0.152005	0.15175	0.155814	0.159861	0.16037	0.162343	0.162181	0.160137	0.162173	0.132332	0.149607	0.124108	0.0968644	0.107456	0.115564	0.107185	0.0989804	0	0.099992	0.0843208	0.117582	0.0987059	0.110862	0.113291	0.122354	0.148309	0.154337	0.153018	0.151697	0.138774	0.136982	0.141103	0.211089	0.328285	0.330609	0.30813	0.373039	0.388141	0.342627	0.378738	0.387091	0.352588	0.290592	0.294352	0.330059	0.351672	0.341102	0.336641	0.39427	0.391387	0.364835	0.39793	0.386182	0.329694	0.305015	0.292124	0.296995	0.321359	0.308116	0.316468	0.293268	0.292299	0.284814	0.295558	0.328773	0.322419	0.324237	0.358636	0.33501	0.354299	0.349739	0.352254	0.448374	0.305146	0.330383	0.339413	0.311365	0.324153	0.302897	0.300884	0.300888	0.327146	0.339641	0.315702	0.321833	0.307605	0.329758	0.320129	0.325228	0.379413	0.385193	0.37589	0.384958	0.349454	0.355619	0.382685	0.346186	0.332297	0.344919	0.340097	0.348633	0.310926	0.307084	0.294718	0.3079	0.307951	0.376776	0.369515	0.371486	0.363849	0.361404
Cercotrichas_coryphaeus	0.278252	0.284366	0.290115	0.320257	0.325724	0.308368	0.310018	0.353328	0.324176	0.404045	0.389042	0.293889	0.263268	0.277731	0.271079	0.267031	0.269048	0.271155	0.291735	0.286567	0.278348	0.289003	0.280747	0.312554	0.284325	0.288796	0.274009	0.308181	0.313015	0.292614	0.292674	0.299895	0.301941	0.273094	0.27108	0.275147	0.273094	0.273093	0.268384	0.283397	0.261901	0.272037	0.272064	0.27607	0.267928	0.373852	0.389132	0.393958	0.395955	0.391125	0.402179	0.403897	0.426764	0.406427	0.340003	0.350452	0.441909	0.496917	0.381241	0.319971	0.326382	0.344063	0.370083	0.340428	0.312897	0.349165	0.268048	0.268651	0.267596	0.317933	0.315917	0.319943	0.34433	0.331044	0.332872	0.254131	0.22001	0.226631	0.240267	0.227319	0.221889	0.217921	0.192023	0.239558	0.226691	0.219303	0.250235	0.234823	0.253661	0.219447	0.212754	0.230222	0.175318	0.18345	0.219176	0.189602	0.200122	0.237251	0.197925	0.19757	0.210462	0.206082	0.199584	0.200637	0.232635	0.209292	0.204043	0.189228	0.207905	0.206484	0.208394	0.160557	0.147184	0.151686	0.172547	0.15803	0.161977	0.168605	0.168075	0.179561	0.159608	0.159484	0.155488	0.155488	0.176755	0.147522	0.165538	0.168008	0.155077	0.165492	0.166614	0.14309	0.164282	0.15681	0.171812	0.152813	0.173643	0.173969	0.149483	0.146167	0.164081	0.172003	0.15726	0.149758	0.15898	0.1522	0.158548	0.139134	0.162863	0.146688	0.159714	0.135642	0.145793	0.137481	0.147728	0.16051	0.141096	0.147201	0.160087	0.157516	0.161248	0.142536	0.148691	0.160039	0.146633	0.13636	0.148889	0.152987	0.136609	0.14738	0.153109	0.157893	0.176403	0.164619	0.158102	0.162107	0.164035	0.137223	0.134597	0.169247	0.164212	0.153232	0.153231	0.184585	0.181691	0.133244	0.148687	0.137272	0.160907	0.156358	0.164971	0.141209	0.149283	0.145799	0.150868	0.153471	0.155117	0.165877	0.153065	0.148693	0.157476	0.14446	0.185332	0.176432	0.170794	0.171973	0.171802	0.17413	0.163129	0.148818	0.15091	0.157387	0.165277	0.163777	0.170183	0.148596	0.148341	0.152405	0.156452	0.156961	0.158934	0.158772	0.156728	0.158764	0.128923	0.146198	0.120699	0.0934553	0.104046	0.112155	0.103776	0.0955713	0.099992	0	0.0369006	0.0950159	0.0761401	0.0882958	0.0907254	0.118945	0.1449	0.150928	0.149609	0.148288	0.135365	0.133573	0.137694	0.20768	0.324876	0.3272	0.304721	0.36963	0.384732	0.339218	0.375329	0.383682	0.349179	0.287183	0.290943	0.32665	0.348263	0.337693	0.333231	0.390861	0.387978	0.361426	0.394521	0.382773	0.326285	0.301606	0.288715	0.293586	0.31795	0.304707	0.313059	0.289859	0.28889	0.281405	0.292149	0.325364	0.31901	0.320828	0.355227	0.331601	0.35089	0.34633	0.348845	0.444965	0.301737	0.326974	0.336004	0.307956	0.320744	0.299487	0.297475	0.297479	0.323737	0.336232	0.312293	0.318424	0.304196	0.326349	0.31672	0.321819	0.376004	0.381784	0.37248	0.381549	0.346045	0.35221	0.379276	0.342777	0.328888	0.34151	0.336688	0.345224	0.307517	0.303675	0.291309	0.304491	0.304542	0.373367	0.366106	0.368077	0.36044	0.357995
Copsychus_sechellarum	0.26258	0.268695	0.274444	0.304586	0.310053	0.292697	0.294347	0.337657	0.308504	0.388374	0.373371	0.278218	0.247596	0.26206	0.255408	0.25136	0.253377	0.255484	0.276064	0.270896	0.262677	0.273332	0.265075	0.296883	0.268654	0.273125	0.258337	0.292509	0.297343	0.276943	0.277003	0.284224	0.286269	0.257423	0.255409	0.259476	0.257423	0.257422	0.252713	0.267726	0.246229	0.256366	0.256393	0.260399	0.252257	0.35818	0.373461	0.378287	0.380284	0.375454	0.386507	0.388226	0.411093	0.390755	0.324331	0.334781	0.426238	0.481246	0.365569	0.304299	0.31071	0.328392	0.354411	0.324757	0.297225	0.333494	0.252377	0.252979	0.251925	0.302262	0.300245	0.304272	0.328659	0.315373	0.317201	0.23846	0.204339	0.21096	0.224596	0.211648	0.206217	0.20225	0.176352	0.223887	0.21102	0.203632	0.234564	0.219152	0.23799	0.203776	0.197083	0.214551	0.159647	0.167779	0.203504	0.173931	0.18445	0.22158	0.182254	0.181899	0.19479	0.190411	0.183912	0.184966	0.216964	0.193621	0.188372	0.173557	0.192234	0.190813	0.192723	0.144886	0.131513	0.136015	0.156875	0.142359	0.146306	0.152934	0.152404	0.16389	0.143937	0.143813	0.139817	0.139817	0.161084	0.131851	0.149867	0.152337	0.139406	0.149821	0.150942	0.127419	0.148611	0.141139	0.156141	0.137142	0.157972	0.158297	0.133812	0.130496	0.14841	0.156332	0.141589	0.134086	0.143308	0.136529	0.142876	0.123463	0.147191	0.131017	0.144042	0.119971	0.130121	0.12181	0.132057	0.144839	0.125425	0.13153	0.144416	0.141844	0.145577	0.126864	0.13302	0.144368	0.130962	0.120689	0.133218	0.137315	0.120937	0.131709	0.137438	0.142221	0.160732	0.148948	0.142431	0.146436	0.148364	0.121552	0.118926	0.153576	0.148541	0.13756	0.13756	0.168914	0.16602	0.117573	0.133016	0.121601	0.145236	0.140686	0.1493	0.125537	0.133612	0.130128	0.135197	0.1378	0.139445	0.150206	0.137394	0.133022	0.141805	0.128789	0.169661	0.16076	0.155123	0.156302	0.15613	0.158459	0.147457	0.133146	0.135238	0.141716	0.149606	0.148105	0.154512	0.132925	0.13267	0.136734	0.140781	0.14129	0.143263	0.143101	0.141057	0.143093	0.113251	0.130527	0.105028	0.0777841	0.0883753	0.0964837	0.088105	0.0799001	0.0843208	0.0369006	0	0.0793447	0.0604689	0.0726246	0.0750542	0.103274	0.129229	0.135257	0.133938	0.132617	0.119694	0.117902	0.122023	0.192009	0.309204	0.311529	0.28905	0.353959	0.36906	0.323547	0.359657	0.368011	0.333508	0.271512	0.275271	0.310979	0.332592	0.322022	0.31756	0.37519	0.372307	0.345755	0.37885	0.367102	0.310613	0.285935	0.273044	0.277915	0.302279	0.289036	0.297388	0.274188	0.273219	0.265733	0.276477	0.309693	0.303339	0.305157	0.339556	0.315929	0.335219	0.330659	0.333173	0.429294	0.286066	0.311303	0.320333	0.292285	0.305073	0.283816	0.281804	0.281807	0.308066	0.320561	0.296622	0.302753	0.288525	0.310677	0.301049	0.306148	0.360333	0.366113	0.356809	0.365878	0.330374	0.336539	0.363605	0.327106	0.313217	0.325839	0.321017	0.329552	0.291845	0.288004	0.275637	0.28882	0.288871	0.357695	0.350434	0.352406	0.344768	0.342324
Erithacus_rubecula	0.295841	0.301956	0.307705	0.337847	0.343314	0.325958	0.327608	0.370918	0.341765	0.421635	0.406632	0.311479	0.280857	0.295321	0.288669	0.284621	0.286638	0.288745	0.309325	0.304157	0.295938	0.306593	0.298336	0.330144	0.301915	0.306385	0.291598	0.32577	0.330604	0.310204	0.310263	0.317485	0.31953	0.290684	0.28867	0.292736	0.290683	0.290683	0.285974	0.300987	0.27949	0.289627	0.289654	0.29366	0.285517	0.391441	0.406722	0.411548	0.413545	0.408715	0.419768	0.421487	0.444354	0.424016	0.357592	0.368041	0.459498	0.514507	0.39883	0.33756	0.343971	0.361653	0.387672	0.358018	0.330486	0.366755	0.285638	0.28624	0.285186	0.335523	0.333506	0.337533	0.36192	0.348634	0.350461	0.271721	0.2376	0.244221	0.257857	0.244909	0.239478	0.235511	0.209613	0.257148	0.244281	0.236893	0.267825	0.252413	0.271251	0.237037	0.230344	0.247812	0.192908	0.20104	0.236765	0.207192	0.217711	0.254841	0.215515	0.215159	0.228051	0.223672	0.217173	0.218227	0.250225	0.226882	0.221632	0.206818	0.225495	0.224074	0.225984	0.178147	0.164774	0.169276	0.190136	0.17562	0.179567	0.186195	0.185664	0.197151	0.177198	0.177074	0.173078	0.173078	0.194345	0.165111	0.183128	0.185598	0.172667	0.183082	0.184203	0.16068	0.181872	0.1744	0.189402	0.170403	0.191233	0.191558	0.167073	0.163757	0.181671	0.189593	0.17485	0.167347	0.176569	0.16979	0.176137	0.156724	0.180452	0.164278	0.177303	0.153232	0.163382	0.155071	0.165318	0.1781	0.158686	0.164791	0.177677	0.175105	0.178838	0.160125	0.166281	0.177629	0.164222	0.15395	0.166479	0.170576	0.154198	0.16497	0.170699	0.175482	0.193993	0.182209	0.175692	0.179697	0.181625	0.154813	0.152187	0.186837	0.181802	0.170821	0.170821	0.202175	0.199281	0.150834	0.166277	0.154861	0.178497	0.173947	0.18256	0.158798	0.166873	0.163389	0.168458	0.171061	0.172706	0.183467	0.170654	0.166283	0.175065	0.162049	0.202921	0.194021	0.188384	0.189563	0.189391	0.19172	0.180718	0.166407	0.168499	0.174977	0.182867	0.181366	0.187773	0.166186	0.165931	0.169995	0.174042	0.174551	0.176524	0.176362	0.174318	0.176354	0.146512	0.163788	0.138289	0.111045	0.121636	0.129745	0.121366	0.113161	0.117582	0.0950159	0.0793447	0	0.0683999	0.0805556	0.0869978	0.136535	0.16249	0.168518	0.167199	0.165878	0.152955	0.151163	0.155283	0.22527	0.342465	0.34479	0.322311	0.38722	0.402321	0.356807	0.392918	0.401272	0.366769	0.304773	0.308532	0.34424	0.365853	0.355283	0.350821	0.408451	0.405568	0.379016	0.41211	0.400363	0.343874	0.319195	0.306305	0.311176	0.33554	0.322297	0.330649	0.307449	0.30648	0.298994	0.309738	0.342954	0.3366	0.338418	0.372817	0.34919	0.36848	0.36392	0.366434	0.462555	0.319327	0.344564	0.353593	0.325546	0.338334	0.317077	0.315065	0.315068	0.341327	0.353822	0.329883	0.336014	0.321786	0.343938	0.334309	0.339409	0.393594	0.399374	0.39007	0.399139	0.363635	0.3698	0.396866	0.360367	0.346478	0.3591	0.354278	0.362813	0.325106	0.321265	0.308898	0.322081	0.322132	0.390956	0.383695	0.385667	0.378029	0.375584
Oenanthe_oenanthe	0.276965	0.28308	0.288829	0.318971	0.324438	0.307082	0.308732	0.352042	0.322889	0.402759	0.387756	0.292603	0.261981	0.276445	0.269793	0.265745	0.267762	0.269869	0.290449	0.285281	0.277062	0.287717	0.27946	0.311268	0.283039	0.28751	0.272722	0.306895	0.311728	0.291328	0.291388	0.298609	0.300654	0.271808	0.269794	0.273861	0.271808	0.271807	0.267098	0.282111	0.260614	0.270751	0.270778	0.274784	0.266642	0.372566	0.387846	0.392672	0.394669	0.389839	0.400892	0.402611	0.425478	0.405141	0.338716	0.349166	0.440623	0.495631	0.379954	0.318684	0.325095	0.342777	0.368796	0.339142	0.31161	0.347879	0.266762	0.267364	0.26631	0.316647	0.314631	0.318657	0.343044	0.329758	0.331586	0.252845	0.218724	0.225345	0.238981	0.226033	0.220603	0.216635	0.190737	0.238272	0.225405	0.218017	0.248949	0.233537	0.252375	0.218161	0.211468	0.228936	0.174032	0.182164	0.217889	0.188316	0.198835	0.235965	0.196639	0.196284	0.209176	0.204796	0.198297	0.199351	0.231349	0.208006	0.202757	0.187942	0.206619	0.205198	0.207108	0.159271	0.145898	0.1504	0.17126	0.156744	0.160691	0.167319	0.166789	0.178275	0.158322	0.158198	0.154202	0.154202	0.175469	0.146236	0.164252	0.166722	0.153791	0.164206	0.165327	0.141804	0.162996	0.155524	0.170526	0.151527	0.172357	0.172682	0.148197	0.144881	0.162795	0.170717	0.155974	0.148471	0.157693	0.150914	0.157261	0.137848	0.161576	0.145402	0.158427	0.134356	0.144506	0.136195	0.146442	0.159224	0.13981	0.145915	0.158801	0.156229	0.159962	0.14125	0.147405	0.158753	0.145347	0.135074	0.147603	0.1517	0.135322	0.146094	0.151823	0.156606	0.175117	0.163333	0.156816	0.160821	0.162749	0.135937	0.133311	0.167961	0.162926	0.151945	0.151945	0.183299	0.180405	0.131958	0.147401	0.135986	0.159621	0.155071	0.163685	0.139922	0.147997	0.144513	0.149582	0.152185	0.15383	0.164591	0.151779	0.147407	0.15619	0.143174	0.184046	0.175146	0.169508	0.170687	0.170515	0.172844	0.161842	0.147531	0.149623	0.156101	0.163991	0.16249	0.168897	0.14731	0.147055	0.151119	0.155166	0.155675	0.157648	0.157486	0.155442	0.157478	0.127637	0.144912	0.119413	0.0921692	0.10276	0.110869	0.10249	0.0942852	0.0987059	0.0761401	0.0604689	0.0683999	0	0.0545691	0.068122	0.117659	0.143614	0.149642	0.148323	0.147002	0.134079	0.132287	0.136408	0.206394	0.323589	0.325914	0.303435	0.368344	0.383445	0.337932	0.374042	0.382396	0.347893	0.285897	0.289656	0.325364	0.346977	0.336407	0.331945	0.389575	0.386692	0.36014	0.393235	0.381487	0.324998	0.30032	0.287429	0.2923	0.316664	0.303421	0.311773	0.288573	0.287604	0.280119	0.290862	0.324078	0.317724	0.319542	0.353941	0.330314	0.349604	0.345044	0.347558	0.443679	0.300451	0.325688	0.334718	0.30667	0.319458	0.298201	0.296189	0.296192	0.322451	0.334946	0.311007	0.317138	0.30291	0.325062	0.315434	0.320533	0.374718	0.380498	0.371194	0.380263	0.344759	0.350924	0.37799	0.341491	0.327602	0.340224	0.335402	0.343937	0.30623	0.302389	0.290022	0.303205	0.303256	0.37208	0.36482	0.366791	0.359153	0.356709
Saxicola_maurus	0.289121	0.295236	0.300985	0.331127	0.336594	0.319238	0.320887	0.364197	0.335045	0.414915	0.399912	0.304758	0.274137	0.288601	0.281949	0.277901	0.279918	0.282025	0.302605	0.297437	0.289218	0.299873	0.291616	0.323424	0.295195	0.299665	0.284878	0.31905	0.323884	0.303484	0.303543	0.310765	0.31281	0.283964	0.28195	0.286016	0.283963	0.283962	0.279253	0.294267	0.27277	0.282906	0.282934	0.28694	0.278797	0.384721	0.400002	0.404828	0.406825	0.401995	0.413048	0.414767	0.437633	0.417296	0.350872	0.361321	0.452778	0.507787	0.39211	0.33084	0.337251	0.354933	0.380952	0.351298	0.323766	0.360035	0.278918	0.27952	0.278466	0.328803	0.326786	0.330813	0.355199	0.341914	0.343741	0.265001	0.23088	0.237501	0.251137	0.238189	0.232758	0.22879	0.202893	0.250427	0.237561	0.230173	0.261105	0.245693	0.26453	0.230317	0.223624	0.241092	0.186188	0.19432	0.230045	0.200472	0.210991	0.24812	0.208795	0.208439	0.221331	0.216952	0.210453	0.211507	0.243505	0.220162	0.214912	0.200098	0.218775	0.217354	0.219263	0.171427	0.158054	0.162556	0.183416	0.168899	0.172847	0.179475	0.178944	0.190431	0.170478	0.170354	0.166358	0.166358	0.187625	0.158391	0.176408	0.178878	0.165946	0.176362	0.177483	0.15396	0.175152	0.16768	0.182681	0.163683	0.184513	0.184838	0.160353	0.157037	0.174951	0.182873	0.16813	0.160627	0.169849	0.16307	0.169417	0.150004	0.173732	0.157558	0.170583	0.146512	0.156662	0.14835	0.158597	0.17138	0.151966	0.158071	0.170956	0.168385	0.172118	0.153405	0.159561	0.170908	0.157502	0.14723	0.159759	0.163856	0.147478	0.158249	0.163979	0.168762	0.187273	0.175489	0.168972	0.172977	0.174905	0.148093	0.145467	0.180117	0.175082	0.164101	0.164101	0.195455	0.192561	0.144114	0.159557	0.148141	0.171777	0.167227	0.17584	0.152078	0.160153	0.156668	0.161738	0.164341	0.165986	0.176747	0.163934	0.159563	0.168345	0.155329	0.196201	0.187301	0.181664	0.182843	0.182671	0.184999	0.173998	0.159687	0.161779	0.168257	0.176147	0.174646	0.181052	0.159466	0.159211	0.163275	0.167322	0.167831	0.169804	0.169641	0.167598	0.169634	0.139792	0.157068	0.131569	0.104325	0.114916	0.123025	0.114646	0.106441	0.110862	0.0882958	0.0726246	0.0805556	0.0545691	0	0.0802777	0.129815	0.15577	0.161798	0.160479	0.159158	0.146235	0.144443	0.148563	0.21855	0.335745	0.33807	0.315591	0.3805	0.395601	0.350087	0.386198	0.394552	0.360049	0.298053	0.301812	0.33752	0.359133	0.348563	0.344101	0.401731	0.398848	0.372296	0.40539	0.393643	0.337154	0.312475	0.299585	0.304456	0.32882	0.315577	0.323929	0.300728	0.29976	0.292274	0.303018	0.336234	0.32988	0.331698	0.366097	0.34247	0.36176	0.357199	0.359714	0.455835	0.312607	0.337844	0.346873	0.318826	0.331614	0.310357	0.308345	0.308348	0.334606	0.347102	0.323163	0.329294	0.315066	0.337218	0.327589	0.332689	0.386874	0.392654	0.38335	0.392419	0.356915	0.36308	0.390146	0.353646	0.339758	0.35238	0.347558	0.356093	0.318386	0.314545	0.302178	0.315361	0.315412	0.384236	0.376975	0.378947	0.371309	0.368864
Ficedula_albicollis	0.291551	0.297666	0.303414	0.333556	0.339023	0.321668	0.323317	0.366627	0.337475	0.417344	0.402341	0.307188	0.276567	0.29103	0.284378	0.28033	0.282348	0.284455	0.305035	0.299867	0.291647	0.302302	0.294046	0.325853	0.297625	0.302095	0.287308	0.32148	0.326314	0.305913	0.305973	0.313195	0.31524	0.286393	0.284379	0.288446	0.286393	0.286392	0.281683	0.296696	0.2752	0.285336	0.285363	0.289369	0.281227	0.387151	0.402431	0.407257	0.409254	0.404425	0.415478	0.417196	0.440063	0.419726	0.353302	0.363751	0.455208	0.510216	0.39454	0.33327	0.339681	0.357362	0.383382	0.353727	0.326196	0.362464	0.281347	0.28195	0.280895	0.331232	0.329216	0.333243	0.357629	0.344343	0.346171	0.26743	0.233309	0.23993	0.253566	0.240618	0.235188	0.23122	0.205322	0.252857	0.23999	0.232603	0.263535	0.248122	0.26696	0.232746	0.226054	0.243521	0.188617	0.196749	0.232475	0.202901	0.213421	0.25055	0.211225	0.210869	0.223761	0.219381	0.212883	0.213937	0.245934	0.222592	0.217342	0.202528	0.221205	0.219783	0.221693	0.173857	0.160483	0.164985	0.185846	0.171329	0.175277	0.181904	0.181374	0.19286	0.172907	0.172783	0.168787	0.168787	0.190054	0.160821	0.178837	0.181307	0.168376	0.178791	0.179913	0.156389	0.177581	0.170109	0.185111	0.166113	0.186942	0.187268	0.162783	0.159467	0.17738	0.185302	0.170559	0.163057	0.172279	0.165499	0.171847	0.152434	0.176162	0.159988	0.173013	0.148941	0.159092	0.15078	0.161027	0.17381	0.154395	0.1605	0.173386	0.170815	0.174547	0.155835	0.16199	0.173338	0.159932	0.149659	0.162189	0.166286	0.149908	0.160679	0.166408	0.171192	0.189703	0.177918	0.171402	0.175406	0.177334	0.150523	0.147896	0.182546	0.177511	0.166531	0.166531	0.197884	0.194991	0.146543	0.161986	0.150571	0.174207	0.169657	0.17827	0.154508	0.162582	0.159098	0.164167	0.166771	0.168416	0.179176	0.166364	0.161993	0.170775	0.157759	0.198631	0.189731	0.184094	0.185272	0.185101	0.187429	0.176428	0.162117	0.164209	0.170686	0.178576	0.177076	0.183482	0.161895	0.16164	0.165705	0.169751	0.17026	0.172233	0.172071	0.170027	0.172063	0.142222	0.159497	0.133998	0.106755	0.117346	0.125454	0.117075	0.108871	0.113291	0.0907254	0.0750542	0.0869978	0.068122	0.0802777	0	0.132244	0.158199	0.164227	0.162909	0.161587	0.148664	0.146872	0.150993	0.220979	0.338175	0.3405	0.31802	0.382929	0.398031	0.352517	0.388628	0.396981	0.362478	0.300483	0.304242	0.339949	0.361562	0.350992	0.346531	0.40416	0.401278	0.374725	0.40782	0.396072	0.339584	0.314905	0.302014	0.306885	0.331249	0.318007	0.326358	0.303158	0.30219	0.294704	0.305448	0.338663	0.332309	0.334127	0.368526	0.3449	0.364189	0.359629	0.362144	0.458265	0.315036	0.340274	0.349303	0.321256	0.334044	0.312787	0.310774	0.310778	0.337036	0.349531	0.325592	0.331724	0.317495	0.339648	0.330019	0.335118	0.389303	0.395083	0.38578	0.394849	0.359344	0.365509	0.392575	0.356076	0.342188	0.354809	0.349988	0.358523	0.320816	0.316974	0.304608	0.31779	0.317841	0.386666	0.379405	0.381376	0.373739	0.371294
Cinclus_mexicanus	0.286494	0.292608	0.298357	0.328499	0.333966	0.31661	0.31826	0.36157	0.332418	0.412287	0.397284	0.302131	0.27151	0.285973	0.279321	0.275273	0.277291	0.279397	0.299977	0.294809	0.28659	0.297245	0.288989	0.320796	0.292568	0.297038	0.282251	0.316423	0.321257	0.300856	0.300916	0.308138	0.310183	0.281336	0.279322	0.283389	0.281336	0.281335	0.276626	0.291639	0.270143	0.280279	0.280306	0.284312	0.27617	0.382094	0.397374	0.4022	0.404197	0.399368	0.410421	0.412139	0.435006	0.414669	0.348245	0.358694	0.450151	0.505159	0.389483	0.328213	0.334624	0.352305	0.378325	0.34867	0.321139	0.357407	0.27629	0.276893	0.275838	0.326175	0.324159	0.328185	0.352572	0.339286	0.341114	0.262373	0.228252	0.234873	0.248509	0.235561	0.230131	0.226163	0.200265	0.2478	0.234933	0.227546	0.258477	0.243065	0.261903	0.227689	0.220996	0.238464	0.18356	0.191692	0.227418	0.197844	0.208364	0.245493	0.206168	0.205812	0.218704	0.214324	0.207826	0.208879	0.240877	0.217534	0.212285	0.19747	0.216148	0.214726	0.216636	0.1688	0.155426	0.159928	0.180789	0.166272	0.170219	0.176847	0.176317	0.187803	0.16785	0.167726	0.16373	0.16373	0.184997	0.155764	0.17378	0.17625	0.163319	0.173734	0.174856	0.151332	0.172524	0.165052	0.180054	0.161055	0.181885	0.182211	0.157725	0.15441	0.172323	0.180245	0.165502	0.158	0.167222	0.160442	0.16679	0.147376	0.171105	0.15493	0.167956	0.143884	0.154035	0.145723	0.15597	0.168752	0.149338	0.155443	0.168329	0.165758	0.16949	0.150778	0.156933	0.168281	0.154875	0.144602	0.157131	0.161229	0.144851	0.155622	0.161351	0.166135	0.184646	0.172861	0.166345	0.170349	0.172277	0.145466	0.142839	0.177489	0.172454	0.161474	0.161473	0.192827	0.189934	0.141486	0.156929	0.145514	0.169149	0.1646	0.173213	0.149451	0.157525	0.154041	0.15911	0.161713	0.163359	0.174119	0.161307	0.156935	0.165718	0.152702	0.193574	0.184674	0.179036	0.180215	0.180044	0.182372	0.171371	0.15706	0.159152	0.165629	0.173519	0.172019	0.178425	0.156838	0.156583	0.160647	0.164694	0.165203	0.167176	0.167014	0.16497	0.167006	0.137165	0.15444	0.128941	0.110936	0.121527	0.129636	0.121257	0.113052	0.122354	0.118945	0.103274	0.136535	0.117659	0.129815	0.132244	0	0.153142	0.15917	0.157851	0.15653	0.143607	0.141815	0.145936	0.215922	0.333118	0.335442	0.312963	0.377872	0.392974	0.34746	0.383571	0.391924	0.357421	0.295425	0.299185	0.334892	0.356505	0.345935	0.341474	0.399103	0.39622	0.369668	0.402763	0.391015	0.334527	0.309848	0.296957	0.301828	0.326192	0.312949	0.321301	0.298101	0.297132	0.289647	0.300391	0.333606	0.327252	0.32907	0.363469	0.339843	0.359132	0.354572	0.357087	0.453207	0.309979	0.335216	0.344246	0.316198	0.328986	0.30773	0.305717	0.305721	0.331979	0.344474	0.320535	0.326666	0.312438	0.334591	0.324962	0.330061	0.384246	0.390026	0.380723	0.389791	0.354287	0.360452	0.387518	0.351019	0.33713	0.349752	0.34493	0.353466	0.315759	0.311917	0.299551	0.312733	0.312784	0.381609	0.374348	0.376319	0.368682	0.366237
Sitta_europaea	0.263443	0.269558	0.275307	0.305449	0.310916	0.29356	0.295209	0.338519	0.309367	0.389237	0.374234	0.279081	0.248459	0.262923	0.256271	0.252223	0.25424	0.256347	0.276927	0.271759	0.26354	0.274195	0.265938	0.297746	0.269517	0.273987	0.2592	0.293372	0.298206	0.277806	0.277865	0.285087	0.287132	0.258286	0.256272	0.260338	0.258285	0.258284	0.253575	0.268589	0.247092	0.257228	0.257256	0.261262	0.253119	0.359043	0.374324	0.37915	0.381147	0.376317	0.38737	0.389089	0.411955	0.391618	0.325194	0.335643	0.4271	0.482109	0.366432	0.305162	0.311573	0.329255	0.355274	0.32562	0.298088	0.334357	0.25324	0.253842	0.252788	0.303125	0.301108	0.305135	0.329521	0.316236	0.318063	0.239323	0.205202	0.211823	0.225459	0.212511	0.20708	0.203112	0.177215	0.224749	0.211883	0.204495	0.235427	0.220015	0.238852	0.204639	0.197946	0.215414	0.16051	0.168642	0.204367	0.174794	0.185313	0.222442	0.183117	0.182761	0.195653	0.191274	0.184775	0.185829	0.217827	0.194484	0.189234	0.17442	0.193097	0.191676	0.193585	0.145749	0.132376	0.136878	0.157738	0.143221	0.147169	0.153797	0.153266	0.164753	0.1448	0.144676	0.14068	0.14068	0.161947	0.132713	0.15073	0.1532	0.140268	0.150684	0.151805	0.128282	0.149474	0.142002	0.157003	0.138005	0.158835	0.15916	0.134675	0.131359	0.149273	0.157195	0.142452	0.134949	0.144171	0.137392	0.143739	0.124326	0.148054	0.13188	0.144905	0.120834	0.130984	0.122672	0.132919	0.145702	0.126288	0.132393	0.145278	0.142707	0.14644	0.127727	0.133883	0.14523	0.131824	0.121552	0.134081	0.138178	0.1218	0.132571	0.138301	0.143084	0.161595	0.149811	0.143294	0.147299	0.149227	0.122415	0.119789	0.154439	0.149404	0.138423	0.138423	0.169777	0.166883	0.118436	0.133879	0.122463	0.146099	0.141549	0.150162	0.1264	0.134475	0.13099	0.13606	0.138663	0.140308	0.151069	0.138256	0.133885	0.142667	0.129651	0.170523	0.161623	0.155986	0.157165	0.156993	0.159321	0.14832	0.134009	0.136101	0.142579	0.150469	0.148968	0.155374	0.133788	0.133533	0.137597	0.141644	0.142153	0.144126	0.143963	0.14192	0.143956	0.114114	0.13139	0.108423	0.136891	0.147482	0.155591	0.147212	0.139007	0.148309	0.1449	0.129229	0.16249	0.143614	0.15577	0.158199	0.153142	0	0.13612	0.134801	0.13348	0.120557	0.118765	0.122885	0.192872	0.310067	0.312392	0.289913	0.354822	0.369923	0.324409	0.36052	0.368874	0.334371	0.272375	0.276134	0.311842	0.333455	0.322885	0.318423	0.376053	0.37317	0.346618	0.379712	0.367965	0.311476	0.286797	0.273907	0.278778	0.303142	0.289899	0.298251	0.27505	0.274082	0.266596	0.27734	0.310556	0.304202	0.30602	0.340419	0.316792	0.336082	0.331521	0.334036	0.430157	0.286929	0.312166	0.321195	0.293148	0.305936	0.284679	0.282667	0.28267	0.308929	0.321424	0.297485	0.303616	0.289388	0.31154	0.301911	0.307011	0.361196	0.366976	0.357672	0.366741	0.331237	0.337402	0.364468	0.327968	0.31408	0.326702	0.32188	0.330415	0.292708	0.288867	0.2765	0.289683	0.289734	0.358558	0.351297	0.353269	0.345631	0.343186
Polioptila_caerulea	0.265587	0.271702	0.27745	0.307592	0.313059	0.295704	0.297353	0.340663	0.311511	0.39138	0.376377	0.281224	0.250603	0.265066	0.258414	0.254366	0.256384	0.258491	0.279071	0.273903	0.265683	0.276338	0.268082	0.299889	0.271661	0.276131	0.261344	0.295516	0.30035	0.279949	0.280009	0.287231	0.289276	0.260429	0.258415	0.262482	0.260429	0.260428	0.255719	0.270732	0.249236	0.259372	0.259399	0.263405	0.255263	0.361187	0.376467	0.381293	0.38329	0.378461	0.389514	0.391232	0.414099	0.393762	0.327338	0.337787	0.429244	0.484252	0.368576	0.307306	0.313717	0.331398	0.357418	0.327763	0.300232	0.3365	0.255383	0.255986	0.254931	0.305268	0.303252	0.307278	0.331665	0.318379	0.320207	0.241466	0.207345	0.213966	0.227602	0.214654	0.209224	0.205256	0.179358	0.226893	0.214026	0.206639	0.237571	0.222158	0.240996	0.206782	0.200089	0.217557	0.162653	0.170785	0.206511	0.176937	0.187457	0.224586	0.185261	0.184905	0.197797	0.193417	0.186919	0.187973	0.21997	0.196627	0.191378	0.176563	0.195241	0.193819	0.195729	0.147893	0.134519	0.139021	0.159882	0.145365	0.149313	0.15594	0.15541	0.166896	0.146943	0.146819	0.142823	0.142823	0.16409	0.134857	0.152873	0.155343	0.142412	0.152827	0.153949	0.130425	0.151617	0.144145	0.159147	0.140149	0.160978	0.161304	0.136818	0.133503	0.151416	0.159338	0.144595	0.137093	0.146315	0.139535	0.145883	0.126469	0.150198	0.134024	0.147049	0.122977	0.133128	0.124816	0.135063	0.147846	0.128431	0.134536	0.147422	0.144851	0.148583	0.129871	0.136026	0.147374	0.133968	0.123695	0.136224	0.140322	0.123944	0.134715	0.140444	0.145228	0.163739	0.151954	0.145438	0.149442	0.15137	0.124559	0.121932	0.156582	0.151547	0.140567	0.140567	0.171926	0.169033	0.120585	0.136028	0.124613	0.148248	0.143699	0.152312	0.12855	0.136624	0.13314	0.138209	0.140812	0.142458	0.153218	0.140406	0.136034	0.144817	0.131801	0.172673	0.163773	0.158135	0.159314	0.159143	0.161471	0.15047	0.136159	0.138251	0.144728	0.152618	0.151118	0.157524	0.135937	0.135682	0.139746	0.143793	0.144302	0.146275	0.146113	0.144069	0.146105	0.116264	0.133539	0.114451	0.142919	0.15351	0.161619	0.15324	0.145035	0.154337	0.150928	0.135257	0.168518	0.149642	0.161798	0.164227	0.15917	0.13612	0	0.0848231	0.115626	0.102703	0.120908	0.125029	0.195015	0.312211	0.314536	0.292056	0.356965	0.372067	0.326553	0.362664	0.371017	0.336514	0.274519	0.278278	0.313985	0.335598	0.325028	0.320567	0.378196	0.375313	0.348761	0.381856	0.370108	0.31362	0.288941	0.27605	0.280921	0.305285	0.292043	0.300394	0.277194	0.276226	0.26874	0.279484	0.312699	0.306345	0.308163	0.342562	0.318936	0.338225	0.333665	0.33618	0.432301	0.289072	0.31431	0.323339	0.295292	0.308079	0.286823	0.28481	0.284814	0.311072	0.323567	0.299628	0.30576	0.291531	0.313684	0.304055	0.309154	0.363339	0.369119	0.359816	0.368885	0.33338	0.339545	0.366611	0.330112	0.316224	0.328845	0.324024	0.332559	0.294852	0.29101	0.278644	0.291826	0.291877	0.360702	0.353441	0.355412	0.347775	0.34533
Thryothorus_ludovicianus	0.264268	0.270383	0.276132	0.306274	0.311741	0.294385	0.296034	0.339344	0.310192	0.390062	0.375059	0.279906	0.249284	0.263748	0.257096	0.253048	0.255065	0.257172	0.277752	0.272584	0.264365	0.27502	0.266763	0.298571	0.270342	0.274812	0.260025	0.294197	0.299031	0.278631	0.27869	0.285912	0.287957	0.259111	0.257097	0.261163	0.25911	0.259109	0.2544	0.269414	0.247917	0.258053	0.258081	0.262087	0.253944	0.359868	0.375149	0.379975	0.381972	0.377142	0.388195	0.389914	0.41278	0.392443	0.326019	0.336468	0.427925	0.482934	0.367257	0.305987	0.312398	0.33008	0.356099	0.326445	0.298913	0.335182	0.254065	0.254667	0.253613	0.30395	0.301933	0.30596	0.330346	0.317061	0.318888	0.240148	0.206027	0.212648	0.226284	0.213336	0.207905	0.203937	0.17804	0.225574	0.212708	0.20532	0.236252	0.22084	0.239677	0.205464	0.198771	0.216239	0.161335	0.169467	0.205192	0.175619	0.186138	0.223267	0.183942	0.183586	0.196478	0.192099	0.1856	0.186654	0.218652	0.195309	0.190059	0.175245	0.193922	0.192501	0.19441	0.146574	0.133201	0.137703	0.158563	0.144046	0.147994	0.154622	0.154091	0.165578	0.145625	0.145501	0.141505	0.141505	0.162772	0.133538	0.151555	0.154025	0.141093	0.151509	0.15263	0.129107	0.150299	0.142827	0.157828	0.13883	0.15966	0.159985	0.1355	0.132184	0.150098	0.15802	0.143277	0.135774	0.144996	0.138217	0.144564	0.125151	0.148879	0.132705	0.14573	0.121659	0.131809	0.123497	0.133744	0.146527	0.127113	0.133218	0.146103	0.143532	0.147265	0.128552	0.134708	0.146055	0.132649	0.122377	0.134906	0.139003	0.122625	0.133396	0.139126	0.143909	0.16242	0.150636	0.144119	0.148124	0.150052	0.12324	0.120614	0.155264	0.150229	0.139248	0.139248	0.170607	0.167714	0.119267	0.13471	0.123294	0.14693	0.14238	0.150993	0.127231	0.135306	0.131821	0.13689	0.139494	0.141139	0.1519	0.139087	0.134716	0.143498	0.130482	0.171354	0.162454	0.156817	0.157996	0.157824	0.160152	0.149151	0.13484	0.136932	0.14341	0.1513	0.149799	0.156205	0.134619	0.134364	0.138428	0.142475	0.142984	0.144957	0.144794	0.14275	0.144787	0.114945	0.13222	0.113132	0.1416	0.152192	0.1603	0.151921	0.143716	0.153018	0.149609	0.133938	0.167199	0.148323	0.160479	0.162909	0.157851	0.134801	0.0848231	0	0.114308	0.101384	0.11959	0.12371	0.193697	0.310892	0.313217	0.290738	0.355647	0.370748	0.325234	0.361345	0.369699	0.335196	0.2732	0.276959	0.312667	0.33428	0.32371	0.319248	0.376878	0.373995	0.347443	0.380537	0.36879	0.312301	0.287622	0.274732	0.279603	0.303967	0.290724	0.299076	0.275875	0.274907	0.267421	0.278165	0.311381	0.305027	0.306845	0.341244	0.317617	0.336907	0.332346	0.334861	0.430982	0.287754	0.312991	0.32202	0.293973	0.306761	0.285504	0.283492	0.283495	0.309754	0.322249	0.29831	0.304441	0.290213	0.312365	0.302736	0.307836	0.362021	0.367801	0.358497	0.367566	0.332062	0.338227	0.365293	0.328793	0.314905	0.327527	0.322705	0.33124	0.293533	0.289692	0.277325	0.290508	0.290559	0.359383	0.352122	0.354094	0.346456	0.344011
Certhia_brachydactyla	0.262947	0.269062	0.27481	0.304953	0.31042	0.293064	0.294713	0.338023	0.308871	0.388741	0.373738	0.278584	0.247963	0.262426	0.255774	0.251727	0.253744	0.255851	0.276431	0.271263	0.263044	0.273698	0.265442	0.29725	0.269021	0.273491	0.258704	0.292876	0.29771	0.277309	0.277369	0.284591	0.286636	0.25779	0.255776	0.259842	0.257789	0.257788	0.253079	0.268092	0.246596	0.256732	0.25676	0.260766	0.252623	0.358547	0.373827	0.378654	0.38065	0.375821	0.386874	0.388593	0.411459	0.391122	0.324698	0.335147	0.426604	0.481613	0.365936	0.304666	0.311077	0.328758	0.354778	0.325123	0.297592	0.333861	0.252743	0.253346	0.252292	0.302629	0.300612	0.304639	0.329025	0.315739	0.317567	0.238827	0.204706	0.211327	0.224962	0.212014	0.206584	0.202616	0.176719	0.224253	0.211387	0.203999	0.234931	0.219519	0.238356	0.204143	0.19745	0.214918	0.160014	0.168146	0.203871	0.174298	0.184817	0.221946	0.182621	0.182265	0.195157	0.190777	0.184279	0.185333	0.217331	0.193988	0.188738	0.173924	0.192601	0.191179	0.193089	0.145253	0.13188	0.136381	0.157242	0.142725	0.146673	0.153301	0.15277	0.164257	0.144304	0.14418	0.140184	0.140184	0.16145	0.132217	0.150233	0.152704	0.139772	0.150188	0.151309	0.127786	0.148978	0.141505	0.156507	0.137509	0.158339	0.158664	0.134179	0.130863	0.148776	0.156699	0.141955	0.134453	0.143675	0.136895	0.143243	0.12383	0.147558	0.131384	0.144409	0.120337	0.130488	0.122176	0.132423	0.145206	0.125792	0.131897	0.144782	0.142211	0.145944	0.127231	0.133387	0.144734	0.131328	0.121055	0.133585	0.137682	0.121304	0.132075	0.137805	0.142588	0.161099	0.149314	0.142798	0.146802	0.148731	0.121919	0.119292	0.153943	0.148908	0.137927	0.137927	0.169286	0.166393	0.117946	0.133389	0.121973	0.145609	0.141059	0.149672	0.12591	0.133985	0.1305	0.135569	0.138173	0.139818	0.150579	0.137766	0.133395	0.142177	0.129161	0.170033	0.161133	0.155496	0.156674	0.156503	0.158831	0.14783	0.133519	0.135611	0.142088	0.149978	0.148478	0.154884	0.133297	0.133042	0.137107	0.141154	0.141662	0.143635	0.143473	0.141429	0.143465	0.113624	0.130899	0.111811	0.140279	0.15087	0.158979	0.1506	0.142395	0.151697	0.148288	0.132617	0.165878	0.147002	0.159158	0.161587	0.15653	0.13348	0.115626	0.114308	0	0.0546919	0.118268	0.122389	0.192376	0.309571	0.311896	0.289416	0.354325	0.369427	0.323913	0.360024	0.368377	0.333875	0.271879	0.275638	0.311346	0.332959	0.322389	0.317927	0.375556	0.372674	0.346121	0.379216	0.367468	0.31098	0.286301	0.27341	0.278281	0.302646	0.289403	0.297755	0.274554	0.273586	0.2661	0.276844	0.31006	0.303706	0.305523	0.339922	0.316296	0.335586	0.331025	0.33354	0.429661	0.286432	0.31167	0.320699	0.292652	0.30544	0.284183	0.282171	0.282174	0.308432	0.320927	0.296989	0.30312	0.288892	0.311044	0.301415	0.306514	0.360699	0.366479	0.357176	0.366245	0.33074	0.336906	0.363972	0.327472	0.313584	0.326206	0.321384	0.329919	0.292212	0.28837	0.276004	0.289187	0.289237	0.358062	0.350801	0.352773	0.345135	0.34269
Certhia_familiaris	0.250024	0.256139	0.261887	0.292029	0.297496	0.280141	0.28179	0.3251	0.295948	0.375817	0.360814	0.265661	0.23504	0.249503	0.242851	0.238803	0.240821	0.242928	0.263508	0.25834	0.25012	0.260775	0.252519	0.284326	0.256098	0.260568	0.245781	0.279953	0.284787	0.264386	0.264446	0.271668	0.273713	0.244866	0.242852	0.246919	0.244866	0.244865	0.240156	0.255169	0.233673	0.243809	0.243836	0.247842	0.2397	0.345624	0.360904	0.36573	0.367727	0.362898	0.373951	0.375669	0.398536	0.378199	0.311775	0.322224	0.413681	0.468689	0.353013	0.291743	0.298154	0.315835	0.341855	0.3122	0.284669	0.320937	0.23982	0.240423	0.239368	0.289705	0.287689	0.291715	0.316102	0.302816	0.304644	0.225903	0.191782	0.198403	0.212039	0.199091	0.193661	0.189693	0.163795	0.21133	0.198463	0.191076	0.222008	0.206595	0.225433	0.191219	0.184526	0.201994	0.14709	0.155222	0.190948	0.161374	0.171894	0.209023	0.169698	0.169342	0.182234	0.177854	0.171356	0.17241	0.204407	0.181064	0.175815	0.161	0.179678	0.178256	0.180166	0.13233	0.118956	0.123458	0.144319	0.129802	0.13375	0.140377	0.139847	0.151333	0.13138	0.131256	0.12726	0.12726	0.148527	0.119294	0.13731	0.13978	0.126849	0.137264	0.138386	0.114862	0.136054	0.128582	0.143584	0.124586	0.145415	0.145741	0.121255	0.11794	0.135853	0.143775	0.129032	0.12153	0.130752	0.123972	0.13032	0.110906	0.134635	0.118461	0.131486	0.107414	0.117565	0.109253	0.1195	0.132283	0.112868	0.118973	0.131859	0.129288	0.13302	0.114308	0.120463	0.131811	0.118405	0.108132	0.120661	0.124759	0.108381	0.119152	0.124881	0.129665	0.148176	0.136391	0.129875	0.133879	0.135807	0.108996	0.106369	0.141019	0.135984	0.125004	0.125004	0.156363	0.15347	0.105022	0.120465	0.10905	0.132685	0.128136	0.136749	0.112987	0.121061	0.117577	0.122646	0.125249	0.126895	0.137655	0.124843	0.120471	0.129254	0.116238	0.15711	0.14821	0.142572	0.143751	0.14358	0.145908	0.134907	0.120596	0.122688	0.129165	0.137055	0.135555	0.141961	0.120374	0.120119	0.124183	0.12823	0.128739	0.130712	0.13055	0.128506	0.130542	0.100701	0.117976	0.0988879	0.127356	0.137947	0.146056	0.137677	0.129472	0.138774	0.135365	0.119694	0.152955	0.134079	0.146235	0.148664	0.143607	0.120557	0.102703	0.101384	0.0546919	0	0.105345	0.109466	0.179452	0.296648	0.298973	0.276493	0.341402	0.356504	0.31099	0.347101	0.355454	0.320951	0.258956	0.262715	0.298422	0.320035	0.309465	0.305004	0.362633	0.35975	0.333198	0.366293	0.354545	0.298057	0.273378	0.260487	0.265358	0.289722	0.27648	0.284831	0.261631	0.260663	0.253177	0.263921	0.297136	0.290782	0.2926	0.326999	0.303373	0.322662	0.318102	0.320617	0.416738	0.273509	0.298747	0.307776	0.279729	0.292516	0.27126	0.269247	0.269251	0.295509	0.308004	0.284065	0.290197	0.275968	0.298121	0.288492	0.293591	0.347776	0.353556	0.344253	0.353322	0.317817	0.323982	0.351048	0.314549	0.300661	0.313282	0.308461	0.316996	0.279289	0.275447	0.263081	0.276263	0.276314	0.345139	0.337878	0.339849	0.332212	0.329767
Bombycilla_garrulus	0.244223	0.250338	0.256086	0.286229	0.291696	0.27434	0.275989	0.319299	0.290147	0.370017	0.355014	0.25986	0.229239	0.243702	0.23705	0.233002	0.23502	0.237127	0.257707	0.252539	0.244319	0.254974	0.246718	0.278526	0.250297	0.254767	0.23998	0.274152	0.278986	0.258585	0.258645	0.265867	0.267912	0.239065	0.237052	0.241118	0.239065	0.239064	0.234355	0.249368	0.227872	0.238008	0.238035	0.242041	0.233899	0.339823	0.355103	0.359929	0.361926	0.357097	0.36815	0.369869	0.392735	0.372398	0.305974	0.316423	0.40788	0.462889	0.347212	0.285942	0.292353	0.310034	0.336054	0.306399	0.278868	0.315137	0.234019	0.234622	0.233568	0.283905	0.281888	0.285915	0.310301	0.297015	0.298843	0.220102	0.185981	0.192603	0.206238	0.19329	0.18786	0.183892	0.157995	0.205529	0.192662	0.185275	0.216207	0.200794	0.219632	0.185418	0.178726	0.196194	0.141289	0.149421	0.185147	0.155574	0.166093	0.203222	0.163897	0.163541	0.176433	0.172053	0.165555	0.166609	0.198606	0.175264	0.170014	0.1552	0.173877	0.172455	0.174365	0.126529	0.113156	0.117657	0.138518	0.124001	0.127949	0.134576	0.134046	0.145533	0.125579	0.125456	0.12146	0.12146	0.142726	0.113493	0.131509	0.13398	0.121048	0.131464	0.132585	0.109061	0.130253	0.122781	0.137783	0.118785	0.139615	0.13994	0.115455	0.112139	0.130052	0.137974	0.123231	0.115729	0.124951	0.118171	0.124519	0.105106	0.128834	0.11266	0.125691	0.101619	0.11177	0.103458	0.113705	0.126487	0.107073	0.113178	0.126064	0.123493	0.127225	0.108513	0.114668	0.126016	0.11261	0.102337	0.114866	0.118964	0.102586	0.113357	0.119086	0.12387	0.142381	0.130596	0.12408	0.128084	0.130012	0.103201	0.100574	0.135224	0.130189	0.119209	0.119208	0.154571	0.151678	0.10323	0.118673	0.107258	0.130893	0.126344	0.134957	0.111195	0.119269	0.115785	0.120854	0.123457	0.125103	0.135863	0.123051	0.118679	0.127462	0.114446	0.155318	0.146418	0.14078	0.141959	0.141788	0.144116	0.133115	0.118804	0.120896	0.127373	0.135263	0.133763	0.140169	0.118582	0.118327	0.122391	0.126438	0.126947	0.12892	0.128758	0.126714	0.12875	0.0989088	0.116184	0.0970959	0.125564	0.136155	0.144264	0.135885	0.12768	0.136982	0.133573	0.117902	0.151163	0.132287	0.144443	0.146872	0.141815	0.118765	0.120908	0.11959	0.118268	0.105345	0	0.0765695	0.173651	0.290847	0.293172	0.270692	0.335601	0.350703	0.305189	0.3413	0.349653	0.315151	0.253155	0.256914	0.292622	0.314234	0.303664	0.299203	0.356832	0.35395	0.327397	0.360492	0.348744	0.292256	0.267577	0.254686	0.259557	0.283921	0.270679	0.279031	0.25583	0.254862	0.247376	0.25812	0.291335	0.284981	0.286799	0.321198	0.297572	0.316861	0.312301	0.314816	0.410937	0.267708	0.292946	0.301975	0.273928	0.286716	0.265459	0.263446	0.26345	0.289708	0.302203	0.278265	0.284396	0.270168	0.29232	0.282691	0.28779	0.341975	0.347755	0.338452	0.347521	0.312016	0.318182	0.345247	0.308748	0.29486	0.307481	0.30266	0.311195	0.273488	0.269646	0.25728	0.270463	0.270513	0.339338	0.332077	0.334048	0.326411	0.323966
Phainopepla_nitens	0.248344	0.254459	0.260207	0.290349	0.295816	0.278461	0.28011	0.32342	0.294268	0.374137	0.359134	0.263981	0.23336	0.247823	0.241171	0.237123	0.239141	0.241248	0.261828	0.25666	0.24844	0.259095	0.250839	0.282646	0.254418	0.258888	0.244101	0.278273	0.283107	0.262706	0.262766	0.269988	0.272033	0.243186	0.241172	0.245239	0.243186	0.243185	0.238476	0.253489	0.231993	0.242129	0.242156	0.246162	0.23802	0.343944	0.359224	0.36405	0.366047	0.361218	0.372271	0.373989	0.396856	0.376519	0.310095	0.320544	0.412001	0.467009	0.351333	0.290063	0.296474	0.314155	0.340175	0.31052	0.282989	0.319257	0.23814	0.238743	0.237688	0.288025	0.286009	0.290035	0.314422	0.301136	0.302964	0.224223	0.190102	0.196723	0.210359	0.197411	0.191981	0.188013	0.162115	0.20965	0.196783	0.189396	0.220328	0.204915	0.223753	0.189539	0.182847	0.200314	0.14541	0.153542	0.189268	0.159694	0.170214	0.207343	0.168018	0.167662	0.180554	0.176174	0.169676	0.17073	0.202727	0.179385	0.174135	0.159321	0.177998	0.176576	0.178486	0.13065	0.117276	0.121778	0.142639	0.128122	0.13207	0.138697	0.138167	0.149653	0.1297	0.129576	0.12558	0.12558	0.146847	0.117614	0.13563	0.1381	0.125169	0.135584	0.136706	0.113182	0.134374	0.126902	0.141904	0.122906	0.143735	0.144061	0.119575	0.11626	0.134173	0.142095	0.127352	0.11985	0.129072	0.122292	0.12864	0.109227	0.132955	0.116781	0.129812	0.10574	0.115891	0.107579	0.117826	0.130608	0.111194	0.117299	0.130185	0.127614	0.131346	0.112634	0.118789	0.130137	0.116731	0.106458	0.118987	0.123084	0.106706	0.117478	0.123207	0.12799	0.146501	0.134717	0.1282	0.132205	0.134133	0.107321	0.104695	0.139345	0.13431	0.123329	0.123329	0.158692	0.155798	0.107351	0.122794	0.111379	0.135014	0.130465	0.139078	0.115316	0.12339	0.119906	0.124975	0.127578	0.129224	0.139984	0.127172	0.1228	0.131583	0.118567	0.159439	0.150539	0.144901	0.14608	0.145908	0.148237	0.137236	0.122924	0.125016	0.131494	0.139384	0.137884	0.14429	0.122703	0.122448	0.126512	0.130559	0.131068	0.133041	0.132879	0.130835	0.132871	0.10303	0.120305	0.101217	0.129685	0.140276	0.148384	0.140006	0.131801	0.141103	0.137694	0.122023	0.155283	0.136408	0.148563	0.150993	0.145936	0.122885	0.125029	0.12371	0.122389	0.109466	0.0765695	0	0.177772	0.294968	0.297293	0.274813	0.339722	0.354824	0.30931	0.345421	0.353774	0.319271	0.257276	0.261035	0.296742	0.318355	0.307785	0.303324	0.360953	0.358071	0.331518	0.364613	0.352865	0.296377	0.271698	0.258807	0.263678	0.288042	0.2748	0.283151	0.259951	0.258983	0.251497	0.262241	0.295456	0.289102	0.29092	0.325319	0.301693	0.320982	0.316422	0.318937	0.415058	0.271829	0.297067	0.306096	0.278049	0.290836	0.26958	0.267567	0.267571	0.293829	0.306324	0.282385	0.288517	0.274288	0.296441	0.286812	0.291911	0.346096	0.351876	0.342573	0.351642	0.316137	0.322302	0.349368	0.312869	0.298981	0.311602	0.306781	0.315316	0.277609	0.273767	0.261401	0.274583	0.274634	0.343459	0.336198	0.338169	0.330532	0.328087
Pomatostomus_ruficeps	0.249031	0.255146	0.260894	0.291037	0.296504	0.279148	0.280797	0.324107	0.294955	0.374825	0.359822	0.264668	0.234047	0.24851	0.241858	0.237811	0.239828	0.241935	0.262515	0.257347	0.249128	0.259782	0.251526	0.283334	0.255105	0.259575	0.244788	0.27896	0.283794	0.263393	0.263453	0.270675	0.27272	0.243874	0.24186	0.245926	0.243873	0.243872	0.239163	0.254176	0.23268	0.242816	0.242844	0.24685	0.238707	0.344631	0.359911	0.364738	0.366734	0.361905	0.372958	0.374677	0.397543	0.377206	0.310782	0.321231	0.412688	0.467697	0.35202	0.29075	0.297161	0.314842	0.340862	0.311207	0.283676	0.319945	0.238827	0.23943	0.238376	0.288713	0.286696	0.290723	0.315109	0.301823	0.303651	0.224911	0.19079	0.197411	0.211046	0.198098	0.192668	0.1887	0.162803	0.210337	0.197471	0.190083	0.221015	0.205603	0.22444	0.190227	0.183534	0.201002	0.146098	0.15423	0.189955	0.160382	0.170901	0.20803	0.168705	0.168349	0.181241	0.176861	0.170363	0.171417	0.203415	0.180072	0.174822	0.160008	0.178685	0.177263	0.179173	0.165547	0.159129	0.163631	0.184491	0.169975	0.173922	0.18055	0.18002	0.191506	0.171553	0.171429	0.167433	0.167433	0.1887	0.159467	0.177483	0.179953	0.167022	0.177437	0.178558	0.155035	0.176227	0.168755	0.183757	0.164758	0.185588	0.185913	0.161428	0.158112	0.176026	0.183948	0.169205	0.161702	0.183386	0.180197	0.186544	0.167131	0.190859	0.178511	0.199798	0.175726	0.185877	0.177565	0.187812	0.200595	0.18118	0.187285	0.200171	0.1976	0.201332	0.18262	0.188775	0.200123	0.186717	0.176444	0.188973	0.193071	0.176693	0.187464	0.193193	0.197977	0.216488	0.204703	0.198187	0.202191	0.204119	0.177308	0.174681	0.209331	0.204296	0.193316	0.193316	0.228678	0.225785	0.177337	0.19278	0.181365	0.205001	0.200451	0.209064	0.185302	0.193376	0.189892	0.194961	0.197565	0.19921	0.20997	0.197158	0.192787	0.201569	0.188553	0.229425	0.220525	0.214888	0.216066	0.215895	0.218223	0.207222	0.192911	0.195003	0.20148	0.20937	0.20787	0.214276	0.192689	0.192434	0.196499	0.200545	0.201054	0.203027	0.202865	0.200821	0.202857	0.173016	0.190291	0.171203	0.199671	0.210262	0.218371	0.209992	0.201787	0.211089	0.20768	0.192009	0.22527	0.206394	0.21855	0.220979	0.215922	0.192872	0.195015	0.193697	0.192376	0.179452	0.173651	0.177772	0	0.295655	0.29798	0.2755	0.340409	0.355511	0.309997	0.346108	0.354461	0.319959	0.257963	0.261722	0.29743	0.319043	0.308473	0.304011	0.36164	0.358758	0.332205	0.3653	0.353552	0.297064	0.272385	0.259494	0.264365	0.288729	0.275487	0.283839	0.260638	0.25967	0.252184	0.262928	0.296144	0.28979	0.291607	0.326006	0.30238	0.32167	0.317109	0.319624	0.415745	0.272516	0.297754	0.306783	0.278736	0.291524	0.270267	0.268255	0.268258	0.294516	0.307011	0.283073	0.289204	0.274976	0.297128	0.287499	0.292598	0.346783	0.352563	0.34326	0.352329	0.316824	0.32299	0.350056	0.313556	0.299668	0.31229	0.307468	0.316003	0.278296	0.274454	0.262088	0.275271	0.275321	0.344146	0.336885	0.338857	0.331219	0.328774
Nyctiprogne_leucopyga	0.175134	0.181249	0.186997	0.217139	0.222606	0.205251	0.2069	0.250215	0.221063	0.300933	0.28593	0.198813	0.168192	0.182655	0.176003	0.171956	0.173973	0.17608	0.19666	0.191492	0.183273	0.193927	0.185671	0.217479	0.18925	0.19372	0.178933	0.213105	0.217939	0.197538	0.197598	0.20482	0.206865	0.178019	0.176005	0.180071	0.178018	0.178017	0.197862	0.212875	0.191379	0.201515	0.201542	0.205548	0.197406	0.30333	0.31861	0.323436	0.325433	0.320604	0.331657	0.333375	0.356242	0.335905	0.269481	0.27993	0.371387	0.426395	0.310719	0.249449	0.25586	0.273541	0.299561	0.269906	0.242375	0.278643	0.2088	0.209403	0.208348	0.258685	0.256669	0.260696	0.285082	0.271796	0.273624	0.267169	0.264138	0.270759	0.284395	0.271447	0.266017	0.262049	0.236151	0.283686	0.270819	0.263431	0.294363	0.278951	0.297789	0.263575	0.256882	0.27435	0.219446	0.227578	0.263304	0.23373	0.244249	0.281379	0.242053	0.241698	0.25459	0.25021	0.256255	0.257309	0.29646	0.273117	0.291718	0.276904	0.295581	0.294159	0.296069	0.282742	0.276325	0.280826	0.301687	0.28717	0.291118	0.297745	0.297215	0.308702	0.288748	0.288625	0.284628	0.284628	0.305895	0.276662	0.294678	0.297148	0.284217	0.294633	0.295754	0.27223	0.293422	0.28595	0.300952	0.281954	0.302783	0.303109	0.278624	0.275308	0.293221	0.301143	0.2864	0.278898	0.300581	0.297392	0.30374	0.284326	0.308055	0.295706	0.316993	0.292922	0.303072	0.294761	0.305007	0.31779	0.298376	0.304481	0.317366	0.314795	0.318528	0.299815	0.305971	0.317319	0.303912	0.29364	0.306169	0.310266	0.293888	0.30466	0.310389	0.315172	0.333683	0.321899	0.315382	0.319387	0.321315	0.294503	0.291877	0.326527	0.321492	0.310511	0.310511	0.345874	0.34298	0.294533	0.309976	0.29856	0.322196	0.317646	0.326259	0.302497	0.310572	0.307088	0.312157	0.31476	0.316405	0.327166	0.314353	0.309982	0.318764	0.305748	0.34662	0.33772	0.332083	0.333262	0.33309	0.335419	0.324417	0.310106	0.312198	0.318676	0.326566	0.325065	0.331472	0.309885	0.30963	0.313694	0.317741	0.31825	0.320223	0.320061	0.318017	0.320053	0.290211	0.307487	0.288399	0.316867	0.327458	0.335566	0.327187	0.318983	0.328285	0.324876	0.309204	0.342465	0.323589	0.335745	0.338175	0.333118	0.310067	0.312211	0.310892	0.309571	0.296648	0.290847	0.294968	0.295655	0	0.0786596	0.0636908	0.234064	0.249165	0.203652	0.239762	0.248116	0.217726	0.15972	0.16348	0.199187	0.245145	0.234575	0.230114	0.287743	0.284861	0.258308	0.291403	0.279655	0.223167	0.198488	0.185597	0.190468	0.214832	0.20159	0.209942	0.186741	0.185773	0.178287	0.189031	0.222246	0.215892	0.21771	0.252109	0.228483	0.247772	0.243212	0.245727	0.341848	0.198619	0.223857	0.232886	0.204839	0.217627	0.19637	0.194357	0.194361	0.220619	0.233114	0.209176	0.215307	0.201079	0.223231	0.213602	0.218701	0.272886	0.278666	0.269363	0.278432	0.242927	0.249093	0.276158	0.239659	0.225771	0.238392	0.233571	0.242106	0.204399	0.200557	0.188191	0.201374	0.201424	0.270249	0.262988	0.264959	0.257322	0.254877
Antrostomus_carolinensis	0.177459	0.183574	0.189322	0.219464	0.224931	0.207576	0.209225	0.25254	0.223388	0.303258	0.288255	0.201138	0.170517	0.18498	0.178328	0.17428	0.176298	0.178405	0.198985	0.193817	0.185597	0.196252	0.187996	0.219804	0.191575	0.196045	0.181258	0.21543	0.220264	0.199863	0.199923	0.207145	0.20919	0.180343	0.17833	0.182396	0.180343	0.180342	0.200187	0.2152	0.193703	0.20384	0.203867	0.207873	0.199731	0.305655	0.320935	0.325761	0.327758	0.322928	0.333982	0.3357	0.358567	0.33823	0.271806	0.282255	0.373712	0.42872	0.313044	0.251774	0.258184	0.275866	0.301886	0.272231	0.244699	0.280968	0.211125	0.211728	0.210673	0.26101	0.258994	0.26302	0.287407	0.274121	0.275949	0.269494	0.266463	0.273084	0.28672	0.273772	0.268342	0.264374	0.238476	0.286011	0.273144	0.265756	0.296688	0.281276	0.300114	0.2659	0.259207	0.276675	0.221771	0.229903	0.265628	0.236055	0.246574	0.283704	0.244378	0.244023	0.256915	0.252535	0.25858	0.259634	0.298785	0.275442	0.294043	0.279228	0.297906	0.296484	0.298394	0.285067	0.278649	0.283151	0.304012	0.289495	0.293443	0.30007	0.29954	0.311026	0.291073	0.290949	0.286953	0.286953	0.30822	0.278987	0.297003	0.299473	0.286542	0.296957	0.298079	0.274555	0.295747	0.288275	0.303277	0.284279	0.305108	0.305434	0.280948	0.277633	0.295546	0.303468	0.288725	0.281223	0.302906	0.299717	0.306065	0.286651	0.31038	0.298031	0.319318	0.295247	0.305397	0.297085	0.307332	0.320115	0.300701	0.306806	0.319691	0.31712	0.320853	0.30214	0.308296	0.319643	0.306237	0.295965	0.308494	0.312591	0.296213	0.306984	0.312714	0.317497	0.336008	0.324223	0.317707	0.321712	0.32364	0.296828	0.294202	0.328852	0.323817	0.312836	0.312836	0.348198	0.345305	0.296858	0.312301	0.300885	0.324521	0.319971	0.328584	0.304822	0.312897	0.309412	0.314482	0.317085	0.31873	0.329491	0.316678	0.312307	0.321089	0.308073	0.348945	0.340045	0.334408	0.335587	0.335415	0.337743	0.326742	0.312431	0.314523	0.321001	0.328891	0.32739	0.333796	0.31221	0.311955	0.316019	0.320066	0.320575	0.322548	0.322385	0.320342	0.322378	0.292536	0.309812	0.290723	0.319191	0.329783	0.337891	0.329512	0.321307	0.330609	0.3272	0.311529	0.34479	0.325914	0.33807	0.3405	0.335442	0.312392	0.314536	0.313217	0.311896	0.298973	0.293172	0.297293	0.29798	0.0786596	0	0.0660157	0.236389	0.25149	0.205977	0.242087	0.250441	0.22005	0.162045	0.165804	0.201512	0.24747	0.2369	0.232439	0.290068	0.287185	0.260633	0.293728	0.28198	0.225492	0.200813	0.187922	0.192793	0.217157	0.203915	0.212266	0.189066	0.188098	0.180612	0.191356	0.224571	0.218217	0.220035	0.254434	0.230808	0.250097	0.245537	0.248052	0.344173	0.200944	0.226182	0.235211	0.207164	0.219951	0.198695	0.196682	0.196686	0.222944	0.235439	0.2115	0.217632	0.203403	0.225556	0.215927	0.221026	0.275211	0.280991	0.271688	0.280757	0.245252	0.251417	0.278483	0.241984	0.228096	0.240717	0.235896	0.244431	0.206724	0.202882	0.190516	0.203698	0.203749	0.272574	0.265313	0.267284	0.259647	0.257202
Chordeiles_acutipennis	0.154979	0.161094	0.166843	0.196985	0.202452	0.185096	0.186746	0.230061	0.200908	0.280778	0.265775	0.178659	0.148037	0.162501	0.155849	0.151801	0.153818	0.155925	0.176505	0.171337	0.163118	0.173773	0.165516	0.197324	0.169095	0.173566	0.158778	0.192951	0.197784	0.177384	0.177444	0.184665	0.18671	0.157864	0.15585	0.159917	0.157864	0.157863	0.177707	0.19272	0.171224	0.18136	0.181387	0.185394	0.177251	0.283175	0.298455	0.303282	0.305278	0.300449	0.311502	0.313221	0.336087	0.31575	0.249326	0.259775	0.351232	0.406241	0.290564	0.229294	0.235705	0.253386	0.279406	0.249751	0.22222	0.258489	0.188646	0.189248	0.188194	0.238531	0.236514	0.240541	0.264927	0.251642	0.253469	0.247014	0.243983	0.250605	0.26424	0.251292	0.245862	0.241894	0.215997	0.263531	0.250664	0.243277	0.274209	0.258796	0.277634	0.24342	0.236728	0.254196	0.199291	0.207423	0.243149	0.213576	0.224095	0.261224	0.221899	0.221543	0.234435	0.230055	0.236101	0.237155	0.276306	0.252963	0.271563	0.256749	0.275426	0.274005	0.275914	0.262588	0.25617	0.260672	0.281532	0.267016	0.270963	0.277591	0.27706	0.288547	0.268594	0.26847	0.264474	0.264474	0.285741	0.256507	0.274524	0.276994	0.264063	0.274478	0.275599	0.252076	0.273268	0.265796	0.280798	0.261799	0.282629	0.282954	0.258469	0.255153	0.273067	0.280989	0.266246	0.258743	0.280427	0.277238	0.283585	0.264172	0.2879	0.275551	0.296839	0.272767	0.282918	0.274606	0.284853	0.297635	0.278221	0.284326	0.297212	0.294641	0.298373	0.279661	0.285816	0.297164	0.283758	0.273485	0.286014	0.290112	0.273734	0.284505	0.290234	0.295018	0.313529	0.301744	0.295228	0.299232	0.30116	0.274349	0.271722	0.306372	0.301337	0.290357	0.290356	0.325719	0.322826	0.274378	0.289821	0.278406	0.302041	0.297492	0.306105	0.282343	0.290417	0.286933	0.292002	0.294605	0.296251	0.307011	0.294199	0.289827	0.29861	0.285594	0.326466	0.317566	0.311928	0.313107	0.312936	0.315264	0.304263	0.289952	0.292044	0.298521	0.306411	0.304911	0.311317	0.28973	0.289475	0.293539	0.297586	0.298095	0.300068	0.299906	0.297862	0.299898	0.270057	0.287332	0.268244	0.296712	0.307303	0.315412	0.307033	0.298828	0.30813	0.304721	0.28905	0.322311	0.303435	0.315591	0.31802	0.312963	0.289913	0.292056	0.290738	0.289416	0.276493	0.270692	0.274813	0.2755	0.0636908	0.0660157	0	0.213909	0.229011	0.183497	0.219608	0.227961	0.197571	0.139566	0.143325	0.179033	0.224991	0.214421	0.209959	0.267589	0.264706	0.238154	0.271248	0.259501	0.203012	0.178333	0.165443	0.170314	0.194678	0.181435	0.189787	0.166587	0.165618	0.158132	0.168876	0.202092	0.195738	0.197556	0.231955	0.208328	0.227618	0.223058	0.225572	0.321693	0.178465	0.203702	0.212731	0.184684	0.197472	0.176215	0.174203	0.174206	0.200465	0.21296	0.189021	0.195152	0.180924	0.203076	0.193447	0.198547	0.252732	0.258512	0.249208	0.258277	0.222773	0.228938	0.256004	0.219505	0.205616	0.218238	0.213416	0.221951	0.184244	0.180403	0.168036	0.181219	0.18127	0.250094	0.242833	0.244805	0.237167	0.234722
Aegotheles_bennettii	0.219888	0.226003	0.231752	0.261894	0.267361	0.250005	0.251655	0.29497	0.265818	0.345687	0.330684	0.243568	0.212946	0.22741	0.220758	0.21671	0.218727	0.220834	0.241414	0.236246	0.228027	0.238682	0.230426	0.262233	0.234004	0.238475	0.223687	0.25786	0.262694	0.242293	0.242353	0.249574	0.25162	0.222773	0.220759	0.224826	0.222773	0.222772	0.242616	0.257629	0.236133	0.246269	0.246297	0.250303	0.24216	0.348084	0.363364	0.368191	0.370188	0.365358	0.376411	0.37813	0.400996	0.380659	0.314235	0.324684	0.416141	0.47115	0.355473	0.294203	0.300614	0.318295	0.344315	0.31466	0.287129	0.323398	0.253555	0.254157	0.253103	0.30344	0.301423	0.30545	0.329837	0.316551	0.318378	0.311923	0.308893	0.315514	0.329149	0.316201	0.310771	0.306803	0.280906	0.32844	0.315574	0.308186	0.339118	0.323705	0.342543	0.308329	0.301637	0.319105	0.2642	0.272333	0.308058	0.278485	0.289004	0.326133	0.286808	0.286452	0.299344	0.294964	0.30101	0.302064	0.341215	0.317872	0.336472	0.321658	0.340335	0.338914	0.340824	0.327497	0.321079	0.325581	0.346441	0.331925	0.335872	0.3425	0.34197	0.353456	0.333503	0.333379	0.329383	0.329383	0.35065	0.321417	0.339433	0.341903	0.328972	0.339387	0.340508	0.316985	0.338177	0.330705	0.345707	0.326708	0.347538	0.347863	0.323378	0.320062	0.337976	0.345898	0.331155	0.323652	0.345336	0.342147	0.348494	0.329081	0.352809	0.340461	0.361748	0.337676	0.347827	0.339515	0.349762	0.362545	0.34313	0.349235	0.362121	0.35955	0.363282	0.34457	0.350725	0.362073	0.348667	0.338394	0.350923	0.355021	0.338643	0.349414	0.355143	0.359927	0.378438	0.366653	0.360137	0.364141	0.366069	0.339258	0.336631	0.371281	0.366246	0.355266	0.355266	0.390628	0.387735	0.339287	0.35473	0.343315	0.36695	0.362401	0.371014	0.347252	0.355326	0.351842	0.356911	0.359514	0.36116	0.37192	0.359108	0.354737	0.363519	0.350503	0.391375	0.382475	0.376838	0.378016	0.377845	0.380173	0.369172	0.354861	0.356953	0.36343	0.37132	0.36982	0.376226	0.354639	0.354384	0.358448	0.362495	0.363004	0.364977	0.364815	0.362771	0.364807	0.334966	0.352241	0.333153	0.361621	0.372212	0.380321	0.371942	0.363737	0.373039	0.36963	0.353959	0.38722	0.368344	0.3805	0.382929	0.377872	0.354822	0.356965	0.355647	0.354325	0.341402	0.335601	0.339722	0.340409	0.234064	0.236389	0.213909	0	0.261535	0.216021	0.252132	0.260485	0.26248	0.204475	0.208234	0.243942	0.2899	0.27933	0.274868	0.332498	0.329615	0.303063	0.336157	0.32441	0.267921	0.243242	0.230352	0.235223	0.259587	0.246344	0.254696	0.231496	0.230527	0.223041	0.233785	0.267001	0.260647	0.262465	0.296864	0.273237	0.292527	0.287967	0.290481	0.386602	0.243374	0.268611	0.277641	0.249593	0.262381	0.241124	0.239112	0.239115	0.265374	0.277869	0.25393	0.260061	0.245833	0.267985	0.258356	0.263456	0.317641	0.323421	0.314117	0.323186	0.287682	0.293847	0.320913	0.284414	0.270525	0.283147	0.278325	0.28686	0.249153	0.245312	0.232945	0.246128	0.246179	0.315003	0.307742	0.309714	0.302076	0.299632
Chaetura_pelagica	0.23499	0.241105	0.246853	0.276996	0.282463	0.265107	0.266756	0.310071	0.280919	0.360789	0.345786	0.258669	0.228048	0.242512	0.235859	0.231812	0.233829	0.235936	0.256516	0.251348	0.243129	0.253784	0.245527	0.277335	0.249106	0.253576	0.238789	0.272961	0.277795	0.257395	0.257454	0.264676	0.266721	0.237875	0.235861	0.239927	0.237874	0.237873	0.257718	0.272731	0.251235	0.261371	0.261398	0.265404	0.257262	0.363186	0.378466	0.383292	0.385289	0.38046	0.391513	0.393231	0.416098	0.395761	0.329337	0.339786	0.431243	0.486251	0.370575	0.309305	0.315716	0.333397	0.359417	0.329762	0.302231	0.338499	0.268656	0.269259	0.268205	0.318542	0.316525	0.320552	0.344938	0.331652	0.33348	0.327025	0.323994	0.330615	0.344251	0.331303	0.325873	0.321905	0.296007	0.343542	0.330675	0.323288	0.354219	0.338807	0.357645	0.323431	0.316738	0.334206	0.279302	0.287434	0.32316	0.293586	0.304106	0.341235	0.30191	0.301554	0.314446	0.310066	0.316112	0.317165	0.356316	0.332974	0.351574	0.33676	0.355437	0.354015	0.355925	0.342598	0.336181	0.340682	0.361543	0.347026	0.350974	0.357601	0.357071	0.368558	0.348605	0.348481	0.344485	0.344485	0.365751	0.336518	0.354534	0.357005	0.344073	0.354489	0.35561	0.332087	0.353279	0.345806	0.360808	0.34181	0.36264	0.362965	0.33848	0.335164	0.353077	0.361	0.346256	0.338754	0.360437	0.357248	0.363596	0.344182	0.367911	0.355562	0.376849	0.352778	0.362928	0.354617	0.364864	0.377646	0.358232	0.364337	0.377223	0.374651	0.378384	0.359671	0.365827	0.377175	0.363769	0.353496	0.366025	0.370122	0.353744	0.364516	0.370245	0.375028	0.393539	0.381755	0.375238	0.379243	0.381171	0.354359	0.351733	0.386383	0.381348	0.370367	0.370367	0.40573	0.402836	0.354389	0.369832	0.358417	0.382052	0.377502	0.386116	0.362353	0.370428	0.366944	0.372013	0.374616	0.376261	0.387022	0.37421	0.369838	0.378621	0.365605	0.406477	0.397576	0.391939	0.393118	0.392946	0.395275	0.384273	0.369962	0.372054	0.378532	0.386422	0.384921	0.391328	0.369741	0.369486	0.37355	0.377597	0.378106	0.380079	0.379917	0.377873	0.379909	0.350068	0.367343	0.348255	0.376723	0.387314	0.395422	0.387044	0.378839	0.388141	0.384732	0.36906	0.402321	0.383445	0.395601	0.398031	0.392974	0.369923	0.372067	0.370748	0.369427	0.356504	0.350703	0.354824	0.355511	0.249165	0.25149	0.229011	0.261535	0	0.11032	0.238073	0.246426	0.277582	0.219576	0.223336	0.259043	0.305001	0.294431	0.28997	0.347599	0.344717	0.318164	0.351259	0.339511	0.283023	0.258344	0.245453	0.250324	0.274688	0.261446	0.269798	0.246597	0.245629	0.238143	0.248887	0.282103	0.275749	0.277566	0.311965	0.288339	0.307628	0.303068	0.305583	0.401704	0.258475	0.283713	0.292742	0.264695	0.277483	0.256226	0.254214	0.254217	0.280475	0.29297	0.269032	0.275163	0.260935	0.283087	0.273458	0.278557	0.332742	0.338522	0.329219	0.338288	0.302783	0.308949	0.336015	0.299515	0.285627	0.298248	0.293427	0.301962	0.264255	0.260413	0.248047	0.26123	0.26128	0.330105	0.322844	0.324815	0.317178	0.314733
Hemiprocne_comata	0.189476	0.195591	0.201339	0.231482	0.236949	0.219593	0.221242	0.264558	0.235405	0.315275	0.300272	0.213156	0.182534	0.196998	0.190346	0.186298	0.188315	0.190422	0.211002	0.205834	0.197615	0.20827	0.200013	0.231821	0.203592	0.208062	0.193275	0.227447	0.232281	0.211881	0.21194	0.219162	0.221207	0.192361	0.190347	0.194413	0.19236	0.19236	0.212204	0.227217	0.205721	0.215857	0.215884	0.21989	0.211748	0.317672	0.332952	0.337778	0.339775	0.334946	0.345999	0.347717	0.370584	0.350247	0.283823	0.294272	0.385729	0.440737	0.325061	0.263791	0.270202	0.287883	0.313903	0.284248	0.256717	0.292986	0.223142	0.223745	0.222691	0.273028	0.271011	0.275038	0.299424	0.286138	0.287966	0.281511	0.27848	0.285101	0.298737	0.285789	0.280359	0.276391	0.250493	0.298028	0.285161	0.277774	0.308706	0.293293	0.312131	0.277917	0.271224	0.288692	0.233788	0.24192	0.277646	0.248072	0.258592	0.295721	0.256396	0.25604	0.268932	0.264552	0.270598	0.271651	0.310803	0.28746	0.30606	0.291246	0.309923	0.308502	0.310411	0.297085	0.290667	0.295169	0.316029	0.301512	0.30546	0.312088	0.311557	0.323044	0.303091	0.302967	0.298971	0.298971	0.320238	0.291004	0.30902	0.311491	0.298559	0.308975	0.310096	0.286573	0.307765	0.300293	0.315294	0.296296	0.317126	0.317451	0.292966	0.28965	0.307564	0.315486	0.300743	0.29324	0.314923	0.311734	0.318082	0.298669	0.322397	0.310048	0.331336	0.307264	0.317415	0.309103	0.31935	0.332132	0.312718	0.318823	0.331709	0.329138	0.33287	0.314158	0.320313	0.331661	0.318255	0.307982	0.320511	0.324608	0.30823	0.319002	0.324731	0.329514	0.348025	0.336241	0.329724	0.333729	0.335657	0.308845	0.306219	0.340869	0.335834	0.324853	0.324853	0.360216	0.357322	0.308875	0.324318	0.312903	0.336538	0.331989	0.340602	0.31684	0.324914	0.32143	0.326499	0.329102	0.330748	0.341508	0.328696	0.324324	0.333107	0.320091	0.360963	0.352063	0.346425	0.347604	0.347432	0.349761	0.33876	0.324448	0.32654	0.333018	0.340908	0.339408	0.345814	0.324227	0.323972	0.328036	0.332083	0.332592	0.334565	0.334403	0.332359	0.334395	0.304554	0.321829	0.302741	0.331209	0.3418	0.349908	0.34153	0.333325	0.342627	0.339218	0.323547	0.356807	0.337932	0.350087	0.352517	0.34746	0.324409	0.326553	0.325234	0.323913	0.31099	0.305189	0.30931	0.309997	0.203652	0.205977	0.183497	0.216021	0.11032	0	0.192559	0.200912	0.232068	0.174063	0.177822	0.213529	0.259488	0.248918	0.244456	0.302085	0.299203	0.272651	0.305745	0.293998	0.237509	0.21283	0.19994	0.204811	0.229175	0.215932	0.224284	0.201083	0.200115	0.192629	0.203373	0.236589	0.230235	0.232052	0.266451	0.242825	0.262115	0.257554	0.260069	0.35619	0.212962	0.238199	0.247228	0.219181	0.231969	0.210712	0.2087	0.208703	0.234961	0.247456	0.223518	0.229649	0.215421	0.237573	0.227944	0.233044	0.287228	0.293008	0.283705	0.292774	0.25727	0.263435	0.290501	0.254001	0.240113	0.252735	0.247913	0.256448	0.218741	0.214899	0.202533	0.215716	0.215767	0.284591	0.27733	0.279302	0.271664	0.269219
Calypte_anna	0.225587	0.231702	0.23745	0.267593	0.273059	0.255704	0.257353	0.300668	0.271516	0.351386	0.336383	0.249266	0.218645	0.233108	0.226456	0.222409	0.224426	0.226533	0.247113	0.241945	0.233726	0.24438	0.236124	0.267932	0.239703	0.244173	0.229386	0.263558	0.268392	0.247991	0.248051	0.255273	0.257318	0.228472	0.226458	0.230524	0.228471	0.22847	0.248315	0.263328	0.241832	0.251968	0.251995	0.256001	0.247859	0.353783	0.369063	0.373889	0.375886	0.371057	0.38211	0.383828	0.406695	0.386358	0.319934	0.330383	0.42184	0.476848	0.361172	0.299902	0.306313	0.323994	0.350014	0.320359	0.292828	0.329096	0.259253	0.259856	0.258802	0.309138	0.307122	0.311149	0.335535	0.322249	0.324077	0.317622	0.314591	0.321212	0.334848	0.3219	0.31647	0.312502	0.286604	0.334139	0.321272	0.313884	0.344816	0.329404	0.348242	0.314028	0.307335	0.324803	0.269899	0.278031	0.313757	0.284183	0.294703	0.331832	0.292506	0.292151	0.305043	0.300663	0.306708	0.307762	0.346913	0.32357	0.342171	0.327357	0.346034	0.344612	0.346522	0.333195	0.326778	0.331279	0.35214	0.337623	0.341571	0.348198	0.347668	0.359155	0.339201	0.339078	0.335082	0.335082	0.356348	0.327115	0.345131	0.347602	0.33467	0.345086	0.346207	0.322683	0.343875	0.336403	0.351405	0.332407	0.353237	0.353562	0.329077	0.325761	0.343674	0.351596	0.336853	0.329351	0.351034	0.347845	0.354193	0.334779	0.358508	0.346159	0.367446	0.343375	0.353525	0.345214	0.355461	0.368243	0.348829	0.354934	0.36782	0.365248	0.368981	0.350268	0.356424	0.367772	0.354365	0.344093	0.356622	0.360719	0.344341	0.355113	0.360842	0.365625	0.384136	0.372352	0.365835	0.36984	0.371768	0.344956	0.34233	0.37698	0.371945	0.360964	0.360964	0.396327	0.393433	0.344986	0.360429	0.349013	0.372649	0.368099	0.376712	0.35295	0.361025	0.357541	0.36261	0.365213	0.366858	0.377619	0.364806	0.360435	0.369217	0.356201	0.397073	0.388173	0.382536	0.383715	0.383543	0.385872	0.37487	0.360559	0.362651	0.369129	0.377019	0.375518	0.381925	0.360338	0.360083	0.364147	0.368194	0.368703	0.370676	0.370514	0.36847	0.370506	0.340664	0.35794	0.338852	0.36732	0.377911	0.386019	0.37764	0.369436	0.378738	0.375329	0.359657	0.392918	0.374042	0.386198	0.388628	0.383571	0.36052	0.362664	0.361345	0.360024	0.347101	0.3413	0.345421	0.346108	0.239762	0.242087	0.219608	0.252132	0.238073	0.192559	0	0.0326792	0.268179	0.210173	0.213933	0.24964	0.295598	0.285028	0.280567	0.338196	0.335314	0.308761	0.341856	0.330108	0.27362	0.248941	0.23605	0.240921	0.265285	0.252043	0.260395	0.237194	0.236226	0.22874	0.239484	0.272699	0.266345	0.268163	0.302562	0.278936	0.298225	0.293665	0.29618	0.392301	0.249072	0.27431	0.283339	0.255292	0.26808	0.246823	0.24481	0.244814	0.271072	0.283567	0.259629	0.26576	0.251532	0.273684	0.264055	0.269154	0.323339	0.329119	0.319816	0.328885	0.29338	0.299546	0.326611	0.290112	0.276224	0.288845	0.284024	0.292559	0.254852	0.25101	0.238644	0.251827	0.251877	0.320702	0.313441	0.315412	0.307775	0.30533
Oreotrochilus_melanogaster	0.23394	0.240055	0.245804	0.275946	0.281413	0.264057	0.265707	0.309022	0.279869	0.359739	0.344736	0.25762	0.226998	0.241462	0.23481	0.230762	0.232779	0.234886	0.255466	0.250298	0.242079	0.252734	0.244477	0.276285	0.248056	0.252527	0.237739	0.271912	0.276745	0.256345	0.256405	0.263626	0.265671	0.236825	0.234811	0.238878	0.236825	0.236824	0.256668	0.271681	0.250185	0.260321	0.260348	0.264355	0.256212	0.362136	0.377416	0.382243	0.384239	0.37941	0.390463	0.392182	0.415048	0.394711	0.328287	0.338736	0.430193	0.485202	0.369525	0.308255	0.314666	0.332347	0.358367	0.328712	0.301181	0.33745	0.267607	0.268209	0.267155	0.317492	0.315475	0.319502	0.343888	0.330603	0.33243	0.325975	0.322944	0.329566	0.343201	0.330253	0.324823	0.320855	0.294958	0.342492	0.329625	0.322238	0.35317	0.337757	0.356595	0.322381	0.315689	0.333157	0.278252	0.286384	0.32211	0.292537	0.303056	0.340185	0.30086	0.300504	0.313396	0.309016	0.315062	0.316116	0.355267	0.331924	0.350524	0.33571	0.354387	0.352966	0.354875	0.341549	0.335131	0.339633	0.360493	0.345977	0.349924	0.356552	0.356021	0.367508	0.347555	0.347431	0.343435	0.343435	0.364702	0.335468	0.353485	0.355955	0.343023	0.353439	0.35456	0.331037	0.352229	0.344757	0.359759	0.34076	0.36159	0.361915	0.33743	0.334114	0.352028	0.35995	0.345207	0.337704	0.359388	0.356199	0.362546	0.343133	0.366861	0.354512	0.3758	0.351728	0.361879	0.353567	0.363814	0.376596	0.357182	0.363287	0.376173	0.373602	0.377334	0.358622	0.364777	0.376125	0.362719	0.352446	0.364975	0.369073	0.352695	0.363466	0.369195	0.373979	0.39249	0.380705	0.374189	0.378193	0.380121	0.35331	0.350683	0.385333	0.380298	0.369318	0.369317	0.40468	0.401787	0.353339	0.368782	0.357367	0.381002	0.376453	0.385066	0.361304	0.369378	0.365894	0.370963	0.373566	0.375212	0.385972	0.37316	0.368788	0.377571	0.364555	0.405427	0.396527	0.390889	0.392068	0.391897	0.394225	0.383224	0.368913	0.371005	0.377482	0.385372	0.383872	0.390278	0.368691	0.368436	0.3725	0.376547	0.377056	0.379029	0.378867	0.376823	0.378859	0.349018	0.366293	0.347205	0.375673	0.386264	0.394373	0.385994	0.377789	0.387091	0.383682	0.368011	0.401272	0.382396	0.394552	0.396981	0.391924	0.368874	0.371017	0.369699	0.368377	0.355454	0.349653	0.353774	0.354461	0.248116	0.250441	0.227961	0.260485	0.246426	0.200912	0.0326792	0	0.276532	0.218527	0.222286	0.257994	0.303952	0.293382	0.28892	0.34655	0.343667	0.317115	0.350209	0.338462	0.281973	0.257294	0.244404	0.249275	0.273639	0.260396	0.268748	0.245548	0.244579	0.237093	0.247837	0.281053	0.274699	0.276517	0.310916	0.287289	0.306579	0.302019	0.304533	0.400654	0.257426	0.282663	0.291692	0.263645	0.276433	0.255176	0.253164	0.253167	0.279426	0.291921	0.267982	0.274113	0.259885	0.282037	0.272408	0.277508	0.331693	0.337473	0.328169	0.337238	0.301734	0.307899	0.334965	0.298466	0.284577	0.297199	0.292377	0.300912	0.263205	0.259364	0.246997	0.26018	0.260231	0.329055	0.321794	0.323766	0.316128	0.313683
Steatornis_caripensis	0.199438	0.205552	0.211301	0.241443	0.24691	0.229554	0.231204	0.274519	0.245367	0.325236	0.310233	0.223117	0.192496	0.206959	0.200307	0.196259	0.198277	0.200384	0.220964	0.215796	0.207576	0.218231	0.209975	0.241782	0.213554	0.218024	0.203237	0.237409	0.242243	0.221842	0.221902	0.229124	0.231169	0.202322	0.200308	0.204375	0.202322	0.202321	0.222166	0.237179	0.215682	0.225819	0.225846	0.229852	0.22171	0.327633	0.342914	0.34774	0.349737	0.344907	0.35596	0.357679	0.380546	0.360208	0.293784	0.304233	0.395691	0.450699	0.335022	0.273752	0.280163	0.297845	0.323864	0.29421	0.266678	0.302947	0.233104	0.233707	0.232652	0.282989	0.280973	0.284999	0.309386	0.2961	0.297928	0.291472	0.288442	0.295063	0.308699	0.295751	0.29032	0.286352	0.260455	0.307989	0.295123	0.287735	0.318667	0.303255	0.322092	0.287879	0.281186	0.298654	0.24375	0.251882	0.287607	0.258034	0.268553	0.305683	0.266357	0.266001	0.278893	0.274514	0.280559	0.281613	0.320764	0.297421	0.316022	0.301207	0.319884	0.318463	0.320373	0.307046	0.300628	0.30513	0.325991	0.311474	0.315421	0.322049	0.321519	0.333005	0.313052	0.312928	0.308932	0.308932	0.330199	0.300966	0.318982	0.321452	0.308521	0.318936	0.320058	0.296534	0.317726	0.310254	0.325256	0.306257	0.327087	0.327413	0.302927	0.299612	0.317525	0.325447	0.310704	0.303202	0.324885	0.321696	0.328043	0.30863	0.332358	0.32001	0.341297	0.317225	0.327376	0.319064	0.329311	0.342094	0.32268	0.328785	0.34167	0.339099	0.342831	0.324119	0.330274	0.341622	0.328216	0.317943	0.330473	0.33457	0.318192	0.328963	0.334692	0.339476	0.357987	0.346202	0.339686	0.34369	0.345618	0.318807	0.31618	0.350831	0.345796	0.334815	0.334815	0.370177	0.367284	0.318837	0.33428	0.322864	0.3465	0.34195	0.350563	0.326801	0.334876	0.331391	0.33646	0.339064	0.340709	0.35147	0.338657	0.334286	0.343068	0.330052	0.370924	0.362024	0.356387	0.357565	0.357394	0.359722	0.348721	0.33441	0.336502	0.342979	0.350869	0.349369	0.355775	0.334188	0.333933	0.337998	0.342045	0.342553	0.344527	0.344364	0.34232	0.344356	0.314515	0.33179	0.312702	0.34117	0.351761	0.35987	0.351491	0.343286	0.352588	0.349179	0.333508	0.366769	0.347893	0.360049	0.362478	0.357421	0.334371	0.336514	0.335196	0.333875	0.320951	0.315151	0.319271	0.319959	0.217726	0.22005	0.197571	0.26248	0.277582	0.232068	0.268179	0.276532	0	0.184024	0.187783	0.223491	0.269449	0.258879	0.254418	0.312047	0.309164	0.282612	0.315707	0.303959	0.247471	0.222792	0.209901	0.214772	0.239136	0.225893	0.234245	0.211045	0.210076	0.202591	0.213335	0.24655	0.240196	0.242014	0.276413	0.252787	0.272076	0.267516	0.270031	0.366151	0.222923	0.24816	0.25719	0.229142	0.24193	0.220674	0.218661	0.218665	0.244923	0.257418	0.233479	0.23961	0.225382	0.247535	0.237906	0.243005	0.29719	0.30297	0.293666	0.302735	0.267231	0.273396	0.300462	0.263963	0.250074	0.262696	0.257874	0.26641	0.228703	0.224861	0.212495	0.225677	0.225728	0.294553	0.287292	0.289263	0.281626	0.279181
Nyctibius_bracteatus	0.137442	0.143556	0.149305	0.179447	0.184914	0.167558	0.169208	0.212523	0.183371	0.263241	0.248237	0.161121	0.1305	0.144963	0.138311	0.134263	0.136281	0.138388	0.158968	0.1538	0.14558	0.156235	0.147979	0.179786	0.151558	0.156028	0.141241	0.175413	0.180247	0.159846	0.159906	0.167128	0.169173	0.140326	0.138312	0.142379	0.140326	0.140325	0.16017	0.175183	0.153686	0.163823	0.16385	0.167856	0.159714	0.265638	0.280918	0.285744	0.287741	0.282911	0.293964	0.295683	0.31855	0.298212	0.231788	0.242238	0.333695	0.388703	0.273026	0.211756	0.218167	0.235849	0.261868	0.232214	0.204682	0.240951	0.171108	0.171711	0.170656	0.220993	0.218977	0.223003	0.24739	0.234104	0.235932	0.229476	0.226446	0.233067	0.246703	0.233755	0.228324	0.224357	0.198459	0.245994	0.233127	0.225739	0.256671	0.241259	0.260097	0.225883	0.21919	0.236658	0.181754	0.189886	0.225611	0.196038	0.206557	0.243687	0.204361	0.204005	0.216897	0.212518	0.218563	0.219617	0.258768	0.235425	0.254026	0.239211	0.257888	0.256467	0.258377	0.24505	0.238632	0.243134	0.263995	0.249478	0.253425	0.260053	0.259523	0.271009	0.251056	0.250932	0.246936	0.246936	0.268203	0.23897	0.256986	0.259456	0.246525	0.25694	0.258062	0.234538	0.25573	0.248258	0.26326	0.244261	0.265091	0.265417	0.240931	0.237616	0.255529	0.263451	0.248708	0.241206	0.262889	0.2597	0.266047	0.246634	0.270362	0.258014	0.279301	0.25523	0.26538	0.257068	0.267315	0.280098	0.260684	0.266789	0.279674	0.277103	0.280836	0.262123	0.268279	0.279626	0.26622	0.255947	0.268477	0.272574	0.256196	0.266967	0.272697	0.27748	0.295991	0.284206	0.27769	0.281695	0.283623	0.256811	0.254184	0.288835	0.2838	0.272819	0.272819	0.308181	0.305288	0.256841	0.272284	0.260868	0.284504	0.279954	0.288567	0.264805	0.27288	0.269395	0.274464	0.277068	0.278713	0.289474	0.276661	0.27229	0.281072	0.268056	0.308928	0.300028	0.294391	0.29557	0.295398	0.297726	0.286725	0.272414	0.274506	0.280984	0.288874	0.287373	0.293779	0.272193	0.271938	0.276002	0.280049	0.280558	0.282531	0.282368	0.280324	0.282361	0.252519	0.269794	0.250706	0.279174	0.289765	0.297874	0.289495	0.28129	0.290592	0.287183	0.271512	0.304773	0.285897	0.298053	0.300483	0.295425	0.272375	0.274519	0.2732	0.271879	0.258956	0.253155	0.257276	0.257963	0.15972	0.162045	0.139566	0.204475	0.219576	0.174063	0.210173	0.218527	0.184024	0	0.0763919	0.153713	0.207453	0.196883	0.192422	0.250051	0.247168	0.220616	0.253711	0.241963	0.185475	0.160796	0.147905	0.152776	0.17714	0.163897	0.172249	0.149049	0.14808	0.140595	0.151339	0.184554	0.1782	0.180018	0.214417	0.190791	0.21008	0.20552	0.208035	0.304155	0.160927	0.186164	0.195194	0.167146	0.179934	0.158678	0.156665	0.156669	0.182927	0.195422	0.171483	0.177614	0.163386	0.185539	0.17591	0.181009	0.235194	0.240974	0.231671	0.240739	0.205235	0.2114	0.238466	0.201967	0.188078	0.2007	0.195879	0.204414	0.166707	0.162865	0.150499	0.163681	0.163732	0.232557	0.225296	0.227267	0.21963	0.217185
Nyctibius_grandis	0.141201	0.147316	0.153064	0.183207	0.188674	0.171318	0.172967	0.216282	0.18713	0.267	0.251997	0.16488	0.134259	0.148722	0.14207	0.138023	0.14004	0.142147	0.162727	0.157559	0.14934	0.159994	0.151738	0.183546	0.155317	0.159787	0.145	0.179172	0.184006	0.163605	0.163665	0.170887	0.172932	0.144086	0.142072	0.146138	0.144085	0.144084	0.163929	0.178942	0.157446	0.167582	0.167609	0.171615	0.163473	0.269397	0.284677	0.289503	0.2915	0.286671	0.297724	0.299442	0.322309	0.301972	0.235548	0.245997	0.337454	0.392462	0.276786	0.215516	0.221927	0.239608	0.265628	0.235973	0.208442	0.24471	0.174867	0.17547	0.174416	0.224752	0.222736	0.226763	0.251149	0.237863	0.239691	0.233236	0.230205	0.236826	0.250462	0.237514	0.232084	0.228116	0.202218	0.249753	0.236886	0.229498	0.26043	0.245018	0.263856	0.229642	0.222949	0.240417	0.185513	0.193645	0.229371	0.199797	0.210317	0.247446	0.20812	0.207765	0.220657	0.216277	0.222322	0.223376	0.262527	0.239185	0.257785	0.242971	0.261648	0.260226	0.262136	0.248809	0.242392	0.246893	0.267754	0.253237	0.257185	0.263812	0.263282	0.274769	0.254815	0.254692	0.250696	0.250696	0.271962	0.242729	0.260745	0.263216	0.250284	0.2607	0.261821	0.238297	0.259489	0.252017	0.267019	0.248021	0.268851	0.269176	0.244691	0.241375	0.259288	0.26721	0.252467	0.244965	0.266648	0.263459	0.269807	0.250393	0.274122	0.261773	0.28306	0.258989	0.269139	0.260828	0.271075	0.283857	0.264443	0.270548	0.283434	0.280862	0.284595	0.265882	0.272038	0.283386	0.269979	0.259707	0.272236	0.276333	0.259955	0.270727	0.276456	0.281239	0.29975	0.287966	0.281449	0.285454	0.287382	0.26057	0.257944	0.292594	0.287559	0.276578	0.276578	0.311941	0.309047	0.2606	0.276043	0.264628	0.288263	0.283713	0.292326	0.268564	0.276639	0.273155	0.278224	0.280827	0.282472	0.293233	0.280421	0.276049	0.284832	0.271815	0.312687	0.303787	0.29815	0.299329	0.299157	0.301486	0.290484	0.276173	0.278265	0.284743	0.292633	0.291132	0.297539	0.275952	0.275697	0.279761	0.283808	0.284317	0.28629	0.286128	0.284084	0.28612	0.256278	0.273554	0.254466	0.282934	0.293525	0.301633	0.293254	0.28505	0.294352	0.290943	0.275271	0.308532	0.289656	0.301812	0.304242	0.299185	0.276134	0.278278	0.276959	0.275638	0.262715	0.256914	0.261035	0.261722	0.16348	0.165804	0.143325	0.208234	0.223336	0.177822	0.213933	0.222286	0.187783	0.0763919	0	0.157472	0.211212	0.200642	0.196181	0.25381	0.250928	0.224375	0.25747	0.245722	0.189234	0.164555	0.151664	0.156535	0.180899	0.167657	0.176009	0.152808	0.15184	0.144354	0.155098	0.188313	0.181959	0.183777	0.218176	0.19455	0.213839	0.209279	0.211794	0.307915	0.164686	0.189924	0.198953	0.170906	0.183694	0.162437	0.160424	0.160428	0.186686	0.199181	0.175243	0.181374	0.167146	0.189298	0.179669	0.184768	0.238953	0.244733	0.23543	0.244499	0.208994	0.21516	0.242225	0.205726	0.191838	0.204459	0.199638	0.208173	0.170466	0.166624	0.154258	0.167441	0.167491	0.236316	0.229055	0.231026	0.223389	0.220944
Podargus_strigoides	0.176909	0.183023	0.188772	0.218914	0.224381	0.207025	0.208675	0.25199	0.222838	0.302707	0.287704	0.200588	0.169967	0.18443	0.177778	0.17373	0.175748	0.177854	0.198434	0.193266	0.185047	0.195702	0.187446	0.219253	0.191025	0.195495	0.180708	0.21488	0.219714	0.199313	0.199373	0.206595	0.20864	0.179793	0.177779	0.181846	0.179793	0.179792	0.199637	0.21465	0.193153	0.203289	0.203317	0.207323	0.19918	0.305104	0.320385	0.325211	0.327208	0.322378	0.333431	0.33515	0.358016	0.337679	0.271255	0.281704	0.373161	0.42817	0.312493	0.251223	0.257634	0.275316	0.301335	0.271681	0.244149	0.280418	0.210575	0.211177	0.210123	0.26046	0.258444	0.26247	0.286857	0.273571	0.275399	0.268943	0.265913	0.272534	0.286169	0.273222	0.267791	0.263823	0.237926	0.28546	0.272594	0.265206	0.296138	0.280726	0.299563	0.26535	0.258657	0.276125	0.221221	0.229353	0.265078	0.235505	0.246024	0.283153	0.243828	0.243472	0.256364	0.251984	0.25803	0.259084	0.298235	0.274892	0.293493	0.278678	0.297355	0.295934	0.297844	0.284517	0.278099	0.282601	0.303462	0.288945	0.292892	0.29952	0.29899	0.310476	0.290523	0.290399	0.286403	0.286403	0.30767	0.278437	0.296453	0.298923	0.285992	0.296407	0.297529	0.274005	0.295197	0.287725	0.302727	0.283728	0.304558	0.304883	0.280398	0.277082	0.294996	0.302918	0.288175	0.280673	0.302356	0.299167	0.305514	0.286101	0.309829	0.297481	0.318768	0.294696	0.304847	0.296535	0.306782	0.319565	0.30015	0.306256	0.319141	0.31657	0.320302	0.30159	0.307745	0.319093	0.305687	0.295414	0.307944	0.312041	0.295663	0.306434	0.312163	0.316947	0.335458	0.323673	0.317157	0.321161	0.323089	0.296278	0.293651	0.328301	0.323267	0.312286	0.312286	0.347648	0.344755	0.296308	0.311751	0.300335	0.323971	0.319421	0.328034	0.304272	0.312347	0.308862	0.313931	0.316535	0.31818	0.32894	0.316128	0.311757	0.320539	0.307523	0.348395	0.339495	0.333858	0.335036	0.334865	0.337193	0.326192	0.311881	0.313973	0.32045	0.32834	0.32684	0.333246	0.311659	0.311404	0.315469	0.319516	0.320024	0.321997	0.321835	0.319791	0.321827	0.291986	0.309261	0.290173	0.318641	0.329232	0.337341	0.328962	0.320757	0.330059	0.32665	0.310979	0.34424	0.325364	0.33752	0.339949	0.334892	0.311842	0.313985	0.312667	0.311346	0.298422	0.292622	0.296742	0.29743	0.199187	0.201512	0.179033	0.243942	0.259043	0.213529	0.24964	0.257994	0.223491	0.153713	0.157472	0	0.24692	0.23635	0.231888	0.289518	0.286635	0.260083	0.293178	0.28143	0.224941	0.200263	0.187372	0.192243	0.216607	0.203364	0.211716	0.188516	0.187547	0.180062	0.190806	0.224021	0.217667	0.219485	0.253884	0.230257	0.249547	0.244987	0.247502	0.343622	0.200394	0.225631	0.234661	0.206613	0.219401	0.198144	0.196132	0.196136	0.222394	0.234889	0.21095	0.217081	0.202853	0.225006	0.215377	0.220476	0.274661	0.280441	0.271137	0.280206	0.244702	0.250867	0.277933	0.241434	0.227545	0.240167	0.235345	0.243881	0.206174	0.202332	0.189966	0.203148	0.203199	0.272024	0.264763	0.266734	0.259097	0.256652
Pterocles_burchelli	0.190503	0.196618	0.202367	0.236516	0.241983	0.224627	0.226277	0.273603	0.244451	0.32432	0.309317	0.222201	0.19158	0.206043	0.199391	0.195343	0.19736	0.199467	0.220047	0.214879	0.20666	0.217315	0.209059	0.240866	0.212638	0.217108	0.202321	0.236493	0.241327	0.220926	0.220986	0.228207	0.230253	0.201406	0.199392	0.203459	0.201406	0.201405	0.221249	0.236262	0.214766	0.224902	0.22493	0.228936	0.220793	0.326717	0.341998	0.346824	0.348821	0.343991	0.355044	0.356763	0.379629	0.359292	0.292868	0.303317	0.394774	0.449783	0.334106	0.272836	0.279247	0.296928	0.322948	0.293294	0.265762	0.302031	0.232188	0.23279	0.231736	0.282073	0.280056	0.284083	0.30847	0.295184	0.297012	0.290556	0.287526	0.294147	0.307782	0.294834	0.289404	0.285436	0.259539	0.307073	0.294207	0.286819	0.317751	0.302339	0.321176	0.286963	0.28027	0.297738	0.242834	0.250966	0.286691	0.257118	0.267637	0.304766	0.265441	0.265085	0.277977	0.273597	0.279643	0.280697	0.319848	0.296505	0.315105	0.300291	0.318968	0.317547	0.319457	0.30613	0.299712	0.304214	0.325074	0.310558	0.314505	0.321133	0.320603	0.332089	0.312136	0.312012	0.308016	0.308016	0.329283	0.30005	0.318066	0.320536	0.307605	0.31802	0.319141	0.295618	0.31681	0.309338	0.32434	0.305341	0.326171	0.326496	0.302011	0.298695	0.316609	0.324531	0.309788	0.302285	0.323969	0.32078	0.327127	0.307714	0.331442	0.319094	0.340381	0.316309	0.32646	0.318148	0.328395	0.341178	0.321763	0.327868	0.340754	0.338183	0.341915	0.323203	0.329358	0.340706	0.3273	0.317027	0.329557	0.333654	0.317276	0.328047	0.333776	0.33856	0.357071	0.345286	0.33877	0.342774	0.344702	0.317891	0.315264	0.349914	0.344879	0.333899	0.333899	0.369261	0.366368	0.31792	0.333363	0.321948	0.345584	0.341034	0.349647	0.325885	0.333959	0.330475	0.335544	0.338148	0.339793	0.350553	0.337741	0.33337	0.342152	0.329136	0.370008	0.361108	0.355471	0.356649	0.356478	0.358806	0.347805	0.333494	0.335586	0.342063	0.349953	0.348453	0.354859	0.333272	0.333017	0.337082	0.341128	0.341637	0.34361	0.343448	0.341404	0.34344	0.313599	0.330874	0.311786	0.340254	0.350845	0.358954	0.350575	0.34237	0.351672	0.348263	0.332592	0.365853	0.346977	0.359133	0.361562	0.356505	0.333455	0.335598	0.33428	0.332959	0.320035	0.314234	0.318355	0.319043	0.245145	0.24747	0.224991	0.2899	0.305001	0.259488	0.295598	0.303952	0.269449	0.207453	0.211212	0.24692	0	0.0951826	0.090721	0.302468	0.299586	0.273668	0.306763	0.295015	0.238526	0.213848	0.200957	0.205828	0.230192	0.216949	0.225301	0.202101	0.201132	0.193647	0.204391	0.237606	0.231252	0.23307	0.267469	0.243842	0.263132	0.258572	0.261087	0.357207	0.213979	0.239216	0.248246	0.220198	0.232986	0.211729	0.209717	0.209721	0.235979	0.248474	0.224535	0.230666	0.216438	0.238595	0.228966	0.234065	0.28825	0.29403	0.284727	0.293795	0.258291	0.264456	0.291522	0.255029	0.24114	0.253762	0.24894	0.257475	0.219768	0.215927	0.20356	0.216743	0.216794	0.285618	0.278357	0.280329	0.272691	0.270246
Pterocles_gutturalis	0.179933	0.186048	0.191797	0.225946	0.231413	0.214057	0.215707	0.263033	0.233881	0.31375	0.298747	0.211631	0.18101	0.195473	0.188821	0.184773	0.186791	0.188897	0.209477	0.204309	0.19609	0.206745	0.198489	0.230296	0.202068	0.206538	0.191751	0.225923	0.230757	0.210356	0.210416	0.217638	0.219683	0.190836	0.188822	0.192889	0.190836	0.190835	0.210679	0.225693	0.204196	0.214332	0.21436	0.218366	0.210223	0.316147	0.331428	0.336254	0.338251	0.333421	0.344474	0.346193	0.369059	0.348722	0.282298	0.292747	0.384204	0.439213	0.323536	0.262266	0.268677	0.286358	0.312378	0.282724	0.255192	0.291461	0.221618	0.22222	0.221166	0.271503	0.269486	0.273513	0.2979	0.284614	0.286442	0.279986	0.276956	0.283577	0.297212	0.284265	0.278834	0.274866	0.248969	0.296503	0.283637	0.276249	0.307181	0.291769	0.310606	0.276393	0.2697	0.287168	0.232264	0.240396	0.276121	0.246548	0.257067	0.294196	0.254871	0.254515	0.267407	0.263027	0.269073	0.270127	0.309278	0.285935	0.304536	0.289721	0.308398	0.306977	0.308887	0.29556	0.289142	0.293644	0.314504	0.299988	0.303935	0.310563	0.310033	0.321519	0.301566	0.301442	0.297446	0.297446	0.318713	0.28948	0.307496	0.309966	0.297035	0.30745	0.308571	0.285048	0.30624	0.298768	0.31377	0.294771	0.315601	0.315926	0.291441	0.288125	0.306039	0.313961	0.299218	0.291715	0.313399	0.31021	0.316557	0.297144	0.320872	0.308524	0.329811	0.305739	0.31589	0.307578	0.317825	0.330608	0.311193	0.317298	0.330184	0.327613	0.331345	0.312633	0.318788	0.330136	0.31673	0.306457	0.318987	0.323084	0.306706	0.317477	0.323206	0.32799	0.346501	0.334716	0.3282	0.332204	0.334132	0.307321	0.304694	0.339344	0.334309	0.323329	0.323329	0.358691	0.355798	0.307351	0.322793	0.311378	0.335014	0.330464	0.339077	0.315315	0.323389	0.319905	0.324974	0.327578	0.329223	0.339983	0.327171	0.3228	0.331582	0.318566	0.359438	0.350538	0.344901	0.346079	0.345908	0.348236	0.337235	0.322924	0.325016	0.331493	0.339383	0.337883	0.344289	0.322702	0.322447	0.326512	0.330559	0.331067	0.33304	0.332878	0.330834	0.33287	0.303029	0.320304	0.301216	0.329684	0.340275	0.348384	0.340005	0.3318	0.341102	0.337693	0.322022	0.355283	0.336407	0.348563	0.350992	0.345935	0.322885	0.325028	0.32371	0.322389	0.309465	0.303664	0.307785	0.308473	0.234575	0.2369	0.214421	0.27933	0.294431	0.248918	0.285028	0.293382	0.258879	0.196883	0.200642	0.23635	0.0951826	0	0.062672	0.291898	0.289016	0.263098	0.296193	0.284445	0.227956	0.203278	0.190387	0.195258	0.219622	0.206379	0.214731	0.191531	0.190562	0.183077	0.193821	0.227036	0.220682	0.2225	0.256899	0.233272	0.252562	0.248002	0.250517	0.346637	0.203409	0.228646	0.237676	0.209628	0.222416	0.201159	0.199147	0.199151	0.225409	0.237904	0.213965	0.220096	0.205868	0.228025	0.218396	0.223495	0.27768	0.28346	0.274157	0.283225	0.247721	0.253886	0.280952	0.244459	0.23057	0.243192	0.23837	0.246905	0.209198	0.205357	0.19299	0.206173	0.206224	0.275048	0.267787	0.269759	0.262121	0.259676
Syrrhaptes_paradoxus	0.175472	0.181586	0.187335	0.221485	0.226952	0.209596	0.211245	0.258571	0.229419	0.309289	0.294286	0.207169	0.176548	0.191011	0.184359	0.180312	0.182329	0.184436	0.205016	0.199848	0.191629	0.202283	0.194027	0.225835	0.197606	0.202076	0.187289	0.221461	0.226295	0.205894	0.205954	0.213176	0.215221	0.186374	0.184361	0.188427	0.186374	0.186373	0.206218	0.221231	0.199735	0.209871	0.209898	0.213904	0.205762	0.311686	0.326966	0.331792	0.333789	0.328959	0.340013	0.341731	0.364598	0.344261	0.277837	0.288286	0.379743	0.434751	0.319075	0.257805	0.264216	0.281897	0.307917	0.278262	0.250731	0.286999	0.217156	0.217759	0.216704	0.267041	0.265025	0.269051	0.293438	0.280152	0.28198	0.275525	0.272494	0.279115	0.292751	0.279803	0.274373	0.270405	0.244507	0.292042	0.279175	0.271787	0.302719	0.287307	0.306145	0.271931	0.265238	0.282706	0.227802	0.235934	0.271659	0.242086	0.252605	0.289735	0.250409	0.250054	0.262946	0.258566	0.264611	0.265665	0.304816	0.281473	0.300074	0.28526	0.303937	0.302515	0.304425	0.291098	0.28468	0.289182	0.310043	0.295526	0.299474	0.306101	0.305571	0.317057	0.297104	0.29698	0.292984	0.292984	0.314251	0.285018	0.303034	0.305504	0.292573	0.302989	0.30411	0.280586	0.301778	0.294306	0.309308	0.29031	0.311139	0.311465	0.28698	0.283664	0.301577	0.309499	0.294756	0.287254	0.308937	0.305748	0.312096	0.292682	0.316411	0.304062	0.325349	0.301278	0.311428	0.303117	0.313363	0.326146	0.306732	0.312837	0.325722	0.323151	0.326884	0.308171	0.314327	0.325674	0.312268	0.301996	0.314525	0.318622	0.302244	0.313016	0.318745	0.323528	0.342039	0.330255	0.323738	0.327743	0.329671	0.302859	0.300233	0.334883	0.329848	0.318867	0.318867	0.35423	0.351336	0.302889	0.318332	0.306916	0.330552	0.326002	0.334615	0.310853	0.318928	0.315444	0.320513	0.323116	0.324761	0.335522	0.322709	0.318338	0.32712	0.314104	0.354976	0.346076	0.340439	0.341618	0.341446	0.343775	0.332773	0.318462	0.320554	0.327032	0.334922	0.333421	0.339828	0.318241	0.317986	0.32205	0.326097	0.326606	0.328579	0.328416	0.326373	0.328409	0.298567	0.315843	0.296754	0.325223	0.335814	0.343922	0.335543	0.327339	0.336641	0.333231	0.31756	0.350821	0.331945	0.344101	0.346531	0.341474	0.318423	0.320567	0.319248	0.317927	0.305004	0.299203	0.303324	0.304011	0.230114	0.232439	0.209959	0.274868	0.28997	0.244456	0.280567	0.28892	0.254418	0.192422	0.196181	0.231888	0.090721	0.062672	0	0.287437	0.284554	0.258636	0.291731	0.279983	0.223495	0.198816	0.185925	0.190796	0.21516	0.201918	0.21027	0.187069	0.186101	0.178615	0.189359	0.222574	0.216221	0.218038	0.252437	0.228811	0.2481	0.24354	0.246055	0.342176	0.198947	0.224185	0.233214	0.205167	0.217955	0.196698	0.194686	0.194689	0.220947	0.233442	0.209504	0.215635	0.201407	0.223563	0.213934	0.219033	0.273218	0.278998	0.269695	0.278764	0.243259	0.249425	0.276491	0.239997	0.226108	0.23873	0.233909	0.242444	0.204737	0.200895	0.188529	0.201711	0.201762	0.270587	0.263326	0.265297	0.25766	0.255215
Colius_striatus	0.233101	0.239216	0.244964	0.279114	0.284581	0.267225	0.268875	0.316201	0.287048	0.366918	0.351915	0.264799	0.234177	0.248641	0.241989	0.237941	0.239958	0.242065	0.262645	0.257477	0.249258	0.259913	0.251656	0.283464	0.255235	0.259706	0.244918	0.279091	0.283924	0.263524	0.263584	0.270805	0.27285	0.244004	0.24199	0.246057	0.244004	0.244003	0.263847	0.27886	0.257364	0.2675	0.267527	0.271533	0.263391	0.369315	0.384595	0.389422	0.391418	0.386589	0.397642	0.399361	0.422227	0.40189	0.335466	0.345915	0.437372	0.492381	0.376704	0.315434	0.321845	0.339526	0.365546	0.335891	0.30836	0.344629	0.274786	0.275388	0.274334	0.324671	0.322654	0.326681	0.351067	0.337782	0.339609	0.333154	0.330123	0.336745	0.35038	0.337432	0.332002	0.328034	0.302137	0.349671	0.336804	0.329417	0.360349	0.344936	0.363774	0.32956	0.322868	0.340336	0.285431	0.293563	0.329289	0.299716	0.310235	0.347364	0.308039	0.307683	0.320575	0.316195	0.322241	0.323295	0.362446	0.339103	0.357703	0.342889	0.361566	0.360145	0.362054	0.348728	0.34231	0.346812	0.367672	0.353156	0.357103	0.363731	0.3632	0.374687	0.354734	0.35461	0.350614	0.350614	0.371881	0.342647	0.360664	0.363134	0.350202	0.360618	0.361739	0.338216	0.359408	0.351936	0.366938	0.347939	0.368769	0.369094	0.344609	0.341293	0.359207	0.367129	0.352386	0.344883	0.366567	0.363377	0.369725	0.350312	0.37404	0.361691	0.382979	0.358907	0.369058	0.360746	0.370993	0.383775	0.364361	0.370466	0.383352	0.380781	0.384513	0.365801	0.371956	0.383304	0.369898	0.359625	0.372154	0.376252	0.359874	0.370645	0.376374	0.381158	0.399669	0.387884	0.381368	0.385372	0.3873	0.360489	0.357862	0.392512	0.387477	0.376497	0.376496	0.411859	0.408966	0.360518	0.375961	0.364546	0.388181	0.383632	0.392245	0.368483	0.376557	0.373073	0.378142	0.380745	0.382391	0.393151	0.380339	0.375967	0.38475	0.371734	0.412606	0.403706	0.398068	0.399247	0.399076	0.401404	0.390403	0.376092	0.378184	0.384661	0.392551	0.391051	0.397457	0.37587	0.375615	0.379679	0.383726	0.384235	0.386208	0.386046	0.384002	0.386038	0.356197	0.373472	0.354384	0.382852	0.393443	0.401552	0.393173	0.384968	0.39427	0.390861	0.37519	0.408451	0.389575	0.401731	0.40416	0.399103	0.376053	0.378196	0.376878	0.375556	0.362633	0.356832	0.360953	0.36164	0.287743	0.290068	0.267589	0.332498	0.347599	0.302085	0.338196	0.34655	0.312047	0.250051	0.25381	0.289518	0.302468	0.291898	0.287437	0	0.0822982	0.316266	0.349361	0.337613	0.281124	0.256445	0.243555	0.248426	0.27279	0.259547	0.267899	0.244699	0.24373	0.236244	0.246988	0.280204	0.27385	0.275668	0.310067	0.28644	0.30573	0.30117	0.303684	0.399805	0.256577	0.281814	0.290844	0.262796	0.275584	0.254327	0.252315	0.252318	0.278577	0.291072	0.267133	0.273264	0.259036	0.281193	0.271564	0.276663	0.330848	0.336628	0.327324	0.336393	0.300889	0.307054	0.33412	0.297626	0.283738	0.29636	0.291538	0.300073	0.262366	0.258524	0.246158	0.259341	0.259392	0.328216	0.320955	0.322927	0.315289	0.312844
Urocolius_indicus	0.230219	0.236333	0.242082	0.276231	0.281698	0.264343	0.265992	0.313318	0.284166	0.364035	0.349032	0.261916	0.231295	0.245758	0.239106	0.235058	0.237076	0.239183	0.259763	0.254595	0.246375	0.25703	0.248774	0.280581	0.252353	0.256823	0.242036	0.276208	0.281042	0.260641	0.260701	0.267923	0.269968	0.241121	0.239107	0.243174	0.241121	0.24112	0.260965	0.275978	0.254481	0.264618	0.264645	0.268651	0.260509	0.366432	0.381713	0.386539	0.388536	0.383706	0.394759	0.396478	0.419345	0.399007	0.332583	0.343033	0.43449	0.489498	0.373821	0.312551	0.318962	0.336644	0.362663	0.333009	0.305477	0.341746	0.271903	0.272506	0.271451	0.321788	0.319772	0.323798	0.348185	0.334899	0.336727	0.330271	0.327241	0.333862	0.347498	0.33455	0.329119	0.325152	0.299254	0.346789	0.333922	0.326534	0.357466	0.342054	0.360892	0.326678	0.319985	0.337453	0.282549	0.290681	0.326406	0.296833	0.307352	0.344482	0.305156	0.3048	0.317692	0.313313	0.319358	0.320412	0.359563	0.33622	0.354821	0.340006	0.358683	0.357262	0.359172	0.345845	0.339427	0.343929	0.36479	0.350273	0.35422	0.360848	0.360318	0.371804	0.351851	0.351727	0.347731	0.347731	0.368998	0.339765	0.357781	0.360251	0.34732	0.357735	0.358857	0.335333	0.356525	0.349053	0.364055	0.345056	0.365886	0.366212	0.341726	0.338411	0.356324	0.364246	0.349503	0.342001	0.363684	0.360495	0.366842	0.347429	0.371157	0.358809	0.380096	0.356024	0.366175	0.357863	0.36811	0.380893	0.361479	0.367584	0.380469	0.377898	0.38163	0.362918	0.369074	0.380421	0.367015	0.356742	0.369272	0.373369	0.356991	0.367762	0.373492	0.378275	0.396786	0.385001	0.378485	0.382489	0.384418	0.357606	0.354979	0.38963	0.384595	0.373614	0.373614	0.408976	0.406083	0.357636	0.373079	0.361663	0.385299	0.380749	0.389362	0.3656	0.373675	0.37019	0.375259	0.377863	0.379508	0.390269	0.377456	0.373085	0.381867	0.368851	0.409723	0.400823	0.395186	0.396364	0.396193	0.398521	0.38752	0.373209	0.375301	0.381778	0.389668	0.388168	0.394574	0.372988	0.372733	0.376797	0.380844	0.381353	0.383326	0.383163	0.381119	0.383156	0.353314	0.370589	0.351501	0.379969	0.39056	0.398669	0.39029	0.382085	0.391387	0.387978	0.372307	0.405568	0.386692	0.398848	0.401278	0.39622	0.37317	0.375313	0.373995	0.372674	0.35975	0.35395	0.358071	0.358758	0.284861	0.287185	0.264706	0.329615	0.344717	0.299203	0.335314	0.343667	0.309164	0.247168	0.250928	0.286635	0.299586	0.289016	0.284554	0.0822982	0	0.313383	0.346478	0.33473	0.278242	0.253563	0.240672	0.245543	0.269907	0.256665	0.265016	0.241816	0.240848	0.233362	0.244106	0.277321	0.270967	0.272785	0.307184	0.283558	0.302847	0.298287	0.300802	0.396923	0.253694	0.278932	0.287961	0.259914	0.272701	0.251445	0.249432	0.249436	0.275694	0.288189	0.26425	0.270382	0.256153	0.27831	0.268681	0.27378	0.327965	0.333745	0.324442	0.333511	0.298006	0.304172	0.331237	0.294744	0.280855	0.293477	0.288655	0.297191	0.259483	0.255642	0.243276	0.256458	0.256509	0.325334	0.318073	0.320044	0.312407	0.309962
Heliornis_fulica	0.203666	0.209781	0.21553	0.249679	0.255146	0.23779	0.23944	0.286766	0.257614	0.337483	0.32248	0.235364	0.204742	0.219206	0.212554	0.208506	0.210523	0.21263	0.23321	0.228042	0.219823	0.230478	0.222222	0.254029	0.2258	0.230271	0.215483	0.249656	0.25449	0.234089	0.234149	0.24137	0.243416	0.214569	0.212555	0.216622	0.214569	0.214568	0.234412	0.249425	0.227929	0.238065	0.238093	0.242099	0.233956	0.33988	0.35516	0.359987	0.361984	0.357154	0.368207	0.369926	0.392792	0.372455	0.306031	0.31648	0.407937	0.462946	0.347269	0.285999	0.29241	0.310091	0.336111	0.306457	0.278925	0.315194	0.245351	0.245953	0.244899	0.295236	0.293219	0.297246	0.321633	0.308347	0.310174	0.303719	0.300689	0.30731	0.320945	0.307997	0.302567	0.298599	0.272702	0.320236	0.30737	0.299982	0.330914	0.315501	0.334339	0.300126	0.293433	0.310901	0.255997	0.264129	0.299854	0.270281	0.2808	0.317929	0.278604	0.278248	0.29114	0.28676	0.292806	0.29386	0.333011	0.309668	0.328268	0.313454	0.332131	0.33071	0.33262	0.319293	0.312875	0.317377	0.338237	0.323721	0.327668	0.334296	0.333766	0.345252	0.325299	0.325175	0.321179	0.321179	0.342446	0.313213	0.331229	0.333699	0.320768	0.331183	0.332304	0.308781	0.329973	0.322501	0.337503	0.318504	0.339334	0.339659	0.315174	0.311858	0.329772	0.337694	0.322951	0.315448	0.337132	0.333943	0.34029	0.320877	0.344605	0.332257	0.353544	0.329472	0.339623	0.331311	0.341558	0.354341	0.334926	0.341031	0.353917	0.351346	0.355078	0.336366	0.342521	0.353869	0.340463	0.33019	0.342719	0.346817	0.330439	0.34121	0.346939	0.351723	0.370234	0.358449	0.351933	0.355937	0.357865	0.331054	0.328427	0.363077	0.358042	0.347062	0.347062	0.382424	0.379531	0.331083	0.346526	0.335111	0.358747	0.354197	0.36281	0.339048	0.347122	0.343638	0.348707	0.351311	0.352956	0.363716	0.350904	0.346533	0.355315	0.342299	0.383171	0.374271	0.368634	0.369812	0.369641	0.371969	0.360968	0.346657	0.348749	0.355226	0.363116	0.361616	0.368022	0.346435	0.34618	0.350244	0.354291	0.3548	0.356773	0.356611	0.354567	0.356603	0.326762	0.344037	0.324949	0.353417	0.364008	0.372117	0.363738	0.355533	0.364835	0.361426	0.345755	0.379016	0.36014	0.372296	0.374725	0.369668	0.346618	0.348761	0.347443	0.346121	0.333198	0.327397	0.331518	0.332205	0.258308	0.260633	0.238154	0.303063	0.318164	0.272651	0.308761	0.317115	0.282612	0.220616	0.224375	0.260083	0.273668	0.263098	0.258636	0.316266	0.313383	0	0.186058	0.17431	0.213587	0.188908	0.176018	0.180889	0.226467	0.213224	0.221576	0.198375	0.197407	0.189921	0.200665	0.233881	0.227527	0.229345	0.263744	0.240117	0.259407	0.254847	0.257361	0.353482	0.210254	0.235491	0.24452	0.216473	0.229261	0.208004	0.205992	0.205995	0.232254	0.244749	0.22081	0.226941	0.212713	0.251758	0.242129	0.247228	0.301413	0.307193	0.297889	0.306958	0.271454	0.277619	0.304685	0.268191	0.254303	0.266925	0.262103	0.270638	0.232931	0.22909	0.216723	0.229906	0.229957	0.298781	0.29152	0.293492	0.285854	0.283409
Atlantisia_rogersi	0.236761	0.242876	0.248624	0.282774	0.288241	0.270885	0.272535	0.319861	0.290708	0.370578	0.355575	0.268459	0.237837	0.252301	0.245649	0.241601	0.243618	0.245725	0.266305	0.261137	0.252918	0.263573	0.255316	0.287124	0.258895	0.263365	0.248578	0.28275	0.287584	0.267184	0.267243	0.274465	0.27651	0.247664	0.24565	0.249716	0.247663	0.247663	0.267507	0.28252	0.261024	0.27116	0.271187	0.275193	0.267051	0.372975	0.388255	0.393081	0.395078	0.390249	0.401302	0.40302	0.425887	0.40555	0.339126	0.349575	0.441032	0.49604	0.380364	0.319094	0.325505	0.343186	0.369206	0.339551	0.31202	0.348288	0.278445	0.279048	0.277994	0.328331	0.326314	0.330341	0.354727	0.341441	0.343269	0.336814	0.333783	0.340404	0.35404	0.341092	0.335662	0.331694	0.305796	0.353331	0.340464	0.333077	0.364008	0.348596	0.367434	0.33322	0.326527	0.343995	0.289091	0.297223	0.332949	0.303375	0.313895	0.351024	0.311699	0.311343	0.324235	0.319855	0.325901	0.326954	0.366105	0.342763	0.361363	0.346549	0.365226	0.363804	0.365714	0.352388	0.34597	0.350471	0.371332	0.356815	0.360763	0.367391	0.36686	0.378347	0.358394	0.35827	0.354274	0.354274	0.37554	0.346307	0.364323	0.366794	0.353862	0.364278	0.365399	0.341876	0.363068	0.355595	0.370597	0.351599	0.372429	0.372754	0.348269	0.344953	0.362867	0.370789	0.356046	0.348543	0.370226	0.367037	0.373385	0.353972	0.3777	0.365351	0.386638	0.362567	0.372717	0.364406	0.374653	0.387435	0.368021	0.374126	0.387012	0.38444	0.388173	0.369461	0.375616	0.386964	0.373558	0.363285	0.375814	0.379911	0.363533	0.374305	0.380034	0.384817	0.403328	0.391544	0.385027	0.389032	0.39096	0.364148	0.361522	0.396172	0.391137	0.380156	0.380156	0.415519	0.412625	0.364178	0.379621	0.368206	0.391841	0.387291	0.395905	0.372142	0.380217	0.376733	0.381802	0.384405	0.386051	0.396811	0.383999	0.379627	0.38841	0.375394	0.416266	0.407366	0.401728	0.402907	0.402735	0.405064	0.394062	0.379751	0.381843	0.388321	0.396211	0.39471	0.401117	0.37953	0.379275	0.383339	0.387386	0.387895	0.389868	0.389706	0.387662	0.389698	0.359857	0.377132	0.358044	0.386512	0.397103	0.405211	0.396833	0.388628	0.39793	0.394521	0.37885	0.41211	0.393235	0.40539	0.40782	0.402763	0.379712	0.381856	0.380537	0.379216	0.366293	0.360492	0.364613	0.3653	0.291403	0.293728	0.271248	0.336157	0.351259	0.305745	0.341856	0.350209	0.315707	0.253711	0.25747	0.293178	0.306763	0.296193	0.291731	0.349361	0.346478	0.186058	0	0.0899159	0.246682	0.222003	0.209112	0.213983	0.259561	0.246319	0.254671	0.23147	0.230502	0.223016	0.23376	0.266975	0.260621	0.262439	0.296838	0.273212	0.292501	0.287941	0.290456	0.386577	0.243348	0.268586	0.277615	0.249568	0.262356	0.241099	0.239086	0.23909	0.265348	0.277843	0.253905	0.260036	0.245808	0.284852	0.275223	0.280323	0.334508	0.340288	0.330984	0.340053	0.304549	0.310714	0.33778	0.301286	0.287398	0.300019	0.295198	0.303733	0.266026	0.262184	0.249818	0.263001	0.263051	0.331876	0.324615	0.326586	0.318949	0.316504
Zapornia_atra	0.225013	0.231128	0.236877	0.271026	0.276493	0.259137	0.260787	0.308113	0.278961	0.35883	0.343827	0.256711	0.226089	0.240553	0.233901	0.229853	0.23187	0.233977	0.254557	0.249389	0.24117	0.251825	0.243569	0.275376	0.247147	0.251618	0.23683	0.271003	0.275837	0.255436	0.255496	0.262717	0.264763	0.235916	0.233902	0.237969	0.235916	0.235915	0.255759	0.270772	0.249276	0.259412	0.25944	0.263446	0.255303	0.361227	0.376507	0.381334	0.383331	0.378501	0.389554	0.391273	0.414139	0.393802	0.327378	0.337827	0.429284	0.484293	0.368616	0.307346	0.313757	0.331438	0.357458	0.327803	0.300272	0.336541	0.266698	0.2673	0.266246	0.316583	0.314566	0.318593	0.34298	0.329694	0.331521	0.325066	0.322036	0.328657	0.342292	0.329344	0.323914	0.319946	0.294049	0.341583	0.328717	0.321329	0.352261	0.336848	0.355686	0.321473	0.31478	0.332248	0.277344	0.285476	0.321201	0.291628	0.302147	0.339276	0.299951	0.299595	0.312487	0.308107	0.314153	0.315207	0.354358	0.331015	0.349615	0.334801	0.353478	0.352057	0.353967	0.34064	0.334222	0.338724	0.359584	0.345068	0.349015	0.355643	0.355113	0.366599	0.346646	0.346522	0.342526	0.342526	0.363793	0.33456	0.352576	0.355046	0.342115	0.35253	0.353651	0.330128	0.35132	0.343848	0.35885	0.339851	0.360681	0.361006	0.336521	0.333205	0.351119	0.359041	0.344298	0.336795	0.358479	0.35529	0.361637	0.342224	0.365952	0.353604	0.374891	0.350819	0.36097	0.352658	0.362905	0.375688	0.356273	0.362378	0.375264	0.372693	0.376425	0.357713	0.363868	0.375216	0.36181	0.351537	0.364066	0.368164	0.351786	0.362557	0.368286	0.37307	0.391581	0.379796	0.37328	0.377284	0.379212	0.352401	0.349774	0.384424	0.379389	0.368409	0.368409	0.403771	0.400878	0.35243	0.367873	0.356458	0.380093	0.375544	0.384157	0.360395	0.368469	0.364985	0.370054	0.372658	0.374303	0.385063	0.372251	0.36788	0.376662	0.363646	0.404518	0.395618	0.389981	0.391159	0.390988	0.393316	0.382315	0.368004	0.370096	0.376573	0.384463	0.382963	0.389369	0.367782	0.367527	0.371591	0.375638	0.376147	0.37812	0.377958	0.375914	0.37795	0.348109	0.365384	0.346296	0.374764	0.385355	0.393464	0.385085	0.37688	0.386182	0.382773	0.367102	0.400363	0.381487	0.393643	0.396072	0.391015	0.367965	0.370108	0.36879	0.367468	0.354545	0.348744	0.352865	0.353552	0.279655	0.28198	0.259501	0.32441	0.339511	0.293998	0.330108	0.338462	0.303959	0.241963	0.245722	0.28143	0.295015	0.284445	0.279983	0.337613	0.33473	0.17431	0.0899159	0	0.234934	0.210255	0.197365	0.202236	0.247814	0.234571	0.242923	0.219722	0.218754	0.211268	0.222012	0.255228	0.248874	0.250692	0.285091	0.261464	0.280754	0.276194	0.278708	0.374829	0.231601	0.256838	0.265867	0.23782	0.250608	0.229351	0.227339	0.227342	0.253601	0.266096	0.242157	0.248288	0.23406	0.273105	0.263476	0.268575	0.32276	0.32854	0.319236	0.328305	0.292801	0.298966	0.326032	0.289538	0.27565	0.288272	0.28345	0.291985	0.254278	0.250437	0.23807	0.251253	0.251304	0.320128	0.312867	0.314839	0.307201	0.304756
Psophia_crepitans	0.168525	0.17464	0.180388	0.214538	0.220005	0.202649	0.204298	0.251624	0.222472	0.302342	0.287339	0.200222	0.169601	0.184064	0.177412	0.173365	0.175382	0.177489	0.198069	0.192901	0.184682	0.195336	0.18708	0.218888	0.190659	0.195129	0.180342	0.214514	0.219348	0.198947	0.199007	0.206229	0.208274	0.179427	0.177414	0.18148	0.179427	0.179426	0.199271	0.214284	0.192788	0.202924	0.202951	0.206957	0.198815	0.304739	0.320019	0.324845	0.326842	0.322013	0.333066	0.334784	0.357651	0.337314	0.27089	0.281339	0.372796	0.427804	0.312128	0.250858	0.257269	0.27495	0.30097	0.271315	0.243784	0.280052	0.210209	0.210812	0.209757	0.260094	0.258078	0.262104	0.286491	0.273205	0.275033	0.268578	0.265547	0.272168	0.285804	0.272856	0.267426	0.263458	0.23756	0.285095	0.272228	0.26484	0.295772	0.28036	0.299198	0.264984	0.258291	0.275759	0.220855	0.228987	0.264712	0.235139	0.245658	0.282788	0.243462	0.243107	0.255999	0.251619	0.257664	0.258718	0.297869	0.274526	0.293127	0.278313	0.29699	0.295568	0.297478	0.284151	0.277734	0.282235	0.303096	0.288579	0.292527	0.299154	0.298624	0.31011	0.290157	0.290033	0.286037	0.286037	0.307304	0.278071	0.296087	0.298557	0.285626	0.296042	0.297163	0.273639	0.294831	0.287359	0.302361	0.283363	0.304192	0.304518	0.280033	0.276717	0.29463	0.302552	0.287809	0.280307	0.30199	0.298801	0.305149	0.285735	0.309464	0.297115	0.318402	0.294331	0.304481	0.29617	0.306416	0.319199	0.299785	0.30589	0.318775	0.316204	0.319937	0.301224	0.30738	0.318727	0.305321	0.295049	0.307578	0.311675	0.295297	0.306069	0.311798	0.316581	0.335092	0.323308	0.316791	0.320796	0.322724	0.295912	0.293286	0.327936	0.322901	0.31192	0.31192	0.347283	0.344389	0.295942	0.311385	0.299969	0.323605	0.319055	0.327668	0.303906	0.311981	0.308497	0.313566	0.316169	0.317814	0.328575	0.315762	0.311391	0.320173	0.307157	0.348029	0.339129	0.333492	0.334671	0.334499	0.336828	0.325826	0.311515	0.313607	0.320085	0.327975	0.326474	0.332881	0.311294	0.311039	0.315103	0.31915	0.319659	0.321632	0.321469	0.319426	0.321462	0.29162	0.308896	0.289808	0.318276	0.328867	0.336975	0.328596	0.320392	0.329694	0.326285	0.310613	0.343874	0.324998	0.337154	0.339584	0.334527	0.311476	0.31362	0.312301	0.31098	0.298057	0.292256	0.296377	0.297064	0.223167	0.225492	0.203012	0.267921	0.283023	0.237509	0.27362	0.281973	0.247471	0.185475	0.189234	0.224941	0.238526	0.227956	0.223495	0.281124	0.278242	0.213587	0.246682	0.234934	0	0.147013	0.134123	0.138994	0.191325	0.178083	0.186434	0.163234	0.162265	0.15478	0.165524	0.198739	0.192385	0.194203	0.228602	0.204976	0.224265	0.219705	0.22222	0.31834	0.175112	0.200349	0.209379	0.181332	0.194119	0.172863	0.17085	0.170854	0.197112	0.209607	0.185668	0.191799	0.177571	0.216616	0.206987	0.212086	0.266271	0.272051	0.262748	0.271817	0.236312	0.242478	0.269544	0.23305	0.219161	0.231783	0.226962	0.235497	0.19779	0.193948	0.181582	0.194764	0.194815	0.26364	0.256379	0.25835	0.250713	0.248268
Aramus_guarauna	0.143846	0.149961	0.155709	0.189859	0.195326	0.17797	0.17962	0.226946	0.197793	0.277663	0.26266	0.175544	0.144922	0.159386	0.152734	0.148686	0.150703	0.15281	0.17339	0.168222	0.160003	0.170658	0.162401	0.194209	0.16598	0.17045	0.155663	0.189835	0.194669	0.174269	0.174328	0.18155	0.183595	0.154749	0.152735	0.156801	0.154748	0.154748	0.174592	0.189605	0.168109	0.178245	0.178272	0.182278	0.174136	0.28006	0.29534	0.300166	0.302163	0.297334	0.308387	0.310105	0.332972	0.312635	0.246211	0.25666	0.348117	0.403125	0.287449	0.226179	0.23259	0.250271	0.276291	0.246636	0.219105	0.255373	0.18553	0.186133	0.185079	0.235416	0.233399	0.237426	0.261812	0.248526	0.250354	0.243899	0.240868	0.247489	0.261125	0.248177	0.242747	0.238779	0.212881	0.260416	0.247549	0.240162	0.271093	0.255681	0.274519	0.240305	0.233612	0.25108	0.196176	0.204308	0.240034	0.21046	0.22098	0.258109	0.218784	0.218428	0.23132	0.22694	0.232986	0.234039	0.27319	0.249848	0.268448	0.253634	0.272311	0.270889	0.272799	0.259473	0.253055	0.257556	0.278417	0.2639	0.267848	0.274476	0.273945	0.285432	0.265479	0.265355	0.261359	0.261359	0.282625	0.253392	0.271408	0.273879	0.260947	0.271363	0.272484	0.248961	0.270153	0.26268	0.277682	0.258684	0.279514	0.279839	0.255354	0.252038	0.269952	0.277874	0.263131	0.255628	0.277311	0.274122	0.28047	0.261057	0.284785	0.272436	0.293723	0.269652	0.279802	0.271491	0.281738	0.29452	0.275106	0.281211	0.294097	0.291525	0.295258	0.276546	0.282701	0.294049	0.280643	0.27037	0.282899	0.286996	0.270618	0.28139	0.287119	0.291902	0.310413	0.298629	0.292112	0.296117	0.298045	0.271233	0.268607	0.303257	0.298222	0.287241	0.287241	0.322604	0.31971	0.271263	0.286706	0.275291	0.298926	0.294376	0.30299	0.279227	0.287302	0.283818	0.288887	0.29149	0.293135	0.303896	0.291084	0.286712	0.295495	0.282479	0.323351	0.314451	0.308813	0.309992	0.30982	0.312149	0.301147	0.286836	0.288928	0.295406	0.303296	0.301795	0.308202	0.286615	0.28636	0.290424	0.294471	0.29498	0.296953	0.296791	0.294747	0.296783	0.266942	0.284217	0.265129	0.293597	0.304188	0.312296	0.303918	0.295713	0.305015	0.301606	0.285935	0.319195	0.30032	0.312475	0.314905	0.309848	0.286797	0.288941	0.287622	0.286301	0.273378	0.267577	0.271698	0.272385	0.198488	0.200813	0.178333	0.243242	0.258344	0.21283	0.248941	0.257294	0.222792	0.160796	0.164555	0.200263	0.213848	0.203278	0.198816	0.256445	0.253563	0.188908	0.222003	0.210255	0.147013	0	0.0773717	0.0822427	0.166646	0.153404	0.161756	0.138555	0.137587	0.130101	0.140845	0.17406	0.167706	0.169524	0.203923	0.180297	0.199586	0.195026	0.197541	0.293662	0.150433	0.175671	0.1847	0.156653	0.169441	0.148184	0.146171	0.146175	0.172433	0.184928	0.16099	0.167121	0.152893	0.191937	0.182308	0.187408	0.241593	0.247373	0.238069	0.247138	0.211634	0.217799	0.244865	0.208371	0.194483	0.207104	0.202283	0.210818	0.173111	0.169269	0.156903	0.170086	0.170136	0.238961	0.2317	0.233671	0.226034	0.223589
Balearica_regulorum	0.130955	0.13707	0.142818	0.176968	0.182435	0.165079	0.166729	0.214055	0.184902	0.264772	0.249769	0.162653	0.132031	0.146495	0.139843	0.135795	0.137812	0.139919	0.160499	0.155331	0.147112	0.157767	0.149511	0.181318	0.153089	0.15756	0.142772	0.176945	0.181779	0.161378	0.161438	0.168659	0.170704	0.141858	0.139844	0.143911	0.141858	0.141857	0.161701	0.176714	0.155218	0.165354	0.165382	0.169388	0.161245	0.267169	0.282449	0.287276	0.289273	0.284443	0.295496	0.297215	0.320081	0.299744	0.23332	0.243769	0.335226	0.390235	0.274558	0.213288	0.219699	0.23738	0.2634	0.233745	0.206214	0.242483	0.17264	0.173242	0.172188	0.222525	0.220508	0.224535	0.248922	0.235636	0.237463	0.231008	0.227977	0.234599	0.248234	0.235286	0.229856	0.225888	0.199991	0.247525	0.234659	0.227271	0.258203	0.24279	0.261628	0.227414	0.220722	0.23819	0.183285	0.191417	0.227143	0.19757	0.208089	0.245218	0.205893	0.205537	0.218429	0.214049	0.220095	0.221149	0.2603	0.236957	0.255557	0.240743	0.25942	0.257999	0.259909	0.246582	0.240164	0.244666	0.265526	0.25101	0.254957	0.261585	0.261055	0.272541	0.252588	0.252464	0.248468	0.248468	0.269735	0.240502	0.258518	0.260988	0.248057	0.258472	0.259593	0.23607	0.257262	0.24979	0.264792	0.245793	0.266623	0.266948	0.242463	0.239147	0.257061	0.264983	0.25024	0.242737	0.264421	0.261232	0.267579	0.248166	0.271894	0.259546	0.280833	0.256761	0.266912	0.2586	0.268847	0.28163	0.262215	0.26832	0.281206	0.278635	0.282367	0.263655	0.26981	0.281158	0.267752	0.257479	0.270008	0.274106	0.257728	0.268499	0.274228	0.279012	0.297523	0.285738	0.279222	0.283226	0.285154	0.258343	0.255716	0.290366	0.285331	0.274351	0.274351	0.309713	0.30682	0.258372	0.273815	0.2624	0.286035	0.281486	0.290099	0.266337	0.274411	0.270927	0.275996	0.278599	0.280245	0.291005	0.278193	0.273822	0.282604	0.269588	0.31046	0.30156	0.295922	0.297101	0.29693	0.299258	0.288257	0.273946	0.276038	0.282515	0.290405	0.288905	0.295311	0.273724	0.273469	0.277533	0.28158	0.282089	0.284062	0.2839	0.281856	0.283892	0.254051	0.271326	0.252238	0.280706	0.291297	0.299406	0.291027	0.282822	0.292124	0.288715	0.273044	0.306305	0.287429	0.299585	0.302014	0.296957	0.273907	0.27605	0.274732	0.27341	0.260487	0.254686	0.258807	0.259494	0.185597	0.187922	0.165443	0.230352	0.245453	0.19994	0.23605	0.244404	0.209901	0.147905	0.151664	0.187372	0.200957	0.190387	0.185925	0.243555	0.240672	0.176018	0.209112	0.197365	0.134123	0.0773717	0	0.0536247	0.153756	0.140513	0.148865	0.125664	0.124696	0.11721	0.127954	0.16117	0.154816	0.156634	0.191033	0.167406	0.186696	0.182135	0.18465	0.280771	0.137543	0.16278	0.171809	0.143762	0.15655	0.135293	0.133281	0.133284	0.159543	0.172038	0.148099	0.15423	0.140002	0.179047	0.169418	0.174517	0.228702	0.234482	0.225178	0.234247	0.198743	0.204908	0.231974	0.19548	0.181592	0.194214	0.189392	0.197927	0.16022	0.156379	0.144012	0.157195	0.157246	0.22607	0.218809	0.220781	0.213143	0.210698
Grus_americana	0.135826	0.141941	0.14769	0.181839	0.187306	0.16995	0.1716	0.218926	0.189774	0.269643	0.25464	0.167524	0.136902	0.151366	0.144714	0.140666	0.142683	0.14479	0.16537	0.160202	0.151983	0.162638	0.154382	0.186189	0.15796	0.162431	0.147643	0.181816	0.18665	0.166249	0.166309	0.17353	0.175576	0.146729	0.144715	0.148782	0.146729	0.146728	0.166572	0.181585	0.160089	0.170225	0.170253	0.174259	0.166116	0.27204	0.28732	0.292147	0.294144	0.289314	0.300367	0.302086	0.324952	0.304615	0.238191	0.24864	0.340097	0.395106	0.279429	0.218159	0.22457	0.242251	0.268271	0.238616	0.211085	0.247354	0.177511	0.178113	0.177059	0.227396	0.225379	0.229406	0.253793	0.240507	0.242334	0.235879	0.232849	0.23947	0.253105	0.240157	0.234727	0.230759	0.204862	0.252396	0.23953	0.232142	0.263074	0.247661	0.266499	0.232286	0.225593	0.243061	0.188157	0.196289	0.232014	0.202441	0.21296	0.250089	0.210764	0.210408	0.2233	0.21892	0.224966	0.22602	0.265171	0.241828	0.260428	0.245614	0.264291	0.26287	0.26478	0.251453	0.245035	0.249537	0.270397	0.255881	0.259828	0.266456	0.265926	0.277412	0.257459	0.257335	0.253339	0.253339	0.274606	0.245373	0.263389	0.265859	0.252928	0.263343	0.264464	0.240941	0.262133	0.254661	0.269663	0.250664	0.271494	0.271819	0.247334	0.244018	0.261932	0.269854	0.255111	0.247608	0.269292	0.266103	0.27245	0.253037	0.276765	0.264417	0.285704	0.261632	0.271783	0.263471	0.273718	0.286501	0.267086	0.273191	0.286077	0.283506	0.287238	0.268526	0.274681	0.286029	0.272623	0.26235	0.274879	0.278977	0.262599	0.27337	0.279099	0.283883	0.302394	0.290609	0.284093	0.288097	0.290025	0.263214	0.260587	0.295237	0.290202	0.279222	0.279222	0.314584	0.311691	0.263243	0.278686	0.267271	0.290907	0.286357	0.29497	0.271208	0.279282	0.275798	0.280867	0.283471	0.285116	0.295876	0.283064	0.278693	0.287475	0.274459	0.315331	0.306431	0.300794	0.301972	0.301801	0.304129	0.293128	0.278817	0.280909	0.287386	0.295276	0.293776	0.300182	0.278595	0.27834	0.282404	0.286451	0.28696	0.288933	0.288771	0.286727	0.288763	0.258922	0.276197	0.257109	0.285577	0.296168	0.304277	0.295898	0.287693	0.296995	0.293586	0.277915	0.311176	0.2923	0.304456	0.306885	0.301828	0.278778	0.280921	0.279603	0.278281	0.265358	0.259557	0.263678	0.264365	0.190468	0.192793	0.170314	0.235223	0.250324	0.204811	0.240921	0.249275	0.214772	0.152776	0.156535	0.192243	0.205828	0.195258	0.190796	0.248426	0.245543	0.180889	0.213983	0.202236	0.138994	0.0822427	0.0536247	0	0.158627	0.145384	0.153736	0.130535	0.129567	0.122081	0.132825	0.166041	0.159687	0.161505	0.195904	0.172277	0.191567	0.187007	0.189521	0.285642	0.142414	0.167651	0.17668	0.148633	0.161421	0.140164	0.138152	0.138155	0.164414	0.176909	0.15297	0.159101	0.144873	0.183918	0.174289	0.179388	0.233573	0.239353	0.230049	0.239118	0.203614	0.209779	0.236845	0.200351	0.186463	0.199085	0.194263	0.202798	0.165091	0.16125	0.148883	0.162066	0.162117	0.230941	0.22368	0.225652	0.218014	0.215569
Burhinus_bistriatus	0.16019	0.166305	0.172054	0.206203	0.21167	0.194314	0.195964	0.24329	0.214138	0.294007	0.279004	0.191888	0.161266	0.17573	0.169078	0.16503	0.167047	0.169154	0.189734	0.184566	0.176347	0.187002	0.178746	0.210553	0.182324	0.186795	0.172007	0.20618	0.211014	0.190613	0.190673	0.197894	0.19994	0.171093	0.169079	0.173146	0.171093	0.171092	0.190936	0.205949	0.184453	0.194589	0.194617	0.198623	0.19048	0.296404	0.311684	0.316511	0.318508	0.313678	0.324731	0.32645	0.349316	0.328979	0.262555	0.273004	0.364461	0.41947	0.303793	0.242523	0.248934	0.266615	0.292635	0.262981	0.235449	0.271718	0.201875	0.202477	0.201423	0.25176	0.249743	0.25377	0.278157	0.264871	0.266698	0.260243	0.257213	0.263834	0.277469	0.264521	0.259091	0.255123	0.229226	0.27676	0.263894	0.256506	0.287438	0.272026	0.290863	0.25665	0.249957	0.267425	0.212521	0.220653	0.256378	0.226805	0.237324	0.274453	0.235128	0.234772	0.247664	0.243284	0.24933	0.250384	0.289535	0.266192	0.284792	0.269978	0.288655	0.287234	0.289144	0.275817	0.269399	0.273901	0.294761	0.280245	0.284192	0.29082	0.29029	0.301776	0.281823	0.281699	0.277703	0.277703	0.29897	0.269737	0.287753	0.290223	0.277292	0.287707	0.288828	0.265305	0.286497	0.279025	0.294027	0.275028	0.295858	0.296183	0.271698	0.268382	0.286296	0.294218	0.279475	0.271972	0.293656	0.290467	0.296814	0.277401	0.301129	0.288781	0.310068	0.285996	0.296147	0.287835	0.298082	0.310865	0.29145	0.297555	0.310441	0.30787	0.311602	0.29289	0.299045	0.310393	0.296987	0.286714	0.299243	0.303341	0.286963	0.297734	0.303463	0.308247	0.326758	0.314973	0.308457	0.312461	0.314389	0.287578	0.284951	0.319601	0.314566	0.303586	0.303586	0.338948	0.336055	0.287607	0.30305	0.291635	0.315271	0.310721	0.319334	0.295572	0.303646	0.300162	0.305231	0.307835	0.30948	0.32024	0.307428	0.303057	0.311839	0.298823	0.339695	0.330795	0.325158	0.326336	0.326165	0.328493	0.317492	0.303181	0.305273	0.31175	0.31964	0.31814	0.324546	0.302959	0.302704	0.306769	0.310815	0.311324	0.313297	0.313135	0.311091	0.313127	0.283286	0.300561	0.281473	0.309941	0.320532	0.328641	0.320262	0.312057	0.321359	0.31795	0.302279	0.33554	0.316664	0.32882	0.331249	0.326192	0.303142	0.305285	0.303967	0.302646	0.289722	0.283921	0.288042	0.288729	0.214832	0.217157	0.194678	0.259587	0.274688	0.229175	0.265285	0.273639	0.239136	0.17714	0.180899	0.216607	0.230192	0.219622	0.21516	0.27279	0.269907	0.226467	0.259561	0.247814	0.191325	0.166646	0.153756	0.158627	0	0.105544	0.113896	0.122817	0.121848	0.114363	0.125106	0.164813	0.158459	0.160277	0.194676	0.171049	0.190339	0.185779	0.188293	0.284414	0.141186	0.166423	0.175452	0.147405	0.160193	0.138936	0.136924	0.136927	0.163186	0.175681	0.151742	0.157873	0.143645	0.208282	0.198653	0.203752	0.257937	0.263717	0.254413	0.263482	0.227978	0.234143	0.261209	0.224715	0.210827	0.223449	0.218627	0.227162	0.189455	0.185614	0.173247	0.18643	0.186481	0.255305	0.248044	0.250016	0.242378	0.239933
Chionis_minor	0.146948	0.153062	0.158811	0.192961	0.198428	0.181072	0.182721	0.230047	0.200895	0.280765	0.265762	0.178645	0.148024	0.162487	0.155835	0.151787	0.153805	0.155912	0.176492	0.171324	0.163104	0.173759	0.165503	0.19731	0.169082	0.173552	0.158765	0.192937	0.197771	0.17737	0.17743	0.184652	0.186697	0.15785	0.155836	0.159903	0.15785	0.157849	0.177694	0.192707	0.17121	0.181347	0.181374	0.18538	0.177238	0.283162	0.298442	0.303268	0.305265	0.300435	0.311489	0.313207	0.336074	0.315737	0.249312	0.259762	0.351219	0.406227	0.290551	0.22928	0.235691	0.253373	0.279393	0.249738	0.222206	0.258475	0.188632	0.189235	0.18818	0.238517	0.236501	0.240527	0.264914	0.251628	0.253456	0.247001	0.24397	0.250591	0.264227	0.251279	0.245848	0.241881	0.215983	0.263518	0.250651	0.243263	0.274195	0.258783	0.277621	0.243407	0.236714	0.254182	0.199278	0.20741	0.243135	0.213562	0.224081	0.261211	0.221885	0.22153	0.234421	0.230042	0.236087	0.237141	0.276292	0.252949	0.27155	0.256735	0.275413	0.273991	0.275901	0.262574	0.256156	0.260658	0.281519	0.267002	0.27095	0.277577	0.277047	0.288533	0.26858	0.268456	0.26446	0.26446	0.285727	0.256494	0.27451	0.27698	0.264049	0.274464	0.275586	0.252062	0.273254	0.265782	0.280784	0.261785	0.282615	0.282941	0.258455	0.25514	0.273053	0.280975	0.266232	0.25873	0.280413	0.277224	0.283571	0.264158	0.287887	0.275538	0.296825	0.272754	0.282904	0.274592	0.284839	0.297622	0.278208	0.284313	0.297198	0.294627	0.29836	0.279647	0.285803	0.29715	0.283744	0.273472	0.286001	0.290098	0.27372	0.284491	0.290221	0.295004	0.313515	0.30173	0.295214	0.299219	0.301147	0.274335	0.271709	0.306359	0.301324	0.290343	0.290343	0.325705	0.322812	0.274365	0.289808	0.278392	0.302028	0.297478	0.306091	0.282329	0.290404	0.286919	0.291989	0.294592	0.296237	0.306998	0.294185	0.289814	0.298596	0.28558	0.326452	0.317552	0.311915	0.313094	0.312922	0.31525	0.304249	0.289938	0.29203	0.298508	0.306398	0.304897	0.311303	0.289717	0.289462	0.293526	0.297573	0.298082	0.300055	0.299892	0.297849	0.299885	0.270043	0.287319	0.26823	0.296698	0.30729	0.315398	0.307019	0.298814	0.308116	0.304707	0.289036	0.322297	0.303421	0.315577	0.318007	0.312949	0.289899	0.292043	0.290724	0.289403	0.27648	0.270679	0.2748	0.275487	0.20159	0.203915	0.181435	0.246344	0.261446	0.215932	0.252043	0.260396	0.225893	0.163897	0.167657	0.203364	0.216949	0.206379	0.201918	0.259547	0.256665	0.213224	0.246319	0.234571	0.178083	0.153404	0.140513	0.145384	0.105544	0	0.0366822	0.109574	0.108606	0.10112	0.111864	0.15157	0.145216	0.147034	0.181433	0.157807	0.177096	0.172536	0.175051	0.271171	0.127943	0.15318	0.16221	0.134162	0.14695	0.125693	0.123681	0.123685	0.149943	0.162438	0.138499	0.14463	0.130402	0.195039	0.18541	0.190509	0.244694	0.250474	0.241171	0.25024	0.214735	0.220901	0.247966	0.211473	0.197584	0.210206	0.205384	0.21392	0.176213	0.172371	0.160005	0.173187	0.173238	0.242063	0.234802	0.236773	0.229136	0.226691
Pluvianellus_socialis	0.155299	0.161414	0.167163	0.201312	0.206779	0.189424	0.191073	0.238399	0.209247	0.289116	0.274113	0.186997	0.156376	0.170839	0.164187	0.160139	0.162157	0.164264	0.184844	0.179676	0.171456	0.182111	0.173855	0.205662	0.177434	0.181904	0.167117	0.201289	0.206123	0.185722	0.185782	0.193004	0.195049	0.166202	0.164188	0.168255	0.166202	0.166201	0.186046	0.201059	0.179562	0.189699	0.189726	0.193732	0.18559	0.291513	0.306794	0.31162	0.313617	0.308787	0.31984	0.321559	0.344426	0.324088	0.257664	0.268113	0.359571	0.414579	0.298902	0.237632	0.244043	0.261725	0.287744	0.25809	0.230558	0.266827	0.196984	0.197587	0.196532	0.246869	0.244853	0.248879	0.273266	0.25998	0.261808	0.255352	0.252322	0.258943	0.272579	0.259631	0.2542	0.250232	0.224335	0.271869	0.259003	0.251615	0.282547	0.267135	0.285972	0.251759	0.245066	0.262534	0.20763	0.215762	0.251487	0.221914	0.232433	0.269562	0.230237	0.229881	0.242773	0.238394	0.244439	0.245493	0.284644	0.261301	0.279902	0.265087	0.283764	0.282343	0.284253	0.270926	0.264508	0.26901	0.289871	0.275354	0.279301	0.285929	0.285399	0.296885	0.276932	0.276808	0.272812	0.272812	0.294079	0.264846	0.282862	0.285332	0.272401	0.282816	0.283938	0.260414	0.281606	0.274134	0.289136	0.270137	0.290967	0.291293	0.266807	0.263492	0.281405	0.289327	0.274584	0.267082	0.288765	0.285576	0.291923	0.27251	0.296238	0.28389	0.305177	0.281105	0.291256	0.282944	0.293191	0.305974	0.286559	0.292665	0.30555	0.302979	0.306711	0.287999	0.294154	0.305502	0.292096	0.281823	0.294353	0.29845	0.282072	0.292843	0.298572	0.303356	0.321867	0.310082	0.303566	0.30757	0.309498	0.282687	0.28006	0.31471	0.309676	0.298695	0.298695	0.334057	0.331164	0.282717	0.29816	0.286744	0.31038	0.30583	0.314443	0.290681	0.298756	0.295271	0.30034	0.302944	0.304589	0.31535	0.302537	0.298166	0.306948	0.293932	0.334804	0.325904	0.320267	0.321445	0.321274	0.323602	0.312601	0.29829	0.300382	0.306859	0.314749	0.313249	0.319655	0.298068	0.297813	0.301878	0.305925	0.306433	0.308406	0.308244	0.3062	0.308236	0.278395	0.29567	0.276582	0.30505	0.315641	0.32375	0.315371	0.307166	0.316468	0.313059	0.297388	0.330649	0.311773	0.323929	0.326358	0.321301	0.298251	0.300394	0.299076	0.297755	0.284831	0.279031	0.283151	0.283839	0.209942	0.212266	0.189787	0.254696	0.269798	0.224284	0.260395	0.268748	0.234245	0.172249	0.176009	0.211716	0.225301	0.214731	0.21027	0.267899	0.265016	0.221576	0.254671	0.242923	0.186434	0.161756	0.148865	0.153736	0.113896	0.0366822	0	0.117926	0.116957	0.109472	0.120216	0.159922	0.153568	0.155386	0.189785	0.166158	0.185448	0.180888	0.183402	0.279523	0.136295	0.161532	0.170562	0.142514	0.155302	0.134045	0.132033	0.132037	0.158295	0.17079	0.146851	0.152982	0.138754	0.203391	0.193762	0.198861	0.253046	0.258826	0.249523	0.258592	0.223087	0.229252	0.256318	0.219825	0.205936	0.218558	0.213736	0.222271	0.184564	0.180723	0.168356	0.181539	0.18159	0.250414	0.243154	0.245125	0.237487	0.235043
Charadrius_alexandrinus	0.132099	0.138214	0.143962	0.178112	0.183579	0.166223	0.167873	0.215199	0.186046	0.265916	0.250913	0.163797	0.133175	0.147639	0.140987	0.136939	0.138956	0.141063	0.161643	0.156475	0.148256	0.158911	0.150654	0.182462	0.154233	0.158704	0.143916	0.178088	0.182922	0.162522	0.162581	0.169803	0.171848	0.143002	0.140988	0.145054	0.143002	0.143001	0.162845	0.177858	0.156362	0.166498	0.166525	0.170531	0.162389	0.268313	0.283593	0.288419	0.290416	0.285587	0.29664	0.298358	0.321225	0.300888	0.234464	0.244913	0.33637	0.391379	0.275702	0.214432	0.220843	0.238524	0.264544	0.234889	0.207358	0.243627	0.173783	0.174386	0.173332	0.223669	0.221652	0.225679	0.250065	0.236779	0.238607	0.232152	0.229121	0.235742	0.249378	0.23643	0.231	0.227032	0.201134	0.248669	0.235802	0.228415	0.259347	0.243934	0.262772	0.228558	0.221866	0.239333	0.184429	0.192561	0.228287	0.198713	0.209233	0.246362	0.207037	0.206681	0.219573	0.215193	0.221239	0.222292	0.261444	0.238101	0.256701	0.241887	0.260564	0.259143	0.261052	0.247726	0.241308	0.24581	0.26667	0.252153	0.256101	0.262729	0.262198	0.273685	0.253732	0.253608	0.249612	0.249612	0.270879	0.241645	0.259662	0.262132	0.2492	0.259616	0.260737	0.237214	0.258406	0.250934	0.265935	0.246937	0.267767	0.268092	0.243607	0.240291	0.258205	0.266127	0.251384	0.243881	0.265564	0.262375	0.268723	0.24931	0.273038	0.260689	0.281977	0.257905	0.268056	0.259744	0.269991	0.282773	0.263359	0.269464	0.28235	0.279779	0.283511	0.264799	0.270954	0.282302	0.268896	0.258623	0.271152	0.275249	0.258872	0.269643	0.275372	0.280156	0.298666	0.286882	0.280365	0.28437	0.286298	0.259486	0.25686	0.29151	0.286475	0.275495	0.275494	0.310857	0.307963	0.259516	0.274959	0.263544	0.287179	0.28263	0.291243	0.267481	0.275555	0.272071	0.27714	0.279743	0.281389	0.292149	0.279337	0.274965	0.283748	0.270732	0.311604	0.302704	0.297066	0.298245	0.298074	0.300402	0.289401	0.27509	0.277182	0.283659	0.291549	0.290049	0.296455	0.274868	0.274613	0.278677	0.282724	0.283233	0.285206	0.285044	0.283	0.285036	0.255195	0.27247	0.253382	0.28185	0.292441	0.300549	0.292171	0.283966	0.293268	0.289859	0.274188	0.307449	0.288573	0.300728	0.303158	0.298101	0.27505	0.277194	0.275875	0.274554	0.261631	0.25583	0.259951	0.260638	0.186741	0.189066	0.166587	0.231496	0.246597	0.201083	0.237194	0.245548	0.211045	0.149049	0.152808	0.188516	0.202101	0.191531	0.187069	0.244699	0.241816	0.198375	0.23147	0.219722	0.163234	0.138555	0.125664	0.130535	0.122817	0.109574	0.117926	0	0.0575131	0.062355	0.0730989	0.136722	0.130368	0.132185	0.166584	0.142958	0.162248	0.157687	0.160202	0.256323	0.113094	0.138332	0.147361	0.119314	0.132102	0.110845	0.108833	0.108836	0.135094	0.147589	0.123651	0.129782	0.115554	0.18019	0.170562	0.175661	0.229846	0.235626	0.226322	0.235391	0.199887	0.206052	0.233118	0.196624	0.182736	0.195358	0.190536	0.199071	0.161364	0.157522	0.145156	0.158339	0.158389	0.227214	0.219953	0.221924	0.214287	0.211842
Charadrius_vociferus	0.131131	0.137245	0.142994	0.177144	0.18261	0.165255	0.166904	0.21423	0.185078	0.264948	0.249945	0.162828	0.132207	0.14667	0.140018	0.13597	0.137988	0.140095	0.160675	0.155507	0.147287	0.157942	0.149686	0.181493	0.153265	0.157735	0.142948	0.17712	0.181954	0.161553	0.161613	0.168835	0.17088	0.142033	0.140019	0.144086	0.142033	0.142032	0.161877	0.17689	0.155393	0.16553	0.165557	0.169563	0.161421	0.267345	0.282625	0.287451	0.289448	0.284618	0.295671	0.29739	0.320257	0.299919	0.233495	0.243945	0.335402	0.39041	0.274733	0.213463	0.219874	0.237556	0.263575	0.233921	0.206389	0.242658	0.172815	0.173418	0.172363	0.2227	0.220684	0.22471	0.249097	0.235811	0.237639	0.231183	0.228153	0.234774	0.24841	0.235462	0.230031	0.226064	0.200166	0.247701	0.234834	0.227446	0.258378	0.242966	0.261804	0.22759	0.220897	0.238365	0.183461	0.191593	0.227318	0.197745	0.208264	0.245394	0.206068	0.205712	0.218604	0.214225	0.22027	0.221324	0.260475	0.237132	0.255733	0.240918	0.259595	0.258174	0.260084	0.246757	0.240339	0.244841	0.265702	0.251185	0.255132	0.26176	0.26123	0.272716	0.252763	0.252639	0.248643	0.248643	0.26991	0.240677	0.258693	0.261163	0.248232	0.258647	0.259769	0.236245	0.257437	0.249965	0.264967	0.245968	0.266798	0.267124	0.242638	0.239323	0.257236	0.265158	0.250415	0.242913	0.264596	0.261407	0.267754	0.248341	0.272069	0.259721	0.281008	0.256937	0.267087	0.258775	0.269022	0.281805	0.262391	0.268496	0.281381	0.27881	0.282543	0.26383	0.269986	0.281333	0.267927	0.257654	0.270184	0.274281	0.257903	0.268674	0.274404	0.279187	0.297698	0.285913	0.279397	0.283402	0.28533	0.258518	0.255891	0.290542	0.285507	0.274526	0.274526	0.309888	0.306995	0.258548	0.273991	0.262575	0.286211	0.281661	0.290274	0.266512	0.274587	0.271102	0.276171	0.278775	0.28042	0.291181	0.278368	0.273997	0.282779	0.269763	0.310635	0.301735	0.296098	0.297277	0.297105	0.299433	0.288432	0.274121	0.276213	0.282691	0.290581	0.28908	0.295486	0.2739	0.273645	0.277709	0.281756	0.282265	0.284238	0.284075	0.282031	0.284068	0.254226	0.271501	0.252413	0.280881	0.291473	0.299581	0.291202	0.282997	0.292299	0.28889	0.273219	0.30648	0.287604	0.29976	0.30219	0.297132	0.274082	0.276226	0.274907	0.273586	0.260663	0.254862	0.258983	0.25967	0.185773	0.188098	0.165618	0.230527	0.245629	0.200115	0.236226	0.244579	0.210076	0.14808	0.15184	0.187547	0.201132	0.190562	0.186101	0.24373	0.240848	0.197407	0.230502	0.218754	0.162265	0.137587	0.124696	0.129567	0.121848	0.108606	0.116957	0.0575131	0	0.0613865	0.0721304	0.135753	0.129399	0.131217	0.165616	0.141989	0.161279	0.156719	0.159234	0.255354	0.112126	0.137363	0.146393	0.118345	0.131133	0.109876	0.107864	0.107868	0.134126	0.146621	0.122682	0.128813	0.114585	0.179222	0.169593	0.174692	0.228877	0.234657	0.225354	0.234423	0.198918	0.205084	0.232149	0.195656	0.181767	0.194389	0.189567	0.198103	0.160396	0.156554	0.144188	0.15737	0.157421	0.226246	0.218985	0.220956	0.213319	0.210874
Himantopus_himantopus	0.123645	0.12976	0.135508	0.169658	0.175125	0.157769	0.159419	0.206744	0.177592	0.257462	0.242459	0.155343	0.124721	0.139185	0.132533	0.128485	0.130502	0.132609	0.153189	0.148021	0.139802	0.150457	0.1422	0.174008	0.145779	0.150249	0.135462	0.169634	0.174468	0.154068	0.154127	0.161349	0.163394	0.134548	0.132534	0.1366	0.134547	0.134546	0.154391	0.169404	0.147908	0.158044	0.158071	0.162077	0.153935	0.259859	0.275139	0.279965	0.281962	0.277133	0.288186	0.289904	0.312771	0.292434	0.22601	0.236459	0.327916	0.382924	0.267248	0.205978	0.212389	0.23007	0.25609	0.226435	0.198904	0.235172	0.165329	0.165932	0.164878	0.215215	0.213198	0.217225	0.241611	0.228325	0.230153	0.223698	0.220667	0.227288	0.240924	0.227976	0.222546	0.218578	0.19268	0.240215	0.227348	0.219961	0.250892	0.23548	0.254318	0.220104	0.213411	0.230879	0.175975	0.184107	0.219833	0.190259	0.200779	0.237908	0.198583	0.198227	0.211119	0.206739	0.212785	0.213838	0.252989	0.229647	0.248247	0.233433	0.25211	0.250688	0.252598	0.239272	0.232854	0.237355	0.258216	0.243699	0.247647	0.254275	0.253744	0.265231	0.245278	0.245154	0.241158	0.241158	0.262424	0.233191	0.251207	0.253678	0.240746	0.251162	0.252283	0.22876	0.249952	0.242479	0.257481	0.238483	0.259313	0.259638	0.235153	0.231837	0.24975	0.257673	0.242929	0.235427	0.25711	0.253921	0.260269	0.240856	0.264584	0.252235	0.273522	0.249451	0.259601	0.25129	0.261537	0.274319	0.254905	0.26101	0.273896	0.271324	0.275057	0.256345	0.2625	0.273848	0.260442	0.250169	0.262698	0.266795	0.250417	0.261189	0.266918	0.271701	0.290212	0.278428	0.271911	0.275916	0.277844	0.251032	0.248406	0.283056	0.278021	0.26704	0.26704	0.302403	0.299509	0.251062	0.266505	0.25509	0.278725	0.274175	0.282789	0.259026	0.267101	0.263617	0.268686	0.271289	0.272934	0.283695	0.270883	0.266511	0.275294	0.262278	0.30315	0.29425	0.288612	0.289791	0.289619	0.291948	0.280946	0.266635	0.268727	0.275205	0.283095	0.281594	0.288001	0.266414	0.266159	0.270223	0.27427	0.274779	0.276752	0.27659	0.274546	0.276582	0.246741	0.264016	0.244928	0.273396	0.283987	0.292095	0.283717	0.275512	0.284814	0.281405	0.265733	0.298994	0.280119	0.292274	0.294704	0.289647	0.266596	0.26874	0.267421	0.2661	0.253177	0.247376	0.251497	0.252184	0.178287	0.180612	0.158132	0.223041	0.238143	0.192629	0.22874	0.237093	0.202591	0.140595	0.144354	0.180062	0.193647	0.183077	0.178615	0.236244	0.233362	0.189921	0.223016	0.211268	0.15478	0.130101	0.11721	0.122081	0.114363	0.10112	0.109472	0.062355	0.0613865	0	0.0603507	0.128267	0.121913	0.123731	0.15813	0.134504	0.153793	0.149233	0.151748	0.247869	0.10464	0.129878	0.138907	0.11086	0.123648	0.102391	0.100378	0.100382	0.12664	0.139135	0.115197	0.121328	0.1071	0.171736	0.162107	0.167207	0.221392	0.227172	0.217868	0.226937	0.191433	0.197598	0.224664	0.18817	0.174282	0.186903	0.182082	0.190617	0.15291	0.149068	0.136702	0.149885	0.149935	0.21876	0.211499	0.21347	0.205833	0.203388
Ibidorhyncha_struthersii	0.134389	0.140504	0.146252	0.180402	0.185869	0.168513	0.170162	0.217488	0.188336	0.268206	0.253203	0.166086	0.135465	0.149928	0.143276	0.139229	0.141246	0.143353	0.163933	0.158765	0.150546	0.1612	0.152944	0.184752	0.156523	0.160993	0.146206	0.180378	0.185212	0.164811	0.164871	0.172093	0.174138	0.145292	0.143278	0.147344	0.145291	0.14529	0.165135	0.180148	0.158652	0.168788	0.168815	0.172821	0.164679	0.270603	0.285883	0.290709	0.292706	0.287877	0.29893	0.300648	0.323515	0.303178	0.236754	0.247203	0.33866	0.393668	0.277992	0.216722	0.223133	0.240814	0.266834	0.237179	0.209648	0.245916	0.176073	0.176676	0.175622	0.225958	0.223942	0.227969	0.252355	0.239069	0.240897	0.234442	0.231411	0.238032	0.251668	0.23872	0.23329	0.229322	0.203424	0.250959	0.238092	0.230704	0.261636	0.246224	0.265062	0.230848	0.224155	0.241623	0.186719	0.194851	0.230577	0.201003	0.211523	0.248652	0.209326	0.208971	0.221863	0.217483	0.223528	0.224582	0.263733	0.240391	0.258991	0.244177	0.262854	0.261432	0.263342	0.250015	0.243598	0.248099	0.26896	0.254443	0.258391	0.265018	0.264488	0.275975	0.256021	0.255898	0.251902	0.251902	0.273168	0.243935	0.261951	0.264422	0.25149	0.261906	0.263027	0.239503	0.260695	0.253223	0.268225	0.249227	0.270057	0.270382	0.245897	0.242581	0.260494	0.268416	0.253673	0.246171	0.267854	0.264665	0.271013	0.251599	0.275328	0.262979	0.284266	0.260195	0.270345	0.262034	0.272281	0.285063	0.265649	0.271754	0.28464	0.282068	0.285801	0.267088	0.273244	0.284592	0.271185	0.260913	0.273442	0.277539	0.261161	0.271933	0.277662	0.282445	0.300956	0.289172	0.282655	0.28666	0.288588	0.261776	0.25915	0.2938	0.288765	0.277784	0.277784	0.313147	0.310253	0.261806	0.277249	0.265834	0.289469	0.284919	0.293532	0.26977	0.277845	0.274361	0.27943	0.282033	0.283678	0.294439	0.281627	0.277255	0.286038	0.273021	0.313893	0.304993	0.299356	0.300535	0.300363	0.302692	0.29169	0.277379	0.279471	0.285949	0.293839	0.292338	0.298745	0.277158	0.276903	0.280967	0.285014	0.285523	0.287496	0.287334	0.28529	0.287326	0.257484	0.27476	0.255672	0.28414	0.294731	0.302839	0.29446	0.286256	0.295558	0.292149	0.276477	0.309738	0.290862	0.303018	0.305448	0.300391	0.27734	0.279484	0.278165	0.276844	0.263921	0.25812	0.262241	0.262928	0.189031	0.191356	0.168876	0.233785	0.248887	0.203373	0.239484	0.247837	0.213335	0.151339	0.155098	0.190806	0.204391	0.193821	0.189359	0.246988	0.244106	0.200665	0.23376	0.222012	0.165524	0.140845	0.127954	0.132825	0.125106	0.111864	0.120216	0.0730989	0.0721304	0.0603507	0	0.139011	0.132657	0.134475	0.168874	0.145248	0.164537	0.159977	0.162492	0.258613	0.115384	0.140622	0.149651	0.121604	0.134391	0.113135	0.111122	0.111126	0.137384	0.149879	0.12594	0.132072	0.117843	0.18248	0.172851	0.177951	0.232135	0.237915	0.228612	0.237681	0.202177	0.208342	0.235408	0.198914	0.185026	0.197647	0.192826	0.201361	0.163654	0.159812	0.147446	0.160628	0.160679	0.229504	0.222243	0.224214	0.216577	0.214132
Limosa_lapponica	0.167604	0.173719	0.179468	0.213617	0.219084	0.201728	0.203378	0.250704	0.221552	0.301421	0.286418	0.199302	0.168681	0.183144	0.176492	0.172444	0.174462	0.176568	0.197148	0.19198	0.183761	0.194416	0.18616	0.217967	0.189739	0.194209	0.179422	0.213594	0.218428	0.198027	0.198087	0.205309	0.207354	0.178507	0.176493	0.18056	0.178507	0.178506	0.19835	0.213364	0.191867	0.202003	0.202031	0.206037	0.197894	0.303818	0.319099	0.323925	0.325922	0.321092	0.332145	0.333864	0.35673	0.336393	0.269969	0.280418	0.371875	0.426884	0.311207	0.249937	0.256348	0.27403	0.300049	0.270395	0.242863	0.279132	0.209289	0.209891	0.208837	0.259174	0.257158	0.261184	0.285571	0.272285	0.274113	0.267657	0.264627	0.271248	0.284883	0.271936	0.266505	0.262537	0.23664	0.284174	0.271308	0.26392	0.294852	0.27944	0.298277	0.264064	0.257371	0.274839	0.219935	0.228067	0.263792	0.234219	0.244738	0.281867	0.242542	0.242186	0.255078	0.250698	0.256744	0.257798	0.296949	0.273606	0.292207	0.277392	0.296069	0.294648	0.296558	0.283231	0.276813	0.281315	0.302175	0.287659	0.291606	0.298234	0.297704	0.30919	0.289237	0.289113	0.285117	0.285117	0.306384	0.277151	0.295167	0.297637	0.284706	0.295121	0.296242	0.272719	0.293911	0.286439	0.301441	0.282442	0.303272	0.303597	0.279112	0.275796	0.29371	0.301632	0.286889	0.279386	0.30107	0.297881	0.304228	0.284815	0.308543	0.296195	0.317482	0.29341	0.303561	0.295249	0.305496	0.318279	0.298864	0.30497	0.317855	0.315284	0.319016	0.300304	0.306459	0.317807	0.304401	0.294128	0.306658	0.310755	0.294377	0.305148	0.310877	0.315661	0.334172	0.322387	0.315871	0.319875	0.321803	0.294992	0.292365	0.327015	0.32198	0.311	0.311	0.346362	0.343469	0.295022	0.310464	0.299049	0.322685	0.318135	0.326748	0.302986	0.31106	0.307576	0.312645	0.315249	0.316894	0.327654	0.314842	0.310471	0.319253	0.306237	0.347109	0.338209	0.332572	0.33375	0.333579	0.335907	0.324906	0.310595	0.312687	0.319164	0.327054	0.325554	0.33196	0.310373	0.310118	0.314183	0.31823	0.318738	0.320711	0.320549	0.318505	0.320541	0.2907	0.307975	0.288887	0.317355	0.327946	0.336055	0.327676	0.319471	0.328773	0.325364	0.309693	0.342954	0.324078	0.336234	0.338663	0.333606	0.310556	0.312699	0.311381	0.31006	0.297136	0.291335	0.295456	0.296144	0.222246	0.224571	0.202092	0.267001	0.282103	0.236589	0.272699	0.281053	0.24655	0.184554	0.188313	0.224021	0.237606	0.227036	0.222574	0.280204	0.277321	0.233881	0.266975	0.255228	0.198739	0.17406	0.16117	0.166041	0.164813	0.15157	0.159922	0.136722	0.135753	0.128267	0.139011	0	0.0679369	0.0697547	0.116515	0.092889	0.112179	0.107618	0.110133	0.259515	0.127882	0.153119	0.162149	0.134101	0.146889	0.125632	0.12362	0.123624	0.149882	0.162377	0.138438	0.144569	0.130341	0.215696	0.206067	0.211166	0.265351	0.271131	0.261828	0.270896	0.235392	0.241557	0.268623	0.23213	0.218241	0.230863	0.226041	0.234576	0.196869	0.193028	0.180661	0.193844	0.193895	0.262719	0.255458	0.25743	0.249792	0.247348
Arenaria_interpres	0.16125	0.167365	0.173114	0.207263	0.21273	0.195374	0.197024	0.24435	0.215198	0.295067	0.280064	0.192948	0.162327	0.17679	0.170138	0.16609	0.168108	0.170214	0.190794	0.185626	0.177407	0.188062	0.179806	0.211613	0.183385	0.187855	0.173068	0.20724	0.212074	0.191673	0.191733	0.198955	0.201	0.172153	0.170139	0.174206	0.172153	0.172152	0.191996	0.20701	0.185513	0.195649	0.195677	0.199683	0.19154	0.297464	0.312745	0.317571	0.319568	0.314738	0.325791	0.32751	0.350376	0.330039	0.263615	0.274064	0.365521	0.42053	0.304853	0.243583	0.249994	0.267676	0.293695	0.264041	0.236509	0.272778	0.202935	0.203537	0.202483	0.25282	0.250804	0.25483	0.279217	0.265931	0.267759	0.261303	0.258273	0.264894	0.278529	0.265582	0.260151	0.256183	0.230286	0.27782	0.264954	0.257566	0.288498	0.273086	0.291923	0.25771	0.251017	0.268485	0.213581	0.221713	0.257438	0.227865	0.238384	0.275513	0.236188	0.235832	0.248724	0.244344	0.25039	0.251444	0.290595	0.267252	0.285853	0.271038	0.289715	0.288294	0.290204	0.276877	0.270459	0.274961	0.295822	0.281305	0.285252	0.29188	0.29135	0.302836	0.282883	0.282759	0.278763	0.278763	0.30003	0.270797	0.288813	0.291283	0.278352	0.288767	0.289888	0.266365	0.287557	0.280085	0.295087	0.276088	0.296918	0.297243	0.272758	0.269442	0.287356	0.295278	0.280535	0.273032	0.294716	0.291527	0.297874	0.278461	0.302189	0.289841	0.311128	0.287056	0.297207	0.288895	0.299142	0.311925	0.29251	0.298616	0.311501	0.30893	0.312662	0.29395	0.300105	0.311453	0.298047	0.287774	0.300304	0.304401	0.288023	0.298794	0.304523	0.309307	0.327818	0.316033	0.309517	0.313521	0.315449	0.288638	0.286011	0.320661	0.315626	0.304646	0.304646	0.340008	0.337115	0.288668	0.30411	0.292695	0.316331	0.311781	0.320394	0.296632	0.304706	0.301222	0.306291	0.308895	0.31054	0.3213	0.308488	0.304117	0.312899	0.299883	0.340755	0.331855	0.326218	0.327396	0.327225	0.329553	0.318552	0.304241	0.306333	0.31281	0.3207	0.3192	0.325606	0.304019	0.303764	0.307829	0.311876	0.312384	0.314357	0.314195	0.312151	0.314187	0.284346	0.301621	0.282533	0.311001	0.321592	0.329701	0.321322	0.313117	0.322419	0.31901	0.303339	0.3366	0.317724	0.32988	0.332309	0.327252	0.304202	0.306345	0.305027	0.303706	0.290782	0.284981	0.289102	0.28979	0.215892	0.218217	0.195738	0.260647	0.275749	0.230235	0.266345	0.274699	0.240196	0.1782	0.181959	0.217667	0.231252	0.220682	0.216221	0.27385	0.270967	0.227527	0.260621	0.248874	0.192385	0.167706	0.154816	0.159687	0.158459	0.145216	0.153568	0.130368	0.129399	0.121913	0.132657	0.0679369	0	0.06061	0.110161	0.086535	0.105825	0.101264	0.103779	0.253161	0.121528	0.146765	0.155795	0.127747	0.140535	0.119278	0.117266	0.11727	0.143528	0.156023	0.132084	0.138215	0.123987	0.209342	0.199713	0.204812	0.258997	0.264777	0.255474	0.264542	0.229038	0.235203	0.262269	0.225776	0.211887	0.224509	0.219687	0.228222	0.190515	0.186674	0.174307	0.18749	0.187541	0.256365	0.249104	0.251076	0.243438	0.240994
Calidris_pugnax	0.163068	0.169183	0.174931	0.209081	0.214548	0.197192	0.198842	0.246168	0.217015	0.296885	0.281882	0.194766	0.164144	0.178608	0.171956	0.167908	0.169925	0.172032	0.192612	0.187444	0.179225	0.18988	0.181624	0.213431	0.185202	0.189673	0.174885	0.209058	0.213891	0.193491	0.193551	0.200772	0.202817	0.173971	0.171957	0.176024	0.173971	0.17397	0.193814	0.208827	0.187331	0.197467	0.197495	0.201501	0.193358	0.299282	0.314562	0.319389	0.321385	0.316556	0.327609	0.329328	0.352194	0.331857	0.265433	0.275882	0.367339	0.422348	0.306671	0.245401	0.251812	0.269493	0.295513	0.265858	0.238327	0.274596	0.204753	0.205355	0.204301	0.254638	0.252621	0.256648	0.281034	0.267749	0.269576	0.263121	0.26009	0.266712	0.280347	0.267399	0.261969	0.258001	0.232104	0.279638	0.266771	0.259384	0.290316	0.274903	0.293741	0.259527	0.252835	0.270303	0.215398	0.22353	0.259256	0.229683	0.240202	0.277331	0.238006	0.23765	0.250542	0.246162	0.252208	0.253262	0.292413	0.26907	0.28767	0.272856	0.291533	0.290112	0.292021	0.278695	0.272277	0.276779	0.297639	0.283123	0.28707	0.293698	0.293167	0.304654	0.284701	0.284577	0.280581	0.280581	0.301848	0.272614	0.290631	0.293101	0.28017	0.290585	0.291706	0.268183	0.289375	0.281903	0.296905	0.277906	0.298736	0.299061	0.274576	0.27126	0.289174	0.297096	0.282353	0.27485	0.296534	0.293345	0.299692	0.280279	0.304007	0.291658	0.312946	0.288874	0.299025	0.290713	0.30096	0.313742	0.294328	0.300433	0.313319	0.310748	0.31448	0.295768	0.301923	0.313271	0.299865	0.289592	0.302121	0.306219	0.289841	0.300612	0.306341	0.311125	0.329636	0.317851	0.311335	0.315339	0.317267	0.290456	0.287829	0.322479	0.317444	0.306464	0.306463	0.341826	0.338933	0.290485	0.305928	0.294513	0.318148	0.313599	0.322212	0.29845	0.306524	0.30304	0.308109	0.310712	0.312358	0.323118	0.310306	0.305934	0.314717	0.301701	0.342573	0.333673	0.328035	0.329214	0.329043	0.331371	0.32037	0.306059	0.308151	0.314628	0.322518	0.321018	0.327424	0.305837	0.305582	0.309646	0.313693	0.314202	0.316175	0.316013	0.313969	0.316005	0.286164	0.303439	0.284351	0.312819	0.32341	0.331519	0.32314	0.314935	0.324237	0.320828	0.305157	0.338418	0.319542	0.331698	0.334127	0.32907	0.30602	0.308163	0.306845	0.305523	0.2926	0.286799	0.29092	0.291607	0.21771	0.220035	0.197556	0.262465	0.277566	0.232052	0.268163	0.276517	0.242014	0.180018	0.183777	0.219485	0.23307	0.2225	0.218038	0.275668	0.272785	0.229345	0.262439	0.250692	0.194203	0.169524	0.156634	0.161505	0.160277	0.147034	0.155386	0.132185	0.131217	0.123731	0.134475	0.0697547	0.06061	0	0.111979	0.0883528	0.107642	0.103082	0.105597	0.254979	0.123346	0.148583	0.157612	0.129565	0.142353	0.121096	0.119084	0.119087	0.145346	0.157841	0.133902	0.140033	0.125805	0.21116	0.201531	0.20663	0.260815	0.266595	0.257291	0.26636	0.230856	0.237021	0.264087	0.227593	0.213705	0.226327	0.221505	0.23004	0.192333	0.188491	0.176125	0.189308	0.189359	0.258183	0.250922	0.252894	0.245256	0.242811
Pedionomus_torquatus	0.197467	0.203582	0.20933	0.24348	0.248947	0.231591	0.233241	0.280567	0.251414	0.331284	0.316281	0.229165	0.198543	0.213007	0.206355	0.202307	0.204324	0.206431	0.227011	0.221843	0.213624	0.224279	0.216022	0.24783	0.219601	0.224072	0.209284	0.243457	0.24829	0.22789	0.22795	0.235171	0.237216	0.20837	0.206356	0.210423	0.20837	0.208369	0.228213	0.243226	0.22173	0.231866	0.231893	0.235899	0.227757	0.333681	0.348961	0.353788	0.355784	0.350955	0.362008	0.363727	0.386593	0.366256	0.299832	0.310281	0.401738	0.456747	0.34107	0.2798	0.286211	0.303892	0.329912	0.300257	0.272726	0.308995	0.239152	0.239754	0.2387	0.289037	0.28702	0.291047	0.315433	0.302148	0.303975	0.29752	0.294489	0.301111	0.314746	0.301798	0.296368	0.2924	0.266503	0.314037	0.30117	0.293783	0.324715	0.309302	0.32814	0.293926	0.287234	0.304702	0.249797	0.257929	0.293655	0.264082	0.274601	0.31173	0.272405	0.272049	0.284941	0.280561	0.286607	0.287661	0.326812	0.303469	0.322069	0.307255	0.325932	0.324511	0.32642	0.313094	0.306676	0.311178	0.332038	0.317522	0.321469	0.328097	0.327566	0.339053	0.3191	0.318976	0.31498	0.31498	0.336247	0.307013	0.32503	0.3275	0.314568	0.324984	0.326105	0.302582	0.323774	0.316302	0.331304	0.312305	0.333135	0.33346	0.308975	0.305659	0.323573	0.331495	0.316752	0.309249	0.330932	0.327743	0.334091	0.314678	0.338406	0.326057	0.347345	0.323273	0.333424	0.325112	0.335359	0.348141	0.328727	0.334832	0.347718	0.345147	0.348879	0.330167	0.336322	0.34767	0.334264	0.323991	0.33652	0.340618	0.32424	0.335011	0.34074	0.345524	0.364035	0.35225	0.345734	0.349738	0.351666	0.324855	0.322228	0.356878	0.351843	0.340863	0.340862	0.376225	0.373332	0.324884	0.340327	0.328912	0.352547	0.347998	0.356611	0.332849	0.340923	0.337439	0.342508	0.345111	0.346757	0.357517	0.344705	0.340333	0.349116	0.3361	0.376972	0.368072	0.362434	0.363613	0.363442	0.36577	0.354769	0.340458	0.34255	0.349027	0.356917	0.355417	0.361823	0.340236	0.339981	0.344045	0.348092	0.348601	0.350574	0.350412	0.348368	0.350404	0.320563	0.337838	0.31875	0.347218	0.357809	0.365918	0.357539	0.349334	0.358636	0.355227	0.339556	0.372817	0.353941	0.366097	0.368526	0.363469	0.340419	0.342562	0.341244	0.339922	0.326999	0.321198	0.325319	0.326006	0.252109	0.254434	0.231955	0.296864	0.311965	0.266451	0.302562	0.310916	0.276413	0.214417	0.218176	0.253884	0.267469	0.256899	0.252437	0.310067	0.307184	0.263744	0.296838	0.285091	0.228602	0.203923	0.191033	0.195904	0.194676	0.181433	0.189785	0.166584	0.165616	0.15813	0.168874	0.116515	0.110161	0.111979	0	0.0955438	0.121895	0.117335	0.119849	0.289377	0.157745	0.182982	0.192011	0.163964	0.176752	0.155495	0.153483	0.153486	0.179745	0.19224	0.168301	0.174432	0.160204	0.245559	0.23593	0.241029	0.295214	0.300994	0.29169	0.300759	0.265255	0.27142	0.298486	0.261992	0.248104	0.260726	0.255904	0.264439	0.226732	0.22289	0.210524	0.223707	0.223758	0.292582	0.285321	0.287293	0.279655	0.27721
Thinocorus_orbignyianus	0.173841	0.179956	0.185704	0.219854	0.225321	0.207965	0.209614	0.25694	0.227788	0.307658	0.292655	0.205538	0.174917	0.18938	0.182728	0.178681	0.180698	0.182805	0.203385	0.198217	0.189998	0.200652	0.192396	0.224204	0.195975	0.200445	0.185658	0.21983	0.224664	0.204263	0.204323	0.211545	0.21359	0.184744	0.18273	0.186796	0.184743	0.184742	0.204587	0.2196	0.198104	0.20824	0.208267	0.212273	0.204131	0.310055	0.325335	0.330161	0.332158	0.327329	0.338382	0.3401	0.362967	0.34263	0.276206	0.286655	0.378112	0.43312	0.317444	0.256174	0.262585	0.280266	0.306286	0.276631	0.2491	0.285368	0.215525	0.216128	0.215073	0.26541	0.263394	0.26742	0.291807	0.278521	0.280349	0.273894	0.270863	0.277484	0.29112	0.278172	0.272742	0.268774	0.242876	0.290411	0.277544	0.270156	0.301088	0.285676	0.304514	0.2703	0.263607	0.281075	0.226171	0.234303	0.270028	0.240455	0.250974	0.288104	0.248778	0.248423	0.261315	0.256935	0.26298	0.264034	0.303185	0.279842	0.298443	0.283629	0.302306	0.300884	0.302794	0.289467	0.28305	0.287551	0.308412	0.293895	0.297843	0.30447	0.30394	0.315426	0.295473	0.295349	0.291353	0.291353	0.31262	0.283387	0.301403	0.303873	0.290942	0.301358	0.302479	0.278955	0.300147	0.292675	0.307677	0.288679	0.309508	0.309834	0.285349	0.282033	0.299946	0.307868	0.293125	0.285623	0.307306	0.304117	0.310465	0.291051	0.31478	0.302431	0.323718	0.299647	0.309797	0.301486	0.311732	0.324515	0.305101	0.311206	0.324091	0.32152	0.325253	0.30654	0.312696	0.324043	0.310637	0.300365	0.312894	0.316991	0.300613	0.311385	0.317114	0.321897	0.340408	0.328624	0.322107	0.326112	0.32804	0.301228	0.298602	0.333252	0.328217	0.317236	0.317236	0.352599	0.349705	0.301258	0.316701	0.305285	0.328921	0.324371	0.332984	0.309222	0.317297	0.313813	0.318882	0.321485	0.32313	0.333891	0.321078	0.316707	0.325489	0.312473	0.353345	0.344445	0.338808	0.339987	0.339815	0.342144	0.331142	0.316831	0.318923	0.325401	0.333291	0.33179	0.338197	0.31661	0.316355	0.320419	0.324466	0.324975	0.326948	0.326786	0.324742	0.326778	0.296936	0.314212	0.295124	0.323592	0.334183	0.342291	0.333912	0.325708	0.33501	0.331601	0.315929	0.34919	0.330314	0.34247	0.3449	0.339843	0.316792	0.318936	0.317617	0.316296	0.303373	0.297572	0.301693	0.30238	0.228483	0.230808	0.208328	0.273237	0.288339	0.242825	0.278936	0.287289	0.252787	0.190791	0.19455	0.230257	0.243842	0.233272	0.228811	0.28644	0.283558	0.240117	0.273212	0.261464	0.204976	0.180297	0.167406	0.172277	0.171049	0.157807	0.166158	0.142958	0.141989	0.134504	0.145248	0.092889	0.086535	0.0883528	0.0955438	0	0.0982684	0.0937082	0.096223	0.265751	0.134118	0.159356	0.168385	0.140338	0.153126	0.131869	0.129856	0.12986	0.156118	0.168613	0.144675	0.150806	0.136578	0.221932	0.212303	0.217402	0.271587	0.277367	0.268064	0.277133	0.241628	0.247794	0.27486	0.238366	0.224477	0.237099	0.232278	0.240813	0.203106	0.199264	0.186898	0.20008	0.200131	0.268956	0.261695	0.263666	0.256029	0.253584
Jacana_jacana	0.19313	0.199245	0.204994	0.239143	0.24461	0.227254	0.228904	0.27623	0.247078	0.326947	0.311944	0.224828	0.194207	0.20867	0.202018	0.19797	0.199988	0.202094	0.222674	0.217506	0.209287	0.219942	0.211686	0.243493	0.215265	0.219735	0.204948	0.23912	0.243954	0.223553	0.223613	0.230835	0.23288	0.204033	0.202019	0.206086	0.204033	0.204032	0.223876	0.23889	0.217393	0.227529	0.227557	0.231563	0.22342	0.329344	0.344625	0.349451	0.351448	0.346618	0.357671	0.35939	0.382256	0.361919	0.295495	0.305944	0.397401	0.45241	0.336733	0.275463	0.281874	0.299555	0.325575	0.295921	0.268389	0.304658	0.234815	0.235417	0.234363	0.2847	0.282683	0.28671	0.311097	0.297811	0.299639	0.293183	0.290153	0.296774	0.310409	0.297462	0.292031	0.288063	0.262166	0.3097	0.296834	0.289446	0.320378	0.304966	0.323803	0.28959	0.282897	0.300365	0.245461	0.253593	0.289318	0.259745	0.270264	0.307393	0.268068	0.267712	0.280604	0.276224	0.28227	0.283324	0.322475	0.299132	0.317733	0.302918	0.321595	0.320174	0.322084	0.308757	0.302339	0.306841	0.327701	0.313185	0.317132	0.32376	0.32323	0.334716	0.314763	0.314639	0.310643	0.310643	0.33191	0.302677	0.320693	0.323163	0.310232	0.320647	0.321768	0.298245	0.319437	0.311965	0.326967	0.307968	0.328798	0.329123	0.304638	0.301322	0.319236	0.327158	0.312415	0.304912	0.326596	0.323407	0.329754	0.310341	0.334069	0.321721	0.343008	0.318936	0.329087	0.320775	0.331022	0.343805	0.32439	0.330495	0.343381	0.34081	0.344542	0.32583	0.331985	0.343333	0.329927	0.319654	0.332184	0.336281	0.319903	0.330674	0.336403	0.341187	0.359698	0.347913	0.341397	0.345401	0.347329	0.320518	0.317891	0.352541	0.347506	0.336526	0.336526	0.371888	0.368995	0.320548	0.33599	0.324575	0.348211	0.343661	0.352274	0.328512	0.336586	0.333102	0.338171	0.340775	0.34242	0.35318	0.340368	0.335997	0.344779	0.331763	0.372635	0.363735	0.358098	0.359276	0.359105	0.361433	0.350432	0.336121	0.338213	0.34469	0.35258	0.35108	0.357486	0.335899	0.335644	0.339709	0.343756	0.344264	0.346237	0.346075	0.344031	0.346067	0.316226	0.333501	0.314413	0.342881	0.353472	0.361581	0.353202	0.344997	0.354299	0.35089	0.335219	0.36848	0.349604	0.36176	0.364189	0.359132	0.336082	0.338225	0.336907	0.335586	0.322662	0.316861	0.320982	0.32167	0.247772	0.250097	0.227618	0.292527	0.307628	0.262115	0.298225	0.306579	0.272076	0.21008	0.213839	0.249547	0.263132	0.252562	0.2481	0.30573	0.302847	0.259407	0.292501	0.280754	0.224265	0.199586	0.186696	0.191567	0.190339	0.177096	0.185448	0.162248	0.161279	0.153793	0.164537	0.112179	0.105825	0.107642	0.121895	0.0982684	0	0.108744	0.111259	0.285041	0.153408	0.178645	0.187675	0.159627	0.172415	0.151158	0.149146	0.14915	0.175408	0.187903	0.163964	0.170095	0.155867	0.241222	0.231593	0.236692	0.290877	0.296657	0.287354	0.296422	0.260918	0.267083	0.294149	0.257656	0.243767	0.256389	0.251567	0.260102	0.222395	0.218554	0.206187	0.21937	0.219421	0.288245	0.280984	0.282956	0.275318	0.272873
Nycticryphes_semicollaris	0.18857	0.194685	0.200433	0.234583	0.24005	0.222694	0.224344	0.27167	0.242517	0.322387	0.307384	0.220268	0.189646	0.20411	0.197458	0.19341	0.195427	0.197534	0.218114	0.212946	0.204727	0.215382	0.207125	0.238933	0.210704	0.215175	0.200387	0.234559	0.239393	0.218993	0.219053	0.226274	0.228319	0.199473	0.197459	0.201526	0.199473	0.199472	0.219316	0.234329	0.212833	0.222969	0.222996	0.227002	0.21886	0.324784	0.340064	0.344891	0.346887	0.342058	0.353111	0.35483	0.377696	0.357359	0.290935	0.301384	0.392841	0.44785	0.332173	0.270903	0.277314	0.294995	0.321015	0.29136	0.263829	0.300098	0.230254	0.230857	0.229803	0.28014	0.278123	0.28215	0.306536	0.293251	0.295078	0.288623	0.285592	0.292213	0.305849	0.292901	0.287471	0.283503	0.257606	0.30514	0.292273	0.284886	0.315818	0.300405	0.319243	0.285029	0.278337	0.295805	0.2409	0.249032	0.284758	0.255185	0.265704	0.302833	0.263508	0.263152	0.276044	0.271664	0.27771	0.278764	0.317915	0.294572	0.313172	0.298358	0.317035	0.315614	0.317523	0.304197	0.297779	0.302281	0.323141	0.308625	0.312572	0.3192	0.318669	0.330156	0.310203	0.310079	0.306083	0.306083	0.32735	0.298116	0.316133	0.318603	0.305671	0.316087	0.317208	0.293685	0.314877	0.307405	0.322406	0.303408	0.324238	0.324563	0.300078	0.296762	0.314676	0.322598	0.307855	0.300352	0.322035	0.318846	0.325194	0.305781	0.329509	0.31716	0.338448	0.314376	0.324527	0.316215	0.326462	0.339244	0.31983	0.325935	0.338821	0.33625	0.339982	0.32127	0.327425	0.338773	0.325367	0.315094	0.327623	0.331721	0.315343	0.326114	0.331843	0.336627	0.355137	0.343353	0.336836	0.340841	0.342769	0.315957	0.313331	0.347981	0.342946	0.331966	0.331965	0.367328	0.364435	0.315987	0.33143	0.320015	0.34365	0.339101	0.347714	0.323952	0.332026	0.328542	0.333611	0.336214	0.33786	0.34862	0.335808	0.331436	0.340219	0.327203	0.368075	0.359175	0.353537	0.354716	0.354545	0.356873	0.345872	0.331561	0.333653	0.34013	0.34802	0.34652	0.352926	0.331339	0.331084	0.335148	0.339195	0.339704	0.341677	0.341515	0.339471	0.341507	0.311666	0.328941	0.309853	0.338321	0.348912	0.357021	0.348642	0.340437	0.349739	0.34633	0.330659	0.36392	0.345044	0.357199	0.359629	0.354572	0.331521	0.333665	0.332346	0.331025	0.318102	0.312301	0.316422	0.317109	0.243212	0.245537	0.223058	0.287967	0.303068	0.257554	0.293665	0.302019	0.267516	0.20552	0.209279	0.244987	0.258572	0.248002	0.24354	0.30117	0.298287	0.254847	0.287941	0.276194	0.219705	0.195026	0.182135	0.187007	0.185779	0.172536	0.180888	0.157687	0.156719	0.149233	0.159977	0.107618	0.101264	0.103082	0.117335	0.0937082	0.108744	0	0.0831116	0.28048	0.148848	0.174085	0.183114	0.155067	0.167855	0.146598	0.144586	0.144589	0.170848	0.183343	0.159404	0.165535	0.151307	0.236661	0.227033	0.232132	0.286317	0.292097	0.282793	0.291862	0.256358	0.262523	0.289589	0.253095	0.239207	0.251829	0.247007	0.255542	0.217835	0.213993	0.201627	0.21481	0.214861	0.283685	0.276424	0.278396	0.270758	0.268313
Rostratula_benghalensis	0.191085	0.1972	0.202948	0.237098	0.242565	0.225209	0.226858	0.274184	0.245032	0.324902	0.309899	0.222782	0.192161	0.206625	0.199972	0.195925	0.197942	0.200049	0.220629	0.215461	0.207242	0.217896	0.20964	0.241448	0.213219	0.217689	0.202902	0.237074	0.241908	0.221508	0.221567	0.228789	0.230834	0.201988	0.199974	0.20404	0.201987	0.201986	0.221831	0.236844	0.215348	0.225484	0.225511	0.229517	0.221375	0.327299	0.342579	0.347405	0.349402	0.344573	0.355626	0.357344	0.380211	0.359874	0.29345	0.303899	0.395356	0.450364	0.334688	0.273418	0.279829	0.29751	0.32353	0.293875	0.266344	0.302612	0.232769	0.233372	0.232318	0.282655	0.280638	0.284665	0.309051	0.295765	0.297593	0.291138	0.288107	0.294728	0.308364	0.295416	0.289986	0.286018	0.26012	0.307655	0.294788	0.287401	0.318332	0.30292	0.321758	0.287544	0.280851	0.298319	0.243415	0.251547	0.287273	0.257699	0.268219	0.305348	0.266023	0.265667	0.278559	0.274179	0.280225	0.281278	0.320429	0.297087	0.315687	0.300873	0.31955	0.318128	0.320038	0.306711	0.300294	0.304795	0.325656	0.311139	0.315087	0.321714	0.321184	0.332671	0.312718	0.312594	0.308598	0.308598	0.329864	0.300631	0.318647	0.321118	0.308186	0.318602	0.319723	0.2962	0.317392	0.309919	0.324921	0.305923	0.326753	0.327078	0.302593	0.299277	0.31719	0.325113	0.310369	0.302867	0.32455	0.321361	0.327709	0.308295	0.332024	0.319675	0.340962	0.316891	0.327041	0.31873	0.328977	0.341759	0.322345	0.32845	0.341336	0.338764	0.342497	0.323784	0.32994	0.341288	0.327882	0.317609	0.330138	0.334235	0.317857	0.328629	0.334358	0.339141	0.357652	0.345868	0.339351	0.343356	0.345284	0.318472	0.315846	0.350496	0.345461	0.33448	0.33448	0.369843	0.366949	0.318502	0.333945	0.32253	0.346165	0.341615	0.350229	0.326466	0.334541	0.331057	0.336126	0.338729	0.340374	0.351135	0.338323	0.333951	0.342734	0.329718	0.37059	0.361689	0.356052	0.357231	0.357059	0.359388	0.348386	0.334075	0.336167	0.342645	0.350535	0.349034	0.355441	0.333854	0.333599	0.337663	0.34171	0.342219	0.344192	0.34403	0.341986	0.344022	0.314181	0.331456	0.312368	0.340836	0.351427	0.359535	0.351157	0.342952	0.352254	0.348845	0.333173	0.366434	0.347558	0.359714	0.362144	0.357087	0.334036	0.33618	0.334861	0.33354	0.320617	0.314816	0.318937	0.319624	0.245727	0.248052	0.225572	0.290481	0.305583	0.260069	0.29618	0.304533	0.270031	0.208035	0.211794	0.247502	0.261087	0.250517	0.246055	0.303684	0.300802	0.257361	0.290456	0.278708	0.22222	0.197541	0.18465	0.189521	0.188293	0.175051	0.183402	0.160202	0.159234	0.151748	0.162492	0.110133	0.103779	0.105597	0.119849	0.096223	0.111259	0.0831116	0	0.282995	0.151362	0.1766	0.185629	0.157582	0.17037	0.149113	0.147101	0.147104	0.173362	0.185857	0.161919	0.16805	0.153822	0.239176	0.229547	0.234647	0.288832	0.294612	0.285308	0.294377	0.258873	0.265038	0.292104	0.25561	0.241722	0.254343	0.249522	0.258057	0.22035	0.216508	0.204142	0.217324	0.217375	0.2862	0.278939	0.28091	0.273273	0.270828
Turnix_velox	0.287206	0.29332	0.299069	0.333219	0.338685	0.32133	0.322979	0.370305	0.341153	0.421023	0.40602	0.318903	0.288282	0.302745	0.296093	0.292045	0.294063	0.29617	0.31675	0.311582	0.303362	0.314017	0.305761	0.337568	0.30934	0.31381	0.299023	0.333195	0.338029	0.317628	0.317688	0.32491	0.326955	0.298108	0.296094	0.300161	0.298108	0.298107	0.317952	0.332965	0.311468	0.321605	0.321632	0.325638	0.317496	0.42342	0.4387	0.443526	0.445523	0.440693	0.451746	0.453465	0.476332	0.455994	0.38957	0.40002	0.491477	0.546485	0.430808	0.369538	0.375949	0.393631	0.41965	0.389996	0.362464	0.398733	0.32889	0.329493	0.328438	0.378775	0.376759	0.380785	0.405172	0.391886	0.393714	0.387258	0.384228	0.390849	0.404485	0.391537	0.386106	0.382139	0.356241	0.403776	0.390909	0.383521	0.414453	0.399041	0.417879	0.383665	0.376972	0.39444	0.339536	0.347668	0.383393	0.35382	0.364339	0.401469	0.362143	0.361787	0.374679	0.3703	0.376345	0.377399	0.41655	0.393207	0.411808	0.396993	0.41567	0.414249	0.416159	0.402832	0.396414	0.400916	0.421777	0.40726	0.411207	0.417835	0.417305	0.428791	0.408838	0.408714	0.404718	0.404718	0.425985	0.396752	0.414768	0.417238	0.404307	0.414722	0.415844	0.39232	0.413512	0.40604	0.421042	0.402043	0.422873	0.423199	0.398713	0.395398	0.413311	0.421233	0.40649	0.398988	0.420671	0.417482	0.423829	0.404416	0.428144	0.415796	0.437083	0.413012	0.423162	0.41485	0.425097	0.43788	0.418466	0.424571	0.437456	0.434885	0.438618	0.419905	0.426061	0.437408	0.424002	0.413729	0.426259	0.430356	0.413978	0.424749	0.430479	0.435262	0.453773	0.441988	0.435472	0.439477	0.441405	0.414593	0.411966	0.446617	0.441582	0.430601	0.430601	0.465963	0.46307	0.414623	0.430066	0.41865	0.442286	0.437736	0.446349	0.422587	0.430662	0.427177	0.432246	0.43485	0.436495	0.447256	0.434443	0.430072	0.438854	0.425838	0.46671	0.45781	0.452173	0.453352	0.45318	0.455508	0.444507	0.430196	0.432288	0.438766	0.446656	0.445155	0.451561	0.429975	0.42972	0.433784	0.437831	0.43834	0.440313	0.44015	0.438106	0.440143	0.410301	0.427576	0.408488	0.436956	0.447547	0.455656	0.447277	0.439072	0.448374	0.444965	0.429294	0.462555	0.443679	0.455835	0.458265	0.453207	0.430157	0.432301	0.430982	0.429661	0.416738	0.410937	0.415058	0.415745	0.341848	0.344173	0.321693	0.386602	0.401704	0.35619	0.392301	0.400654	0.366151	0.304155	0.307915	0.343622	0.357207	0.346637	0.342176	0.399805	0.396923	0.353482	0.386577	0.374829	0.31834	0.293662	0.280771	0.285642	0.284414	0.271171	0.279523	0.256323	0.255354	0.247869	0.258613	0.259515	0.253161	0.254979	0.289377	0.265751	0.285041	0.28048	0.282995	0	0.247483	0.27272	0.28175	0.253702	0.26649	0.245234	0.243221	0.243225	0.269483	0.281978	0.258039	0.26417	0.249942	0.335297	0.325668	0.330767	0.384952	0.390732	0.381429	0.390498	0.354993	0.361159	0.388224	0.351731	0.337842	0.350464	0.345642	0.354178	0.316471	0.312629	0.300263	0.313445	0.313496	0.382321	0.37506	0.377031	0.369394	0.366949
Dromas_ardeola	0.143977	0.150092	0.155841	0.18999	0.195457	0.178101	0.179751	0.227077	0.197925	0.277794	0.262791	0.175675	0.145053	0.159517	0.152865	0.148817	0.150834	0.152941	0.173521	0.168353	0.160134	0.170789	0.162533	0.19434	0.166111	0.170582	0.155794	0.189967	0.194801	0.1744	0.17446	0.181681	0.183727	0.15488	0.152866	0.156933	0.15488	0.154879	0.174723	0.189736	0.16824	0.178376	0.178404	0.18241	0.174267	0.280191	0.295471	0.300298	0.302295	0.297465	0.308518	0.310237	0.333103	0.312766	0.246342	0.256791	0.348248	0.403257	0.28758	0.22631	0.232721	0.250402	0.276422	0.246768	0.219236	0.255505	0.185662	0.186264	0.18521	0.235547	0.23353	0.237557	0.261944	0.248658	0.250485	0.24403	0.241	0.247621	0.261256	0.248308	0.242878	0.23891	0.213013	0.260547	0.247681	0.240293	0.271225	0.255812	0.27465	0.240437	0.233744	0.251212	0.196308	0.20444	0.240165	0.210592	0.221111	0.25824	0.218915	0.218559	0.231451	0.227071	0.233117	0.234171	0.273322	0.249979	0.268579	0.253765	0.272442	0.271021	0.272931	0.259604	0.253186	0.257688	0.278548	0.264032	0.267979	0.274607	0.274077	0.285563	0.26561	0.265486	0.26149	0.26149	0.282757	0.253524	0.27154	0.27401	0.261079	0.271494	0.272615	0.249092	0.270284	0.262812	0.277814	0.258815	0.279645	0.27997	0.255485	0.252169	0.270083	0.278005	0.263262	0.255759	0.277443	0.274254	0.280601	0.261188	0.284916	0.272568	0.293855	0.269783	0.279934	0.271622	0.281869	0.294652	0.275237	0.281342	0.294228	0.291657	0.295389	0.276677	0.282832	0.29418	0.280774	0.270501	0.28303	0.287128	0.27075	0.281521	0.28725	0.292034	0.310545	0.29876	0.292244	0.296248	0.298176	0.271365	0.268738	0.303388	0.298353	0.287373	0.287373	0.322735	0.319842	0.271394	0.286837	0.275422	0.299058	0.294508	0.303121	0.279359	0.287433	0.283949	0.289018	0.291622	0.293267	0.304027	0.291215	0.286844	0.295626	0.28261	0.323482	0.314582	0.308945	0.310123	0.309952	0.31228	0.301279	0.286968	0.28906	0.295537	0.303427	0.301927	0.308333	0.286746	0.286491	0.290555	0.294602	0.295111	0.297084	0.296922	0.294878	0.296914	0.267073	0.284348	0.26526	0.293728	0.304319	0.312428	0.304049	0.295844	0.305146	0.301737	0.286066	0.319327	0.300451	0.312607	0.315036	0.309979	0.286929	0.289072	0.287754	0.286432	0.273509	0.267708	0.271829	0.272516	0.198619	0.200944	0.178465	0.243374	0.258475	0.212962	0.249072	0.257426	0.222923	0.160927	0.164686	0.200394	0.213979	0.203409	0.198947	0.256577	0.253694	0.210254	0.243348	0.231601	0.175112	0.150433	0.137543	0.142414	0.141186	0.127943	0.136295	0.113094	0.112126	0.10464	0.115384	0.127882	0.121528	0.123346	0.157745	0.134118	0.153408	0.148848	0.151362	0.247483	0	0.0742746	0.083304	0.0633649	0.0761528	0.054896	0.0528837	0.0528872	0.0791454	0.0916404	0.0677018	0.0738328	0.0596048	0.192069	0.18244	0.187539	0.241724	0.247504	0.2382	0.247269	0.211765	0.21793	0.244996	0.208502	0.194614	0.207236	0.202414	0.210949	0.173242	0.169401	0.157034	0.170217	0.170268	0.239092	0.231831	0.233803	0.226165	0.22372
Glareola_pratincola	0.169215	0.175329	0.181078	0.215227	0.220694	0.203339	0.204988	0.252314	0.223162	0.303032	0.288028	0.200912	0.170291	0.184754	0.178102	0.174054	0.176072	0.178179	0.198759	0.193591	0.185371	0.196026	0.18777	0.219577	0.191349	0.195819	0.181032	0.215204	0.220038	0.199637	0.199697	0.206919	0.208964	0.180117	0.178103	0.18217	0.180117	0.180116	0.199961	0.214974	0.193477	0.203614	0.203641	0.207647	0.199505	0.305429	0.320709	0.325535	0.327532	0.322702	0.333755	0.335474	0.358341	0.338003	0.271579	0.282029	0.373486	0.428494	0.312817	0.251547	0.257958	0.27564	0.301659	0.272005	0.244473	0.280742	0.210899	0.211502	0.210447	0.260784	0.258768	0.262794	0.287181	0.273895	0.275723	0.269267	0.266237	0.272858	0.286494	0.273546	0.268115	0.264148	0.23825	0.285785	0.272918	0.26553	0.296462	0.28105	0.299888	0.265674	0.258981	0.276449	0.221545	0.229677	0.265402	0.235829	0.246348	0.283478	0.244152	0.243796	0.256688	0.252309	0.258354	0.259408	0.298559	0.275216	0.293817	0.279002	0.297679	0.296258	0.298168	0.284841	0.278423	0.282925	0.303786	0.289269	0.293216	0.299844	0.299314	0.3108	0.290847	0.290723	0.286727	0.286727	0.307994	0.278761	0.296777	0.299247	0.286316	0.296731	0.297853	0.274329	0.295521	0.288049	0.303051	0.284052	0.304882	0.305208	0.280722	0.277407	0.29532	0.303242	0.288499	0.280997	0.30268	0.299491	0.305838	0.286425	0.310153	0.297805	0.319092	0.29502	0.305171	0.296859	0.307106	0.319889	0.300475	0.30658	0.319465	0.316894	0.320627	0.301914	0.30807	0.319417	0.306011	0.295738	0.308268	0.312365	0.295987	0.306758	0.312488	0.317271	0.335782	0.323997	0.317481	0.321486	0.323414	0.296602	0.293975	0.328626	0.323591	0.31261	0.31261	0.347972	0.345079	0.296632	0.312075	0.300659	0.324295	0.319745	0.328358	0.304596	0.312671	0.309186	0.314255	0.316859	0.318504	0.329265	0.316452	0.312081	0.320863	0.307847	0.348719	0.339819	0.334182	0.335361	0.335189	0.337517	0.326516	0.312205	0.314297	0.320775	0.328665	0.327164	0.33357	0.311984	0.311729	0.315793	0.31984	0.320349	0.322322	0.322159	0.320115	0.322152	0.29231	0.309585	0.290497	0.318965	0.329556	0.337665	0.329286	0.321081	0.330383	0.326974	0.311303	0.344564	0.325688	0.337844	0.340274	0.335216	0.312166	0.31431	0.312991	0.31167	0.298747	0.292946	0.297067	0.297754	0.223857	0.226182	0.203702	0.268611	0.283713	0.238199	0.27431	0.282663	0.24816	0.186164	0.189924	0.225631	0.239216	0.228646	0.224185	0.281814	0.278932	0.235491	0.268586	0.256838	0.200349	0.175671	0.16278	0.167651	0.166423	0.15318	0.161532	0.138332	0.137363	0.129878	0.140622	0.153119	0.146765	0.148583	0.182982	0.159356	0.178645	0.174085	0.1766	0.27272	0.0742746	0	0.0896439	0.0886022	0.10139	0.0801333	0.078121	0.0781245	0.104383	0.116878	0.092939	0.0990701	0.0848421	0.217306	0.207677	0.212776	0.266961	0.272741	0.263438	0.272507	0.237002	0.243168	0.270233	0.23374	0.219851	0.232473	0.227651	0.236187	0.198479	0.194638	0.182272	0.195454	0.195505	0.26433	0.257069	0.25904	0.251403	0.248958
Rhinoptilus_africanus	0.178244	0.184359	0.190107	0.224257	0.229724	0.212368	0.214018	0.261344	0.232191	0.312061	0.297058	0.209942	0.17932	0.193784	0.187132	0.183084	0.185101	0.187208	0.207788	0.20262	0.194401	0.205056	0.196799	0.228607	0.200378	0.204848	0.190061	0.224233	0.229067	0.208667	0.208726	0.215948	0.217993	0.189147	0.187133	0.191199	0.189146	0.189146	0.20899	0.224003	0.202507	0.212643	0.21267	0.216676	0.208534	0.314458	0.329738	0.334564	0.336561	0.331732	0.342785	0.344503	0.36737	0.347033	0.280609	0.291058	0.382515	0.437523	0.321847	0.260577	0.266988	0.284669	0.310689	0.281034	0.253503	0.289771	0.219928	0.220531	0.219477	0.269814	0.267797	0.271824	0.29621	0.282924	0.284752	0.278297	0.275266	0.281887	0.295523	0.282575	0.277145	0.273177	0.247279	0.294814	0.281947	0.27456	0.305492	0.290079	0.308917	0.274703	0.26801	0.285478	0.230574	0.238706	0.274432	0.244858	0.255378	0.292507	0.253182	0.252826	0.265718	0.261338	0.267384	0.268437	0.307589	0.284246	0.302846	0.288032	0.306709	0.305288	0.307197	0.293871	0.287453	0.291954	0.312815	0.298298	0.302246	0.308874	0.308343	0.31983	0.299877	0.299753	0.295757	0.295757	0.317024	0.28779	0.305806	0.308277	0.295345	0.305761	0.306882	0.283359	0.304551	0.297079	0.31208	0.293082	0.313912	0.314237	0.289752	0.286436	0.30435	0.312272	0.297529	0.290026	0.311709	0.30852	0.314868	0.295455	0.319183	0.306834	0.328122	0.30405	0.314201	0.305889	0.316136	0.328918	0.309504	0.315609	0.328495	0.325924	0.329656	0.310944	0.317099	0.328447	0.315041	0.304768	0.317297	0.321394	0.305016	0.315788	0.321517	0.3263	0.344811	0.333027	0.32651	0.330515	0.332443	0.305631	0.303005	0.337655	0.33262	0.321639	0.321639	0.357002	0.354108	0.305661	0.321104	0.309689	0.333324	0.328775	0.337388	0.313626	0.3217	0.318216	0.323285	0.325888	0.327534	0.338294	0.325482	0.32111	0.329893	0.316877	0.357749	0.348849	0.343211	0.34439	0.344218	0.346547	0.335546	0.321234	0.323326	0.329804	0.337694	0.336194	0.3426	0.321013	0.320758	0.324822	0.328869	0.329378	0.331351	0.331189	0.329145	0.331181	0.30134	0.318615	0.299527	0.327995	0.338586	0.346694	0.338316	0.330111	0.339413	0.336004	0.320333	0.353593	0.334718	0.346873	0.349303	0.344246	0.321195	0.323339	0.32202	0.320699	0.307776	0.301975	0.306096	0.306783	0.232886	0.235211	0.212731	0.277641	0.292742	0.247228	0.283339	0.291692	0.25719	0.195194	0.198953	0.234661	0.248246	0.237676	0.233214	0.290844	0.287961	0.24452	0.277615	0.265867	0.209379	0.1847	0.171809	0.17668	0.175452	0.16221	0.170562	0.147361	0.146393	0.138907	0.149651	0.162149	0.155795	0.157612	0.192011	0.168385	0.187675	0.183114	0.185629	0.28175	0.083304	0.0896439	0	0.0976316	0.11042	0.0891628	0.0871504	0.0871539	0.113412	0.125907	0.101969	0.1081	0.0938715	0.226335	0.216706	0.221806	0.275991	0.281771	0.272467	0.281536	0.246032	0.252197	0.279263	0.242769	0.228881	0.241502	0.236681	0.245216	0.207509	0.203667	0.191301	0.204484	0.204534	0.273359	0.266098	0.268069	0.260432	0.257987
Stercorarius_parasiticus	0.150197	0.156311	0.16206	0.19621	0.201677	0.184321	0.18597	0.233296	0.204144	0.284014	0.269011	0.181894	0.151273	0.165736	0.159084	0.155036	0.157054	0.159161	0.179741	0.174573	0.166353	0.177008	0.168752	0.200559	0.172331	0.176801	0.162014	0.196186	0.20102	0.180619	0.180679	0.187901	0.189946	0.161099	0.159085	0.163152	0.161099	0.161098	0.180943	0.195956	0.174459	0.184596	0.184623	0.188629	0.180487	0.286411	0.301691	0.306517	0.308514	0.303684	0.314737	0.316456	0.339323	0.318986	0.252561	0.263011	0.354468	0.409476	0.2938	0.232529	0.23894	0.256622	0.282642	0.252987	0.225455	0.261724	0.191881	0.192484	0.191429	0.241766	0.23975	0.243776	0.268163	0.254877	0.256705	0.25025	0.247219	0.25384	0.267476	0.254528	0.249097	0.24513	0.219232	0.266767	0.2539	0.246512	0.277444	0.262032	0.28087	0.246656	0.239963	0.257431	0.202527	0.210659	0.246384	0.216811	0.22733	0.26446	0.225134	0.224778	0.23767	0.233291	0.239336	0.24039	0.279541	0.256198	0.274799	0.259984	0.278662	0.27724	0.27915	0.265823	0.259405	0.263907	0.284768	0.270251	0.274198	0.280826	0.280296	0.291782	0.271829	0.271705	0.267709	0.267709	0.288976	0.259743	0.277759	0.280229	0.267298	0.277713	0.278835	0.255311	0.276503	0.269031	0.284033	0.265034	0.285864	0.28619	0.261704	0.258389	0.276302	0.284224	0.269481	0.261979	0.283662	0.280473	0.28682	0.267407	0.291135	0.278787	0.300074	0.276003	0.286153	0.277841	0.288088	0.300871	0.281457	0.287562	0.300447	0.297876	0.301609	0.282896	0.289052	0.300399	0.286993	0.276721	0.28925	0.293347	0.276969	0.28774	0.29347	0.298253	0.316764	0.304979	0.298463	0.302468	0.304396	0.277584	0.274957	0.309608	0.304573	0.293592	0.293592	0.328954	0.326061	0.277614	0.293057	0.281641	0.305277	0.300727	0.30934	0.285578	0.293653	0.290168	0.295238	0.297841	0.299486	0.310247	0.297434	0.293063	0.301845	0.288829	0.329701	0.320801	0.315164	0.316343	0.316171	0.318499	0.307498	0.293187	0.295279	0.301757	0.309647	0.308146	0.314552	0.292966	0.292711	0.296775	0.300822	0.301331	0.303304	0.303141	0.301098	0.303134	0.273292	0.290567	0.271479	0.299947	0.310539	0.318647	0.310268	0.302063	0.311365	0.307956	0.292285	0.325546	0.30667	0.318826	0.321256	0.316198	0.293148	0.295292	0.293973	0.292652	0.279729	0.273928	0.278049	0.278736	0.204839	0.207164	0.184684	0.249593	0.264695	0.219181	0.255292	0.263645	0.229142	0.167146	0.170906	0.206613	0.220198	0.209628	0.205167	0.262796	0.259914	0.216473	0.249568	0.23782	0.181332	0.156653	0.143762	0.148633	0.147405	0.134162	0.142514	0.119314	0.118345	0.11086	0.121604	0.134101	0.127747	0.129565	0.163964	0.140338	0.159627	0.155067	0.157582	0.253702	0.0633649	0.0886022	0.0976316	0	0.0661296	0.0448729	0.0428605	0.042864	0.0691223	0.0816173	0.0576786	0.0638097	0.0495816	0.198288	0.188659	0.193758	0.247943	0.253723	0.24442	0.253489	0.217984	0.22415	0.251215	0.214722	0.200833	0.213455	0.208633	0.217169	0.179462	0.17562	0.163254	0.176436	0.176487	0.245312	0.238051	0.240022	0.232385	0.22994
Cepphus_grylle	0.162985	0.169099	0.174848	0.208997	0.214464	0.197109	0.198758	0.246084	0.216932	0.296801	0.281798	0.194682	0.164061	0.178524	0.171872	0.167824	0.169842	0.171949	0.192529	0.187361	0.179141	0.189796	0.18154	0.213347	0.185119	0.189589	0.174802	0.208974	0.213808	0.193407	0.193467	0.200689	0.202734	0.173887	0.171873	0.17594	0.173887	0.173886	0.193731	0.208744	0.187247	0.197384	0.197411	0.201417	0.193275	0.299198	0.314479	0.319305	0.321302	0.316472	0.327525	0.329244	0.352111	0.331773	0.265349	0.275799	0.367256	0.422264	0.306587	0.245317	0.251728	0.26941	0.295429	0.265775	0.238243	0.274512	0.204669	0.205272	0.204217	0.254554	0.252538	0.256564	0.280951	0.267665	0.269493	0.263037	0.260007	0.266628	0.280264	0.267316	0.261885	0.257918	0.23202	0.279554	0.266688	0.2593	0.290232	0.27482	0.293658	0.259444	0.252751	0.270219	0.215315	0.223447	0.259172	0.229599	0.240118	0.277248	0.237922	0.237566	0.250458	0.246079	0.252124	0.253178	0.292329	0.268986	0.287587	0.272772	0.291449	0.290028	0.291938	0.278611	0.272193	0.276695	0.297556	0.283039	0.286986	0.293614	0.293084	0.30457	0.284617	0.284493	0.280497	0.280497	0.301764	0.272531	0.290547	0.293017	0.280086	0.290501	0.291623	0.268099	0.289291	0.281819	0.296821	0.277822	0.298652	0.298978	0.274492	0.271177	0.28909	0.297012	0.282269	0.274767	0.29645	0.293261	0.299608	0.280195	0.303923	0.291575	0.312862	0.28879	0.298941	0.290629	0.300876	0.313659	0.294245	0.30035	0.313235	0.310664	0.314396	0.295684	0.301839	0.313187	0.299781	0.289508	0.302038	0.306135	0.289757	0.300528	0.306258	0.311041	0.329552	0.317767	0.311251	0.315255	0.317183	0.290372	0.287745	0.322396	0.317361	0.30638	0.30638	0.341742	0.338849	0.290402	0.305845	0.294429	0.318065	0.313515	0.322128	0.298366	0.306441	0.302956	0.308025	0.310629	0.312274	0.323035	0.310222	0.305851	0.314633	0.301617	0.342489	0.333589	0.327952	0.32913	0.328959	0.331287	0.320286	0.305975	0.308067	0.314544	0.322434	0.320934	0.32734	0.305754	0.305499	0.309563	0.31361	0.314119	0.316092	0.315929	0.313885	0.315922	0.28608	0.303355	0.284267	0.312735	0.323326	0.331435	0.323056	0.314851	0.324153	0.320744	0.305073	0.338334	0.319458	0.331614	0.334044	0.328986	0.305936	0.308079	0.306761	0.30544	0.292516	0.286716	0.290836	0.291524	0.217627	0.219951	0.197472	0.262381	0.277483	0.231969	0.26808	0.276433	0.24193	0.179934	0.183694	0.219401	0.232986	0.222416	0.217955	0.275584	0.272701	0.229261	0.262356	0.250608	0.194119	0.169441	0.15655	0.161421	0.160193	0.14695	0.155302	0.132102	0.131133	0.123648	0.134391	0.146889	0.140535	0.142353	0.176752	0.153126	0.172415	0.167855	0.17037	0.26649	0.0761528	0.10139	0.11042	0.0661296	0	0.0369142	0.0349019	0.0349054	0.0819045	0.0943995	0.0704608	0.0765919	0.0623639	0.211076	0.201447	0.206546	0.260731	0.266511	0.257208	0.266277	0.230772	0.236938	0.264003	0.22751	0.213621	0.226243	0.221421	0.229956	0.192249	0.188408	0.176041	0.189224	0.189275	0.2581	0.250839	0.25281	0.245172	0.242728
Alca_torda	0.141728	0.147842	0.153591	0.187741	0.193208	0.175852	0.177501	0.224827	0.195675	0.275545	0.260542	0.173425	0.142804	0.157267	0.150615	0.146568	0.148585	0.150692	0.171272	0.166104	0.157885	0.168539	0.160283	0.192091	0.163862	0.168332	0.153545	0.187717	0.192551	0.17215	0.17221	0.179432	0.181477	0.15263	0.150617	0.154683	0.15263	0.152629	0.172474	0.187487	0.165991	0.176127	0.176154	0.18016	0.172018	0.277942	0.293222	0.298048	0.300045	0.295215	0.306269	0.307987	0.330854	0.310517	0.244093	0.254542	0.345999	0.401007	0.285331	0.224061	0.230471	0.248153	0.274173	0.244518	0.216986	0.253255	0.183412	0.184015	0.18296	0.233297	0.231281	0.235307	0.259694	0.246408	0.248236	0.241781	0.23875	0.245371	0.259007	0.246059	0.240629	0.236661	0.210763	0.258298	0.245431	0.238043	0.268975	0.253563	0.272401	0.238187	0.231494	0.248962	0.194058	0.20219	0.237915	0.208342	0.218861	0.255991	0.216665	0.21631	0.229202	0.224822	0.230867	0.231921	0.271072	0.247729	0.26633	0.251516	0.270193	0.268771	0.270681	0.257354	0.250936	0.255438	0.276299	0.261782	0.26573	0.272357	0.271827	0.283313	0.26336	0.263236	0.25924	0.25924	0.280507	0.251274	0.26929	0.27176	0.258829	0.269245	0.270366	0.246842	0.268034	0.260562	0.275564	0.256566	0.277395	0.277721	0.253236	0.24992	0.267833	0.275755	0.261012	0.25351	0.275193	0.272004	0.278352	0.258938	0.282667	0.270318	0.291605	0.267534	0.277684	0.269372	0.279619	0.292402	0.272988	0.279093	0.291978	0.289407	0.29314	0.274427	0.280583	0.29193	0.278524	0.268252	0.280781	0.284878	0.2685	0.279271	0.285001	0.289784	0.308295	0.296511	0.289994	0.293999	0.295927	0.269115	0.266489	0.301139	0.296104	0.285123	0.285123	0.320486	0.317592	0.269145	0.284588	0.273172	0.296808	0.292258	0.300871	0.277109	0.285184	0.281699	0.286769	0.289372	0.291017	0.301778	0.288965	0.284594	0.293376	0.28036	0.321232	0.312332	0.306695	0.307874	0.307702	0.310031	0.299029	0.284718	0.28681	0.293288	0.301178	0.299677	0.306083	0.284497	0.284242	0.288306	0.292353	0.292862	0.294835	0.294672	0.292629	0.294665	0.264823	0.282099	0.26301	0.291479	0.30207	0.310178	0.301799	0.293595	0.302897	0.299487	0.283816	0.317077	0.298201	0.310357	0.312787	0.30773	0.284679	0.286823	0.285504	0.284183	0.27126	0.265459	0.26958	0.270267	0.19637	0.198695	0.176215	0.241124	0.256226	0.210712	0.246823	0.255176	0.220674	0.158678	0.162437	0.198144	0.211729	0.201159	0.196698	0.254327	0.251445	0.208004	0.241099	0.229351	0.172863	0.148184	0.135293	0.140164	0.138936	0.125693	0.134045	0.110845	0.109876	0.102391	0.113135	0.125632	0.119278	0.121096	0.155495	0.131869	0.151158	0.146598	0.149113	0.245234	0.054896	0.0801333	0.0891628	0.0448729	0.0369142	0	0.0100654	0.0100689	0.0606477	0.0731427	0.049204	0.0553351	0.0411071	0.189819	0.18019	0.185289	0.239474	0.245254	0.235951	0.24502	0.209515	0.215681	0.242747	0.206253	0.192364	0.204986	0.200165	0.2087	0.170993	0.167151	0.154785	0.167967	0.168018	0.236843	0.229582	0.231553	0.223916	0.221471
Uria_aalge	0.139715	0.14583	0.151579	0.185728	0.191195	0.173839	0.175489	0.222815	0.193663	0.273532	0.258529	0.171413	0.140792	0.155255	0.148603	0.144555	0.146573	0.148679	0.169259	0.164091	0.155872	0.166527	0.158271	0.190078	0.16185	0.16632	0.151533	0.185705	0.190539	0.170138	0.170198	0.17742	0.179465	0.150618	0.148604	0.152671	0.150618	0.150617	0.170462	0.185475	0.163978	0.174114	0.174142	0.178148	0.170005	0.275929	0.29121	0.296036	0.298033	0.293203	0.304256	0.305975	0.328841	0.308504	0.24208	0.252529	0.343986	0.398995	0.283318	0.222048	0.228459	0.246141	0.27216	0.242506	0.214974	0.251243	0.1814	0.182002	0.180948	0.231285	0.229269	0.233295	0.257682	0.244396	0.246224	0.239768	0.236738	0.243359	0.256994	0.244047	0.238616	0.234648	0.208751	0.256285	0.243419	0.236031	0.266963	0.251551	0.270388	0.236175	0.229482	0.24695	0.192046	0.200178	0.235903	0.20633	0.216849	0.253978	0.214653	0.214297	0.227189	0.222809	0.228855	0.229909	0.26906	0.245717	0.264318	0.249503	0.26818	0.266759	0.268669	0.255342	0.248924	0.253426	0.274287	0.25977	0.263717	0.270345	0.269815	0.281301	0.261348	0.261224	0.257228	0.257228	0.278495	0.249262	0.267278	0.269748	0.256817	0.267232	0.268354	0.24483	0.266022	0.25855	0.273552	0.254553	0.275383	0.275708	0.251223	0.247907	0.265821	0.273743	0.259	0.251498	0.273181	0.269992	0.276339	0.256926	0.280654	0.268306	0.289593	0.265521	0.275672	0.26736	0.277607	0.29039	0.270975	0.277081	0.289966	0.287395	0.291127	0.272415	0.27857	0.289918	0.276512	0.266239	0.278769	0.282866	0.266488	0.277259	0.282988	0.287772	0.306283	0.294498	0.287982	0.291986	0.293914	0.267103	0.264476	0.299126	0.294091	0.283111	0.283111	0.318473	0.31558	0.267133	0.282576	0.27116	0.294796	0.290246	0.298859	0.275097	0.283171	0.279687	0.284756	0.28736	0.289005	0.299765	0.286953	0.282582	0.291364	0.278348	0.31922	0.31032	0.304683	0.305861	0.30569	0.308018	0.297017	0.282706	0.284798	0.291275	0.299165	0.297665	0.304071	0.282484	0.282229	0.286294	0.290341	0.290849	0.292822	0.29266	0.290616	0.292652	0.262811	0.280086	0.260998	0.289466	0.300057	0.308166	0.299787	0.291582	0.300884	0.297475	0.281804	0.315065	0.296189	0.308345	0.310774	0.305717	0.282667	0.28481	0.283492	0.282171	0.269247	0.263446	0.267567	0.268255	0.194357	0.196682	0.174203	0.239112	0.254214	0.2087	0.24481	0.253164	0.218661	0.156665	0.160424	0.196132	0.209717	0.199147	0.194686	0.252315	0.249432	0.205992	0.239086	0.227339	0.17085	0.146171	0.133281	0.138152	0.136924	0.123681	0.132033	0.108833	0.107864	0.100378	0.111122	0.12362	0.117266	0.119084	0.153483	0.129856	0.149146	0.144586	0.147101	0.243221	0.0528837	0.078121	0.0871504	0.0428605	0.0349019	0.0100654	0	0.00401949	0.0586353	0.0711304	0.0471917	0.0533228	0.0390947	0.187807	0.178178	0.183277	0.237462	0.243242	0.233939	0.243007	0.207503	0.213668	0.240734	0.204241	0.190352	0.202974	0.198152	0.206687	0.16898	0.165139	0.152772	0.165955	0.166006	0.23483	0.227569	0.229541	0.221903	0.219459
Uria_lomvia	0.139719	0.145834	0.151582	0.185732	0.191199	0.173843	0.175493	0.222818	0.193666	0.273536	0.258533	0.171416	0.140795	0.155259	0.148607	0.144559	0.146576	0.148683	0.169263	0.164095	0.155876	0.166531	0.158274	0.190082	0.161853	0.166323	0.151536	0.185708	0.190542	0.170142	0.170201	0.177423	0.179468	0.150622	0.148608	0.152674	0.150621	0.15062	0.170465	0.185478	0.163982	0.174118	0.174145	0.178151	0.170009	0.275933	0.291213	0.296039	0.298036	0.293207	0.30426	0.305978	0.328845	0.308508	0.242084	0.252533	0.34399	0.398998	0.283322	0.222052	0.228463	0.246144	0.272164	0.242509	0.214978	0.251246	0.181403	0.182006	0.180952	0.231289	0.229272	0.233299	0.257685	0.244399	0.246227	0.239772	0.236741	0.243362	0.256998	0.24405	0.23862	0.234652	0.208754	0.256289	0.243422	0.236035	0.266966	0.251554	0.270392	0.236178	0.229485	0.246953	0.192049	0.200181	0.235907	0.206333	0.216853	0.253982	0.214657	0.214301	0.227193	0.222813	0.228859	0.229912	0.269063	0.245721	0.264321	0.249507	0.268184	0.266762	0.268672	0.255345	0.248928	0.253429	0.27429	0.259773	0.263721	0.270348	0.269818	0.281305	0.261352	0.261228	0.257232	0.257232	0.278498	0.249265	0.267281	0.269752	0.25682	0.267236	0.268357	0.244834	0.266026	0.258553	0.273555	0.254557	0.275387	0.275712	0.251227	0.247911	0.265824	0.273747	0.259003	0.251501	0.273184	0.269995	0.276343	0.25693	0.280658	0.268309	0.289596	0.265525	0.275675	0.267364	0.277611	0.290393	0.270979	0.277084	0.28997	0.287398	0.291131	0.272418	0.278574	0.289922	0.276516	0.266243	0.278772	0.282869	0.266491	0.277263	0.282992	0.287775	0.306286	0.294502	0.287985	0.29199	0.293918	0.267106	0.26448	0.29913	0.294095	0.283114	0.283114	0.318477	0.315583	0.267136	0.282579	0.271164	0.294799	0.290249	0.298863	0.2751	0.283175	0.279691	0.28476	0.287363	0.289008	0.299769	0.286957	0.282585	0.291368	0.278352	0.319224	0.310324	0.304686	0.305865	0.305693	0.308022	0.29702	0.282709	0.284801	0.291279	0.299169	0.297668	0.304075	0.282488	0.282233	0.286297	0.290344	0.290853	0.292826	0.292664	0.29062	0.292656	0.262815	0.28009	0.261002	0.28947	0.300061	0.308169	0.299791	0.291586	0.300888	0.297479	0.281807	0.315068	0.296192	0.308348	0.310778	0.305721	0.28267	0.284814	0.283495	0.282174	0.269251	0.26345	0.267571	0.268258	0.194361	0.196686	0.174206	0.239115	0.254217	0.208703	0.244814	0.253167	0.218665	0.156669	0.160428	0.196136	0.209721	0.199151	0.194689	0.252318	0.249436	0.205995	0.23909	0.227342	0.170854	0.146175	0.133284	0.138155	0.136927	0.123685	0.132037	0.108836	0.107868	0.100382	0.111126	0.123624	0.11727	0.119087	0.153486	0.12986	0.14915	0.144589	0.147104	0.243225	0.0528872	0.0781245	0.0871539	0.042864	0.0349054	0.0100689	0.00401949	0	0.0586389	0.0711339	0.0471952	0.0533263	0.0390982	0.18781	0.178181	0.183281	0.237466	0.243246	0.233942	0.243011	0.207507	0.213672	0.240738	0.204244	0.190356	0.202977	0.198156	0.206691	0.168984	0.165142	0.152776	0.165959	0.166009	0.234834	0.227573	0.229544	0.221907	0.219462
Phaetusa_simplex	0.165977	0.172092	0.17784	0.21199	0.217457	0.200101	0.201751	0.249077	0.219924	0.299794	0.284791	0.197675	0.167053	0.181517	0.174865	0.170817	0.172834	0.174941	0.195521	0.190353	0.182134	0.192789	0.184532	0.21634	0.188111	0.192582	0.177794	0.211966	0.2168	0.1964	0.19646	0.203681	0.205726	0.17688	0.174866	0.178933	0.17688	0.176879	0.196723	0.211736	0.19024	0.200376	0.200403	0.204409	0.196267	0.302191	0.317471	0.322298	0.324294	0.319465	0.330518	0.332237	0.355103	0.334766	0.268342	0.278791	0.370248	0.425257	0.30958	0.24831	0.254721	0.272402	0.298422	0.268767	0.241236	0.277505	0.207661	0.208264	0.20721	0.257547	0.25553	0.259557	0.283943	0.270658	0.272485	0.26603	0.262999	0.269621	0.283256	0.270308	0.264878	0.26091	0.235013	0.282547	0.26968	0.262293	0.293225	0.277812	0.29665	0.262436	0.255744	0.273212	0.218307	0.226439	0.262165	0.232592	0.243111	0.28024	0.240915	0.240559	0.253451	0.249071	0.255117	0.256171	0.295322	0.271979	0.290579	0.275765	0.294442	0.293021	0.29493	0.281604	0.275186	0.279688	0.300548	0.286032	0.289979	0.296607	0.296076	0.307563	0.28761	0.287486	0.28349	0.28349	0.304757	0.275523	0.29354	0.29601	0.283078	0.293494	0.294615	0.271092	0.292284	0.284812	0.299813	0.280815	0.301645	0.30197	0.277485	0.274169	0.292083	0.300005	0.285262	0.277759	0.299442	0.296253	0.302601	0.283188	0.306916	0.294567	0.315855	0.291783	0.301934	0.293622	0.303869	0.316651	0.297237	0.303342	0.316228	0.313657	0.317389	0.298677	0.304832	0.31618	0.302774	0.292501	0.30503	0.309128	0.29275	0.303521	0.30925	0.314034	0.332545	0.32076	0.314244	0.318248	0.320176	0.293365	0.290738	0.325388	0.320353	0.309373	0.309372	0.344735	0.341842	0.293394	0.308837	0.297422	0.321057	0.316508	0.325121	0.301359	0.309433	0.305949	0.311018	0.313621	0.315267	0.326027	0.313215	0.308843	0.317626	0.30461	0.345482	0.336582	0.330944	0.332123	0.331952	0.33428	0.323279	0.308968	0.31106	0.317537	0.325427	0.323927	0.330333	0.308746	0.308491	0.312555	0.316602	0.317111	0.319084	0.318922	0.316878	0.318914	0.289073	0.306348	0.28726	0.315728	0.326319	0.334428	0.326049	0.317844	0.327146	0.323737	0.308066	0.341327	0.322451	0.334606	0.337036	0.331979	0.308929	0.311072	0.309754	0.308432	0.295509	0.289708	0.293829	0.294516	0.220619	0.222944	0.200465	0.265374	0.280475	0.234961	0.271072	0.279426	0.244923	0.182927	0.186686	0.222394	0.235979	0.225409	0.220947	0.278577	0.275694	0.232254	0.265348	0.253601	0.197112	0.172433	0.159543	0.164414	0.163186	0.149943	0.158295	0.135094	0.134126	0.12664	0.137384	0.149882	0.143528	0.145346	0.179745	0.156118	0.175408	0.170848	0.173362	0.269483	0.0791454	0.104383	0.113412	0.0691223	0.0819045	0.0606477	0.0586353	0.0586389	0	0.0713725	0.0532353	0.0593664	0.0451383	0.214069	0.20444	0.209539	0.263724	0.269504	0.2602	0.269269	0.233765	0.23993	0.266996	0.230502	0.216614	0.229236	0.224414	0.232949	0.195242	0.1914	0.179034	0.192217	0.192268	0.261092	0.253831	0.255803	0.248165	0.24572
Rynchops_niger	0.178472	0.184587	0.190335	0.224485	0.229952	0.212596	0.214246	0.261572	0.232419	0.312289	0.297286	0.21017	0.179548	0.194012	0.18736	0.183312	0.185329	0.187436	0.208016	0.202848	0.194629	0.205284	0.197027	0.228835	0.200606	0.205077	0.190289	0.224462	0.229295	0.208895	0.208955	0.216176	0.218221	0.189375	0.187361	0.191428	0.189375	0.189374	0.209218	0.224231	0.202735	0.212871	0.212898	0.216904	0.208762	0.314686	0.329966	0.334793	0.336789	0.33196	0.343013	0.344732	0.367598	0.347261	0.280837	0.291286	0.382743	0.437752	0.322075	0.260805	0.267216	0.284897	0.310917	0.281262	0.253731	0.29	0.220157	0.220759	0.219705	0.270042	0.268025	0.272052	0.296438	0.283153	0.28498	0.278525	0.275494	0.282116	0.295751	0.282803	0.277373	0.273405	0.247508	0.295042	0.282175	0.274788	0.30572	0.290307	0.309145	0.274931	0.268239	0.285707	0.230802	0.238934	0.27466	0.245087	0.255606	0.292735	0.25341	0.253054	0.265946	0.261566	0.267612	0.268666	0.307817	0.284474	0.303074	0.28826	0.306937	0.305516	0.307425	0.294099	0.287681	0.292183	0.313043	0.298527	0.302474	0.309102	0.308571	0.320058	0.300105	0.299981	0.295985	0.295985	0.317252	0.288018	0.306035	0.308505	0.295573	0.305989	0.30711	0.283587	0.304779	0.297307	0.312309	0.29331	0.31414	0.314465	0.28998	0.286664	0.304578	0.3125	0.297757	0.290254	0.311938	0.308748	0.315096	0.295683	0.319411	0.307062	0.32835	0.304278	0.314429	0.306117	0.316364	0.329146	0.309732	0.315837	0.328723	0.326152	0.329884	0.311172	0.317327	0.328675	0.315269	0.304996	0.317525	0.321623	0.305245	0.316016	0.321745	0.326529	0.34504	0.333255	0.326739	0.330743	0.332671	0.30586	0.303233	0.337883	0.332848	0.321868	0.321867	0.35723	0.354337	0.305889	0.321332	0.309917	0.333552	0.329003	0.337616	0.313854	0.321928	0.318444	0.323513	0.326116	0.327762	0.338522	0.32571	0.321338	0.330121	0.317105	0.357977	0.349077	0.343439	0.344618	0.344447	0.346775	0.335774	0.321463	0.323555	0.330032	0.337922	0.336422	0.342828	0.321241	0.320986	0.32505	0.329097	0.329606	0.331579	0.331417	0.329373	0.331409	0.301568	0.318843	0.299755	0.328223	0.338814	0.346923	0.338544	0.330339	0.339641	0.336232	0.320561	0.353822	0.334946	0.347102	0.349531	0.344474	0.321424	0.323567	0.322249	0.320927	0.308004	0.302203	0.306324	0.307011	0.233114	0.235439	0.21296	0.277869	0.29297	0.247456	0.283567	0.291921	0.257418	0.195422	0.199181	0.234889	0.248474	0.237904	0.233442	0.291072	0.288189	0.244749	0.277843	0.266096	0.209607	0.184928	0.172038	0.176909	0.175681	0.162438	0.17079	0.147589	0.146621	0.139135	0.149879	0.162377	0.156023	0.157841	0.19224	0.168613	0.187903	0.183343	0.185857	0.281978	0.0916404	0.116878	0.125907	0.0816173	0.0943995	0.0731427	0.0711304	0.0711339	0.0713725	0	0.0657303	0.0718614	0.0576333	0.226564	0.216935	0.222034	0.276219	0.281999	0.272695	0.281764	0.24626	0.252425	0.279491	0.242997	0.229109	0.241731	0.236909	0.245444	0.207737	0.203895	0.191529	0.204712	0.204763	0.273587	0.266326	0.268298	0.26066	0.258215
Rissa_tridactyla	0.154533	0.160648	0.166397	0.200546	0.206013	0.188658	0.190307	0.237633	0.208481	0.28835	0.273347	0.186231	0.15561	0.170073	0.163421	0.159373	0.161391	0.163498	0.184078	0.17891	0.17069	0.181345	0.173089	0.204896	0.176668	0.181138	0.166351	0.200523	0.205357	0.184956	0.185016	0.192238	0.194283	0.165436	0.163422	0.167489	0.165436	0.165435	0.18528	0.200293	0.178796	0.188933	0.18896	0.192966	0.184823	0.290747	0.306028	0.310854	0.312851	0.308021	0.319074	0.320793	0.34366	0.323322	0.256898	0.267347	0.358805	0.413813	0.298136	0.236866	0.243277	0.260959	0.286978	0.257324	0.229792	0.266061	0.196218	0.196821	0.195766	0.246103	0.244087	0.248113	0.2725	0.259214	0.261042	0.254586	0.251556	0.258177	0.271813	0.258865	0.253434	0.249466	0.223569	0.271103	0.258237	0.250849	0.281781	0.266369	0.285206	0.250993	0.2443	0.261768	0.206864	0.214996	0.250721	0.221148	0.231667	0.268796	0.229471	0.229115	0.242007	0.237628	0.243673	0.244727	0.283878	0.260535	0.279136	0.264321	0.282998	0.281577	0.283487	0.27016	0.263742	0.268244	0.289105	0.274588	0.278535	0.285163	0.284633	0.296119	0.276166	0.276042	0.272046	0.272046	0.293313	0.26408	0.282096	0.284566	0.271635	0.28205	0.283172	0.259648	0.28084	0.273368	0.28837	0.269371	0.290201	0.290527	0.266041	0.262725	0.280639	0.288561	0.273818	0.266316	0.287999	0.28481	0.291157	0.271744	0.295472	0.283124	0.304411	0.280339	0.29049	0.282178	0.292425	0.305208	0.285793	0.291899	0.304784	0.302213	0.305945	0.287233	0.293388	0.304736	0.29133	0.281057	0.293587	0.297684	0.281306	0.292077	0.297806	0.30259	0.321101	0.309316	0.3028	0.306804	0.308732	0.281921	0.279294	0.313944	0.30891	0.297929	0.297929	0.333291	0.330398	0.281951	0.297394	0.285978	0.309614	0.305064	0.313677	0.289915	0.29799	0.294505	0.299574	0.302178	0.303823	0.314584	0.301771	0.2974	0.306182	0.293166	0.334038	0.325138	0.319501	0.320679	0.320508	0.322836	0.311835	0.297524	0.299616	0.306093	0.313983	0.312483	0.318889	0.297302	0.297047	0.301112	0.305159	0.305667	0.30764	0.307478	0.305434	0.30747	0.277629	0.294904	0.275816	0.304284	0.314875	0.322984	0.314605	0.3064	0.315702	0.312293	0.296622	0.329883	0.311007	0.323163	0.325592	0.320535	0.297485	0.299628	0.29831	0.296989	0.284065	0.278265	0.282385	0.283073	0.209176	0.2115	0.189021	0.25393	0.269032	0.223518	0.259629	0.267982	0.233479	0.171483	0.175243	0.21095	0.224535	0.213965	0.209504	0.267133	0.26425	0.22081	0.253905	0.242157	0.185668	0.16099	0.148099	0.15297	0.151742	0.138499	0.146851	0.123651	0.122682	0.115197	0.12594	0.138438	0.132084	0.133902	0.168301	0.144675	0.163964	0.159404	0.161919	0.258039	0.0677018	0.092939	0.101969	0.0576786	0.0704608	0.049204	0.0471917	0.0471952	0.0532353	0.0657303	0	0.0141395	0.0161802	0.202625	0.192996	0.198095	0.25228	0.25806	0.248757	0.257826	0.222321	0.228486	0.255552	0.219059	0.20517	0.217792	0.21297	0.221505	0.183798	0.179957	0.16759	0.180773	0.180824	0.249648	0.242388	0.244359	0.236721	0.234277
Chroicocephalus_maculipennis	0.160665	0.166779	0.172528	0.206677	0.212144	0.194789	0.196438	0.243764	0.214612	0.294482	0.279478	0.192362	0.161741	0.176204	0.169552	0.165504	0.167522	0.169629	0.190209	0.185041	0.176821	0.187476	0.17922	0.211027	0.182799	0.187269	0.172482	0.206654	0.211488	0.191087	0.191147	0.198369	0.200414	0.171567	0.169553	0.17362	0.171567	0.171566	0.191411	0.206424	0.184927	0.195064	0.195091	0.199097	0.190955	0.296879	0.312159	0.316985	0.318982	0.314152	0.325205	0.326924	0.349791	0.329453	0.263029	0.273479	0.364936	0.419944	0.304267	0.242997	0.249408	0.26709	0.293109	0.263455	0.235923	0.272192	0.202349	0.202952	0.201897	0.252234	0.250218	0.254244	0.278631	0.265345	0.267173	0.260717	0.257687	0.264308	0.277944	0.264996	0.259565	0.255598	0.2297	0.277235	0.264368	0.25698	0.287912	0.2725	0.291338	0.257124	0.250431	0.267899	0.212995	0.221127	0.256852	0.227279	0.237798	0.274928	0.235602	0.235246	0.248138	0.243759	0.249804	0.250858	0.290009	0.266666	0.285267	0.270452	0.289129	0.287708	0.289618	0.276291	0.269873	0.274375	0.295236	0.280719	0.284666	0.291294	0.290764	0.30225	0.282297	0.282173	0.278177	0.278177	0.299444	0.270211	0.288227	0.290697	0.277766	0.288181	0.289303	0.265779	0.286971	0.279499	0.294501	0.275502	0.296332	0.296658	0.272172	0.268857	0.28677	0.294692	0.279949	0.272447	0.29413	0.290941	0.297288	0.277875	0.301603	0.289255	0.310542	0.28647	0.296621	0.288309	0.298556	0.311339	0.291925	0.29803	0.310915	0.308344	0.312077	0.293364	0.29952	0.310867	0.297461	0.287188	0.299718	0.303815	0.287437	0.298208	0.303938	0.308721	0.327232	0.315447	0.308931	0.312936	0.314864	0.288052	0.285425	0.320076	0.315041	0.30406	0.30406	0.339422	0.336529	0.288082	0.303525	0.292109	0.315745	0.311195	0.319808	0.296046	0.304121	0.300636	0.305705	0.308309	0.309954	0.320715	0.307902	0.303531	0.312313	0.299297	0.340169	0.331269	0.325632	0.326811	0.326639	0.328967	0.317966	0.303655	0.305747	0.312225	0.320115	0.318614	0.32502	0.303434	0.303179	0.307243	0.31129	0.311799	0.313772	0.313609	0.311565	0.313602	0.28376	0.301035	0.281947	0.310415	0.321006	0.329115	0.320736	0.312531	0.321833	0.318424	0.302753	0.336014	0.317138	0.329294	0.331724	0.326666	0.303616	0.30576	0.304441	0.30312	0.290197	0.284396	0.288517	0.289204	0.215307	0.217632	0.195152	0.260061	0.275163	0.229649	0.26576	0.274113	0.23961	0.177614	0.181374	0.217081	0.230666	0.220096	0.215635	0.273264	0.270382	0.226941	0.260036	0.248288	0.191799	0.167121	0.15423	0.159101	0.157873	0.14463	0.152982	0.129782	0.128813	0.121328	0.132072	0.144569	0.138215	0.140033	0.174432	0.150806	0.170095	0.165535	0.16805	0.26417	0.0738328	0.0990701	0.1081	0.0638097	0.0765919	0.0553351	0.0533228	0.0533263	0.0593664	0.0718614	0.0141395	0	0.0223113	0.208756	0.199127	0.204226	0.258411	0.264191	0.254888	0.263957	0.228452	0.234618	0.261683	0.22519	0.211301	0.223923	0.219101	0.227637	0.189929	0.186088	0.173722	0.186904	0.186955	0.25578	0.248519	0.25049	0.242853	0.240408
Larus_smithsonianus	0.146436	0.152551	0.1583	0.192449	0.197916	0.180561	0.18221	0.229536	0.200384	0.280253	0.26525	0.178134	0.147513	0.161976	0.155324	0.151276	0.153294	0.155401	0.175981	0.170813	0.162593	0.173248	0.164992	0.196799	0.168571	0.173041	0.158254	0.192426	0.19726	0.176859	0.176919	0.184141	0.186186	0.157339	0.155325	0.159392	0.157339	0.157338	0.177183	0.192196	0.170699	0.180836	0.180863	0.184869	0.176727	0.28265	0.297931	0.302757	0.304754	0.299924	0.310977	0.312696	0.335563	0.315225	0.248801	0.25925	0.350708	0.405716	0.290039	0.228769	0.23518	0.252862	0.278881	0.249227	0.221695	0.257964	0.188121	0.188724	0.187669	0.238006	0.23599	0.240016	0.264403	0.251117	0.252945	0.246489	0.243459	0.25008	0.263716	0.250768	0.245337	0.24137	0.215472	0.263006	0.25014	0.242752	0.273684	0.258272	0.277109	0.242896	0.236203	0.253671	0.198767	0.206899	0.242624	0.213051	0.22357	0.2607	0.221374	0.221018	0.23391	0.229531	0.235576	0.23663	0.275781	0.252438	0.271039	0.256224	0.274901	0.27348	0.27539	0.262063	0.255645	0.260147	0.281008	0.266491	0.270438	0.277066	0.276536	0.288022	0.268069	0.267945	0.263949	0.263949	0.285216	0.255983	0.273999	0.276469	0.263538	0.273953	0.275075	0.251551	0.272743	0.265271	0.280273	0.261274	0.282104	0.28243	0.257944	0.254629	0.272542	0.280464	0.265721	0.258219	0.279902	0.276713	0.28306	0.263647	0.287375	0.275027	0.296314	0.272242	0.282393	0.274081	0.284328	0.297111	0.277697	0.283802	0.296687	0.294116	0.297848	0.279136	0.285291	0.296639	0.283233	0.27296	0.28549	0.289587	0.273209	0.28398	0.289709	0.294493	0.313004	0.301219	0.294703	0.298707	0.300635	0.273824	0.271197	0.305848	0.300813	0.289832	0.289832	0.325194	0.322301	0.273854	0.289297	0.277881	0.301517	0.296967	0.30558	0.281818	0.289893	0.286408	0.291477	0.294081	0.295726	0.306487	0.293674	0.289303	0.298085	0.285069	0.325941	0.317041	0.311404	0.312582	0.312411	0.314739	0.303738	0.289427	0.291519	0.297996	0.305886	0.304386	0.310792	0.289206	0.28895	0.293015	0.297062	0.29757	0.299544	0.299381	0.297337	0.299373	0.269532	0.286807	0.267719	0.296187	0.306778	0.314887	0.306508	0.298303	0.307605	0.304196	0.288525	0.321786	0.30291	0.315066	0.317495	0.312438	0.289388	0.291531	0.290213	0.288892	0.275968	0.270168	0.274288	0.274976	0.201079	0.203403	0.180924	0.245833	0.260935	0.215421	0.251532	0.259885	0.225382	0.163386	0.167146	0.202853	0.216438	0.205868	0.201407	0.259036	0.256153	0.212713	0.245808	0.23406	0.177571	0.152893	0.140002	0.144873	0.143645	0.130402	0.138754	0.115554	0.114585	0.1071	0.117843	0.130341	0.123987	0.125805	0.160204	0.136578	0.155867	0.151307	0.153822	0.249942	0.0596048	0.0848421	0.0938715	0.0495816	0.0623639	0.0411071	0.0390947	0.0390982	0.0451383	0.0576333	0.0161802	0.0223113	0	0.194528	0.184899	0.189998	0.244183	0.249963	0.24066	0.249729	0.214224	0.220389	0.247455	0.210962	0.197073	0.209695	0.204873	0.213408	0.175701	0.17186	0.159493	0.172676	0.172727	0.241551	0.234291	0.236262	0.228624	0.22618
Lophotis_ruficrista	0.168589	0.174704	0.180452	0.214602	0.220069	0.202713	0.204363	0.251688	0.222536	0.302406	0.287403	0.200286	0.169665	0.184129	0.177476	0.173429	0.175446	0.177553	0.198133	0.192965	0.184746	0.195401	0.187144	0.218952	0.190723	0.195193	0.180406	0.214578	0.219412	0.199012	0.199071	0.206293	0.208338	0.179492	0.177478	0.181544	0.179491	0.17949	0.199335	0.214348	0.192852	0.202988	0.203015	0.207021	0.198879	0.304803	0.320083	0.324909	0.326906	0.322077	0.33313	0.334848	0.357715	0.337378	0.270954	0.281403	0.37286	0.427868	0.312192	0.250922	0.257333	0.275014	0.301034	0.271379	0.243848	0.280116	0.210273	0.210876	0.209822	0.260159	0.258142	0.262169	0.286555	0.273269	0.275097	0.268642	0.265611	0.272232	0.285868	0.27292	0.26749	0.263522	0.237624	0.285159	0.272292	0.264905	0.295836	0.280424	0.299262	0.265048	0.258355	0.275823	0.220919	0.229051	0.264777	0.235203	0.245723	0.282852	0.243527	0.243171	0.256063	0.251683	0.257729	0.258782	0.297933	0.274591	0.293191	0.278377	0.297054	0.295632	0.297542	0.284215	0.277798	0.282299	0.30316	0.288643	0.292591	0.299218	0.298688	0.310175	0.290222	0.290098	0.286102	0.286102	0.307368	0.278135	0.296151	0.298622	0.28569	0.296106	0.297227	0.273704	0.294896	0.287423	0.302425	0.283427	0.304257	0.304582	0.280097	0.276781	0.294694	0.302617	0.287873	0.280371	0.302054	0.298865	0.305213	0.2858	0.309528	0.297179	0.318466	0.294395	0.304545	0.296234	0.306481	0.319263	0.299849	0.305954	0.31884	0.316268	0.320001	0.301288	0.307444	0.318792	0.305386	0.295113	0.307642	0.311739	0.295361	0.306133	0.311862	0.316645	0.335156	0.323372	0.316855	0.32086	0.322788	0.295976	0.29335	0.328	0.322965	0.311984	0.311984	0.347347	0.344453	0.296006	0.311449	0.300034	0.323669	0.319119	0.327733	0.30397	0.312045	0.308561	0.31363	0.316233	0.317878	0.328639	0.315827	0.311455	0.320238	0.307222	0.348094	0.339194	0.333556	0.334735	0.334563	0.336892	0.32589	0.311579	0.313671	0.320149	0.328039	0.326538	0.332945	0.311358	0.311103	0.315167	0.319214	0.319723	0.321696	0.321534	0.31949	0.321526	0.291685	0.30896	0.289872	0.31834	0.328931	0.337039	0.328661	0.320456	0.329758	0.326349	0.310677	0.343938	0.325062	0.337218	0.339648	0.334591	0.31154	0.313684	0.312365	0.311044	0.298121	0.29232	0.296441	0.297128	0.223231	0.225556	0.203076	0.267985	0.283087	0.237573	0.273684	0.282037	0.247535	0.185539	0.189298	0.225006	0.238595	0.228025	0.223563	0.281193	0.27831	0.251758	0.284852	0.273105	0.216616	0.191937	0.179047	0.183918	0.208282	0.195039	0.203391	0.18019	0.179222	0.171736	0.18248	0.215696	0.209342	0.21116	0.245559	0.221932	0.241222	0.236661	0.239176	0.335297	0.192069	0.217306	0.226335	0.198288	0.211076	0.189819	0.187807	0.18781	0.214069	0.226564	0.202625	0.208756	0.194528	0	0.0752331	0.0803323	0.25877	0.26455	0.255247	0.264316	0.228811	0.234976	0.262042	0.233114	0.219226	0.231847	0.227026	0.235561	0.197854	0.194012	0.181646	0.194829	0.194879	0.263704	0.256443	0.258414	0.250777	0.248332
Ardeotis_kori	0.15896	0.165075	0.170823	0.204973	0.21044	0.193084	0.194734	0.24206	0.212907	0.292777	0.277774	0.190658	0.160036	0.1745	0.167848	0.1638	0.165817	0.167924	0.188504	0.183336	0.175117	0.185772	0.177515	0.209323	0.181094	0.185564	0.170777	0.204949	0.209783	0.189383	0.189442	0.196664	0.198709	0.169863	0.167849	0.171915	0.169862	0.169862	0.189706	0.204719	0.183223	0.193359	0.193386	0.197392	0.18925	0.295174	0.310454	0.31528	0.317277	0.312448	0.323501	0.325219	0.348086	0.327749	0.261325	0.271774	0.363231	0.418239	0.302563	0.241293	0.247704	0.265385	0.291405	0.26175	0.234219	0.270487	0.200644	0.201247	0.200193	0.25053	0.248513	0.25254	0.276926	0.26364	0.265468	0.259013	0.255982	0.262603	0.276239	0.263291	0.257861	0.253893	0.227995	0.27553	0.262663	0.255276	0.286207	0.270795	0.289633	0.255419	0.248726	0.266194	0.21129	0.219422	0.255148	0.225574	0.236094	0.273223	0.233898	0.233542	0.246434	0.242054	0.2481	0.249153	0.288304	0.264962	0.283562	0.268748	0.287425	0.286003	0.287913	0.274587	0.268169	0.27267	0.293531	0.279014	0.282962	0.28959	0.289059	0.300546	0.280593	0.280469	0.276473	0.276473	0.297739	0.268506	0.286522	0.288993	0.276061	0.286477	0.287598	0.264075	0.285267	0.277794	0.292796	0.273798	0.294628	0.294953	0.270468	0.267152	0.285066	0.292988	0.278245	0.270742	0.292425	0.289236	0.295584	0.276171	0.299899	0.28755	0.308837	0.284766	0.294916	0.286605	0.296852	0.309634	0.29022	0.296325	0.309211	0.306639	0.310372	0.29166	0.297815	0.309163	0.295757	0.285484	0.298013	0.30211	0.285732	0.296504	0.302233	0.307016	0.325527	0.313743	0.307226	0.311231	0.313159	0.286347	0.283721	0.318371	0.313336	0.302355	0.302355	0.337718	0.334824	0.286377	0.30182	0.290405	0.31404	0.30949	0.318104	0.294341	0.302416	0.298932	0.304001	0.306604	0.308249	0.31901	0.306198	0.301826	0.310609	0.297593	0.338465	0.329565	0.323927	0.325106	0.324934	0.327263	0.316261	0.30195	0.304042	0.31052	0.31841	0.316909	0.323316	0.301729	0.301474	0.305538	0.309585	0.310094	0.312067	0.311905	0.309861	0.311897	0.282056	0.299331	0.280243	0.308711	0.319302	0.32741	0.319032	0.310827	0.320129	0.31672	0.301049	0.334309	0.315434	0.327589	0.330019	0.324962	0.301911	0.304055	0.302736	0.301415	0.288492	0.282691	0.286812	0.287499	0.213602	0.215927	0.193447	0.258356	0.273458	0.227944	0.264055	0.272408	0.237906	0.17591	0.179669	0.215377	0.228966	0.218396	0.213934	0.271564	0.268681	0.242129	0.275223	0.263476	0.206987	0.182308	0.169418	0.174289	0.198653	0.18541	0.193762	0.170562	0.169593	0.162107	0.172851	0.206067	0.199713	0.201531	0.23593	0.212303	0.231593	0.227033	0.229547	0.325668	0.18244	0.207677	0.216706	0.188659	0.201447	0.18019	0.178178	0.178181	0.20444	0.216935	0.192996	0.199127	0.184899	0.0752331	0	0.0486766	0.249141	0.254921	0.245618	0.254687	0.219182	0.225348	0.252413	0.223485	0.209597	0.222218	0.217397	0.225932	0.188225	0.184383	0.172017	0.1852	0.18525	0.254075	0.246814	0.248785	0.241148	0.238703
Chlamydotis_macqueenii	0.164059	0.170174	0.175923	0.210072	0.215539	0.198183	0.199833	0.247159	0.218006	0.297876	0.282873	0.195757	0.165135	0.179599	0.172947	0.168899	0.170916	0.173023	0.193603	0.188435	0.180216	0.190871	0.182615	0.214422	0.186193	0.190664	0.175876	0.210049	0.214883	0.194482	0.194542	0.201763	0.203809	0.174962	0.172948	0.177015	0.174962	0.174961	0.194805	0.209818	0.188322	0.198458	0.198486	0.202492	0.194349	0.300273	0.315553	0.32038	0.322377	0.317547	0.3286	0.330319	0.353185	0.332848	0.266424	0.276873	0.36833	0.423339	0.307662	0.246392	0.252803	0.270484	0.296504	0.266849	0.239318	0.275587	0.205744	0.206346	0.205292	0.255629	0.253612	0.257639	0.282026	0.26874	0.270567	0.264112	0.261082	0.267703	0.281338	0.26839	0.26296	0.258992	0.233095	0.280629	0.267763	0.260375	0.291307	0.275894	0.294732	0.260518	0.253826	0.271294	0.216389	0.224521	0.260247	0.230674	0.241193	0.278322	0.238997	0.238641	0.251533	0.247153	0.253199	0.254253	0.293404	0.270061	0.288661	0.273847	0.292524	0.291103	0.293013	0.279686	0.273268	0.27777	0.29863	0.284114	0.288061	0.294689	0.294159	0.305645	0.285692	0.285568	0.281572	0.281572	0.302839	0.273606	0.291622	0.294092	0.281161	0.291576	0.292697	0.269174	0.290366	0.282894	0.297896	0.278897	0.299727	0.300052	0.275567	0.272251	0.290165	0.298087	0.283344	0.275841	0.297525	0.294336	0.300683	0.28127	0.304998	0.29265	0.313937	0.289865	0.300016	0.291704	0.301951	0.314734	0.295319	0.301424	0.31431	0.311739	0.315471	0.296759	0.302914	0.314262	0.300856	0.290583	0.303112	0.30721	0.290832	0.301603	0.307332	0.312116	0.330627	0.318842	0.312326	0.31633	0.318258	0.291447	0.28882	0.32347	0.318435	0.307455	0.307455	0.342817	0.339924	0.291476	0.306919	0.295504	0.319139	0.31459	0.323203	0.299441	0.307515	0.304031	0.3091	0.311703	0.313349	0.324109	0.311297	0.306926	0.315708	0.302692	0.343564	0.334664	0.329026	0.330205	0.330034	0.332362	0.321361	0.30705	0.309142	0.315619	0.323509	0.322009	0.328415	0.306828	0.306573	0.310637	0.314684	0.315193	0.317166	0.317004	0.31496	0.316996	0.287155	0.30443	0.285342	0.31381	0.324401	0.33251	0.324131	0.315926	0.325228	0.321819	0.306148	0.339409	0.320533	0.332689	0.335118	0.330061	0.307011	0.309154	0.307836	0.306514	0.293591	0.28779	0.291911	0.292598	0.218701	0.221026	0.198547	0.263456	0.278557	0.233044	0.269154	0.277508	0.243005	0.181009	0.184768	0.220476	0.234065	0.223495	0.219033	0.276663	0.27378	0.247228	0.280323	0.268575	0.212086	0.187408	0.174517	0.179388	0.203752	0.190509	0.198861	0.175661	0.174692	0.167207	0.177951	0.211166	0.204812	0.20663	0.241029	0.217402	0.236692	0.232132	0.234647	0.330767	0.187539	0.212776	0.221806	0.193758	0.206546	0.185289	0.183277	0.183281	0.209539	0.222034	0.198095	0.204226	0.189998	0.0803323	0.0486766	0	0.25424	0.260021	0.250717	0.259786	0.224282	0.230447	0.257513	0.228584	0.214696	0.227318	0.222496	0.231031	0.193324	0.189483	0.177116	0.190299	0.19035	0.259174	0.251913	0.253885	0.246247	0.243802
Geococcyx_californianus	0.218244	0.224359	0.230107	0.264257	0.269724	0.252368	0.254018	0.301344	0.272191	0.352061	0.337058	0.249942	0.21932	0.233784	0.227132	0.223084	0.225101	0.227208	0.247788	0.24262	0.234401	0.245056	0.236799	0.268607	0.240378	0.244849	0.230061	0.264234	0.269067	0.248667	0.248727	0.255948	0.257993	0.229147	0.227133	0.2312	0.229147	0.229146	0.24899	0.264003	0.242507	0.252643	0.25267	0.256676	0.248534	0.354458	0.369738	0.374565	0.376561	0.371732	0.382785	0.384504	0.40737	0.387033	0.320609	0.331058	0.422515	0.477524	0.361847	0.300577	0.306988	0.324669	0.350689	0.321034	0.293503	0.329772	0.259929	0.260531	0.259477	0.309814	0.307797	0.311824	0.33621	0.322925	0.324752	0.318297	0.315266	0.321888	0.335523	0.322575	0.317145	0.313177	0.28728	0.334814	0.321947	0.31456	0.345492	0.330079	0.348917	0.314703	0.308011	0.325479	0.270574	0.278706	0.314432	0.284859	0.295378	0.332507	0.293182	0.292826	0.305718	0.301338	0.307384	0.308438	0.347589	0.324246	0.342846	0.328032	0.346709	0.345288	0.347197	0.333871	0.327453	0.331955	0.352815	0.338299	0.342246	0.348874	0.348343	0.35983	0.339877	0.339753	0.335757	0.335757	0.357024	0.32779	0.345807	0.348277	0.335345	0.345761	0.346882	0.323359	0.344551	0.337079	0.352081	0.333082	0.353912	0.354237	0.329752	0.326436	0.34435	0.352272	0.337529	0.330026	0.35171	0.348521	0.354868	0.335455	0.359183	0.346834	0.368122	0.34405	0.354201	0.345889	0.356136	0.368918	0.349504	0.355609	0.368495	0.365924	0.369656	0.350944	0.357099	0.368447	0.355041	0.344768	0.357297	0.361395	0.345017	0.355788	0.361517	0.366301	0.384812	0.373027	0.366511	0.370515	0.372443	0.345632	0.343005	0.377655	0.37262	0.36164	0.361639	0.397002	0.394109	0.345661	0.361104	0.349689	0.373324	0.368775	0.377388	0.353626	0.3617	0.358216	0.363285	0.365888	0.367534	0.378294	0.365482	0.36111	0.369893	0.356877	0.397749	0.388849	0.383211	0.38439	0.384219	0.386547	0.375546	0.361235	0.363327	0.369804	0.377694	0.376194	0.3826	0.361013	0.360758	0.364822	0.368869	0.369378	0.371351	0.371189	0.369145	0.371181	0.34134	0.358615	0.339527	0.367995	0.378586	0.386695	0.378316	0.370111	0.379413	0.376004	0.360333	0.393594	0.374718	0.386874	0.389303	0.384246	0.361196	0.363339	0.362021	0.360699	0.347776	0.341975	0.346096	0.346783	0.272886	0.275211	0.252732	0.317641	0.332742	0.287228	0.323339	0.331693	0.29719	0.235194	0.238953	0.274661	0.28825	0.27768	0.273218	0.330848	0.327965	0.301413	0.334508	0.32276	0.266271	0.241593	0.228702	0.233573	0.257937	0.244694	0.253046	0.229846	0.228877	0.221392	0.232135	0.265351	0.258997	0.260815	0.295214	0.271587	0.290877	0.286317	0.288832	0.384952	0.241724	0.266961	0.275991	0.247943	0.260731	0.239474	0.237462	0.237466	0.263724	0.276219	0.25228	0.258411	0.244183	0.25877	0.249141	0.25424	0	0.184511	0.236975	0.246044	0.21054	0.216705	0.243771	0.282769	0.268881	0.281503	0.276681	0.285216	0.247509	0.243667	0.231301	0.244484	0.244535	0.313359	0.306098	0.30807	0.300432	0.297987
Crotophaga_sulcirostris	0.224024	0.230139	0.235887	0.270037	0.275504	0.258148	0.259798	0.307124	0.277971	0.357841	0.342838	0.255722	0.2251	0.239564	0.232912	0.228864	0.230881	0.232988	0.253568	0.2484	0.240181	0.250836	0.24258	0.274387	0.246158	0.250629	0.235841	0.270014	0.274847	0.254447	0.254507	0.261728	0.263773	0.234927	0.232913	0.23698	0.234927	0.234926	0.25477	0.269783	0.248287	0.258423	0.258451	0.262457	0.254314	0.360238	0.375518	0.380345	0.382341	0.377512	0.388565	0.390284	0.41315	0.392813	0.326389	0.336838	0.428295	0.483304	0.367627	0.306357	0.312768	0.330449	0.356469	0.326814	0.299283	0.335552	0.265709	0.266311	0.265257	0.315594	0.313577	0.317604	0.34199	0.328705	0.330532	0.324077	0.321046	0.327668	0.341303	0.328355	0.322925	0.318957	0.29306	0.340594	0.327727	0.32034	0.351272	0.335859	0.354697	0.320483	0.313791	0.331259	0.276354	0.284486	0.320212	0.290639	0.301158	0.338287	0.298962	0.298606	0.311498	0.307118	0.313164	0.314218	0.353369	0.330026	0.348626	0.333812	0.352489	0.351068	0.352977	0.339651	0.333233	0.337735	0.358595	0.344079	0.348026	0.354654	0.354123	0.36561	0.345657	0.345533	0.341537	0.341537	0.362804	0.33357	0.351587	0.354057	0.341126	0.351541	0.352662	0.329139	0.350331	0.342859	0.357861	0.338862	0.359692	0.360017	0.335532	0.332216	0.35013	0.358052	0.343309	0.335806	0.35749	0.354301	0.360648	0.341235	0.364963	0.352614	0.373902	0.34983	0.359981	0.351669	0.361916	0.374698	0.355284	0.361389	0.374275	0.371704	0.375436	0.356724	0.362879	0.374227	0.360821	0.350548	0.363077	0.367175	0.350797	0.361568	0.367297	0.372081	0.390592	0.378807	0.372291	0.376295	0.378223	0.351412	0.348785	0.383435	0.3784	0.36742	0.367419	0.402782	0.399889	0.351441	0.366884	0.355469	0.379104	0.374555	0.383168	0.359406	0.36748	0.363996	0.369065	0.371668	0.373314	0.384074	0.371262	0.36689	0.375673	0.362657	0.403529	0.394629	0.388991	0.39017	0.389999	0.392327	0.381326	0.367015	0.369107	0.375584	0.383474	0.381974	0.38838	0.366793	0.366538	0.370602	0.374649	0.375158	0.377131	0.376969	0.374925	0.376961	0.34712	0.364395	0.345307	0.373775	0.384366	0.392475	0.384096	0.375891	0.385193	0.381784	0.366113	0.399374	0.380498	0.392654	0.395083	0.390026	0.366976	0.369119	0.367801	0.366479	0.353556	0.347755	0.351876	0.352563	0.278666	0.280991	0.258512	0.323421	0.338522	0.293008	0.329119	0.337473	0.30297	0.240974	0.244733	0.280441	0.29403	0.28346	0.278998	0.336628	0.333745	0.307193	0.340288	0.32854	0.272051	0.247373	0.234482	0.239353	0.263717	0.250474	0.258826	0.235626	0.234657	0.227172	0.237915	0.271131	0.264777	0.266595	0.300994	0.277367	0.296657	0.292097	0.294612	0.390732	0.247504	0.272741	0.281771	0.253723	0.266511	0.245254	0.243242	0.243246	0.269504	0.281999	0.25806	0.264191	0.249963	0.26455	0.254921	0.260021	0.184511	0	0.242755	0.251824	0.21632	0.222485	0.249551	0.288549	0.274661	0.287283	0.282461	0.290996	0.253289	0.249447	0.237081	0.250264	0.250315	0.319139	0.311878	0.31385	0.306212	0.303767
Centropus_bengalensis	0.214721	0.220835	0.226584	0.260734	0.266201	0.248845	0.250494	0.29782	0.268668	0.348538	0.333535	0.246418	0.215797	0.23026	0.223608	0.219561	0.221578	0.223685	0.244265	0.239097	0.230878	0.241532	0.233276	0.265084	0.236855	0.241325	0.226538	0.26071	0.265544	0.245143	0.245203	0.252425	0.25447	0.225623	0.22361	0.227676	0.225623	0.225622	0.245467	0.26048	0.238984	0.24912	0.249147	0.253153	0.245011	0.350935	0.366215	0.371041	0.373038	0.368208	0.379262	0.38098	0.403847	0.38351	0.317086	0.327535	0.418992	0.474	0.358324	0.297054	0.303464	0.321146	0.347166	0.317511	0.289979	0.326248	0.256405	0.257008	0.255953	0.30629	0.304274	0.3083	0.332687	0.319401	0.321229	0.314774	0.311743	0.318364	0.332	0.319052	0.313622	0.309654	0.283756	0.331291	0.318424	0.311036	0.341968	0.326556	0.345394	0.31118	0.304487	0.321955	0.267051	0.275183	0.310908	0.281335	0.291854	0.328984	0.289658	0.289303	0.302195	0.297815	0.30386	0.304914	0.344065	0.320722	0.339323	0.324508	0.343186	0.341764	0.343674	0.330347	0.323929	0.328431	0.349292	0.334775	0.338723	0.34535	0.34482	0.356306	0.336353	0.336229	0.332233	0.332233	0.3535	0.324267	0.342283	0.344753	0.331822	0.342237	0.343359	0.319835	0.341027	0.333555	0.348557	0.329559	0.350388	0.350714	0.326229	0.322913	0.340826	0.348748	0.334005	0.326503	0.348186	0.344997	0.351345	0.331931	0.35566	0.343311	0.364598	0.340527	0.350677	0.342365	0.352612	0.365395	0.345981	0.352086	0.364971	0.3624	0.366133	0.34742	0.353576	0.364923	0.351517	0.341245	0.353774	0.357871	0.341493	0.352264	0.357994	0.362777	0.381288	0.369504	0.362987	0.366992	0.36892	0.342108	0.339482	0.374132	0.369097	0.358116	0.358116	0.393479	0.390585	0.342138	0.357581	0.346165	0.369801	0.365251	0.373864	0.350102	0.358177	0.354692	0.359762	0.362365	0.36401	0.374771	0.361958	0.357587	0.366369	0.353353	0.394225	0.385325	0.379688	0.380867	0.380695	0.383024	0.372022	0.357711	0.359803	0.366281	0.374171	0.37267	0.379076	0.35749	0.357235	0.361299	0.365346	0.365855	0.367828	0.367665	0.365622	0.367658	0.337816	0.355092	0.336003	0.364472	0.375063	0.383171	0.374792	0.366588	0.37589	0.37248	0.356809	0.39007	0.371194	0.38335	0.38578	0.380723	0.357672	0.359816	0.358497	0.357176	0.344253	0.338452	0.342573	0.34326	0.269363	0.271688	0.249208	0.314117	0.329219	0.283705	0.319816	0.328169	0.293666	0.231671	0.23543	0.271137	0.284727	0.274157	0.269695	0.327324	0.324442	0.297889	0.330984	0.319236	0.262748	0.238069	0.225178	0.230049	0.254413	0.241171	0.249523	0.226322	0.225354	0.217868	0.228612	0.261828	0.255474	0.257291	0.29169	0.268064	0.287354	0.282793	0.285308	0.381429	0.2382	0.263438	0.272467	0.24442	0.257208	0.235951	0.233939	0.233942	0.2602	0.272695	0.248757	0.254888	0.24066	0.255247	0.245618	0.250717	0.236975	0.242755	0	0.0391443	0.179081	0.185246	0.212312	0.279246	0.265357	0.277979	0.273157	0.281693	0.243986	0.240144	0.227778	0.24096	0.241011	0.309836	0.302575	0.304546	0.296909	0.294464
Centropus_unirufus	0.22379	0.229904	0.235653	0.269802	0.275269	0.257914	0.259563	0.306889	0.277737	0.357607	0.342603	0.255487	0.224866	0.239329	0.232677	0.228629	0.230647	0.232754	0.253334	0.248166	0.239946	0.250601	0.242345	0.274152	0.245924	0.250394	0.235607	0.269779	0.274613	0.254212	0.254272	0.261494	0.263539	0.234692	0.232678	0.236745	0.234692	0.234691	0.254536	0.269549	0.248052	0.258189	0.258216	0.262222	0.25408	0.360004	0.375284	0.38011	0.382107	0.377277	0.38833	0.390049	0.412916	0.392578	0.326154	0.336604	0.428061	0.483069	0.367392	0.306122	0.312533	0.330215	0.356234	0.32658	0.299048	0.335317	0.265474	0.266077	0.265022	0.315359	0.313343	0.317369	0.341756	0.32847	0.330298	0.323842	0.320812	0.327433	0.341069	0.328121	0.32269	0.318723	0.292825	0.34036	0.327493	0.320105	0.351037	0.335625	0.354463	0.320249	0.313556	0.331024	0.27612	0.284252	0.319977	0.290404	0.300923	0.338053	0.298727	0.298371	0.311263	0.306884	0.312929	0.313983	0.353134	0.329791	0.348392	0.333577	0.352254	0.350833	0.352743	0.339416	0.332998	0.3375	0.358361	0.343844	0.347791	0.354419	0.353889	0.365375	0.345422	0.345298	0.341302	0.341302	0.362569	0.333336	0.351352	0.353822	0.340891	0.351306	0.352428	0.328904	0.350096	0.342624	0.357626	0.338627	0.359457	0.359783	0.335297	0.331982	0.349895	0.357817	0.343074	0.335572	0.357255	0.354066	0.360413	0.341	0.364728	0.35238	0.373667	0.349595	0.359746	0.351434	0.361681	0.374464	0.35505	0.361155	0.37404	0.371469	0.375202	0.356489	0.362645	0.373992	0.360586	0.350313	0.362843	0.36694	0.350562	0.361333	0.367063	0.371846	0.390357	0.378572	0.372056	0.376061	0.377989	0.351177	0.34855	0.383201	0.378166	0.367185	0.367185	0.402547	0.399654	0.351207	0.36665	0.355234	0.37887	0.37432	0.382933	0.359171	0.367246	0.363761	0.36883	0.371434	0.373079	0.38384	0.371027	0.366656	0.375438	0.362422	0.403294	0.394394	0.388757	0.389936	0.389764	0.392092	0.381091	0.36678	0.368872	0.37535	0.38324	0.381739	0.388145	0.366559	0.366304	0.370368	0.374415	0.374924	0.376897	0.376734	0.37469	0.376727	0.346885	0.36416	0.345072	0.37354	0.384131	0.39224	0.383861	0.375656	0.384958	0.381549	0.365878	0.399139	0.380263	0.392419	0.394849	0.389791	0.366741	0.368885	0.367566	0.366245	0.353322	0.347521	0.351642	0.352329	0.278432	0.280757	0.258277	0.323186	0.338288	0.292774	0.328885	0.337238	0.302735	0.240739	0.244499	0.280206	0.293795	0.283225	0.278764	0.336393	0.333511	0.306958	0.340053	0.328305	0.271817	0.247138	0.234247	0.239118	0.263482	0.25024	0.258592	0.235391	0.234423	0.226937	0.237681	0.270896	0.264542	0.26636	0.300759	0.277133	0.296422	0.291862	0.294377	0.390498	0.247269	0.272507	0.281536	0.253489	0.266277	0.24502	0.243007	0.243011	0.269269	0.281764	0.257826	0.263957	0.249729	0.264316	0.254687	0.259786	0.246044	0.251824	0.0391443	0	0.18815	0.194315	0.221381	0.288315	0.274426	0.287048	0.282226	0.290762	0.253054	0.249213	0.236847	0.250029	0.25008	0.318905	0.311644	0.313615	0.305978	0.303533
Cuculus_canorus	0.188285	0.1944	0.200148	0.234298	0.239765	0.222409	0.224059	0.271385	0.242232	0.322102	0.307099	0.219983	0.189361	0.203825	0.197173	0.193125	0.195142	0.197249	0.217829	0.212661	0.204442	0.215097	0.206841	0.238648	0.210419	0.21489	0.200102	0.234275	0.239109	0.218708	0.218768	0.225989	0.228034	0.199188	0.197174	0.201241	0.199188	0.199187	0.219031	0.234044	0.212548	0.222684	0.222712	0.226718	0.218575	0.324499	0.339779	0.344606	0.346602	0.341773	0.352826	0.354545	0.377411	0.357074	0.29065	0.301099	0.392556	0.447565	0.331888	0.270618	0.277029	0.29471	0.32073	0.291075	0.263544	0.299813	0.22997	0.230572	0.229518	0.279855	0.277838	0.281865	0.306252	0.292966	0.294793	0.288338	0.285307	0.291929	0.305564	0.292616	0.287186	0.283218	0.257321	0.304855	0.291989	0.284601	0.315533	0.30012	0.318958	0.284744	0.278052	0.29552	0.240615	0.248747	0.284473	0.2549	0.265419	0.302548	0.263223	0.262867	0.275759	0.271379	0.277425	0.278479	0.31763	0.294287	0.312887	0.298073	0.31675	0.315329	0.317239	0.303912	0.297494	0.301996	0.322856	0.30834	0.312287	0.318915	0.318385	0.329871	0.309918	0.309794	0.305798	0.305798	0.327065	0.297832	0.315848	0.318318	0.305387	0.315802	0.316923	0.2934	0.314592	0.30712	0.322122	0.303123	0.323953	0.324278	0.299793	0.296477	0.314391	0.322313	0.30757	0.300067	0.321751	0.318562	0.324909	0.305496	0.329224	0.316875	0.338163	0.314091	0.324242	0.31593	0.326177	0.33896	0.319545	0.32565	0.338536	0.335965	0.339697	0.320985	0.32714	0.338488	0.325082	0.314809	0.327338	0.331436	0.315058	0.325829	0.331558	0.336342	0.354853	0.343068	0.336552	0.340556	0.342484	0.315673	0.313046	0.347696	0.342661	0.331681	0.33168	0.367043	0.36415	0.315702	0.331145	0.31973	0.343365	0.338816	0.347429	0.323667	0.331741	0.328257	0.333326	0.335929	0.337575	0.348335	0.335523	0.331151	0.339934	0.326918	0.36779	0.35889	0.353252	0.354431	0.35426	0.356588	0.345587	0.331276	0.333368	0.339845	0.347735	0.346235	0.352641	0.331054	0.330799	0.334863	0.33891	0.339419	0.341392	0.34123	0.339186	0.341222	0.311381	0.328656	0.309568	0.338036	0.348627	0.356736	0.348357	0.340152	0.349454	0.346045	0.330374	0.363635	0.344759	0.356915	0.359344	0.354287	0.331237	0.33338	0.332062	0.33074	0.317817	0.312016	0.316137	0.316824	0.242927	0.245252	0.222773	0.287682	0.302783	0.25727	0.29338	0.301734	0.267231	0.205235	0.208994	0.244702	0.258291	0.247721	0.243259	0.300889	0.298006	0.271454	0.304549	0.292801	0.236312	0.211634	0.198743	0.203614	0.227978	0.214735	0.223087	0.199887	0.198918	0.191433	0.202177	0.235392	0.229038	0.230856	0.265255	0.241628	0.260918	0.256358	0.258873	0.354993	0.211765	0.237002	0.246032	0.217984	0.230772	0.209515	0.207503	0.207507	0.233765	0.24626	0.222321	0.228452	0.214224	0.228811	0.219182	0.224282	0.21054	0.21632	0.179081	0.18815	0	0.103682	0.130748	0.25281	0.238922	0.251544	0.246722	0.255257	0.21755	0.213708	0.201342	0.214525	0.214576	0.2834	0.276139	0.278111	0.270473	0.268028
Ceuthmochares_aereus	0.19445	0.200565	0.206314	0.240463	0.24593	0.228575	0.230224	0.27755	0.248398	0.328267	0.313264	0.226148	0.195527	0.20999	0.203338	0.19929	0.201308	0.203415	0.223995	0.218827	0.210607	0.221262	0.213006	0.244813	0.216585	0.221055	0.206268	0.24044	0.245274	0.224873	0.224933	0.232155	0.2342	0.205353	0.203339	0.207406	0.205353	0.205352	0.225197	0.24021	0.218713	0.22885	0.228877	0.232883	0.224741	0.330664	0.345945	0.350771	0.352768	0.347938	0.358991	0.36071	0.383577	0.363239	0.296815	0.307264	0.398722	0.45373	0.338053	0.276783	0.283194	0.300876	0.326895	0.297241	0.269709	0.305978	0.236135	0.236738	0.235683	0.28602	0.284004	0.28803	0.312417	0.299131	0.300959	0.294503	0.291473	0.298094	0.31173	0.298782	0.293351	0.289384	0.263486	0.31102	0.298154	0.290766	0.321698	0.306286	0.325123	0.29091	0.284217	0.301685	0.246781	0.254913	0.290638	0.261065	0.271584	0.308714	0.269388	0.269032	0.281924	0.277545	0.28359	0.284644	0.323795	0.300452	0.319053	0.304238	0.322915	0.321494	0.323404	0.310077	0.303659	0.308161	0.329022	0.314505	0.318452	0.32508	0.32455	0.336036	0.316083	0.315959	0.311963	0.311963	0.33323	0.303997	0.322013	0.324483	0.311552	0.321967	0.323089	0.299565	0.320757	0.313285	0.328287	0.309288	0.330118	0.330444	0.305958	0.302643	0.320556	0.328478	0.313735	0.306233	0.327916	0.324727	0.331074	0.311661	0.335389	0.323041	0.344328	0.320256	0.330407	0.322095	0.332342	0.345125	0.325711	0.331816	0.344701	0.34213	0.345862	0.32715	0.333305	0.344653	0.331247	0.320974	0.333504	0.337601	0.321223	0.331994	0.337723	0.342507	0.361018	0.349233	0.342717	0.346721	0.348649	0.321838	0.319211	0.353862	0.348827	0.337846	0.337846	0.373208	0.370315	0.321868	0.337311	0.325895	0.349531	0.344981	0.353594	0.329832	0.337907	0.334422	0.339491	0.342095	0.34374	0.354501	0.341688	0.337317	0.346099	0.333083	0.373955	0.365055	0.359418	0.360596	0.360425	0.362753	0.351752	0.337441	0.339533	0.34601	0.3539	0.3524	0.358806	0.33722	0.336964	0.341029	0.345076	0.345584	0.347558	0.347395	0.345351	0.347387	0.317546	0.334821	0.315733	0.344201	0.354792	0.362901	0.354522	0.346317	0.355619	0.35221	0.336539	0.3698	0.350924	0.36308	0.365509	0.360452	0.337402	0.339545	0.338227	0.336906	0.323982	0.318182	0.322302	0.32299	0.249093	0.251417	0.228938	0.293847	0.308949	0.263435	0.299546	0.307899	0.273396	0.2114	0.21516	0.250867	0.264456	0.253886	0.249425	0.307054	0.304172	0.277619	0.310714	0.298966	0.242478	0.217799	0.204908	0.209779	0.234143	0.220901	0.229252	0.206052	0.205084	0.197598	0.208342	0.241557	0.235203	0.237021	0.27142	0.247794	0.267083	0.262523	0.265038	0.361159	0.21793	0.243168	0.252197	0.22415	0.236938	0.215681	0.213668	0.213672	0.23993	0.252425	0.228486	0.234618	0.220389	0.234976	0.225348	0.230447	0.216705	0.222485	0.185246	0.194315	0.103682	0	0.101359	0.258976	0.245087	0.257709	0.252887	0.261422	0.223715	0.219874	0.207507	0.22069	0.220741	0.289565	0.282305	0.284276	0.276638	0.274194
Piaya_cayana	0.221516	0.227631	0.23338	0.267529	0.272996	0.25564	0.25729	0.304616	0.275464	0.355333	0.34033	0.253214	0.222593	0.237056	0.230404	0.226356	0.228374	0.23048	0.25106	0.245892	0.237673	0.248328	0.240072	0.271879	0.243651	0.248121	0.233334	0.267506	0.27234	0.251939	0.251999	0.259221	0.261266	0.232419	0.230405	0.234472	0.232419	0.232418	0.252262	0.267276	0.245779	0.255915	0.255943	0.259949	0.251806	0.35773	0.373011	0.377837	0.379834	0.375004	0.386057	0.387776	0.410642	0.390305	0.323881	0.33433	0.425787	0.480796	0.365119	0.303849	0.31026	0.327942	0.353961	0.324307	0.296775	0.333044	0.263201	0.263803	0.262749	0.313086	0.31107	0.315096	0.339483	0.326197	0.328025	0.321569	0.318539	0.32516	0.338795	0.325848	0.320417	0.316449	0.290552	0.338086	0.32522	0.317832	0.348764	0.333352	0.352189	0.317976	0.311283	0.328751	0.273847	0.281979	0.317704	0.288131	0.29865	0.335779	0.296454	0.296098	0.30899	0.30461	0.310656	0.31171	0.350861	0.327518	0.346119	0.331304	0.349981	0.34856	0.35047	0.337143	0.330725	0.335227	0.356088	0.341571	0.345518	0.352146	0.351616	0.363102	0.343149	0.343025	0.339029	0.339029	0.360296	0.331063	0.349079	0.351549	0.338618	0.349033	0.350154	0.326631	0.347823	0.340351	0.355353	0.336354	0.357184	0.357509	0.333024	0.329708	0.347622	0.355544	0.340801	0.333298	0.354982	0.351793	0.35814	0.338727	0.362455	0.350107	0.371394	0.347322	0.357473	0.349161	0.359408	0.372191	0.352776	0.358882	0.371767	0.369196	0.372928	0.354216	0.360371	0.371719	0.358313	0.34804	0.36057	0.364667	0.348289	0.35906	0.364789	0.369573	0.388084	0.376299	0.369783	0.373787	0.375715	0.348904	0.346277	0.380927	0.375892	0.364912	0.364912	0.400274	0.397381	0.348934	0.364376	0.352961	0.376597	0.372047	0.38066	0.356898	0.364972	0.361488	0.366557	0.369161	0.370806	0.381566	0.368754	0.364383	0.373165	0.360149	0.401021	0.392121	0.386484	0.387662	0.387491	0.389819	0.378818	0.364507	0.366599	0.373076	0.380966	0.379466	0.385872	0.364285	0.36403	0.368095	0.372142	0.37265	0.374623	0.374461	0.372417	0.374453	0.344612	0.361887	0.342799	0.371267	0.381858	0.389967	0.381588	0.373383	0.382685	0.379276	0.363605	0.396866	0.37799	0.390146	0.392575	0.387518	0.364468	0.366611	0.365293	0.363972	0.351048	0.345247	0.349368	0.350056	0.276158	0.278483	0.256004	0.320913	0.336015	0.290501	0.326611	0.334965	0.300462	0.238466	0.242225	0.277933	0.291522	0.280952	0.276491	0.33412	0.331237	0.304685	0.33778	0.326032	0.269544	0.244865	0.231974	0.236845	0.261209	0.247966	0.256318	0.233118	0.232149	0.224664	0.235408	0.268623	0.262269	0.264087	0.298486	0.27486	0.294149	0.289589	0.292104	0.388224	0.244996	0.270233	0.279263	0.251215	0.264003	0.242747	0.240734	0.240738	0.266996	0.279491	0.255552	0.261683	0.247455	0.262042	0.252413	0.257513	0.243771	0.249551	0.212312	0.221381	0.130748	0.101359	0	0.286042	0.272153	0.284775	0.279953	0.288488	0.250781	0.24694	0.234573	0.247756	0.247807	0.316631	0.30937	0.311342	0.303704	0.30126
Tauraco_erythrolophus	0.181006	0.18712	0.192869	0.23103	0.236497	0.219141	0.220791	0.268117	0.238964	0.318834	0.303831	0.216715	0.186093	0.200557	0.193905	0.189857	0.191874	0.193981	0.214561	0.209393	0.201174	0.211829	0.203572	0.23538	0.207151	0.211622	0.196834	0.231006	0.23584	0.21544	0.215499	0.222721	0.224766	0.19592	0.193906	0.197972	0.19592	0.195919	0.215763	0.230776	0.20928	0.219416	0.219443	0.223449	0.215307	0.321231	0.336511	0.341337	0.343334	0.338505	0.349558	0.351277	0.374143	0.353806	0.287382	0.297831	0.389288	0.444297	0.32862	0.26735	0.273761	0.291442	0.317462	0.287807	0.260276	0.296545	0.226701	0.227304	0.22625	0.276587	0.27457	0.278597	0.302983	0.289697	0.291525	0.28507	0.282039	0.28866	0.302296	0.289348	0.283918	0.27995	0.254052	0.301587	0.28872	0.281333	0.312265	0.296852	0.31569	0.281476	0.274784	0.292252	0.237347	0.245479	0.281205	0.251631	0.262151	0.29928	0.259955	0.259599	0.272491	0.268111	0.274157	0.27521	0.314362	0.291019	0.309619	0.294805	0.313482	0.312061	0.31397	0.300644	0.294226	0.298728	0.319588	0.305071	0.309019	0.315647	0.315116	0.326603	0.30665	0.306526	0.30253	0.30253	0.323797	0.294563	0.31258	0.31505	0.302118	0.312534	0.313655	0.290132	0.311324	0.303852	0.318853	0.299855	0.320685	0.32101	0.296525	0.293209	0.311123	0.319045	0.304302	0.296799	0.318482	0.315293	0.321641	0.302228	0.325956	0.313607	0.334895	0.310823	0.320974	0.312662	0.322909	0.335691	0.316277	0.322382	0.335268	0.332697	0.336429	0.317717	0.323872	0.33522	0.321814	0.311541	0.32407	0.328167	0.31179	0.322561	0.32829	0.333074	0.351584	0.3398	0.333283	0.337288	0.339216	0.312404	0.309778	0.344428	0.339393	0.328413	0.328412	0.363775	0.360881	0.312434	0.327877	0.316462	0.340097	0.335548	0.344161	0.320399	0.328473	0.324989	0.330058	0.332661	0.334307	0.345067	0.332255	0.327883	0.336666	0.32365	0.364522	0.355622	0.349984	0.351163	0.350992	0.35332	0.342319	0.328008	0.3301	0.336577	0.344467	0.342967	0.349373	0.327786	0.327531	0.331595	0.335642	0.336151	0.338124	0.337962	0.335918	0.337954	0.308113	0.325388	0.3063	0.334768	0.345359	0.353467	0.345089	0.336884	0.346186	0.342777	0.327106	0.360367	0.341491	0.353646	0.356076	0.351019	0.327968	0.330112	0.328793	0.327472	0.314549	0.308748	0.312869	0.313556	0.239659	0.241984	0.219505	0.284414	0.299515	0.254001	0.290112	0.298466	0.263963	0.201967	0.205726	0.241434	0.255029	0.244459	0.239997	0.297626	0.294744	0.268191	0.301286	0.289538	0.23305	0.208371	0.19548	0.200351	0.224715	0.211473	0.219825	0.196624	0.195656	0.18817	0.198914	0.23213	0.225776	0.227593	0.261992	0.238366	0.257656	0.253095	0.25561	0.351731	0.208502	0.23374	0.242769	0.214722	0.22751	0.206253	0.204241	0.204244	0.230502	0.242997	0.219059	0.22519	0.210962	0.233114	0.223485	0.228584	0.282769	0.288549	0.279246	0.288315	0.25281	0.258976	0.286042	0	0.136251	0.148873	0.239437	0.247972	0.210265	0.206423	0.194057	0.20724	0.20729	0.276121	0.26886	0.270831	0.263194	0.260749
Corythaeola_cristata	0.167117	0.173232	0.17898	0.217142	0.222609	0.205253	0.206902	0.254228	0.225076	0.304946	0.289943	0.202826	0.172205	0.186668	0.180016	0.175968	0.177986	0.180093	0.200673	0.195505	0.187285	0.19794	0.189684	0.221491	0.193263	0.197733	0.182946	0.217118	0.221952	0.201551	0.201611	0.208833	0.210878	0.182031	0.180017	0.184084	0.182031	0.18203	0.201875	0.216888	0.195391	0.205528	0.205555	0.209561	0.201419	0.307343	0.322623	0.327449	0.329446	0.324616	0.335669	0.337388	0.360255	0.339918	0.273493	0.283943	0.3754	0.430408	0.314731	0.253461	0.259872	0.277554	0.303574	0.273919	0.246387	0.282656	0.212813	0.213416	0.212361	0.262698	0.260682	0.264708	0.289095	0.275809	0.277637	0.271182	0.268151	0.274772	0.288408	0.27546	0.270029	0.266062	0.240164	0.287699	0.274832	0.267444	0.298376	0.282964	0.301802	0.267588	0.260895	0.278363	0.223459	0.231591	0.267316	0.237743	0.248262	0.285392	0.246066	0.24571	0.258602	0.254223	0.260268	0.261322	0.300473	0.27713	0.295731	0.280916	0.299593	0.298172	0.300082	0.286755	0.280337	0.284839	0.3057	0.291183	0.29513	0.301758	0.301228	0.312714	0.292761	0.292637	0.288641	0.288641	0.309908	0.280675	0.298691	0.301161	0.28823	0.298645	0.299767	0.276243	0.297435	0.289963	0.304965	0.285966	0.306796	0.307122	0.282636	0.279321	0.297234	0.305156	0.290413	0.282911	0.304594	0.301405	0.307752	0.288339	0.312067	0.299719	0.321006	0.296935	0.307085	0.298773	0.30902	0.321803	0.302389	0.308494	0.321379	0.318808	0.322541	0.303828	0.309984	0.321331	0.307925	0.297652	0.310182	0.314279	0.297901	0.308672	0.314402	0.319185	0.337696	0.325911	0.319395	0.3234	0.325328	0.298516	0.295889	0.33054	0.325505	0.314524	0.314524	0.349886	0.346993	0.298546	0.313989	0.302573	0.326209	0.321659	0.330272	0.30651	0.314585	0.3111	0.316169	0.318773	0.320418	0.331179	0.318366	0.313995	0.322777	0.309761	0.350633	0.341733	0.336096	0.337275	0.337103	0.339431	0.32843	0.314119	0.316211	0.322689	0.330579	0.329078	0.335484	0.313898	0.313643	0.317707	0.321754	0.322263	0.324236	0.324073	0.322029	0.324066	0.294224	0.311499	0.292411	0.320879	0.331471	0.339579	0.3312	0.322995	0.332297	0.328888	0.313217	0.346478	0.327602	0.339758	0.342188	0.33713	0.31408	0.316224	0.314905	0.313584	0.300661	0.29486	0.298981	0.299668	0.225771	0.228096	0.205616	0.270525	0.285627	0.240113	0.276224	0.284577	0.250074	0.188078	0.191838	0.227545	0.24114	0.23057	0.226108	0.283738	0.280855	0.254303	0.287398	0.27565	0.219161	0.194483	0.181592	0.186463	0.210827	0.197584	0.205936	0.182736	0.181767	0.174282	0.185026	0.218241	0.211887	0.213705	0.248104	0.224477	0.243767	0.239207	0.241722	0.337842	0.194614	0.219851	0.228881	0.200833	0.213621	0.192364	0.190352	0.190356	0.216614	0.229109	0.20517	0.211301	0.197073	0.219226	0.209597	0.214696	0.268881	0.274661	0.265357	0.274426	0.238922	0.245087	0.272153	0.136251	0	0.0807547	0.225548	0.234083	0.196376	0.192535	0.180168	0.193351	0.193402	0.262232	0.254971	0.256943	0.249305	0.24686
Corythaixoides_concolor	0.179739	0.185854	0.191602	0.229763	0.23523	0.217874	0.219524	0.26685	0.237698	0.317567	0.302564	0.215448	0.184827	0.19929	0.192638	0.18859	0.190608	0.192714	0.213294	0.208126	0.199907	0.210562	0.202306	0.234113	0.205885	0.210355	0.195568	0.22974	0.234574	0.214173	0.214233	0.221455	0.2235	0.194653	0.192639	0.196706	0.194653	0.194652	0.214496	0.22951	0.208013	0.218149	0.218177	0.222183	0.21404	0.319964	0.335245	0.340071	0.342068	0.337238	0.348291	0.35001	0.372876	0.352539	0.286115	0.296564	0.388021	0.44303	0.327353	0.266083	0.272494	0.290176	0.316195	0.286541	0.259009	0.295278	0.225435	0.226037	0.224983	0.27532	0.273303	0.27733	0.301717	0.288431	0.290259	0.283803	0.280773	0.287394	0.301029	0.288082	0.282651	0.278683	0.252786	0.30032	0.287454	0.280066	0.310998	0.295586	0.314423	0.28021	0.273517	0.290985	0.236081	0.244213	0.279938	0.250365	0.260884	0.298013	0.258688	0.258332	0.271224	0.266844	0.27289	0.273944	0.313095	0.289752	0.308353	0.293538	0.312215	0.310794	0.312704	0.299377	0.292959	0.297461	0.318321	0.303805	0.307752	0.31438	0.31385	0.325336	0.305383	0.305259	0.301263	0.301263	0.32253	0.293297	0.311313	0.313783	0.300852	0.311267	0.312388	0.288865	0.310057	0.302585	0.317587	0.298588	0.319418	0.319743	0.295258	0.291942	0.309856	0.317778	0.303035	0.295532	0.317216	0.314027	0.320374	0.300961	0.324689	0.312341	0.333628	0.309556	0.319707	0.311395	0.321642	0.334425	0.31501	0.321115	0.334001	0.33143	0.335162	0.31645	0.322605	0.333953	0.320547	0.310274	0.322804	0.326901	0.310523	0.321294	0.327023	0.331807	0.350318	0.338533	0.332017	0.336021	0.337949	0.311138	0.308511	0.343161	0.338126	0.327146	0.327146	0.362508	0.359615	0.311168	0.32661	0.315195	0.338831	0.334281	0.342894	0.319132	0.327206	0.323722	0.328791	0.331395	0.33304	0.3438	0.330988	0.326617	0.335399	0.322383	0.363255	0.354355	0.348718	0.349896	0.349725	0.352053	0.341052	0.326741	0.328833	0.33531	0.3432	0.3417	0.348106	0.326519	0.326264	0.330329	0.334376	0.334884	0.336857	0.336695	0.334651	0.336687	0.306846	0.324121	0.305033	0.333501	0.344092	0.352201	0.343822	0.335617	0.344919	0.34151	0.325839	0.3591	0.340224	0.35238	0.354809	0.349752	0.326702	0.328845	0.327527	0.326206	0.313282	0.307481	0.311602	0.31229	0.238392	0.240717	0.218238	0.283147	0.298248	0.252735	0.288845	0.297199	0.262696	0.2007	0.204459	0.240167	0.253762	0.243192	0.23873	0.29636	0.293477	0.266925	0.300019	0.288272	0.231783	0.207104	0.194214	0.199085	0.223449	0.210206	0.218558	0.195358	0.194389	0.186903	0.197647	0.230863	0.224509	0.226327	0.260726	0.237099	0.256389	0.251829	0.254343	0.350464	0.207236	0.232473	0.241502	0.213455	0.226243	0.204986	0.202974	0.202977	0.229236	0.241731	0.217792	0.223923	0.209695	0.231847	0.222218	0.227318	0.281503	0.287283	0.277979	0.287048	0.251544	0.257709	0.284775	0.148873	0.0807547	0	0.23817	0.246705	0.208998	0.205157	0.19279	0.205973	0.206024	0.274854	0.267593	0.269564	0.261927	0.259482
Tyto_alba	0.174917	0.181032	0.186781	0.224942	0.230409	0.213053	0.214702	0.262028	0.232876	0.312746	0.297743	0.210626	0.180005	0.194468	0.187816	0.183768	0.185786	0.187893	0.208473	0.203305	0.195085	0.20574	0.197484	0.229292	0.201063	0.205533	0.190746	0.224918	0.229752	0.209351	0.209411	0.216633	0.218678	0.189831	0.187818	0.191884	0.189831	0.18983	0.209675	0.224688	0.203191	0.213328	0.213355	0.217361	0.209219	0.315143	0.330423	0.335249	0.337246	0.332416	0.34347	0.345188	0.368055	0.347718	0.281294	0.291743	0.3832	0.438208	0.322532	0.261261	0.267672	0.285354	0.311374	0.281719	0.254187	0.290456	0.220613	0.221216	0.220161	0.270498	0.268482	0.272508	0.296895	0.283609	0.285437	0.278982	0.275951	0.282572	0.296208	0.28326	0.27783	0.273862	0.247964	0.295499	0.282632	0.275244	0.306176	0.290764	0.309602	0.275388	0.268695	0.286163	0.231259	0.239391	0.275116	0.245543	0.256062	0.293192	0.253866	0.253511	0.266403	0.262023	0.268068	0.269122	0.308273	0.28493	0.303531	0.288716	0.307394	0.305972	0.307882	0.294555	0.288137	0.292639	0.3135	0.298983	0.302931	0.309558	0.309028	0.320514	0.300561	0.300437	0.296441	0.296441	0.317708	0.288475	0.306491	0.308961	0.29603	0.306445	0.307567	0.284043	0.305235	0.297763	0.312765	0.293767	0.314596	0.314922	0.290436	0.287121	0.305034	0.312956	0.298213	0.290711	0.312394	0.309205	0.315553	0.296139	0.319868	0.307519	0.328806	0.304735	0.314885	0.306573	0.31682	0.329603	0.310189	0.316294	0.329179	0.326608	0.330341	0.311628	0.317784	0.329131	0.315725	0.305453	0.317982	0.322079	0.305701	0.316472	0.322202	0.326985	0.345496	0.333711	0.327195	0.3312	0.333128	0.306316	0.30369	0.33834	0.333305	0.322324	0.322324	0.357686	0.354793	0.306346	0.321789	0.310373	0.334009	0.329459	0.338072	0.31431	0.322385	0.3189	0.32397	0.326573	0.328218	0.338979	0.326166	0.321795	0.330577	0.317561	0.358433	0.349533	0.343896	0.345075	0.344903	0.347231	0.33623	0.321919	0.324011	0.330489	0.338379	0.336878	0.343284	0.321698	0.321443	0.325507	0.329554	0.330063	0.332036	0.331873	0.32983	0.331866	0.302024	0.3193	0.300211	0.328679	0.339271	0.347379	0.339	0.330795	0.340097	0.336688	0.321017	0.354278	0.335402	0.347558	0.349988	0.34493	0.32188	0.324024	0.322705	0.321384	0.308461	0.30266	0.306781	0.307468	0.233571	0.235896	0.213416	0.278325	0.293427	0.247913	0.284024	0.292377	0.257874	0.195879	0.199638	0.235345	0.24894	0.23837	0.233909	0.291538	0.288655	0.262103	0.295198	0.28345	0.226962	0.202283	0.189392	0.194263	0.218627	0.205384	0.213736	0.190536	0.189567	0.182082	0.192826	0.226041	0.219687	0.221505	0.255904	0.232278	0.251567	0.247007	0.249522	0.345642	0.202414	0.227651	0.236681	0.208633	0.221421	0.200165	0.198152	0.198156	0.224414	0.236909	0.21297	0.219101	0.204873	0.227026	0.217397	0.222496	0.276681	0.282461	0.273157	0.282226	0.246722	0.252887	0.279953	0.239437	0.225548	0.23817	0	0.183751	0.146044	0.142202	0.150906	0.176661	0.176712	0.270032	0.262771	0.264743	0.257105	0.25466
Glaucidium_brasilianum	0.183452	0.189567	0.195316	0.233477	0.238944	0.221588	0.223237	0.270563	0.241411	0.321281	0.306278	0.219161	0.18854	0.203003	0.196351	0.192304	0.194321	0.196428	0.217008	0.21184	0.203621	0.214275	0.206019	0.237827	0.209598	0.214068	0.199281	0.233453	0.238287	0.217886	0.217946	0.225168	0.227213	0.198367	0.196353	0.200419	0.198366	0.198365	0.21821	0.233223	0.211727	0.221863	0.22189	0.225896	0.217754	0.323678	0.338958	0.343784	0.345781	0.340952	0.352005	0.353723	0.37659	0.356253	0.289829	0.300278	0.391735	0.446743	0.331067	0.269797	0.276208	0.293889	0.319909	0.290254	0.262723	0.298991	0.229148	0.229751	0.228697	0.279033	0.277017	0.281044	0.30543	0.292144	0.293972	0.287517	0.284486	0.291107	0.304743	0.291795	0.286365	0.282397	0.256499	0.304034	0.291167	0.283779	0.314711	0.299299	0.318137	0.283923	0.27723	0.294698	0.239794	0.247926	0.283652	0.254078	0.264598	0.301727	0.262401	0.262046	0.274938	0.270558	0.276603	0.277657	0.316808	0.293466	0.312066	0.297252	0.315929	0.314507	0.316417	0.30309	0.296673	0.301174	0.322035	0.307518	0.311466	0.318093	0.317563	0.32905	0.309096	0.308973	0.304977	0.304977	0.326243	0.29701	0.315026	0.317497	0.304565	0.314981	0.316102	0.292578	0.31377	0.306298	0.3213	0.302302	0.323132	0.323457	0.298972	0.295656	0.313569	0.321491	0.306748	0.299246	0.320929	0.31774	0.324088	0.304674	0.328403	0.316054	0.337341	0.31327	0.32342	0.315109	0.325356	0.338138	0.318724	0.324829	0.337715	0.335143	0.338876	0.320163	0.326319	0.337667	0.32426	0.313988	0.326517	0.330614	0.314236	0.325008	0.330737	0.33552	0.354031	0.342247	0.33573	0.339735	0.341663	0.314851	0.312225	0.346875	0.34184	0.330859	0.330859	0.366222	0.363328	0.314881	0.330324	0.318909	0.342544	0.337994	0.346607	0.322845	0.33092	0.327436	0.332505	0.335108	0.336753	0.347514	0.334702	0.33033	0.339113	0.326096	0.366969	0.358068	0.352431	0.35361	0.353438	0.355767	0.344765	0.330454	0.332546	0.339024	0.346914	0.345413	0.35182	0.330233	0.329978	0.334042	0.338089	0.338598	0.340571	0.340409	0.338365	0.340401	0.310559	0.327835	0.308747	0.337215	0.347806	0.355914	0.347535	0.339331	0.348633	0.345224	0.329552	0.362813	0.343937	0.356093	0.358523	0.353466	0.330415	0.332559	0.33124	0.329919	0.316996	0.311195	0.315316	0.316003	0.242106	0.244431	0.221951	0.28686	0.301962	0.256448	0.292559	0.300912	0.26641	0.204414	0.208173	0.243881	0.257475	0.246905	0.242444	0.300073	0.297191	0.270638	0.303733	0.291985	0.235497	0.210818	0.197927	0.202798	0.227162	0.21392	0.222271	0.199071	0.198103	0.190617	0.201361	0.234576	0.228222	0.23004	0.264439	0.240813	0.260102	0.255542	0.258057	0.354178	0.210949	0.236187	0.245216	0.217169	0.229956	0.2087	0.206687	0.206691	0.232949	0.245444	0.221505	0.227637	0.213408	0.235561	0.225932	0.231031	0.285216	0.290996	0.281693	0.290762	0.255257	0.261422	0.288488	0.247972	0.234083	0.246705	0.183751	0	0.0798334	0.0759918	0.159441	0.185196	0.185247	0.278567	0.271307	0.273278	0.26564	0.263196
Ciccaba_nigrolineata	0.145745	0.15186	0.157609	0.19577	0.201237	0.183881	0.18553	0.232856	0.203704	0.283574	0.268571	0.181454	0.150833	0.165296	0.158644	0.154597	0.156614	0.158721	0.179301	0.174133	0.165914	0.176568	0.168312	0.20012	0.171891	0.176361	0.161574	0.195746	0.20058	0.180179	0.180239	0.187461	0.189506	0.16066	0.158646	0.162712	0.160659	0.160658	0.180503	0.195516	0.17402	0.184156	0.184183	0.188189	0.180047	0.285971	0.301251	0.306077	0.308074	0.303245	0.314298	0.316016	0.338883	0.318546	0.252122	0.262571	0.354028	0.409036	0.29336	0.23209	0.238501	0.256182	0.282202	0.252547	0.225016	0.261284	0.191441	0.192044	0.19099	0.241326	0.23931	0.243337	0.267723	0.254437	0.256265	0.24981	0.246779	0.2534	0.267036	0.254088	0.248658	0.24469	0.218792	0.266327	0.25346	0.246072	0.277004	0.261592	0.28043	0.246216	0.239523	0.256991	0.202087	0.210219	0.245945	0.216371	0.226891	0.26402	0.224694	0.224339	0.237231	0.232851	0.238896	0.23995	0.279101	0.255758	0.274359	0.259545	0.278222	0.2768	0.27871	0.265383	0.258966	0.263467	0.284328	0.269811	0.273759	0.280386	0.279856	0.291343	0.271389	0.271266	0.26727	0.26727	0.288536	0.259303	0.277319	0.27979	0.266858	0.277274	0.278395	0.254871	0.276063	0.268591	0.283593	0.264595	0.285425	0.28575	0.261265	0.257949	0.275862	0.283784	0.269041	0.261539	0.283222	0.280033	0.286381	0.266967	0.290696	0.278347	0.299634	0.275563	0.285713	0.277402	0.287649	0.300431	0.281017	0.287122	0.300008	0.297436	0.301169	0.282456	0.288612	0.29996	0.286553	0.276281	0.28881	0.292907	0.276529	0.287301	0.29303	0.297813	0.316324	0.30454	0.298023	0.302028	0.303956	0.277144	0.274518	0.309168	0.304133	0.293152	0.293152	0.328515	0.325621	0.277174	0.292617	0.281201	0.304837	0.300287	0.3089	0.285138	0.293213	0.289729	0.294798	0.297401	0.299046	0.309807	0.296994	0.292623	0.301405	0.288389	0.329261	0.320361	0.314724	0.315903	0.315731	0.31806	0.307058	0.292747	0.294839	0.301317	0.309207	0.307706	0.314113	0.292526	0.292271	0.296335	0.300382	0.300891	0.302864	0.302702	0.300658	0.302694	0.272852	0.290128	0.27104	0.299508	0.310099	0.318207	0.309828	0.301624	0.310926	0.307517	0.291845	0.325106	0.30623	0.318386	0.320816	0.315759	0.292708	0.294852	0.293533	0.292212	0.279289	0.273488	0.277609	0.278296	0.204399	0.206724	0.184244	0.249153	0.264255	0.218741	0.254852	0.263205	0.228703	0.166707	0.170466	0.206174	0.219768	0.209198	0.204737	0.262366	0.259483	0.232931	0.266026	0.254278	0.19779	0.173111	0.16022	0.165091	0.189455	0.176213	0.184564	0.161364	0.160396	0.15291	0.163654	0.196869	0.190515	0.192333	0.226732	0.203106	0.222395	0.217835	0.22035	0.316471	0.173242	0.198479	0.207509	0.179462	0.192249	0.170993	0.16898	0.168984	0.195242	0.207737	0.183798	0.189929	0.175701	0.197854	0.188225	0.193324	0.247509	0.253289	0.243986	0.253054	0.21755	0.223715	0.250781	0.210265	0.196376	0.208998	0.146044	0.0798334	0	0.00603819	0.121734	0.147489	0.14754	0.24086	0.233599	0.235571	0.227933	0.225489
Strix_occidentalis	0.141904	0.148019	0.153767	0.191928	0.197395	0.180039	0.181689	0.229015	0.199862	0.279732	0.264729	0.177613	0.146991	0.161455	0.154803	0.150755	0.152772	0.154879	0.175459	0.170291	0.162072	0.172727	0.16447	0.196278	0.168049	0.17252	0.157732	0.191905	0.196738	0.176338	0.176398	0.183619	0.185664	0.156818	0.154804	0.158871	0.156818	0.156817	0.176661	0.191674	0.170178	0.180314	0.180341	0.184347	0.176205	0.282129	0.297409	0.302236	0.304232	0.299403	0.310456	0.312175	0.335041	0.314704	0.24828	0.258729	0.350186	0.405195	0.289518	0.228248	0.234659	0.25234	0.27836	0.248705	0.221174	0.257443	0.1876	0.188202	0.187148	0.237485	0.235468	0.239495	0.263881	0.250596	0.252423	0.245968	0.242937	0.249559	0.263194	0.250246	0.244816	0.240848	0.214951	0.262485	0.249618	0.242231	0.273163	0.25775	0.276588	0.242374	0.235682	0.25315	0.198245	0.206377	0.242103	0.21253	0.223049	0.260178	0.220853	0.220497	0.233389	0.229009	0.235055	0.236109	0.27526	0.251917	0.270517	0.255703	0.27438	0.272959	0.274868	0.261542	0.255124	0.259626	0.280486	0.26597	0.269917	0.276545	0.276014	0.287501	0.267548	0.267424	0.263428	0.263428	0.284695	0.255461	0.273478	0.275948	0.263016	0.273432	0.274553	0.25103	0.272222	0.26475	0.279752	0.260753	0.281583	0.281908	0.257423	0.254107	0.272021	0.279943	0.2652	0.257697	0.279381	0.276191	0.282539	0.263126	0.286854	0.274505	0.295793	0.271721	0.281872	0.27356	0.283807	0.296589	0.277175	0.28328	0.296166	0.293595	0.297327	0.278615	0.28477	0.296118	0.282712	0.272439	0.284968	0.289066	0.272688	0.283459	0.289188	0.293972	0.312483	0.300698	0.294182	0.298186	0.300114	0.273303	0.270676	0.305326	0.300291	0.289311	0.28931	0.324673	0.32178	0.273332	0.288775	0.27736	0.300995	0.296446	0.305059	0.281297	0.289371	0.285887	0.290956	0.293559	0.295205	0.305965	0.293153	0.288781	0.297564	0.284548	0.32542	0.31652	0.310882	0.312061	0.31189	0.314218	0.303217	0.288906	0.290998	0.297475	0.305365	0.303865	0.310271	0.288684	0.288429	0.292493	0.29654	0.297049	0.299022	0.29886	0.296816	0.298852	0.269011	0.286286	0.267198	0.295666	0.306257	0.314366	0.305987	0.297782	0.307084	0.303675	0.288004	0.321265	0.302389	0.314545	0.316974	0.311917	0.288867	0.29101	0.289692	0.28837	0.275447	0.269646	0.273767	0.274454	0.200557	0.202882	0.180403	0.245312	0.260413	0.214899	0.25101	0.259364	0.224861	0.162865	0.166624	0.202332	0.215927	0.205357	0.200895	0.258524	0.255642	0.22909	0.262184	0.250437	0.193948	0.169269	0.156379	0.16125	0.185614	0.172371	0.180723	0.157522	0.156554	0.149068	0.159812	0.193028	0.186674	0.188491	0.22289	0.199264	0.218554	0.213993	0.216508	0.312629	0.169401	0.194638	0.203667	0.17562	0.188408	0.167151	0.165139	0.165142	0.1914	0.203895	0.179957	0.186088	0.17186	0.194012	0.184383	0.189483	0.243667	0.249447	0.240144	0.249213	0.213708	0.219874	0.24694	0.206423	0.192535	0.205157	0.142202	0.0759918	0.00603819	0	0.117892	0.143647	0.143698	0.237019	0.229758	0.231729	0.224092	0.221647
Cathartes_aura	0.129537	0.135652	0.141401	0.179562	0.185029	0.167673	0.169322	0.216648	0.187496	0.267366	0.252363	0.165246	0.134625	0.149089	0.142436	0.138389	0.140406	0.142513	0.163093	0.157925	0.149706	0.16036	0.152104	0.183912	0.155683	0.160153	0.145366	0.179538	0.184372	0.163971	0.164031	0.171253	0.173298	0.144452	0.142438	0.146504	0.144451	0.14445	0.164295	0.179308	0.157812	0.167948	0.167975	0.171981	0.163839	0.269763	0.285043	0.289869	0.291866	0.287037	0.29809	0.299808	0.322675	0.302338	0.235914	0.246363	0.33782	0.392828	0.277152	0.215882	0.222293	0.239974	0.265994	0.236339	0.208808	0.245076	0.175233	0.175836	0.174782	0.225119	0.223102	0.227129	0.251515	0.238229	0.240057	0.233602	0.230571	0.237192	0.250828	0.23788	0.23245	0.228482	0.202584	0.250119	0.237252	0.229864	0.260796	0.245384	0.264222	0.230008	0.223315	0.240783	0.185879	0.194011	0.229737	0.200163	0.210683	0.247812	0.208486	0.208131	0.221023	0.216643	0.222688	0.223742	0.262893	0.239551	0.258151	0.243337	0.262014	0.260592	0.262502	0.249175	0.242758	0.247259	0.26812	0.253603	0.257551	0.264178	0.263648	0.275135	0.255181	0.255058	0.251062	0.251062	0.272328	0.243095	0.261111	0.263582	0.25065	0.261066	0.262187	0.238663	0.259855	0.252383	0.267385	0.248387	0.269217	0.269542	0.245057	0.241741	0.259654	0.267576	0.252833	0.245331	0.267014	0.263825	0.270173	0.250759	0.274488	0.262139	0.283426	0.259355	0.269505	0.261194	0.271441	0.284223	0.264809	0.270914	0.2838	0.281228	0.284961	0.266248	0.272404	0.283752	0.270345	0.260073	0.272602	0.276699	0.260321	0.271093	0.276822	0.281605	0.300116	0.288332	0.281815	0.28582	0.287748	0.260936	0.25831	0.29296	0.287925	0.276944	0.276944	0.312307	0.309413	0.260966	0.276409	0.264994	0.288629	0.284079	0.292692	0.26893	0.277005	0.273521	0.27859	0.281193	0.282838	0.293599	0.280787	0.276415	0.285198	0.272182	0.313054	0.304153	0.298516	0.299695	0.299523	0.301852	0.29085	0.276539	0.278631	0.285109	0.292999	0.291498	0.297905	0.276318	0.276063	0.280127	0.284174	0.284683	0.286656	0.286494	0.28445	0.286486	0.256644	0.27392	0.254832	0.2833	0.293891	0.301999	0.29362	0.285416	0.294718	0.291309	0.275637	0.308898	0.290022	0.302178	0.304608	0.299551	0.2765	0.278644	0.277325	0.276004	0.263081	0.25728	0.261401	0.262088	0.188191	0.190516	0.168036	0.232945	0.248047	0.202533	0.238644	0.246997	0.212495	0.150499	0.154258	0.189966	0.20356	0.19299	0.188529	0.246158	0.243276	0.216723	0.249818	0.23807	0.181582	0.156903	0.144012	0.148883	0.173247	0.160005	0.168356	0.145156	0.144188	0.136702	0.147446	0.180661	0.174307	0.176125	0.210524	0.186898	0.206187	0.201627	0.204142	0.300263	0.157034	0.182272	0.191301	0.163254	0.176041	0.154785	0.152772	0.152776	0.179034	0.191529	0.16759	0.173722	0.159493	0.181646	0.172017	0.177116	0.231301	0.237081	0.227778	0.236847	0.201342	0.207507	0.234573	0.194057	0.180168	0.19279	0.150906	0.159441	0.121734	0.117892	0	0.131281	0.131332	0.224652	0.217392	0.219363	0.211725	0.209281
Cariama_cristata	0.14272	0.148835	0.154583	0.192744	0.198211	0.180856	0.182505	0.229831	0.200679	0.280548	0.265545	0.178429	0.147808	0.162271	0.155619	0.151571	0.153589	0.155696	0.176276	0.171108	0.162888	0.173543	0.165287	0.197094	0.168866	0.173336	0.158549	0.192721	0.197555	0.177154	0.177214	0.184436	0.186481	0.157634	0.15562	0.159687	0.157634	0.157633	0.177478	0.192491	0.170994	0.181131	0.181158	0.185164	0.177022	0.282945	0.298226	0.303052	0.305049	0.300219	0.311272	0.312991	0.335858	0.31552	0.249096	0.259545	0.351003	0.406011	0.290334	0.229064	0.235475	0.253157	0.279176	0.249522	0.22199	0.258259	0.188416	0.189019	0.187964	0.238301	0.236285	0.240311	0.264698	0.251412	0.25324	0.246784	0.243754	0.250375	0.264011	0.251063	0.245632	0.241664	0.215767	0.263301	0.250435	0.243047	0.273979	0.258567	0.277404	0.243191	0.236498	0.253966	0.199062	0.207194	0.242919	0.213346	0.223865	0.260994	0.221669	0.221313	0.234205	0.229826	0.235871	0.236925	0.276076	0.252733	0.271334	0.256519	0.275196	0.273775	0.275685	0.262358	0.25594	0.260442	0.281303	0.266786	0.270733	0.277361	0.276831	0.288317	0.268364	0.26824	0.264244	0.264244	0.285511	0.256278	0.274294	0.276764	0.263833	0.274248	0.27537	0.251846	0.273038	0.265566	0.280568	0.261569	0.282399	0.282725	0.258239	0.254923	0.272837	0.280759	0.266016	0.258514	0.280197	0.277008	0.283355	0.263942	0.28767	0.275322	0.296609	0.272537	0.282688	0.274376	0.284623	0.297406	0.277991	0.284097	0.296982	0.294411	0.298143	0.279431	0.285586	0.296934	0.283528	0.273255	0.285785	0.289882	0.273504	0.284275	0.290004	0.294788	0.313299	0.301514	0.294998	0.299002	0.30093	0.274119	0.271492	0.306142	0.301108	0.290127	0.290127	0.325489	0.322596	0.274149	0.289592	0.278176	0.301812	0.297262	0.305875	0.282113	0.290188	0.286703	0.291772	0.294376	0.296021	0.306782	0.293969	0.289598	0.29838	0.285364	0.326236	0.317336	0.311699	0.312877	0.312706	0.315034	0.304033	0.289722	0.291814	0.298291	0.306181	0.304681	0.311087	0.2895	0.289245	0.29331	0.297357	0.297865	0.299838	0.299676	0.297632	0.299668	0.269827	0.287102	0.268014	0.296482	0.307073	0.315182	0.306803	0.298598	0.3079	0.304491	0.28882	0.322081	0.303205	0.315361	0.31779	0.312733	0.289683	0.291826	0.290508	0.289187	0.276263	0.270463	0.274583	0.275271	0.201374	0.203698	0.181219	0.246128	0.26123	0.215716	0.251827	0.26018	0.225677	0.163681	0.167441	0.203148	0.216743	0.206173	0.201711	0.259341	0.256458	0.229906	0.263001	0.251253	0.194764	0.170086	0.157195	0.162066	0.18643	0.173187	0.181539	0.158339	0.15737	0.149885	0.160628	0.193844	0.18749	0.189308	0.223707	0.20008	0.21937	0.21481	0.217324	0.313445	0.170217	0.195454	0.204484	0.176436	0.189224	0.167967	0.165955	0.165959	0.192217	0.204712	0.180773	0.186904	0.172676	0.194829	0.1852	0.190299	0.244484	0.250264	0.24096	0.250029	0.214525	0.22069	0.247756	0.20724	0.193351	0.205973	0.176661	0.185196	0.147489	0.143647	0.131281	0	0.00807894	0.237835	0.230574	0.232546	0.224908	0.222463
Chunga_burmeisteri	0.142771	0.148886	0.154634	0.192795	0.198262	0.180906	0.182556	0.229882	0.20073	0.280599	0.265596	0.17848	0.147858	0.162322	0.15567	0.151622	0.153639	0.155746	0.176326	0.171158	0.162939	0.173594	0.165338	0.197145	0.168916	0.173387	0.158599	0.192772	0.197606	0.177205	0.177265	0.184486	0.186532	0.157685	0.155671	0.159738	0.157685	0.157684	0.177528	0.192541	0.171045	0.181181	0.181209	0.185215	0.177072	0.282996	0.298276	0.303103	0.3051	0.30027	0.311323	0.313042	0.335908	0.315571	0.249147	0.259596	0.351053	0.406062	0.290385	0.229115	0.235526	0.253207	0.279227	0.249572	0.222041	0.25831	0.188467	0.189069	0.188015	0.238352	0.236335	0.240362	0.264749	0.251463	0.25329	0.246835	0.243805	0.250426	0.264061	0.251113	0.245683	0.241715	0.215818	0.263352	0.250486	0.243098	0.27403	0.258617	0.277455	0.243242	0.236549	0.254017	0.199113	0.207245	0.24297	0.213397	0.223916	0.261045	0.22172	0.221364	0.234256	0.229876	0.235922	0.236976	0.276127	0.252784	0.271384	0.25657	0.275247	0.273826	0.275736	0.262409	0.255991	0.260493	0.281353	0.266837	0.270784	0.277412	0.276882	0.288368	0.268415	0.268291	0.264295	0.264295	0.285562	0.256329	0.274345	0.276815	0.263884	0.274299	0.27542	0.251897	0.273089	0.265617	0.280619	0.26162	0.28245	0.282775	0.25829	0.254974	0.272888	0.28081	0.266067	0.258564	0.280248	0.277059	0.283406	0.263993	0.287721	0.275373	0.29666	0.272588	0.282739	0.274427	0.284674	0.297457	0.278042	0.284147	0.297033	0.294462	0.298194	0.279482	0.285637	0.296985	0.283579	0.273306	0.285835	0.289933	0.273555	0.284326	0.290055	0.294839	0.31335	0.301565	0.295049	0.299053	0.300981	0.27417	0.271543	0.306193	0.301158	0.290178	0.290178	0.32554	0.322647	0.274199	0.289642	0.278227	0.301862	0.297313	0.305926	0.282164	0.290238	0.286754	0.291823	0.294427	0.296072	0.306832	0.29402	0.289649	0.298431	0.285415	0.326287	0.317387	0.31175	0.312928	0.312757	0.315085	0.304084	0.289773	0.291865	0.298342	0.306232	0.304732	0.311138	0.289551	0.289296	0.29336	0.297407	0.297916	0.299889	0.299727	0.297683	0.299719	0.269878	0.287153	0.268065	0.296533	0.307124	0.315233	0.306854	0.298649	0.307951	0.304542	0.288871	0.322132	0.303256	0.315412	0.317841	0.312784	0.289734	0.291877	0.290559	0.289237	0.276314	0.270513	0.274634	0.275321	0.201424	0.203749	0.18127	0.246179	0.26128	0.215767	0.251877	0.260231	0.225728	0.163732	0.167491	0.203199	0.216794	0.206224	0.201762	0.259392	0.256509	0.229957	0.263051	0.251304	0.194815	0.170136	0.157246	0.162117	0.186481	0.173238	0.18159	0.158389	0.157421	0.149935	0.160679	0.193895	0.187541	0.189359	0.223758	0.200131	0.219421	0.214861	0.217375	0.313496	0.170268	0.195505	0.204534	0.176487	0.189275	0.168018	0.166006	0.166009	0.192268	0.204763	0.180824	0.186955	0.172727	0.194879	0.18525	0.19035	0.244535	0.250315	0.241011	0.25008	0.214576	0.220741	0.247807	0.20729	0.193402	0.206024	0.176712	0.185247	0.14754	0.143698	0.131332	0.00807894	0	0.237886	0.230625	0.232596	0.224959	0.222514
Alopecoenas_beccarii	0.207836	0.21395	0.219699	0.26162	0.267087	0.249731	0.25138	0.298706	0.269554	0.349424	0.334421	0.247304	0.216683	0.231147	0.224494	0.220447	0.222464	0.224571	0.245151	0.239983	0.231764	0.242418	0.234162	0.26597	0.237741	0.242211	0.227424	0.261596	0.26643	0.24603	0.246089	0.253311	0.255356	0.22651	0.224496	0.228562	0.226509	0.226508	0.246353	0.261366	0.23987	0.250006	0.250033	0.254039	0.245897	0.351821	0.367101	0.371927	0.373924	0.369095	0.380148	0.381866	0.404733	0.384396	0.317972	0.328421	0.419878	0.474886	0.35921	0.29794	0.304351	0.322032	0.348052	0.318397	0.290866	0.327134	0.257291	0.257894	0.25684	0.307177	0.30516	0.309187	0.333573	0.320287	0.322115	0.31566	0.312629	0.31925	0.332886	0.319938	0.314508	0.31054	0.284642	0.332177	0.31931	0.311922	0.342854	0.327442	0.34628	0.312066	0.305373	0.322841	0.267937	0.276069	0.311795	0.282221	0.292741	0.32987	0.290544	0.290189	0.303081	0.298701	0.304747	0.3058	0.344951	0.321609	0.340209	0.325395	0.344072	0.34265	0.34456	0.331233	0.324816	0.329317	0.350178	0.335661	0.339609	0.346236	0.345706	0.357193	0.33724	0.337116	0.33312	0.33312	0.354386	0.325153	0.343169	0.34564	0.332708	0.343124	0.344245	0.320722	0.341913	0.334441	0.349443	0.330445	0.351275	0.3516	0.327115	0.323799	0.341712	0.349634	0.334891	0.327389	0.349072	0.345883	0.352231	0.332817	0.356546	0.344197	0.365484	0.341413	0.351563	0.343252	0.353499	0.366281	0.346867	0.352972	0.365858	0.363286	0.367019	0.348306	0.354462	0.36581	0.352403	0.342131	0.35466	0.358757	0.342379	0.353151	0.35888	0.363663	0.382174	0.37039	0.363873	0.367878	0.369806	0.342994	0.340368	0.375018	0.369983	0.359002	0.359002	0.394365	0.391471	0.343024	0.358467	0.347052	0.370687	0.366137	0.374751	0.350988	0.359063	0.355579	0.360648	0.363251	0.364896	0.375657	0.362845	0.358473	0.367256	0.35424	0.395112	0.386211	0.380574	0.381753	0.381581	0.38391	0.372908	0.358597	0.360689	0.367167	0.375057	0.373556	0.379963	0.358376	0.358121	0.362185	0.366232	0.366741	0.368714	0.368552	0.366508	0.368544	0.338702	0.355978	0.33689	0.365358	0.375949	0.384057	0.375678	0.367474	0.376776	0.373367	0.357695	0.390956	0.37208	0.384236	0.386666	0.381609	0.358558	0.360702	0.359383	0.358062	0.345139	0.339338	0.343459	0.344146	0.270249	0.272574	0.250094	0.315003	0.330105	0.284591	0.320702	0.329055	0.294553	0.232557	0.236316	0.272024	0.285618	0.275048	0.270587	0.328216	0.325334	0.298781	0.331876	0.320128	0.26364	0.238961	0.22607	0.230941	0.255305	0.242063	0.250414	0.227214	0.226246	0.21876	0.229504	0.262719	0.256365	0.258183	0.292582	0.268956	0.288245	0.283685	0.2862	0.382321	0.239092	0.26433	0.273359	0.245312	0.2581	0.236843	0.23483	0.234834	0.261092	0.273587	0.249648	0.25578	0.241551	0.263704	0.254075	0.259174	0.313359	0.319139	0.309836	0.318905	0.2834	0.289565	0.316631	0.276121	0.262232	0.274854	0.270032	0.278567	0.24086	0.237019	0.224652	0.237835	0.237886	0	0.0904775	0.0924489	0.0886077	0.095758
Columba_livia	0.200575	0.20669	0.212438	0.254359	0.259826	0.24247	0.24412	0.291445	0.262293	0.342163	0.32716	0.240043	0.209422	0.223886	0.217234	0.213186	0.215203	0.21731	0.23789	0.232722	0.224503	0.235158	0.226901	0.258709	0.23048	0.23495	0.220163	0.254335	0.259169	0.238769	0.238828	0.24605	0.248095	0.219249	0.217235	0.221301	0.219248	0.219247	0.239092	0.254105	0.232609	0.242745	0.242772	0.246778	0.238636	0.34456	0.35984	0.364666	0.366663	0.361834	0.372887	0.374605	0.397472	0.377135	0.310711	0.32116	0.412617	0.467625	0.351949	0.290679	0.29709	0.314771	0.340791	0.311136	0.283605	0.319873	0.25003	0.250633	0.249579	0.299916	0.297899	0.301926	0.326312	0.313026	0.314854	0.308399	0.305368	0.311989	0.325625	0.312677	0.307247	0.303279	0.277381	0.324916	0.312049	0.304662	0.335593	0.320181	0.339019	0.304805	0.298112	0.31558	0.260676	0.268808	0.304534	0.27496	0.28548	0.322609	0.283284	0.282928	0.29582	0.29144	0.297486	0.298539	0.33769	0.314348	0.332948	0.318134	0.336811	0.335389	0.337299	0.323973	0.317555	0.322056	0.342917	0.3284	0.332348	0.338975	0.338445	0.349932	0.329979	0.329855	0.325859	0.325859	0.347125	0.317892	0.335908	0.338379	0.325447	0.335863	0.336984	0.313461	0.334653	0.32718	0.342182	0.323184	0.344014	0.344339	0.319854	0.316538	0.334451	0.342374	0.32763	0.320128	0.341811	0.338622	0.34497	0.325557	0.349285	0.336936	0.358223	0.334152	0.344302	0.335991	0.346238	0.35902	0.339606	0.345711	0.358597	0.356025	0.359758	0.341046	0.347201	0.358549	0.345143	0.33487	0.347399	0.351496	0.335118	0.34589	0.351619	0.356402	0.374913	0.363129	0.356612	0.360617	0.362545	0.335733	0.333107	0.367757	0.362722	0.351741	0.351741	0.387104	0.38421	0.335763	0.351206	0.339791	0.363426	0.358876	0.36749	0.343727	0.351802	0.348318	0.353387	0.35599	0.357635	0.368396	0.355584	0.351212	0.359995	0.346979	0.387851	0.378951	0.373313	0.374492	0.37432	0.376649	0.365647	0.351336	0.353428	0.359906	0.367796	0.366295	0.372702	0.351115	0.35086	0.354924	0.358971	0.35948	0.361453	0.361291	0.359247	0.361283	0.331442	0.348717	0.329629	0.358097	0.368688	0.376796	0.368418	0.360213	0.369515	0.366106	0.350434	0.383695	0.36482	0.376975	0.379405	0.374348	0.351297	0.353441	0.352122	0.350801	0.337878	0.332077	0.336198	0.336885	0.262988	0.265313	0.242833	0.307742	0.322844	0.27733	0.313441	0.321794	0.287292	0.225296	0.229055	0.264763	0.278357	0.267787	0.263326	0.320955	0.318073	0.29152	0.324615	0.312867	0.256379	0.2317	0.218809	0.22368	0.248044	0.234802	0.243154	0.219953	0.218985	0.211499	0.222243	0.255458	0.249104	0.250922	0.285321	0.261695	0.280984	0.276424	0.278939	0.37506	0.231831	0.257069	0.266098	0.238051	0.250839	0.229582	0.227569	0.227573	0.253831	0.266326	0.242388	0.248519	0.234291	0.256443	0.246814	0.251913	0.306098	0.311878	0.302575	0.311644	0.276139	0.282305	0.30937	0.26886	0.254971	0.267593	0.262771	0.271307	0.233599	0.229758	0.217392	0.230574	0.230625	0.0904775	0	0.0519357	0.0813467	0.0884971
Patagioenas_fasciata	0.202546	0.208661	0.214409	0.25633	0.261797	0.244441	0.246091	0.293417	0.264265	0.344134	0.329131	0.242015	0.211394	0.225857	0.219205	0.215157	0.217174	0.219281	0.239861	0.234693	0.226474	0.237129	0.228873	0.26068	0.232451	0.236922	0.222134	0.256307	0.261141	0.24074	0.2408	0.248021	0.250067	0.22122	0.219206	0.223273	0.22122	0.221219	0.241063	0.256076	0.23458	0.244716	0.244744	0.24875	0.240607	0.346531	0.361812	0.366638	0.368635	0.363805	0.374858	0.376577	0.399443	0.379106	0.312682	0.323131	0.414588	0.469597	0.35392	0.29265	0.299061	0.316742	0.342762	0.313108	0.285576	0.321845	0.252002	0.252604	0.25155	0.301887	0.29987	0.303897	0.328284	0.314998	0.316825	0.31037	0.30734	0.313961	0.327596	0.314648	0.309218	0.30525	0.279353	0.326887	0.314021	0.306633	0.337565	0.322153	0.34099	0.306777	0.300084	0.317552	0.262648	0.27078	0.306505	0.276932	0.287451	0.32458	0.285255	0.284899	0.297791	0.293411	0.299457	0.300511	0.339662	0.316319	0.334919	0.320105	0.338782	0.337361	0.339271	0.325944	0.319526	0.324028	0.344888	0.330372	0.334319	0.340947	0.340417	0.351903	0.33195	0.331826	0.32783	0.32783	0.349097	0.319864	0.33788	0.34035	0.327419	0.337834	0.338955	0.315432	0.336624	0.329152	0.344154	0.325155	0.345985	0.34631	0.321825	0.318509	0.336423	0.344345	0.329602	0.322099	0.343783	0.340594	0.346941	0.327528	0.351256	0.338908	0.360195	0.336123	0.346274	0.337962	0.348209	0.360992	0.341577	0.347682	0.360568	0.357997	0.361729	0.343017	0.349172	0.36052	0.347114	0.336841	0.34937	0.353468	0.33709	0.347861	0.35359	0.358374	0.376885	0.3651	0.358584	0.362588	0.364516	0.337705	0.335078	0.369728	0.364693	0.353713	0.353713	0.389075	0.386182	0.337734	0.353177	0.341762	0.365398	0.360848	0.369461	0.345699	0.353773	0.350289	0.355358	0.357962	0.359607	0.370367	0.357555	0.353184	0.361966	0.34895	0.389822	0.380922	0.375285	0.376463	0.376292	0.37862	0.367619	0.353308	0.3554	0.361877	0.369767	0.368267	0.374673	0.353086	0.352831	0.356896	0.360942	0.361451	0.363424	0.363262	0.361218	0.363254	0.333413	0.350688	0.3316	0.360068	0.370659	0.378768	0.370389	0.362184	0.371486	0.368077	0.352406	0.385667	0.366791	0.378947	0.381376	0.376319	0.353269	0.355412	0.354094	0.352773	0.339849	0.334048	0.338169	0.338857	0.264959	0.267284	0.244805	0.309714	0.324815	0.279302	0.315412	0.323766	0.289263	0.227267	0.231026	0.266734	0.280329	0.269759	0.265297	0.322927	0.320044	0.293492	0.326586	0.314839	0.25835	0.233671	0.220781	0.225652	0.250016	0.236773	0.245125	0.221924	0.220956	0.21347	0.224214	0.25743	0.251076	0.252894	0.287293	0.263666	0.282956	0.278396	0.28091	0.377031	0.233803	0.25904	0.268069	0.240022	0.25281	0.231553	0.229541	0.229544	0.255803	0.268298	0.244359	0.25049	0.236262	0.258414	0.248785	0.253885	0.30807	0.31385	0.304546	0.313615	0.278111	0.284276	0.311342	0.270831	0.256943	0.269564	0.264743	0.273278	0.235571	0.231729	0.219363	0.232546	0.232596	0.0924489	0.0519357	0	0.0833181	0.0904685
Caloenas_nicobarica	0.194909	0.201023	0.206772	0.248693	0.25416	0.236804	0.238453	0.285779	0.256627	0.336497	0.321494	0.234377	0.203756	0.218219	0.211567	0.20752	0.209537	0.211644	0.232224	0.227056	0.218837	0.229491	0.221235	0.253043	0.224814	0.229284	0.214497	0.248669	0.253503	0.233102	0.233162	0.240384	0.242429	0.213583	0.211569	0.215635	0.213582	0.213581	0.233426	0.248439	0.226943	0.237079	0.237106	0.241112	0.23297	0.338894	0.354174	0.359	0.360997	0.356168	0.367221	0.368939	0.391806	0.371469	0.305045	0.315494	0.406951	0.461959	0.346283	0.285013	0.291424	0.309105	0.335125	0.30547	0.277939	0.314207	0.244364	0.244967	0.243913	0.294249	0.292233	0.29626	0.320646	0.30736	0.309188	0.302733	0.299702	0.306323	0.319959	0.307011	0.301581	0.297613	0.271715	0.31925	0.306383	0.298995	0.329927	0.314515	0.333353	0.299139	0.292446	0.309914	0.25501	0.263142	0.298868	0.269294	0.279814	0.316943	0.277617	0.277262	0.290154	0.285774	0.291819	0.292873	0.332024	0.308682	0.327282	0.312468	0.331145	0.329723	0.331633	0.318306	0.311889	0.31639	0.337251	0.322734	0.326682	0.333309	0.332779	0.344266	0.324312	0.324189	0.320193	0.320193	0.341459	0.312226	0.330242	0.332713	0.319781	0.330197	0.331318	0.307794	0.328986	0.321514	0.336516	0.317518	0.338348	0.338673	0.314188	0.310872	0.328785	0.336707	0.321964	0.314462	0.336145	0.332956	0.339304	0.31989	0.343619	0.33127	0.352557	0.328486	0.338636	0.330325	0.340572	0.353354	0.33394	0.340045	0.352931	0.350359	0.354092	0.335379	0.341535	0.352883	0.339476	0.329204	0.341733	0.34583	0.329452	0.340224	0.345953	0.350736	0.369247	0.357463	0.350946	0.354951	0.356879	0.330067	0.327441	0.362091	0.357056	0.346075	0.346075	0.381438	0.378544	0.330097	0.34554	0.334125	0.35776	0.35321	0.361823	0.338061	0.346136	0.342652	0.347721	0.350324	0.351969	0.36273	0.349918	0.345546	0.354329	0.341312	0.382185	0.373284	0.367647	0.368826	0.368654	0.370983	0.359981	0.34567	0.347762	0.35424	0.36213	0.360629	0.367036	0.345449	0.345194	0.349258	0.353305	0.353814	0.355787	0.355625	0.353581	0.355617	0.325775	0.343051	0.323963	0.352431	0.363022	0.37113	0.362751	0.354547	0.363849	0.36044	0.344768	0.378029	0.359153	0.371309	0.373739	0.368682	0.345631	0.347775	0.346456	0.345135	0.332212	0.326411	0.330532	0.331219	0.257322	0.259647	0.237167	0.302076	0.317178	0.271664	0.307775	0.316128	0.281626	0.21963	0.223389	0.259097	0.272691	0.262121	0.25766	0.315289	0.312407	0.285854	0.318949	0.307201	0.250713	0.226034	0.213143	0.218014	0.242378	0.229136	0.237487	0.214287	0.213319	0.205833	0.216577	0.249792	0.243438	0.245256	0.279655	0.256029	0.275318	0.270758	0.273273	0.369394	0.226165	0.251403	0.260432	0.232385	0.245172	0.223916	0.221903	0.221907	0.248165	0.26066	0.236721	0.242853	0.228624	0.250777	0.241148	0.246247	0.300432	0.306212	0.296909	0.305978	0.270473	0.276638	0.303704	0.263194	0.249305	0.261927	0.257105	0.26564	0.227933	0.224092	0.211725	0.224908	0.224959	0.0886077	0.0813467	0.0833181	0	0.082831
Columbina_picui	0.192464	0.198579	0.204327	0.246248	0.251715	0.234359	0.236009	0.283335	0.254182	0.334052	0.319049	0.231933	0.201311	0.215775	0.209123	0.205075	0.207092	0.209199	0.229779	0.224611	0.216392	0.227047	0.21879	0.250598	0.222369	0.226839	0.212052	0.246224	0.251058	0.230658	0.230717	0.237939	0.239984	0.211138	0.209124	0.21319	0.211137	0.211137	0.230981	0.245994	0.224498	0.234634	0.234661	0.238667	0.230525	0.336449	0.351729	0.356555	0.358552	0.353723	0.364776	0.366494	0.389361	0.369024	0.3026	0.313049	0.404506	0.459514	0.343838	0.282568	0.288979	0.30666	0.33268	0.303025	0.275494	0.311762	0.241919	0.242522	0.241468	0.291805	0.289788	0.293815	0.318201	0.304915	0.306743	0.300288	0.297257	0.303878	0.317514	0.304566	0.299136	0.295168	0.26927	0.316805	0.303938	0.296551	0.327483	0.31207	0.330908	0.296694	0.290001	0.307469	0.252565	0.260697	0.296423	0.266849	0.277369	0.314498	0.275173	0.274817	0.287709	0.283329	0.289375	0.290428	0.32958	0.306237	0.324837	0.310023	0.3287	0.327279	0.329188	0.315862	0.309444	0.313945	0.334806	0.320289	0.324237	0.330865	0.330334	0.341821	0.321868	0.321744	0.317748	0.317748	0.339014	0.309781	0.327797	0.330268	0.317336	0.327752	0.328873	0.30535	0.326542	0.31907	0.334071	0.315073	0.335903	0.336228	0.311743	0.308427	0.326341	0.334263	0.31952	0.312017	0.3337	0.330511	0.336859	0.317446	0.341174	0.328825	0.350113	0.326041	0.336191	0.32788	0.338127	0.350909	0.331495	0.3376	0.350486	0.347915	0.351647	0.332935	0.33909	0.350438	0.337032	0.326759	0.339288	0.343385	0.327007	0.337779	0.343508	0.348291	0.366802	0.355018	0.348501	0.352506	0.354434	0.327622	0.324996	0.359646	0.354611	0.34363	0.34363	0.378993	0.376099	0.327652	0.343095	0.33168	0.355315	0.350766	0.359379	0.335617	0.343691	0.340207	0.345276	0.347879	0.349525	0.360285	0.347473	0.343101	0.351884	0.338868	0.37974	0.37084	0.365202	0.366381	0.366209	0.368538	0.357537	0.343225	0.345317	0.351795	0.359685	0.358185	0.364591	0.343004	0.342749	0.346813	0.35086	0.351369	0.353342	0.35318	0.351136	0.353172	0.323331	0.340606	0.321518	0.349986	0.360577	0.368685	0.360307	0.352102	0.361404	0.357995	0.342324	0.375584	0.356709	0.368864	0.371294	0.366237	0.343186	0.34533	0.344011	0.34269	0.329767	0.323966	0.328087	0.328774	0.254877	0.257202	0.234722	0.299632	0.314733	0.269219	0.30533	0.313683	0.279181	0.217185	0.220944	0.256652	0.270246	0.259676	0.255215	0.312844	0.309962	0.283409	0.316504	0.304756	0.248268	0.223589	0.210698	0.215569	0.239933	0.226691	0.235043	0.211842	0.210874	0.203388	0.214132	0.247348	0.240994	0.242811	0.27721	0.253584	0.272873	0.268313	0.270828	0.366949	0.22372	0.248958	0.257987	0.22994	0.242728	0.221471	0.219459	0.219462	0.24572	0.258215	0.234277	0.240408	0.22618	0.248332	0.238703	0.243802	0.297987	0.303767	0.294464	0.303533	0.268028	0.274194	0.30126	0.260749	0.24686	0.259482	0.25466	0.263196	0.225489	0.221647	0.209281	0.222463	0.222514	0.095758	0.0884971	0.0904685	0.082831	0
