d-phlag_0005-c_min3max25	1500	0	500	0	0.25	1	T10	T30	10
d-phlag_0005-c_min3max25	1900	0	100	0	0.05	1	T88	T120	12
d-phlag_0005-c_min3max25	1838	62	0	100	0.05	1	T114	T140	37
d-phlag_0005-c_min3max25	0	1800	0	200	0.1	2	T118	T78	17
d-phlag_0005-c_min3max25	25	1675	300	0	0.15	1	T119	T198	9
d-phlag_0005-c_min3max25	91	1809	100	0	0.05	2	T8	T13	35
d-phlag_0005-c_min3max25	16	1486	498	0	0.25	3	T54	T121	30
d-phlag_0005-c_min3max25	1500	0	500	0	0.25	4	T137	T3	18
d-phlag_0005-c_min3max25	1332	68	2	598	0.3	3	T115	T44	46
d-phlag_0005-c_min3max25	0	1700	0	300	0.15	1	T148	T130	43
d-phlag_0005-c_min3max25	1557	43	4	396	0.2	1	T100	T97	31
d-phlag_0005-c_min3max25	0	1600	400	0	0.2	2	T200	T123	30
d-phlag_0005-c_min3max25	793	607	0	600	0.3	2	T90	T10	24
d-phlag_0005-c_min3max25	1378	422	0	200	0.1	1	T151	T134	24
d-phlag_0005-c_min3max25	1886	14	9	91	0.05	1	T193	T127	10
d-phlag_0005-c_min3max25	20	1581	396	3	0.2	3	T102	T113	10
d-phlag_0005-c_min3max25	30	1871	98	1	0.05	3	T106	T158	8
d-phlag_0005-c_min3max25	1784	18	0	198	0.1	3	T50	T138	21
d-phlag_0005-c_min3max25	604	896	500	0	0.25	4	T105	T136	49
d-phlag_0005-c_min3max25	0	1601	0	399	0.2	3	T181	T9	36
d-phlag_0005-c_min3max25	1388	12	28	572	0.3	2	T106	T158	43
d-phlag_0005-c_min3max25	1597	103	0	300	0.15	1	T113	T29	36
d-phlag_0005-c_min3max25	5	1695	300	0	0.15	1	T166	T34	28
d-phlag_0005-c_min3max25	1178	624	103	95	0.1	3	T46	T167	27
d-phlag_0005-c_min3max25	1600	0	0	400	0.2	1	T51	T91	47
d-phlag_0005-c_min3max25	858	542	253	347	0.3	4	T85	T19	44
d-phlag_0005-c_min3max25	0	1900	100	0	0.05	1	T52	T29	6
d-phlag_0005-c_min3max25	2	1398	600	0	0.3	1	T24	T115	23
d-phlag_0005-c_min3max25	1600	0	400	0	0.2	1	T137	T102	43
d-phlag_0005-c_min3max25	1517	384	83	16	0.05	3	T144	T28	44
d-phlag_0005-c_min3max25	1900	0	100	0	0.05	2	T71	T37	10
d-phlag_0005-c_min3max25	1503	97	400	0	0.2	2	T141	T66	42
d-phlag_0005-c_min3max25	19	1481	500	0	0.25	1	T107	T17	29
d-phlag_0005-c_min3max25	1502	0	0	498	0.25	3	T133	T140	7
d-phlag_0005-c_min3max25	0	1700	300	0	0.15	1	T84	T104	46
d-phlag_0005-c_min3max25	1800	0	200	0	0.1	2	T124	T144	29
d-phlag_0005-c_min3max25	1789	111	0	100	0.05	2	T185	T6	9
d-phlag_0005-c_min3max25	14	1386	598	2	0.3	2	T108	T86	6
d-phlag_0005-c_min3max25	1781	19	0	200	0.1	1	T15	T112	17
d-phlag_0005-c_min3max25	1800	0	200	0	0.1	1	T48	T185	32
d-phlag_0005-c_min3max25	1600	0	400	0	0.2	1	T37	T28	11
d-phlag_0005-c_min3max25	1599	1	0	400	0.2	1	T114	T152	3
d-phlag_0005-c_min3max25	1700	0	300	0	0.15	2	T137	T102	43
d-phlag_0005-c_min3max25	0	1700	0	300	0.15	1	T58	T103	21
d-phlag_0005-c_min3max25	1599	1	6	394	0.2	1	T96	T167	14
d-phlag_0005-c_min3max25	1800	0	200	0	0.1	2	T116	T22	3
d-phlag_0005-c_min3max25	12	1588	400	0	0.2	1	T7	T68	41
d-phlag_0005-c_min3max25	1492	8	0	500	0.25	1	T14	T180	4
d-phlag_0005-c_min3max25	1800	0	8	192	0.1	1	T20	T124	35
d-phlag_0005-c_min3max25	0	1800	200	0	0.1	4	T133	T140	7
d-phlag_0005-c_min3max25	7	1393	600	0	0.3	2	T192	T68	26
d-phlag_0005-c_min3max25	0	1601	0	399	0.2	3	T148	T130	43
d-phlag_0005-c_min3max25	1400	0	0	600	0.3	2	T165	T132	7
d-phlag_0005-c_min3max25	4	1696	300	0	0.15	1	T175	T194	41
d-phlag_0005-c_min3max25	1695	5	16	284	0.15	4	T54	T88	28
d-phlag_0005-c_min3max25	0	1800	200	0	0.1	1	T115	T171	15
d-phlag_0005-c_min3max25	1900	0	7	93	0.05	1	T168	T147	30
d-phlag_0005-c_min3max25	1399	1	0	600	0.3	1	T107	T198	19
d-phlag_0005-c_min3max25	0	1700	300	0	0.15	3	T149	T49	21
d-phlag_0005-c_min3max25	1793	7	2	198	0.1	2	T19	T7	25
d-phlag_0005-c_min3max25	0	1500	500	0	0.25	1	T12	T60	34
d-phlag_0005-c_min3max25	20	1580	400	0	0.2	1	T29	T116	20
d-phlag_0005-c_min3max25	1796	4	1	199	0.1	2	T13	T7	47
d-phlag_0005-c_min3max25	1600	0	400	0	0.2	1	T194	T41	19
d-phlag_0005-c_min3max25	1896	4	0	100	0.05	2	T177	T124	35
d-phlag_0005-c_min3max25	1800	0	200	0	0.1	1	T137	T102	43
d-phlag_0005-c_min3max25	1600	0	2	398	0.2	1	T91	T196	20
d-phlag_0005-c_min3max25	1700	0	300	0	0.15	1	T85	T31	25
d-phlag_0005-c_min3max25	1900	0	0	100	0.05	1	T90	T80	40
d-phlag_0005-c_min3max25	46	1456	498	0	0.25	3	T57	T86	32
d-phlag_0005-c_min3max25	6	1595	399	0	0.2	3	T137	T106	1
d-phlag_0005-c_min3max25	1400	500	92	8	0.05	2	T85	T19	44
d-phlag_0005-c_min3max25	2	1598	399	1	0.2	2	T59	T136	28
d-phlag_0005-c_min3max25	1434	66	0	500	0.25	1	T185	T6	9
d-phlag_0005-c_min3max25	45	1355	600	0	0.3	1	T111	T137	11
d-phlag_0005-c_min3max25	1463	437	70	30	0.05	1	T136	T54	24
d-phlag_0005-c_min3max25	0	1502	0	498	0.25	3	T64	T181	41
d-phlag_0005-c_min3max25	1700	0	300	0	0.15	2	T150	T36	4
d-phlag_0005-c_min3max25	1600	0	0	400	0.2	2	T83	T62	47
d-phlag_0005-c_min3max25	1400	0	600	0	0.3	2	T16	T97	15
d-phlag_0005-c_min3max25	1700	0	300	0	0.15	1	T30	T47	37
d-phlag_0005-c_min3max25	1400	0	600	0	0.3	3	T131	T67	38
d-phlag_0005-c_min3max25	1490	10	0	500	0.25	2	T8	T54	38
d-phlag_0005-c_min3max25	3	1598	399	0	0.2	3	T12	T60	34
d-phlag_0005-c_min3max25	1500	0	500	0	0.25	2	T68	T111	6
d-phlag_0005-c_min3max25	1400	0	600	0	0.3	1	T172	T111	6
d-phlag_0005-c_min3max25	1600	0	0	400	0.2	1	T84	T13	33
d-phlag_0005-c_min3max25	1485	15	0	500	0.25	1	T17	T197	5
d-phlag_0005-c_min3max25	1897	3	0	100	0.05	1	T133	T156	49
d-phlag_0005-c_min3max25	1700	0	300	0	0.15	1	T15	T6	22
d-phlag_0005-c_min3max25	1501	1	0	498	0.25	3	T169	T170	2
d-phlag_0005-c_min3max25	1398	2	2	598	0.3	3	T157	T124	33
d-phlag_0005-c_min3max25	28	1573	398	1	0.2	3	T143	T121	35
d-phlag_0005-c_min3max25	1500	0	0	500	0.25	1	T198	T102	40
d-phlag_0005-c_min3max25	0	1800	0	200	0.1	1	T136	T196	28
d-phlag_0005-c_min3max25	10	1890	100	0	0.05	1	T139	T102	21
d-phlag_0005-c_min3max25	1900	1	0	99	0.05	3	T7	T68	41
d-phlag_0005-c_min3max25	1394	6	4	596	0.3	3	T68	T170	41
d-phlag_0005-c_min3max25	38	1563	399	0	0.2	3	T137	T116	39
d-phlag_0005-c_min3max25	0	1800	200	0	0.1	1	T85	T79	31
d-phlag_0005-c_min3max25	1397	3	2	598	0.3	2	T184	T30	49
d-phlag_0005-c_min3max25	0	1500	500	0	0.25	2	T136	T110	31
d-phlag_0005-c_min3max25	1123	577	164	136	0.15	1	T103	T130	27
d-phlag_0005-c_min3max25	0	1900	100	0	0.05	1	T51	T152	38
d-phlag_0005-c_min3max25	1699	1	14	286	0.15	2	T98	T22	41
d-phlag_0005-c_min3max25	1502	0	498	0	0.25	3	T30	T47	37
d-phlag_0005-c_min3max25	1800	0	200	0	0.1	2	T41	T66	22
d-phlag_0005-c_min3max25	1894	7	6	93	0.05	3	T148	T86	25
d-phlag_0005-c_min3max25	1800	0	2	198	0.1	1	T157	T198	11
d-phlag_0005-c_min3max25	1700	0	0	300	0.15	1	T1	T117	30
d-phlag_0005-c_min3max25	1749	152	66	33	0.05	3	T69	T33	19
d-phlag_0005-c_min3max25	60	1540	397	3	0.2	2	T63	T46	7
d-phlag_0005-c_min3max25	1900	0	2	98	0.05	2	T176	T152	48
d-phlag_0005-c_min3max25	1901	0	99	0	0.05	3	T138	T99	25
d-phlag_0005-c_min3max25	27	1573	400	0	0.2	1	T57	T44	14
d-phlag_0005-c_min3max25	1499	1	0	500	0.25	1	T167	T106	4
d-phlag_0005-c_min3max25	5	1595	400	0	0.2	1	T24	T150	34
d-phlag_0005-c_min3max25	1901	0	99	0	0.05	3	T88	T180	19
d-phlag_0005-c_min3max25	1600	0	400	0	0.2	1	T125	T168	16
d-phlag_0005-c_min3max25	0	1800	200	0	0.1	1	T140	T110	20
d-phlag_0005-c_min3max25	0	1700	300	0	0.15	1	T83	T138	39
d-phlag_0005-c_min3max25	8	1692	300	0	0.15	1	T57	T44	14
d-phlag_0005-c_min3max25	3	1397	600	0	0.3	1	T1	T117	30
d-phlag_0005-c_min3max25	1901	0	0	99	0.05	3	T58	T103	21
d-phlag_0005-c_min3max25	1570	31	378	21	0.2	3	T125	T64	1
d-phlag_0005-c_min3max25	1700	0	300	0	0.15	1	T50	T148	10
d-phlag_0005-c_min3max25	1798	2	0	200	0.1	1	T110	T26	2
d-phlag_0005-c_min3max25	1900	0	100	0	0.05	1	T194	T41	19
d-phlag_0005-c_min3max25	1400	0	600	0	0.3	3	T31	T191	25
d-phlag_0005-c_min3max25	1163	437	266	134	0.2	2	T197	T36	24
d-phlag_0005-c_min3max25	1008	792	0	200	0.1	1	T69	T86	27
d-phlag_0005-c_min3max25	0	1400	600	0	0.3	3	T43	T112	41
d-phlag_0005-c_min3max25	9	1691	300	0	0.15	1	T140	T194	48
d-phlag_0005-c_min3max25	1600	0	4	396	0.2	1	T118	T135	12
d-phlag_0005-c_min3max25	786	1114	0	100	0.05	2	T110	T26	2
d-phlag_0005-c_min3max25	1	1699	300	0	0.15	1	T73	T127	40
d-phlag_0005-c_min3max25	1901	0	10	89	0.05	3	T109	T71	42
d-phlag_0005-c_min3max25	15	1785	200	0	0.1	2	T106	T158	8
d-phlag_0005-c_min3max25	7	1893	100	0	0.05	2	T184	T30	49
d-phlag_0005-c_min3max25	1216	484	0	300	0.15	3	T120	T43	50
d-phlag_0005-c_min3max25	1900	0	100	0	0.05	2	T144	T195	28
d-phlag_0005-c_min3max25	1761	139	50	50	0.05	2	T14	T40	34
d-phlag_0005-c_min3max25	1055	345	496	104	0.3	1	T144	T28	44
d-phlag_0005-c_min3max25	1783	17	10	190	0.1	2	T142	T10	17
d-phlag_0005-c_min3max25	1316	84	569	31	0.3	3	T12	T36	3
d-phlag_0005-c_min3max25	10	1390	600	0	0.3	2	T24	T150	34
d-phlag_0005-c_min3max25	1697	3	126	174	0.15	3	T69	T33	19
d-phlag_0005-c_min3max25	6	1595	382	17	0.2	3	T145	T172	44
d-phlag_0005-c_min3max25	1459	43	166	332	0.25	3	T132	T99	2
d-phlag_0005-c_min3max25	1600	0	400	0	0.2	1	T41	T66	22
d-phlag_0005-c_min3max25	1	1899	100	0	0.05	1	T85	T79	31
d-phlag_0005-c_min3max25	1782	20	2	196	0.1	3	T86	T61	13
d-phlag_0005-c_min3max25	1700	0	0	300	0.15	1	T62	T40	20
d-phlag_0005-c_min3max25	1591	9	4	396	0.2	2	T175	T81	18
d-phlag_0005-c_min3max25	0	1500	0	500	0.25	2	T16	T49	9
d-phlag_0005-c_min3max25	6	1895	98	1	0.05	3	T166	T177	30
d-phlag_0005-c_min3max25	1801	1	1	197	0.1	3	T78	T150	47
d-phlag_0005-c_min3max25	0	1700	0	300	0.15	4	T125	T168	16
d-phlag_0005-c_min3max25	1501	1	8	490	0.25	3	T3	T68	4
d-phlag_0005-c_min3max25	1502	0	498	0	0.25	3	T22	T11	29
d-phlag_0005-c_min3max25	1390	110	250	250	0.25	2	T140	T102	6
d-phlag_0005-c_min3max25	3	1797	200	0	0.1	4	T70	T7	17
d-phlag_0005-c_min3max25	743	657	0	600	0.3	1	T69	T86	27
d-phlag_0005-c_min3max25	1900	0	100	0	0.05	2	T171	T4	2
d-phlag_0005-c_min3max25	3	1397	600	0	0.3	1	T86	T61	13
d-phlag_0005-c_min3max25	1800	0	200	0	0.1	1	T14	T148	10
d-phlag_0005-c_min3max25	0	1700	300	0	0.15	4	T87	T18	29
d-phlag_0005-c_min3max25	0	1500	500	0	0.25	2	T99	T180	26
d-phlag_0005-c_min3max25	2	1498	497	3	0.25	2	T8	T13	35
d-phlag_0005-c_min3max25	1115	485	0	400	0.2	2	T38	T181	50
d-phlag_0005-c_min3max25	8	1893	99	0	0.05	3	T15	T102	14
d-phlag_0005-c_min3max25	1900	0	100	0	0.05	1	T170	T90	12
d-phlag_0005-c_min3max25	0	1900	0	100	0.05	1	T112	T147	23
d-phlag_0005-c_min3max25	1800	0	200	0	0.1	2	T72	T119	16
d-phlag_0005-c_min3max25	1600	0	3	397	0.2	2	T4	T5	22
d-phlag_0005-c_min3max25	39	1361	598	2	0.3	3	T92	T64	49
d-phlag_0005-c_min3max25	2	1398	599	1	0.3	2	T84	T14	45
d-phlag_0005-c_min3max25	1600	0	6	394	0.2	1	T14	T180	4
d-phlag_0005-c_min3max25	1900	0	100	0	0.05	1	T15	T112	17
d-phlag_0005-c_min3max25	1582	18	202	198	0.2	2	T88	T120	12
d-phlag_0005-c_min3max25	4	1496	500	0	0.25	1	T138	T132	9
d-phlag_0005-c_min3max25	6	1394	600	0	0.3	2	T177	T124	35
d-phlag_0005-c_min3max25	2	1398	600	0	0.3	2	T52	T29	6
d-phlag_0005-c_min3max25	11	1689	300	0	0.15	4	T117	T95	31
d-phlag_0005-c_min3max25	1898	2	0	100	0.05	1	T20	T82	6
d-phlag_0005-c_min3max25	1596	104	0	300	0.15	1	T27	T24	14
d-phlag_0005-c_min3max25	1700	0	300	0	0.15	4	T89	T124	21
d-phlag_0005-c_min3max25	1686	14	49	251	0.15	3	T55	T68	17
d-phlag_0005-c_min3max25	1699	1	6	294	0.15	2	T198	T101	10
d-phlag_0005-c_min3max25	1	1499	500	0	0.25	1	T24	T115	23
d-phlag_0005-c_min3max25	0	1400	600	0	0.3	2	T12	T60	34
d-phlag_0005-c_min3max25	1598	2	0	400	0.2	2	T62	T40	20
d-phlag_0005-c_min3max25	0	1500	0	500	0.25	2	T112	T147	23
d-phlag_0005-c_min3max25	1568	132	300	0	0.15	1	T18	T5	33
d-phlag_0005-c_min3max25	1794	6	0	200	0.1	2	T87	T186	16
d-phlag_0005-c_min3max25	27	1873	99	1	0.05	2	T117	T71	5
d-phlag_0005-c_min3max25	1584	16	0	400	0.2	2	T129	T108	48
d-phlag_0005-c_min3max25	1464	136	15	385	0.2	2	T27	T24	14
d-phlag_0005-c_min3max25	0	1400	0	600	0.3	5	T170	T91	13
d-phlag_0005-c_min3max25	1399	1	0	600	0.3	1	T177	T109	13
d-phlag_0005-c_min3max25	36	1664	300	0	0.15	3	T80	T81	4
d-phlag_0005-c_min3max25	1696	4	28	272	0.15	2	T137	T116	39
d-phlag_0005-c_min3max25	1231	669	58	42	0.05	2	T9	T123	27
d-phlag_0005-c_min3max25	1773	27	54	146	0.1	1	T23	T171	10
d-phlag_0005-c_min3max25	1399	1	17	583	0.3	3	T113	T15	49
d-phlag_0005-c_min3max25	1400	0	545	55	0.3	1	T6	T112	2
d-phlag_0005-c_min3max25	1225	175	557	43	0.3	1	T172	T69	45
d-phlag_0005-c_min3max25	0	1900	0	100	0.05	2	T198	T61	3
d-phlag_0005-c_min3max25	1700	0	300	0	0.15	2	T110	T158	12
d-phlag_0005-c_min3max25	1600	0	400	0	0.2	2	T72	T119	16
d-phlag_0005-c_min3max25	1400	0	600	0	0.3	1	T116	T22	3
d-phlag_0005-c_min3max25	1108	392	2	498	0.25	2	T151	T134	24
d-phlag_0005-c_min3max25	1532	168	298	2	0.15	1	T79	T172	45
d-phlag_0005-c_min3max25	4	1596	400	0	0.2	2	T136	T105	40
d-phlag_0005-c_min3max25	120	1280	600	0	0.3	1	T100	T97	31
d-phlag_0005-c_min3max25	1900	0	3	97	0.05	1	T159	T40	8
d-phlag_0005-c_min3max25	1800	0	200	0	0.1	1	T192	T23	48
d-phlag_0005-c_min3max25	0	1700	299	1	0.15	2	T171	T77	31
d-phlag_0005-c_min3max25	7	1593	400	0	0.2	2	T20	T32	5
d-phlag_0005-c_min3max25	1800	0	200	0	0.1	2	T68	T97	15
d-phlag_0005-c_min3max25	1896	4	6	94	0.05	1	T115	T44	46
d-phlag_0005-c_min3max25	9	1391	600	0	0.3	3	T138	T147	38
d-phlag_0005-c_min3max25	1899	1	50	50	0.05	2	T175	T76	36
d-phlag_0005-c_min3max25	1800	0	200	0	0.1	2	T115	T44	46
d-phlag_0005-c_min3max25	1130	370	259	241	0.25	1	T169	T200	24
d-phlag_0005-c_min3max25	1473	127	353	47	0.2	2	T79	T172	45
d-phlag_0005-c_min3max25	1497	3	4	496	0.25	1	T126	T100	21
d-phlag_0005-c_min3max25	1600	0	400	0	0.2	2	T140	T102	6
d-phlag_0005-c_min3max25	1900	0	0	100	0.05	1	T62	T40	20
d-phlag_0005-c_min3max25	1797	3	7	193	0.1	1	T175	T76	36
d-phlag_0005-c_min3max25	2	1398	600	0	0.3	1	T171	T33	26
d-phlag_0005-c_min3max25	4	1396	600	0	0.3	2	T9	T124	40
d-phlag_0005-c_min3max25	1063	337	0	600	0.3	2	T53	T175	44
d-phlag_0005-c_min3max25	1415	185	219	181	0.2	2	T2	T142	34
d-phlag_0005-c_min3max25	1068	434	0	498	0.25	3	T120	T43	50
d-phlag_0005-c_min3max25	1800	0	0	200	0.1	2	T150	T171	2
d-phlag_0005-c_min3max25	1900	0	2	98	0.05	2	T71	T144	20
d-phlag_0005-c_min3max25	1793	9	9	189	0.1	3	T17	T198	23
d-phlag_0005-c_min3max25	1388	12	593	7	0.3	1	T97	T32	13
d-phlag_0005-c_min3max25	1666	34	289	11	0.15	1	T25	T44	37
d-phlag_0005-c_min3max25	1793	7	1	199	0.1	1	T70	T194	21
d-phlag_0005-c_min3max25	492	1409	99	0	0.05	3	T80	T81	4
d-phlag_0005-c_min3max25	1900	0	100	0	0.05	4	T54	T121	30
d-phlag_0005-c_min3max25	1500	0	500	0	0.25	1	T116	T22	3
d-phlag_0005-c_min3max25	1900	0	7	93	0.05	2	T109	T111	10
d-phlag_0005-c_min3max25	1400	0	600	0	0.3	4	T10	T30	10
d-phlag_0005-c_min3max25	1729	71	163	37	0.1	2	T82	T155	42
d-phlag_0005-c_min3max25	9	1791	200	0	0.1	2	T65	T142	20
d-phlag_0005-c_min3max25	1491	9	4	496	0.25	1	T32	T188	26
d-phlag_0005-c_min3max25	3	1497	500	0	0.25	2	T166	T177	30
d-phlag_0005-c_min3max25	1480	120	0	400	0.2	2	T9	T199	45
d-phlag_0005-c_min3max25	881	519	416	184	0.3	2	T139	T123	27
d-phlag_0005-c_min3max25	84	1517	390	9	0.2	3	T142	T118	9
d-phlag_0005-c_min3max25	0	1500	500	0	0.25	2	T118	T48	32
d-phlag_0005-c_min3max25	45	1457	492	6	0.25	3	T157	T198	11
d-phlag_0005-c_min3max25	10	1890	100	0	0.05	1	T171	T77	31
d-phlag_0005-c_min3max25	17	1683	300	0	0.15	1	T24	T36	47
d-phlag_0005-c_min3max25	1400	0	5	595	0.3	3	T1	T140	37
d-phlag_0005-c_min3max25	1400	0	0	600	0.3	1	T187	T11	14
d-phlag_0005-c_min3max25	0	1800	0	200	0.1	2	T58	T103	21
d-phlag_0005-c_min3max25	1399	1	10	590	0.3	3	T54	T121	30
d-phlag_0005-c_min3max25	1400	0	600	0	0.3	1	T81	T56	48
d-phlag_0005-c_min3max25	1400	0	0	600	0.3	1	T161	T158	8
d-phlag_0005-c_min3max25	1534	67	139	260	0.2	3	T14	T148	10
d-phlag_0005-c_min3max25	1789	13	132	66	0.1	3	T18	T11	48
d-phlag_0005-c_min3max25	1222	178	32	568	0.3	4	T20	T61	42
d-phlag_0005-c_min3max25	3	1397	600	0	0.3	2	T14	T127	12
d-phlag_0005-c_min3max25	0	1700	0	300	0.15	1	T82	T190	6
d-phlag_0005-c_min3max25	0	1400	0	600	0.3	2	T136	T196	28
d-phlag_0005-c_min3max25	0	1802	0	198	0.1	3	T130	T52	43
d-phlag_0005-c_min3max25	1545	55	1	399	0.2	2	T109	T76	36
d-phlag_0005-c_min3max25	28	1873	99	0	0.05	3	T117	T95	31
d-phlag_0005-c_min3max25	1800	0	0	200	0.1	5	T149	T49	21
d-phlag_0005-c_min3max25	69	1531	398	2	0.2	2	T108	T137	11
d-phlag_0005-c_min3max25	0	1500	500	0	0.25	4	T43	T21	25
d-phlag_0005-c_min3max25	1396	4	10	590	0.3	2	T25	T56	7
d-phlag_0005-c_min3max25	940	460	309	291	0.3	1	T105	T80	27
d-phlag_0005-c_min3max25	2	1598	400	0	0.2	2	T175	T194	41
d-phlag_0005-c_min3max25	2	1598	398	2	0.2	2	T24	T36	47
d-phlag_0005-c_min3max25	2	1800	198	0	0.1	3	T171	T77	31
d-phlag_0005-c_min3max25	13	1789	198	0	0.1	3	T16	T115	32
d-phlag_0005-c_min3max25	1502	0	0	498	0.25	3	T70	T7	17
d-phlag_0005-c_min3max25	0	1901	99	0	0.05	3	T70	T7	17
d-phlag_0005-c_min3max25	3	1597	400	0	0.2	1	T195	T176	34
d-phlag_0005-c_min3max25	1397	3	1	599	0.3	1	T50	T1	14
d-phlag_0005-c_min3max25	15	1685	299	1	0.15	2	T14	T180	4
d-phlag_0005-c_min3max25	1800	0	200	0	0.1	1	T132	T61	32
d-phlag_0005-c_min3max25	16	1784	200	0	0.1	1	T25	T128	30
d-phlag_0005-c_min3max25	0	1600	0	400	0.2	2	T81	T56	48
d-phlag_0005-c_min3max25	1500	0	500	0	0.25	1	T126	T75	41
d-phlag_0005-c_min3max25	3	1697	300	0	0.15	2	T53	T162	11
d-phlag_0005-c_min3max25	27	1673	300	0	0.15	3	T135	T177	4
d-phlag_0005-c_min3max25	11	1789	200	0	0.1	2	T51	T110	40
d-phlag_0005-c_min3max25	1800	0	200	0	0.1	2	T81	T56	48
d-phlag_0005-c_min3max25	1500	0	2	498	0.25	2	T174	T115	28
d-phlag_0005-c_min3max25	1600	1	3	396	0.2	3	T159	T58	33
d-phlag_0005-c_min3max25	1600	0	15	385	0.2	1	T36	T83	35
d-phlag_0005-c_min3max25	1700	0	0	300	0.15	1	T94	T180	29
d-phlag_0005-c_min3max25	0	1800	0	200	0.1	1	T24	T36	47
d-phlag_0005-c_min3max25	1598	2	1	399	0.2	1	T176	T46	37
d-phlag_0005-c_min3max25	1800	100	0	100	0.05	2	T171	T24	37
d-phlag_0005-c_min3max25	10	1690	299	1	0.15	4	T74	T152	48
d-phlag_0005-c_min3max25	1643	57	47	253	0.15	4	T142	T10	17
d-phlag_0005-c_min3max25	82	1518	400	0	0.2	1	T25	T57	1
d-phlag_0005-c_min3max25	29	1371	600	0	0.3	3	T128	T77	35
d-phlag_0005-c_min3max25	0	1500	500	0	0.25	2	T30	T18	6
d-phlag_0005-c_min3max25	42	1658	299	1	0.15	2	T179	T106	9
d-phlag_0005-c_min3max25	1495	5	6	494	0.25	4	T90	T80	40
d-phlag_0005-c_min3max25	6	1595	399	0	0.2	3	T85	T8	46
d-phlag_0005-c_min3max25	1023	777	24	176	0.1	2	T86	T33	50
d-phlag_0005-c_min3max25	8	1892	99	1	0.05	2	T112	T100	36
d-phlag_0005-c_min3max25	0	1500	500	0	0.25	1	T101	T107	17
d-phlag_0005-c_min3max25	1175	325	426	74	0.25	4	T125	T69	44
d-phlag_0005-c_min3max25	1899	1	0	100	0.05	1	T142	T118	9
d-phlag_0005-c_min3max25	3	1797	199	1	0.1	4	T30	T103	41
d-phlag_0005-c_min3max25	1239	561	158	42	0.1	2	T193	T33	50
d-phlag_0005-c_min3max25	1054	546	0	400	0.2	2	T89	T145	50
d-phlag_0005-c_min3max25	1	1899	100	0	0.05	1	T35	T184	19
d-phlag_0005-c_min3max25	1901	0	99	0	0.05	3	T152	T81	13
d-phlag_0005-c_min3max25	0	1901	0	99	0.05	3	T129	T57	11
d-phlag_0005-c_min3max25	17	1683	299	1	0.15	4	T24	T115	23
d-phlag_0005-c_min3max25	1793	7	5	195	0.1	4	T167	T124	33
d-phlag_0005-c_min3max25	2	1698	300	0	0.15	1	T170	T98	49
d-phlag_0005-c_min3max25	1697	3	9	291	0.15	3	T132	T170	11
d-phlag_0005-c_min3max25	1400	0	0	600	0.3	2	T114	T60	18
d-phlag_0005-c_min3max25	1400	0	600	0	0.3	1	T151	T102	1
d-phlag_0005-c_min3max25	0	1800	199	1	0.1	2	T117	T137	40
d-phlag_0005-c_min3max25	1543	157	288	12	0.15	1	T98	T160	45
d-phlag_0005-c_min3max25	0	1600	399	1	0.2	1	T80	T81	4
d-phlag_0005-c_min3max25	1500	0	500	0	0.25	1	T150	T36	4
d-phlag_0005-c_min3max25	49	1351	600	0	0.3	5	T170	T98	49
d-phlag_0005-c_min3max25	1355	45	600	0	0.3	1	T25	T44	37
d-phlag_0005-c_min3max25	24	1476	497	3	0.25	1	T132	T170	11
d-phlag_0005-c_min3max25	8	1592	400	0	0.2	2	T54	T121	30
d-phlag_0005-c_min3max25	1600	0	2	398	0.2	2	T84	T104	46
d-phlag_0005-c_min3max25	1896	4	1	99	0.05	4	T16	T115	32
d-phlag_0005-c_min3max25	10	1390	597	3	0.3	3	T192	T52	31
d-phlag_0005-c_min3max25	137	1263	600	0	0.3	2	T135	T161	1
d-phlag_0005-c_min3max25	1489	111	344	56	0.2	2	T55	T172	45
d-phlag_0005-c_min3max25	1861	40	96	3	0.05	3	T25	T44	37
d-phlag_0005-c_min3max25	1491	9	0	500	0.25	2	T85	T88	43
d-phlag_0005-c_min3max25	1900	0	100	0	0.05	1	T124	T144	29
d-phlag_0005-c_min3max25	254	1146	598	2	0.3	3	T172	T49	22
d-phlag_0005-c_min3max25	1800	0	200	0	0.1	1	T126	T117	39
d-phlag_0005-c_min3max25	1240	560	128	72	0.1	2	T134	T88	24
d-phlag_0005-c_min3max25	0	1800	200	0	0.1	1	T181	T21	47
d-phlag_0005-c_min3max25	29	1571	397	3	0.2	5	T7	T15	49
d-phlag_0005-c_min3max25	1700	0	300	0	0.15	2	T16	T97	15
d-phlag_0005-c_min3max25	1414	88	6	492	0.25	3	T72	T198	18
d-phlag_0005-c_min3max25	1745	55	12	188	0.1	5	T153	T30	29
d-phlag_0005-c_min3max25	651	749	257	343	0.3	2	T145	T163	24
d-phlag_0005-c_min3max25	1595	6	11	388	0.2	3	T33	T196	5
d-phlag_0005-c_min3max25	1800	0	0	200	0.1	1	T194	T198	20
d-phlag_0005-c_min3max25	0	1800	200	0	0.1	2	T111	T132	7
d-phlag_0005-c_min3max25	1399	1	14	586	0.3	2	T96	T40	35
d-phlag_0005-c_min3max25	4	1396	600	0	0.3	1	T127	T105	37
d-phlag_0005-c_min3max25	980	520	1	499	0.25	4	T19	T145	50
d-phlag_0005-c_min3max25	1900	0	100	0	0.05	2	T18	T11	48
d-phlag_0005-c_min3max25	1400	0	0	600	0.3	1	T29	T13	18
d-phlag_0005-c_min3max25	1600	0	400	0	0.2	4	T116	T22	3
d-phlag_0005-c_min3max25	1528	172	11	289	0.15	2	T20	T61	42
d-phlag_0005-c_min3max25	15	1685	298	2	0.15	3	T188	T47	18
d-phlag_0005-c_min3max25	1200	500	250	50	0.15	3	T151	T134	24
d-phlag_0005-c_min3max25	1496	4	3	497	0.25	2	T177	T109	13
d-phlag_0005-c_min3max25	30	1370	597	3	0.3	2	T65	T145	7
d-phlag_0005-c_min3max25	0	1800	200	0	0.1	2	T35	T184	19
d-phlag_0005-c_min3max25	1	1599	400	0	0.2	1	T171	T33	26
d-phlag_0005-c_min3max25	28	1474	498	0	0.25	3	T198	T61	3
d-phlag_0005-c_min3max25	1400	0	600	0	0.3	1	T185	T142	34
d-phlag_0005-c_min3max25	1749	151	0	100	0.05	1	T9	T199	45
d-phlag_0005-c_min3max25	0	1700	300	0	0.15	1	T195	T176	34
d-phlag_0005-c_min3max25	0	1600	400	0	0.2	1	T35	T184	19
d-phlag_0005-c_min3max25	1340	462	196	2	0.1	3	T58	T16	44
d-phlag_0005-c_min3max25	1800	100	100	0	0.05	2	T141	T66	42
d-phlag_0005-c_min3max25	1596	4	2	398	0.2	2	T176	T152	48
d-phlag_0005-c_min3max25	1480	22	21	477	0.25	3	T51	T80	35
d-phlag_0005-c_min3max25	0	1900	0	100	0.05	2	T103	T190	12
d-phlag_0005-c_min3max25	6	1694	300	0	0.15	1	T30	T103	41
d-phlag_0005-c_min3max25	17	1383	600	0	0.3	3	T44	T69	39
d-phlag_0005-c_min3max25	1901	0	99	0	0.05	3	T182	T200	33
d-phlag_0005-c_min3max25	1400	0	600	0	0.3	3	T193	T143	30
d-phlag_0005-c_min3max25	1899	1	5	95	0.05	2	T170	T98	49
d-phlag_0005-c_min3max25	0	1500	500	0	0.25	1	T87	T18	29
d-phlag_0005-c_min3max25	1393	7	26	574	0.3	4	T70	T194	21
d-phlag_0005-c_min3max25	1100	600	87	213	0.15	2	T193	T33	50
d-phlag_0005-c_min3max25	1700	0	300	0	0.15	1	T56	T141	20
d-phlag_0005-c_min3max25	1888	13	99	0	0.05	3	T197	T176	4
d-phlag_0005-c_min3max25	1500	0	0	500	0.25	1	T56	T112	49
d-phlag_0005-c_min3max25	830	570	39	561	0.3	4	T86	T33	50
d-phlag_0005-c_min3max25	1802	0	14	184	0.1	3	T190	T7	30
d-phlag_0005-c_min3max25	1587	13	0	400	0.2	1	T175	T76	36
d-phlag_0005-c_min3max25	1500	0	6	494	0.25	2	T59	T136	28
d-phlag_0005-c_min3max25	1669	31	0	300	0.15	1	T108	T137	11
d-phlag_0005-c_min3max25	1900	0	0	100	0.05	2	T39	T163	36
d-phlag_0005-c_min3max25	182	1318	500	0	0.25	1	T184	T14	42
d-phlag_0005-c_min3max25	2	1598	400	0	0.2	5	T30	T103	41
d-phlag_0005-c_min3max25	5	1795	200	0	0.1	4	T136	T105	40
d-phlag_0005-c_min3max25	3	1697	300	0	0.15	2	T44	T69	39
d-phlag_0005-c_min3max25	1900	0	100	0	0.05	2	T198	T101	10
d-phlag_0005-c_min3max25	1394	6	3	597	0.3	2	T167	T106	4
d-phlag_0005-c_min3max25	0	1600	398	2	0.2	2	T192	T68	26
d-phlag_0005-c_min3max25	291	1609	100	0	0.05	2	T77	T63	22
d-phlag_0005-c_min3max25	135	1465	400	0	0.2	1	T115	T44	46
d-phlag_0005-c_min3max25	1233	667	50	50	0.05	1	T86	T33	50
d-phlag_0005-c_min3max25	7	1594	399	0	0.2	3	T184	T30	49
d-phlag_0005-c_min3max25	1500	0	500	0	0.25	1	T193	T113	14
d-phlag_0005-c_min3max25	1598	2	3	397	0.2	4	T25	T128	30
d-phlag_0005-c_min3max25	0	1900	0	100	0.05	2	T125	T141	18
d-phlag_0005-c_min3max25	1800	0	200	0	0.1	2	T76	T108	32
d-phlag_0005-c_min3max25	0	1700	300	0	0.15	1	T38	T134	34
d-phlag_0005-c_min3max25	0	1500	500	0	0.25	1	T108	T86	6
d-phlag_0005-c_min3max25	857	543	379	221	0.3	4	T103	T130	27
d-phlag_0005-c_min3max25	1	1499	500	0	0.25	1	T192	T52	31
d-phlag_0005-c_min3max25	34	1666	300	0	0.15	2	T109	T71	42
d-phlag_0005-c_min3max25	1900	0	100	0	0.05	1	T116	T22	3
d-phlag_0005-c_min3max25	1224	476	0	300	0.15	2	T118	T90	50
d-phlag_0005-c_min3max25	19	1381	600	0	0.3	2	T198	T61	3
d-phlag_0005-c_min3max25	1802	0	198	0	0.1	3	T110	T158	12
d-phlag_0005-c_min3max25	1465	35	167	333	0.25	1	T113	T29	36
d-phlag_0005-c_min3max25	1653	47	0	300	0.15	2	T110	T26	2
d-phlag_0005-c_min3max25	1023	477	0	500	0.25	2	T180	T192	2
d-phlag_0005-c_min3max25	1600	0	5	395	0.2	1	T116	T9	13
d-phlag_0005-c_min3max25	2	1698	300	0	0.15	2	T198	T102	40
d-phlag_0005-c_min3max25	1900	0	100	0	0.05	1	T53	T158	43
d-phlag_0005-c_min3max25	12	1688	300	0	0.15	2	T91	T196	20
d-phlag_0005-c_min3max25	538	1063	399	0	0.2	3	T72	T198	18
d-phlag_0005-c_min3max25	1400	0	600	0	0.3	2	T68	T97	15
d-phlag_0005-c_min3max25	4	1498	496	2	0.25	3	T157	T124	33
d-phlag_0005-c_min3max25	0	1400	600	0	0.3	3	T118	T48	32
d-phlag_0005-c_min3max25	1071	629	184	116	0.15	1	T114	T186	50
d-phlag_0005-c_min3max25	5	1595	399	1	0.2	2	T182	T192	48
d-phlag_0005-c_min3max25	1493	7	4	496	0.25	4	T101	T55	1
d-phlag_0005-c_min3max25	1415	486	56	43	0.05	3	T133	T115	24
d-phlag_0005-c_min3max25	1400	0	25	575	0.3	1	T72	T198	18
d-phlag_0005-c_min3max25	1400	0	0	600	0.3	3	T38	T134	34
d-phlag_0005-c_min3max25	1599	1	0	400	0.2	1	T167	T19	2
d-phlag_0005-c_min3max25	1575	25	0	400	0.2	1	T110	T26	2
d-phlag_0005-c_min3max25	31	1369	599	1	0.3	3	T37	T24	2
d-phlag_0005-c_min3max25	1500	0	500	0	0.25	1	T38	T46	33
d-phlag_0005-c_min3max25	1700	0	300	0	0.15	2	T13	T87	5
d-phlag_0005-c_min3max25	1487	15	4	494	0.25	3	T94	T180	11
d-phlag_0005-c_min3max25	1239	661	52	48	0.05	2	T46	T167	27
d-phlag_0005-c_min3max25	1900	0	100	0	0.05	1	T181	T154	49
d-phlag_0005-c_min3max25	1901	0	99	0	0.05	3	T2	T92	9
d-phlag_0005-c_min3max25	20	1580	400	0	0.2	4	T74	T152	48
d-phlag_0005-c_min3max25	1771	129	50	50	0.05	2	T7	T48	3
d-phlag_0005-c_min3max25	0	1400	453	147	0.3	2	T170	T97	50
d-phlag_0005-c_min3max25	1596	4	0	400	0.2	1	T101	T55	1
d-phlag_0005-c_min3max25	1400	0	600	0	0.3	2	T20	T115	33
d-phlag_0005-c_min3max25	1360	442	2	196	0.1	3	T130	T4	9
d-phlag_0005-c_min3max25	60	1840	100	0	0.05	1	T179	T106	9
d-phlag_0005-c_min3max25	1900	0	100	0	0.05	2	T129	T108	48
d-phlag_0005-c_min3max25	66	1334	600	0	0.3	1	T23	T195	39
d-phlag_0005-c_min3max25	0	1800	200	0	0.1	1	T30	T18	6
d-phlag_0005-c_min3max25	1800	0	200	0	0.1	1	T17	T197	5
d-phlag_0005-c_min3max25	35	1465	500	0	0.25	1	T57	T196	42
d-phlag_0005-c_min3max25	1500	0	500	0	0.25	2	T126	T3	19
d-phlag_0005-c_min3max25	1500	0	500	0	0.25	1	T152	T81	13
d-phlag_0005-c_min3max25	1901	0	99	0	0.05	3	T29	T32	46
d-phlag_0005-c_min3max25	1698	2	0	300	0.15	2	T177	T124	35
d-phlag_0005-c_min3max25	1335	65	70	530	0.3	2	T132	T99	2
d-phlag_0005-c_min3max25	1283	417	193	107	0.15	2	T197	T36	24
d-phlag_0005-c_min3max25	4	1897	99	0	0.05	3	T192	T97	23
d-phlag_0005-c_min3max25	2	1398	600	0	0.3	1	T4	T127	47
d-phlag_0005-c_min3max25	0	1700	300	0	0.15	1	T88	T49	21
d-phlag_0005-c_min3max25	0	1700	0	300	0.15	1	T136	T196	28
d-phlag_0005-c_min3max25	79	1621	300	0	0.15	2	T70	T194	21
d-phlag_0005-c_min3max25	1582	18	0	400	0.2	2	T154	T145	14
d-phlag_0005-c_min3max25	20	1580	399	1	0.2	2	T190	T7	30
d-phlag_0005-c_min3max25	1500	0	500	0	0.25	1	T124	T144	29
d-phlag_0005-c_min3max25	8	1692	300	0	0.15	2	T50	T1	14
d-phlag_0005-c_min3max25	1801	1	0	198	0.1	3	T91	T196	20
d-phlag_0005-c_min3max25	15	1487	496	2	0.25	3	T23	T61	3
d-phlag_0005-c_min3max25	1348	454	0	198	0.1	3	T145	T172	44
d-phlag_0005-c_min3max25	1502	0	498	0	0.25	3	T6	T94	32
d-phlag_0005-c_min3max25	36	1764	200	0	0.1	2	T54	T121	30
d-phlag_0005-c_min3max25	1600	0	400	0	0.2	2	T15	T6	22
d-phlag_0005-c_min3max25	1791	9	0	200	0.1	1	T184	T189	26
d-phlag_0005-c_min3max25	20	1580	400	0	0.2	2	T73	T198	18
d-phlag_0005-c_min3max25	1883	17	4	96	0.05	2	T86	T61	13
d-phlag_0005-c_min3max25	1	1599	398	2	0.2	2	T24	T115	23
d-phlag_0005-c_min3max25	0	1600	400	0	0.2	1	T38	T134	34
d-phlag_0005-c_min3max25	1900	0	3	97	0.05	1	T76	T133	38
d-phlag_0005-c_min3max25	8	1392	600	0	0.3	4	T128	T160	5
d-phlag_0005-c_min3max25	10	1890	100	0	0.05	2	T173	T53	18
d-phlag_0005-c_min3max25	16	1684	300	0	0.15	4	T85	T88	43
d-phlag_0005-c_min3max25	1500	0	500	0	0.25	2	T36	T83	35
d-phlag_0005-c_min3max25	1400	0	600	0	0.3	3	T97	T73	23
d-phlag_0005-c_min3max25	1900	0	100	0	0.05	1	T137	T102	43
d-phlag_0005-c_min3max25	1799	1	17	183	0.1	2	T118	T135	12
d-phlag_0005-c_min3max25	1600	0	400	0	0.2	1	T193	T143	30
d-phlag_0005-c_min3max25	8	1492	500	0	0.25	1	T132	T33	5
d-phlag_0005-c_min3max25	1356	144	17	483	0.25	1	T130	T4	9
d-phlag_0005-c_min3max25	16	1884	100	0	0.05	2	T19	T7	25
d-phlag_0005-c_min3max25	764	736	23	477	0.25	2	T86	T33	50
d-phlag_0005-c_min3max25	0	1900	100	0	0.05	1	T82	T57	33
d-phlag_0005-c_min3max25	1499	1	1	499	0.25	2	T85	T8	46
d-phlag_0005-c_min3max25	1656	44	0	300	0.15	1	T18	T11	48
d-phlag_0005-c_min3max25	1800	0	0	200	0.1	1	T60	T59	31
d-phlag_0005-c_min3max25	0	1800	200	0	0.1	1	T72	T39	25
d-phlag_0005-c_min3max25	0	1400	600	0	0.3	2	T17	T127	17
d-phlag_0005-c_min3max25	1352	48	600	0	0.3	2	T178	T149	19
d-phlag_0005-c_min3max25	1400	0	0	600	0.3	1	T72	T39	25
d-phlag_0005-c_min3max25	1500	0	0	500	0.25	1	T51	T91	47
d-phlag_0005-c_min3max25	1600	0	400	0	0.2	2	T83	T45	29
d-phlag_0005-c_min3max25	1800	0	200	0	0.1	1	T140	T102	6
d-phlag_0005-c_min3max25	0	1500	500	0	0.25	1	T57	T44	14
d-phlag_0005-c_min3max25	0	1700	300	0	0.15	3	T64	T39	15
d-phlag_0005-c_min3max25	1900	0	1	99	0.05	2	T73	T127	40
d-phlag_0005-c_min3max25	1598	3	278	121	0.2	3	T18	T5	33
d-phlag_0005-c_min3max25	1500	0	1	499	0.25	1	T151	T183	29
d-phlag_0005-c_min3max25	0	1600	400	0	0.2	2	T112	T100	36
d-phlag_0005-c_min3max25	1600	0	400	0	0.2	2	T48	T185	32
d-phlag_0005-c_min3max25	1383	17	0	600	0.3	2	T184	T189	26
d-phlag_0005-c_min3max25	1169	331	4	496	0.25	1	T41	T97	24
d-phlag_0005-c_min3max25	1784	18	3	195	0.1	3	T54	T88	28
d-phlag_0005-c_min3max25	1397	3	3	597	0.3	1	T190	T7	30
d-phlag_0005-c_min3max25	1473	27	17	483	0.25	4	T171	T4	2
d-phlag_0005-c_min3max25	1600	0	400	0	0.2	2	T138	T99	25
d-phlag_0005-c_min3max25	1400	0	600	0	0.3	3	T140	T102	6
d-phlag_0005-c_min3max25	9	1691	300	0	0.15	1	T20	T32	5
d-phlag_0005-c_min3max25	1035	565	400	0	0.2	5	T70	T194	21
d-phlag_0005-c_min3max25	0	1600	400	0	0.2	1	T93	T77	36
d-phlag_0005-c_min3max25	1675	25	300	0	0.15	1	T145	T32	13
d-phlag_0005-c_min3max25	1616	186	198	0	0.1	3	T79	T172	45
d-phlag_0005-c_min3max25	1500	0	500	0	0.25	2	T98	T160	45
d-phlag_0005-c_min3max25	360	1442	198	0	0.1	3	T151	T102	1
d-phlag_0005-c_min3max25	1497	3	1	499	0.25	2	T25	T56	7
d-phlag_0005-c_min3max25	1400	0	600	0	0.3	2	T14	T148	10
d-phlag_0005-c_min3max25	0	1400	600	0	0.3	2	T199	T109	26
d-phlag_0005-c_min3max25	1502	0	498	0	0.25	3	T131	T67	38
d-phlag_0005-c_min3max25	1392	8	65	535	0.3	3	T197	T161	39
d-phlag_0005-c_min3max25	1	1899	100	0	0.05	1	T107	T198	19
d-phlag_0005-c_min3max25	5	1595	400	0	0.2	1	T70	T7	17
d-phlag_0005-c_min3max25	10	1690	296	4	0.15	2	T198	T127	38
d-phlag_0005-c_min3max25	23	1577	400	0	0.2	4	T136	T110	31
d-phlag_0005-c_min3max25	8	1492	500	0	0.25	1	T166	T34	28
d-phlag_0005-c_min3max25	54	1846	100	0	0.05	2	T138	T132	9
d-phlag_0005-c_min3max25	1700	0	0	300	0.15	4	T127	T134	40
d-phlag_0005-c_min3max25	1361	39	12	588	0.3	2	T36	T83	35
d-phlag_0005-c_min3max25	1600	0	400	0	0.2	1	T169	T25	5
d-phlag_0005-c_min3max25	1600	0	400	0	0.2	1	T195	T75	23
d-phlag_0005-c_min3max25	1800	0	200	0	0.1	2	T30	T47	37
d-phlag_0005-c_min3max25	1700	0	300	0	0.15	3	T144	T195	28
d-phlag_0005-c_min3max25	1800	0	200	0	0.1	4	T12	T59	23
d-phlag_0005-c_min3max25	3	1797	200	0	0.1	2	T56	T112	49
d-phlag_0005-c_min3max25	1502	0	498	0	0.25	3	T47	T32	26
d-phlag_0005-c_min3max25	1762	38	200	0	0.1	1	T74	T52	18
d-phlag_0005-c_min3max25	1677	23	0	300	0.15	2	T153	T30	29
d-phlag_0005-c_min3max25	0	1600	400	0	0.2	1	T2	T60	39
d-phlag_0005-c_min3max25	49	1351	590	10	0.3	2	T13	T161	23
d-phlag_0005-c_min3max25	1400	0	600	0	0.3	1	T182	T29	15
d-phlag_0005-c_min3max25	1	1799	199	1	0.1	1	T143	T121	35
d-phlag_0005-c_min3max25	0	1600	400	0	0.2	1	T140	T110	20
d-phlag_0005-c_min3max25	1278	422	218	82	0.15	3	T133	T115	24
d-phlag_0005-c_min3max25	1382	18	0	600	0.3	1	T3	T68	4
d-phlag_0005-c_min3max25	1400	0	2	598	0.3	1	T198	T101	10
d-phlag_0005-c_min3max25	3	1598	396	3	0.2	3	T76	T133	38
d-phlag_0005-c_min3max25	1594	6	25	375	0.2	4	T25	T56	7
d-phlag_0005-c_min3max25	2	1398	471	129	0.3	2	T120	T43	50
d-phlag_0005-c_min3max25	1165	335	423	77	0.25	2	T192	T160	44
d-phlag_0005-c_min3max25	1500	0	10	490	0.25	1	T23	T66	22
d-phlag_0005-c_min3max25	0	1800	200	0	0.1	2	T159	T119	22
d-phlag_0005-c_min3max25	1693	7	285	15	0.15	1	T97	T32	13
d-phlag_0005-c_min3max25	1500	0	500	0	0.25	1	T85	T31	25
d-phlag_0005-c_min3max25	4	1896	100	0	0.05	2	T38	T134	34
d-phlag_0005-c_min3max25	0	1800	200	0	0.1	1	T187	T11	14
d-phlag_0005-c_min3max25	1400	0	600	0	0.3	2	T150	T36	4
d-phlag_0005-c_min3max25	1586	14	400	0	0.2	1	T101	T126	4
d-phlag_0005-c_min3max25	1061	539	207	193	0.2	1	T77	T87	27
d-phlag_0005-c_min3max25	1378	22	600	0	0.3	1	T129	T57	11
d-phlag_0005-c_min3max25	5	1895	100	0	0.05	1	T138	T147	38
d-phlag_0005-c_min3max25	1	1599	400	0	0.2	2	T139	T88	43
d-phlag_0005-c_min3max25	1700	0	300	0	0.15	3	T194	T41	19
d-phlag_0005-c_min3max25	1600	0	400	0	0.2	4	T2	T58	17
d-phlag_0005-c_min3max25	3	1597	400	0	0.2	1	T198	T102	40
d-phlag_0005-c_min3max25	1575	25	400	0	0.2	5	T129	T57	11
d-phlag_0005-c_min3max25	638	762	0	600	0.3	2	T114	T186	50
d-phlag_0005-c_min3max25	1900	0	100	0	0.05	1	T16	T190	42
d-phlag_0005-c_min3max25	1688	12	2	298	0.15	3	T175	T76	36
d-phlag_0005-c_min3max25	1900	1	33	66	0.05	3	T167	T106	4
d-phlag_0005-c_min3max25	1589	11	5	395	0.2	1	T142	T10	17
d-phlag_0005-c_min3max25	0	1900	100	0	0.05	1	T199	T109	26
d-phlag_0005-c_min3max25	6	1894	100	0	0.05	1	T175	T194	41
d-phlag_0005-c_min3max25	1800	0	4	196	0.1	2	T140	T194	48
d-phlag_0005-c_min3max25	25	1375	600	0	0.3	1	T51	T80	35
d-phlag_0005-c_min3max25	34	1867	98	1	0.05	3	T114	T60	18
d-phlag_0005-c_min3max25	1900	0	100	0	0.05	2	T37	T28	11
d-phlag_0005-c_min3max25	0	1800	200	0	0.1	1	T88	T49	21
d-phlag_0005-c_min3max25	0	1500	0	500	0.25	1	T58	T103	21
d-phlag_0005-c_min3max25	8	1494	497	1	0.25	3	T7	T19	26
d-phlag_0005-c_min3max25	1496	4	2	498	0.25	2	T188	T47	18
d-phlag_0005-c_min3max25	1800	0	0	200	0.1	1	T138	T147	38
d-phlag_0005-c_min3max25	1725	75	200	0	0.1	1	T2	T176	20
d-phlag_0005-c_min3max25	1700	0	0	300	0.15	1	T158	T11	36
d-phlag_0005-c_min3max25	1592	108	300	0	0.15	2	T82	T155	42
d-phlag_0005-c_min3max25	4	1798	198	0	0.1	3	T174	T115	28
d-phlag_0005-c_min3max25	1734	167	99	0	0.05	3	T184	T189	26
d-phlag_0005-c_min3max25	1497	3	0	500	0.25	1	T50	T1	14
d-phlag_0005-c_min3max25	0	1800	200	0	0.1	1	T101	T107	17
d-phlag_0005-c_min3max25	0	1400	0	600	0.3	1	T16	T49	9
d-phlag_0005-c_min3max25	14	1586	400	0	0.2	1	T78	T150	47
d-phlag_0005-c_min3max25	1676	24	13	287	0.15	3	T25	T56	7
d-phlag_0005-c_min3max25	179	1321	500	0	0.25	1	T197	T161	39
d-phlag_0005-c_min3max25	957	545	329	169	0.25	3	T139	T123	27
d-phlag_0005-c_min3max25	1400	0	0	600	0.3	1	T57	T86	32
d-phlag_0005-c_min3max25	1901	0	99	0	0.05	3	T57	T177	43
d-phlag_0005-c_min3max25	1802	0	198	0	0.1	3	T20	T59	28
d-phlag_0005-c_min3max25	1696	4	116	184	0.15	2	T172	T49	22
d-phlag_0005-c_min3max25	1700	100	189	11	0.1	1	T12	T36	3
d-phlag_0005-c_min3max25	1900	0	100	0	0.05	1	T192	T23	48
d-phlag_0005-c_min3max25	15	1785	200	0	0.1	1	T161	T158	8
d-phlag_0005-c_min3max25	1900	0	100	0	0.05	1	T20	T59	28
d-phlag_0005-c_min3max25	1327	473	0	200	0.1	1	T38	T181	50
d-phlag_0005-c_min3max25	24	1676	300	0	0.15	2	T128	T77	35
d-phlag_0005-c_min3max25	1694	6	0	300	0.15	2	T29	T187	29
d-phlag_0005-c_min3max25	1451	49	0	500	0.25	1	T119	T198	9
d-phlag_0005-c_min3max25	1500	0	0	500	0.25	2	T117	T95	31
d-phlag_0005-c_min3max25	19	1681	299	1	0.15	2	T20	T124	35
d-phlag_0005-c_min3max25	0	1601	395	4	0.2	3	T171	T77	31
d-phlag_0005-c_min3max25	0	1800	199	1	0.1	2	T64	T39	15
d-phlag_0005-c_min3max25	1575	25	400	0	0.2	2	T139	T115	38
d-phlag_0005-c_min3max25	11	1689	299	1	0.15	2	T77	T112	41
d-phlag_0005-c_min3max25	2	1598	400	0	0.2	2	T165	T132	7
d-phlag_0005-c_min3max25	0	1500	500	0	0.25	1	T127	T105	37
d-phlag_0005-c_min3max25	1592	8	0	400	0.2	2	T117	T95	31
d-phlag_0005-c_min3max25	6	1894	100	0	0.05	2	T194	T198	20
d-phlag_0005-c_min3max25	1800	0	200	0	0.1	2	T193	T127	10
d-phlag_0005-c_min3max25	1799	3	3	195	0.1	3	T4	T127	47
d-phlag_0005-c_min3max25	1399	1	3	597	0.3	2	T146	T99	23
d-phlag_0005-c_min3max25	1699	1	4	296	0.15	3	T7	T19	26
d-phlag_0005-c_min3max25	1741	159	1	99	0.05	4	T173	T48	9
d-phlag_0005-c_min3max25	0	1400	600	0	0.3	1	T114	T140	37
d-phlag_0005-c_min3max25	1393	7	13	587	0.3	4	T13	T7	47
d-phlag_0005-c_min3max25	1692	8	1	299	0.15	3	T197	T176	4
d-phlag_0005-c_min3max25	1789	11	2	198	0.1	2	T72	T198	18
d-phlag_0005-c_min3max25	25	1775	197	3	0.1	4	T109	T111	10
d-phlag_0005-c_min3max25	1485	15	8	492	0.25	2	T86	T61	13
d-phlag_0005-c_min3max25	1884	16	6	94	0.05	4	T140	T194	48
d-phlag_0005-c_min3max25	1601	0	3	396	0.2	3	T29	T187	29
d-phlag_0005-c_min3max25	4	1696	300	0	0.15	1	T2	T60	39
d-phlag_0005-c_min3max25	1698	2	0	300	0.15	1	T166	T177	30
d-phlag_0005-c_min3max25	3	1697	297	3	0.15	2	T136	T110	31
d-phlag_0005-c_min3max25	1600	0	0	400	0.2	1	T108	T4	8
d-phlag_0005-c_min3max25	1777	25	198	0	0.1	3	T129	T57	11
d-phlag_0005-c_min3max25	1700	0	300	0	0.15	1	T106	T156	39
d-phlag_0005-c_min3max25	1900	0	100	0	0.05	1	T27	T24	14
d-phlag_0005-c_min3max25	1800	0	200	0	0.1	2	T47	T72	31
d-phlag_0005-c_min3max25	0	1600	0	400	0.2	2	T197	T176	4
d-phlag_0005-c_min3max25	1896	4	0	100	0.05	2	T57	T86	32
d-phlag_0005-c_min3max25	0	1800	199	1	0.1	1	T128	T160	5
d-phlag_0005-c_min3max25	0	1700	300	0	0.15	2	T194	T198	20
d-phlag_0005-c_min3max25	1600	0	0	400	0.2	1	T73	T127	40
d-phlag_0005-c_min3max25	1822	79	1	98	0.05	3	T130	T177	42
d-phlag_0005-c_min3max25	54	1547	399	0	0.2	3	T34	T40	42
d-phlag_0005-c_min3max25	50	1350	595	5	0.3	2	T7	T68	41
d-phlag_0005-c_min3max25	1599	1	6	394	0.2	1	T151	T102	1
d-phlag_0005-c_min3max25	719	681	600	0	0.3	1	T70	T115	5
d-phlag_0005-c_min3max25	1397	3	0	600	0.3	2	T77	T112	41
d-phlag_0005-c_min3max25	1400	0	0	600	0.3	1	T96	T105	47
d-phlag_0005-c_min3max25	2	1599	399	0	0.2	3	T86	T61	13
d-phlag_0005-c_min3max25	83	1517	400	0	0.2	2	T76	T57	35
d-phlag_0005-c_min3max25	1900	0	100	0	0.05	2	T73	T198	18
d-phlag_0005-c_min3max25	1700	0	300	0	0.15	2	T172	T111	6
d-phlag_0005-c_min3max25	57	1343	600	0	0.3	1	T41	T190	23
d-phlag_0005-c_min3max25	0	1400	600	0	0.3	2	T159	T8	49
d-phlag_0005-c_min3max25	32	1668	300	0	0.15	3	T87	T186	16
d-phlag_0005-c_min3max25	1800	0	200	0	0.1	1	T76	T57	35
d-phlag_0005-c_min3max25	1600	0	400	0	0.2	2	T126	T117	39
d-phlag_0005-c_min3max25	1400	0	0	600	0.3	1	T67	T68	29
d-phlag_0005-c_min3max25	1388	414	190	8	0.1	3	T41	T97	24
d-phlag_0005-c_min3max25	2	1898	100	0	0.05	2	T118	T48	32
d-phlag_0005-c_min3max25	176	1624	0	200	0.1	5	T180	T192	2
d-phlag_0005-c_min3max25	1700	0	300	0	0.15	2	T48	T185	32
d-phlag_0005-c_min3max25	1161	239	430	170	0.3	1	T44	T178	12
d-phlag_0005-c_min3max25	3	1497	500	0	0.25	2	T195	T176	34
d-phlag_0005-c_min3max25	1900	0	100	0	0.05	2	T36	T83	35
d-phlag_0005-c_min3max25	1200	500	2	298	0.15	2	T58	T16	44
d-phlag_0005-c_min3max25	1478	22	2	498	0.25	1	T146	T99	23
d-phlag_0005-c_min3max25	1693	7	10	290	0.15	1	T19	T7	25
d-phlag_0005-c_min3max25	1800	0	200	0	0.1	2	T37	T28	11
d-phlag_0005-c_min3max25	10	1891	99	0	0.05	3	T73	T179	46
d-phlag_0005-c_min3max25	0	1700	300	0	0.15	1	T138	T132	9
d-phlag_0005-c_min3max25	1694	206	83	17	0.05	2	T172	T69	45
d-phlag_0005-c_min3max25	0	1900	100	0	0.05	2	T88	T49	21
d-phlag_0005-c_min3max25	0	1800	200	0	0.1	1	T77	T112	41
d-phlag_0005-c_min3max25	1594	6	268	132	0.2	2	T6	T112	2
d-phlag_0005-c_min3max25	1697	3	90	210	0.15	4	T100	T97	31
d-phlag_0005-c_min3max25	4	1496	500	0	0.25	2	T88	T49	21
d-phlag_0005-c_min3max25	4	1796	200	0	0.1	2	T17	T127	17
d-phlag_0005-c_min3max25	1323	77	1	599	0.3	3	T185	T6	9
d-phlag_0005-c_min3max25	1765	35	200	0	0.1	2	T113	T29	36
d-phlag_0005-c_min3max25	1800	0	200	0	0.1	2	T30	T83	35
d-phlag_0005-c_min3max25	0	1900	100	0	0.05	2	T117	T137	40
d-phlag_0005-c_min3max25	1502	0	3	495	0.25	3	T200	T123	30
d-phlag_0005-c_min3max25	3	1697	300	0	0.15	1	T102	T113	10
d-phlag_0005-c_min3max25	328	1272	0	400	0.2	2	T191	T91	3
d-phlag_0005-c_min3max25	6	1894	98	2	0.05	2	T135	T177	4
d-phlag_0005-c_min3max25	10	1890	100	0	0.05	2	T131	T102	21
d-phlag_0005-c_min3max25	15	1585	397	3	0.2	2	T153	T30	29
d-phlag_0005-c_min3max25	1	1699	300	0	0.15	3	T131	T102	21
d-phlag_0005-c_min3max25	4	1596	400	0	0.2	1	T27	T15	47
d-phlag_0005-c_min3max25	1493	7	485	15	0.25	1	T97	T32	13
d-phlag_0005-c_min3max25	0	1800	0	200	0.1	1	T192	T160	44
d-phlag_0005-c_min3max25	1	1699	300	0	0.15	2	T149	T105	31
d-phlag_0005-c_min3max25	1500	0	0	500	0.25	2	T62	T40	20
d-phlag_0005-c_min3max25	1446	54	6	494	0.25	2	T132	T61	32
d-phlag_0005-c_min3max25	0	1502	0	498	0.25	3	T118	T78	17
d-phlag_0005-c_min3max25	1890	10	5	95	0.05	1	T63	T46	7
d-phlag_0005-c_min3max25	1400	0	600	0	0.3	4	T129	T95	46
d-phlag_0005-c_min3max25	0	1600	0	400	0.2	2	T145	T94	8
d-phlag_0005-c_min3max25	1700	0	0	300	0.15	1	T181	T21	47
d-phlag_0005-c_min3max25	7	1493	500	0	0.25	2	T71	T144	11
d-phlag_0005-c_min3max25	11	1789	198	2	0.1	2	T27	T15	47
d-phlag_0005-c_min3max25	1599	1	0	400	0.2	2	T23	T195	39
d-phlag_0005-c_min3max25	1399	1	2	598	0.3	5	T121	T93	5
d-phlag_0005-c_min3max25	1601	0	399	0	0.2	3	T50	T148	10
d-phlag_0005-c_min3max25	1800	0	200	0	0.1	5	T131	T67	38
d-phlag_0005-c_min3max25	0	1500	500	0	0.25	2	T139	T88	43
d-phlag_0005-c_min3max25	1586	14	2	398	0.2	1	T86	T133	46
d-phlag_0005-c_min3max25	14	1486	500	0	0.25	2	T56	T28	28
d-phlag_0005-c_min3max25	1900	0	100	0	0.05	2	T44	T178	12
d-phlag_0005-c_min3max25	34	1666	300	0	0.15	2	T7	T68	41
d-phlag_0005-c_min3max25	1500	0	15	485	0.25	1	T18	T11	48
d-phlag_0005-c_min3max25	1900	0	100	0	0.05	1	T48	T148	12
d-phlag_0005-c_min3max25	1209	291	500	0	0.25	4	T193	T127	10
d-phlag_0005-c_min3max25	1700	0	300	0	0.15	2	T169	T25	5
d-phlag_0005-c_min3max25	0	1800	200	0	0.1	1	T118	T48	32
d-phlag_0005-c_min3max25	27	1773	200	0	0.1	1	T114	T60	18
d-phlag_0005-c_min3max25	1500	0	0	500	0.25	1	T167	T124	33
d-phlag_0005-c_min3max25	5	1495	458	42	0.25	2	T15	T112	17
d-phlag_0005-c_min3max25	1788	12	0	200	0.1	1	T172	T49	22
d-phlag_0005-c_min3max25	1080	420	337	163	0.25	1	T134	T88	24
d-phlag_0005-c_min3max25	836	1065	99	0	0.05	3	T136	T110	31
d-phlag_0005-c_min3max25	0	1500	439	61	0.25	2	T72	T138	44
d-phlag_0005-c_min3max25	1500	0	0	500	0.25	1	T33	T31	19
d-phlag_0005-c_min3max25	40	1460	500	0	0.25	1	T13	T161	23
d-phlag_0005-c_min3max25	0	1600	400	0	0.2	1	T85	T79	31
d-phlag_0005-c_min3max25	1243	657	0	100	0.05	1	T19	T145	50
d-phlag_0005-c_min3max25	18	1583	399	0	0.2	3	T171	T24	37
d-phlag_0005-c_min3max25	1498	2	4	496	0.25	4	T24	T150	34
d-phlag_0005-c_min3max25	1199	303	312	186	0.25	3	T144	T28	44
d-phlag_0005-c_min3max25	1389	11	31	569	0.3	5	T133	T156	49
d-phlag_0005-c_min3max25	4	1396	599	1	0.3	1	T69	T199	8
d-phlag_0005-c_min3max25	1500	0	1	499	0.25	2	T98	T46	13
d-phlag_0005-c_min3max25	0	1500	500	0	0.25	2	T136	T105	40
d-phlag_0005-c_min3max25	0	1502	0	498	0.25	3	T130	T52	43
d-phlag_0005-c_min3max25	19	1381	598	2	0.3	3	T84	T13	33
d-phlag_0005-c_min3max25	1700	0	0	300	0.15	1	T93	T77	36
d-phlag_0005-c_min3max25	0	1600	400	0	0.2	1	T70	T151	14
d-phlag_0005-c_min3max25	1900	1	1	98	0.05	3	T191	T198	16
d-phlag_0005-c_min3max25	1500	0	500	0	0.25	1	T2	T176	20
d-phlag_0005-c_min3max25	1600	0	2	398	0.2	1	T50	T1	14
d-phlag_0005-c_min3max25	4	1496	500	0	0.25	2	T17	T198	23
d-phlag_0005-c_min3max25	1035	465	236	264	0.25	1	T85	T19	44
d-phlag_0005-c_min3max25	1500	0	0	500	0.25	2	T128	T160	5
d-phlag_0005-c_min3max25	12	1688	300	0	0.15	5	T192	T52	31
d-phlag_0005-c_min3max25	1600	0	36	364	0.2	1	T144	T46	7
d-phlag_0005-c_min3max25	1400	0	0	600	0.3	1	T104	T184	19
d-phlag_0005-c_min3max25	1286	114	0	600	0.3	4	T9	T199	45
d-phlag_0005-c_min3max25	1795	5	200	0	0.1	1	T101	T126	4
d-phlag_0005-c_min3max25	23	1677	299	1	0.15	3	T151	T183	29
d-phlag_0005-c_min3max25	1502	0	498	0	0.25	3	T179	T163	46
d-phlag_0005-c_min3max25	1900	0	100	0	0.05	4	T106	T158	43
d-phlag_0005-c_min3max25	1062	539	0	399	0.2	3	T19	T145	50
d-phlag_0005-c_min3max25	1900	0	1	99	0.05	1	T127	T105	37
d-phlag_0005-c_min3max25	1500	0	445	55	0.25	1	T6	T112	2
d-phlag_0005-c_min3max25	927	473	350	250	0.3	3	T77	T87	27
d-phlag_0005-c_min3max25	1800	0	200	0	0.1	2	T85	T31	25
d-phlag_0005-c_min3max25	145	1657	198	0	0.1	3	T109	T71	42
d-phlag_0005-c_min3max25	0	1900	0	100	0.05	2	T90	T29	12
d-phlag_0005-c_min3max25	1700	0	3	297	0.15	1	T78	T150	47
d-phlag_0005-c_min3max25	0	1900	0	100	0.05	1	T65	T181	22
d-phlag_0005-c_min3max25	1899	1	0	100	0.05	1	T2	T60	39
d-phlag_0005-c_min3max25	1800	0	200	0	0.1	2	T7	T15	49
d-phlag_0005-c_min3max25	1598	2	0	400	0.2	1	T174	T115	28
d-phlag_0005-c_min3max25	0	1502	0	498	0.25	3	T103	T190	12
d-phlag_0005-c_min3max25	1488	12	4	496	0.25	1	T113	T15	49
d-phlag_0005-c_min3max25	15	1785	200	0	0.1	1	T179	T106	9
d-phlag_0005-c_min3max25	1400	0	0	600	0.3	2	T99	T180	26
d-phlag_0005-c_min3max25	1577	123	1	299	0.15	1	T130	T4	9
d-phlag_0005-c_min3max25	1800	0	200	0	0.1	2	T2	T142	34
d-phlag_0005-c_min3max25	1080	620	162	138	0.15	4	T9	T123	27
d-phlag_0005-c_min3max25	1073	729	198	0	0.1	3	T57	T44	14
d-phlag_0005-c_min3max25	1700	0	1	299	0.15	1	T133	T156	49
d-phlag_0005-c_min3max25	1400	0	600	0	0.3	1	T182	T200	33
d-phlag_0005-c_min3max25	0	1400	600	0	0.3	1	T115	T171	15
d-phlag_0005-c_min3max25	1400	0	0	600	0.3	3	T169	T170	2
d-phlag_0005-c_min3max25	0	1400	600	0	0.3	1	T126	T142	22
d-phlag_0005-c_min3max25	24	1778	198	0	0.1	3	T1	T117	30
d-phlag_0005-c_min3max25	1400	0	1	599	0.3	2	T70	T42	16
d-phlag_0005-c_min3max25	1372	28	0	600	0.3	1	T20	T59	28
d-phlag_0005-c_min3max25	1158	242	477	123	0.3	4	T125	T69	44
d-phlag_0005-c_min3max25	1600	0	400	0	0.2	4	T71	T37	10
d-phlag_0005-c_min3max25	1387	13	0	600	0.3	2	T101	T55	1
d-phlag_0005-c_min3max25	1900	0	100	0	0.05	2	T6	T118	21
d-phlag_0005-c_min3max25	1695	5	21	279	0.15	4	T28	T86	32
d-phlag_0005-c_min3max25	1900	0	100	0	0.05	2	T15	T6	22
d-phlag_0005-c_min3max25	0	1700	0	300	0.15	1	T29	T32	46
d-phlag_0005-c_min3max25	0	1900	100	0	0.05	1	T44	T128	25
d-phlag_0005-c_min3max25	1700	0	300	0	0.15	3	T76	T108	32
d-phlag_0005-c_min3max25	1889	11	3	97	0.05	4	T32	T188	26
d-phlag_0005-c_min3max25	1500	0	0	500	0.25	1	T200	T107	33
d-phlag_0005-c_min3max25	1600	0	400	0	0.2	1	T35	T120	12
d-phlag_0005-c_min3max25	0	1400	600	0	0.3	1	T158	T11	36
d-phlag_0005-c_min3max25	1496	4	2	498	0.25	4	T140	T194	48
d-phlag_0005-c_min3max25	1400	0	600	0	0.3	1	T142	T128	6
d-phlag_0005-c_min3max25	2	1598	400	0	0.2	5	T56	T28	28
d-phlag_0005-c_min3max25	1127	373	0	500	0.25	4	T89	T145	50
d-phlag_0005-c_min3max25	1145	655	82	118	0.1	1	T114	T186	50
d-phlag_0005-c_min3max25	1900	0	100	0	0.05	1	T96	T167	14
d-phlag_0005-c_min3max25	1601	0	399	0	0.2	3	T13	T87	5
d-phlag_0005-c_min3max25	20	1380	600	0	0.3	1	T28	T86	32
d-phlag_0005-c_min3max25	1800	0	4	196	0.1	1	T181	T154	49
d-phlag_0005-c_min3max25	0	1502	498	0	0.25	3	T35	T7	16
d-phlag_0005-c_min3max25	1478	22	500	0	0.25	2	T193	T143	30
d-phlag_0005-c_min3max25	1379	21	580	20	0.3	2	T145	T94	8
d-phlag_0005-c_min3max25	1598	2	5	395	0.2	1	T197	T161	39
d-phlag_0005-c_min3max25	0	1502	0	498	0.25	3	T148	T130	43
d-phlag_0005-c_min3max25	1693	7	17	283	0.15	5	T94	T180	11
d-phlag_0005-c_min3max25	1800	0	200	0	0.1	2	T57	T177	43
d-phlag_0005-c_min3max25	133	1267	590	10	0.3	6	T175	T76	36
d-phlag_0005-c_min3max25	1589	111	296	4	0.15	3	T12	T36	3
d-phlag_0005-c_min3max25	1495	7	1	497	0.25	3	T96	T105	47
d-phlag_0005-c_min3max25	1500	0	386	114	0.25	1	T82	T190	6
d-phlag_0005-c_min3max25	6	1794	200	0	0.1	1	T148	T86	25
d-phlag_0005-c_min3max25	1400	0	0	600	0.3	1	T98	T22	41
d-phlag_0005-c_min3max25	8	1794	198	0	0.1	3	T46	T70	1
d-phlag_0005-c_min3max25	0	1500	500	0	0.25	1	T44	T128	25
d-phlag_0005-c_min3max25	895	705	319	81	0.2	1	T30	T188	44
d-phlag_0005-c_min3max25	1500	0	2	498	0.25	1	T50	T138	21
d-phlag_0005-c_min3max25	1397	3	3	597	0.3	2	T14	T180	4
d-phlag_0005-c_min3max25	1080	320	368	232	0.3	1	T150	T137	44
d-phlag_0005-c_min3max25	1900	0	100	0	0.05	5	T185	T142	34
d-phlag_0005-c_min3max25	1652	48	300	0	0.15	3	T178	T149	19
d-phlag_0005-c_min3max25	1799	1	27	173	0.1	2	T196	T8	26
d-phlag_0005-c_min3max25	1400	0	600	0	0.3	1	T6	T94	32
d-phlag_0005-c_min3max25	1600	0	400	0	0.2	2	T6	T118	21
d-phlag_0005-c_min3max25	6	1496	259	239	0.25	3	T90	T10	24
d-phlag_0005-c_min3max25	0	1600	400	0	0.2	1	T159	T119	22
d-phlag_0005-c_min3max25	0	1400	599	1	0.3	2	T109	T111	10
d-phlag_0005-c_min3max25	0	1700	0	300	0.15	1	T31	T191	25
d-phlag_0005-c_min3max25	9	1892	99	0	0.05	3	T71	T144	11
d-phlag_0005-c_min3max25	90	1310	600	0	0.3	3	T179	T106	9
d-phlag_0005-c_min3max25	0	1500	0	500	0.25	1	T29	T32	46
d-phlag_0005-c_min3max25	1423	477	0	100	0.05	1	T30	T188	44
d-phlag_0005-c_min3max25	20	1780	200	0	0.1	2	T20	T32	5
d-phlag_0005-c_min3max25	1783	117	100	0	0.05	2	T82	T155	42
d-phlag_0005-c_min3max25	1597	3	4	396	0.2	1	T181	T154	49
d-phlag_0005-c_min3max25	0	1900	99	1	0.05	2	T108	T86	6
d-phlag_0005-c_min3max25	1700	0	300	0	0.15	2	T171	T4	2
d-phlag_0005-c_min3max25	1900	0	3	97	0.05	1	T92	T64	49
d-phlag_0005-c_min3max25	1397	3	5	595	0.3	2	T7	T15	49
d-phlag_0005-c_min3max25	1578	22	392	8	0.2	1	T81	T36	13
d-phlag_0005-c_min3max25	0	1900	0	100	0.05	2	T136	T196	28
d-phlag_0005-c_min3max25	0	1900	100	0	0.05	2	T200	T123	30
d-phlag_0005-c_min3max25	1577	223	0	200	0.1	1	T172	T69	45
d-phlag_0005-c_min3max25	1800	0	200	0	0.1	2	T38	T46	33
d-phlag_0005-c_min3max25	1452	50	21	477	0.25	3	T109	T76	36
d-phlag_0005-c_min3max25	1799	1	23	177	0.1	1	T18	T5	33
d-phlag_0005-c_min3max25	1900	0	4	96	0.05	1	T13	T7	47
d-phlag_0005-c_min3max25	1900	0	100	0	0.05	1	T100	T97	31
d-phlag_0005-c_min3max25	41	1459	500	0	0.25	1	T57	T160	17
d-phlag_0005-c_min3max25	1500	0	5	495	0.25	2	T198	T101	10
d-phlag_0005-c_min3max25	176	1224	579	21	0.3	2	T96	T167	14
d-phlag_0005-c_min3max25	1900	0	8	92	0.05	1	T159	T58	33
d-phlag_0005-c_min3max25	25	1575	396	4	0.2	4	T57	T160	17
d-phlag_0005-c_min3max25	1158	542	300	0	0.15	2	T126	T100	21
d-phlag_0005-c_min3max25	15	1585	399	1	0.2	2	T60	T59	31
d-phlag_0005-c_min3max25	899	501	256	344	0.3	2	T17	T30	27
d-phlag_0005-c_min3max25	0	1601	0	399	0.2	3	T29	T32	46
d-phlag_0005-c_min3max25	1234	166	3	597	0.3	2	T32	T37	45
d-phlag_0005-c_min3max25	0	1900	100	0	0.05	5	T127	T134	40
d-phlag_0005-c_min3max25	1400	0	2	598	0.3	3	T139	T88	43
d-phlag_0005-c_min3max25	1800	0	200	0	0.1	2	T107	T167	8
d-phlag_0005-c_min3max25	14	1686	297	3	0.15	2	T37	T24	2
d-phlag_0005-c_min3max25	1144	556	208	92	0.15	1	T105	T80	27
d-phlag_0005-c_min3max25	1663	37	5	295	0.15	2	T20	T106	3
d-phlag_0005-c_min3max25	93	1607	0	300	0.15	1	T6	T128	16
d-phlag_0005-c_min3max25	1600	0	0	400	0.2	1	T56	T112	49
d-phlag_0005-c_min3max25	7	1393	600	0	0.3	1	T200	T151	14
d-phlag_0005-c_min3max25	1423	77	250	250	0.25	4	T23	T171	10
d-phlag_0005-c_min3max25	1600	0	400	0	0.2	1	T139	T175	47
d-phlag_0005-c_min3max25	1400	0	600	0	0.3	2	T126	T117	39
d-phlag_0005-c_min3max25	16	1585	399	0	0.2	3	T140	T194	48
d-phlag_0005-c_min3max25	1	1600	399	0	0.2	3	T172	T179	46
d-phlag_0005-c_min3max25	1661	39	7	293	0.15	4	T25	T57	1
d-phlag_0005-c_min3max25	1308	292	310	90	0.2	1	T125	T69	44
d-phlag_0005-c_min3max25	10	1690	300	0	0.15	3	T154	T107	48
d-phlag_0005-c_min3max25	1620	180	200	0	0.1	4	T88	T120	12
d-phlag_0005-c_min3max25	3	1497	498	2	0.25	1	T88	T180	19
d-phlag_0005-c_min3max25	1600	0	400	0	0.2	2	T136	T144	8
d-phlag_0005-c_min3max25	1788	12	0	200	0.1	1	T104	T131	1
d-phlag_0005-c_min3max25	0	1400	600	0	0.3	1	T7	T30	32
d-phlag_0005-c_min3max25	2	1398	600	0	0.3	3	T159	T119	22
d-phlag_0005-c_min3max25	1695	5	25	275	0.15	2	T96	T167	14
d-phlag_0005-c_min3max25	1500	0	500	0	0.25	2	T67	T22	3
d-phlag_0005-c_min3max25	198	1703	99	0	0.05	3	T102	T158	16
d-phlag_0005-c_min3max25	1900	0	0	100	0.05	1	T1	T117	30
d-phlag_0005-c_min3max25	1898	3	5	94	0.05	3	T107	T17	29
d-phlag_0005-c_min3max25	1667	133	196	4	0.1	2	T191	T91	3
d-phlag_0005-c_min3max25	1094	606	176	124	0.15	2	T77	T87	27
d-phlag_0005-c_min3max25	1496	4	0	500	0.25	1	T151	T102	1
d-phlag_0005-c_min3max25	1599	1	1	399	0.2	2	T53	T158	43
d-phlag_0005-c_min3max25	1904	0	96	0	0.05	6	T102	T113	10
d-phlag_0005-c_min3max25	1797	3	3	197	0.1	2	T159	T58	33
d-phlag_0005-c_min3max25	1799	1	0	200	0.1	1	T4	T5	22
d-phlag_0005-c_min3max25	1101	499	114	286	0.2	2	T193	T33	50
d-phlag_0005-c_min3max25	4	1696	296	4	0.15	1	T49	T114	30
d-phlag_0005-c_min3max25	5	1395	600	0	0.3	2	T108	T137	11
d-phlag_0005-c_min3max25	1246	554	0	200	0.1	2	T89	T145	50
d-phlag_0005-c_min3max25	1118	482	289	111	0.2	1	T134	T88	24
d-phlag_0005-c_min3max25	16	1786	198	0	0.1	3	T172	T179	46
d-phlag_0005-c_min3max25	1697	3	2	298	0.15	1	T59	T136	28
d-phlag_0005-c_min3max25	1899	1	1	99	0.05	2	T143	T121	35
d-phlag_0005-c_min3max25	41	1459	500	0	0.25	2	T23	T195	39
d-phlag_0005-c_min3max25	1400	0	428	172	0.3	2	T139	T115	38
d-phlag_0005-c_min3max25	917	683	297	103	0.2	1	T118	T90	50
d-phlag_0005-c_min3max25	1451	49	3	497	0.25	2	T153	T30	29
d-phlag_0005-c_min3max25	0	1700	300	0	0.15	1	T70	T7	17
d-phlag_0005-c_min3max25	1016	484	432	68	0.25	5	T136	T75	50
d-phlag_0005-c_min3max25	1195	307	332	166	0.25	3	T16	T97	15
d-phlag_0005-c_min3max25	1478	22	5	495	0.25	1	T141	T66	42
d-phlag_0005-c_min3max25	1146	656	137	61	0.1	3	T68	T126	37
d-phlag_0005-c_min3max25	1069	731	133	67	0.1	2	T18	T89	27
d-phlag_0005-c_min3max25	1493	9	3	495	0.25	3	T86	T59	43
d-phlag_0005-c_min3max25	1395	5	0	600	0.3	1	T63	T46	7
d-phlag_0005-c_min3max25	1709	191	0	100	0.05	2	T47	T130	45
d-phlag_0005-c_min3max25	0	1900	0	100	0.05	2	T184	T14	42
d-phlag_0005-c_min3max25	1601	0	399	0	0.2	3	T171	T4	2
d-phlag_0005-c_min3max25	1498	2	0	500	0.25	1	T177	T124	35
d-phlag_0005-c_min3max25	1796	6	3	195	0.1	3	T96	T105	47
d-phlag_0005-c_min3max25	1400	0	600	0	0.3	1	T153	T30	29
d-phlag_0005-c_min3max25	1666	134	0	200	0.1	1	T130	T177	42
d-phlag_0005-c_min3max25	1742	60	1	197	0.1	3	T197	T176	4
d-phlag_0005-c_min3max25	1700	0	300	0	0.15	2	T37	T28	11
d-phlag_0005-c_min3max25	1700	0	300	0	0.15	1	T13	T160	37
d-phlag_0005-c_min3max25	0	1600	400	0	0.2	2	T94	T171	34
d-phlag_0005-c_min3max25	1399	1	41	559	0.3	1	T27	T24	14
d-phlag_0005-c_min3max25	1325	75	600	0	0.3	1	T2	T176	20
d-phlag_0005-c_min3max25	1800	0	200	0	0.1	2	T47	T32	26
d-phlag_0005-c_min3max25	2	1598	400	0	0.2	2	T67	T68	29
d-phlag_0005-c_min3max25	14	1788	198	0	0.1	6	T10	T8	1
d-phlag_0005-c_min3max25	5	1795	200	0	0.1	1	T151	T183	29
d-phlag_0005-c_min3max25	1549	52	314	85	0.2	3	T113	T29	36
d-phlag_0005-c_min3max25	1600	0	0	400	0.2	2	T20	T124	35
d-phlag_0005-c_min3max25	1900	0	100	0	0.05	1	T51	T110	40
d-phlag_0005-c_min3max25	9	1491	499	1	0.25	2	T53	T162	11
d-phlag_0005-c_min3max25	5	1595	400	0	0.2	2	T16	T190	42
d-phlag_0005-c_min3max25	9	1591	400	0	0.2	1	T48	T177	28
d-phlag_0005-c_min3max25	1400	0	600	0	0.3	2	T14	T40	34
d-phlag_0005-c_min3max25	93	1507	0	400	0.2	2	T6	T128	16
d-phlag_0005-c_min3max25	1694	6	3	297	0.15	1	T177	T109	13
d-phlag_0005-c_min3max25	1900	0	100	0	0.05	2	T22	T11	29
d-phlag_0005-c_min3max25	1473	27	0	500	0.25	2	T130	T177	42
d-phlag_0005-c_min3max25	0	1700	300	0	0.15	1	T106	T158	8
d-phlag_0005-c_min3max25	1399	1	0	600	0.3	2	T33	T31	19
d-phlag_0005-c_min3max25	1395	5	47	553	0.3	4	T142	T10	17
d-phlag_0005-c_min3max25	1131	269	0	600	0.3	3	T145	T172	44
d-phlag_0005-c_min3max25	1866	34	8	92	0.05	1	T8	T54	38
d-phlag_0005-c_min3max25	1502	0	498	0	0.25	3	T181	T9	36
d-phlag_0005-c_min3max25	1497	5	0	498	0.25	3	T29	T187	29
d-phlag_0005-c_min3max25	1700	0	180	120	0.15	2	T17	T197	5
d-phlag_0005-c_min3max25	1600	0	210	190	0.2	2	T126	T100	21
d-phlag_0005-c_min3max25	1699	1	1	299	0.15	4	T117	T137	40
d-phlag_0005-c_min3max25	0	1500	500	0	0.25	1	T115	T171	15
d-phlag_0005-c_min3max25	1482	18	500	0	0.25	1	T101	T126	4
d-phlag_0005-c_min3max25	1187	613	48	152	0.1	4	T144	T28	44
d-phlag_0005-c_min3max25	0	1900	100	0	0.05	2	T101	T107	17
d-phlag_0005-c_min3max25	1400	0	3	597	0.3	1	T191	T161	39
d-phlag_0005-c_min3max25	1600	0	0	400	0.2	2	T58	T103	21
d-phlag_0005-c_min3max25	1700	0	0	300	0.15	1	T125	T141	18
d-phlag_0005-c_min3max25	9	1391	600	0	0.3	2	T46	T70	1
d-phlag_0005-c_min3max25	1400	0	0	600	0.3	1	T10	T8	1
d-phlag_0005-c_min3max25	30	1772	198	0	0.1	3	T71	T144	20
d-phlag_0005-c_min3max25	0	1700	300	0	0.15	1	T174	T115	28
d-phlag_0005-c_min3max25	0	1500	500	0	0.25	1	T158	T11	36
d-phlag_0005-c_min3max25	0	1700	300	0	0.15	2	T94	T171	34
d-phlag_0005-c_min3max25	1399	1	4	596	0.3	2	T8	T54	38
d-phlag_0005-c_min3max25	1797	3	0	200	0.1	1	T125	T141	18
d-phlag_0005-c_min3max25	12	1488	500	0	0.25	2	T187	T11	14
d-phlag_0005-c_min3max25	1400	0	600	0	0.3	4	T138	T99	25
d-phlag_0005-c_min3max25	1558	42	0	400	0.2	2	T166	T34	28
d-phlag_0005-c_min3max25	1400	0	600	0	0.3	1	T193	T113	14
d-phlag_0005-c_min3max25	1375	25	17	583	0.3	2	T173	T48	9
d-phlag_0005-c_min3max25	1600	0	400	0	0.2	2	T30	T47	37
d-phlag_0005-c_min3max25	3	1797	200	0	0.1	2	T111	T137	11
d-phlag_0005-c_min3max25	0	1700	300	0	0.15	1	T121	T93	5
d-phlag_0005-c_min3max25	83	1817	99	1	0.05	2	T57	T196	42
d-phlag_0005-c_min3max25	13	1587	400	0	0.2	2	T52	T29	6
d-phlag_0005-c_min3max25	1465	35	250	250	0.25	2	T14	T148	10
d-phlag_0005-c_min3max25	9	1891	100	0	0.05	2	T46	T70	1
d-phlag_0005-c_min3max25	1800	0	0	200	0.1	2	T139	T159	15
d-phlag_0005-c_min3max25	1400	0	0	600	0.3	1	T29	T187	29
d-phlag_0010-c_min25max81	1500	0	500	0	0.25	1	T10	T30	10
d-phlag_0010-c_min25max81	1859	41	0	100	0.05	1	T114	T140	37
d-phlag_0010-c_min25max81	1800	0	200	0	0.1	2	T118	T78	17
d-phlag_0010-c_min25max81	6	1694	300	0	0.15	1	T119	T198	9
d-phlag_0010-c_min25max81	1900	0	100	0	0.05	2	T8	T13	35
d-phlag_0010-c_min25max81	1481	21	498	0	0.25	3	T54	T121	30
d-phlag_0010-c_min25max81	1486	14	500	0	0.25	4	T137	T3	18
d-phlag_0010-c_min25max81	1700	0	300	0	0.15	1	T148	T130	43
d-phlag_0010-c_min25max81	1593	7	0	400	0.2	2	T200	T123	30
d-phlag_0010-c_min25max81	926	474	321	279	0.3	2	T90	T10	24
d-phlag_0010-c_min25max81	1418	382	0	200	0.1	1	T151	T134	24
d-phlag_0010-c_min25max81	1895	5	100	0	0.05	1	T193	T127	10
d-phlag_0010-c_min25max81	1890	11	1	98	0.05	3	T106	T158	8
d-phlag_0010-c_min25max81	1758	44	16	182	0.1	3	T50	T138	21
d-phlag_0010-c_min25max81	1398	2	31	569	0.3	2	T106	T158	43
d-phlag_0010-c_min25max81	1264	538	97	101	0.1	3	T46	T167	27
d-phlag_0010-c_min25max81	0	1600	400	0	0.2	1	T51	T91	47
d-phlag_0010-c_min25max81	958	442	429	171	0.3	4	T85	T19	44
d-phlag_0010-c_min25max81	1594	6	393	7	0.2	1	T137	T102	43
d-phlag_0010-c_min25max81	1470	431	83	16	0.05	3	T144	T28	44
d-phlag_0010-c_min25max81	1894	6	100	0	0.05	2	T71	T37	10
d-phlag_0010-c_min25max81	1538	62	385	15	0.2	2	T141	T66	42
d-phlag_0010-c_min25max81	1791	9	200	0	0.1	2	T124	T144	29
d-phlag_0010-c_min25max81	1802	98	0	100	0.05	2	T185	T6	9
d-phlag_0010-c_min25max81	1594	6	400	0	0.2	1	T37	T28	11
d-phlag_0010-c_min25max81	1598	2	2	398	0.2	1	T114	T152	3
d-phlag_0010-c_min25max81	1687	13	300	0	0.15	2	T137	T102	43
d-phlag_0010-c_min25max81	0	1700	300	0	0.15	1	T58	T103	21
d-phlag_0010-c_min25max81	1600	0	400	0	0.2	1	T96	T167	14
d-phlag_0010-c_min25max81	1704	96	157	43	0.1	2	T116	T22	3
d-phlag_0010-c_min25max81	1600	0	400	0	0.2	1	T7	T68	41
d-phlag_0010-c_min25max81	1500	0	484	16	0.25	1	T14	T180	4
d-phlag_0010-c_min25max81	1601	0	399	0	0.2	3	T148	T130	43
d-phlag_0010-c_min25max81	1700	0	300	0	0.15	4	T54	T88	28
d-phlag_0010-c_min25max81	1841	59	100	0	0.05	1	T168	T147	30
d-phlag_0010-c_min25max81	1500	0	0	500	0.25	1	T12	T60	34
d-phlag_0010-c_min25max81	1791	9	1	199	0.1	2	T13	T7	47
d-phlag_0010-c_min25max81	1583	17	353	47	0.2	1	T194	T41	19
d-phlag_0010-c_min25max81	1794	6	193	7	0.1	1	T137	T102	43
d-phlag_0010-c_min25max81	1594	6	400	0	0.2	1	T91	T196	20
d-phlag_0010-c_min25max81	1686	14	300	0	0.15	1	T85	T31	25
d-phlag_0010-c_min25max81	1422	478	94	6	0.05	2	T85	T19	44
d-phlag_0010-c_min25max81	1551	49	5	395	0.2	2	T59	T136	28
d-phlag_0010-c_min25max81	0	1500	500	0	0.25	1	T185	T6	9
d-phlag_0010-c_min25max81	1393	507	61	39	0.05	1	T136	T54	24
d-phlag_0010-c_min25max81	1502	0	498	0	0.25	3	T64	T181	41
d-phlag_0010-c_min25max81	1678	22	270	30	0.15	2	T150	T36	4
d-phlag_0010-c_min25max81	1580	20	400	0	0.2	2	T83	T62	47
d-phlag_0010-c_min25max81	1451	249	251	49	0.15	1	T30	T47	37
d-phlag_0010-c_min25max81	1490	10	0	500	0.25	2	T8	T54	38
d-phlag_0010-c_min25max81	1601	0	0	399	0.2	3	T12	T60	34
d-phlag_0010-c_min25max81	0	1500	0	500	0.25	1	T17	T197	5
d-phlag_0010-c_min25max81	0	1502	498	0	0.25	3	T169	T170	2
d-phlag_0010-c_min25max81	1900	0	0	100	0.05	1	T139	T102	21
d-phlag_0010-c_min25max81	1887	14	48	51	0.05	3	T7	T68	41
d-phlag_0010-c_min25max81	12	1388	587	13	0.3	3	T68	T170	41
d-phlag_0010-c_min25max81	1500	0	0	500	0.25	2	T136	T110	31
d-phlag_0010-c_min25max81	1118	582	159	141	0.15	1	T103	T130	27
d-phlag_0010-c_min25max81	1699	1	8	292	0.15	2	T98	T22	41
d-phlag_0010-c_min25max81	1222	280	426	72	0.25	3	T30	T47	37
d-phlag_0010-c_min25max81	1800	0	200	0	0.1	2	T41	T66	22
d-phlag_0010-c_min25max81	1783	17	200	0	0.1	1	T157	T198	11
d-phlag_0010-c_min25max81	1680	20	300	0	0.15	1	T1	T117	30
d-phlag_0010-c_min25max81	1901	0	99	0	0.05	3	T69	T33	19
d-phlag_0010-c_min25max81	1527	73	3	397	0.2	2	T63	T46	7
d-phlag_0010-c_min25max81	1900	0	100	0	0.05	2	T176	T152	48
d-phlag_0010-c_min25max81	1890	11	99	0	0.05	3	T138	T99	25
d-phlag_0010-c_min25max81	1456	44	487	13	0.25	1	T167	T106	4
d-phlag_0010-c_min25max81	1397	3	0	600	0.3	1	T1	T117	30
d-phlag_0010-c_min25max81	6	1895	99	0	0.05	3	T58	T103	21
d-phlag_0010-c_min25max81	1570	31	399	0	0.2	3	T125	T64	1
d-phlag_0010-c_min25max81	1700	0	300	0	0.15	1	T50	T148	10
d-phlag_0010-c_min25max81	1800	0	200	0	0.1	1	T110	T26	2
d-phlag_0010-c_min25max81	1891	9	100	0	0.05	1	T194	T41	19
d-phlag_0010-c_min25max81	1323	77	575	25	0.3	3	T31	T191	25
d-phlag_0010-c_min25max81	1207	393	269	131	0.2	2	T197	T36	24
d-phlag_0010-c_min25max81	1007	793	0	200	0.1	1	T69	T86	27
d-phlag_0010-c_min25max81	1700	0	300	0	0.15	1	T140	T194	48
d-phlag_0010-c_min25max81	1900	0	100	0	0.05	2	T110	T26	2
d-phlag_0010-c_min25max81	1855	46	99	0	0.05	3	T109	T71	42
d-phlag_0010-c_min25max81	1800	0	1	199	0.1	2	T106	T158	8
d-phlag_0010-c_min25max81	1238	462	0	300	0.15	3	T120	T43	50
d-phlag_0010-c_min25max81	1900	0	100	0	0.05	2	T14	T40	34
d-phlag_0010-c_min25max81	1066	334	433	167	0.3	1	T144	T28	44
d-phlag_0010-c_min25max81	1800	0	200	0	0.1	2	T142	T10	17
d-phlag_0010-c_min25max81	1303	97	560	40	0.3	3	T12	T36	3
d-phlag_0010-c_min25max81	1700	0	300	0	0.15	3	T69	T33	19
d-phlag_0010-c_min25max81	6	1595	382	17	0.2	3	T145	T172	44
d-phlag_0010-c_min25max81	1502	0	494	4	0.25	3	T132	T99	2
d-phlag_0010-c_min25max81	1600	0	400	0	0.2	1	T41	T66	22
d-phlag_0010-c_min25max81	1739	63	198	0	0.1	3	T86	T61	13
d-phlag_0010-c_min25max81	0	1700	300	0	0.15	1	T62	T40	20
d-phlag_0010-c_min25max81	1587	13	386	14	0.2	2	T175	T81	18
d-phlag_0010-c_min25max81	1424	76	475	25	0.25	2	T16	T49	9
d-phlag_0010-c_min25max81	1871	30	99	0	0.05	3	T166	T177	30
d-phlag_0010-c_min25max81	1793	9	198	0	0.1	3	T78	T150	47
d-phlag_0010-c_min25max81	1482	20	498	0	0.25	3	T3	T68	4
d-phlag_0010-c_min25max81	737	663	0	600	0.3	1	T69	T86	27
d-phlag_0010-c_min25max81	1900	0	100	0	0.05	2	T171	T4	2
d-phlag_0010-c_min25max81	1353	47	584	16	0.3	1	T86	T61	13
d-phlag_0010-c_min25max81	1794	6	200	0	0.1	1	T14	T148	10
d-phlag_0010-c_min25max81	1499	1	7	493	0.25	2	T8	T13	35
d-phlag_0010-c_min25max81	1092	508	0	400	0.2	2	T38	T181	50
d-phlag_0010-c_min25max81	1889	11	100	0	0.05	1	T170	T90	12
d-phlag_0010-c_min25max81	1900	0	100	0	0.05	1	T112	T147	23
d-phlag_0010-c_min25max81	1796	4	200	0	0.1	2	T72	T119	16
d-phlag_0010-c_min25max81	1309	91	0	600	0.3	2	T84	T14	45
d-phlag_0010-c_min25max81	1584	16	400	0	0.2	1	T14	T180	4
d-phlag_0010-c_min25max81	1498	2	0	500	0.25	1	T138	T132	9
d-phlag_0010-c_min25max81	1695	5	300	0	0.15	4	T117	T95	31
d-phlag_0010-c_min25max81	1900	0	100	0	0.05	1	T20	T82	6
d-phlag_0010-c_min25max81	1688	12	300	0	0.15	1	T27	T24	14
d-phlag_0010-c_min25max81	1700	0	300	0	0.15	2	T198	T101	10
d-phlag_0010-c_min25max81	1400	0	0	600	0.3	2	T12	T60	34
d-phlag_0010-c_min25max81	2	1598	400	0	0.2	2	T62	T40	20
d-phlag_0010-c_min25max81	1500	0	500	0	0.25	2	T112	T147	23
d-phlag_0010-c_min25max81	1692	8	300	0	0.15	1	T18	T5	33
d-phlag_0010-c_min25max81	1789	11	200	0	0.1	2	T87	T186	16
d-phlag_0010-c_min25max81	1588	12	400	0	0.2	2	T27	T24	14
d-phlag_0010-c_min25max81	1345	55	593	7	0.3	5	T170	T91	13
d-phlag_0010-c_min25max81	1358	42	593	7	0.3	1	T177	T109	13
d-phlag_0010-c_min25max81	1686	14	2	298	0.15	3	T80	T81	4
d-phlag_0010-c_min25max81	1279	621	64	36	0.05	2	T9	T123	27
d-phlag_0010-c_min25max81	1217	183	1	599	0.3	1	T172	T69	45
d-phlag_0010-c_min25max81	1792	108	100	0	0.05	2	T198	T61	3
d-phlag_0010-c_min25max81	1596	4	400	0	0.2	2	T72	T119	16
d-phlag_0010-c_min25max81	1306	94	550	50	0.3	1	T116	T22	3
d-phlag_0010-c_min25max81	1127	373	2	498	0.25	2	T151	T134	24
d-phlag_0010-c_min25max81	1529	171	300	0	0.15	1	T79	T172	45
d-phlag_0010-c_min25max81	1597	3	0	400	0.2	2	T136	T105	40
d-phlag_0010-c_min25max81	1895	5	3	97	0.05	1	T159	T40	8
d-phlag_0010-c_min25max81	1785	15	200	0	0.1	1	T192	T23	48
d-phlag_0010-c_min25max81	1700	0	1	299	0.15	2	T171	T77	31
d-phlag_0010-c_min25max81	4	1396	600	0	0.3	3	T138	T147	38
d-phlag_0010-c_min25max81	1136	364	267	233	0.25	1	T169	T200	24
d-phlag_0010-c_min25max81	1479	121	353	47	0.2	2	T79	T172	45
d-phlag_0010-c_min25max81	1500	0	500	0	0.25	1	T126	T100	21
d-phlag_0010-c_min25max81	0	1900	100	0	0.05	1	T62	T40	20
d-phlag_0010-c_min25max81	1400	0	0	600	0.3	1	T171	T33	26
d-phlag_0010-c_min25max81	1144	256	307	293	0.3	2	T53	T175	44
d-phlag_0010-c_min25max81	1158	344	0	498	0.25	3	T120	T43	50
d-phlag_0010-c_min25max81	1800	0	200	0	0.1	2	T150	T171	2
d-phlag_0010-c_min25max81	1400	0	593	7	0.3	1	T97	T32	13
d-phlag_0010-c_min25max81	1666	34	289	11	0.15	1	T25	T44	37
d-phlag_0010-c_min25max81	1887	14	99	0	0.05	3	T80	T81	4
d-phlag_0010-c_min25max81	1892	8	89	11	0.05	4	T54	T121	30
d-phlag_0010-c_min25max81	1407	93	444	56	0.25	1	T116	T22	3
d-phlag_0010-c_min25max81	1890	10	100	0	0.05	2	T109	T111	10
d-phlag_0010-c_min25max81	1400	0	600	0	0.3	4	T10	T30	10
d-phlag_0010-c_min25max81	1745	55	182	18	0.1	2	T82	T155	42
d-phlag_0010-c_min25max81	1470	30	500	0	0.25	2	T166	T177	30
d-phlag_0010-c_min25max81	1493	107	0	400	0.2	2	T9	T199	45
d-phlag_0010-c_min25max81	880	520	412	188	0.3	2	T139	T123	27
d-phlag_0010-c_min25max81	1537	64	365	34	0.2	3	T142	T118	9
d-phlag_0010-c_min25max81	1433	69	17	481	0.25	3	T157	T198	11
d-phlag_0010-c_min25max81	1891	9	0	100	0.05	1	T171	T77	31
d-phlag_0010-c_min25max81	1690	10	0	300	0.15	1	T24	T36	47
d-phlag_0010-c_min25max81	1400	0	0	600	0.3	3	T1	T140	37
d-phlag_0010-c_min25max81	1797	3	0	200	0.1	2	T58	T103	21
d-phlag_0010-c_min25max81	1387	13	3	597	0.3	3	T54	T121	30
d-phlag_0010-c_min25max81	1400	0	8	592	0.3	1	T161	T158	8
d-phlag_0010-c_min25max81	1595	6	399	0	0.2	3	T14	T148	10
d-phlag_0010-c_min25max81	1802	0	198	0	0.1	3	T18	T11	48
d-phlag_0010-c_min25max81	1329	71	577	23	0.3	4	T20	T61	42
d-phlag_0010-c_min25max81	1694	6	300	0	0.15	1	T82	T190	6
d-phlag_0010-c_min25max81	0	1802	0	198	0.1	3	T130	T52	43
d-phlag_0010-c_min25max81	1896	5	99	0	0.05	3	T117	T95	31
d-phlag_0010-c_min25max81	1019	381	408	192	0.3	1	T105	T80	27
d-phlag_0010-c_min25max81	1600	0	393	7	0.2	2	T24	T36	47
d-phlag_0010-c_min25max81	1802	0	198	0	0.1	3	T171	T77	31
d-phlag_0010-c_min25max81	1395	5	1	599	0.3	1	T50	T1	14
d-phlag_0010-c_min25max81	1667	33	33	267	0.15	2	T14	T180	4
d-phlag_0010-c_min25max81	1800	0	0	200	0.1	1	T25	T128	30
d-phlag_0010-c_min25max81	1500	0	500	0	0.25	1	T126	T75	41
d-phlag_0010-c_min25max81	1700	0	300	0	0.15	2	T53	T162	11
d-phlag_0010-c_min25max81	1679	21	2	298	0.15	3	T135	T177	4
d-phlag_0010-c_min25max81	1500	0	500	0	0.25	2	T174	T115	28
d-phlag_0010-c_min25max81	1600	0	400	0	0.2	1	T36	T83	35
d-phlag_0010-c_min25max81	1679	21	300	0	0.15	1	T94	T180	29
d-phlag_0010-c_min25max81	1798	2	0	200	0.1	1	T24	T36	47
d-phlag_0010-c_min25max81	1297	303	310	90	0.2	1	T176	T46	37
d-phlag_0010-c_min25max81	1626	274	97	3	0.05	2	T171	T24	37
d-phlag_0010-c_min25max81	1700	0	300	0	0.15	4	T74	T152	48
d-phlag_0010-c_min25max81	1700	0	300	0	0.15	4	T142	T10	17
d-phlag_0010-c_min25max81	0	1500	500	0	0.25	2	T30	T18	6
d-phlag_0010-c_min25max81	1678	22	5	295	0.15	2	T179	T106	9
d-phlag_0010-c_min25max81	6	1595	398	1	0.2	3	T85	T8	46
d-phlag_0010-c_min25max81	1153	647	84	116	0.1	2	T86	T33	50
d-phlag_0010-c_min25max81	1197	303	430	70	0.25	4	T125	T69	44
d-phlag_0010-c_min25max81	1770	130	86	14	0.05	1	T142	T118	9
d-phlag_0010-c_min25max81	3	1797	199	1	0.1	4	T30	T103	41
d-phlag_0010-c_min25max81	1224	576	152	48	0.1	2	T193	T33	50
d-phlag_0010-c_min25max81	1125	475	1	399	0.2	2	T89	T145	50
d-phlag_0010-c_min25max81	1900	0	100	0	0.05	1	T35	T184	19
d-phlag_0010-c_min25max81	1865	36	99	0	0.05	3	T152	T81	13
d-phlag_0010-c_min25max81	1852	49	99	0	0.05	3	T129	T57	11
d-phlag_0010-c_min25max81	1682	18	300	0	0.15	3	T132	T170	11
d-phlag_0010-c_min25max81	0	1400	600	0	0.3	2	T114	T60	18
d-phlag_0010-c_min25max81	1800	0	1	199	0.1	2	T117	T137	40
d-phlag_0010-c_min25max81	1426	274	279	21	0.15	1	T98	T160	45
d-phlag_0010-c_min25max81	8	1592	400	0	0.2	1	T80	T81	4
d-phlag_0010-c_min25max81	1466	34	487	13	0.25	1	T150	T36	4
d-phlag_0010-c_min25max81	1355	45	600	0	0.3	1	T25	T44	37
d-phlag_0010-c_min25max81	1500	0	10	490	0.25	1	T132	T170	11
d-phlag_0010-c_min25max81	1567	33	6	394	0.2	2	T54	T121	30
d-phlag_0010-c_min25max81	1400	0	600	0	0.3	3	T192	T52	31
d-phlag_0010-c_min25max81	1495	105	332	68	0.2	2	T55	T172	45
d-phlag_0010-c_min25max81	1859	42	96	3	0.05	3	T25	T44	37
d-phlag_0010-c_min25max81	1496	4	0	500	0.25	2	T85	T88	43
d-phlag_0010-c_min25max81	1900	0	100	0	0.05	1	T124	T144	29
d-phlag_0010-c_min25max81	1400	0	600	0	0.3	3	T172	T49	22
d-phlag_0010-c_min25max81	1800	0	200	0	0.1	1	T126	T117	39
d-phlag_0010-c_min25max81	1340	460	126	74	0.1	2	T134	T88	24
d-phlag_0010-c_min25max81	1793	7	200	0	0.1	1	T181	T21	47
d-phlag_0010-c_min25max81	1487	15	498	0	0.25	3	T72	T198	18
d-phlag_0010-c_min25max81	1800	0	200	0	0.1	5	T153	T30	29
d-phlag_0010-c_min25max81	883	517	380	220	0.3	2	T145	T163	24
d-phlag_0010-c_min25max81	1601	0	399	0	0.2	3	T33	T196	5
d-phlag_0010-c_min25max81	1400	0	0	600	0.3	1	T127	T105	37
d-phlag_0010-c_min25max81	1066	434	0	500	0.25	4	T19	T145	50
d-phlag_0010-c_min25max81	1900	0	100	0	0.05	2	T18	T11	48
d-phlag_0010-c_min25max81	1400	0	0	600	0.3	1	T29	T13	18
d-phlag_0010-c_min25max81	1545	55	392	8	0.2	4	T116	T22	3
d-phlag_0010-c_min25max81	1636	64	293	7	0.15	2	T20	T61	42
d-phlag_0010-c_min25max81	1678	22	3	297	0.15	3	T188	T47	18
d-phlag_0010-c_min25max81	1285	415	14	286	0.15	3	T151	T134	24
d-phlag_0010-c_min25max81	1458	42	473	27	0.25	2	T177	T109	13
d-phlag_0010-c_min25max81	1800	0	0	200	0.1	2	T35	T184	19
d-phlag_0010-c_min25max81	1600	0	400	0	0.2	1	T171	T33	26
d-phlag_0010-c_min25max81	1496	6	5	493	0.25	3	T198	T61	3
d-phlag_0010-c_min25max81	1703	197	0	100	0.05	1	T9	T199	45
d-phlag_0010-c_min25max81	1600	0	0	400	0.2	1	T35	T184	19
d-phlag_0010-c_min25max81	1394	408	196	2	0.1	3	T58	T16	44
d-phlag_0010-c_min25max81	1843	57	90	10	0.05	2	T141	T66	42
d-phlag_0010-c_min25max81	1600	0	400	0	0.2	2	T176	T152	48
d-phlag_0010-c_min25max81	1900	0	100	0	0.05	2	T103	T190	12
d-phlag_0010-c_min25max81	0	1700	300	0	0.15	1	T30	T103	41
d-phlag_0010-c_min25max81	1376	24	600	0	0.3	3	T193	T143	30
d-phlag_0010-c_min25max81	1166	534	213	87	0.15	2	T193	T33	50
d-phlag_0010-c_min25max81	1700	0	300	0	0.15	1	T56	T141	20
d-phlag_0010-c_min25max81	1676	225	99	0	0.05	3	T197	T176	4
d-phlag_0010-c_min25max81	953	447	77	523	0.3	4	T86	T33	50
d-phlag_0010-c_min25max81	1765	37	198	0	0.1	3	T190	T7	30
d-phlag_0010-c_min25max81	0	1500	494	6	0.25	2	T59	T136	28
d-phlag_0010-c_min25max81	0	1900	100	0	0.05	2	T39	T163	36
d-phlag_0010-c_min25max81	1447	53	500	0	0.25	1	T184	T14	42
d-phlag_0010-c_min25max81	0	1600	400	0	0.2	5	T30	T103	41
d-phlag_0010-c_min25max81	1800	0	200	0	0.1	4	T136	T105	40
d-phlag_0010-c_min25max81	1900	0	100	0	0.05	2	T198	T101	10
d-phlag_0010-c_min25max81	1395	5	566	34	0.3	2	T167	T106	4
d-phlag_0010-c_min25max81	1900	0	100	0	0.05	2	T77	T63	22
d-phlag_0010-c_min25max81	1278	622	58	42	0.05	1	T86	T33	50
d-phlag_0010-c_min25max81	1598	2	2	398	0.2	4	T25	T128	30
d-phlag_0010-c_min25max81	1877	23	0	100	0.05	2	T125	T141	18
d-phlag_0010-c_min25max81	1792	8	200	0	0.1	2	T76	T108	32
d-phlag_0010-c_min25max81	0	1500	500	0	0.25	1	T108	T86	6
d-phlag_0010-c_min25max81	860	540	392	208	0.3	4	T103	T130	27
d-phlag_0010-c_min25max81	1500	0	500	0	0.25	1	T192	T52	31
d-phlag_0010-c_min25max81	1656	44	300	0	0.15	2	T109	T71	42
d-phlag_0010-c_min25max81	1784	116	92	8	0.05	1	T116	T22	3
d-phlag_0010-c_min25max81	1237	463	0	300	0.15	2	T118	T90	50
d-phlag_0010-c_min25max81	1	1399	600	0	0.3	2	T198	T61	3
d-phlag_0010-c_min25max81	1700	0	300	0	0.15	2	T110	T26	2
d-phlag_0010-c_min25max81	0	1500	0	500	0.25	2	T180	T192	2
d-phlag_0010-c_min25max81	1534	66	392	8	0.2	1	T116	T9	13
d-phlag_0010-c_min25max81	1900	0	100	0	0.05	1	T53	T158	43
d-phlag_0010-c_min25max81	1694	6	300	0	0.15	2	T91	T196	20
d-phlag_0010-c_min25max81	1574	27	399	0	0.2	3	T72	T198	18
d-phlag_0010-c_min25max81	1100	600	184	116	0.15	1	T114	T186	50
d-phlag_0010-c_min25max81	1598	2	1	399	0.2	2	T182	T192	48
d-phlag_0010-c_min25max81	75	1425	500	0	0.25	4	T101	T55	1
d-phlag_0010-c_min25max81	1429	472	56	43	0.05	3	T133	T115	24
d-phlag_0010-c_min25max81	1385	15	588	12	0.3	1	T72	T198	18
d-phlag_0010-c_min25max81	1600	0	400	0	0.2	1	T110	T26	2
d-phlag_0010-c_min25max81	17	1383	599	1	0.3	3	T37	T24	2
d-phlag_0010-c_min25max81	1294	606	54	46	0.05	2	T46	T167	27
d-phlag_0010-c_min25max81	1721	180	96	3	0.05	3	T2	T92	9
d-phlag_0010-c_min25max81	1600	0	400	0	0.2	4	T74	T152	48
d-phlag_0010-c_min25max81	1802	98	94	6	0.05	2	T7	T48	3
d-phlag_0010-c_min25max81	1096	304	0	600	0.3	2	T170	T97	50
d-phlag_0010-c_min25max81	1600	0	400	0	0.2	1	T101	T55	1
d-phlag_0010-c_min25max81	1689	113	184	14	0.1	3	T130	T4	9
d-phlag_0010-c_min25max81	1871	29	0	100	0.05	1	T179	T106	9
d-phlag_0010-c_min25max81	1400	0	15	585	0.3	1	T23	T195	39
d-phlag_0010-c_min25max81	0	1800	200	0	0.1	1	T30	T18	6
d-phlag_0010-c_min25max81	1800	0	200	0	0.1	1	T17	T197	5
d-phlag_0010-c_min25max81	1361	139	0	500	0.25	1	T57	T196	42
d-phlag_0010-c_min25max81	1500	0	500	0	0.25	2	T126	T3	19
d-phlag_0010-c_min25max81	1479	21	493	7	0.25	1	T152	T81	13
d-phlag_0010-c_min25max81	1901	0	99	0	0.05	3	T29	T32	46
d-phlag_0010-c_min25max81	1400	0	596	4	0.3	2	T132	T99	2
d-phlag_0010-c_min25max81	1268	432	195	105	0.15	2	T197	T36	24
d-phlag_0010-c_min25max81	1400	0	600	0	0.3	1	T4	T127	47
d-phlag_0010-c_min25max81	1588	12	390	10	0.2	2	T154	T145	14
d-phlag_0010-c_min25max81	1569	31	377	23	0.2	2	T190	T7	30
d-phlag_0010-c_min25max81	1496	4	500	0	0.25	1	T124	T144	29
d-phlag_0010-c_min25max81	1694	6	300	0	0.15	2	T50	T1	14
d-phlag_0010-c_min25max81	1796	6	198	0	0.1	3	T91	T196	20
d-phlag_0010-c_min25max81	1449	53	2	496	0.25	3	T23	T61	3
d-phlag_0010-c_min25max81	1421	381	0	198	0.1	3	T145	T172	44
d-phlag_0010-c_min25max81	1780	20	9	191	0.1	2	T54	T121	30
d-phlag_0010-c_min25max81	1600	0	400	0	0.2	2	T73	T198	18
d-phlag_0010-c_min25max81	1854	46	0	100	0.05	2	T86	T61	13
d-phlag_0010-c_min25max81	1878	22	0	100	0.05	2	T173	T53	18
d-phlag_0010-c_min25max81	1696	4	4	296	0.15	4	T85	T88	43
d-phlag_0010-c_min25max81	1500	0	500	0	0.25	2	T36	T83	35
d-phlag_0010-c_min25max81	1400	0	597	3	0.3	3	T97	T73	23
d-phlag_0010-c_min25max81	1887	13	100	0	0.05	1	T137	T102	43
d-phlag_0010-c_min25max81	1550	50	400	0	0.2	1	T193	T143	30
d-phlag_0010-c_min25max81	1498	2	0	500	0.25	1	T132	T33	5
d-phlag_0010-c_min25max81	1394	106	55	445	0.25	1	T130	T4	9
d-phlag_0010-c_min25max81	853	647	50	450	0.25	2	T86	T33	50
d-phlag_0010-c_min25max81	1900	0	100	0	0.05	1	T82	T57	33
d-phlag_0010-c_min25max81	1499	1	1	499	0.25	2	T85	T8	46
d-phlag_0010-c_min25max81	1700	0	300	0	0.15	1	T18	T11	48
d-phlag_0010-c_min25max81	0	1500	500	0	0.25	1	T51	T91	47
d-phlag_0010-c_min25max81	1593	7	400	0	0.2	2	T83	T45	29
d-phlag_0010-c_min25max81	0	1700	300	0	0.15	3	T64	T39	15
d-phlag_0010-c_min25max81	1586	15	399	0	0.2	3	T18	T5	33
d-phlag_0010-c_min25max81	1496	4	500	0	0.25	1	T151	T183	29
d-phlag_0010-c_min25max81	1242	258	352	148	0.25	1	T41	T97	24
d-phlag_0010-c_min25max81	1397	3	3	597	0.3	1	T190	T7	30
d-phlag_0010-c_min25max81	1500	0	500	0	0.25	4	T171	T4	2
d-phlag_0010-c_min25max81	1583	17	400	0	0.2	2	T138	T99	25
d-phlag_0010-c_min25max81	1596	4	400	0	0.2	5	T70	T194	21
d-phlag_0010-c_min25max81	1600	0	0	400	0.2	1	T93	T77	36
d-phlag_0010-c_min25max81	1693	7	300	0	0.15	1	T145	T32	13
d-phlag_0010-c_min25max81	1620	182	198	0	0.1	3	T79	T172	45
d-phlag_0010-c_min25max81	1256	244	372	128	0.25	2	T98	T160	45
d-phlag_0010-c_min25max81	1394	6	600	0	0.3	2	T14	T148	10
d-phlag_0010-c_min25max81	1597	3	0	400	0.2	4	T136	T110	31
d-phlag_0010-c_min25max81	1815	85	100	0	0.05	2	T138	T132	9
d-phlag_0010-c_min25max81	1400	0	600	0	0.3	2	T36	T83	35
d-phlag_0010-c_min25max81	1517	283	181	19	0.1	2	T30	T47	37
d-phlag_0010-c_min25max81	1779	21	200	0	0.1	1	T74	T52	18
d-phlag_0010-c_min25max81	1700	0	300	0	0.15	2	T153	T30	29
d-phlag_0010-c_min25max81	1400	0	600	0	0.3	2	T13	T161	23
d-phlag_0010-c_min25max81	1343	357	217	83	0.15	3	T133	T115	24
d-phlag_0010-c_min25max81	1382	18	0	600	0.3	1	T3	T68	4
d-phlag_0010-c_min25max81	1395	5	596	4	0.3	1	T198	T101	10
d-phlag_0010-c_min25max81	1069	331	3	597	0.3	2	T120	T43	50
d-phlag_0010-c_min25max81	1490	10	477	23	0.25	2	T192	T160	44
d-phlag_0010-c_min25max81	1500	0	500	0	0.25	1	T23	T66	22
d-phlag_0010-c_min25max81	1693	7	300	0	0.15	1	T97	T32	13
d-phlag_0010-c_min25max81	1444	56	500	0	0.25	1	T85	T31	25
d-phlag_0010-c_min25max81	1361	39	600	0	0.3	2	T150	T36	4
d-phlag_0010-c_min25max81	1273	327	319	81	0.2	1	T101	T126	4
d-phlag_0010-c_min25max81	1094	506	217	183	0.2	1	T77	T87	27
d-phlag_0010-c_min25max81	1378	22	600	0	0.3	1	T129	T57	11
d-phlag_0010-c_min25max81	1898	2	0	100	0.05	1	T138	T147	38
d-phlag_0010-c_min25max81	0	1600	400	0	0.2	2	T139	T88	43
d-phlag_0010-c_min25max81	1691	9	300	0	0.15	3	T194	T41	19
d-phlag_0010-c_min25max81	0	1600	0	400	0.2	5	T129	T57	11
d-phlag_0010-c_min25max81	990	410	414	186	0.3	2	T114	T186	50
d-phlag_0010-c_min25max81	1830	70	18	82	0.05	1	T16	T190	42
d-phlag_0010-c_min25max81	1865	36	86	13	0.05	3	T167	T106	4
d-phlag_0010-c_min25max81	1600	0	400	0	0.2	1	T142	T10	17
d-phlag_0010-c_min25max81	1800	0	200	0	0.1	2	T140	T194	48
d-phlag_0010-c_min25max81	1885	16	3	96	0.05	3	T114	T60	18
d-phlag_0010-c_min25max81	1894	6	100	0	0.05	2	T37	T28	11
d-phlag_0010-c_min25max81	1	1499	500	0	0.25	1	T58	T103	21
d-phlag_0010-c_min25max81	1495	5	0	500	0.25	2	T188	T47	18
d-phlag_0010-c_min25max81	1800	0	0	200	0.1	1	T138	T147	38
d-phlag_0010-c_min25max81	1794	6	200	0	0.1	1	T2	T176	20
d-phlag_0010-c_min25max81	0	1700	300	0	0.15	1	T158	T11	36
d-phlag_0010-c_min25max81	1664	36	300	0	0.15	2	T82	T155	42
d-phlag_0010-c_min25max81	1802	0	198	0	0.1	3	T174	T115	28
d-phlag_0010-c_min25max81	1484	16	1	499	0.25	1	T50	T1	14
d-phlag_0010-c_min25max81	1359	41	549	51	0.3	1	T16	T49	9
d-phlag_0010-c_min25max81	1587	13	0	400	0.2	1	T78	T150	47
d-phlag_0010-c_min25max81	963	539	335	163	0.25	3	T139	T123	27
d-phlag_0010-c_min25max81	1879	22	89	10	0.05	3	T57	T177	43
d-phlag_0010-c_min25max81	1700	0	300	0	0.15	2	T172	T49	22
d-phlag_0010-c_min25max81	1696	104	189	11	0.1	1	T12	T36	3
d-phlag_0010-c_min25max81	1885	15	100	0	0.05	1	T192	T23	48
d-phlag_0010-c_min25max81	1790	10	200	0	0.1	1	T161	T158	8
d-phlag_0010-c_min25max81	1320	480	0	200	0.1	1	T38	T181	50
d-phlag_0010-c_min25max81	0	1500	486	14	0.25	1	T119	T198	9
d-phlag_0010-c_min25max81	1500	0	500	0	0.25	2	T117	T95	31
d-phlag_0010-c_min25max81	1601	0	399	0	0.2	3	T171	T77	31
d-phlag_0010-c_min25max81	1492	8	0	500	0.25	1	T127	T105	37
d-phlag_0010-c_min25max81	25	1575	400	0	0.2	2	T117	T95	31
d-phlag_0010-c_min25max81	1781	19	200	0	0.1	2	T193	T127	10
d-phlag_0010-c_min25max81	1802	0	198	0	0.1	3	T4	T127	47
d-phlag_0010-c_min25max81	1711	189	0	100	0.05	4	T173	T48	9
d-phlag_0010-c_min25max81	0	1400	600	0	0.3	1	T114	T140	37
d-phlag_0010-c_min25max81	1392	8	12	588	0.3	4	T13	T7	47
d-phlag_0010-c_min25max81	1629	71	14	286	0.15	3	T197	T176	4
d-phlag_0010-c_min25max81	1791	9	200	0	0.1	2	T72	T198	18
d-phlag_0010-c_min25max81	1790	10	200	0	0.1	4	T109	T111	10
d-phlag_0010-c_min25max81	1437	63	500	0	0.25	2	T86	T61	13
d-phlag_0010-c_min25max81	1900	0	100	0	0.05	4	T140	T194	48
d-phlag_0010-c_min25max81	1674	26	300	0	0.15	1	T166	T177	30
d-phlag_0010-c_min25max81	1700	0	6	294	0.15	2	T136	T110	31
d-phlag_0010-c_min25max81	0	1600	400	0	0.2	1	T108	T4	8
d-phlag_0010-c_min25max81	1777	25	198	0	0.1	3	T129	T57	11
d-phlag_0010-c_min25max81	1860	40	100	0	0.05	1	T27	T24	14
d-phlag_0010-c_min25max81	0	1600	0	400	0.2	2	T197	T176	4
d-phlag_0010-c_min25max81	1636	265	3	96	0.05	3	T130	T177	42
d-phlag_0010-c_min25max81	1583	18	0	399	0.2	3	T34	T40	42
d-phlag_0010-c_min25max81	1394	6	2	598	0.3	2	T7	T68	41
d-phlag_0010-c_min25max81	1391	9	600	0	0.3	1	T96	T105	47
d-phlag_0010-c_min25max81	1569	32	8	391	0.2	3	T86	T61	13
d-phlag_0010-c_min25max81	1600	0	400	0	0.2	2	T76	T57	35
d-phlag_0010-c_min25max81	1873	27	100	0	0.05	2	T73	T198	18
d-phlag_0010-c_min25max81	1400	0	0	600	0.3	2	T159	T8	49
d-phlag_0010-c_min25max81	1689	11	300	0	0.15	3	T87	T186	16
d-phlag_0010-c_min25max81	1800	0	200	0	0.1	1	T76	T57	35
d-phlag_0010-c_min25max81	1596	4	400	0	0.2	2	T126	T117	39
d-phlag_0010-c_min25max81	1400	0	600	0	0.3	1	T67	T68	29
d-phlag_0010-c_min25max81	1394	408	190	8	0.1	3	T41	T97	24
d-phlag_0010-c_min25max81	745	1055	41	159	0.1	5	T180	T192	2
d-phlag_0010-c_min25max81	1900	0	100	0	0.05	2	T36	T83	35
d-phlag_0010-c_min25max81	1311	389	282	18	0.15	2	T58	T16	44
d-phlag_0010-c_min25max81	1794	6	200	0	0.1	2	T37	T28	11
d-phlag_0010-c_min25max81	1898	3	0	99	0.05	3	T73	T179	46
d-phlag_0010-c_min25max81	1680	20	0	300	0.15	1	T138	T132	9
d-phlag_0010-c_min25max81	1694	206	83	17	0.05	2	T172	T69	45
d-phlag_0010-c_min25max81	9	1391	599	1	0.3	3	T185	T6	9
d-phlag_0010-c_min25max81	1800	0	200	0	0.1	2	T30	T83	35
d-phlag_0010-c_min25max81	1899	1	0	100	0.05	2	T117	T137	40
d-phlag_0010-c_min25max81	1495	7	3	495	0.25	3	T200	T123	30
d-phlag_0010-c_min25max81	1522	78	370	30	0.2	2	T191	T91	3
d-phlag_0010-c_min25max81	1857	43	2	98	0.05	2	T135	T177	4
d-phlag_0010-c_min25max81	0	1900	100	0	0.05	2	T131	T102	21
d-phlag_0010-c_min25max81	1600	0	400	0	0.2	2	T153	T30	29
d-phlag_0010-c_min25max81	1699	1	1	299	0.15	3	T131	T102	21
d-phlag_0010-c_min25max81	1493	7	500	0	0.25	1	T97	T32	13
d-phlag_0010-c_min25max81	1427	373	171	29	0.1	1	T192	T160	44
d-phlag_0010-c_min25max81	1500	0	0	500	0.25	2	T62	T40	20
d-phlag_0010-c_min25max81	0	1502	0	498	0.25	3	T118	T78	17
d-phlag_0010-c_min25max81	1900	0	100	0	0.05	1	T63	T46	7
d-phlag_0010-c_min25max81	1555	45	393	7	0.2	2	T145	T94	8
d-phlag_0010-c_min25max81	1700	0	0	300	0.15	1	T181	T21	47
d-phlag_0010-c_min25max81	7	1493	500	0	0.25	2	T71	T144	11
d-phlag_0010-c_min25max81	1600	0	400	0	0.2	2	T23	T195	39
d-phlag_0010-c_min25max81	1595	6	399	0	0.2	3	T50	T148	10
d-phlag_0010-c_min25max81	1500	0	0	500	0.25	2	T139	T88	43
d-phlag_0010-c_min25max81	1600	0	400	0	0.2	1	T86	T133	46
d-phlag_0010-c_min25max81	1700	0	300	0	0.15	2	T7	T68	41
d-phlag_0010-c_min25max81	1500	0	500	0	0.25	1	T18	T11	48
d-phlag_0010-c_min25max81	1477	23	500	0	0.25	4	T193	T127	10
d-phlag_0010-c_min25max81	1784	16	0	200	0.1	1	T114	T60	18
d-phlag_0010-c_min25max81	1800	0	200	0	0.1	1	T172	T49	22
d-phlag_0010-c_min25max81	1111	389	354	146	0.25	1	T134	T88	24
d-phlag_0010-c_min25max81	1891	10	99	0	0.05	3	T136	T110	31
d-phlag_0010-c_min25max81	1299	201	2	498	0.25	2	T72	T138	44
d-phlag_0010-c_min25max81	1500	0	0	500	0.25	1	T33	T31	19
d-phlag_0010-c_min25max81	1500	0	500	0	0.25	1	T13	T161	23
d-phlag_0010-c_min25max81	1363	537	95	5	0.05	1	T19	T145	50
d-phlag_0010-c_min25max81	1542	59	2	397	0.2	3	T171	T24	37
d-phlag_0010-c_min25max81	1191	311	324	174	0.25	3	T144	T28	44
d-phlag_0010-c_min25max81	1400	0	4	596	0.3	1	T69	T199	8
d-phlag_0010-c_min25max81	23	1477	499	1	0.25	2	T98	T46	13
d-phlag_0010-c_min25max81	1500	0	1	499	0.25	2	T136	T105	40
d-phlag_0010-c_min25max81	1481	21	498	0	0.25	3	T130	T52	43
d-phlag_0010-c_min25max81	1700	0	0	300	0.15	1	T93	T77	36
d-phlag_0010-c_min25max81	1600	0	0	400	0.2	1	T70	T151	14
d-phlag_0010-c_min25max81	1584	16	2	398	0.2	1	T50	T1	14
d-phlag_0010-c_min25max81	1133	367	390	110	0.25	1	T85	T19	44
d-phlag_0010-c_min25max81	1691	9	1	299	0.15	5	T192	T52	31
d-phlag_0010-c_min25max81	1600	0	400	0	0.2	1	T144	T46	7
d-phlag_0010-c_min25max81	1400	0	0	600	0.3	1	T104	T184	19
d-phlag_0010-c_min25max81	5	1395	600	0	0.3	4	T9	T199	45
d-phlag_0010-c_min25max81	1426	374	159	41	0.1	1	T101	T126	4
d-phlag_0010-c_min25max81	1700	0	300	0	0.15	3	T151	T183	29
d-phlag_0010-c_min25max81	1502	0	498	0	0.25	3	T179	T163	46
d-phlag_0010-c_min25max81	1900	0	100	0	0.05	4	T106	T158	43
d-phlag_0010-c_min25max81	1121	480	0	399	0.2	3	T19	T145	50
d-phlag_0010-c_min25max81	1795	105	1	99	0.05	1	T127	T105	37
d-phlag_0010-c_min25max81	977	423	363	237	0.3	3	T77	T87	27
d-phlag_0010-c_min25max81	1786	14	200	0	0.1	2	T85	T31	25
d-phlag_0010-c_min25max81	1758	44	198	0	0.1	3	T109	T71	42
d-phlag_0010-c_min25max81	1900	0	3	97	0.05	2	T90	T29	12
d-phlag_0010-c_min25max81	1691	9	300	0	0.15	1	T78	T150	47
d-phlag_0010-c_min25max81	1600	0	400	0	0.2	1	T174	T115	28
d-phlag_0010-c_min25max81	1502	0	498	0	0.25	3	T103	T190	12
d-phlag_0010-c_min25max81	8	1792	200	0	0.1	1	T179	T106	9
d-phlag_0010-c_min25max81	1578	122	32	268	0.15	1	T130	T4	9
d-phlag_0010-c_min25max81	1097	603	179	121	0.15	4	T9	T123	27
d-phlag_0010-c_min25max81	1400	0	0	600	0.3	3	T169	T170	2
d-phlag_0010-c_min25max81	1400	0	2	598	0.3	1	T126	T142	22
d-phlag_0010-c_min25max81	1792	10	198	0	0.1	3	T1	T117	30
d-phlag_0010-c_min25max81	1400	0	1	599	0.3	2	T70	T42	16
d-phlag_0010-c_min25max81	1174	226	458	142	0.3	4	T125	T69	44
d-phlag_0010-c_min25max81	1600	0	394	6	0.2	4	T71	T37	10
d-phlag_0010-c_min25max81	1394	6	600	0	0.3	2	T101	T55	1
d-phlag_0010-c_min25max81	1700	0	300	0	0.15	1	T29	T32	46
d-phlag_0010-c_min25max81	1700	0	300	0	0.15	3	T76	T108	32
d-phlag_0010-c_min25max81	0	1500	500	0	0.25	1	T200	T107	33
d-phlag_0010-c_min25max81	1400	0	0	600	0.3	1	T158	T11	36
d-phlag_0010-c_min25max81	1496	4	2	498	0.25	4	T140	T194	48
d-phlag_0010-c_min25max81	1184	316	3	497	0.25	4	T89	T145	50
d-phlag_0010-c_min25max81	1243	557	105	95	0.1	1	T114	T186	50
d-phlag_0010-c_min25max81	1900	0	100	0	0.05	1	T96	T167	14
d-phlag_0010-c_min25max81	0	1502	498	0	0.25	3	T35	T7	16
d-phlag_0010-c_min25max81	1372	28	581	19	0.3	2	T145	T94	8
d-phlag_0010-c_min25max81	1502	0	498	0	0.25	3	T148	T130	43
d-phlag_0010-c_min25max81	1781	19	200	0	0.1	2	T57	T177	43
d-phlag_0010-c_min25max81	1596	104	300	0	0.15	3	T12	T36	3
d-phlag_0010-c_min25max81	1496	6	1	497	0.25	3	T96	T105	47
d-phlag_0010-c_min25max81	1472	28	454	46	0.25	1	T82	T190	6
d-phlag_0010-c_min25max81	1400	0	600	0	0.3	1	T98	T22	41
d-phlag_0010-c_min25max81	1308	292	338	62	0.2	1	T30	T188	44
d-phlag_0010-c_min25max81	1491	9	2	498	0.25	1	T50	T138	21
d-phlag_0010-c_min25max81	1384	16	600	0	0.3	2	T14	T180	4
d-phlag_0010-c_min25max81	1065	335	360	240	0.3	1	T150	T137	44
d-phlag_0010-c_min25max81	1788	12	200	0	0.1	2	T196	T8	26
d-phlag_0010-c_min25max81	1011	491	99	399	0.25	3	T90	T10	24
d-phlag_0010-c_min25max81	1400	0	11	589	0.3	2	T109	T111	10
d-phlag_0010-c_min25max81	1645	55	294	6	0.15	1	T31	T191	25
d-phlag_0010-c_min25max81	1882	19	99	0	0.05	3	T71	T144	11
d-phlag_0010-c_min25max81	1400	0	78	522	0.3	3	T179	T106	9
d-phlag_0010-c_min25max81	1500	0	500	0	0.25	1	T29	T32	46
d-phlag_0010-c_min25max81	1433	467	72	28	0.05	1	T30	T188	44
d-phlag_0010-c_min25max81	1838	62	100	0	0.05	2	T82	T155	42
d-phlag_0010-c_min25max81	1900	0	100	0	0.05	2	T108	T86	6
d-phlag_0010-c_min25max81	1700	0	300	0	0.15	2	T171	T4	2
d-phlag_0010-c_min25max81	1578	22	390	10	0.2	1	T81	T36	13
d-phlag_0010-c_min25max81	1885	15	1	99	0.05	2	T200	T123	30
d-phlag_0010-c_min25max81	1632	168	178	22	0.1	1	T172	T69	45
d-phlag_0010-c_min25max81	1792	8	200	0	0.1	1	T18	T5	33
d-phlag_0010-c_min25max81	1859	41	0	100	0.05	1	T13	T7	47
d-phlag_0010-c_min25max81	1500	0	500	0	0.25	2	T198	T101	10
d-phlag_0010-c_min25max81	1400	0	600	0	0.3	2	T96	T167	14
d-phlag_0010-c_min25max81	1700	0	300	0	0.15	2	T126	T100	21
d-phlag_0010-c_min25max81	958	442	377	223	0.3	2	T17	T30	27
d-phlag_0010-c_min25max81	1601	0	399	0	0.2	3	T29	T32	46
d-phlag_0010-c_min25max81	1139	261	6	594	0.3	2	T32	T37	45
d-phlag_0010-c_min25max81	1390	10	600	0	0.3	3	T139	T88	43
d-phlag_0010-c_min25max81	1800	0	200	0	0.1	2	T107	T167	8
d-phlag_0010-c_min25max81	1699	1	1	299	0.15	2	T37	T24	2
d-phlag_0010-c_min25max81	1144	556	208	92	0.15	1	T105	T80	27
d-phlag_0010-c_min25max81	1620	80	5	295	0.15	2	T20	T106	3
d-phlag_0010-c_min25max81	1696	4	300	0	0.15	1	T6	T128	16
d-phlag_0010-c_min25max81	0	1400	600	0	0.3	1	T200	T151	14
d-phlag_0010-c_min25max81	1584	16	390	10	0.2	1	T139	T175	47
d-phlag_0010-c_min25max81	1400	0	600	0	0.3	2	T126	T117	39
d-phlag_0010-c_min25max81	1599	2	4	395	0.2	3	T140	T194	48
d-phlag_0010-c_min25max81	1	1600	399	0	0.2	3	T172	T179	46
d-phlag_0010-c_min25max81	1312	288	311	89	0.2	1	T125	T69	44
d-phlag_0010-c_min25max81	1700	0	300	0	0.15	3	T154	T107	48
d-phlag_0010-c_min25max81	1524	76	400	0	0.2	2	T136	T144	8
d-phlag_0010-c_min25max81	1256	544	13	187	0.1	1	T104	T131	1
d-phlag_0010-c_min25max81	1695	5	25	275	0.15	2	T96	T167	14
d-phlag_0010-c_min25max81	1364	136	476	24	0.25	2	T67	T22	3
d-phlag_0010-c_min25max81	1893	8	0	99	0.05	3	T102	T158	16
d-phlag_0010-c_min25max81	1890	10	100	0	0.05	1	T1	T117	30
d-phlag_0010-c_min25max81	1699	101	195	5	0.1	2	T191	T91	3
d-phlag_0010-c_min25max81	1123	577	180	120	0.15	2	T77	T87	27
d-phlag_0010-c_min25max81	1600	0	400	0	0.2	2	T53	T158	43
d-phlag_0010-c_min25max81	1160	440	252	148	0.2	2	T193	T33	50
d-phlag_0010-c_min25max81	1698	2	0	300	0.15	1	T49	T114	30
d-phlag_0010-c_min25max81	1299	501	145	55	0.1	2	T89	T145	50
d-phlag_0010-c_min25max81	1157	443	292	108	0.2	1	T134	T88	24
d-phlag_0010-c_min25max81	1802	0	0	198	0.1	3	T172	T179	46
d-phlag_0010-c_min25max81	1699	1	2	298	0.15	1	T59	T136	28
d-phlag_0010-c_min25max81	1499	1	0	500	0.25	2	T23	T195	39
d-phlag_0010-c_min25max81	1229	371	0	400	0.2	1	T118	T90	50
d-phlag_0010-c_min25max81	1500	0	500	0	0.25	2	T153	T30	29
d-phlag_0010-c_min25max81	1068	432	0	500	0.25	5	T136	T75	50
d-phlag_0010-c_min25max81	1415	85	491	9	0.25	1	T141	T66	42
d-phlag_0010-c_min25max81	351	1451	0	198	0.1	3	T68	T126	37
d-phlag_0010-c_min25max81	1088	712	130	70	0.1	2	T18	T89	27
d-phlag_0010-c_min25max81	0	1502	495	3	0.25	3	T86	T59	43
d-phlag_0010-c_min25max81	0	1400	578	22	0.3	1	T63	T46	7
d-phlag_0010-c_min25max81	1708	192	0	100	0.05	2	T47	T130	45
d-phlag_0010-c_min25max81	1847	53	100	0	0.05	2	T184	T14	42
d-phlag_0010-c_min25max81	1601	0	399	0	0.2	3	T171	T4	2
d-phlag_0010-c_min25max81	7	1795	197	1	0.1	3	T96	T105	47
d-phlag_0010-c_min25max81	1380	20	0	600	0.3	1	T153	T30	29
d-phlag_0010-c_min25max81	1630	170	0	200	0.1	1	T130	T177	42
d-phlag_0010-c_min25max81	98	1704	0	198	0.1	3	T197	T176	4
d-phlag_0010-c_min25max81	1694	6	300	0	0.15	2	T37	T28	11
d-phlag_0010-c_min25max81	1463	237	285	15	0.15	1	T13	T160	37
d-phlag_0010-c_min25max81	1378	22	584	16	0.3	1	T27	T24	14
d-phlag_0010-c_min25max81	1400	0	600	0	0.3	1	T2	T176	20
d-phlag_0010-c_min25max81	12	1588	400	0	0.2	2	T67	T68	29
d-phlag_0010-c_min25max81	1796	6	4	194	0.1	6	T10	T8	1
d-phlag_0010-c_min25max81	1800	0	200	0	0.1	1	T151	T183	29
d-phlag_0010-c_min25max81	0	1500	500	0	0.25	2	T53	T162	11
d-phlag_0010-c_min25max81	1556	44	368	32	0.2	2	T16	T190	42
d-phlag_0010-c_min25max81	1400	0	600	0	0.3	2	T14	T40	34
d-phlag_0010-c_min25max81	1600	0	387	13	0.2	2	T6	T128	16
d-phlag_0010-c_min25max81	1665	35	0	300	0.15	1	T177	T109	13
d-phlag_0010-c_min25max81	1426	74	3	497	0.25	2	T130	T177	42
d-phlag_0010-c_min25max81	1684	16	300	0	0.15	1	T106	T158	8
d-phlag_0010-c_min25max81	1400	0	600	0	0.3	2	T33	T31	19
d-phlag_0010-c_min25max81	1400	0	600	0	0.3	4	T142	T10	17
d-phlag_0010-c_min25max81	1190	210	0	600	0.3	3	T145	T172	44
d-phlag_0010-c_min25max81	1900	0	100	0	0.05	1	T8	T54	38
d-phlag_0010-c_min25max81	1700	0	300	0	0.15	2	T17	T197	5
d-phlag_0010-c_min25max81	1600	0	400	0	0.2	2	T126	T100	21
d-phlag_0010-c_min25max81	1699	1	1	299	0.15	4	T117	T137	40
d-phlag_0010-c_min25max81	1445	55	480	20	0.25	1	T101	T126	4
d-phlag_0010-c_min25max81	1392	408	150	50	0.1	4	T144	T28	44
d-phlag_0010-c_min25max81	1600	0	0	400	0.2	2	T58	T103	21
d-phlag_0010-c_min25max81	1700	0	0	300	0.15	1	T125	T141	18
d-phlag_0010-c_min25max81	1400	0	600	0	0.3	1	T10	T8	1
d-phlag_0010-c_min25max81	1700	0	300	0	0.15	1	T174	T115	28
d-phlag_0010-c_min25max81	0	1500	500	0	0.25	1	T158	T11	36
d-phlag_0010-c_min25max81	1400	0	600	0	0.3	2	T8	T54	38
d-phlag_0010-c_min25max81	0	1800	0	200	0.1	1	T125	T141	18
d-phlag_0010-c_min25max81	1389	11	600	0	0.3	4	T138	T99	25
d-phlag_0010-c_min25max81	8	1392	580	20	0.3	2	T173	T48	9
d-phlag_0010-c_min25max81	1346	254	361	39	0.2	2	T30	T47	37
d-phlag_0010-c_min25max81	1586	314	88	12	0.05	2	T57	T196	42
d-phlag_0010-c_min25max81	1500	0	494	6	0.25	2	T14	T148	10
d-phlag_0010-c_min25max81	1800	0	200	0	0.1	2	T139	T159	15
d-phlag_0010-c_min25max81	1400	0	0	600	0.3	1	T29	T187	29
d-phlag_0010-c_min2max4-r	1500	0	500	0	0.25	1	T10	T30	10
d-phlag_0010-c_min2max4-r	1900	0	100	0	0.05	1	T88	T120	12
d-phlag_0010-c_min2max4-r	5	1895	100	0	0.05	1	T114	T140	37
d-phlag_0010-c_min2max4-r	1800	0	200	0	0.1	2	T118	T78	17
d-phlag_0010-c_min2max4-r	1700	0	0	300	0.15	1	T119	T198	9
d-phlag_0010-c_min2max4-r	1893	7	0	100	0.05	2	T8	T13	35
d-phlag_0010-c_min2max4-r	16	1486	498	0	0.25	3	T54	T121	30
d-phlag_0010-c_min2max4-r	1500	0	500	0	0.25	4	T137	T3	18
d-phlag_0010-c_min2max4-r	250	1150	600	0	0.3	3	T115	T44	46
d-phlag_0010-c_min2max4-r	1700	0	300	0	0.15	1	T148	T130	43
d-phlag_0010-c_min2max4-r	1599	1	4	396	0.2	1	T100	T97	31
d-phlag_0010-c_min2max4-r	0	1600	400	0	0.2	2	T200	T123	30
d-phlag_0010-c_min2max4-r	1399	1	65	535	0.3	2	T90	T10	24
d-phlag_0010-c_min2max4-r	1020	780	0	200	0.1	1	T151	T134	24
d-phlag_0010-c_min2max4-r	1887	13	10	90	0.05	1	T193	T127	10
d-phlag_0010-c_min2max4-r	20	1581	396	3	0.2	3	T102	T113	10
d-phlag_0010-c_min2max4-r	33	1868	98	1	0.05	3	T106	T158	8
d-phlag_0010-c_min2max4-r	33	1769	198	0	0.1	3	T50	T138	21
d-phlag_0010-c_min2max4-r	894	606	0	500	0.25	4	T105	T136	49
d-phlag_0010-c_min2max4-r	1601	0	399	0	0.2	3	T181	T9	36
d-phlag_0010-c_min2max4-r	1398	2	31	569	0.3	2	T106	T158	43
d-phlag_0010-c_min2max4-r	1632	68	0	300	0.15	1	T113	T29	36
d-phlag_0010-c_min2max4-r	1700	0	3	297	0.15	1	T166	T34	28
d-phlag_0010-c_min2max4-r	1562	240	130	68	0.1	3	T46	T167	27
d-phlag_0010-c_min2max4-r	0	1600	400	0	0.2	1	T51	T91	47
d-phlag_0010-c_min2max4-r	551	849	42	558	0.3	4	T85	T19	44
d-phlag_0010-c_min2max4-r	0	1900	100	0	0.05	1	T52	T29	6
d-phlag_0010-c_min2max4-r	1400	0	0	600	0.3	1	T24	T115	23
d-phlag_0010-c_min2max4-r	1600	0	400	0	0.2	1	T137	T102	43
d-phlag_0010-c_min2max4-r	639	1262	33	66	0.05	3	T144	T28	44
d-phlag_0010-c_min2max4-r	1900	0	100	0	0.05	2	T71	T37	10
d-phlag_0010-c_min2max4-r	1600	0	58	342	0.2	2	T141	T66	42
d-phlag_0010-c_min2max4-r	1500	0	8	492	0.25	1	T107	T17	29
d-phlag_0010-c_min2max4-r	1502	0	0	498	0.25	3	T133	T140	7
d-phlag_0010-c_min2max4-r	0	1700	300	0	0.15	1	T84	T104	46
d-phlag_0010-c_min2max4-r	1800	0	200	0	0.1	2	T124	T144	29
d-phlag_0010-c_min2max4-r	84	1816	100	0	0.05	2	T185	T6	9
d-phlag_0010-c_min2max4-r	14	1386	598	2	0.3	2	T108	T86	6
d-phlag_0010-c_min2max4-r	1783	17	0	200	0.1	1	T15	T112	17
d-phlag_0010-c_min2max4-r	1800	0	200	0	0.1	1	T48	T185	32
d-phlag_0010-c_min2max4-r	1600	0	400	0	0.2	1	T37	T28	11
d-phlag_0010-c_min2max4-r	2	1598	396	4	0.2	1	T114	T152	3
d-phlag_0010-c_min2max4-r	1700	0	300	0	0.15	2	T137	T102	43
d-phlag_0010-c_min2max4-r	1700	0	0	300	0.15	1	T58	T103	21
d-phlag_0010-c_min2max4-r	1599	1	6	394	0.2	1	T96	T167	14
d-phlag_0010-c_min2max4-r	1800	0	200	0	0.1	2	T116	T22	3
d-phlag_0010-c_min2max4-r	0	1600	392	8	0.2	1	T7	T68	41
d-phlag_0010-c_min2max4-r	19	1481	500	0	0.25	1	T14	T180	4
d-phlag_0010-c_min2max4-r	1800	0	8	192	0.1	1	T20	T124	35
d-phlag_0010-c_min2max4-r	0	1800	200	0	0.1	4	T133	T140	7
d-phlag_0010-c_min2max4-r	7	1393	600	0	0.3	2	T192	T68	26
d-phlag_0010-c_min2max4-r	1601	0	399	0	0.2	3	T148	T130	43
d-phlag_0010-c_min2max4-r	0	1400	600	0	0.3	2	T165	T132	7
d-phlag_0010-c_min2max4-r	4	1696	300	0	0.15	1	T175	T194	41
d-phlag_0010-c_min2max4-r	1695	5	16	284	0.15	4	T54	T88	28
d-phlag_0010-c_min2max4-r	0	1800	200	0	0.1	1	T115	T171	15
d-phlag_0010-c_min2max4-r	1900	0	7	93	0.05	1	T168	T147	30
d-phlag_0010-c_min2max4-r	1399	1	0	600	0.3	1	T107	T198	19
d-phlag_0010-c_min2max4-r	0	1700	300	0	0.15	3	T149	T49	21
d-phlag_0010-c_min2max4-r	1793	7	2	198	0.1	2	T19	T7	25
d-phlag_0010-c_min2max4-r	1500	0	0	500	0.25	1	T12	T60	34
d-phlag_0010-c_min2max4-r	20	1580	400	0	0.2	1	T29	T116	20
d-phlag_0010-c_min2max4-r	1800	0	200	0	0.1	2	T13	T7	47
d-phlag_0010-c_min2max4-r	1600	0	400	0	0.2	1	T194	T41	19
d-phlag_0010-c_min2max4-r	1896	4	0	100	0.05	2	T177	T124	35
d-phlag_0010-c_min2max4-r	1800	0	200	0	0.1	1	T137	T102	43
d-phlag_0010-c_min2max4-r	1600	0	2	398	0.2	1	T91	T196	20
d-phlag_0010-c_min2max4-r	1700	0	300	0	0.15	1	T85	T31	25
d-phlag_0010-c_min2max4-r	1900	0	0	100	0.05	1	T90	T80	40
d-phlag_0010-c_min2max4-r	46	1456	498	0	0.25	3	T57	T86	32
d-phlag_0010-c_min2max4-r	6	1595	399	0	0.2	3	T137	T106	1
d-phlag_0010-c_min2max4-r	1900	0	100	0	0.05	2	T85	T19	44
d-phlag_0010-c_min2max4-r	2	1598	399	1	0.2	2	T59	T136	28
d-phlag_0010-c_min2max4-r	1500	0	0	500	0.25	1	T185	T6	9
d-phlag_0010-c_min2max4-r	61	1339	600	0	0.3	1	T111	T137	11
d-phlag_0010-c_min2max4-r	0	1900	0	100	0.05	1	T136	T54	24
d-phlag_0010-c_min2max4-r	1502	0	498	0	0.25	3	T64	T181	41
d-phlag_0010-c_min2max4-r	1700	0	300	0	0.15	2	T150	T36	4
d-phlag_0010-c_min2max4-r	1600	0	0	400	0.2	2	T83	T62	47
d-phlag_0010-c_min2max4-r	1400	0	600	0	0.3	2	T16	T97	15
d-phlag_0010-c_min2max4-r	1700	0	300	0	0.15	1	T30	T47	37
d-phlag_0010-c_min2max4-r	1400	0	600	0	0.3	3	T131	T67	38
d-phlag_0010-c_min2max4-r	1490	10	0	500	0.25	2	T8	T54	38
d-phlag_0010-c_min2max4-r	3	1598	399	0	0.2	3	T12	T60	34
d-phlag_0010-c_min2max4-r	1500	0	500	0	0.25	2	T68	T111	6
d-phlag_0010-c_min2max4-r	1328	72	26	574	0.3	1	T172	T111	6
d-phlag_0010-c_min2max4-r	0	1600	400	0	0.2	1	T84	T13	33
d-phlag_0010-c_min2max4-r	1485	15	0	500	0.25	1	T17	T197	5
d-phlag_0010-c_min2max4-r	46	1854	100	0	0.05	1	T133	T156	49
d-phlag_0010-c_min2max4-r	1700	0	300	0	0.15	1	T15	T6	22
d-phlag_0010-c_min2max4-r	1502	0	0	498	0.25	3	T169	T170	2
d-phlag_0010-c_min2max4-r	1398	2	2	598	0.3	3	T157	T124	33
d-phlag_0010-c_min2max4-r	28	1573	398	1	0.2	3	T143	T121	35
d-phlag_0010-c_min2max4-r	0	1500	500	0	0.25	1	T198	T102	40
d-phlag_0010-c_min2max4-r	1800	0	1	199	0.1	1	T136	T196	28
d-phlag_0010-c_min2max4-r	10	1890	100	0	0.05	1	T139	T102	21
d-phlag_0010-c_min2max4-r	1900	1	0	99	0.05	3	T7	T68	41
d-phlag_0010-c_min2max4-r	18	1382	597	3	0.3	3	T68	T170	41
d-phlag_0010-c_min2max4-r	1587	14	1	398	0.2	3	T137	T116	39
d-phlag_0010-c_min2max4-r	0	1800	200	0	0.1	1	T85	T79	31
d-phlag_0010-c_min2max4-r	4	1396	600	0	0.3	2	T184	T30	49
d-phlag_0010-c_min2max4-r	1500	0	0	500	0.25	2	T136	T110	31
d-phlag_0010-c_min2max4-r	1676	24	300	0	0.15	1	T103	T130	27
d-phlag_0010-c_min2max4-r	0	1900	100	0	0.05	1	T51	T152	38
d-phlag_0010-c_min2max4-r	3	1697	300	0	0.15	2	T98	T22	41
d-phlag_0010-c_min2max4-r	1502	0	498	0	0.25	3	T30	T47	37
d-phlag_0010-c_min2max4-r	1800	0	200	0	0.1	2	T41	T66	22
d-phlag_0010-c_min2max4-r	1894	7	6	93	0.05	3	T148	T86	25
d-phlag_0010-c_min2max4-r	1800	0	2	198	0.1	1	T157	T198	11
d-phlag_0010-c_min2max4-r	32	1668	300	0	0.15	1	T1	T117	30
d-phlag_0010-c_min2max4-r	1749	152	66	33	0.05	3	T69	T33	19
d-phlag_0010-c_min2max4-r	1544	56	3	397	0.2	2	T63	T46	7
d-phlag_0010-c_min2max4-r	95	1805	100	0	0.05	2	T176	T152	48
d-phlag_0010-c_min2max4-r	1901	0	99	0	0.05	3	T138	T99	25
d-phlag_0010-c_min2max4-r	1573	27	0	400	0.2	1	T57	T44	14
d-phlag_0010-c_min2max4-r	1494	6	0	500	0.25	1	T167	T106	4
d-phlag_0010-c_min2max4-r	5	1595	400	0	0.2	1	T24	T150	34
d-phlag_0010-c_min2max4-r	1901	0	99	0	0.05	3	T88	T180	19
d-phlag_0010-c_min2max4-r	0	1600	0	400	0.2	1	T125	T168	16
d-phlag_0010-c_min2max4-r	1800	0	0	200	0.1	1	T140	T110	20
d-phlag_0010-c_min2max4-r	0	1700	300	0	0.15	1	T83	T138	39
d-phlag_0010-c_min2max4-r	8	1692	300	0	0.15	1	T57	T44	14
d-phlag_0010-c_min2max4-r	3	1397	600	0	0.3	1	T1	T117	30
d-phlag_0010-c_min2max4-r	11	1890	99	0	0.05	3	T58	T103	21
d-phlag_0010-c_min2max4-r	1601	0	399	0	0.2	3	T125	T64	1
d-phlag_0010-c_min2max4-r	1700	0	47	253	0.15	1	T50	T148	10
d-phlag_0010-c_min2max4-r	1798	2	0	200	0.1	1	T110	T26	2
d-phlag_0010-c_min2max4-r	0	1900	0	100	0.05	1	T194	T41	19
d-phlag_0010-c_min2max4-r	1400	0	600	0	0.3	3	T31	T191	25
d-phlag_0010-c_min2max4-r	1082	518	0	400	0.2	2	T197	T36	24
d-phlag_0010-c_min2max4-r	915	885	0	200	0.1	1	T69	T86	27
d-phlag_0010-c_min2max4-r	1400	0	0	600	0.3	3	T43	T112	41
d-phlag_0010-c_min2max4-r	9	1691	300	0	0.15	1	T140	T194	48
d-phlag_0010-c_min2max4-r	1600	0	4	396	0.2	1	T118	T135	12
d-phlag_0010-c_min2max4-r	1900	0	100	0	0.05	2	T110	T26	2
d-phlag_0010-c_min2max4-r	1699	1	0	300	0.15	1	T73	T127	40
d-phlag_0010-c_min2max4-r	574	1327	99	0	0.05	3	T109	T71	42
d-phlag_0010-c_min2max4-r	1800	0	4	196	0.1	2	T106	T158	8
d-phlag_0010-c_min2max4-r	7	1893	100	0	0.05	2	T184	T30	49
d-phlag_0010-c_min2max4-r	1246	454	0	300	0.15	3	T120	T43	50
d-phlag_0010-c_min2max4-r	1900	0	100	0	0.05	2	T144	T195	28
d-phlag_0010-c_min2max4-r	1900	0	100	0	0.05	2	T14	T40	34
d-phlag_0010-c_min2max4-r	1294	106	498	102	0.3	1	T144	T28	44
d-phlag_0010-c_min2max4-r	1800	0	200	0	0.1	2	T142	T10	17
d-phlag_0010-c_min2max4-r	515	885	7	593	0.3	3	T12	T36	3
d-phlag_0010-c_min2max4-r	15	1385	600	0	0.3	2	T24	T150	34
d-phlag_0010-c_min2max4-r	1696	4	41	259	0.15	3	T69	T33	19
d-phlag_0010-c_min2max4-r	1316	285	0	399	0.2	3	T145	T172	44
d-phlag_0010-c_min2max4-r	1407	95	498	0	0.25	3	T132	T99	2
d-phlag_0010-c_min2max4-r	1600	0	400	0	0.2	1	T41	T66	22
d-phlag_0010-c_min2max4-r	1	1899	100	0	0.05	1	T85	T79	31
d-phlag_0010-c_min2max4-r	32	1770	198	0	0.1	3	T86	T61	13
d-phlag_0010-c_min2max4-r	0	1700	300	0	0.15	1	T62	T40	20
d-phlag_0010-c_min2max4-r	16	1584	392	8	0.2	2	T175	T81	18
d-phlag_0010-c_min2max4-r	0	1500	0	500	0.25	2	T16	T49	9
d-phlag_0010-c_min2max4-r	1899	2	1	98	0.05	3	T166	T177	30
d-phlag_0010-c_min2max4-r	1801	1	1	197	0.1	3	T78	T150	47
d-phlag_0010-c_min2max4-r	0	1700	0	300	0.15	4	T125	T168	16
d-phlag_0010-c_min2max4-r	1483	19	4	494	0.25	3	T3	T68	4
d-phlag_0010-c_min2max4-r	1502	0	498	0	0.25	3	T22	T11	29
d-phlag_0010-c_min2max4-r	1500	0	500	0	0.25	2	T140	T102	6
d-phlag_0010-c_min2max4-r	3	1797	200	0	0.1	4	T70	T7	17
d-phlag_0010-c_min2max4-r	726	674	0	600	0.3	1	T69	T86	27
d-phlag_0010-c_min2max4-r	0	1900	0	100	0.05	2	T171	T4	2
d-phlag_0010-c_min2max4-r	3	1397	600	0	0.3	1	T86	T61	13
d-phlag_0010-c_min2max4-r	1756	44	0	200	0.1	1	T14	T148	10
d-phlag_0010-c_min2max4-r	0	1700	300	0	0.15	4	T87	T18	29
d-phlag_0010-c_min2max4-r	0	1500	500	0	0.25	2	T99	T180	26
d-phlag_0010-c_min2max4-r	2	1498	497	3	0.25	2	T8	T13	35
d-phlag_0010-c_min2max4-r	1181	419	1	399	0.2	2	T38	T181	50
d-phlag_0010-c_min2max4-r	8	1893	99	0	0.05	3	T15	T102	14
d-phlag_0010-c_min2max4-r	1900	0	100	0	0.05	1	T170	T90	12
d-phlag_0010-c_min2max4-r	1900	0	100	0	0.05	1	T112	T147	23
d-phlag_0010-c_min2max4-r	1800	0	200	0	0.1	2	T72	T119	16
d-phlag_0010-c_min2max4-r	23	1577	400	0	0.2	2	T4	T5	22
d-phlag_0010-c_min2max4-r	1393	7	4	596	0.3	3	T92	T64	49
d-phlag_0010-c_min2max4-r	13	1387	600	0	0.3	2	T84	T14	45
d-phlag_0010-c_min2max4-r	82	1518	399	1	0.2	1	T14	T180	4
d-phlag_0010-c_min2max4-r	1890	10	0	100	0.05	1	T15	T112	17
d-phlag_0010-c_min2max4-r	1582	18	202	198	0.2	2	T88	T120	12
d-phlag_0010-c_min2max4-r	4	1496	500	0	0.25	1	T138	T132	9
d-phlag_0010-c_min2max4-r	1399	1	0	600	0.3	2	T177	T124	35
d-phlag_0010-c_min2max4-r	2	1398	600	0	0.3	2	T52	T29	6
d-phlag_0010-c_min2max4-r	11	1689	300	0	0.15	4	T117	T95	31
d-phlag_0010-c_min2max4-r	1898	2	0	100	0.05	1	T20	T82	6
d-phlag_0010-c_min2max4-r	1596	104	0	300	0.15	1	T27	T24	14
d-phlag_0010-c_min2max4-r	1700	0	300	0	0.15	4	T89	T124	21
d-phlag_0010-c_min2max4-r	1691	9	300	0	0.15	3	T55	T68	17
d-phlag_0010-c_min2max4-r	1699	1	4	296	0.15	2	T198	T101	10
d-phlag_0010-c_min2max4-r	1	1499	500	0	0.25	1	T24	T115	23
d-phlag_0010-c_min2max4-r	0	1400	600	0	0.3	2	T12	T60	34
d-phlag_0010-c_min2max4-r	2	1598	400	0	0.2	2	T62	T40	20
d-phlag_0010-c_min2max4-r	1437	63	0	500	0.25	2	T112	T147	23
d-phlag_0010-c_min2max4-r	1692	8	29	271	0.15	1	T18	T5	33
d-phlag_0010-c_min2max4-r	1794	6	0	200	0.1	2	T87	T186	16
d-phlag_0010-c_min2max4-r	1898	2	2	98	0.05	2	T117	T71	5
d-phlag_0010-c_min2max4-r	1584	16	0	400	0.2	2	T129	T108	48
d-phlag_0010-c_min2max4-r	1464	136	15	385	0.2	2	T27	T24	14
d-phlag_0010-c_min2max4-r	1318	82	13	587	0.3	5	T170	T91	13
d-phlag_0010-c_min2max4-r	1399	1	0	600	0.3	1	T177	T109	13
d-phlag_0010-c_min2max4-r	36	1664	300	0	0.15	3	T80	T81	4
d-phlag_0010-c_min2max4-r	8	1692	300	0	0.15	2	T137	T116	39
d-phlag_0010-c_min2max4-r	0	1900	0	100	0.05	2	T9	T123	27
d-phlag_0010-c_min2max4-r	1735	65	200	0	0.1	1	T23	T171	10
d-phlag_0010-c_min2max4-r	1399	1	17	583	0.3	3	T113	T15	49
d-phlag_0010-c_min2max4-r	1400	0	545	55	0.3	1	T6	T112	2
d-phlag_0010-c_min2max4-r	9	1391	600	0	0.3	1	T172	T69	45
d-phlag_0010-c_min2max4-r	1900	0	0	100	0.05	2	T198	T61	3
d-phlag_0010-c_min2max4-r	1700	0	300	0	0.15	2	T110	T158	12
d-phlag_0010-c_min2max4-r	1600	0	400	0	0.2	2	T72	T119	16
d-phlag_0010-c_min2max4-r	1400	0	600	0	0.3	1	T116	T22	3
d-phlag_0010-c_min2max4-r	1159	341	1	499	0.25	2	T151	T134	24
d-phlag_0010-c_min2max4-r	1609	91	298	2	0.15	1	T79	T172	45
d-phlag_0010-c_min2max4-r	4	1596	400	0	0.2	2	T136	T105	40
d-phlag_0010-c_min2max4-r	1357	43	0	600	0.3	1	T100	T97	31
d-phlag_0010-c_min2max4-r	25	1875	100	0	0.05	1	T159	T40	8
d-phlag_0010-c_min2max4-r	1800	0	200	0	0.1	1	T192	T23	48
d-phlag_0010-c_min2max4-r	0	1700	299	1	0.15	2	T171	T77	31
d-phlag_0010-c_min2max4-r	17	1583	400	0	0.2	2	T20	T32	5
d-phlag_0010-c_min2max4-r	1800	0	200	0	0.1	2	T68	T97	15
d-phlag_0010-c_min2max4-r	1896	4	6	94	0.05	1	T115	T44	46
d-phlag_0010-c_min2max4-r	17	1383	600	0	0.3	3	T138	T147	38
d-phlag_0010-c_min2max4-r	1900	0	54	46	0.05	2	T175	T76	36
d-phlag_0010-c_min2max4-r	1800	0	200	0	0.1	2	T115	T44	46
d-phlag_0010-c_min2max4-r	611	889	0	500	0.25	1	T169	T200	24
d-phlag_0010-c_min2max4-r	1495	105	365	35	0.2	2	T79	T172	45
d-phlag_0010-c_min2max4-r	1497	3	4	496	0.25	1	T126	T100	21
d-phlag_0010-c_min2max4-r	1600	0	400	0	0.2	2	T140	T102	6
d-phlag_0010-c_min2max4-r	0	1900	100	0	0.05	1	T62	T40	20
d-phlag_0010-c_min2max4-r	1373	427	200	0	0.1	1	T175	T76	36
d-phlag_0010-c_min2max4-r	2	1398	600	0	0.3	1	T171	T33	26
d-phlag_0010-c_min2max4-r	1400	0	0	600	0.3	2	T9	T124	40
d-phlag_0010-c_min2max4-r	1346	54	0	600	0.3	2	T53	T175	44
d-phlag_0010-c_min2max4-r	1600	0	400	0	0.2	2	T2	T142	34
d-phlag_0010-c_min2max4-r	1094	408	0	498	0.25	3	T120	T43	50
d-phlag_0010-c_min2max4-r	0	1800	200	0	0.1	2	T150	T171	2
d-phlag_0010-c_min2max4-r	1900	0	2	98	0.05	2	T71	T144	20
d-phlag_0010-c_min2max4-r	14	1788	196	2	0.1	3	T17	T198	23
d-phlag_0010-c_min2max4-r	1400	0	600	0	0.3	1	T97	T32	13
d-phlag_0010-c_min2max4-r	1696	4	300	0	0.15	1	T25	T44	37
d-phlag_0010-c_min2max4-r	1793	7	1	199	0.1	1	T70	T194	21
d-phlag_0010-c_min2max4-r	383	1518	99	0	0.05	3	T80	T81	4
d-phlag_0010-c_min2max4-r	1900	0	100	0	0.05	4	T54	T121	30
d-phlag_0010-c_min2max4-r	1500	0	500	0	0.25	1	T116	T22	3
d-phlag_0010-c_min2max4-r	69	1831	100	0	0.05	2	T109	T111	10
d-phlag_0010-c_min2max4-r	1400	0	600	0	0.3	4	T10	T30	10
d-phlag_0010-c_min2max4-r	1785	15	127	73	0.1	2	T82	T155	42
d-phlag_0010-c_min2max4-r	9	1791	200	0	0.1	2	T65	T142	20
d-phlag_0010-c_min2max4-r	1500	0	4	496	0.25	1	T32	T188	26
d-phlag_0010-c_min2max4-r	1499	1	0	500	0.25	2	T166	T177	30
d-phlag_0010-c_min2max4-r	110	1490	400	0	0.2	2	T9	T199	45
d-phlag_0010-c_min2max4-r	222	1178	164	436	0.3	2	T139	T123	27
d-phlag_0010-c_min2max4-r	84	1517	390	9	0.2	3	T142	T118	9
d-phlag_0010-c_min2max4-r	0	1500	500	0	0.25	2	T118	T48	32
d-phlag_0010-c_min2max4-r	1500	2	4	494	0.25	3	T157	T198	11
d-phlag_0010-c_min2max4-r	10	1890	100	0	0.05	1	T171	T77	31
d-phlag_0010-c_min2max4-r	1700	0	0	300	0.15	1	T24	T36	47
d-phlag_0010-c_min2max4-r	73	1327	599	1	0.3	3	T1	T140	37
d-phlag_0010-c_min2max4-r	1400	0	0	600	0.3	1	T187	T11	14
d-phlag_0010-c_min2max4-r	1797	3	0	200	0.1	2	T58	T103	21
d-phlag_0010-c_min2max4-r	1399	1	10	590	0.3	3	T54	T121	30
d-phlag_0010-c_min2max4-r	1400	0	600	0	0.3	1	T81	T56	48
d-phlag_0010-c_min2max4-r	0	1400	600	0	0.3	1	T161	T158	8
d-phlag_0010-c_min2max4-r	1557	44	272	127	0.2	3	T14	T148	10
d-phlag_0010-c_min2max4-r	1802	0	198	0	0.1	3	T18	T11	48
d-phlag_0010-c_min2max4-r	1250	150	33	567	0.3	4	T20	T61	42
d-phlag_0010-c_min2max4-r	1400	0	0	600	0.3	2	T14	T127	12
d-phlag_0010-c_min2max4-r	0	1700	0	300	0.15	1	T82	T190	6
d-phlag_0010-c_min2max4-r	1388	12	0	600	0.3	2	T136	T196	28
d-phlag_0010-c_min2max4-r	1802	0	198	0	0.1	3	T130	T52	43
d-phlag_0010-c_min2max4-r	1600	0	400	0	0.2	2	T109	T76	36
d-phlag_0010-c_min2max4-r	18	1883	99	0	0.05	3	T117	T95	31
d-phlag_0010-c_min2max4-r	0	1800	200	0	0.1	5	T149	T49	21
d-phlag_0010-c_min2max4-r	69	1531	398	2	0.2	2	T108	T137	11
d-phlag_0010-c_min2max4-r	0	1500	500	0	0.25	4	T43	T21	25
d-phlag_0010-c_min2max4-r	1396	4	10	590	0.3	2	T25	T56	7
d-phlag_0010-c_min2max4-r	1400	0	35	565	0.3	1	T105	T80	27
d-phlag_0010-c_min2max4-r	2	1598	400	0	0.2	2	T175	T194	41
d-phlag_0010-c_min2max4-r	2	1598	400	0	0.2	2	T24	T36	47
d-phlag_0010-c_min2max4-r	2	1800	198	0	0.1	3	T171	T77	31
d-phlag_0010-c_min2max4-r	1798	4	1	197	0.1	3	T16	T115	32
d-phlag_0010-c_min2max4-r	1502	0	0	498	0.25	3	T70	T7	17
d-phlag_0010-c_min2max4-r	0	1901	99	0	0.05	3	T70	T7	17
d-phlag_0010-c_min2max4-r	3	1597	400	0	0.2	1	T195	T176	34
d-phlag_0010-c_min2max4-r	1397	3	1	599	0.3	1	T50	T1	14
d-phlag_0010-c_min2max4-r	15	1685	299	1	0.15	2	T14	T180	4
d-phlag_0010-c_min2max4-r	1800	0	200	0	0.1	1	T132	T61	32
d-phlag_0010-c_min2max4-r	16	1784	200	0	0.1	1	T25	T128	30
d-phlag_0010-c_min2max4-r	1600	0	400	0	0.2	2	T81	T56	48
d-phlag_0010-c_min2max4-r	1492	8	500	0	0.25	1	T126	T75	41
d-phlag_0010-c_min2max4-r	1697	3	0	300	0.15	2	T53	T162	11
d-phlag_0010-c_min2max4-r	27	1673	300	0	0.15	3	T135	T177	4
d-phlag_0010-c_min2max4-r	1795	5	2	198	0.1	2	T51	T110	40
d-phlag_0010-c_min2max4-r	1800	0	200	0	0.1	2	T81	T56	48
d-phlag_0010-c_min2max4-r	1500	0	2	498	0.25	2	T174	T115	28
d-phlag_0010-c_min2max4-r	1598	3	3	396	0.2	3	T159	T58	33
d-phlag_0010-c_min2max4-r	1600	0	15	385	0.2	1	T36	T83	35
d-phlag_0010-c_min2max4-r	2	1698	300	0	0.15	1	T94	T180	29
d-phlag_0010-c_min2max4-r	1797	3	3	197	0.1	1	T24	T36	47
d-phlag_0010-c_min2max4-r	1598	2	1	399	0.2	1	T176	T46	37
d-phlag_0010-c_min2max4-r	1800	100	0	100	0.05	2	T171	T24	37
d-phlag_0010-c_min2max4-r	10	1690	299	1	0.15	4	T74	T152	48
d-phlag_0010-c_min2max4-r	1643	57	35	265	0.15	4	T142	T10	17
d-phlag_0010-c_min2max4-r	1600	0	9	391	0.2	1	T25	T57	1
d-phlag_0010-c_min2max4-r	1400	0	0	600	0.3	3	T128	T77	35
d-phlag_0010-c_min2max4-r	1500	0	0	500	0.25	2	T30	T18	6
d-phlag_0010-c_min2max4-r	1700	0	5	295	0.15	2	T179	T106	9
d-phlag_0010-c_min2max4-r	23	1477	495	5	0.25	4	T90	T80	40
d-phlag_0010-c_min2max4-r	6	1595	399	0	0.2	3	T85	T8	46
d-phlag_0010-c_min2max4-r	920	880	21	179	0.1	2	T86	T33	50
d-phlag_0010-c_min2max4-r	8	1892	99	1	0.05	2	T112	T100	36
d-phlag_0010-c_min2max4-r	0	1500	500	0	0.25	1	T101	T107	17
d-phlag_0010-c_min2max4-r	1496	4	99	401	0.25	4	T125	T69	44
d-phlag_0010-c_min2max4-r	1845	55	100	0	0.05	1	T142	T118	9
d-phlag_0010-c_min2max4-r	1800	0	1	199	0.1	4	T30	T103	41
d-phlag_0010-c_min2max4-r	100	1700	200	0	0.1	2	T193	T33	50
d-phlag_0010-c_min2max4-r	89	1511	400	0	0.2	2	T89	T145	50
d-phlag_0010-c_min2max4-r	1	1899	100	0	0.05	1	T35	T184	19
d-phlag_0010-c_min2max4-r	1901	0	99	0	0.05	3	T152	T81	13
d-phlag_0010-c_min2max4-r	1901	0	99	0	0.05	3	T129	T57	11
d-phlag_0010-c_min2max4-r	17	1683	299	1	0.15	4	T24	T115	23
d-phlag_0010-c_min2max4-r	24	1776	200	0	0.1	4	T167	T124	33
d-phlag_0010-c_min2max4-r	2	1698	300	0	0.15	1	T170	T98	49
d-phlag_0010-c_min2max4-r	1697	3	9	291	0.15	3	T132	T170	11
d-phlag_0010-c_min2max4-r	1388	12	0	600	0.3	2	T114	T60	18
d-phlag_0010-c_min2max4-r	1400	0	600	0	0.3	1	T151	T102	1
d-phlag_0010-c_min2max4-r	0	1800	199	1	0.1	2	T117	T137	40
d-phlag_0010-c_min2max4-r	1700	0	300	0	0.15	1	T98	T160	45
d-phlag_0010-c_min2max4-r	0	1600	399	1	0.2	1	T80	T81	4
d-phlag_0010-c_min2max4-r	1500	0	500	0	0.25	1	T150	T36	4
d-phlag_0010-c_min2max4-r	23	1377	600	0	0.3	5	T170	T98	49
d-phlag_0010-c_min2max4-r	1400	0	600	0	0.3	1	T25	T44	37
d-phlag_0010-c_min2max4-r	1500	0	3	497	0.25	1	T132	T170	11
d-phlag_0010-c_min2max4-r	1592	8	4	396	0.2	2	T54	T121	30
d-phlag_0010-c_min2max4-r	1600	0	2	398	0.2	2	T84	T104	46
d-phlag_0010-c_min2max4-r	10	1890	99	1	0.05	4	T16	T115	32
d-phlag_0010-c_min2max4-r	10	1390	597	3	0.3	3	T192	T52	31
d-phlag_0010-c_min2max4-r	1400	0	20	580	0.3	2	T135	T161	1
d-phlag_0010-c_min2max4-r	1558	42	391	9	0.2	2	T55	T172	45
d-phlag_0010-c_min2max4-r	1883	18	99	0	0.05	3	T25	T44	37
d-phlag_0010-c_min2max4-r	13	1487	500	0	0.25	2	T85	T88	43
d-phlag_0010-c_min2max4-r	1900	0	100	0	0.05	1	T124	T144	29
d-phlag_0010-c_min2max4-r	1381	19	13	587	0.3	3	T172	T49	22
d-phlag_0010-c_min2max4-r	1800	0	200	0	0.1	1	T126	T117	39
d-phlag_0010-c_min2max4-r	1161	639	197	3	0.1	2	T134	T88	24
d-phlag_0010-c_min2max4-r	0	1800	200	0	0.1	1	T181	T21	47
d-phlag_0010-c_min2max4-r	1595	5	3	397	0.2	5	T7	T15	49
d-phlag_0010-c_min2max4-r	1700	0	300	0	0.15	2	T16	T97	15
d-phlag_0010-c_min2max4-r	183	1319	498	0	0.25	3	T72	T198	18
d-phlag_0010-c_min2max4-r	1444	356	200	0	0.1	5	T153	T30	29
d-phlag_0010-c_min2max4-r	1400	0	600	0	0.3	2	T145	T163	24
d-phlag_0010-c_min2max4-r	1596	5	15	384	0.2	3	T33	T196	5
d-phlag_0010-c_min2max4-r	0	1800	200	0	0.1	1	T194	T198	20
d-phlag_0010-c_min2max4-r	1800	0	4	196	0.1	2	T111	T132	7
d-phlag_0010-c_min2max4-r	1399	1	14	586	0.3	2	T96	T40	35
d-phlag_0010-c_min2max4-r	1400	0	0	600	0.3	1	T127	T105	37
d-phlag_0010-c_min2max4-r	1011	489	1	499	0.25	4	T19	T145	50
d-phlag_0010-c_min2max4-r	1900	0	100	0	0.05	2	T18	T11	48
d-phlag_0010-c_min2max4-r	1400	0	0	600	0.3	1	T29	T13	18
d-phlag_0010-c_min2max4-r	1600	0	400	0	0.2	4	T116	T22	3
d-phlag_0010-c_min2max4-r	1671	29	11	289	0.15	2	T20	T61	42
d-phlag_0010-c_min2max4-r	1	1699	298	2	0.15	3	T188	T47	18
d-phlag_0010-c_min2max4-r	12	1688	287	13	0.15	3	T151	T134	24
d-phlag_0010-c_min2max4-r	1487	13	3	497	0.25	2	T177	T109	13
d-phlag_0010-c_min2max4-r	1396	4	4	596	0.3	2	T65	T145	7
d-phlag_0010-c_min2max4-r	1800	0	0	200	0.1	2	T35	T184	19
d-phlag_0010-c_min2max4-r	1599	1	0	400	0.2	1	T171	T33	26
d-phlag_0010-c_min2max4-r	28	1474	498	0	0.25	3	T198	T61	3
d-phlag_0010-c_min2max4-r	1400	0	600	0	0.3	1	T185	T142	34
d-phlag_0010-c_min2max4-r	1861	39	0	100	0.05	1	T9	T199	45
d-phlag_0010-c_min2max4-r	0	1700	300	0	0.15	1	T195	T176	34
d-phlag_0010-c_min2max4-r	0	1600	400	0	0.2	1	T35	T184	19
d-phlag_0010-c_min2max4-r	1328	474	0	198	0.1	3	T58	T16	44
d-phlag_0010-c_min2max4-r	1704	196	100	0	0.05	2	T141	T66	42
d-phlag_0010-c_min2max4-r	11	1589	399	1	0.2	2	T176	T152	48
d-phlag_0010-c_min2max4-r	27	1475	491	7	0.25	3	T51	T80	35
d-phlag_0010-c_min2max4-r	1900	0	100	0	0.05	2	T103	T190	12
d-phlag_0010-c_min2max4-r	6	1694	300	0	0.15	1	T30	T103	41
d-phlag_0010-c_min2max4-r	9	1391	600	0	0.3	3	T44	T69	39
d-phlag_0010-c_min2max4-r	1901	0	99	0	0.05	3	T182	T200	33
d-phlag_0010-c_min2max4-r	1400	0	600	0	0.3	3	T193	T143	30
d-phlag_0010-c_min2max4-r	1899	1	5	95	0.05	2	T170	T98	49
d-phlag_0010-c_min2max4-r	0	1500	500	0	0.25	1	T87	T18	29
d-phlag_0010-c_min2max4-r	1387	13	24	576	0.3	4	T70	T194	21
d-phlag_0010-c_min2max4-r	917	783	0	300	0.15	2	T193	T33	50
d-phlag_0010-c_min2max4-r	636	1064	0	300	0.15	1	T56	T141	20
d-phlag_0010-c_min2max4-r	909	992	12	87	0.05	3	T197	T176	4
d-phlag_0010-c_min2max4-r	0	1500	500	0	0.25	1	T56	T112	49
d-phlag_0010-c_min2max4-r	1252	148	45	555	0.3	4	T86	T33	50
d-phlag_0010-c_min2max4-r	1802	0	29	169	0.1	3	T190	T7	30
d-phlag_0010-c_min2max4-r	1585	15	0	400	0.2	1	T175	T76	36
d-phlag_0010-c_min2max4-r	1500	0	6	494	0.25	2	T59	T136	28
d-phlag_0010-c_min2max4-r	1669	31	0	300	0.15	1	T108	T137	11
d-phlag_0010-c_min2max4-r	0	1900	100	0	0.05	2	T39	T163	36
d-phlag_0010-c_min2max4-r	1500	0	500	0	0.25	1	T184	T14	42
d-phlag_0010-c_min2max4-r	2	1598	400	0	0.2	5	T30	T103	41
d-phlag_0010-c_min2max4-r	5	1795	200	0	0.1	4	T136	T105	40
d-phlag_0010-c_min2max4-r	3	1697	300	0	0.15	2	T44	T69	39
d-phlag_0010-c_min2max4-r	1884	16	7	93	0.05	2	T198	T101	10
d-phlag_0010-c_min2max4-r	1394	6	9	591	0.3	2	T167	T106	4
d-phlag_0010-c_min2max4-r	0	1600	398	2	0.2	2	T192	T68	26
d-phlag_0010-c_min2max4-r	1900	0	100	0	0.05	2	T77	T63	22
d-phlag_0010-c_min2max4-r	1600	0	47	353	0.2	1	T115	T44	46
d-phlag_0010-c_min2max4-r	887	1013	1	99	0.05	1	T86	T33	50
d-phlag_0010-c_min2max4-r	1599	2	0	399	0.2	3	T184	T30	49
d-phlag_0010-c_min2max4-r	1500	0	500	0	0.25	1	T193	T113	14
d-phlag_0010-c_min2max4-r	1599	1	6	394	0.2	4	T25	T128	30
d-phlag_0010-c_min2max4-r	1898	2	0	100	0.05	2	T125	T141	18
d-phlag_0010-c_min2max4-r	1800	0	200	0	0.1	2	T76	T108	32
d-phlag_0010-c_min2max4-r	0	1700	300	0	0.15	1	T38	T134	34
d-phlag_0010-c_min2max4-r	1500	0	0	500	0.25	1	T108	T86	6
d-phlag_0010-c_min2max4-r	1327	73	600	0	0.3	4	T103	T130	27
d-phlag_0010-c_min2max4-r	1	1499	500	0	0.25	1	T192	T52	31
d-phlag_0010-c_min2max4-r	1681	19	0	300	0.15	2	T109	T71	42
d-phlag_0010-c_min2max4-r	1900	0	100	0	0.05	1	T116	T22	3
d-phlag_0010-c_min2max4-r	1291	409	0	300	0.15	2	T118	T90	50
d-phlag_0010-c_min2max4-r	19	1381	600	0	0.3	2	T198	T61	3
d-phlag_0010-c_min2max4-r	1802	0	198	0	0.1	3	T110	T158	12
d-phlag_0010-c_min2max4-r	1465	35	167	333	0.25	1	T113	T29	36
d-phlag_0010-c_min2max4-r	30	1670	150	150	0.15	2	T110	T26	2
d-phlag_0010-c_min2max4-r	1416	84	14	486	0.25	2	T180	T192	2
d-phlag_0010-c_min2max4-r	1600	0	12	388	0.2	1	T116	T9	13
d-phlag_0010-c_min2max4-r	2	1698	300	0	0.15	2	T198	T102	40
d-phlag_0010-c_min2max4-r	1900	0	100	0	0.05	1	T53	T158	43
d-phlag_0010-c_min2max4-r	1700	0	2	298	0.15	2	T91	T196	20
d-phlag_0010-c_min2max4-r	1601	0	33	366	0.2	3	T72	T198	18
d-phlag_0010-c_min2max4-r	1400	0	600	0	0.3	2	T68	T97	15
d-phlag_0010-c_min2max4-r	1498	4	4	494	0.25	3	T157	T124	33
d-phlag_0010-c_min2max4-r	0	1400	600	0	0.3	3	T118	T48	32
d-phlag_0010-c_min2max4-r	3	1697	299	1	0.15	1	T114	T186	50
d-phlag_0010-c_min2max4-r	5	1595	399	1	0.2	2	T182	T192	48
d-phlag_0010-c_min2max4-r	33	1467	499	1	0.25	4	T101	T55	1
d-phlag_0010-c_min2max4-r	1874	27	99	0	0.05	3	T133	T115	24
d-phlag_0010-c_min2max4-r	1400	0	25	575	0.3	1	T72	T198	18
d-phlag_0010-c_min2max4-r	6	1394	600	0	0.3	3	T38	T134	34
d-phlag_0010-c_min2max4-r	3	1597	400	0	0.2	1	T167	T19	2
d-phlag_0010-c_min2max4-r	22	1578	400	0	0.2	1	T110	T26	2
d-phlag_0010-c_min2max4-r	1391	9	1	599	0.3	3	T37	T24	2
d-phlag_0010-c_min2max4-r	1500	0	500	0	0.25	1	T38	T46	33
d-phlag_0010-c_min2max4-r	1700	0	300	0	0.15	2	T13	T87	5
d-phlag_0010-c_min2max4-r	1487	15	4	494	0.25	3	T94	T180	11
d-phlag_0010-c_min2max4-r	0	1900	0	100	0.05	2	T46	T167	27
d-phlag_0010-c_min2max4-r	378	1522	100	0	0.05	1	T181	T154	49
d-phlag_0010-c_min2max4-r	1901	0	99	0	0.05	3	T2	T92	9
d-phlag_0010-c_min2max4-r	20	1580	400	0	0.2	4	T74	T152	48
d-phlag_0010-c_min2max4-r	1771	129	50	50	0.05	2	T7	T48	3
d-phlag_0010-c_min2max4-r	1136	264	1	599	0.3	2	T170	T97	50
d-phlag_0010-c_min2max4-r	1596	4	0	400	0.2	1	T101	T55	1
d-phlag_0010-c_min2max4-r	1400	0	600	0	0.3	2	T20	T115	33
d-phlag_0010-c_min2max4-r	1789	13	1	197	0.1	3	T130	T4	9
d-phlag_0010-c_min2max4-r	60	1840	100	0	0.05	1	T179	T106	9
d-phlag_0010-c_min2max4-r	1718	182	0	100	0.05	2	T129	T108	48
d-phlag_0010-c_min2max4-r	66	1334	600	0	0.3	1	T23	T195	39
d-phlag_0010-c_min2max4-r	0	1800	200	0	0.1	1	T30	T18	6
d-phlag_0010-c_min2max4-r	1326	474	0	200	0.1	1	T17	T197	5
d-phlag_0010-c_min2max4-r	1494	6	27	473	0.25	1	T57	T196	42
d-phlag_0010-c_min2max4-r	1500	0	500	0	0.25	2	T126	T3	19
d-phlag_0010-c_min2max4-r	1500	0	500	0	0.25	1	T152	T81	13
d-phlag_0010-c_min2max4-r	1901	0	99	0	0.05	3	T29	T32	46
d-phlag_0010-c_min2max4-r	18	1682	300	0	0.15	2	T177	T124	35
d-phlag_0010-c_min2max4-r	0	1900	100	0	0.05	1	T145	T197	7
d-phlag_0010-c_min2max4-r	1335	65	70	530	0.3	2	T132	T99	2
d-phlag_0010-c_min2max4-r	0	1800	200	0	0.1	2	T145	T197	7
d-phlag_0010-c_min2max4-r	1227	473	13	287	0.15	2	T197	T36	24
d-phlag_0010-c_min2max4-r	4	1897	99	0	0.05	3	T192	T97	23
d-phlag_0010-c_min2max4-r	1400	0	0	600	0.3	1	T4	T127	47
d-phlag_0010-c_min2max4-r	0	1700	300	0	0.15	1	T88	T49	21
d-phlag_0010-c_min2max4-r	1700	0	0	300	0.15	1	T136	T196	28
d-phlag_0010-c_min2max4-r	1651	49	0	300	0.15	2	T70	T194	21
d-phlag_0010-c_min2max4-r	1582	18	0	400	0.2	2	T154	T145	14
d-phlag_0010-c_min2max4-r	1600	0	3	397	0.2	2	T190	T7	30
d-phlag_0010-c_min2max4-r	0	1500	0	500	0.25	1	T124	T144	29
d-phlag_0010-c_min2max4-r	1697	3	3	297	0.15	2	T50	T1	14
d-phlag_0010-c_min2max4-r	11	1791	198	0	0.1	3	T91	T196	20
d-phlag_0010-c_min2max4-r	15	1487	496	2	0.25	3	T23	T61	3
d-phlag_0010-c_min2max4-r	2	1800	186	12	0.1	3	T145	T172	44
d-phlag_0010-c_min2max4-r	1497	5	26	472	0.25	3	T6	T94	32
d-phlag_0010-c_min2max4-r	36	1764	200	0	0.1	2	T54	T121	30
d-phlag_0010-c_min2max4-r	1600	0	400	0	0.2	2	T15	T6	22
d-phlag_0010-c_min2max4-r	1791	9	0	200	0.1	1	T184	T189	26
d-phlag_0010-c_min2max4-r	1593	7	0	400	0.2	2	T73	T198	18
d-phlag_0010-c_min2max4-r	1883	17	4	96	0.05	2	T86	T61	13
d-phlag_0010-c_min2max4-r	1	1599	398	2	0.2	2	T24	T115	23
d-phlag_0010-c_min2max4-r	0	1600	400	0	0.2	1	T38	T134	34
d-phlag_0010-c_min2max4-r	0	1900	100	0	0.05	1	T76	T133	38
d-phlag_0010-c_min2max4-r	8	1392	600	0	0.3	4	T128	T160	5
d-phlag_0010-c_min2max4-r	34	1866	100	0	0.05	2	T173	T53	18
d-phlag_0010-c_min2max4-r	1697	3	13	287	0.15	4	T85	T88	43
d-phlag_0010-c_min2max4-r	1500	0	500	0	0.25	2	T36	T83	35
d-phlag_0010-c_min2max4-r	1400	0	600	0	0.3	3	T97	T73	23
d-phlag_0010-c_min2max4-r	1900	0	100	0	0.05	1	T137	T102	43
d-phlag_0010-c_min2max4-r	1799	1	17	183	0.1	2	T118	T135	12
d-phlag_0010-c_min2max4-r	1600	0	400	0	0.2	1	T193	T143	30
d-phlag_0010-c_min2max4-r	8	1492	500	0	0.25	1	T132	T33	5
d-phlag_0010-c_min2max4-r	1496	4	5	495	0.25	1	T130	T4	9
d-phlag_0010-c_min2max4-r	182	1718	100	0	0.05	2	T19	T7	25
d-phlag_0010-c_min2max4-r	651	849	23	477	0.25	2	T86	T33	50
d-phlag_0010-c_min2max4-r	0	1900	100	0	0.05	1	T82	T57	33
d-phlag_0010-c_min2max4-r	1500	0	1	499	0.25	2	T85	T8	46
d-phlag_0010-c_min2max4-r	1656	44	0	300	0.15	1	T18	T11	48
d-phlag_0010-c_min2max4-r	1800	0	0	200	0.1	1	T60	T59	31
d-phlag_0010-c_min2max4-r	0	1800	200	0	0.1	1	T72	T39	25
d-phlag_0010-c_min2max4-r	0	1502	498	0	0.25	3	T145	T197	7
d-phlag_0010-c_min2max4-r	0	1400	600	0	0.3	2	T17	T127	17
d-phlag_0010-c_min2max4-r	1400	0	600	0	0.3	2	T178	T149	19
d-phlag_0010-c_min2max4-r	1400	0	0	600	0.3	1	T72	T39	25
d-phlag_0010-c_min2max4-r	1500	0	0	500	0.25	1	T51	T91	47
d-phlag_0010-c_min2max4-r	1595	5	55	345	0.2	2	T83	T45	29
d-phlag_0010-c_min2max4-r	1800	0	200	0	0.1	1	T140	T102	6
d-phlag_0010-c_min2max4-r	1500	0	1	499	0.25	1	T57	T44	14
d-phlag_0010-c_min2max4-r	0	1700	300	0	0.15	3	T64	T39	15
d-phlag_0010-c_min2max4-r	1900	0	1	99	0.05	2	T73	T127	40
d-phlag_0010-c_min2max4-r	1469	132	399	0	0.2	3	T18	T5	33
d-phlag_0010-c_min2max4-r	10	1490	500	0	0.25	1	T151	T183	29
d-phlag_0010-c_min2max4-r	0	1600	400	0	0.2	2	T112	T100	36
d-phlag_0010-c_min2max4-r	1600	0	400	0	0.2	2	T48	T185	32
d-phlag_0010-c_min2max4-r	1383	17	0	600	0.3	2	T184	T189	26
d-phlag_0010-c_min2max4-r	1029	471	0	500	0.25	1	T41	T97	24
d-phlag_0010-c_min2max4-r	1784	18	3	195	0.1	3	T54	T88	28
d-phlag_0010-c_min2max4-r	3	1397	600	0	0.3	1	T190	T7	30
d-phlag_0010-c_min2max4-r	146	1354	493	7	0.25	4	T171	T4	2
d-phlag_0010-c_min2max4-r	1600	0	400	0	0.2	2	T138	T99	25
d-phlag_0010-c_min2max4-r	1400	0	600	0	0.3	3	T140	T102	6
d-phlag_0010-c_min2max4-r	9	1691	300	0	0.15	1	T20	T32	5
d-phlag_0010-c_min2max4-r	1575	25	20	380	0.2	5	T70	T194	21
d-phlag_0010-c_min2max4-r	0	1600	400	0	0.2	1	T93	T77	36
d-phlag_0010-c_min2max4-r	1700	0	300	0	0.15	1	T145	T32	13
d-phlag_0010-c_min2max4-r	1707	95	198	0	0.1	3	T79	T172	45
d-phlag_0010-c_min2max4-r	0	1500	0	500	0.25	2	T98	T160	45
d-phlag_0010-c_min2max4-r	1786	16	11	187	0.1	3	T151	T102	1
d-phlag_0010-c_min2max4-r	1497	3	1	499	0.25	2	T25	T56	7
d-phlag_0010-c_min2max4-r	1319	81	24	576	0.3	2	T14	T148	10
d-phlag_0010-c_min2max4-r	0	1400	600	0	0.3	2	T199	T109	26
d-phlag_0010-c_min2max4-r	1502	0	498	0	0.25	3	T131	T67	38
d-phlag_0010-c_min2max4-r	1392	8	52	548	0.3	3	T197	T161	39
d-phlag_0010-c_min2max4-r	1	1899	100	0	0.05	1	T107	T198	19
d-phlag_0010-c_min2max4-r	5	1595	400	0	0.2	1	T70	T7	17
d-phlag_0010-c_min2max4-r	10	1690	300	0	0.15	2	T198	T127	38
d-phlag_0010-c_min2max4-r	1600	0	4	396	0.2	4	T136	T110	31
d-phlag_0010-c_min2max4-r	1500	0	22	478	0.25	1	T166	T34	28
d-phlag_0010-c_min2max4-r	453	1447	100	0	0.05	2	T138	T132	9
d-phlag_0010-c_min2max4-r	10	1690	300	0	0.15	4	T127	T134	40
d-phlag_0010-c_min2max4-r	1335	65	12	588	0.3	2	T36	T83	35
d-phlag_0010-c_min2max4-r	1555	45	0	400	0.2	1	T169	T25	5
d-phlag_0010-c_min2max4-r	1512	88	1	399	0.2	1	T195	T75	23
d-phlag_0010-c_min2max4-r	1800	0	200	0	0.1	2	T30	T47	37
d-phlag_0010-c_min2max4-r	1700	0	300	0	0.15	3	T144	T195	28
d-phlag_0010-c_min2max4-r	1800	0	200	0	0.1	4	T12	T59	23
d-phlag_0010-c_min2max4-r	3	1797	200	0	0.1	2	T56	T112	49
d-phlag_0010-c_min2max4-r	1427	75	382	116	0.25	3	T47	T32	26
d-phlag_0010-c_min2max4-r	1641	159	200	0	0.1	1	T74	T52	18
d-phlag_0010-c_min2max4-r	1677	23	10	290	0.15	2	T153	T30	29
d-phlag_0010-c_min2max4-r	1600	0	0	400	0.2	1	T2	T60	39
d-phlag_0010-c_min2max4-r	49	1351	590	10	0.3	2	T13	T161	23
d-phlag_0010-c_min2max4-r	1400	0	600	0	0.3	1	T182	T29	15
d-phlag_0010-c_min2max4-r	1799	1	1	199	0.1	1	T143	T121	35
d-phlag_0010-c_min2max4-r	1600	0	0	400	0.2	1	T140	T110	20
d-phlag_0010-c_min2max4-r	1700	0	300	0	0.15	3	T133	T115	24
d-phlag_0010-c_min2max4-r	2	1398	600	0	0.3	1	T3	T68	4
d-phlag_0010-c_min2max4-r	1400	0	2	598	0.3	1	T198	T101	10
d-phlag_0010-c_min2max4-r	8	1593	396	3	0.2	3	T76	T133	38
d-phlag_0010-c_min2max4-r	1593	7	10	390	0.2	4	T25	T56	7
d-phlag_0010-c_min2max4-r	123	1277	600	0	0.3	2	T120	T43	50
d-phlag_0010-c_min2max4-r	1500	0	500	0	0.25	2	T192	T160	44
d-phlag_0010-c_min2max4-r	1500	0	500	0	0.25	1	T23	T66	22
d-phlag_0010-c_min2max4-r	0	1800	200	0	0.1	2	T159	T119	22
d-phlag_0010-c_min2max4-r	1700	0	254	46	0.15	1	T97	T32	13
d-phlag_0010-c_min2max4-r	1500	0	500	0	0.25	1	T85	T31	25
d-phlag_0010-c_min2max4-r	1900	0	0	100	0.05	2	T38	T134	34
d-phlag_0010-c_min2max4-r	0	1800	200	0	0.1	1	T187	T11	14
d-phlag_0010-c_min2max4-r	1400	0	600	0	0.3	2	T150	T36	4
d-phlag_0010-c_min2max4-r	1586	14	400	0	0.2	1	T101	T126	4
d-phlag_0010-c_min2max4-r	0	1600	0	400	0.2	1	T77	T87	27
d-phlag_0010-c_min2max4-r	1333	67	30	570	0.3	1	T129	T57	11
d-phlag_0010-c_min2max4-r	1899	1	0	100	0.05	1	T138	T147	38
d-phlag_0010-c_min2max4-r	1600	0	0	400	0.2	2	T139	T88	43
d-phlag_0010-c_min2max4-r	1700	0	300	0	0.15	3	T194	T41	19
d-phlag_0010-c_min2max4-r	1600	0	400	0	0.2	4	T2	T58	17
d-phlag_0010-c_min2max4-r	3	1597	400	0	0.2	1	T198	T102	40
d-phlag_0010-c_min2max4-r	1600	0	400	0	0.2	5	T129	T57	11
d-phlag_0010-c_min2max4-r	1400	0	78	522	0.3	2	T114	T186	50
d-phlag_0010-c_min2max4-r	1894	6	3	97	0.05	1	T16	T190	42
d-phlag_0010-c_min2max4-r	1654	46	0	300	0.15	3	T175	T76	36
d-phlag_0010-c_min2max4-r	1900	1	33	66	0.05	3	T167	T106	4
d-phlag_0010-c_min2max4-r	1587	13	5	395	0.2	1	T142	T10	17
d-phlag_0010-c_min2max4-r	0	1900	100	0	0.05	1	T199	T109	26
d-phlag_0010-c_min2max4-r	1899	1	0	100	0.05	1	T175	T194	41
d-phlag_0010-c_min2max4-r	1800	0	4	196	0.1	2	T140	T194	48
d-phlag_0010-c_min2max4-r	1400	0	12	588	0.3	1	T51	T80	35
d-phlag_0010-c_min2max4-r	34	1867	98	1	0.05	3	T114	T60	18
d-phlag_0010-c_min2max4-r	1900	0	100	0	0.05	2	T37	T28	11
d-phlag_0010-c_min2max4-r	0	1800	200	0	0.1	1	T88	T49	21
d-phlag_0010-c_min2max4-r	1	1499	500	0	0.25	1	T58	T103	21
d-phlag_0010-c_min2max4-r	8	1494	497	1	0.25	3	T7	T19	26
d-phlag_0010-c_min2max4-r	5	1495	500	0	0.25	2	T188	T47	18
d-phlag_0010-c_min2max4-r	7	1793	200	0	0.1	1	T138	T147	38
d-phlag_0010-c_min2max4-r	1800	0	200	0	0.1	1	T2	T176	20
d-phlag_0010-c_min2max4-r	0	1700	300	0	0.15	1	T158	T11	36
d-phlag_0010-c_min2max4-r	1700	0	300	0	0.15	2	T82	T155	42
d-phlag_0010-c_min2max4-r	4	1798	198	0	0.1	3	T174	T115	28
d-phlag_0010-c_min2max4-r	1901	0	84	15	0.05	3	T184	T189	26
d-phlag_0010-c_min2max4-r	3	1497	500	0	0.25	1	T50	T1	14
d-phlag_0010-c_min2max4-r	0	1800	200	0	0.1	1	T101	T107	17
d-phlag_0010-c_min2max4-r	0	1400	0	600	0.3	1	T16	T49	9
d-phlag_0010-c_min2max4-r	1587	13	0	400	0.2	1	T78	T150	47
d-phlag_0010-c_min2max4-r	1678	22	15	285	0.15	3	T25	T56	7
d-phlag_0010-c_min2max4-r	1324	176	0	500	0.25	1	T197	T161	39
d-phlag_0010-c_min2max4-r	338	1164	130	368	0.25	3	T139	T123	27
d-phlag_0010-c_min2max4-r	3	1397	600	0	0.3	1	T57	T86	32
d-phlag_0010-c_min2max4-r	1901	0	99	0	0.05	3	T57	T177	43
d-phlag_0010-c_min2max4-r	1802	0	198	0	0.1	3	T20	T59	28
d-phlag_0010-c_min2max4-r	1696	4	116	184	0.15	2	T172	T49	22
d-phlag_0010-c_min2max4-r	538	1262	0	200	0.1	1	T12	T36	3
d-phlag_0010-c_min2max4-r	1899	1	1	99	0.05	1	T192	T23	48
d-phlag_0010-c_min2max4-r	1800	0	0	200	0.1	1	T161	T158	8
d-phlag_0010-c_min2max4-r	1900	0	100	0	0.05	1	T20	T59	28
d-phlag_0010-c_min2max4-r	1794	6	0	200	0.1	1	T38	T181	50
d-phlag_0010-c_min2max4-r	1700	0	0	300	0.15	2	T128	T77	35
d-phlag_0010-c_min2max4-r	1694	6	0	300	0.15	2	T29	T187	29
d-phlag_0010-c_min2max4-r	19	1481	500	0	0.25	1	T119	T198	9
d-phlag_0010-c_min2max4-r	1500	0	0	500	0.25	2	T117	T95	31
d-phlag_0010-c_min2max4-r	1700	0	4	296	0.15	2	T20	T124	35
d-phlag_0010-c_min2max4-r	0	1601	395	4	0.2	3	T171	T77	31
d-phlag_0010-c_min2max4-r	1800	0	1	199	0.1	2	T64	T39	15
d-phlag_0010-c_min2max4-r	1567	33	258	142	0.2	2	T139	T115	38
d-phlag_0010-c_min2max4-r	1700	0	1	299	0.15	2	T77	T112	41
d-phlag_0010-c_min2max4-r	1600	0	2	398	0.2	2	T165	T132	7
d-phlag_0010-c_min2max4-r	0	1500	500	0	0.25	1	T127	T105	37
d-phlag_0010-c_min2max4-r	1592	8	0	400	0.2	2	T117	T95	31
d-phlag_0010-c_min2max4-r	0	1900	100	0	0.05	2	T194	T198	20
d-phlag_0010-c_min2max4-r	1782	18	32	168	0.1	2	T193	T127	10
d-phlag_0010-c_min2max4-r	1799	3	0	198	0.1	3	T4	T127	47
d-phlag_0010-c_min2max4-r	12	1388	598	2	0.3	2	T146	T99	23
d-phlag_0010-c_min2max4-r	9	1691	296	4	0.15	3	T7	T19	26
d-phlag_0010-c_min2max4-r	1814	86	1	99	0.05	4	T173	T48	9
d-phlag_0010-c_min2max4-r	0	1400	600	0	0.3	1	T114	T140	37
d-phlag_0010-c_min2max4-r	25	1375	595	5	0.3	4	T13	T7	47
d-phlag_0010-c_min2max4-r	1700	0	25	275	0.15	3	T197	T176	4
d-phlag_0010-c_min2max4-r	1789	11	2	198	0.1	2	T72	T198	18
d-phlag_0010-c_min2max4-r	25	1775	197	3	0.1	4	T109	T111	10
d-phlag_0010-c_min2max4-r	10	1490	497	3	0.25	2	T86	T61	13
d-phlag_0010-c_min2max4-r	1883	17	3	97	0.05	4	T140	T194	48
d-phlag_0010-c_min2max4-r	1587	14	1	398	0.2	3	T29	T187	29
d-phlag_0010-c_min2max4-r	4	1696	300	0	0.15	1	T2	T60	39
d-phlag_0010-c_min2max4-r	7	1693	300	0	0.15	1	T166	T177	30
d-phlag_0010-c_min2max4-r	3	1697	297	3	0.15	2	T136	T110	31
d-phlag_0010-c_min2max4-r	10	1590	400	0	0.2	1	T108	T4	8
d-phlag_0010-c_min2max4-r	1802	0	198	0	0.1	3	T129	T57	11
d-phlag_0010-c_min2max4-r	1698	2	1	299	0.15	1	T106	T156	39
d-phlag_0010-c_min2max4-r	1900	0	100	0	0.05	1	T27	T24	14
d-phlag_0010-c_min2max4-r	1800	0	200	0	0.1	2	T47	T72	31
d-phlag_0010-c_min2max4-r	1591	9	7	393	0.2	2	T197	T176	4
d-phlag_0010-c_min2max4-r	1900	0	13	87	0.05	2	T57	T86	32
d-phlag_0010-c_min2max4-r	0	1800	199	1	0.1	1	T128	T160	5
d-phlag_0010-c_min2max4-r	0	1700	300	0	0.15	2	T194	T198	20
d-phlag_0010-c_min2max4-r	0	1600	400	0	0.2	1	T73	T127	40
d-phlag_0010-c_min2max4-r	0	1901	0	99	0.05	3	T130	T177	42
d-phlag_0010-c_min2max4-r	54	1547	399	0	0.2	3	T34	T40	42
d-phlag_0010-c_min2max4-r	1394	6	6	594	0.3	2	T7	T68	41
d-phlag_0010-c_min2max4-r	1	1599	399	1	0.2	1	T151	T102	1
d-phlag_0010-c_min2max4-r	717	683	600	0	0.3	1	T70	T115	5
d-phlag_0010-c_min2max4-r	3	1397	600	0	0.3	2	T77	T112	41
d-phlag_0010-c_min2max4-r	1400	0	0	600	0.3	1	T96	T105	47
d-phlag_0010-c_min2max4-r	1586	15	0	399	0.2	3	T86	T61	13
d-phlag_0010-c_min2max4-r	1600	0	400	0	0.2	2	T76	T57	35
d-phlag_0010-c_min2max4-r	1840	60	0	100	0.05	2	T73	T198	18
d-phlag_0010-c_min2max4-r	1700	0	300	0	0.15	2	T172	T111	6
d-phlag_0010-c_min2max4-r	1393	7	0	600	0.3	1	T41	T190	23
d-phlag_0010-c_min2max4-r	0	1400	600	0	0.3	2	T159	T8	49
d-phlag_0010-c_min2max4-r	1697	3	11	289	0.15	3	T87	T186	16
d-phlag_0010-c_min2max4-r	1800	0	200	0	0.1	1	T76	T57	35
d-phlag_0010-c_min2max4-r	1600	0	400	0	0.2	2	T126	T117	39
d-phlag_0010-c_min2max4-r	0	1400	600	0	0.3	1	T67	T68	29
d-phlag_0010-c_min2max4-r	1377	425	9	189	0.1	3	T41	T97	24
d-phlag_0010-c_min2max4-r	2	1898	100	0	0.05	2	T118	T48	32
d-phlag_0010-c_min2max4-r	1723	77	120	80	0.1	5	T180	T192	2
d-phlag_0010-c_min2max4-r	1700	0	300	0	0.15	2	T48	T185	32
d-phlag_0010-c_min2max4-r	1392	8	3	597	0.3	1	T44	T178	12
d-phlag_0010-c_min2max4-r	3	1497	500	0	0.25	2	T195	T176	34
d-phlag_0010-c_min2max4-r	1900	0	100	0	0.05	2	T36	T83	35
d-phlag_0010-c_min2max4-r	3	1697	300	0	0.15	2	T58	T16	44
d-phlag_0010-c_min2max4-r	1478	22	2	498	0.25	1	T146	T99	23
d-phlag_0010-c_min2max4-r	3	1697	300	0	0.15	1	T19	T7	25
d-phlag_0010-c_min2max4-r	1800	0	200	0	0.1	2	T37	T28	11
d-phlag_0010-c_min2max4-r	10	1891	99	0	0.05	3	T73	T179	46
d-phlag_0010-c_min2max4-r	0	1700	300	0	0.15	1	T138	T132	9
d-phlag_0010-c_min2max4-r	463	1437	0	100	0.05	2	T172	T69	45
d-phlag_0010-c_min2max4-r	0	1900	100	0	0.05	2	T88	T49	21
d-phlag_0010-c_min2max4-r	1800	0	0	200	0.1	1	T77	T112	41
d-phlag_0010-c_min2max4-r	1594	6	268	132	0.2	2	T6	T112	2
d-phlag_0010-c_min2max4-r	1697	3	90	210	0.15	4	T100	T97	31
d-phlag_0010-c_min2max4-r	4	1496	500	0	0.25	2	T88	T49	21
d-phlag_0010-c_min2max4-r	4	1796	200	0	0.1	2	T17	T127	17
d-phlag_0010-c_min2max4-r	71	1329	599	1	0.3	3	T185	T6	9
d-phlag_0010-c_min2max4-r	1765	35	200	0	0.1	2	T113	T29	36
d-phlag_0010-c_min2max4-r	1800	0	200	0	0.1	2	T30	T83	35
d-phlag_0010-c_min2max4-r	0	1900	100	0	0.05	2	T117	T137	40
d-phlag_0010-c_min2max4-r	1	1501	498	0	0.25	3	T200	T123	30
d-phlag_0010-c_min2max4-r	3	1697	300	0	0.15	1	T102	T113	10
d-phlag_0010-c_min2max4-r	1576	24	390	10	0.2	2	T191	T91	3
d-phlag_0010-c_min2max4-r	6	1894	98	2	0.05	2	T135	T177	4
d-phlag_0010-c_min2max4-r	10	1890	100	0	0.05	2	T131	T102	21
d-phlag_0010-c_min2max4-r	1597	3	3	397	0.2	2	T153	T30	29
d-phlag_0010-c_min2max4-r	1	1699	300	0	0.15	3	T131	T102	21
d-phlag_0010-c_min2max4-r	4	1596	400	0	0.2	1	T27	T15	47
d-phlag_0010-c_min2max4-r	1500	0	500	0	0.25	1	T97	T32	13
d-phlag_0010-c_min2max4-r	952	848	200	0	0.1	1	T192	T160	44
d-phlag_0010-c_min2max4-r	1699	1	0	300	0.15	2	T149	T105	31
d-phlag_0010-c_min2max4-r	0	1500	500	0	0.25	2	T62	T40	20
d-phlag_0010-c_min2max4-r	1428	72	6	494	0.25	2	T132	T61	32
d-phlag_0010-c_min2max4-r	1502	0	498	0	0.25	3	T118	T78	17
d-phlag_0010-c_min2max4-r	1890	10	5	95	0.05	1	T63	T46	7
d-phlag_0010-c_min2max4-r	1400	0	600	0	0.3	4	T129	T95	46
d-phlag_0010-c_min2max4-r	1600	0	400	0	0.2	2	T145	T94	8
d-phlag_0010-c_min2max4-r	0	1700	300	0	0.15	1	T181	T21	47
d-phlag_0010-c_min2max4-r	7	1493	500	0	0.25	2	T71	T144	11
d-phlag_0010-c_min2max4-r	1800	0	2	198	0.1	2	T27	T15	47
d-phlag_0010-c_min2max4-r	12	1588	400	0	0.2	2	T23	T195	39
d-phlag_0010-c_min2max4-r	1399	1	2	598	0.3	5	T121	T93	5
d-phlag_0010-c_min2max4-r	1601	0	399	0	0.2	3	T50	T148	10
d-phlag_0010-c_min2max4-r	1800	0	200	0	0.1	5	T131	T67	38
d-phlag_0010-c_min2max4-r	0	1500	500	0	0.25	2	T139	T88	43
d-phlag_0010-c_min2max4-r	1586	14	2	398	0.2	1	T86	T133	46
d-phlag_0010-c_min2max4-r	1500	0	0	500	0.25	2	T56	T28	28
d-phlag_0010-c_min2max4-r	1653	247	50	50	0.05	2	T44	T178	12
d-phlag_0010-c_min2max4-r	34	1666	300	0	0.15	2	T7	T68	41
d-phlag_0010-c_min2max4-r	1500	0	15	485	0.25	1	T18	T11	48
d-phlag_0010-c_min2max4-r	1900	0	100	0	0.05	1	T48	T148	12
d-phlag_0010-c_min2max4-r	1473	27	59	441	0.25	4	T193	T127	10
d-phlag_0010-c_min2max4-r	1700	0	300	0	0.15	2	T169	T25	5
d-phlag_0010-c_min2max4-r	0	1800	200	0	0.1	1	T118	T48	32
d-phlag_0010-c_min2max4-r	27	1773	200	0	0.1	1	T114	T60	18
d-phlag_0010-c_min2max4-r	0	1500	500	0	0.25	1	T167	T124	33
d-phlag_0010-c_min2max4-r	571	929	500	0	0.25	2	T15	T112	17
d-phlag_0010-c_min2max4-r	1788	12	0	200	0.1	1	T172	T49	22
d-phlag_0010-c_min2max4-r	790	710	500	0	0.25	1	T134	T88	24
d-phlag_0010-c_min2max4-r	936	965	99	0	0.05	3	T136	T110	31
d-phlag_0010-c_min2max4-r	0	1500	500	0	0.25	2	T72	T138	44
d-phlag_0010-c_min2max4-r	7	1493	500	0	0.25	1	T33	T31	19
d-phlag_0010-c_min2max4-r	1479	21	0	500	0.25	1	T13	T161	23
d-phlag_0010-c_min2max4-r	0	1600	400	0	0.2	1	T85	T79	31
d-phlag_0010-c_min2max4-r	1238	662	0	100	0.05	1	T19	T145	50
d-phlag_0010-c_min2max4-r	1560	41	3	396	0.2	3	T171	T24	37
d-phlag_0010-c_min2max4-r	1498	2	5	495	0.25	4	T24	T150	34
d-phlag_0010-c_min2max4-r	812	690	11	487	0.25	3	T144	T28	44
d-phlag_0010-c_min2max4-r	1389	11	31	569	0.3	5	T133	T156	49
d-phlag_0010-c_min2max4-r	4	1396	599	1	0.3	1	T69	T199	8
d-phlag_0010-c_min2max4-r	1500	0	1	499	0.25	2	T98	T46	13
d-phlag_0010-c_min2max4-r	0	1500	500	0	0.25	2	T136	T105	40
d-phlag_0010-c_min2max4-r	1502	0	498	0	0.25	3	T130	T52	43
d-phlag_0010-c_min2max4-r	1392	8	2	598	0.3	3	T84	T13	33
d-phlag_0010-c_min2max4-r	0	1700	300	0	0.15	1	T93	T77	36
d-phlag_0010-c_min2max4-r	0	1600	400	0	0.2	1	T70	T151	14
d-phlag_0010-c_min2max4-r	1600	301	99	0	0.05	3	T191	T198	16
d-phlag_0010-c_min2max4-r	1500	0	500	0	0.25	1	T2	T176	20
d-phlag_0010-c_min2max4-r	4	1596	400	0	0.2	1	T50	T1	14
d-phlag_0010-c_min2max4-r	4	1496	500	0	0.25	2	T17	T198	23
d-phlag_0010-c_min2max4-r	1377	123	427	73	0.25	1	T85	T19	44
d-phlag_0010-c_min2max4-r	0	1500	500	0	0.25	2	T128	T160	5
d-phlag_0010-c_min2max4-r	12	1688	300	0	0.15	5	T192	T52	31
d-phlag_0010-c_min2max4-r	1600	0	36	364	0.2	1	T144	T46	7
d-phlag_0010-c_min2max4-r	0	1400	600	0	0.3	1	T104	T184	19
d-phlag_0010-c_min2max4-r	125	1275	600	0	0.3	4	T9	T199	45
d-phlag_0010-c_min2max4-r	1782	18	200	0	0.1	1	T101	T126	4
d-phlag_0010-c_min2max4-r	1698	2	5	295	0.15	3	T151	T183	29
d-phlag_0010-c_min2max4-r	1502	0	498	0	0.25	3	T179	T163	46
d-phlag_0010-c_min2max4-r	1893	7	79	21	0.05	4	T106	T158	43
d-phlag_0010-c_min2max4-r	1149	452	0	399	0.2	3	T19	T145	50
d-phlag_0010-c_min2max4-r	0	1900	99	1	0.05	1	T127	T105	37
d-phlag_0010-c_min2max4-r	1500	0	445	55	0.25	1	T6	T112	2
d-phlag_0010-c_min2max4-r	0	1400	0	600	0.3	3	T77	T87	27
d-phlag_0010-c_min2max4-r	1800	0	200	0	0.1	2	T85	T31	25
d-phlag_0010-c_min2max4-r	1797	5	25	173	0.1	3	T109	T71	42
d-phlag_0010-c_min2max4-r	1900	0	1	99	0.05	2	T90	T29	12
d-phlag_0010-c_min2max4-r	4	1696	299	1	0.15	1	T78	T150	47
d-phlag_0010-c_min2max4-r	1900	0	12	88	0.05	1	T65	T181	22
d-phlag_0010-c_min2max4-r	1	1899	100	0	0.05	1	T2	T60	39
d-phlag_0010-c_min2max4-r	1799	1	9	191	0.1	2	T7	T15	49
d-phlag_0010-c_min2max4-r	2	1598	400	0	0.2	1	T174	T115	28
d-phlag_0010-c_min2max4-r	1502	0	498	0	0.25	3	T103	T190	12
d-phlag_0010-c_min2max4-r	1488	12	4	496	0.25	1	T113	T15	49
d-phlag_0010-c_min2max4-r	1800	0	0	200	0.1	1	T179	T106	9
d-phlag_0010-c_min2max4-r	0	1400	600	0	0.3	2	T99	T180	26
d-phlag_0010-c_min2max4-r	1697	3	0	300	0.15	1	T130	T4	9
d-phlag_0010-c_min2max4-r	1800	0	200	0	0.1	2	T2	T142	34
d-phlag_0010-c_min2max4-r	169	1531	0	300	0.15	4	T9	T123	27
d-phlag_0010-c_min2max4-r	1802	0	198	0	0.1	3	T57	T44	14
d-phlag_0010-c_min2max4-r	1700	0	1	299	0.15	1	T133	T156	49
d-phlag_0010-c_min2max4-r	0	1400	0	600	0.3	1	T182	T200	33
d-phlag_0010-c_min2max4-r	0	1400	600	0	0.3	1	T115	T171	15
d-phlag_0010-c_min2max4-r	0	1400	600	0	0.3	3	T169	T170	2
d-phlag_0010-c_min2max4-r	0	1400	600	0	0.3	1	T126	T142	22
d-phlag_0010-c_min2max4-r	24	1778	198	0	0.1	3	T1	T117	30
d-phlag_0010-c_min2max4-r	0	1400	599	1	0.3	2	T70	T42	16
d-phlag_0010-c_min2max4-r	1372	28	0	600	0.3	1	T20	T59	28
d-phlag_0010-c_min2max4-r	1277	123	24	576	0.3	4	T125	T69	44
d-phlag_0010-c_min2max4-r	1600	0	400	0	0.2	4	T71	T37	10
d-phlag_0010-c_min2max4-r	19	1381	600	0	0.3	2	T101	T55	1
d-phlag_0010-c_min2max4-r	1900	0	100	0	0.05	2	T6	T118	21
d-phlag_0010-c_min2max4-r	59	1641	300	0	0.15	4	T28	T86	32
d-phlag_0010-c_min2max4-r	1900	0	100	0	0.05	2	T15	T6	22
d-phlag_0010-c_min2max4-r	38	1662	300	0	0.15	1	T29	T32	46
d-phlag_0010-c_min2max4-r	0	1900	100	0	0.05	1	T44	T128	25
d-phlag_0010-c_min2max4-r	1700	0	300	0	0.15	3	T76	T108	32
d-phlag_0010-c_min2max4-r	0	1900	0	100	0.05	4	T32	T188	26
d-phlag_0010-c_min2max4-r	0	1500	500	0	0.25	1	T200	T107	33
d-phlag_0010-c_min2max4-r	1010	590	400	0	0.2	1	T35	T120	12
d-phlag_0010-c_min2max4-r	0	1400	600	0	0.3	1	T158	T11	36
d-phlag_0010-c_min2max4-r	1499	1	10	490	0.25	4	T140	T194	48
d-phlag_0010-c_min2max4-r	1400	0	600	0	0.3	1	T142	T128	6
d-phlag_0010-c_min2max4-r	1600	0	0	400	0.2	5	T56	T28	28
d-phlag_0010-c_min2max4-r	128	1372	499	1	0.25	4	T89	T145	50
d-phlag_0010-c_min2max4-r	1800	0	13	187	0.1	1	T114	T186	50
d-phlag_0010-c_min2max4-r	1900	0	100	0	0.05	1	T96	T167	14
d-phlag_0010-c_min2max4-r	1601	0	399	0	0.2	3	T13	T87	5
d-phlag_0010-c_min2max4-r	1400	0	0	600	0.3	1	T28	T86	32
d-phlag_0010-c_min2max4-r	1800	0	4	196	0.1	1	T181	T154	49
d-phlag_0010-c_min2max4-r	1502	0	0	498	0.25	3	T35	T7	16
d-phlag_0010-c_min2max4-r	1500	0	500	0	0.25	2	T193	T143	30
d-phlag_0010-c_min2max4-r	1400	0	600	0	0.3	2	T145	T94	8
d-phlag_0010-c_min2max4-r	1598	2	5	395	0.2	1	T197	T161	39
d-phlag_0010-c_min2max4-r	1502	0	498	0	0.25	3	T148	T130	43
d-phlag_0010-c_min2max4-r	1693	7	30	270	0.15	5	T94	T180	11
d-phlag_0010-c_min2max4-r	1800	0	200	0	0.1	2	T57	T177	43
d-phlag_0010-c_min2max4-r	1354	46	53	547	0.3	6	T175	T76	36
d-phlag_0010-c_min2max4-r	357	1343	0	300	0.15	3	T12	T36	3
d-phlag_0010-c_min2max4-r	1500	2	1	497	0.25	3	T96	T105	47
d-phlag_0010-c_min2max4-r	1500	0	500	0	0.25	1	T82	T190	6
d-phlag_0010-c_min2max4-r	1642	158	200	0	0.1	1	T148	T86	25
d-phlag_0010-c_min2max4-r	8	1392	600	0	0.3	1	T98	T22	41
d-phlag_0010-c_min2max4-r	8	1794	198	0	0.1	3	T46	T70	1
d-phlag_0010-c_min2max4-r	0	1500	500	0	0.25	1	T44	T128	25
d-phlag_0010-c_min2max4-r	1114	486	0	400	0.2	1	T30	T188	44
d-phlag_0010-c_min2max4-r	0	1500	500	0	0.25	1	T50	T138	21
d-phlag_0010-c_min2max4-r	21	1379	597	3	0.3	2	T14	T180	4
d-phlag_0010-c_min2max4-r	0	1400	0	600	0.3	1	T150	T137	44
d-phlag_0010-c_min2max4-r	1900	0	100	0	0.05	5	T185	T142	34
d-phlag_0010-c_min2max4-r	1652	48	300	0	0.15	3	T178	T149	19
d-phlag_0010-c_min2max4-r	36	1764	195	5	0.1	2	T196	T8	26
d-phlag_0010-c_min2max4-r	21	1379	600	0	0.3	1	T6	T94	32
d-phlag_0010-c_min2max4-r	1600	0	400	0	0.2	2	T6	T118	21
d-phlag_0010-c_min2max4-r	1411	91	4	494	0.25	3	T90	T10	24
d-phlag_0010-c_min2max4-r	0	1600	400	0	0.2	1	T159	T119	22
d-phlag_0010-c_min2max4-r	0	1400	599	1	0.3	2	T109	T111	10
d-phlag_0010-c_min2max4-r	0	1700	0	300	0.15	1	T31	T191	25
d-phlag_0010-c_min2max4-r	9	1892	99	0	0.05	3	T71	T144	11
d-phlag_0010-c_min2max4-r	82	1318	600	0	0.3	3	T179	T106	9
d-phlag_0010-c_min2max4-r	1474	26	0	500	0.25	1	T29	T32	46
d-phlag_0010-c_min2max4-r	0	1900	0	100	0.05	1	T30	T188	44
d-phlag_0010-c_min2max4-r	1780	20	0	200	0.1	2	T20	T32	5
d-phlag_0010-c_min2max4-r	1804	96	100	0	0.05	2	T82	T155	42
d-phlag_0010-c_min2max4-r	1597	3	4	396	0.2	1	T181	T154	49
d-phlag_0010-c_min2max4-r	0	1900	99	1	0.05	2	T108	T86	6
d-phlag_0010-c_min2max4-r	1655	45	10	290	0.15	2	T171	T4	2
d-phlag_0010-c_min2max4-r	1900	0	3	97	0.05	1	T92	T64	49
d-phlag_0010-c_min2max4-r	3	1397	595	5	0.3	2	T7	T15	49
d-phlag_0010-c_min2max4-r	1600	0	8	392	0.2	1	T81	T36	13
d-phlag_0010-c_min2max4-r	0	1900	0	100	0.05	2	T136	T196	28
d-phlag_0010-c_min2max4-r	0	1900	100	0	0.05	2	T200	T123	30
d-phlag_0010-c_min2max4-r	1795	5	0	200	0.1	1	T172	T69	45
d-phlag_0010-c_min2max4-r	1800	0	200	0	0.1	2	T38	T46	33
d-phlag_0010-c_min2max4-r	1452	50	21	477	0.25	3	T109	T76	36
d-phlag_0010-c_min2max4-r	1668	132	200	0	0.1	1	T18	T5	33
d-phlag_0010-c_min2max4-r	1900	0	100	0	0.05	1	T13	T7	47
d-phlag_0010-c_min2max4-r	1900	0	100	0	0.05	1	T100	T97	31
d-phlag_0010-c_min2max4-r	41	1459	500	0	0.25	1	T57	T160	17
d-phlag_0010-c_min2max4-r	72	1428	496	4	0.25	2	T198	T101	10
d-phlag_0010-c_min2max4-r	176	1224	579	21	0.3	2	T96	T167	14
d-phlag_0010-c_min2max4-r	1	1899	100	0	0.05	1	T159	T58	33
d-phlag_0010-c_min2max4-r	1585	15	6	394	0.2	4	T57	T160	17
d-phlag_0010-c_min2max4-r	1158	542	300	0	0.15	2	T126	T100	21
d-phlag_0010-c_min2max4-r	15	1585	399	1	0.2	2	T60	T59	31
d-phlag_0010-c_min2max4-r	655	745	0	600	0.3	2	T17	T30	27
d-phlag_0010-c_min2max4-r	1546	55	2	397	0.2	3	T29	T32	46
d-phlag_0010-c_min2max4-r	1311	89	5	595	0.3	2	T32	T37	45
d-phlag_0010-c_min2max4-r	0	1900	100	0	0.05	5	T127	T134	40
d-phlag_0010-c_min2max4-r	1400	0	2	598	0.3	3	T139	T88	43
d-phlag_0010-c_min2max4-r	1800	0	200	0	0.1	2	T107	T167	8
d-phlag_0010-c_min2max4-r	14	1686	297	3	0.15	2	T37	T24	2
d-phlag_0010-c_min2max4-r	978	722	0	300	0.15	1	T105	T80	27
d-phlag_0010-c_min2max4-r	1685	15	5	295	0.15	2	T20	T106	3
d-phlag_0010-c_min2max4-r	1700	0	5	295	0.15	1	T6	T128	16
d-phlag_0010-c_min2max4-r	1600	0	0	400	0.2	1	T56	T112	49
d-phlag_0010-c_min2max4-r	7	1393	600	0	0.3	1	T200	T151	14
d-phlag_0010-c_min2max4-r	1379	121	250	250	0.25	4	T23	T171	10
d-phlag_0010-c_min2max4-r	1600	0	400	0	0.2	1	T139	T175	47
d-phlag_0010-c_min2max4-r	1400	0	600	0	0.3	2	T126	T117	39
d-phlag_0010-c_min2max4-r	16	1585	399	0	0.2	3	T140	T194	48
d-phlag_0010-c_min2max4-r	1	1600	399	0	0.2	3	T172	T179	46
d-phlag_0010-c_min2max4-r	1661	39	7	293	0.15	4	T25	T57	1
d-phlag_0010-c_min2max4-r	1594	6	37	363	0.2	1	T125	T69	44
d-phlag_0010-c_min2max4-r	10	1690	300	0	0.15	3	T154	T107	48
d-phlag_0010-c_min2max4-r	1800	0	200	0	0.1	4	T88	T120	12
d-phlag_0010-c_min2max4-r	1493	7	0	500	0.25	1	T88	T180	19
d-phlag_0010-c_min2max4-r	1600	0	400	0	0.2	2	T136	T144	8
d-phlag_0010-c_min2max4-r	1788	12	0	200	0.1	1	T104	T131	1
d-phlag_0010-c_min2max4-r	0	1400	600	0	0.3	1	T7	T30	32
d-phlag_0010-c_min2max4-r	2	1398	600	0	0.3	3	T159	T119	22
d-phlag_0010-c_min2max4-r	1695	5	25	275	0.15	2	T96	T167	14
d-phlag_0010-c_min2max4-r	1500	0	500	0	0.25	2	T67	T22	3
d-phlag_0010-c_min2max4-r	35	1866	99	0	0.05	3	T102	T158	16
d-phlag_0010-c_min2max4-r	1900	0	0	100	0.05	1	T1	T117	30
d-phlag_0010-c_min2max4-r	1901	0	99	0	0.05	3	T107	T17	29
d-phlag_0010-c_min2max4-r	1661	139	196	4	0.1	2	T191	T91	3
d-phlag_0010-c_min2max4-r	1015	685	123	177	0.15	2	T77	T87	27
d-phlag_0010-c_min2max4-r	4	1496	500	0	0.25	1	T151	T102	1
d-phlag_0010-c_min2max4-r	1	1599	399	1	0.2	2	T53	T158	43
d-phlag_0010-c_min2max4-r	1409	495	64	32	0.05	6	T102	T113	10
d-phlag_0010-c_min2max4-r	1797	3	3	197	0.1	2	T159	T58	33
d-phlag_0010-c_min2max4-r	1	1799	200	0	0.1	1	T4	T5	22
d-phlag_0010-c_min2max4-r	1592	8	6	394	0.2	2	T193	T33	50
d-phlag_0010-c_min2max4-r	1700	0	4	296	0.15	1	T49	T114	30
d-phlag_0010-c_min2max4-r	73	1327	600	0	0.3	2	T108	T137	11
d-phlag_0010-c_min2max4-r	1743	57	0	200	0.1	2	T89	T145	50
d-phlag_0010-c_min2max4-r	1600	0	28	372	0.2	1	T134	T88	24
d-phlag_0010-c_min2max4-r	16	1786	198	0	0.1	3	T172	T179	46
d-phlag_0010-c_min2max4-r	21	1679	300	0	0.15	1	T59	T136	28
d-phlag_0010-c_min2max4-r	1899	1	1	99	0.05	2	T143	T121	35
d-phlag_0010-c_min2max4-r	1499	1	0	500	0.25	2	T23	T195	39
d-phlag_0010-c_min2max4-r	1400	0	428	172	0.3	2	T139	T115	38
d-phlag_0010-c_min2max4-r	1253	347	0	400	0.2	1	T118	T90	50
d-phlag_0010-c_min2max4-r	1491	9	1	499	0.25	2	T153	T30	29
d-phlag_0010-c_min2max4-r	0	1700	300	0	0.15	1	T70	T7	17
d-phlag_0010-c_min2max4-r	1179	321	0	500	0.25	5	T136	T75	50
d-phlag_0010-c_min2max4-r	859	643	330	168	0.25	3	T16	T97	15
d-phlag_0010-c_min2max4-r	1494	6	5	495	0.25	1	T141	T66	42
d-phlag_0010-c_min2max4-r	1802	0	198	0	0.1	3	T68	T126	37
d-phlag_0010-c_min2max4-r	1794	6	3	197	0.1	2	T18	T89	27
d-phlag_0010-c_min2max4-r	1502	0	3	495	0.25	3	T86	T59	43
d-phlag_0010-c_min2max4-r	1395	5	0	600	0.3	1	T63	T46	7
d-phlag_0010-c_min2max4-r	181	1719	100	0	0.05	2	T47	T130	45
d-phlag_0010-c_min2max4-r	1900	0	100	0	0.05	2	T184	T14	42
d-phlag_0010-c_min2max4-r	242	1359	392	7	0.2	3	T171	T4	2
d-phlag_0010-c_min2max4-r	1498	2	0	500	0.25	1	T177	T124	35
d-phlag_0010-c_min2max4-r	1799	3	6	192	0.1	3	T96	T105	47
d-phlag_0010-c_min2max4-r	1380	20	0	600	0.3	1	T153	T30	29
d-phlag_0010-c_min2max4-r	1799	1	0	200	0.1	1	T130	T177	42
d-phlag_0010-c_min2max4-r	1768	34	1	197	0.1	3	T197	T176	4
d-phlag_0010-c_min2max4-r	1700	0	300	0	0.15	2	T37	T28	11
d-phlag_0010-c_min2max4-r	1700	0	300	0	0.15	1	T13	T160	37
d-phlag_0010-c_min2max4-r	0	1600	400	0	0.2	2	T94	T171	34
d-phlag_0010-c_min2max4-r	1357	43	0	600	0.3	1	T27	T24	14
d-phlag_0010-c_min2max4-r	1400	0	600	0	0.3	1	T2	T176	20
d-phlag_0010-c_min2max4-r	1271	529	200	0	0.1	2	T47	T32	26
d-phlag_0010-c_min2max4-r	1600	0	0	400	0.2	2	T67	T68	29
d-phlag_0010-c_min2max4-r	14	1788	198	0	0.1	6	T10	T8	1
d-phlag_0010-c_min2max4-r	5	1795	200	0	0.1	1	T151	T183	29
d-phlag_0010-c_min2max4-r	1549	52	314	85	0.2	3	T113	T29	36
d-phlag_0010-c_min2max4-r	4	1596	400	0	0.2	2	T20	T124	35
d-phlag_0010-c_min2max4-r	2	1898	100	0	0.05	1	T51	T110	40
d-phlag_0010-c_min2max4-r	9	1491	499	1	0.25	2	T53	T162	11
d-phlag_0010-c_min2max4-r	1597	3	18	382	0.2	2	T16	T190	42
d-phlag_0010-c_min2max4-r	9	1591	400	0	0.2	1	T48	T177	28
d-phlag_0010-c_min2max4-r	1400	0	600	0	0.3	2	T14	T40	34
d-phlag_0010-c_min2max4-r	1551	49	21	379	0.2	2	T6	T128	16
d-phlag_0010-c_min2max4-r	6	1694	297	3	0.15	1	T177	T109	13
d-phlag_0010-c_min2max4-r	1900	0	100	0	0.05	2	T22	T11	29
d-phlag_0010-c_min2max4-r	6	1494	500	0	0.25	2	T130	T177	42
d-phlag_0010-c_min2max4-r	1700	0	1	299	0.15	1	T106	T158	8
d-phlag_0010-c_min2max4-r	1400	0	2	598	0.3	2	T33	T31	19
d-phlag_0010-c_min2max4-r	1395	5	47	553	0.3	4	T142	T10	17
d-phlag_0010-c_min2max4-r	31	1369	595	5	0.3	3	T145	T172	44
d-phlag_0010-c_min2max4-r	1866	34	8	92	0.05	1	T8	T54	38
d-phlag_0010-c_min2max4-r	1502	0	498	0	0.25	3	T181	T9	36
d-phlag_0010-c_min2max4-r	2	1500	495	3	0.25	3	T29	T187	29
d-phlag_0010-c_min2max4-r	1700	0	180	120	0.15	2	T17	T197	5
d-phlag_0010-c_min2max4-r	1600	0	40	360	0.2	2	T126	T100	21
d-phlag_0010-c_min2max4-r	11	1689	299	1	0.15	4	T117	T137	40
d-phlag_0010-c_min2max4-r	0	1500	500	0	0.25	1	T115	T171	15
d-phlag_0010-c_min2max4-r	1486	14	500	0	0.25	1	T101	T126	4
d-phlag_0010-c_min2max4-r	1800	0	200	0	0.1	4	T144	T28	44
d-phlag_0010-c_min2max4-r	1900	0	0	100	0.05	2	T101	T107	17
d-phlag_0010-c_min2max4-r	1400	0	3	597	0.3	1	T191	T161	39
d-phlag_0010-c_min2max4-r	1600	0	0	400	0.2	2	T58	T103	21
d-phlag_0010-c_min2max4-r	1700	0	0	300	0.15	1	T125	T141	18
d-phlag_0010-c_min2max4-r	1400	0	0	600	0.3	2	T46	T70	1
d-phlag_0010-c_min2max4-r	11	1389	600	0	0.3	1	T10	T8	1
d-phlag_0010-c_min2max4-r	1801	1	3	195	0.1	3	T71	T144	20
d-phlag_0010-c_min2max4-r	0	1400	600	0	0.3	4	T145	T197	7
d-phlag_0010-c_min2max4-r	0	1700	300	0	0.15	1	T174	T115	28
d-phlag_0010-c_min2max4-r	0	1500	500	0	0.25	1	T158	T11	36
d-phlag_0010-c_min2max4-r	0	1700	300	0	0.15	2	T94	T171	34
d-phlag_0010-c_min2max4-r	35	1365	596	4	0.3	2	T8	T54	38
d-phlag_0010-c_min2max4-r	1799	1	17	183	0.1	1	T125	T141	18
d-phlag_0010-c_min2max4-r	1495	5	0	500	0.25	2	T187	T11	14
d-phlag_0010-c_min2max4-r	1394	6	364	236	0.3	4	T138	T99	25
d-phlag_0010-c_min2max4-r	56	1544	400	0	0.2	2	T166	T34	28
d-phlag_0010-c_min2max4-r	1400	0	600	0	0.3	1	T193	T113	14
d-phlag_0010-c_min2max4-r	63	1337	600	0	0.3	2	T173	T48	9
d-phlag_0010-c_min2max4-r	1600	0	400	0	0.2	2	T30	T47	37
d-phlag_0010-c_min2max4-r	3	1797	200	0	0.1	2	T111	T137	11
d-phlag_0010-c_min2max4-r	0	1700	300	0	0.15	1	T121	T93	5
d-phlag_0010-c_min2max4-r	1861	39	1	99	0.05	2	T57	T196	42
d-phlag_0010-c_min2max4-r	13	1587	400	0	0.2	2	T52	T29	6
d-phlag_0010-c_min2max4-r	1465	35	250	250	0.25	2	T14	T148	10
d-phlag_0010-c_min2max4-r	9	1891	100	0	0.05	2	T46	T70	1
d-phlag_0010-c_min2max4-r	1800	0	0	200	0.1	2	T139	T159	15
d-phlag_0010-c_min2max4-r	2	1398	600	0	0.3	1	T29	T187	29
d-phlag_0010-c_min2max4	1500	0	500	0	0.25	1	T10	T30	10
d-phlag_0010-c_min2max4	1900	0	100	0	0.05	1	T88	T120	12
d-phlag_0010-c_min2max4	5	1895	100	0	0.05	1	T114	T140	37
d-phlag_0010-c_min2max4	1800	0	200	0	0.1	2	T118	T78	17
d-phlag_0010-c_min2max4	1700	0	0	300	0.15	1	T119	T198	9
d-phlag_0010-c_min2max4	1893	7	0	100	0.05	2	T8	T13	35
d-phlag_0010-c_min2max4	16	1486	498	0	0.25	3	T54	T121	30
d-phlag_0010-c_min2max4	1500	0	500	0	0.25	4	T137	T3	18
d-phlag_0010-c_min2max4	250	1150	600	0	0.3	3	T115	T44	46
d-phlag_0010-c_min2max4	1700	0	300	0	0.15	1	T148	T130	43
d-phlag_0010-c_min2max4	1599	1	4	396	0.2	1	T100	T97	31
d-phlag_0010-c_min2max4	0	1600	400	0	0.2	2	T200	T123	30
d-phlag_0010-c_min2max4	1399	1	65	535	0.3	2	T90	T10	24
d-phlag_0010-c_min2max4	1020	780	0	200	0.1	1	T151	T134	24
d-phlag_0010-c_min2max4	1887	13	10	90	0.05	1	T193	T127	10
d-phlag_0010-c_min2max4	20	1581	396	3	0.2	3	T102	T113	10
d-phlag_0010-c_min2max4	33	1868	98	1	0.05	3	T106	T158	8
d-phlag_0010-c_min2max4	33	1769	198	0	0.1	3	T50	T138	21
d-phlag_0010-c_min2max4	894	606	0	500	0.25	4	T105	T136	49
d-phlag_0010-c_min2max4	1601	0	399	0	0.2	3	T181	T9	36
d-phlag_0010-c_min2max4	1398	2	31	569	0.3	2	T106	T158	43
d-phlag_0010-c_min2max4	1632	68	0	300	0.15	1	T113	T29	36
d-phlag_0010-c_min2max4	1700	0	3	297	0.15	1	T166	T34	28
d-phlag_0010-c_min2max4	1562	240	130	68	0.1	3	T46	T167	27
d-phlag_0010-c_min2max4	0	1600	400	0	0.2	1	T51	T91	47
d-phlag_0010-c_min2max4	551	849	42	558	0.3	4	T85	T19	44
d-phlag_0010-c_min2max4	0	1900	100	0	0.05	1	T52	T29	6
d-phlag_0010-c_min2max4	1400	0	0	600	0.3	1	T24	T115	23
d-phlag_0010-c_min2max4	1600	0	400	0	0.2	1	T137	T102	43
d-phlag_0010-c_min2max4	639	1262	33	66	0.05	3	T144	T28	44
d-phlag_0010-c_min2max4	1900	0	100	0	0.05	2	T71	T37	10
d-phlag_0010-c_min2max4	1600	0	58	342	0.2	2	T141	T66	42
d-phlag_0010-c_min2max4	1500	0	8	492	0.25	1	T107	T17	29
d-phlag_0010-c_min2max4	1502	0	0	498	0.25	3	T133	T140	7
d-phlag_0010-c_min2max4	0	1700	300	0	0.15	1	T84	T104	46
d-phlag_0010-c_min2max4	1800	0	200	0	0.1	2	T124	T144	29
d-phlag_0010-c_min2max4	84	1816	100	0	0.05	2	T185	T6	9
d-phlag_0010-c_min2max4	14	1386	598	2	0.3	2	T108	T86	6
d-phlag_0010-c_min2max4	1783	17	0	200	0.1	1	T15	T112	17
d-phlag_0010-c_min2max4	1800	0	200	0	0.1	1	T48	T185	32
d-phlag_0010-c_min2max4	1600	0	400	0	0.2	1	T37	T28	11
d-phlag_0010-c_min2max4	2	1598	396	4	0.2	1	T114	T152	3
d-phlag_0010-c_min2max4	1700	0	300	0	0.15	2	T137	T102	43
d-phlag_0010-c_min2max4	1700	0	0	300	0.15	1	T58	T103	21
d-phlag_0010-c_min2max4	1599	1	6	394	0.2	1	T96	T167	14
d-phlag_0010-c_min2max4	1800	0	200	0	0.1	2	T116	T22	3
d-phlag_0010-c_min2max4	0	1600	392	8	0.2	1	T7	T68	41
d-phlag_0010-c_min2max4	19	1481	500	0	0.25	1	T14	T180	4
d-phlag_0010-c_min2max4	1800	0	8	192	0.1	1	T20	T124	35
d-phlag_0010-c_min2max4	0	1800	200	0	0.1	4	T133	T140	7
d-phlag_0010-c_min2max4	7	1393	600	0	0.3	2	T192	T68	26
d-phlag_0010-c_min2max4	1601	0	399	0	0.2	3	T148	T130	43
d-phlag_0010-c_min2max4	0	1400	600	0	0.3	2	T165	T132	7
d-phlag_0010-c_min2max4	4	1696	300	0	0.15	1	T175	T194	41
d-phlag_0010-c_min2max4	1695	5	16	284	0.15	4	T54	T88	28
d-phlag_0010-c_min2max4	0	1800	200	0	0.1	1	T115	T171	15
d-phlag_0010-c_min2max4	1900	0	7	93	0.05	1	T168	T147	30
d-phlag_0010-c_min2max4	1399	1	0	600	0.3	1	T107	T198	19
d-phlag_0010-c_min2max4	0	1700	300	0	0.15	3	T149	T49	21
d-phlag_0010-c_min2max4	1793	7	2	198	0.1	2	T19	T7	25
d-phlag_0010-c_min2max4	1500	0	0	500	0.25	1	T12	T60	34
d-phlag_0010-c_min2max4	20	1580	400	0	0.2	1	T29	T116	20
d-phlag_0010-c_min2max4	1800	0	200	0	0.1	2	T13	T7	47
d-phlag_0010-c_min2max4	1600	0	400	0	0.2	1	T194	T41	19
d-phlag_0010-c_min2max4	1896	4	0	100	0.05	2	T177	T124	35
d-phlag_0010-c_min2max4	1800	0	200	0	0.1	1	T137	T102	43
d-phlag_0010-c_min2max4	1600	0	2	398	0.2	1	T91	T196	20
d-phlag_0010-c_min2max4	1700	0	300	0	0.15	1	T85	T31	25
d-phlag_0010-c_min2max4	1900	0	0	100	0.05	1	T90	T80	40
d-phlag_0010-c_min2max4	46	1456	498	0	0.25	3	T57	T86	32
d-phlag_0010-c_min2max4	6	1595	399	0	0.2	3	T137	T106	1
d-phlag_0010-c_min2max4	1900	0	100	0	0.05	2	T85	T19	44
d-phlag_0010-c_min2max4	2	1598	399	1	0.2	2	T59	T136	28
d-phlag_0010-c_min2max4	1500	0	0	500	0.25	1	T185	T6	9
d-phlag_0010-c_min2max4	61	1339	600	0	0.3	1	T111	T137	11
d-phlag_0010-c_min2max4	0	1900	0	100	0.05	1	T136	T54	24
d-phlag_0010-c_min2max4	1502	0	498	0	0.25	3	T64	T181	41
d-phlag_0010-c_min2max4	1700	0	300	0	0.15	2	T150	T36	4
d-phlag_0010-c_min2max4	1600	0	0	400	0.2	2	T83	T62	47
d-phlag_0010-c_min2max4	1400	0	600	0	0.3	2	T16	T97	15
d-phlag_0010-c_min2max4	1700	0	300	0	0.15	1	T30	T47	37
d-phlag_0010-c_min2max4	1400	0	600	0	0.3	3	T131	T67	38
d-phlag_0010-c_min2max4	1490	10	0	500	0.25	2	T8	T54	38
d-phlag_0010-c_min2max4	3	1598	399	0	0.2	3	T12	T60	34
d-phlag_0010-c_min2max4	1500	0	500	0	0.25	2	T68	T111	6
d-phlag_0010-c_min2max4	1328	72	26	574	0.3	1	T172	T111	6
d-phlag_0010-c_min2max4	0	1600	400	0	0.2	1	T84	T13	33
d-phlag_0010-c_min2max4	1485	15	0	500	0.25	1	T17	T197	5
d-phlag_0010-c_min2max4	46	1854	100	0	0.05	1	T133	T156	49
d-phlag_0010-c_min2max4	1700	0	300	0	0.15	1	T15	T6	22
d-phlag_0010-c_min2max4	1502	0	0	498	0.25	3	T169	T170	2
d-phlag_0010-c_min2max4	1398	2	2	598	0.3	3	T157	T124	33
d-phlag_0010-c_min2max4	28	1573	398	1	0.2	3	T143	T121	35
d-phlag_0010-c_min2max4	0	1500	500	0	0.25	1	T198	T102	40
d-phlag_0010-c_min2max4	1800	0	1	199	0.1	1	T136	T196	28
d-phlag_0010-c_min2max4	10	1890	100	0	0.05	1	T139	T102	21
d-phlag_0010-c_min2max4	1900	1	0	99	0.05	3	T7	T68	41
d-phlag_0010-c_min2max4	18	1382	597	3	0.3	3	T68	T170	41
d-phlag_0010-c_min2max4	1587	14	1	398	0.2	3	T137	T116	39
d-phlag_0010-c_min2max4	0	1800	200	0	0.1	1	T85	T79	31
d-phlag_0010-c_min2max4	4	1396	600	0	0.3	2	T184	T30	49
d-phlag_0010-c_min2max4	1500	0	0	500	0.25	2	T136	T110	31
d-phlag_0010-c_min2max4	1676	24	300	0	0.15	1	T103	T130	27
d-phlag_0010-c_min2max4	0	1900	100	0	0.05	1	T51	T152	38
d-phlag_0010-c_min2max4	3	1697	300	0	0.15	2	T98	T22	41
d-phlag_0010-c_min2max4	1502	0	498	0	0.25	3	T30	T47	37
d-phlag_0010-c_min2max4	1800	0	200	0	0.1	2	T41	T66	22
d-phlag_0010-c_min2max4	1894	7	6	93	0.05	3	T148	T86	25
d-phlag_0010-c_min2max4	1800	0	2	198	0.1	1	T157	T198	11
d-phlag_0010-c_min2max4	32	1668	300	0	0.15	1	T1	T117	30
d-phlag_0010-c_min2max4	1749	152	66	33	0.05	3	T69	T33	19
d-phlag_0010-c_min2max4	1544	56	3	397	0.2	2	T63	T46	7
d-phlag_0010-c_min2max4	95	1805	100	0	0.05	2	T176	T152	48
d-phlag_0010-c_min2max4	1901	0	99	0	0.05	3	T138	T99	25
d-phlag_0010-c_min2max4	1573	27	0	400	0.2	1	T57	T44	14
d-phlag_0010-c_min2max4	1494	6	0	500	0.25	1	T167	T106	4
d-phlag_0010-c_min2max4	5	1595	400	0	0.2	1	T24	T150	34
d-phlag_0010-c_min2max4	1901	0	99	0	0.05	3	T88	T180	19
d-phlag_0010-c_min2max4	0	1600	0	400	0.2	1	T125	T168	16
d-phlag_0010-c_min2max4	1800	0	0	200	0.1	1	T140	T110	20
d-phlag_0010-c_min2max4	0	1700	300	0	0.15	1	T83	T138	39
d-phlag_0010-c_min2max4	8	1692	300	0	0.15	1	T57	T44	14
d-phlag_0010-c_min2max4	3	1397	600	0	0.3	1	T1	T117	30
d-phlag_0010-c_min2max4	11	1890	99	0	0.05	3	T58	T103	21
d-phlag_0010-c_min2max4	1601	0	399	0	0.2	3	T125	T64	1
d-phlag_0010-c_min2max4	1700	0	47	253	0.15	1	T50	T148	10
d-phlag_0010-c_min2max4	1798	2	0	200	0.1	1	T110	T26	2
d-phlag_0010-c_min2max4	0	1900	0	100	0.05	1	T194	T41	19
d-phlag_0010-c_min2max4	1400	0	600	0	0.3	3	T31	T191	25
d-phlag_0010-c_min2max4	1082	518	0	400	0.2	2	T197	T36	24
d-phlag_0010-c_min2max4	915	885	0	200	0.1	1	T69	T86	27
d-phlag_0010-c_min2max4	1400	0	0	600	0.3	3	T43	T112	41
d-phlag_0010-c_min2max4	9	1691	300	0	0.15	1	T140	T194	48
d-phlag_0010-c_min2max4	1600	0	4	396	0.2	1	T118	T135	12
d-phlag_0010-c_min2max4	1900	0	100	0	0.05	2	T110	T26	2
d-phlag_0010-c_min2max4	1699	1	0	300	0.15	1	T73	T127	40
d-phlag_0010-c_min2max4	574	1327	99	0	0.05	3	T109	T71	42
d-phlag_0010-c_min2max4	1800	0	4	196	0.1	2	T106	T158	8
d-phlag_0010-c_min2max4	7	1893	100	0	0.05	2	T184	T30	49
d-phlag_0010-c_min2max4	1246	454	0	300	0.15	3	T120	T43	50
d-phlag_0010-c_min2max4	1900	0	100	0	0.05	2	T144	T195	28
d-phlag_0010-c_min2max4	1900	0	100	0	0.05	2	T14	T40	34
d-phlag_0010-c_min2max4	1294	106	498	102	0.3	1	T144	T28	44
d-phlag_0010-c_min2max4	1800	0	200	0	0.1	2	T142	T10	17
d-phlag_0010-c_min2max4	515	885	7	593	0.3	3	T12	T36	3
d-phlag_0010-c_min2max4	15	1385	600	0	0.3	2	T24	T150	34
d-phlag_0010-c_min2max4	1696	4	41	259	0.15	3	T69	T33	19
d-phlag_0010-c_min2max4	1316	285	0	399	0.2	3	T145	T172	44
d-phlag_0010-c_min2max4	1407	95	498	0	0.25	3	T132	T99	2
d-phlag_0010-c_min2max4	1600	0	400	0	0.2	1	T41	T66	22
d-phlag_0010-c_min2max4	1	1899	100	0	0.05	1	T85	T79	31
d-phlag_0010-c_min2max4	32	1770	198	0	0.1	3	T86	T61	13
d-phlag_0010-c_min2max4	0	1700	300	0	0.15	1	T62	T40	20
d-phlag_0010-c_min2max4	16	1584	392	8	0.2	2	T175	T81	18
d-phlag_0010-c_min2max4	0	1500	0	500	0.25	2	T16	T49	9
d-phlag_0010-c_min2max4	1899	2	1	98	0.05	3	T166	T177	30
d-phlag_0010-c_min2max4	1801	1	1	197	0.1	3	T78	T150	47
d-phlag_0010-c_min2max4	0	1700	0	300	0.15	4	T125	T168	16
d-phlag_0010-c_min2max4	1483	19	4	494	0.25	3	T3	T68	4
d-phlag_0010-c_min2max4	1502	0	498	0	0.25	3	T22	T11	29
d-phlag_0010-c_min2max4	1500	0	500	0	0.25	2	T140	T102	6
d-phlag_0010-c_min2max4	3	1797	200	0	0.1	4	T70	T7	17
d-phlag_0010-c_min2max4	726	674	0	600	0.3	1	T69	T86	27
d-phlag_0010-c_min2max4	0	1900	0	100	0.05	2	T171	T4	2
d-phlag_0010-c_min2max4	3	1397	600	0	0.3	1	T86	T61	13
d-phlag_0010-c_min2max4	1756	44	0	200	0.1	1	T14	T148	10
d-phlag_0010-c_min2max4	0	1700	300	0	0.15	4	T87	T18	29
d-phlag_0010-c_min2max4	0	1500	500	0	0.25	2	T99	T180	26
d-phlag_0010-c_min2max4	2	1498	497	3	0.25	2	T8	T13	35
d-phlag_0010-c_min2max4	1181	419	1	399	0.2	2	T38	T181	50
d-phlag_0010-c_min2max4	8	1893	99	0	0.05	3	T15	T102	14
d-phlag_0010-c_min2max4	1900	0	100	0	0.05	1	T170	T90	12
d-phlag_0010-c_min2max4	1900	0	100	0	0.05	1	T112	T147	23
d-phlag_0010-c_min2max4	1800	0	200	0	0.1	2	T72	T119	16
d-phlag_0010-c_min2max4	23	1577	400	0	0.2	2	T4	T5	22
d-phlag_0010-c_min2max4	1393	7	4	596	0.3	3	T92	T64	49
d-phlag_0010-c_min2max4	13	1387	600	0	0.3	2	T84	T14	45
d-phlag_0010-c_min2max4	82	1518	399	1	0.2	1	T14	T180	4
d-phlag_0010-c_min2max4	1890	10	0	100	0.05	1	T15	T112	17
d-phlag_0010-c_min2max4	1582	18	202	198	0.2	2	T88	T120	12
d-phlag_0010-c_min2max4	4	1496	500	0	0.25	1	T138	T132	9
d-phlag_0010-c_min2max4	1399	1	0	600	0.3	2	T177	T124	35
d-phlag_0010-c_min2max4	2	1398	600	0	0.3	2	T52	T29	6
d-phlag_0010-c_min2max4	11	1689	300	0	0.15	4	T117	T95	31
d-phlag_0010-c_min2max4	1898	2	0	100	0.05	1	T20	T82	6
d-phlag_0010-c_min2max4	1596	104	0	300	0.15	1	T27	T24	14
d-phlag_0010-c_min2max4	1700	0	300	0	0.15	4	T89	T124	21
d-phlag_0010-c_min2max4	1691	9	300	0	0.15	3	T55	T68	17
d-phlag_0010-c_min2max4	1699	1	4	296	0.15	2	T198	T101	10
d-phlag_0010-c_min2max4	1	1499	500	0	0.25	1	T24	T115	23
d-phlag_0010-c_min2max4	0	1400	600	0	0.3	2	T12	T60	34
d-phlag_0010-c_min2max4	2	1598	400	0	0.2	2	T62	T40	20
d-phlag_0010-c_min2max4	1437	63	0	500	0.25	2	T112	T147	23
d-phlag_0010-c_min2max4	1692	8	29	271	0.15	1	T18	T5	33
d-phlag_0010-c_min2max4	1794	6	0	200	0.1	2	T87	T186	16
d-phlag_0010-c_min2max4	1898	2	2	98	0.05	2	T117	T71	5
d-phlag_0010-c_min2max4	1584	16	0	400	0.2	2	T129	T108	48
d-phlag_0010-c_min2max4	1464	136	15	385	0.2	2	T27	T24	14
d-phlag_0010-c_min2max4	1318	82	13	587	0.3	5	T170	T91	13
d-phlag_0010-c_min2max4	1399	1	0	600	0.3	1	T177	T109	13
d-phlag_0010-c_min2max4	36	1664	300	0	0.15	3	T80	T81	4
d-phlag_0010-c_min2max4	8	1692	300	0	0.15	2	T137	T116	39
d-phlag_0010-c_min2max4	0	1900	0	100	0.05	2	T9	T123	27
d-phlag_0010-c_min2max4	1735	65	200	0	0.1	1	T23	T171	10
d-phlag_0010-c_min2max4	1399	1	17	583	0.3	3	T113	T15	49
d-phlag_0010-c_min2max4	1400	0	545	55	0.3	1	T6	T112	2
d-phlag_0010-c_min2max4	9	1391	600	0	0.3	1	T172	T69	45
d-phlag_0010-c_min2max4	1900	0	0	100	0.05	2	T198	T61	3
d-phlag_0010-c_min2max4	1700	0	300	0	0.15	2	T110	T158	12
d-phlag_0010-c_min2max4	1600	0	400	0	0.2	2	T72	T119	16
d-phlag_0010-c_min2max4	1400	0	600	0	0.3	1	T116	T22	3
d-phlag_0010-c_min2max4	1159	341	1	499	0.25	2	T151	T134	24
d-phlag_0010-c_min2max4	1609	91	298	2	0.15	1	T79	T172	45
d-phlag_0010-c_min2max4	4	1596	400	0	0.2	2	T136	T105	40
d-phlag_0010-c_min2max4	1357	43	0	600	0.3	1	T100	T97	31
d-phlag_0010-c_min2max4	25	1875	100	0	0.05	1	T159	T40	8
d-phlag_0010-c_min2max4	1800	0	200	0	0.1	1	T192	T23	48
d-phlag_0010-c_min2max4	0	1700	299	1	0.15	2	T171	T77	31
d-phlag_0010-c_min2max4	17	1583	400	0	0.2	2	T20	T32	5
d-phlag_0010-c_min2max4	1800	0	200	0	0.1	2	T68	T97	15
d-phlag_0010-c_min2max4	1896	4	6	94	0.05	1	T115	T44	46
d-phlag_0010-c_min2max4	17	1383	600	0	0.3	3	T138	T147	38
d-phlag_0010-c_min2max4	1900	0	54	46	0.05	2	T175	T76	36
d-phlag_0010-c_min2max4	1800	0	200	0	0.1	2	T115	T44	46
d-phlag_0010-c_min2max4	611	889	0	500	0.25	1	T169	T200	24
d-phlag_0010-c_min2max4	1495	105	365	35	0.2	2	T79	T172	45
d-phlag_0010-c_min2max4	1497	3	4	496	0.25	1	T126	T100	21
d-phlag_0010-c_min2max4	1600	0	400	0	0.2	2	T140	T102	6
d-phlag_0010-c_min2max4	0	1900	100	0	0.05	1	T62	T40	20
d-phlag_0010-c_min2max4	1373	427	200	0	0.1	1	T175	T76	36
d-phlag_0010-c_min2max4	2	1398	600	0	0.3	1	T171	T33	26
d-phlag_0010-c_min2max4	1400	0	0	600	0.3	2	T9	T124	40
d-phlag_0010-c_min2max4	1346	54	0	600	0.3	2	T53	T175	44
d-phlag_0010-c_min2max4	1600	0	400	0	0.2	2	T2	T142	34
d-phlag_0010-c_min2max4	1094	408	0	498	0.25	3	T120	T43	50
d-phlag_0010-c_min2max4	0	1800	200	0	0.1	2	T150	T171	2
d-phlag_0010-c_min2max4	1900	0	2	98	0.05	2	T71	T144	20
d-phlag_0010-c_min2max4	14	1788	196	2	0.1	3	T17	T198	23
d-phlag_0010-c_min2max4	1400	0	600	0	0.3	1	T97	T32	13
d-phlag_0010-c_min2max4	1696	4	300	0	0.15	1	T25	T44	37
d-phlag_0010-c_min2max4	1793	7	1	199	0.1	1	T70	T194	21
d-phlag_0010-c_min2max4	383	1518	99	0	0.05	3	T80	T81	4
d-phlag_0010-c_min2max4	1900	0	100	0	0.05	4	T54	T121	30
d-phlag_0010-c_min2max4	1500	0	500	0	0.25	1	T116	T22	3
d-phlag_0010-c_min2max4	69	1831	100	0	0.05	2	T109	T111	10
d-phlag_0010-c_min2max4	1400	0	600	0	0.3	4	T10	T30	10
d-phlag_0010-c_min2max4	1785	15	127	73	0.1	2	T82	T155	42
d-phlag_0010-c_min2max4	9	1791	200	0	0.1	2	T65	T142	20
d-phlag_0010-c_min2max4	1500	0	4	496	0.25	1	T32	T188	26
d-phlag_0010-c_min2max4	1499	1	0	500	0.25	2	T166	T177	30
d-phlag_0010-c_min2max4	110	1490	400	0	0.2	2	T9	T199	45
d-phlag_0010-c_min2max4	222	1178	164	436	0.3	2	T139	T123	27
d-phlag_0010-c_min2max4	84	1517	390	9	0.2	3	T142	T118	9
d-phlag_0010-c_min2max4	0	1500	500	0	0.25	2	T118	T48	32
d-phlag_0010-c_min2max4	1500	2	4	494	0.25	3	T157	T198	11
d-phlag_0010-c_min2max4	10	1890	100	0	0.05	1	T171	T77	31
d-phlag_0010-c_min2max4	1700	0	0	300	0.15	1	T24	T36	47
d-phlag_0010-c_min2max4	73	1327	599	1	0.3	3	T1	T140	37
d-phlag_0010-c_min2max4	1400	0	0	600	0.3	1	T187	T11	14
d-phlag_0010-c_min2max4	1797	3	0	200	0.1	2	T58	T103	21
d-phlag_0010-c_min2max4	1399	1	10	590	0.3	3	T54	T121	30
d-phlag_0010-c_min2max4	1400	0	600	0	0.3	1	T81	T56	48
d-phlag_0010-c_min2max4	0	1400	600	0	0.3	1	T161	T158	8
d-phlag_0010-c_min2max4	1557	44	272	127	0.2	3	T14	T148	10
d-phlag_0010-c_min2max4	1802	0	198	0	0.1	3	T18	T11	48
d-phlag_0010-c_min2max4	1250	150	33	567	0.3	4	T20	T61	42
d-phlag_0010-c_min2max4	1400	0	0	600	0.3	2	T14	T127	12
d-phlag_0010-c_min2max4	0	1700	0	300	0.15	1	T82	T190	6
d-phlag_0010-c_min2max4	1388	12	0	600	0.3	2	T136	T196	28
d-phlag_0010-c_min2max4	1802	0	198	0	0.1	3	T130	T52	43
d-phlag_0010-c_min2max4	1600	0	400	0	0.2	2	T109	T76	36
d-phlag_0010-c_min2max4	18	1883	99	0	0.05	3	T117	T95	31
d-phlag_0010-c_min2max4	0	1800	200	0	0.1	5	T149	T49	21
d-phlag_0010-c_min2max4	69	1531	398	2	0.2	2	T108	T137	11
d-phlag_0010-c_min2max4	0	1500	500	0	0.25	4	T43	T21	25
d-phlag_0010-c_min2max4	1396	4	10	590	0.3	2	T25	T56	7
d-phlag_0010-c_min2max4	1400	0	35	565	0.3	1	T105	T80	27
d-phlag_0010-c_min2max4	2	1598	400	0	0.2	2	T175	T194	41
d-phlag_0010-c_min2max4	2	1598	400	0	0.2	2	T24	T36	47
d-phlag_0010-c_min2max4	2	1800	198	0	0.1	3	T171	T77	31
d-phlag_0010-c_min2max4	1798	4	1	197	0.1	3	T16	T115	32
d-phlag_0010-c_min2max4	1502	0	0	498	0.25	3	T70	T7	17
d-phlag_0010-c_min2max4	0	1901	99	0	0.05	3	T70	T7	17
d-phlag_0010-c_min2max4	3	1597	400	0	0.2	1	T195	T176	34
d-phlag_0010-c_min2max4	1397	3	1	599	0.3	1	T50	T1	14
d-phlag_0010-c_min2max4	15	1685	299	1	0.15	2	T14	T180	4
d-phlag_0010-c_min2max4	1800	0	200	0	0.1	1	T132	T61	32
d-phlag_0010-c_min2max4	16	1784	200	0	0.1	1	T25	T128	30
d-phlag_0010-c_min2max4	1600	0	400	0	0.2	2	T81	T56	48
d-phlag_0010-c_min2max4	1492	8	500	0	0.25	1	T126	T75	41
d-phlag_0010-c_min2max4	1697	3	0	300	0.15	2	T53	T162	11
d-phlag_0010-c_min2max4	27	1673	300	0	0.15	3	T135	T177	4
d-phlag_0010-c_min2max4	1795	5	2	198	0.1	2	T51	T110	40
d-phlag_0010-c_min2max4	1800	0	200	0	0.1	2	T81	T56	48
d-phlag_0010-c_min2max4	1500	0	2	498	0.25	2	T174	T115	28
d-phlag_0010-c_min2max4	1598	3	3	396	0.2	3	T159	T58	33
d-phlag_0010-c_min2max4	1600	0	15	385	0.2	1	T36	T83	35
d-phlag_0010-c_min2max4	2	1698	300	0	0.15	1	T94	T180	29
d-phlag_0010-c_min2max4	1797	3	3	197	0.1	1	T24	T36	47
d-phlag_0010-c_min2max4	1598	2	1	399	0.2	1	T176	T46	37
d-phlag_0010-c_min2max4	1800	100	0	100	0.05	2	T171	T24	37
d-phlag_0010-c_min2max4	10	1690	299	1	0.15	4	T74	T152	48
d-phlag_0010-c_min2max4	1643	57	35	265	0.15	4	T142	T10	17
d-phlag_0010-c_min2max4	1600	0	9	391	0.2	1	T25	T57	1
d-phlag_0010-c_min2max4	1400	0	0	600	0.3	3	T128	T77	35
d-phlag_0010-c_min2max4	1500	0	0	500	0.25	2	T30	T18	6
d-phlag_0010-c_min2max4	1700	0	5	295	0.15	2	T179	T106	9
d-phlag_0010-c_min2max4	23	1477	495	5	0.25	4	T90	T80	40
d-phlag_0010-c_min2max4	6	1595	399	0	0.2	3	T85	T8	46
d-phlag_0010-c_min2max4	920	880	21	179	0.1	2	T86	T33	50
d-phlag_0010-c_min2max4	8	1892	99	1	0.05	2	T112	T100	36
d-phlag_0010-c_min2max4	0	1500	500	0	0.25	1	T101	T107	17
d-phlag_0010-c_min2max4	1496	4	99	401	0.25	4	T125	T69	44
d-phlag_0010-c_min2max4	1845	55	100	0	0.05	1	T142	T118	9
d-phlag_0010-c_min2max4	1800	0	1	199	0.1	4	T30	T103	41
d-phlag_0010-c_min2max4	100	1700	200	0	0.1	2	T193	T33	50
d-phlag_0010-c_min2max4	89	1511	400	0	0.2	2	T89	T145	50
d-phlag_0010-c_min2max4	1	1899	100	0	0.05	1	T35	T184	19
d-phlag_0010-c_min2max4	1901	0	99	0	0.05	3	T152	T81	13
d-phlag_0010-c_min2max4	1901	0	99	0	0.05	3	T129	T57	11
d-phlag_0010-c_min2max4	17	1683	299	1	0.15	4	T24	T115	23
d-phlag_0010-c_min2max4	24	1776	200	0	0.1	4	T167	T124	33
d-phlag_0010-c_min2max4	2	1698	300	0	0.15	1	T170	T98	49
d-phlag_0010-c_min2max4	1697	3	9	291	0.15	3	T132	T170	11
d-phlag_0010-c_min2max4	1388	12	0	600	0.3	2	T114	T60	18
d-phlag_0010-c_min2max4	1400	0	600	0	0.3	1	T151	T102	1
d-phlag_0010-c_min2max4	0	1800	199	1	0.1	2	T117	T137	40
d-phlag_0010-c_min2max4	1700	0	300	0	0.15	1	T98	T160	45
d-phlag_0010-c_min2max4	0	1600	399	1	0.2	1	T80	T81	4
d-phlag_0010-c_min2max4	1500	0	500	0	0.25	1	T150	T36	4
d-phlag_0010-c_min2max4	23	1377	600	0	0.3	5	T170	T98	49
d-phlag_0010-c_min2max4	1400	0	600	0	0.3	1	T25	T44	37
d-phlag_0010-c_min2max4	1500	0	3	497	0.25	1	T132	T170	11
d-phlag_0010-c_min2max4	1592	8	4	396	0.2	2	T54	T121	30
d-phlag_0010-c_min2max4	1600	0	2	398	0.2	2	T84	T104	46
d-phlag_0010-c_min2max4	10	1890	99	1	0.05	4	T16	T115	32
d-phlag_0010-c_min2max4	10	1390	597	3	0.3	3	T192	T52	31
d-phlag_0010-c_min2max4	1400	0	20	580	0.3	2	T135	T161	1
d-phlag_0010-c_min2max4	1558	42	391	9	0.2	2	T55	T172	45
d-phlag_0010-c_min2max4	1883	18	99	0	0.05	3	T25	T44	37
d-phlag_0010-c_min2max4	13	1487	500	0	0.25	2	T85	T88	43
d-phlag_0010-c_min2max4	1900	0	100	0	0.05	1	T124	T144	29
d-phlag_0010-c_min2max4	1381	19	13	587	0.3	3	T172	T49	22
d-phlag_0010-c_min2max4	1800	0	200	0	0.1	1	T126	T117	39
d-phlag_0010-c_min2max4	1161	639	197	3	0.1	2	T134	T88	24
d-phlag_0010-c_min2max4	0	1800	200	0	0.1	1	T181	T21	47
d-phlag_0010-c_min2max4	1595	5	3	397	0.2	5	T7	T15	49
d-phlag_0010-c_min2max4	1700	0	300	0	0.15	2	T16	T97	15
d-phlag_0010-c_min2max4	183	1319	498	0	0.25	3	T72	T198	18
d-phlag_0010-c_min2max4	1444	356	200	0	0.1	5	T153	T30	29
d-phlag_0010-c_min2max4	1400	0	600	0	0.3	2	T145	T163	24
d-phlag_0010-c_min2max4	1596	5	15	384	0.2	3	T33	T196	5
d-phlag_0010-c_min2max4	0	1800	200	0	0.1	1	T194	T198	20
d-phlag_0010-c_min2max4	1800	0	4	196	0.1	2	T111	T132	7
d-phlag_0010-c_min2max4	1399	1	14	586	0.3	2	T96	T40	35
d-phlag_0010-c_min2max4	1400	0	0	600	0.3	1	T127	T105	37
d-phlag_0010-c_min2max4	1011	489	1	499	0.25	4	T19	T145	50
d-phlag_0010-c_min2max4	1900	0	100	0	0.05	2	T18	T11	48
d-phlag_0010-c_min2max4	1400	0	0	600	0.3	1	T29	T13	18
d-phlag_0010-c_min2max4	1600	0	400	0	0.2	4	T116	T22	3
d-phlag_0010-c_min2max4	1671	29	11	289	0.15	2	T20	T61	42
d-phlag_0010-c_min2max4	1	1699	298	2	0.15	3	T188	T47	18
d-phlag_0010-c_min2max4	12	1688	287	13	0.15	3	T151	T134	24
d-phlag_0010-c_min2max4	1487	13	3	497	0.25	2	T177	T109	13
d-phlag_0010-c_min2max4	1396	4	4	596	0.3	2	T65	T145	7
d-phlag_0010-c_min2max4	1800	0	0	200	0.1	2	T35	T184	19
d-phlag_0010-c_min2max4	1599	1	0	400	0.2	1	T171	T33	26
d-phlag_0010-c_min2max4	28	1474	498	0	0.25	3	T198	T61	3
d-phlag_0010-c_min2max4	1400	0	600	0	0.3	1	T185	T142	34
d-phlag_0010-c_min2max4	1861	39	0	100	0.05	1	T9	T199	45
d-phlag_0010-c_min2max4	0	1700	300	0	0.15	1	T195	T176	34
d-phlag_0010-c_min2max4	0	1600	400	0	0.2	1	T35	T184	19
d-phlag_0010-c_min2max4	1328	474	0	198	0.1	3	T58	T16	44
d-phlag_0010-c_min2max4	1704	196	100	0	0.05	2	T141	T66	42
d-phlag_0010-c_min2max4	11	1589	399	1	0.2	2	T176	T152	48
d-phlag_0010-c_min2max4	27	1475	491	7	0.25	3	T51	T80	35
d-phlag_0010-c_min2max4	1900	0	100	0	0.05	2	T103	T190	12
d-phlag_0010-c_min2max4	6	1694	300	0	0.15	1	T30	T103	41
d-phlag_0010-c_min2max4	9	1391	600	0	0.3	3	T44	T69	39
d-phlag_0010-c_min2max4	1901	0	99	0	0.05	3	T182	T200	33
d-phlag_0010-c_min2max4	1400	0	600	0	0.3	3	T193	T143	30
d-phlag_0010-c_min2max4	1899	1	5	95	0.05	2	T170	T98	49
d-phlag_0010-c_min2max4	0	1500	500	0	0.25	1	T87	T18	29
d-phlag_0010-c_min2max4	1387	13	24	576	0.3	4	T70	T194	21
d-phlag_0010-c_min2max4	917	783	0	300	0.15	2	T193	T33	50
d-phlag_0010-c_min2max4	636	1064	0	300	0.15	1	T56	T141	20
d-phlag_0010-c_min2max4	909	992	12	87	0.05	3	T197	T176	4
d-phlag_0010-c_min2max4	0	1500	500	0	0.25	1	T56	T112	49
d-phlag_0010-c_min2max4	1252	148	45	555	0.3	4	T86	T33	50
d-phlag_0010-c_min2max4	1802	0	29	169	0.1	3	T190	T7	30
d-phlag_0010-c_min2max4	1585	15	0	400	0.2	1	T175	T76	36
d-phlag_0010-c_min2max4	1500	0	6	494	0.25	2	T59	T136	28
d-phlag_0010-c_min2max4	1669	31	0	300	0.15	1	T108	T137	11
d-phlag_0010-c_min2max4	0	1900	100	0	0.05	2	T39	T163	36
d-phlag_0010-c_min2max4	1500	0	500	0	0.25	1	T184	T14	42
d-phlag_0010-c_min2max4	2	1598	400	0	0.2	5	T30	T103	41
d-phlag_0010-c_min2max4	5	1795	200	0	0.1	4	T136	T105	40
d-phlag_0010-c_min2max4	3	1697	300	0	0.15	2	T44	T69	39
d-phlag_0010-c_min2max4	1884	16	7	93	0.05	2	T198	T101	10
d-phlag_0010-c_min2max4	1394	6	9	591	0.3	2	T167	T106	4
d-phlag_0010-c_min2max4	0	1600	398	2	0.2	2	T192	T68	26
d-phlag_0010-c_min2max4	1900	0	100	0	0.05	2	T77	T63	22
d-phlag_0010-c_min2max4	1600	0	47	353	0.2	1	T115	T44	46
d-phlag_0010-c_min2max4	887	1013	1	99	0.05	1	T86	T33	50
d-phlag_0010-c_min2max4	1599	2	0	399	0.2	3	T184	T30	49
d-phlag_0010-c_min2max4	1500	0	500	0	0.25	1	T193	T113	14
d-phlag_0010-c_min2max4	1599	1	6	394	0.2	4	T25	T128	30
d-phlag_0010-c_min2max4	1898	2	0	100	0.05	2	T125	T141	18
d-phlag_0010-c_min2max4	1800	0	200	0	0.1	2	T76	T108	32
d-phlag_0010-c_min2max4	0	1700	300	0	0.15	1	T38	T134	34
d-phlag_0010-c_min2max4	1500	0	0	500	0.25	1	T108	T86	6
d-phlag_0010-c_min2max4	1327	73	600	0	0.3	4	T103	T130	27
d-phlag_0010-c_min2max4	1	1499	500	0	0.25	1	T192	T52	31
d-phlag_0010-c_min2max4	1681	19	0	300	0.15	2	T109	T71	42
d-phlag_0010-c_min2max4	1900	0	100	0	0.05	1	T116	T22	3
d-phlag_0010-c_min2max4	1291	409	0	300	0.15	2	T118	T90	50
d-phlag_0010-c_min2max4	19	1381	600	0	0.3	2	T198	T61	3
d-phlag_0010-c_min2max4	1802	0	198	0	0.1	3	T110	T158	12
d-phlag_0010-c_min2max4	1465	35	167	333	0.25	1	T113	T29	36
d-phlag_0010-c_min2max4	30	1670	150	150	0.15	2	T110	T26	2
d-phlag_0010-c_min2max4	1416	84	14	486	0.25	2	T180	T192	2
d-phlag_0010-c_min2max4	1600	0	12	388	0.2	1	T116	T9	13
d-phlag_0010-c_min2max4	2	1698	300	0	0.15	2	T198	T102	40
d-phlag_0010-c_min2max4	1900	0	100	0	0.05	1	T53	T158	43
d-phlag_0010-c_min2max4	1700	0	2	298	0.15	2	T91	T196	20
d-phlag_0010-c_min2max4	1601	0	33	366	0.2	3	T72	T198	18
d-phlag_0010-c_min2max4	1400	0	600	0	0.3	2	T68	T97	15
d-phlag_0010-c_min2max4	1498	4	4	494	0.25	3	T157	T124	33
d-phlag_0010-c_min2max4	0	1400	600	0	0.3	3	T118	T48	32
d-phlag_0010-c_min2max4	3	1697	299	1	0.15	1	T114	T186	50
d-phlag_0010-c_min2max4	5	1595	399	1	0.2	2	T182	T192	48
d-phlag_0010-c_min2max4	33	1467	499	1	0.25	4	T101	T55	1
d-phlag_0010-c_min2max4	1874	27	99	0	0.05	3	T133	T115	24
d-phlag_0010-c_min2max4	1400	0	25	575	0.3	1	T72	T198	18
d-phlag_0010-c_min2max4	6	1394	600	0	0.3	3	T38	T134	34
d-phlag_0010-c_min2max4	3	1597	400	0	0.2	1	T167	T19	2
d-phlag_0010-c_min2max4	22	1578	400	0	0.2	1	T110	T26	2
d-phlag_0010-c_min2max4	1391	9	1	599	0.3	3	T37	T24	2
d-phlag_0010-c_min2max4	1500	0	500	0	0.25	1	T38	T46	33
d-phlag_0010-c_min2max4	1700	0	300	0	0.15	2	T13	T87	5
d-phlag_0010-c_min2max4	1487	15	4	494	0.25	3	T94	T180	11
d-phlag_0010-c_min2max4	0	1900	0	100	0.05	2	T46	T167	27
d-phlag_0010-c_min2max4	378	1522	100	0	0.05	1	T181	T154	49
d-phlag_0010-c_min2max4	1901	0	99	0	0.05	3	T2	T92	9
d-phlag_0010-c_min2max4	20	1580	400	0	0.2	4	T74	T152	48
d-phlag_0010-c_min2max4	1771	129	50	50	0.05	2	T7	T48	3
d-phlag_0010-c_min2max4	1136	264	1	599	0.3	2	T170	T97	50
d-phlag_0010-c_min2max4	1596	4	0	400	0.2	1	T101	T55	1
d-phlag_0010-c_min2max4	1400	0	600	0	0.3	2	T20	T115	33
d-phlag_0010-c_min2max4	1789	13	1	197	0.1	3	T130	T4	9
d-phlag_0010-c_min2max4	60	1840	100	0	0.05	1	T179	T106	9
d-phlag_0010-c_min2max4	1718	182	0	100	0.05	2	T129	T108	48
d-phlag_0010-c_min2max4	66	1334	600	0	0.3	1	T23	T195	39
d-phlag_0010-c_min2max4	0	1800	200	0	0.1	1	T30	T18	6
d-phlag_0010-c_min2max4	1326	474	0	200	0.1	1	T17	T197	5
d-phlag_0010-c_min2max4	1494	6	27	473	0.25	1	T57	T196	42
d-phlag_0010-c_min2max4	1500	0	500	0	0.25	2	T126	T3	19
d-phlag_0010-c_min2max4	1500	0	500	0	0.25	1	T152	T81	13
d-phlag_0010-c_min2max4	1901	0	99	0	0.05	3	T29	T32	46
d-phlag_0010-c_min2max4	18	1682	300	0	0.15	2	T177	T124	35
d-phlag_0010-c_min2max4	0	1900	100	0	0.05	1	T145	T197	7
d-phlag_0010-c_min2max4	1335	65	70	530	0.3	2	T132	T99	2
d-phlag_0010-c_min2max4	0	1800	200	0	0.1	2	T145	T197	7
d-phlag_0010-c_min2max4	1227	473	13	287	0.15	2	T197	T36	24
d-phlag_0010-c_min2max4	4	1897	99	0	0.05	3	T192	T97	23
d-phlag_0010-c_min2max4	1400	0	0	600	0.3	1	T4	T127	47
d-phlag_0010-c_min2max4	0	1700	300	0	0.15	1	T88	T49	21
d-phlag_0010-c_min2max4	1700	0	0	300	0.15	1	T136	T196	28
d-phlag_0010-c_min2max4	1651	49	0	300	0.15	2	T70	T194	21
d-phlag_0010-c_min2max4	1582	18	0	400	0.2	2	T154	T145	14
d-phlag_0010-c_min2max4	1600	0	3	397	0.2	2	T190	T7	30
d-phlag_0010-c_min2max4	0	1500	0	500	0.25	1	T124	T144	29
d-phlag_0010-c_min2max4	1697	3	3	297	0.15	2	T50	T1	14
d-phlag_0010-c_min2max4	11	1791	198	0	0.1	3	T91	T196	20
d-phlag_0010-c_min2max4	15	1487	496	2	0.25	3	T23	T61	3
d-phlag_0010-c_min2max4	2	1800	186	12	0.1	3	T145	T172	44
d-phlag_0010-c_min2max4	1497	5	26	472	0.25	3	T6	T94	32
d-phlag_0010-c_min2max4	36	1764	200	0	0.1	2	T54	T121	30
d-phlag_0010-c_min2max4	1600	0	400	0	0.2	2	T15	T6	22
d-phlag_0010-c_min2max4	1791	9	0	200	0.1	1	T184	T189	26
d-phlag_0010-c_min2max4	1593	7	0	400	0.2	2	T73	T198	18
d-phlag_0010-c_min2max4	1883	17	4	96	0.05	2	T86	T61	13
d-phlag_0010-c_min2max4	1	1599	398	2	0.2	2	T24	T115	23
d-phlag_0010-c_min2max4	0	1600	400	0	0.2	1	T38	T134	34
d-phlag_0010-c_min2max4	0	1900	100	0	0.05	1	T76	T133	38
d-phlag_0010-c_min2max4	8	1392	600	0	0.3	4	T128	T160	5
d-phlag_0010-c_min2max4	34	1866	100	0	0.05	2	T173	T53	18
d-phlag_0010-c_min2max4	1697	3	13	287	0.15	4	T85	T88	43
d-phlag_0010-c_min2max4	1500	0	500	0	0.25	2	T36	T83	35
d-phlag_0010-c_min2max4	1400	0	600	0	0.3	3	T97	T73	23
d-phlag_0010-c_min2max4	1900	0	100	0	0.05	1	T137	T102	43
d-phlag_0010-c_min2max4	1799	1	17	183	0.1	2	T118	T135	12
d-phlag_0010-c_min2max4	1600	0	400	0	0.2	1	T193	T143	30
d-phlag_0010-c_min2max4	8	1492	500	0	0.25	1	T132	T33	5
d-phlag_0010-c_min2max4	1496	4	5	495	0.25	1	T130	T4	9
d-phlag_0010-c_min2max4	182	1718	100	0	0.05	2	T19	T7	25
d-phlag_0010-c_min2max4	651	849	23	477	0.25	2	T86	T33	50
d-phlag_0010-c_min2max4	0	1900	100	0	0.05	1	T82	T57	33
d-phlag_0010-c_min2max4	1500	0	1	499	0.25	2	T85	T8	46
d-phlag_0010-c_min2max4	1656	44	0	300	0.15	1	T18	T11	48
d-phlag_0010-c_min2max4	1800	0	0	200	0.1	1	T60	T59	31
d-phlag_0010-c_min2max4	0	1800	200	0	0.1	1	T72	T39	25
d-phlag_0010-c_min2max4	0	1502	498	0	0.25	3	T145	T197	7
d-phlag_0010-c_min2max4	0	1400	600	0	0.3	2	T17	T127	17
d-phlag_0010-c_min2max4	1400	0	600	0	0.3	2	T178	T149	19
d-phlag_0010-c_min2max4	1400	0	0	600	0.3	1	T72	T39	25
d-phlag_0010-c_min2max4	1500	0	0	500	0.25	1	T51	T91	47
d-phlag_0010-c_min2max4	1595	5	55	345	0.2	2	T83	T45	29
d-phlag_0010-c_min2max4	1800	0	200	0	0.1	1	T140	T102	6
d-phlag_0010-c_min2max4	1500	0	1	499	0.25	1	T57	T44	14
d-phlag_0010-c_min2max4	0	1700	300	0	0.15	3	T64	T39	15
d-phlag_0010-c_min2max4	1900	0	1	99	0.05	2	T73	T127	40
d-phlag_0010-c_min2max4	1469	132	399	0	0.2	3	T18	T5	33
d-phlag_0010-c_min2max4	10	1490	500	0	0.25	1	T151	T183	29
d-phlag_0010-c_min2max4	0	1600	400	0	0.2	2	T112	T100	36
d-phlag_0010-c_min2max4	1600	0	400	0	0.2	2	T48	T185	32
d-phlag_0010-c_min2max4	1383	17	0	600	0.3	2	T184	T189	26
d-phlag_0010-c_min2max4	1029	471	0	500	0.25	1	T41	T97	24
d-phlag_0010-c_min2max4	1784	18	3	195	0.1	3	T54	T88	28
d-phlag_0010-c_min2max4	3	1397	600	0	0.3	1	T190	T7	30
d-phlag_0010-c_min2max4	146	1354	493	7	0.25	4	T171	T4	2
d-phlag_0010-c_min2max4	1600	0	400	0	0.2	2	T138	T99	25
d-phlag_0010-c_min2max4	1400	0	600	0	0.3	3	T140	T102	6
d-phlag_0010-c_min2max4	9	1691	300	0	0.15	1	T20	T32	5
d-phlag_0010-c_min2max4	1575	25	20	380	0.2	5	T70	T194	21
d-phlag_0010-c_min2max4	0	1600	400	0	0.2	1	T93	T77	36
d-phlag_0010-c_min2max4	1700	0	300	0	0.15	1	T145	T32	13
d-phlag_0010-c_min2max4	1707	95	198	0	0.1	3	T79	T172	45
d-phlag_0010-c_min2max4	0	1500	0	500	0.25	2	T98	T160	45
d-phlag_0010-c_min2max4	1786	16	11	187	0.1	3	T151	T102	1
d-phlag_0010-c_min2max4	1497	3	1	499	0.25	2	T25	T56	7
d-phlag_0010-c_min2max4	1319	81	24	576	0.3	2	T14	T148	10
d-phlag_0010-c_min2max4	0	1400	600	0	0.3	2	T199	T109	26
d-phlag_0010-c_min2max4	1502	0	498	0	0.25	3	T131	T67	38
d-phlag_0010-c_min2max4	1392	8	52	548	0.3	3	T197	T161	39
d-phlag_0010-c_min2max4	1	1899	100	0	0.05	1	T107	T198	19
d-phlag_0010-c_min2max4	5	1595	400	0	0.2	1	T70	T7	17
d-phlag_0010-c_min2max4	10	1690	300	0	0.15	2	T198	T127	38
d-phlag_0010-c_min2max4	1600	0	4	396	0.2	4	T136	T110	31
d-phlag_0010-c_min2max4	1500	0	22	478	0.25	1	T166	T34	28
d-phlag_0010-c_min2max4	453	1447	100	0	0.05	2	T138	T132	9
d-phlag_0010-c_min2max4	10	1690	300	0	0.15	4	T127	T134	40
d-phlag_0010-c_min2max4	1335	65	12	588	0.3	2	T36	T83	35
d-phlag_0010-c_min2max4	1555	45	0	400	0.2	1	T169	T25	5
d-phlag_0010-c_min2max4	1512	88	1	399	0.2	1	T195	T75	23
d-phlag_0010-c_min2max4	1800	0	200	0	0.1	2	T30	T47	37
d-phlag_0010-c_min2max4	1700	0	300	0	0.15	3	T144	T195	28
d-phlag_0010-c_min2max4	1800	0	200	0	0.1	4	T12	T59	23
d-phlag_0010-c_min2max4	3	1797	200	0	0.1	2	T56	T112	49
d-phlag_0010-c_min2max4	1427	75	382	116	0.25	3	T47	T32	26
d-phlag_0010-c_min2max4	1641	159	200	0	0.1	1	T74	T52	18
d-phlag_0010-c_min2max4	1677	23	10	290	0.15	2	T153	T30	29
d-phlag_0010-c_min2max4	1600	0	0	400	0.2	1	T2	T60	39
d-phlag_0010-c_min2max4	49	1351	590	10	0.3	2	T13	T161	23
d-phlag_0010-c_min2max4	1400	0	600	0	0.3	1	T182	T29	15
d-phlag_0010-c_min2max4	1799	1	1	199	0.1	1	T143	T121	35
d-phlag_0010-c_min2max4	1600	0	0	400	0.2	1	T140	T110	20
d-phlag_0010-c_min2max4	1700	0	300	0	0.15	3	T133	T115	24
d-phlag_0010-c_min2max4	2	1398	600	0	0.3	1	T3	T68	4
d-phlag_0010-c_min2max4	1400	0	2	598	0.3	1	T198	T101	10
d-phlag_0010-c_min2max4	8	1593	396	3	0.2	3	T76	T133	38
d-phlag_0010-c_min2max4	1593	7	10	390	0.2	4	T25	T56	7
d-phlag_0010-c_min2max4	123	1277	600	0	0.3	2	T120	T43	50
d-phlag_0010-c_min2max4	1500	0	500	0	0.25	2	T192	T160	44
d-phlag_0010-c_min2max4	1500	0	500	0	0.25	1	T23	T66	22
d-phlag_0010-c_min2max4	0	1800	200	0	0.1	2	T159	T119	22
d-phlag_0010-c_min2max4	1700	0	254	46	0.15	1	T97	T32	13
d-phlag_0010-c_min2max4	1500	0	500	0	0.25	1	T85	T31	25
d-phlag_0010-c_min2max4	1900	0	0	100	0.05	2	T38	T134	34
d-phlag_0010-c_min2max4	0	1800	200	0	0.1	1	T187	T11	14
d-phlag_0010-c_min2max4	1400	0	600	0	0.3	2	T150	T36	4
d-phlag_0010-c_min2max4	1586	14	400	0	0.2	1	T101	T126	4
d-phlag_0010-c_min2max4	0	1600	0	400	0.2	1	T77	T87	27
d-phlag_0010-c_min2max4	1333	67	30	570	0.3	1	T129	T57	11
d-phlag_0010-c_min2max4	1899	1	0	100	0.05	1	T138	T147	38
d-phlag_0010-c_min2max4	1600	0	0	400	0.2	2	T139	T88	43
d-phlag_0010-c_min2max4	1700	0	300	0	0.15	3	T194	T41	19
d-phlag_0010-c_min2max4	1600	0	400	0	0.2	4	T2	T58	17
d-phlag_0010-c_min2max4	3	1597	400	0	0.2	1	T198	T102	40
d-phlag_0010-c_min2max4	1600	0	400	0	0.2	5	T129	T57	11
d-phlag_0010-c_min2max4	1400	0	78	522	0.3	2	T114	T186	50
d-phlag_0010-c_min2max4	1894	6	3	97	0.05	1	T16	T190	42
d-phlag_0010-c_min2max4	1654	46	0	300	0.15	3	T175	T76	36
d-phlag_0010-c_min2max4	1900	1	33	66	0.05	3	T167	T106	4
d-phlag_0010-c_min2max4	1587	13	5	395	0.2	1	T142	T10	17
d-phlag_0010-c_min2max4	0	1900	100	0	0.05	1	T199	T109	26
d-phlag_0010-c_min2max4	1899	1	0	100	0.05	1	T175	T194	41
d-phlag_0010-c_min2max4	1800	0	4	196	0.1	2	T140	T194	48
d-phlag_0010-c_min2max4	1400	0	12	588	0.3	1	T51	T80	35
d-phlag_0010-c_min2max4	34	1867	98	1	0.05	3	T114	T60	18
d-phlag_0010-c_min2max4	1900	0	100	0	0.05	2	T37	T28	11
d-phlag_0010-c_min2max4	0	1800	200	0	0.1	1	T88	T49	21
d-phlag_0010-c_min2max4	1	1499	500	0	0.25	1	T58	T103	21
d-phlag_0010-c_min2max4	8	1494	497	1	0.25	3	T7	T19	26
d-phlag_0010-c_min2max4	5	1495	500	0	0.25	2	T188	T47	18
d-phlag_0010-c_min2max4	7	1793	200	0	0.1	1	T138	T147	38
d-phlag_0010-c_min2max4	1800	0	200	0	0.1	1	T2	T176	20
d-phlag_0010-c_min2max4	0	1700	300	0	0.15	1	T158	T11	36
d-phlag_0010-c_min2max4	1700	0	300	0	0.15	2	T82	T155	42
d-phlag_0010-c_min2max4	4	1798	198	0	0.1	3	T174	T115	28
d-phlag_0010-c_min2max4	1901	0	84	15	0.05	3	T184	T189	26
d-phlag_0010-c_min2max4	3	1497	500	0	0.25	1	T50	T1	14
d-phlag_0010-c_min2max4	0	1800	200	0	0.1	1	T101	T107	17
d-phlag_0010-c_min2max4	0	1400	0	600	0.3	1	T16	T49	9
d-phlag_0010-c_min2max4	1587	13	0	400	0.2	1	T78	T150	47
d-phlag_0010-c_min2max4	1678	22	15	285	0.15	3	T25	T56	7
d-phlag_0010-c_min2max4	1324	176	0	500	0.25	1	T197	T161	39
d-phlag_0010-c_min2max4	338	1164	130	368	0.25	3	T139	T123	27
d-phlag_0010-c_min2max4	3	1397	600	0	0.3	1	T57	T86	32
d-phlag_0010-c_min2max4	1901	0	99	0	0.05	3	T57	T177	43
d-phlag_0010-c_min2max4	1802	0	198	0	0.1	3	T20	T59	28
d-phlag_0010-c_min2max4	1696	4	116	184	0.15	2	T172	T49	22
d-phlag_0010-c_min2max4	538	1262	0	200	0.1	1	T12	T36	3
d-phlag_0010-c_min2max4	1899	1	1	99	0.05	1	T192	T23	48
d-phlag_0010-c_min2max4	1800	0	0	200	0.1	1	T161	T158	8
d-phlag_0010-c_min2max4	1900	0	100	0	0.05	1	T20	T59	28
d-phlag_0010-c_min2max4	1794	6	0	200	0.1	1	T38	T181	50
d-phlag_0010-c_min2max4	1700	0	0	300	0.15	2	T128	T77	35
d-phlag_0010-c_min2max4	1694	6	0	300	0.15	2	T29	T187	29
d-phlag_0010-c_min2max4	19	1481	500	0	0.25	1	T119	T198	9
d-phlag_0010-c_min2max4	1500	0	0	500	0.25	2	T117	T95	31
d-phlag_0010-c_min2max4	1700	0	4	296	0.15	2	T20	T124	35
d-phlag_0010-c_min2max4	0	1601	395	4	0.2	3	T171	T77	31
d-phlag_0010-c_min2max4	1800	0	1	199	0.1	2	T64	T39	15
d-phlag_0010-c_min2max4	1567	33	258	142	0.2	2	T139	T115	38
d-phlag_0010-c_min2max4	1700	0	1	299	0.15	2	T77	T112	41
d-phlag_0010-c_min2max4	1600	0	2	398	0.2	2	T165	T132	7
d-phlag_0010-c_min2max4	0	1500	500	0	0.25	1	T127	T105	37
d-phlag_0010-c_min2max4	1592	8	0	400	0.2	2	T117	T95	31
d-phlag_0010-c_min2max4	0	1900	100	0	0.05	2	T194	T198	20
d-phlag_0010-c_min2max4	1782	18	32	168	0.1	2	T193	T127	10
d-phlag_0010-c_min2max4	1799	3	0	198	0.1	3	T4	T127	47
d-phlag_0010-c_min2max4	12	1388	598	2	0.3	2	T146	T99	23
d-phlag_0010-c_min2max4	9	1691	296	4	0.15	3	T7	T19	26
d-phlag_0010-c_min2max4	1814	86	1	99	0.05	4	T173	T48	9
d-phlag_0010-c_min2max4	0	1400	600	0	0.3	1	T114	T140	37
d-phlag_0010-c_min2max4	25	1375	595	5	0.3	4	T13	T7	47
d-phlag_0010-c_min2max4	1700	0	25	275	0.15	3	T197	T176	4
d-phlag_0010-c_min2max4	1789	11	2	198	0.1	2	T72	T198	18
d-phlag_0010-c_min2max4	25	1775	197	3	0.1	4	T109	T111	10
d-phlag_0010-c_min2max4	10	1490	497	3	0.25	2	T86	T61	13
d-phlag_0010-c_min2max4	1883	17	3	97	0.05	4	T140	T194	48
d-phlag_0010-c_min2max4	1587	14	1	398	0.2	3	T29	T187	29
d-phlag_0010-c_min2max4	4	1696	300	0	0.15	1	T2	T60	39
d-phlag_0010-c_min2max4	7	1693	300	0	0.15	1	T166	T177	30
d-phlag_0010-c_min2max4	3	1697	297	3	0.15	2	T136	T110	31
d-phlag_0010-c_min2max4	10	1590	400	0	0.2	1	T108	T4	8
d-phlag_0010-c_min2max4	1802	0	198	0	0.1	3	T129	T57	11
d-phlag_0010-c_min2max4	1698	2	1	299	0.15	1	T106	T156	39
d-phlag_0010-c_min2max4	1900	0	100	0	0.05	1	T27	T24	14
d-phlag_0010-c_min2max4	1800	0	200	0	0.1	2	T47	T72	31
d-phlag_0010-c_min2max4	1591	9	7	393	0.2	2	T197	T176	4
d-phlag_0010-c_min2max4	1900	0	13	87	0.05	2	T57	T86	32
d-phlag_0010-c_min2max4	0	1800	199	1	0.1	1	T128	T160	5
d-phlag_0010-c_min2max4	0	1700	300	0	0.15	2	T194	T198	20
d-phlag_0010-c_min2max4	0	1600	400	0	0.2	1	T73	T127	40
d-phlag_0010-c_min2max4	0	1901	0	99	0.05	3	T130	T177	42
d-phlag_0010-c_min2max4	54	1547	399	0	0.2	3	T34	T40	42
d-phlag_0010-c_min2max4	1394	6	6	594	0.3	2	T7	T68	41
d-phlag_0010-c_min2max4	1	1599	399	1	0.2	1	T151	T102	1
d-phlag_0010-c_min2max4	717	683	600	0	0.3	1	T70	T115	5
d-phlag_0010-c_min2max4	3	1397	600	0	0.3	2	T77	T112	41
d-phlag_0010-c_min2max4	1400	0	0	600	0.3	1	T96	T105	47
d-phlag_0010-c_min2max4	1586	15	0	399	0.2	3	T86	T61	13
d-phlag_0010-c_min2max4	1600	0	400	0	0.2	2	T76	T57	35
d-phlag_0010-c_min2max4	1840	60	0	100	0.05	2	T73	T198	18
d-phlag_0010-c_min2max4	1700	0	300	0	0.15	2	T172	T111	6
d-phlag_0010-c_min2max4	1393	7	0	600	0.3	1	T41	T190	23
d-phlag_0010-c_min2max4	0	1400	600	0	0.3	2	T159	T8	49
d-phlag_0010-c_min2max4	1697	3	11	289	0.15	3	T87	T186	16
d-phlag_0010-c_min2max4	1800	0	200	0	0.1	1	T76	T57	35
d-phlag_0010-c_min2max4	1600	0	400	0	0.2	2	T126	T117	39
d-phlag_0010-c_min2max4	0	1400	600	0	0.3	1	T67	T68	29
d-phlag_0010-c_min2max4	1377	425	9	189	0.1	3	T41	T97	24
d-phlag_0010-c_min2max4	2	1898	100	0	0.05	2	T118	T48	32
d-phlag_0010-c_min2max4	1723	77	120	80	0.1	5	T180	T192	2
d-phlag_0010-c_min2max4	1700	0	300	0	0.15	2	T48	T185	32
d-phlag_0010-c_min2max4	1392	8	3	597	0.3	1	T44	T178	12
d-phlag_0010-c_min2max4	3	1497	500	0	0.25	2	T195	T176	34
d-phlag_0010-c_min2max4	1900	0	100	0	0.05	2	T36	T83	35
d-phlag_0010-c_min2max4	3	1697	300	0	0.15	2	T58	T16	44
d-phlag_0010-c_min2max4	1478	22	2	498	0.25	1	T146	T99	23
d-phlag_0010-c_min2max4	3	1697	300	0	0.15	1	T19	T7	25
d-phlag_0010-c_min2max4	1800	0	200	0	0.1	2	T37	T28	11
d-phlag_0010-c_min2max4	10	1891	99	0	0.05	3	T73	T179	46
d-phlag_0010-c_min2max4	0	1700	300	0	0.15	1	T138	T132	9
d-phlag_0010-c_min2max4	463	1437	0	100	0.05	2	T172	T69	45
d-phlag_0010-c_min2max4	0	1900	100	0	0.05	2	T88	T49	21
d-phlag_0010-c_min2max4	1800	0	0	200	0.1	1	T77	T112	41
d-phlag_0010-c_min2max4	1594	6	268	132	0.2	2	T6	T112	2
d-phlag_0010-c_min2max4	1697	3	90	210	0.15	4	T100	T97	31
d-phlag_0010-c_min2max4	4	1496	500	0	0.25	2	T88	T49	21
d-phlag_0010-c_min2max4	4	1796	200	0	0.1	2	T17	T127	17
d-phlag_0010-c_min2max4	71	1329	599	1	0.3	3	T185	T6	9
d-phlag_0010-c_min2max4	1765	35	200	0	0.1	2	T113	T29	36
d-phlag_0010-c_min2max4	1800	0	200	0	0.1	2	T30	T83	35
d-phlag_0010-c_min2max4	0	1900	100	0	0.05	2	T117	T137	40
d-phlag_0010-c_min2max4	1	1501	498	0	0.25	3	T200	T123	30
d-phlag_0010-c_min2max4	3	1697	300	0	0.15	1	T102	T113	10
d-phlag_0010-c_min2max4	1576	24	390	10	0.2	2	T191	T91	3
d-phlag_0010-c_min2max4	6	1894	98	2	0.05	2	T135	T177	4
d-phlag_0010-c_min2max4	10	1890	100	0	0.05	2	T131	T102	21
d-phlag_0010-c_min2max4	1597	3	3	397	0.2	2	T153	T30	29
d-phlag_0010-c_min2max4	1	1699	300	0	0.15	3	T131	T102	21
d-phlag_0010-c_min2max4	4	1596	400	0	0.2	1	T27	T15	47
d-phlag_0010-c_min2max4	1500	0	500	0	0.25	1	T97	T32	13
d-phlag_0010-c_min2max4	952	848	200	0	0.1	1	T192	T160	44
d-phlag_0010-c_min2max4	1699	1	0	300	0.15	2	T149	T105	31
d-phlag_0010-c_min2max4	0	1500	500	0	0.25	2	T62	T40	20
d-phlag_0010-c_min2max4	1428	72	6	494	0.25	2	T132	T61	32
d-phlag_0010-c_min2max4	1502	0	498	0	0.25	3	T118	T78	17
d-phlag_0010-c_min2max4	1890	10	5	95	0.05	1	T63	T46	7
d-phlag_0010-c_min2max4	1400	0	600	0	0.3	4	T129	T95	46
d-phlag_0010-c_min2max4	1600	0	400	0	0.2	2	T145	T94	8
d-phlag_0010-c_min2max4	0	1700	300	0	0.15	1	T181	T21	47
d-phlag_0010-c_min2max4	7	1493	500	0	0.25	2	T71	T144	11
d-phlag_0010-c_min2max4	1800	0	2	198	0.1	2	T27	T15	47
d-phlag_0010-c_min2max4	12	1588	400	0	0.2	2	T23	T195	39
d-phlag_0010-c_min2max4	1399	1	2	598	0.3	5	T121	T93	5
d-phlag_0010-c_min2max4	1601	0	399	0	0.2	3	T50	T148	10
d-phlag_0010-c_min2max4	1800	0	200	0	0.1	5	T131	T67	38
d-phlag_0010-c_min2max4	0	1500	500	0	0.25	2	T139	T88	43
d-phlag_0010-c_min2max4	1586	14	2	398	0.2	1	T86	T133	46
d-phlag_0010-c_min2max4	1500	0	0	500	0.25	2	T56	T28	28
d-phlag_0010-c_min2max4	1653	247	50	50	0.05	2	T44	T178	12
d-phlag_0010-c_min2max4	34	1666	300	0	0.15	2	T7	T68	41
d-phlag_0010-c_min2max4	1500	0	15	485	0.25	1	T18	T11	48
d-phlag_0010-c_min2max4	1900	0	100	0	0.05	1	T48	T148	12
d-phlag_0010-c_min2max4	1473	27	59	441	0.25	4	T193	T127	10
d-phlag_0010-c_min2max4	1700	0	300	0	0.15	2	T169	T25	5
d-phlag_0010-c_min2max4	0	1800	200	0	0.1	1	T118	T48	32
d-phlag_0010-c_min2max4	27	1773	200	0	0.1	1	T114	T60	18
d-phlag_0010-c_min2max4	0	1500	500	0	0.25	1	T167	T124	33
d-phlag_0010-c_min2max4	571	929	500	0	0.25	2	T15	T112	17
d-phlag_0010-c_min2max4	1788	12	0	200	0.1	1	T172	T49	22
d-phlag_0010-c_min2max4	790	710	500	0	0.25	1	T134	T88	24
d-phlag_0010-c_min2max4	936	965	99	0	0.05	3	T136	T110	31
d-phlag_0010-c_min2max4	0	1500	500	0	0.25	2	T72	T138	44
d-phlag_0010-c_min2max4	7	1493	500	0	0.25	1	T33	T31	19
d-phlag_0010-c_min2max4	1479	21	0	500	0.25	1	T13	T161	23
d-phlag_0010-c_min2max4	0	1600	400	0	0.2	1	T85	T79	31
d-phlag_0010-c_min2max4	1238	662	0	100	0.05	1	T19	T145	50
d-phlag_0010-c_min2max4	1560	41	3	396	0.2	3	T171	T24	37
d-phlag_0010-c_min2max4	1498	2	5	495	0.25	4	T24	T150	34
d-phlag_0010-c_min2max4	812	690	11	487	0.25	3	T144	T28	44
d-phlag_0010-c_min2max4	1389	11	31	569	0.3	5	T133	T156	49
d-phlag_0010-c_min2max4	4	1396	599	1	0.3	1	T69	T199	8
d-phlag_0010-c_min2max4	1500	0	1	499	0.25	2	T98	T46	13
d-phlag_0010-c_min2max4	0	1500	500	0	0.25	2	T136	T105	40
d-phlag_0010-c_min2max4	1502	0	498	0	0.25	3	T130	T52	43
d-phlag_0010-c_min2max4	1392	8	2	598	0.3	3	T84	T13	33
d-phlag_0010-c_min2max4	0	1700	300	0	0.15	1	T93	T77	36
d-phlag_0010-c_min2max4	0	1600	400	0	0.2	1	T70	T151	14
d-phlag_0010-c_min2max4	1600	301	99	0	0.05	3	T191	T198	16
d-phlag_0010-c_min2max4	1500	0	500	0	0.25	1	T2	T176	20
d-phlag_0010-c_min2max4	4	1596	400	0	0.2	1	T50	T1	14
d-phlag_0010-c_min2max4	4	1496	500	0	0.25	2	T17	T198	23
d-phlag_0010-c_min2max4	1377	123	427	73	0.25	1	T85	T19	44
d-phlag_0010-c_min2max4	0	1500	500	0	0.25	2	T128	T160	5
d-phlag_0010-c_min2max4	12	1688	300	0	0.15	5	T192	T52	31
d-phlag_0010-c_min2max4	1600	0	36	364	0.2	1	T144	T46	7
d-phlag_0010-c_min2max4	0	1400	600	0	0.3	1	T104	T184	19
d-phlag_0010-c_min2max4	125	1275	600	0	0.3	4	T9	T199	45
d-phlag_0010-c_min2max4	1782	18	200	0	0.1	1	T101	T126	4
d-phlag_0010-c_min2max4	1698	2	5	295	0.15	3	T151	T183	29
d-phlag_0010-c_min2max4	1502	0	498	0	0.25	3	T179	T163	46
d-phlag_0010-c_min2max4	1893	7	79	21	0.05	4	T106	T158	43
d-phlag_0010-c_min2max4	1149	452	0	399	0.2	3	T19	T145	50
d-phlag_0010-c_min2max4	0	1900	99	1	0.05	1	T127	T105	37
d-phlag_0010-c_min2max4	1500	0	445	55	0.25	1	T6	T112	2
d-phlag_0010-c_min2max4	0	1400	0	600	0.3	3	T77	T87	27
d-phlag_0010-c_min2max4	1800	0	200	0	0.1	2	T85	T31	25
d-phlag_0010-c_min2max4	1797	5	25	173	0.1	3	T109	T71	42
d-phlag_0010-c_min2max4	1900	0	1	99	0.05	2	T90	T29	12
d-phlag_0010-c_min2max4	4	1696	299	1	0.15	1	T78	T150	47
d-phlag_0010-c_min2max4	1900	0	12	88	0.05	1	T65	T181	22
d-phlag_0010-c_min2max4	1	1899	100	0	0.05	1	T2	T60	39
d-phlag_0010-c_min2max4	1799	1	9	191	0.1	2	T7	T15	49
d-phlag_0010-c_min2max4	2	1598	400	0	0.2	1	T174	T115	28
d-phlag_0010-c_min2max4	1502	0	498	0	0.25	3	T103	T190	12
d-phlag_0010-c_min2max4	1488	12	4	496	0.25	1	T113	T15	49
d-phlag_0010-c_min2max4	1800	0	0	200	0.1	1	T179	T106	9
d-phlag_0010-c_min2max4	0	1400	600	0	0.3	2	T99	T180	26
d-phlag_0010-c_min2max4	1697	3	0	300	0.15	1	T130	T4	9
d-phlag_0010-c_min2max4	1800	0	200	0	0.1	2	T2	T142	34
d-phlag_0010-c_min2max4	169	1531	0	300	0.15	4	T9	T123	27
d-phlag_0010-c_min2max4	1802	0	198	0	0.1	3	T57	T44	14
d-phlag_0010-c_min2max4	1700	0	1	299	0.15	1	T133	T156	49
d-phlag_0010-c_min2max4	0	1400	0	600	0.3	1	T182	T200	33
d-phlag_0010-c_min2max4	0	1400	600	0	0.3	1	T115	T171	15
d-phlag_0010-c_min2max4	0	1400	600	0	0.3	3	T169	T170	2
d-phlag_0010-c_min2max4	0	1400	600	0	0.3	1	T126	T142	22
d-phlag_0010-c_min2max4	24	1778	198	0	0.1	3	T1	T117	30
d-phlag_0010-c_min2max4	0	1400	599	1	0.3	2	T70	T42	16
d-phlag_0010-c_min2max4	1372	28	0	600	0.3	1	T20	T59	28
d-phlag_0010-c_min2max4	1277	123	24	576	0.3	4	T125	T69	44
d-phlag_0010-c_min2max4	1600	0	400	0	0.2	4	T71	T37	10
d-phlag_0010-c_min2max4	19	1381	600	0	0.3	2	T101	T55	1
d-phlag_0010-c_min2max4	1900	0	100	0	0.05	2	T6	T118	21
d-phlag_0010-c_min2max4	59	1641	300	0	0.15	4	T28	T86	32
d-phlag_0010-c_min2max4	1900	0	100	0	0.05	2	T15	T6	22
d-phlag_0010-c_min2max4	38	1662	300	0	0.15	1	T29	T32	46
d-phlag_0010-c_min2max4	0	1900	100	0	0.05	1	T44	T128	25
d-phlag_0010-c_min2max4	1700	0	300	0	0.15	3	T76	T108	32
d-phlag_0010-c_min2max4	0	1900	0	100	0.05	4	T32	T188	26
d-phlag_0010-c_min2max4	0	1500	500	0	0.25	1	T200	T107	33
d-phlag_0010-c_min2max4	1010	590	400	0	0.2	1	T35	T120	12
d-phlag_0010-c_min2max4	0	1400	600	0	0.3	1	T158	T11	36
d-phlag_0010-c_min2max4	1499	1	10	490	0.25	4	T140	T194	48
d-phlag_0010-c_min2max4	1400	0	600	0	0.3	1	T142	T128	6
d-phlag_0010-c_min2max4	1600	0	0	400	0.2	5	T56	T28	28
d-phlag_0010-c_min2max4	128	1372	499	1	0.25	4	T89	T145	50
d-phlag_0010-c_min2max4	1800	0	13	187	0.1	1	T114	T186	50
d-phlag_0010-c_min2max4	1900	0	100	0	0.05	1	T96	T167	14
d-phlag_0010-c_min2max4	1601	0	399	0	0.2	3	T13	T87	5
d-phlag_0010-c_min2max4	1400	0	0	600	0.3	1	T28	T86	32
d-phlag_0010-c_min2max4	1800	0	4	196	0.1	1	T181	T154	49
d-phlag_0010-c_min2max4	1502	0	0	498	0.25	3	T35	T7	16
d-phlag_0010-c_min2max4	1500	0	500	0	0.25	2	T193	T143	30
d-phlag_0010-c_min2max4	1400	0	600	0	0.3	2	T145	T94	8
d-phlag_0010-c_min2max4	1598	2	5	395	0.2	1	T197	T161	39
d-phlag_0010-c_min2max4	1502	0	498	0	0.25	3	T148	T130	43
d-phlag_0010-c_min2max4	1693	7	30	270	0.15	5	T94	T180	11
d-phlag_0010-c_min2max4	1800	0	200	0	0.1	2	T57	T177	43
d-phlag_0010-c_min2max4	1354	46	53	547	0.3	6	T175	T76	36
d-phlag_0010-c_min2max4	357	1343	0	300	0.15	3	T12	T36	3
d-phlag_0010-c_min2max4	1500	2	1	497	0.25	3	T96	T105	47
d-phlag_0010-c_min2max4	1500	0	500	0	0.25	1	T82	T190	6
d-phlag_0010-c_min2max4	1642	158	200	0	0.1	1	T148	T86	25
d-phlag_0010-c_min2max4	8	1392	600	0	0.3	1	T98	T22	41
d-phlag_0010-c_min2max4	8	1794	198	0	0.1	3	T46	T70	1
d-phlag_0010-c_min2max4	0	1500	500	0	0.25	1	T44	T128	25
d-phlag_0010-c_min2max4	1114	486	0	400	0.2	1	T30	T188	44
d-phlag_0010-c_min2max4	0	1500	500	0	0.25	1	T50	T138	21
d-phlag_0010-c_min2max4	21	1379	597	3	0.3	2	T14	T180	4
d-phlag_0010-c_min2max4	0	1400	0	600	0.3	1	T150	T137	44
d-phlag_0010-c_min2max4	1900	0	100	0	0.05	5	T185	T142	34
d-phlag_0010-c_min2max4	1652	48	300	0	0.15	3	T178	T149	19
d-phlag_0010-c_min2max4	36	1764	195	5	0.1	2	T196	T8	26
d-phlag_0010-c_min2max4	21	1379	600	0	0.3	1	T6	T94	32
d-phlag_0010-c_min2max4	1600	0	400	0	0.2	2	T6	T118	21
d-phlag_0010-c_min2max4	1411	91	4	494	0.25	3	T90	T10	24
d-phlag_0010-c_min2max4	0	1600	400	0	0.2	1	T159	T119	22
d-phlag_0010-c_min2max4	0	1400	599	1	0.3	2	T109	T111	10
d-phlag_0010-c_min2max4	0	1700	0	300	0.15	1	T31	T191	25
d-phlag_0010-c_min2max4	9	1892	99	0	0.05	3	T71	T144	11
d-phlag_0010-c_min2max4	82	1318	600	0	0.3	3	T179	T106	9
d-phlag_0010-c_min2max4	1474	26	0	500	0.25	1	T29	T32	46
d-phlag_0010-c_min2max4	0	1900	0	100	0.05	1	T30	T188	44
d-phlag_0010-c_min2max4	1780	20	0	200	0.1	2	T20	T32	5
d-phlag_0010-c_min2max4	1804	96	100	0	0.05	2	T82	T155	42
d-phlag_0010-c_min2max4	1597	3	4	396	0.2	1	T181	T154	49
d-phlag_0010-c_min2max4	0	1900	99	1	0.05	2	T108	T86	6
d-phlag_0010-c_min2max4	1655	45	10	290	0.15	2	T171	T4	2
d-phlag_0010-c_min2max4	1900	0	3	97	0.05	1	T92	T64	49
d-phlag_0010-c_min2max4	3	1397	595	5	0.3	2	T7	T15	49
d-phlag_0010-c_min2max4	1600	0	8	392	0.2	1	T81	T36	13
d-phlag_0010-c_min2max4	0	1900	0	100	0.05	2	T136	T196	28
d-phlag_0010-c_min2max4	0	1900	100	0	0.05	2	T200	T123	30
d-phlag_0010-c_min2max4	1795	5	0	200	0.1	1	T172	T69	45
d-phlag_0010-c_min2max4	1800	0	200	0	0.1	2	T38	T46	33
d-phlag_0010-c_min2max4	1452	50	21	477	0.25	3	T109	T76	36
d-phlag_0010-c_min2max4	1668	132	200	0	0.1	1	T18	T5	33
d-phlag_0010-c_min2max4	1900	0	100	0	0.05	1	T13	T7	47
d-phlag_0010-c_min2max4	1900	0	100	0	0.05	1	T100	T97	31
d-phlag_0010-c_min2max4	41	1459	500	0	0.25	1	T57	T160	17
d-phlag_0010-c_min2max4	72	1428	496	4	0.25	2	T198	T101	10
d-phlag_0010-c_min2max4	176	1224	579	21	0.3	2	T96	T167	14
d-phlag_0010-c_min2max4	1	1899	100	0	0.05	1	T159	T58	33
d-phlag_0010-c_min2max4	1585	15	6	394	0.2	4	T57	T160	17
d-phlag_0010-c_min2max4	1158	542	300	0	0.15	2	T126	T100	21
d-phlag_0010-c_min2max4	15	1585	399	1	0.2	2	T60	T59	31
d-phlag_0010-c_min2max4	655	745	0	600	0.3	2	T17	T30	27
d-phlag_0010-c_min2max4	1546	55	2	397	0.2	3	T29	T32	46
d-phlag_0010-c_min2max4	1311	89	5	595	0.3	2	T32	T37	45
d-phlag_0010-c_min2max4	0	1900	100	0	0.05	5	T127	T134	40
d-phlag_0010-c_min2max4	1400	0	2	598	0.3	3	T139	T88	43
d-phlag_0010-c_min2max4	1800	0	200	0	0.1	2	T107	T167	8
d-phlag_0010-c_min2max4	14	1686	297	3	0.15	2	T37	T24	2
d-phlag_0010-c_min2max4	978	722	0	300	0.15	1	T105	T80	27
d-phlag_0010-c_min2max4	1685	15	5	295	0.15	2	T20	T106	3
d-phlag_0010-c_min2max4	1700	0	5	295	0.15	1	T6	T128	16
d-phlag_0010-c_min2max4	1600	0	0	400	0.2	1	T56	T112	49
d-phlag_0010-c_min2max4	7	1393	600	0	0.3	1	T200	T151	14
d-phlag_0010-c_min2max4	1379	121	250	250	0.25	4	T23	T171	10
d-phlag_0010-c_min2max4	1600	0	400	0	0.2	1	T139	T175	47
d-phlag_0010-c_min2max4	1400	0	600	0	0.3	2	T126	T117	39
d-phlag_0010-c_min2max4	16	1585	399	0	0.2	3	T140	T194	48
d-phlag_0010-c_min2max4	1	1600	399	0	0.2	3	T172	T179	46
d-phlag_0010-c_min2max4	1661	39	7	293	0.15	4	T25	T57	1
d-phlag_0010-c_min2max4	1594	6	37	363	0.2	1	T125	T69	44
d-phlag_0010-c_min2max4	10	1690	300	0	0.15	3	T154	T107	48
d-phlag_0010-c_min2max4	1800	0	200	0	0.1	4	T88	T120	12
d-phlag_0010-c_min2max4	1493	7	0	500	0.25	1	T88	T180	19
d-phlag_0010-c_min2max4	1600	0	400	0	0.2	2	T136	T144	8
d-phlag_0010-c_min2max4	1788	12	0	200	0.1	1	T104	T131	1
d-phlag_0010-c_min2max4	0	1400	600	0	0.3	1	T7	T30	32
d-phlag_0010-c_min2max4	2	1398	600	0	0.3	3	T159	T119	22
d-phlag_0010-c_min2max4	1695	5	25	275	0.15	2	T96	T167	14
d-phlag_0010-c_min2max4	1500	0	500	0	0.25	2	T67	T22	3
d-phlag_0010-c_min2max4	35	1866	99	0	0.05	3	T102	T158	16
d-phlag_0010-c_min2max4	1900	0	0	100	0.05	1	T1	T117	30
d-phlag_0010-c_min2max4	1901	0	99	0	0.05	3	T107	T17	29
d-phlag_0010-c_min2max4	1661	139	196	4	0.1	2	T191	T91	3
d-phlag_0010-c_min2max4	1015	685	123	177	0.15	2	T77	T87	27
d-phlag_0010-c_min2max4	4	1496	500	0	0.25	1	T151	T102	1
d-phlag_0010-c_min2max4	1	1599	399	1	0.2	2	T53	T158	43
d-phlag_0010-c_min2max4	1409	495	64	32	0.05	6	T102	T113	10
d-phlag_0010-c_min2max4	1797	3	3	197	0.1	2	T159	T58	33
d-phlag_0010-c_min2max4	1	1799	200	0	0.1	1	T4	T5	22
d-phlag_0010-c_min2max4	1592	8	6	394	0.2	2	T193	T33	50
d-phlag_0010-c_min2max4	1700	0	4	296	0.15	1	T49	T114	30
d-phlag_0010-c_min2max4	73	1327	600	0	0.3	2	T108	T137	11
d-phlag_0010-c_min2max4	1743	57	0	200	0.1	2	T89	T145	50
d-phlag_0010-c_min2max4	1600	0	28	372	0.2	1	T134	T88	24
d-phlag_0010-c_min2max4	16	1786	198	0	0.1	3	T172	T179	46
d-phlag_0010-c_min2max4	21	1679	300	0	0.15	1	T59	T136	28
d-phlag_0010-c_min2max4	1899	1	1	99	0.05	2	T143	T121	35
d-phlag_0010-c_min2max4	1499	1	0	500	0.25	2	T23	T195	39
d-phlag_0010-c_min2max4	1400	0	428	172	0.3	2	T139	T115	38
d-phlag_0010-c_min2max4	1253	347	0	400	0.2	1	T118	T90	50
d-phlag_0010-c_min2max4	1491	9	1	499	0.25	2	T153	T30	29
d-phlag_0010-c_min2max4	0	1700	300	0	0.15	1	T70	T7	17
d-phlag_0010-c_min2max4	1179	321	0	500	0.25	5	T136	T75	50
d-phlag_0010-c_min2max4	859	643	330	168	0.25	3	T16	T97	15
d-phlag_0010-c_min2max4	1494	6	5	495	0.25	1	T141	T66	42
d-phlag_0010-c_min2max4	1802	0	198	0	0.1	3	T68	T126	37
d-phlag_0010-c_min2max4	1794	6	3	197	0.1	2	T18	T89	27
d-phlag_0010-c_min2max4	1502	0	3	495	0.25	3	T86	T59	43
d-phlag_0010-c_min2max4	1395	5	0	600	0.3	1	T63	T46	7
d-phlag_0010-c_min2max4	181	1719	100	0	0.05	2	T47	T130	45
d-phlag_0010-c_min2max4	1900	0	100	0	0.05	2	T184	T14	42
d-phlag_0010-c_min2max4	242	1359	392	7	0.2	3	T171	T4	2
d-phlag_0010-c_min2max4	1498	2	0	500	0.25	1	T177	T124	35
d-phlag_0010-c_min2max4	1799	3	6	192	0.1	3	T96	T105	47
d-phlag_0010-c_min2max4	1380	20	0	600	0.3	1	T153	T30	29
d-phlag_0010-c_min2max4	1799	1	0	200	0.1	1	T130	T177	42
d-phlag_0010-c_min2max4	1768	34	1	197	0.1	3	T197	T176	4
d-phlag_0010-c_min2max4	1700	0	300	0	0.15	2	T37	T28	11
d-phlag_0010-c_min2max4	1700	0	300	0	0.15	1	T13	T160	37
d-phlag_0010-c_min2max4	0	1600	400	0	0.2	2	T94	T171	34
d-phlag_0010-c_min2max4	1357	43	0	600	0.3	1	T27	T24	14
d-phlag_0010-c_min2max4	1400	0	600	0	0.3	1	T2	T176	20
d-phlag_0010-c_min2max4	1271	529	200	0	0.1	2	T47	T32	26
d-phlag_0010-c_min2max4	1600	0	0	400	0.2	2	T67	T68	29
d-phlag_0010-c_min2max4	14	1788	198	0	0.1	6	T10	T8	1
d-phlag_0010-c_min2max4	5	1795	200	0	0.1	1	T151	T183	29
d-phlag_0010-c_min2max4	1549	52	314	85	0.2	3	T113	T29	36
d-phlag_0010-c_min2max4	4	1596	400	0	0.2	2	T20	T124	35
d-phlag_0010-c_min2max4	2	1898	100	0	0.05	1	T51	T110	40
d-phlag_0010-c_min2max4	9	1491	499	1	0.25	2	T53	T162	11
d-phlag_0010-c_min2max4	1597	3	18	382	0.2	2	T16	T190	42
d-phlag_0010-c_min2max4	9	1591	400	0	0.2	1	T48	T177	28
d-phlag_0010-c_min2max4	1400	0	600	0	0.3	2	T14	T40	34
d-phlag_0010-c_min2max4	1551	49	21	379	0.2	2	T6	T128	16
d-phlag_0010-c_min2max4	6	1694	297	3	0.15	1	T177	T109	13
d-phlag_0010-c_min2max4	1900	0	100	0	0.05	2	T22	T11	29
d-phlag_0010-c_min2max4	6	1494	500	0	0.25	2	T130	T177	42
d-phlag_0010-c_min2max4	1700	0	1	299	0.15	1	T106	T158	8
d-phlag_0010-c_min2max4	1400	0	2	598	0.3	2	T33	T31	19
d-phlag_0010-c_min2max4	1395	5	47	553	0.3	4	T142	T10	17
d-phlag_0010-c_min2max4	31	1369	595	5	0.3	3	T145	T172	44
d-phlag_0010-c_min2max4	1866	34	8	92	0.05	1	T8	T54	38
d-phlag_0010-c_min2max4	1502	0	498	0	0.25	3	T181	T9	36
d-phlag_0010-c_min2max4	2	1500	495	3	0.25	3	T29	T187	29
d-phlag_0010-c_min2max4	1700	0	180	120	0.15	2	T17	T197	5
d-phlag_0010-c_min2max4	1600	0	40	360	0.2	2	T126	T100	21
d-phlag_0010-c_min2max4	11	1689	299	1	0.15	4	T117	T137	40
d-phlag_0010-c_min2max4	0	1500	500	0	0.25	1	T115	T171	15
d-phlag_0010-c_min2max4	1486	14	500	0	0.25	1	T101	T126	4
d-phlag_0010-c_min2max4	1800	0	200	0	0.1	4	T144	T28	44
d-phlag_0010-c_min2max4	1900	0	0	100	0.05	2	T101	T107	17
d-phlag_0010-c_min2max4	1400	0	3	597	0.3	1	T191	T161	39
d-phlag_0010-c_min2max4	1600	0	0	400	0.2	2	T58	T103	21
d-phlag_0010-c_min2max4	1700	0	0	300	0.15	1	T125	T141	18
d-phlag_0010-c_min2max4	1400	0	0	600	0.3	2	T46	T70	1
d-phlag_0010-c_min2max4	11	1389	600	0	0.3	1	T10	T8	1
d-phlag_0010-c_min2max4	1801	1	3	195	0.1	3	T71	T144	20
d-phlag_0010-c_min2max4	0	1400	600	0	0.3	4	T145	T197	7
d-phlag_0010-c_min2max4	0	1700	300	0	0.15	1	T174	T115	28
d-phlag_0010-c_min2max4	0	1500	500	0	0.25	1	T158	T11	36
d-phlag_0010-c_min2max4	0	1700	300	0	0.15	2	T94	T171	34
d-phlag_0010-c_min2max4	35	1365	596	4	0.3	2	T8	T54	38
d-phlag_0010-c_min2max4	1799	1	17	183	0.1	1	T125	T141	18
d-phlag_0010-c_min2max4	1495	5	0	500	0.25	2	T187	T11	14
d-phlag_0010-c_min2max4	1394	6	364	236	0.3	4	T138	T99	25
d-phlag_0010-c_min2max4	56	1544	400	0	0.2	2	T166	T34	28
d-phlag_0010-c_min2max4	1400	0	600	0	0.3	1	T193	T113	14
d-phlag_0010-c_min2max4	63	1337	600	0	0.3	2	T173	T48	9
d-phlag_0010-c_min2max4	1600	0	400	0	0.2	2	T30	T47	37
d-phlag_0010-c_min2max4	3	1797	200	0	0.1	2	T111	T137	11
d-phlag_0010-c_min2max4	0	1700	300	0	0.15	1	T121	T93	5
d-phlag_0010-c_min2max4	1861	39	1	99	0.05	2	T57	T196	42
d-phlag_0010-c_min2max4	13	1587	400	0	0.2	2	T52	T29	6
d-phlag_0010-c_min2max4	1465	35	250	250	0.25	2	T14	T148	10
d-phlag_0010-c_min2max4	9	1891	100	0	0.05	2	T46	T70	1
d-phlag_0010-c_min2max4	1800	0	0	200	0.1	2	T139	T159	15
d-phlag_0010-c_min2max4	2	1398	600	0	0.3	1	T29	T187	29
d-phlag_0010-c_min3max81-r	1500	0	500	0	0.25	1	T10	T30	10
d-phlag_0010-c_min3max81-r	1900	0	100	0	0.05	1	T88	T120	12
d-phlag_0010-c_min3max81-r	1828	72	0	100	0.05	1	T114	T140	37
d-phlag_0010-c_min3max81-r	0	1800	0	200	0.1	2	T118	T78	17
d-phlag_0010-c_min3max81-r	25	1675	300	0	0.15	1	T119	T198	9
d-phlag_0010-c_min3max81-r	1893	7	0	100	0.05	2	T8	T13	35
d-phlag_0010-c_min3max81-r	16	1486	498	0	0.25	3	T54	T121	30
d-phlag_0010-c_min3max81-r	1500	0	500	0	0.25	4	T137	T3	18
d-phlag_0010-c_min3max81-r	1332	68	2	598	0.3	3	T115	T44	46
d-phlag_0010-c_min3max81-r	0	1700	0	300	0.15	1	T148	T130	43
d-phlag_0010-c_min3max81-r	1557	43	4	396	0.2	1	T100	T97	31
d-phlag_0010-c_min3max81-r	0	1600	400	0	0.2	2	T200	T123	30
d-phlag_0010-c_min3max81-r	820	580	0	600	0.3	2	T90	T10	24
d-phlag_0010-c_min3max81-r	1411	389	0	200	0.1	1	T151	T134	24
d-phlag_0010-c_min3max81-r	1887	13	10	90	0.05	1	T193	T127	10
d-phlag_0010-c_min3max81-r	1598	3	8	391	0.2	3	T102	T113	10
d-phlag_0010-c_min3max81-r	81	1820	98	1	0.05	3	T106	T158	8
d-phlag_0010-c_min3max81-r	1784	18	0	198	0.1	3	T50	T138	21
d-phlag_0010-c_min3max81-r	604	896	500	0	0.25	4	T105	T136	49
d-phlag_0010-c_min3max81-r	1601	0	399	0	0.2	3	T181	T9	36
d-phlag_0010-c_min3max81-r	1388	12	28	572	0.3	2	T106	T158	43
d-phlag_0010-c_min3max81-r	1597	103	0	300	0.15	1	T113	T29	36
d-phlag_0010-c_min3max81-r	1700	0	3	297	0.15	1	T166	T34	28
d-phlag_0010-c_min3max81-r	1282	520	107	91	0.1	3	T46	T167	27
d-phlag_0010-c_min3max81-r	1600	0	0	400	0.2	1	T51	T91	47
d-phlag_0010-c_min3max81-r	673	727	216	384	0.3	4	T85	T19	44
d-phlag_0010-c_min3max81-r	0	1900	100	0	0.05	1	T52	T29	6
d-phlag_0010-c_min3max81-r	1400	0	0	600	0.3	1	T24	T115	23
d-phlag_0010-c_min3max81-r	1600	0	400	0	0.2	1	T137	T102	43
d-phlag_0010-c_min3max81-r	1269	632	79	20	0.05	3	T144	T28	44
d-phlag_0010-c_min3max81-r	1900	0	100	0	0.05	2	T71	T37	10
d-phlag_0010-c_min3max81-r	1502	98	399	1	0.2	2	T141	T66	42
d-phlag_0010-c_min3max81-r	1500	0	8	492	0.25	1	T107	T17	29
d-phlag_0010-c_min3max81-r	0	1502	498	0	0.25	3	T133	T140	7
d-phlag_0010-c_min3max81-r	0	1700	300	0	0.15	1	T84	T104	46
d-phlag_0010-c_min3max81-r	1800	0	200	0	0.1	2	T124	T144	29
d-phlag_0010-c_min3max81-r	1760	140	0	100	0.05	2	T185	T6	9
d-phlag_0010-c_min3max81-r	14	1386	598	2	0.3	2	T108	T86	6
d-phlag_0010-c_min3max81-r	1800	0	200	0	0.1	1	T15	T112	17
d-phlag_0010-c_min3max81-r	1800	0	200	0	0.1	1	T48	T185	32
d-phlag_0010-c_min3max81-r	1600	0	400	0	0.2	1	T37	T28	11
d-phlag_0010-c_min3max81-r	1599	1	0	400	0.2	1	T114	T152	3
d-phlag_0010-c_min3max81-r	1700	0	300	0	0.15	2	T137	T102	43
d-phlag_0010-c_min3max81-r	0	1700	0	300	0.15	1	T58	T103	21
d-phlag_0010-c_min3max81-r	6	1594	400	0	0.2	1	T96	T167	14
d-phlag_0010-c_min3max81-r	1800	0	200	0	0.1	2	T116	T22	3
d-phlag_0010-c_min3max81-r	12	1588	400	0	0.2	1	T7	T68	41
d-phlag_0010-c_min3max81-r	19	1481	500	0	0.25	1	T14	T180	4
d-phlag_0010-c_min3max81-r	2	1798	200	0	0.1	1	T20	T124	35
d-phlag_0010-c_min3max81-r	0	1800	200	0	0.1	4	T133	T140	7
d-phlag_0010-c_min3max81-r	1400	0	2	598	0.3	2	T192	T68	26
d-phlag_0010-c_min3max81-r	0	1601	0	399	0.2	3	T148	T130	43
d-phlag_0010-c_min3max81-r	1400	0	0	600	0.3	2	T165	T132	7
d-phlag_0010-c_min3max81-r	4	1696	300	0	0.15	1	T175	T194	41
d-phlag_0010-c_min3max81-r	674	1026	300	0	0.15	4	T54	T88	28
d-phlag_0010-c_min3max81-r	0	1800	200	0	0.1	1	T115	T171	15
d-phlag_0010-c_min3max81-r	1900	0	100	0	0.05	1	T168	T147	30
d-phlag_0010-c_min3max81-r	1399	1	0	600	0.3	1	T107	T198	19
d-phlag_0010-c_min3max81-r	0	1700	300	0	0.15	3	T149	T49	21
d-phlag_0010-c_min3max81-r	4	1796	199	1	0.1	2	T19	T7	25
d-phlag_0010-c_min3max81-r	0	1500	500	0	0.25	1	T12	T60	34
d-phlag_0010-c_min3max81-r	20	1580	400	0	0.2	1	T29	T116	20
d-phlag_0010-c_min3max81-r	1796	4	1	199	0.1	2	T13	T7	47
d-phlag_0010-c_min3max81-r	1600	0	400	0	0.2	1	T194	T41	19
d-phlag_0010-c_min3max81-r	1896	4	0	100	0.05	2	T177	T124	35
d-phlag_0010-c_min3max81-r	1800	0	200	0	0.1	1	T137	T102	43
d-phlag_0010-c_min3max81-r	1600	0	2	398	0.2	1	T91	T196	20
d-phlag_0010-c_min3max81-r	1700	0	300	0	0.15	1	T85	T31	25
d-phlag_0010-c_min3max81-r	1900	0	0	100	0.05	1	T90	T80	40
d-phlag_0010-c_min3max81-r	46	1456	498	0	0.25	3	T57	T86	32
d-phlag_0010-c_min3max81-r	1599	2	0	399	0.2	3	T137	T106	1
d-phlag_0010-c_min3max81-r	1351	549	92	8	0.05	2	T85	T19	44
d-phlag_0010-c_min3max81-r	1600	0	6	394	0.2	2	T59	T136	28
d-phlag_0010-c_min3max81-r	1458	42	0	500	0.25	1	T185	T6	9
d-phlag_0010-c_min3max81-r	1395	5	0	600	0.3	1	T111	T137	11
d-phlag_0010-c_min3max81-r	955	945	62	38	0.05	1	T136	T54	24
d-phlag_0010-c_min3max81-r	0	1502	0	498	0.25	3	T64	T181	41
d-phlag_0010-c_min3max81-r	1700	0	300	0	0.15	2	T150	T36	4
d-phlag_0010-c_min3max81-r	17	1583	400	0	0.2	2	T83	T62	47
d-phlag_0010-c_min3max81-r	1400	0	600	0	0.3	2	T16	T97	15
d-phlag_0010-c_min3max81-r	1700	0	300	0	0.15	1	T30	T47	37
d-phlag_0010-c_min3max81-r	1400	0	600	0	0.3	3	T131	T67	38
d-phlag_0010-c_min3max81-r	32	1468	500	0	0.25	2	T8	T54	38
d-phlag_0010-c_min3max81-r	3	1598	399	0	0.2	3	T12	T60	34
d-phlag_0010-c_min3max81-r	1500	0	500	0	0.25	2	T68	T111	6
d-phlag_0010-c_min3max81-r	1325	75	0	600	0.3	1	T172	T111	6
d-phlag_0010-c_min3max81-r	0	1600	400	0	0.2	1	T84	T13	33
d-phlag_0010-c_min3max81-r	1485	15	0	500	0.25	1	T17	T197	5
d-phlag_0010-c_min3max81-r	46	1854	100	0	0.05	1	T133	T156	49
d-phlag_0010-c_min3max81-r	1700	0	300	0	0.15	1	T15	T6	22
d-phlag_0010-c_min3max81-r	1502	0	0	498	0.25	3	T169	T170	2
d-phlag_0010-c_min3max81-r	1398	2	2	598	0.3	3	T157	T124	33
d-phlag_0010-c_min3max81-r	28	1573	398	1	0.2	3	T143	T121	35
d-phlag_0010-c_min3max81-r	0	1500	500	0	0.25	1	T198	T102	40
d-phlag_0010-c_min3max81-r	0	1800	0	200	0.1	1	T136	T196	28
d-phlag_0010-c_min3max81-r	10	1890	100	0	0.05	1	T139	T102	21
d-phlag_0010-c_min3max81-r	1900	1	0	99	0.05	3	T7	T68	41
d-phlag_0010-c_min3max81-r	1394	6	4	596	0.3	3	T68	T170	41
d-phlag_0010-c_min3max81-r	1590	11	6	393	0.2	3	T137	T116	39
d-phlag_0010-c_min3max81-r	0	1800	200	0	0.1	1	T85	T79	31
d-phlag_0010-c_min3max81-r	4	1396	600	0	0.3	2	T184	T30	49
d-phlag_0010-c_min3max81-r	0	1500	500	0	0.25	2	T136	T110	31
d-phlag_0010-c_min3max81-r	1117	583	148	152	0.15	1	T103	T130	27
d-phlag_0010-c_min3max81-r	0	1900	100	0	0.05	1	T51	T152	38
d-phlag_0010-c_min3max81-r	3	1697	300	0	0.15	2	T98	T22	41
d-phlag_0010-c_min3max81-r	1502	0	498	0	0.25	3	T30	T47	37
d-phlag_0010-c_min3max81-r	1800	0	200	0	0.1	2	T41	T66	22
d-phlag_0010-c_min3max81-r	1894	7	6	93	0.05	3	T148	T86	25
d-phlag_0010-c_min3max81-r	1800	0	2	198	0.1	1	T157	T198	11
d-phlag_0010-c_min3max81-r	1700	0	0	300	0.15	1	T1	T117	30
d-phlag_0010-c_min3max81-r	1749	152	66	33	0.05	3	T69	T33	19
d-phlag_0010-c_min3max81-r	136	1464	397	3	0.2	2	T63	T46	7
d-phlag_0010-c_min3max81-r	80	1820	100	0	0.05	2	T176	T152	48
d-phlag_0010-c_min3max81-r	1901	0	99	0	0.05	3	T138	T99	25
d-phlag_0010-c_min3max81-r	1573	27	0	400	0.2	1	T57	T44	14
d-phlag_0010-c_min3max81-r	2	1498	500	0	0.25	1	T167	T106	4
d-phlag_0010-c_min3max81-r	1595	5	0	400	0.2	1	T24	T150	34
d-phlag_0010-c_min3max81-r	1888	13	66	33	0.05	3	T88	T180	19
d-phlag_0010-c_min3max81-r	1600	0	400	0	0.2	1	T125	T168	16
d-phlag_0010-c_min3max81-r	0	1800	200	0	0.1	1	T140	T110	20
d-phlag_0010-c_min3max81-r	1700	0	0	300	0.15	1	T83	T138	39
d-phlag_0010-c_min3max81-r	8	1692	300	0	0.15	1	T57	T44	14
d-phlag_0010-c_min3max81-r	3	1397	600	0	0.3	1	T1	T117	30
d-phlag_0010-c_min3max81-r	0	1901	0	99	0.05	3	T58	T103	21
d-phlag_0010-c_min3max81-r	1593	8	399	0	0.2	3	T125	T64	1
d-phlag_0010-c_min3max81-r	1700	0	300	0	0.15	1	T50	T148	10
d-phlag_0010-c_min3max81-r	162	1638	200	0	0.1	1	T110	T26	2
d-phlag_0010-c_min3max81-r	1900	0	100	0	0.05	1	T194	T41	19
d-phlag_0010-c_min3max81-r	1400	0	600	0	0.3	3	T31	T191	25
d-phlag_0010-c_min3max81-r	1201	399	300	100	0.2	2	T197	T36	24
d-phlag_0010-c_min3max81-r	998	802	0	200	0.1	1	T69	T86	27
d-phlag_0010-c_min3max81-r	0	1400	600	0	0.3	3	T43	T112	41
d-phlag_0010-c_min3max81-r	9	1691	300	0	0.15	1	T140	T194	48
d-phlag_0010-c_min3max81-r	1600	0	4	396	0.2	1	T118	T135	12
d-phlag_0010-c_min3max81-r	1891	9	26	74	0.05	2	T110	T26	2
d-phlag_0010-c_min3max81-r	1699	1	0	300	0.15	1	T73	T127	40
d-phlag_0010-c_min3max81-r	1901	0	99	0	0.05	3	T109	T71	42
d-phlag_0010-c_min3max81-r	15	1785	200	0	0.1	2	T106	T158	8
d-phlag_0010-c_min3max81-r	7	1893	100	0	0.05	2	T184	T30	49
d-phlag_0010-c_min3max81-r	1212	488	0	300	0.15	3	T120	T43	50
d-phlag_0010-c_min3max81-r	1900	0	100	0	0.05	2	T144	T195	28
d-phlag_0010-c_min3max81-r	1761	139	50	50	0.05	2	T14	T40	34
d-phlag_0010-c_min3max81-r	1106	294	479	121	0.3	1	T144	T28	44
d-phlag_0010-c_min3max81-r	1783	17	10	190	0.1	2	T142	T10	17
d-phlag_0010-c_min3max81-r	1304	96	566	34	0.3	3	T12	T36	3
d-phlag_0010-c_min3max81-r	15	1385	600	0	0.3	2	T24	T150	34
d-phlag_0010-c_min3max81-r	1697	3	126	174	0.15	3	T69	T33	19
d-phlag_0010-c_min3max81-r	6	1595	365	34	0.2	3	T145	T172	44
d-phlag_0010-c_min3max81-r	1459	43	170	328	0.25	3	T132	T99	2
d-phlag_0010-c_min3max81-r	1600	0	400	0	0.2	1	T41	T66	22
d-phlag_0010-c_min3max81-r	1	1899	100	0	0.05	1	T85	T79	31
d-phlag_0010-c_min3max81-r	1782	20	2	196	0.1	3	T86	T61	13
d-phlag_0010-c_min3max81-r	0	1700	300	0	0.15	1	T62	T40	20
d-phlag_0010-c_min3max81-r	16	1584	392	8	0.2	2	T175	T81	18
d-phlag_0010-c_min3max81-r	1500	0	500	0	0.25	2	T16	T49	9
d-phlag_0010-c_min3max81-r	2	1899	98	1	0.05	3	T166	T177	30
d-phlag_0010-c_min3max81-r	7	1795	197	1	0.1	3	T78	T150	47
d-phlag_0010-c_min3max81-r	1700	0	300	0	0.15	4	T125	T168	16
d-phlag_0010-c_min3max81-r	1	1501	496	2	0.25	3	T3	T68	4
d-phlag_0010-c_min3max81-r	1502	0	498	0	0.25	3	T22	T11	29
d-phlag_0010-c_min3max81-r	1390	110	250	250	0.25	2	T140	T102	6
d-phlag_0010-c_min3max81-r	3	1797	200	0	0.1	4	T70	T7	17
d-phlag_0010-c_min3max81-r	729	671	0	600	0.3	1	T69	T86	27
d-phlag_0010-c_min3max81-r	1900	0	100	0	0.05	2	T171	T4	2
d-phlag_0010-c_min3max81-r	1382	18	0	600	0.3	1	T86	T61	13
d-phlag_0010-c_min3max81-r	1756	44	0	200	0.1	1	T14	T148	10
d-phlag_0010-c_min3max81-r	0	1700	300	0	0.15	4	T87	T18	29
d-phlag_0010-c_min3max81-r	0	1500	500	0	0.25	2	T99	T180	26
d-phlag_0010-c_min3max81-r	1498	2	3	497	0.25	2	T8	T13	35
d-phlag_0010-c_min3max81-r	1082	518	0	400	0.2	2	T38	T181	50
d-phlag_0010-c_min3max81-r	8	1893	99	0	0.05	3	T15	T102	14
d-phlag_0010-c_min3max81-r	1900	0	100	0	0.05	1	T170	T90	12
d-phlag_0010-c_min3max81-r	0	1900	0	100	0.05	1	T112	T147	23
d-phlag_0010-c_min3max81-r	1800	0	200	0	0.1	2	T72	T119	16
d-phlag_0010-c_min3max81-r	1600	0	3	397	0.2	2	T4	T5	22
d-phlag_0010-c_min3max81-r	1393	7	4	596	0.3	3	T92	T64	49
d-phlag_0010-c_min3max81-r	1315	85	0	600	0.3	2	T84	T14	45
d-phlag_0010-c_min3max81-r	82	1518	399	1	0.2	1	T14	T180	4
d-phlag_0010-c_min3max81-r	1890	10	0	100	0.05	1	T15	T112	17
d-phlag_0010-c_min3max81-r	1582	18	202	198	0.2	2	T88	T120	12
d-phlag_0010-c_min3max81-r	4	1496	500	0	0.25	1	T138	T132	9
d-phlag_0010-c_min3max81-r	1399	1	0	600	0.3	2	T177	T124	35
d-phlag_0010-c_min3max81-r	2	1398	600	0	0.3	2	T52	T29	6
d-phlag_0010-c_min3max81-r	11	1689	300	0	0.15	4	T117	T95	31
d-phlag_0010-c_min3max81-r	1898	2	0	100	0.05	1	T20	T82	6
d-phlag_0010-c_min3max81-r	1700	0	300	0	0.15	1	T27	T24	14
d-phlag_0010-c_min3max81-r	1700	0	300	0	0.15	4	T89	T124	21
d-phlag_0010-c_min3max81-r	1686	14	49	251	0.15	3	T55	T68	17
d-phlag_0010-c_min3max81-r	33	1667	297	3	0.15	2	T198	T101	10
d-phlag_0010-c_min3max81-r	1500	0	0	500	0.25	1	T24	T115	23
d-phlag_0010-c_min3max81-r	0	1400	600	0	0.3	2	T12	T60	34
d-phlag_0010-c_min3max81-r	1598	2	0	400	0.2	2	T62	T40	20
d-phlag_0010-c_min3max81-r	0	1500	0	500	0.25	2	T112	T147	23
d-phlag_0010-c_min3max81-r	1465	235	300	0	0.15	1	T18	T5	33
d-phlag_0010-c_min3max81-r	155	1645	200	0	0.1	2	T87	T186	16
d-phlag_0010-c_min3max81-r	19	1881	99	1	0.05	2	T117	T71	5
d-phlag_0010-c_min3max81-r	1584	16	0	400	0.2	2	T129	T108	48
d-phlag_0010-c_min3max81-r	1464	136	15	385	0.2	2	T27	T24	14
d-phlag_0010-c_min3max81-r	1241	159	13	587	0.3	5	T170	T91	13
d-phlag_0010-c_min3max81-r	5	1395	600	0	0.3	1	T177	T109	13
d-phlag_0010-c_min3max81-r	1700	0	2	298	0.15	3	T80	T81	4
d-phlag_0010-c_min3max81-r	8	1692	300	0	0.15	2	T137	T116	39
d-phlag_0010-c_min3max81-r	1301	599	60	40	0.05	2	T9	T123	27
d-phlag_0010-c_min3max81-r	1735	65	200	0	0.1	1	T23	T171	10
d-phlag_0010-c_min3max81-r	24	1376	589	11	0.3	3	T113	T15	49
d-phlag_0010-c_min3max81-r	1361	39	545	55	0.3	1	T6	T112	2
d-phlag_0010-c_min3max81-r	1249	151	557	43	0.3	1	T172	T69	45
d-phlag_0010-c_min3max81-r	13	1887	100	0	0.05	2	T198	T61	3
d-phlag_0010-c_min3max81-r	1700	0	300	0	0.15	2	T110	T158	12
d-phlag_0010-c_min3max81-r	1600	0	400	0	0.2	2	T72	T119	16
d-phlag_0010-c_min3max81-r	1400	0	600	0	0.3	1	T116	T22	3
d-phlag_0010-c_min3max81-r	1114	386	2	498	0.25	2	T151	T134	24
d-phlag_0010-c_min3max81-r	1543	157	298	2	0.15	1	T79	T172	45
d-phlag_0010-c_min3max81-r	4	1596	400	0	0.2	2	T136	T105	40
d-phlag_0010-c_min3max81-r	1357	43	0	600	0.3	1	T100	T97	31
d-phlag_0010-c_min3max81-r	132	1768	100	0	0.05	1	T159	T40	8
d-phlag_0010-c_min3max81-r	1800	0	200	0	0.1	1	T192	T23	48
d-phlag_0010-c_min3max81-r	0	1700	299	1	0.15	2	T171	T77	31
d-phlag_0010-c_min3max81-r	17	1583	400	0	0.2	2	T20	T32	5
d-phlag_0010-c_min3max81-r	1800	0	200	0	0.1	2	T68	T97	15
d-phlag_0010-c_min3max81-r	1896	4	6	94	0.05	1	T115	T44	46
d-phlag_0010-c_min3max81-r	17	1383	600	0	0.3	3	T138	T147	38
d-phlag_0010-c_min3max81-r	1900	0	54	46	0.05	2	T175	T76	36
d-phlag_0010-c_min3max81-r	1800	0	200	0	0.1	2	T115	T44	46
d-phlag_0010-c_min3max81-r	1132	368	251	249	0.25	1	T169	T200	24
d-phlag_0010-c_min3max81-r	1480	120	353	47	0.2	2	T79	T172	45
d-phlag_0010-c_min3max81-r	1497	3	24	476	0.25	1	T126	T100	21
d-phlag_0010-c_min3max81-r	1600	0	400	0	0.2	2	T140	T102	6
d-phlag_0010-c_min3max81-r	1900	0	0	100	0.05	1	T62	T40	20
d-phlag_0010-c_min3max81-r	1797	3	7	193	0.1	1	T175	T76	36
d-phlag_0010-c_min3max81-r	1400	0	0	600	0.3	1	T171	T33	26
d-phlag_0010-c_min3max81-r	1400	0	0	600	0.3	2	T9	T124	40
d-phlag_0010-c_min3max81-r	1018	382	0	600	0.3	2	T53	T175	44
d-phlag_0010-c_min3max81-r	1600	0	400	0	0.2	2	T2	T142	34
d-phlag_0010-c_min3max81-r	1066	436	2	496	0.25	3	T120	T43	50
d-phlag_0010-c_min3max81-r	0	1800	200	0	0.1	2	T150	T171	2
d-phlag_0010-c_min3max81-r	1900	0	2	98	0.05	2	T71	T144	20
d-phlag_0010-c_min3max81-r	14	1788	196	2	0.1	3	T17	T198	23
d-phlag_0010-c_min3max81-r	1388	12	593	7	0.3	1	T97	T32	13
d-phlag_0010-c_min3max81-r	1666	34	289	11	0.15	1	T25	T44	37
d-phlag_0010-c_min3max81-r	1793	7	1	199	0.1	1	T70	T194	21
d-phlag_0010-c_min3max81-r	1894	7	0	99	0.05	3	T80	T81	4
d-phlag_0010-c_min3max81-r	1897	3	10	90	0.05	4	T54	T121	30
d-phlag_0010-c_min3max81-r	1500	0	500	0	0.25	1	T116	T22	3
d-phlag_0010-c_min3max81-r	1900	0	7	93	0.05	2	T109	T111	10
d-phlag_0010-c_min3max81-r	1400	0	600	0	0.3	4	T10	T30	10
d-phlag_0010-c_min3max81-r	1743	57	191	9	0.1	2	T82	T155	42
d-phlag_0010-c_min3max81-r	9	1791	200	0	0.1	2	T65	T142	20
d-phlag_0010-c_min3max81-r	1500	0	4	496	0.25	1	T32	T188	26
d-phlag_0010-c_min3max81-r	3	1497	500	0	0.25	2	T166	T177	30
d-phlag_0010-c_min3max81-r	0	1600	399	1	0.2	2	T9	T199	45
d-phlag_0010-c_min3max81-r	847	553	411	189	0.3	2	T139	T123	27
d-phlag_0010-c_min3max81-r	1548	53	399	0	0.2	3	T142	T118	9
d-phlag_0010-c_min3max81-r	0	1500	500	0	0.25	2	T118	T48	32
d-phlag_0010-c_min3max81-r	1500	2	4	494	0.25	3	T157	T198	11
d-phlag_0010-c_min3max81-r	10	1890	100	0	0.05	1	T171	T77	31
d-phlag_0010-c_min3max81-r	1690	10	0	300	0.15	1	T24	T36	47
d-phlag_0010-c_min3max81-r	34	1366	599	1	0.3	3	T1	T140	37
d-phlag_0010-c_min3max81-r	31	1369	600	0	0.3	1	T187	T11	14
d-phlag_0010-c_min3max81-r	0	1800	0	200	0.1	2	T58	T103	21
d-phlag_0010-c_min3max81-r	1399	1	10	590	0.3	3	T54	T121	30
d-phlag_0010-c_min3max81-r	1400	0	600	0	0.3	1	T81	T56	48
d-phlag_0010-c_min3max81-r	0	1400	600	0	0.3	1	T161	T158	8
d-phlag_0010-c_min3max81-r	1601	0	399	0	0.2	3	T14	T148	10
d-phlag_0010-c_min3max81-r	1802	0	198	0	0.1	3	T18	T11	48
d-phlag_0010-c_min3max81-r	1252	148	32	568	0.3	4	T20	T61	42
d-phlag_0010-c_min3max81-r	1400	0	0	600	0.3	2	T14	T127	12
d-phlag_0010-c_min3max81-r	1700	0	300	0	0.15	1	T82	T190	6
d-phlag_0010-c_min3max81-r	0	1400	0	600	0.3	2	T136	T196	28
d-phlag_0010-c_min3max81-r	0	1802	0	198	0.1	3	T130	T52	43
d-phlag_0010-c_min3max81-r	1597	3	293	107	0.2	2	T109	T76	36
d-phlag_0010-c_min3max81-r	18	1883	99	0	0.05	3	T117	T95	31
d-phlag_0010-c_min3max81-r	1800	0	0	200	0.1	5	T149	T49	21
d-phlag_0010-c_min3max81-r	69	1531	398	2	0.2	2	T108	T137	11
d-phlag_0010-c_min3max81-r	1500	0	2	498	0.25	4	T43	T21	25
d-phlag_0010-c_min3max81-r	1396	4	10	590	0.3	2	T25	T56	7
d-phlag_0010-c_min3max81-r	1032	368	428	172	0.3	1	T105	T80	27
d-phlag_0010-c_min3max81-r	2	1598	400	0	0.2	2	T175	T194	41
d-phlag_0010-c_min3max81-r	1600	0	1	399	0.2	2	T24	T36	47
d-phlag_0010-c_min3max81-r	2	1800	198	0	0.1	3	T171	T77	31
d-phlag_0010-c_min3max81-r	13	1789	198	0	0.1	3	T16	T115	32
d-phlag_0010-c_min3max81-r	0	1502	498	0	0.25	3	T70	T7	17
d-phlag_0010-c_min3max81-r	0	1901	99	0	0.05	3	T70	T7	17
d-phlag_0010-c_min3max81-r	3	1597	400	0	0.2	1	T195	T176	34
d-phlag_0010-c_min3max81-r	1397	3	1	599	0.3	1	T50	T1	14
d-phlag_0010-c_min3max81-r	1696	4	8	292	0.15	2	T14	T180	4
d-phlag_0010-c_min3max81-r	1800	0	200	0	0.1	1	T132	T61	32
d-phlag_0010-c_min3max81-r	1800	0	0	200	0.1	1	T25	T128	30
d-phlag_0010-c_min3max81-r	1600	0	400	0	0.2	2	T81	T56	48
d-phlag_0010-c_min3max81-r	1492	8	500	0	0.25	1	T126	T75	41
d-phlag_0010-c_min3max81-r	3	1697	300	0	0.15	2	T53	T162	11
d-phlag_0010-c_min3max81-r	1700	0	0	300	0.15	3	T135	T177	4
d-phlag_0010-c_min3max81-r	1795	5	3	197	0.1	2	T51	T110	40
d-phlag_0010-c_min3max81-r	1800	0	200	0	0.1	2	T81	T56	48
d-phlag_0010-c_min3max81-r	1500	0	2	498	0.25	2	T174	T115	28
d-phlag_0010-c_min3max81-r	12	1589	397	2	0.2	3	T159	T58	33
d-phlag_0010-c_min3max81-r	1600	0	15	385	0.2	1	T36	T83	35
d-phlag_0010-c_min3max81-r	0	1700	300	0	0.15	1	T94	T180	29
d-phlag_0010-c_min3max81-r	0	1800	0	200	0.1	1	T24	T36	47
d-phlag_0010-c_min3max81-r	1598	2	1	399	0.2	1	T176	T46	37
d-phlag_0010-c_min3max81-r	1800	100	0	100	0.05	2	T171	T24	37
d-phlag_0010-c_min3max81-r	1699	1	2	298	0.15	4	T74	T152	48
d-phlag_0010-c_min3max81-r	1644	56	50	250	0.15	4	T142	T10	17
d-phlag_0010-c_min3max81-r	82	1518	400	0	0.2	1	T25	T57	1
d-phlag_0010-c_min3max81-r	1400	0	0	600	0.3	3	T128	T77	35
d-phlag_0010-c_min3max81-r	1500	0	0	500	0.25	2	T30	T18	6
d-phlag_0010-c_min3max81-r	59	1641	299	1	0.15	2	T179	T106	9
d-phlag_0010-c_min3max81-r	1495	5	6	494	0.25	4	T90	T80	40
d-phlag_0010-c_min3max81-r	6	1595	399	0	0.2	3	T85	T8	46
d-phlag_0010-c_min3max81-r	1119	681	9	191	0.1	2	T86	T33	50
d-phlag_0010-c_min3max81-r	1899	1	1	99	0.05	2	T112	T100	36
d-phlag_0010-c_min3max81-r	0	1500	500	0	0.25	1	T101	T107	17
d-phlag_0010-c_min3max81-r	1146	354	422	78	0.25	4	T125	T69	44
d-phlag_0010-c_min3max81-r	394	1506	100	0	0.05	1	T142	T118	9
d-phlag_0010-c_min3max81-r	3	1797	199	1	0.1	4	T30	T103	41
d-phlag_0010-c_min3max81-r	1175	625	155	45	0.1	2	T193	T33	50
d-phlag_0010-c_min3max81-r	1508	92	388	12	0.2	2	T89	T145	50
d-phlag_0010-c_min3max81-r	1	1899	100	0	0.05	1	T35	T184	19
d-phlag_0010-c_min3max81-r	1901	0	99	0	0.05	3	T152	T81	13
d-phlag_0010-c_min3max81-r	1842	59	99	0	0.05	3	T129	T57	11
d-phlag_0010-c_min3max81-r	17	1683	299	1	0.15	4	T24	T115	23
d-phlag_0010-c_min3max81-r	1793	7	5	195	0.1	4	T167	T124	33
d-phlag_0010-c_min3max81-r	1698	2	0	300	0.15	1	T170	T98	49
d-phlag_0010-c_min3max81-r	1697	3	9	291	0.15	3	T132	T170	11
d-phlag_0010-c_min3max81-r	27	1373	600	0	0.3	2	T114	T60	18
d-phlag_0010-c_min3max81-r	1400	0	600	0	0.3	1	T151	T102	1
d-phlag_0010-c_min3max81-r	0	1800	199	1	0.1	2	T117	T137	40
d-phlag_0010-c_min3max81-r	1543	157	288	12	0.15	1	T98	T160	45
d-phlag_0010-c_min3max81-r	1600	0	2	398	0.2	1	T80	T81	4
d-phlag_0010-c_min3max81-r	1500	0	500	0	0.25	1	T150	T36	4
d-phlag_0010-c_min3max81-r	23	1377	600	0	0.3	5	T170	T98	49
d-phlag_0010-c_min3max81-r	1362	38	600	0	0.3	1	T25	T44	37
d-phlag_0010-c_min3max81-r	24	1476	497	3	0.25	1	T132	T170	11
d-phlag_0010-c_min3max81-r	8	1592	400	0	0.2	2	T54	T121	30
d-phlag_0010-c_min3max81-r	0	1600	400	0	0.2	2	T84	T104	46
d-phlag_0010-c_min3max81-r	10	1890	99	1	0.05	4	T16	T115	32
d-phlag_0010-c_min3max81-r	10	1390	597	3	0.3	3	T192	T52	31
d-phlag_0010-c_min3max81-r	1400	0	10	590	0.3	2	T135	T161	1
d-phlag_0010-c_min3max81-r	1492	108	343	57	0.2	2	T55	T172	45
d-phlag_0010-c_min3max81-r	1855	46	96	3	0.05	3	T25	T44	37
d-phlag_0010-c_min3max81-r	1491	9	0	500	0.25	2	T85	T88	43
d-phlag_0010-c_min3max81-r	1900	0	100	0	0.05	1	T124	T144	29
d-phlag_0010-c_min3max81-r	1340	60	7	593	0.3	3	T172	T49	22
d-phlag_0010-c_min3max81-r	1800	0	200	0	0.1	1	T126	T117	39
d-phlag_0010-c_min3max81-r	1345	455	129	71	0.1	2	T134	T88	24
d-phlag_0010-c_min3max81-r	0	1800	200	0	0.1	1	T181	T21	47
d-phlag_0010-c_min3max81-r	1595	5	4	396	0.2	5	T7	T15	49
d-phlag_0010-c_min3max81-r	1700	0	300	0	0.15	2	T16	T97	15
d-phlag_0010-c_min3max81-r	1414	88	6	492	0.25	3	T72	T198	18
d-phlag_0010-c_min3max81-r	1745	55	12	188	0.1	5	T153	T30	29
d-phlag_0010-c_min3max81-r	1004	396	491	109	0.3	2	T145	T163	24
d-phlag_0010-c_min3max81-r	1594	7	3	396	0.2	3	T33	T196	5
d-phlag_0010-c_min3max81-r	0	1800	200	0	0.1	1	T194	T198	20
d-phlag_0010-c_min3max81-r	0	1800	200	0	0.1	2	T111	T132	7
d-phlag_0010-c_min3max81-r	1399	1	14	586	0.3	2	T96	T40	35
d-phlag_0010-c_min3max81-r	4	1396	600	0	0.3	1	T127	T105	37
d-phlag_0010-c_min3max81-r	1064	436	0	500	0.25	4	T19	T145	50
d-phlag_0010-c_min3max81-r	1900	0	100	0	0.05	2	T18	T11	48
d-phlag_0010-c_min3max81-r	0	1400	600	0	0.3	1	T29	T13	18
d-phlag_0010-c_min3max81-r	1600	0	400	0	0.2	4	T116	T22	3
d-phlag_0010-c_min3max81-r	1634	66	23	277	0.15	2	T20	T61	42
d-phlag_0010-c_min3max81-r	15	1685	298	2	0.15	3	T188	T47	18
d-phlag_0010-c_min3max81-r	1256	444	257	43	0.15	3	T151	T134	24
d-phlag_0010-c_min3max81-r	13	1487	499	1	0.25	2	T177	T109	13
d-phlag_0010-c_min3max81-r	1395	5	3	597	0.3	2	T65	T145	7
d-phlag_0010-c_min3max81-r	0	1800	200	0	0.1	2	T35	T184	19
d-phlag_0010-c_min3max81-r	1	1599	400	0	0.2	1	T171	T33	26
d-phlag_0010-c_min3max81-r	1496	6	6	492	0.25	3	T198	T61	3
d-phlag_0010-c_min3max81-r	1400	0	600	0	0.3	1	T185	T142	34
d-phlag_0010-c_min3max81-r	1752	148	0	100	0.05	1	T9	T199	45
d-phlag_0010-c_min3max81-r	0	1700	300	0	0.15	1	T195	T176	34
d-phlag_0010-c_min3max81-r	0	1600	400	0	0.2	1	T35	T184	19
d-phlag_0010-c_min3max81-r	1315	487	192	6	0.1	3	T58	T16	44
d-phlag_0010-c_min3max81-r	1739	161	100	0	0.05	2	T141	T66	42
d-phlag_0010-c_min3max81-r	11	1589	399	1	0.2	2	T176	T152	48
d-phlag_0010-c_min3max81-r	41	1461	493	5	0.25	3	T51	T80	35
d-phlag_0010-c_min3max81-r	0	1900	0	100	0.05	2	T103	T190	12
d-phlag_0010-c_min3max81-r	6	1694	300	0	0.15	1	T30	T103	41
d-phlag_0010-c_min3max81-r	9	1391	600	0	0.3	3	T44	T69	39
d-phlag_0010-c_min3max81-r	1901	0	99	0	0.05	3	T182	T200	33
d-phlag_0010-c_min3max81-r	1400	0	600	0	0.3	3	T193	T143	30
d-phlag_0010-c_min3max81-r	1900	0	100	0	0.05	2	T170	T98	49
d-phlag_0010-c_min3max81-r	1500	0	0	500	0.25	1	T87	T18	29
d-phlag_0010-c_min3max81-r	1387	13	24	576	0.3	4	T70	T194	21
d-phlag_0010-c_min3max81-r	1117	583	120	180	0.15	2	T193	T33	50
d-phlag_0010-c_min3max81-r	1700	0	300	0	0.15	1	T56	T141	20
d-phlag_0010-c_min3max81-r	1887	14	99	0	0.05	3	T197	T176	4
d-phlag_0010-c_min3max81-r	1500	0	0	500	0.25	1	T56	T112	49
d-phlag_0010-c_min3max81-r	916	484	116	484	0.3	4	T86	T33	50
d-phlag_0010-c_min3max81-r	1802	0	29	169	0.1	3	T190	T7	30
d-phlag_0010-c_min3max81-r	1587	13	0	400	0.2	1	T175	T76	36
d-phlag_0010-c_min3max81-r	1500	0	6	494	0.25	2	T59	T136	28
d-phlag_0010-c_min3max81-r	83	1617	300	0	0.15	1	T108	T137	11
d-phlag_0010-c_min3max81-r	1900	0	0	100	0.05	2	T39	T163	36
d-phlag_0010-c_min3max81-r	182	1318	500	0	0.25	1	T184	T14	42
d-phlag_0010-c_min3max81-r	2	1598	400	0	0.2	5	T30	T103	41
d-phlag_0010-c_min3max81-r	5	1795	200	0	0.1	4	T136	T105	40
d-phlag_0010-c_min3max81-r	3	1697	300	0	0.15	2	T44	T69	39
d-phlag_0010-c_min3max81-r	1884	16	7	93	0.05	2	T198	T101	10
d-phlag_0010-c_min3max81-r	1394	6	3	597	0.3	2	T167	T106	4
d-phlag_0010-c_min3max81-r	1600	0	3	397	0.2	2	T192	T68	26
d-phlag_0010-c_min3max81-r	56	1844	100	0	0.05	2	T77	T63	22
d-phlag_0010-c_min3max81-r	1600	0	47	353	0.2	1	T115	T44	46
d-phlag_0010-c_min3max81-r	1236	664	50	50	0.05	1	T86	T33	50
d-phlag_0010-c_min3max81-r	7	1594	399	0	0.2	3	T184	T30	49
d-phlag_0010-c_min3max81-r	1500	0	500	0	0.25	1	T193	T113	14
d-phlag_0010-c_min3max81-r	20	1580	400	0	0.2	4	T25	T128	30
d-phlag_0010-c_min3max81-r	1878	22	0	100	0.05	2	T125	T141	18
d-phlag_0010-c_min3max81-r	1800	0	200	0	0.1	2	T76	T108	32
d-phlag_0010-c_min3max81-r	0	1700	300	0	0.15	1	T38	T134	34
d-phlag_0010-c_min3max81-r	0	1500	500	0	0.25	1	T108	T86	6
d-phlag_0010-c_min3max81-r	846	554	363	237	0.3	4	T103	T130	27
d-phlag_0010-c_min3max81-r	1	1499	500	0	0.25	1	T192	T52	31
d-phlag_0010-c_min3max81-r	34	1666	300	0	0.15	2	T109	T71	42
d-phlag_0010-c_min3max81-r	1900	0	100	0	0.05	1	T116	T22	3
d-phlag_0010-c_min3max81-r	1264	436	0	300	0.15	2	T118	T90	50
d-phlag_0010-c_min3max81-r	19	1381	600	0	0.3	2	T198	T61	3
d-phlag_0010-c_min3max81-r	1802	0	198	0	0.1	3	T110	T158	12
d-phlag_0010-c_min3max81-r	1465	35	176	324	0.25	1	T113	T29	36
d-phlag_0010-c_min3max81-r	1658	42	0	300	0.15	2	T110	T26	2
d-phlag_0010-c_min3max81-r	1500	0	340	160	0.25	2	T180	T192	2
d-phlag_0010-c_min3max81-r	1551	49	5	395	0.2	1	T116	T9	13
d-phlag_0010-c_min3max81-r	2	1698	300	0	0.15	2	T198	T102	40
d-phlag_0010-c_min3max81-r	1900	0	100	0	0.05	1	T53	T158	43
d-phlag_0010-c_min3max81-r	1700	0	2	298	0.15	2	T91	T196	20
d-phlag_0010-c_min3max81-r	340	1261	399	0	0.2	3	T72	T198	18
d-phlag_0010-c_min3max81-r	1400	0	600	0	0.3	2	T68	T97	15
d-phlag_0010-c_min3max81-r	1498	4	4	494	0.25	3	T157	T124	33
d-phlag_0010-c_min3max81-r	1400	0	0	600	0.3	3	T118	T48	32
d-phlag_0010-c_min3max81-r	1155	545	238	62	0.15	1	T114	T186	50
d-phlag_0010-c_min3max81-r	5	1595	399	1	0.2	2	T182	T192	48
d-phlag_0010-c_min3max81-r	1493	7	4	496	0.25	4	T101	T55	1
d-phlag_0010-c_min3max81-r	1475	426	62	37	0.05	3	T133	T115	24
d-phlag_0010-c_min3max81-r	61	1339	600	0	0.3	1	T72	T198	18
d-phlag_0010-c_min3max81-r	6	1394	600	0	0.3	3	T38	T134	34
d-phlag_0010-c_min3max81-r	3	1597	400	0	0.2	1	T167	T19	2
d-phlag_0010-c_min3max81-r	25	1575	400	0	0.2	1	T110	T26	2
d-phlag_0010-c_min3max81-r	31	1369	599	1	0.3	3	T37	T24	2
d-phlag_0010-c_min3max81-r	1500	0	500	0	0.25	1	T38	T46	33
d-phlag_0010-c_min3max81-r	1700	0	300	0	0.15	2	T13	T87	5
d-phlag_0010-c_min3max81-r	1487	15	4	494	0.25	3	T94	T180	11
d-phlag_0010-c_min3max81-r	1334	566	54	46	0.05	2	T46	T167	27
d-phlag_0010-c_min3max81-r	1900	0	100	0	0.05	1	T181	T154	49
d-phlag_0010-c_min3max81-r	1901	0	99	0	0.05	3	T2	T92	9
d-phlag_0010-c_min3max81-r	20	1580	400	0	0.2	4	T74	T152	48
d-phlag_0010-c_min3max81-r	1900	0	100	0	0.05	2	T7	T48	3
d-phlag_0010-c_min3max81-r	1138	262	0	600	0.3	2	T170	T97	50
d-phlag_0010-c_min3max81-r	1596	4	0	400	0.2	1	T101	T55	1
d-phlag_0010-c_min3max81-r	144	1256	600	0	0.3	2	T20	T115	33
d-phlag_0010-c_min3max81-r	1665	137	157	41	0.1	3	T130	T4	9
d-phlag_0010-c_min3max81-r	60	1840	100	0	0.05	1	T179	T106	9
d-phlag_0010-c_min3max81-r	1715	185	0	100	0.05	2	T129	T108	48
d-phlag_0010-c_min3max81-r	66	1334	600	0	0.3	1	T23	T195	39
d-phlag_0010-c_min3max81-r	0	1800	200	0	0.1	1	T30	T18	6
d-phlag_0010-c_min3max81-r	1326	474	0	200	0.1	1	T17	T197	5
d-phlag_0010-c_min3max81-r	1494	6	27	473	0.25	1	T57	T196	42
d-phlag_0010-c_min3max81-r	1500	0	500	0	0.25	2	T126	T3	19
d-phlag_0010-c_min3max81-r	1500	0	500	0	0.25	1	T152	T81	13
d-phlag_0010-c_min3max81-r	0	1901	0	99	0.05	3	T29	T32	46
d-phlag_0010-c_min3max81-r	18	1682	300	0	0.15	2	T177	T124	35
d-phlag_0010-c_min3max81-r	1335	65	70	530	0.3	2	T132	T99	2
d-phlag_0010-c_min3max81-r	1250	450	143	157	0.15	2	T197	T36	24
d-phlag_0010-c_min3max81-r	4	1897	99	0	0.05	3	T192	T97	23
d-phlag_0010-c_min3max81-r	2	1398	600	0	0.3	1	T4	T127	47
d-phlag_0010-c_min3max81-r	0	1700	300	0	0.15	1	T88	T49	21
d-phlag_0010-c_min3max81-r	0	1700	0	300	0.15	1	T136	T196	28
d-phlag_0010-c_min3max81-r	1651	49	0	300	0.15	2	T70	T194	21
d-phlag_0010-c_min3max81-r	1582	18	0	400	0.2	2	T154	T145	14
d-phlag_0010-c_min3max81-r	1600	0	3	397	0.2	2	T190	T7	30
d-phlag_0010-c_min3max81-r	1500	0	500	0	0.25	1	T124	T144	29
d-phlag_0010-c_min3max81-r	1697	3	3	297	0.15	2	T50	T1	14
d-phlag_0010-c_min3max81-r	11	1791	198	0	0.1	3	T91	T196	20
d-phlag_0010-c_min3max81-r	15	1487	496	2	0.25	3	T23	T61	3
d-phlag_0010-c_min3max81-r	1361	441	0	198	0.1	3	T145	T172	44
d-phlag_0010-c_min3max81-r	1502	0	498	0	0.25	3	T6	T94	32
d-phlag_0010-c_min3max81-r	36	1764	200	0	0.1	2	T54	T121	30
d-phlag_0010-c_min3max81-r	1600	0	400	0	0.2	2	T15	T6	22
d-phlag_0010-c_min3max81-r	1633	167	200	0	0.1	1	T184	T189	26
d-phlag_0010-c_min3max81-r	1317	283	400	0	0.2	2	T73	T198	18
d-phlag_0010-c_min3max81-r	1881	19	4	96	0.05	2	T86	T61	13
d-phlag_0010-c_min3max81-r	1	1599	398	2	0.2	2	T24	T115	23
d-phlag_0010-c_min3max81-r	0	1600	400	0	0.2	1	T38	T134	34
d-phlag_0010-c_min3max81-r	0	1900	100	0	0.05	1	T76	T133	38
d-phlag_0010-c_min3max81-r	8	1392	600	0	0.3	4	T128	T160	5
d-phlag_0010-c_min3max81-r	1735	165	100	0	0.05	2	T173	T53	18
d-phlag_0010-c_min3max81-r	1697	3	13	287	0.15	4	T85	T88	43
d-phlag_0010-c_min3max81-r	340	1160	495	5	0.25	2	T36	T83	35
d-phlag_0010-c_min3max81-r	1400	0	600	0	0.3	3	T97	T73	23
d-phlag_0010-c_min3max81-r	1900	0	100	0	0.05	1	T137	T102	43
d-phlag_0010-c_min3max81-r	1799	1	17	183	0.1	2	T118	T135	12
d-phlag_0010-c_min3max81-r	1600	0	400	0	0.2	1	T193	T143	30
d-phlag_0010-c_min3max81-r	8	1492	500	0	0.25	1	T132	T33	5
d-phlag_0010-c_min3max81-r	1388	112	3	497	0.25	1	T130	T4	9
d-phlag_0010-c_min3max81-r	1900	0	100	0	0.05	2	T19	T7	25
d-phlag_0010-c_min3max81-r	942	558	231	269	0.25	2	T86	T33	50
d-phlag_0010-c_min3max81-r	0	1900	100	0	0.05	1	T82	T57	33
d-phlag_0010-c_min3max81-r	4	1496	499	1	0.25	2	T85	T8	46
d-phlag_0010-c_min3max81-r	1656	44	0	300	0.15	1	T18	T11	48
d-phlag_0010-c_min3max81-r	1800	0	0	200	0.1	1	T60	T59	31
d-phlag_0010-c_min3max81-r	0	1800	200	0	0.1	1	T72	T39	25
d-phlag_0010-c_min3max81-r	1400	0	0	600	0.3	2	T17	T127	17
d-phlag_0010-c_min3max81-r	1400	0	600	0	0.3	2	T178	T149	19
d-phlag_0010-c_min3max81-r	1400	0	0	600	0.3	1	T72	T39	25
d-phlag_0010-c_min3max81-r	1500	0	0	500	0.25	1	T51	T91	47
d-phlag_0010-c_min3max81-r	1595	5	57	343	0.2	2	T83	T45	29
d-phlag_0010-c_min3max81-r	1800	0	200	0	0.1	1	T140	T102	6
d-phlag_0010-c_min3max81-r	1500	0	1	499	0.25	1	T57	T44	14
d-phlag_0010-c_min3max81-r	0	1700	300	0	0.15	3	T64	T39	15
d-phlag_0010-c_min3max81-r	1900	0	1	99	0.05	2	T73	T127	40
d-phlag_0010-c_min3max81-r	1598	3	278	121	0.2	3	T18	T5	33
d-phlag_0010-c_min3max81-r	10	1490	500	0	0.25	1	T151	T183	29
d-phlag_0010-c_min3max81-r	0	1600	400	0	0.2	2	T112	T100	36
d-phlag_0010-c_min3max81-r	1600	0	400	0	0.2	2	T48	T185	32
d-phlag_0010-c_min3max81-r	1383	17	0	600	0.3	2	T184	T189	26
d-phlag_0010-c_min3max81-r	1255	245	376	124	0.25	1	T41	T97	24
d-phlag_0010-c_min3max81-r	1784	18	3	195	0.1	3	T54	T88	28
d-phlag_0010-c_min3max81-r	3	1397	600	0	0.3	1	T190	T7	30
d-phlag_0010-c_min3max81-r	1500	0	500	0	0.25	4	T171	T4	2
d-phlag_0010-c_min3max81-r	1600	0	400	0	0.2	2	T138	T99	25
d-phlag_0010-c_min3max81-r	1400	0	600	0	0.3	3	T140	T102	6
d-phlag_0010-c_min3max81-r	9	1691	300	0	0.15	1	T20	T32	5
d-phlag_0010-c_min3max81-r	1574	26	16	384	0.2	5	T70	T194	21
d-phlag_0010-c_min3max81-r	0	1600	400	0	0.2	1	T93	T77	36
d-phlag_0010-c_min3max81-r	1693	7	300	0	0.15	1	T145	T32	13
d-phlag_0010-c_min3max81-r	1615	187	198	0	0.1	3	T79	T172	45
d-phlag_0010-c_min3max81-r	1500	0	500	0	0.25	2	T98	T160	45
d-phlag_0010-c_min3max81-r	1786	16	11	187	0.1	3	T151	T102	1
d-phlag_0010-c_min3max81-r	1500	0	500	0	0.25	2	T25	T56	7
d-phlag_0010-c_min3max81-r	1319	81	24	576	0.3	2	T14	T148	10
d-phlag_0010-c_min3max81-r	0	1400	600	0	0.3	2	T199	T109	26
d-phlag_0010-c_min3max81-r	1502	0	498	0	0.25	3	T131	T67	38
d-phlag_0010-c_min3max81-r	1392	8	50	550	0.3	3	T197	T161	39
d-phlag_0010-c_min3max81-r	1899	1	0	100	0.05	1	T107	T198	19
d-phlag_0010-c_min3max81-r	1597	3	0	400	0.2	1	T70	T7	17
d-phlag_0010-c_min3max81-r	10	1690	300	0	0.15	2	T198	T127	38
d-phlag_0010-c_min3max81-r	23	1577	400	0	0.2	4	T136	T110	31
d-phlag_0010-c_min3max81-r	8	1492	500	0	0.25	1	T166	T34	28
d-phlag_0010-c_min3max81-r	1843	57	1	99	0.05	2	T138	T132	9
d-phlag_0010-c_min3max81-r	3	1697	300	0	0.15	4	T127	T134	40
d-phlag_0010-c_min3max81-r	1399	1	104	496	0.3	2	T36	T83	35
d-phlag_0010-c_min3max81-r	1573	27	400	0	0.2	1	T169	T25	5
d-phlag_0010-c_min3max81-r	1512	88	1	399	0.2	1	T195	T75	23
d-phlag_0010-c_min3max81-r	1800	0	200	0	0.1	2	T30	T47	37
d-phlag_0010-c_min3max81-r	1700	0	300	0	0.15	3	T144	T195	28
d-phlag_0010-c_min3max81-r	1800	0	200	0	0.1	4	T12	T59	23
d-phlag_0010-c_min3max81-r	3	1797	200	0	0.1	2	T56	T112	49
d-phlag_0010-c_min3max81-r	1427	75	382	116	0.25	3	T47	T32	26
d-phlag_0010-c_min3max81-r	1800	0	200	0	0.1	1	T74	T52	18
d-phlag_0010-c_min3max81-r	1677	23	10	290	0.15	2	T153	T30	29
d-phlag_0010-c_min3max81-r	1600	0	0	400	0.2	1	T2	T60	39
d-phlag_0010-c_min3max81-r	49	1351	590	10	0.3	2	T13	T161	23
d-phlag_0010-c_min3max81-r	1400	0	600	0	0.3	1	T182	T29	15
d-phlag_0010-c_min3max81-r	1799	1	1	199	0.1	1	T143	T121	35
d-phlag_0010-c_min3max81-r	0	1600	400	0	0.2	1	T140	T110	20
d-phlag_0010-c_min3max81-r	1286	414	222	78	0.15	3	T133	T115	24
d-phlag_0010-c_min3max81-r	1382	18	0	600	0.3	1	T3	T68	4
d-phlag_0010-c_min3max81-r	1400	0	2	598	0.3	1	T198	T101	10
d-phlag_0010-c_min3max81-r	8	1593	396	3	0.2	3	T76	T133	38
d-phlag_0010-c_min3max81-r	1593	7	10	390	0.2	4	T25	T56	7
d-phlag_0010-c_min3max81-r	12	1388	469	131	0.3	2	T120	T43	50
d-phlag_0010-c_min3max81-r	0	1500	0	500	0.25	2	T192	T160	44
d-phlag_0010-c_min3max81-r	1500	0	500	0	0.25	1	T23	T66	22
d-phlag_0010-c_min3max81-r	1800	0	0	200	0.1	2	T159	T119	22
d-phlag_0010-c_min3max81-r	1693	7	300	0	0.15	1	T97	T32	13
d-phlag_0010-c_min3max81-r	1500	0	500	0	0.25	1	T85	T31	25
d-phlag_0010-c_min3max81-r	4	1896	100	0	0.05	2	T38	T134	34
d-phlag_0010-c_min3max81-r	1800	0	0	200	0.1	1	T187	T11	14
d-phlag_0010-c_min3max81-r	1400	0	600	0	0.3	2	T150	T36	4
d-phlag_0010-c_min3max81-r	1600	0	400	0	0.2	1	T101	T126	4
d-phlag_0010-c_min3max81-r	1091	509	218	182	0.2	1	T77	T87	27
d-phlag_0010-c_min3max81-r	0	1400	0	600	0.3	1	T129	T57	11
d-phlag_0010-c_min3max81-r	5	1895	100	0	0.05	1	T138	T147	38
d-phlag_0010-c_min3max81-r	1600	0	0	400	0.2	2	T139	T88	43
d-phlag_0010-c_min3max81-r	1700	0	300	0	0.15	3	T194	T41	19
d-phlag_0010-c_min3max81-r	1600	0	313	87	0.2	4	T2	T58	17
d-phlag_0010-c_min3max81-r	3	1597	400	0	0.2	1	T198	T102	40
d-phlag_0010-c_min3max81-r	1517	83	400	0	0.2	5	T129	T57	11
d-phlag_0010-c_min3max81-r	992	408	433	167	0.3	2	T114	T186	50
d-phlag_0010-c_min3max81-r	1900	0	100	0	0.05	1	T16	T190	42
d-phlag_0010-c_min3max81-r	1688	12	2	298	0.15	3	T175	T76	36
d-phlag_0010-c_min3max81-r	1901	0	99	0	0.05	3	T167	T106	4
d-phlag_0010-c_min3max81-r	233	1367	400	0	0.2	1	T142	T10	17
d-phlag_0010-c_min3max81-r	0	1900	100	0	0.05	1	T199	T109	26
d-phlag_0010-c_min3max81-r	6	1894	100	0	0.05	1	T175	T194	41
d-phlag_0010-c_min3max81-r	1800	0	4	196	0.1	2	T140	T194	48
d-phlag_0010-c_min3max81-r	1400	0	0	600	0.3	1	T51	T80	35
d-phlag_0010-c_min3max81-r	34	1867	98	1	0.05	3	T114	T60	18
d-phlag_0010-c_min3max81-r	1900	0	100	0	0.05	2	T37	T28	11
d-phlag_0010-c_min3max81-r	0	1800	200	0	0.1	1	T88	T49	21
d-phlag_0010-c_min3max81-r	0	1500	0	500	0.25	1	T58	T103	21
d-phlag_0010-c_min3max81-r	8	1494	497	1	0.25	3	T7	T19	26
d-phlag_0010-c_min3max81-r	5	1495	500	0	0.25	2	T188	T47	18
d-phlag_0010-c_min3max81-r	7	1793	200	0	0.1	1	T138	T147	38
d-phlag_0010-c_min3max81-r	1800	0	200	0	0.1	1	T2	T176	20
d-phlag_0010-c_min3max81-r	1700	0	0	300	0.15	1	T158	T11	36
d-phlag_0010-c_min3max81-r	1592	108	300	0	0.15	2	T82	T155	42
d-phlag_0010-c_min3max81-r	4	1798	198	0	0.1	3	T174	T115	28
d-phlag_0010-c_min3max81-r	1734	167	99	0	0.05	3	T184	T189	26
d-phlag_0010-c_min3max81-r	1497	3	0	500	0.25	1	T50	T1	14
d-phlag_0010-c_min3max81-r	1800	0	0	200	0.1	1	T101	T107	17
d-phlag_0010-c_min3max81-r	1400	0	600	0	0.3	1	T16	T49	9
d-phlag_0010-c_min3max81-r	14	1586	400	0	0.2	1	T78	T150	47
d-phlag_0010-c_min3max81-r	1676	24	13	287	0.15	3	T25	T56	7
d-phlag_0010-c_min3max81-r	1326	174	0	500	0.25	1	T197	T161	39
d-phlag_0010-c_min3max81-r	1109	393	372	126	0.25	3	T139	T123	27
d-phlag_0010-c_min3max81-r	1400	0	0	600	0.3	1	T57	T86	32
d-phlag_0010-c_min3max81-r	1901	0	99	0	0.05	3	T57	T177	43
d-phlag_0010-c_min3max81-r	1802	0	198	0	0.1	3	T20	T59	28
d-phlag_0010-c_min3max81-r	1696	4	116	184	0.15	2	T172	T49	22
d-phlag_0010-c_min3max81-r	1668	132	189	11	0.1	1	T12	T36	3
d-phlag_0010-c_min3max81-r	1900	0	100	0	0.05	1	T192	T23	48
d-phlag_0010-c_min3max81-r	15	1785	200	0	0.1	1	T161	T158	8
d-phlag_0010-c_min3max81-r	1900	0	100	0	0.05	1	T20	T59	28
d-phlag_0010-c_min3max81-r	1316	484	0	200	0.1	1	T38	T181	50
d-phlag_0010-c_min3max81-r	1700	0	0	300	0.15	2	T128	T77	35
d-phlag_0010-c_min3max81-r	1694	6	0	300	0.15	2	T29	T187	29
d-phlag_0010-c_min3max81-r	1461	39	0	500	0.25	1	T119	T198	9
d-phlag_0010-c_min3max81-r	0	1500	500	0	0.25	2	T117	T95	31
d-phlag_0010-c_min3max81-r	1700	0	4	296	0.15	2	T20	T124	35
d-phlag_0010-c_min3max81-r	1601	0	4	395	0.2	3	T171	T77	31
d-phlag_0010-c_min3max81-r	0	1800	199	1	0.1	2	T64	T39	15
d-phlag_0010-c_min3max81-r	1600	0	400	0	0.2	2	T139	T115	38
d-phlag_0010-c_min3max81-r	11	1689	299	1	0.15	2	T77	T112	41
d-phlag_0010-c_min3max81-r	2	1598	400	0	0.2	2	T165	T132	7
d-phlag_0010-c_min3max81-r	0	1500	500	0	0.25	1	T127	T105	37
d-phlag_0010-c_min3max81-r	25	1575	400	0	0.2	2	T117	T95	31
d-phlag_0010-c_min3max81-r	6	1894	100	0	0.05	2	T194	T198	20
d-phlag_0010-c_min3max81-r	1800	0	200	0	0.1	2	T193	T127	10
d-phlag_0010-c_min3max81-r	1799	3	3	195	0.1	3	T4	T127	47
d-phlag_0010-c_min3max81-r	12	1388	598	2	0.3	2	T146	T99	23
d-phlag_0010-c_min3max81-r	9	1691	296	4	0.15	3	T7	T19	26
d-phlag_0010-c_min3max81-r	1756	144	1	99	0.05	4	T173	T48	9
d-phlag_0010-c_min3max81-r	1387	13	0	600	0.3	1	T114	T140	37
d-phlag_0010-c_min3max81-r	14	1386	592	8	0.3	4	T13	T7	47
d-phlag_0010-c_min3max81-r	1696	4	7	293	0.15	3	T197	T176	4
d-phlag_0010-c_min3max81-r	400	1400	200	0	0.1	2	T72	T198	18
d-phlag_0010-c_min3max81-r	25	1775	197	3	0.1	4	T109	T111	10
d-phlag_0010-c_min3max81-r	10	1490	497	3	0.25	2	T86	T61	13
d-phlag_0010-c_min3max81-r	1633	267	100	0	0.05	4	T140	T194	48
d-phlag_0010-c_min3max81-r	1592	9	1	398	0.2	3	T29	T187	29
d-phlag_0010-c_min3max81-r	4	1696	300	0	0.15	1	T2	T60	39
d-phlag_0010-c_min3max81-r	7	1693	300	0	0.15	1	T166	T177	30
d-phlag_0010-c_min3max81-r	1699	1	5	295	0.15	2	T136	T110	31
d-phlag_0010-c_min3max81-r	1600	0	0	400	0.2	1	T108	T4	8
d-phlag_0010-c_min3max81-r	0	1802	0	198	0.1	3	T129	T57	11
d-phlag_0010-c_min3max81-r	1700	0	300	0	0.15	1	T106	T156	39
d-phlag_0010-c_min3max81-r	1900	0	100	0	0.05	1	T27	T24	14
d-phlag_0010-c_min3max81-r	1800	0	200	0	0.1	2	T47	T72	31
d-phlag_0010-c_min3max81-r	1547	53	7	393	0.2	2	T197	T176	4
d-phlag_0010-c_min3max81-r	453	1447	100	0	0.05	2	T57	T86	32
d-phlag_0010-c_min3max81-r	1800	0	1	199	0.1	1	T128	T160	5
d-phlag_0010-c_min3max81-r	0	1700	300	0	0.15	2	T194	T198	20
d-phlag_0010-c_min3max81-r	1600	0	0	400	0.2	1	T73	T127	40
d-phlag_0010-c_min3max81-r	1796	105	1	98	0.05	3	T130	T177	42
d-phlag_0010-c_min3max81-r	54	1547	399	0	0.2	3	T34	T40	42
d-phlag_0010-c_min3max81-r	1389	11	5	595	0.3	2	T7	T68	41
d-phlag_0010-c_min3max81-r	1	1599	399	1	0.2	1	T151	T102	1
d-phlag_0010-c_min3max81-r	1400	0	600	0	0.3	1	T70	T115	5
d-phlag_0010-c_min3max81-r	3	1397	600	0	0.3	2	T77	T112	41
d-phlag_0010-c_min3max81-r	1400	0	0	600	0.3	1	T96	T105	47
d-phlag_0010-c_min3max81-r	2	1599	399	0	0.2	3	T86	T61	13
d-phlag_0010-c_min3max81-r	1600	0	74	326	0.2	2	T76	T57	35
d-phlag_0010-c_min3max81-r	1840	60	0	100	0.05	2	T73	T198	18
d-phlag_0010-c_min3max81-r	1670	30	300	0	0.15	2	T172	T111	6
d-phlag_0010-c_min3max81-r	1390	10	0	600	0.3	1	T41	T190	23
d-phlag_0010-c_min3max81-r	0	1400	600	0	0.3	2	T159	T8	49
d-phlag_0010-c_min3max81-r	38	1662	300	0	0.15	3	T87	T186	16
d-phlag_0010-c_min3max81-r	1800	0	200	0	0.1	1	T76	T57	35
d-phlag_0010-c_min3max81-r	1583	17	400	0	0.2	2	T126	T117	39
d-phlag_0010-c_min3max81-r	0	1400	600	0	0.3	1	T67	T68	29
d-phlag_0010-c_min3max81-r	1421	381	185	13	0.1	3	T41	T97	24
d-phlag_0010-c_min3max81-r	2	1898	100	0	0.05	2	T118	T48	32
d-phlag_0010-c_min3max81-r	0	1800	0	200	0.1	5	T180	T192	2
d-phlag_0010-c_min3max81-r	1700	0	300	0	0.15	2	T48	T185	32
d-phlag_0010-c_min3max81-r	1392	8	3	597	0.3	1	T44	T178	12
d-phlag_0010-c_min3max81-r	3	1497	500	0	0.25	2	T195	T176	34
d-phlag_0010-c_min3max81-r	1900	0	100	0	0.05	2	T36	T83	35
d-phlag_0010-c_min3max81-r	1291	409	283	17	0.15	2	T58	T16	44
d-phlag_0010-c_min3max81-r	1478	22	2	498	0.25	1	T146	T99	23
d-phlag_0010-c_min3max81-r	1693	7	10	290	0.15	1	T19	T7	25
d-phlag_0010-c_min3max81-r	1800	0	200	0	0.1	2	T37	T28	11
d-phlag_0010-c_min3max81-r	1900	1	2	97	0.05	3	T73	T179	46
d-phlag_0010-c_min3max81-r	0	1700	300	0	0.15	1	T138	T132	9
d-phlag_0010-c_min3max81-r	1720	180	94	6	0.05	2	T172	T69	45
d-phlag_0010-c_min3max81-r	0	1900	100	0	0.05	2	T88	T49	21
d-phlag_0010-c_min3max81-r	1800	0	0	200	0.1	1	T77	T112	41
d-phlag_0010-c_min3max81-r	1561	39	345	55	0.2	2	T6	T112	2
d-phlag_0010-c_min3max81-r	1697	3	90	210	0.15	4	T100	T97	31
d-phlag_0010-c_min3max81-r	4	1496	500	0	0.25	2	T88	T49	21
d-phlag_0010-c_min3max81-r	4	1796	200	0	0.1	2	T17	T127	17
d-phlag_0010-c_min3max81-r	1325	75	1	599	0.3	3	T185	T6	9
d-phlag_0010-c_min3max81-r	1765	35	200	0	0.1	2	T113	T29	36
d-phlag_0010-c_min3max81-r	1800	0	200	0	0.1	2	T30	T83	35
d-phlag_0010-c_min3max81-r	0	1900	100	0	0.05	2	T117	T137	40
d-phlag_0010-c_min3max81-r	1	1501	498	0	0.25	3	T200	T123	30
d-phlag_0010-c_min3max81-r	1699	1	1	299	0.15	1	T102	T113	10
d-phlag_0010-c_min3max81-r	328	1272	0	400	0.2	2	T191	T91	3
d-phlag_0010-c_min3max81-r	6	1894	98	2	0.05	2	T135	T177	4
d-phlag_0010-c_min3max81-r	10	1890	100	0	0.05	2	T131	T102	21
d-phlag_0010-c_min3max81-r	1558	42	4	396	0.2	2	T153	T30	29
d-phlag_0010-c_min3max81-r	1	1699	300	0	0.15	3	T131	T102	21
d-phlag_0010-c_min3max81-r	1599	1	2	398	0.2	1	T27	T15	47
d-phlag_0010-c_min3max81-r	1493	7	485	15	0.25	1	T97	T32	13
d-phlag_0010-c_min3max81-r	0	1800	0	200	0.1	1	T192	T160	44
d-phlag_0010-c_min3max81-r	1699	1	0	300	0.15	2	T149	T105	31
d-phlag_0010-c_min3max81-r	0	1500	500	0	0.25	2	T62	T40	20
d-phlag_0010-c_min3max81-r	1419	81	5	495	0.25	2	T132	T61	32
d-phlag_0010-c_min3max81-r	1502	0	498	0	0.25	3	T118	T78	17
d-phlag_0010-c_min3max81-r	1900	0	100	0	0.05	1	T63	T46	7
d-phlag_0010-c_min3max81-r	1400	0	600	0	0.3	4	T129	T95	46
d-phlag_0010-c_min3max81-r	1574	26	400	0	0.2	2	T145	T94	8
d-phlag_0010-c_min3max81-r	0	1700	300	0	0.15	1	T181	T21	47
d-phlag_0010-c_min3max81-r	7	1493	500	0	0.25	2	T71	T144	11
d-phlag_0010-c_min3max81-r	11	1789	198	2	0.1	2	T27	T15	47
d-phlag_0010-c_min3max81-r	12	1588	400	0	0.2	2	T23	T195	39
d-phlag_0010-c_min3max81-r	3	1397	600	0	0.3	5	T121	T93	5
d-phlag_0010-c_min3max81-r	1601	0	399	0	0.2	3	T50	T148	10
d-phlag_0010-c_min3max81-r	1800	0	200	0	0.1	5	T131	T67	38
d-phlag_0010-c_min3max81-r	0	1500	500	0	0.25	2	T139	T88	43
d-phlag_0010-c_min3max81-r	1586	14	2	398	0.2	1	T86	T133	46
d-phlag_0010-c_min3max81-r	14	1486	500	0	0.25	2	T56	T28	28
d-phlag_0010-c_min3max81-r	1900	0	100	0	0.05	2	T44	T178	12
d-phlag_0010-c_min3max81-r	38	1662	300	0	0.15	2	T7	T68	41
d-phlag_0010-c_min3max81-r	27	1473	498	2	0.25	1	T18	T11	48
d-phlag_0010-c_min3max81-r	1900	0	100	0	0.05	1	T48	T148	12
d-phlag_0010-c_min3max81-r	1209	291	500	0	0.25	4	T193	T127	10
d-phlag_0010-c_min3max81-r	1700	0	300	0	0.15	2	T169	T25	5
d-phlag_0010-c_min3max81-r	0	1800	200	0	0.1	1	T118	T48	32
d-phlag_0010-c_min3max81-r	1788	12	0	200	0.1	1	T114	T60	18
d-phlag_0010-c_min3max81-r	0	1500	500	0	0.25	1	T167	T124	33
d-phlag_0010-c_min3max81-r	1495	5	68	432	0.25	2	T15	T112	17
d-phlag_0010-c_min3max81-r	1788	12	0	200	0.1	1	T172	T49	22
d-phlag_0010-c_min3max81-r	1199	301	363	137	0.25	1	T134	T88	24
d-phlag_0010-c_min3max81-r	889	1012	99	0	0.05	3	T136	T110	31
d-phlag_0010-c_min3max81-r	0	1500	457	43	0.25	2	T72	T138	44
d-phlag_0010-c_min3max81-r	1500	0	0	500	0.25	1	T33	T31	19
d-phlag_0010-c_min3max81-r	40	1460	500	0	0.25	1	T13	T161	23
d-phlag_0010-c_min3max81-r	1600	0	0	400	0.2	1	T85	T79	31
d-phlag_0010-c_min3max81-r	1405	495	95	5	0.05	1	T19	T145	50
d-phlag_0010-c_min3max81-r	18	1583	399	0	0.2	3	T171	T24	37
d-phlag_0010-c_min3max81-r	9	1491	496	4	0.25	4	T24	T150	34
d-phlag_0010-c_min3max81-r	1178	324	305	193	0.25	3	T144	T28	44
d-phlag_0010-c_min3max81-r	1389	11	31	569	0.3	5	T133	T156	49
d-phlag_0010-c_min3max81-r	4	1396	599	1	0.3	1	T69	T199	8
d-phlag_0010-c_min3max81-r	1500	0	1	499	0.25	2	T98	T46	13
d-phlag_0010-c_min3max81-r	0	1500	500	0	0.25	2	T136	T105	40
d-phlag_0010-c_min3max81-r	1473	29	498	0	0.25	3	T130	T52	43
d-phlag_0010-c_min3max81-r	19	1381	598	2	0.3	3	T84	T13	33
d-phlag_0010-c_min3max81-r	0	1700	300	0	0.15	1	T93	T77	36
d-phlag_0010-c_min3max81-r	0	1600	400	0	0.2	1	T70	T151	14
d-phlag_0010-c_min3max81-r	38	1863	99	0	0.05	3	T191	T198	16
d-phlag_0010-c_min3max81-r	1500	0	500	0	0.25	1	T2	T176	20
d-phlag_0010-c_min3max81-r	1596	4	2	398	0.2	1	T50	T1	14
d-phlag_0010-c_min3max81-r	4	1496	500	0	0.25	2	T17	T198	23
d-phlag_0010-c_min3max81-r	1032	468	338	162	0.25	1	T85	T19	44
d-phlag_0010-c_min3max81-r	0	1500	500	0	0.25	2	T128	T160	5
d-phlag_0010-c_min3max81-r	1694	6	1	299	0.15	5	T192	T52	31
d-phlag_0010-c_min3max81-r	1600	0	36	364	0.2	1	T144	T46	7
d-phlag_0010-c_min3max81-r	0	1400	600	0	0.3	1	T104	T184	19
d-phlag_0010-c_min3max81-r	1293	107	0	600	0.3	4	T9	T199	45
d-phlag_0010-c_min3max81-r	1794	6	200	0	0.1	1	T101	T126	4
d-phlag_0010-c_min3max81-r	10	1690	299	1	0.15	3	T151	T183	29
d-phlag_0010-c_min3max81-r	1502	0	498	0	0.25	3	T179	T163	46
d-phlag_0010-c_min3max81-r	1893	7	79	21	0.05	4	T106	T158	43
d-phlag_0010-c_min3max81-r	1134	467	1	398	0.2	3	T19	T145	50
d-phlag_0010-c_min3max81-r	0	1900	99	1	0.05	1	T127	T105	37
d-phlag_0010-c_min3max81-r	1461	39	445	55	0.25	1	T6	T112	2
d-phlag_0010-c_min3max81-r	960	440	365	235	0.3	3	T77	T87	27
d-phlag_0010-c_min3max81-r	0	1800	0	200	0.1	2	T85	T31	25
d-phlag_0010-c_min3max81-r	145	1657	198	0	0.1	3	T109	T71	42
d-phlag_0010-c_min3max81-r	0	1900	0	100	0.05	2	T90	T29	12
d-phlag_0010-c_min3max81-r	1700	0	3	297	0.15	1	T78	T150	47
d-phlag_0010-c_min3max81-r	1900	0	12	88	0.05	1	T65	T181	22
d-phlag_0010-c_min3max81-r	1	1899	100	0	0.05	1	T2	T60	39
d-phlag_0010-c_min3max81-r	1799	1	9	191	0.1	2	T7	T15	49
d-phlag_0010-c_min3max81-r	2	1598	400	0	0.2	1	T174	T115	28
d-phlag_0010-c_min3max81-r	0	1502	0	498	0.25	3	T103	T190	12
d-phlag_0010-c_min3max81-r	12	1488	496	4	0.25	1	T113	T15	49
d-phlag_0010-c_min3max81-r	15	1785	200	0	0.1	1	T179	T106	9
d-phlag_0010-c_min3max81-r	0	1400	600	0	0.3	2	T99	T180	26
d-phlag_0010-c_min3max81-r	1581	119	1	299	0.15	1	T130	T4	9
d-phlag_0010-c_min3max81-r	1800	0	200	0	0.1	2	T2	T142	34
d-phlag_0010-c_min3max81-r	1139	561	202	98	0.15	4	T9	T123	27
d-phlag_0010-c_min3max81-r	1789	13	14	184	0.1	3	T57	T44	14
d-phlag_0010-c_min3max81-r	1700	0	1	299	0.15	1	T133	T156	49
d-phlag_0010-c_min3max81-r	1400	0	600	0	0.3	1	T182	T200	33
d-phlag_0010-c_min3max81-r	0	1400	600	0	0.3	1	T115	T171	15
d-phlag_0010-c_min3max81-r	0	1400	600	0	0.3	3	T169	T170	2
d-phlag_0010-c_min3max81-r	0	1400	600	0	0.3	1	T126	T142	22
d-phlag_0010-c_min3max81-r	1794	8	1	197	0.1	3	T1	T117	30
d-phlag_0010-c_min3max81-r	0	1400	599	1	0.3	2	T70	T42	16
d-phlag_0010-c_min3max81-r	1372	28	0	600	0.3	1	T20	T59	28
d-phlag_0010-c_min3max81-r	949	451	466	134	0.3	4	T125	T69	44
d-phlag_0010-c_min3max81-r	1600	0	400	0	0.2	4	T71	T37	10
d-phlag_0010-c_min3max81-r	1387	13	0	600	0.3	2	T101	T55	1
d-phlag_0010-c_min3max81-r	1900	0	100	0	0.05	2	T6	T118	21
d-phlag_0010-c_min3max81-r	1695	5	21	279	0.15	4	T28	T86	32
d-phlag_0010-c_min3max81-r	1900	0	100	0	0.05	2	T15	T6	22
d-phlag_0010-c_min3max81-r	0	1700	0	300	0.15	1	T29	T32	46
d-phlag_0010-c_min3max81-r	0	1900	100	0	0.05	1	T44	T128	25
d-phlag_0010-c_min3max81-r	1700	0	300	0	0.15	3	T76	T108	32
d-phlag_0010-c_min3max81-r	1893	7	1	99	0.05	4	T32	T188	26
d-phlag_0010-c_min3max81-r	1500	0	0	500	0.25	1	T200	T107	33
d-phlag_0010-c_min3max81-r	1600	0	400	0	0.2	1	T35	T120	12
d-phlag_0010-c_min3max81-r	1400	0	0	600	0.3	1	T158	T11	36
d-phlag_0010-c_min3max81-r	47	1453	500	0	0.25	4	T140	T194	48
d-phlag_0010-c_min3max81-r	1400	0	600	0	0.3	1	T142	T128	6
d-phlag_0010-c_min3max81-r	2	1598	400	0	0.2	5	T56	T28	28
d-phlag_0010-c_min3max81-r	1172	328	279	221	0.25	4	T89	T145	50
d-phlag_0010-c_min3max81-r	1246	554	81	119	0.1	1	T114	T186	50
d-phlag_0010-c_min3max81-r	1900	0	100	0	0.05	1	T96	T167	14
d-phlag_0010-c_min3max81-r	1601	0	399	0	0.2	3	T13	T87	5
d-phlag_0010-c_min3max81-r	20	1380	600	0	0.3	1	T28	T86	32
d-phlag_0010-c_min3max81-r	13	1787	199	1	0.1	1	T181	T154	49
d-phlag_0010-c_min3max81-r	1502	0	0	498	0.25	3	T35	T7	16
d-phlag_0010-c_min3max81-r	1478	22	500	0	0.25	2	T193	T143	30
d-phlag_0010-c_min3max81-r	0	1400	0	600	0.3	2	T145	T94	8
d-phlag_0010-c_min3max81-r	1598	2	5	395	0.2	1	T197	T161	39
d-phlag_0010-c_min3max81-r	0	1502	0	498	0.25	3	T148	T130	43
d-phlag_0010-c_min3max81-r	1698	2	36	264	0.15	5	T94	T180	11
d-phlag_0010-c_min3max81-r	1800	0	200	0	0.1	2	T57	T177	43
d-phlag_0010-c_min3max81-r	105	1295	590	10	0.3	6	T175	T76	36
d-phlag_0010-c_min3max81-r	1583	117	296	4	0.15	3	T12	T36	3
d-phlag_0010-c_min3max81-r	1495	7	1	497	0.25	3	T96	T105	47
d-phlag_0010-c_min3max81-r	1500	0	500	0	0.25	1	T82	T190	6
d-phlag_0010-c_min3max81-r	6	1794	200	0	0.1	1	T148	T86	25
d-phlag_0010-c_min3max81-r	8	1392	600	0	0.3	1	T98	T22	41
d-phlag_0010-c_min3max81-r	8	1794	198	0	0.1	3	T46	T70	1
d-phlag_0010-c_min3max81-r	0	1500	500	0	0.25	1	T44	T128	25
d-phlag_0010-c_min3max81-r	1236	364	334	66	0.2	1	T30	T188	44
d-phlag_0010-c_min3max81-r	1500	0	2	498	0.25	1	T50	T138	21
d-phlag_0010-c_min3max81-r	21	1379	597	3	0.3	2	T14	T180	4
d-phlag_0010-c_min3max81-r	1082	318	370	230	0.3	1	T150	T137	44
d-phlag_0010-c_min3max81-r	1900	0	100	0	0.05	5	T185	T142	34
d-phlag_0010-c_min3max81-r	1652	48	300	0	0.15	3	T178	T149	19
d-phlag_0010-c_min3max81-r	1799	1	23	177	0.1	2	T196	T8	26
d-phlag_0010-c_min3max81-r	1400	0	600	0	0.3	1	T6	T94	32
d-phlag_0010-c_min3max81-r	1600	0	400	0	0.2	2	T6	T118	21
d-phlag_0010-c_min3max81-r	6	1496	277	221	0.25	3	T90	T10	24
d-phlag_0010-c_min3max81-r	0	1600	400	0	0.2	1	T159	T119	22
d-phlag_0010-c_min3max81-r	0	1400	599	1	0.3	2	T109	T111	10
d-phlag_0010-c_min3max81-r	1700	0	300	0	0.15	1	T31	T191	25
d-phlag_0010-c_min3max81-r	1900	1	0	99	0.05	3	T71	T144	11
d-phlag_0010-c_min3max81-r	90	1310	600	0	0.3	3	T179	T106	9
d-phlag_0010-c_min3max81-r	0	1500	0	500	0.25	1	T29	T32	46
d-phlag_0010-c_min3max81-r	1453	447	0	100	0.05	1	T30	T188	44
d-phlag_0010-c_min3max81-r	20	1780	200	0	0.1	2	T20	T32	5
d-phlag_0010-c_min3max81-r	1792	108	100	0	0.05	2	T82	T155	42
d-phlag_0010-c_min3max81-r	3	1597	396	4	0.2	1	T181	T154	49
d-phlag_0010-c_min3max81-r	0	1900	99	1	0.05	2	T108	T86	6
d-phlag_0010-c_min3max81-r	1700	0	300	0	0.15	2	T171	T4	2
d-phlag_0010-c_min3max81-r	1900	0	3	97	0.05	1	T92	T64	49
d-phlag_0010-c_min3max81-r	1397	3	5	595	0.3	2	T7	T15	49
d-phlag_0010-c_min3max81-r	1581	19	8	392	0.2	1	T81	T36	13
d-phlag_0010-c_min3max81-r	0	1900	0	100	0.05	2	T136	T196	28
d-phlag_0010-c_min3max81-r	0	1900	100	0	0.05	2	T200	T123	30
d-phlag_0010-c_min3max81-r	1627	173	169	31	0.1	1	T172	T69	45
d-phlag_0010-c_min3max81-r	1800	0	200	0	0.1	2	T38	T46	33
d-phlag_0010-c_min3max81-r	1452	50	21	477	0.25	3	T109	T76	36
d-phlag_0010-c_min3max81-r	1627	173	200	0	0.1	1	T18	T5	33
d-phlag_0010-c_min3max81-r	1900	0	1	99	0.05	1	T13	T7	47
d-phlag_0010-c_min3max81-r	1900	0	100	0	0.05	1	T100	T97	31
d-phlag_0010-c_min3max81-r	1499	1	0	500	0.25	1	T57	T160	17
d-phlag_0010-c_min3max81-r	15	1485	496	4	0.25	2	T198	T101	10
d-phlag_0010-c_min3max81-r	1399	1	26	574	0.3	2	T96	T167	14
d-phlag_0010-c_min3max81-r	1900	0	100	0	0.05	1	T159	T58	33
d-phlag_0010-c_min3max81-r	1585	15	6	394	0.2	4	T57	T160	17
d-phlag_0010-c_min3max81-r	1158	542	300	0	0.15	2	T126	T100	21
d-phlag_0010-c_min3max81-r	15	1585	399	1	0.2	2	T60	T59	31
d-phlag_0010-c_min3max81-r	922	478	334	266	0.3	2	T17	T30	27
d-phlag_0010-c_min3max81-r	0	1601	0	399	0.2	3	T29	T32	46
d-phlag_0010-c_min3max81-r	1255	145	209	391	0.3	2	T32	T37	45
d-phlag_0010-c_min3max81-r	0	1900	100	0	0.05	5	T127	T134	40
d-phlag_0010-c_min3max81-r	29	1371	599	1	0.3	3	T139	T88	43
d-phlag_0010-c_min3max81-r	1800	0	200	0	0.1	2	T107	T167	8
d-phlag_0010-c_min3max81-r	14	1686	297	3	0.15	2	T37	T24	2
d-phlag_0010-c_min3max81-r	1250	450	225	75	0.15	1	T105	T80	27
d-phlag_0010-c_min3max81-r	1663	37	5	295	0.15	2	T20	T106	3
d-phlag_0010-c_min3max81-r	93	1607	0	300	0.15	1	T6	T128	16
d-phlag_0010-c_min3max81-r	0	1600	400	0	0.2	1	T56	T112	49
d-phlag_0010-c_min3max81-r	7	1393	600	0	0.3	1	T200	T151	14
d-phlag_0010-c_min3max81-r	1500	0	500	0	0.25	4	T23	T171	10
d-phlag_0010-c_min3max81-r	1600	0	400	0	0.2	1	T139	T175	47
d-phlag_0010-c_min3max81-r	1400	0	600	0	0.3	2	T126	T117	39
d-phlag_0010-c_min3max81-r	16	1585	399	0	0.2	3	T140	T194	48
d-phlag_0010-c_min3max81-r	1	1600	399	0	0.2	3	T172	T179	46
d-phlag_0010-c_min3max81-r	89	1611	298	2	0.15	4	T25	T57	1
d-phlag_0010-c_min3max81-r	1197	403	284	116	0.2	1	T125	T69	44
d-phlag_0010-c_min3max81-r	10	1690	300	0	0.15	3	T154	T107	48
d-phlag_0010-c_min3max81-r	1800	0	200	0	0.1	4	T88	T120	12
d-phlag_0010-c_min3max81-r	3	1497	498	2	0.25	1	T88	T180	19
d-phlag_0010-c_min3max81-r	1600	0	400	0	0.2	2	T136	T144	8
d-phlag_0010-c_min3max81-r	1788	12	0	200	0.1	1	T104	T131	1
d-phlag_0010-c_min3max81-r	1400	0	0	600	0.3	1	T7	T30	32
d-phlag_0010-c_min3max81-r	2	1398	600	0	0.3	3	T159	T119	22
d-phlag_0010-c_min3max81-r	11	1689	278	22	0.15	2	T96	T167	14
d-phlag_0010-c_min3max81-r	1500	0	500	0	0.25	2	T67	T22	3
d-phlag_0010-c_min3max81-r	35	1866	99	0	0.05	3	T102	T158	16
d-phlag_0010-c_min3max81-r	1900	0	100	0	0.05	1	T1	T117	30
d-phlag_0010-c_min3max81-r	1898	3	6	93	0.05	3	T107	T17	29
d-phlag_0010-c_min3max81-r	1714	86	196	4	0.1	2	T191	T91	3
d-phlag_0010-c_min3max81-r	1132	568	176	124	0.15	2	T77	T87	27
d-phlag_0010-c_min3max81-r	4	1496	500	0	0.25	1	T151	T102	1
d-phlag_0010-c_min3max81-r	136	1464	399	1	0.2	2	T53	T158	43
d-phlag_0010-c_min3max81-r	1904	0	96	0	0.05	6	T102	T113	10
d-phlag_0010-c_min3max81-r	30	1770	197	3	0.1	2	T159	T58	33
d-phlag_0010-c_min3max81-r	1	1799	200	0	0.1	1	T4	T5	22
d-phlag_0010-c_min3max81-r	1093	507	247	153	0.2	2	T193	T33	50
d-phlag_0010-c_min3max81-r	1700	0	4	296	0.15	1	T49	T114	30
d-phlag_0010-c_min3max81-r	5	1395	600	0	0.3	2	T108	T137	11
d-phlag_0010-c_min3max81-r	1328	472	0	200	0.1	2	T89	T145	50
d-phlag_0010-c_min3max81-r	1150	450	295	105	0.2	1	T134	T88	24
d-phlag_0010-c_min3max81-r	16	1786	198	0	0.1	3	T172	T179	46
d-phlag_0010-c_min3max81-r	1699	1	2	298	0.15	1	T59	T136	28
d-phlag_0010-c_min3max81-r	769	1131	100	0	0.05	2	T143	T121	35
d-phlag_0010-c_min3max81-r	1499	1	0	500	0.25	2	T23	T195	39
d-phlag_0010-c_min3max81-r	1400	0	428	172	0.3	2	T139	T115	38
d-phlag_0010-c_min3max81-r	1173	427	0	400	0.2	1	T118	T90	50
d-phlag_0010-c_min3max81-r	1451	49	3	497	0.25	2	T153	T30	29
d-phlag_0010-c_min3max81-r	1700	0	0	300	0.15	1	T70	T7	17
d-phlag_0010-c_min3max81-r	1111	389	0	500	0.25	5	T136	T75	50
d-phlag_0010-c_min3max81-r	1195	307	332	166	0.25	3	T16	T97	15
d-phlag_0010-c_min3max81-r	51	1449	500	0	0.25	1	T141	T66	42
d-phlag_0010-c_min3max81-r	0	1802	0	198	0.1	3	T68	T126	37
d-phlag_0010-c_min3max81-r	1025	775	125	75	0.1	2	T18	T89	27
d-phlag_0010-c_min3max81-r	1491	11	3	495	0.25	3	T86	T59	43
d-phlag_0010-c_min3max81-r	1395	5	0	600	0.3	1	T63	T46	7
d-phlag_0010-c_min3max81-r	1711	189	0	100	0.05	2	T47	T130	45
d-phlag_0010-c_min3max81-r	1900	0	100	0	0.05	2	T184	T14	42
d-phlag_0010-c_min3max81-r	1601	0	399	0	0.2	3	T171	T4	2
d-phlag_0010-c_min3max81-r	1497	3	0	500	0.25	1	T177	T124	35
d-phlag_0010-c_min3max81-r	1796	6	3	195	0.1	3	T96	T105	47
d-phlag_0010-c_min3max81-r	1380	20	0	600	0.3	1	T153	T30	29
d-phlag_0010-c_min3max81-r	1683	117	0	200	0.1	1	T130	T177	42
d-phlag_0010-c_min3max81-r	1789	13	198	0	0.1	3	T197	T176	4
d-phlag_0010-c_min3max81-r	1700	0	300	0	0.15	2	T37	T28	11
d-phlag_0010-c_min3max81-r	1695	5	42	258	0.15	1	T13	T160	37
d-phlag_0010-c_min3max81-r	0	1600	400	0	0.2	2	T94	T171	34
d-phlag_0010-c_min3max81-r	1357	43	0	600	0.3	1	T27	T24	14
d-phlag_0010-c_min3max81-r	1325	75	600	0	0.3	1	T2	T176	20
d-phlag_0010-c_min3max81-r	1233	567	200	0	0.1	2	T47	T32	26
d-phlag_0010-c_min3max81-r	2	1598	400	0	0.2	2	T67	T68	29
d-phlag_0010-c_min3max81-r	14	1788	198	0	0.1	6	T10	T8	1
d-phlag_0010-c_min3max81-r	1798	2	7	193	0.1	1	T151	T183	29
d-phlag_0010-c_min3max81-r	1549	52	314	85	0.2	3	T113	T29	36
d-phlag_0010-c_min3max81-r	1600	0	0	400	0.2	2	T20	T124	35
d-phlag_0010-c_min3max81-r	2	1898	100	0	0.05	1	T51	T110	40
d-phlag_0010-c_min3max81-r	1500	0	1	499	0.25	2	T53	T162	11
d-phlag_0010-c_min3max81-r	1597	3	18	382	0.2	2	T16	T190	42
d-phlag_0010-c_min3max81-r	9	1591	400	0	0.2	1	T48	T177	28
d-phlag_0010-c_min3max81-r	1391	9	7	593	0.3	2	T14	T40	34
d-phlag_0010-c_min3max81-r	93	1507	0	400	0.2	2	T6	T128	16
d-phlag_0010-c_min3max81-r	6	1694	297	3	0.15	1	T177	T109	13
d-phlag_0010-c_min3max81-r	1900	0	100	0	0.05	2	T22	T11	29
d-phlag_0010-c_min3max81-r	1496	4	0	500	0.25	2	T130	T177	42
d-phlag_0010-c_min3max81-r	0	1700	300	0	0.15	1	T106	T158	8
d-phlag_0010-c_min3max81-r	1399	1	0	600	0.3	2	T33	T31	19
d-phlag_0010-c_min3max81-r	1396	4	49	551	0.3	4	T142	T10	17
d-phlag_0010-c_min3max81-r	1108	292	8	592	0.3	3	T145	T172	44
d-phlag_0010-c_min3max81-r	1866	34	8	92	0.05	1	T8	T54	38
d-phlag_0010-c_min3max81-r	918	584	166	332	0.25	3	T181	T9	36
d-phlag_0010-c_min3max81-r	1497	5	0	498	0.25	3	T29	T187	29
d-phlag_0010-c_min3max81-r	1700	0	180	120	0.15	2	T17	T197	5
d-phlag_0010-c_min3max81-r	1583	17	204	196	0.2	2	T126	T100	21
d-phlag_0010-c_min3max81-r	11	1689	299	1	0.15	4	T117	T137	40
d-phlag_0010-c_min3max81-r	0	1500	500	0	0.25	1	T115	T171	15
d-phlag_0010-c_min3max81-r	1500	0	500	0	0.25	1	T101	T126	4
d-phlag_0010-c_min3max81-r	1360	440	116	84	0.1	4	T144	T28	44
d-phlag_0010-c_min3max81-r	0	1900	100	0	0.05	2	T101	T107	17
d-phlag_0010-c_min3max81-r	1400	0	3	597	0.3	1	T191	T161	39
d-phlag_0010-c_min3max81-r	0	1600	0	400	0.2	2	T58	T103	21
d-phlag_0010-c_min3max81-r	1700	0	0	300	0.15	1	T125	T141	18
d-phlag_0010-c_min3max81-r	9	1391	600	0	0.3	2	T46	T70	1
d-phlag_0010-c_min3max81-r	11	1389	600	0	0.3	1	T10	T8	1
d-phlag_0010-c_min3max81-r	30	1772	198	0	0.1	3	T71	T144	20
d-phlag_0010-c_min3max81-r	0	1700	300	0	0.15	1	T174	T115	28
d-phlag_0010-c_min3max81-r	1500	0	0	500	0.25	1	T158	T11	36
d-phlag_0010-c_min3max81-r	0	1700	300	0	0.15	2	T94	T171	34
d-phlag_0010-c_min3max81-r	13	1387	596	4	0.3	2	T8	T54	38
d-phlag_0010-c_min3max81-r	1728	72	200	0	0.1	1	T125	T141	18
d-phlag_0010-c_min3max81-r	12	1488	500	0	0.25	2	T187	T11	14
d-phlag_0010-c_min3max81-r	1394	6	364	236	0.3	4	T138	T99	25
d-phlag_0010-c_min3max81-r	1558	42	0	400	0.2	2	T166	T34	28
d-phlag_0010-c_min3max81-r	1400	0	600	0	0.3	1	T193	T113	14
d-phlag_0010-c_min3max81-r	1375	25	17	583	0.3	2	T173	T48	9
d-phlag_0010-c_min3max81-r	1600	0	400	0	0.2	2	T30	T47	37
d-phlag_0010-c_min3max81-r	3	1797	200	0	0.1	2	T111	T137	11
d-phlag_0010-c_min3max81-r	1700	0	0	300	0.15	1	T121	T93	5
d-phlag_0010-c_min3max81-r	1861	39	1	99	0.05	2	T57	T196	42
d-phlag_0010-c_min3max81-r	13	1587	400	0	0.2	2	T52	T29	6
d-phlag_0010-c_min3max81-r	1465	35	250	250	0.25	2	T14	T148	10
d-phlag_0010-c_min3max81-r	9	1891	100	0	0.05	2	T46	T70	1
d-phlag_0010-c_min3max81-r	1800	0	0	200	0.1	2	T139	T159	15
d-phlag_0010-c_min3max81-r	1400	0	0	600	0.3	1	T29	T187	29
d-phlag_0010-c_min3max81	1500	0	500	0	0.25	1	T10	T30	10
d-phlag_0010-c_min3max81	1900	0	100	0	0.05	1	T88	T120	12
d-phlag_0010-c_min3max81	1828	72	0	100	0.05	1	T114	T140	37
d-phlag_0010-c_min3max81	0	1800	0	200	0.1	2	T118	T78	17
d-phlag_0010-c_min3max81	25	1675	300	0	0.15	1	T119	T198	9
d-phlag_0010-c_min3max81	1893	7	0	100	0.05	2	T8	T13	35
d-phlag_0010-c_min3max81	16	1486	498	0	0.25	3	T54	T121	30
d-phlag_0010-c_min3max81	1500	0	500	0	0.25	4	T137	T3	18
d-phlag_0010-c_min3max81	1332	68	2	598	0.3	3	T115	T44	46
d-phlag_0010-c_min3max81	0	1700	0	300	0.15	1	T148	T130	43
d-phlag_0010-c_min3max81	1557	43	4	396	0.2	1	T100	T97	31
d-phlag_0010-c_min3max81	0	1600	400	0	0.2	2	T200	T123	30
d-phlag_0010-c_min3max81	820	580	0	600	0.3	2	T90	T10	24
d-phlag_0010-c_min3max81	1411	389	0	200	0.1	1	T151	T134	24
d-phlag_0010-c_min3max81	1887	13	10	90	0.05	1	T193	T127	10
d-phlag_0010-c_min3max81	1598	3	8	391	0.2	3	T102	T113	10
d-phlag_0010-c_min3max81	81	1820	98	1	0.05	3	T106	T158	8
d-phlag_0010-c_min3max81	1784	18	0	198	0.1	3	T50	T138	21
d-phlag_0010-c_min3max81	604	896	500	0	0.25	4	T105	T136	49
d-phlag_0010-c_min3max81	1601	0	399	0	0.2	3	T181	T9	36
d-phlag_0010-c_min3max81	1388	12	28	572	0.3	2	T106	T158	43
d-phlag_0010-c_min3max81	1597	103	0	300	0.15	1	T113	T29	36
d-phlag_0010-c_min3max81	1700	0	3	297	0.15	1	T166	T34	28
d-phlag_0010-c_min3max81	1282	520	107	91	0.1	3	T46	T167	27
d-phlag_0010-c_min3max81	1600	0	0	400	0.2	1	T51	T91	47
d-phlag_0010-c_min3max81	673	727	216	384	0.3	4	T85	T19	44
d-phlag_0010-c_min3max81	0	1900	100	0	0.05	1	T52	T29	6
d-phlag_0010-c_min3max81	1400	0	0	600	0.3	1	T24	T115	23
d-phlag_0010-c_min3max81	1600	0	400	0	0.2	1	T137	T102	43
d-phlag_0010-c_min3max81	1269	632	79	20	0.05	3	T144	T28	44
d-phlag_0010-c_min3max81	1900	0	100	0	0.05	2	T71	T37	10
d-phlag_0010-c_min3max81	1502	98	399	1	0.2	2	T141	T66	42
d-phlag_0010-c_min3max81	1500	0	8	492	0.25	1	T107	T17	29
d-phlag_0010-c_min3max81	0	1502	498	0	0.25	3	T133	T140	7
d-phlag_0010-c_min3max81	0	1700	300	0	0.15	1	T84	T104	46
d-phlag_0010-c_min3max81	1800	0	200	0	0.1	2	T124	T144	29
d-phlag_0010-c_min3max81	1760	140	0	100	0.05	2	T185	T6	9
d-phlag_0010-c_min3max81	14	1386	598	2	0.3	2	T108	T86	6
d-phlag_0010-c_min3max81	1800	0	200	0	0.1	1	T15	T112	17
d-phlag_0010-c_min3max81	1800	0	200	0	0.1	1	T48	T185	32
d-phlag_0010-c_min3max81	1600	0	400	0	0.2	1	T37	T28	11
d-phlag_0010-c_min3max81	1599	1	0	400	0.2	1	T114	T152	3
d-phlag_0010-c_min3max81	1700	0	300	0	0.15	2	T137	T102	43
d-phlag_0010-c_min3max81	0	1700	0	300	0.15	1	T58	T103	21
d-phlag_0010-c_min3max81	6	1594	400	0	0.2	1	T96	T167	14
d-phlag_0010-c_min3max81	1800	0	200	0	0.1	2	T116	T22	3
d-phlag_0010-c_min3max81	12	1588	400	0	0.2	1	T7	T68	41
d-phlag_0010-c_min3max81	19	1481	500	0	0.25	1	T14	T180	4
d-phlag_0010-c_min3max81	2	1798	200	0	0.1	1	T20	T124	35
d-phlag_0010-c_min3max81	0	1800	200	0	0.1	4	T133	T140	7
d-phlag_0010-c_min3max81	1400	0	2	598	0.3	2	T192	T68	26
d-phlag_0010-c_min3max81	0	1601	0	399	0.2	3	T148	T130	43
d-phlag_0010-c_min3max81	1400	0	0	600	0.3	2	T165	T132	7
d-phlag_0010-c_min3max81	4	1696	300	0	0.15	1	T175	T194	41
d-phlag_0010-c_min3max81	674	1026	300	0	0.15	4	T54	T88	28
d-phlag_0010-c_min3max81	0	1800	200	0	0.1	1	T115	T171	15
d-phlag_0010-c_min3max81	1900	0	100	0	0.05	1	T168	T147	30
d-phlag_0010-c_min3max81	1399	1	0	600	0.3	1	T107	T198	19
d-phlag_0010-c_min3max81	0	1700	300	0	0.15	3	T149	T49	21
d-phlag_0010-c_min3max81	4	1796	199	1	0.1	2	T19	T7	25
d-phlag_0010-c_min3max81	0	1500	500	0	0.25	1	T12	T60	34
d-phlag_0010-c_min3max81	20	1580	400	0	0.2	1	T29	T116	20
d-phlag_0010-c_min3max81	1796	4	1	199	0.1	2	T13	T7	47
d-phlag_0010-c_min3max81	1600	0	400	0	0.2	1	T194	T41	19
d-phlag_0010-c_min3max81	1896	4	0	100	0.05	2	T177	T124	35
d-phlag_0010-c_min3max81	1800	0	200	0	0.1	1	T137	T102	43
d-phlag_0010-c_min3max81	1600	0	2	398	0.2	1	T91	T196	20
d-phlag_0010-c_min3max81	1700	0	300	0	0.15	1	T85	T31	25
d-phlag_0010-c_min3max81	1900	0	0	100	0.05	1	T90	T80	40
d-phlag_0010-c_min3max81	46	1456	498	0	0.25	3	T57	T86	32
d-phlag_0010-c_min3max81	1599	2	0	399	0.2	3	T137	T106	1
d-phlag_0010-c_min3max81	1351	549	92	8	0.05	2	T85	T19	44
d-phlag_0010-c_min3max81	1600	0	6	394	0.2	2	T59	T136	28
d-phlag_0010-c_min3max81	1458	42	0	500	0.25	1	T185	T6	9
d-phlag_0010-c_min3max81	1395	5	0	600	0.3	1	T111	T137	11
d-phlag_0010-c_min3max81	955	945	62	38	0.05	1	T136	T54	24
d-phlag_0010-c_min3max81	0	1502	0	498	0.25	3	T64	T181	41
d-phlag_0010-c_min3max81	1700	0	300	0	0.15	2	T150	T36	4
d-phlag_0010-c_min3max81	17	1583	400	0	0.2	2	T83	T62	47
d-phlag_0010-c_min3max81	1400	0	600	0	0.3	2	T16	T97	15
d-phlag_0010-c_min3max81	1700	0	300	0	0.15	1	T30	T47	37
d-phlag_0010-c_min3max81	1400	0	600	0	0.3	3	T131	T67	38
d-phlag_0010-c_min3max81	32	1468	500	0	0.25	2	T8	T54	38
d-phlag_0010-c_min3max81	3	1598	399	0	0.2	3	T12	T60	34
d-phlag_0010-c_min3max81	1500	0	500	0	0.25	2	T68	T111	6
d-phlag_0010-c_min3max81	1325	75	0	600	0.3	1	T172	T111	6
d-phlag_0010-c_min3max81	0	1600	400	0	0.2	1	T84	T13	33
d-phlag_0010-c_min3max81	1485	15	0	500	0.25	1	T17	T197	5
d-phlag_0010-c_min3max81	46	1854	100	0	0.05	1	T133	T156	49
d-phlag_0010-c_min3max81	1700	0	300	0	0.15	1	T15	T6	22
d-phlag_0010-c_min3max81	1502	0	0	498	0.25	3	T169	T170	2
d-phlag_0010-c_min3max81	1398	2	2	598	0.3	3	T157	T124	33
d-phlag_0010-c_min3max81	28	1573	398	1	0.2	3	T143	T121	35
d-phlag_0010-c_min3max81	0	1500	500	0	0.25	1	T198	T102	40
d-phlag_0010-c_min3max81	0	1800	0	200	0.1	1	T136	T196	28
d-phlag_0010-c_min3max81	10	1890	100	0	0.05	1	T139	T102	21
d-phlag_0010-c_min3max81	1900	1	0	99	0.05	3	T7	T68	41
d-phlag_0010-c_min3max81	1394	6	4	596	0.3	3	T68	T170	41
d-phlag_0010-c_min3max81	1590	11	6	393	0.2	3	T137	T116	39
d-phlag_0010-c_min3max81	0	1800	200	0	0.1	1	T85	T79	31
d-phlag_0010-c_min3max81	4	1396	600	0	0.3	2	T184	T30	49
d-phlag_0010-c_min3max81	0	1500	500	0	0.25	2	T136	T110	31
d-phlag_0010-c_min3max81	1117	583	148	152	0.15	1	T103	T130	27
d-phlag_0010-c_min3max81	0	1900	100	0	0.05	1	T51	T152	38
d-phlag_0010-c_min3max81	3	1697	300	0	0.15	2	T98	T22	41
d-phlag_0010-c_min3max81	1502	0	498	0	0.25	3	T30	T47	37
d-phlag_0010-c_min3max81	1800	0	200	0	0.1	2	T41	T66	22
d-phlag_0010-c_min3max81	1894	7	6	93	0.05	3	T148	T86	25
d-phlag_0010-c_min3max81	1800	0	2	198	0.1	1	T157	T198	11
d-phlag_0010-c_min3max81	1700	0	0	300	0.15	1	T1	T117	30
d-phlag_0010-c_min3max81	1749	152	66	33	0.05	3	T69	T33	19
d-phlag_0010-c_min3max81	136	1464	397	3	0.2	2	T63	T46	7
d-phlag_0010-c_min3max81	80	1820	100	0	0.05	2	T176	T152	48
d-phlag_0010-c_min3max81	1901	0	99	0	0.05	3	T138	T99	25
d-phlag_0010-c_min3max81	1573	27	0	400	0.2	1	T57	T44	14
d-phlag_0010-c_min3max81	2	1498	500	0	0.25	1	T167	T106	4
d-phlag_0010-c_min3max81	1595	5	0	400	0.2	1	T24	T150	34
d-phlag_0010-c_min3max81	1888	13	66	33	0.05	3	T88	T180	19
d-phlag_0010-c_min3max81	1600	0	400	0	0.2	1	T125	T168	16
d-phlag_0010-c_min3max81	0	1800	200	0	0.1	1	T140	T110	20
d-phlag_0010-c_min3max81	1700	0	0	300	0.15	1	T83	T138	39
d-phlag_0010-c_min3max81	8	1692	300	0	0.15	1	T57	T44	14
d-phlag_0010-c_min3max81	3	1397	600	0	0.3	1	T1	T117	30
d-phlag_0010-c_min3max81	0	1901	0	99	0.05	3	T58	T103	21
d-phlag_0010-c_min3max81	1593	8	399	0	0.2	3	T125	T64	1
d-phlag_0010-c_min3max81	1700	0	300	0	0.15	1	T50	T148	10
d-phlag_0010-c_min3max81	162	1638	200	0	0.1	1	T110	T26	2
d-phlag_0010-c_min3max81	1900	0	100	0	0.05	1	T194	T41	19
d-phlag_0010-c_min3max81	1400	0	600	0	0.3	3	T31	T191	25
d-phlag_0010-c_min3max81	1201	399	300	100	0.2	2	T197	T36	24
d-phlag_0010-c_min3max81	998	802	0	200	0.1	1	T69	T86	27
d-phlag_0010-c_min3max81	0	1400	600	0	0.3	3	T43	T112	41
d-phlag_0010-c_min3max81	9	1691	300	0	0.15	1	T140	T194	48
d-phlag_0010-c_min3max81	1600	0	4	396	0.2	1	T118	T135	12
d-phlag_0010-c_min3max81	1891	9	26	74	0.05	2	T110	T26	2
d-phlag_0010-c_min3max81	1699	1	0	300	0.15	1	T73	T127	40
d-phlag_0010-c_min3max81	1901	0	99	0	0.05	3	T109	T71	42
d-phlag_0010-c_min3max81	15	1785	200	0	0.1	2	T106	T158	8
d-phlag_0010-c_min3max81	7	1893	100	0	0.05	2	T184	T30	49
d-phlag_0010-c_min3max81	1212	488	0	300	0.15	3	T120	T43	50
d-phlag_0010-c_min3max81	1900	0	100	0	0.05	2	T144	T195	28
d-phlag_0010-c_min3max81	1761	139	50	50	0.05	2	T14	T40	34
d-phlag_0010-c_min3max81	1106	294	479	121	0.3	1	T144	T28	44
d-phlag_0010-c_min3max81	1783	17	10	190	0.1	2	T142	T10	17
d-phlag_0010-c_min3max81	1304	96	566	34	0.3	3	T12	T36	3
d-phlag_0010-c_min3max81	15	1385	600	0	0.3	2	T24	T150	34
d-phlag_0010-c_min3max81	1697	3	126	174	0.15	3	T69	T33	19
d-phlag_0010-c_min3max81	6	1595	365	34	0.2	3	T145	T172	44
d-phlag_0010-c_min3max81	1459	43	170	328	0.25	3	T132	T99	2
d-phlag_0010-c_min3max81	1600	0	400	0	0.2	1	T41	T66	22
d-phlag_0010-c_min3max81	1	1899	100	0	0.05	1	T85	T79	31
d-phlag_0010-c_min3max81	1782	20	2	196	0.1	3	T86	T61	13
d-phlag_0010-c_min3max81	0	1700	300	0	0.15	1	T62	T40	20
d-phlag_0010-c_min3max81	16	1584	392	8	0.2	2	T175	T81	18
d-phlag_0010-c_min3max81	1500	0	500	0	0.25	2	T16	T49	9
d-phlag_0010-c_min3max81	2	1899	98	1	0.05	3	T166	T177	30
d-phlag_0010-c_min3max81	7	1795	197	1	0.1	3	T78	T150	47
d-phlag_0010-c_min3max81	1700	0	300	0	0.15	4	T125	T168	16
d-phlag_0010-c_min3max81	1	1501	496	2	0.25	3	T3	T68	4
d-phlag_0010-c_min3max81	1502	0	498	0	0.25	3	T22	T11	29
d-phlag_0010-c_min3max81	1390	110	250	250	0.25	2	T140	T102	6
d-phlag_0010-c_min3max81	3	1797	200	0	0.1	4	T70	T7	17
d-phlag_0010-c_min3max81	729	671	0	600	0.3	1	T69	T86	27
d-phlag_0010-c_min3max81	1900	0	100	0	0.05	2	T171	T4	2
d-phlag_0010-c_min3max81	1382	18	0	600	0.3	1	T86	T61	13
d-phlag_0010-c_min3max81	1756	44	0	200	0.1	1	T14	T148	10
d-phlag_0010-c_min3max81	0	1700	300	0	0.15	4	T87	T18	29
d-phlag_0010-c_min3max81	0	1500	500	0	0.25	2	T99	T180	26
d-phlag_0010-c_min3max81	1498	2	3	497	0.25	2	T8	T13	35
d-phlag_0010-c_min3max81	1082	518	0	400	0.2	2	T38	T181	50
d-phlag_0010-c_min3max81	8	1893	99	0	0.05	3	T15	T102	14
d-phlag_0010-c_min3max81	1900	0	100	0	0.05	1	T170	T90	12
d-phlag_0010-c_min3max81	0	1900	0	100	0.05	1	T112	T147	23
d-phlag_0010-c_min3max81	1800	0	200	0	0.1	2	T72	T119	16
d-phlag_0010-c_min3max81	1600	0	3	397	0.2	2	T4	T5	22
d-phlag_0010-c_min3max81	1393	7	4	596	0.3	3	T92	T64	49
d-phlag_0010-c_min3max81	1315	85	0	600	0.3	2	T84	T14	45
d-phlag_0010-c_min3max81	82	1518	399	1	0.2	1	T14	T180	4
d-phlag_0010-c_min3max81	1890	10	0	100	0.05	1	T15	T112	17
d-phlag_0010-c_min3max81	1582	18	202	198	0.2	2	T88	T120	12
d-phlag_0010-c_min3max81	4	1496	500	0	0.25	1	T138	T132	9
d-phlag_0010-c_min3max81	1399	1	0	600	0.3	2	T177	T124	35
d-phlag_0010-c_min3max81	2	1398	600	0	0.3	2	T52	T29	6
d-phlag_0010-c_min3max81	11	1689	300	0	0.15	4	T117	T95	31
d-phlag_0010-c_min3max81	1898	2	0	100	0.05	1	T20	T82	6
d-phlag_0010-c_min3max81	1700	0	300	0	0.15	1	T27	T24	14
d-phlag_0010-c_min3max81	1700	0	300	0	0.15	4	T89	T124	21
d-phlag_0010-c_min3max81	1686	14	49	251	0.15	3	T55	T68	17
d-phlag_0010-c_min3max81	33	1667	297	3	0.15	2	T198	T101	10
d-phlag_0010-c_min3max81	1500	0	0	500	0.25	1	T24	T115	23
d-phlag_0010-c_min3max81	0	1400	600	0	0.3	2	T12	T60	34
d-phlag_0010-c_min3max81	1598	2	0	400	0.2	2	T62	T40	20
d-phlag_0010-c_min3max81	0	1500	0	500	0.25	2	T112	T147	23
d-phlag_0010-c_min3max81	1465	235	300	0	0.15	1	T18	T5	33
d-phlag_0010-c_min3max81	155	1645	200	0	0.1	2	T87	T186	16
d-phlag_0010-c_min3max81	19	1881	99	1	0.05	2	T117	T71	5
d-phlag_0010-c_min3max81	1584	16	0	400	0.2	2	T129	T108	48
d-phlag_0010-c_min3max81	1464	136	15	385	0.2	2	T27	T24	14
d-phlag_0010-c_min3max81	1241	159	13	587	0.3	5	T170	T91	13
d-phlag_0010-c_min3max81	5	1395	600	0	0.3	1	T177	T109	13
d-phlag_0010-c_min3max81	1700	0	2	298	0.15	3	T80	T81	4
d-phlag_0010-c_min3max81	8	1692	300	0	0.15	2	T137	T116	39
d-phlag_0010-c_min3max81	1301	599	60	40	0.05	2	T9	T123	27
d-phlag_0010-c_min3max81	1735	65	200	0	0.1	1	T23	T171	10
d-phlag_0010-c_min3max81	24	1376	589	11	0.3	3	T113	T15	49
d-phlag_0010-c_min3max81	1361	39	545	55	0.3	1	T6	T112	2
d-phlag_0010-c_min3max81	1249	151	557	43	0.3	1	T172	T69	45
d-phlag_0010-c_min3max81	13	1887	100	0	0.05	2	T198	T61	3
d-phlag_0010-c_min3max81	1700	0	300	0	0.15	2	T110	T158	12
d-phlag_0010-c_min3max81	1600	0	400	0	0.2	2	T72	T119	16
d-phlag_0010-c_min3max81	1400	0	600	0	0.3	1	T116	T22	3
d-phlag_0010-c_min3max81	1114	386	2	498	0.25	2	T151	T134	24
d-phlag_0010-c_min3max81	1543	157	298	2	0.15	1	T79	T172	45
d-phlag_0010-c_min3max81	4	1596	400	0	0.2	2	T136	T105	40
d-phlag_0010-c_min3max81	1357	43	0	600	0.3	1	T100	T97	31
d-phlag_0010-c_min3max81	132	1768	100	0	0.05	1	T159	T40	8
d-phlag_0010-c_min3max81	1800	0	200	0	0.1	1	T192	T23	48
d-phlag_0010-c_min3max81	0	1700	299	1	0.15	2	T171	T77	31
d-phlag_0010-c_min3max81	17	1583	400	0	0.2	2	T20	T32	5
d-phlag_0010-c_min3max81	1800	0	200	0	0.1	2	T68	T97	15
d-phlag_0010-c_min3max81	1896	4	6	94	0.05	1	T115	T44	46
d-phlag_0010-c_min3max81	17	1383	600	0	0.3	3	T138	T147	38
d-phlag_0010-c_min3max81	1900	0	54	46	0.05	2	T175	T76	36
d-phlag_0010-c_min3max81	1800	0	200	0	0.1	2	T115	T44	46
d-phlag_0010-c_min3max81	1132	368	251	249	0.25	1	T169	T200	24
d-phlag_0010-c_min3max81	1480	120	353	47	0.2	2	T79	T172	45
d-phlag_0010-c_min3max81	1497	3	24	476	0.25	1	T126	T100	21
d-phlag_0010-c_min3max81	1600	0	400	0	0.2	2	T140	T102	6
d-phlag_0010-c_min3max81	1900	0	0	100	0.05	1	T62	T40	20
d-phlag_0010-c_min3max81	1797	3	7	193	0.1	1	T175	T76	36
d-phlag_0010-c_min3max81	1400	0	0	600	0.3	1	T171	T33	26
d-phlag_0010-c_min3max81	1400	0	0	600	0.3	2	T9	T124	40
d-phlag_0010-c_min3max81	1018	382	0	600	0.3	2	T53	T175	44
d-phlag_0010-c_min3max81	1600	0	400	0	0.2	2	T2	T142	34
d-phlag_0010-c_min3max81	1066	436	2	496	0.25	3	T120	T43	50
d-phlag_0010-c_min3max81	0	1800	200	0	0.1	2	T150	T171	2
d-phlag_0010-c_min3max81	1900	0	2	98	0.05	2	T71	T144	20
d-phlag_0010-c_min3max81	14	1788	196	2	0.1	3	T17	T198	23
d-phlag_0010-c_min3max81	1388	12	593	7	0.3	1	T97	T32	13
d-phlag_0010-c_min3max81	1666	34	289	11	0.15	1	T25	T44	37
d-phlag_0010-c_min3max81	1793	7	1	199	0.1	1	T70	T194	21
d-phlag_0010-c_min3max81	1894	7	0	99	0.05	3	T80	T81	4
d-phlag_0010-c_min3max81	1897	3	10	90	0.05	4	T54	T121	30
d-phlag_0010-c_min3max81	1500	0	500	0	0.25	1	T116	T22	3
d-phlag_0010-c_min3max81	1900	0	7	93	0.05	2	T109	T111	10
d-phlag_0010-c_min3max81	1400	0	600	0	0.3	4	T10	T30	10
d-phlag_0010-c_min3max81	1743	57	191	9	0.1	2	T82	T155	42
d-phlag_0010-c_min3max81	9	1791	200	0	0.1	2	T65	T142	20
d-phlag_0010-c_min3max81	1500	0	4	496	0.25	1	T32	T188	26
d-phlag_0010-c_min3max81	3	1497	500	0	0.25	2	T166	T177	30
d-phlag_0010-c_min3max81	0	1600	399	1	0.2	2	T9	T199	45
d-phlag_0010-c_min3max81	847	553	411	189	0.3	2	T139	T123	27
d-phlag_0010-c_min3max81	1548	53	399	0	0.2	3	T142	T118	9
d-phlag_0010-c_min3max81	0	1500	500	0	0.25	2	T118	T48	32
d-phlag_0010-c_min3max81	1500	2	4	494	0.25	3	T157	T198	11
d-phlag_0010-c_min3max81	10	1890	100	0	0.05	1	T171	T77	31
d-phlag_0010-c_min3max81	1690	10	0	300	0.15	1	T24	T36	47
d-phlag_0010-c_min3max81	34	1366	599	1	0.3	3	T1	T140	37
d-phlag_0010-c_min3max81	31	1369	600	0	0.3	1	T187	T11	14
d-phlag_0010-c_min3max81	0	1800	0	200	0.1	2	T58	T103	21
d-phlag_0010-c_min3max81	1399	1	10	590	0.3	3	T54	T121	30
d-phlag_0010-c_min3max81	1400	0	600	0	0.3	1	T81	T56	48
d-phlag_0010-c_min3max81	0	1400	600	0	0.3	1	T161	T158	8
d-phlag_0010-c_min3max81	1601	0	399	0	0.2	3	T14	T148	10
d-phlag_0010-c_min3max81	1802	0	198	0	0.1	3	T18	T11	48
d-phlag_0010-c_min3max81	1252	148	32	568	0.3	4	T20	T61	42
d-phlag_0010-c_min3max81	1400	0	0	600	0.3	2	T14	T127	12
d-phlag_0010-c_min3max81	1700	0	300	0	0.15	1	T82	T190	6
d-phlag_0010-c_min3max81	0	1400	0	600	0.3	2	T136	T196	28
d-phlag_0010-c_min3max81	0	1802	0	198	0.1	3	T130	T52	43
d-phlag_0010-c_min3max81	1597	3	293	107	0.2	2	T109	T76	36
d-phlag_0010-c_min3max81	18	1883	99	0	0.05	3	T117	T95	31
d-phlag_0010-c_min3max81	1800	0	0	200	0.1	5	T149	T49	21
d-phlag_0010-c_min3max81	69	1531	398	2	0.2	2	T108	T137	11
d-phlag_0010-c_min3max81	1500	0	2	498	0.25	4	T43	T21	25
d-phlag_0010-c_min3max81	1396	4	10	590	0.3	2	T25	T56	7
d-phlag_0010-c_min3max81	1032	368	428	172	0.3	1	T105	T80	27
d-phlag_0010-c_min3max81	2	1598	400	0	0.2	2	T175	T194	41
d-phlag_0010-c_min3max81	1600	0	1	399	0.2	2	T24	T36	47
d-phlag_0010-c_min3max81	2	1800	198	0	0.1	3	T171	T77	31
d-phlag_0010-c_min3max81	13	1789	198	0	0.1	3	T16	T115	32
d-phlag_0010-c_min3max81	0	1502	498	0	0.25	3	T70	T7	17
d-phlag_0010-c_min3max81	0	1901	99	0	0.05	3	T70	T7	17
d-phlag_0010-c_min3max81	3	1597	400	0	0.2	1	T195	T176	34
d-phlag_0010-c_min3max81	1397	3	1	599	0.3	1	T50	T1	14
d-phlag_0010-c_min3max81	1696	4	8	292	0.15	2	T14	T180	4
d-phlag_0010-c_min3max81	1800	0	200	0	0.1	1	T132	T61	32
d-phlag_0010-c_min3max81	1800	0	0	200	0.1	1	T25	T128	30
d-phlag_0010-c_min3max81	1600	0	400	0	0.2	2	T81	T56	48
d-phlag_0010-c_min3max81	1492	8	500	0	0.25	1	T126	T75	41
d-phlag_0010-c_min3max81	3	1697	300	0	0.15	2	T53	T162	11
d-phlag_0010-c_min3max81	1700	0	0	300	0.15	3	T135	T177	4
d-phlag_0010-c_min3max81	1795	5	3	197	0.1	2	T51	T110	40
d-phlag_0010-c_min3max81	1800	0	200	0	0.1	2	T81	T56	48
d-phlag_0010-c_min3max81	1500	0	2	498	0.25	2	T174	T115	28
d-phlag_0010-c_min3max81	12	1589	397	2	0.2	3	T159	T58	33
d-phlag_0010-c_min3max81	1600	0	15	385	0.2	1	T36	T83	35
d-phlag_0010-c_min3max81	0	1700	300	0	0.15	1	T94	T180	29
d-phlag_0010-c_min3max81	0	1800	0	200	0.1	1	T24	T36	47
d-phlag_0010-c_min3max81	1598	2	1	399	0.2	1	T176	T46	37
d-phlag_0010-c_min3max81	1800	100	0	100	0.05	2	T171	T24	37
d-phlag_0010-c_min3max81	1699	1	2	298	0.15	4	T74	T152	48
d-phlag_0010-c_min3max81	1644	56	50	250	0.15	4	T142	T10	17
d-phlag_0010-c_min3max81	82	1518	400	0	0.2	1	T25	T57	1
d-phlag_0010-c_min3max81	1400	0	0	600	0.3	3	T128	T77	35
d-phlag_0010-c_min3max81	1500	0	0	500	0.25	2	T30	T18	6
d-phlag_0010-c_min3max81	59	1641	299	1	0.15	2	T179	T106	9
d-phlag_0010-c_min3max81	1495	5	6	494	0.25	4	T90	T80	40
d-phlag_0010-c_min3max81	6	1595	399	0	0.2	3	T85	T8	46
d-phlag_0010-c_min3max81	1119	681	9	191	0.1	2	T86	T33	50
d-phlag_0010-c_min3max81	1899	1	1	99	0.05	2	T112	T100	36
d-phlag_0010-c_min3max81	0	1500	500	0	0.25	1	T101	T107	17
d-phlag_0010-c_min3max81	1146	354	422	78	0.25	4	T125	T69	44
d-phlag_0010-c_min3max81	394	1506	100	0	0.05	1	T142	T118	9
d-phlag_0010-c_min3max81	3	1797	199	1	0.1	4	T30	T103	41
d-phlag_0010-c_min3max81	1175	625	155	45	0.1	2	T193	T33	50
d-phlag_0010-c_min3max81	1508	92	388	12	0.2	2	T89	T145	50
d-phlag_0010-c_min3max81	1	1899	100	0	0.05	1	T35	T184	19
d-phlag_0010-c_min3max81	1901	0	99	0	0.05	3	T152	T81	13
d-phlag_0010-c_min3max81	1842	59	99	0	0.05	3	T129	T57	11
d-phlag_0010-c_min3max81	17	1683	299	1	0.15	4	T24	T115	23
d-phlag_0010-c_min3max81	1793	7	5	195	0.1	4	T167	T124	33
d-phlag_0010-c_min3max81	1698	2	0	300	0.15	1	T170	T98	49
d-phlag_0010-c_min3max81	1697	3	9	291	0.15	3	T132	T170	11
d-phlag_0010-c_min3max81	27	1373	600	0	0.3	2	T114	T60	18
d-phlag_0010-c_min3max81	1400	0	600	0	0.3	1	T151	T102	1
d-phlag_0010-c_min3max81	0	1800	199	1	0.1	2	T117	T137	40
d-phlag_0010-c_min3max81	1543	157	288	12	0.15	1	T98	T160	45
d-phlag_0010-c_min3max81	1600	0	2	398	0.2	1	T80	T81	4
d-phlag_0010-c_min3max81	1500	0	500	0	0.25	1	T150	T36	4
d-phlag_0010-c_min3max81	23	1377	600	0	0.3	5	T170	T98	49
d-phlag_0010-c_min3max81	1362	38	600	0	0.3	1	T25	T44	37
d-phlag_0010-c_min3max81	24	1476	497	3	0.25	1	T132	T170	11
d-phlag_0010-c_min3max81	8	1592	400	0	0.2	2	T54	T121	30
d-phlag_0010-c_min3max81	0	1600	400	0	0.2	2	T84	T104	46
d-phlag_0010-c_min3max81	10	1890	99	1	0.05	4	T16	T115	32
d-phlag_0010-c_min3max81	10	1390	597	3	0.3	3	T192	T52	31
d-phlag_0010-c_min3max81	1400	0	10	590	0.3	2	T135	T161	1
d-phlag_0010-c_min3max81	1492	108	343	57	0.2	2	T55	T172	45
d-phlag_0010-c_min3max81	1855	46	96	3	0.05	3	T25	T44	37
d-phlag_0010-c_min3max81	1491	9	0	500	0.25	2	T85	T88	43
d-phlag_0010-c_min3max81	1900	0	100	0	0.05	1	T124	T144	29
d-phlag_0010-c_min3max81	1340	60	7	593	0.3	3	T172	T49	22
d-phlag_0010-c_min3max81	1800	0	200	0	0.1	1	T126	T117	39
d-phlag_0010-c_min3max81	1345	455	129	71	0.1	2	T134	T88	24
d-phlag_0010-c_min3max81	0	1800	200	0	0.1	1	T181	T21	47
d-phlag_0010-c_min3max81	1595	5	4	396	0.2	5	T7	T15	49
d-phlag_0010-c_min3max81	1700	0	300	0	0.15	2	T16	T97	15
d-phlag_0010-c_min3max81	1414	88	6	492	0.25	3	T72	T198	18
d-phlag_0010-c_min3max81	1745	55	12	188	0.1	5	T153	T30	29
d-phlag_0010-c_min3max81	1004	396	491	109	0.3	2	T145	T163	24
d-phlag_0010-c_min3max81	1594	7	3	396	0.2	3	T33	T196	5
d-phlag_0010-c_min3max81	0	1800	200	0	0.1	1	T194	T198	20
d-phlag_0010-c_min3max81	0	1800	200	0	0.1	2	T111	T132	7
d-phlag_0010-c_min3max81	1399	1	14	586	0.3	2	T96	T40	35
d-phlag_0010-c_min3max81	4	1396	600	0	0.3	1	T127	T105	37
d-phlag_0010-c_min3max81	1064	436	0	500	0.25	4	T19	T145	50
d-phlag_0010-c_min3max81	1900	0	100	0	0.05	2	T18	T11	48
d-phlag_0010-c_min3max81	0	1400	600	0	0.3	1	T29	T13	18
d-phlag_0010-c_min3max81	1600	0	400	0	0.2	4	T116	T22	3
d-phlag_0010-c_min3max81	1634	66	23	277	0.15	2	T20	T61	42
d-phlag_0010-c_min3max81	15	1685	298	2	0.15	3	T188	T47	18
d-phlag_0010-c_min3max81	1256	444	257	43	0.15	3	T151	T134	24
d-phlag_0010-c_min3max81	13	1487	499	1	0.25	2	T177	T109	13
d-phlag_0010-c_min3max81	1395	5	3	597	0.3	2	T65	T145	7
d-phlag_0010-c_min3max81	0	1800	200	0	0.1	2	T35	T184	19
d-phlag_0010-c_min3max81	1	1599	400	0	0.2	1	T171	T33	26
d-phlag_0010-c_min3max81	1496	6	6	492	0.25	3	T198	T61	3
d-phlag_0010-c_min3max81	1400	0	600	0	0.3	1	T185	T142	34
d-phlag_0010-c_min3max81	1752	148	0	100	0.05	1	T9	T199	45
d-phlag_0010-c_min3max81	0	1700	300	0	0.15	1	T195	T176	34
d-phlag_0010-c_min3max81	0	1600	400	0	0.2	1	T35	T184	19
d-phlag_0010-c_min3max81	1315	487	192	6	0.1	3	T58	T16	44
d-phlag_0010-c_min3max81	1739	161	100	0	0.05	2	T141	T66	42
d-phlag_0010-c_min3max81	11	1589	399	1	0.2	2	T176	T152	48
d-phlag_0010-c_min3max81	41	1461	493	5	0.25	3	T51	T80	35
d-phlag_0010-c_min3max81	0	1900	0	100	0.05	2	T103	T190	12
d-phlag_0010-c_min3max81	6	1694	300	0	0.15	1	T30	T103	41
d-phlag_0010-c_min3max81	9	1391	600	0	0.3	3	T44	T69	39
d-phlag_0010-c_min3max81	1901	0	99	0	0.05	3	T182	T200	33
d-phlag_0010-c_min3max81	1400	0	600	0	0.3	3	T193	T143	30
d-phlag_0010-c_min3max81	1900	0	100	0	0.05	2	T170	T98	49
d-phlag_0010-c_min3max81	1500	0	0	500	0.25	1	T87	T18	29
d-phlag_0010-c_min3max81	1387	13	24	576	0.3	4	T70	T194	21
d-phlag_0010-c_min3max81	1117	583	120	180	0.15	2	T193	T33	50
d-phlag_0010-c_min3max81	1700	0	300	0	0.15	1	T56	T141	20
d-phlag_0010-c_min3max81	1887	14	99	0	0.05	3	T197	T176	4
d-phlag_0010-c_min3max81	1500	0	0	500	0.25	1	T56	T112	49
d-phlag_0010-c_min3max81	916	484	116	484	0.3	4	T86	T33	50
d-phlag_0010-c_min3max81	1802	0	29	169	0.1	3	T190	T7	30
d-phlag_0010-c_min3max81	1587	13	0	400	0.2	1	T175	T76	36
d-phlag_0010-c_min3max81	1500	0	6	494	0.25	2	T59	T136	28
d-phlag_0010-c_min3max81	83	1617	300	0	0.15	1	T108	T137	11
d-phlag_0010-c_min3max81	1900	0	0	100	0.05	2	T39	T163	36
d-phlag_0010-c_min3max81	182	1318	500	0	0.25	1	T184	T14	42
d-phlag_0010-c_min3max81	2	1598	400	0	0.2	5	T30	T103	41
d-phlag_0010-c_min3max81	5	1795	200	0	0.1	4	T136	T105	40
d-phlag_0010-c_min3max81	3	1697	300	0	0.15	2	T44	T69	39
d-phlag_0010-c_min3max81	1884	16	7	93	0.05	2	T198	T101	10
d-phlag_0010-c_min3max81	1394	6	3	597	0.3	2	T167	T106	4
d-phlag_0010-c_min3max81	1600	0	3	397	0.2	2	T192	T68	26
d-phlag_0010-c_min3max81	56	1844	100	0	0.05	2	T77	T63	22
d-phlag_0010-c_min3max81	1600	0	47	353	0.2	1	T115	T44	46
d-phlag_0010-c_min3max81	1236	664	50	50	0.05	1	T86	T33	50
d-phlag_0010-c_min3max81	7	1594	399	0	0.2	3	T184	T30	49
d-phlag_0010-c_min3max81	1500	0	500	0	0.25	1	T193	T113	14
d-phlag_0010-c_min3max81	20	1580	400	0	0.2	4	T25	T128	30
d-phlag_0010-c_min3max81	1878	22	0	100	0.05	2	T125	T141	18
d-phlag_0010-c_min3max81	1800	0	200	0	0.1	2	T76	T108	32
d-phlag_0010-c_min3max81	0	1700	300	0	0.15	1	T38	T134	34
d-phlag_0010-c_min3max81	0	1500	500	0	0.25	1	T108	T86	6
d-phlag_0010-c_min3max81	846	554	363	237	0.3	4	T103	T130	27
d-phlag_0010-c_min3max81	1	1499	500	0	0.25	1	T192	T52	31
d-phlag_0010-c_min3max81	34	1666	300	0	0.15	2	T109	T71	42
d-phlag_0010-c_min3max81	1900	0	100	0	0.05	1	T116	T22	3
d-phlag_0010-c_min3max81	1264	436	0	300	0.15	2	T118	T90	50
d-phlag_0010-c_min3max81	19	1381	600	0	0.3	2	T198	T61	3
d-phlag_0010-c_min3max81	1802	0	198	0	0.1	3	T110	T158	12
d-phlag_0010-c_min3max81	1465	35	176	324	0.25	1	T113	T29	36
d-phlag_0010-c_min3max81	1658	42	0	300	0.15	2	T110	T26	2
d-phlag_0010-c_min3max81	1500	0	340	160	0.25	2	T180	T192	2
d-phlag_0010-c_min3max81	1551	49	5	395	0.2	1	T116	T9	13
d-phlag_0010-c_min3max81	2	1698	300	0	0.15	2	T198	T102	40
d-phlag_0010-c_min3max81	1900	0	100	0	0.05	1	T53	T158	43
d-phlag_0010-c_min3max81	1700	0	2	298	0.15	2	T91	T196	20
d-phlag_0010-c_min3max81	340	1261	399	0	0.2	3	T72	T198	18
d-phlag_0010-c_min3max81	1400	0	600	0	0.3	2	T68	T97	15
d-phlag_0010-c_min3max81	1498	4	4	494	0.25	3	T157	T124	33
d-phlag_0010-c_min3max81	1400	0	0	600	0.3	3	T118	T48	32
d-phlag_0010-c_min3max81	1155	545	238	62	0.15	1	T114	T186	50
d-phlag_0010-c_min3max81	5	1595	399	1	0.2	2	T182	T192	48
d-phlag_0010-c_min3max81	1493	7	4	496	0.25	4	T101	T55	1
d-phlag_0010-c_min3max81	1475	426	62	37	0.05	3	T133	T115	24
d-phlag_0010-c_min3max81	61	1339	600	0	0.3	1	T72	T198	18
d-phlag_0010-c_min3max81	6	1394	600	0	0.3	3	T38	T134	34
d-phlag_0010-c_min3max81	3	1597	400	0	0.2	1	T167	T19	2
d-phlag_0010-c_min3max81	25	1575	400	0	0.2	1	T110	T26	2
d-phlag_0010-c_min3max81	31	1369	599	1	0.3	3	T37	T24	2
d-phlag_0010-c_min3max81	1500	0	500	0	0.25	1	T38	T46	33
d-phlag_0010-c_min3max81	1700	0	300	0	0.15	2	T13	T87	5
d-phlag_0010-c_min3max81	1487	15	4	494	0.25	3	T94	T180	11
d-phlag_0010-c_min3max81	1334	566	54	46	0.05	2	T46	T167	27
d-phlag_0010-c_min3max81	1900	0	100	0	0.05	1	T181	T154	49
d-phlag_0010-c_min3max81	1901	0	99	0	0.05	3	T2	T92	9
d-phlag_0010-c_min3max81	20	1580	400	0	0.2	4	T74	T152	48
d-phlag_0010-c_min3max81	1900	0	100	0	0.05	2	T7	T48	3
d-phlag_0010-c_min3max81	1138	262	0	600	0.3	2	T170	T97	50
d-phlag_0010-c_min3max81	1596	4	0	400	0.2	1	T101	T55	1
d-phlag_0010-c_min3max81	144	1256	600	0	0.3	2	T20	T115	33
d-phlag_0010-c_min3max81	1665	137	157	41	0.1	3	T130	T4	9
d-phlag_0010-c_min3max81	60	1840	100	0	0.05	1	T179	T106	9
d-phlag_0010-c_min3max81	1715	185	0	100	0.05	2	T129	T108	48
d-phlag_0010-c_min3max81	66	1334	600	0	0.3	1	T23	T195	39
d-phlag_0010-c_min3max81	0	1800	200	0	0.1	1	T30	T18	6
d-phlag_0010-c_min3max81	1326	474	0	200	0.1	1	T17	T197	5
d-phlag_0010-c_min3max81	1494	6	27	473	0.25	1	T57	T196	42
d-phlag_0010-c_min3max81	1500	0	500	0	0.25	2	T126	T3	19
d-phlag_0010-c_min3max81	1500	0	500	0	0.25	1	T152	T81	13
d-phlag_0010-c_min3max81	0	1901	0	99	0.05	3	T29	T32	46
d-phlag_0010-c_min3max81	18	1682	300	0	0.15	2	T177	T124	35
d-phlag_0010-c_min3max81	1335	65	70	530	0.3	2	T132	T99	2
d-phlag_0010-c_min3max81	1250	450	143	157	0.15	2	T197	T36	24
d-phlag_0010-c_min3max81	4	1897	99	0	0.05	3	T192	T97	23
d-phlag_0010-c_min3max81	2	1398	600	0	0.3	1	T4	T127	47
d-phlag_0010-c_min3max81	0	1700	300	0	0.15	1	T88	T49	21
d-phlag_0010-c_min3max81	0	1700	0	300	0.15	1	T136	T196	28
d-phlag_0010-c_min3max81	1651	49	0	300	0.15	2	T70	T194	21
d-phlag_0010-c_min3max81	1582	18	0	400	0.2	2	T154	T145	14
d-phlag_0010-c_min3max81	1600	0	3	397	0.2	2	T190	T7	30
d-phlag_0010-c_min3max81	1500	0	500	0	0.25	1	T124	T144	29
d-phlag_0010-c_min3max81	1697	3	3	297	0.15	2	T50	T1	14
d-phlag_0010-c_min3max81	11	1791	198	0	0.1	3	T91	T196	20
d-phlag_0010-c_min3max81	15	1487	496	2	0.25	3	T23	T61	3
d-phlag_0010-c_min3max81	1361	441	0	198	0.1	3	T145	T172	44
d-phlag_0010-c_min3max81	1502	0	498	0	0.25	3	T6	T94	32
d-phlag_0010-c_min3max81	36	1764	200	0	0.1	2	T54	T121	30
d-phlag_0010-c_min3max81	1600	0	400	0	0.2	2	T15	T6	22
d-phlag_0010-c_min3max81	1633	167	200	0	0.1	1	T184	T189	26
d-phlag_0010-c_min3max81	1317	283	400	0	0.2	2	T73	T198	18
d-phlag_0010-c_min3max81	1881	19	4	96	0.05	2	T86	T61	13
d-phlag_0010-c_min3max81	1	1599	398	2	0.2	2	T24	T115	23
d-phlag_0010-c_min3max81	0	1600	400	0	0.2	1	T38	T134	34
d-phlag_0010-c_min3max81	0	1900	100	0	0.05	1	T76	T133	38
d-phlag_0010-c_min3max81	8	1392	600	0	0.3	4	T128	T160	5
d-phlag_0010-c_min3max81	1735	165	100	0	0.05	2	T173	T53	18
d-phlag_0010-c_min3max81	1697	3	13	287	0.15	4	T85	T88	43
d-phlag_0010-c_min3max81	340	1160	495	5	0.25	2	T36	T83	35
d-phlag_0010-c_min3max81	1400	0	600	0	0.3	3	T97	T73	23
d-phlag_0010-c_min3max81	1900	0	100	0	0.05	1	T137	T102	43
d-phlag_0010-c_min3max81	1799	1	17	183	0.1	2	T118	T135	12
d-phlag_0010-c_min3max81	1600	0	400	0	0.2	1	T193	T143	30
d-phlag_0010-c_min3max81	8	1492	500	0	0.25	1	T132	T33	5
d-phlag_0010-c_min3max81	1388	112	3	497	0.25	1	T130	T4	9
d-phlag_0010-c_min3max81	1900	0	100	0	0.05	2	T19	T7	25
d-phlag_0010-c_min3max81	942	558	231	269	0.25	2	T86	T33	50
d-phlag_0010-c_min3max81	0	1900	100	0	0.05	1	T82	T57	33
d-phlag_0010-c_min3max81	4	1496	499	1	0.25	2	T85	T8	46
d-phlag_0010-c_min3max81	1656	44	0	300	0.15	1	T18	T11	48
d-phlag_0010-c_min3max81	1800	0	0	200	0.1	1	T60	T59	31
d-phlag_0010-c_min3max81	0	1800	200	0	0.1	1	T72	T39	25
d-phlag_0010-c_min3max81	1400	0	0	600	0.3	2	T17	T127	17
d-phlag_0010-c_min3max81	1400	0	600	0	0.3	2	T178	T149	19
d-phlag_0010-c_min3max81	1400	0	0	600	0.3	1	T72	T39	25
d-phlag_0010-c_min3max81	1500	0	0	500	0.25	1	T51	T91	47
d-phlag_0010-c_min3max81	1595	5	57	343	0.2	2	T83	T45	29
d-phlag_0010-c_min3max81	1800	0	200	0	0.1	1	T140	T102	6
d-phlag_0010-c_min3max81	1500	0	1	499	0.25	1	T57	T44	14
d-phlag_0010-c_min3max81	0	1700	300	0	0.15	3	T64	T39	15
d-phlag_0010-c_min3max81	1900	0	1	99	0.05	2	T73	T127	40
d-phlag_0010-c_min3max81	1598	3	278	121	0.2	3	T18	T5	33
d-phlag_0010-c_min3max81	10	1490	500	0	0.25	1	T151	T183	29
d-phlag_0010-c_min3max81	0	1600	400	0	0.2	2	T112	T100	36
d-phlag_0010-c_min3max81	1600	0	400	0	0.2	2	T48	T185	32
d-phlag_0010-c_min3max81	1383	17	0	600	0.3	2	T184	T189	26
d-phlag_0010-c_min3max81	1255	245	376	124	0.25	1	T41	T97	24
d-phlag_0010-c_min3max81	1784	18	3	195	0.1	3	T54	T88	28
d-phlag_0010-c_min3max81	3	1397	600	0	0.3	1	T190	T7	30
d-phlag_0010-c_min3max81	1500	0	500	0	0.25	4	T171	T4	2
d-phlag_0010-c_min3max81	1600	0	400	0	0.2	2	T138	T99	25
d-phlag_0010-c_min3max81	1400	0	600	0	0.3	3	T140	T102	6
d-phlag_0010-c_min3max81	9	1691	300	0	0.15	1	T20	T32	5
d-phlag_0010-c_min3max81	1574	26	16	384	0.2	5	T70	T194	21
d-phlag_0010-c_min3max81	0	1600	400	0	0.2	1	T93	T77	36
d-phlag_0010-c_min3max81	1693	7	300	0	0.15	1	T145	T32	13
d-phlag_0010-c_min3max81	1615	187	198	0	0.1	3	T79	T172	45
d-phlag_0010-c_min3max81	1500	0	500	0	0.25	2	T98	T160	45
d-phlag_0010-c_min3max81	1786	16	11	187	0.1	3	T151	T102	1
d-phlag_0010-c_min3max81	1500	0	500	0	0.25	2	T25	T56	7
d-phlag_0010-c_min3max81	1319	81	24	576	0.3	2	T14	T148	10
d-phlag_0010-c_min3max81	0	1400	600	0	0.3	2	T199	T109	26
d-phlag_0010-c_min3max81	1502	0	498	0	0.25	3	T131	T67	38
d-phlag_0010-c_min3max81	1392	8	50	550	0.3	3	T197	T161	39
d-phlag_0010-c_min3max81	1899	1	0	100	0.05	1	T107	T198	19
d-phlag_0010-c_min3max81	1597	3	0	400	0.2	1	T70	T7	17
d-phlag_0010-c_min3max81	10	1690	300	0	0.15	2	T198	T127	38
d-phlag_0010-c_min3max81	23	1577	400	0	0.2	4	T136	T110	31
d-phlag_0010-c_min3max81	8	1492	500	0	0.25	1	T166	T34	28
d-phlag_0010-c_min3max81	1843	57	1	99	0.05	2	T138	T132	9
d-phlag_0010-c_min3max81	3	1697	300	0	0.15	4	T127	T134	40
d-phlag_0010-c_min3max81	1399	1	104	496	0.3	2	T36	T83	35
d-phlag_0010-c_min3max81	1573	27	400	0	0.2	1	T169	T25	5
d-phlag_0010-c_min3max81	1512	88	1	399	0.2	1	T195	T75	23
d-phlag_0010-c_min3max81	1800	0	200	0	0.1	2	T30	T47	37
d-phlag_0010-c_min3max81	1700	0	300	0	0.15	3	T144	T195	28
d-phlag_0010-c_min3max81	1800	0	200	0	0.1	4	T12	T59	23
d-phlag_0010-c_min3max81	3	1797	200	0	0.1	2	T56	T112	49
d-phlag_0010-c_min3max81	1427	75	382	116	0.25	3	T47	T32	26
d-phlag_0010-c_min3max81	1800	0	200	0	0.1	1	T74	T52	18
d-phlag_0010-c_min3max81	1677	23	10	290	0.15	2	T153	T30	29
d-phlag_0010-c_min3max81	1600	0	0	400	0.2	1	T2	T60	39
d-phlag_0010-c_min3max81	49	1351	590	10	0.3	2	T13	T161	23
d-phlag_0010-c_min3max81	1400	0	600	0	0.3	1	T182	T29	15
d-phlag_0010-c_min3max81	1799	1	1	199	0.1	1	T143	T121	35
d-phlag_0010-c_min3max81	0	1600	400	0	0.2	1	T140	T110	20
d-phlag_0010-c_min3max81	1286	414	222	78	0.15	3	T133	T115	24
d-phlag_0010-c_min3max81	1382	18	0	600	0.3	1	T3	T68	4
d-phlag_0010-c_min3max81	1400	0	2	598	0.3	1	T198	T101	10
d-phlag_0010-c_min3max81	8	1593	396	3	0.2	3	T76	T133	38
d-phlag_0010-c_min3max81	1593	7	10	390	0.2	4	T25	T56	7
d-phlag_0010-c_min3max81	12	1388	469	131	0.3	2	T120	T43	50
d-phlag_0010-c_min3max81	0	1500	0	500	0.25	2	T192	T160	44
d-phlag_0010-c_min3max81	1500	0	500	0	0.25	1	T23	T66	22
d-phlag_0010-c_min3max81	1800	0	0	200	0.1	2	T159	T119	22
d-phlag_0010-c_min3max81	1693	7	300	0	0.15	1	T97	T32	13
d-phlag_0010-c_min3max81	1500	0	500	0	0.25	1	T85	T31	25
d-phlag_0010-c_min3max81	4	1896	100	0	0.05	2	T38	T134	34
d-phlag_0010-c_min3max81	1800	0	0	200	0.1	1	T187	T11	14
d-phlag_0010-c_min3max81	1400	0	600	0	0.3	2	T150	T36	4
d-phlag_0010-c_min3max81	1600	0	400	0	0.2	1	T101	T126	4
d-phlag_0010-c_min3max81	1091	509	218	182	0.2	1	T77	T87	27
d-phlag_0010-c_min3max81	0	1400	0	600	0.3	1	T129	T57	11
d-phlag_0010-c_min3max81	5	1895	100	0	0.05	1	T138	T147	38
d-phlag_0010-c_min3max81	1600	0	0	400	0.2	2	T139	T88	43
d-phlag_0010-c_min3max81	1700	0	300	0	0.15	3	T194	T41	19
d-phlag_0010-c_min3max81	1600	0	313	87	0.2	4	T2	T58	17
d-phlag_0010-c_min3max81	3	1597	400	0	0.2	1	T198	T102	40
d-phlag_0010-c_min3max81	1517	83	400	0	0.2	5	T129	T57	11
d-phlag_0010-c_min3max81	992	408	433	167	0.3	2	T114	T186	50
d-phlag_0010-c_min3max81	1900	0	100	0	0.05	1	T16	T190	42
d-phlag_0010-c_min3max81	1688	12	2	298	0.15	3	T175	T76	36
d-phlag_0010-c_min3max81	1901	0	99	0	0.05	3	T167	T106	4
d-phlag_0010-c_min3max81	233	1367	400	0	0.2	1	T142	T10	17
d-phlag_0010-c_min3max81	0	1900	100	0	0.05	1	T199	T109	26
d-phlag_0010-c_min3max81	6	1894	100	0	0.05	1	T175	T194	41
d-phlag_0010-c_min3max81	1800	0	4	196	0.1	2	T140	T194	48
d-phlag_0010-c_min3max81	1400	0	0	600	0.3	1	T51	T80	35
d-phlag_0010-c_min3max81	34	1867	98	1	0.05	3	T114	T60	18
d-phlag_0010-c_min3max81	1900	0	100	0	0.05	2	T37	T28	11
d-phlag_0010-c_min3max81	0	1800	200	0	0.1	1	T88	T49	21
d-phlag_0010-c_min3max81	0	1500	0	500	0.25	1	T58	T103	21
d-phlag_0010-c_min3max81	8	1494	497	1	0.25	3	T7	T19	26
d-phlag_0010-c_min3max81	5	1495	500	0	0.25	2	T188	T47	18
d-phlag_0010-c_min3max81	7	1793	200	0	0.1	1	T138	T147	38
d-phlag_0010-c_min3max81	1800	0	200	0	0.1	1	T2	T176	20
d-phlag_0010-c_min3max81	1700	0	0	300	0.15	1	T158	T11	36
d-phlag_0010-c_min3max81	1592	108	300	0	0.15	2	T82	T155	42
d-phlag_0010-c_min3max81	4	1798	198	0	0.1	3	T174	T115	28
d-phlag_0010-c_min3max81	1734	167	99	0	0.05	3	T184	T189	26
d-phlag_0010-c_min3max81	1497	3	0	500	0.25	1	T50	T1	14
d-phlag_0010-c_min3max81	1800	0	0	200	0.1	1	T101	T107	17
d-phlag_0010-c_min3max81	1400	0	600	0	0.3	1	T16	T49	9
d-phlag_0010-c_min3max81	14	1586	400	0	0.2	1	T78	T150	47
d-phlag_0010-c_min3max81	1676	24	13	287	0.15	3	T25	T56	7
d-phlag_0010-c_min3max81	1326	174	0	500	0.25	1	T197	T161	39
d-phlag_0010-c_min3max81	1109	393	372	126	0.25	3	T139	T123	27
d-phlag_0010-c_min3max81	1400	0	0	600	0.3	1	T57	T86	32
d-phlag_0010-c_min3max81	1901	0	99	0	0.05	3	T57	T177	43
d-phlag_0010-c_min3max81	1802	0	198	0	0.1	3	T20	T59	28
d-phlag_0010-c_min3max81	1696	4	116	184	0.15	2	T172	T49	22
d-phlag_0010-c_min3max81	1668	132	189	11	0.1	1	T12	T36	3
d-phlag_0010-c_min3max81	1900	0	100	0	0.05	1	T192	T23	48
d-phlag_0010-c_min3max81	15	1785	200	0	0.1	1	T161	T158	8
d-phlag_0010-c_min3max81	1900	0	100	0	0.05	1	T20	T59	28
d-phlag_0010-c_min3max81	1316	484	0	200	0.1	1	T38	T181	50
d-phlag_0010-c_min3max81	1700	0	0	300	0.15	2	T128	T77	35
d-phlag_0010-c_min3max81	1694	6	0	300	0.15	2	T29	T187	29
d-phlag_0010-c_min3max81	1461	39	0	500	0.25	1	T119	T198	9
d-phlag_0010-c_min3max81	0	1500	500	0	0.25	2	T117	T95	31
d-phlag_0010-c_min3max81	1700	0	4	296	0.15	2	T20	T124	35
d-phlag_0010-c_min3max81	1601	0	4	395	0.2	3	T171	T77	31
d-phlag_0010-c_min3max81	0	1800	199	1	0.1	2	T64	T39	15
d-phlag_0010-c_min3max81	1600	0	400	0	0.2	2	T139	T115	38
d-phlag_0010-c_min3max81	11	1689	299	1	0.15	2	T77	T112	41
d-phlag_0010-c_min3max81	2	1598	400	0	0.2	2	T165	T132	7
d-phlag_0010-c_min3max81	0	1500	500	0	0.25	1	T127	T105	37
d-phlag_0010-c_min3max81	25	1575	400	0	0.2	2	T117	T95	31
d-phlag_0010-c_min3max81	6	1894	100	0	0.05	2	T194	T198	20
d-phlag_0010-c_min3max81	1800	0	200	0	0.1	2	T193	T127	10
d-phlag_0010-c_min3max81	1799	3	3	195	0.1	3	T4	T127	47
d-phlag_0010-c_min3max81	12	1388	598	2	0.3	2	T146	T99	23
d-phlag_0010-c_min3max81	9	1691	296	4	0.15	3	T7	T19	26
d-phlag_0010-c_min3max81	1756	144	1	99	0.05	4	T173	T48	9
d-phlag_0010-c_min3max81	1387	13	0	600	0.3	1	T114	T140	37
d-phlag_0010-c_min3max81	14	1386	592	8	0.3	4	T13	T7	47
d-phlag_0010-c_min3max81	1696	4	7	293	0.15	3	T197	T176	4
d-phlag_0010-c_min3max81	400	1400	200	0	0.1	2	T72	T198	18
d-phlag_0010-c_min3max81	25	1775	197	3	0.1	4	T109	T111	10
d-phlag_0010-c_min3max81	10	1490	497	3	0.25	2	T86	T61	13
d-phlag_0010-c_min3max81	1633	267	100	0	0.05	4	T140	T194	48
d-phlag_0010-c_min3max81	1592	9	1	398	0.2	3	T29	T187	29
d-phlag_0010-c_min3max81	4	1696	300	0	0.15	1	T2	T60	39
d-phlag_0010-c_min3max81	7	1693	300	0	0.15	1	T166	T177	30
d-phlag_0010-c_min3max81	1699	1	5	295	0.15	2	T136	T110	31
d-phlag_0010-c_min3max81	1600	0	0	400	0.2	1	T108	T4	8
d-phlag_0010-c_min3max81	0	1802	0	198	0.1	3	T129	T57	11
d-phlag_0010-c_min3max81	1700	0	300	0	0.15	1	T106	T156	39
d-phlag_0010-c_min3max81	1900	0	100	0	0.05	1	T27	T24	14
d-phlag_0010-c_min3max81	1800	0	200	0	0.1	2	T47	T72	31
d-phlag_0010-c_min3max81	1547	53	7	393	0.2	2	T197	T176	4
d-phlag_0010-c_min3max81	453	1447	100	0	0.05	2	T57	T86	32
d-phlag_0010-c_min3max81	1800	0	1	199	0.1	1	T128	T160	5
d-phlag_0010-c_min3max81	0	1700	300	0	0.15	2	T194	T198	20
d-phlag_0010-c_min3max81	1600	0	0	400	0.2	1	T73	T127	40
d-phlag_0010-c_min3max81	1796	105	1	98	0.05	3	T130	T177	42
d-phlag_0010-c_min3max81	54	1547	399	0	0.2	3	T34	T40	42
d-phlag_0010-c_min3max81	1389	11	5	595	0.3	2	T7	T68	41
d-phlag_0010-c_min3max81	1	1599	399	1	0.2	1	T151	T102	1
d-phlag_0010-c_min3max81	1400	0	600	0	0.3	1	T70	T115	5
d-phlag_0010-c_min3max81	3	1397	600	0	0.3	2	T77	T112	41
d-phlag_0010-c_min3max81	1400	0	0	600	0.3	1	T96	T105	47
d-phlag_0010-c_min3max81	2	1599	399	0	0.2	3	T86	T61	13
d-phlag_0010-c_min3max81	1600	0	74	326	0.2	2	T76	T57	35
d-phlag_0010-c_min3max81	1840	60	0	100	0.05	2	T73	T198	18
d-phlag_0010-c_min3max81	1670	30	300	0	0.15	2	T172	T111	6
d-phlag_0010-c_min3max81	1390	10	0	600	0.3	1	T41	T190	23
d-phlag_0010-c_min3max81	0	1400	600	0	0.3	2	T159	T8	49
d-phlag_0010-c_min3max81	38	1662	300	0	0.15	3	T87	T186	16
d-phlag_0010-c_min3max81	1800	0	200	0	0.1	1	T76	T57	35
d-phlag_0010-c_min3max81	1583	17	400	0	0.2	2	T126	T117	39
d-phlag_0010-c_min3max81	0	1400	600	0	0.3	1	T67	T68	29
d-phlag_0010-c_min3max81	1421	381	185	13	0.1	3	T41	T97	24
d-phlag_0010-c_min3max81	2	1898	100	0	0.05	2	T118	T48	32
d-phlag_0010-c_min3max81	0	1800	0	200	0.1	5	T180	T192	2
d-phlag_0010-c_min3max81	1700	0	300	0	0.15	2	T48	T185	32
d-phlag_0010-c_min3max81	1392	8	3	597	0.3	1	T44	T178	12
d-phlag_0010-c_min3max81	3	1497	500	0	0.25	2	T195	T176	34
d-phlag_0010-c_min3max81	1900	0	100	0	0.05	2	T36	T83	35
d-phlag_0010-c_min3max81	1291	409	283	17	0.15	2	T58	T16	44
d-phlag_0010-c_min3max81	1478	22	2	498	0.25	1	T146	T99	23
d-phlag_0010-c_min3max81	1693	7	10	290	0.15	1	T19	T7	25
d-phlag_0010-c_min3max81	1800	0	200	0	0.1	2	T37	T28	11
d-phlag_0010-c_min3max81	1900	1	2	97	0.05	3	T73	T179	46
d-phlag_0010-c_min3max81	0	1700	300	0	0.15	1	T138	T132	9
d-phlag_0010-c_min3max81	1720	180	94	6	0.05	2	T172	T69	45
d-phlag_0010-c_min3max81	0	1900	100	0	0.05	2	T88	T49	21
d-phlag_0010-c_min3max81	1800	0	0	200	0.1	1	T77	T112	41
d-phlag_0010-c_min3max81	1561	39	345	55	0.2	2	T6	T112	2
d-phlag_0010-c_min3max81	1697	3	90	210	0.15	4	T100	T97	31
d-phlag_0010-c_min3max81	4	1496	500	0	0.25	2	T88	T49	21
d-phlag_0010-c_min3max81	4	1796	200	0	0.1	2	T17	T127	17
d-phlag_0010-c_min3max81	1325	75	1	599	0.3	3	T185	T6	9
d-phlag_0010-c_min3max81	1765	35	200	0	0.1	2	T113	T29	36
d-phlag_0010-c_min3max81	1800	0	200	0	0.1	2	T30	T83	35
d-phlag_0010-c_min3max81	0	1900	100	0	0.05	2	T117	T137	40
d-phlag_0010-c_min3max81	1	1501	498	0	0.25	3	T200	T123	30
d-phlag_0010-c_min3max81	1699	1	1	299	0.15	1	T102	T113	10
d-phlag_0010-c_min3max81	328	1272	0	400	0.2	2	T191	T91	3
d-phlag_0010-c_min3max81	6	1894	98	2	0.05	2	T135	T177	4
d-phlag_0010-c_min3max81	10	1890	100	0	0.05	2	T131	T102	21
d-phlag_0010-c_min3max81	1558	42	4	396	0.2	2	T153	T30	29
d-phlag_0010-c_min3max81	1	1699	300	0	0.15	3	T131	T102	21
d-phlag_0010-c_min3max81	1599	1	2	398	0.2	1	T27	T15	47
d-phlag_0010-c_min3max81	1493	7	485	15	0.25	1	T97	T32	13
d-phlag_0010-c_min3max81	0	1800	0	200	0.1	1	T192	T160	44
d-phlag_0010-c_min3max81	1699	1	0	300	0.15	2	T149	T105	31
d-phlag_0010-c_min3max81	0	1500	500	0	0.25	2	T62	T40	20
d-phlag_0010-c_min3max81	1419	81	5	495	0.25	2	T132	T61	32
d-phlag_0010-c_min3max81	1502	0	498	0	0.25	3	T118	T78	17
d-phlag_0010-c_min3max81	1900	0	100	0	0.05	1	T63	T46	7
d-phlag_0010-c_min3max81	1400	0	600	0	0.3	4	T129	T95	46
d-phlag_0010-c_min3max81	1574	26	400	0	0.2	2	T145	T94	8
d-phlag_0010-c_min3max81	0	1700	300	0	0.15	1	T181	T21	47
d-phlag_0010-c_min3max81	7	1493	500	0	0.25	2	T71	T144	11
d-phlag_0010-c_min3max81	11	1789	198	2	0.1	2	T27	T15	47
d-phlag_0010-c_min3max81	12	1588	400	0	0.2	2	T23	T195	39
d-phlag_0010-c_min3max81	3	1397	600	0	0.3	5	T121	T93	5
d-phlag_0010-c_min3max81	1601	0	399	0	0.2	3	T50	T148	10
d-phlag_0010-c_min3max81	1800	0	200	0	0.1	5	T131	T67	38
d-phlag_0010-c_min3max81	0	1500	500	0	0.25	2	T139	T88	43
d-phlag_0010-c_min3max81	1586	14	2	398	0.2	1	T86	T133	46
d-phlag_0010-c_min3max81	14	1486	500	0	0.25	2	T56	T28	28
d-phlag_0010-c_min3max81	1900	0	100	0	0.05	2	T44	T178	12
d-phlag_0010-c_min3max81	38	1662	300	0	0.15	2	T7	T68	41
d-phlag_0010-c_min3max81	27	1473	498	2	0.25	1	T18	T11	48
d-phlag_0010-c_min3max81	1900	0	100	0	0.05	1	T48	T148	12
d-phlag_0010-c_min3max81	1209	291	500	0	0.25	4	T193	T127	10
d-phlag_0010-c_min3max81	1700	0	300	0	0.15	2	T169	T25	5
d-phlag_0010-c_min3max81	0	1800	200	0	0.1	1	T118	T48	32
d-phlag_0010-c_min3max81	1788	12	0	200	0.1	1	T114	T60	18
d-phlag_0010-c_min3max81	0	1500	500	0	0.25	1	T167	T124	33
d-phlag_0010-c_min3max81	1495	5	68	432	0.25	2	T15	T112	17
d-phlag_0010-c_min3max81	1788	12	0	200	0.1	1	T172	T49	22
d-phlag_0010-c_min3max81	1199	301	363	137	0.25	1	T134	T88	24
d-phlag_0010-c_min3max81	889	1012	99	0	0.05	3	T136	T110	31
d-phlag_0010-c_min3max81	0	1500	457	43	0.25	2	T72	T138	44
d-phlag_0010-c_min3max81	1500	0	0	500	0.25	1	T33	T31	19
d-phlag_0010-c_min3max81	40	1460	500	0	0.25	1	T13	T161	23
d-phlag_0010-c_min3max81	1600	0	0	400	0.2	1	T85	T79	31
d-phlag_0010-c_min3max81	1405	495	95	5	0.05	1	T19	T145	50
d-phlag_0010-c_min3max81	18	1583	399	0	0.2	3	T171	T24	37
d-phlag_0010-c_min3max81	9	1491	496	4	0.25	4	T24	T150	34
d-phlag_0010-c_min3max81	1178	324	305	193	0.25	3	T144	T28	44
d-phlag_0010-c_min3max81	1389	11	31	569	0.3	5	T133	T156	49
d-phlag_0010-c_min3max81	4	1396	599	1	0.3	1	T69	T199	8
d-phlag_0010-c_min3max81	1500	0	1	499	0.25	2	T98	T46	13
d-phlag_0010-c_min3max81	0	1500	500	0	0.25	2	T136	T105	40
d-phlag_0010-c_min3max81	1473	29	498	0	0.25	3	T130	T52	43
d-phlag_0010-c_min3max81	19	1381	598	2	0.3	3	T84	T13	33
d-phlag_0010-c_min3max81	0	1700	300	0	0.15	1	T93	T77	36
d-phlag_0010-c_min3max81	0	1600	400	0	0.2	1	T70	T151	14
d-phlag_0010-c_min3max81	38	1863	99	0	0.05	3	T191	T198	16
d-phlag_0010-c_min3max81	1500	0	500	0	0.25	1	T2	T176	20
d-phlag_0010-c_min3max81	1596	4	2	398	0.2	1	T50	T1	14
d-phlag_0010-c_min3max81	4	1496	500	0	0.25	2	T17	T198	23
d-phlag_0010-c_min3max81	1032	468	338	162	0.25	1	T85	T19	44
d-phlag_0010-c_min3max81	0	1500	500	0	0.25	2	T128	T160	5
d-phlag_0010-c_min3max81	1694	6	1	299	0.15	5	T192	T52	31
d-phlag_0010-c_min3max81	1600	0	36	364	0.2	1	T144	T46	7
d-phlag_0010-c_min3max81	0	1400	600	0	0.3	1	T104	T184	19
d-phlag_0010-c_min3max81	1293	107	0	600	0.3	4	T9	T199	45
d-phlag_0010-c_min3max81	1794	6	200	0	0.1	1	T101	T126	4
d-phlag_0010-c_min3max81	10	1690	299	1	0.15	3	T151	T183	29
d-phlag_0010-c_min3max81	1502	0	498	0	0.25	3	T179	T163	46
d-phlag_0010-c_min3max81	1893	7	79	21	0.05	4	T106	T158	43
d-phlag_0010-c_min3max81	1134	467	1	398	0.2	3	T19	T145	50
d-phlag_0010-c_min3max81	0	1900	99	1	0.05	1	T127	T105	37
d-phlag_0010-c_min3max81	1461	39	445	55	0.25	1	T6	T112	2
d-phlag_0010-c_min3max81	960	440	365	235	0.3	3	T77	T87	27
d-phlag_0010-c_min3max81	0	1800	0	200	0.1	2	T85	T31	25
d-phlag_0010-c_min3max81	145	1657	198	0	0.1	3	T109	T71	42
d-phlag_0010-c_min3max81	0	1900	0	100	0.05	2	T90	T29	12
d-phlag_0010-c_min3max81	1700	0	3	297	0.15	1	T78	T150	47
d-phlag_0010-c_min3max81	1900	0	12	88	0.05	1	T65	T181	22
d-phlag_0010-c_min3max81	1	1899	100	0	0.05	1	T2	T60	39
d-phlag_0010-c_min3max81	1799	1	9	191	0.1	2	T7	T15	49
d-phlag_0010-c_min3max81	2	1598	400	0	0.2	1	T174	T115	28
d-phlag_0010-c_min3max81	0	1502	0	498	0.25	3	T103	T190	12
d-phlag_0010-c_min3max81	12	1488	496	4	0.25	1	T113	T15	49
d-phlag_0010-c_min3max81	15	1785	200	0	0.1	1	T179	T106	9
d-phlag_0010-c_min3max81	0	1400	600	0	0.3	2	T99	T180	26
d-phlag_0010-c_min3max81	1581	119	1	299	0.15	1	T130	T4	9
d-phlag_0010-c_min3max81	1800	0	200	0	0.1	2	T2	T142	34
d-phlag_0010-c_min3max81	1139	561	202	98	0.15	4	T9	T123	27
d-phlag_0010-c_min3max81	1789	13	14	184	0.1	3	T57	T44	14
d-phlag_0010-c_min3max81	1700	0	1	299	0.15	1	T133	T156	49
d-phlag_0010-c_min3max81	1400	0	600	0	0.3	1	T182	T200	33
d-phlag_0010-c_min3max81	0	1400	600	0	0.3	1	T115	T171	15
d-phlag_0010-c_min3max81	0	1400	600	0	0.3	3	T169	T170	2
d-phlag_0010-c_min3max81	0	1400	600	0	0.3	1	T126	T142	22
d-phlag_0010-c_min3max81	1794	8	1	197	0.1	3	T1	T117	30
d-phlag_0010-c_min3max81	0	1400	599	1	0.3	2	T70	T42	16
d-phlag_0010-c_min3max81	1372	28	0	600	0.3	1	T20	T59	28
d-phlag_0010-c_min3max81	949	451	466	134	0.3	4	T125	T69	44
d-phlag_0010-c_min3max81	1600	0	400	0	0.2	4	T71	T37	10
d-phlag_0010-c_min3max81	1387	13	0	600	0.3	2	T101	T55	1
d-phlag_0010-c_min3max81	1900	0	100	0	0.05	2	T6	T118	21
d-phlag_0010-c_min3max81	1695	5	21	279	0.15	4	T28	T86	32
d-phlag_0010-c_min3max81	1900	0	100	0	0.05	2	T15	T6	22
d-phlag_0010-c_min3max81	0	1700	0	300	0.15	1	T29	T32	46
d-phlag_0010-c_min3max81	0	1900	100	0	0.05	1	T44	T128	25
d-phlag_0010-c_min3max81	1700	0	300	0	0.15	3	T76	T108	32
d-phlag_0010-c_min3max81	1893	7	1	99	0.05	4	T32	T188	26
d-phlag_0010-c_min3max81	1500	0	0	500	0.25	1	T200	T107	33
d-phlag_0010-c_min3max81	1600	0	400	0	0.2	1	T35	T120	12
d-phlag_0010-c_min3max81	1400	0	0	600	0.3	1	T158	T11	36
d-phlag_0010-c_min3max81	47	1453	500	0	0.25	4	T140	T194	48
d-phlag_0010-c_min3max81	1400	0	600	0	0.3	1	T142	T128	6
d-phlag_0010-c_min3max81	2	1598	400	0	0.2	5	T56	T28	28
d-phlag_0010-c_min3max81	1172	328	279	221	0.25	4	T89	T145	50
d-phlag_0010-c_min3max81	1246	554	81	119	0.1	1	T114	T186	50
d-phlag_0010-c_min3max81	1900	0	100	0	0.05	1	T96	T167	14
d-phlag_0010-c_min3max81	1601	0	399	0	0.2	3	T13	T87	5
d-phlag_0010-c_min3max81	20	1380	600	0	0.3	1	T28	T86	32
d-phlag_0010-c_min3max81	13	1787	199	1	0.1	1	T181	T154	49
d-phlag_0010-c_min3max81	1502	0	0	498	0.25	3	T35	T7	16
d-phlag_0010-c_min3max81	1478	22	500	0	0.25	2	T193	T143	30
d-phlag_0010-c_min3max81	0	1400	0	600	0.3	2	T145	T94	8
d-phlag_0010-c_min3max81	1598	2	5	395	0.2	1	T197	T161	39
d-phlag_0010-c_min3max81	0	1502	0	498	0.25	3	T148	T130	43
d-phlag_0010-c_min3max81	1698	2	36	264	0.15	5	T94	T180	11
d-phlag_0010-c_min3max81	1800	0	200	0	0.1	2	T57	T177	43
d-phlag_0010-c_min3max81	105	1295	590	10	0.3	6	T175	T76	36
d-phlag_0010-c_min3max81	1583	117	296	4	0.15	3	T12	T36	3
d-phlag_0010-c_min3max81	1495	7	1	497	0.25	3	T96	T105	47
d-phlag_0010-c_min3max81	1500	0	500	0	0.25	1	T82	T190	6
d-phlag_0010-c_min3max81	6	1794	200	0	0.1	1	T148	T86	25
d-phlag_0010-c_min3max81	8	1392	600	0	0.3	1	T98	T22	41
d-phlag_0010-c_min3max81	8	1794	198	0	0.1	3	T46	T70	1
d-phlag_0010-c_min3max81	0	1500	500	0	0.25	1	T44	T128	25
d-phlag_0010-c_min3max81	1236	364	334	66	0.2	1	T30	T188	44
d-phlag_0010-c_min3max81	1500	0	2	498	0.25	1	T50	T138	21
d-phlag_0010-c_min3max81	21	1379	597	3	0.3	2	T14	T180	4
d-phlag_0010-c_min3max81	1082	318	370	230	0.3	1	T150	T137	44
d-phlag_0010-c_min3max81	1900	0	100	0	0.05	5	T185	T142	34
d-phlag_0010-c_min3max81	1652	48	300	0	0.15	3	T178	T149	19
d-phlag_0010-c_min3max81	1799	1	23	177	0.1	2	T196	T8	26
d-phlag_0010-c_min3max81	1400	0	600	0	0.3	1	T6	T94	32
d-phlag_0010-c_min3max81	1600	0	400	0	0.2	2	T6	T118	21
d-phlag_0010-c_min3max81	6	1496	277	221	0.25	3	T90	T10	24
d-phlag_0010-c_min3max81	0	1600	400	0	0.2	1	T159	T119	22
d-phlag_0010-c_min3max81	0	1400	599	1	0.3	2	T109	T111	10
d-phlag_0010-c_min3max81	1700	0	300	0	0.15	1	T31	T191	25
d-phlag_0010-c_min3max81	1900	1	0	99	0.05	3	T71	T144	11
d-phlag_0010-c_min3max81	90	1310	600	0	0.3	3	T179	T106	9
d-phlag_0010-c_min3max81	0	1500	0	500	0.25	1	T29	T32	46
d-phlag_0010-c_min3max81	1453	447	0	100	0.05	1	T30	T188	44
d-phlag_0010-c_min3max81	20	1780	200	0	0.1	2	T20	T32	5
d-phlag_0010-c_min3max81	1792	108	100	0	0.05	2	T82	T155	42
d-phlag_0010-c_min3max81	3	1597	396	4	0.2	1	T181	T154	49
d-phlag_0010-c_min3max81	0	1900	99	1	0.05	2	T108	T86	6
d-phlag_0010-c_min3max81	1700	0	300	0	0.15	2	T171	T4	2
d-phlag_0010-c_min3max81	1900	0	3	97	0.05	1	T92	T64	49
d-phlag_0010-c_min3max81	1397	3	5	595	0.3	2	T7	T15	49
d-phlag_0010-c_min3max81	1581	19	8	392	0.2	1	T81	T36	13
d-phlag_0010-c_min3max81	0	1900	0	100	0.05	2	T136	T196	28
d-phlag_0010-c_min3max81	0	1900	100	0	0.05	2	T200	T123	30
d-phlag_0010-c_min3max81	1627	173	169	31	0.1	1	T172	T69	45
d-phlag_0010-c_min3max81	1800	0	200	0	0.1	2	T38	T46	33
d-phlag_0010-c_min3max81	1452	50	21	477	0.25	3	T109	T76	36
d-phlag_0010-c_min3max81	1627	173	200	0	0.1	1	T18	T5	33
d-phlag_0010-c_min3max81	1900	0	1	99	0.05	1	T13	T7	47
d-phlag_0010-c_min3max81	1900	0	100	0	0.05	1	T100	T97	31
d-phlag_0010-c_min3max81	1499	1	0	500	0.25	1	T57	T160	17
d-phlag_0010-c_min3max81	15	1485	496	4	0.25	2	T198	T101	10
d-phlag_0010-c_min3max81	1399	1	26	574	0.3	2	T96	T167	14
d-phlag_0010-c_min3max81	1900	0	100	0	0.05	1	T159	T58	33
d-phlag_0010-c_min3max81	1585	15	6	394	0.2	4	T57	T160	17
d-phlag_0010-c_min3max81	1158	542	300	0	0.15	2	T126	T100	21
d-phlag_0010-c_min3max81	15	1585	399	1	0.2	2	T60	T59	31
d-phlag_0010-c_min3max81	922	478	334	266	0.3	2	T17	T30	27
d-phlag_0010-c_min3max81	0	1601	0	399	0.2	3	T29	T32	46
d-phlag_0010-c_min3max81	1255	145	209	391	0.3	2	T32	T37	45
d-phlag_0010-c_min3max81	0	1900	100	0	0.05	5	T127	T134	40
d-phlag_0010-c_min3max81	29	1371	599	1	0.3	3	T139	T88	43
d-phlag_0010-c_min3max81	1800	0	200	0	0.1	2	T107	T167	8
d-phlag_0010-c_min3max81	14	1686	297	3	0.15	2	T37	T24	2
d-phlag_0010-c_min3max81	1250	450	225	75	0.15	1	T105	T80	27
d-phlag_0010-c_min3max81	1663	37	5	295	0.15	2	T20	T106	3
d-phlag_0010-c_min3max81	93	1607	0	300	0.15	1	T6	T128	16
d-phlag_0010-c_min3max81	0	1600	400	0	0.2	1	T56	T112	49
d-phlag_0010-c_min3max81	7	1393	600	0	0.3	1	T200	T151	14
d-phlag_0010-c_min3max81	1500	0	500	0	0.25	4	T23	T171	10
d-phlag_0010-c_min3max81	1600	0	400	0	0.2	1	T139	T175	47
d-phlag_0010-c_min3max81	1400	0	600	0	0.3	2	T126	T117	39
d-phlag_0010-c_min3max81	16	1585	399	0	0.2	3	T140	T194	48
d-phlag_0010-c_min3max81	1	1600	399	0	0.2	3	T172	T179	46
d-phlag_0010-c_min3max81	89	1611	298	2	0.15	4	T25	T57	1
d-phlag_0010-c_min3max81	1197	403	284	116	0.2	1	T125	T69	44
d-phlag_0010-c_min3max81	10	1690	300	0	0.15	3	T154	T107	48
d-phlag_0010-c_min3max81	1800	0	200	0	0.1	4	T88	T120	12
d-phlag_0010-c_min3max81	3	1497	498	2	0.25	1	T88	T180	19
d-phlag_0010-c_min3max81	1600	0	400	0	0.2	2	T136	T144	8
d-phlag_0010-c_min3max81	1788	12	0	200	0.1	1	T104	T131	1
d-phlag_0010-c_min3max81	1400	0	0	600	0.3	1	T7	T30	32
d-phlag_0010-c_min3max81	2	1398	600	0	0.3	3	T159	T119	22
d-phlag_0010-c_min3max81	11	1689	278	22	0.15	2	T96	T167	14
d-phlag_0010-c_min3max81	1500	0	500	0	0.25	2	T67	T22	3
d-phlag_0010-c_min3max81	35	1866	99	0	0.05	3	T102	T158	16
d-phlag_0010-c_min3max81	1900	0	100	0	0.05	1	T1	T117	30
d-phlag_0010-c_min3max81	1898	3	6	93	0.05	3	T107	T17	29
d-phlag_0010-c_min3max81	1714	86	196	4	0.1	2	T191	T91	3
d-phlag_0010-c_min3max81	1132	568	176	124	0.15	2	T77	T87	27
d-phlag_0010-c_min3max81	4	1496	500	0	0.25	1	T151	T102	1
d-phlag_0010-c_min3max81	136	1464	399	1	0.2	2	T53	T158	43
d-phlag_0010-c_min3max81	1904	0	96	0	0.05	6	T102	T113	10
d-phlag_0010-c_min3max81	30	1770	197	3	0.1	2	T159	T58	33
d-phlag_0010-c_min3max81	1	1799	200	0	0.1	1	T4	T5	22
d-phlag_0010-c_min3max81	1093	507	247	153	0.2	2	T193	T33	50
d-phlag_0010-c_min3max81	1700	0	4	296	0.15	1	T49	T114	30
d-phlag_0010-c_min3max81	5	1395	600	0	0.3	2	T108	T137	11
d-phlag_0010-c_min3max81	1328	472	0	200	0.1	2	T89	T145	50
d-phlag_0010-c_min3max81	1150	450	295	105	0.2	1	T134	T88	24
d-phlag_0010-c_min3max81	16	1786	198	0	0.1	3	T172	T179	46
d-phlag_0010-c_min3max81	1699	1	2	298	0.15	1	T59	T136	28
d-phlag_0010-c_min3max81	769	1131	100	0	0.05	2	T143	T121	35
d-phlag_0010-c_min3max81	1499	1	0	500	0.25	2	T23	T195	39
d-phlag_0010-c_min3max81	1400	0	428	172	0.3	2	T139	T115	38
d-phlag_0010-c_min3max81	1173	427	0	400	0.2	1	T118	T90	50
d-phlag_0010-c_min3max81	1451	49	3	497	0.25	2	T153	T30	29
d-phlag_0010-c_min3max81	1700	0	0	300	0.15	1	T70	T7	17
d-phlag_0010-c_min3max81	1111	389	0	500	0.25	5	T136	T75	50
d-phlag_0010-c_min3max81	1195	307	332	166	0.25	3	T16	T97	15
d-phlag_0010-c_min3max81	51	1449	500	0	0.25	1	T141	T66	42
d-phlag_0010-c_min3max81	0	1802	0	198	0.1	3	T68	T126	37
d-phlag_0010-c_min3max81	1025	775	125	75	0.1	2	T18	T89	27
d-phlag_0010-c_min3max81	1491	11	3	495	0.25	3	T86	T59	43
d-phlag_0010-c_min3max81	1395	5	0	600	0.3	1	T63	T46	7
d-phlag_0010-c_min3max81	1711	189	0	100	0.05	2	T47	T130	45
d-phlag_0010-c_min3max81	1900	0	100	0	0.05	2	T184	T14	42
d-phlag_0010-c_min3max81	1601	0	399	0	0.2	3	T171	T4	2
d-phlag_0010-c_min3max81	1497	3	0	500	0.25	1	T177	T124	35
d-phlag_0010-c_min3max81	1796	6	3	195	0.1	3	T96	T105	47
d-phlag_0010-c_min3max81	1380	20	0	600	0.3	1	T153	T30	29
d-phlag_0010-c_min3max81	1683	117	0	200	0.1	1	T130	T177	42
d-phlag_0010-c_min3max81	1789	13	198	0	0.1	3	T197	T176	4
d-phlag_0010-c_min3max81	1700	0	300	0	0.15	2	T37	T28	11
d-phlag_0010-c_min3max81	1695	5	42	258	0.15	1	T13	T160	37
d-phlag_0010-c_min3max81	0	1600	400	0	0.2	2	T94	T171	34
d-phlag_0010-c_min3max81	1357	43	0	600	0.3	1	T27	T24	14
d-phlag_0010-c_min3max81	1325	75	600	0	0.3	1	T2	T176	20
d-phlag_0010-c_min3max81	1233	567	200	0	0.1	2	T47	T32	26
d-phlag_0010-c_min3max81	2	1598	400	0	0.2	2	T67	T68	29
d-phlag_0010-c_min3max81	14	1788	198	0	0.1	6	T10	T8	1
d-phlag_0010-c_min3max81	1798	2	7	193	0.1	1	T151	T183	29
d-phlag_0010-c_min3max81	1549	52	314	85	0.2	3	T113	T29	36
d-phlag_0010-c_min3max81	1600	0	0	400	0.2	2	T20	T124	35
d-phlag_0010-c_min3max81	2	1898	100	0	0.05	1	T51	T110	40
d-phlag_0010-c_min3max81	1500	0	1	499	0.25	2	T53	T162	11
d-phlag_0010-c_min3max81	1597	3	18	382	0.2	2	T16	T190	42
d-phlag_0010-c_min3max81	9	1591	400	0	0.2	1	T48	T177	28
d-phlag_0010-c_min3max81	1391	9	7	593	0.3	2	T14	T40	34
d-phlag_0010-c_min3max81	93	1507	0	400	0.2	2	T6	T128	16
d-phlag_0010-c_min3max81	6	1694	297	3	0.15	1	T177	T109	13
d-phlag_0010-c_min3max81	1900	0	100	0	0.05	2	T22	T11	29
d-phlag_0010-c_min3max81	1496	4	0	500	0.25	2	T130	T177	42
d-phlag_0010-c_min3max81	0	1700	300	0	0.15	1	T106	T158	8
d-phlag_0010-c_min3max81	1399	1	0	600	0.3	2	T33	T31	19
d-phlag_0010-c_min3max81	1396	4	49	551	0.3	4	T142	T10	17
d-phlag_0010-c_min3max81	1108	292	8	592	0.3	3	T145	T172	44
d-phlag_0010-c_min3max81	1866	34	8	92	0.05	1	T8	T54	38
d-phlag_0010-c_min3max81	918	584	166	332	0.25	3	T181	T9	36
d-phlag_0010-c_min3max81	1497	5	0	498	0.25	3	T29	T187	29
d-phlag_0010-c_min3max81	1700	0	180	120	0.15	2	T17	T197	5
d-phlag_0010-c_min3max81	1583	17	204	196	0.2	2	T126	T100	21
d-phlag_0010-c_min3max81	11	1689	299	1	0.15	4	T117	T137	40
d-phlag_0010-c_min3max81	0	1500	500	0	0.25	1	T115	T171	15
d-phlag_0010-c_min3max81	1500	0	500	0	0.25	1	T101	T126	4
d-phlag_0010-c_min3max81	1360	440	116	84	0.1	4	T144	T28	44
d-phlag_0010-c_min3max81	0	1900	100	0	0.05	2	T101	T107	17
d-phlag_0010-c_min3max81	1400	0	3	597	0.3	1	T191	T161	39
d-phlag_0010-c_min3max81	0	1600	0	400	0.2	2	T58	T103	21
d-phlag_0010-c_min3max81	1700	0	0	300	0.15	1	T125	T141	18
d-phlag_0010-c_min3max81	9	1391	600	0	0.3	2	T46	T70	1
d-phlag_0010-c_min3max81	11	1389	600	0	0.3	1	T10	T8	1
d-phlag_0010-c_min3max81	30	1772	198	0	0.1	3	T71	T144	20
d-phlag_0010-c_min3max81	0	1700	300	0	0.15	1	T174	T115	28
d-phlag_0010-c_min3max81	1500	0	0	500	0.25	1	T158	T11	36
d-phlag_0010-c_min3max81	0	1700	300	0	0.15	2	T94	T171	34
d-phlag_0010-c_min3max81	13	1387	596	4	0.3	2	T8	T54	38
d-phlag_0010-c_min3max81	1728	72	200	0	0.1	1	T125	T141	18
d-phlag_0010-c_min3max81	12	1488	500	0	0.25	2	T187	T11	14
d-phlag_0010-c_min3max81	1394	6	364	236	0.3	4	T138	T99	25
d-phlag_0010-c_min3max81	1558	42	0	400	0.2	2	T166	T34	28
d-phlag_0010-c_min3max81	1400	0	600	0	0.3	1	T193	T113	14
d-phlag_0010-c_min3max81	1375	25	17	583	0.3	2	T173	T48	9
d-phlag_0010-c_min3max81	1600	0	400	0	0.2	2	T30	T47	37
d-phlag_0010-c_min3max81	3	1797	200	0	0.1	2	T111	T137	11
d-phlag_0010-c_min3max81	1700	0	0	300	0.15	1	T121	T93	5
d-phlag_0010-c_min3max81	1861	39	1	99	0.05	2	T57	T196	42
d-phlag_0010-c_min3max81	13	1587	400	0	0.2	2	T52	T29	6
d-phlag_0010-c_min3max81	1465	35	250	250	0.25	2	T14	T148	10
d-phlag_0010-c_min3max81	9	1891	100	0	0.05	2	T46	T70	1
d-phlag_0010-c_min3max81	1800	0	0	200	0.1	2	T139	T159	15
d-phlag_0010-c_min3max81	1400	0	0	600	0.3	1	T29	T187	29
d-phlag_0050-c_min3max25-r	1500	0	500	0	0.25	1	T10	T30	10
d-phlag_0050-c_min3max25-r	1900	0	100	0	0.05	1	T88	T120	12
d-phlag_0050-c_min3max25-r	1824	76	0	100	0.05	1	T114	T140	37
d-phlag_0050-c_min3max25-r	1800	0	200	0	0.1	2	T118	T78	17
d-phlag_0050-c_min3max25-r	1700	0	0	300	0.15	1	T119	T198	9
d-phlag_0050-c_min3max25-r	1891	9	0	100	0.05	2	T8	T13	35
d-phlag_0050-c_min3max25-r	1500	2	1	497	0.25	3	T54	T121	30
d-phlag_0050-c_min3max25-r	1500	0	500	0	0.25	4	T137	T3	18
d-phlag_0050-c_min3max25-r	1327	73	0	600	0.3	3	T115	T44	46
d-phlag_0050-c_min3max25-r	1700	0	300	0	0.15	1	T148	T130	43
d-phlag_0050-c_min3max25-r	1600	0	400	0	0.2	1	T100	T97	31
d-phlag_0050-c_min3max25-r	1600	0	0	400	0.2	2	T200	T123	30
d-phlag_0050-c_min3max25-r	1189	211	446	154	0.3	2	T90	T10	24
d-phlag_0050-c_min3max25-r	1332	468	118	82	0.1	1	T151	T134	24
d-phlag_0050-c_min3max25-r	1886	14	9	91	0.05	1	T193	T127	10
d-phlag_0050-c_min3max25-r	1598	3	8	391	0.2	3	T102	T113	10
d-phlag_0050-c_min3max25-r	1900	1	2	97	0.05	3	T106	T158	8
d-phlag_0050-c_min3max25-r	1792	10	0	198	0.1	3	T50	T138	21
d-phlag_0050-c_min3max25-r	1337	163	63	437	0.25	4	T105	T136	49
d-phlag_0050-c_min3max25-r	1601	0	399	0	0.2	3	T181	T9	36
d-phlag_0050-c_min3max25-r	1388	12	28	572	0.3	2	T106	T158	43
d-phlag_0050-c_min3max25-r	1597	103	0	300	0.15	1	T113	T29	36
d-phlag_0050-c_min3max25-r	1698	2	4	296	0.15	1	T166	T34	28
d-phlag_0050-c_min3max25-r	1188	614	98	100	0.1	3	T46	T167	27
d-phlag_0050-c_min3max25-r	1600	0	0	400	0.2	1	T51	T91	47
d-phlag_0050-c_min3max25-r	1086	314	488	112	0.3	4	T85	T19	44
d-phlag_0050-c_min3max25-r	1897	3	0	100	0.05	1	T52	T29	6
d-phlag_0050-c_min3max25-r	1398	2	0	600	0.3	1	T24	T115	23
d-phlag_0050-c_min3max25-r	1600	0	400	0	0.2	1	T137	T102	43
d-phlag_0050-c_min3max25-r	1569	332	83	16	0.05	3	T144	T28	44
d-phlag_0050-c_min3max25-r	1900	0	100	0	0.05	2	T71	T37	10
d-phlag_0050-c_min3max25-r	1600	0	58	342	0.2	2	T141	T66	42
d-phlag_0050-c_min3max25-r	1500	0	8	492	0.25	1	T107	T17	29
d-phlag_0050-c_min3max25-r	1502	0	0	498	0.25	3	T133	T140	7
d-phlag_0050-c_min3max25-r	1700	0	0	300	0.15	1	T84	T104	46
d-phlag_0050-c_min3max25-r	1800	0	200	0	0.1	2	T124	T144	29
d-phlag_0050-c_min3max25-r	1769	131	0	100	0.05	2	T185	T6	9
d-phlag_0050-c_min3max25-r	1400	0	2	598	0.3	2	T108	T86	6
d-phlag_0050-c_min3max25-r	1800	0	200	0	0.1	1	T15	T112	17
d-phlag_0050-c_min3max25-r	1800	0	200	0	0.1	1	T48	T185	32
d-phlag_0050-c_min3max25-r	1600	0	400	0	0.2	1	T37	T28	11
d-phlag_0050-c_min3max25-r	1599	1	0	400	0.2	1	T114	T152	3
d-phlag_0050-c_min3max25-r	1700	0	300	0	0.15	2	T137	T102	43
d-phlag_0050-c_min3max25-r	1700	0	300	0	0.15	1	T58	T103	21
d-phlag_0050-c_min3max25-r	1600	0	400	0	0.2	1	T96	T167	14
d-phlag_0050-c_min3max25-r	1800	0	200	0	0.1	2	T116	T22	3
d-phlag_0050-c_min3max25-r	1600	0	8	392	0.2	1	T7	T68	41
d-phlag_0050-c_min3max25-r	1481	19	0	500	0.25	1	T14	T180	4
d-phlag_0050-c_min3max25-r	1798	2	0	200	0.1	1	T20	T124	35
d-phlag_0050-c_min3max25-r	1800	0	0	200	0.1	4	T133	T140	7
d-phlag_0050-c_min3max25-r	1400	0	2	598	0.3	2	T192	T68	26
d-phlag_0050-c_min3max25-r	1601	0	399	0	0.2	3	T148	T130	43
d-phlag_0050-c_min3max25-r	1400	0	0	600	0.3	2	T165	T132	7
d-phlag_0050-c_min3max25-r	1696	4	0	300	0.15	1	T175	T194	41
d-phlag_0050-c_min3max25-r	1695	5	16	284	0.15	4	T54	T88	28
d-phlag_0050-c_min3max25-r	1800	0	0	200	0.1	1	T115	T171	15
d-phlag_0050-c_min3max25-r	1900	0	7	93	0.05	1	T168	T147	30
d-phlag_0050-c_min3max25-r	1399	1	0	600	0.3	1	T107	T198	19
d-phlag_0050-c_min3max25-r	1700	0	0	300	0.15	3	T149	T49	21
d-phlag_0050-c_min3max25-r	1796	4	1	199	0.1	2	T19	T7	25
d-phlag_0050-c_min3max25-r	1500	0	0	500	0.25	1	T12	T60	34
d-phlag_0050-c_min3max25-r	1598	2	0	400	0.2	1	T29	T116	20
d-phlag_0050-c_min3max25-r	1791	9	1	199	0.1	2	T13	T7	47
d-phlag_0050-c_min3max25-r	1600	0	400	0	0.2	1	T194	T41	19
d-phlag_0050-c_min3max25-r	1900	0	100	0	0.05	2	T177	T124	35
d-phlag_0050-c_min3max25-r	1800	0	200	0	0.1	1	T137	T102	43
d-phlag_0050-c_min3max25-r	1600	0	0	400	0.2	1	T91	T196	20
d-phlag_0050-c_min3max25-r	1700	0	300	0	0.15	1	T85	T31	25
d-phlag_0050-c_min3max25-r	1900	0	0	100	0.05	1	T90	T80	40
d-phlag_0050-c_min3max25-r	1495	7	1	497	0.25	3	T57	T86	32
d-phlag_0050-c_min3max25-r	1599	2	0	399	0.2	3	T137	T106	1
d-phlag_0050-c_min3max25-r	1292	608	70	30	0.05	2	T85	T19	44
d-phlag_0050-c_min3max25-r	1598	2	1	399	0.2	2	T59	T136	28
d-phlag_0050-c_min3max25-r	1500	0	24	476	0.25	1	T185	T6	9
d-phlag_0050-c_min3max25-r	1355	45	0	600	0.3	1	T111	T137	11
d-phlag_0050-c_min3max25-r	996	904	79	21	0.05	1	T136	T54	24
d-phlag_0050-c_min3max25-r	1502	0	498	0	0.25	3	T64	T181	41
d-phlag_0050-c_min3max25-r	1700	0	300	0	0.15	2	T150	T36	4
d-phlag_0050-c_min3max25-r	1583	17	0	400	0.2	2	T83	T62	47
d-phlag_0050-c_min3max25-r	1400	0	600	0	0.3	2	T16	T97	15
d-phlag_0050-c_min3max25-r	1700	0	300	0	0.15	1	T30	T47	37
d-phlag_0050-c_min3max25-r	1400	0	600	0	0.3	3	T131	T67	38
d-phlag_0050-c_min3max25-r	1489	11	0	500	0.25	2	T8	T54	38
d-phlag_0050-c_min3max25-r	1598	3	0	399	0.2	3	T12	T60	34
d-phlag_0050-c_min3max25-r	1470	30	500	0	0.25	2	T68	T111	6
d-phlag_0050-c_min3max25-r	1328	72	26	574	0.3	1	T172	T111	6
d-phlag_0050-c_min3max25-r	1600	0	0	400	0.2	1	T84	T13	33
d-phlag_0050-c_min3max25-r	1485	15	0	500	0.25	1	T17	T197	5
d-phlag_0050-c_min3max25-r	1900	0	100	0	0.05	1	T133	T156	49
d-phlag_0050-c_min3max25-r	1700	0	300	0	0.15	1	T15	T6	22
d-phlag_0050-c_min3max25-r	1502	0	0	498	0.25	3	T169	T170	2
d-phlag_0050-c_min3max25-r	1398	2	2	598	0.3	3	T157	T124	33
d-phlag_0050-c_min3max25-r	1575	26	1	398	0.2	3	T143	T121	35
d-phlag_0050-c_min3max25-r	1500	0	0	500	0.25	1	T198	T102	40
d-phlag_0050-c_min3max25-r	1800	0	200	0	0.1	1	T136	T196	28
d-phlag_0050-c_min3max25-r	1890	10	0	100	0.05	1	T139	T102	21
d-phlag_0050-c_min3max25-r	1900	1	0	99	0.05	3	T7	T68	41
d-phlag_0050-c_min3max25-r	1394	6	4	596	0.3	3	T68	T170	41
d-phlag_0050-c_min3max25-r	1587	14	1	398	0.2	3	T137	T116	39
d-phlag_0050-c_min3max25-r	1800	0	0	200	0.1	1	T85	T79	31
d-phlag_0050-c_min3max25-r	1396	4	2	598	0.3	2	T184	T30	49
d-phlag_0050-c_min3max25-r	1500	0	0	500	0.25	2	T136	T110	31
d-phlag_0050-c_min3max25-r	1076	624	162	138	0.15	1	T103	T130	27
d-phlag_0050-c_min3max25-r	1900	0	0	100	0.05	1	T51	T152	38
d-phlag_0050-c_min3max25-r	1699	1	14	286	0.15	2	T98	T22	41
d-phlag_0050-c_min3max25-r	1502	0	498	0	0.25	3	T30	T47	37
d-phlag_0050-c_min3max25-r	1800	0	200	0	0.1	2	T41	T66	22
d-phlag_0050-c_min3max25-r	1894	7	6	93	0.05	3	T148	T86	25
d-phlag_0050-c_min3max25-r	1459	341	200	0	0.1	1	T157	T198	11
d-phlag_0050-c_min3max25-r	1700	0	0	300	0.15	1	T1	T117	30
d-phlag_0050-c_min3max25-r	1901	0	99	0	0.05	3	T69	T33	19
d-phlag_0050-c_min3max25-r	1544	56	3	397	0.2	2	T63	T46	7
d-phlag_0050-c_min3max25-r	1900	0	2	98	0.05	2	T176	T152	48
d-phlag_0050-c_min3max25-r	1901	0	99	0	0.05	3	T138	T99	25
d-phlag_0050-c_min3max25-r	1573	27	0	400	0.2	1	T57	T44	14
d-phlag_0050-c_min3max25-r	1498	2	0	500	0.25	1	T167	T106	4
d-phlag_0050-c_min3max25-r	1595	5	0	400	0.2	1	T24	T150	34
d-phlag_0050-c_min3max25-r	1901	0	99	0	0.05	3	T88	T180	19
d-phlag_0050-c_min3max25-r	1600	0	400	0	0.2	1	T125	T168	16
d-phlag_0050-c_min3max25-r	1800	0	0	200	0.1	1	T140	T110	20
d-phlag_0050-c_min3max25-r	1700	0	0	300	0.15	1	T83	T138	39
d-phlag_0050-c_min3max25-r	1697	3	0	300	0.15	1	T57	T44	14
d-phlag_0050-c_min3max25-r	1397	3	0	600	0.3	1	T1	T117	30
d-phlag_0050-c_min3max25-r	1901	0	0	99	0.05	3	T58	T103	21
d-phlag_0050-c_min3max25-r	1601	0	399	0	0.2	3	T125	T64	1
d-phlag_0050-c_min3max25-r	1700	0	300	0	0.15	1	T50	T148	10
d-phlag_0050-c_min3max25-r	1798	2	0	200	0.1	1	T110	T26	2
d-phlag_0050-c_min3max25-r	1900	0	100	0	0.05	1	T194	T41	19
d-phlag_0050-c_min3max25-r	1400	0	600	0	0.3	3	T31	T191	25
d-phlag_0050-c_min3max25-r	1593	7	400	0	0.2	2	T197	T36	24
d-phlag_0050-c_min3max25-r	803	997	200	0	0.1	1	T69	T86	27
d-phlag_0050-c_min3max25-r	1400	0	2	598	0.3	3	T43	T112	41
d-phlag_0050-c_min3max25-r	1691	9	0	300	0.15	1	T140	T194	48
d-phlag_0050-c_min3max25-r	1600	0	4	396	0.2	1	T118	T135	12
d-phlag_0050-c_min3max25-r	1900	0	100	0	0.05	2	T110	T26	2
d-phlag_0050-c_min3max25-r	1699	1	0	300	0.15	1	T73	T127	40
d-phlag_0050-c_min3max25-r	1901	0	10	89	0.05	3	T109	T71	42
d-phlag_0050-c_min3max25-r	1800	0	4	196	0.1	2	T106	T158	8
d-phlag_0050-c_min3max25-r	1897	3	0	100	0.05	2	T184	T30	49
d-phlag_0050-c_min3max25-r	1201	499	0	300	0.15	3	T120	T43	50
d-phlag_0050-c_min3max25-r	1900	0	100	0	0.05	2	T144	T195	28
d-phlag_0050-c_min3max25-r	1900	0	100	0	0.05	2	T14	T40	34
d-phlag_0050-c_min3max25-r	1087	313	498	102	0.3	1	T144	T28	44
d-phlag_0050-c_min3max25-r	1783	17	104	96	0.1	2	T142	T10	17
d-phlag_0050-c_min3max25-r	1398	2	600	0	0.3	3	T12	T36	3
d-phlag_0050-c_min3max25-r	1393	7	1	599	0.3	2	T24	T150	34
d-phlag_0050-c_min3max25-r	1697	3	130	170	0.15	3	T69	T33	19
d-phlag_0050-c_min3max25-r	1199	402	0	399	0.2	3	T145	T172	44
d-phlag_0050-c_min3max25-r	1407	95	498	0	0.25	3	T132	T99	2
d-phlag_0050-c_min3max25-r	1600	0	400	0	0.2	1	T41	T66	22
d-phlag_0050-c_min3max25-r	1899	1	0	100	0.05	1	T85	T79	31
d-phlag_0050-c_min3max25-r	1782	20	2	196	0.1	3	T86	T61	13
d-phlag_0050-c_min3max25-r	1700	0	0	300	0.15	1	T62	T40	20
d-phlag_0050-c_min3max25-r	1592	8	6	394	0.2	2	T175	T81	18
d-phlag_0050-c_min3max25-r	1500	0	500	0	0.25	2	T16	T49	9
d-phlag_0050-c_min3max25-r	1894	7	1	98	0.05	3	T166	T177	30
d-phlag_0050-c_min3max25-r	1801	1	1	197	0.1	3	T78	T150	47
d-phlag_0050-c_min3max25-r	1700	0	300	0	0.15	4	T125	T168	16
d-phlag_0050-c_min3max25-r	1489	13	498	0	0.25	3	T3	T68	4
d-phlag_0050-c_min3max25-r	1502	0	498	0	0.25	3	T22	T11	29
d-phlag_0050-c_min3max25-r	1500	0	500	0	0.25	2	T140	T102	6
d-phlag_0050-c_min3max25-r	1797	3	0	200	0.1	4	T70	T7	17
d-phlag_0050-c_min3max25-r	677	723	600	0	0.3	1	T69	T86	27
d-phlag_0050-c_min3max25-r	1900	0	100	0	0.05	2	T171	T4	2
d-phlag_0050-c_min3max25-r	1397	3	0	600	0.3	1	T86	T61	13
d-phlag_0050-c_min3max25-r	1327	473	0	200	0.1	1	T14	T148	10
d-phlag_0050-c_min3max25-r	1700	0	0	300	0.15	4	T87	T18	29
d-phlag_0050-c_min3max25-r	1500	0	0	500	0.25	2	T99	T180	26
d-phlag_0050-c_min3max25-r	1498	2	3	497	0.25	2	T8	T13	35
d-phlag_0050-c_min3max25-r	1121	479	0	400	0.2	2	T38	T181	50
d-phlag_0050-c_min3max25-r	1893	8	0	99	0.05	3	T15	T102	14
d-phlag_0050-c_min3max25-r	1900	0	100	0	0.05	1	T170	T90	12
d-phlag_0050-c_min3max25-r	1900	0	100	0	0.05	1	T112	T147	23
d-phlag_0050-c_min3max25-r	1800	0	200	0	0.1	2	T72	T119	16
d-phlag_0050-c_min3max25-r	1600	0	3	397	0.2	2	T4	T5	22
d-phlag_0050-c_min3max25-r	1361	39	4	596	0.3	3	T92	T64	49
d-phlag_0050-c_min3max25-r	1302	98	0	600	0.3	2	T84	T14	45
d-phlag_0050-c_min3max25-r	1518	82	1	399	0.2	1	T14	T180	4
d-phlag_0050-c_min3max25-r	1890	10	0	100	0.05	1	T15	T112	17
d-phlag_0050-c_min3max25-r	1582	18	202	198	0.2	2	T88	T120	12
d-phlag_0050-c_min3max25-r	1473	27	0	500	0.25	1	T138	T132	9
d-phlag_0050-c_min3max25-r	1399	1	0	600	0.3	2	T177	T124	35
d-phlag_0050-c_min3max25-r	1398	2	0	600	0.3	2	T52	T29	6
d-phlag_0050-c_min3max25-r	1700	0	300	0	0.15	4	T117	T95	31
d-phlag_0050-c_min3max25-r	1898	2	0	100	0.05	1	T20	T82	6
d-phlag_0050-c_min3max25-r	1596	104	0	300	0.15	1	T27	T24	14
d-phlag_0050-c_min3max25-r	1700	0	300	0	0.15	4	T89	T124	21
d-phlag_0050-c_min3max25-r	1686	14	49	251	0.15	3	T55	T68	17
d-phlag_0050-c_min3max25-r	1699	1	6	294	0.15	2	T198	T101	10
d-phlag_0050-c_min3max25-r	1500	0	0	500	0.25	1	T24	T115	23
d-phlag_0050-c_min3max25-r	1400	0	0	600	0.3	2	T12	T60	34
d-phlag_0050-c_min3max25-r	1598	2	0	400	0.2	2	T62	T40	20
d-phlag_0050-c_min3max25-r	1500	0	500	0	0.25	2	T112	T147	23
d-phlag_0050-c_min3max25-r	1700	0	300	0	0.15	1	T18	T5	33
d-phlag_0050-c_min3max25-r	1794	6	0	200	0.1	2	T87	T186	16
d-phlag_0050-c_min3max25-r	1898	2	2	98	0.05	2	T117	T71	5
d-phlag_0050-c_min3max25-r	1563	37	0	400	0.2	2	T129	T108	48
d-phlag_0050-c_min3max25-r	1464	136	15	385	0.2	2	T27	T24	14
d-phlag_0050-c_min3max25-r	1364	36	593	7	0.3	5	T170	T91	13
d-phlag_0050-c_min3max25-r	1399	1	0	600	0.3	1	T177	T109	13
d-phlag_0050-c_min3max25-r	1700	0	2	298	0.15	3	T80	T81	4
d-phlag_0050-c_min3max25-r	1696	4	28	272	0.15	2	T137	T116	39
d-phlag_0050-c_min3max25-r	1224	676	58	42	0.05	2	T9	T123	27
d-phlag_0050-c_min3max25-r	1800	0	200	0	0.1	1	T23	T171	10
d-phlag_0050-c_min3max25-r	1399	1	17	583	0.3	3	T113	T15	49
d-phlag_0050-c_min3max25-r	1400	0	91	509	0.3	1	T6	T112	2
d-phlag_0050-c_min3max25-r	1218	182	1	599	0.3	1	T172	T69	45
d-phlag_0050-c_min3max25-r	1887	13	0	100	0.05	2	T198	T61	3
d-phlag_0050-c_min3max25-r	1700	0	300	0	0.15	2	T110	T158	12
d-phlag_0050-c_min3max25-r	1569	31	290	110	0.2	2	T72	T119	16
d-phlag_0050-c_min3max25-r	1400	0	600	0	0.3	1	T116	T22	3
d-phlag_0050-c_min3max25-r	1116	384	2	498	0.25	2	T151	T134	24
d-phlag_0050-c_min3max25-r	1535	165	298	2	0.15	1	T79	T172	45
d-phlag_0050-c_min3max25-r	1596	4	0	400	0.2	2	T136	T105	40
d-phlag_0050-c_min3max25-r	1357	43	0	600	0.3	1	T100	T97	31
d-phlag_0050-c_min3max25-r	1900	0	3	97	0.05	1	T159	T40	8
d-phlag_0050-c_min3max25-r	1800	0	200	0	0.1	1	T192	T23	48
d-phlag_0050-c_min3max25-r	1700	0	1	299	0.15	2	T171	T77	31
d-phlag_0050-c_min3max25-r	1590	10	1	399	0.2	2	T20	T32	5
d-phlag_0050-c_min3max25-r	1800	0	200	0	0.1	2	T68	T97	15
d-phlag_0050-c_min3max25-r	1896	4	6	94	0.05	1	T115	T44	46
d-phlag_0050-c_min3max25-r	1383	17	0	600	0.3	3	T138	T147	38
d-phlag_0050-c_min3max25-r	1900	0	54	46	0.05	2	T175	T76	36
d-phlag_0050-c_min3max25-r	1800	0	200	0	0.1	2	T115	T44	46
d-phlag_0050-c_min3max25-r	1500	0	500	0	0.25	1	T169	T200	24
d-phlag_0050-c_min3max25-r	1472	128	353	47	0.2	2	T79	T172	45
d-phlag_0050-c_min3max25-r	1500	0	500	0	0.25	1	T126	T100	21
d-phlag_0050-c_min3max25-r	1600	0	400	0	0.2	2	T140	T102	6
d-phlag_0050-c_min3max25-r	1900	0	0	100	0.05	1	T62	T40	20
d-phlag_0050-c_min3max25-r	1800	0	23	177	0.1	1	T175	T76	36
d-phlag_0050-c_min3max25-r	1400	0	0	600	0.3	1	T171	T33	26
d-phlag_0050-c_min3max25-r	1396	4	0	600	0.3	2	T9	T124	40
d-phlag_0050-c_min3max25-r	1022	378	0	600	0.3	2	T53	T175	44
d-phlag_0050-c_min3max25-r	1600	0	400	0	0.2	2	T2	T142	34
d-phlag_0050-c_min3max25-r	1053	449	0	498	0.25	3	T120	T43	50
d-phlag_0050-c_min3max25-r	1800	0	0	200	0.1	2	T150	T171	2
d-phlag_0050-c_min3max25-r	1897	3	2	98	0.05	2	T71	T144	20
d-phlag_0050-c_min3max25-r	1793	9	9	189	0.1	3	T17	T198	23
d-phlag_0050-c_min3max25-r	1385	15	593	7	0.3	1	T97	T32	13
d-phlag_0050-c_min3max25-r	1696	4	300	0	0.15	1	T25	T44	37
d-phlag_0050-c_min3max25-r	1793	7	1	199	0.1	1	T70	T194	21
d-phlag_0050-c_min3max25-r	1810	91	0	99	0.05	3	T80	T81	4
d-phlag_0050-c_min3max25-r	1897	3	10	90	0.05	4	T54	T121	30
d-phlag_0050-c_min3max25-r	1500	0	500	0	0.25	1	T116	T22	3
d-phlag_0050-c_min3max25-r	1900	0	7	93	0.05	2	T109	T111	10
d-phlag_0050-c_min3max25-r	1400	0	600	0	0.3	4	T10	T30	10
d-phlag_0050-c_min3max25-r	1716	84	191	9	0.1	2	T82	T155	42
d-phlag_0050-c_min3max25-r	1791	9	0	200	0.1	2	T65	T142	20
d-phlag_0050-c_min3max25-r	1500	0	4	496	0.25	1	T32	T188	26
d-phlag_0050-c_min3max25-r	1499	1	0	500	0.25	2	T166	T177	30
d-phlag_0050-c_min3max25-r	1460	140	0	400	0.2	2	T9	T199	45
d-phlag_0050-c_min3max25-r	888	512	416	184	0.3	2	T139	T123	27
d-phlag_0050-c_min3max25-r	1601	0	292	107	0.2	3	T142	T118	9
d-phlag_0050-c_min3max25-r	1500	0	0	500	0.25	2	T118	T48	32
d-phlag_0050-c_min3max25-r	1500	2	4	494	0.25	3	T157	T198	11
d-phlag_0050-c_min3max25-r	1890	10	0	100	0.05	1	T171	T77	31
d-phlag_0050-c_min3max25-r	1690	10	0	300	0.15	1	T24	T36	47
d-phlag_0050-c_min3max25-r	1400	0	5	595	0.3	3	T1	T140	37
d-phlag_0050-c_min3max25-r	1369	31	0	600	0.3	1	T187	T11	14
d-phlag_0050-c_min3max25-r	1797	3	0	200	0.1	2	T58	T103	21
d-phlag_0050-c_min3max25-r	1371	29	3	597	0.3	3	T54	T121	30
d-phlag_0050-c_min3max25-r	1400	0	600	0	0.3	1	T81	T56	48
d-phlag_0050-c_min3max25-r	1400	0	0	600	0.3	1	T161	T158	8
d-phlag_0050-c_min3max25-r	1534	67	139	260	0.2	3	T14	T148	10
d-phlag_0050-c_min3max25-r	1791	11	133	65	0.1	3	T18	T11	48
d-phlag_0050-c_min3max25-r	1270	130	33	567	0.3	4	T20	T61	42
d-phlag_0050-c_min3max25-r	1400	0	0	600	0.3	2	T14	T127	12
d-phlag_0050-c_min3max25-r	1700	0	300	0	0.15	1	T82	T190	6
d-phlag_0050-c_min3max25-r	1400	0	600	0	0.3	2	T136	T196	28
d-phlag_0050-c_min3max25-r	1802	0	198	0	0.1	3	T130	T52	43
d-phlag_0050-c_min3max25-r	1545	55	1	399	0.2	2	T109	T76	36
d-phlag_0050-c_min3max25-r	1898	3	0	99	0.05	3	T117	T95	31
d-phlag_0050-c_min3max25-r	1800	0	0	200	0.1	5	T149	T49	21
d-phlag_0050-c_min3max25-r	1586	14	11	389	0.2	2	T108	T137	11
d-phlag_0050-c_min3max25-r	1500	0	0	500	0.25	4	T43	T21	25
d-phlag_0050-c_min3max25-r	1396	4	10	590	0.3	2	T25	T56	7
d-phlag_0050-c_min3max25-r	559	841	533	67	0.3	1	T105	T80	27
d-phlag_0050-c_min3max25-r	1600	0	0	400	0.2	2	T175	T194	41
d-phlag_0050-c_min3max25-r	1600	0	400	0	0.2	2	T24	T36	47
d-phlag_0050-c_min3max25-r	1800	2	0	198	0.1	3	T171	T77	31
d-phlag_0050-c_min3max25-r	1802	0	3	195	0.1	3	T16	T115	32
d-phlag_0050-c_min3max25-r	1502	0	0	498	0.25	3	T70	T7	17
d-phlag_0050-c_min3max25-r	1901	0	0	99	0.05	3	T70	T7	17
d-phlag_0050-c_min3max25-r	1600	0	0	400	0.2	1	T195	T176	34
d-phlag_0050-c_min3max25-r	1397	3	1	599	0.3	1	T50	T1	14
d-phlag_0050-c_min3max25-r	1696	4	8	292	0.15	2	T14	T180	4
d-phlag_0050-c_min3max25-r	1800	0	200	0	0.1	1	T132	T61	32
d-phlag_0050-c_min3max25-r	1800	0	0	200	0.1	1	T25	T128	30
d-phlag_0050-c_min3max25-r	1600	0	400	0	0.2	2	T81	T56	48
d-phlag_0050-c_min3max25-r	1492	8	500	0	0.25	1	T126	T75	41
d-phlag_0050-c_min3max25-r	1697	3	0	300	0.15	2	T53	T162	11
d-phlag_0050-c_min3max25-r	1673	27	0	300	0.15	3	T135	T177	4
d-phlag_0050-c_min3max25-r	1799	1	3	197	0.1	2	T51	T110	40
d-phlag_0050-c_min3max25-r	1800	0	200	0	0.1	2	T81	T56	48
d-phlag_0050-c_min3max25-r	1500	0	2	498	0.25	2	T174	T115	28
d-phlag_0050-c_min3max25-r	1598	3	3	396	0.2	3	T159	T58	33
d-phlag_0050-c_min3max25-r	1600	0	15	385	0.2	1	T36	T83	35
d-phlag_0050-c_min3max25-r	1700	0	0	300	0.15	1	T94	T180	29
d-phlag_0050-c_min3max25-r	1797	3	3	197	0.1	1	T24	T36	47
d-phlag_0050-c_min3max25-r	1598	2	1	399	0.2	1	T176	T46	37
d-phlag_0050-c_min3max25-r	1379	521	100	0	0.05	2	T171	T24	37
d-phlag_0050-c_min3max25-r	1699	1	2	298	0.15	4	T74	T152	48
d-phlag_0050-c_min3max25-r	1643	57	35	265	0.15	4	T142	T10	17
d-phlag_0050-c_min3max25-r	1600	0	8	392	0.2	1	T25	T57	1
d-phlag_0050-c_min3max25-r	1371	29	0	600	0.3	3	T128	T77	35
d-phlag_0050-c_min3max25-r	1500	0	0	500	0.25	2	T30	T18	6
d-phlag_0050-c_min3max25-r	1700	0	5	295	0.15	2	T179	T106	9
d-phlag_0050-c_min3max25-r	1495	5	6	494	0.25	4	T90	T80	40
d-phlag_0050-c_min3max25-r	1595	6	0	399	0.2	3	T85	T8	46
d-phlag_0050-c_min3max25-r	1093	707	9	191	0.1	2	T86	T33	50
d-phlag_0050-c_min3max25-r	1899	1	1	99	0.05	2	T112	T100	36
d-phlag_0050-c_min3max25-r	1500	0	0	500	0.25	1	T101	T107	17
d-phlag_0050-c_min3max25-r	1336	164	440	60	0.25	4	T125	T69	44
d-phlag_0050-c_min3max25-r	1899	1	0	100	0.05	1	T142	T118	9
d-phlag_0050-c_min3max25-r	1797	3	1	199	0.1	4	T30	T103	41
d-phlag_0050-c_min3max25-r	1158	642	155	45	0.1	2	T193	T33	50
d-phlag_0050-c_min3max25-r	1073	527	0	400	0.2	2	T89	T145	50
d-phlag_0050-c_min3max25-r	1900	0	0	100	0.05	1	T35	T184	19
d-phlag_0050-c_min3max25-r	1901	0	99	0	0.05	3	T152	T81	13
d-phlag_0050-c_min3max25-r	1879	22	99	0	0.05	3	T129	T57	11
d-phlag_0050-c_min3max25-r	1683	17	1	299	0.15	4	T24	T115	23
d-phlag_0050-c_min3max25-r	1793	7	5	195	0.1	4	T167	T124	33
d-phlag_0050-c_min3max25-r	1698	2	0	300	0.15	1	T170	T98	49
d-phlag_0050-c_min3max25-r	1700	0	300	0	0.15	3	T132	T170	11
d-phlag_0050-c_min3max25-r	1400	0	0	600	0.3	2	T114	T60	18
d-phlag_0050-c_min3max25-r	1400	0	4	596	0.3	1	T151	T102	1
d-phlag_0050-c_min3max25-r	1800	0	1	199	0.1	2	T117	T137	40
d-phlag_0050-c_min3max25-r	1700	0	300	0	0.15	1	T98	T160	45
d-phlag_0050-c_min3max25-r	1600	0	2	398	0.2	1	T80	T81	4
d-phlag_0050-c_min3max25-r	1500	0	500	0	0.25	1	T150	T36	4
d-phlag_0050-c_min3max25-r	1389	11	0	600	0.3	5	T170	T98	49
d-phlag_0050-c_min3max25-r	1360	40	600	0	0.3	1	T25	T44	37
d-phlag_0050-c_min3max25-r	1500	0	3	497	0.25	1	T132	T170	11
d-phlag_0050-c_min3max25-r	1592	8	0	400	0.2	2	T54	T121	30
d-phlag_0050-c_min3max25-r	1600	0	0	400	0.2	2	T84	T104	46
d-phlag_0050-c_min3max25-r	1890	10	1	99	0.05	4	T16	T115	32
d-phlag_0050-c_min3max25-r	1400	0	4	596	0.3	3	T192	T52	31
d-phlag_0050-c_min3max25-r	1400	0	20	580	0.3	2	T135	T161	1
d-phlag_0050-c_min3max25-r	1492	108	343	57	0.2	2	T55	T172	45
d-phlag_0050-c_min3max25-r	1855	46	96	3	0.05	3	T25	T44	37
d-phlag_0050-c_min3max25-r	1487	13	0	500	0.25	2	T85	T88	43
d-phlag_0050-c_min3max25-r	1900	0	100	0	0.05	1	T124	T144	29
d-phlag_0050-c_min3max25-r	1397	3	52	548	0.3	3	T172	T49	22
d-phlag_0050-c_min3max25-r	1800	0	200	0	0.1	1	T126	T117	39
d-phlag_0050-c_min3max25-r	1354	446	130	70	0.1	2	T134	T88	24
d-phlag_0050-c_min3max25-r	1800	0	0	200	0.1	1	T181	T21	47
d-phlag_0050-c_min3max25-r	1595	5	4	396	0.2	5	T7	T15	49
d-phlag_0050-c_min3max25-r	1700	0	300	0	0.15	2	T16	T97	15
d-phlag_0050-c_min3max25-r	1414	88	6	492	0.25	3	T72	T198	18
d-phlag_0050-c_min3max25-r	1800	0	200	0	0.1	5	T153	T30	29
d-phlag_0050-c_min3max25-r	743	657	305	295	0.3	2	T145	T163	24
d-phlag_0050-c_min3max25-r	1594	7	3	396	0.2	3	T33	T196	5
d-phlag_0050-c_min3max25-r	1800	0	0	200	0.1	1	T194	T198	20
d-phlag_0050-c_min3max25-r	1800	0	4	196	0.1	2	T111	T132	7
d-phlag_0050-c_min3max25-r	1400	0	17	583	0.3	2	T96	T40	35
d-phlag_0050-c_min3max25-r	1396	4	0	600	0.3	1	T127	T105	37
d-phlag_0050-c_min3max25-r	1005	495	0	500	0.25	4	T19	T145	50
d-phlag_0050-c_min3max25-r	1885	15	20	80	0.05	2	T18	T11	48
d-phlag_0050-c_min3max25-r	1400	0	0	600	0.3	1	T29	T13	18
d-phlag_0050-c_min3max25-r	1600	0	400	0	0.2	4	T116	T22	3
d-phlag_0050-c_min3max25-r	1526	174	11	289	0.15	2	T20	T61	42
d-phlag_0050-c_min3max25-r	1700	0	3	297	0.15	3	T188	T47	18
d-phlag_0050-c_min3max25-r	1234	466	250	50	0.15	3	T151	T134	24
d-phlag_0050-c_min3max25-r	1496	4	3	497	0.25	2	T177	T109	13
d-phlag_0050-c_min3max25-r	1370	30	3	597	0.3	2	T65	T145	7
d-phlag_0050-c_min3max25-r	1800	0	0	200	0.1	2	T35	T184	19
d-phlag_0050-c_min3max25-r	1599	1	0	400	0.2	1	T171	T33	26
d-phlag_0050-c_min3max25-r	1474	28	0	498	0.25	3	T198	T61	3
d-phlag_0050-c_min3max25-r	1400	0	600	0	0.3	1	T185	T142	34
d-phlag_0050-c_min3max25-r	1851	49	0	100	0.05	1	T9	T199	45
d-phlag_0050-c_min3max25-r	1700	0	0	300	0.15	1	T195	T176	34
d-phlag_0050-c_min3max25-r	1600	0	0	400	0.2	1	T35	T184	19
d-phlag_0050-c_min3max25-r	1418	384	194	4	0.1	3	T58	T16	44
d-phlag_0050-c_min3max25-r	1896	4	50	50	0.05	2	T141	T66	42
d-phlag_0050-c_min3max25-r	1589	11	1	399	0.2	2	T176	T152	48
d-phlag_0050-c_min3max25-r	1487	15	23	475	0.25	3	T51	T80	35
d-phlag_0050-c_min3max25-r	1900	0	100	0	0.05	2	T103	T190	12
d-phlag_0050-c_min3max25-r	1700	0	0	300	0.15	1	T30	T103	41
d-phlag_0050-c_min3max25-r	1391	9	0	600	0.3	3	T44	T69	39
d-phlag_0050-c_min3max25-r	1901	0	99	0	0.05	3	T182	T200	33
d-phlag_0050-c_min3max25-r	1400	0	600	0	0.3	3	T193	T143	30
d-phlag_0050-c_min3max25-r	1899	1	1	99	0.05	2	T170	T98	49
d-phlag_0050-c_min3max25-r	1500	0	0	500	0.25	1	T87	T18	29
d-phlag_0050-c_min3max25-r	1387	13	24	576	0.3	4	T70	T194	21
d-phlag_0050-c_min3max25-r	1257	443	144	156	0.15	2	T193	T33	50
d-phlag_0050-c_min3max25-r	1700	0	300	0	0.15	1	T56	T141	20
d-phlag_0050-c_min3max25-r	1889	12	99	0	0.05	3	T197	T176	4
d-phlag_0050-c_min3max25-r	1500	0	0	500	0.25	1	T56	T112	49
d-phlag_0050-c_min3max25-r	488	912	539	61	0.3	4	T86	T33	50
d-phlag_0050-c_min3max25-r	1548	254	190	8	0.1	3	T190	T7	30
d-phlag_0050-c_min3max25-r	1585	15	0	400	0.2	1	T175	T76	36
d-phlag_0050-c_min3max25-r	1500	0	6	494	0.25	2	T59	T136	28
d-phlag_0050-c_min3max25-r	1617	83	0	300	0.15	1	T108	T137	11
d-phlag_0050-c_min3max25-r	1900	0	0	100	0.05	2	T39	T163	36
d-phlag_0050-c_min3max25-r	1318	182	0	500	0.25	1	T184	T14	42
d-phlag_0050-c_min3max25-r	1600	0	0	400	0.2	5	T30	T103	41
d-phlag_0050-c_min3max25-r	1795	5	0	200	0.1	4	T136	T105	40
d-phlag_0050-c_min3max25-r	1697	3	0	300	0.15	2	T44	T69	39
d-phlag_0050-c_min3max25-r	1900	0	100	0	0.05	2	T198	T101	10
d-phlag_0050-c_min3max25-r	1394	6	9	591	0.3	2	T167	T106	4
d-phlag_0050-c_min3max25-r	1600	0	2	398	0.2	2	T192	T68	26
d-phlag_0050-c_min3max25-r	1877	23	5	95	0.05	2	T77	T63	22
d-phlag_0050-c_min3max25-r	1600	0	47	353	0.2	1	T115	T44	46
d-phlag_0050-c_min3max25-r	931	969	78	22	0.05	1	T86	T33	50
d-phlag_0050-c_min3max25-r	1599	2	0	399	0.2	3	T184	T30	49
d-phlag_0050-c_min3max25-r	1500	0	500	0	0.25	1	T193	T113	14
d-phlag_0050-c_min3max25-r	1580	20	0	400	0.2	4	T25	T128	30
d-phlag_0050-c_min3max25-r	1875	25	0	100	0.05	2	T125	T141	18
d-phlag_0050-c_min3max25-r	1800	0	200	0	0.1	2	T76	T108	32
d-phlag_0050-c_min3max25-r	1700	0	0	300	0.15	1	T38	T134	34
d-phlag_0050-c_min3max25-r	1500	0	0	500	0.25	1	T108	T86	6
d-phlag_0050-c_min3max25-r	1019	381	432	168	0.3	4	T103	T130	27
d-phlag_0050-c_min3max25-r	1499	1	0	500	0.25	1	T192	T52	31
d-phlag_0050-c_min3max25-r	1681	19	0	300	0.15	2	T109	T71	42
d-phlag_0050-c_min3max25-r	1900	0	100	0	0.05	1	T116	T22	3
d-phlag_0050-c_min3max25-r	1216	484	0	300	0.15	2	T118	T90	50
d-phlag_0050-c_min3max25-r	1399	1	0	600	0.3	2	T198	T61	3
d-phlag_0050-c_min3max25-r	1802	0	198	0	0.1	3	T110	T158	12
d-phlag_0050-c_min3max25-r	1465	35	202	298	0.25	1	T113	T29	36
d-phlag_0050-c_min3max25-r	1674	26	2	298	0.15	2	T110	T26	2
d-phlag_0050-c_min3max25-r	1500	0	500	0	0.25	2	T180	T192	2
d-phlag_0050-c_min3max25-r	1600	0	9	391	0.2	1	T116	T9	13
d-phlag_0050-c_min3max25-r	1698	2	0	300	0.15	2	T198	T102	40
d-phlag_0050-c_min3max25-r	1900	0	100	0	0.05	1	T53	T158	43
d-phlag_0050-c_min3max25-r	1688	12	0	300	0.15	2	T91	T196	20
d-phlag_0050-c_min3max25-r	1600	1	9	390	0.2	3	T72	T198	18
d-phlag_0050-c_min3max25-r	1400	0	600	0	0.3	2	T68	T97	15
d-phlag_0050-c_min3max25-r	1498	4	2	496	0.25	3	T157	T124	33
d-phlag_0050-c_min3max25-r	1400	0	0	600	0.3	3	T118	T48	32
d-phlag_0050-c_min3max25-r	1079	621	156	144	0.15	1	T114	T186	50
d-phlag_0050-c_min3max25-r	1595	5	1	399	0.2	2	T182	T192	48
d-phlag_0050-c_min3max25-r	1482	18	2	498	0.25	4	T101	T55	1
d-phlag_0050-c_min3max25-r	1421	480	62	37	0.05	3	T133	T115	24
d-phlag_0050-c_min3max25-r	1400	0	25	575	0.3	1	T72	T198	18
d-phlag_0050-c_min3max25-r	1394	6	0	600	0.3	3	T38	T134	34
d-phlag_0050-c_min3max25-r	1599	1	0	400	0.2	1	T167	T19	2
d-phlag_0050-c_min3max25-r	1600	0	400	0	0.2	1	T110	T26	2
d-phlag_0050-c_min3max25-r	1369	31	1	599	0.3	3	T37	T24	2
d-phlag_0050-c_min3max25-r	1500	0	500	0	0.25	1	T38	T46	33
d-phlag_0050-c_min3max25-r	1700	0	300	0	0.15	2	T13	T87	5
d-phlag_0050-c_min3max25-r	1497	5	8	490	0.25	3	T94	T180	11
d-phlag_0050-c_min3max25-r	1273	627	53	47	0.05	2	T46	T167	27
d-phlag_0050-c_min3max25-r	1900	0	15	85	0.05	1	T181	T154	49
d-phlag_0050-c_min3max25-r	1901	0	99	0	0.05	3	T2	T92	9
d-phlag_0050-c_min3max25-r	1595	5	4	396	0.2	4	T74	T152	48
d-phlag_0050-c_min3max25-r	1900	0	100	0	0.05	2	T7	T48	3
d-phlag_0050-c_min3max25-r	1078	322	0	600	0.3	2	T170	T97	50
d-phlag_0050-c_min3max25-r	1596	4	0	400	0.2	1	T101	T55	1
d-phlag_0050-c_min3max25-r	1396	4	118	482	0.3	2	T20	T115	33
d-phlag_0050-c_min3max25-r	1695	107	172	26	0.1	3	T130	T4	9
d-phlag_0050-c_min3max25-r	1840	60	0	100	0.05	1	T179	T106	9
d-phlag_0050-c_min3max25-r	1718	182	0	100	0.05	2	T129	T108	48
d-phlag_0050-c_min3max25-r	1400	0	4	596	0.3	1	T23	T195	39
d-phlag_0050-c_min3max25-r	1800	0	0	200	0.1	1	T30	T18	6
d-phlag_0050-c_min3max25-r	1326	474	0	200	0.1	1	T17	T197	5
d-phlag_0050-c_min3max25-r	1494	6	27	473	0.25	1	T57	T196	42
d-phlag_0050-c_min3max25-r	1500	0	500	0	0.25	2	T126	T3	19
d-phlag_0050-c_min3max25-r	1500	0	500	0	0.25	1	T152	T81	13
d-phlag_0050-c_min3max25-r	1901	0	99	0	0.05	3	T29	T32	46
d-phlag_0050-c_min3max25-r	1682	18	0	300	0.15	2	T177	T124	35
d-phlag_0050-c_min3max25-r	1335	65	70	530	0.3	2	T132	T99	2
d-phlag_0050-c_min3max25-r	1296	404	199	101	0.15	2	T197	T36	24
d-phlag_0050-c_min3max25-r	1897	4	0	99	0.05	3	T192	T97	23
d-phlag_0050-c_min3max25-r	1400	0	0	600	0.3	1	T4	T127	47
d-phlag_0050-c_min3max25-r	1700	0	0	300	0.15	1	T88	T49	21
d-phlag_0050-c_min3max25-r	1700	0	300	0	0.15	1	T136	T196	28
d-phlag_0050-c_min3max25-r	1651	49	0	300	0.15	2	T70	T194	21
d-phlag_0050-c_min3max25-r	1582	18	0	400	0.2	2	T154	T145	14
d-phlag_0050-c_min3max25-r	1600	0	3	397	0.2	2	T190	T7	30
d-phlag_0050-c_min3max25-r	1500	0	500	0	0.25	1	T124	T144	29
d-phlag_0050-c_min3max25-r	1697	3	3	297	0.15	2	T50	T1	14
d-phlag_0050-c_min3max25-r	1801	1	0	198	0.1	3	T91	T196	20
d-phlag_0050-c_min3max25-r	1486	16	2	496	0.25	3	T23	T61	3
d-phlag_0050-c_min3max25-r	1530	272	0	198	0.1	3	T145	T172	44
d-phlag_0050-c_min3max25-r	1502	0	498	0	0.25	3	T6	T94	32
d-phlag_0050-c_min3max25-r	1796	4	0	200	0.1	2	T54	T121	30
d-phlag_0050-c_min3max25-r	1600	0	400	0	0.2	2	T15	T6	22
d-phlag_0050-c_min3max25-r	1791	9	0	200	0.1	1	T184	T189	26
d-phlag_0050-c_min3max25-r	1595	5	0	400	0.2	2	T73	T198	18
d-phlag_0050-c_min3max25-r	1900	0	100	0	0.05	2	T86	T61	13
d-phlag_0050-c_min3max25-r	1600	0	3	397	0.2	2	T24	T115	23
d-phlag_0050-c_min3max25-r	1600	0	0	400	0.2	1	T38	T134	34
d-phlag_0050-c_min3max25-r	1900	0	0	100	0.05	1	T76	T133	38
d-phlag_0050-c_min3max25-r	1392	8	0	600	0.3	4	T128	T160	5
d-phlag_0050-c_min3max25-r	1899	1	2	98	0.05	2	T173	T53	18
d-phlag_0050-c_min3max25-r	1684	16	0	300	0.15	4	T85	T88	43
d-phlag_0050-c_min3max25-r	1464	36	80	420	0.25	2	T36	T83	35
d-phlag_0050-c_min3max25-r	1400	0	600	0	0.3	3	T97	T73	23
d-phlag_0050-c_min3max25-r	1900	0	100	0	0.05	1	T137	T102	43
d-phlag_0050-c_min3max25-r	1799	1	17	183	0.1	2	T118	T135	12
d-phlag_0050-c_min3max25-r	1600	0	400	0	0.2	1	T193	T143	30
d-phlag_0050-c_min3max25-r	1498	2	0	500	0.25	1	T132	T33	5
d-phlag_0050-c_min3max25-r	1401	99	17	483	0.25	1	T130	T4	9
d-phlag_0050-c_min3max25-r	1878	22	0	100	0.05	2	T19	T7	25
d-phlag_0050-c_min3max25-r	969	531	68	432	0.25	2	T86	T33	50
d-phlag_0050-c_min3max25-r	1900	0	0	100	0.05	1	T82	T57	33
d-phlag_0050-c_min3max25-r	1496	4	1	499	0.25	2	T85	T8	46
d-phlag_0050-c_min3max25-r	1656	44	0	300	0.15	1	T18	T11	48
d-phlag_0050-c_min3max25-r	1800	0	0	200	0.1	1	T60	T59	31
d-phlag_0050-c_min3max25-r	1800	0	0	200	0.1	1	T72	T39	25
d-phlag_0050-c_min3max25-r	1400	0	0	600	0.3	2	T17	T127	17
d-phlag_0050-c_min3max25-r	1400	0	600	0	0.3	2	T178	T149	19
d-phlag_0050-c_min3max25-r	1400	0	0	600	0.3	1	T72	T39	25
d-phlag_0050-c_min3max25-r	1500	0	0	500	0.25	1	T51	T91	47
d-phlag_0050-c_min3max25-r	1595	5	203	197	0.2	2	T83	T45	29
d-phlag_0050-c_min3max25-r	1800	0	200	0	0.1	1	T140	T102	6
d-phlag_0050-c_min3max25-r	1500	0	5	495	0.25	1	T57	T44	14
d-phlag_0050-c_min3max25-r	1700	0	0	300	0.15	3	T64	T39	15
d-phlag_0050-c_min3max25-r	1893	7	1	99	0.05	2	T73	T127	40
d-phlag_0050-c_min3max25-r	1599	2	278	121	0.2	3	T18	T5	33
d-phlag_0050-c_min3max25-r	1499	1	0	500	0.25	1	T151	T183	29
d-phlag_0050-c_min3max25-r	1600	0	0	400	0.2	2	T112	T100	36
d-phlag_0050-c_min3max25-r	1600	0	400	0	0.2	2	T48	T185	32
d-phlag_0050-c_min3max25-r	1383	17	0	600	0.3	2	T184	T189	26
d-phlag_0050-c_min3max25-r	1205	295	341	159	0.25	1	T41	T97	24
d-phlag_0050-c_min3max25-r	1784	18	3	195	0.1	3	T54	T88	28
d-phlag_0050-c_min3max25-r	1397	3	3	597	0.3	1	T190	T7	30
d-phlag_0050-c_min3max25-r	1500	0	500	0	0.25	4	T171	T4	2
d-phlag_0050-c_min3max25-r	1600	0	400	0	0.2	2	T138	T99	25
d-phlag_0050-c_min3max25-r	1400	0	600	0	0.3	3	T140	T102	6
d-phlag_0050-c_min3max25-r	1691	9	0	300	0.15	1	T20	T32	5
d-phlag_0050-c_min3max25-r	1581	19	23	377	0.2	5	T70	T194	21
d-phlag_0050-c_min3max25-r	1600	0	0	400	0.2	1	T93	T77	36
d-phlag_0050-c_min3max25-r	1700	0	300	0	0.15	1	T145	T32	13
d-phlag_0050-c_min3max25-r	1628	174	198	0	0.1	3	T79	T172	45
d-phlag_0050-c_min3max25-r	1500	0	500	0	0.25	2	T98	T160	45
d-phlag_0050-c_min3max25-r	1786	16	11	187	0.1	3	T151	T102	1
d-phlag_0050-c_min3max25-r	1498	2	262	238	0.25	2	T25	T56	7
d-phlag_0050-c_min3max25-r	1400	0	600	0	0.3	2	T14	T148	10
d-phlag_0050-c_min3max25-r	1400	0	0	600	0.3	2	T199	T109	26
d-phlag_0050-c_min3max25-r	1502	0	498	0	0.25	3	T131	T67	38
d-phlag_0050-c_min3max25-r	1392	8	52	548	0.3	3	T197	T161	39
d-phlag_0050-c_min3max25-r	1899	1	1	99	0.05	1	T107	T198	19
d-phlag_0050-c_min3max25-r	1597	3	0	400	0.2	1	T70	T7	17
d-phlag_0050-c_min3max25-r	1696	4	1	299	0.15	2	T198	T127	38
d-phlag_0050-c_min3max25-r	1600	0	4	396	0.2	4	T136	T110	31
d-phlag_0050-c_min3max25-r	1500	0	500	0	0.25	1	T166	T34	28
d-phlag_0050-c_min3max25-r	1896	4	1	99	0.05	2	T138	T132	9
d-phlag_0050-c_min3max25-r	1700	0	0	300	0.15	4	T127	T134	40
d-phlag_0050-c_min3max25-r	1335	65	12	588	0.3	2	T36	T83	35
d-phlag_0050-c_min3max25-r	1600	0	400	0	0.2	1	T169	T25	5
d-phlag_0050-c_min3max25-r	1512	88	1	399	0.2	1	T195	T75	23
d-phlag_0050-c_min3max25-r	1800	0	200	0	0.1	2	T30	T47	37
d-phlag_0050-c_min3max25-r	1700	0	300	0	0.15	3	T144	T195	28
d-phlag_0050-c_min3max25-r	1800	0	200	0	0.1	4	T12	T59	23
d-phlag_0050-c_min3max25-r	1797	3	0	200	0.1	2	T56	T112	49
d-phlag_0050-c_min3max25-r	1498	4	382	116	0.25	3	T47	T32	26
d-phlag_0050-c_min3max25-r	1800	0	200	0	0.1	1	T74	T52	18
d-phlag_0050-c_min3max25-r	1700	0	19	281	0.15	2	T153	T30	29
d-phlag_0050-c_min3max25-r	1600	0	0	400	0.2	1	T2	T60	39
d-phlag_0050-c_min3max25-r	1391	9	12	588	0.3	2	T13	T161	23
d-phlag_0050-c_min3max25-r	1400	0	600	0	0.3	1	T182	T29	15
d-phlag_0050-c_min3max25-r	1799	1	1	199	0.1	1	T143	T121	35
d-phlag_0050-c_min3max25-r	1600	0	0	400	0.2	1	T140	T110	20
d-phlag_0050-c_min3max25-r	1287	413	218	82	0.15	3	T133	T115	24
d-phlag_0050-c_min3max25-r	1398	2	0	600	0.3	1	T3	T68	4
d-phlag_0050-c_min3max25-r	1400	0	2	598	0.3	1	T198	T101	10
d-phlag_0050-c_min3max25-r	1593	8	3	396	0.2	3	T76	T133	38
d-phlag_0050-c_min3max25-r	1594	6	25	375	0.2	4	T25	T56	7
d-phlag_0050-c_min3max25-r	1031	369	1	599	0.3	2	T120	T43	50
d-phlag_0050-c_min3max25-r	1500	0	500	0	0.25	2	T192	T160	44
d-phlag_0050-c_min3max25-r	1500	0	10	490	0.25	1	T23	T66	22
d-phlag_0050-c_min3max25-r	1800	0	0	200	0.1	2	T159	T119	22
d-phlag_0050-c_min3max25-r	1693	7	291	9	0.15	1	T97	T32	13
d-phlag_0050-c_min3max25-r	1500	0	500	0	0.25	1	T85	T31	25
d-phlag_0050-c_min3max25-r	1896	4	0	100	0.05	2	T38	T134	34
d-phlag_0050-c_min3max25-r	1800	0	0	200	0.1	1	T187	T11	14
d-phlag_0050-c_min3max25-r	1400	0	600	0	0.3	2	T150	T36	4
d-phlag_0050-c_min3max25-r	1586	14	400	0	0.2	1	T101	T126	4
d-phlag_0050-c_min3max25-r	1049	551	192	208	0.2	1	T77	T87	27
d-phlag_0050-c_min3max25-r	1393	7	600	0	0.3	1	T129	T57	11
d-phlag_0050-c_min3max25-r	1899	1	0	100	0.05	1	T138	T147	38
d-phlag_0050-c_min3max25-r	1591	9	0	400	0.2	2	T139	T88	43
d-phlag_0050-c_min3max25-r	1700	0	300	0	0.15	3	T194	T41	19
d-phlag_0050-c_min3max25-r	1600	0	278	122	0.2	4	T2	T58	17
d-phlag_0050-c_min3max25-r	1597	3	0	400	0.2	1	T198	T102	40
d-phlag_0050-c_min3max25-r	1576	24	400	0	0.2	5	T129	T57	11
d-phlag_0050-c_min3max25-r	895	505	298	302	0.3	2	T114	T186	50
d-phlag_0050-c_min3max25-r	925	975	100	0	0.05	1	T16	T190	42
d-phlag_0050-c_min3max25-r	1688	12	2	298	0.15	3	T175	T76	36
d-phlag_0050-c_min3max25-r	1900	1	33	66	0.05	3	T167	T106	4
d-phlag_0050-c_min3max25-r	1589	11	5	395	0.2	1	T142	T10	17
d-phlag_0050-c_min3max25-r	1900	0	0	100	0.05	1	T199	T109	26
d-phlag_0050-c_min3max25-r	1894	6	0	100	0.05	1	T175	T194	41
d-phlag_0050-c_min3max25-r	1800	0	4	196	0.1	2	T140	T194	48
d-phlag_0050-c_min3max25-r	1400	0	0	600	0.3	1	T51	T80	35
d-phlag_0050-c_min3max25-r	1867	34	1	98	0.05	3	T114	T60	18
d-phlag_0050-c_min3max25-r	1900	0	100	0	0.05	2	T37	T28	11
d-phlag_0050-c_min3max25-r	1800	0	0	200	0.1	1	T88	T49	21
d-phlag_0050-c_min3max25-r	1499	1	0	500	0.25	1	T58	T103	21
d-phlag_0050-c_min3max25-r	1494	8	1	497	0.25	3	T7	T19	26
d-phlag_0050-c_min3max25-r	1496	4	2	498	0.25	2	T188	T47	18
d-phlag_0050-c_min3max25-r	1793	7	0	200	0.1	1	T138	T147	38
d-phlag_0050-c_min3max25-r	1721	79	200	0	0.1	1	T2	T176	20
d-phlag_0050-c_min3max25-r	1700	0	0	300	0.15	1	T158	T11	36
d-phlag_0050-c_min3max25-r	1592	108	300	0	0.15	2	T82	T155	42
d-phlag_0050-c_min3max25-r	1798	4	0	198	0.1	3	T174	T115	28
d-phlag_0050-c_min3max25-r	1901	0	84	15	0.05	3	T184	T189	26
d-phlag_0050-c_min3max25-r	1497	3	0	500	0.25	1	T50	T1	14
d-phlag_0050-c_min3max25-r	1800	0	0	200	0.1	1	T101	T107	17
d-phlag_0050-c_min3max25-r	1400	0	600	0	0.3	1	T16	T49	9
d-phlag_0050-c_min3max25-r	1586	14	0	400	0.2	1	T78	T150	47
d-phlag_0050-c_min3max25-r	1691	9	15	285	0.15	3	T25	T56	7
d-phlag_0050-c_min3max25-r	1326	174	0	500	0.25	1	T197	T161	39
d-phlag_0050-c_min3max25-r	1051	451	349	149	0.25	3	T139	T123	27
d-phlag_0050-c_min3max25-r	1397	3	0	600	0.3	1	T57	T86	32
d-phlag_0050-c_min3max25-r	1901	0	99	0	0.05	3	T57	T177	43
d-phlag_0050-c_min3max25-r	1711	91	135	63	0.1	3	T20	T59	28
d-phlag_0050-c_min3max25-r	1696	4	116	184	0.15	2	T172	T49	22
d-phlag_0050-c_min3max25-r	1698	102	189	11	0.1	1	T12	T36	3
d-phlag_0050-c_min3max25-r	1900	0	100	0	0.05	1	T192	T23	48
d-phlag_0050-c_min3max25-r	1800	0	0	200	0.1	1	T161	T158	8
d-phlag_0050-c_min3max25-r	1900	0	100	0	0.05	1	T20	T59	28
d-phlag_0050-c_min3max25-r	1322	478	0	200	0.1	1	T38	T181	50
d-phlag_0050-c_min3max25-r	1676	24	0	300	0.15	2	T128	T77	35
d-phlag_0050-c_min3max25-r	1683	17	0	300	0.15	2	T29	T187	29
d-phlag_0050-c_min3max25-r	1432	68	0	500	0.25	1	T119	T198	9
d-phlag_0050-c_min3max25-r	1500	0	0	500	0.25	2	T117	T95	31
d-phlag_0050-c_min3max25-r	1700	0	5	295	0.15	2	T20	T124	35
d-phlag_0050-c_min3max25-r	1598	3	4	395	0.2	3	T171	T77	31
d-phlag_0050-c_min3max25-r	1800	0	1	199	0.1	2	T64	T39	15
d-phlag_0050-c_min3max25-r	1600	0	400	0	0.2	2	T139	T115	38
d-phlag_0050-c_min3max25-r	1700	0	1	299	0.15	2	T77	T112	41
d-phlag_0050-c_min3max25-r	1600	0	2	398	0.2	2	T165	T132	7
d-phlag_0050-c_min3max25-r	1500	0	0	500	0.25	1	T127	T105	37
d-phlag_0050-c_min3max25-r	1575	25	0	400	0.2	2	T117	T95	31
d-phlag_0050-c_min3max25-r	1894	6	0	100	0.05	2	T194	T198	20
d-phlag_0050-c_min3max25-r	1800	0	200	0	0.1	2	T193	T127	10
d-phlag_0050-c_min3max25-r	1799	3	3	195	0.1	3	T4	T127	47
d-phlag_0050-c_min3max25-r	1399	1	3	597	0.3	2	T146	T99	23
d-phlag_0050-c_min3max25-r	1699	1	4	296	0.15	3	T7	T19	26
d-phlag_0050-c_min3max25-r	1837	63	1	99	0.05	4	T173	T48	9
d-phlag_0050-c_min3max25-r	1400	0	0	600	0.3	1	T114	T140	37
d-phlag_0050-c_min3max25-r	1392	8	12	588	0.3	4	T13	T7	47
d-phlag_0050-c_min3max25-r	1694	6	101	199	0.15	3	T197	T176	4
d-phlag_0050-c_min3max25-r	1789	11	2	198	0.1	2	T72	T198	18
d-phlag_0050-c_min3max25-r	1792	8	8	192	0.1	4	T109	T111	10
d-phlag_0050-c_min3max25-r	1490	10	3	497	0.25	2	T86	T61	13
d-phlag_0050-c_min3max25-r	1884	16	6	94	0.05	4	T140	T194	48
d-phlag_0050-c_min3max25-r	1588	13	3	396	0.2	3	T29	T187	29
d-phlag_0050-c_min3max25-r	1696	4	0	300	0.15	1	T2	T60	39
d-phlag_0050-c_min3max25-r	1693	7	0	300	0.15	1	T166	T177	30
d-phlag_0050-c_min3max25-r	1700	0	6	294	0.15	2	T136	T110	31
d-phlag_0050-c_min3max25-r	1600	0	0	400	0.2	1	T108	T4	8
d-phlag_0050-c_min3max25-r	1772	30	198	0	0.1	3	T129	T57	11
d-phlag_0050-c_min3max25-r	1698	2	1	299	0.15	1	T106	T156	39
d-phlag_0050-c_min3max25-r	1900	0	100	0	0.05	1	T27	T24	14
d-phlag_0050-c_min3max25-r	1800	0	200	0	0.1	2	T47	T72	31
d-phlag_0050-c_min3max25-r	1600	0	400	0	0.2	2	T197	T176	4
d-phlag_0050-c_min3max25-r	1348	552	0	100	0.05	2	T57	T86	32
d-phlag_0050-c_min3max25-r	1800	0	1	199	0.1	1	T128	T160	5
d-phlag_0050-c_min3max25-r	1700	0	0	300	0.15	2	T194	T198	20
d-phlag_0050-c_min3max25-r	1600	0	0	400	0.2	1	T73	T127	40
d-phlag_0050-c_min3max25-r	1854	47	99	0	0.05	3	T130	T177	42
d-phlag_0050-c_min3max25-r	1414	187	0	399	0.2	3	T34	T40	42
d-phlag_0050-c_min3max25-r	1394	6	6	594	0.3	2	T7	T68	41
d-phlag_0050-c_min3max25-r	1599	1	8	392	0.2	1	T151	T102	1
d-phlag_0050-c_min3max25-r	1400	0	600	0	0.3	1	T70	T115	5
d-phlag_0050-c_min3max25-r	1397	3	0	600	0.3	2	T77	T112	41
d-phlag_0050-c_min3max25-r	1400	0	0	600	0.3	1	T96	T105	47
d-phlag_0050-c_min3max25-r	1599	2	0	399	0.2	3	T86	T61	13
d-phlag_0050-c_min3max25-r	1600	0	0	400	0.2	2	T76	T57	35
d-phlag_0050-c_min3max25-r	1890	10	0	100	0.05	2	T73	T198	18
d-phlag_0050-c_min3max25-r	1700	0	300	0	0.15	2	T172	T111	6
d-phlag_0050-c_min3max25-r	1390	10	0	600	0.3	1	T41	T190	23
d-phlag_0050-c_min3max25-r	1400	0	0	600	0.3	2	T159	T8	49
d-phlag_0050-c_min3max25-r	1697	3	11	289	0.15	3	T87	T186	16
d-phlag_0050-c_min3max25-r	1797	3	0	200	0.1	1	T76	T57	35
d-phlag_0050-c_min3max25-r	1600	0	400	0	0.2	2	T126	T117	39
d-phlag_0050-c_min3max25-r	1400	0	0	600	0.3	1	T67	T68	29
d-phlag_0050-c_min3max25-r	1425	377	190	8	0.1	3	T41	T97	24
d-phlag_0050-c_min3max25-r	1898	2	0	100	0.05	2	T118	T48	32
d-phlag_0050-c_min3max25-r	1800	0	200	0	0.1	5	T180	T192	2
d-phlag_0050-c_min3max25-r	1700	0	300	0	0.15	2	T48	T185	32
d-phlag_0050-c_min3max25-r	1161	239	430	170	0.3	1	T44	T178	12
d-phlag_0050-c_min3max25-r	1497	3	0	500	0.25	2	T195	T176	34
d-phlag_0050-c_min3max25-r	1900	0	100	0	0.05	2	T36	T83	35
d-phlag_0050-c_min3max25-r	1456	244	295	5	0.15	2	T58	T16	44
d-phlag_0050-c_min3max25-r	1478	22	0	500	0.25	1	T146	T99	23
d-phlag_0050-c_min3max25-r	1697	3	0	300	0.15	1	T19	T7	25
d-phlag_0050-c_min3max25-r	1800	0	200	0	0.1	2	T37	T28	11
d-phlag_0050-c_min3max25-r	1900	1	2	97	0.05	3	T73	T179	46
d-phlag_0050-c_min3max25-r	1675	25	0	300	0.15	1	T138	T132	9
d-phlag_0050-c_min3max25-r	1730	170	94	6	0.05	2	T172	T69	45
d-phlag_0050-c_min3max25-r	1900	0	0	100	0.05	2	T88	T49	21
d-phlag_0050-c_min3max25-r	1800	0	0	200	0.1	1	T77	T112	41
d-phlag_0050-c_min3max25-r	1600	0	400	0	0.2	2	T6	T112	2
d-phlag_0050-c_min3max25-r	1697	3	90	210	0.15	4	T100	T97	31
d-phlag_0050-c_min3max25-r	1496	4	0	500	0.25	2	T88	T49	21
d-phlag_0050-c_min3max25-r	1800	0	0	200	0.1	2	T17	T127	17
d-phlag_0050-c_min3max25-r	1322	78	1	599	0.3	3	T185	T6	9
d-phlag_0050-c_min3max25-r	1800	0	200	0	0.1	2	T113	T29	36
d-phlag_0050-c_min3max25-r	1800	0	200	0	0.1	2	T30	T83	35
d-phlag_0050-c_min3max25-r	1900	0	100	0	0.05	2	T117	T137	40
d-phlag_0050-c_min3max25-r	1501	1	0	498	0.25	3	T200	T123	30
d-phlag_0050-c_min3max25-r	1699	1	3	297	0.15	1	T102	T113	10
d-phlag_0050-c_min3max25-r	1272	328	400	0	0.2	2	T191	T91	3
d-phlag_0050-c_min3max25-r	1894	6	16	84	0.05	2	T135	T177	4
d-phlag_0050-c_min3max25-r	1890	10	0	100	0.05	2	T131	T102	21
d-phlag_0050-c_min3max25-r	1597	3	3	397	0.2	2	T153	T30	29
d-phlag_0050-c_min3max25-r	1699	1	0	300	0.15	3	T131	T102	21
d-phlag_0050-c_min3max25-r	1596	4	0	400	0.2	1	T27	T15	47
d-phlag_0050-c_min3max25-r	1500	0	500	0	0.25	1	T97	T32	13
d-phlag_0050-c_min3max25-r	1797	3	23	177	0.1	1	T192	T160	44
d-phlag_0050-c_min3max25-r	1699	1	0	300	0.15	2	T149	T105	31
d-phlag_0050-c_min3max25-r	1500	0	0	500	0.25	2	T62	T40	20
d-phlag_0050-c_min3max25-r	1500	0	500	0	0.25	2	T132	T61	32
d-phlag_0050-c_min3max25-r	1502	0	498	0	0.25	3	T118	T78	17
d-phlag_0050-c_min3max25-r	1890	10	5	95	0.05	1	T63	T46	7
d-phlag_0050-c_min3max25-r	1400	0	600	0	0.3	4	T129	T95	46
d-phlag_0050-c_min3max25-r	1600	0	387	13	0.2	2	T145	T94	8
d-phlag_0050-c_min3max25-r	1700	0	0	300	0.15	1	T181	T21	47
d-phlag_0050-c_min3max25-r	1493	7	0	500	0.25	2	T71	T144	11
d-phlag_0050-c_min3max25-r	1789	11	2	198	0.1	2	T27	T15	47
d-phlag_0050-c_min3max25-r	1599	1	0	400	0.2	2	T23	T195	39
d-phlag_0050-c_min3max25-r	1397	3	0	600	0.3	5	T121	T93	5
d-phlag_0050-c_min3max25-r	1601	0	399	0	0.2	3	T50	T148	10
d-phlag_0050-c_min3max25-r	1800	0	200	0	0.1	5	T131	T67	38
d-phlag_0050-c_min3max25-r	1500	0	0	500	0.25	2	T139	T88	43
d-phlag_0050-c_min3max25-r	1586	14	2	398	0.2	1	T86	T133	46
d-phlag_0050-c_min3max25-r	1500	0	2	498	0.25	2	T56	T28	28
d-phlag_0050-c_min3max25-r	1653	247	50	50	0.05	2	T44	T178	12
d-phlag_0050-c_min3max25-r	1698	2	5	295	0.15	2	T7	T68	41
d-phlag_0050-c_min3max25-r	1500	0	15	485	0.25	1	T18	T11	48
d-phlag_0050-c_min3max25-r	1900	0	100	0	0.05	1	T48	T148	12
d-phlag_0050-c_min3max25-r	1464	36	2	498	0.25	4	T193	T127	10
d-phlag_0050-c_min3max25-r	1700	0	300	0	0.15	2	T169	T25	5
d-phlag_0050-c_min3max25-r	1800	0	0	200	0.1	1	T118	T48	32
d-phlag_0050-c_min3max25-r	1773	27	0	200	0.1	1	T114	T60	18
d-phlag_0050-c_min3max25-r	1500	0	0	500	0.25	1	T167	T124	33
d-phlag_0050-c_min3max25-r	1495	5	68	432	0.25	2	T15	T112	17
d-phlag_0050-c_min3max25-r	1788	12	0	200	0.1	1	T172	T49	22
d-phlag_0050-c_min3max25-r	1076	424	343	157	0.25	1	T134	T88	24
d-phlag_0050-c_min3max25-r	1897	4	1	98	0.05	3	T136	T110	31
d-phlag_0050-c_min3max25-r	1318	182	10	490	0.25	2	T72	T138	44
d-phlag_0050-c_min3max25-r	1500	0	0	500	0.25	1	T33	T31	19
d-phlag_0050-c_min3max25-r	1479	21	0	500	0.25	1	T13	T161	23
d-phlag_0050-c_min3max25-r	1600	0	0	400	0.2	1	T85	T79	31
d-phlag_0050-c_min3max25-r	1238	662	0	100	0.05	1	T19	T145	50
d-phlag_0050-c_min3max25-r	1583	18	0	399	0.2	3	T171	T24	37
d-phlag_0050-c_min3max25-r	1491	9	4	496	0.25	4	T24	T150	34
d-phlag_0050-c_min3max25-r	1062	440	89	409	0.25	3	T144	T28	44
d-phlag_0050-c_min3max25-r	1389	11	31	569	0.3	5	T133	T156	49
d-phlag_0050-c_min3max25-r	1400	0	1	599	0.3	1	T69	T199	8
d-phlag_0050-c_min3max25-r	1500	0	1	499	0.25	2	T98	T46	13
d-phlag_0050-c_min3max25-r	1500	0	0	500	0.25	2	T136	T105	40
d-phlag_0050-c_min3max25-r	1502	0	498	0	0.25	3	T130	T52	43
d-phlag_0050-c_min3max25-r	1399	1	10	590	0.3	3	T84	T13	33
d-phlag_0050-c_min3max25-r	1700	0	0	300	0.15	1	T93	T77	36
d-phlag_0050-c_min3max25-r	1600	0	6	394	0.2	1	T70	T151	14
d-phlag_0050-c_min3max25-r	1900	1	1	98	0.05	3	T191	T198	16
d-phlag_0050-c_min3max25-r	1500	0	500	0	0.25	1	T2	T176	20
d-phlag_0050-c_min3max25-r	1596	4	2	398	0.2	1	T50	T1	14
d-phlag_0050-c_min3max25-r	1496	4	0	500	0.25	2	T17	T198	23
d-phlag_0050-c_min3max25-r	1236	264	411	89	0.25	1	T85	T19	44
d-phlag_0050-c_min3max25-r	1500	0	0	500	0.25	2	T128	T160	5
d-phlag_0050-c_min3max25-r	1694	6	0	300	0.15	5	T192	T52	31
d-phlag_0050-c_min3max25-r	1600	0	36	364	0.2	1	T144	T46	7
d-phlag_0050-c_min3max25-r	1400	0	0	600	0.3	1	T104	T184	19
d-phlag_0050-c_min3max25-r	1285	115	0	600	0.3	4	T9	T199	45
d-phlag_0050-c_min3max25-r	1794	6	200	0	0.1	1	T101	T126	4
d-phlag_0050-c_min3max25-r	1698	2	3	297	0.15	3	T151	T183	29
d-phlag_0050-c_min3max25-r	1502	0	498	0	0.25	3	T179	T163	46
d-phlag_0050-c_min3max25-r	1893	7	79	21	0.05	4	T106	T158	43
d-phlag_0050-c_min3max25-r	1190	411	84	315	0.2	3	T19	T145	50
d-phlag_0050-c_min3max25-r	1900	0	1	99	0.05	1	T127	T105	37
d-phlag_0050-c_min3max25-r	1380	120	500	0	0.25	1	T6	T112	2
d-phlag_0050-c_min3max25-r	1007	393	405	195	0.3	3	T77	T87	27
d-phlag_0050-c_min3max25-r	1800	0	200	0	0.1	2	T85	T31	25
d-phlag_0050-c_min3max25-r	1797	5	25	173	0.1	3	T109	T71	42
d-phlag_0050-c_min3max25-r	1897	3	2	98	0.05	2	T90	T29	12
d-phlag_0050-c_min3max25-r	1696	4	1	299	0.15	1	T78	T150	47
d-phlag_0050-c_min3max25-r	1900	0	12	88	0.05	1	T65	T181	22
d-phlag_0050-c_min3max25-r	1899	1	0	100	0.05	1	T2	T60	39
d-phlag_0050-c_min3max25-r	1799	1	9	191	0.1	2	T7	T15	49
d-phlag_0050-c_min3max25-r	1598	2	0	400	0.2	1	T174	T115	28
d-phlag_0050-c_min3max25-r	1502	0	498	0	0.25	3	T103	T190	12
d-phlag_0050-c_min3max25-r	1500	0	500	0	0.25	1	T113	T15	49
d-phlag_0050-c_min3max25-r	1795	5	0	200	0.1	1	T179	T106	9
d-phlag_0050-c_min3max25-r	1400	0	0	600	0.3	2	T99	T180	26
d-phlag_0050-c_min3max25-r	1568	132	1	299	0.15	1	T130	T4	9
d-phlag_0050-c_min3max25-r	1800	0	200	0	0.1	2	T2	T142	34
d-phlag_0050-c_min3max25-r	1149	551	191	109	0.15	4	T9	T123	27
d-phlag_0050-c_min3max25-r	1073	729	198	0	0.1	3	T57	T44	14
d-phlag_0050-c_min3max25-r	1700	0	1	299	0.15	1	T133	T156	49
d-phlag_0050-c_min3max25-r	1400	0	600	0	0.3	1	T182	T200	33
d-phlag_0050-c_min3max25-r	1400	0	0	600	0.3	1	T115	T171	15
d-phlag_0050-c_min3max25-r	1400	0	0	600	0.3	3	T169	T170	2
d-phlag_0050-c_min3max25-r	1400	0	0	600	0.3	1	T126	T142	22
d-phlag_0050-c_min3max25-r	1794	8	1	197	0.1	3	T1	T117	30
d-phlag_0050-c_min3max25-r	1400	0	1	599	0.3	2	T70	T42	16
d-phlag_0050-c_min3max25-r	1372	28	0	600	0.3	1	T20	T59	28
d-phlag_0050-c_min3max25-r	1136	264	482	118	0.3	4	T125	T69	44
d-phlag_0050-c_min3max25-r	1600	0	400	0	0.2	4	T71	T37	10
d-phlag_0050-c_min3max25-r	1387	13	0	600	0.3	2	T101	T55	1
d-phlag_0050-c_min3max25-r	1900	0	100	0	0.05	2	T6	T118	21
d-phlag_0050-c_min3max25-r	1695	5	21	279	0.15	4	T28	T86	32
d-phlag_0050-c_min3max25-r	1900	0	100	0	0.05	2	T15	T6	22
d-phlag_0050-c_min3max25-r	1700	0	300	0	0.15	1	T29	T32	46
d-phlag_0050-c_min3max25-r	1900	0	0	100	0.05	1	T44	T128	25
d-phlag_0050-c_min3max25-r	1700	0	300	0	0.15	3	T76	T108	32
d-phlag_0050-c_min3max25-r	1893	7	1	99	0.05	4	T32	T188	26
d-phlag_0050-c_min3max25-r	1500	0	0	500	0.25	1	T200	T107	33
d-phlag_0050-c_min3max25-r	1010	590	400	0	0.2	1	T35	T120	12
d-phlag_0050-c_min3max25-r	1400	0	3	597	0.3	1	T158	T11	36
d-phlag_0050-c_min3max25-r	1453	47	0	500	0.25	4	T140	T194	48
d-phlag_0050-c_min3max25-r	1400	0	600	0	0.3	1	T142	T128	6
d-phlag_0050-c_min3max25-r	1600	0	0	400	0.2	5	T56	T28	28
d-phlag_0050-c_min3max25-r	1132	368	0	500	0.25	4	T89	T145	50
d-phlag_0050-c_min3max25-r	1242	558	82	118	0.1	1	T114	T186	50
d-phlag_0050-c_min3max25-r	1900	0	100	0	0.05	1	T96	T167	14
d-phlag_0050-c_min3max25-r	1601	0	399	0	0.2	3	T13	T87	5
d-phlag_0050-c_min3max25-r	1400	0	0	600	0.3	1	T28	T86	32
d-phlag_0050-c_min3max25-r	1800	0	4	196	0.1	1	T181	T154	49
d-phlag_0050-c_min3max25-r	1502	0	0	498	0.25	3	T35	T7	16
d-phlag_0050-c_min3max25-r	1500	0	500	0	0.25	2	T193	T143	30
d-phlag_0050-c_min3max25-r	1400	0	600	0	0.3	2	T145	T94	8
d-phlag_0050-c_min3max25-r	1598	2	5	395	0.2	1	T197	T161	39
d-phlag_0050-c_min3max25-r	1502	0	498	0	0.25	3	T148	T130	43
d-phlag_0050-c_min3max25-r	1700	0	300	0	0.15	5	T94	T180	11
d-phlag_0050-c_min3max25-r	1800	0	200	0	0.1	2	T57	T177	43
d-phlag_0050-c_min3max25-r	1354	46	53	547	0.3	6	T175	T76	36
d-phlag_0050-c_min3max25-r	1619	81	300	0	0.15	3	T12	T36	3
d-phlag_0050-c_min3max25-r	1495	7	1	497	0.25	3	T96	T105	47
d-phlag_0050-c_min3max25-r	1500	0	500	0	0.25	1	T82	T190	6
d-phlag_0050-c_min3max25-r	1800	0	6	194	0.1	1	T148	T86	25
d-phlag_0050-c_min3max25-r	1400	0	0	600	0.3	1	T98	T22	41
d-phlag_0050-c_min3max25-r	1794	8	0	198	0.1	3	T46	T70	1
d-phlag_0050-c_min3max25-r	1500	0	0	500	0.25	1	T44	T128	25
d-phlag_0050-c_min3max25-r	1134	466	5	395	0.2	1	T30	T188	44
d-phlag_0050-c_min3max25-r	1500	0	0	500	0.25	1	T50	T138	21
d-phlag_0050-c_min3max25-r	1397	3	6	594	0.3	2	T14	T180	4
d-phlag_0050-c_min3max25-r	905	495	231	369	0.3	1	T150	T137	44
d-phlag_0050-c_min3max25-r	1900	0	100	0	0.05	5	T185	T142	34
d-phlag_0050-c_min3max25-r	1652	48	300	0	0.15	3	T178	T149	19
d-phlag_0050-c_min3max25-r	1799	1	23	177	0.1	2	T196	T8	26
d-phlag_0050-c_min3max25-r	1400	0	600	0	0.3	1	T6	T94	32
d-phlag_0050-c_min3max25-r	1600	0	400	0	0.2	2	T6	T118	21
d-phlag_0050-c_min3max25-r	527	975	494	4	0.25	3	T90	T10	24
d-phlag_0050-c_min3max25-r	1600	0	0	400	0.2	1	T159	T119	22
d-phlag_0050-c_min3max25-r	1400	0	2	598	0.3	2	T109	T111	10
d-phlag_0050-c_min3max25-r	1700	0	300	0	0.15	1	T31	T191	25
d-phlag_0050-c_min3max25-r	1900	1	0	99	0.05	3	T71	T144	11
d-phlag_0050-c_min3max25-r	1208	192	0	600	0.3	3	T179	T106	9
d-phlag_0050-c_min3max25-r	1500	0	500	0	0.25	1	T29	T32	46
d-phlag_0050-c_min3max25-r	1377	523	0	100	0.05	1	T30	T188	44
d-phlag_0050-c_min3max25-r	1780	20	0	200	0.1	2	T20	T32	5
d-phlag_0050-c_min3max25-r	1792	108	100	0	0.05	2	T82	T155	42
d-phlag_0050-c_min3max25-r	1597	3	4	396	0.2	1	T181	T154	49
d-phlag_0050-c_min3max25-r	1900	0	1	99	0.05	2	T108	T86	6
d-phlag_0050-c_min3max25-r	1700	0	300	0	0.15	2	T171	T4	2
d-phlag_0050-c_min3max25-r	1900	0	3	97	0.05	1	T92	T64	49
d-phlag_0050-c_min3max25-r	1397	3	5	595	0.3	2	T7	T15	49
d-phlag_0050-c_min3max25-r	1591	9	393	7	0.2	1	T81	T36	13
d-phlag_0050-c_min3max25-r	1900	0	100	0	0.05	2	T136	T196	28
d-phlag_0050-c_min3max25-r	1900	0	0	100	0.05	2	T200	T123	30
d-phlag_0050-c_min3max25-r	1709	91	179	21	0.1	1	T172	T69	45
d-phlag_0050-c_min3max25-r	1800	0	200	0	0.1	2	T38	T46	33
d-phlag_0050-c_min3max25-r	1452	50	21	477	0.25	3	T109	T76	36
d-phlag_0050-c_min3max25-r	1778	22	0	200	0.1	1	T18	T5	33
d-phlag_0050-c_min3max25-r	1900	0	96	4	0.05	1	T13	T7	47
d-phlag_0050-c_min3max25-r	1900	0	100	0	0.05	1	T100	T97	31
d-phlag_0050-c_min3max25-r	1499	1	0	500	0.25	1	T57	T160	17
d-phlag_0050-c_min3max25-r	1500	0	5	495	0.25	2	T198	T101	10
d-phlag_0050-c_min3max25-r	1400	0	600	0	0.3	2	T96	T167	14
d-phlag_0050-c_min3max25-r	1899	1	0	100	0.05	1	T159	T58	33
d-phlag_0050-c_min3max25-r	1585	15	6	394	0.2	4	T57	T160	17
d-phlag_0050-c_min3max25-r	1160	540	300	0	0.15	2	T126	T100	21
d-phlag_0050-c_min3max25-r	1596	4	4	396	0.2	2	T60	T59	31
d-phlag_0050-c_min3max25-r	948	452	410	190	0.3	2	T17	T30	27
d-phlag_0050-c_min3max25-r	1601	0	399	0	0.2	3	T29	T32	46
d-phlag_0050-c_min3max25-r	1187	213	6	594	0.3	2	T32	T37	45
d-phlag_0050-c_min3max25-r	1900	0	0	100	0.05	5	T127	T134	40
d-phlag_0050-c_min3max25-r	1400	0	2	598	0.3	3	T139	T88	43
d-phlag_0050-c_min3max25-r	1800	0	200	0	0.1	2	T107	T167	8
d-phlag_0050-c_min3max25-r	1699	1	11	289	0.15	2	T37	T24	2
d-phlag_0050-c_min3max25-r	1163	537	200	100	0.15	1	T105	T80	27
d-phlag_0050-c_min3max25-r	1653	47	5	295	0.15	2	T20	T106	3
d-phlag_0050-c_min3max25-r	1700	0	300	0	0.15	1	T6	T128	16
d-phlag_0050-c_min3max25-r	1600	0	0	400	0.2	1	T56	T112	49
d-phlag_0050-c_min3max25-r	1394	6	0	600	0.3	1	T200	T151	14
d-phlag_0050-c_min3max25-r	1379	121	250	250	0.25	4	T23	T171	10
d-phlag_0050-c_min3max25-r	1600	0	400	0	0.2	1	T139	T175	47
d-phlag_0050-c_min3max25-r	1400	0	600	0	0.3	2	T126	T117	39
d-phlag_0050-c_min3max25-r	1585	16	0	399	0.2	3	T140	T194	48
d-phlag_0050-c_min3max25-r	1600	1	0	399	0.2	3	T172	T179	46
d-phlag_0050-c_min3max25-r	1116	584	299	1	0.15	4	T25	T57	1
d-phlag_0050-c_min3max25-r	1405	195	334	66	0.2	1	T125	T69	44
d-phlag_0050-c_min3max25-r	1690	10	0	300	0.15	3	T154	T107	48
d-phlag_0050-c_min3max25-r	1800	0	200	0	0.1	4	T88	T120	12
d-phlag_0050-c_min3max25-r	1500	0	500	0	0.25	1	T88	T180	19
d-phlag_0050-c_min3max25-r	1600	0	400	0	0.2	2	T136	T144	8
d-phlag_0050-c_min3max25-r	1788	12	0	200	0.1	1	T104	T131	1
d-phlag_0050-c_min3max25-r	1400	0	0	600	0.3	1	T7	T30	32
d-phlag_0050-c_min3max25-r	1398	2	0	600	0.3	3	T159	T119	22
d-phlag_0050-c_min3max25-r	1695	5	25	275	0.15	2	T96	T167	14
d-phlag_0050-c_min3max25-r	1500	0	500	0	0.25	2	T67	T22	3
d-phlag_0050-c_min3max25-r	1901	0	99	0	0.05	3	T102	T158	16
d-phlag_0050-c_min3max25-r	1900	0	0	100	0.05	1	T1	T117	30
d-phlag_0050-c_min3max25-r	1898	3	5	94	0.05	3	T107	T17	29
d-phlag_0050-c_min3max25-r	1800	0	200	0	0.1	2	T191	T91	3
d-phlag_0050-c_min3max25-r	1119	581	176	124	0.15	2	T77	T87	27
d-phlag_0050-c_min3max25-r	1496	4	0	500	0.25	1	T151	T102	1
d-phlag_0050-c_min3max25-r	1600	0	2	398	0.2	2	T53	T158	43
d-phlag_0050-c_min3max25-r	1904	0	80	16	0.05	6	T102	T113	10
d-phlag_0050-c_min3max25-r	1770	30	3	197	0.1	2	T159	T58	33
d-phlag_0050-c_min3max25-r	1799	1	0	200	0.1	1	T4	T5	22
d-phlag_0050-c_min3max25-r	1097	503	211	189	0.2	2	T193	T33	50
d-phlag_0050-c_min3max25-r	1696	4	4	296	0.15	1	T49	T114	30
d-phlag_0050-c_min3max25-r	1395	5	0	600	0.3	2	T108	T137	11
d-phlag_0050-c_min3max25-r	1226	574	0	200	0.1	2	T89	T145	50
d-phlag_0050-c_min3max25-r	1174	426	303	97	0.2	1	T134	T88	24
d-phlag_0050-c_min3max25-r	1786	16	0	198	0.1	3	T172	T179	46
d-phlag_0050-c_min3max25-r	1700	0	239	61	0.15	1	T59	T136	28
d-phlag_0050-c_min3max25-r	1800	100	0	100	0.05	2	T143	T121	35
d-phlag_0050-c_min3max25-r	1499	1	0	500	0.25	2	T23	T195	39
d-phlag_0050-c_min3max25-r	757	643	600	0	0.3	2	T139	T115	38
d-phlag_0050-c_min3max25-r	1181	419	0	400	0.2	1	T118	T90	50
d-phlag_0050-c_min3max25-r	1451	49	3	497	0.25	2	T153	T30	29
d-phlag_0050-c_min3max25-r	1700	0	0	300	0.15	1	T70	T7	17
d-phlag_0050-c_min3max25-r	1156	344	3	497	0.25	5	T136	T75	50
d-phlag_0050-c_min3max25-r	1502	0	498	0	0.25	3	T16	T97	15
d-phlag_0050-c_min3max25-r	1449	51	0	500	0.25	1	T141	T66	42
d-phlag_0050-c_min3max25-r	1498	304	190	8	0.1	3	T68	T126	37
d-phlag_0050-c_min3max25-r	1083	717	131	69	0.1	2	T18	T89	27
d-phlag_0050-c_min3max25-r	1493	9	3	495	0.25	3	T86	T59	43
d-phlag_0050-c_min3max25-r	1395	5	0	600	0.3	1	T63	T46	7
d-phlag_0050-c_min3max25-r	1715	185	0	100	0.05	2	T47	T130	45
d-phlag_0050-c_min3max25-r	1900	0	100	0	0.05	2	T184	T14	42
d-phlag_0050-c_min3max25-r	1601	0	399	0	0.2	3	T171	T4	2
d-phlag_0050-c_min3max25-r	1498	2	0	500	0.25	1	T177	T124	35
d-phlag_0050-c_min3max25-r	1795	7	1	197	0.1	3	T96	T105	47
d-phlag_0050-c_min3max25-r	1380	20	0	600	0.3	1	T153	T30	29
d-phlag_0050-c_min3max25-r	1800	0	8	192	0.1	1	T130	T177	42
d-phlag_0050-c_min3max25-r	1790	12	198	0	0.1	3	T197	T176	4
d-phlag_0050-c_min3max25-r	1700	0	300	0	0.15	2	T37	T28	11
d-phlag_0050-c_min3max25-r	1700	0	300	0	0.15	1	T13	T160	37
d-phlag_0050-c_min3max25-r	1600	0	0	400	0.2	2	T94	T171	34
d-phlag_0050-c_min3max25-r	1357	43	0	600	0.3	1	T27	T24	14
d-phlag_0050-c_min3max25-r	1400	0	600	0	0.3	1	T2	T176	20
d-phlag_0050-c_min3max25-r	1271	529	200	0	0.1	2	T47	T32	26
d-phlag_0050-c_min3max25-r	1600	0	0	400	0.2	2	T67	T68	29
d-phlag_0050-c_min3max25-r	1788	14	0	198	0.1	6	T10	T8	1
d-phlag_0050-c_min3max25-r	1800	0	7	193	0.1	1	T151	T183	29
d-phlag_0050-c_min3max25-r	1549	52	314	85	0.2	3	T113	T29	36
d-phlag_0050-c_min3max25-r	1596	4	0	400	0.2	2	T20	T124	35
d-phlag_0050-c_min3max25-r	1898	2	0	100	0.05	1	T51	T110	40
d-phlag_0050-c_min3max25-r	1500	0	1	499	0.25	2	T53	T162	11
d-phlag_0050-c_min3max25-r	1597	3	18	382	0.2	2	T16	T190	42
d-phlag_0050-c_min3max25-r	1598	2	0	400	0.2	1	T48	T177	28
d-phlag_0050-c_min3max25-r	1400	0	600	0	0.3	2	T14	T40	34
d-phlag_0050-c_min3max25-r	1600	0	400	0	0.2	2	T6	T128	16
d-phlag_0050-c_min3max25-r	1694	6	3	297	0.15	1	T177	T109	13
d-phlag_0050-c_min3max25-r	1900	0	100	0	0.05	2	T22	T11	29
d-phlag_0050-c_min3max25-r	1497	3	3	497	0.25	2	T130	T177	42
d-phlag_0050-c_min3max25-r	1700	0	1	299	0.15	1	T106	T158	8
d-phlag_0050-c_min3max25-r	1399	1	0	600	0.3	2	T33	T31	19
d-phlag_0050-c_min3max25-r	1396	4	49	551	0.3	4	T142	T10	17
d-phlag_0050-c_min3max25-r	1203	197	14	586	0.3	3	T145	T172	44
d-phlag_0050-c_min3max25-r	1900	0	100	0	0.05	1	T8	T54	38
d-phlag_0050-c_min3max25-r	1502	0	498	0	0.25	3	T181	T9	36
d-phlag_0050-c_min3max25-r	1496	6	0	498	0.25	3	T29	T187	29
d-phlag_0050-c_min3max25-r	1700	0	180	120	0.15	2	T17	T197	5
d-phlag_0050-c_min3max25-r	1600	0	210	190	0.2	2	T126	T100	21
d-phlag_0050-c_min3max25-r	1683	17	1	299	0.15	4	T117	T137	40
d-phlag_0050-c_min3max25-r	1500	0	0	500	0.25	1	T115	T171	15
d-phlag_0050-c_min3max25-r	1485	15	500	0	0.25	1	T101	T126	4
d-phlag_0050-c_min3max25-r	1380	420	137	63	0.1	4	T144	T28	44
d-phlag_0050-c_min3max25-r	1900	0	0	100	0.05	2	T101	T107	17
d-phlag_0050-c_min3max25-r	1141	259	1	599	0.3	1	T191	T161	39
d-phlag_0050-c_min3max25-r	1600	0	0	400	0.2	2	T58	T103	21
d-phlag_0050-c_min3max25-r	1700	0	0	300	0.15	1	T125	T141	18
d-phlag_0050-c_min3max25-r	1400	0	0	600	0.3	2	T46	T70	1
d-phlag_0050-c_min3max25-r	1389	11	0	600	0.3	1	T10	T8	1
d-phlag_0050-c_min3max25-r	1798	4	2	196	0.1	3	T71	T144	20
d-phlag_0050-c_min3max25-r	1700	0	0	300	0.15	1	T174	T115	28
d-phlag_0050-c_min3max25-r	1500	0	0	500	0.25	1	T158	T11	36
d-phlag_0050-c_min3max25-r	1700	0	0	300	0.15	2	T94	T171	34
d-phlag_0050-c_min3max25-r	1387	13	4	596	0.3	2	T8	T54	38
d-phlag_0050-c_min3max25-r	1797	3	0	200	0.1	1	T125	T141	18
d-phlag_0050-c_min3max25-r	1495	5	0	500	0.25	2	T187	T11	14
d-phlag_0050-c_min3max25-r	1400	0	600	0	0.3	4	T138	T99	25
d-phlag_0050-c_min3max25-r	1558	42	0	400	0.2	2	T166	T34	28
d-phlag_0050-c_min3max25-r	1400	0	600	0	0.3	1	T193	T113	14
d-phlag_0050-c_min3max25-r	1375	25	17	583	0.3	2	T173	T48	9
d-phlag_0050-c_min3max25-r	1600	0	400	0	0.2	2	T30	T47	37
d-phlag_0050-c_min3max25-r	1799	1	0	200	0.1	2	T111	T137	11
d-phlag_0050-c_min3max25-r	1700	0	0	300	0.15	1	T121	T93	5
d-phlag_0050-c_min3max25-r	1861	39	1	99	0.05	2	T57	T196	42
d-phlag_0050-c_min3max25-r	1593	7	0	400	0.2	2	T52	T29	6
d-phlag_0050-c_min3max25-r	1465	35	250	250	0.25	2	T14	T148	10
d-phlag_0050-c_min3max25-r	1900	0	4	96	0.05	2	T46	T70	1
d-phlag_0050-c_min3max25-r	1800	0	0	200	0.1	2	T139	T159	15
d-phlag_0050-c_min3max25-r	1400	0	0	600	0.3	1	T29	T187	29
d-phlag_0050-c_min3max25	1500	0	500	0	0.25	1	T10	T30	10
d-phlag_0050-c_min3max25	1900	0	100	0	0.05	1	T88	T120	12
d-phlag_0050-c_min3max25	1824	76	0	100	0.05	1	T114	T140	37
d-phlag_0050-c_min3max25	1800	0	200	0	0.1	2	T118	T78	17
d-phlag_0050-c_min3max25	1700	0	0	300	0.15	1	T119	T198	9
d-phlag_0050-c_min3max25	1891	9	0	100	0.05	2	T8	T13	35
d-phlag_0050-c_min3max25	1500	2	1	497	0.25	3	T54	T121	30
d-phlag_0050-c_min3max25	1500	0	500	0	0.25	4	T137	T3	18
d-phlag_0050-c_min3max25	1327	73	0	600	0.3	3	T115	T44	46
d-phlag_0050-c_min3max25	1700	0	300	0	0.15	1	T148	T130	43
d-phlag_0050-c_min3max25	1600	0	400	0	0.2	1	T100	T97	31
d-phlag_0050-c_min3max25	1600	0	0	400	0.2	2	T200	T123	30
d-phlag_0050-c_min3max25	1189	211	446	154	0.3	2	T90	T10	24
d-phlag_0050-c_min3max25	1332	468	118	82	0.1	1	T151	T134	24
d-phlag_0050-c_min3max25	1886	14	9	91	0.05	1	T193	T127	10
d-phlag_0050-c_min3max25	1598	3	8	391	0.2	3	T102	T113	10
d-phlag_0050-c_min3max25	1900	1	2	97	0.05	3	T106	T158	8
d-phlag_0050-c_min3max25	1792	10	0	198	0.1	3	T50	T138	21
d-phlag_0050-c_min3max25	1337	163	63	437	0.25	4	T105	T136	49
d-phlag_0050-c_min3max25	1601	0	399	0	0.2	3	T181	T9	36
d-phlag_0050-c_min3max25	1388	12	28	572	0.3	2	T106	T158	43
d-phlag_0050-c_min3max25	1597	103	0	300	0.15	1	T113	T29	36
d-phlag_0050-c_min3max25	1698	2	4	296	0.15	1	T166	T34	28
d-phlag_0050-c_min3max25	1188	614	98	100	0.1	3	T46	T167	27
d-phlag_0050-c_min3max25	1600	0	0	400	0.2	1	T51	T91	47
d-phlag_0050-c_min3max25	1086	314	488	112	0.3	4	T85	T19	44
d-phlag_0050-c_min3max25	1897	3	0	100	0.05	1	T52	T29	6
d-phlag_0050-c_min3max25	2	1398	600	0	0.3	1	T24	T115	23
d-phlag_0050-c_min3max25	1600	0	400	0	0.2	1	T137	T102	43
d-phlag_0050-c_min3max25	1569	332	83	16	0.05	3	T144	T28	44
d-phlag_0050-c_min3max25	1900	0	100	0	0.05	2	T71	T37	10
d-phlag_0050-c_min3max25	1600	0	58	342	0.2	2	T141	T66	42
d-phlag_0050-c_min3max25	1500	0	8	492	0.25	1	T107	T17	29
d-phlag_0050-c_min3max25	1502	0	0	498	0.25	3	T133	T140	7
d-phlag_0050-c_min3max25	0	1700	300	0	0.15	1	T84	T104	46
d-phlag_0050-c_min3max25	1800	0	200	0	0.1	2	T124	T144	29
d-phlag_0050-c_min3max25	1769	131	0	100	0.05	2	T185	T6	9
d-phlag_0050-c_min3max25	1400	0	2	598	0.3	2	T108	T86	6
d-phlag_0050-c_min3max25	1800	0	200	0	0.1	1	T15	T112	17
d-phlag_0050-c_min3max25	1800	0	200	0	0.1	1	T48	T185	32
d-phlag_0050-c_min3max25	1600	0	400	0	0.2	1	T37	T28	11
d-phlag_0050-c_min3max25	1599	1	0	400	0.2	1	T114	T152	3
d-phlag_0050-c_min3max25	1700	0	300	0	0.15	2	T137	T102	43
d-phlag_0050-c_min3max25	0	1700	0	300	0.15	1	T58	T103	21
d-phlag_0050-c_min3max25	1600	0	400	0	0.2	1	T96	T167	14
d-phlag_0050-c_min3max25	1800	0	200	0	0.1	2	T116	T22	3
d-phlag_0050-c_min3max25	0	1600	392	8	0.2	1	T7	T68	41
d-phlag_0050-c_min3max25	19	1481	500	0	0.25	1	T14	T180	4
d-phlag_0050-c_min3max25	2	1798	200	0	0.1	1	T20	T124	35
d-phlag_0050-c_min3max25	0	1800	200	0	0.1	4	T133	T140	7
d-phlag_0050-c_min3max25	1400	0	2	598	0.3	2	T192	T68	26
d-phlag_0050-c_min3max25	1601	0	399	0	0.2	3	T148	T130	43
d-phlag_0050-c_min3max25	1400	0	0	600	0.3	2	T165	T132	7
d-phlag_0050-c_min3max25	4	1696	300	0	0.15	1	T175	T194	41
d-phlag_0050-c_min3max25	1695	5	16	284	0.15	4	T54	T88	28
d-phlag_0050-c_min3max25	0	1800	200	0	0.1	1	T115	T171	15
d-phlag_0050-c_min3max25	1900	0	7	93	0.05	1	T168	T147	30
d-phlag_0050-c_min3max25	1399	1	0	600	0.3	1	T107	T198	19
d-phlag_0050-c_min3max25	0	1700	300	0	0.15	3	T149	T49	21
d-phlag_0050-c_min3max25	4	1796	199	1	0.1	2	T19	T7	25
d-phlag_0050-c_min3max25	0	1500	500	0	0.25	1	T12	T60	34
d-phlag_0050-c_min3max25	1598	2	0	400	0.2	1	T29	T116	20
d-phlag_0050-c_min3max25	1791	9	1	199	0.1	2	T13	T7	47
d-phlag_0050-c_min3max25	1600	0	400	0	0.2	1	T194	T41	19
d-phlag_0050-c_min3max25	1900	0	100	0	0.05	2	T177	T124	35
d-phlag_0050-c_min3max25	1800	0	200	0	0.1	1	T137	T102	43
d-phlag_0050-c_min3max25	0	1600	400	0	0.2	1	T91	T196	20
d-phlag_0050-c_min3max25	1700	0	300	0	0.15	1	T85	T31	25
d-phlag_0050-c_min3max25	1900	0	0	100	0.05	1	T90	T80	40
d-phlag_0050-c_min3max25	1495	7	1	497	0.25	3	T57	T86	32
d-phlag_0050-c_min3max25	1599	2	0	399	0.2	3	T137	T106	1
d-phlag_0050-c_min3max25	1292	608	70	30	0.05	2	T85	T19	44
d-phlag_0050-c_min3max25	1598	2	1	399	0.2	2	T59	T136	28
d-phlag_0050-c_min3max25	0	1500	476	24	0.25	1	T185	T6	9
d-phlag_0050-c_min3max25	45	1355	600	0	0.3	1	T111	T137	11
d-phlag_0050-c_min3max25	904	996	21	79	0.05	1	T136	T54	24
d-phlag_0050-c_min3max25	0	1502	0	498	0.25	3	T64	T181	41
d-phlag_0050-c_min3max25	1700	0	300	0	0.15	2	T150	T36	4
d-phlag_0050-c_min3max25	17	1583	400	0	0.2	2	T83	T62	47
d-phlag_0050-c_min3max25	1400	0	600	0	0.3	2	T16	T97	15
d-phlag_0050-c_min3max25	1700	0	300	0	0.15	1	T30	T47	37
d-phlag_0050-c_min3max25	1400	0	600	0	0.3	3	T131	T67	38
d-phlag_0050-c_min3max25	1489	11	0	500	0.25	2	T8	T54	38
d-phlag_0050-c_min3max25	3	1598	399	0	0.2	3	T12	T60	34
d-phlag_0050-c_min3max25	1470	30	500	0	0.25	2	T68	T111	6
d-phlag_0050-c_min3max25	1328	72	26	574	0.3	1	T172	T111	6
d-phlag_0050-c_min3max25	0	1600	400	0	0.2	1	T84	T13	33
d-phlag_0050-c_min3max25	1485	15	0	500	0.25	1	T17	T197	5
d-phlag_0050-c_min3max25	1900	0	100	0	0.05	1	T133	T156	49
d-phlag_0050-c_min3max25	1700	0	300	0	0.15	1	T15	T6	22
d-phlag_0050-c_min3max25	0	1502	498	0	0.25	3	T169	T170	2
d-phlag_0050-c_min3max25	1398	2	2	598	0.3	3	T157	T124	33
d-phlag_0050-c_min3max25	26	1575	398	1	0.2	3	T143	T121	35
d-phlag_0050-c_min3max25	0	1500	500	0	0.25	1	T198	T102	40
d-phlag_0050-c_min3max25	0	1800	0	200	0.1	1	T136	T196	28
d-phlag_0050-c_min3max25	10	1890	100	0	0.05	1	T139	T102	21
d-phlag_0050-c_min3max25	1900	1	0	99	0.05	3	T7	T68	41
d-phlag_0050-c_min3max25	1394	6	4	596	0.3	3	T68	T170	41
d-phlag_0050-c_min3max25	1587	14	1	398	0.2	3	T137	T116	39
d-phlag_0050-c_min3max25	0	1800	200	0	0.1	1	T85	T79	31
d-phlag_0050-c_min3max25	1396	4	2	598	0.3	2	T184	T30	49
d-phlag_0050-c_min3max25	0	1500	500	0	0.25	2	T136	T110	31
d-phlag_0050-c_min3max25	1076	624	162	138	0.15	1	T103	T130	27
d-phlag_0050-c_min3max25	0	1900	100	0	0.05	1	T51	T152	38
d-phlag_0050-c_min3max25	1699	1	14	286	0.15	2	T98	T22	41
d-phlag_0050-c_min3max25	1502	0	498	0	0.25	3	T30	T47	37
d-phlag_0050-c_min3max25	1800	0	200	0	0.1	2	T41	T66	22
d-phlag_0050-c_min3max25	1894	7	6	93	0.05	3	T148	T86	25
d-phlag_0050-c_min3max25	1459	341	200	0	0.1	1	T157	T198	11
d-phlag_0050-c_min3max25	1700	0	0	300	0.15	1	T1	T117	30
d-phlag_0050-c_min3max25	1901	0	99	0	0.05	3	T69	T33	19
d-phlag_0050-c_min3max25	1544	56	3	397	0.2	2	T63	T46	7
d-phlag_0050-c_min3max25	1900	0	2	98	0.05	2	T176	T152	48
d-phlag_0050-c_min3max25	1901	0	99	0	0.05	3	T138	T99	25
d-phlag_0050-c_min3max25	1573	27	0	400	0.2	1	T57	T44	14
d-phlag_0050-c_min3max25	1498	2	0	500	0.25	1	T167	T106	4
d-phlag_0050-c_min3max25	1595	5	0	400	0.2	1	T24	T150	34
d-phlag_0050-c_min3max25	1901	0	99	0	0.05	3	T88	T180	19
d-phlag_0050-c_min3max25	1600	0	400	0	0.2	1	T125	T168	16
d-phlag_0050-c_min3max25	0	1800	200	0	0.1	1	T140	T110	20
d-phlag_0050-c_min3max25	1700	0	0	300	0.15	1	T83	T138	39
d-phlag_0050-c_min3max25	1697	3	0	300	0.15	1	T57	T44	14
d-phlag_0050-c_min3max25	3	1397	600	0	0.3	1	T1	T117	30
d-phlag_0050-c_min3max25	1901	0	0	99	0.05	3	T58	T103	21
d-phlag_0050-c_min3max25	0	1601	0	399	0.2	3	T125	T64	1
d-phlag_0050-c_min3max25	1700	0	300	0	0.15	1	T50	T148	10
d-phlag_0050-c_min3max25	1798	2	0	200	0.1	1	T110	T26	2
d-phlag_0050-c_min3max25	1900	0	100	0	0.05	1	T194	T41	19
d-phlag_0050-c_min3max25	1400	0	600	0	0.3	3	T31	T191	25
d-phlag_0050-c_min3max25	1593	7	400	0	0.2	2	T197	T36	24
d-phlag_0050-c_min3max25	997	803	0	200	0.1	1	T69	T86	27
d-phlag_0050-c_min3max25	1400	0	2	598	0.3	3	T43	T112	41
d-phlag_0050-c_min3max25	9	1691	300	0	0.15	1	T140	T194	48
d-phlag_0050-c_min3max25	1600	0	4	396	0.2	1	T118	T135	12
d-phlag_0050-c_min3max25	0	1900	0	100	0.05	2	T110	T26	2
d-phlag_0050-c_min3max25	1699	1	0	300	0.15	1	T73	T127	40
d-phlag_0050-c_min3max25	1901	0	10	89	0.05	3	T109	T71	42
d-phlag_0050-c_min3max25	1800	0	4	196	0.1	2	T106	T158	8
d-phlag_0050-c_min3max25	1897	3	0	100	0.05	2	T184	T30	49
d-phlag_0050-c_min3max25	1201	499	0	300	0.15	3	T120	T43	50
d-phlag_0050-c_min3max25	1900	0	100	0	0.05	2	T144	T195	28
d-phlag_0050-c_min3max25	1900	0	100	0	0.05	2	T14	T40	34
d-phlag_0050-c_min3max25	1087	313	498	102	0.3	1	T144	T28	44
d-phlag_0050-c_min3max25	1783	17	104	96	0.1	2	T142	T10	17
d-phlag_0050-c_min3max25	1398	2	600	0	0.3	3	T12	T36	3
d-phlag_0050-c_min3max25	1393	7	1	599	0.3	2	T24	T150	34
d-phlag_0050-c_min3max25	1697	3	130	170	0.15	3	T69	T33	19
d-phlag_0050-c_min3max25	1199	402	0	399	0.2	3	T145	T172	44
d-phlag_0050-c_min3max25	1407	95	498	0	0.25	3	T132	T99	2
d-phlag_0050-c_min3max25	1600	0	400	0	0.2	1	T41	T66	22
d-phlag_0050-c_min3max25	1	1899	100	0	0.05	1	T85	T79	31
d-phlag_0050-c_min3max25	1782	20	2	196	0.1	3	T86	T61	13
d-phlag_0050-c_min3max25	0	1700	300	0	0.15	1	T62	T40	20
d-phlag_0050-c_min3max25	1592	8	6	394	0.2	2	T175	T81	18
d-phlag_0050-c_min3max25	1500	0	500	0	0.25	2	T16	T49	9
d-phlag_0050-c_min3max25	1894	7	1	98	0.05	3	T166	T177	30
d-phlag_0050-c_min3max25	1801	1	1	197	0.1	3	T78	T150	47
d-phlag_0050-c_min3max25	0	1700	0	300	0.15	4	T125	T168	16
d-phlag_0050-c_min3max25	1489	13	498	0	0.25	3	T3	T68	4
d-phlag_0050-c_min3max25	1502	0	498	0	0.25	3	T22	T11	29
d-phlag_0050-c_min3max25	1500	0	500	0	0.25	2	T140	T102	6
d-phlag_0050-c_min3max25	3	1797	200	0	0.1	4	T70	T7	17
d-phlag_0050-c_min3max25	723	677	0	600	0.3	1	T69	T86	27
d-phlag_0050-c_min3max25	1900	0	100	0	0.05	2	T171	T4	2
d-phlag_0050-c_min3max25	3	1397	600	0	0.3	1	T86	T61	13
d-phlag_0050-c_min3max25	473	1327	200	0	0.1	1	T14	T148	10
d-phlag_0050-c_min3max25	0	1700	300	0	0.15	4	T87	T18	29
d-phlag_0050-c_min3max25	0	1500	500	0	0.25	2	T99	T180	26
d-phlag_0050-c_min3max25	1498	2	3	497	0.25	2	T8	T13	35
d-phlag_0050-c_min3max25	1121	479	0	400	0.2	2	T38	T181	50
d-phlag_0050-c_min3max25	8	1893	99	0	0.05	3	T15	T102	14
d-phlag_0050-c_min3max25	1900	0	100	0	0.05	1	T170	T90	12
d-phlag_0050-c_min3max25	1900	0	100	0	0.05	1	T112	T147	23
d-phlag_0050-c_min3max25	1800	0	200	0	0.1	2	T72	T119	16
d-phlag_0050-c_min3max25	1600	0	3	397	0.2	2	T4	T5	22
d-phlag_0050-c_min3max25	39	1361	596	4	0.3	3	T92	T64	49
d-phlag_0050-c_min3max25	1302	98	0	600	0.3	2	T84	T14	45
d-phlag_0050-c_min3max25	82	1518	399	1	0.2	1	T14	T180	4
d-phlag_0050-c_min3max25	1890	10	0	100	0.05	1	T15	T112	17
d-phlag_0050-c_min3max25	1582	18	202	198	0.2	2	T88	T120	12
d-phlag_0050-c_min3max25	1473	27	0	500	0.25	1	T138	T132	9
d-phlag_0050-c_min3max25	1399	1	0	600	0.3	2	T177	T124	35
d-phlag_0050-c_min3max25	2	1398	600	0	0.3	2	T52	T29	6
d-phlag_0050-c_min3max25	1700	0	300	0	0.15	4	T117	T95	31
d-phlag_0050-c_min3max25	1898	2	0	100	0.05	1	T20	T82	6
d-phlag_0050-c_min3max25	1596	104	0	300	0.15	1	T27	T24	14
d-phlag_0050-c_min3max25	1700	0	300	0	0.15	4	T89	T124	21
d-phlag_0050-c_min3max25	1686	14	49	251	0.15	3	T55	T68	17
d-phlag_0050-c_min3max25	1699	1	6	294	0.15	2	T198	T101	10
d-phlag_0050-c_min3max25	1500	0	0	500	0.25	1	T24	T115	23
d-phlag_0050-c_min3max25	1400	0	0	600	0.3	2	T12	T60	34
d-phlag_0050-c_min3max25	2	1598	400	0	0.2	2	T62	T40	20
d-phlag_0050-c_min3max25	1500	0	500	0	0.25	2	T112	T147	23
d-phlag_0050-c_min3max25	1700	0	300	0	0.15	1	T18	T5	33
d-phlag_0050-c_min3max25	1794	6	0	200	0.1	2	T87	T186	16
d-phlag_0050-c_min3max25	1898	2	2	98	0.05	2	T117	T71	5
d-phlag_0050-c_min3max25	1563	37	0	400	0.2	2	T129	T108	48
d-phlag_0050-c_min3max25	1464	136	15	385	0.2	2	T27	T24	14
d-phlag_0050-c_min3max25	1364	36	593	7	0.3	5	T170	T91	13
d-phlag_0050-c_min3max25	1399	1	0	600	0.3	1	T177	T109	13
d-phlag_0050-c_min3max25	1700	0	2	298	0.15	3	T80	T81	4
d-phlag_0050-c_min3max25	1696	4	28	272	0.15	2	T137	T116	39
d-phlag_0050-c_min3max25	1224	676	58	42	0.05	2	T9	T123	27
d-phlag_0050-c_min3max25	1800	0	200	0	0.1	1	T23	T171	10
d-phlag_0050-c_min3max25	1399	1	17	583	0.3	3	T113	T15	49
d-phlag_0050-c_min3max25	1400	0	91	509	0.3	1	T6	T112	2
d-phlag_0050-c_min3max25	1218	182	1	599	0.3	1	T172	T69	45
d-phlag_0050-c_min3max25	13	1887	100	0	0.05	2	T198	T61	3
d-phlag_0050-c_min3max25	1700	0	300	0	0.15	2	T110	T158	12
d-phlag_0050-c_min3max25	1569	31	290	110	0.2	2	T72	T119	16
d-phlag_0050-c_min3max25	1400	0	600	0	0.3	1	T116	T22	3
d-phlag_0050-c_min3max25	1116	384	2	498	0.25	2	T151	T134	24
d-phlag_0050-c_min3max25	1535	165	298	2	0.15	1	T79	T172	45
d-phlag_0050-c_min3max25	4	1596	400	0	0.2	2	T136	T105	40
d-phlag_0050-c_min3max25	1357	43	0	600	0.3	1	T100	T97	31
d-phlag_0050-c_min3max25	1900	0	3	97	0.05	1	T159	T40	8
d-phlag_0050-c_min3max25	1800	0	200	0	0.1	1	T192	T23	48
d-phlag_0050-c_min3max25	0	1700	299	1	0.15	2	T171	T77	31
d-phlag_0050-c_min3max25	1590	10	1	399	0.2	2	T20	T32	5
d-phlag_0050-c_min3max25	1800	0	200	0	0.1	2	T68	T97	15
d-phlag_0050-c_min3max25	1896	4	6	94	0.05	1	T115	T44	46
d-phlag_0050-c_min3max25	17	1383	600	0	0.3	3	T138	T147	38
d-phlag_0050-c_min3max25	1900	0	54	46	0.05	2	T175	T76	36
d-phlag_0050-c_min3max25	1800	0	200	0	0.1	2	T115	T44	46
d-phlag_0050-c_min3max25	1500	0	500	0	0.25	1	T169	T200	24
d-phlag_0050-c_min3max25	1472	128	353	47	0.2	2	T79	T172	45
d-phlag_0050-c_min3max25	1500	0	500	0	0.25	1	T126	T100	21
d-phlag_0050-c_min3max25	1600	0	400	0	0.2	2	T140	T102	6
d-phlag_0050-c_min3max25	0	1900	100	0	0.05	1	T62	T40	20
d-phlag_0050-c_min3max25	1800	0	23	177	0.1	1	T175	T76	36
d-phlag_0050-c_min3max25	1400	0	0	600	0.3	1	T171	T33	26
d-phlag_0050-c_min3max25	4	1396	600	0	0.3	2	T9	T124	40
d-phlag_0050-c_min3max25	1022	378	0	600	0.3	2	T53	T175	44
d-phlag_0050-c_min3max25	1600	0	400	0	0.2	2	T2	T142	34
d-phlag_0050-c_min3max25	1053	449	0	498	0.25	3	T120	T43	50
d-phlag_0050-c_min3max25	1800	0	0	200	0.1	2	T150	T171	2
d-phlag_0050-c_min3max25	1897	3	2	98	0.05	2	T71	T144	20
d-phlag_0050-c_min3max25	1793	9	9	189	0.1	3	T17	T198	23
d-phlag_0050-c_min3max25	1385	15	593	7	0.3	1	T97	T32	13
d-phlag_0050-c_min3max25	1696	4	300	0	0.15	1	T25	T44	37
d-phlag_0050-c_min3max25	1793	7	1	199	0.1	1	T70	T194	21
d-phlag_0050-c_min3max25	91	1810	99	0	0.05	3	T80	T81	4
d-phlag_0050-c_min3max25	1897	3	10	90	0.05	4	T54	T121	30
d-phlag_0050-c_min3max25	1500	0	500	0	0.25	1	T116	T22	3
d-phlag_0050-c_min3max25	1900	0	7	93	0.05	2	T109	T111	10
d-phlag_0050-c_min3max25	1400	0	600	0	0.3	4	T10	T30	10
d-phlag_0050-c_min3max25	1716	84	191	9	0.1	2	T82	T155	42
d-phlag_0050-c_min3max25	9	1791	200	0	0.1	2	T65	T142	20
d-phlag_0050-c_min3max25	1500	0	4	496	0.25	1	T32	T188	26
d-phlag_0050-c_min3max25	1499	1	0	500	0.25	2	T166	T177	30
d-phlag_0050-c_min3max25	1460	140	0	400	0.2	2	T9	T199	45
d-phlag_0050-c_min3max25	888	512	416	184	0.3	2	T139	T123	27
d-phlag_0050-c_min3max25	1601	0	292	107	0.2	3	T142	T118	9
d-phlag_0050-c_min3max25	0	1500	500	0	0.25	2	T118	T48	32
d-phlag_0050-c_min3max25	1500	2	4	494	0.25	3	T157	T198	11
d-phlag_0050-c_min3max25	10	1890	100	0	0.05	1	T171	T77	31
d-phlag_0050-c_min3max25	1690	10	0	300	0.15	1	T24	T36	47
d-phlag_0050-c_min3max25	1400	0	5	595	0.3	3	T1	T140	37
d-phlag_0050-c_min3max25	31	1369	600	0	0.3	1	T187	T11	14
d-phlag_0050-c_min3max25	1797	3	0	200	0.1	2	T58	T103	21
d-phlag_0050-c_min3max25	29	1371	597	3	0.3	3	T54	T121	30
d-phlag_0050-c_min3max25	1400	0	600	0	0.3	1	T81	T56	48
d-phlag_0050-c_min3max25	0	1400	600	0	0.3	1	T161	T158	8
d-phlag_0050-c_min3max25	1534	67	139	260	0.2	3	T14	T148	10
d-phlag_0050-c_min3max25	1791	11	133	65	0.1	3	T18	T11	48
d-phlag_0050-c_min3max25	1270	130	33	567	0.3	4	T20	T61	42
d-phlag_0050-c_min3max25	1400	0	0	600	0.3	2	T14	T127	12
d-phlag_0050-c_min3max25	1700	0	300	0	0.15	1	T82	T190	6
d-phlag_0050-c_min3max25	1400	0	600	0	0.3	2	T136	T196	28
d-phlag_0050-c_min3max25	1802	0	198	0	0.1	3	T130	T52	43
d-phlag_0050-c_min3max25	1545	55	1	399	0.2	2	T109	T76	36
d-phlag_0050-c_min3max25	1898	3	0	99	0.05	3	T117	T95	31
d-phlag_0050-c_min3max25	1800	0	0	200	0.1	5	T149	T49	21
d-phlag_0050-c_min3max25	1586	14	11	389	0.2	2	T108	T137	11
d-phlag_0050-c_min3max25	0	1500	500	0	0.25	4	T43	T21	25
d-phlag_0050-c_min3max25	1396	4	10	590	0.3	2	T25	T56	7
d-phlag_0050-c_min3max25	841	559	67	533	0.3	1	T105	T80	27
d-phlag_0050-c_min3max25	1600	0	0	400	0.2	2	T175	T194	41
d-phlag_0050-c_min3max25	0	1600	0	400	0.2	2	T24	T36	47
d-phlag_0050-c_min3max25	2	1800	198	0	0.1	3	T171	T77	31
d-phlag_0050-c_min3max25	1802	0	3	195	0.1	3	T16	T115	32
d-phlag_0050-c_min3max25	0	1502	498	0	0.25	3	T70	T7	17
d-phlag_0050-c_min3max25	0	1901	99	0	0.05	3	T70	T7	17
d-phlag_0050-c_min3max25	1600	0	0	400	0.2	1	T195	T176	34
d-phlag_0050-c_min3max25	1397	3	1	599	0.3	1	T50	T1	14
d-phlag_0050-c_min3max25	1696	4	8	292	0.15	2	T14	T180	4
d-phlag_0050-c_min3max25	1800	0	200	0	0.1	1	T132	T61	32
d-phlag_0050-c_min3max25	1800	0	0	200	0.1	1	T25	T128	30
d-phlag_0050-c_min3max25	1600	0	400	0	0.2	2	T81	T56	48
d-phlag_0050-c_min3max25	1492	8	500	0	0.25	1	T126	T75	41
d-phlag_0050-c_min3max25	1697	3	0	300	0.15	2	T53	T162	11
d-phlag_0050-c_min3max25	27	1673	300	0	0.15	3	T135	T177	4
d-phlag_0050-c_min3max25	1799	1	3	197	0.1	2	T51	T110	40
d-phlag_0050-c_min3max25	1800	0	200	0	0.1	2	T81	T56	48
d-phlag_0050-c_min3max25	1500	0	2	498	0.25	2	T174	T115	28
d-phlag_0050-c_min3max25	1598	3	3	396	0.2	3	T159	T58	33
d-phlag_0050-c_min3max25	1600	0	15	385	0.2	1	T36	T83	35
d-phlag_0050-c_min3max25	1700	0	0	300	0.15	1	T94	T180	29
d-phlag_0050-c_min3max25	3	1797	197	3	0.1	1	T24	T36	47
d-phlag_0050-c_min3max25	1598	2	1	399	0.2	1	T176	T46	37
d-phlag_0050-c_min3max25	1379	521	100	0	0.05	2	T171	T24	37
d-phlag_0050-c_min3max25	1699	1	2	298	0.15	4	T74	T152	48
d-phlag_0050-c_min3max25	1643	57	35	265	0.15	4	T142	T10	17
d-phlag_0050-c_min3max25	1600	0	8	392	0.2	1	T25	T57	1
d-phlag_0050-c_min3max25	29	1371	600	0	0.3	3	T128	T77	35
d-phlag_0050-c_min3max25	0	1500	500	0	0.25	2	T30	T18	6
d-phlag_0050-c_min3max25	1700	0	5	295	0.15	2	T179	T106	9
d-phlag_0050-c_min3max25	1495	5	6	494	0.25	4	T90	T80	40
d-phlag_0050-c_min3max25	6	1595	399	0	0.2	3	T85	T8	46
d-phlag_0050-c_min3max25	1093	707	9	191	0.1	2	T86	T33	50
d-phlag_0050-c_min3max25	1899	1	1	99	0.05	2	T112	T100	36
d-phlag_0050-c_min3max25	0	1500	500	0	0.25	1	T101	T107	17
d-phlag_0050-c_min3max25	1336	164	440	60	0.25	4	T125	T69	44
d-phlag_0050-c_min3max25	1899	1	0	100	0.05	1	T142	T118	9
d-phlag_0050-c_min3max25	3	1797	199	1	0.1	4	T30	T103	41
d-phlag_0050-c_min3max25	1158	642	155	45	0.1	2	T193	T33	50
d-phlag_0050-c_min3max25	1073	527	0	400	0.2	2	T89	T145	50
d-phlag_0050-c_min3max25	1900	0	0	100	0.05	1	T35	T184	19
d-phlag_0050-c_min3max25	1901	0	99	0	0.05	3	T152	T81	13
d-phlag_0050-c_min3max25	1879	22	99	0	0.05	3	T129	T57	11
d-phlag_0050-c_min3max25	17	1683	299	1	0.15	4	T24	T115	23
d-phlag_0050-c_min3max25	1793	7	5	195	0.1	4	T167	T124	33
d-phlag_0050-c_min3max25	2	1698	300	0	0.15	1	T170	T98	49
d-phlag_0050-c_min3max25	1700	0	300	0	0.15	3	T132	T170	11
d-phlag_0050-c_min3max25	1400	0	0	600	0.3	2	T114	T60	18
d-phlag_0050-c_min3max25	1400	0	4	596	0.3	1	T151	T102	1
d-phlag_0050-c_min3max25	0	1800	199	1	0.1	2	T117	T137	40
d-phlag_0050-c_min3max25	1700	0	300	0	0.15	1	T98	T160	45
d-phlag_0050-c_min3max25	1600	0	2	398	0.2	1	T80	T81	4
d-phlag_0050-c_min3max25	1500	0	500	0	0.25	1	T150	T36	4
d-phlag_0050-c_min3max25	1389	11	0	600	0.3	5	T170	T98	49
d-phlag_0050-c_min3max25	1360	40	600	0	0.3	1	T25	T44	37
d-phlag_0050-c_min3max25	1500	0	3	497	0.25	1	T132	T170	11
d-phlag_0050-c_min3max25	8	1592	400	0	0.2	2	T54	T121	30
d-phlag_0050-c_min3max25	0	1600	400	0	0.2	2	T84	T104	46
d-phlag_0050-c_min3max25	10	1890	99	1	0.05	4	T16	T115	32
d-phlag_0050-c_min3max25	1400	0	4	596	0.3	3	T192	T52	31
d-phlag_0050-c_min3max25	1400	0	20	580	0.3	2	T135	T161	1
d-phlag_0050-c_min3max25	1492	108	343	57	0.2	2	T55	T172	45
d-phlag_0050-c_min3max25	1855	46	96	3	0.05	3	T25	T44	37
d-phlag_0050-c_min3max25	13	1487	500	0	0.25	2	T85	T88	43
d-phlag_0050-c_min3max25	1900	0	100	0	0.05	1	T124	T144	29
d-phlag_0050-c_min3max25	1397	3	52	548	0.3	3	T172	T49	22
d-phlag_0050-c_min3max25	1800	0	200	0	0.1	1	T126	T117	39
d-phlag_0050-c_min3max25	1354	446	130	70	0.1	2	T134	T88	24
d-phlag_0050-c_min3max25	0	1800	200	0	0.1	1	T181	T21	47
d-phlag_0050-c_min3max25	1595	5	4	396	0.2	5	T7	T15	49
d-phlag_0050-c_min3max25	1700	0	300	0	0.15	2	T16	T97	15
d-phlag_0050-c_min3max25	1414	88	6	492	0.25	3	T72	T198	18
d-phlag_0050-c_min3max25	1800	0	200	0	0.1	5	T153	T30	29
d-phlag_0050-c_min3max25	743	657	305	295	0.3	2	T145	T163	24
d-phlag_0050-c_min3max25	1594	7	3	396	0.2	3	T33	T196	5
d-phlag_0050-c_min3max25	0	1800	200	0	0.1	1	T194	T198	20
d-phlag_0050-c_min3max25	1800	0	4	196	0.1	2	T111	T132	7
d-phlag_0050-c_min3max25	1400	0	17	583	0.3	2	T96	T40	35
d-phlag_0050-c_min3max25	4	1396	600	0	0.3	1	T127	T105	37
d-phlag_0050-c_min3max25	1005	495	0	500	0.25	4	T19	T145	50
d-phlag_0050-c_min3max25	1885	15	20	80	0.05	2	T18	T11	48
d-phlag_0050-c_min3max25	0	1400	600	0	0.3	1	T29	T13	18
d-phlag_0050-c_min3max25	1600	0	400	0	0.2	4	T116	T22	3
d-phlag_0050-c_min3max25	1526	174	11	289	0.15	2	T20	T61	42
d-phlag_0050-c_min3max25	1700	0	3	297	0.15	3	T188	T47	18
d-phlag_0050-c_min3max25	1234	466	250	50	0.15	3	T151	T134	24
d-phlag_0050-c_min3max25	1496	4	3	497	0.25	2	T177	T109	13
d-phlag_0050-c_min3max25	30	1370	597	3	0.3	2	T65	T145	7
d-phlag_0050-c_min3max25	1800	0	0	200	0.1	2	T35	T184	19
d-phlag_0050-c_min3max25	1	1599	400	0	0.2	1	T171	T33	26
d-phlag_0050-c_min3max25	28	1474	498	0	0.25	3	T198	T61	3
d-phlag_0050-c_min3max25	1400	0	600	0	0.3	1	T185	T142	34
d-phlag_0050-c_min3max25	1851	49	0	100	0.05	1	T9	T199	45
d-phlag_0050-c_min3max25	0	1700	300	0	0.15	1	T195	T176	34
d-phlag_0050-c_min3max25	0	1600	400	0	0.2	1	T35	T184	19
d-phlag_0050-c_min3max25	1418	384	194	4	0.1	3	T58	T16	44
d-phlag_0050-c_min3max25	1896	4	50	50	0.05	2	T141	T66	42
d-phlag_0050-c_min3max25	11	1589	399	1	0.2	2	T176	T152	48
d-phlag_0050-c_min3max25	1487	15	23	475	0.25	3	T51	T80	35
d-phlag_0050-c_min3max25	1900	0	100	0	0.05	2	T103	T190	12
d-phlag_0050-c_min3max25	1700	0	0	300	0.15	1	T30	T103	41
d-phlag_0050-c_min3max25	9	1391	600	0	0.3	3	T44	T69	39
d-phlag_0050-c_min3max25	1901	0	99	0	0.05	3	T182	T200	33
d-phlag_0050-c_min3max25	1400	0	600	0	0.3	3	T193	T143	30
d-phlag_0050-c_min3max25	1899	1	1	99	0.05	2	T170	T98	49
d-phlag_0050-c_min3max25	0	1500	500	0	0.25	1	T87	T18	29
d-phlag_0050-c_min3max25	1387	13	24	576	0.3	4	T70	T194	21
d-phlag_0050-c_min3max25	1257	443	144	156	0.15	2	T193	T33	50
d-phlag_0050-c_min3max25	1700	0	300	0	0.15	1	T56	T141	20
d-phlag_0050-c_min3max25	1889	12	99	0	0.05	3	T197	T176	4
d-phlag_0050-c_min3max25	1500	0	0	500	0.25	1	T56	T112	49
d-phlag_0050-c_min3max25	912	488	61	539	0.3	4	T86	T33	50
d-phlag_0050-c_min3max25	1548	254	190	8	0.1	3	T190	T7	30
d-phlag_0050-c_min3max25	1585	15	0	400	0.2	1	T175	T76	36
d-phlag_0050-c_min3max25	1500	0	6	494	0.25	2	T59	T136	28
d-phlag_0050-c_min3max25	83	1617	300	0	0.15	1	T108	T137	11
d-phlag_0050-c_min3max25	1900	0	0	100	0.05	2	T39	T163	36
d-phlag_0050-c_min3max25	1318	182	0	500	0.25	1	T184	T14	42
d-phlag_0050-c_min3max25	1600	0	0	400	0.2	5	T30	T103	41
d-phlag_0050-c_min3max25	5	1795	200	0	0.1	4	T136	T105	40
d-phlag_0050-c_min3max25	3	1697	300	0	0.15	2	T44	T69	39
d-phlag_0050-c_min3max25	1900	0	100	0	0.05	2	T198	T101	10
d-phlag_0050-c_min3max25	1394	6	9	591	0.3	2	T167	T106	4
d-phlag_0050-c_min3max25	0	1600	398	2	0.2	2	T192	T68	26
d-phlag_0050-c_min3max25	1877	23	5	95	0.05	2	T77	T63	22
d-phlag_0050-c_min3max25	1600	0	47	353	0.2	1	T115	T44	46
d-phlag_0050-c_min3max25	969	931	22	78	0.05	1	T86	T33	50
d-phlag_0050-c_min3max25	1599	2	0	399	0.2	3	T184	T30	49
d-phlag_0050-c_min3max25	1500	0	500	0	0.25	1	T193	T113	14
d-phlag_0050-c_min3max25	20	1580	400	0	0.2	4	T25	T128	30
d-phlag_0050-c_min3max25	1875	25	0	100	0.05	2	T125	T141	18
d-phlag_0050-c_min3max25	1800	0	200	0	0.1	2	T76	T108	32
d-phlag_0050-c_min3max25	0	1700	300	0	0.15	1	T38	T134	34
d-phlag_0050-c_min3max25	0	1500	500	0	0.25	1	T108	T86	6
d-phlag_0050-c_min3max25	1019	381	432	168	0.3	4	T103	T130	27
d-phlag_0050-c_min3max25	1499	1	0	500	0.25	1	T192	T52	31
d-phlag_0050-c_min3max25	1681	19	0	300	0.15	2	T109	T71	42
d-phlag_0050-c_min3max25	1900	0	100	0	0.05	1	T116	T22	3
d-phlag_0050-c_min3max25	1216	484	0	300	0.15	2	T118	T90	50
d-phlag_0050-c_min3max25	1399	1	0	600	0.3	2	T198	T61	3
d-phlag_0050-c_min3max25	1802	0	198	0	0.1	3	T110	T158	12
d-phlag_0050-c_min3max25	1465	35	202	298	0.25	1	T113	T29	36
d-phlag_0050-c_min3max25	1674	26	2	298	0.15	2	T110	T26	2
d-phlag_0050-c_min3max25	1500	0	500	0	0.25	2	T180	T192	2
d-phlag_0050-c_min3max25	1600	0	9	391	0.2	1	T116	T9	13
d-phlag_0050-c_min3max25	2	1698	300	0	0.15	2	T198	T102	40
d-phlag_0050-c_min3max25	1900	0	100	0	0.05	1	T53	T158	43
d-phlag_0050-c_min3max25	12	1688	300	0	0.15	2	T91	T196	20
d-phlag_0050-c_min3max25	1600	1	9	390	0.2	3	T72	T198	18
d-phlag_0050-c_min3max25	1400	0	600	0	0.3	2	T68	T97	15
d-phlag_0050-c_min3max25	4	1498	496	2	0.25	3	T157	T124	33
d-phlag_0050-c_min3max25	0	1400	600	0	0.3	3	T118	T48	32
d-phlag_0050-c_min3max25	1079	621	156	144	0.15	1	T114	T186	50
d-phlag_0050-c_min3max25	5	1595	399	1	0.2	2	T182	T192	48
d-phlag_0050-c_min3max25	1482	18	2	498	0.25	4	T101	T55	1
d-phlag_0050-c_min3max25	1421	480	62	37	0.05	3	T133	T115	24
d-phlag_0050-c_min3max25	1400	0	25	575	0.3	1	T72	T198	18
d-phlag_0050-c_min3max25	6	1394	600	0	0.3	3	T38	T134	34
d-phlag_0050-c_min3max25	1599	1	0	400	0.2	1	T167	T19	2
d-phlag_0050-c_min3max25	1600	0	400	0	0.2	1	T110	T26	2
d-phlag_0050-c_min3max25	31	1369	599	1	0.3	3	T37	T24	2
d-phlag_0050-c_min3max25	1500	0	500	0	0.25	1	T38	T46	33
d-phlag_0050-c_min3max25	1700	0	300	0	0.15	2	T13	T87	5
d-phlag_0050-c_min3max25	1497	5	8	490	0.25	3	T94	T180	11
d-phlag_0050-c_min3max25	1273	627	53	47	0.05	2	T46	T167	27
d-phlag_0050-c_min3max25	1900	0	15	85	0.05	1	T181	T154	49
d-phlag_0050-c_min3max25	1901	0	99	0	0.05	3	T2	T92	9
d-phlag_0050-c_min3max25	1595	5	4	396	0.2	4	T74	T152	48
d-phlag_0050-c_min3max25	1900	0	100	0	0.05	2	T7	T48	3
d-phlag_0050-c_min3max25	1078	322	0	600	0.3	2	T170	T97	50
d-phlag_0050-c_min3max25	1596	4	0	400	0.2	1	T101	T55	1
d-phlag_0050-c_min3max25	1396	4	118	482	0.3	2	T20	T115	33
d-phlag_0050-c_min3max25	1695	107	172	26	0.1	3	T130	T4	9
d-phlag_0050-c_min3max25	60	1840	100	0	0.05	1	T179	T106	9
d-phlag_0050-c_min3max25	1718	182	0	100	0.05	2	T129	T108	48
d-phlag_0050-c_min3max25	1400	0	4	596	0.3	1	T23	T195	39
d-phlag_0050-c_min3max25	0	1800	200	0	0.1	1	T30	T18	6
d-phlag_0050-c_min3max25	1326	474	0	200	0.1	1	T17	T197	5
d-phlag_0050-c_min3max25	1494	6	27	473	0.25	1	T57	T196	42
d-phlag_0050-c_min3max25	1500	0	500	0	0.25	2	T126	T3	19
d-phlag_0050-c_min3max25	1500	0	500	0	0.25	1	T152	T81	13
d-phlag_0050-c_min3max25	1901	0	99	0	0.05	3	T29	T32	46
d-phlag_0050-c_min3max25	18	1682	300	0	0.15	2	T177	T124	35
d-phlag_0050-c_min3max25	1335	65	70	530	0.3	2	T132	T99	2
d-phlag_0050-c_min3max25	1296	404	199	101	0.15	2	T197	T36	24
d-phlag_0050-c_min3max25	4	1897	99	0	0.05	3	T192	T97	23
d-phlag_0050-c_min3max25	1400	0	0	600	0.3	1	T4	T127	47
d-phlag_0050-c_min3max25	1700	0	0	300	0.15	1	T88	T49	21
d-phlag_0050-c_min3max25	0	1700	0	300	0.15	1	T136	T196	28
d-phlag_0050-c_min3max25	1651	49	0	300	0.15	2	T70	T194	21
d-phlag_0050-c_min3max25	1582	18	0	400	0.2	2	T154	T145	14
d-phlag_0050-c_min3max25	1600	0	3	397	0.2	2	T190	T7	30
d-phlag_0050-c_min3max25	1500	0	500	0	0.25	1	T124	T144	29
d-phlag_0050-c_min3max25	1697	3	3	297	0.15	2	T50	T1	14
d-phlag_0050-c_min3max25	1801	1	0	198	0.1	3	T91	T196	20
d-phlag_0050-c_min3max25	1486	16	2	496	0.25	3	T23	T61	3
d-phlag_0050-c_min3max25	1530	272	0	198	0.1	3	T145	T172	44
d-phlag_0050-c_min3max25	1502	0	498	0	0.25	3	T6	T94	32
d-phlag_0050-c_min3max25	1796	4	0	200	0.1	2	T54	T121	30
d-phlag_0050-c_min3max25	1600	0	400	0	0.2	2	T15	T6	22
d-phlag_0050-c_min3max25	1791	9	0	200	0.1	1	T184	T189	26
d-phlag_0050-c_min3max25	1595	5	0	400	0.2	2	T73	T198	18
d-phlag_0050-c_min3max25	1900	0	100	0	0.05	2	T86	T61	13
d-phlag_0050-c_min3max25	1600	0	3	397	0.2	2	T24	T115	23
d-phlag_0050-c_min3max25	1600	0	0	400	0.2	1	T38	T134	34
d-phlag_0050-c_min3max25	0	1900	100	0	0.05	1	T76	T133	38
d-phlag_0050-c_min3max25	8	1392	600	0	0.3	4	T128	T160	5
d-phlag_0050-c_min3max25	1899	1	2	98	0.05	2	T173	T53	18
d-phlag_0050-c_min3max25	16	1684	300	0	0.15	4	T85	T88	43
d-phlag_0050-c_min3max25	1464	36	80	420	0.25	2	T36	T83	35
d-phlag_0050-c_min3max25	1400	0	600	0	0.3	3	T97	T73	23
d-phlag_0050-c_min3max25	1900	0	100	0	0.05	1	T137	T102	43
d-phlag_0050-c_min3max25	1799	1	17	183	0.1	2	T118	T135	12
d-phlag_0050-c_min3max25	1600	0	400	0	0.2	1	T193	T143	30
d-phlag_0050-c_min3max25	1498	2	0	500	0.25	1	T132	T33	5
d-phlag_0050-c_min3max25	1401	99	17	483	0.25	1	T130	T4	9
d-phlag_0050-c_min3max25	1878	22	0	100	0.05	2	T19	T7	25
d-phlag_0050-c_min3max25	969	531	68	432	0.25	2	T86	T33	50
d-phlag_0050-c_min3max25	1900	0	0	100	0.05	1	T82	T57	33
d-phlag_0050-c_min3max25	4	1496	499	1	0.25	2	T85	T8	46
d-phlag_0050-c_min3max25	1656	44	0	300	0.15	1	T18	T11	48
d-phlag_0050-c_min3max25	1800	0	0	200	0.1	1	T60	T59	31
d-phlag_0050-c_min3max25	0	1800	200	0	0.1	1	T72	T39	25
d-phlag_0050-c_min3max25	0	1400	600	0	0.3	2	T17	T127	17
d-phlag_0050-c_min3max25	1400	0	600	0	0.3	2	T178	T149	19
d-phlag_0050-c_min3max25	0	1400	600	0	0.3	1	T72	T39	25
d-phlag_0050-c_min3max25	1500	0	0	500	0.25	1	T51	T91	47
d-phlag_0050-c_min3max25	1595	5	203	197	0.2	2	T83	T45	29
d-phlag_0050-c_min3max25	1800	0	200	0	0.1	1	T140	T102	6
d-phlag_0050-c_min3max25	1500	0	5	495	0.25	1	T57	T44	14
d-phlag_0050-c_min3max25	0	1700	300	0	0.15	3	T64	T39	15
d-phlag_0050-c_min3max25	1893	7	1	99	0.05	2	T73	T127	40
d-phlag_0050-c_min3max25	1599	2	278	121	0.2	3	T18	T5	33
d-phlag_0050-c_min3max25	1499	1	0	500	0.25	1	T151	T183	29
d-phlag_0050-c_min3max25	1600	0	0	400	0.2	2	T112	T100	36
d-phlag_0050-c_min3max25	1600	0	400	0	0.2	2	T48	T185	32
d-phlag_0050-c_min3max25	1383	17	0	600	0.3	2	T184	T189	26
d-phlag_0050-c_min3max25	1205	295	341	159	0.25	1	T41	T97	24
d-phlag_0050-c_min3max25	1784	18	3	195	0.1	3	T54	T88	28
d-phlag_0050-c_min3max25	1397	3	3	597	0.3	1	T190	T7	30
d-phlag_0050-c_min3max25	1500	0	500	0	0.25	4	T171	T4	2
d-phlag_0050-c_min3max25	1600	0	400	0	0.2	2	T138	T99	25
d-phlag_0050-c_min3max25	1400	0	600	0	0.3	3	T140	T102	6
d-phlag_0050-c_min3max25	9	1691	300	0	0.15	1	T20	T32	5
d-phlag_0050-c_min3max25	1581	19	23	377	0.2	5	T70	T194	21
d-phlag_0050-c_min3max25	0	1600	400	0	0.2	1	T93	T77	36
d-phlag_0050-c_min3max25	1700	0	300	0	0.15	1	T145	T32	13
d-phlag_0050-c_min3max25	1628	174	198	0	0.1	3	T79	T172	45
d-phlag_0050-c_min3max25	1500	0	500	0	0.25	2	T98	T160	45
d-phlag_0050-c_min3max25	1786	16	11	187	0.1	3	T151	T102	1
d-phlag_0050-c_min3max25	1498	2	262	238	0.25	2	T25	T56	7
d-phlag_0050-c_min3max25	1400	0	600	0	0.3	2	T14	T148	10
d-phlag_0050-c_min3max25	0	1400	600	0	0.3	2	T199	T109	26
d-phlag_0050-c_min3max25	1502	0	498	0	0.25	3	T131	T67	38
d-phlag_0050-c_min3max25	1392	8	52	548	0.3	3	T197	T161	39
d-phlag_0050-c_min3max25	1899	1	1	99	0.05	1	T107	T198	19
d-phlag_0050-c_min3max25	1597	3	0	400	0.2	1	T70	T7	17
d-phlag_0050-c_min3max25	1696	4	1	299	0.15	2	T198	T127	38
d-phlag_0050-c_min3max25	1600	0	4	396	0.2	4	T136	T110	31
d-phlag_0050-c_min3max25	1500	0	500	0	0.25	1	T166	T34	28
d-phlag_0050-c_min3max25	1896	4	1	99	0.05	2	T138	T132	9
d-phlag_0050-c_min3max25	1700	0	0	300	0.15	4	T127	T134	40
d-phlag_0050-c_min3max25	1335	65	12	588	0.3	2	T36	T83	35
d-phlag_0050-c_min3max25	1600	0	400	0	0.2	1	T169	T25	5
d-phlag_0050-c_min3max25	1512	88	1	399	0.2	1	T195	T75	23
d-phlag_0050-c_min3max25	1800	0	200	0	0.1	2	T30	T47	37
d-phlag_0050-c_min3max25	1700	0	300	0	0.15	3	T144	T195	28
d-phlag_0050-c_min3max25	1800	0	200	0	0.1	4	T12	T59	23
d-phlag_0050-c_min3max25	3	1797	200	0	0.1	2	T56	T112	49
d-phlag_0050-c_min3max25	1498	4	382	116	0.25	3	T47	T32	26
d-phlag_0050-c_min3max25	1800	0	200	0	0.1	1	T74	T52	18
d-phlag_0050-c_min3max25	1700	0	19	281	0.15	2	T153	T30	29
d-phlag_0050-c_min3max25	0	1600	400	0	0.2	1	T2	T60	39
d-phlag_0050-c_min3max25	1391	9	12	588	0.3	2	T13	T161	23
d-phlag_0050-c_min3max25	1400	0	600	0	0.3	1	T182	T29	15
d-phlag_0050-c_min3max25	1799	1	1	199	0.1	1	T143	T121	35
d-phlag_0050-c_min3max25	0	1600	400	0	0.2	1	T140	T110	20
d-phlag_0050-c_min3max25	1287	413	218	82	0.15	3	T133	T115	24
d-phlag_0050-c_min3max25	2	1398	600	0	0.3	1	T3	T68	4
d-phlag_0050-c_min3max25	1400	0	2	598	0.3	1	T198	T101	10
d-phlag_0050-c_min3max25	8	1593	396	3	0.2	3	T76	T133	38
d-phlag_0050-c_min3max25	1594	6	25	375	0.2	4	T25	T56	7
d-phlag_0050-c_min3max25	1031	369	1	599	0.3	2	T120	T43	50
d-phlag_0050-c_min3max25	0	1500	0	500	0.25	2	T192	T160	44
d-phlag_0050-c_min3max25	1500	0	10	490	0.25	1	T23	T66	22
d-phlag_0050-c_min3max25	0	1800	200	0	0.1	2	T159	T119	22
d-phlag_0050-c_min3max25	1693	7	291	9	0.15	1	T97	T32	13
d-phlag_0050-c_min3max25	1500	0	500	0	0.25	1	T85	T31	25
d-phlag_0050-c_min3max25	4	1896	100	0	0.05	2	T38	T134	34
d-phlag_0050-c_min3max25	1800	0	0	200	0.1	1	T187	T11	14
d-phlag_0050-c_min3max25	1400	0	600	0	0.3	2	T150	T36	4
d-phlag_0050-c_min3max25	1586	14	400	0	0.2	1	T101	T126	4
d-phlag_0050-c_min3max25	1049	551	192	208	0.2	1	T77	T87	27
d-phlag_0050-c_min3max25	1393	7	600	0	0.3	1	T129	T57	11
d-phlag_0050-c_min3max25	1899	1	0	100	0.05	1	T138	T147	38
d-phlag_0050-c_min3max25	9	1591	400	0	0.2	2	T139	T88	43
d-phlag_0050-c_min3max25	1700	0	300	0	0.15	3	T194	T41	19
d-phlag_0050-c_min3max25	1600	0	278	122	0.2	4	T2	T58	17
d-phlag_0050-c_min3max25	3	1597	400	0	0.2	1	T198	T102	40
d-phlag_0050-c_min3max25	1576	24	400	0	0.2	5	T129	T57	11
d-phlag_0050-c_min3max25	895	505	298	302	0.3	2	T114	T186	50
d-phlag_0050-c_min3max25	925	975	100	0	0.05	1	T16	T190	42
d-phlag_0050-c_min3max25	1688	12	2	298	0.15	3	T175	T76	36
d-phlag_0050-c_min3max25	1900	1	33	66	0.05	3	T167	T106	4
d-phlag_0050-c_min3max25	1589	11	5	395	0.2	1	T142	T10	17
d-phlag_0050-c_min3max25	0	1900	100	0	0.05	1	T199	T109	26
d-phlag_0050-c_min3max25	6	1894	100	0	0.05	1	T175	T194	41
d-phlag_0050-c_min3max25	1800	0	4	196	0.1	2	T140	T194	48
d-phlag_0050-c_min3max25	1400	0	0	600	0.3	1	T51	T80	35
d-phlag_0050-c_min3max25	34	1867	98	1	0.05	3	T114	T60	18
d-phlag_0050-c_min3max25	1900	0	100	0	0.05	2	T37	T28	11
d-phlag_0050-c_min3max25	0	1800	200	0	0.1	1	T88	T49	21
d-phlag_0050-c_min3max25	1	1499	500	0	0.25	1	T58	T103	21
d-phlag_0050-c_min3max25	8	1494	497	1	0.25	3	T7	T19	26
d-phlag_0050-c_min3max25	1496	4	2	498	0.25	2	T188	T47	18
d-phlag_0050-c_min3max25	7	1793	200	0	0.1	1	T138	T147	38
d-phlag_0050-c_min3max25	1721	79	200	0	0.1	1	T2	T176	20
d-phlag_0050-c_min3max25	0	1700	300	0	0.15	1	T158	T11	36
d-phlag_0050-c_min3max25	1592	108	300	0	0.15	2	T82	T155	42
d-phlag_0050-c_min3max25	4	1798	198	0	0.1	3	T174	T115	28
d-phlag_0050-c_min3max25	1901	0	84	15	0.05	3	T184	T189	26
d-phlag_0050-c_min3max25	3	1497	500	0	0.25	1	T50	T1	14
d-phlag_0050-c_min3max25	1800	0	0	200	0.1	1	T101	T107	17
d-phlag_0050-c_min3max25	1400	0	600	0	0.3	1	T16	T49	9
d-phlag_0050-c_min3max25	1586	14	0	400	0.2	1	T78	T150	47
d-phlag_0050-c_min3max25	1691	9	15	285	0.15	3	T25	T56	7
d-phlag_0050-c_min3max25	1326	174	0	500	0.25	1	T197	T161	39
d-phlag_0050-c_min3max25	1051	451	349	149	0.25	3	T139	T123	27
d-phlag_0050-c_min3max25	1397	3	0	600	0.3	1	T57	T86	32
d-phlag_0050-c_min3max25	1901	0	99	0	0.05	3	T57	T177	43
d-phlag_0050-c_min3max25	1711	91	135	63	0.1	3	T20	T59	28
d-phlag_0050-c_min3max25	1696	4	116	184	0.15	2	T172	T49	22
d-phlag_0050-c_min3max25	1698	102	189	11	0.1	1	T12	T36	3
d-phlag_0050-c_min3max25	1900	0	100	0	0.05	1	T192	T23	48
d-phlag_0050-c_min3max25	1800	0	0	200	0.1	1	T161	T158	8
d-phlag_0050-c_min3max25	1900	0	100	0	0.05	1	T20	T59	28
d-phlag_0050-c_min3max25	1322	478	0	200	0.1	1	T38	T181	50
d-phlag_0050-c_min3max25	24	1676	300	0	0.15	2	T128	T77	35
d-phlag_0050-c_min3max25	1683	17	0	300	0.15	2	T29	T187	29
d-phlag_0050-c_min3max25	1432	68	0	500	0.25	1	T119	T198	9
d-phlag_0050-c_min3max25	0	1500	500	0	0.25	2	T117	T95	31
d-phlag_0050-c_min3max25	1700	0	5	295	0.15	2	T20	T124	35
d-phlag_0050-c_min3max25	3	1598	395	4	0.2	3	T171	T77	31
d-phlag_0050-c_min3max25	1800	0	1	199	0.1	2	T64	T39	15
d-phlag_0050-c_min3max25	1600	0	400	0	0.2	2	T139	T115	38
d-phlag_0050-c_min3max25	1700	0	1	299	0.15	2	T77	T112	41
d-phlag_0050-c_min3max25	1600	0	2	398	0.2	2	T165	T132	7
d-phlag_0050-c_min3max25	1500	0	0	500	0.25	1	T127	T105	37
d-phlag_0050-c_min3max25	25	1575	400	0	0.2	2	T117	T95	31
d-phlag_0050-c_min3max25	6	1894	100	0	0.05	2	T194	T198	20
d-phlag_0050-c_min3max25	1800	0	200	0	0.1	2	T193	T127	10
d-phlag_0050-c_min3max25	1799	3	3	195	0.1	3	T4	T127	47
d-phlag_0050-c_min3max25	1399	1	3	597	0.3	2	T146	T99	23
d-phlag_0050-c_min3max25	1699	1	4	296	0.15	3	T7	T19	26
d-phlag_0050-c_min3max25	1837	63	1	99	0.05	4	T173	T48	9
d-phlag_0050-c_min3max25	0	1400	600	0	0.3	1	T114	T140	37
d-phlag_0050-c_min3max25	1392	8	12	588	0.3	4	T13	T7	47
d-phlag_0050-c_min3max25	1694	6	101	199	0.15	3	T197	T176	4
d-phlag_0050-c_min3max25	1789	11	2	198	0.1	2	T72	T198	18
d-phlag_0050-c_min3max25	1792	8	8	192	0.1	4	T109	T111	10
d-phlag_0050-c_min3max25	10	1490	497	3	0.25	2	T86	T61	13
d-phlag_0050-c_min3max25	1884	16	6	94	0.05	4	T140	T194	48
d-phlag_0050-c_min3max25	1588	13	3	396	0.2	3	T29	T187	29
d-phlag_0050-c_min3max25	4	1696	300	0	0.15	1	T2	T60	39
d-phlag_0050-c_min3max25	7	1693	300	0	0.15	1	T166	T177	30
d-phlag_0050-c_min3max25	1700	0	6	294	0.15	2	T136	T110	31
d-phlag_0050-c_min3max25	1600	0	0	400	0.2	1	T108	T4	8
d-phlag_0050-c_min3max25	1772	30	198	0	0.1	3	T129	T57	11
d-phlag_0050-c_min3max25	1698	2	1	299	0.15	1	T106	T156	39
d-phlag_0050-c_min3max25	1900	0	100	0	0.05	1	T27	T24	14
d-phlag_0050-c_min3max25	1800	0	200	0	0.1	2	T47	T72	31
d-phlag_0050-c_min3max25	1600	0	400	0	0.2	2	T197	T176	4
d-phlag_0050-c_min3max25	552	1348	100	0	0.05	2	T57	T86	32
d-phlag_0050-c_min3max25	0	1800	199	1	0.1	1	T128	T160	5
d-phlag_0050-c_min3max25	0	1700	300	0	0.15	2	T194	T198	20
d-phlag_0050-c_min3max25	1600	0	0	400	0.2	1	T73	T127	40
d-phlag_0050-c_min3max25	1854	47	99	0	0.05	3	T130	T177	42
d-phlag_0050-c_min3max25	187	1414	399	0	0.2	3	T34	T40	42
d-phlag_0050-c_min3max25	1394	6	6	594	0.3	2	T7	T68	41
d-phlag_0050-c_min3max25	1599	1	8	392	0.2	1	T151	T102	1
d-phlag_0050-c_min3max25	1400	0	600	0	0.3	1	T70	T115	5
d-phlag_0050-c_min3max25	3	1397	600	0	0.3	2	T77	T112	41
d-phlag_0050-c_min3max25	1400	0	0	600	0.3	1	T96	T105	47
d-phlag_0050-c_min3max25	1599	2	0	399	0.2	3	T86	T61	13
d-phlag_0050-c_min3max25	1600	0	0	400	0.2	2	T76	T57	35
d-phlag_0050-c_min3max25	1890	10	0	100	0.05	2	T73	T198	18
d-phlag_0050-c_min3max25	1700	0	300	0	0.15	2	T172	T111	6
d-phlag_0050-c_min3max25	1390	10	0	600	0.3	1	T41	T190	23
d-phlag_0050-c_min3max25	1400	0	0	600	0.3	2	T159	T8	49
d-phlag_0050-c_min3max25	1697	3	11	289	0.15	3	T87	T186	16
d-phlag_0050-c_min3max25	1797	3	0	200	0.1	1	T76	T57	35
d-phlag_0050-c_min3max25	1600	0	400	0	0.2	2	T126	T117	39
d-phlag_0050-c_min3max25	1400	0	0	600	0.3	1	T67	T68	29
d-phlag_0050-c_min3max25	1425	377	190	8	0.1	3	T41	T97	24
d-phlag_0050-c_min3max25	1898	2	0	100	0.05	2	T118	T48	32
d-phlag_0050-c_min3max25	1800	0	200	0	0.1	5	T180	T192	2
d-phlag_0050-c_min3max25	1700	0	300	0	0.15	2	T48	T185	32
d-phlag_0050-c_min3max25	1161	239	430	170	0.3	1	T44	T178	12
d-phlag_0050-c_min3max25	3	1497	500	0	0.25	2	T195	T176	34
d-phlag_0050-c_min3max25	1900	0	100	0	0.05	2	T36	T83	35
d-phlag_0050-c_min3max25	1456	244	295	5	0.15	2	T58	T16	44
d-phlag_0050-c_min3max25	22	1478	500	0	0.25	1	T146	T99	23
d-phlag_0050-c_min3max25	3	1697	300	0	0.15	1	T19	T7	25
d-phlag_0050-c_min3max25	1800	0	200	0	0.1	2	T37	T28	11
d-phlag_0050-c_min3max25	1900	1	2	97	0.05	3	T73	T179	46
d-phlag_0050-c_min3max25	1675	25	0	300	0.15	1	T138	T132	9
d-phlag_0050-c_min3max25	1730	170	94	6	0.05	2	T172	T69	45
d-phlag_0050-c_min3max25	0	1900	100	0	0.05	2	T88	T49	21
d-phlag_0050-c_min3max25	1800	0	0	200	0.1	1	T77	T112	41
d-phlag_0050-c_min3max25	1600	0	400	0	0.2	2	T6	T112	2
d-phlag_0050-c_min3max25	1697	3	90	210	0.15	4	T100	T97	31
d-phlag_0050-c_min3max25	4	1496	500	0	0.25	2	T88	T49	21
d-phlag_0050-c_min3max25	1800	0	0	200	0.1	2	T17	T127	17
d-phlag_0050-c_min3max25	1322	78	1	599	0.3	3	T185	T6	9
d-phlag_0050-c_min3max25	1800	0	200	0	0.1	2	T113	T29	36
d-phlag_0050-c_min3max25	1800	0	200	0	0.1	2	T30	T83	35
d-phlag_0050-c_min3max25	0	1900	0	100	0.05	2	T117	T137	40
d-phlag_0050-c_min3max25	1	1501	498	0	0.25	3	T200	T123	30
d-phlag_0050-c_min3max25	1699	1	3	297	0.15	1	T102	T113	10
d-phlag_0050-c_min3max25	328	1272	0	400	0.2	2	T191	T91	3
d-phlag_0050-c_min3max25	1894	6	16	84	0.05	2	T135	T177	4
d-phlag_0050-c_min3max25	10	1890	100	0	0.05	2	T131	T102	21
d-phlag_0050-c_min3max25	1597	3	3	397	0.2	2	T153	T30	29
d-phlag_0050-c_min3max25	1699	1	0	300	0.15	3	T131	T102	21
d-phlag_0050-c_min3max25	4	1596	400	0	0.2	1	T27	T15	47
d-phlag_0050-c_min3max25	1500	0	500	0	0.25	1	T97	T32	13
d-phlag_0050-c_min3max25	3	1797	177	23	0.1	1	T192	T160	44
d-phlag_0050-c_min3max25	1	1699	300	0	0.15	2	T149	T105	31
d-phlag_0050-c_min3max25	0	1500	500	0	0.25	2	T62	T40	20
d-phlag_0050-c_min3max25	1500	0	500	0	0.25	2	T132	T61	32
d-phlag_0050-c_min3max25	1502	0	498	0	0.25	3	T118	T78	17
d-phlag_0050-c_min3max25	1890	10	5	95	0.05	1	T63	T46	7
d-phlag_0050-c_min3max25	1400	0	600	0	0.3	4	T129	T95	46
d-phlag_0050-c_min3max25	1600	0	387	13	0.2	2	T145	T94	8
d-phlag_0050-c_min3max25	0	1700	300	0	0.15	1	T181	T21	47
d-phlag_0050-c_min3max25	7	1493	500	0	0.25	2	T71	T144	11
d-phlag_0050-c_min3max25	11	1789	198	2	0.1	2	T27	T15	47
d-phlag_0050-c_min3max25	1599	1	0	400	0.2	2	T23	T195	39
d-phlag_0050-c_min3max25	3	1397	600	0	0.3	5	T121	T93	5
d-phlag_0050-c_min3max25	1601	0	399	0	0.2	3	T50	T148	10
d-phlag_0050-c_min3max25	1800	0	200	0	0.1	5	T131	T67	38
d-phlag_0050-c_min3max25	0	1500	500	0	0.25	2	T139	T88	43
d-phlag_0050-c_min3max25	1586	14	2	398	0.2	1	T86	T133	46
d-phlag_0050-c_min3max25	1500	0	2	498	0.25	2	T56	T28	28
d-phlag_0050-c_min3max25	1653	247	50	50	0.05	2	T44	T178	12
d-phlag_0050-c_min3max25	1698	2	5	295	0.15	2	T7	T68	41
d-phlag_0050-c_min3max25	1500	0	15	485	0.25	1	T18	T11	48
d-phlag_0050-c_min3max25	1900	0	100	0	0.05	1	T48	T148	12
d-phlag_0050-c_min3max25	1464	36	2	498	0.25	4	T193	T127	10
d-phlag_0050-c_min3max25	1700	0	300	0	0.15	2	T169	T25	5
d-phlag_0050-c_min3max25	0	1800	200	0	0.1	1	T118	T48	32
d-phlag_0050-c_min3max25	27	1773	200	0	0.1	1	T114	T60	18
d-phlag_0050-c_min3max25	1500	0	0	500	0.25	1	T167	T124	33
d-phlag_0050-c_min3max25	1495	5	68	432	0.25	2	T15	T112	17
d-phlag_0050-c_min3max25	1788	12	0	200	0.1	1	T172	T49	22
d-phlag_0050-c_min3max25	1076	424	343	157	0.25	1	T134	T88	24
d-phlag_0050-c_min3max25	1897	4	1	98	0.05	3	T136	T110	31
d-phlag_0050-c_min3max25	1318	182	10	490	0.25	2	T72	T138	44
d-phlag_0050-c_min3max25	1500	0	0	500	0.25	1	T33	T31	19
d-phlag_0050-c_min3max25	1479	21	0	500	0.25	1	T13	T161	23
d-phlag_0050-c_min3max25	1600	0	0	400	0.2	1	T85	T79	31
d-phlag_0050-c_min3max25	1238	662	0	100	0.05	1	T19	T145	50
d-phlag_0050-c_min3max25	18	1583	399	0	0.2	3	T171	T24	37
d-phlag_0050-c_min3max25	9	1491	496	4	0.25	4	T24	T150	34
d-phlag_0050-c_min3max25	1062	440	89	409	0.25	3	T144	T28	44
d-phlag_0050-c_min3max25	1389	11	31	569	0.3	5	T133	T156	49
d-phlag_0050-c_min3max25	1400	0	1	599	0.3	1	T69	T199	8
d-phlag_0050-c_min3max25	1500	0	1	499	0.25	2	T98	T46	13
d-phlag_0050-c_min3max25	0	1500	500	0	0.25	2	T136	T105	40
d-phlag_0050-c_min3max25	1502	0	498	0	0.25	3	T130	T52	43
d-phlag_0050-c_min3max25	1399	1	10	590	0.3	3	T84	T13	33
d-phlag_0050-c_min3max25	1700	0	0	300	0.15	1	T93	T77	36
d-phlag_0050-c_min3max25	1600	0	6	394	0.2	1	T70	T151	14
d-phlag_0050-c_min3max25	1900	1	1	98	0.05	3	T191	T198	16
d-phlag_0050-c_min3max25	1500	0	500	0	0.25	1	T2	T176	20
d-phlag_0050-c_min3max25	1596	4	2	398	0.2	1	T50	T1	14
d-phlag_0050-c_min3max25	4	1496	500	0	0.25	2	T17	T198	23
d-phlag_0050-c_min3max25	1236	264	411	89	0.25	1	T85	T19	44
d-phlag_0050-c_min3max25	1500	0	0	500	0.25	2	T128	T160	5
d-phlag_0050-c_min3max25	1694	6	0	300	0.15	5	T192	T52	31
d-phlag_0050-c_min3max25	1600	0	36	364	0.2	1	T144	T46	7
d-phlag_0050-c_min3max25	1400	0	0	600	0.3	1	T104	T184	19
d-phlag_0050-c_min3max25	1285	115	0	600	0.3	4	T9	T199	45
d-phlag_0050-c_min3max25	1794	6	200	0	0.1	1	T101	T126	4
d-phlag_0050-c_min3max25	1698	2	3	297	0.15	3	T151	T183	29
d-phlag_0050-c_min3max25	1502	0	498	0	0.25	3	T179	T163	46
d-phlag_0050-c_min3max25	1893	7	79	21	0.05	4	T106	T158	43
d-phlag_0050-c_min3max25	1190	411	84	315	0.2	3	T19	T145	50
d-phlag_0050-c_min3max25	1900	0	1	99	0.05	1	T127	T105	37
d-phlag_0050-c_min3max25	1380	120	500	0	0.25	1	T6	T112	2
d-phlag_0050-c_min3max25	1007	393	405	195	0.3	3	T77	T87	27
d-phlag_0050-c_min3max25	1800	0	200	0	0.1	2	T85	T31	25
d-phlag_0050-c_min3max25	1797	5	25	173	0.1	3	T109	T71	42
d-phlag_0050-c_min3max25	1897	3	2	98	0.05	2	T90	T29	12
d-phlag_0050-c_min3max25	4	1696	299	1	0.15	1	T78	T150	47
d-phlag_0050-c_min3max25	1900	0	12	88	0.05	1	T65	T181	22
d-phlag_0050-c_min3max25	1899	1	0	100	0.05	1	T2	T60	39
d-phlag_0050-c_min3max25	1799	1	9	191	0.1	2	T7	T15	49
d-phlag_0050-c_min3max25	2	1598	400	0	0.2	1	T174	T115	28
d-phlag_0050-c_min3max25	0	1502	0	498	0.25	3	T103	T190	12
d-phlag_0050-c_min3max25	1500	0	500	0	0.25	1	T113	T15	49
d-phlag_0050-c_min3max25	1795	5	0	200	0.1	1	T179	T106	9
d-phlag_0050-c_min3max25	1400	0	0	600	0.3	2	T99	T180	26
d-phlag_0050-c_min3max25	1568	132	1	299	0.15	1	T130	T4	9
d-phlag_0050-c_min3max25	1800	0	200	0	0.1	2	T2	T142	34
d-phlag_0050-c_min3max25	1149	551	191	109	0.15	4	T9	T123	27
d-phlag_0050-c_min3max25	1073	729	198	0	0.1	3	T57	T44	14
d-phlag_0050-c_min3max25	1700	0	1	299	0.15	1	T133	T156	49
d-phlag_0050-c_min3max25	1400	0	600	0	0.3	1	T182	T200	33
d-phlag_0050-c_min3max25	1400	0	0	600	0.3	1	T115	T171	15
d-phlag_0050-c_min3max25	1400	0	0	600	0.3	3	T169	T170	2
d-phlag_0050-c_min3max25	0	1400	600	0	0.3	1	T126	T142	22
d-phlag_0050-c_min3max25	1794	8	1	197	0.1	3	T1	T117	30
d-phlag_0050-c_min3max25	0	1400	599	1	0.3	2	T70	T42	16
d-phlag_0050-c_min3max25	1372	28	0	600	0.3	1	T20	T59	28
d-phlag_0050-c_min3max25	1136	264	482	118	0.3	4	T125	T69	44
d-phlag_0050-c_min3max25	1600	0	400	0	0.2	4	T71	T37	10
d-phlag_0050-c_min3max25	1387	13	0	600	0.3	2	T101	T55	1
d-phlag_0050-c_min3max25	1900	0	100	0	0.05	2	T6	T118	21
d-phlag_0050-c_min3max25	1695	5	21	279	0.15	4	T28	T86	32
d-phlag_0050-c_min3max25	1900	0	100	0	0.05	2	T15	T6	22
d-phlag_0050-c_min3max25	1700	0	300	0	0.15	1	T29	T32	46
d-phlag_0050-c_min3max25	0	1900	100	0	0.05	1	T44	T128	25
d-phlag_0050-c_min3max25	1700	0	300	0	0.15	3	T76	T108	32
d-phlag_0050-c_min3max25	1893	7	1	99	0.05	4	T32	T188	26
d-phlag_0050-c_min3max25	1500	0	0	500	0.25	1	T200	T107	33
d-phlag_0050-c_min3max25	1010	590	400	0	0.2	1	T35	T120	12
d-phlag_0050-c_min3max25	1400	0	3	597	0.3	1	T158	T11	36
d-phlag_0050-c_min3max25	47	1453	500	0	0.25	4	T140	T194	48
d-phlag_0050-c_min3max25	1400	0	600	0	0.3	1	T142	T128	6
d-phlag_0050-c_min3max25	1600	0	0	400	0.2	5	T56	T28	28
d-phlag_0050-c_min3max25	1132	368	0	500	0.25	4	T89	T145	50
d-phlag_0050-c_min3max25	1242	558	82	118	0.1	1	T114	T186	50
d-phlag_0050-c_min3max25	1900	0	100	0	0.05	1	T96	T167	14
d-phlag_0050-c_min3max25	1601	0	399	0	0.2	3	T13	T87	5
d-phlag_0050-c_min3max25	1400	0	0	600	0.3	1	T28	T86	32
d-phlag_0050-c_min3max25	1800	0	4	196	0.1	1	T181	T154	49
d-phlag_0050-c_min3max25	0	1502	498	0	0.25	3	T35	T7	16
d-phlag_0050-c_min3max25	1500	0	500	0	0.25	2	T193	T143	30
d-phlag_0050-c_min3max25	1400	0	600	0	0.3	2	T145	T94	8
d-phlag_0050-c_min3max25	1598	2	5	395	0.2	1	T197	T161	39
d-phlag_0050-c_min3max25	1502	0	498	0	0.25	3	T148	T130	43
d-phlag_0050-c_min3max25	1700	0	300	0	0.15	5	T94	T180	11
d-phlag_0050-c_min3max25	1800	0	200	0	0.1	2	T57	T177	43
d-phlag_0050-c_min3max25	1354	46	53	547	0.3	6	T175	T76	36
d-phlag_0050-c_min3max25	1619	81	300	0	0.15	3	T12	T36	3
d-phlag_0050-c_min3max25	7	1495	497	1	0.25	3	T96	T105	47
d-phlag_0050-c_min3max25	1500	0	500	0	0.25	1	T82	T190	6
d-phlag_0050-c_min3max25	1800	0	6	194	0.1	1	T148	T86	25
d-phlag_0050-c_min3max25	1400	0	0	600	0.3	1	T98	T22	41
d-phlag_0050-c_min3max25	8	1794	198	0	0.1	3	T46	T70	1
d-phlag_0050-c_min3max25	1500	0	0	500	0.25	1	T44	T128	25
d-phlag_0050-c_min3max25	1134	466	5	395	0.2	1	T30	T188	44
d-phlag_0050-c_min3max25	0	1500	500	0	0.25	1	T50	T138	21
d-phlag_0050-c_min3max25	1397	3	6	594	0.3	2	T14	T180	4
d-phlag_0050-c_min3max25	905	495	231	369	0.3	1	T150	T137	44
d-phlag_0050-c_min3max25	1900	0	100	0	0.05	5	T185	T142	34
d-phlag_0050-c_min3max25	1652	48	300	0	0.15	3	T178	T149	19
d-phlag_0050-c_min3max25	1799	1	23	177	0.1	2	T196	T8	26
d-phlag_0050-c_min3max25	1400	0	600	0	0.3	1	T6	T94	32
d-phlag_0050-c_min3max25	1600	0	400	0	0.2	2	T6	T118	21
d-phlag_0050-c_min3max25	975	527	4	494	0.25	3	T90	T10	24
d-phlag_0050-c_min3max25	0	1600	400	0	0.2	1	T159	T119	22
d-phlag_0050-c_min3max25	1400	0	2	598	0.3	2	T109	T111	10
d-phlag_0050-c_min3max25	0	1700	0	300	0.15	1	T31	T191	25
d-phlag_0050-c_min3max25	1900	1	0	99	0.05	3	T71	T144	11
d-phlag_0050-c_min3max25	192	1208	600	0	0.3	3	T179	T106	9
d-phlag_0050-c_min3max25	1500	0	500	0	0.25	1	T29	T32	46
d-phlag_0050-c_min3max25	1377	523	0	100	0.05	1	T30	T188	44
d-phlag_0050-c_min3max25	1780	20	0	200	0.1	2	T20	T32	5
d-phlag_0050-c_min3max25	1792	108	100	0	0.05	2	T82	T155	42
d-phlag_0050-c_min3max25	1597	3	4	396	0.2	1	T181	T154	49
d-phlag_0050-c_min3max25	0	1900	99	1	0.05	2	T108	T86	6
d-phlag_0050-c_min3max25	1700	0	300	0	0.15	2	T171	T4	2
d-phlag_0050-c_min3max25	1900	0	3	97	0.05	1	T92	T64	49
d-phlag_0050-c_min3max25	1397	3	5	595	0.3	2	T7	T15	49
d-phlag_0050-c_min3max25	1591	9	393	7	0.2	1	T81	T36	13
d-phlag_0050-c_min3max25	0	1900	0	100	0.05	2	T136	T196	28
d-phlag_0050-c_min3max25	0	1900	100	0	0.05	2	T200	T123	30
d-phlag_0050-c_min3max25	1709	91	179	21	0.1	1	T172	T69	45
d-phlag_0050-c_min3max25	1800	0	200	0	0.1	2	T38	T46	33
d-phlag_0050-c_min3max25	1452	50	21	477	0.25	3	T109	T76	36
d-phlag_0050-c_min3max25	1778	22	0	200	0.1	1	T18	T5	33
d-phlag_0050-c_min3max25	1900	0	96	4	0.05	1	T13	T7	47
d-phlag_0050-c_min3max25	1900	0	100	0	0.05	1	T100	T97	31
d-phlag_0050-c_min3max25	1499	1	0	500	0.25	1	T57	T160	17
d-phlag_0050-c_min3max25	1500	0	5	495	0.25	2	T198	T101	10
d-phlag_0050-c_min3max25	1400	0	600	0	0.3	2	T96	T167	14
d-phlag_0050-c_min3max25	1899	1	0	100	0.05	1	T159	T58	33
d-phlag_0050-c_min3max25	1585	15	6	394	0.2	4	T57	T160	17
d-phlag_0050-c_min3max25	1160	540	300	0	0.15	2	T126	T100	21
d-phlag_0050-c_min3max25	1596	4	4	396	0.2	2	T60	T59	31
d-phlag_0050-c_min3max25	948	452	410	190	0.3	2	T17	T30	27
d-phlag_0050-c_min3max25	1601	0	399	0	0.2	3	T29	T32	46
d-phlag_0050-c_min3max25	1187	213	6	594	0.3	2	T32	T37	45
d-phlag_0050-c_min3max25	1900	0	0	100	0.05	5	T127	T134	40
d-phlag_0050-c_min3max25	1400	0	2	598	0.3	3	T139	T88	43
d-phlag_0050-c_min3max25	1800	0	200	0	0.1	2	T107	T167	8
d-phlag_0050-c_min3max25	1699	1	11	289	0.15	2	T37	T24	2
d-phlag_0050-c_min3max25	1163	537	200	100	0.15	1	T105	T80	27
d-phlag_0050-c_min3max25	1653	47	5	295	0.15	2	T20	T106	3
d-phlag_0050-c_min3max25	1700	0	300	0	0.15	1	T6	T128	16
d-phlag_0050-c_min3max25	1600	0	0	400	0.2	1	T56	T112	49
d-phlag_0050-c_min3max25	1394	6	0	600	0.3	1	T200	T151	14
d-phlag_0050-c_min3max25	1379	121	250	250	0.25	4	T23	T171	10
d-phlag_0050-c_min3max25	1600	0	400	0	0.2	1	T139	T175	47
d-phlag_0050-c_min3max25	1400	0	600	0	0.3	2	T126	T117	39
d-phlag_0050-c_min3max25	16	1585	399	0	0.2	3	T140	T194	48
d-phlag_0050-c_min3max25	1	1600	399	0	0.2	3	T172	T179	46
d-phlag_0050-c_min3max25	1116	584	299	1	0.15	4	T25	T57	1
d-phlag_0050-c_min3max25	1405	195	334	66	0.2	1	T125	T69	44
d-phlag_0050-c_min3max25	10	1690	300	0	0.15	3	T154	T107	48
d-phlag_0050-c_min3max25	1800	0	200	0	0.1	4	T88	T120	12
d-phlag_0050-c_min3max25	1500	0	500	0	0.25	1	T88	T180	19
d-phlag_0050-c_min3max25	1600	0	400	0	0.2	2	T136	T144	8
d-phlag_0050-c_min3max25	1788	12	0	200	0.1	1	T104	T131	1
d-phlag_0050-c_min3max25	1400	0	0	600	0.3	1	T7	T30	32
d-phlag_0050-c_min3max25	2	1398	600	0	0.3	3	T159	T119	22
d-phlag_0050-c_min3max25	1695	5	25	275	0.15	2	T96	T167	14
d-phlag_0050-c_min3max25	1500	0	500	0	0.25	2	T67	T22	3
d-phlag_0050-c_min3max25	1901	0	99	0	0.05	3	T102	T158	16
d-phlag_0050-c_min3max25	1900	0	0	100	0.05	1	T1	T117	30
d-phlag_0050-c_min3max25	1898	3	5	94	0.05	3	T107	T17	29
d-phlag_0050-c_min3max25	1800	0	200	0	0.1	2	T191	T91	3
d-phlag_0050-c_min3max25	1119	581	176	124	0.15	2	T77	T87	27
d-phlag_0050-c_min3max25	4	1496	500	0	0.25	1	T151	T102	1
d-phlag_0050-c_min3max25	1600	0	2	398	0.2	2	T53	T158	43
d-phlag_0050-c_min3max25	1904	0	80	16	0.05	6	T102	T113	10
d-phlag_0050-c_min3max25	30	1770	197	3	0.1	2	T159	T58	33
d-phlag_0050-c_min3max25	1	1799	200	0	0.1	1	T4	T5	22
d-phlag_0050-c_min3max25	1097	503	211	189	0.2	2	T193	T33	50
d-phlag_0050-c_min3max25	4	1696	296	4	0.15	1	T49	T114	30
d-phlag_0050-c_min3max25	5	1395	600	0	0.3	2	T108	T137	11
d-phlag_0050-c_min3max25	1226	574	0	200	0.1	2	T89	T145	50
d-phlag_0050-c_min3max25	1174	426	303	97	0.2	1	T134	T88	24
d-phlag_0050-c_min3max25	16	1786	198	0	0.1	3	T172	T179	46
d-phlag_0050-c_min3max25	1700	0	239	61	0.15	1	T59	T136	28
d-phlag_0050-c_min3max25	100	1800	100	0	0.05	2	T143	T121	35
d-phlag_0050-c_min3max25	1499	1	0	500	0.25	2	T23	T195	39
d-phlag_0050-c_min3max25	757	643	600	0	0.3	2	T139	T115	38
d-phlag_0050-c_min3max25	1181	419	0	400	0.2	1	T118	T90	50
d-phlag_0050-c_min3max25	1451	49	3	497	0.25	2	T153	T30	29
d-phlag_0050-c_min3max25	0	1700	300	0	0.15	1	T70	T7	17
d-phlag_0050-c_min3max25	1156	344	3	497	0.25	5	T136	T75	50
d-phlag_0050-c_min3max25	1502	0	498	0	0.25	3	T16	T97	15
d-phlag_0050-c_min3max25	51	1449	500	0	0.25	1	T141	T66	42
d-phlag_0050-c_min3max25	1498	304	190	8	0.1	3	T68	T126	37
d-phlag_0050-c_min3max25	1083	717	131	69	0.1	2	T18	T89	27
d-phlag_0050-c_min3max25	1493	9	3	495	0.25	3	T86	T59	43
d-phlag_0050-c_min3max25	1395	5	0	600	0.3	1	T63	T46	7
d-phlag_0050-c_min3max25	1715	185	0	100	0.05	2	T47	T130	45
d-phlag_0050-c_min3max25	0	1900	0	100	0.05	2	T184	T14	42
d-phlag_0050-c_min3max25	1601	0	399	0	0.2	3	T171	T4	2
d-phlag_0050-c_min3max25	1498	2	0	500	0.25	1	T177	T124	35
d-phlag_0050-c_min3max25	7	1795	197	1	0.1	3	T96	T105	47
d-phlag_0050-c_min3max25	1380	20	0	600	0.3	1	T153	T30	29
d-phlag_0050-c_min3max25	1800	0	8	192	0.1	1	T130	T177	42
d-phlag_0050-c_min3max25	1790	12	198	0	0.1	3	T197	T176	4
d-phlag_0050-c_min3max25	1700	0	300	0	0.15	2	T37	T28	11
d-phlag_0050-c_min3max25	1700	0	300	0	0.15	1	T13	T160	37
d-phlag_0050-c_min3max25	1600	0	0	400	0.2	2	T94	T171	34
d-phlag_0050-c_min3max25	1357	43	0	600	0.3	1	T27	T24	14
d-phlag_0050-c_min3max25	1400	0	600	0	0.3	1	T2	T176	20
d-phlag_0050-c_min3max25	1271	529	200	0	0.1	2	T47	T32	26
d-phlag_0050-c_min3max25	1600	0	0	400	0.2	2	T67	T68	29
d-phlag_0050-c_min3max25	14	1788	198	0	0.1	6	T10	T8	1
d-phlag_0050-c_min3max25	1800	0	7	193	0.1	1	T151	T183	29
d-phlag_0050-c_min3max25	1549	52	314	85	0.2	3	T113	T29	36
d-phlag_0050-c_min3max25	4	1596	400	0	0.2	2	T20	T124	35
d-phlag_0050-c_min3max25	1898	2	0	100	0.05	1	T51	T110	40
d-phlag_0050-c_min3max25	1500	0	1	499	0.25	2	T53	T162	11
d-phlag_0050-c_min3max25	1597	3	18	382	0.2	2	T16	T190	42
d-phlag_0050-c_min3max25	1598	2	0	400	0.2	1	T48	T177	28
d-phlag_0050-c_min3max25	1400	0	600	0	0.3	2	T14	T40	34
d-phlag_0050-c_min3max25	1600	0	400	0	0.2	2	T6	T128	16
d-phlag_0050-c_min3max25	1694	6	3	297	0.15	1	T177	T109	13
d-phlag_0050-c_min3max25	1900	0	100	0	0.05	2	T22	T11	29
d-phlag_0050-c_min3max25	1497	3	3	497	0.25	2	T130	T177	42
d-phlag_0050-c_min3max25	1700	0	1	299	0.15	1	T106	T158	8
d-phlag_0050-c_min3max25	1399	1	0	600	0.3	2	T33	T31	19
d-phlag_0050-c_min3max25	1396	4	49	551	0.3	4	T142	T10	17
d-phlag_0050-c_min3max25	1203	197	14	586	0.3	3	T145	T172	44
d-phlag_0050-c_min3max25	1900	0	100	0	0.05	1	T8	T54	38
d-phlag_0050-c_min3max25	1502	0	498	0	0.25	3	T181	T9	36
d-phlag_0050-c_min3max25	1496	6	0	498	0.25	3	T29	T187	29
d-phlag_0050-c_min3max25	1700	0	180	120	0.15	2	T17	T197	5
d-phlag_0050-c_min3max25	1600	0	210	190	0.2	2	T126	T100	21
d-phlag_0050-c_min3max25	17	1683	299	1	0.15	4	T117	T137	40
d-phlag_0050-c_min3max25	0	1500	500	0	0.25	1	T115	T171	15
d-phlag_0050-c_min3max25	1485	15	500	0	0.25	1	T101	T126	4
d-phlag_0050-c_min3max25	1380	420	137	63	0.1	4	T144	T28	44
d-phlag_0050-c_min3max25	0	1900	100	0	0.05	2	T101	T107	17
d-phlag_0050-c_min3max25	1141	259	1	599	0.3	1	T191	T161	39
d-phlag_0050-c_min3max25	1600	0	0	400	0.2	2	T58	T103	21
d-phlag_0050-c_min3max25	1700	0	0	300	0.15	1	T125	T141	18
d-phlag_0050-c_min3max25	1400	0	0	600	0.3	2	T46	T70	1
d-phlag_0050-c_min3max25	11	1389	600	0	0.3	1	T10	T8	1
d-phlag_0050-c_min3max25	1798	4	2	196	0.1	3	T71	T144	20
d-phlag_0050-c_min3max25	1700	0	0	300	0.15	1	T174	T115	28
d-phlag_0050-c_min3max25	0	1500	500	0	0.25	1	T158	T11	36
d-phlag_0050-c_min3max25	0	1700	300	0	0.15	2	T94	T171	34
d-phlag_0050-c_min3max25	13	1387	596	4	0.3	2	T8	T54	38
d-phlag_0050-c_min3max25	1797	3	0	200	0.1	1	T125	T141	18
d-phlag_0050-c_min3max25	1495	5	0	500	0.25	2	T187	T11	14
d-phlag_0050-c_min3max25	1400	0	600	0	0.3	4	T138	T99	25
d-phlag_0050-c_min3max25	1558	42	0	400	0.2	2	T166	T34	28
d-phlag_0050-c_min3max25	1400	0	600	0	0.3	1	T193	T113	14
d-phlag_0050-c_min3max25	1375	25	17	583	0.3	2	T173	T48	9
d-phlag_0050-c_min3max25	1600	0	400	0	0.2	2	T30	T47	37
d-phlag_0050-c_min3max25	1799	1	0	200	0.1	2	T111	T137	11
d-phlag_0050-c_min3max25	0	1700	300	0	0.15	1	T121	T93	5
d-phlag_0050-c_min3max25	1861	39	1	99	0.05	2	T57	T196	42
d-phlag_0050-c_min3max25	1593	7	0	400	0.2	2	T52	T29	6
d-phlag_0050-c_min3max25	1465	35	250	250	0.25	2	T14	T148	10
d-phlag_0050-c_min3max25	1900	0	4	96	0.05	2	T46	T70	1
d-phlag_0050-c_min3max25	1800	0	0	200	0.1	2	T139	T159	15
d-phlag_0050-c_min3max25	1400	0	0	600	0.3	1	T29	T187	29
