	Acanthisitta_chloris	Acrocephalus_arundinaceus	Hippolais_icterina	Alaudala_cheleensis	Panurus_biarmicus	Nicator_chloris	Donacobius_atricapilla	Locustella_ochotensis	Oxylabes_madagascariensis	Sylvietta_virens	Aegithalos_caudatus	Erythrocercus_mccallii	Cettia_cetti	Horornis_vulcanius	Phylloscopus_trochilus	Rhadina_sibilatrix	Brachypodius_atriceps	Pycnonotus_jocosus	Hylia_prasina	Illadopsis_cleaveri	Sinosuthora_webbiana	Sylvia_atricapilla	Sylvia_borin	Leiothrix_lutea	Sterrhoptilus_dennistouni	Zosterops_hypoxanthus	Zosterops_lateralis	Pomatorhinus_ruficollis	Hirundo_rustica	Cisticola_juncidis	Bombycilla_garrulus	Phainopepla_nitens	Regulus_satrapa	Agelaius_phoeniceus	Molothrus_ater	Quiscalus_mexicanus	Junco_hyemalis	Zonotrichia_albicollis	Spizella_passerina	Rhodinocichla_rosea	Setophaga_coronata	Setophaga_kirtlandii	Melospiza_melodia	Geospiza_fortis	Sporophila_hypoxantha	Nesospiza_acunhae	Calcarius_ornatus	Cardinalis_cardinalis	Passerina_amoena	Pheucticus_melanocephalus	Emberiza_fucata	Chlorodrepanis_virens	Hemignathus_wilsoni	Loxia_curvirostra	Loxia_leucoptera	Serinus_canaria	Peucedramus_taeniatus	Hypocryptadius_cinnamomeus	Passer_domesticus	Lonchura_striata	Taeniopygia_guttata	Vidua_chalybeata	Vidua_macroura	Ploceus_nigricollis	Prunella_fulvescens	Prunella_himalayana	Urocynchramus_pylzowi	Chloropsis_cyanopogon	Chloropsis_hardwickii	Motacilla_alba	Elachura_formosa	Irena_cyanogastra	Certhia_brachydactyla	Certhia_familiaris	Tichodroma_muraria	Sitta_europaea	Anthoscopus_minutus	Parus_major	Pseudopodoces_humilis	Poecile_atricapillus	Buphagus_erythrorhynchus	Leucopsar_rothschildi	Sturnus_vulgaris	Toxostoma_redivivum	Rhabdornis_inornatus	Catharus_fuscescens	Cercotrichas_coryphaeus	Copsychus_sechellarum	Erithacus_rubecula	Ficedula_albicollis	Oenanthe_oenanthe	Saxicola_maurus	Cinclus_mexicanus	Dicaeum_eximium	Leptocoma_aspasia	Promerops_cafer	Polioptila_caerulea	Thryothorus_ludovicianus	Callaeas_wilsoni	Drymodes_brunneopygia	Notiomystis_cincta	Chaetops_frenatus	Picathartes_gymnocephalus	Melanocharis_versteri	Cnemophilus_loriae	Aleadryas_rufinucha	Aphelocoma_coerulescens	Corvus_brachyrhynchos	Corvus_cornix	Corvus_moneduloides	Lanius_ludovicianus	Paradisaea_raggiana	Ifrita_kowaldi	Dicrurus_megarhynchus	Myiagra_hebetior	Struthidea_cinerea	Chaetorhynchus_papuensis	Rhipidura_dahli	Eulacestoma_nigropectus	Edolisoma_coerulescens	Oreocharis_arfaki	Erpornis_zantholeuca	Vireo_altiloquus	Pteruthius_melanotis	Oriolus_oriolus	Mohoua_ochrocephala	Daphoenositta_chrysoptera	Falcunculus_frontatus	Pachycephala_philippinensis	Ptilorrhoa_leucosticta	Dyaphorophyia_castanea	Gymnorhina_tibicen	Mystacornis_crossleyi	Machaerirhynchus_nigripectus	Rhagologus_leucostigma	Pomatostomus_ruficeps	Orthonyx_spaldingii	Dasyornis_broadbenti	Grantiella_picta	Origma_solitaria	Pardalotus_punctatus	Malurus_elegans	Climacteris_rufus	Ptilonorhynchus_violaceus	Atrichornis_clamosus	Menura_novaehollandiae	Aegotheles_bennettii	Chaetura_pelagica	Hemiprocne_comata	Podargus_strigoides	Corythaeola_cristata	Corythaixoides_concolor	Tauraco_erythrolophus	Steatornis_caripensis	Anhinga_anhinga	Anhinga_rufa	Phalacrocorax_auritus	Phalacrocorax_harrisi	Phalacrocorax_brasilianus	Phalacrocorax_pelagicus	Phalacrocorax_carbo	Fregata_magnificens	Balaeniceps_rex	Pelecanus_crispus	Scopus_umbretta	Cochlearius_cochlearius	Egretta_garzetta	Mesembrinibis_cayennensis	Nipponia_nippon	Calonectris_borealis	Fulmarus_glacialis	Pelecanoides_urinatrix	Fregetta_grallaria	Oceanites_oceanicus	Hydrobates_tethys	Thalassarche_chlororhynchos	Centropus_bengalensis	Centropus_unirufus	Ceuthmochares_aereus	Piaya_cayana	Cuculus_canorus	Crotophaga_sulcirostris	Geococcyx_californianus	Ciconia_maguari	Phaethon_lepturus	Eurypyga_helias	Rhynochetos_jubatus	Aptenodytes_forsteri	Pygoscelis_adeliae	Antrostomus_carolinensis	Chordeiles_acutipennis	Nyctiprogne_leucopyga	Apaloderma_vittatum	Trogon_melanurus	Podiceps_cristatus	Podilymbus_podiceps	Ciccaba_nigrolineata	Strix_occidentalis	Glaucidium_brasilianum	Tyto_alba	Leptosomus_discolor	Baryphthengus_martii	Chloroceryle_aenea	Halcyon_senegalensis	Todus_mexicanus	Brachypteracias_leptosomus	Eurystomus_gularis	Merops_nubicus	Bucco_capensis	Galbula_dea	Eubucco_bourcierii	Ramphastos_sulfuratus	Psilopogon_haemacephalus	Tricholaema_leucomelas	Indicator_maculatus	Picoides_pubescens	Buceros_rhinoceros	Bucorvus_abyssinicus	Rhinopomastus_cyanomelas	Upupa_epops	Alca_torda	Cepphus_grylle	Uria_aalge	Uria_lomvia	Chroicocephalus_maculipennis	Rissa_tridactyla	Larus_smithsonianus	Phaetusa_simplex	Rynchops_niger	Stercorarius_parasiticus	Dromas_ardeola	Glareola_pratincola	Rhinoptilus_africanus	Turnix_velox	Arenaria_interpres	Calidris_pugnax	Limosa_lapponica	Jacana_jacana	Rostratula_benghalensis	Pedionomus_torquatus	Thinocorus_orbignyianus	Burhinus_bistriatus	Chionis_minor	Pluvianellus_socialis	Charadrius_alexandrinus	Charadrius_vociferus	Himantopus_himantopus	Ibidorhyncha_struthersii	Alectura_lathami	Callipepla_squamata	Colinus_virginianus	Odontophorus_gujanensis	Coturnix_japonica	Gallus_gallus	Meleagris_gallopavo	Tympanuchus_cupido	Phasianus_colchicus	Numida_meleagris	Penelope_pileata	Anas_platyrhynchos	Anas_zonorhyncha	Cairina_moschata	Asarcornis_scutulata	Anser_cygnoid	Anseranas_semipalmata	Chauna_torquata	Apteryx_australis	Apteryx_rowi	Apteryx_haastii	Apteryx_owenii	Rhea_americana	Rhea_pennata	Casuarius_casuarius	Dromaius_novaehollandiae	Struthio_camelus	Ardeotis_kori	Chlamydotis_macqueenii	Lophotis_ruficrista	Gavia_stellata	Opisthocomus_hoazin	Alopecoenas_beccarii	Caloenas_nicobarica	Columba_livia	Patagioenas_fasciata	Columbina_picui	Colius_striatus	Urocolius_indicus	Mesitornis_unicolor	Pterocles_burchelli	Pterocles_gutturalis	Syrrhaptes_paradoxus	Agapornis_roseicollis	Melopsittacus_undulatus	Amazona_guildingii	Eolophus_roseicapillus	Probosciger_aterrimus	Nestor_notabilis	Cathartes_aura	Atlantisia_rogersi	Zapornia_atra	Heliornis_fulica	Balearica_regulorum	Grus_americana	Psophia_crepitans	Cariama_cristata	Chunga_burmeisteri	Falco_cherrug	Falco_peregrinus	Herpetotheres_cachinnans	Aquila_chrysaetos	Spizaetus_tyrannus	Haliaeetus_albicilla	Haliaeetus_leucocephalus	Circaetus_pectoralis	Pandion_haliaetus	Sagittarius_serpentarius	Calyptomena_viridis	Smithornis_capensis	Pitta_sordida	Sapayoa_aenigma	Neodrepanis_coruscans	Serilophus_lunatus	Formicarius_rufipectus	Grallaria_varia	Scytalopus_superciliaris	Furnarius_figulus	Xiphorhynchus_elegans	Sclerurus_mexicanus
Acanthisitta_chloris	0	0.257084	0.261353	0.308827	0.281214	0.264115	0.290156	0.287917	0.248684	0.279007	0.291221	0.270335	0.286476	0.276858	0.282542	0.277819	0.263054	0.267416	0.284071	0.303947	0.276614	0.287698	0.281858	0.279547	0.29795	0.297141	0.291254	0.271107	0.273865	0.284735	0.276646	0.262965	0.304756	0.293303	0.303376	0.296625	0.297694	0.299019	0.293555	0.282797	0.295425	0.301388	0.276245	0.269142	0.272464	0.274536	0.258999	0.264312	0.260973	0.258122	0.265342	0.259845	0.258396	0.260396	0.258958	0.26939	0.265163	0.263657	0.271937	0.30602	0.304317	0.282765	0.282521	0.258423	0.261885	0.266446	0.25926	0.289883	0.291536	0.26252	0.28998	0.274553	0.26427	0.264351	0.273791	0.270624	0.287662	0.300616	0.292043	0.280921	0.257047	0.269231	0.260021	0.273735	0.255935	0.284164	0.2728	0.270256	0.274796	0.275388	0.270155	0.274797	0.27285	0.270858	0.260855	0.247291	0.254595	0.264598	0.255483	0.283653	0.255439	0.279733	0.258384	0.251115	0.226284	0.233644	0.239457	0.245471	0.245467	0.245545	0.256198	0.232415	0.259353	0.242922	0.257711	0.239816	0.236217	0.24344	0.249969	0.262074	0.266409	0.272859	0.286466	0.261438	0.259064	0.251063	0.237121	0.241614	0.241862	0.227546	0.251347	0.25298	0.25102	0.242204	0.247077	0.258616	0.258976	0.257116	0.249762	0.246416	0.230333	0.25552	0.241463	0.228856	0.242095	0.20583	0.284658	0.326908	0.309686	0.291418	0.273228	0.270803	0.288412	0.282949	0.26813	0.283374	0.302942	0.307581	0.305302	0.300693	0.300294	0.25519	0.265996	0.263842	0.288727	0.281936	0.28637	0.250289	0.257781	0.260088	0.25232	0.261478	0.260248	0.25643	0.236749	0.230436	0.377714	0.379987	0.337194	0.348967	0.327892	0.31184	0.315444	0.238228	0.254745	0.301736	0.310342	0.248183	0.243594	0.284113	0.289527	0.273446	0.339264	0.316684	0.308561	0.312452	0.262005	0.255348	0.270594	0.273708	0.277485	0.311969	0.296959	0.312659	0.321235	0.311564	0.298981	0.338502	0.311674	0.326979	0.418235	0.400877	0.423226	0.406388	0.361209	0.364024	0.298832	0.299789	0.417565	0.441352	0.267675	0.279553	0.264527	0.264536	0.275945	0.275949	0.277175	0.272403	0.271198	0.262589	0.259661	0.292152	0.290167	0.385713	0.280699	0.285906	0.258566	0.32362	0.32523	0.330568	0.330474	0.260419	0.281025	0.283969	0.245731	0.253012	0.249482	0.249822	0.370176	0.4221	0.430761	0.416918	0.454842	0.430769	0.439413	0.442001	0.427089	0.423094	0.385764	0.388131	0.38921	0.39669	0.388499	0.377209	0.324398	0.317671	0.366685	0.368899	0.365473	0.364369	0.430385	0.431861	0.380647	0.389201	0.38947	0.284291	0.296726	0.286799	0.23988	0.295527	0.296359	0.273611	0.290048	0.288367	0.278467	0.335074	0.351258	0.302724	0.274276	0.30159	0.291147	0.296586	0.30159	0.291522	0.275428	0.292254	0.276091	0.22782	0.332372	0.321238	0.342717	0.247505	0.254373	0.270399	0.262341	0.260109	0.287246	0.291778	0.249329	0.218685	0.21586	0.223626	0.223665	0.224373	0.23727	0.248526	0.227835	0.253236	0.253825	0.246665	0.252766	0.248031	0.275134	0.313191	0.253332	0.269626	0.26169	0.293097
Acrocephalus_arundinaceus	0.257084	0	0.0478109	0.144676	0.117063	0.0999645	0.126005	0.123766	0.0845333	0.114858	0.129942	0.109056	0.125197	0.115578	0.121262	0.11654	0.101774	0.106136	0.122791	0.142668	0.115334	0.126418	0.120578	0.118268	0.136671	0.135861	0.129974	0.109827	0.112586	0.127946	0.134256	0.120575	0.162366	0.150915	0.160989	0.154237	0.155307	0.156631	0.151167	0.140409	0.153038	0.159	0.133857	0.126754	0.130076	0.132149	0.116611	0.121924	0.118585	0.115735	0.122954	0.117457	0.116008	0.118008	0.11657	0.127003	0.122775	0.12127	0.12955	0.163633	0.16193	0.140377	0.140133	0.116036	0.119497	0.124058	0.116873	0.147495	0.149149	0.120133	0.147593	0.132165	0.121882	0.121963	0.131403	0.128236	0.145274	0.158228	0.149655	0.138533	0.11466	0.126843	0.117633	0.131347	0.113547	0.141776	0.130412	0.127869	0.132409	0.133	0.127768	0.13241	0.130462	0.12847	0.118467	0.104903	0.115218	0.125221	0.134324	0.164159	0.135945	0.165026	0.143677	0.136408	0.114652	0.127885	0.133699	0.139713	0.139708	0.139787	0.15044	0.126657	0.153595	0.137164	0.151953	0.134058	0.130459	0.137682	0.14421	0.156316	0.160651	0.167101	0.180708	0.155679	0.153305	0.145304	0.134315	0.138808	0.139056	0.12474	0.157883	0.159516	0.157556	0.148741	0.153613	0.165152	0.165512	0.190632	0.183277	0.179932	0.163849	0.189036	0.198554	0.185947	0.223655	0.18739	0.302909	0.345158	0.327936	0.309669	0.291479	0.289054	0.306663	0.3012	0.286381	0.301625	0.321193	0.325832	0.323553	0.318944	0.318545	0.273441	0.284247	0.282093	0.306978	0.300187	0.304621	0.268539	0.276032	0.278339	0.270571	0.279729	0.278499	0.274681	0.255	0.248687	0.395965	0.398238	0.355445	0.367218	0.346143	0.330091	0.333695	0.256479	0.272996	0.319987	0.328593	0.266434	0.261845	0.302364	0.307778	0.291697	0.357515	0.334935	0.326812	0.330703	0.280256	0.273599	0.288844	0.291959	0.295736	0.33022	0.31521	0.33091	0.339486	0.329815	0.317232	0.356753	0.329925	0.34523	0.436486	0.419128	0.441477	0.424639	0.37946	0.382275	0.317083	0.31804	0.435816	0.459603	0.285926	0.297804	0.282778	0.282787	0.294195	0.2942	0.295426	0.290654	0.289449	0.28084	0.277912	0.310403	0.308418	0.403964	0.29895	0.304157	0.276817	0.341871	0.343481	0.348819	0.348725	0.27867	0.299276	0.30222	0.263982	0.271263	0.267733	0.268073	0.388426	0.440351	0.449012	0.435169	0.473093	0.449019	0.457664	0.460252	0.445339	0.441345	0.404015	0.406382	0.407461	0.414941	0.40675	0.39546	0.342649	0.335922	0.384936	0.38715	0.383724	0.38262	0.448636	0.450112	0.398898	0.407452	0.407721	0.302542	0.314977	0.30505	0.258131	0.313778	0.314609	0.291862	0.308299	0.306617	0.296718	0.353325	0.369509	0.320975	0.292527	0.319841	0.309398	0.314837	0.319841	0.309773	0.293678	0.310505	0.294342	0.246071	0.350623	0.339488	0.360968	0.265756	0.272624	0.28865	0.280592	0.27836	0.305497	0.310029	0.26758	0.236936	0.234111	0.241877	0.241916	0.242624	0.255521	0.266777	0.259314	0.284715	0.285304	0.278144	0.284245	0.27951	0.306613	0.344669	0.284811	0.301105	0.293169	0.324576
Hippolais_icterina	0.261353	0.0478109	0	0.148945	0.121332	0.104233	0.130273	0.128035	0.0888022	0.119127	0.134211	0.113325	0.129466	0.119847	0.125531	0.120808	0.106043	0.110405	0.12706	0.146937	0.119603	0.130687	0.124847	0.122536	0.14094	0.14013	0.134243	0.114096	0.116855	0.132215	0.138525	0.124844	0.166635	0.155184	0.165258	0.158506	0.159576	0.1609	0.155436	0.144678	0.157307	0.163269	0.138126	0.131023	0.134345	0.136418	0.12088	0.126193	0.122854	0.120003	0.127223	0.121726	0.120277	0.122277	0.120839	0.131272	0.127044	0.125538	0.133818	0.167902	0.166199	0.144646	0.144402	0.120305	0.123766	0.128327	0.121142	0.151764	0.153418	0.124401	0.151861	0.136434	0.126151	0.126232	0.135672	0.132505	0.149543	0.162497	0.153924	0.142802	0.118928	0.131112	0.121902	0.135616	0.117816	0.146045	0.134681	0.132138	0.136678	0.137269	0.132036	0.136679	0.134731	0.132739	0.122736	0.109172	0.119487	0.12949	0.138593	0.168428	0.140214	0.169295	0.147945	0.140677	0.118921	0.132154	0.137968	0.143982	0.143977	0.144056	0.154709	0.130926	0.157863	0.141433	0.156221	0.138327	0.134728	0.141951	0.148479	0.160585	0.16492	0.17137	0.184977	0.159948	0.157574	0.149573	0.138584	0.143077	0.143325	0.129009	0.162152	0.163785	0.161825	0.153009	0.157882	0.169421	0.169781	0.194901	0.187546	0.184201	0.168118	0.193305	0.202823	0.190216	0.227923	0.191659	0.307178	0.349427	0.332205	0.313938	0.295748	0.293323	0.310932	0.305469	0.29065	0.305894	0.325462	0.330101	0.327822	0.323213	0.322814	0.27771	0.288516	0.286362	0.311247	0.304456	0.30889	0.272808	0.280301	0.282608	0.27484	0.283997	0.282768	0.27895	0.259269	0.252956	0.400234	0.402507	0.359714	0.371487	0.350412	0.33436	0.337964	0.260748	0.277265	0.324256	0.332862	0.270703	0.266114	0.306633	0.312047	0.295966	0.361784	0.339203	0.33108	0.334971	0.284525	0.277868	0.293113	0.296228	0.300005	0.334489	0.319479	0.335179	0.343755	0.334084	0.321501	0.361021	0.334194	0.349499	0.440755	0.423397	0.445746	0.428908	0.383729	0.386544	0.321352	0.322309	0.440085	0.463872	0.290195	0.302073	0.287047	0.287056	0.298464	0.298469	0.299695	0.294923	0.293718	0.285109	0.282181	0.314672	0.312687	0.408233	0.303219	0.308425	0.281086	0.34614	0.34775	0.353088	0.352993	0.282939	0.303544	0.306489	0.268251	0.275532	0.272002	0.272342	0.392695	0.44462	0.453281	0.439438	0.477362	0.453288	0.461933	0.464521	0.449608	0.445614	0.408283	0.410651	0.41173	0.41921	0.411019	0.399729	0.346918	0.340191	0.389205	0.391419	0.387993	0.386888	0.452904	0.454381	0.403167	0.411721	0.41199	0.306811	0.319246	0.309319	0.2624	0.318047	0.318878	0.296131	0.312568	0.310886	0.300987	0.357594	0.373778	0.325244	0.296796	0.32411	0.313667	0.319106	0.32411	0.314042	0.297947	0.314774	0.298611	0.25034	0.354892	0.343757	0.365237	0.270025	0.276893	0.292919	0.28486	0.282629	0.309766	0.314298	0.271849	0.241205	0.23838	0.246146	0.246185	0.246893	0.25979	0.271046	0.263583	0.288984	0.289573	0.282413	0.288514	0.283779	0.310882	0.348938	0.28908	0.305374	0.297438	0.328845
Alaudala_cheleensis	0.308827	0.144676	0.148945	0	0.131233	0.135449	0.171727	0.169489	0.130256	0.166601	0.181685	0.160799	0.17694	0.167321	0.173005	0.168283	0.153518	0.157879	0.174534	0.194411	0.167077	0.178162	0.172321	0.170011	0.188414	0.187604	0.181717	0.16157	0.164329	0.179689	0.185999	0.172318	0.214109	0.202659	0.212732	0.20598	0.20705	0.208374	0.20291	0.192152	0.204781	0.210743	0.1856	0.178497	0.18182	0.183892	0.168355	0.173667	0.170328	0.167478	0.174697	0.1692	0.167751	0.169751	0.168313	0.178746	0.174518	0.173013	0.181293	0.215376	0.213673	0.192121	0.191876	0.167779	0.17124	0.175801	0.168616	0.199238	0.200892	0.171876	0.199336	0.183908	0.173626	0.173707	0.183146	0.179979	0.197017	0.209971	0.201398	0.190276	0.166403	0.178586	0.169376	0.18309	0.16529	0.193519	0.182155	0.179612	0.184152	0.184743	0.179511	0.184153	0.182205	0.180213	0.17021	0.156647	0.166961	0.176964	0.186067	0.215902	0.187689	0.216769	0.19542	0.188151	0.166395	0.179629	0.185442	0.191456	0.191451	0.19153	0.202183	0.1784	0.205338	0.188907	0.203696	0.185801	0.182202	0.189425	0.195953	0.208059	0.212394	0.218844	0.232451	0.207423	0.205048	0.197047	0.186058	0.190551	0.190799	0.176484	0.209626	0.211259	0.209299	0.200484	0.205356	0.216895	0.217255	0.242375	0.235021	0.231675	0.215592	0.240779	0.250297	0.23769	0.275398	0.239133	0.354652	0.396902	0.37968	0.361413	0.343222	0.340797	0.358406	0.352943	0.338124	0.353368	0.372936	0.377575	0.375296	0.370687	0.370289	0.325184	0.33599	0.333836	0.358721	0.35193	0.356364	0.320283	0.327775	0.330082	0.322314	0.331472	0.330242	0.326424	0.306743	0.30043	0.447708	0.449981	0.407188	0.418961	0.397886	0.381834	0.385438	0.308222	0.324739	0.37173	0.380336	0.318177	0.313588	0.354107	0.359521	0.34344	0.409258	0.386678	0.378555	0.382446	0.331999	0.325342	0.340588	0.343703	0.347479	0.381963	0.366953	0.382654	0.391229	0.381558	0.368975	0.408496	0.381668	0.396973	0.488229	0.470871	0.493221	0.476382	0.431203	0.434018	0.368826	0.369783	0.487559	0.511346	0.337669	0.349547	0.334521	0.334531	0.345939	0.345943	0.347169	0.342397	0.341192	0.332583	0.329655	0.362146	0.360161	0.455707	0.350693	0.3559	0.32856	0.393614	0.395224	0.400562	0.400468	0.330413	0.351019	0.353963	0.315725	0.323006	0.319476	0.319816	0.44017	0.492094	0.500755	0.486912	0.524836	0.500763	0.509407	0.511995	0.497083	0.493088	0.455758	0.458125	0.459204	0.466684	0.458493	0.447203	0.394392	0.387665	0.436679	0.438893	0.435467	0.434363	0.500379	0.501855	0.450641	0.459196	0.459465	0.354285	0.36672	0.356793	0.309875	0.365521	0.366353	0.343605	0.360042	0.358361	0.348461	0.405068	0.421252	0.372718	0.34427	0.371584	0.361141	0.36658	0.371584	0.361516	0.345422	0.362248	0.346085	0.297815	0.402366	0.391232	0.412711	0.317499	0.324367	0.340393	0.332335	0.330103	0.35724	0.361772	0.319323	0.288679	0.285854	0.29362	0.29366	0.294368	0.307264	0.31852	0.311057	0.336458	0.337047	0.329887	0.335988	0.331253	0.358356	0.396413	0.336554	0.352848	0.344912	0.376319
Panurus_biarmicus	0.281214	0.117063	0.121332	0.131233	0	0.107835	0.144114	0.141876	0.102642	0.138987	0.154071	0.133185	0.149326	0.139708	0.145392	0.140669	0.125904	0.130266	0.146921	0.166797	0.139464	0.150548	0.144708	0.142397	0.1608	0.159991	0.154103	0.133957	0.136715	0.152075	0.158386	0.144704	0.186496	0.175045	0.185118	0.178366	0.179436	0.18076	0.175297	0.164539	0.177167	0.183129	0.157986	0.150884	0.154206	0.156278	0.140741	0.146053	0.142715	0.139864	0.147084	0.141586	0.140137	0.142137	0.1407	0.151132	0.146904	0.145399	0.153679	0.187762	0.186059	0.164507	0.164262	0.140165	0.143626	0.148187	0.141002	0.171624	0.173278	0.144262	0.171722	0.156294	0.146012	0.146093	0.155532	0.152365	0.169403	0.182357	0.173785	0.162663	0.138789	0.150972	0.141763	0.155476	0.137676	0.165905	0.154542	0.151998	0.156538	0.157129	0.151897	0.156539	0.154591	0.152599	0.142597	0.129033	0.139347	0.14935	0.158453	0.188289	0.160075	0.189155	0.167806	0.160538	0.138782	0.152015	0.157828	0.163842	0.163837	0.163916	0.174569	0.150786	0.177724	0.161293	0.176082	0.158187	0.154588	0.161811	0.16834	0.180445	0.18478	0.19123	0.204837	0.179809	0.177435	0.169433	0.158445	0.162938	0.163185	0.14887	0.182012	0.183645	0.181685	0.17287	0.177742	0.189281	0.189641	0.214761	0.207407	0.204061	0.187978	0.213166	0.222684	0.210077	0.247784	0.211519	0.327039	0.369288	0.352066	0.333799	0.315608	0.313183	0.330792	0.325329	0.310511	0.325754	0.345322	0.349961	0.347682	0.343073	0.342675	0.29757	0.308376	0.306222	0.331107	0.324317	0.328751	0.292669	0.300161	0.302468	0.2947	0.303858	0.302628	0.29881	0.27913	0.272816	0.420094	0.422368	0.379574	0.391347	0.370272	0.354221	0.357824	0.280608	0.297125	0.344116	0.352722	0.290564	0.285975	0.326493	0.331907	0.315826	0.381644	0.359064	0.350941	0.354832	0.304385	0.297728	0.312974	0.316089	0.319865	0.354349	0.339339	0.35504	0.363616	0.353944	0.341361	0.380882	0.354055	0.369359	0.460615	0.443257	0.465607	0.448769	0.403589	0.406404	0.341212	0.342169	0.459945	0.483733	0.310056	0.321933	0.306907	0.306917	0.318325	0.318329	0.319555	0.314783	0.313578	0.30497	0.302041	0.334532	0.332547	0.428094	0.323079	0.328286	0.300946	0.366	0.36761	0.372949	0.372854	0.3028	0.323405	0.32635	0.288111	0.295393	0.291862	0.292202	0.412556	0.464481	0.473142	0.459299	0.497222	0.473149	0.481793	0.484382	0.469469	0.465474	0.428144	0.430511	0.43159	0.43907	0.430879	0.419589	0.366778	0.360051	0.409066	0.411279	0.407853	0.406749	0.472765	0.474242	0.423027	0.431582	0.431851	0.326671	0.339107	0.32918	0.282261	0.337907	0.338739	0.315991	0.332428	0.330747	0.320847	0.377454	0.393638	0.345105	0.316656	0.34397	0.333528	0.338967	0.34397	0.333902	0.317808	0.334634	0.318471	0.270201	0.374752	0.363618	0.385098	0.289885	0.296753	0.312779	0.304721	0.302489	0.329626	0.334159	0.291709	0.261065	0.25824	0.266006	0.266046	0.266754	0.279651	0.290907	0.283443	0.308844	0.309434	0.302273	0.308374	0.30364	0.330742	0.368799	0.30894	0.325234	0.317298	0.348705
Nicator_chloris	0.264115	0.0999645	0.104233	0.135449	0.107835	0	0.127015	0.124777	0.0855443	0.121889	0.136973	0.116087	0.132228	0.122609	0.128293	0.123571	0.108806	0.113167	0.129822	0.149699	0.122365	0.13345	0.127609	0.125299	0.143702	0.142892	0.137005	0.116858	0.119617	0.134977	0.141287	0.127606	0.169397	0.157947	0.16802	0.161268	0.162338	0.163662	0.158198	0.14744	0.160069	0.166031	0.140888	0.133785	0.137108	0.13918	0.123643	0.128955	0.125616	0.122766	0.129985	0.124488	0.123039	0.125039	0.123601	0.134034	0.129806	0.128301	0.136581	0.170664	0.168961	0.147409	0.147164	0.123067	0.126528	0.131089	0.123904	0.154526	0.15618	0.127164	0.154624	0.139196	0.128914	0.128995	0.138434	0.135267	0.152305	0.165259	0.156686	0.145564	0.121691	0.133874	0.124664	0.138378	0.120578	0.148807	0.137443	0.1349	0.13944	0.140031	0.134799	0.139441	0.137493	0.135501	0.125498	0.111935	0.122249	0.132252	0.141355	0.17119	0.142977	0.172057	0.150708	0.143439	0.121683	0.134917	0.14073	0.146744	0.146739	0.146818	0.157471	0.133688	0.160626	0.144195	0.158984	0.141089	0.13749	0.144713	0.151241	0.163347	0.167682	0.174132	0.187739	0.162711	0.160336	0.152335	0.141346	0.145839	0.146087	0.131771	0.164914	0.166547	0.164587	0.155772	0.160644	0.172183	0.172543	0.197663	0.190309	0.186963	0.17088	0.196067	0.205585	0.192978	0.230686	0.194421	0.30994	0.35219	0.334968	0.316701	0.29851	0.296085	0.313694	0.308231	0.293412	0.308656	0.328224	0.332863	0.330584	0.325975	0.325577	0.280472	0.291278	0.289124	0.314009	0.307218	0.311652	0.275571	0.283063	0.28537	0.277602	0.28676	0.28553	0.281712	0.262031	0.255718	0.402996	0.405269	0.362476	0.374249	0.353174	0.337122	0.340726	0.26351	0.280027	0.327018	0.335624	0.273465	0.268876	0.309395	0.314809	0.298728	0.364546	0.341966	0.333843	0.337734	0.287287	0.28063	0.295876	0.298991	0.302767	0.337251	0.322241	0.337941	0.346517	0.336846	0.324263	0.363784	0.336956	0.352261	0.443517	0.426159	0.448509	0.43167	0.386491	0.389306	0.324114	0.325071	0.442847	0.466634	0.292957	0.304835	0.289809	0.289818	0.301227	0.301231	0.302457	0.297685	0.29648	0.287871	0.284943	0.317434	0.315449	0.410995	0.305981	0.311188	0.283848	0.348902	0.350512	0.35585	0.355756	0.285701	0.306307	0.309251	0.271013	0.278294	0.274764	0.275104	0.395458	0.447382	0.456043	0.4422	0.480124	0.456051	0.464695	0.467283	0.452371	0.448376	0.411046	0.413413	0.414492	0.421972	0.413781	0.402491	0.34968	0.342953	0.391967	0.394181	0.390755	0.389651	0.455667	0.457143	0.405929	0.414484	0.414753	0.309573	0.322008	0.312081	0.265163	0.320809	0.321641	0.298893	0.31533	0.313649	0.303749	0.360356	0.37654	0.328006	0.299558	0.326872	0.316429	0.321868	0.326872	0.316804	0.30071	0.317536	0.301373	0.253102	0.357654	0.34652	0.367999	0.272787	0.279655	0.295681	0.287623	0.285391	0.312528	0.31706	0.274611	0.243967	0.241142	0.248908	0.248948	0.249656	0.262552	0.273808	0.266345	0.291746	0.292335	0.285175	0.291276	0.286541	0.313644	0.351701	0.291842	0.308136	0.3002	0.331607
Donacobius_atricapilla	0.290156	0.126005	0.130273	0.171727	0.144114	0.127015	0	0.12769	0.100198	0.147929	0.163013	0.142127	0.158268	0.148649	0.154333	0.149611	0.134846	0.139208	0.155863	0.175739	0.148405	0.15949	0.15365	0.151339	0.169742	0.168932	0.163045	0.142899	0.145657	0.161017	0.167327	0.153646	0.195437	0.183987	0.19406	0.187308	0.188378	0.189702	0.184238	0.17348	0.186109	0.192071	0.166928	0.159826	0.163148	0.16522	0.149683	0.154995	0.151656	0.148806	0.156025	0.150528	0.149079	0.151079	0.149642	0.160074	0.155846	0.154341	0.162621	0.196704	0.195001	0.173449	0.173204	0.149107	0.152568	0.157129	0.149944	0.180566	0.18222	0.153204	0.180664	0.165236	0.154954	0.155035	0.164474	0.161307	0.178345	0.191299	0.182727	0.171604	0.147731	0.159914	0.150705	0.164418	0.146618	0.174847	0.163484	0.16094	0.16548	0.166071	0.160839	0.165481	0.163533	0.161541	0.151538	0.137975	0.148289	0.158292	0.167395	0.19723	0.169017	0.198097	0.176748	0.169479	0.147723	0.160957	0.16677	0.172784	0.172779	0.172858	0.183511	0.159728	0.186666	0.170235	0.185024	0.167129	0.16353	0.170753	0.177281	0.189387	0.193722	0.200172	0.213779	0.188751	0.186377	0.178375	0.167387	0.171879	0.172127	0.157812	0.190954	0.192587	0.190627	0.181812	0.186684	0.198223	0.198583	0.223703	0.216349	0.213003	0.19692	0.222107	0.231626	0.219018	0.256726	0.220461	0.33598	0.37823	0.361008	0.342741	0.32455	0.322125	0.339734	0.334271	0.319452	0.334696	0.354264	0.358903	0.356624	0.352015	0.351617	0.306512	0.317318	0.315164	0.340049	0.333258	0.337692	0.301611	0.309103	0.31141	0.303642	0.3128	0.31157	0.307752	0.288072	0.281758	0.429036	0.431309	0.388516	0.400289	0.379214	0.363163	0.366766	0.28955	0.306067	0.353058	0.361664	0.299505	0.294916	0.335435	0.340849	0.324768	0.390586	0.368006	0.359883	0.363774	0.313327	0.30667	0.321916	0.325031	0.328807	0.363291	0.348281	0.363982	0.372557	0.362886	0.350303	0.389824	0.362997	0.378301	0.469557	0.452199	0.474549	0.45771	0.412531	0.415346	0.350154	0.351111	0.468887	0.492675	0.318997	0.330875	0.315849	0.315859	0.327267	0.327271	0.328497	0.323725	0.32252	0.313911	0.310983	0.343474	0.341489	0.437036	0.332021	0.337228	0.309888	0.374942	0.376552	0.381891	0.381796	0.311741	0.332347	0.335291	0.297053	0.304335	0.300804	0.301144	0.421498	0.473422	0.482083	0.46824	0.506164	0.482091	0.490735	0.493323	0.478411	0.474416	0.437086	0.439453	0.440532	0.448012	0.439821	0.428531	0.37572	0.368993	0.418007	0.420221	0.416795	0.415691	0.481707	0.483183	0.431969	0.440524	0.440793	0.335613	0.348049	0.338121	0.291203	0.346849	0.347681	0.324933	0.34137	0.339689	0.329789	0.386396	0.40258	0.354046	0.325598	0.352912	0.342469	0.347908	0.352912	0.342844	0.32675	0.343576	0.327413	0.279143	0.383694	0.37256	0.394039	0.298827	0.305695	0.321721	0.313663	0.311431	0.338568	0.3431	0.300651	0.270007	0.267182	0.274948	0.274988	0.275696	0.288592	0.299849	0.292385	0.317786	0.318376	0.311215	0.317316	0.312581	0.339684	0.377741	0.317882	0.334176	0.32624	0.357647
Locustella_ochotensis	0.287917	0.123766	0.128035	0.169489	0.141876	0.124777	0.12769	0	0.0979603	0.145691	0.160775	0.139889	0.15603	0.146411	0.152095	0.147373	0.132608	0.136969	0.153624	0.173501	0.146167	0.157251	0.151411	0.149101	0.167504	0.166694	0.160807	0.14066	0.143419	0.158779	0.165089	0.151408	0.193199	0.181749	0.191822	0.18507	0.18614	0.187464	0.182	0.171242	0.183871	0.189833	0.16469	0.157587	0.160909	0.162982	0.147445	0.152757	0.149418	0.146568	0.153787	0.14829	0.146841	0.148841	0.147403	0.157836	0.153608	0.152103	0.160383	0.194466	0.192763	0.17121	0.170966	0.146869	0.15033	0.154891	0.147706	0.178328	0.179982	0.150966	0.178426	0.162998	0.152715	0.152797	0.162236	0.159069	0.176107	0.189061	0.180488	0.169366	0.145493	0.157676	0.148466	0.16218	0.14438	0.172609	0.161245	0.158702	0.163242	0.163833	0.158601	0.163243	0.161295	0.159303	0.1493	0.135736	0.146051	0.156054	0.165157	0.194992	0.166779	0.195859	0.17451	0.167241	0.145485	0.158719	0.164532	0.170546	0.170541	0.17062	0.181273	0.15749	0.184428	0.167997	0.182786	0.164891	0.161292	0.168515	0.175043	0.187149	0.191484	0.197934	0.211541	0.186512	0.184138	0.176137	0.165148	0.169641	0.169889	0.155573	0.188716	0.190349	0.188389	0.179574	0.184446	0.195985	0.196345	0.221465	0.214111	0.210765	0.194682	0.219869	0.229387	0.21678	0.254488	0.218223	0.333742	0.375992	0.35877	0.340503	0.322312	0.319887	0.337496	0.332033	0.317214	0.332458	0.352026	0.356665	0.354386	0.349777	0.349379	0.304274	0.31508	0.312926	0.337811	0.33102	0.335454	0.299373	0.306865	0.309172	0.301404	0.310562	0.309332	0.305514	0.285833	0.27952	0.426798	0.429071	0.386278	0.398051	0.376976	0.360924	0.364528	0.287312	0.303829	0.35082	0.359426	0.297267	0.292678	0.333197	0.338611	0.32253	0.388348	0.365768	0.357645	0.361536	0.311089	0.304432	0.319678	0.322792	0.326569	0.361053	0.346043	0.361743	0.370319	0.360648	0.348065	0.387586	0.360758	0.376063	0.467319	0.449961	0.47231	0.455472	0.410293	0.413108	0.347916	0.348873	0.466649	0.490436	0.316759	0.328637	0.313611	0.31362	0.325029	0.325033	0.326259	0.321487	0.320282	0.311673	0.308745	0.341236	0.339251	0.434797	0.329783	0.33499	0.30765	0.372704	0.374314	0.379652	0.379558	0.309503	0.330109	0.333053	0.294815	0.302096	0.298566	0.298906	0.41926	0.471184	0.479845	0.466002	0.503926	0.479853	0.488497	0.491085	0.476173	0.472178	0.434848	0.437215	0.438294	0.445774	0.437583	0.426293	0.373482	0.366755	0.415769	0.417983	0.414557	0.413453	0.479469	0.480945	0.429731	0.438286	0.438554	0.333375	0.34581	0.335883	0.288964	0.344611	0.345443	0.322695	0.339132	0.337451	0.327551	0.384158	0.400342	0.351808	0.32336	0.350674	0.340231	0.34567	0.350674	0.340606	0.324512	0.341338	0.325175	0.276904	0.381456	0.370322	0.391801	0.296589	0.303457	0.319483	0.311425	0.309193	0.33633	0.340862	0.298413	0.267769	0.264944	0.27271	0.272749	0.273458	0.286354	0.29761	0.290147	0.315548	0.316137	0.308977	0.315078	0.310343	0.337446	0.375503	0.315644	0.331938	0.324002	0.355409
Oxylabes_madagascariensis	0.248684	0.0845333	0.0888022	0.130256	0.102642	0.0855443	0.100198	0.0979603	0	0.106458	0.121542	0.100656	0.116797	0.107178	0.112862	0.10814	0.0933744	0.0977363	0.114391	0.134268	0.106934	0.118018	0.112178	0.109868	0.128271	0.127461	0.121574	0.101427	0.104186	0.119546	0.125856	0.112175	0.153966	0.142515	0.152589	0.145837	0.146907	0.148231	0.142767	0.132009	0.144638	0.1506	0.125457	0.118354	0.121676	0.123749	0.108211	0.113524	0.110185	0.107335	0.114554	0.109057	0.107608	0.109608	0.10817	0.118603	0.114375	0.11287	0.12115	0.155233	0.15353	0.131977	0.131733	0.107636	0.111097	0.115658	0.108473	0.139095	0.140749	0.111733	0.139193	0.123765	0.113482	0.113563	0.123003	0.119836	0.136874	0.149828	0.141255	0.130133	0.10626	0.118443	0.109233	0.122947	0.105147	0.133376	0.122012	0.119469	0.124009	0.1246	0.119368	0.12401	0.122062	0.12007	0.110067	0.0965034	0.106818	0.116821	0.125924	0.155759	0.127545	0.156626	0.135277	0.128008	0.106252	0.119485	0.125299	0.131313	0.131308	0.131387	0.14204	0.118257	0.145195	0.128764	0.143553	0.125658	0.122059	0.129282	0.13581	0.147916	0.152251	0.158701	0.172308	0.147279	0.144905	0.136904	0.125915	0.130408	0.130656	0.11634	0.149483	0.151116	0.149156	0.140341	0.145213	0.156752	0.157112	0.182232	0.174877	0.171532	0.155449	0.180636	0.190154	0.177547	0.215255	0.17899	0.294509	0.336758	0.319536	0.301269	0.283079	0.280654	0.298263	0.2928	0.277981	0.293225	0.312793	0.317432	0.315153	0.310544	0.310145	0.265041	0.275847	0.273693	0.298578	0.291787	0.296221	0.260139	0.267632	0.269939	0.262171	0.271329	0.270099	0.266281	0.2466	0.240287	0.387565	0.389838	0.347045	0.358818	0.337743	0.321691	0.325295	0.248079	0.264596	0.311587	0.320193	0.258034	0.253445	0.293964	0.299378	0.283297	0.349115	0.326535	0.318412	0.322303	0.271856	0.265199	0.280444	0.283559	0.287336	0.32182	0.30681	0.32251	0.331086	0.321415	0.308832	0.348353	0.321525	0.33683	0.428086	0.410728	0.433077	0.416239	0.37106	0.373875	0.308683	0.30964	0.427416	0.451203	0.277526	0.289404	0.274378	0.274387	0.285795	0.2858	0.287026	0.282254	0.281049	0.27244	0.269512	0.302003	0.300018	0.395564	0.29055	0.295757	0.268417	0.333471	0.335081	0.340419	0.340325	0.27027	0.290876	0.29382	0.255582	0.262863	0.259333	0.259673	0.380026	0.431951	0.440612	0.426769	0.464693	0.440619	0.449264	0.451852	0.436939	0.432945	0.395615	0.397982	0.399061	0.406541	0.39835	0.38706	0.334249	0.327522	0.376536	0.37875	0.375324	0.37422	0.440236	0.441712	0.390498	0.399052	0.399321	0.294142	0.306577	0.29665	0.249731	0.305378	0.306209	0.283462	0.299899	0.298217	0.288318	0.344925	0.361109	0.312575	0.284127	0.311441	0.300998	0.306437	0.311441	0.301373	0.285278	0.302105	0.285942	0.237671	0.342223	0.331088	0.352568	0.257356	0.264224	0.28025	0.272192	0.26996	0.297097	0.301629	0.25918	0.228536	0.225711	0.233477	0.233516	0.234224	0.247121	0.258377	0.250914	0.276315	0.276904	0.269744	0.275845	0.27111	0.298213	0.336269	0.276411	0.292705	0.284769	0.316176
Sylvietta_virens	0.279007	0.114858	0.119127	0.166601	0.138987	0.121889	0.147929	0.145691	0.106458	0	0.151864	0.130978	0.147119	0.137501	0.143185	0.138462	0.123697	0.128059	0.144714	0.16459	0.137257	0.148341	0.142501	0.14019	0.158593	0.157784	0.151896	0.13175	0.134508	0.149868	0.156179	0.142497	0.184289	0.172838	0.182911	0.176159	0.177229	0.178553	0.173089	0.162332	0.17496	0.180922	0.155779	0.148677	0.151999	0.154071	0.138534	0.143846	0.140508	0.137657	0.144876	0.139379	0.13793	0.13993	0.138493	0.148925	0.144697	0.143192	0.151472	0.185555	0.183852	0.1623	0.162055	0.137958	0.141419	0.14598	0.138795	0.169417	0.171071	0.142055	0.169515	0.154087	0.143805	0.143886	0.153325	0.150158	0.167196	0.18015	0.171578	0.160455	0.136582	0.148765	0.139556	0.153269	0.135469	0.163698	0.152335	0.149791	0.154331	0.154922	0.14969	0.154332	0.152384	0.150392	0.14039	0.126826	0.13714	0.147143	0.156246	0.186082	0.157868	0.186948	0.165599	0.15833	0.136575	0.149808	0.155621	0.161635	0.16163	0.161709	0.172362	0.148579	0.175517	0.159086	0.173875	0.15598	0.152381	0.159604	0.166133	0.178238	0.182573	0.189023	0.20263	0.177602	0.175228	0.167226	0.156238	0.160731	0.160978	0.146663	0.179805	0.181438	0.179478	0.170663	0.175535	0.187074	0.187434	0.212554	0.2052	0.201854	0.185771	0.210958	0.220477	0.20787	0.245577	0.209312	0.324832	0.367081	0.349859	0.331592	0.313401	0.310976	0.328585	0.323122	0.308303	0.323547	0.343115	0.347754	0.345475	0.340866	0.340468	0.295363	0.306169	0.304015	0.3289	0.32211	0.326544	0.290462	0.297954	0.300261	0.292493	0.301651	0.300421	0.296603	0.276923	0.270609	0.417887	0.420161	0.377367	0.38914	0.368065	0.352014	0.355617	0.278401	0.294918	0.341909	0.350515	0.288356	0.283768	0.324286	0.3297	0.313619	0.379437	0.356857	0.348734	0.352625	0.302178	0.295521	0.310767	0.313882	0.317658	0.352142	0.337132	0.352833	0.361409	0.351737	0.339154	0.378675	0.351848	0.367152	0.458408	0.44105	0.4634	0.446561	0.401382	0.404197	0.339005	0.339962	0.457738	0.481526	0.307849	0.319726	0.3047	0.30471	0.316118	0.316122	0.317348	0.312576	0.311371	0.302763	0.299834	0.332325	0.33034	0.425887	0.320872	0.326079	0.298739	0.363793	0.365403	0.370742	0.370647	0.300593	0.321198	0.324143	0.285904	0.293186	0.289655	0.289995	0.410349	0.462274	0.470935	0.457092	0.495015	0.470942	0.479586	0.482174	0.467262	0.463267	0.425937	0.428304	0.429383	0.436863	0.428672	0.417382	0.364571	0.357844	0.406859	0.409072	0.405646	0.404542	0.470558	0.472035	0.42082	0.429375	0.429644	0.324464	0.3369	0.326973	0.280054	0.3357	0.336532	0.313784	0.330221	0.32854	0.31864	0.375247	0.391431	0.342898	0.314449	0.341763	0.331321	0.33676	0.341763	0.331695	0.315601	0.332427	0.316264	0.267994	0.372545	0.361411	0.382891	0.287678	0.294546	0.310572	0.302514	0.300282	0.327419	0.331952	0.289502	0.258858	0.256033	0.263799	0.263839	0.264547	0.277444	0.2887	0.281236	0.306637	0.307227	0.300066	0.306167	0.301432	0.328535	0.366592	0.306733	0.323027	0.315091	0.346498
Aegithalos_caudatus	0.291221	0.129942	0.134211	0.181685	0.154071	0.136973	0.163013	0.160775	0.121542	0.151864	0	0.108415	0.135172	0.125553	0.131237	0.126514	0.120198	0.12456	0.147817	0.167696	0.140362	0.151446	0.145606	0.143296	0.161699	0.160889	0.155002	0.134855	0.143814	0.162083	0.168393	0.154712	0.196503	0.185052	0.195126	0.188374	0.189443	0.190768	0.185304	0.174546	0.187174	0.193137	0.167994	0.160891	0.164213	0.166286	0.150748	0.156061	0.152722	0.149871	0.157091	0.151594	0.150145	0.152145	0.150707	0.161139	0.156912	0.155406	0.163686	0.19777	0.196067	0.174514	0.17427	0.150173	0.153634	0.158195	0.15101	0.181632	0.183285	0.154269	0.181729	0.166302	0.156019	0.1561	0.16554	0.162373	0.179411	0.192365	0.183792	0.17267	0.148796	0.16098	0.15177	0.165484	0.147684	0.175913	0.164549	0.162006	0.166546	0.167137	0.161904	0.166547	0.164599	0.162607	0.152604	0.13904	0.149355	0.159358	0.168461	0.198296	0.170082	0.199163	0.177813	0.170545	0.148789	0.162022	0.167836	0.17385	0.173845	0.173924	0.184577	0.160794	0.187731	0.171301	0.186089	0.168194	0.164596	0.171819	0.178347	0.190453	0.194788	0.201238	0.214845	0.189816	0.187442	0.179441	0.168452	0.172945	0.173193	0.158877	0.19202	0.193653	0.191693	0.182877	0.187749	0.199289	0.199648	0.224769	0.217414	0.214069	0.197986	0.223173	0.232691	0.220084	0.257791	0.221527	0.337046	0.379295	0.362073	0.343806	0.325616	0.32319	0.3408	0.335337	0.320518	0.335761	0.35533	0.359969	0.35769	0.353081	0.352682	0.307578	0.318384	0.31623	0.341115	0.334324	0.338758	0.302676	0.310168	0.312476	0.304707	0.313865	0.312635	0.308818	0.289137	0.282824	0.430101	0.432375	0.389582	0.401355	0.380279	0.364228	0.367831	0.290616	0.307133	0.354124	0.36273	0.300571	0.295982	0.336501	0.341915	0.325834	0.391652	0.369071	0.360948	0.364839	0.314393	0.307736	0.322981	0.326096	0.329873	0.364356	0.349347	0.365047	0.373623	0.363952	0.351368	0.390889	0.364062	0.379367	0.470623	0.453265	0.475614	0.458776	0.413596	0.416412	0.35122	0.352177	0.469953	0.49374	0.320063	0.331941	0.316914	0.316924	0.328332	0.328336	0.329563	0.32479	0.323586	0.314977	0.312049	0.34454	0.342554	0.438101	0.333087	0.338293	0.310953	0.376008	0.377618	0.382956	0.382861	0.312807	0.333412	0.336357	0.298119	0.3054	0.301869	0.302209	0.422563	0.474488	0.483149	0.469306	0.50723	0.483156	0.4918	0.494389	0.479476	0.475482	0.438151	0.440518	0.441598	0.449078	0.440887	0.429597	0.376786	0.370059	0.419073	0.421287	0.417861	0.416756	0.482772	0.484249	0.433035	0.441589	0.441858	0.336679	0.349114	0.339187	0.292268	0.347915	0.348746	0.325999	0.342436	0.340754	0.330855	0.387462	0.403646	0.355112	0.326664	0.353978	0.343535	0.348974	0.353978	0.34391	0.327815	0.344642	0.328479	0.280208	0.38476	0.373625	0.395105	0.299892	0.30676	0.322787	0.314728	0.312496	0.339634	0.344166	0.301717	0.271073	0.268248	0.276013	0.276053	0.276761	0.289658	0.300914	0.293451	0.318852	0.319441	0.312281	0.318381	0.313647	0.34075	0.378806	0.318948	0.335241	0.327306	0.358713
Erythrocercus_mccallii	0.270335	0.109056	0.113325	0.160799	0.133185	0.116087	0.142127	0.139889	0.100656	0.130978	0.108415	0	0.114286	0.104667	0.110351	0.105628	0.0993119	0.103674	0.126932	0.14681	0.119477	0.130561	0.124721	0.12241	0.140813	0.140004	0.134116	0.11397	0.122928	0.141197	0.147507	0.133826	0.175617	0.164166	0.17424	0.167488	0.168558	0.169882	0.164418	0.15366	0.166289	0.172251	0.147108	0.140005	0.143327	0.1454	0.129862	0.135175	0.131836	0.128986	0.136205	0.130708	0.129259	0.131259	0.129821	0.140254	0.136026	0.134521	0.142801	0.176884	0.175181	0.153628	0.153384	0.129287	0.132748	0.137309	0.130124	0.160746	0.1624	0.133384	0.160844	0.145416	0.135133	0.135215	0.144654	0.141487	0.158525	0.171479	0.162906	0.151784	0.127911	0.140094	0.130884	0.144598	0.126798	0.155027	0.143663	0.14112	0.14566	0.146251	0.141019	0.145661	0.143713	0.141721	0.131718	0.118154	0.128469	0.138472	0.147575	0.17741	0.149196	0.178277	0.156928	0.149659	0.127903	0.141136	0.14695	0.152964	0.152959	0.153038	0.163691	0.139908	0.166846	0.150415	0.165204	0.147309	0.14371	0.150933	0.157461	0.169567	0.173902	0.180352	0.193959	0.16893	0.166556	0.158555	0.147566	0.152059	0.152307	0.137991	0.171134	0.172767	0.170807	0.161992	0.166864	0.178403	0.178763	0.203883	0.196528	0.193183	0.1771	0.202287	0.211805	0.199198	0.236906	0.200641	0.31616	0.358409	0.341187	0.32292	0.30473	0.302305	0.319914	0.314451	0.299632	0.314876	0.334444	0.339083	0.336804	0.332195	0.331796	0.286692	0.297498	0.295344	0.320229	0.313438	0.317872	0.28179	0.289283	0.29159	0.283822	0.29298	0.29175	0.287932	0.268251	0.261938	0.409216	0.411489	0.368696	0.380469	0.359394	0.343342	0.346946	0.26973	0.286247	0.333238	0.341844	0.279685	0.275096	0.315615	0.321029	0.304948	0.370766	0.348186	0.340063	0.343954	0.293507	0.28685	0.302095	0.30521	0.308987	0.343471	0.328461	0.344161	0.352737	0.343066	0.330483	0.370004	0.343176	0.358481	0.449737	0.432379	0.454728	0.43789	0.392711	0.395526	0.330334	0.331291	0.449067	0.472854	0.299177	0.311055	0.296029	0.296038	0.307446	0.307451	0.308677	0.303905	0.3027	0.294091	0.291163	0.323654	0.321669	0.417215	0.312201	0.317408	0.290068	0.355122	0.356732	0.36207	0.361976	0.291921	0.312527	0.315471	0.277233	0.284514	0.280984	0.281324	0.401677	0.453602	0.462263	0.44842	0.486344	0.46227	0.470915	0.473503	0.458591	0.454596	0.417266	0.419633	0.420712	0.428192	0.420001	0.408711	0.3559	0.349173	0.398187	0.400401	0.396975	0.395871	0.461887	0.463363	0.412149	0.420703	0.420972	0.315793	0.328228	0.318301	0.271382	0.327029	0.32786	0.305113	0.32155	0.319869	0.309969	0.366576	0.38276	0.334226	0.305778	0.333092	0.322649	0.328088	0.333092	0.323024	0.306929	0.323756	0.307593	0.259322	0.363874	0.352739	0.374219	0.279007	0.285875	0.301901	0.293843	0.291611	0.318748	0.32328	0.280831	0.250187	0.247362	0.255128	0.255167	0.255875	0.268772	0.280028	0.272565	0.297966	0.298555	0.291395	0.297496	0.292761	0.319864	0.35792	0.298062	0.314356	0.30642	0.337827
Cettia_cetti	0.286476	0.125197	0.129466	0.17694	0.149326	0.132228	0.158268	0.15603	0.116797	0.147119	0.135172	0.114286	0	0.0778717	0.114068	0.109345	0.115453	0.119815	0.143073	0.162951	0.135618	0.146702	0.140862	0.138551	0.156954	0.156145	0.150258	0.130111	0.139069	0.157338	0.163648	0.149967	0.191758	0.180308	0.190381	0.183629	0.184699	0.186023	0.180559	0.169801	0.18243	0.188392	0.163249	0.156146	0.159469	0.161541	0.146004	0.151316	0.147977	0.145127	0.152346	0.146849	0.1454	0.1474	0.145962	0.156395	0.152167	0.150662	0.158942	0.193025	0.191322	0.16977	0.169525	0.145428	0.148889	0.15345	0.146265	0.176887	0.178541	0.149525	0.176985	0.161557	0.151275	0.151356	0.160795	0.157628	0.174666	0.18762	0.179047	0.167925	0.144052	0.156235	0.147025	0.160739	0.142939	0.171168	0.159804	0.157261	0.161801	0.162392	0.15716	0.161802	0.159854	0.157862	0.147859	0.134296	0.14461	0.154613	0.163716	0.193551	0.165338	0.194418	0.173069	0.1658	0.144044	0.157278	0.163091	0.169105	0.1691	0.169179	0.179832	0.156049	0.182987	0.166556	0.181345	0.16345	0.159851	0.167074	0.173602	0.185708	0.190043	0.196493	0.2101	0.185072	0.182697	0.174696	0.163707	0.1682	0.168448	0.154132	0.187275	0.188908	0.186948	0.178133	0.183005	0.194544	0.194904	0.220024	0.21267	0.209324	0.193241	0.218428	0.227946	0.215339	0.253047	0.216782	0.332301	0.374551	0.357329	0.339062	0.320871	0.318446	0.336055	0.330592	0.315773	0.331017	0.350585	0.355224	0.352945	0.348336	0.347938	0.302833	0.313639	0.311485	0.33637	0.329579	0.334013	0.297932	0.305424	0.307731	0.299963	0.309121	0.307891	0.304073	0.284392	0.278079	0.425357	0.42763	0.384837	0.39661	0.375535	0.359483	0.363087	0.285871	0.302388	0.349379	0.357985	0.295826	0.291237	0.331756	0.33717	0.321089	0.386907	0.364327	0.356204	0.360095	0.309648	0.302991	0.318237	0.321352	0.325128	0.359612	0.344602	0.360302	0.368878	0.359207	0.346624	0.386145	0.359317	0.374622	0.465878	0.44852	0.47087	0.454031	0.408852	0.411667	0.346475	0.347432	0.465208	0.488995	0.315318	0.327196	0.31217	0.31218	0.323588	0.323592	0.324818	0.320046	0.318841	0.310232	0.307304	0.339795	0.33781	0.433356	0.328342	0.333549	0.306209	0.371263	0.372873	0.378211	0.378117	0.308062	0.328668	0.331612	0.293374	0.300655	0.297125	0.297465	0.417819	0.469743	0.478404	0.464561	0.502485	0.478412	0.487056	0.489644	0.474732	0.470737	0.433407	0.435774	0.436853	0.444333	0.436142	0.424852	0.372041	0.365314	0.414328	0.416542	0.413116	0.412012	0.478028	0.479504	0.42829	0.436845	0.437114	0.331934	0.344369	0.334442	0.287524	0.34317	0.344002	0.321254	0.337691	0.33601	0.32611	0.382717	0.398901	0.350367	0.321919	0.349233	0.33879	0.344229	0.349233	0.339165	0.323071	0.339897	0.323734	0.275463	0.380015	0.368881	0.39036	0.295148	0.302016	0.318042	0.309984	0.307752	0.334889	0.339421	0.296972	0.266328	0.263503	0.271269	0.271309	0.272017	0.284913	0.296169	0.288706	0.314107	0.314696	0.307536	0.313637	0.308902	0.336005	0.374062	0.314203	0.330497	0.322561	0.353968
Horornis_vulcanius	0.276858	0.115578	0.119847	0.167321	0.139708	0.122609	0.148649	0.146411	0.107178	0.137501	0.125553	0.104667	0.0778717	0	0.104449	0.0997262	0.105834	0.110196	0.133454	0.153332	0.125999	0.137083	0.131243	0.128932	0.147335	0.146526	0.140639	0.120492	0.12945	0.147719	0.15403	0.140348	0.18214	0.170689	0.180762	0.17401	0.17508	0.176404	0.170941	0.160183	0.172811	0.178773	0.15363	0.146528	0.14985	0.151922	0.136385	0.141697	0.138359	0.135508	0.142728	0.13723	0.135781	0.137781	0.136344	0.146776	0.142548	0.141043	0.149323	0.183406	0.181703	0.160151	0.159906	0.135809	0.13927	0.143831	0.136646	0.167268	0.168922	0.139906	0.167366	0.151938	0.141656	0.141737	0.151176	0.148009	0.165047	0.178001	0.169429	0.158306	0.134433	0.146616	0.137407	0.15112	0.13332	0.161549	0.150186	0.147642	0.152182	0.152773	0.147541	0.152183	0.150235	0.148243	0.138241	0.124677	0.134991	0.144994	0.154097	0.183933	0.155719	0.184799	0.16345	0.156182	0.134426	0.147659	0.153472	0.159486	0.159481	0.15956	0.170213	0.14643	0.173368	0.156937	0.171726	0.153831	0.150232	0.157455	0.163984	0.176089	0.180424	0.186874	0.200481	0.175453	0.173079	0.165077	0.154089	0.158582	0.158829	0.144514	0.177656	0.179289	0.177329	0.168514	0.173386	0.184925	0.185285	0.210405	0.203051	0.199705	0.183622	0.208809	0.218328	0.205721	0.243428	0.207163	0.322683	0.364932	0.34771	0.329443	0.311252	0.308827	0.326436	0.320973	0.306154	0.321398	0.340966	0.345605	0.343326	0.338717	0.338319	0.293214	0.30402	0.301866	0.326751	0.319961	0.324395	0.288313	0.295805	0.298112	0.290344	0.299502	0.298272	0.294454	0.274774	0.26846	0.415738	0.418012	0.375218	0.386991	0.365916	0.349865	0.353468	0.276252	0.292769	0.33976	0.348366	0.286207	0.281619	0.322137	0.327551	0.31147	0.377288	0.354708	0.346585	0.350476	0.300029	0.293372	0.308618	0.311733	0.315509	0.349993	0.334983	0.350684	0.35926	0.349588	0.337005	0.376526	0.349699	0.365003	0.456259	0.438901	0.461251	0.444413	0.399233	0.402048	0.336856	0.337813	0.455589	0.479377	0.3057	0.317577	0.302551	0.302561	0.313969	0.313973	0.315199	0.310427	0.309222	0.300614	0.297685	0.330176	0.328191	0.423738	0.318723	0.32393	0.29659	0.361644	0.363254	0.368593	0.368498	0.298444	0.319049	0.321994	0.283755	0.291037	0.287506	0.287846	0.4082	0.460125	0.468786	0.454943	0.492866	0.468793	0.477437	0.480025	0.465113	0.461118	0.423788	0.426155	0.427234	0.434714	0.426523	0.415233	0.362422	0.355695	0.40471	0.406923	0.403497	0.402393	0.468409	0.469886	0.418671	0.427226	0.427495	0.322315	0.334751	0.324824	0.277905	0.333551	0.334383	0.311635	0.328072	0.326391	0.316491	0.373098	0.389282	0.340749	0.3123	0.339614	0.329172	0.334611	0.339614	0.329546	0.313452	0.330278	0.314115	0.265845	0.370396	0.359262	0.380742	0.285529	0.292397	0.308423	0.300365	0.298133	0.32527	0.329803	0.287353	0.256709	0.253884	0.26165	0.26169	0.262398	0.275295	0.286551	0.279087	0.304488	0.305078	0.297917	0.304018	0.299283	0.326386	0.364443	0.304584	0.320878	0.312942	0.344349
Phylloscopus_trochilus	0.282542	0.121262	0.125531	0.173005	0.145392	0.128293	0.154333	0.152095	0.112862	0.143185	0.131237	0.110351	0.114068	0.104449	0	0.0408735	0.111518	0.11588	0.139138	0.159016	0.131683	0.142767	0.136927	0.134616	0.153019	0.15221	0.146323	0.126176	0.135134	0.153403	0.159714	0.146032	0.187824	0.176373	0.186446	0.179694	0.180764	0.182088	0.176625	0.165867	0.178495	0.184457	0.159314	0.152212	0.155534	0.157606	0.142069	0.147381	0.144043	0.141192	0.148412	0.142914	0.141465	0.143465	0.142028	0.15246	0.148232	0.146727	0.155007	0.18909	0.187387	0.165835	0.16559	0.141493	0.144954	0.149515	0.14233	0.172952	0.174606	0.14559	0.17305	0.157622	0.14734	0.147421	0.15686	0.153693	0.170731	0.183685	0.175113	0.16399	0.140117	0.1523	0.143091	0.156804	0.139004	0.167233	0.15587	0.153326	0.157866	0.158457	0.153225	0.157867	0.155919	0.153927	0.143925	0.130361	0.140675	0.150678	0.159781	0.189617	0.161403	0.190483	0.169134	0.161866	0.14011	0.153343	0.159156	0.16517	0.165165	0.165244	0.175897	0.152114	0.179052	0.162621	0.17741	0.159515	0.155916	0.163139	0.169668	0.181773	0.186108	0.192558	0.206165	0.181137	0.178763	0.170761	0.159773	0.164266	0.164513	0.150198	0.18334	0.184973	0.183013	0.174198	0.17907	0.190609	0.190969	0.216089	0.208735	0.205389	0.189306	0.214493	0.224012	0.211405	0.249112	0.212847	0.328367	0.370616	0.353394	0.335127	0.316936	0.314511	0.33212	0.326657	0.311838	0.327082	0.34665	0.351289	0.34901	0.344401	0.344003	0.298898	0.309704	0.30755	0.332435	0.325645	0.330079	0.293997	0.301489	0.303796	0.296028	0.305186	0.303956	0.300138	0.280458	0.274144	0.421422	0.423696	0.380902	0.392675	0.3716	0.355549	0.359152	0.281936	0.298453	0.345444	0.35405	0.291891	0.287303	0.327821	0.333235	0.317154	0.382972	0.360392	0.352269	0.35616	0.305713	0.299056	0.314302	0.317417	0.321193	0.355677	0.340667	0.356368	0.364944	0.355272	0.342689	0.38221	0.355383	0.370687	0.461943	0.444585	0.466935	0.450096	0.404917	0.407732	0.34254	0.343497	0.461273	0.485061	0.311384	0.323261	0.308235	0.308245	0.319653	0.319657	0.320883	0.316111	0.314906	0.306298	0.303369	0.33586	0.333875	0.429422	0.324407	0.329614	0.302274	0.367328	0.368938	0.374277	0.374182	0.304128	0.324733	0.327678	0.289439	0.296721	0.29319	0.29353	0.413884	0.465809	0.47447	0.460627	0.49855	0.474477	0.483121	0.485709	0.470797	0.466802	0.429472	0.431839	0.432918	0.440398	0.432207	0.420917	0.368106	0.361379	0.410394	0.412607	0.409181	0.408077	0.474093	0.47557	0.424355	0.43291	0.433179	0.327999	0.340435	0.330508	0.283589	0.339235	0.340067	0.317319	0.333756	0.332075	0.322175	0.378782	0.394966	0.346433	0.317984	0.345298	0.334856	0.340295	0.345298	0.33523	0.319136	0.335962	0.319799	0.271529	0.37608	0.364946	0.386426	0.291213	0.298081	0.314107	0.306049	0.303817	0.330954	0.335487	0.293037	0.262393	0.259568	0.267334	0.267374	0.268082	0.280979	0.292235	0.284771	0.310172	0.310762	0.303601	0.309702	0.304967	0.33207	0.370127	0.310268	0.326562	0.318626	0.350033
Rhadina_sibilatrix	0.277819	0.11654	0.120808	0.168283	0.140669	0.123571	0.149611	0.147373	0.10814	0.138462	0.126514	0.105628	0.109345	0.0997262	0.0408735	0	0.106796	0.111157	0.134415	0.154294	0.12696	0.138044	0.132204	0.129894	0.148297	0.147487	0.1416	0.121453	0.130411	0.148681	0.154991	0.14131	0.183101	0.17165	0.181723	0.174972	0.176041	0.177366	0.171902	0.161144	0.173772	0.179735	0.154592	0.147489	0.150811	0.152883	0.137346	0.142659	0.13932	0.136469	0.143689	0.138191	0.136743	0.138743	0.137305	0.147737	0.14351	0.142004	0.150284	0.184367	0.182664	0.161112	0.160868	0.13677	0.140232	0.144793	0.137607	0.16823	0.169883	0.140867	0.168327	0.1529	0.142617	0.142698	0.152138	0.14897	0.166009	0.178963	0.17039	0.159268	0.135394	0.147578	0.138368	0.152082	0.134282	0.162511	0.151147	0.148603	0.153143	0.153735	0.148502	0.153144	0.151197	0.149205	0.139202	0.125638	0.135953	0.145956	0.155059	0.184894	0.15668	0.18576	0.164411	0.157143	0.135387	0.14862	0.154434	0.160448	0.160443	0.160521	0.171175	0.147391	0.174329	0.157899	0.172687	0.154792	0.151193	0.158417	0.164945	0.177051	0.181386	0.187835	0.201443	0.176414	0.17404	0.166039	0.15505	0.159543	0.159791	0.145475	0.178618	0.180251	0.17829	0.169475	0.174347	0.185886	0.186246	0.211366	0.204012	0.200666	0.184584	0.209771	0.219289	0.206682	0.244389	0.208124	0.323644	0.365893	0.348671	0.330404	0.312214	0.309788	0.327398	0.321935	0.307116	0.322359	0.341928	0.346566	0.344288	0.339679	0.33928	0.294176	0.304982	0.302828	0.327712	0.320922	0.325356	0.289274	0.296766	0.299074	0.291305	0.300463	0.299233	0.295416	0.275735	0.269422	0.416699	0.418973	0.37618	0.387953	0.366877	0.350826	0.354429	0.277214	0.293731	0.340722	0.349328	0.287169	0.28258	0.323099	0.328513	0.312432	0.378249	0.355669	0.347546	0.351437	0.300991	0.294334	0.309579	0.312694	0.316471	0.350954	0.335944	0.351645	0.360221	0.35055	0.337966	0.377487	0.35066	0.365965	0.457221	0.439862	0.462212	0.445374	0.400194	0.403009	0.337817	0.338775	0.456551	0.480338	0.306661	0.318539	0.303512	0.303522	0.31493	0.314934	0.31616	0.311388	0.310184	0.301575	0.298647	0.331138	0.329152	0.424699	0.319685	0.324891	0.297551	0.362606	0.364215	0.369554	0.369459	0.299405	0.32001	0.322955	0.284717	0.291998	0.288467	0.288807	0.409161	0.461086	0.469747	0.455904	0.493828	0.469754	0.478398	0.480987	0.466074	0.46208	0.424749	0.427116	0.428196	0.435675	0.427484	0.416194	0.363384	0.356656	0.405671	0.407885	0.404458	0.403354	0.46937	0.470847	0.419633	0.428187	0.428456	0.323277	0.335712	0.325785	0.278866	0.334512	0.335344	0.312597	0.329033	0.327352	0.317453	0.37406	0.390244	0.34171	0.313262	0.340576	0.330133	0.335572	0.340576	0.330508	0.314413	0.33124	0.315077	0.266806	0.371357	0.360223	0.381703	0.28649	0.293358	0.309385	0.301326	0.299094	0.326232	0.330764	0.288315	0.257671	0.254846	0.262611	0.262651	0.263359	0.276256	0.287512	0.280049	0.30545	0.306039	0.298879	0.304979	0.300245	0.327347	0.365404	0.305546	0.321839	0.313904	0.34531
Brachypodius_atriceps	0.263054	0.101774	0.106043	0.153518	0.125904	0.108806	0.134846	0.132608	0.0933744	0.123697	0.120198	0.0993119	0.115453	0.105834	0.111518	0.106796	0	0.0700754	0.11965	0.139528	0.112195	0.123279	0.117439	0.115128	0.133531	0.132722	0.126835	0.106688	0.115646	0.133915	0.140226	0.126545	0.168336	0.156885	0.166958	0.160206	0.161276	0.1626	0.157137	0.146379	0.159007	0.16497	0.139827	0.132724	0.136046	0.138118	0.122581	0.127894	0.124555	0.121704	0.128924	0.123426	0.121978	0.123977	0.12254	0.132972	0.128745	0.127239	0.135519	0.169602	0.167899	0.146347	0.146103	0.122005	0.125467	0.130027	0.122842	0.153465	0.155118	0.126102	0.153562	0.138134	0.127852	0.127933	0.137373	0.134205	0.151243	0.164197	0.155625	0.144503	0.120629	0.132813	0.123603	0.137317	0.119516	0.147745	0.136382	0.133838	0.138378	0.13897	0.133737	0.138379	0.136432	0.13444	0.124437	0.110873	0.121188	0.13119	0.140293	0.170129	0.141915	0.170995	0.149646	0.142378	0.120622	0.133855	0.139669	0.145683	0.145678	0.145756	0.15641	0.132626	0.159564	0.143134	0.157922	0.140027	0.136428	0.143652	0.15018	0.162285	0.16662	0.17307	0.186677	0.161649	0.159275	0.151274	0.140285	0.144778	0.145025	0.13071	0.163852	0.165486	0.163525	0.15471	0.159582	0.171121	0.171481	0.196601	0.189247	0.185901	0.169819	0.195006	0.204524	0.191917	0.229624	0.193359	0.308879	0.351128	0.333906	0.315639	0.297449	0.295023	0.312633	0.30717	0.292351	0.307594	0.327162	0.331801	0.329523	0.324914	0.324515	0.27941	0.290216	0.288063	0.312947	0.306157	0.310591	0.274509	0.282001	0.284309	0.27654	0.285698	0.284468	0.28065	0.26097	0.254657	0.401934	0.404208	0.361415	0.373187	0.352112	0.336061	0.339664	0.262449	0.278966	0.325957	0.334563	0.272404	0.267815	0.308334	0.313748	0.297666	0.363484	0.340904	0.332781	0.336672	0.286226	0.279569	0.294814	0.297929	0.301705	0.336189	0.321179	0.33688	0.345456	0.335785	0.323201	0.362722	0.335895	0.3512	0.442456	0.425097	0.447447	0.430609	0.385429	0.388244	0.323052	0.324009	0.441786	0.465573	0.291896	0.303774	0.288747	0.288757	0.300165	0.300169	0.301395	0.296623	0.295419	0.28681	0.283881	0.316373	0.314387	0.409934	0.30492	0.310126	0.282786	0.34784	0.34945	0.354789	0.354694	0.28464	0.305245	0.30819	0.269952	0.277233	0.273702	0.274042	0.394396	0.446321	0.454982	0.441139	0.479063	0.454989	0.463633	0.466222	0.451309	0.447315	0.409984	0.412351	0.413431	0.42091	0.412719	0.401429	0.348619	0.341891	0.390906	0.39312	0.389693	0.388589	0.454605	0.456082	0.404868	0.413422	0.413691	0.308512	0.320947	0.31102	0.264101	0.319747	0.320579	0.297832	0.314268	0.312587	0.302688	0.359294	0.375479	0.326945	0.298497	0.32581	0.315368	0.320807	0.32581	0.315743	0.299648	0.316475	0.300312	0.252041	0.356592	0.345458	0.366938	0.271725	0.278593	0.294619	0.286561	0.284329	0.311467	0.315999	0.27355	0.242906	0.24008	0.247846	0.247886	0.248594	0.261491	0.272747	0.265283	0.290685	0.291274	0.284114	0.290214	0.28548	0.312582	0.350639	0.290781	0.307074	0.299139	0.330545
Pycnonotus_jocosus	0.267416	0.106136	0.110405	0.157879	0.130266	0.113167	0.139208	0.136969	0.0977363	0.128059	0.12456	0.103674	0.119815	0.110196	0.11588	0.111157	0.0700754	0	0.124012	0.14389	0.116557	0.127641	0.121801	0.11949	0.137893	0.137084	0.131197	0.11105	0.120008	0.138277	0.144588	0.130907	0.172698	0.161247	0.17132	0.164568	0.165638	0.166962	0.161499	0.150741	0.163369	0.169331	0.144189	0.137086	0.140408	0.14248	0.126943	0.132255	0.128917	0.126066	0.133286	0.127788	0.12634	0.128339	0.126902	0.137334	0.133107	0.131601	0.139881	0.173964	0.172261	0.150709	0.150464	0.126367	0.129828	0.134389	0.127204	0.157826	0.15948	0.130464	0.157924	0.142496	0.132214	0.132295	0.141734	0.138567	0.155605	0.168559	0.159987	0.148865	0.124991	0.137174	0.127965	0.141679	0.123878	0.152107	0.140744	0.1382	0.14274	0.143332	0.138099	0.142741	0.140794	0.138802	0.128799	0.115235	0.12555	0.135552	0.144655	0.174491	0.146277	0.175357	0.154008	0.14674	0.124984	0.138217	0.14403	0.150044	0.15004	0.150118	0.160771	0.136988	0.163926	0.147495	0.162284	0.144389	0.14079	0.148013	0.154542	0.166647	0.170982	0.177432	0.191039	0.166011	0.163637	0.155636	0.144647	0.14914	0.149387	0.135072	0.168214	0.169847	0.167887	0.159072	0.163944	0.175483	0.175843	0.200963	0.193609	0.190263	0.174181	0.199368	0.208886	0.196279	0.233986	0.197721	0.313241	0.35549	0.338268	0.320001	0.30181	0.299385	0.316995	0.311532	0.296713	0.311956	0.331524	0.336163	0.333885	0.329276	0.328877	0.283772	0.294578	0.292425	0.317309	0.310519	0.314953	0.278871	0.286363	0.288671	0.280902	0.29006	0.28883	0.285012	0.265332	0.259019	0.406296	0.40857	0.365777	0.377549	0.356474	0.340423	0.344026	0.26681	0.283328	0.330318	0.338924	0.276766	0.272177	0.312695	0.318109	0.302028	0.367846	0.345266	0.337143	0.341034	0.290588	0.28393	0.299176	0.302291	0.306067	0.340551	0.325541	0.341242	0.349818	0.340147	0.327563	0.367084	0.340257	0.355561	0.446817	0.429459	0.451809	0.434971	0.389791	0.392606	0.327414	0.328371	0.446147	0.469935	0.296258	0.308135	0.293109	0.293119	0.304527	0.304531	0.305757	0.300985	0.299781	0.291172	0.288243	0.320735	0.318749	0.414296	0.309282	0.314488	0.287148	0.352202	0.353812	0.359151	0.359056	0.289002	0.309607	0.312552	0.274314	0.281595	0.278064	0.278404	0.398758	0.450683	0.459344	0.445501	0.483424	0.459351	0.467995	0.470584	0.455671	0.451677	0.414346	0.416713	0.417792	0.425272	0.417081	0.405791	0.352981	0.346253	0.395268	0.397481	0.394055	0.392951	0.458967	0.460444	0.40923	0.417784	0.418053	0.312874	0.325309	0.315382	0.268463	0.324109	0.324941	0.302194	0.31863	0.316949	0.30705	0.363656	0.379841	0.331307	0.302859	0.330172	0.31973	0.325169	0.330172	0.320104	0.30401	0.320836	0.304674	0.256403	0.360954	0.34982	0.3713	0.276087	0.282955	0.298981	0.290923	0.288691	0.315828	0.320361	0.277911	0.247267	0.244442	0.252208	0.252248	0.252956	0.265853	0.277109	0.269645	0.295047	0.295636	0.288475	0.294576	0.289842	0.316944	0.355001	0.295143	0.311436	0.303501	0.334907
Hylia_prasina	0.284071	0.122791	0.12706	0.174534	0.146921	0.129822	0.155863	0.153624	0.114391	0.144714	0.147817	0.126932	0.143073	0.133454	0.139138	0.134415	0.11965	0.124012	0	0.160545	0.133212	0.144296	0.138456	0.136145	0.154548	0.153739	0.147852	0.127705	0.136663	0.154932	0.161243	0.147562	0.189353	0.177902	0.187975	0.181223	0.182293	0.183617	0.178154	0.167396	0.180024	0.185986	0.160844	0.153741	0.157063	0.159135	0.143598	0.14891	0.145572	0.142721	0.149941	0.144443	0.142995	0.144994	0.143557	0.153989	0.149762	0.148256	0.156536	0.190619	0.188916	0.167364	0.167119	0.143022	0.146483	0.151044	0.143859	0.174481	0.176135	0.147119	0.174579	0.159151	0.148869	0.14895	0.158389	0.155222	0.17226	0.185214	0.176642	0.16552	0.141646	0.153829	0.14462	0.158334	0.140533	0.168762	0.157399	0.154855	0.159395	0.159987	0.154754	0.159396	0.157449	0.155457	0.145454	0.13189	0.142204	0.152207	0.16131	0.191146	0.162932	0.192012	0.170663	0.163395	0.141639	0.154872	0.160685	0.166699	0.166695	0.166773	0.177426	0.153643	0.180581	0.16415	0.178939	0.161044	0.157445	0.164668	0.171197	0.183302	0.187637	0.194087	0.207694	0.182666	0.180292	0.172291	0.161302	0.165795	0.166042	0.151727	0.184869	0.186502	0.184542	0.175727	0.180599	0.192138	0.192498	0.217618	0.210264	0.206918	0.190836	0.216023	0.225541	0.212934	0.250641	0.214376	0.329896	0.372145	0.354923	0.336656	0.318465	0.31604	0.33365	0.328187	0.313368	0.328611	0.348179	0.352818	0.35054	0.345931	0.345532	0.300427	0.311233	0.30908	0.333964	0.327174	0.331608	0.295526	0.303018	0.305326	0.297557	0.306715	0.305485	0.301667	0.281987	0.275673	0.422951	0.425225	0.382431	0.394204	0.373129	0.357078	0.360681	0.283465	0.299983	0.346973	0.355579	0.293421	0.288832	0.32935	0.334764	0.318683	0.384501	0.361921	0.353798	0.357689	0.307242	0.300585	0.315831	0.318946	0.322722	0.357206	0.342196	0.357897	0.366473	0.356802	0.344218	0.383739	0.356912	0.372216	0.463472	0.446114	0.468464	0.451626	0.406446	0.409261	0.344069	0.345026	0.462802	0.48659	0.312913	0.32479	0.309764	0.309774	0.321182	0.321186	0.322412	0.31764	0.316436	0.307827	0.304898	0.33739	0.335404	0.430951	0.325937	0.331143	0.303803	0.368857	0.370467	0.375806	0.375711	0.305657	0.326262	0.329207	0.290969	0.29825	0.294719	0.295059	0.415413	0.467338	0.475999	0.462156	0.500079	0.476006	0.48465	0.487239	0.472326	0.468332	0.431001	0.433368	0.434447	0.441927	0.433736	0.422446	0.369636	0.362908	0.411923	0.414136	0.41071	0.409606	0.475622	0.477099	0.425885	0.434439	0.434708	0.329528	0.341964	0.332037	0.285118	0.340764	0.341596	0.318848	0.335285	0.333604	0.323705	0.380311	0.396496	0.347962	0.319514	0.346827	0.336385	0.341824	0.346827	0.336759	0.320665	0.337491	0.321328	0.273058	0.377609	0.366475	0.387955	0.292742	0.29961	0.315636	0.307578	0.305346	0.332483	0.337016	0.294566	0.263922	0.261097	0.268863	0.268903	0.269611	0.282508	0.293764	0.2863	0.311702	0.312291	0.30513	0.311231	0.306497	0.333599	0.371656	0.311798	0.328091	0.320156	0.351562
Illadopsis_cleaveri	0.303947	0.142668	0.146937	0.194411	0.166797	0.149699	0.175739	0.173501	0.134268	0.16459	0.167696	0.14681	0.162951	0.153332	0.159016	0.154294	0.139528	0.14389	0.160545	0	0.111853	0.122937	0.117097	0.121251	0.139654	0.138845	0.132958	0.13339	0.15654	0.174809	0.181119	0.167438	0.209229	0.197778	0.207852	0.2011	0.202169	0.203494	0.19803	0.187272	0.1999	0.205863	0.18072	0.173617	0.176939	0.179011	0.163474	0.168787	0.165448	0.162597	0.169817	0.16432	0.162871	0.164871	0.163433	0.173865	0.169638	0.168132	0.176412	0.210495	0.208792	0.18724	0.186996	0.162898	0.16636	0.170921	0.163735	0.194358	0.196011	0.166995	0.194455	0.179028	0.168745	0.168826	0.178266	0.175099	0.192137	0.205091	0.196518	0.185396	0.161522	0.173706	0.164496	0.17821	0.16041	0.188639	0.177275	0.174731	0.179271	0.179863	0.17463	0.179273	0.177325	0.175333	0.16533	0.151766	0.162081	0.172084	0.181187	0.211022	0.182808	0.211888	0.190539	0.183271	0.161515	0.174748	0.180562	0.186576	0.186571	0.186649	0.197303	0.17352	0.200457	0.184027	0.198815	0.18092	0.177322	0.184545	0.191073	0.203179	0.207514	0.213963	0.227571	0.202542	0.200168	0.192167	0.181178	0.185671	0.185919	0.171603	0.204746	0.206379	0.204419	0.195603	0.200475	0.212014	0.212374	0.237495	0.23014	0.226795	0.210712	0.235899	0.245417	0.23281	0.270517	0.234253	0.349772	0.392021	0.374799	0.356532	0.338342	0.335916	0.353526	0.348063	0.333244	0.348487	0.368056	0.372695	0.370416	0.365807	0.365408	0.320304	0.33111	0.328956	0.35384	0.34705	0.351484	0.315402	0.322894	0.325202	0.317433	0.326591	0.325361	0.321544	0.301863	0.29555	0.442827	0.445101	0.402308	0.414081	0.393005	0.376954	0.380557	0.303342	0.319859	0.36685	0.375456	0.313297	0.308708	0.349227	0.354641	0.33856	0.404377	0.381797	0.373674	0.377565	0.327119	0.320462	0.335707	0.338822	0.342599	0.377082	0.362072	0.377773	0.386349	0.376678	0.364094	0.403615	0.376788	0.392093	0.483349	0.465991	0.48834	0.471502	0.426322	0.429137	0.363946	0.364903	0.482679	0.506466	0.332789	0.344667	0.32964	0.32965	0.341058	0.341062	0.342289	0.337516	0.336312	0.327703	0.324775	0.357266	0.35528	0.450827	0.345813	0.351019	0.323679	0.388734	0.390343	0.395682	0.395587	0.325533	0.346138	0.349083	0.310845	0.318126	0.314595	0.314935	0.435289	0.487214	0.495875	0.482032	0.519956	0.495882	0.504526	0.507115	0.492202	0.488208	0.450877	0.453244	0.454324	0.461804	0.453613	0.442322	0.389512	0.382785	0.431799	0.434013	0.430586	0.429482	0.495498	0.496975	0.445761	0.454315	0.454584	0.349405	0.36184	0.351913	0.304994	0.360641	0.361472	0.338725	0.355162	0.35348	0.343581	0.400188	0.416372	0.367838	0.33939	0.366704	0.356261	0.3617	0.366704	0.356636	0.340541	0.357368	0.341205	0.292934	0.397486	0.386351	0.407831	0.312618	0.319486	0.335513	0.327454	0.325222	0.35236	0.356892	0.314443	0.283799	0.280974	0.288739	0.288779	0.289487	0.302384	0.31364	0.306177	0.331578	0.332167	0.325007	0.331107	0.326373	0.353475	0.391532	0.331674	0.347967	0.340032	0.371438
Sinosuthora_webbiana	0.276614	0.115334	0.119603	0.167077	0.139464	0.122365	0.148405	0.146167	0.106934	0.137257	0.140362	0.119477	0.135618	0.125999	0.131683	0.12696	0.112195	0.116557	0.133212	0.111853	0	0.089885	0.084045	0.0939176	0.112321	0.111511	0.105624	0.106057	0.129206	0.147475	0.153786	0.140104	0.181896	0.170445	0.180518	0.173766	0.174836	0.17616	0.170697	0.159939	0.172567	0.178529	0.153386	0.146284	0.149606	0.151678	0.136141	0.141453	0.138115	0.135264	0.142484	0.136986	0.135537	0.137537	0.1361	0.146532	0.142304	0.140799	0.149079	0.183162	0.181459	0.159907	0.159662	0.135565	0.139026	0.143587	0.136402	0.167024	0.168678	0.139662	0.167122	0.151694	0.141412	0.141493	0.150932	0.147765	0.164803	0.177757	0.169185	0.158063	0.134189	0.146372	0.137163	0.150876	0.133076	0.161305	0.149942	0.147398	0.151938	0.15253	0.147297	0.151939	0.149992	0.148	0.137997	0.124433	0.134747	0.14475	0.153853	0.183689	0.155475	0.184555	0.163206	0.155938	0.134182	0.147415	0.153228	0.159242	0.159237	0.159316	0.169969	0.146186	0.173124	0.156693	0.171482	0.153587	0.149988	0.157211	0.16374	0.175845	0.18018	0.18663	0.200237	0.175209	0.172835	0.164834	0.153845	0.158338	0.158585	0.14427	0.177412	0.179045	0.177085	0.16827	0.173142	0.184681	0.185041	0.210161	0.202807	0.199461	0.183379	0.208566	0.218084	0.205477	0.243184	0.206919	0.322439	0.364688	0.347466	0.329199	0.311008	0.308583	0.326192	0.320729	0.305911	0.321154	0.340722	0.345361	0.343082	0.338473	0.338075	0.29297	0.303776	0.301622	0.326507	0.319717	0.324151	0.288069	0.295561	0.297869	0.2901	0.299258	0.298028	0.29421	0.27453	0.268216	0.415494	0.417768	0.374974	0.386747	0.365672	0.349621	0.353224	0.276008	0.292526	0.339516	0.348122	0.285964	0.281375	0.321893	0.327307	0.311226	0.377044	0.354464	0.346341	0.350232	0.299785	0.293128	0.308374	0.311489	0.315265	0.349749	0.334739	0.35044	0.359016	0.349344	0.336761	0.376282	0.349455	0.364759	0.456015	0.438657	0.461007	0.444169	0.398989	0.401804	0.336612	0.337569	0.455345	0.479133	0.305456	0.317333	0.302307	0.302317	0.313725	0.313729	0.314955	0.310183	0.308978	0.30037	0.297441	0.329933	0.327947	0.423494	0.31848	0.323686	0.296346	0.3614	0.36301	0.368349	0.368254	0.2982	0.318805	0.32175	0.283511	0.290793	0.287262	0.287602	0.407956	0.459881	0.468542	0.454699	0.492622	0.468549	0.477193	0.479782	0.464869	0.460875	0.423544	0.425911	0.42699	0.43447	0.426279	0.414989	0.362178	0.355451	0.404466	0.406679	0.403253	0.402149	0.468165	0.469642	0.418427	0.426982	0.427251	0.322071	0.334507	0.32458	0.277661	0.333307	0.334139	0.311391	0.327828	0.326147	0.316248	0.372854	0.389038	0.340505	0.312056	0.33937	0.328928	0.334367	0.33937	0.329302	0.313208	0.330034	0.313871	0.265601	0.370152	0.359018	0.380498	0.285285	0.292153	0.308179	0.300121	0.297889	0.325026	0.329559	0.287109	0.256465	0.25364	0.261406	0.261446	0.262154	0.275051	0.286307	0.278843	0.304244	0.304834	0.297673	0.303774	0.29904	0.326142	0.364199	0.30434	0.320634	0.312699	0.344105
Sylvia_atricapilla	0.287698	0.126418	0.130687	0.178162	0.150548	0.13345	0.15949	0.157251	0.118018	0.148341	0.151446	0.130561	0.146702	0.137083	0.142767	0.138044	0.123279	0.127641	0.144296	0.122937	0.089885	0	0.0344194	0.105002	0.123405	0.122595	0.116708	0.117141	0.14029	0.158559	0.16487	0.151189	0.19298	0.181529	0.191602	0.18485	0.18592	0.187244	0.181781	0.171023	0.183651	0.189613	0.164471	0.157368	0.16069	0.162762	0.147225	0.152537	0.149199	0.146348	0.153568	0.14807	0.146622	0.148621	0.147184	0.157616	0.153389	0.151883	0.160163	0.194246	0.192543	0.170991	0.170746	0.146649	0.15011	0.154671	0.147486	0.178108	0.179762	0.150746	0.178206	0.162778	0.152496	0.152577	0.162016	0.158849	0.175887	0.188841	0.180269	0.169147	0.145273	0.157456	0.148247	0.161961	0.14416	0.172389	0.161026	0.158482	0.163022	0.163614	0.158381	0.163023	0.161076	0.159084	0.149081	0.135517	0.145832	0.155834	0.164937	0.194773	0.166559	0.195639	0.17429	0.167022	0.145266	0.158499	0.164312	0.170326	0.170322	0.1704	0.181053	0.15727	0.184208	0.167777	0.182566	0.164671	0.161072	0.168295	0.174824	0.186929	0.191264	0.197714	0.211321	0.186293	0.183919	0.175918	0.164929	0.169422	0.169669	0.155354	0.188496	0.190129	0.188169	0.179354	0.184226	0.195765	0.196125	0.221245	0.213891	0.210545	0.194463	0.21965	0.229168	0.216561	0.254268	0.218003	0.333523	0.375772	0.35855	0.340283	0.322092	0.319667	0.337277	0.331814	0.316995	0.332238	0.351806	0.356445	0.354167	0.349558	0.349159	0.304054	0.31486	0.312707	0.337591	0.330801	0.335235	0.299153	0.306645	0.308953	0.301184	0.310342	0.309112	0.305294	0.285614	0.279301	0.426578	0.428852	0.386059	0.397831	0.376756	0.360705	0.364308	0.287092	0.30361	0.3506	0.359206	0.297048	0.292459	0.332977	0.338391	0.32231	0.388128	0.365548	0.357425	0.361316	0.31087	0.304212	0.319458	0.322573	0.326349	0.360833	0.345823	0.361524	0.3701	0.360429	0.347845	0.387366	0.360539	0.375843	0.467099	0.449741	0.472091	0.455253	0.410073	0.412888	0.347696	0.348653	0.466429	0.490217	0.31654	0.328417	0.313391	0.313401	0.324809	0.324813	0.326039	0.321267	0.320063	0.311454	0.308525	0.341017	0.339031	0.434578	0.329564	0.33477	0.30743	0.372484	0.374094	0.379433	0.379338	0.309284	0.329889	0.332834	0.294596	0.301877	0.298346	0.298686	0.41904	0.470965	0.479626	0.465783	0.503706	0.479633	0.488277	0.490866	0.475953	0.471959	0.434628	0.436995	0.438074	0.445554	0.437363	0.426073	0.373263	0.366535	0.41555	0.417763	0.414337	0.413233	0.479249	0.480726	0.429512	0.438066	0.438335	0.333156	0.345591	0.335664	0.288745	0.344391	0.345223	0.322476	0.338912	0.337231	0.327332	0.383938	0.400123	0.351589	0.323141	0.350454	0.340012	0.345451	0.350454	0.340387	0.324292	0.341118	0.324956	0.276685	0.381236	0.370102	0.391582	0.296369	0.303237	0.319263	0.311205	0.308973	0.33611	0.340643	0.298193	0.267549	0.264724	0.27249	0.27253	0.273238	0.286135	0.297391	0.289927	0.315329	0.315918	0.308757	0.314858	0.310124	0.337226	0.375283	0.315425	0.331718	0.323783	0.355189
Sylvia_borin	0.281858	0.120578	0.124847	0.172321	0.144708	0.127609	0.15365	0.151411	0.112178	0.142501	0.145606	0.124721	0.140862	0.131243	0.136927	0.132204	0.117439	0.121801	0.138456	0.117097	0.084045	0.0344194	0	0.0991616	0.117565	0.116755	0.110868	0.111301	0.13445	0.152719	0.15903	0.145348	0.18714	0.175689	0.185762	0.17901	0.18008	0.181404	0.175941	0.165183	0.177811	0.183773	0.15863	0.151528	0.15485	0.156922	0.141385	0.146697	0.143359	0.140508	0.147728	0.14223	0.140781	0.142781	0.141344	0.151776	0.147548	0.146043	0.154323	0.188406	0.186703	0.165151	0.164906	0.140809	0.14427	0.148831	0.141646	0.172268	0.173922	0.144906	0.172366	0.156938	0.146656	0.146737	0.156176	0.153009	0.170047	0.183001	0.174429	0.163307	0.139433	0.151616	0.142407	0.156121	0.13832	0.166549	0.155186	0.152642	0.157182	0.157774	0.152541	0.157183	0.155236	0.153244	0.143241	0.129677	0.139991	0.149994	0.159097	0.188933	0.160719	0.189799	0.16845	0.161182	0.139426	0.152659	0.158472	0.164486	0.164481	0.16456	0.175213	0.15143	0.178368	0.161937	0.176726	0.158831	0.155232	0.162455	0.168984	0.181089	0.185424	0.191874	0.205481	0.180453	0.178079	0.170078	0.159089	0.163582	0.163829	0.149514	0.182656	0.184289	0.182329	0.173514	0.178386	0.189925	0.190285	0.215405	0.208051	0.204705	0.188623	0.21381	0.223328	0.210721	0.248428	0.212163	0.327683	0.369932	0.35271	0.334443	0.316252	0.313827	0.331436	0.325973	0.311155	0.326398	0.345966	0.350605	0.348326	0.343717	0.343319	0.298214	0.30902	0.306866	0.331751	0.324961	0.329395	0.293313	0.300805	0.303113	0.295344	0.304502	0.303272	0.299454	0.279774	0.27346	0.420738	0.423012	0.380218	0.391991	0.370916	0.354865	0.358468	0.281252	0.29777	0.34476	0.353366	0.291208	0.286619	0.327137	0.332551	0.31647	0.382288	0.359708	0.351585	0.355476	0.305029	0.298372	0.313618	0.316733	0.320509	0.354993	0.339983	0.355684	0.36426	0.354589	0.342005	0.381526	0.354699	0.370003	0.461259	0.443901	0.466251	0.449413	0.404233	0.407048	0.341856	0.342813	0.460589	0.484377	0.3107	0.322577	0.307551	0.307561	0.318969	0.318973	0.320199	0.315427	0.314222	0.305614	0.302685	0.335177	0.333191	0.428738	0.323724	0.32893	0.30159	0.366644	0.368254	0.373593	0.373498	0.303444	0.324049	0.326994	0.288755	0.296037	0.292506	0.292846	0.4132	0.465125	0.473786	0.459943	0.497866	0.473793	0.482437	0.485026	0.470113	0.466119	0.428788	0.431155	0.432234	0.439714	0.431523	0.420233	0.367422	0.360695	0.40971	0.411923	0.408497	0.407393	0.473409	0.474886	0.423671	0.432226	0.432495	0.327315	0.339751	0.329824	0.282905	0.338551	0.339383	0.316635	0.333072	0.331391	0.321492	0.378098	0.394283	0.345749	0.317301	0.344614	0.334172	0.339611	0.344614	0.334546	0.318452	0.335278	0.319115	0.270845	0.375396	0.364262	0.385742	0.290529	0.297397	0.313423	0.305365	0.303133	0.33027	0.334803	0.292353	0.261709	0.258884	0.26665	0.26669	0.267398	0.280295	0.291551	0.284087	0.309488	0.310078	0.302917	0.309018	0.304284	0.331386	0.369443	0.309585	0.325878	0.317943	0.349349
Leiothrix_lutea	0.279547	0.118268	0.122536	0.170011	0.142397	0.125299	0.151339	0.149101	0.109868	0.14019	0.143296	0.12241	0.138551	0.128932	0.134616	0.129894	0.115128	0.11949	0.136145	0.121251	0.0939176	0.105002	0.0991616	0	0.113802	0.112993	0.107106	0.10899	0.132139	0.150409	0.156719	0.143038	0.184829	0.173378	0.183451	0.1767	0.177769	0.179094	0.17363	0.162872	0.1755	0.181463	0.15632	0.149217	0.152539	0.154611	0.139074	0.144387	0.141048	0.138197	0.145417	0.139919	0.138471	0.140471	0.139033	0.149465	0.145238	0.143732	0.152012	0.186095	0.184392	0.16284	0.162596	0.138498	0.14196	0.146521	0.139335	0.169958	0.171611	0.142595	0.170055	0.154628	0.144345	0.144426	0.153866	0.150698	0.167737	0.180691	0.172118	0.160996	0.137122	0.149306	0.140096	0.15381	0.13601	0.164239	0.152875	0.150331	0.154871	0.155463	0.15023	0.154872	0.152925	0.150933	0.14093	0.127366	0.137681	0.147684	0.156787	0.186622	0.158408	0.187488	0.166139	0.158871	0.137115	0.150348	0.156162	0.162176	0.162171	0.162249	0.172903	0.149119	0.176057	0.159627	0.174415	0.15652	0.152921	0.160145	0.166673	0.178779	0.183114	0.189563	0.203171	0.178142	0.175768	0.167767	0.156778	0.161271	0.161519	0.147203	0.180346	0.181979	0.180018	0.171203	0.176075	0.187614	0.187974	0.213094	0.20574	0.202394	0.186312	0.211499	0.221017	0.20841	0.246117	0.209852	0.325372	0.367621	0.350399	0.332132	0.313942	0.311516	0.329126	0.323663	0.308844	0.324087	0.343656	0.348294	0.346016	0.341407	0.341008	0.295904	0.30671	0.304556	0.32944	0.32265	0.327084	0.291002	0.298494	0.300802	0.293033	0.302191	0.300961	0.297144	0.277463	0.27115	0.418427	0.420701	0.377908	0.389681	0.368605	0.352554	0.356157	0.278942	0.295459	0.34245	0.351056	0.288897	0.284308	0.324827	0.330241	0.31416	0.379977	0.357397	0.349274	0.353165	0.302719	0.296062	0.311307	0.314422	0.318199	0.352682	0.337672	0.353373	0.361949	0.352278	0.339694	0.379215	0.352388	0.367693	0.458949	0.44159	0.46394	0.447102	0.401922	0.404737	0.339545	0.340503	0.458279	0.482066	0.308389	0.320267	0.30524	0.30525	0.316658	0.316662	0.317888	0.313116	0.311912	0.303303	0.300375	0.332866	0.33088	0.426427	0.321413	0.326619	0.299279	0.364334	0.365943	0.371282	0.371187	0.301133	0.321738	0.324683	0.286445	0.293726	0.290195	0.290535	0.410889	0.462814	0.471475	0.457632	0.495556	0.471482	0.480126	0.482715	0.467802	0.463808	0.426477	0.428844	0.429924	0.437403	0.429212	0.417922	0.365112	0.358384	0.407399	0.409613	0.406186	0.405082	0.471098	0.472575	0.421361	0.429915	0.430184	0.325005	0.33744	0.327513	0.280594	0.33624	0.337072	0.314325	0.330761	0.32908	0.319181	0.375788	0.391972	0.343438	0.31499	0.342304	0.331861	0.3373	0.342304	0.332236	0.316141	0.332968	0.316805	0.268534	0.373085	0.361951	0.383431	0.288218	0.295086	0.311113	0.303054	0.300822	0.32796	0.332492	0.290043	0.259399	0.256574	0.264339	0.264379	0.265087	0.277984	0.28924	0.281777	0.307178	0.307767	0.300607	0.306707	0.301973	0.329075	0.367132	0.307274	0.323567	0.315632	0.347038
Sterrhoptilus_dennistouni	0.29795	0.136671	0.14094	0.188414	0.1608	0.143702	0.169742	0.167504	0.128271	0.158593	0.161699	0.140813	0.156954	0.147335	0.153019	0.148297	0.133531	0.137893	0.154548	0.139654	0.112321	0.123405	0.117565	0.113802	0	0.0692474	0.0633603	0.127393	0.150542	0.168812	0.175122	0.161441	0.203232	0.191781	0.201855	0.195103	0.196172	0.197497	0.192033	0.181275	0.193903	0.199866	0.174723	0.16762	0.170942	0.173014	0.157477	0.16279	0.159451	0.1566	0.16382	0.158323	0.156874	0.158874	0.157436	0.167868	0.163641	0.162135	0.170415	0.204498	0.202795	0.181243	0.180999	0.156901	0.160363	0.164924	0.157738	0.188361	0.190014	0.160998	0.188458	0.173031	0.162748	0.162829	0.172269	0.169102	0.18614	0.199094	0.190521	0.179399	0.155525	0.167709	0.158499	0.172213	0.154413	0.182642	0.171278	0.168734	0.173274	0.173866	0.168633	0.173276	0.171328	0.169336	0.159333	0.145769	0.156084	0.166087	0.17519	0.205025	0.176811	0.205891	0.184542	0.177274	0.155518	0.168751	0.174565	0.180579	0.180574	0.180652	0.191306	0.167523	0.19446	0.17803	0.192818	0.174923	0.171325	0.178548	0.185076	0.197182	0.201517	0.207966	0.221574	0.196545	0.194171	0.18617	0.175181	0.179674	0.179922	0.165606	0.198749	0.200382	0.198422	0.189606	0.194478	0.206017	0.206377	0.231498	0.224143	0.220797	0.204715	0.229902	0.23942	0.226813	0.26452	0.228256	0.343775	0.386024	0.368802	0.350535	0.332345	0.329919	0.347529	0.342066	0.327247	0.34249	0.362059	0.366698	0.364419	0.35981	0.359411	0.314307	0.325113	0.322959	0.347843	0.341053	0.345487	0.309405	0.316897	0.319205	0.311436	0.320594	0.319364	0.315547	0.295866	0.289553	0.43683	0.439104	0.396311	0.408084	0.387008	0.370957	0.37456	0.297345	0.313862	0.360853	0.369459	0.3073	0.302711	0.34323	0.348644	0.332563	0.39838	0.3758	0.367677	0.371568	0.321122	0.314465	0.32971	0.332825	0.336602	0.371085	0.356075	0.371776	0.380352	0.370681	0.358097	0.397618	0.370791	0.386096	0.477352	0.459994	0.482343	0.465505	0.420325	0.42314	0.357949	0.358906	0.476682	0.500469	0.326792	0.33867	0.323643	0.323653	0.335061	0.335065	0.336292	0.331519	0.330315	0.321706	0.318778	0.351269	0.349283	0.44483	0.339816	0.345022	0.317682	0.382737	0.384346	0.389685	0.38959	0.319536	0.340141	0.343086	0.304848	0.312129	0.308598	0.308938	0.429292	0.481217	0.489878	0.476035	0.513959	0.489885	0.498529	0.501118	0.486205	0.482211	0.44488	0.447247	0.448327	0.455807	0.447616	0.436325	0.383515	0.376788	0.425802	0.428016	0.424589	0.423485	0.489501	0.490978	0.439764	0.448318	0.448587	0.343408	0.355843	0.345916	0.298997	0.354644	0.355475	0.332728	0.349165	0.347483	0.337584	0.394191	0.410375	0.361841	0.333393	0.360707	0.350264	0.355703	0.360707	0.350639	0.334544	0.351371	0.335208	0.286937	0.391489	0.380354	0.401834	0.306621	0.313489	0.329516	0.321457	0.319225	0.346363	0.350895	0.308446	0.277802	0.274977	0.282742	0.282782	0.28349	0.296387	0.307643	0.30018	0.325581	0.32617	0.31901	0.32511	0.320376	0.347478	0.385535	0.325677	0.34197	0.334035	0.365441
Zosterops_hypoxanthus	0.297141	0.135861	0.14013	0.187604	0.159991	0.142892	0.168932	0.166694	0.127461	0.157784	0.160889	0.140004	0.156145	0.146526	0.15221	0.147487	0.132722	0.137084	0.153739	0.138845	0.111511	0.122595	0.116755	0.112993	0.0692474	0	0.0140811	0.126583	0.149733	0.168002	0.174313	0.160631	0.202423	0.190972	0.201045	0.194293	0.195363	0.196687	0.191224	0.180466	0.193094	0.199056	0.173913	0.166811	0.170133	0.172205	0.156668	0.16198	0.158642	0.155791	0.16301	0.157513	0.156064	0.158064	0.156627	0.167059	0.162831	0.161326	0.169606	0.203689	0.201986	0.180434	0.180189	0.156092	0.159553	0.164114	0.156929	0.187551	0.189205	0.160189	0.187649	0.172221	0.161939	0.16202	0.171459	0.168292	0.18533	0.198284	0.189712	0.178589	0.154716	0.166899	0.15769	0.171403	0.153603	0.181832	0.170469	0.167925	0.172465	0.173056	0.167824	0.172466	0.170518	0.168526	0.158524	0.14496	0.155274	0.165277	0.17438	0.204216	0.176002	0.205082	0.183733	0.176464	0.154709	0.167942	0.173755	0.179769	0.179764	0.179843	0.190496	0.166713	0.193651	0.17722	0.192009	0.174114	0.170515	0.177738	0.184267	0.196372	0.200707	0.207157	0.220764	0.195736	0.193362	0.18536	0.174372	0.178865	0.179112	0.164797	0.197939	0.199572	0.197612	0.188797	0.193669	0.205208	0.205568	0.230688	0.223334	0.219988	0.203905	0.229092	0.238611	0.226004	0.263711	0.227446	0.342966	0.385215	0.367993	0.349726	0.331535	0.32911	0.346719	0.341256	0.326437	0.341681	0.361249	0.365888	0.363609	0.359	0.358602	0.313497	0.324303	0.322149	0.347034	0.340244	0.344678	0.308596	0.316088	0.318395	0.310627	0.319785	0.318555	0.314737	0.295057	0.288743	0.436021	0.438295	0.395501	0.407274	0.386199	0.370148	0.373751	0.296535	0.313052	0.360043	0.368649	0.30649	0.301902	0.34242	0.347834	0.331753	0.397571	0.374991	0.366868	0.370759	0.320312	0.313655	0.328901	0.332016	0.335792	0.370276	0.355266	0.370967	0.379543	0.369871	0.357288	0.396809	0.369982	0.385286	0.476542	0.459184	0.481534	0.464695	0.419516	0.422331	0.357139	0.358096	0.475872	0.49966	0.325983	0.33786	0.322834	0.322844	0.334252	0.334256	0.335482	0.33071	0.329505	0.320897	0.317968	0.350459	0.348474	0.444021	0.339006	0.344213	0.316873	0.381927	0.383537	0.388876	0.388781	0.318727	0.339332	0.342277	0.304038	0.31132	0.307789	0.308129	0.428483	0.480408	0.489069	0.475226	0.513149	0.489076	0.49772	0.500308	0.485396	0.481401	0.444071	0.446438	0.447517	0.454997	0.446806	0.435516	0.382705	0.375978	0.424993	0.427206	0.42378	0.422676	0.488692	0.490169	0.438954	0.447509	0.447778	0.342598	0.355034	0.345107	0.298188	0.353834	0.354666	0.331918	0.348355	0.346674	0.336774	0.393381	0.409565	0.361032	0.332583	0.359897	0.349455	0.354894	0.359897	0.349829	0.333735	0.350561	0.334398	0.286128	0.390679	0.379545	0.401025	0.305812	0.31268	0.328706	0.320648	0.318416	0.345553	0.350086	0.307636	0.276992	0.274167	0.281933	0.281973	0.282681	0.295578	0.306834	0.29937	0.324771	0.325361	0.3182	0.324301	0.319566	0.346669	0.384726	0.324867	0.341161	0.333225	0.364632
Zosterops_lateralis	0.291254	0.129974	0.134243	0.181717	0.154103	0.137005	0.163045	0.160807	0.121574	0.151896	0.155002	0.134116	0.150258	0.140639	0.146323	0.1416	0.126835	0.131197	0.147852	0.132958	0.105624	0.116708	0.110868	0.107106	0.0633603	0.0140811	0	0.120696	0.143846	0.162115	0.168426	0.154744	0.196535	0.185085	0.195158	0.188406	0.189476	0.1908	0.185336	0.174578	0.187207	0.193169	0.168026	0.160924	0.164246	0.166318	0.150781	0.156093	0.152754	0.149904	0.157123	0.151626	0.150177	0.152177	0.15074	0.161172	0.156944	0.155439	0.163719	0.197802	0.196099	0.174547	0.174302	0.150205	0.153666	0.158227	0.151042	0.181664	0.183318	0.154302	0.181762	0.166334	0.156052	0.156133	0.165572	0.162405	0.179443	0.192397	0.183825	0.172702	0.148829	0.161012	0.151803	0.165516	0.147716	0.175945	0.164582	0.162038	0.166578	0.167169	0.161937	0.166579	0.164631	0.162639	0.152636	0.139073	0.149387	0.15939	0.168493	0.198328	0.170115	0.199195	0.177846	0.170577	0.148821	0.162055	0.167868	0.173882	0.173877	0.173956	0.184609	0.160826	0.187764	0.171333	0.186122	0.168227	0.164628	0.171851	0.178379	0.190485	0.19482	0.20127	0.214877	0.189849	0.187475	0.179473	0.168485	0.172977	0.173225	0.15891	0.192052	0.193685	0.191725	0.18291	0.187782	0.199321	0.199681	0.224801	0.217447	0.214101	0.198018	0.223205	0.232724	0.220116	0.257824	0.221559	0.337078	0.379328	0.362106	0.343839	0.325648	0.323223	0.340832	0.335369	0.32055	0.335794	0.355362	0.360001	0.357722	0.353113	0.352715	0.30761	0.318416	0.316262	0.341147	0.334356	0.33879	0.302709	0.310201	0.312508	0.30474	0.313898	0.312668	0.30885	0.28917	0.282856	0.430134	0.432407	0.389614	0.401387	0.380312	0.364261	0.367864	0.290648	0.307165	0.354156	0.362762	0.300603	0.296014	0.336533	0.341947	0.325866	0.391684	0.369104	0.360981	0.364872	0.314425	0.307768	0.323014	0.326129	0.329905	0.364389	0.349379	0.36508	0.373655	0.363984	0.351401	0.390922	0.364095	0.379399	0.470655	0.453297	0.475647	0.458808	0.413629	0.416444	0.351252	0.352209	0.469985	0.493773	0.320095	0.331973	0.316947	0.316957	0.328365	0.328369	0.329595	0.324823	0.323618	0.315009	0.312081	0.344572	0.342587	0.438134	0.333119	0.338326	0.310986	0.37604	0.37765	0.382989	0.382894	0.312839	0.333445	0.336389	0.298151	0.305433	0.301902	0.302242	0.422596	0.47452	0.483182	0.469338	0.507262	0.483189	0.491833	0.494421	0.479509	0.475514	0.438184	0.440551	0.44163	0.44911	0.440919	0.429629	0.376818	0.370091	0.419105	0.421319	0.417893	0.416789	0.482805	0.484281	0.433067	0.441622	0.441891	0.336711	0.349147	0.339219	0.292301	0.347947	0.348779	0.326031	0.342468	0.340787	0.330887	0.387494	0.403678	0.355144	0.326696	0.35401	0.343567	0.349006	0.35401	0.343942	0.327848	0.344674	0.328511	0.280241	0.384792	0.373658	0.395137	0.299925	0.306793	0.322819	0.314761	0.312529	0.339666	0.344198	0.301749	0.271105	0.26828	0.276046	0.276086	0.276794	0.28969	0.300947	0.293483	0.318884	0.319474	0.312313	0.318414	0.313679	0.340782	0.378839	0.31898	0.335274	0.327338	0.358745
Pomatorhinus_ruficollis	0.271107	0.109827	0.114096	0.16157	0.133957	0.116858	0.142899	0.14066	0.101427	0.13175	0.134855	0.11397	0.130111	0.120492	0.126176	0.121453	0.106688	0.11105	0.127705	0.13339	0.106057	0.117141	0.111301	0.10899	0.127393	0.126583	0.120696	0	0.123699	0.141968	0.148279	0.134597	0.176389	0.164938	0.175011	0.168259	0.169329	0.170653	0.16519	0.154432	0.16706	0.173022	0.147879	0.140777	0.144099	0.146171	0.130634	0.135946	0.132608	0.129757	0.136977	0.131479	0.13003	0.13203	0.130593	0.141025	0.136797	0.135292	0.143572	0.177655	0.175952	0.1544	0.154155	0.130058	0.133519	0.13808	0.130895	0.161517	0.163171	0.134155	0.161615	0.146187	0.135905	0.135986	0.145425	0.142258	0.159296	0.17225	0.163678	0.152556	0.128682	0.140865	0.131656	0.14537	0.127569	0.155798	0.144435	0.141891	0.146431	0.147023	0.14179	0.146432	0.144485	0.142493	0.13249	0.118926	0.12924	0.139243	0.148346	0.178182	0.149968	0.179048	0.157699	0.150431	0.128675	0.141908	0.147721	0.153735	0.15373	0.153809	0.164462	0.140679	0.167617	0.151186	0.165975	0.14808	0.144481	0.151704	0.158233	0.170338	0.174673	0.181123	0.19473	0.169702	0.167328	0.159327	0.148338	0.152831	0.153078	0.138763	0.171905	0.173538	0.171578	0.162763	0.167635	0.179174	0.179534	0.204654	0.1973	0.193954	0.177872	0.203059	0.212577	0.19997	0.237677	0.201412	0.316932	0.359181	0.341959	0.323692	0.305501	0.303076	0.320685	0.315222	0.300404	0.315647	0.335215	0.339854	0.337575	0.332966	0.332568	0.287463	0.298269	0.296115	0.321	0.31421	0.318644	0.282562	0.290054	0.292362	0.284593	0.293751	0.292521	0.288703	0.269023	0.262709	0.409987	0.412261	0.369467	0.38124	0.360165	0.344114	0.347717	0.270501	0.287019	0.334009	0.342615	0.280457	0.275868	0.316386	0.3218	0.305719	0.371537	0.348957	0.340834	0.344725	0.294278	0.287621	0.302867	0.305982	0.309758	0.344242	0.329232	0.344933	0.353509	0.343838	0.331254	0.370775	0.343948	0.359252	0.450508	0.43315	0.4555	0.438662	0.393482	0.396297	0.331105	0.332062	0.449838	0.473626	0.299949	0.311826	0.2968	0.29681	0.308218	0.308222	0.309448	0.304676	0.303471	0.294863	0.291934	0.324426	0.32244	0.417987	0.312973	0.318179	0.290839	0.355893	0.357503	0.362842	0.362747	0.292693	0.313298	0.316243	0.278004	0.285286	0.281755	0.282095	0.402449	0.454374	0.463035	0.449192	0.487115	0.463042	0.471686	0.474275	0.459362	0.455368	0.418037	0.420404	0.421483	0.428963	0.420772	0.409482	0.356671	0.349944	0.398959	0.401172	0.397746	0.396642	0.462658	0.464135	0.41292	0.421475	0.421744	0.316564	0.329	0.319073	0.272154	0.3278	0.328632	0.305884	0.322321	0.32064	0.310741	0.367347	0.383532	0.334998	0.30655	0.333863	0.323421	0.32886	0.333863	0.323795	0.307701	0.324527	0.308364	0.260094	0.364645	0.353511	0.374991	0.279778	0.286646	0.302672	0.294614	0.292382	0.319519	0.324052	0.281602	0.250958	0.248133	0.255899	0.255939	0.256647	0.269544	0.2808	0.273336	0.298737	0.299327	0.292166	0.298267	0.293533	0.320635	0.358692	0.298834	0.315127	0.307192	0.338598
Hirundo_rustica	0.273865	0.112586	0.116855	0.164329	0.136715	0.119617	0.145657	0.143419	0.104186	0.134508	0.143814	0.122928	0.139069	0.12945	0.135134	0.130411	0.115646	0.120008	0.136663	0.15654	0.129206	0.14029	0.13445	0.132139	0.150542	0.149733	0.143846	0.123699	0	0.144727	0.151037	0.137356	0.179147	0.167696	0.17777	0.171018	0.172087	0.173412	0.167948	0.15719	0.169818	0.175781	0.150638	0.143535	0.146857	0.148929	0.133392	0.138705	0.135366	0.132515	0.139735	0.134238	0.132789	0.134789	0.133351	0.143783	0.139556	0.13805	0.14633	0.180413	0.17871	0.157158	0.156914	0.132816	0.136278	0.140839	0.133653	0.164276	0.165929	0.136913	0.164373	0.148946	0.138663	0.138744	0.148184	0.145017	0.162055	0.175009	0.166436	0.155314	0.13144	0.143624	0.134414	0.148128	0.130328	0.158557	0.147193	0.144649	0.14919	0.149781	0.144548	0.149191	0.147243	0.145251	0.135248	0.121684	0.131999	0.142002	0.151105	0.18094	0.152726	0.181807	0.160457	0.153189	0.131433	0.144666	0.15048	0.156494	0.156489	0.156567	0.167221	0.143438	0.170375	0.153945	0.168733	0.150838	0.14724	0.154463	0.160991	0.173097	0.177432	0.183882	0.197489	0.17246	0.170086	0.162085	0.151096	0.155589	0.155837	0.141521	0.174664	0.176297	0.174337	0.165521	0.170393	0.181933	0.182292	0.207413	0.200058	0.196713	0.18063	0.205817	0.215335	0.202728	0.240435	0.204171	0.31969	0.361939	0.344717	0.32645	0.30826	0.305834	0.323444	0.317981	0.303162	0.318405	0.337974	0.342613	0.340334	0.335725	0.335326	0.290222	0.301028	0.298874	0.323759	0.316968	0.321402	0.28532	0.292812	0.29512	0.287351	0.296509	0.295279	0.291462	0.271781	0.265468	0.412745	0.415019	0.372226	0.383999	0.362923	0.346872	0.350475	0.27326	0.289777	0.336768	0.345374	0.283215	0.278626	0.319145	0.324559	0.308478	0.374296	0.351715	0.343592	0.347483	0.297037	0.29038	0.305625	0.30874	0.312517	0.347	0.33199	0.347691	0.356267	0.346596	0.334012	0.373533	0.346706	0.362011	0.453267	0.435909	0.458258	0.44142	0.39624	0.399055	0.333864	0.334821	0.452597	0.476384	0.302707	0.314585	0.299558	0.299568	0.310976	0.31098	0.312207	0.307434	0.30623	0.297621	0.294693	0.327184	0.325198	0.420745	0.315731	0.320937	0.293597	0.358652	0.360262	0.3656	0.365505	0.295451	0.316056	0.319001	0.280763	0.288044	0.284513	0.284853	0.405207	0.457132	0.465793	0.45195	0.489874	0.4658	0.474444	0.477033	0.46212	0.458126	0.420795	0.423162	0.424242	0.431722	0.423531	0.412241	0.35943	0.352703	0.401717	0.403931	0.400504	0.3994	0.465416	0.466893	0.415679	0.424233	0.424502	0.319323	0.331758	0.321831	0.274912	0.330559	0.33139	0.308643	0.32508	0.323398	0.313499	0.370106	0.38629	0.337756	0.309308	0.336622	0.326179	0.331618	0.336622	0.326554	0.310459	0.327286	0.311123	0.262852	0.367404	0.356269	0.377749	0.282536	0.289404	0.305431	0.297372	0.29514	0.322278	0.32681	0.284361	0.253717	0.250892	0.258657	0.258697	0.259405	0.272302	0.283558	0.276095	0.301496	0.302085	0.294925	0.301025	0.296291	0.323394	0.36145	0.301592	0.317885	0.30995	0.341357
Cisticola_juncidis	0.284735	0.127946	0.132215	0.179689	0.152075	0.134977	0.161017	0.158779	0.119546	0.149868	0.162083	0.141197	0.157338	0.147719	0.153403	0.148681	0.133915	0.138277	0.154932	0.174809	0.147475	0.158559	0.152719	0.150409	0.168812	0.168002	0.162115	0.141968	0.144727	0	0.161907	0.148226	0.190017	0.178566	0.18864	0.181888	0.182957	0.184282	0.178818	0.16806	0.180688	0.186651	0.161508	0.154405	0.157727	0.159799	0.144262	0.149575	0.146236	0.143385	0.150605	0.145108	0.143659	0.145659	0.144221	0.154653	0.150426	0.14892	0.1572	0.191283	0.18958	0.168028	0.167784	0.143686	0.147148	0.151709	0.144523	0.175146	0.176799	0.147783	0.175243	0.159816	0.149533	0.149614	0.159054	0.155887	0.172925	0.185879	0.177306	0.166184	0.14231	0.154494	0.145284	0.158998	0.141198	0.169427	0.158063	0.155519	0.160059	0.160651	0.155418	0.160061	0.158113	0.156121	0.146118	0.132554	0.142869	0.152872	0.161975	0.19181	0.163596	0.192676	0.171327	0.164059	0.142303	0.155536	0.16135	0.167364	0.167359	0.167437	0.178091	0.154308	0.181245	0.164815	0.179603	0.161708	0.15811	0.165333	0.171861	0.183967	0.188302	0.194751	0.208359	0.18333	0.180956	0.172955	0.161966	0.166459	0.166707	0.152391	0.185534	0.187167	0.185207	0.176391	0.181263	0.192802	0.193162	0.218283	0.210928	0.207583	0.1915	0.216687	0.226205	0.213598	0.251305	0.215041	0.33056	0.372809	0.355587	0.33732	0.31913	0.316704	0.334314	0.328851	0.314032	0.329275	0.348844	0.353483	0.351204	0.346595	0.346196	0.301092	0.311898	0.309744	0.334628	0.327838	0.332272	0.29619	0.303682	0.30599	0.298221	0.307379	0.306149	0.302332	0.282651	0.276338	0.423615	0.425889	0.383096	0.394869	0.373793	0.357742	0.361345	0.28413	0.300647	0.347638	0.356244	0.294085	0.289496	0.330015	0.335429	0.319348	0.385165	0.362585	0.354462	0.358353	0.307907	0.30125	0.316495	0.31961	0.323387	0.35787	0.34286	0.358561	0.367137	0.357466	0.344882	0.384403	0.357576	0.372881	0.464137	0.446779	0.469128	0.45229	0.40711	0.409925	0.344734	0.345691	0.463467	0.487254	0.313577	0.325455	0.310428	0.310438	0.321846	0.32185	0.323077	0.318304	0.3171	0.308491	0.305563	0.338054	0.336068	0.431615	0.326601	0.331807	0.304467	0.369522	0.371131	0.37647	0.376375	0.306321	0.326926	0.329871	0.291633	0.298914	0.295383	0.295723	0.416077	0.468002	0.476663	0.46282	0.500744	0.47667	0.485314	0.487903	0.47299	0.468996	0.431665	0.434032	0.435112	0.442592	0.434401	0.42311	0.3703	0.363573	0.412587	0.414801	0.411374	0.41027	0.476286	0.477763	0.426549	0.435103	0.435372	0.330193	0.342628	0.332701	0.285782	0.341429	0.34226	0.319513	0.33595	0.334268	0.324369	0.380976	0.39716	0.348626	0.320178	0.347492	0.337049	0.342488	0.347492	0.337424	0.321329	0.338156	0.321993	0.273722	0.378274	0.367139	0.388619	0.293406	0.300274	0.316301	0.308242	0.30601	0.333148	0.33768	0.295231	0.264587	0.261762	0.269527	0.269567	0.270275	0.283172	0.294428	0.286965	0.312366	0.312955	0.305795	0.311895	0.307161	0.334263	0.37232	0.312462	0.328755	0.32082	0.352226
Bombycilla_garrulus	0.276646	0.134256	0.138525	0.185999	0.158386	0.141287	0.167327	0.165089	0.125856	0.156179	0.168393	0.147507	0.163648	0.15403	0.159714	0.154991	0.140226	0.144588	0.161243	0.181119	0.153786	0.16487	0.15903	0.156719	0.175122	0.174313	0.168426	0.148279	0.151037	0.161907	0	0.098138	0.17679	0.170477	0.18055	0.173799	0.174868	0.176193	0.170729	0.159971	0.172599	0.178562	0.153419	0.146316	0.149638	0.15171	0.136173	0.141486	0.138147	0.135296	0.142516	0.137018	0.13557	0.13757	0.136132	0.146564	0.142337	0.140831	0.149111	0.183194	0.181491	0.159939	0.159695	0.135597	0.139059	0.14362	0.136434	0.167057	0.16871	0.139694	0.167154	0.151727	0.141444	0.141525	0.150965	0.147797	0.164836	0.17779	0.169217	0.158095	0.134221	0.146405	0.137195	0.150909	0.133109	0.161338	0.149974	0.14743	0.15197	0.152562	0.147329	0.151971	0.150024	0.148032	0.138029	0.124465	0.13478	0.144782	0.153886	0.183721	0.155507	0.184587	0.163238	0.15597	0.134214	0.147447	0.153261	0.159275	0.15927	0.159348	0.170002	0.146218	0.173156	0.156726	0.171514	0.153619	0.15002	0.157244	0.163772	0.175877	0.180213	0.186662	0.20027	0.175241	0.172867	0.164866	0.153877	0.15837	0.158617	0.144302	0.177445	0.179078	0.177117	0.168302	0.173174	0.184713	0.185073	0.210193	0.202839	0.199493	0.183411	0.208598	0.218116	0.205509	0.243216	0.206951	0.322471	0.36472	0.347498	0.329231	0.311041	0.308615	0.326225	0.320762	0.305943	0.321186	0.340755	0.345393	0.343115	0.338506	0.338107	0.293003	0.303808	0.301655	0.326539	0.319749	0.324183	0.288101	0.295593	0.297901	0.290132	0.29929	0.29806	0.294243	0.274562	0.268249	0.415526	0.4178	0.375007	0.38678	0.365704	0.349653	0.353256	0.276041	0.292558	0.339549	0.348155	0.285996	0.281407	0.321926	0.32734	0.311259	0.377076	0.354496	0.346373	0.350264	0.299818	0.293161	0.308406	0.311521	0.315298	0.349781	0.334771	0.350472	0.359048	0.349377	0.336793	0.376314	0.349487	0.364792	0.456048	0.438689	0.461039	0.444201	0.399021	0.401836	0.336644	0.337602	0.455378	0.479165	0.305488	0.317366	0.302339	0.302349	0.313757	0.313761	0.314987	0.310215	0.309011	0.300402	0.297474	0.329965	0.327979	0.423526	0.318512	0.323718	0.296378	0.361433	0.363042	0.368381	0.368286	0.298232	0.318837	0.321782	0.283544	0.290825	0.287294	0.287634	0.407988	0.459913	0.468574	0.454731	0.492655	0.468581	0.477225	0.479814	0.464901	0.460907	0.423576	0.425943	0.427023	0.434502	0.426311	0.415021	0.362211	0.355483	0.404498	0.406712	0.403285	0.402181	0.468197	0.469674	0.41846	0.427014	0.427283	0.322104	0.334539	0.324612	0.277693	0.333339	0.334171	0.311424	0.32786	0.326179	0.31628	0.372887	0.389071	0.340537	0.312089	0.339403	0.32896	0.334399	0.339402	0.329335	0.31324	0.330067	0.313904	0.265633	0.370184	0.35905	0.38053	0.285317	0.292185	0.308212	0.300153	0.297921	0.325059	0.329591	0.287142	0.256498	0.253673	0.261438	0.261478	0.262186	0.275083	0.286339	0.278876	0.304277	0.304866	0.297706	0.303806	0.299072	0.326174	0.364231	0.304373	0.320666	0.312731	0.344137
Phainopepla_nitens	0.262965	0.120575	0.124844	0.172318	0.144704	0.127606	0.153646	0.151408	0.112175	0.142497	0.154712	0.133826	0.149967	0.140348	0.146032	0.14131	0.126545	0.130907	0.147562	0.167438	0.140104	0.151189	0.145348	0.143038	0.161441	0.160631	0.154744	0.134597	0.137356	0.148226	0.098138	0	0.163108	0.156796	0.166869	0.160117	0.161187	0.162511	0.157048	0.14629	0.158918	0.16488	0.139737	0.132635	0.135957	0.138029	0.122492	0.127804	0.124466	0.121615	0.128835	0.123337	0.121888	0.123888	0.122451	0.132883	0.128655	0.12715	0.13543	0.169513	0.16781	0.146258	0.146013	0.121916	0.125377	0.129938	0.122753	0.153375	0.155029	0.126013	0.153473	0.138045	0.127763	0.127844	0.137283	0.134116	0.151154	0.164108	0.155536	0.144414	0.12054	0.132723	0.123514	0.137228	0.119427	0.147656	0.136293	0.133749	0.138289	0.138881	0.133648	0.13829	0.136343	0.134351	0.124348	0.110784	0.121098	0.131101	0.140204	0.17004	0.141826	0.170906	0.149557	0.142289	0.120533	0.133766	0.139579	0.145593	0.145589	0.145667	0.15632	0.132537	0.159475	0.143044	0.157833	0.139938	0.136339	0.143562	0.150091	0.162196	0.166531	0.172981	0.186588	0.16156	0.159186	0.151185	0.140196	0.144689	0.144936	0.130621	0.163763	0.165396	0.163436	0.154621	0.159493	0.171032	0.171392	0.196512	0.189158	0.185812	0.16973	0.194917	0.204435	0.191828	0.229535	0.19327	0.30879	0.351039	0.333817	0.31555	0.297359	0.294934	0.312544	0.30708	0.292262	0.307505	0.327073	0.331712	0.329434	0.324825	0.324426	0.279321	0.290127	0.287973	0.312858	0.306068	0.310502	0.27442	0.281912	0.28422	0.276451	0.285609	0.284379	0.280561	0.260881	0.254567	0.401845	0.404119	0.361325	0.373098	0.352023	0.335972	0.339575	0.262359	0.278877	0.325867	0.334473	0.272315	0.267726	0.308244	0.313658	0.297577	0.363395	0.340815	0.332692	0.336583	0.286136	0.279479	0.294725	0.29784	0.301616	0.3361	0.32109	0.336791	0.345367	0.335696	0.323112	0.362633	0.335806	0.35111	0.442366	0.425008	0.447358	0.43052	0.38534	0.388155	0.322963	0.32392	0.441696	0.465484	0.291807	0.303684	0.288658	0.288668	0.300076	0.30008	0.301306	0.296534	0.295329	0.286721	0.283792	0.316284	0.314298	0.409845	0.304831	0.310037	0.282697	0.347751	0.349361	0.3547	0.354605	0.284551	0.305156	0.308101	0.269863	0.277144	0.273613	0.273953	0.394307	0.446232	0.454893	0.44105	0.478973	0.4549	0.463544	0.466133	0.45122	0.447226	0.409895	0.412262	0.413341	0.420821	0.41263	0.40134	0.348529	0.341802	0.390817	0.39303	0.389604	0.3885	0.454516	0.455993	0.404778	0.413333	0.413602	0.308422	0.320858	0.310931	0.264012	0.319658	0.32049	0.297742	0.314179	0.312498	0.302599	0.359205	0.37539	0.326856	0.298408	0.325721	0.315279	0.320718	0.325721	0.315653	0.299559	0.316385	0.300222	0.251952	0.356503	0.345369	0.366849	0.271636	0.278504	0.29453	0.286472	0.28424	0.311377	0.31591	0.27346	0.242816	0.239991	0.247757	0.247797	0.248505	0.261402	0.272658	0.265194	0.290596	0.291185	0.284024	0.290125	0.285391	0.312493	0.35055	0.290692	0.306985	0.29905	0.330456
Regulus_satrapa	0.304756	0.162366	0.166635	0.214109	0.186496	0.169397	0.195437	0.193199	0.153966	0.184289	0.196503	0.175617	0.191758	0.18214	0.187824	0.183101	0.168336	0.172698	0.189353	0.209229	0.181896	0.19298	0.18714	0.184829	0.203232	0.202423	0.196535	0.176389	0.179147	0.190017	0.17679	0.163108	0	0.198587	0.20866	0.201908	0.202978	0.204303	0.198839	0.188081	0.200709	0.206672	0.181529	0.174426	0.177748	0.17982	0.164283	0.169596	0.166257	0.163406	0.170626	0.165128	0.16368	0.16568	0.164242	0.174674	0.170447	0.168941	0.177221	0.211304	0.209601	0.188049	0.187805	0.163707	0.167169	0.17173	0.164544	0.195167	0.19682	0.167804	0.195264	0.179837	0.169554	0.169635	0.179075	0.175907	0.192946	0.2059	0.197327	0.186205	0.162331	0.174515	0.165305	0.179019	0.161219	0.189448	0.178084	0.17554	0.18008	0.180672	0.175439	0.180081	0.178134	0.176142	0.166139	0.152575	0.16289	0.172892	0.181996	0.211831	0.183617	0.212697	0.191348	0.18408	0.162324	0.175557	0.181371	0.187385	0.18738	0.187458	0.198112	0.174328	0.201266	0.184836	0.199624	0.181729	0.17813	0.185354	0.191882	0.203987	0.208323	0.214772	0.22838	0.203351	0.200977	0.192976	0.181987	0.18648	0.186727	0.172412	0.205555	0.207188	0.205227	0.196412	0.201284	0.212823	0.213183	0.238303	0.230949	0.227603	0.211521	0.236708	0.246226	0.233619	0.271326	0.235061	0.350581	0.39283	0.375608	0.357341	0.339151	0.336725	0.354335	0.348872	0.334053	0.349296	0.368865	0.373503	0.371225	0.366616	0.366217	0.321113	0.331918	0.329765	0.354649	0.347859	0.352293	0.316211	0.323703	0.326011	0.318242	0.3274	0.32617	0.322352	0.302672	0.296359	0.443636	0.44591	0.403117	0.41489	0.393814	0.377763	0.381366	0.304151	0.320668	0.367659	0.376265	0.314106	0.309517	0.350036	0.35545	0.339369	0.405186	0.382606	0.374483	0.378374	0.327928	0.321271	0.336516	0.339631	0.343407	0.377891	0.362881	0.378582	0.387158	0.377487	0.364903	0.404424	0.377597	0.392902	0.484158	0.466799	0.489149	0.472311	0.427131	0.429946	0.364754	0.365712	0.483488	0.507275	0.333598	0.345476	0.330449	0.330459	0.341867	0.341871	0.343097	0.338325	0.337121	0.328512	0.325583	0.358075	0.356089	0.451636	0.346622	0.351828	0.324488	0.389543	0.391152	0.396491	0.396396	0.326342	0.346947	0.349892	0.311654	0.318935	0.315404	0.315744	0.436098	0.488023	0.496684	0.482841	0.520765	0.496691	0.505335	0.507924	0.493011	0.489017	0.451686	0.454053	0.455133	0.462612	0.454421	0.443131	0.390321	0.383593	0.432608	0.434822	0.431395	0.430291	0.496307	0.497784	0.44657	0.455124	0.455393	0.350214	0.362649	0.352722	0.305803	0.361449	0.362281	0.339534	0.35597	0.354289	0.34439	0.400997	0.417181	0.368647	0.340199	0.367513	0.35707	0.362509	0.367512	0.357445	0.34135	0.358177	0.342014	0.293743	0.398294	0.38716	0.40864	0.313427	0.320295	0.336322	0.328263	0.326031	0.353169	0.357701	0.315252	0.284608	0.281782	0.289548	0.289588	0.290296	0.303193	0.314449	0.306986	0.332387	0.332976	0.325816	0.331916	0.327182	0.354284	0.392341	0.332483	0.348776	0.340841	0.372247
Agelaius_phoeniceus	0.293303	0.150915	0.155184	0.202659	0.175045	0.157947	0.183987	0.181749	0.142515	0.172838	0.185052	0.164166	0.180308	0.170689	0.176373	0.17165	0.156885	0.161247	0.177902	0.197778	0.170445	0.181529	0.175689	0.173378	0.191781	0.190972	0.185085	0.164938	0.167696	0.178566	0.170477	0.156796	0.198587	0	0.0197958	0.0130439	0.088695	0.0900193	0.0845556	0.080735	0.0933634	0.0993258	0.0842984	0.0861443	0.0894664	0.0915387	0.0888419	0.0941545	0.0908157	0.087965	0.10778	0.116604	0.115155	0.117155	0.115717	0.126149	0.125091	0.129383	0.137663	0.171746	0.170043	0.14849	0.148246	0.124149	0.12761	0.132171	0.124986	0.166666	0.168319	0.139303	0.172148	0.15672	0.149684	0.149765	0.159205	0.156037	0.175871	0.188825	0.180253	0.169131	0.145257	0.15744	0.148231	0.161944	0.144144	0.172373	0.16101	0.158466	0.163006	0.163598	0.158365	0.163007	0.16106	0.159068	0.149065	0.135501	0.151437	0.16144	0.170543	0.200378	0.172164	0.201245	0.179895	0.172627	0.150871	0.164104	0.169918	0.175932	0.175927	0.176006	0.186659	0.162876	0.189813	0.173383	0.188171	0.170276	0.166678	0.173901	0.180429	0.192535	0.19687	0.20332	0.216927	0.191898	0.189524	0.181523	0.170534	0.175027	0.175275	0.160959	0.194102	0.195735	0.193775	0.184959	0.189831	0.201371	0.201731	0.226851	0.219496	0.216151	0.200068	0.225255	0.234773	0.222166	0.259873	0.223609	0.339128	0.381377	0.364155	0.345888	0.327698	0.325273	0.342882	0.337419	0.3226	0.337844	0.357412	0.362051	0.359772	0.355163	0.354764	0.30966	0.320466	0.318312	0.343197	0.336406	0.34084	0.304758	0.31225	0.314558	0.306789	0.315947	0.314717	0.3109	0.291219	0.284906	0.432183	0.434457	0.391664	0.403437	0.382362	0.36631	0.369913	0.292698	0.309215	0.356206	0.364812	0.302653	0.298064	0.338583	0.343997	0.327916	0.393734	0.371153	0.36303	0.366921	0.316475	0.309818	0.325063	0.328178	0.331955	0.366438	0.351429	0.367129	0.375705	0.366034	0.35345	0.392971	0.366144	0.381449	0.472705	0.455347	0.477696	0.460858	0.415678	0.418494	0.353302	0.354259	0.472035	0.495822	0.322145	0.334023	0.318996	0.319006	0.330414	0.330418	0.331645	0.326872	0.325668	0.317059	0.314131	0.346622	0.344636	0.440183	0.335169	0.340375	0.313035	0.37809	0.3797	0.385038	0.384943	0.314889	0.335494	0.338439	0.300201	0.307482	0.303951	0.304291	0.424645	0.47657	0.485231	0.471388	0.509312	0.485238	0.493882	0.496471	0.481558	0.477564	0.440233	0.442601	0.44368	0.45116	0.442969	0.431679	0.378868	0.372141	0.421155	0.423369	0.419943	0.418838	0.484854	0.486331	0.435117	0.443671	0.44394	0.338761	0.351196	0.341269	0.29435	0.349997	0.350828	0.328081	0.344518	0.342836	0.332937	0.389544	0.405728	0.357194	0.328746	0.35606	0.345617	0.351056	0.35606	0.345992	0.329897	0.346724	0.330561	0.28229	0.386842	0.375707	0.397187	0.301974	0.308842	0.324869	0.31681	0.314578	0.341716	0.346248	0.303799	0.273155	0.27033	0.278096	0.278135	0.278843	0.29174	0.302996	0.295533	0.320934	0.321523	0.314363	0.320463	0.315729	0.342832	0.380888	0.32103	0.337323	0.329388	0.360795
Molothrus_ater	0.303376	0.160989	0.165258	0.212732	0.185118	0.16802	0.19406	0.191822	0.152589	0.182911	0.195126	0.17424	0.190381	0.180762	0.186446	0.181723	0.166958	0.17132	0.187975	0.207852	0.180518	0.191602	0.185762	0.183451	0.201855	0.201045	0.195158	0.175011	0.17777	0.18864	0.18055	0.166869	0.20866	0.0197958	0	0.0164672	0.0987683	0.100093	0.0946289	0.0908083	0.103437	0.109399	0.0943717	0.0962176	0.0995397	0.101612	0.0989152	0.104228	0.100889	0.0980383	0.117854	0.126677	0.125228	0.127228	0.12579	0.136223	0.135165	0.139456	0.147736	0.181819	0.180116	0.158564	0.158319	0.134222	0.137683	0.142244	0.135059	0.176739	0.178393	0.149376	0.182221	0.166794	0.159757	0.159838	0.169278	0.166111	0.185945	0.198899	0.190326	0.179204	0.15533	0.167514	0.158304	0.172018	0.154218	0.182447	0.171083	0.168539	0.173079	0.173671	0.168438	0.17308	0.171133	0.169141	0.159138	0.145574	0.16151	0.171513	0.180616	0.210451	0.182238	0.211318	0.189969	0.1827	0.160944	0.174178	0.179991	0.186005	0.186	0.186079	0.196732	0.172949	0.199887	0.183456	0.198245	0.18035	0.176751	0.183974	0.190502	0.202608	0.206943	0.213393	0.227	0.201972	0.199597	0.191596	0.180607	0.1851	0.185348	0.171032	0.204175	0.205808	0.203848	0.195033	0.199905	0.211444	0.211804	0.236924	0.22957	0.226224	0.210141	0.235328	0.244846	0.232239	0.269947	0.233682	0.349201	0.391451	0.374229	0.355962	0.337771	0.335346	0.352955	0.347492	0.332673	0.347917	0.367485	0.372124	0.369845	0.365236	0.364838	0.319733	0.330539	0.328385	0.35327	0.346479	0.350913	0.314832	0.322324	0.324631	0.316863	0.326021	0.324791	0.320973	0.301292	0.294979	0.442257	0.44453	0.401737	0.41351	0.392435	0.376383	0.379987	0.302771	0.319288	0.366279	0.374885	0.312726	0.308137	0.348656	0.35407	0.337989	0.403807	0.381227	0.373104	0.376995	0.326548	0.319891	0.335137	0.338252	0.342028	0.376512	0.361502	0.377202	0.385778	0.376107	0.363524	0.403045	0.376217	0.391522	0.482778	0.46542	0.487769	0.470931	0.425752	0.428567	0.363375	0.364332	0.482108	0.505895	0.332218	0.344096	0.32907	0.329079	0.340488	0.340492	0.341718	0.336946	0.335741	0.327132	0.324204	0.356695	0.35471	0.450256	0.345242	0.350449	0.323109	0.388163	0.389773	0.395111	0.395017	0.324962	0.345568	0.348512	0.310274	0.317555	0.314025	0.314365	0.434719	0.486643	0.495304	0.481461	0.519385	0.495312	0.503956	0.506544	0.491632	0.487637	0.450307	0.452674	0.453753	0.461233	0.453042	0.441752	0.388941	0.382214	0.431228	0.433442	0.430016	0.428912	0.494928	0.496404	0.44519	0.453745	0.454014	0.348834	0.361269	0.351342	0.304424	0.36007	0.360902	0.338154	0.354591	0.35291	0.34301	0.399617	0.415801	0.367267	0.338819	0.366133	0.35569	0.361129	0.366133	0.356065	0.339971	0.356797	0.340634	0.292363	0.396915	0.385781	0.40726	0.312048	0.318916	0.334942	0.326884	0.324652	0.351789	0.356321	0.313872	0.283228	0.280403	0.288169	0.288209	0.288917	0.301813	0.313069	0.305606	0.331007	0.331596	0.324436	0.330537	0.325802	0.352905	0.390962	0.331103	0.347397	0.339461	0.370868
Quiscalus_mexicanus	0.296625	0.154237	0.158506	0.20598	0.178366	0.161268	0.187308	0.18507	0.145837	0.176159	0.188374	0.167488	0.183629	0.17401	0.179694	0.174972	0.160206	0.164568	0.181223	0.2011	0.173766	0.18485	0.17901	0.1767	0.195103	0.194293	0.188406	0.168259	0.171018	0.181888	0.173799	0.160117	0.201908	0.0130439	0.0164672	0	0.0920164	0.0933407	0.087877	0.0840564	0.0966848	0.102647	0.0876198	0.0894657	0.0927878	0.0948601	0.0921633	0.0974759	0.0941371	0.0912864	0.111102	0.119925	0.118476	0.120476	0.119038	0.129471	0.128413	0.132704	0.140984	0.175067	0.173364	0.151812	0.151567	0.12747	0.130931	0.135492	0.128307	0.169987	0.171641	0.142625	0.175469	0.160042	0.153005	0.153086	0.162526	0.159359	0.179193	0.192147	0.183574	0.172452	0.148578	0.160762	0.151552	0.165266	0.147466	0.175695	0.164331	0.161787	0.166328	0.166919	0.161686	0.166329	0.164381	0.162389	0.152386	0.138822	0.154758	0.164761	0.173864	0.203699	0.175486	0.204566	0.183217	0.175948	0.154193	0.167426	0.173239	0.179253	0.179248	0.179327	0.18998	0.166197	0.193135	0.176704	0.191493	0.173598	0.169999	0.177222	0.18375	0.195856	0.200191	0.206641	0.220248	0.19522	0.192846	0.184844	0.173856	0.178348	0.178596	0.164281	0.197423	0.199056	0.197096	0.188281	0.193153	0.204692	0.205052	0.230172	0.222818	0.219472	0.203389	0.228576	0.238095	0.225487	0.263195	0.22693	0.342449	0.384699	0.367477	0.34921	0.331019	0.328594	0.346203	0.34074	0.325921	0.341165	0.360733	0.365372	0.363093	0.358484	0.358086	0.312981	0.323787	0.321633	0.346518	0.339727	0.344161	0.30808	0.315572	0.317879	0.310111	0.319269	0.318039	0.314221	0.294541	0.288227	0.435505	0.437778	0.394985	0.406758	0.385683	0.369632	0.373235	0.296019	0.312536	0.359527	0.368133	0.305974	0.301385	0.341904	0.347318	0.331237	0.397055	0.374475	0.366352	0.370243	0.319796	0.313139	0.328385	0.3315	0.335276	0.36976	0.35475	0.370451	0.379027	0.369355	0.356772	0.396293	0.369466	0.38477	0.476026	0.458668	0.481018	0.464179	0.419	0.421815	0.356623	0.35758	0.475356	0.499144	0.325466	0.337344	0.322318	0.322328	0.333736	0.33374	0.334966	0.330194	0.328989	0.32038	0.317452	0.349943	0.347958	0.443505	0.33849	0.343697	0.316357	0.381411	0.383021	0.38836	0.388265	0.318211	0.338816	0.34176	0.303522	0.310804	0.307273	0.307613	0.427967	0.479891	0.488553	0.474709	0.512633	0.48856	0.497204	0.499792	0.48488	0.480885	0.443555	0.445922	0.447001	0.454481	0.44629	0.435	0.382189	0.375462	0.424477	0.42669	0.423264	0.42216	0.488176	0.489652	0.438438	0.446993	0.447262	0.342082	0.354518	0.34459	0.297672	0.353318	0.35415	0.331402	0.347839	0.346158	0.336258	0.392865	0.409049	0.360515	0.332067	0.359381	0.348938	0.354377	0.359381	0.349313	0.333219	0.350045	0.333882	0.285612	0.390163	0.379029	0.400508	0.305296	0.312164	0.32819	0.320132	0.3179	0.345037	0.349569	0.30712	0.276476	0.273651	0.281417	0.281457	0.282165	0.295061	0.306318	0.298854	0.324255	0.324845	0.317684	0.323785	0.31905	0.346153	0.38421	0.324351	0.340645	0.332709	0.364116
Junco_hyemalis	0.297694	0.155307	0.159576	0.20705	0.179436	0.162338	0.188378	0.18614	0.146907	0.177229	0.189443	0.168558	0.184699	0.17508	0.180764	0.176041	0.161276	0.165638	0.182293	0.202169	0.174836	0.18592	0.18008	0.177769	0.196172	0.195363	0.189476	0.169329	0.172087	0.182957	0.174868	0.161187	0.202978	0.088695	0.0987683	0.0920164	0	0.0390855	0.0655434	0.0851262	0.0977546	0.103717	0.0886896	0.0905355	0.0938576	0.0959299	0.0932331	0.0985457	0.0952069	0.0923562	0.112172	0.120995	0.119546	0.121546	0.120108	0.13054	0.129483	0.133774	0.142054	0.176137	0.174434	0.152882	0.152637	0.12854	0.132001	0.136562	0.129377	0.171057	0.17271	0.143694	0.176539	0.161111	0.154075	0.154156	0.163596	0.160429	0.180262	0.193216	0.184644	0.173522	0.149648	0.161832	0.152622	0.166336	0.148536	0.176765	0.165401	0.162857	0.167397	0.167989	0.162756	0.167398	0.165451	0.163459	0.153456	0.139892	0.155828	0.165831	0.174934	0.204769	0.176555	0.205636	0.184287	0.177018	0.155262	0.168495	0.174309	0.180323	0.180318	0.180397	0.19105	0.167267	0.194205	0.177774	0.192563	0.174668	0.171069	0.178292	0.18482	0.196926	0.201261	0.207711	0.221318	0.196289	0.193915	0.185914	0.174925	0.179418	0.179666	0.16535	0.198493	0.200126	0.198166	0.189351	0.194223	0.205762	0.206122	0.231242	0.223887	0.220542	0.204459	0.229646	0.239164	0.226557	0.264265	0.228	0.343519	0.385768	0.368546	0.350279	0.332089	0.329664	0.347273	0.34181	0.326991	0.342235	0.361803	0.366442	0.364163	0.359554	0.359155	0.314051	0.324857	0.322703	0.347588	0.340797	0.345231	0.309149	0.316642	0.318949	0.311181	0.320339	0.319109	0.315291	0.29561	0.289297	0.436575	0.438848	0.396055	0.407828	0.386753	0.370701	0.374305	0.297089	0.313606	0.360597	0.369203	0.307044	0.302455	0.342974	0.348388	0.332307	0.398125	0.375545	0.367422	0.371313	0.320866	0.314209	0.329454	0.332569	0.336346	0.37083	0.35582	0.37152	0.380096	0.370425	0.357842	0.397363	0.370535	0.38584	0.477096	0.459738	0.482087	0.465249	0.42007	0.422885	0.357693	0.35865	0.476426	0.500213	0.326536	0.338414	0.323388	0.323397	0.334805	0.33481	0.336036	0.331264	0.330059	0.32145	0.318522	0.351013	0.349028	0.444574	0.33956	0.344767	0.317427	0.382481	0.384091	0.389429	0.389335	0.31928	0.339886	0.34283	0.304592	0.311873	0.308343	0.308683	0.429036	0.480961	0.489622	0.475779	0.513703	0.489629	0.498274	0.500862	0.48595	0.481955	0.444625	0.446992	0.448071	0.455551	0.44736	0.43607	0.383259	0.376532	0.425546	0.42776	0.424334	0.42323	0.489246	0.490722	0.439508	0.448062	0.448331	0.343152	0.355587	0.34566	0.298741	0.354388	0.35522	0.332472	0.348909	0.347228	0.337328	0.393935	0.410119	0.361585	0.333137	0.360451	0.350008	0.355447	0.360451	0.350383	0.334288	0.351115	0.334952	0.286681	0.391233	0.380098	0.401578	0.306366	0.313234	0.32926	0.321202	0.31897	0.346107	0.350639	0.30819	0.277546	0.274721	0.282487	0.282526	0.283234	0.296131	0.307387	0.299924	0.325325	0.325914	0.318754	0.324855	0.32012	0.347223	0.385279	0.325421	0.341715	0.333779	0.365186
Zonotrichia_albicollis	0.299019	0.156631	0.1609	0.208374	0.18076	0.163662	0.189702	0.187464	0.148231	0.178553	0.190768	0.169882	0.186023	0.176404	0.182088	0.177366	0.1626	0.166962	0.183617	0.203494	0.17616	0.187244	0.181404	0.179094	0.197497	0.196687	0.1908	0.170653	0.173412	0.184282	0.176193	0.162511	0.204303	0.0900193	0.100093	0.0933407	0.0390855	0	0.0668676	0.0864504	0.0990788	0.105041	0.0900138	0.0918597	0.0951818	0.0972541	0.0945574	0.0998699	0.0965311	0.0936805	0.113496	0.122319	0.12087	0.12287	0.121432	0.131865	0.130807	0.135098	0.143378	0.177461	0.175758	0.154206	0.153961	0.129864	0.133325	0.137886	0.130701	0.172381	0.174035	0.145019	0.177863	0.162436	0.155399	0.15548	0.16492	0.161753	0.181587	0.194541	0.185968	0.174846	0.150972	0.163156	0.153946	0.16766	0.14986	0.178089	0.166725	0.164182	0.168722	0.169313	0.16408	0.168723	0.166775	0.164783	0.15478	0.141216	0.157152	0.167155	0.176258	0.206094	0.17788	0.20696	0.185611	0.178342	0.156587	0.16982	0.175633	0.181647	0.181642	0.181721	0.192374	0.168591	0.195529	0.179098	0.193887	0.175992	0.172393	0.179616	0.186144	0.19825	0.202585	0.209035	0.222642	0.197614	0.19524	0.187238	0.17625	0.180742	0.18099	0.166675	0.199817	0.20145	0.19949	0.190675	0.195547	0.207086	0.207446	0.232566	0.225212	0.221866	0.205783	0.23097	0.240489	0.227881	0.265589	0.229324	0.344844	0.387093	0.369871	0.351604	0.333413	0.330988	0.348597	0.343134	0.328315	0.343559	0.363127	0.367766	0.365487	0.360878	0.36048	0.315375	0.326181	0.324027	0.348912	0.342121	0.346556	0.310474	0.317966	0.320273	0.312505	0.321663	0.320433	0.316615	0.296935	0.290621	0.437899	0.440172	0.397379	0.409152	0.388077	0.372026	0.375629	0.298413	0.31493	0.361921	0.370527	0.308368	0.30378	0.344298	0.349712	0.333631	0.399449	0.376869	0.368746	0.372637	0.32219	0.315533	0.330779	0.333894	0.33767	0.372154	0.357144	0.372845	0.381421	0.371749	0.359166	0.398687	0.37186	0.387164	0.47842	0.461062	0.483412	0.466573	0.421394	0.424209	0.359017	0.359974	0.47775	0.501538	0.32786	0.339738	0.324712	0.324722	0.33613	0.336134	0.33736	0.332588	0.331383	0.322775	0.319846	0.352337	0.350352	0.445899	0.340884	0.346091	0.318751	0.383805	0.385415	0.390754	0.390659	0.320605	0.34121	0.344154	0.305916	0.313198	0.309667	0.310007	0.430361	0.482285	0.490947	0.477103	0.515027	0.490954	0.499598	0.502186	0.487274	0.483279	0.445949	0.448316	0.449395	0.456875	0.448684	0.437394	0.384583	0.377856	0.426871	0.429084	0.425658	0.424554	0.49057	0.492046	0.440832	0.449387	0.449656	0.344476	0.356912	0.346985	0.300066	0.355712	0.356544	0.333796	0.350233	0.348552	0.338652	0.395259	0.411443	0.362909	0.334461	0.361775	0.351332	0.356771	0.361775	0.351707	0.335613	0.352439	0.336276	0.288006	0.392557	0.381423	0.402903	0.30769	0.314558	0.330584	0.322526	0.320294	0.347431	0.351963	0.309514	0.27887	0.276045	0.283811	0.283851	0.284559	0.297455	0.308712	0.301248	0.326649	0.327239	0.320078	0.326179	0.321444	0.348547	0.386604	0.326745	0.343039	0.335103	0.36651
Spizella_passerina	0.293555	0.151167	0.155436	0.20291	0.175297	0.158198	0.184238	0.182	0.142767	0.173089	0.185304	0.164418	0.180559	0.170941	0.176625	0.171902	0.157137	0.161499	0.178154	0.19803	0.170697	0.181781	0.175941	0.17363	0.192033	0.191224	0.185336	0.16519	0.167948	0.178818	0.170729	0.157048	0.198839	0.0845556	0.0946289	0.087877	0.0655434	0.0668676	0	0.0809867	0.0936151	0.0995775	0.0845501	0.086396	0.0897181	0.0917904	0.0890936	0.0944062	0.0910674	0.0882168	0.108032	0.116855	0.115406	0.117406	0.115969	0.126401	0.125343	0.129634	0.137914	0.171997	0.170294	0.148742	0.148498	0.1244	0.127862	0.132423	0.125237	0.166917	0.168571	0.139555	0.1724	0.156972	0.149936	0.150017	0.159456	0.156289	0.176123	0.189077	0.180504	0.169382	0.145509	0.157692	0.148482	0.162196	0.144396	0.172625	0.161261	0.158718	0.163258	0.163849	0.158617	0.163259	0.161311	0.159319	0.149316	0.135752	0.151689	0.161691	0.170794	0.20063	0.172416	0.201496	0.180147	0.172879	0.151123	0.164356	0.17017	0.176184	0.176179	0.176257	0.186911	0.163127	0.190065	0.173635	0.188423	0.170528	0.166929	0.174153	0.180681	0.192786	0.197121	0.203571	0.217178	0.19215	0.189776	0.181775	0.170786	0.175279	0.175526	0.161211	0.194353	0.195987	0.194026	0.185211	0.190083	0.201622	0.201982	0.227102	0.219748	0.216402	0.20032	0.225507	0.235025	0.222418	0.260125	0.22386	0.33938	0.381629	0.364407	0.34614	0.32795	0.325524	0.343134	0.337671	0.322852	0.338095	0.357663	0.362302	0.360024	0.355415	0.355016	0.309911	0.320717	0.318564	0.343448	0.336658	0.341092	0.30501	0.312502	0.31481	0.307041	0.316199	0.314969	0.311151	0.291471	0.285158	0.432435	0.434709	0.391916	0.403688	0.382613	0.366562	0.370165	0.29295	0.309467	0.356458	0.365064	0.302905	0.298316	0.338835	0.344249	0.328167	0.393985	0.371405	0.363282	0.367173	0.316727	0.31007	0.325315	0.32843	0.332206	0.36669	0.35168	0.367381	0.375957	0.366286	0.353702	0.393223	0.366396	0.381701	0.472957	0.455598	0.477948	0.46111	0.41593	0.418745	0.353553	0.35451	0.472287	0.496074	0.322397	0.334275	0.319248	0.319258	0.330666	0.33067	0.331896	0.327124	0.32592	0.317311	0.314382	0.346874	0.344888	0.440435	0.335421	0.340627	0.313287	0.378341	0.379951	0.38529	0.385195	0.315141	0.335746	0.338691	0.300453	0.307734	0.304203	0.304543	0.424897	0.476822	0.485483	0.47164	0.509564	0.48549	0.494134	0.496723	0.48181	0.477816	0.440485	0.442852	0.443932	0.451411	0.44322	0.43193	0.37912	0.372392	0.421407	0.423621	0.420194	0.41909	0.485106	0.486583	0.435369	0.443923	0.444192	0.339013	0.351448	0.341521	0.294602	0.350248	0.35108	0.328333	0.344769	0.343088	0.333189	0.389795	0.40598	0.357446	0.328998	0.356311	0.345869	0.351308	0.356311	0.346244	0.330149	0.346976	0.330813	0.282542	0.387093	0.375959	0.397439	0.302226	0.309094	0.32512	0.317062	0.31483	0.341968	0.3465	0.304051	0.273407	0.270581	0.278347	0.278387	0.279095	0.291992	0.303248	0.295784	0.321186	0.321775	0.314615	0.320715	0.315981	0.343083	0.38114	0.321282	0.337575	0.32964	0.361046
Rhodinocichla_rosea	0.282797	0.140409	0.144678	0.192152	0.164539	0.14744	0.17348	0.171242	0.132009	0.162332	0.174546	0.15366	0.169801	0.160183	0.165867	0.161144	0.146379	0.150741	0.167396	0.187272	0.159939	0.171023	0.165183	0.162872	0.181275	0.180466	0.174578	0.154432	0.15719	0.16806	0.159971	0.14629	0.188081	0.080735	0.0908083	0.0840564	0.0851262	0.0864504	0.0809867	0	0.0772571	0.0832195	0.0737921	0.0756381	0.0789601	0.0810325	0.0783357	0.0836482	0.0803095	0.0774588	0.0972741	0.106097	0.104649	0.106648	0.105211	0.115643	0.114585	0.118876	0.127156	0.161239	0.159536	0.137984	0.13774	0.113642	0.117104	0.121665	0.114479	0.156159	0.157813	0.128797	0.161642	0.146214	0.139178	0.139259	0.148698	0.145531	0.165365	0.178319	0.169746	0.158624	0.134751	0.146934	0.137724	0.151438	0.133638	0.161867	0.150503	0.14796	0.1525	0.153091	0.147859	0.152501	0.150553	0.148561	0.138558	0.124995	0.140931	0.150933	0.160036	0.189872	0.161658	0.190738	0.169389	0.162121	0.140365	0.153598	0.159412	0.165426	0.165421	0.165499	0.176153	0.152369	0.179307	0.162877	0.177665	0.15977	0.156171	0.163395	0.169923	0.182028	0.186363	0.192813	0.20642	0.181392	0.179018	0.171017	0.160028	0.164521	0.164768	0.150453	0.183595	0.185229	0.183268	0.174453	0.179325	0.190864	0.191224	0.216344	0.20899	0.205644	0.189562	0.214749	0.224267	0.21166	0.249367	0.213102	0.328622	0.370871	0.353649	0.335382	0.317192	0.314766	0.332376	0.326913	0.312094	0.327337	0.346906	0.351544	0.349266	0.344657	0.344258	0.299153	0.309959	0.307806	0.33269	0.3259	0.330334	0.294252	0.301744	0.304052	0.296283	0.305441	0.304211	0.300393	0.280713	0.2744	0.421677	0.423951	0.381158	0.392931	0.371855	0.355804	0.359407	0.282192	0.298709	0.3457	0.354306	0.292147	0.287558	0.328077	0.333491	0.317409	0.383227	0.360647	0.352524	0.356415	0.305969	0.299312	0.314557	0.317672	0.321448	0.355932	0.340922	0.356623	0.365199	0.355528	0.342944	0.382465	0.355638	0.370943	0.462199	0.44484	0.46719	0.450352	0.405172	0.407987	0.342795	0.343752	0.461529	0.485316	0.311639	0.323517	0.30849	0.3085	0.319908	0.319912	0.321138	0.316366	0.315162	0.306553	0.303624	0.336116	0.33413	0.429677	0.324663	0.329869	0.302529	0.367583	0.369193	0.374532	0.374437	0.304383	0.324988	0.327933	0.289695	0.296976	0.293445	0.293785	0.414139	0.466064	0.474725	0.460882	0.498806	0.474732	0.483376	0.485965	0.471052	0.467058	0.429727	0.432094	0.433174	0.440653	0.432462	0.421172	0.368362	0.361634	0.410649	0.412863	0.409436	0.408332	0.474348	0.475825	0.424611	0.433165	0.433434	0.328255	0.34069	0.330763	0.283844	0.33949	0.340322	0.317575	0.334011	0.33233	0.322431	0.379037	0.395222	0.346688	0.31824	0.345553	0.335111	0.34055	0.345553	0.335486	0.319391	0.336218	0.320055	0.271784	0.376335	0.365201	0.386681	0.291468	0.298336	0.314362	0.306304	0.304072	0.33121	0.335742	0.293293	0.262649	0.259823	0.267589	0.267629	0.268337	0.281234	0.29249	0.285027	0.310428	0.311017	0.303857	0.309957	0.305223	0.332325	0.370382	0.310524	0.326817	0.318882	0.350288
Setophaga_coronata	0.295425	0.153038	0.157307	0.204781	0.177167	0.160069	0.186109	0.183871	0.144638	0.17496	0.187174	0.166289	0.18243	0.172811	0.178495	0.173772	0.159007	0.163369	0.180024	0.1999	0.172567	0.183651	0.177811	0.1755	0.193903	0.193094	0.187207	0.16706	0.169818	0.180688	0.172599	0.158918	0.200709	0.0933634	0.103437	0.0966848	0.0977546	0.0990788	0.0936151	0.0772571	0	0.0223956	0.0864205	0.0882664	0.0915885	0.0936608	0.0909641	0.0962766	0.0929378	0.0900872	0.109903	0.118726	0.117277	0.119277	0.117839	0.128271	0.127214	0.131505	0.139785	0.173868	0.172165	0.150612	0.150368	0.126271	0.129732	0.134293	0.127108	0.168788	0.170441	0.141425	0.17427	0.158842	0.151806	0.151887	0.161327	0.158159	0.177993	0.190947	0.182375	0.171253	0.147379	0.159563	0.150353	0.164067	0.146266	0.174495	0.163132	0.160588	0.165128	0.16572	0.160487	0.165129	0.163182	0.16119	0.151187	0.137623	0.153559	0.163562	0.172665	0.2025	0.174286	0.203367	0.182018	0.174749	0.152993	0.166226	0.17204	0.178054	0.178049	0.178128	0.188781	0.164998	0.191936	0.175505	0.190294	0.172399	0.1688	0.176023	0.182551	0.194657	0.198992	0.205442	0.219049	0.19402	0.191646	0.183645	0.172656	0.177149	0.177397	0.163081	0.196224	0.197857	0.195897	0.187081	0.191954	0.203493	0.203853	0.228973	0.221618	0.218273	0.20219	0.227377	0.236895	0.224288	0.261996	0.225731	0.34125	0.383499	0.366277	0.34801	0.32982	0.327395	0.345004	0.339541	0.324722	0.339966	0.359534	0.364173	0.361894	0.357285	0.356886	0.311782	0.322588	0.320434	0.345319	0.338528	0.342962	0.30688	0.314373	0.31668	0.308912	0.31807	0.31684	0.313022	0.293341	0.287028	0.434306	0.436579	0.393786	0.405559	0.384484	0.368432	0.372036	0.29482	0.311337	0.358328	0.366934	0.304775	0.300186	0.340705	0.346119	0.330038	0.395856	0.373276	0.365153	0.369044	0.318597	0.31194	0.327185	0.3303	0.334077	0.368561	0.353551	0.369251	0.377827	0.368156	0.355573	0.395094	0.368266	0.383571	0.474827	0.457469	0.479818	0.46298	0.417801	0.420616	0.355424	0.356381	0.474157	0.497944	0.324267	0.336145	0.321119	0.321128	0.332536	0.332541	0.333767	0.328995	0.32779	0.319181	0.316253	0.348744	0.346759	0.442305	0.337291	0.342498	0.315158	0.380212	0.381822	0.38716	0.387066	0.317011	0.337617	0.340561	0.302323	0.309604	0.306074	0.306414	0.426767	0.478692	0.487353	0.47351	0.511434	0.48736	0.496005	0.498593	0.48368	0.479686	0.442355	0.444723	0.445802	0.453282	0.445091	0.433801	0.38099	0.374263	0.423277	0.425491	0.422065	0.420961	0.486977	0.488453	0.437239	0.445793	0.446062	0.340883	0.353318	0.343391	0.296472	0.352119	0.35295	0.330203	0.34664	0.344958	0.335059	0.391666	0.40785	0.359316	0.330868	0.358182	0.347739	0.353178	0.358182	0.348114	0.332019	0.348846	0.332683	0.284412	0.388964	0.377829	0.399309	0.304097	0.310965	0.326991	0.318932	0.316701	0.343838	0.34837	0.305921	0.275277	0.272452	0.280218	0.280257	0.280965	0.293862	0.305118	0.297655	0.323056	0.323645	0.316485	0.322586	0.317851	0.344954	0.38301	0.323152	0.339446	0.33151	0.362917
Setophaga_kirtlandii	0.301388	0.159	0.163269	0.210743	0.183129	0.166031	0.192071	0.189833	0.1506	0.180922	0.193137	0.172251	0.188392	0.178773	0.184457	0.179735	0.16497	0.169331	0.185986	0.205863	0.178529	0.189613	0.183773	0.181463	0.199866	0.199056	0.193169	0.173022	0.175781	0.186651	0.178562	0.16488	0.206672	0.0993258	0.109399	0.102647	0.103717	0.105041	0.0995775	0.0832195	0.0223956	0	0.0923829	0.0942288	0.0975509	0.0996232	0.0969264	0.102239	0.0989002	0.0960496	0.115865	0.124688	0.123239	0.125239	0.123802	0.134234	0.133176	0.137467	0.145747	0.17983	0.178127	0.156575	0.15633	0.132233	0.135694	0.140255	0.13307	0.17475	0.176404	0.147388	0.180232	0.164805	0.157768	0.15785	0.167289	0.164122	0.183956	0.19691	0.188337	0.177215	0.153341	0.165525	0.156315	0.170029	0.152229	0.180458	0.169094	0.166551	0.171091	0.171682	0.166449	0.171092	0.169144	0.167152	0.157149	0.143585	0.159521	0.169524	0.178627	0.208463	0.180249	0.209329	0.18798	0.180712	0.158956	0.172189	0.178002	0.184016	0.184011	0.18409	0.194743	0.17096	0.197898	0.181467	0.196256	0.178361	0.174762	0.181985	0.188514	0.200619	0.204954	0.211404	0.225011	0.199983	0.197609	0.189607	0.178619	0.183112	0.183359	0.169044	0.202186	0.203819	0.201859	0.193044	0.197916	0.209455	0.209815	0.234935	0.227581	0.224235	0.208152	0.23334	0.242858	0.230251	0.267958	0.231693	0.347213	0.389462	0.37224	0.353973	0.335782	0.333357	0.350966	0.345503	0.330685	0.345928	0.365496	0.370135	0.367856	0.363247	0.362849	0.317744	0.32855	0.326396	0.351281	0.344491	0.348925	0.312843	0.320335	0.322642	0.314874	0.324032	0.322802	0.318984	0.299304	0.29299	0.440268	0.442542	0.399748	0.411521	0.390446	0.374395	0.377998	0.300782	0.317299	0.36429	0.372896	0.310738	0.306149	0.346667	0.352081	0.336	0.401818	0.379238	0.371115	0.375006	0.324559	0.317902	0.333148	0.336263	0.340039	0.374523	0.359513	0.375214	0.38379	0.374118	0.361535	0.401056	0.374229	0.389533	0.480789	0.463431	0.485781	0.468943	0.423763	0.426578	0.361386	0.362343	0.480119	0.503907	0.33023	0.342107	0.327081	0.327091	0.338499	0.338503	0.339729	0.334957	0.333752	0.325144	0.322215	0.354706	0.352721	0.448268	0.343253	0.34846	0.32112	0.386174	0.387784	0.393123	0.393028	0.322974	0.343579	0.346524	0.308285	0.315567	0.312036	0.312376	0.43273	0.484655	0.493316	0.479473	0.517396	0.493323	0.501967	0.504556	0.489643	0.485648	0.448318	0.450685	0.451764	0.459244	0.451053	0.439763	0.386952	0.380225	0.42924	0.431453	0.428027	0.426923	0.492939	0.494416	0.443201	0.451756	0.452025	0.346845	0.359281	0.349354	0.302435	0.358081	0.358913	0.336165	0.352602	0.350921	0.341021	0.397628	0.413812	0.365279	0.33683	0.364144	0.353702	0.359141	0.364144	0.354076	0.337982	0.354808	0.338645	0.290375	0.394926	0.383792	0.405272	0.310059	0.316927	0.332953	0.324895	0.322663	0.3498	0.354333	0.311883	0.281239	0.278414	0.28618	0.28622	0.286928	0.299825	0.311081	0.303617	0.329018	0.329608	0.322447	0.328548	0.323814	0.350916	0.388973	0.329114	0.345408	0.337472	0.368879
Melospiza_melodia	0.276245	0.133857	0.138126	0.1856	0.157986	0.140888	0.166928	0.16469	0.125457	0.155779	0.167994	0.147108	0.163249	0.15363	0.159314	0.154592	0.139827	0.144189	0.160844	0.18072	0.153386	0.164471	0.15863	0.15632	0.174723	0.173913	0.168026	0.147879	0.150638	0.161508	0.153419	0.139737	0.181529	0.0842984	0.0943717	0.0876198	0.0886896	0.0900138	0.0845501	0.0737921	0.0864205	0.0923829	0	0.0690859	0.072408	0.0744803	0.0717835	0.0770961	0.0737573	0.0709066	0.090722	0.0995451	0.0980964	0.100096	0.0986586	0.109091	0.108033	0.112324	0.120604	0.154687	0.152984	0.131432	0.131188	0.10709	0.110552	0.115113	0.107927	0.149607	0.151261	0.122245	0.155089	0.139662	0.132626	0.132707	0.142146	0.138979	0.158813	0.171767	0.163194	0.152072	0.128199	0.140382	0.131172	0.144886	0.127086	0.155315	0.143951	0.141408	0.145948	0.146539	0.141306	0.145949	0.144001	0.142009	0.132006	0.118442	0.134378	0.144381	0.153484	0.18332	0.155106	0.184186	0.162837	0.155569	0.133813	0.147046	0.152859	0.158873	0.158869	0.158947	0.1696	0.145817	0.172755	0.156324	0.171113	0.153218	0.149619	0.156842	0.163371	0.175476	0.179811	0.186261	0.199868	0.17484	0.172466	0.164465	0.153476	0.157969	0.158216	0.143901	0.177043	0.178676	0.176716	0.167901	0.172773	0.184312	0.184672	0.209792	0.202438	0.199092	0.18301	0.208197	0.217715	0.205108	0.242815	0.20655	0.32207	0.364319	0.347097	0.32883	0.310639	0.308214	0.325824	0.32036	0.305542	0.320785	0.340353	0.344992	0.342714	0.338105	0.337706	0.292601	0.303407	0.301254	0.326138	0.319348	0.323782	0.2877	0.295192	0.2975	0.289731	0.298889	0.297659	0.293841	0.274161	0.267847	0.415125	0.417399	0.374605	0.386378	0.365303	0.349252	0.352855	0.275639	0.292157	0.339147	0.347753	0.285595	0.281006	0.321524	0.326938	0.310857	0.376675	0.354095	0.345972	0.349863	0.299416	0.292759	0.308005	0.31112	0.314896	0.34938	0.33437	0.350071	0.358647	0.348976	0.336392	0.375913	0.349086	0.36439	0.455646	0.438288	0.460638	0.4438	0.39862	0.401435	0.336243	0.3372	0.454976	0.478764	0.305087	0.316964	0.301938	0.301948	0.313356	0.31336	0.314586	0.309814	0.308609	0.300001	0.297072	0.329564	0.327578	0.423125	0.318111	0.323317	0.295977	0.361031	0.362641	0.36798	0.367885	0.297831	0.318436	0.321381	0.283143	0.290424	0.286893	0.287233	0.407587	0.459512	0.468173	0.45433	0.492253	0.46818	0.476824	0.479413	0.4645	0.460506	0.423175	0.425542	0.426621	0.434101	0.42591	0.41462	0.361809	0.355082	0.404097	0.40631	0.402884	0.40178	0.467796	0.469273	0.418058	0.426613	0.426882	0.321702	0.334138	0.324211	0.277292	0.332938	0.33377	0.311022	0.327459	0.325778	0.315879	0.372485	0.38867	0.340136	0.311688	0.339001	0.328559	0.333998	0.339001	0.328933	0.312839	0.329665	0.313502	0.265232	0.369783	0.358649	0.380129	0.284916	0.291784	0.30781	0.299752	0.29752	0.324657	0.32919	0.28674	0.256096	0.253271	0.261037	0.261077	0.261785	0.274682	0.285938	0.278474	0.303876	0.304465	0.297304	0.303405	0.298671	0.325773	0.36383	0.303972	0.320265	0.31233	0.343736
Geospiza_fortis	0.269142	0.126754	0.131023	0.178497	0.150884	0.133785	0.159826	0.157587	0.118354	0.148677	0.160891	0.140005	0.156146	0.146528	0.152212	0.147489	0.132724	0.137086	0.153741	0.173617	0.146284	0.157368	0.151528	0.149217	0.16762	0.166811	0.160924	0.140777	0.143535	0.154405	0.146316	0.132635	0.174426	0.0861443	0.0962176	0.0894657	0.0905355	0.0918597	0.086396	0.0756381	0.0882664	0.0942288	0.0690859	0	0.0445837	0.0638381	0.0646808	0.0699933	0.0666546	0.0638039	0.0836192	0.0924424	0.0909936	0.0929935	0.0915559	0.101988	0.10093	0.105221	0.113501	0.147585	0.145882	0.124329	0.124085	0.0999875	0.103449	0.10801	0.100825	0.142504	0.144158	0.115142	0.147987	0.132559	0.125523	0.125604	0.135043	0.131876	0.15171	0.164664	0.156092	0.144969	0.121096	0.133279	0.12407	0.137783	0.119983	0.148212	0.136849	0.134305	0.138845	0.139436	0.134204	0.138846	0.136898	0.134906	0.124903	0.11134	0.127276	0.137279	0.146382	0.176217	0.148003	0.177083	0.155734	0.148466	0.12671	0.139943	0.145757	0.151771	0.151766	0.151844	0.162498	0.138714	0.165652	0.149222	0.16401	0.146115	0.142516	0.14974	0.156268	0.168374	0.172709	0.179158	0.192766	0.167737	0.165363	0.157362	0.146373	0.150866	0.151114	0.136798	0.169941	0.171574	0.169613	0.160798	0.16567	0.177209	0.177569	0.202689	0.195335	0.191989	0.175907	0.201094	0.210612	0.198005	0.235712	0.199447	0.314967	0.357216	0.339994	0.321727	0.303537	0.301111	0.318721	0.313258	0.298439	0.313682	0.333251	0.337889	0.335611	0.331002	0.330603	0.285499	0.296305	0.294151	0.319035	0.312245	0.316679	0.280597	0.288089	0.290397	0.282628	0.291786	0.290556	0.286739	0.267058	0.260745	0.408022	0.410296	0.367503	0.379276	0.3582	0.342149	0.345752	0.268537	0.285054	0.332045	0.340651	0.278492	0.273903	0.314422	0.319836	0.303755	0.369572	0.346992	0.338869	0.34276	0.292314	0.285657	0.300902	0.304017	0.307794	0.342277	0.327267	0.342968	0.351544	0.341873	0.329289	0.36881	0.341983	0.357288	0.448544	0.431186	0.453535	0.436697	0.391517	0.394332	0.32914	0.330098	0.447874	0.471661	0.297984	0.309862	0.294835	0.294845	0.306253	0.306257	0.307483	0.302711	0.301507	0.292898	0.28997	0.322461	0.320475	0.416022	0.311008	0.316214	0.288874	0.353929	0.355538	0.360877	0.360782	0.290728	0.311333	0.314278	0.27604	0.283321	0.27979	0.28013	0.400484	0.452409	0.46107	0.447227	0.485151	0.461077	0.469721	0.47231	0.457397	0.453403	0.416072	0.418439	0.419519	0.426998	0.418807	0.407517	0.354707	0.34798	0.396994	0.399208	0.395781	0.394677	0.460693	0.46217	0.410956	0.41951	0.419779	0.3146	0.327035	0.317108	0.270189	0.325835	0.326667	0.30392	0.320356	0.318675	0.308776	0.365383	0.381567	0.333033	0.304585	0.331899	0.321456	0.326895	0.331899	0.321831	0.305736	0.322563	0.3064	0.258129	0.36268	0.351546	0.373026	0.277813	0.284681	0.300708	0.292649	0.290417	0.317555	0.322087	0.279638	0.248994	0.246169	0.253934	0.253974	0.254682	0.267579	0.278835	0.271372	0.296773	0.297362	0.290202	0.296302	0.291568	0.31867	0.356727	0.296869	0.313162	0.305227	0.336633
Sporophila_hypoxantha	0.272464	0.130076	0.134345	0.18182	0.154206	0.137108	0.163148	0.160909	0.121676	0.151999	0.164213	0.143327	0.159469	0.14985	0.155534	0.150811	0.136046	0.140408	0.157063	0.176939	0.149606	0.16069	0.15485	0.152539	0.170942	0.170133	0.164246	0.144099	0.146857	0.157727	0.149638	0.135957	0.177748	0.0894664	0.0995397	0.0927878	0.0938576	0.0951818	0.0897181	0.0789601	0.0915885	0.0975509	0.072408	0.0445837	0	0.0671602	0.0680029	0.0733154	0.0699766	0.067126	0.0869413	0.0957645	0.0943157	0.0963156	0.094878	0.10531	0.104252	0.108543	0.116823	0.150907	0.149204	0.127651	0.127407	0.10331	0.106771	0.111332	0.104147	0.145827	0.14748	0.118464	0.151309	0.135881	0.128845	0.128926	0.138365	0.135198	0.155032	0.167986	0.159414	0.148291	0.124418	0.136601	0.127392	0.141105	0.123305	0.151534	0.140171	0.137627	0.142167	0.142758	0.137526	0.142168	0.14022	0.138228	0.128226	0.114662	0.130598	0.140601	0.149704	0.179539	0.151325	0.180405	0.159056	0.151788	0.130032	0.143265	0.149079	0.155093	0.155088	0.155166	0.16582	0.142037	0.168974	0.152544	0.167332	0.149437	0.145839	0.153062	0.15959	0.171696	0.176031	0.182481	0.196088	0.171059	0.168685	0.160684	0.149695	0.154188	0.154436	0.14012	0.173263	0.174896	0.172936	0.16412	0.168992	0.180531	0.180891	0.206012	0.198657	0.195312	0.179229	0.204416	0.213934	0.201327	0.239034	0.20277	0.318289	0.360538	0.343316	0.325049	0.306859	0.304433	0.322043	0.31658	0.301761	0.317004	0.336573	0.341212	0.338933	0.334324	0.333925	0.288821	0.299627	0.297473	0.322357	0.315567	0.320001	0.283919	0.291411	0.293719	0.28595	0.295108	0.293878	0.290061	0.27038	0.264067	0.411344	0.413618	0.370825	0.382598	0.361522	0.345471	0.349074	0.271859	0.288376	0.335367	0.343973	0.281814	0.277225	0.317744	0.323158	0.307077	0.372894	0.350314	0.342191	0.346082	0.295636	0.288979	0.304224	0.307339	0.311116	0.345599	0.330589	0.34629	0.354866	0.345195	0.332611	0.372132	0.345305	0.36061	0.451866	0.434508	0.456857	0.440019	0.394839	0.397654	0.332463	0.33342	0.451196	0.474983	0.301306	0.313184	0.298157	0.298167	0.309575	0.309579	0.310806	0.306033	0.304829	0.29622	0.293292	0.325783	0.323797	0.419344	0.31433	0.319536	0.292196	0.357251	0.358861	0.364199	0.364104	0.29405	0.314655	0.3176	0.279362	0.286643	0.283112	0.283452	0.403806	0.455731	0.464392	0.450549	0.488473	0.464399	0.473043	0.475632	0.460719	0.456725	0.419394	0.421761	0.422841	0.430321	0.42213	0.410839	0.358029	0.351302	0.400316	0.40253	0.399103	0.397999	0.464015	0.465492	0.414278	0.422832	0.423101	0.317922	0.330357	0.32043	0.273511	0.329158	0.329989	0.307242	0.323679	0.321997	0.312098	0.368705	0.384889	0.336355	0.307907	0.335221	0.324778	0.330217	0.335221	0.325153	0.309058	0.325885	0.309722	0.261451	0.366003	0.354868	0.376348	0.281135	0.288003	0.30403	0.295971	0.293739	0.320877	0.325409	0.28296	0.252316	0.249491	0.257256	0.257296	0.258004	0.270901	0.282157	0.274694	0.300095	0.300684	0.293524	0.299624	0.29489	0.321993	0.360049	0.300191	0.316484	0.308549	0.339956
Nesospiza_acunhae	0.274536	0.132149	0.136418	0.183892	0.156278	0.13918	0.16522	0.162982	0.123749	0.154071	0.166286	0.1454	0.161541	0.151922	0.157606	0.152883	0.138118	0.14248	0.159135	0.179011	0.151678	0.162762	0.156922	0.154611	0.173014	0.172205	0.166318	0.146171	0.148929	0.159799	0.15171	0.138029	0.17982	0.0915387	0.101612	0.0948601	0.0959299	0.0972541	0.0917904	0.0810325	0.0936608	0.0996232	0.0744803	0.0638381	0.0671602	0	0.0700752	0.0753877	0.072049	0.0691983	0.0890136	0.0978368	0.096388	0.0983879	0.0969503	0.107383	0.106325	0.110616	0.118896	0.152979	0.151276	0.129724	0.129479	0.105382	0.108843	0.113404	0.106219	0.147899	0.149552	0.120536	0.153381	0.137954	0.130917	0.130998	0.140438	0.137271	0.157105	0.170059	0.161486	0.150364	0.12649	0.138674	0.129464	0.143178	0.125378	0.153607	0.142243	0.139699	0.144239	0.144831	0.139598	0.14424	0.142293	0.140301	0.130298	0.116734	0.13267	0.142673	0.151776	0.181611	0.153398	0.182478	0.161129	0.15386	0.132104	0.145338	0.151151	0.157165	0.15716	0.157239	0.167892	0.144109	0.171047	0.154616	0.169405	0.15151	0.147911	0.155134	0.161662	0.173768	0.178103	0.184553	0.19816	0.173131	0.170757	0.162756	0.151767	0.15626	0.156508	0.142192	0.175335	0.176968	0.175008	0.166193	0.171065	0.182604	0.182964	0.208084	0.20073	0.197384	0.181301	0.206488	0.216006	0.203399	0.241107	0.204842	0.320361	0.362611	0.345389	0.327121	0.308931	0.306506	0.324115	0.318652	0.303833	0.319077	0.338645	0.343284	0.341005	0.336396	0.335997	0.290893	0.301699	0.299545	0.32443	0.317639	0.322073	0.285992	0.293484	0.295791	0.288023	0.297181	0.295951	0.292133	0.272452	0.266139	0.413417	0.41569	0.372897	0.38467	0.363595	0.347543	0.351147	0.273931	0.290448	0.337439	0.346045	0.283886	0.279297	0.319816	0.32523	0.309149	0.374967	0.352387	0.344264	0.348155	0.297708	0.291051	0.306297	0.309411	0.313188	0.347672	0.332662	0.348362	0.356938	0.347267	0.334684	0.374205	0.347377	0.362682	0.453938	0.43658	0.458929	0.442091	0.396912	0.399727	0.334535	0.335492	0.453268	0.477055	0.303378	0.315256	0.30023	0.300239	0.311648	0.311652	0.312878	0.308106	0.306901	0.298292	0.295364	0.327855	0.32587	0.421416	0.316402	0.321609	0.294269	0.359323	0.360933	0.366271	0.366177	0.296122	0.316728	0.319672	0.281434	0.288715	0.285185	0.285525	0.405879	0.457803	0.466464	0.452621	0.490545	0.466472	0.475116	0.477704	0.462792	0.458797	0.421467	0.423834	0.424913	0.432393	0.424202	0.412912	0.360101	0.353374	0.402388	0.404602	0.401176	0.400072	0.466088	0.467564	0.41635	0.424904	0.425173	0.319994	0.332429	0.322502	0.275583	0.33123	0.332062	0.309314	0.325751	0.32407	0.31417	0.370777	0.386961	0.338427	0.309979	0.337293	0.32685	0.332289	0.337293	0.327225	0.311131	0.327957	0.311794	0.263523	0.368075	0.356941	0.37842	0.283208	0.290076	0.306102	0.298044	0.295812	0.322949	0.327481	0.285032	0.254388	0.251563	0.259329	0.259368	0.260076	0.272973	0.284229	0.276766	0.302167	0.302756	0.295596	0.301697	0.296962	0.324065	0.362122	0.302263	0.318557	0.310621	0.342028
Calcarius_ornatus	0.258999	0.116611	0.12088	0.168355	0.140741	0.123643	0.149683	0.147445	0.108211	0.138534	0.150748	0.129862	0.146004	0.136385	0.142069	0.137346	0.122581	0.126943	0.143598	0.163474	0.136141	0.147225	0.141385	0.139074	0.157477	0.156668	0.150781	0.130634	0.133392	0.144262	0.136173	0.122492	0.164283	0.0888419	0.0989152	0.0921633	0.0932331	0.0945574	0.0890936	0.0783357	0.0909641	0.0969264	0.0717835	0.0646808	0.0680029	0.0700752	0	0.056782	0.0534432	0.0505925	0.0734763	0.0822995	0.0808507	0.0828506	0.081413	0.0918453	0.0907873	0.0950785	0.103358	0.137442	0.135739	0.114186	0.113942	0.0898446	0.0933059	0.0978669	0.0906816	0.132362	0.134015	0.104999	0.137844	0.122416	0.11538	0.115461	0.1249	0.121733	0.141567	0.154521	0.145949	0.134826	0.110953	0.123136	0.113927	0.12764	0.10984	0.138069	0.126706	0.124162	0.128702	0.129293	0.124061	0.128703	0.126755	0.124763	0.114761	0.101197	0.117133	0.127136	0.136239	0.166074	0.13786	0.166941	0.145591	0.138323	0.116567	0.1298	0.135614	0.141628	0.141623	0.141701	0.152355	0.128572	0.155509	0.139079	0.153867	0.135972	0.132374	0.139597	0.146125	0.158231	0.162566	0.169016	0.182623	0.157594	0.15522	0.147219	0.13623	0.140723	0.140971	0.126655	0.159798	0.161431	0.159471	0.150655	0.155527	0.167067	0.167426	0.192547	0.185192	0.181847	0.165764	0.190951	0.200469	0.187862	0.225569	0.189305	0.304824	0.347073	0.329851	0.311584	0.293394	0.290968	0.308578	0.303115	0.288296	0.303539	0.323108	0.327747	0.325468	0.320859	0.32046	0.275356	0.286162	0.284008	0.308893	0.302102	0.306536	0.270454	0.277946	0.280254	0.272485	0.281643	0.280413	0.276596	0.256915	0.250602	0.397879	0.400153	0.35736	0.369133	0.348057	0.332006	0.335609	0.258394	0.274911	0.321902	0.330508	0.268349	0.26376	0.304279	0.309693	0.293612	0.35943	0.336849	0.328726	0.332617	0.282171	0.275514	0.290759	0.293874	0.297651	0.332134	0.317124	0.332825	0.341401	0.33173	0.319146	0.358667	0.33184	0.347145	0.438401	0.421043	0.443392	0.426554	0.381374	0.384189	0.318998	0.319955	0.437731	0.461518	0.287841	0.299719	0.284692	0.284702	0.29611	0.296114	0.297341	0.292568	0.291364	0.282755	0.279827	0.312318	0.310332	0.405879	0.300865	0.306071	0.278731	0.343786	0.345396	0.350734	0.350639	0.280585	0.30119	0.304135	0.265897	0.273178	0.269647	0.269987	0.390341	0.442266	0.450927	0.437084	0.475008	0.450934	0.459578	0.462167	0.447254	0.44326	0.405929	0.408296	0.409376	0.416856	0.408665	0.397375	0.344564	0.337837	0.386851	0.389065	0.385638	0.384534	0.45055	0.452027	0.400813	0.409367	0.409636	0.304457	0.316892	0.306965	0.260046	0.315693	0.316524	0.293777	0.310214	0.308532	0.298633	0.35524	0.371424	0.32289	0.294442	0.321756	0.311313	0.316752	0.321756	0.311688	0.295593	0.31242	0.296257	0.247986	0.352538	0.341403	0.362883	0.26767	0.274538	0.290565	0.282506	0.280274	0.307412	0.311944	0.269495	0.238851	0.236026	0.243791	0.243831	0.244539	0.257436	0.268692	0.261229	0.28663	0.287219	0.280059	0.286159	0.281425	0.308528	0.346584	0.286726	0.303019	0.295084	0.326491
Cardinalis_cardinalis	0.264312	0.121924	0.126193	0.173667	0.146053	0.128955	0.154995	0.152757	0.113524	0.143846	0.156061	0.135175	0.151316	0.141697	0.147381	0.142659	0.127894	0.132255	0.14891	0.168787	0.141453	0.152537	0.146697	0.144387	0.16279	0.16198	0.156093	0.135946	0.138705	0.149575	0.141486	0.127804	0.169596	0.0941545	0.104228	0.0974759	0.0985457	0.0998699	0.0944062	0.0836482	0.0962766	0.102239	0.0770961	0.0699933	0.0733154	0.0753877	0.056782	0	0.041981	0.0391304	0.0787889	0.0876121	0.0861633	0.0881632	0.0867256	0.0971578	0.0960999	0.100391	0.108671	0.142754	0.141051	0.119499	0.119254	0.0951572	0.0986185	0.103179	0.0959942	0.137674	0.139328	0.110312	0.143156	0.127729	0.120692	0.120774	0.130213	0.127046	0.14688	0.159834	0.151261	0.140139	0.116265	0.128449	0.119239	0.132953	0.115153	0.143382	0.132018	0.129475	0.134015	0.134606	0.129373	0.134016	0.132068	0.130076	0.120073	0.106509	0.122445	0.132448	0.141551	0.171387	0.143173	0.172253	0.150904	0.143636	0.12188	0.135113	0.140926	0.14694	0.146935	0.147014	0.157667	0.133884	0.160822	0.144391	0.15918	0.141285	0.137686	0.144909	0.151438	0.163543	0.167878	0.174328	0.187935	0.162907	0.160533	0.152531	0.141543	0.146036	0.146283	0.131968	0.16511	0.166743	0.164783	0.155968	0.16084	0.172379	0.172739	0.197859	0.190505	0.187159	0.171076	0.196264	0.205782	0.193175	0.230882	0.194617	0.310137	0.352386	0.335164	0.316897	0.298706	0.296281	0.31389	0.308427	0.293609	0.308852	0.32842	0.333059	0.33078	0.326171	0.325773	0.280668	0.291474	0.28932	0.314205	0.307415	0.311849	0.275767	0.283259	0.285566	0.277798	0.286956	0.285726	0.281908	0.262228	0.255914	0.403192	0.405466	0.362672	0.374445	0.35337	0.337319	0.340922	0.263706	0.280223	0.327214	0.33582	0.273662	0.269073	0.309591	0.315005	0.298924	0.364742	0.342162	0.334039	0.33793	0.287483	0.280826	0.296072	0.299187	0.302963	0.337447	0.322437	0.338138	0.346714	0.337042	0.324459	0.36398	0.337153	0.352457	0.443713	0.426355	0.448705	0.431867	0.386687	0.389502	0.32431	0.325267	0.443043	0.466831	0.293154	0.305031	0.290005	0.290015	0.301423	0.301427	0.302653	0.297881	0.296676	0.288068	0.285139	0.31763	0.315645	0.411192	0.306178	0.311384	0.284044	0.349098	0.350708	0.356047	0.355952	0.285898	0.306503	0.309448	0.271209	0.278491	0.27496	0.2753	0.395654	0.447579	0.45624	0.442397	0.48032	0.456247	0.464891	0.46748	0.452567	0.448572	0.411242	0.413609	0.414688	0.422168	0.413977	0.402687	0.349876	0.343149	0.392164	0.394377	0.390951	0.389847	0.455863	0.45734	0.406125	0.41468	0.414949	0.309769	0.322205	0.312278	0.265359	0.321005	0.321837	0.299089	0.315526	0.313845	0.303946	0.360552	0.376736	0.328203	0.299754	0.327068	0.316626	0.322065	0.327068	0.317	0.300906	0.317732	0.301569	0.253299	0.35785	0.346716	0.368196	0.272983	0.279851	0.295877	0.287819	0.285587	0.312724	0.317257	0.274807	0.244163	0.241338	0.249104	0.249144	0.249852	0.262749	0.274005	0.266541	0.291942	0.292532	0.285371	0.291472	0.286738	0.31384	0.351897	0.292038	0.308332	0.300397	0.331803
Passerina_amoena	0.260973	0.118585	0.122854	0.170328	0.142715	0.125616	0.151656	0.149418	0.110185	0.140508	0.152722	0.131836	0.147977	0.138359	0.144043	0.13932	0.124555	0.128917	0.145572	0.165448	0.138115	0.149199	0.143359	0.141048	0.159451	0.158642	0.152754	0.132608	0.135366	0.146236	0.138147	0.124466	0.166257	0.0908157	0.100889	0.0941371	0.0952069	0.0965311	0.0910674	0.0803095	0.0929378	0.0989002	0.0737573	0.0666546	0.0699766	0.072049	0.0534432	0.041981	0	0.0302933	0.0754501	0.0842733	0.0828245	0.0848244	0.0833868	0.0938191	0.0927611	0.0970523	0.105332	0.139415	0.137712	0.11616	0.115916	0.0918184	0.0952797	0.0998407	0.0926554	0.134335	0.135989	0.106973	0.139818	0.12439	0.117354	0.117435	0.126874	0.123707	0.143541	0.156495	0.147922	0.1368	0.112927	0.12511	0.1159	0.129614	0.111814	0.140043	0.128679	0.126136	0.130676	0.131267	0.126035	0.130677	0.128729	0.126737	0.116734	0.103171	0.119107	0.129109	0.138212	0.168048	0.139834	0.168914	0.147565	0.140297	0.118541	0.131774	0.137588	0.143602	0.143597	0.143675	0.154329	0.130545	0.157483	0.141053	0.155841	0.137946	0.134347	0.141571	0.148099	0.160204	0.164539	0.170989	0.184596	0.159568	0.157194	0.149193	0.138204	0.142697	0.142944	0.128629	0.161771	0.163405	0.161444	0.152629	0.157501	0.16904	0.1694	0.19452	0.187166	0.18382	0.167738	0.192925	0.202443	0.189836	0.227543	0.191278	0.306798	0.349047	0.331825	0.313558	0.295368	0.292942	0.310552	0.305089	0.29027	0.305513	0.325082	0.32972	0.327442	0.322833	0.322434	0.277329	0.288135	0.285982	0.310866	0.304076	0.30851	0.272428	0.27992	0.282228	0.274459	0.283617	0.282387	0.278569	0.258889	0.252576	0.399853	0.402127	0.359334	0.371107	0.350031	0.33398	0.337583	0.260368	0.276885	0.323876	0.332482	0.270323	0.265734	0.306253	0.311667	0.295585	0.361403	0.338823	0.3307	0.334591	0.284145	0.277488	0.292733	0.295848	0.299624	0.334108	0.319098	0.334799	0.343375	0.333704	0.32112	0.360641	0.333814	0.349119	0.440375	0.423016	0.445366	0.428528	0.383348	0.386163	0.320971	0.321928	0.439705	0.463492	0.289815	0.301693	0.286666	0.286676	0.298084	0.298088	0.299314	0.294542	0.293338	0.284729	0.2818	0.314292	0.312306	0.407853	0.302839	0.308045	0.280705	0.345759	0.347369	0.352708	0.352613	0.282559	0.303164	0.306109	0.267871	0.275152	0.271621	0.271961	0.392315	0.44424	0.452901	0.439058	0.476982	0.452908	0.461552	0.464141	0.449228	0.445234	0.407903	0.41027	0.41135	0.418829	0.410638	0.399348	0.346538	0.33981	0.388825	0.391039	0.387612	0.386508	0.452524	0.454001	0.402787	0.411341	0.41161	0.306431	0.318866	0.308939	0.26202	0.317666	0.318498	0.295751	0.312187	0.310506	0.300607	0.357213	0.373398	0.324864	0.296416	0.323729	0.313287	0.318726	0.323729	0.313662	0.297567	0.314394	0.298231	0.24996	0.354511	0.343377	0.364857	0.269644	0.276512	0.292538	0.28448	0.282248	0.309386	0.313918	0.271469	0.240825	0.237999	0.245765	0.245805	0.246513	0.25941	0.270666	0.263203	0.288604	0.289193	0.282033	0.288133	0.283399	0.310501	0.348558	0.2887	0.304993	0.297058	0.328464
Pheucticus_melanocephalus	0.258122	0.115735	0.120003	0.167478	0.139864	0.122766	0.148806	0.146568	0.107335	0.137657	0.149871	0.128986	0.145127	0.135508	0.141192	0.136469	0.121704	0.126066	0.142721	0.162597	0.135264	0.146348	0.140508	0.138197	0.1566	0.155791	0.149904	0.129757	0.132515	0.143385	0.135296	0.121615	0.163406	0.087965	0.0980383	0.0912864	0.0923562	0.0936805	0.0882168	0.0774588	0.0900872	0.0960496	0.0709066	0.0638039	0.067126	0.0691983	0.0505925	0.0391304	0.0302933	0	0.0725995	0.0814226	0.0799739	0.0819737	0.0805361	0.0909684	0.0899105	0.0942016	0.102482	0.136565	0.134862	0.113309	0.113065	0.0889678	0.092429	0.09699	0.0898048	0.131485	0.133138	0.104122	0.136967	0.121539	0.114503	0.114584	0.124024	0.120856	0.14069	0.153644	0.145072	0.13395	0.110076	0.122259	0.11305	0.126764	0.108963	0.137192	0.125829	0.123285	0.127825	0.128417	0.123184	0.127826	0.125879	0.123887	0.113884	0.10032	0.116256	0.126259	0.135362	0.165197	0.136983	0.166064	0.144714	0.137446	0.11569	0.128923	0.134737	0.140751	0.140746	0.140825	0.151478	0.127695	0.154632	0.138202	0.15299	0.135096	0.131497	0.13872	0.145248	0.157354	0.161689	0.168139	0.181746	0.156717	0.154343	0.146342	0.135353	0.139846	0.140094	0.125778	0.158921	0.160554	0.158594	0.149778	0.154651	0.16619	0.16655	0.19167	0.184315	0.18097	0.164887	0.190074	0.199592	0.186985	0.224692	0.188428	0.303947	0.346196	0.328974	0.310707	0.292517	0.290092	0.307701	0.302238	0.287419	0.302663	0.322231	0.32687	0.324591	0.319982	0.319583	0.274479	0.285285	0.283131	0.308016	0.301225	0.305659	0.269577	0.27707	0.279377	0.271609	0.280766	0.279537	0.275719	0.256038	0.249725	0.397002	0.399276	0.356483	0.368256	0.347181	0.331129	0.334733	0.257517	0.274034	0.321025	0.329631	0.267472	0.262883	0.303402	0.308816	0.292735	0.358553	0.335972	0.327849	0.33174	0.281294	0.274637	0.289882	0.292997	0.296774	0.331258	0.316248	0.331948	0.340524	0.330853	0.31827	0.35779	0.330963	0.346268	0.437524	0.420166	0.442515	0.425677	0.380498	0.383313	0.318121	0.319078	0.436854	0.460641	0.286964	0.298842	0.283816	0.283825	0.295233	0.295238	0.296464	0.291692	0.290487	0.281878	0.27895	0.311441	0.309456	0.405002	0.299988	0.305194	0.277855	0.342909	0.344519	0.349857	0.349762	0.279708	0.300313	0.303258	0.26502	0.272301	0.268771	0.269111	0.389464	0.441389	0.45005	0.436207	0.474131	0.450057	0.458702	0.46129	0.446377	0.442383	0.405052	0.40742	0.408499	0.415979	0.407788	0.396498	0.343687	0.33696	0.385974	0.388188	0.384762	0.383657	0.449673	0.45115	0.399936	0.40849	0.408759	0.30358	0.316015	0.306088	0.259169	0.314816	0.315647	0.2929	0.309337	0.307655	0.297756	0.354363	0.370547	0.322013	0.293565	0.320879	0.310436	0.315875	0.320879	0.310811	0.294716	0.311543	0.29538	0.247109	0.351661	0.340526	0.362006	0.266794	0.273662	0.289688	0.281629	0.279398	0.306535	0.311067	0.268618	0.237974	0.235149	0.242915	0.242954	0.243662	0.256559	0.267815	0.260352	0.285753	0.286342	0.279182	0.285283	0.280548	0.307651	0.345707	0.285849	0.302143	0.294207	0.325614
Emberiza_fucata	0.265342	0.122954	0.127223	0.174697	0.147084	0.129985	0.156025	0.153787	0.114554	0.144876	0.157091	0.136205	0.152346	0.142728	0.148412	0.143689	0.128924	0.133286	0.149941	0.169817	0.142484	0.153568	0.147728	0.145417	0.16382	0.16301	0.157123	0.136977	0.139735	0.150605	0.142516	0.128835	0.170626	0.10778	0.117854	0.111102	0.112172	0.113496	0.108032	0.0972741	0.109903	0.115865	0.090722	0.0836192	0.0869413	0.0890136	0.0734763	0.0787889	0.0754501	0.0725995	0	0.0886422	0.0871935	0.0891934	0.0877557	0.098188	0.0971301	0.101421	0.109701	0.143784	0.142081	0.120529	0.120285	0.0961874	0.0996487	0.10421	0.0970244	0.138704	0.140358	0.111342	0.144187	0.128759	0.121723	0.121804	0.131243	0.128076	0.14791	0.160864	0.152291	0.141169	0.117296	0.129479	0.120269	0.133983	0.116183	0.144412	0.133048	0.130505	0.135045	0.135636	0.130404	0.135046	0.133098	0.131106	0.121103	0.107539	0.123476	0.133478	0.142581	0.172417	0.144203	0.173283	0.151934	0.144666	0.12291	0.136143	0.141957	0.147971	0.147966	0.148044	0.158698	0.134914	0.161852	0.145422	0.16021	0.142315	0.138716	0.14594	0.152468	0.164573	0.168908	0.175358	0.188965	0.163937	0.161563	0.153562	0.142573	0.147066	0.147313	0.132998	0.16614	0.167774	0.165813	0.156998	0.16187	0.173409	0.173769	0.198889	0.191535	0.188189	0.172107	0.197294	0.206812	0.194205	0.231912	0.195647	0.311167	0.353416	0.336194	0.317927	0.299737	0.297311	0.314921	0.309458	0.294639	0.309882	0.32945	0.334089	0.331811	0.327202	0.326803	0.281698	0.292504	0.290351	0.315235	0.308445	0.312879	0.276797	0.284289	0.286597	0.278828	0.287986	0.286756	0.282938	0.263258	0.256945	0.404222	0.406496	0.363703	0.375475	0.3544	0.338349	0.341952	0.264737	0.281254	0.328245	0.336851	0.274692	0.270103	0.310622	0.316036	0.299954	0.365772	0.343192	0.335069	0.33896	0.288514	0.281857	0.297102	0.300217	0.303993	0.338477	0.323467	0.339168	0.347744	0.338073	0.325489	0.36501	0.338183	0.353488	0.444744	0.427385	0.449735	0.432897	0.387717	0.390532	0.32534	0.326297	0.444074	0.467861	0.294184	0.306062	0.291035	0.291045	0.302453	0.302457	0.303683	0.298911	0.297707	0.289098	0.286169	0.318661	0.316675	0.412222	0.307208	0.312414	0.285074	0.350128	0.351738	0.357077	0.356982	0.286928	0.307533	0.310478	0.27224	0.279521	0.27599	0.27633	0.396684	0.448609	0.45727	0.443427	0.481351	0.457277	0.465921	0.46851	0.453597	0.449603	0.412272	0.414639	0.415719	0.423198	0.415007	0.403717	0.350907	0.344179	0.393194	0.395408	0.391981	0.390877	0.456893	0.45837	0.407156	0.41571	0.415979	0.3108	0.323235	0.313308	0.266389	0.322035	0.322867	0.30012	0.316556	0.314875	0.304976	0.361582	0.377767	0.329233	0.300785	0.328098	0.317656	0.323095	0.328098	0.318031	0.301936	0.318763	0.3026	0.254329	0.35888	0.347746	0.369226	0.274013	0.280881	0.296907	0.288849	0.286617	0.313755	0.318287	0.275838	0.245194	0.242368	0.250134	0.250174	0.250882	0.263779	0.275035	0.267571	0.292973	0.293562	0.286402	0.292502	0.287768	0.31487	0.352927	0.293069	0.309362	0.301427	0.332833
Chlorodrepanis_virens	0.259845	0.117457	0.121726	0.1692	0.141586	0.124488	0.150528	0.14829	0.109057	0.139379	0.151594	0.130708	0.146849	0.13723	0.142914	0.138191	0.123426	0.127788	0.144443	0.16432	0.136986	0.14807	0.14223	0.139919	0.158323	0.157513	0.151626	0.131479	0.134238	0.145108	0.137018	0.123337	0.165128	0.116604	0.126677	0.119925	0.120995	0.122319	0.116855	0.106097	0.118726	0.124688	0.0995451	0.0924424	0.0957645	0.0978368	0.0822995	0.0876121	0.0842733	0.0814226	0.0886422	0	0.015632	0.0408607	0.0394231	0.0498553	0.0916327	0.0959239	0.104204	0.138287	0.136584	0.115032	0.114787	0.09069	0.0941513	0.0987123	0.091527	0.133207	0.134861	0.105845	0.138689	0.123262	0.116225	0.116306	0.125746	0.122579	0.142413	0.155367	0.146794	0.135672	0.111798	0.123982	0.114772	0.128486	0.110686	0.138915	0.127551	0.125007	0.129547	0.130139	0.124906	0.129549	0.127601	0.125609	0.115606	0.102042	0.117978	0.127981	0.137084	0.166919	0.138706	0.167786	0.146437	0.139168	0.117412	0.130646	0.136459	0.142473	0.142468	0.142547	0.1532	0.129417	0.156355	0.139924	0.154713	0.136818	0.133219	0.140442	0.14697	0.159076	0.163411	0.169861	0.183468	0.15844	0.156065	0.148064	0.137076	0.141568	0.141816	0.127501	0.160643	0.162276	0.160316	0.151501	0.156373	0.167912	0.168272	0.193392	0.186038	0.182692	0.166609	0.191796	0.201314	0.188707	0.226415	0.19015	0.305669	0.347919	0.330697	0.31243	0.294239	0.291814	0.309423	0.30396	0.289141	0.304385	0.323953	0.328592	0.326313	0.321704	0.321306	0.276201	0.287007	0.284853	0.309738	0.302947	0.307381	0.2713	0.278792	0.281099	0.273331	0.282489	0.281259	0.277441	0.257761	0.251447	0.398725	0.400998	0.358205	0.369978	0.348903	0.332852	0.336455	0.259239	0.275756	0.322747	0.331353	0.269194	0.264605	0.305124	0.310538	0.294457	0.360275	0.337695	0.329572	0.333463	0.283016	0.276359	0.291605	0.29472	0.298496	0.33298	0.31797	0.333671	0.342246	0.332575	0.319992	0.359513	0.332685	0.34799	0.439246	0.421888	0.444238	0.427399	0.38222	0.385035	0.319843	0.3208	0.438576	0.462364	0.288686	0.300564	0.285538	0.285548	0.296956	0.29696	0.298186	0.293414	0.292209	0.2836	0.280672	0.313163	0.311178	0.406725	0.30171	0.306917	0.279577	0.344631	0.346241	0.35158	0.351485	0.28143	0.302036	0.30498	0.266742	0.274023	0.270493	0.270833	0.391187	0.443111	0.451772	0.437929	0.475853	0.45178	0.460424	0.463012	0.4481	0.444105	0.406775	0.409142	0.410221	0.417701	0.40951	0.39822	0.345409	0.338682	0.387696	0.38991	0.386484	0.38538	0.451396	0.452872	0.401658	0.410213	0.410482	0.305302	0.317738	0.30781	0.260892	0.316538	0.31737	0.294622	0.311059	0.309378	0.299478	0.356085	0.372269	0.323735	0.295287	0.322601	0.312158	0.317597	0.322601	0.312533	0.296439	0.313265	0.297102	0.248832	0.353383	0.342249	0.363728	0.268516	0.275384	0.29141	0.283352	0.28112	0.308257	0.312789	0.27034	0.239696	0.236871	0.244637	0.244677	0.245385	0.258281	0.269538	0.262074	0.287475	0.288065	0.280904	0.287005	0.28227	0.309373	0.34743	0.287571	0.303865	0.295929	0.327336
Hemignathus_wilsoni	0.258396	0.116008	0.120277	0.167751	0.140137	0.123039	0.149079	0.146841	0.107608	0.13793	0.150145	0.129259	0.1454	0.135781	0.141465	0.136743	0.121978	0.12634	0.142995	0.162871	0.135537	0.146622	0.140781	0.138471	0.156874	0.156064	0.150177	0.13003	0.132789	0.143659	0.13557	0.121888	0.16368	0.115155	0.125228	0.118476	0.119546	0.12087	0.115406	0.104649	0.117277	0.123239	0.0980964	0.0909936	0.0943157	0.096388	0.0808507	0.0861633	0.0828245	0.0799739	0.0871935	0.015632	0	0.0394119	0.0379743	0.0484066	0.090184	0.0944751	0.102755	0.136838	0.135135	0.113583	0.113339	0.0892413	0.0927026	0.0972635	0.0900783	0.131758	0.133412	0.104396	0.13724	0.121813	0.114777	0.114858	0.124297	0.12113	0.140964	0.153918	0.145345	0.134223	0.11035	0.122533	0.113323	0.127037	0.109237	0.137466	0.126102	0.123559	0.128099	0.12869	0.123457	0.1281	0.126152	0.12416	0.114157	0.100593	0.116529	0.126532	0.135635	0.165471	0.137257	0.166337	0.144988	0.13772	0.115964	0.129197	0.13501	0.141024	0.14102	0.141098	0.151751	0.127968	0.154906	0.138475	0.153264	0.135369	0.13177	0.138993	0.145522	0.157627	0.161962	0.168412	0.182019	0.156991	0.154617	0.146616	0.135627	0.14012	0.140367	0.126052	0.159194	0.160827	0.158867	0.150052	0.154924	0.166463	0.166823	0.191943	0.184589	0.181243	0.165161	0.190348	0.199866	0.187259	0.224966	0.188701	0.304221	0.34647	0.329248	0.310981	0.29279	0.290365	0.307975	0.302512	0.287693	0.302936	0.322504	0.327143	0.324865	0.320256	0.319857	0.274752	0.285558	0.283405	0.308289	0.301499	0.305933	0.269851	0.277343	0.279651	0.271882	0.28104	0.27981	0.275992	0.256312	0.249998	0.397276	0.39955	0.356756	0.368529	0.347454	0.331403	0.335006	0.25779	0.274308	0.321298	0.329904	0.267746	0.263157	0.303675	0.309089	0.293008	0.358826	0.336246	0.328123	0.332014	0.281567	0.27491	0.290156	0.293271	0.297047	0.331531	0.316521	0.332222	0.340798	0.331127	0.318543	0.358064	0.331237	0.346541	0.437797	0.420439	0.442789	0.425951	0.380771	0.383586	0.318394	0.319351	0.437127	0.460915	0.287238	0.299115	0.284089	0.284099	0.295507	0.295511	0.296737	0.291965	0.29076	0.282152	0.279223	0.311715	0.309729	0.405276	0.300262	0.305468	0.278128	0.343182	0.344792	0.350131	0.350036	0.279982	0.300587	0.303532	0.265294	0.272575	0.269044	0.269384	0.389738	0.441663	0.450324	0.436481	0.474404	0.450331	0.458975	0.461564	0.446651	0.442657	0.405326	0.407693	0.408772	0.416252	0.408061	0.396771	0.343961	0.337233	0.386248	0.388461	0.385035	0.383931	0.449947	0.451424	0.400209	0.408764	0.409033	0.303853	0.316289	0.306362	0.259443	0.315089	0.315921	0.293173	0.30961	0.307929	0.29803	0.354636	0.370821	0.322287	0.293839	0.321152	0.31071	0.316149	0.321152	0.311084	0.29499	0.311816	0.295653	0.247383	0.351934	0.3408	0.36228	0.267067	0.273935	0.289961	0.281903	0.279671	0.306808	0.311341	0.268891	0.238247	0.235422	0.243188	0.243228	0.243936	0.256833	0.268089	0.260625	0.286027	0.286616	0.279455	0.285556	0.280822	0.307924	0.345981	0.286123	0.302416	0.294481	0.325887
Loxia_curvirostra	0.260396	0.118008	0.122277	0.169751	0.142137	0.125039	0.151079	0.148841	0.109608	0.13993	0.152145	0.131259	0.1474	0.137781	0.143465	0.138743	0.123977	0.128339	0.144994	0.164871	0.137537	0.148621	0.142781	0.140471	0.158874	0.158064	0.152177	0.13203	0.134789	0.145659	0.13757	0.123888	0.16568	0.117155	0.127228	0.120476	0.121546	0.12287	0.117406	0.106648	0.119277	0.125239	0.100096	0.0929935	0.0963156	0.0983879	0.0828506	0.0881632	0.0848244	0.0819737	0.0891934	0.0408607	0.0394119	0	0.00996817	0.0305218	0.0921839	0.096475	0.104755	0.138838	0.137135	0.115583	0.115338	0.0912411	0.0947024	0.0992634	0.0920782	0.133758	0.135412	0.106396	0.13924	0.123813	0.116776	0.116857	0.126297	0.12313	0.142964	0.155918	0.147345	0.136223	0.112349	0.124533	0.115323	0.129037	0.111237	0.139466	0.128102	0.125559	0.130099	0.13069	0.125457	0.1301	0.128152	0.12616	0.116157	0.102593	0.118529	0.128532	0.137635	0.167471	0.139257	0.168337	0.146988	0.139719	0.117964	0.131197	0.13701	0.143024	0.143019	0.143098	0.153751	0.129968	0.156906	0.140475	0.155264	0.137369	0.13377	0.140993	0.147522	0.159627	0.163962	0.170412	0.184019	0.158991	0.156617	0.148615	0.137627	0.142119	0.142367	0.128052	0.161194	0.162827	0.160867	0.152052	0.156924	0.168463	0.168823	0.193943	0.186589	0.183243	0.16716	0.192347	0.201866	0.189259	0.226966	0.190701	0.306221	0.34847	0.331248	0.312981	0.29479	0.292365	0.309974	0.304511	0.289692	0.304936	0.324504	0.329143	0.326864	0.322255	0.321857	0.276752	0.287558	0.285404	0.310289	0.303499	0.307933	0.271851	0.279343	0.28165	0.273882	0.28304	0.28181	0.277992	0.258312	0.251998	0.399276	0.401549	0.358756	0.370529	0.349454	0.333403	0.337006	0.25979	0.276307	0.323298	0.331904	0.269745	0.265157	0.305675	0.311089	0.295008	0.360826	0.338246	0.330123	0.334014	0.283567	0.27691	0.292156	0.295271	0.299047	0.333531	0.318521	0.334222	0.342798	0.333126	0.320543	0.360064	0.333237	0.348541	0.439797	0.422439	0.444789	0.42795	0.382771	0.385586	0.320394	0.321351	0.439127	0.462915	0.289238	0.301115	0.286089	0.286099	0.297507	0.297511	0.298737	0.293965	0.29276	0.284152	0.281223	0.313714	0.311729	0.407276	0.302261	0.307468	0.280128	0.345182	0.346792	0.352131	0.352036	0.281982	0.302587	0.305532	0.267293	0.274575	0.271044	0.271384	0.391738	0.443662	0.452324	0.438481	0.476404	0.452331	0.460975	0.463563	0.448651	0.444656	0.407326	0.409693	0.410772	0.418252	0.410061	0.398771	0.34596	0.339233	0.388248	0.390461	0.387035	0.385931	0.451947	0.453424	0.402209	0.410764	0.411033	0.305853	0.318289	0.308362	0.261443	0.317089	0.317921	0.295173	0.31161	0.309929	0.300029	0.356636	0.37282	0.324287	0.295838	0.323152	0.31271	0.318148	0.323152	0.313084	0.29699	0.313816	0.297653	0.249383	0.353934	0.3428	0.36428	0.269067	0.275935	0.291961	0.283903	0.281671	0.308808	0.313341	0.270891	0.240247	0.237422	0.245188	0.245228	0.245936	0.258832	0.270089	0.262625	0.288026	0.288616	0.281455	0.287556	0.282821	0.309924	0.347981	0.288122	0.304416	0.29648	0.327887
Loxia_leucoptera	0.258958	0.11657	0.120839	0.168313	0.1407	0.123601	0.149642	0.147403	0.10817	0.138493	0.150707	0.129821	0.145962	0.136344	0.142028	0.137305	0.12254	0.126902	0.143557	0.163433	0.1361	0.147184	0.141344	0.139033	0.157436	0.156627	0.15074	0.130593	0.133351	0.144221	0.136132	0.122451	0.164242	0.115717	0.12579	0.119038	0.120108	0.121432	0.115969	0.105211	0.117839	0.123802	0.0986586	0.0915559	0.094878	0.0969503	0.081413	0.0867256	0.0833868	0.0805361	0.0877557	0.0394231	0.0379743	0.00996817	0	0.0290841	0.0907463	0.0950374	0.103317	0.137401	0.135698	0.114145	0.113901	0.0898035	0.0932648	0.0978258	0.0906406	0.13232	0.133974	0.104958	0.137803	0.122375	0.115339	0.11542	0.124859	0.121692	0.141526	0.15448	0.145908	0.134785	0.110912	0.123095	0.113886	0.127599	0.109799	0.138028	0.126665	0.124121	0.128661	0.129252	0.12402	0.128662	0.126714	0.124722	0.114719	0.101156	0.117092	0.127095	0.136198	0.166033	0.137819	0.166899	0.14555	0.138282	0.116526	0.129759	0.135573	0.141587	0.141582	0.14166	0.152314	0.12853	0.155468	0.139038	0.153826	0.135931	0.132332	0.139556	0.146084	0.15819	0.162525	0.168974	0.182582	0.157553	0.155179	0.147178	0.136189	0.140682	0.14093	0.126614	0.159757	0.16139	0.159429	0.150614	0.155486	0.167025	0.167385	0.192505	0.185151	0.181805	0.165723	0.19091	0.200428	0.187821	0.225528	0.189263	0.304783	0.347032	0.32981	0.311543	0.293353	0.290927	0.308537	0.303074	0.288255	0.303498	0.323067	0.327705	0.325427	0.320818	0.320419	0.275315	0.286121	0.283967	0.308851	0.302061	0.306495	0.270413	0.277905	0.280213	0.272444	0.281602	0.280372	0.276555	0.256874	0.250561	0.397838	0.400112	0.357319	0.369092	0.348016	0.331965	0.335568	0.258353	0.27487	0.321861	0.330467	0.268308	0.263719	0.304238	0.309652	0.293571	0.359388	0.336808	0.328685	0.332576	0.28213	0.275473	0.290718	0.293833	0.29761	0.332093	0.317083	0.332784	0.34136	0.331689	0.319105	0.358626	0.331799	0.347104	0.43836	0.421002	0.443351	0.426513	0.381333	0.384148	0.318957	0.319914	0.43769	0.461477	0.2878	0.299678	0.284651	0.284661	0.296069	0.296073	0.2973	0.292527	0.291323	0.282714	0.279786	0.312277	0.310291	0.405838	0.300824	0.30603	0.27869	0.343745	0.345354	0.350693	0.350598	0.280544	0.301149	0.304094	0.265856	0.273137	0.269606	0.269946	0.3903	0.442225	0.450886	0.437043	0.474967	0.450893	0.459537	0.462126	0.447213	0.443219	0.405888	0.408255	0.409335	0.416815	0.408623	0.397333	0.344523	0.337796	0.38681	0.389024	0.385597	0.384493	0.450509	0.451986	0.400772	0.409326	0.409595	0.304416	0.316851	0.306924	0.260005	0.315651	0.316483	0.293736	0.310172	0.308491	0.298592	0.355199	0.371383	0.322849	0.294401	0.321715	0.311272	0.316711	0.321715	0.311647	0.295552	0.312379	0.296216	0.247945	0.352497	0.341362	0.362842	0.267629	0.274497	0.290524	0.282465	0.280233	0.307371	0.311903	0.269454	0.23881	0.235985	0.24375	0.24379	0.244498	0.257395	0.268651	0.261188	0.286589	0.287178	0.280018	0.286118	0.281384	0.308486	0.346543	0.286685	0.302978	0.295043	0.326449
Serinus_canaria	0.26939	0.127003	0.131272	0.178746	0.151132	0.134034	0.160074	0.157836	0.118603	0.148925	0.161139	0.140254	0.156395	0.146776	0.15246	0.147737	0.132972	0.137334	0.153989	0.173865	0.146532	0.157616	0.151776	0.149465	0.167868	0.167059	0.161172	0.141025	0.143783	0.154653	0.146564	0.132883	0.174674	0.126149	0.136223	0.129471	0.13054	0.131865	0.126401	0.115643	0.128271	0.134234	0.109091	0.101988	0.10531	0.107383	0.0918453	0.0971578	0.0938191	0.0909684	0.098188	0.0498553	0.0484066	0.0305218	0.0290841	0	0.101179	0.10547	0.11375	0.147833	0.14613	0.124577	0.124333	0.100236	0.103697	0.108258	0.101073	0.142753	0.144406	0.11539	0.148235	0.132807	0.125771	0.125852	0.135292	0.132124	0.151958	0.164912	0.15634	0.145218	0.121344	0.133528	0.124318	0.138032	0.120231	0.14846	0.137097	0.134553	0.139093	0.139685	0.134452	0.139094	0.137147	0.135155	0.125152	0.111588	0.127524	0.137527	0.14663	0.176465	0.148251	0.177332	0.155983	0.148714	0.126958	0.140191	0.146005	0.152019	0.152014	0.152093	0.162746	0.138963	0.165901	0.14947	0.164259	0.146364	0.142765	0.149988	0.156516	0.168622	0.172957	0.179407	0.193014	0.167985	0.165611	0.15761	0.146621	0.151114	0.151362	0.137046	0.170189	0.171822	0.169862	0.161046	0.165919	0.177458	0.177818	0.202938	0.195583	0.192238	0.176155	0.201342	0.21086	0.198253	0.235961	0.199696	0.315215	0.357464	0.340242	0.321975	0.303785	0.30136	0.318969	0.313506	0.298687	0.313931	0.333499	0.338138	0.335859	0.33125	0.330851	0.285747	0.296553	0.294399	0.319284	0.312493	0.316927	0.280845	0.288338	0.290645	0.282877	0.292035	0.290805	0.286987	0.267306	0.260993	0.408271	0.410544	0.367751	0.379524	0.358449	0.342397	0.346001	0.268785	0.285302	0.332293	0.340899	0.27874	0.274151	0.31467	0.320084	0.304003	0.369821	0.347241	0.339118	0.343009	0.292562	0.285905	0.30115	0.304265	0.308042	0.342526	0.327516	0.343216	0.351792	0.342121	0.329538	0.369059	0.342231	0.357536	0.448792	0.431434	0.453783	0.436945	0.391766	0.394581	0.329389	0.330346	0.448122	0.471909	0.298232	0.31011	0.295084	0.295093	0.306501	0.306506	0.307732	0.30296	0.301755	0.293146	0.290218	0.322709	0.320724	0.41627	0.311256	0.316463	0.289123	0.354177	0.355787	0.361125	0.361031	0.290976	0.311582	0.314526	0.276288	0.283569	0.280039	0.280379	0.400732	0.452657	0.461318	0.447475	0.485399	0.461325	0.46997	0.472558	0.457645	0.453651	0.41632	0.418688	0.419767	0.427247	0.419056	0.407766	0.354955	0.348228	0.397242	0.399456	0.39603	0.394926	0.460942	0.462418	0.411204	0.419758	0.420027	0.314848	0.327283	0.317356	0.270437	0.326084	0.326915	0.304168	0.320605	0.318923	0.309024	0.365631	0.381815	0.333281	0.304833	0.332147	0.321704	0.327143	0.332147	0.322079	0.305984	0.322811	0.306648	0.258377	0.362929	0.351794	0.373274	0.278062	0.28493	0.300956	0.292897	0.290666	0.317803	0.322335	0.279886	0.249242	0.246417	0.254183	0.254222	0.25493	0.267827	0.279083	0.27162	0.297021	0.29761	0.29045	0.296551	0.291816	0.318919	0.356975	0.297117	0.313411	0.305475	0.336882
Peucedramus_taeniatus	0.265163	0.122775	0.127044	0.174518	0.146904	0.129806	0.155846	0.153608	0.114375	0.144697	0.156912	0.136026	0.152167	0.142548	0.148232	0.14351	0.128745	0.133107	0.149762	0.169638	0.142304	0.153389	0.147548	0.145238	0.163641	0.162831	0.156944	0.136797	0.139556	0.150426	0.142337	0.128655	0.170447	0.125091	0.135165	0.128413	0.129483	0.130807	0.125343	0.114585	0.127214	0.133176	0.108033	0.10093	0.104252	0.106325	0.0907873	0.0960999	0.0927611	0.0899105	0.0971301	0.0916327	0.090184	0.0921839	0.0907463	0.101179	0	0.101242	0.109522	0.143605	0.141902	0.12035	0.120106	0.0960083	0.0994696	0.104031	0.0968453	0.138525	0.140179	0.111163	0.144007	0.12858	0.121544	0.121625	0.131064	0.127897	0.147731	0.160685	0.152112	0.14099	0.117117	0.1293	0.12009	0.133804	0.116004	0.144233	0.132869	0.130326	0.134866	0.135457	0.130224	0.134867	0.132919	0.130927	0.120924	0.10736	0.123296	0.133299	0.142402	0.172238	0.144024	0.173104	0.151755	0.144487	0.122731	0.135964	0.141777	0.147791	0.147787	0.147865	0.158518	0.134735	0.161673	0.145242	0.160031	0.142136	0.138537	0.14576	0.152289	0.164394	0.168729	0.175179	0.188786	0.163758	0.161384	0.153383	0.142394	0.146887	0.147134	0.132819	0.165961	0.167594	0.165634	0.156819	0.161691	0.17323	0.17359	0.19871	0.191356	0.18801	0.171928	0.197115	0.206633	0.194026	0.231733	0.195468	0.310988	0.353237	0.336015	0.317748	0.299557	0.297132	0.314742	0.309278	0.29446	0.309703	0.329271	0.33391	0.331632	0.327023	0.326624	0.281519	0.292325	0.290172	0.315056	0.308266	0.3127	0.276618	0.28411	0.286418	0.278649	0.287807	0.286577	0.282759	0.263079	0.256765	0.404043	0.406317	0.363523	0.375296	0.354221	0.33817	0.341773	0.264557	0.281075	0.328065	0.336671	0.274513	0.269924	0.310442	0.315856	0.299775	0.365593	0.343013	0.33489	0.338781	0.288334	0.281677	0.296923	0.300038	0.303814	0.338298	0.323288	0.338989	0.347565	0.337894	0.32531	0.364831	0.338004	0.353308	0.444564	0.427206	0.449556	0.432718	0.387538	0.390353	0.325161	0.326118	0.443894	0.467682	0.294005	0.305882	0.290856	0.290866	0.302274	0.302278	0.303504	0.298732	0.297527	0.288919	0.28599	0.318482	0.316496	0.412043	0.307029	0.312235	0.284895	0.349949	0.351559	0.356898	0.356803	0.286749	0.307354	0.310299	0.272061	0.279342	0.275811	0.276151	0.396505	0.44843	0.457091	0.443248	0.481171	0.457098	0.465742	0.468331	0.453418	0.449424	0.412093	0.41446	0.415539	0.423019	0.414828	0.403538	0.350727	0.344	0.393015	0.395228	0.391802	0.390698	0.456714	0.458191	0.406976	0.415531	0.4158	0.31062	0.323056	0.313129	0.26621	0.321856	0.322688	0.29994	0.316377	0.314696	0.304797	0.361403	0.377588	0.329054	0.300606	0.327919	0.317477	0.322916	0.327919	0.317851	0.301757	0.318583	0.30242	0.25415	0.358701	0.347567	0.369047	0.273834	0.280702	0.296728	0.28867	0.286438	0.313575	0.318108	0.275658	0.245014	0.242189	0.249955	0.249995	0.250703	0.2636	0.274856	0.267392	0.292794	0.293383	0.286222	0.292323	0.287589	0.314691	0.352748	0.29289	0.309183	0.301248	0.332654
Hypocryptadius_cinnamomeus	0.263657	0.12127	0.125538	0.173013	0.145399	0.128301	0.154341	0.152103	0.11287	0.143192	0.155406	0.134521	0.150662	0.141043	0.146727	0.142004	0.127239	0.131601	0.148256	0.168132	0.140799	0.151883	0.146043	0.143732	0.162135	0.161326	0.155439	0.135292	0.13805	0.14892	0.140831	0.12715	0.168941	0.129383	0.139456	0.132704	0.133774	0.135098	0.129634	0.118876	0.131505	0.137467	0.112324	0.105221	0.108543	0.110616	0.0950785	0.100391	0.0970523	0.0942016	0.101421	0.0959239	0.0944751	0.096475	0.0950374	0.10547	0.101242	0	0.0889837	0.130788	0.129085	0.107532	0.107288	0.0831908	0.0866521	0.091213	0.0870704	0.13702	0.138673	0.109657	0.142502	0.127074	0.120038	0.120119	0.129559	0.126391	0.146225	0.159179	0.150607	0.139485	0.115611	0.127794	0.118585	0.132299	0.114498	0.142727	0.131364	0.12882	0.13336	0.133952	0.128719	0.133361	0.131414	0.129422	0.119419	0.105855	0.121791	0.131794	0.140897	0.170732	0.142518	0.171599	0.150249	0.142981	0.121225	0.134458	0.140272	0.146286	0.146281	0.14636	0.157013	0.13323	0.160167	0.143737	0.158525	0.140631	0.137032	0.144255	0.150783	0.162889	0.167224	0.173674	0.187281	0.162252	0.159878	0.151877	0.140888	0.145381	0.145629	0.131313	0.164456	0.166089	0.164129	0.155313	0.160186	0.171725	0.172085	0.197205	0.18985	0.186505	0.170422	0.195609	0.205127	0.19252	0.230227	0.193963	0.309482	0.351731	0.334509	0.316242	0.298052	0.295627	0.313236	0.307773	0.292954	0.308198	0.327766	0.332405	0.330126	0.325517	0.325118	0.280014	0.29082	0.288666	0.313551	0.30676	0.311194	0.275112	0.282605	0.284912	0.277144	0.286301	0.285072	0.281254	0.261573	0.25526	0.402538	0.404811	0.362018	0.373791	0.352716	0.336664	0.340268	0.263052	0.279569	0.32656	0.335166	0.273007	0.268418	0.308937	0.314351	0.29827	0.364088	0.341507	0.333384	0.337276	0.286829	0.280172	0.295417	0.298532	0.302309	0.336793	0.321783	0.337483	0.346059	0.336388	0.323805	0.363325	0.336498	0.351803	0.443059	0.425701	0.44805	0.431212	0.386033	0.388848	0.323656	0.324613	0.442389	0.466176	0.292499	0.304377	0.289351	0.28936	0.300768	0.300773	0.301999	0.297227	0.296022	0.287413	0.284485	0.316976	0.314991	0.410537	0.305523	0.310729	0.28339	0.348444	0.350054	0.355392	0.355297	0.285243	0.305848	0.308793	0.270555	0.277836	0.274306	0.274646	0.394999	0.446924	0.455585	0.441742	0.479666	0.455592	0.464237	0.466825	0.451912	0.447918	0.410587	0.412955	0.414034	0.421514	0.413323	0.402033	0.349222	0.342495	0.391509	0.393723	0.390297	0.389192	0.455208	0.456685	0.405471	0.414025	0.414294	0.309115	0.32155	0.311623	0.264704	0.320351	0.321182	0.298435	0.314872	0.31319	0.303291	0.359898	0.376082	0.327548	0.2991	0.326414	0.315971	0.32141	0.326414	0.316346	0.300251	0.317078	0.300915	0.252644	0.357196	0.346061	0.367541	0.272329	0.279197	0.295223	0.287164	0.284933	0.31207	0.316602	0.274153	0.243509	0.240684	0.24845	0.248489	0.249197	0.262094	0.27335	0.265887	0.291288	0.291877	0.284717	0.290818	0.286083	0.313186	0.351242	0.291384	0.307678	0.299742	0.331149
Passer_domesticus	0.271937	0.12955	0.133818	0.181293	0.153679	0.136581	0.162621	0.160383	0.12115	0.151472	0.163686	0.142801	0.158942	0.149323	0.155007	0.150284	0.135519	0.139881	0.156536	0.176412	0.149079	0.160163	0.154323	0.152012	0.170415	0.169606	0.163719	0.143572	0.14633	0.1572	0.149111	0.13543	0.177221	0.137663	0.147736	0.140984	0.142054	0.143378	0.137914	0.127156	0.139785	0.145747	0.120604	0.113501	0.116823	0.118896	0.103358	0.108671	0.105332	0.102482	0.109701	0.104204	0.102755	0.104755	0.103317	0.11375	0.109522	0.0889837	0	0.139068	0.137365	0.115812	0.115568	0.0914707	0.094932	0.099493	0.0953504	0.1453	0.146953	0.117937	0.150782	0.135354	0.128318	0.128399	0.137839	0.134671	0.154505	0.167459	0.158887	0.147765	0.123891	0.136074	0.126865	0.140579	0.122778	0.151007	0.139644	0.1371	0.14164	0.142232	0.136999	0.141641	0.139694	0.137702	0.127699	0.114135	0.130071	0.140074	0.149177	0.179012	0.150798	0.179879	0.158529	0.151261	0.129505	0.142738	0.148552	0.154566	0.154561	0.15464	0.165293	0.14151	0.168447	0.152017	0.166805	0.148911	0.145312	0.152535	0.159063	0.171169	0.175504	0.181954	0.195561	0.170532	0.168158	0.160157	0.149168	0.153661	0.153909	0.139593	0.172736	0.174369	0.172409	0.163593	0.168466	0.180005	0.180365	0.205485	0.19813	0.194785	0.178702	0.203889	0.213407	0.2008	0.238507	0.202243	0.317762	0.360011	0.342789	0.324522	0.306332	0.303907	0.321516	0.316053	0.301234	0.316478	0.336046	0.340685	0.338406	0.333797	0.333398	0.288294	0.2991	0.296946	0.321831	0.31504	0.319474	0.283392	0.290885	0.293192	0.285423	0.294581	0.293352	0.289534	0.269853	0.26354	0.410817	0.413091	0.370298	0.382071	0.360996	0.344944	0.348548	0.271332	0.287849	0.33484	0.343446	0.281287	0.276698	0.317217	0.322631	0.30655	0.372368	0.349787	0.341664	0.345555	0.295109	0.288452	0.303697	0.306812	0.310589	0.345073	0.330063	0.345763	0.354339	0.344668	0.332084	0.371605	0.344778	0.360083	0.451339	0.433981	0.45633	0.439492	0.394313	0.397128	0.331936	0.332893	0.450669	0.474456	0.300779	0.312657	0.297631	0.29764	0.309048	0.309052	0.310279	0.305507	0.304302	0.295693	0.292765	0.325256	0.32327	0.418817	0.313803	0.319009	0.291669	0.356724	0.358334	0.363672	0.363577	0.293523	0.314128	0.317073	0.278835	0.286116	0.282585	0.282926	0.403279	0.455204	0.463865	0.450022	0.487946	0.463872	0.472517	0.475105	0.460192	0.456198	0.418867	0.421235	0.422314	0.429794	0.421603	0.410313	0.357502	0.350775	0.399789	0.402003	0.398577	0.397472	0.463488	0.464965	0.413751	0.422305	0.422574	0.317395	0.32983	0.319903	0.272984	0.328631	0.329462	0.306715	0.323152	0.32147	0.311571	0.368178	0.384362	0.335828	0.30738	0.334694	0.324251	0.32969	0.334694	0.324626	0.308531	0.325358	0.309195	0.260924	0.365476	0.354341	0.375821	0.280609	0.287477	0.303503	0.295444	0.293213	0.32035	0.324882	0.282433	0.251789	0.248964	0.25673	0.256769	0.257477	0.270374	0.28163	0.274167	0.299568	0.300157	0.292997	0.299097	0.294363	0.321466	0.359522	0.299664	0.315958	0.308022	0.339429
Lonchura_striata	0.30602	0.163633	0.167902	0.215376	0.187762	0.170664	0.196704	0.194466	0.155233	0.185555	0.19777	0.176884	0.193025	0.183406	0.18909	0.184367	0.169602	0.173964	0.190619	0.210495	0.183162	0.194246	0.188406	0.186095	0.204498	0.203689	0.197802	0.177655	0.180413	0.191283	0.183194	0.169513	0.211304	0.171746	0.181819	0.175067	0.176137	0.177461	0.171997	0.161239	0.173868	0.17983	0.154687	0.147585	0.150907	0.152979	0.137442	0.142754	0.139415	0.136565	0.143784	0.138287	0.136838	0.138838	0.137401	0.147833	0.143605	0.130788	0.139068	0	0.0750244	0.0955138	0.0952694	0.0910796	0.119459	0.12402	0.129434	0.179383	0.181036	0.15202	0.184865	0.169438	0.162401	0.162482	0.171922	0.168755	0.188589	0.201543	0.19297	0.181848	0.157974	0.170158	0.160948	0.174662	0.156862	0.185091	0.173727	0.171183	0.175723	0.176315	0.171082	0.175724	0.173777	0.171785	0.161782	0.148218	0.164154	0.174157	0.18326	0.213095	0.184882	0.213962	0.192613	0.185344	0.163588	0.176822	0.182635	0.188649	0.188644	0.188723	0.199376	0.175593	0.202531	0.1861	0.200889	0.182994	0.179395	0.186618	0.193146	0.205252	0.209587	0.216037	0.229644	0.204615	0.202241	0.19424	0.183251	0.187744	0.187992	0.173676	0.206819	0.208452	0.206492	0.197677	0.202549	0.214088	0.214448	0.239568	0.232214	0.228868	0.212785	0.237972	0.24749	0.234883	0.272591	0.236326	0.351845	0.394095	0.376873	0.358605	0.340415	0.33799	0.355599	0.350136	0.335317	0.350561	0.370129	0.374768	0.372489	0.36788	0.367481	0.322377	0.333183	0.331029	0.355914	0.349123	0.353557	0.317476	0.324968	0.327275	0.319507	0.328665	0.327435	0.323617	0.303936	0.297623	0.444901	0.447174	0.404381	0.416154	0.395079	0.379027	0.382631	0.305415	0.321932	0.368923	0.377529	0.31537	0.310781	0.3513	0.356714	0.340633	0.406451	0.383871	0.375748	0.379639	0.329192	0.322535	0.337781	0.340895	0.344672	0.379156	0.364146	0.379846	0.388422	0.378751	0.366168	0.405689	0.378861	0.394166	0.485422	0.468064	0.490413	0.473575	0.428396	0.431211	0.366019	0.366976	0.484752	0.508539	0.334862	0.34674	0.331714	0.331723	0.343132	0.343136	0.344362	0.33959	0.338385	0.329776	0.326848	0.359339	0.357354	0.4529	0.347886	0.353093	0.325753	0.390807	0.392417	0.397755	0.397661	0.327606	0.348212	0.351156	0.312918	0.320199	0.316669	0.317009	0.437363	0.489287	0.497948	0.484105	0.522029	0.497956	0.5066	0.509188	0.494276	0.490281	0.452951	0.455318	0.456397	0.463877	0.455686	0.444396	0.391585	0.384858	0.433872	0.436086	0.43266	0.431556	0.497572	0.499048	0.447834	0.456388	0.456657	0.351478	0.363913	0.353986	0.307067	0.362714	0.363546	0.340798	0.357235	0.355554	0.345654	0.402261	0.418445	0.369911	0.341463	0.368777	0.358334	0.363773	0.368777	0.358709	0.342615	0.359441	0.343278	0.295007	0.399559	0.388424	0.409904	0.314692	0.32156	0.337586	0.329528	0.327296	0.354433	0.358965	0.316516	0.285872	0.283047	0.290813	0.290852	0.29156	0.304457	0.315713	0.30825	0.333651	0.33424	0.32708	0.333181	0.328446	0.355549	0.393606	0.333747	0.350041	0.342105	0.373512
Taeniopygia_guttata	0.304317	0.16193	0.166199	0.213673	0.186059	0.168961	0.195001	0.192763	0.15353	0.183852	0.196067	0.175181	0.191322	0.181703	0.187387	0.182664	0.167899	0.172261	0.188916	0.208792	0.181459	0.192543	0.186703	0.184392	0.202795	0.201986	0.196099	0.175952	0.17871	0.18958	0.181491	0.16781	0.209601	0.170043	0.180116	0.173364	0.174434	0.175758	0.170294	0.159536	0.172165	0.178127	0.152984	0.145882	0.149204	0.151276	0.135739	0.141051	0.137712	0.134862	0.142081	0.136584	0.135135	0.137135	0.135698	0.14613	0.141902	0.129085	0.137365	0.0750244	0	0.0938108	0.0935664	0.0893766	0.117756	0.122317	0.127731	0.17768	0.179333	0.150317	0.183162	0.167734	0.160698	0.160779	0.170219	0.167052	0.186885	0.19984	0.191267	0.180145	0.156271	0.168455	0.159245	0.172959	0.155159	0.183388	0.172024	0.16948	0.17402	0.174612	0.169379	0.174021	0.172074	0.170082	0.160079	0.146515	0.162451	0.172454	0.181557	0.211392	0.183179	0.212259	0.19091	0.183641	0.161885	0.175118	0.180932	0.186946	0.186941	0.18702	0.197673	0.17389	0.200828	0.184397	0.199186	0.181291	0.177692	0.184915	0.191443	0.203549	0.207884	0.214334	0.227941	0.202912	0.200538	0.192537	0.181548	0.186041	0.186289	0.171973	0.205116	0.206749	0.204789	0.195974	0.200846	0.212385	0.212745	0.237865	0.230511	0.227165	0.211082	0.236269	0.245787	0.23318	0.270888	0.234623	0.350142	0.392392	0.375169	0.356902	0.338712	0.336287	0.353896	0.348433	0.333614	0.348858	0.368426	0.373065	0.370786	0.366177	0.365778	0.320674	0.33148	0.329326	0.354211	0.34742	0.351854	0.315773	0.323265	0.325572	0.317804	0.326962	0.325732	0.321914	0.302233	0.29592	0.443198	0.445471	0.402678	0.414451	0.393376	0.377324	0.380928	0.303712	0.320229	0.36722	0.375826	0.313667	0.309078	0.349597	0.355011	0.33893	0.404748	0.382168	0.374045	0.377936	0.327489	0.320832	0.336077	0.339192	0.342969	0.377453	0.362443	0.378143	0.386719	0.377048	0.364465	0.403986	0.377158	0.392463	0.483719	0.466361	0.48871	0.471872	0.426693	0.429508	0.364316	0.365273	0.483049	0.506836	0.333159	0.345037	0.330011	0.33002	0.341429	0.341433	0.342659	0.337887	0.336682	0.328073	0.325145	0.357636	0.355651	0.451197	0.346183	0.35139	0.32405	0.389104	0.390714	0.396052	0.395958	0.325903	0.346509	0.349453	0.311215	0.318496	0.314966	0.315306	0.43566	0.487584	0.496245	0.482402	0.520326	0.496252	0.504897	0.507485	0.492573	0.488578	0.451248	0.453615	0.454694	0.462174	0.453983	0.442693	0.389882	0.383155	0.432169	0.434383	0.430957	0.429853	0.495869	0.497345	0.446131	0.454685	0.454954	0.349775	0.36221	0.352283	0.305364	0.361011	0.361843	0.339095	0.355532	0.353851	0.343951	0.400558	0.416742	0.368208	0.33976	0.367074	0.356631	0.36207	0.367074	0.357006	0.340911	0.357738	0.341575	0.293304	0.397856	0.386721	0.408201	0.312989	0.319857	0.335883	0.327825	0.325593	0.35273	0.357262	0.314813	0.284169	0.281344	0.28911	0.289149	0.289857	0.302754	0.31401	0.306547	0.331948	0.332537	0.325377	0.331478	0.326743	0.353846	0.391903	0.332044	0.348338	0.340402	0.371809
Vidua_chalybeata	0.282765	0.140377	0.144646	0.192121	0.164507	0.147409	0.173449	0.17121	0.131977	0.1623	0.174514	0.153628	0.16977	0.160151	0.165835	0.161112	0.146347	0.150709	0.167364	0.18724	0.159907	0.170991	0.165151	0.16284	0.181243	0.180434	0.174547	0.1544	0.157158	0.168028	0.159939	0.146258	0.188049	0.14849	0.158564	0.151812	0.152882	0.154206	0.148742	0.137984	0.150612	0.156575	0.131432	0.124329	0.127651	0.129724	0.114186	0.119499	0.11616	0.113309	0.120529	0.115032	0.113583	0.115583	0.114145	0.124577	0.12035	0.107532	0.115812	0.0955138	0.0938108	0	0.0186611	0.0678243	0.0962034	0.100764	0.106178	0.156127	0.157781	0.128765	0.16161	0.146182	0.139146	0.139227	0.148666	0.145499	0.165333	0.178287	0.169715	0.158592	0.134719	0.146902	0.137693	0.151406	0.133606	0.161835	0.150472	0.147928	0.152468	0.153059	0.147827	0.152469	0.150521	0.148529	0.138527	0.124963	0.140899	0.150902	0.160005	0.18984	0.161626	0.190706	0.169357	0.162089	0.140333	0.153566	0.15938	0.165394	0.165389	0.165467	0.176121	0.152338	0.179275	0.162845	0.177633	0.159738	0.15614	0.163363	0.169891	0.181997	0.186332	0.192781	0.206389	0.18136	0.178986	0.170985	0.159996	0.164489	0.164737	0.150421	0.183564	0.185197	0.183237	0.174421	0.179293	0.190832	0.191192	0.216313	0.208958	0.205612	0.18953	0.214717	0.224235	0.211628	0.249335	0.213071	0.32859	0.370839	0.353617	0.33535	0.31716	0.314734	0.332344	0.326881	0.312062	0.327305	0.346874	0.351513	0.349234	0.344625	0.344226	0.299122	0.309928	0.307774	0.332658	0.325868	0.330302	0.29422	0.301712	0.30402	0.296251	0.305409	0.304179	0.300362	0.280681	0.274368	0.421645	0.423919	0.381126	0.392899	0.371823	0.355772	0.359375	0.28216	0.298677	0.345668	0.354274	0.292115	0.287526	0.328045	0.333459	0.317378	0.383195	0.360615	0.352492	0.356383	0.305937	0.29928	0.314525	0.31764	0.321417	0.3559	0.34089	0.356591	0.365167	0.355496	0.342912	0.382433	0.355606	0.370911	0.462167	0.444809	0.467158	0.45032	0.40514	0.407955	0.342764	0.343721	0.461497	0.485284	0.311607	0.323485	0.308458	0.308468	0.319876	0.31988	0.321107	0.316334	0.31513	0.306521	0.303593	0.336084	0.334098	0.429645	0.324631	0.329837	0.302497	0.367552	0.369161	0.3745	0.374405	0.304351	0.324956	0.327901	0.289663	0.296944	0.293413	0.293753	0.414107	0.466032	0.474693	0.46085	0.498774	0.4747	0.483344	0.485933	0.47102	0.467026	0.429695	0.432062	0.433142	0.440622	0.432431	0.42114	0.36833	0.361603	0.410617	0.412831	0.409404	0.4083	0.474316	0.475793	0.424579	0.433133	0.433402	0.328223	0.340658	0.330731	0.283812	0.339459	0.34029	0.317543	0.33398	0.332298	0.322399	0.379006	0.39519	0.346656	0.318208	0.345522	0.335079	0.340518	0.345522	0.335454	0.319359	0.336186	0.320023	0.271752	0.376304	0.365169	0.386649	0.291436	0.298304	0.314331	0.306272	0.30404	0.331178	0.33571	0.293261	0.262617	0.259792	0.267557	0.267597	0.268305	0.281202	0.292458	0.284995	0.310396	0.310985	0.303825	0.309925	0.305191	0.332293	0.37035	0.310492	0.326785	0.31885	0.350256
Vidua_macroura	0.282521	0.140133	0.144402	0.191876	0.164262	0.147164	0.173204	0.170966	0.131733	0.162055	0.17427	0.153384	0.169525	0.159906	0.16559	0.160868	0.146103	0.150464	0.167119	0.186996	0.159662	0.170746	0.164906	0.162596	0.180999	0.180189	0.174302	0.154155	0.156914	0.167784	0.159695	0.146013	0.187805	0.148246	0.158319	0.151567	0.152637	0.153961	0.148498	0.13774	0.150368	0.15633	0.131188	0.124085	0.127407	0.129479	0.113942	0.119254	0.115916	0.113065	0.120285	0.114787	0.113339	0.115338	0.113901	0.124333	0.120106	0.107288	0.115568	0.0952694	0.0935664	0.0186611	0	0.0675799	0.095959	0.10052	0.105934	0.155883	0.157537	0.128521	0.161365	0.145938	0.138901	0.138983	0.148422	0.145255	0.165089	0.178043	0.16947	0.158348	0.134474	0.146658	0.137448	0.151162	0.133362	0.161591	0.150227	0.147684	0.152224	0.152815	0.147582	0.152225	0.150277	0.148285	0.138282	0.124718	0.140654	0.150657	0.15976	0.189596	0.161382	0.190462	0.169113	0.161845	0.140089	0.153322	0.159135	0.165149	0.165144	0.165223	0.175876	0.152093	0.179031	0.1626	0.177389	0.159494	0.155895	0.163118	0.169647	0.181752	0.186087	0.192537	0.206144	0.181116	0.178742	0.17074	0.159752	0.164245	0.164492	0.150177	0.183319	0.184952	0.182992	0.174177	0.179049	0.190588	0.190948	0.216068	0.208714	0.205368	0.189285	0.214473	0.223991	0.211384	0.249091	0.212826	0.328346	0.370595	0.353373	0.335106	0.316915	0.31449	0.332099	0.326636	0.311817	0.327061	0.346629	0.351268	0.348989	0.34438	0.343982	0.298877	0.309683	0.307529	0.332414	0.325624	0.330058	0.293976	0.301468	0.303775	0.296007	0.305165	0.303935	0.300117	0.280437	0.274123	0.421401	0.423675	0.380881	0.392654	0.371579	0.355528	0.359131	0.281915	0.298432	0.345423	0.354029	0.29187	0.287282	0.3278	0.333214	0.317133	0.382951	0.360371	0.352248	0.356139	0.305692	0.299035	0.314281	0.317396	0.321172	0.355656	0.340646	0.356347	0.364923	0.355251	0.342668	0.382189	0.355362	0.370666	0.461922	0.444564	0.466914	0.450076	0.404896	0.407711	0.342519	0.343476	0.461252	0.48504	0.311363	0.32324	0.308214	0.308224	0.319632	0.319636	0.320862	0.31609	0.314885	0.306277	0.303348	0.335839	0.333854	0.429401	0.324386	0.329593	0.302253	0.367307	0.368917	0.374256	0.374161	0.304107	0.324712	0.327657	0.289418	0.2967	0.293169	0.293509	0.413863	0.465788	0.474449	0.460606	0.498529	0.474456	0.4831	0.485689	0.470776	0.466781	0.429451	0.431818	0.432897	0.440377	0.432186	0.420896	0.368085	0.361358	0.410373	0.412586	0.40916	0.408056	0.474072	0.475549	0.424334	0.432889	0.433158	0.327978	0.340414	0.330487	0.283568	0.339214	0.340046	0.317298	0.333735	0.332054	0.322154	0.378761	0.394945	0.346412	0.317963	0.345277	0.334835	0.340274	0.345277	0.335209	0.319115	0.335941	0.319778	0.271508	0.376059	0.364925	0.386405	0.291192	0.29806	0.314086	0.306028	0.303796	0.330933	0.335466	0.293016	0.262372	0.259547	0.267313	0.267353	0.268061	0.280958	0.292214	0.28475	0.310151	0.310741	0.30358	0.309681	0.304947	0.332049	0.370106	0.310247	0.326541	0.318605	0.350012
Ploceus_nigricollis	0.258423	0.116036	0.120305	0.167779	0.140165	0.123067	0.149107	0.146869	0.107636	0.137958	0.150173	0.129287	0.145428	0.135809	0.141493	0.13677	0.122005	0.126367	0.143022	0.162898	0.135565	0.146649	0.140809	0.138498	0.156901	0.156092	0.150205	0.130058	0.132816	0.143686	0.135597	0.121916	0.163707	0.124149	0.134222	0.12747	0.12854	0.129864	0.1244	0.113642	0.126271	0.132233	0.10709	0.0999875	0.10331	0.105382	0.0898446	0.0951572	0.0918184	0.0889678	0.0961874	0.09069	0.0892413	0.0912411	0.0898035	0.100236	0.0960083	0.0831908	0.0914707	0.0910796	0.0893766	0.0678243	0.0675799	0	0.0718618	0.0764227	0.0818366	0.131786	0.133439	0.104423	0.137268	0.121841	0.114804	0.114885	0.124325	0.121158	0.140992	0.153946	0.145373	0.134251	0.110377	0.122561	0.113351	0.127065	0.109265	0.137494	0.12613	0.123586	0.128126	0.128718	0.123485	0.128127	0.12618	0.124188	0.114185	0.100621	0.116557	0.12656	0.135663	0.165498	0.137285	0.166365	0.145016	0.137747	0.115991	0.129225	0.135038	0.141052	0.141047	0.141126	0.151779	0.127996	0.154934	0.138503	0.153292	0.135397	0.131798	0.139021	0.145549	0.157655	0.16199	0.16844	0.182047	0.157018	0.154644	0.146643	0.135654	0.140147	0.140395	0.126079	0.159222	0.160855	0.158895	0.15008	0.154952	0.166491	0.166851	0.191971	0.184617	0.181271	0.165188	0.190375	0.199893	0.187286	0.224994	0.188729	0.304248	0.346498	0.329276	0.311008	0.292818	0.290393	0.308002	0.302539	0.28772	0.302964	0.322532	0.327171	0.324892	0.320283	0.319884	0.27478	0.285586	0.283432	0.308317	0.301526	0.30596	0.269879	0.277371	0.279678	0.27191	0.281068	0.279838	0.27602	0.256339	0.250026	0.397304	0.399577	0.356784	0.368557	0.347482	0.33143	0.335034	0.257818	0.274335	0.321326	0.329932	0.267773	0.263184	0.303703	0.309117	0.293036	0.358854	0.336274	0.328151	0.332042	0.281595	0.274938	0.290184	0.293298	0.297075	0.331559	0.316549	0.332249	0.340825	0.331154	0.318571	0.358092	0.331264	0.346569	0.437825	0.420467	0.442816	0.425978	0.380799	0.383614	0.318422	0.319379	0.437155	0.460942	0.287265	0.299143	0.284117	0.284126	0.295535	0.295539	0.296765	0.291993	0.290788	0.282179	0.279251	0.311742	0.309757	0.405303	0.300289	0.305496	0.278156	0.34321	0.34482	0.350158	0.350064	0.280009	0.300615	0.303559	0.265321	0.272602	0.269072	0.269412	0.389766	0.44169	0.450351	0.436508	0.474432	0.450359	0.459003	0.461591	0.446679	0.442684	0.405354	0.407721	0.4088	0.41628	0.408089	0.396799	0.343988	0.337261	0.386275	0.388489	0.385063	0.383959	0.449975	0.451451	0.400237	0.408791	0.40906	0.303881	0.316316	0.306389	0.25947	0.315117	0.315949	0.293201	0.309638	0.307957	0.298057	0.354664	0.370848	0.322314	0.293866	0.32118	0.310737	0.316176	0.32118	0.311112	0.295017	0.311844	0.295681	0.24741	0.351962	0.340827	0.362307	0.267095	0.273963	0.289989	0.281931	0.279699	0.306836	0.311368	0.268919	0.238275	0.23545	0.243216	0.243255	0.243963	0.25686	0.268116	0.260653	0.286054	0.286643	0.279483	0.285584	0.280849	0.307952	0.346009	0.28615	0.302444	0.294508	0.325915
Prunella_fulvescens	0.261885	0.119497	0.123766	0.17124	0.143626	0.126528	0.152568	0.15033	0.111097	0.141419	0.153634	0.132748	0.148889	0.13927	0.144954	0.140232	0.125467	0.129828	0.146483	0.16636	0.139026	0.15011	0.14427	0.14196	0.160363	0.159553	0.153666	0.133519	0.136278	0.147148	0.139059	0.125377	0.167169	0.12761	0.137683	0.130931	0.132001	0.133325	0.127862	0.117104	0.129732	0.135694	0.110552	0.103449	0.106771	0.108843	0.0933059	0.0986185	0.0952797	0.092429	0.0996487	0.0941513	0.0927026	0.0947024	0.0932648	0.103697	0.0994696	0.0866521	0.094932	0.119459	0.117756	0.0962034	0.095959	0.0718618	0	0.0311434	0.0852978	0.135247	0.136901	0.107885	0.140729	0.125302	0.118265	0.118347	0.127786	0.124619	0.144453	0.157407	0.148834	0.137712	0.113838	0.126022	0.116812	0.130526	0.112726	0.140955	0.129591	0.127048	0.131588	0.132179	0.126946	0.131589	0.129641	0.127649	0.117646	0.104082	0.120018	0.130021	0.139124	0.16896	0.140746	0.169826	0.148477	0.141209	0.119453	0.132686	0.138499	0.144513	0.144508	0.144587	0.15524	0.131457	0.158395	0.141964	0.156753	0.138858	0.135259	0.142482	0.149011	0.161116	0.165451	0.171901	0.185508	0.16048	0.158106	0.150104	0.139116	0.143609	0.143856	0.129541	0.162683	0.164316	0.162356	0.153541	0.158413	0.169952	0.170312	0.195432	0.188078	0.184732	0.168649	0.193837	0.203355	0.190748	0.228455	0.19219	0.30771	0.349959	0.332737	0.31447	0.296279	0.293854	0.311463	0.306	0.291182	0.306425	0.325993	0.330632	0.328353	0.323744	0.323346	0.278241	0.289047	0.286893	0.311778	0.304988	0.309422	0.27334	0.280832	0.283139	0.275371	0.284529	0.283299	0.279481	0.259801	0.253487	0.400765	0.403039	0.360245	0.372018	0.350943	0.334892	0.338495	0.261279	0.277796	0.324787	0.333393	0.271235	0.266646	0.307164	0.312578	0.296497	0.362315	0.339735	0.331612	0.335503	0.285056	0.278399	0.293645	0.29676	0.300536	0.33502	0.32001	0.335711	0.344287	0.334615	0.322032	0.361553	0.334726	0.35003	0.441286	0.423928	0.446278	0.42944	0.38426	0.387075	0.321883	0.32284	0.440616	0.464404	0.290727	0.302604	0.287578	0.287588	0.298996	0.299	0.300226	0.295454	0.294249	0.285641	0.282712	0.315203	0.313218	0.408765	0.30375	0.308957	0.281617	0.346671	0.348281	0.35362	0.353525	0.283471	0.304076	0.307021	0.268782	0.276064	0.272533	0.272873	0.393227	0.445152	0.453813	0.43997	0.477893	0.45382	0.462464	0.465053	0.45014	0.446145	0.408815	0.411182	0.412261	0.419741	0.41155	0.40026	0.347449	0.340722	0.389737	0.39195	0.388524	0.38742	0.453436	0.454913	0.403698	0.412253	0.412522	0.307342	0.319778	0.309851	0.262932	0.318578	0.31941	0.296662	0.313099	0.311418	0.301518	0.358125	0.374309	0.325776	0.297327	0.324641	0.314199	0.319638	0.324641	0.314573	0.298479	0.315305	0.299142	0.250872	0.355423	0.344289	0.365769	0.270556	0.277424	0.29345	0.285392	0.28316	0.310297	0.31483	0.27238	0.241736	0.238911	0.246677	0.246717	0.247425	0.260322	0.271578	0.264114	0.289515	0.290105	0.282944	0.289045	0.284311	0.311413	0.34947	0.289611	0.305905	0.297969	0.329376
Prunella_himalayana	0.266446	0.124058	0.128327	0.175801	0.148187	0.131089	0.157129	0.154891	0.115658	0.14598	0.158195	0.137309	0.15345	0.143831	0.149515	0.144793	0.130027	0.134389	0.151044	0.170921	0.143587	0.154671	0.148831	0.146521	0.164924	0.164114	0.158227	0.13808	0.140839	0.151709	0.14362	0.129938	0.17173	0.132171	0.142244	0.135492	0.136562	0.137886	0.132423	0.121665	0.134293	0.140255	0.115113	0.10801	0.111332	0.113404	0.0978669	0.103179	0.0998407	0.09699	0.10421	0.0987123	0.0972635	0.0992634	0.0978258	0.108258	0.104031	0.091213	0.099493	0.12402	0.122317	0.100764	0.10052	0.0764227	0.0311434	0	0.0898588	0.139808	0.141462	0.112446	0.14529	0.129863	0.122826	0.122908	0.132347	0.12918	0.149014	0.161968	0.153395	0.142273	0.118399	0.130583	0.121373	0.135087	0.117287	0.145516	0.134152	0.131609	0.136149	0.13674	0.131507	0.13615	0.134202	0.13221	0.122207	0.108643	0.124579	0.134582	0.143685	0.173521	0.145307	0.174387	0.153038	0.145769	0.124014	0.137247	0.14306	0.149074	0.149069	0.149148	0.159801	0.136018	0.162956	0.146525	0.161314	0.143419	0.13982	0.147043	0.153572	0.165677	0.170012	0.176462	0.190069	0.165041	0.162667	0.154665	0.143677	0.14817	0.148417	0.134102	0.167244	0.168877	0.166917	0.158102	0.162974	0.174513	0.174873	0.199993	0.192639	0.189293	0.17321	0.198397	0.207916	0.195309	0.233016	0.196751	0.312271	0.35452	0.337298	0.319031	0.30084	0.298415	0.316024	0.310561	0.295742	0.310986	0.330554	0.335193	0.332914	0.328305	0.327907	0.282802	0.293608	0.291454	0.316339	0.309549	0.313983	0.277901	0.285393	0.2877	0.279932	0.28909	0.28786	0.284042	0.264362	0.258048	0.405326	0.407599	0.364806	0.376579	0.355504	0.339453	0.343056	0.26584	0.282357	0.329348	0.337954	0.275795	0.271207	0.311725	0.317139	0.301058	0.366876	0.344296	0.336173	0.340064	0.289617	0.28296	0.298206	0.301321	0.305097	0.339581	0.324571	0.340272	0.348848	0.339176	0.326593	0.366114	0.339287	0.354591	0.445847	0.428489	0.450839	0.434	0.388821	0.391636	0.326444	0.327401	0.445177	0.468965	0.295288	0.307165	0.292139	0.292149	0.303557	0.303561	0.304787	0.300015	0.29881	0.290202	0.287273	0.319764	0.317779	0.413326	0.308311	0.313518	0.286178	0.351232	0.352842	0.358181	0.358086	0.288032	0.308637	0.311582	0.273343	0.280625	0.277094	0.277434	0.397788	0.449713	0.458374	0.444531	0.482454	0.458381	0.467025	0.469613	0.454701	0.450706	0.413376	0.415743	0.416822	0.424302	0.416111	0.404821	0.35201	0.345283	0.394298	0.396511	0.393085	0.391981	0.457997	0.459474	0.408259	0.416814	0.417083	0.311903	0.324339	0.314412	0.267493	0.323139	0.323971	0.301223	0.31766	0.315979	0.306079	0.362686	0.37887	0.330337	0.301888	0.329202	0.31876	0.324198	0.329202	0.319134	0.30304	0.319866	0.303703	0.255433	0.359984	0.34885	0.37033	0.275117	0.281985	0.298011	0.289953	0.287721	0.314858	0.319391	0.276941	0.246297	0.243472	0.251238	0.251278	0.251986	0.264882	0.276139	0.268675	0.294076	0.294666	0.287505	0.293606	0.288871	0.315974	0.354031	0.294172	0.310466	0.30253	0.333937
Urocynchramus_pylzowi	0.25926	0.116873	0.121142	0.168616	0.141002	0.123904	0.149944	0.147706	0.108473	0.138795	0.15101	0.130124	0.146265	0.136646	0.14233	0.137607	0.122842	0.127204	0.143859	0.163735	0.136402	0.147486	0.141646	0.139335	0.157738	0.156929	0.151042	0.130895	0.133653	0.144523	0.136434	0.122753	0.164544	0.124986	0.135059	0.128307	0.129377	0.130701	0.125237	0.114479	0.127108	0.13307	0.107927	0.100825	0.104147	0.106219	0.0906816	0.0959942	0.0926554	0.0898048	0.0970244	0.091527	0.0900783	0.0920782	0.0906406	0.101073	0.0968453	0.0870704	0.0953504	0.129434	0.127731	0.106178	0.105934	0.0818366	0.0852978	0.0898588	0	0.132623	0.134276	0.10526	0.138105	0.122678	0.115641	0.115722	0.125162	0.121995	0.141829	0.154783	0.14621	0.135088	0.111214	0.123398	0.114188	0.127902	0.110102	0.138331	0.126967	0.124423	0.128963	0.129555	0.124322	0.128964	0.127017	0.125025	0.115022	0.101458	0.117394	0.127397	0.1365	0.166335	0.138122	0.167202	0.145853	0.138584	0.116828	0.130062	0.135875	0.141889	0.141884	0.141963	0.152616	0.128833	0.155771	0.13934	0.154129	0.136234	0.132635	0.139858	0.146386	0.158492	0.162827	0.169277	0.182884	0.157855	0.155481	0.14748	0.136491	0.140984	0.141232	0.126916	0.160059	0.161692	0.159732	0.150917	0.155789	0.167328	0.167688	0.192808	0.185454	0.182108	0.166025	0.191212	0.20073	0.188123	0.225831	0.189566	0.305085	0.347335	0.330113	0.311845	0.293655	0.29123	0.308839	0.303376	0.288557	0.303801	0.323369	0.328008	0.325729	0.32112	0.320721	0.275617	0.286423	0.284269	0.309154	0.302363	0.306797	0.270716	0.278208	0.280515	0.272747	0.281905	0.280675	0.276857	0.257176	0.250863	0.398141	0.400414	0.357621	0.369394	0.348319	0.332267	0.335871	0.258655	0.275172	0.322163	0.330769	0.26861	0.264021	0.30454	0.309954	0.293873	0.359691	0.337111	0.328988	0.332879	0.282432	0.275775	0.291021	0.294135	0.297912	0.332396	0.317386	0.333086	0.341662	0.331991	0.319408	0.358929	0.332101	0.347406	0.438662	0.421304	0.443653	0.426815	0.381636	0.384451	0.319259	0.320216	0.437992	0.461779	0.288102	0.29998	0.284954	0.284963	0.296372	0.296376	0.297602	0.29283	0.291625	0.283016	0.280088	0.312579	0.310594	0.40614	0.301126	0.306333	0.278993	0.344047	0.345657	0.350995	0.350901	0.280846	0.301452	0.304396	0.266158	0.273439	0.269909	0.270249	0.390603	0.442527	0.451188	0.437345	0.475269	0.451196	0.45984	0.462428	0.447516	0.443521	0.406191	0.408558	0.409637	0.417117	0.408926	0.397636	0.344825	0.338098	0.387112	0.389326	0.3859	0.384796	0.450812	0.452288	0.401074	0.409629	0.409897	0.304718	0.317153	0.307226	0.260307	0.315954	0.316786	0.294038	0.310475	0.308794	0.298894	0.355501	0.371685	0.323151	0.294703	0.322017	0.311574	0.317013	0.322017	0.311949	0.295855	0.312681	0.296518	0.248247	0.352799	0.341665	0.363144	0.267932	0.2748	0.290826	0.282768	0.280536	0.307673	0.312205	0.269756	0.239112	0.236287	0.244053	0.244092	0.244801	0.257697	0.268953	0.26149	0.286891	0.28748	0.28032	0.286421	0.281686	0.308789	0.346846	0.286987	0.303281	0.295345	0.326752
Chloropsis_cyanopogon	0.289883	0.147495	0.151764	0.199238	0.171624	0.154526	0.180566	0.178328	0.139095	0.169417	0.181632	0.160746	0.176887	0.167268	0.172952	0.16823	0.153465	0.157826	0.174481	0.194358	0.167024	0.178108	0.172268	0.169958	0.188361	0.187551	0.181664	0.161517	0.164276	0.175146	0.167057	0.153375	0.195167	0.166666	0.176739	0.169987	0.171057	0.172381	0.166917	0.156159	0.168788	0.17475	0.149607	0.142504	0.145827	0.147899	0.132362	0.137674	0.134335	0.131485	0.138704	0.133207	0.131758	0.133758	0.13232	0.142753	0.138525	0.13702	0.1453	0.179383	0.17768	0.156127	0.155883	0.131786	0.135247	0.139808	0.132623	0	0.0642389	0.135881	0.168727	0.1533	0.146263	0.146345	0.155784	0.152617	0.172451	0.185405	0.176832	0.16571	0.141836	0.15402	0.14481	0.158524	0.140724	0.168953	0.157589	0.155046	0.159586	0.160177	0.154944	0.159587	0.157639	0.155647	0.145644	0.13208	0.148016	0.158019	0.167122	0.196958	0.168744	0.197824	0.176475	0.169207	0.147451	0.160684	0.166497	0.172511	0.172506	0.172585	0.183238	0.159455	0.186393	0.169962	0.184751	0.166856	0.163257	0.17048	0.177009	0.189114	0.193449	0.199899	0.213506	0.188478	0.186104	0.178102	0.167114	0.171607	0.171854	0.157539	0.190681	0.192314	0.190354	0.181539	0.186411	0.19795	0.19831	0.22343	0.216076	0.21273	0.196647	0.221835	0.231353	0.218746	0.256453	0.220188	0.335708	0.377957	0.360735	0.342468	0.324277	0.321852	0.339461	0.333998	0.319179	0.334423	0.353991	0.35863	0.356351	0.351742	0.351344	0.306239	0.317045	0.314891	0.339776	0.332986	0.33742	0.301338	0.30883	0.311137	0.303369	0.312527	0.311297	0.307479	0.287799	0.281485	0.428763	0.431037	0.388243	0.400016	0.378941	0.36289	0.366493	0.289277	0.305794	0.352785	0.361391	0.299233	0.294644	0.335162	0.340576	0.324495	0.390313	0.367733	0.35961	0.363501	0.313054	0.306397	0.321643	0.324758	0.328534	0.363018	0.348008	0.363709	0.372285	0.362613	0.35003	0.389551	0.362724	0.378028	0.469284	0.451926	0.474276	0.457438	0.412258	0.415073	0.349881	0.350838	0.468614	0.492402	0.318725	0.330602	0.315576	0.315586	0.326994	0.326998	0.328224	0.323452	0.322247	0.313639	0.31071	0.343201	0.341216	0.436763	0.331748	0.336955	0.309615	0.374669	0.376279	0.381618	0.381523	0.311469	0.332074	0.335019	0.29678	0.304062	0.300531	0.300871	0.421225	0.47315	0.481811	0.467968	0.505891	0.481818	0.490462	0.493051	0.478138	0.474143	0.436813	0.43918	0.440259	0.447739	0.439548	0.428258	0.375447	0.36872	0.417735	0.419948	0.416522	0.415418	0.481434	0.482911	0.431696	0.440251	0.44052	0.33534	0.347776	0.337849	0.29093	0.346576	0.347408	0.32466	0.341097	0.339416	0.329516	0.386123	0.402307	0.353774	0.325325	0.352639	0.342197	0.347636	0.352639	0.342571	0.326477	0.343303	0.32714	0.27887	0.383421	0.372287	0.393767	0.298554	0.305422	0.321448	0.31339	0.311158	0.338295	0.342828	0.300378	0.269734	0.266909	0.274675	0.274715	0.275423	0.28832	0.299576	0.292112	0.317513	0.318103	0.310942	0.317043	0.312309	0.339411	0.377468	0.317609	0.333903	0.325967	0.357374
Chloropsis_hardwickii	0.291536	0.149149	0.153418	0.200892	0.173278	0.15618	0.18222	0.179982	0.140749	0.171071	0.183285	0.1624	0.178541	0.168922	0.174606	0.169883	0.155118	0.15948	0.176135	0.196011	0.168678	0.179762	0.173922	0.171611	0.190014	0.189205	0.183318	0.163171	0.165929	0.176799	0.16871	0.155029	0.19682	0.168319	0.178393	0.171641	0.17271	0.174035	0.168571	0.157813	0.170441	0.176404	0.151261	0.144158	0.14748	0.149552	0.134015	0.139328	0.135989	0.133138	0.140358	0.134861	0.133412	0.135412	0.133974	0.144406	0.140179	0.138673	0.146953	0.181036	0.179333	0.157781	0.157537	0.133439	0.136901	0.141462	0.134276	0.0642389	0	0.137534	0.170381	0.154953	0.147917	0.147998	0.157438	0.154271	0.174104	0.187058	0.178486	0.167364	0.14349	0.155674	0.146464	0.160178	0.142377	0.170606	0.159243	0.156699	0.161239	0.161831	0.156598	0.16124	0.159293	0.157301	0.147298	0.133734	0.14967	0.159673	0.168776	0.198611	0.170397	0.199478	0.178129	0.17086	0.149104	0.162337	0.168151	0.174165	0.17416	0.174239	0.184892	0.161109	0.188047	0.171616	0.186405	0.16851	0.164911	0.172134	0.178662	0.190768	0.195103	0.201553	0.21516	0.190131	0.187757	0.179756	0.168767	0.17326	0.173508	0.159192	0.192335	0.193968	0.192008	0.183193	0.188065	0.199604	0.199964	0.225084	0.217729	0.214384	0.198301	0.223488	0.233006	0.220399	0.258107	0.221842	0.337361	0.37961	0.362388	0.344121	0.325931	0.323506	0.341115	0.335652	0.320833	0.336077	0.355645	0.360284	0.358005	0.353396	0.352997	0.307893	0.318699	0.316545	0.34143	0.334639	0.339073	0.302991	0.310484	0.312791	0.305023	0.314181	0.312951	0.309133	0.289452	0.283139	0.430417	0.43269	0.389897	0.40167	0.380595	0.364543	0.368147	0.290931	0.307448	0.354439	0.363045	0.300886	0.296297	0.336816	0.34223	0.326149	0.391967	0.369387	0.361264	0.365155	0.314708	0.308051	0.323296	0.326411	0.330188	0.364672	0.349662	0.365362	0.373938	0.364267	0.351684	0.391205	0.364377	0.379682	0.470938	0.45358	0.475929	0.459091	0.413912	0.416727	0.351535	0.352492	0.470268	0.494055	0.320378	0.332256	0.31723	0.317239	0.328647	0.328652	0.329878	0.325106	0.323901	0.315292	0.312364	0.344855	0.34287	0.438416	0.333402	0.338609	0.311269	0.376323	0.377933	0.383271	0.383177	0.313122	0.333728	0.336672	0.298434	0.305715	0.302185	0.302525	0.422878	0.474803	0.483464	0.469621	0.507545	0.483471	0.492116	0.494704	0.479792	0.475797	0.438467	0.440834	0.441913	0.449393	0.441202	0.429912	0.377101	0.370374	0.419388	0.421602	0.418176	0.417072	0.483088	0.484564	0.43335	0.441904	0.442173	0.336994	0.349429	0.339502	0.292583	0.34823	0.349061	0.326314	0.342751	0.34107	0.33117	0.387777	0.403961	0.355427	0.326979	0.354293	0.34385	0.349289	0.354293	0.344225	0.32813	0.344957	0.328794	0.280523	0.385075	0.37394	0.39542	0.300208	0.307076	0.323102	0.315044	0.312812	0.339949	0.344481	0.302032	0.271388	0.268563	0.276329	0.276368	0.277076	0.289973	0.301229	0.293766	0.319167	0.319756	0.312596	0.318697	0.313962	0.341065	0.379121	0.319263	0.335557	0.327621	0.359028
Motacilla_alba	0.26252	0.120133	0.124401	0.171876	0.144262	0.127164	0.153204	0.150966	0.111733	0.142055	0.154269	0.133384	0.149525	0.139906	0.14559	0.140867	0.126102	0.130464	0.147119	0.166995	0.139662	0.150746	0.144906	0.142595	0.160998	0.160189	0.154302	0.134155	0.136913	0.147783	0.139694	0.126013	0.167804	0.139303	0.149376	0.142625	0.143694	0.145019	0.139555	0.128797	0.141425	0.147388	0.122245	0.115142	0.118464	0.120536	0.104999	0.110312	0.106973	0.104122	0.111342	0.105845	0.104396	0.106396	0.104958	0.11539	0.111163	0.109657	0.117937	0.15202	0.150317	0.128765	0.128521	0.104423	0.107885	0.112446	0.10526	0.135881	0.137534	0	0.141365	0.125937	0.118901	0.118982	0.128422	0.125254	0.145088	0.158042	0.14947	0.138348	0.114474	0.126657	0.117448	0.131162	0.113361	0.14159	0.130227	0.127683	0.132223	0.132815	0.127582	0.132224	0.130277	0.128285	0.118282	0.104718	0.120654	0.130657	0.13976	0.169595	0.141381	0.170462	0.149112	0.141844	0.120088	0.133321	0.139135	0.145149	0.145144	0.145223	0.155876	0.132093	0.15903	0.1426	0.157388	0.139494	0.135895	0.143118	0.149646	0.161752	0.166087	0.172537	0.186144	0.161115	0.158741	0.15074	0.139751	0.144244	0.144492	0.130176	0.163319	0.164952	0.162992	0.154176	0.159049	0.170588	0.170948	0.196068	0.188713	0.185368	0.169285	0.194472	0.20399	0.191383	0.22909	0.192826	0.308345	0.350594	0.333372	0.315105	0.296915	0.29449	0.312099	0.306636	0.291817	0.307061	0.326629	0.331268	0.328989	0.32438	0.323981	0.278877	0.289683	0.287529	0.312414	0.305623	0.310057	0.273975	0.281468	0.283775	0.276007	0.285164	0.283935	0.280117	0.260436	0.254123	0.401401	0.403674	0.360881	0.372654	0.351579	0.335527	0.339131	0.261915	0.278432	0.325423	0.334029	0.27187	0.267281	0.3078	0.313214	0.297133	0.362951	0.34037	0.332247	0.336139	0.285692	0.279035	0.29428	0.297395	0.301172	0.335656	0.320646	0.336346	0.344922	0.335251	0.322668	0.362188	0.335361	0.350666	0.441922	0.424564	0.446913	0.430075	0.384896	0.387711	0.322519	0.323476	0.441252	0.465039	0.291362	0.30324	0.288214	0.288223	0.299631	0.299636	0.300862	0.29609	0.294885	0.286276	0.283348	0.315839	0.313854	0.4094	0.304386	0.309592	0.282253	0.347307	0.348917	0.354255	0.35416	0.284106	0.304711	0.307656	0.269418	0.276699	0.273169	0.273509	0.393862	0.445787	0.454448	0.440605	0.478529	0.454455	0.4631	0.465688	0.450775	0.446781	0.40945	0.411818	0.412897	0.420377	0.412186	0.400896	0.348085	0.341358	0.390372	0.392586	0.38916	0.388055	0.454071	0.455548	0.404334	0.412888	0.413157	0.307978	0.320413	0.310486	0.263567	0.319214	0.320045	0.297298	0.313735	0.312053	0.302154	0.358761	0.374945	0.326411	0.297963	0.325277	0.314834	0.320273	0.325277	0.315209	0.299114	0.315941	0.299778	0.251507	0.356059	0.344924	0.366404	0.271192	0.27806	0.294086	0.286027	0.283796	0.310933	0.315465	0.273016	0.242372	0.239547	0.247313	0.247352	0.24806	0.260957	0.272213	0.26475	0.290151	0.29074	0.28358	0.289681	0.284946	0.312049	0.350105	0.290247	0.306541	0.298605	0.330012
Elachura_formosa	0.28998	0.147593	0.151861	0.199336	0.171722	0.154624	0.180664	0.178426	0.139193	0.169515	0.181729	0.160844	0.176985	0.167366	0.17305	0.168327	0.153562	0.157924	0.174579	0.194455	0.167122	0.178206	0.172366	0.170055	0.188458	0.187649	0.181762	0.161615	0.164373	0.175243	0.167154	0.153473	0.195264	0.172148	0.182221	0.175469	0.176539	0.177863	0.1724	0.161642	0.17427	0.180232	0.155089	0.147987	0.151309	0.153381	0.137844	0.143156	0.139818	0.136967	0.144187	0.138689	0.13724	0.13924	0.137803	0.148235	0.144007	0.142502	0.150782	0.184865	0.183162	0.16161	0.161365	0.137268	0.140729	0.14529	0.138105	0.168727	0.170381	0.141365	0	0.153391	0.146361	0.146442	0.155882	0.152714	0.172548	0.185502	0.17693	0.165808	0.141934	0.154117	0.144908	0.158622	0.140821	0.16905	0.157687	0.155143	0.159683	0.160275	0.155042	0.159684	0.157737	0.155745	0.145742	0.132178	0.148114	0.158117	0.16722	0.197055	0.168841	0.197922	0.176572	0.169304	0.147548	0.160781	0.166595	0.172609	0.172604	0.172683	0.183336	0.159553	0.18649	0.17006	0.184848	0.166954	0.163355	0.170578	0.177106	0.189212	0.193547	0.199997	0.213604	0.188575	0.186201	0.1782	0.167211	0.171704	0.171952	0.157636	0.190779	0.192412	0.190452	0.181636	0.186509	0.198048	0.198408	0.223528	0.216173	0.212828	0.196745	0.221932	0.23145	0.218843	0.25655	0.220286	0.335805	0.378054	0.360832	0.342565	0.324375	0.32195	0.339559	0.334096	0.319277	0.334521	0.354089	0.358728	0.356449	0.35184	0.351441	0.306337	0.317143	0.314989	0.339874	0.333083	0.337517	0.301435	0.308928	0.311235	0.303467	0.312624	0.311395	0.307577	0.287896	0.281583	0.428861	0.431134	0.388341	0.400114	0.379039	0.362987	0.366591	0.289375	0.305892	0.352883	0.361489	0.29933	0.294741	0.33526	0.340674	0.324593	0.390411	0.36783	0.359707	0.363598	0.313152	0.306495	0.32174	0.324855	0.328632	0.363116	0.348106	0.363806	0.372382	0.362711	0.350128	0.389648	0.362821	0.378126	0.469382	0.452024	0.474373	0.457535	0.412356	0.415171	0.349979	0.350936	0.468712	0.492499	0.318822	0.3307	0.315674	0.315683	0.327091	0.327096	0.328322	0.32355	0.322345	0.313736	0.310808	0.343299	0.341314	0.43686	0.331846	0.337052	0.309713	0.374767	0.376377	0.381715	0.38162	0.311566	0.332171	0.335116	0.296878	0.304159	0.300629	0.300969	0.421322	0.473247	0.481908	0.468065	0.505989	0.481915	0.49056	0.493148	0.478235	0.474241	0.43691	0.439278	0.440357	0.447837	0.439646	0.428356	0.375545	0.368818	0.417832	0.420046	0.41662	0.415515	0.481531	0.483008	0.431794	0.440348	0.440617	0.335438	0.347873	0.337946	0.291027	0.346674	0.347505	0.324758	0.341195	0.339513	0.329614	0.386221	0.402405	0.353871	0.325423	0.352737	0.342294	0.347733	0.352737	0.342669	0.326574	0.343401	0.327238	0.278967	0.383519	0.372384	0.393864	0.298652	0.30552	0.321546	0.313487	0.311256	0.338393	0.342925	0.300476	0.269832	0.267007	0.274773	0.274812	0.27552	0.288417	0.299673	0.29221	0.317611	0.3182	0.31104	0.317141	0.312406	0.339509	0.377565	0.317707	0.334001	0.326065	0.357472
Irena_cyanogastra	0.274553	0.132165	0.136434	0.183908	0.156294	0.139196	0.165236	0.162998	0.123765	0.154087	0.166302	0.145416	0.161557	0.151938	0.157622	0.1529	0.138134	0.142496	0.159151	0.179028	0.151694	0.162778	0.156938	0.154628	0.173031	0.172221	0.166334	0.146187	0.148946	0.159816	0.151727	0.138045	0.179837	0.15672	0.166794	0.160042	0.161111	0.162436	0.156972	0.146214	0.158842	0.164805	0.139662	0.132559	0.135881	0.137954	0.122416	0.127729	0.12439	0.121539	0.128759	0.123262	0.121813	0.123813	0.122375	0.132807	0.12858	0.127074	0.135354	0.169438	0.167734	0.146182	0.145938	0.121841	0.125302	0.129863	0.122678	0.1533	0.154953	0.125937	0.153391	0	0.130933	0.131014	0.140454	0.137287	0.157121	0.170075	0.161502	0.15038	0.126506	0.13869	0.12948	0.143194	0.125394	0.153623	0.142259	0.139716	0.144256	0.144847	0.139614	0.144257	0.142309	0.140317	0.130314	0.11675	0.132686	0.142689	0.151792	0.181628	0.153414	0.182494	0.161145	0.153876	0.132121	0.145354	0.151167	0.157181	0.157176	0.157255	0.167908	0.144125	0.171063	0.154632	0.169421	0.151526	0.147927	0.15515	0.161679	0.173784	0.178119	0.184569	0.198176	0.173148	0.170774	0.162772	0.151784	0.156276	0.156524	0.142209	0.175351	0.176984	0.175024	0.166209	0.171081	0.18262	0.18298	0.2081	0.200746	0.1974	0.181317	0.206504	0.216023	0.203416	0.241123	0.204858	0.320378	0.362627	0.345405	0.327138	0.308947	0.306522	0.324131	0.318668	0.303849	0.319093	0.338661	0.3433	0.341021	0.336412	0.336014	0.290909	0.301715	0.299561	0.324446	0.317656	0.32209	0.286008	0.2935	0.295807	0.288039	0.297197	0.295967	0.292149	0.272469	0.266155	0.413433	0.415706	0.372913	0.384686	0.363611	0.34756	0.351163	0.273947	0.290464	0.337455	0.346061	0.283902	0.279314	0.319832	0.325246	0.309165	0.374983	0.352403	0.34428	0.348171	0.297724	0.291067	0.306313	0.309428	0.313204	0.347688	0.332678	0.348379	0.356955	0.347283	0.3347	0.374221	0.347394	0.362698	0.453954	0.436596	0.458946	0.442107	0.396928	0.399743	0.334551	0.335508	0.453284	0.477072	0.303395	0.315272	0.300246	0.300256	0.311664	0.311668	0.312894	0.308122	0.306917	0.298309	0.29538	0.327871	0.325886	0.421433	0.316418	0.321625	0.294285	0.359339	0.360949	0.366288	0.366193	0.296139	0.316744	0.319689	0.28145	0.288732	0.285201	0.285541	0.405895	0.457819	0.466481	0.452638	0.490561	0.466488	0.475132	0.47772	0.462808	0.458813	0.421483	0.42385	0.424929	0.432409	0.424218	0.412928	0.360117	0.35339	0.402405	0.404618	0.401192	0.400088	0.466104	0.467581	0.416366	0.424921	0.42519	0.32001	0.332446	0.322519	0.2756	0.331246	0.332078	0.30933	0.325767	0.324086	0.314186	0.370793	0.386977	0.338444	0.309995	0.337309	0.326867	0.332305	0.337309	0.327241	0.311147	0.327973	0.31181	0.26354	0.368091	0.356957	0.378437	0.283224	0.290092	0.306118	0.29806	0.295828	0.322965	0.327497	0.285048	0.254404	0.251579	0.259345	0.259385	0.260093	0.272989	0.284246	0.276782	0.302183	0.302773	0.295612	0.301713	0.296978	0.324081	0.362138	0.302279	0.318573	0.310637	0.342044
Certhia_brachydactyla	0.26427	0.121882	0.126151	0.173626	0.146012	0.128914	0.154954	0.152715	0.113482	0.143805	0.156019	0.135133	0.151275	0.141656	0.14734	0.142617	0.127852	0.132214	0.148869	0.168745	0.141412	0.152496	0.146656	0.144345	0.162748	0.161939	0.156052	0.135905	0.138663	0.149533	0.141444	0.127763	0.169554	0.149684	0.159757	0.153005	0.154075	0.155399	0.149936	0.139178	0.151806	0.157768	0.132626	0.125523	0.128845	0.130917	0.11538	0.120692	0.117354	0.114503	0.121723	0.116225	0.114777	0.116776	0.115339	0.125771	0.121544	0.120038	0.128318	0.162401	0.160698	0.139146	0.138901	0.114804	0.118265	0.122826	0.115641	0.146263	0.147917	0.118901	0.146361	0.130933	0	0.0170799	0.113212	0.127002	0.146838	0.159792	0.15122	0.140097	0.116224	0.128407	0.119198	0.132911	0.115111	0.14334	0.131977	0.129433	0.133973	0.134564	0.129332	0.133974	0.132026	0.130034	0.120032	0.106468	0.122404	0.132407	0.14151	0.171345	0.143131	0.172212	0.150862	0.143594	0.121838	0.135071	0.140885	0.146899	0.146894	0.146972	0.157626	0.133843	0.16078	0.14435	0.159138	0.141243	0.137645	0.144868	0.151396	0.163502	0.167837	0.174287	0.187894	0.162865	0.160491	0.15249	0.141501	0.145994	0.146242	0.131926	0.165069	0.166702	0.164742	0.155926	0.160798	0.172337	0.172697	0.197818	0.190463	0.187118	0.171035	0.196222	0.20574	0.193133	0.23084	0.194576	0.310095	0.352344	0.335122	0.316855	0.298665	0.296239	0.313849	0.308386	0.293567	0.30881	0.328379	0.333018	0.330739	0.32613	0.325731	0.280627	0.291433	0.289279	0.314163	0.307373	0.311807	0.275725	0.283217	0.285525	0.277756	0.286914	0.285684	0.281867	0.262186	0.255873	0.40315	0.405424	0.362631	0.374404	0.353328	0.337277	0.34088	0.263665	0.280182	0.327173	0.335779	0.27362	0.269031	0.30955	0.314964	0.298883	0.3647	0.34212	0.333997	0.337888	0.287442	0.280785	0.29603	0.299145	0.302922	0.337405	0.322395	0.338096	0.346672	0.337001	0.324417	0.363938	0.337111	0.352416	0.443672	0.426314	0.448663	0.431825	0.386645	0.38946	0.324269	0.325226	0.443002	0.466789	0.293112	0.30499	0.289963	0.289973	0.301381	0.301385	0.302612	0.297839	0.296635	0.288026	0.285098	0.317589	0.315603	0.41115	0.306136	0.311342	0.284002	0.349057	0.350667	0.356005	0.35591	0.285856	0.306461	0.309406	0.271168	0.278449	0.274918	0.275258	0.395612	0.447537	0.456198	0.442355	0.480279	0.456205	0.464849	0.467438	0.452525	0.448531	0.4112	0.413567	0.414647	0.422127	0.413936	0.402646	0.349835	0.343108	0.392122	0.394336	0.390909	0.389805	0.455821	0.457298	0.406084	0.414638	0.414907	0.309728	0.322163	0.312236	0.265317	0.320964	0.321795	0.299048	0.315485	0.313803	0.303904	0.360511	0.376695	0.328161	0.299713	0.327027	0.316584	0.322023	0.327027	0.316959	0.300864	0.317691	0.301528	0.253257	0.357809	0.346674	0.368154	0.272941	0.279809	0.295836	0.287777	0.285545	0.312683	0.317215	0.274766	0.244122	0.241297	0.249062	0.249102	0.24981	0.262707	0.273963	0.2665	0.291901	0.29249	0.28533	0.29143	0.286696	0.313799	0.351855	0.291997	0.30829	0.300355	0.331762
Certhia_familiaris	0.264351	0.121963	0.126232	0.173707	0.146093	0.128995	0.155035	0.152797	0.113563	0.143886	0.1561	0.135215	0.151356	0.141737	0.147421	0.142698	0.127933	0.132295	0.14895	0.168826	0.141493	0.152577	0.146737	0.144426	0.162829	0.16202	0.156133	0.135986	0.138744	0.149614	0.141525	0.127844	0.169635	0.149765	0.159838	0.153086	0.154156	0.15548	0.150017	0.139259	0.151887	0.15785	0.132707	0.125604	0.128926	0.130998	0.115461	0.120774	0.117435	0.114584	0.121804	0.116306	0.114858	0.116857	0.11542	0.125852	0.121625	0.120119	0.128399	0.162482	0.160779	0.139227	0.138983	0.114885	0.118347	0.122908	0.115722	0.146345	0.147998	0.118982	0.146442	0.131014	0.0170799	0	0.113293	0.127083	0.146919	0.159873	0.151301	0.140179	0.116305	0.128488	0.119279	0.132993	0.115192	0.143421	0.132058	0.129514	0.134054	0.134646	0.129413	0.134055	0.132108	0.130116	0.120113	0.106549	0.122485	0.132488	0.141591	0.171426	0.143212	0.172293	0.150943	0.143675	0.121919	0.135152	0.140966	0.14698	0.146975	0.147054	0.157707	0.133924	0.160861	0.144431	0.159219	0.141324	0.137726	0.144949	0.151477	0.163583	0.167918	0.174368	0.187975	0.162946	0.160572	0.152571	0.141582	0.146075	0.146323	0.132007	0.16515	0.166783	0.164823	0.156007	0.16088	0.172419	0.172779	0.197899	0.190544	0.187199	0.171116	0.196303	0.205821	0.193214	0.230921	0.194657	0.310176	0.352425	0.335203	0.316936	0.298746	0.296321	0.31393	0.308467	0.293648	0.308892	0.32846	0.333099	0.33082	0.326211	0.325812	0.280708	0.291514	0.28936	0.314245	0.307454	0.311888	0.275806	0.283299	0.285606	0.277837	0.286995	0.285766	0.281948	0.262267	0.255954	0.403231	0.405505	0.362712	0.374485	0.35341	0.337358	0.340962	0.263746	0.280263	0.327254	0.33586	0.273701	0.269112	0.309631	0.315045	0.298964	0.364782	0.342201	0.334078	0.337969	0.287523	0.280866	0.296111	0.299226	0.303003	0.337487	0.322477	0.338177	0.346753	0.337082	0.324498	0.364019	0.337192	0.352497	0.443753	0.426395	0.448744	0.431906	0.386727	0.389542	0.32435	0.325307	0.443083	0.46687	0.293193	0.305071	0.290045	0.290054	0.301462	0.301466	0.302693	0.29792	0.296716	0.288107	0.285179	0.31767	0.315684	0.411231	0.306217	0.311423	0.284083	0.349138	0.350748	0.356086	0.355991	0.285937	0.306542	0.309487	0.271249	0.27853	0.274999	0.275339	0.395693	0.447618	0.456279	0.442436	0.48036	0.456286	0.464931	0.467519	0.452606	0.448612	0.411281	0.413649	0.414728	0.422208	0.414017	0.402727	0.349916	0.343189	0.392203	0.394417	0.390991	0.389886	0.455902	0.457379	0.406165	0.414719	0.414988	0.309809	0.322244	0.312317	0.265398	0.321045	0.321876	0.299129	0.315566	0.313884	0.303985	0.360592	0.376776	0.328242	0.299794	0.327108	0.316665	0.322104	0.327108	0.31704	0.300945	0.317772	0.301609	0.253338	0.35789	0.346755	0.368235	0.273023	0.27989	0.295917	0.287858	0.285626	0.312764	0.317296	0.274847	0.244203	0.241378	0.249144	0.249183	0.249891	0.262788	0.274044	0.266581	0.291982	0.292571	0.285411	0.291511	0.286777	0.31388	0.351936	0.292078	0.308371	0.300436	0.331843
Tichodroma_muraria	0.273791	0.131403	0.135672	0.183146	0.155532	0.138434	0.164474	0.162236	0.123003	0.153325	0.16554	0.144654	0.160795	0.151176	0.15686	0.152138	0.137373	0.141734	0.158389	0.178266	0.150932	0.162016	0.156176	0.153866	0.172269	0.171459	0.165572	0.145425	0.148184	0.159054	0.150965	0.137283	0.179075	0.159205	0.169278	0.162526	0.163596	0.16492	0.159456	0.148698	0.161327	0.167289	0.142146	0.135043	0.138365	0.140438	0.1249	0.130213	0.126874	0.124024	0.131243	0.125746	0.124297	0.126297	0.124859	0.135292	0.131064	0.129559	0.137839	0.171922	0.170219	0.148666	0.148422	0.124325	0.127786	0.132347	0.125162	0.155784	0.157438	0.128422	0.155882	0.140454	0.113212	0.113293	0	0.136523	0.156359	0.169313	0.16074	0.149618	0.125744	0.137928	0.128718	0.142432	0.124632	0.152861	0.141497	0.138954	0.143494	0.144085	0.138852	0.143495	0.141547	0.139555	0.129552	0.115988	0.131924	0.141927	0.15103	0.180866	0.152652	0.181732	0.160383	0.153115	0.131359	0.144592	0.150405	0.156419	0.156414	0.156493	0.167146	0.143363	0.170301	0.15387	0.168659	0.150764	0.147165	0.154388	0.160917	0.173022	0.177357	0.183807	0.197414	0.172386	0.170012	0.16201	0.151022	0.155515	0.155762	0.141447	0.174589	0.176222	0.174262	0.165447	0.170319	0.181858	0.182218	0.207338	0.199984	0.196638	0.180555	0.205743	0.215261	0.202654	0.240361	0.204096	0.319616	0.361865	0.344643	0.326376	0.308185	0.30576	0.323369	0.317906	0.303087	0.318331	0.337899	0.342538	0.340259	0.33565	0.335252	0.290147	0.300953	0.298799	0.323684	0.316894	0.321328	0.285246	0.292738	0.295045	0.287277	0.296435	0.295205	0.291387	0.271707	0.265393	0.412671	0.414945	0.372151	0.383924	0.362849	0.346798	0.350401	0.273185	0.289702	0.336693	0.345299	0.283141	0.278552	0.31907	0.324484	0.308403	0.374221	0.351641	0.343518	0.347409	0.296962	0.290305	0.305551	0.308666	0.312442	0.346926	0.331916	0.347617	0.356193	0.346521	0.333938	0.373459	0.346632	0.361936	0.453192	0.435834	0.458184	0.441346	0.396166	0.398981	0.333789	0.334746	0.452522	0.47631	0.302633	0.31451	0.299484	0.299494	0.310902	0.310906	0.312132	0.30736	0.306155	0.297547	0.294618	0.327109	0.325124	0.420671	0.315656	0.320863	0.293523	0.358577	0.360187	0.365526	0.365431	0.295377	0.315982	0.318927	0.280688	0.28797	0.284439	0.284779	0.405133	0.457058	0.465719	0.451876	0.489799	0.465726	0.47437	0.476959	0.462046	0.458051	0.420721	0.423088	0.424167	0.431647	0.423456	0.412166	0.359355	0.352628	0.401643	0.403856	0.40043	0.399326	0.465342	0.466819	0.415604	0.424159	0.424428	0.319248	0.331684	0.321757	0.274838	0.330484	0.331316	0.308568	0.325005	0.323324	0.313424	0.370031	0.386215	0.337682	0.309233	0.336547	0.326105	0.331544	0.336547	0.326479	0.310385	0.327211	0.311048	0.262778	0.367329	0.356195	0.377675	0.282462	0.28933	0.305356	0.297298	0.295066	0.322203	0.326736	0.284286	0.253642	0.250817	0.258583	0.258623	0.259331	0.272228	0.283484	0.27602	0.301421	0.302011	0.29485	0.300951	0.296217	0.323319	0.361376	0.301517	0.317811	0.309875	0.341282
Sitta_europaea	0.270624	0.128236	0.132505	0.179979	0.152365	0.135267	0.161307	0.159069	0.119836	0.150158	0.162373	0.141487	0.157628	0.148009	0.153693	0.14897	0.134205	0.138567	0.155222	0.175099	0.147765	0.158849	0.153009	0.150698	0.169102	0.168292	0.162405	0.142258	0.145017	0.155887	0.147797	0.134116	0.175907	0.156037	0.166111	0.159359	0.160429	0.161753	0.156289	0.145531	0.158159	0.164122	0.138979	0.131876	0.135198	0.137271	0.121733	0.127046	0.123707	0.120856	0.128076	0.122579	0.12113	0.12313	0.121692	0.132124	0.127897	0.126391	0.134671	0.168755	0.167052	0.145499	0.145255	0.121158	0.124619	0.12918	0.121995	0.152617	0.154271	0.125254	0.152714	0.137287	0.127002	0.127083	0.136523	0	0.153192	0.166146	0.157573	0.146451	0.122577	0.134761	0.125551	0.139265	0.121465	0.149694	0.13833	0.135786	0.140326	0.140918	0.135685	0.140328	0.13838	0.136388	0.126385	0.112821	0.128757	0.13876	0.147863	0.177698	0.149485	0.178565	0.157216	0.149947	0.128191	0.141425	0.147238	0.153252	0.153247	0.153326	0.163979	0.140196	0.167134	0.150703	0.165492	0.147597	0.143998	0.151221	0.157749	0.169855	0.17419	0.18064	0.194247	0.169219	0.166844	0.158843	0.147855	0.152347	0.152595	0.13828	0.171422	0.173055	0.171095	0.16228	0.167152	0.178691	0.179051	0.204171	0.196817	0.193471	0.177388	0.202575	0.212093	0.199486	0.237194	0.200929	0.316448	0.358698	0.341476	0.323209	0.305018	0.302593	0.320202	0.314739	0.29992	0.315164	0.334732	0.339371	0.337092	0.332483	0.332085	0.28698	0.297786	0.295632	0.320517	0.313726	0.31816	0.282079	0.289571	0.291878	0.28411	0.293268	0.292038	0.28822	0.268539	0.262226	0.409504	0.411777	0.368984	0.380757	0.359682	0.343631	0.347234	0.270018	0.286535	0.333526	0.342132	0.279973	0.275384	0.315903	0.321317	0.305236	0.371054	0.348474	0.340351	0.344242	0.293795	0.287138	0.302384	0.305499	0.309275	0.343759	0.328749	0.34445	0.353025	0.343354	0.330771	0.370292	0.343464	0.358769	0.450025	0.432667	0.455017	0.438178	0.392999	0.395814	0.330622	0.331579	0.449355	0.473143	0.299465	0.311343	0.296317	0.296327	0.307735	0.307739	0.308965	0.304193	0.302988	0.294379	0.291451	0.323942	0.321957	0.417504	0.312489	0.317696	0.290356	0.35541	0.35702	0.362359	0.362264	0.292209	0.312815	0.315759	0.277521	0.284802	0.281272	0.281612	0.401966	0.45389	0.462551	0.448708	0.486632	0.462559	0.471203	0.473791	0.458879	0.454884	0.417554	0.419921	0.421	0.42848	0.420289	0.408999	0.356188	0.349461	0.398475	0.400689	0.397263	0.396159	0.462175	0.463651	0.412437	0.420992	0.421261	0.316081	0.328517	0.318589	0.271671	0.327317	0.328149	0.305401	0.321838	0.320157	0.310257	0.366864	0.383048	0.334514	0.306066	0.33338	0.322937	0.328376	0.33338	0.323312	0.307218	0.324044	0.307881	0.259611	0.364162	0.353028	0.374507	0.279295	0.286163	0.302189	0.294131	0.291899	0.319036	0.323568	0.281119	0.250475	0.24765	0.255416	0.255456	0.256164	0.26906	0.280316	0.272853	0.298254	0.298844	0.291683	0.297784	0.293049	0.320152	0.358209	0.29835	0.314644	0.306708	0.338115
Anthoscopus_minutus	0.287662	0.145274	0.149543	0.197017	0.169403	0.152305	0.178345	0.176107	0.136874	0.167196	0.179411	0.158525	0.174666	0.165047	0.170731	0.166009	0.151243	0.155605	0.17226	0.192137	0.164803	0.175887	0.170047	0.167737	0.18614	0.18533	0.179443	0.159296	0.162055	0.172925	0.164836	0.151154	0.192946	0.175871	0.185945	0.179193	0.180262	0.181587	0.176123	0.165365	0.177993	0.183956	0.158813	0.15171	0.155032	0.157105	0.141567	0.14688	0.143541	0.14069	0.14791	0.142413	0.140964	0.142964	0.141526	0.151958	0.147731	0.146225	0.154505	0.188589	0.186885	0.165333	0.165089	0.140992	0.144453	0.149014	0.141829	0.172451	0.174104	0.145088	0.172548	0.157121	0.146838	0.146919	0.156359	0.153192	0	0.159767	0.151194	0.140072	0.133899	0.146082	0.136873	0.150586	0.132786	0.161015	0.149652	0.147108	0.151648	0.152239	0.147007	0.151649	0.149701	0.150265	0.140262	0.126699	0.145795	0.155798	0.164901	0.194736	0.166523	0.195603	0.174254	0.166985	0.14523	0.158463	0.164276	0.17029	0.170285	0.170364	0.181017	0.157234	0.184172	0.167741	0.18253	0.164635	0.161036	0.168259	0.174787	0.186893	0.191228	0.197678	0.211285	0.186257	0.183883	0.175881	0.164893	0.169385	0.169633	0.155318	0.18846	0.190093	0.188133	0.179318	0.18419	0.195729	0.196089	0.221209	0.213855	0.210509	0.194426	0.219613	0.229132	0.216524	0.254232	0.217967	0.333486	0.375736	0.358514	0.340247	0.322056	0.319631	0.33724	0.331777	0.316958	0.332202	0.35177	0.356409	0.35413	0.349521	0.349123	0.304018	0.314824	0.31267	0.337555	0.330764	0.335199	0.299117	0.306609	0.308916	0.301148	0.310306	0.309076	0.305258	0.285578	0.279264	0.426542	0.428815	0.386022	0.397795	0.37672	0.360669	0.364272	0.287056	0.303573	0.350564	0.35917	0.297011	0.292423	0.332941	0.338355	0.322274	0.388092	0.365512	0.357389	0.36128	0.310833	0.304176	0.319422	0.322537	0.326313	0.360797	0.345787	0.361488	0.370064	0.360392	0.347809	0.38733	0.360503	0.375807	0.467063	0.449705	0.472055	0.455216	0.410037	0.412852	0.34766	0.348617	0.466393	0.490181	0.316503	0.328381	0.313355	0.313365	0.324773	0.324777	0.326003	0.321231	0.320026	0.311418	0.308489	0.34098	0.338995	0.434542	0.329527	0.334734	0.307394	0.372448	0.374058	0.379397	0.379302	0.309248	0.329853	0.332797	0.294559	0.301841	0.29831	0.29865	0.419004	0.470928	0.47959	0.465746	0.50367	0.479597	0.488241	0.490829	0.475917	0.471922	0.434592	0.436959	0.438038	0.445518	0.437327	0.426037	0.373226	0.366499	0.415514	0.417727	0.414301	0.413197	0.479213	0.480689	0.429475	0.43803	0.438299	0.333119	0.345555	0.335627	0.288709	0.344355	0.345187	0.322439	0.338876	0.337195	0.327295	0.383902	0.400086	0.351552	0.323104	0.350418	0.339975	0.345414	0.350418	0.34035	0.324256	0.341082	0.324919	0.276649	0.3812	0.370066	0.391546	0.296333	0.303201	0.319227	0.311169	0.308937	0.336074	0.340606	0.298157	0.267513	0.264688	0.272454	0.272494	0.273202	0.286098	0.297355	0.289891	0.315292	0.315882	0.308721	0.314822	0.310087	0.33719	0.375247	0.315388	0.331682	0.323746	0.355153
Parus_major	0.300616	0.158228	0.162497	0.209971	0.182357	0.165259	0.191299	0.189061	0.149828	0.18015	0.192365	0.171479	0.18762	0.178001	0.183685	0.178963	0.164197	0.168559	0.185214	0.205091	0.177757	0.188841	0.183001	0.180691	0.199094	0.198284	0.192397	0.17225	0.175009	0.185879	0.17779	0.164108	0.2059	0.188825	0.198899	0.192147	0.193216	0.194541	0.189077	0.178319	0.190947	0.19691	0.171767	0.164664	0.167986	0.170059	0.154521	0.159834	0.156495	0.153644	0.160864	0.155367	0.153918	0.155918	0.15448	0.164912	0.160685	0.159179	0.167459	0.201543	0.19984	0.178287	0.178043	0.153946	0.157407	0.161968	0.154783	0.185405	0.187058	0.158042	0.185502	0.170075	0.159792	0.159873	0.169313	0.166146	0.159767	0	0.0585539	0.0573527	0.146853	0.159036	0.149827	0.16354	0.14574	0.173969	0.162606	0.160062	0.164602	0.165193	0.159961	0.164603	0.162655	0.163219	0.153217	0.139653	0.158749	0.168752	0.177855	0.207691	0.179477	0.208557	0.187208	0.179939	0.158184	0.171417	0.17723	0.183244	0.183239	0.183318	0.193971	0.170188	0.197126	0.180695	0.195484	0.177589	0.17399	0.181213	0.187742	0.199847	0.204182	0.210632	0.224239	0.199211	0.196837	0.188835	0.177847	0.182339	0.182587	0.168272	0.201414	0.203047	0.201087	0.192272	0.197144	0.208683	0.209043	0.234163	0.226809	0.223463	0.20738	0.232567	0.242086	0.229479	0.267186	0.230921	0.346441	0.38869	0.371468	0.353201	0.33501	0.332585	0.350194	0.344731	0.329912	0.345156	0.364724	0.369363	0.367084	0.362475	0.362077	0.316972	0.327778	0.325624	0.350509	0.343719	0.348153	0.312071	0.319563	0.32187	0.314102	0.32326	0.32203	0.318212	0.298532	0.292218	0.439496	0.441769	0.398976	0.410749	0.389674	0.373623	0.377226	0.30001	0.316527	0.363518	0.372124	0.309965	0.305377	0.345895	0.351309	0.335228	0.401046	0.378466	0.370343	0.374234	0.323787	0.31713	0.332376	0.335491	0.339267	0.373751	0.358741	0.374442	0.383018	0.373346	0.360763	0.400284	0.373457	0.388761	0.480017	0.462659	0.485009	0.46817	0.422991	0.425806	0.360614	0.361571	0.479347	0.503135	0.329458	0.341335	0.326309	0.326319	0.337727	0.337731	0.338957	0.334185	0.33298	0.324372	0.321443	0.353934	0.351949	0.447496	0.342481	0.347688	0.320348	0.385402	0.387012	0.392351	0.392256	0.322202	0.342807	0.345752	0.307513	0.314795	0.311264	0.311604	0.431958	0.483882	0.492544	0.478701	0.516624	0.492551	0.501195	0.503783	0.488871	0.484876	0.447546	0.449913	0.450992	0.458472	0.450281	0.438991	0.38618	0.379453	0.428468	0.430681	0.427255	0.426151	0.492167	0.493644	0.442429	0.450984	0.451253	0.346073	0.358509	0.348582	0.301663	0.357309	0.358141	0.335393	0.35183	0.350149	0.340249	0.396856	0.41304	0.364507	0.336058	0.363372	0.35293	0.358368	0.363372	0.353304	0.33721	0.354036	0.337873	0.289603	0.394154	0.38302	0.4045	0.309287	0.316155	0.332181	0.324123	0.321891	0.349028	0.353561	0.311111	0.280467	0.277642	0.285408	0.285448	0.286156	0.299052	0.310309	0.302845	0.328246	0.328836	0.321675	0.327776	0.323041	0.350144	0.388201	0.328342	0.344636	0.3367	0.368107
Pseudopodoces_humilis	0.292043	0.149655	0.153924	0.201398	0.173785	0.156686	0.182727	0.180488	0.141255	0.171578	0.183792	0.162906	0.179047	0.169429	0.175113	0.17039	0.155625	0.159987	0.176642	0.196518	0.169185	0.180269	0.174429	0.172118	0.190521	0.189712	0.183825	0.163678	0.166436	0.177306	0.169217	0.155536	0.197327	0.180253	0.190326	0.183574	0.184644	0.185968	0.180504	0.169746	0.182375	0.188337	0.163194	0.156092	0.159414	0.161486	0.145949	0.151261	0.147922	0.145072	0.152291	0.146794	0.145345	0.147345	0.145908	0.15634	0.152112	0.150607	0.158887	0.19297	0.191267	0.169715	0.16947	0.145373	0.148834	0.153395	0.14621	0.176832	0.178486	0.14947	0.17693	0.161502	0.15122	0.151301	0.16074	0.157573	0.151194	0.0585539	0	0.0487801	0.13828	0.150464	0.141254	0.154968	0.137168	0.165397	0.154033	0.151489	0.156029	0.156621	0.151388	0.15603	0.154083	0.154647	0.144644	0.13108	0.150177	0.16018	0.169283	0.199118	0.170904	0.199984	0.178635	0.171367	0.149611	0.162844	0.168658	0.174672	0.174667	0.174745	0.185399	0.161615	0.188553	0.172123	0.186911	0.169016	0.165417	0.172641	0.179169	0.191275	0.19561	0.202059	0.215667	0.190638	0.188264	0.180263	0.169274	0.173767	0.174015	0.159699	0.192842	0.194475	0.192514	0.183699	0.188571	0.20011	0.20047	0.22559	0.218236	0.21489	0.198808	0.223995	0.233513	0.220906	0.258613	0.222348	0.337868	0.380117	0.362895	0.344628	0.326438	0.324012	0.341622	0.336159	0.32134	0.336583	0.356152	0.36079	0.358512	0.353903	0.353504	0.3084	0.319206	0.317052	0.341936	0.335146	0.33958	0.303498	0.31099	0.313298	0.305529	0.314687	0.313457	0.30964	0.289959	0.283646	0.430923	0.433197	0.390404	0.402177	0.381101	0.36505	0.368653	0.291438	0.307955	0.354946	0.363552	0.301393	0.296804	0.337323	0.342737	0.326656	0.392473	0.369893	0.36177	0.365661	0.315215	0.308558	0.323803	0.326918	0.330695	0.365178	0.350168	0.365869	0.374445	0.364774	0.35219	0.391711	0.364884	0.380189	0.471445	0.454087	0.476436	0.459598	0.414418	0.417233	0.352042	0.352999	0.470775	0.494562	0.320885	0.332763	0.317736	0.317746	0.329154	0.329158	0.330385	0.325612	0.324408	0.315799	0.312871	0.345362	0.343376	0.438923	0.333909	0.339115	0.311775	0.37683	0.378439	0.383778	0.383683	0.313629	0.334234	0.337179	0.298941	0.306222	0.302691	0.303031	0.423385	0.47531	0.483971	0.470128	0.508052	0.483978	0.492622	0.495211	0.480298	0.476304	0.438973	0.44134	0.44242	0.4499	0.441708	0.430418	0.377608	0.370881	0.419895	0.422109	0.418682	0.417578	0.483594	0.485071	0.433857	0.442411	0.44268	0.337501	0.349936	0.340009	0.29309	0.348736	0.349568	0.326821	0.343257	0.341576	0.331677	0.388284	0.404468	0.355934	0.327486	0.3548	0.344357	0.349796	0.3548	0.344732	0.328637	0.345464	0.329301	0.28103	0.385582	0.374447	0.395927	0.300714	0.307582	0.323609	0.31555	0.313318	0.340456	0.344988	0.302539	0.271895	0.26907	0.276835	0.276875	0.277583	0.29048	0.301736	0.294273	0.319674	0.320263	0.313103	0.319203	0.314469	0.341571	0.379628	0.31977	0.336063	0.328128	0.359534
Poecile_atricapillus	0.280921	0.138533	0.142802	0.190276	0.162663	0.145564	0.171604	0.169366	0.130133	0.160455	0.17267	0.151784	0.167925	0.158306	0.16399	0.159268	0.144503	0.148865	0.16552	0.185396	0.158063	0.169147	0.163307	0.160996	0.179399	0.178589	0.172702	0.152556	0.155314	0.166184	0.158095	0.144414	0.186205	0.169131	0.179204	0.172452	0.173522	0.174846	0.169382	0.158624	0.171253	0.177215	0.152072	0.144969	0.148291	0.150364	0.134826	0.140139	0.1368	0.13395	0.141169	0.135672	0.134223	0.136223	0.134785	0.145218	0.14099	0.139485	0.147765	0.181848	0.180145	0.158592	0.158348	0.134251	0.137712	0.142273	0.135088	0.16571	0.167364	0.138348	0.165808	0.15038	0.140097	0.140179	0.149618	0.146451	0.140072	0.0573527	0.0487801	0	0.127158	0.139342	0.130132	0.143846	0.126045	0.154274	0.142911	0.140367	0.144907	0.145499	0.140266	0.144908	0.142961	0.143525	0.133522	0.119958	0.139055	0.149057	0.15816	0.187996	0.159782	0.188862	0.167513	0.160245	0.138489	0.151722	0.157535	0.163549	0.163545	0.163623	0.174276	0.150493	0.177431	0.161	0.175789	0.157894	0.154295	0.161519	0.168047	0.180152	0.184487	0.190937	0.204544	0.179516	0.177142	0.169141	0.158152	0.162645	0.162892	0.148577	0.181719	0.183353	0.181392	0.172577	0.177449	0.188988	0.189348	0.214468	0.207114	0.203768	0.187686	0.212873	0.222391	0.209784	0.247491	0.211226	0.326746	0.368995	0.351773	0.333506	0.315315	0.31289	0.3305	0.325037	0.310218	0.325461	0.345029	0.349668	0.34739	0.342781	0.342382	0.297277	0.308083	0.30593	0.330814	0.324024	0.328458	0.292376	0.299868	0.302176	0.294407	0.303565	0.302335	0.298517	0.278837	0.272524	0.419801	0.422075	0.379282	0.391054	0.369979	0.353928	0.357531	0.280315	0.296833	0.343824	0.35243	0.290271	0.285682	0.326201	0.331614	0.315533	0.381351	0.358771	0.350648	0.354539	0.304093	0.297436	0.312681	0.315796	0.319572	0.354056	0.339046	0.354747	0.363323	0.353652	0.341068	0.380589	0.353762	0.369067	0.460323	0.442964	0.465314	0.448476	0.403296	0.406111	0.340919	0.341876	0.459653	0.48344	0.309763	0.32164	0.306614	0.306624	0.318032	0.318036	0.319262	0.31449	0.313286	0.304677	0.301748	0.33424	0.332254	0.427801	0.322787	0.327993	0.300653	0.365707	0.367317	0.372656	0.372561	0.302507	0.323112	0.326057	0.287819	0.2951	0.291569	0.291909	0.412263	0.464188	0.472849	0.459006	0.49693	0.472856	0.4815	0.484089	0.469176	0.465182	0.427851	0.430218	0.431297	0.438777	0.430586	0.419296	0.366486	0.359758	0.408773	0.410986	0.40756	0.406456	0.472472	0.473949	0.422735	0.431289	0.431558	0.326379	0.338814	0.328887	0.281968	0.337614	0.338446	0.315699	0.332135	0.330454	0.320555	0.377161	0.393346	0.344812	0.316364	0.343677	0.333235	0.338674	0.343677	0.33361	0.317515	0.334341	0.318179	0.269908	0.374459	0.363325	0.384805	0.289592	0.29646	0.312486	0.304428	0.302196	0.329333	0.333866	0.291417	0.260773	0.257947	0.265713	0.265753	0.266461	0.279358	0.290614	0.28315	0.308552	0.309141	0.301981	0.308081	0.303347	0.330449	0.368506	0.308648	0.324941	0.317006	0.348412
Buphagus_erythrorhynchus	0.257047	0.11466	0.118928	0.166403	0.138789	0.121691	0.147731	0.145493	0.10626	0.136582	0.148796	0.127911	0.144052	0.134433	0.140117	0.135394	0.120629	0.124991	0.141646	0.161522	0.134189	0.145273	0.139433	0.137122	0.155525	0.154716	0.148829	0.128682	0.13144	0.14231	0.134221	0.12054	0.162331	0.145257	0.15533	0.148578	0.149648	0.150972	0.145509	0.134751	0.147379	0.153341	0.128199	0.121096	0.124418	0.12649	0.110953	0.116265	0.112927	0.110076	0.117296	0.111798	0.11035	0.112349	0.110912	0.121344	0.117117	0.115611	0.123891	0.157974	0.156271	0.134719	0.134474	0.110377	0.113838	0.118399	0.111214	0.141836	0.14349	0.114474	0.141934	0.126506	0.116224	0.116305	0.125744	0.122577	0.133899	0.146853	0.13828	0.127158	0	0.0581326	0.0489229	0.0626367	0.0474552	0.101307	0.0899428	0.0873993	0.0919393	0.0925307	0.0872981	0.0919403	0.0899927	0.119651	0.109648	0.0960843	0.115181	0.125184	0.134287	0.164122	0.135908	0.164989	0.143639	0.136371	0.114615	0.127848	0.133662	0.139676	0.139671	0.13975	0.150403	0.12662	0.153557	0.137127	0.151915	0.134021	0.130422	0.137645	0.144173	0.156279	0.160614	0.167064	0.180671	0.155642	0.153268	0.145267	0.134278	0.138771	0.139019	0.124703	0.157846	0.159479	0.157519	0.148703	0.153576	0.165115	0.165475	0.190595	0.18324	0.179895	0.163812	0.188999	0.198517	0.18591	0.223617	0.187353	0.302872	0.345121	0.327899	0.309632	0.291442	0.289017	0.306626	0.301163	0.286344	0.301588	0.321156	0.325795	0.323516	0.318907	0.318508	0.273404	0.28421	0.282056	0.306941	0.30015	0.304584	0.268502	0.275995	0.278302	0.270533	0.279691	0.278462	0.274644	0.254963	0.24865	0.395927	0.398201	0.355408	0.367181	0.346106	0.330054	0.333658	0.256442	0.272959	0.31995	0.328556	0.266397	0.261808	0.302327	0.307741	0.29166	0.357478	0.334897	0.326774	0.330665	0.280219	0.273562	0.288807	0.291922	0.295699	0.330183	0.315173	0.330873	0.339449	0.329778	0.317195	0.356715	0.329888	0.345193	0.436449	0.419091	0.44144	0.424602	0.379423	0.382238	0.317046	0.318003	0.435779	0.459566	0.285889	0.297767	0.282741	0.28275	0.294158	0.294162	0.295389	0.290617	0.289412	0.280803	0.277875	0.310366	0.308381	0.403927	0.298913	0.304119	0.276779	0.341834	0.343444	0.348782	0.348687	0.278633	0.299238	0.302183	0.263945	0.271226	0.267696	0.268036	0.388389	0.440314	0.448975	0.435132	0.473056	0.448982	0.457627	0.460215	0.445302	0.441308	0.403977	0.406345	0.407424	0.414904	0.406713	0.395423	0.342612	0.335885	0.384899	0.387113	0.383687	0.382582	0.448598	0.450075	0.398861	0.407415	0.407684	0.302505	0.31494	0.305013	0.258094	0.313741	0.314572	0.291825	0.308262	0.30658	0.296681	0.353288	0.369472	0.320938	0.29249	0.319804	0.309361	0.3148	0.319804	0.309736	0.293641	0.310468	0.294305	0.246034	0.350586	0.339451	0.360931	0.265719	0.272587	0.288613	0.280554	0.278323	0.30546	0.309992	0.267543	0.236899	0.234074	0.24184	0.241879	0.242587	0.255484	0.26674	0.259277	0.284678	0.285267	0.278107	0.284208	0.279473	0.306576	0.344632	0.284774	0.301068	0.293132	0.324539
Leucopsar_rothschildi	0.269231	0.126843	0.131112	0.178586	0.150972	0.133874	0.159914	0.157676	0.118443	0.148765	0.16098	0.140094	0.156235	0.146616	0.1523	0.147578	0.132813	0.137174	0.153829	0.173706	0.146372	0.157456	0.151616	0.149306	0.167709	0.166899	0.161012	0.140865	0.143624	0.154494	0.146405	0.132723	0.174515	0.15744	0.167514	0.160762	0.161832	0.163156	0.157692	0.146934	0.159563	0.165525	0.140382	0.133279	0.136601	0.138674	0.123136	0.128449	0.12511	0.122259	0.129479	0.123982	0.122533	0.124533	0.123095	0.133528	0.1293	0.127794	0.136074	0.170158	0.168455	0.146902	0.146658	0.122561	0.126022	0.130583	0.123398	0.15402	0.155674	0.126657	0.154117	0.13869	0.128407	0.128488	0.137928	0.134761	0.146082	0.159036	0.150464	0.139342	0.0581326	0	0.0375625	0.0691153	0.0596387	0.11349	0.102126	0.0995827	0.104123	0.104714	0.0994815	0.104124	0.102176	0.131834	0.121832	0.108268	0.127364	0.137367	0.14647	0.176306	0.148092	0.177172	0.155823	0.148555	0.126799	0.140032	0.145845	0.151859	0.151854	0.151933	0.162586	0.138803	0.165741	0.14931	0.164099	0.146204	0.142605	0.149828	0.156357	0.168462	0.172797	0.179247	0.192854	0.167826	0.165452	0.15745	0.146462	0.150955	0.151202	0.136887	0.170029	0.171662	0.169702	0.160887	0.165759	0.177298	0.177658	0.202778	0.195424	0.192078	0.175995	0.201183	0.210701	0.198094	0.235801	0.199536	0.315056	0.357305	0.340083	0.321816	0.303625	0.3012	0.318809	0.313346	0.298528	0.313771	0.333339	0.337978	0.335699	0.33109	0.330692	0.285587	0.296393	0.294239	0.319124	0.312334	0.316768	0.280686	0.288178	0.290485	0.282717	0.291875	0.290645	0.286827	0.267147	0.260833	0.408111	0.410385	0.367591	0.379364	0.358289	0.342238	0.345841	0.268625	0.285142	0.332133	0.340739	0.278581	0.273992	0.31451	0.319924	0.303843	0.369661	0.347081	0.338958	0.342849	0.292402	0.285745	0.300991	0.304106	0.307882	0.342366	0.327356	0.343057	0.351633	0.341961	0.329378	0.368899	0.342072	0.357376	0.448632	0.431274	0.453624	0.436786	0.391606	0.394421	0.329229	0.330186	0.447962	0.47175	0.298073	0.30995	0.294924	0.294934	0.306342	0.306346	0.307572	0.3028	0.301595	0.292987	0.290058	0.322549	0.320564	0.416111	0.311097	0.316303	0.288963	0.354017	0.355627	0.360966	0.360871	0.290817	0.311422	0.314367	0.276128	0.28341	0.279879	0.280219	0.400573	0.452498	0.461159	0.447316	0.485239	0.461166	0.46981	0.472399	0.457486	0.453492	0.416161	0.418528	0.419607	0.427087	0.418896	0.407606	0.354795	0.348068	0.397083	0.399296	0.39587	0.394766	0.460782	0.462259	0.411044	0.419599	0.419868	0.314688	0.327124	0.317197	0.270278	0.325924	0.326756	0.304008	0.320445	0.318764	0.308865	0.365471	0.381655	0.333122	0.304673	0.331987	0.321545	0.326984	0.331987	0.321919	0.305825	0.322651	0.306488	0.258218	0.362769	0.351635	0.373115	0.277902	0.28477	0.300796	0.292738	0.290506	0.317643	0.322176	0.279726	0.249082	0.246257	0.254023	0.254063	0.254771	0.267668	0.278924	0.27146	0.296861	0.297451	0.29029	0.296391	0.291657	0.318759	0.356816	0.296957	0.313251	0.305316	0.336722
Sturnus_vulgaris	0.260021	0.117633	0.121902	0.169376	0.141763	0.124664	0.150705	0.148466	0.109233	0.139556	0.15177	0.130884	0.147025	0.137407	0.143091	0.138368	0.123603	0.127965	0.14462	0.164496	0.137163	0.148247	0.142407	0.140096	0.158499	0.15769	0.151803	0.131656	0.134414	0.145284	0.137195	0.123514	0.165305	0.148231	0.158304	0.151552	0.152622	0.153946	0.148482	0.137724	0.150353	0.156315	0.131172	0.12407	0.127392	0.129464	0.113927	0.119239	0.1159	0.11305	0.120269	0.114772	0.113323	0.115323	0.113886	0.124318	0.12009	0.118585	0.126865	0.160948	0.159245	0.137693	0.137448	0.113351	0.116812	0.121373	0.114188	0.14481	0.146464	0.117448	0.144908	0.12948	0.119198	0.119279	0.128718	0.125551	0.136873	0.149827	0.141254	0.130132	0.0489229	0.0375625	0	0.0599056	0.050429	0.10428	0.0929166	0.0903731	0.0949131	0.0955045	0.0902719	0.0949141	0.0929665	0.122625	0.112622	0.0990581	0.118155	0.128158	0.137261	0.167096	0.138882	0.167962	0.146613	0.139345	0.117589	0.130822	0.136636	0.14265	0.142645	0.142723	0.153377	0.129593	0.156531	0.140101	0.154889	0.136994	0.133395	0.140619	0.147147	0.159253	0.163588	0.170037	0.183645	0.158616	0.156242	0.148241	0.137252	0.141745	0.141993	0.127677	0.16082	0.162453	0.160492	0.151677	0.156549	0.168088	0.168448	0.193568	0.186214	0.182868	0.166786	0.191973	0.201491	0.188884	0.226591	0.190326	0.305846	0.348095	0.330873	0.312606	0.294416	0.29199	0.3096	0.304137	0.289318	0.304561	0.32413	0.328768	0.32649	0.321881	0.321482	0.276378	0.287184	0.28503	0.309914	0.303124	0.307558	0.271476	0.278968	0.281276	0.273507	0.282665	0.281435	0.277618	0.257937	0.251624	0.398901	0.401175	0.358382	0.370155	0.349079	0.333028	0.336631	0.259416	0.275933	0.322924	0.33153	0.269371	0.264782	0.305301	0.310715	0.294634	0.360451	0.337871	0.329748	0.333639	0.283193	0.276536	0.291781	0.294896	0.298673	0.333156	0.318146	0.333847	0.342423	0.332752	0.320168	0.359689	0.332862	0.348167	0.439423	0.422065	0.444414	0.427576	0.382396	0.385211	0.320019	0.320977	0.438753	0.46254	0.288863	0.300741	0.285714	0.285724	0.297132	0.297136	0.298362	0.29359	0.292386	0.283777	0.280849	0.31334	0.311354	0.406901	0.301887	0.307093	0.279753	0.344808	0.346417	0.351756	0.351661	0.281607	0.302212	0.305157	0.266919	0.2742	0.270669	0.271009	0.391363	0.443288	0.451949	0.438106	0.47603	0.451956	0.4606	0.463189	0.448276	0.444282	0.406951	0.409318	0.410398	0.417878	0.409686	0.398396	0.345586	0.338859	0.387873	0.390087	0.38666	0.385556	0.451572	0.453049	0.401835	0.410389	0.410658	0.305479	0.317914	0.307987	0.261068	0.316714	0.317546	0.294799	0.311235	0.309554	0.299655	0.356262	0.372446	0.323912	0.295464	0.322778	0.312335	0.317774	0.322778	0.31271	0.296615	0.313442	0.297279	0.249008	0.35356	0.342425	0.363905	0.268692	0.27556	0.291587	0.283528	0.281296	0.308434	0.312966	0.270517	0.239873	0.237048	0.244813	0.244853	0.245561	0.258458	0.269714	0.262251	0.287652	0.288241	0.281081	0.287181	0.282447	0.309549	0.347606	0.287748	0.304041	0.296106	0.327512
Toxostoma_redivivum	0.273735	0.131347	0.135616	0.18309	0.155476	0.138378	0.164418	0.16218	0.122947	0.153269	0.165484	0.144598	0.160739	0.15112	0.156804	0.152082	0.137317	0.141679	0.158334	0.17821	0.150876	0.161961	0.156121	0.15381	0.172213	0.171403	0.165516	0.14537	0.148128	0.158998	0.150909	0.137228	0.179019	0.161944	0.172018	0.165266	0.166336	0.16766	0.162196	0.151438	0.164067	0.170029	0.144886	0.137783	0.141105	0.143178	0.12764	0.132953	0.129614	0.126764	0.133983	0.128486	0.127037	0.129037	0.127599	0.138032	0.133804	0.132299	0.140579	0.174662	0.172959	0.151406	0.151162	0.127065	0.130526	0.135087	0.127902	0.158524	0.160178	0.131162	0.158622	0.143194	0.132911	0.132993	0.142432	0.139265	0.150586	0.16354	0.154968	0.143846	0.0626367	0.0691153	0.0599056	0	0.0641427	0.117994	0.10663	0.104087	0.108627	0.109218	0.103986	0.108628	0.10668	0.136339	0.126336	0.112772	0.131869	0.141871	0.150974	0.18081	0.152596	0.181676	0.160327	0.153059	0.131303	0.144536	0.150349	0.156363	0.156359	0.156437	0.16709	0.143307	0.170245	0.153814	0.168603	0.150708	0.147109	0.154332	0.160861	0.172966	0.177301	0.183751	0.197358	0.17233	0.169956	0.161955	0.150966	0.155459	0.155706	0.141391	0.174533	0.176166	0.174206	0.165391	0.170263	0.181802	0.182162	0.207282	0.199928	0.196582	0.1805	0.205687	0.215205	0.202598	0.240305	0.20404	0.31956	0.361809	0.344587	0.32632	0.308129	0.305704	0.323314	0.317851	0.303032	0.318275	0.337843	0.342482	0.340204	0.335595	0.335196	0.290091	0.300897	0.298744	0.323628	0.316838	0.321272	0.28519	0.292682	0.29499	0.287221	0.296379	0.295149	0.291331	0.271651	0.265337	0.412615	0.414889	0.372095	0.383868	0.362793	0.346742	0.350345	0.273129	0.289647	0.336637	0.345243	0.283085	0.278496	0.319014	0.324428	0.308347	0.374165	0.351585	0.343462	0.347353	0.296907	0.290249	0.305495	0.30861	0.312386	0.34687	0.33186	0.347561	0.356137	0.346466	0.333882	0.373403	0.346576	0.36188	0.453136	0.435778	0.458128	0.44129	0.39611	0.398925	0.333733	0.33469	0.452466	0.476254	0.302577	0.314454	0.299428	0.299438	0.310846	0.31085	0.312076	0.307304	0.3061	0.297491	0.294562	0.327054	0.325068	0.420615	0.315601	0.320807	0.293467	0.358521	0.360131	0.36547	0.365375	0.295321	0.315926	0.318871	0.280633	0.287914	0.284383	0.284723	0.405077	0.457002	0.465663	0.45182	0.489743	0.46567	0.474314	0.476903	0.46199	0.457996	0.420665	0.423032	0.424111	0.431591	0.4234	0.41211	0.3593	0.352572	0.401587	0.4038	0.400374	0.39927	0.465286	0.466763	0.415549	0.424103	0.424372	0.319193	0.331628	0.321701	0.274782	0.330428	0.33126	0.308513	0.324949	0.323268	0.313369	0.369975	0.38616	0.337626	0.309178	0.336491	0.326049	0.331488	0.336491	0.326423	0.310329	0.327155	0.310993	0.262722	0.367273	0.356139	0.377619	0.282406	0.289274	0.3053	0.297242	0.29501	0.322147	0.32668	0.28423	0.253586	0.250761	0.258527	0.258567	0.259275	0.272172	0.283428	0.275964	0.301366	0.301955	0.294794	0.300895	0.296161	0.323263	0.36132	0.301462	0.317755	0.30982	0.341226
Rhabdornis_inornatus	0.255935	0.113547	0.117816	0.16529	0.137676	0.120578	0.146618	0.14438	0.105147	0.135469	0.147684	0.126798	0.142939	0.13332	0.139004	0.134282	0.119516	0.123878	0.140533	0.16041	0.133076	0.14416	0.13832	0.13601	0.154413	0.153603	0.147716	0.127569	0.130328	0.141198	0.133109	0.119427	0.161219	0.144144	0.154218	0.147466	0.148536	0.14986	0.144396	0.133638	0.146266	0.152229	0.127086	0.119983	0.123305	0.125378	0.10984	0.115153	0.111814	0.108963	0.116183	0.110686	0.109237	0.111237	0.109799	0.120231	0.116004	0.114498	0.122778	0.156862	0.155159	0.133606	0.133362	0.109265	0.112726	0.117287	0.110102	0.140724	0.142377	0.113361	0.140821	0.125394	0.115111	0.115192	0.124632	0.121465	0.132786	0.14574	0.137168	0.126045	0.0474552	0.0596387	0.050429	0.0641427	0	0.100194	0.0888303	0.0862867	0.0908267	0.0914181	0.0861855	0.0908278	0.0888801	0.118538	0.108536	0.0949717	0.114068	0.124071	0.133174	0.16301	0.134796	0.163876	0.142527	0.135258	0.113503	0.126736	0.132549	0.138563	0.138558	0.138637	0.14929	0.125507	0.152445	0.136014	0.150803	0.132908	0.129309	0.136532	0.143061	0.155166	0.159501	0.165951	0.179558	0.15453	0.152156	0.144154	0.133166	0.137659	0.137906	0.123591	0.156733	0.158366	0.156406	0.147591	0.152463	0.164002	0.164362	0.189482	0.182128	0.178782	0.162699	0.187886	0.197405	0.184798	0.222505	0.18624	0.30176	0.344009	0.326787	0.30852	0.290329	0.287904	0.305513	0.30005	0.285231	0.300475	0.320043	0.324682	0.322403	0.317794	0.317396	0.272291	0.283097	0.280943	0.305828	0.299038	0.303472	0.26739	0.274882	0.277189	0.269421	0.278579	0.277349	0.273531	0.253851	0.247537	0.394815	0.397089	0.354295	0.366068	0.344993	0.328942	0.332545	0.255329	0.271846	0.318837	0.327443	0.265284	0.260696	0.301214	0.306628	0.290547	0.356365	0.333785	0.325662	0.329553	0.279106	0.272449	0.287695	0.29081	0.294586	0.32907	0.31406	0.329761	0.338337	0.328665	0.316082	0.355603	0.328776	0.34408	0.435336	0.417978	0.440328	0.423489	0.37831	0.381125	0.315933	0.31689	0.434666	0.458454	0.284777	0.296654	0.281628	0.281638	0.293046	0.29305	0.294276	0.289504	0.288299	0.279691	0.276762	0.309253	0.307268	0.402815	0.2978	0.303007	0.275667	0.340721	0.342331	0.34767	0.347575	0.277521	0.298126	0.301071	0.262832	0.270114	0.266583	0.266923	0.387277	0.439202	0.447863	0.43402	0.471943	0.44787	0.456514	0.459102	0.44419	0.440195	0.402865	0.405232	0.406311	0.413791	0.4056	0.39431	0.341499	0.334772	0.383787	0.386	0.382574	0.38147	0.447486	0.448963	0.397748	0.406303	0.406572	0.301392	0.313828	0.303901	0.256982	0.312628	0.31346	0.290712	0.307149	0.305468	0.295568	0.352175	0.368359	0.319826	0.291377	0.318691	0.308249	0.313688	0.318691	0.308623	0.292529	0.309355	0.293192	0.244922	0.349473	0.338339	0.359819	0.264606	0.271474	0.2875	0.279442	0.27721	0.304347	0.30888	0.26643	0.235786	0.232961	0.240727	0.240767	0.241475	0.254372	0.265628	0.258164	0.283565	0.284155	0.276994	0.283095	0.27836	0.305463	0.34352	0.283661	0.299955	0.292019	0.323426
Catharus_fuscescens	0.284164	0.141776	0.146045	0.193519	0.165905	0.148807	0.174847	0.172609	0.133376	0.163698	0.175913	0.155027	0.171168	0.161549	0.167233	0.162511	0.147745	0.152107	0.168762	0.188639	0.161305	0.172389	0.166549	0.164239	0.182642	0.181832	0.175945	0.155798	0.158557	0.169427	0.161338	0.147656	0.189448	0.172373	0.182447	0.175695	0.176765	0.178089	0.172625	0.161867	0.174495	0.180458	0.155315	0.148212	0.151534	0.153607	0.138069	0.143382	0.140043	0.137192	0.144412	0.138915	0.137466	0.139466	0.138028	0.14846	0.144233	0.142727	0.151007	0.185091	0.183388	0.161835	0.161591	0.137494	0.140955	0.145516	0.138331	0.168953	0.170606	0.14159	0.16905	0.153623	0.14334	0.143421	0.152861	0.149694	0.161015	0.173969	0.165397	0.154274	0.101307	0.11349	0.10428	0.117994	0.100194	0	0.11216	0.109617	0.114157	0.114748	0.109516	0.114158	0.114844	0.146767	0.136765	0.123201	0.142297	0.1523	0.161403	0.191239	0.163025	0.192105	0.170756	0.163487	0.141732	0.154965	0.160778	0.166792	0.166787	0.166866	0.177519	0.153736	0.180674	0.164243	0.179032	0.161137	0.157538	0.164761	0.17129	0.183395	0.18773	0.19418	0.207787	0.182759	0.180385	0.172383	0.161395	0.165888	0.166135	0.15182	0.184962	0.186595	0.184635	0.17582	0.180692	0.192231	0.192591	0.217711	0.210357	0.207011	0.190928	0.216115	0.225634	0.213027	0.250734	0.214469	0.329989	0.372238	0.355016	0.336749	0.318558	0.316133	0.333742	0.328279	0.31346	0.328704	0.348272	0.352911	0.350632	0.346023	0.345625	0.30052	0.311326	0.309172	0.334057	0.327267	0.331701	0.295619	0.303111	0.305418	0.29765	0.306808	0.305578	0.30176	0.28208	0.275766	0.423044	0.425318	0.382524	0.394297	0.373222	0.357171	0.360774	0.283558	0.300075	0.347066	0.355672	0.293513	0.288925	0.329443	0.334857	0.318776	0.384594	0.362014	0.353891	0.357782	0.307335	0.300678	0.315924	0.319039	0.322815	0.357299	0.342289	0.35799	0.366566	0.356894	0.344311	0.383832	0.357005	0.372309	0.463565	0.446207	0.468557	0.451718	0.406539	0.409354	0.344162	0.345119	0.462895	0.486683	0.313006	0.324883	0.309857	0.309867	0.321275	0.321279	0.322505	0.317733	0.316528	0.30792	0.304991	0.337482	0.335497	0.431044	0.326029	0.331236	0.303896	0.36895	0.37056	0.375899	0.375804	0.30575	0.326355	0.3293	0.291061	0.298343	0.294812	0.295152	0.415506	0.467431	0.476092	0.462249	0.500172	0.476099	0.484743	0.487331	0.472419	0.468424	0.431094	0.433461	0.43454	0.44202	0.433829	0.422539	0.369728	0.363001	0.412016	0.414229	0.410803	0.409699	0.475715	0.477192	0.425977	0.434532	0.434801	0.329621	0.342057	0.33213	0.285211	0.340857	0.341689	0.318941	0.335378	0.333697	0.323797	0.380404	0.396588	0.348055	0.319606	0.34692	0.336478	0.341917	0.34692	0.336852	0.320758	0.337584	0.321421	0.273151	0.377702	0.366568	0.388048	0.292835	0.299703	0.315729	0.307671	0.305439	0.332576	0.337109	0.294659	0.264015	0.26119	0.268956	0.268996	0.269704	0.282601	0.293857	0.286393	0.311794	0.312384	0.305223	0.311324	0.306589	0.333692	0.371749	0.31189	0.328184	0.320248	0.351655
Cercotrichas_coryphaeus	0.2728	0.130412	0.134681	0.182155	0.154542	0.137443	0.163484	0.161245	0.122012	0.152335	0.164549	0.143663	0.159804	0.150186	0.15587	0.151147	0.136382	0.140744	0.157399	0.177275	0.149942	0.161026	0.155186	0.152875	0.171278	0.170469	0.164582	0.144435	0.147193	0.158063	0.149974	0.136293	0.178084	0.16101	0.171083	0.164331	0.165401	0.166725	0.161261	0.150503	0.163132	0.169094	0.143951	0.136849	0.140171	0.142243	0.126706	0.132018	0.128679	0.125829	0.133048	0.127551	0.126102	0.128102	0.126665	0.137097	0.132869	0.131364	0.139644	0.173727	0.172024	0.150472	0.150227	0.12613	0.129591	0.134152	0.126967	0.157589	0.159243	0.130227	0.157687	0.142259	0.131977	0.132058	0.141497	0.13833	0.149652	0.162606	0.154033	0.142911	0.0899428	0.102126	0.0929166	0.10663	0.0888303	0.11216	0	0.0548949	0.085895	0.0864864	0.0812538	0.0858961	0.10348	0.135404	0.125401	0.111837	0.130934	0.140937	0.15004	0.179875	0.151661	0.180741	0.159392	0.152124	0.130368	0.143601	0.149415	0.155429	0.155424	0.155502	0.166156	0.142372	0.16931	0.15288	0.167668	0.149773	0.146174	0.153398	0.159926	0.172032	0.176367	0.182816	0.196424	0.171395	0.169021	0.16102	0.150031	0.154524	0.154772	0.140456	0.173599	0.175232	0.173271	0.164456	0.169328	0.180867	0.181227	0.206347	0.198993	0.195647	0.179565	0.204752	0.21427	0.201663	0.23937	0.203105	0.318625	0.360874	0.343652	0.325385	0.307195	0.304769	0.322379	0.316916	0.302097	0.31734	0.336909	0.341547	0.339269	0.33466	0.334261	0.289157	0.299963	0.297809	0.322693	0.315903	0.320337	0.284255	0.291747	0.294055	0.286286	0.295444	0.294214	0.290397	0.270716	0.264403	0.41168	0.413954	0.371161	0.382934	0.361858	0.345807	0.34941	0.272195	0.288712	0.335703	0.344309	0.28215	0.277561	0.31808	0.323494	0.307413	0.37323	0.35065	0.342527	0.346418	0.295972	0.289315	0.30456	0.307675	0.311452	0.345935	0.330925	0.346626	0.355202	0.345531	0.332947	0.372468	0.345641	0.360946	0.452202	0.434843	0.457193	0.440355	0.395175	0.39799	0.332798	0.333756	0.451532	0.475319	0.301642	0.31352	0.298493	0.298503	0.309911	0.309915	0.311141	0.306369	0.305165	0.296556	0.293628	0.326119	0.324133	0.41968	0.314666	0.319872	0.292532	0.357587	0.359196	0.364535	0.36444	0.294386	0.314991	0.317936	0.279698	0.286979	0.283448	0.283788	0.404142	0.456067	0.464728	0.450885	0.488809	0.464735	0.473379	0.475968	0.461055	0.457061	0.41973	0.422097	0.423177	0.430656	0.422465	0.411175	0.358365	0.351637	0.400652	0.402866	0.399439	0.398335	0.464351	0.465828	0.414614	0.423168	0.423437	0.318258	0.330693	0.320766	0.273847	0.329493	0.330325	0.307578	0.324014	0.322333	0.312434	0.369041	0.385225	0.336691	0.308243	0.335557	0.325114	0.330553	0.335556	0.325489	0.309394	0.326221	0.310058	0.261787	0.366338	0.355204	0.376684	0.281471	0.288339	0.304366	0.296307	0.294075	0.321213	0.325745	0.283296	0.252652	0.249827	0.257592	0.257632	0.25834	0.271237	0.282493	0.27503	0.300431	0.30102	0.29386	0.29996	0.295226	0.322328	0.360385	0.300527	0.31682	0.308885	0.340291
Copsychus_sechellarum	0.270256	0.127869	0.132138	0.179612	0.151998	0.1349	0.16094	0.158702	0.119469	0.149791	0.162006	0.14112	0.157261	0.147642	0.153326	0.148603	0.133838	0.1382	0.154855	0.174731	0.147398	0.158482	0.152642	0.150331	0.168734	0.167925	0.162038	0.141891	0.144649	0.155519	0.14743	0.133749	0.17554	0.158466	0.168539	0.161787	0.162857	0.164182	0.158718	0.14796	0.160588	0.166551	0.141408	0.134305	0.137627	0.139699	0.124162	0.129475	0.126136	0.123285	0.130505	0.125007	0.123559	0.125559	0.124121	0.134553	0.130326	0.12882	0.1371	0.171183	0.16948	0.147928	0.147684	0.123586	0.127048	0.131609	0.124423	0.155046	0.156699	0.127683	0.155143	0.139716	0.129433	0.129514	0.138954	0.135786	0.147108	0.160062	0.151489	0.140367	0.0873993	0.0995827	0.0903731	0.104087	0.0862867	0.109617	0.0548949	0	0.0833514	0.0839428	0.0787102	0.0833525	0.100937	0.13286	0.122857	0.109293	0.12839	0.138393	0.147496	0.177331	0.149118	0.178198	0.156849	0.14958	0.127824	0.141058	0.146871	0.152885	0.15288	0.152959	0.163612	0.139829	0.166767	0.150336	0.165125	0.14723	0.143631	0.150854	0.157382	0.169488	0.173823	0.180273	0.19388	0.168851	0.166477	0.158476	0.147487	0.15198	0.152228	0.137912	0.171055	0.172688	0.170728	0.161913	0.166785	0.178324	0.178684	0.203804	0.19645	0.193104	0.177021	0.202208	0.211726	0.199119	0.236827	0.200562	0.316081	0.358331	0.341109	0.322841	0.304651	0.302226	0.319835	0.314372	0.299553	0.314797	0.334365	0.339004	0.336725	0.332116	0.331717	0.286613	0.297419	0.295265	0.32015	0.313359	0.317793	0.281712	0.289204	0.291511	0.283743	0.292901	0.291671	0.287853	0.268172	0.261859	0.409137	0.41141	0.368617	0.38039	0.359315	0.343263	0.346867	0.269651	0.286168	0.333159	0.341765	0.279606	0.275017	0.315536	0.32095	0.304869	0.370687	0.348107	0.339984	0.343875	0.293428	0.286771	0.302017	0.305131	0.308908	0.343392	0.328382	0.344082	0.352658	0.342987	0.330404	0.369925	0.343097	0.358402	0.449658	0.4323	0.454649	0.437811	0.392632	0.395447	0.330255	0.331212	0.448988	0.472775	0.299098	0.310976	0.29595	0.295959	0.307368	0.307372	0.308598	0.303826	0.302621	0.294012	0.291084	0.323575	0.32159	0.417136	0.312122	0.317329	0.289989	0.355043	0.356653	0.361991	0.361897	0.291842	0.312448	0.315392	0.277154	0.284435	0.280905	0.281245	0.401599	0.453523	0.462184	0.448341	0.486265	0.462192	0.470836	0.473424	0.458512	0.454517	0.417187	0.419554	0.420633	0.428113	0.419922	0.408632	0.355821	0.349094	0.398108	0.400322	0.396896	0.395792	0.461808	0.463284	0.41207	0.420625	0.420893	0.315714	0.328149	0.318222	0.271303	0.32695	0.327782	0.305034	0.321471	0.31979	0.30989	0.366497	0.382681	0.334147	0.305699	0.333013	0.32257	0.328009	0.333013	0.322945	0.306851	0.323677	0.307514	0.259243	0.363795	0.352661	0.37414	0.278928	0.285796	0.301822	0.293764	0.291532	0.318669	0.323201	0.280752	0.250108	0.247283	0.255049	0.255088	0.255797	0.268693	0.279949	0.272486	0.297887	0.298476	0.291316	0.297417	0.292682	0.319785	0.357842	0.297983	0.314277	0.306341	0.337748
Erithacus_rubecula	0.274796	0.132409	0.136678	0.184152	0.156538	0.13944	0.16548	0.163242	0.124009	0.154331	0.166546	0.14566	0.161801	0.152182	0.157866	0.153143	0.138378	0.14274	0.159395	0.179271	0.151938	0.163022	0.157182	0.154871	0.173274	0.172465	0.166578	0.146431	0.14919	0.160059	0.15197	0.138289	0.18008	0.163006	0.173079	0.166328	0.167397	0.168722	0.163258	0.1525	0.165128	0.171091	0.145948	0.138845	0.142167	0.144239	0.128702	0.134015	0.130676	0.127825	0.135045	0.129547	0.128099	0.130099	0.128661	0.139093	0.134866	0.13336	0.14164	0.175723	0.17402	0.152468	0.152224	0.128126	0.131588	0.136149	0.128963	0.159586	0.161239	0.132223	0.159683	0.144256	0.133973	0.134054	0.143494	0.140326	0.151648	0.164602	0.156029	0.144907	0.0919393	0.104123	0.0949131	0.108627	0.0908267	0.114157	0.085895	0.0833514	0	0.0799404	0.0747078	0.0793501	0.105477	0.1374	0.127397	0.113833	0.13293	0.142933	0.152036	0.181871	0.153658	0.182738	0.161389	0.15412	0.132364	0.145598	0.151411	0.157425	0.15742	0.157499	0.168152	0.144369	0.171307	0.154876	0.169665	0.15177	0.148171	0.155394	0.161922	0.174028	0.178363	0.184813	0.19842	0.173392	0.171017	0.163016	0.152027	0.15652	0.156768	0.142452	0.175595	0.177228	0.175268	0.166453	0.171325	0.182864	0.183224	0.208344	0.20099	0.197644	0.181561	0.206748	0.216266	0.203659	0.241367	0.205102	0.320621	0.362871	0.345649	0.327382	0.309191	0.306766	0.324375	0.318912	0.304093	0.319337	0.338905	0.343544	0.341265	0.336656	0.336258	0.291153	0.301959	0.299805	0.32469	0.317899	0.322333	0.286252	0.293744	0.296051	0.288283	0.297441	0.296211	0.292393	0.272712	0.266399	0.413677	0.41595	0.373157	0.38493	0.363855	0.347803	0.351407	0.274191	0.290708	0.337699	0.346305	0.284146	0.279557	0.320076	0.32549	0.309409	0.375227	0.352647	0.344524	0.348415	0.297968	0.291311	0.306557	0.309672	0.313448	0.347932	0.332922	0.348622	0.357198	0.347527	0.334944	0.374465	0.347637	0.362942	0.454198	0.43684	0.459189	0.442351	0.397172	0.399987	0.334795	0.335752	0.453528	0.477315	0.303638	0.315516	0.30049	0.300499	0.311908	0.311912	0.313138	0.308366	0.307161	0.298552	0.295624	0.328115	0.32613	0.421676	0.316662	0.321869	0.294529	0.359583	0.361193	0.366531	0.366437	0.296382	0.316988	0.319932	0.281694	0.288975	0.285445	0.285785	0.406139	0.458063	0.466724	0.452881	0.490805	0.466732	0.475376	0.477964	0.463052	0.459057	0.421727	0.424094	0.425173	0.432653	0.424462	0.413172	0.360361	0.353634	0.402648	0.404862	0.401436	0.400332	0.466348	0.467824	0.41661	0.425165	0.425434	0.320254	0.332689	0.322762	0.275844	0.33149	0.332322	0.309574	0.326011	0.32433	0.31443	0.371037	0.387221	0.338687	0.310239	0.337553	0.32711	0.332549	0.337553	0.327485	0.311391	0.328217	0.312054	0.263783	0.368335	0.357201	0.37868	0.283468	0.290336	0.306362	0.298304	0.296072	0.323209	0.327741	0.285292	0.254648	0.251823	0.259589	0.259628	0.260337	0.273233	0.284489	0.277026	0.302427	0.303016	0.295856	0.301957	0.297222	0.324325	0.362382	0.302523	0.318817	0.310881	0.342288
Ficedula_albicollis	0.275388	0.133	0.137269	0.184743	0.157129	0.140031	0.166071	0.163833	0.1246	0.154922	0.167137	0.146251	0.162392	0.152773	0.158457	0.153735	0.13897	0.143332	0.159987	0.179863	0.15253	0.163614	0.157774	0.155463	0.173866	0.173056	0.167169	0.147023	0.149781	0.160651	0.152562	0.138881	0.180672	0.163598	0.173671	0.166919	0.167989	0.169313	0.163849	0.153091	0.16572	0.171682	0.146539	0.139436	0.142758	0.144831	0.129293	0.134606	0.131267	0.128417	0.135636	0.130139	0.12869	0.13069	0.129252	0.139685	0.135457	0.133952	0.142232	0.176315	0.174612	0.153059	0.152815	0.128718	0.132179	0.13674	0.129555	0.160177	0.161831	0.132815	0.160275	0.144847	0.134564	0.134646	0.144085	0.140918	0.152239	0.165193	0.156621	0.145499	0.0925307	0.104714	0.0955045	0.109218	0.0914181	0.114748	0.0864864	0.0839428	0.0799404	0	0.0653074	0.0699496	0.106068	0.137992	0.127989	0.114425	0.133522	0.143524	0.152627	0.182463	0.154249	0.183329	0.16198	0.154712	0.132956	0.146189	0.152002	0.158016	0.158012	0.15809	0.168743	0.14496	0.171898	0.155467	0.170256	0.152361	0.148762	0.155985	0.162514	0.174619	0.178954	0.185404	0.199011	0.173983	0.171609	0.163608	0.152619	0.157112	0.157359	0.143044	0.176186	0.177819	0.175859	0.167044	0.171916	0.183455	0.183815	0.208935	0.201581	0.198235	0.182153	0.20734	0.216858	0.204251	0.241958	0.205693	0.321213	0.363462	0.34624	0.327973	0.309782	0.307357	0.324967	0.319504	0.304685	0.319928	0.339496	0.344135	0.341857	0.337248	0.336849	0.291744	0.30255	0.300397	0.325281	0.318491	0.322925	0.286843	0.294335	0.296643	0.288874	0.298032	0.296802	0.292984	0.273304	0.266991	0.414268	0.416542	0.373749	0.385521	0.364446	0.348395	0.351998	0.274782	0.2913	0.33829	0.346896	0.284738	0.280149	0.320667	0.326081	0.31	0.375818	0.353238	0.345115	0.349006	0.29856	0.291902	0.307148	0.310263	0.314039	0.348523	0.333513	0.349214	0.35779	0.348119	0.335535	0.375056	0.348229	0.363533	0.454789	0.437431	0.459781	0.442943	0.397763	0.400578	0.335386	0.336343	0.454119	0.477907	0.30423	0.316107	0.301081	0.301091	0.312499	0.312503	0.313729	0.308957	0.307753	0.299144	0.296215	0.328707	0.326721	0.422268	0.317254	0.32246	0.29512	0.360174	0.361784	0.367123	0.367028	0.296974	0.317579	0.320524	0.282286	0.289567	0.286036	0.286376	0.40673	0.458655	0.467316	0.453473	0.491396	0.467323	0.475967	0.478556	0.463643	0.459649	0.422318	0.424685	0.425764	0.433244	0.425053	0.413763	0.360953	0.354225	0.40324	0.405453	0.402027	0.400923	0.466939	0.468416	0.417202	0.425756	0.426025	0.320846	0.333281	0.323354	0.276435	0.332081	0.332913	0.310166	0.326602	0.324921	0.315022	0.371628	0.387813	0.339279	0.310831	0.338144	0.327702	0.333141	0.338144	0.328077	0.311982	0.328808	0.312646	0.264375	0.368926	0.357792	0.379272	0.284059	0.290927	0.306953	0.298895	0.296663	0.3238	0.328333	0.285884	0.255239	0.252414	0.26018	0.26022	0.260928	0.273825	0.285081	0.277617	0.303019	0.303608	0.296447	0.302548	0.297814	0.324916	0.362973	0.303115	0.319408	0.311473	0.342879
Oenanthe_oenanthe	0.270155	0.127768	0.132036	0.179511	0.151897	0.134799	0.160839	0.158601	0.119368	0.14969	0.161904	0.141019	0.15716	0.147541	0.153225	0.148502	0.133737	0.138099	0.154754	0.17463	0.147297	0.158381	0.152541	0.15023	0.168633	0.167824	0.161937	0.14179	0.144548	0.155418	0.147329	0.133648	0.175439	0.158365	0.168438	0.161686	0.162756	0.16408	0.158617	0.147859	0.160487	0.166449	0.141306	0.134204	0.137526	0.139598	0.124061	0.129373	0.126035	0.123184	0.130404	0.124906	0.123457	0.125457	0.12402	0.134452	0.130224	0.128719	0.136999	0.171082	0.169379	0.147827	0.147582	0.123485	0.126946	0.131507	0.124322	0.154944	0.156598	0.127582	0.155042	0.139614	0.129332	0.129413	0.138852	0.135685	0.147007	0.159961	0.151388	0.140266	0.0872981	0.0994815	0.0902719	0.103986	0.0861855	0.109516	0.0812538	0.0787102	0.0747078	0.0653074	0	0.0363386	0.100836	0.132759	0.122756	0.109192	0.128289	0.138292	0.147395	0.17723	0.149016	0.178097	0.156747	0.149479	0.127723	0.140956	0.14677	0.152784	0.152779	0.152858	0.163511	0.139728	0.166665	0.150235	0.165023	0.147128	0.14353	0.150753	0.157281	0.169387	0.173722	0.180172	0.193779	0.16875	0.166376	0.158375	0.147386	0.151879	0.152127	0.137811	0.170954	0.172587	0.170627	0.161811	0.166684	0.178223	0.178583	0.203703	0.196348	0.193003	0.17692	0.202107	0.211625	0.199018	0.236725	0.200461	0.31598	0.358229	0.341007	0.32274	0.30455	0.302125	0.319734	0.314271	0.299452	0.314696	0.334264	0.338903	0.336624	0.332015	0.331616	0.286512	0.297318	0.295164	0.320049	0.313258	0.317692	0.28161	0.289103	0.29141	0.283641	0.292799	0.29157	0.287752	0.268071	0.261758	0.409035	0.411309	0.368516	0.380289	0.359214	0.343162	0.346766	0.26955	0.286067	0.333058	0.341664	0.279505	0.274916	0.315435	0.320849	0.304768	0.370586	0.348005	0.339882	0.343773	0.293327	0.28667	0.301915	0.30503	0.308807	0.343291	0.328281	0.343981	0.352557	0.342886	0.330302	0.369823	0.342996	0.358301	0.449557	0.432199	0.454548	0.43771	0.392531	0.395346	0.330154	0.331111	0.448887	0.472674	0.298997	0.310875	0.295849	0.295858	0.307266	0.30727	0.308497	0.303724	0.30252	0.293911	0.290983	0.323474	0.321488	0.417035	0.312021	0.317227	0.289887	0.354942	0.356552	0.36189	0.361795	0.291741	0.312346	0.315291	0.277053	0.284334	0.280803	0.281144	0.401497	0.453422	0.462083	0.44824	0.486164	0.46209	0.470735	0.473323	0.45841	0.454416	0.417085	0.419453	0.420532	0.428012	0.419821	0.408531	0.35572	0.348993	0.398007	0.400221	0.396795	0.39569	0.461706	0.463183	0.411969	0.420523	0.420792	0.315613	0.328048	0.318121	0.271202	0.326849	0.32768	0.304933	0.32137	0.319688	0.309789	0.366396	0.38258	0.334046	0.305598	0.332912	0.322469	0.327908	0.332912	0.322844	0.306749	0.323576	0.307413	0.259142	0.363694	0.352559	0.374039	0.278827	0.285694	0.301721	0.293662	0.29143	0.318568	0.3231	0.280651	0.250007	0.247182	0.254948	0.254987	0.255695	0.268592	0.279848	0.272385	0.297786	0.298375	0.291215	0.297315	0.292581	0.319684	0.35774	0.297882	0.314175	0.30624	0.337647
Saxicola_maurus	0.274797	0.13241	0.136679	0.184153	0.156539	0.139441	0.165481	0.163243	0.12401	0.154332	0.166547	0.145661	0.161802	0.152183	0.157867	0.153144	0.138379	0.142741	0.159396	0.179273	0.151939	0.163023	0.157183	0.154872	0.173276	0.172466	0.166579	0.146432	0.149191	0.160061	0.151971	0.13829	0.180081	0.163007	0.17308	0.166329	0.167398	0.168723	0.163259	0.152501	0.165129	0.171092	0.145949	0.138846	0.142168	0.14424	0.128703	0.134016	0.130677	0.127826	0.135046	0.129549	0.1281	0.1301	0.128662	0.139094	0.134867	0.133361	0.141641	0.175724	0.174021	0.152469	0.152225	0.128127	0.131589	0.13615	0.128964	0.159587	0.16124	0.132224	0.159684	0.144257	0.133974	0.134055	0.143495	0.140328	0.151649	0.164603	0.15603	0.144908	0.0919403	0.104124	0.0949141	0.108628	0.0908278	0.114158	0.0858961	0.0833525	0.0793501	0.0699496	0.0363386	0	0.105478	0.137401	0.127398	0.113835	0.132931	0.142934	0.152037	0.181872	0.153659	0.182739	0.16139	0.154121	0.132365	0.145599	0.151412	0.157426	0.157421	0.1575	0.168153	0.14437	0.171308	0.154877	0.169666	0.151771	0.148172	0.155395	0.161923	0.174029	0.178364	0.184814	0.198421	0.173393	0.171018	0.163017	0.152028	0.156521	0.156769	0.142454	0.175596	0.177229	0.175269	0.166454	0.171326	0.182865	0.183225	0.208345	0.200991	0.197645	0.181562	0.206749	0.216267	0.20366	0.241368	0.205103	0.320622	0.362872	0.34565	0.327383	0.309192	0.306767	0.324376	0.318913	0.304094	0.319338	0.338906	0.343545	0.341266	0.336657	0.336259	0.291154	0.30196	0.299806	0.324691	0.3179	0.322334	0.286253	0.293745	0.296052	0.288284	0.297442	0.296212	0.292394	0.272713	0.2664	0.413678	0.415951	0.373158	0.384931	0.363856	0.347804	0.351408	0.274192	0.290709	0.3377	0.346306	0.284147	0.279558	0.320077	0.325491	0.30941	0.375228	0.352648	0.344525	0.348416	0.297969	0.291312	0.306558	0.309673	0.313449	0.347933	0.332923	0.348624	0.357199	0.347528	0.334945	0.374466	0.347638	0.362943	0.454199	0.436841	0.459191	0.442352	0.397173	0.399988	0.334796	0.335753	0.453529	0.477316	0.303639	0.315517	0.300491	0.300501	0.311909	0.311913	0.313139	0.308367	0.307162	0.298553	0.295625	0.328116	0.326131	0.421678	0.316663	0.32187	0.29453	0.359584	0.361194	0.366532	0.366438	0.296383	0.316989	0.319933	0.281695	0.288976	0.285446	0.285786	0.40614	0.458064	0.466725	0.452882	0.490806	0.466733	0.475377	0.477965	0.463053	0.459058	0.421728	0.424095	0.425174	0.432654	0.424463	0.413173	0.360362	0.353635	0.402649	0.404863	0.401437	0.400333	0.466349	0.467825	0.416611	0.425166	0.425435	0.320255	0.33269	0.322763	0.275845	0.331491	0.332323	0.309575	0.326012	0.324331	0.314431	0.371038	0.387222	0.338688	0.31024	0.337554	0.327111	0.33255	0.337554	0.327486	0.311392	0.328218	0.312055	0.263785	0.368336	0.357202	0.378681	0.283469	0.290337	0.306363	0.298305	0.296073	0.32321	0.327742	0.285293	0.254649	0.251824	0.25959	0.25963	0.260338	0.273234	0.28449	0.277027	0.302428	0.303017	0.295857	0.301958	0.297223	0.324326	0.362383	0.302524	0.318818	0.310882	0.342289
Cinclus_mexicanus	0.27285	0.130462	0.134731	0.182205	0.154591	0.137493	0.163533	0.161295	0.122062	0.152384	0.164599	0.143713	0.159854	0.150235	0.155919	0.151197	0.136432	0.140794	0.157449	0.177325	0.149992	0.161076	0.155236	0.152925	0.171328	0.170518	0.164631	0.144485	0.147243	0.158113	0.150024	0.136343	0.178134	0.16106	0.171133	0.164381	0.165451	0.166775	0.161311	0.150553	0.163182	0.169144	0.144001	0.136898	0.14022	0.142293	0.126755	0.132068	0.128729	0.125879	0.133098	0.127601	0.126152	0.128152	0.126714	0.137147	0.132919	0.131414	0.139694	0.173777	0.172074	0.150521	0.150277	0.12618	0.129641	0.134202	0.127017	0.157639	0.159293	0.130277	0.157737	0.142309	0.132026	0.132108	0.141547	0.13838	0.149701	0.162655	0.154083	0.142961	0.0899927	0.102176	0.0929665	0.10668	0.0888801	0.114844	0.10348	0.100937	0.105477	0.106068	0.100836	0.105478	0	0.135454	0.125451	0.111887	0.130984	0.140986	0.150089	0.179925	0.151711	0.180791	0.159442	0.152174	0.130418	0.143651	0.149464	0.155478	0.155474	0.155552	0.166205	0.142422	0.16936	0.152929	0.167718	0.149823	0.146224	0.153447	0.159976	0.172081	0.176416	0.182866	0.196473	0.171445	0.169071	0.16107	0.150081	0.154574	0.154821	0.140506	0.173648	0.175281	0.173321	0.164506	0.169378	0.180917	0.181277	0.206397	0.199043	0.195697	0.179615	0.204802	0.21432	0.201713	0.23942	0.203155	0.318675	0.360924	0.343702	0.325435	0.307244	0.304819	0.322429	0.316966	0.302147	0.31739	0.336958	0.341597	0.339319	0.33471	0.334311	0.289206	0.300012	0.297859	0.322743	0.315953	0.320387	0.284305	0.291797	0.294105	0.286336	0.295494	0.294264	0.290446	0.270766	0.264453	0.41173	0.414004	0.371211	0.382983	0.361908	0.345857	0.34946	0.272244	0.288762	0.335752	0.344358	0.2822	0.277611	0.318129	0.323543	0.307462	0.37328	0.3507	0.342577	0.346468	0.296022	0.289364	0.30461	0.307725	0.311501	0.345985	0.330975	0.346676	0.355252	0.345581	0.332997	0.372518	0.345691	0.360995	0.452251	0.434893	0.457243	0.440405	0.395225	0.39804	0.332848	0.333805	0.451581	0.475369	0.301692	0.313569	0.298543	0.298553	0.309961	0.309965	0.311191	0.306419	0.305215	0.296606	0.293677	0.326169	0.324183	0.41973	0.314716	0.319922	0.292582	0.357636	0.359246	0.364585	0.36449	0.294436	0.315041	0.317986	0.279748	0.287029	0.283498	0.283838	0.404192	0.456117	0.464778	0.450935	0.488858	0.464785	0.473429	0.476018	0.461105	0.457111	0.41978	0.422147	0.423226	0.430706	0.422515	0.411225	0.358415	0.351687	0.400702	0.402915	0.399489	0.398385	0.464401	0.465878	0.414664	0.423218	0.423487	0.318308	0.330743	0.320816	0.273897	0.329543	0.330375	0.307628	0.324064	0.322383	0.312484	0.36909	0.385275	0.336741	0.308293	0.335606	0.325164	0.330603	0.335606	0.325539	0.309444	0.32627	0.310108	0.261837	0.366388	0.355254	0.376734	0.281521	0.288389	0.304415	0.296357	0.294125	0.321262	0.325795	0.283345	0.252701	0.249876	0.257642	0.257682	0.25839	0.271287	0.282543	0.275079	0.300481	0.30107	0.293909	0.30001	0.295276	0.322378	0.360435	0.300577	0.31687	0.308935	0.340341
Dicaeum_eximium	0.270858	0.12847	0.132739	0.180213	0.152599	0.135501	0.161541	0.159303	0.12007	0.150392	0.162607	0.141721	0.157862	0.148243	0.153927	0.149205	0.13444	0.138802	0.155457	0.175333	0.148	0.159084	0.153244	0.150933	0.169336	0.168526	0.162639	0.142493	0.145251	0.156121	0.148032	0.134351	0.176142	0.159068	0.169141	0.162389	0.163459	0.164783	0.159319	0.148561	0.16119	0.167152	0.142009	0.134906	0.138228	0.140301	0.124763	0.130076	0.126737	0.123887	0.131106	0.125609	0.12416	0.12616	0.124722	0.135155	0.130927	0.129422	0.137702	0.171785	0.170082	0.148529	0.148285	0.124188	0.127649	0.13221	0.125025	0.155647	0.157301	0.128285	0.155745	0.140317	0.130034	0.130116	0.139555	0.136388	0.150265	0.163219	0.154647	0.143525	0.119651	0.131834	0.122625	0.136339	0.118538	0.146767	0.135404	0.13286	0.1374	0.137992	0.132759	0.137401	0.135454	0	0.094257	0.103575	0.128992	0.138994	0.148097	0.177933	0.149719	0.178799	0.15745	0.150182	0.128426	0.141659	0.147472	0.153486	0.153482	0.15356	0.164213	0.14043	0.167368	0.150937	0.165726	0.147831	0.144232	0.151456	0.157984	0.170089	0.174424	0.180874	0.194481	0.169453	0.167079	0.159078	0.148089	0.152582	0.152829	0.138514	0.171656	0.173289	0.171329	0.162514	0.167386	0.178925	0.179285	0.204405	0.197051	0.193705	0.177623	0.20281	0.212328	0.199721	0.237428	0.201163	0.316683	0.358932	0.34171	0.323443	0.305252	0.302827	0.320437	0.314974	0.300155	0.315398	0.334966	0.339605	0.337327	0.332718	0.332319	0.287214	0.29802	0.295867	0.320751	0.313961	0.318395	0.282313	0.289805	0.292113	0.284344	0.293502	0.292272	0.288454	0.268774	0.262461	0.409738	0.412012	0.369219	0.380991	0.359916	0.343865	0.347468	0.270252	0.28677	0.333761	0.342366	0.280208	0.275619	0.316138	0.321551	0.30547	0.371288	0.348708	0.340585	0.344476	0.29403	0.287372	0.302618	0.305733	0.309509	0.343993	0.328983	0.344684	0.35326	0.343589	0.331005	0.370526	0.343699	0.359003	0.450259	0.432901	0.455251	0.438413	0.393233	0.396048	0.330856	0.331813	0.449589	0.473377	0.2997	0.311577	0.296551	0.296561	0.307969	0.307973	0.309199	0.304427	0.303223	0.294614	0.291685	0.324177	0.322191	0.417738	0.312724	0.31793	0.29059	0.355644	0.357254	0.362593	0.362498	0.292444	0.313049	0.315994	0.277756	0.285037	0.281506	0.281846	0.4022	0.454125	0.462786	0.448943	0.486866	0.462793	0.471437	0.474026	0.459113	0.455119	0.417788	0.420155	0.421234	0.428714	0.420523	0.409233	0.356423	0.349695	0.39871	0.400923	0.397497	0.396393	0.462409	0.463886	0.412672	0.421226	0.421495	0.316316	0.328751	0.318824	0.271905	0.327551	0.328383	0.305636	0.322072	0.320391	0.310492	0.367098	0.383283	0.334749	0.306301	0.333614	0.323172	0.328611	0.333614	0.323547	0.307452	0.324278	0.308116	0.259845	0.364396	0.353262	0.374742	0.279529	0.286397	0.302423	0.294365	0.292133	0.31927	0.323803	0.281354	0.25071	0.247884	0.25565	0.25569	0.256398	0.269295	0.280551	0.273087	0.298489	0.299078	0.291917	0.298018	0.293284	0.320386	0.358443	0.298585	0.314878	0.306943	0.338349
Leptocoma_aspasia	0.260855	0.118467	0.122736	0.17021	0.142597	0.125498	0.151538	0.1493	0.110067	0.14039	0.152604	0.131718	0.147859	0.138241	0.143925	0.139202	0.124437	0.128799	0.145454	0.16533	0.137997	0.149081	0.143241	0.14093	0.159333	0.158524	0.152636	0.13249	0.135248	0.146118	0.138029	0.124348	0.166139	0.149065	0.159138	0.152386	0.153456	0.15478	0.149316	0.138558	0.151187	0.157149	0.132006	0.124903	0.128226	0.130298	0.114761	0.120073	0.116734	0.113884	0.121103	0.115606	0.114157	0.116157	0.114719	0.125152	0.120924	0.119419	0.127699	0.161782	0.160079	0.138527	0.138282	0.114185	0.117646	0.122207	0.115022	0.145644	0.147298	0.118282	0.145742	0.130314	0.120032	0.120113	0.129552	0.126385	0.140262	0.153217	0.144644	0.133522	0.109648	0.121832	0.112622	0.126336	0.108536	0.136765	0.125401	0.122857	0.127397	0.127989	0.122756	0.127398	0.125451	0.094257	0	0.0935722	0.118989	0.128991	0.138095	0.16793	0.139716	0.168796	0.147447	0.140179	0.118423	0.131656	0.13747	0.143484	0.143479	0.143557	0.154211	0.130427	0.157365	0.140935	0.155723	0.137828	0.134229	0.141453	0.147981	0.160086	0.164421	0.170871	0.184479	0.15945	0.157076	0.149075	0.138086	0.142579	0.142826	0.128511	0.161653	0.163287	0.161326	0.152511	0.157383	0.168922	0.169282	0.194402	0.187048	0.183702	0.16762	0.192807	0.202325	0.189718	0.227425	0.19116	0.30668	0.348929	0.331707	0.31344	0.29525	0.292824	0.310434	0.304971	0.290152	0.305395	0.324964	0.329602	0.327324	0.322715	0.322316	0.277211	0.288017	0.285864	0.310748	0.303958	0.308392	0.27231	0.279802	0.28211	0.274341	0.283499	0.282269	0.278451	0.258771	0.252458	0.399735	0.402009	0.359216	0.370989	0.349913	0.333862	0.337465	0.26025	0.276767	0.323758	0.332364	0.270205	0.265616	0.306135	0.311549	0.295468	0.361285	0.338705	0.330582	0.334473	0.284027	0.27737	0.292615	0.29573	0.299506	0.33399	0.31898	0.334681	0.343257	0.333586	0.321002	0.360523	0.333696	0.349001	0.440257	0.422898	0.445248	0.42841	0.38323	0.386045	0.320853	0.321811	0.439587	0.463374	0.289697	0.301575	0.286548	0.286558	0.297966	0.29797	0.299196	0.294424	0.29322	0.284611	0.281682	0.314174	0.312188	0.407735	0.302721	0.307927	0.280587	0.345641	0.347251	0.35259	0.352495	0.282441	0.303046	0.305991	0.267753	0.275034	0.271503	0.271843	0.392197	0.444122	0.452783	0.43894	0.476864	0.45279	0.461434	0.464023	0.44911	0.445116	0.407785	0.410152	0.411232	0.418711	0.41052	0.39923	0.34642	0.339692	0.388707	0.390921	0.387494	0.38639	0.452406	0.453883	0.402669	0.411223	0.411492	0.306313	0.318748	0.308821	0.261902	0.317548	0.31838	0.295633	0.312069	0.310388	0.300489	0.357095	0.37328	0.324746	0.296298	0.323612	0.313169	0.318608	0.323611	0.313544	0.297449	0.314276	0.298113	0.249842	0.354393	0.343259	0.364739	0.269526	0.276394	0.29242	0.284362	0.28213	0.309268	0.3138	0.271351	0.240707	0.237881	0.245647	0.245687	0.246395	0.259292	0.270548	0.263085	0.288486	0.289075	0.281915	0.288015	0.283281	0.310383	0.34844	0.288582	0.304875	0.29694	0.328346
Promerops_cafer	0.247291	0.104903	0.109172	0.156647	0.129033	0.111935	0.137975	0.135736	0.0965034	0.126826	0.13904	0.118154	0.134296	0.124677	0.130361	0.125638	0.110873	0.115235	0.13189	0.151766	0.124433	0.135517	0.129677	0.127366	0.145769	0.14496	0.139073	0.118926	0.121684	0.132554	0.124465	0.110784	0.152575	0.135501	0.145574	0.138822	0.139892	0.141216	0.135752	0.124995	0.137623	0.143585	0.118442	0.11134	0.114662	0.116734	0.101197	0.106509	0.103171	0.10032	0.107539	0.102042	0.100593	0.102593	0.101156	0.111588	0.10736	0.105855	0.114135	0.148218	0.146515	0.124963	0.124718	0.100621	0.104082	0.108643	0.101458	0.13208	0.133734	0.104718	0.132178	0.11675	0.106468	0.106549	0.115988	0.112821	0.126699	0.139653	0.13108	0.119958	0.0960843	0.108268	0.0990581	0.112772	0.0949717	0.123201	0.111837	0.109293	0.113833	0.114425	0.109192	0.113835	0.111887	0.103575	0.0935722	0	0.105425	0.115428	0.124531	0.154366	0.126152	0.155232	0.133883	0.126615	0.104859	0.118092	0.123906	0.12992	0.129915	0.129993	0.140647	0.116864	0.143801	0.127371	0.142159	0.124264	0.120666	0.127889	0.134417	0.146523	0.150858	0.157307	0.170915	0.145886	0.143512	0.135511	0.124522	0.129015	0.129263	0.114947	0.14809	0.149723	0.147763	0.138947	0.143819	0.155358	0.155718	0.180839	0.173484	0.170138	0.154056	0.179243	0.188761	0.176154	0.213861	0.177597	0.293116	0.335365	0.318143	0.299876	0.281686	0.27926	0.29687	0.291407	0.276588	0.291831	0.3114	0.316039	0.31376	0.309151	0.308752	0.263648	0.274454	0.2723	0.297184	0.290394	0.294828	0.258746	0.266238	0.268546	0.260777	0.269935	0.268705	0.264888	0.245207	0.238894	0.386171	0.388445	0.345652	0.357425	0.336349	0.320298	0.323901	0.246686	0.263203	0.310194	0.3188	0.256641	0.252052	0.292571	0.297985	0.281904	0.347721	0.325141	0.317018	0.320909	0.270463	0.263806	0.279051	0.282166	0.285943	0.320426	0.305416	0.321117	0.329693	0.320022	0.307438	0.346959	0.320132	0.335437	0.426693	0.409335	0.431684	0.414846	0.369666	0.372481	0.30729	0.308247	0.426023	0.44981	0.276133	0.288011	0.272984	0.272994	0.284402	0.284406	0.285633	0.28086	0.279656	0.271047	0.268119	0.30061	0.298624	0.394171	0.289157	0.294363	0.267023	0.332078	0.333687	0.339026	0.338931	0.268877	0.289482	0.292427	0.254189	0.26147	0.257939	0.258279	0.378633	0.430558	0.439219	0.425376	0.4633	0.439226	0.44787	0.450459	0.435546	0.431552	0.394221	0.396588	0.397668	0.405148	0.396957	0.385666	0.332856	0.326129	0.375143	0.377357	0.37393	0.372826	0.438842	0.440319	0.389105	0.397659	0.397928	0.292749	0.305184	0.295257	0.248338	0.303985	0.304816	0.282069	0.298506	0.296824	0.286925	0.343532	0.359716	0.311182	0.282734	0.310048	0.299605	0.305044	0.310048	0.29998	0.283885	0.300712	0.284549	0.236278	0.34083	0.329695	0.351175	0.255962	0.26283	0.278857	0.270798	0.268566	0.295704	0.300236	0.257787	0.227143	0.224318	0.232083	0.232123	0.232831	0.245728	0.256984	0.249521	0.274922	0.275511	0.268351	0.274451	0.269717	0.296819	0.334876	0.275018	0.291311	0.283376	0.314782
Polioptila_caerulea	0.254595	0.115218	0.119487	0.166961	0.139347	0.122249	0.148289	0.146051	0.106818	0.13714	0.149355	0.128469	0.14461	0.134991	0.140675	0.135953	0.121188	0.12555	0.142204	0.162081	0.134747	0.145832	0.139991	0.137681	0.156084	0.155274	0.149387	0.12924	0.131999	0.142869	0.13478	0.121098	0.16289	0.151437	0.16151	0.154758	0.155828	0.157152	0.151689	0.140931	0.153559	0.159521	0.134378	0.127276	0.130598	0.13267	0.117133	0.122445	0.119107	0.116256	0.123476	0.117978	0.116529	0.118529	0.117092	0.127524	0.123296	0.121791	0.130071	0.164154	0.162451	0.140899	0.140654	0.116557	0.120018	0.124579	0.117394	0.148016	0.14967	0.120654	0.148114	0.132686	0.122404	0.122485	0.131924	0.128757	0.145795	0.158749	0.150177	0.139055	0.115181	0.127364	0.118155	0.131869	0.114068	0.142297	0.130934	0.12839	0.13293	0.133522	0.128289	0.132931	0.130984	0.128992	0.118989	0.105425	0	0.0914412	0.131834	0.16167	0.133456	0.162536	0.141187	0.133919	0.112163	0.125396	0.13121	0.137224	0.137219	0.137297	0.147951	0.124167	0.151105	0.134675	0.149463	0.131568	0.127969	0.135193	0.141721	0.153826	0.158161	0.164611	0.178218	0.15319	0.150816	0.142815	0.131826	0.136319	0.136566	0.122251	0.155393	0.157027	0.155066	0.146251	0.151123	0.162662	0.163022	0.188142	0.180788	0.177442	0.16136	0.186547	0.196065	0.183458	0.221165	0.1849	0.30042	0.342669	0.325447	0.30718	0.28899	0.286564	0.304174	0.298711	0.283892	0.299135	0.318704	0.323342	0.321064	0.316455	0.316056	0.270951	0.281757	0.279604	0.304488	0.297698	0.302132	0.26605	0.273542	0.27585	0.268081	0.277239	0.276009	0.272191	0.252511	0.246198	0.393475	0.395749	0.352956	0.364729	0.343653	0.327602	0.331205	0.25399	0.270507	0.317498	0.326104	0.263945	0.259356	0.299875	0.305289	0.289207	0.355025	0.332445	0.324322	0.328213	0.277767	0.27111	0.286355	0.28947	0.293246	0.32773	0.31272	0.328421	0.336997	0.327326	0.314742	0.354263	0.327436	0.342741	0.433997	0.416638	0.438988	0.42215	0.37697	0.379785	0.314593	0.31555	0.433327	0.457114	0.283437	0.295315	0.280288	0.280298	0.291706	0.29171	0.292936	0.288164	0.28696	0.278351	0.275422	0.307914	0.305928	0.401475	0.296461	0.301667	0.274327	0.339381	0.340991	0.34633	0.346235	0.276181	0.296786	0.299731	0.261493	0.268774	0.265243	0.265583	0.385937	0.437862	0.446523	0.43268	0.470604	0.44653	0.455174	0.457763	0.44285	0.438856	0.401525	0.403892	0.404972	0.412451	0.40426	0.39297	0.34016	0.333432	0.382447	0.384661	0.381234	0.38013	0.446146	0.447623	0.396409	0.404963	0.405232	0.300053	0.312488	0.302561	0.255642	0.311288	0.31212	0.289373	0.305809	0.304128	0.294229	0.350835	0.36702	0.318486	0.290038	0.317351	0.306909	0.312348	0.317351	0.307284	0.291189	0.308016	0.291853	0.243582	0.348133	0.336999	0.358479	0.263266	0.270134	0.28616	0.278102	0.27587	0.303008	0.30754	0.265091	0.234447	0.231621	0.239387	0.239427	0.240135	0.253032	0.264288	0.256825	0.282226	0.282815	0.275655	0.281755	0.277021	0.304123	0.34218	0.282322	0.298615	0.29068	0.322086
Thryothorus_ludovicianus	0.264598	0.125221	0.12949	0.176964	0.14935	0.132252	0.158292	0.156054	0.116821	0.147143	0.159358	0.138472	0.154613	0.144994	0.150678	0.145956	0.13119	0.135552	0.152207	0.172084	0.14475	0.155834	0.149994	0.147684	0.166087	0.165277	0.15939	0.139243	0.142002	0.152872	0.144782	0.131101	0.172892	0.16144	0.171513	0.164761	0.165831	0.167155	0.161691	0.150933	0.163562	0.169524	0.144381	0.137279	0.140601	0.142673	0.127136	0.132448	0.129109	0.126259	0.133478	0.127981	0.126532	0.128532	0.127095	0.137527	0.133299	0.131794	0.140074	0.174157	0.172454	0.150902	0.150657	0.12656	0.130021	0.134582	0.127397	0.158019	0.159673	0.130657	0.158117	0.142689	0.132407	0.132488	0.141927	0.13876	0.155798	0.168752	0.16018	0.149057	0.125184	0.137367	0.128158	0.141871	0.124071	0.1523	0.140937	0.138393	0.142933	0.143524	0.138292	0.142934	0.140986	0.138994	0.128991	0.115428	0.0914412	0	0.141837	0.171673	0.143459	0.172539	0.15119	0.143922	0.122166	0.135399	0.141212	0.147226	0.147221	0.1473	0.157953	0.13417	0.161108	0.144677	0.159466	0.141571	0.137972	0.145195	0.151724	0.163829	0.168164	0.174614	0.188221	0.163193	0.160819	0.152818	0.141829	0.146322	0.146569	0.132254	0.165396	0.167029	0.165069	0.156254	0.161126	0.172665	0.173025	0.198145	0.190791	0.187445	0.171363	0.19655	0.206068	0.193461	0.231168	0.194903	0.310423	0.352672	0.33545	0.317183	0.298992	0.296567	0.314176	0.308713	0.293895	0.309138	0.328706	0.333345	0.331066	0.326457	0.326059	0.280954	0.29176	0.289606	0.314491	0.307701	0.312135	0.276053	0.283545	0.285852	0.278084	0.287242	0.286012	0.282194	0.262514	0.2562	0.403478	0.405752	0.362958	0.374731	0.353656	0.337605	0.341208	0.263992	0.280509	0.3275	0.336106	0.273948	0.269359	0.309877	0.315291	0.29921	0.365028	0.342448	0.334325	0.338216	0.287769	0.281112	0.296358	0.299473	0.303249	0.337733	0.322723	0.338424	0.347	0.337328	0.324745	0.364266	0.337439	0.352743	0.443999	0.426641	0.448991	0.432153	0.386973	0.389788	0.324596	0.325553	0.443329	0.467117	0.29344	0.305317	0.290291	0.290301	0.301709	0.301713	0.302939	0.298167	0.296962	0.288354	0.285425	0.317916	0.315931	0.411478	0.306464	0.31167	0.28433	0.349384	0.350994	0.356333	0.356238	0.286184	0.306789	0.309734	0.271495	0.278777	0.275246	0.275586	0.39594	0.447865	0.456526	0.442683	0.480606	0.456533	0.465177	0.467766	0.452853	0.448859	0.411528	0.413895	0.414974	0.422454	0.414263	0.402973	0.350162	0.343435	0.39245	0.394663	0.391237	0.390133	0.456149	0.457626	0.406411	0.414966	0.415235	0.310055	0.322491	0.312564	0.265645	0.321291	0.322123	0.299375	0.315812	0.314131	0.304232	0.360838	0.377022	0.328489	0.30004	0.327354	0.316912	0.322351	0.327354	0.317286	0.301192	0.318018	0.301855	0.253585	0.358136	0.347002	0.368482	0.273269	0.280137	0.296163	0.288105	0.285873	0.31301	0.317543	0.275093	0.244449	0.241624	0.24939	0.24943	0.250138	0.263035	0.274291	0.266827	0.292228	0.292818	0.285657	0.291758	0.287024	0.314126	0.352183	0.292324	0.308618	0.300683	0.332089
Callaeas_wilsoni	0.255483	0.134324	0.138593	0.186067	0.158453	0.141355	0.167395	0.165157	0.125924	0.156246	0.168461	0.147575	0.163716	0.154097	0.159781	0.155059	0.140293	0.144655	0.16131	0.181187	0.153853	0.164937	0.159097	0.156787	0.17519	0.17438	0.168493	0.148346	0.151105	0.161975	0.153886	0.140204	0.181996	0.170543	0.180616	0.173864	0.174934	0.176258	0.170794	0.160036	0.172665	0.178627	0.153484	0.146382	0.149704	0.151776	0.136239	0.141551	0.138212	0.135362	0.142581	0.137084	0.135635	0.137635	0.136198	0.14663	0.142402	0.140897	0.149177	0.18326	0.181557	0.160005	0.15976	0.135663	0.139124	0.143685	0.1365	0.167122	0.168776	0.13976	0.16722	0.151792	0.14151	0.141591	0.15103	0.147863	0.164901	0.177855	0.169283	0.15816	0.134287	0.14647	0.137261	0.150974	0.133174	0.161403	0.15004	0.147496	0.152036	0.152627	0.147395	0.152037	0.150089	0.148097	0.138095	0.124531	0.131834	0.141837	0	0.162558	0.134345	0.163425	0.142076	0.134807	0.113051	0.126284	0.132098	0.138112	0.138107	0.138186	0.148839	0.125056	0.151994	0.135563	0.150352	0.132457	0.128858	0.136081	0.142609	0.154715	0.15905	0.1655	0.179107	0.154078	0.151704	0.143703	0.132714	0.137207	0.137455	0.123139	0.156282	0.157915	0.155955	0.14714	0.152012	0.163551	0.163911	0.189031	0.181676	0.178331	0.162248	0.187435	0.196953	0.184346	0.222054	0.185789	0.301308	0.343558	0.326335	0.308068	0.289878	0.287453	0.305062	0.299599	0.28478	0.300024	0.319592	0.324231	0.321952	0.317343	0.316944	0.27184	0.282646	0.280492	0.305377	0.298586	0.30302	0.266939	0.274431	0.276738	0.26897	0.278128	0.276898	0.27308	0.253399	0.247086	0.394364	0.396637	0.353844	0.365617	0.344542	0.32849	0.332094	0.254878	0.271395	0.318386	0.326992	0.264833	0.260244	0.300763	0.306177	0.290096	0.355914	0.333334	0.325211	0.329102	0.278655	0.271998	0.287243	0.290358	0.294135	0.328619	0.313609	0.329309	0.337885	0.328214	0.315631	0.355152	0.328324	0.343629	0.434885	0.417527	0.439876	0.423038	0.377859	0.380674	0.315482	0.316439	0.434215	0.458002	0.284325	0.296203	0.281177	0.281186	0.292595	0.292599	0.293825	0.289053	0.287848	0.279239	0.276311	0.308802	0.306817	0.402363	0.297349	0.302556	0.275216	0.34027	0.34188	0.347218	0.347124	0.277069	0.297675	0.300619	0.262381	0.269662	0.266132	0.266472	0.386826	0.43875	0.447411	0.433568	0.471492	0.447418	0.456063	0.458651	0.443739	0.439744	0.402414	0.404781	0.40586	0.41334	0.405149	0.393859	0.341048	0.334321	0.383335	0.385549	0.382123	0.381019	0.447035	0.448511	0.397297	0.405851	0.40612	0.300941	0.313376	0.303449	0.25653	0.312177	0.313009	0.290261	0.306698	0.305017	0.295117	0.351724	0.367908	0.319374	0.290926	0.31824	0.307797	0.313236	0.31824	0.308172	0.292077	0.308904	0.292741	0.24447	0.349022	0.337887	0.359367	0.264155	0.271023	0.287049	0.278991	0.276759	0.303896	0.308428	0.265979	0.235335	0.23251	0.240276	0.240315	0.241023	0.25392	0.265176	0.257713	0.283114	0.283703	0.276543	0.282644	0.277909	0.305012	0.343068	0.28321	0.299504	0.291568	0.322975
Drymodes_brunneopygia	0.283653	0.164159	0.168428	0.215902	0.188289	0.17119	0.19723	0.194992	0.155759	0.186082	0.198296	0.17741	0.193551	0.183933	0.189617	0.184894	0.170129	0.174491	0.191146	0.211022	0.183689	0.194773	0.188933	0.186622	0.205025	0.204216	0.198328	0.178182	0.18094	0.19181	0.183721	0.17004	0.211831	0.200378	0.210451	0.203699	0.204769	0.206094	0.20063	0.189872	0.2025	0.208463	0.18332	0.176217	0.179539	0.181611	0.166074	0.171387	0.168048	0.165197	0.172417	0.166919	0.165471	0.167471	0.166033	0.176465	0.172238	0.170732	0.179012	0.213095	0.211392	0.18984	0.189596	0.165498	0.16896	0.173521	0.166335	0.196958	0.198611	0.169595	0.197055	0.181628	0.171345	0.171426	0.180866	0.177698	0.194736	0.207691	0.199118	0.187996	0.164122	0.176306	0.167096	0.18081	0.16301	0.191239	0.179875	0.177331	0.181871	0.182463	0.17723	0.181872	0.179925	0.177933	0.16793	0.154366	0.16167	0.171673	0.162558	0	0.151195	0.191595	0.170245	0.162977	0.141221	0.154454	0.160268	0.166282	0.166277	0.166355	0.177009	0.153226	0.180163	0.163733	0.178521	0.160626	0.157028	0.164251	0.170779	0.182885	0.18722	0.19367	0.207277	0.182248	0.179874	0.171873	0.160884	0.165377	0.165625	0.151309	0.184452	0.186085	0.184125	0.175309	0.180181	0.191721	0.19208	0.217201	0.209846	0.206501	0.190418	0.215605	0.225123	0.212516	0.250223	0.213959	0.329478	0.371727	0.354505	0.336238	0.318048	0.315622	0.333232	0.327769	0.31295	0.328193	0.347762	0.352401	0.350122	0.345513	0.345114	0.30001	0.310816	0.308662	0.333547	0.326756	0.33119	0.295108	0.3026	0.304908	0.297139	0.306297	0.305067	0.30125	0.281569	0.275256	0.422533	0.424807	0.382014	0.393787	0.372711	0.35666	0.360263	0.283048	0.299565	0.346556	0.355162	0.293003	0.288414	0.328933	0.334347	0.318266	0.384084	0.361503	0.35338	0.357271	0.306825	0.300168	0.315413	0.318528	0.322305	0.356788	0.341778	0.357479	0.366055	0.356384	0.3438	0.383321	0.356494	0.371799	0.463055	0.445697	0.468046	0.451208	0.406028	0.408843	0.343652	0.344609	0.462385	0.486172	0.312495	0.324373	0.309346	0.309356	0.320764	0.320768	0.321995	0.317222	0.316018	0.307409	0.304481	0.336972	0.334986	0.430533	0.325519	0.330725	0.303385	0.36844	0.37005	0.375388	0.375293	0.305239	0.325844	0.328789	0.290551	0.297832	0.294301	0.294641	0.414995	0.46692	0.475581	0.461738	0.499662	0.475588	0.484232	0.486821	0.471908	0.467914	0.430583	0.43295	0.43403	0.44151	0.433319	0.422029	0.369218	0.362491	0.411505	0.413719	0.410292	0.409188	0.475204	0.476681	0.425467	0.434021	0.43429	0.329111	0.341546	0.331619	0.2847	0.340347	0.341178	0.318431	0.334868	0.333186	0.323287	0.379894	0.396078	0.347544	0.319096	0.34641	0.335967	0.341406	0.34641	0.336342	0.320247	0.337074	0.320911	0.27264	0.377192	0.366057	0.387537	0.292324	0.299192	0.315219	0.30716	0.304928	0.332066	0.336598	0.294149	0.263505	0.26068	0.268445	0.268485	0.269193	0.28209	0.293346	0.285883	0.311284	0.311873	0.304713	0.310813	0.306079	0.333182	0.371238	0.31138	0.327673	0.319738	0.351145
Notiomystis_cincta	0.255439	0.135945	0.140214	0.187689	0.160075	0.142977	0.169017	0.166779	0.127545	0.157868	0.170082	0.149196	0.165338	0.155719	0.161403	0.15668	0.141915	0.146277	0.162932	0.182808	0.155475	0.166559	0.160719	0.158408	0.176811	0.176002	0.170115	0.149968	0.152726	0.163596	0.155507	0.141826	0.183617	0.172164	0.182238	0.175486	0.176555	0.17788	0.172416	0.161658	0.174286	0.180249	0.155106	0.148003	0.151325	0.153398	0.13786	0.143173	0.139834	0.136983	0.144203	0.138706	0.137257	0.139257	0.137819	0.148251	0.144024	0.142518	0.150798	0.184882	0.183179	0.161626	0.161382	0.137285	0.140746	0.145307	0.138122	0.168744	0.170397	0.141381	0.168841	0.153414	0.143131	0.143212	0.152652	0.149485	0.166523	0.179477	0.170904	0.159782	0.135908	0.148092	0.138882	0.152596	0.134796	0.163025	0.151661	0.149118	0.153658	0.154249	0.149016	0.153659	0.151711	0.149719	0.139716	0.126152	0.133456	0.143459	0.134345	0.151195	0	0.163381	0.142032	0.134763	0.113007	0.12624	0.132054	0.138068	0.138063	0.138142	0.148795	0.125012	0.15195	0.135519	0.150308	0.132413	0.128814	0.136037	0.142565	0.154671	0.159006	0.165456	0.179063	0.154034	0.15166	0.143659	0.13267	0.137163	0.137411	0.123095	0.156238	0.157871	0.155911	0.147096	0.151968	0.163507	0.163867	0.188987	0.181632	0.178287	0.162204	0.187391	0.196909	0.184302	0.22201	0.185745	0.301264	0.343514	0.326291	0.308024	0.289834	0.287409	0.305018	0.299555	0.284736	0.29998	0.319548	0.324187	0.321908	0.317299	0.3169	0.271796	0.282602	0.280448	0.305333	0.298542	0.302976	0.266895	0.274387	0.276694	0.268926	0.278084	0.276854	0.273036	0.253355	0.247042	0.39432	0.396593	0.3538	0.365573	0.344498	0.328446	0.33205	0.254834	0.271351	0.318342	0.326948	0.264789	0.2602	0.300719	0.306133	0.290052	0.35587	0.33329	0.325167	0.329058	0.278611	0.271954	0.287199	0.290314	0.294091	0.328575	0.313565	0.329265	0.337841	0.32817	0.315587	0.355108	0.32828	0.343585	0.434841	0.417483	0.439832	0.422994	0.377815	0.38063	0.315438	0.316395	0.434171	0.457958	0.284281	0.296159	0.281133	0.281142	0.292551	0.292555	0.293781	0.289009	0.287804	0.279195	0.276267	0.308758	0.306773	0.402319	0.297305	0.302512	0.275172	0.340226	0.341836	0.347174	0.34708	0.277025	0.297631	0.300575	0.262337	0.269618	0.266088	0.266428	0.386782	0.438706	0.447367	0.433524	0.471448	0.447374	0.456019	0.458607	0.443695	0.4397	0.40237	0.404737	0.405816	0.413296	0.405105	0.393815	0.341004	0.334277	0.383291	0.385505	0.382079	0.380975	0.446991	0.448467	0.397253	0.405807	0.406076	0.300897	0.313332	0.303405	0.256486	0.312133	0.312965	0.290217	0.306654	0.304973	0.295073	0.35168	0.367864	0.31933	0.290882	0.318196	0.307753	0.313192	0.318196	0.308128	0.292033	0.30886	0.292697	0.244426	0.348978	0.337843	0.359323	0.264111	0.270979	0.287005	0.278947	0.276715	0.303852	0.308384	0.265935	0.235291	0.232466	0.240232	0.240271	0.240979	0.253876	0.265132	0.257669	0.28307	0.283659	0.276499	0.2826	0.277865	0.304968	0.343024	0.283166	0.29946	0.291524	0.322931
Chaetops_frenatus	0.279733	0.165026	0.169295	0.216769	0.189155	0.172057	0.198097	0.195859	0.156626	0.186948	0.199163	0.178277	0.194418	0.184799	0.190483	0.18576	0.170995	0.175357	0.192012	0.211888	0.184555	0.195639	0.189799	0.187488	0.205891	0.205082	0.199195	0.179048	0.181807	0.192676	0.184587	0.170906	0.212697	0.201245	0.211318	0.204566	0.205636	0.20696	0.201496	0.190738	0.203367	0.209329	0.184186	0.177083	0.180405	0.182478	0.166941	0.172253	0.168914	0.166064	0.173283	0.167786	0.166337	0.168337	0.166899	0.177332	0.173104	0.171599	0.179879	0.213962	0.212259	0.190706	0.190462	0.166365	0.169826	0.174387	0.167202	0.197824	0.199478	0.170462	0.197922	0.182494	0.172212	0.172293	0.181732	0.178565	0.195603	0.208557	0.199984	0.188862	0.164989	0.177172	0.167962	0.181676	0.163876	0.192105	0.180741	0.178198	0.182738	0.183329	0.178097	0.182739	0.180791	0.178799	0.168796	0.155232	0.162536	0.172539	0.163425	0.191595	0.163381	0	0.131778	0.147039	0.137301	0.150534	0.156347	0.162361	0.162356	0.162435	0.173088	0.149305	0.176243	0.159812	0.174601	0.156706	0.153107	0.16033	0.166859	0.178964	0.183299	0.189749	0.203356	0.178328	0.175954	0.167952	0.156964	0.161457	0.161704	0.147389	0.180531	0.182164	0.180204	0.171389	0.176261	0.1878	0.18816	0.21328	0.205926	0.20258	0.186497	0.211685	0.221203	0.208596	0.246303	0.210038	0.325558	0.367807	0.350585	0.332318	0.314127	0.311702	0.329311	0.323848	0.30903	0.324273	0.343841	0.34848	0.346201	0.341592	0.341194	0.296089	0.306895	0.304741	0.329626	0.322836	0.32727	0.291188	0.29868	0.300987	0.293219	0.302377	0.301147	0.297329	0.277649	0.271335	0.418613	0.420887	0.378093	0.389866	0.368791	0.35274	0.356343	0.279127	0.295644	0.342635	0.351241	0.289083	0.284494	0.325012	0.330426	0.314345	0.380163	0.357583	0.34946	0.353351	0.302904	0.296247	0.311493	0.314608	0.318384	0.352868	0.337858	0.353559	0.362135	0.352463	0.33988	0.379401	0.352574	0.367878	0.459134	0.441776	0.464126	0.447288	0.402108	0.404923	0.339731	0.340688	0.458464	0.482252	0.308575	0.320452	0.305426	0.305436	0.316844	0.316848	0.318074	0.313302	0.312097	0.303489	0.30056	0.333051	0.331066	0.426613	0.321599	0.326805	0.299465	0.364519	0.366129	0.371468	0.371373	0.301319	0.321924	0.324869	0.28663	0.293912	0.290381	0.290721	0.411075	0.463	0.471661	0.457818	0.495741	0.471668	0.480312	0.482901	0.467988	0.463993	0.426663	0.42903	0.430109	0.437589	0.429398	0.418108	0.365297	0.35857	0.407585	0.409798	0.406372	0.405268	0.471284	0.472761	0.421546	0.430101	0.43037	0.32519	0.337626	0.327699	0.28078	0.336426	0.337258	0.31451	0.330947	0.329266	0.319367	0.375973	0.392157	0.343624	0.315175	0.342489	0.332047	0.337486	0.342489	0.332421	0.316327	0.333153	0.31699	0.26872	0.373271	0.362137	0.383617	0.288404	0.295272	0.311298	0.30324	0.301008	0.328145	0.332678	0.290228	0.259584	0.256759	0.264525	0.264565	0.265273	0.27817	0.289426	0.281962	0.307363	0.307953	0.300792	0.306893	0.302159	0.329261	0.367318	0.307459	0.323753	0.315817	0.347224
Picathartes_gymnocephalus	0.258384	0.143677	0.147945	0.19542	0.167806	0.150708	0.176748	0.17451	0.135277	0.165599	0.177813	0.156928	0.173069	0.16345	0.169134	0.164411	0.149646	0.154008	0.170663	0.190539	0.163206	0.17429	0.16845	0.166139	0.184542	0.183733	0.177846	0.157699	0.160457	0.171327	0.163238	0.149557	0.191348	0.179895	0.189969	0.183217	0.184287	0.185611	0.180147	0.169389	0.182018	0.18798	0.162837	0.155734	0.159056	0.161129	0.145591	0.150904	0.147565	0.144714	0.151934	0.146437	0.144988	0.146988	0.14555	0.155983	0.151755	0.150249	0.158529	0.192613	0.19091	0.169357	0.169113	0.145016	0.148477	0.153038	0.145853	0.176475	0.178129	0.149112	0.176572	0.161145	0.150862	0.150943	0.160383	0.157216	0.174254	0.187208	0.178635	0.167513	0.143639	0.155823	0.146613	0.160327	0.142527	0.170756	0.159392	0.156849	0.161389	0.16198	0.156747	0.16139	0.159442	0.15745	0.147447	0.133883	0.141187	0.15119	0.142076	0.170245	0.142032	0.131778	0	0.12569	0.115951	0.129185	0.134998	0.141012	0.141007	0.141086	0.151739	0.127956	0.154894	0.138463	0.153252	0.135357	0.131758	0.138981	0.145509	0.157615	0.16195	0.1684	0.182007	0.156979	0.154605	0.146603	0.135615	0.140107	0.140355	0.12604	0.159182	0.160815	0.158855	0.15004	0.154912	0.166451	0.166811	0.191931	0.184577	0.181231	0.165148	0.190335	0.199853	0.187246	0.224954	0.188689	0.304208	0.346458	0.329236	0.310969	0.292778	0.290353	0.307962	0.302499	0.28768	0.302924	0.322492	0.327131	0.324852	0.320243	0.319845	0.27474	0.285546	0.283392	0.308277	0.301486	0.30592	0.269839	0.277331	0.279638	0.27187	0.281028	0.279798	0.27598	0.2563	0.249986	0.397264	0.399537	0.356744	0.368517	0.347442	0.331391	0.334994	0.257778	0.274295	0.321286	0.329892	0.267733	0.263144	0.303663	0.309077	0.292996	0.358814	0.336234	0.328111	0.332002	0.281555	0.274898	0.290144	0.293259	0.297035	0.331519	0.316509	0.33221	0.340785	0.331114	0.318531	0.358052	0.331224	0.346529	0.437785	0.420427	0.442777	0.425938	0.380759	0.383574	0.318382	0.319339	0.437115	0.460903	0.287225	0.299103	0.284077	0.284087	0.295495	0.295499	0.296725	0.291953	0.290748	0.282139	0.279211	0.311702	0.309717	0.405264	0.300249	0.305456	0.278116	0.34317	0.34478	0.350119	0.350024	0.279969	0.300575	0.303519	0.265281	0.272562	0.269032	0.269372	0.389726	0.44165	0.450311	0.436468	0.474392	0.450319	0.458963	0.461551	0.446639	0.442644	0.405314	0.407681	0.40876	0.41624	0.408049	0.396759	0.343948	0.337221	0.386235	0.388449	0.385023	0.383919	0.449935	0.451411	0.400197	0.408752	0.409021	0.303841	0.316277	0.306349	0.259431	0.315077	0.315909	0.293161	0.309598	0.307917	0.298017	0.354624	0.370808	0.322274	0.293826	0.32114	0.310697	0.316136	0.32114	0.311072	0.294978	0.311804	0.295641	0.247371	0.351922	0.340788	0.362267	0.267055	0.273923	0.289949	0.281891	0.279659	0.306796	0.311328	0.268879	0.238235	0.23541	0.243176	0.243216	0.243924	0.25682	0.268077	0.260613	0.286014	0.286604	0.279443	0.285544	0.280809	0.307912	0.345969	0.28611	0.302404	0.294468	0.325875
Melanocharis_versteri	0.251115	0.136408	0.140677	0.188151	0.160538	0.143439	0.169479	0.167241	0.128008	0.15833	0.170545	0.149659	0.1658	0.156182	0.161866	0.157143	0.142378	0.14674	0.163395	0.183271	0.155938	0.167022	0.161182	0.158871	0.177274	0.176464	0.170577	0.150431	0.153189	0.164059	0.15597	0.142289	0.18408	0.172627	0.1827	0.175948	0.177018	0.178342	0.172879	0.162121	0.174749	0.180712	0.155569	0.148466	0.151788	0.15386	0.138323	0.143636	0.140297	0.137446	0.144666	0.139168	0.13772	0.139719	0.138282	0.148714	0.144487	0.142981	0.151261	0.185344	0.183641	0.162089	0.161845	0.137747	0.141209	0.145769	0.138584	0.169207	0.17086	0.141844	0.169304	0.153876	0.143594	0.143675	0.153115	0.149947	0.166985	0.179939	0.171367	0.160245	0.136371	0.148555	0.139345	0.153059	0.135258	0.163487	0.152124	0.14958	0.15412	0.154712	0.149479	0.154121	0.152174	0.150182	0.140179	0.126615	0.133919	0.143922	0.134807	0.162977	0.134763	0.147039	0.12569	0	0.108683	0.121916	0.12773	0.133744	0.133739	0.133818	0.144471	0.120688	0.147625	0.131195	0.145983	0.128088	0.12449	0.131713	0.138241	0.150347	0.154682	0.161132	0.174739	0.14971	0.147336	0.139335	0.128346	0.132839	0.133087	0.118771	0.151914	0.153547	0.151587	0.142771	0.147643	0.159183	0.159542	0.184663	0.177308	0.173963	0.15788	0.183067	0.192585	0.179978	0.217685	0.181421	0.29694	0.339189	0.321967	0.3037	0.28551	0.283084	0.300694	0.295231	0.280412	0.295655	0.315224	0.319863	0.317584	0.312975	0.312576	0.267472	0.278278	0.276124	0.301009	0.294218	0.298652	0.26257	0.270062	0.27237	0.264601	0.273759	0.272529	0.268712	0.249031	0.242718	0.389995	0.392269	0.349476	0.361249	0.340173	0.324122	0.327725	0.25051	0.267027	0.314018	0.322624	0.260465	0.255876	0.296395	0.301809	0.285728	0.351546	0.328965	0.320842	0.324733	0.274287	0.26763	0.282875	0.28599	0.289767	0.32425	0.309241	0.324941	0.333517	0.323846	0.311262	0.350783	0.323956	0.339261	0.430517	0.413159	0.435508	0.41867	0.37349	0.376306	0.311114	0.312071	0.429847	0.453634	0.279957	0.291835	0.276808	0.276818	0.288226	0.28823	0.289457	0.284684	0.28348	0.274871	0.271943	0.304434	0.302448	0.397995	0.292981	0.298187	0.270847	0.335902	0.337512	0.34285	0.342755	0.272701	0.293306	0.296251	0.258013	0.265294	0.261763	0.262103	0.382457	0.434382	0.443043	0.4292	0.467124	0.44305	0.451694	0.454283	0.43937	0.435376	0.398045	0.400412	0.401492	0.408972	0.400781	0.389491	0.33668	0.329953	0.378967	0.381181	0.377755	0.37665	0.442666	0.444143	0.392929	0.401483	0.401752	0.296573	0.309008	0.299081	0.252162	0.307809	0.30864	0.285893	0.30233	0.300648	0.290749	0.347356	0.36354	0.315006	0.286558	0.313872	0.303429	0.308868	0.313872	0.303804	0.287709	0.304536	0.288373	0.240102	0.344654	0.333519	0.354999	0.259786	0.266654	0.282681	0.274622	0.27239	0.299528	0.30406	0.261611	0.230967	0.228142	0.235907	0.235947	0.236655	0.249552	0.260808	0.253345	0.278746	0.279335	0.272175	0.278275	0.273541	0.300644	0.3387	0.278842	0.295135	0.2872	0.318607
Cnemophilus_loriae	0.226284	0.114652	0.118921	0.166395	0.138782	0.121683	0.147723	0.145485	0.106252	0.136575	0.148789	0.127903	0.144044	0.134426	0.14011	0.135387	0.120622	0.124984	0.141639	0.161515	0.134182	0.145266	0.139426	0.137115	0.155518	0.154709	0.148821	0.128675	0.131433	0.142303	0.134214	0.120533	0.162324	0.150871	0.160944	0.154193	0.155262	0.156587	0.151123	0.140365	0.152993	0.158956	0.133813	0.12671	0.130032	0.132104	0.116567	0.12188	0.118541	0.11569	0.12291	0.117412	0.115964	0.117964	0.116526	0.126958	0.122731	0.121225	0.129505	0.163588	0.161885	0.140333	0.140089	0.115991	0.119453	0.124014	0.116828	0.147451	0.149104	0.120088	0.147548	0.132121	0.121838	0.121919	0.131359	0.128191	0.14523	0.158184	0.149611	0.138489	0.114615	0.126799	0.117589	0.131303	0.113503	0.141732	0.130368	0.127824	0.132364	0.132956	0.127723	0.132365	0.130418	0.128426	0.118423	0.104859	0.112163	0.122166	0.113051	0.141221	0.113007	0.137301	0.115951	0.108683	0	0.0970854	0.102899	0.108913	0.108908	0.108987	0.11964	0.0958568	0.122795	0.106364	0.121153	0.103258	0.0996588	0.106882	0.11341	0.125516	0.129851	0.136301	0.149908	0.124879	0.122505	0.114504	0.103515	0.108008	0.108256	0.0939404	0.127083	0.128716	0.126756	0.117941	0.122813	0.134352	0.134712	0.159832	0.152477	0.149132	0.133049	0.158236	0.167754	0.155147	0.192855	0.15659	0.272109	0.314358	0.297136	0.278869	0.260679	0.258254	0.275863	0.2704	0.255581	0.270825	0.290393	0.295032	0.292753	0.288144	0.287745	0.242641	0.253447	0.251293	0.276178	0.269387	0.273821	0.237739	0.245232	0.247539	0.239771	0.248929	0.247699	0.243881	0.2242	0.217887	0.365165	0.367438	0.324645	0.336418	0.315343	0.299291	0.302895	0.225679	0.242196	0.289187	0.297793	0.235634	0.231045	0.271564	0.276978	0.260897	0.326715	0.304135	0.296012	0.299903	0.249456	0.242799	0.258044	0.261159	0.264936	0.29942	0.28441	0.30011	0.308686	0.299015	0.286432	0.325953	0.299125	0.31443	0.405686	0.388328	0.410677	0.393839	0.34866	0.351475	0.286283	0.28724	0.405016	0.428803	0.255126	0.267004	0.251978	0.251987	0.263395	0.2634	0.264626	0.259854	0.258649	0.25004	0.247112	0.279603	0.277618	0.373164	0.26815	0.273357	0.246017	0.311071	0.312681	0.318019	0.317925	0.24787	0.268476	0.27142	0.233182	0.240463	0.236933	0.237273	0.357626	0.409551	0.418212	0.404369	0.442293	0.418219	0.426864	0.429452	0.41454	0.410545	0.373215	0.375582	0.376661	0.384141	0.37595	0.36466	0.311849	0.305122	0.354136	0.35635	0.352924	0.35182	0.417836	0.419312	0.368098	0.376652	0.376921	0.271742	0.284177	0.27425	0.227331	0.282978	0.28381	0.261062	0.277499	0.275818	0.265918	0.322525	0.338709	0.290175	0.261727	0.289041	0.278598	0.284037	0.289041	0.278973	0.262878	0.279705	0.263542	0.215271	0.319823	0.308688	0.330168	0.234956	0.241824	0.25785	0.249792	0.24756	0.274697	0.279229	0.23678	0.206136	0.203311	0.211077	0.211116	0.211824	0.224721	0.235977	0.228514	0.253915	0.254504	0.247344	0.253445	0.24871	0.275813	0.313869	0.254011	0.270305	0.262369	0.293776
Aleadryas_rufinucha	0.233644	0.127885	0.132154	0.179629	0.152015	0.134917	0.160957	0.158719	0.119485	0.149808	0.162022	0.141136	0.157278	0.147659	0.153343	0.14862	0.133855	0.138217	0.154872	0.174748	0.147415	0.158499	0.152659	0.150348	0.168751	0.167942	0.162055	0.141908	0.144666	0.155536	0.147447	0.133766	0.175557	0.164104	0.174178	0.167426	0.168495	0.16982	0.164356	0.153598	0.166226	0.172189	0.147046	0.139943	0.143265	0.145338	0.1298	0.135113	0.131774	0.128923	0.136143	0.130646	0.129197	0.131197	0.129759	0.140191	0.135964	0.134458	0.142738	0.176822	0.175118	0.153566	0.153322	0.129225	0.132686	0.137247	0.130062	0.160684	0.162337	0.133321	0.160781	0.145354	0.135071	0.135152	0.144592	0.141425	0.158463	0.171417	0.162844	0.151722	0.127848	0.140032	0.130822	0.144536	0.126736	0.154965	0.143601	0.141058	0.145598	0.146189	0.140956	0.145599	0.143651	0.141659	0.131656	0.118092	0.125396	0.135399	0.126284	0.154454	0.12624	0.150534	0.129185	0.121916	0.0970854	0	0.0961467	0.102161	0.102156	0.102234	0.112888	0.0891045	0.116042	0.0996117	0.1144	0.0965053	0.0929065	0.10013	0.106658	0.118764	0.123099	0.129548	0.143156	0.118127	0.115753	0.107752	0.110875	0.115368	0.115615	0.1013	0.134442	0.136076	0.134115	0.1253	0.130172	0.141711	0.142071	0.167191	0.159837	0.156491	0.140409	0.165596	0.175114	0.162507	0.200214	0.163949	0.279469	0.321718	0.304496	0.286229	0.268039	0.265613	0.283223	0.27776	0.262941	0.278184	0.297753	0.302391	0.300113	0.295504	0.295105	0.25	0.260806	0.258653	0.283537	0.276747	0.281181	0.245099	0.252591	0.254899	0.24713	0.256288	0.255058	0.25124	0.23156	0.225247	0.372524	0.374798	0.332005	0.343777	0.322702	0.306651	0.310254	0.233039	0.249556	0.296547	0.305153	0.242994	0.238405	0.278924	0.284338	0.268256	0.334074	0.311494	0.303371	0.307262	0.256816	0.250159	0.265404	0.268519	0.272295	0.306779	0.291769	0.30747	0.316046	0.306375	0.293791	0.333312	0.306485	0.32179	0.413046	0.395687	0.418037	0.401199	0.356019	0.358834	0.293642	0.294599	0.412376	0.436163	0.262486	0.274364	0.259337	0.259347	0.270755	0.270759	0.271985	0.267213	0.266009	0.2574	0.254471	0.286963	0.284977	0.380524	0.27551	0.280716	0.253376	0.31843	0.32004	0.325379	0.325284	0.25523	0.275835	0.27878	0.240542	0.247823	0.244292	0.244632	0.364986	0.416911	0.425572	0.411729	0.449653	0.425579	0.434223	0.436812	0.421899	0.417905	0.380574	0.382941	0.384021	0.3915	0.383309	0.372019	0.319209	0.312481	0.361496	0.36371	0.360283	0.359179	0.425195	0.426672	0.375458	0.384012	0.384281	0.279102	0.291537	0.28161	0.234691	0.290337	0.291169	0.268422	0.284858	0.283177	0.273278	0.329884	0.346069	0.297535	0.269087	0.2964	0.285958	0.291397	0.2964	0.286333	0.270238	0.287065	0.270902	0.222631	0.327182	0.316048	0.337528	0.242315	0.249183	0.265209	0.257151	0.254919	0.282057	0.286589	0.24414	0.213496	0.21067	0.218436	0.218476	0.219184	0.232081	0.243337	0.235874	0.261275	0.261864	0.254704	0.260804	0.25607	0.283172	0.321229	0.261371	0.277664	0.269729	0.301135
Aphelocoma_coerulescens	0.239457	0.133699	0.137968	0.185442	0.157828	0.14073	0.16677	0.164532	0.125299	0.155621	0.167836	0.14695	0.163091	0.153472	0.159156	0.154434	0.139669	0.14403	0.160685	0.180562	0.153228	0.164312	0.158472	0.156162	0.174565	0.173755	0.167868	0.147721	0.15048	0.16135	0.153261	0.139579	0.181371	0.169918	0.179991	0.173239	0.174309	0.175633	0.17017	0.159412	0.17204	0.178002	0.152859	0.145757	0.149079	0.151151	0.135614	0.140926	0.137588	0.134737	0.141957	0.136459	0.13501	0.13701	0.135573	0.146005	0.141777	0.140272	0.148552	0.182635	0.180932	0.15938	0.159135	0.135038	0.138499	0.14306	0.135875	0.166497	0.168151	0.139135	0.166595	0.151167	0.140885	0.140966	0.150405	0.147238	0.164276	0.17723	0.168658	0.157535	0.133662	0.145845	0.136636	0.150349	0.132549	0.160778	0.149415	0.146871	0.151411	0.152002	0.14677	0.151412	0.149464	0.147472	0.13747	0.123906	0.13121	0.141212	0.132098	0.160268	0.132054	0.156347	0.134998	0.12773	0.102899	0.0961467	0	0.0339663	0.0339614	0.03404	0.068104	0.0559652	0.0881664	0.0773806	0.0986197	0.0807248	0.0812203	0.0884436	0.107174	0.124575	0.12891	0.13536	0.148967	0.123939	0.121565	0.113563	0.116688	0.121181	0.121429	0.107113	0.140256	0.141889	0.139929	0.131114	0.135986	0.147525	0.147885	0.173005	0.165651	0.162305	0.146222	0.171409	0.180927	0.16832	0.206028	0.169763	0.285282	0.327532	0.31031	0.292043	0.273852	0.271427	0.289036	0.283573	0.268754	0.283998	0.303566	0.308205	0.305926	0.301317	0.300919	0.255814	0.26662	0.264466	0.289351	0.28256	0.286994	0.250913	0.258405	0.260712	0.252944	0.262102	0.260872	0.257054	0.237373	0.23106	0.378338	0.380611	0.337818	0.349591	0.328516	0.312464	0.316068	0.238852	0.255369	0.30236	0.310966	0.248807	0.244218	0.284737	0.290151	0.27407	0.339888	0.317308	0.309185	0.313076	0.262629	0.255972	0.271218	0.274333	0.278109	0.312593	0.297583	0.313283	0.321859	0.312188	0.299605	0.339126	0.312298	0.327603	0.418859	0.401501	0.42385	0.407012	0.361833	0.364648	0.299456	0.300413	0.418189	0.441976	0.268299	0.280177	0.265151	0.26516	0.276569	0.276573	0.277799	0.273027	0.271822	0.263213	0.260285	0.292776	0.290791	0.386337	0.281323	0.28653	0.25919	0.324244	0.325854	0.331192	0.331098	0.261043	0.281649	0.284593	0.246355	0.253636	0.250106	0.250446	0.3708	0.422724	0.431385	0.417542	0.455466	0.431393	0.440037	0.442625	0.427713	0.423718	0.386388	0.388755	0.389834	0.397314	0.389123	0.377833	0.325022	0.318295	0.367309	0.369523	0.366097	0.364993	0.431009	0.432485	0.381271	0.389826	0.390095	0.284915	0.29735	0.287423	0.240504	0.296151	0.296983	0.274235	0.290672	0.288991	0.279091	0.335698	0.351882	0.303348	0.2749	0.302214	0.291771	0.29721	0.302214	0.292146	0.276052	0.292878	0.276715	0.228444	0.332996	0.321862	0.343341	0.248129	0.254997	0.271023	0.262965	0.260733	0.28787	0.292402	0.249953	0.219309	0.216484	0.22425	0.224289	0.224998	0.237894	0.24915	0.241687	0.267088	0.267677	0.260517	0.266618	0.261883	0.288986	0.327043	0.267184	0.283478	0.275542	0.306949
Corvus_brachyrhynchos	0.245471	0.139713	0.143982	0.191456	0.163842	0.146744	0.172784	0.170546	0.131313	0.161635	0.17385	0.152964	0.169105	0.159486	0.16517	0.160448	0.145683	0.150044	0.166699	0.186576	0.159242	0.170326	0.164486	0.162176	0.180579	0.179769	0.173882	0.153735	0.156494	0.167364	0.159275	0.145593	0.187385	0.175932	0.186005	0.179253	0.180323	0.181647	0.176184	0.165426	0.178054	0.184016	0.158873	0.151771	0.155093	0.157165	0.141628	0.14694	0.143602	0.140751	0.147971	0.142473	0.141024	0.143024	0.141587	0.152019	0.147791	0.146286	0.154566	0.188649	0.186946	0.165394	0.165149	0.141052	0.144513	0.149074	0.141889	0.172511	0.174165	0.145149	0.172609	0.157181	0.146899	0.14698	0.156419	0.153252	0.17029	0.183244	0.174672	0.163549	0.139676	0.151859	0.14265	0.156363	0.138563	0.166792	0.155429	0.152885	0.157425	0.158016	0.152784	0.157426	0.155478	0.153486	0.143484	0.12992	0.137224	0.147226	0.138112	0.166282	0.138068	0.162361	0.141012	0.133744	0.108913	0.102161	0.0339663	0	0.00279169	0.00840669	0.074118	0.0619792	0.0941805	0.0833946	0.104634	0.0867388	0.0872343	0.0944576	0.113188	0.130589	0.134924	0.141374	0.154981	0.129953	0.127579	0.119577	0.122702	0.127195	0.127443	0.113127	0.14627	0.147903	0.145943	0.137128	0.142	0.153539	0.153899	0.179019	0.171665	0.168319	0.152236	0.177423	0.186941	0.174334	0.212042	0.175777	0.291296	0.333546	0.316324	0.298057	0.279866	0.277441	0.29505	0.289587	0.274768	0.290012	0.30958	0.314219	0.31194	0.307331	0.306933	0.261828	0.272634	0.27048	0.295365	0.288574	0.293008	0.256927	0.264419	0.266726	0.258958	0.268116	0.266886	0.263068	0.243387	0.237074	0.384352	0.386625	0.343832	0.355605	0.33453	0.318478	0.322082	0.244866	0.261383	0.308374	0.31698	0.254821	0.250232	0.290751	0.296165	0.280084	0.345902	0.323322	0.315199	0.31909	0.268643	0.261986	0.277232	0.280347	0.284123	0.318607	0.303597	0.319297	0.327873	0.318202	0.305619	0.34514	0.318312	0.333617	0.424873	0.407515	0.429864	0.413026	0.367847	0.370662	0.30547	0.306427	0.424203	0.44799	0.274313	0.286191	0.271165	0.271174	0.282583	0.282587	0.283813	0.279041	0.277836	0.269227	0.266299	0.29879	0.296805	0.392351	0.287337	0.292544	0.265204	0.330258	0.331868	0.337206	0.337112	0.267057	0.287663	0.290607	0.252369	0.25965	0.25612	0.25646	0.376814	0.428738	0.437399	0.423556	0.46148	0.437407	0.446051	0.448639	0.433727	0.429732	0.392402	0.394769	0.395848	0.403328	0.395137	0.383847	0.331036	0.324309	0.373323	0.375537	0.372111	0.371007	0.437023	0.438499	0.387285	0.39584	0.396109	0.290929	0.303364	0.293437	0.246519	0.302165	0.302997	0.280249	0.296686	0.295005	0.285105	0.341712	0.357896	0.309362	0.280914	0.308228	0.297785	0.303224	0.308228	0.29816	0.282066	0.298892	0.282729	0.234458	0.33901	0.327876	0.349355	0.254143	0.261011	0.277037	0.268979	0.266747	0.293884	0.298416	0.255967	0.225323	0.222498	0.230264	0.230303	0.231012	0.243908	0.255164	0.247701	0.273102	0.273691	0.266531	0.272632	0.267897	0.295	0.333057	0.273198	0.289492	0.281556	0.312963
Corvus_cornix	0.245467	0.139708	0.143977	0.191451	0.163837	0.146739	0.172779	0.170541	0.131308	0.16163	0.173845	0.152959	0.1691	0.159481	0.165165	0.160443	0.145678	0.15004	0.166695	0.186571	0.159237	0.170322	0.164481	0.162171	0.180574	0.179764	0.173877	0.15373	0.156489	0.167359	0.15927	0.145589	0.18738	0.175927	0.186	0.179248	0.180318	0.181642	0.176179	0.165421	0.178049	0.184011	0.158869	0.151766	0.155088	0.15716	0.141623	0.146935	0.143597	0.140746	0.147966	0.142468	0.14102	0.143019	0.141582	0.152014	0.147787	0.146281	0.154561	0.188644	0.186941	0.165389	0.165144	0.141047	0.144508	0.149069	0.141884	0.172506	0.17416	0.145144	0.172604	0.157176	0.146894	0.146975	0.156414	0.153247	0.170285	0.183239	0.174667	0.163545	0.139671	0.151854	0.142645	0.156359	0.138558	0.166787	0.155424	0.15288	0.15742	0.158012	0.152779	0.157421	0.155474	0.153482	0.143479	0.129915	0.137219	0.147221	0.138107	0.166277	0.138063	0.162356	0.141007	0.133739	0.108908	0.102156	0.0339614	0.00279169	0	0.00840179	0.0741131	0.0619743	0.0941756	0.0833897	0.104629	0.0867339	0.0872294	0.0944527	0.113183	0.130584	0.134919	0.141369	0.154976	0.129948	0.127574	0.119572	0.122698	0.12719	0.127438	0.113123	0.146265	0.147898	0.145938	0.137123	0.141995	0.153534	0.153894	0.179014	0.17166	0.168314	0.152231	0.177418	0.186936	0.174329	0.212037	0.175772	0.291291	0.333541	0.316319	0.298052	0.279861	0.277436	0.295045	0.289582	0.274763	0.290007	0.309575	0.314214	0.311935	0.307326	0.306928	0.261823	0.272629	0.270475	0.29536	0.288569	0.293003	0.256922	0.264414	0.266721	0.258953	0.268111	0.266881	0.263063	0.243383	0.237069	0.384347	0.38662	0.343827	0.3556	0.334525	0.318474	0.322077	0.244861	0.261378	0.308369	0.316975	0.254816	0.250227	0.290746	0.29616	0.280079	0.345897	0.323317	0.315194	0.319085	0.268638	0.261981	0.277227	0.280342	0.284118	0.318602	0.303592	0.319293	0.327868	0.318197	0.305614	0.345135	0.318307	0.333612	0.424868	0.40751	0.42986	0.413021	0.367842	0.370657	0.305465	0.306422	0.424198	0.447986	0.274308	0.286186	0.27116	0.27117	0.282578	0.282582	0.283808	0.279036	0.277831	0.269222	0.266294	0.298785	0.2968	0.392347	0.287332	0.292539	0.265199	0.330253	0.331863	0.337202	0.337107	0.267052	0.287658	0.290602	0.252364	0.259645	0.256115	0.256455	0.376809	0.428733	0.437394	0.423551	0.461475	0.437402	0.446046	0.448634	0.433722	0.429727	0.392397	0.394764	0.395843	0.403323	0.395132	0.383842	0.331031	0.324304	0.373318	0.375532	0.372106	0.371002	0.437018	0.438494	0.38728	0.395835	0.396104	0.290924	0.30336	0.293432	0.246514	0.30216	0.302992	0.280244	0.296681	0.295	0.2851	0.341707	0.357891	0.309357	0.280909	0.308223	0.29778	0.303219	0.308223	0.298155	0.282061	0.298887	0.282724	0.234454	0.339005	0.327871	0.34935	0.254138	0.261006	0.277032	0.268974	0.266742	0.293879	0.298411	0.255962	0.225318	0.222493	0.230259	0.230299	0.231007	0.243903	0.25516	0.247696	0.273097	0.273687	0.266526	0.272627	0.267892	0.294995	0.333052	0.273193	0.289487	0.281551	0.312958
Corvus_moneduloides	0.245545	0.139787	0.144056	0.19153	0.163916	0.146818	0.172858	0.17062	0.131387	0.161709	0.173924	0.153038	0.169179	0.15956	0.165244	0.160521	0.145756	0.150118	0.166773	0.186649	0.159316	0.1704	0.16456	0.162249	0.180652	0.179843	0.173956	0.153809	0.156567	0.167437	0.159348	0.145667	0.187458	0.176006	0.186079	0.179327	0.180397	0.181721	0.176257	0.165499	0.178128	0.18409	0.158947	0.151844	0.155166	0.157239	0.141701	0.147014	0.143675	0.140825	0.148044	0.142547	0.141098	0.143098	0.14166	0.152093	0.147865	0.14636	0.15464	0.188723	0.18702	0.165467	0.165223	0.141126	0.144587	0.149148	0.141963	0.172585	0.174239	0.145223	0.172683	0.157255	0.146972	0.147054	0.156493	0.153326	0.170364	0.183318	0.174745	0.163623	0.13975	0.151933	0.142723	0.156437	0.138637	0.166866	0.155502	0.152959	0.157499	0.15809	0.152858	0.1575	0.155552	0.15356	0.143557	0.129993	0.137297	0.1473	0.138186	0.166355	0.138142	0.162435	0.141086	0.133818	0.108987	0.102234	0.03404	0.00840669	0.00840179	0	0.0741918	0.0620529	0.0942542	0.0834683	0.104707	0.0868125	0.087308	0.0945313	0.113262	0.130663	0.134998	0.141448	0.155055	0.130026	0.127652	0.119651	0.122776	0.127269	0.127517	0.113201	0.146344	0.147977	0.146017	0.137201	0.142073	0.153613	0.153972	0.179093	0.171738	0.168393	0.15231	0.177497	0.187015	0.174408	0.212115	0.175851	0.29137	0.333619	0.316397	0.29813	0.27994	0.277514	0.295124	0.289661	0.274842	0.290085	0.309654	0.314293	0.312014	0.307405	0.307006	0.261902	0.272708	0.270554	0.295439	0.288648	0.293082	0.257	0.264492	0.2668	0.259031	0.268189	0.266959	0.263142	0.243461	0.237148	0.384425	0.386699	0.343906	0.355679	0.334603	0.318552	0.322155	0.24494	0.261457	0.308448	0.317054	0.254895	0.250306	0.290825	0.296239	0.280158	0.345976	0.323395	0.315272	0.319163	0.268717	0.26206	0.277305	0.28042	0.284197	0.31868	0.303671	0.319371	0.327947	0.318276	0.305692	0.345213	0.318386	0.333691	0.424947	0.407589	0.429938	0.4131	0.36792	0.370736	0.305544	0.306501	0.424277	0.448064	0.274387	0.286265	0.271238	0.271248	0.282656	0.28266	0.283887	0.279114	0.27791	0.269301	0.266373	0.298864	0.296878	0.392425	0.287411	0.292617	0.265277	0.330332	0.331942	0.33728	0.337185	0.267131	0.287736	0.290681	0.252443	0.259724	0.256193	0.256533	0.376887	0.428812	0.437473	0.42363	0.461554	0.43748	0.446124	0.448713	0.4338	0.429806	0.392475	0.394842	0.395922	0.403402	0.395211	0.383921	0.33111	0.324383	0.373397	0.375611	0.372185	0.37108	0.437096	0.438573	0.387359	0.395913	0.396182	0.291003	0.303438	0.293511	0.246592	0.302239	0.30307	0.280323	0.29676	0.295078	0.285179	0.341786	0.35797	0.309436	0.280988	0.308302	0.297859	0.303298	0.308302	0.298234	0.282139	0.298966	0.282803	0.234532	0.339084	0.327949	0.349429	0.254216	0.261084	0.277111	0.269052	0.26682	0.293958	0.29849	0.256041	0.225397	0.222572	0.230338	0.230377	0.231085	0.243982	0.255238	0.247775	0.273176	0.273765	0.266605	0.272705	0.267971	0.295074	0.33313	0.273272	0.289565	0.28163	0.313037
Lanius_ludovicianus	0.256198	0.15044	0.154709	0.202183	0.174569	0.157471	0.183511	0.181273	0.14204	0.172362	0.184577	0.163691	0.179832	0.170213	0.175897	0.171175	0.15641	0.160771	0.177426	0.197303	0.169969	0.181053	0.175213	0.172903	0.191306	0.190496	0.184609	0.164462	0.167221	0.178091	0.170002	0.15632	0.198112	0.186659	0.196732	0.18998	0.19105	0.192374	0.186911	0.176153	0.188781	0.194743	0.1696	0.162498	0.16582	0.167892	0.152355	0.157667	0.154329	0.151478	0.158698	0.1532	0.151751	0.153751	0.152314	0.162746	0.158518	0.157013	0.165293	0.199376	0.197673	0.176121	0.175876	0.151779	0.15524	0.159801	0.152616	0.183238	0.184892	0.155876	0.183336	0.167908	0.157626	0.157707	0.167146	0.163979	0.181017	0.193971	0.185399	0.174276	0.150403	0.162586	0.153377	0.16709	0.14929	0.177519	0.166156	0.163612	0.168152	0.168743	0.163511	0.168153	0.166205	0.164213	0.154211	0.140647	0.147951	0.157953	0.148839	0.177009	0.148795	0.173088	0.151739	0.144471	0.11964	0.112888	0.068104	0.074118	0.0741131	0.0741918	0	0.0727062	0.104907	0.0941216	0.115361	0.0974658	0.0979613	0.105185	0.123915	0.141316	0.145651	0.152101	0.165708	0.14068	0.138306	0.130304	0.133429	0.137922	0.13817	0.123854	0.156997	0.15863	0.15667	0.147855	0.152727	0.164266	0.164626	0.189746	0.182392	0.179046	0.162963	0.18815	0.197668	0.185061	0.222769	0.186504	0.302023	0.344273	0.327051	0.308784	0.290593	0.288168	0.305777	0.300314	0.285495	0.300739	0.320307	0.324946	0.322667	0.318058	0.31766	0.272555	0.283361	0.281207	0.306092	0.299301	0.303735	0.267654	0.275146	0.277453	0.269685	0.278843	0.277613	0.273795	0.254114	0.247801	0.395079	0.397352	0.354559	0.366332	0.345257	0.329205	0.332809	0.255593	0.27211	0.319101	0.327707	0.265548	0.260959	0.301478	0.306892	0.290811	0.356629	0.334049	0.325926	0.329817	0.27937	0.272713	0.287959	0.291074	0.29485	0.329334	0.314324	0.330024	0.3386	0.328929	0.316346	0.355867	0.329039	0.344344	0.4356	0.418242	0.440591	0.423753	0.378574	0.381389	0.316197	0.317154	0.43493	0.458717	0.28504	0.296918	0.281892	0.281901	0.29331	0.293314	0.29454	0.289768	0.288563	0.279954	0.277026	0.309517	0.307532	0.403078	0.298064	0.303271	0.275931	0.340985	0.342595	0.347933	0.347839	0.277784	0.29839	0.301334	0.263096	0.270377	0.266847	0.267187	0.387541	0.439465	0.448126	0.434283	0.472207	0.448134	0.456778	0.459366	0.444454	0.440459	0.403129	0.405496	0.406575	0.414055	0.405864	0.394574	0.341763	0.335036	0.38405	0.386264	0.382838	0.381734	0.44775	0.449226	0.398012	0.406567	0.406836	0.301656	0.314091	0.304164	0.257246	0.312892	0.313724	0.290976	0.307413	0.305732	0.295832	0.352439	0.368623	0.320089	0.291641	0.318955	0.308512	0.313951	0.318955	0.308887	0.292793	0.309619	0.293456	0.245185	0.349737	0.338603	0.360082	0.26487	0.271738	0.287764	0.279706	0.277474	0.304611	0.309143	0.266694	0.23605	0.233225	0.240991	0.24103	0.241739	0.254635	0.265891	0.258428	0.283829	0.284418	0.277258	0.283359	0.278624	0.305727	0.343784	0.283925	0.300219	0.292283	0.32369
Paradisaea_raggiana	0.232415	0.126657	0.130926	0.1784	0.150786	0.133688	0.159728	0.15749	0.118257	0.148579	0.160794	0.139908	0.156049	0.14643	0.152114	0.147391	0.132626	0.136988	0.153643	0.17352	0.146186	0.15727	0.15143	0.149119	0.167523	0.166713	0.160826	0.140679	0.143438	0.154308	0.146218	0.132537	0.174328	0.162876	0.172949	0.166197	0.167267	0.168591	0.163127	0.152369	0.164998	0.17096	0.145817	0.138714	0.142037	0.144109	0.128572	0.133884	0.130545	0.127695	0.134914	0.129417	0.127968	0.129968	0.12853	0.138963	0.134735	0.13323	0.14151	0.175593	0.17389	0.152338	0.152093	0.127996	0.131457	0.136018	0.128833	0.159455	0.161109	0.132093	0.159553	0.144125	0.133843	0.133924	0.143363	0.140196	0.157234	0.170188	0.161615	0.150493	0.12662	0.138803	0.129593	0.143307	0.125507	0.153736	0.142372	0.139829	0.144369	0.14496	0.139728	0.14437	0.142422	0.14043	0.130427	0.116864	0.124167	0.13417	0.125056	0.153226	0.125012	0.149305	0.127956	0.120688	0.0958568	0.0891045	0.0559652	0.0619792	0.0619743	0.0620529	0.0727062	0	0.0811243	0.0703384	0.0915775	0.0736826	0.0741781	0.0814014	0.100132	0.117533	0.121868	0.128318	0.141925	0.116896	0.114522	0.106521	0.109646	0.114139	0.114387	0.100071	0.133214	0.134847	0.132887	0.124071	0.128944	0.140483	0.140843	0.165963	0.158608	0.155263	0.13918	0.164367	0.173885	0.161278	0.198985	0.162721	0.27824	0.320489	0.303267	0.285	0.26681	0.264385	0.281994	0.276531	0.261712	0.276956	0.296524	0.301163	0.298884	0.294275	0.293876	0.248772	0.259578	0.257424	0.282309	0.275518	0.279952	0.24387	0.251363	0.25367	0.245902	0.255059	0.25383	0.250012	0.230331	0.224018	0.371296	0.373569	0.330776	0.342549	0.321474	0.305422	0.309026	0.23181	0.248327	0.295318	0.303924	0.241765	0.237176	0.277695	0.283109	0.267028	0.332846	0.310265	0.302142	0.306033	0.255587	0.24893	0.264175	0.26729	0.271067	0.305551	0.290541	0.306241	0.314817	0.305146	0.292563	0.332083	0.305256	0.320561	0.411817	0.394459	0.416808	0.39997	0.354791	0.357606	0.292414	0.293371	0.411147	0.434934	0.261257	0.273135	0.258109	0.258118	0.269526	0.269531	0.270757	0.265985	0.26478	0.256171	0.253243	0.285734	0.283749	0.379295	0.274281	0.279487	0.252148	0.317202	0.318812	0.32415	0.324055	0.254001	0.274606	0.277551	0.239313	0.246594	0.243064	0.243404	0.363757	0.415682	0.424343	0.4105	0.448424	0.42435	0.432995	0.435583	0.42067	0.416676	0.379345	0.381713	0.382792	0.390272	0.382081	0.370791	0.31798	0.311253	0.360267	0.362481	0.359055	0.35795	0.423966	0.425443	0.374229	0.382783	0.383052	0.277873	0.290308	0.280381	0.233462	0.289109	0.28994	0.267193	0.28363	0.281948	0.272049	0.328656	0.34484	0.296306	0.267858	0.295172	0.284729	0.290168	0.295172	0.285104	0.269009	0.285836	0.269673	0.221402	0.325954	0.314819	0.336299	0.241087	0.247955	0.263981	0.255922	0.253691	0.280828	0.28536	0.242911	0.212267	0.209442	0.217208	0.217247	0.217955	0.230852	0.242108	0.234645	0.260046	0.260635	0.253475	0.259576	0.254841	0.281944	0.32	0.260142	0.276436	0.2685	0.299907
Ifrita_kowaldi	0.259353	0.153595	0.157863	0.205338	0.177724	0.160626	0.186666	0.184428	0.145195	0.175517	0.187731	0.166846	0.182987	0.173368	0.179052	0.174329	0.159564	0.163926	0.180581	0.200457	0.173124	0.184208	0.178368	0.176057	0.19446	0.193651	0.187764	0.167617	0.170375	0.181245	0.173156	0.159475	0.201266	0.189813	0.199887	0.193135	0.194205	0.195529	0.190065	0.179307	0.191936	0.197898	0.172755	0.165652	0.168974	0.171047	0.155509	0.160822	0.157483	0.154632	0.161852	0.156355	0.154906	0.156906	0.155468	0.165901	0.161673	0.160167	0.168447	0.202531	0.200828	0.179275	0.179031	0.154934	0.158395	0.162956	0.155771	0.186393	0.188047	0.15903	0.18649	0.171063	0.16078	0.160861	0.170301	0.167134	0.184172	0.197126	0.188553	0.177431	0.153557	0.165741	0.156531	0.170245	0.152445	0.180674	0.16931	0.166767	0.171307	0.171898	0.166665	0.171308	0.16936	0.167368	0.157365	0.143801	0.151105	0.161108	0.151994	0.180163	0.15195	0.176243	0.154894	0.147625	0.122795	0.116042	0.0881664	0.0941805	0.0941756	0.0942542	0.104907	0.0811243	0	0.0972762	0.118515	0.10062	0.101116	0.108339	0.12707	0.144471	0.148806	0.155256	0.168863	0.143834	0.14146	0.133459	0.136584	0.141077	0.141325	0.127009	0.160152	0.161785	0.159824	0.151009	0.155881	0.16742	0.16778	0.1929	0.185546	0.1822	0.166118	0.191305	0.200823	0.188216	0.225923	0.189658	0.305178	0.347427	0.330205	0.311938	0.293748	0.291322	0.308932	0.303469	0.28865	0.303893	0.323462	0.3281	0.325822	0.321213	0.320814	0.27571	0.286516	0.284362	0.309246	0.302456	0.30689	0.270808	0.2783	0.280608	0.272839	0.281997	0.280767	0.27695	0.257269	0.250956	0.398233	0.400507	0.357714	0.369487	0.348411	0.33236	0.335963	0.258748	0.275265	0.322256	0.330862	0.268703	0.264114	0.304633	0.310047	0.293966	0.359783	0.337203	0.32908	0.332971	0.282525	0.275868	0.291113	0.294228	0.298005	0.332488	0.317478	0.333179	0.341755	0.332084	0.3195	0.359021	0.332194	0.347499	0.438755	0.421397	0.443746	0.426908	0.381728	0.384543	0.319352	0.320309	0.438085	0.461872	0.288195	0.300073	0.285046	0.285056	0.296464	0.296468	0.297695	0.292922	0.291718	0.283109	0.280181	0.312672	0.310686	0.406233	0.301219	0.306425	0.279085	0.34414	0.345749	0.351088	0.350993	0.280939	0.301544	0.304489	0.266251	0.273532	0.270001	0.270341	0.390695	0.44262	0.451281	0.437438	0.475362	0.451288	0.459932	0.462521	0.447608	0.443614	0.406283	0.40865	0.40973	0.41721	0.409018	0.397728	0.344918	0.338191	0.387205	0.389419	0.385992	0.384888	0.450904	0.452381	0.401167	0.409721	0.40999	0.304811	0.317246	0.307319	0.2604	0.316046	0.316878	0.294131	0.310567	0.308886	0.298987	0.355594	0.371778	0.323244	0.294796	0.32211	0.311667	0.317106	0.32211	0.312042	0.295947	0.312774	0.296611	0.24834	0.352892	0.341757	0.363237	0.268024	0.274892	0.290919	0.28286	0.280628	0.307766	0.312298	0.269849	0.239205	0.23638	0.244145	0.244185	0.244893	0.25779	0.269046	0.261583	0.286984	0.287573	0.280413	0.286513	0.281779	0.308881	0.346938	0.28708	0.303373	0.295438	0.326844
Dicrurus_megarhynchus	0.242922	0.137164	0.141433	0.188907	0.161293	0.144195	0.170235	0.167997	0.128764	0.159086	0.171301	0.150415	0.166556	0.156937	0.162621	0.157899	0.143134	0.147495	0.16415	0.184027	0.156693	0.167777	0.161937	0.159627	0.17803	0.17722	0.171333	0.151186	0.153945	0.164815	0.156726	0.143044	0.184836	0.173383	0.183456	0.176704	0.177774	0.179098	0.173635	0.162877	0.175505	0.181467	0.156324	0.149222	0.152544	0.154616	0.139079	0.144391	0.141053	0.138202	0.145422	0.139924	0.138475	0.140475	0.139038	0.14947	0.145242	0.143737	0.152017	0.1861	0.184397	0.162845	0.1626	0.138503	0.141964	0.146525	0.13934	0.169962	0.171616	0.1426	0.17006	0.154632	0.14435	0.144431	0.15387	0.150703	0.167741	0.180695	0.172123	0.161	0.137127	0.14931	0.140101	0.153814	0.136014	0.164243	0.15288	0.150336	0.154876	0.155467	0.150235	0.154877	0.152929	0.150937	0.140935	0.127371	0.134675	0.144677	0.135563	0.163733	0.135519	0.159812	0.138463	0.131195	0.106364	0.0996117	0.0773806	0.0833946	0.0833897	0.0834683	0.0941216	0.0703384	0.0972762	0	0.102085	0.0841898	0.0846853	0.0919086	0.110639	0.12804	0.132375	0.138825	0.152432	0.127404	0.12503	0.117028	0.120153	0.124646	0.124894	0.110578	0.143721	0.145354	0.143394	0.134579	0.139451	0.15099	0.15135	0.17647	0.169116	0.16577	0.149687	0.174874	0.184392	0.171785	0.209493	0.173228	0.288747	0.330997	0.313775	0.295508	0.277317	0.274892	0.292501	0.287038	0.272219	0.287463	0.307031	0.31167	0.309391	0.304782	0.304384	0.259279	0.270085	0.267931	0.292816	0.286025	0.290459	0.254378	0.26187	0.264177	0.256409	0.265567	0.264337	0.260519	0.240838	0.234525	0.381803	0.384076	0.341283	0.353056	0.331981	0.315929	0.319533	0.242317	0.258834	0.305825	0.314431	0.252272	0.247683	0.288202	0.293616	0.277535	0.343353	0.320773	0.31265	0.316541	0.266094	0.259437	0.274683	0.277798	0.281574	0.316058	0.301048	0.316748	0.325324	0.315653	0.30307	0.342591	0.315763	0.331068	0.422324	0.404966	0.427315	0.410477	0.365298	0.368113	0.302921	0.303878	0.421654	0.445441	0.271764	0.283642	0.268616	0.268625	0.280034	0.280038	0.281264	0.276492	0.275287	0.266678	0.26375	0.296241	0.294256	0.389802	0.284788	0.289995	0.262655	0.327709	0.329319	0.334657	0.334563	0.264508	0.285114	0.288058	0.24982	0.257101	0.253571	0.253911	0.374265	0.426189	0.43485	0.421007	0.458931	0.434858	0.443502	0.44609	0.431178	0.427183	0.389853	0.39222	0.393299	0.400779	0.392588	0.381298	0.328487	0.32176	0.370774	0.372988	0.369562	0.368458	0.434474	0.43595	0.384736	0.393291	0.39356	0.28838	0.300815	0.290888	0.243969	0.299616	0.300448	0.2777	0.294137	0.292456	0.282556	0.339163	0.355347	0.306813	0.278365	0.305679	0.295236	0.300675	0.305679	0.295611	0.279517	0.296343	0.28018	0.231909	0.336461	0.325327	0.346806	0.251594	0.258462	0.274488	0.26643	0.264198	0.291335	0.295867	0.253418	0.222774	0.219949	0.227715	0.227754	0.228463	0.241359	0.252615	0.245152	0.270553	0.271142	0.263982	0.270083	0.265348	0.292451	0.330508	0.270649	0.286943	0.279007	0.310414
Myiagra_hebetior	0.257711	0.151953	0.156221	0.203696	0.176082	0.158984	0.185024	0.182786	0.143553	0.173875	0.186089	0.165204	0.181345	0.171726	0.17741	0.172687	0.157922	0.162284	0.178939	0.198815	0.171482	0.182566	0.176726	0.174415	0.192818	0.192009	0.186122	0.165975	0.168733	0.179603	0.171514	0.157833	0.199624	0.188171	0.198245	0.191493	0.192563	0.193887	0.188423	0.177665	0.190294	0.196256	0.171113	0.16401	0.167332	0.169405	0.153867	0.15918	0.155841	0.15299	0.16021	0.154713	0.153264	0.155264	0.153826	0.164259	0.160031	0.158525	0.166805	0.200889	0.199186	0.177633	0.177389	0.153292	0.156753	0.161314	0.154129	0.184751	0.186405	0.157388	0.184848	0.169421	0.159138	0.159219	0.168659	0.165492	0.18253	0.195484	0.186911	0.175789	0.151915	0.164099	0.154889	0.168603	0.150803	0.179032	0.167668	0.165125	0.169665	0.170256	0.165023	0.169666	0.167718	0.165726	0.155723	0.142159	0.149463	0.159466	0.150352	0.178521	0.150308	0.174601	0.153252	0.145983	0.121153	0.1144	0.0986197	0.104634	0.104629	0.104707	0.115361	0.0915775	0.118515	0.102085	0	0.0792966	0.0994739	0.106697	0.125428	0.142829	0.147164	0.153614	0.167221	0.142192	0.139818	0.131817	0.134942	0.139435	0.139683	0.125367	0.15851	0.160143	0.158182	0.149367	0.154239	0.165778	0.166138	0.191258	0.183904	0.180558	0.164476	0.189663	0.199181	0.186574	0.224281	0.188016	0.303536	0.345785	0.328563	0.310296	0.292106	0.28968	0.30729	0.301827	0.287008	0.302251	0.32182	0.326458	0.32418	0.319571	0.319172	0.274068	0.284874	0.28272	0.307604	0.300814	0.305248	0.269166	0.276658	0.278966	0.271197	0.280355	0.279125	0.275308	0.255627	0.249314	0.396591	0.398865	0.356072	0.367845	0.346769	0.330718	0.334321	0.257106	0.273623	0.320614	0.32922	0.267061	0.262472	0.302991	0.308405	0.292324	0.358141	0.335561	0.327438	0.331329	0.280883	0.274226	0.289471	0.292586	0.296363	0.330846	0.315836	0.331537	0.340113	0.330442	0.317858	0.357379	0.330552	0.345857	0.437113	0.419754	0.442104	0.425266	0.380086	0.382901	0.317709	0.318667	0.436443	0.46023	0.286553	0.298431	0.283404	0.283414	0.294822	0.294826	0.296052	0.29128	0.290076	0.281467	0.278539	0.31103	0.309044	0.404591	0.299577	0.304783	0.277443	0.342498	0.344107	0.349446	0.349351	0.279297	0.299902	0.302847	0.264609	0.27189	0.268359	0.268699	0.389053	0.440978	0.449639	0.435796	0.47372	0.449646	0.45829	0.460879	0.445966	0.441972	0.404641	0.407008	0.408088	0.415567	0.407376	0.396086	0.343276	0.336548	0.385563	0.387777	0.38435	0.383246	0.449262	0.450739	0.399525	0.408079	0.408348	0.303169	0.315604	0.305677	0.258758	0.314404	0.315236	0.292489	0.308925	0.307244	0.297345	0.353952	0.370136	0.321602	0.293154	0.320468	0.310025	0.315464	0.320468	0.3104	0.294305	0.311132	0.294969	0.246698	0.351249	0.340115	0.361595	0.266382	0.27325	0.289277	0.281218	0.278986	0.306124	0.310656	0.268207	0.237563	0.234738	0.242503	0.242543	0.243251	0.256148	0.267404	0.259941	0.285342	0.285931	0.278771	0.284871	0.280137	0.307239	0.345296	0.285438	0.301731	0.293796	0.325202
Struthidea_cinerea	0.239816	0.134058	0.138327	0.185801	0.158187	0.141089	0.167129	0.164891	0.125658	0.15598	0.168194	0.147309	0.16345	0.153831	0.159515	0.154792	0.140027	0.144389	0.161044	0.18092	0.153587	0.164671	0.158831	0.15652	0.174923	0.174114	0.168227	0.14808	0.150838	0.161708	0.153619	0.139938	0.181729	0.170276	0.18035	0.173598	0.174668	0.175992	0.170528	0.15977	0.172399	0.178361	0.153218	0.146115	0.149437	0.15151	0.135972	0.141285	0.137946	0.135096	0.142315	0.136818	0.135369	0.137369	0.135931	0.146364	0.142136	0.140631	0.148911	0.182994	0.181291	0.159738	0.159494	0.135397	0.138858	0.143419	0.136234	0.166856	0.16851	0.139494	0.166954	0.151526	0.141243	0.141324	0.150764	0.147597	0.164635	0.177589	0.169016	0.157894	0.134021	0.146204	0.136994	0.150708	0.132908	0.161137	0.149773	0.14723	0.15177	0.152361	0.147128	0.151771	0.149823	0.147831	0.137828	0.124264	0.131568	0.141571	0.132457	0.160626	0.132413	0.156706	0.135357	0.128088	0.103258	0.0965053	0.0807248	0.0867388	0.0867339	0.0868125	0.0974658	0.0736826	0.10062	0.0841898	0.0792966	0	0.081579	0.0888022	0.107533	0.124934	0.129269	0.135719	0.149326	0.124297	0.121923	0.113922	0.117047	0.12154	0.121788	0.107472	0.140615	0.142248	0.140288	0.131472	0.136344	0.147883	0.148243	0.173364	0.166009	0.162663	0.146581	0.171768	0.181286	0.168679	0.206386	0.170122	0.285641	0.32789	0.310668	0.292401	0.274211	0.271785	0.289395	0.283932	0.269113	0.284356	0.303925	0.308564	0.306285	0.301676	0.301277	0.256173	0.266979	0.264825	0.289709	0.282919	0.287353	0.251271	0.258763	0.261071	0.253302	0.26246	0.26123	0.257413	0.237732	0.231419	0.378696	0.38097	0.338177	0.34995	0.328874	0.312823	0.316426	0.239211	0.255728	0.302719	0.311325	0.249166	0.244577	0.285096	0.29051	0.274429	0.340246	0.317666	0.309543	0.313434	0.262988	0.256331	0.271576	0.274691	0.278468	0.312951	0.297941	0.313642	0.322218	0.312547	0.299963	0.339484	0.312657	0.327962	0.419218	0.40186	0.424209	0.407371	0.362191	0.365006	0.299815	0.300772	0.418548	0.442335	0.268658	0.280536	0.265509	0.265519	0.276927	0.276931	0.278158	0.273385	0.272181	0.263572	0.260644	0.293135	0.291149	0.386696	0.281682	0.286888	0.259548	0.324603	0.326212	0.331551	0.331456	0.261402	0.282007	0.284952	0.246714	0.253995	0.250464	0.250804	0.371158	0.423083	0.431744	0.417901	0.455825	0.431751	0.440395	0.442984	0.428071	0.424077	0.386746	0.389113	0.390193	0.397673	0.389482	0.378191	0.325381	0.318654	0.367668	0.369882	0.366455	0.365351	0.431367	0.432844	0.38163	0.390184	0.390453	0.285274	0.297709	0.287782	0.240863	0.29651	0.297341	0.274594	0.291031	0.289349	0.27945	0.336057	0.352241	0.303707	0.275259	0.302573	0.29213	0.297569	0.302573	0.292505	0.27641	0.293237	0.277074	0.228803	0.333355	0.32222	0.3437	0.248487	0.255355	0.271382	0.263323	0.261091	0.288229	0.292761	0.250312	0.219668	0.216843	0.224608	0.224648	0.225356	0.238253	0.249509	0.242046	0.267447	0.268036	0.260876	0.266976	0.262242	0.289344	0.327401	0.267543	0.283836	0.275901	0.307307
Chaetorhynchus_papuensis	0.236217	0.130459	0.134728	0.182202	0.154588	0.13749	0.16353	0.161292	0.122059	0.152381	0.164596	0.14371	0.159851	0.150232	0.155916	0.151193	0.136428	0.14079	0.157445	0.177322	0.149988	0.161072	0.155232	0.152921	0.171325	0.170515	0.164628	0.144481	0.14724	0.15811	0.15002	0.136339	0.17813	0.166678	0.176751	0.169999	0.171069	0.172393	0.166929	0.156171	0.1688	0.174762	0.149619	0.142516	0.145839	0.147911	0.132374	0.137686	0.134347	0.131497	0.138716	0.133219	0.13177	0.13377	0.132332	0.142765	0.138537	0.137032	0.145312	0.179395	0.177692	0.15614	0.155895	0.131798	0.135259	0.13982	0.132635	0.163257	0.164911	0.135895	0.163355	0.147927	0.137645	0.137726	0.147165	0.143998	0.161036	0.17399	0.165417	0.154295	0.130422	0.142605	0.133395	0.147109	0.129309	0.157538	0.146174	0.143631	0.148171	0.148762	0.14353	0.148172	0.146224	0.144232	0.134229	0.120666	0.127969	0.137972	0.128858	0.157028	0.128814	0.153107	0.131758	0.12449	0.0996588	0.0929065	0.0812203	0.0872343	0.0872294	0.087308	0.0979613	0.0741781	0.101116	0.0846853	0.0994739	0.081579	0	0.0718246	0.103934	0.121335	0.12567	0.13212	0.145727	0.120698	0.118324	0.110323	0.113448	0.117941	0.118189	0.103873	0.137016	0.138649	0.136689	0.127873	0.132746	0.144285	0.144645	0.169765	0.16241	0.159065	0.142982	0.168169	0.177687	0.16508	0.202787	0.166523	0.282042	0.324291	0.307069	0.288802	0.270612	0.268187	0.285796	0.280333	0.265514	0.280758	0.300326	0.304965	0.302686	0.298077	0.297678	0.252574	0.26338	0.261226	0.286111	0.27932	0.283754	0.247672	0.255165	0.257472	0.249703	0.258861	0.257632	0.253814	0.234133	0.22782	0.375097	0.377371	0.334578	0.346351	0.325276	0.309224	0.312828	0.235612	0.252129	0.29912	0.307726	0.245567	0.240978	0.281497	0.286911	0.27083	0.336648	0.314067	0.305944	0.309835	0.259389	0.252732	0.267977	0.271092	0.274869	0.309353	0.294343	0.310043	0.318619	0.308948	0.296364	0.335885	0.309058	0.324363	0.415619	0.398261	0.42061	0.403772	0.358593	0.361408	0.296216	0.297173	0.414949	0.438736	0.265059	0.276937	0.261911	0.26192	0.273328	0.273332	0.274559	0.269787	0.268582	0.259973	0.257045	0.289536	0.28755	0.383097	0.278083	0.283289	0.255949	0.321004	0.322614	0.327952	0.327857	0.257803	0.278408	0.281353	0.243115	0.250396	0.246865	0.247206	0.367559	0.419484	0.428145	0.414302	0.452226	0.428152	0.436797	0.439385	0.424472	0.420478	0.383147	0.385515	0.386594	0.394074	0.385883	0.374593	0.321782	0.315055	0.364069	0.366283	0.362857	0.361752	0.427768	0.429245	0.378031	0.386585	0.386854	0.281675	0.29411	0.284183	0.237264	0.292911	0.293742	0.270995	0.287432	0.28575	0.275851	0.332458	0.348642	0.300108	0.27166	0.298974	0.288531	0.29397	0.298974	0.288906	0.272811	0.289638	0.273475	0.225204	0.329756	0.318621	0.340101	0.244889	0.251757	0.267783	0.259724	0.257493	0.28463	0.289162	0.246713	0.216069	0.213244	0.22101	0.221049	0.221757	0.234654	0.24591	0.238447	0.263848	0.264437	0.257277	0.263377	0.258643	0.285746	0.323802	0.263944	0.280238	0.272302	0.303709
Rhipidura_dahli	0.24344	0.137682	0.141951	0.189425	0.161811	0.144713	0.170753	0.168515	0.129282	0.159604	0.171819	0.150933	0.167074	0.157455	0.163139	0.158417	0.143652	0.148013	0.164668	0.184545	0.157211	0.168295	0.162455	0.160145	0.178548	0.177738	0.171851	0.151704	0.154463	0.165333	0.157244	0.143562	0.185354	0.173901	0.183974	0.177222	0.178292	0.179616	0.174153	0.163395	0.176023	0.181985	0.156842	0.14974	0.153062	0.155134	0.139597	0.144909	0.141571	0.13872	0.14594	0.140442	0.138993	0.140993	0.139556	0.149988	0.14576	0.144255	0.152535	0.186618	0.184915	0.163363	0.163118	0.139021	0.142482	0.147043	0.139858	0.17048	0.172134	0.143118	0.170578	0.15515	0.144868	0.144949	0.154388	0.151221	0.168259	0.181213	0.172641	0.161519	0.137645	0.149828	0.140619	0.154332	0.136532	0.164761	0.153398	0.150854	0.155394	0.155985	0.150753	0.155395	0.153447	0.151456	0.141453	0.127889	0.135193	0.145195	0.136081	0.164251	0.136037	0.16033	0.138981	0.131713	0.106882	0.10013	0.0884436	0.0944576	0.0944527	0.0945313	0.105185	0.0814014	0.108339	0.0919086	0.106697	0.0888022	0.0718246	0	0.111157	0.128558	0.132893	0.139343	0.15295	0.127922	0.125548	0.117546	0.120671	0.125164	0.125412	0.111096	0.144239	0.145872	0.143912	0.135097	0.139969	0.151508	0.151868	0.176988	0.169634	0.166288	0.150205	0.175392	0.18491	0.172303	0.210011	0.173746	0.289265	0.331515	0.314293	0.296026	0.277835	0.27541	0.293019	0.287556	0.272737	0.287981	0.307549	0.312188	0.309909	0.3053	0.304902	0.259797	0.270603	0.268449	0.293334	0.286543	0.290977	0.254896	0.262388	0.264695	0.256927	0.266085	0.264855	0.261037	0.241356	0.235043	0.382321	0.384594	0.341801	0.353574	0.332499	0.316447	0.320051	0.242835	0.259352	0.306343	0.314949	0.25279	0.248201	0.28872	0.294134	0.278053	0.343871	0.321291	0.313168	0.317059	0.266612	0.259955	0.275201	0.278316	0.282092	0.316576	0.301566	0.317266	0.325842	0.316171	0.303588	0.343109	0.316281	0.331586	0.422842	0.405484	0.427833	0.410995	0.365816	0.368631	0.303439	0.304396	0.422172	0.445959	0.272282	0.28416	0.269134	0.269143	0.280552	0.280556	0.281782	0.27701	0.275805	0.267196	0.264268	0.296759	0.294774	0.39032	0.285306	0.290513	0.263173	0.328227	0.329837	0.335175	0.335081	0.265026	0.285632	0.288576	0.250338	0.257619	0.254089	0.254429	0.374783	0.426707	0.435368	0.421525	0.459449	0.435376	0.44402	0.446608	0.431696	0.427701	0.390371	0.392738	0.393817	0.401297	0.393106	0.381816	0.329005	0.322278	0.371292	0.373506	0.37008	0.368976	0.434992	0.436468	0.385254	0.393809	0.394078	0.288898	0.301333	0.291406	0.244488	0.300134	0.300966	0.278218	0.294655	0.292974	0.283074	0.339681	0.355865	0.307331	0.278883	0.306197	0.295754	0.301193	0.306197	0.296129	0.280035	0.296861	0.280698	0.232427	0.336979	0.325845	0.347324	0.252112	0.25898	0.275006	0.266948	0.264716	0.291853	0.296385	0.253936	0.223292	0.220467	0.228233	0.228273	0.228981	0.241877	0.253133	0.24567	0.271071	0.27166	0.2645	0.270601	0.265866	0.292969	0.331026	0.271167	0.287461	0.279525	0.310932
Eulacestoma_nigropectus	0.249969	0.14421	0.148479	0.195953	0.16834	0.151241	0.177281	0.175043	0.13581	0.166133	0.178347	0.157461	0.173602	0.163984	0.169668	0.164945	0.15018	0.154542	0.171197	0.191073	0.16374	0.174824	0.168984	0.166673	0.185076	0.184267	0.178379	0.158233	0.160991	0.171861	0.163772	0.150091	0.191882	0.180429	0.190502	0.18375	0.18482	0.186144	0.180681	0.169923	0.182551	0.188514	0.163371	0.156268	0.15959	0.161662	0.146125	0.151438	0.148099	0.145248	0.152468	0.14697	0.145522	0.147522	0.146084	0.156516	0.152289	0.150783	0.159063	0.193146	0.191443	0.169891	0.169647	0.145549	0.149011	0.153572	0.146386	0.177009	0.178662	0.149646	0.177106	0.161679	0.151396	0.151477	0.160917	0.157749	0.174787	0.187742	0.179169	0.168047	0.144173	0.156357	0.147147	0.160861	0.143061	0.17129	0.159926	0.157382	0.161922	0.162514	0.157281	0.161923	0.159976	0.157984	0.147981	0.134417	0.141721	0.151724	0.142609	0.170779	0.142565	0.166859	0.145509	0.138241	0.11341	0.106658	0.107174	0.113188	0.113183	0.113262	0.123915	0.100132	0.12707	0.110639	0.125428	0.107533	0.103934	0.111157	0	0.135086	0.139421	0.145871	0.159478	0.13445	0.132076	0.124075	0.1272	0.131693	0.13194	0.117625	0.150767	0.1524	0.15044	0.141625	0.146497	0.158036	0.158396	0.183516	0.176162	0.172816	0.156733	0.181921	0.191439	0.178832	0.216539	0.180274	0.295794	0.338043	0.320821	0.302554	0.284363	0.281938	0.299547	0.294084	0.279265	0.294509	0.314077	0.318716	0.316437	0.311828	0.31143	0.266325	0.277131	0.274977	0.299862	0.293072	0.297506	0.261424	0.268916	0.271223	0.263455	0.272613	0.271383	0.267565	0.247885	0.241571	0.388849	0.391123	0.348329	0.360102	0.339027	0.322976	0.326579	0.249363	0.26588	0.312871	0.321477	0.259319	0.25473	0.295248	0.300662	0.284581	0.350399	0.327819	0.319696	0.323587	0.27314	0.266483	0.281729	0.284844	0.28862	0.323104	0.308094	0.323795	0.332371	0.322699	0.310116	0.349637	0.32281	0.338114	0.42937	0.412012	0.434362	0.417524	0.372344	0.375159	0.309967	0.310924	0.4287	0.452488	0.278811	0.290688	0.275662	0.275672	0.28708	0.287084	0.28831	0.283538	0.282333	0.273725	0.270796	0.303287	0.301302	0.396849	0.291834	0.297041	0.269701	0.334755	0.336365	0.341704	0.341609	0.271555	0.29216	0.295105	0.256866	0.264148	0.260617	0.260957	0.381311	0.433236	0.441897	0.428054	0.465977	0.441904	0.450548	0.453137	0.438224	0.434229	0.396899	0.399266	0.400345	0.407825	0.399634	0.388344	0.335533	0.328806	0.377821	0.380034	0.376608	0.375504	0.44152	0.442997	0.391782	0.400337	0.400606	0.295426	0.307862	0.297935	0.251016	0.306662	0.307494	0.284746	0.301183	0.299502	0.289602	0.346209	0.362393	0.31386	0.285411	0.312725	0.302283	0.307722	0.312725	0.302657	0.286563	0.303389	0.287226	0.238956	0.343507	0.332373	0.353853	0.25864	0.265508	0.281534	0.273476	0.271244	0.298381	0.302914	0.260464	0.22982	0.226995	0.234761	0.234801	0.235509	0.248406	0.259662	0.252198	0.277599	0.278189	0.271028	0.277129	0.272395	0.299497	0.337554	0.277695	0.293989	0.286053	0.31746
Edolisoma_coerulescens	0.262074	0.156316	0.160585	0.208059	0.180445	0.163347	0.189387	0.187149	0.147916	0.178238	0.190453	0.169567	0.185708	0.176089	0.181773	0.177051	0.162285	0.166647	0.183302	0.203179	0.175845	0.186929	0.181089	0.178779	0.197182	0.196372	0.190485	0.170338	0.173097	0.183967	0.175877	0.162196	0.203987	0.192535	0.202608	0.195856	0.196926	0.19825	0.192786	0.182028	0.194657	0.200619	0.175476	0.168374	0.171696	0.173768	0.158231	0.163543	0.160204	0.157354	0.164573	0.159076	0.157627	0.159627	0.15819	0.168622	0.164394	0.162889	0.171169	0.205252	0.203549	0.181997	0.181752	0.157655	0.161116	0.165677	0.158492	0.189114	0.190768	0.161752	0.189212	0.173784	0.163502	0.163583	0.173022	0.169855	0.186893	0.199847	0.191275	0.180152	0.156279	0.168462	0.159253	0.172966	0.155166	0.183395	0.172032	0.169488	0.174028	0.174619	0.169387	0.174029	0.172081	0.170089	0.160086	0.146523	0.153826	0.163829	0.154715	0.182885	0.154671	0.178964	0.157615	0.150347	0.125516	0.118764	0.124575	0.130589	0.130584	0.130663	0.141316	0.117533	0.144471	0.12804	0.142829	0.124934	0.121335	0.128558	0.135086	0	0.106916	0.135811	0.149418	0.12439	0.131627	0.131541	0.139305	0.143798	0.144046	0.12973	0.162873	0.164506	0.162546	0.153731	0.158603	0.170142	0.170502	0.195622	0.188267	0.184922	0.168839	0.194026	0.203544	0.190937	0.228645	0.19238	0.307899	0.350148	0.332926	0.314659	0.296469	0.294044	0.311653	0.30619	0.291371	0.306615	0.326183	0.330822	0.328543	0.323934	0.323535	0.278431	0.289237	0.287083	0.311968	0.305177	0.309611	0.273529	0.281022	0.283329	0.275561	0.284719	0.283489	0.279671	0.25999	0.253677	0.400955	0.403228	0.360435	0.372208	0.351133	0.335081	0.338685	0.261469	0.277986	0.324977	0.333583	0.271424	0.266835	0.307354	0.312768	0.296687	0.362505	0.339925	0.331802	0.335693	0.285246	0.278589	0.293834	0.296949	0.300726	0.33521	0.3202	0.3359	0.344476	0.334805	0.322222	0.361743	0.334915	0.35022	0.441476	0.424118	0.446467	0.429629	0.38445	0.387265	0.322073	0.32303	0.440806	0.464593	0.290916	0.302794	0.287768	0.287777	0.299185	0.29919	0.300416	0.295644	0.294439	0.28583	0.282902	0.315393	0.313408	0.408954	0.30394	0.309147	0.281807	0.346861	0.348471	0.353809	0.353715	0.28366	0.304266	0.30721	0.268972	0.276253	0.272723	0.273063	0.393416	0.445341	0.454002	0.440159	0.478083	0.454009	0.462654	0.465242	0.450329	0.446335	0.409005	0.411372	0.412451	0.419931	0.41174	0.40045	0.347639	0.340912	0.389926	0.39214	0.388714	0.38761	0.453626	0.455102	0.403888	0.412442	0.412711	0.307532	0.319967	0.31004	0.263121	0.318768	0.319599	0.296852	0.313289	0.311607	0.301708	0.358315	0.374499	0.325965	0.297517	0.324831	0.314388	0.319827	0.324831	0.314763	0.298668	0.315495	0.299332	0.251061	0.355613	0.344478	0.365958	0.270746	0.277614	0.29364	0.285582	0.28335	0.310487	0.315019	0.27257	0.241926	0.239101	0.246867	0.246906	0.247614	0.260511	0.271767	0.264304	0.289705	0.290294	0.283134	0.289235	0.2845	0.311603	0.349659	0.289801	0.306095	0.298159	0.329566
Oreocharis_arfaki	0.266409	0.160651	0.16492	0.212394	0.18478	0.167682	0.193722	0.191484	0.152251	0.182573	0.194788	0.173902	0.190043	0.180424	0.186108	0.181386	0.16662	0.170982	0.187637	0.207514	0.18018	0.191264	0.185424	0.183114	0.201517	0.200707	0.19482	0.174673	0.177432	0.188302	0.180213	0.166531	0.208323	0.19687	0.206943	0.200191	0.201261	0.202585	0.197121	0.186363	0.198992	0.204954	0.179811	0.172709	0.176031	0.178103	0.162566	0.167878	0.164539	0.161689	0.168908	0.163411	0.161962	0.163962	0.162525	0.172957	0.168729	0.167224	0.175504	0.209587	0.207884	0.186332	0.186087	0.16199	0.165451	0.170012	0.162827	0.193449	0.195103	0.166087	0.193547	0.178119	0.167837	0.167918	0.177357	0.17419	0.191228	0.204182	0.19561	0.184487	0.160614	0.172797	0.163588	0.177301	0.159501	0.18773	0.176367	0.173823	0.178363	0.178954	0.173722	0.178364	0.176416	0.174424	0.164421	0.150858	0.158161	0.168164	0.15905	0.18722	0.159006	0.183299	0.16195	0.154682	0.129851	0.123099	0.12891	0.134924	0.134919	0.134998	0.145651	0.121868	0.148806	0.132375	0.147164	0.129269	0.12567	0.132893	0.139421	0.106916	0	0.140146	0.153753	0.128725	0.135962	0.135876	0.14364	0.148133	0.148381	0.134065	0.167208	0.168841	0.166881	0.158066	0.162938	0.174477	0.174837	0.199957	0.192602	0.189257	0.173174	0.198361	0.207879	0.195272	0.23298	0.196715	0.312234	0.354483	0.337261	0.318994	0.300804	0.298379	0.315988	0.310525	0.295706	0.31095	0.330518	0.335157	0.332878	0.328269	0.32787	0.282766	0.293572	0.291418	0.316303	0.309512	0.313946	0.277864	0.285357	0.287664	0.279896	0.289054	0.287824	0.284006	0.264325	0.258012	0.40529	0.407563	0.36477	0.376543	0.355468	0.339416	0.34302	0.265804	0.282321	0.329312	0.337918	0.275759	0.27117	0.311689	0.317103	0.301022	0.36684	0.34426	0.336137	0.340028	0.289581	0.282924	0.298169	0.301284	0.305061	0.339545	0.324535	0.340235	0.348811	0.33914	0.326557	0.366078	0.33925	0.354555	0.445811	0.428453	0.450802	0.433964	0.388785	0.3916	0.326408	0.327365	0.445141	0.468928	0.295251	0.307129	0.292103	0.292112	0.30352	0.303525	0.304751	0.299979	0.298774	0.290165	0.287237	0.319728	0.317743	0.413289	0.308275	0.313482	0.286142	0.351196	0.352806	0.358144	0.35805	0.287995	0.308601	0.311545	0.273307	0.280588	0.277058	0.277398	0.397752	0.449676	0.458337	0.444494	0.482418	0.458344	0.466989	0.469577	0.454665	0.45067	0.41334	0.415707	0.416786	0.424266	0.416075	0.404785	0.351974	0.345247	0.394261	0.396475	0.393049	0.391945	0.457961	0.459437	0.408223	0.416777	0.417046	0.311867	0.324302	0.314375	0.267456	0.323103	0.323935	0.301187	0.317624	0.315943	0.306043	0.36265	0.378834	0.3303	0.301852	0.329166	0.318723	0.324162	0.329166	0.319098	0.303003	0.31983	0.303667	0.255396	0.359948	0.348813	0.370293	0.275081	0.281949	0.297975	0.289917	0.287685	0.314822	0.319354	0.276905	0.246261	0.243436	0.251202	0.251241	0.251949	0.264846	0.276102	0.268639	0.29404	0.294629	0.287469	0.29357	0.288835	0.315938	0.353994	0.294136	0.31043	0.302494	0.333901
Erpornis_zantholeuca	0.272859	0.167101	0.17137	0.218844	0.19123	0.174132	0.200172	0.197934	0.158701	0.189023	0.201238	0.180352	0.196493	0.186874	0.192558	0.187835	0.17307	0.177432	0.194087	0.213963	0.18663	0.197714	0.191874	0.189563	0.207966	0.207157	0.20127	0.181123	0.183882	0.194751	0.186662	0.172981	0.214772	0.20332	0.213393	0.206641	0.207711	0.209035	0.203571	0.192813	0.205442	0.211404	0.186261	0.179158	0.182481	0.184553	0.169016	0.174328	0.170989	0.168139	0.175358	0.169861	0.168412	0.170412	0.168974	0.179407	0.175179	0.173674	0.181954	0.216037	0.214334	0.192781	0.192537	0.16844	0.171901	0.176462	0.169277	0.199899	0.201553	0.172537	0.199997	0.184569	0.174287	0.174368	0.183807	0.18064	0.197678	0.210632	0.202059	0.190937	0.167064	0.179247	0.170037	0.183751	0.165951	0.19418	0.182816	0.180273	0.184813	0.185404	0.180172	0.184814	0.182866	0.180874	0.170871	0.157307	0.164611	0.174614	0.1655	0.19367	0.165456	0.189749	0.1684	0.161132	0.136301	0.129548	0.13536	0.141374	0.141369	0.141448	0.152101	0.128318	0.155256	0.138825	0.153614	0.135719	0.13212	0.139343	0.145871	0.135811	0.140146	0	0.102238	0.106404	0.142412	0.142326	0.15009	0.154583	0.154831	0.140515	0.173658	0.175291	0.173331	0.164515	0.169388	0.180927	0.181287	0.206407	0.199052	0.195707	0.179624	0.204811	0.214329	0.201722	0.239429	0.203165	0.318684	0.360933	0.343711	0.325444	0.307254	0.304829	0.322438	0.316975	0.302156	0.3174	0.336968	0.341607	0.339328	0.334719	0.33432	0.289216	0.300022	0.297868	0.322753	0.315962	0.320396	0.284314	0.291807	0.294114	0.286345	0.295503	0.294273	0.290456	0.270775	0.264462	0.411739	0.414013	0.37122	0.382993	0.361918	0.345866	0.34947	0.272254	0.288771	0.335762	0.344368	0.282209	0.27762	0.318139	0.323553	0.307472	0.37329	0.350709	0.342586	0.346477	0.296031	0.289374	0.304619	0.307734	0.311511	0.345995	0.330985	0.346685	0.355261	0.34559	0.333006	0.372527	0.3457	0.361005	0.452261	0.434903	0.457252	0.440414	0.395234	0.39805	0.332858	0.333815	0.451591	0.475378	0.301701	0.313579	0.298553	0.298562	0.30997	0.309974	0.311201	0.306428	0.305224	0.296615	0.293687	0.326178	0.324192	0.419739	0.314725	0.319931	0.292591	0.357646	0.359256	0.364594	0.364499	0.294445	0.31505	0.317995	0.279757	0.287038	0.283507	0.283847	0.404201	0.456126	0.464787	0.450944	0.488868	0.464794	0.473439	0.476027	0.461114	0.45712	0.419789	0.422157	0.423236	0.430716	0.422525	0.411235	0.358424	0.351697	0.400711	0.402925	0.399499	0.398394	0.46441	0.465887	0.414673	0.423227	0.423496	0.318317	0.330752	0.320825	0.273906	0.329553	0.330384	0.307637	0.324074	0.322392	0.312493	0.3691	0.385284	0.33675	0.308302	0.335616	0.325173	0.330612	0.335616	0.325548	0.309453	0.32628	0.310117	0.261846	0.366398	0.355263	0.376743	0.281531	0.288398	0.304425	0.296366	0.294134	0.321272	0.325804	0.283355	0.252711	0.249886	0.257652	0.257691	0.258399	0.271296	0.282552	0.275089	0.30049	0.301079	0.293919	0.300019	0.295285	0.322388	0.360444	0.300586	0.316879	0.308944	0.340351
Vireo_altiloquus	0.286466	0.180708	0.184977	0.232451	0.204837	0.187739	0.213779	0.211541	0.172308	0.20263	0.214845	0.193959	0.2101	0.200481	0.206165	0.201443	0.186677	0.191039	0.207694	0.227571	0.200237	0.211321	0.205481	0.203171	0.221574	0.220764	0.214877	0.19473	0.197489	0.208359	0.20027	0.186588	0.22838	0.216927	0.227	0.220248	0.221318	0.222642	0.217178	0.20642	0.219049	0.225011	0.199868	0.192766	0.196088	0.19816	0.182623	0.187935	0.184596	0.181746	0.188965	0.183468	0.182019	0.184019	0.182582	0.193014	0.188786	0.187281	0.195561	0.229644	0.227941	0.206389	0.206144	0.182047	0.185508	0.190069	0.182884	0.213506	0.21516	0.186144	0.213604	0.198176	0.187894	0.187975	0.197414	0.194247	0.211285	0.224239	0.215667	0.204544	0.180671	0.192854	0.183645	0.197358	0.179558	0.207787	0.196424	0.19388	0.19842	0.199011	0.193779	0.198421	0.196473	0.194481	0.184479	0.170915	0.178218	0.188221	0.179107	0.207277	0.179063	0.203356	0.182007	0.174739	0.149908	0.143156	0.148967	0.154981	0.154976	0.155055	0.165708	0.141925	0.168863	0.152432	0.167221	0.149326	0.145727	0.15295	0.159478	0.149418	0.153753	0.102238	0	0.120011	0.156019	0.155933	0.163697	0.16819	0.168438	0.154122	0.187265	0.188898	0.186938	0.178123	0.182995	0.194534	0.194894	0.220014	0.212659	0.209314	0.193231	0.218418	0.227936	0.215329	0.253037	0.216772	0.332291	0.374541	0.357318	0.339051	0.320861	0.318436	0.336045	0.330582	0.315763	0.331007	0.350575	0.355214	0.352935	0.348326	0.347927	0.302823	0.313629	0.311475	0.33636	0.329569	0.334003	0.297922	0.305414	0.307721	0.299953	0.309111	0.307881	0.304063	0.284382	0.278069	0.425347	0.42762	0.384827	0.3966	0.375525	0.359473	0.363077	0.285861	0.302378	0.349369	0.357975	0.295816	0.291227	0.331746	0.33716	0.321079	0.386897	0.364317	0.356194	0.360085	0.309638	0.302981	0.318226	0.321341	0.325118	0.359602	0.344592	0.360292	0.368868	0.359197	0.346614	0.386135	0.359307	0.374612	0.465868	0.44851	0.470859	0.454021	0.408842	0.411657	0.346465	0.347422	0.465198	0.488985	0.315308	0.327186	0.31216	0.312169	0.323578	0.323582	0.324808	0.320036	0.318831	0.310222	0.307294	0.339785	0.3378	0.433346	0.328332	0.333539	0.306199	0.371253	0.372863	0.378201	0.378107	0.308052	0.328658	0.331602	0.293364	0.300645	0.297115	0.297455	0.417809	0.469733	0.478394	0.464551	0.502475	0.478401	0.487046	0.489634	0.474722	0.470727	0.433397	0.435764	0.436843	0.444323	0.436132	0.424842	0.372031	0.365304	0.414318	0.416532	0.413106	0.412002	0.478018	0.479494	0.42828	0.436834	0.437103	0.331924	0.344359	0.334432	0.287513	0.34316	0.343992	0.321244	0.337681	0.336	0.3261	0.382707	0.398891	0.350357	0.321909	0.349223	0.33878	0.344219	0.349223	0.339155	0.32306	0.339887	0.323724	0.275453	0.380005	0.36887	0.39035	0.295138	0.302006	0.318032	0.309974	0.307742	0.334879	0.339411	0.296962	0.266318	0.263493	0.271259	0.271298	0.272006	0.284903	0.296159	0.288696	0.314097	0.314686	0.307526	0.313627	0.308892	0.335995	0.374052	0.314193	0.330487	0.322551	0.353958
Pteruthius_melanotis	0.261438	0.155679	0.159948	0.207423	0.179809	0.162711	0.188751	0.186512	0.147279	0.177602	0.189816	0.16893	0.185072	0.175453	0.181137	0.176414	0.161649	0.166011	0.182666	0.202542	0.175209	0.186293	0.180453	0.178142	0.196545	0.195736	0.189849	0.169702	0.17246	0.18333	0.175241	0.16156	0.203351	0.191898	0.201972	0.19522	0.196289	0.197614	0.19215	0.181392	0.19402	0.199983	0.17484	0.167737	0.171059	0.173131	0.157594	0.162907	0.159568	0.156717	0.163937	0.15844	0.156991	0.158991	0.157553	0.167985	0.163758	0.162252	0.170532	0.204615	0.202912	0.18136	0.181116	0.157018	0.16048	0.165041	0.157855	0.188478	0.190131	0.161115	0.188575	0.173148	0.162865	0.162946	0.172386	0.169219	0.186257	0.199211	0.190638	0.179516	0.155642	0.167826	0.158616	0.17233	0.15453	0.182759	0.171395	0.168851	0.173392	0.173983	0.16875	0.173393	0.171445	0.169453	0.15945	0.145886	0.15319	0.163193	0.154078	0.182248	0.154034	0.178328	0.156979	0.14971	0.124879	0.118127	0.123939	0.129953	0.129948	0.130026	0.14068	0.116896	0.143834	0.127404	0.142192	0.124297	0.120698	0.127922	0.13445	0.12439	0.128725	0.106404	0.120011	0	0.130991	0.130904	0.138669	0.143162	0.143409	0.129094	0.162236	0.16387	0.161909	0.153094	0.157966	0.169505	0.169865	0.194985	0.187631	0.184285	0.168203	0.19339	0.202908	0.190301	0.228008	0.191743	0.307263	0.349512	0.33229	0.314023	0.295832	0.293407	0.311017	0.305554	0.290735	0.305978	0.325546	0.330185	0.327907	0.323298	0.322899	0.277794	0.2886	0.286447	0.311331	0.304541	0.308975	0.272893	0.280385	0.282693	0.274924	0.284082	0.282852	0.279034	0.259354	0.253041	0.400318	0.402592	0.359799	0.371571	0.350496	0.334445	0.338048	0.260833	0.27735	0.324341	0.332947	0.270788	0.266199	0.306718	0.312132	0.29605	0.361868	0.339288	0.331165	0.335056	0.28461	0.277953	0.293198	0.296313	0.300089	0.334573	0.319563	0.335264	0.34384	0.334169	0.321585	0.361106	0.334279	0.349584	0.44084	0.423481	0.445831	0.428993	0.383813	0.386628	0.321436	0.322393	0.44017	0.463957	0.29028	0.302158	0.287131	0.287141	0.298549	0.298553	0.299779	0.295007	0.293803	0.285194	0.282265	0.314757	0.312771	0.408318	0.303304	0.30851	0.28117	0.346224	0.347834	0.353173	0.353078	0.283024	0.303629	0.306574	0.268336	0.275617	0.272086	0.272426	0.39278	0.444705	0.453366	0.439523	0.477447	0.453373	0.462017	0.464606	0.449693	0.445699	0.408368	0.410735	0.411815	0.419294	0.411103	0.399813	0.347003	0.340275	0.38929	0.391504	0.388077	0.386973	0.452989	0.454466	0.403252	0.411806	0.412075	0.306896	0.319331	0.309404	0.262485	0.318131	0.318963	0.296216	0.312652	0.310971	0.301072	0.357678	0.373863	0.325329	0.296881	0.324194	0.313752	0.319191	0.324194	0.314127	0.298032	0.314859	0.298696	0.250425	0.354976	0.343842	0.365322	0.270109	0.276977	0.293003	0.284945	0.282713	0.309851	0.314383	0.271934	0.24129	0.238464	0.24623	0.24627	0.246978	0.259875	0.271131	0.263667	0.289069	0.289658	0.282498	0.288598	0.283864	0.310966	0.349023	0.289165	0.305458	0.297523	0.328929
Oriolus_oriolus	0.259064	0.153305	0.157574	0.205048	0.177435	0.160336	0.186377	0.184138	0.144905	0.175228	0.187442	0.166556	0.182697	0.173079	0.178763	0.17404	0.159275	0.163637	0.180292	0.200168	0.172835	0.183919	0.178079	0.175768	0.194171	0.193362	0.187475	0.167328	0.170086	0.180956	0.172867	0.159186	0.200977	0.189524	0.199597	0.192846	0.193915	0.19524	0.189776	0.179018	0.191646	0.197609	0.172466	0.165363	0.168685	0.170757	0.15522	0.160533	0.157194	0.154343	0.161563	0.156065	0.154617	0.156617	0.155179	0.165611	0.161384	0.159878	0.168158	0.202241	0.200538	0.178986	0.178742	0.154644	0.158106	0.162667	0.155481	0.186104	0.187757	0.158741	0.186201	0.170774	0.160491	0.160572	0.170012	0.166844	0.183883	0.196837	0.188264	0.177142	0.153268	0.165452	0.156242	0.169956	0.152156	0.180385	0.169021	0.166477	0.171017	0.171609	0.166376	0.171018	0.169071	0.167079	0.157076	0.143512	0.150816	0.160819	0.151704	0.179874	0.15166	0.175954	0.154605	0.147336	0.122505	0.115753	0.121565	0.127579	0.127574	0.127652	0.138306	0.114522	0.14146	0.12503	0.139818	0.121923	0.118324	0.125548	0.132076	0.131627	0.135962	0.142412	0.156019	0.130991	0	0.12853	0.136295	0.140788	0.141035	0.12672	0.159862	0.161495	0.159535	0.15072	0.155592	0.167131	0.167491	0.192611	0.185257	0.181911	0.165829	0.191016	0.200534	0.187927	0.225634	0.189369	0.304889	0.347138	0.329916	0.311649	0.293458	0.291033	0.308643	0.30318	0.288361	0.303604	0.323172	0.327811	0.325533	0.320924	0.320525	0.27542	0.286226	0.284073	0.308957	0.302167	0.306601	0.270519	0.278011	0.280319	0.27255	0.281708	0.280478	0.27666	0.25698	0.250666	0.397944	0.400218	0.357424	0.369197	0.348122	0.332071	0.335674	0.258458	0.274976	0.321966	0.330572	0.268414	0.263825	0.304343	0.309757	0.293676	0.359494	0.336914	0.328791	0.332682	0.282235	0.275578	0.290824	0.293939	0.297715	0.332199	0.317189	0.33289	0.341466	0.331795	0.319211	0.358732	0.331905	0.347209	0.438465	0.421107	0.443457	0.426619	0.381439	0.384254	0.319062	0.320019	0.437795	0.461583	0.287906	0.299783	0.284757	0.284767	0.296175	0.296179	0.297405	0.292633	0.291428	0.28282	0.279891	0.312383	0.310397	0.405944	0.30093	0.306136	0.278796	0.34385	0.34546	0.350799	0.350704	0.28065	0.301255	0.3042	0.265962	0.273243	0.269712	0.270052	0.390406	0.442331	0.450992	0.437149	0.475072	0.450999	0.459643	0.462232	0.447319	0.443325	0.405994	0.408361	0.40944	0.41692	0.408729	0.397439	0.344629	0.337901	0.386916	0.389129	0.385703	0.384599	0.450615	0.452092	0.400877	0.409432	0.409701	0.304521	0.316957	0.30703	0.260111	0.315757	0.316589	0.293841	0.310278	0.308597	0.298698	0.355304	0.371489	0.322955	0.294507	0.32182	0.311378	0.316817	0.32182	0.311752	0.295658	0.312484	0.296321	0.248051	0.352602	0.341468	0.362948	0.267735	0.274603	0.290629	0.282571	0.280339	0.307476	0.312009	0.269559	0.238915	0.23609	0.243856	0.243896	0.244604	0.257501	0.268757	0.261293	0.286695	0.287284	0.280123	0.286224	0.28149	0.308592	0.346649	0.286791	0.303084	0.295149	0.326555
Mohoua_ochrocephala	0.251063	0.145304	0.149573	0.197047	0.169433	0.152335	0.178375	0.176137	0.136904	0.167226	0.179441	0.158555	0.174696	0.165077	0.170761	0.166039	0.151274	0.155636	0.172291	0.192167	0.164834	0.175918	0.170078	0.167767	0.18617	0.18536	0.179473	0.159327	0.162085	0.172955	0.164866	0.151185	0.192976	0.181523	0.191596	0.184844	0.185914	0.187238	0.181775	0.171017	0.183645	0.189607	0.164465	0.157362	0.160684	0.162756	0.147219	0.152531	0.149193	0.146342	0.153562	0.148064	0.146616	0.148615	0.147178	0.15761	0.153383	0.151877	0.160157	0.19424	0.192537	0.170985	0.17074	0.146643	0.150104	0.154665	0.14748	0.178102	0.179756	0.15074	0.1782	0.162772	0.15249	0.152571	0.16201	0.158843	0.175881	0.188835	0.180263	0.169141	0.145267	0.15745	0.148241	0.161955	0.144154	0.172383	0.16102	0.158476	0.163016	0.163608	0.158375	0.163017	0.16107	0.159078	0.149075	0.135511	0.142815	0.152818	0.143703	0.171873	0.143659	0.167952	0.146603	0.139335	0.114504	0.107752	0.113563	0.119577	0.119572	0.119651	0.130304	0.106521	0.133459	0.117028	0.131817	0.113922	0.110323	0.117546	0.124075	0.131541	0.135876	0.142326	0.155933	0.130904	0.12853	0	0.128294	0.132786	0.133034	0.118719	0.151861	0.153494	0.151534	0.142719	0.147591	0.15913	0.15949	0.18461	0.177256	0.17391	0.157827	0.183014	0.192533	0.179925	0.217633	0.181368	0.296887	0.339137	0.321915	0.303648	0.285457	0.283032	0.300641	0.295178	0.280359	0.295603	0.315171	0.31981	0.317531	0.312922	0.312524	0.267419	0.278225	0.276071	0.300956	0.294165	0.2986	0.262518	0.27001	0.272317	0.264549	0.273707	0.272477	0.268659	0.248979	0.242665	0.389943	0.392216	0.349423	0.361196	0.340121	0.32407	0.327673	0.250457	0.266974	0.313965	0.322571	0.260412	0.255823	0.296342	0.301756	0.285675	0.351493	0.328913	0.32079	0.324681	0.274234	0.267577	0.282823	0.285938	0.289714	0.324198	0.309188	0.324889	0.333465	0.323793	0.31121	0.350731	0.323904	0.339208	0.430464	0.413106	0.435456	0.418617	0.373438	0.376253	0.311061	0.312018	0.429794	0.453582	0.279904	0.291782	0.276756	0.276766	0.288174	0.288178	0.289404	0.284632	0.283427	0.274819	0.27189	0.304381	0.302396	0.397943	0.292928	0.298135	0.270795	0.335849	0.337459	0.342798	0.342703	0.272649	0.293254	0.296198	0.25796	0.265242	0.261711	0.262051	0.382405	0.434329	0.442991	0.429147	0.467071	0.442998	0.451642	0.45423	0.439318	0.435323	0.397993	0.40036	0.401439	0.408919	0.400728	0.389438	0.336627	0.3299	0.378915	0.381128	0.377702	0.376598	0.442614	0.44409	0.392876	0.401431	0.4017	0.29652	0.308956	0.299028	0.25211	0.307756	0.308588	0.28584	0.302277	0.300596	0.290696	0.347303	0.363487	0.314953	0.286505	0.313819	0.303376	0.308815	0.313819	0.303751	0.287657	0.304483	0.28832	0.24005	0.344601	0.333467	0.354946	0.259734	0.266602	0.282628	0.27457	0.272338	0.299475	0.304007	0.261558	0.230914	0.228089	0.235855	0.235895	0.236603	0.249499	0.260756	0.253292	0.278693	0.279283	0.272122	0.278223	0.273488	0.300591	0.338648	0.278789	0.295083	0.287147	0.318554
Daphoenositta_chrysoptera	0.237121	0.134315	0.138584	0.186058	0.158445	0.141346	0.167387	0.165148	0.125915	0.156238	0.168452	0.147566	0.163707	0.154089	0.159773	0.15505	0.140285	0.144647	0.161302	0.181178	0.153845	0.164929	0.159089	0.156778	0.175181	0.174372	0.168485	0.148338	0.151096	0.161966	0.153877	0.140196	0.181987	0.170534	0.180607	0.173856	0.174925	0.17625	0.170786	0.160028	0.172656	0.178619	0.153476	0.146373	0.149695	0.151767	0.13623	0.141543	0.138204	0.135353	0.142573	0.137076	0.135627	0.137627	0.136189	0.146621	0.142394	0.140888	0.149168	0.183251	0.181548	0.159996	0.159752	0.135654	0.139116	0.143677	0.136491	0.167114	0.168767	0.139751	0.167211	0.151784	0.141501	0.141582	0.151022	0.147855	0.164893	0.177847	0.169274	0.158152	0.134278	0.146462	0.137252	0.150966	0.133166	0.161395	0.150031	0.147487	0.152027	0.152619	0.147386	0.152028	0.150081	0.148089	0.138086	0.124522	0.131826	0.141829	0.132714	0.160884	0.13267	0.156964	0.135615	0.128346	0.103515	0.110875	0.116688	0.122702	0.122698	0.122776	0.133429	0.109646	0.136584	0.120153	0.134942	0.117047	0.113448	0.120671	0.1272	0.139305	0.14364	0.15009	0.163697	0.138669	0.136295	0.128294	0	0.107587	0.107835	0.103589	0.13792	0.139553	0.137592	0.128777	0.133649	0.145188	0.145548	0.170668	0.163314	0.159968	0.143886	0.169073	0.178591	0.165984	0.203691	0.167426	0.282946	0.325195	0.307973	0.289706	0.271516	0.26909	0.2867	0.281237	0.266418	0.281661	0.30123	0.305868	0.30359	0.298981	0.298582	0.253478	0.264284	0.26213	0.287014	0.280224	0.284658	0.248576	0.256068	0.258376	0.250607	0.259765	0.258535	0.254718	0.235037	0.228724	0.376001	0.378275	0.335482	0.347255	0.326179	0.310128	0.313731	0.236516	0.253033	0.300024	0.30863	0.246471	0.241882	0.282401	0.287815	0.271734	0.337551	0.314971	0.306848	0.310739	0.260293	0.253636	0.268881	0.271996	0.275773	0.310256	0.295246	0.310947	0.319523	0.309852	0.297268	0.336789	0.309962	0.325267	0.416523	0.399165	0.421514	0.404676	0.359496	0.362311	0.297119	0.298077	0.415853	0.43964	0.265963	0.277841	0.262814	0.262824	0.274232	0.274236	0.275462	0.27069	0.269486	0.260877	0.257949	0.29044	0.288454	0.384001	0.278987	0.284193	0.256853	0.321908	0.323517	0.328856	0.328761	0.258707	0.279312	0.282257	0.244019	0.2513	0.247769	0.248109	0.368463	0.420388	0.429049	0.415206	0.45313	0.429056	0.4377	0.440289	0.425376	0.421382	0.384051	0.386418	0.387498	0.394978	0.386786	0.375496	0.322686	0.315959	0.364973	0.367187	0.36376	0.362656	0.428672	0.430149	0.378935	0.387489	0.387758	0.282579	0.295014	0.285087	0.238168	0.293814	0.294646	0.271899	0.288335	0.286654	0.276755	0.333362	0.349546	0.301012	0.272564	0.299878	0.289435	0.294874	0.299878	0.28981	0.273715	0.290542	0.274379	0.226108	0.33066	0.319525	0.341005	0.245792	0.25266	0.268687	0.260628	0.258396	0.285534	0.290066	0.247617	0.216973	0.214148	0.221913	0.221953	0.222661	0.235558	0.246814	0.239351	0.264752	0.265341	0.258181	0.264281	0.259547	0.286649	0.324706	0.264848	0.281141	0.273206	0.304612
Falcunculus_frontatus	0.241614	0.138808	0.143077	0.190551	0.162938	0.145839	0.171879	0.169641	0.130408	0.160731	0.172945	0.152059	0.1682	0.158582	0.164266	0.159543	0.144778	0.14914	0.165795	0.185671	0.158338	0.169422	0.163582	0.161271	0.179674	0.178865	0.172977	0.152831	0.155589	0.166459	0.15837	0.144689	0.18648	0.175027	0.1851	0.178348	0.179418	0.180742	0.175279	0.164521	0.177149	0.183112	0.157969	0.150866	0.154188	0.15626	0.140723	0.146036	0.142697	0.139846	0.147066	0.141568	0.14012	0.142119	0.140682	0.151114	0.146887	0.145381	0.153661	0.187744	0.186041	0.164489	0.164245	0.140147	0.143609	0.14817	0.140984	0.171607	0.17326	0.144244	0.171704	0.156276	0.145994	0.146075	0.155515	0.152347	0.169385	0.182339	0.173767	0.162645	0.138771	0.150955	0.141745	0.155459	0.137659	0.165888	0.154524	0.15198	0.15652	0.157112	0.151879	0.156521	0.154574	0.152582	0.142579	0.129015	0.136319	0.146322	0.137207	0.165377	0.137163	0.161457	0.140107	0.132839	0.108008	0.115368	0.121181	0.127195	0.12719	0.127269	0.137922	0.114139	0.141077	0.124646	0.139435	0.12154	0.117941	0.125164	0.131693	0.143798	0.148133	0.154583	0.16819	0.143162	0.140788	0.132786	0.107587	0	0.103772	0.108082	0.142412	0.144046	0.142085	0.13327	0.138142	0.149681	0.150041	0.175161	0.167807	0.164461	0.148379	0.173566	0.183084	0.170477	0.208184	0.171919	0.287439	0.329688	0.312466	0.294199	0.276009	0.273583	0.291193	0.28573	0.270911	0.286154	0.305722	0.310361	0.308083	0.303474	0.303075	0.25797	0.268776	0.266623	0.291507	0.284717	0.289151	0.253069	0.260561	0.262869	0.2551	0.264258	0.263028	0.25921	0.23953	0.233217	0.380494	0.382768	0.339975	0.351747	0.330672	0.314621	0.318224	0.241009	0.257526	0.304517	0.313123	0.250964	0.246375	0.286894	0.292308	0.276226	0.342044	0.319464	0.311341	0.315232	0.264786	0.258129	0.273374	0.276489	0.280265	0.314749	0.299739	0.31544	0.324016	0.314345	0.301761	0.341282	0.314455	0.32976	0.421016	0.403657	0.426007	0.409169	0.363989	0.366804	0.301612	0.302569	0.420346	0.444133	0.270456	0.282334	0.267307	0.267317	0.278725	0.278729	0.279955	0.275183	0.273979	0.26537	0.262441	0.294933	0.292947	0.388494	0.28348	0.288686	0.261346	0.3264	0.32801	0.333349	0.333254	0.2632	0.283805	0.28675	0.248512	0.255793	0.252262	0.252602	0.372956	0.424881	0.433542	0.419699	0.457623	0.433549	0.442193	0.444782	0.429869	0.425875	0.388544	0.390911	0.391991	0.39947	0.391279	0.379989	0.327179	0.320451	0.369466	0.37168	0.368253	0.367149	0.433165	0.434642	0.383428	0.391982	0.392251	0.287072	0.299507	0.28958	0.242661	0.298307	0.299139	0.276392	0.292828	0.291147	0.281248	0.337854	0.354039	0.305505	0.277057	0.30437	0.293928	0.299367	0.30437	0.294303	0.278208	0.295035	0.278872	0.230601	0.335152	0.324018	0.345498	0.250285	0.257153	0.273179	0.265121	0.262889	0.290027	0.294559	0.25211	0.221466	0.21864	0.226406	0.226446	0.227154	0.240051	0.251307	0.243843	0.269245	0.269834	0.262674	0.268774	0.26404	0.291142	0.329199	0.269341	0.285634	0.277699	0.309105
Pachycephala_philippinensis	0.241862	0.139056	0.143325	0.190799	0.163185	0.146087	0.172127	0.169889	0.130656	0.160978	0.173193	0.152307	0.168448	0.158829	0.164513	0.159791	0.145025	0.149387	0.166042	0.185919	0.158585	0.169669	0.163829	0.161519	0.179922	0.179112	0.173225	0.153078	0.155837	0.166707	0.158617	0.144936	0.186727	0.175275	0.185348	0.178596	0.179666	0.18099	0.175526	0.164768	0.177397	0.183359	0.158216	0.151114	0.154436	0.156508	0.140971	0.146283	0.142944	0.140094	0.147313	0.141816	0.140367	0.142367	0.14093	0.151362	0.147134	0.145629	0.153909	0.187992	0.186289	0.164737	0.164492	0.140395	0.143856	0.148417	0.141232	0.171854	0.173508	0.144492	0.171952	0.156524	0.146242	0.146323	0.155762	0.152595	0.169633	0.182587	0.174015	0.162892	0.139019	0.151202	0.141993	0.155706	0.137906	0.166135	0.154772	0.152228	0.156768	0.157359	0.152127	0.156769	0.154821	0.152829	0.142826	0.129263	0.136566	0.146569	0.137455	0.165625	0.137411	0.161704	0.140355	0.133087	0.108256	0.115615	0.121429	0.127443	0.127438	0.127517	0.13817	0.114387	0.141325	0.124894	0.139683	0.121788	0.118189	0.125412	0.13194	0.144046	0.148381	0.154831	0.168438	0.143409	0.141035	0.133034	0.107835	0.103772	0	0.10833	0.14266	0.144293	0.142333	0.133518	0.13839	0.149929	0.150289	0.175409	0.168055	0.164709	0.148626	0.173813	0.183331	0.170724	0.208432	0.172167	0.287686	0.329936	0.312714	0.294447	0.276256	0.273831	0.29144	0.285977	0.271158	0.286402	0.30597	0.310609	0.30833	0.303721	0.303323	0.258218	0.269024	0.26687	0.291755	0.284964	0.289398	0.253317	0.260809	0.263116	0.255348	0.264506	0.263276	0.259458	0.239778	0.233464	0.380742	0.383015	0.340222	0.351995	0.33092	0.314869	0.318472	0.241256	0.257773	0.304764	0.31337	0.251211	0.246622	0.287141	0.292555	0.276474	0.342292	0.319712	0.311589	0.31548	0.265033	0.258376	0.273622	0.276737	0.280513	0.314997	0.299987	0.315688	0.324263	0.314592	0.302009	0.34153	0.314702	0.330007	0.421263	0.403905	0.426255	0.409416	0.364237	0.367052	0.30186	0.302817	0.420593	0.444381	0.270703	0.282581	0.267555	0.267565	0.278973	0.278977	0.280203	0.275431	0.274226	0.265617	0.262689	0.29518	0.293195	0.388742	0.283727	0.288934	0.261594	0.326648	0.328258	0.333597	0.333502	0.263447	0.284053	0.286997	0.248759	0.25604	0.25251	0.25285	0.373204	0.425128	0.433789	0.419946	0.45787	0.433797	0.442441	0.445029	0.430117	0.426122	0.388792	0.391159	0.392238	0.399718	0.391527	0.380237	0.327426	0.320699	0.369713	0.371927	0.368501	0.367397	0.433413	0.434889	0.383675	0.39223	0.392499	0.287319	0.299755	0.289827	0.242909	0.298555	0.299387	0.276639	0.293076	0.291395	0.281495	0.338102	0.354286	0.305752	0.277304	0.304618	0.294175	0.299614	0.304618	0.29455	0.278456	0.295282	0.279119	0.230849	0.3354	0.324266	0.345745	0.250533	0.257401	0.273427	0.265369	0.263137	0.290274	0.294806	0.252357	0.221713	0.218888	0.226654	0.226694	0.227402	0.240298	0.251555	0.244091	0.269492	0.270082	0.262921	0.269022	0.264287	0.29139	0.329447	0.269588	0.285882	0.277946	0.309353
Ptilorrhoa_leucosticta	0.227546	0.12474	0.129009	0.176484	0.14887	0.131771	0.157812	0.155573	0.11634	0.146663	0.158877	0.137991	0.154132	0.144514	0.150198	0.145475	0.13071	0.135072	0.151727	0.171603	0.14427	0.155354	0.149514	0.147203	0.165606	0.164797	0.15891	0.138763	0.141521	0.152391	0.144302	0.130621	0.172412	0.160959	0.171032	0.164281	0.16535	0.166675	0.161211	0.150453	0.163081	0.169044	0.143901	0.136798	0.14012	0.142192	0.126655	0.131968	0.128629	0.125778	0.132998	0.127501	0.126052	0.128052	0.126614	0.137046	0.132819	0.131313	0.139593	0.173676	0.171973	0.150421	0.150177	0.126079	0.129541	0.134102	0.126916	0.157539	0.159192	0.130176	0.157636	0.142209	0.131926	0.132007	0.141447	0.13828	0.155318	0.168272	0.159699	0.148577	0.124703	0.136887	0.127677	0.141391	0.123591	0.15182	0.140456	0.137912	0.142452	0.143044	0.137811	0.142454	0.140506	0.138514	0.128511	0.114947	0.122251	0.132254	0.123139	0.151309	0.123095	0.147389	0.12604	0.118771	0.0939404	0.1013	0.107113	0.113127	0.113123	0.113201	0.123854	0.100071	0.127009	0.110578	0.125367	0.107472	0.103873	0.111096	0.117625	0.12973	0.134065	0.140515	0.154122	0.129094	0.12672	0.118719	0.103589	0.108082	0.10833	0	0.128345	0.129978	0.128017	0.119202	0.124074	0.135613	0.135973	0.161093	0.153739	0.150393	0.134311	0.159498	0.169016	0.156409	0.194116	0.157852	0.273371	0.31562	0.298398	0.280131	0.261941	0.259515	0.277125	0.271662	0.256843	0.272086	0.291655	0.296293	0.294015	0.289406	0.289007	0.243903	0.254709	0.252555	0.277439	0.270649	0.275083	0.239001	0.246493	0.248801	0.241032	0.25019	0.24896	0.245143	0.225462	0.219149	0.366426	0.3687	0.325907	0.33768	0.316604	0.300553	0.304156	0.226941	0.243458	0.290449	0.299055	0.236896	0.232307	0.272826	0.27824	0.262159	0.327976	0.305396	0.297273	0.301164	0.250718	0.244061	0.259306	0.262421	0.266198	0.300681	0.285671	0.301372	0.309948	0.300277	0.287693	0.327214	0.300387	0.315692	0.406948	0.38959	0.411939	0.395101	0.349921	0.352736	0.287545	0.288502	0.406278	0.430065	0.256388	0.268266	0.253239	0.253249	0.264657	0.264661	0.265888	0.261115	0.259911	0.251302	0.248374	0.280865	0.278879	0.374426	0.269412	0.274618	0.247278	0.312333	0.313942	0.319281	0.319186	0.249132	0.269737	0.272682	0.234444	0.241725	0.238194	0.238534	0.358888	0.410813	0.419474	0.405631	0.443555	0.419481	0.428125	0.430714	0.415801	0.411807	0.374476	0.376843	0.377923	0.385403	0.377211	0.365921	0.313111	0.306384	0.355398	0.357612	0.354185	0.353081	0.419097	0.420574	0.36936	0.377914	0.378183	0.273004	0.285439	0.275512	0.228593	0.284239	0.285071	0.262324	0.27876	0.277079	0.26718	0.323787	0.339971	0.291437	0.262989	0.290303	0.27986	0.285299	0.290303	0.280235	0.26414	0.280967	0.264804	0.216533	0.321085	0.30995	0.33143	0.236217	0.243085	0.259112	0.251053	0.248821	0.275959	0.280491	0.238042	0.207398	0.204573	0.212338	0.212378	0.213086	0.225983	0.237239	0.229776	0.255177	0.255766	0.248606	0.254706	0.249972	0.277074	0.315131	0.255273	0.271566	0.263631	0.295037
Dyaphorophyia_castanea	0.251347	0.157883	0.162152	0.209626	0.182012	0.164914	0.190954	0.188716	0.149483	0.179805	0.19202	0.171134	0.187275	0.177656	0.18334	0.178618	0.163852	0.168214	0.184869	0.204746	0.177412	0.188496	0.182656	0.180346	0.198749	0.197939	0.192052	0.171905	0.174664	0.185534	0.177445	0.163763	0.205555	0.194102	0.204175	0.197423	0.198493	0.199817	0.194353	0.183595	0.196224	0.202186	0.177043	0.169941	0.173263	0.175335	0.159798	0.16511	0.161771	0.158921	0.16614	0.160643	0.159194	0.161194	0.159757	0.170189	0.165961	0.164456	0.172736	0.206819	0.205116	0.183564	0.183319	0.159222	0.162683	0.167244	0.160059	0.190681	0.192335	0.163319	0.190779	0.175351	0.165069	0.16515	0.174589	0.171422	0.18846	0.201414	0.192842	0.181719	0.157846	0.170029	0.16082	0.174533	0.156733	0.184962	0.173599	0.171055	0.175595	0.176186	0.170954	0.175596	0.173648	0.171656	0.161653	0.14809	0.155393	0.165396	0.156282	0.184452	0.156238	0.180531	0.159182	0.151914	0.127083	0.134442	0.140256	0.14627	0.146265	0.146344	0.156997	0.133214	0.160152	0.143721	0.15851	0.140615	0.137016	0.144239	0.150767	0.162873	0.167208	0.173658	0.187265	0.162236	0.159862	0.151861	0.13792	0.142412	0.14266	0.128345	0	0.0907907	0.0888306	0.0847216	0.0895958	0.13603	0.14423	0.184894	0.17754	0.174194	0.158112	0.183299	0.192817	0.18021	0.217917	0.181652	0.297172	0.339421	0.322199	0.303932	0.285741	0.283316	0.300926	0.295462	0.280644	0.295887	0.315455	0.320094	0.317816	0.313206	0.312808	0.267703	0.278509	0.276355	0.30124	0.29445	0.298884	0.262802	0.270294	0.272602	0.264833	0.273991	0.272761	0.268943	0.249263	0.242949	0.390227	0.392501	0.349707	0.36148	0.340405	0.324354	0.327957	0.250741	0.267259	0.314249	0.322855	0.260697	0.256108	0.296626	0.30204	0.285959	0.351777	0.329197	0.321074	0.324965	0.274518	0.267861	0.283107	0.286222	0.289998	0.324482	0.309472	0.325173	0.333749	0.324078	0.311494	0.351015	0.324188	0.339492	0.430748	0.41339	0.43574	0.418902	0.373722	0.376537	0.311345	0.312302	0.430078	0.453866	0.280189	0.292066	0.27704	0.27705	0.288458	0.288462	0.289688	0.284916	0.283711	0.275103	0.272174	0.304666	0.30268	0.398227	0.293213	0.298419	0.271079	0.336133	0.337743	0.343082	0.342987	0.272933	0.293538	0.296483	0.258245	0.265526	0.261995	0.262335	0.382689	0.434614	0.443275	0.429432	0.467355	0.443282	0.451926	0.454515	0.439602	0.435608	0.398277	0.400644	0.401723	0.409203	0.401012	0.389722	0.336911	0.330184	0.379199	0.381412	0.377986	0.376882	0.442898	0.444375	0.39316	0.401715	0.401984	0.296804	0.30924	0.299313	0.252394	0.30804	0.308872	0.286124	0.302561	0.30088	0.290981	0.347587	0.363772	0.315238	0.28679	0.314103	0.303661	0.3091	0.314103	0.304035	0.287941	0.304767	0.288604	0.240334	0.344885	0.333751	0.355231	0.260018	0.266886	0.282912	0.274854	0.272622	0.299759	0.304292	0.261842	0.231198	0.228373	0.236139	0.236179	0.236887	0.249784	0.26104	0.253576	0.278978	0.279567	0.272406	0.278507	0.273773	0.300875	0.338932	0.279074	0.295367	0.287432	0.318838
Gymnorhina_tibicen	0.25298	0.159516	0.163785	0.211259	0.183645	0.166547	0.192587	0.190349	0.151116	0.181438	0.193653	0.172767	0.188908	0.179289	0.184973	0.180251	0.165486	0.169847	0.186502	0.206379	0.179045	0.190129	0.184289	0.181979	0.200382	0.199572	0.193685	0.173538	0.176297	0.187167	0.179078	0.165396	0.207188	0.195735	0.205808	0.199056	0.200126	0.20145	0.195987	0.185229	0.197857	0.203819	0.178676	0.171574	0.174896	0.176968	0.161431	0.166743	0.163405	0.160554	0.167774	0.162276	0.160827	0.162827	0.16139	0.171822	0.167594	0.166089	0.174369	0.208452	0.206749	0.185197	0.184952	0.160855	0.164316	0.168877	0.161692	0.192314	0.193968	0.164952	0.192412	0.176984	0.166702	0.166783	0.176222	0.173055	0.190093	0.203047	0.194475	0.183353	0.159479	0.171662	0.162453	0.176166	0.158366	0.186595	0.175232	0.172688	0.177228	0.177819	0.172587	0.177229	0.175281	0.173289	0.163287	0.149723	0.157027	0.167029	0.157915	0.186085	0.157871	0.182164	0.160815	0.153547	0.128716	0.136076	0.141889	0.147903	0.147898	0.147977	0.15863	0.134847	0.161785	0.145354	0.160143	0.142248	0.138649	0.145872	0.1524	0.164506	0.168841	0.175291	0.188898	0.16387	0.161495	0.153494	0.139553	0.144046	0.144293	0.129978	0.0907907	0	0.0824153	0.0863547	0.0912288	0.137663	0.145863	0.186527	0.179173	0.175827	0.159745	0.184932	0.19445	0.181843	0.21955	0.183285	0.298805	0.341054	0.323832	0.305565	0.287374	0.284949	0.302559	0.297096	0.282277	0.29752	0.317088	0.321727	0.319449	0.31484	0.314441	0.269336	0.280142	0.277989	0.302873	0.296083	0.300517	0.264435	0.271927	0.274235	0.266466	0.275624	0.274394	0.270576	0.250896	0.244583	0.39186	0.394134	0.351341	0.363113	0.342038	0.325987	0.32959	0.252374	0.268892	0.315883	0.324488	0.26233	0.257741	0.29826	0.303673	0.287592	0.35341	0.33083	0.322707	0.326598	0.276152	0.269495	0.28474	0.287855	0.291631	0.326115	0.311105	0.326806	0.335382	0.325711	0.313127	0.352648	0.325821	0.341125	0.432381	0.415023	0.437373	0.420535	0.375355	0.37817	0.312978	0.313935	0.431711	0.455499	0.281822	0.293699	0.278673	0.278683	0.290091	0.290095	0.291321	0.286549	0.285345	0.276736	0.273807	0.306299	0.304313	0.39986	0.294846	0.300052	0.272712	0.337766	0.339376	0.344715	0.34462	0.274566	0.295171	0.298116	0.259878	0.267159	0.263628	0.263968	0.384322	0.436247	0.444908	0.431065	0.468989	0.444915	0.453559	0.456148	0.441235	0.437241	0.39991	0.402277	0.403356	0.410836	0.402645	0.391355	0.338545	0.331817	0.380832	0.383045	0.379619	0.378515	0.444531	0.446008	0.394794	0.403348	0.403617	0.298438	0.310873	0.300946	0.254027	0.309673	0.310505	0.287758	0.304194	0.302513	0.292614	0.34922	0.365405	0.316871	0.288423	0.315736	0.305294	0.310733	0.315736	0.305669	0.289574	0.3064	0.290238	0.241967	0.346518	0.335384	0.356864	0.261651	0.268519	0.284545	0.276487	0.274255	0.301392	0.305925	0.263476	0.232832	0.230006	0.237772	0.237812	0.23852	0.251417	0.262673	0.255209	0.280611	0.2812	0.27404	0.28014	0.275406	0.302508	0.340565	0.280707	0.297	0.289065	0.320471
Mystacornis_crossleyi	0.25102	0.157556	0.161825	0.209299	0.181685	0.164587	0.190627	0.188389	0.149156	0.179478	0.191693	0.170807	0.186948	0.177329	0.183013	0.17829	0.163525	0.167887	0.184542	0.204419	0.177085	0.188169	0.182329	0.180018	0.198422	0.197612	0.191725	0.171578	0.174337	0.185207	0.177117	0.163436	0.205227	0.193775	0.203848	0.197096	0.198166	0.19949	0.194026	0.183268	0.195897	0.201859	0.176716	0.169613	0.172936	0.175008	0.159471	0.164783	0.161444	0.158594	0.165813	0.160316	0.158867	0.160867	0.159429	0.169862	0.165634	0.164129	0.172409	0.206492	0.204789	0.183237	0.182992	0.158895	0.162356	0.166917	0.159732	0.190354	0.192008	0.162992	0.190452	0.175024	0.164742	0.164823	0.174262	0.171095	0.188133	0.201087	0.192514	0.181392	0.157519	0.169702	0.160492	0.174206	0.156406	0.184635	0.173271	0.170728	0.175268	0.175859	0.170627	0.175269	0.173321	0.171329	0.161326	0.147763	0.155066	0.165069	0.155955	0.184125	0.155911	0.180204	0.158855	0.151587	0.126756	0.134115	0.139929	0.145943	0.145938	0.146017	0.15667	0.132887	0.159824	0.143394	0.158182	0.140288	0.136689	0.143912	0.15044	0.162546	0.166881	0.173331	0.186938	0.161909	0.159535	0.151534	0.137592	0.142085	0.142333	0.128017	0.0888306	0.0824153	0	0.0843945	0.0892687	0.135703	0.143903	0.184567	0.177213	0.173867	0.157784	0.182971	0.19249	0.179883	0.21759	0.181325	0.296845	0.339094	0.321872	0.303605	0.285414	0.282989	0.300598	0.295135	0.280316	0.29556	0.315128	0.319767	0.317488	0.312879	0.312481	0.267376	0.278182	0.276028	0.300913	0.294123	0.298557	0.262475	0.269967	0.272274	0.264506	0.273664	0.272434	0.268616	0.248936	0.242622	0.3899	0.392174	0.34938	0.361153	0.340078	0.324027	0.32763	0.250414	0.266931	0.313922	0.322528	0.260369	0.255781	0.296299	0.301713	0.285632	0.35145	0.32887	0.320747	0.324638	0.274191	0.267534	0.28278	0.285895	0.289671	0.324155	0.309145	0.324846	0.333422	0.32375	0.311167	0.350688	0.323861	0.339165	0.430421	0.413063	0.435413	0.418574	0.373395	0.37621	0.311018	0.311975	0.429751	0.453539	0.279862	0.291739	0.276713	0.276723	0.288131	0.288135	0.289361	0.284589	0.283384	0.274776	0.271847	0.304338	0.302353	0.3979	0.292885	0.298092	0.270752	0.335806	0.337416	0.342755	0.34266	0.272606	0.293211	0.296156	0.257917	0.265199	0.261668	0.262008	0.382362	0.434287	0.442948	0.429105	0.467028	0.442955	0.451599	0.454187	0.439275	0.43528	0.39795	0.400317	0.401396	0.408876	0.400685	0.389395	0.336584	0.329857	0.378872	0.381085	0.377659	0.376555	0.442571	0.444048	0.392833	0.401388	0.401657	0.296477	0.308913	0.298986	0.252067	0.307713	0.308545	0.285797	0.302234	0.300553	0.290653	0.34726	0.363444	0.314911	0.286462	0.313776	0.303334	0.308773	0.313776	0.303708	0.287614	0.30444	0.288277	0.240007	0.344558	0.333424	0.354904	0.259691	0.266559	0.282585	0.274527	0.272295	0.299432	0.303965	0.261515	0.230871	0.228046	0.235812	0.235852	0.23656	0.249457	0.260713	0.253249	0.27865	0.27924	0.272079	0.27818	0.273445	0.300548	0.338605	0.278746	0.29504	0.287104	0.318511
Machaerirhynchus_nigripectus	0.242204	0.148741	0.153009	0.200484	0.17287	0.155772	0.181812	0.179574	0.140341	0.170663	0.182877	0.161992	0.178133	0.168514	0.174198	0.169475	0.15471	0.159072	0.175727	0.195603	0.16827	0.179354	0.173514	0.171203	0.189606	0.188797	0.18291	0.162763	0.165521	0.176391	0.168302	0.154621	0.196412	0.184959	0.195033	0.188281	0.189351	0.190675	0.185211	0.174453	0.187081	0.193044	0.167901	0.160798	0.16412	0.166193	0.150655	0.155968	0.152629	0.149778	0.156998	0.151501	0.150052	0.152052	0.150614	0.161046	0.156819	0.155313	0.163593	0.197677	0.195974	0.174421	0.174177	0.15008	0.153541	0.158102	0.150917	0.181539	0.183193	0.154176	0.181636	0.166209	0.155926	0.156007	0.165447	0.16228	0.179318	0.192272	0.183699	0.172577	0.148703	0.160887	0.151677	0.165391	0.147591	0.17582	0.164456	0.161913	0.166453	0.167044	0.161811	0.166454	0.164506	0.162514	0.152511	0.138947	0.146251	0.156254	0.14714	0.175309	0.147096	0.171389	0.15004	0.142771	0.117941	0.1253	0.131114	0.137128	0.137123	0.137201	0.147855	0.124071	0.151009	0.134579	0.149367	0.131472	0.127873	0.135097	0.141625	0.153731	0.158066	0.164515	0.178123	0.153094	0.15072	0.142719	0.128777	0.13327	0.133518	0.119202	0.0847216	0.0863547	0.0843945	0	0.0804534	0.126888	0.135088	0.175752	0.168397	0.165052	0.148969	0.174156	0.183674	0.171067	0.208775	0.17251	0.288029	0.330279	0.313056	0.294789	0.276599	0.274174	0.291783	0.28632	0.271501	0.286745	0.306313	0.310952	0.308673	0.304064	0.303665	0.258561	0.269367	0.267213	0.292098	0.285307	0.289741	0.25366	0.261152	0.263459	0.255691	0.264849	0.263619	0.259801	0.24012	0.233807	0.381085	0.383358	0.340565	0.352338	0.331263	0.315211	0.318815	0.241599	0.258116	0.305107	0.313713	0.251554	0.246965	0.287484	0.292898	0.276817	0.342635	0.320055	0.311932	0.315823	0.265376	0.258719	0.273964	0.277079	0.280856	0.31534	0.30033	0.31603	0.324606	0.314935	0.302352	0.341873	0.315045	0.33035	0.421606	0.404248	0.426597	0.409759	0.36458	0.367395	0.302203	0.30316	0.420936	0.444723	0.271046	0.282924	0.267898	0.267907	0.279316	0.27932	0.280546	0.275774	0.274569	0.26596	0.263032	0.295523	0.293538	0.389084	0.28407	0.289277	0.261937	0.326991	0.328601	0.333939	0.333845	0.26379	0.284396	0.28734	0.249102	0.256383	0.252853	0.253193	0.373547	0.425471	0.434132	0.420289	0.458213	0.434139	0.442784	0.445372	0.43046	0.426465	0.389135	0.391502	0.392581	0.400061	0.39187	0.38058	0.327769	0.321042	0.370056	0.37227	0.368844	0.36774	0.433756	0.435232	0.384018	0.392572	0.392841	0.287662	0.300097	0.29017	0.243251	0.298898	0.29973	0.276982	0.293419	0.291738	0.281838	0.338445	0.354629	0.306095	0.277647	0.304961	0.294518	0.299957	0.304961	0.294893	0.278798	0.295625	0.279462	0.231191	0.335743	0.324608	0.346088	0.250876	0.257744	0.27377	0.265712	0.26348	0.290617	0.295149	0.2527	0.222056	0.219231	0.226997	0.227036	0.227744	0.240641	0.251897	0.244434	0.269835	0.270424	0.263264	0.269365	0.26463	0.291733	0.32979	0.269931	0.286225	0.278289	0.309696
Rhagologus_leucostigma	0.247077	0.153613	0.157882	0.205356	0.177742	0.160644	0.186684	0.184446	0.145213	0.175535	0.187749	0.166864	0.183005	0.173386	0.17907	0.174347	0.159582	0.163944	0.180599	0.200475	0.173142	0.184226	0.178386	0.176075	0.194478	0.193669	0.187782	0.167635	0.170393	0.181263	0.173174	0.159493	0.201284	0.189831	0.199905	0.193153	0.194223	0.195547	0.190083	0.179325	0.191954	0.197916	0.172773	0.16567	0.168992	0.171065	0.155527	0.16084	0.157501	0.154651	0.16187	0.156373	0.154924	0.156924	0.155486	0.165919	0.161691	0.160186	0.168466	0.202549	0.200846	0.179293	0.179049	0.154952	0.158413	0.162974	0.155789	0.186411	0.188065	0.159049	0.186509	0.171081	0.160798	0.16088	0.170319	0.167152	0.18419	0.197144	0.188571	0.177449	0.153576	0.165759	0.156549	0.170263	0.152463	0.180692	0.169328	0.166785	0.171325	0.171916	0.166684	0.171326	0.169378	0.167386	0.157383	0.143819	0.151123	0.161126	0.152012	0.180181	0.151968	0.176261	0.154912	0.147643	0.122813	0.130172	0.135986	0.142	0.141995	0.142073	0.152727	0.128944	0.155881	0.139451	0.154239	0.136344	0.132746	0.139969	0.146497	0.158603	0.162938	0.169388	0.182995	0.157966	0.155592	0.147591	0.133649	0.138142	0.13839	0.124074	0.0895958	0.0912288	0.0892687	0.0804534	0	0.13176	0.13996	0.180624	0.17327	0.169924	0.153841	0.179028	0.188546	0.175939	0.213647	0.177382	0.292901	0.335151	0.317929	0.299662	0.281471	0.279046	0.296655	0.291192	0.276373	0.291617	0.311185	0.315824	0.313545	0.308936	0.308538	0.263433	0.274239	0.272085	0.29697	0.290179	0.294613	0.258532	0.266024	0.268331	0.260563	0.269721	0.268491	0.264673	0.244992	0.238679	0.385957	0.38823	0.345437	0.35721	0.336135	0.320084	0.323687	0.246471	0.262988	0.309979	0.318585	0.256426	0.251837	0.292356	0.29777	0.281689	0.347507	0.324927	0.316804	0.320695	0.270248	0.263591	0.278837	0.281952	0.285728	0.320212	0.305202	0.320903	0.329478	0.319807	0.307224	0.346745	0.319917	0.335222	0.426478	0.40912	0.43147	0.414631	0.369452	0.372267	0.307075	0.308032	0.425808	0.449596	0.275918	0.287796	0.27277	0.27278	0.284188	0.284192	0.285418	0.280646	0.279441	0.270832	0.267904	0.300395	0.29841	0.393957	0.288942	0.294149	0.266809	0.331863	0.333473	0.338812	0.338717	0.268662	0.289268	0.292212	0.253974	0.261255	0.257725	0.258065	0.378419	0.430343	0.439004	0.425161	0.463085	0.439012	0.447656	0.450244	0.435332	0.431337	0.394007	0.396374	0.397453	0.404933	0.396742	0.385452	0.332641	0.325914	0.374928	0.377142	0.373716	0.372612	0.438628	0.440104	0.38889	0.397445	0.397714	0.292534	0.30497	0.295042	0.248124	0.30377	0.304602	0.281854	0.298291	0.29661	0.28671	0.343317	0.359501	0.310967	0.282519	0.309833	0.29939	0.304829	0.309833	0.299765	0.283671	0.300497	0.284334	0.236064	0.340615	0.329481	0.35096	0.255748	0.262616	0.278642	0.270584	0.268352	0.295489	0.300021	0.257572	0.226928	0.224103	0.231869	0.231909	0.232617	0.245513	0.256769	0.249306	0.274707	0.275297	0.268136	0.274237	0.269502	0.296605	0.334662	0.274803	0.291097	0.283161	0.314568
Pomatostomus_ruficeps	0.258616	0.165152	0.169421	0.216895	0.189281	0.172183	0.198223	0.195985	0.156752	0.187074	0.199289	0.178403	0.194544	0.184925	0.190609	0.185886	0.171121	0.175483	0.192138	0.212014	0.184681	0.195765	0.189925	0.187614	0.206017	0.205208	0.199321	0.179174	0.181933	0.192802	0.184713	0.171032	0.212823	0.201371	0.211444	0.204692	0.205762	0.207086	0.201622	0.190864	0.203493	0.209455	0.184312	0.177209	0.180531	0.182604	0.167067	0.172379	0.16904	0.16619	0.173409	0.167912	0.166463	0.168463	0.167025	0.177458	0.17323	0.171725	0.180005	0.214088	0.212385	0.190832	0.190588	0.166491	0.169952	0.174513	0.167328	0.19795	0.199604	0.170588	0.198048	0.18262	0.172337	0.172419	0.181858	0.178691	0.195729	0.208683	0.20011	0.188988	0.165115	0.177298	0.168088	0.181802	0.164002	0.192231	0.180867	0.178324	0.182864	0.183455	0.178223	0.182865	0.180917	0.178925	0.168922	0.155358	0.162662	0.172665	0.163551	0.191721	0.163507	0.1878	0.166451	0.159183	0.134352	0.141711	0.147525	0.153539	0.153534	0.153613	0.164266	0.140483	0.16742	0.15099	0.165778	0.147883	0.144285	0.151508	0.158036	0.170142	0.174477	0.180927	0.194534	0.169505	0.167131	0.15913	0.145188	0.149681	0.149929	0.135613	0.13603	0.137663	0.135703	0.126888	0.13176	0	0.151499	0.192163	0.184809	0.181463	0.16538	0.190567	0.200086	0.187478	0.225186	0.188921	0.30444	0.34669	0.329468	0.311201	0.29301	0.290585	0.308194	0.302731	0.287912	0.303156	0.322724	0.327363	0.325084	0.320475	0.320077	0.274972	0.285778	0.283624	0.308509	0.301718	0.306153	0.270071	0.277563	0.27987	0.272102	0.28126	0.28003	0.276212	0.256532	0.250218	0.397496	0.399769	0.356976	0.368749	0.347674	0.331623	0.335226	0.25801	0.274527	0.321518	0.330124	0.267965	0.263377	0.303895	0.309309	0.293228	0.359046	0.336466	0.328343	0.332234	0.281787	0.27513	0.290376	0.293491	0.297267	0.331751	0.316741	0.332442	0.341018	0.331346	0.318763	0.358284	0.331457	0.346761	0.438017	0.420659	0.443009	0.42617	0.380991	0.383806	0.318614	0.319571	0.437347	0.461135	0.287457	0.299335	0.284309	0.284319	0.295727	0.295731	0.296957	0.292185	0.29098	0.282372	0.279443	0.311934	0.309949	0.405496	0.300481	0.305688	0.278348	0.343402	0.345012	0.350351	0.350256	0.280202	0.300807	0.303751	0.265513	0.272795	0.269264	0.269604	0.389958	0.441882	0.450544	0.4367	0.474624	0.450551	0.459195	0.461783	0.446871	0.442876	0.405546	0.407913	0.408992	0.416472	0.408281	0.396991	0.34418	0.337453	0.386468	0.388681	0.385255	0.384151	0.450167	0.451643	0.400429	0.408984	0.409253	0.304073	0.316509	0.306581	0.259663	0.315309	0.316141	0.293393	0.30983	0.308149	0.298249	0.354856	0.37104	0.322506	0.294058	0.321372	0.310929	0.316368	0.321372	0.311304	0.29521	0.312036	0.295873	0.247603	0.352154	0.34102	0.3625	0.267287	0.274155	0.290181	0.282123	0.279891	0.307028	0.31156	0.269111	0.238467	0.235642	0.243408	0.243448	0.244156	0.257052	0.268309	0.260845	0.286246	0.286836	0.279675	0.285776	0.281041	0.308144	0.346201	0.286342	0.302636	0.2947	0.326107
Orthonyx_spaldingii	0.258976	0.165512	0.169781	0.217255	0.189641	0.172543	0.198583	0.196345	0.157112	0.187434	0.199648	0.178763	0.194904	0.185285	0.190969	0.186246	0.171481	0.175843	0.192498	0.212374	0.185041	0.196125	0.190285	0.187974	0.206377	0.205568	0.199681	0.179534	0.182292	0.193162	0.185073	0.171392	0.213183	0.201731	0.211804	0.205052	0.206122	0.207446	0.201982	0.191224	0.203853	0.209815	0.184672	0.177569	0.180891	0.182964	0.167426	0.172739	0.1694	0.16655	0.173769	0.168272	0.166823	0.168823	0.167385	0.177818	0.17359	0.172085	0.180365	0.214448	0.212745	0.191192	0.190948	0.166851	0.170312	0.174873	0.167688	0.19831	0.199964	0.170948	0.198408	0.18298	0.172697	0.172779	0.182218	0.179051	0.196089	0.209043	0.20047	0.189348	0.165475	0.177658	0.168448	0.182162	0.164362	0.192591	0.181227	0.178684	0.183224	0.183815	0.178583	0.183225	0.181277	0.179285	0.169282	0.155718	0.163022	0.173025	0.163911	0.19208	0.163867	0.18816	0.166811	0.159542	0.134712	0.142071	0.147885	0.153899	0.153894	0.153972	0.164626	0.140843	0.16778	0.15135	0.166138	0.148243	0.144645	0.151868	0.158396	0.170502	0.174837	0.181287	0.194894	0.169865	0.167491	0.15949	0.145548	0.150041	0.150289	0.135973	0.14423	0.145863	0.143903	0.135088	0.13996	0.151499	0	0.192523	0.185169	0.181823	0.16574	0.190927	0.200445	0.187838	0.225546	0.189281	0.3048	0.34705	0.329828	0.311561	0.29337	0.290945	0.308554	0.303091	0.288272	0.303516	0.323084	0.327723	0.325444	0.320835	0.320437	0.275332	0.286138	0.283984	0.308869	0.302078	0.306512	0.270431	0.277923	0.28023	0.272462	0.28162	0.28039	0.276572	0.256892	0.250578	0.397856	0.400129	0.357336	0.369109	0.348034	0.331983	0.335586	0.25837	0.274887	0.321878	0.330484	0.268325	0.263736	0.304255	0.309669	0.293588	0.359406	0.336826	0.328703	0.332594	0.282147	0.27549	0.290736	0.293851	0.297627	0.332111	0.317101	0.332802	0.341377	0.331706	0.319123	0.358644	0.331816	0.347121	0.438377	0.421019	0.443369	0.42653	0.381351	0.384166	0.318974	0.319931	0.437707	0.461495	0.287817	0.299695	0.284669	0.284679	0.296087	0.296091	0.297317	0.292545	0.29134	0.282731	0.279803	0.312294	0.310309	0.405856	0.300841	0.306048	0.278708	0.343762	0.345372	0.350711	0.350616	0.280561	0.301167	0.304111	0.265873	0.273154	0.269624	0.269964	0.390318	0.442242	0.450903	0.43706	0.474984	0.450911	0.459555	0.462143	0.447231	0.443236	0.405906	0.408273	0.409352	0.416832	0.408641	0.397351	0.34454	0.337813	0.386827	0.389041	0.385615	0.384511	0.450527	0.452003	0.400789	0.409344	0.409613	0.304433	0.316869	0.306941	0.260023	0.315669	0.316501	0.293753	0.31019	0.308509	0.298609	0.355216	0.3714	0.322866	0.294418	0.321732	0.311289	0.316728	0.321732	0.311664	0.29557	0.312396	0.296233	0.247963	0.352514	0.34138	0.362859	0.267647	0.274515	0.290541	0.282483	0.280251	0.307388	0.31192	0.269471	0.238827	0.236002	0.243768	0.243808	0.244516	0.257412	0.268669	0.261205	0.286606	0.287196	0.280035	0.286136	0.281401	0.308504	0.346561	0.286702	0.302996	0.29506	0.326467
Dasyornis_broadbenti	0.257116	0.190632	0.194901	0.242375	0.214761	0.197663	0.223703	0.221465	0.182232	0.212554	0.224769	0.203883	0.220024	0.210405	0.216089	0.211366	0.196601	0.200963	0.217618	0.237495	0.210161	0.221245	0.215405	0.213094	0.231498	0.230688	0.224801	0.204654	0.207413	0.218283	0.210193	0.196512	0.238303	0.226851	0.236924	0.230172	0.231242	0.232566	0.227102	0.216344	0.228973	0.234935	0.209792	0.202689	0.206012	0.208084	0.192547	0.197859	0.19452	0.19167	0.198889	0.193392	0.191943	0.193943	0.192505	0.202938	0.19871	0.197205	0.205485	0.239568	0.237865	0.216313	0.216068	0.191971	0.195432	0.199993	0.192808	0.22343	0.225084	0.196068	0.223528	0.2081	0.197818	0.197899	0.207338	0.204171	0.221209	0.234163	0.22559	0.214468	0.190595	0.202778	0.193568	0.207282	0.189482	0.217711	0.206347	0.203804	0.208344	0.208935	0.203703	0.208345	0.206397	0.204405	0.194402	0.180839	0.188142	0.198145	0.189031	0.217201	0.188987	0.21328	0.191931	0.184663	0.159832	0.167191	0.173005	0.179019	0.179014	0.179093	0.189746	0.165963	0.1929	0.17647	0.191258	0.173364	0.169765	0.176988	0.183516	0.195622	0.199957	0.206407	0.220014	0.194985	0.192611	0.18461	0.170668	0.175161	0.175409	0.161093	0.184894	0.186527	0.184567	0.175752	0.180624	0.192163	0.192523	0	0.161035	0.157689	0.141607	0.166794	0.198586	0.185979	0.223686	0.187422	0.302941	0.34519	0.327968	0.309701	0.291511	0.289085	0.306695	0.301232	0.286413	0.301656	0.321225	0.325864	0.323585	0.318976	0.318577	0.273473	0.284279	0.282125	0.307009	0.300219	0.304653	0.268571	0.276063	0.278371	0.270602	0.27976	0.27853	0.274713	0.255032	0.248719	0.395996	0.39827	0.355477	0.36725	0.346174	0.330123	0.333726	0.256511	0.273028	0.320019	0.328625	0.266466	0.261877	0.302396	0.30781	0.291729	0.357546	0.334966	0.326843	0.330734	0.280288	0.273631	0.288876	0.291991	0.295768	0.330251	0.315241	0.330942	0.339518	0.329847	0.317263	0.356784	0.329957	0.345262	0.436518	0.41916	0.441509	0.424671	0.379491	0.382306	0.317115	0.318072	0.435848	0.459635	0.285958	0.297836	0.282809	0.282819	0.294227	0.294231	0.295458	0.290685	0.289481	0.280872	0.277944	0.310435	0.308449	0.403996	0.298982	0.304188	0.276848	0.341903	0.343512	0.348851	0.348756	0.278702	0.299307	0.302252	0.264014	0.271295	0.267764	0.268104	0.388458	0.440383	0.449044	0.435201	0.473125	0.449051	0.457695	0.460284	0.445371	0.441377	0.404046	0.406413	0.407493	0.414973	0.406782	0.395491	0.342681	0.335954	0.384968	0.387182	0.383755	0.382651	0.448667	0.450144	0.39893	0.407484	0.407753	0.302574	0.315009	0.305082	0.258163	0.31381	0.314641	0.291894	0.308331	0.306649	0.29675	0.353357	0.369541	0.321007	0.292559	0.319873	0.30943	0.314869	0.319873	0.309805	0.29371	0.310537	0.294374	0.246103	0.350655	0.33952	0.361	0.265787	0.272655	0.288682	0.280623	0.278391	0.305529	0.310061	0.267612	0.236968	0.234143	0.241908	0.241948	0.242656	0.255553	0.266809	0.259346	0.284747	0.285336	0.278176	0.284276	0.279542	0.306644	0.344701	0.284843	0.301136	0.293201	0.324607
Grantiella_picta	0.249762	0.183277	0.187546	0.235021	0.207407	0.190309	0.216349	0.214111	0.174877	0.2052	0.217414	0.196528	0.21267	0.203051	0.208735	0.204012	0.189247	0.193609	0.210264	0.23014	0.202807	0.213891	0.208051	0.20574	0.224143	0.223334	0.217447	0.1973	0.200058	0.210928	0.202839	0.189158	0.230949	0.219496	0.22957	0.222818	0.223887	0.225212	0.219748	0.20899	0.221618	0.227581	0.202438	0.195335	0.198657	0.20073	0.185192	0.190505	0.187166	0.184315	0.191535	0.186038	0.184589	0.186589	0.185151	0.195583	0.191356	0.18985	0.19813	0.232214	0.230511	0.208958	0.208714	0.184617	0.188078	0.192639	0.185454	0.216076	0.217729	0.188713	0.216173	0.200746	0.190463	0.190544	0.199984	0.196817	0.213855	0.226809	0.218236	0.207114	0.18324	0.195424	0.186214	0.199928	0.182128	0.210357	0.198993	0.19645	0.20099	0.201581	0.196348	0.200991	0.199043	0.197051	0.187048	0.173484	0.180788	0.190791	0.181676	0.209846	0.181632	0.205926	0.184577	0.177308	0.152477	0.159837	0.165651	0.171665	0.17166	0.171738	0.182392	0.158608	0.185546	0.169116	0.183904	0.166009	0.16241	0.169634	0.176162	0.188267	0.192602	0.199052	0.212659	0.187631	0.185257	0.177256	0.163314	0.167807	0.168055	0.153739	0.17754	0.179173	0.177213	0.168397	0.17327	0.184809	0.185169	0.161035	0	0.140676	0.124593	0.158383	0.191232	0.178625	0.216332	0.180067	0.295587	0.337836	0.320614	0.302347	0.284156	0.281731	0.29934	0.293877	0.279059	0.294302	0.31387	0.318509	0.31623	0.311621	0.311223	0.266118	0.276924	0.27477	0.299655	0.292865	0.297299	0.261217	0.268709	0.271017	0.263248	0.272406	0.271176	0.267358	0.247678	0.241364	0.388642	0.390916	0.348122	0.359895	0.33882	0.322769	0.326372	0.249156	0.265674	0.312664	0.32127	0.259112	0.254523	0.295041	0.300455	0.284374	0.350192	0.327612	0.319489	0.32338	0.272933	0.266276	0.281522	0.284637	0.288413	0.322897	0.307887	0.323588	0.332164	0.322492	0.309909	0.34943	0.322603	0.337907	0.429163	0.411805	0.434155	0.417317	0.372137	0.374952	0.30976	0.310717	0.428493	0.452281	0.278604	0.290481	0.275455	0.275465	0.286873	0.286877	0.288103	0.283331	0.282126	0.273518	0.270589	0.303081	0.301095	0.396642	0.291628	0.296834	0.269494	0.334548	0.336158	0.341497	0.341402	0.271348	0.291953	0.294898	0.256659	0.263941	0.26041	0.26075	0.381104	0.433029	0.44169	0.427847	0.46577	0.441697	0.450341	0.45293	0.438017	0.434023	0.396692	0.399059	0.400138	0.407618	0.399427	0.388137	0.335326	0.328599	0.377614	0.379827	0.376401	0.375297	0.441313	0.44279	0.391575	0.40013	0.400399	0.295219	0.307655	0.297728	0.250809	0.306455	0.307287	0.284539	0.300976	0.299295	0.289396	0.346002	0.362187	0.313653	0.285204	0.312518	0.302076	0.307515	0.312518	0.30245	0.286356	0.303182	0.287019	0.238749	0.3433	0.332166	0.353646	0.258433	0.265301	0.281327	0.273269	0.271037	0.298174	0.302707	0.260257	0.229613	0.226788	0.234554	0.234594	0.235302	0.248199	0.259455	0.251991	0.277392	0.277982	0.270821	0.276922	0.272188	0.29929	0.337347	0.277489	0.293782	0.285847	0.317253
Origma_solitaria	0.246416	0.179932	0.184201	0.231675	0.204061	0.186963	0.213003	0.210765	0.171532	0.201854	0.214069	0.193183	0.209324	0.199705	0.205389	0.200666	0.185901	0.190263	0.206918	0.226795	0.199461	0.210545	0.204705	0.202394	0.220797	0.219988	0.214101	0.193954	0.196713	0.207583	0.199493	0.185812	0.227603	0.216151	0.226224	0.219472	0.220542	0.221866	0.216402	0.205644	0.218273	0.224235	0.199092	0.191989	0.195312	0.197384	0.181847	0.187159	0.18382	0.18097	0.188189	0.182692	0.181243	0.183243	0.181805	0.192238	0.18801	0.186505	0.194785	0.228868	0.227165	0.205612	0.205368	0.181271	0.184732	0.189293	0.182108	0.21273	0.214384	0.185368	0.212828	0.1974	0.187118	0.187199	0.196638	0.193471	0.210509	0.223463	0.21489	0.203768	0.179895	0.192078	0.182868	0.196582	0.178782	0.207011	0.195647	0.193104	0.197644	0.198235	0.193003	0.197645	0.195697	0.193705	0.183702	0.170138	0.177442	0.187445	0.178331	0.206501	0.178287	0.20258	0.181231	0.173963	0.149132	0.156491	0.162305	0.168319	0.168314	0.168393	0.179046	0.155263	0.1822	0.16577	0.180558	0.162663	0.159065	0.166288	0.172816	0.184922	0.189257	0.195707	0.209314	0.184285	0.181911	0.17391	0.159968	0.164461	0.164709	0.150393	0.174194	0.175827	0.173867	0.165052	0.169924	0.181463	0.181823	0.157689	0.140676	0	0.118728	0.155038	0.187886	0.175279	0.212986	0.176722	0.292241	0.33449	0.317268	0.299001	0.280811	0.278385	0.295995	0.290532	0.275713	0.290956	0.310525	0.315163	0.312885	0.308276	0.307877	0.262773	0.273579	0.271425	0.296309	0.289519	0.293953	0.257871	0.265363	0.267671	0.259902	0.26906	0.26783	0.264013	0.244332	0.238019	0.385296	0.38757	0.344777	0.35655	0.335474	0.319423	0.323026	0.245811	0.262328	0.309319	0.317925	0.255766	0.251177	0.291696	0.29711	0.281029	0.346846	0.324266	0.316143	0.320034	0.269588	0.262931	0.278176	0.281291	0.285068	0.319551	0.304541	0.320242	0.328818	0.319147	0.306563	0.346084	0.319257	0.334562	0.425818	0.40846	0.430809	0.413971	0.368791	0.371606	0.306415	0.307372	0.425148	0.448935	0.275258	0.287136	0.272109	0.272119	0.283527	0.283531	0.284758	0.279985	0.278781	0.270172	0.267244	0.299735	0.297749	0.393296	0.288282	0.293488	0.266148	0.331203	0.332812	0.338151	0.338056	0.268002	0.288607	0.291552	0.253314	0.260595	0.257064	0.257404	0.377758	0.429683	0.438344	0.424501	0.462425	0.438351	0.446995	0.449584	0.434671	0.430677	0.393346	0.395713	0.396793	0.404273	0.396081	0.384791	0.331981	0.325254	0.374268	0.376482	0.373055	0.371951	0.437967	0.439444	0.38823	0.396784	0.397053	0.291874	0.304309	0.294382	0.247463	0.303109	0.303941	0.281194	0.29763	0.295949	0.28605	0.342657	0.358841	0.310307	0.281859	0.309173	0.29873	0.304169	0.309173	0.299105	0.28301	0.299837	0.283674	0.235403	0.339955	0.32882	0.3503	0.255087	0.261955	0.277982	0.269923	0.267691	0.294829	0.299361	0.256912	0.226268	0.223443	0.231208	0.231248	0.231956	0.244853	0.256109	0.248646	0.274047	0.274636	0.267476	0.273576	0.268842	0.295944	0.334001	0.274143	0.290436	0.282501	0.313907
Pardalotus_punctatus	0.230333	0.163849	0.168118	0.215592	0.187978	0.17088	0.19692	0.194682	0.155449	0.185771	0.197986	0.1771	0.193241	0.183622	0.189306	0.184584	0.169819	0.174181	0.190836	0.210712	0.183379	0.194463	0.188623	0.186312	0.204715	0.203905	0.198018	0.177872	0.18063	0.1915	0.183411	0.16973	0.211521	0.200068	0.210141	0.203389	0.204459	0.205783	0.20032	0.189562	0.20219	0.208152	0.18301	0.175907	0.179229	0.181301	0.165764	0.171076	0.167738	0.164887	0.172107	0.166609	0.165161	0.16716	0.165723	0.176155	0.171928	0.170422	0.178702	0.212785	0.211082	0.18953	0.189285	0.165188	0.168649	0.17321	0.166025	0.196647	0.198301	0.169285	0.196745	0.181317	0.171035	0.171116	0.180555	0.177388	0.194426	0.20738	0.198808	0.187686	0.163812	0.175995	0.166786	0.1805	0.162699	0.190928	0.179565	0.177021	0.181561	0.182153	0.17692	0.181562	0.179615	0.177623	0.16762	0.154056	0.16136	0.171363	0.162248	0.190418	0.162204	0.186497	0.165148	0.15788	0.133049	0.140409	0.146222	0.152236	0.152231	0.15231	0.162963	0.13918	0.166118	0.149687	0.164476	0.146581	0.142982	0.150205	0.156733	0.168839	0.173174	0.179624	0.193231	0.168203	0.165829	0.157827	0.143886	0.148379	0.148626	0.134311	0.158112	0.159745	0.157784	0.148969	0.153841	0.16538	0.16574	0.141607	0.124593	0.118728	0	0.138955	0.171803	0.159196	0.196904	0.160639	0.276158	0.318408	0.301186	0.282918	0.264728	0.262303	0.279912	0.274449	0.25963	0.274874	0.294442	0.299081	0.296802	0.292193	0.291794	0.24669	0.257496	0.255342	0.280227	0.273436	0.27787	0.241789	0.249281	0.251588	0.24382	0.252978	0.251748	0.24793	0.228249	0.221936	0.369214	0.371487	0.328694	0.340467	0.319392	0.30334	0.306944	0.229728	0.246245	0.293236	0.301842	0.239683	0.235094	0.275613	0.281027	0.264946	0.330764	0.308184	0.300061	0.303952	0.253505	0.246848	0.262094	0.265208	0.268985	0.303469	0.288459	0.304159	0.312735	0.303064	0.290481	0.330002	0.303174	0.318479	0.409735	0.392377	0.414726	0.397888	0.352709	0.355524	0.290332	0.291289	0.409065	0.432852	0.259175	0.271053	0.256027	0.256036	0.267445	0.267449	0.268675	0.263903	0.262698	0.254089	0.251161	0.283652	0.281667	0.377213	0.272199	0.277406	0.250066	0.31512	0.31673	0.322068	0.321974	0.251919	0.272525	0.275469	0.237231	0.244512	0.240982	0.241322	0.361676	0.4136	0.422261	0.408418	0.446342	0.422269	0.430913	0.433501	0.418589	0.414594	0.377264	0.379631	0.38071	0.38819	0.379999	0.368709	0.315898	0.309171	0.358185	0.360399	0.356973	0.355869	0.421885	0.423361	0.372147	0.380701	0.38097	0.275791	0.288226	0.278299	0.23138	0.287027	0.287859	0.265111	0.281548	0.279867	0.269967	0.326574	0.342758	0.294224	0.265776	0.29309	0.282647	0.288086	0.29309	0.283022	0.266928	0.283754	0.267591	0.21932	0.323872	0.312738	0.334217	0.239005	0.245873	0.261899	0.253841	0.251609	0.278746	0.283278	0.240829	0.210185	0.20736	0.215126	0.215165	0.215873	0.22877	0.240026	0.232563	0.257964	0.258553	0.251393	0.257494	0.252759	0.279862	0.317919	0.25806	0.274354	0.266418	0.297825
Malurus_elegans	0.25552	0.189036	0.193305	0.240779	0.213166	0.196067	0.222107	0.219869	0.180636	0.210958	0.223173	0.202287	0.218428	0.208809	0.214493	0.209771	0.195006	0.199368	0.216023	0.235899	0.208566	0.21965	0.21381	0.211499	0.229902	0.229092	0.223205	0.203059	0.205817	0.216687	0.208598	0.194917	0.236708	0.225255	0.235328	0.228576	0.229646	0.23097	0.225507	0.214749	0.227377	0.23334	0.208197	0.201094	0.204416	0.206488	0.190951	0.196264	0.192925	0.190074	0.197294	0.191796	0.190348	0.192347	0.19091	0.201342	0.197115	0.195609	0.203889	0.237972	0.236269	0.214717	0.214473	0.190375	0.193837	0.198397	0.191212	0.221835	0.223488	0.194472	0.221932	0.206504	0.196222	0.196303	0.205743	0.202575	0.219613	0.232567	0.223995	0.212873	0.188999	0.201183	0.191973	0.205687	0.187886	0.216115	0.204752	0.202208	0.206748	0.20734	0.202107	0.206749	0.204802	0.20281	0.192807	0.179243	0.186547	0.19655	0.187435	0.215605	0.187391	0.211685	0.190335	0.183067	0.158236	0.165596	0.171409	0.177423	0.177418	0.177497	0.18815	0.164367	0.191305	0.174874	0.189663	0.171768	0.168169	0.175392	0.181921	0.194026	0.198361	0.204811	0.218418	0.19339	0.191016	0.183014	0.169073	0.173566	0.173813	0.159498	0.183299	0.184932	0.182971	0.174156	0.179028	0.190567	0.190927	0.166794	0.158383	0.155038	0.138955	0	0.19699	0.184383	0.222091	0.185826	0.301345	0.343595	0.326373	0.308106	0.289915	0.28749	0.305099	0.299636	0.284817	0.300061	0.319629	0.324268	0.321989	0.31738	0.316982	0.271877	0.282683	0.280529	0.305414	0.298623	0.303057	0.266976	0.274468	0.276775	0.269007	0.278165	0.276935	0.273117	0.253436	0.247123	0.394401	0.396674	0.353881	0.365654	0.344579	0.328527	0.332131	0.254915	0.271432	0.318423	0.327029	0.26487	0.260281	0.3008	0.306214	0.290133	0.355951	0.333371	0.325248	0.329139	0.278692	0.272035	0.287281	0.290396	0.294172	0.328656	0.313646	0.329346	0.337922	0.328251	0.315668	0.355189	0.328361	0.343666	0.434922	0.417564	0.439913	0.423075	0.377896	0.380711	0.315519	0.316476	0.434252	0.458039	0.284362	0.29624	0.281214	0.281223	0.292632	0.292636	0.293862	0.28909	0.287885	0.279276	0.276348	0.308839	0.306854	0.4024	0.297386	0.302593	0.275253	0.340307	0.341917	0.347255	0.347161	0.277106	0.297712	0.300656	0.262418	0.269699	0.266169	0.266509	0.386863	0.438787	0.447448	0.433605	0.471529	0.447456	0.4561	0.458688	0.443776	0.439781	0.402451	0.404818	0.405897	0.413377	0.405186	0.393896	0.341085	0.334358	0.383372	0.385586	0.38216	0.381056	0.447072	0.448548	0.397334	0.405889	0.406158	0.300978	0.313413	0.303486	0.256568	0.312214	0.313046	0.290298	0.306735	0.305054	0.295154	0.351761	0.367945	0.319411	0.290963	0.318277	0.307834	0.313273	0.318277	0.308209	0.292115	0.308941	0.292778	0.244507	0.349059	0.337925	0.359404	0.264192	0.27106	0.287086	0.279028	0.276796	0.303933	0.308465	0.266016	0.235372	0.232547	0.240313	0.240353	0.241061	0.253957	0.265213	0.25775	0.283151	0.28374	0.27658	0.282681	0.277946	0.305049	0.343106	0.283247	0.299541	0.291605	0.323012
Climacteris_rufus	0.241463	0.198554	0.202823	0.250297	0.222684	0.205585	0.231626	0.229387	0.190154	0.220477	0.232691	0.211805	0.227946	0.218328	0.224012	0.219289	0.204524	0.208886	0.225541	0.245417	0.218084	0.229168	0.223328	0.221017	0.23942	0.238611	0.232724	0.212577	0.215335	0.226205	0.218116	0.204435	0.246226	0.234773	0.244846	0.238095	0.239164	0.240489	0.235025	0.224267	0.236895	0.242858	0.217715	0.210612	0.213934	0.216006	0.200469	0.205782	0.202443	0.199592	0.206812	0.201314	0.199866	0.201866	0.200428	0.21086	0.206633	0.205127	0.213407	0.24749	0.245787	0.224235	0.223991	0.199893	0.203355	0.207916	0.20073	0.231353	0.233006	0.20399	0.23145	0.216023	0.20574	0.205821	0.215261	0.212093	0.229132	0.242086	0.233513	0.222391	0.198517	0.210701	0.201491	0.215205	0.197405	0.225634	0.21427	0.211726	0.216266	0.216858	0.211625	0.216267	0.21432	0.212328	0.202325	0.188761	0.196065	0.206068	0.196953	0.225123	0.196909	0.221203	0.199853	0.192585	0.167754	0.175114	0.180927	0.186941	0.186936	0.187015	0.197668	0.173885	0.200823	0.184392	0.199181	0.181286	0.177687	0.18491	0.191439	0.203544	0.207879	0.214329	0.227936	0.202908	0.200534	0.192533	0.178591	0.183084	0.183331	0.169016	0.192817	0.19445	0.19249	0.183674	0.188546	0.200086	0.200445	0.198586	0.191232	0.187886	0.171803	0.19699	0	0.151581	0.208033	0.171768	0.287288	0.329537	0.312315	0.294048	0.275857	0.273432	0.291042	0.285579	0.27076	0.286003	0.305571	0.31021	0.307932	0.303323	0.302924	0.257819	0.268625	0.266472	0.291356	0.284566	0.289	0.252918	0.26041	0.262718	0.254949	0.264107	0.262877	0.259059	0.239379	0.233066	0.380343	0.382617	0.339824	0.351596	0.330521	0.31447	0.318073	0.240857	0.257375	0.304366	0.312972	0.250813	0.246224	0.286743	0.292156	0.276075	0.341893	0.319313	0.31119	0.315081	0.264635	0.257978	0.273223	0.276338	0.280114	0.314598	0.299588	0.315289	0.323865	0.314194	0.30161	0.341131	0.314304	0.329608	0.420865	0.403506	0.425856	0.409018	0.363838	0.366653	0.301461	0.302418	0.420194	0.443982	0.270305	0.282182	0.267156	0.267166	0.278574	0.278578	0.279804	0.275032	0.273828	0.265219	0.26229	0.294782	0.292796	0.388343	0.283329	0.288535	0.261195	0.326249	0.327859	0.333198	0.333103	0.263049	0.283654	0.286599	0.248361	0.255642	0.252111	0.252451	0.372805	0.42473	0.433391	0.419548	0.457472	0.433398	0.442042	0.444631	0.429718	0.425724	0.388393	0.39076	0.391839	0.399319	0.391128	0.379838	0.327028	0.3203	0.369315	0.371528	0.368102	0.366998	0.433014	0.434491	0.383277	0.391831	0.3921	0.286921	0.299356	0.289429	0.24251	0.298156	0.298988	0.276241	0.292677	0.290996	0.281097	0.337703	0.353888	0.305354	0.276906	0.304219	0.293777	0.299216	0.304219	0.294152	0.278057	0.294883	0.278721	0.23045	0.335001	0.323867	0.345347	0.250134	0.257002	0.273028	0.26497	0.262738	0.289875	0.294408	0.251959	0.221315	0.218489	0.226255	0.226295	0.227003	0.2399	0.251156	0.243692	0.269094	0.269683	0.262523	0.268623	0.263889	0.290991	0.329048	0.26919	0.285483	0.277548	0.308954
Ptilonorhynchus_violaceus	0.228856	0.185947	0.190216	0.23769	0.210077	0.192978	0.219018	0.21678	0.177547	0.20787	0.220084	0.199198	0.215339	0.205721	0.211405	0.206682	0.191917	0.196279	0.212934	0.23281	0.205477	0.216561	0.210721	0.20841	0.226813	0.226004	0.220116	0.19997	0.202728	0.213598	0.205509	0.191828	0.233619	0.222166	0.232239	0.225487	0.226557	0.227881	0.222418	0.21166	0.224288	0.230251	0.205108	0.198005	0.201327	0.203399	0.187862	0.193175	0.189836	0.186985	0.194205	0.188707	0.187259	0.189259	0.187821	0.198253	0.194026	0.19252	0.2008	0.234883	0.23318	0.211628	0.211384	0.187286	0.190748	0.195309	0.188123	0.218746	0.220399	0.191383	0.218843	0.203416	0.193133	0.193214	0.202654	0.199486	0.216524	0.229479	0.220906	0.209784	0.18591	0.198094	0.188884	0.202598	0.184798	0.213027	0.201663	0.199119	0.203659	0.204251	0.199018	0.20366	0.201713	0.199721	0.189718	0.176154	0.183458	0.193461	0.184346	0.212516	0.184302	0.208596	0.187246	0.179978	0.155147	0.162507	0.16832	0.174334	0.174329	0.174408	0.185061	0.161278	0.188216	0.171785	0.186574	0.168679	0.16508	0.172303	0.178832	0.190937	0.195272	0.201722	0.215329	0.190301	0.187927	0.179925	0.165984	0.170477	0.170724	0.156409	0.18021	0.181843	0.179883	0.171067	0.175939	0.187478	0.187838	0.185979	0.178625	0.175279	0.159196	0.184383	0.151581	0	0.195426	0.159161	0.274681	0.31693	0.299708	0.281441	0.26325	0.260825	0.278435	0.272972	0.258153	0.273396	0.292964	0.297603	0.295325	0.290716	0.290317	0.245212	0.256018	0.253865	0.278749	0.271959	0.276393	0.240311	0.247803	0.250111	0.242342	0.2515	0.25027	0.246452	0.226772	0.220458	0.367736	0.37001	0.327216	0.338989	0.317914	0.301863	0.305466	0.22825	0.244768	0.291758	0.300364	0.238206	0.233617	0.274135	0.279549	0.263468	0.329286	0.306706	0.298583	0.302474	0.252028	0.24537	0.260616	0.263731	0.267507	0.301991	0.286981	0.302682	0.311258	0.301587	0.289003	0.328524	0.301697	0.317001	0.408257	0.390899	0.413249	0.396411	0.351231	0.354046	0.288854	0.289811	0.407587	0.431375	0.257698	0.269575	0.254549	0.254559	0.265967	0.265971	0.267197	0.262425	0.261221	0.252612	0.249683	0.282175	0.280189	0.375736	0.270722	0.275928	0.248588	0.313642	0.315252	0.320591	0.320496	0.250442	0.271047	0.273992	0.235754	0.243035	0.239504	0.239844	0.360198	0.412123	0.420784	0.406941	0.444864	0.420791	0.429435	0.432024	0.417111	0.413117	0.375786	0.378153	0.379232	0.386712	0.378521	0.367231	0.314421	0.307693	0.356708	0.358921	0.355495	0.354391	0.420407	0.421884	0.37067	0.379224	0.379493	0.274313	0.286749	0.276822	0.229903	0.285549	0.286381	0.263634	0.28007	0.278389	0.26849	0.325096	0.341281	0.292747	0.264299	0.291612	0.28117	0.286609	0.291612	0.281544	0.26545	0.282276	0.266114	0.217843	0.322394	0.31126	0.33274	0.237527	0.244395	0.260421	0.252363	0.250131	0.277268	0.281801	0.239351	0.208707	0.205882	0.213648	0.213688	0.214396	0.227293	0.238549	0.231085	0.256487	0.257076	0.249915	0.256016	0.251282	0.278384	0.316441	0.256583	0.272876	0.264941	0.296347
Atrichornis_clamosus	0.242095	0.223655	0.227923	0.275398	0.247784	0.230686	0.256726	0.254488	0.215255	0.245577	0.257791	0.236906	0.253047	0.243428	0.249112	0.244389	0.229624	0.233986	0.250641	0.270517	0.243184	0.254268	0.248428	0.246117	0.26452	0.263711	0.257824	0.237677	0.240435	0.251305	0.243216	0.229535	0.271326	0.259873	0.269947	0.263195	0.264265	0.265589	0.260125	0.249367	0.261996	0.267958	0.242815	0.235712	0.239034	0.241107	0.225569	0.230882	0.227543	0.224692	0.231912	0.226415	0.224966	0.226966	0.225528	0.235961	0.231733	0.230227	0.238507	0.272591	0.270888	0.249335	0.249091	0.224994	0.228455	0.233016	0.225831	0.256453	0.258107	0.22909	0.25655	0.241123	0.23084	0.230921	0.240361	0.237194	0.254232	0.267186	0.258613	0.247491	0.223617	0.235801	0.226591	0.240305	0.222505	0.250734	0.23937	0.236827	0.241367	0.241958	0.236725	0.241368	0.23942	0.237428	0.227425	0.213861	0.221165	0.231168	0.222054	0.250223	0.22201	0.246303	0.224954	0.217685	0.192855	0.200214	0.206028	0.212042	0.212037	0.212115	0.222769	0.198985	0.225923	0.209493	0.224281	0.206386	0.202787	0.210011	0.216539	0.228645	0.23298	0.239429	0.253037	0.228008	0.225634	0.217633	0.203691	0.208184	0.208432	0.194116	0.217917	0.21955	0.21759	0.208775	0.213647	0.225186	0.225546	0.223686	0.216332	0.212986	0.196904	0.222091	0.208033	0.195426	0	0.126658	0.28792	0.330169	0.312947	0.29468	0.276489	0.274064	0.291673	0.28621	0.271392	0.286635	0.306203	0.310842	0.308563	0.303954	0.303556	0.258451	0.269257	0.267103	0.291988	0.285198	0.289632	0.25355	0.261042	0.263349	0.255581	0.264739	0.263509	0.259691	0.240011	0.233697	0.380975	0.383249	0.340455	0.352228	0.331153	0.315102	0.318705	0.241489	0.258006	0.304997	0.313603	0.251445	0.246856	0.287374	0.292788	0.276707	0.342525	0.319945	0.311822	0.315713	0.265266	0.258609	0.273855	0.27697	0.280746	0.31523	0.30022	0.315921	0.324497	0.314825	0.302242	0.341763	0.314936	0.33024	0.421496	0.404138	0.426488	0.40965	0.36447	0.367285	0.302093	0.30305	0.420826	0.444614	0.270937	0.282814	0.267788	0.267798	0.279206	0.27921	0.280436	0.275664	0.274459	0.265851	0.262922	0.295413	0.293428	0.388975	0.283961	0.289167	0.261827	0.326881	0.328491	0.33383	0.333735	0.263681	0.284286	0.287231	0.248992	0.256274	0.252743	0.253083	0.373437	0.425362	0.434023	0.42018	0.458103	0.43403	0.442674	0.445263	0.43035	0.426356	0.389025	0.391392	0.392471	0.399951	0.39176	0.38047	0.327659	0.320932	0.369947	0.37216	0.368734	0.36763	0.433646	0.435123	0.383908	0.392463	0.392732	0.287552	0.299988	0.290061	0.243142	0.298788	0.29962	0.276872	0.293309	0.291628	0.281729	0.338335	0.354519	0.305986	0.277537	0.304851	0.294409	0.299848	0.304851	0.294783	0.278689	0.295515	0.279352	0.231082	0.335633	0.324499	0.345979	0.250766	0.257634	0.27366	0.265602	0.26337	0.290507	0.29504	0.25259	0.221946	0.219121	0.226887	0.226927	0.227635	0.240532	0.251788	0.244324	0.269725	0.270315	0.263154	0.269255	0.264521	0.291623	0.32968	0.269821	0.286115	0.27818	0.309586
Menura_novaehollandiae	0.20583	0.18739	0.191659	0.239133	0.211519	0.194421	0.220461	0.218223	0.17899	0.209312	0.221527	0.200641	0.216782	0.207163	0.212847	0.208124	0.193359	0.197721	0.214376	0.234253	0.206919	0.218003	0.212163	0.209852	0.228256	0.227446	0.221559	0.201412	0.204171	0.215041	0.206951	0.19327	0.235061	0.223609	0.233682	0.22693	0.228	0.229324	0.22386	0.213102	0.225731	0.231693	0.20655	0.199447	0.20277	0.204842	0.189305	0.194617	0.191278	0.188428	0.195647	0.19015	0.188701	0.190701	0.189263	0.199696	0.195468	0.193963	0.202243	0.236326	0.234623	0.213071	0.212826	0.188729	0.19219	0.196751	0.189566	0.220188	0.221842	0.192826	0.220286	0.204858	0.194576	0.194657	0.204096	0.200929	0.217967	0.230921	0.222348	0.211226	0.187353	0.199536	0.190326	0.20404	0.18624	0.214469	0.203105	0.200562	0.205102	0.205693	0.200461	0.205103	0.203155	0.201163	0.19116	0.177597	0.1849	0.194903	0.185789	0.213959	0.185745	0.210038	0.188689	0.181421	0.15659	0.163949	0.169763	0.175777	0.175772	0.175851	0.186504	0.162721	0.189658	0.173228	0.188016	0.170122	0.166523	0.173746	0.180274	0.19238	0.196715	0.203165	0.216772	0.191743	0.189369	0.181368	0.167426	0.171919	0.172167	0.157852	0.181652	0.183285	0.181325	0.17251	0.177382	0.188921	0.189281	0.187422	0.180067	0.176722	0.160639	0.185826	0.171768	0.159161	0.126658	0	0.251655	0.293904	0.276682	0.258415	0.240225	0.237799	0.255409	0.249946	0.235127	0.25037	0.269939	0.274577	0.272299	0.26769	0.267291	0.222187	0.232992	0.230839	0.255723	0.248933	0.253367	0.217285	0.224777	0.227085	0.219316	0.228474	0.227244	0.223426	0.203746	0.197433	0.34471	0.346984	0.304191	0.315964	0.294888	0.278837	0.28244	0.205225	0.221742	0.268733	0.277339	0.21518	0.210591	0.25111	0.256524	0.240443	0.30626	0.28368	0.275557	0.279448	0.229002	0.222345	0.23759	0.240705	0.244481	0.278965	0.263955	0.279656	0.288232	0.278561	0.265977	0.305498	0.278671	0.293976	0.385232	0.367873	0.390223	0.373385	0.328205	0.33102	0.265828	0.266786	0.384562	0.408349	0.234672	0.24655	0.231523	0.231533	0.242941	0.242945	0.244171	0.239399	0.238195	0.229586	0.226657	0.259149	0.257163	0.35271	0.247696	0.252902	0.225562	0.290617	0.292226	0.297565	0.29747	0.227416	0.248021	0.250966	0.212728	0.220009	0.216478	0.216818	0.337172	0.389097	0.397758	0.383915	0.421839	0.397765	0.406409	0.408998	0.394085	0.390091	0.35276	0.355127	0.356207	0.363686	0.355495	0.344205	0.291395	0.284667	0.333682	0.335896	0.332469	0.331365	0.397381	0.398858	0.347644	0.356198	0.356467	0.251288	0.263723	0.253796	0.206877	0.262523	0.263355	0.240608	0.257044	0.255363	0.245464	0.302071	0.318255	0.269721	0.241273	0.268587	0.258144	0.263583	0.268586	0.258519	0.242424	0.259251	0.243088	0.194817	0.299368	0.288234	0.309714	0.214501	0.221369	0.237395	0.229337	0.227105	0.254243	0.258775	0.216326	0.185682	0.182856	0.190622	0.190662	0.19137	0.204267	0.215523	0.20806	0.233461	0.23405	0.22689	0.23299	0.228256	0.255358	0.293415	0.233557	0.24985	0.241915	0.273321
Aegotheles_bennettii	0.284658	0.302909	0.307178	0.354652	0.327039	0.30994	0.33598	0.333742	0.294509	0.324832	0.337046	0.31616	0.332301	0.322683	0.328367	0.323644	0.308879	0.313241	0.329896	0.349772	0.322439	0.333523	0.327683	0.325372	0.343775	0.342966	0.337078	0.316932	0.31969	0.33056	0.322471	0.30879	0.350581	0.339128	0.349201	0.342449	0.343519	0.344844	0.33938	0.328622	0.34125	0.347213	0.32207	0.314967	0.318289	0.320361	0.304824	0.310137	0.306798	0.303947	0.311167	0.305669	0.304221	0.306221	0.304783	0.315215	0.310988	0.309482	0.317762	0.351845	0.350142	0.32859	0.328346	0.304248	0.30771	0.312271	0.305085	0.335708	0.337361	0.308345	0.335805	0.320378	0.310095	0.310176	0.319616	0.316448	0.333486	0.346441	0.337868	0.326746	0.302872	0.315056	0.305846	0.31956	0.30176	0.329989	0.318625	0.316081	0.320621	0.321213	0.31598	0.320622	0.318675	0.316683	0.30668	0.293116	0.30042	0.310423	0.301308	0.329478	0.301264	0.325558	0.304208	0.29694	0.272109	0.279469	0.285282	0.291296	0.291291	0.29137	0.302023	0.27824	0.305178	0.288747	0.303536	0.285641	0.282042	0.289265	0.295794	0.307899	0.312234	0.318684	0.332291	0.307263	0.304889	0.296887	0.282946	0.287439	0.287686	0.273371	0.297172	0.298805	0.296845	0.288029	0.292901	0.30444	0.3048	0.302941	0.295587	0.292241	0.276158	0.301345	0.287288	0.274681	0.28792	0.251655	0	0.201694	0.184472	0.167978	0.154872	0.152447	0.170056	0.164593	0.149776	0.16502	0.184588	0.189227	0.186948	0.182339	0.18194	0.136836	0.147642	0.145488	0.170373	0.163582	0.168016	0.131934	0.139427	0.143891	0.136122	0.14528	0.14405	0.140232	0.120552	0.114239	0.261516	0.26379	0.220997	0.23277	0.211694	0.195643	0.199246	0.122031	0.138548	0.185539	0.194145	0.131988	0.127399	0.178992	0.184406	0.168325	0.234143	0.211563	0.20344	0.207331	0.156885	0.150227	0.165473	0.168588	0.172364	0.206848	0.191838	0.207539	0.216115	0.206444	0.19386	0.233381	0.206554	0.221858	0.313114	0.295756	0.318106	0.301268	0.256088	0.258903	0.193711	0.194668	0.312444	0.336232	0.17584	0.187717	0.172691	0.172701	0.184109	0.184113	0.185339	0.180567	0.179362	0.170754	0.167825	0.200316	0.198331	0.293878	0.188863	0.19407	0.16673	0.231784	0.233394	0.238733	0.238638	0.168584	0.189189	0.192134	0.153895	0.161177	0.157646	0.157986	0.27834	0.330265	0.338926	0.325083	0.363006	0.338933	0.347577	0.350166	0.335253	0.331258	0.293928	0.296295	0.297374	0.304854	0.296663	0.285373	0.232562	0.225835	0.27485	0.277063	0.273637	0.272533	0.338549	0.340026	0.288811	0.297366	0.297635	0.192455	0.204891	0.194964	0.148045	0.203691	0.204529	0.181781	0.198218	0.196537	0.186637	0.243244	0.259428	0.210895	0.182446	0.20976	0.199318	0.210189	0.215192	0.205124	0.18903	0.205856	0.189693	0.141423	0.248207	0.237072	0.258552	0.163339	0.170207	0.186234	0.178175	0.175943	0.203081	0.207613	0.165164	0.137878	0.135053	0.142818	0.142858	0.143566	0.156463	0.167719	0.286888	0.312289	0.312878	0.305718	0.311819	0.307084	0.334187	0.372243	0.312385	0.328679	0.320743	0.35215
Chaetura_pelagica	0.326908	0.345158	0.349427	0.396902	0.369288	0.35219	0.37823	0.375992	0.336758	0.367081	0.379295	0.358409	0.374551	0.364932	0.370616	0.365893	0.351128	0.35549	0.372145	0.392021	0.364688	0.375772	0.369932	0.367621	0.386024	0.385215	0.379328	0.359181	0.361939	0.372809	0.36472	0.351039	0.39283	0.381377	0.391451	0.384699	0.385768	0.387093	0.381629	0.370871	0.383499	0.389462	0.364319	0.357216	0.360538	0.362611	0.347073	0.352386	0.349047	0.346196	0.353416	0.347919	0.34647	0.34847	0.347032	0.357464	0.353237	0.351731	0.360011	0.394095	0.392392	0.370839	0.370595	0.346498	0.349959	0.35452	0.347335	0.377957	0.37961	0.350594	0.378054	0.362627	0.352344	0.352425	0.361865	0.358698	0.375736	0.38869	0.380117	0.368995	0.345121	0.357305	0.348095	0.361809	0.344009	0.372238	0.360874	0.358331	0.362871	0.363462	0.358229	0.362872	0.360924	0.358932	0.348929	0.335365	0.342669	0.352672	0.343558	0.371727	0.343514	0.367807	0.346458	0.339189	0.314358	0.321718	0.327532	0.333546	0.333541	0.333619	0.344273	0.320489	0.347427	0.330997	0.345785	0.32789	0.324291	0.331515	0.338043	0.350148	0.354483	0.360933	0.374541	0.349512	0.347138	0.339137	0.325195	0.329688	0.329936	0.31562	0.339421	0.341054	0.339094	0.330279	0.335151	0.34669	0.34705	0.34519	0.337836	0.33449	0.318408	0.343595	0.329537	0.31693	0.330169	0.293904	0.201694	0	0.123882	0.210227	0.197121	0.194696	0.212305	0.206842	0.192025	0.207269	0.226837	0.231476	0.229197	0.224588	0.22419	0.179085	0.189891	0.187737	0.212622	0.205831	0.210266	0.174184	0.181676	0.18614	0.178371	0.187529	0.1863	0.182482	0.162801	0.156488	0.303765	0.306039	0.263246	0.275019	0.253944	0.237892	0.241496	0.16428	0.180797	0.227788	0.236394	0.174237	0.169648	0.221242	0.226656	0.210575	0.276392	0.253812	0.245689	0.24958	0.199134	0.192477	0.207722	0.210837	0.214614	0.249097	0.234087	0.249788	0.258364	0.248693	0.236109	0.27563	0.248803	0.264108	0.355364	0.338006	0.360355	0.343517	0.298337	0.301152	0.235961	0.236918	0.354694	0.378481	0.218089	0.229967	0.21494	0.21495	0.226358	0.226362	0.227588	0.222816	0.221612	0.213003	0.210074	0.242566	0.24058	0.336127	0.231113	0.236319	0.208979	0.274034	0.275643	0.280982	0.280887	0.210833	0.231438	0.234383	0.196145	0.203426	0.199895	0.200235	0.320589	0.372514	0.381175	0.367332	0.405256	0.381182	0.389826	0.392415	0.377502	0.373508	0.336177	0.338544	0.339624	0.347103	0.338912	0.327622	0.274812	0.268084	0.317099	0.319313	0.315886	0.314782	0.380798	0.382275	0.331061	0.339615	0.339884	0.234705	0.24714	0.237213	0.190294	0.24594	0.246778	0.224031	0.240467	0.238786	0.228887	0.285493	0.301678	0.253144	0.224696	0.252009	0.241567	0.252438	0.257441	0.247374	0.231279	0.248106	0.231943	0.183672	0.290456	0.279322	0.300801	0.205589	0.212457	0.228483	0.220425	0.218193	0.24533	0.249862	0.207413	0.180127	0.177302	0.185068	0.185107	0.185815	0.198712	0.209968	0.329137	0.354538	0.355128	0.347967	0.354068	0.349333	0.376436	0.414493	0.354634	0.370928	0.362992	0.394399
Hemiprocne_comata	0.309686	0.327936	0.332205	0.37968	0.352066	0.334968	0.361008	0.35877	0.319536	0.349859	0.362073	0.341187	0.357329	0.34771	0.353394	0.348671	0.333906	0.338268	0.354923	0.374799	0.347466	0.35855	0.35271	0.350399	0.368802	0.367993	0.362106	0.341959	0.344717	0.355587	0.347498	0.333817	0.375608	0.364155	0.374229	0.367477	0.368546	0.369871	0.364407	0.353649	0.366277	0.37224	0.347097	0.339994	0.343316	0.345389	0.329851	0.335164	0.331825	0.328974	0.336194	0.330697	0.329248	0.331248	0.32981	0.340242	0.336015	0.334509	0.342789	0.376873	0.375169	0.353617	0.353373	0.329276	0.332737	0.337298	0.330113	0.360735	0.362388	0.333372	0.360832	0.345405	0.335122	0.335203	0.344643	0.341476	0.358514	0.371468	0.362895	0.351773	0.327899	0.340083	0.330873	0.344587	0.326787	0.355016	0.343652	0.341109	0.345649	0.34624	0.341007	0.34565	0.343702	0.34171	0.331707	0.318143	0.325447	0.33545	0.326335	0.354505	0.326291	0.350585	0.329236	0.321967	0.297136	0.304496	0.31031	0.316324	0.316319	0.316397	0.327051	0.303267	0.330205	0.313775	0.328563	0.310668	0.307069	0.314293	0.320821	0.332926	0.337261	0.343711	0.357318	0.33229	0.329916	0.321915	0.307973	0.312466	0.312714	0.298398	0.322199	0.323832	0.321872	0.313056	0.317929	0.329468	0.329828	0.327968	0.320614	0.317268	0.301186	0.326373	0.312315	0.299708	0.312947	0.276682	0.184472	0.123882	0	0.193005	0.179899	0.177474	0.195083	0.18962	0.174803	0.190047	0.209615	0.214254	0.211975	0.207366	0.206968	0.161863	0.172669	0.170515	0.1954	0.188609	0.193043	0.156962	0.164454	0.168918	0.161149	0.170307	0.169077	0.16526	0.145579	0.139266	0.286543	0.288817	0.246024	0.257797	0.236722	0.22067	0.224273	0.147058	0.163575	0.210566	0.219172	0.157015	0.152426	0.20402	0.209434	0.193353	0.25917	0.23659	0.228467	0.232358	0.181912	0.175255	0.1905	0.193615	0.197392	0.231875	0.216865	0.232566	0.241142	0.231471	0.218887	0.258408	0.231581	0.246886	0.338142	0.320783	0.343133	0.326295	0.281115	0.28393	0.218738	0.219696	0.337472	0.361259	0.200867	0.212745	0.197718	0.197728	0.209136	0.20914	0.210366	0.205594	0.20439	0.195781	0.192852	0.225344	0.223358	0.318905	0.213891	0.219097	0.191757	0.256811	0.258421	0.26376	0.263665	0.193611	0.214216	0.217161	0.178923	0.186204	0.182673	0.183013	0.303367	0.355292	0.363953	0.35011	0.388034	0.36396	0.372604	0.375193	0.36028	0.356286	0.318955	0.321322	0.322402	0.329881	0.32169	0.3104	0.25759	0.250862	0.299877	0.302091	0.298664	0.29756	0.363576	0.365053	0.313839	0.322393	0.322662	0.217483	0.229918	0.219991	0.173072	0.228718	0.229556	0.206809	0.223245	0.221564	0.211665	0.268271	0.284456	0.235922	0.207474	0.234787	0.224345	0.235216	0.240219	0.230152	0.214057	0.230884	0.214721	0.16645	0.273234	0.262099	0.283579	0.188367	0.195235	0.211261	0.203203	0.200971	0.228108	0.23264	0.190191	0.162905	0.16008	0.167846	0.167885	0.168593	0.18149	0.192746	0.311915	0.337316	0.337905	0.330745	0.336846	0.332111	0.359214	0.397271	0.337412	0.353706	0.34577	0.377177
Podargus_strigoides	0.291418	0.309669	0.313938	0.361413	0.333799	0.316701	0.342741	0.340503	0.301269	0.331592	0.343806	0.32292	0.339062	0.329443	0.335127	0.330404	0.315639	0.320001	0.336656	0.356532	0.329199	0.340283	0.334443	0.332132	0.350535	0.349726	0.343839	0.323692	0.32645	0.33732	0.329231	0.31555	0.357341	0.345888	0.355962	0.34921	0.350279	0.351604	0.34614	0.335382	0.34801	0.353973	0.32883	0.321727	0.325049	0.327121	0.311584	0.316897	0.313558	0.310707	0.317927	0.31243	0.310981	0.312981	0.311543	0.321975	0.317748	0.316242	0.324522	0.358605	0.356902	0.33535	0.335106	0.311008	0.31447	0.319031	0.311845	0.342468	0.344121	0.315105	0.342565	0.327138	0.316855	0.316936	0.326376	0.323209	0.340247	0.353201	0.344628	0.333506	0.309632	0.321816	0.312606	0.32632	0.30852	0.336749	0.325385	0.322841	0.327382	0.327973	0.32274	0.327383	0.325435	0.323443	0.31344	0.299876	0.30718	0.317183	0.308068	0.336238	0.308024	0.332318	0.310969	0.3037	0.278869	0.286229	0.292043	0.298057	0.298052	0.29813	0.308784	0.285	0.311938	0.295508	0.310296	0.292401	0.288802	0.296026	0.302554	0.314659	0.318994	0.325444	0.339051	0.314023	0.311649	0.303648	0.289706	0.294199	0.294447	0.280131	0.303932	0.305565	0.303605	0.294789	0.299662	0.311201	0.311561	0.309701	0.302347	0.299001	0.282918	0.308106	0.294048	0.281441	0.29468	0.258415	0.167978	0.210227	0.193005	0	0.161632	0.159207	0.176816	0.171353	0.156536	0.17178	0.191348	0.195987	0.193708	0.189099	0.188701	0.143596	0.154402	0.152248	0.177133	0.170342	0.174776	0.138695	0.146187	0.150651	0.142882	0.15204	0.15081	0.146993	0.127312	0.120999	0.268276	0.27055	0.227757	0.23953	0.218454	0.202403	0.206006	0.128791	0.145308	0.192299	0.200905	0.138748	0.134159	0.185753	0.191167	0.175086	0.240903	0.218323	0.2102	0.214091	0.163645	0.156988	0.172233	0.175348	0.179125	0.213608	0.198598	0.214299	0.222875	0.213204	0.20062	0.240141	0.213314	0.228619	0.319875	0.302516	0.324866	0.308028	0.262848	0.265663	0.200471	0.201429	0.319205	0.342992	0.1826	0.194478	0.179451	0.179461	0.190869	0.190873	0.192099	0.187327	0.186123	0.177514	0.174585	0.207077	0.205091	0.300638	0.195624	0.20083	0.17349	0.238544	0.240154	0.245493	0.245398	0.175344	0.195949	0.198894	0.160656	0.167937	0.164406	0.164746	0.2851	0.337025	0.345686	0.331843	0.369767	0.345693	0.354337	0.356926	0.342013	0.338019	0.300688	0.303055	0.304135	0.311614	0.303423	0.292133	0.239323	0.232595	0.28161	0.283824	0.280397	0.279293	0.345309	0.346786	0.295572	0.304126	0.304395	0.199216	0.211651	0.201724	0.154805	0.210451	0.211289	0.188542	0.204978	0.203297	0.193398	0.250004	0.266189	0.217655	0.189207	0.21652	0.206078	0.216949	0.221952	0.211885	0.19579	0.212617	0.196454	0.148183	0.254967	0.243832	0.265312	0.1701	0.176968	0.192994	0.184936	0.182704	0.209841	0.214373	0.171924	0.144638	0.141813	0.149579	0.149618	0.150326	0.163223	0.174479	0.293648	0.319049	0.319638	0.312478	0.318579	0.313844	0.340947	0.379004	0.319145	0.335439	0.327503	0.35891
Corythaeola_cristata	0.273228	0.291479	0.295748	0.343222	0.315608	0.29851	0.32455	0.322312	0.283079	0.313401	0.325616	0.30473	0.320871	0.311252	0.316936	0.312214	0.297449	0.30181	0.318465	0.338342	0.311008	0.322092	0.316252	0.313942	0.332345	0.331535	0.325648	0.305501	0.30826	0.31913	0.311041	0.297359	0.339151	0.327698	0.337771	0.331019	0.332089	0.333413	0.32795	0.317192	0.32982	0.335782	0.310639	0.303537	0.306859	0.308931	0.293394	0.298706	0.295368	0.292517	0.299737	0.294239	0.29279	0.29479	0.293353	0.303785	0.299557	0.298052	0.306332	0.340415	0.338712	0.31716	0.316915	0.292818	0.296279	0.30084	0.293655	0.324277	0.325931	0.296915	0.324375	0.308947	0.298665	0.298746	0.308185	0.305018	0.322056	0.33501	0.326438	0.315315	0.291442	0.303625	0.294416	0.308129	0.290329	0.318558	0.307195	0.304651	0.309191	0.309782	0.30455	0.309192	0.307244	0.305252	0.29525	0.281686	0.28899	0.298992	0.289878	0.318048	0.289834	0.314127	0.292778	0.28551	0.260679	0.268039	0.273852	0.279866	0.279861	0.27994	0.290593	0.26681	0.293748	0.277317	0.292106	0.274211	0.270612	0.277835	0.284363	0.296469	0.300804	0.307254	0.320861	0.295832	0.293458	0.285457	0.271516	0.276009	0.276256	0.261941	0.285741	0.287374	0.285414	0.276599	0.281471	0.29301	0.29337	0.291511	0.284156	0.280811	0.264728	0.289915	0.275857	0.26325	0.276489	0.240225	0.154872	0.197121	0.179899	0.161632	0	0.0444872	0.0885779	0.153161	0.138346	0.153589	0.173158	0.177796	0.175518	0.170909	0.17051	0.125406	0.136212	0.134058	0.158942	0.152152	0.156586	0.120504	0.127996	0.13246	0.124692	0.13385	0.13262	0.128802	0.109122	0.102808	0.250086	0.25236	0.209566	0.221339	0.200264	0.184213	0.187816	0.1106	0.127117	0.174108	0.182714	0.120558	0.115969	0.167562	0.172976	0.156895	0.222713	0.200133	0.19201	0.195901	0.145454	0.138797	0.154043	0.157158	0.160934	0.195418	0.180408	0.196109	0.204684	0.195013	0.18243	0.221951	0.195123	0.210428	0.301684	0.284326	0.306676	0.289837	0.244658	0.247473	0.182281	0.183238	0.301014	0.324802	0.164409	0.176287	0.161261	0.16127	0.172679	0.172683	0.173909	0.169137	0.167932	0.159323	0.156395	0.188886	0.186901	0.282447	0.177433	0.18264	0.1553	0.220354	0.221964	0.227302	0.227208	0.157153	0.177759	0.180703	0.142465	0.149746	0.146216	0.146556	0.26691	0.318834	0.327495	0.313652	0.351576	0.327503	0.336147	0.338735	0.323823	0.319828	0.282498	0.284865	0.285944	0.293424	0.285233	0.273943	0.221132	0.214405	0.263419	0.265633	0.262207	0.261103	0.327119	0.328595	0.277381	0.285936	0.286204	0.181025	0.19346	0.183533	0.136614	0.192261	0.193099	0.170351	0.186788	0.185107	0.175207	0.231814	0.247998	0.199464	0.171016	0.19833	0.187887	0.198758	0.203762	0.193694	0.1776	0.194426	0.178263	0.129992	0.236776	0.225642	0.247122	0.151909	0.158777	0.174803	0.166745	0.164513	0.191651	0.196183	0.153734	0.126448	0.123622	0.131388	0.131428	0.132136	0.145033	0.156289	0.275458	0.300859	0.301448	0.294288	0.300388	0.295654	0.322756	0.360813	0.300955	0.317248	0.309313	0.340719
Corythaixoides_concolor	0.270803	0.289054	0.293323	0.340797	0.313183	0.296085	0.322125	0.319887	0.280654	0.310976	0.32319	0.302305	0.318446	0.308827	0.314511	0.309788	0.295023	0.299385	0.31604	0.335916	0.308583	0.319667	0.313827	0.311516	0.329919	0.32911	0.323223	0.303076	0.305834	0.316704	0.308615	0.294934	0.336725	0.325273	0.335346	0.328594	0.329664	0.330988	0.325524	0.314766	0.327395	0.333357	0.308214	0.301111	0.304433	0.306506	0.290968	0.296281	0.292942	0.290092	0.297311	0.291814	0.290365	0.292365	0.290927	0.30136	0.297132	0.295627	0.303907	0.33799	0.336287	0.314734	0.31449	0.290393	0.293854	0.298415	0.29123	0.321852	0.323506	0.29449	0.32195	0.306522	0.296239	0.296321	0.30576	0.302593	0.319631	0.332585	0.324012	0.31289	0.289017	0.3012	0.29199	0.305704	0.287904	0.316133	0.304769	0.302226	0.306766	0.307357	0.302125	0.306767	0.304819	0.302827	0.292824	0.27926	0.286564	0.296567	0.287453	0.315622	0.287409	0.311702	0.290353	0.283084	0.258254	0.265613	0.271427	0.277441	0.277436	0.277514	0.288168	0.264385	0.291322	0.274892	0.28968	0.271785	0.268187	0.27541	0.281938	0.294044	0.298379	0.304829	0.318436	0.293407	0.291033	0.283032	0.26909	0.273583	0.273831	0.259515	0.283316	0.284949	0.282989	0.274174	0.279046	0.290585	0.290945	0.289085	0.281731	0.278385	0.262303	0.28749	0.273432	0.260825	0.274064	0.237799	0.152447	0.194696	0.177474	0.159207	0.0444872	0	0.0861526	0.150736	0.135921	0.151164	0.170732	0.175371	0.173093	0.168484	0.168085	0.12298	0.133786	0.131633	0.156517	0.149727	0.154161	0.118079	0.125571	0.130035	0.122267	0.131425	0.130195	0.126377	0.106696	0.100383	0.247661	0.249934	0.207141	0.218914	0.197839	0.181787	0.185391	0.108175	0.124692	0.171683	0.180289	0.118132	0.113543	0.165137	0.170551	0.15447	0.220288	0.197707	0.189584	0.193475	0.143029	0.136372	0.151617	0.154732	0.158509	0.192993	0.177983	0.193683	0.202259	0.192588	0.180005	0.219525	0.192698	0.208003	0.299259	0.281901	0.30425	0.287412	0.242233	0.245048	0.179856	0.180813	0.298589	0.322376	0.161984	0.173862	0.158835	0.158845	0.170253	0.170257	0.171484	0.166711	0.165507	0.156898	0.15397	0.186461	0.184475	0.280022	0.175008	0.180214	0.152874	0.217929	0.219539	0.224877	0.224782	0.154728	0.175333	0.178278	0.14004	0.147321	0.14379	0.14413	0.264484	0.316409	0.32507	0.311227	0.349151	0.325077	0.333721	0.33631	0.321397	0.317403	0.280072	0.282439	0.283519	0.290999	0.282808	0.271518	0.218707	0.21198	0.260994	0.263208	0.259781	0.258677	0.324693	0.32617	0.274956	0.28351	0.283779	0.1786	0.191035	0.181108	0.134189	0.189836	0.190673	0.167926	0.184363	0.182681	0.172782	0.229389	0.245573	0.197039	0.168591	0.195905	0.185462	0.196333	0.201337	0.191269	0.175174	0.192001	0.175838	0.127567	0.234351	0.223217	0.244697	0.149484	0.156352	0.172378	0.16432	0.162088	0.189225	0.193757	0.151308	0.124022	0.121197	0.128963	0.129003	0.129711	0.142607	0.153864	0.273032	0.298433	0.299023	0.291862	0.297963	0.293229	0.320331	0.358388	0.29853	0.314823	0.306888	0.338294
Tauraco_erythrolophus	0.288412	0.306663	0.310932	0.358406	0.330792	0.313694	0.339734	0.337496	0.298263	0.328585	0.3408	0.319914	0.336055	0.326436	0.33212	0.327398	0.312633	0.316995	0.33365	0.353526	0.326192	0.337277	0.331436	0.329126	0.347529	0.346719	0.340832	0.320685	0.323444	0.334314	0.326225	0.312544	0.354335	0.342882	0.352955	0.346203	0.347273	0.348597	0.343134	0.332376	0.345004	0.350966	0.325824	0.318721	0.322043	0.324115	0.308578	0.31389	0.310552	0.307701	0.314921	0.309423	0.307975	0.309974	0.308537	0.318969	0.314742	0.313236	0.321516	0.355599	0.353896	0.332344	0.332099	0.308002	0.311463	0.316024	0.308839	0.339461	0.341115	0.312099	0.339559	0.324131	0.313849	0.31393	0.323369	0.320202	0.33724	0.350194	0.341622	0.3305	0.306626	0.318809	0.3096	0.323314	0.305513	0.333742	0.322379	0.319835	0.324375	0.324967	0.319734	0.324376	0.322429	0.320437	0.310434	0.29687	0.304174	0.314176	0.305062	0.333232	0.305018	0.329311	0.307962	0.300694	0.275863	0.283223	0.289036	0.29505	0.295045	0.295124	0.305777	0.281994	0.308932	0.292501	0.30729	0.289395	0.285796	0.293019	0.299547	0.311653	0.315988	0.322438	0.336045	0.311017	0.308643	0.300641	0.2867	0.291193	0.29144	0.277125	0.300926	0.302559	0.300598	0.291783	0.296655	0.308194	0.308554	0.306695	0.29934	0.295995	0.279912	0.305099	0.291042	0.278435	0.291673	0.255409	0.170056	0.212305	0.195083	0.176816	0.0885779	0.0861526	0	0.168345	0.15353	0.168774	0.188342	0.192981	0.190702	0.186093	0.185694	0.14059	0.151396	0.149242	0.174127	0.167336	0.17177	0.135688	0.14318	0.147645	0.139876	0.149034	0.147804	0.143986	0.124306	0.117993	0.26527	0.267544	0.224751	0.236523	0.215448	0.199397	0.203	0.125784	0.142302	0.189292	0.197898	0.135742	0.131153	0.182746	0.18816	0.172079	0.237897	0.215317	0.207194	0.211085	0.160638	0.153981	0.169227	0.172342	0.176118	0.210602	0.195592	0.211293	0.219869	0.210197	0.197614	0.237135	0.210308	0.225612	0.316868	0.29951	0.32186	0.305021	0.259842	0.262657	0.197465	0.198422	0.316198	0.339986	0.179593	0.191471	0.176445	0.176455	0.187863	0.187867	0.189093	0.184321	0.183116	0.174507	0.171579	0.20407	0.202085	0.297632	0.192617	0.197824	0.170484	0.235538	0.237148	0.242487	0.242392	0.172337	0.192943	0.195887	0.157649	0.164931	0.1614	0.16174	0.282094	0.334018	0.342679	0.328836	0.36676	0.342687	0.351331	0.353919	0.339007	0.335012	0.297682	0.300049	0.301128	0.308608	0.300417	0.289127	0.236316	0.229589	0.278603	0.280817	0.277391	0.276287	0.342303	0.343779	0.292565	0.30112	0.301389	0.196209	0.208645	0.198717	0.151799	0.207445	0.208283	0.185535	0.201972	0.200291	0.190391	0.246998	0.263182	0.214648	0.1862	0.213514	0.203071	0.213942	0.218946	0.208878	0.192784	0.20961	0.193447	0.145177	0.251961	0.240826	0.262306	0.167093	0.173961	0.189988	0.181929	0.179697	0.206835	0.211367	0.168918	0.141632	0.138807	0.146572	0.146612	0.14732	0.160217	0.171473	0.290642	0.316043	0.316632	0.309472	0.315572	0.310838	0.337941	0.375997	0.316139	0.332432	0.324497	0.355904
Steatornis_caripensis	0.282949	0.3012	0.305469	0.352943	0.325329	0.308231	0.334271	0.332033	0.2928	0.323122	0.335337	0.314451	0.330592	0.320973	0.326657	0.321935	0.30717	0.311532	0.328187	0.348063	0.320729	0.331814	0.325973	0.323663	0.342066	0.341256	0.335369	0.315222	0.317981	0.328851	0.320762	0.30708	0.348872	0.337419	0.347492	0.34074	0.34181	0.343134	0.337671	0.326913	0.339541	0.345503	0.32036	0.313258	0.31658	0.318652	0.303115	0.308427	0.305089	0.302238	0.309458	0.30396	0.302512	0.304511	0.303074	0.313506	0.309278	0.307773	0.316053	0.350136	0.348433	0.326881	0.326636	0.302539	0.306	0.310561	0.303376	0.333998	0.335652	0.306636	0.334096	0.318668	0.308386	0.308467	0.317906	0.314739	0.331777	0.344731	0.336159	0.325037	0.301163	0.313346	0.304137	0.317851	0.30005	0.328279	0.316916	0.314372	0.318912	0.319504	0.314271	0.318913	0.316966	0.314974	0.304971	0.291407	0.298711	0.308713	0.299599	0.327769	0.299555	0.323848	0.302499	0.295231	0.2704	0.27776	0.283573	0.289587	0.289582	0.289661	0.300314	0.276531	0.303469	0.287038	0.301827	0.283932	0.280333	0.287556	0.294084	0.30619	0.310525	0.316975	0.330582	0.305554	0.30318	0.295178	0.281237	0.28573	0.285977	0.271662	0.295462	0.297096	0.295135	0.28632	0.291192	0.302731	0.303091	0.301232	0.293877	0.290532	0.274449	0.299636	0.285579	0.272972	0.28621	0.249946	0.164593	0.206842	0.18962	0.171353	0.153161	0.150736	0.168345	0	0.148067	0.163311	0.182879	0.187518	0.185239	0.18063	0.180231	0.135127	0.145933	0.143779	0.168664	0.161873	0.166307	0.130225	0.137717	0.142182	0.134413	0.143571	0.142341	0.138523	0.118843	0.112529	0.259807	0.262081	0.219287	0.23106	0.209985	0.193934	0.197537	0.120321	0.136839	0.183829	0.192435	0.130279	0.12569	0.177283	0.182697	0.166616	0.232434	0.209854	0.201731	0.205622	0.155175	0.148518	0.163764	0.166879	0.170655	0.205139	0.190129	0.20583	0.214406	0.204734	0.192151	0.231672	0.204845	0.220149	0.311405	0.294047	0.316397	0.299558	0.254379	0.257194	0.192002	0.192959	0.310735	0.334523	0.17413	0.186008	0.170982	0.170992	0.1824	0.182404	0.18363	0.178858	0.177653	0.169044	0.166116	0.198607	0.196622	0.292169	0.187154	0.192361	0.165021	0.230075	0.231685	0.237024	0.236929	0.166874	0.18748	0.190424	0.152186	0.159467	0.155937	0.156277	0.276631	0.328555	0.337216	0.323373	0.361297	0.337224	0.345868	0.348456	0.333544	0.329549	0.292219	0.294586	0.295665	0.303145	0.294954	0.283664	0.230853	0.224126	0.27314	0.275354	0.271928	0.270824	0.33684	0.338316	0.287102	0.295657	0.295926	0.190746	0.203182	0.193254	0.146336	0.201982	0.20282	0.180072	0.196509	0.194828	0.184928	0.241535	0.257719	0.209185	0.180737	0.208051	0.197608	0.208479	0.213483	0.203415	0.187321	0.204147	0.187984	0.139714	0.246498	0.235363	0.256843	0.16163	0.168498	0.184525	0.176466	0.174234	0.201372	0.205904	0.163455	0.136169	0.133343	0.141109	0.141149	0.141857	0.154754	0.16601	0.285179	0.31058	0.311169	0.304009	0.310109	0.305375	0.332478	0.370534	0.310676	0.326969	0.319034	0.350441
Anhinga_anhinga	0.26813	0.286381	0.29065	0.338124	0.310511	0.293412	0.319452	0.317214	0.277981	0.308303	0.320518	0.299632	0.315773	0.306154	0.311838	0.307116	0.292351	0.296713	0.313368	0.333244	0.305911	0.316995	0.311155	0.308844	0.327247	0.326437	0.32055	0.300404	0.303162	0.314032	0.305943	0.292262	0.334053	0.3226	0.332673	0.325921	0.326991	0.328315	0.322852	0.312094	0.324722	0.330685	0.305542	0.298439	0.301761	0.303833	0.288296	0.293609	0.29027	0.287419	0.294639	0.289141	0.287693	0.289692	0.288255	0.298687	0.29446	0.292954	0.301234	0.335317	0.333614	0.312062	0.311817	0.28772	0.291182	0.295742	0.288557	0.319179	0.320833	0.291817	0.319277	0.303849	0.293567	0.293648	0.303087	0.29992	0.316958	0.329912	0.32134	0.310218	0.286344	0.298528	0.289318	0.303032	0.285231	0.31346	0.302097	0.299553	0.304093	0.304685	0.299452	0.304094	0.302147	0.300155	0.290152	0.276588	0.283892	0.293895	0.28478	0.31295	0.284736	0.30903	0.28768	0.280412	0.255581	0.262941	0.268754	0.274768	0.274763	0.274842	0.285495	0.261712	0.28865	0.272219	0.287008	0.269113	0.265514	0.272737	0.279265	0.291371	0.295706	0.302156	0.315763	0.290735	0.288361	0.280359	0.266418	0.270911	0.271158	0.256843	0.280644	0.282277	0.280316	0.271501	0.276373	0.287912	0.288272	0.286413	0.279059	0.275713	0.25963	0.284817	0.27076	0.258153	0.271392	0.235127	0.149776	0.192025	0.174803	0.156536	0.138346	0.135921	0.15353	0.148067	0	0.053982	0.105492	0.11013	0.107852	0.103243	0.102844	0.104926	0.121927	0.119773	0.144657	0.137867	0.142301	0.106219	0.113711	0.127363	0.119594	0.128752	0.127522	0.123704	0.104024	0.0977106	0.244988	0.247262	0.204469	0.216241	0.195166	0.179115	0.182718	0.105503	0.12202	0.169011	0.177617	0.11546	0.110871	0.162464	0.167878	0.151797	0.217615	0.195035	0.186912	0.190803	0.140356	0.133699	0.148945	0.15206	0.155836	0.19032	0.17531	0.191011	0.199587	0.189915	0.177332	0.216853	0.190026	0.20533	0.296586	0.279228	0.301578	0.28474	0.23956	0.242375	0.177183	0.17814	0.295916	0.319704	0.159312	0.171189	0.156163	0.156173	0.167581	0.167585	0.168811	0.164039	0.162834	0.154226	0.151297	0.183788	0.181803	0.27735	0.172335	0.177542	0.150202	0.215256	0.216866	0.222205	0.22211	0.152056	0.172661	0.175606	0.137367	0.144649	0.141118	0.141458	0.261812	0.313736	0.322398	0.308555	0.346478	0.322405	0.331049	0.333637	0.318725	0.31473	0.2774	0.279767	0.280846	0.288326	0.280135	0.268845	0.216034	0.209307	0.258322	0.260535	0.257109	0.256005	0.322021	0.323498	0.272283	0.280838	0.281107	0.175927	0.188363	0.178436	0.131517	0.187163	0.188001	0.165253	0.18169	0.180009	0.170109	0.226716	0.2429	0.194366	0.165918	0.193232	0.182789	0.193661	0.198664	0.188596	0.172502	0.189328	0.173165	0.124895	0.231679	0.220544	0.242024	0.146811	0.153679	0.169706	0.161647	0.159415	0.186553	0.191085	0.148636	0.12135	0.118525	0.12629	0.12633	0.127038	0.139935	0.151191	0.27036	0.295761	0.29635	0.28919	0.29529	0.290556	0.317659	0.355715	0.295857	0.312151	0.304215	0.335622
Anhinga_rufa	0.283374	0.301625	0.305894	0.353368	0.325754	0.308656	0.334696	0.332458	0.293225	0.323547	0.335761	0.314876	0.331017	0.321398	0.327082	0.322359	0.307594	0.311956	0.328611	0.348487	0.321154	0.332238	0.326398	0.324087	0.34249	0.341681	0.335794	0.315647	0.318405	0.329275	0.321186	0.307505	0.349296	0.337844	0.347917	0.341165	0.342235	0.343559	0.338095	0.327337	0.339966	0.345928	0.320785	0.313682	0.317004	0.319077	0.303539	0.308852	0.305513	0.302663	0.309882	0.304385	0.302936	0.304936	0.303498	0.313931	0.309703	0.308198	0.316478	0.350561	0.348858	0.327305	0.327061	0.302964	0.306425	0.310986	0.303801	0.334423	0.336077	0.307061	0.334521	0.319093	0.30881	0.308892	0.318331	0.315164	0.332202	0.345156	0.336583	0.325461	0.301588	0.313771	0.304561	0.318275	0.300475	0.328704	0.31734	0.314797	0.319337	0.319928	0.314696	0.319338	0.31739	0.315398	0.305395	0.291831	0.299135	0.309138	0.300024	0.328193	0.29998	0.324273	0.302924	0.295655	0.270825	0.278184	0.283998	0.290012	0.290007	0.290085	0.300739	0.276956	0.303893	0.287463	0.302251	0.284356	0.280758	0.287981	0.294509	0.306615	0.31095	0.3174	0.331007	0.305978	0.303604	0.295603	0.281661	0.286154	0.286402	0.272086	0.295887	0.29752	0.29556	0.286745	0.291617	0.303156	0.303516	0.301656	0.294302	0.290956	0.274874	0.300061	0.286003	0.273396	0.286635	0.25037	0.16502	0.207269	0.190047	0.17178	0.153589	0.151164	0.168774	0.163311	0.053982	0	0.120735	0.125374	0.123095	0.118486	0.118088	0.120169	0.13717	0.135016	0.159901	0.153111	0.157545	0.121463	0.128955	0.142606	0.134838	0.143996	0.142766	0.138948	0.119267	0.112954	0.260232	0.262505	0.219712	0.231485	0.21041	0.194358	0.197962	0.120746	0.137263	0.184254	0.19286	0.130703	0.126114	0.177708	0.183122	0.167041	0.232859	0.210278	0.202155	0.206046	0.1556	0.148943	0.164188	0.167303	0.17108	0.205564	0.190554	0.206254	0.21483	0.205159	0.192576	0.232096	0.205269	0.220574	0.31183	0.294472	0.316821	0.299983	0.254804	0.257619	0.192427	0.193384	0.31116	0.334947	0.174555	0.186433	0.171406	0.171416	0.182824	0.182828	0.184055	0.179282	0.178078	0.169469	0.166541	0.199032	0.197046	0.292593	0.187579	0.192785	0.165445	0.2305	0.23211	0.237448	0.237353	0.167299	0.187904	0.190849	0.152611	0.159892	0.156361	0.156701	0.277055	0.32898	0.337641	0.323798	0.361722	0.337648	0.346292	0.348881	0.333968	0.329974	0.292643	0.29501	0.29609	0.30357	0.295379	0.284089	0.231278	0.224551	0.273565	0.275779	0.272352	0.271248	0.337264	0.338741	0.287527	0.296081	0.29635	0.191171	0.203606	0.193679	0.14676	0.202407	0.203244	0.180497	0.196934	0.195252	0.185353	0.24196	0.258144	0.20961	0.181162	0.208476	0.198033	0.208904	0.213908	0.20384	0.187745	0.204572	0.188409	0.140138	0.246922	0.235788	0.257268	0.162055	0.168923	0.184949	0.176891	0.174659	0.201796	0.206329	0.163879	0.136593	0.133768	0.141534	0.141574	0.142282	0.155178	0.166435	0.285603	0.311004	0.311594	0.304433	0.310534	0.3058	0.332902	0.370959	0.311101	0.327394	0.319459	0.350865
Phalacrocorax_auritus	0.302942	0.321193	0.325462	0.372936	0.345322	0.328224	0.354264	0.352026	0.312793	0.343115	0.35533	0.334444	0.350585	0.340966	0.34665	0.341928	0.327162	0.331524	0.348179	0.368056	0.340722	0.351806	0.345966	0.343656	0.362059	0.361249	0.355362	0.335215	0.337974	0.348844	0.340755	0.327073	0.368865	0.357412	0.367485	0.360733	0.361803	0.363127	0.357663	0.346906	0.359534	0.365496	0.340353	0.333251	0.336573	0.338645	0.323108	0.32842	0.325082	0.322231	0.32945	0.323953	0.322504	0.324504	0.323067	0.333499	0.329271	0.327766	0.336046	0.370129	0.368426	0.346874	0.346629	0.322532	0.325993	0.330554	0.323369	0.353991	0.355645	0.326629	0.354089	0.338661	0.328379	0.32846	0.337899	0.334732	0.35177	0.364724	0.356152	0.345029	0.321156	0.333339	0.32413	0.337843	0.320043	0.348272	0.336909	0.334365	0.338905	0.339496	0.334264	0.338906	0.336958	0.334966	0.324964	0.3114	0.318704	0.328706	0.319592	0.347762	0.319548	0.343841	0.322492	0.315224	0.290393	0.297753	0.303566	0.30958	0.309575	0.309654	0.320307	0.296524	0.323462	0.307031	0.32182	0.303925	0.300326	0.307549	0.314077	0.326183	0.330518	0.336968	0.350575	0.325546	0.323172	0.315171	0.30123	0.305722	0.30597	0.291655	0.315455	0.317088	0.315128	0.306313	0.311185	0.322724	0.323084	0.321225	0.31387	0.310525	0.294442	0.319629	0.305571	0.292964	0.306203	0.269939	0.184588	0.226837	0.209615	0.191348	0.173158	0.170732	0.188342	0.182879	0.105492	0.120735	0	0.0106156	0.0106728	0.0141434	0.0177058	0.139738	0.156738	0.154585	0.179469	0.172679	0.177113	0.141031	0.148523	0.162174	0.154406	0.163564	0.162334	0.158516	0.138836	0.132522	0.2798	0.282074	0.23928	0.251053	0.229978	0.213927	0.21753	0.140314	0.156831	0.203822	0.212428	0.150272	0.145683	0.197276	0.20269	0.186609	0.252427	0.229847	0.221724	0.225615	0.175168	0.168511	0.183757	0.186872	0.190648	0.225132	0.210122	0.225823	0.234398	0.224727	0.212144	0.251665	0.224837	0.240142	0.331398	0.31404	0.33639	0.319551	0.274372	0.277187	0.211995	0.212952	0.330728	0.354515	0.194123	0.206001	0.190975	0.190984	0.202393	0.202397	0.203623	0.198851	0.197646	0.189037	0.186109	0.2186	0.216615	0.312161	0.207147	0.212354	0.185014	0.250068	0.251678	0.257016	0.256922	0.186867	0.207473	0.210417	0.172179	0.17946	0.17593	0.17627	0.296624	0.348548	0.357209	0.343366	0.38129	0.357217	0.365861	0.368449	0.353537	0.349542	0.312212	0.314579	0.315658	0.323138	0.314947	0.303657	0.250846	0.244119	0.293133	0.295347	0.291921	0.290817	0.356833	0.358309	0.307095	0.315649	0.315918	0.210739	0.223174	0.213247	0.166328	0.221975	0.222813	0.200065	0.216502	0.214821	0.204921	0.261528	0.277712	0.229178	0.20073	0.228044	0.217601	0.228472	0.233476	0.223408	0.207314	0.22414	0.207977	0.159706	0.26649	0.255356	0.276836	0.181623	0.188491	0.204517	0.196459	0.194227	0.221365	0.225897	0.183448	0.156162	0.153336	0.161102	0.161142	0.16185	0.174747	0.186003	0.305172	0.330573	0.331162	0.324002	0.330102	0.325368	0.35247	0.390527	0.330669	0.346962	0.339027	0.370433
Phalacrocorax_harrisi	0.307581	0.325832	0.330101	0.377575	0.349961	0.332863	0.358903	0.356665	0.317432	0.347754	0.359969	0.339083	0.355224	0.345605	0.351289	0.346566	0.331801	0.336163	0.352818	0.372695	0.345361	0.356445	0.350605	0.348294	0.366698	0.365888	0.360001	0.339854	0.342613	0.353483	0.345393	0.331712	0.373503	0.362051	0.372124	0.365372	0.366442	0.367766	0.362302	0.351544	0.364173	0.370135	0.344992	0.337889	0.341212	0.343284	0.327747	0.333059	0.32972	0.32687	0.334089	0.328592	0.327143	0.329143	0.327705	0.338138	0.33391	0.332405	0.340685	0.374768	0.373065	0.351513	0.351268	0.327171	0.330632	0.335193	0.328008	0.35863	0.360284	0.331268	0.358728	0.3433	0.333018	0.333099	0.342538	0.339371	0.356409	0.369363	0.36079	0.349668	0.325795	0.337978	0.328768	0.342482	0.324682	0.352911	0.341547	0.339004	0.343544	0.344135	0.338903	0.343545	0.341597	0.339605	0.329602	0.316039	0.323342	0.333345	0.324231	0.352401	0.324187	0.34848	0.327131	0.319863	0.295032	0.302391	0.308205	0.314219	0.314214	0.314293	0.324946	0.301163	0.3281	0.31167	0.326458	0.308564	0.304965	0.312188	0.318716	0.330822	0.335157	0.341607	0.355214	0.330185	0.327811	0.31981	0.305868	0.310361	0.310609	0.296293	0.320094	0.321727	0.319767	0.310952	0.315824	0.327363	0.327723	0.325864	0.318509	0.315163	0.299081	0.324268	0.31021	0.297603	0.310842	0.274577	0.189227	0.231476	0.214254	0.195987	0.177796	0.175371	0.192981	0.187518	0.11013	0.125374	0.0106156	0	0.0153116	0.0187822	0.0223447	0.144376	0.161377	0.159223	0.184108	0.177318	0.181752	0.14567	0.153162	0.166813	0.159045	0.168203	0.166973	0.163155	0.143474	0.137161	0.284439	0.286712	0.243919	0.255692	0.234617	0.218565	0.222169	0.144953	0.16147	0.208461	0.217067	0.15491	0.150321	0.201915	0.207329	0.191248	0.257066	0.234486	0.226363	0.230254	0.179807	0.17315	0.188395	0.19151	0.195287	0.229771	0.214761	0.230461	0.239037	0.229366	0.216783	0.256304	0.229476	0.244781	0.336037	0.318679	0.341028	0.32419	0.279011	0.281826	0.216634	0.217591	0.335367	0.359154	0.198762	0.21064	0.195614	0.195623	0.207031	0.207035	0.208262	0.20349	0.202285	0.193676	0.190748	0.223239	0.221254	0.3168	0.211786	0.216992	0.189652	0.254707	0.256317	0.261655	0.26156	0.191506	0.212111	0.215056	0.176818	0.184099	0.180568	0.180909	0.301262	0.353187	0.361848	0.348005	0.385929	0.361855	0.3705	0.373088	0.358175	0.354181	0.31685	0.319218	0.320297	0.327777	0.319586	0.308296	0.255485	0.248758	0.297772	0.299986	0.29656	0.295455	0.361471	0.362948	0.311734	0.320288	0.320557	0.215378	0.227813	0.217886	0.170967	0.226614	0.227451	0.204704	0.221141	0.219459	0.20956	0.266167	0.282351	0.233817	0.205369	0.232683	0.22224	0.233111	0.238115	0.228047	0.211952	0.228779	0.212616	0.164345	0.271129	0.259995	0.281475	0.186262	0.19313	0.209156	0.201098	0.198866	0.226003	0.230536	0.188086	0.1608	0.157975	0.165741	0.165781	0.166489	0.179386	0.190642	0.30981	0.335212	0.335801	0.328641	0.334741	0.330007	0.357109	0.395166	0.335308	0.351601	0.343666	0.375072
Phalacrocorax_brasilianus	0.305302	0.323553	0.327822	0.375296	0.347682	0.330584	0.356624	0.354386	0.315153	0.345475	0.35769	0.336804	0.352945	0.343326	0.34901	0.344288	0.329523	0.333885	0.35054	0.370416	0.343082	0.354167	0.348326	0.346016	0.364419	0.363609	0.357722	0.337575	0.340334	0.351204	0.343115	0.329434	0.371225	0.359772	0.369845	0.363093	0.364163	0.365487	0.360024	0.349266	0.361894	0.367856	0.342714	0.335611	0.338933	0.341005	0.325468	0.33078	0.327442	0.324591	0.331811	0.326313	0.324865	0.326864	0.325427	0.335859	0.331632	0.330126	0.338406	0.372489	0.370786	0.349234	0.348989	0.324892	0.328353	0.332914	0.325729	0.356351	0.358005	0.328989	0.356449	0.341021	0.330739	0.33082	0.340259	0.337092	0.35413	0.367084	0.358512	0.34739	0.323516	0.335699	0.32649	0.340204	0.322403	0.350632	0.339269	0.336725	0.341265	0.341857	0.336624	0.341266	0.339319	0.337327	0.327324	0.31376	0.321064	0.331066	0.321952	0.350122	0.321908	0.346201	0.324852	0.317584	0.292753	0.300113	0.305926	0.31194	0.311935	0.312014	0.322667	0.298884	0.325822	0.309391	0.32418	0.306285	0.302686	0.309909	0.316437	0.328543	0.332878	0.339328	0.352935	0.327907	0.325533	0.317531	0.30359	0.308083	0.30833	0.294015	0.317816	0.319449	0.317488	0.308673	0.313545	0.325084	0.325444	0.323585	0.31623	0.312885	0.296802	0.321989	0.307932	0.295325	0.308563	0.272299	0.186948	0.229197	0.211975	0.193708	0.175518	0.173093	0.190702	0.185239	0.107852	0.123095	0.0106728	0.0153116	0	0.0165035	0.020066	0.142098	0.159099	0.156945	0.181829	0.175039	0.179473	0.143391	0.150883	0.164535	0.156766	0.165924	0.164694	0.160876	0.141196	0.134883	0.28216	0.284434	0.241641	0.253413	0.232338	0.216287	0.21989	0.142674	0.159192	0.206182	0.214788	0.152632	0.148043	0.199636	0.20505	0.188969	0.254787	0.232207	0.224084	0.227975	0.177528	0.170871	0.186117	0.189232	0.193008	0.227492	0.212482	0.228183	0.236759	0.227087	0.214504	0.254025	0.227198	0.242502	0.333758	0.3164	0.33875	0.321911	0.276732	0.279547	0.214355	0.215312	0.333088	0.356876	0.196483	0.208361	0.193335	0.193345	0.204753	0.204757	0.205983	0.201211	0.200006	0.191397	0.188469	0.22096	0.218975	0.314522	0.209507	0.214714	0.187374	0.252428	0.254038	0.259377	0.259282	0.189227	0.209833	0.212777	0.174539	0.181821	0.17829	0.17863	0.298984	0.350908	0.359569	0.345726	0.38365	0.359577	0.368221	0.370809	0.355897	0.351902	0.314572	0.316939	0.318018	0.325498	0.317307	0.306017	0.253206	0.246479	0.295493	0.297707	0.294281	0.293177	0.359193	0.360669	0.309455	0.31801	0.318279	0.213099	0.225535	0.215607	0.168689	0.224335	0.225173	0.202425	0.218862	0.217181	0.207281	0.263888	0.280072	0.231538	0.20309	0.230404	0.219961	0.230832	0.235836	0.225768	0.209674	0.2265	0.210337	0.162067	0.268851	0.257716	0.279196	0.183983	0.190851	0.206878	0.198819	0.196587	0.223725	0.228257	0.185808	0.158522	0.155697	0.163462	0.163502	0.16421	0.177107	0.188363	0.307532	0.332933	0.333522	0.326362	0.332462	0.327728	0.354831	0.392887	0.333029	0.349322	0.341387	0.372794
Phalacrocorax_pelagicus	0.300693	0.318944	0.323213	0.370687	0.343073	0.325975	0.352015	0.349777	0.310544	0.340866	0.353081	0.332195	0.348336	0.338717	0.344401	0.339679	0.324914	0.329276	0.345931	0.365807	0.338473	0.349558	0.343717	0.341407	0.35981	0.359	0.353113	0.332966	0.335725	0.346595	0.338506	0.324825	0.366616	0.355163	0.365236	0.358484	0.359554	0.360878	0.355415	0.344657	0.357285	0.363247	0.338105	0.331002	0.334324	0.336396	0.320859	0.326171	0.322833	0.319982	0.327202	0.321704	0.320256	0.322255	0.320818	0.33125	0.327023	0.325517	0.333797	0.36788	0.366177	0.344625	0.34438	0.320283	0.323744	0.328305	0.32112	0.351742	0.353396	0.32438	0.35184	0.336412	0.32613	0.326211	0.33565	0.332483	0.349521	0.362475	0.353903	0.342781	0.318907	0.33109	0.321881	0.335595	0.317794	0.346023	0.33466	0.332116	0.336656	0.337248	0.332015	0.336657	0.33471	0.332718	0.322715	0.309151	0.316455	0.326457	0.317343	0.345513	0.317299	0.341592	0.320243	0.312975	0.288144	0.295504	0.301317	0.307331	0.307326	0.307405	0.318058	0.294275	0.321213	0.304782	0.319571	0.301676	0.298077	0.3053	0.311828	0.323934	0.328269	0.334719	0.348326	0.323298	0.320924	0.312922	0.298981	0.303474	0.303721	0.289406	0.313206	0.31484	0.312879	0.304064	0.308936	0.320475	0.320835	0.318976	0.311621	0.308276	0.292193	0.31738	0.303323	0.290716	0.303954	0.26769	0.182339	0.224588	0.207366	0.189099	0.170909	0.168484	0.186093	0.18063	0.103243	0.118486	0.0141434	0.0187822	0.0165035	0	0.015457	0.137489	0.15449	0.152336	0.17722	0.17043	0.174864	0.138782	0.146274	0.159926	0.152157	0.161315	0.160085	0.156267	0.136587	0.130274	0.277551	0.279825	0.237032	0.248804	0.227729	0.211678	0.215281	0.138065	0.154583	0.201573	0.210179	0.148023	0.143434	0.195027	0.200441	0.18436	0.250178	0.227598	0.219475	0.223366	0.172919	0.166262	0.181508	0.184623	0.188399	0.222883	0.207873	0.223574	0.23215	0.222478	0.209895	0.249416	0.222589	0.237893	0.329149	0.311791	0.334141	0.317302	0.272123	0.274938	0.209746	0.210703	0.328479	0.352267	0.191874	0.203752	0.188726	0.188736	0.200144	0.200148	0.201374	0.196602	0.195397	0.186788	0.18386	0.216351	0.214366	0.309913	0.204898	0.210105	0.182765	0.247819	0.249429	0.254768	0.254673	0.184618	0.205224	0.208168	0.16993	0.177211	0.173681	0.174021	0.294375	0.346299	0.35496	0.341117	0.379041	0.354968	0.363612	0.3662	0.351288	0.347293	0.309963	0.31233	0.313409	0.320889	0.312698	0.301408	0.248597	0.24187	0.290884	0.293098	0.289672	0.288568	0.354584	0.35606	0.304846	0.313401	0.31367	0.20849	0.220926	0.210998	0.16408	0.219726	0.220564	0.197816	0.214253	0.212572	0.202672	0.259279	0.275463	0.226929	0.198481	0.225795	0.215352	0.226223	0.231227	0.221159	0.205065	0.221891	0.205728	0.157458	0.264242	0.253107	0.274587	0.179374	0.186242	0.202269	0.19421	0.191978	0.219116	0.223648	0.181199	0.153913	0.151088	0.158853	0.158893	0.159601	0.172498	0.183754	0.302923	0.328324	0.328913	0.321753	0.327853	0.323119	0.350222	0.388278	0.32842	0.344713	0.336778	0.368185
Phalacrocorax_carbo	0.300294	0.318545	0.322814	0.370289	0.342675	0.325577	0.351617	0.349379	0.310145	0.340468	0.352682	0.331796	0.347938	0.338319	0.344003	0.33928	0.324515	0.328877	0.345532	0.365408	0.338075	0.349159	0.343319	0.341008	0.359411	0.358602	0.352715	0.332568	0.335326	0.346196	0.338107	0.324426	0.366217	0.354764	0.364838	0.358086	0.359155	0.36048	0.355016	0.344258	0.356886	0.362849	0.337706	0.330603	0.333925	0.335997	0.32046	0.325773	0.322434	0.319583	0.326803	0.321306	0.319857	0.321857	0.320419	0.330851	0.326624	0.325118	0.333398	0.367481	0.365778	0.344226	0.343982	0.319884	0.323346	0.327907	0.320721	0.351344	0.352997	0.323981	0.351441	0.336014	0.325731	0.325812	0.335252	0.332085	0.349123	0.362077	0.353504	0.342382	0.318508	0.330692	0.321482	0.335196	0.317396	0.345625	0.334261	0.331717	0.336258	0.336849	0.331616	0.336259	0.334311	0.332319	0.322316	0.308752	0.316056	0.326059	0.316944	0.345114	0.3169	0.341194	0.319845	0.312576	0.287745	0.295105	0.300919	0.306933	0.306928	0.307006	0.31766	0.293876	0.320814	0.304384	0.319172	0.301277	0.297678	0.304902	0.31143	0.323535	0.32787	0.33432	0.347927	0.322899	0.320525	0.312524	0.298582	0.303075	0.303323	0.289007	0.312808	0.314441	0.312481	0.303665	0.308538	0.320077	0.320437	0.318577	0.311223	0.307877	0.291794	0.316982	0.302924	0.290317	0.303556	0.267291	0.18194	0.22419	0.206968	0.188701	0.17051	0.168085	0.185694	0.180231	0.102844	0.118088	0.0177058	0.0223447	0.020066	0.015457	0	0.13709	0.154091	0.151937	0.176822	0.170031	0.174465	0.138384	0.145876	0.159527	0.151758	0.160916	0.159686	0.155869	0.136188	0.129875	0.277152	0.279426	0.236633	0.248406	0.22733	0.211279	0.214882	0.137667	0.154184	0.201175	0.209781	0.147624	0.143035	0.194629	0.200043	0.183962	0.249779	0.227199	0.219076	0.222967	0.172521	0.165864	0.181109	0.184224	0.188001	0.222484	0.207474	0.223175	0.231751	0.22208	0.209496	0.249017	0.22219	0.237495	0.328751	0.311392	0.333742	0.316904	0.271724	0.274539	0.209347	0.210305	0.328081	0.351868	0.191476	0.203354	0.188327	0.188337	0.199745	0.199749	0.200975	0.196203	0.194999	0.18639	0.183461	0.215953	0.213967	0.309514	0.2045	0.209706	0.182366	0.24742	0.24903	0.254369	0.254274	0.18422	0.204825	0.20777	0.169532	0.176813	0.173282	0.173622	0.293976	0.345901	0.354562	0.340719	0.378643	0.354569	0.363213	0.365802	0.350889	0.346895	0.309564	0.311931	0.313011	0.32049	0.312299	0.301009	0.248199	0.241471	0.290486	0.2927	0.289273	0.288169	0.354185	0.355662	0.304448	0.313002	0.313271	0.208092	0.220527	0.2106	0.163681	0.219327	0.220165	0.197418	0.213854	0.212173	0.202274	0.25888	0.275065	0.226531	0.198083	0.225396	0.214954	0.225825	0.230828	0.220761	0.204666	0.221493	0.20533	0.157059	0.263843	0.252708	0.274188	0.178976	0.185844	0.20187	0.193812	0.19158	0.218717	0.223249	0.1808	0.153514	0.150689	0.158455	0.158494	0.159202	0.172099	0.183355	0.302524	0.327925	0.328514	0.321354	0.327455	0.32272	0.349823	0.38788	0.328021	0.344315	0.336379	0.367786
Fregata_magnificens	0.25519	0.273441	0.27771	0.325184	0.29757	0.280472	0.306512	0.304274	0.265041	0.295363	0.307578	0.286692	0.302833	0.293214	0.298898	0.294176	0.27941	0.283772	0.300427	0.320304	0.29297	0.304054	0.298214	0.295904	0.314307	0.313497	0.30761	0.287463	0.290222	0.301092	0.293003	0.279321	0.321113	0.30966	0.319733	0.312981	0.314051	0.315375	0.309911	0.299153	0.311782	0.317744	0.292601	0.285499	0.288821	0.290893	0.275356	0.280668	0.277329	0.274479	0.281698	0.276201	0.274752	0.276752	0.275315	0.285747	0.281519	0.280014	0.288294	0.322377	0.320674	0.299122	0.298877	0.27478	0.278241	0.282802	0.275617	0.306239	0.307893	0.278877	0.306337	0.290909	0.280627	0.280708	0.290147	0.28698	0.304018	0.316972	0.3084	0.297277	0.273404	0.285587	0.276378	0.290091	0.272291	0.30052	0.289157	0.286613	0.291153	0.291744	0.286512	0.291154	0.289206	0.287214	0.277211	0.263648	0.270951	0.280954	0.27184	0.30001	0.271796	0.296089	0.27474	0.267472	0.242641	0.25	0.255814	0.261828	0.261823	0.261902	0.272555	0.248772	0.27571	0.259279	0.274068	0.256173	0.252574	0.259797	0.266325	0.278431	0.282766	0.289216	0.302823	0.277794	0.27542	0.267419	0.253478	0.25797	0.258218	0.243903	0.267703	0.269336	0.267376	0.258561	0.263433	0.274972	0.275332	0.273473	0.266118	0.262773	0.24669	0.271877	0.257819	0.245212	0.258451	0.222187	0.136836	0.179085	0.161863	0.143596	0.125406	0.12298	0.14059	0.135127	0.104926	0.120169	0.139738	0.144376	0.142098	0.137489	0.13709	0	0.108986	0.106833	0.131717	0.124927	0.129361	0.093279	0.100771	0.114422	0.106654	0.115812	0.114582	0.110764	0.0910836	0.0847703	0.232048	0.234321	0.191528	0.203301	0.182226	0.166175	0.169778	0.0925623	0.109079	0.15607	0.164676	0.102519	0.0979306	0.149524	0.154938	0.138857	0.204675	0.182095	0.173972	0.177863	0.127416	0.120759	0.136005	0.13912	0.142896	0.17738	0.16237	0.17807	0.186646	0.176975	0.164392	0.203913	0.177085	0.19239	0.283646	0.266288	0.288637	0.271799	0.22662	0.229435	0.164243	0.1652	0.282976	0.306763	0.146371	0.158249	0.143223	0.143232	0.154641	0.154645	0.155871	0.151099	0.149894	0.141285	0.138357	0.170848	0.168863	0.264409	0.159395	0.164602	0.137262	0.202316	0.203926	0.209264	0.20917	0.139115	0.159721	0.162665	0.124427	0.131708	0.128178	0.128518	0.248872	0.300796	0.309457	0.295614	0.333538	0.309464	0.318109	0.320697	0.305785	0.30179	0.26446	0.266827	0.267906	0.275386	0.267195	0.255905	0.203094	0.196367	0.245381	0.247595	0.244169	0.243065	0.309081	0.310557	0.259343	0.267897	0.268166	0.162987	0.175422	0.165495	0.118576	0.174223	0.17506	0.152313	0.16875	0.167068	0.157169	0.213776	0.22996	0.181426	0.152978	0.180292	0.169849	0.18072	0.185724	0.175656	0.159561	0.176388	0.160225	0.111954	0.218738	0.207604	0.229084	0.133871	0.140739	0.156765	0.148707	0.146475	0.173613	0.178145	0.135696	0.108409	0.105584	0.11335	0.11339	0.114098	0.126995	0.138251	0.25742	0.282821	0.28341	0.27625	0.28235	0.277616	0.304718	0.342775	0.282917	0.29921	0.291275	0.322681
Balaeniceps_rex	0.265996	0.284247	0.288516	0.33599	0.308376	0.291278	0.317318	0.31508	0.275847	0.306169	0.318384	0.297498	0.313639	0.30402	0.309704	0.304982	0.290216	0.294578	0.311233	0.33111	0.303776	0.31486	0.30902	0.30671	0.325113	0.324303	0.318416	0.298269	0.301028	0.311898	0.303808	0.290127	0.331918	0.320466	0.330539	0.323787	0.324857	0.326181	0.320717	0.309959	0.322588	0.32855	0.303407	0.296305	0.299627	0.301699	0.286162	0.291474	0.288135	0.285285	0.292504	0.287007	0.285558	0.287558	0.286121	0.296553	0.292325	0.29082	0.2991	0.333183	0.33148	0.309928	0.309683	0.285586	0.289047	0.293608	0.286423	0.317045	0.318699	0.289683	0.317143	0.301715	0.291433	0.291514	0.300953	0.297786	0.314824	0.327778	0.319206	0.308083	0.28421	0.296393	0.287184	0.300897	0.283097	0.311326	0.299963	0.297419	0.301959	0.30255	0.297318	0.30196	0.300012	0.29802	0.288017	0.274454	0.281757	0.29176	0.282646	0.310816	0.282602	0.306895	0.285546	0.278278	0.253447	0.260806	0.26662	0.272634	0.272629	0.272708	0.283361	0.259578	0.286516	0.270085	0.284874	0.266979	0.26338	0.270603	0.277131	0.289237	0.293572	0.300022	0.313629	0.2886	0.286226	0.278225	0.264284	0.268776	0.269024	0.254709	0.278509	0.280142	0.278182	0.269367	0.274239	0.285778	0.286138	0.284279	0.276924	0.273579	0.257496	0.282683	0.268625	0.256018	0.269257	0.232992	0.147642	0.189891	0.172669	0.154402	0.136212	0.133786	0.151396	0.145933	0.121927	0.13717	0.156738	0.161377	0.159099	0.15449	0.154091	0.108986	0	0.0890684	0.113955	0.130204	0.134638	0.102002	0.109494	0.125228	0.11746	0.126618	0.125388	0.12157	0.10189	0.0955763	0.242854	0.245127	0.202334	0.214107	0.193032	0.176981	0.180584	0.103368	0.119885	0.166876	0.175482	0.113325	0.108736	0.16033	0.165744	0.149663	0.215481	0.192901	0.184778	0.188669	0.138222	0.131565	0.146811	0.149925	0.153702	0.188186	0.173176	0.188876	0.197452	0.187781	0.175198	0.214719	0.187891	0.203196	0.294452	0.277094	0.299443	0.282605	0.237426	0.240241	0.175049	0.176006	0.293782	0.317569	0.157177	0.169055	0.154029	0.154038	0.165446	0.165451	0.166677	0.161905	0.1607	0.152091	0.149163	0.181654	0.179669	0.275215	0.170201	0.175408	0.148068	0.213122	0.214732	0.22007	0.219976	0.149921	0.170527	0.173471	0.135233	0.142514	0.138984	0.139324	0.259677	0.311602	0.320263	0.30642	0.344344	0.32027	0.328915	0.331503	0.31659	0.312596	0.275266	0.277633	0.278712	0.286192	0.278001	0.266711	0.2139	0.207173	0.256187	0.258401	0.254975	0.253871	0.319887	0.321363	0.270149	0.278703	0.278972	0.173793	0.186228	0.176301	0.129382	0.185029	0.185866	0.163119	0.179556	0.177874	0.167975	0.224582	0.240766	0.192232	0.163784	0.191098	0.180655	0.191526	0.19653	0.186462	0.170367	0.187194	0.171031	0.12276	0.229544	0.21841	0.23989	0.144677	0.151545	0.167571	0.159513	0.157281	0.184418	0.188951	0.146501	0.119215	0.11639	0.124156	0.124196	0.124904	0.137801	0.149057	0.268226	0.293627	0.294216	0.287056	0.293156	0.288422	0.315524	0.353581	0.293723	0.310016	0.302081	0.333487
Pelecanus_crispus	0.263842	0.282093	0.286362	0.333836	0.306222	0.289124	0.315164	0.312926	0.273693	0.304015	0.31623	0.295344	0.311485	0.301866	0.30755	0.302828	0.288063	0.292425	0.30908	0.328956	0.301622	0.312707	0.306866	0.304556	0.322959	0.322149	0.316262	0.296115	0.298874	0.309744	0.301655	0.287973	0.329765	0.318312	0.328385	0.321633	0.322703	0.324027	0.318564	0.307806	0.320434	0.326396	0.301254	0.294151	0.297473	0.299545	0.284008	0.28932	0.285982	0.283131	0.290351	0.284853	0.283405	0.285404	0.283967	0.294399	0.290172	0.288666	0.296946	0.331029	0.329326	0.307774	0.307529	0.283432	0.286893	0.291454	0.284269	0.314891	0.316545	0.287529	0.314989	0.299561	0.289279	0.28936	0.298799	0.295632	0.31267	0.325624	0.317052	0.30593	0.282056	0.294239	0.28503	0.298744	0.280943	0.309172	0.297809	0.295265	0.299805	0.300397	0.295164	0.299806	0.297859	0.295867	0.285864	0.2723	0.279604	0.289606	0.280492	0.308662	0.280448	0.304741	0.283392	0.276124	0.251293	0.258653	0.264466	0.27048	0.270475	0.270554	0.281207	0.257424	0.284362	0.267931	0.28272	0.264825	0.261226	0.268449	0.274977	0.287083	0.291418	0.297868	0.311475	0.286447	0.284073	0.276071	0.26213	0.266623	0.26687	0.252555	0.276355	0.277989	0.276028	0.267213	0.272085	0.283624	0.283984	0.282125	0.27477	0.271425	0.255342	0.280529	0.266472	0.253865	0.267103	0.230839	0.145488	0.187737	0.170515	0.152248	0.134058	0.131633	0.149242	0.143779	0.119773	0.135016	0.154585	0.159223	0.156945	0.152336	0.151937	0.106833	0.0890684	0	0.111801	0.12805	0.132484	0.0998483	0.10734	0.123075	0.115306	0.124464	0.123234	0.119416	0.0997358	0.0934225	0.2407	0.242974	0.200181	0.211953	0.190878	0.174827	0.17843	0.101214	0.117732	0.164722	0.173328	0.111172	0.106583	0.158176	0.16359	0.147509	0.213327	0.190747	0.182624	0.186515	0.136068	0.129411	0.144657	0.147772	0.151548	0.186032	0.171022	0.186723	0.195299	0.185627	0.173044	0.212565	0.185738	0.201042	0.292298	0.27494	0.29729	0.280451	0.235272	0.238087	0.172895	0.173852	0.291628	0.315416	0.155023	0.166901	0.151875	0.151885	0.163293	0.163297	0.164523	0.159751	0.158546	0.149937	0.147009	0.1795	0.177515	0.273062	0.168047	0.173254	0.145914	0.210968	0.212578	0.217917	0.217822	0.147767	0.168373	0.171317	0.133079	0.14036	0.13683	0.13717	0.257524	0.309448	0.318109	0.304266	0.34219	0.318117	0.326761	0.329349	0.314437	0.310442	0.273112	0.275479	0.276558	0.284038	0.275847	0.264557	0.211746	0.205019	0.254033	0.256247	0.252821	0.251717	0.317733	0.319209	0.267995	0.27655	0.276819	0.171639	0.184075	0.174147	0.127229	0.182875	0.183713	0.160965	0.177402	0.175721	0.165821	0.222428	0.238612	0.190078	0.16163	0.188944	0.178501	0.189372	0.194376	0.184308	0.168214	0.18504	0.168877	0.120607	0.227391	0.216256	0.237736	0.142523	0.149391	0.165418	0.157359	0.155127	0.182265	0.186797	0.144348	0.117062	0.114237	0.122002	0.122042	0.12275	0.135647	0.146903	0.266072	0.291473	0.292062	0.284902	0.291002	0.286268	0.313371	0.351427	0.291569	0.307862	0.299927	0.331334
Scopus_umbretta	0.288727	0.306978	0.311247	0.358721	0.331107	0.314009	0.340049	0.337811	0.298578	0.3289	0.341115	0.320229	0.33637	0.326751	0.332435	0.327712	0.312947	0.317309	0.333964	0.35384	0.326507	0.337591	0.331751	0.32944	0.347843	0.347034	0.341147	0.321	0.323759	0.334628	0.326539	0.312858	0.354649	0.343197	0.35327	0.346518	0.347588	0.348912	0.343448	0.33269	0.345319	0.351281	0.326138	0.319035	0.322357	0.32443	0.308893	0.314205	0.310866	0.308016	0.315235	0.309738	0.308289	0.310289	0.308851	0.319284	0.315056	0.313551	0.321831	0.355914	0.354211	0.332658	0.332414	0.308317	0.311778	0.316339	0.309154	0.339776	0.34143	0.312414	0.339874	0.324446	0.314163	0.314245	0.323684	0.320517	0.337555	0.350509	0.341936	0.330814	0.306941	0.319124	0.309914	0.323628	0.305828	0.334057	0.322693	0.32015	0.32469	0.325281	0.320049	0.324691	0.322743	0.320751	0.310748	0.297184	0.304488	0.314491	0.305377	0.333547	0.305333	0.329626	0.308277	0.301009	0.276178	0.283537	0.289351	0.295365	0.29536	0.295439	0.306092	0.282309	0.309246	0.292816	0.307604	0.289709	0.286111	0.293334	0.299862	0.311968	0.316303	0.322753	0.33636	0.311331	0.308957	0.300956	0.287014	0.291507	0.291755	0.277439	0.30124	0.302873	0.300913	0.292098	0.29697	0.308509	0.308869	0.307009	0.299655	0.296309	0.280227	0.305414	0.291356	0.278749	0.291988	0.255723	0.170373	0.212622	0.1954	0.177133	0.158942	0.156517	0.174127	0.168664	0.144657	0.159901	0.179469	0.184108	0.181829	0.17722	0.176822	0.131717	0.113955	0.111801	0	0.152935	0.157369	0.124733	0.132225	0.147959	0.140191	0.149349	0.148119	0.144301	0.12462	0.118307	0.265585	0.267858	0.225065	0.236838	0.215763	0.199711	0.203315	0.126099	0.142616	0.189607	0.198213	0.136056	0.131467	0.183061	0.188475	0.172394	0.238212	0.215631	0.207509	0.2114	0.160953	0.154296	0.169541	0.172656	0.176433	0.210917	0.195907	0.211607	0.220183	0.210512	0.197929	0.237449	0.210622	0.225927	0.317183	0.299825	0.322174	0.305336	0.260157	0.262972	0.19778	0.198737	0.316513	0.3403	0.179908	0.191786	0.176759	0.176769	0.188177	0.188181	0.189408	0.184635	0.183431	0.174822	0.171894	0.204385	0.202399	0.297946	0.192932	0.198138	0.170798	0.235853	0.237463	0.242801	0.242706	0.172652	0.193257	0.196202	0.157964	0.165245	0.161714	0.162054	0.282408	0.334333	0.342994	0.329151	0.367075	0.343001	0.351645	0.354234	0.339321	0.335327	0.297996	0.300364	0.301443	0.308923	0.300732	0.289442	0.236631	0.229904	0.278918	0.281132	0.277706	0.276601	0.342617	0.344094	0.29288	0.301434	0.301703	0.196524	0.208959	0.199032	0.152113	0.20776	0.208597	0.18585	0.202287	0.200605	0.190706	0.247313	0.263497	0.214963	0.186515	0.213829	0.203386	0.214257	0.219261	0.209193	0.193098	0.209925	0.193762	0.145491	0.252275	0.241141	0.262621	0.167408	0.174276	0.190302	0.182244	0.180012	0.207149	0.211682	0.169232	0.141946	0.139121	0.146887	0.146927	0.147635	0.160531	0.171788	0.290956	0.316358	0.316947	0.309786	0.315887	0.311153	0.338255	0.376312	0.316454	0.332747	0.324812	0.356218
Cochlearius_cochlearius	0.281936	0.300187	0.304456	0.35193	0.324317	0.307218	0.333258	0.33102	0.291787	0.32211	0.334324	0.313438	0.329579	0.319961	0.325645	0.320922	0.306157	0.310519	0.327174	0.34705	0.319717	0.330801	0.324961	0.32265	0.341053	0.340244	0.334356	0.31421	0.316968	0.327838	0.319749	0.306068	0.347859	0.336406	0.346479	0.339727	0.340797	0.342121	0.336658	0.3259	0.338528	0.344491	0.319348	0.312245	0.315567	0.317639	0.302102	0.307415	0.304076	0.301225	0.308445	0.302947	0.301499	0.303499	0.302061	0.312493	0.308266	0.30676	0.31504	0.349123	0.34742	0.325868	0.325624	0.301526	0.304988	0.309549	0.302363	0.332986	0.334639	0.305623	0.333083	0.317656	0.307373	0.307454	0.316894	0.313726	0.330764	0.343719	0.335146	0.324024	0.30015	0.312334	0.303124	0.316838	0.299038	0.327267	0.315903	0.313359	0.317899	0.318491	0.313258	0.3179	0.315953	0.313961	0.303958	0.290394	0.297698	0.307701	0.298586	0.326756	0.298542	0.322836	0.301486	0.294218	0.269387	0.276747	0.28256	0.288574	0.288569	0.288648	0.299301	0.275518	0.302456	0.286025	0.300814	0.282919	0.27932	0.286543	0.293072	0.305177	0.309512	0.315962	0.329569	0.304541	0.302167	0.294165	0.280224	0.284717	0.284964	0.270649	0.29445	0.296083	0.294123	0.285307	0.290179	0.301718	0.302078	0.300219	0.292865	0.289519	0.273436	0.298623	0.284566	0.271959	0.285198	0.248933	0.163582	0.205831	0.188609	0.170342	0.152152	0.149727	0.167336	0.161873	0.137867	0.153111	0.172679	0.177318	0.175039	0.17043	0.170031	0.124927	0.130204	0.12805	0.152935	0	0.0967268	0.117942	0.125435	0.141169	0.1334	0.142558	0.141328	0.13751	0.11783	0.111517	0.258794	0.261068	0.218275	0.230048	0.208972	0.192921	0.196524	0.119309	0.135826	0.182817	0.191423	0.129266	0.124677	0.17627	0.181684	0.165603	0.231421	0.208841	0.200718	0.204609	0.154162	0.147505	0.162751	0.165866	0.169642	0.204126	0.189116	0.204817	0.213393	0.203722	0.191138	0.230659	0.203832	0.219136	0.310392	0.293034	0.315384	0.298546	0.253366	0.256181	0.190989	0.191946	0.309722	0.33351	0.173118	0.184995	0.169969	0.169979	0.181387	0.181391	0.182617	0.177845	0.17664	0.168032	0.165103	0.197594	0.195609	0.291156	0.186141	0.191348	0.164008	0.229062	0.230672	0.236011	0.235916	0.165862	0.186467	0.189412	0.151173	0.158455	0.154924	0.155264	0.275618	0.327543	0.336204	0.322361	0.360284	0.336211	0.344855	0.347444	0.332531	0.328536	0.291206	0.293573	0.294652	0.302132	0.293941	0.282651	0.22984	0.223113	0.272128	0.274341	0.270915	0.269811	0.335827	0.337304	0.286089	0.294644	0.294913	0.189733	0.202169	0.192242	0.145323	0.200969	0.201807	0.179059	0.195496	0.193815	0.183915	0.240522	0.256706	0.208173	0.179724	0.207038	0.196596	0.207467	0.21247	0.202402	0.186308	0.203134	0.186971	0.138701	0.245485	0.23435	0.25583	0.160617	0.167485	0.183512	0.175453	0.173221	0.200359	0.204891	0.162442	0.135156	0.132331	0.140096	0.140136	0.140844	0.153741	0.164997	0.284166	0.309567	0.310156	0.302996	0.309097	0.304362	0.331465	0.369521	0.309663	0.325957	0.318021	0.349428
Egretta_garzetta	0.28637	0.304621	0.30889	0.356364	0.328751	0.311652	0.337692	0.335454	0.296221	0.326544	0.338758	0.317872	0.334013	0.324395	0.330079	0.325356	0.310591	0.314953	0.331608	0.351484	0.324151	0.335235	0.329395	0.327084	0.345487	0.344678	0.33879	0.318644	0.321402	0.332272	0.324183	0.310502	0.352293	0.34084	0.350913	0.344161	0.345231	0.346556	0.341092	0.330334	0.342962	0.348925	0.323782	0.316679	0.320001	0.322073	0.306536	0.311849	0.30851	0.305659	0.312879	0.307381	0.305933	0.307933	0.306495	0.316927	0.3127	0.311194	0.319474	0.353557	0.351854	0.330302	0.330058	0.30596	0.309422	0.313983	0.306797	0.33742	0.339073	0.310057	0.337517	0.32209	0.311807	0.311888	0.321328	0.31816	0.335199	0.348153	0.33958	0.328458	0.304584	0.316768	0.307558	0.321272	0.303472	0.331701	0.320337	0.317793	0.322333	0.322925	0.317692	0.322334	0.320387	0.318395	0.308392	0.294828	0.302132	0.312135	0.30302	0.33119	0.302976	0.32727	0.30592	0.298652	0.273821	0.281181	0.286994	0.293008	0.293003	0.293082	0.303735	0.279952	0.30689	0.290459	0.305248	0.287353	0.283754	0.290977	0.297506	0.309611	0.313946	0.320396	0.334003	0.308975	0.306601	0.2986	0.284658	0.289151	0.289398	0.275083	0.298884	0.300517	0.298557	0.289741	0.294613	0.306153	0.306512	0.304653	0.297299	0.293953	0.27787	0.303057	0.289	0.276393	0.289632	0.253367	0.168016	0.210266	0.193043	0.174776	0.156586	0.154161	0.17177	0.166307	0.142301	0.157545	0.177113	0.181752	0.179473	0.174864	0.174465	0.129361	0.134638	0.132484	0.157369	0.0967268	0	0.122376	0.129869	0.145603	0.137834	0.146992	0.145762	0.141945	0.122264	0.115951	0.263228	0.265502	0.222709	0.234482	0.213406	0.197355	0.200958	0.123743	0.14026	0.187251	0.195857	0.1337	0.129111	0.180704	0.186118	0.170037	0.235855	0.213275	0.205152	0.209043	0.158597	0.151939	0.167185	0.1703	0.174076	0.20856	0.19355	0.209251	0.217827	0.208156	0.195572	0.235093	0.208266	0.22357	0.314826	0.297468	0.319818	0.30298	0.2578	0.260615	0.195423	0.19638	0.314156	0.337944	0.177552	0.189429	0.174403	0.174413	0.185821	0.185825	0.187051	0.182279	0.181074	0.172466	0.169537	0.202029	0.200043	0.29559	0.190576	0.195782	0.168442	0.233496	0.235106	0.240445	0.24035	0.170296	0.190901	0.193846	0.155607	0.162889	0.159358	0.159698	0.280052	0.331977	0.340638	0.326795	0.364718	0.340645	0.349289	0.351878	0.336965	0.332971	0.29564	0.298007	0.299086	0.306566	0.298375	0.287085	0.234274	0.227547	0.276562	0.278775	0.275349	0.274245	0.340261	0.341738	0.290523	0.299078	0.299347	0.194167	0.206603	0.196676	0.149757	0.205403	0.206241	0.183493	0.19993	0.198249	0.188349	0.244956	0.26114	0.212607	0.184158	0.211472	0.20103	0.211901	0.216904	0.206836	0.190742	0.207568	0.191405	0.143135	0.249919	0.238784	0.260264	0.165052	0.171919	0.187946	0.179887	0.177655	0.204793	0.209325	0.166876	0.13959	0.136765	0.144531	0.14457	0.145278	0.158175	0.169431	0.2886	0.314001	0.31459	0.30743	0.313531	0.308796	0.335899	0.373955	0.314097	0.330391	0.322455	0.353862
Mesembrinibis_cayennensis	0.250289	0.268539	0.272808	0.320283	0.292669	0.275571	0.301611	0.299373	0.260139	0.290462	0.302676	0.28179	0.297932	0.288313	0.293997	0.289274	0.274509	0.278871	0.295526	0.315402	0.288069	0.299153	0.293313	0.291002	0.309405	0.308596	0.302709	0.282562	0.28532	0.29619	0.288101	0.27442	0.316211	0.304758	0.314832	0.30808	0.309149	0.310474	0.30501	0.294252	0.30688	0.312843	0.2877	0.280597	0.283919	0.285992	0.270454	0.275767	0.272428	0.269577	0.276797	0.2713	0.269851	0.271851	0.270413	0.280845	0.276618	0.275112	0.283392	0.317476	0.315773	0.29422	0.293976	0.269879	0.27334	0.277901	0.270716	0.301338	0.302991	0.273975	0.301435	0.286008	0.275725	0.275806	0.285246	0.282079	0.299117	0.312071	0.303498	0.292376	0.268502	0.280686	0.271476	0.28519	0.26739	0.295619	0.284255	0.281712	0.286252	0.286843	0.28161	0.286253	0.284305	0.282313	0.27231	0.258746	0.26605	0.276053	0.266939	0.295108	0.266895	0.291188	0.269839	0.26257	0.237739	0.245099	0.250913	0.256927	0.256922	0.257	0.267654	0.24387	0.270808	0.254378	0.269166	0.251271	0.247672	0.254896	0.261424	0.273529	0.277864	0.284314	0.297922	0.272893	0.270519	0.262518	0.248576	0.253069	0.253317	0.239001	0.262802	0.264435	0.262475	0.25366	0.258532	0.270071	0.270431	0.268571	0.261217	0.257871	0.241789	0.266976	0.252918	0.240311	0.25355	0.217285	0.131934	0.174184	0.156962	0.138695	0.120504	0.118079	0.135688	0.130225	0.106219	0.121463	0.141031	0.14567	0.143391	0.138782	0.138384	0.093279	0.102002	0.0998483	0.124733	0.117942	0.122376	0	0.0601381	0.109521	0.101752	0.11091	0.10968	0.105863	0.0861822	0.0798689	0.227146	0.22942	0.186627	0.1984	0.177325	0.161273	0.164877	0.0876608	0.104178	0.151169	0.159775	0.097618	0.0930291	0.144623	0.150037	0.133956	0.199773	0.177193	0.16907	0.172961	0.122515	0.115858	0.131103	0.134218	0.137995	0.172478	0.157468	0.173169	0.181745	0.172074	0.15949	0.199011	0.172184	0.187489	0.278745	0.261387	0.283736	0.266898	0.221718	0.224533	0.159342	0.160299	0.278075	0.301862	0.14147	0.153348	0.138321	0.138331	0.149739	0.149743	0.150969	0.146197	0.144993	0.136384	0.133455	0.165947	0.163961	0.259508	0.154494	0.1597	0.13236	0.197415	0.199024	0.204363	0.204268	0.134214	0.154819	0.157764	0.119526	0.126807	0.123276	0.123616	0.24397	0.295895	0.304556	0.290713	0.328637	0.304563	0.313207	0.315796	0.300883	0.296889	0.259558	0.261925	0.263005	0.270484	0.262293	0.251003	0.198193	0.191465	0.24048	0.242694	0.239267	0.238163	0.304179	0.305656	0.254442	0.262996	0.263265	0.158086	0.170521	0.160594	0.113675	0.169321	0.170159	0.147412	0.163848	0.162167	0.152268	0.208874	0.225059	0.176525	0.148077	0.17539	0.164948	0.175819	0.180822	0.170755	0.15466	0.171487	0.155324	0.107053	0.213837	0.202703	0.224182	0.12897	0.135838	0.151864	0.143806	0.141574	0.168711	0.173243	0.130794	0.103508	0.100683	0.108449	0.108488	0.109196	0.122093	0.133349	0.252518	0.277919	0.278509	0.271348	0.277449	0.272714	0.299817	0.337874	0.278015	0.294309	0.286373	0.31778
Nipponia_nippon	0.257781	0.276032	0.280301	0.327775	0.300161	0.283063	0.309103	0.306865	0.267632	0.297954	0.310168	0.289283	0.305424	0.295805	0.301489	0.296766	0.282001	0.286363	0.303018	0.322894	0.295561	0.306645	0.300805	0.298494	0.316897	0.316088	0.310201	0.290054	0.292812	0.303682	0.295593	0.281912	0.323703	0.31225	0.322324	0.315572	0.316642	0.317966	0.312502	0.301744	0.314373	0.320335	0.295192	0.288089	0.291411	0.293484	0.277946	0.283259	0.27992	0.27707	0.284289	0.278792	0.277343	0.279343	0.277905	0.288338	0.28411	0.282605	0.290885	0.324968	0.323265	0.301712	0.301468	0.277371	0.280832	0.285393	0.278208	0.30883	0.310484	0.281468	0.308928	0.2935	0.283217	0.283299	0.292738	0.289571	0.306609	0.319563	0.31099	0.299868	0.275995	0.288178	0.278968	0.292682	0.274882	0.303111	0.291747	0.289204	0.293744	0.294335	0.289103	0.293745	0.291797	0.289805	0.279802	0.266238	0.273542	0.283545	0.274431	0.3026	0.274387	0.29868	0.277331	0.270062	0.245232	0.252591	0.258405	0.264419	0.264414	0.264492	0.275146	0.251363	0.2783	0.26187	0.276658	0.258763	0.255165	0.262388	0.268916	0.281022	0.285357	0.291807	0.305414	0.280385	0.278011	0.27001	0.256068	0.260561	0.260809	0.246493	0.270294	0.271927	0.269967	0.261152	0.266024	0.277563	0.277923	0.276063	0.268709	0.265363	0.249281	0.274468	0.26041	0.247803	0.261042	0.224777	0.139427	0.181676	0.164454	0.146187	0.127996	0.125571	0.14318	0.137717	0.113711	0.128955	0.148523	0.153162	0.150883	0.146274	0.145876	0.100771	0.109494	0.10734	0.132225	0.125435	0.129869	0.0601381	0	0.117013	0.109245	0.118403	0.117173	0.113355	0.0936744	0.0873611	0.234639	0.236912	0.194119	0.205892	0.184817	0.168765	0.172369	0.095153	0.11167	0.158661	0.167267	0.10511	0.100521	0.152115	0.157529	0.141448	0.207266	0.184685	0.176562	0.180453	0.130007	0.12335	0.138595	0.14171	0.145487	0.179971	0.164961	0.180661	0.189237	0.179566	0.166982	0.206503	0.179676	0.194981	0.286237	0.268879	0.291228	0.27439	0.229211	0.232026	0.166834	0.167791	0.285567	0.309354	0.148962	0.16084	0.145813	0.145823	0.157231	0.157235	0.158462	0.153689	0.152485	0.143876	0.140948	0.173439	0.171453	0.267	0.161986	0.167192	0.139852	0.204907	0.206517	0.211855	0.21176	0.141706	0.162311	0.165256	0.127018	0.134299	0.130768	0.131108	0.251462	0.303387	0.312048	0.298205	0.336129	0.312055	0.320699	0.323288	0.308375	0.304381	0.26705	0.269417	0.270497	0.277977	0.269786	0.258496	0.205685	0.198958	0.247972	0.250186	0.246759	0.245655	0.311671	0.313148	0.261934	0.270488	0.270757	0.165578	0.178013	0.168086	0.121167	0.176814	0.177651	0.154904	0.171341	0.169659	0.15976	0.216367	0.232551	0.184017	0.155569	0.182883	0.17244	0.183311	0.188315	0.178247	0.162152	0.178979	0.162816	0.114545	0.221329	0.210195	0.231675	0.136462	0.14333	0.159356	0.151298	0.149066	0.176203	0.180735	0.138286	0.111	0.108175	0.115941	0.115981	0.116689	0.129585	0.140842	0.26001	0.285411	0.286001	0.27884	0.284941	0.280207	0.307309	0.345366	0.285507	0.301801	0.293866	0.325272
Calonectris_borealis	0.260088	0.278339	0.282608	0.330082	0.302468	0.28537	0.31141	0.309172	0.269939	0.300261	0.312476	0.29159	0.307731	0.298112	0.303796	0.299074	0.284309	0.288671	0.305326	0.325202	0.297869	0.308953	0.303113	0.300802	0.319205	0.318395	0.312508	0.292362	0.29512	0.30599	0.297901	0.28422	0.326011	0.314558	0.324631	0.317879	0.318949	0.320273	0.31481	0.304052	0.31668	0.322642	0.2975	0.290397	0.293719	0.295791	0.280254	0.285566	0.282228	0.279377	0.286597	0.281099	0.279651	0.28165	0.280213	0.290645	0.286418	0.284912	0.293192	0.327275	0.325572	0.30402	0.303775	0.279678	0.283139	0.2877	0.280515	0.311137	0.312791	0.283775	0.311235	0.295807	0.285525	0.285606	0.295045	0.291878	0.308916	0.32187	0.313298	0.302176	0.278302	0.290485	0.281276	0.29499	0.277189	0.305418	0.294055	0.291511	0.296051	0.296643	0.29141	0.296052	0.294105	0.292113	0.28211	0.268546	0.27585	0.285852	0.276738	0.304908	0.276694	0.300987	0.279638	0.27237	0.247539	0.254899	0.260712	0.266726	0.266721	0.2668	0.277453	0.25367	0.280608	0.264177	0.278966	0.261071	0.257472	0.264695	0.271223	0.283329	0.287664	0.294114	0.307721	0.282693	0.280319	0.272317	0.258376	0.262869	0.263116	0.248801	0.272602	0.274235	0.272274	0.263459	0.268331	0.27987	0.28023	0.278371	0.271017	0.267671	0.251588	0.276775	0.262718	0.250111	0.263349	0.227085	0.143891	0.18614	0.168918	0.150651	0.13246	0.130035	0.147645	0.142182	0.127363	0.142606	0.162174	0.166813	0.164535	0.159926	0.159527	0.114422	0.125228	0.123075	0.147959	0.141169	0.145603	0.109521	0.117013	0	0.0383948	0.0475528	0.100239	0.0964215	0.084016	0.0777028	0.236944	0.239218	0.196425	0.208197	0.187122	0.171071	0.174674	0.0974585	0.113976	0.160967	0.169572	0.107418	0.102829	0.154422	0.159836	0.143755	0.209573	0.186993	0.17887	0.182761	0.132314	0.125657	0.140903	0.144018	0.147794	0.182278	0.167268	0.182969	0.191545	0.181873	0.16929	0.208811	0.181984	0.197288	0.288544	0.271186	0.293536	0.276698	0.231518	0.234333	0.169141	0.170098	0.287874	0.311662	0.151269	0.163147	0.148121	0.148131	0.159539	0.159543	0.160769	0.155997	0.154792	0.146183	0.143255	0.175746	0.173761	0.269308	0.164293	0.1695	0.14216	0.207214	0.208824	0.214163	0.214068	0.144014	0.164619	0.167563	0.129325	0.136607	0.133076	0.133416	0.25377	0.305694	0.314356	0.300512	0.338436	0.314363	0.323007	0.325595	0.310683	0.306688	0.269358	0.271725	0.272804	0.280284	0.272093	0.260803	0.207992	0.201265	0.25028	0.252493	0.249067	0.247963	0.313979	0.315455	0.264241	0.272796	0.273065	0.167885	0.180321	0.170393	0.123475	0.179121	0.179959	0.157211	0.173648	0.171967	0.162067	0.218674	0.234858	0.186324	0.157876	0.18519	0.174747	0.185618	0.190622	0.180554	0.16446	0.181286	0.165123	0.116853	0.223637	0.212502	0.233982	0.138769	0.145637	0.161664	0.153605	0.151373	0.178511	0.183043	0.140594	0.113308	0.110483	0.118248	0.118288	0.118996	0.131893	0.143149	0.262318	0.287719	0.288308	0.281148	0.287248	0.282514	0.309617	0.347673	0.287815	0.304108	0.296173	0.32758
Fulmarus_glacialis	0.25232	0.270571	0.27484	0.322314	0.2947	0.277602	0.303642	0.301404	0.262171	0.292493	0.304707	0.283822	0.299963	0.290344	0.296028	0.291305	0.27654	0.280902	0.297557	0.317433	0.2901	0.301184	0.295344	0.293033	0.311436	0.310627	0.30474	0.284593	0.287351	0.298221	0.290132	0.276451	0.318242	0.306789	0.316863	0.310111	0.311181	0.312505	0.307041	0.296283	0.308912	0.314874	0.289731	0.282628	0.28595	0.288023	0.272485	0.277798	0.274459	0.271609	0.278828	0.273331	0.271882	0.273882	0.272444	0.282877	0.278649	0.277144	0.285423	0.319507	0.317804	0.296251	0.296007	0.27191	0.275371	0.279932	0.272747	0.303369	0.305023	0.276007	0.303467	0.288039	0.277756	0.277837	0.287277	0.28411	0.301148	0.314102	0.305529	0.294407	0.270533	0.282717	0.273507	0.287221	0.269421	0.29765	0.286286	0.283743	0.288283	0.288874	0.283641	0.288284	0.286336	0.284344	0.274341	0.260777	0.268081	0.278084	0.26897	0.297139	0.268926	0.293219	0.27187	0.264601	0.239771	0.24713	0.252944	0.258958	0.258953	0.259031	0.269685	0.245902	0.272839	0.256409	0.271197	0.253302	0.249703	0.256927	0.263455	0.275561	0.279896	0.286345	0.299953	0.274924	0.27255	0.264549	0.250607	0.2551	0.255348	0.241032	0.264833	0.266466	0.264506	0.255691	0.260563	0.272102	0.272462	0.270602	0.263248	0.259902	0.24382	0.269007	0.254949	0.242342	0.255581	0.219316	0.136122	0.178371	0.161149	0.142882	0.124692	0.122267	0.139876	0.134413	0.119594	0.134838	0.154406	0.159045	0.156766	0.152157	0.151758	0.106654	0.11746	0.115306	0.140191	0.1334	0.137834	0.101752	0.109245	0.0383948	0	0.036868	0.0924708	0.088653	0.0762475	0.0699342	0.229176	0.231449	0.188656	0.200429	0.179354	0.163302	0.166906	0.08969	0.106207	0.153198	0.161804	0.0996491	0.0950602	0.146654	0.152068	0.135987	0.201805	0.179224	0.171101	0.174992	0.124546	0.117889	0.133134	0.136249	0.140026	0.174509	0.1595	0.1752	0.183776	0.174105	0.161521	0.201042	0.174215	0.18952	0.280776	0.263418	0.285767	0.268929	0.223749	0.226565	0.161373	0.16233	0.280106	0.303893	0.143501	0.155379	0.140352	0.140362	0.15177	0.151774	0.153001	0.148228	0.147024	0.138415	0.135487	0.167978	0.165992	0.261539	0.156525	0.161731	0.134391	0.199446	0.201055	0.206394	0.206299	0.136245	0.15685	0.159795	0.121557	0.128838	0.125307	0.125647	0.246001	0.297926	0.306587	0.292744	0.330668	0.306594	0.315238	0.317827	0.302914	0.29892	0.261589	0.263956	0.265036	0.272516	0.264324	0.253034	0.200224	0.193497	0.242511	0.244725	0.241298	0.240194	0.30621	0.307687	0.256473	0.265027	0.265296	0.160117	0.172552	0.162625	0.115706	0.171353	0.17219	0.149443	0.165879	0.164198	0.154299	0.210906	0.22709	0.178556	0.150108	0.177422	0.166979	0.17785	0.182854	0.172786	0.156691	0.173518	0.157355	0.109084	0.215868	0.204734	0.226213	0.131001	0.137869	0.153895	0.145837	0.143605	0.170742	0.175274	0.132825	0.105539	0.102714	0.11048	0.11052	0.111228	0.124124	0.13538	0.254549	0.27995	0.28054	0.273379	0.27948	0.274746	0.301848	0.339905	0.280046	0.29634	0.288404	0.319811
Pelecanoides_urinatrix	0.261478	0.279729	0.283997	0.331472	0.303858	0.28676	0.3128	0.310562	0.271329	0.301651	0.313865	0.29298	0.309121	0.299502	0.305186	0.300463	0.285698	0.29006	0.306715	0.326591	0.299258	0.310342	0.304502	0.302191	0.320594	0.319785	0.313898	0.293751	0.296509	0.307379	0.29929	0.285609	0.3274	0.315947	0.326021	0.319269	0.320339	0.321663	0.316199	0.305441	0.31807	0.324032	0.298889	0.291786	0.295108	0.297181	0.281643	0.286956	0.283617	0.280766	0.287986	0.282489	0.28104	0.28304	0.281602	0.292035	0.287807	0.286301	0.294581	0.328665	0.326962	0.305409	0.305165	0.281068	0.284529	0.28909	0.281905	0.312527	0.314181	0.285164	0.312624	0.297197	0.286914	0.286995	0.296435	0.293268	0.310306	0.32326	0.314687	0.303565	0.279691	0.291875	0.282665	0.296379	0.278579	0.306808	0.295444	0.292901	0.297441	0.298032	0.292799	0.297442	0.295494	0.293502	0.283499	0.269935	0.277239	0.287242	0.278128	0.306297	0.278084	0.302377	0.281028	0.273759	0.248929	0.256288	0.262102	0.268116	0.268111	0.268189	0.278843	0.255059	0.281997	0.265567	0.280355	0.26246	0.258861	0.266085	0.272613	0.284719	0.289054	0.295503	0.309111	0.284082	0.281708	0.273707	0.259765	0.264258	0.264506	0.25019	0.273991	0.275624	0.273664	0.264849	0.269721	0.28126	0.28162	0.27976	0.272406	0.26906	0.252978	0.278165	0.264107	0.2515	0.264739	0.228474	0.14528	0.187529	0.170307	0.15204	0.13385	0.131425	0.149034	0.143571	0.128752	0.143996	0.163564	0.168203	0.165924	0.161315	0.160916	0.115812	0.126618	0.124464	0.149349	0.142558	0.146992	0.11091	0.118403	0.0475528	0.036868	0	0.101629	0.097811	0.0854055	0.0790922	0.238334	0.240607	0.197814	0.209587	0.188512	0.17246	0.176064	0.0988479	0.115365	0.162356	0.170962	0.108807	0.104218	0.155812	0.161226	0.145145	0.210963	0.188382	0.180259	0.18415	0.133704	0.127047	0.142292	0.145407	0.149184	0.183667	0.168658	0.184358	0.192934	0.183263	0.170679	0.2102	0.183373	0.198678	0.289934	0.272576	0.294925	0.278087	0.232907	0.235722	0.170531	0.171488	0.289264	0.313051	0.152659	0.164537	0.14951	0.14952	0.160928	0.160932	0.162159	0.157386	0.156182	0.147573	0.144645	0.177136	0.17515	0.270697	0.165683	0.170889	0.143549	0.208604	0.210213	0.215552	0.215457	0.145403	0.166008	0.168953	0.130715	0.137996	0.134465	0.134805	0.255159	0.307084	0.315745	0.301902	0.339826	0.315752	0.324396	0.326985	0.312072	0.308078	0.270747	0.273114	0.274194	0.281674	0.273482	0.262192	0.209382	0.202655	0.251669	0.253883	0.250456	0.249352	0.315368	0.316845	0.265631	0.274185	0.274454	0.169275	0.18171	0.171783	0.124864	0.18051	0.181348	0.158601	0.175037	0.173356	0.163457	0.220064	0.236248	0.187714	0.159266	0.18658	0.176137	0.187008	0.192012	0.181944	0.165849	0.182676	0.166513	0.118242	0.225026	0.213892	0.235371	0.140159	0.147027	0.163053	0.154995	0.152763	0.1799	0.184432	0.141983	0.114697	0.111872	0.119638	0.119678	0.120386	0.133282	0.144538	0.263707	0.289108	0.289698	0.282537	0.288638	0.283903	0.311006	0.349063	0.289204	0.305498	0.297562	0.328969
Fregetta_grallaria	0.260248	0.278499	0.282768	0.330242	0.302628	0.28553	0.31157	0.309332	0.270099	0.300421	0.312635	0.29175	0.307891	0.298272	0.303956	0.299233	0.284468	0.28883	0.305485	0.325361	0.298028	0.309112	0.303272	0.300961	0.319364	0.318555	0.312668	0.292521	0.295279	0.306149	0.29806	0.284379	0.32617	0.314717	0.324791	0.318039	0.319109	0.320433	0.314969	0.304211	0.31684	0.322802	0.297659	0.290556	0.293878	0.295951	0.280413	0.285726	0.282387	0.279537	0.286756	0.281259	0.27981	0.28181	0.280372	0.290805	0.286577	0.285072	0.293352	0.327435	0.325732	0.304179	0.303935	0.279838	0.283299	0.28786	0.280675	0.311297	0.312951	0.283935	0.311395	0.295967	0.285684	0.285766	0.295205	0.292038	0.309076	0.32203	0.313457	0.302335	0.278462	0.290645	0.281435	0.295149	0.277349	0.305578	0.294214	0.291671	0.296211	0.296802	0.29157	0.296212	0.294264	0.292272	0.282269	0.268705	0.276009	0.286012	0.276898	0.305067	0.276854	0.301147	0.279798	0.272529	0.247699	0.255058	0.260872	0.266886	0.266881	0.266959	0.277613	0.25383	0.280767	0.264337	0.279125	0.26123	0.257632	0.264855	0.271383	0.283489	0.287824	0.294273	0.307881	0.282852	0.280478	0.272477	0.258535	0.263028	0.263276	0.24896	0.272761	0.274394	0.272434	0.263619	0.268491	0.28003	0.28039	0.27853	0.271176	0.26783	0.251748	0.276935	0.262877	0.25027	0.263509	0.227244	0.14405	0.1863	0.169077	0.15081	0.13262	0.130195	0.147804	0.142341	0.127522	0.142766	0.162334	0.166973	0.164694	0.160085	0.159686	0.114582	0.125388	0.123234	0.148119	0.141328	0.145762	0.10968	0.117173	0.100239	0.0924708	0.101629	0	0.0247682	0.0841756	0.0778623	0.237104	0.239377	0.196584	0.208357	0.187282	0.17123	0.174834	0.097618	0.114135	0.161126	0.169732	0.107577	0.102988	0.154582	0.159996	0.143915	0.209733	0.187152	0.179029	0.18292	0.132474	0.125817	0.141062	0.144177	0.147954	0.182438	0.167428	0.183128	0.191704	0.182033	0.169449	0.20897	0.182143	0.197448	0.288704	0.271346	0.293695	0.276857	0.231678	0.234493	0.169301	0.170258	0.288034	0.311821	0.151429	0.163307	0.14828	0.14829	0.159698	0.159702	0.160929	0.156156	0.154952	0.146343	0.143415	0.175906	0.17392	0.269467	0.164453	0.169659	0.142319	0.207374	0.208984	0.214322	0.214227	0.144173	0.164778	0.167723	0.129485	0.136766	0.133235	0.133575	0.253929	0.305854	0.314515	0.300672	0.338596	0.314522	0.323166	0.325755	0.310842	0.306848	0.269517	0.271884	0.272964	0.280444	0.272253	0.260962	0.208152	0.201425	0.250439	0.252653	0.249226	0.248122	0.314138	0.315615	0.264401	0.272955	0.273224	0.168045	0.18048	0.170553	0.123634	0.179281	0.180118	0.157371	0.173807	0.172126	0.162227	0.218834	0.235018	0.186484	0.158036	0.18535	0.174907	0.185778	0.190782	0.180714	0.164619	0.181446	0.165283	0.117012	0.223796	0.212662	0.234142	0.138929	0.145797	0.161823	0.153765	0.151533	0.17867	0.183202	0.140753	0.113467	0.110642	0.118408	0.118448	0.119156	0.132052	0.143309	0.262477	0.287878	0.288468	0.281307	0.287408	0.282674	0.309776	0.347833	0.287974	0.304268	0.296332	0.327739
Oceanites_oceanicus	0.25643	0.274681	0.27895	0.326424	0.29881	0.281712	0.307752	0.305514	0.266281	0.296603	0.308818	0.287932	0.304073	0.294454	0.300138	0.295416	0.28065	0.285012	0.301667	0.321544	0.29421	0.305294	0.299454	0.297144	0.315547	0.314737	0.30885	0.288703	0.291462	0.302332	0.294243	0.280561	0.322352	0.3109	0.320973	0.314221	0.315291	0.316615	0.311151	0.300393	0.313022	0.318984	0.293841	0.286739	0.290061	0.292133	0.276596	0.281908	0.278569	0.275719	0.282938	0.277441	0.275992	0.277992	0.276555	0.286987	0.282759	0.281254	0.289534	0.323617	0.321914	0.300362	0.300117	0.27602	0.279481	0.284042	0.276857	0.307479	0.309133	0.280117	0.307577	0.292149	0.281867	0.281948	0.291387	0.28822	0.305258	0.318212	0.30964	0.298517	0.274644	0.286827	0.277618	0.291331	0.273531	0.30176	0.290397	0.287853	0.292393	0.292984	0.287752	0.292394	0.290446	0.288454	0.278451	0.264888	0.272191	0.282194	0.27308	0.30125	0.273036	0.297329	0.27598	0.268712	0.243881	0.25124	0.257054	0.263068	0.263063	0.263142	0.273795	0.250012	0.27695	0.260519	0.275308	0.257413	0.253814	0.261037	0.267565	0.279671	0.284006	0.290456	0.304063	0.279034	0.27666	0.268659	0.254718	0.25921	0.259458	0.245143	0.268943	0.270576	0.268616	0.259801	0.264673	0.276212	0.276572	0.274713	0.267358	0.264013	0.24793	0.273117	0.259059	0.246452	0.259691	0.223426	0.140232	0.182482	0.16526	0.146993	0.128802	0.126377	0.143986	0.138523	0.123704	0.138948	0.158516	0.163155	0.160876	0.156267	0.155869	0.110764	0.12157	0.119416	0.144301	0.13751	0.141945	0.105863	0.113355	0.0964215	0.088653	0.097811	0.0247682	0	0.0803578	0.0740445	0.233286	0.235559	0.192766	0.204539	0.183464	0.167413	0.171016	0.0938002	0.110317	0.157308	0.165914	0.103759	0.0991705	0.150764	0.156178	0.140097	0.205915	0.183335	0.175212	0.179103	0.128656	0.121999	0.137245	0.14036	0.144136	0.17862	0.16361	0.17931	0.187886	0.178215	0.165632	0.205153	0.178325	0.19363	0.284886	0.267528	0.289877	0.273039	0.22786	0.230675	0.165483	0.16644	0.284216	0.308003	0.147611	0.159489	0.144463	0.144472	0.15588	0.155885	0.157111	0.152339	0.151134	0.142525	0.139597	0.172088	0.170103	0.265649	0.160635	0.165842	0.138502	0.203556	0.205166	0.210504	0.21041	0.140355	0.160961	0.163905	0.125667	0.132948	0.129418	0.129758	0.250111	0.302036	0.310697	0.296854	0.334778	0.310704	0.319349	0.321937	0.307024	0.30303	0.2657	0.268067	0.269146	0.276626	0.268435	0.257145	0.204334	0.197607	0.246621	0.248835	0.245409	0.244305	0.310321	0.311797	0.260583	0.269137	0.269406	0.164227	0.176662	0.166735	0.119816	0.175463	0.1763	0.153553	0.16999	0.168308	0.158409	0.215016	0.2312	0.182666	0.154218	0.181532	0.171089	0.18196	0.186964	0.176896	0.160801	0.177628	0.161465	0.113194	0.219978	0.208844	0.230324	0.135111	0.141979	0.158005	0.149947	0.147715	0.174852	0.179385	0.136935	0.109649	0.106824	0.11459	0.11463	0.115338	0.128235	0.139491	0.25866	0.284061	0.28465	0.27749	0.28359	0.278856	0.305958	0.344015	0.284157	0.30045	0.292515	0.323921
Hydrobates_tethys	0.236749	0.255	0.259269	0.306743	0.27913	0.262031	0.288072	0.285833	0.2466	0.276923	0.289137	0.268251	0.284392	0.274774	0.280458	0.275735	0.26097	0.265332	0.281987	0.301863	0.27453	0.285614	0.279774	0.277463	0.295866	0.295057	0.28917	0.269023	0.271781	0.282651	0.274562	0.260881	0.302672	0.291219	0.301292	0.294541	0.29561	0.296935	0.291471	0.280713	0.293341	0.299304	0.274161	0.267058	0.27038	0.272452	0.256915	0.262228	0.258889	0.256038	0.263258	0.257761	0.256312	0.258312	0.256874	0.267306	0.263079	0.261573	0.269853	0.303936	0.302233	0.280681	0.280437	0.256339	0.259801	0.264362	0.257176	0.287799	0.289452	0.260436	0.287896	0.272469	0.262186	0.262267	0.271707	0.268539	0.285578	0.298532	0.289959	0.278837	0.254963	0.267147	0.257937	0.271651	0.253851	0.28208	0.270716	0.268172	0.272712	0.273304	0.268071	0.272713	0.270766	0.268774	0.258771	0.245207	0.252511	0.262514	0.253399	0.281569	0.253355	0.277649	0.2563	0.249031	0.2242	0.23156	0.237373	0.243387	0.243383	0.243461	0.254114	0.230331	0.257269	0.240838	0.255627	0.237732	0.234133	0.241356	0.247885	0.25999	0.264325	0.270775	0.284382	0.259354	0.25698	0.248979	0.235037	0.23953	0.239778	0.225462	0.249263	0.250896	0.248936	0.24012	0.244992	0.256532	0.256892	0.255032	0.247678	0.244332	0.228249	0.253436	0.239379	0.226772	0.240011	0.203746	0.120552	0.162801	0.145579	0.127312	0.109122	0.106696	0.124306	0.118843	0.104024	0.119267	0.138836	0.143474	0.141196	0.136587	0.136188	0.0910836	0.10189	0.0997358	0.12462	0.11783	0.122264	0.0861822	0.0936744	0.084016	0.0762475	0.0854055	0.0841756	0.0803578	0	0.0500614	0.213605	0.215879	0.173086	0.184859	0.163783	0.147732	0.151335	0.0741197	0.0906368	0.137628	0.146234	0.0840789	0.07949	0.131084	0.136498	0.120416	0.186234	0.163654	0.155531	0.159422	0.108976	0.102319	0.117564	0.120679	0.124455	0.158939	0.143929	0.15963	0.168206	0.158535	0.145951	0.185472	0.158645	0.17395	0.265206	0.247847	0.270197	0.253359	0.208179	0.210994	0.145802	0.146759	0.264536	0.288323	0.127931	0.139808	0.124782	0.124792	0.1362	0.136204	0.13743	0.132658	0.131454	0.122845	0.119916	0.152408	0.150422	0.245969	0.140955	0.146161	0.118821	0.183875	0.185485	0.190824	0.190729	0.120675	0.14128	0.144225	0.105987	0.113268	0.109737	0.110077	0.230431	0.282356	0.291017	0.277174	0.315097	0.291024	0.299668	0.302257	0.287344	0.28335	0.246019	0.248386	0.249465	0.256945	0.248754	0.237464	0.184654	0.177926	0.226941	0.229154	0.225728	0.224624	0.29064	0.292117	0.240903	0.249457	0.249726	0.144546	0.156982	0.147055	0.100136	0.155782	0.15662	0.133872	0.150309	0.148628	0.138729	0.195335	0.21152	0.162986	0.134538	0.161851	0.151409	0.16228	0.167283	0.157216	0.141121	0.157947	0.141785	0.0935138	0.200298	0.189163	0.210643	0.115431	0.122299	0.138325	0.130266	0.128035	0.155172	0.159704	0.117255	0.0899689	0.0871438	0.0949096	0.0949493	0.0956573	0.108554	0.11981	0.238979	0.26438	0.264969	0.257809	0.26391	0.259175	0.286278	0.324335	0.264476	0.28077	0.272834	0.304241
Thalassarche_chlororhynchos	0.230436	0.248687	0.252956	0.30043	0.272816	0.255718	0.281758	0.27952	0.240287	0.270609	0.282824	0.261938	0.278079	0.26846	0.274144	0.269422	0.254657	0.259019	0.275673	0.29555	0.268216	0.279301	0.27346	0.27115	0.289553	0.288743	0.282856	0.262709	0.265468	0.276338	0.268249	0.254567	0.296359	0.284906	0.294979	0.288227	0.289297	0.290621	0.285158	0.2744	0.287028	0.29299	0.267847	0.260745	0.264067	0.266139	0.250602	0.255914	0.252576	0.249725	0.256945	0.251447	0.249998	0.251998	0.250561	0.260993	0.256765	0.25526	0.26354	0.297623	0.29592	0.274368	0.274123	0.250026	0.253487	0.258048	0.250863	0.281485	0.283139	0.254123	0.281583	0.266155	0.255873	0.255954	0.265393	0.262226	0.279264	0.292218	0.283646	0.272524	0.24865	0.260833	0.251624	0.265337	0.247537	0.275766	0.264403	0.261859	0.266399	0.266991	0.261758	0.2664	0.264453	0.262461	0.252458	0.238894	0.246198	0.2562	0.247086	0.275256	0.247042	0.271335	0.249986	0.242718	0.217887	0.225247	0.23106	0.237074	0.237069	0.237148	0.247801	0.224018	0.250956	0.234525	0.249314	0.231419	0.22782	0.235043	0.241571	0.253677	0.258012	0.264462	0.278069	0.253041	0.250666	0.242665	0.228724	0.233217	0.233464	0.219149	0.242949	0.244583	0.242622	0.233807	0.238679	0.250218	0.250578	0.248719	0.241364	0.238019	0.221936	0.247123	0.233066	0.220458	0.233697	0.197433	0.114239	0.156488	0.139266	0.120999	0.102808	0.100383	0.117993	0.112529	0.0977106	0.112954	0.132522	0.137161	0.134883	0.130274	0.129875	0.0847703	0.0955763	0.0934225	0.118307	0.111517	0.115951	0.0798689	0.0873611	0.0777028	0.0699342	0.0790922	0.0778623	0.0740445	0.0500614	0	0.207292	0.209566	0.166772	0.178545	0.15747	0.141419	0.145022	0.0678064	0.0843235	0.131314	0.13992	0.0777656	0.0731767	0.12477	0.130184	0.114103	0.179921	0.157341	0.149218	0.153109	0.102662	0.0960053	0.111251	0.114366	0.118142	0.152626	0.137616	0.153317	0.161893	0.152221	0.139638	0.179159	0.152332	0.167636	0.258892	0.241534	0.263884	0.247045	0.201866	0.204681	0.139489	0.140446	0.258222	0.28201	0.121617	0.133495	0.118469	0.118479	0.129887	0.129891	0.131117	0.126345	0.12514	0.116531	0.113603	0.146094	0.144109	0.239656	0.134641	0.139848	0.112508	0.177562	0.179172	0.18451	0.184416	0.114361	0.134967	0.137911	0.0996733	0.106954	0.103424	0.103764	0.224118	0.276042	0.284703	0.27086	0.308784	0.284711	0.293355	0.295943	0.281031	0.277036	0.239706	0.242073	0.243152	0.250632	0.242441	0.231151	0.17834	0.171613	0.220627	0.222841	0.219415	0.218311	0.284327	0.285803	0.234589	0.243144	0.243413	0.138233	0.150669	0.140741	0.0938226	0.149469	0.150307	0.127559	0.143996	0.142315	0.132415	0.189022	0.205206	0.156672	0.128224	0.155538	0.145095	0.155966	0.16097	0.150902	0.134808	0.151634	0.135471	0.0872006	0.193984	0.18285	0.20433	0.109117	0.115985	0.132012	0.123953	0.121721	0.148859	0.153391	0.110942	0.0836556	0.0808305	0.0885963	0.088636	0.089344	0.102241	0.113497	0.232666	0.258067	0.258656	0.251496	0.257596	0.252862	0.279965	0.318021	0.258163	0.274456	0.266521	0.297928
Centropus_bengalensis	0.377714	0.395965	0.400234	0.447708	0.420094	0.402996	0.429036	0.426798	0.387565	0.417887	0.430101	0.409216	0.425357	0.415738	0.421422	0.416699	0.401934	0.406296	0.422951	0.442827	0.415494	0.426578	0.420738	0.418427	0.43683	0.436021	0.430134	0.409987	0.412745	0.423615	0.415526	0.401845	0.443636	0.432183	0.442257	0.435505	0.436575	0.437899	0.432435	0.421677	0.434306	0.440268	0.415125	0.408022	0.411344	0.413417	0.397879	0.403192	0.399853	0.397002	0.404222	0.398725	0.397276	0.399276	0.397838	0.408271	0.404043	0.402538	0.410817	0.444901	0.443198	0.421645	0.421401	0.397304	0.400765	0.405326	0.398141	0.428763	0.430417	0.401401	0.428861	0.413433	0.40315	0.403231	0.412671	0.409504	0.426542	0.439496	0.430923	0.419801	0.395927	0.408111	0.398901	0.412615	0.394815	0.423044	0.41168	0.409137	0.413677	0.414268	0.409035	0.413678	0.41173	0.409738	0.399735	0.386171	0.393475	0.403478	0.394364	0.422533	0.39432	0.418613	0.397264	0.389995	0.365165	0.372524	0.378338	0.384352	0.384347	0.384425	0.395079	0.371296	0.398233	0.381803	0.396591	0.378696	0.375097	0.382321	0.388849	0.400955	0.40529	0.411739	0.425347	0.400318	0.397944	0.389943	0.376001	0.380494	0.380742	0.366426	0.390227	0.39186	0.3899	0.381085	0.385957	0.397496	0.397856	0.395996	0.388642	0.385296	0.369214	0.394401	0.380343	0.367736	0.380975	0.34471	0.261516	0.303765	0.286543	0.268276	0.250086	0.247661	0.26527	0.259807	0.244988	0.260232	0.2798	0.284439	0.28216	0.277551	0.277152	0.232048	0.242854	0.2407	0.265585	0.258794	0.263228	0.227146	0.234639	0.236944	0.229176	0.238334	0.237104	0.233286	0.213605	0.207292	0	0.0339583	0.219936	0.231709	0.210633	0.22198	0.225583	0.212903	0.22942	0.276413	0.285019	0.225043	0.220454	0.272048	0.277462	0.261381	0.327199	0.304618	0.296495	0.300386	0.24994	0.243283	0.258528	0.261643	0.26542	0.299903	0.284894	0.300594	0.30917	0.299499	0.286915	0.326436	0.299609	0.314914	0.40617	0.388812	0.411161	0.394323	0.349143	0.351959	0.286767	0.287724	0.4055	0.429287	0.268895	0.280773	0.265746	0.265756	0.277164	0.277168	0.278395	0.273622	0.272418	0.263809	0.260881	0.293372	0.291386	0.386933	0.281919	0.287125	0.259785	0.32484	0.326449	0.331788	0.331693	0.261639	0.282244	0.285189	0.246951	0.254232	0.250701	0.251041	0.371395	0.42332	0.431981	0.418138	0.456062	0.431988	0.440632	0.443221	0.428308	0.424314	0.386983	0.38935	0.39043	0.39791	0.389718	0.378428	0.325618	0.318891	0.367905	0.370119	0.366692	0.365588	0.431604	0.433081	0.381867	0.390421	0.39069	0.285511	0.297946	0.288019	0.2411	0.296747	0.297584	0.274837	0.291273	0.289592	0.279693	0.3363	0.352484	0.30395	0.275502	0.302816	0.292373	0.303244	0.308248	0.29818	0.282085	0.298912	0.282749	0.234478	0.341262	0.330128	0.351607	0.256395	0.263263	0.279289	0.271231	0.268999	0.296136	0.300668	0.258219	0.230933	0.228108	0.235874	0.235914	0.236622	0.249518	0.260774	0.379943	0.405344	0.405934	0.398773	0.404874	0.400139	0.427242	0.465299	0.40544	0.421734	0.413798	0.445205
Centropus_unirufus	0.379987	0.398238	0.402507	0.449981	0.422368	0.405269	0.431309	0.429071	0.389838	0.420161	0.432375	0.411489	0.42763	0.418012	0.423696	0.418973	0.404208	0.40857	0.425225	0.445101	0.417768	0.428852	0.423012	0.420701	0.439104	0.438295	0.432407	0.412261	0.415019	0.425889	0.4178	0.404119	0.44591	0.434457	0.44453	0.437778	0.438848	0.440172	0.434709	0.423951	0.436579	0.442542	0.417399	0.410296	0.413618	0.41569	0.400153	0.405466	0.402127	0.399276	0.406496	0.400998	0.39955	0.401549	0.400112	0.410544	0.406317	0.404811	0.413091	0.447174	0.445471	0.423919	0.423675	0.399577	0.403039	0.407599	0.400414	0.431037	0.43269	0.403674	0.431134	0.415706	0.405424	0.405505	0.414945	0.411777	0.428815	0.441769	0.433197	0.422075	0.398201	0.410385	0.401175	0.414889	0.397089	0.425318	0.413954	0.41141	0.41595	0.416542	0.411309	0.415951	0.414004	0.412012	0.402009	0.388445	0.395749	0.405752	0.396637	0.424807	0.396593	0.420887	0.399537	0.392269	0.367438	0.374798	0.380611	0.386625	0.38662	0.386699	0.397352	0.373569	0.400507	0.384076	0.398865	0.38097	0.377371	0.384594	0.391123	0.403228	0.407563	0.414013	0.42762	0.402592	0.400218	0.392216	0.378275	0.382768	0.383015	0.3687	0.392501	0.394134	0.392174	0.383358	0.38823	0.399769	0.400129	0.39827	0.390916	0.38757	0.371487	0.396674	0.382617	0.37001	0.383249	0.346984	0.26379	0.306039	0.288817	0.27055	0.25236	0.249934	0.267544	0.262081	0.247262	0.262505	0.282074	0.286712	0.284434	0.279825	0.279426	0.234321	0.245127	0.242974	0.267858	0.261068	0.265502	0.22942	0.236912	0.239218	0.231449	0.240607	0.239377	0.235559	0.215879	0.209566	0.0339583	0	0.222209	0.233982	0.212907	0.224253	0.227857	0.215176	0.231694	0.278686	0.287292	0.227317	0.222728	0.274321	0.279735	0.263654	0.329472	0.306892	0.298769	0.30266	0.252213	0.245556	0.260802	0.263917	0.267693	0.302177	0.287167	0.302868	0.311444	0.301773	0.289189	0.32871	0.301883	0.317187	0.408443	0.391085	0.413435	0.396597	0.351417	0.354232	0.28904	0.289997	0.407773	0.431561	0.271169	0.283046	0.26802	0.26803	0.279438	0.279442	0.280668	0.275896	0.274691	0.266083	0.263154	0.295645	0.29366	0.389207	0.284192	0.289399	0.262059	0.327113	0.328723	0.334062	0.333967	0.263913	0.284518	0.287463	0.249224	0.256506	0.252975	0.253315	0.373669	0.425594	0.434255	0.420412	0.458335	0.434262	0.442906	0.445494	0.430582	0.426587	0.389257	0.391624	0.392703	0.400183	0.391992	0.380702	0.327891	0.321164	0.370179	0.372392	0.368966	0.367862	0.433878	0.435355	0.38414	0.392695	0.392964	0.287784	0.30022	0.290293	0.243374	0.29902	0.299858	0.27711	0.293547	0.291866	0.281966	0.338573	0.354757	0.306223	0.277775	0.305089	0.294646	0.305518	0.310521	0.300453	0.284359	0.301185	0.285022	0.236752	0.343536	0.332401	0.353881	0.258668	0.265536	0.281563	0.273504	0.271272	0.29841	0.302942	0.260493	0.233207	0.230382	0.238147	0.238187	0.238895	0.251792	0.263048	0.382217	0.407618	0.408207	0.401047	0.407148	0.402413	0.429516	0.467572	0.407714	0.424008	0.416072	0.447479
Ceuthmochares_aereus	0.337194	0.355445	0.359714	0.407188	0.379574	0.362476	0.388516	0.386278	0.347045	0.377367	0.389582	0.368696	0.384837	0.375218	0.380902	0.37618	0.361415	0.365777	0.382431	0.402308	0.374974	0.386059	0.380218	0.377908	0.396311	0.395501	0.389614	0.369467	0.372226	0.383096	0.375007	0.361325	0.403117	0.391664	0.401737	0.394985	0.396055	0.397379	0.391916	0.381158	0.393786	0.399748	0.374605	0.367503	0.370825	0.372897	0.35736	0.362672	0.359334	0.356483	0.363703	0.358205	0.356756	0.358756	0.357319	0.367751	0.363523	0.362018	0.370298	0.404381	0.402678	0.381126	0.380881	0.356784	0.360245	0.364806	0.357621	0.388243	0.389897	0.360881	0.388341	0.372913	0.362631	0.362712	0.372151	0.368984	0.386022	0.398976	0.390404	0.379282	0.355408	0.367591	0.358382	0.372095	0.354295	0.382524	0.371161	0.368617	0.373157	0.373749	0.368516	0.373158	0.371211	0.369219	0.359216	0.345652	0.352956	0.362958	0.353844	0.382014	0.3538	0.378093	0.356744	0.349476	0.324645	0.332005	0.337818	0.343832	0.343827	0.343906	0.354559	0.330776	0.357714	0.341283	0.356072	0.338177	0.334578	0.341801	0.348329	0.360435	0.36477	0.37122	0.384827	0.359799	0.357424	0.349423	0.335482	0.339975	0.340222	0.325907	0.349707	0.351341	0.34938	0.340565	0.345437	0.356976	0.357336	0.355477	0.348122	0.344777	0.328694	0.353881	0.339824	0.327216	0.340455	0.304191	0.220997	0.263246	0.246024	0.227757	0.209566	0.207141	0.224751	0.219287	0.204469	0.219712	0.23928	0.243919	0.241641	0.237032	0.236633	0.191528	0.202334	0.200181	0.225065	0.218275	0.222709	0.186627	0.194119	0.196425	0.188656	0.197814	0.196584	0.192766	0.173086	0.166772	0.219936	0.222209	0	0.111101	0.118169	0.18146	0.185064	0.172383	0.1889	0.235893	0.244499	0.184524	0.179935	0.231528	0.236942	0.220861	0.286679	0.264099	0.255976	0.259867	0.20942	0.202763	0.218009	0.221124	0.2249	0.259384	0.244374	0.260075	0.268651	0.258979	0.246396	0.285917	0.25909	0.274394	0.36565	0.348292	0.370642	0.353803	0.308624	0.311439	0.246247	0.247204	0.36498	0.388768	0.228375	0.240253	0.225227	0.225237	0.236645	0.236649	0.237875	0.233103	0.231898	0.223289	0.220361	0.252852	0.250867	0.346414	0.241399	0.246606	0.219266	0.28432	0.28593	0.291268	0.291174	0.221119	0.241725	0.244669	0.206431	0.213712	0.210182	0.210522	0.330876	0.3828	0.391461	0.377618	0.415542	0.391469	0.400113	0.402701	0.387789	0.383794	0.346464	0.348831	0.34991	0.35739	0.349199	0.337909	0.285098	0.278371	0.327385	0.329599	0.326173	0.325069	0.391085	0.392561	0.341347	0.349902	0.350171	0.244991	0.257427	0.247499	0.200581	0.256227	0.257065	0.234317	0.250754	0.249073	0.239173	0.29578	0.311964	0.26343	0.234982	0.262296	0.251853	0.262724	0.267728	0.25766	0.241566	0.258392	0.242229	0.193959	0.300742	0.289608	0.311088	0.215875	0.222743	0.23877	0.230711	0.228479	0.255617	0.260149	0.2177	0.190414	0.187588	0.195354	0.195394	0.196102	0.208999	0.220255	0.339424	0.364825	0.365414	0.358254	0.364354	0.35962	0.386723	0.424779	0.364921	0.381214	0.373279	0.404686
Piaya_cayana	0.348967	0.367218	0.371487	0.418961	0.391347	0.374249	0.400289	0.398051	0.358818	0.38914	0.401355	0.380469	0.39661	0.386991	0.392675	0.387953	0.373187	0.377549	0.394204	0.414081	0.386747	0.397831	0.391991	0.389681	0.408084	0.407274	0.401387	0.38124	0.383999	0.394869	0.38678	0.373098	0.41489	0.403437	0.41351	0.406758	0.407828	0.409152	0.403688	0.392931	0.405559	0.411521	0.386378	0.379276	0.382598	0.38467	0.369133	0.374445	0.371107	0.368256	0.375475	0.369978	0.368529	0.370529	0.369092	0.379524	0.375296	0.373791	0.382071	0.416154	0.414451	0.392899	0.392654	0.368557	0.372018	0.376579	0.369394	0.400016	0.40167	0.372654	0.400114	0.384686	0.374404	0.374485	0.383924	0.380757	0.397795	0.410749	0.402177	0.391054	0.367181	0.379364	0.370155	0.383868	0.366068	0.394297	0.382934	0.38039	0.38493	0.385521	0.380289	0.384931	0.382983	0.380991	0.370989	0.357425	0.364729	0.374731	0.365617	0.393787	0.365573	0.389866	0.368517	0.361249	0.336418	0.343777	0.349591	0.355605	0.3556	0.355679	0.366332	0.342549	0.369487	0.353056	0.367845	0.34995	0.346351	0.353574	0.360102	0.372208	0.376543	0.382993	0.3966	0.371571	0.369197	0.361196	0.347255	0.351747	0.351995	0.33768	0.36148	0.363113	0.361153	0.352338	0.35721	0.368749	0.369109	0.36725	0.359895	0.35655	0.340467	0.365654	0.351596	0.338989	0.352228	0.315964	0.23277	0.275019	0.257797	0.23953	0.221339	0.218914	0.236523	0.23106	0.216241	0.231485	0.251053	0.255692	0.253413	0.248804	0.248406	0.203301	0.214107	0.211953	0.236838	0.230048	0.234482	0.1984	0.205892	0.208197	0.200429	0.209587	0.208357	0.204539	0.184859	0.178545	0.231709	0.233982	0.111101	0	0.129942	0.193233	0.196836	0.184156	0.200673	0.247666	0.256272	0.196296	0.191708	0.243301	0.248715	0.232634	0.298452	0.275872	0.267749	0.27164	0.221193	0.214536	0.229782	0.232897	0.236673	0.271157	0.256147	0.271848	0.280423	0.270752	0.258169	0.29769	0.270862	0.286167	0.377423	0.360065	0.382415	0.365576	0.320397	0.323212	0.25802	0.258977	0.376753	0.40054	0.240148	0.252026	0.237	0.237009	0.248418	0.248422	0.249648	0.244876	0.243671	0.235062	0.232134	0.264625	0.26264	0.358186	0.253172	0.258379	0.231039	0.296093	0.297703	0.303041	0.302947	0.232892	0.253498	0.256442	0.218204	0.225485	0.221955	0.222295	0.342649	0.394573	0.403234	0.389391	0.427315	0.403241	0.411886	0.414474	0.399562	0.395567	0.358237	0.360604	0.361683	0.369163	0.360972	0.349682	0.296871	0.290144	0.339158	0.341372	0.337946	0.336842	0.402858	0.404334	0.35312	0.361674	0.361943	0.256764	0.269199	0.259272	0.212353	0.268	0.268838	0.24609	0.262527	0.260846	0.250946	0.307553	0.323737	0.275203	0.246755	0.274069	0.263626	0.274497	0.279501	0.269433	0.253339	0.270165	0.254002	0.205731	0.312515	0.301381	0.322861	0.227648	0.234516	0.250542	0.242484	0.240252	0.26739	0.271922	0.229473	0.202186	0.199361	0.207127	0.207167	0.207875	0.220772	0.232028	0.351197	0.376598	0.377187	0.370027	0.376127	0.371393	0.398495	0.436552	0.376694	0.392987	0.385052	0.416458
Cuculus_canorus	0.327892	0.346143	0.350412	0.397886	0.370272	0.353174	0.379214	0.376976	0.337743	0.368065	0.380279	0.359394	0.375535	0.365916	0.3716	0.366877	0.352112	0.356474	0.373129	0.393005	0.365672	0.376756	0.370916	0.368605	0.387008	0.386199	0.380312	0.360165	0.362923	0.373793	0.365704	0.352023	0.393814	0.382362	0.392435	0.385683	0.386753	0.388077	0.382613	0.371855	0.384484	0.390446	0.365303	0.3582	0.361522	0.363595	0.348057	0.35337	0.350031	0.347181	0.3544	0.348903	0.347454	0.349454	0.348016	0.358449	0.354221	0.352716	0.360996	0.395079	0.393376	0.371823	0.371579	0.347482	0.350943	0.355504	0.348319	0.378941	0.380595	0.351579	0.379039	0.363611	0.353328	0.35341	0.362849	0.359682	0.37672	0.389674	0.381101	0.369979	0.346106	0.358289	0.349079	0.362793	0.344993	0.373222	0.361858	0.359315	0.363855	0.364446	0.359214	0.363856	0.361908	0.359916	0.349913	0.336349	0.343653	0.353656	0.344542	0.372711	0.344498	0.368791	0.347442	0.340173	0.315343	0.322702	0.328516	0.33453	0.334525	0.334603	0.345257	0.321474	0.348411	0.331981	0.346769	0.328874	0.325276	0.332499	0.339027	0.351133	0.355468	0.361918	0.375525	0.350496	0.348122	0.340121	0.326179	0.330672	0.33092	0.316604	0.340405	0.342038	0.340078	0.331263	0.336135	0.347674	0.348034	0.346174	0.33882	0.335474	0.319392	0.344579	0.330521	0.317914	0.331153	0.294888	0.211694	0.253944	0.236722	0.218454	0.200264	0.197839	0.215448	0.209985	0.195166	0.21041	0.229978	0.234617	0.232338	0.227729	0.22733	0.182226	0.193032	0.190878	0.215763	0.208972	0.213406	0.177325	0.184817	0.187122	0.179354	0.188512	0.187282	0.183464	0.163783	0.15747	0.210633	0.212907	0.118169	0.129942	0	0.172158	0.175761	0.163081	0.179598	0.226591	0.235197	0.175221	0.170632	0.222226	0.22764	0.211559	0.277377	0.254796	0.246673	0.250564	0.200118	0.193461	0.208706	0.211821	0.215598	0.250082	0.235072	0.250772	0.259348	0.249677	0.237094	0.276614	0.249787	0.265092	0.356348	0.33899	0.361339	0.344501	0.299322	0.302137	0.236945	0.237902	0.355678	0.379465	0.219073	0.230951	0.215924	0.215934	0.227342	0.227346	0.228573	0.2238	0.222596	0.213987	0.211059	0.24355	0.241564	0.337111	0.232097	0.237303	0.209963	0.275018	0.276628	0.281966	0.281871	0.211817	0.232422	0.235367	0.197129	0.20441	0.200879	0.201219	0.321573	0.373498	0.382159	0.368316	0.40624	0.382166	0.39081	0.393399	0.378486	0.374492	0.337161	0.339528	0.340608	0.348088	0.339897	0.328607	0.275796	0.269069	0.318083	0.320297	0.31687	0.315766	0.381782	0.383259	0.332045	0.340599	0.340868	0.235689	0.248124	0.238197	0.191278	0.246925	0.247762	0.225015	0.241452	0.23977	0.229871	0.286478	0.302662	0.254128	0.22568	0.252994	0.242551	0.253422	0.258426	0.248358	0.232263	0.24909	0.232927	0.184656	0.29144	0.280306	0.301786	0.206573	0.213441	0.229467	0.221409	0.219177	0.246314	0.250847	0.208397	0.181111	0.178286	0.186052	0.186092	0.1868	0.199696	0.210953	0.330121	0.355522	0.356112	0.348951	0.355052	0.350318	0.37742	0.415477	0.355619	0.371912	0.363977	0.395383
Crotophaga_sulcirostris	0.31184	0.330091	0.33436	0.381834	0.354221	0.337122	0.363163	0.360924	0.321691	0.352014	0.364228	0.343342	0.359483	0.349865	0.355549	0.350826	0.336061	0.340423	0.357078	0.376954	0.349621	0.360705	0.354865	0.352554	0.370957	0.370148	0.364261	0.344114	0.346872	0.357742	0.349653	0.335972	0.377763	0.36631	0.376383	0.369632	0.370701	0.372026	0.366562	0.355804	0.368432	0.374395	0.349252	0.342149	0.345471	0.347543	0.332006	0.337319	0.33398	0.331129	0.338349	0.332852	0.331403	0.333403	0.331965	0.342397	0.33817	0.336664	0.344944	0.379027	0.377324	0.355772	0.355528	0.33143	0.334892	0.339453	0.332267	0.36289	0.364543	0.335527	0.362987	0.34756	0.337277	0.337358	0.346798	0.343631	0.360669	0.373623	0.36505	0.353928	0.330054	0.342238	0.333028	0.346742	0.328942	0.357171	0.345807	0.343263	0.347803	0.348395	0.343162	0.347804	0.345857	0.343865	0.333862	0.320298	0.327602	0.337605	0.32849	0.35666	0.328446	0.35274	0.331391	0.324122	0.299291	0.306651	0.312464	0.318478	0.318474	0.318552	0.329205	0.305422	0.33236	0.315929	0.330718	0.312823	0.309224	0.316447	0.322976	0.335081	0.339416	0.345866	0.359473	0.334445	0.332071	0.32407	0.310128	0.314621	0.314869	0.300553	0.324354	0.325987	0.324027	0.315211	0.320084	0.331623	0.331983	0.330123	0.322769	0.319423	0.30334	0.328527	0.31447	0.301863	0.315102	0.278837	0.195643	0.237892	0.22067	0.202403	0.184213	0.181787	0.199397	0.193934	0.179115	0.194358	0.213927	0.218565	0.216287	0.211678	0.211279	0.166175	0.176981	0.174827	0.199711	0.192921	0.197355	0.161273	0.168765	0.171071	0.163302	0.17246	0.17123	0.167413	0.147732	0.141419	0.22198	0.224253	0.18146	0.193233	0.172158	0	0.130075	0.14703	0.163547	0.21054	0.219146	0.15917	0.154581	0.206175	0.211589	0.195507	0.261325	0.238745	0.230622	0.234513	0.184067	0.17741	0.192655	0.19577	0.199546	0.23403	0.21902	0.234721	0.243297	0.233626	0.221042	0.260563	0.233736	0.249041	0.340297	0.322938	0.345288	0.32845	0.28327	0.286085	0.220893	0.22185	0.339627	0.363414	0.203022	0.214899	0.199873	0.199883	0.211291	0.211295	0.212521	0.207749	0.206545	0.197936	0.195007	0.227499	0.225513	0.32106	0.216046	0.221252	0.193912	0.258966	0.260576	0.265915	0.26582	0.195766	0.216371	0.219316	0.181078	0.188359	0.184828	0.185168	0.305522	0.357447	0.366108	0.352265	0.390188	0.366115	0.374759	0.377348	0.362435	0.358441	0.32111	0.323477	0.324556	0.332036	0.323845	0.312555	0.259745	0.253017	0.302032	0.304245	0.300819	0.299715	0.365731	0.367208	0.315994	0.324548	0.324817	0.219638	0.232073	0.222146	0.175227	0.230873	0.231711	0.208963	0.2254	0.223719	0.21382	0.270426	0.286611	0.238077	0.209629	0.236942	0.2265	0.237371	0.242374	0.232307	0.216212	0.233038	0.216876	0.168605	0.275389	0.264254	0.285734	0.190522	0.19739	0.213416	0.205357	0.203126	0.230263	0.234795	0.192346	0.16506	0.162235	0.170001	0.17004	0.170748	0.183645	0.194901	0.31407	0.339471	0.34006	0.3329	0.339001	0.334266	0.361369	0.399426	0.339567	0.355861	0.347925	0.379332
Geococcyx_californianus	0.315444	0.333695	0.337964	0.385438	0.357824	0.340726	0.366766	0.364528	0.325295	0.355617	0.367831	0.346946	0.363087	0.353468	0.359152	0.354429	0.339664	0.344026	0.360681	0.380557	0.353224	0.364308	0.358468	0.356157	0.37456	0.373751	0.367864	0.347717	0.350475	0.361345	0.353256	0.339575	0.381366	0.369913	0.379987	0.373235	0.374305	0.375629	0.370165	0.359407	0.372036	0.377998	0.352855	0.345752	0.349074	0.351147	0.335609	0.340922	0.337583	0.334733	0.341952	0.336455	0.335006	0.337006	0.335568	0.346001	0.341773	0.340268	0.348548	0.382631	0.380928	0.359375	0.359131	0.335034	0.338495	0.343056	0.335871	0.366493	0.368147	0.339131	0.366591	0.351163	0.34088	0.340962	0.350401	0.347234	0.364272	0.377226	0.368653	0.357531	0.333658	0.345841	0.336631	0.350345	0.332545	0.360774	0.34941	0.346867	0.351407	0.351998	0.346766	0.351408	0.34946	0.347468	0.337465	0.323901	0.331205	0.341208	0.332094	0.360263	0.33205	0.356343	0.334994	0.327725	0.302895	0.310254	0.316068	0.322082	0.322077	0.322155	0.332809	0.309026	0.335963	0.319533	0.334321	0.316426	0.312828	0.320051	0.326579	0.338685	0.34302	0.34947	0.363077	0.338048	0.335674	0.327673	0.313731	0.318224	0.318472	0.304156	0.327957	0.32959	0.32763	0.318815	0.323687	0.335226	0.335586	0.333726	0.326372	0.323026	0.306944	0.332131	0.318073	0.305466	0.318705	0.28244	0.199246	0.241496	0.224273	0.206006	0.187816	0.185391	0.203	0.197537	0.182718	0.197962	0.21753	0.222169	0.21989	0.215281	0.214882	0.169778	0.180584	0.17843	0.203315	0.196524	0.200958	0.164877	0.172369	0.174674	0.166906	0.176064	0.174834	0.171016	0.151335	0.145022	0.225583	0.227857	0.185064	0.196836	0.175761	0.130075	0	0.150633	0.16715	0.214143	0.222749	0.162773	0.158184	0.209778	0.215192	0.199111	0.264929	0.242348	0.234225	0.238116	0.18767	0.181013	0.196258	0.199373	0.20315	0.237634	0.222624	0.238324	0.2469	0.237229	0.224645	0.264166	0.237339	0.252644	0.3439	0.326542	0.348891	0.332053	0.286874	0.289689	0.224497	0.225454	0.34323	0.367017	0.206625	0.218503	0.203476	0.203486	0.214894	0.214898	0.216125	0.211352	0.210148	0.201539	0.198611	0.231102	0.229116	0.324663	0.219649	0.224855	0.197515	0.26257	0.26418	0.269518	0.269423	0.199369	0.219974	0.222919	0.184681	0.191962	0.188431	0.188771	0.309125	0.36105	0.369711	0.355868	0.393792	0.369718	0.378362	0.380951	0.366038	0.362044	0.324713	0.32708	0.32816	0.33564	0.327449	0.316159	0.263348	0.256621	0.305635	0.307849	0.304422	0.303318	0.369334	0.370811	0.319597	0.328151	0.32842	0.223241	0.235676	0.225749	0.17883	0.234477	0.235314	0.212567	0.229004	0.227322	0.217423	0.27403	0.290214	0.24168	0.213232	0.240546	0.230103	0.240974	0.245978	0.23591	0.219815	0.236642	0.220479	0.172208	0.278992	0.267858	0.289338	0.194125	0.200993	0.217019	0.208961	0.206729	0.233866	0.238398	0.195949	0.168663	0.165838	0.173604	0.173644	0.174352	0.187248	0.198505	0.317673	0.343074	0.343664	0.336503	0.342604	0.33787	0.364972	0.403029	0.34317	0.359464	0.351529	0.382935
Ciconia_maguari	0.238228	0.256479	0.260748	0.308222	0.280608	0.26351	0.28955	0.287312	0.248079	0.278401	0.290616	0.26973	0.285871	0.276252	0.281936	0.277214	0.262449	0.26681	0.283465	0.303342	0.276008	0.287092	0.281252	0.278942	0.297345	0.296535	0.290648	0.270501	0.27326	0.28413	0.276041	0.262359	0.304151	0.292698	0.302771	0.296019	0.297089	0.298413	0.29295	0.282192	0.29482	0.300782	0.275639	0.268537	0.271859	0.273931	0.258394	0.263706	0.260368	0.257517	0.264737	0.259239	0.25779	0.25979	0.258353	0.268785	0.264557	0.263052	0.271332	0.305415	0.303712	0.28216	0.281915	0.257818	0.261279	0.26584	0.258655	0.289277	0.290931	0.261915	0.289375	0.273947	0.263665	0.263746	0.273185	0.270018	0.287056	0.30001	0.291438	0.280315	0.256442	0.268625	0.259416	0.273129	0.255329	0.283558	0.272195	0.269651	0.274191	0.274782	0.26955	0.274192	0.272244	0.270252	0.26025	0.246686	0.25399	0.263992	0.254878	0.283048	0.254834	0.279127	0.257778	0.25051	0.225679	0.233039	0.238852	0.244866	0.244861	0.24494	0.255593	0.23181	0.258748	0.242317	0.257106	0.239211	0.235612	0.242835	0.249363	0.261469	0.265804	0.272254	0.285861	0.260833	0.258458	0.250457	0.236516	0.241009	0.241256	0.226941	0.250741	0.252374	0.250414	0.241599	0.246471	0.25801	0.25837	0.256511	0.249156	0.245811	0.229728	0.254915	0.240857	0.22825	0.241489	0.205225	0.122031	0.16428	0.147058	0.128791	0.1106	0.108175	0.125784	0.120321	0.105503	0.120746	0.140314	0.144953	0.142674	0.138065	0.137667	0.0925623	0.103368	0.101214	0.126099	0.119309	0.123743	0.0876608	0.095153	0.0974585	0.08969	0.0988479	0.097618	0.0938002	0.0741197	0.0678064	0.212903	0.215176	0.172383	0.184156	0.163081	0.14703	0.150633	0	0.0872836	0.136927	0.145533	0.0855575	0.0809686	0.132562	0.137976	0.121895	0.187713	0.165133	0.15701	0.160901	0.110454	0.103797	0.119043	0.122158	0.125934	0.160418	0.145408	0.161109	0.169684	0.160013	0.14743	0.186951	0.160123	0.175428	0.266684	0.249326	0.271676	0.254837	0.209658	0.212473	0.147281	0.148238	0.266014	0.289802	0.129409	0.141287	0.126261	0.12627	0.137679	0.137683	0.138909	0.134137	0.132932	0.124323	0.121395	0.153886	0.151901	0.247447	0.142433	0.14764	0.1203	0.185354	0.186964	0.192302	0.192208	0.122153	0.142759	0.145703	0.107465	0.114746	0.111216	0.111556	0.23191	0.283834	0.292495	0.278652	0.316576	0.292503	0.301147	0.303735	0.288823	0.284828	0.247498	0.249865	0.250944	0.258424	0.250233	0.238943	0.186132	0.179405	0.228419	0.230633	0.227207	0.226103	0.292119	0.293595	0.242381	0.250936	0.251205	0.146025	0.15846	0.148533	0.101615	0.157261	0.158099	0.135351	0.151788	0.150107	0.140207	0.196814	0.212998	0.164464	0.136016	0.16333	0.152887	0.163758	0.168762	0.158694	0.1426	0.159426	0.143263	0.0949925	0.201776	0.190642	0.212122	0.116909	0.123777	0.139803	0.131745	0.129513	0.156651	0.161183	0.118734	0.0914475	0.0886224	0.0963882	0.0964279	0.097136	0.110033	0.121289	0.240458	0.265859	0.266448	0.259288	0.265388	0.260654	0.287756	0.325813	0.265955	0.282248	0.274313	0.305719
Phaethon_lepturus	0.254745	0.272996	0.277265	0.324739	0.297125	0.280027	0.306067	0.303829	0.264596	0.294918	0.307133	0.286247	0.302388	0.292769	0.298453	0.293731	0.278966	0.283328	0.299983	0.319859	0.292526	0.30361	0.29777	0.295459	0.313862	0.313052	0.307165	0.287019	0.289777	0.300647	0.292558	0.278877	0.320668	0.309215	0.319288	0.312536	0.313606	0.31493	0.309467	0.298709	0.311337	0.317299	0.292157	0.285054	0.288376	0.290448	0.274911	0.280223	0.276885	0.274034	0.281254	0.275756	0.274308	0.276307	0.27487	0.285302	0.281075	0.279569	0.287849	0.321932	0.320229	0.298677	0.298432	0.274335	0.277796	0.282357	0.275172	0.305794	0.307448	0.278432	0.305892	0.290464	0.280182	0.280263	0.289702	0.286535	0.303573	0.316527	0.307955	0.296833	0.272959	0.285142	0.275933	0.289647	0.271846	0.300075	0.288712	0.286168	0.290708	0.2913	0.286067	0.290709	0.288762	0.28677	0.276767	0.263203	0.270507	0.280509	0.271395	0.299565	0.271351	0.295644	0.274295	0.267027	0.242196	0.249556	0.255369	0.261383	0.261378	0.261457	0.27211	0.248327	0.275265	0.258834	0.273623	0.255728	0.252129	0.259352	0.26588	0.277986	0.282321	0.288771	0.302378	0.27735	0.274976	0.266974	0.253033	0.257526	0.257773	0.243458	0.267259	0.268892	0.266931	0.258116	0.262988	0.274527	0.274887	0.273028	0.265674	0.262328	0.246245	0.271432	0.257375	0.244768	0.258006	0.221742	0.138548	0.180797	0.163575	0.145308	0.127117	0.124692	0.142302	0.136839	0.12202	0.137263	0.156831	0.16147	0.159192	0.154583	0.154184	0.109079	0.119885	0.117732	0.142616	0.135826	0.14026	0.104178	0.11167	0.113976	0.106207	0.115365	0.114135	0.110317	0.0906368	0.0843235	0.22942	0.231694	0.1889	0.200673	0.179598	0.163547	0.16715	0.0872836	0	0.153444	0.16205	0.102075	0.0974858	0.149079	0.154493	0.138412	0.20423	0.18165	0.173527	0.177418	0.126971	0.120314	0.13556	0.138675	0.142451	0.176935	0.161925	0.177626	0.186202	0.17653	0.163947	0.203468	0.176641	0.191945	0.283201	0.265843	0.288193	0.271355	0.226175	0.22899	0.163798	0.164755	0.282531	0.306319	0.145926	0.157804	0.142778	0.142788	0.154196	0.1542	0.155426	0.150654	0.149449	0.14084	0.137912	0.170403	0.168418	0.263965	0.15895	0.164157	0.136817	0.201871	0.203481	0.20882	0.208725	0.138671	0.159276	0.16222	0.123982	0.131264	0.127733	0.128073	0.248427	0.300351	0.309013	0.295169	0.333093	0.30902	0.317664	0.320252	0.30534	0.301345	0.264015	0.266382	0.267461	0.274941	0.26675	0.25546	0.202649	0.195922	0.244937	0.24715	0.243724	0.24262	0.308636	0.310112	0.258898	0.267453	0.267722	0.162542	0.174978	0.16505	0.118132	0.173778	0.174616	0.151868	0.168305	0.166624	0.156724	0.213331	0.229515	0.180981	0.152533	0.179847	0.169404	0.180275	0.185279	0.175211	0.159117	0.175943	0.15978	0.11151	0.218294	0.207159	0.228639	0.133426	0.140294	0.156321	0.148262	0.14603	0.173168	0.1777	0.135251	0.107965	0.10514	0.112905	0.112945	0.113653	0.12655	0.137806	0.256975	0.282376	0.282965	0.275805	0.281905	0.277171	0.304274	0.34233	0.282472	0.298765	0.29083	0.322237
Eurypyga_helias	0.301736	0.319987	0.324256	0.37173	0.344116	0.327018	0.353058	0.35082	0.311587	0.341909	0.354124	0.333238	0.349379	0.33976	0.345444	0.340722	0.325957	0.330318	0.346973	0.36685	0.339516	0.3506	0.34476	0.34245	0.360853	0.360043	0.354156	0.334009	0.336768	0.347638	0.339549	0.325867	0.367659	0.356206	0.366279	0.359527	0.360597	0.361921	0.356458	0.3457	0.358328	0.36429	0.339147	0.332045	0.335367	0.337439	0.321902	0.327214	0.323876	0.321025	0.328245	0.322747	0.321298	0.323298	0.321861	0.332293	0.328065	0.32656	0.33484	0.368923	0.36722	0.345668	0.345423	0.321326	0.324787	0.329348	0.322163	0.352785	0.354439	0.325423	0.352883	0.337455	0.327173	0.327254	0.336693	0.333526	0.350564	0.363518	0.354946	0.343824	0.31995	0.332133	0.322924	0.336637	0.318837	0.347066	0.335703	0.333159	0.337699	0.33829	0.333058	0.3377	0.335752	0.333761	0.323758	0.310194	0.317498	0.3275	0.318386	0.346556	0.318342	0.342635	0.321286	0.314018	0.289187	0.296547	0.30236	0.308374	0.308369	0.308448	0.319101	0.295318	0.322256	0.305825	0.320614	0.302719	0.29912	0.306343	0.312871	0.324977	0.329312	0.335762	0.349369	0.324341	0.321966	0.313965	0.300024	0.304517	0.304764	0.290449	0.314249	0.315883	0.313922	0.305107	0.309979	0.321518	0.321878	0.320019	0.312664	0.309319	0.293236	0.318423	0.304366	0.291758	0.304997	0.268733	0.185539	0.227788	0.210566	0.192299	0.174108	0.171683	0.189292	0.183829	0.169011	0.184254	0.203822	0.208461	0.206182	0.201573	0.201175	0.15607	0.166876	0.164722	0.189607	0.182817	0.187251	0.151169	0.158661	0.160967	0.153198	0.162356	0.161126	0.157308	0.137628	0.131314	0.276413	0.278686	0.235893	0.247666	0.226591	0.21054	0.214143	0.136927	0.153444	0	0.105954	0.149066	0.144477	0.19607	0.201484	0.185403	0.251221	0.228641	0.220518	0.224409	0.173962	0.167305	0.182551	0.185666	0.189442	0.223926	0.208916	0.224617	0.233193	0.223521	0.210938	0.250459	0.223632	0.238936	0.330192	0.312834	0.335184	0.318345	0.273166	0.275981	0.210789	0.211746	0.329522	0.35331	0.192917	0.204795	0.189769	0.189778	0.201187	0.201191	0.202417	0.197645	0.19644	0.187831	0.184903	0.217394	0.215409	0.310955	0.205941	0.211148	0.183808	0.248862	0.250472	0.25581	0.255716	0.185661	0.206267	0.209211	0.170973	0.178254	0.174724	0.175064	0.295418	0.347342	0.356003	0.34216	0.380084	0.356011	0.364655	0.367243	0.352331	0.348336	0.311006	0.313373	0.314452	0.321932	0.313741	0.302451	0.24964	0.242913	0.291927	0.294141	0.290715	0.289611	0.355627	0.357103	0.305889	0.314444	0.314713	0.209533	0.221968	0.212041	0.165123	0.220769	0.221607	0.198859	0.215296	0.213615	0.203715	0.260322	0.276506	0.227972	0.199524	0.226838	0.216395	0.227266	0.23227	0.222202	0.206108	0.222934	0.206771	0.158501	0.265284	0.25415	0.27563	0.180417	0.187285	0.203312	0.195253	0.193021	0.220159	0.224691	0.182242	0.154956	0.15213	0.159896	0.159936	0.160644	0.173541	0.184797	0.303966	0.329367	0.329956	0.322796	0.328896	0.324162	0.351264	0.389321	0.329463	0.345756	0.337821	0.369227
Rhynochetos_jubatus	0.310342	0.328593	0.332862	0.380336	0.352722	0.335624	0.361664	0.359426	0.320193	0.350515	0.36273	0.341844	0.357985	0.348366	0.35405	0.349328	0.334563	0.338924	0.355579	0.375456	0.348122	0.359206	0.353366	0.351056	0.369459	0.368649	0.362762	0.342615	0.345374	0.356244	0.348155	0.334473	0.376265	0.364812	0.374885	0.368133	0.369203	0.370527	0.365064	0.354306	0.366934	0.372896	0.347753	0.340651	0.343973	0.346045	0.330508	0.33582	0.332482	0.329631	0.336851	0.331353	0.329904	0.331904	0.330467	0.340899	0.336671	0.335166	0.343446	0.377529	0.375826	0.354274	0.354029	0.329932	0.333393	0.337954	0.330769	0.361391	0.363045	0.334029	0.361489	0.346061	0.335779	0.33586	0.345299	0.342132	0.35917	0.372124	0.363552	0.35243	0.328556	0.340739	0.33153	0.345243	0.327443	0.355672	0.344309	0.341765	0.346305	0.346896	0.341664	0.346306	0.344358	0.342366	0.332364	0.3188	0.326104	0.336106	0.326992	0.355162	0.326948	0.351241	0.329892	0.322624	0.297793	0.305153	0.310966	0.31698	0.316975	0.317054	0.327707	0.303924	0.330862	0.314431	0.32922	0.311325	0.307726	0.314949	0.321477	0.333583	0.337918	0.344368	0.357975	0.332947	0.330572	0.322571	0.30863	0.313123	0.31337	0.299055	0.322855	0.324488	0.322528	0.313713	0.318585	0.330124	0.330484	0.328625	0.32127	0.317925	0.301842	0.327029	0.312972	0.300364	0.313603	0.277339	0.194145	0.236394	0.219172	0.200905	0.182714	0.180289	0.197898	0.192435	0.177617	0.19286	0.212428	0.217067	0.214788	0.210179	0.209781	0.164676	0.175482	0.173328	0.198213	0.191423	0.195857	0.159775	0.167267	0.169572	0.161804	0.170962	0.169732	0.165914	0.146234	0.13992	0.285019	0.287292	0.244499	0.256272	0.235197	0.219146	0.222749	0.145533	0.16205	0.105954	0	0.157672	0.153083	0.204676	0.21009	0.194009	0.259827	0.237247	0.229124	0.233015	0.182568	0.175911	0.191157	0.194272	0.198048	0.232532	0.217522	0.233223	0.241798	0.232127	0.219544	0.259065	0.232238	0.247542	0.338798	0.32144	0.34379	0.326951	0.281772	0.284587	0.219395	0.220352	0.338128	0.361916	0.201523	0.213401	0.198375	0.198384	0.209793	0.209797	0.211023	0.206251	0.205046	0.196437	0.193509	0.226	0.224015	0.319561	0.214547	0.219754	0.192414	0.257468	0.259078	0.264416	0.264322	0.194267	0.214873	0.217817	0.179579	0.18686	0.18333	0.18367	0.304024	0.355948	0.364609	0.350766	0.38869	0.364617	0.373261	0.375849	0.360937	0.356942	0.319612	0.321979	0.323058	0.330538	0.322347	0.311057	0.258246	0.251519	0.300533	0.302747	0.299321	0.298217	0.364233	0.365709	0.314495	0.32305	0.323319	0.218139	0.230574	0.220647	0.173729	0.229375	0.230213	0.207465	0.223902	0.222221	0.212321	0.268928	0.285112	0.236578	0.20813	0.235444	0.225001	0.235872	0.240876	0.230808	0.214714	0.23154	0.215377	0.167106	0.27389	0.262756	0.284236	0.189023	0.195891	0.211917	0.203859	0.201627	0.228765	0.233297	0.190848	0.163562	0.160736	0.168502	0.168542	0.16925	0.182147	0.193403	0.312572	0.337973	0.338562	0.331402	0.337502	0.332768	0.35987	0.397927	0.338069	0.354362	0.346427	0.377833
Aptenodytes_forsteri	0.248183	0.266434	0.270703	0.318177	0.290564	0.273465	0.299505	0.297267	0.258034	0.288356	0.300571	0.279685	0.295826	0.286207	0.291891	0.287169	0.272404	0.276766	0.293421	0.313297	0.285964	0.297048	0.291208	0.288897	0.3073	0.30649	0.300603	0.280457	0.283215	0.294085	0.285996	0.272315	0.314106	0.302653	0.312726	0.305974	0.307044	0.308368	0.302905	0.292147	0.304775	0.310738	0.285595	0.278492	0.281814	0.283886	0.268349	0.273662	0.270323	0.267472	0.274692	0.269194	0.267746	0.269745	0.268308	0.27874	0.274513	0.273007	0.281287	0.31537	0.313667	0.292115	0.29187	0.267773	0.271235	0.275795	0.26861	0.299233	0.300886	0.27187	0.29933	0.283902	0.27362	0.273701	0.283141	0.279973	0.297011	0.309965	0.301393	0.290271	0.266397	0.278581	0.269371	0.283085	0.265284	0.293513	0.28215	0.279606	0.284146	0.284738	0.279505	0.284147	0.2822	0.280208	0.270205	0.256641	0.263945	0.273948	0.264833	0.293003	0.264789	0.289083	0.267733	0.260465	0.235634	0.242994	0.248807	0.254821	0.254816	0.254895	0.265548	0.241765	0.268703	0.252272	0.267061	0.249166	0.245567	0.25279	0.259319	0.271424	0.275759	0.282209	0.295816	0.270788	0.268414	0.260412	0.246471	0.250964	0.251211	0.236896	0.260697	0.26233	0.260369	0.251554	0.256426	0.267965	0.268325	0.266466	0.259112	0.255766	0.239683	0.26487	0.250813	0.238206	0.251445	0.21518	0.131988	0.174237	0.157015	0.138748	0.120558	0.118132	0.135742	0.130279	0.11546	0.130703	0.150272	0.15491	0.152632	0.148023	0.147624	0.102519	0.113325	0.111172	0.136056	0.129266	0.1337	0.097618	0.10511	0.107418	0.0996491	0.108807	0.107577	0.103759	0.0840789	0.0777656	0.225043	0.227317	0.184524	0.196296	0.175221	0.15917	0.162773	0.0855575	0.102075	0.149066	0.157672	0	0.0327437	0.142517	0.147931	0.13185	0.197668	0.175088	0.166965	0.170856	0.120409	0.113752	0.128998	0.132113	0.135889	0.170373	0.155363	0.171064	0.17964	0.169968	0.157385	0.196906	0.170079	0.185383	0.276639	0.259281	0.281631	0.264793	0.219613	0.222428	0.157236	0.158193	0.275969	0.299757	0.139365	0.151242	0.136216	0.136226	0.147634	0.147638	0.148864	0.144092	0.142887	0.134279	0.13135	0.163841	0.161856	0.257403	0.152388	0.157595	0.130255	0.195309	0.196919	0.202258	0.202163	0.132109	0.152714	0.155659	0.11742	0.124702	0.121171	0.121511	0.241865	0.293789	0.302451	0.288608	0.326531	0.302458	0.311102	0.31369	0.298778	0.294783	0.257453	0.25982	0.260899	0.268379	0.260188	0.248898	0.196087	0.18936	0.238375	0.240588	0.237162	0.236058	0.302074	0.303551	0.252336	0.260891	0.26116	0.15598	0.168416	0.158489	0.11157	0.167216	0.168054	0.145306	0.161743	0.160062	0.150162	0.206769	0.222953	0.174419	0.145971	0.173285	0.162842	0.173714	0.178717	0.168649	0.152555	0.169381	0.153218	0.104948	0.211732	0.200597	0.222077	0.126864	0.133732	0.149759	0.1417	0.139468	0.166606	0.171138	0.128689	0.101403	0.0985776	0.106343	0.106383	0.107091	0.119988	0.131244	0.250413	0.275814	0.276403	0.269243	0.275343	0.270609	0.297712	0.335768	0.27591	0.292204	0.284268	0.315675
Pygoscelis_adeliae	0.243594	0.261845	0.266114	0.313588	0.285975	0.268876	0.294916	0.292678	0.253445	0.283768	0.295982	0.275096	0.291237	0.281619	0.287303	0.28258	0.267815	0.272177	0.288832	0.308708	0.281375	0.292459	0.286619	0.284308	0.302711	0.301902	0.296014	0.275868	0.278626	0.289496	0.281407	0.267726	0.309517	0.298064	0.308137	0.301385	0.302455	0.30378	0.298316	0.287558	0.300186	0.306149	0.281006	0.273903	0.277225	0.279297	0.26376	0.269073	0.265734	0.262883	0.270103	0.264605	0.263157	0.265157	0.263719	0.274151	0.269924	0.268418	0.276698	0.310781	0.309078	0.287526	0.287282	0.263184	0.266646	0.271207	0.264021	0.294644	0.296297	0.267281	0.294741	0.279314	0.269031	0.269112	0.278552	0.275384	0.292423	0.305377	0.296804	0.285682	0.261808	0.273992	0.264782	0.278496	0.260696	0.288925	0.277561	0.275017	0.279557	0.280149	0.274916	0.279558	0.277611	0.275619	0.265616	0.252052	0.259356	0.269359	0.260244	0.288414	0.2602	0.284494	0.263144	0.255876	0.231045	0.238405	0.244218	0.250232	0.250227	0.250306	0.260959	0.237176	0.264114	0.247683	0.262472	0.244577	0.240978	0.248201	0.25473	0.266835	0.27117	0.27762	0.291227	0.266199	0.263825	0.255823	0.241882	0.246375	0.246622	0.232307	0.256108	0.257741	0.255781	0.246965	0.251837	0.263377	0.263736	0.261877	0.254523	0.251177	0.235094	0.260281	0.246224	0.233617	0.246856	0.210591	0.127399	0.169648	0.152426	0.134159	0.115969	0.113543	0.131153	0.12569	0.110871	0.126114	0.145683	0.150321	0.148043	0.143434	0.143035	0.0979306	0.108736	0.106583	0.131467	0.124677	0.129111	0.0930291	0.100521	0.102829	0.0950602	0.104218	0.102988	0.0991705	0.07949	0.0731767	0.220454	0.222728	0.179935	0.191708	0.170632	0.154581	0.158184	0.0809686	0.0974858	0.144477	0.153083	0.0327437	0	0.137928	0.143342	0.127261	0.193079	0.170499	0.162376	0.166267	0.115821	0.109163	0.124409	0.127524	0.1313	0.165784	0.150774	0.166475	0.175051	0.16538	0.152796	0.192317	0.16549	0.180794	0.27205	0.254692	0.277042	0.260204	0.215024	0.217839	0.152647	0.153604	0.27138	0.295168	0.134776	0.146653	0.131627	0.131637	0.143045	0.143049	0.144275	0.139503	0.138298	0.12969	0.126761	0.159252	0.157267	0.252814	0.1478	0.153006	0.125666	0.19072	0.19233	0.197669	0.197574	0.12752	0.148125	0.15107	0.112831	0.120113	0.116582	0.116922	0.237276	0.289201	0.297862	0.284019	0.321942	0.297869	0.306513	0.309102	0.294189	0.290195	0.252864	0.255231	0.25631	0.26379	0.255599	0.244309	0.191498	0.184771	0.233786	0.235999	0.232573	0.231469	0.297485	0.298962	0.247747	0.256302	0.256571	0.151391	0.163827	0.1539	0.106981	0.162627	0.163465	0.140717	0.157154	0.155473	0.145573	0.20218	0.218364	0.169831	0.141382	0.168696	0.158254	0.169125	0.174128	0.16406	0.147966	0.164792	0.148629	0.100359	0.207143	0.196008	0.217488	0.122276	0.129143	0.14517	0.137111	0.134879	0.162017	0.166549	0.1241	0.0968138	0.0939887	0.101754	0.101794	0.102502	0.115399	0.126655	0.245824	0.271225	0.271814	0.264654	0.270755	0.26602	0.293123	0.331179	0.271321	0.287615	0.279679	0.311086
Antrostomus_carolinensis	0.284113	0.302364	0.306633	0.354107	0.326493	0.309395	0.335435	0.333197	0.293964	0.324286	0.336501	0.315615	0.331756	0.322137	0.327821	0.323099	0.308334	0.312695	0.32935	0.349227	0.321893	0.332977	0.327137	0.324827	0.34323	0.34242	0.336533	0.316386	0.319145	0.330015	0.321926	0.308244	0.350036	0.338583	0.348656	0.341904	0.342974	0.344298	0.338835	0.328077	0.340705	0.346667	0.321524	0.314422	0.317744	0.319816	0.304279	0.309591	0.306253	0.303402	0.310622	0.305124	0.303675	0.305675	0.304238	0.31467	0.310442	0.308937	0.317217	0.3513	0.349597	0.328045	0.3278	0.303703	0.307164	0.311725	0.30454	0.335162	0.336816	0.3078	0.33526	0.319832	0.30955	0.309631	0.31907	0.315903	0.332941	0.345895	0.337323	0.326201	0.302327	0.31451	0.305301	0.319014	0.301214	0.329443	0.31808	0.315536	0.320076	0.320667	0.315435	0.320077	0.318129	0.316138	0.306135	0.292571	0.299875	0.309877	0.300763	0.328933	0.300719	0.325012	0.303663	0.296395	0.271564	0.278924	0.284737	0.290751	0.290746	0.290825	0.301478	0.277695	0.304633	0.288202	0.302991	0.285096	0.281497	0.28872	0.295248	0.307354	0.311689	0.318139	0.331746	0.306718	0.304343	0.296342	0.282401	0.286894	0.287141	0.272826	0.296626	0.29826	0.296299	0.287484	0.292356	0.303895	0.304255	0.302396	0.295041	0.291696	0.275613	0.3008	0.286743	0.274135	0.287374	0.25111	0.178992	0.221242	0.20402	0.185753	0.167562	0.165137	0.182746	0.177283	0.162464	0.177708	0.197276	0.201915	0.199636	0.195027	0.194629	0.149524	0.16033	0.158176	0.183061	0.17627	0.180704	0.144623	0.152115	0.154422	0.146654	0.155812	0.154582	0.150764	0.131084	0.12477	0.272048	0.274321	0.231528	0.243301	0.222226	0.206175	0.209778	0.132562	0.149079	0.19607	0.204676	0.142517	0.137928	0	0.0662687	0.0567187	0.224748	0.202168	0.194045	0.197936	0.151987	0.14533	0.160575	0.16369	0.167467	0.201953	0.186943	0.202643	0.211219	0.201548	0.188965	0.228486	0.201658	0.216963	0.308219	0.290861	0.31321	0.296372	0.251193	0.254008	0.188816	0.189773	0.307549	0.331336	0.175294	0.187172	0.172146	0.172155	0.183564	0.183568	0.184794	0.180022	0.178817	0.170208	0.16728	0.199771	0.197786	0.293332	0.188318	0.193525	0.166185	0.231239	0.232849	0.238187	0.238093	0.168038	0.188644	0.191588	0.15335	0.160631	0.157101	0.157441	0.277795	0.329719	0.33838	0.324537	0.362461	0.338388	0.347032	0.34962	0.334708	0.330713	0.293383	0.29575	0.296829	0.304309	0.296118	0.284828	0.232017	0.22529	0.274304	0.276518	0.273092	0.271988	0.338004	0.33948	0.288266	0.296821	0.29709	0.19191	0.204345	0.194418	0.1475	0.203146	0.203984	0.181236	0.197673	0.195992	0.186092	0.242699	0.258883	0.210349	0.181901	0.209215	0.198772	0.209643	0.214647	0.204579	0.188485	0.205311	0.189148	0.140878	0.247661	0.236527	0.258007	0.162794	0.169662	0.185689	0.17763	0.175398	0.202536	0.207068	0.164619	0.137333	0.134507	0.142273	0.142313	0.143021	0.155918	0.167174	0.286343	0.311744	0.312333	0.305173	0.311273	0.306539	0.333641	0.371698	0.31184	0.328133	0.320198	0.351604
Chordeiles_acutipennis	0.289527	0.307778	0.312047	0.359521	0.331907	0.314809	0.340849	0.338611	0.299378	0.3297	0.341915	0.321029	0.33717	0.327551	0.333235	0.328513	0.313748	0.318109	0.334764	0.354641	0.327307	0.338391	0.332551	0.330241	0.348644	0.347834	0.341947	0.3218	0.324559	0.335429	0.32734	0.313658	0.35545	0.343997	0.35407	0.347318	0.348388	0.349712	0.344249	0.333491	0.346119	0.352081	0.326938	0.319836	0.323158	0.32523	0.309693	0.315005	0.311667	0.308816	0.316036	0.310538	0.309089	0.311089	0.309652	0.320084	0.315856	0.314351	0.322631	0.356714	0.355011	0.333459	0.333214	0.309117	0.312578	0.317139	0.309954	0.340576	0.34223	0.313214	0.340674	0.325246	0.314964	0.315045	0.324484	0.321317	0.338355	0.351309	0.342737	0.331614	0.307741	0.319924	0.310715	0.324428	0.306628	0.334857	0.323494	0.32095	0.32549	0.326081	0.320849	0.325491	0.323543	0.321551	0.311549	0.297985	0.305289	0.315291	0.306177	0.334347	0.306133	0.330426	0.309077	0.301809	0.276978	0.284338	0.290151	0.296165	0.29616	0.296239	0.306892	0.283109	0.310047	0.293616	0.308405	0.29051	0.286911	0.294134	0.300662	0.312768	0.317103	0.323553	0.33716	0.312132	0.309757	0.301756	0.287815	0.292308	0.292555	0.27824	0.30204	0.303673	0.301713	0.292898	0.29777	0.309309	0.309669	0.30781	0.300455	0.29711	0.281027	0.306214	0.292156	0.279549	0.292788	0.256524	0.184406	0.226656	0.209434	0.191167	0.172976	0.170551	0.18816	0.182697	0.167878	0.183122	0.20269	0.207329	0.20505	0.200441	0.200043	0.154938	0.165744	0.16359	0.188475	0.181684	0.186118	0.150037	0.157529	0.159836	0.152068	0.161226	0.159996	0.156178	0.136498	0.130184	0.277462	0.279735	0.236942	0.248715	0.22764	0.211589	0.215192	0.137976	0.154493	0.201484	0.21009	0.147931	0.143342	0.0662687	0	0.0621327	0.230162	0.207582	0.199459	0.20335	0.157401	0.150744	0.165989	0.169104	0.172881	0.207367	0.192357	0.208057	0.216633	0.206962	0.194379	0.233899	0.207072	0.222377	0.313633	0.296275	0.318624	0.301786	0.256607	0.259422	0.19423	0.195187	0.312963	0.33675	0.180708	0.192586	0.17756	0.177569	0.188978	0.188982	0.190208	0.185436	0.184231	0.175622	0.172694	0.205185	0.2032	0.298746	0.193732	0.198939	0.171599	0.236653	0.238263	0.243601	0.243507	0.173452	0.194058	0.197002	0.158764	0.166045	0.162515	0.162855	0.283209	0.335133	0.343794	0.329951	0.367875	0.343802	0.352446	0.355034	0.340122	0.336127	0.298797	0.301164	0.302243	0.309723	0.301532	0.290242	0.237431	0.230704	0.279718	0.281932	0.278506	0.277402	0.343418	0.344894	0.29368	0.302235	0.302504	0.197324	0.209759	0.199832	0.152913	0.20856	0.209398	0.18665	0.203087	0.201406	0.191506	0.248113	0.264297	0.215763	0.187315	0.214629	0.204186	0.215057	0.220061	0.209993	0.193899	0.210725	0.194562	0.146291	0.253075	0.241941	0.263421	0.168208	0.175076	0.191102	0.183044	0.180812	0.20795	0.212482	0.170033	0.142747	0.139921	0.147687	0.147727	0.148435	0.161332	0.172588	0.291757	0.317158	0.317747	0.310587	0.316687	0.311953	0.339055	0.377112	0.317254	0.333547	0.325612	0.357018
Nyctiprogne_leucopyga	0.273446	0.291697	0.295966	0.34344	0.315826	0.298728	0.324768	0.32253	0.283297	0.313619	0.325834	0.304948	0.321089	0.31147	0.317154	0.312432	0.297666	0.302028	0.318683	0.33856	0.311226	0.32231	0.31647	0.31416	0.332563	0.331753	0.325866	0.305719	0.308478	0.319348	0.311259	0.297577	0.339369	0.327916	0.337989	0.331237	0.332307	0.333631	0.328167	0.317409	0.330038	0.336	0.310857	0.303755	0.307077	0.309149	0.293612	0.298924	0.295585	0.292735	0.299954	0.294457	0.293008	0.295008	0.293571	0.304003	0.299775	0.29827	0.30655	0.340633	0.33893	0.317378	0.317133	0.293036	0.296497	0.301058	0.293873	0.324495	0.326149	0.297133	0.324593	0.309165	0.298883	0.298964	0.308403	0.305236	0.322274	0.335228	0.326656	0.315533	0.29166	0.303843	0.294634	0.308347	0.290547	0.318776	0.307413	0.304869	0.309409	0.31	0.304768	0.30941	0.307462	0.30547	0.295468	0.281904	0.289207	0.29921	0.290096	0.318266	0.290052	0.314345	0.292996	0.285728	0.260897	0.268256	0.27407	0.280084	0.280079	0.280158	0.290811	0.267028	0.293966	0.277535	0.292324	0.274429	0.27083	0.278053	0.284581	0.296687	0.301022	0.307472	0.321079	0.29605	0.293676	0.285675	0.271734	0.276226	0.276474	0.262159	0.285959	0.287592	0.285632	0.276817	0.281689	0.293228	0.293588	0.291729	0.284374	0.281029	0.264946	0.290133	0.276075	0.263468	0.276707	0.240443	0.168325	0.210575	0.193353	0.175086	0.156895	0.15447	0.172079	0.166616	0.151797	0.167041	0.186609	0.191248	0.188969	0.18436	0.183962	0.138857	0.149663	0.147509	0.172394	0.165603	0.170037	0.133956	0.141448	0.143755	0.135987	0.145145	0.143915	0.140097	0.120416	0.114103	0.261381	0.263654	0.220861	0.232634	0.211559	0.195507	0.199111	0.121895	0.138412	0.185403	0.194009	0.13185	0.127261	0.0567187	0.0621327	0	0.214081	0.191501	0.183378	0.187269	0.14132	0.134663	0.149908	0.153023	0.1568	0.191286	0.176276	0.191976	0.200552	0.190881	0.178297	0.217818	0.190991	0.206296	0.297552	0.280194	0.302543	0.285705	0.240525	0.243341	0.178149	0.179106	0.296882	0.320669	0.164627	0.176505	0.161479	0.161488	0.172897	0.172901	0.174127	0.169355	0.16815	0.159541	0.156613	0.189104	0.187119	0.282665	0.177651	0.182858	0.155518	0.220572	0.222182	0.22752	0.227426	0.157371	0.177977	0.180921	0.142683	0.149964	0.146434	0.146774	0.267128	0.319052	0.327713	0.31387	0.351794	0.32772	0.336365	0.338953	0.324041	0.320046	0.282716	0.285083	0.286162	0.293642	0.285451	0.274161	0.22135	0.214623	0.263637	0.265851	0.262425	0.261321	0.327337	0.328813	0.277599	0.286153	0.286422	0.181243	0.193678	0.183751	0.136832	0.192479	0.193316	0.170569	0.187006	0.185325	0.175425	0.232032	0.248216	0.199682	0.171234	0.198548	0.188105	0.198976	0.20398	0.193912	0.177817	0.194644	0.178481	0.13021	0.236994	0.22586	0.24734	0.152127	0.158995	0.175021	0.166963	0.164731	0.191869	0.196401	0.153952	0.126665	0.12384	0.131606	0.131646	0.132354	0.145251	0.156507	0.275676	0.301077	0.301666	0.294506	0.300606	0.295872	0.322974	0.361031	0.301173	0.317466	0.309531	0.340937
Apaloderma_vittatum	0.339264	0.357515	0.361784	0.409258	0.381644	0.364546	0.390586	0.388348	0.349115	0.379437	0.391652	0.370766	0.386907	0.377288	0.382972	0.378249	0.363484	0.367846	0.384501	0.404377	0.377044	0.388128	0.382288	0.379977	0.39838	0.397571	0.391684	0.371537	0.374296	0.385165	0.377076	0.363395	0.405186	0.393734	0.403807	0.397055	0.398125	0.399449	0.393985	0.383227	0.395856	0.401818	0.376675	0.369572	0.372894	0.374967	0.35943	0.364742	0.361403	0.358553	0.365772	0.360275	0.358826	0.360826	0.359388	0.369821	0.365593	0.364088	0.372368	0.406451	0.404748	0.383195	0.382951	0.358854	0.362315	0.366876	0.359691	0.390313	0.391967	0.362951	0.390411	0.374983	0.3647	0.364782	0.374221	0.371054	0.388092	0.401046	0.392473	0.381351	0.357478	0.369661	0.360451	0.374165	0.356365	0.384594	0.37323	0.370687	0.375227	0.375818	0.370586	0.375228	0.37328	0.371288	0.361285	0.347721	0.355025	0.365028	0.355914	0.384084	0.35587	0.380163	0.358814	0.351546	0.326715	0.334074	0.339888	0.345902	0.345897	0.345976	0.356629	0.332846	0.359783	0.343353	0.358141	0.340246	0.336648	0.343871	0.350399	0.362505	0.36684	0.37329	0.386897	0.361868	0.359494	0.351493	0.337551	0.342044	0.342292	0.327976	0.351777	0.35341	0.35145	0.342635	0.347507	0.359046	0.359406	0.357546	0.350192	0.346846	0.330764	0.355951	0.341893	0.329286	0.342525	0.30626	0.234143	0.276392	0.25917	0.240903	0.222713	0.220288	0.237897	0.232434	0.217615	0.232859	0.252427	0.257066	0.254787	0.250178	0.249779	0.204675	0.215481	0.213327	0.238212	0.231421	0.235855	0.199773	0.207266	0.209573	0.201805	0.210963	0.209733	0.205915	0.186234	0.179921	0.327199	0.329472	0.286679	0.298452	0.277377	0.261325	0.264929	0.187713	0.20423	0.251221	0.259827	0.197668	0.193079	0.224748	0.230162	0.214081	0	0.0863753	0.239711	0.243602	0.207138	0.200481	0.215726	0.218841	0.222618	0.257103	0.242093	0.257794	0.26637	0.256699	0.244115	0.283636	0.256809	0.272114	0.36337	0.346012	0.368361	0.351523	0.306343	0.309158	0.243966	0.244924	0.3627	0.386487	0.230445	0.242323	0.227296	0.227306	0.238714	0.238718	0.239945	0.235172	0.233968	0.225359	0.222431	0.254922	0.252936	0.348483	0.243469	0.248675	0.221335	0.28639	0.288	0.293338	0.293243	0.223189	0.243794	0.246739	0.208501	0.215782	0.212251	0.212591	0.332945	0.38487	0.393531	0.379688	0.417612	0.393538	0.402182	0.404771	0.389858	0.385864	0.348533	0.350901	0.35198	0.35946	0.351269	0.339979	0.287168	0.280441	0.329455	0.331669	0.328243	0.327138	0.393154	0.394631	0.343417	0.351971	0.35224	0.247061	0.259496	0.249569	0.20265	0.258297	0.259134	0.236387	0.252824	0.251142	0.241243	0.29785	0.314034	0.2655	0.237052	0.264366	0.253923	0.264794	0.269798	0.25973	0.243635	0.260462	0.244299	0.196028	0.302812	0.291678	0.313158	0.217945	0.224813	0.240839	0.232781	0.230549	0.257686	0.262219	0.219769	0.192483	0.189658	0.197424	0.197464	0.198172	0.211068	0.222325	0.341493	0.366895	0.367484	0.360323	0.366424	0.36169	0.388792	0.426849	0.366991	0.383284	0.375349	0.406755
Trogon_melanurus	0.316684	0.334935	0.339203	0.386678	0.359064	0.341966	0.368006	0.365768	0.326535	0.356857	0.369071	0.348186	0.364327	0.354708	0.360392	0.355669	0.340904	0.345266	0.361921	0.381797	0.354464	0.365548	0.359708	0.357397	0.3758	0.374991	0.369104	0.348957	0.351715	0.362585	0.354496	0.340815	0.382606	0.371153	0.381227	0.374475	0.375545	0.376869	0.371405	0.360647	0.373276	0.379238	0.354095	0.346992	0.350314	0.352387	0.336849	0.342162	0.338823	0.335972	0.343192	0.337695	0.336246	0.338246	0.336808	0.347241	0.343013	0.341507	0.349787	0.383871	0.382168	0.360615	0.360371	0.336274	0.339735	0.344296	0.337111	0.367733	0.369387	0.34037	0.36783	0.352403	0.34212	0.342201	0.351641	0.348474	0.365512	0.378466	0.369893	0.358771	0.334897	0.347081	0.337871	0.351585	0.333785	0.362014	0.35065	0.348107	0.352647	0.353238	0.348005	0.352648	0.3507	0.348708	0.338705	0.325141	0.332445	0.342448	0.333334	0.361503	0.33329	0.357583	0.336234	0.328965	0.304135	0.311494	0.317308	0.323322	0.323317	0.323395	0.334049	0.310265	0.337203	0.320773	0.335561	0.317666	0.314067	0.321291	0.327819	0.339925	0.34426	0.350709	0.364317	0.339288	0.336914	0.328913	0.314971	0.319464	0.319712	0.305396	0.329197	0.33083	0.32887	0.320055	0.324927	0.336466	0.336826	0.334966	0.327612	0.324266	0.308184	0.333371	0.319313	0.306706	0.319945	0.28368	0.211563	0.253812	0.23659	0.218323	0.200133	0.197707	0.215317	0.209854	0.195035	0.210278	0.229847	0.234486	0.232207	0.227598	0.227199	0.182095	0.192901	0.190747	0.215631	0.208841	0.213275	0.177193	0.184685	0.186993	0.179224	0.188382	0.187152	0.183335	0.163654	0.157341	0.304618	0.306892	0.264099	0.275872	0.254796	0.238745	0.242348	0.165133	0.18165	0.228641	0.237247	0.175088	0.170499	0.202168	0.207582	0.191501	0.0863753	0	0.21713	0.221021	0.184558	0.1779	0.193146	0.196261	0.200037	0.234523	0.219513	0.235214	0.24379	0.234119	0.221535	0.261056	0.234229	0.249533	0.340789	0.323431	0.345781	0.328943	0.283763	0.286578	0.221386	0.222343	0.340119	0.363907	0.207865	0.219743	0.204716	0.204726	0.216134	0.216138	0.217364	0.212592	0.211388	0.202779	0.199851	0.232342	0.230356	0.325903	0.220889	0.226095	0.198755	0.26381	0.265419	0.270758	0.270663	0.200609	0.221214	0.224159	0.185921	0.193202	0.189671	0.190011	0.310365	0.36229	0.370951	0.357108	0.395032	0.370958	0.379602	0.382191	0.367278	0.363284	0.325953	0.32832	0.3294	0.336879	0.328688	0.317398	0.264588	0.257861	0.306875	0.309089	0.305662	0.304558	0.370574	0.372051	0.320837	0.329391	0.32966	0.224481	0.236916	0.226989	0.18007	0.235716	0.236554	0.213807	0.230243	0.228562	0.218663	0.27527	0.291454	0.24292	0.214472	0.241786	0.231343	0.242214	0.247218	0.23715	0.221055	0.237882	0.221719	0.173448	0.280232	0.269098	0.290577	0.195365	0.202233	0.218259	0.210201	0.207969	0.235106	0.239638	0.197189	0.169903	0.167078	0.174844	0.174883	0.175592	0.188488	0.199744	0.318913	0.344314	0.344904	0.337743	0.343844	0.339109	0.366212	0.404269	0.34441	0.360704	0.352768	0.384175
Podiceps_cristatus	0.308561	0.326812	0.33108	0.378555	0.350941	0.333843	0.359883	0.357645	0.318412	0.348734	0.360948	0.340063	0.356204	0.346585	0.352269	0.347546	0.332781	0.337143	0.353798	0.373674	0.346341	0.357425	0.351585	0.349274	0.367677	0.366868	0.360981	0.340834	0.343592	0.354462	0.346373	0.332692	0.374483	0.36303	0.373104	0.366352	0.367422	0.368746	0.363282	0.352524	0.365153	0.371115	0.345972	0.338869	0.342191	0.344264	0.328726	0.334039	0.3307	0.327849	0.335069	0.329572	0.328123	0.330123	0.328685	0.339118	0.33489	0.333384	0.341664	0.375748	0.374045	0.352492	0.352248	0.328151	0.331612	0.336173	0.328988	0.35961	0.361264	0.332247	0.359707	0.34428	0.333997	0.334078	0.343518	0.340351	0.357389	0.370343	0.36177	0.350648	0.326774	0.338958	0.329748	0.343462	0.325662	0.353891	0.342527	0.339984	0.344524	0.345115	0.339882	0.344525	0.342577	0.340585	0.330582	0.317018	0.324322	0.334325	0.325211	0.35338	0.325167	0.34946	0.328111	0.320842	0.296012	0.303371	0.309185	0.315199	0.315194	0.315272	0.325926	0.302142	0.32908	0.31265	0.327438	0.309543	0.305944	0.313168	0.319696	0.331802	0.336137	0.342586	0.356194	0.331165	0.328791	0.32079	0.306848	0.311341	0.311589	0.297273	0.321074	0.322707	0.320747	0.311932	0.316804	0.328343	0.328703	0.326843	0.319489	0.316143	0.300061	0.325248	0.31119	0.298583	0.311822	0.275557	0.20344	0.245689	0.228467	0.2102	0.19201	0.189584	0.207194	0.201731	0.186912	0.202155	0.221724	0.226363	0.224084	0.219475	0.219076	0.173972	0.184778	0.182624	0.207509	0.200718	0.205152	0.16907	0.176562	0.17887	0.171101	0.180259	0.179029	0.175212	0.155531	0.149218	0.296495	0.298769	0.255976	0.267749	0.246673	0.230622	0.234225	0.15701	0.173527	0.220518	0.229124	0.166965	0.162376	0.194045	0.199459	0.183378	0.239711	0.21713	0	0.0640019	0.176435	0.169778	0.185023	0.188138	0.191914	0.2264	0.21139	0.227091	0.235667	0.225996	0.213412	0.252933	0.226106	0.241411	0.332667	0.315308	0.337658	0.32082	0.27564	0.278455	0.213263	0.21422	0.331997	0.355784	0.199742	0.21162	0.196593	0.196603	0.208011	0.208015	0.209242	0.204469	0.203265	0.194656	0.191728	0.224219	0.222233	0.31778	0.212766	0.217972	0.190632	0.255687	0.257296	0.262635	0.26254	0.192486	0.213091	0.216036	0.177798	0.185079	0.181548	0.181888	0.302242	0.354167	0.362828	0.348985	0.386909	0.362835	0.371479	0.374068	0.359155	0.355161	0.31783	0.320197	0.321277	0.328757	0.320565	0.309275	0.256465	0.249738	0.298752	0.300966	0.297539	0.296435	0.362451	0.363928	0.312714	0.321268	0.321537	0.216358	0.228793	0.218866	0.171947	0.227593	0.228431	0.205684	0.22212	0.220439	0.21054	0.267147	0.283331	0.234797	0.206349	0.233663	0.22322	0.234091	0.239095	0.229027	0.212932	0.229759	0.213596	0.165325	0.272109	0.260975	0.282454	0.187242	0.19411	0.210136	0.202078	0.199846	0.226983	0.231515	0.189066	0.16178	0.158955	0.166721	0.166761	0.167469	0.180365	0.191621	0.31079	0.336191	0.336781	0.32962	0.335721	0.330986	0.358089	0.396146	0.336287	0.352581	0.344645	0.376052
Podilymbus_podiceps	0.312452	0.330703	0.334971	0.382446	0.354832	0.337734	0.363774	0.361536	0.322303	0.352625	0.364839	0.343954	0.360095	0.350476	0.35616	0.351437	0.336672	0.341034	0.357689	0.377565	0.350232	0.361316	0.355476	0.353165	0.371568	0.370759	0.364872	0.344725	0.347483	0.358353	0.350264	0.336583	0.378374	0.366921	0.376995	0.370243	0.371313	0.372637	0.367173	0.356415	0.369044	0.375006	0.349863	0.34276	0.346082	0.348155	0.332617	0.33793	0.334591	0.33174	0.33896	0.333463	0.332014	0.334014	0.332576	0.343009	0.338781	0.337276	0.345555	0.379639	0.377936	0.356383	0.356139	0.332042	0.335503	0.340064	0.332879	0.363501	0.365155	0.336139	0.363598	0.348171	0.337888	0.337969	0.347409	0.344242	0.36128	0.374234	0.365661	0.354539	0.330665	0.342849	0.333639	0.347353	0.329553	0.357782	0.346418	0.343875	0.348415	0.349006	0.343773	0.348416	0.346468	0.344476	0.334473	0.320909	0.328213	0.338216	0.329102	0.357271	0.329058	0.353351	0.332002	0.324733	0.299903	0.307262	0.313076	0.31909	0.319085	0.319163	0.329817	0.306033	0.332971	0.316541	0.331329	0.313434	0.309835	0.317059	0.323587	0.335693	0.340028	0.346477	0.360085	0.335056	0.332682	0.324681	0.310739	0.315232	0.31548	0.301164	0.324965	0.326598	0.324638	0.315823	0.320695	0.332234	0.332594	0.330734	0.32338	0.320034	0.303952	0.329139	0.315081	0.302474	0.315713	0.279448	0.207331	0.24958	0.232358	0.214091	0.195901	0.193475	0.211085	0.205622	0.190803	0.206046	0.225615	0.230254	0.227975	0.223366	0.222967	0.177863	0.188669	0.186515	0.2114	0.204609	0.209043	0.172961	0.180453	0.182761	0.174992	0.18415	0.18292	0.179103	0.159422	0.153109	0.300386	0.30266	0.259867	0.27164	0.250564	0.234513	0.238116	0.160901	0.177418	0.224409	0.233015	0.170856	0.166267	0.197936	0.20335	0.187269	0.243602	0.221021	0.0640019	0	0.180326	0.173669	0.188914	0.192029	0.195805	0.230291	0.215281	0.230982	0.239558	0.229887	0.217303	0.256824	0.229997	0.245302	0.336558	0.319199	0.341549	0.324711	0.279531	0.282346	0.217154	0.218111	0.335888	0.359675	0.203633	0.215511	0.200484	0.200494	0.211902	0.211906	0.213133	0.20836	0.207156	0.198547	0.195619	0.22811	0.226124	0.321671	0.216657	0.221863	0.194523	0.259578	0.261187	0.266526	0.266431	0.196377	0.216982	0.219927	0.181689	0.18897	0.185439	0.185779	0.306133	0.358058	0.366719	0.352876	0.3908	0.366726	0.37537	0.377959	0.363046	0.359052	0.321721	0.324088	0.325168	0.332648	0.324456	0.313166	0.260356	0.253629	0.302643	0.304857	0.30143	0.300326	0.366342	0.367819	0.316605	0.325159	0.325428	0.220249	0.232684	0.222757	0.175838	0.231484	0.232322	0.209575	0.226011	0.22433	0.214431	0.271038	0.287222	0.238688	0.21024	0.237554	0.227111	0.237982	0.242986	0.232918	0.216823	0.23365	0.217487	0.169216	0.276	0.264866	0.286345	0.191133	0.198001	0.214027	0.205969	0.203737	0.230874	0.235406	0.192957	0.165671	0.162846	0.170612	0.170652	0.17136	0.184256	0.195512	0.314681	0.340082	0.340672	0.333511	0.339612	0.334877	0.36198	0.400037	0.340178	0.356472	0.348536	0.379943
Ciccaba_nigrolineata	0.262005	0.280256	0.284525	0.331999	0.304385	0.287287	0.313327	0.311089	0.271856	0.302178	0.314393	0.293507	0.309648	0.300029	0.305713	0.300991	0.286226	0.290588	0.307242	0.327119	0.299785	0.31087	0.305029	0.302719	0.321122	0.320312	0.314425	0.294278	0.297037	0.307907	0.299818	0.286136	0.327928	0.316475	0.326548	0.319796	0.320866	0.32219	0.316727	0.305969	0.318597	0.324559	0.299416	0.292314	0.295636	0.297708	0.282171	0.287483	0.284145	0.281294	0.288514	0.283016	0.281567	0.283567	0.28213	0.292562	0.288334	0.286829	0.295109	0.329192	0.327489	0.305937	0.305692	0.281595	0.285056	0.289617	0.282432	0.313054	0.314708	0.285692	0.313152	0.297724	0.287442	0.287523	0.296962	0.293795	0.310833	0.323787	0.315215	0.304093	0.280219	0.292402	0.283193	0.296907	0.279106	0.307335	0.295972	0.293428	0.297968	0.29856	0.293327	0.297969	0.296022	0.29403	0.284027	0.270463	0.277767	0.287769	0.278655	0.306825	0.278611	0.302904	0.281555	0.274287	0.249456	0.256816	0.262629	0.268643	0.268638	0.268717	0.27937	0.255587	0.282525	0.266094	0.280883	0.262988	0.259389	0.266612	0.27314	0.285246	0.289581	0.296031	0.309638	0.28461	0.282235	0.274234	0.260293	0.264786	0.265033	0.250718	0.274518	0.276152	0.274191	0.265376	0.270248	0.281787	0.282147	0.280288	0.272933	0.269588	0.253505	0.278692	0.264635	0.252028	0.265266	0.229002	0.156885	0.199134	0.181912	0.163645	0.145454	0.143029	0.160638	0.155175	0.140356	0.1556	0.175168	0.179807	0.177528	0.172919	0.172521	0.127416	0.138222	0.136068	0.160953	0.154162	0.158597	0.122515	0.130007	0.132314	0.124546	0.133704	0.132474	0.128656	0.108976	0.102662	0.24994	0.252213	0.20942	0.221193	0.200118	0.184067	0.18767	0.110454	0.126971	0.173962	0.182568	0.120409	0.115821	0.151987	0.157401	0.14132	0.207138	0.184558	0.176435	0.180326	0	0.00665906	0.0574821	0.120627	0.143922	0.179845	0.164835	0.180535	0.189111	0.17944	0.166857	0.206378	0.17955	0.194855	0.286111	0.268753	0.291102	0.274264	0.229085	0.2319	0.166708	0.167665	0.285441	0.309228	0.153186	0.165064	0.150038	0.150048	0.161456	0.16146	0.162686	0.157914	0.156709	0.1481	0.145172	0.177663	0.175678	0.271225	0.16621	0.171417	0.144077	0.209131	0.210741	0.21608	0.215985	0.14593	0.166536	0.16948	0.131242	0.138523	0.134993	0.135333	0.255687	0.307611	0.316272	0.302429	0.340353	0.31628	0.324924	0.327512	0.3126	0.308605	0.271275	0.273642	0.274721	0.282201	0.27401	0.26272	0.209909	0.203182	0.252196	0.25441	0.250984	0.24988	0.315896	0.317372	0.266158	0.274713	0.274982	0.169802	0.182238	0.17231	0.125392	0.181038	0.181876	0.159128	0.175565	0.173884	0.163984	0.220591	0.236775	0.188241	0.159793	0.187107	0.176664	0.187535	0.192539	0.182471	0.166377	0.183203	0.16704	0.11877	0.225553	0.214419	0.235899	0.140686	0.147554	0.163581	0.155522	0.15329	0.180428	0.18496	0.142511	0.115225	0.112399	0.120165	0.120205	0.120913	0.13381	0.145066	0.264235	0.289636	0.290225	0.283065	0.289165	0.284431	0.311534	0.34959	0.289732	0.306025	0.29809	0.329497
Strix_occidentalis	0.255348	0.273599	0.277868	0.325342	0.297728	0.28063	0.30667	0.304432	0.265199	0.295521	0.307736	0.28685	0.302991	0.293372	0.299056	0.294334	0.279569	0.28393	0.300585	0.320462	0.293128	0.304212	0.298372	0.296062	0.314465	0.313655	0.307768	0.287621	0.29038	0.30125	0.293161	0.279479	0.321271	0.309818	0.319891	0.313139	0.314209	0.315533	0.31007	0.299312	0.31194	0.317902	0.292759	0.285657	0.288979	0.291051	0.275514	0.280826	0.277488	0.274637	0.281857	0.276359	0.27491	0.27691	0.275473	0.285905	0.281677	0.280172	0.288452	0.322535	0.320832	0.29928	0.299035	0.274938	0.278399	0.28296	0.275775	0.306397	0.308051	0.279035	0.306495	0.291067	0.280785	0.280866	0.290305	0.287138	0.304176	0.31713	0.308558	0.297436	0.273562	0.285745	0.276536	0.290249	0.272449	0.300678	0.289315	0.286771	0.291311	0.291902	0.28667	0.291312	0.289364	0.287372	0.27737	0.263806	0.27111	0.281112	0.271998	0.300168	0.271954	0.296247	0.274898	0.26763	0.242799	0.250159	0.255972	0.261986	0.261981	0.26206	0.272713	0.24893	0.275868	0.259437	0.274226	0.256331	0.252732	0.259955	0.266483	0.278589	0.282924	0.289374	0.302981	0.277953	0.275578	0.267577	0.253636	0.258129	0.258376	0.244061	0.267861	0.269495	0.267534	0.258719	0.263591	0.27513	0.27549	0.273631	0.266276	0.262931	0.246848	0.272035	0.257978	0.24537	0.258609	0.222345	0.150227	0.192477	0.175255	0.156988	0.138797	0.136372	0.153981	0.148518	0.133699	0.148943	0.168511	0.17315	0.170871	0.166262	0.165864	0.120759	0.131565	0.129411	0.154296	0.147505	0.151939	0.115858	0.12335	0.125657	0.117889	0.127047	0.125817	0.121999	0.102319	0.0960053	0.243283	0.245556	0.202763	0.214536	0.193461	0.17741	0.181013	0.103797	0.120314	0.167305	0.175911	0.113752	0.109163	0.14533	0.150744	0.134663	0.200481	0.1779	0.169778	0.173669	0.00665906	0	0.050825	0.11397	0.137265	0.173188	0.158178	0.173878	0.182454	0.172783	0.1602	0.19972	0.172893	0.188198	0.279454	0.262096	0.284445	0.267607	0.222428	0.225243	0.160051	0.161008	0.278784	0.302571	0.146529	0.158407	0.143381	0.14339	0.154799	0.154803	0.156029	0.151257	0.150052	0.141443	0.138515	0.171006	0.169021	0.264567	0.159553	0.16476	0.13742	0.202474	0.204084	0.209422	0.209328	0.139273	0.159879	0.162823	0.124585	0.131866	0.128336	0.128676	0.24903	0.300954	0.309615	0.295772	0.333696	0.309623	0.318267	0.320855	0.305943	0.301948	0.264618	0.266985	0.268064	0.275544	0.267353	0.256063	0.203252	0.196525	0.245539	0.247753	0.244327	0.243223	0.309239	0.310715	0.259501	0.268056	0.268325	0.163145	0.17558	0.165653	0.118735	0.174381	0.175219	0.152471	0.168908	0.167227	0.157327	0.213934	0.230118	0.181584	0.153136	0.18045	0.170007	0.180878	0.185882	0.175814	0.15972	0.176546	0.160383	0.112113	0.218896	0.207762	0.229242	0.134029	0.140897	0.156924	0.148865	0.146633	0.173771	0.178303	0.135854	0.108568	0.105742	0.113508	0.113548	0.114256	0.127153	0.138409	0.257578	0.282979	0.283568	0.276408	0.282508	0.277774	0.304876	0.342933	0.283075	0.299368	0.291433	0.322839
Glaucidium_brasilianum	0.270594	0.288844	0.293113	0.340588	0.312974	0.295876	0.321916	0.319678	0.280444	0.310767	0.322981	0.302095	0.318237	0.308618	0.314302	0.309579	0.294814	0.299176	0.315831	0.335707	0.308374	0.319458	0.313618	0.311307	0.32971	0.328901	0.323014	0.302867	0.305625	0.316495	0.308406	0.294725	0.336516	0.325063	0.335137	0.328385	0.329454	0.330779	0.325315	0.314557	0.327185	0.333148	0.308005	0.300902	0.304224	0.306297	0.290759	0.296072	0.292733	0.289882	0.297102	0.291605	0.290156	0.292156	0.290718	0.30115	0.296923	0.295417	0.303697	0.337781	0.336077	0.314525	0.314281	0.290184	0.293645	0.298206	0.291021	0.321643	0.323296	0.29428	0.32174	0.306313	0.29603	0.296111	0.305551	0.302384	0.319422	0.332376	0.323803	0.312681	0.288807	0.300991	0.291781	0.305495	0.287695	0.315924	0.30456	0.302017	0.306557	0.307148	0.301915	0.306558	0.30461	0.302618	0.292615	0.279051	0.286355	0.296358	0.287243	0.315413	0.287199	0.311493	0.290144	0.282875	0.258044	0.265404	0.271218	0.277232	0.277227	0.277305	0.287959	0.264175	0.291113	0.274683	0.289471	0.271576	0.267977	0.275201	0.281729	0.293834	0.298169	0.304619	0.318226	0.293198	0.290824	0.282823	0.268881	0.273374	0.273622	0.259306	0.283107	0.28474	0.28278	0.273964	0.278837	0.290376	0.290736	0.288876	0.281522	0.278176	0.262094	0.287281	0.273223	0.260616	0.273855	0.23759	0.165473	0.207722	0.1905	0.172233	0.154043	0.151617	0.169227	0.163764	0.148945	0.164188	0.183757	0.188395	0.186117	0.181508	0.181109	0.136005	0.146811	0.144657	0.169541	0.162751	0.167185	0.131103	0.138595	0.140903	0.133134	0.142292	0.141062	0.137245	0.117564	0.111251	0.258528	0.260802	0.218009	0.229782	0.208706	0.192655	0.196258	0.119043	0.13556	0.182551	0.191157	0.128998	0.124409	0.160575	0.165989	0.149908	0.215726	0.193146	0.185023	0.188914	0.0574821	0.050825	0	0.129215	0.15251	0.188433	0.173423	0.189124	0.1977	0.188028	0.175445	0.214966	0.188139	0.203443	0.294699	0.277341	0.299691	0.282853	0.237673	0.240488	0.175296	0.176253	0.294029	0.317817	0.161775	0.173653	0.158626	0.158636	0.170044	0.170048	0.171274	0.166502	0.165298	0.156689	0.15376	0.186252	0.184266	0.279813	0.174799	0.180005	0.152665	0.217719	0.219329	0.224668	0.224573	0.154519	0.175124	0.178069	0.139831	0.147112	0.143581	0.143921	0.264275	0.3162	0.324861	0.311018	0.348942	0.324868	0.333512	0.336101	0.321188	0.317194	0.279863	0.28223	0.28331	0.290789	0.282598	0.271308	0.218498	0.21177	0.260785	0.262999	0.259572	0.258468	0.324484	0.325961	0.274747	0.283301	0.28357	0.178391	0.190826	0.180899	0.13398	0.189626	0.190464	0.167717	0.184153	0.182472	0.172573	0.229179	0.245364	0.19683	0.168382	0.195695	0.185253	0.196124	0.201127	0.19106	0.174965	0.191792	0.175629	0.127358	0.234142	0.223007	0.244487	0.149275	0.156143	0.172169	0.164111	0.161879	0.189016	0.193548	0.151099	0.123813	0.120988	0.128754	0.128793	0.129501	0.142398	0.153654	0.272823	0.298224	0.298813	0.291653	0.297754	0.293019	0.320122	0.358179	0.29832	0.314614	0.306678	0.338085
Tyto_alba	0.273708	0.291959	0.296228	0.343703	0.316089	0.298991	0.325031	0.322792	0.283559	0.313882	0.326096	0.30521	0.321352	0.311733	0.317417	0.312694	0.297929	0.302291	0.318946	0.338822	0.311489	0.322573	0.316733	0.314422	0.332825	0.332016	0.326129	0.305982	0.30874	0.31961	0.311521	0.29784	0.339631	0.328178	0.338252	0.3315	0.332569	0.333894	0.32843	0.317672	0.3303	0.336263	0.31112	0.304017	0.307339	0.309411	0.293874	0.299187	0.295848	0.292997	0.300217	0.29472	0.293271	0.295271	0.293833	0.304265	0.300038	0.298532	0.306812	0.340895	0.339192	0.31764	0.317396	0.293298	0.29676	0.301321	0.294135	0.324758	0.326411	0.297395	0.324855	0.309428	0.299145	0.299226	0.308666	0.305499	0.322537	0.335491	0.326918	0.315796	0.291922	0.304106	0.294896	0.30861	0.29081	0.319039	0.307675	0.305131	0.309672	0.310263	0.30503	0.309673	0.307725	0.305733	0.29573	0.282166	0.28947	0.299473	0.290358	0.318528	0.290314	0.314608	0.293259	0.28599	0.261159	0.268519	0.274333	0.280347	0.280342	0.28042	0.291074	0.26729	0.294228	0.277798	0.292586	0.274691	0.271092	0.278316	0.284844	0.296949	0.301284	0.307734	0.321341	0.296313	0.293939	0.285938	0.271996	0.276489	0.276737	0.262421	0.286222	0.287855	0.285895	0.277079	0.281952	0.293491	0.293851	0.291991	0.284637	0.281291	0.265208	0.290396	0.276338	0.263731	0.27697	0.240705	0.168588	0.210837	0.193615	0.175348	0.157158	0.154732	0.172342	0.166879	0.15206	0.167303	0.186872	0.19151	0.189232	0.184623	0.184224	0.13912	0.149925	0.147772	0.172656	0.165866	0.1703	0.134218	0.14171	0.144018	0.136249	0.145407	0.144177	0.14036	0.120679	0.114366	0.261643	0.263917	0.221124	0.232897	0.211821	0.19577	0.199373	0.122158	0.138675	0.185666	0.194272	0.132113	0.127524	0.16369	0.169104	0.153023	0.218841	0.196261	0.188138	0.192029	0.120627	0.11397	0.129215	0	0.155625	0.191548	0.176538	0.192239	0.200815	0.191143	0.17856	0.218081	0.191254	0.206558	0.297814	0.280456	0.302806	0.285968	0.240788	0.243603	0.178411	0.179368	0.297144	0.320932	0.16489	0.176768	0.161741	0.161751	0.173159	0.173163	0.174389	0.169617	0.168413	0.159804	0.156875	0.189367	0.187381	0.282928	0.177914	0.18312	0.15578	0.220834	0.222444	0.227783	0.227688	0.157634	0.178239	0.181184	0.142946	0.150227	0.146696	0.147036	0.26739	0.319315	0.327976	0.314133	0.352057	0.327983	0.336627	0.339216	0.324303	0.320309	0.282978	0.285345	0.286425	0.293904	0.285713	0.274423	0.221613	0.214885	0.2639	0.266114	0.262687	0.261583	0.327599	0.329076	0.277862	0.286416	0.286685	0.181506	0.193941	0.184014	0.137095	0.192741	0.193579	0.170832	0.187268	0.185587	0.175688	0.232294	0.248479	0.199945	0.171497	0.19881	0.188368	0.199239	0.204242	0.194175	0.17808	0.194907	0.178744	0.130473	0.237257	0.226122	0.247602	0.15239	0.159258	0.175284	0.167226	0.164994	0.192131	0.196663	0.154214	0.126928	0.124103	0.131869	0.131908	0.132616	0.145513	0.156769	0.275938	0.301339	0.301928	0.294768	0.300869	0.296134	0.323237	0.361294	0.301435	0.317729	0.309793	0.3412
Leptosomus_discolor	0.277485	0.295736	0.300005	0.347479	0.319865	0.302767	0.328807	0.326569	0.287336	0.317658	0.329873	0.308987	0.325128	0.315509	0.321193	0.316471	0.301705	0.306067	0.322722	0.342599	0.315265	0.326349	0.320509	0.318199	0.336602	0.335792	0.329905	0.309758	0.312517	0.323387	0.315298	0.301616	0.343407	0.331955	0.342028	0.335276	0.336346	0.33767	0.332206	0.321448	0.334077	0.340039	0.314896	0.307794	0.311116	0.313188	0.297651	0.302963	0.299624	0.296774	0.303993	0.298496	0.297047	0.299047	0.29761	0.308042	0.303814	0.302309	0.310589	0.344672	0.342969	0.321417	0.321172	0.297075	0.300536	0.305097	0.297912	0.328534	0.330188	0.301172	0.328632	0.313204	0.302922	0.303003	0.312442	0.309275	0.326313	0.339267	0.330695	0.319572	0.295699	0.307882	0.298673	0.312386	0.294586	0.322815	0.311452	0.308908	0.313448	0.314039	0.308807	0.313449	0.311501	0.309509	0.299506	0.285943	0.293246	0.303249	0.294135	0.322305	0.294091	0.318384	0.297035	0.289767	0.264936	0.272295	0.278109	0.284123	0.284118	0.284197	0.29485	0.271067	0.298005	0.281574	0.296363	0.278468	0.274869	0.282092	0.28862	0.300726	0.305061	0.311511	0.325118	0.300089	0.297715	0.289714	0.275773	0.280265	0.280513	0.266198	0.289998	0.291631	0.289671	0.280856	0.285728	0.297267	0.297627	0.295768	0.288413	0.285068	0.268985	0.294172	0.280114	0.267507	0.280746	0.244481	0.172364	0.214614	0.197392	0.179125	0.160934	0.158509	0.176118	0.170655	0.155836	0.17108	0.190648	0.195287	0.193008	0.188399	0.188001	0.142896	0.153702	0.151548	0.176433	0.169642	0.174076	0.137995	0.145487	0.147794	0.140026	0.149184	0.147954	0.144136	0.124455	0.118142	0.26542	0.267693	0.2249	0.236673	0.215598	0.199546	0.20315	0.125934	0.142451	0.189442	0.198048	0.135889	0.1313	0.167467	0.172881	0.1568	0.222618	0.200037	0.191914	0.195805	0.143922	0.137265	0.15251	0.155625	0	0.195324	0.180315	0.196015	0.204591	0.19492	0.182336	0.221857	0.19503	0.210335	0.301591	0.284233	0.306582	0.289744	0.244564	0.24738	0.182188	0.183145	0.300921	0.324708	0.168666	0.180544	0.165518	0.165527	0.176935	0.17694	0.178166	0.173394	0.172189	0.16358	0.160652	0.193143	0.191158	0.286704	0.18169	0.186897	0.159557	0.224611	0.226221	0.231559	0.231465	0.16141	0.182016	0.18496	0.146722	0.154003	0.150473	0.150813	0.271166	0.323091	0.331752	0.317909	0.355833	0.331759	0.340404	0.342992	0.328079	0.324085	0.286755	0.289122	0.290201	0.297681	0.28949	0.2782	0.225389	0.218662	0.267676	0.26989	0.266464	0.26536	0.331376	0.332852	0.281638	0.290192	0.290461	0.185282	0.197717	0.18779	0.140871	0.196518	0.197355	0.174608	0.191045	0.189363	0.179464	0.236071	0.252255	0.203721	0.175273	0.202587	0.192144	0.203015	0.208019	0.197951	0.181856	0.198683	0.18252	0.134249	0.241033	0.229899	0.251379	0.156166	0.163034	0.17906	0.171002	0.16877	0.195907	0.20044	0.15799	0.130704	0.127879	0.135645	0.135685	0.136393	0.14929	0.160546	0.279715	0.305116	0.305705	0.298545	0.304645	0.299911	0.327013	0.36507	0.305212	0.321505	0.31357	0.344976
Baryphthengus_martii	0.311969	0.33022	0.334489	0.381963	0.354349	0.337251	0.363291	0.361053	0.32182	0.352142	0.364356	0.343471	0.359612	0.349993	0.355677	0.350954	0.336189	0.340551	0.357206	0.377082	0.349749	0.360833	0.354993	0.352682	0.371085	0.370276	0.364389	0.344242	0.347	0.35787	0.349781	0.3361	0.377891	0.366438	0.376512	0.36976	0.37083	0.372154	0.36669	0.355932	0.368561	0.374523	0.34938	0.342277	0.345599	0.347672	0.332134	0.337447	0.334108	0.331258	0.338477	0.33298	0.331531	0.333531	0.332093	0.342526	0.338298	0.336793	0.345073	0.379156	0.377453	0.3559	0.355656	0.331559	0.33502	0.339581	0.332396	0.363018	0.364672	0.335656	0.363116	0.347688	0.337405	0.337487	0.346926	0.343759	0.360797	0.373751	0.365178	0.354056	0.330183	0.342366	0.333156	0.34687	0.32907	0.357299	0.345935	0.343392	0.347932	0.348523	0.343291	0.347933	0.345985	0.343993	0.33399	0.320426	0.32773	0.337733	0.328619	0.356788	0.328575	0.352868	0.331519	0.32425	0.29942	0.306779	0.312593	0.318607	0.318602	0.31868	0.329334	0.305551	0.332488	0.316058	0.330846	0.312951	0.309353	0.316576	0.323104	0.33521	0.339545	0.345995	0.359602	0.334573	0.332199	0.324198	0.310256	0.314749	0.314997	0.300681	0.324482	0.326115	0.324155	0.31534	0.320212	0.331751	0.332111	0.330251	0.322897	0.319551	0.303469	0.328656	0.314598	0.301991	0.31523	0.278965	0.206848	0.249097	0.231875	0.213608	0.195418	0.192993	0.210602	0.205139	0.19032	0.205564	0.225132	0.229771	0.227492	0.222883	0.222484	0.17738	0.188186	0.186032	0.210917	0.204126	0.20856	0.172478	0.179971	0.182278	0.174509	0.183667	0.182438	0.17862	0.158939	0.152626	0.299903	0.302177	0.259384	0.271157	0.250082	0.23403	0.237634	0.160418	0.176935	0.223926	0.232532	0.170373	0.165784	0.201953	0.207367	0.191286	0.257103	0.234523	0.2264	0.230291	0.179845	0.173188	0.188433	0.191548	0.195324	0	0.142687	0.158388	0.193525	0.193975	0.181392	0.226458	0.2244	0.239705	0.330961	0.313603	0.335952	0.319114	0.273934	0.276749	0.214146	0.215103	0.332879	0.356666	0.20315	0.215028	0.200001	0.200011	0.211419	0.211423	0.21265	0.207877	0.206673	0.198064	0.195136	0.227627	0.225641	0.321188	0.216174	0.22138	0.19404	0.259095	0.260705	0.266043	0.265948	0.195894	0.216499	0.219444	0.181206	0.188487	0.184956	0.185296	0.30565	0.357575	0.366236	0.352393	0.390317	0.366243	0.374887	0.377476	0.362563	0.358569	0.321238	0.323605	0.324685	0.332165	0.323974	0.312684	0.259873	0.253146	0.30216	0.304374	0.300947	0.299843	0.365859	0.367336	0.316122	0.324676	0.324945	0.219766	0.232201	0.222274	0.175355	0.231002	0.231839	0.209092	0.225529	0.223847	0.213948	0.270555	0.286739	0.238205	0.209757	0.237071	0.226628	0.237499	0.242503	0.232435	0.21634	0.233167	0.217004	0.168733	0.275517	0.264383	0.285863	0.19065	0.197518	0.213544	0.205486	0.203254	0.230391	0.234923	0.192474	0.165188	0.162363	0.170129	0.170169	0.170877	0.183773	0.19503	0.314198	0.339599	0.340189	0.333028	0.339129	0.334395	0.361497	0.399554	0.339695	0.355989	0.348054	0.37946
Chloroceryle_aenea	0.296959	0.31521	0.319479	0.366953	0.339339	0.322241	0.348281	0.346043	0.30681	0.337132	0.349347	0.328461	0.344602	0.334983	0.340667	0.335944	0.321179	0.325541	0.342196	0.362072	0.334739	0.345823	0.339983	0.337672	0.356075	0.355266	0.349379	0.329232	0.33199	0.34286	0.334771	0.32109	0.362881	0.351429	0.361502	0.35475	0.35582	0.357144	0.35168	0.340922	0.353551	0.359513	0.33437	0.327267	0.330589	0.332662	0.317124	0.322437	0.319098	0.316248	0.323467	0.31797	0.316521	0.318521	0.317083	0.327516	0.323288	0.321783	0.330063	0.364146	0.362443	0.34089	0.340646	0.316549	0.32001	0.324571	0.317386	0.348008	0.349662	0.320646	0.348106	0.332678	0.322395	0.322477	0.331916	0.328749	0.345787	0.358741	0.350168	0.339046	0.315173	0.327356	0.318146	0.33186	0.31406	0.342289	0.330925	0.328382	0.332922	0.333513	0.328281	0.332923	0.330975	0.328983	0.31898	0.305416	0.31272	0.322723	0.313609	0.341778	0.313565	0.337858	0.316509	0.309241	0.28441	0.291769	0.297583	0.303597	0.303592	0.303671	0.314324	0.290541	0.317478	0.301048	0.315836	0.297941	0.294343	0.301566	0.308094	0.3202	0.324535	0.330985	0.344592	0.319563	0.317189	0.309188	0.295246	0.299739	0.299987	0.285671	0.309472	0.311105	0.309145	0.30033	0.305202	0.316741	0.317101	0.315241	0.307887	0.304541	0.288459	0.313646	0.299588	0.286981	0.30022	0.263955	0.191838	0.234087	0.216865	0.198598	0.180408	0.177983	0.195592	0.190129	0.17531	0.190554	0.210122	0.214761	0.212482	0.207873	0.207474	0.16237	0.173176	0.171022	0.195907	0.189116	0.19355	0.157468	0.164961	0.167268	0.1595	0.168658	0.167428	0.16361	0.143929	0.137616	0.284894	0.287167	0.244374	0.256147	0.235072	0.21902	0.222624	0.145408	0.161925	0.208916	0.217522	0.155363	0.150774	0.186943	0.192357	0.176276	0.242093	0.219513	0.21139	0.215281	0.164835	0.158178	0.173423	0.176538	0.180315	0.142687	0	0.107593	0.178515	0.178965	0.166382	0.211448	0.20939	0.224695	0.315951	0.298593	0.320942	0.304104	0.258924	0.261739	0.199136	0.200093	0.317869	0.341656	0.18814	0.200018	0.184991	0.185001	0.196409	0.196413	0.19764	0.192867	0.191663	0.183054	0.180126	0.212617	0.210631	0.306178	0.201164	0.20637	0.17903	0.244085	0.245695	0.251033	0.250938	0.180884	0.201489	0.204434	0.166196	0.173477	0.169946	0.170286	0.29064	0.342565	0.351226	0.337383	0.375307	0.351233	0.359877	0.362466	0.347553	0.343559	0.306228	0.308596	0.309675	0.317155	0.308964	0.297674	0.244863	0.238136	0.28715	0.289364	0.285938	0.284833	0.350849	0.352326	0.301112	0.309666	0.309935	0.204756	0.217191	0.207264	0.160345	0.215992	0.216829	0.194082	0.210519	0.208837	0.198938	0.255545	0.271729	0.223195	0.194747	0.222061	0.211618	0.222489	0.227493	0.217425	0.20133	0.218157	0.201994	0.153723	0.260507	0.249373	0.270853	0.17564	0.182508	0.198534	0.190476	0.188244	0.215381	0.219914	0.177464	0.150178	0.147353	0.155119	0.155159	0.155867	0.168763	0.18002	0.299188	0.32459	0.325179	0.318018	0.324119	0.319385	0.346487	0.384544	0.324686	0.340979	0.333044	0.36445
Halcyon_senegalensis	0.312659	0.33091	0.335179	0.382654	0.35504	0.337941	0.363982	0.361743	0.32251	0.352833	0.365047	0.344161	0.360302	0.350684	0.356368	0.351645	0.33688	0.341242	0.357897	0.377773	0.35044	0.361524	0.355684	0.353373	0.371776	0.370967	0.36508	0.344933	0.347691	0.358561	0.350472	0.336791	0.378582	0.367129	0.377202	0.370451	0.37152	0.372845	0.367381	0.356623	0.369251	0.375214	0.350071	0.342968	0.34629	0.348362	0.332825	0.338138	0.334799	0.331948	0.339168	0.333671	0.332222	0.334222	0.332784	0.343216	0.338989	0.337483	0.345763	0.379846	0.378143	0.356591	0.356347	0.332249	0.335711	0.340272	0.333086	0.363709	0.365362	0.336346	0.363806	0.348379	0.338096	0.338177	0.347617	0.34445	0.361488	0.374442	0.365869	0.354747	0.330873	0.343057	0.333847	0.347561	0.329761	0.35799	0.346626	0.344082	0.348622	0.349214	0.343981	0.348624	0.346676	0.344684	0.334681	0.321117	0.328421	0.338424	0.329309	0.357479	0.329265	0.353559	0.33221	0.324941	0.30011	0.30747	0.313283	0.319297	0.319293	0.319371	0.330024	0.306241	0.333179	0.316748	0.331537	0.313642	0.310043	0.317266	0.323795	0.3359	0.340235	0.346685	0.360292	0.335264	0.33289	0.324889	0.310947	0.31544	0.315688	0.301372	0.325173	0.326806	0.324846	0.31603	0.320903	0.332442	0.332802	0.330942	0.323588	0.320242	0.304159	0.329346	0.315289	0.302682	0.315921	0.279656	0.207539	0.249788	0.232566	0.214299	0.196109	0.193683	0.211293	0.20583	0.191011	0.206254	0.225823	0.230461	0.228183	0.223574	0.223175	0.17807	0.188876	0.186723	0.211607	0.204817	0.209251	0.173169	0.180661	0.182969	0.1752	0.184358	0.183128	0.17931	0.15963	0.153317	0.300594	0.302868	0.260075	0.271848	0.250772	0.234721	0.238324	0.161109	0.177626	0.224617	0.233223	0.171064	0.166475	0.202643	0.208057	0.191976	0.257794	0.235214	0.227091	0.230982	0.180535	0.173878	0.189124	0.192239	0.196015	0.158388	0.107593	0	0.194216	0.194666	0.182082	0.227149	0.225091	0.240395	0.331651	0.314293	0.336643	0.319805	0.274625	0.27744	0.214836	0.215794	0.33357	0.357357	0.203841	0.215718	0.200692	0.200702	0.21211	0.212114	0.21334	0.208568	0.207364	0.198755	0.195826	0.228318	0.226332	0.321879	0.216865	0.222071	0.194731	0.259785	0.261395	0.266734	0.266639	0.196585	0.21719	0.220135	0.181897	0.189178	0.185647	0.185987	0.306341	0.358266	0.366927	0.353084	0.391007	0.366934	0.375578	0.378167	0.363254	0.35926	0.321929	0.324296	0.325375	0.332855	0.324664	0.313374	0.260564	0.253836	0.302851	0.305064	0.301638	0.300534	0.36655	0.368027	0.316813	0.325367	0.325636	0.220457	0.232892	0.222965	0.176046	0.231692	0.23253	0.209783	0.226219	0.224538	0.214639	0.271245	0.28743	0.238896	0.210448	0.237761	0.227319	0.23819	0.243193	0.233126	0.217031	0.233857	0.217695	0.169424	0.276208	0.265073	0.286553	0.191341	0.198209	0.214235	0.206177	0.203945	0.231082	0.235614	0.193165	0.165879	0.163054	0.17082	0.170859	0.171567	0.184464	0.19572	0.314889	0.34029	0.340879	0.333719	0.33982	0.335085	0.362188	0.400245	0.340386	0.35668	0.348744	0.380151
Todus_mexicanus	0.321235	0.339486	0.343755	0.391229	0.363616	0.346517	0.372557	0.370319	0.331086	0.361409	0.373623	0.352737	0.368878	0.35926	0.364944	0.360221	0.345456	0.349818	0.366473	0.386349	0.359016	0.3701	0.36426	0.361949	0.380352	0.379543	0.373655	0.353509	0.356267	0.367137	0.359048	0.345367	0.387158	0.375705	0.385778	0.379027	0.380096	0.381421	0.375957	0.365199	0.377827	0.38379	0.358647	0.351544	0.354866	0.356938	0.341401	0.346714	0.343375	0.340524	0.347744	0.342246	0.340798	0.342798	0.34136	0.351792	0.347565	0.346059	0.354339	0.388422	0.386719	0.365167	0.364923	0.340825	0.344287	0.348848	0.341662	0.372285	0.373938	0.344922	0.372382	0.356955	0.346672	0.346753	0.356193	0.353025	0.370064	0.383018	0.374445	0.363323	0.339449	0.351633	0.342423	0.356137	0.338337	0.366566	0.355202	0.352658	0.357198	0.35779	0.352557	0.357199	0.355252	0.35326	0.343257	0.329693	0.336997	0.347	0.337885	0.366055	0.337841	0.362135	0.340785	0.333517	0.308686	0.316046	0.321859	0.327873	0.327868	0.327947	0.3386	0.314817	0.341755	0.325324	0.340113	0.322218	0.318619	0.325842	0.332371	0.344476	0.348811	0.355261	0.368868	0.34384	0.341466	0.333465	0.319523	0.324016	0.324263	0.309948	0.333749	0.335382	0.333422	0.324606	0.329478	0.341018	0.341377	0.339518	0.332164	0.328818	0.312735	0.337922	0.323865	0.311258	0.324497	0.288232	0.216115	0.258364	0.241142	0.222875	0.204684	0.202259	0.219869	0.214406	0.199587	0.21483	0.234398	0.239037	0.236759	0.23215	0.231751	0.186646	0.197452	0.195299	0.220183	0.213393	0.217827	0.181745	0.189237	0.191545	0.183776	0.192934	0.191704	0.187886	0.168206	0.161893	0.30917	0.311444	0.268651	0.280423	0.259348	0.243297	0.2469	0.169684	0.186202	0.233193	0.241798	0.17964	0.175051	0.211219	0.216633	0.200552	0.26637	0.24379	0.235667	0.239558	0.189111	0.182454	0.1977	0.200815	0.204591	0.193525	0.178515	0.194216	0	0.203242	0.190658	0.235725	0.233667	0.248971	0.340227	0.322869	0.345219	0.328381	0.283201	0.286016	0.223412	0.224369	0.342146	0.365933	0.212417	0.224294	0.209268	0.209278	0.220686	0.22069	0.221916	0.217144	0.215939	0.207331	0.204402	0.236894	0.234908	0.330455	0.225441	0.230647	0.203307	0.268361	0.269971	0.27531	0.275215	0.205161	0.225766	0.228711	0.190472	0.197754	0.194223	0.194563	0.314917	0.366842	0.375503	0.36166	0.399583	0.37551	0.384154	0.386743	0.37183	0.367836	0.330505	0.332872	0.333951	0.341431	0.33324	0.32195	0.269139	0.262412	0.311427	0.31364	0.310214	0.30911	0.375126	0.376603	0.325388	0.333943	0.334212	0.229032	0.241468	0.231541	0.184622	0.240268	0.241106	0.218358	0.234795	0.233114	0.223215	0.279821	0.296005	0.247472	0.219023	0.246337	0.235895	0.246766	0.251769	0.241701	0.225607	0.242433	0.22627	0.178	0.284784	0.273649	0.295129	0.199917	0.206785	0.222811	0.214752	0.212521	0.239658	0.24419	0.201741	0.174455	0.17163	0.179396	0.179435	0.180143	0.19304	0.204296	0.323465	0.348866	0.349455	0.342295	0.348396	0.343661	0.370764	0.40882	0.348962	0.365256	0.35732	0.388727
Brachypteracias_leptosomus	0.311564	0.329815	0.334084	0.381558	0.353944	0.336846	0.362886	0.360648	0.321415	0.351737	0.363952	0.343066	0.359207	0.349588	0.355272	0.35055	0.335785	0.340147	0.356802	0.376678	0.349344	0.360429	0.354589	0.352278	0.370681	0.369871	0.363984	0.343838	0.346596	0.357466	0.349377	0.335696	0.377487	0.366034	0.376107	0.369355	0.370425	0.371749	0.366286	0.355528	0.368156	0.374118	0.348976	0.341873	0.345195	0.347267	0.33173	0.337042	0.333704	0.330853	0.338073	0.332575	0.331127	0.333126	0.331689	0.342121	0.337894	0.336388	0.344668	0.378751	0.377048	0.355496	0.355251	0.331154	0.334615	0.339176	0.331991	0.362613	0.364267	0.335251	0.362711	0.347283	0.337001	0.337082	0.346521	0.343354	0.360392	0.373346	0.364774	0.353652	0.329778	0.341961	0.332752	0.346466	0.328665	0.356894	0.345531	0.342987	0.347527	0.348119	0.342886	0.347528	0.345581	0.343589	0.333586	0.320022	0.327326	0.337328	0.328214	0.356384	0.32817	0.352463	0.331114	0.323846	0.299015	0.306375	0.312188	0.318202	0.318197	0.318276	0.328929	0.305146	0.332084	0.315653	0.330442	0.312547	0.308948	0.316171	0.322699	0.334805	0.33914	0.34559	0.359197	0.334169	0.331795	0.323793	0.309852	0.314345	0.314592	0.300277	0.324078	0.325711	0.32375	0.314935	0.319807	0.331346	0.331706	0.329847	0.322492	0.319147	0.303064	0.328251	0.314194	0.301587	0.314825	0.278561	0.206444	0.248693	0.231471	0.213204	0.195013	0.192588	0.210197	0.204734	0.189915	0.205159	0.224727	0.229366	0.227087	0.222478	0.22208	0.176975	0.187781	0.185627	0.210512	0.203722	0.208156	0.172074	0.179566	0.181873	0.174105	0.183263	0.182033	0.178215	0.158535	0.152221	0.299499	0.301773	0.258979	0.270752	0.249677	0.233626	0.237229	0.160013	0.17653	0.223521	0.232127	0.169968	0.16538	0.201548	0.206962	0.190881	0.256699	0.234119	0.225996	0.229887	0.17944	0.172783	0.188028	0.191143	0.19492	0.193975	0.178965	0.194666	0.203242	0	0.147161	0.226054	0.223995	0.2393	0.330556	0.313198	0.335548	0.318709	0.27353	0.276345	0.213741	0.214698	0.332474	0.356262	0.202745	0.214623	0.199597	0.199607	0.211015	0.211019	0.212245	0.207473	0.206268	0.197659	0.194731	0.227222	0.225237	0.320784	0.215769	0.220976	0.193636	0.25869	0.2603	0.265639	0.265544	0.195489	0.216095	0.219039	0.180801	0.188083	0.184552	0.184892	0.305246	0.35717	0.365832	0.351988	0.389912	0.365839	0.374483	0.377071	0.362159	0.358164	0.320834	0.323201	0.32428	0.33176	0.323569	0.312279	0.259468	0.252741	0.301755	0.303969	0.300543	0.299439	0.365455	0.366931	0.315717	0.324272	0.324541	0.219361	0.231797	0.221869	0.174951	0.230597	0.231435	0.208687	0.225124	0.223443	0.213543	0.27015	0.286334	0.2378	0.209352	0.236666	0.226223	0.237094	0.242098	0.23203	0.215936	0.232762	0.216599	0.168329	0.275113	0.263978	0.285458	0.190245	0.197113	0.21314	0.205081	0.202849	0.229987	0.234519	0.19207	0.164784	0.161959	0.169724	0.169764	0.170472	0.183369	0.194625	0.313794	0.339195	0.339784	0.332624	0.338724	0.33399	0.361093	0.399149	0.339291	0.355584	0.347649	0.379056
Eurystomus_gularis	0.298981	0.317232	0.321501	0.368975	0.341361	0.324263	0.350303	0.348065	0.308832	0.339154	0.351368	0.330483	0.346624	0.337005	0.342689	0.337966	0.323201	0.327563	0.344218	0.364094	0.336761	0.347845	0.342005	0.339694	0.358097	0.357288	0.351401	0.331254	0.334012	0.344882	0.336793	0.323112	0.364903	0.35345	0.363524	0.356772	0.357842	0.359166	0.353702	0.342944	0.355573	0.361535	0.336392	0.329289	0.332611	0.334684	0.319146	0.324459	0.32112	0.31827	0.325489	0.319992	0.318543	0.320543	0.319105	0.329538	0.32531	0.323805	0.332084	0.366168	0.364465	0.342912	0.342668	0.318571	0.322032	0.326593	0.319408	0.35003	0.351684	0.322668	0.350128	0.3347	0.324417	0.324498	0.333938	0.330771	0.347809	0.360763	0.35219	0.341068	0.317195	0.329378	0.320168	0.333882	0.316082	0.344311	0.332947	0.330404	0.334944	0.335535	0.330302	0.334945	0.332997	0.331005	0.321002	0.307438	0.314742	0.324745	0.315631	0.3438	0.315587	0.33988	0.318531	0.311262	0.286432	0.293791	0.299605	0.305619	0.305614	0.305692	0.316346	0.292563	0.3195	0.30307	0.317858	0.299963	0.296364	0.303588	0.310116	0.322222	0.326557	0.333006	0.346614	0.321585	0.319211	0.31121	0.297268	0.301761	0.302009	0.287693	0.311494	0.313127	0.311167	0.302352	0.307224	0.318763	0.319123	0.317263	0.309909	0.306563	0.290481	0.315668	0.30161	0.289003	0.302242	0.265977	0.19386	0.236109	0.218887	0.20062	0.18243	0.180005	0.197614	0.192151	0.177332	0.192576	0.212144	0.216783	0.214504	0.209895	0.209496	0.164392	0.175198	0.173044	0.197929	0.191138	0.195572	0.15949	0.166982	0.16929	0.161521	0.170679	0.169449	0.165632	0.145951	0.139638	0.286915	0.289189	0.246396	0.258169	0.237094	0.221042	0.224645	0.14743	0.163947	0.210938	0.219544	0.157385	0.152796	0.188965	0.194379	0.178297	0.244115	0.221535	0.213412	0.217303	0.166857	0.1602	0.175445	0.17856	0.182336	0.181392	0.166382	0.182082	0.190658	0.147161	0	0.21347	0.211412	0.226717	0.317973	0.300614	0.322964	0.306126	0.260946	0.263761	0.201158	0.202115	0.319891	0.343678	0.190162	0.20204	0.187013	0.187023	0.198431	0.198435	0.199662	0.194889	0.193685	0.185076	0.182148	0.214639	0.212653	0.3082	0.203186	0.208392	0.181052	0.246107	0.247716	0.253055	0.25296	0.182906	0.203511	0.206456	0.168218	0.175499	0.171968	0.172308	0.292662	0.344587	0.353248	0.339405	0.377329	0.353255	0.361899	0.364488	0.349575	0.345581	0.30825	0.310617	0.311697	0.319177	0.310985	0.299695	0.246885	0.240158	0.289172	0.291386	0.287959	0.286855	0.352871	0.354348	0.303134	0.311688	0.311957	0.206778	0.219213	0.209286	0.162367	0.218014	0.218851	0.196104	0.21254	0.210859	0.20096	0.257567	0.273751	0.225217	0.196769	0.224083	0.21364	0.224511	0.229515	0.219447	0.203352	0.220179	0.204016	0.155745	0.262529	0.251395	0.272874	0.177662	0.18453	0.200556	0.192498	0.190266	0.217403	0.221935	0.179486	0.1522	0.149375	0.157141	0.157181	0.157889	0.170785	0.182041	0.30121	0.326611	0.327201	0.32004	0.326141	0.321407	0.348509	0.386566	0.326707	0.343001	0.335065	0.366472
Merops_nubicus	0.338502	0.356753	0.361021	0.408496	0.380882	0.363784	0.389824	0.387586	0.348353	0.378675	0.390889	0.370004	0.386145	0.376526	0.38221	0.377487	0.362722	0.367084	0.383739	0.403615	0.376282	0.387366	0.381526	0.379215	0.397618	0.396809	0.390922	0.370775	0.373533	0.384403	0.376314	0.362633	0.404424	0.392971	0.403045	0.396293	0.397363	0.398687	0.393223	0.382465	0.395094	0.401056	0.375913	0.36881	0.372132	0.374205	0.358667	0.36398	0.360641	0.35779	0.36501	0.359513	0.358064	0.360064	0.358626	0.369059	0.364831	0.363325	0.371605	0.405689	0.403986	0.382433	0.382189	0.358092	0.361553	0.366114	0.358929	0.389551	0.391205	0.362188	0.389648	0.374221	0.363938	0.364019	0.373459	0.370292	0.38733	0.400284	0.391711	0.380589	0.356715	0.368899	0.359689	0.373403	0.355603	0.383832	0.372468	0.369925	0.374465	0.375056	0.369823	0.374466	0.372518	0.370526	0.360523	0.346959	0.354263	0.364266	0.355152	0.383321	0.355108	0.379401	0.358052	0.350783	0.325953	0.333312	0.339126	0.34514	0.345135	0.345213	0.355867	0.332083	0.359021	0.342591	0.357379	0.339484	0.335885	0.343109	0.349637	0.361743	0.366078	0.372527	0.386135	0.361106	0.358732	0.350731	0.336789	0.341282	0.34153	0.327214	0.351015	0.352648	0.350688	0.341873	0.346745	0.358284	0.358644	0.356784	0.34943	0.346084	0.330002	0.355189	0.341131	0.328524	0.341763	0.305498	0.233381	0.27563	0.258408	0.240141	0.221951	0.219525	0.237135	0.231672	0.216853	0.232096	0.251665	0.256304	0.254025	0.249416	0.249017	0.203913	0.214719	0.212565	0.237449	0.230659	0.235093	0.199011	0.206503	0.208811	0.201042	0.2102	0.20897	0.205153	0.185472	0.179159	0.326436	0.32871	0.285917	0.29769	0.276614	0.260563	0.264166	0.186951	0.203468	0.250459	0.259065	0.196906	0.192317	0.228486	0.233899	0.217818	0.283636	0.261056	0.252933	0.256824	0.206378	0.19972	0.214966	0.218081	0.221857	0.226458	0.211448	0.227149	0.235725	0.226054	0.21347	0	0.250933	0.266238	0.357494	0.340135	0.362485	0.345647	0.300467	0.303282	0.240679	0.241636	0.359412	0.383199	0.229683	0.241561	0.226534	0.226544	0.237952	0.237956	0.239182	0.23441	0.233206	0.224597	0.221669	0.25416	0.252174	0.347721	0.242707	0.247913	0.220573	0.285628	0.287237	0.292576	0.292481	0.222427	0.243032	0.245977	0.207739	0.21502	0.211489	0.211829	0.332183	0.384108	0.392769	0.378926	0.41685	0.392776	0.40142	0.404009	0.389096	0.385102	0.347771	0.350138	0.351218	0.358697	0.350506	0.339216	0.286406	0.279679	0.328693	0.330907	0.32748	0.326376	0.392392	0.393869	0.342655	0.351209	0.351478	0.246299	0.258734	0.248807	0.201888	0.257534	0.258372	0.235625	0.252061	0.25038	0.240481	0.297088	0.313272	0.264738	0.23629	0.263604	0.253161	0.264032	0.269036	0.258968	0.242873	0.2597	0.243537	0.195266	0.30205	0.290916	0.312395	0.217183	0.224051	0.240077	0.232019	0.229787	0.256924	0.261456	0.219007	0.191721	0.188896	0.196662	0.196701	0.19741	0.210306	0.221562	0.340731	0.366132	0.366722	0.359561	0.365662	0.360927	0.38803	0.426087	0.366228	0.382522	0.374586	0.405993
Bucco_capensis	0.311674	0.329925	0.334194	0.381668	0.354055	0.336956	0.362997	0.360758	0.321525	0.351848	0.364062	0.343176	0.359317	0.349699	0.355383	0.35066	0.335895	0.340257	0.356912	0.376788	0.349455	0.360539	0.354699	0.352388	0.370791	0.369982	0.364095	0.343948	0.346706	0.357576	0.349487	0.335806	0.377597	0.366144	0.376217	0.369466	0.370535	0.37186	0.366396	0.355638	0.368266	0.374229	0.349086	0.341983	0.345305	0.347377	0.33184	0.337153	0.333814	0.330963	0.338183	0.332685	0.331237	0.333237	0.331799	0.342231	0.338004	0.336498	0.344778	0.378861	0.377158	0.355606	0.355362	0.331264	0.334726	0.339287	0.332101	0.362724	0.364377	0.335361	0.362821	0.347394	0.337111	0.337192	0.346632	0.343464	0.360503	0.373457	0.364884	0.353762	0.329888	0.342072	0.332862	0.346576	0.328776	0.357005	0.345641	0.343097	0.347637	0.348229	0.342996	0.347638	0.345691	0.343699	0.333696	0.320132	0.327436	0.337439	0.328324	0.356494	0.32828	0.352574	0.331224	0.323956	0.299125	0.306485	0.312298	0.318312	0.318307	0.318386	0.329039	0.305256	0.332194	0.315763	0.330552	0.312657	0.309058	0.316281	0.32281	0.334915	0.33925	0.3457	0.359307	0.334279	0.331905	0.323904	0.309962	0.314455	0.314702	0.300387	0.324188	0.325821	0.323861	0.315045	0.319917	0.331457	0.331816	0.329957	0.322603	0.319257	0.303174	0.328361	0.314304	0.301697	0.314936	0.278671	0.206554	0.248803	0.231581	0.213314	0.195123	0.192698	0.210308	0.204845	0.190026	0.205269	0.224837	0.229476	0.227198	0.222589	0.22219	0.177085	0.187891	0.185738	0.210622	0.203832	0.208266	0.172184	0.179676	0.181984	0.174215	0.183373	0.182143	0.178325	0.158645	0.152332	0.299609	0.301883	0.25909	0.270862	0.249787	0.233736	0.237339	0.160123	0.176641	0.223632	0.232238	0.170079	0.16549	0.201658	0.207072	0.190991	0.256809	0.234229	0.226106	0.229997	0.17955	0.172893	0.188139	0.191254	0.19503	0.2244	0.20939	0.225091	0.233667	0.223995	0.211412	0.250933	0	0.165759	0.309126	0.291767	0.314117	0.297279	0.252099	0.254914	0.213851	0.214808	0.332585	0.356372	0.202856	0.214733	0.199707	0.199717	0.211125	0.211129	0.212355	0.207583	0.206378	0.19777	0.194841	0.227333	0.225347	0.320894	0.21588	0.221086	0.193746	0.2588	0.26041	0.265749	0.265654	0.1956	0.216205	0.21915	0.180911	0.188193	0.184662	0.185002	0.305356	0.357281	0.365942	0.352099	0.390022	0.365949	0.374593	0.377182	0.362269	0.358275	0.320944	0.323311	0.32439	0.33187	0.323679	0.312389	0.259578	0.252851	0.301866	0.304079	0.300653	0.299549	0.365565	0.367042	0.315827	0.324382	0.324651	0.219471	0.231907	0.22198	0.175061	0.230707	0.231545	0.208797	0.225234	0.223553	0.213654	0.27026	0.286444	0.237911	0.209462	0.236776	0.226334	0.237205	0.242208	0.23214	0.216046	0.232872	0.216709	0.168439	0.275223	0.264088	0.285568	0.190356	0.197224	0.21325	0.205191	0.20296	0.230097	0.234629	0.19218	0.164894	0.162069	0.169835	0.169874	0.170582	0.183479	0.194735	0.313904	0.339305	0.339894	0.332734	0.338835	0.3341	0.361203	0.399259	0.339401	0.355695	0.347759	0.379166
Galbula_dea	0.326979	0.34523	0.349499	0.396973	0.369359	0.352261	0.378301	0.376063	0.33683	0.367152	0.379367	0.358481	0.374622	0.365003	0.370687	0.365965	0.3512	0.355561	0.372216	0.392093	0.364759	0.375843	0.370003	0.367693	0.386096	0.385286	0.379399	0.359252	0.362011	0.372881	0.364792	0.35111	0.392902	0.381449	0.391522	0.38477	0.38584	0.387164	0.381701	0.370943	0.383571	0.389533	0.36439	0.357288	0.36061	0.362682	0.347145	0.352457	0.349119	0.346268	0.353488	0.34799	0.346541	0.348541	0.347104	0.357536	0.353308	0.351803	0.360083	0.394166	0.392463	0.370911	0.370666	0.346569	0.35003	0.354591	0.347406	0.378028	0.379682	0.350666	0.378126	0.362698	0.352416	0.352497	0.361936	0.358769	0.375807	0.388761	0.380189	0.369067	0.345193	0.357376	0.348167	0.36188	0.34408	0.372309	0.360946	0.358402	0.362942	0.363533	0.358301	0.362943	0.360995	0.359003	0.349001	0.335437	0.342741	0.352743	0.343629	0.371799	0.343585	0.367878	0.346529	0.339261	0.31443	0.32179	0.327603	0.333617	0.333612	0.333691	0.344344	0.320561	0.347499	0.331068	0.345857	0.327962	0.324363	0.331586	0.338114	0.35022	0.354555	0.361005	0.374612	0.349584	0.347209	0.339208	0.325267	0.32976	0.330007	0.315692	0.339492	0.341125	0.339165	0.33035	0.335222	0.346761	0.347121	0.345262	0.337907	0.334562	0.318479	0.343666	0.329608	0.317001	0.33024	0.293976	0.221858	0.264108	0.246886	0.228619	0.210428	0.208003	0.225612	0.220149	0.20533	0.220574	0.240142	0.244781	0.242502	0.237893	0.237495	0.19239	0.203196	0.201042	0.225927	0.219136	0.22357	0.187489	0.194981	0.197288	0.18952	0.198678	0.197448	0.19363	0.17395	0.167636	0.314914	0.317187	0.274394	0.286167	0.265092	0.249041	0.252644	0.175428	0.191945	0.238936	0.247542	0.185383	0.180794	0.216963	0.222377	0.206296	0.272114	0.249533	0.241411	0.245302	0.194855	0.188198	0.203443	0.206558	0.210335	0.239705	0.224695	0.240395	0.248971	0.2393	0.226717	0.266238	0.165759	0	0.32443	0.307072	0.329422	0.312583	0.267404	0.270219	0.229156	0.230113	0.347889	0.371677	0.21816	0.230038	0.215012	0.215021	0.22643	0.226434	0.22766	0.222888	0.221683	0.213074	0.210146	0.242637	0.240652	0.336198	0.231184	0.236391	0.209051	0.274105	0.275715	0.281053	0.280959	0.210904	0.23151	0.234454	0.196216	0.203497	0.199967	0.200307	0.320661	0.372585	0.381246	0.367403	0.405327	0.381254	0.389898	0.392486	0.377574	0.373579	0.336249	0.338616	0.339695	0.347175	0.338984	0.327694	0.274883	0.268156	0.31717	0.319384	0.315958	0.314854	0.38087	0.382346	0.331132	0.339687	0.339956	0.234776	0.247211	0.237284	0.190366	0.246012	0.24685	0.224102	0.240539	0.238858	0.228958	0.285565	0.301749	0.253215	0.224767	0.252081	0.241638	0.252509	0.257513	0.247445	0.231351	0.248177	0.232014	0.183743	0.290527	0.279393	0.300873	0.20566	0.212528	0.228554	0.220496	0.218264	0.245402	0.249934	0.207485	0.180199	0.177373	0.185139	0.185179	0.185887	0.198784	0.21004	0.329209	0.35461	0.355199	0.348039	0.354139	0.349405	0.376507	0.414564	0.354706	0.370999	0.363064	0.39447
Eubucco_bourcierii	0.418235	0.436486	0.440755	0.488229	0.460615	0.443517	0.469557	0.467319	0.428086	0.458408	0.470623	0.449737	0.465878	0.456259	0.461943	0.457221	0.442456	0.446817	0.463472	0.483349	0.456015	0.467099	0.461259	0.458949	0.477352	0.476542	0.470655	0.450508	0.453267	0.464137	0.456048	0.442366	0.484158	0.472705	0.482778	0.476026	0.477096	0.47842	0.472957	0.462199	0.474827	0.480789	0.455646	0.448544	0.451866	0.453938	0.438401	0.443713	0.440375	0.437524	0.444744	0.439246	0.437797	0.439797	0.43836	0.448792	0.444564	0.443059	0.451339	0.485422	0.483719	0.462167	0.461922	0.437825	0.441286	0.445847	0.438662	0.469284	0.470938	0.441922	0.469382	0.453954	0.443672	0.443753	0.453192	0.450025	0.467063	0.480017	0.471445	0.460323	0.436449	0.448632	0.439423	0.453136	0.435336	0.463565	0.452202	0.449658	0.454198	0.454789	0.449557	0.454199	0.452251	0.450259	0.440257	0.426693	0.433997	0.443999	0.434885	0.463055	0.434841	0.459134	0.437785	0.430517	0.405686	0.413046	0.418859	0.424873	0.424868	0.424947	0.4356	0.411817	0.438755	0.422324	0.437113	0.419218	0.415619	0.422842	0.42937	0.441476	0.445811	0.452261	0.465868	0.44084	0.438465	0.430464	0.416523	0.421016	0.421263	0.406948	0.430748	0.432381	0.430421	0.421606	0.426478	0.438017	0.438377	0.436518	0.429163	0.425818	0.409735	0.434922	0.420865	0.408257	0.421496	0.385232	0.313114	0.355364	0.338142	0.319875	0.301684	0.299259	0.316868	0.311405	0.296586	0.31183	0.331398	0.336037	0.333758	0.329149	0.328751	0.283646	0.294452	0.292298	0.317183	0.310392	0.314826	0.278745	0.286237	0.288544	0.280776	0.289934	0.288704	0.284886	0.265206	0.258892	0.40617	0.408443	0.36565	0.377423	0.356348	0.340297	0.3439	0.266684	0.283201	0.330192	0.338798	0.276639	0.27205	0.308219	0.313633	0.297552	0.36337	0.340789	0.332667	0.336558	0.286111	0.279454	0.294699	0.297814	0.301591	0.330961	0.315951	0.331651	0.340227	0.330556	0.317973	0.357494	0.309126	0.32443	0	0.0670049	0.136448	0.138817	0.186684	0.189499	0.320412	0.321369	0.439145	0.462933	0.309416	0.321294	0.306268	0.306277	0.317686	0.31769	0.318916	0.314144	0.312939	0.30433	0.301402	0.333893	0.331908	0.427454	0.32244	0.327647	0.300307	0.365361	0.366971	0.372309	0.372215	0.30216	0.322766	0.32571	0.287472	0.294753	0.291223	0.291563	0.411917	0.463841	0.472502	0.458659	0.496583	0.47251	0.481154	0.483742	0.46883	0.464835	0.427505	0.429872	0.430951	0.438431	0.43024	0.41895	0.366139	0.359412	0.408426	0.41064	0.407214	0.40611	0.472126	0.473602	0.422388	0.430943	0.431212	0.326032	0.338467	0.32854	0.281622	0.337268	0.338106	0.315358	0.331795	0.330114	0.320214	0.376821	0.393005	0.344471	0.316023	0.343337	0.332894	0.343765	0.348769	0.338701	0.322607	0.339433	0.32327	0.274999	0.381783	0.370649	0.392129	0.296916	0.303784	0.31981	0.311752	0.30952	0.336658	0.34119	0.298741	0.271455	0.268629	0.276395	0.276435	0.277143	0.29004	0.301296	0.420465	0.445866	0.446455	0.439295	0.445395	0.440661	0.467763	0.50582	0.445962	0.462255	0.45432	0.485726
Ramphastos_sulfuratus	0.400877	0.419128	0.423397	0.470871	0.443257	0.426159	0.452199	0.449961	0.410728	0.44105	0.453265	0.432379	0.44852	0.438901	0.444585	0.439862	0.425097	0.429459	0.446114	0.465991	0.438657	0.449741	0.443901	0.44159	0.459994	0.459184	0.453297	0.43315	0.435909	0.446779	0.438689	0.425008	0.466799	0.455347	0.46542	0.458668	0.459738	0.461062	0.455598	0.44484	0.457469	0.463431	0.438288	0.431186	0.434508	0.43658	0.421043	0.426355	0.423016	0.420166	0.427385	0.421888	0.420439	0.422439	0.421002	0.431434	0.427206	0.425701	0.433981	0.468064	0.466361	0.444809	0.444564	0.420467	0.423928	0.428489	0.421304	0.451926	0.45358	0.424564	0.452024	0.436596	0.426314	0.426395	0.435834	0.432667	0.449705	0.462659	0.454087	0.442964	0.419091	0.431274	0.422065	0.435778	0.417978	0.446207	0.434843	0.4323	0.43684	0.437431	0.432199	0.436841	0.434893	0.432901	0.422898	0.409335	0.416638	0.426641	0.417527	0.445697	0.417483	0.441776	0.420427	0.413159	0.388328	0.395687	0.401501	0.407515	0.40751	0.407589	0.418242	0.394459	0.421397	0.404966	0.419754	0.40186	0.398261	0.405484	0.412012	0.424118	0.428453	0.434903	0.44851	0.423481	0.421107	0.413106	0.399165	0.403657	0.403905	0.38959	0.41339	0.415023	0.413063	0.404248	0.40912	0.420659	0.421019	0.41916	0.411805	0.40846	0.392377	0.417564	0.403506	0.390899	0.404138	0.367873	0.295756	0.338006	0.320783	0.302516	0.284326	0.281901	0.29951	0.294047	0.279228	0.294472	0.31404	0.318679	0.3164	0.311791	0.311392	0.266288	0.277094	0.27494	0.299825	0.293034	0.297468	0.261387	0.268879	0.271186	0.263418	0.272576	0.271346	0.267528	0.247847	0.241534	0.388812	0.391085	0.348292	0.360065	0.33899	0.322938	0.326542	0.249326	0.265843	0.312834	0.32144	0.259281	0.254692	0.290861	0.296275	0.280194	0.346012	0.323431	0.315308	0.319199	0.268753	0.262096	0.277341	0.280456	0.284233	0.313603	0.298593	0.314293	0.322869	0.313198	0.300614	0.340135	0.291767	0.307072	0.0670049	0	0.11909	0.121458	0.169325	0.17214	0.303054	0.304011	0.421787	0.445574	0.292058	0.303936	0.28891	0.288919	0.300327	0.300332	0.301558	0.296786	0.295581	0.286972	0.284044	0.316535	0.31455	0.410096	0.305082	0.310289	0.282949	0.348003	0.349613	0.354951	0.354857	0.284802	0.305407	0.308352	0.270114	0.277395	0.273865	0.274205	0.394558	0.446483	0.455144	0.441301	0.479225	0.455151	0.463796	0.466384	0.451471	0.447477	0.410146	0.412514	0.413593	0.421073	0.412882	0.401592	0.348781	0.342054	0.391068	0.393282	0.389856	0.388751	0.454768	0.456244	0.40503	0.413584	0.413853	0.308674	0.321109	0.311182	0.264263	0.31991	0.320747	0.298	0.314437	0.312755	0.302856	0.359463	0.375647	0.327113	0.298665	0.325979	0.315536	0.326407	0.331411	0.321343	0.305248	0.322075	0.305912	0.257641	0.364425	0.353291	0.374771	0.279558	0.286426	0.302452	0.294394	0.292162	0.319299	0.323832	0.281382	0.254096	0.251271	0.259037	0.259077	0.259785	0.272682	0.283938	0.403106	0.428508	0.429097	0.421937	0.428037	0.423303	0.450405	0.488462	0.428604	0.444897	0.436962	0.468368
Psilopogon_haemacephalus	0.423226	0.441477	0.445746	0.493221	0.465607	0.448509	0.474549	0.47231	0.433077	0.4634	0.475614	0.454728	0.47087	0.461251	0.466935	0.462212	0.447447	0.451809	0.468464	0.48834	0.461007	0.472091	0.466251	0.46394	0.482343	0.481534	0.475647	0.4555	0.458258	0.469128	0.461039	0.447358	0.489149	0.477696	0.487769	0.481018	0.482087	0.483412	0.477948	0.46719	0.479818	0.485781	0.460638	0.453535	0.456857	0.458929	0.443392	0.448705	0.445366	0.442515	0.449735	0.444238	0.442789	0.444789	0.443351	0.453783	0.449556	0.44805	0.45633	0.490413	0.48871	0.467158	0.466914	0.442816	0.446278	0.450839	0.443653	0.474276	0.475929	0.446913	0.474373	0.458946	0.448663	0.448744	0.458184	0.455017	0.472055	0.485009	0.476436	0.465314	0.44144	0.453624	0.444414	0.458128	0.440328	0.468557	0.457193	0.454649	0.459189	0.459781	0.454548	0.459191	0.457243	0.455251	0.445248	0.431684	0.438988	0.448991	0.439876	0.468046	0.439832	0.464126	0.442777	0.435508	0.410677	0.418037	0.42385	0.429864	0.42986	0.429938	0.440591	0.416808	0.443746	0.427315	0.442104	0.424209	0.42061	0.427833	0.434362	0.446467	0.450802	0.457252	0.470859	0.445831	0.443457	0.435456	0.421514	0.426007	0.426255	0.411939	0.43574	0.437373	0.435413	0.426597	0.43147	0.443009	0.443369	0.441509	0.434155	0.430809	0.414726	0.439913	0.425856	0.413249	0.426488	0.390223	0.318106	0.360355	0.343133	0.324866	0.306676	0.30425	0.32186	0.316397	0.301578	0.316821	0.33639	0.341028	0.33875	0.334141	0.333742	0.288637	0.299443	0.29729	0.322174	0.315384	0.319818	0.283736	0.291228	0.293536	0.285767	0.294925	0.293695	0.289877	0.270197	0.263884	0.411161	0.413435	0.370642	0.382415	0.361339	0.345288	0.348891	0.271676	0.288193	0.335184	0.34379	0.281631	0.277042	0.31321	0.318624	0.302543	0.368361	0.345781	0.337658	0.341549	0.291102	0.284445	0.299691	0.302806	0.306582	0.335952	0.320942	0.336643	0.345219	0.335548	0.322964	0.362485	0.314117	0.329422	0.136448	0.11909	0	0.143808	0.191675	0.19449	0.325403	0.326361	0.444137	0.467924	0.314408	0.326285	0.311259	0.311269	0.322677	0.322681	0.323907	0.319135	0.317931	0.309322	0.306393	0.338885	0.336899	0.432446	0.327432	0.332638	0.305298	0.370352	0.371962	0.377301	0.377206	0.307152	0.327757	0.330702	0.292464	0.299745	0.296214	0.296554	0.416908	0.468833	0.477494	0.463651	0.501574	0.477501	0.486145	0.488734	0.473821	0.469827	0.432496	0.434863	0.435942	0.443422	0.435231	0.423941	0.371131	0.364403	0.413418	0.415631	0.412205	0.411101	0.477117	0.478594	0.42738	0.435934	0.436203	0.331024	0.343459	0.333532	0.286613	0.342259	0.343097	0.32035	0.336786	0.335105	0.325206	0.381812	0.397997	0.349463	0.321015	0.348328	0.337886	0.348757	0.35376	0.343693	0.327598	0.344424	0.328262	0.279991	0.386775	0.37564	0.39712	0.301908	0.308776	0.324802	0.316744	0.314512	0.341649	0.346181	0.303732	0.276446	0.273621	0.281387	0.281426	0.282134	0.295031	0.306287	0.425456	0.450857	0.451446	0.444286	0.450387	0.445652	0.472755	0.510812	0.450953	0.467247	0.459311	0.490718
Tricholaema_leucomelas	0.406388	0.424639	0.428908	0.476382	0.448769	0.43167	0.45771	0.455472	0.416239	0.446561	0.458776	0.43789	0.454031	0.444413	0.450096	0.445374	0.430609	0.434971	0.451626	0.471502	0.444169	0.455253	0.449413	0.447102	0.465505	0.464695	0.458808	0.438662	0.44142	0.45229	0.444201	0.43052	0.472311	0.460858	0.470931	0.464179	0.465249	0.466573	0.46111	0.450352	0.46298	0.468943	0.4438	0.436697	0.440019	0.442091	0.426554	0.431867	0.428528	0.425677	0.432897	0.427399	0.425951	0.42795	0.426513	0.436945	0.432718	0.431212	0.439492	0.473575	0.471872	0.45032	0.450076	0.425978	0.42944	0.434	0.426815	0.457438	0.459091	0.430075	0.457535	0.442107	0.431825	0.431906	0.441346	0.438178	0.455216	0.46817	0.459598	0.448476	0.424602	0.436786	0.427576	0.44129	0.423489	0.451718	0.440355	0.437811	0.442351	0.442943	0.43771	0.442352	0.440405	0.438413	0.42841	0.414846	0.42215	0.432153	0.423038	0.451208	0.422994	0.447288	0.425938	0.41867	0.393839	0.401199	0.407012	0.413026	0.413021	0.4131	0.423753	0.39997	0.426908	0.410477	0.425266	0.407371	0.403772	0.410995	0.417524	0.429629	0.433964	0.440414	0.454021	0.428993	0.426619	0.418617	0.404676	0.409169	0.409416	0.395101	0.418902	0.420535	0.418574	0.409759	0.414631	0.42617	0.42653	0.424671	0.417317	0.413971	0.397888	0.423075	0.409018	0.396411	0.40965	0.373385	0.301268	0.343517	0.326295	0.308028	0.289837	0.287412	0.305021	0.299558	0.28474	0.299983	0.319551	0.32419	0.321911	0.317302	0.316904	0.271799	0.282605	0.280451	0.305336	0.298546	0.30298	0.266898	0.27439	0.276698	0.268929	0.278087	0.276857	0.273039	0.253359	0.247045	0.394323	0.396597	0.353803	0.365576	0.344501	0.32845	0.332053	0.254837	0.271355	0.318345	0.326951	0.264793	0.260204	0.296372	0.301786	0.285705	0.351523	0.328943	0.32082	0.324711	0.274264	0.267607	0.282853	0.285968	0.289744	0.319114	0.304104	0.319805	0.328381	0.318709	0.306126	0.345647	0.297279	0.312583	0.138817	0.121458	0.143808	0	0.174837	0.177652	0.308565	0.309522	0.427298	0.451086	0.29757	0.309447	0.294421	0.294431	0.305839	0.305843	0.307069	0.302297	0.301092	0.292484	0.289555	0.322046	0.320061	0.415608	0.310593	0.3158	0.28846	0.353514	0.355124	0.360463	0.360368	0.290314	0.310919	0.313864	0.275625	0.282907	0.279376	0.279716	0.40007	0.451995	0.460656	0.446813	0.484736	0.460663	0.469307	0.471895	0.456983	0.452988	0.415658	0.418025	0.419104	0.426584	0.418393	0.407103	0.354292	0.347565	0.39658	0.398793	0.395367	0.394263	0.460279	0.461756	0.410541	0.419096	0.419365	0.314185	0.326621	0.316694	0.269775	0.325421	0.326259	0.303511	0.319948	0.318267	0.308367	0.364974	0.381158	0.332624	0.304176	0.33149	0.321047	0.331919	0.336922	0.326854	0.31076	0.327586	0.311423	0.263153	0.369937	0.358802	0.380282	0.285069	0.291937	0.307964	0.299905	0.297673	0.324811	0.329343	0.286894	0.259608	0.256783	0.264548	0.264588	0.265296	0.278193	0.289449	0.408618	0.434019	0.434608	0.427448	0.433549	0.428814	0.455917	0.493973	0.434115	0.450409	0.442473	0.47388
Indicator_maculatus	0.361209	0.37946	0.383729	0.431203	0.403589	0.386491	0.412531	0.410293	0.37106	0.401382	0.413596	0.392711	0.408852	0.399233	0.404917	0.400194	0.385429	0.389791	0.406446	0.426322	0.398989	0.410073	0.404233	0.401922	0.420325	0.419516	0.413629	0.393482	0.39624	0.40711	0.399021	0.38534	0.427131	0.415678	0.425752	0.419	0.42007	0.421394	0.41593	0.405172	0.417801	0.423763	0.39862	0.391517	0.394839	0.396912	0.381374	0.386687	0.383348	0.380498	0.387717	0.38222	0.380771	0.382771	0.381333	0.391766	0.387538	0.386033	0.394313	0.428396	0.426693	0.40514	0.404896	0.380799	0.38426	0.388821	0.381636	0.412258	0.413912	0.384896	0.412356	0.396928	0.386645	0.386727	0.396166	0.392999	0.410037	0.422991	0.414418	0.403296	0.379423	0.391606	0.382396	0.39611	0.37831	0.406539	0.395175	0.392632	0.397172	0.397763	0.392531	0.397173	0.395225	0.393233	0.38323	0.369666	0.37697	0.386973	0.377859	0.406028	0.377815	0.402108	0.380759	0.37349	0.34866	0.356019	0.361833	0.367847	0.367842	0.36792	0.378574	0.354791	0.381728	0.365298	0.380086	0.362191	0.358593	0.365816	0.372344	0.38445	0.388785	0.395234	0.408842	0.383813	0.381439	0.373438	0.359496	0.363989	0.364237	0.349921	0.373722	0.375355	0.373395	0.36458	0.369452	0.380991	0.381351	0.379491	0.372137	0.368791	0.352709	0.377896	0.363838	0.351231	0.36447	0.328205	0.256088	0.298337	0.281115	0.262848	0.244658	0.242233	0.259842	0.254379	0.23956	0.254804	0.274372	0.279011	0.276732	0.272123	0.271724	0.22662	0.237426	0.235272	0.260157	0.253366	0.2578	0.221718	0.229211	0.231518	0.223749	0.232907	0.231678	0.22786	0.208179	0.201866	0.349143	0.351417	0.308624	0.320397	0.299322	0.28327	0.286874	0.209658	0.226175	0.273166	0.281772	0.219613	0.215024	0.251193	0.256607	0.240525	0.306343	0.283763	0.27564	0.279531	0.229085	0.222428	0.237673	0.240788	0.244564	0.273934	0.258924	0.274625	0.283201	0.27353	0.260946	0.300467	0.252099	0.267404	0.186684	0.169325	0.191675	0.174837	0	0.109953	0.263386	0.264343	0.382119	0.405906	0.25239	0.264268	0.249241	0.249251	0.260659	0.260663	0.26189	0.257117	0.255913	0.247304	0.244376	0.276867	0.274881	0.370428	0.265414	0.27062	0.24328	0.308335	0.309945	0.315283	0.315188	0.245134	0.265739	0.268684	0.230446	0.237727	0.234196	0.234536	0.35489	0.406815	0.415476	0.401633	0.439557	0.415483	0.424127	0.426716	0.411803	0.407809	0.370478	0.372845	0.373925	0.381405	0.373214	0.361923	0.309113	0.302386	0.3514	0.353614	0.350187	0.349083	0.415099	0.416576	0.365362	0.373916	0.374185	0.269006	0.281441	0.271514	0.224595	0.280242	0.281079	0.258332	0.274768	0.273087	0.263188	0.319795	0.335979	0.287445	0.258997	0.286311	0.275868	0.286739	0.291743	0.281675	0.26558	0.282407	0.266244	0.217973	0.324757	0.313623	0.335103	0.23989	0.246758	0.262784	0.254726	0.252494	0.279631	0.284163	0.241714	0.214428	0.211603	0.219369	0.219409	0.220117	0.233013	0.24427	0.363438	0.388839	0.389429	0.382268	0.388369	0.383635	0.410737	0.448794	0.388935	0.405229	0.397293	0.4287
Picoides_pubescens	0.364024	0.382275	0.386544	0.434018	0.406404	0.389306	0.415346	0.413108	0.373875	0.404197	0.416412	0.395526	0.411667	0.402048	0.407732	0.403009	0.388244	0.392606	0.409261	0.429137	0.401804	0.412888	0.407048	0.404737	0.42314	0.422331	0.416444	0.396297	0.399055	0.409925	0.401836	0.388155	0.429946	0.418494	0.428567	0.421815	0.422885	0.424209	0.418745	0.407987	0.420616	0.426578	0.401435	0.394332	0.397654	0.399727	0.384189	0.389502	0.386163	0.383313	0.390532	0.385035	0.383586	0.385586	0.384148	0.394581	0.390353	0.388848	0.397128	0.431211	0.429508	0.407955	0.407711	0.383614	0.387075	0.391636	0.384451	0.415073	0.416727	0.387711	0.415171	0.399743	0.38946	0.389542	0.398981	0.395814	0.412852	0.425806	0.417233	0.406111	0.382238	0.394421	0.385211	0.398925	0.381125	0.409354	0.39799	0.395447	0.399987	0.400578	0.395346	0.399988	0.39804	0.396048	0.386045	0.372481	0.379785	0.389788	0.380674	0.408843	0.38063	0.404923	0.383574	0.376306	0.351475	0.358834	0.364648	0.370662	0.370657	0.370736	0.381389	0.357606	0.384543	0.368113	0.382901	0.365006	0.361408	0.368631	0.375159	0.387265	0.3916	0.39805	0.411657	0.386628	0.384254	0.376253	0.362311	0.366804	0.367052	0.352736	0.376537	0.37817	0.37621	0.367395	0.372267	0.383806	0.384166	0.382306	0.374952	0.371606	0.355524	0.380711	0.366653	0.354046	0.367285	0.33102	0.258903	0.301152	0.28393	0.265663	0.247473	0.245048	0.262657	0.257194	0.242375	0.257619	0.277187	0.281826	0.279547	0.274938	0.274539	0.229435	0.240241	0.238087	0.262972	0.256181	0.260615	0.224533	0.232026	0.234333	0.226565	0.235722	0.234493	0.230675	0.210994	0.204681	0.351959	0.354232	0.311439	0.323212	0.302137	0.286085	0.289689	0.212473	0.22899	0.275981	0.284587	0.222428	0.217839	0.254008	0.259422	0.243341	0.309158	0.286578	0.278455	0.282346	0.2319	0.225243	0.240488	0.243603	0.24738	0.276749	0.261739	0.27744	0.286016	0.276345	0.263761	0.303282	0.254914	0.270219	0.189499	0.17214	0.19449	0.177652	0.109953	0	0.266201	0.267158	0.384934	0.408721	0.255205	0.267083	0.252056	0.252066	0.263474	0.263478	0.264705	0.259932	0.258728	0.250119	0.247191	0.279682	0.277696	0.373243	0.268229	0.273435	0.246095	0.31115	0.31276	0.318098	0.318003	0.247949	0.268554	0.271499	0.233261	0.240542	0.237011	0.237351	0.357705	0.40963	0.418291	0.404448	0.442372	0.418298	0.426942	0.429531	0.414618	0.410624	0.373293	0.37566	0.37674	0.38422	0.376029	0.364739	0.311928	0.305201	0.354215	0.356429	0.353003	0.351898	0.417914	0.419391	0.368177	0.376731	0.377	0.271821	0.284256	0.274329	0.22741	0.283057	0.283894	0.261147	0.277584	0.275902	0.266003	0.32261	0.338794	0.29026	0.261812	0.289126	0.278683	0.289554	0.294558	0.28449	0.268395	0.285222	0.269059	0.220788	0.327572	0.316438	0.337918	0.242705	0.249573	0.265599	0.257541	0.255309	0.282446	0.286979	0.244529	0.217243	0.214418	0.222184	0.222224	0.222932	0.235828	0.247085	0.366253	0.391655	0.392244	0.385083	0.391184	0.38645	0.413552	0.451609	0.391751	0.408044	0.400109	0.431515
Buceros_rhinoceros	0.298832	0.317083	0.321352	0.368826	0.341212	0.324114	0.350154	0.347916	0.308683	0.339005	0.35122	0.330334	0.346475	0.336856	0.34254	0.337817	0.323052	0.327414	0.344069	0.363946	0.336612	0.347696	0.341856	0.339545	0.357949	0.357139	0.351252	0.331105	0.333864	0.344734	0.336644	0.322963	0.364754	0.353302	0.363375	0.356623	0.357693	0.359017	0.353553	0.342795	0.355424	0.361386	0.336243	0.32914	0.332463	0.334535	0.318998	0.32431	0.320971	0.318121	0.32534	0.319843	0.318394	0.320394	0.318957	0.329389	0.325161	0.323656	0.331936	0.366019	0.364316	0.342764	0.342519	0.318422	0.321883	0.326444	0.319259	0.349881	0.351535	0.322519	0.349979	0.334551	0.324269	0.32435	0.333789	0.330622	0.34766	0.360614	0.352042	0.340919	0.317046	0.329229	0.320019	0.333733	0.315933	0.344162	0.332798	0.330255	0.334795	0.335386	0.330154	0.334796	0.332848	0.330856	0.320853	0.30729	0.314593	0.324596	0.315482	0.343652	0.315438	0.339731	0.318382	0.311114	0.286283	0.293642	0.299456	0.30547	0.305465	0.305544	0.316197	0.292414	0.319352	0.302921	0.317709	0.299815	0.296216	0.303439	0.309967	0.322073	0.326408	0.332858	0.346465	0.321436	0.319062	0.311061	0.297119	0.301612	0.30186	0.287545	0.311345	0.312978	0.311018	0.302203	0.307075	0.318614	0.318974	0.317115	0.30976	0.306415	0.290332	0.315519	0.301461	0.288854	0.302093	0.265828	0.193711	0.235961	0.218738	0.200471	0.182281	0.179856	0.197465	0.192002	0.177183	0.192427	0.211995	0.216634	0.214355	0.209746	0.209347	0.164243	0.175049	0.172895	0.19778	0.190989	0.195423	0.159342	0.166834	0.169141	0.161373	0.170531	0.169301	0.165483	0.145802	0.139489	0.286767	0.28904	0.246247	0.25802	0.236945	0.220893	0.224497	0.147281	0.163798	0.210789	0.219395	0.157236	0.152647	0.188816	0.19423	0.178149	0.243966	0.221386	0.213263	0.217154	0.166708	0.160051	0.175296	0.178411	0.182188	0.214146	0.199136	0.214836	0.223412	0.213741	0.201158	0.240679	0.213851	0.229156	0.320412	0.303054	0.325403	0.308565	0.263386	0.266201	0	0.112448	0.301723	0.32551	0.190013	0.201891	0.186865	0.186874	0.198282	0.198287	0.199513	0.194741	0.193536	0.184927	0.181999	0.21449	0.212505	0.308051	0.203037	0.208243	0.180904	0.245958	0.247568	0.252906	0.252812	0.182757	0.203362	0.206307	0.168069	0.17535	0.17182	0.17216	0.292513	0.344438	0.353099	0.339256	0.37718	0.353106	0.361751	0.364339	0.349426	0.345432	0.308101	0.310469	0.311548	0.319028	0.310837	0.299547	0.246736	0.240009	0.289023	0.291237	0.287811	0.286706	0.352722	0.354199	0.302985	0.311539	0.311808	0.206629	0.219064	0.209137	0.162218	0.217865	0.218702	0.195955	0.212392	0.21071	0.200811	0.257418	0.273602	0.225068	0.19662	0.223934	0.213491	0.224362	0.229366	0.219298	0.203203	0.22003	0.203867	0.155596	0.26238	0.251246	0.272726	0.177513	0.184381	0.200407	0.192349	0.190117	0.217254	0.221787	0.179337	0.152051	0.149226	0.156992	0.157032	0.15774	0.170637	0.181893	0.301061	0.326463	0.327052	0.319892	0.325992	0.321258	0.34836	0.386417	0.326559	0.342852	0.334917	0.366323
Bucorvus_abyssinicus	0.299789	0.31804	0.322309	0.369783	0.342169	0.325071	0.351111	0.348873	0.30964	0.339962	0.352177	0.331291	0.347432	0.337813	0.343497	0.338775	0.324009	0.328371	0.345026	0.364903	0.337569	0.348653	0.342813	0.340503	0.358906	0.358096	0.352209	0.332062	0.334821	0.345691	0.337602	0.32392	0.365712	0.354259	0.364332	0.35758	0.35865	0.359974	0.35451	0.343752	0.356381	0.362343	0.3372	0.330098	0.33342	0.335492	0.319955	0.325267	0.321928	0.319078	0.326297	0.3208	0.319351	0.321351	0.319914	0.330346	0.326118	0.324613	0.332893	0.366976	0.365273	0.343721	0.343476	0.319379	0.32284	0.327401	0.320216	0.350838	0.352492	0.323476	0.350936	0.335508	0.325226	0.325307	0.334746	0.331579	0.348617	0.361571	0.352999	0.341876	0.318003	0.330186	0.320977	0.33469	0.31689	0.345119	0.333756	0.331212	0.335752	0.336343	0.331111	0.335753	0.333805	0.331813	0.321811	0.308247	0.31555	0.325553	0.316439	0.344609	0.316395	0.340688	0.319339	0.312071	0.28724	0.294599	0.300413	0.306427	0.306422	0.306501	0.317154	0.293371	0.320309	0.303878	0.318667	0.300772	0.297173	0.304396	0.310924	0.32303	0.327365	0.333815	0.347422	0.322393	0.320019	0.312018	0.298077	0.302569	0.302817	0.288502	0.312302	0.313935	0.311975	0.30316	0.308032	0.319571	0.319931	0.318072	0.310717	0.307372	0.291289	0.316476	0.302418	0.289811	0.30305	0.266786	0.194668	0.236918	0.219696	0.201429	0.183238	0.180813	0.198422	0.192959	0.17814	0.193384	0.212952	0.217591	0.215312	0.210703	0.210305	0.1652	0.176006	0.173852	0.198737	0.191946	0.19638	0.160299	0.167791	0.170098	0.16233	0.171488	0.170258	0.16644	0.146759	0.140446	0.287724	0.289997	0.247204	0.258977	0.237902	0.22185	0.225454	0.148238	0.164755	0.211746	0.220352	0.158193	0.153604	0.189773	0.195187	0.179106	0.244924	0.222343	0.21422	0.218111	0.167665	0.161008	0.176253	0.179368	0.183145	0.215103	0.200093	0.215794	0.224369	0.214698	0.202115	0.241636	0.214808	0.230113	0.321369	0.304011	0.326361	0.309522	0.264343	0.267158	0.112448	0	0.30268	0.326467	0.19097	0.202848	0.187822	0.187831	0.19924	0.199244	0.20047	0.195698	0.194493	0.185884	0.182956	0.215447	0.213462	0.309008	0.203994	0.209201	0.181861	0.246915	0.248525	0.253863	0.253769	0.183714	0.20432	0.207264	0.169026	0.176307	0.172777	0.173117	0.293471	0.345395	0.354056	0.340213	0.378137	0.354063	0.362708	0.365296	0.350384	0.346389	0.309059	0.311426	0.312505	0.319985	0.311794	0.300504	0.247693	0.240966	0.28998	0.292194	0.288768	0.287664	0.35368	0.355156	0.303942	0.312496	0.312765	0.207586	0.220021	0.210094	0.163175	0.218822	0.21966	0.196912	0.213349	0.211668	0.201768	0.258375	0.274559	0.226025	0.197577	0.224891	0.214448	0.225319	0.230323	0.220255	0.204161	0.220987	0.204824	0.156553	0.263337	0.252203	0.273683	0.17847	0.185338	0.201364	0.193306	0.191074	0.218212	0.222744	0.180295	0.153008	0.150183	0.157949	0.157989	0.158697	0.171594	0.18285	0.302019	0.32742	0.328009	0.320849	0.326949	0.322215	0.349317	0.387374	0.327516	0.343809	0.335874	0.36728
Rhinopomastus_cyanomelas	0.417565	0.435816	0.440085	0.487559	0.459945	0.442847	0.468887	0.466649	0.427416	0.457738	0.469953	0.449067	0.465208	0.455589	0.461273	0.456551	0.441786	0.446147	0.462802	0.482679	0.455345	0.466429	0.460589	0.458279	0.476682	0.475872	0.469985	0.449838	0.452597	0.463467	0.455378	0.441696	0.483488	0.472035	0.482108	0.475356	0.476426	0.47775	0.472287	0.461529	0.474157	0.480119	0.454976	0.447874	0.451196	0.453268	0.437731	0.443043	0.439705	0.436854	0.444074	0.438576	0.437127	0.439127	0.43769	0.448122	0.443894	0.442389	0.450669	0.484752	0.483049	0.461497	0.461252	0.437155	0.440616	0.445177	0.437992	0.468614	0.470268	0.441252	0.468712	0.453284	0.443002	0.443083	0.452522	0.449355	0.466393	0.479347	0.470775	0.459653	0.435779	0.447962	0.438753	0.452466	0.434666	0.462895	0.451532	0.448988	0.453528	0.454119	0.448887	0.453529	0.451581	0.449589	0.439587	0.426023	0.433327	0.443329	0.434215	0.462385	0.434171	0.458464	0.437115	0.429847	0.405016	0.412376	0.418189	0.424203	0.424198	0.424277	0.43493	0.411147	0.438085	0.421654	0.436443	0.418548	0.414949	0.422172	0.4287	0.440806	0.445141	0.451591	0.465198	0.44017	0.437795	0.429794	0.415853	0.420346	0.420593	0.406278	0.430078	0.431711	0.429751	0.420936	0.425808	0.437347	0.437707	0.435848	0.428493	0.425148	0.409065	0.434252	0.420194	0.407587	0.420826	0.384562	0.312444	0.354694	0.337472	0.319205	0.301014	0.298589	0.316198	0.310735	0.295916	0.31116	0.330728	0.335367	0.333088	0.328479	0.328081	0.282976	0.293782	0.291628	0.316513	0.309722	0.314156	0.278075	0.285567	0.287874	0.280106	0.289264	0.288034	0.284216	0.264536	0.258222	0.4055	0.407773	0.36498	0.376753	0.355678	0.339627	0.34323	0.266014	0.282531	0.329522	0.338128	0.275969	0.27138	0.307549	0.312963	0.296882	0.3627	0.340119	0.331997	0.335888	0.285441	0.278784	0.294029	0.297144	0.300921	0.332879	0.317869	0.33357	0.342146	0.332474	0.319891	0.359412	0.332585	0.347889	0.439145	0.421787	0.444137	0.427298	0.382119	0.384934	0.301723	0.30268	0	0.237677	0.308746	0.320624	0.305598	0.305607	0.317016	0.31702	0.318246	0.313474	0.312269	0.30366	0.300732	0.333223	0.331238	0.426784	0.32177	0.326977	0.299637	0.364691	0.366301	0.371639	0.371545	0.30149	0.322096	0.32504	0.286802	0.294083	0.290553	0.290893	0.411247	0.463171	0.471832	0.457989	0.495913	0.47184	0.480484	0.483072	0.46816	0.464165	0.426835	0.429202	0.430281	0.437761	0.42957	0.41828	0.365469	0.358742	0.407756	0.40997	0.406544	0.40544	0.471456	0.472932	0.421718	0.430273	0.430542	0.325362	0.337797	0.32787	0.280952	0.336598	0.337436	0.314688	0.331125	0.329444	0.319544	0.376151	0.392335	0.343801	0.315353	0.342667	0.332224	0.343095	0.348099	0.338031	0.321937	0.338763	0.3226	0.274329	0.381113	0.369979	0.391459	0.296246	0.303114	0.31914	0.311082	0.30885	0.335988	0.34052	0.298071	0.270785	0.267959	0.275725	0.275765	0.276473	0.28937	0.300626	0.419795	0.445196	0.445785	0.438625	0.444725	0.439991	0.467093	0.50515	0.445292	0.461585	0.45365	0.485056
Upupa_epops	0.441352	0.459603	0.463872	0.511346	0.483733	0.466634	0.492675	0.490436	0.451203	0.481526	0.49374	0.472854	0.488995	0.479377	0.485061	0.480338	0.465573	0.469935	0.48659	0.506466	0.479133	0.490217	0.484377	0.482066	0.500469	0.49966	0.493773	0.473626	0.476384	0.487254	0.479165	0.465484	0.507275	0.495822	0.505895	0.499144	0.500213	0.501538	0.496074	0.485316	0.497944	0.503907	0.478764	0.471661	0.474983	0.477055	0.461518	0.466831	0.463492	0.460641	0.467861	0.462364	0.460915	0.462915	0.461477	0.471909	0.467682	0.466176	0.474456	0.508539	0.506836	0.485284	0.48504	0.460942	0.464404	0.468965	0.461779	0.492402	0.494055	0.465039	0.492499	0.477072	0.466789	0.46687	0.47631	0.473143	0.490181	0.503135	0.494562	0.48344	0.459566	0.47175	0.46254	0.476254	0.458454	0.486683	0.475319	0.472775	0.477315	0.477907	0.472674	0.477316	0.475369	0.473377	0.463374	0.44981	0.457114	0.467117	0.458002	0.486172	0.457958	0.482252	0.460903	0.453634	0.428803	0.436163	0.441976	0.44799	0.447986	0.448064	0.458717	0.434934	0.461872	0.445441	0.46023	0.442335	0.438736	0.445959	0.452488	0.464593	0.468928	0.475378	0.488985	0.463957	0.461583	0.453582	0.43964	0.444133	0.444381	0.430065	0.453866	0.455499	0.453539	0.444723	0.449596	0.461135	0.461495	0.459635	0.452281	0.448935	0.432852	0.458039	0.443982	0.431375	0.444614	0.408349	0.336232	0.378481	0.361259	0.342992	0.324802	0.322376	0.339986	0.334523	0.319704	0.334947	0.354515	0.359154	0.356876	0.352267	0.351868	0.306763	0.317569	0.315416	0.3403	0.33351	0.337944	0.301862	0.309354	0.311662	0.303893	0.313051	0.311821	0.308003	0.288323	0.28201	0.429287	0.431561	0.388768	0.40054	0.379465	0.363414	0.367017	0.289802	0.306319	0.35331	0.361916	0.299757	0.295168	0.331336	0.33675	0.320669	0.386487	0.363907	0.355784	0.359675	0.309228	0.302571	0.317817	0.320932	0.324708	0.356666	0.341656	0.357357	0.365933	0.356262	0.343678	0.383199	0.356372	0.371677	0.462933	0.445574	0.467924	0.451086	0.405906	0.408721	0.32551	0.326467	0.237677	0	0.332534	0.344411	0.329385	0.329395	0.340803	0.340807	0.342033	0.337261	0.336057	0.327448	0.324519	0.357011	0.355025	0.450572	0.345558	0.350764	0.323424	0.388478	0.390088	0.395427	0.395332	0.325278	0.345883	0.348828	0.31059	0.317871	0.31434	0.31468	0.435034	0.486959	0.49562	0.481777	0.5197	0.495627	0.504271	0.50686	0.491947	0.487953	0.450622	0.452989	0.454068	0.461548	0.453357	0.442067	0.389257	0.382529	0.431544	0.433757	0.430331	0.429227	0.495243	0.49672	0.445506	0.45406	0.454329	0.349149	0.361585	0.351658	0.304739	0.360385	0.361223	0.338475	0.354912	0.353231	0.343332	0.399938	0.416123	0.367589	0.339141	0.366454	0.356012	0.366883	0.371886	0.361819	0.345724	0.36255	0.346388	0.298117	0.404901	0.393766	0.415246	0.320034	0.326902	0.342928	0.334869	0.332638	0.359775	0.364307	0.321858	0.294572	0.291747	0.299513	0.299552	0.30026	0.313157	0.324413	0.443582	0.468983	0.469572	0.462412	0.468513	0.463778	0.490881	0.528938	0.469079	0.485373	0.477437	0.508844
Alca_torda	0.267675	0.285926	0.290195	0.337669	0.310056	0.292957	0.318997	0.316759	0.277526	0.307849	0.320063	0.299177	0.315318	0.3057	0.311384	0.306661	0.291896	0.296258	0.312913	0.332789	0.305456	0.31654	0.3107	0.308389	0.326792	0.325983	0.320095	0.299949	0.302707	0.313577	0.305488	0.291807	0.333598	0.322145	0.332218	0.325466	0.326536	0.32786	0.322397	0.311639	0.324267	0.33023	0.305087	0.297984	0.301306	0.303378	0.287841	0.293154	0.289815	0.286964	0.294184	0.288686	0.287238	0.289238	0.2878	0.298232	0.294005	0.292499	0.300779	0.334862	0.333159	0.311607	0.311363	0.287265	0.290727	0.295288	0.288102	0.318725	0.320378	0.291362	0.318822	0.303395	0.293112	0.293193	0.302633	0.299465	0.316503	0.329458	0.320885	0.309763	0.285889	0.298073	0.288863	0.302577	0.284777	0.313006	0.301642	0.299098	0.303638	0.30423	0.298997	0.303639	0.301692	0.2997	0.289697	0.276133	0.283437	0.29344	0.284325	0.312495	0.284281	0.308575	0.287225	0.279957	0.255126	0.262486	0.268299	0.274313	0.274308	0.274387	0.28504	0.261257	0.288195	0.271764	0.286553	0.268658	0.265059	0.272282	0.278811	0.290916	0.295251	0.301701	0.315308	0.29028	0.287906	0.279904	0.265963	0.270456	0.270703	0.256388	0.280189	0.281822	0.279862	0.271046	0.275918	0.287457	0.287817	0.285958	0.278604	0.275258	0.259175	0.284362	0.270305	0.257698	0.270937	0.234672	0.17584	0.218089	0.200867	0.1826	0.164409	0.161984	0.179593	0.17413	0.159312	0.174555	0.194123	0.198762	0.196483	0.191874	0.191476	0.146371	0.157177	0.155023	0.179908	0.173118	0.177552	0.14147	0.148962	0.151269	0.143501	0.152659	0.151429	0.147611	0.127931	0.121617	0.268895	0.271169	0.228375	0.240148	0.219073	0.203022	0.206625	0.129409	0.145926	0.192917	0.201523	0.139365	0.134776	0.175294	0.180708	0.164627	0.230445	0.207865	0.199742	0.203633	0.153186	0.146529	0.161775	0.16489	0.168666	0.20315	0.18814	0.203841	0.212417	0.202745	0.190162	0.229683	0.202856	0.21816	0.309416	0.292058	0.314408	0.29757	0.25239	0.255205	0.190013	0.19097	0.308746	0.332534	0	0.0403008	0.0291757	0.0291854	0.068784	0.0687881	0.0700144	0.0652422	0.0640376	0.0554288	0.0709548	0.103446	0.101461	0.217589	0.125519	0.130726	0.103386	0.16844	0.17005	0.175389	0.175294	0.131311	0.151916	0.154861	0.116623	0.123904	0.120373	0.120713	0.25531	0.307235	0.315896	0.302053	0.339977	0.315903	0.324548	0.327136	0.312223	0.308229	0.270898	0.273266	0.274345	0.281825	0.273634	0.262344	0.209533	0.202806	0.25182	0.254034	0.250608	0.249504	0.31552	0.316996	0.265782	0.274336	0.274605	0.169426	0.181861	0.171934	0.126641	0.184342	0.187546	0.164798	0.181235	0.179554	0.169654	0.226261	0.242445	0.193912	0.165463	0.192777	0.182335	0.193206	0.198209	0.188141	0.172047	0.188873	0.17271	0.12444	0.231224	0.220089	0.241569	0.146356	0.153224	0.169251	0.161192	0.15896	0.186098	0.19063	0.148181	0.120895	0.11807	0.125835	0.125875	0.126583	0.13948	0.150736	0.269905	0.295306	0.295895	0.288735	0.294836	0.290101	0.317204	0.35526	0.295402	0.311696	0.30376	0.335167
Cepphus_grylle	0.279553	0.297804	0.302073	0.349547	0.321933	0.304835	0.330875	0.328637	0.289404	0.319726	0.331941	0.311055	0.327196	0.317577	0.323261	0.318539	0.303774	0.308135	0.32479	0.344667	0.317333	0.328417	0.322577	0.320267	0.33867	0.33786	0.331973	0.311826	0.314585	0.325455	0.317366	0.303684	0.345476	0.334023	0.344096	0.337344	0.338414	0.339738	0.334275	0.323517	0.336145	0.342107	0.316964	0.309862	0.313184	0.315256	0.299719	0.305031	0.301693	0.298842	0.306062	0.300564	0.299115	0.301115	0.299678	0.31011	0.305882	0.304377	0.312657	0.34674	0.345037	0.323485	0.32324	0.299143	0.302604	0.307165	0.29998	0.330602	0.332256	0.30324	0.3307	0.315272	0.30499	0.305071	0.31451	0.311343	0.328381	0.341335	0.332763	0.32164	0.297767	0.30995	0.300741	0.314454	0.296654	0.324883	0.31352	0.310976	0.315516	0.316107	0.310875	0.315517	0.313569	0.311577	0.301575	0.288011	0.295315	0.305317	0.296203	0.324373	0.296159	0.320452	0.299103	0.291835	0.267004	0.274364	0.280177	0.286191	0.286186	0.286265	0.296918	0.273135	0.300073	0.283642	0.298431	0.280536	0.276937	0.28416	0.290688	0.302794	0.307129	0.313579	0.327186	0.302158	0.299783	0.291782	0.277841	0.282334	0.282581	0.268266	0.292066	0.293699	0.291739	0.282924	0.287796	0.299335	0.299695	0.297836	0.290481	0.287136	0.271053	0.29624	0.282182	0.269575	0.282814	0.24655	0.187717	0.229967	0.212745	0.194478	0.176287	0.173862	0.191471	0.186008	0.171189	0.186433	0.206001	0.21064	0.208361	0.203752	0.203354	0.158249	0.169055	0.166901	0.191786	0.184995	0.189429	0.153348	0.16084	0.163147	0.155379	0.164537	0.163307	0.159489	0.139808	0.133495	0.280773	0.283046	0.240253	0.252026	0.230951	0.214899	0.218503	0.141287	0.157804	0.204795	0.213401	0.151242	0.146653	0.187172	0.192586	0.176505	0.242323	0.219743	0.21162	0.215511	0.165064	0.158407	0.173653	0.176768	0.180544	0.215028	0.200018	0.215718	0.224294	0.214623	0.20204	0.241561	0.214733	0.230038	0.321294	0.303936	0.326285	0.309447	0.264268	0.267083	0.201891	0.202848	0.320624	0.344411	0.0403008	0	0.0410534	0.0410631	0.0806618	0.0806659	0.0818921	0.0771199	0.0759153	0.0673065	0.0828326	0.115324	0.113338	0.229467	0.137397	0.142604	0.115264	0.180318	0.181928	0.187266	0.187172	0.143189	0.163794	0.166739	0.1285	0.135782	0.132251	0.132591	0.267188	0.319113	0.327774	0.313931	0.351855	0.327781	0.336425	0.339014	0.324101	0.320107	0.282776	0.285143	0.286223	0.293703	0.285511	0.274221	0.221411	0.214684	0.263698	0.265912	0.262485	0.261381	0.327397	0.328874	0.27766	0.286214	0.286483	0.181304	0.193739	0.183812	0.138519	0.19622	0.199424	0.176676	0.193113	0.191432	0.181532	0.238139	0.254323	0.205789	0.177341	0.204655	0.194212	0.205083	0.210087	0.200019	0.183925	0.200751	0.184588	0.136317	0.243101	0.231967	0.253447	0.158234	0.165102	0.181128	0.17307	0.170838	0.197976	0.202508	0.160059	0.132773	0.129947	0.137713	0.137753	0.138461	0.151358	0.162614	0.281783	0.307184	0.307773	0.300613	0.306713	0.301979	0.329081	0.367138	0.30728	0.323573	0.315638	0.347044
Uria_aalge	0.264527	0.282778	0.287047	0.334521	0.306907	0.289809	0.315849	0.313611	0.274378	0.3047	0.316914	0.296029	0.31217	0.302551	0.308235	0.303512	0.288747	0.293109	0.309764	0.32964	0.302307	0.313391	0.307551	0.30524	0.323643	0.322834	0.316947	0.2968	0.299558	0.310428	0.302339	0.288658	0.330449	0.318996	0.32907	0.322318	0.323388	0.324712	0.319248	0.30849	0.321119	0.327081	0.301938	0.294835	0.298157	0.30023	0.284692	0.290005	0.286666	0.283816	0.291035	0.285538	0.284089	0.286089	0.284651	0.295084	0.290856	0.289351	0.297631	0.331714	0.330011	0.308458	0.308214	0.284117	0.287578	0.292139	0.284954	0.315576	0.31723	0.288214	0.315674	0.300246	0.289963	0.290045	0.299484	0.296317	0.313355	0.326309	0.317736	0.306614	0.282741	0.294924	0.285714	0.299428	0.281628	0.309857	0.298493	0.29595	0.30049	0.301081	0.295849	0.300491	0.298543	0.296551	0.286548	0.272984	0.280288	0.290291	0.281177	0.309346	0.281133	0.305426	0.284077	0.276808	0.251978	0.259337	0.265151	0.271165	0.27116	0.271238	0.281892	0.258109	0.285046	0.268616	0.283404	0.265509	0.261911	0.269134	0.275662	0.287768	0.292103	0.298553	0.31216	0.287131	0.284757	0.276756	0.262814	0.267307	0.267555	0.253239	0.27704	0.278673	0.276713	0.267898	0.27277	0.284309	0.284669	0.282809	0.275455	0.272109	0.256027	0.281214	0.267156	0.254549	0.267788	0.231523	0.172691	0.21494	0.197718	0.179451	0.161261	0.158835	0.176445	0.170982	0.156163	0.171406	0.190975	0.195614	0.193335	0.188726	0.188327	0.143223	0.154029	0.151875	0.176759	0.169969	0.174403	0.138321	0.145813	0.148121	0.140352	0.14951	0.14828	0.144463	0.124782	0.118469	0.265746	0.26802	0.225227	0.237	0.215924	0.199873	0.203476	0.126261	0.142778	0.189769	0.198375	0.136216	0.131627	0.172146	0.17756	0.161479	0.227296	0.204716	0.196593	0.200484	0.150038	0.143381	0.158626	0.161741	0.165518	0.200001	0.184991	0.200692	0.209268	0.199597	0.187013	0.226534	0.199707	0.215012	0.306268	0.28891	0.311259	0.294421	0.249241	0.252056	0.186865	0.187822	0.305598	0.329385	0.0291757	0.0410534	0	0.0131271	0.0656355	0.0656396	0.0668658	0.0620936	0.060889	0.0522802	0.0678063	0.100298	0.098312	0.214441	0.122371	0.127577	0.100237	0.165292	0.166901	0.17224	0.172145	0.128162	0.148768	0.151712	0.113474	0.120755	0.117225	0.117565	0.252162	0.304087	0.312748	0.298905	0.336828	0.312755	0.321399	0.323988	0.309075	0.305081	0.26775	0.270117	0.271196	0.278676	0.270485	0.259195	0.206384	0.199657	0.248672	0.250885	0.247459	0.246355	0.312371	0.313848	0.262633	0.271188	0.271457	0.166277	0.178713	0.168786	0.123493	0.181193	0.184397	0.16165	0.178087	0.176405	0.166506	0.223113	0.239297	0.190763	0.162315	0.189629	0.179186	0.190057	0.195061	0.184993	0.168898	0.185725	0.169562	0.121291	0.228075	0.216941	0.238421	0.143208	0.150076	0.166102	0.158044	0.155812	0.182949	0.187481	0.145032	0.117746	0.114921	0.122687	0.122727	0.123435	0.136331	0.147588	0.266756	0.292157	0.292747	0.285586	0.291687	0.286953	0.314055	0.352112	0.292253	0.308547	0.300612	0.332018
Uria_lomvia	0.264536	0.282787	0.287056	0.334531	0.306917	0.289818	0.315859	0.31362	0.274387	0.30471	0.316924	0.296038	0.31218	0.302561	0.308245	0.303522	0.288757	0.293119	0.309774	0.32965	0.302317	0.313401	0.307561	0.30525	0.323653	0.322844	0.316957	0.29681	0.299568	0.310438	0.302349	0.288668	0.330459	0.319006	0.329079	0.322328	0.323397	0.324722	0.319258	0.3085	0.321128	0.327091	0.301948	0.294845	0.298167	0.300239	0.284702	0.290015	0.286676	0.283825	0.291045	0.285548	0.284099	0.286099	0.284661	0.295093	0.290866	0.28936	0.29764	0.331723	0.33002	0.308468	0.308224	0.284126	0.287588	0.292149	0.284963	0.315586	0.317239	0.288223	0.315683	0.300256	0.289973	0.290054	0.299494	0.296327	0.313365	0.326319	0.317746	0.306624	0.28275	0.294934	0.285724	0.299438	0.281638	0.309867	0.298503	0.295959	0.300499	0.301091	0.295858	0.300501	0.298553	0.296561	0.286558	0.272994	0.280298	0.290301	0.281186	0.309356	0.281142	0.305436	0.284087	0.276818	0.251987	0.259347	0.26516	0.271174	0.27117	0.271248	0.281901	0.258118	0.285056	0.268625	0.283414	0.265519	0.26192	0.269143	0.275672	0.287777	0.292112	0.298562	0.312169	0.287141	0.284767	0.276766	0.262824	0.267317	0.267565	0.253249	0.27705	0.278683	0.276723	0.267907	0.27278	0.284319	0.284679	0.282819	0.275465	0.272119	0.256036	0.281223	0.267166	0.254559	0.267798	0.231533	0.172701	0.21495	0.197728	0.179461	0.16127	0.158845	0.176455	0.170992	0.156173	0.171416	0.190984	0.195623	0.193345	0.188736	0.188337	0.143232	0.154038	0.151885	0.176769	0.169979	0.174413	0.138331	0.145823	0.148131	0.140362	0.14952	0.14829	0.144472	0.124792	0.118479	0.265756	0.26803	0.225237	0.237009	0.215934	0.199883	0.203486	0.12627	0.142788	0.189778	0.198384	0.136226	0.131637	0.172155	0.177569	0.161488	0.227306	0.204726	0.196603	0.200494	0.150048	0.14339	0.158636	0.161751	0.165527	0.200011	0.185001	0.200702	0.209278	0.199607	0.187023	0.226544	0.199717	0.215021	0.306277	0.288919	0.311269	0.294431	0.249251	0.252066	0.186874	0.187831	0.305607	0.329395	0.0291854	0.0410631	0.0131271	0	0.0656452	0.0656493	0.0668755	0.0621033	0.0608987	0.0522899	0.067816	0.100307	0.0983217	0.214451	0.122381	0.127587	0.100247	0.165301	0.166911	0.17225	0.172155	0.128172	0.148777	0.151722	0.113484	0.120765	0.117234	0.117574	0.252172	0.304096	0.312757	0.298914	0.336838	0.312765	0.321409	0.323997	0.309085	0.30509	0.26776	0.270127	0.271206	0.278686	0.270495	0.259205	0.206394	0.199667	0.248681	0.250895	0.247469	0.246365	0.312381	0.313857	0.262643	0.271198	0.271467	0.166287	0.178722	0.168795	0.123502	0.181203	0.184407	0.16166	0.178096	0.176415	0.166516	0.223122	0.239307	0.190773	0.162325	0.189638	0.179196	0.190067	0.19507	0.185003	0.168908	0.185734	0.169572	0.121301	0.228085	0.21695	0.23843	0.143218	0.150086	0.166112	0.158054	0.155822	0.182959	0.187491	0.145042	0.117756	0.114931	0.122697	0.122736	0.123444	0.136341	0.147597	0.266766	0.292167	0.292756	0.285596	0.291697	0.286962	0.314065	0.352122	0.292263	0.308557	0.300621	0.332028
Chroicocephalus_maculipennis	0.275945	0.294195	0.298464	0.345939	0.318325	0.301227	0.327267	0.325029	0.285795	0.316118	0.328332	0.307446	0.323588	0.313969	0.319653	0.31493	0.300165	0.304527	0.321182	0.341058	0.313725	0.324809	0.318969	0.316658	0.335061	0.334252	0.328365	0.308218	0.310976	0.321846	0.313757	0.300076	0.341867	0.330414	0.340488	0.333736	0.334805	0.33613	0.330666	0.319908	0.332536	0.338499	0.313356	0.306253	0.309575	0.311648	0.29611	0.301423	0.298084	0.295233	0.302453	0.296956	0.295507	0.297507	0.296069	0.306501	0.302274	0.300768	0.309048	0.343132	0.341429	0.319876	0.319632	0.295535	0.298996	0.303557	0.296372	0.326994	0.328647	0.299631	0.327091	0.311664	0.301381	0.301462	0.310902	0.307735	0.324773	0.337727	0.329154	0.318032	0.294158	0.306342	0.297132	0.310846	0.293046	0.321275	0.309911	0.307368	0.311908	0.312499	0.307266	0.311909	0.309961	0.307969	0.297966	0.284402	0.291706	0.301709	0.292595	0.320764	0.292551	0.316844	0.295495	0.288226	0.263395	0.270755	0.276569	0.282583	0.282578	0.282656	0.29331	0.269526	0.296464	0.280034	0.294822	0.276927	0.273328	0.280552	0.28708	0.299185	0.30352	0.30997	0.323578	0.298549	0.296175	0.288174	0.274232	0.278725	0.278973	0.264657	0.288458	0.290091	0.288131	0.279316	0.284188	0.295727	0.296087	0.294227	0.286873	0.283527	0.267445	0.292632	0.278574	0.265967	0.279206	0.242941	0.184109	0.226358	0.209136	0.190869	0.172679	0.170253	0.187863	0.1824	0.167581	0.182824	0.202393	0.207031	0.204753	0.200144	0.199745	0.154641	0.165446	0.163293	0.188177	0.181387	0.185821	0.149739	0.157231	0.159539	0.15177	0.160928	0.159698	0.15588	0.1362	0.129887	0.277164	0.279438	0.236645	0.248418	0.227342	0.211291	0.214894	0.137679	0.154196	0.201187	0.209793	0.147634	0.143045	0.183564	0.188978	0.172897	0.238714	0.216134	0.208011	0.211902	0.161456	0.154799	0.170044	0.173159	0.176935	0.211419	0.196409	0.21211	0.220686	0.211015	0.198431	0.237952	0.211125	0.22643	0.317686	0.300327	0.322677	0.305839	0.260659	0.263474	0.198282	0.19924	0.317016	0.340803	0.068784	0.0806618	0.0656355	0.0656452	0	0.0044345	0.00774765	0.0510409	0.0593515	0.0608338	0.0792241	0.111715	0.10973	0.225859	0.133789	0.138995	0.111655	0.176709	0.178319	0.183658	0.183563	0.13958	0.160185	0.16313	0.124892	0.132173	0.128642	0.128982	0.26358	0.315504	0.324165	0.310322	0.348246	0.324173	0.332817	0.335405	0.320493	0.316498	0.279168	0.281535	0.282614	0.290094	0.281903	0.270613	0.217802	0.211075	0.260089	0.262303	0.258877	0.257773	0.323789	0.325265	0.274051	0.282606	0.282875	0.177695	0.190131	0.180203	0.13491	0.192611	0.195815	0.173068	0.189504	0.187823	0.177924	0.23453	0.250715	0.202181	0.173733	0.201046	0.190604	0.201475	0.206478	0.196411	0.180316	0.197143	0.18098	0.132709	0.239493	0.228359	0.249838	0.154626	0.161494	0.17752	0.169462	0.16723	0.194367	0.198899	0.15645	0.129164	0.126339	0.134105	0.134144	0.134852	0.147749	0.159005	0.278174	0.303575	0.304165	0.297004	0.303105	0.29837	0.325473	0.36353	0.303671	0.319965	0.312029	0.343436
Rissa_tridactyla	0.275949	0.2942	0.298469	0.345943	0.318329	0.301231	0.327271	0.325033	0.2858	0.316122	0.328336	0.307451	0.323592	0.313973	0.319657	0.314934	0.300169	0.304531	0.321186	0.341062	0.313729	0.324813	0.318973	0.316662	0.335065	0.334256	0.328369	0.308222	0.31098	0.32185	0.313761	0.30008	0.341871	0.330418	0.340492	0.33374	0.33481	0.336134	0.33067	0.319912	0.332541	0.338503	0.31336	0.306257	0.309579	0.311652	0.296114	0.301427	0.298088	0.295238	0.302457	0.29696	0.295511	0.297511	0.296073	0.306506	0.302278	0.300773	0.309052	0.343136	0.341433	0.31988	0.319636	0.295539	0.299	0.303561	0.296376	0.326998	0.328652	0.299636	0.327096	0.311668	0.301385	0.301466	0.310906	0.307739	0.324777	0.337731	0.329158	0.318036	0.294162	0.306346	0.297136	0.31085	0.29305	0.321279	0.309915	0.307372	0.311912	0.312503	0.30727	0.311913	0.309965	0.307973	0.29797	0.284406	0.29171	0.301713	0.292599	0.320768	0.292555	0.316848	0.295499	0.28823	0.2634	0.270759	0.276573	0.282587	0.282582	0.28266	0.293314	0.269531	0.296468	0.280038	0.294826	0.276931	0.273332	0.280556	0.287084	0.29919	0.303525	0.309974	0.323582	0.298553	0.296179	0.288178	0.274236	0.278729	0.278977	0.264661	0.288462	0.290095	0.288135	0.27932	0.284192	0.295731	0.296091	0.294231	0.286877	0.283531	0.267449	0.292636	0.278578	0.265971	0.27921	0.242945	0.184113	0.226362	0.20914	0.190873	0.172683	0.170257	0.187867	0.182404	0.167585	0.182828	0.202397	0.207035	0.204757	0.200148	0.199749	0.154645	0.165451	0.163297	0.188181	0.181391	0.185825	0.149743	0.157235	0.159543	0.151774	0.160932	0.159702	0.155885	0.136204	0.129891	0.277168	0.279442	0.236649	0.248422	0.227346	0.211295	0.214898	0.137683	0.1542	0.201191	0.209797	0.147638	0.143049	0.183568	0.188982	0.172901	0.238718	0.216138	0.208015	0.211906	0.16146	0.154803	0.170048	0.173163	0.17694	0.211423	0.196413	0.212114	0.22069	0.211019	0.198435	0.237956	0.211129	0.226434	0.31769	0.300332	0.322681	0.305843	0.260663	0.263478	0.198287	0.199244	0.31702	0.340807	0.0687881	0.0806659	0.0656396	0.0656493	0.0044345	0	0.00775177	0.051045	0.0593556	0.0608379	0.0792282	0.111719	0.109734	0.225863	0.133793	0.138999	0.111659	0.176714	0.178323	0.183662	0.183567	0.139584	0.160189	0.163134	0.124896	0.132177	0.128647	0.128987	0.263584	0.315509	0.32417	0.310327	0.34825	0.324177	0.332821	0.335409	0.320497	0.316502	0.279172	0.281539	0.282618	0.290098	0.281907	0.270617	0.217806	0.211079	0.260094	0.262307	0.258881	0.257777	0.323793	0.32527	0.274055	0.28261	0.282879	0.177699	0.190135	0.180208	0.134915	0.192615	0.195819	0.173072	0.189508	0.187827	0.177928	0.234535	0.250719	0.202185	0.173737	0.201051	0.190608	0.201479	0.206483	0.196415	0.18032	0.197147	0.180984	0.132713	0.239497	0.228363	0.249842	0.15463	0.161498	0.177524	0.169466	0.167234	0.194371	0.198903	0.156454	0.129168	0.126343	0.134109	0.134149	0.134857	0.147753	0.159009	0.278178	0.303579	0.304169	0.297008	0.303109	0.298374	0.325477	0.363534	0.303675	0.319969	0.312033	0.34344
Larus_smithsonianus	0.277175	0.295426	0.299695	0.347169	0.319555	0.302457	0.328497	0.326259	0.287026	0.317348	0.329563	0.308677	0.324818	0.315199	0.320883	0.31616	0.301395	0.305757	0.322412	0.342289	0.314955	0.326039	0.320199	0.317888	0.336292	0.335482	0.329595	0.309448	0.312207	0.323077	0.314987	0.301306	0.343097	0.331645	0.341718	0.334966	0.336036	0.33736	0.331896	0.321138	0.333767	0.339729	0.314586	0.307483	0.310806	0.312878	0.297341	0.302653	0.299314	0.296464	0.303683	0.298186	0.296737	0.298737	0.2973	0.307732	0.303504	0.301999	0.310279	0.344362	0.342659	0.321107	0.320862	0.296765	0.300226	0.304787	0.297602	0.328224	0.329878	0.300862	0.328322	0.312894	0.302612	0.302693	0.312132	0.308965	0.326003	0.338957	0.330385	0.319262	0.295389	0.307572	0.298362	0.312076	0.294276	0.322505	0.311141	0.308598	0.313138	0.313729	0.308497	0.313139	0.311191	0.309199	0.299196	0.285633	0.292936	0.302939	0.293825	0.321995	0.293781	0.318074	0.296725	0.289457	0.264626	0.271985	0.277799	0.283813	0.283808	0.283887	0.29454	0.270757	0.297695	0.281264	0.296052	0.278158	0.274559	0.281782	0.28831	0.300416	0.304751	0.311201	0.324808	0.299779	0.297405	0.289404	0.275462	0.279955	0.280203	0.265888	0.289688	0.291321	0.289361	0.280546	0.285418	0.296957	0.297317	0.295458	0.288103	0.284758	0.268675	0.293862	0.279804	0.267197	0.280436	0.244171	0.185339	0.227588	0.210366	0.192099	0.173909	0.171484	0.189093	0.18363	0.168811	0.184055	0.203623	0.208262	0.205983	0.201374	0.200975	0.155871	0.166677	0.164523	0.189408	0.182617	0.187051	0.150969	0.158462	0.160769	0.153001	0.162159	0.160929	0.157111	0.13743	0.131117	0.278395	0.280668	0.237875	0.249648	0.228573	0.212521	0.216125	0.138909	0.155426	0.202417	0.211023	0.148864	0.144275	0.184794	0.190208	0.174127	0.239945	0.217364	0.209242	0.213133	0.162686	0.156029	0.171274	0.174389	0.178166	0.21265	0.19764	0.21334	0.221916	0.212245	0.199662	0.239182	0.212355	0.22766	0.318916	0.301558	0.323907	0.307069	0.26189	0.264705	0.199513	0.20047	0.318246	0.342033	0.0700144	0.0818921	0.0668658	0.0668755	0.00774765	0.00775177	0	0.0522712	0.0605819	0.0620641	0.0804544	0.112946	0.11096	0.227089	0.135019	0.140225	0.112885	0.17794	0.17955	0.184888	0.184793	0.14081	0.161416	0.16436	0.126122	0.133403	0.129873	0.130213	0.26481	0.316735	0.325396	0.311553	0.349477	0.325403	0.334047	0.336636	0.321723	0.317729	0.280398	0.282765	0.283845	0.291324	0.283133	0.271843	0.219033	0.212305	0.26132	0.263534	0.260107	0.259003	0.325019	0.326496	0.275282	0.283836	0.284105	0.178926	0.191361	0.181434	0.136141	0.193841	0.197045	0.174298	0.190735	0.189053	0.179154	0.235761	0.251945	0.203411	0.174963	0.202277	0.191834	0.202705	0.207709	0.197641	0.181546	0.198373	0.18221	0.133939	0.240723	0.229589	0.251069	0.155856	0.162724	0.17875	0.170692	0.16846	0.195597	0.20013	0.15768	0.130394	0.127569	0.135335	0.135375	0.136083	0.14898	0.160236	0.279404	0.304806	0.305395	0.298235	0.304335	0.299601	0.326703	0.36476	0.304902	0.321195	0.31326	0.344666
Phaetusa_simplex	0.272403	0.290654	0.294923	0.342397	0.314783	0.297685	0.323725	0.321487	0.282254	0.312576	0.32479	0.303905	0.320046	0.310427	0.316111	0.311388	0.296623	0.300985	0.31764	0.337516	0.310183	0.321267	0.315427	0.313116	0.331519	0.33071	0.324823	0.304676	0.307434	0.318304	0.310215	0.296534	0.338325	0.326872	0.336946	0.330194	0.331264	0.332588	0.327124	0.316366	0.328995	0.334957	0.309814	0.302711	0.306033	0.308106	0.292568	0.297881	0.294542	0.291692	0.298911	0.293414	0.291965	0.293965	0.292527	0.30296	0.298732	0.297227	0.305507	0.33959	0.337887	0.316334	0.31609	0.291993	0.295454	0.300015	0.29283	0.323452	0.325106	0.29609	0.32355	0.308122	0.297839	0.29792	0.30736	0.304193	0.321231	0.334185	0.325612	0.31449	0.290617	0.3028	0.29359	0.307304	0.289504	0.317733	0.306369	0.303826	0.308366	0.308957	0.303724	0.308367	0.306419	0.304427	0.294424	0.28086	0.288164	0.298167	0.289053	0.317222	0.289009	0.313302	0.291953	0.284684	0.259854	0.267213	0.273027	0.279041	0.279036	0.279114	0.289768	0.265985	0.292922	0.276492	0.29128	0.273385	0.269787	0.27701	0.283538	0.295644	0.299979	0.306428	0.320036	0.295007	0.292633	0.284632	0.27069	0.275183	0.275431	0.261115	0.284916	0.286549	0.284589	0.275774	0.280646	0.292185	0.292545	0.290685	0.283331	0.279985	0.263903	0.28909	0.275032	0.262425	0.275664	0.239399	0.180567	0.222816	0.205594	0.187327	0.169137	0.166711	0.184321	0.178858	0.164039	0.179282	0.198851	0.20349	0.201211	0.196602	0.196203	0.151099	0.161905	0.159751	0.184635	0.177845	0.182279	0.146197	0.153689	0.155997	0.148228	0.157386	0.156156	0.152339	0.132658	0.126345	0.273622	0.275896	0.233103	0.244876	0.2238	0.207749	0.211352	0.134137	0.150654	0.197645	0.206251	0.144092	0.139503	0.180022	0.185436	0.169355	0.235172	0.212592	0.204469	0.20836	0.157914	0.151257	0.166502	0.169617	0.173394	0.207877	0.192867	0.208568	0.217144	0.207473	0.194889	0.23441	0.207583	0.222888	0.314144	0.296786	0.319135	0.302297	0.257117	0.259932	0.194741	0.195698	0.313474	0.337261	0.0652422	0.0771199	0.0620936	0.0621033	0.0510409	0.051045	0.0522712	0	0.0558097	0.0572919	0.0756822	0.108173	0.106188	0.222317	0.130247	0.135453	0.108113	0.173168	0.174777	0.180116	0.180021	0.136038	0.156644	0.159588	0.12135	0.128631	0.125101	0.125441	0.260038	0.311963	0.320624	0.306781	0.344704	0.320631	0.329275	0.331864	0.316951	0.312956	0.275626	0.277993	0.279072	0.286552	0.278361	0.267071	0.21426	0.207533	0.256548	0.258761	0.255335	0.254231	0.320247	0.321724	0.270509	0.279064	0.279333	0.174153	0.186589	0.176662	0.131369	0.189069	0.192273	0.169526	0.185962	0.184281	0.174382	0.230989	0.247173	0.198639	0.170191	0.197505	0.187062	0.197933	0.202937	0.192869	0.176774	0.193601	0.177438	0.129167	0.235951	0.224817	0.246296	0.151084	0.157952	0.173978	0.16592	0.163688	0.190825	0.195357	0.152908	0.125622	0.122797	0.130563	0.130603	0.131311	0.144207	0.155463	0.274632	0.300033	0.300623	0.293462	0.299563	0.294829	0.321931	0.359988	0.300129	0.316423	0.308487	0.339894
Rynchops_niger	0.271198	0.289449	0.293718	0.341192	0.313578	0.29648	0.32252	0.320282	0.281049	0.311371	0.323586	0.3027	0.318841	0.309222	0.314906	0.310184	0.295419	0.299781	0.316436	0.336312	0.308978	0.320063	0.314222	0.311912	0.330315	0.329505	0.323618	0.303471	0.30623	0.3171	0.309011	0.295329	0.337121	0.325668	0.335741	0.328989	0.330059	0.331383	0.32592	0.315162	0.32779	0.333752	0.308609	0.301507	0.304829	0.306901	0.291364	0.296676	0.293338	0.290487	0.297707	0.292209	0.29076	0.29276	0.291323	0.301755	0.297527	0.296022	0.304302	0.338385	0.336682	0.31513	0.314885	0.290788	0.294249	0.29881	0.291625	0.322247	0.323901	0.294885	0.322345	0.306917	0.296635	0.296716	0.306155	0.302988	0.320026	0.33298	0.324408	0.313286	0.289412	0.301595	0.292386	0.3061	0.288299	0.316528	0.305165	0.302621	0.307161	0.307753	0.30252	0.307162	0.305215	0.303223	0.29322	0.279656	0.28696	0.296962	0.287848	0.316018	0.287804	0.312097	0.290748	0.28348	0.258649	0.266009	0.271822	0.277836	0.277831	0.27791	0.288563	0.26478	0.291718	0.275287	0.290076	0.272181	0.268582	0.275805	0.282333	0.294439	0.298774	0.305224	0.318831	0.293803	0.291428	0.283427	0.269486	0.273979	0.274226	0.259911	0.283711	0.285345	0.283384	0.274569	0.279441	0.29098	0.29134	0.289481	0.282126	0.278781	0.262698	0.287885	0.273828	0.261221	0.274459	0.238195	0.179362	0.221612	0.20439	0.186123	0.167932	0.165507	0.183116	0.177653	0.162834	0.178078	0.197646	0.202285	0.200006	0.195397	0.194999	0.149894	0.1607	0.158546	0.183431	0.17664	0.181074	0.144993	0.152485	0.154792	0.147024	0.156182	0.154952	0.151134	0.131454	0.12514	0.272418	0.274691	0.231898	0.243671	0.222596	0.206545	0.210148	0.132932	0.149449	0.19644	0.205046	0.142887	0.138298	0.178817	0.184231	0.16815	0.233968	0.211388	0.203265	0.207156	0.156709	0.150052	0.165298	0.168413	0.172189	0.206673	0.191663	0.207364	0.215939	0.206268	0.193685	0.233206	0.206378	0.221683	0.312939	0.295581	0.317931	0.301092	0.255913	0.258728	0.193536	0.194493	0.312269	0.336057	0.0640376	0.0759153	0.060889	0.0608987	0.0593515	0.0593556	0.0605819	0.0558097	0	0.0560874	0.0744777	0.106969	0.104983	0.221112	0.129042	0.134249	0.106909	0.171963	0.173573	0.178911	0.178817	0.134834	0.155439	0.158384	0.120145	0.127427	0.123896	0.124236	0.258833	0.310758	0.319419	0.305576	0.3435	0.319426	0.32807	0.330659	0.315746	0.311752	0.274421	0.276788	0.277868	0.285348	0.277157	0.265867	0.213056	0.206329	0.255343	0.257557	0.25413	0.253026	0.319042	0.320519	0.269305	0.277859	0.278128	0.172949	0.185384	0.175457	0.130164	0.187865	0.191069	0.168321	0.184758	0.183077	0.173177	0.229784	0.245968	0.197434	0.168986	0.1963	0.185857	0.196728	0.201732	0.191664	0.17557	0.192396	0.176233	0.127963	0.234746	0.223612	0.245092	0.149879	0.156747	0.172774	0.164715	0.162483	0.189621	0.194153	0.151704	0.124418	0.121592	0.129358	0.129398	0.130106	0.143003	0.154259	0.273428	0.298829	0.299418	0.292258	0.298358	0.293624	0.320727	0.358783	0.298925	0.315218	0.307283	0.33869
Stercorarius_parasiticus	0.262589	0.28084	0.285109	0.332583	0.30497	0.287871	0.313911	0.311673	0.27244	0.302763	0.314977	0.294091	0.310232	0.300614	0.306298	0.301575	0.28681	0.291172	0.307827	0.327703	0.30037	0.311454	0.305614	0.303303	0.321706	0.320897	0.315009	0.294863	0.297621	0.308491	0.300402	0.286721	0.328512	0.317059	0.327132	0.32038	0.32145	0.322775	0.317311	0.306553	0.319181	0.325144	0.300001	0.292898	0.29622	0.298292	0.282755	0.288068	0.284729	0.281878	0.289098	0.2836	0.282152	0.284152	0.282714	0.293146	0.288919	0.287413	0.295693	0.329776	0.328073	0.306521	0.306277	0.282179	0.285641	0.290202	0.283016	0.313639	0.315292	0.286276	0.313736	0.298309	0.288026	0.288107	0.297547	0.294379	0.311418	0.324372	0.315799	0.304677	0.280803	0.292987	0.283777	0.297491	0.279691	0.30792	0.296556	0.294012	0.298552	0.299144	0.293911	0.298553	0.296606	0.294614	0.284611	0.271047	0.278351	0.288354	0.279239	0.307409	0.279195	0.303489	0.282139	0.274871	0.25004	0.2574	0.263213	0.269227	0.269222	0.269301	0.279954	0.256171	0.283109	0.266678	0.281467	0.263572	0.259973	0.267196	0.273725	0.28583	0.290165	0.296615	0.310222	0.285194	0.28282	0.274819	0.260877	0.26537	0.265617	0.251302	0.275103	0.276736	0.274776	0.26596	0.270832	0.282372	0.282731	0.280872	0.273518	0.270172	0.254089	0.279276	0.265219	0.252612	0.265851	0.229586	0.170754	0.213003	0.195781	0.177514	0.159323	0.156898	0.174507	0.169044	0.154226	0.169469	0.189037	0.193676	0.191397	0.186788	0.18639	0.141285	0.152091	0.149937	0.174822	0.168032	0.172466	0.136384	0.143876	0.146183	0.138415	0.147573	0.146343	0.142525	0.122845	0.116531	0.263809	0.266083	0.223289	0.235062	0.213987	0.197936	0.201539	0.124323	0.14084	0.187831	0.196437	0.134279	0.12969	0.170208	0.175622	0.159541	0.225359	0.202779	0.194656	0.198547	0.1481	0.141443	0.156689	0.159804	0.16358	0.198064	0.183054	0.198755	0.207331	0.197659	0.185076	0.224597	0.19777	0.213074	0.30433	0.286972	0.309322	0.292484	0.247304	0.250119	0.184927	0.185884	0.30366	0.327448	0.0554288	0.0673065	0.0522802	0.0522899	0.0608338	0.0608379	0.0620641	0.0572919	0.0560874	0	0.0658689	0.0983601	0.0963746	0.212503	0.120433	0.12564	0.0982999	0.163354	0.164964	0.170303	0.170208	0.126225	0.14683	0.149775	0.111537	0.118818	0.115287	0.115627	0.250224	0.302149	0.31081	0.296967	0.334891	0.310817	0.319462	0.32205	0.307137	0.303143	0.265813	0.26818	0.269259	0.276739	0.268548	0.257258	0.204447	0.19772	0.246734	0.248948	0.245522	0.244418	0.310434	0.31191	0.260696	0.26925	0.269519	0.16434	0.176775	0.166848	0.121555	0.179256	0.18246	0.159712	0.176149	0.174468	0.164568	0.221175	0.237359	0.188826	0.160377	0.187691	0.177249	0.18812	0.193123	0.183055	0.166961	0.183787	0.167624	0.119354	0.226138	0.215003	0.236483	0.141271	0.148138	0.164165	0.156106	0.153874	0.181012	0.185544	0.143095	0.115809	0.112984	0.120749	0.120789	0.121497	0.134394	0.14565	0.264819	0.29022	0.290809	0.283649	0.28975	0.285015	0.312118	0.350174	0.290316	0.30661	0.298674	0.330081
Dromas_ardeola	0.259661	0.277912	0.282181	0.329655	0.302041	0.284943	0.310983	0.308745	0.269512	0.299834	0.312049	0.291163	0.307304	0.297685	0.303369	0.298647	0.283881	0.288243	0.304898	0.324775	0.297441	0.308525	0.302685	0.300375	0.318778	0.317968	0.312081	0.291934	0.294693	0.305563	0.297474	0.283792	0.325583	0.314131	0.324204	0.317452	0.318522	0.319846	0.314382	0.303624	0.316253	0.322215	0.297072	0.28997	0.293292	0.295364	0.279827	0.285139	0.2818	0.27895	0.286169	0.280672	0.279223	0.281223	0.279786	0.290218	0.28599	0.284485	0.292765	0.326848	0.325145	0.303593	0.303348	0.279251	0.282712	0.287273	0.280088	0.31071	0.312364	0.283348	0.310808	0.29538	0.285098	0.285179	0.294618	0.291451	0.308489	0.321443	0.312871	0.301748	0.277875	0.290058	0.280849	0.294562	0.276762	0.304991	0.293628	0.291084	0.295624	0.296215	0.290983	0.295625	0.293677	0.291685	0.281682	0.268119	0.275422	0.285425	0.276311	0.304481	0.276267	0.30056	0.279211	0.271943	0.247112	0.254471	0.260285	0.266299	0.266294	0.266373	0.277026	0.253243	0.280181	0.26375	0.278539	0.260644	0.257045	0.264268	0.270796	0.282902	0.287237	0.293687	0.307294	0.282265	0.279891	0.27189	0.257949	0.262441	0.262689	0.248374	0.272174	0.273807	0.271847	0.263032	0.267904	0.279443	0.279803	0.277944	0.270589	0.267244	0.251161	0.276348	0.26229	0.249683	0.262922	0.226657	0.167825	0.210074	0.192852	0.174585	0.156395	0.15397	0.171579	0.166116	0.151297	0.166541	0.186109	0.190748	0.188469	0.18386	0.183461	0.138357	0.149163	0.147009	0.171894	0.165103	0.169537	0.133455	0.140948	0.143255	0.135487	0.144645	0.143415	0.139597	0.119916	0.113603	0.260881	0.263154	0.220361	0.232134	0.211059	0.195007	0.198611	0.121395	0.137912	0.184903	0.193509	0.13135	0.126761	0.16728	0.172694	0.156613	0.222431	0.199851	0.191728	0.195619	0.145172	0.138515	0.15376	0.156875	0.160652	0.195136	0.180126	0.195826	0.204402	0.194731	0.182148	0.221669	0.194841	0.210146	0.301402	0.284044	0.306393	0.289555	0.244376	0.247191	0.181999	0.182956	0.300732	0.324519	0.0709548	0.0828326	0.0678063	0.067816	0.0792241	0.0792282	0.0804544	0.0756822	0.0744777	0.0658689	0	0.0616617	0.0596762	0.209575	0.117505	0.122711	0.0953715	0.160426	0.162036	0.167374	0.167279	0.123296	0.143902	0.146846	0.108608	0.11589	0.112359	0.112699	0.247296	0.299221	0.307882	0.294039	0.331963	0.307889	0.316533	0.319122	0.304209	0.300215	0.262884	0.265251	0.266331	0.27381	0.265619	0.254329	0.201519	0.194791	0.243806	0.24602	0.242593	0.241489	0.307505	0.308982	0.257768	0.266322	0.266591	0.161412	0.173847	0.16392	0.118627	0.176328	0.179531	0.156784	0.173221	0.171539	0.16164	0.218247	0.234431	0.185897	0.157449	0.184763	0.17432	0.185191	0.190195	0.180127	0.164032	0.180859	0.164696	0.116425	0.223209	0.212075	0.233555	0.138342	0.14521	0.161236	0.153178	0.150946	0.178083	0.182616	0.140166	0.11288	0.110055	0.117821	0.117861	0.118569	0.131466	0.142722	0.261891	0.287292	0.287881	0.280721	0.286821	0.282087	0.309189	0.347246	0.287388	0.303681	0.295746	0.327152
Glareola_pratincola	0.292152	0.310403	0.314672	0.362146	0.334532	0.317434	0.343474	0.341236	0.302003	0.332325	0.34454	0.323654	0.339795	0.330176	0.33586	0.331138	0.316373	0.320735	0.33739	0.357266	0.329933	0.341017	0.335177	0.332866	0.351269	0.350459	0.344572	0.324426	0.327184	0.338054	0.329965	0.316284	0.358075	0.346622	0.356695	0.349943	0.351013	0.352337	0.346874	0.336116	0.348744	0.354706	0.329564	0.322461	0.325783	0.327855	0.312318	0.31763	0.314292	0.311441	0.318661	0.313163	0.311715	0.313714	0.312277	0.322709	0.318482	0.316976	0.325256	0.359339	0.357636	0.336084	0.335839	0.311742	0.315203	0.319764	0.312579	0.343201	0.344855	0.315839	0.343299	0.327871	0.317589	0.31767	0.327109	0.323942	0.34098	0.353934	0.345362	0.33424	0.310366	0.322549	0.31334	0.327054	0.309253	0.337482	0.326119	0.323575	0.328115	0.328707	0.323474	0.328116	0.326169	0.324177	0.314174	0.30061	0.307914	0.317916	0.308802	0.336972	0.308758	0.333051	0.311702	0.304434	0.279603	0.286963	0.292776	0.29879	0.298785	0.298864	0.309517	0.285734	0.312672	0.296241	0.31103	0.293135	0.289536	0.296759	0.303287	0.315393	0.319728	0.326178	0.339785	0.314757	0.312383	0.304381	0.29044	0.294933	0.29518	0.280865	0.304666	0.306299	0.304338	0.295523	0.300395	0.311934	0.312294	0.310435	0.303081	0.299735	0.283652	0.308839	0.294782	0.282175	0.295413	0.259149	0.200316	0.242566	0.225344	0.207077	0.188886	0.186461	0.20407	0.198607	0.183788	0.199032	0.2186	0.223239	0.22096	0.216351	0.215953	0.170848	0.181654	0.1795	0.204385	0.197594	0.202029	0.165947	0.173439	0.175746	0.167978	0.177136	0.175906	0.172088	0.152408	0.146094	0.293372	0.295645	0.252852	0.264625	0.24355	0.227499	0.231102	0.153886	0.170403	0.217394	0.226	0.163841	0.159252	0.199771	0.205185	0.189104	0.254922	0.232342	0.224219	0.22811	0.177663	0.171006	0.186252	0.189367	0.193143	0.227627	0.212617	0.228318	0.236894	0.227222	0.214639	0.25416	0.227333	0.242637	0.333893	0.316535	0.338885	0.322046	0.276867	0.279682	0.21449	0.215447	0.333223	0.357011	0.103446	0.115324	0.100298	0.100307	0.111715	0.111719	0.112946	0.108173	0.106969	0.0983601	0.0616617	0	0.0713786	0.242066	0.149996	0.155203	0.127863	0.192917	0.194527	0.199865	0.199771	0.155788	0.176393	0.179338	0.1411	0.148381	0.14485	0.14519	0.279787	0.331712	0.340373	0.32653	0.364454	0.34038	0.349024	0.351613	0.3367	0.332706	0.295375	0.297743	0.298822	0.306302	0.298111	0.286821	0.23401	0.227283	0.276297	0.278511	0.275085	0.27398	0.339996	0.341473	0.290259	0.298813	0.299082	0.193903	0.206338	0.196411	0.151118	0.208819	0.212023	0.189275	0.205712	0.204031	0.194131	0.250738	0.266922	0.218388	0.18994	0.217254	0.206811	0.217682	0.222686	0.212618	0.196524	0.21335	0.197187	0.148917	0.255701	0.244566	0.266046	0.170833	0.177701	0.193728	0.185669	0.183437	0.210575	0.215107	0.172658	0.145372	0.142547	0.150312	0.150352	0.15106	0.163957	0.175213	0.294382	0.319783	0.320372	0.313212	0.319312	0.314578	0.341681	0.379737	0.319879	0.336172	0.328237	0.359644
Rhinoptilus_africanus	0.290167	0.308418	0.312687	0.360161	0.332547	0.315449	0.341489	0.339251	0.300018	0.33034	0.342554	0.321669	0.33781	0.328191	0.333875	0.329152	0.314387	0.318749	0.335404	0.35528	0.327947	0.339031	0.333191	0.33088	0.349283	0.348474	0.342587	0.32244	0.325198	0.336068	0.327979	0.314298	0.356089	0.344636	0.35471	0.347958	0.349028	0.350352	0.344888	0.33413	0.346759	0.352721	0.327578	0.320475	0.323797	0.32587	0.310332	0.315645	0.312306	0.309456	0.316675	0.311178	0.309729	0.311729	0.310291	0.320724	0.316496	0.314991	0.32327	0.357354	0.355651	0.334098	0.333854	0.309757	0.313218	0.317779	0.310594	0.341216	0.34287	0.313854	0.341314	0.325886	0.315603	0.315684	0.325124	0.321957	0.338995	0.351949	0.343376	0.332254	0.308381	0.320564	0.311354	0.325068	0.307268	0.335497	0.324133	0.32159	0.32613	0.326721	0.321488	0.326131	0.324183	0.322191	0.312188	0.298624	0.305928	0.315931	0.306817	0.334986	0.306773	0.331066	0.309717	0.302448	0.277618	0.284977	0.290791	0.296805	0.2968	0.296878	0.307532	0.283749	0.310686	0.294256	0.309044	0.291149	0.28755	0.294774	0.301302	0.313408	0.317743	0.324192	0.3378	0.312771	0.310397	0.302396	0.288454	0.292947	0.293195	0.278879	0.30268	0.304313	0.302353	0.293538	0.29841	0.309949	0.310309	0.308449	0.301095	0.297749	0.281667	0.306854	0.292796	0.280189	0.293428	0.257163	0.198331	0.24058	0.223358	0.205091	0.186901	0.184475	0.202085	0.196622	0.181803	0.197046	0.216615	0.221254	0.218975	0.214366	0.213967	0.168863	0.179669	0.177515	0.202399	0.195609	0.200043	0.163961	0.171453	0.173761	0.165992	0.17515	0.17392	0.170103	0.150422	0.144109	0.291386	0.29366	0.250867	0.26264	0.241564	0.225513	0.229116	0.151901	0.168418	0.215409	0.224015	0.161856	0.157267	0.197786	0.2032	0.187119	0.252936	0.230356	0.222233	0.226124	0.175678	0.169021	0.184266	0.187381	0.191158	0.225641	0.210631	0.226332	0.234908	0.225237	0.212653	0.252174	0.225347	0.240652	0.331908	0.31455	0.336899	0.320061	0.274881	0.277696	0.212505	0.213462	0.331238	0.355025	0.101461	0.113338	0.098312	0.0983217	0.10973	0.109734	0.11096	0.106188	0.104983	0.0963746	0.0596762	0.0713786	0	0.240081	0.148011	0.153217	0.125877	0.190932	0.192541	0.19788	0.197785	0.153802	0.174407	0.177352	0.139114	0.146395	0.142865	0.143205	0.277802	0.329727	0.338388	0.324545	0.362468	0.338395	0.347039	0.349628	0.334715	0.33072	0.29339	0.295757	0.296836	0.304316	0.296125	0.284835	0.232024	0.225297	0.274312	0.276525	0.273099	0.271995	0.338011	0.339488	0.288273	0.296828	0.297097	0.191917	0.204353	0.194426	0.149133	0.206833	0.210037	0.18729	0.203726	0.202045	0.192146	0.248753	0.264937	0.216403	0.187955	0.215269	0.204826	0.215697	0.220701	0.210633	0.194538	0.211365	0.195202	0.146931	0.253715	0.242581	0.26406	0.168848	0.175716	0.191742	0.183684	0.181452	0.208589	0.213121	0.170672	0.143386	0.140561	0.148327	0.148367	0.149075	0.161971	0.173227	0.292396	0.317797	0.318387	0.311226	0.317327	0.312593	0.339695	0.377752	0.317893	0.334187	0.326251	0.357658
Turnix_velox	0.385713	0.403964	0.408233	0.455707	0.428094	0.410995	0.437036	0.434797	0.395564	0.425887	0.438101	0.417215	0.433356	0.423738	0.429422	0.424699	0.409934	0.414296	0.430951	0.450827	0.423494	0.434578	0.428738	0.426427	0.44483	0.444021	0.438134	0.417987	0.420745	0.431615	0.423526	0.409845	0.451636	0.440183	0.450256	0.443505	0.444574	0.445899	0.440435	0.429677	0.442305	0.448268	0.423125	0.416022	0.419344	0.421416	0.405879	0.411192	0.407853	0.405002	0.412222	0.406725	0.405276	0.407276	0.405838	0.41627	0.412043	0.410537	0.418817	0.4529	0.451197	0.429645	0.429401	0.405303	0.408765	0.413326	0.40614	0.436763	0.438416	0.4094	0.43686	0.421433	0.41115	0.411231	0.420671	0.417504	0.434542	0.447496	0.438923	0.427801	0.403927	0.416111	0.406901	0.420615	0.402815	0.431044	0.41968	0.417136	0.421676	0.422268	0.417035	0.421678	0.41973	0.417738	0.407735	0.394171	0.401475	0.411478	0.402363	0.430533	0.402319	0.426613	0.405264	0.397995	0.373164	0.380524	0.386337	0.392351	0.392347	0.392425	0.403078	0.379295	0.406233	0.389802	0.404591	0.386696	0.383097	0.39032	0.396849	0.408954	0.413289	0.419739	0.433346	0.408318	0.405944	0.397943	0.384001	0.388494	0.388742	0.374426	0.398227	0.39986	0.3979	0.389084	0.393957	0.405496	0.405856	0.403996	0.396642	0.393296	0.377213	0.4024	0.388343	0.375736	0.388975	0.35271	0.293878	0.336127	0.318905	0.300638	0.282447	0.280022	0.297632	0.292169	0.27735	0.292593	0.312161	0.3168	0.314522	0.309913	0.309514	0.264409	0.275215	0.273062	0.297946	0.291156	0.29559	0.259508	0.267	0.269308	0.261539	0.270697	0.269467	0.265649	0.245969	0.239656	0.386933	0.389207	0.346414	0.358186	0.337111	0.32106	0.324663	0.247447	0.263965	0.310955	0.319561	0.257403	0.252814	0.293332	0.298746	0.282665	0.348483	0.325903	0.31778	0.321671	0.271225	0.264567	0.279813	0.282928	0.286704	0.321188	0.306178	0.321879	0.330455	0.320784	0.3082	0.347721	0.320894	0.336198	0.427454	0.410096	0.432446	0.415608	0.370428	0.373243	0.308051	0.309008	0.426784	0.450572	0.217589	0.229467	0.214441	0.214451	0.225859	0.225863	0.227089	0.222317	0.221112	0.212503	0.209575	0.242066	0.240081	0	0.243557	0.248764	0.221424	0.286478	0.288088	0.293427	0.293332	0.249349	0.269954	0.272899	0.234661	0.241942	0.238411	0.238751	0.373349	0.425273	0.433934	0.420091	0.458015	0.433942	0.442586	0.445174	0.430262	0.426267	0.388937	0.391304	0.392383	0.399863	0.391672	0.380382	0.327571	0.320844	0.369858	0.372072	0.368646	0.367542	0.433558	0.435034	0.38382	0.392375	0.392643	0.287464	0.299899	0.289972	0.244679	0.30238	0.305584	0.282836	0.299273	0.297592	0.287693	0.344299	0.360484	0.31195	0.283502	0.310815	0.300373	0.311244	0.316247	0.30618	0.290085	0.306911	0.290749	0.242478	0.349262	0.338127	0.359607	0.264395	0.271263	0.287289	0.27923	0.276999	0.304136	0.308668	0.266219	0.238933	0.236108	0.243874	0.243913	0.244621	0.257518	0.268774	0.387943	0.413344	0.413933	0.406773	0.412874	0.408139	0.435242	0.473299	0.41344	0.429734	0.421798	0.453205
Arenaria_interpres	0.280699	0.29895	0.303219	0.350693	0.323079	0.305981	0.332021	0.329783	0.29055	0.320872	0.333087	0.312201	0.328342	0.318723	0.324407	0.319685	0.30492	0.309282	0.325937	0.345813	0.31848	0.329564	0.323724	0.321413	0.339816	0.339006	0.333119	0.312973	0.315731	0.326601	0.318512	0.304831	0.346622	0.335169	0.345242	0.33849	0.33956	0.340884	0.335421	0.324663	0.337291	0.343253	0.318111	0.311008	0.31433	0.316402	0.300865	0.306178	0.302839	0.299988	0.307208	0.30171	0.300262	0.302261	0.300824	0.311256	0.307029	0.305523	0.313803	0.347886	0.346183	0.324631	0.324386	0.300289	0.30375	0.308311	0.301126	0.331748	0.333402	0.304386	0.331846	0.316418	0.306136	0.306217	0.315656	0.312489	0.329527	0.342481	0.333909	0.322787	0.298913	0.311097	0.301887	0.315601	0.2978	0.326029	0.314666	0.312122	0.316662	0.317254	0.312021	0.316663	0.314716	0.312724	0.302721	0.289157	0.296461	0.306464	0.297349	0.325519	0.297305	0.321599	0.300249	0.292981	0.26815	0.27551	0.281323	0.287337	0.287332	0.287411	0.298064	0.274281	0.301219	0.284788	0.299577	0.281682	0.278083	0.285306	0.291834	0.30394	0.308275	0.314725	0.328332	0.303304	0.30093	0.292928	0.278987	0.28348	0.283727	0.269412	0.293213	0.294846	0.292885	0.28407	0.288942	0.300481	0.300841	0.298982	0.291628	0.288282	0.272199	0.297386	0.283329	0.270722	0.283961	0.247696	0.188863	0.231113	0.213891	0.195624	0.177433	0.175008	0.192617	0.187154	0.172335	0.187579	0.207147	0.211786	0.209507	0.204898	0.2045	0.159395	0.170201	0.168047	0.192932	0.186141	0.190576	0.154494	0.161986	0.164293	0.156525	0.165683	0.164453	0.160635	0.140955	0.134641	0.281919	0.284192	0.241399	0.253172	0.232097	0.216046	0.219649	0.142433	0.15895	0.205941	0.214547	0.152388	0.1478	0.188318	0.193732	0.177651	0.243469	0.220889	0.212766	0.216657	0.16621	0.159553	0.174799	0.177914	0.18169	0.216174	0.201164	0.216865	0.225441	0.215769	0.203186	0.242707	0.21588	0.231184	0.32244	0.305082	0.327432	0.310593	0.265414	0.268229	0.203037	0.203994	0.32177	0.345558	0.125519	0.137397	0.122371	0.122381	0.133789	0.133793	0.135019	0.130247	0.129042	0.120433	0.117505	0.149996	0.148011	0.243557	0	0.0515582	0.0540217	0.139314	0.140923	0.146262	0.146167	0.144335	0.16494	0.167885	0.129647	0.136928	0.133397	0.133737	0.268334	0.320259	0.32892	0.315077	0.353001	0.328927	0.337572	0.34016	0.325247	0.321253	0.283922	0.28629	0.287369	0.294849	0.286658	0.275368	0.222557	0.21583	0.264844	0.267058	0.263632	0.262527	0.328543	0.33002	0.278806	0.28736	0.287629	0.18245	0.194885	0.184958	0.139665	0.197366	0.20057	0.177822	0.194259	0.192578	0.182678	0.239285	0.255469	0.206935	0.178487	0.205801	0.195358	0.206229	0.211233	0.201165	0.185071	0.201897	0.185734	0.137464	0.244248	0.233113	0.254593	0.15938	0.166248	0.182275	0.174216	0.171984	0.199122	0.203654	0.161205	0.133919	0.131094	0.138859	0.138899	0.139607	0.152504	0.16376	0.282929	0.30833	0.308919	0.301759	0.307859	0.303125	0.330228	0.368284	0.308426	0.324719	0.316784	0.348191
Calidris_pugnax	0.285906	0.304157	0.308425	0.3559	0.328286	0.311188	0.337228	0.33499	0.295757	0.326079	0.338293	0.317408	0.333549	0.32393	0.329614	0.324891	0.310126	0.314488	0.331143	0.351019	0.323686	0.33477	0.32893	0.326619	0.345022	0.344213	0.338326	0.318179	0.320937	0.331807	0.323718	0.310037	0.351828	0.340375	0.350449	0.343697	0.344767	0.346091	0.340627	0.329869	0.342498	0.34846	0.323317	0.316214	0.319536	0.321609	0.306071	0.311384	0.308045	0.305194	0.312414	0.306917	0.305468	0.307468	0.30603	0.316463	0.312235	0.310729	0.319009	0.353093	0.35139	0.329837	0.329593	0.305496	0.308957	0.313518	0.306333	0.336955	0.338609	0.309592	0.337052	0.321625	0.311342	0.311423	0.320863	0.317696	0.334734	0.347688	0.339115	0.327993	0.304119	0.316303	0.307093	0.320807	0.303007	0.331236	0.319872	0.317329	0.321869	0.32246	0.317227	0.32187	0.319922	0.31793	0.307927	0.294363	0.301667	0.31167	0.302556	0.330725	0.302512	0.326805	0.305456	0.298187	0.273357	0.280716	0.28653	0.292544	0.292539	0.292617	0.303271	0.279487	0.306425	0.289995	0.304783	0.286888	0.283289	0.290513	0.297041	0.309147	0.313482	0.319931	0.333539	0.30851	0.306136	0.298135	0.284193	0.288686	0.288934	0.274618	0.298419	0.300052	0.298092	0.289277	0.294149	0.305688	0.306048	0.304188	0.296834	0.293488	0.277406	0.302593	0.288535	0.275928	0.289167	0.252902	0.19407	0.236319	0.219097	0.20083	0.18264	0.180214	0.197824	0.192361	0.177542	0.192785	0.212354	0.216992	0.214714	0.210105	0.209706	0.164602	0.175408	0.173254	0.198138	0.191348	0.195782	0.1597	0.167192	0.1695	0.161731	0.170889	0.169659	0.165842	0.146161	0.139848	0.287125	0.289399	0.246606	0.258379	0.237303	0.221252	0.224855	0.14764	0.164157	0.211148	0.219754	0.157595	0.153006	0.193525	0.198939	0.182858	0.248675	0.226095	0.217972	0.221863	0.171417	0.16476	0.180005	0.18312	0.186897	0.22138	0.20637	0.222071	0.230647	0.220976	0.208392	0.247913	0.221086	0.236391	0.327647	0.310289	0.332638	0.3158	0.27062	0.273435	0.208243	0.209201	0.326977	0.350764	0.130726	0.142604	0.127577	0.127587	0.138995	0.138999	0.140225	0.135453	0.134249	0.12564	0.122711	0.155203	0.153217	0.248764	0.0515582	0	0.0592281	0.14452	0.14613	0.151469	0.151374	0.149541	0.170146	0.173091	0.134853	0.142134	0.138604	0.138944	0.273541	0.325465	0.334127	0.320284	0.358207	0.334134	0.342778	0.345366	0.330454	0.326459	0.289129	0.291496	0.292575	0.300055	0.291864	0.280574	0.227763	0.221036	0.270051	0.272264	0.268838	0.267734	0.33375	0.335227	0.284012	0.292567	0.292836	0.187656	0.200092	0.190165	0.144872	0.202572	0.205776	0.183029	0.199465	0.197784	0.187885	0.244492	0.260676	0.212142	0.183694	0.211008	0.200565	0.211436	0.21644	0.206372	0.190277	0.207104	0.190941	0.14267	0.249454	0.23832	0.259799	0.164587	0.171455	0.187481	0.179423	0.177191	0.204328	0.20886	0.166411	0.139125	0.1363	0.144066	0.144106	0.144814	0.15771	0.168966	0.288135	0.313536	0.314126	0.306965	0.313066	0.308331	0.335434	0.373491	0.313632	0.329926	0.32199	0.353397
Limosa_lapponica	0.258566	0.276817	0.281086	0.32856	0.300946	0.283848	0.309888	0.30765	0.268417	0.298739	0.310953	0.290068	0.306209	0.29659	0.302274	0.297551	0.282786	0.287148	0.303803	0.323679	0.296346	0.30743	0.30159	0.299279	0.317682	0.316873	0.310986	0.290839	0.293597	0.304467	0.296378	0.282697	0.324488	0.313035	0.323109	0.316357	0.317427	0.318751	0.313287	0.302529	0.315158	0.32112	0.295977	0.288874	0.292196	0.294269	0.278731	0.284044	0.280705	0.277855	0.285074	0.279577	0.278128	0.280128	0.27869	0.289123	0.284895	0.28339	0.291669	0.325753	0.32405	0.302497	0.302253	0.278156	0.281617	0.286178	0.278993	0.309615	0.311269	0.282253	0.309713	0.294285	0.284002	0.284083	0.293523	0.290356	0.307394	0.320348	0.311775	0.300653	0.276779	0.288963	0.279753	0.293467	0.275667	0.303896	0.292532	0.289989	0.294529	0.29512	0.289887	0.29453	0.292582	0.29059	0.280587	0.267023	0.274327	0.28433	0.275216	0.303385	0.275172	0.299465	0.278116	0.270847	0.246017	0.253376	0.25919	0.265204	0.265199	0.265277	0.275931	0.252148	0.279085	0.262655	0.277443	0.259548	0.255949	0.263173	0.269701	0.281807	0.286142	0.292591	0.306199	0.28117	0.278796	0.270795	0.256853	0.261346	0.261594	0.247278	0.271079	0.272712	0.270752	0.261937	0.266809	0.278348	0.278708	0.276848	0.269494	0.266148	0.250066	0.275253	0.261195	0.248588	0.261827	0.225562	0.16673	0.208979	0.191757	0.17349	0.1553	0.152874	0.170484	0.165021	0.150202	0.165445	0.185014	0.189652	0.187374	0.182765	0.182366	0.137262	0.148068	0.145914	0.170798	0.164008	0.168442	0.13236	0.139852	0.14216	0.134391	0.143549	0.142319	0.138502	0.118821	0.112508	0.259785	0.262059	0.219266	0.231039	0.209963	0.193912	0.197515	0.1203	0.136817	0.183808	0.192414	0.130255	0.125666	0.166185	0.171599	0.155518	0.221335	0.198755	0.190632	0.194523	0.144077	0.13742	0.152665	0.15578	0.159557	0.19404	0.17903	0.194731	0.203307	0.193636	0.181052	0.220573	0.193746	0.209051	0.300307	0.282949	0.305298	0.28846	0.24328	0.246095	0.180904	0.181861	0.299637	0.323424	0.103386	0.115264	0.100237	0.100247	0.111655	0.111659	0.112885	0.108113	0.106909	0.0982999	0.0953715	0.127863	0.125877	0.221424	0.0540217	0.0592281	0	0.11718	0.11879	0.124129	0.124034	0.122201	0.142806	0.145751	0.107513	0.114794	0.111264	0.111604	0.246201	0.298126	0.306787	0.292944	0.330867	0.306794	0.315438	0.318026	0.303114	0.299119	0.261789	0.264156	0.265235	0.272715	0.264524	0.253234	0.200423	0.193696	0.242711	0.244924	0.241498	0.240394	0.30641	0.307887	0.256672	0.265227	0.265496	0.160316	0.172752	0.162825	0.117532	0.175232	0.178436	0.155689	0.172125	0.170444	0.160545	0.217152	0.233336	0.184802	0.156354	0.183668	0.173225	0.184096	0.1891	0.179032	0.162937	0.179764	0.163601	0.11533	0.222114	0.21098	0.232459	0.137247	0.144115	0.160141	0.152083	0.149851	0.176988	0.18152	0.139071	0.111785	0.10896	0.116726	0.116766	0.117474	0.13037	0.141626	0.260795	0.286196	0.286786	0.279625	0.285726	0.280991	0.308094	0.346151	0.286292	0.302586	0.29465	0.326057
Jacana_jacana	0.32362	0.341871	0.34614	0.393614	0.366	0.348902	0.374942	0.372704	0.333471	0.363793	0.376008	0.355122	0.371263	0.361644	0.367328	0.362606	0.34784	0.352202	0.368857	0.388734	0.3614	0.372484	0.366644	0.364334	0.382737	0.381927	0.37604	0.355893	0.358652	0.369522	0.361433	0.347751	0.389543	0.37809	0.388163	0.381411	0.382481	0.383805	0.378341	0.367583	0.380212	0.386174	0.361031	0.353929	0.357251	0.359323	0.343786	0.349098	0.345759	0.342909	0.350128	0.344631	0.343182	0.345182	0.343745	0.354177	0.349949	0.348444	0.356724	0.390807	0.389104	0.367552	0.367307	0.34321	0.346671	0.351232	0.344047	0.374669	0.376323	0.347307	0.374767	0.359339	0.349057	0.349138	0.358577	0.35541	0.372448	0.385402	0.37683	0.365707	0.341834	0.354017	0.344808	0.358521	0.340721	0.36895	0.357587	0.355043	0.359583	0.360174	0.354942	0.359584	0.357636	0.355644	0.345641	0.332078	0.339381	0.349384	0.34027	0.36844	0.340226	0.364519	0.34317	0.335902	0.311071	0.31843	0.324244	0.330258	0.330253	0.330332	0.340985	0.317202	0.34414	0.327709	0.342498	0.324603	0.321004	0.328227	0.334755	0.346861	0.351196	0.357646	0.371253	0.346224	0.34385	0.335849	0.321908	0.3264	0.326648	0.312333	0.336133	0.337766	0.335806	0.326991	0.331863	0.343402	0.343762	0.341903	0.334548	0.331203	0.31512	0.340307	0.326249	0.313642	0.326881	0.290617	0.231784	0.274034	0.256811	0.238544	0.220354	0.217929	0.235538	0.230075	0.215256	0.2305	0.250068	0.254707	0.252428	0.247819	0.24742	0.202316	0.213122	0.210968	0.235853	0.229062	0.233496	0.197415	0.204907	0.207214	0.199446	0.208604	0.207374	0.203556	0.183875	0.177562	0.32484	0.327113	0.28432	0.296093	0.275018	0.258966	0.26257	0.185354	0.201871	0.248862	0.257468	0.195309	0.19072	0.231239	0.236653	0.220572	0.28639	0.26381	0.255687	0.259578	0.209131	0.202474	0.217719	0.220834	0.224611	0.259095	0.244085	0.259785	0.268361	0.25869	0.246107	0.285628	0.2588	0.274105	0.365361	0.348003	0.370352	0.353514	0.308335	0.31115	0.245958	0.246915	0.364691	0.388478	0.16844	0.180318	0.165292	0.165301	0.176709	0.176714	0.17794	0.173168	0.171963	0.163354	0.160426	0.192917	0.190932	0.286478	0.139314	0.14452	0.11718	0	0.114127	0.147258	0.147163	0.187256	0.207861	0.210805	0.172567	0.179849	0.176318	0.176658	0.311255	0.36318	0.371841	0.357998	0.395922	0.371848	0.380492	0.383081	0.368168	0.364174	0.326843	0.32921	0.33029	0.337769	0.329578	0.318288	0.265478	0.25875	0.307765	0.309979	0.306552	0.305448	0.371464	0.372941	0.321727	0.330281	0.33055	0.225371	0.237806	0.227879	0.182586	0.240287	0.24349	0.220743	0.23718	0.235498	0.225599	0.282206	0.29839	0.249856	0.221408	0.248722	0.238279	0.24915	0.254154	0.244086	0.227991	0.244818	0.228655	0.180384	0.287168	0.276034	0.297514	0.202301	0.209169	0.225195	0.217137	0.214905	0.242042	0.246575	0.204126	0.176839	0.174014	0.18178	0.18182	0.182528	0.195425	0.206681	0.32585	0.351251	0.35184	0.34468	0.35078	0.346046	0.373148	0.411205	0.351347	0.36764	0.359705	0.391111
Rostratula_benghalensis	0.32523	0.343481	0.34775	0.395224	0.36761	0.350512	0.376552	0.374314	0.335081	0.365403	0.377618	0.356732	0.372873	0.363254	0.368938	0.364215	0.34945	0.353812	0.370467	0.390343	0.36301	0.374094	0.368254	0.365943	0.384346	0.383537	0.37765	0.357503	0.360262	0.371131	0.363042	0.349361	0.391152	0.3797	0.389773	0.383021	0.384091	0.385415	0.379951	0.369193	0.381822	0.387784	0.362641	0.355538	0.358861	0.360933	0.345396	0.350708	0.347369	0.344519	0.351738	0.346241	0.344792	0.346792	0.345354	0.355787	0.351559	0.350054	0.358334	0.392417	0.390714	0.369161	0.368917	0.34482	0.348281	0.352842	0.345657	0.376279	0.377933	0.348917	0.376377	0.360949	0.350667	0.350748	0.360187	0.35702	0.374058	0.387012	0.378439	0.367317	0.343444	0.355627	0.346417	0.360131	0.342331	0.37056	0.359196	0.356653	0.361193	0.361784	0.356552	0.361194	0.359246	0.357254	0.347251	0.333687	0.340991	0.350994	0.34188	0.37005	0.341836	0.366129	0.34478	0.337512	0.312681	0.32004	0.325854	0.331868	0.331863	0.331942	0.342595	0.318812	0.345749	0.329319	0.344107	0.326212	0.322614	0.329837	0.336365	0.348471	0.352806	0.359256	0.372863	0.347834	0.34546	0.337459	0.323517	0.32801	0.328258	0.313942	0.337743	0.339376	0.337416	0.328601	0.333473	0.345012	0.345372	0.343512	0.336158	0.332812	0.31673	0.341917	0.327859	0.315252	0.328491	0.292226	0.233394	0.275643	0.258421	0.240154	0.221964	0.219539	0.237148	0.231685	0.216866	0.23211	0.251678	0.256317	0.254038	0.249429	0.24903	0.203926	0.214732	0.212578	0.237463	0.230672	0.235106	0.199024	0.206517	0.208824	0.201055	0.210213	0.208984	0.205166	0.185485	0.179172	0.326449	0.328723	0.28593	0.297703	0.276628	0.260576	0.26418	0.186964	0.203481	0.250472	0.259078	0.196919	0.19233	0.232849	0.238263	0.222182	0.288	0.265419	0.257296	0.261187	0.210741	0.204084	0.219329	0.222444	0.226221	0.260705	0.245695	0.261395	0.269971	0.2603	0.247716	0.287237	0.26041	0.275715	0.366971	0.349613	0.371962	0.355124	0.309945	0.31276	0.247568	0.248525	0.366301	0.390088	0.17005	0.181928	0.166901	0.166911	0.178319	0.178323	0.17955	0.174777	0.173573	0.164964	0.162036	0.194527	0.192541	0.288088	0.140923	0.14613	0.11879	0.114127	0	0.148867	0.148773	0.188865	0.209471	0.212415	0.174177	0.181458	0.177928	0.178268	0.312865	0.36479	0.373451	0.359608	0.397531	0.373458	0.382102	0.384691	0.369778	0.365784	0.328453	0.33082	0.331899	0.339379	0.331188	0.319898	0.267088	0.26036	0.309375	0.311588	0.308162	0.307058	0.373074	0.374551	0.323337	0.331891	0.33216	0.226981	0.239416	0.229489	0.184196	0.241896	0.2451	0.222353	0.23879	0.237108	0.227209	0.283816	0.3	0.251466	0.223018	0.250332	0.239889	0.25076	0.255764	0.245696	0.229601	0.246428	0.230265	0.181994	0.288778	0.277644	0.299124	0.203911	0.210779	0.226805	0.218747	0.216515	0.243652	0.248185	0.205735	0.178449	0.175624	0.18339	0.18343	0.184138	0.197034	0.208291	0.327459	0.352861	0.35345	0.346289	0.35239	0.347656	0.374758	0.412815	0.352957	0.36925	0.361315	0.392721
Pedionomus_torquatus	0.330568	0.348819	0.353088	0.400562	0.372949	0.35585	0.381891	0.379652	0.340419	0.370742	0.382956	0.36207	0.378211	0.368593	0.374277	0.369554	0.354789	0.359151	0.375806	0.395682	0.368349	0.379433	0.373593	0.371282	0.389685	0.388876	0.382989	0.362842	0.3656	0.37647	0.368381	0.3547	0.396491	0.385038	0.395111	0.38836	0.389429	0.390754	0.38529	0.374532	0.38716	0.393123	0.36798	0.360877	0.364199	0.366271	0.350734	0.356047	0.352708	0.349857	0.357077	0.35158	0.350131	0.352131	0.350693	0.361125	0.356898	0.355392	0.363672	0.397755	0.396052	0.3745	0.374256	0.350158	0.35362	0.358181	0.350995	0.381618	0.383271	0.354255	0.381715	0.366288	0.356005	0.356086	0.365526	0.362359	0.379397	0.392351	0.383778	0.372656	0.348782	0.360966	0.351756	0.36547	0.34767	0.375899	0.364535	0.361991	0.366531	0.367123	0.36189	0.366532	0.364585	0.362593	0.35259	0.339026	0.34633	0.356333	0.347218	0.375388	0.347174	0.371468	0.350119	0.34285	0.318019	0.325379	0.331192	0.337206	0.337202	0.33728	0.347933	0.32415	0.351088	0.334657	0.349446	0.331551	0.327952	0.335175	0.341704	0.353809	0.358144	0.364594	0.378201	0.353173	0.350799	0.342798	0.328856	0.333349	0.333597	0.319281	0.343082	0.344715	0.342755	0.333939	0.338812	0.350351	0.350711	0.348851	0.341497	0.338151	0.322068	0.347255	0.333198	0.320591	0.33383	0.297565	0.238733	0.280982	0.26376	0.245493	0.227302	0.224877	0.242487	0.237024	0.222205	0.237448	0.257016	0.261655	0.259377	0.254768	0.254369	0.209264	0.22007	0.217917	0.242801	0.236011	0.240445	0.204363	0.211855	0.214163	0.206394	0.215552	0.214322	0.210504	0.190824	0.18451	0.331788	0.334062	0.291268	0.303041	0.281966	0.265915	0.269518	0.192302	0.20882	0.25581	0.264416	0.202258	0.197669	0.238187	0.243601	0.22752	0.293338	0.270758	0.262635	0.266526	0.21608	0.209422	0.224668	0.227783	0.231559	0.266043	0.251033	0.266734	0.27531	0.265639	0.253055	0.292576	0.265749	0.281053	0.372309	0.354951	0.377301	0.360463	0.315283	0.318098	0.252906	0.253863	0.371639	0.395427	0.175389	0.187266	0.17224	0.17225	0.183658	0.183662	0.184888	0.180116	0.178911	0.170303	0.167374	0.199865	0.19788	0.293427	0.146262	0.151469	0.124129	0.147258	0.148867	0	0.114731	0.194204	0.214809	0.217754	0.179516	0.186797	0.183266	0.183606	0.318204	0.370128	0.378789	0.364946	0.40287	0.378797	0.387441	0.390029	0.375117	0.371122	0.333792	0.336159	0.337238	0.344718	0.336527	0.325237	0.272426	0.265699	0.314713	0.316927	0.313501	0.312397	0.378413	0.379889	0.328675	0.337229	0.337498	0.232319	0.244754	0.234827	0.189534	0.247235	0.250439	0.227691	0.244128	0.242447	0.232548	0.289154	0.305339	0.256805	0.228357	0.25567	0.245228	0.256099	0.261102	0.251035	0.23494	0.251766	0.235604	0.187333	0.294117	0.282982	0.304462	0.20925	0.216118	0.232144	0.224085	0.221854	0.248991	0.253523	0.211074	0.183788	0.180963	0.188729	0.188768	0.189476	0.202373	0.213629	0.332798	0.358199	0.358788	0.351628	0.357729	0.352994	0.380097	0.418154	0.358295	0.374589	0.366653	0.39806
Thinocorus_orbignyianus	0.330474	0.348725	0.352993	0.400468	0.372854	0.355756	0.381796	0.379558	0.340325	0.370647	0.382861	0.361976	0.378117	0.368498	0.374182	0.369459	0.354694	0.359056	0.375711	0.395587	0.368254	0.379338	0.373498	0.371187	0.38959	0.388781	0.382894	0.362747	0.365505	0.376375	0.368286	0.354605	0.396396	0.384943	0.395017	0.388265	0.389335	0.390659	0.385195	0.374437	0.387066	0.393028	0.367885	0.360782	0.364104	0.366177	0.350639	0.355952	0.352613	0.349762	0.356982	0.351485	0.350036	0.352036	0.350598	0.361031	0.356803	0.355297	0.363577	0.397661	0.395958	0.374405	0.374161	0.350064	0.353525	0.358086	0.350901	0.381523	0.383177	0.35416	0.38162	0.366193	0.35591	0.355991	0.365431	0.362264	0.379302	0.392256	0.383683	0.372561	0.348687	0.360871	0.351661	0.365375	0.347575	0.375804	0.36444	0.361897	0.366437	0.367028	0.361795	0.366438	0.36449	0.362498	0.352495	0.338931	0.346235	0.356238	0.347124	0.375293	0.34708	0.371373	0.350024	0.342755	0.317925	0.325284	0.331098	0.337112	0.337107	0.337185	0.347839	0.324055	0.350993	0.334563	0.349351	0.331456	0.327857	0.335081	0.341609	0.353715	0.35805	0.364499	0.378107	0.353078	0.350704	0.342703	0.328761	0.333254	0.333502	0.319186	0.342987	0.34462	0.34266	0.333845	0.338717	0.350256	0.350616	0.348756	0.341402	0.338056	0.321974	0.347161	0.333103	0.320496	0.333735	0.29747	0.238638	0.280887	0.263665	0.245398	0.227208	0.224782	0.242392	0.236929	0.22211	0.237353	0.256922	0.26156	0.259282	0.254673	0.254274	0.20917	0.219976	0.217822	0.242706	0.235916	0.24035	0.204268	0.21176	0.214068	0.206299	0.215457	0.214227	0.21041	0.190729	0.184416	0.331693	0.333967	0.291174	0.302947	0.281871	0.26582	0.269423	0.192208	0.208725	0.255716	0.264322	0.202163	0.197574	0.238093	0.243507	0.227426	0.293243	0.270663	0.26254	0.266431	0.215985	0.209328	0.224573	0.227688	0.231465	0.265948	0.250938	0.266639	0.275215	0.265544	0.25296	0.292481	0.265654	0.280959	0.372215	0.354857	0.377206	0.360368	0.315188	0.318003	0.252812	0.253769	0.371545	0.395332	0.175294	0.187172	0.172145	0.172155	0.183563	0.183567	0.184793	0.180021	0.178817	0.170208	0.167279	0.199771	0.197785	0.293332	0.146167	0.151374	0.124034	0.147163	0.148773	0.114731	0	0.194109	0.214714	0.217659	0.179421	0.186702	0.183172	0.183512	0.318109	0.370034	0.378695	0.364852	0.402775	0.378702	0.387346	0.389934	0.375022	0.371027	0.333697	0.336064	0.337143	0.344623	0.336432	0.325142	0.272331	0.265604	0.314619	0.316832	0.313406	0.312302	0.378318	0.379795	0.32858	0.337135	0.337404	0.232224	0.24466	0.234733	0.18944	0.24714	0.250344	0.227597	0.244033	0.242352	0.232453	0.28906	0.305244	0.25671	0.228262	0.255576	0.245133	0.256004	0.261008	0.25094	0.234845	0.251672	0.235509	0.187238	0.294022	0.282888	0.304367	0.209155	0.216023	0.232049	0.223991	0.221759	0.248896	0.253428	0.210979	0.183693	0.180868	0.188634	0.188674	0.189382	0.202278	0.213534	0.332703	0.358104	0.358694	0.351533	0.357634	0.352899	0.380002	0.418059	0.3582	0.374494	0.366558	0.397965
Burhinus_bistriatus	0.260419	0.27867	0.282939	0.330413	0.3028	0.285701	0.311741	0.309503	0.27027	0.300593	0.312807	0.291921	0.308062	0.298444	0.304128	0.299405	0.28464	0.289002	0.305657	0.325533	0.2982	0.309284	0.303444	0.301133	0.319536	0.318727	0.312839	0.292693	0.295451	0.306321	0.298232	0.284551	0.326342	0.314889	0.324962	0.318211	0.31928	0.320605	0.315141	0.304383	0.317011	0.322974	0.297831	0.290728	0.29405	0.296122	0.280585	0.285898	0.282559	0.279708	0.286928	0.28143	0.279982	0.281982	0.280544	0.290976	0.286749	0.285243	0.293523	0.327606	0.325903	0.304351	0.304107	0.280009	0.283471	0.288032	0.280846	0.311469	0.313122	0.284106	0.311566	0.296139	0.285856	0.285937	0.295377	0.292209	0.309248	0.322202	0.313629	0.302507	0.278633	0.290817	0.281607	0.295321	0.277521	0.30575	0.294386	0.291842	0.296382	0.296974	0.291741	0.296383	0.294436	0.292444	0.282441	0.268877	0.276181	0.286184	0.277069	0.305239	0.277025	0.301319	0.279969	0.272701	0.24787	0.25523	0.261043	0.267057	0.267052	0.267131	0.277784	0.254001	0.280939	0.264508	0.279297	0.261402	0.257803	0.265026	0.271555	0.28366	0.287995	0.294445	0.308052	0.283024	0.28065	0.272649	0.258707	0.2632	0.263447	0.249132	0.272933	0.274566	0.272606	0.26379	0.268662	0.280202	0.280561	0.278702	0.271348	0.268002	0.251919	0.277106	0.263049	0.250442	0.263681	0.227416	0.168584	0.210833	0.193611	0.175344	0.157153	0.154728	0.172337	0.166874	0.152056	0.167299	0.186867	0.191506	0.189227	0.184618	0.18422	0.139115	0.149921	0.147767	0.172652	0.165862	0.170296	0.134214	0.141706	0.144014	0.136245	0.145403	0.144173	0.140355	0.120675	0.114361	0.261639	0.263913	0.221119	0.232892	0.211817	0.195766	0.199369	0.122153	0.138671	0.185661	0.194267	0.132109	0.12752	0.168038	0.173452	0.157371	0.223189	0.200609	0.192486	0.196377	0.14593	0.139273	0.154519	0.157634	0.16141	0.195894	0.180884	0.196585	0.205161	0.195489	0.182906	0.222427	0.1956	0.210904	0.30216	0.284802	0.307152	0.290314	0.245134	0.247949	0.182757	0.183714	0.30149	0.325278	0.131311	0.143189	0.128162	0.128172	0.13958	0.139584	0.14081	0.136038	0.134834	0.126225	0.123296	0.155788	0.153802	0.249349	0.144335	0.149541	0.122201	0.187256	0.188865	0.194204	0.194109	0	0.115509	0.118454	0.107007	0.114288	0.110757	0.111097	0.248055	0.299979	0.30864	0.294797	0.332721	0.308647	0.317292	0.31988	0.304968	0.300973	0.263643	0.26601	0.267089	0.274569	0.266378	0.255088	0.202277	0.19555	0.244564	0.246778	0.243352	0.242248	0.308264	0.30974	0.258526	0.26708	0.267349	0.16217	0.174605	0.164678	0.119385	0.177086	0.18029	0.157542	0.173979	0.172298	0.162399	0.219005	0.235189	0.186656	0.158207	0.185521	0.175079	0.18595	0.190953	0.180885	0.164791	0.181617	0.165454	0.117184	0.223968	0.212833	0.234313	0.139101	0.145969	0.161995	0.153936	0.151705	0.178842	0.183374	0.140925	0.113639	0.110814	0.11858	0.118619	0.119327	0.132224	0.14348	0.262649	0.28805	0.288639	0.281479	0.28758	0.282845	0.309948	0.348004	0.288146	0.30444	0.296504	0.327911
Chionis_minor	0.281025	0.299276	0.303544	0.351019	0.323405	0.306307	0.332347	0.330109	0.290876	0.321198	0.333412	0.312527	0.328668	0.319049	0.324733	0.32001	0.305245	0.309607	0.326262	0.346138	0.318805	0.329889	0.324049	0.321738	0.340141	0.339332	0.333445	0.313298	0.316056	0.326926	0.318837	0.305156	0.346947	0.335494	0.345568	0.338816	0.339886	0.34121	0.335746	0.324988	0.337617	0.343579	0.318436	0.311333	0.314655	0.316728	0.30119	0.306503	0.303164	0.300313	0.307533	0.302036	0.300587	0.302587	0.301149	0.311582	0.307354	0.305848	0.314128	0.348212	0.346509	0.324956	0.324712	0.300615	0.304076	0.308637	0.301452	0.332074	0.333728	0.304711	0.332171	0.316744	0.306461	0.306542	0.315982	0.312815	0.329853	0.342807	0.334234	0.323112	0.299238	0.311422	0.302212	0.315926	0.298126	0.326355	0.314991	0.312448	0.316988	0.317579	0.312346	0.316989	0.315041	0.313049	0.303046	0.289482	0.296786	0.306789	0.297675	0.325844	0.297631	0.321924	0.300575	0.293306	0.268476	0.275835	0.281649	0.287663	0.287658	0.287736	0.29839	0.274606	0.301544	0.285114	0.299902	0.282007	0.278408	0.285632	0.29216	0.304266	0.308601	0.31505	0.328658	0.303629	0.301255	0.293254	0.279312	0.283805	0.284053	0.269737	0.293538	0.295171	0.293211	0.284396	0.289268	0.300807	0.301167	0.299307	0.291953	0.288607	0.272525	0.297712	0.283654	0.271047	0.284286	0.248021	0.189189	0.231438	0.214216	0.195949	0.177759	0.175333	0.192943	0.18748	0.172661	0.187904	0.207473	0.212111	0.209833	0.205224	0.204825	0.159721	0.170527	0.168373	0.193257	0.186467	0.190901	0.154819	0.162311	0.164619	0.15685	0.166008	0.164778	0.160961	0.14128	0.134967	0.282244	0.284518	0.241725	0.253498	0.232422	0.216371	0.219974	0.142759	0.159276	0.206267	0.214873	0.152714	0.148125	0.188644	0.194058	0.177977	0.243794	0.221214	0.213091	0.216982	0.166536	0.159879	0.175124	0.178239	0.182016	0.216499	0.201489	0.21719	0.225766	0.216095	0.203511	0.243032	0.216205	0.23151	0.322766	0.305407	0.327757	0.310919	0.265739	0.268554	0.203362	0.20432	0.322096	0.345883	0.151916	0.163794	0.148768	0.148777	0.160185	0.160189	0.161416	0.156644	0.155439	0.14683	0.143902	0.176393	0.174407	0.269954	0.16494	0.170146	0.142806	0.207861	0.209471	0.214809	0.214714	0.115509	0	0.0285001	0.127612	0.134893	0.131362	0.131702	0.26866	0.320584	0.329246	0.315402	0.353326	0.329253	0.337897	0.340485	0.325573	0.321578	0.284248	0.286615	0.287694	0.295174	0.286983	0.275693	0.222882	0.216155	0.26517	0.267383	0.263957	0.262853	0.328869	0.330346	0.279131	0.287686	0.287955	0.182775	0.195211	0.185284	0.139991	0.197691	0.200895	0.178148	0.194584	0.192903	0.183004	0.239611	0.255795	0.207261	0.178813	0.206127	0.195684	0.206555	0.211559	0.201491	0.185396	0.202223	0.18606	0.137789	0.244573	0.233439	0.254918	0.159706	0.166574	0.1826	0.174542	0.17231	0.199447	0.203979	0.16153	0.134244	0.131419	0.139185	0.139224	0.139933	0.152829	0.164085	0.283254	0.308655	0.309245	0.302084	0.308185	0.30345	0.330553	0.36861	0.308751	0.325045	0.317109	0.348516
Pluvianellus_socialis	0.283969	0.30222	0.306489	0.353963	0.32635	0.309251	0.335291	0.333053	0.29382	0.324143	0.336357	0.315471	0.331612	0.321994	0.327678	0.322955	0.30819	0.312552	0.329207	0.349083	0.32175	0.332834	0.326994	0.324683	0.343086	0.342277	0.336389	0.316243	0.319001	0.329871	0.321782	0.308101	0.349892	0.338439	0.348512	0.34176	0.34283	0.344154	0.338691	0.327933	0.340561	0.346524	0.321381	0.314278	0.3176	0.319672	0.304135	0.309448	0.306109	0.303258	0.310478	0.30498	0.303532	0.305532	0.304094	0.314526	0.310299	0.308793	0.317073	0.351156	0.349453	0.327901	0.327657	0.303559	0.307021	0.311582	0.304396	0.335019	0.336672	0.307656	0.335116	0.319689	0.309406	0.309487	0.318927	0.315759	0.332797	0.345752	0.337179	0.326057	0.302183	0.314367	0.305157	0.318871	0.301071	0.3293	0.317936	0.315392	0.319932	0.320524	0.315291	0.319933	0.317986	0.315994	0.305991	0.292427	0.299731	0.309734	0.300619	0.328789	0.300575	0.324869	0.303519	0.296251	0.27142	0.27878	0.284593	0.290607	0.290602	0.290681	0.301334	0.277551	0.304489	0.288058	0.302847	0.284952	0.281353	0.288576	0.295105	0.30721	0.311545	0.317995	0.331602	0.306574	0.3042	0.296198	0.282257	0.28675	0.286997	0.272682	0.296483	0.298116	0.296156	0.28734	0.292212	0.303751	0.304111	0.302252	0.294898	0.291552	0.275469	0.300656	0.286599	0.273992	0.287231	0.250966	0.192134	0.234383	0.217161	0.198894	0.180703	0.178278	0.195887	0.190424	0.175606	0.190849	0.210417	0.215056	0.212777	0.208168	0.20777	0.162665	0.173471	0.171317	0.196202	0.189412	0.193846	0.157764	0.165256	0.167563	0.159795	0.168953	0.167723	0.163905	0.144225	0.137911	0.285189	0.287463	0.244669	0.256442	0.235367	0.219316	0.222919	0.145703	0.16222	0.209211	0.217817	0.155659	0.15107	0.191588	0.197002	0.180921	0.246739	0.224159	0.216036	0.219927	0.16948	0.162823	0.178069	0.181184	0.18496	0.219444	0.204434	0.220135	0.228711	0.219039	0.206456	0.245977	0.21915	0.234454	0.32571	0.308352	0.330702	0.313864	0.268684	0.271499	0.206307	0.207264	0.32504	0.348828	0.154861	0.166739	0.151712	0.151722	0.16313	0.163134	0.16436	0.159588	0.158384	0.149775	0.146846	0.179338	0.177352	0.272899	0.167885	0.173091	0.145751	0.210805	0.212415	0.217754	0.217659	0.118454	0.0285001	0	0.130557	0.137838	0.134307	0.134647	0.271604	0.323529	0.33219	0.318347	0.356271	0.332197	0.340842	0.34343	0.328517	0.324523	0.287192	0.28956	0.290639	0.298119	0.289928	0.278638	0.225827	0.2191	0.268114	0.270328	0.266902	0.265798	0.331814	0.33329	0.282076	0.29063	0.290899	0.18572	0.198155	0.188228	0.142935	0.200636	0.20384	0.181092	0.197529	0.195848	0.185948	0.242555	0.258739	0.210206	0.181757	0.209071	0.198629	0.2095	0.214503	0.204435	0.188341	0.205167	0.189004	0.140734	0.247518	0.236383	0.257863	0.16265	0.169518	0.185545	0.177486	0.175254	0.202392	0.206924	0.164475	0.137189	0.134364	0.142129	0.142169	0.142877	0.155774	0.16703	0.286199	0.3116	0.312189	0.305029	0.31113	0.306395	0.333498	0.371554	0.311696	0.32799	0.320054	0.351461
Charadrius_alexandrinus	0.245731	0.263982	0.268251	0.315725	0.288111	0.271013	0.297053	0.294815	0.255582	0.285904	0.298119	0.277233	0.293374	0.283755	0.289439	0.284717	0.269952	0.274314	0.290969	0.310845	0.283511	0.294596	0.288755	0.286445	0.304848	0.304038	0.298151	0.278004	0.280763	0.291633	0.283544	0.269863	0.311654	0.300201	0.310274	0.303522	0.304592	0.305916	0.300453	0.289695	0.302323	0.308285	0.283143	0.27604	0.279362	0.281434	0.265897	0.271209	0.267871	0.26502	0.27224	0.266742	0.265294	0.267293	0.265856	0.276288	0.272061	0.270555	0.278835	0.312918	0.311215	0.289663	0.289418	0.265321	0.268782	0.273343	0.266158	0.29678	0.298434	0.269418	0.296878	0.28145	0.271168	0.271249	0.280688	0.277521	0.294559	0.307513	0.298941	0.287819	0.263945	0.276128	0.266919	0.280633	0.262832	0.291061	0.279698	0.277154	0.281694	0.282286	0.277053	0.281695	0.279748	0.277756	0.267753	0.254189	0.261493	0.271495	0.262381	0.290551	0.262337	0.28663	0.265281	0.258013	0.233182	0.240542	0.246355	0.252369	0.252364	0.252443	0.263096	0.239313	0.266251	0.24982	0.264609	0.246714	0.243115	0.250338	0.256866	0.268972	0.273307	0.279757	0.293364	0.268336	0.265962	0.25796	0.244019	0.248512	0.248759	0.234444	0.258245	0.259878	0.257917	0.249102	0.253974	0.265513	0.265873	0.264014	0.256659	0.253314	0.237231	0.262418	0.248361	0.235754	0.248992	0.212728	0.153895	0.196145	0.178923	0.160656	0.142465	0.14004	0.157649	0.152186	0.137367	0.152611	0.172179	0.176818	0.174539	0.16993	0.169532	0.124427	0.135233	0.133079	0.157964	0.151173	0.155607	0.119526	0.127018	0.129325	0.121557	0.130715	0.129485	0.125667	0.105987	0.0996733	0.246951	0.249224	0.206431	0.218204	0.197129	0.181078	0.184681	0.107465	0.123982	0.170973	0.179579	0.11742	0.112831	0.15335	0.158764	0.142683	0.208501	0.185921	0.177798	0.181689	0.131242	0.124585	0.139831	0.142946	0.146722	0.181206	0.166196	0.181897	0.190472	0.180801	0.168218	0.207739	0.180911	0.196216	0.287472	0.270114	0.292464	0.275625	0.230446	0.233261	0.168069	0.169026	0.286802	0.31059	0.116623	0.1285	0.113474	0.113484	0.124892	0.124896	0.126122	0.12135	0.120145	0.111537	0.108608	0.1411	0.139114	0.234661	0.129647	0.134853	0.107513	0.172567	0.174177	0.179516	0.179421	0.107007	0.127612	0.130557	0	0.0524295	0.0650746	0.0654146	0.233366	0.285291	0.293952	0.280109	0.318033	0.293959	0.302603	0.305192	0.290279	0.286285	0.248954	0.251321	0.252401	0.259881	0.25169	0.2404	0.187589	0.180862	0.229876	0.23209	0.228664	0.227559	0.293575	0.295052	0.243838	0.252392	0.252661	0.147482	0.159917	0.14999	0.104697	0.162398	0.165602	0.142854	0.159291	0.15761	0.14771	0.204317	0.220501	0.171967	0.143519	0.170833	0.16039	0.171261	0.176265	0.166197	0.150103	0.166929	0.150766	0.102496	0.20928	0.198145	0.219625	0.124412	0.13128	0.147307	0.139248	0.137016	0.164154	0.168686	0.126237	0.0989507	0.0961255	0.103891	0.103931	0.104639	0.117536	0.128792	0.247961	0.273362	0.273951	0.266791	0.272891	0.268157	0.29526	0.333316	0.273458	0.289751	0.281816	0.313223
Charadrius_vociferus	0.253012	0.271263	0.275532	0.323006	0.295393	0.278294	0.304335	0.302096	0.262863	0.293186	0.3054	0.284514	0.300655	0.291037	0.296721	0.291998	0.277233	0.281595	0.29825	0.318126	0.290793	0.301877	0.296037	0.293726	0.312129	0.31132	0.305433	0.285286	0.288044	0.298914	0.290825	0.277144	0.318935	0.307482	0.317555	0.310804	0.311873	0.313198	0.307734	0.296976	0.309604	0.315567	0.290424	0.283321	0.286643	0.288715	0.273178	0.278491	0.275152	0.272301	0.279521	0.274023	0.272575	0.274575	0.273137	0.283569	0.279342	0.277836	0.286116	0.320199	0.318496	0.296944	0.2967	0.272602	0.276064	0.280625	0.273439	0.304062	0.305715	0.276699	0.304159	0.288732	0.278449	0.27853	0.28797	0.284802	0.301841	0.314795	0.306222	0.2951	0.271226	0.28341	0.2742	0.287914	0.270114	0.298343	0.286979	0.284435	0.288975	0.289567	0.284334	0.288976	0.287029	0.285037	0.275034	0.26147	0.268774	0.278777	0.269662	0.297832	0.269618	0.293912	0.272562	0.265294	0.240463	0.247823	0.253636	0.25965	0.259645	0.259724	0.270377	0.246594	0.273532	0.257101	0.27189	0.253995	0.250396	0.257619	0.264148	0.276253	0.280588	0.287038	0.300645	0.275617	0.273243	0.265242	0.2513	0.255793	0.25604	0.241725	0.265526	0.267159	0.265199	0.256383	0.261255	0.272795	0.273154	0.271295	0.263941	0.260595	0.244512	0.269699	0.255642	0.243035	0.256274	0.220009	0.161177	0.203426	0.186204	0.167937	0.149746	0.147321	0.164931	0.159467	0.144649	0.159892	0.17946	0.184099	0.181821	0.177211	0.176813	0.131708	0.142514	0.14036	0.165245	0.158455	0.162889	0.126807	0.134299	0.136607	0.128838	0.137996	0.136766	0.132948	0.113268	0.106954	0.254232	0.256506	0.213712	0.225485	0.20441	0.188359	0.191962	0.114746	0.131264	0.178254	0.18686	0.124702	0.120113	0.160631	0.166045	0.149964	0.215782	0.193202	0.185079	0.18897	0.138523	0.131866	0.147112	0.150227	0.154003	0.188487	0.173477	0.189178	0.197754	0.188083	0.175499	0.21502	0.188193	0.203497	0.294753	0.277395	0.299745	0.282907	0.237727	0.240542	0.17535	0.176307	0.294083	0.317871	0.123904	0.135782	0.120755	0.120765	0.132173	0.132177	0.133403	0.128631	0.127427	0.118818	0.11589	0.148381	0.146395	0.241942	0.136928	0.142134	0.114794	0.179849	0.181458	0.186797	0.186702	0.114288	0.134893	0.137838	0.0524295	0	0.0723558	0.0726958	0.240648	0.292572	0.301233	0.28739	0.325314	0.30124	0.309885	0.312473	0.297561	0.293566	0.256236	0.258603	0.259682	0.267162	0.258971	0.247681	0.19487	0.188143	0.237157	0.239371	0.235945	0.234841	0.300857	0.302333	0.251119	0.259673	0.259942	0.154763	0.167198	0.157271	0.111978	0.169679	0.172883	0.150135	0.166572	0.164891	0.154992	0.211598	0.227782	0.179249	0.1508	0.178114	0.167672	0.178543	0.183546	0.173478	0.157384	0.17421	0.158047	0.109777	0.216561	0.205426	0.226906	0.131694	0.138562	0.154588	0.146529	0.144298	0.171435	0.175967	0.133518	0.106232	0.103407	0.111173	0.111212	0.11192	0.124817	0.136073	0.255242	0.280643	0.281232	0.274072	0.280173	0.275438	0.302541	0.340597	0.280739	0.297033	0.289097	0.320504
Himantopus_himantopus	0.249482	0.267733	0.272002	0.319476	0.291862	0.274764	0.300804	0.298566	0.259333	0.289655	0.301869	0.280984	0.297125	0.287506	0.29319	0.288467	0.273702	0.278064	0.294719	0.314595	0.287262	0.298346	0.292506	0.290195	0.308598	0.307789	0.301902	0.281755	0.284513	0.295383	0.287294	0.273613	0.315404	0.303951	0.314025	0.307273	0.308343	0.309667	0.304203	0.293445	0.306074	0.312036	0.286893	0.27979	0.283112	0.285185	0.269647	0.27496	0.271621	0.268771	0.27599	0.270493	0.269044	0.271044	0.269606	0.280039	0.275811	0.274306	0.282585	0.316669	0.314966	0.293413	0.293169	0.269072	0.272533	0.277094	0.269909	0.300531	0.302185	0.273169	0.300629	0.285201	0.274918	0.274999	0.284439	0.281272	0.29831	0.311264	0.302691	0.291569	0.267696	0.279879	0.270669	0.284383	0.266583	0.294812	0.283448	0.280905	0.285445	0.286036	0.280803	0.285446	0.283498	0.281506	0.271503	0.257939	0.265243	0.275246	0.266132	0.294301	0.266088	0.290381	0.269032	0.261763	0.236933	0.244292	0.250106	0.25612	0.256115	0.256193	0.266847	0.243064	0.270001	0.253571	0.268359	0.250464	0.246865	0.254089	0.260617	0.272723	0.277058	0.283507	0.297115	0.272086	0.269712	0.261711	0.247769	0.252262	0.25251	0.238194	0.261995	0.263628	0.261668	0.252853	0.257725	0.269264	0.269624	0.267764	0.26041	0.257064	0.240982	0.266169	0.252111	0.239504	0.252743	0.216478	0.157646	0.199895	0.182673	0.164406	0.146216	0.14379	0.1614	0.155937	0.141118	0.156361	0.17593	0.180568	0.17829	0.173681	0.173282	0.128178	0.138984	0.13683	0.161714	0.154924	0.159358	0.123276	0.130768	0.133076	0.125307	0.134465	0.133235	0.129418	0.109737	0.103424	0.250701	0.252975	0.210182	0.221955	0.200879	0.184828	0.188431	0.111216	0.127733	0.174724	0.18333	0.121171	0.116582	0.157101	0.162515	0.146434	0.212251	0.189671	0.181548	0.185439	0.134993	0.128336	0.143581	0.146696	0.150473	0.184956	0.169946	0.185647	0.194223	0.184552	0.171968	0.211489	0.184662	0.199967	0.291223	0.273865	0.296214	0.279376	0.234196	0.237011	0.17182	0.172777	0.290553	0.31434	0.120373	0.132251	0.117225	0.117234	0.128642	0.128647	0.129873	0.125101	0.123896	0.115287	0.112359	0.14485	0.142865	0.238411	0.133397	0.138604	0.111264	0.176318	0.177928	0.183266	0.183172	0.110757	0.131362	0.134307	0.0650746	0.0723558	0	0.051604	0.237117	0.289042	0.297703	0.28386	0.321783	0.29771	0.306354	0.308943	0.29403	0.290035	0.252705	0.255072	0.256151	0.263631	0.25544	0.24415	0.191339	0.184612	0.233627	0.23584	0.232414	0.23131	0.297326	0.298803	0.247588	0.256143	0.256412	0.151232	0.163668	0.153741	0.108448	0.166148	0.169352	0.146605	0.163041	0.16136	0.151461	0.208068	0.224252	0.175718	0.14727	0.174584	0.164141	0.175012	0.180016	0.169948	0.153853	0.17068	0.154517	0.106246	0.21303	0.201896	0.223375	0.128163	0.135031	0.151057	0.142999	0.140767	0.167904	0.172436	0.129987	0.102701	0.099876	0.107642	0.107682	0.10839	0.121286	0.132542	0.251711	0.277112	0.277702	0.270541	0.276642	0.271908	0.29901	0.337067	0.277208	0.293502	0.285566	0.316973
Ibidorhyncha_struthersii	0.249822	0.268073	0.272342	0.319816	0.292202	0.275104	0.301144	0.298906	0.259673	0.289995	0.302209	0.281324	0.297465	0.287846	0.29353	0.288807	0.274042	0.278404	0.295059	0.314935	0.287602	0.298686	0.292846	0.290535	0.308938	0.308129	0.302242	0.282095	0.284853	0.295723	0.287634	0.273953	0.315744	0.304291	0.314365	0.307613	0.308683	0.310007	0.304543	0.293785	0.306414	0.312376	0.287233	0.28013	0.283452	0.285525	0.269987	0.2753	0.271961	0.269111	0.27633	0.270833	0.269384	0.271384	0.269946	0.280379	0.276151	0.274646	0.282926	0.317009	0.315306	0.293753	0.293509	0.269412	0.272873	0.277434	0.270249	0.300871	0.302525	0.273509	0.300969	0.285541	0.275258	0.275339	0.284779	0.281612	0.29865	0.311604	0.303031	0.291909	0.268036	0.280219	0.271009	0.284723	0.266923	0.295152	0.283788	0.281245	0.285785	0.286376	0.281144	0.285786	0.283838	0.281846	0.271843	0.258279	0.265583	0.275586	0.266472	0.294641	0.266428	0.290721	0.269372	0.262103	0.237273	0.244632	0.250446	0.25646	0.256455	0.256533	0.267187	0.243404	0.270341	0.253911	0.268699	0.250804	0.247206	0.254429	0.260957	0.273063	0.277398	0.283847	0.297455	0.272426	0.270052	0.262051	0.248109	0.252602	0.25285	0.238534	0.262335	0.263968	0.262008	0.253193	0.258065	0.269604	0.269964	0.268104	0.26075	0.257404	0.241322	0.266509	0.252451	0.239844	0.253083	0.216818	0.157986	0.200235	0.183013	0.164746	0.146556	0.14413	0.16174	0.156277	0.141458	0.156701	0.17627	0.180909	0.17863	0.174021	0.173622	0.128518	0.139324	0.13717	0.162054	0.155264	0.159698	0.123616	0.131108	0.133416	0.125647	0.134805	0.133575	0.129758	0.110077	0.103764	0.251041	0.253315	0.210522	0.222295	0.201219	0.185168	0.188771	0.111556	0.128073	0.175064	0.18367	0.121511	0.116922	0.157441	0.162855	0.146774	0.212591	0.190011	0.181888	0.185779	0.135333	0.128676	0.143921	0.147036	0.150813	0.185296	0.170286	0.185987	0.194563	0.184892	0.172308	0.211829	0.185002	0.200307	0.291563	0.274205	0.296554	0.279716	0.234536	0.237351	0.17216	0.173117	0.290893	0.31468	0.120713	0.132591	0.117565	0.117574	0.128982	0.128987	0.130213	0.125441	0.124236	0.115627	0.112699	0.14519	0.143205	0.238751	0.133737	0.138944	0.111604	0.176658	0.178268	0.183606	0.183512	0.111097	0.131702	0.134647	0.0654146	0.0726958	0.051604	0	0.237457	0.289382	0.298043	0.2842	0.322123	0.29805	0.306694	0.309283	0.29437	0.290375	0.253045	0.255412	0.256491	0.263971	0.25578	0.24449	0.191679	0.184952	0.233967	0.23618	0.232754	0.23165	0.297666	0.299143	0.247928	0.256483	0.256752	0.151572	0.164008	0.154081	0.108788	0.166488	0.169692	0.146945	0.163381	0.1617	0.151801	0.208408	0.224592	0.176058	0.14761	0.174924	0.164481	0.175352	0.180356	0.170288	0.154193	0.17102	0.154857	0.106586	0.21337	0.202236	0.223715	0.128503	0.135371	0.151397	0.143339	0.141107	0.168244	0.172776	0.130327	0.103041	0.100216	0.107982	0.108022	0.10873	0.121626	0.132883	0.252051	0.277452	0.278042	0.270881	0.276982	0.272248	0.29935	0.337407	0.277548	0.293842	0.285906	0.317313
Alectura_lathami	0.370176	0.388426	0.392695	0.44017	0.412556	0.395458	0.421498	0.41926	0.380026	0.410349	0.422563	0.401677	0.417819	0.4082	0.413884	0.409161	0.394396	0.398758	0.415413	0.435289	0.407956	0.41904	0.4132	0.410889	0.429292	0.428483	0.422596	0.402449	0.405207	0.416077	0.407988	0.394307	0.436098	0.424645	0.434719	0.427967	0.429036	0.430361	0.424897	0.414139	0.426767	0.43273	0.407587	0.400484	0.403806	0.405879	0.390341	0.395654	0.392315	0.389464	0.396684	0.391187	0.389738	0.391738	0.3903	0.400732	0.396505	0.394999	0.403279	0.437363	0.43566	0.414107	0.413863	0.389766	0.393227	0.397788	0.390603	0.421225	0.422878	0.393862	0.421322	0.405895	0.395612	0.395693	0.405133	0.401966	0.419004	0.431958	0.423385	0.412263	0.388389	0.400573	0.391363	0.405077	0.387277	0.415506	0.404142	0.401599	0.406139	0.40673	0.401497	0.40614	0.404192	0.4022	0.392197	0.378633	0.385937	0.39594	0.386826	0.414995	0.386782	0.411075	0.389726	0.382457	0.357626	0.364986	0.3708	0.376814	0.376809	0.376887	0.387541	0.363757	0.390695	0.374265	0.389053	0.371158	0.367559	0.374783	0.381311	0.393416	0.397752	0.404201	0.417809	0.39278	0.390406	0.382405	0.368463	0.372956	0.373204	0.358888	0.382689	0.384322	0.382362	0.373547	0.378419	0.389958	0.390318	0.388458	0.381104	0.377758	0.361676	0.386863	0.372805	0.360198	0.373437	0.337172	0.27834	0.320589	0.303367	0.2851	0.26691	0.264484	0.282094	0.276631	0.261812	0.277055	0.296624	0.301262	0.298984	0.294375	0.293976	0.248872	0.259677	0.257524	0.282408	0.275618	0.280052	0.24397	0.251462	0.25377	0.246001	0.255159	0.253929	0.250111	0.230431	0.224118	0.371395	0.373669	0.330876	0.342649	0.321573	0.305522	0.309125	0.23191	0.248427	0.295418	0.304024	0.241865	0.237276	0.277795	0.283209	0.267128	0.332945	0.310365	0.302242	0.306133	0.255687	0.24903	0.264275	0.26739	0.271166	0.30565	0.29064	0.306341	0.314917	0.305246	0.292662	0.332183	0.305356	0.320661	0.411917	0.394558	0.416908	0.40007	0.35489	0.357705	0.292513	0.293471	0.411247	0.435034	0.25531	0.267188	0.252162	0.252172	0.26358	0.263584	0.26481	0.260038	0.258833	0.250224	0.247296	0.279787	0.277802	0.373349	0.268334	0.273541	0.246201	0.311255	0.312865	0.318204	0.318109	0.248055	0.26866	0.271604	0.233366	0.240648	0.237117	0.237457	0	0.206405	0.215066	0.201223	0.239147	0.215073	0.223718	0.226306	0.211394	0.207399	0.170069	0.24407	0.24515	0.252629	0.244438	0.233148	0.180338	0.17361	0.276286	0.278499	0.275073	0.273969	0.339985	0.341462	0.290247	0.298802	0.299071	0.263725	0.276161	0.266233	0.229142	0.286842	0.290046	0.267299	0.283735	0.282054	0.272155	0.328761	0.344946	0.296412	0.267964	0.295277	0.284835	0.295706	0.300709	0.290642	0.274547	0.291374	0.275211	0.22694	0.333724	0.32259	0.344069	0.248857	0.255725	0.271751	0.263693	0.261461	0.288598	0.29313	0.250681	0.223395	0.22057	0.228336	0.228375	0.229083	0.24198	0.253236	0.372405	0.397806	0.398396	0.391235	0.397336	0.392601	0.419704	0.457761	0.397902	0.414196	0.40626	0.437667
Callipepla_squamata	0.4221	0.440351	0.44462	0.492094	0.464481	0.447382	0.473422	0.471184	0.431951	0.462274	0.474488	0.453602	0.469743	0.460125	0.465809	0.461086	0.446321	0.450683	0.467338	0.487214	0.459881	0.470965	0.465125	0.462814	0.481217	0.480408	0.47452	0.454374	0.457132	0.468002	0.459913	0.446232	0.488023	0.47657	0.486643	0.479891	0.480961	0.482285	0.476822	0.466064	0.478692	0.484655	0.459512	0.452409	0.455731	0.457803	0.442266	0.447579	0.44424	0.441389	0.448609	0.443111	0.441663	0.443662	0.442225	0.452657	0.44843	0.446924	0.455204	0.489287	0.487584	0.466032	0.465788	0.44169	0.445152	0.449713	0.442527	0.47315	0.474803	0.445787	0.473247	0.457819	0.447537	0.447618	0.457058	0.45389	0.470928	0.483882	0.47531	0.464188	0.440314	0.452498	0.443288	0.457002	0.439202	0.467431	0.456067	0.453523	0.458063	0.458655	0.453422	0.458064	0.456117	0.454125	0.444122	0.430558	0.437862	0.447865	0.43875	0.46692	0.438706	0.463	0.44165	0.434382	0.409551	0.416911	0.422724	0.428738	0.428733	0.428812	0.439465	0.415682	0.44262	0.426189	0.440978	0.423083	0.419484	0.426707	0.433236	0.445341	0.449676	0.456126	0.469733	0.444705	0.442331	0.434329	0.420388	0.424881	0.425128	0.410813	0.434614	0.436247	0.434287	0.425471	0.430343	0.441882	0.442242	0.440383	0.433029	0.429683	0.4136	0.438787	0.42473	0.412123	0.425362	0.389097	0.330265	0.372514	0.355292	0.337025	0.318834	0.316409	0.334018	0.328555	0.313736	0.32898	0.348548	0.353187	0.350908	0.346299	0.345901	0.300796	0.311602	0.309448	0.334333	0.327543	0.331977	0.295895	0.303387	0.305694	0.297926	0.307084	0.305854	0.302036	0.282356	0.276042	0.42332	0.425594	0.3828	0.394573	0.373498	0.357447	0.36105	0.283834	0.300351	0.347342	0.355948	0.293789	0.289201	0.329719	0.335133	0.319052	0.38487	0.36229	0.354167	0.358058	0.307611	0.300954	0.3162	0.319315	0.323091	0.357575	0.342565	0.358266	0.366842	0.35717	0.344587	0.384108	0.357281	0.372585	0.463841	0.446483	0.468833	0.451995	0.406815	0.40963	0.344438	0.345395	0.463171	0.486959	0.307235	0.319113	0.304087	0.304096	0.315504	0.315509	0.316735	0.311963	0.310758	0.302149	0.299221	0.331712	0.329727	0.425273	0.320259	0.325465	0.298126	0.36318	0.36479	0.370128	0.370034	0.299979	0.320584	0.323529	0.285291	0.292572	0.289042	0.289382	0.206405	0	0.0267681	0.054358	0.149746	0.125672	0.134316	0.136905	0.121992	0.131927	0.191535	0.295995	0.297074	0.304554	0.296363	0.285073	0.232262	0.225535	0.32821	0.330424	0.326998	0.325894	0.39191	0.393386	0.342172	0.350726	0.350995	0.31565	0.328085	0.318158	0.281066	0.338767	0.341971	0.319223	0.33566	0.333979	0.324079	0.380686	0.39687	0.348337	0.319888	0.347202	0.33676	0.347631	0.352634	0.342566	0.326472	0.343298	0.327135	0.278865	0.385649	0.374514	0.395994	0.300781	0.307649	0.323676	0.315617	0.313385	0.340523	0.345055	0.302606	0.27532	0.272495	0.28026	0.2803	0.281008	0.293905	0.305161	0.42433	0.449731	0.45032	0.44316	0.449261	0.444526	0.471629	0.509685	0.449827	0.466121	0.458185	0.489592
Colinus_virginianus	0.430761	0.449012	0.453281	0.500755	0.473142	0.456043	0.482083	0.479845	0.440612	0.470935	0.483149	0.462263	0.478404	0.468786	0.47447	0.469747	0.454982	0.459344	0.475999	0.495875	0.468542	0.479626	0.473786	0.471475	0.489878	0.489069	0.483182	0.463035	0.465793	0.476663	0.468574	0.454893	0.496684	0.485231	0.495304	0.488553	0.489622	0.490947	0.485483	0.474725	0.487353	0.493316	0.468173	0.46107	0.464392	0.466464	0.450927	0.45624	0.452901	0.45005	0.45727	0.451772	0.450324	0.452324	0.450886	0.461318	0.457091	0.455585	0.463865	0.497948	0.496245	0.474693	0.474449	0.450351	0.453813	0.458374	0.451188	0.481811	0.483464	0.454448	0.481908	0.466481	0.456198	0.456279	0.465719	0.462551	0.47959	0.492544	0.483971	0.472849	0.448975	0.461159	0.451949	0.465663	0.447863	0.476092	0.464728	0.462184	0.466724	0.467316	0.462083	0.466725	0.464778	0.462786	0.452783	0.439219	0.446523	0.456526	0.447411	0.475581	0.447367	0.471661	0.450311	0.443043	0.418212	0.425572	0.431385	0.437399	0.437394	0.437473	0.448126	0.424343	0.451281	0.43485	0.449639	0.431744	0.428145	0.435368	0.441897	0.454002	0.458337	0.464787	0.478394	0.453366	0.450992	0.442991	0.429049	0.433542	0.433789	0.419474	0.443275	0.444908	0.442948	0.434132	0.439004	0.450544	0.450903	0.449044	0.44169	0.438344	0.422261	0.447448	0.433391	0.420784	0.434023	0.397758	0.338926	0.381175	0.363953	0.345686	0.327495	0.32507	0.342679	0.337216	0.322398	0.337641	0.357209	0.361848	0.359569	0.35496	0.354562	0.309457	0.320263	0.318109	0.342994	0.336204	0.340638	0.304556	0.312048	0.314356	0.306587	0.315745	0.314515	0.310697	0.291017	0.284703	0.431981	0.434255	0.391461	0.403234	0.382159	0.366108	0.369711	0.292495	0.309013	0.356003	0.364609	0.302451	0.297862	0.33838	0.343794	0.327713	0.393531	0.370951	0.362828	0.366719	0.316272	0.309615	0.324861	0.327976	0.331752	0.366236	0.351226	0.366927	0.375503	0.365832	0.353248	0.392769	0.365942	0.381246	0.472502	0.455144	0.477494	0.460656	0.415476	0.418291	0.353099	0.354056	0.471832	0.49562	0.315896	0.327774	0.312748	0.312757	0.324165	0.32417	0.325396	0.320624	0.319419	0.31081	0.307882	0.340373	0.338388	0.433934	0.32892	0.334127	0.306787	0.371841	0.373451	0.378789	0.378695	0.30864	0.329246	0.33219	0.293952	0.301233	0.297703	0.298043	0.215066	0.0267681	0	0.0630191	0.158407	0.134333	0.142977	0.145566	0.130653	0.140588	0.200197	0.304656	0.305735	0.313215	0.305024	0.293734	0.240923	0.234196	0.336871	0.339085	0.335659	0.334555	0.400571	0.402047	0.350833	0.359388	0.359657	0.324311	0.336746	0.326819	0.289727	0.347428	0.350632	0.327884	0.344321	0.34264	0.332741	0.389347	0.405531	0.356998	0.328549	0.355863	0.345421	0.356292	0.361295	0.351227	0.335133	0.351959	0.335796	0.287526	0.39431	0.383175	0.404655	0.309443	0.316311	0.332337	0.324278	0.322047	0.349184	0.353716	0.311267	0.283981	0.281156	0.288922	0.288961	0.289669	0.302566	0.313822	0.432991	0.458392	0.458981	0.451821	0.457922	0.453187	0.48029	0.518346	0.458488	0.474782	0.466846	0.498253
Odontophorus_gujanensis	0.416918	0.435169	0.439438	0.486912	0.459299	0.4422	0.46824	0.466002	0.426769	0.457092	0.469306	0.44842	0.464561	0.454943	0.460627	0.455904	0.441139	0.445501	0.462156	0.482032	0.454699	0.465783	0.459943	0.457632	0.476035	0.475226	0.469338	0.449192	0.45195	0.46282	0.454731	0.44105	0.482841	0.471388	0.481461	0.474709	0.475779	0.477103	0.47164	0.460882	0.47351	0.479473	0.45433	0.447227	0.450549	0.452621	0.437084	0.442397	0.439058	0.436207	0.443427	0.437929	0.436481	0.438481	0.437043	0.447475	0.443248	0.441742	0.450022	0.484105	0.482402	0.46085	0.460606	0.436508	0.43997	0.444531	0.437345	0.467968	0.469621	0.440605	0.468065	0.452638	0.442355	0.442436	0.451876	0.448708	0.465746	0.478701	0.470128	0.459006	0.435132	0.447316	0.438106	0.45182	0.43402	0.462249	0.450885	0.448341	0.452881	0.453473	0.44824	0.452882	0.450935	0.448943	0.43894	0.425376	0.43268	0.442683	0.433568	0.461738	0.433524	0.457818	0.436468	0.4292	0.404369	0.411729	0.417542	0.423556	0.423551	0.42363	0.434283	0.4105	0.437438	0.421007	0.435796	0.417901	0.414302	0.421525	0.428054	0.440159	0.444494	0.450944	0.464551	0.439523	0.437149	0.429147	0.415206	0.419699	0.419946	0.405631	0.429432	0.431065	0.429105	0.420289	0.425161	0.4367	0.43706	0.435201	0.427847	0.424501	0.408418	0.433605	0.419548	0.406941	0.42018	0.383915	0.325083	0.367332	0.35011	0.331843	0.313652	0.311227	0.328836	0.323373	0.308555	0.323798	0.343366	0.348005	0.345726	0.341117	0.340719	0.295614	0.30642	0.304266	0.329151	0.322361	0.326795	0.290713	0.298205	0.300512	0.292744	0.301902	0.300672	0.296854	0.277174	0.27086	0.418138	0.420412	0.377618	0.389391	0.368316	0.352265	0.355868	0.278652	0.295169	0.34216	0.350766	0.288608	0.284019	0.324537	0.329951	0.31387	0.379688	0.357108	0.348985	0.352876	0.302429	0.295772	0.311018	0.314133	0.317909	0.352393	0.337383	0.353084	0.36166	0.351988	0.339405	0.378926	0.352099	0.367403	0.458659	0.441301	0.463651	0.446813	0.401633	0.404448	0.339256	0.340213	0.457989	0.481777	0.302053	0.313931	0.298905	0.298914	0.310322	0.310327	0.311553	0.306781	0.305576	0.296967	0.294039	0.32653	0.324545	0.420091	0.315077	0.320284	0.292944	0.357998	0.359608	0.364946	0.364852	0.294797	0.315402	0.318347	0.280109	0.28739	0.28386	0.2842	0.201223	0.054358	0.0630191	0	0.144564	0.12049	0.129134	0.131723	0.11681	0.126745	0.186353	0.290813	0.291892	0.299372	0.291181	0.279891	0.22708	0.220353	0.323028	0.325242	0.321816	0.320712	0.386728	0.388204	0.33699	0.345544	0.345813	0.310468	0.322903	0.312976	0.275884	0.333585	0.336789	0.314041	0.330478	0.328797	0.318897	0.375504	0.391688	0.343155	0.314706	0.34202	0.331578	0.342449	0.347452	0.337384	0.32129	0.338116	0.321953	0.273683	0.380467	0.369332	0.390812	0.295599	0.302467	0.318494	0.310435	0.308203	0.335341	0.339873	0.297424	0.270138	0.267313	0.275078	0.275118	0.275826	0.288723	0.299979	0.419148	0.444549	0.445138	0.437978	0.444079	0.439344	0.466447	0.504503	0.444645	0.460939	0.453003	0.48441
Coturnix_japonica	0.454842	0.473093	0.477362	0.524836	0.497222	0.480124	0.506164	0.503926	0.464693	0.495015	0.50723	0.486344	0.502485	0.492866	0.49855	0.493828	0.479063	0.483424	0.500079	0.519956	0.492622	0.503706	0.497866	0.495556	0.513959	0.513149	0.507262	0.487115	0.489874	0.500744	0.492655	0.478973	0.520765	0.509312	0.519385	0.512633	0.513703	0.515027	0.509564	0.498806	0.511434	0.517396	0.492253	0.485151	0.488473	0.490545	0.475008	0.48032	0.476982	0.474131	0.481351	0.475853	0.474404	0.476404	0.474967	0.485399	0.481171	0.479666	0.487946	0.522029	0.520326	0.498774	0.498529	0.474432	0.477893	0.482454	0.475269	0.505891	0.507545	0.478529	0.505989	0.490561	0.480279	0.48036	0.489799	0.486632	0.50367	0.516624	0.508052	0.49693	0.473056	0.485239	0.47603	0.489743	0.471943	0.500172	0.488809	0.486265	0.490805	0.491396	0.486164	0.490806	0.488858	0.486866	0.476864	0.4633	0.470604	0.480606	0.471492	0.499662	0.471448	0.495741	0.474392	0.467124	0.442293	0.449653	0.455466	0.46148	0.461475	0.461554	0.472207	0.448424	0.475362	0.458931	0.47372	0.455825	0.452226	0.459449	0.465977	0.478083	0.482418	0.488868	0.502475	0.477447	0.475072	0.467071	0.45313	0.457623	0.45787	0.443555	0.467355	0.468989	0.467028	0.458213	0.463085	0.474624	0.474984	0.473125	0.46577	0.462425	0.446342	0.471529	0.457472	0.444864	0.458103	0.421839	0.363006	0.405256	0.388034	0.369767	0.351576	0.349151	0.36676	0.361297	0.346478	0.361722	0.38129	0.385929	0.38365	0.379041	0.378643	0.333538	0.344344	0.34219	0.367075	0.360284	0.364718	0.328637	0.336129	0.338436	0.330668	0.339826	0.338596	0.334778	0.315097	0.308784	0.456062	0.458335	0.415542	0.427315	0.40624	0.390188	0.393792	0.316576	0.333093	0.380084	0.38869	0.326531	0.321942	0.362461	0.367875	0.351794	0.417612	0.395032	0.386909	0.3908	0.340353	0.333696	0.348942	0.352057	0.355833	0.390317	0.375307	0.391007	0.399583	0.389912	0.377329	0.41685	0.390022	0.405327	0.496583	0.479225	0.501574	0.484736	0.439557	0.442372	0.37718	0.378137	0.495913	0.5197	0.339977	0.351855	0.336828	0.336838	0.348246	0.34825	0.349477	0.344704	0.3435	0.334891	0.331963	0.364454	0.362468	0.458015	0.353001	0.358207	0.330867	0.395922	0.397531	0.40287	0.402775	0.332721	0.353326	0.356271	0.318033	0.325314	0.321783	0.322123	0.239147	0.149746	0.158407	0.144564	0	0.121832	0.13375	0.136338	0.121426	0.164669	0.224277	0.328737	0.329816	0.337296	0.329105	0.317815	0.265004	0.258277	0.360952	0.363166	0.35974	0.358635	0.424651	0.426128	0.374914	0.383468	0.383737	0.348392	0.360827	0.3509	0.313808	0.371509	0.374713	0.351965	0.368402	0.366721	0.356821	0.413428	0.429612	0.381078	0.35263	0.379944	0.369501	0.380372	0.385376	0.375308	0.359214	0.37604	0.359877	0.311607	0.41839	0.407256	0.428736	0.333523	0.340391	0.356418	0.348359	0.346127	0.373265	0.377797	0.335348	0.308062	0.305236	0.313002	0.313042	0.31375	0.326647	0.337903	0.457072	0.482473	0.483062	0.475902	0.482002	0.477268	0.50437	0.542427	0.482569	0.498862	0.490927	0.522333
Gallus_gallus	0.430769	0.449019	0.453288	0.500763	0.473149	0.456051	0.482091	0.479853	0.440619	0.470942	0.483156	0.46227	0.478412	0.468793	0.474477	0.469754	0.454989	0.459351	0.476006	0.495882	0.468549	0.479633	0.473793	0.471482	0.489885	0.489076	0.483189	0.463042	0.4658	0.47667	0.468581	0.4549	0.496691	0.485238	0.495312	0.48856	0.489629	0.490954	0.48549	0.474732	0.48736	0.493323	0.46818	0.461077	0.464399	0.466472	0.450934	0.456247	0.452908	0.450057	0.457277	0.45178	0.450331	0.452331	0.450893	0.461325	0.457098	0.455592	0.463872	0.497956	0.496252	0.4747	0.474456	0.450359	0.45382	0.458381	0.451196	0.481818	0.483471	0.454455	0.481915	0.466488	0.456205	0.456286	0.465726	0.462559	0.479597	0.492551	0.483978	0.472856	0.448982	0.461166	0.451956	0.46567	0.44787	0.476099	0.464735	0.462192	0.466732	0.467323	0.46209	0.466733	0.464785	0.462793	0.45279	0.439226	0.44653	0.456533	0.447418	0.475588	0.447374	0.471668	0.450319	0.44305	0.418219	0.425579	0.431393	0.437407	0.437402	0.43748	0.448134	0.42435	0.451288	0.434858	0.449646	0.431751	0.428152	0.435376	0.441904	0.454009	0.458344	0.464794	0.478401	0.453373	0.450999	0.442998	0.429056	0.433549	0.433797	0.419481	0.443282	0.444915	0.442955	0.434139	0.439012	0.450551	0.450911	0.449051	0.441697	0.438351	0.422269	0.447456	0.433398	0.420791	0.43403	0.397765	0.338933	0.381182	0.36396	0.345693	0.327503	0.325077	0.342687	0.337224	0.322405	0.337648	0.357217	0.361855	0.359577	0.354968	0.354569	0.309464	0.32027	0.318117	0.343001	0.336211	0.340645	0.304563	0.312055	0.314363	0.306594	0.315752	0.314522	0.310704	0.291024	0.284711	0.431988	0.434262	0.391469	0.403241	0.382166	0.366115	0.369718	0.292503	0.30902	0.356011	0.364617	0.302458	0.297869	0.338388	0.343802	0.32772	0.393538	0.370958	0.362835	0.366726	0.31628	0.309623	0.324868	0.327983	0.331759	0.366243	0.351233	0.366934	0.37551	0.365839	0.353255	0.392776	0.365949	0.381254	0.47251	0.455151	0.477501	0.460663	0.415483	0.418298	0.353106	0.354063	0.47184	0.495627	0.315903	0.327781	0.312755	0.312765	0.324173	0.324177	0.325403	0.320631	0.319426	0.310817	0.307889	0.34038	0.338395	0.433942	0.328927	0.334134	0.306794	0.371848	0.373458	0.378797	0.378702	0.308647	0.329253	0.332197	0.293959	0.30124	0.29771	0.29805	0.215073	0.125672	0.134333	0.12049	0.121832	0	0.109676	0.112265	0.097352	0.140595	0.200204	0.304663	0.305742	0.313222	0.305031	0.293741	0.240931	0.234203	0.336879	0.339092	0.335666	0.334562	0.400578	0.402055	0.35084	0.359395	0.359664	0.324318	0.336753	0.326826	0.289734	0.347435	0.350639	0.327892	0.344328	0.342647	0.332748	0.389354	0.405539	0.357005	0.328557	0.35587	0.345428	0.356299	0.361302	0.351235	0.33514	0.351967	0.335804	0.287533	0.394317	0.383182	0.404662	0.30945	0.316318	0.332344	0.324286	0.322054	0.349191	0.353723	0.311274	0.283988	0.281163	0.288929	0.288968	0.289676	0.302573	0.313829	0.432998	0.458399	0.458988	0.451828	0.457929	0.453194	0.480297	0.518354	0.458495	0.474789	0.466853	0.49826
Meleagris_gallopavo	0.439413	0.457664	0.461933	0.509407	0.481793	0.464695	0.490735	0.488497	0.449264	0.479586	0.4918	0.470915	0.487056	0.477437	0.483121	0.478398	0.463633	0.467995	0.48465	0.504526	0.477193	0.488277	0.482437	0.480126	0.498529	0.49772	0.491833	0.471686	0.474444	0.485314	0.477225	0.463544	0.505335	0.493882	0.503956	0.497204	0.498274	0.499598	0.494134	0.483376	0.496005	0.501967	0.476824	0.469721	0.473043	0.475116	0.459578	0.464891	0.461552	0.458702	0.465921	0.460424	0.458975	0.460975	0.459537	0.46997	0.465742	0.464237	0.472517	0.5066	0.504897	0.483344	0.4831	0.459003	0.462464	0.467025	0.45984	0.490462	0.492116	0.4631	0.49056	0.475132	0.464849	0.464931	0.47437	0.471203	0.488241	0.501195	0.492622	0.4815	0.457627	0.46981	0.4606	0.474314	0.456514	0.484743	0.473379	0.470836	0.475376	0.475967	0.470735	0.475377	0.473429	0.471437	0.461434	0.44787	0.455174	0.465177	0.456063	0.484232	0.456019	0.480312	0.458963	0.451694	0.426864	0.434223	0.440037	0.446051	0.446046	0.446124	0.456778	0.432995	0.459932	0.443502	0.45829	0.440395	0.436797	0.44402	0.450548	0.462654	0.466989	0.473439	0.487046	0.462017	0.459643	0.451642	0.4377	0.442193	0.442441	0.428125	0.451926	0.453559	0.451599	0.442784	0.447656	0.459195	0.459555	0.457695	0.450341	0.446995	0.430913	0.4561	0.442042	0.429435	0.442674	0.406409	0.347577	0.389826	0.372604	0.354337	0.336147	0.333721	0.351331	0.345868	0.331049	0.346292	0.365861	0.3705	0.368221	0.363612	0.363213	0.318109	0.328915	0.326761	0.351645	0.344855	0.349289	0.313207	0.320699	0.323007	0.315238	0.324396	0.323166	0.319349	0.299668	0.293355	0.440632	0.442906	0.400113	0.411886	0.39081	0.374759	0.378362	0.301147	0.317664	0.364655	0.373261	0.311102	0.306513	0.347032	0.352446	0.336365	0.402182	0.379602	0.371479	0.37537	0.324924	0.318267	0.333512	0.336627	0.340404	0.374887	0.359877	0.375578	0.384154	0.374483	0.361899	0.40142	0.374593	0.389898	0.481154	0.463796	0.486145	0.469307	0.424127	0.426942	0.361751	0.362708	0.480484	0.504271	0.324548	0.336425	0.321399	0.321409	0.332817	0.332821	0.334047	0.329275	0.32807	0.319462	0.316533	0.349024	0.347039	0.442586	0.337572	0.342778	0.315438	0.380492	0.382102	0.387441	0.387346	0.317292	0.337897	0.340842	0.302603	0.309885	0.306354	0.306694	0.223718	0.134316	0.142977	0.129134	0.13375	0.109676	0	0.0774756	0.067942	0.14924	0.208848	0.313307	0.314387	0.321867	0.313675	0.302385	0.249575	0.242848	0.345523	0.347736	0.34431	0.343206	0.409222	0.410699	0.359485	0.368039	0.368308	0.332962	0.345398	0.335471	0.298379	0.356079	0.359283	0.336536	0.352972	0.351291	0.341392	0.397999	0.414183	0.365649	0.337201	0.364515	0.354072	0.364943	0.369947	0.359879	0.343784	0.360611	0.344448	0.296177	0.402961	0.391827	0.413307	0.318094	0.324962	0.340988	0.33293	0.330698	0.357835	0.362367	0.319918	0.292632	0.289807	0.297573	0.297613	0.298321	0.311217	0.322474	0.441642	0.467043	0.467633	0.460472	0.466573	0.461839	0.488941	0.526998	0.467139	0.483433	0.475497	0.506904
Tympanuchus_cupido	0.442001	0.460252	0.464521	0.511995	0.484382	0.467283	0.493323	0.491085	0.451852	0.482174	0.494389	0.473503	0.489644	0.480025	0.485709	0.480987	0.466222	0.470584	0.487239	0.507115	0.479782	0.490866	0.485026	0.482715	0.501118	0.500308	0.494421	0.474275	0.477033	0.487903	0.479814	0.466133	0.507924	0.496471	0.506544	0.499792	0.500862	0.502186	0.496723	0.485965	0.498593	0.504556	0.479413	0.47231	0.475632	0.477704	0.462167	0.46748	0.464141	0.46129	0.46851	0.463012	0.461564	0.463563	0.462126	0.472558	0.468331	0.466825	0.475105	0.509188	0.507485	0.485933	0.485689	0.461591	0.465053	0.469613	0.462428	0.493051	0.494704	0.465688	0.493148	0.47772	0.467438	0.467519	0.476959	0.473791	0.490829	0.503783	0.495211	0.484089	0.460215	0.472399	0.463189	0.476903	0.459102	0.487331	0.475968	0.473424	0.477964	0.478556	0.473323	0.477965	0.476018	0.474026	0.464023	0.450459	0.457763	0.467766	0.458651	0.486821	0.458607	0.482901	0.461551	0.454283	0.429452	0.436812	0.442625	0.448639	0.448634	0.448713	0.459366	0.435583	0.462521	0.44609	0.460879	0.442984	0.439385	0.446608	0.453137	0.465242	0.469577	0.476027	0.489634	0.464606	0.462232	0.45423	0.440289	0.444782	0.445029	0.430714	0.454515	0.456148	0.454187	0.445372	0.450244	0.461783	0.462143	0.460284	0.45293	0.449584	0.433501	0.458688	0.444631	0.432024	0.445263	0.408998	0.350166	0.392415	0.375193	0.356926	0.338735	0.33631	0.353919	0.348456	0.333637	0.348881	0.368449	0.373088	0.370809	0.3662	0.365802	0.320697	0.331503	0.329349	0.354234	0.347444	0.351878	0.315796	0.323288	0.325595	0.317827	0.326985	0.325755	0.321937	0.302257	0.295943	0.443221	0.445494	0.402701	0.414474	0.393399	0.377348	0.380951	0.303735	0.320252	0.367243	0.375849	0.31369	0.309102	0.34962	0.355034	0.338953	0.404771	0.382191	0.374068	0.377959	0.327512	0.320855	0.336101	0.339216	0.342992	0.377476	0.362466	0.378167	0.386743	0.377071	0.364488	0.404009	0.377182	0.392486	0.483742	0.466384	0.488734	0.471895	0.426716	0.429531	0.364339	0.365296	0.483072	0.50686	0.327136	0.339014	0.323988	0.323997	0.335405	0.335409	0.336636	0.331864	0.330659	0.32205	0.319122	0.351613	0.349628	0.445174	0.34016	0.345366	0.318026	0.383081	0.384691	0.390029	0.389934	0.31988	0.340485	0.34343	0.305192	0.312473	0.308943	0.309283	0.226306	0.136905	0.145566	0.131723	0.136338	0.112265	0.0774756	0	0.0705306	0.151828	0.211436	0.315896	0.316975	0.324455	0.316264	0.304974	0.252163	0.245436	0.348111	0.350325	0.346899	0.345795	0.411811	0.413287	0.362073	0.370627	0.370896	0.335551	0.347986	0.338059	0.300967	0.358668	0.361872	0.339124	0.355561	0.35388	0.34398	0.400587	0.416771	0.368237	0.339789	0.367103	0.35666	0.367532	0.372535	0.362467	0.346373	0.363199	0.347036	0.298766	0.40555	0.394415	0.415895	0.320682	0.32755	0.343577	0.335518	0.333286	0.360424	0.364956	0.322507	0.295221	0.292396	0.300161	0.300201	0.300909	0.313806	0.325062	0.444231	0.469632	0.470221	0.463061	0.469162	0.464427	0.49153	0.529586	0.469728	0.486022	0.478086	0.509493
Phasianus_colchicus	0.427089	0.445339	0.449608	0.497083	0.469469	0.452371	0.478411	0.476173	0.436939	0.467262	0.479476	0.458591	0.474732	0.465113	0.470797	0.466074	0.451309	0.455671	0.472326	0.492202	0.464869	0.475953	0.470113	0.467802	0.486205	0.485396	0.479509	0.459362	0.46212	0.47299	0.464901	0.45122	0.493011	0.481558	0.491632	0.48488	0.48595	0.487274	0.48181	0.471052	0.48368	0.489643	0.4645	0.457397	0.460719	0.462792	0.447254	0.452567	0.449228	0.446377	0.453597	0.4481	0.446651	0.448651	0.447213	0.457645	0.453418	0.451912	0.460192	0.494276	0.492573	0.47102	0.470776	0.446679	0.45014	0.454701	0.447516	0.478138	0.479792	0.450775	0.478235	0.462808	0.452525	0.452606	0.462046	0.458879	0.475917	0.488871	0.480298	0.469176	0.445302	0.457486	0.448276	0.46199	0.44419	0.472419	0.461055	0.458512	0.463052	0.463643	0.45841	0.463053	0.461105	0.459113	0.44911	0.435546	0.44285	0.452853	0.443739	0.471908	0.443695	0.467988	0.446639	0.43937	0.41454	0.421899	0.427713	0.433727	0.433722	0.4338	0.444454	0.42067	0.447608	0.431178	0.445966	0.428071	0.424472	0.431696	0.438224	0.450329	0.454665	0.461114	0.474722	0.449693	0.447319	0.439318	0.425376	0.429869	0.430117	0.415801	0.439602	0.441235	0.439275	0.43046	0.435332	0.446871	0.447231	0.445371	0.438017	0.434671	0.418589	0.443776	0.429718	0.417111	0.43035	0.394085	0.335253	0.377502	0.36028	0.342013	0.323823	0.321397	0.339007	0.333544	0.318725	0.333968	0.353537	0.358175	0.355897	0.351288	0.350889	0.305785	0.31659	0.314437	0.339321	0.332531	0.336965	0.300883	0.308375	0.310683	0.302914	0.312072	0.310842	0.307024	0.287344	0.281031	0.428308	0.430582	0.387789	0.399562	0.378486	0.362435	0.366038	0.288823	0.30534	0.352331	0.360937	0.298778	0.294189	0.334708	0.340122	0.324041	0.389858	0.367278	0.359155	0.363046	0.3126	0.305943	0.321188	0.324303	0.328079	0.362563	0.347553	0.363254	0.37183	0.362159	0.349575	0.389096	0.362269	0.377574	0.46883	0.451471	0.473821	0.456983	0.411803	0.414618	0.349426	0.350384	0.46816	0.491947	0.312223	0.324101	0.309075	0.309085	0.320493	0.320497	0.321723	0.316951	0.315746	0.307137	0.304209	0.3367	0.334715	0.430262	0.325247	0.330454	0.303114	0.368168	0.369778	0.375117	0.375022	0.304968	0.325573	0.328517	0.290279	0.297561	0.29403	0.29437	0.211394	0.121992	0.130653	0.11681	0.121426	0.097352	0.067942	0.0705306	0	0.136915	0.196524	0.300983	0.302063	0.309542	0.301351	0.290061	0.237251	0.230523	0.333199	0.335412	0.331986	0.330882	0.396898	0.398375	0.34716	0.355715	0.355984	0.320638	0.333074	0.323146	0.286055	0.343755	0.346959	0.324212	0.340648	0.338967	0.329068	0.385674	0.401859	0.353325	0.324877	0.352191	0.341748	0.352619	0.357623	0.347555	0.33146	0.348287	0.332124	0.283853	0.390637	0.379503	0.400982	0.30577	0.312638	0.328664	0.320606	0.318374	0.345511	0.350043	0.307594	0.280308	0.277483	0.285249	0.285288	0.285996	0.298893	0.310149	0.429318	0.454719	0.455309	0.448148	0.454249	0.449514	0.476617	0.514674	0.454815	0.471109	0.463173	0.49458
Numida_meleagris	0.423094	0.441345	0.445614	0.493088	0.465474	0.448376	0.474416	0.472178	0.432945	0.463267	0.475482	0.454596	0.470737	0.461118	0.466802	0.46208	0.447315	0.451677	0.468332	0.488208	0.460875	0.471959	0.466119	0.463808	0.482211	0.481401	0.475514	0.455368	0.458126	0.468996	0.460907	0.447226	0.489017	0.477564	0.487637	0.480885	0.481955	0.483279	0.477816	0.467058	0.479686	0.485648	0.460506	0.453403	0.456725	0.458797	0.44326	0.448572	0.445234	0.442383	0.449603	0.444105	0.442657	0.444656	0.443219	0.453651	0.449424	0.447918	0.456198	0.490281	0.488578	0.467026	0.466781	0.442684	0.446145	0.450706	0.443521	0.474143	0.475797	0.446781	0.474241	0.458813	0.448531	0.448612	0.458051	0.454884	0.471922	0.484876	0.476304	0.465182	0.441308	0.453492	0.444282	0.457996	0.440195	0.468424	0.457061	0.454517	0.459057	0.459649	0.454416	0.459058	0.457111	0.455119	0.445116	0.431552	0.438856	0.448859	0.439744	0.467914	0.4397	0.463993	0.442644	0.435376	0.410545	0.417905	0.423718	0.429732	0.429727	0.429806	0.440459	0.416676	0.443614	0.427183	0.441972	0.424077	0.420478	0.427701	0.434229	0.446335	0.45067	0.45712	0.470727	0.445699	0.443325	0.435323	0.421382	0.425875	0.426122	0.411807	0.435608	0.437241	0.43528	0.426465	0.431337	0.442876	0.443236	0.441377	0.434023	0.430677	0.414594	0.439781	0.425724	0.413117	0.426356	0.390091	0.331258	0.373508	0.356286	0.338019	0.319828	0.317403	0.335012	0.329549	0.31473	0.329974	0.349542	0.354181	0.351902	0.347293	0.346895	0.30179	0.312596	0.310442	0.335327	0.328536	0.332971	0.296889	0.304381	0.306688	0.29892	0.308078	0.306848	0.30303	0.28335	0.277036	0.424314	0.426587	0.383794	0.395567	0.374492	0.358441	0.362044	0.284828	0.301345	0.348336	0.356942	0.294783	0.290195	0.330713	0.336127	0.320046	0.385864	0.363284	0.355161	0.359052	0.308605	0.301948	0.317194	0.320309	0.324085	0.358569	0.343559	0.35926	0.367836	0.358164	0.345581	0.385102	0.358275	0.373579	0.464835	0.447477	0.469827	0.452988	0.407809	0.410624	0.345432	0.346389	0.464165	0.487953	0.308229	0.320107	0.305081	0.30509	0.316498	0.316502	0.317729	0.312956	0.311752	0.303143	0.300215	0.332706	0.33072	0.426267	0.321253	0.326459	0.299119	0.364174	0.365784	0.371122	0.371027	0.300973	0.321578	0.324523	0.286285	0.293566	0.290035	0.290375	0.207399	0.131927	0.140588	0.126745	0.164669	0.140595	0.14924	0.151828	0.136915	0	0.192529	0.296989	0.298068	0.305548	0.297357	0.286067	0.233256	0.226529	0.329204	0.331418	0.327992	0.326888	0.392904	0.39438	0.343166	0.35172	0.351989	0.316644	0.329079	0.319152	0.28206	0.339761	0.342965	0.320217	0.336654	0.334973	0.325073	0.38168	0.397864	0.34933	0.320882	0.348196	0.337753	0.348624	0.353628	0.34356	0.327466	0.344292	0.328129	0.279859	0.386643	0.375508	0.396988	0.301775	0.308643	0.32467	0.316611	0.314379	0.341517	0.346049	0.3036	0.276314	0.273489	0.281254	0.281294	0.282002	0.294899	0.306155	0.425324	0.450725	0.451314	0.444154	0.450254	0.44552	0.472623	0.510679	0.450821	0.467114	0.459179	0.490586
Penelope_pileata	0.385764	0.404015	0.408283	0.455758	0.428144	0.411046	0.437086	0.434848	0.395615	0.425937	0.438151	0.417266	0.433407	0.423788	0.429472	0.424749	0.409984	0.414346	0.431001	0.450877	0.423544	0.434628	0.428788	0.426477	0.44488	0.444071	0.438184	0.418037	0.420795	0.431665	0.423576	0.409895	0.451686	0.440233	0.450307	0.443555	0.444625	0.445949	0.440485	0.429727	0.442355	0.448318	0.423175	0.416072	0.419394	0.421467	0.405929	0.411242	0.407903	0.405052	0.412272	0.406775	0.405326	0.407326	0.405888	0.41632	0.412093	0.410587	0.418867	0.452951	0.451248	0.429695	0.429451	0.405354	0.408815	0.413376	0.406191	0.436813	0.438467	0.40945	0.43691	0.421483	0.4112	0.411281	0.420721	0.417554	0.434592	0.447546	0.438973	0.427851	0.403977	0.416161	0.406951	0.420665	0.402865	0.431094	0.41973	0.417187	0.421727	0.422318	0.417085	0.421728	0.41978	0.417788	0.407785	0.394221	0.401525	0.411528	0.402414	0.430583	0.40237	0.426663	0.405314	0.398045	0.373215	0.380574	0.386388	0.392402	0.392397	0.392475	0.403129	0.379345	0.406283	0.389853	0.404641	0.386746	0.383147	0.390371	0.396899	0.409005	0.41334	0.419789	0.433397	0.408368	0.405994	0.397993	0.384051	0.388544	0.388792	0.374476	0.398277	0.39991	0.39795	0.389135	0.394007	0.405546	0.405906	0.404046	0.396692	0.393346	0.377264	0.402451	0.388393	0.375786	0.389025	0.35276	0.293928	0.336177	0.318955	0.300688	0.282498	0.280072	0.297682	0.292219	0.2774	0.292643	0.312212	0.31685	0.314572	0.309963	0.309564	0.26446	0.275266	0.273112	0.297996	0.291206	0.29564	0.259558	0.26705	0.269358	0.261589	0.270747	0.269517	0.2657	0.246019	0.239706	0.386983	0.389257	0.346464	0.358237	0.337161	0.32111	0.324713	0.247498	0.264015	0.311006	0.319612	0.257453	0.252864	0.293383	0.298797	0.282716	0.348533	0.325953	0.31783	0.321721	0.271275	0.264618	0.279863	0.282978	0.286755	0.321238	0.306228	0.321929	0.330505	0.320834	0.30825	0.347771	0.320944	0.336249	0.427505	0.410146	0.432496	0.415658	0.370478	0.373293	0.308101	0.309059	0.426835	0.450622	0.270898	0.282776	0.26775	0.26776	0.279168	0.279172	0.280398	0.275626	0.274421	0.265813	0.262884	0.295375	0.29339	0.388937	0.283922	0.289129	0.261789	0.326843	0.328453	0.333792	0.333697	0.263643	0.284248	0.287192	0.248954	0.256236	0.252705	0.253045	0.170069	0.191535	0.200197	0.186353	0.224277	0.200204	0.208848	0.211436	0.196524	0.192529	0	0.259658	0.260738	0.268217	0.260026	0.248736	0.195926	0.189198	0.291874	0.294087	0.290661	0.289557	0.355573	0.35705	0.305835	0.31439	0.314659	0.279313	0.291749	0.281821	0.24473	0.30243	0.305634	0.282887	0.299323	0.297642	0.287743	0.34435	0.360534	0.312	0.283552	0.310866	0.300423	0.311294	0.316298	0.30623	0.290135	0.306962	0.290799	0.242528	0.349312	0.338178	0.359657	0.264445	0.271313	0.287339	0.279281	0.277049	0.304186	0.308718	0.266269	0.238983	0.236158	0.243924	0.243963	0.244672	0.257568	0.268824	0.387993	0.413394	0.413984	0.406823	0.412924	0.408189	0.435292	0.473349	0.41349	0.429784	0.421848	0.453255
Anas_platyrhynchos	0.388131	0.406382	0.410651	0.458125	0.430511	0.413413	0.439453	0.437215	0.397982	0.428304	0.440518	0.419633	0.435774	0.426155	0.431839	0.427116	0.412351	0.416713	0.433368	0.453244	0.425911	0.436995	0.431155	0.428844	0.447247	0.446438	0.440551	0.420404	0.423162	0.434032	0.425943	0.412262	0.454053	0.442601	0.452674	0.445922	0.446992	0.448316	0.442852	0.432094	0.444723	0.450685	0.425542	0.418439	0.421761	0.423834	0.408296	0.413609	0.41027	0.40742	0.414639	0.409142	0.407693	0.409693	0.408255	0.418688	0.41446	0.412955	0.421235	0.455318	0.453615	0.432062	0.431818	0.407721	0.411182	0.415743	0.408558	0.43918	0.440834	0.411818	0.439278	0.42385	0.413567	0.413649	0.423088	0.419921	0.436959	0.449913	0.44134	0.430218	0.406345	0.418528	0.409318	0.423032	0.405232	0.433461	0.422097	0.419554	0.424094	0.424685	0.419453	0.424095	0.422147	0.420155	0.410152	0.396588	0.403892	0.413895	0.404781	0.43295	0.404737	0.42903	0.407681	0.400412	0.375582	0.382941	0.388755	0.394769	0.394764	0.394842	0.405496	0.381713	0.40865	0.39222	0.407008	0.389113	0.385515	0.392738	0.399266	0.411372	0.415707	0.422157	0.435764	0.410735	0.408361	0.40036	0.386418	0.390911	0.391159	0.376843	0.400644	0.402277	0.400317	0.391502	0.396374	0.407913	0.408273	0.406413	0.399059	0.395713	0.379631	0.404818	0.39076	0.378153	0.391392	0.355127	0.296295	0.338544	0.321322	0.303055	0.284865	0.282439	0.300049	0.294586	0.279767	0.29501	0.314579	0.319218	0.316939	0.31233	0.311931	0.266827	0.277633	0.275479	0.300364	0.293573	0.298007	0.261925	0.269417	0.271725	0.263956	0.273114	0.271884	0.268067	0.248386	0.242073	0.38935	0.391624	0.348831	0.360604	0.339528	0.323477	0.32708	0.249865	0.266382	0.313373	0.321979	0.25982	0.255231	0.29575	0.301164	0.285083	0.350901	0.32832	0.320197	0.324088	0.273642	0.266985	0.28223	0.285345	0.289122	0.323605	0.308596	0.324296	0.332872	0.323201	0.310617	0.350138	0.323311	0.338616	0.429872	0.412514	0.434863	0.418025	0.372845	0.37566	0.310469	0.311426	0.429202	0.452989	0.273266	0.285143	0.270117	0.270127	0.281535	0.281539	0.282765	0.277993	0.276788	0.26818	0.265251	0.297743	0.295757	0.391304	0.28629	0.291496	0.264156	0.32921	0.33082	0.336159	0.336064	0.26601	0.286615	0.28956	0.251321	0.258603	0.255072	0.255412	0.24407	0.295995	0.304656	0.290813	0.328737	0.304663	0.313307	0.315896	0.300983	0.296989	0.259658	0	0.00323501	0.0239757	0.0197285	0.0730534	0.169012	0.174141	0.294241	0.296454	0.293028	0.291924	0.35794	0.359417	0.308203	0.316757	0.317026	0.28168	0.294116	0.284189	0.247097	0.304797	0.308001	0.285254	0.301691	0.300009	0.29011	0.346717	0.362901	0.314367	0.285919	0.313233	0.30279	0.313661	0.318665	0.308597	0.292502	0.309329	0.293166	0.244895	0.351679	0.340545	0.362025	0.266812	0.27368	0.289706	0.281648	0.279416	0.306553	0.311085	0.268636	0.24135	0.238525	0.246291	0.246331	0.247039	0.259935	0.271192	0.39036	0.415761	0.416351	0.40919	0.415291	0.410557	0.437659	0.475716	0.415858	0.432151	0.424216	0.455622
Anas_zonorhyncha	0.38921	0.407461	0.41173	0.459204	0.43159	0.414492	0.440532	0.438294	0.399061	0.429383	0.441598	0.420712	0.436853	0.427234	0.432918	0.428196	0.413431	0.417792	0.434447	0.454324	0.42699	0.438074	0.432234	0.429924	0.448327	0.447517	0.44163	0.421483	0.424242	0.435112	0.427023	0.413341	0.455133	0.44368	0.453753	0.447001	0.448071	0.449395	0.443932	0.433174	0.445802	0.451764	0.426621	0.419519	0.422841	0.424913	0.409376	0.414688	0.41135	0.408499	0.415719	0.410221	0.408772	0.410772	0.409335	0.419767	0.415539	0.414034	0.422314	0.456397	0.454694	0.433142	0.432897	0.4088	0.412261	0.416822	0.409637	0.440259	0.441913	0.412897	0.440357	0.424929	0.414647	0.414728	0.424167	0.421	0.438038	0.450992	0.44242	0.431297	0.407424	0.419607	0.410398	0.424111	0.406311	0.43454	0.423177	0.420633	0.425173	0.425764	0.420532	0.425174	0.423226	0.421234	0.411232	0.397668	0.404972	0.414974	0.40586	0.43403	0.405816	0.430109	0.40876	0.401492	0.376661	0.384021	0.389834	0.395848	0.395843	0.395922	0.406575	0.382792	0.40973	0.393299	0.408088	0.390193	0.386594	0.393817	0.400345	0.412451	0.416786	0.423236	0.436843	0.411815	0.40944	0.401439	0.387498	0.391991	0.392238	0.377923	0.401723	0.403356	0.401396	0.392581	0.397453	0.408992	0.409352	0.407493	0.400138	0.396793	0.38071	0.405897	0.391839	0.379232	0.392471	0.356207	0.297374	0.339624	0.322402	0.304135	0.285944	0.283519	0.301128	0.295665	0.280846	0.29609	0.315658	0.320297	0.318018	0.313409	0.313011	0.267906	0.278712	0.276558	0.301443	0.294652	0.299086	0.263005	0.270497	0.272804	0.265036	0.274194	0.272964	0.269146	0.249465	0.243152	0.39043	0.392703	0.34991	0.361683	0.340608	0.324556	0.32816	0.250944	0.267461	0.314452	0.323058	0.260899	0.25631	0.296829	0.302243	0.286162	0.35198	0.3294	0.321277	0.325168	0.274721	0.268064	0.28331	0.286425	0.290201	0.324685	0.309675	0.325375	0.333951	0.32428	0.311697	0.351218	0.32439	0.339695	0.430951	0.413593	0.435942	0.419104	0.373925	0.37674	0.311548	0.312505	0.430281	0.454068	0.274345	0.286223	0.271196	0.271206	0.282614	0.282618	0.283845	0.279072	0.277868	0.269259	0.266331	0.298822	0.296836	0.392383	0.287369	0.292575	0.265235	0.33029	0.331899	0.337238	0.337143	0.267089	0.287694	0.290639	0.252401	0.259682	0.256151	0.256491	0.24515	0.297074	0.305735	0.291892	0.329816	0.305742	0.314387	0.316975	0.302063	0.298068	0.260738	0.00323501	0	0.025055	0.0208078	0.0741326	0.170091	0.175221	0.29532	0.297534	0.294107	0.293003	0.359019	0.360496	0.309282	0.317836	0.318105	0.28276	0.295195	0.285268	0.248176	0.305877	0.309081	0.286333	0.30277	0.301089	0.291189	0.347796	0.36398	0.315446	0.286998	0.314312	0.303869	0.31474	0.319744	0.309676	0.293582	0.310408	0.294245	0.245974	0.352758	0.341624	0.363104	0.267891	0.274759	0.290785	0.282727	0.280495	0.307633	0.312165	0.269716	0.24243	0.239604	0.24737	0.24741	0.248118	0.261015	0.272271	0.39144	0.416841	0.41743	0.41027	0.41637	0.411636	0.438738	0.476795	0.416937	0.43323	0.425295	0.456701
Cairina_moschata	0.39669	0.414941	0.41921	0.466684	0.43907	0.421972	0.448012	0.445774	0.406541	0.436863	0.449078	0.428192	0.444333	0.434714	0.440398	0.435675	0.42091	0.425272	0.441927	0.461804	0.43447	0.445554	0.439714	0.437403	0.455807	0.454997	0.44911	0.428963	0.431722	0.442592	0.434502	0.420821	0.462612	0.45116	0.461233	0.454481	0.455551	0.456875	0.451411	0.440653	0.453282	0.459244	0.434101	0.426998	0.430321	0.432393	0.416856	0.422168	0.418829	0.415979	0.423198	0.417701	0.416252	0.418252	0.416815	0.427247	0.423019	0.421514	0.429794	0.463877	0.462174	0.440622	0.440377	0.41628	0.419741	0.424302	0.417117	0.447739	0.449393	0.420377	0.447837	0.432409	0.422127	0.422208	0.431647	0.42848	0.445518	0.458472	0.4499	0.438777	0.414904	0.427087	0.417878	0.431591	0.413791	0.44202	0.430656	0.428113	0.432653	0.433244	0.428012	0.432654	0.430706	0.428714	0.418711	0.405148	0.412451	0.422454	0.41334	0.44151	0.413296	0.437589	0.41624	0.408972	0.384141	0.3915	0.397314	0.403328	0.403323	0.403402	0.414055	0.390272	0.41721	0.400779	0.415567	0.397673	0.394074	0.401297	0.407825	0.419931	0.424266	0.430716	0.444323	0.419294	0.41692	0.408919	0.394978	0.39947	0.399718	0.385403	0.409203	0.410836	0.408876	0.400061	0.404933	0.416472	0.416832	0.414973	0.407618	0.404273	0.38819	0.413377	0.399319	0.386712	0.399951	0.363686	0.304854	0.347103	0.329881	0.311614	0.293424	0.290999	0.308608	0.303145	0.288326	0.30357	0.323138	0.327777	0.325498	0.320889	0.32049	0.275386	0.286192	0.284038	0.308923	0.302132	0.306566	0.270484	0.277977	0.280284	0.272516	0.281674	0.280444	0.276626	0.256945	0.250632	0.39791	0.400183	0.35739	0.369163	0.348088	0.332036	0.33564	0.258424	0.274941	0.321932	0.330538	0.268379	0.26379	0.304309	0.309723	0.293642	0.35946	0.336879	0.328757	0.332648	0.282201	0.275544	0.290789	0.293904	0.297681	0.332165	0.317155	0.332855	0.341431	0.33176	0.319177	0.358697	0.33187	0.347175	0.438431	0.421073	0.443422	0.426584	0.381405	0.38422	0.319028	0.319985	0.437761	0.461548	0.281825	0.293703	0.278676	0.278686	0.290094	0.290098	0.291324	0.286552	0.285348	0.276739	0.27381	0.306302	0.304316	0.399863	0.294849	0.300055	0.272715	0.337769	0.339379	0.344718	0.344623	0.274569	0.295174	0.298119	0.259881	0.267162	0.263631	0.263971	0.252629	0.304554	0.313215	0.299372	0.337296	0.313222	0.321867	0.324455	0.309542	0.305548	0.268217	0.0239757	0.025055	0	0.0282877	0.0816125	0.177571	0.1827	0.3028	0.305014	0.301587	0.300483	0.366499	0.367976	0.316762	0.325316	0.325585	0.29024	0.302675	0.292748	0.255656	0.313356	0.31656	0.293813	0.31025	0.308568	0.298669	0.355276	0.37146	0.322926	0.294478	0.321792	0.311349	0.32222	0.327224	0.317156	0.301061	0.317888	0.301725	0.253454	0.360238	0.349104	0.370584	0.275371	0.282239	0.298265	0.290207	0.287975	0.315112	0.319645	0.277195	0.249909	0.247084	0.25485	0.25489	0.255598	0.268495	0.279751	0.398919	0.424321	0.42491	0.41775	0.42385	0.419116	0.446218	0.484275	0.424417	0.44071	0.432775	0.464181
Asarcornis_scutulata	0.388499	0.40675	0.411019	0.458493	0.430879	0.413781	0.439821	0.437583	0.39835	0.428672	0.440887	0.420001	0.436142	0.426523	0.432207	0.427484	0.412719	0.417081	0.433736	0.453613	0.426279	0.437363	0.431523	0.429212	0.447616	0.446806	0.440919	0.420772	0.423531	0.434401	0.426311	0.41263	0.454421	0.442969	0.453042	0.44629	0.44736	0.448684	0.44322	0.432462	0.445091	0.451053	0.42591	0.418807	0.42213	0.424202	0.408665	0.413977	0.410638	0.407788	0.415007	0.40951	0.408061	0.410061	0.408623	0.419056	0.414828	0.413323	0.421603	0.455686	0.453983	0.432431	0.432186	0.408089	0.41155	0.416111	0.408926	0.439548	0.441202	0.412186	0.439646	0.424218	0.413936	0.414017	0.423456	0.420289	0.437327	0.450281	0.441708	0.430586	0.406713	0.418896	0.409686	0.4234	0.4056	0.433829	0.422465	0.419922	0.424462	0.425053	0.419821	0.424463	0.422515	0.420523	0.41052	0.396957	0.40426	0.414263	0.405149	0.433319	0.405105	0.429398	0.408049	0.400781	0.37595	0.383309	0.389123	0.395137	0.395132	0.395211	0.405864	0.382081	0.409018	0.392588	0.407376	0.389482	0.385883	0.393106	0.399634	0.41174	0.416075	0.422525	0.436132	0.411103	0.408729	0.400728	0.386786	0.391279	0.391527	0.377211	0.401012	0.402645	0.400685	0.39187	0.396742	0.408281	0.408641	0.406782	0.399427	0.396081	0.379999	0.405186	0.391128	0.378521	0.39176	0.355495	0.296663	0.338912	0.32169	0.303423	0.285233	0.282808	0.300417	0.294954	0.280135	0.295379	0.314947	0.319586	0.317307	0.312698	0.312299	0.267195	0.278001	0.275847	0.300732	0.293941	0.298375	0.262293	0.269786	0.272093	0.264324	0.273482	0.272253	0.268435	0.248754	0.242441	0.389718	0.391992	0.349199	0.360972	0.339897	0.323845	0.327449	0.250233	0.26675	0.313741	0.322347	0.260188	0.255599	0.296118	0.301532	0.285451	0.351269	0.328688	0.320565	0.324456	0.27401	0.267353	0.282598	0.285713	0.28949	0.323974	0.308964	0.324664	0.33324	0.323569	0.310985	0.350506	0.323679	0.338984	0.43024	0.412882	0.435231	0.418393	0.373214	0.376029	0.310837	0.311794	0.42957	0.453357	0.273634	0.285511	0.270485	0.270495	0.281903	0.281907	0.283133	0.278361	0.277157	0.268548	0.265619	0.298111	0.296125	0.391672	0.286658	0.291864	0.264524	0.329578	0.331188	0.336527	0.336432	0.266378	0.286983	0.289928	0.25169	0.258971	0.25544	0.25578	0.244438	0.296363	0.305024	0.291181	0.329105	0.305031	0.313675	0.316264	0.301351	0.297357	0.260026	0.0197285	0.0208078	0.0282877	0	0.0734214	0.16938	0.174509	0.294609	0.296823	0.293396	0.292292	0.358308	0.359785	0.308571	0.317125	0.317394	0.282048	0.294484	0.284557	0.247465	0.305165	0.308369	0.285622	0.302059	0.300377	0.290478	0.347085	0.363269	0.314735	0.286287	0.313601	0.303158	0.314029	0.319033	0.308965	0.29287	0.309697	0.293534	0.245263	0.352047	0.340913	0.362393	0.26718	0.274048	0.290074	0.282016	0.279784	0.306921	0.311454	0.269004	0.241718	0.238893	0.246659	0.246699	0.247407	0.260304	0.27156	0.390728	0.41613	0.416719	0.409559	0.415659	0.410925	0.438027	0.476084	0.416226	0.432519	0.424584	0.45599
Anser_cygnoid	0.377209	0.39546	0.399729	0.447203	0.419589	0.402491	0.428531	0.426293	0.38706	0.417382	0.429597	0.408711	0.424852	0.415233	0.420917	0.416194	0.401429	0.405791	0.422446	0.442322	0.414989	0.426073	0.420233	0.417922	0.436325	0.435516	0.429629	0.409482	0.412241	0.42311	0.415021	0.40134	0.443131	0.431679	0.441752	0.435	0.43607	0.437394	0.43193	0.421172	0.433801	0.439763	0.41462	0.407517	0.410839	0.412912	0.397375	0.402687	0.399348	0.396498	0.403717	0.39822	0.396771	0.398771	0.397333	0.407766	0.403538	0.402033	0.410313	0.444396	0.442693	0.42114	0.420896	0.396799	0.40026	0.404821	0.397636	0.428258	0.429912	0.400896	0.428356	0.412928	0.402646	0.402727	0.412166	0.408999	0.426037	0.438991	0.430418	0.419296	0.395423	0.407606	0.398396	0.41211	0.39431	0.422539	0.411175	0.408632	0.413172	0.413763	0.408531	0.413173	0.411225	0.409233	0.39923	0.385666	0.39297	0.402973	0.393859	0.422029	0.393815	0.418108	0.396759	0.389491	0.36466	0.372019	0.377833	0.383847	0.383842	0.383921	0.394574	0.370791	0.397728	0.381298	0.396086	0.378191	0.374593	0.381816	0.388344	0.40045	0.404785	0.411235	0.424842	0.399813	0.397439	0.389438	0.375496	0.379989	0.380237	0.365921	0.389722	0.391355	0.389395	0.38058	0.385452	0.396991	0.397351	0.395491	0.388137	0.384791	0.368709	0.393896	0.379838	0.367231	0.38047	0.344205	0.285373	0.327622	0.3104	0.292133	0.273943	0.271518	0.289127	0.283664	0.268845	0.284089	0.303657	0.308296	0.306017	0.301408	0.301009	0.255905	0.266711	0.264557	0.289442	0.282651	0.287085	0.251003	0.258496	0.260803	0.253034	0.262192	0.260962	0.257145	0.237464	0.231151	0.378428	0.380702	0.337909	0.349682	0.328607	0.312555	0.316159	0.238943	0.25546	0.302451	0.311057	0.248898	0.244309	0.284828	0.290242	0.274161	0.339979	0.317398	0.309275	0.313166	0.26272	0.256063	0.271308	0.274423	0.2782	0.312684	0.297674	0.313374	0.32195	0.312279	0.299695	0.339216	0.312389	0.327694	0.41895	0.401592	0.423941	0.407103	0.361923	0.364739	0.299547	0.300504	0.41828	0.442067	0.262344	0.274221	0.259195	0.259205	0.270613	0.270617	0.271843	0.267071	0.265867	0.257258	0.254329	0.286821	0.284835	0.380382	0.275368	0.280574	0.253234	0.318288	0.319898	0.325237	0.325142	0.255088	0.275693	0.278638	0.2404	0.247681	0.24415	0.24449	0.233148	0.285073	0.293734	0.279891	0.317815	0.293741	0.302385	0.304974	0.290061	0.286067	0.248736	0.0730534	0.0741326	0.0816125	0.0734214	0	0.15809	0.163219	0.283319	0.285533	0.282106	0.281002	0.347018	0.348495	0.297281	0.305835	0.306104	0.270758	0.283194	0.273267	0.236175	0.293875	0.297079	0.274332	0.290769	0.289087	0.279188	0.335795	0.351979	0.303445	0.274997	0.302311	0.291868	0.302739	0.307743	0.297675	0.28158	0.298407	0.282244	0.233973	0.340757	0.329623	0.351103	0.25589	0.262758	0.278784	0.270726	0.268494	0.295631	0.300164	0.257714	0.230428	0.227603	0.235369	0.235409	0.236117	0.249013	0.26027	0.379438	0.40484	0.405429	0.398268	0.404369	0.399635	0.426737	0.464794	0.404936	0.421229	0.413294	0.4447
Anseranas_semipalmata	0.324398	0.342649	0.346918	0.394392	0.366778	0.34968	0.37572	0.373482	0.334249	0.364571	0.376786	0.3559	0.372041	0.362422	0.368106	0.363384	0.348619	0.352981	0.369636	0.389512	0.362178	0.373263	0.367422	0.365112	0.383515	0.382705	0.376818	0.356671	0.35943	0.3703	0.362211	0.348529	0.390321	0.378868	0.388941	0.382189	0.383259	0.384583	0.37912	0.368362	0.38099	0.386952	0.361809	0.354707	0.358029	0.360101	0.344564	0.349876	0.346538	0.343687	0.350907	0.345409	0.343961	0.34596	0.344523	0.354955	0.350727	0.349222	0.357502	0.391585	0.389882	0.36833	0.368085	0.343988	0.347449	0.35201	0.344825	0.375447	0.377101	0.348085	0.375545	0.360117	0.349835	0.349916	0.359355	0.356188	0.373226	0.38618	0.377608	0.366486	0.342612	0.354795	0.345586	0.3593	0.341499	0.369728	0.358365	0.355821	0.360361	0.360953	0.35572	0.360362	0.358415	0.356423	0.34642	0.332856	0.34016	0.350162	0.341048	0.369218	0.341004	0.365297	0.343948	0.33668	0.311849	0.319209	0.325022	0.331036	0.331031	0.33111	0.341763	0.31798	0.344918	0.328487	0.343276	0.325381	0.321782	0.329005	0.335533	0.347639	0.351974	0.358424	0.372031	0.347003	0.344629	0.336627	0.322686	0.327179	0.327426	0.313111	0.336911	0.338545	0.336584	0.327769	0.332641	0.34418	0.34454	0.342681	0.335326	0.331981	0.315898	0.341085	0.327028	0.314421	0.327659	0.291395	0.232562	0.274812	0.25759	0.239323	0.221132	0.218707	0.236316	0.230853	0.216034	0.231278	0.250846	0.255485	0.253206	0.248597	0.248199	0.203094	0.2139	0.211746	0.236631	0.22984	0.234274	0.198193	0.205685	0.207992	0.200224	0.209382	0.208152	0.204334	0.184654	0.17834	0.325618	0.327891	0.285098	0.296871	0.275796	0.259745	0.263348	0.186132	0.202649	0.24964	0.258246	0.196087	0.191498	0.232017	0.237431	0.22135	0.287168	0.264588	0.256465	0.260356	0.209909	0.203252	0.218498	0.221613	0.225389	0.259873	0.244863	0.260564	0.269139	0.259468	0.246885	0.286406	0.259578	0.274883	0.366139	0.348781	0.371131	0.354292	0.309113	0.311928	0.246736	0.247693	0.365469	0.389257	0.209533	0.221411	0.206384	0.206394	0.217802	0.217806	0.219033	0.21426	0.213056	0.204447	0.201519	0.23401	0.232024	0.327571	0.222557	0.227763	0.200423	0.265478	0.267088	0.272426	0.272331	0.202277	0.222882	0.225827	0.187589	0.19487	0.191339	0.191679	0.180338	0.232262	0.240923	0.22708	0.265004	0.240931	0.249575	0.252163	0.237251	0.233256	0.195926	0.169012	0.170091	0.177571	0.16938	0.15809	0	0.110409	0.230508	0.232722	0.229296	0.228191	0.294207	0.295684	0.24447	0.253024	0.253293	0.217948	0.230383	0.220456	0.183364	0.241065	0.244269	0.221521	0.237958	0.236277	0.226377	0.282984	0.299168	0.250634	0.222186	0.2495	0.239057	0.249928	0.254932	0.244864	0.22877	0.245596	0.229433	0.181163	0.287947	0.276812	0.298292	0.203079	0.209947	0.225974	0.217915	0.215683	0.242821	0.247353	0.204904	0.177618	0.174792	0.182558	0.182598	0.183306	0.196203	0.207459	0.326628	0.352029	0.352618	0.345458	0.351558	0.346824	0.373927	0.411983	0.352125	0.368418	0.360483	0.39189
Chauna_torquata	0.317671	0.335922	0.340191	0.387665	0.360051	0.342953	0.368993	0.366755	0.327522	0.357844	0.370059	0.349173	0.365314	0.355695	0.361379	0.356656	0.341891	0.346253	0.362908	0.382785	0.355451	0.366535	0.360695	0.358384	0.376788	0.375978	0.370091	0.349944	0.352703	0.363573	0.355483	0.341802	0.383593	0.372141	0.382214	0.375462	0.376532	0.377856	0.372392	0.361634	0.374263	0.380225	0.355082	0.34798	0.351302	0.353374	0.337837	0.343149	0.33981	0.33696	0.344179	0.338682	0.337233	0.339233	0.337796	0.348228	0.344	0.342495	0.350775	0.384858	0.383155	0.361603	0.361358	0.337261	0.340722	0.345283	0.338098	0.36872	0.370374	0.341358	0.368818	0.35339	0.343108	0.343189	0.352628	0.349461	0.366499	0.379453	0.370881	0.359758	0.335885	0.348068	0.338859	0.352572	0.334772	0.363001	0.351637	0.349094	0.353634	0.354225	0.348993	0.353635	0.351687	0.349695	0.339692	0.326129	0.333432	0.343435	0.334321	0.362491	0.334277	0.35857	0.337221	0.329953	0.305122	0.312481	0.318295	0.324309	0.324304	0.324383	0.335036	0.311253	0.338191	0.32176	0.336548	0.318654	0.315055	0.322278	0.328806	0.340912	0.345247	0.351697	0.365304	0.340275	0.337901	0.3299	0.315959	0.320451	0.320699	0.306384	0.330184	0.331817	0.329857	0.321042	0.325914	0.337453	0.337813	0.335954	0.328599	0.325254	0.309171	0.334358	0.3203	0.307693	0.320932	0.284667	0.225835	0.268084	0.250862	0.232595	0.214405	0.21198	0.229589	0.224126	0.209307	0.224551	0.244119	0.248758	0.246479	0.24187	0.241471	0.196367	0.207173	0.205019	0.229904	0.223113	0.227547	0.191465	0.198958	0.201265	0.193497	0.202655	0.201425	0.197607	0.177926	0.171613	0.318891	0.321164	0.278371	0.290144	0.269069	0.253017	0.256621	0.179405	0.195922	0.242913	0.251519	0.18936	0.184771	0.22529	0.230704	0.214623	0.280441	0.257861	0.249738	0.253629	0.203182	0.196525	0.21177	0.214885	0.218662	0.253146	0.238136	0.253836	0.262412	0.252741	0.240158	0.279679	0.252851	0.268156	0.359412	0.342054	0.364403	0.347565	0.302386	0.305201	0.240009	0.240966	0.358742	0.382529	0.202806	0.214684	0.199657	0.199667	0.211075	0.211079	0.212305	0.207533	0.206329	0.19772	0.194791	0.227283	0.225297	0.320844	0.21583	0.221036	0.193696	0.25875	0.26036	0.265699	0.265604	0.19555	0.216155	0.2191	0.180862	0.188143	0.184612	0.184952	0.17361	0.225535	0.234196	0.220353	0.258277	0.234203	0.242848	0.245436	0.230523	0.226529	0.189198	0.174141	0.175221	0.1827	0.174509	0.163219	0.110409	0	0.223781	0.225995	0.222568	0.221464	0.28748	0.288957	0.237743	0.246297	0.246566	0.211221	0.223656	0.213729	0.176637	0.234337	0.237541	0.214794	0.231231	0.229549	0.21965	0.276257	0.292441	0.243907	0.215459	0.242773	0.23233	0.243201	0.248205	0.238137	0.222042	0.238869	0.222706	0.174435	0.281219	0.270085	0.291565	0.196352	0.20322	0.219246	0.211188	0.208956	0.236093	0.240626	0.198176	0.17089	0.168065	0.175831	0.175871	0.176579	0.189476	0.200732	0.319901	0.345302	0.345891	0.338731	0.344831	0.340097	0.367199	0.405256	0.345398	0.361691	0.353756	0.385162
Apteryx_australis	0.366685	0.384936	0.389205	0.436679	0.409066	0.391967	0.418007	0.415769	0.376536	0.406859	0.419073	0.398187	0.414328	0.40471	0.410394	0.405671	0.390906	0.395268	0.411923	0.431799	0.404466	0.41555	0.40971	0.407399	0.425802	0.424993	0.419105	0.398959	0.401717	0.412587	0.404498	0.390817	0.432608	0.421155	0.431228	0.424477	0.425546	0.426871	0.421407	0.410649	0.423277	0.42924	0.404097	0.396994	0.400316	0.402388	0.386851	0.392164	0.388825	0.385974	0.393194	0.387696	0.386248	0.388248	0.38681	0.397242	0.393015	0.391509	0.399789	0.433872	0.432169	0.410617	0.410373	0.386275	0.389737	0.394298	0.387112	0.417735	0.419388	0.390372	0.417832	0.402405	0.392122	0.392203	0.401643	0.398475	0.415514	0.428468	0.419895	0.408773	0.384899	0.397083	0.387873	0.401587	0.383787	0.412016	0.400652	0.398108	0.402648	0.40324	0.398007	0.402649	0.400702	0.39871	0.388707	0.375143	0.382447	0.39245	0.383335	0.411505	0.383291	0.407585	0.386235	0.378967	0.354136	0.361496	0.367309	0.373323	0.373318	0.373397	0.38405	0.360267	0.387205	0.370774	0.385563	0.367668	0.364069	0.371292	0.377821	0.389926	0.394261	0.400711	0.414318	0.38929	0.386916	0.378915	0.364973	0.369466	0.369713	0.355398	0.379199	0.380832	0.378872	0.370056	0.374928	0.386468	0.386827	0.384968	0.377614	0.374268	0.358185	0.383372	0.369315	0.356708	0.369947	0.333682	0.27485	0.317099	0.299877	0.28161	0.263419	0.260994	0.278603	0.27314	0.258322	0.273565	0.293133	0.297772	0.295493	0.290884	0.290486	0.245381	0.256187	0.254033	0.278918	0.272128	0.276562	0.24048	0.247972	0.25028	0.242511	0.251669	0.250439	0.246621	0.226941	0.220627	0.367905	0.370179	0.327385	0.339158	0.318083	0.302032	0.305635	0.228419	0.244937	0.291927	0.300533	0.238375	0.233786	0.274304	0.279718	0.263637	0.329455	0.306875	0.298752	0.302643	0.252196	0.245539	0.260785	0.2639	0.267676	0.30216	0.28715	0.302851	0.311427	0.301755	0.289172	0.328693	0.301866	0.31717	0.408426	0.391068	0.413418	0.39658	0.3514	0.354215	0.289023	0.28998	0.407756	0.431544	0.25182	0.263698	0.248672	0.248681	0.260089	0.260094	0.26132	0.256548	0.255343	0.246734	0.243806	0.276297	0.274312	0.369858	0.264844	0.270051	0.242711	0.307765	0.309375	0.314713	0.314619	0.244564	0.26517	0.268114	0.229876	0.237157	0.233627	0.233967	0.276286	0.32821	0.336871	0.323028	0.360952	0.336879	0.345523	0.348111	0.333199	0.329204	0.291874	0.294241	0.29532	0.3028	0.294609	0.283319	0.230508	0.223781	0	0.0022157	0.00777148	0.00666733	0.117266	0.118743	0.0675339	0.0760882	0.101189	0.260235	0.27267	0.262743	0.225651	0.283352	0.286556	0.263808	0.280245	0.278564	0.268665	0.325271	0.341455	0.292922	0.264473	0.291787	0.281345	0.292216	0.297219	0.287151	0.271057	0.287883	0.27172	0.22345	0.330234	0.319099	0.340579	0.245367	0.252235	0.268261	0.260202	0.257971	0.285108	0.28964	0.247191	0.219905	0.21708	0.224846	0.224885	0.225593	0.23849	0.249746	0.368915	0.394316	0.394905	0.387745	0.393846	0.389111	0.416214	0.45427	0.394412	0.410706	0.40277	0.434177
Apteryx_rowi	0.368899	0.38715	0.391419	0.438893	0.411279	0.394181	0.420221	0.417983	0.37875	0.409072	0.421287	0.400401	0.416542	0.406923	0.412607	0.407885	0.39312	0.397481	0.414136	0.434013	0.406679	0.417763	0.411923	0.409613	0.428016	0.427206	0.421319	0.401172	0.403931	0.414801	0.406712	0.39303	0.434822	0.423369	0.433442	0.42669	0.42776	0.429084	0.423621	0.412863	0.425491	0.431453	0.40631	0.399208	0.40253	0.404602	0.389065	0.394377	0.391039	0.388188	0.395408	0.38991	0.388461	0.390461	0.389024	0.399456	0.395228	0.393723	0.402003	0.436086	0.434383	0.412831	0.412586	0.388489	0.39195	0.396511	0.389326	0.419948	0.421602	0.392586	0.420046	0.404618	0.394336	0.394417	0.403856	0.400689	0.417727	0.430681	0.422109	0.410986	0.387113	0.399296	0.390087	0.4038	0.386	0.414229	0.402866	0.400322	0.404862	0.405453	0.400221	0.404863	0.402915	0.400923	0.390921	0.377357	0.384661	0.394663	0.385549	0.413719	0.385505	0.409798	0.388449	0.381181	0.35635	0.36371	0.369523	0.375537	0.375532	0.375611	0.386264	0.362481	0.389419	0.372988	0.387777	0.369882	0.366283	0.373506	0.380034	0.39214	0.396475	0.402925	0.416532	0.391504	0.389129	0.381128	0.367187	0.37168	0.371927	0.357612	0.381412	0.383045	0.381085	0.37227	0.377142	0.388681	0.389041	0.387182	0.379827	0.376482	0.360399	0.385586	0.371528	0.358921	0.37216	0.335896	0.277063	0.319313	0.302091	0.283824	0.265633	0.263208	0.280817	0.275354	0.260535	0.275779	0.295347	0.299986	0.297707	0.293098	0.2927	0.247595	0.258401	0.256247	0.281132	0.274341	0.278775	0.242694	0.250186	0.252493	0.244725	0.253883	0.252653	0.248835	0.229154	0.222841	0.370119	0.372392	0.329599	0.341372	0.320297	0.304245	0.307849	0.230633	0.24715	0.294141	0.302747	0.240588	0.235999	0.276518	0.281932	0.265851	0.331669	0.309089	0.300966	0.304857	0.25441	0.247753	0.262999	0.266114	0.26989	0.304374	0.289364	0.305064	0.31364	0.303969	0.291386	0.330907	0.304079	0.319384	0.41064	0.393282	0.415631	0.398793	0.353614	0.356429	0.291237	0.292194	0.40997	0.433757	0.254034	0.265912	0.250885	0.250895	0.262303	0.262307	0.263534	0.258761	0.257557	0.248948	0.24602	0.278511	0.276525	0.372072	0.267058	0.272264	0.244924	0.309979	0.311588	0.316927	0.316832	0.246778	0.267383	0.270328	0.23209	0.239371	0.23584	0.23618	0.278499	0.330424	0.339085	0.325242	0.363166	0.339092	0.347736	0.350325	0.335412	0.331418	0.294087	0.296454	0.297534	0.305014	0.296823	0.285533	0.232722	0.225995	0.0022157	0	0.00998518	0.00888103	0.11948	0.120956	0.0697476	0.0783019	0.103403	0.262449	0.274884	0.264957	0.227865	0.285566	0.28877	0.266022	0.282459	0.280778	0.270878	0.327485	0.343669	0.295135	0.266687	0.294001	0.283558	0.294429	0.299433	0.289365	0.273271	0.290097	0.273934	0.225663	0.332447	0.321313	0.342793	0.24758	0.254448	0.270474	0.262416	0.260184	0.287322	0.291854	0.249405	0.222119	0.219293	0.227059	0.227099	0.227807	0.240704	0.25196	0.371129	0.39653	0.397119	0.389959	0.396059	0.391325	0.418427	0.456484	0.396626	0.412919	0.404984	0.43639
Apteryx_haastii	0.365473	0.383724	0.387993	0.435467	0.407853	0.390755	0.416795	0.414557	0.375324	0.405646	0.417861	0.396975	0.413116	0.403497	0.409181	0.404458	0.389693	0.394055	0.41071	0.430586	0.403253	0.414337	0.408497	0.406186	0.424589	0.42378	0.417893	0.397746	0.400504	0.411374	0.403285	0.389604	0.431395	0.419943	0.430016	0.423264	0.424334	0.425658	0.420194	0.409436	0.422065	0.428027	0.402884	0.395781	0.399103	0.401176	0.385638	0.390951	0.387612	0.384762	0.391981	0.386484	0.385035	0.387035	0.385597	0.39603	0.391802	0.390297	0.398577	0.43266	0.430957	0.409404	0.40916	0.385063	0.388524	0.393085	0.3859	0.416522	0.418176	0.38916	0.41662	0.401192	0.390909	0.390991	0.40043	0.397263	0.414301	0.427255	0.418682	0.40756	0.383687	0.39587	0.38666	0.400374	0.382574	0.410803	0.399439	0.396896	0.401436	0.402027	0.396795	0.401437	0.399489	0.397497	0.387494	0.37393	0.381234	0.391237	0.382123	0.410292	0.382079	0.406372	0.385023	0.377755	0.352924	0.360283	0.366097	0.372111	0.372106	0.372185	0.382838	0.359055	0.385992	0.369562	0.38435	0.366455	0.362857	0.37008	0.376608	0.388714	0.393049	0.399499	0.413106	0.388077	0.385703	0.377702	0.36376	0.368253	0.368501	0.354185	0.377986	0.379619	0.377659	0.368844	0.373716	0.385255	0.385615	0.383755	0.376401	0.373055	0.356973	0.38216	0.368102	0.355495	0.368734	0.332469	0.273637	0.315886	0.298664	0.280397	0.262207	0.259781	0.277391	0.271928	0.257109	0.272352	0.291921	0.29656	0.294281	0.289672	0.289273	0.244169	0.254975	0.252821	0.277706	0.270915	0.275349	0.239267	0.246759	0.249067	0.241298	0.250456	0.249226	0.245409	0.225728	0.219415	0.366692	0.368966	0.326173	0.337946	0.31687	0.300819	0.304422	0.227207	0.243724	0.290715	0.299321	0.237162	0.232573	0.273092	0.278506	0.262425	0.328243	0.305662	0.297539	0.30143	0.250984	0.244327	0.259572	0.262687	0.266464	0.300947	0.285938	0.301638	0.310214	0.300543	0.287959	0.32748	0.300653	0.315958	0.407214	0.389856	0.412205	0.395367	0.350187	0.353003	0.287811	0.288768	0.406544	0.430331	0.250608	0.262485	0.247459	0.247469	0.258877	0.258881	0.260107	0.255335	0.25413	0.245522	0.242593	0.275085	0.273099	0.368646	0.263632	0.268838	0.241498	0.306552	0.308162	0.313501	0.313406	0.243352	0.263957	0.266902	0.228664	0.235945	0.232414	0.232754	0.275073	0.326998	0.335659	0.321816	0.35974	0.335666	0.34431	0.346899	0.331986	0.327992	0.290661	0.293028	0.294107	0.301587	0.293396	0.282106	0.229296	0.222568	0.00777148	0.00998518	0	0.00110615	0.116053	0.11753	0.0663213	0.0748756	0.0999765	0.259022	0.271458	0.261531	0.224439	0.282139	0.285343	0.262596	0.279033	0.277351	0.267452	0.324059	0.340243	0.291709	0.263261	0.290575	0.280132	0.291003	0.296007	0.285939	0.269844	0.286671	0.270508	0.222237	0.329021	0.317887	0.339367	0.244154	0.251022	0.267048	0.25899	0.256758	0.283895	0.288428	0.245978	0.218692	0.215867	0.223633	0.223673	0.224381	0.237277	0.248534	0.367702	0.393104	0.393693	0.386532	0.392633	0.387899	0.415001	0.453058	0.3932	0.409493	0.401558	0.432964
Apteryx_owenii	0.364369	0.38262	0.386888	0.434363	0.406749	0.389651	0.415691	0.413453	0.37422	0.404542	0.416756	0.395871	0.412012	0.402393	0.408077	0.403354	0.388589	0.392951	0.409606	0.429482	0.402149	0.413233	0.407393	0.405082	0.423485	0.422676	0.416789	0.396642	0.3994	0.41027	0.402181	0.3885	0.430291	0.418838	0.428912	0.42216	0.42323	0.424554	0.41909	0.408332	0.420961	0.426923	0.40178	0.394677	0.397999	0.400072	0.384534	0.389847	0.386508	0.383657	0.390877	0.38538	0.383931	0.385931	0.384493	0.394926	0.390698	0.389192	0.397472	0.431556	0.429853	0.4083	0.408056	0.383959	0.38742	0.391981	0.384796	0.415418	0.417072	0.388055	0.415515	0.400088	0.389805	0.389886	0.399326	0.396159	0.413197	0.426151	0.417578	0.406456	0.382582	0.394766	0.385556	0.39927	0.38147	0.409699	0.398335	0.395792	0.400332	0.400923	0.39569	0.400333	0.398385	0.396393	0.38639	0.372826	0.38013	0.390133	0.381019	0.409188	0.380975	0.405268	0.383919	0.37665	0.35182	0.359179	0.364993	0.371007	0.371002	0.37108	0.381734	0.35795	0.384888	0.368458	0.383246	0.365351	0.361752	0.368976	0.375504	0.38761	0.391945	0.398394	0.412002	0.386973	0.384599	0.376598	0.362656	0.367149	0.367397	0.353081	0.376882	0.378515	0.376555	0.36774	0.372612	0.384151	0.384511	0.382651	0.375297	0.371951	0.355869	0.381056	0.366998	0.354391	0.36763	0.331365	0.272533	0.314782	0.29756	0.279293	0.261103	0.258677	0.276287	0.270824	0.256005	0.271248	0.290817	0.295455	0.293177	0.288568	0.288169	0.243065	0.253871	0.251717	0.276601	0.269811	0.274245	0.238163	0.245655	0.247963	0.240194	0.249352	0.248122	0.244305	0.224624	0.218311	0.365588	0.367862	0.325069	0.336842	0.315766	0.299715	0.303318	0.226103	0.24262	0.289611	0.298217	0.236058	0.231469	0.271988	0.277402	0.261321	0.327138	0.304558	0.296435	0.300326	0.24988	0.243223	0.258468	0.261583	0.26536	0.299843	0.284833	0.300534	0.30911	0.299439	0.286855	0.326376	0.299549	0.314854	0.40611	0.388751	0.411101	0.394263	0.349083	0.351898	0.286706	0.287664	0.40544	0.429227	0.249504	0.261381	0.246355	0.246365	0.257773	0.257777	0.259003	0.254231	0.253026	0.244418	0.241489	0.27398	0.271995	0.367542	0.262527	0.267734	0.240394	0.305448	0.307058	0.312397	0.312302	0.242248	0.262853	0.265798	0.227559	0.234841	0.23131	0.23165	0.273969	0.325894	0.334555	0.320712	0.358635	0.334562	0.343206	0.345795	0.330882	0.326888	0.289557	0.291924	0.293003	0.300483	0.292292	0.281002	0.228191	0.221464	0.00666733	0.00888103	0.00110615	0	0.114949	0.116426	0.0652171	0.0737715	0.0988723	0.257918	0.270354	0.260426	0.223335	0.281035	0.284239	0.261492	0.277928	0.276247	0.266348	0.322955	0.339139	0.290605	0.262157	0.289471	0.279028	0.289899	0.294903	0.284835	0.26874	0.285567	0.269404	0.221133	0.327917	0.316783	0.338262	0.24305	0.249918	0.265944	0.257886	0.255654	0.282791	0.287323	0.244874	0.217588	0.214763	0.222529	0.222568	0.223277	0.236173	0.247429	0.366598	0.391999	0.392589	0.385428	0.391529	0.386794	0.413897	0.451954	0.392095	0.408389	0.400453	0.43186
Rhea_americana	0.430385	0.448636	0.452904	0.500379	0.472765	0.455667	0.481707	0.479469	0.440236	0.470558	0.482772	0.461887	0.478028	0.468409	0.474093	0.46937	0.454605	0.458967	0.475622	0.495498	0.468165	0.479249	0.473409	0.471098	0.489501	0.488692	0.482805	0.462658	0.465416	0.476286	0.468197	0.454516	0.496307	0.484854	0.494928	0.488176	0.489246	0.49057	0.485106	0.474348	0.486977	0.492939	0.467796	0.460693	0.464015	0.466088	0.45055	0.455863	0.452524	0.449673	0.456893	0.451396	0.449947	0.451947	0.450509	0.460942	0.456714	0.455208	0.463488	0.497572	0.495869	0.474316	0.474072	0.449975	0.453436	0.457997	0.450812	0.481434	0.483088	0.454071	0.481531	0.466104	0.455821	0.455902	0.465342	0.462175	0.479213	0.492167	0.483594	0.472472	0.448598	0.460782	0.451572	0.465286	0.447486	0.475715	0.464351	0.461808	0.466348	0.466939	0.461706	0.466349	0.464401	0.462409	0.452406	0.438842	0.446146	0.456149	0.447035	0.475204	0.446991	0.471284	0.449935	0.442666	0.417836	0.425195	0.431009	0.437023	0.437018	0.437096	0.44775	0.423966	0.450904	0.434474	0.449262	0.431367	0.427768	0.434992	0.44152	0.453626	0.457961	0.46441	0.478018	0.452989	0.450615	0.442614	0.428672	0.433165	0.433413	0.419097	0.442898	0.444531	0.442571	0.433756	0.438628	0.450167	0.450527	0.448667	0.441313	0.437967	0.421885	0.447072	0.433014	0.420407	0.433646	0.397381	0.338549	0.380798	0.363576	0.345309	0.327119	0.324693	0.342303	0.33684	0.322021	0.337264	0.356833	0.361471	0.359193	0.354584	0.354185	0.309081	0.319887	0.317733	0.342617	0.335827	0.340261	0.304179	0.311671	0.313979	0.30621	0.315368	0.314138	0.310321	0.29064	0.284327	0.431604	0.433878	0.391085	0.402858	0.381782	0.365731	0.369334	0.292119	0.308636	0.355627	0.364233	0.302074	0.297485	0.338004	0.343418	0.327337	0.393154	0.370574	0.362451	0.366342	0.315896	0.309239	0.324484	0.327599	0.331376	0.365859	0.350849	0.36655	0.375126	0.365455	0.352871	0.392392	0.365565	0.38087	0.472126	0.454768	0.477117	0.460279	0.415099	0.417914	0.352722	0.35368	0.471456	0.495243	0.31552	0.327397	0.312371	0.312381	0.323789	0.323793	0.325019	0.320247	0.319042	0.310434	0.307505	0.339996	0.338011	0.433558	0.328543	0.33375	0.30641	0.371464	0.373074	0.378413	0.378318	0.308264	0.328869	0.331814	0.293575	0.300857	0.297326	0.297666	0.339985	0.39191	0.400571	0.386728	0.424651	0.400578	0.409222	0.411811	0.396898	0.392904	0.355573	0.35794	0.359019	0.366499	0.358308	0.347018	0.294207	0.28748	0.117266	0.11948	0.116053	0.114949	0	0.0149709	0.131233	0.139788	0.164888	0.323934	0.33637	0.326442	0.289351	0.347051	0.350255	0.327508	0.343944	0.342263	0.332364	0.388971	0.405155	0.356621	0.328173	0.355487	0.345044	0.355915	0.360919	0.350851	0.334756	0.351583	0.33542	0.287149	0.393933	0.382799	0.404278	0.309066	0.315934	0.33196	0.323902	0.32167	0.348807	0.353339	0.31089	0.283604	0.280779	0.288545	0.288585	0.289293	0.302189	0.313445	0.432614	0.458015	0.458605	0.451444	0.457545	0.45281	0.479913	0.51797	0.458111	0.474405	0.466469	0.497876
Rhea_pennata	0.431861	0.450112	0.454381	0.501855	0.474242	0.457143	0.483183	0.480945	0.441712	0.472035	0.484249	0.463363	0.479504	0.469886	0.47557	0.470847	0.456082	0.460444	0.477099	0.496975	0.469642	0.480726	0.474886	0.472575	0.490978	0.490169	0.484281	0.464135	0.466893	0.477763	0.469674	0.455993	0.497784	0.486331	0.496404	0.489652	0.490722	0.492046	0.486583	0.475825	0.488453	0.494416	0.469273	0.46217	0.465492	0.467564	0.452027	0.45734	0.454001	0.45115	0.45837	0.452872	0.451424	0.453424	0.451986	0.462418	0.458191	0.456685	0.464965	0.499048	0.497345	0.475793	0.475549	0.451451	0.454913	0.459474	0.452288	0.482911	0.484564	0.455548	0.483008	0.467581	0.457298	0.457379	0.466819	0.463651	0.480689	0.493644	0.485071	0.473949	0.450075	0.462259	0.453049	0.466763	0.448963	0.477192	0.465828	0.463284	0.467824	0.468416	0.463183	0.467825	0.465878	0.463886	0.453883	0.440319	0.447623	0.457626	0.448511	0.476681	0.448467	0.472761	0.451411	0.444143	0.419312	0.426672	0.432485	0.438499	0.438494	0.438573	0.449226	0.425443	0.452381	0.43595	0.450739	0.432844	0.429245	0.436468	0.442997	0.455102	0.459437	0.465887	0.479494	0.454466	0.452092	0.44409	0.430149	0.434642	0.434889	0.420574	0.444375	0.446008	0.444048	0.435232	0.440104	0.451643	0.452003	0.450144	0.44279	0.439444	0.423361	0.448548	0.434491	0.421884	0.435123	0.398858	0.340026	0.382275	0.365053	0.346786	0.328595	0.32617	0.343779	0.338316	0.323498	0.338741	0.358309	0.362948	0.360669	0.35606	0.355662	0.310557	0.321363	0.319209	0.344094	0.337304	0.341738	0.305656	0.313148	0.315455	0.307687	0.316845	0.315615	0.311797	0.292117	0.285803	0.433081	0.435355	0.392561	0.404334	0.383259	0.367208	0.370811	0.293595	0.310112	0.357103	0.365709	0.303551	0.298962	0.33948	0.344894	0.328813	0.394631	0.372051	0.363928	0.367819	0.317372	0.310715	0.325961	0.329076	0.332852	0.367336	0.352326	0.368027	0.376603	0.366931	0.354348	0.393869	0.367042	0.382346	0.473602	0.456244	0.478594	0.461756	0.416576	0.419391	0.354199	0.355156	0.472932	0.49672	0.316996	0.328874	0.313848	0.313857	0.325265	0.32527	0.326496	0.321724	0.320519	0.31191	0.308982	0.341473	0.339488	0.435034	0.33002	0.335227	0.307887	0.372941	0.374551	0.379889	0.379795	0.30974	0.330346	0.33329	0.295052	0.302333	0.298803	0.299143	0.341462	0.393386	0.402047	0.388204	0.426128	0.402055	0.410699	0.413287	0.398375	0.39438	0.35705	0.359417	0.360496	0.367976	0.359785	0.348495	0.295684	0.288957	0.118743	0.120956	0.11753	0.116426	0.0149709	0	0.13271	0.141264	0.166365	0.325411	0.337846	0.327919	0.290827	0.348528	0.351732	0.328984	0.345421	0.34374	0.33384	0.390447	0.406631	0.358098	0.329649	0.356963	0.346521	0.357392	0.362395	0.352327	0.336233	0.353059	0.336896	0.288626	0.39541	0.384275	0.405755	0.310542	0.31741	0.333437	0.325378	0.323146	0.350284	0.354816	0.312367	0.285081	0.282256	0.290021	0.290061	0.290769	0.303666	0.314922	0.434091	0.459492	0.460081	0.452921	0.459022	0.454287	0.48139	0.519446	0.459588	0.475882	0.467946	0.499353
Casuarius_casuarius	0.380647	0.398898	0.403167	0.450641	0.423027	0.405929	0.431969	0.429731	0.390498	0.42082	0.433035	0.412149	0.42829	0.418671	0.424355	0.419633	0.404868	0.40923	0.425885	0.445761	0.418427	0.429512	0.423671	0.421361	0.439764	0.438954	0.433067	0.41292	0.415679	0.426549	0.41846	0.404778	0.44657	0.435117	0.44519	0.438438	0.439508	0.440832	0.435369	0.424611	0.437239	0.443201	0.418058	0.410956	0.414278	0.41635	0.400813	0.406125	0.402787	0.399936	0.407156	0.401658	0.400209	0.402209	0.400772	0.411204	0.406976	0.405471	0.413751	0.447834	0.446131	0.424579	0.424334	0.400237	0.403698	0.408259	0.401074	0.431696	0.43335	0.404334	0.431794	0.416366	0.406084	0.406165	0.415604	0.412437	0.429475	0.442429	0.433857	0.422735	0.398861	0.411044	0.401835	0.415549	0.397748	0.425977	0.414614	0.41207	0.41661	0.417202	0.411969	0.416611	0.414664	0.412672	0.402669	0.389105	0.396409	0.406411	0.397297	0.425467	0.397253	0.421546	0.400197	0.392929	0.368098	0.375458	0.381271	0.387285	0.38728	0.387359	0.398012	0.374229	0.401167	0.384736	0.399525	0.38163	0.378031	0.385254	0.391782	0.403888	0.408223	0.414673	0.42828	0.403252	0.400877	0.392876	0.378935	0.383428	0.383675	0.36936	0.39316	0.394794	0.392833	0.384018	0.38889	0.400429	0.400789	0.39893	0.391575	0.38823	0.372147	0.397334	0.383277	0.37067	0.383908	0.347644	0.288811	0.331061	0.313839	0.295572	0.277381	0.274956	0.292565	0.287102	0.272283	0.287527	0.307095	0.311734	0.309455	0.304846	0.304448	0.259343	0.270149	0.267995	0.29288	0.286089	0.290523	0.254442	0.261934	0.264241	0.256473	0.265631	0.264401	0.260583	0.240903	0.234589	0.381867	0.38414	0.341347	0.35312	0.332045	0.315994	0.319597	0.242381	0.258898	0.305889	0.314495	0.252336	0.247747	0.288266	0.29368	0.277599	0.343417	0.320837	0.312714	0.316605	0.266158	0.259501	0.274747	0.277862	0.281638	0.316122	0.301112	0.316813	0.325388	0.315717	0.303134	0.342655	0.315827	0.331132	0.422388	0.40503	0.42738	0.410541	0.365362	0.368177	0.302985	0.303942	0.421718	0.445506	0.265782	0.27766	0.262633	0.262643	0.274051	0.274055	0.275282	0.270509	0.269305	0.260696	0.257768	0.290259	0.288273	0.38382	0.278806	0.284012	0.256672	0.321727	0.323337	0.328675	0.32858	0.258526	0.279131	0.282076	0.243838	0.251119	0.247588	0.247928	0.290247	0.342172	0.350833	0.33699	0.374914	0.35084	0.359485	0.362073	0.34716	0.343166	0.305835	0.308203	0.309282	0.316762	0.308571	0.297281	0.24447	0.237743	0.0675339	0.0697476	0.0663213	0.0652171	0.131233	0.13271	0	0.0232191	0.115151	0.274197	0.286632	0.276705	0.239613	0.297314	0.300518	0.27777	0.294207	0.292526	0.282626	0.339233	0.355417	0.306883	0.278435	0.305749	0.295306	0.306177	0.311181	0.301113	0.285019	0.301845	0.285682	0.237412	0.344195	0.333061	0.354541	0.259328	0.266196	0.282223	0.274164	0.271932	0.29907	0.303602	0.261153	0.233867	0.231041	0.238807	0.238847	0.239555	0.252452	0.263708	0.382877	0.408278	0.408867	0.401707	0.407807	0.403073	0.430176	0.468232	0.408374	0.424667	0.416732	0.448139
Dromaius_novaehollandiae	0.389201	0.407452	0.411721	0.459196	0.431582	0.414484	0.440524	0.438286	0.399052	0.429375	0.441589	0.420703	0.436845	0.427226	0.43291	0.428187	0.413422	0.417784	0.434439	0.454315	0.426982	0.438066	0.432226	0.429915	0.448318	0.447509	0.441622	0.421475	0.424233	0.435103	0.427014	0.413333	0.455124	0.443671	0.453745	0.446993	0.448062	0.449387	0.443923	0.433165	0.445793	0.451756	0.426613	0.41951	0.422832	0.424904	0.409367	0.41468	0.411341	0.40849	0.41571	0.410213	0.408764	0.410764	0.409326	0.419758	0.415531	0.414025	0.422305	0.456388	0.454685	0.433133	0.432889	0.408791	0.412253	0.416814	0.409629	0.440251	0.441904	0.412888	0.440348	0.424921	0.414638	0.414719	0.424159	0.420992	0.43803	0.450984	0.442411	0.431289	0.407415	0.419599	0.410389	0.424103	0.406303	0.434532	0.423168	0.420625	0.425165	0.425756	0.420523	0.425166	0.423218	0.421226	0.411223	0.397659	0.404963	0.414966	0.405851	0.434021	0.405807	0.430101	0.408752	0.401483	0.376652	0.384012	0.389826	0.39584	0.395835	0.395913	0.406567	0.382783	0.409721	0.393291	0.408079	0.390184	0.386585	0.393809	0.400337	0.412442	0.416777	0.423227	0.436834	0.411806	0.409432	0.401431	0.387489	0.391982	0.39223	0.377914	0.401715	0.403348	0.401388	0.392572	0.397445	0.408984	0.409344	0.407484	0.40013	0.396784	0.380701	0.405889	0.391831	0.379224	0.392463	0.356198	0.297366	0.339615	0.322393	0.304126	0.285936	0.28351	0.30112	0.295657	0.280838	0.296081	0.315649	0.320288	0.31801	0.313401	0.313002	0.267897	0.278703	0.27655	0.301434	0.294644	0.299078	0.262996	0.270488	0.272796	0.265027	0.274185	0.272955	0.269137	0.249457	0.243144	0.390421	0.392695	0.349902	0.361674	0.340599	0.324548	0.328151	0.250936	0.267453	0.314444	0.32305	0.260891	0.256302	0.296821	0.302235	0.286153	0.351971	0.329391	0.321268	0.325159	0.274713	0.268056	0.283301	0.286416	0.290192	0.324676	0.309666	0.325367	0.333943	0.324272	0.311688	0.351209	0.324382	0.339687	0.430943	0.413584	0.435934	0.419096	0.373916	0.376731	0.311539	0.312496	0.430273	0.45406	0.274336	0.286214	0.271188	0.271198	0.282606	0.28261	0.283836	0.279064	0.277859	0.26925	0.266322	0.298813	0.296828	0.392375	0.28736	0.292567	0.265227	0.330281	0.331891	0.337229	0.337135	0.26708	0.287686	0.29063	0.252392	0.259673	0.256143	0.256483	0.298802	0.350726	0.359388	0.345544	0.383468	0.359395	0.368039	0.370627	0.355715	0.35172	0.31439	0.316757	0.317836	0.325316	0.317125	0.305835	0.253024	0.246297	0.0760882	0.0783019	0.0748756	0.0737715	0.139788	0.141264	0.0232191	0	0.123705	0.282751	0.295186	0.285259	0.248167	0.305868	0.309072	0.286325	0.302761	0.30108	0.291181	0.347787	0.363972	0.315438	0.28699	0.314303	0.303861	0.314732	0.319735	0.309668	0.293573	0.3104	0.294237	0.245966	0.35275	0.341615	0.363095	0.267883	0.274751	0.290777	0.282719	0.280487	0.307624	0.312156	0.269707	0.242421	0.239596	0.247362	0.247401	0.248109	0.261006	0.272262	0.391431	0.416832	0.417421	0.410261	0.416362	0.411627	0.43873	0.476787	0.416928	0.433222	0.425286	0.456693
Struthio_camelus	0.38947	0.407721	0.41199	0.459465	0.431851	0.414753	0.440793	0.438554	0.399321	0.429644	0.441858	0.420972	0.437114	0.427495	0.433179	0.428456	0.413691	0.418053	0.434708	0.454584	0.427251	0.438335	0.432495	0.430184	0.448587	0.447778	0.441891	0.421744	0.424502	0.435372	0.427283	0.413602	0.455393	0.44394	0.454014	0.447262	0.448331	0.449656	0.444192	0.433434	0.446062	0.452025	0.426882	0.419779	0.423101	0.425173	0.409636	0.414949	0.41161	0.408759	0.415979	0.410482	0.409033	0.411033	0.409595	0.420027	0.4158	0.414294	0.422574	0.456657	0.454954	0.433402	0.433158	0.40906	0.412522	0.417083	0.409897	0.44052	0.442173	0.413157	0.440617	0.42519	0.414907	0.414988	0.424428	0.421261	0.438299	0.451253	0.44268	0.431558	0.407684	0.419868	0.410658	0.424372	0.406572	0.434801	0.423437	0.420893	0.425434	0.426025	0.420792	0.425435	0.423487	0.421495	0.411492	0.397928	0.405232	0.415235	0.40612	0.43429	0.406076	0.43037	0.409021	0.401752	0.376921	0.384281	0.390095	0.396109	0.396104	0.396182	0.406836	0.383052	0.40999	0.39356	0.408348	0.390453	0.386854	0.394078	0.400606	0.412711	0.417046	0.423496	0.437103	0.412075	0.409701	0.4017	0.387758	0.392251	0.392499	0.378183	0.401984	0.403617	0.401657	0.392841	0.397714	0.409253	0.409613	0.407753	0.400399	0.397053	0.38097	0.406158	0.3921	0.379493	0.392732	0.356467	0.297635	0.339884	0.322662	0.304395	0.286204	0.283779	0.301389	0.295926	0.281107	0.29635	0.315918	0.320557	0.318279	0.31367	0.313271	0.268166	0.278972	0.276819	0.301703	0.294913	0.299347	0.263265	0.270757	0.273065	0.265296	0.274454	0.273224	0.269406	0.249726	0.243413	0.39069	0.392964	0.350171	0.361943	0.340868	0.324817	0.32842	0.251205	0.267722	0.314713	0.323319	0.26116	0.256571	0.29709	0.302504	0.286422	0.35224	0.32966	0.321537	0.325428	0.274982	0.268325	0.28357	0.286685	0.290461	0.324945	0.309935	0.325636	0.334212	0.324541	0.311957	0.351478	0.324651	0.339956	0.431212	0.413853	0.436203	0.419365	0.374185	0.377	0.311808	0.312765	0.430542	0.454329	0.274605	0.286483	0.271457	0.271467	0.282875	0.282879	0.284105	0.279333	0.278128	0.269519	0.266591	0.299082	0.297097	0.392643	0.287629	0.292836	0.265496	0.33055	0.33216	0.337498	0.337404	0.267349	0.287955	0.290899	0.252661	0.259942	0.256412	0.256752	0.299071	0.350995	0.359657	0.345813	0.383737	0.359664	0.368308	0.370896	0.355984	0.351989	0.314659	0.317026	0.318105	0.325585	0.317394	0.306104	0.253293	0.246566	0.101189	0.103403	0.0999765	0.0988723	0.164888	0.166365	0.115151	0.123705	0	0.28302	0.295455	0.285528	0.248436	0.306137	0.309341	0.286594	0.30303	0.301349	0.29145	0.348056	0.364241	0.315707	0.287259	0.314572	0.30413	0.315001	0.320004	0.309937	0.293842	0.310669	0.294506	0.246235	0.353019	0.341884	0.363364	0.268152	0.27502	0.291046	0.282988	0.280756	0.307893	0.312425	0.269976	0.24269	0.239865	0.247631	0.24767	0.248378	0.261275	0.272531	0.3917	0.417101	0.41769	0.41053	0.416631	0.411896	0.438999	0.477056	0.417197	0.433491	0.425555	0.456962
Ardeotis_kori	0.284291	0.302542	0.306811	0.354285	0.326671	0.309573	0.335613	0.333375	0.294142	0.324464	0.336679	0.315793	0.331934	0.322315	0.327999	0.323277	0.308512	0.312874	0.329528	0.349405	0.322071	0.333156	0.327315	0.325005	0.343408	0.342598	0.336711	0.316564	0.319323	0.330193	0.322104	0.308422	0.350214	0.338761	0.348834	0.342082	0.343152	0.344476	0.339013	0.328255	0.340883	0.346845	0.321702	0.3146	0.317922	0.319994	0.304457	0.309769	0.306431	0.30358	0.3108	0.305302	0.303853	0.305853	0.304416	0.314848	0.31062	0.309115	0.317395	0.351478	0.349775	0.328223	0.327978	0.303881	0.307342	0.311903	0.304718	0.33534	0.336994	0.307978	0.335438	0.32001	0.309728	0.309809	0.319248	0.316081	0.333119	0.346073	0.337501	0.326379	0.302505	0.314688	0.305479	0.319193	0.301392	0.329621	0.318258	0.315714	0.320254	0.320846	0.315613	0.320255	0.318308	0.316316	0.306313	0.292749	0.300053	0.310055	0.300941	0.329111	0.300897	0.32519	0.303841	0.296573	0.271742	0.279102	0.284915	0.290929	0.290924	0.291003	0.301656	0.277873	0.304811	0.28838	0.303169	0.285274	0.281675	0.288898	0.295426	0.307532	0.311867	0.318317	0.331924	0.306896	0.304521	0.29652	0.282579	0.287072	0.287319	0.273004	0.296804	0.298438	0.296477	0.287662	0.292534	0.304073	0.304433	0.302574	0.295219	0.291874	0.275791	0.300978	0.286921	0.274313	0.287552	0.251288	0.192455	0.234705	0.217483	0.199216	0.181025	0.1786	0.196209	0.190746	0.175927	0.191171	0.210739	0.215378	0.213099	0.20849	0.208092	0.162987	0.173793	0.171639	0.196524	0.189733	0.194167	0.158086	0.165578	0.167885	0.160117	0.169275	0.168045	0.164227	0.144546	0.138233	0.285511	0.287784	0.244991	0.256764	0.235689	0.219638	0.223241	0.146025	0.162542	0.209533	0.218139	0.15598	0.151391	0.19191	0.197324	0.181243	0.247061	0.224481	0.216358	0.220249	0.169802	0.163145	0.178391	0.181506	0.185282	0.219766	0.204756	0.220457	0.229032	0.219361	0.206778	0.246299	0.219471	0.234776	0.326032	0.308674	0.331024	0.314185	0.269006	0.271821	0.206629	0.207586	0.325362	0.349149	0.169426	0.181304	0.166277	0.166287	0.177695	0.177699	0.178926	0.174153	0.172949	0.16434	0.161412	0.193903	0.191917	0.287464	0.18245	0.187656	0.160316	0.225371	0.226981	0.232319	0.232224	0.16217	0.182775	0.18572	0.147482	0.154763	0.151232	0.151572	0.263725	0.31565	0.324311	0.310468	0.348392	0.324318	0.332962	0.335551	0.320638	0.316644	0.279313	0.28168	0.28276	0.29024	0.282048	0.270758	0.217948	0.211221	0.260235	0.262449	0.259022	0.257918	0.323934	0.325411	0.274197	0.282751	0.28302	0	0.0490081	0.0574936	0.143257	0.200958	0.204162	0.181414	0.197851	0.19617	0.18627	0.242877	0.259061	0.210527	0.182079	0.209393	0.19895	0.209821	0.214825	0.204757	0.188663	0.205489	0.189326	0.141056	0.247839	0.236705	0.258185	0.162972	0.16984	0.185867	0.177808	0.175576	0.202714	0.207246	0.164797	0.137511	0.134685	0.142451	0.142491	0.143199	0.156096	0.167352	0.286521	0.311922	0.312511	0.305351	0.311451	0.306717	0.33382	0.371876	0.312018	0.328311	0.320376	0.351783
Chlamydotis_macqueenii	0.296726	0.314977	0.319246	0.36672	0.339107	0.322008	0.348049	0.34581	0.306577	0.3369	0.349114	0.328228	0.344369	0.334751	0.340435	0.335712	0.320947	0.325309	0.341964	0.36184	0.334507	0.345591	0.339751	0.33744	0.355843	0.355034	0.349147	0.329	0.331758	0.342628	0.334539	0.320858	0.362649	0.351196	0.361269	0.354518	0.355587	0.356912	0.351448	0.34069	0.353318	0.359281	0.334138	0.327035	0.330357	0.332429	0.316892	0.322205	0.318866	0.316015	0.323235	0.317738	0.316289	0.318289	0.316851	0.327283	0.323056	0.32155	0.32983	0.363913	0.36221	0.340658	0.340414	0.316316	0.319778	0.324339	0.317153	0.347776	0.349429	0.320413	0.347873	0.332446	0.322163	0.322244	0.331684	0.328517	0.345555	0.358509	0.349936	0.338814	0.31494	0.327124	0.317914	0.331628	0.313828	0.342057	0.330693	0.328149	0.332689	0.333281	0.328048	0.33269	0.330743	0.328751	0.318748	0.305184	0.312488	0.322491	0.313376	0.341546	0.313332	0.337626	0.316277	0.309008	0.284177	0.291537	0.29735	0.303364	0.30336	0.303438	0.314091	0.290308	0.317246	0.300815	0.315604	0.297709	0.29411	0.301333	0.307862	0.319967	0.324302	0.330752	0.344359	0.319331	0.316957	0.308956	0.295014	0.299507	0.299755	0.285439	0.30924	0.310873	0.308913	0.300097	0.30497	0.316509	0.316869	0.315009	0.307655	0.304309	0.288226	0.313413	0.299356	0.286749	0.299988	0.263723	0.204891	0.24714	0.229918	0.211651	0.19346	0.191035	0.208645	0.203182	0.188363	0.203606	0.223174	0.227813	0.225535	0.220926	0.220527	0.175422	0.186228	0.184075	0.208959	0.202169	0.206603	0.170521	0.178013	0.180321	0.172552	0.18171	0.18048	0.176662	0.156982	0.150669	0.297946	0.30022	0.257427	0.269199	0.248124	0.232073	0.235676	0.15846	0.174978	0.221968	0.230574	0.168416	0.163827	0.204345	0.209759	0.193678	0.259496	0.236916	0.228793	0.232684	0.182238	0.17558	0.190826	0.193941	0.197717	0.232201	0.217191	0.232892	0.241468	0.231797	0.219213	0.258734	0.231907	0.247211	0.338467	0.321109	0.343459	0.326621	0.281441	0.284256	0.219064	0.220021	0.337797	0.361585	0.181861	0.193739	0.178713	0.178722	0.190131	0.190135	0.191361	0.186589	0.185384	0.176775	0.173847	0.206338	0.204353	0.299899	0.194885	0.200092	0.172752	0.237806	0.239416	0.244754	0.24466	0.174605	0.195211	0.198155	0.159917	0.167198	0.163668	0.164008	0.276161	0.328085	0.336746	0.322903	0.360827	0.336753	0.345398	0.347986	0.333074	0.329079	0.291749	0.294116	0.295195	0.302675	0.294484	0.283194	0.230383	0.223656	0.27267	0.274884	0.271458	0.270354	0.33637	0.337846	0.286632	0.295186	0.295455	0.0490081	0	0.0699289	0.155692	0.213393	0.216597	0.193849	0.210286	0.208605	0.198706	0.255312	0.271497	0.222963	0.194515	0.221828	0.211386	0.222257	0.22726	0.217193	0.201098	0.217924	0.201762	0.153491	0.260275	0.24914	0.27062	0.175408	0.182276	0.198302	0.190243	0.188012	0.215149	0.219681	0.177232	0.149946	0.147121	0.154887	0.154926	0.155634	0.168531	0.179787	0.298956	0.324357	0.324946	0.317786	0.323887	0.319152	0.346255	0.384312	0.324453	0.340747	0.332811	0.364218
Lophotis_ruficrista	0.286799	0.30505	0.309319	0.356793	0.32918	0.312081	0.338121	0.335883	0.29665	0.326973	0.339187	0.318301	0.334442	0.324824	0.330508	0.325785	0.31102	0.315382	0.332037	0.351913	0.32458	0.335664	0.329824	0.327513	0.345916	0.345107	0.339219	0.319073	0.321831	0.332701	0.324612	0.310931	0.352722	0.341269	0.351342	0.34459	0.34566	0.346985	0.341521	0.330763	0.343391	0.349354	0.324211	0.317108	0.32043	0.322502	0.306965	0.312278	0.308939	0.306088	0.313308	0.30781	0.306362	0.308362	0.306924	0.317356	0.313129	0.311623	0.319903	0.353986	0.352283	0.330731	0.330487	0.306389	0.309851	0.314412	0.307226	0.337849	0.339502	0.310486	0.337946	0.322519	0.312236	0.312317	0.321757	0.318589	0.335627	0.348582	0.340009	0.328887	0.305013	0.317197	0.307987	0.321701	0.303901	0.33213	0.320766	0.318222	0.322762	0.323354	0.318121	0.322763	0.320816	0.318824	0.308821	0.295257	0.302561	0.312564	0.303449	0.331619	0.303405	0.327699	0.306349	0.299081	0.27425	0.28161	0.287423	0.293437	0.293432	0.293511	0.304164	0.280381	0.307319	0.290888	0.305677	0.287782	0.284183	0.291406	0.297935	0.31004	0.314375	0.320825	0.334432	0.309404	0.30703	0.299028	0.285087	0.28958	0.289827	0.275512	0.299313	0.300946	0.298986	0.29017	0.295042	0.306581	0.306941	0.305082	0.297728	0.294382	0.278299	0.303486	0.289429	0.276822	0.290061	0.253796	0.194964	0.237213	0.219991	0.201724	0.183533	0.181108	0.198717	0.193254	0.178436	0.193679	0.213247	0.217886	0.215607	0.210998	0.2106	0.165495	0.176301	0.174147	0.199032	0.192242	0.196676	0.160594	0.168086	0.170393	0.162625	0.171783	0.170553	0.166735	0.147055	0.140741	0.288019	0.290293	0.247499	0.259272	0.238197	0.222146	0.225749	0.148533	0.16505	0.212041	0.220647	0.158489	0.1539	0.194418	0.199832	0.183751	0.249569	0.226989	0.218866	0.222757	0.17231	0.165653	0.180899	0.184014	0.18779	0.222274	0.207264	0.222965	0.231541	0.221869	0.209286	0.248807	0.22198	0.237284	0.32854	0.311182	0.333532	0.316694	0.271514	0.274329	0.209137	0.210094	0.32787	0.351658	0.171934	0.183812	0.168786	0.168795	0.180203	0.180208	0.181434	0.176662	0.175457	0.166848	0.16392	0.196411	0.194426	0.289972	0.184958	0.190165	0.162825	0.227879	0.229489	0.234827	0.234733	0.164678	0.185284	0.188228	0.14999	0.157271	0.153741	0.154081	0.266233	0.318158	0.326819	0.312976	0.3509	0.326826	0.335471	0.338059	0.323146	0.319152	0.281821	0.284189	0.285268	0.292748	0.284557	0.273267	0.220456	0.213729	0.262743	0.264957	0.261531	0.260426	0.326442	0.327919	0.276705	0.285259	0.285528	0.0574936	0.0699289	0	0.145765	0.203466	0.20667	0.183922	0.200359	0.198678	0.188778	0.245385	0.261569	0.213036	0.184587	0.211901	0.201459	0.21233	0.217333	0.207265	0.191171	0.207997	0.191834	0.143564	0.250348	0.239213	0.260693	0.165481	0.172348	0.188375	0.180316	0.178084	0.205222	0.209754	0.167305	0.140019	0.137194	0.144959	0.144999	0.145707	0.158604	0.16986	0.289029	0.31443	0.315019	0.307859	0.31396	0.309225	0.336328	0.374384	0.314526	0.33082	0.322884	0.354291
Gavia_stellata	0.23988	0.258131	0.2624	0.309875	0.282261	0.265163	0.291203	0.288964	0.249731	0.280054	0.292268	0.271382	0.287524	0.277905	0.283589	0.278866	0.264101	0.268463	0.285118	0.304994	0.277661	0.288745	0.282905	0.280594	0.298997	0.298188	0.292301	0.272154	0.274912	0.285782	0.277693	0.264012	0.305803	0.29435	0.304424	0.297672	0.298741	0.300066	0.294602	0.283844	0.296472	0.302435	0.277292	0.270189	0.273511	0.275583	0.260046	0.265359	0.26202	0.259169	0.266389	0.260892	0.259443	0.261443	0.260005	0.270437	0.26621	0.264704	0.272984	0.307067	0.305364	0.283812	0.283568	0.25947	0.262932	0.267493	0.260307	0.29093	0.292583	0.263567	0.291027	0.2756	0.265317	0.265398	0.274838	0.271671	0.288709	0.301663	0.29309	0.281968	0.258094	0.270278	0.261068	0.274782	0.256982	0.285211	0.273847	0.271303	0.275844	0.276435	0.271202	0.275845	0.273897	0.271905	0.261902	0.248338	0.255642	0.265645	0.25653	0.2847	0.256486	0.28078	0.259431	0.252162	0.227331	0.234691	0.240504	0.246519	0.246514	0.246592	0.257246	0.233462	0.2604	0.243969	0.258758	0.240863	0.237264	0.244488	0.251016	0.263121	0.267456	0.273906	0.287513	0.262485	0.260111	0.25211	0.238168	0.242661	0.242909	0.228593	0.252394	0.254027	0.252067	0.243251	0.248124	0.259663	0.260023	0.258163	0.250809	0.247463	0.23138	0.256568	0.24251	0.229903	0.243142	0.206877	0.148045	0.190294	0.173072	0.154805	0.136614	0.134189	0.151799	0.146336	0.131517	0.14676	0.166328	0.170967	0.168689	0.16408	0.163681	0.118576	0.129382	0.127229	0.152113	0.145323	0.149757	0.113675	0.121167	0.123475	0.115706	0.124864	0.123634	0.119816	0.100136	0.0938226	0.2411	0.243374	0.200581	0.212353	0.191278	0.175227	0.17883	0.101615	0.118132	0.165123	0.173729	0.11157	0.106981	0.1475	0.152913	0.136832	0.20265	0.18007	0.171947	0.175838	0.125392	0.118735	0.13398	0.137095	0.140871	0.175355	0.160345	0.176046	0.184622	0.174951	0.162367	0.201888	0.175061	0.190366	0.281622	0.264263	0.286613	0.269775	0.224595	0.22741	0.162218	0.163175	0.280952	0.304739	0.126641	0.138519	0.123493	0.123502	0.13491	0.134915	0.136141	0.131369	0.130164	0.121555	0.118627	0.151118	0.149133	0.244679	0.139665	0.144872	0.117532	0.182586	0.184196	0.189534	0.18944	0.119385	0.139991	0.142935	0.104697	0.111978	0.108448	0.108788	0.229142	0.281066	0.289727	0.275884	0.313808	0.289734	0.298379	0.300967	0.286055	0.28206	0.24473	0.247097	0.248176	0.255656	0.247465	0.236175	0.183364	0.176637	0.225651	0.227865	0.224439	0.223335	0.289351	0.290827	0.239613	0.248167	0.248436	0.143257	0.155692	0.145765	0	0.156547	0.159751	0.137004	0.15344	0.151759	0.14186	0.198466	0.214651	0.166117	0.137669	0.164982	0.15454	0.165411	0.170414	0.160347	0.144252	0.161079	0.144916	0.0966449	0.203429	0.192294	0.213774	0.118562	0.12543	0.141456	0.133398	0.131166	0.158303	0.162835	0.120386	0.0931	0.0902748	0.0980406	0.0980804	0.0987884	0.111685	0.122941	0.24211	0.267511	0.2681	0.26094	0.267041	0.262306	0.289409	0.327466	0.267607	0.283901	0.275965	0.307372
Opisthocomus_hoazin	0.295527	0.313778	0.318047	0.365521	0.337907	0.320809	0.346849	0.344611	0.305378	0.3357	0.347915	0.327029	0.34317	0.333551	0.339235	0.334512	0.319747	0.324109	0.340764	0.360641	0.333307	0.344391	0.338551	0.33624	0.354644	0.353834	0.347947	0.3278	0.330559	0.341429	0.333339	0.319658	0.361449	0.349997	0.36007	0.353318	0.354388	0.355712	0.350248	0.33949	0.352119	0.358081	0.332938	0.325835	0.329158	0.33123	0.315693	0.321005	0.317666	0.314816	0.322035	0.316538	0.315089	0.317089	0.315651	0.326084	0.321856	0.320351	0.328631	0.362714	0.361011	0.339459	0.339214	0.315117	0.318578	0.323139	0.315954	0.346576	0.34823	0.319214	0.346674	0.331246	0.320964	0.321045	0.330484	0.327317	0.344355	0.357309	0.348736	0.337614	0.313741	0.325924	0.316714	0.330428	0.312628	0.340857	0.329493	0.32695	0.33149	0.332081	0.326849	0.331491	0.329543	0.327551	0.317548	0.303985	0.311288	0.321291	0.312177	0.340347	0.312133	0.336426	0.315077	0.307809	0.282978	0.290337	0.296151	0.302165	0.30216	0.302239	0.312892	0.289109	0.316046	0.299616	0.314404	0.29651	0.292911	0.300134	0.306662	0.318768	0.323103	0.329553	0.34316	0.318131	0.315757	0.307756	0.293814	0.298307	0.298555	0.284239	0.30804	0.309673	0.307713	0.298898	0.30377	0.315309	0.315669	0.31381	0.306455	0.303109	0.287027	0.312214	0.298156	0.285549	0.298788	0.262523	0.203691	0.24594	0.228718	0.210451	0.192261	0.189836	0.207445	0.201982	0.187163	0.202407	0.221975	0.226614	0.224335	0.219726	0.219327	0.174223	0.185029	0.182875	0.20776	0.200969	0.205403	0.169321	0.176814	0.179121	0.171353	0.18051	0.179281	0.175463	0.155782	0.149469	0.296747	0.29902	0.256227	0.268	0.246925	0.230873	0.234477	0.157261	0.173778	0.220769	0.229375	0.167216	0.162627	0.203146	0.20856	0.192479	0.258297	0.235716	0.227593	0.231484	0.181038	0.174381	0.189626	0.192741	0.196518	0.231002	0.215992	0.231692	0.240268	0.230597	0.218014	0.257534	0.230707	0.246012	0.337268	0.31991	0.342259	0.325421	0.280242	0.283057	0.217865	0.218822	0.336598	0.360385	0.184342	0.19622	0.181193	0.181203	0.192611	0.192615	0.193841	0.189069	0.187865	0.179256	0.176328	0.208819	0.206833	0.30238	0.197366	0.202572	0.175232	0.240287	0.241896	0.247235	0.24714	0.177086	0.197691	0.200636	0.162398	0.169679	0.166148	0.166488	0.286842	0.338767	0.347428	0.333585	0.371509	0.347435	0.356079	0.358668	0.343755	0.339761	0.30243	0.304797	0.305877	0.313356	0.305165	0.293875	0.241065	0.234337	0.283352	0.285566	0.282139	0.281035	0.347051	0.348528	0.297314	0.305868	0.306137	0.200958	0.213393	0.203466	0.156547	0	0.215397	0.19265	0.209087	0.207405	0.197506	0.254113	0.270297	0.221763	0.193315	0.220629	0.210186	0.221057	0.226061	0.215993	0.199898	0.216725	0.200562	0.152291	0.259075	0.247941	0.269421	0.174208	0.181076	0.197102	0.189044	0.186812	0.213949	0.218482	0.176032	0.148746	0.145921	0.153687	0.153727	0.154435	0.167332	0.178588	0.297756	0.323158	0.323747	0.316587	0.322687	0.317953	0.345055	0.383112	0.323254	0.339547	0.331612	0.363018
Alopecoenas_beccarii	0.296359	0.314609	0.318878	0.366353	0.338739	0.321641	0.347681	0.345443	0.306209	0.336532	0.348746	0.32786	0.344002	0.334383	0.340067	0.335344	0.320579	0.324941	0.341596	0.361472	0.334139	0.345223	0.339383	0.337072	0.355475	0.354666	0.348779	0.328632	0.33139	0.34226	0.334171	0.32049	0.362281	0.350828	0.360902	0.35415	0.35522	0.356544	0.35108	0.340322	0.35295	0.358913	0.33377	0.326667	0.329989	0.332062	0.316524	0.321837	0.318498	0.315647	0.322867	0.31737	0.315921	0.317921	0.316483	0.326915	0.322688	0.321182	0.329462	0.363546	0.361843	0.34029	0.340046	0.315949	0.31941	0.323971	0.316786	0.347408	0.349061	0.320045	0.347505	0.332078	0.321795	0.321876	0.331316	0.328149	0.345187	0.358141	0.349568	0.338446	0.314572	0.326756	0.317546	0.33126	0.31346	0.341689	0.330325	0.327782	0.332322	0.332913	0.32768	0.332323	0.330375	0.328383	0.31838	0.304816	0.31212	0.322123	0.313009	0.341178	0.312965	0.337258	0.315909	0.30864	0.28381	0.291169	0.296983	0.302997	0.302992	0.30307	0.313724	0.28994	0.316878	0.300448	0.315236	0.297341	0.293742	0.300966	0.307494	0.319599	0.323935	0.330384	0.343992	0.318963	0.316589	0.308588	0.294646	0.299139	0.299387	0.285071	0.308872	0.310505	0.308545	0.29973	0.304602	0.316141	0.316501	0.314641	0.307287	0.303941	0.287859	0.313046	0.298988	0.286381	0.29962	0.263355	0.204529	0.246778	0.229556	0.211289	0.193099	0.190673	0.208283	0.20282	0.188001	0.203244	0.222813	0.227451	0.225173	0.220564	0.220165	0.17506	0.185866	0.183713	0.208597	0.201807	0.206241	0.170159	0.177651	0.179959	0.17219	0.181348	0.180118	0.1763	0.15662	0.150307	0.297584	0.299858	0.257065	0.268838	0.247762	0.231711	0.235314	0.158099	0.174616	0.221607	0.230213	0.168054	0.163465	0.203984	0.209398	0.193316	0.259134	0.236554	0.228431	0.232322	0.181876	0.175219	0.190464	0.193579	0.197355	0.231839	0.216829	0.23253	0.241106	0.231435	0.218851	0.258372	0.231545	0.24685	0.338106	0.320747	0.343097	0.326259	0.281079	0.283894	0.218702	0.21966	0.337436	0.361223	0.187546	0.199424	0.184397	0.184407	0.195815	0.195819	0.197045	0.192273	0.191069	0.18246	0.179531	0.212023	0.210037	0.305584	0.20057	0.205776	0.178436	0.24349	0.2451	0.250439	0.250344	0.18029	0.200895	0.20384	0.165602	0.172883	0.169352	0.169692	0.290046	0.341971	0.350632	0.336789	0.374713	0.350639	0.359283	0.361872	0.346959	0.342965	0.305634	0.308001	0.309081	0.31656	0.308369	0.297079	0.244269	0.237541	0.286556	0.28877	0.285343	0.284239	0.350255	0.351732	0.300518	0.309072	0.309341	0.204162	0.216597	0.20667	0.159751	0.215397	0	0.0686506	0.100335	0.0986541	0.0887548	0.245629	0.261813	0.220336	0.191888	0.219202	0.208759	0.221889	0.226893	0.216825	0.20073	0.217557	0.201394	0.153123	0.259907	0.248773	0.270252	0.17504	0.181908	0.197934	0.189876	0.187644	0.214781	0.219313	0.176864	0.149578	0.146753	0.154519	0.154558	0.155266	0.168163	0.179419	0.298588	0.323989	0.324579	0.317418	0.323519	0.318784	0.345887	0.383944	0.324085	0.340379	0.332443	0.36385
Caloenas_nicobarica	0.273611	0.291862	0.296131	0.343605	0.315991	0.298893	0.324933	0.322695	0.283462	0.313784	0.325999	0.305113	0.321254	0.311635	0.317319	0.312597	0.297832	0.302194	0.318848	0.338725	0.311391	0.322476	0.316635	0.314325	0.332728	0.331918	0.326031	0.305884	0.308643	0.319513	0.311424	0.297742	0.339534	0.328081	0.338154	0.331402	0.332472	0.333796	0.328333	0.317575	0.330203	0.336165	0.311022	0.30392	0.307242	0.309314	0.293777	0.299089	0.295751	0.2929	0.30012	0.294622	0.293173	0.295173	0.293736	0.304168	0.29994	0.298435	0.306715	0.340798	0.339095	0.317543	0.317298	0.293201	0.296662	0.301223	0.294038	0.32466	0.326314	0.297298	0.324758	0.30933	0.299048	0.299129	0.308568	0.305401	0.322439	0.335393	0.326821	0.315699	0.291825	0.304008	0.294799	0.308513	0.290712	0.318941	0.307578	0.305034	0.309574	0.310166	0.304933	0.309575	0.307628	0.305636	0.295633	0.282069	0.289373	0.299375	0.290261	0.318431	0.290217	0.31451	0.293161	0.285893	0.261062	0.268422	0.274235	0.280249	0.280244	0.280323	0.290976	0.267193	0.294131	0.2777	0.292489	0.274594	0.270995	0.278218	0.284746	0.296852	0.301187	0.307637	0.321244	0.296216	0.293841	0.28584	0.271899	0.276392	0.276639	0.262324	0.286124	0.287758	0.285797	0.276982	0.281854	0.293393	0.293753	0.291894	0.284539	0.281194	0.265111	0.290298	0.276241	0.263634	0.276872	0.240608	0.181781	0.224031	0.206809	0.188542	0.170351	0.167926	0.185535	0.180072	0.165253	0.180497	0.200065	0.204704	0.202425	0.197816	0.197418	0.152313	0.163119	0.160965	0.18585	0.179059	0.183493	0.147412	0.154904	0.157211	0.149443	0.158601	0.157371	0.153553	0.133872	0.127559	0.274837	0.27711	0.234317	0.24609	0.225015	0.208963	0.212567	0.135351	0.151868	0.198859	0.207465	0.145306	0.140717	0.181236	0.18665	0.170569	0.236387	0.213807	0.205684	0.209575	0.159128	0.152471	0.167717	0.170832	0.174608	0.209092	0.194082	0.209783	0.218358	0.208687	0.196104	0.235625	0.208797	0.224102	0.315358	0.298	0.32035	0.303511	0.258332	0.261147	0.195955	0.196912	0.314688	0.338475	0.164798	0.176676	0.16165	0.16166	0.173068	0.173072	0.174298	0.169526	0.168321	0.159712	0.156784	0.189275	0.18729	0.282836	0.177822	0.183029	0.155689	0.220743	0.222353	0.227691	0.227597	0.157542	0.178148	0.181092	0.142854	0.150135	0.146605	0.146945	0.267299	0.319223	0.327884	0.314041	0.351965	0.327892	0.336536	0.339124	0.324212	0.320217	0.282887	0.285254	0.286333	0.293813	0.285622	0.274332	0.221521	0.214794	0.263808	0.266022	0.262596	0.261492	0.327508	0.328984	0.27777	0.286325	0.286594	0.181414	0.193849	0.183922	0.137004	0.19265	0.0686506	0	0.077588	0.0759067	0.0660073	0.222882	0.239066	0.197589	0.16914	0.196454	0.186012	0.199141	0.204145	0.194077	0.177983	0.194809	0.178646	0.130376	0.237159	0.226025	0.247505	0.152292	0.15916	0.175187	0.167128	0.164896	0.192034	0.196566	0.154117	0.126831	0.124005	0.131771	0.131811	0.132519	0.145416	0.156672	0.275841	0.301242	0.301831	0.294671	0.300771	0.296037	0.32314	0.361196	0.301338	0.317631	0.309696	0.341103
Columba_livia	0.290048	0.308299	0.312568	0.360042	0.332428	0.31533	0.34137	0.339132	0.299899	0.330221	0.342436	0.32155	0.337691	0.328072	0.333756	0.329033	0.314268	0.31863	0.335285	0.355162	0.327828	0.338912	0.333072	0.330761	0.349165	0.348355	0.342468	0.322321	0.32508	0.33595	0.32786	0.314179	0.35597	0.344518	0.354591	0.347839	0.348909	0.350233	0.344769	0.334011	0.34664	0.352602	0.327459	0.320356	0.323679	0.325751	0.310214	0.315526	0.312187	0.309337	0.316556	0.311059	0.30961	0.31161	0.310172	0.320605	0.316377	0.314872	0.323152	0.357235	0.355532	0.33398	0.333735	0.309638	0.313099	0.31766	0.310475	0.341097	0.342751	0.313735	0.341195	0.325767	0.315485	0.315566	0.325005	0.321838	0.338876	0.35183	0.343257	0.332135	0.308262	0.320445	0.311235	0.324949	0.307149	0.335378	0.324014	0.321471	0.326011	0.326602	0.32137	0.326012	0.324064	0.322072	0.312069	0.298506	0.305809	0.315812	0.306698	0.334868	0.306654	0.330947	0.309598	0.30233	0.277499	0.284858	0.290672	0.296686	0.296681	0.29676	0.307413	0.28363	0.310567	0.294137	0.308925	0.291031	0.287432	0.294655	0.301183	0.313289	0.317624	0.324074	0.337681	0.312652	0.310278	0.302277	0.288335	0.292828	0.293076	0.27876	0.302561	0.304194	0.302234	0.293419	0.298291	0.30983	0.31019	0.308331	0.300976	0.29763	0.281548	0.306735	0.292677	0.28007	0.293309	0.257044	0.198218	0.240467	0.223245	0.204978	0.186788	0.184363	0.201972	0.196509	0.18169	0.196934	0.216502	0.221141	0.218862	0.214253	0.213854	0.16875	0.179556	0.177402	0.202287	0.195496	0.19993	0.163848	0.171341	0.173648	0.165879	0.175037	0.173807	0.16999	0.150309	0.143996	0.291273	0.293547	0.250754	0.262527	0.241452	0.2254	0.229004	0.151788	0.168305	0.215296	0.223902	0.161743	0.157154	0.197673	0.203087	0.187006	0.252824	0.230243	0.22212	0.226011	0.175565	0.168908	0.184153	0.187268	0.191045	0.225529	0.210519	0.226219	0.234795	0.225124	0.21254	0.252061	0.225234	0.240539	0.331795	0.314437	0.336786	0.319948	0.274768	0.277584	0.212392	0.213349	0.331125	0.354912	0.181235	0.193113	0.178087	0.178096	0.189504	0.189508	0.190735	0.185962	0.184758	0.176149	0.173221	0.205712	0.203726	0.299273	0.194259	0.199465	0.172125	0.23718	0.23879	0.244128	0.244033	0.173979	0.194584	0.197529	0.159291	0.166572	0.163041	0.163381	0.283735	0.33566	0.344321	0.330478	0.368402	0.344328	0.352972	0.355561	0.340648	0.336654	0.299323	0.301691	0.30277	0.31025	0.302059	0.290769	0.237958	0.231231	0.280245	0.282459	0.279033	0.277928	0.343944	0.345421	0.294207	0.302761	0.30303	0.197851	0.210286	0.200359	0.15344	0.209087	0.100335	0.077588	0	0.0535054	0.0783347	0.239318	0.255503	0.214025	0.185577	0.212891	0.202448	0.215578	0.220582	0.210514	0.194419	0.211246	0.195083	0.146812	0.253596	0.242462	0.263942	0.168729	0.175597	0.191623	0.183565	0.181333	0.20847	0.213003	0.170553	0.143267	0.140442	0.148208	0.148248	0.148956	0.161853	0.173109	0.292277	0.317679	0.318268	0.311108	0.317208	0.312474	0.339576	0.377633	0.317775	0.334068	0.326133	0.357539
Patagioenas_fasciata	0.288367	0.306617	0.310886	0.358361	0.330747	0.313649	0.339689	0.337451	0.298217	0.32854	0.340754	0.319869	0.33601	0.326391	0.332075	0.327352	0.312587	0.316949	0.333604	0.35348	0.326147	0.337231	0.331391	0.32908	0.347483	0.346674	0.340787	0.32064	0.323398	0.334268	0.326179	0.312498	0.354289	0.342836	0.35291	0.346158	0.347228	0.348552	0.343088	0.33233	0.344958	0.350921	0.325778	0.318675	0.321997	0.32407	0.308532	0.313845	0.310506	0.307655	0.314875	0.309378	0.307929	0.309929	0.308491	0.318923	0.314696	0.31319	0.32147	0.355554	0.353851	0.332298	0.332054	0.307957	0.311418	0.315979	0.308794	0.339416	0.34107	0.312053	0.339513	0.324086	0.313803	0.313884	0.323324	0.320157	0.337195	0.350149	0.341576	0.330454	0.30658	0.318764	0.309554	0.323268	0.305468	0.333697	0.322333	0.31979	0.32433	0.324921	0.319688	0.324331	0.322383	0.320391	0.310388	0.296824	0.304128	0.314131	0.305017	0.333186	0.304973	0.329266	0.307917	0.300648	0.275818	0.283177	0.288991	0.295005	0.295	0.295078	0.305732	0.281948	0.308886	0.292456	0.307244	0.289349	0.28575	0.292974	0.299502	0.311607	0.315943	0.322392	0.336	0.310971	0.308597	0.300596	0.286654	0.291147	0.291395	0.277079	0.30088	0.302513	0.300553	0.291738	0.29661	0.308149	0.308509	0.306649	0.299295	0.295949	0.279867	0.305054	0.290996	0.278389	0.291628	0.255363	0.196537	0.238786	0.221564	0.203297	0.185107	0.182681	0.200291	0.194828	0.180009	0.195252	0.214821	0.219459	0.217181	0.212572	0.212173	0.167068	0.177874	0.175721	0.200605	0.193815	0.198249	0.162167	0.169659	0.171967	0.164198	0.173356	0.172126	0.168308	0.148628	0.142315	0.289592	0.291866	0.249073	0.260846	0.23977	0.223719	0.227322	0.150107	0.166624	0.213615	0.222221	0.160062	0.155473	0.195992	0.201406	0.185325	0.251142	0.228562	0.220439	0.22433	0.173884	0.167227	0.182472	0.185587	0.189363	0.223847	0.208837	0.224538	0.233114	0.223443	0.210859	0.25038	0.223553	0.238858	0.330114	0.312755	0.335105	0.318267	0.273087	0.275902	0.21071	0.211668	0.329444	0.353231	0.179554	0.191432	0.176405	0.176415	0.187823	0.187827	0.189053	0.184281	0.183077	0.174468	0.171539	0.204031	0.202045	0.297592	0.192578	0.197784	0.170444	0.235498	0.237108	0.242447	0.242352	0.172298	0.192903	0.195848	0.15761	0.164891	0.16136	0.1617	0.282054	0.333979	0.34264	0.328797	0.366721	0.342647	0.351291	0.35388	0.338967	0.334973	0.297642	0.300009	0.301089	0.308568	0.300377	0.289087	0.236277	0.229549	0.278564	0.280778	0.277351	0.276247	0.342263	0.34374	0.292526	0.30108	0.301349	0.19617	0.208605	0.198678	0.151759	0.207405	0.0986541	0.0759067	0.0535054	0	0.0766534	0.237637	0.253821	0.212344	0.183896	0.21121	0.200767	0.213897	0.218901	0.208833	0.192738	0.209565	0.193402	0.145131	0.251915	0.240781	0.26226	0.167048	0.173916	0.189942	0.181884	0.179652	0.206789	0.211321	0.168872	0.141586	0.138761	0.146527	0.146566	0.147274	0.160171	0.171427	0.290596	0.315997	0.316587	0.309426	0.315527	0.310792	0.337895	0.375952	0.316093	0.332387	0.324451	0.355858
Columbina_picui	0.278467	0.296718	0.300987	0.348461	0.320847	0.303749	0.329789	0.327551	0.288318	0.31864	0.330855	0.309969	0.32611	0.316491	0.322175	0.317453	0.302688	0.30705	0.323705	0.343581	0.316248	0.327332	0.321492	0.319181	0.337584	0.336774	0.330887	0.310741	0.313499	0.324369	0.31628	0.302599	0.34439	0.332937	0.34301	0.336258	0.337328	0.338652	0.333189	0.322431	0.335059	0.341021	0.315879	0.308776	0.312098	0.31417	0.298633	0.303946	0.300607	0.297756	0.304976	0.299478	0.29803	0.300029	0.298592	0.309024	0.304797	0.303291	0.311571	0.345654	0.343951	0.322399	0.322154	0.298057	0.301518	0.306079	0.298894	0.329516	0.33117	0.302154	0.329614	0.314186	0.303904	0.303985	0.313424	0.310257	0.327295	0.340249	0.331677	0.320555	0.296681	0.308865	0.299655	0.313369	0.295568	0.323797	0.312434	0.30989	0.31443	0.315022	0.309789	0.314431	0.312484	0.310492	0.300489	0.286925	0.294229	0.304232	0.295117	0.323287	0.295073	0.319367	0.298017	0.290749	0.265918	0.273278	0.279091	0.285105	0.2851	0.285179	0.295832	0.272049	0.298987	0.282556	0.297345	0.27945	0.275851	0.283074	0.289602	0.301708	0.306043	0.312493	0.3261	0.301072	0.298698	0.290696	0.276755	0.281248	0.281495	0.26718	0.290981	0.292614	0.290653	0.281838	0.28671	0.298249	0.298609	0.29675	0.289396	0.28605	0.269967	0.295154	0.281097	0.26849	0.281729	0.245464	0.186637	0.228887	0.211665	0.193398	0.175207	0.172782	0.190391	0.184928	0.170109	0.185353	0.204921	0.20956	0.207281	0.202672	0.202274	0.157169	0.167975	0.165821	0.190706	0.183915	0.188349	0.152268	0.15976	0.162067	0.154299	0.163457	0.162227	0.158409	0.138729	0.132415	0.279693	0.281966	0.239173	0.250946	0.229871	0.21382	0.217423	0.140207	0.156724	0.203715	0.212321	0.150162	0.145573	0.186092	0.191506	0.175425	0.241243	0.218663	0.21054	0.214431	0.163984	0.157327	0.172573	0.175688	0.179464	0.213948	0.198938	0.214639	0.223215	0.213543	0.20096	0.240481	0.213654	0.228958	0.320214	0.302856	0.325206	0.308367	0.263188	0.266003	0.200811	0.201768	0.319544	0.343332	0.169654	0.181532	0.166506	0.166516	0.177924	0.177928	0.179154	0.174382	0.173177	0.164568	0.16164	0.194131	0.192146	0.287693	0.182678	0.187885	0.160545	0.225599	0.227209	0.232548	0.232453	0.162399	0.183004	0.185948	0.14771	0.154992	0.151461	0.151801	0.272155	0.324079	0.332741	0.318897	0.356821	0.332748	0.341392	0.34398	0.329068	0.325073	0.287743	0.29011	0.291189	0.298669	0.290478	0.279188	0.226377	0.21965	0.268665	0.270878	0.267452	0.266348	0.332364	0.33384	0.282626	0.291181	0.29145	0.18627	0.198706	0.188778	0.14186	0.197506	0.0887548	0.0660073	0.0783347	0.0766534	0	0.227738	0.243922	0.202445	0.173997	0.20131	0.190868	0.203997	0.209001	0.198933	0.182839	0.199665	0.183502	0.135232	0.242016	0.230881	0.252361	0.157148	0.164016	0.180043	0.171984	0.169752	0.19689	0.201422	0.158973	0.131687	0.128862	0.136627	0.136667	0.137375	0.150272	0.161528	0.280697	0.306098	0.306687	0.299527	0.305627	0.300893	0.327996	0.366052	0.306194	0.322487	0.314552	0.345959
Colius_striatus	0.335074	0.353325	0.357594	0.405068	0.377454	0.360356	0.386396	0.384158	0.344925	0.375247	0.387462	0.366576	0.382717	0.373098	0.378782	0.37406	0.359294	0.363656	0.380311	0.400188	0.372854	0.383938	0.378098	0.375788	0.394191	0.393381	0.387494	0.367347	0.370106	0.380976	0.372887	0.359205	0.400997	0.389544	0.399617	0.392865	0.393935	0.395259	0.389795	0.379037	0.391666	0.397628	0.372485	0.365383	0.368705	0.370777	0.35524	0.360552	0.357213	0.354363	0.361582	0.356085	0.354636	0.356636	0.355199	0.365631	0.361403	0.359898	0.368178	0.402261	0.400558	0.379006	0.378761	0.354664	0.358125	0.362686	0.355501	0.386123	0.387777	0.358761	0.386221	0.370793	0.360511	0.360592	0.370031	0.366864	0.383902	0.396856	0.388284	0.377161	0.353288	0.365471	0.356262	0.369975	0.352175	0.380404	0.369041	0.366497	0.371037	0.371628	0.366396	0.371038	0.36909	0.367098	0.357095	0.343532	0.350835	0.360838	0.351724	0.379894	0.35168	0.375973	0.354624	0.347356	0.322525	0.329884	0.335698	0.341712	0.341707	0.341786	0.352439	0.328656	0.355594	0.339163	0.353952	0.336057	0.332458	0.339681	0.346209	0.358315	0.36265	0.3691	0.382707	0.357678	0.355304	0.347303	0.333362	0.337854	0.338102	0.323787	0.347587	0.34922	0.34726	0.338445	0.343317	0.354856	0.355216	0.353357	0.346002	0.342657	0.326574	0.351761	0.337703	0.325096	0.338335	0.302071	0.243244	0.285493	0.268271	0.250004	0.231814	0.229389	0.246998	0.241535	0.226716	0.24196	0.261528	0.266167	0.263888	0.259279	0.25888	0.213776	0.224582	0.222428	0.247313	0.240522	0.244956	0.208874	0.216367	0.218674	0.210906	0.220064	0.218834	0.215016	0.195335	0.189022	0.3363	0.338573	0.29578	0.307553	0.286478	0.270426	0.27403	0.196814	0.213331	0.260322	0.268928	0.206769	0.20218	0.242699	0.248113	0.232032	0.29785	0.27527	0.267147	0.271038	0.220591	0.213934	0.229179	0.232294	0.236071	0.270555	0.255545	0.271245	0.279821	0.27015	0.257567	0.297088	0.27026	0.285565	0.376821	0.359463	0.381812	0.364974	0.319795	0.32261	0.257418	0.258375	0.376151	0.399938	0.226261	0.238139	0.223113	0.223122	0.23453	0.234535	0.235761	0.230989	0.229784	0.221175	0.218247	0.250738	0.248753	0.344299	0.239285	0.244492	0.217152	0.282206	0.283816	0.289154	0.28906	0.219005	0.239611	0.242555	0.204317	0.211598	0.208068	0.208408	0.328761	0.380686	0.389347	0.375504	0.413428	0.389354	0.397999	0.400587	0.385674	0.38168	0.34435	0.346717	0.347796	0.355276	0.347085	0.335795	0.282984	0.276257	0.325271	0.327485	0.324059	0.322955	0.388971	0.390447	0.339233	0.347787	0.348056	0.242877	0.255312	0.245385	0.198466	0.254113	0.245629	0.222882	0.239318	0.237637	0.227738	0	0.107884	0.259051	0.230603	0.257917	0.247474	0.260604	0.265608	0.25554	0.239445	0.256272	0.240109	0.191838	0.298622	0.287488	0.308968	0.213755	0.220623	0.236649	0.228591	0.226359	0.253496	0.258029	0.21558	0.188293	0.185468	0.193234	0.193274	0.193982	0.206879	0.218135	0.337304	0.362705	0.363294	0.356134	0.362234	0.3575	0.384602	0.422659	0.362801	0.379094	0.371159	0.402565
Urocolius_indicus	0.351258	0.369509	0.373778	0.421252	0.393638	0.37654	0.40258	0.400342	0.361109	0.391431	0.403646	0.38276	0.398901	0.389282	0.394966	0.390244	0.375479	0.379841	0.396496	0.416372	0.389038	0.400123	0.394283	0.391972	0.410375	0.409565	0.403678	0.383532	0.38629	0.39716	0.389071	0.37539	0.417181	0.405728	0.415801	0.409049	0.410119	0.411443	0.40598	0.395222	0.40785	0.413812	0.38867	0.381567	0.384889	0.386961	0.371424	0.376736	0.373398	0.370547	0.377767	0.372269	0.370821	0.37282	0.371383	0.381815	0.377588	0.376082	0.384362	0.418445	0.416742	0.39519	0.394945	0.370848	0.374309	0.37887	0.371685	0.402307	0.403961	0.374945	0.402405	0.386977	0.376695	0.376776	0.386215	0.383048	0.400086	0.41304	0.404468	0.393346	0.369472	0.381655	0.372446	0.38616	0.368359	0.396588	0.385225	0.382681	0.387221	0.387813	0.38258	0.387222	0.385275	0.383283	0.37328	0.359716	0.36702	0.377022	0.367908	0.396078	0.367864	0.392157	0.370808	0.36354	0.338709	0.346069	0.351882	0.357896	0.357891	0.35797	0.368623	0.34484	0.371778	0.355347	0.370136	0.352241	0.348642	0.355865	0.362393	0.374499	0.378834	0.385284	0.398891	0.373863	0.371489	0.363487	0.349546	0.354039	0.354286	0.339971	0.363772	0.365405	0.363444	0.354629	0.359501	0.37104	0.3714	0.369541	0.362187	0.358841	0.342758	0.367945	0.353888	0.341281	0.354519	0.318255	0.259428	0.301678	0.284456	0.266189	0.247998	0.245573	0.263182	0.257719	0.2429	0.258144	0.277712	0.282351	0.280072	0.275463	0.275065	0.22996	0.240766	0.238612	0.263497	0.256706	0.26114	0.225059	0.232551	0.234858	0.22709	0.236248	0.235018	0.2312	0.21152	0.205206	0.352484	0.354757	0.311964	0.323737	0.302662	0.286611	0.290214	0.212998	0.229515	0.276506	0.285112	0.222953	0.218364	0.258883	0.264297	0.248216	0.314034	0.291454	0.283331	0.287222	0.236775	0.230118	0.245364	0.248479	0.252255	0.286739	0.271729	0.28743	0.296005	0.286334	0.273751	0.313272	0.286444	0.301749	0.393005	0.375647	0.397997	0.381158	0.335979	0.338794	0.273602	0.274559	0.392335	0.416123	0.242445	0.254323	0.239297	0.239307	0.250715	0.250719	0.251945	0.247173	0.245968	0.237359	0.234431	0.266922	0.264937	0.360484	0.255469	0.260676	0.233336	0.29839	0.3	0.305339	0.305244	0.235189	0.255795	0.258739	0.220501	0.227782	0.224252	0.224592	0.344946	0.39687	0.405531	0.391688	0.429612	0.405539	0.414183	0.416771	0.401859	0.397864	0.360534	0.362901	0.36398	0.37146	0.363269	0.351979	0.299168	0.292441	0.341455	0.343669	0.340243	0.339139	0.405155	0.406631	0.355417	0.363972	0.364241	0.259061	0.271497	0.261569	0.214651	0.270297	0.261813	0.239066	0.255503	0.253821	0.243922	0.107884	0	0.275236	0.246788	0.274101	0.263659	0.276788	0.281792	0.271724	0.25563	0.272456	0.256293	0.208023	0.314807	0.303672	0.325152	0.229939	0.236807	0.252834	0.244775	0.242543	0.269681	0.274213	0.231764	0.204478	0.201653	0.209418	0.209458	0.210166	0.223063	0.234319	0.353488	0.378889	0.379478	0.372318	0.378418	0.373684	0.400787	0.438843	0.378985	0.395278	0.387343	0.41875
Mesitornis_unicolor	0.302724	0.320975	0.325244	0.372718	0.345105	0.328006	0.354046	0.351808	0.312575	0.342898	0.355112	0.334226	0.350367	0.340749	0.346433	0.34171	0.326945	0.331307	0.347962	0.367838	0.340505	0.351589	0.345749	0.343438	0.361841	0.361032	0.355144	0.334998	0.337756	0.348626	0.340537	0.326856	0.368647	0.357194	0.367267	0.360515	0.361585	0.362909	0.357446	0.346688	0.359316	0.365279	0.340136	0.333033	0.336355	0.338427	0.32289	0.328203	0.324864	0.322013	0.329233	0.323735	0.322287	0.324287	0.322849	0.333281	0.329054	0.327548	0.335828	0.369911	0.368208	0.346656	0.346412	0.322314	0.325776	0.330337	0.323151	0.353774	0.355427	0.326411	0.353871	0.338444	0.328161	0.328242	0.337682	0.334514	0.351552	0.364507	0.355934	0.344812	0.320938	0.333122	0.323912	0.337626	0.319826	0.348055	0.336691	0.334147	0.338687	0.339279	0.334046	0.338688	0.336741	0.334749	0.324746	0.311182	0.318486	0.328489	0.319374	0.347544	0.31933	0.343624	0.322274	0.315006	0.290175	0.297535	0.303348	0.309362	0.309357	0.309436	0.320089	0.296306	0.323244	0.306813	0.321602	0.303707	0.300108	0.307331	0.31386	0.325965	0.3303	0.33675	0.350357	0.325329	0.322955	0.314953	0.301012	0.305505	0.305752	0.291437	0.315238	0.316871	0.314911	0.306095	0.310967	0.322506	0.322866	0.321007	0.313653	0.310307	0.294224	0.319411	0.305354	0.292747	0.305986	0.269721	0.210895	0.253144	0.235922	0.217655	0.199464	0.197039	0.214648	0.209185	0.194366	0.20961	0.229178	0.233817	0.231538	0.226929	0.226531	0.181426	0.192232	0.190078	0.214963	0.208173	0.212607	0.176525	0.184017	0.186324	0.178556	0.187714	0.186484	0.182666	0.162986	0.156672	0.30395	0.306223	0.26343	0.275203	0.254128	0.238077	0.24168	0.164464	0.180981	0.227972	0.236578	0.174419	0.169831	0.210349	0.215763	0.199682	0.2655	0.24292	0.234797	0.238688	0.188241	0.181584	0.19683	0.199945	0.203721	0.238205	0.223195	0.238896	0.247472	0.2378	0.225217	0.264738	0.237911	0.253215	0.344471	0.327113	0.349463	0.332624	0.287445	0.29026	0.225068	0.226025	0.343801	0.367589	0.193912	0.205789	0.190763	0.190773	0.202181	0.202185	0.203411	0.198639	0.197434	0.188826	0.185897	0.218388	0.216403	0.31195	0.206935	0.212142	0.184802	0.249856	0.251466	0.256805	0.25671	0.186656	0.207261	0.210206	0.171967	0.179249	0.175718	0.176058	0.296412	0.348337	0.356998	0.343155	0.381078	0.357005	0.365649	0.368237	0.353325	0.34933	0.312	0.314367	0.315446	0.322926	0.314735	0.303445	0.250634	0.243907	0.292922	0.295135	0.291709	0.290605	0.356621	0.358098	0.306883	0.315438	0.315707	0.210527	0.222963	0.213036	0.166117	0.221763	0.220336	0.197589	0.214025	0.212344	0.202445	0.259051	0.275236	0	0.191007	0.218321	0.207878	0.228255	0.233258	0.22319	0.207096	0.223922	0.207759	0.159489	0.266273	0.255138	0.276618	0.181405	0.188273	0.2043	0.196241	0.194009	0.221147	0.225679	0.18323	0.155944	0.153119	0.160884	0.160924	0.161632	0.174529	0.185785	0.304954	0.330355	0.330944	0.323784	0.329885	0.32515	0.352253	0.390309	0.330451	0.346745	0.338809	0.370216
Pterocles_burchelli	0.274276	0.292527	0.296796	0.34427	0.316656	0.299558	0.325598	0.32336	0.284127	0.314449	0.326664	0.305778	0.321919	0.3123	0.317984	0.313262	0.298497	0.302859	0.319514	0.33939	0.312056	0.323141	0.317301	0.31499	0.333393	0.332583	0.326696	0.30655	0.309308	0.320178	0.312089	0.298408	0.340199	0.328746	0.338819	0.332067	0.333137	0.334461	0.328998	0.31824	0.330868	0.33683	0.311688	0.304585	0.307907	0.309979	0.294442	0.299754	0.296416	0.293565	0.300785	0.295287	0.293839	0.295838	0.294401	0.304833	0.300606	0.2991	0.30738	0.341463	0.33976	0.318208	0.317963	0.293866	0.297327	0.301888	0.294703	0.325325	0.326979	0.297963	0.325423	0.309995	0.299713	0.299794	0.309233	0.306066	0.323104	0.336058	0.327486	0.316364	0.29249	0.304673	0.295464	0.309178	0.291377	0.319606	0.308243	0.305699	0.310239	0.310831	0.305598	0.31024	0.308293	0.306301	0.296298	0.282734	0.290038	0.30004	0.290926	0.319096	0.290882	0.315175	0.293826	0.286558	0.261727	0.269087	0.2749	0.280914	0.280909	0.280988	0.291641	0.267858	0.294796	0.278365	0.293154	0.275259	0.27166	0.278883	0.285411	0.297517	0.301852	0.308302	0.321909	0.296881	0.294507	0.286505	0.272564	0.277057	0.277304	0.262989	0.28679	0.288423	0.286462	0.277647	0.282519	0.294058	0.294418	0.292559	0.285204	0.281859	0.265776	0.290963	0.276906	0.264299	0.277537	0.241273	0.182446	0.224696	0.207474	0.189207	0.171016	0.168591	0.1862	0.180737	0.165918	0.181162	0.20073	0.205369	0.20309	0.198481	0.198083	0.152978	0.163784	0.16163	0.186515	0.179724	0.184158	0.148077	0.155569	0.157876	0.150108	0.159266	0.158036	0.154218	0.134538	0.128224	0.275502	0.277775	0.234982	0.246755	0.22568	0.209629	0.213232	0.136016	0.152533	0.199524	0.20813	0.145971	0.141382	0.181901	0.187315	0.171234	0.237052	0.214472	0.206349	0.21024	0.159793	0.153136	0.168382	0.171497	0.175273	0.209757	0.194747	0.210448	0.219023	0.209352	0.196769	0.23629	0.209462	0.224767	0.316023	0.298665	0.321015	0.304176	0.258997	0.261812	0.19662	0.197577	0.315353	0.339141	0.165463	0.177341	0.162315	0.162325	0.173733	0.173737	0.174963	0.170191	0.168986	0.160377	0.157449	0.18994	0.187955	0.283502	0.178487	0.183694	0.156354	0.221408	0.223018	0.228357	0.228262	0.158207	0.178813	0.181757	0.143519	0.1508	0.14727	0.14761	0.267964	0.319888	0.328549	0.314706	0.35263	0.328557	0.337201	0.339789	0.324877	0.320882	0.283552	0.285919	0.286998	0.294478	0.286287	0.274997	0.222186	0.215459	0.264473	0.266687	0.263261	0.262157	0.328173	0.329649	0.278435	0.28699	0.287259	0.182079	0.194515	0.184587	0.137669	0.193315	0.191888	0.16914	0.185577	0.183896	0.173997	0.230603	0.246788	0.191007	0	0.0555329	0.0450902	0.199806	0.20481	0.194742	0.178648	0.195474	0.179311	0.131041	0.237825	0.22669	0.24817	0.152957	0.159825	0.175852	0.167793	0.165561	0.192699	0.197231	0.154782	0.127496	0.124671	0.132436	0.132476	0.133184	0.146081	0.157337	0.276506	0.301907	0.302496	0.295336	0.301436	0.296702	0.323805	0.361861	0.302003	0.318296	0.310361	0.341768
Pterocles_gutturalis	0.30159	0.319841	0.32411	0.371584	0.34397	0.326872	0.352912	0.350674	0.311441	0.341763	0.353978	0.333092	0.349233	0.339614	0.345298	0.340576	0.32581	0.330172	0.346827	0.366704	0.33937	0.350454	0.344614	0.342304	0.360707	0.359897	0.35401	0.333863	0.336622	0.347492	0.339403	0.325721	0.367513	0.35606	0.366133	0.359381	0.360451	0.361775	0.356311	0.345553	0.358182	0.364144	0.339001	0.331899	0.335221	0.337293	0.321756	0.327068	0.323729	0.320879	0.328098	0.322601	0.321152	0.323152	0.321715	0.332147	0.327919	0.326414	0.334694	0.368777	0.367074	0.345522	0.345277	0.32118	0.324641	0.329202	0.322017	0.352639	0.354293	0.325277	0.352737	0.337309	0.327027	0.327108	0.336547	0.33338	0.350418	0.363372	0.3548	0.343677	0.319804	0.331987	0.322778	0.336491	0.318691	0.34692	0.335557	0.333013	0.337553	0.338144	0.332912	0.337554	0.335606	0.333614	0.323612	0.310048	0.317351	0.327354	0.31824	0.34641	0.318196	0.342489	0.32114	0.313872	0.289041	0.2964	0.302214	0.308228	0.308223	0.308302	0.318955	0.295172	0.32211	0.305679	0.320468	0.302573	0.298974	0.306197	0.312725	0.324831	0.329166	0.335616	0.349223	0.324194	0.32182	0.313819	0.299878	0.30437	0.304618	0.290303	0.314103	0.315736	0.313776	0.304961	0.309833	0.321372	0.321732	0.319873	0.312518	0.309173	0.29309	0.318277	0.304219	0.291612	0.304851	0.268587	0.20976	0.252009	0.234787	0.21652	0.19833	0.195905	0.213514	0.208051	0.193232	0.208476	0.228044	0.232683	0.230404	0.225795	0.225396	0.180292	0.191098	0.188944	0.213829	0.207038	0.211472	0.17539	0.182883	0.18519	0.177422	0.18658	0.18535	0.181532	0.161851	0.155538	0.302816	0.305089	0.262296	0.274069	0.252994	0.236942	0.240546	0.16333	0.179847	0.226838	0.235444	0.173285	0.168696	0.209215	0.214629	0.198548	0.264366	0.241786	0.233663	0.237554	0.187107	0.18045	0.195695	0.19881	0.202587	0.237071	0.222061	0.237761	0.246337	0.236666	0.224083	0.263604	0.236776	0.252081	0.343337	0.325979	0.348328	0.33149	0.286311	0.289126	0.223934	0.224891	0.342667	0.366454	0.192777	0.204655	0.189629	0.189638	0.201046	0.201051	0.202277	0.197505	0.1963	0.187691	0.184763	0.217254	0.215269	0.310815	0.205801	0.211008	0.183668	0.248722	0.250332	0.25567	0.255576	0.185521	0.206127	0.209071	0.170833	0.178114	0.174584	0.174924	0.295277	0.347202	0.355863	0.34202	0.379944	0.35587	0.364515	0.367103	0.352191	0.348196	0.310866	0.313233	0.314312	0.321792	0.313601	0.302311	0.2495	0.242773	0.291787	0.294001	0.290575	0.289471	0.355487	0.356963	0.305749	0.314303	0.314572	0.209393	0.221828	0.211901	0.164982	0.220629	0.219202	0.196454	0.212891	0.21121	0.20131	0.257917	0.274101	0.218321	0.0555329	0	0.0705211	0.22712	0.232124	0.222056	0.205962	0.222788	0.206625	0.158354	0.265138	0.254004	0.275484	0.180271	0.187139	0.203165	0.195107	0.192875	0.220013	0.224545	0.182096	0.154809	0.151984	0.15975	0.15979	0.160498	0.173395	0.184651	0.30382	0.329221	0.32981	0.32265	0.32875	0.324016	0.351118	0.389175	0.329317	0.34561	0.337675	0.369081
Syrrhaptes_paradoxus	0.291147	0.309398	0.313667	0.361141	0.333528	0.316429	0.342469	0.340231	0.300998	0.331321	0.343535	0.322649	0.33879	0.329172	0.334856	0.330133	0.315368	0.31973	0.336385	0.356261	0.328928	0.340012	0.334172	0.331861	0.350264	0.349455	0.343567	0.323421	0.326179	0.337049	0.32896	0.315279	0.35707	0.345617	0.35569	0.348938	0.350008	0.351332	0.345869	0.335111	0.347739	0.353702	0.328559	0.321456	0.324778	0.32685	0.311313	0.316626	0.313287	0.310436	0.317656	0.312158	0.31071	0.31271	0.311272	0.321704	0.317477	0.315971	0.324251	0.358334	0.356631	0.335079	0.334835	0.310737	0.314199	0.31876	0.311574	0.342197	0.34385	0.314834	0.342294	0.326867	0.316584	0.316665	0.326105	0.322937	0.339975	0.35293	0.344357	0.333235	0.309361	0.321545	0.312335	0.326049	0.308249	0.336478	0.325114	0.32257	0.32711	0.327702	0.322469	0.327111	0.325164	0.323172	0.313169	0.299605	0.306909	0.316912	0.307797	0.335967	0.307753	0.332047	0.310697	0.303429	0.278598	0.285958	0.291771	0.297785	0.29778	0.297859	0.308512	0.284729	0.311667	0.295236	0.310025	0.29213	0.288531	0.295754	0.302283	0.314388	0.318723	0.325173	0.33878	0.313752	0.311378	0.303376	0.289435	0.293928	0.294175	0.27986	0.303661	0.305294	0.303334	0.294518	0.29939	0.310929	0.311289	0.30943	0.302076	0.29873	0.282647	0.307834	0.293777	0.28117	0.294409	0.258144	0.199318	0.241567	0.224345	0.206078	0.187887	0.185462	0.203071	0.197608	0.182789	0.198033	0.217601	0.22224	0.219961	0.215352	0.214954	0.169849	0.180655	0.178501	0.203386	0.196596	0.20103	0.164948	0.17244	0.174747	0.166979	0.176137	0.174907	0.171089	0.151409	0.145095	0.292373	0.294646	0.251853	0.263626	0.242551	0.2265	0.230103	0.152887	0.169404	0.216395	0.225001	0.162842	0.158254	0.198772	0.204186	0.188105	0.253923	0.231343	0.22322	0.227111	0.176664	0.170007	0.185253	0.188368	0.192144	0.226628	0.211618	0.227319	0.235895	0.226223	0.21364	0.253161	0.226334	0.241638	0.332894	0.315536	0.337886	0.321047	0.275868	0.278683	0.213491	0.214448	0.332224	0.356012	0.182335	0.194212	0.179186	0.179196	0.190604	0.190608	0.191834	0.187062	0.185857	0.177249	0.17432	0.206811	0.204826	0.300373	0.195358	0.200565	0.173225	0.238279	0.239889	0.245228	0.245133	0.175079	0.195684	0.198629	0.16039	0.167672	0.164141	0.164481	0.284835	0.33676	0.345421	0.331578	0.369501	0.345428	0.354072	0.35666	0.341748	0.337753	0.300423	0.30279	0.303869	0.311349	0.303158	0.291868	0.239057	0.23233	0.281345	0.283558	0.280132	0.279028	0.345044	0.346521	0.295306	0.303861	0.30413	0.19895	0.211386	0.201459	0.15454	0.210186	0.208759	0.186012	0.202448	0.200767	0.190868	0.247474	0.263659	0.207878	0.0450902	0.0705211	0	0.216678	0.221681	0.211613	0.195519	0.212345	0.196182	0.147912	0.254696	0.243561	0.265041	0.169828	0.176696	0.192723	0.184664	0.182432	0.20957	0.214102	0.171653	0.144367	0.141542	0.149307	0.149347	0.150055	0.162952	0.174208	0.293377	0.318778	0.319367	0.312207	0.318308	0.313573	0.340676	0.378732	0.318874	0.335168	0.327232	0.358639
Agapornis_roseicollis	0.296586	0.314837	0.319106	0.36658	0.338967	0.321868	0.347908	0.34567	0.306437	0.33676	0.348974	0.328088	0.344229	0.334611	0.340295	0.335572	0.320807	0.325169	0.341824	0.3617	0.334367	0.345451	0.339611	0.3373	0.355703	0.354894	0.349006	0.32886	0.331618	0.342488	0.334399	0.320718	0.362509	0.351056	0.361129	0.354377	0.355447	0.356771	0.351308	0.34055	0.353178	0.359141	0.333998	0.326895	0.330217	0.332289	0.316752	0.322065	0.318726	0.315875	0.323095	0.317597	0.316149	0.318148	0.316711	0.327143	0.322916	0.32141	0.32969	0.363773	0.36207	0.340518	0.340274	0.316176	0.319638	0.324198	0.317013	0.347636	0.349289	0.320273	0.347733	0.332305	0.322023	0.322104	0.331544	0.328376	0.345414	0.358368	0.349796	0.338674	0.3148	0.326984	0.317774	0.331488	0.313688	0.341917	0.330553	0.328009	0.332549	0.333141	0.327908	0.33255	0.330603	0.328611	0.318608	0.305044	0.312348	0.322351	0.313236	0.341406	0.313192	0.337486	0.316136	0.308868	0.284037	0.291397	0.29721	0.303224	0.303219	0.303298	0.313951	0.290168	0.317106	0.300675	0.315464	0.297569	0.29397	0.301193	0.307722	0.319827	0.324162	0.330612	0.344219	0.319191	0.316817	0.308815	0.294874	0.299367	0.299614	0.285299	0.3091	0.310733	0.308773	0.299957	0.304829	0.316368	0.316728	0.314869	0.307515	0.304169	0.288086	0.313273	0.299216	0.286609	0.299848	0.263583	0.210189	0.252438	0.235216	0.216949	0.198758	0.196333	0.213942	0.208479	0.193661	0.208904	0.228472	0.233111	0.230832	0.226223	0.225825	0.18072	0.191526	0.189372	0.214257	0.207467	0.211901	0.175819	0.183311	0.185618	0.17785	0.187008	0.185778	0.18196	0.16228	0.155966	0.303244	0.305518	0.262724	0.274497	0.253422	0.237371	0.240974	0.163758	0.180275	0.227266	0.235872	0.173714	0.169125	0.209643	0.215057	0.198976	0.264794	0.242214	0.234091	0.237982	0.187535	0.180878	0.196124	0.199239	0.203015	0.237499	0.222489	0.23819	0.246766	0.237094	0.224511	0.264032	0.237205	0.252509	0.343765	0.326407	0.348757	0.331919	0.286739	0.289554	0.224362	0.225319	0.343095	0.366883	0.193206	0.205083	0.190057	0.190067	0.201475	0.201479	0.202705	0.197933	0.196728	0.18812	0.185191	0.217682	0.215697	0.311244	0.206229	0.211436	0.184096	0.24915	0.25076	0.256099	0.256004	0.18595	0.206555	0.2095	0.171261	0.178543	0.175012	0.175352	0.295706	0.347631	0.356292	0.342449	0.380372	0.356299	0.364943	0.367532	0.352619	0.348624	0.311294	0.313661	0.31474	0.32222	0.314029	0.302739	0.249928	0.243201	0.292216	0.294429	0.291003	0.289899	0.355915	0.357392	0.306177	0.314732	0.315001	0.209821	0.222257	0.21233	0.165411	0.221057	0.221889	0.199141	0.215578	0.213897	0.203997	0.260604	0.276788	0.228255	0.199806	0.22712	0.216678	0	0.0905982	0.0918316	0.0865495	0.103376	0.113052	0.148167	0.260135	0.249	0.27048	0.175267	0.182135	0.198162	0.190103	0.187871	0.215009	0.219541	0.177092	0.149806	0.146981	0.154746	0.154786	0.155494	0.168391	0.179647	0.298816	0.324217	0.324806	0.317646	0.323747	0.319012	0.346115	0.384171	0.324313	0.340607	0.332671	0.364078
Melopsittacus_undulatus	0.30159	0.319841	0.32411	0.371584	0.34397	0.326872	0.352912	0.350674	0.311441	0.341763	0.353978	0.333092	0.349233	0.339614	0.345298	0.340576	0.32581	0.330172	0.346827	0.366704	0.33937	0.350454	0.344614	0.342304	0.360707	0.359897	0.35401	0.333863	0.336622	0.347492	0.339402	0.325721	0.367512	0.35606	0.366133	0.359381	0.360451	0.361775	0.356311	0.345553	0.358182	0.364144	0.339001	0.331899	0.335221	0.337293	0.321756	0.327068	0.323729	0.320879	0.328098	0.322601	0.321152	0.323152	0.321715	0.332147	0.327919	0.326414	0.334694	0.368777	0.367074	0.345522	0.345277	0.32118	0.324641	0.329202	0.322017	0.352639	0.354293	0.325277	0.352737	0.337309	0.327027	0.327108	0.336547	0.33338	0.350418	0.363372	0.3548	0.343677	0.319804	0.331987	0.322778	0.336491	0.318691	0.34692	0.335556	0.333013	0.337553	0.338144	0.332912	0.337554	0.335606	0.333614	0.323611	0.310048	0.317351	0.327354	0.31824	0.34641	0.318196	0.342489	0.32114	0.313872	0.289041	0.2964	0.302214	0.308228	0.308223	0.308302	0.318955	0.295172	0.32211	0.305679	0.320468	0.302573	0.298974	0.306197	0.312725	0.324831	0.329166	0.335616	0.349223	0.324194	0.32182	0.313819	0.299878	0.30437	0.304618	0.290303	0.314103	0.315736	0.313776	0.304961	0.309833	0.321372	0.321732	0.319873	0.312518	0.309173	0.29309	0.318277	0.304219	0.291612	0.304851	0.268586	0.215192	0.257441	0.240219	0.221952	0.203762	0.201337	0.218946	0.213483	0.198664	0.213908	0.233476	0.238115	0.235836	0.231227	0.230828	0.185724	0.19653	0.194376	0.219261	0.21247	0.216904	0.180822	0.188315	0.190622	0.182854	0.192012	0.190782	0.186964	0.167283	0.16097	0.308248	0.310521	0.267728	0.279501	0.258426	0.242374	0.245978	0.168762	0.185279	0.23227	0.240876	0.178717	0.174128	0.214647	0.220061	0.20398	0.269798	0.247218	0.239095	0.242986	0.192539	0.185882	0.201127	0.204242	0.208019	0.242503	0.227493	0.243193	0.251769	0.242098	0.229515	0.269036	0.242208	0.257513	0.348769	0.331411	0.35376	0.336922	0.291743	0.294558	0.229366	0.230323	0.348099	0.371886	0.198209	0.210087	0.195061	0.19507	0.206478	0.206483	0.207709	0.202937	0.201732	0.193123	0.190195	0.222686	0.220701	0.316247	0.211233	0.21644	0.1891	0.254154	0.255764	0.261102	0.261008	0.190953	0.211559	0.214503	0.176265	0.183546	0.180016	0.180356	0.300709	0.352634	0.361295	0.347452	0.385376	0.361302	0.369947	0.372535	0.357623	0.353628	0.316298	0.318665	0.319744	0.327224	0.319033	0.307743	0.254932	0.248205	0.297219	0.299433	0.296007	0.294903	0.360919	0.362395	0.311181	0.319735	0.320004	0.214825	0.22726	0.217333	0.170414	0.226061	0.226893	0.204145	0.220582	0.218901	0.209001	0.265608	0.281792	0.233258	0.20481	0.232124	0.221681	0.0905982	0	0.0968352	0.0915532	0.10838	0.118056	0.153171	0.265138	0.254004	0.275484	0.180271	0.187139	0.203165	0.195107	0.192875	0.220012	0.224545	0.182095	0.154809	0.151984	0.15975	0.15979	0.160498	0.173395	0.184651	0.30382	0.329221	0.32981	0.32265	0.32875	0.324016	0.351118	0.389175	0.329317	0.34561	0.337675	0.369081
Amazona_guildingii	0.291522	0.309773	0.314042	0.361516	0.333902	0.316804	0.342844	0.340606	0.301373	0.331695	0.34391	0.323024	0.339165	0.329546	0.33523	0.330508	0.315743	0.320104	0.336759	0.356636	0.329302	0.340387	0.334546	0.332236	0.350639	0.349829	0.343942	0.323795	0.326554	0.337424	0.329335	0.315653	0.357445	0.345992	0.356065	0.349313	0.350383	0.351707	0.346244	0.335486	0.348114	0.354076	0.328933	0.321831	0.325153	0.327225	0.311688	0.317	0.313662	0.310811	0.318031	0.312533	0.311084	0.313084	0.311647	0.322079	0.317851	0.316346	0.324626	0.358709	0.357006	0.335454	0.335209	0.311112	0.314573	0.319134	0.311949	0.342571	0.344225	0.315209	0.342669	0.327241	0.316959	0.31704	0.326479	0.323312	0.34035	0.353304	0.344732	0.33361	0.309736	0.321919	0.31271	0.326423	0.308623	0.336852	0.325489	0.322945	0.327485	0.328077	0.322844	0.327486	0.325539	0.323547	0.313544	0.29998	0.307284	0.317286	0.308172	0.336342	0.308128	0.332421	0.311072	0.303804	0.278973	0.286333	0.292146	0.29816	0.298155	0.298234	0.308887	0.285104	0.312042	0.295611	0.3104	0.292505	0.288906	0.296129	0.302657	0.314763	0.319098	0.325548	0.339155	0.314127	0.311752	0.303751	0.28981	0.294303	0.29455	0.280235	0.304035	0.305669	0.303708	0.294893	0.299765	0.311304	0.311664	0.309805	0.30245	0.299105	0.283022	0.308209	0.294152	0.281544	0.294783	0.258519	0.205124	0.247374	0.230152	0.211885	0.193694	0.191269	0.208878	0.203415	0.188596	0.20384	0.223408	0.228047	0.225768	0.221159	0.220761	0.175656	0.186462	0.184308	0.209193	0.202402	0.206836	0.170755	0.178247	0.180554	0.172786	0.181944	0.180714	0.176896	0.157216	0.150902	0.29818	0.300453	0.25766	0.269433	0.248358	0.232307	0.23591	0.158694	0.175211	0.222202	0.230808	0.168649	0.16406	0.204579	0.209993	0.193912	0.25973	0.23715	0.229027	0.232918	0.182471	0.175814	0.19106	0.194175	0.197951	0.232435	0.217425	0.233126	0.241701	0.23203	0.219447	0.258968	0.23214	0.247445	0.338701	0.321343	0.343693	0.326854	0.281675	0.28449	0.219298	0.220255	0.338031	0.361819	0.188141	0.200019	0.184993	0.185003	0.196411	0.196415	0.197641	0.192869	0.191664	0.183055	0.180127	0.212618	0.210633	0.30618	0.201165	0.206372	0.179032	0.244086	0.245696	0.251035	0.25094	0.180885	0.201491	0.204435	0.166197	0.173478	0.169948	0.170288	0.290642	0.342566	0.351227	0.337384	0.375308	0.351235	0.359879	0.362467	0.347555	0.34356	0.30623	0.308597	0.309676	0.317156	0.308965	0.297675	0.244864	0.238137	0.287151	0.289365	0.285939	0.284835	0.350851	0.352327	0.301113	0.309668	0.309937	0.204757	0.217193	0.207265	0.160347	0.215993	0.216825	0.194077	0.210514	0.208833	0.198933	0.25554	0.271724	0.22319	0.194742	0.222056	0.211613	0.0918316	0.0968352	0	0.0814854	0.0983119	0.107988	0.143103	0.25507	0.243936	0.265416	0.170203	0.177071	0.193098	0.185039	0.182807	0.209945	0.214477	0.172028	0.144742	0.141916	0.149682	0.149722	0.15043	0.163327	0.174583	0.293752	0.319153	0.319742	0.312582	0.318682	0.313948	0.341051	0.379107	0.319249	0.335542	0.327607	0.359014
Eolophus_roseicapillus	0.275428	0.293678	0.297947	0.345422	0.317808	0.30071	0.32675	0.324512	0.285278	0.315601	0.327815	0.306929	0.323071	0.313452	0.319136	0.314413	0.299648	0.30401	0.320665	0.340541	0.313208	0.324292	0.318452	0.316141	0.334544	0.333735	0.327848	0.307701	0.310459	0.321329	0.31324	0.299559	0.34135	0.329897	0.339971	0.333219	0.334288	0.335613	0.330149	0.319391	0.332019	0.337982	0.312839	0.305736	0.309058	0.311131	0.295593	0.300906	0.297567	0.294716	0.301936	0.296439	0.29499	0.29699	0.295552	0.305984	0.301757	0.300251	0.308531	0.342615	0.340911	0.319359	0.319115	0.295017	0.298479	0.30304	0.295855	0.326477	0.32813	0.299114	0.326574	0.311147	0.300864	0.300945	0.310385	0.307218	0.324256	0.33721	0.328637	0.317515	0.293641	0.305825	0.296615	0.310329	0.292529	0.320758	0.309394	0.306851	0.311391	0.311982	0.306749	0.311392	0.309444	0.307452	0.297449	0.283885	0.291189	0.301192	0.292077	0.320247	0.292033	0.316327	0.294978	0.287709	0.262878	0.270238	0.276052	0.282066	0.282061	0.282139	0.292793	0.269009	0.295947	0.279517	0.294305	0.27641	0.272811	0.280035	0.286563	0.298668	0.303003	0.309453	0.32306	0.298032	0.295658	0.287657	0.273715	0.278208	0.278456	0.26414	0.287941	0.289574	0.287614	0.278798	0.283671	0.29521	0.29557	0.29371	0.286356	0.28301	0.266928	0.292115	0.278057	0.26545	0.278689	0.242424	0.18903	0.231279	0.214057	0.19579	0.1776	0.175174	0.192784	0.187321	0.172502	0.187745	0.207314	0.211952	0.209674	0.205065	0.204666	0.159561	0.170367	0.168214	0.193098	0.186308	0.190742	0.15466	0.162152	0.16446	0.156691	0.165849	0.164619	0.160801	0.141121	0.134808	0.282085	0.284359	0.241566	0.253339	0.232263	0.216212	0.219815	0.1426	0.159117	0.206108	0.214714	0.152555	0.147966	0.188485	0.193899	0.177817	0.243635	0.221055	0.212932	0.216823	0.166377	0.15972	0.174965	0.17808	0.181856	0.21634	0.20133	0.217031	0.225607	0.215936	0.203352	0.242873	0.216046	0.231351	0.322607	0.305248	0.327598	0.31076	0.26558	0.268395	0.203203	0.204161	0.321937	0.345724	0.172047	0.183925	0.168898	0.168908	0.180316	0.18032	0.181546	0.176774	0.17557	0.166961	0.164032	0.196524	0.194538	0.290085	0.185071	0.190277	0.162937	0.227991	0.229601	0.23494	0.234845	0.164791	0.185396	0.188341	0.150103	0.157384	0.153853	0.154193	0.274547	0.326472	0.335133	0.32129	0.359214	0.33514	0.343784	0.346373	0.33146	0.327466	0.290135	0.292502	0.293582	0.301061	0.29287	0.28158	0.22877	0.222042	0.271057	0.273271	0.269844	0.26874	0.334756	0.336233	0.285019	0.293573	0.293842	0.188663	0.201098	0.191171	0.144252	0.199898	0.20073	0.177983	0.194419	0.192738	0.182839	0.239445	0.25563	0.207096	0.178648	0.205962	0.195519	0.0865495	0.0915532	0.0814854	0	0.053199	0.0918937	0.127009	0.238976	0.227841	0.249321	0.154109	0.160977	0.177003	0.168945	0.166713	0.19385	0.198382	0.155933	0.128647	0.125822	0.133588	0.133627	0.134335	0.147232	0.158488	0.277657	0.303058	0.303647	0.296487	0.302588	0.297853	0.324956	0.363013	0.303154	0.319448	0.311512	0.342919
Probosciger_aterrimus	0.292254	0.310505	0.314774	0.362248	0.334634	0.317536	0.343576	0.341338	0.302105	0.332427	0.344642	0.323756	0.339897	0.330278	0.335962	0.33124	0.316475	0.320836	0.337491	0.357368	0.330034	0.341118	0.335278	0.332968	0.351371	0.350561	0.344674	0.324527	0.327286	0.338156	0.330067	0.316385	0.358177	0.346724	0.356797	0.350045	0.351115	0.352439	0.346976	0.336218	0.348846	0.354808	0.329665	0.322563	0.325885	0.327957	0.31242	0.317732	0.314394	0.311543	0.318763	0.313265	0.311816	0.313816	0.312379	0.322811	0.318583	0.317078	0.325358	0.359441	0.357738	0.336186	0.335941	0.311844	0.315305	0.319866	0.312681	0.343303	0.344957	0.315941	0.343401	0.327973	0.317691	0.317772	0.327211	0.324044	0.341082	0.354036	0.345464	0.334341	0.310468	0.322651	0.313442	0.327155	0.309355	0.337584	0.326221	0.323677	0.328217	0.328808	0.323576	0.328218	0.32627	0.324278	0.314276	0.300712	0.308016	0.318018	0.308904	0.337074	0.30886	0.333153	0.311804	0.304536	0.279705	0.287065	0.292878	0.298892	0.298887	0.298966	0.309619	0.285836	0.312774	0.296343	0.311132	0.293237	0.289638	0.296861	0.303389	0.315495	0.31983	0.32628	0.339887	0.314859	0.312484	0.304483	0.290542	0.295035	0.295282	0.280967	0.304767	0.3064	0.30444	0.295625	0.300497	0.312036	0.312396	0.310537	0.303182	0.299837	0.283754	0.308941	0.294883	0.282276	0.295515	0.259251	0.205856	0.248106	0.230884	0.212617	0.194426	0.192001	0.20961	0.204147	0.189328	0.204572	0.22414	0.228779	0.2265	0.221891	0.221493	0.176388	0.187194	0.18504	0.209925	0.203134	0.207568	0.171487	0.178979	0.181286	0.173518	0.182676	0.181446	0.177628	0.157947	0.151634	0.298912	0.301185	0.258392	0.270165	0.24909	0.233038	0.236642	0.159426	0.175943	0.222934	0.23154	0.169381	0.164792	0.205311	0.210725	0.194644	0.260462	0.237882	0.229759	0.23365	0.183203	0.176546	0.191792	0.194907	0.198683	0.233167	0.218157	0.233857	0.242433	0.232762	0.220179	0.2597	0.232872	0.248177	0.339433	0.322075	0.344424	0.327586	0.282407	0.285222	0.22003	0.220987	0.338763	0.36255	0.188873	0.200751	0.185725	0.185734	0.197143	0.197147	0.198373	0.193601	0.192396	0.183787	0.180859	0.21335	0.211365	0.306911	0.201897	0.207104	0.179764	0.244818	0.246428	0.251766	0.251672	0.181617	0.202223	0.205167	0.166929	0.17421	0.17068	0.17102	0.291374	0.343298	0.351959	0.338116	0.37604	0.351967	0.360611	0.363199	0.348287	0.344292	0.306962	0.309329	0.310408	0.317888	0.309697	0.298407	0.245596	0.238869	0.287883	0.290097	0.286671	0.285567	0.351583	0.353059	0.301845	0.3104	0.310669	0.205489	0.217924	0.207997	0.161079	0.216725	0.217557	0.194809	0.211246	0.209565	0.199665	0.256272	0.272456	0.223922	0.195474	0.222788	0.212345	0.103376	0.10838	0.0983119	0.053199	0	0.10872	0.143835	0.255802	0.244668	0.266148	0.170935	0.177803	0.193829	0.185771	0.183539	0.210677	0.215209	0.17276	0.145474	0.142648	0.150414	0.150454	0.151162	0.164059	0.175315	0.294484	0.319885	0.320474	0.313314	0.319414	0.31468	0.341782	0.379839	0.319981	0.336274	0.328339	0.359745
Nestor_notabilis	0.276091	0.294342	0.298611	0.346085	0.318471	0.301373	0.327413	0.325175	0.285942	0.316264	0.328479	0.307593	0.323734	0.314115	0.319799	0.315077	0.300312	0.304674	0.321328	0.341205	0.313871	0.324956	0.319115	0.316805	0.335208	0.334398	0.328511	0.308364	0.311123	0.321993	0.313904	0.300222	0.342014	0.330561	0.340634	0.333882	0.334952	0.336276	0.330813	0.320055	0.332683	0.338645	0.313502	0.3064	0.309722	0.311794	0.296257	0.301569	0.298231	0.29538	0.3026	0.297102	0.295653	0.297653	0.296216	0.306648	0.30242	0.300915	0.309195	0.343278	0.341575	0.320023	0.319778	0.295681	0.299142	0.303703	0.296518	0.32714	0.328794	0.299778	0.327238	0.31181	0.301528	0.301609	0.311048	0.307881	0.324919	0.337873	0.329301	0.318179	0.294305	0.306488	0.297279	0.310993	0.293192	0.321421	0.310058	0.307514	0.312054	0.312646	0.307413	0.312055	0.310108	0.308116	0.298113	0.284549	0.291853	0.301855	0.292741	0.320911	0.292697	0.31699	0.295641	0.288373	0.263542	0.270902	0.276715	0.282729	0.282724	0.282803	0.293456	0.269673	0.296611	0.28018	0.294969	0.277074	0.273475	0.280698	0.287226	0.299332	0.303667	0.310117	0.323724	0.298696	0.296321	0.28832	0.274379	0.278872	0.279119	0.264804	0.288604	0.290238	0.288277	0.279462	0.284334	0.295873	0.296233	0.294374	0.287019	0.283674	0.267591	0.292778	0.278721	0.266114	0.279352	0.243088	0.189693	0.231943	0.214721	0.196454	0.178263	0.175838	0.193447	0.187984	0.173165	0.188409	0.207977	0.212616	0.210337	0.205728	0.20533	0.160225	0.171031	0.168877	0.193762	0.186971	0.191405	0.155324	0.162816	0.165123	0.157355	0.166513	0.165283	0.161465	0.141785	0.135471	0.282749	0.285022	0.242229	0.254002	0.232927	0.216876	0.220479	0.143263	0.15978	0.206771	0.215377	0.153218	0.148629	0.189148	0.194562	0.178481	0.244299	0.221719	0.213596	0.217487	0.16704	0.160383	0.175629	0.178744	0.18252	0.217004	0.201994	0.217695	0.22627	0.216599	0.204016	0.243537	0.216709	0.232014	0.32327	0.305912	0.328262	0.311423	0.266244	0.269059	0.203867	0.204824	0.3226	0.346388	0.17271	0.184588	0.169562	0.169572	0.18098	0.180984	0.18221	0.177438	0.176233	0.167624	0.164696	0.197187	0.195202	0.290749	0.185734	0.190941	0.163601	0.228655	0.230265	0.235604	0.235509	0.165454	0.18606	0.189004	0.150766	0.158047	0.154517	0.154857	0.275211	0.327135	0.335796	0.321953	0.359877	0.335804	0.344448	0.347036	0.332124	0.328129	0.290799	0.293166	0.294245	0.301725	0.293534	0.282244	0.229433	0.222706	0.27172	0.273934	0.270508	0.269404	0.33542	0.336896	0.285682	0.294237	0.294506	0.189326	0.201762	0.191834	0.144916	0.200562	0.201394	0.178646	0.195083	0.193402	0.183502	0.240109	0.256293	0.207759	0.179311	0.206625	0.196182	0.113052	0.118056	0.107988	0.0918937	0.10872	0	0.127672	0.239639	0.228505	0.249985	0.154772	0.16164	0.177667	0.169608	0.167376	0.194514	0.199046	0.156597	0.129311	0.126485	0.134251	0.134291	0.134999	0.147896	0.159152	0.278321	0.303722	0.304311	0.297151	0.303251	0.298517	0.32562	0.363676	0.303818	0.320111	0.312176	0.343583
Cathartes_aura	0.22782	0.246071	0.25034	0.297815	0.270201	0.253102	0.279143	0.276904	0.237671	0.267994	0.280208	0.259322	0.275463	0.265845	0.271529	0.266806	0.252041	0.256403	0.273058	0.292934	0.265601	0.276685	0.270845	0.268534	0.286937	0.286128	0.280241	0.260094	0.262852	0.273722	0.265633	0.251952	0.293743	0.28229	0.292363	0.285612	0.286681	0.288006	0.282542	0.271784	0.284412	0.290375	0.265232	0.258129	0.261451	0.263523	0.247986	0.253299	0.24996	0.247109	0.254329	0.248832	0.247383	0.249383	0.247945	0.258377	0.25415	0.252644	0.260924	0.295007	0.293304	0.271752	0.271508	0.24741	0.250872	0.255433	0.248247	0.27887	0.280523	0.251507	0.278967	0.26354	0.253257	0.253338	0.262778	0.259611	0.276649	0.289603	0.28103	0.269908	0.246034	0.258218	0.249008	0.262722	0.244922	0.273151	0.261787	0.259243	0.263783	0.264375	0.259142	0.263785	0.261837	0.259845	0.249842	0.236278	0.243582	0.253585	0.24447	0.27264	0.244426	0.26872	0.247371	0.240102	0.215271	0.222631	0.228444	0.234458	0.234454	0.234532	0.245185	0.221402	0.24834	0.231909	0.246698	0.228803	0.225204	0.232427	0.238956	0.251061	0.255396	0.261846	0.275453	0.250425	0.248051	0.24005	0.226108	0.230601	0.230849	0.216533	0.240334	0.241967	0.240007	0.231191	0.236064	0.247603	0.247963	0.246103	0.238749	0.235403	0.21932	0.244507	0.23045	0.217843	0.231082	0.194817	0.141423	0.183672	0.16645	0.148183	0.129992	0.127567	0.145177	0.139714	0.124895	0.140138	0.159706	0.164345	0.162067	0.157458	0.157059	0.111954	0.12276	0.120607	0.145491	0.138701	0.143135	0.107053	0.114545	0.116853	0.109084	0.118242	0.117012	0.113194	0.0935138	0.0872006	0.234478	0.236752	0.193959	0.205731	0.184656	0.168605	0.172208	0.0949925	0.11151	0.158501	0.167106	0.104948	0.100359	0.140878	0.146291	0.13021	0.196028	0.173448	0.165325	0.169216	0.11877	0.112113	0.127358	0.130473	0.134249	0.168733	0.153723	0.169424	0.178	0.168329	0.155745	0.195266	0.168439	0.183743	0.274999	0.257641	0.279991	0.263153	0.217973	0.220788	0.155596	0.156553	0.274329	0.298117	0.12444	0.136317	0.121291	0.121301	0.132709	0.132713	0.133939	0.129167	0.127963	0.119354	0.116425	0.148917	0.146931	0.242478	0.137464	0.14267	0.11533	0.180384	0.181994	0.187333	0.187238	0.117184	0.137789	0.140734	0.102496	0.109777	0.106246	0.106586	0.22694	0.278865	0.287526	0.273683	0.311607	0.287533	0.296177	0.298766	0.283853	0.279859	0.242528	0.244895	0.245974	0.253454	0.245263	0.233973	0.181163	0.174435	0.22345	0.225663	0.222237	0.221133	0.287149	0.288626	0.237412	0.245966	0.246235	0.141056	0.153491	0.143564	0.0966449	0.152291	0.153123	0.130376	0.146812	0.145131	0.135232	0.191838	0.208023	0.159489	0.131041	0.158354	0.147912	0.148167	0.153171	0.143103	0.127009	0.143835	0.127672	0	0.191369	0.180234	0.201714	0.106502	0.11337	0.129396	0.121338	0.119106	0.146243	0.150775	0.108326	0.0810399	0.0782148	0.0859806	0.0860203	0.0867283	0.0996251	0.110881	0.23005	0.255451	0.25604	0.24888	0.254981	0.250246	0.277349	0.315406	0.255547	0.271841	0.263905	0.295312
Atlantisia_rogersi	0.332372	0.350623	0.354892	0.402366	0.374752	0.357654	0.383694	0.381456	0.342223	0.372545	0.38476	0.363874	0.380015	0.370396	0.37608	0.371357	0.356592	0.360954	0.377609	0.397486	0.370152	0.381236	0.375396	0.373085	0.391489	0.390679	0.384792	0.364645	0.367404	0.378274	0.370184	0.356503	0.398294	0.386842	0.396915	0.390163	0.391233	0.392557	0.387093	0.376335	0.388964	0.394926	0.369783	0.36268	0.366003	0.368075	0.352538	0.35785	0.354511	0.351661	0.35888	0.353383	0.351934	0.353934	0.352497	0.362929	0.358701	0.357196	0.365476	0.399559	0.397856	0.376304	0.376059	0.351962	0.355423	0.359984	0.352799	0.383421	0.385075	0.356059	0.383519	0.368091	0.357809	0.35789	0.367329	0.364162	0.3812	0.394154	0.385582	0.374459	0.350586	0.362769	0.35356	0.367273	0.349473	0.377702	0.366338	0.363795	0.368335	0.368926	0.363694	0.368336	0.366388	0.364396	0.354393	0.34083	0.348133	0.358136	0.349022	0.377192	0.348978	0.373271	0.351922	0.344654	0.319823	0.327182	0.332996	0.33901	0.339005	0.339084	0.349737	0.325954	0.352892	0.336461	0.351249	0.333355	0.329756	0.336979	0.343507	0.355613	0.359948	0.366398	0.380005	0.354976	0.352602	0.344601	0.33066	0.335152	0.3354	0.321085	0.344885	0.346518	0.344558	0.335743	0.340615	0.352154	0.352514	0.350655	0.3433	0.339955	0.323872	0.349059	0.335001	0.322394	0.335633	0.299368	0.248207	0.290456	0.273234	0.254967	0.236776	0.234351	0.251961	0.246498	0.231679	0.246922	0.26649	0.271129	0.268851	0.264242	0.263843	0.218738	0.229544	0.227391	0.252275	0.245485	0.249919	0.213837	0.221329	0.223637	0.215868	0.225026	0.223796	0.219978	0.200298	0.193984	0.341262	0.343536	0.300742	0.312515	0.29144	0.275389	0.278992	0.201776	0.218294	0.265284	0.27389	0.211732	0.207143	0.247661	0.253075	0.236994	0.302812	0.280232	0.272109	0.276	0.225553	0.218896	0.234142	0.237257	0.241033	0.275517	0.260507	0.276208	0.284784	0.275113	0.262529	0.30205	0.275223	0.290527	0.381783	0.364425	0.386775	0.369937	0.324757	0.327572	0.26238	0.263337	0.381113	0.404901	0.231224	0.243101	0.228075	0.228085	0.239493	0.239497	0.240723	0.235951	0.234746	0.226138	0.223209	0.255701	0.253715	0.349262	0.244248	0.249454	0.222114	0.287168	0.288778	0.294117	0.294022	0.223968	0.244573	0.247518	0.20928	0.216561	0.21303	0.21337	0.333724	0.385649	0.39431	0.380467	0.41839	0.394317	0.402961	0.40555	0.390637	0.386643	0.349312	0.351679	0.352758	0.360238	0.352047	0.340757	0.287947	0.281219	0.330234	0.332447	0.329021	0.327917	0.393933	0.39541	0.344195	0.35275	0.353019	0.247839	0.260275	0.250348	0.203429	0.259075	0.259907	0.237159	0.253596	0.251915	0.242016	0.298622	0.314807	0.266273	0.237825	0.265138	0.254696	0.260135	0.265138	0.25507	0.238976	0.255802	0.239639	0.191369	0	0.0560835	0.155774	0.178596	0.185463	0.20149	0.223785	0.221553	0.24869	0.253222	0.210773	0.185591	0.182766	0.190532	0.190572	0.19128	0.204177	0.215433	0.334601	0.360003	0.360592	0.353432	0.359532	0.354798	0.3819	0.419957	0.360099	0.376392	0.368457	0.399863
Zapornia_atra	0.321238	0.339488	0.343757	0.391232	0.363618	0.34652	0.37256	0.370322	0.331088	0.361411	0.373625	0.352739	0.368881	0.359262	0.364946	0.360223	0.345458	0.34982	0.366475	0.386351	0.359018	0.370102	0.364262	0.361951	0.380354	0.379545	0.373658	0.353511	0.356269	0.367139	0.35905	0.345369	0.38716	0.375707	0.385781	0.379029	0.380098	0.381423	0.375959	0.365201	0.377829	0.383792	0.358649	0.351546	0.354868	0.356941	0.341403	0.346716	0.343377	0.340526	0.347746	0.342249	0.3408	0.3428	0.341362	0.351794	0.347567	0.346061	0.354341	0.388424	0.386721	0.365169	0.364925	0.340827	0.344289	0.34885	0.341665	0.372287	0.37394	0.344924	0.372384	0.356957	0.346674	0.346755	0.356195	0.353028	0.370066	0.38302	0.374447	0.363325	0.339451	0.351635	0.342425	0.356139	0.338339	0.366568	0.355204	0.352661	0.357201	0.357792	0.352559	0.357202	0.355254	0.353262	0.343259	0.329695	0.336999	0.347002	0.337887	0.366057	0.337843	0.362137	0.340788	0.333519	0.308688	0.316048	0.321862	0.327876	0.327871	0.327949	0.338603	0.314819	0.341757	0.325327	0.340115	0.32222	0.318621	0.325845	0.332373	0.344478	0.348813	0.355263	0.36887	0.343842	0.341468	0.333467	0.319525	0.324018	0.324266	0.30995	0.333751	0.335384	0.333424	0.324608	0.329481	0.34102	0.34138	0.33952	0.332166	0.32882	0.312738	0.337925	0.323867	0.31126	0.324499	0.288234	0.237072	0.279322	0.262099	0.243832	0.225642	0.223217	0.240826	0.235363	0.220544	0.235788	0.255356	0.259995	0.257716	0.253107	0.252708	0.207604	0.21841	0.216256	0.241141	0.23435	0.238784	0.202703	0.210195	0.212502	0.204734	0.213892	0.212662	0.208844	0.189163	0.18285	0.330128	0.332401	0.289608	0.301381	0.280306	0.264254	0.267858	0.190642	0.207159	0.25415	0.262756	0.200597	0.196008	0.236527	0.241941	0.22586	0.291678	0.269098	0.260975	0.264866	0.214419	0.207762	0.223007	0.226122	0.229899	0.264383	0.249373	0.265073	0.273649	0.263978	0.251395	0.290916	0.264088	0.279393	0.370649	0.353291	0.37564	0.358802	0.313623	0.316438	0.251246	0.252203	0.369979	0.393766	0.220089	0.231967	0.216941	0.21695	0.228359	0.228363	0.229589	0.224817	0.223612	0.215003	0.212075	0.244566	0.242581	0.338127	0.233113	0.23832	0.21098	0.276034	0.277644	0.282982	0.282888	0.212833	0.233439	0.236383	0.198145	0.205426	0.201896	0.202236	0.32259	0.374514	0.383175	0.369332	0.407256	0.383182	0.391827	0.394415	0.379503	0.375508	0.338178	0.340545	0.341624	0.349104	0.340913	0.329623	0.276812	0.270085	0.319099	0.321313	0.317887	0.316783	0.382799	0.384275	0.333061	0.341615	0.341884	0.236705	0.24914	0.239213	0.192294	0.247941	0.248773	0.226025	0.242462	0.240781	0.230881	0.287488	0.303672	0.255138	0.22669	0.254004	0.243561	0.249	0.254004	0.243936	0.227841	0.244668	0.228505	0.180234	0.0560835	0	0.144639	0.167461	0.174329	0.190355	0.21265	0.210418	0.237556	0.242088	0.199639	0.174457	0.171632	0.179398	0.179437	0.180145	0.193042	0.204298	0.323467	0.348868	0.349457	0.342297	0.348398	0.343663	0.370766	0.408823	0.348964	0.365258	0.357322	0.388729
Heliornis_fulica	0.342717	0.360968	0.365237	0.412711	0.385098	0.367999	0.394039	0.391801	0.352568	0.382891	0.395105	0.374219	0.39036	0.380742	0.386426	0.381703	0.366938	0.3713	0.387955	0.407831	0.380498	0.391582	0.385742	0.383431	0.401834	0.401025	0.395137	0.374991	0.377749	0.388619	0.38053	0.366849	0.40864	0.397187	0.40726	0.400508	0.401578	0.402903	0.397439	0.386681	0.399309	0.405272	0.380129	0.373026	0.376348	0.37842	0.362883	0.368196	0.364857	0.362006	0.369226	0.363728	0.36228	0.36428	0.362842	0.373274	0.369047	0.367541	0.375821	0.409904	0.408201	0.386649	0.386405	0.362307	0.365769	0.37033	0.363144	0.393767	0.39542	0.366404	0.393864	0.378437	0.368154	0.368235	0.377675	0.374507	0.391546	0.4045	0.395927	0.384805	0.360931	0.373115	0.363905	0.377619	0.359819	0.388048	0.376684	0.37414	0.37868	0.379272	0.374039	0.378681	0.376734	0.374742	0.364739	0.351175	0.358479	0.368482	0.359367	0.387537	0.359323	0.383617	0.362267	0.354999	0.330168	0.337528	0.343341	0.349355	0.34935	0.349429	0.360082	0.336299	0.363237	0.346806	0.361595	0.3437	0.340101	0.347324	0.353853	0.365958	0.370293	0.376743	0.39035	0.365322	0.362948	0.354946	0.341005	0.345498	0.345745	0.33143	0.355231	0.356864	0.354904	0.346088	0.35096	0.3625	0.362859	0.361	0.353646	0.3503	0.334217	0.359404	0.345347	0.33274	0.345979	0.309714	0.258552	0.300801	0.283579	0.265312	0.247122	0.244697	0.262306	0.256843	0.242024	0.257268	0.276836	0.281475	0.279196	0.274587	0.274188	0.229084	0.23989	0.237736	0.262621	0.25583	0.260264	0.224182	0.231675	0.233982	0.226213	0.235371	0.234142	0.230324	0.210643	0.20433	0.351607	0.353881	0.311088	0.322861	0.301786	0.285734	0.289338	0.212122	0.228639	0.27563	0.284236	0.222077	0.217488	0.258007	0.263421	0.24734	0.313158	0.290577	0.282454	0.286345	0.235899	0.229242	0.244487	0.247602	0.251379	0.285863	0.270853	0.286553	0.295129	0.285458	0.272874	0.312395	0.285568	0.300873	0.392129	0.374771	0.39712	0.380282	0.335103	0.337918	0.272726	0.273683	0.391459	0.415246	0.241569	0.253447	0.238421	0.23843	0.249838	0.249842	0.251069	0.246296	0.245092	0.236483	0.233555	0.266046	0.26406	0.359607	0.254593	0.259799	0.232459	0.297514	0.299124	0.304462	0.304367	0.234313	0.254918	0.257863	0.219625	0.226906	0.223375	0.223715	0.344069	0.395994	0.404655	0.390812	0.428736	0.404662	0.413307	0.415895	0.400982	0.396988	0.359657	0.362025	0.363104	0.370584	0.362393	0.351103	0.298292	0.291565	0.340579	0.342793	0.339367	0.338262	0.404278	0.405755	0.354541	0.363095	0.363364	0.258185	0.27062	0.260693	0.213774	0.269421	0.270252	0.247505	0.263942	0.26226	0.252361	0.308968	0.325152	0.276618	0.24817	0.275484	0.265041	0.27048	0.275484	0.265416	0.249321	0.266148	0.249985	0.201714	0.155774	0.144639	0	0.188941	0.195809	0.211835	0.23413	0.231898	0.259035	0.263568	0.221118	0.195937	0.193112	0.200877	0.200917	0.201625	0.214522	0.225778	0.344947	0.370348	0.370937	0.363777	0.369878	0.365143	0.392246	0.430302	0.370444	0.386738	0.378802	0.410209
Balearica_regulorum	0.247505	0.265756	0.270025	0.317499	0.289885	0.272787	0.298827	0.296589	0.257356	0.287678	0.299892	0.279007	0.295148	0.285529	0.291213	0.28649	0.271725	0.276087	0.292742	0.312618	0.285285	0.296369	0.290529	0.288218	0.306621	0.305812	0.299925	0.279778	0.282536	0.293406	0.285317	0.271636	0.313427	0.301974	0.312048	0.305296	0.306366	0.30769	0.302226	0.291468	0.304097	0.310059	0.284916	0.277813	0.281135	0.283208	0.26767	0.272983	0.269644	0.266794	0.274013	0.268516	0.267067	0.269067	0.267629	0.278062	0.273834	0.272329	0.280609	0.314692	0.312989	0.291436	0.291192	0.267095	0.270556	0.275117	0.267932	0.298554	0.300208	0.271192	0.298652	0.283224	0.272941	0.273023	0.282462	0.279295	0.296333	0.309287	0.300714	0.289592	0.265719	0.277902	0.268692	0.282406	0.264606	0.292835	0.281471	0.278928	0.283468	0.284059	0.278827	0.283469	0.281521	0.279529	0.269526	0.255962	0.263266	0.273269	0.264155	0.292324	0.264111	0.288404	0.267055	0.259786	0.234956	0.242315	0.248129	0.254143	0.254138	0.254216	0.26487	0.241087	0.268024	0.251594	0.266382	0.248487	0.244889	0.252112	0.25864	0.270746	0.275081	0.281531	0.295138	0.270109	0.267735	0.259734	0.245792	0.250285	0.250533	0.236217	0.260018	0.261651	0.259691	0.250876	0.255748	0.267287	0.267647	0.265787	0.258433	0.255087	0.239005	0.264192	0.250134	0.237527	0.250766	0.214501	0.163339	0.205589	0.188367	0.1701	0.151909	0.149484	0.167093	0.16163	0.146811	0.162055	0.181623	0.186262	0.183983	0.179374	0.178976	0.133871	0.144677	0.142523	0.167408	0.160617	0.165052	0.12897	0.136462	0.138769	0.131001	0.140159	0.138929	0.135111	0.115431	0.109117	0.256395	0.258668	0.215875	0.227648	0.206573	0.190522	0.194125	0.116909	0.133426	0.180417	0.189023	0.126864	0.122276	0.162794	0.168208	0.152127	0.217945	0.195365	0.187242	0.191133	0.140686	0.134029	0.149275	0.15239	0.156166	0.19065	0.17564	0.191341	0.199917	0.190245	0.177662	0.217183	0.190356	0.20566	0.296916	0.279558	0.301908	0.285069	0.23989	0.242705	0.177513	0.17847	0.296246	0.320034	0.146356	0.158234	0.143208	0.143218	0.154626	0.15463	0.155856	0.151084	0.149879	0.141271	0.138342	0.170833	0.168848	0.264395	0.15938	0.164587	0.137247	0.202301	0.203911	0.20925	0.209155	0.139101	0.159706	0.16265	0.124412	0.131694	0.128163	0.128503	0.248857	0.300781	0.309443	0.295599	0.333523	0.30945	0.318094	0.320682	0.30577	0.301775	0.264445	0.266812	0.267891	0.275371	0.26718	0.25589	0.203079	0.196352	0.245367	0.24758	0.244154	0.24305	0.309066	0.310542	0.259328	0.267883	0.268152	0.162972	0.175408	0.165481	0.118562	0.174208	0.17504	0.152292	0.168729	0.167048	0.157148	0.213755	0.229939	0.181405	0.152957	0.180271	0.169828	0.175267	0.180271	0.170203	0.154109	0.170935	0.154772	0.106502	0.178596	0.167461	0.188941	0	0.0380101	0.0993981	0.138917	0.136685	0.163823	0.168355	0.125906	0.100724	0.0978991	0.105665	0.105705	0.106413	0.119309	0.130566	0.249734	0.275135	0.275725	0.268564	0.274665	0.269931	0.297033	0.33509	0.275231	0.291525	0.28359	0.314996
Grus_americana	0.254373	0.272624	0.276893	0.324367	0.296753	0.279655	0.305695	0.303457	0.264224	0.294546	0.30676	0.285875	0.302016	0.292397	0.298081	0.293358	0.278593	0.282955	0.29961	0.319486	0.292153	0.303237	0.297397	0.295086	0.313489	0.31268	0.306793	0.286646	0.289404	0.300274	0.292185	0.278504	0.320295	0.308842	0.318916	0.312164	0.313234	0.314558	0.309094	0.298336	0.310965	0.316927	0.291784	0.284681	0.288003	0.290076	0.274538	0.279851	0.276512	0.273662	0.280881	0.275384	0.273935	0.275935	0.274497	0.28493	0.280702	0.279197	0.287477	0.32156	0.319857	0.298304	0.29806	0.273963	0.277424	0.281985	0.2748	0.305422	0.307076	0.27806	0.30552	0.290092	0.279809	0.27989	0.28933	0.286163	0.303201	0.316155	0.307582	0.29646	0.272587	0.28477	0.27556	0.289274	0.271474	0.299703	0.288339	0.285796	0.290336	0.290927	0.285694	0.290337	0.288389	0.286397	0.276394	0.26283	0.270134	0.280137	0.271023	0.299192	0.270979	0.295272	0.273923	0.266654	0.241824	0.249183	0.254997	0.261011	0.261006	0.261084	0.271738	0.247955	0.274892	0.258462	0.27325	0.255355	0.251757	0.25898	0.265508	0.277614	0.281949	0.288398	0.302006	0.276977	0.274603	0.266602	0.25266	0.257153	0.257401	0.243085	0.266886	0.268519	0.266559	0.257744	0.262616	0.274155	0.274515	0.272655	0.265301	0.261955	0.245873	0.27106	0.257002	0.244395	0.257634	0.221369	0.170207	0.212457	0.195235	0.176968	0.158777	0.156352	0.173961	0.168498	0.153679	0.168923	0.188491	0.19313	0.190851	0.186242	0.185844	0.140739	0.151545	0.149391	0.174276	0.167485	0.171919	0.135838	0.14333	0.145637	0.137869	0.147027	0.145797	0.141979	0.122299	0.115985	0.263263	0.265536	0.222743	0.234516	0.213441	0.19739	0.200993	0.123777	0.140294	0.187285	0.195891	0.133732	0.129143	0.169662	0.175076	0.158995	0.224813	0.202233	0.19411	0.198001	0.147554	0.140897	0.156143	0.159258	0.163034	0.197518	0.182508	0.198209	0.206785	0.197113	0.18453	0.224051	0.197224	0.212528	0.303784	0.286426	0.308776	0.291937	0.246758	0.249573	0.184381	0.185338	0.303114	0.326902	0.153224	0.165102	0.150076	0.150086	0.161494	0.161498	0.162724	0.157952	0.156747	0.148138	0.14521	0.177701	0.175716	0.271263	0.166248	0.171455	0.144115	0.209169	0.210779	0.216118	0.216023	0.145969	0.166574	0.169518	0.13128	0.138562	0.135031	0.135371	0.255725	0.307649	0.316311	0.302467	0.340391	0.316318	0.324962	0.32755	0.312638	0.308643	0.271313	0.27368	0.274759	0.282239	0.274048	0.262758	0.209947	0.20322	0.252235	0.254448	0.251022	0.249918	0.315934	0.31741	0.266196	0.274751	0.27502	0.16984	0.182276	0.172348	0.12543	0.181076	0.181908	0.15916	0.175597	0.173916	0.164016	0.220623	0.236807	0.188273	0.159825	0.187139	0.176696	0.182135	0.187139	0.177071	0.160977	0.177803	0.16164	0.11337	0.185463	0.174329	0.195809	0.0380101	0	0.106266	0.145785	0.143553	0.170691	0.175223	0.132774	0.107592	0.104767	0.112533	0.112573	0.113281	0.126177	0.137433	0.256602	0.282003	0.282593	0.275432	0.281533	0.276799	0.303901	0.341958	0.282099	0.298393	0.290457	0.321864
Psophia_crepitans	0.270399	0.28865	0.292919	0.340393	0.312779	0.295681	0.321721	0.319483	0.28025	0.310572	0.322787	0.301901	0.318042	0.308423	0.314107	0.309385	0.294619	0.298981	0.315636	0.335513	0.308179	0.319263	0.313423	0.311113	0.329516	0.328706	0.322819	0.302672	0.305431	0.316301	0.308212	0.29453	0.336322	0.324869	0.334942	0.32819	0.32926	0.330584	0.32512	0.314362	0.326991	0.332953	0.30781	0.300708	0.30403	0.306102	0.290565	0.295877	0.292538	0.289688	0.296907	0.29141	0.289961	0.291961	0.290524	0.300956	0.296728	0.295223	0.303503	0.337586	0.335883	0.314331	0.314086	0.289989	0.29345	0.298011	0.290826	0.321448	0.323102	0.294086	0.321546	0.306118	0.295836	0.295917	0.305356	0.302189	0.319227	0.332181	0.323609	0.312486	0.288613	0.300796	0.291587	0.3053	0.2875	0.315729	0.304366	0.301822	0.306362	0.306953	0.301721	0.306363	0.304415	0.302423	0.29242	0.278857	0.28616	0.296163	0.287049	0.315219	0.287005	0.311298	0.289949	0.282681	0.25785	0.265209	0.271023	0.277037	0.277032	0.277111	0.287764	0.263981	0.290919	0.274488	0.289277	0.271382	0.267783	0.275006	0.281534	0.29364	0.297975	0.304425	0.318032	0.293003	0.290629	0.282628	0.268687	0.273179	0.273427	0.259112	0.282912	0.284545	0.282585	0.27377	0.278642	0.290181	0.290541	0.288682	0.281327	0.277982	0.261899	0.287086	0.273028	0.260421	0.27366	0.237395	0.186234	0.228483	0.211261	0.192994	0.174803	0.172378	0.189988	0.184525	0.169706	0.184949	0.204517	0.209156	0.206878	0.202269	0.20187	0.156765	0.167571	0.165418	0.190302	0.183512	0.187946	0.151864	0.159356	0.161664	0.153895	0.163053	0.161823	0.158005	0.138325	0.132012	0.279289	0.281563	0.23877	0.250542	0.229467	0.213416	0.217019	0.139803	0.156321	0.203312	0.211917	0.149759	0.14517	0.185689	0.191102	0.175021	0.240839	0.218259	0.210136	0.214027	0.163581	0.156924	0.172169	0.175284	0.17906	0.213544	0.198534	0.214235	0.222811	0.21314	0.200556	0.240077	0.21325	0.228554	0.31981	0.302452	0.324802	0.307964	0.262784	0.265599	0.200407	0.201364	0.31914	0.342928	0.169251	0.181128	0.166102	0.166112	0.17752	0.177524	0.17875	0.173978	0.172774	0.164165	0.161236	0.193728	0.191742	0.287289	0.182275	0.187481	0.160141	0.225195	0.226805	0.232144	0.232049	0.161995	0.1826	0.185545	0.147307	0.154588	0.151057	0.151397	0.271751	0.323676	0.332337	0.318494	0.356418	0.332344	0.340988	0.343577	0.328664	0.32467	0.287339	0.289706	0.290785	0.298265	0.290074	0.278784	0.225974	0.219246	0.268261	0.270474	0.267048	0.265944	0.33196	0.333437	0.282223	0.290777	0.291046	0.185867	0.198302	0.188375	0.141456	0.197102	0.197934	0.175187	0.191623	0.189942	0.180043	0.236649	0.252834	0.2043	0.175852	0.203165	0.192723	0.198162	0.203165	0.193098	0.177003	0.193829	0.177667	0.129396	0.20149	0.190355	0.211835	0.0993981	0.106266	0	0.161812	0.15958	0.186717	0.191249	0.1488	0.123618	0.120793	0.128559	0.128599	0.129307	0.142204	0.15346	0.272629	0.29803	0.298619	0.291459	0.297559	0.292825	0.319927	0.357984	0.298126	0.314419	0.306484	0.33789
Cariama_cristata	0.262341	0.280592	0.28486	0.332335	0.304721	0.287623	0.313663	0.311425	0.272192	0.302514	0.314728	0.293843	0.309984	0.300365	0.306049	0.301326	0.286561	0.290923	0.307578	0.327454	0.300121	0.311205	0.305365	0.303054	0.321457	0.320648	0.314761	0.294614	0.297372	0.308242	0.300153	0.286472	0.328263	0.31681	0.326884	0.320132	0.321202	0.322526	0.317062	0.306304	0.318932	0.324895	0.299752	0.292649	0.295971	0.298044	0.282506	0.287819	0.28448	0.281629	0.288849	0.283352	0.281903	0.283903	0.282465	0.292897	0.28867	0.287164	0.295444	0.329528	0.327825	0.306272	0.306028	0.281931	0.285392	0.289953	0.282768	0.31339	0.315044	0.286027	0.313487	0.29806	0.287777	0.287858	0.297298	0.294131	0.311169	0.324123	0.31555	0.304428	0.280554	0.292738	0.283528	0.297242	0.279442	0.307671	0.296307	0.293764	0.298304	0.298895	0.293662	0.298305	0.296357	0.294365	0.284362	0.270798	0.278102	0.288105	0.278991	0.30716	0.278947	0.30324	0.281891	0.274622	0.249792	0.257151	0.262965	0.268979	0.268974	0.269052	0.279706	0.255922	0.28286	0.26643	0.281218	0.263323	0.259724	0.266948	0.273476	0.285582	0.289917	0.296366	0.309974	0.284945	0.282571	0.27457	0.260628	0.265121	0.265369	0.251053	0.274854	0.276487	0.274527	0.265712	0.270584	0.282123	0.282483	0.280623	0.273269	0.269923	0.253841	0.279028	0.26497	0.252363	0.265602	0.229337	0.178175	0.220425	0.203203	0.184936	0.166745	0.16432	0.181929	0.176466	0.161647	0.176891	0.196459	0.201098	0.198819	0.19421	0.193812	0.148707	0.159513	0.157359	0.182244	0.175453	0.179887	0.143806	0.151298	0.153605	0.145837	0.154995	0.153765	0.149947	0.130266	0.123953	0.271231	0.273504	0.230711	0.242484	0.221409	0.205357	0.208961	0.131745	0.148262	0.195253	0.203859	0.1417	0.137111	0.17763	0.183044	0.166963	0.232781	0.210201	0.202078	0.205969	0.155522	0.148865	0.164111	0.167226	0.171002	0.205486	0.190476	0.206177	0.214752	0.205081	0.192498	0.232019	0.205191	0.220496	0.311752	0.294394	0.316744	0.299905	0.254726	0.257541	0.192349	0.193306	0.311082	0.334869	0.161192	0.17307	0.158044	0.158054	0.169462	0.169466	0.170692	0.16592	0.164715	0.156106	0.153178	0.185669	0.183684	0.27923	0.174216	0.179423	0.152083	0.217137	0.218747	0.224085	0.223991	0.153936	0.174542	0.177486	0.139248	0.146529	0.142999	0.143339	0.263693	0.315617	0.324278	0.310435	0.348359	0.324286	0.33293	0.335518	0.320606	0.316611	0.279281	0.281648	0.282727	0.290207	0.282016	0.270726	0.217915	0.211188	0.260202	0.262416	0.25899	0.257886	0.323902	0.325378	0.274164	0.282719	0.282988	0.177808	0.190243	0.180316	0.133398	0.189044	0.189876	0.167128	0.183565	0.181884	0.171984	0.228591	0.244775	0.196241	0.167793	0.195107	0.184664	0.190103	0.195107	0.185039	0.168945	0.185771	0.169608	0.121338	0.223785	0.21265	0.23413	0.138917	0.145785	0.161812	0	0.0240707	0.177738	0.18227	0.139821	0.11556	0.112735	0.120501	0.12054	0.121249	0.134145	0.145401	0.26457	0.289971	0.290561	0.2834	0.289501	0.284766	0.311869	0.349926	0.290067	0.306361	0.298425	0.329832
Chunga_burmeisteri	0.260109	0.27836	0.282629	0.330103	0.302489	0.285391	0.311431	0.309193	0.26996	0.300282	0.312496	0.291611	0.307752	0.298133	0.303817	0.299094	0.284329	0.288691	0.305346	0.325222	0.297889	0.308973	0.303133	0.300822	0.319225	0.318416	0.312529	0.292382	0.29514	0.30601	0.297921	0.28424	0.326031	0.314578	0.324652	0.3179	0.31897	0.320294	0.31483	0.304072	0.316701	0.322663	0.29752	0.290417	0.293739	0.295812	0.280274	0.285587	0.282248	0.279398	0.286617	0.28112	0.279671	0.281671	0.280233	0.290666	0.286438	0.284933	0.293213	0.327296	0.325593	0.30404	0.303796	0.279699	0.28316	0.287721	0.280536	0.311158	0.312812	0.283796	0.311256	0.295828	0.285545	0.285626	0.295066	0.291899	0.308937	0.321891	0.313318	0.302196	0.278323	0.290506	0.281296	0.29501	0.27721	0.305439	0.294075	0.291532	0.296072	0.296663	0.29143	0.296073	0.294125	0.292133	0.28213	0.268566	0.27587	0.285873	0.276759	0.304928	0.276715	0.301008	0.279659	0.27239	0.24756	0.254919	0.260733	0.266747	0.266742	0.26682	0.277474	0.253691	0.280628	0.264198	0.278986	0.261091	0.257493	0.264716	0.271244	0.28335	0.287685	0.294134	0.307742	0.282713	0.280339	0.272338	0.258396	0.262889	0.263137	0.248821	0.272622	0.274255	0.272295	0.26348	0.268352	0.279891	0.280251	0.278391	0.271037	0.267691	0.251609	0.276796	0.262738	0.250131	0.26337	0.227105	0.175943	0.218193	0.200971	0.182704	0.164513	0.162088	0.179697	0.174234	0.159415	0.174659	0.194227	0.198866	0.196587	0.191978	0.19158	0.146475	0.157281	0.155127	0.180012	0.173221	0.177655	0.141574	0.149066	0.151373	0.143605	0.152763	0.151533	0.147715	0.128035	0.121721	0.268999	0.271272	0.228479	0.240252	0.219177	0.203126	0.206729	0.129513	0.14603	0.193021	0.201627	0.139468	0.134879	0.175398	0.180812	0.164731	0.230549	0.207969	0.199846	0.203737	0.15329	0.146633	0.161879	0.164994	0.16877	0.203254	0.188244	0.203945	0.212521	0.202849	0.190266	0.229787	0.20296	0.218264	0.30952	0.292162	0.314512	0.297673	0.252494	0.255309	0.190117	0.191074	0.30885	0.332638	0.15896	0.170838	0.155812	0.155822	0.16723	0.167234	0.16846	0.163688	0.162483	0.153874	0.150946	0.183437	0.181452	0.276999	0.171984	0.177191	0.149851	0.214905	0.216515	0.221854	0.221759	0.151705	0.17231	0.175254	0.137016	0.144298	0.140767	0.141107	0.261461	0.313385	0.322047	0.308203	0.346127	0.322054	0.330698	0.333286	0.318374	0.314379	0.277049	0.279416	0.280495	0.287975	0.279784	0.268494	0.215683	0.208956	0.257971	0.260184	0.256758	0.255654	0.32167	0.323146	0.271932	0.280487	0.280756	0.175576	0.188012	0.178084	0.131166	0.186812	0.187644	0.164896	0.181333	0.179652	0.169752	0.226359	0.242543	0.194009	0.165561	0.192875	0.182432	0.187871	0.192875	0.182807	0.166713	0.183539	0.167376	0.119106	0.221553	0.210418	0.231898	0.136685	0.143553	0.15958	0.0240707	0	0.175506	0.180038	0.137589	0.113328	0.110503	0.118269	0.118309	0.119017	0.131913	0.143169	0.262338	0.287739	0.288329	0.281168	0.287269	0.282535	0.309637	0.347694	0.287835	0.304129	0.296193	0.3276
Falco_cherrug	0.287246	0.305497	0.309766	0.35724	0.329626	0.312528	0.338568	0.33633	0.297097	0.327419	0.339634	0.318748	0.334889	0.32527	0.330954	0.326232	0.311467	0.315828	0.332483	0.35236	0.325026	0.33611	0.33027	0.32796	0.346363	0.345553	0.339666	0.319519	0.322278	0.333148	0.325059	0.311377	0.353169	0.341716	0.351789	0.345037	0.346107	0.347431	0.341968	0.33121	0.343838	0.3498	0.324657	0.317555	0.320877	0.322949	0.307412	0.312724	0.309386	0.306535	0.313755	0.308257	0.306808	0.308808	0.307371	0.317803	0.313575	0.31207	0.32035	0.354433	0.35273	0.331178	0.330933	0.306836	0.310297	0.314858	0.307673	0.338295	0.339949	0.310933	0.338393	0.322965	0.312683	0.312764	0.322203	0.319036	0.336074	0.349028	0.340456	0.329333	0.30546	0.317643	0.308434	0.322147	0.304347	0.332576	0.321213	0.318669	0.323209	0.3238	0.318568	0.32321	0.321262	0.31927	0.309268	0.295704	0.303008	0.31301	0.303896	0.332066	0.303852	0.328145	0.306796	0.299528	0.274697	0.282057	0.28787	0.293884	0.293879	0.293958	0.304611	0.280828	0.307766	0.291335	0.306124	0.288229	0.28463	0.291853	0.298381	0.310487	0.314822	0.321272	0.334879	0.309851	0.307476	0.299475	0.285534	0.290027	0.290274	0.275959	0.299759	0.301392	0.299432	0.290617	0.295489	0.307028	0.307388	0.305529	0.298174	0.294829	0.278746	0.303933	0.289875	0.277268	0.290507	0.254243	0.203081	0.24533	0.228108	0.209841	0.191651	0.189225	0.206835	0.201372	0.186553	0.201796	0.221365	0.226003	0.223725	0.219116	0.218717	0.173613	0.184418	0.182265	0.207149	0.200359	0.204793	0.168711	0.176203	0.178511	0.170742	0.1799	0.17867	0.174852	0.155172	0.148859	0.296136	0.29841	0.255617	0.26739	0.246314	0.230263	0.233866	0.156651	0.173168	0.220159	0.228765	0.166606	0.162017	0.202536	0.20795	0.191869	0.257686	0.235106	0.226983	0.230874	0.180428	0.173771	0.189016	0.192131	0.195907	0.230391	0.215381	0.231082	0.239658	0.229987	0.217403	0.256924	0.230097	0.245402	0.336658	0.319299	0.341649	0.324811	0.279631	0.282446	0.217254	0.218212	0.335988	0.359775	0.186098	0.197976	0.182949	0.182959	0.194367	0.194371	0.195597	0.190825	0.189621	0.181012	0.178083	0.210575	0.208589	0.304136	0.199122	0.204328	0.176988	0.242042	0.243652	0.248991	0.248896	0.178842	0.199447	0.202392	0.164154	0.171435	0.167904	0.168244	0.288598	0.340523	0.349184	0.335341	0.373265	0.349191	0.357835	0.360424	0.345511	0.341517	0.304186	0.306553	0.307633	0.315112	0.306921	0.295631	0.242821	0.236093	0.285108	0.287322	0.283895	0.282791	0.348807	0.350284	0.29907	0.307624	0.307893	0.202714	0.215149	0.205222	0.158303	0.213949	0.214781	0.192034	0.20847	0.206789	0.19689	0.253496	0.269681	0.221147	0.192699	0.220013	0.20957	0.215009	0.220012	0.209945	0.19385	0.210677	0.194514	0.146243	0.24869	0.237556	0.259035	0.163823	0.170691	0.186717	0.177738	0.175506	0	0.00898403	0.106874	0.140466	0.13764	0.145406	0.145446	0.146154	0.159051	0.170307	0.289476	0.314877	0.315466	0.308306	0.314406	0.309672	0.336774	0.374831	0.314973	0.331266	0.323331	0.354737
Falco_peregrinus	0.291778	0.310029	0.314298	0.361772	0.334159	0.31706	0.3431	0.340862	0.301629	0.331952	0.344166	0.32328	0.339421	0.329803	0.335487	0.330764	0.315999	0.320361	0.337016	0.356892	0.329559	0.340643	0.334803	0.332492	0.350895	0.350086	0.344198	0.324052	0.32681	0.33768	0.329591	0.31591	0.357701	0.346248	0.356321	0.349569	0.350639	0.351963	0.3465	0.335742	0.34837	0.354333	0.32919	0.322087	0.325409	0.327481	0.311944	0.317257	0.313918	0.311067	0.318287	0.312789	0.311341	0.313341	0.311903	0.322335	0.318108	0.316602	0.324882	0.358965	0.357262	0.33571	0.335466	0.311368	0.31483	0.319391	0.312205	0.342828	0.344481	0.315465	0.342925	0.327497	0.317215	0.317296	0.326736	0.323568	0.340606	0.353561	0.344988	0.333866	0.309992	0.322176	0.312966	0.32668	0.30888	0.337109	0.325745	0.323201	0.327741	0.328333	0.3231	0.327742	0.325795	0.323803	0.3138	0.300236	0.30754	0.317543	0.308428	0.336598	0.308384	0.332678	0.311328	0.30406	0.279229	0.286589	0.292402	0.298416	0.298411	0.29849	0.309143	0.28536	0.312298	0.295867	0.310656	0.292761	0.289162	0.296385	0.302914	0.315019	0.319354	0.325804	0.339411	0.314383	0.312009	0.304007	0.290066	0.294559	0.294806	0.280491	0.304292	0.305925	0.303965	0.295149	0.300021	0.31156	0.31192	0.310061	0.302707	0.299361	0.283278	0.308465	0.294408	0.281801	0.29504	0.258775	0.207613	0.249862	0.23264	0.214373	0.196183	0.193757	0.211367	0.205904	0.191085	0.206329	0.225897	0.230536	0.228257	0.223648	0.223249	0.178145	0.188951	0.186797	0.211682	0.204891	0.209325	0.173243	0.180735	0.183043	0.175274	0.184432	0.183202	0.179385	0.159704	0.153391	0.300668	0.302942	0.260149	0.271922	0.250847	0.234795	0.238398	0.161183	0.1777	0.224691	0.233297	0.171138	0.166549	0.207068	0.212482	0.196401	0.262219	0.239638	0.231515	0.235406	0.18496	0.178303	0.193548	0.196663	0.20044	0.234923	0.219914	0.235614	0.24419	0.234519	0.221935	0.261456	0.234629	0.249934	0.34119	0.323832	0.346181	0.329343	0.284163	0.286979	0.221787	0.222744	0.34052	0.364307	0.19063	0.202508	0.187481	0.187491	0.198899	0.198903	0.20013	0.195357	0.194153	0.185544	0.182616	0.215107	0.213121	0.308668	0.203654	0.20886	0.18152	0.246575	0.248185	0.253523	0.253428	0.183374	0.203979	0.206924	0.168686	0.175967	0.172436	0.172776	0.29313	0.345055	0.353716	0.339873	0.377797	0.353723	0.362367	0.364956	0.350043	0.346049	0.308718	0.311085	0.312165	0.319645	0.311454	0.300164	0.247353	0.240626	0.28964	0.291854	0.288428	0.287323	0.353339	0.354816	0.303602	0.312156	0.312425	0.207246	0.219681	0.209754	0.162835	0.218482	0.219313	0.196566	0.213003	0.211321	0.201422	0.258029	0.274213	0.225679	0.197231	0.224545	0.214102	0.219541	0.224545	0.214477	0.198382	0.215209	0.199046	0.150775	0.253222	0.242088	0.263568	0.168355	0.175223	0.191249	0.18227	0.180038	0.00898403	0	0.111406	0.144998	0.142173	0.149938	0.149978	0.150686	0.163583	0.174839	0.294008	0.319409	0.319998	0.312838	0.318939	0.314204	0.341307	0.379363	0.319505	0.335799	0.327863	0.35927
Herpetotheres_cachinnans	0.249329	0.26758	0.271849	0.319323	0.291709	0.274611	0.300651	0.298413	0.25918	0.289502	0.301717	0.280831	0.296972	0.287353	0.293037	0.288315	0.27355	0.277911	0.294566	0.314443	0.287109	0.298193	0.292353	0.290043	0.308446	0.307636	0.301749	0.281602	0.284361	0.295231	0.287142	0.27346	0.315252	0.303799	0.313872	0.30712	0.30819	0.309514	0.304051	0.293293	0.305921	0.311883	0.28674	0.279638	0.28296	0.285032	0.269495	0.274807	0.271469	0.268618	0.275838	0.27034	0.268891	0.270891	0.269454	0.279886	0.275658	0.274153	0.282433	0.316516	0.314813	0.293261	0.293016	0.268919	0.27238	0.276941	0.269756	0.300378	0.302032	0.273016	0.300476	0.285048	0.274766	0.274847	0.284286	0.281119	0.298157	0.311111	0.302539	0.291417	0.267543	0.279726	0.270517	0.28423	0.26643	0.294659	0.283296	0.280752	0.285292	0.285884	0.280651	0.285293	0.283345	0.281354	0.271351	0.257787	0.265091	0.275093	0.265979	0.294149	0.265935	0.290228	0.268879	0.261611	0.23678	0.24414	0.249953	0.255967	0.255962	0.256041	0.266694	0.242911	0.269849	0.253418	0.268207	0.250312	0.246713	0.253936	0.260464	0.27257	0.276905	0.283355	0.296962	0.271934	0.269559	0.261558	0.247617	0.25211	0.252357	0.238042	0.261842	0.263476	0.261515	0.2527	0.257572	0.269111	0.269471	0.267612	0.260257	0.256912	0.240829	0.266016	0.251959	0.239351	0.25259	0.216326	0.165164	0.207413	0.190191	0.171924	0.153734	0.151308	0.168918	0.163455	0.148636	0.163879	0.183448	0.188086	0.185808	0.181199	0.1808	0.135696	0.146501	0.144348	0.169232	0.162442	0.166876	0.130794	0.138286	0.140594	0.132825	0.141983	0.140753	0.136935	0.117255	0.110942	0.258219	0.260493	0.2177	0.229473	0.208397	0.192346	0.195949	0.118734	0.135251	0.182242	0.190848	0.128689	0.1241	0.164619	0.170033	0.153952	0.219769	0.197189	0.189066	0.192957	0.142511	0.135854	0.151099	0.154214	0.15799	0.192474	0.177464	0.193165	0.201741	0.19207	0.179486	0.219007	0.19218	0.207485	0.298741	0.281382	0.303732	0.286894	0.241714	0.244529	0.179337	0.180295	0.298071	0.321858	0.148181	0.160059	0.145032	0.145042	0.15645	0.156454	0.15768	0.152908	0.151704	0.143095	0.140166	0.172658	0.170672	0.266219	0.161205	0.166411	0.139071	0.204126	0.205735	0.211074	0.210979	0.140925	0.16153	0.164475	0.126237	0.133518	0.129987	0.130327	0.250681	0.302606	0.311267	0.297424	0.335348	0.311274	0.319918	0.322507	0.307594	0.3036	0.266269	0.268636	0.269716	0.277195	0.269004	0.257714	0.204904	0.198176	0.247191	0.249405	0.245978	0.244874	0.31089	0.312367	0.261153	0.269707	0.269976	0.164797	0.177232	0.167305	0.120386	0.176032	0.176864	0.154117	0.170553	0.168872	0.158973	0.21558	0.231764	0.18323	0.154782	0.182096	0.171653	0.177092	0.182095	0.172028	0.155933	0.17276	0.156597	0.108326	0.210773	0.199639	0.221118	0.125906	0.132774	0.1488	0.139821	0.137589	0.106874	0.111406	0	0.102549	0.0997234	0.107489	0.107529	0.108237	0.121134	0.13239	0.251559	0.27696	0.277549	0.270389	0.276489	0.271755	0.298857	0.336914	0.277056	0.293349	0.285414	0.31682
Aquila_chrysaetos	0.218685	0.236936	0.241205	0.288679	0.261065	0.243967	0.270007	0.267769	0.228536	0.258858	0.271073	0.250187	0.266328	0.256709	0.262393	0.257671	0.242906	0.247267	0.263922	0.283799	0.256465	0.267549	0.261709	0.259399	0.277802	0.276992	0.271105	0.250958	0.253717	0.264587	0.256498	0.242816	0.284608	0.273155	0.283228	0.276476	0.277546	0.27887	0.273407	0.262649	0.275277	0.281239	0.256096	0.248994	0.252316	0.254388	0.238851	0.244163	0.240825	0.237974	0.245194	0.239696	0.238247	0.240247	0.23881	0.249242	0.245014	0.243509	0.251789	0.285872	0.284169	0.262617	0.262372	0.238275	0.241736	0.246297	0.239112	0.269734	0.271388	0.242372	0.269832	0.254404	0.244122	0.244203	0.253642	0.250475	0.267513	0.280467	0.271895	0.260773	0.236899	0.249082	0.239873	0.253586	0.235786	0.264015	0.252652	0.250108	0.254648	0.255239	0.250007	0.254649	0.252701	0.25071	0.240707	0.227143	0.234447	0.244449	0.235335	0.263505	0.235291	0.259584	0.238235	0.230967	0.206136	0.213496	0.219309	0.225323	0.225318	0.225397	0.23605	0.212267	0.239205	0.222774	0.237563	0.219668	0.216069	0.223292	0.22982	0.241926	0.246261	0.252711	0.266318	0.24129	0.238915	0.230914	0.216973	0.221466	0.221713	0.207398	0.231198	0.232832	0.230871	0.222056	0.226928	0.238467	0.238827	0.236968	0.229613	0.226268	0.210185	0.235372	0.221315	0.208707	0.221946	0.185682	0.137878	0.180127	0.162905	0.144638	0.126448	0.124022	0.141632	0.136169	0.12135	0.136593	0.156162	0.1608	0.158522	0.153913	0.153514	0.108409	0.119215	0.117062	0.141946	0.135156	0.13959	0.103508	0.111	0.113308	0.105539	0.114697	0.113467	0.109649	0.0899689	0.0836556	0.230933	0.233207	0.190414	0.202186	0.181111	0.16506	0.168663	0.0914475	0.107965	0.154956	0.163562	0.101403	0.0968138	0.137333	0.142747	0.126665	0.192483	0.169903	0.16178	0.165671	0.115225	0.108568	0.123813	0.126928	0.130704	0.165188	0.150178	0.165879	0.174455	0.164784	0.1522	0.191721	0.164894	0.180199	0.271455	0.254096	0.276446	0.259608	0.214428	0.217243	0.152051	0.153008	0.270785	0.294572	0.120895	0.132773	0.117746	0.117756	0.129164	0.129168	0.130394	0.125622	0.124418	0.115809	0.11288	0.145372	0.143386	0.238933	0.133919	0.139125	0.111785	0.176839	0.178449	0.183788	0.183693	0.113639	0.134244	0.137189	0.0989507	0.106232	0.102701	0.103041	0.223395	0.27532	0.283981	0.270138	0.308062	0.283988	0.292632	0.295221	0.280308	0.276314	0.238983	0.24135	0.24243	0.249909	0.241718	0.230428	0.177618	0.17089	0.219905	0.222119	0.218692	0.217588	0.283604	0.285081	0.233867	0.242421	0.24269	0.137511	0.149946	0.140019	0.0931	0.148746	0.149578	0.126831	0.143267	0.141586	0.131687	0.188293	0.204478	0.155944	0.127496	0.154809	0.144367	0.149806	0.154809	0.144742	0.128647	0.145474	0.129311	0.0810399	0.185591	0.174457	0.195937	0.100724	0.107592	0.123618	0.11556	0.113328	0.140466	0.144998	0.102549	0	0.0122571	0.0308046	0.0308443	0.0387497	0.0615341	0.0915736	0.220915	0.246316	0.246905	0.239745	0.245845	0.241111	0.268213	0.30627	0.246412	0.262705	0.25477	0.286176
Spizaetus_tyrannus	0.21586	0.234111	0.23838	0.285854	0.25824	0.241142	0.267182	0.264944	0.225711	0.256033	0.268248	0.247362	0.263503	0.253884	0.259568	0.254846	0.24008	0.244442	0.261097	0.280974	0.25364	0.264724	0.258884	0.256574	0.274977	0.274167	0.26828	0.248133	0.250892	0.261762	0.253673	0.239991	0.281782	0.27033	0.280403	0.273651	0.274721	0.276045	0.270581	0.259823	0.272452	0.278414	0.253271	0.246169	0.249491	0.251563	0.236026	0.241338	0.237999	0.235149	0.242368	0.236871	0.235422	0.237422	0.235985	0.246417	0.242189	0.240684	0.248964	0.283047	0.281344	0.259792	0.259547	0.23545	0.238911	0.243472	0.236287	0.266909	0.268563	0.239547	0.267007	0.251579	0.241297	0.241378	0.250817	0.24765	0.264688	0.277642	0.26907	0.257947	0.234074	0.246257	0.237048	0.250761	0.232961	0.26119	0.249827	0.247283	0.251823	0.252414	0.247182	0.251824	0.249876	0.247884	0.237881	0.224318	0.231621	0.241624	0.23251	0.26068	0.232466	0.256759	0.23541	0.228142	0.203311	0.21067	0.216484	0.222498	0.222493	0.222572	0.233225	0.209442	0.23638	0.219949	0.234738	0.216843	0.213244	0.220467	0.226995	0.239101	0.243436	0.249886	0.263493	0.238464	0.23609	0.228089	0.214148	0.21864	0.218888	0.204573	0.228373	0.230006	0.228046	0.219231	0.224103	0.235642	0.236002	0.234143	0.226788	0.223443	0.20736	0.232547	0.218489	0.205882	0.219121	0.182856	0.135053	0.177302	0.16008	0.141813	0.123622	0.121197	0.138807	0.133343	0.118525	0.133768	0.153336	0.157975	0.155697	0.151088	0.150689	0.105584	0.11639	0.114237	0.139121	0.132331	0.136765	0.100683	0.108175	0.110483	0.102714	0.111872	0.110642	0.106824	0.0871438	0.0808305	0.228108	0.230382	0.187588	0.199361	0.178286	0.162235	0.165838	0.0886224	0.10514	0.15213	0.160736	0.0985776	0.0939887	0.134507	0.139921	0.12384	0.189658	0.167078	0.158955	0.162846	0.112399	0.105742	0.120988	0.124103	0.127879	0.162363	0.147353	0.163054	0.17163	0.161959	0.149375	0.188896	0.162069	0.177373	0.268629	0.251271	0.273621	0.256783	0.211603	0.214418	0.149226	0.150183	0.267959	0.291747	0.11807	0.129947	0.114921	0.114931	0.126339	0.126343	0.127569	0.122797	0.121592	0.112984	0.110055	0.142547	0.140561	0.236108	0.131094	0.1363	0.10896	0.174014	0.175624	0.180963	0.180868	0.110814	0.131419	0.134364	0.0961255	0.103407	0.099876	0.100216	0.22057	0.272495	0.281156	0.267313	0.305236	0.281163	0.289807	0.292396	0.277483	0.273489	0.236158	0.238525	0.239604	0.247084	0.238893	0.227603	0.174792	0.168065	0.21708	0.219293	0.215867	0.214763	0.280779	0.282256	0.231041	0.239596	0.239865	0.134685	0.147121	0.137194	0.0902748	0.145921	0.146753	0.124005	0.140442	0.138761	0.128862	0.185468	0.201653	0.153119	0.124671	0.151984	0.141542	0.146981	0.151984	0.141916	0.125822	0.142648	0.126485	0.0782148	0.182766	0.171632	0.193112	0.0978991	0.104767	0.120793	0.112735	0.110503	0.13764	0.142173	0.0997234	0.0122571	0	0.0279795	0.0280192	0.0359246	0.058709	0.0887484	0.21809	0.243491	0.24408	0.23692	0.24302	0.238286	0.265388	0.303445	0.243587	0.25988	0.251945	0.283351
Haliaeetus_albicilla	0.223626	0.241877	0.246146	0.29362	0.266006	0.248908	0.274948	0.27271	0.233477	0.263799	0.276013	0.255128	0.271269	0.26165	0.267334	0.262611	0.247846	0.252208	0.268863	0.288739	0.261406	0.27249	0.26665	0.264339	0.282742	0.281933	0.276046	0.255899	0.258657	0.269527	0.261438	0.247757	0.289548	0.278096	0.288169	0.281417	0.282487	0.283811	0.278347	0.267589	0.280218	0.28618	0.261037	0.253934	0.257256	0.259329	0.243791	0.249104	0.245765	0.242915	0.250134	0.244637	0.243188	0.245188	0.24375	0.254183	0.249955	0.24845	0.25673	0.290813	0.28911	0.267557	0.267313	0.243216	0.246677	0.251238	0.244053	0.274675	0.276329	0.247313	0.274773	0.259345	0.249062	0.249144	0.258583	0.255416	0.272454	0.285408	0.276835	0.265713	0.24184	0.254023	0.244813	0.258527	0.240727	0.268956	0.257592	0.255049	0.259589	0.26018	0.254948	0.25959	0.257642	0.25565	0.245647	0.232083	0.239387	0.24939	0.240276	0.268445	0.240232	0.264525	0.243176	0.235907	0.211077	0.218436	0.22425	0.230264	0.230259	0.230338	0.240991	0.217208	0.244145	0.227715	0.242503	0.224608	0.22101	0.228233	0.234761	0.246867	0.251202	0.257652	0.271259	0.24623	0.243856	0.235855	0.221913	0.226406	0.226654	0.212338	0.236139	0.237772	0.235812	0.226997	0.231869	0.243408	0.243768	0.241908	0.234554	0.231208	0.215126	0.240313	0.226255	0.213648	0.226887	0.190622	0.142818	0.185068	0.167846	0.149579	0.131388	0.128963	0.146572	0.141109	0.12629	0.141534	0.161102	0.165741	0.163462	0.158853	0.158455	0.11335	0.124156	0.122002	0.146887	0.140096	0.144531	0.108449	0.115941	0.118248	0.11048	0.119638	0.118408	0.11459	0.0949096	0.0885963	0.235874	0.238147	0.195354	0.207127	0.186052	0.170001	0.173604	0.0963882	0.112905	0.159896	0.168502	0.106343	0.101754	0.142273	0.147687	0.131606	0.197424	0.174844	0.166721	0.170612	0.120165	0.113508	0.128754	0.131869	0.135645	0.170129	0.155119	0.17082	0.179396	0.169724	0.157141	0.196662	0.169835	0.185139	0.276395	0.259037	0.281387	0.264548	0.219369	0.222184	0.156992	0.157949	0.275725	0.299513	0.125835	0.137713	0.122687	0.122697	0.134105	0.134109	0.135335	0.130563	0.129358	0.120749	0.117821	0.150312	0.148327	0.243874	0.138859	0.144066	0.116726	0.18178	0.18339	0.188729	0.188634	0.11858	0.139185	0.142129	0.103891	0.111173	0.107642	0.107982	0.228336	0.28026	0.288922	0.275078	0.313002	0.288929	0.297573	0.300161	0.285249	0.281254	0.243924	0.246291	0.24737	0.25485	0.246659	0.235369	0.182558	0.175831	0.224846	0.227059	0.223633	0.222529	0.288545	0.290021	0.238807	0.247362	0.247631	0.142451	0.154887	0.144959	0.0980406	0.153687	0.154519	0.131771	0.148208	0.146527	0.136627	0.193234	0.209418	0.160884	0.132436	0.15975	0.149307	0.154746	0.15975	0.149682	0.133588	0.150414	0.134251	0.0859806	0.190532	0.179398	0.200877	0.105665	0.112533	0.128559	0.120501	0.118269	0.145406	0.149938	0.107489	0.0308046	0.0279795	0	0.00221275	0.0436904	0.0664748	0.0965142	0.225855	0.251256	0.251846	0.244685	0.250786	0.246052	0.273154	0.311211	0.251353	0.267646	0.259711	0.291117
Haliaeetus_leucocephalus	0.223665	0.241916	0.246185	0.29366	0.266046	0.248948	0.274988	0.272749	0.233516	0.263839	0.276053	0.255167	0.271309	0.26169	0.267374	0.262651	0.247886	0.252248	0.268903	0.288779	0.261446	0.27253	0.26669	0.264379	0.282782	0.281973	0.276086	0.255939	0.258697	0.269567	0.261478	0.247797	0.289588	0.278135	0.288209	0.281457	0.282526	0.283851	0.278387	0.267629	0.280257	0.28622	0.261077	0.253974	0.257296	0.259368	0.243831	0.249144	0.245805	0.242954	0.250174	0.244677	0.243228	0.245228	0.24379	0.254222	0.249995	0.248489	0.256769	0.290852	0.289149	0.267597	0.267353	0.243255	0.246717	0.251278	0.244092	0.274715	0.276368	0.247352	0.274812	0.259385	0.249102	0.249183	0.258623	0.255456	0.272494	0.285448	0.276875	0.265753	0.241879	0.254063	0.244853	0.258567	0.240767	0.268996	0.257632	0.255088	0.259628	0.26022	0.254987	0.25963	0.257682	0.25569	0.245687	0.232123	0.239427	0.24943	0.240315	0.268485	0.240271	0.264565	0.243216	0.235947	0.211116	0.218476	0.224289	0.230303	0.230299	0.230377	0.24103	0.217247	0.244185	0.227754	0.242543	0.224648	0.221049	0.228273	0.234801	0.246906	0.251241	0.257691	0.271298	0.24627	0.243896	0.235895	0.221953	0.226446	0.226694	0.212378	0.236179	0.237812	0.235852	0.227036	0.231909	0.243448	0.243808	0.241948	0.234594	0.231248	0.215165	0.240353	0.226295	0.213688	0.226927	0.190662	0.142858	0.185107	0.167885	0.149618	0.131428	0.129003	0.146612	0.141149	0.12633	0.141574	0.161142	0.165781	0.163502	0.158893	0.158494	0.11339	0.124196	0.122042	0.146927	0.140136	0.14457	0.108488	0.115981	0.118288	0.11052	0.119678	0.118448	0.11463	0.0949493	0.088636	0.235914	0.238187	0.195394	0.207167	0.186092	0.17004	0.173644	0.0964279	0.112945	0.159936	0.168542	0.106383	0.101794	0.142313	0.147727	0.131646	0.197464	0.174883	0.166761	0.170652	0.120205	0.113548	0.128793	0.131908	0.135685	0.170169	0.155159	0.170859	0.179435	0.169764	0.157181	0.196701	0.169874	0.185179	0.276435	0.259077	0.281426	0.264588	0.219409	0.222224	0.157032	0.157989	0.275765	0.299552	0.125875	0.137753	0.122727	0.122736	0.134144	0.134149	0.135375	0.130603	0.129398	0.120789	0.117861	0.150352	0.148367	0.243913	0.138899	0.144106	0.116766	0.18182	0.18343	0.188768	0.188674	0.118619	0.139224	0.142169	0.103931	0.111212	0.107682	0.108022	0.228375	0.2803	0.288961	0.275118	0.313042	0.288968	0.297613	0.300201	0.285288	0.281294	0.243963	0.246331	0.24741	0.25489	0.246699	0.235409	0.182598	0.175871	0.224885	0.227099	0.223673	0.222568	0.288585	0.290061	0.238847	0.247401	0.24767	0.142491	0.154926	0.144999	0.0980804	0.153727	0.154558	0.131811	0.148248	0.146566	0.136667	0.193274	0.209458	0.160924	0.132476	0.15979	0.149347	0.154786	0.15979	0.149722	0.133627	0.150454	0.134291	0.0860203	0.190572	0.179437	0.200917	0.105705	0.112573	0.128599	0.12054	0.118309	0.145446	0.149978	0.107529	0.0308443	0.0280192	0.00221275	0	0.0437301	0.0665145	0.0965539	0.225895	0.251296	0.251885	0.244725	0.250826	0.246091	0.273194	0.311251	0.251392	0.267686	0.25975	0.291157
Circaetus_pectoralis	0.224373	0.242624	0.246893	0.294368	0.266754	0.249656	0.275696	0.273458	0.234224	0.264547	0.276761	0.255875	0.272017	0.262398	0.268082	0.263359	0.248594	0.252956	0.269611	0.289487	0.262154	0.273238	0.267398	0.265087	0.28349	0.282681	0.276794	0.256647	0.259405	0.270275	0.262186	0.248505	0.290296	0.278843	0.288917	0.282165	0.283234	0.284559	0.279095	0.268337	0.280965	0.286928	0.261785	0.254682	0.258004	0.260076	0.244539	0.249852	0.246513	0.243662	0.250882	0.245385	0.243936	0.245936	0.244498	0.25493	0.250703	0.249197	0.257477	0.29156	0.289857	0.268305	0.268061	0.243963	0.247425	0.251986	0.244801	0.275423	0.277076	0.24806	0.27552	0.260093	0.24981	0.249891	0.259331	0.256164	0.273202	0.286156	0.277583	0.266461	0.242587	0.254771	0.245561	0.259275	0.241475	0.269704	0.25834	0.255797	0.260337	0.260928	0.255695	0.260338	0.25839	0.256398	0.246395	0.232831	0.240135	0.250138	0.241023	0.269193	0.240979	0.265273	0.243924	0.236655	0.211824	0.219184	0.224998	0.231012	0.231007	0.231085	0.241739	0.217955	0.244893	0.228463	0.243251	0.225356	0.221757	0.228981	0.235509	0.247614	0.251949	0.258399	0.272006	0.246978	0.244604	0.236603	0.222661	0.227154	0.227402	0.213086	0.236887	0.23852	0.23656	0.227744	0.232617	0.244156	0.244516	0.242656	0.235302	0.231956	0.215873	0.241061	0.227003	0.214396	0.227635	0.19137	0.143566	0.185815	0.168593	0.150326	0.132136	0.129711	0.14732	0.141857	0.127038	0.142282	0.16185	0.166489	0.16421	0.159601	0.159202	0.114098	0.124904	0.12275	0.147635	0.140844	0.145278	0.109196	0.116689	0.118996	0.111228	0.120386	0.119156	0.115338	0.0956573	0.089344	0.236622	0.238895	0.196102	0.207875	0.1868	0.170748	0.174352	0.097136	0.113653	0.160644	0.16925	0.107091	0.102502	0.143021	0.148435	0.132354	0.198172	0.175592	0.167469	0.17136	0.120913	0.114256	0.129501	0.132616	0.136393	0.170877	0.155867	0.171567	0.180143	0.170472	0.157889	0.19741	0.170582	0.185887	0.277143	0.259785	0.282134	0.265296	0.220117	0.222932	0.15774	0.158697	0.276473	0.30026	0.126583	0.138461	0.123435	0.123444	0.134852	0.134857	0.136083	0.131311	0.130106	0.121497	0.118569	0.15106	0.149075	0.244621	0.139607	0.144814	0.117474	0.182528	0.184138	0.189476	0.189382	0.119327	0.139933	0.142877	0.104639	0.11192	0.10839	0.10873	0.229083	0.281008	0.289669	0.275826	0.31375	0.289676	0.298321	0.300909	0.285996	0.282002	0.244672	0.247039	0.248118	0.255598	0.247407	0.236117	0.183306	0.176579	0.225593	0.227807	0.224381	0.223277	0.289293	0.290769	0.239555	0.248109	0.248378	0.143199	0.155634	0.145707	0.0987884	0.154435	0.155266	0.132519	0.148956	0.147274	0.137375	0.193982	0.210166	0.161632	0.133184	0.160498	0.150055	0.155494	0.160498	0.15043	0.134335	0.151162	0.134999	0.0867283	0.19128	0.180145	0.201625	0.106413	0.113281	0.129307	0.121249	0.119017	0.146154	0.150686	0.108237	0.0387497	0.0359246	0.0436904	0.0437301	0	0.0672225	0.097262	0.226603	0.252004	0.252593	0.245433	0.251534	0.246799	0.273902	0.311959	0.2521	0.268394	0.260458	0.291865
Pandion_haliaetus	0.23727	0.255521	0.25979	0.307264	0.279651	0.262552	0.288592	0.286354	0.247121	0.277444	0.289658	0.268772	0.284913	0.275295	0.280979	0.276256	0.261491	0.265853	0.282508	0.302384	0.275051	0.286135	0.280295	0.277984	0.296387	0.295578	0.28969	0.269544	0.272302	0.283172	0.275083	0.261402	0.303193	0.29174	0.301813	0.295061	0.296131	0.297455	0.291992	0.281234	0.293862	0.299825	0.274682	0.267579	0.270901	0.272973	0.257436	0.262749	0.25941	0.256559	0.263779	0.258281	0.256833	0.258832	0.257395	0.267827	0.2636	0.262094	0.270374	0.304457	0.302754	0.281202	0.280958	0.25686	0.260322	0.264882	0.257697	0.28832	0.289973	0.260957	0.288417	0.272989	0.262707	0.262788	0.272228	0.26906	0.286098	0.299052	0.29048	0.279358	0.255484	0.267668	0.258458	0.272172	0.254372	0.282601	0.271237	0.268693	0.273233	0.273825	0.268592	0.273234	0.271287	0.269295	0.259292	0.245728	0.253032	0.263035	0.25392	0.28209	0.253876	0.27817	0.25682	0.249552	0.224721	0.232081	0.237894	0.243908	0.243903	0.243982	0.254635	0.230852	0.25779	0.241359	0.256148	0.238253	0.234654	0.241877	0.248406	0.260511	0.264846	0.271296	0.284903	0.259875	0.257501	0.249499	0.235558	0.240051	0.240298	0.225983	0.249784	0.251417	0.249457	0.240641	0.245513	0.257052	0.257412	0.255553	0.248199	0.244853	0.22877	0.253957	0.2399	0.227293	0.240532	0.204267	0.156463	0.198712	0.18149	0.163223	0.145033	0.142607	0.160217	0.154754	0.139935	0.155178	0.174747	0.179386	0.177107	0.172498	0.172099	0.126995	0.137801	0.135647	0.160531	0.153741	0.158175	0.122093	0.129585	0.131893	0.124124	0.133282	0.132052	0.128235	0.108554	0.102241	0.249518	0.251792	0.208999	0.220772	0.199696	0.183645	0.187248	0.110033	0.12655	0.173541	0.182147	0.119988	0.115399	0.155918	0.161332	0.145251	0.211068	0.188488	0.180365	0.184256	0.13381	0.127153	0.142398	0.145513	0.14929	0.183773	0.168763	0.184464	0.19304	0.183369	0.170785	0.210306	0.183479	0.198784	0.29004	0.272682	0.295031	0.278193	0.233013	0.235828	0.170637	0.171594	0.28937	0.313157	0.13948	0.151358	0.136331	0.136341	0.147749	0.147753	0.14898	0.144207	0.143003	0.134394	0.131466	0.163957	0.161971	0.257518	0.152504	0.15771	0.13037	0.195425	0.197034	0.202373	0.202278	0.132224	0.152829	0.155774	0.117536	0.124817	0.121286	0.121626	0.24198	0.293905	0.302566	0.288723	0.326647	0.302573	0.311217	0.313806	0.298893	0.294899	0.257568	0.259935	0.261015	0.268495	0.260304	0.249013	0.196203	0.189476	0.23849	0.240704	0.237277	0.236173	0.302189	0.303666	0.252452	0.261006	0.261275	0.156096	0.168531	0.158604	0.111685	0.167332	0.168163	0.145416	0.161853	0.160171	0.150272	0.206879	0.223063	0.174529	0.146081	0.173395	0.162952	0.168391	0.173395	0.163327	0.147232	0.164059	0.147896	0.0996251	0.204177	0.193042	0.214522	0.119309	0.126177	0.142204	0.134145	0.131913	0.159051	0.163583	0.121134	0.0615341	0.058709	0.0664748	0.0665145	0.0672225	0	0.110159	0.2395	0.264901	0.26549	0.25833	0.264431	0.259696	0.286799	0.324855	0.264997	0.281291	0.273355	0.304762
Sagittarius_serpentarius	0.248526	0.266777	0.271046	0.31852	0.290907	0.273808	0.299849	0.29761	0.258377	0.2887	0.300914	0.280028	0.296169	0.286551	0.292235	0.287512	0.272747	0.277109	0.293764	0.31364	0.286307	0.297391	0.291551	0.28924	0.307643	0.306834	0.300947	0.2808	0.283558	0.294428	0.286339	0.272658	0.314449	0.302996	0.313069	0.306318	0.307387	0.308712	0.303248	0.29249	0.305118	0.311081	0.285938	0.278835	0.282157	0.284229	0.268692	0.274005	0.270666	0.267815	0.275035	0.269538	0.268089	0.270089	0.268651	0.279083	0.274856	0.27335	0.28163	0.315713	0.31401	0.292458	0.292214	0.268116	0.271578	0.276139	0.268953	0.299576	0.301229	0.272213	0.299673	0.284246	0.273963	0.274044	0.283484	0.280316	0.297355	0.310309	0.301736	0.290614	0.26674	0.278924	0.269714	0.283428	0.265628	0.293857	0.282493	0.279949	0.284489	0.285081	0.279848	0.28449	0.282543	0.280551	0.270548	0.256984	0.264288	0.274291	0.265176	0.293346	0.265132	0.289426	0.268077	0.260808	0.235977	0.243337	0.24915	0.255164	0.25516	0.255238	0.265891	0.242108	0.269046	0.252615	0.267404	0.249509	0.24591	0.253133	0.259662	0.271767	0.276102	0.282552	0.296159	0.271131	0.268757	0.260756	0.246814	0.251307	0.251555	0.237239	0.26104	0.262673	0.260713	0.251897	0.256769	0.268309	0.268669	0.266809	0.259455	0.256109	0.240026	0.265213	0.251156	0.238549	0.251788	0.215523	0.167719	0.209968	0.192746	0.174479	0.156289	0.153864	0.171473	0.16601	0.151191	0.166435	0.186003	0.190642	0.188363	0.183754	0.183355	0.138251	0.149057	0.146903	0.171788	0.164997	0.169431	0.133349	0.140842	0.143149	0.13538	0.144538	0.143309	0.139491	0.11981	0.113497	0.260774	0.263048	0.220255	0.232028	0.210953	0.194901	0.198505	0.121289	0.137806	0.184797	0.193403	0.131244	0.126655	0.167174	0.172588	0.156507	0.222325	0.199744	0.191621	0.195512	0.145066	0.138409	0.153654	0.156769	0.160546	0.19503	0.18002	0.19572	0.204296	0.194625	0.182041	0.221562	0.194735	0.21004	0.301296	0.283938	0.306287	0.289449	0.24427	0.247085	0.181893	0.18285	0.300626	0.324413	0.150736	0.162614	0.147588	0.147597	0.159005	0.159009	0.160236	0.155463	0.154259	0.14565	0.142722	0.175213	0.173227	0.268774	0.16376	0.168966	0.141626	0.206681	0.208291	0.213629	0.213534	0.14348	0.164085	0.16703	0.128792	0.136073	0.132542	0.132883	0.253236	0.305161	0.313822	0.299979	0.337903	0.313829	0.322474	0.325062	0.310149	0.306155	0.268824	0.271192	0.272271	0.279751	0.27156	0.26027	0.207459	0.200732	0.249746	0.25196	0.248534	0.247429	0.313445	0.314922	0.263708	0.272262	0.272531	0.167352	0.179787	0.16986	0.122941	0.178588	0.179419	0.156672	0.173109	0.171427	0.161528	0.218135	0.234319	0.185785	0.157337	0.184651	0.174208	0.179647	0.184651	0.174583	0.158488	0.175315	0.159152	0.110881	0.215433	0.204298	0.225778	0.130566	0.137433	0.15346	0.145401	0.143169	0.170307	0.174839	0.13239	0.0915736	0.0887484	0.0965142	0.0965539	0.097262	0.110159	0	0.250756	0.276157	0.276746	0.269586	0.275687	0.270952	0.298055	0.336112	0.276253	0.292547	0.284611	0.316018
Calyptomena_viridis	0.227835	0.259314	0.263583	0.311057	0.283443	0.266345	0.292385	0.290147	0.250914	0.281236	0.293451	0.272565	0.288706	0.279087	0.284771	0.280049	0.265283	0.269645	0.2863	0.306177	0.278843	0.289927	0.284087	0.281777	0.30018	0.29937	0.293483	0.273336	0.276095	0.286965	0.278876	0.265194	0.306986	0.295533	0.305606	0.298854	0.299924	0.301248	0.295784	0.285027	0.297655	0.303617	0.278474	0.271372	0.274694	0.276766	0.261229	0.266541	0.263203	0.260352	0.267571	0.262074	0.260625	0.262625	0.261188	0.27162	0.267392	0.265887	0.274167	0.30825	0.306547	0.284995	0.28475	0.260653	0.264114	0.268675	0.26149	0.292112	0.293766	0.26475	0.29221	0.276782	0.2665	0.266581	0.27602	0.272853	0.289891	0.302845	0.294273	0.28315	0.259277	0.27146	0.262251	0.275964	0.258164	0.286393	0.27503	0.272486	0.277026	0.277617	0.272385	0.277027	0.275079	0.273087	0.263085	0.249521	0.256825	0.266827	0.257713	0.285883	0.257669	0.281962	0.260613	0.253345	0.228514	0.235874	0.241687	0.247701	0.247696	0.247775	0.258428	0.234645	0.261583	0.245152	0.259941	0.242046	0.238447	0.24567	0.252198	0.264304	0.268639	0.275089	0.288696	0.263667	0.261293	0.253292	0.239351	0.243843	0.244091	0.229776	0.253576	0.255209	0.253249	0.244434	0.249306	0.260845	0.261205	0.259346	0.251991	0.248646	0.232563	0.25775	0.243692	0.231085	0.244324	0.20806	0.286888	0.329137	0.311915	0.293648	0.275458	0.273032	0.290642	0.285179	0.27036	0.285603	0.305172	0.30981	0.307532	0.302923	0.302524	0.25742	0.268226	0.266072	0.290956	0.284166	0.2886	0.252518	0.26001	0.262318	0.254549	0.263707	0.262477	0.25866	0.238979	0.232666	0.379943	0.382217	0.339424	0.351197	0.330121	0.31407	0.317673	0.240458	0.256975	0.303966	0.312572	0.250413	0.245824	0.286343	0.291757	0.275676	0.341493	0.318913	0.31079	0.314681	0.264235	0.257578	0.272823	0.275938	0.279715	0.314198	0.299188	0.314889	0.323465	0.313794	0.30121	0.340731	0.313904	0.329209	0.420465	0.403106	0.425456	0.408618	0.363438	0.366253	0.301061	0.302019	0.419795	0.443582	0.269905	0.281783	0.266756	0.266766	0.278174	0.278178	0.279404	0.274632	0.273428	0.264819	0.261891	0.294382	0.292396	0.387943	0.282929	0.288135	0.260795	0.32585	0.327459	0.332798	0.332703	0.262649	0.283254	0.286199	0.247961	0.255242	0.251711	0.252051	0.372405	0.42433	0.432991	0.419148	0.457072	0.432998	0.441642	0.444231	0.429318	0.425324	0.387993	0.39036	0.39144	0.398919	0.390728	0.379438	0.326628	0.319901	0.368915	0.371129	0.367702	0.366598	0.432614	0.434091	0.382877	0.391431	0.3917	0.286521	0.298956	0.289029	0.24211	0.297756	0.298588	0.275841	0.292277	0.290596	0.280697	0.337304	0.353488	0.304954	0.276506	0.30382	0.293377	0.298816	0.30382	0.293752	0.277657	0.294484	0.278321	0.23005	0.334601	0.323467	0.344947	0.249734	0.256602	0.272629	0.26457	0.262338	0.289476	0.294008	0.251559	0.220915	0.21809	0.225855	0.225895	0.226603	0.2395	0.250756	0	0.114704	0.133286	0.126126	0.144482	0.139747	0.240934	0.278991	0.219133	0.235426	0.227491	0.258897
Smithornis_capensis	0.253236	0.284715	0.288984	0.336458	0.308844	0.291746	0.317786	0.315548	0.276315	0.306637	0.318852	0.297966	0.314107	0.304488	0.310172	0.30545	0.290685	0.295047	0.311702	0.331578	0.304244	0.315329	0.309488	0.307178	0.325581	0.324771	0.318884	0.298737	0.301496	0.312366	0.304277	0.290596	0.332387	0.320934	0.331007	0.324255	0.325325	0.326649	0.321186	0.310428	0.323056	0.329018	0.303876	0.296773	0.300095	0.302167	0.28663	0.291942	0.288604	0.285753	0.292973	0.287475	0.286027	0.288026	0.286589	0.297021	0.292794	0.291288	0.299568	0.333651	0.331948	0.310396	0.310151	0.286054	0.289515	0.294076	0.286891	0.317513	0.319167	0.290151	0.317611	0.302183	0.291901	0.291982	0.301421	0.298254	0.315292	0.328246	0.319674	0.308552	0.284678	0.296861	0.287652	0.301366	0.283565	0.311794	0.300431	0.297887	0.302427	0.303019	0.297786	0.302428	0.300481	0.298489	0.288486	0.274922	0.282226	0.292228	0.283114	0.311284	0.28307	0.307363	0.286014	0.278746	0.253915	0.261275	0.267088	0.273102	0.273097	0.273176	0.283829	0.260046	0.286984	0.270553	0.285342	0.267447	0.263848	0.271071	0.277599	0.289705	0.29404	0.30049	0.314097	0.289069	0.286695	0.278693	0.264752	0.269245	0.269492	0.255177	0.278978	0.280611	0.27865	0.269835	0.274707	0.286246	0.286606	0.284747	0.277392	0.274047	0.257964	0.283151	0.269094	0.256487	0.269725	0.233461	0.312289	0.354538	0.337316	0.319049	0.300859	0.298433	0.316043	0.31058	0.295761	0.311004	0.330573	0.335212	0.332933	0.328324	0.327925	0.282821	0.293627	0.291473	0.316358	0.309567	0.314001	0.277919	0.285411	0.287719	0.27995	0.289108	0.287878	0.284061	0.26438	0.258067	0.405344	0.407618	0.364825	0.376598	0.355522	0.339471	0.343074	0.265859	0.282376	0.329367	0.337973	0.275814	0.271225	0.311744	0.317158	0.301077	0.366895	0.344314	0.336191	0.340082	0.289636	0.282979	0.298224	0.301339	0.305116	0.339599	0.32459	0.34029	0.348866	0.339195	0.326611	0.366132	0.339305	0.35461	0.445866	0.428508	0.450857	0.434019	0.388839	0.391655	0.326463	0.32742	0.445196	0.468983	0.295306	0.307184	0.292157	0.292167	0.303575	0.303579	0.304806	0.300033	0.298829	0.29022	0.287292	0.319783	0.317797	0.413344	0.30833	0.313536	0.286196	0.351251	0.352861	0.358199	0.358104	0.28805	0.308655	0.3116	0.273362	0.280643	0.277112	0.277452	0.397806	0.449731	0.458392	0.444549	0.482473	0.458399	0.467043	0.469632	0.454719	0.450725	0.413394	0.415761	0.416841	0.424321	0.41613	0.40484	0.352029	0.345302	0.394316	0.39653	0.393104	0.391999	0.458015	0.459492	0.408278	0.416832	0.417101	0.311922	0.324357	0.31443	0.267511	0.323158	0.323989	0.301242	0.317679	0.315997	0.306098	0.362705	0.378889	0.330355	0.301907	0.329221	0.318778	0.324217	0.329221	0.319153	0.303058	0.319885	0.303722	0.255451	0.360003	0.348868	0.370348	0.275135	0.282003	0.29803	0.289971	0.287739	0.314877	0.319409	0.27696	0.246316	0.243491	0.251256	0.251296	0.252004	0.264901	0.276157	0.114704	0	0.158687	0.151527	0.169883	0.165148	0.266335	0.304392	0.244534	0.260827	0.252892	0.284298
Pitta_sordida	0.253825	0.285304	0.289573	0.337047	0.309434	0.292335	0.318376	0.316137	0.276904	0.307227	0.319441	0.298555	0.314696	0.305078	0.310762	0.306039	0.291274	0.295636	0.312291	0.332167	0.304834	0.315918	0.310078	0.307767	0.32617	0.325361	0.319474	0.299327	0.302085	0.312955	0.304866	0.291185	0.332976	0.321523	0.331596	0.324845	0.325914	0.327239	0.321775	0.311017	0.323645	0.329608	0.304465	0.297362	0.300684	0.302756	0.287219	0.292532	0.289193	0.286342	0.293562	0.288065	0.286616	0.288616	0.287178	0.29761	0.293383	0.291877	0.300157	0.33424	0.332537	0.310985	0.310741	0.286643	0.290105	0.294666	0.28748	0.318103	0.319756	0.29074	0.3182	0.302773	0.29249	0.292571	0.302011	0.298844	0.315882	0.328836	0.320263	0.309141	0.285267	0.297451	0.288241	0.301955	0.284155	0.312384	0.30102	0.298476	0.303016	0.303608	0.298375	0.303017	0.30107	0.299078	0.289075	0.275511	0.282815	0.292818	0.283703	0.311873	0.283659	0.307953	0.286604	0.279335	0.254504	0.261864	0.267677	0.273691	0.273687	0.273765	0.284418	0.260635	0.287573	0.271142	0.285931	0.268036	0.264437	0.27166	0.278189	0.290294	0.294629	0.301079	0.314686	0.289658	0.287284	0.279283	0.265341	0.269834	0.270082	0.255766	0.279567	0.2812	0.27924	0.270424	0.275297	0.286836	0.287196	0.285336	0.277982	0.274636	0.258553	0.28374	0.269683	0.257076	0.270315	0.23405	0.312878	0.355128	0.337905	0.319638	0.301448	0.299023	0.316632	0.311169	0.29635	0.311594	0.331162	0.335801	0.333522	0.328913	0.328514	0.28341	0.294216	0.292062	0.316947	0.310156	0.31459	0.278509	0.286001	0.288308	0.28054	0.289698	0.288468	0.28465	0.264969	0.258656	0.405934	0.408207	0.365414	0.377187	0.356112	0.34006	0.343664	0.266448	0.282965	0.329956	0.338562	0.276403	0.271814	0.312333	0.317747	0.301666	0.367484	0.344904	0.336781	0.340672	0.290225	0.283568	0.298813	0.301928	0.305705	0.340189	0.325179	0.340879	0.349455	0.339784	0.327201	0.366722	0.339894	0.355199	0.446455	0.429097	0.451446	0.434608	0.389429	0.392244	0.327052	0.328009	0.445785	0.469572	0.295895	0.307773	0.292747	0.292756	0.304165	0.304169	0.305395	0.300623	0.299418	0.290809	0.287881	0.320372	0.318387	0.413933	0.308919	0.314126	0.286786	0.35184	0.35345	0.358788	0.358694	0.288639	0.309245	0.312189	0.273951	0.281232	0.277702	0.278042	0.398396	0.45032	0.458981	0.445138	0.483062	0.458988	0.467633	0.470221	0.455309	0.451314	0.413984	0.416351	0.41743	0.42491	0.416719	0.405429	0.352618	0.345891	0.394905	0.397119	0.393693	0.392589	0.458605	0.460081	0.408867	0.417421	0.41769	0.312511	0.324946	0.315019	0.2681	0.323747	0.324579	0.301831	0.318268	0.316587	0.306687	0.363294	0.379478	0.330944	0.302496	0.32981	0.319367	0.324806	0.32981	0.319742	0.303647	0.320474	0.304311	0.25604	0.360592	0.349457	0.370937	0.275725	0.282593	0.298619	0.290561	0.288329	0.315466	0.319998	0.277549	0.246905	0.24408	0.251846	0.251885	0.252593	0.26549	0.276746	0.133286	0.158687	0	0.14535	0.170472	0.165738	0.266925	0.304981	0.245123	0.261417	0.253481	0.284888
Sapayoa_aenigma	0.246665	0.278144	0.282413	0.329887	0.302273	0.285175	0.311215	0.308977	0.269744	0.300066	0.312281	0.291395	0.307536	0.297917	0.303601	0.298879	0.284114	0.288475	0.30513	0.325007	0.297673	0.308757	0.302917	0.300607	0.31901	0.3182	0.312313	0.292166	0.294925	0.305795	0.297706	0.284024	0.325816	0.314363	0.324436	0.317684	0.318754	0.320078	0.314615	0.303857	0.316485	0.322447	0.297304	0.290202	0.293524	0.295596	0.280059	0.285371	0.282033	0.279182	0.286402	0.280904	0.279455	0.281455	0.280018	0.29045	0.286222	0.284717	0.292997	0.32708	0.325377	0.303825	0.30358	0.279483	0.282944	0.287505	0.28032	0.310942	0.312596	0.28358	0.31104	0.295612	0.28533	0.285411	0.29485	0.291683	0.308721	0.321675	0.313103	0.301981	0.278107	0.29029	0.281081	0.294794	0.276994	0.305223	0.29386	0.291316	0.295856	0.296447	0.291215	0.295857	0.293909	0.291917	0.281915	0.268351	0.275655	0.285657	0.276543	0.304713	0.276499	0.300792	0.279443	0.272175	0.247344	0.254704	0.260517	0.266531	0.266526	0.266605	0.277258	0.253475	0.280413	0.263982	0.278771	0.260876	0.257277	0.2645	0.271028	0.283134	0.287469	0.293919	0.307526	0.282498	0.280123	0.272122	0.258181	0.262674	0.262921	0.248606	0.272406	0.27404	0.272079	0.263264	0.268136	0.279675	0.280035	0.278176	0.270821	0.267476	0.251393	0.27658	0.262523	0.249915	0.263154	0.22689	0.305718	0.347967	0.330745	0.312478	0.294288	0.291862	0.309472	0.304009	0.28919	0.304433	0.324002	0.328641	0.326362	0.321753	0.321354	0.27625	0.287056	0.284902	0.309786	0.302996	0.30743	0.271348	0.27884	0.281148	0.273379	0.282537	0.281307	0.27749	0.257809	0.251496	0.398773	0.401047	0.358254	0.370027	0.348951	0.3329	0.336503	0.259288	0.275805	0.322796	0.331402	0.269243	0.264654	0.305173	0.310587	0.294506	0.360323	0.337743	0.32962	0.333511	0.283065	0.276408	0.291653	0.294768	0.298545	0.333028	0.318018	0.333719	0.342295	0.332624	0.32004	0.359561	0.332734	0.348039	0.439295	0.421937	0.444286	0.427448	0.382268	0.385083	0.319892	0.320849	0.438625	0.462412	0.288735	0.300613	0.285586	0.285596	0.297004	0.297008	0.298235	0.293462	0.292258	0.283649	0.280721	0.313212	0.311226	0.406773	0.301759	0.306965	0.279625	0.34468	0.346289	0.351628	0.351533	0.281479	0.302084	0.305029	0.266791	0.274072	0.270541	0.270881	0.391235	0.44316	0.451821	0.437978	0.475902	0.451828	0.460472	0.463061	0.448148	0.444154	0.406823	0.40919	0.41027	0.41775	0.409559	0.398268	0.345458	0.338731	0.387745	0.389959	0.386532	0.385428	0.451444	0.452921	0.401707	0.410261	0.41053	0.305351	0.317786	0.307859	0.26094	0.316587	0.317418	0.294671	0.311108	0.309426	0.299527	0.356134	0.372318	0.323784	0.295336	0.32265	0.312207	0.317646	0.32265	0.312582	0.296487	0.313314	0.297151	0.24888	0.353432	0.342297	0.363777	0.268564	0.275432	0.291459	0.2834	0.281168	0.308306	0.312838	0.270389	0.239745	0.23692	0.244685	0.244725	0.245433	0.25833	0.269586	0.126126	0.151527	0.14535	0	0.163312	0.158577	0.259764	0.297821	0.237963	0.254256	0.246321	0.277727
Neodrepanis_coruscans	0.252766	0.284245	0.288514	0.335988	0.308374	0.291276	0.317316	0.315078	0.275845	0.306167	0.318381	0.297496	0.313637	0.304018	0.309702	0.304979	0.290214	0.294576	0.311231	0.331107	0.303774	0.314858	0.309018	0.306707	0.32511	0.324301	0.318414	0.298267	0.301025	0.311895	0.303806	0.290125	0.331916	0.320463	0.330537	0.323785	0.324855	0.326179	0.320715	0.309957	0.322586	0.328548	0.303405	0.296302	0.299624	0.301697	0.286159	0.291472	0.288133	0.285283	0.292502	0.287005	0.285556	0.287556	0.286118	0.296551	0.292323	0.290818	0.299097	0.333181	0.331478	0.309925	0.309681	0.285584	0.289045	0.293606	0.286421	0.317043	0.318697	0.289681	0.317141	0.301713	0.29143	0.291511	0.300951	0.297784	0.314822	0.327776	0.319203	0.308081	0.284208	0.296391	0.287181	0.300895	0.283095	0.311324	0.29996	0.297417	0.301957	0.302548	0.297315	0.301958	0.30001	0.298018	0.288015	0.274451	0.281755	0.291758	0.282644	0.310813	0.2826	0.306893	0.285544	0.278275	0.253445	0.260804	0.266618	0.272632	0.272627	0.272705	0.283359	0.259576	0.286513	0.270083	0.284871	0.266976	0.263377	0.270601	0.277129	0.289235	0.29357	0.300019	0.313627	0.288598	0.286224	0.278223	0.264281	0.268774	0.269022	0.254706	0.278507	0.28014	0.27818	0.269365	0.274237	0.285776	0.286136	0.284276	0.276922	0.273576	0.257494	0.282681	0.268623	0.256016	0.269255	0.23299	0.311819	0.354068	0.336846	0.318579	0.300388	0.297963	0.315572	0.310109	0.29529	0.310534	0.330102	0.334741	0.332462	0.327853	0.327455	0.28235	0.293156	0.291002	0.315887	0.309097	0.313531	0.277449	0.284941	0.287248	0.27948	0.288638	0.287408	0.28359	0.26391	0.257596	0.404874	0.407148	0.364354	0.376127	0.355052	0.339001	0.342604	0.265388	0.281905	0.328896	0.337502	0.275343	0.270755	0.311273	0.316687	0.300606	0.366424	0.343844	0.335721	0.339612	0.289165	0.282508	0.297754	0.300869	0.304645	0.339129	0.324119	0.33982	0.348396	0.338724	0.326141	0.365662	0.338835	0.354139	0.445395	0.428037	0.450387	0.433549	0.388369	0.391184	0.325992	0.326949	0.444725	0.468513	0.294836	0.306713	0.291687	0.291697	0.303105	0.303109	0.304335	0.299563	0.298358	0.28975	0.286821	0.319312	0.317327	0.412874	0.307859	0.313066	0.285726	0.35078	0.35239	0.357729	0.357634	0.28758	0.308185	0.31113	0.272891	0.280173	0.276642	0.276982	0.397336	0.449261	0.457922	0.444079	0.482002	0.457929	0.466573	0.469162	0.454249	0.450254	0.412924	0.415291	0.41637	0.42385	0.415659	0.404369	0.351558	0.344831	0.393846	0.396059	0.392633	0.391529	0.457545	0.459022	0.407807	0.416362	0.416631	0.311451	0.323887	0.31396	0.267041	0.322687	0.323519	0.300771	0.317208	0.315527	0.305627	0.362234	0.378418	0.329885	0.301436	0.32875	0.318308	0.323747	0.32875	0.318682	0.302588	0.319414	0.303251	0.254981	0.359532	0.348398	0.369878	0.274665	0.281533	0.297559	0.289501	0.287269	0.314406	0.318939	0.276489	0.245845	0.24302	0.250786	0.250826	0.251534	0.264431	0.275687	0.144482	0.169883	0.170472	0.163312	0	0.0917638	0.265865	0.303922	0.244063	0.260357	0.252421	0.283828
Serilophus_lunatus	0.248031	0.27951	0.283779	0.331253	0.30364	0.286541	0.312581	0.310343	0.27111	0.301432	0.313647	0.292761	0.308902	0.299283	0.304967	0.300245	0.28548	0.289842	0.306497	0.326373	0.29904	0.310124	0.304284	0.301973	0.320376	0.319566	0.313679	0.293533	0.296291	0.307161	0.299072	0.285391	0.327182	0.315729	0.325802	0.31905	0.32012	0.321444	0.315981	0.305223	0.317851	0.323814	0.298671	0.291568	0.29489	0.296962	0.281425	0.286738	0.283399	0.280548	0.287768	0.28227	0.280822	0.282821	0.281384	0.291816	0.287589	0.286083	0.294363	0.328446	0.326743	0.305191	0.304947	0.280849	0.284311	0.288871	0.281686	0.312309	0.313962	0.284946	0.312406	0.296978	0.286696	0.286777	0.296217	0.293049	0.310087	0.323041	0.314469	0.303347	0.279473	0.291657	0.282447	0.296161	0.27836	0.306589	0.295226	0.292682	0.297222	0.297814	0.292581	0.297223	0.295276	0.293284	0.283281	0.269717	0.277021	0.287024	0.277909	0.306079	0.277865	0.302159	0.280809	0.273541	0.24871	0.25607	0.261883	0.267897	0.267892	0.267971	0.278624	0.254841	0.281779	0.265348	0.280137	0.262242	0.258643	0.265866	0.272395	0.2845	0.288835	0.295285	0.308892	0.283864	0.28149	0.273488	0.259547	0.26404	0.264287	0.249972	0.273773	0.275406	0.273445	0.26463	0.269502	0.281041	0.281401	0.279542	0.272188	0.268842	0.252759	0.277946	0.263889	0.251282	0.264521	0.228256	0.307084	0.349333	0.332111	0.313844	0.295654	0.293229	0.310838	0.305375	0.290556	0.3058	0.325368	0.330007	0.327728	0.323119	0.32272	0.277616	0.288422	0.286268	0.311153	0.304362	0.308796	0.272714	0.280207	0.282514	0.274746	0.283903	0.282674	0.278856	0.259175	0.252862	0.400139	0.402413	0.35962	0.371393	0.350318	0.334266	0.33787	0.260654	0.277171	0.324162	0.332768	0.270609	0.26602	0.306539	0.311953	0.295872	0.36169	0.339109	0.330986	0.334877	0.284431	0.277774	0.293019	0.296134	0.299911	0.334395	0.319385	0.335085	0.343661	0.33399	0.321407	0.360927	0.3341	0.349405	0.440661	0.423303	0.445652	0.428814	0.383635	0.38645	0.321258	0.322215	0.439991	0.463778	0.290101	0.301979	0.286953	0.286962	0.29837	0.298374	0.299601	0.294829	0.293624	0.285015	0.282087	0.314578	0.312593	0.408139	0.303125	0.308331	0.280991	0.346046	0.347656	0.352994	0.352899	0.282845	0.30345	0.306395	0.268157	0.275438	0.271908	0.272248	0.392601	0.444526	0.453187	0.439344	0.477268	0.453194	0.461839	0.464427	0.449514	0.44552	0.408189	0.410557	0.411636	0.419116	0.410925	0.399635	0.346824	0.340097	0.389111	0.391325	0.387899	0.386794	0.45281	0.454287	0.403073	0.411627	0.411896	0.306717	0.319152	0.309225	0.262306	0.317953	0.318784	0.296037	0.312474	0.310792	0.300893	0.3575	0.373684	0.32515	0.296702	0.324016	0.313573	0.319012	0.324016	0.313948	0.297853	0.31468	0.298517	0.250246	0.354798	0.343663	0.365143	0.269931	0.276799	0.292825	0.284766	0.282535	0.309672	0.314204	0.271755	0.241111	0.238286	0.246052	0.246091	0.246799	0.259696	0.270952	0.139747	0.165148	0.165738	0.158577	0.0917638	0	0.261131	0.299187	0.239329	0.255622	0.247687	0.279094
Formicarius_rufipectus	0.275134	0.306613	0.310882	0.358356	0.330742	0.313644	0.339684	0.337446	0.298213	0.328535	0.34075	0.319864	0.336005	0.326386	0.33207	0.327347	0.312582	0.316944	0.333599	0.353475	0.326142	0.337226	0.331386	0.329075	0.347478	0.346669	0.340782	0.320635	0.323394	0.334263	0.326174	0.312493	0.354284	0.342832	0.352905	0.346153	0.347223	0.348547	0.343083	0.332325	0.344954	0.350916	0.325773	0.31867	0.321993	0.324065	0.308528	0.31384	0.310501	0.307651	0.31487	0.309373	0.307924	0.309924	0.308486	0.318919	0.314691	0.313186	0.321466	0.355549	0.353846	0.332293	0.332049	0.307952	0.311413	0.315974	0.308789	0.339411	0.341065	0.312049	0.339509	0.324081	0.313799	0.31388	0.323319	0.320152	0.33719	0.350144	0.341571	0.330449	0.306576	0.318759	0.309549	0.323263	0.305463	0.333692	0.322328	0.319785	0.324325	0.324916	0.319684	0.324326	0.322378	0.320386	0.310383	0.296819	0.304123	0.314126	0.305012	0.333182	0.304968	0.329261	0.307912	0.300644	0.275813	0.283172	0.288986	0.295	0.294995	0.295074	0.305727	0.281944	0.308881	0.292451	0.307239	0.289344	0.285746	0.292969	0.299497	0.311603	0.315938	0.322388	0.335995	0.310966	0.308592	0.300591	0.286649	0.291142	0.29139	0.277074	0.300875	0.302508	0.300548	0.291733	0.296605	0.308144	0.308504	0.306644	0.29929	0.295944	0.279862	0.305049	0.290991	0.278384	0.291623	0.255358	0.334187	0.376436	0.359214	0.340947	0.322756	0.320331	0.337941	0.332478	0.317659	0.332902	0.35247	0.357109	0.354831	0.350222	0.349823	0.304718	0.315524	0.313371	0.338255	0.331465	0.335899	0.299817	0.307309	0.309617	0.301848	0.311006	0.309776	0.305958	0.286278	0.279965	0.427242	0.429516	0.386723	0.398495	0.37742	0.361369	0.364972	0.287756	0.304274	0.351264	0.35987	0.297712	0.293123	0.333641	0.339055	0.322974	0.388792	0.366212	0.358089	0.36198	0.311534	0.304876	0.320122	0.323237	0.327013	0.361497	0.346487	0.362188	0.370764	0.361093	0.348509	0.38803	0.361203	0.376507	0.467763	0.450405	0.472755	0.455917	0.410737	0.413552	0.34836	0.349317	0.467093	0.490881	0.317204	0.329081	0.314055	0.314065	0.325473	0.325477	0.326703	0.321931	0.320727	0.312118	0.309189	0.341681	0.339695	0.435242	0.330228	0.335434	0.308094	0.373148	0.374758	0.380097	0.380002	0.309948	0.330553	0.333498	0.29526	0.302541	0.29901	0.29935	0.419704	0.471629	0.48029	0.466447	0.50437	0.480297	0.488941	0.49153	0.476617	0.472623	0.435292	0.437659	0.438738	0.446218	0.438027	0.426737	0.373927	0.367199	0.416214	0.418427	0.415001	0.413897	0.479913	0.48139	0.430176	0.43873	0.438999	0.33382	0.346255	0.336328	0.289409	0.345055	0.345887	0.32314	0.339576	0.337895	0.327996	0.384602	0.400787	0.352253	0.323805	0.351118	0.340676	0.346115	0.351118	0.341051	0.324956	0.341782	0.32562	0.277349	0.3819	0.370766	0.392246	0.297033	0.303901	0.319927	0.311869	0.309637	0.336774	0.341307	0.298857	0.268213	0.265388	0.273154	0.273194	0.273902	0.286799	0.298055	0.240934	0.266335	0.266925	0.259764	0.265865	0.261131	0	0.216451	0.171533	0.20427	0.196334	0.227741
Grallaria_varia	0.313191	0.344669	0.348938	0.396413	0.368799	0.351701	0.377741	0.375503	0.336269	0.366592	0.378806	0.35792	0.374062	0.364443	0.370127	0.365404	0.350639	0.355001	0.371656	0.391532	0.364199	0.375283	0.369443	0.367132	0.385535	0.384726	0.378839	0.358692	0.36145	0.37232	0.364231	0.35055	0.392341	0.380888	0.390962	0.38421	0.385279	0.386604	0.38114	0.370382	0.38301	0.388973	0.36383	0.356727	0.360049	0.362122	0.346584	0.351897	0.348558	0.345707	0.352927	0.34743	0.345981	0.347981	0.346543	0.356975	0.352748	0.351242	0.359522	0.393606	0.391903	0.37035	0.370106	0.346009	0.34947	0.354031	0.346846	0.377468	0.379121	0.350105	0.377565	0.362138	0.351855	0.351936	0.361376	0.358209	0.375247	0.388201	0.379628	0.368506	0.344632	0.356816	0.347606	0.36132	0.34352	0.371749	0.360385	0.357842	0.362382	0.362973	0.35774	0.362383	0.360435	0.358443	0.34844	0.334876	0.34218	0.352183	0.343068	0.371238	0.343024	0.367318	0.345969	0.3387	0.313869	0.321229	0.327043	0.333057	0.333052	0.33313	0.343784	0.32	0.346938	0.330508	0.345296	0.327401	0.323802	0.331026	0.337554	0.349659	0.353994	0.360444	0.374052	0.349023	0.346649	0.338648	0.324706	0.329199	0.329447	0.315131	0.338932	0.340565	0.338605	0.32979	0.334662	0.346201	0.346561	0.344701	0.337347	0.334001	0.317919	0.343106	0.329048	0.316441	0.32968	0.293415	0.372243	0.414493	0.397271	0.379004	0.360813	0.358388	0.375997	0.370534	0.355715	0.370959	0.390527	0.395166	0.392887	0.388278	0.38788	0.342775	0.353581	0.351427	0.376312	0.369521	0.373955	0.337874	0.345366	0.347673	0.339905	0.349063	0.347833	0.344015	0.324335	0.318021	0.465299	0.467572	0.424779	0.436552	0.415477	0.399426	0.403029	0.325813	0.34233	0.389321	0.397927	0.335768	0.331179	0.371698	0.377112	0.361031	0.426849	0.404269	0.396146	0.400037	0.34959	0.342933	0.358179	0.361294	0.36507	0.399554	0.384544	0.400245	0.40882	0.399149	0.386566	0.426087	0.399259	0.414564	0.50582	0.488462	0.510812	0.493973	0.448794	0.451609	0.386417	0.387374	0.50515	0.528938	0.35526	0.367138	0.352112	0.352122	0.36353	0.363534	0.36476	0.359988	0.358783	0.350174	0.347246	0.379737	0.377752	0.473299	0.368284	0.373491	0.346151	0.411205	0.412815	0.418154	0.418059	0.348004	0.36861	0.371554	0.333316	0.340597	0.337067	0.337407	0.457761	0.509685	0.518346	0.504503	0.542427	0.518354	0.526998	0.529586	0.514674	0.510679	0.473349	0.475716	0.476795	0.484275	0.476084	0.464794	0.411983	0.405256	0.45427	0.456484	0.453058	0.451954	0.51797	0.519446	0.468232	0.476787	0.477056	0.371876	0.384312	0.374384	0.327466	0.383112	0.383944	0.361196	0.377633	0.375952	0.366052	0.422659	0.438843	0.390309	0.361861	0.389175	0.378732	0.384171	0.389175	0.379107	0.363013	0.379839	0.363676	0.315406	0.419957	0.408823	0.430302	0.33509	0.341958	0.357984	0.349926	0.347694	0.374831	0.379363	0.336914	0.30627	0.303445	0.311211	0.311251	0.311959	0.324855	0.336112	0.278991	0.304392	0.304981	0.297821	0.303922	0.299187	0.216451	0	0.20959	0.242327	0.234391	0.265798
Scytalopus_superciliaris	0.253332	0.284811	0.28908	0.336554	0.30894	0.291842	0.317882	0.315644	0.276411	0.306733	0.318948	0.298062	0.314203	0.304584	0.310268	0.305546	0.290781	0.295143	0.311798	0.331674	0.30434	0.315425	0.309585	0.307274	0.325677	0.324867	0.31898	0.298834	0.301592	0.312462	0.304373	0.290692	0.332483	0.32103	0.331103	0.324351	0.325421	0.326745	0.321282	0.310524	0.323152	0.329114	0.303972	0.296869	0.300191	0.302263	0.286726	0.292038	0.2887	0.285849	0.293069	0.287571	0.286123	0.288122	0.286685	0.297117	0.29289	0.291384	0.299664	0.333747	0.332044	0.310492	0.310247	0.28615	0.289611	0.294172	0.286987	0.317609	0.319263	0.290247	0.317707	0.302279	0.291997	0.292078	0.301517	0.29835	0.315388	0.328342	0.31977	0.308648	0.284774	0.296957	0.287748	0.301462	0.283661	0.31189	0.300527	0.297983	0.302523	0.303115	0.297882	0.302524	0.300577	0.298585	0.288582	0.275018	0.282322	0.292324	0.28321	0.31138	0.283166	0.307459	0.28611	0.278842	0.254011	0.261371	0.267184	0.273198	0.273193	0.273272	0.283925	0.260142	0.28708	0.270649	0.285438	0.267543	0.263944	0.271167	0.277695	0.289801	0.294136	0.300586	0.314193	0.289165	0.286791	0.278789	0.264848	0.269341	0.269588	0.255273	0.279074	0.280707	0.278746	0.269931	0.274803	0.286342	0.286702	0.284843	0.277489	0.274143	0.25806	0.283247	0.26919	0.256583	0.269821	0.233557	0.312385	0.354634	0.337412	0.319145	0.300955	0.29853	0.316139	0.310676	0.295857	0.311101	0.330669	0.335308	0.333029	0.32842	0.328021	0.282917	0.293723	0.291569	0.316454	0.309663	0.314097	0.278015	0.285507	0.287815	0.280046	0.289204	0.287974	0.284157	0.264476	0.258163	0.40544	0.407714	0.364921	0.376694	0.355619	0.339567	0.34317	0.265955	0.282472	0.329463	0.338069	0.27591	0.271321	0.31184	0.317254	0.301173	0.366991	0.34441	0.336287	0.340178	0.289732	0.283075	0.29832	0.301435	0.305212	0.339695	0.324686	0.340386	0.348962	0.339291	0.326707	0.366228	0.339401	0.354706	0.445962	0.428604	0.450953	0.434115	0.388935	0.391751	0.326559	0.327516	0.445292	0.469079	0.295402	0.30728	0.292253	0.292263	0.303671	0.303675	0.304902	0.300129	0.298925	0.290316	0.287388	0.319879	0.317893	0.41344	0.308426	0.313632	0.286292	0.351347	0.352957	0.358295	0.3582	0.288146	0.308751	0.311696	0.273458	0.280739	0.277208	0.277548	0.397902	0.449827	0.458488	0.444645	0.482569	0.458495	0.467139	0.469728	0.454815	0.450821	0.41349	0.415858	0.416937	0.424417	0.416226	0.404936	0.352125	0.345398	0.394412	0.396626	0.3932	0.392095	0.458111	0.459588	0.408374	0.416928	0.417197	0.312018	0.324453	0.314526	0.267607	0.323254	0.324085	0.301338	0.317775	0.316093	0.306194	0.362801	0.378985	0.330451	0.302003	0.329317	0.318874	0.324313	0.329317	0.319249	0.303154	0.319981	0.303818	0.255547	0.360099	0.348964	0.370444	0.275231	0.282099	0.298126	0.290067	0.287835	0.314973	0.319505	0.277056	0.246412	0.243587	0.251353	0.251392	0.2521	0.264997	0.276253	0.219133	0.244534	0.245123	0.237963	0.244063	0.239329	0.171533	0.20959	0	0.182468	0.174533	0.205939
Furnarius_figulus	0.269626	0.301105	0.305374	0.352848	0.325234	0.308136	0.334176	0.331938	0.292705	0.323027	0.335241	0.314356	0.330497	0.320878	0.326562	0.321839	0.307074	0.311436	0.328091	0.347967	0.320634	0.331718	0.325878	0.323567	0.34197	0.341161	0.335274	0.315127	0.317885	0.328755	0.320666	0.306985	0.348776	0.337323	0.347397	0.340645	0.341715	0.343039	0.337575	0.326817	0.339446	0.345408	0.320265	0.313162	0.316484	0.318557	0.303019	0.308332	0.304993	0.302143	0.309362	0.303865	0.302416	0.304416	0.302978	0.313411	0.309183	0.307678	0.315958	0.350041	0.348338	0.326785	0.326541	0.302444	0.305905	0.310466	0.303281	0.333903	0.335557	0.306541	0.334001	0.318573	0.30829	0.308371	0.317811	0.314644	0.331682	0.344636	0.336063	0.324941	0.301068	0.313251	0.304041	0.317755	0.299955	0.328184	0.31682	0.314277	0.318817	0.319408	0.314175	0.318818	0.31687	0.314878	0.304875	0.291311	0.298615	0.308618	0.299504	0.327673	0.29946	0.323753	0.302404	0.295135	0.270305	0.277664	0.283478	0.289492	0.289487	0.289565	0.300219	0.276436	0.303373	0.286943	0.301731	0.283836	0.280238	0.287461	0.293989	0.306095	0.31043	0.316879	0.330487	0.305458	0.303084	0.295083	0.281141	0.285634	0.285882	0.271566	0.295367	0.297	0.29504	0.286225	0.291097	0.302636	0.302996	0.301136	0.293782	0.290436	0.274354	0.299541	0.285483	0.272876	0.286115	0.24985	0.328679	0.370928	0.353706	0.335439	0.317248	0.314823	0.332432	0.326969	0.312151	0.327394	0.346962	0.351601	0.349322	0.344713	0.344315	0.29921	0.310016	0.307862	0.332747	0.325957	0.330391	0.294309	0.301801	0.304108	0.29634	0.305498	0.304268	0.30045	0.28077	0.274456	0.421734	0.424008	0.381214	0.392987	0.371912	0.355861	0.359464	0.282248	0.298765	0.345756	0.354362	0.292204	0.287615	0.328133	0.333547	0.317466	0.383284	0.360704	0.352581	0.356472	0.306025	0.299368	0.314614	0.317729	0.321505	0.355989	0.340979	0.35668	0.365256	0.355584	0.343001	0.382522	0.355695	0.370999	0.462255	0.444897	0.467247	0.450409	0.405229	0.408044	0.342852	0.343809	0.461585	0.485373	0.311696	0.323573	0.308547	0.308557	0.319965	0.319969	0.321195	0.316423	0.315218	0.30661	0.303681	0.336172	0.334187	0.429734	0.324719	0.329926	0.302586	0.36764	0.36925	0.374589	0.374494	0.30444	0.325045	0.32799	0.289751	0.297033	0.293502	0.293842	0.414196	0.466121	0.474782	0.460939	0.498862	0.474789	0.483433	0.486022	0.471109	0.467114	0.429784	0.432151	0.43323	0.44071	0.432519	0.421229	0.368418	0.361691	0.410706	0.412919	0.409493	0.408389	0.474405	0.475882	0.424667	0.433222	0.433491	0.328311	0.340747	0.33082	0.283901	0.339547	0.340379	0.317631	0.334068	0.332387	0.322487	0.379094	0.395278	0.346745	0.318296	0.34561	0.335168	0.340607	0.34561	0.335542	0.319448	0.336274	0.320111	0.271841	0.376392	0.365258	0.386738	0.291525	0.298393	0.314419	0.306361	0.304129	0.331266	0.335799	0.293349	0.262705	0.25988	0.267646	0.267686	0.268394	0.281291	0.292547	0.235426	0.260827	0.261417	0.254256	0.260357	0.255622	0.20427	0.242327	0.182468	0	0.12435	0.165012
Xiphorhynchus_elegans	0.26169	0.293169	0.297438	0.344912	0.317298	0.3002	0.32624	0.324002	0.284769	0.315091	0.327306	0.30642	0.322561	0.312942	0.318626	0.313904	0.299139	0.303501	0.320156	0.340032	0.312699	0.323783	0.317943	0.315632	0.334035	0.333225	0.327338	0.307192	0.30995	0.32082	0.312731	0.29905	0.340841	0.329388	0.339461	0.332709	0.333779	0.335103	0.32964	0.318882	0.33151	0.337472	0.31233	0.305227	0.308549	0.310621	0.295084	0.300397	0.297058	0.294207	0.301427	0.295929	0.294481	0.29648	0.295043	0.305475	0.301248	0.299742	0.308022	0.342105	0.340402	0.31885	0.318605	0.294508	0.297969	0.30253	0.295345	0.325967	0.327621	0.298605	0.326065	0.310637	0.300355	0.300436	0.309875	0.306708	0.323746	0.3367	0.328128	0.317006	0.293132	0.305316	0.296106	0.30982	0.292019	0.320248	0.308885	0.306341	0.310881	0.311473	0.30624	0.310882	0.308935	0.306943	0.29694	0.283376	0.29068	0.300683	0.291568	0.319738	0.291524	0.315817	0.294468	0.2872	0.262369	0.269729	0.275542	0.281556	0.281551	0.28163	0.292283	0.2685	0.295438	0.279007	0.293796	0.275901	0.272302	0.279525	0.286053	0.298159	0.302494	0.308944	0.322551	0.297523	0.295149	0.287147	0.273206	0.277699	0.277946	0.263631	0.287432	0.289065	0.287104	0.278289	0.283161	0.2947	0.29506	0.293201	0.285847	0.282501	0.266418	0.291605	0.277548	0.264941	0.27818	0.241915	0.320743	0.362992	0.34577	0.327503	0.309313	0.306888	0.324497	0.319034	0.304215	0.319459	0.339027	0.343666	0.341387	0.336778	0.336379	0.291275	0.302081	0.299927	0.324812	0.318021	0.322455	0.286373	0.293866	0.296173	0.288404	0.297562	0.296332	0.292515	0.272834	0.266521	0.413798	0.416072	0.373279	0.385052	0.363977	0.347925	0.351529	0.274313	0.29083	0.337821	0.346427	0.284268	0.279679	0.320198	0.325612	0.309531	0.375349	0.352768	0.344645	0.348536	0.29809	0.291433	0.306678	0.309793	0.31357	0.348054	0.333044	0.348744	0.35732	0.347649	0.335065	0.374586	0.347759	0.363064	0.45432	0.436962	0.459311	0.442473	0.397293	0.400109	0.334917	0.335874	0.45365	0.477437	0.30376	0.315638	0.300612	0.300621	0.312029	0.312033	0.31326	0.308487	0.307283	0.298674	0.295746	0.328237	0.326251	0.421798	0.316784	0.32199	0.29465	0.359705	0.361315	0.366653	0.366558	0.296504	0.317109	0.320054	0.281816	0.289097	0.285566	0.285906	0.40626	0.458185	0.466846	0.453003	0.490927	0.466853	0.475497	0.478086	0.463173	0.459179	0.421848	0.424216	0.425295	0.432775	0.424584	0.413294	0.360483	0.353756	0.40277	0.404984	0.401558	0.400453	0.466469	0.467946	0.416732	0.425286	0.425555	0.320376	0.332811	0.322884	0.275965	0.331612	0.332443	0.309696	0.326133	0.324451	0.314552	0.371159	0.387343	0.338809	0.310361	0.337675	0.327232	0.332671	0.337675	0.327607	0.311512	0.328339	0.312176	0.263905	0.368457	0.357322	0.378802	0.28359	0.290457	0.306484	0.298425	0.296193	0.323331	0.327863	0.285414	0.25477	0.251945	0.259711	0.25975	0.260458	0.273355	0.284611	0.227491	0.252892	0.253481	0.246321	0.252421	0.247687	0.196334	0.234391	0.174533	0.12435	0	0.157076
Sclerurus_mexicanus	0.293097	0.324576	0.328845	0.376319	0.348705	0.331607	0.357647	0.355409	0.316176	0.346498	0.358713	0.337827	0.353968	0.344349	0.350033	0.34531	0.330545	0.334907	0.351562	0.371438	0.344105	0.355189	0.349349	0.347038	0.365441	0.364632	0.358745	0.338598	0.341357	0.352226	0.344137	0.330456	0.372247	0.360795	0.370868	0.364116	0.365186	0.36651	0.361046	0.350288	0.362917	0.368879	0.343736	0.336633	0.339956	0.342028	0.326491	0.331803	0.328464	0.325614	0.332833	0.327336	0.325887	0.327887	0.326449	0.336882	0.332654	0.331149	0.339429	0.373512	0.371809	0.350256	0.350012	0.325915	0.329376	0.333937	0.326752	0.357374	0.359028	0.330012	0.357472	0.342044	0.331762	0.331843	0.341282	0.338115	0.355153	0.368107	0.359534	0.348412	0.324539	0.336722	0.327512	0.341226	0.323426	0.351655	0.340291	0.337748	0.342288	0.342879	0.337647	0.342289	0.340341	0.338349	0.328346	0.314782	0.322086	0.332089	0.322975	0.351145	0.322931	0.347224	0.325875	0.318607	0.293776	0.301135	0.306949	0.312963	0.312958	0.313037	0.32369	0.299907	0.326844	0.310414	0.325202	0.307307	0.303709	0.310932	0.31746	0.329566	0.333901	0.340351	0.353958	0.328929	0.326555	0.318554	0.304612	0.309105	0.309353	0.295037	0.318838	0.320471	0.318511	0.309696	0.314568	0.326107	0.326467	0.324607	0.317253	0.313907	0.297825	0.323012	0.308954	0.296347	0.309586	0.273321	0.35215	0.394399	0.377177	0.35891	0.340719	0.338294	0.355904	0.350441	0.335622	0.350865	0.370433	0.375072	0.372794	0.368185	0.367786	0.322681	0.333487	0.331334	0.356218	0.349428	0.353862	0.31778	0.325272	0.32758	0.319811	0.328969	0.327739	0.323921	0.304241	0.297928	0.445205	0.447479	0.404686	0.416458	0.395383	0.379332	0.382935	0.305719	0.322237	0.369227	0.377833	0.315675	0.311086	0.351604	0.357018	0.340937	0.406755	0.384175	0.376052	0.379943	0.329497	0.322839	0.338085	0.3412	0.344976	0.37946	0.36445	0.380151	0.388727	0.379056	0.366472	0.405993	0.379166	0.39447	0.485726	0.468368	0.490718	0.47388	0.4287	0.431515	0.366323	0.36728	0.485056	0.508844	0.335167	0.347044	0.332018	0.332028	0.343436	0.34344	0.344666	0.339894	0.33869	0.330081	0.327152	0.359644	0.357658	0.453205	0.348191	0.353397	0.326057	0.391111	0.392721	0.39806	0.397965	0.327911	0.348516	0.351461	0.313223	0.320504	0.316973	0.317313	0.437667	0.489592	0.498253	0.48441	0.522333	0.49826	0.506904	0.509493	0.49458	0.490586	0.453255	0.455622	0.456701	0.464181	0.45599	0.4447	0.39189	0.385162	0.434177	0.43639	0.432964	0.43186	0.497876	0.499353	0.448139	0.456693	0.456962	0.351783	0.364218	0.354291	0.307372	0.363018	0.36385	0.341103	0.357539	0.355858	0.345959	0.402565	0.41875	0.370216	0.341768	0.369081	0.358639	0.364078	0.369081	0.359014	0.342919	0.359745	0.343583	0.295312	0.399863	0.388729	0.410209	0.314996	0.321864	0.33789	0.329832	0.3276	0.354737	0.35927	0.31682	0.286176	0.283351	0.291117	0.291157	0.291865	0.304762	0.316018	0.258897	0.284298	0.284888	0.277727	0.283828	0.279094	0.227741	0.265798	0.205939	0.165012	0.157076	0
