	Acanthisitta_chloris	Acrocephalus_arundinaceus	Hippolais_icterina	Aegithalos_caudatus	Cettia_cetti	Phylloscopus_trochilus	Rhadina_sibilatrix	Erythrocercus_mccallii	Brachypodius_atriceps	Pycnonotus_jocosus	Illadopsis_cleaveri	Leiothrix_lutea	Sterrhoptilus_dennistouni	Zosterops_hypoxanthus	Zosterops_lateralis	Sylvia_atricapilla	Sylvia_borin	Pomatorhinus_ruficollis	Sinosuthora_webbiana	Cisticola_juncidis	Hirundo_rustica	Donacobius_atricapilla	Locustella_ochotensis	Alaudala_cheleensis	Sylvietta_virens	Nicator_chloris	Agelaius_phoeniceus	Molothrus_ater	Quiscalus_mexicanus	Setophaga_coronata	Setophaga_kirtlandii	Emberiza_fucata	Cardinalis_cardinalis	Passerina_amoena	Pheucticus_melanocephalus	Geospiza_fortis	Nesospiza_acunhae	Junco_hyemalis	Zonotrichia_albicollis	Melospiza_melodia	Spizella_passerina	Sporophila_hypoxantha	Rhodinocichla_rosea	Motacilla_alba	Passer_domesticus	Calcarius_ornatus	Lonchura_striata	Vidua_chalybeata	Vidua_macroura	Ploceus_nigricollis	Urocynchramus_pylzowi	Prunella_himalayana	Peucedramus_taeniatus	Irena_cyanogastra	Chloropsis_hardwickii	Dicaeum_eximium	Promerops_cafer	Leptocoma_aspasia	Anthoscopus_minutus	Parus_major	Pseudopodoces_humilis	Poecile_atricapillus	Bombycilla_garrulus	Phainopepla_nitens	Catharus_fuscescens	Cercotrichas_coryphaeus	Copsychus_sechellarum	Erithacus_rubecula	Ficedula_albicollis	Oenanthe_oenanthe	Saxicola_maurus	Leucopsar_rothschildi	Sturnus_vulgaris	Rhabdornis_inornatus	Toxostoma_redivivum	Elachura_formosa	Certhia_brachydactyla	Certhia_familiaris	Polioptila_caerulea	Thryothorus_ludovicianus	Sitta_europaea	Tichodroma_muraria	Chaetops_frenatus	Picathartes_gymnocephalus	Melanocharis_versteri	Callaeas_wilsoni	Notiomystis_cincta	Drymodes_brunneopygia	Aleadryas_rufinucha	Erpornis_zantholeuca	Vireo_altiloquus	Pteruthius_melanotis	Aphelocoma_coerulescens	Corvus_brachyrhynchos	Corvus_cornix	Corvus_moneduloides	Lanius_ludovicianus	Paradisaea_raggiana	Chaetorhynchus_papuensis	Rhipidura_dahli	Ifrita_kowaldi	Myiagra_hebetior	Struthidea_cinerea	Dicrurus_megarhynchus	Falcunculus_frontatus	Daphoenositta_chrysoptera	Edolisoma_coerulescens	Dryoscopus_gambensis	Dyaphorophyia_castanea	Mystacornis_crossleyi	Gymnorhina_tibicen	Machaerirhynchus_nigripectus	Rhagologus_leucostigma	Eulacestoma_nigropectus	Mohoua_ochrocephala	Oriolus_oriolus	Pachycephala_philippinensis	Orthonyx_spaldingii	Pomatostomus_ruficeps	Ptilorrhoa_leucosticta	Cnemophilus_loriae	Dasyornis_broadbenti	Malurus_elegans	Grantiella_picta	Origma_solitaria	Pardalotus_punctatus	Climacteris_rufus	Ptilonorhynchus_violaceus	Atrichornis_clamosus	Menura_novaehollandiae	Calyptomena_viridis	Smithornis_capensis	Serilophus_lunatus	Campylorhamphus_procurvoides	Xiphorhynchus_elegans	Furnarius_figulus	Sclerurus_mexicanus	Scytalopus_superciliaris	Rhegmatorhina_hoffmannsi	Sakesphorus_luctuosus	Grallaria_varia	Cephalopterus_ornatus	Mionectes_macconnelli	Neopipo_cinnamomea	Tachuris_rubrigastra	Tyrannus_savana	Onychorhynchus_coronatus	Oxyruncus_cristatus	Lepidothrix_coronata	Manacus_manacus	Aegotheles_bennettii	Chaetura_pelagica	Hemiprocne_comata	Oreotrochilus_melanogaster	Centropus_bengalensis	Centropus_unirufus	Ceuthmochares_aereus	Piaya_cayana	Cuculus_canorus	Crotophaga_sulcirostris	Geococcyx_californianus	Nyctibius_bracteatus	Nyctibius_grandis	Opisthocomus_hoazin	Ardeotis_kori	Chlamydotis_macqueenii	Lophotis_ruficrista	Corythaixoides_concolor	Tauraco_erythrolophus	Cathartes_aura	Colius_striatus	Urocolius_indicus	Apaloderma_vittatum	Trogon_melanurus	Falco_cherrug	Falco_peregrinus	Herpetotheres_cachinnans	Cariama_cristata	Chunga_burmeisteri	Buceros_rhinoceros	Bucorvus_abyssinicus	Upupa_epops	Baryphthengus_martii	Todus_mexicanus	Ceyx_cyanopectus	Chloroceryle_aenea	Halcyon_senegalensis	Merops_nubicus	Brachypteracias_leptosomus	Eurystomus_gularis	Bucco_capensis	Galbula_dea	Eubucco_bourcierii	Ramphastos_sulfuratus	Semnornis_frantzii	Tricholaema_leucomelas	Psilopogon_haemacephalus	Indicator_maculatus	Ciccaba_nigrolineata	Strix_occidentalis	Glaucidium_brasilianum	Tyto_alba	Agapornis_roseicollis	Melopsittacus_undulatus	Amazona_guildingii	Eolophus_roseicapillus	Probosciger_aterrimus	Nestor_notabilis	Antrostomus_carolinensis	Chordeiles_acutipennis	Nyctiprogne_leucopyga	Steatornis_caripensis	Aquila_chrysaetos	Spizaetus_tyrannus	Circaetus_pectoralis	Haliaeetus_albicilla	Haliaeetus_leucocephalus	Pandion_haliaetus	Sagittarius_serpentarius	Leptosomus_discolor	Alca_torda	Uria_aalge	Uria_lomvia	Cepphus_grylle	Stercorarius_parasiticus	Chroicocephalus_maculipennis	Larus_smithsonianus	Rissa_tridactyla	Rynchops_niger	Phaetusa_simplex	Dromas_ardeola	Glareola_pratincola	Rhinoptilus_africanus	Turnix_velox	Arenaria_interpres	Calidris_pugnax	Limosa_lapponica	Jacana_jacana	Nycticryphes_semicollaris	Rostratula_benghalensis	Pedionomus_torquatus	Thinocorus_orbignyianus	Burhinus_bistriatus	Chionis_minor	Pluvianellus_socialis	Charadrius_alexandrinus	Charadrius_vociferus	Himantopus_himantopus	Ibidorhyncha_struthersii	Alopecoenas_beccarii	Columbina_picui	Caloenas_nicobarica	Columba_livia	Patagioenas_fasciata	Eurypyga_helias	Phaethon_lepturus	Phoenicopterus_ruber	Podiceps_cristatus	Podilymbus_podiceps	Alectura_lathami	Callipepla_squamata	Colinus_virginianus	Odontophorus_gujanensis	Coturnix_japonica	Gallus_gallus	Meleagris_gallopavo	Tympanuchus_cupido	Phasianus_colchicus	Numida_meleagris	Penelope_pileata	Anas_platyrhynchos	Anas_zonorhyncha	Asarcornis_scutulata	Cairina_moschata	Anser_cygnoid	Apteryx_australis	Apteryx_rowi	Apteryx_haastii	Apteryx_owenii	Casuarius_casuarius	Dromaius_novaehollandiae	Crypturellus_cinnamomeus	Crypturellus_undulatus	Crypturellus_soui	Tinamus_guttatus	Eudromia_elegans	Nothocercus_julius	Nothocercus_nigrocapillus	Nothoprocta_ornata	Nothoprocta_pentlandii	Nothoprocta_perdicaria	Rhea_americana	Rhea_pennata	Struthio_camelus	Aptenodytes_forsteri	Pygoscelis_adeliae	Ciconia_maguari	Mesembrinibis_cayennensis	Nipponia_nippon	Pterocles_burchelli	Pterocles_gutturalis	Syrrhaptes_paradoxus	Anhinga_anhinga	Anhinga_rufa	Phalacrocorax_auritus	Phalacrocorax_brasilianus	Phalacrocorax_harrisi	Phalacrocorax_pelagicus	Phalacrocorax_carbo	Sula_dactylatra	Fregata_magnificens	Gavia_stellata	Aramus_guarauna	Balearica_regulorum	Grus_americana	Psophia_crepitans	Atlantisia_rogersi	Zapornia_atra	Heliornis_fulica	Balaeniceps_rex	Pelecanus_crispus	Cochlearius_cochlearius	Egretta_garzetta	Calonectris_borealis	Fulmarus_glacialis	Pelecanoides_urinatrix	Hydrobates_tethys	Thalassarche_chlororhynchos	Fregetta_grallaria	Oceanites_oceanicus
Acanthisitta_chloris	0	0.229981	0.224753	0.234771	0.243263	0.23292	0.233463	0.23066	0.247117	0.253057	0.251223	0.246261	0.241658	0.253411	0.245883	0.258668	0.25035	0.250436	0.230349	0.251861	0.266286	0.252528	0.256899	0.251294	0.25038	0.225922	0.259411	0.2579	0.252812	0.259987	0.252234	0.25438	0.285985	0.282802	0.263907	0.254796	0.246007	0.260529	0.270736	0.252854	0.250359	0.242162	0.257022	0.271355	0.2826	0.253643	0.275315	0.255983	0.253224	0.249809	0.246862	0.23436	0.244324	0.252142	0.239116	0.250392	0.232448	0.228114	0.256291	0.235496	0.230759	0.234788	0.245072	0.243578	0.247516	0.249076	0.253943	0.259955	0.253654	0.245883	0.246405	0.246195	0.250583	0.246607	0.246479	0.294008	0.25459	0.255964	0.230539	0.24353	0.258299	0.241154	0.224644	0.230523	0.22956	0.214418	0.218686	0.212975	0.206155	0.217046	0.236803	0.219735	0.223326	0.218815	0.216411	0.215207	0.233651	0.210511	0.214678	0.229353	0.228549	0.219354	0.221887	0.210203	0.225823	0.202428	0.219212	0.218771	0.227445	0.220897	0.215947	0.222531	0.203717	0.217138	0.2123	0.22742	0.209982	0.218055	0.22904	0.21073	0.201055	0.217926	0.238185	0.237972	0.218902	0.218092	0.227118	0.208773	0.202818	0.197364	0.215741	0.220287	0.226828	0.235604	0.232111	0.225559	0.214415	0.228332	0.217923	0.23172	0.227888	0.217465	0.221797	0.215894	0.237457	0.22223	0.207082	0.20453	0.21351	0.206427	0.238446	0.262625	0.256267	0.271486	0.3254	0.308763	0.25916	0.27911	0.26235	0.249164	0.261313	0.195025	0.198802	0.218993	0.21486	0.214358	0.222491	0.223635	0.229754	0.177962	0.259779	0.247899	0.250776	0.280404	0.207402	0.206269	0.184123	0.186497	0.198922	0.240189	0.219588	0.349006	0.243381	0.24443	0.256824	0.247067	0.223968	0.233453	0.212997	0.21041	0.240671	0.235741	0.275035	0.288199	0.299711	0.306813	0.301159	0.282057	0.176873	0.176865	0.180378	0.18751	0.265085	0.261646	0.250408	0.235816	0.236811	0.226393	0.212051	0.212253	0.214252	0.218765	0.18539	0.183471	0.174946	0.18099	0.17985	0.185326	0.207879	0.211267	0.19534	0.193019	0.200802	0.202157	0.189675	0.203167	0.205712	0.198748	0.208002	0.197671	0.191947	0.210263	0.212595	0.347262	0.220132	0.20613	0.206028	0.259823	0.256194	0.267037	0.261388	0.250624	0.191739	0.201567	0.212869	0.184096	0.186324	0.184241	0.186778	0.194971	0.205072	0.194013	0.218416	0.208508	0.224284	0.188929	0.163018	0.207336	0.203418	0.3254	0.394922	0.40627	0.385884	0.471741	0.367529	0.371708	0.381752	0.376333	0.342208	0.305792	0.320271	0.319126	0.335116	0.341127	0.305324	0.248919	0.251112	0.250062	0.248967	0.284315	0.277525	0.37529	0.367066	0.378881	0.376941	0.391283	0.383156	0.367932	0.387359	0.387359	0.37932	0.309682	0.309406	0.282846	0.170678	0.168386	0.167119	0.172949	0.173045	0.209227	0.215147	0.212699	0.202218	0.194237	0.20747	0.20747	0.214244	0.206332	0.208599	0.217543	0.177951	0.171883	0.193685	0.204656	0.187731	0.206649	0.232847	0.239066	0.263434	0.17362	0.176124	0.178049	0.199603	0.166653	0.170001	0.171562	0.172256	0.16188	0.181997	0.189732
Acrocephalus_arundinaceus	0.229981	0	0.0260057	0.096889	0.105382	0.095038	0.0955812	0.0927782	0.109235	0.115175	0.113342	0.108379	0.103777	0.115529	0.108001	0.120786	0.112468	0.112554	0.0924671	0.11398	0.128405	0.117008	0.12138	0.123221	0.122308	0.0978494	0.133803	0.132292	0.127204	0.134379	0.126627	0.128772	0.160378	0.157194	0.1383	0.129188	0.120399	0.134922	0.145128	0.127246	0.124751	0.116554	0.131414	0.145748	0.156992	0.128036	0.149708	0.130375	0.127617	0.124201	0.121254	0.108752	0.118716	0.126534	0.113509	0.124784	0.10684	0.102506	0.130685	0.109891	0.105153	0.109182	0.119467	0.117972	0.12191	0.12347	0.128337	0.134349	0.128049	0.120278	0.120799	0.120589	0.124977	0.121002	0.120873	0.168402	0.128985	0.130358	0.104933	0.117924	0.132694	0.115549	0.121194	0.127073	0.12611	0.113244	0.117512	0.111801	0.107382	0.118272	0.138029	0.120961	0.124552	0.120042	0.117638	0.116434	0.134877	0.111737	0.115905	0.13058	0.129776	0.120581	0.123113	0.111429	0.12705	0.103655	0.120438	0.119997	0.128672	0.122124	0.117173	0.123757	0.104943	0.118364	0.113527	0.128646	0.111208	0.121689	0.132674	0.114364	0.106341	0.150501	0.17076	0.170546	0.151476	0.150666	0.171702	0.153358	0.162916	0.157463	0.222986	0.227532	0.234073	0.242849	0.239356	0.232804	0.22166	0.235577	0.225168	0.238965	0.235133	0.22471	0.229042	0.223139	0.244702	0.229475	0.214327	0.211775	0.220755	0.213672	0.274478	0.298658	0.292299	0.307518	0.361432	0.344795	0.295193	0.315143	0.298382	0.285196	0.297345	0.231057	0.234834	0.255025	0.250893	0.25039	0.258523	0.259667	0.265786	0.213994	0.295811	0.283932	0.286808	0.316437	0.243434	0.242302	0.220155	0.22253	0.234955	0.276222	0.25562	0.385039	0.279413	0.280462	0.292857	0.2831	0.26	0.269486	0.249029	0.246443	0.276703	0.271773	0.311067	0.324231	0.335743	0.342845	0.337192	0.318089	0.212906	0.212897	0.216411	0.223543	0.301118	0.297679	0.28644	0.271848	0.272843	0.262425	0.248083	0.248285	0.250285	0.254797	0.221423	0.219504	0.210979	0.217023	0.215883	0.221359	0.243911	0.2473	0.231373	0.229051	0.236834	0.238189	0.225708	0.239199	0.241744	0.23478	0.244034	0.233704	0.22798	0.246296	0.248627	0.383294	0.256164	0.242162	0.242061	0.295856	0.292226	0.30307	0.29742	0.286656	0.227771	0.237599	0.248901	0.220128	0.222356	0.220274	0.222811	0.231003	0.241104	0.230045	0.254448	0.24454	0.260317	0.224962	0.199051	0.243368	0.23945	0.361432	0.430955	0.442303	0.421917	0.507773	0.403562	0.40774	0.417784	0.412365	0.37824	0.341824	0.356303	0.355158	0.371149	0.377159	0.341356	0.284951	0.287144	0.286095	0.285	0.320347	0.313557	0.411322	0.403098	0.414913	0.412974	0.427315	0.419188	0.403964	0.423391	0.423391	0.415352	0.345715	0.345439	0.318878	0.206711	0.204419	0.203152	0.208981	0.209078	0.245259	0.251179	0.248731	0.238251	0.230269	0.243502	0.243502	0.250277	0.242365	0.244631	0.253575	0.213983	0.207915	0.229718	0.240689	0.223764	0.242682	0.268879	0.275098	0.299467	0.209652	0.212157	0.214081	0.235636	0.202685	0.206033	0.207594	0.208288	0.197912	0.218029	0.225764
Hippolais_icterina	0.224753	0.0260057	0	0.0916613	0.100154	0.0898103	0.0903535	0.0875505	0.104008	0.109948	0.108114	0.103152	0.098549	0.110302	0.102773	0.115559	0.10724	0.107326	0.0872394	0.108752	0.123177	0.111781	0.116152	0.117994	0.117081	0.0926217	0.128576	0.127065	0.121976	0.129152	0.121399	0.123544	0.15515	0.151966	0.133072	0.12396	0.115171	0.129694	0.139901	0.122018	0.119524	0.111326	0.126186	0.14052	0.151765	0.122808	0.14448	0.125147	0.122389	0.118973	0.116027	0.103524	0.113489	0.121307	0.108281	0.119557	0.101612	0.0972783	0.125458	0.104663	0.0999255	0.103954	0.114239	0.112745	0.116682	0.118243	0.123109	0.129121	0.122821	0.11505	0.115571	0.115362	0.11975	0.115774	0.115645	0.163174	0.123757	0.12513	0.0997052	0.112697	0.127466	0.110321	0.115966	0.121845	0.120882	0.108016	0.112284	0.106574	0.102154	0.113045	0.132801	0.115733	0.119325	0.114814	0.11241	0.111206	0.129649	0.10651	0.110677	0.125352	0.124548	0.115353	0.117886	0.106202	0.121822	0.0984271	0.115211	0.11477	0.123444	0.116896	0.111945	0.11853	0.0997153	0.113137	0.108299	0.123419	0.10598	0.116461	0.127447	0.109136	0.101113	0.145273	0.165532	0.165319	0.146249	0.145439	0.166474	0.14813	0.157688	0.152235	0.217759	0.222305	0.228845	0.237622	0.234128	0.227577	0.216432	0.230349	0.21994	0.233737	0.229905	0.219482	0.223815	0.217911	0.239475	0.224248	0.209099	0.206548	0.215527	0.208444	0.26925	0.29343	0.287072	0.30229	0.356205	0.339568	0.289965	0.309915	0.293155	0.279968	0.292117	0.225829	0.229606	0.249797	0.245665	0.245163	0.253295	0.254439	0.260559	0.208767	0.290583	0.278704	0.281581	0.311209	0.238207	0.237074	0.214927	0.217302	0.229727	0.270994	0.250392	0.379811	0.274185	0.275235	0.287629	0.277872	0.254772	0.264258	0.243802	0.241215	0.271476	0.266545	0.305839	0.319004	0.330516	0.337617	0.331964	0.312861	0.207678	0.20767	0.211183	0.218315	0.29589	0.292451	0.281212	0.266621	0.267616	0.257198	0.242856	0.243058	0.245057	0.249569	0.216195	0.214276	0.205751	0.211795	0.210655	0.216131	0.238683	0.242072	0.226145	0.223824	0.231607	0.232962	0.22048	0.233971	0.236516	0.229553	0.238807	0.228476	0.222752	0.241068	0.243399	0.378066	0.250937	0.236935	0.236833	0.290628	0.286999	0.297842	0.292192	0.281428	0.222544	0.232372	0.243673	0.2149	0.217129	0.215046	0.217583	0.225776	0.235876	0.224818	0.249221	0.239312	0.255089	0.219734	0.193823	0.238141	0.234222	0.356205	0.425727	0.437075	0.416689	0.502546	0.398334	0.402512	0.412557	0.407137	0.373012	0.336596	0.351076	0.34993	0.365921	0.371932	0.336129	0.279723	0.281917	0.280867	0.279772	0.315119	0.308329	0.406095	0.397871	0.409686	0.407746	0.422087	0.41396	0.398736	0.418163	0.418163	0.410125	0.340487	0.340211	0.313651	0.201483	0.199191	0.197924	0.203754	0.20385	0.240031	0.245952	0.243504	0.233023	0.225041	0.238275	0.238275	0.245049	0.237137	0.239404	0.248347	0.208755	0.202687	0.22449	0.235461	0.218536	0.237454	0.263651	0.26987	0.294239	0.204424	0.206929	0.208854	0.230408	0.197457	0.200805	0.202367	0.203061	0.192685	0.212802	0.220537
Aegithalos_caudatus	0.234771	0.096889	0.0916613	0	0.102803	0.0924591	0.0930023	0.0901993	0.106658	0.112598	0.113215	0.108252	0.10365	0.115402	0.107874	0.120659	0.112341	0.112427	0.09234	0.116298	0.130723	0.121798	0.126169	0.128011	0.127098	0.102639	0.138593	0.137082	0.131994	0.139169	0.131416	0.133562	0.165167	0.161984	0.143089	0.133978	0.125189	0.139711	0.149918	0.132036	0.129541	0.121344	0.136204	0.150537	0.161782	0.132825	0.154497	0.135165	0.132406	0.128991	0.126044	0.113542	0.123506	0.131324	0.118298	0.129574	0.11163	0.107296	0.135475	0.114681	0.109943	0.113972	0.124256	0.122762	0.1267	0.12826	0.133127	0.139139	0.132838	0.125067	0.125589	0.125379	0.129767	0.125791	0.125663	0.173192	0.133774	0.135148	0.109723	0.122714	0.137483	0.120338	0.125983	0.131862	0.130899	0.118034	0.122302	0.116591	0.112171	0.123062	0.142819	0.125751	0.129342	0.124831	0.122427	0.121223	0.139667	0.116527	0.120694	0.135369	0.134565	0.12537	0.127903	0.116219	0.131839	0.108444	0.125228	0.124787	0.133461	0.126913	0.121963	0.128547	0.109733	0.123154	0.118316	0.133436	0.115998	0.126479	0.137464	0.119153	0.111131	0.15529	0.17555	0.175336	0.156266	0.155456	0.176492	0.158147	0.167706	0.162252	0.227776	0.232322	0.238863	0.247639	0.244146	0.237594	0.226449	0.240367	0.229957	0.243755	0.239923	0.229499	0.233832	0.227929	0.249492	0.234265	0.219117	0.216565	0.225545	0.218462	0.279268	0.303447	0.297089	0.312308	0.366222	0.349585	0.299983	0.319932	0.303172	0.289986	0.302135	0.235847	0.239624	0.259815	0.255682	0.25518	0.263313	0.264457	0.270576	0.218784	0.300601	0.288721	0.291598	0.321227	0.248224	0.247091	0.224945	0.227319	0.239744	0.281012	0.26041	0.389828	0.284203	0.285252	0.297646	0.287889	0.26479	0.274275	0.253819	0.251233	0.281493	0.276563	0.315857	0.329021	0.340533	0.347635	0.341982	0.322879	0.217695	0.217687	0.2212	0.228333	0.305907	0.302469	0.29123	0.276638	0.277633	0.267215	0.252873	0.253075	0.255074	0.259587	0.226212	0.224293	0.215769	0.221812	0.220673	0.226149	0.248701	0.252089	0.236162	0.233841	0.241624	0.242979	0.230497	0.243989	0.246534	0.23957	0.248824	0.238493	0.232769	0.251085	0.253417	0.388084	0.260954	0.246952	0.246851	0.300645	0.297016	0.307859	0.30221	0.291446	0.232561	0.242389	0.253691	0.224918	0.227146	0.225064	0.2276	0.235793	0.245894	0.234835	0.259238	0.24933	0.265106	0.229751	0.203841	0.248158	0.24424	0.366222	0.435744	0.447092	0.426707	0.512563	0.408352	0.41253	0.422574	0.417155	0.38303	0.346614	0.361093	0.359948	0.375939	0.381949	0.346146	0.289741	0.291934	0.290885	0.28979	0.325137	0.318347	0.416112	0.407888	0.419703	0.417763	0.432105	0.423978	0.408754	0.428181	0.428181	0.420142	0.350505	0.350228	0.323668	0.2115	0.209209	0.207941	0.213771	0.213867	0.250049	0.255969	0.253521	0.24304	0.235059	0.248292	0.248292	0.255066	0.247154	0.249421	0.258365	0.218773	0.212705	0.234507	0.245478	0.228554	0.247471	0.273669	0.279888	0.304256	0.214442	0.216947	0.218871	0.240426	0.207475	0.210823	0.212384	0.213078	0.202702	0.222819	0.230554
Cettia_cetti	0.243263	0.105382	0.100154	0.102803	0	0.0933113	0.0938546	0.0932802	0.115151	0.121091	0.121708	0.116745	0.112142	0.123895	0.116367	0.129152	0.120834	0.12092	0.100833	0.124791	0.139216	0.130291	0.134662	0.136504	0.135591	0.111132	0.147086	0.145575	0.140487	0.147662	0.139909	0.142055	0.17366	0.170477	0.151582	0.142471	0.133681	0.148204	0.158411	0.140529	0.138034	0.129837	0.144697	0.15903	0.170275	0.141318	0.16299	0.143658	0.140899	0.137483	0.134537	0.122035	0.131999	0.139817	0.126791	0.138067	0.120123	0.115789	0.143968	0.123173	0.118436	0.122464	0.132749	0.131255	0.135193	0.136753	0.14162	0.147632	0.141331	0.13356	0.134082	0.133872	0.13826	0.134284	0.134156	0.181685	0.142267	0.143641	0.118215	0.131207	0.145976	0.128831	0.134476	0.140355	0.139392	0.126527	0.130794	0.125084	0.120664	0.131555	0.151312	0.134244	0.137835	0.133324	0.13092	0.129716	0.14816	0.12502	0.129187	0.143862	0.143058	0.133863	0.136396	0.124712	0.140332	0.116937	0.133721	0.13328	0.141954	0.135406	0.130455	0.13704	0.118226	0.131647	0.126809	0.141929	0.124491	0.134971	0.145957	0.127646	0.119624	0.163783	0.184042	0.183829	0.164759	0.163949	0.184985	0.16664	0.176199	0.170745	0.236269	0.240815	0.247356	0.256132	0.252639	0.246087	0.234942	0.248859	0.23845	0.252247	0.248415	0.237992	0.242325	0.236422	0.257985	0.242758	0.22761	0.225058	0.234038	0.226955	0.287761	0.31194	0.305582	0.320801	0.374715	0.358078	0.308476	0.328425	0.311665	0.298479	0.310628	0.24434	0.248117	0.268308	0.264175	0.263673	0.271806	0.27295	0.279069	0.227277	0.309094	0.297214	0.300091	0.329719	0.256717	0.255584	0.233438	0.235812	0.248237	0.289504	0.268903	0.398321	0.292696	0.293745	0.306139	0.296382	0.273283	0.282768	0.262312	0.259725	0.289986	0.285056	0.32435	0.337514	0.349026	0.356128	0.350474	0.331372	0.226188	0.22618	0.229693	0.236826	0.3144	0.310962	0.299723	0.285131	0.286126	0.275708	0.261366	0.261568	0.263567	0.26808	0.234705	0.232786	0.224261	0.230305	0.229165	0.234641	0.257194	0.260582	0.244655	0.242334	0.250117	0.251472	0.23899	0.252482	0.255027	0.248063	0.257317	0.246986	0.241262	0.259578	0.26191	0.396577	0.269447	0.255445	0.255343	0.309138	0.305509	0.316352	0.310703	0.299939	0.241054	0.250882	0.262184	0.233411	0.235639	0.233556	0.236093	0.244286	0.254387	0.243328	0.267731	0.257823	0.273599	0.238244	0.212333	0.256651	0.252733	0.374715	0.444237	0.455585	0.435199	0.521056	0.416844	0.421023	0.431067	0.425648	0.391523	0.355107	0.369586	0.368441	0.384431	0.390442	0.354639	0.298234	0.300427	0.299378	0.298282	0.33363	0.32684	0.424605	0.416381	0.428196	0.426256	0.440598	0.432471	0.417247	0.436674	0.436674	0.428635	0.358997	0.358721	0.332161	0.219993	0.217701	0.216434	0.222264	0.22236	0.258542	0.264462	0.262014	0.251533	0.243552	0.256785	0.256785	0.263559	0.255647	0.257914	0.266858	0.227266	0.221198	0.243	0.253971	0.237046	0.255964	0.282162	0.288381	0.312749	0.222935	0.225439	0.227364	0.248919	0.215968	0.219316	0.220877	0.221571	0.211195	0.231312	0.239047
Phylloscopus_trochilus	0.23292	0.095038	0.0898103	0.0924591	0.0933113	0	0.0428889	0.0829363	0.104807	0.110747	0.111364	0.106401	0.101799	0.113551	0.106023	0.118808	0.11049	0.110576	0.090489	0.114447	0.128872	0.119947	0.124318	0.12616	0.125247	0.100788	0.136742	0.135231	0.130143	0.137318	0.129565	0.131711	0.163316	0.160133	0.141238	0.132127	0.123338	0.13786	0.148067	0.130185	0.12769	0.119493	0.134353	0.148686	0.159931	0.130974	0.152646	0.133314	0.130555	0.12714	0.124193	0.111691	0.121655	0.129473	0.116447	0.127723	0.109779	0.105445	0.133624	0.11283	0.108092	0.112121	0.122405	0.120911	0.124849	0.126409	0.131276	0.137288	0.130987	0.123216	0.123738	0.123528	0.127916	0.12394	0.123812	0.171341	0.131923	0.133297	0.107872	0.120863	0.135632	0.118487	0.124132	0.130011	0.129048	0.116183	0.120451	0.11474	0.11032	0.121211	0.140968	0.1239	0.127491	0.12298	0.120576	0.119372	0.137816	0.114676	0.118843	0.133518	0.132714	0.123519	0.126052	0.114368	0.129988	0.106594	0.123377	0.122936	0.13161	0.125063	0.120112	0.126696	0.107882	0.121303	0.116465	0.131585	0.114147	0.124628	0.135613	0.117302	0.10928	0.153439	0.173699	0.173485	0.154415	0.153605	0.174641	0.156296	0.165855	0.160401	0.225925	0.230471	0.237012	0.245788	0.242295	0.235743	0.224598	0.238516	0.228106	0.241904	0.238072	0.227648	0.231981	0.226078	0.247641	0.232414	0.217266	0.214714	0.223694	0.216611	0.277417	0.301596	0.295238	0.310457	0.364371	0.347734	0.298132	0.318081	0.301321	0.288135	0.300284	0.233996	0.237773	0.257964	0.253831	0.253329	0.261462	0.262606	0.268725	0.216933	0.29875	0.28687	0.289747	0.319376	0.246373	0.245241	0.223094	0.225469	0.237893	0.279161	0.258559	0.387977	0.282352	0.283401	0.295795	0.286038	0.262939	0.272424	0.251968	0.249382	0.279642	0.274712	0.314006	0.32717	0.338682	0.345784	0.340131	0.321028	0.215844	0.215836	0.219349	0.226482	0.304056	0.300618	0.289379	0.274787	0.275782	0.265364	0.251022	0.251224	0.253223	0.257736	0.224361	0.222442	0.213918	0.219961	0.218822	0.224298	0.24685	0.250238	0.234311	0.23199	0.239773	0.241128	0.228647	0.242138	0.244683	0.237719	0.246973	0.236642	0.230918	0.249234	0.251566	0.386233	0.259103	0.245101	0.245	0.298794	0.295165	0.306008	0.300359	0.289595	0.23071	0.240538	0.25184	0.223067	0.225295	0.223213	0.225749	0.233942	0.244043	0.232984	0.257387	0.247479	0.263255	0.2279	0.20199	0.246307	0.242389	0.364371	0.433893	0.445241	0.424856	0.510712	0.406501	0.410679	0.420723	0.415304	0.381179	0.344763	0.359242	0.358097	0.374088	0.380098	0.344295	0.28789	0.290083	0.289034	0.287939	0.323286	0.316496	0.414261	0.406037	0.417852	0.415912	0.430254	0.422127	0.406903	0.42633	0.42633	0.418291	0.348654	0.348378	0.321817	0.209649	0.207358	0.20609	0.21192	0.212016	0.248198	0.254118	0.25167	0.241189	0.233208	0.246441	0.246441	0.253216	0.245303	0.24757	0.256514	0.216922	0.210854	0.232656	0.243627	0.226703	0.24562	0.271818	0.278037	0.302405	0.212591	0.215096	0.21702	0.238575	0.205624	0.208972	0.210533	0.211227	0.200851	0.220968	0.228703
Rhadina_sibilatrix	0.233463	0.0955812	0.0903535	0.0930023	0.0938546	0.0428889	0	0.0834795	0.105351	0.111291	0.111907	0.106944	0.102342	0.114095	0.106566	0.119352	0.111033	0.111119	0.0910322	0.11499	0.129415	0.12049	0.124861	0.126703	0.12579	0.101331	0.137285	0.135774	0.130686	0.137861	0.130109	0.132254	0.16386	0.160676	0.141782	0.13267	0.123881	0.138404	0.14861	0.130728	0.128233	0.120036	0.134896	0.14923	0.160474	0.131518	0.153189	0.133857	0.131099	0.127683	0.124736	0.112234	0.122198	0.130016	0.116991	0.128266	0.110322	0.105988	0.134167	0.113373	0.108635	0.112664	0.122948	0.121454	0.125392	0.126952	0.131819	0.137831	0.131531	0.12376	0.124281	0.124071	0.128459	0.124484	0.124355	0.171884	0.132467	0.13384	0.108415	0.121406	0.136176	0.119031	0.124675	0.130555	0.129592	0.116726	0.120994	0.115283	0.110864	0.121754	0.141511	0.124443	0.128034	0.123524	0.12112	0.119916	0.138359	0.115219	0.119387	0.134061	0.133258	0.124062	0.126595	0.114911	0.130532	0.107137	0.12392	0.123479	0.132154	0.125606	0.120655	0.127239	0.108425	0.121846	0.117009	0.132128	0.11469	0.125171	0.136156	0.117846	0.109823	0.153983	0.174242	0.174028	0.154958	0.154148	0.175184	0.15684	0.166398	0.160945	0.226468	0.231014	0.237555	0.246331	0.242838	0.236286	0.225142	0.239059	0.22865	0.242447	0.238615	0.228191	0.232524	0.226621	0.248184	0.232957	0.217809	0.215257	0.224237	0.217154	0.27796	0.30214	0.295781	0.311	0.364914	0.348277	0.298675	0.318624	0.301864	0.288678	0.300827	0.234539	0.238316	0.258507	0.254374	0.253872	0.262005	0.263149	0.269268	0.217476	0.299293	0.287413	0.29029	0.319919	0.246916	0.245784	0.223637	0.226012	0.238437	0.279704	0.259102	0.38852	0.282895	0.283944	0.296338	0.286582	0.263482	0.272968	0.252511	0.249925	0.280185	0.275255	0.314549	0.327713	0.339225	0.346327	0.340674	0.321571	0.216387	0.216379	0.219893	0.227025	0.3046	0.301161	0.289922	0.27533	0.276325	0.265907	0.251565	0.251767	0.253767	0.258279	0.224905	0.222986	0.214461	0.220505	0.219365	0.224841	0.247393	0.250782	0.234854	0.232533	0.240316	0.241671	0.22919	0.242681	0.245226	0.238262	0.247516	0.237185	0.231461	0.249777	0.252109	0.386776	0.259646	0.245644	0.245543	0.299337	0.295708	0.306552	0.300902	0.290138	0.231253	0.241081	0.252383	0.22361	0.225838	0.223756	0.226293	0.234485	0.244586	0.233527	0.25793	0.248022	0.263799	0.228444	0.202533	0.24685	0.242932	0.364914	0.434437	0.445784	0.425399	0.511255	0.407044	0.411222	0.421266	0.415847	0.381722	0.345306	0.359785	0.35864	0.374631	0.380641	0.344838	0.288433	0.290626	0.289577	0.288482	0.323829	0.317039	0.414804	0.40658	0.418395	0.416456	0.430797	0.42267	0.407446	0.426873	0.426873	0.418834	0.349197	0.348921	0.32236	0.210193	0.207901	0.206634	0.212463	0.21256	0.248741	0.254661	0.252213	0.241733	0.233751	0.246984	0.246984	0.253759	0.245847	0.248113	0.257057	0.217465	0.211397	0.2332	0.244171	0.227246	0.246164	0.272361	0.27858	0.302948	0.213134	0.215639	0.217563	0.239118	0.206167	0.209515	0.211076	0.21177	0.201394	0.221511	0.229246
Erythrocercus_mccallii	0.23066	0.0927782	0.0875505	0.0901993	0.0932802	0.0829363	0.0834795	0	0.102548	0.108488	0.109104	0.104141	0.0995388	0.111292	0.103763	0.116549	0.10823	0.108316	0.0882292	0.112187	0.126612	0.117687	0.122058	0.1239	0.122987	0.0985283	0.134482	0.132971	0.127883	0.135058	0.127306	0.129451	0.161057	0.157873	0.138979	0.129867	0.121078	0.135601	0.145807	0.127925	0.12543	0.117233	0.132093	0.146426	0.157671	0.128715	0.150386	0.131054	0.128296	0.12488	0.121933	0.109431	0.119395	0.127213	0.114188	0.125463	0.107519	0.103185	0.131364	0.11057	0.105832	0.109861	0.120145	0.118651	0.122589	0.124149	0.129016	0.135028	0.128728	0.120956	0.121478	0.121268	0.125656	0.121681	0.121552	0.169081	0.129663	0.131037	0.105612	0.118603	0.133373	0.116227	0.121872	0.127751	0.126789	0.113923	0.118191	0.11248	0.108061	0.118951	0.138708	0.12164	0.125231	0.120721	0.118317	0.117112	0.135556	0.112416	0.116584	0.131258	0.130455	0.121259	0.123792	0.112108	0.127728	0.104334	0.121117	0.120676	0.129351	0.122803	0.117852	0.124436	0.105622	0.119043	0.114205	0.129325	0.111887	0.122368	0.133353	0.115043	0.10702	0.15118	0.171439	0.171225	0.152155	0.151345	0.172381	0.154036	0.163595	0.158142	0.223665	0.228211	0.234752	0.243528	0.240035	0.233483	0.222338	0.236256	0.225847	0.239644	0.235812	0.225388	0.229721	0.223818	0.245381	0.230154	0.215006	0.212454	0.221434	0.214351	0.275157	0.299337	0.292978	0.308197	0.362111	0.345474	0.295872	0.315821	0.299061	0.285875	0.298024	0.231736	0.235513	0.255704	0.251571	0.251069	0.259202	0.260346	0.266465	0.214673	0.29649	0.28461	0.287487	0.317116	0.244113	0.242981	0.220834	0.223209	0.235634	0.276901	0.256299	0.385717	0.280092	0.281141	0.293535	0.283779	0.260679	0.270164	0.249708	0.247122	0.277382	0.272452	0.311746	0.32491	0.336422	0.343524	0.337871	0.318768	0.213584	0.213576	0.217089	0.224222	0.301797	0.298358	0.287119	0.272527	0.273522	0.263104	0.248762	0.248964	0.250963	0.255476	0.222102	0.220182	0.211658	0.217702	0.216562	0.222038	0.24459	0.247979	0.232051	0.22973	0.237513	0.238868	0.226387	0.239878	0.242423	0.235459	0.244713	0.234382	0.228658	0.246974	0.249306	0.383973	0.256843	0.242841	0.24274	0.296534	0.292905	0.303749	0.298099	0.287335	0.22845	0.238278	0.24958	0.220807	0.223035	0.220953	0.22349	0.231682	0.241783	0.230724	0.255127	0.245219	0.260996	0.225641	0.19973	0.244047	0.240129	0.362111	0.431634	0.442981	0.422596	0.508452	0.404241	0.408419	0.418463	0.413044	0.378919	0.342503	0.356982	0.355837	0.371828	0.377838	0.342035	0.28563	0.287823	0.286774	0.285679	0.321026	0.314236	0.412001	0.403777	0.415592	0.413653	0.427994	0.419867	0.404643	0.42407	0.42407	0.416031	0.346394	0.346118	0.319557	0.20739	0.205098	0.20383	0.20966	0.209757	0.245938	0.251858	0.24941	0.23893	0.230948	0.244181	0.244181	0.250956	0.243043	0.24531	0.254254	0.214662	0.208594	0.230397	0.241367	0.224443	0.243361	0.269558	0.275777	0.300145	0.210331	0.212836	0.21476	0.236315	0.203364	0.206712	0.208273	0.208967	0.198591	0.218708	0.226443
Brachypodius_atriceps	0.247117	0.109235	0.104008	0.106658	0.115151	0.104807	0.105351	0.102548	0	0.0925105	0.125561	0.120599	0.115996	0.127749	0.12022	0.133006	0.124687	0.124773	0.104686	0.128644	0.143069	0.134144	0.138516	0.140357	0.139444	0.114985	0.150939	0.149428	0.14434	0.151515	0.143763	0.145908	0.177514	0.17433	0.155436	0.146324	0.137535	0.152058	0.162264	0.144382	0.141887	0.13369	0.14855	0.162884	0.174128	0.145172	0.166844	0.147511	0.144753	0.141337	0.13839	0.125888	0.135852	0.14367	0.130645	0.14192	0.123976	0.119642	0.147821	0.127027	0.122289	0.126318	0.136603	0.135108	0.139046	0.140606	0.145473	0.151485	0.145185	0.137414	0.137935	0.137725	0.142113	0.138138	0.138009	0.185538	0.146121	0.147494	0.122069	0.13506	0.14983	0.132685	0.13833	0.144209	0.143246	0.13038	0.134648	0.128937	0.124518	0.135408	0.155165	0.138097	0.141688	0.137178	0.134774	0.13357	0.152013	0.128873	0.133041	0.147716	0.146912	0.137717	0.140249	0.128565	0.144186	0.120791	0.137574	0.137133	0.145808	0.13926	0.134309	0.140893	0.122079	0.1355	0.130663	0.145782	0.128344	0.138825	0.14981	0.1315	0.123477	0.167637	0.187896	0.187682	0.168612	0.167802	0.188838	0.170494	0.180052	0.174599	0.240122	0.244668	0.251209	0.259985	0.256492	0.24994	0.238796	0.252713	0.242304	0.256101	0.252269	0.241846	0.246178	0.240275	0.261838	0.246611	0.231463	0.228911	0.237891	0.230808	0.291614	0.315794	0.309435	0.324654	0.378568	0.361931	0.312329	0.332279	0.315518	0.302332	0.314481	0.248193	0.25197	0.272161	0.268029	0.267526	0.275659	0.276803	0.282922	0.23113	0.312947	0.301068	0.303944	0.333573	0.26057	0.259438	0.237291	0.239666	0.252091	0.293358	0.272756	0.402175	0.296549	0.297598	0.309993	0.300236	0.277136	0.286622	0.266165	0.263579	0.293839	0.288909	0.328203	0.341367	0.352879	0.359981	0.354328	0.335225	0.230042	0.230033	0.233547	0.240679	0.318254	0.314815	0.303576	0.288984	0.289979	0.279561	0.265219	0.265421	0.267421	0.271933	0.238559	0.23664	0.228115	0.234159	0.233019	0.238495	0.261047	0.264436	0.248509	0.246187	0.25397	0.255325	0.242844	0.256335	0.25888	0.251916	0.26117	0.25084	0.245116	0.263432	0.265763	0.40043	0.2733	0.259298	0.259197	0.312992	0.309362	0.320206	0.314556	0.303792	0.244907	0.254735	0.266037	0.237264	0.239492	0.23741	0.239947	0.248139	0.25824	0.247181	0.271584	0.261676	0.277453	0.242098	0.216187	0.260504	0.256586	0.378568	0.448091	0.459439	0.439053	0.524909	0.420698	0.424876	0.43492	0.429501	0.395376	0.35896	0.373439	0.372294	0.388285	0.394295	0.358492	0.302087	0.30428	0.303231	0.302136	0.337483	0.330693	0.428458	0.420234	0.432049	0.43011	0.444451	0.436324	0.4211	0.440527	0.440527	0.432488	0.362851	0.362575	0.336014	0.223847	0.221555	0.220288	0.226117	0.226214	0.262395	0.268315	0.265867	0.255387	0.247405	0.260638	0.260638	0.267413	0.259501	0.261767	0.270711	0.231119	0.225051	0.246854	0.257825	0.2409	0.259818	0.286015	0.292234	0.316603	0.226788	0.229293	0.231217	0.252772	0.219821	0.223169	0.22473	0.225424	0.215048	0.235165	0.2429
Pycnonotus_jocosus	0.253057	0.115175	0.109948	0.112598	0.121091	0.110747	0.111291	0.108488	0.0925105	0	0.131501	0.126539	0.121936	0.133689	0.12616	0.138946	0.130627	0.130713	0.110626	0.134584	0.149009	0.140085	0.144456	0.146298	0.145384	0.120925	0.156879	0.155368	0.15028	0.157455	0.149703	0.151848	0.183454	0.18027	0.161376	0.152264	0.143475	0.157998	0.168205	0.150322	0.147827	0.13963	0.15449	0.168824	0.180069	0.151112	0.172784	0.153451	0.150693	0.147277	0.14433	0.131828	0.141793	0.149611	0.136585	0.147861	0.129916	0.125582	0.153761	0.132967	0.128229	0.132258	0.142543	0.141048	0.144986	0.146547	0.151413	0.157425	0.151125	0.143354	0.143875	0.143665	0.148054	0.144078	0.143949	0.191478	0.152061	0.153434	0.128009	0.141	0.15577	0.138625	0.14427	0.150149	0.149186	0.13632	0.140588	0.134877	0.130458	0.141348	0.161105	0.144037	0.147629	0.143118	0.140714	0.13951	0.157953	0.134813	0.138981	0.153656	0.152852	0.143657	0.146189	0.134505	0.150126	0.126731	0.143514	0.143074	0.151748	0.1452	0.140249	0.146833	0.128019	0.14144	0.136603	0.151722	0.134284	0.144765	0.15575	0.13744	0.129417	0.173577	0.193836	0.193622	0.174552	0.173743	0.194778	0.176434	0.185992	0.180539	0.246062	0.250608	0.257149	0.265925	0.262432	0.25588	0.244736	0.258653	0.248244	0.262041	0.258209	0.247786	0.252119	0.246215	0.267779	0.252551	0.237403	0.234851	0.243831	0.236748	0.297554	0.321734	0.315375	0.330594	0.384508	0.367872	0.318269	0.338219	0.321459	0.308272	0.320421	0.254133	0.25791	0.278101	0.273969	0.273467	0.281599	0.282743	0.288862	0.23707	0.318887	0.307008	0.309884	0.339513	0.26651	0.265378	0.243231	0.245606	0.258031	0.299298	0.278696	0.408115	0.302489	0.303539	0.315933	0.306176	0.283076	0.292562	0.272106	0.269519	0.29978	0.294849	0.334143	0.347307	0.35882	0.365921	0.360268	0.341165	0.235982	0.235973	0.239487	0.246619	0.324194	0.320755	0.309516	0.294925	0.295919	0.285502	0.27116	0.271361	0.273361	0.277873	0.244499	0.24258	0.234055	0.240099	0.238959	0.244435	0.266987	0.270376	0.254449	0.252128	0.259911	0.261265	0.248784	0.262275	0.26482	0.257856	0.26711	0.25678	0.251056	0.269372	0.271703	0.40637	0.27924	0.265238	0.265137	0.318932	0.315302	0.326146	0.320496	0.309732	0.250847	0.260675	0.271977	0.243204	0.245432	0.24335	0.245887	0.254079	0.26418	0.253122	0.277524	0.267616	0.283393	0.248038	0.222127	0.266445	0.262526	0.384508	0.454031	0.465379	0.444993	0.530849	0.426638	0.430816	0.44086	0.435441	0.401316	0.3649	0.379379	0.378234	0.394225	0.400235	0.364432	0.308027	0.310221	0.309171	0.308076	0.343423	0.336633	0.434399	0.426174	0.437989	0.43605	0.450391	0.442264	0.42704	0.446467	0.446467	0.438428	0.368791	0.368515	0.341954	0.229787	0.227495	0.226228	0.232057	0.232154	0.268335	0.274256	0.271808	0.261327	0.253345	0.266578	0.266578	0.273353	0.265441	0.267708	0.276651	0.237059	0.230991	0.252794	0.263765	0.24684	0.265758	0.291955	0.298174	0.322543	0.232728	0.235233	0.237157	0.258712	0.225761	0.229109	0.23067	0.231364	0.220988	0.241105	0.248841
Illadopsis_cleaveri	0.251223	0.113342	0.108114	0.113215	0.121708	0.111364	0.111907	0.109104	0.125561	0.131501	0	0.0890683	0.097933	0.109686	0.102157	0.114943	0.106624	0.115544	0.0954571	0.132751	0.147176	0.138251	0.142622	0.144464	0.143551	0.119092	0.155046	0.153535	0.148447	0.155622	0.147869	0.150015	0.18162	0.178437	0.159542	0.150431	0.141642	0.156164	0.166371	0.148489	0.145994	0.137797	0.152657	0.16699	0.178235	0.149278	0.17095	0.151618	0.148859	0.145444	0.142497	0.129995	0.139959	0.147777	0.134751	0.146027	0.128083	0.123749	0.151928	0.131133	0.126396	0.130424	0.140709	0.139215	0.143153	0.144713	0.14958	0.155592	0.149291	0.14152	0.142042	0.141832	0.14622	0.142244	0.142116	0.189645	0.150227	0.151601	0.126176	0.139167	0.153936	0.136791	0.142436	0.148315	0.147352	0.134487	0.138755	0.133044	0.128624	0.139515	0.159272	0.142204	0.145795	0.141284	0.13888	0.137676	0.15612	0.13298	0.137147	0.151822	0.151018	0.141823	0.144356	0.132672	0.148292	0.124897	0.141681	0.14124	0.149914	0.143366	0.138415	0.145	0.126186	0.139607	0.134769	0.149889	0.132451	0.142932	0.153917	0.135606	0.127584	0.171743	0.192003	0.191789	0.172719	0.171909	0.192945	0.1746	0.184159	0.178705	0.244229	0.248775	0.255316	0.264092	0.260599	0.254047	0.242902	0.256819	0.24641	0.260207	0.256376	0.245952	0.250285	0.244382	0.265945	0.250718	0.23557	0.233018	0.241998	0.234915	0.295721	0.3199	0.313542	0.328761	0.382675	0.366038	0.316436	0.336385	0.319625	0.306439	0.318588	0.2523	0.256077	0.276268	0.272135	0.271633	0.279766	0.28091	0.287029	0.235237	0.317054	0.305174	0.308051	0.33768	0.264677	0.263544	0.241398	0.243772	0.256197	0.297464	0.276863	0.406281	0.300656	0.301705	0.314099	0.304342	0.281243	0.290728	0.270272	0.267685	0.297946	0.293016	0.33231	0.345474	0.356986	0.364088	0.358434	0.339332	0.234148	0.23414	0.237653	0.244786	0.32236	0.318922	0.307683	0.293091	0.294086	0.283668	0.269326	0.269528	0.271527	0.27604	0.242665	0.240746	0.232221	0.238265	0.237125	0.242601	0.265154	0.268542	0.252615	0.250294	0.258077	0.259432	0.24695	0.260442	0.262987	0.256023	0.265277	0.254946	0.249222	0.267538	0.26987	0.404537	0.277407	0.263405	0.263304	0.317098	0.313469	0.324312	0.318663	0.307899	0.249014	0.258842	0.270144	0.241371	0.243599	0.241516	0.244053	0.252246	0.262347	0.251288	0.275691	0.265783	0.281559	0.246204	0.220294	0.264611	0.260693	0.382675	0.452197	0.463545	0.443159	0.529016	0.424804	0.428983	0.439027	0.433608	0.399483	0.363067	0.377546	0.376401	0.392391	0.398402	0.362599	0.306194	0.308387	0.307338	0.306242	0.34159	0.3348	0.432565	0.424341	0.436156	0.434216	0.448558	0.440431	0.425207	0.444634	0.444634	0.436595	0.366957	0.366681	0.340121	0.227953	0.225662	0.224394	0.230224	0.23032	0.266502	0.272422	0.269974	0.259493	0.251512	0.264745	0.264745	0.271519	0.263607	0.265874	0.274818	0.235226	0.229158	0.25096	0.261931	0.245006	0.263924	0.290122	0.296341	0.320709	0.230895	0.233399	0.235324	0.256879	0.223928	0.227276	0.228837	0.229531	0.219155	0.239272	0.247007
Leiothrix_lutea	0.246261	0.108379	0.103152	0.108252	0.116745	0.106401	0.106944	0.104141	0.120599	0.126539	0.0890683	0	0.0929704	0.104723	0.0971947	0.10998	0.101662	0.110582	0.0904946	0.127788	0.142213	0.133289	0.13766	0.139501	0.138588	0.114129	0.150083	0.148572	0.143484	0.150659	0.142907	0.145052	0.176658	0.173474	0.15458	0.145468	0.136679	0.151202	0.161409	0.143526	0.141031	0.132834	0.147694	0.162028	0.173273	0.144316	0.165988	0.146655	0.143897	0.140481	0.137534	0.125032	0.134997	0.142815	0.129789	0.141065	0.12312	0.118786	0.146965	0.126171	0.121433	0.125462	0.135747	0.134252	0.13819	0.139751	0.144617	0.150629	0.144329	0.136558	0.137079	0.136869	0.141257	0.137282	0.137153	0.184682	0.145265	0.146638	0.121213	0.134204	0.148974	0.131829	0.137474	0.143353	0.14239	0.129524	0.133792	0.128081	0.123662	0.134552	0.154309	0.137241	0.140832	0.136322	0.133918	0.132714	0.151157	0.128017	0.132185	0.14686	0.146056	0.136861	0.139393	0.127709	0.14333	0.119935	0.136718	0.136278	0.144952	0.138404	0.133453	0.140037	0.121223	0.134644	0.129807	0.144926	0.127488	0.137969	0.148954	0.130644	0.122621	0.166781	0.18704	0.186826	0.167756	0.166947	0.187982	0.169638	0.179196	0.173743	0.239266	0.243812	0.250353	0.259129	0.255636	0.249084	0.23794	0.251857	0.241448	0.255245	0.251413	0.24099	0.245323	0.239419	0.260982	0.245755	0.230607	0.228055	0.237035	0.229952	0.290758	0.314938	0.308579	0.323798	0.377712	0.361075	0.311473	0.331423	0.314662	0.301476	0.313625	0.247337	0.251114	0.271305	0.267173	0.266671	0.274803	0.275947	0.282066	0.230274	0.312091	0.300212	0.303088	0.332717	0.259714	0.258582	0.236435	0.23881	0.251235	0.292502	0.2719	0.401319	0.295693	0.296742	0.309137	0.29938	0.27628	0.285766	0.26531	0.262723	0.292984	0.288053	0.327347	0.340511	0.352024	0.359125	0.353472	0.334369	0.229186	0.229177	0.232691	0.239823	0.317398	0.313959	0.30272	0.288129	0.289123	0.278706	0.264363	0.264565	0.266565	0.271077	0.237703	0.235784	0.227259	0.233303	0.232163	0.237639	0.260191	0.26358	0.247653	0.245332	0.253115	0.254469	0.241988	0.255479	0.258024	0.25106	0.260314	0.249984	0.24426	0.262576	0.264907	0.399574	0.272444	0.258442	0.258341	0.312136	0.308506	0.31935	0.3137	0.302936	0.244051	0.253879	0.265181	0.236408	0.238636	0.236554	0.239091	0.247283	0.257384	0.246325	0.270728	0.26082	0.276597	0.241242	0.215331	0.259648	0.25573	0.377712	0.447235	0.458583	0.438197	0.524053	0.419842	0.42402	0.434064	0.428645	0.39452	0.358104	0.372583	0.371438	0.387429	0.393439	0.357636	0.301231	0.303425	0.302375	0.30128	0.336627	0.329837	0.427602	0.419378	0.431193	0.429254	0.443595	0.435468	0.420244	0.439671	0.439671	0.431632	0.361995	0.361719	0.335158	0.222991	0.220699	0.219432	0.225261	0.225358	0.261539	0.26746	0.265011	0.254531	0.246549	0.259782	0.259782	0.266557	0.258645	0.260911	0.269855	0.230263	0.224195	0.245998	0.256969	0.240044	0.258962	0.285159	0.291378	0.315747	0.225932	0.228437	0.230361	0.251916	0.218965	0.222313	0.223874	0.224568	0.214192	0.234309	0.242045
Sterrhoptilus_dennistouni	0.241658	0.103777	0.098549	0.10365	0.112142	0.101799	0.102342	0.0995388	0.115996	0.121936	0.097933	0.0929704	0	0.0417536	0.0342251	0.0910043	0.0826858	0.105979	0.0858919	0.123185	0.13761	0.128686	0.133057	0.134899	0.133986	0.109527	0.145481	0.14397	0.138881	0.146057	0.138304	0.14045	0.172055	0.168871	0.149977	0.140865	0.132076	0.146599	0.156806	0.138923	0.136429	0.128231	0.143091	0.157425	0.16867	0.139713	0.161385	0.142052	0.139294	0.135878	0.132932	0.120429	0.130394	0.138212	0.125186	0.136462	0.118517	0.114183	0.142363	0.121568	0.116831	0.120859	0.131144	0.12965	0.133587	0.135148	0.140014	0.146027	0.139726	0.131955	0.132476	0.132267	0.136655	0.132679	0.13255	0.18008	0.140662	0.142035	0.11661	0.129602	0.144371	0.127226	0.132871	0.13875	0.137787	0.124921	0.129189	0.123479	0.119059	0.12995	0.149706	0.132639	0.13623	0.131719	0.129315	0.128111	0.146554	0.123415	0.127582	0.142257	0.141453	0.132258	0.134791	0.123107	0.138727	0.115332	0.132116	0.131675	0.140349	0.133801	0.12885	0.135435	0.11662	0.130042	0.125204	0.140324	0.122885	0.133366	0.144352	0.126041	0.118018	0.162178	0.182437	0.182224	0.163154	0.162344	0.18338	0.165035	0.174593	0.16914	0.234664	0.23921	0.24575	0.254527	0.251033	0.244482	0.233337	0.247254	0.236845	0.250642	0.24681	0.236387	0.24072	0.234816	0.25638	0.241153	0.226004	0.223453	0.232433	0.225349	0.286155	0.310335	0.303977	0.319195	0.37311	0.356473	0.30687	0.32682	0.31006	0.296873	0.309022	0.242734	0.246512	0.266703	0.26257	0.262068	0.270201	0.271345	0.277464	0.225672	0.307489	0.295609	0.298486	0.328114	0.255112	0.253979	0.231833	0.234207	0.246632	0.287899	0.267298	0.396716	0.29109	0.29214	0.304534	0.294777	0.271677	0.281163	0.260707	0.25812	0.288381	0.283451	0.322744	0.335909	0.347421	0.354522	0.348869	0.329766	0.224583	0.224575	0.228088	0.23522	0.312795	0.309356	0.298117	0.283526	0.284521	0.274103	0.259761	0.259963	0.261962	0.266474	0.2331	0.231181	0.222656	0.2287	0.22756	0.233036	0.255588	0.258977	0.24305	0.240729	0.248512	0.249867	0.237385	0.250876	0.253422	0.246458	0.255712	0.245381	0.239657	0.257973	0.260305	0.394972	0.267842	0.25384	0.253738	0.307533	0.303904	0.314747	0.309097	0.298334	0.239449	0.249277	0.260578	0.231806	0.234034	0.231951	0.234488	0.242681	0.252782	0.241723	0.266126	0.256217	0.271994	0.236639	0.210728	0.255046	0.251127	0.37311	0.442632	0.45398	0.433594	0.519451	0.415239	0.419418	0.429462	0.424042	0.389917	0.353502	0.367981	0.366835	0.382826	0.388837	0.353034	0.296629	0.298822	0.297772	0.296677	0.332025	0.325234	0.423	0.414776	0.426591	0.424651	0.438993	0.430866	0.415641	0.435069	0.435069	0.42703	0.357392	0.357116	0.330556	0.218388	0.216096	0.214829	0.220659	0.220755	0.256936	0.262857	0.260409	0.249928	0.241947	0.25518	0.25518	0.261954	0.254042	0.256309	0.265252	0.22566	0.219592	0.241395	0.252366	0.235441	0.254359	0.280557	0.286775	0.311144	0.22133	0.223834	0.225759	0.247313	0.214362	0.217711	0.219272	0.219966	0.20959	0.229707	0.237442
Zosterops_hypoxanthus	0.253411	0.115529	0.110302	0.115402	0.123895	0.113551	0.114095	0.111292	0.127749	0.133689	0.109686	0.104723	0.0417536	0	0.0124744	0.102757	0.0944386	0.117732	0.0976447	0.134938	0.149363	0.140439	0.14481	0.146652	0.145738	0.12128	0.157234	0.155722	0.150634	0.15781	0.150057	0.152202	0.183808	0.180624	0.16173	0.152618	0.143829	0.158352	0.168559	0.150676	0.148181	0.139984	0.154844	0.169178	0.180423	0.151466	0.173138	0.153805	0.151047	0.147631	0.144684	0.132182	0.142147	0.149965	0.136939	0.148215	0.13027	0.125936	0.154115	0.133321	0.128583	0.132612	0.142897	0.141403	0.14534	0.146901	0.151767	0.157779	0.151479	0.143708	0.144229	0.144019	0.148408	0.144432	0.144303	0.191832	0.152415	0.153788	0.128363	0.141354	0.156124	0.138979	0.144624	0.150503	0.14954	0.136674	0.140942	0.135232	0.130812	0.141702	0.161459	0.144391	0.147983	0.143472	0.141068	0.139864	0.158307	0.135168	0.139335	0.15401	0.153206	0.144011	0.146543	0.134859	0.15048	0.127085	0.143868	0.143428	0.152102	0.145554	0.140603	0.147187	0.128373	0.141795	0.136957	0.152076	0.134638	0.145119	0.156105	0.137794	0.129771	0.173931	0.19419	0.193977	0.174907	0.174097	0.195132	0.176788	0.186346	0.180893	0.246417	0.250962	0.257503	0.266279	0.262786	0.256234	0.24509	0.259007	0.248598	0.262395	0.258563	0.24814	0.252473	0.246569	0.268133	0.252905	0.237757	0.235205	0.244185	0.237102	0.297908	0.322088	0.315729	0.330948	0.384862	0.368226	0.318623	0.338573	0.321813	0.308626	0.320775	0.254487	0.258264	0.278455	0.274323	0.273821	0.281953	0.283097	0.289216	0.237424	0.319241	0.307362	0.310239	0.339867	0.266864	0.265732	0.243585	0.24596	0.258385	0.299652	0.27905	0.408469	0.302843	0.303893	0.316287	0.30653	0.28343	0.292916	0.27246	0.269873	0.300134	0.295203	0.334497	0.347661	0.359174	0.366275	0.360622	0.341519	0.236336	0.236327	0.239841	0.246973	0.324548	0.321109	0.30987	0.295279	0.296273	0.285856	0.271514	0.271715	0.273715	0.278227	0.244853	0.242934	0.234409	0.240453	0.239313	0.244789	0.267341	0.27073	0.254803	0.252482	0.260265	0.26162	0.249138	0.262629	0.265174	0.25821	0.267464	0.257134	0.25141	0.269726	0.272057	0.406724	0.279594	0.265592	0.265491	0.319286	0.315656	0.3265	0.32085	0.310086	0.251202	0.261029	0.272331	0.243558	0.245787	0.243704	0.246241	0.254433	0.264534	0.253476	0.277878	0.26797	0.283747	0.248392	0.222481	0.266799	0.26288	0.384862	0.454385	0.465733	0.445347	0.531204	0.426992	0.43117	0.441214	0.435795	0.40167	0.365254	0.379733	0.378588	0.394579	0.400589	0.364786	0.308381	0.310575	0.309525	0.30843	0.343777	0.336987	0.434753	0.426529	0.438344	0.436404	0.450745	0.442618	0.427394	0.446821	0.446821	0.438782	0.369145	0.368869	0.342308	0.230141	0.227849	0.226582	0.232411	0.232508	0.268689	0.27461	0.272162	0.261681	0.253699	0.266932	0.266932	0.273707	0.265795	0.268062	0.277005	0.237413	0.231345	0.253148	0.264119	0.247194	0.266112	0.292309	0.298528	0.322897	0.233082	0.235587	0.237511	0.259066	0.226115	0.229463	0.231025	0.231718	0.221342	0.24146	0.249195
Zosterops_lateralis	0.245883	0.108001	0.102773	0.107874	0.116367	0.106023	0.106566	0.103763	0.12022	0.12616	0.102157	0.0971947	0.0342251	0.0124744	0	0.0952285	0.0869101	0.110203	0.0901162	0.12741	0.141835	0.13291	0.137281	0.139123	0.13821	0.113751	0.149705	0.148194	0.143106	0.150281	0.142528	0.144674	0.176279	0.173096	0.154201	0.14509	0.136301	0.150823	0.16103	0.143148	0.140653	0.132456	0.147316	0.161649	0.172894	0.143937	0.165609	0.146277	0.143518	0.140103	0.137156	0.124654	0.134618	0.142436	0.12941	0.140686	0.122742	0.118408	0.146587	0.125792	0.121055	0.125083	0.135368	0.133874	0.137812	0.139372	0.144239	0.150251	0.14395	0.136179	0.136701	0.136491	0.140879	0.136903	0.136775	0.184304	0.144886	0.14626	0.120835	0.133826	0.148595	0.13145	0.137095	0.142974	0.142011	0.129146	0.133414	0.127703	0.123283	0.134174	0.153931	0.136863	0.140454	0.135943	0.133539	0.132335	0.150779	0.127639	0.131806	0.146481	0.145677	0.136482	0.139015	0.127331	0.142951	0.119556	0.13634	0.135899	0.144573	0.138025	0.133075	0.139659	0.120845	0.134266	0.129428	0.144548	0.12711	0.137591	0.148576	0.130265	0.122243	0.166402	0.186662	0.186448	0.167378	0.166568	0.187604	0.169259	0.178818	0.173364	0.238888	0.243434	0.249975	0.258751	0.255258	0.248706	0.237561	0.251478	0.241069	0.254866	0.251035	0.240611	0.244944	0.239041	0.260604	0.245377	0.230229	0.227677	0.236657	0.229574	0.29038	0.314559	0.308201	0.32342	0.377334	0.360697	0.311095	0.331044	0.314284	0.301098	0.313247	0.246959	0.250736	0.270927	0.266794	0.266292	0.274425	0.275569	0.281688	0.229896	0.311713	0.299833	0.30271	0.332339	0.259336	0.258203	0.236057	0.238431	0.250856	0.292124	0.271522	0.40094	0.295315	0.296364	0.308758	0.299001	0.275902	0.285387	0.264931	0.262345	0.292605	0.287675	0.326969	0.340133	0.351645	0.358747	0.353093	0.333991	0.228807	0.228799	0.232312	0.239445	0.317019	0.313581	0.302342	0.28775	0.288745	0.278327	0.263985	0.264187	0.266186	0.270699	0.237324	0.235405	0.22688	0.232924	0.231785	0.237261	0.259813	0.263201	0.247274	0.244953	0.252736	0.254091	0.241609	0.255101	0.257646	0.250682	0.259936	0.249605	0.243881	0.262197	0.264529	0.399196	0.272066	0.258064	0.257963	0.311757	0.308128	0.318971	0.313322	0.302558	0.243673	0.253501	0.264803	0.23603	0.238258	0.236175	0.238712	0.246905	0.257006	0.245947	0.27035	0.260442	0.276218	0.240863	0.214953	0.25927	0.255352	0.377334	0.446856	0.458204	0.437819	0.523675	0.419464	0.423642	0.433686	0.428267	0.394142	0.357726	0.372205	0.37106	0.38705	0.393061	0.357258	0.300853	0.303046	0.301997	0.300901	0.336249	0.329459	0.427224	0.419	0.430815	0.428875	0.443217	0.43509	0.419866	0.439293	0.439293	0.431254	0.361616	0.36134	0.33478	0.222612	0.220321	0.219053	0.224883	0.224979	0.261161	0.267081	0.264633	0.254152	0.246171	0.259404	0.259404	0.266178	0.258266	0.260533	0.269477	0.229885	0.223817	0.245619	0.25659	0.239665	0.258583	0.284781	0.291	0.315368	0.225554	0.228059	0.229983	0.251538	0.218587	0.221935	0.223496	0.22419	0.213814	0.233931	0.241666
Sylvia_atricapilla	0.258668	0.120786	0.115559	0.120659	0.129152	0.118808	0.119352	0.116549	0.133006	0.138946	0.114943	0.10998	0.0910043	0.102757	0.0952285	0	0.0505036	0.122989	0.102902	0.140195	0.15462	0.145696	0.150067	0.151909	0.150995	0.126537	0.162491	0.160979	0.155891	0.163067	0.155314	0.157459	0.189065	0.185881	0.166987	0.157875	0.149086	0.163609	0.173816	0.155933	0.153438	0.145241	0.160101	0.174435	0.18568	0.156723	0.178395	0.159062	0.156304	0.152888	0.149942	0.137439	0.147404	0.155222	0.142196	0.153472	0.135527	0.131193	0.159372	0.138578	0.13384	0.137869	0.148154	0.14666	0.150597	0.152158	0.157024	0.163036	0.156736	0.148965	0.149486	0.149276	0.153665	0.149689	0.14956	0.197089	0.157672	0.159045	0.13362	0.146611	0.161381	0.144236	0.149881	0.15576	0.154797	0.141931	0.146199	0.140489	0.136069	0.146959	0.166716	0.149648	0.15324	0.148729	0.146325	0.145121	0.163564	0.140425	0.144592	0.159267	0.158463	0.149268	0.1518	0.140116	0.155737	0.132342	0.149125	0.148685	0.157359	0.150811	0.14586	0.152444	0.13363	0.147052	0.142214	0.157333	0.139895	0.150376	0.161362	0.143051	0.135028	0.179188	0.199447	0.199234	0.180164	0.179354	0.200389	0.182045	0.191603	0.18615	0.251674	0.256219	0.26276	0.271536	0.268043	0.261491	0.250347	0.264264	0.253855	0.267652	0.26382	0.253397	0.25773	0.251826	0.27339	0.258162	0.243014	0.240462	0.249442	0.242359	0.303165	0.327345	0.320987	0.336205	0.390119	0.373483	0.32388	0.34383	0.32707	0.313883	0.326032	0.259744	0.263521	0.283712	0.27958	0.279078	0.28721	0.288354	0.294473	0.242681	0.324498	0.312619	0.315496	0.345124	0.272121	0.270989	0.248842	0.251217	0.263642	0.304909	0.284307	0.413726	0.3081	0.30915	0.321544	0.311787	0.288687	0.298173	0.277717	0.27513	0.305391	0.30046	0.339754	0.352918	0.364431	0.371532	0.365879	0.346776	0.241593	0.241585	0.245098	0.25223	0.329805	0.326366	0.315127	0.300536	0.30153	0.291113	0.276771	0.276972	0.278972	0.283484	0.25011	0.248191	0.239666	0.24571	0.24457	0.250046	0.272598	0.275987	0.26006	0.257739	0.265522	0.266877	0.254395	0.267886	0.270431	0.263467	0.272721	0.262391	0.256667	0.274983	0.277314	0.411981	0.284852	0.270849	0.270748	0.324543	0.320913	0.331757	0.326107	0.315343	0.256459	0.266287	0.277588	0.248815	0.251044	0.248961	0.251498	0.25969	0.269791	0.258733	0.283135	0.273227	0.289004	0.253649	0.227738	0.272056	0.268137	0.390119	0.459642	0.47099	0.450604	0.536461	0.432249	0.436427	0.446471	0.441052	0.406927	0.370511	0.38499	0.383845	0.399836	0.405846	0.370043	0.313638	0.315832	0.314782	0.313687	0.349034	0.342244	0.44001	0.431786	0.443601	0.441661	0.456002	0.447875	0.432651	0.452078	0.452078	0.444039	0.374402	0.374126	0.347565	0.235398	0.233106	0.231839	0.237668	0.237765	0.273946	0.279867	0.277419	0.266938	0.258956	0.272189	0.272189	0.278964	0.271052	0.273319	0.282262	0.24267	0.236602	0.258405	0.269376	0.252451	0.271369	0.297566	0.303785	0.328154	0.238339	0.240844	0.242768	0.264323	0.231372	0.23472	0.236282	0.236975	0.226599	0.246717	0.254452
Sylvia_borin	0.25035	0.112468	0.10724	0.112341	0.120834	0.11049	0.111033	0.10823	0.124687	0.130627	0.106624	0.101662	0.0826858	0.0944386	0.0869101	0.0505036	0	0.11467	0.0945832	0.131877	0.146302	0.137377	0.141748	0.14359	0.142677	0.118218	0.154172	0.152661	0.147573	0.154748	0.146995	0.149141	0.180746	0.177563	0.158668	0.149557	0.140768	0.15529	0.165497	0.147615	0.14512	0.136923	0.151783	0.166116	0.177361	0.148404	0.170076	0.150744	0.147985	0.14457	0.141623	0.129121	0.139085	0.146903	0.133877	0.145153	0.127209	0.122875	0.151054	0.13026	0.125522	0.129551	0.139835	0.138341	0.142279	0.143839	0.148706	0.154718	0.148417	0.140646	0.141168	0.140958	0.145346	0.14137	0.141242	0.188771	0.149353	0.150727	0.125302	0.138293	0.153062	0.135917	0.141562	0.147441	0.146478	0.133613	0.137881	0.13217	0.12775	0.138641	0.158398	0.14133	0.144921	0.14041	0.138006	0.136802	0.155246	0.132106	0.136273	0.150948	0.150144	0.140949	0.143482	0.131798	0.147418	0.124024	0.140807	0.140366	0.14904	0.142493	0.137542	0.144126	0.125312	0.138733	0.133895	0.149015	0.131577	0.142058	0.153043	0.134732	0.12671	0.17087	0.191129	0.190915	0.171845	0.171035	0.192071	0.173726	0.183285	0.177831	0.243355	0.247901	0.254442	0.263218	0.259725	0.253173	0.242028	0.255946	0.245536	0.259334	0.255502	0.245078	0.249411	0.243508	0.265071	0.249844	0.234696	0.232144	0.241124	0.234041	0.294847	0.319026	0.312668	0.327887	0.381801	0.365164	0.315562	0.335511	0.318751	0.305565	0.317714	0.251426	0.255203	0.275394	0.271261	0.270759	0.278892	0.280036	0.286155	0.234363	0.31618	0.3043	0.307177	0.336806	0.263803	0.262671	0.240524	0.242899	0.255323	0.296591	0.275989	0.405407	0.299782	0.300831	0.313225	0.303469	0.280369	0.289854	0.269398	0.266812	0.297072	0.292142	0.331436	0.3446	0.356112	0.363214	0.357561	0.338458	0.233274	0.233266	0.236779	0.243912	0.321486	0.318048	0.306809	0.292217	0.293212	0.282794	0.268452	0.268654	0.270653	0.275166	0.241791	0.239872	0.231348	0.237391	0.236252	0.241728	0.26428	0.267668	0.251741	0.24942	0.257203	0.258558	0.246077	0.259568	0.262113	0.255149	0.264403	0.254072	0.248348	0.266664	0.268996	0.403663	0.276533	0.262531	0.26243	0.316224	0.312595	0.323438	0.317789	0.307025	0.24814	0.257968	0.26927	0.240497	0.242725	0.240643	0.243179	0.251372	0.261473	0.250414	0.274817	0.264909	0.280685	0.24533	0.21942	0.263737	0.259819	0.381801	0.451323	0.462671	0.442286	0.528142	0.423931	0.428109	0.438153	0.432734	0.398609	0.362193	0.376672	0.375527	0.391518	0.397528	0.361725	0.30532	0.307513	0.306464	0.305369	0.340716	0.333926	0.431691	0.423467	0.435282	0.433342	0.447684	0.439557	0.424333	0.44376	0.44376	0.435721	0.366084	0.365808	0.339247	0.227079	0.224788	0.22352	0.22935	0.229446	0.265628	0.271548	0.2691	0.258619	0.250638	0.263871	0.263871	0.270646	0.262733	0.265	0.273944	0.234352	0.228284	0.250086	0.261057	0.244133	0.26305	0.289248	0.295467	0.319835	0.230021	0.232526	0.23445	0.256005	0.223054	0.226402	0.227963	0.228657	0.218281	0.238398	0.246133
Pomatorhinus_ruficollis	0.250436	0.112554	0.107326	0.112427	0.12092	0.110576	0.111119	0.108316	0.124773	0.130713	0.115544	0.110582	0.105979	0.117732	0.110203	0.122989	0.11467	0	0.0799957	0.131963	0.146388	0.137463	0.141834	0.143676	0.142763	0.118304	0.154258	0.152747	0.147659	0.154834	0.147082	0.149227	0.180833	0.177649	0.158755	0.149643	0.140854	0.155377	0.165583	0.147701	0.145206	0.137009	0.151869	0.166202	0.177447	0.14849	0.170162	0.15083	0.148071	0.144656	0.141709	0.129207	0.139171	0.146989	0.133963	0.145239	0.127295	0.122961	0.15114	0.130346	0.125608	0.129637	0.139921	0.138427	0.142365	0.143925	0.148792	0.154804	0.148503	0.140732	0.141254	0.141044	0.145432	0.141456	0.141328	0.188857	0.149439	0.150813	0.125388	0.138379	0.153148	0.136003	0.141648	0.147527	0.146564	0.133699	0.137967	0.132256	0.127836	0.138727	0.158484	0.141416	0.145007	0.140497	0.138093	0.136888	0.155332	0.132192	0.136359	0.151034	0.15023	0.141035	0.143568	0.131884	0.147504	0.12411	0.140893	0.140452	0.149126	0.142579	0.137628	0.144212	0.125398	0.138819	0.133981	0.149101	0.131663	0.142144	0.153129	0.134818	0.126796	0.170956	0.191215	0.191001	0.171931	0.171121	0.192157	0.173812	0.183371	0.177917	0.243441	0.247987	0.254528	0.263304	0.259811	0.253259	0.242114	0.256032	0.245622	0.25942	0.255588	0.245164	0.249497	0.243594	0.265157	0.24993	0.234782	0.23223	0.24121	0.234127	0.294933	0.319112	0.312754	0.327973	0.381887	0.36525	0.315648	0.335597	0.318837	0.305651	0.3178	0.251512	0.255289	0.27548	0.271347	0.270845	0.278978	0.280122	0.286241	0.234449	0.316266	0.304386	0.307263	0.336892	0.263889	0.262757	0.24061	0.242985	0.255409	0.296677	0.276075	0.405493	0.299868	0.300917	0.313311	0.303555	0.280455	0.28994	0.269484	0.266898	0.297158	0.292228	0.331522	0.344686	0.356198	0.3633	0.357647	0.338544	0.23336	0.233352	0.236865	0.243998	0.321572	0.318134	0.306895	0.292303	0.293298	0.28288	0.268538	0.26874	0.270739	0.275252	0.241878	0.239958	0.231434	0.237477	0.236338	0.241814	0.264366	0.267755	0.251827	0.249506	0.257289	0.258644	0.246163	0.259654	0.262199	0.255235	0.264489	0.254158	0.248434	0.26675	0.269082	0.403749	0.276619	0.262617	0.262516	0.31631	0.312681	0.323524	0.317875	0.307111	0.248226	0.258054	0.269356	0.240583	0.242811	0.240729	0.243266	0.251458	0.261559	0.2505	0.274903	0.264995	0.280771	0.245416	0.219506	0.263823	0.259905	0.381887	0.45141	0.462757	0.442372	0.528228	0.424017	0.428195	0.438239	0.43282	0.398695	0.362279	0.376758	0.375613	0.391604	0.397614	0.361811	0.305406	0.307599	0.30655	0.305455	0.340802	0.334012	0.431777	0.423553	0.435368	0.433429	0.44777	0.439643	0.424419	0.443846	0.443846	0.435807	0.36617	0.365894	0.339333	0.227165	0.224874	0.223606	0.229436	0.229532	0.265714	0.271634	0.269186	0.258705	0.250724	0.263957	0.263957	0.270732	0.262819	0.265086	0.27403	0.234438	0.22837	0.250172	0.261143	0.244219	0.263137	0.289334	0.295553	0.319921	0.230107	0.232612	0.234536	0.256091	0.22314	0.226488	0.228049	0.228743	0.218367	0.238484	0.246219
Sinosuthora_webbiana	0.230349	0.0924671	0.0872394	0.09234	0.100833	0.090489	0.0910322	0.0882292	0.104686	0.110626	0.0954571	0.0904946	0.0858919	0.0976447	0.0901162	0.102902	0.0945832	0.0799957	0	0.111876	0.126301	0.117376	0.121747	0.123589	0.122676	0.0982172	0.134171	0.13266	0.127572	0.134747	0.126995	0.12914	0.160746	0.157562	0.138668	0.129556	0.120767	0.13529	0.145496	0.127614	0.125119	0.116922	0.131782	0.146115	0.15736	0.128403	0.150075	0.130743	0.127985	0.124569	0.121622	0.10912	0.119084	0.126902	0.113877	0.125152	0.107208	0.102874	0.131053	0.110259	0.105521	0.10955	0.119834	0.11834	0.122278	0.123838	0.128705	0.134717	0.128416	0.120645	0.121167	0.120957	0.125345	0.121369	0.121241	0.16877	0.129352	0.130726	0.105301	0.118292	0.133062	0.115916	0.121561	0.12744	0.126477	0.113612	0.11788	0.112169	0.107749	0.11864	0.138397	0.121329	0.12492	0.12041	0.118006	0.116801	0.135245	0.112105	0.116272	0.130947	0.130143	0.120948	0.123481	0.111797	0.127417	0.104023	0.120806	0.120365	0.129039	0.122492	0.117541	0.124125	0.105311	0.118732	0.113894	0.129014	0.111576	0.122057	0.133042	0.114731	0.106709	0.150869	0.171128	0.170914	0.151844	0.151034	0.17207	0.153725	0.163284	0.15783	0.223354	0.2279	0.234441	0.243217	0.239724	0.233172	0.222027	0.235945	0.225535	0.239333	0.235501	0.225077	0.22941	0.223507	0.24507	0.229843	0.214695	0.212143	0.221123	0.21404	0.274846	0.299025	0.292667	0.307886	0.3618	0.345163	0.295561	0.31551	0.29875	0.285564	0.297713	0.231425	0.235202	0.255393	0.25126	0.250758	0.258891	0.260035	0.266154	0.214362	0.296179	0.284299	0.287176	0.316805	0.243802	0.24267	0.220523	0.222898	0.235323	0.27659	0.255988	0.385406	0.279781	0.28083	0.293224	0.283468	0.260368	0.269853	0.249397	0.246811	0.277071	0.272141	0.311435	0.324599	0.336111	0.343213	0.33756	0.318457	0.213273	0.213265	0.216778	0.223911	0.301485	0.298047	0.286808	0.272216	0.273211	0.262793	0.248451	0.248653	0.250652	0.255165	0.221791	0.219871	0.211347	0.21739	0.216251	0.221727	0.244279	0.247668	0.23174	0.229419	0.237202	0.238557	0.226076	0.239567	0.242112	0.235148	0.244402	0.234071	0.228347	0.246663	0.248995	0.383662	0.256532	0.24253	0.242429	0.296223	0.292594	0.303438	0.297788	0.287024	0.228139	0.237967	0.249269	0.220496	0.222724	0.220642	0.223179	0.231371	0.241472	0.230413	0.254816	0.244908	0.260684	0.225329	0.199419	0.243736	0.239818	0.3618	0.431323	0.44267	0.422285	0.508141	0.40393	0.408108	0.418152	0.412733	0.378608	0.342192	0.356671	0.355526	0.371517	0.377527	0.341724	0.285319	0.287512	0.286463	0.285368	0.320715	0.313925	0.41169	0.403466	0.415281	0.413342	0.427683	0.419556	0.404332	0.423759	0.423759	0.41572	0.346083	0.345807	0.319246	0.207078	0.204787	0.203519	0.209349	0.209445	0.245627	0.251547	0.249099	0.238619	0.230637	0.24387	0.24387	0.250645	0.242732	0.244999	0.253943	0.214351	0.208283	0.230085	0.241056	0.224132	0.24305	0.269247	0.275466	0.299834	0.21002	0.212525	0.214449	0.236004	0.203053	0.206401	0.207962	0.208656	0.19828	0.218397	0.226132
Cisticola_juncidis	0.251861	0.11398	0.108752	0.116298	0.124791	0.114447	0.11499	0.112187	0.128644	0.134584	0.132751	0.127788	0.123185	0.134938	0.12741	0.140195	0.131877	0.131963	0.111876	0	0.147811	0.138889	0.14326	0.145102	0.144189	0.11973	0.155684	0.154173	0.149084	0.15626	0.148507	0.150653	0.182258	0.179074	0.16018	0.151068	0.142279	0.156802	0.167009	0.149126	0.146632	0.138434	0.153294	0.167628	0.178873	0.149916	0.171588	0.152255	0.149497	0.146081	0.143135	0.130632	0.140597	0.148415	0.135389	0.146665	0.12872	0.124386	0.152566	0.131771	0.127034	0.131062	0.141347	0.139853	0.14379	0.145351	0.150217	0.15623	0.149929	0.142158	0.142679	0.14247	0.146858	0.142882	0.142753	0.190283	0.150865	0.152238	0.126813	0.139805	0.154574	0.137429	0.143074	0.148953	0.14799	0.135124	0.139392	0.133682	0.129262	0.140153	0.159909	0.142842	0.146433	0.141922	0.139518	0.138314	0.156757	0.133618	0.137785	0.15246	0.151656	0.142461	0.144994	0.13331	0.14893	0.125535	0.142319	0.141878	0.150552	0.144004	0.139053	0.145638	0.126823	0.140245	0.135407	0.150527	0.133088	0.143569	0.154555	0.136244	0.128221	0.172381	0.19264	0.192427	0.173357	0.172547	0.193583	0.175238	0.184796	0.179343	0.244867	0.249413	0.255953	0.26473	0.261236	0.254685	0.24354	0.257457	0.247048	0.260845	0.257013	0.24659	0.250923	0.245019	0.266583	0.251356	0.236207	0.233656	0.242636	0.235552	0.296358	0.320538	0.31418	0.329398	0.383313	0.366676	0.317073	0.337023	0.320263	0.307076	0.319225	0.252937	0.256715	0.276906	0.272773	0.272271	0.280404	0.281548	0.287667	0.235875	0.317692	0.305812	0.308689	0.338317	0.265315	0.264182	0.242036	0.24441	0.256835	0.298102	0.277501	0.406919	0.301293	0.302343	0.314737	0.30498	0.28188	0.291366	0.27091	0.268323	0.298584	0.293654	0.332947	0.346112	0.357624	0.364725	0.359072	0.339969	0.234786	0.234778	0.238291	0.245423	0.322998	0.319559	0.30832	0.293729	0.294724	0.284306	0.269964	0.270166	0.272165	0.276677	0.243303	0.241384	0.232859	0.238903	0.237763	0.243239	0.265791	0.26918	0.253253	0.250932	0.258715	0.26007	0.247588	0.261079	0.263625	0.256661	0.265915	0.255584	0.24986	0.268176	0.270508	0.405174	0.278045	0.264043	0.263941	0.317736	0.314107	0.32495	0.3193	0.308536	0.249652	0.25948	0.270781	0.242009	0.244237	0.242154	0.244691	0.252884	0.262985	0.251926	0.276329	0.26642	0.282197	0.246842	0.220931	0.265249	0.26133	0.383313	0.452835	0.464183	0.443797	0.529654	0.425442	0.429621	0.439665	0.434245	0.40012	0.363705	0.378184	0.377038	0.393029	0.39904	0.363237	0.306831	0.309025	0.307975	0.30688	0.342228	0.335437	0.433203	0.424979	0.436794	0.434854	0.449196	0.441069	0.425844	0.445272	0.445272	0.437233	0.367595	0.367319	0.340759	0.228591	0.226299	0.225032	0.230862	0.230958	0.267139	0.27306	0.270612	0.260131	0.25215	0.265383	0.265383	0.272157	0.264245	0.266512	0.275455	0.235863	0.229795	0.251598	0.262569	0.245644	0.264562	0.29076	0.296978	0.321347	0.231533	0.234037	0.235962	0.257516	0.224565	0.227914	0.229475	0.230169	0.219793	0.23991	0.247645
Hirundo_rustica	0.266286	0.128405	0.123177	0.130723	0.139216	0.128872	0.129415	0.126612	0.143069	0.149009	0.147176	0.142213	0.13761	0.149363	0.141835	0.15462	0.146302	0.146388	0.126301	0.147811	0	0.153314	0.157685	0.159527	0.158614	0.134155	0.170109	0.168598	0.16351	0.170685	0.162932	0.165078	0.196683	0.1935	0.174605	0.165493	0.156704	0.171227	0.181434	0.163552	0.161057	0.152859	0.16772	0.182053	0.193298	0.164341	0.186013	0.16668	0.163922	0.160506	0.15756	0.145057	0.155022	0.16284	0.149814	0.16109	0.143145	0.138812	0.166991	0.146196	0.141459	0.145487	0.155772	0.154278	0.158216	0.159776	0.164643	0.170655	0.164354	0.156583	0.157105	0.156895	0.161283	0.157307	0.157178	0.204708	0.16529	0.166663	0.141238	0.15423	0.168999	0.151854	0.157499	0.163378	0.162415	0.14955	0.153817	0.148107	0.143687	0.154578	0.174335	0.157267	0.160858	0.156347	0.153943	0.152739	0.171182	0.148043	0.15221	0.166885	0.166081	0.156886	0.159419	0.147735	0.163355	0.13996	0.156744	0.156303	0.164977	0.158429	0.153478	0.160063	0.141248	0.15467	0.149832	0.164952	0.147514	0.157994	0.16898	0.150669	0.142647	0.186806	0.207065	0.206852	0.187782	0.186972	0.208008	0.189663	0.199221	0.193768	0.259292	0.263838	0.270379	0.279155	0.275662	0.26911	0.257965	0.271882	0.261473	0.27527	0.271438	0.261015	0.265348	0.259444	0.281008	0.265781	0.250633	0.248081	0.257061	0.249977	0.310783	0.334963	0.328605	0.343823	0.397738	0.381101	0.331498	0.351448	0.334688	0.321502	0.333651	0.267363	0.27114	0.291331	0.287198	0.286696	0.294829	0.295973	0.302092	0.2503	0.332117	0.320237	0.323114	0.352742	0.27974	0.278607	0.256461	0.258835	0.27126	0.312527	0.291926	0.421344	0.315718	0.316768	0.329162	0.319405	0.296306	0.305791	0.285335	0.282748	0.313009	0.308079	0.347373	0.360537	0.372049	0.379151	0.373497	0.354395	0.249211	0.249203	0.252716	0.259848	0.337423	0.333984	0.322746	0.308154	0.309149	0.298731	0.284389	0.284591	0.28659	0.291102	0.257728	0.255809	0.247284	0.253328	0.252188	0.257664	0.280216	0.283605	0.267678	0.265357	0.27314	0.274495	0.262013	0.275504	0.27805	0.271086	0.28034	0.270009	0.264285	0.282601	0.284933	0.4196	0.29247	0.278468	0.278366	0.332161	0.328532	0.339375	0.333725	0.322962	0.264077	0.273905	0.285206	0.256434	0.258662	0.256579	0.259116	0.267309	0.27741	0.266351	0.290754	0.280846	0.296622	0.261267	0.235356	0.279674	0.275756	0.397738	0.46726	0.478608	0.458222	0.544079	0.439867	0.444046	0.45409	0.448671	0.414546	0.37813	0.392609	0.391464	0.407454	0.413465	0.377662	0.321257	0.32345	0.3224	0.321305	0.356653	0.349863	0.447628	0.439404	0.451219	0.449279	0.463621	0.455494	0.44027	0.459697	0.459697	0.451658	0.38202	0.381744	0.355184	0.243016	0.240724	0.239457	0.245287	0.245383	0.281565	0.287485	0.285037	0.274556	0.266575	0.279808	0.279808	0.286582	0.27867	0.280937	0.289881	0.250289	0.244221	0.266023	0.276994	0.260069	0.278987	0.305185	0.311404	0.335772	0.245958	0.248462	0.250387	0.271941	0.238991	0.242339	0.2439	0.244594	0.234218	0.254335	0.26207
Donacobius_atricapilla	0.252528	0.117008	0.111781	0.121798	0.130291	0.119947	0.12049	0.117687	0.134144	0.140085	0.138251	0.133289	0.128686	0.140439	0.13291	0.145696	0.137377	0.137463	0.117376	0.138889	0.153314	0	0.140513	0.145768	0.144855	0.120396	0.15635	0.154839	0.149751	0.156926	0.149173	0.151319	0.182924	0.179741	0.160846	0.151735	0.142946	0.157468	0.167675	0.149793	0.147298	0.139101	0.153961	0.168294	0.179539	0.150582	0.172254	0.152922	0.150163	0.146748	0.143801	0.131299	0.141263	0.149081	0.136055	0.147331	0.129387	0.125053	0.153232	0.132438	0.1277	0.131729	0.142013	0.140519	0.144457	0.146017	0.150884	0.156896	0.150595	0.142824	0.143346	0.143136	0.147524	0.143548	0.14342	0.190949	0.151531	0.152905	0.12748	0.140471	0.15524	0.138095	0.14374	0.149619	0.148656	0.135791	0.140059	0.134348	0.129928	0.140819	0.160576	0.143508	0.147099	0.142588	0.140184	0.13898	0.157424	0.134284	0.138451	0.153126	0.152322	0.143127	0.14566	0.133976	0.149596	0.126202	0.142985	0.142544	0.151218	0.14467	0.13972	0.146304	0.12749	0.140911	0.136073	0.151193	0.133755	0.144236	0.155221	0.13691	0.128888	0.173047	0.193307	0.193093	0.174023	0.173213	0.194249	0.175904	0.185463	0.180009	0.245533	0.250079	0.25662	0.265396	0.261903	0.255351	0.244206	0.258124	0.247714	0.261512	0.25768	0.247256	0.251589	0.245686	0.267249	0.252022	0.236874	0.234322	0.243302	0.236219	0.297025	0.321204	0.314846	0.330065	0.383979	0.367342	0.31774	0.337689	0.320929	0.307743	0.319892	0.253604	0.257381	0.277572	0.273439	0.272937	0.28107	0.282214	0.288333	0.236541	0.318358	0.306478	0.309355	0.338984	0.265981	0.264849	0.242702	0.245077	0.257501	0.298769	0.278167	0.407585	0.30196	0.303009	0.315403	0.305646	0.282547	0.292032	0.271576	0.26899	0.29925	0.29432	0.333614	0.346778	0.35829	0.365392	0.359739	0.340636	0.235452	0.235444	0.238957	0.24609	0.323664	0.320226	0.308987	0.294395	0.29539	0.284972	0.27063	0.270832	0.272831	0.277344	0.243969	0.24205	0.233526	0.239569	0.23843	0.243906	0.266458	0.269846	0.253919	0.251598	0.259381	0.260736	0.248255	0.261746	0.264291	0.257327	0.266581	0.25625	0.250526	0.268842	0.271174	0.405841	0.278711	0.264709	0.264608	0.318402	0.314773	0.325616	0.319967	0.309203	0.250318	0.260146	0.271448	0.242675	0.244903	0.242821	0.245357	0.25355	0.263651	0.252592	0.276995	0.267087	0.282863	0.247508	0.221598	0.265915	0.261997	0.383979	0.453501	0.464849	0.444464	0.53032	0.426109	0.430287	0.440331	0.434912	0.400787	0.364371	0.37885	0.377705	0.393696	0.399706	0.363903	0.307498	0.309691	0.308642	0.307547	0.342894	0.336104	0.433869	0.425645	0.43746	0.43552	0.449862	0.441735	0.426511	0.445938	0.445938	0.437899	0.368262	0.367986	0.341425	0.229257	0.226966	0.225698	0.231528	0.231624	0.267806	0.273726	0.271278	0.260797	0.252816	0.266049	0.266049	0.272824	0.264911	0.267178	0.276122	0.23653	0.230462	0.252264	0.263235	0.246311	0.265228	0.291426	0.297645	0.322013	0.232199	0.234704	0.236628	0.258183	0.225232	0.22858	0.230141	0.230835	0.220459	0.240576	0.248311
Locustella_ochotensis	0.256899	0.12138	0.116152	0.126169	0.134662	0.124318	0.124861	0.122058	0.138516	0.144456	0.142622	0.13766	0.133057	0.14481	0.137281	0.150067	0.141748	0.141834	0.121747	0.14326	0.157685	0.140513	0	0.150139	0.149226	0.124767	0.160721	0.15921	0.154122	0.161297	0.153544	0.15569	0.187295	0.184112	0.165218	0.156106	0.147317	0.16184	0.172046	0.154164	0.151669	0.143472	0.158332	0.172665	0.18391	0.154953	0.176625	0.157293	0.154534	0.151119	0.148172	0.13567	0.145634	0.153452	0.140426	0.151702	0.133758	0.129424	0.157603	0.136809	0.132071	0.1361	0.146384	0.14489	0.148828	0.150388	0.155255	0.161267	0.154966	0.147195	0.147717	0.147507	0.151895	0.147919	0.147791	0.19532	0.155902	0.157276	0.131851	0.144842	0.159611	0.142466	0.148111	0.15399	0.153027	0.140162	0.14443	0.138719	0.134299	0.14519	0.164947	0.147879	0.15147	0.146959	0.144555	0.143351	0.161795	0.138655	0.142822	0.157497	0.156693	0.147498	0.150031	0.138347	0.153967	0.130573	0.147356	0.146915	0.155589	0.149042	0.144091	0.150675	0.131861	0.145282	0.140444	0.155564	0.138126	0.148607	0.159592	0.141281	0.133259	0.177419	0.197678	0.197464	0.178394	0.177584	0.19862	0.180275	0.189834	0.18438	0.249904	0.25445	0.260991	0.269767	0.266274	0.259722	0.248577	0.262495	0.252085	0.265883	0.262051	0.251627	0.25596	0.250057	0.27162	0.256393	0.241245	0.238693	0.247673	0.24059	0.301396	0.325575	0.319217	0.334436	0.38835	0.371713	0.322111	0.34206	0.3253	0.312114	0.324263	0.257975	0.261752	0.281943	0.27781	0.277308	0.285441	0.286585	0.292704	0.240912	0.322729	0.310849	0.313726	0.343355	0.270352	0.26922	0.247073	0.249448	0.261872	0.30314	0.282538	0.411956	0.306331	0.30738	0.319774	0.310018	0.286918	0.296403	0.275947	0.273361	0.303621	0.298691	0.337985	0.351149	0.362661	0.369763	0.36411	0.345007	0.239823	0.239815	0.243328	0.250461	0.328035	0.324597	0.313358	0.298766	0.299761	0.289343	0.275001	0.275203	0.277202	0.281715	0.24834	0.246421	0.237897	0.24394	0.242801	0.248277	0.270829	0.274217	0.25829	0.255969	0.263752	0.265107	0.252626	0.266117	0.268662	0.261698	0.270952	0.260621	0.254897	0.273213	0.275545	0.410212	0.283082	0.26908	0.268979	0.322773	0.319144	0.329987	0.324338	0.313574	0.254689	0.264517	0.275819	0.247046	0.249274	0.247192	0.249728	0.257921	0.268022	0.256963	0.281366	0.271458	0.287234	0.251879	0.225969	0.270286	0.266368	0.38835	0.457873	0.46922	0.448835	0.534691	0.43048	0.434658	0.444702	0.439283	0.405158	0.368742	0.383221	0.382076	0.398067	0.404077	0.368274	0.311869	0.314062	0.313013	0.311918	0.347265	0.340475	0.43824	0.430016	0.441831	0.439891	0.454233	0.446106	0.430882	0.450309	0.450309	0.44227	0.372633	0.372357	0.345796	0.233628	0.231337	0.230069	0.235899	0.235995	0.272177	0.278097	0.275649	0.265168	0.257187	0.27042	0.27042	0.277195	0.269282	0.271549	0.280493	0.240901	0.234833	0.256635	0.267606	0.250682	0.2696	0.295797	0.302016	0.326384	0.23657	0.239075	0.240999	0.262554	0.229603	0.232951	0.234512	0.235206	0.22483	0.244947	0.252682
Alaudala_cheleensis	0.251294	0.123221	0.117994	0.128011	0.136504	0.12616	0.126703	0.1239	0.140357	0.146298	0.144464	0.139501	0.134899	0.146652	0.139123	0.151909	0.14359	0.143676	0.123589	0.145102	0.159527	0.145768	0.150139	0	0.138785	0.116663	0.155116	0.153605	0.148517	0.155692	0.147939	0.150085	0.18169	0.178507	0.159612	0.150501	0.141712	0.156234	0.166441	0.148559	0.146064	0.137867	0.152727	0.16706	0.178305	0.149348	0.17102	0.151688	0.148929	0.145514	0.142567	0.130065	0.140029	0.147847	0.134821	0.146097	0.128153	0.123819	0.151998	0.131203	0.126466	0.130495	0.140779	0.139285	0.143223	0.144783	0.14965	0.155662	0.149361	0.14159	0.142112	0.141902	0.14629	0.142314	0.142186	0.189715	0.150297	0.151671	0.126246	0.139237	0.154006	0.136861	0.142506	0.148385	0.147422	0.134557	0.138825	0.133114	0.128694	0.139585	0.159342	0.142274	0.145865	0.141354	0.13895	0.137746	0.15619	0.13305	0.137217	0.151892	0.151088	0.141893	0.144426	0.132742	0.148362	0.124967	0.141751	0.14131	0.149984	0.143436	0.138486	0.14507	0.126256	0.139677	0.134839	0.149959	0.132521	0.143002	0.153987	0.135676	0.127654	0.171813	0.192073	0.191859	0.172789	0.171979	0.193015	0.17467	0.184229	0.178775	0.244299	0.248845	0.255386	0.264162	0.260669	0.254117	0.242972	0.256889	0.24648	0.260277	0.256446	0.246022	0.250355	0.244452	0.266015	0.250788	0.23564	0.233088	0.242068	0.234985	0.295791	0.31997	0.313612	0.328831	0.382745	0.366108	0.316506	0.336455	0.319695	0.306509	0.318658	0.25237	0.256147	0.276338	0.272205	0.271703	0.279836	0.28098	0.287099	0.235307	0.317124	0.305244	0.308121	0.33775	0.264747	0.263614	0.241468	0.243842	0.256267	0.297535	0.276933	0.406351	0.300726	0.301775	0.314169	0.304412	0.281313	0.290798	0.270342	0.267756	0.298016	0.293086	0.33238	0.345544	0.357056	0.364158	0.358504	0.339402	0.234218	0.23421	0.237723	0.244856	0.32243	0.318992	0.307753	0.293161	0.294156	0.283738	0.269396	0.269598	0.271597	0.27611	0.242735	0.240816	0.232291	0.238335	0.237196	0.242672	0.265224	0.268612	0.252685	0.250364	0.258147	0.259502	0.24702	0.260512	0.263057	0.256093	0.265347	0.255016	0.249292	0.267608	0.26994	0.404607	0.277477	0.263475	0.263374	0.317168	0.313539	0.324382	0.318733	0.307969	0.249084	0.258912	0.270214	0.241441	0.243669	0.241586	0.244123	0.252316	0.262417	0.251358	0.275761	0.265853	0.281629	0.246274	0.220364	0.264681	0.260763	0.382745	0.452267	0.463615	0.44323	0.529086	0.424875	0.429053	0.439097	0.433678	0.399553	0.363137	0.377616	0.376471	0.392461	0.398472	0.362669	0.306264	0.308457	0.307408	0.306313	0.34166	0.33487	0.432635	0.424411	0.436226	0.434286	0.448628	0.440501	0.425277	0.444704	0.444704	0.436665	0.367028	0.366751	0.340191	0.228023	0.225732	0.224464	0.230294	0.23039	0.266572	0.272492	0.270044	0.259563	0.251582	0.264815	0.264815	0.271589	0.263677	0.265944	0.274888	0.235296	0.229228	0.25103	0.262001	0.245076	0.263994	0.290192	0.296411	0.320779	0.230965	0.23347	0.235394	0.256949	0.223998	0.227346	0.228907	0.229601	0.219225	0.239342	0.247077
Sylvietta_virens	0.25038	0.122308	0.117081	0.127098	0.135591	0.125247	0.12579	0.122987	0.139444	0.145384	0.143551	0.138588	0.133986	0.145738	0.13821	0.150995	0.142677	0.142763	0.122676	0.144189	0.158614	0.144855	0.149226	0.138785	0	0.11575	0.154203	0.152692	0.147604	0.154779	0.147026	0.149172	0.180777	0.177594	0.158699	0.149587	0.140798	0.155321	0.165528	0.147646	0.145151	0.136954	0.151814	0.166147	0.177392	0.148435	0.170107	0.150775	0.148016	0.1446	0.141654	0.129151	0.139116	0.146934	0.133908	0.145184	0.127239	0.122906	0.151085	0.13029	0.125553	0.129581	0.139866	0.138372	0.14231	0.14387	0.148737	0.154749	0.148448	0.140677	0.141199	0.140989	0.145377	0.141401	0.141272	0.188802	0.149384	0.150757	0.125332	0.138324	0.153093	0.135948	0.141593	0.147472	0.146509	0.133644	0.137911	0.132201	0.127781	0.138672	0.158429	0.141361	0.144952	0.140441	0.138037	0.136833	0.155276	0.132137	0.136304	0.150979	0.150175	0.14098	0.143513	0.131829	0.147449	0.124054	0.140838	0.140397	0.149071	0.142523	0.137572	0.144157	0.125343	0.138764	0.133926	0.149046	0.131608	0.142088	0.153074	0.134763	0.126741	0.1709	0.191159	0.190946	0.171876	0.171066	0.192102	0.173757	0.183316	0.177862	0.243386	0.247932	0.254473	0.263249	0.259756	0.253204	0.242059	0.255976	0.245567	0.259364	0.255532	0.245109	0.249442	0.243538	0.265102	0.249875	0.234727	0.232175	0.241155	0.234071	0.294878	0.319057	0.312699	0.327918	0.381832	0.365195	0.315592	0.335542	0.318782	0.305596	0.317745	0.251457	0.255234	0.275425	0.271292	0.27079	0.278923	0.280067	0.286186	0.234394	0.316211	0.304331	0.307208	0.336836	0.263834	0.262701	0.240555	0.242929	0.255354	0.296621	0.27602	0.405438	0.299813	0.300862	0.313256	0.303499	0.2804	0.289885	0.269429	0.266842	0.297103	0.292173	0.331467	0.344631	0.356143	0.363245	0.357591	0.338489	0.233305	0.233297	0.23681	0.243942	0.321517	0.318078	0.30684	0.292248	0.293243	0.282825	0.268483	0.268685	0.270684	0.275197	0.241822	0.239903	0.231378	0.237422	0.236282	0.241758	0.264311	0.267699	0.251772	0.249451	0.257234	0.258589	0.246107	0.259599	0.262144	0.25518	0.264434	0.254103	0.248379	0.266695	0.269027	0.403694	0.276564	0.262562	0.26246	0.316255	0.312626	0.323469	0.31782	0.307056	0.248171	0.257999	0.269301	0.240528	0.242756	0.240673	0.24321	0.251403	0.261504	0.250445	0.274848	0.26494	0.280716	0.245361	0.21945	0.263768	0.25985	0.381832	0.451354	0.462702	0.442316	0.528173	0.423961	0.42814	0.438184	0.432765	0.39864	0.362224	0.376703	0.375558	0.391548	0.397559	0.361756	0.305351	0.307544	0.306495	0.305399	0.340747	0.333957	0.431722	0.423498	0.435313	0.433373	0.447715	0.439588	0.424364	0.443791	0.443791	0.435752	0.366114	0.365838	0.339278	0.22711	0.224818	0.223551	0.229381	0.229477	0.265659	0.271579	0.269131	0.25865	0.250669	0.263902	0.263902	0.270676	0.262764	0.265031	0.273975	0.234383	0.228315	0.250117	0.261088	0.244163	0.263081	0.289279	0.295498	0.319866	0.230052	0.232556	0.234481	0.256035	0.223085	0.226433	0.227994	0.228688	0.218312	0.238429	0.246164
Nicator_chloris	0.225922	0.0978494	0.0926217	0.102639	0.111132	0.100788	0.101331	0.0985283	0.114985	0.120925	0.119092	0.114129	0.109527	0.12128	0.113751	0.126537	0.118218	0.118304	0.0982172	0.11973	0.134155	0.120396	0.124767	0.116663	0.11575	0	0.129744	0.128233	0.123145	0.13032	0.122567	0.124713	0.156318	0.153135	0.13424	0.125129	0.11634	0.130862	0.141069	0.123187	0.120692	0.112495	0.127355	0.141688	0.152933	0.123976	0.145648	0.126316	0.123557	0.120142	0.117195	0.104693	0.114657	0.122475	0.109449	0.120725	0.102781	0.0984466	0.126626	0.105831	0.101094	0.105122	0.115407	0.113913	0.117851	0.119411	0.124278	0.13029	0.123989	0.116218	0.11674	0.11653	0.120918	0.116942	0.116814	0.164343	0.124925	0.126299	0.100874	0.113865	0.128634	0.111489	0.117134	0.123013	0.12205	0.109185	0.113453	0.107742	0.103322	0.114213	0.13397	0.116902	0.120493	0.115982	0.113578	0.112374	0.130818	0.107678	0.111845	0.12652	0.125716	0.116521	0.119054	0.10737	0.12299	0.0995954	0.116379	0.115938	0.124612	0.118064	0.113114	0.119698	0.100884	0.114305	0.109467	0.124587	0.107149	0.11763	0.128615	0.110304	0.102282	0.146441	0.166701	0.166487	0.147417	0.146607	0.167643	0.149298	0.158857	0.153403	0.218927	0.223473	0.230014	0.23879	0.235297	0.228745	0.2176	0.231517	0.221108	0.234905	0.231074	0.22065	0.224983	0.21908	0.240643	0.225416	0.210268	0.207716	0.216696	0.209613	0.270419	0.294598	0.28824	0.303459	0.357373	0.340736	0.291134	0.311083	0.294323	0.281137	0.293286	0.226998	0.230775	0.250966	0.246833	0.246331	0.254464	0.255608	0.261727	0.209935	0.291752	0.279872	0.282749	0.312378	0.239375	0.238242	0.216096	0.21847	0.230895	0.272162	0.251561	0.380979	0.275354	0.276403	0.288797	0.27904	0.255941	0.265426	0.24497	0.242384	0.272644	0.267714	0.307008	0.320172	0.331684	0.338786	0.333132	0.31403	0.208846	0.208838	0.212351	0.219484	0.297058	0.29362	0.282381	0.267789	0.268784	0.258366	0.244024	0.244226	0.246225	0.250738	0.217363	0.215444	0.206919	0.212963	0.211823	0.2173	0.239852	0.24324	0.227313	0.224992	0.232775	0.23413	0.221648	0.23514	0.237685	0.230721	0.239975	0.229644	0.22392	0.242236	0.244568	0.379235	0.252105	0.238103	0.238002	0.291796	0.288167	0.29901	0.293361	0.282597	0.223712	0.23354	0.244842	0.216069	0.218297	0.216214	0.218751	0.226944	0.237045	0.225986	0.250389	0.240481	0.256257	0.220902	0.194992	0.239309	0.235391	0.357373	0.426895	0.438243	0.417858	0.503714	0.399502	0.403681	0.413725	0.408306	0.374181	0.337765	0.352244	0.351099	0.367089	0.3731	0.337297	0.280892	0.283085	0.282036	0.28094	0.316288	0.309498	0.407263	0.399039	0.410854	0.408914	0.423256	0.415129	0.399905	0.419332	0.419332	0.411293	0.341655	0.341379	0.314819	0.202651	0.20036	0.199092	0.204922	0.205018	0.2412	0.24712	0.244672	0.234191	0.22621	0.239443	0.239443	0.246217	0.238305	0.240572	0.249516	0.209924	0.203856	0.225658	0.236629	0.219704	0.238622	0.26482	0.271039	0.295407	0.205593	0.208097	0.210022	0.231577	0.198626	0.201974	0.203535	0.204229	0.193853	0.21397	0.221705
Agelaius_phoeniceus	0.259411	0.133803	0.128576	0.138593	0.147086	0.136742	0.137285	0.134482	0.150939	0.156879	0.155046	0.150083	0.145481	0.157234	0.149705	0.162491	0.154172	0.154258	0.134171	0.155684	0.170109	0.15635	0.160721	0.155116	0.154203	0.129744	0	0.0329888	0.0279005	0.0826973	0.0749446	0.0923413	0.128319	0.125135	0.106241	0.0971288	0.0883398	0.102863	0.113069	0.0951869	0.0926921	0.0844949	0.0993549	0.115817	0.127062	0.101101	0.136375	0.117043	0.114284	0.110869	0.107922	0.107574	0.120843	0.13139	0.120548	0.135711	0.123909	0.125498	0.160115	0.139321	0.134583	0.138612	0.148897	0.147403	0.15134	0.152901	0.157767	0.163779	0.157479	0.149708	0.150229	0.150019	0.154408	0.150432	0.150303	0.197832	0.158415	0.159788	0.134363	0.147354	0.162124	0.144979	0.150624	0.156503	0.15554	0.142674	0.146942	0.141232	0.136812	0.147702	0.167459	0.150391	0.153983	0.149472	0.147068	0.145864	0.164307	0.141168	0.145335	0.16001	0.159206	0.150011	0.152543	0.140859	0.15648	0.133085	0.149868	0.149428	0.158102	0.151554	0.146603	0.153187	0.134373	0.147795	0.142957	0.158076	0.140638	0.151119	0.162105	0.143794	0.135771	0.179931	0.20019	0.199977	0.180907	0.180097	0.201132	0.182788	0.192346	0.186893	0.252417	0.256962	0.263503	0.272279	0.268786	0.262234	0.25109	0.265007	0.254598	0.268395	0.264563	0.25414	0.258473	0.252569	0.274133	0.258905	0.243757	0.241205	0.250185	0.243102	0.303908	0.328088	0.32173	0.336948	0.390862	0.374226	0.324623	0.344573	0.327813	0.314626	0.326775	0.260487	0.264264	0.284455	0.280323	0.279821	0.287953	0.289097	0.295216	0.243424	0.325241	0.313362	0.316239	0.345867	0.272864	0.271732	0.249585	0.25196	0.264385	0.305652	0.28505	0.414469	0.308843	0.309893	0.322287	0.31253	0.28943	0.298916	0.27846	0.275873	0.306134	0.301203	0.340497	0.353661	0.365174	0.372275	0.366622	0.347519	0.242336	0.242328	0.245841	0.252973	0.330548	0.327109	0.31587	0.301279	0.302273	0.291856	0.277514	0.277715	0.279715	0.284227	0.250853	0.248934	0.240409	0.246453	0.245313	0.250789	0.273341	0.27673	0.260803	0.258482	0.266265	0.26762	0.255138	0.268629	0.271174	0.26421	0.273464	0.263134	0.25741	0.275726	0.278057	0.412724	0.285595	0.271592	0.271491	0.325286	0.321656	0.3325	0.32685	0.316086	0.257202	0.267029	0.278331	0.249558	0.251787	0.249704	0.252241	0.260433	0.270534	0.259476	0.283878	0.27397	0.289747	0.254392	0.228481	0.272799	0.26888	0.390862	0.460385	0.471733	0.451347	0.537204	0.432992	0.43717	0.447214	0.441795	0.40767	0.371254	0.385733	0.384588	0.400579	0.406589	0.370786	0.314381	0.316575	0.315525	0.31443	0.349777	0.342987	0.440753	0.432529	0.444344	0.442404	0.456745	0.448618	0.433394	0.452821	0.452821	0.444782	0.375145	0.374869	0.348308	0.236141	0.233849	0.232582	0.238411	0.238508	0.274689	0.28061	0.278162	0.267681	0.259699	0.272932	0.272932	0.279707	0.271795	0.274062	0.283005	0.243413	0.237345	0.259148	0.270119	0.253194	0.272112	0.298309	0.304528	0.328897	0.239082	0.241587	0.243511	0.265066	0.232115	0.235463	0.237025	0.237718	0.227342	0.24746	0.255195
Molothrus_ater	0.2579	0.132292	0.127065	0.137082	0.145575	0.135231	0.135774	0.132971	0.149428	0.155368	0.153535	0.148572	0.14397	0.155722	0.148194	0.160979	0.152661	0.152747	0.13266	0.154173	0.168598	0.154839	0.15921	0.153605	0.152692	0.128233	0.0329888	0	0.00981648	0.0811862	0.0734335	0.0908301	0.126807	0.123624	0.104729	0.0956177	0.0868287	0.101352	0.111558	0.0936758	0.091181	0.0829837	0.0978438	0.114306	0.12555	0.0995896	0.134864	0.115532	0.112773	0.109357	0.106411	0.106063	0.119331	0.129879	0.119037	0.134199	0.122398	0.123987	0.158604	0.13781	0.133072	0.137101	0.147386	0.145891	0.149829	0.15139	0.156256	0.162268	0.155968	0.148197	0.148718	0.148508	0.152896	0.148921	0.148792	0.196321	0.156904	0.158277	0.132852	0.145843	0.160613	0.143468	0.149113	0.154992	0.154029	0.141163	0.145431	0.13972	0.135301	0.146191	0.165948	0.14888	0.152472	0.147961	0.145557	0.144353	0.162796	0.139656	0.143824	0.158499	0.157695	0.1485	0.151032	0.139348	0.154969	0.131574	0.148357	0.147917	0.156591	0.150043	0.145092	0.151676	0.132862	0.146283	0.141446	0.156565	0.139127	0.149608	0.160593	0.142283	0.13426	0.17842	0.198679	0.198465	0.179395	0.178586	0.199621	0.181277	0.190835	0.185382	0.250905	0.255451	0.261992	0.270768	0.267275	0.260723	0.249579	0.263496	0.253087	0.266884	0.263052	0.252629	0.256962	0.251058	0.272621	0.257394	0.242246	0.239694	0.248674	0.241591	0.302397	0.326577	0.320218	0.335437	0.389351	0.372714	0.323112	0.343062	0.326301	0.313115	0.325264	0.258976	0.262753	0.282944	0.278812	0.27831	0.286442	0.287586	0.293705	0.241913	0.32373	0.311851	0.314727	0.344356	0.271353	0.270221	0.248074	0.250449	0.262874	0.304141	0.283539	0.412958	0.307332	0.308381	0.320776	0.311019	0.287919	0.297405	0.276949	0.274362	0.304623	0.299692	0.338986	0.35215	0.363663	0.370764	0.365111	0.346008	0.240825	0.240816	0.24433	0.251462	0.329037	0.325598	0.314359	0.299768	0.300762	0.290345	0.276003	0.276204	0.278204	0.282716	0.249342	0.247423	0.238898	0.244942	0.243802	0.249278	0.27183	0.275219	0.259292	0.256971	0.264754	0.266108	0.253627	0.267118	0.269663	0.262699	0.271953	0.261623	0.255899	0.274215	0.276546	0.411213	0.284083	0.270081	0.26998	0.323775	0.320145	0.330989	0.325339	0.314575	0.25569	0.265518	0.27682	0.248047	0.250275	0.248193	0.25073	0.258922	0.269023	0.257964	0.282367	0.272459	0.288236	0.252881	0.22697	0.271287	0.267369	0.389351	0.458874	0.470222	0.449836	0.535692	0.431481	0.435659	0.445703	0.440284	0.406159	0.369743	0.384222	0.383077	0.399068	0.405078	0.369275	0.31287	0.315064	0.314014	0.312919	0.348266	0.341476	0.439242	0.431017	0.442832	0.440893	0.455234	0.447107	0.431883	0.45131	0.45131	0.443271	0.373634	0.373358	0.346797	0.23463	0.232338	0.231071	0.2369	0.236997	0.273178	0.279099	0.27665	0.26617	0.258188	0.271421	0.271421	0.278196	0.270284	0.27255	0.281494	0.241902	0.235834	0.257637	0.268608	0.251683	0.270601	0.296798	0.303017	0.327386	0.237571	0.240076	0.242	0.263555	0.230604	0.233952	0.235513	0.236207	0.225831	0.245948	0.253684
Quiscalus_mexicanus	0.252812	0.127204	0.121976	0.131994	0.140487	0.130143	0.130686	0.127883	0.14434	0.15028	0.148447	0.143484	0.138881	0.150634	0.143106	0.155891	0.147573	0.147659	0.127572	0.149084	0.16351	0.149751	0.154122	0.148517	0.147604	0.123145	0.0279005	0.00981648	0	0.0760979	0.0683452	0.0857419	0.121719	0.118536	0.0996412	0.0905294	0.0817404	0.0962632	0.10647	0.0885875	0.0860927	0.0778955	0.0927555	0.109217	0.120462	0.0945014	0.129776	0.110443	0.107685	0.104269	0.101323	0.100975	0.114243	0.12479	0.113948	0.129111	0.117309	0.118898	0.153516	0.132722	0.127984	0.132013	0.142297	0.140803	0.144741	0.146301	0.151168	0.15718	0.150879	0.143108	0.14363	0.14342	0.147808	0.143832	0.143704	0.191233	0.151815	0.153189	0.127764	0.140755	0.155524	0.138379	0.144024	0.149903	0.14894	0.136075	0.140343	0.134632	0.130212	0.141103	0.16086	0.143792	0.147383	0.142873	0.140469	0.139264	0.157708	0.134568	0.138735	0.15341	0.152606	0.143411	0.145944	0.13426	0.14988	0.126486	0.143269	0.142828	0.151502	0.144955	0.140004	0.146588	0.127774	0.141195	0.136357	0.151477	0.134039	0.14452	0.155505	0.137194	0.129172	0.173332	0.193591	0.193377	0.174307	0.173497	0.194533	0.176188	0.185747	0.180293	0.245817	0.250363	0.256904	0.26568	0.262187	0.255635	0.24449	0.258408	0.247998	0.261796	0.257964	0.24754	0.251873	0.24597	0.267533	0.252306	0.237158	0.234606	0.243586	0.236503	0.297309	0.321488	0.31513	0.330349	0.384263	0.367626	0.318024	0.337973	0.321213	0.308027	0.320176	0.253888	0.257665	0.277856	0.273723	0.273221	0.281354	0.282498	0.288617	0.236825	0.318642	0.306762	0.309639	0.339268	0.266265	0.265133	0.242986	0.245361	0.257785	0.299053	0.278451	0.407869	0.302244	0.303293	0.315687	0.305931	0.282831	0.292316	0.27186	0.269274	0.299534	0.294604	0.333898	0.347062	0.358574	0.365676	0.360023	0.34092	0.235736	0.235728	0.239241	0.246374	0.323948	0.32051	0.309271	0.294679	0.295674	0.285256	0.270914	0.271116	0.273115	0.277628	0.244254	0.242334	0.23381	0.239853	0.238714	0.24419	0.266742	0.270131	0.254203	0.251882	0.259665	0.26102	0.248539	0.26203	0.264575	0.257611	0.266865	0.256534	0.25081	0.269126	0.271458	0.406125	0.278995	0.264993	0.264892	0.318686	0.315057	0.3259	0.320251	0.309487	0.250602	0.26043	0.271732	0.242959	0.245187	0.243105	0.245642	0.253834	0.263935	0.252876	0.277279	0.267371	0.283147	0.247792	0.221882	0.266199	0.262281	0.384263	0.453786	0.465133	0.444748	0.530604	0.426393	0.430571	0.440615	0.435196	0.401071	0.364655	0.379134	0.377989	0.39398	0.39999	0.364187	0.307782	0.309975	0.308926	0.307831	0.343178	0.336388	0.434153	0.425929	0.437744	0.435805	0.450146	0.442019	0.426795	0.446222	0.446222	0.438183	0.368546	0.36827	0.341709	0.229541	0.22725	0.225982	0.231812	0.231908	0.26809	0.27401	0.271562	0.261081	0.2531	0.266333	0.266333	0.273108	0.265195	0.267462	0.276406	0.236814	0.230746	0.252548	0.263519	0.246595	0.265513	0.29171	0.297929	0.322297	0.232483	0.234988	0.236912	0.258467	0.225516	0.228864	0.230425	0.231119	0.220743	0.24086	0.248595
Setophaga_coronata	0.259987	0.134379	0.129152	0.139169	0.147662	0.137318	0.137861	0.135058	0.151515	0.157455	0.155622	0.150659	0.146057	0.15781	0.150281	0.163067	0.154748	0.154834	0.134747	0.15626	0.170685	0.156926	0.161297	0.155692	0.154779	0.13032	0.0826973	0.0811862	0.0760979	0	0.0221217	0.0929173	0.128895	0.125711	0.106817	0.0977048	0.0889158	0.103439	0.113645	0.0957629	0.0932681	0.0850709	0.099931	0.116393	0.127638	0.101677	0.136951	0.117619	0.11486	0.111445	0.108498	0.10815	0.121419	0.131966	0.121124	0.136287	0.124485	0.126074	0.160691	0.139897	0.135159	0.139188	0.149473	0.147979	0.151916	0.153477	0.158343	0.164355	0.158055	0.150284	0.150805	0.150595	0.154984	0.151008	0.150879	0.198408	0.158991	0.160364	0.134939	0.14793	0.1627	0.145555	0.1512	0.157079	0.156116	0.14325	0.147518	0.141808	0.137388	0.148278	0.168035	0.150967	0.154559	0.150048	0.147644	0.14644	0.164883	0.141744	0.145911	0.160586	0.159782	0.150587	0.153119	0.141435	0.157056	0.133661	0.150444	0.150004	0.158678	0.15213	0.147179	0.153763	0.134949	0.148371	0.143533	0.158652	0.141214	0.151695	0.162681	0.14437	0.136347	0.180507	0.200766	0.200553	0.181483	0.180673	0.201708	0.183364	0.192922	0.187469	0.252993	0.257538	0.264079	0.272856	0.269362	0.26281	0.251666	0.265583	0.255174	0.268971	0.265139	0.254716	0.259049	0.253145	0.274709	0.259481	0.244333	0.241782	0.250761	0.243678	0.304484	0.328664	0.322306	0.337524	0.391438	0.374802	0.325199	0.345149	0.328389	0.315202	0.327351	0.261063	0.26484	0.285031	0.280899	0.280397	0.288529	0.289673	0.295792	0.244	0.325817	0.313938	0.316815	0.346443	0.27344	0.272308	0.250161	0.252536	0.264961	0.306228	0.285626	0.415045	0.309419	0.310469	0.322863	0.313106	0.290006	0.299492	0.279036	0.276449	0.30671	0.301779	0.341073	0.354237	0.36575	0.372851	0.367198	0.348095	0.242912	0.242904	0.246417	0.253549	0.331124	0.327685	0.316446	0.301855	0.302849	0.292432	0.27809	0.278291	0.280291	0.284803	0.251429	0.24951	0.240985	0.247029	0.245889	0.251365	0.273917	0.277306	0.261379	0.259058	0.266841	0.268196	0.255714	0.269205	0.27175	0.264786	0.27404	0.26371	0.257986	0.276302	0.278633	0.4133	0.286171	0.272168	0.272067	0.325862	0.322232	0.333076	0.327426	0.316662	0.257778	0.267606	0.278907	0.250134	0.252363	0.25028	0.252817	0.261009	0.27111	0.260052	0.284454	0.274546	0.290323	0.254968	0.229057	0.273375	0.269456	0.391438	0.460961	0.472309	0.451923	0.53778	0.433568	0.437746	0.44779	0.442371	0.408246	0.37183	0.386309	0.385164	0.401155	0.407165	0.371362	0.314957	0.317151	0.316101	0.315006	0.350353	0.343563	0.441329	0.433105	0.44492	0.44298	0.457321	0.449194	0.43397	0.453397	0.453397	0.445359	0.375721	0.375445	0.348884	0.236717	0.234425	0.233158	0.238987	0.239084	0.275265	0.281186	0.278738	0.268257	0.260275	0.273509	0.273509	0.280283	0.272371	0.274638	0.283581	0.243989	0.237921	0.259724	0.270695	0.25377	0.272688	0.298885	0.305104	0.329473	0.239658	0.242163	0.244087	0.265642	0.232691	0.236039	0.237601	0.238294	0.227919	0.248036	0.255771
Setophaga_kirtlandii	0.252234	0.126627	0.121399	0.131416	0.139909	0.129565	0.130109	0.127306	0.143763	0.149703	0.147869	0.142907	0.138304	0.150057	0.142528	0.155314	0.146995	0.147082	0.126995	0.148507	0.162932	0.149173	0.153544	0.147939	0.147026	0.122567	0.0749446	0.0734335	0.0683452	0.0221217	0	0.0851646	0.121142	0.117958	0.099064	0.0899522	0.0811631	0.095686	0.105893	0.0880102	0.0855154	0.0773182	0.0921783	0.10864	0.119885	0.0939241	0.129199	0.109866	0.107108	0.103692	0.100745	0.100398	0.113666	0.124213	0.113371	0.128534	0.116732	0.118321	0.152939	0.132144	0.127407	0.131435	0.14172	0.140226	0.144164	0.145724	0.150591	0.156603	0.150302	0.142531	0.143053	0.142843	0.147231	0.143255	0.143126	0.190656	0.151238	0.152611	0.127186	0.140178	0.154947	0.137802	0.143447	0.149326	0.148363	0.135498	0.139765	0.134055	0.129635	0.140526	0.160283	0.143215	0.146806	0.142295	0.139891	0.138687	0.15713	0.133991	0.138158	0.152833	0.152029	0.142834	0.145367	0.133683	0.149303	0.125908	0.142692	0.142251	0.150925	0.144377	0.139426	0.146011	0.127196	0.140618	0.13578	0.1509	0.133462	0.143942	0.154928	0.136617	0.128595	0.172754	0.193013	0.1928	0.17373	0.17292	0.193956	0.175611	0.185169	0.179716	0.24524	0.249786	0.256327	0.265103	0.26161	0.255058	0.243913	0.25783	0.247421	0.261218	0.257386	0.246963	0.251296	0.245392	0.266956	0.251729	0.236581	0.234029	0.243009	0.235925	0.296732	0.320911	0.314553	0.329772	0.383686	0.367049	0.317446	0.337396	0.320636	0.30745	0.319599	0.253311	0.257088	0.277279	0.273146	0.272644	0.280777	0.281921	0.28804	0.236248	0.318065	0.306185	0.309062	0.33869	0.265688	0.264555	0.242409	0.244783	0.257208	0.298475	0.277874	0.407292	0.301667	0.302716	0.31511	0.305353	0.282254	0.291739	0.271283	0.268696	0.298957	0.294027	0.333321	0.346485	0.357997	0.365099	0.359445	0.340343	0.235159	0.235151	0.238664	0.245796	0.323371	0.319932	0.308694	0.294102	0.295097	0.284679	0.270337	0.270539	0.272538	0.27705	0.243676	0.241757	0.233232	0.239276	0.238136	0.243612	0.266165	0.269553	0.253626	0.251305	0.259088	0.260443	0.247961	0.261452	0.263998	0.257034	0.266288	0.255957	0.250233	0.268549	0.270881	0.405548	0.278418	0.264416	0.264314	0.318109	0.31448	0.325323	0.319674	0.30891	0.250025	0.259853	0.271154	0.242382	0.24461	0.242527	0.245064	0.253257	0.263358	0.252299	0.276702	0.266794	0.28257	0.247215	0.221304	0.265622	0.261704	0.383686	0.453208	0.464556	0.44417	0.530027	0.425815	0.429994	0.440038	0.434619	0.400494	0.364078	0.378557	0.377412	0.393402	0.399413	0.36361	0.307205	0.309398	0.308348	0.307253	0.342601	0.335811	0.433576	0.425352	0.437167	0.435227	0.449569	0.441442	0.426218	0.445645	0.445645	0.437606	0.367968	0.367692	0.341132	0.228964	0.226672	0.225405	0.231235	0.231331	0.267513	0.273433	0.270985	0.260504	0.252523	0.265756	0.265756	0.27253	0.264618	0.266885	0.275829	0.236237	0.230169	0.251971	0.262942	0.246017	0.264935	0.291133	0.297352	0.32172	0.231906	0.23441	0.236335	0.257889	0.224939	0.228287	0.229848	0.230542	0.220166	0.240283	0.248018
Emberiza_fucata	0.25438	0.128772	0.123544	0.133562	0.142055	0.131711	0.132254	0.129451	0.145908	0.151848	0.150015	0.145052	0.14045	0.152202	0.144674	0.157459	0.149141	0.149227	0.12914	0.150653	0.165078	0.151319	0.15569	0.150085	0.149172	0.124713	0.0923413	0.0908301	0.0857419	0.0929173	0.0851646	0	0.123287	0.120104	0.101209	0.0920975	0.0833085	0.0978313	0.108038	0.0901556	0.0876608	0.0794636	0.0943237	0.110785	0.12203	0.0960695	0.131344	0.112011	0.109253	0.105837	0.102891	0.102543	0.115811	0.126359	0.115516	0.130679	0.118878	0.120466	0.155084	0.13429	0.129552	0.133581	0.143865	0.142371	0.146309	0.147869	0.152736	0.158748	0.152448	0.144676	0.145198	0.144988	0.149376	0.145401	0.145272	0.192801	0.153384	0.154757	0.129332	0.142323	0.157093	0.139947	0.145592	0.151471	0.150509	0.137643	0.141911	0.1362	0.131781	0.142671	0.162428	0.14536	0.148951	0.144441	0.142037	0.140832	0.159276	0.136136	0.140304	0.154978	0.154175	0.144979	0.147512	0.135828	0.151449	0.128054	0.144837	0.144396	0.153071	0.146523	0.141572	0.148156	0.129342	0.142763	0.137926	0.153045	0.135607	0.146088	0.157073	0.138763	0.13074	0.1749	0.195159	0.194945	0.175875	0.175065	0.196101	0.177756	0.187315	0.181862	0.247385	0.251931	0.258472	0.267248	0.263755	0.257203	0.246058	0.259976	0.249567	0.263364	0.259532	0.249108	0.253441	0.247538	0.269101	0.253874	0.238726	0.236174	0.245154	0.238071	0.298877	0.323057	0.316698	0.331917	0.385831	0.369194	0.319592	0.339541	0.322781	0.309595	0.321744	0.255456	0.259233	0.279424	0.275291	0.274789	0.282922	0.284066	0.290185	0.238393	0.32021	0.30833	0.311207	0.340836	0.267833	0.266701	0.244554	0.246929	0.259354	0.300621	0.280019	0.409437	0.303812	0.304861	0.317255	0.307499	0.284399	0.293884	0.273428	0.270842	0.301102	0.296172	0.335466	0.34863	0.360142	0.367244	0.361591	0.342488	0.237304	0.237296	0.240809	0.247942	0.325517	0.322078	0.310839	0.296247	0.297242	0.286824	0.272482	0.272684	0.274683	0.279196	0.245822	0.243902	0.235378	0.241422	0.240282	0.245758	0.26831	0.271699	0.255771	0.25345	0.261233	0.262588	0.250107	0.263598	0.266143	0.259179	0.268433	0.258102	0.252378	0.270694	0.273026	0.407693	0.280563	0.266561	0.26646	0.320254	0.316625	0.327469	0.321819	0.311055	0.25217	0.261998	0.2733	0.244527	0.246755	0.244673	0.24721	0.255402	0.265503	0.254444	0.278847	0.268939	0.284716	0.249361	0.22345	0.267767	0.263849	0.385831	0.455354	0.466701	0.446316	0.532172	0.427961	0.432139	0.442183	0.436764	0.402639	0.366223	0.380702	0.379557	0.395548	0.401558	0.365755	0.30935	0.311543	0.310494	0.309399	0.344746	0.337956	0.435721	0.427497	0.439312	0.437373	0.451714	0.443587	0.428363	0.44779	0.44779	0.439751	0.370114	0.369838	0.343277	0.23111	0.228818	0.22755	0.23338	0.233477	0.269658	0.275578	0.27313	0.26265	0.254668	0.267901	0.267901	0.274676	0.266763	0.26903	0.277974	0.238382	0.232314	0.254117	0.265088	0.248163	0.267081	0.293278	0.299497	0.323865	0.234051	0.236556	0.23848	0.260035	0.227084	0.230432	0.231993	0.232687	0.222311	0.242428	0.250163
Cardinalis_cardinalis	0.285985	0.160378	0.15515	0.165167	0.17366	0.163316	0.16386	0.161057	0.177514	0.183454	0.18162	0.176658	0.172055	0.183808	0.176279	0.189065	0.180746	0.180833	0.160746	0.182258	0.196683	0.182924	0.187295	0.18169	0.180777	0.156318	0.128319	0.126807	0.121719	0.128895	0.121142	0.123287	0	0.0629745	0.10026	0.105817	0.0970283	0.116825	0.127031	0.109149	0.106654	0.0984569	0.120791	0.142391	0.153636	0.127675	0.16295	0.143617	0.140859	0.137443	0.134496	0.134149	0.147417	0.157964	0.147122	0.162285	0.150483	0.152072	0.18669	0.165895	0.161158	0.165186	0.175471	0.173977	0.177915	0.179475	0.184342	0.190354	0.184053	0.176282	0.176804	0.176594	0.180982	0.177006	0.176877	0.224407	0.184989	0.186362	0.160937	0.173929	0.188698	0.171553	0.177198	0.183077	0.182114	0.169249	0.173516	0.167806	0.163386	0.174277	0.194034	0.176966	0.180557	0.176046	0.173642	0.172438	0.190881	0.167742	0.171909	0.186584	0.18578	0.176585	0.179118	0.167434	0.183054	0.159659	0.176443	0.176002	0.184676	0.178128	0.173177	0.179762	0.160947	0.174369	0.169531	0.184651	0.167213	0.177693	0.188679	0.170368	0.162346	0.206505	0.226764	0.226551	0.207481	0.206671	0.227707	0.209362	0.21892	0.213467	0.278991	0.283537	0.290078	0.298854	0.295361	0.288809	0.277664	0.291581	0.281172	0.294969	0.291137	0.280714	0.285047	0.279143	0.300707	0.28548	0.270332	0.26778	0.27676	0.269676	0.330482	0.354662	0.348304	0.363523	0.417437	0.4008	0.351197	0.371147	0.354387	0.341201	0.35335	0.287062	0.290839	0.31103	0.306897	0.306395	0.314528	0.315672	0.321791	0.269999	0.351816	0.339936	0.342813	0.372441	0.299439	0.298306	0.27616	0.278534	0.290959	0.332226	0.311625	0.441043	0.335418	0.336467	0.348861	0.339104	0.316005	0.32549	0.305034	0.302447	0.332708	0.327778	0.367072	0.380236	0.391748	0.39885	0.393196	0.374094	0.26891	0.268902	0.272415	0.279547	0.357122	0.353683	0.342445	0.327853	0.328848	0.31843	0.304088	0.30429	0.306289	0.310801	0.277427	0.275508	0.266983	0.273027	0.271887	0.277363	0.299916	0.303304	0.287377	0.285056	0.292839	0.294194	0.281712	0.295203	0.297749	0.290785	0.300039	0.289708	0.283984	0.3023	0.304632	0.439299	0.312169	0.298167	0.298065	0.35186	0.348231	0.359074	0.353425	0.342661	0.283776	0.293604	0.304905	0.276133	0.278361	0.276278	0.278815	0.287008	0.297109	0.28605	0.310453	0.300545	0.316321	0.280966	0.255055	0.299373	0.295455	0.417437	0.486959	0.498307	0.477921	0.563778	0.459566	0.463745	0.473789	0.46837	0.434245	0.397829	0.412308	0.411163	0.427153	0.433164	0.397361	0.340956	0.343149	0.342099	0.341004	0.376352	0.369562	0.467327	0.459103	0.470918	0.468978	0.48332	0.475193	0.459969	0.479396	0.479396	0.471357	0.401719	0.401443	0.374883	0.262715	0.260423	0.259156	0.264986	0.265082	0.301264	0.307184	0.304736	0.294255	0.286274	0.299507	0.299507	0.306281	0.298369	0.300636	0.30958	0.269988	0.26392	0.285722	0.296693	0.279768	0.298686	0.324884	0.331103	0.355471	0.265657	0.268161	0.270086	0.29164	0.25869	0.262038	0.263599	0.264293	0.253917	0.274034	0.281769
Passerina_amoena	0.282802	0.157194	0.151966	0.161984	0.170477	0.160133	0.160676	0.157873	0.17433	0.18027	0.178437	0.173474	0.168871	0.180624	0.173096	0.185881	0.177563	0.177649	0.157562	0.179074	0.1935	0.179741	0.184112	0.178507	0.177594	0.153135	0.125135	0.123624	0.118536	0.125711	0.117958	0.120104	0.0629745	0	0.0970761	0.102634	0.0938446	0.113641	0.123848	0.105965	0.10347	0.0952733	0.117607	0.139207	0.150452	0.124491	0.159766	0.140433	0.137675	0.134259	0.131313	0.130965	0.144233	0.154781	0.143938	0.159101	0.147299	0.148888	0.183506	0.162712	0.157974	0.162003	0.172287	0.170793	0.174731	0.176291	0.181158	0.18717	0.180869	0.173098	0.17362	0.17341	0.177798	0.173822	0.173694	0.221223	0.181805	0.183179	0.157754	0.170745	0.185515	0.168369	0.174014	0.179893	0.17893	0.166065	0.170333	0.164622	0.160202	0.171093	0.19085	0.173782	0.177373	0.172863	0.170459	0.169254	0.187698	0.164558	0.168726	0.1834	0.182597	0.173401	0.175934	0.16425	0.17987	0.156476	0.173259	0.172818	0.181492	0.174945	0.169994	0.176578	0.157764	0.171185	0.166347	0.181467	0.164029	0.17451	0.185495	0.167184	0.159162	0.203322	0.223581	0.223367	0.204297	0.203487	0.224523	0.206178	0.215737	0.210284	0.275807	0.280353	0.286894	0.29567	0.292177	0.285625	0.27448	0.288398	0.277989	0.291786	0.287954	0.27753	0.281863	0.27596	0.297523	0.282296	0.267148	0.264596	0.273576	0.266493	0.327299	0.351478	0.34512	0.360339	0.414253	0.397616	0.348014	0.367963	0.351203	0.338017	0.350166	0.283878	0.287655	0.307846	0.303713	0.303211	0.311344	0.312488	0.318607	0.266815	0.348632	0.336752	0.339629	0.369258	0.296255	0.295123	0.272976	0.275351	0.287776	0.329043	0.308441	0.437859	0.332234	0.333283	0.345677	0.335921	0.312821	0.322306	0.30185	0.299264	0.329524	0.324594	0.363888	0.377052	0.388564	0.395666	0.390013	0.37091	0.265726	0.265718	0.269231	0.276364	0.353939	0.3505	0.339261	0.324669	0.325664	0.315246	0.300904	0.301106	0.303105	0.307618	0.274244	0.272324	0.2638	0.269844	0.268704	0.27418	0.296732	0.300121	0.284193	0.281872	0.289655	0.29101	0.278529	0.29202	0.294565	0.287601	0.296855	0.286524	0.2808	0.299116	0.301448	0.436115	0.308985	0.294983	0.294882	0.348676	0.345047	0.355891	0.350241	0.339477	0.280592	0.29042	0.301722	0.272949	0.275177	0.273095	0.275632	0.283824	0.293925	0.282866	0.307269	0.297361	0.313137	0.277783	0.251872	0.296189	0.292271	0.414253	0.483776	0.495123	0.474738	0.560594	0.456383	0.460561	0.470605	0.465186	0.431061	0.394645	0.409124	0.407979	0.42397	0.42998	0.394177	0.337772	0.339965	0.338916	0.337821	0.373168	0.366378	0.464143	0.455919	0.467734	0.465795	0.480136	0.472009	0.456785	0.476212	0.476212	0.468173	0.398536	0.39826	0.371699	0.259531	0.25724	0.255972	0.261802	0.261898	0.29808	0.304	0.301552	0.291072	0.28309	0.296323	0.296323	0.303098	0.295185	0.297452	0.306396	0.266804	0.260736	0.282538	0.293509	0.276585	0.295503	0.3217	0.327919	0.352287	0.262473	0.264978	0.266902	0.288457	0.255506	0.258854	0.260415	0.261109	0.250733	0.27085	0.278585
Pheucticus_melanocephalus	0.263907	0.1383	0.133072	0.143089	0.151582	0.141238	0.141782	0.138979	0.155436	0.161376	0.159542	0.15458	0.149977	0.16173	0.154201	0.166987	0.158668	0.158755	0.138668	0.16018	0.174605	0.160846	0.165218	0.159612	0.158699	0.13424	0.106241	0.104729	0.0996412	0.106817	0.099064	0.101209	0.10026	0.0970761	0	0.0837394	0.0749503	0.0947467	0.104953	0.087071	0.0845762	0.076379	0.0987129	0.120313	0.131558	0.105597	0.140872	0.121539	0.118781	0.115365	0.112418	0.112071	0.125339	0.135886	0.125044	0.140207	0.128405	0.129994	0.164612	0.143817	0.13908	0.143108	0.153393	0.151899	0.155837	0.157397	0.162264	0.168276	0.161975	0.154204	0.154726	0.154516	0.158904	0.154928	0.154799	0.202329	0.162911	0.164284	0.138859	0.151851	0.16662	0.149475	0.15512	0.160999	0.160036	0.147171	0.151438	0.145728	0.141308	0.152199	0.171956	0.154888	0.158479	0.153968	0.151564	0.15036	0.168803	0.145664	0.149831	0.164506	0.163702	0.154507	0.15704	0.145356	0.160976	0.137581	0.154365	0.153924	0.162598	0.15605	0.151099	0.157684	0.13887	0.152291	0.147453	0.162573	0.145135	0.155615	0.166601	0.14829	0.140268	0.184427	0.204686	0.204473	0.185403	0.184593	0.205629	0.187284	0.196842	0.191389	0.256913	0.261459	0.268	0.276776	0.273283	0.266731	0.255586	0.269503	0.259094	0.272891	0.269059	0.258636	0.262969	0.257065	0.278629	0.263402	0.248254	0.245702	0.254682	0.247598	0.308405	0.332584	0.326226	0.341445	0.395359	0.378722	0.329119	0.349069	0.332309	0.319123	0.331272	0.264984	0.268761	0.288952	0.284819	0.284317	0.29245	0.293594	0.299713	0.247921	0.329738	0.317858	0.320735	0.350363	0.277361	0.276228	0.254082	0.256456	0.268881	0.310148	0.289547	0.418965	0.31334	0.314389	0.326783	0.317026	0.293927	0.303412	0.282956	0.280369	0.31063	0.3057	0.344994	0.358158	0.36967	0.376772	0.371118	0.352016	0.246832	0.246824	0.250337	0.257469	0.335044	0.331605	0.320367	0.305775	0.30677	0.296352	0.28201	0.282212	0.284211	0.288723	0.255349	0.25343	0.244905	0.250949	0.249809	0.255285	0.277838	0.281226	0.265299	0.262978	0.270761	0.272116	0.259634	0.273125	0.275671	0.268707	0.277961	0.26763	0.261906	0.280222	0.282554	0.417221	0.290091	0.276089	0.275987	0.329782	0.326153	0.336996	0.331347	0.320583	0.261698	0.271526	0.282828	0.254055	0.256283	0.2542	0.256737	0.26493	0.275031	0.263972	0.288375	0.278467	0.294243	0.258888	0.232977	0.277295	0.273377	0.395359	0.464881	0.476229	0.455843	0.5417	0.437488	0.441667	0.451711	0.446292	0.412167	0.375751	0.39023	0.389085	0.405075	0.411086	0.375283	0.318878	0.321071	0.320021	0.318926	0.354274	0.347484	0.445249	0.437025	0.44884	0.4469	0.461242	0.453115	0.437891	0.457318	0.457318	0.449279	0.379641	0.379365	0.352805	0.240637	0.238345	0.237078	0.242908	0.243004	0.279186	0.285106	0.282658	0.272177	0.264196	0.277429	0.277429	0.284203	0.276291	0.278558	0.287502	0.24791	0.241842	0.263644	0.274615	0.25769	0.276608	0.302806	0.309025	0.333393	0.243579	0.246083	0.248008	0.269562	0.236612	0.23996	0.241521	0.242215	0.231839	0.251956	0.259691
Geospiza_fortis	0.254796	0.129188	0.12396	0.133978	0.142471	0.132127	0.13267	0.129867	0.146324	0.152264	0.150431	0.145468	0.140865	0.152618	0.14509	0.157875	0.149557	0.149643	0.129556	0.151068	0.165493	0.151735	0.156106	0.150501	0.149587	0.125129	0.0971288	0.0956177	0.0905294	0.0977048	0.0899522	0.0920975	0.105817	0.102634	0.0837394	0	0.0439178	0.0856349	0.0958416	0.0779592	0.0754644	0.0672671	0.0896011	0.111201	0.122446	0.0964853	0.13176	0.112427	0.109669	0.106253	0.103307	0.102959	0.116227	0.126774	0.115932	0.131095	0.119293	0.120882	0.1555	0.134706	0.129968	0.133997	0.144281	0.142787	0.146725	0.148285	0.153152	0.159164	0.152863	0.145092	0.145614	0.145404	0.149792	0.145816	0.145688	0.193217	0.153799	0.155173	0.129748	0.142739	0.157508	0.140363	0.146008	0.151887	0.150924	0.138059	0.142327	0.136616	0.132196	0.143087	0.162844	0.145776	0.149367	0.144856	0.142452	0.141248	0.159692	0.136552	0.140719	0.155394	0.15459	0.145395	0.147928	0.136244	0.151864	0.12847	0.145253	0.144812	0.153486	0.146939	0.141988	0.148572	0.129758	0.143179	0.138341	0.153461	0.136023	0.146504	0.157489	0.139178	0.131156	0.175316	0.195575	0.195361	0.176291	0.175481	0.196517	0.178172	0.187731	0.182277	0.247801	0.252347	0.258888	0.267664	0.264171	0.257619	0.246474	0.260392	0.249982	0.26378	0.259948	0.249524	0.253857	0.247954	0.269517	0.25429	0.239142	0.23659	0.24557	0.238487	0.299293	0.323472	0.317114	0.332333	0.386247	0.36961	0.320008	0.339957	0.323197	0.310011	0.32216	0.255872	0.259649	0.27984	0.275707	0.275205	0.283338	0.284482	0.290601	0.238809	0.320626	0.308746	0.311623	0.341252	0.268249	0.267117	0.24497	0.247345	0.259769	0.301037	0.280435	0.409853	0.304228	0.305277	0.317671	0.307914	0.284815	0.2943	0.273844	0.271258	0.301518	0.296588	0.335882	0.349046	0.360558	0.36766	0.362007	0.342904	0.23772	0.237712	0.241225	0.248358	0.325932	0.322494	0.311255	0.296663	0.297658	0.28724	0.272898	0.2731	0.275099	0.279612	0.246237	0.244318	0.235794	0.241837	0.240698	0.246174	0.268726	0.272114	0.256187	0.253866	0.261649	0.263004	0.250523	0.264014	0.266559	0.259595	0.268849	0.258518	0.252794	0.27111	0.273442	0.408109	0.280979	0.266977	0.266876	0.32067	0.317041	0.327884	0.322235	0.311471	0.252586	0.262414	0.273716	0.244943	0.247171	0.245089	0.247625	0.255818	0.265919	0.25486	0.279263	0.269355	0.285131	0.249776	0.223866	0.268183	0.264265	0.386247	0.455769	0.467117	0.446732	0.532588	0.428377	0.432555	0.442599	0.43718	0.403055	0.366639	0.381118	0.379973	0.395964	0.401974	0.366171	0.309766	0.311959	0.31091	0.309815	0.345162	0.338372	0.436137	0.427913	0.439728	0.437788	0.45213	0.444003	0.428779	0.448206	0.448206	0.440167	0.37053	0.370254	0.343693	0.231525	0.229234	0.227966	0.233796	0.233892	0.270074	0.275994	0.273546	0.263065	0.255084	0.268317	0.268317	0.275092	0.267179	0.269446	0.27839	0.238798	0.23273	0.254532	0.265503	0.248579	0.267496	0.293694	0.299913	0.324281	0.234467	0.236972	0.238896	0.260451	0.2275	0.230848	0.232409	0.233103	0.222727	0.242844	0.250579
Nesospiza_acunhae	0.246007	0.120399	0.115171	0.125189	0.133681	0.123338	0.123881	0.121078	0.137535	0.143475	0.141642	0.136679	0.132076	0.143829	0.136301	0.149086	0.140768	0.140854	0.120767	0.142279	0.156704	0.142946	0.147317	0.141712	0.140798	0.11634	0.0883398	0.0868287	0.0817404	0.0889158	0.0811631	0.0833085	0.0970283	0.0938446	0.0749503	0.0439178	0	0.0768459	0.0870526	0.0691701	0.0666753	0.0584781	0.0808121	0.102412	0.113657	0.0876963	0.122971	0.103638	0.10088	0.0974641	0.0945175	0.0941698	0.107438	0.117985	0.107143	0.122306	0.110504	0.112093	0.146711	0.125917	0.121179	0.125208	0.135492	0.133998	0.137936	0.139496	0.144363	0.150375	0.144074	0.136303	0.136825	0.136615	0.141003	0.137027	0.136899	0.184428	0.14501	0.146384	0.120959	0.13395	0.148719	0.131574	0.137219	0.143098	0.142135	0.12927	0.133538	0.127827	0.123407	0.134298	0.154055	0.136987	0.140578	0.136067	0.133663	0.132459	0.150903	0.127763	0.13193	0.146605	0.145801	0.136606	0.139139	0.127455	0.143075	0.11968	0.136464	0.136023	0.144697	0.138149	0.133199	0.139783	0.120969	0.13439	0.129552	0.144672	0.127234	0.137715	0.1487	0.130389	0.122367	0.166526	0.186786	0.186572	0.167502	0.166692	0.187728	0.169383	0.178942	0.173488	0.239012	0.243558	0.250099	0.258875	0.255382	0.24883	0.237685	0.251603	0.241193	0.25499	0.251159	0.240735	0.245068	0.239165	0.260728	0.245501	0.230353	0.227801	0.236781	0.229698	0.290504	0.314683	0.308325	0.323544	0.377458	0.360821	0.311219	0.331168	0.314408	0.301222	0.313371	0.247083	0.25086	0.271051	0.266918	0.266416	0.274549	0.275693	0.281812	0.23002	0.311837	0.299957	0.302834	0.332463	0.25946	0.258327	0.236181	0.238555	0.25098	0.292248	0.271646	0.401064	0.295439	0.296488	0.308882	0.299125	0.276026	0.285511	0.265055	0.262469	0.292729	0.287799	0.327093	0.340257	0.351769	0.358871	0.353218	0.334115	0.228931	0.228923	0.232436	0.239569	0.317143	0.313705	0.302466	0.287874	0.288869	0.278451	0.264109	0.264311	0.26631	0.270823	0.237448	0.235529	0.227005	0.233048	0.231909	0.237385	0.259937	0.263325	0.247398	0.245077	0.25286	0.254215	0.241733	0.255225	0.25777	0.250806	0.26006	0.249729	0.244005	0.262321	0.264653	0.39932	0.27219	0.258188	0.258087	0.311881	0.308252	0.319095	0.313446	0.302682	0.243797	0.253625	0.264927	0.236154	0.238382	0.2363	0.238836	0.247029	0.25713	0.246071	0.270474	0.260566	0.276342	0.240987	0.215077	0.259394	0.255476	0.377458	0.44698	0.458328	0.437943	0.523799	0.419588	0.423766	0.43381	0.428391	0.394266	0.35785	0.372329	0.371184	0.387175	0.393185	0.357382	0.300977	0.30317	0.302121	0.301026	0.336373	0.329583	0.427348	0.419124	0.430939	0.428999	0.443341	0.435214	0.41999	0.439417	0.439417	0.431378	0.361741	0.361464	0.334904	0.222736	0.220445	0.219177	0.225007	0.225103	0.261285	0.267205	0.264757	0.254276	0.246295	0.259528	0.259528	0.266302	0.25839	0.260657	0.269601	0.230009	0.223941	0.245743	0.256714	0.23979	0.258707	0.284905	0.291124	0.315492	0.225678	0.228183	0.230107	0.251662	0.218711	0.222059	0.22362	0.224314	0.213938	0.234055	0.24179
Junco_hyemalis	0.260529	0.134922	0.129694	0.139711	0.148204	0.13786	0.138404	0.135601	0.152058	0.157998	0.156164	0.151202	0.146599	0.158352	0.150823	0.163609	0.15529	0.155377	0.13529	0.156802	0.171227	0.157468	0.16184	0.156234	0.155321	0.130862	0.102863	0.101352	0.0962632	0.103439	0.095686	0.0978313	0.116825	0.113641	0.0947467	0.0856349	0.0768459	0	0.0289742	0.0372458	0.034751	0.0717093	0.0953349	0.116935	0.12818	0.102219	0.137494	0.118161	0.115403	0.111987	0.10904	0.108693	0.121961	0.132508	0.121666	0.136829	0.125027	0.126616	0.161234	0.140439	0.135702	0.13973	0.150015	0.148521	0.152459	0.154019	0.158886	0.164898	0.158597	0.150826	0.151348	0.151138	0.155526	0.15155	0.151421	0.198951	0.159533	0.160906	0.135481	0.148473	0.163242	0.146097	0.151742	0.157621	0.156658	0.143793	0.14806	0.14235	0.13793	0.148821	0.168578	0.15151	0.155101	0.15059	0.148186	0.146982	0.165425	0.142286	0.146453	0.161128	0.160324	0.151129	0.153662	0.141978	0.157598	0.134203	0.150987	0.150546	0.15922	0.152672	0.147721	0.154306	0.135492	0.148913	0.144075	0.159195	0.141757	0.152237	0.163223	0.144912	0.13689	0.181049	0.201308	0.201095	0.182025	0.181215	0.202251	0.183906	0.193465	0.188011	0.253535	0.258081	0.264622	0.273398	0.269905	0.263353	0.252208	0.266125	0.255716	0.269513	0.265681	0.255258	0.259591	0.253687	0.275251	0.260024	0.244876	0.242324	0.251304	0.24422	0.305027	0.329206	0.322848	0.338067	0.391981	0.375344	0.325741	0.345691	0.328931	0.315745	0.327894	0.261606	0.265383	0.285574	0.281441	0.280939	0.289072	0.290216	0.296335	0.244543	0.32636	0.31448	0.317357	0.346985	0.273983	0.27285	0.250704	0.253078	0.265503	0.30677	0.286169	0.415587	0.309962	0.311011	0.323405	0.313648	0.290549	0.300034	0.279578	0.276991	0.307252	0.302322	0.341616	0.35478	0.366292	0.373394	0.36774	0.348638	0.243454	0.243446	0.246959	0.254091	0.331666	0.328227	0.316989	0.302397	0.303392	0.292974	0.278632	0.278834	0.280833	0.285345	0.251971	0.250052	0.241527	0.247571	0.246431	0.251907	0.27446	0.277848	0.261921	0.2596	0.267383	0.268738	0.256256	0.269747	0.272293	0.265329	0.274583	0.264252	0.258528	0.276844	0.279176	0.413843	0.286713	0.272711	0.272609	0.326404	0.322775	0.333618	0.327969	0.317205	0.25832	0.268148	0.27945	0.250677	0.252905	0.250822	0.253359	0.261552	0.271653	0.260594	0.284997	0.275089	0.290865	0.25551	0.229599	0.273917	0.269999	0.391981	0.461503	0.472851	0.452465	0.538322	0.43411	0.438289	0.448333	0.442914	0.408789	0.372373	0.386852	0.385707	0.401697	0.407708	0.371905	0.3155	0.317693	0.316643	0.315548	0.350896	0.344106	0.441871	0.433647	0.445462	0.443522	0.457864	0.449737	0.434513	0.45394	0.45394	0.445901	0.376263	0.375987	0.349427	0.237259	0.234967	0.2337	0.23953	0.239626	0.275808	0.281728	0.27928	0.268799	0.260818	0.274051	0.274051	0.280825	0.272913	0.27518	0.284124	0.244532	0.238464	0.260266	0.271237	0.254312	0.27323	0.299428	0.305647	0.330015	0.240201	0.242705	0.24463	0.266184	0.233234	0.236582	0.238143	0.238837	0.228461	0.248578	0.256313
Zonotrichia_albicollis	0.270736	0.145128	0.139901	0.149918	0.158411	0.148067	0.14861	0.145807	0.162264	0.168205	0.166371	0.161409	0.156806	0.168559	0.16103	0.173816	0.165497	0.165583	0.145496	0.167009	0.181434	0.167675	0.172046	0.166441	0.165528	0.141069	0.113069	0.111558	0.10647	0.113645	0.105893	0.108038	0.127031	0.123848	0.104953	0.0958416	0.0870526	0.0289742	0	0.0474525	0.0449577	0.081916	0.105542	0.127142	0.138387	0.112426	0.1477	0.128368	0.125609	0.122194	0.119247	0.118899	0.132168	0.142715	0.131873	0.147036	0.135234	0.136823	0.171441	0.150646	0.145908	0.149937	0.160222	0.158728	0.162665	0.164226	0.169092	0.175104	0.168804	0.161033	0.161554	0.161344	0.165733	0.161757	0.161628	0.209157	0.16974	0.171113	0.145688	0.158679	0.173449	0.156304	0.161949	0.167828	0.166865	0.153999	0.158267	0.152557	0.148137	0.159027	0.178784	0.161716	0.165308	0.160797	0.158393	0.157189	0.175632	0.152493	0.15666	0.171335	0.170531	0.161336	0.163868	0.152185	0.167805	0.14441	0.161194	0.160753	0.169427	0.162879	0.157928	0.164513	0.145698	0.15912	0.154282	0.169402	0.151963	0.162444	0.17343	0.155119	0.147096	0.191256	0.211515	0.211302	0.192232	0.191422	0.212457	0.194113	0.203671	0.198218	0.263742	0.268288	0.274828	0.283605	0.280111	0.27356	0.262415	0.276332	0.265923	0.27972	0.275888	0.265465	0.269798	0.263894	0.285458	0.27023	0.255082	0.252531	0.26151	0.254427	0.315233	0.339413	0.333055	0.348273	0.402188	0.385551	0.335948	0.355898	0.339138	0.325951	0.3381	0.271812	0.275589	0.29578	0.291648	0.291146	0.299278	0.300422	0.306541	0.25475	0.336566	0.324687	0.327564	0.357192	0.284189	0.283057	0.26091	0.263285	0.27571	0.316977	0.296375	0.425794	0.320168	0.321218	0.333612	0.323855	0.300755	0.310241	0.289785	0.287198	0.317459	0.312528	0.351822	0.364986	0.376499	0.3836	0.377947	0.358844	0.253661	0.253653	0.257166	0.264298	0.341873	0.338434	0.327195	0.312604	0.313599	0.303181	0.288839	0.289041	0.29104	0.295552	0.262178	0.260259	0.251734	0.257778	0.256638	0.262114	0.284666	0.288055	0.272128	0.269807	0.27759	0.278945	0.266463	0.279954	0.282499	0.275535	0.28479	0.274459	0.268735	0.287051	0.289382	0.424049	0.29692	0.282918	0.282816	0.336611	0.332981	0.343825	0.338175	0.327411	0.268527	0.278355	0.289656	0.260883	0.263112	0.261029	0.263566	0.271759	0.281859	0.270801	0.295204	0.285295	0.301072	0.265717	0.239806	0.284124	0.280205	0.402187	0.47171	0.483058	0.462672	0.548529	0.444317	0.448495	0.458539	0.45312	0.418995	0.382579	0.397059	0.395913	0.411904	0.417914	0.382112	0.325706	0.3279	0.32685	0.325755	0.361102	0.354312	0.452078	0.443854	0.455669	0.453729	0.46807	0.459943	0.444719	0.464146	0.464146	0.456108	0.38647	0.386194	0.359634	0.247466	0.245174	0.243907	0.249736	0.249833	0.286014	0.291935	0.289487	0.279006	0.271024	0.284258	0.284258	0.291032	0.28312	0.285387	0.29433	0.254738	0.24867	0.270473	0.281444	0.264519	0.283437	0.309634	0.315853	0.340222	0.250407	0.252912	0.254837	0.276391	0.24344	0.246788	0.24835	0.249044	0.238668	0.258785	0.26652
Melospiza_melodia	0.252854	0.127246	0.122018	0.132036	0.140529	0.130185	0.130728	0.127925	0.144382	0.150322	0.148489	0.143526	0.138923	0.150676	0.143148	0.155933	0.147615	0.147701	0.127614	0.149126	0.163552	0.149793	0.154164	0.148559	0.147646	0.123187	0.0951869	0.0936758	0.0885875	0.0957629	0.0880102	0.0901556	0.109149	0.105965	0.087071	0.0779592	0.0691701	0.0372458	0.0474525	0	0.0270733	0.0640336	0.0876592	0.109259	0.120504	0.0945434	0.129818	0.110485	0.107727	0.104311	0.101365	0.101017	0.114285	0.124832	0.11399	0.129153	0.117351	0.11894	0.153558	0.132764	0.128026	0.132055	0.142339	0.140845	0.144783	0.146343	0.15121	0.157222	0.150921	0.14315	0.143672	0.143462	0.14785	0.143874	0.143746	0.191275	0.151857	0.153231	0.127806	0.140797	0.155566	0.138421	0.144066	0.149945	0.148982	0.136117	0.140385	0.134674	0.130254	0.141145	0.160902	0.143834	0.147425	0.142915	0.140511	0.139306	0.15775	0.13461	0.138777	0.153452	0.152648	0.143453	0.145986	0.134302	0.149922	0.126528	0.143311	0.14287	0.151544	0.144997	0.140046	0.14663	0.127816	0.141237	0.136399	0.151519	0.134081	0.144562	0.155547	0.137236	0.129214	0.173374	0.193633	0.193419	0.174349	0.173539	0.194575	0.17623	0.185789	0.180335	0.245859	0.250405	0.256946	0.265722	0.262229	0.255677	0.244532	0.25845	0.24804	0.261838	0.258006	0.247582	0.251915	0.246012	0.267575	0.252348	0.2372	0.234648	0.243628	0.236545	0.297351	0.32153	0.315172	0.330391	0.384305	0.367668	0.318066	0.338015	0.321255	0.308069	0.320218	0.25393	0.257707	0.277898	0.273765	0.273263	0.281396	0.28254	0.288659	0.236867	0.318684	0.306804	0.309681	0.33931	0.266307	0.265175	0.243028	0.245403	0.257827	0.299095	0.278493	0.407911	0.302286	0.303335	0.315729	0.305973	0.282873	0.292358	0.271902	0.269316	0.299576	0.294646	0.33394	0.347104	0.358616	0.365718	0.360065	0.340962	0.235778	0.23577	0.239283	0.246416	0.32399	0.320552	0.309313	0.294721	0.295716	0.285298	0.270956	0.271158	0.273157	0.27767	0.244296	0.242376	0.233852	0.239895	0.238756	0.244232	0.266784	0.270173	0.254245	0.251924	0.259707	0.261062	0.248581	0.262072	0.264617	0.257653	0.266907	0.256576	0.250852	0.269168	0.2715	0.406167	0.279037	0.265035	0.264934	0.318728	0.315099	0.325943	0.320293	0.309529	0.250644	0.260472	0.271774	0.243001	0.245229	0.243147	0.245684	0.253876	0.263977	0.252918	0.277321	0.267413	0.283189	0.247834	0.221924	0.266241	0.262323	0.384305	0.453828	0.465175	0.44479	0.530646	0.426435	0.430613	0.440657	0.435238	0.401113	0.364697	0.379176	0.378031	0.394022	0.400032	0.364229	0.307824	0.310017	0.308968	0.307873	0.34322	0.33643	0.434195	0.425971	0.437786	0.435847	0.450188	0.442061	0.426837	0.446264	0.446264	0.438225	0.368588	0.368312	0.341751	0.229583	0.227292	0.226024	0.231854	0.23195	0.268132	0.274052	0.271604	0.261124	0.253142	0.266375	0.266375	0.27315	0.265237	0.267504	0.276448	0.236856	0.230788	0.25259	0.263561	0.246637	0.265555	0.291752	0.297971	0.322339	0.232525	0.23503	0.236954	0.258509	0.225558	0.228906	0.230467	0.231161	0.220785	0.240902	0.248637
Spizella_passerina	0.250359	0.124751	0.119524	0.129541	0.138034	0.12769	0.128233	0.12543	0.141887	0.147827	0.145994	0.141031	0.136429	0.148181	0.140653	0.153438	0.14512	0.145206	0.125119	0.146632	0.161057	0.147298	0.151669	0.146064	0.145151	0.120692	0.0926921	0.091181	0.0860927	0.0932681	0.0855154	0.0876608	0.106654	0.10347	0.0845762	0.0754644	0.0666753	0.034751	0.0449577	0.0270733	0	0.0615388	0.0851644	0.106765	0.118009	0.0920486	0.127323	0.10799	0.105232	0.101816	0.0988698	0.0985221	0.11179	0.122338	0.111496	0.126658	0.114857	0.116445	0.151063	0.130269	0.125531	0.12956	0.139845	0.13835	0.142288	0.143849	0.148715	0.154727	0.148427	0.140656	0.141177	0.140967	0.145355	0.14138	0.141251	0.18878	0.149363	0.150736	0.125311	0.138302	0.153072	0.135927	0.141572	0.147451	0.146488	0.133622	0.13789	0.132179	0.12776	0.13865	0.158407	0.141339	0.14493	0.14042	0.138016	0.136812	0.155255	0.132115	0.136283	0.150958	0.150154	0.140959	0.143491	0.131807	0.147428	0.124033	0.140816	0.140375	0.14905	0.142502	0.137551	0.144135	0.125321	0.138742	0.133905	0.149024	0.131586	0.142067	0.153052	0.134742	0.126719	0.170879	0.191138	0.190924	0.171854	0.171044	0.19208	0.173736	0.183294	0.177841	0.243364	0.24791	0.254451	0.263227	0.259734	0.253182	0.242038	0.255955	0.245546	0.259343	0.255511	0.245088	0.24942	0.243517	0.26508	0.249853	0.234705	0.232153	0.241133	0.23405	0.294856	0.319036	0.312677	0.327896	0.38181	0.365173	0.315571	0.335521	0.31876	0.305574	0.317723	0.251435	0.255212	0.275403	0.271271	0.270768	0.278901	0.280045	0.286164	0.234372	0.316189	0.30431	0.307186	0.336815	0.263812	0.26268	0.240533	0.242908	0.255333	0.2966	0.275998	0.405417	0.299791	0.30084	0.313235	0.303478	0.280378	0.289864	0.269407	0.266821	0.297081	0.292151	0.331445	0.344609	0.356121	0.363223	0.35757	0.338467	0.233284	0.233275	0.236789	0.243921	0.321496	0.318057	0.306818	0.292226	0.293221	0.282803	0.268461	0.268663	0.270663	0.275175	0.241801	0.239882	0.231357	0.237401	0.236261	0.241737	0.264289	0.267678	0.251751	0.24943	0.257212	0.258567	0.246086	0.259577	0.262122	0.255158	0.264412	0.254082	0.248358	0.266674	0.269005	0.403672	0.276542	0.26254	0.262439	0.316234	0.312604	0.323448	0.317798	0.307034	0.248149	0.257977	0.269279	0.240506	0.242734	0.240652	0.243189	0.251381	0.261482	0.250423	0.274826	0.264918	0.280695	0.24534	0.219429	0.263746	0.259828	0.38181	0.451333	0.462681	0.442295	0.528151	0.42394	0.428118	0.438162	0.432743	0.398618	0.362202	0.376681	0.375536	0.391527	0.397537	0.361734	0.305329	0.307522	0.306473	0.305378	0.340725	0.333935	0.4317	0.423476	0.435291	0.433352	0.447693	0.439566	0.424342	0.443769	0.443769	0.43573	0.366093	0.365817	0.339256	0.227089	0.224797	0.22353	0.229359	0.229456	0.265637	0.271557	0.269109	0.258629	0.250647	0.26388	0.26388	0.270655	0.262743	0.265009	0.273953	0.234361	0.228293	0.250096	0.261067	0.244142	0.26306	0.289257	0.295476	0.319845	0.23003	0.232535	0.234459	0.256014	0.223063	0.226411	0.227972	0.228666	0.21829	0.238407	0.246142
Sporophila_hypoxantha	0.242162	0.116554	0.111326	0.121344	0.129837	0.119493	0.120036	0.117233	0.13369	0.13963	0.137797	0.132834	0.128231	0.139984	0.132456	0.145241	0.136923	0.137009	0.116922	0.138434	0.152859	0.139101	0.143472	0.137867	0.136954	0.112495	0.0844949	0.0829837	0.0778955	0.0850709	0.0773182	0.0794636	0.0984569	0.0952733	0.076379	0.0672671	0.0584781	0.0717093	0.081916	0.0640336	0.0615388	0	0.0769671	0.0985673	0.109812	0.0838514	0.119126	0.0997932	0.097035	0.0936192	0.0906726	0.0903249	0.103593	0.11414	0.103298	0.118461	0.106659	0.108248	0.142866	0.122072	0.117334	0.121363	0.131647	0.130153	0.134091	0.135651	0.140518	0.14653	0.140229	0.132458	0.13298	0.13277	0.137158	0.133182	0.133054	0.180583	0.141165	0.142539	0.117114	0.130105	0.144874	0.127729	0.133374	0.139253	0.13829	0.125425	0.129693	0.123982	0.119562	0.130453	0.15021	0.133142	0.136733	0.132223	0.129819	0.128614	0.147058	0.123918	0.128085	0.14276	0.141956	0.132761	0.135294	0.12361	0.13923	0.115836	0.132619	0.132178	0.140852	0.134305	0.129354	0.135938	0.117124	0.130545	0.125707	0.140827	0.123389	0.13387	0.144855	0.126544	0.118522	0.162682	0.182941	0.182727	0.163657	0.162847	0.183883	0.165538	0.175097	0.169643	0.235167	0.239713	0.246254	0.25503	0.251537	0.244985	0.23384	0.247758	0.237348	0.251146	0.247314	0.23689	0.241223	0.23532	0.256883	0.241656	0.226508	0.223956	0.232936	0.225853	0.286659	0.310838	0.30448	0.319699	0.373613	0.356976	0.307374	0.327323	0.310563	0.297377	0.309526	0.243238	0.247015	0.267206	0.263073	0.262571	0.270704	0.271848	0.277967	0.226175	0.307992	0.296112	0.298989	0.328618	0.255615	0.254483	0.232336	0.234711	0.247135	0.288403	0.267801	0.397219	0.291594	0.292643	0.305037	0.295281	0.272181	0.281666	0.26121	0.258624	0.288884	0.283954	0.323248	0.336412	0.347924	0.355026	0.349373	0.33027	0.225086	0.225078	0.228591	0.235724	0.313298	0.30986	0.298621	0.284029	0.285024	0.274606	0.260264	0.260466	0.262465	0.266978	0.233604	0.231684	0.22316	0.229203	0.228064	0.23354	0.256092	0.259481	0.243553	0.241232	0.249015	0.25037	0.237889	0.25138	0.253925	0.246961	0.256215	0.245884	0.24016	0.258476	0.260808	0.395475	0.268345	0.254343	0.254242	0.308036	0.304407	0.31525	0.309601	0.298837	0.239952	0.24978	0.261082	0.232309	0.234537	0.232455	0.234991	0.243184	0.253285	0.242226	0.266629	0.256721	0.272497	0.237142	0.211232	0.255549	0.251631	0.373613	0.443136	0.454483	0.434098	0.519954	0.415743	0.419921	0.429965	0.424546	0.390421	0.354005	0.368484	0.367339	0.38333	0.38934	0.353537	0.297132	0.299325	0.298276	0.297181	0.332528	0.325738	0.423503	0.415279	0.427094	0.425154	0.439496	0.431369	0.416145	0.435572	0.435572	0.427533	0.357896	0.35762	0.331059	0.218891	0.2166	0.215332	0.221162	0.221258	0.25744	0.26336	0.260912	0.250431	0.24245	0.255683	0.255683	0.262458	0.254545	0.256812	0.265756	0.226164	0.220096	0.241898	0.252869	0.235945	0.254863	0.28106	0.287279	0.311647	0.221833	0.224338	0.226262	0.247817	0.214866	0.218214	0.219775	0.220469	0.210093	0.23021	0.237945
Rhodinocichla_rosea	0.257022	0.131414	0.126186	0.136204	0.144697	0.134353	0.134896	0.132093	0.14855	0.15449	0.152657	0.147694	0.143091	0.154844	0.147316	0.160101	0.151783	0.151869	0.131782	0.153294	0.16772	0.153961	0.158332	0.152727	0.151814	0.127355	0.0993549	0.0978438	0.0927555	0.099931	0.0921783	0.0943237	0.120791	0.117607	0.0987129	0.0896011	0.0808121	0.0953349	0.105542	0.0876592	0.0851644	0.0769671	0	0.113427	0.124672	0.0987114	0.133986	0.114653	0.111895	0.108479	0.105533	0.105185	0.118453	0.129001	0.118158	0.133321	0.121519	0.123108	0.157726	0.136932	0.132194	0.136223	0.146507	0.145013	0.148951	0.150511	0.155378	0.16139	0.155089	0.147318	0.14784	0.14763	0.152018	0.148042	0.147914	0.195443	0.156025	0.157399	0.131974	0.144965	0.159735	0.142589	0.148234	0.154113	0.153151	0.140285	0.144553	0.138842	0.134422	0.145313	0.16507	0.148002	0.151593	0.147083	0.144679	0.143474	0.161918	0.138778	0.142946	0.15762	0.156817	0.147621	0.150154	0.13847	0.15409	0.130696	0.147479	0.147038	0.155712	0.149165	0.144214	0.150798	0.131984	0.145405	0.140567	0.155687	0.138249	0.14873	0.159715	0.141405	0.133382	0.177542	0.197801	0.197587	0.178517	0.177707	0.198743	0.180398	0.189957	0.184504	0.250027	0.254573	0.261114	0.26989	0.266397	0.259845	0.2487	0.262618	0.252209	0.266006	0.262174	0.25175	0.256083	0.25018	0.271743	0.256516	0.241368	0.238816	0.247796	0.240713	0.301519	0.325698	0.31934	0.334559	0.388473	0.371836	0.322234	0.342183	0.325423	0.312237	0.324386	0.258098	0.261875	0.282066	0.277933	0.277431	0.285564	0.286708	0.292827	0.241035	0.322852	0.310972	0.313849	0.343478	0.270475	0.269343	0.247196	0.249571	0.261996	0.303263	0.282661	0.412079	0.306454	0.307503	0.319897	0.310141	0.287041	0.296526	0.27607	0.273484	0.303744	0.298814	0.338108	0.351272	0.362784	0.369886	0.364233	0.34513	0.239946	0.239938	0.243451	0.250584	0.328159	0.32472	0.313481	0.298889	0.299884	0.289466	0.275124	0.275326	0.277325	0.281838	0.248464	0.246544	0.23802	0.244064	0.242924	0.2484	0.270952	0.274341	0.258413	0.256092	0.263875	0.26523	0.252749	0.26624	0.268785	0.261821	0.271075	0.260744	0.25502	0.273336	0.275668	0.410335	0.283205	0.269203	0.269102	0.322896	0.319267	0.330111	0.324461	0.313697	0.254812	0.26464	0.275942	0.247169	0.249397	0.247315	0.249852	0.258044	0.268145	0.257086	0.281489	0.271581	0.287358	0.252003	0.226092	0.270409	0.266491	0.388473	0.457996	0.469343	0.448958	0.534814	0.430603	0.434781	0.444825	0.439406	0.405281	0.368865	0.383344	0.382199	0.39819	0.4042	0.368397	0.311992	0.314185	0.313136	0.312041	0.347388	0.340598	0.438363	0.430139	0.441954	0.440015	0.454356	0.446229	0.431005	0.450432	0.450432	0.442393	0.372756	0.37248	0.345919	0.233751	0.23146	0.230192	0.236022	0.236118	0.2723	0.27822	0.275772	0.265292	0.25731	0.270543	0.270543	0.277318	0.269405	0.271672	0.280616	0.241024	0.234956	0.256759	0.267729	0.250805	0.269723	0.29592	0.302139	0.326507	0.236693	0.239198	0.241122	0.262677	0.229726	0.233074	0.234635	0.235329	0.224953	0.24507	0.252805
Motacilla_alba	0.271355	0.145748	0.14052	0.150537	0.15903	0.148686	0.14923	0.146426	0.162884	0.168824	0.16699	0.162028	0.157425	0.169178	0.161649	0.174435	0.166116	0.166202	0.146115	0.167628	0.182053	0.168294	0.172665	0.16706	0.166147	0.141688	0.115817	0.114306	0.109217	0.116393	0.10864	0.110785	0.142391	0.139207	0.120313	0.111201	0.102412	0.116935	0.127142	0.109259	0.106765	0.0985673	0.113427	0	0.118008	0.113045	0.148319	0.128987	0.126229	0.122813	0.119866	0.119519	0.132787	0.143334	0.132492	0.147655	0.135853	0.137442	0.17206	0.151265	0.146528	0.150556	0.160841	0.159347	0.163284	0.164845	0.169711	0.175724	0.169423	0.161652	0.162173	0.161964	0.166352	0.162376	0.162247	0.209777	0.170359	0.171732	0.146307	0.159299	0.174068	0.156923	0.162568	0.168447	0.167484	0.154618	0.158886	0.153176	0.148756	0.159647	0.179403	0.162336	0.165927	0.161416	0.159012	0.157808	0.176251	0.153112	0.157279	0.171954	0.17115	0.161955	0.164488	0.152804	0.168424	0.145029	0.161813	0.161372	0.170046	0.163498	0.158547	0.165132	0.146317	0.159739	0.154901	0.170021	0.152582	0.163063	0.174049	0.155738	0.147715	0.191875	0.212134	0.211921	0.192851	0.192041	0.213077	0.194732	0.20429	0.198837	0.264361	0.268907	0.275447	0.284224	0.28073	0.274179	0.263034	0.276951	0.266542	0.280339	0.276507	0.266084	0.270417	0.264513	0.286077	0.27085	0.255701	0.25315	0.26213	0.255046	0.315852	0.340032	0.333674	0.348892	0.402807	0.38617	0.336567	0.356517	0.339757	0.32657	0.338719	0.272431	0.276209	0.2964	0.292267	0.291765	0.299898	0.301042	0.307161	0.255369	0.337186	0.325306	0.328183	0.357811	0.284809	0.283676	0.26153	0.263904	0.276329	0.317596	0.296995	0.426413	0.320787	0.321837	0.334231	0.324474	0.301374	0.31086	0.290404	0.287817	0.318078	0.313148	0.352441	0.365606	0.377118	0.384219	0.378566	0.359463	0.25428	0.254272	0.257785	0.264917	0.342492	0.339053	0.327814	0.313223	0.314218	0.3038	0.289458	0.28966	0.291659	0.296171	0.262797	0.260878	0.252353	0.258397	0.257257	0.262733	0.285285	0.288674	0.272747	0.270426	0.278209	0.279564	0.267082	0.280573	0.283119	0.276155	0.285409	0.275078	0.269354	0.28767	0.290002	0.424668	0.297539	0.283537	0.283435	0.33723	0.333601	0.344444	0.338794	0.32803	0.269146	0.278974	0.290275	0.261503	0.263731	0.261648	0.264185	0.272378	0.282479	0.27142	0.295823	0.285914	0.301691	0.266336	0.240425	0.284743	0.280824	0.402807	0.472329	0.483677	0.463291	0.549148	0.444936	0.449115	0.459159	0.453739	0.419614	0.383199	0.397678	0.396532	0.412523	0.418534	0.382731	0.326325	0.328519	0.327469	0.326374	0.361722	0.354931	0.452697	0.444473	0.456288	0.454348	0.46869	0.460563	0.445338	0.464766	0.464766	0.456727	0.387089	0.386813	0.360253	0.248085	0.245793	0.244526	0.250356	0.250452	0.286633	0.292554	0.290106	0.279625	0.271644	0.284877	0.284877	0.291651	0.283739	0.286006	0.294949	0.255357	0.249289	0.271092	0.282063	0.265138	0.284056	0.310254	0.316472	0.340841	0.251027	0.253531	0.255456	0.27701	0.244059	0.247408	0.248969	0.249663	0.239287	0.259404	0.267139
Passer_domesticus	0.2826	0.156992	0.151765	0.161782	0.170275	0.159931	0.160474	0.157671	0.174128	0.180069	0.178235	0.173273	0.16867	0.180423	0.172894	0.18568	0.177361	0.177447	0.15736	0.178873	0.193298	0.179539	0.18391	0.178305	0.177392	0.152933	0.127062	0.12555	0.120462	0.127638	0.119885	0.12203	0.153636	0.150452	0.131558	0.122446	0.113657	0.12818	0.138387	0.120504	0.118009	0.109812	0.124672	0.118008	0	0.12429	0.159564	0.140232	0.137473	0.134058	0.131111	0.130763	0.144032	0.154579	0.143737	0.1589	0.147098	0.148687	0.183305	0.16251	0.157773	0.161801	0.172086	0.170592	0.174529	0.17609	0.180956	0.186968	0.180668	0.172897	0.173418	0.173208	0.177597	0.173621	0.173492	0.221021	0.181604	0.182977	0.157552	0.170544	0.185313	0.168168	0.173813	0.179692	0.178729	0.165863	0.170131	0.164421	0.160001	0.170892	0.190648	0.17358	0.177172	0.172661	0.170257	0.169053	0.187496	0.164357	0.168524	0.183199	0.182395	0.1732	0.175733	0.164049	0.179669	0.156274	0.173058	0.172617	0.181291	0.174743	0.169792	0.176377	0.157562	0.170984	0.166146	0.181266	0.163827	0.174308	0.185294	0.166983	0.15896	0.20312	0.223379	0.223166	0.204096	0.203286	0.224321	0.205977	0.215535	0.210082	0.275606	0.280152	0.286692	0.295469	0.291975	0.285424	0.274279	0.288196	0.277787	0.291584	0.287752	0.277329	0.281662	0.275758	0.297322	0.282094	0.266946	0.264395	0.273374	0.266291	0.327097	0.351277	0.344919	0.360137	0.414052	0.397415	0.347812	0.367762	0.351002	0.337815	0.349964	0.283676	0.287453	0.307644	0.303512	0.30301	0.311142	0.312286	0.318405	0.266614	0.34843	0.336551	0.339428	0.369056	0.296054	0.294921	0.272774	0.275149	0.287574	0.328841	0.308239	0.437658	0.332032	0.333082	0.345476	0.335719	0.312619	0.322105	0.301649	0.299062	0.329323	0.324392	0.363686	0.376851	0.388363	0.395464	0.389811	0.370708	0.265525	0.265517	0.26903	0.276162	0.353737	0.350298	0.339059	0.324468	0.325463	0.315045	0.300703	0.300905	0.302904	0.307416	0.274042	0.272123	0.263598	0.269642	0.268502	0.273978	0.29653	0.299919	0.283992	0.281671	0.289454	0.290809	0.278327	0.291818	0.294363	0.2874	0.296654	0.286323	0.280599	0.298915	0.301246	0.435913	0.308784	0.294782	0.29468	0.348475	0.344845	0.355689	0.350039	0.339275	0.280391	0.290219	0.30152	0.272747	0.274976	0.272893	0.27543	0.283623	0.293723	0.282665	0.307068	0.297159	0.312936	0.277581	0.25167	0.295988	0.292069	0.414052	0.483574	0.494922	0.474536	0.560393	0.456181	0.460359	0.470404	0.464984	0.430859	0.394443	0.408923	0.407777	0.423768	0.429779	0.393976	0.33757	0.339764	0.338714	0.337619	0.372966	0.366176	0.463942	0.455718	0.467533	0.465593	0.479934	0.471807	0.456583	0.47601	0.47601	0.467972	0.398334	0.398058	0.371498	0.25933	0.257038	0.255771	0.2616	0.261697	0.297878	0.303799	0.301351	0.29087	0.282888	0.296122	0.296122	0.302896	0.294984	0.297251	0.306194	0.266602	0.260534	0.282337	0.293308	0.276383	0.295301	0.321498	0.327717	0.352086	0.262271	0.264776	0.266701	0.288255	0.255304	0.258652	0.260214	0.260908	0.250532	0.270649	0.278384
Calcarius_ornatus	0.253643	0.128036	0.122808	0.132825	0.141318	0.130974	0.131518	0.128715	0.145172	0.151112	0.149278	0.144316	0.139713	0.151466	0.143937	0.156723	0.148404	0.14849	0.128403	0.149916	0.164341	0.150582	0.154953	0.149348	0.148435	0.123976	0.101101	0.0995896	0.0945014	0.101677	0.0939241	0.0960695	0.127675	0.124491	0.105597	0.0964853	0.0876963	0.102219	0.112426	0.0945434	0.0920486	0.0838514	0.0987114	0.113045	0.12429	0	0.130607	0.111275	0.108517	0.105101	0.102154	0.101807	0.115075	0.125622	0.11478	0.129943	0.118141	0.11973	0.154348	0.133553	0.128816	0.132844	0.143129	0.141635	0.145572	0.147133	0.151999	0.158012	0.151711	0.14394	0.144461	0.144252	0.14864	0.144664	0.144535	0.192065	0.152647	0.15402	0.128595	0.141587	0.156356	0.139211	0.144856	0.150735	0.149772	0.136907	0.141174	0.135464	0.131044	0.141935	0.161691	0.144624	0.148215	0.143704	0.1413	0.140096	0.158539	0.1354	0.139567	0.154242	0.153438	0.144243	0.146776	0.135092	0.150712	0.127317	0.144101	0.14366	0.152334	0.145786	0.140835	0.14742	0.128605	0.142027	0.137189	0.152309	0.13487	0.145351	0.156337	0.138026	0.130003	0.174163	0.194422	0.194209	0.175139	0.174329	0.195365	0.17702	0.186578	0.181125	0.246649	0.251195	0.257735	0.266512	0.263018	0.256467	0.245322	0.259239	0.24883	0.262627	0.258795	0.248372	0.252705	0.246801	0.268365	0.253138	0.237989	0.235438	0.244418	0.237334	0.29814	0.32232	0.315962	0.33118	0.385095	0.368458	0.318855	0.338805	0.322045	0.308858	0.321007	0.254719	0.258497	0.278688	0.274555	0.274053	0.282186	0.28333	0.289449	0.237657	0.319474	0.307594	0.310471	0.340099	0.267097	0.265964	0.243818	0.246192	0.258617	0.299884	0.279283	0.408701	0.303075	0.304125	0.316519	0.306762	0.283662	0.293148	0.272692	0.270105	0.300366	0.295436	0.334729	0.347894	0.359406	0.366507	0.360854	0.341751	0.236568	0.23656	0.240073	0.247205	0.32478	0.321341	0.310102	0.295511	0.296506	0.286088	0.271746	0.271948	0.273947	0.278459	0.245085	0.243166	0.234641	0.240685	0.239545	0.245021	0.267573	0.270962	0.255035	0.252714	0.260497	0.261852	0.24937	0.262861	0.265407	0.258443	0.267697	0.257366	0.251642	0.269958	0.27229	0.406957	0.279827	0.265825	0.265723	0.319518	0.315889	0.326732	0.321082	0.310319	0.251434	0.261262	0.272563	0.243791	0.246019	0.243936	0.246473	0.254666	0.264767	0.253708	0.278111	0.268202	0.283979	0.248624	0.222713	0.267031	0.263113	0.385095	0.454617	0.465965	0.445579	0.531436	0.427224	0.431403	0.441447	0.436027	0.401902	0.365487	0.379966	0.37882	0.394811	0.400822	0.365019	0.308614	0.310807	0.309757	0.308662	0.34401	0.337219	0.434985	0.426761	0.438576	0.436636	0.450978	0.442851	0.427626	0.447054	0.447054	0.439015	0.369377	0.369101	0.342541	0.230373	0.228081	0.226814	0.232644	0.23274	0.268921	0.274842	0.272394	0.261913	0.253932	0.267165	0.267165	0.273939	0.266027	0.268294	0.277237	0.237645	0.231577	0.25338	0.264351	0.247426	0.266344	0.292542	0.29876	0.323129	0.233315	0.235819	0.237744	0.259298	0.226347	0.229696	0.231257	0.231951	0.221575	0.241692	0.249427
Lonchura_striata	0.275315	0.149708	0.14448	0.154497	0.16299	0.152646	0.153189	0.150386	0.166844	0.172784	0.17095	0.165988	0.161385	0.173138	0.165609	0.178395	0.170076	0.170162	0.150075	0.171588	0.186013	0.172254	0.176625	0.17102	0.170107	0.145648	0.136375	0.134864	0.129776	0.136951	0.129199	0.131344	0.16295	0.159766	0.140872	0.13176	0.122971	0.137494	0.1477	0.129818	0.127323	0.119126	0.133986	0.148319	0.159564	0.130607	0	0.0654489	0.0626907	0.0910511	0.112676	0.123478	0.136747	0.147294	0.136452	0.151615	0.139813	0.141402	0.17602	0.155225	0.150488	0.154516	0.164801	0.163307	0.167244	0.168805	0.173671	0.179683	0.173383	0.165612	0.166133	0.165924	0.170312	0.166336	0.166207	0.213737	0.174319	0.175692	0.150267	0.163259	0.178028	0.160883	0.166528	0.172407	0.171444	0.158578	0.162846	0.157136	0.152716	0.163607	0.183363	0.166295	0.169887	0.165376	0.162972	0.161768	0.180211	0.157072	0.161239	0.175914	0.17511	0.165915	0.168448	0.156764	0.172384	0.148989	0.165773	0.165332	0.174006	0.167458	0.162507	0.169092	0.150277	0.163699	0.158861	0.173981	0.156542	0.167023	0.178009	0.159698	0.151675	0.195835	0.216094	0.215881	0.196811	0.196001	0.217037	0.198692	0.20825	0.202797	0.268321	0.272867	0.279407	0.288184	0.28469	0.278139	0.266994	0.280911	0.270502	0.284299	0.280467	0.270044	0.274377	0.268473	0.290037	0.27481	0.259661	0.25711	0.266089	0.259006	0.319812	0.343992	0.337634	0.352852	0.406767	0.39013	0.340527	0.360477	0.343717	0.33053	0.342679	0.276391	0.280168	0.300359	0.296227	0.295725	0.303857	0.305001	0.311121	0.259329	0.341146	0.329266	0.332143	0.361771	0.288769	0.287636	0.26549	0.267864	0.280289	0.321556	0.300954	0.430373	0.324747	0.325797	0.338191	0.328434	0.305334	0.31482	0.294364	0.291777	0.322038	0.317108	0.356401	0.369566	0.381078	0.388179	0.382526	0.363423	0.25824	0.258232	0.261745	0.268877	0.346452	0.343013	0.331774	0.317183	0.318178	0.30776	0.293418	0.29362	0.295619	0.300131	0.266757	0.264838	0.256313	0.262357	0.261217	0.266693	0.289245	0.292634	0.276707	0.274386	0.282169	0.283524	0.271042	0.284533	0.287079	0.280115	0.289369	0.279038	0.273314	0.29163	0.293961	0.428628	0.301499	0.287497	0.287395	0.34119	0.337561	0.348404	0.342754	0.33199	0.273106	0.282934	0.294235	0.265463	0.267691	0.265608	0.268145	0.276338	0.286438	0.27538	0.299783	0.289874	0.305651	0.270296	0.244385	0.288703	0.284784	0.406767	0.476289	0.487637	0.467251	0.553108	0.448896	0.453074	0.463119	0.457699	0.423574	0.387158	0.401638	0.400492	0.416483	0.422494	0.386691	0.330285	0.332479	0.331429	0.330334	0.365682	0.358891	0.456657	0.448433	0.460248	0.458308	0.47265	0.464522	0.449298	0.468726	0.468726	0.460687	0.391049	0.390773	0.364213	0.252045	0.249753	0.248486	0.254316	0.254412	0.290593	0.296514	0.294066	0.283585	0.275603	0.288837	0.288837	0.295611	0.287699	0.289966	0.298909	0.259317	0.253249	0.275052	0.286023	0.269098	0.288016	0.314213	0.320432	0.344801	0.254986	0.257491	0.259416	0.28097	0.248019	0.251368	0.252929	0.253623	0.243247	0.263364	0.271099
Vidua_chalybeata	0.255983	0.130375	0.125147	0.135165	0.143658	0.133314	0.133857	0.131054	0.147511	0.153451	0.151618	0.146655	0.142052	0.153805	0.146277	0.159062	0.150744	0.15083	0.130743	0.152255	0.16668	0.152922	0.157293	0.151688	0.150775	0.126316	0.117043	0.115532	0.110443	0.117619	0.109866	0.112011	0.143617	0.140433	0.121539	0.112427	0.103638	0.118161	0.128368	0.110485	0.10799	0.0997932	0.114653	0.128987	0.140232	0.111275	0.0654489	0	0.0101345	0.0717185	0.0933437	0.104146	0.117414	0.127961	0.117119	0.132282	0.12048	0.122069	0.156687	0.135893	0.131155	0.135184	0.145468	0.143974	0.147912	0.149472	0.154339	0.160351	0.15405	0.146279	0.146801	0.146591	0.150979	0.147003	0.146875	0.194404	0.154986	0.15636	0.130935	0.143926	0.158695	0.14155	0.147195	0.153074	0.152111	0.139246	0.143514	0.137803	0.133383	0.144274	0.164031	0.146963	0.150554	0.146043	0.143639	0.142435	0.160879	0.137739	0.141906	0.156581	0.155777	0.146582	0.149115	0.137431	0.153051	0.129657	0.14644	0.145999	0.154673	0.148126	0.143175	0.149759	0.130945	0.144366	0.139528	0.154648	0.13721	0.147691	0.158676	0.140365	0.132343	0.176503	0.196762	0.196548	0.177478	0.176668	0.197704	0.179359	0.188918	0.183464	0.248988	0.253534	0.260075	0.268851	0.265358	0.258806	0.247661	0.261579	0.251169	0.264967	0.261135	0.250711	0.255044	0.249141	0.270704	0.255477	0.240329	0.237777	0.246757	0.239674	0.30048	0.324659	0.318301	0.33352	0.387434	0.370797	0.321195	0.341144	0.324384	0.311198	0.323347	0.257059	0.260836	0.281027	0.276894	0.276392	0.284525	0.285669	0.291788	0.239996	0.321813	0.309933	0.31281	0.342439	0.269436	0.268304	0.246157	0.248532	0.260956	0.302224	0.281622	0.41104	0.305415	0.306464	0.318858	0.309102	0.286002	0.295487	0.275031	0.272445	0.302705	0.297775	0.337069	0.350233	0.361745	0.368847	0.363194	0.344091	0.238907	0.238899	0.242412	0.249545	0.327119	0.323681	0.312442	0.29785	0.298845	0.288427	0.274085	0.274287	0.276286	0.280799	0.247424	0.245505	0.236981	0.243024	0.241885	0.247361	0.269913	0.273301	0.257374	0.255053	0.262836	0.264191	0.25171	0.265201	0.267746	0.260782	0.270036	0.259705	0.253981	0.272297	0.274629	0.409296	0.282166	0.268164	0.268063	0.321857	0.318228	0.329071	0.323422	0.312658	0.253773	0.263601	0.274903	0.24613	0.248358	0.246276	0.248812	0.257005	0.267106	0.256047	0.28045	0.270542	0.286318	0.250963	0.225053	0.26937	0.265452	0.387434	0.456957	0.468304	0.447919	0.533775	0.429564	0.433742	0.443786	0.438367	0.404242	0.367826	0.382305	0.38116	0.397151	0.403161	0.367358	0.310953	0.313146	0.312097	0.311002	0.346349	0.339559	0.437324	0.4291	0.440915	0.438975	0.453317	0.44519	0.429966	0.449393	0.449393	0.441354	0.371717	0.371441	0.34488	0.232712	0.230421	0.229153	0.234983	0.235079	0.271261	0.277181	0.274733	0.264252	0.256271	0.269504	0.269504	0.276279	0.268366	0.270633	0.279577	0.239985	0.233917	0.255719	0.26669	0.249766	0.268684	0.294881	0.3011	0.325468	0.235654	0.238159	0.240083	0.261638	0.228687	0.232035	0.233596	0.23429	0.223914	0.244031	0.251766
Vidua_macroura	0.253224	0.127617	0.122389	0.132406	0.140899	0.130555	0.131099	0.128296	0.144753	0.150693	0.148859	0.143897	0.139294	0.151047	0.143518	0.156304	0.147985	0.148071	0.127985	0.149497	0.163922	0.150163	0.154534	0.148929	0.148016	0.123557	0.114284	0.112773	0.107685	0.11486	0.107108	0.109253	0.140859	0.137675	0.118781	0.109669	0.10088	0.115403	0.125609	0.107727	0.105232	0.097035	0.111895	0.126229	0.137473	0.108517	0.0626907	0.0101345	0	0.0689603	0.0905855	0.101388	0.114656	0.125203	0.114361	0.129524	0.117722	0.119311	0.153929	0.133134	0.128397	0.132425	0.14271	0.141216	0.145154	0.146714	0.151581	0.157593	0.151292	0.143521	0.144043	0.143833	0.148221	0.144245	0.144116	0.191646	0.152228	0.153601	0.128176	0.141168	0.155937	0.138792	0.144437	0.150316	0.149353	0.136488	0.140755	0.135045	0.130625	0.141516	0.161273	0.144205	0.147796	0.143285	0.140881	0.139677	0.15812	0.134981	0.139148	0.153823	0.153019	0.143824	0.146357	0.134673	0.150293	0.126898	0.143682	0.143241	0.151915	0.145367	0.140416	0.147001	0.128186	0.141608	0.13677	0.15189	0.134452	0.144932	0.155918	0.137607	0.129585	0.173744	0.194003	0.19379	0.17472	0.17391	0.194946	0.176601	0.186159	0.180706	0.24623	0.250776	0.257317	0.266093	0.2626	0.256048	0.244903	0.25882	0.248411	0.262208	0.258376	0.247953	0.252286	0.246382	0.267946	0.252719	0.237571	0.235019	0.243999	0.236915	0.297721	0.321901	0.315543	0.330761	0.384676	0.368039	0.318436	0.338386	0.321626	0.30844	0.320589	0.254301	0.258078	0.278269	0.274136	0.273634	0.281767	0.282911	0.28903	0.237238	0.319055	0.307175	0.310052	0.33968	0.266678	0.265545	0.243399	0.245773	0.258198	0.299465	0.278864	0.408282	0.302656	0.303706	0.3161	0.306343	0.283244	0.292729	0.272273	0.269686	0.299947	0.295017	0.334311	0.347475	0.358987	0.366089	0.360435	0.341333	0.236149	0.236141	0.239654	0.246786	0.324361	0.320922	0.309684	0.295092	0.296087	0.285669	0.271327	0.271529	0.273528	0.27804	0.244666	0.242747	0.234222	0.240266	0.239126	0.244602	0.267154	0.270543	0.254616	0.252295	0.260078	0.261433	0.248951	0.262442	0.264988	0.258024	0.267278	0.256947	0.251223	0.269539	0.271871	0.406538	0.279408	0.265406	0.265304	0.319099	0.31547	0.326313	0.320663	0.3099	0.251015	0.260843	0.272144	0.243372	0.2456	0.243517	0.246054	0.254247	0.264348	0.253289	0.277692	0.267784	0.28356	0.248205	0.222294	0.266612	0.262694	0.384676	0.454198	0.465546	0.44516	0.531017	0.426805	0.430984	0.441028	0.435609	0.401484	0.365068	0.379547	0.378401	0.394392	0.400403	0.3646	0.308195	0.310388	0.309338	0.308243	0.343591	0.336801	0.434566	0.426342	0.438157	0.436217	0.450559	0.442432	0.427208	0.446635	0.446635	0.438596	0.368958	0.368682	0.342122	0.229954	0.227662	0.226395	0.232225	0.232321	0.268503	0.274423	0.271975	0.261494	0.253513	0.266746	0.266746	0.27352	0.265608	0.267875	0.276819	0.237226	0.231159	0.252961	0.263932	0.247007	0.265925	0.292123	0.298342	0.32271	0.232896	0.2354	0.237325	0.258879	0.225929	0.229277	0.230838	0.231532	0.221156	0.241273	0.249008
Ploceus_nigricollis	0.249809	0.124201	0.118973	0.128991	0.137483	0.12714	0.127683	0.12488	0.141337	0.147277	0.145444	0.140481	0.135878	0.147631	0.140103	0.152888	0.14457	0.144656	0.124569	0.146081	0.160506	0.146748	0.151119	0.145514	0.1446	0.120142	0.110869	0.109357	0.104269	0.111445	0.103692	0.105837	0.137443	0.134259	0.115365	0.106253	0.0974641	0.111987	0.122194	0.104311	0.101816	0.0936192	0.108479	0.122813	0.134058	0.105101	0.0910511	0.0717185	0.0689603	0	0.0871696	0.0979718	0.11124	0.121787	0.110945	0.126108	0.114306	0.115895	0.150513	0.129719	0.124981	0.12901	0.139294	0.1378	0.141738	0.143298	0.148165	0.154177	0.147876	0.140105	0.140627	0.140417	0.144805	0.140829	0.140701	0.18823	0.148812	0.150186	0.124761	0.137752	0.152521	0.135376	0.141021	0.1469	0.145937	0.133072	0.13734	0.131629	0.127209	0.1381	0.157857	0.140789	0.14438	0.139869	0.137465	0.136261	0.154705	0.131565	0.135732	0.150407	0.149603	0.140408	0.142941	0.131257	0.146877	0.123482	0.140266	0.139825	0.148499	0.141951	0.137001	0.143585	0.124771	0.138192	0.133354	0.148474	0.131036	0.141517	0.152502	0.134191	0.126169	0.170328	0.190588	0.190374	0.171304	0.170494	0.19153	0.173185	0.182744	0.17729	0.242814	0.24736	0.253901	0.262677	0.259184	0.252632	0.241487	0.255405	0.244995	0.258792	0.254961	0.244537	0.24887	0.242967	0.26453	0.249303	0.234155	0.231603	0.240583	0.2335	0.294306	0.318485	0.312127	0.327346	0.38126	0.364623	0.315021	0.33497	0.31821	0.305024	0.317173	0.250885	0.254662	0.274853	0.27072	0.270218	0.278351	0.279495	0.285614	0.233822	0.315639	0.303759	0.306636	0.336265	0.263262	0.262129	0.239983	0.242357	0.254782	0.29605	0.275448	0.404866	0.299241	0.30029	0.312684	0.302927	0.279828	0.289313	0.268857	0.266271	0.296531	0.291601	0.330895	0.344059	0.355571	0.362673	0.35702	0.337917	0.232733	0.232725	0.236238	0.243371	0.320945	0.317507	0.306268	0.291676	0.292671	0.282253	0.267911	0.268113	0.270112	0.274625	0.24125	0.239331	0.230807	0.23685	0.235711	0.241187	0.263739	0.267127	0.2512	0.248879	0.256662	0.258017	0.245535	0.259027	0.261572	0.254608	0.263862	0.253531	0.247807	0.266123	0.268455	0.403122	0.275992	0.26199	0.261889	0.315683	0.312054	0.322897	0.317248	0.306484	0.247599	0.257427	0.268729	0.239956	0.242184	0.240102	0.242638	0.250831	0.260932	0.249873	0.274276	0.264368	0.280144	0.244789	0.218879	0.263196	0.259278	0.38126	0.450782	0.46213	0.441745	0.527601	0.42339	0.427568	0.437612	0.432193	0.398068	0.361652	0.376131	0.374986	0.390977	0.396987	0.361184	0.304779	0.306972	0.305923	0.304828	0.340175	0.333385	0.43115	0.422926	0.434741	0.432801	0.447143	0.439016	0.423792	0.443219	0.443219	0.43518	0.365543	0.365266	0.338706	0.226538	0.224247	0.222979	0.228809	0.228905	0.265087	0.271007	0.268559	0.258078	0.250097	0.26333	0.26333	0.270104	0.262192	0.264459	0.273403	0.233811	0.227743	0.249545	0.260516	0.243592	0.262509	0.288707	0.294926	0.319294	0.22948	0.231985	0.233909	0.255464	0.222513	0.225861	0.227422	0.228116	0.21774	0.237857	0.245592
Urocynchramus_pylzowi	0.246862	0.121254	0.116027	0.126044	0.134537	0.124193	0.124736	0.121933	0.13839	0.14433	0.142497	0.137534	0.132932	0.144684	0.137156	0.149942	0.141623	0.141709	0.121622	0.143135	0.15756	0.143801	0.148172	0.142567	0.141654	0.117195	0.107922	0.106411	0.101323	0.108498	0.100745	0.102891	0.134496	0.131313	0.112418	0.103307	0.0945175	0.10904	0.119247	0.101365	0.0988698	0.0906726	0.105533	0.119866	0.131111	0.102154	0.112676	0.0933437	0.0905855	0.0871696	0	0.0950253	0.108293	0.118841	0.107999	0.123162	0.11136	0.112949	0.147566	0.126772	0.122034	0.126063	0.136348	0.134854	0.138791	0.140352	0.145218	0.15123	0.14493	0.137159	0.13768	0.13747	0.141859	0.137883	0.137754	0.185283	0.145866	0.147239	0.121814	0.134805	0.149575	0.13243	0.138075	0.143954	0.142991	0.130125	0.134393	0.128682	0.124263	0.135153	0.15491	0.137842	0.141434	0.136923	0.134519	0.133315	0.151758	0.128619	0.132786	0.147461	0.146657	0.137462	0.139994	0.12831	0.143931	0.120536	0.137319	0.136879	0.145553	0.139005	0.134054	0.140638	0.121824	0.135246	0.130408	0.145527	0.128089	0.13857	0.149555	0.131245	0.123222	0.167382	0.187641	0.187427	0.168358	0.167548	0.188583	0.170239	0.179797	0.174344	0.239868	0.244413	0.250954	0.25973	0.256237	0.249685	0.238541	0.252458	0.242049	0.255846	0.252014	0.241591	0.245924	0.24002	0.261584	0.246356	0.231208	0.228656	0.237636	0.230553	0.291359	0.315539	0.30918	0.324399	0.378313	0.361677	0.312074	0.332024	0.315264	0.302077	0.314226	0.247938	0.251715	0.271906	0.267774	0.267272	0.275404	0.276548	0.282667	0.230875	0.312692	0.300813	0.30369	0.333318	0.260315	0.259183	0.237036	0.239411	0.251836	0.293103	0.272501	0.40192	0.296294	0.297344	0.309738	0.299981	0.276881	0.286367	0.265911	0.263324	0.293585	0.288654	0.327948	0.341112	0.352625	0.359726	0.354073	0.33497	0.229787	0.229778	0.233292	0.240424	0.317999	0.31456	0.303321	0.28873	0.289724	0.279307	0.264965	0.265166	0.267166	0.271678	0.238304	0.236385	0.22786	0.233904	0.232764	0.23824	0.260792	0.264181	0.248254	0.245933	0.253716	0.255071	0.242589	0.25608	0.258625	0.251661	0.260915	0.250585	0.244861	0.263177	0.265508	0.400175	0.273045	0.259043	0.258942	0.312737	0.309107	0.319951	0.314301	0.303537	0.244653	0.25448	0.265782	0.237009	0.239238	0.237155	0.239692	0.247884	0.257985	0.246927	0.271329	0.261421	0.277198	0.241843	0.215932	0.26025	0.256331	0.378313	0.447836	0.459184	0.438798	0.524655	0.420443	0.424621	0.434665	0.429246	0.395121	0.358705	0.373184	0.372039	0.38803	0.39404	0.358237	0.301832	0.304026	0.302976	0.301881	0.337228	0.330438	0.428204	0.419979	0.431795	0.429855	0.444196	0.436069	0.420845	0.440272	0.440272	0.432233	0.362596	0.36232	0.335759	0.223592	0.2213	0.220033	0.225862	0.225959	0.26214	0.268061	0.265613	0.255132	0.24715	0.260383	0.260383	0.267158	0.259246	0.261513	0.270456	0.230864	0.224796	0.246599	0.25757	0.240645	0.259563	0.28576	0.291979	0.316348	0.226533	0.229038	0.230962	0.252517	0.219566	0.222914	0.224476	0.225169	0.214793	0.23491	0.242646
Prunella_himalayana	0.23436	0.108752	0.103524	0.113542	0.122035	0.111691	0.112234	0.109431	0.125888	0.131828	0.129995	0.125032	0.120429	0.132182	0.124654	0.137439	0.129121	0.129207	0.10912	0.130632	0.145057	0.131299	0.13567	0.130065	0.129151	0.104693	0.107574	0.106063	0.100975	0.10815	0.100398	0.102543	0.134149	0.130965	0.112071	0.102959	0.0941698	0.108693	0.118899	0.101017	0.0985221	0.0903249	0.105185	0.119519	0.130763	0.101807	0.123478	0.104146	0.101388	0.0979718	0.0950253	0	0.0957911	0.106338	0.0954963	0.110659	0.0988574	0.100446	0.135064	0.11427	0.109532	0.113561	0.123845	0.122351	0.126289	0.127849	0.132716	0.138728	0.132427	0.124656	0.125178	0.124968	0.129356	0.12538	0.125252	0.172781	0.133363	0.134737	0.109312	0.122303	0.137072	0.119927	0.125572	0.131451	0.130488	0.117623	0.121891	0.11618	0.11176	0.122651	0.142408	0.12534	0.128931	0.12442	0.122016	0.120812	0.139256	0.116116	0.120283	0.134958	0.134154	0.124959	0.127492	0.115808	0.131428	0.108034	0.124817	0.124376	0.13305	0.126503	0.121552	0.128136	0.109322	0.122743	0.117905	0.133025	0.115587	0.126068	0.137053	0.118742	0.11072	0.15488	0.175139	0.174925	0.155855	0.155045	0.176081	0.157736	0.167295	0.161841	0.227365	0.231911	0.238452	0.247228	0.243735	0.237183	0.226038	0.239956	0.229546	0.243344	0.239512	0.229088	0.233421	0.227518	0.249081	0.233854	0.218706	0.216154	0.225134	0.218051	0.278857	0.303036	0.296678	0.311897	0.365811	0.349174	0.299572	0.319521	0.302761	0.289575	0.301724	0.235436	0.239213	0.259404	0.255271	0.254769	0.262902	0.264046	0.270165	0.218373	0.30019	0.28831	0.291187	0.320816	0.247813	0.246681	0.224534	0.226909	0.239333	0.280601	0.259999	0.389417	0.283792	0.284841	0.297235	0.287479	0.264379	0.273864	0.253408	0.250822	0.281082	0.276152	0.315446	0.32861	0.340122	0.347224	0.341571	0.322468	0.217284	0.217276	0.220789	0.227922	0.305496	0.302058	0.290819	0.276227	0.277222	0.266804	0.252462	0.252664	0.254663	0.259176	0.225801	0.223882	0.215358	0.221401	0.220262	0.225738	0.24829	0.251678	0.235751	0.23343	0.241213	0.242568	0.230087	0.243578	0.246123	0.239159	0.248413	0.238082	0.232358	0.250674	0.253006	0.387673	0.260543	0.246541	0.24644	0.300234	0.296605	0.307448	0.301799	0.291035	0.23215	0.241978	0.25328	0.224507	0.226735	0.224653	0.227189	0.235382	0.245483	0.234424	0.258827	0.248919	0.264695	0.22934	0.20343	0.247747	0.243829	0.365811	0.435333	0.446681	0.426296	0.512152	0.407941	0.412119	0.422163	0.416744	0.382619	0.346203	0.360682	0.359537	0.375528	0.381538	0.345735	0.28933	0.291523	0.290474	0.289379	0.324726	0.317936	0.415701	0.407477	0.419292	0.417352	0.431694	0.423567	0.408343	0.42777	0.42777	0.419731	0.350094	0.349818	0.323257	0.211089	0.208798	0.20753	0.21336	0.213456	0.249638	0.255558	0.25311	0.242629	0.234648	0.247881	0.247881	0.254656	0.246743	0.24901	0.257954	0.218362	0.212294	0.234096	0.245067	0.228143	0.24706	0.273258	0.279477	0.303845	0.214031	0.216536	0.21846	0.240015	0.207064	0.210412	0.211973	0.212667	0.202291	0.222408	0.230143
Peucedramus_taeniatus	0.244324	0.118716	0.113489	0.123506	0.131999	0.121655	0.122198	0.119395	0.135852	0.141793	0.139959	0.134997	0.130394	0.142147	0.134618	0.147404	0.139085	0.139171	0.119084	0.140597	0.155022	0.141263	0.145634	0.140029	0.139116	0.114657	0.120843	0.119331	0.114243	0.121419	0.113666	0.115811	0.147417	0.144233	0.125339	0.116227	0.107438	0.121961	0.132168	0.114285	0.11179	0.103593	0.118453	0.132787	0.144032	0.115075	0.136747	0.117414	0.114656	0.11124	0.108293	0.0957911	0	0.116303	0.105461	0.120624	0.108822	0.110411	0.145029	0.124234	0.119496	0.123525	0.13381	0.132316	0.136253	0.137814	0.14268	0.148692	0.142392	0.134621	0.135142	0.134932	0.139321	0.135345	0.135216	0.182745	0.143328	0.144701	0.119276	0.132268	0.147037	0.129892	0.135537	0.141416	0.140453	0.127587	0.131855	0.126145	0.121725	0.132615	0.152372	0.135304	0.138896	0.134385	0.131981	0.130777	0.14922	0.126081	0.130248	0.144923	0.144119	0.134924	0.137457	0.125773	0.141393	0.117998	0.134782	0.134341	0.143015	0.136467	0.131516	0.138101	0.119286	0.132708	0.12787	0.14299	0.125551	0.136032	0.147018	0.128707	0.120684	0.164844	0.185103	0.18489	0.16582	0.16501	0.186045	0.167701	0.177259	0.171806	0.23733	0.241876	0.248416	0.257193	0.253699	0.247148	0.236003	0.24992	0.239511	0.253308	0.249476	0.239053	0.243386	0.237482	0.259046	0.243818	0.22867	0.226119	0.235098	0.228015	0.288821	0.313001	0.306643	0.321861	0.375776	0.359139	0.309536	0.329486	0.312726	0.299539	0.311688	0.2454	0.249177	0.269368	0.265236	0.264734	0.272866	0.27401	0.280129	0.228338	0.310154	0.298275	0.301152	0.33078	0.257778	0.256645	0.234498	0.236873	0.249298	0.290565	0.269963	0.399382	0.293756	0.294806	0.3072	0.297443	0.274343	0.283829	0.263373	0.260786	0.291047	0.286116	0.32541	0.338575	0.350087	0.357188	0.351535	0.332432	0.227249	0.227241	0.230754	0.237886	0.315461	0.312022	0.300783	0.286192	0.287187	0.276769	0.262427	0.262629	0.264628	0.26914	0.235766	0.233847	0.225322	0.231366	0.230226	0.235702	0.258254	0.261643	0.245716	0.243395	0.251178	0.252533	0.240051	0.253542	0.256087	0.249123	0.258378	0.248047	0.242323	0.260639	0.26297	0.397637	0.270508	0.256506	0.256404	0.310199	0.306569	0.317413	0.311763	0.300999	0.242115	0.251943	0.263244	0.234471	0.2367	0.234617	0.237154	0.245347	0.255447	0.244389	0.268792	0.258883	0.27466	0.239305	0.213394	0.257712	0.253793	0.375776	0.445298	0.456646	0.43626	0.522117	0.417905	0.422083	0.432127	0.426708	0.392583	0.356167	0.370647	0.369501	0.385492	0.391502	0.3557	0.299294	0.301488	0.300438	0.299343	0.33469	0.3279	0.425666	0.417442	0.429257	0.427317	0.441658	0.433531	0.418307	0.437734	0.437734	0.429696	0.360058	0.359782	0.333222	0.221054	0.218762	0.217495	0.223324	0.223421	0.259602	0.265523	0.263075	0.252594	0.244612	0.257846	0.257846	0.26462	0.256708	0.258975	0.267918	0.228326	0.222258	0.244061	0.255032	0.238107	0.257025	0.283222	0.289441	0.31381	0.223995	0.2265	0.228425	0.249979	0.217028	0.220376	0.221938	0.222632	0.212256	0.232373	0.240108
Irena_cyanogastra	0.252142	0.126534	0.121307	0.131324	0.139817	0.129473	0.130016	0.127213	0.14367	0.149611	0.147777	0.142815	0.138212	0.149965	0.142436	0.155222	0.146903	0.146989	0.126902	0.148415	0.16284	0.149081	0.153452	0.147847	0.146934	0.122475	0.13139	0.129879	0.12479	0.131966	0.124213	0.126359	0.157964	0.154781	0.135886	0.126774	0.117985	0.132508	0.142715	0.124832	0.122338	0.11414	0.129001	0.143334	0.154579	0.125622	0.147294	0.127961	0.125203	0.121787	0.118841	0.106338	0.116303	0	0.113279	0.128442	0.11664	0.118229	0.152847	0.132052	0.127314	0.131343	0.141628	0.140134	0.144071	0.145632	0.150498	0.15651	0.15021	0.142439	0.14296	0.14275	0.147139	0.143163	0.143034	0.190563	0.151146	0.152519	0.127094	0.140086	0.154855	0.13771	0.143355	0.149234	0.148271	0.135405	0.139673	0.133963	0.129543	0.140433	0.16019	0.143122	0.146714	0.142203	0.139799	0.138595	0.157038	0.133899	0.138066	0.152741	0.151937	0.142742	0.145274	0.133591	0.149211	0.125816	0.1426	0.142159	0.150833	0.144285	0.139334	0.145919	0.127104	0.140526	0.135688	0.150808	0.133369	0.14385	0.154836	0.136525	0.128502	0.172662	0.192921	0.192708	0.173638	0.172828	0.193863	0.175519	0.185077	0.179624	0.245148	0.249694	0.256234	0.265011	0.261517	0.254966	0.243821	0.257738	0.247329	0.261126	0.257294	0.246871	0.251204	0.2453	0.266864	0.251636	0.236488	0.233937	0.242916	0.235833	0.296639	0.320819	0.314461	0.329679	0.383594	0.366957	0.317354	0.337304	0.320544	0.307357	0.319506	0.253218	0.256995	0.277186	0.273054	0.272552	0.280684	0.281828	0.287947	0.236156	0.317972	0.306093	0.30897	0.338598	0.265596	0.264463	0.242316	0.244691	0.257116	0.298383	0.277781	0.4072	0.301574	0.302624	0.315018	0.305261	0.282161	0.291647	0.271191	0.268604	0.298865	0.293934	0.333228	0.346393	0.357905	0.365006	0.359353	0.34025	0.235067	0.235059	0.238572	0.245704	0.323279	0.31984	0.308601	0.29401	0.295005	0.284587	0.270245	0.270447	0.272446	0.276958	0.243584	0.241665	0.23314	0.239184	0.238044	0.24352	0.266072	0.269461	0.253534	0.251213	0.258996	0.260351	0.247869	0.26136	0.263905	0.256941	0.266196	0.255865	0.250141	0.268457	0.270788	0.405455	0.278326	0.264324	0.264222	0.318017	0.314387	0.325231	0.319581	0.308817	0.249933	0.259761	0.271062	0.242289	0.244518	0.242435	0.244972	0.253165	0.263265	0.252207	0.27661	0.266701	0.282478	0.247123	0.221212	0.26553	0.261611	0.383594	0.453116	0.464464	0.444078	0.529935	0.425723	0.429901	0.439945	0.434526	0.400401	0.363985	0.378465	0.377319	0.39331	0.39932	0.363518	0.307112	0.309306	0.308256	0.307161	0.342508	0.335718	0.433484	0.42526	0.437075	0.435135	0.449476	0.441349	0.426125	0.445552	0.445552	0.437514	0.367876	0.3676	0.34104	0.228872	0.22658	0.225313	0.231142	0.231239	0.26742	0.273341	0.270893	0.260412	0.25243	0.265664	0.265664	0.272438	0.264526	0.266793	0.275736	0.236144	0.230076	0.251879	0.26285	0.245925	0.264843	0.29104	0.297259	0.321628	0.231813	0.234318	0.236243	0.257797	0.224846	0.228194	0.229756	0.23045	0.220074	0.240191	0.247926
Chloropsis_hardwickii	0.239116	0.113509	0.108281	0.118298	0.126791	0.116447	0.116991	0.114188	0.130645	0.136585	0.134751	0.129789	0.125186	0.136939	0.12941	0.142196	0.133877	0.133963	0.113877	0.135389	0.149814	0.136055	0.140426	0.134821	0.133908	0.109449	0.120548	0.119037	0.113948	0.121124	0.113371	0.115516	0.147122	0.143938	0.125044	0.115932	0.107143	0.121666	0.131873	0.11399	0.111496	0.103298	0.118158	0.132492	0.143737	0.11478	0.136452	0.117119	0.114361	0.110945	0.107999	0.0954963	0.105461	0.113279	0	0.115416	0.103614	0.105203	0.139821	0.119026	0.114289	0.118317	0.128602	0.127108	0.131046	0.132606	0.137473	0.143485	0.137184	0.129413	0.129935	0.129725	0.134113	0.130137	0.130008	0.177538	0.13812	0.139493	0.114068	0.12706	0.141829	0.124684	0.130329	0.136208	0.135245	0.12238	0.126647	0.120937	0.116517	0.127408	0.147165	0.130097	0.133688	0.129177	0.126773	0.125569	0.144012	0.120873	0.12504	0.139715	0.138911	0.129716	0.132249	0.120565	0.136185	0.11279	0.129574	0.129133	0.137807	0.131259	0.126308	0.132893	0.114078	0.1275	0.122662	0.137782	0.120344	0.130824	0.14181	0.123499	0.115477	0.159636	0.179895	0.179682	0.160612	0.159802	0.180838	0.162493	0.172051	0.166598	0.232122	0.236668	0.243209	0.251985	0.248492	0.24194	0.230795	0.244712	0.234303	0.2481	0.244268	0.233845	0.238178	0.232274	0.253838	0.238611	0.223463	0.220911	0.229891	0.222807	0.283613	0.307793	0.301435	0.316653	0.370568	0.353931	0.304328	0.324278	0.307518	0.294332	0.306481	0.240193	0.24397	0.264161	0.260028	0.259526	0.267659	0.268803	0.274922	0.22313	0.304947	0.293067	0.295944	0.325572	0.25257	0.251437	0.229291	0.231665	0.24409	0.285357	0.264756	0.394174	0.288548	0.289598	0.301992	0.292235	0.269136	0.278621	0.258165	0.255578	0.285839	0.280909	0.320203	0.333367	0.344879	0.351981	0.346327	0.327225	0.222041	0.222033	0.225546	0.232678	0.310253	0.306814	0.295576	0.280984	0.281979	0.271561	0.257219	0.257421	0.25942	0.263932	0.230558	0.228639	0.220114	0.226158	0.225018	0.230494	0.253046	0.256435	0.240508	0.238187	0.24597	0.247325	0.234843	0.248334	0.25088	0.243916	0.25317	0.242839	0.237115	0.255431	0.257763	0.39243	0.2653	0.251298	0.251196	0.304991	0.301362	0.312205	0.306555	0.295792	0.236907	0.246735	0.258036	0.229264	0.231492	0.229409	0.231946	0.240139	0.25024	0.239181	0.263584	0.253676	0.269452	0.234097	0.208186	0.252504	0.248586	0.370568	0.44009	0.451438	0.431052	0.516909	0.412697	0.416876	0.42692	0.421501	0.387376	0.35096	0.365439	0.364293	0.380284	0.386295	0.350492	0.294087	0.29628	0.29523	0.294135	0.329483	0.322693	0.420458	0.412234	0.424049	0.422109	0.436451	0.428324	0.413099	0.432527	0.432527	0.424488	0.35485	0.354574	0.328014	0.215846	0.213554	0.212287	0.218117	0.218213	0.254395	0.260315	0.257867	0.247386	0.239405	0.252638	0.252638	0.259412	0.2515	0.253767	0.262711	0.223118	0.217051	0.238853	0.249824	0.232899	0.251817	0.278015	0.284233	0.308602	0.218788	0.221292	0.223217	0.244771	0.211821	0.215169	0.21673	0.217424	0.207048	0.227165	0.2349
Dicaeum_eximium	0.250392	0.124784	0.119557	0.129574	0.138067	0.127723	0.128266	0.125463	0.14192	0.147861	0.146027	0.141065	0.136462	0.148215	0.140686	0.153472	0.145153	0.145239	0.125152	0.146665	0.16109	0.147331	0.151702	0.146097	0.145184	0.120725	0.135711	0.134199	0.129111	0.136287	0.128534	0.130679	0.162285	0.159101	0.140207	0.131095	0.122306	0.136829	0.147036	0.129153	0.126658	0.118461	0.133321	0.147655	0.1589	0.129943	0.151615	0.132282	0.129524	0.126108	0.123162	0.110659	0.120624	0.128442	0.115416	0	0.11489	0.116479	0.151097	0.130302	0.125565	0.129593	0.139878	0.138384	0.142321	0.143882	0.148748	0.15476	0.14846	0.140689	0.14121	0.141001	0.145389	0.141413	0.141284	0.188813	0.149396	0.150769	0.125344	0.138336	0.153105	0.13596	0.141605	0.147484	0.146521	0.133655	0.137923	0.132213	0.127793	0.138684	0.15844	0.141372	0.144964	0.140453	0.138049	0.136845	0.155288	0.132149	0.136316	0.150991	0.150187	0.140992	0.143525	0.131841	0.147461	0.124066	0.14085	0.140409	0.149083	0.142535	0.137584	0.144169	0.125354	0.138776	0.133938	0.149058	0.131619	0.1421	0.153086	0.134775	0.126752	0.170912	0.191171	0.190958	0.171888	0.171078	0.192113	0.173769	0.183327	0.177874	0.243398	0.247944	0.254484	0.263261	0.259767	0.253216	0.242071	0.255988	0.245579	0.259376	0.255544	0.245121	0.249454	0.24355	0.265114	0.249886	0.234738	0.232187	0.241166	0.234083	0.294889	0.319069	0.312711	0.327929	0.381844	0.365207	0.315604	0.335554	0.318794	0.305607	0.317756	0.251468	0.255245	0.275436	0.271304	0.270802	0.278934	0.280078	0.286198	0.234406	0.316222	0.304343	0.30722	0.336848	0.263846	0.262713	0.240566	0.242941	0.255366	0.296633	0.276031	0.40545	0.299824	0.300874	0.313268	0.303511	0.280411	0.289897	0.269441	0.266854	0.297115	0.292184	0.331478	0.344643	0.356155	0.363256	0.357603	0.3385	0.233317	0.233309	0.236822	0.243954	0.321529	0.31809	0.306851	0.29226	0.293255	0.282837	0.268495	0.268697	0.270696	0.275208	0.241834	0.239915	0.23139	0.237434	0.236294	0.24177	0.264322	0.267711	0.251784	0.249463	0.257246	0.258601	0.246119	0.25961	0.262155	0.255192	0.264446	0.254115	0.248391	0.266707	0.269038	0.403705	0.276576	0.262574	0.262472	0.316267	0.312637	0.323481	0.317831	0.307067	0.248183	0.258011	0.269312	0.240539	0.242768	0.240685	0.243222	0.251415	0.261515	0.250457	0.27486	0.264951	0.280728	0.245373	0.219462	0.26378	0.259861	0.381844	0.451366	0.462714	0.442328	0.528185	0.423973	0.428151	0.438196	0.432776	0.398651	0.362235	0.376715	0.375569	0.39156	0.397571	0.361768	0.305362	0.307556	0.306506	0.305411	0.340758	0.333968	0.431734	0.42351	0.435325	0.433385	0.447726	0.439599	0.424375	0.443802	0.443802	0.435764	0.366126	0.36585	0.33929	0.227122	0.22483	0.223563	0.229393	0.229489	0.26567	0.271591	0.269143	0.258662	0.25068	0.263914	0.263914	0.270688	0.262776	0.265043	0.273986	0.234394	0.228326	0.250129	0.2611	0.244175	0.263093	0.28929	0.295509	0.319878	0.230063	0.232568	0.234493	0.256047	0.223096	0.226444	0.228006	0.2287	0.218324	0.238441	0.246176
Promerops_cafer	0.232448	0.10684	0.101612	0.11163	0.120123	0.109779	0.110322	0.107519	0.123976	0.129916	0.128083	0.12312	0.118517	0.13027	0.122742	0.135527	0.127209	0.127295	0.107208	0.12872	0.143145	0.129387	0.133758	0.128153	0.127239	0.102781	0.123909	0.122398	0.117309	0.124485	0.116732	0.118878	0.150483	0.147299	0.128405	0.119293	0.110504	0.125027	0.135234	0.117351	0.114857	0.106659	0.121519	0.135853	0.147098	0.118141	0.139813	0.12048	0.117722	0.114306	0.11136	0.0988574	0.108822	0.11664	0.103614	0.11489	0	0.0985342	0.133152	0.112358	0.10762	0.111649	0.121933	0.120439	0.124377	0.125937	0.130804	0.136816	0.130515	0.122744	0.123266	0.123056	0.127444	0.123468	0.12334	0.170869	0.131451	0.132825	0.1074	0.120391	0.13516	0.118015	0.12366	0.129539	0.128576	0.115711	0.119979	0.114268	0.109848	0.120739	0.140496	0.123428	0.127019	0.122508	0.120104	0.1189	0.137344	0.114204	0.118371	0.133046	0.132242	0.123047	0.12558	0.113896	0.129516	0.106122	0.122905	0.122464	0.131138	0.124591	0.11964	0.126224	0.10741	0.120831	0.115993	0.131113	0.113675	0.124156	0.135141	0.11683	0.108808	0.152968	0.173227	0.173013	0.153943	0.153133	0.174169	0.155824	0.165383	0.159929	0.225453	0.229999	0.23654	0.245316	0.241823	0.235271	0.224126	0.238044	0.227634	0.241432	0.2376	0.227176	0.231509	0.225606	0.247169	0.231942	0.216794	0.214242	0.223222	0.216139	0.276945	0.301124	0.294766	0.309985	0.363899	0.347262	0.29766	0.317609	0.300849	0.287663	0.299812	0.233524	0.237301	0.257492	0.253359	0.252857	0.26099	0.262134	0.268253	0.216461	0.298278	0.286398	0.289275	0.318904	0.245901	0.244769	0.222622	0.224997	0.237421	0.278689	0.258087	0.387505	0.28188	0.282929	0.295323	0.285567	0.262467	0.271952	0.251496	0.24891	0.27917	0.27424	0.313534	0.326698	0.33821	0.345312	0.339659	0.320556	0.215372	0.215364	0.218877	0.22601	0.303584	0.300146	0.288907	0.274315	0.27531	0.264892	0.25055	0.250752	0.252751	0.257264	0.223889	0.22197	0.213446	0.219489	0.21835	0.223826	0.246378	0.249766	0.233839	0.231518	0.239301	0.240656	0.228175	0.241666	0.244211	0.237247	0.246501	0.23617	0.230446	0.248762	0.251094	0.385761	0.258631	0.244629	0.244528	0.298322	0.294693	0.305536	0.299887	0.289123	0.230238	0.240066	0.251368	0.222595	0.224823	0.222741	0.225277	0.23347	0.243571	0.232512	0.256915	0.247007	0.262783	0.227428	0.201518	0.245835	0.241917	0.363899	0.433421	0.444769	0.424384	0.51024	0.406029	0.410207	0.420251	0.414832	0.380707	0.344291	0.35877	0.357625	0.373616	0.379626	0.343823	0.287418	0.289611	0.288562	0.287467	0.322814	0.316024	0.413789	0.405565	0.41738	0.41544	0.429782	0.421655	0.406431	0.425858	0.425858	0.417819	0.348182	0.347906	0.321345	0.209177	0.206886	0.205618	0.211448	0.211544	0.247726	0.253646	0.251198	0.240717	0.232736	0.245969	0.245969	0.252744	0.244831	0.247098	0.256042	0.21645	0.210382	0.232184	0.243155	0.226231	0.245148	0.271346	0.277565	0.301933	0.212119	0.214624	0.216548	0.238103	0.205152	0.2085	0.210061	0.210755	0.200379	0.220496	0.228231
Leptocoma_aspasia	0.228114	0.102506	0.0972783	0.107296	0.115789	0.105445	0.105988	0.103185	0.119642	0.125582	0.123749	0.118786	0.114183	0.125936	0.118408	0.131193	0.122875	0.122961	0.102874	0.124386	0.138812	0.125053	0.129424	0.123819	0.122906	0.0984466	0.125498	0.123987	0.118898	0.126074	0.118321	0.120466	0.152072	0.148888	0.129994	0.120882	0.112093	0.126616	0.136823	0.11894	0.116445	0.108248	0.123108	0.137442	0.148687	0.11973	0.141402	0.122069	0.119311	0.115895	0.112949	0.100446	0.110411	0.118229	0.105203	0.116479	0.0985342	0	0.128818	0.108024	0.103286	0.107315	0.117599	0.116105	0.120043	0.121603	0.12647	0.132482	0.126181	0.11841	0.118932	0.118722	0.12311	0.119134	0.119006	0.166535	0.127117	0.128491	0.103066	0.116057	0.130827	0.113681	0.119326	0.125205	0.124242	0.111377	0.115645	0.109934	0.105514	0.116405	0.136162	0.119094	0.122685	0.118175	0.115771	0.114566	0.13301	0.10987	0.114038	0.128712	0.127909	0.118713	0.121246	0.109562	0.125182	0.101788	0.118571	0.11813	0.126804	0.120257	0.115306	0.12189	0.103076	0.116497	0.111659	0.126779	0.109341	0.119822	0.130807	0.112496	0.104474	0.148634	0.168893	0.168679	0.149609	0.148799	0.169835	0.15149	0.161049	0.155595	0.221119	0.225665	0.232206	0.240982	0.237489	0.230937	0.219792	0.23371	0.2233	0.237098	0.233266	0.222842	0.227175	0.221272	0.242835	0.227608	0.21246	0.209908	0.218888	0.211805	0.272611	0.29679	0.290432	0.305651	0.359565	0.342928	0.293326	0.313275	0.296515	0.283329	0.295478	0.22919	0.232967	0.253158	0.249025	0.248523	0.256656	0.2578	0.263919	0.212127	0.293944	0.282064	0.284941	0.31457	0.241567	0.240435	0.218288	0.220663	0.233088	0.274355	0.253753	0.383171	0.277546	0.278595	0.290989	0.281233	0.258133	0.267618	0.247162	0.244576	0.274836	0.269906	0.3092	0.322364	0.333876	0.340978	0.335325	0.316222	0.211038	0.21103	0.214543	0.221676	0.29925	0.295812	0.284573	0.269981	0.270976	0.260558	0.246216	0.246418	0.248417	0.25293	0.219556	0.217636	0.209112	0.215155	0.214016	0.219492	0.242044	0.245433	0.229505	0.227184	0.234967	0.236322	0.223841	0.237332	0.239877	0.232913	0.242167	0.231836	0.226112	0.244428	0.24676	0.381427	0.254297	0.240295	0.240194	0.293988	0.290359	0.301203	0.295553	0.284789	0.225904	0.235732	0.247034	0.218261	0.220489	0.218407	0.220944	0.229136	0.239237	0.228178	0.252581	0.242673	0.258449	0.223094	0.197184	0.241501	0.237583	0.359565	0.429088	0.440435	0.42005	0.505906	0.401695	0.405873	0.415917	0.410498	0.376373	0.339957	0.354436	0.353291	0.369282	0.375292	0.339489	0.283084	0.285277	0.284228	0.283133	0.31848	0.31169	0.409455	0.401231	0.413046	0.411107	0.425448	0.417321	0.402097	0.421524	0.421524	0.413485	0.343848	0.343572	0.317011	0.204843	0.202552	0.201284	0.207114	0.20721	0.243392	0.249312	0.246864	0.236384	0.228402	0.241635	0.241635	0.24841	0.240497	0.242764	0.251708	0.212116	0.206048	0.22785	0.238821	0.221897	0.240815	0.267012	0.273231	0.297599	0.207785	0.21029	0.212214	0.233769	0.200818	0.204166	0.205727	0.206421	0.196045	0.216162	0.223897
Anthoscopus_minutus	0.256291	0.130685	0.125458	0.135475	0.143968	0.133624	0.134167	0.131364	0.147821	0.153761	0.151928	0.146965	0.142363	0.154115	0.146587	0.159372	0.151054	0.15114	0.131053	0.152566	0.166991	0.153232	0.157603	0.151998	0.151085	0.126626	0.160115	0.158604	0.153516	0.160691	0.152939	0.155084	0.18669	0.183506	0.164612	0.1555	0.146711	0.161234	0.171441	0.153558	0.151063	0.142866	0.157726	0.17206	0.183305	0.154348	0.17602	0.156687	0.153929	0.150513	0.147566	0.135064	0.145029	0.152847	0.139821	0.151097	0.133152	0.128818	0	0.120435	0.115698	0.119726	0.143358	0.141864	0.145807	0.147367	0.152234	0.158246	0.151945	0.144174	0.144696	0.144486	0.148874	0.144898	0.144769	0.192299	0.152881	0.154254	0.128829	0.141821	0.15659	0.139445	0.147504	0.153383	0.15242	0.139554	0.143822	0.138111	0.133692	0.144582	0.164339	0.147271	0.150863	0.146352	0.143948	0.142744	0.161187	0.138047	0.142215	0.15689	0.156086	0.146891	0.149423	0.137739	0.15336	0.129965	0.146748	0.146308	0.154982	0.148434	0.143483	0.150067	0.131253	0.144674	0.139837	0.154956	0.137518	0.147999	0.158984	0.140674	0.132651	0.176811	0.19707	0.196856	0.177786	0.176977	0.198012	0.179668	0.189226	0.183773	0.249296	0.253842	0.260383	0.269159	0.265666	0.259114	0.24797	0.261887	0.251478	0.265275	0.261443	0.25102	0.255353	0.249449	0.271012	0.255785	0.240637	0.238085	0.247065	0.239982	0.300788	0.324968	0.318609	0.333828	0.387742	0.371105	0.321503	0.341453	0.324693	0.311506	0.323655	0.257367	0.261144	0.281335	0.277203	0.276701	0.284833	0.285977	0.292096	0.240304	0.322121	0.310242	0.313118	0.342747	0.269744	0.268612	0.246465	0.24884	0.261265	0.302532	0.28193	0.411349	0.305723	0.306772	0.319167	0.30941	0.28631	0.295796	0.27534	0.272753	0.303014	0.298083	0.337377	0.350541	0.362054	0.369155	0.363502	0.344399	0.239216	0.239207	0.242721	0.249853	0.327428	0.323989	0.31275	0.298159	0.299153	0.288736	0.274394	0.274595	0.276595	0.281107	0.247733	0.245814	0.237289	0.243333	0.242193	0.247669	0.270221	0.27361	0.257683	0.255362	0.263145	0.264499	0.252018	0.265509	0.268054	0.26109	0.270344	0.260014	0.25429	0.272606	0.274937	0.409604	0.282474	0.268472	0.268371	0.322166	0.318536	0.32938	0.32373	0.312966	0.254081	0.263909	0.275211	0.246438	0.248666	0.246584	0.249121	0.257313	0.267414	0.256356	0.280758	0.27085	0.286627	0.251272	0.225361	0.269679	0.26576	0.387742	0.457265	0.468613	0.448227	0.534083	0.429872	0.43405	0.444094	0.438675	0.40455	0.368134	0.382613	0.381468	0.397459	0.403469	0.367666	0.311261	0.313455	0.312405	0.31131	0.346657	0.339867	0.437633	0.429408	0.441223	0.439284	0.453625	0.445498	0.430274	0.449701	0.449701	0.441662	0.372025	0.371749	0.345188	0.233021	0.230729	0.229462	0.235291	0.235388	0.271569	0.27749	0.275042	0.264561	0.256579	0.269812	0.269812	0.276587	0.268675	0.270941	0.279885	0.240293	0.234225	0.256028	0.266999	0.250074	0.268992	0.295189	0.301408	0.325777	0.235962	0.238467	0.240391	0.261946	0.228995	0.232343	0.233904	0.234598	0.224222	0.244339	0.252075
Parus_major	0.235496	0.109891	0.104663	0.114681	0.123173	0.11283	0.113373	0.11057	0.127027	0.132967	0.131133	0.126171	0.121568	0.133321	0.125792	0.138578	0.13026	0.130346	0.110259	0.131771	0.146196	0.132438	0.136809	0.131203	0.13029	0.105831	0.139321	0.13781	0.132722	0.139897	0.132144	0.13429	0.165895	0.162712	0.143817	0.134706	0.125917	0.140439	0.150646	0.132764	0.130269	0.122072	0.136932	0.151265	0.16251	0.133553	0.155225	0.135893	0.133134	0.129719	0.126772	0.11427	0.124234	0.132052	0.119026	0.130302	0.112358	0.108024	0.120435	0	0.0221372	0.0471896	0.122564	0.12107	0.125012	0.126573	0.131439	0.137451	0.131151	0.12338	0.123901	0.123691	0.128079	0.124104	0.123975	0.171504	0.132087	0.13346	0.108035	0.121026	0.135796	0.118651	0.126709	0.132588	0.131625	0.11876	0.123028	0.117317	0.112897	0.123788	0.143545	0.126477	0.130068	0.125557	0.123153	0.121949	0.140393	0.117253	0.12142	0.136095	0.135291	0.126096	0.128629	0.116945	0.132565	0.10917	0.125954	0.125513	0.134187	0.127639	0.122689	0.129273	0.110459	0.12388	0.119042	0.134162	0.116724	0.127205	0.13819	0.119879	0.111857	0.156016	0.176276	0.176062	0.156992	0.156182	0.177218	0.158873	0.168432	0.162978	0.228502	0.233048	0.239589	0.248365	0.244872	0.23832	0.227175	0.241092	0.230683	0.24448	0.240649	0.230225	0.234558	0.228655	0.250218	0.234991	0.219843	0.217291	0.226271	0.219188	0.279994	0.304173	0.297815	0.313034	0.366948	0.350311	0.300709	0.320658	0.303898	0.290712	0.302861	0.236573	0.24035	0.260541	0.256408	0.255906	0.264039	0.265183	0.271302	0.21951	0.301327	0.289447	0.292324	0.321953	0.24895	0.247817	0.225671	0.228045	0.24047	0.281737	0.261136	0.390554	0.284929	0.285978	0.298372	0.288615	0.265516	0.275001	0.254545	0.251958	0.282219	0.277289	0.316583	0.329747	0.341259	0.348361	0.342707	0.323605	0.218421	0.218413	0.221926	0.229059	0.306633	0.303195	0.291956	0.277364	0.278359	0.267941	0.253599	0.253801	0.2558	0.260313	0.226938	0.225019	0.216494	0.222538	0.221398	0.226874	0.249427	0.252815	0.236888	0.234567	0.24235	0.243705	0.231223	0.244715	0.24726	0.240296	0.24955	0.239219	0.233495	0.251811	0.254143	0.38881	0.26168	0.247678	0.247577	0.301371	0.297742	0.308585	0.302936	0.292172	0.233287	0.243115	0.254417	0.225644	0.227872	0.225789	0.228326	0.236519	0.24662	0.235561	0.259964	0.250056	0.265832	0.230477	0.204567	0.248884	0.244966	0.366948	0.43647	0.447818	0.427432	0.513289	0.409077	0.413256	0.4233	0.417881	0.383756	0.34734	0.361819	0.360674	0.376664	0.382675	0.346872	0.290467	0.29266	0.291611	0.290515	0.325863	0.319073	0.416838	0.408614	0.420429	0.418489	0.432831	0.424704	0.40948	0.428907	0.428907	0.420868	0.35123	0.350954	0.324394	0.212226	0.209935	0.208667	0.214497	0.214593	0.250775	0.256695	0.254247	0.243766	0.235785	0.249018	0.249018	0.255792	0.24788	0.250147	0.259091	0.219499	0.213431	0.235233	0.246204	0.229279	0.248197	0.274395	0.280614	0.304982	0.215168	0.217672	0.219597	0.241152	0.208201	0.211549	0.21311	0.213804	0.203428	0.223545	0.23128
Pseudopodoces_humilis	0.230759	0.105153	0.0999255	0.109943	0.118436	0.108092	0.108635	0.105832	0.122289	0.128229	0.126396	0.121433	0.116831	0.128583	0.121055	0.13384	0.125522	0.125608	0.105521	0.127034	0.141459	0.1277	0.132071	0.126466	0.125553	0.101094	0.134583	0.133072	0.127984	0.135159	0.127407	0.129552	0.161158	0.157974	0.13908	0.129968	0.121179	0.135702	0.145908	0.128026	0.125531	0.117334	0.132194	0.146528	0.157773	0.128816	0.150488	0.131155	0.128397	0.124981	0.122034	0.109532	0.119496	0.127314	0.114289	0.125565	0.10762	0.103286	0.115698	0.0221372	0	0.0424519	0.117826	0.116332	0.120274	0.121835	0.126702	0.132714	0.126413	0.118642	0.119164	0.118954	0.123342	0.119366	0.119237	0.166767	0.127349	0.128722	0.103297	0.116289	0.131058	0.113913	0.121972	0.127851	0.126888	0.114022	0.11829	0.112579	0.10816	0.11905	0.138807	0.121739	0.12533	0.12082	0.118416	0.117212	0.135655	0.112515	0.116683	0.131358	0.130554	0.121359	0.123891	0.112207	0.127828	0.104433	0.121216	0.120775	0.12945	0.122902	0.117951	0.124535	0.105721	0.119142	0.114305	0.129424	0.111986	0.122467	0.133452	0.115142	0.107119	0.151279	0.171538	0.171324	0.152254	0.151444	0.17248	0.154136	0.163694	0.158241	0.223764	0.22831	0.234851	0.243627	0.240134	0.233582	0.222438	0.236355	0.225946	0.239743	0.235911	0.225488	0.22982	0.223917	0.24548	0.230253	0.215105	0.212553	0.221533	0.21445	0.275256	0.299436	0.293077	0.308296	0.36221	0.345573	0.295971	0.315921	0.29916	0.285974	0.298123	0.231835	0.235612	0.255803	0.251671	0.251169	0.259301	0.260445	0.266564	0.214772	0.296589	0.28471	0.287586	0.317215	0.244212	0.24308	0.220933	0.223308	0.235733	0.277	0.256398	0.385817	0.280191	0.28124	0.293635	0.283878	0.260778	0.270264	0.249807	0.247221	0.277481	0.272551	0.311845	0.325009	0.336521	0.343623	0.33797	0.318867	0.213684	0.213675	0.217189	0.224321	0.301896	0.298457	0.287218	0.272626	0.273621	0.263203	0.248861	0.249063	0.251063	0.255575	0.222201	0.220282	0.211757	0.217801	0.216661	0.222137	0.244689	0.248078	0.232151	0.22983	0.237612	0.238967	0.226486	0.239977	0.242522	0.235558	0.244812	0.234482	0.228758	0.247074	0.249405	0.384072	0.256942	0.24294	0.242839	0.296634	0.293004	0.303848	0.298198	0.287434	0.228549	0.238377	0.249679	0.220906	0.223134	0.221052	0.223589	0.231781	0.241882	0.230823	0.255226	0.245318	0.261095	0.22574	0.199829	0.244146	0.240228	0.36221	0.431733	0.443081	0.422695	0.508551	0.40434	0.408518	0.418562	0.413143	0.379018	0.342602	0.357081	0.355936	0.371927	0.377937	0.342134	0.285729	0.287922	0.286873	0.285778	0.321125	0.314335	0.4121	0.403876	0.415691	0.413752	0.428093	0.419966	0.404742	0.424169	0.424169	0.41613	0.346493	0.346217	0.319656	0.207489	0.205197	0.20393	0.209759	0.209856	0.246037	0.251957	0.249509	0.239029	0.231047	0.24428	0.24428	0.251055	0.243143	0.245409	0.254353	0.214761	0.208693	0.230496	0.241467	0.224542	0.24346	0.269657	0.275876	0.300245	0.21043	0.212935	0.214859	0.236414	0.203463	0.206811	0.208372	0.209066	0.19869	0.218807	0.226542
Poecile_atricapillus	0.234788	0.109182	0.103954	0.113972	0.122464	0.112121	0.112664	0.109861	0.126318	0.132258	0.130424	0.125462	0.120859	0.132612	0.125083	0.137869	0.129551	0.129637	0.10955	0.131062	0.145487	0.131729	0.1361	0.130495	0.129581	0.105122	0.138612	0.137101	0.132013	0.139188	0.131435	0.133581	0.165186	0.162003	0.143108	0.133997	0.125208	0.13973	0.149937	0.132055	0.12956	0.121363	0.136223	0.150556	0.161801	0.132844	0.154516	0.135184	0.132425	0.12901	0.126063	0.113561	0.123525	0.131343	0.118317	0.129593	0.111649	0.107315	0.119726	0.0471896	0.0424519	0	0.121855	0.120361	0.124303	0.125864	0.13073	0.136742	0.130442	0.122671	0.123192	0.122982	0.127371	0.123395	0.123266	0.170795	0.131378	0.132751	0.107326	0.120317	0.135087	0.117942	0.126	0.131879	0.130916	0.118051	0.122319	0.116608	0.112188	0.123079	0.142836	0.125768	0.129359	0.124848	0.122444	0.12124	0.139684	0.116544	0.120711	0.135386	0.134582	0.125387	0.12792	0.116236	0.131856	0.108461	0.125245	0.124804	0.133478	0.12693	0.12198	0.128564	0.10975	0.123171	0.118333	0.133453	0.116015	0.126496	0.137481	0.11917	0.111148	0.155307	0.175567	0.175353	0.156283	0.155473	0.176509	0.158164	0.167723	0.162269	0.227793	0.232339	0.23888	0.247656	0.244163	0.237611	0.226466	0.240383	0.229974	0.243771	0.23994	0.229516	0.233849	0.227946	0.249509	0.234282	0.219134	0.216582	0.225562	0.218479	0.279285	0.303464	0.297106	0.312325	0.366239	0.349602	0.3	0.319949	0.303189	0.290003	0.302152	0.235864	0.239641	0.259832	0.255699	0.255197	0.26333	0.264474	0.270593	0.218801	0.300618	0.288738	0.291615	0.321244	0.248241	0.247108	0.224962	0.227336	0.239761	0.281029	0.260427	0.389845	0.28422	0.285269	0.297663	0.287906	0.264807	0.274292	0.253836	0.25125	0.28151	0.27658	0.315874	0.329038	0.34055	0.347652	0.341998	0.322896	0.217712	0.217704	0.221217	0.22835	0.305924	0.302486	0.291247	0.276655	0.27765	0.267232	0.25289	0.253092	0.255091	0.259604	0.226229	0.22431	0.215785	0.221829	0.22069	0.226166	0.248718	0.252106	0.236179	0.233858	0.241641	0.242996	0.230514	0.244006	0.246551	0.239587	0.248841	0.23851	0.232786	0.251102	0.253434	0.388101	0.260971	0.246969	0.246868	0.300662	0.297033	0.307876	0.302227	0.291463	0.232578	0.242406	0.253708	0.224935	0.227163	0.22508	0.227617	0.23581	0.245911	0.234852	0.259255	0.249347	0.265123	0.229768	0.203858	0.248175	0.244257	0.366239	0.435761	0.447109	0.426724	0.51258	0.408369	0.412547	0.422591	0.417172	0.383047	0.346631	0.36111	0.359965	0.375955	0.381966	0.346163	0.289758	0.291951	0.290902	0.289806	0.325154	0.318364	0.416129	0.407905	0.41972	0.41778	0.432122	0.423995	0.408771	0.428198	0.428198	0.420159	0.350521	0.350245	0.323685	0.211517	0.209226	0.207958	0.213788	0.213884	0.250066	0.255986	0.253538	0.243057	0.235076	0.248309	0.248309	0.255083	0.247171	0.249438	0.258382	0.21879	0.212722	0.234524	0.245495	0.22857	0.247488	0.273686	0.279905	0.304273	0.214459	0.216964	0.218888	0.240443	0.207492	0.21084	0.212401	0.213095	0.202719	0.222836	0.230571
Bombycilla_garrulus	0.245072	0.119467	0.114239	0.124256	0.132749	0.122405	0.122948	0.120145	0.136603	0.142543	0.140709	0.135747	0.131144	0.142897	0.135368	0.148154	0.139835	0.139921	0.119834	0.141347	0.155772	0.142013	0.146384	0.140779	0.139866	0.115407	0.148897	0.147386	0.142297	0.149473	0.14172	0.143865	0.175471	0.172287	0.153393	0.144281	0.135492	0.150015	0.160222	0.142339	0.139845	0.131647	0.146507	0.160841	0.172086	0.143129	0.164801	0.145468	0.14271	0.139294	0.136348	0.123845	0.13381	0.141628	0.128602	0.139878	0.121933	0.117599	0.143358	0.122564	0.117826	0.121855	0	0.0721565	0.134588	0.136148	0.141015	0.147027	0.140726	0.132955	0.133477	0.133267	0.137655	0.133679	0.133551	0.18108	0.141662	0.143036	0.117611	0.130602	0.145371	0.128226	0.136285	0.142164	0.141201	0.128335	0.132603	0.126893	0.122473	0.133364	0.15312	0.136052	0.139644	0.135133	0.132729	0.131525	0.149968	0.126829	0.130996	0.145671	0.144867	0.135672	0.138205	0.126521	0.142141	0.118746	0.13553	0.135089	0.143763	0.137215	0.132264	0.138849	0.120034	0.133456	0.128618	0.143738	0.126299	0.13678	0.147766	0.129455	0.121432	0.165592	0.185851	0.185638	0.166568	0.165758	0.186794	0.168449	0.178007	0.172554	0.238078	0.242624	0.249164	0.257941	0.254447	0.247896	0.236751	0.250668	0.240259	0.254056	0.250224	0.239801	0.244134	0.23823	0.259794	0.244567	0.229418	0.226867	0.235846	0.228763	0.289569	0.313749	0.307391	0.322609	0.376524	0.359887	0.310284	0.330234	0.313474	0.300287	0.312436	0.246148	0.249925	0.270116	0.265984	0.265482	0.273614	0.274758	0.280878	0.229086	0.310903	0.299023	0.3019	0.331528	0.258526	0.257393	0.235247	0.237621	0.250046	0.291313	0.270711	0.40013	0.294504	0.295554	0.307948	0.298191	0.275091	0.284577	0.264121	0.261534	0.291795	0.286865	0.326158	0.339323	0.350835	0.357936	0.352283	0.33318	0.227997	0.227989	0.231502	0.238634	0.316209	0.31277	0.301531	0.28694	0.287935	0.277517	0.263175	0.263377	0.265376	0.269888	0.236514	0.234595	0.22607	0.232114	0.230974	0.23645	0.259002	0.262391	0.246464	0.244143	0.251926	0.253281	0.240799	0.25429	0.256836	0.249872	0.259126	0.248795	0.243071	0.261387	0.263718	0.398385	0.271256	0.257254	0.257152	0.310947	0.307318	0.318161	0.312511	0.301747	0.242863	0.252691	0.263992	0.23522	0.237448	0.235365	0.237902	0.246095	0.256195	0.245137	0.26954	0.259631	0.275408	0.240053	0.214142	0.25846	0.254541	0.376524	0.446046	0.457394	0.437008	0.522865	0.418653	0.422831	0.432876	0.427456	0.393331	0.356915	0.371395	0.370249	0.38624	0.392251	0.356448	0.300042	0.302236	0.301186	0.300091	0.335439	0.328648	0.426414	0.41819	0.430005	0.428065	0.442407	0.434279	0.419055	0.438483	0.438483	0.430444	0.360806	0.36053	0.33397	0.221802	0.21951	0.218243	0.224073	0.224169	0.26035	0.266271	0.263823	0.253342	0.24536	0.258594	0.258594	0.265368	0.257456	0.259723	0.268666	0.229074	0.223006	0.244809	0.25578	0.238855	0.257773	0.28397	0.290189	0.314558	0.224743	0.227248	0.229173	0.250727	0.217776	0.221125	0.222686	0.22338	0.213004	0.233121	0.240856
Phainopepla_nitens	0.243578	0.117972	0.112745	0.122762	0.131255	0.120911	0.121454	0.118651	0.135108	0.141048	0.139215	0.134252	0.12965	0.141403	0.133874	0.14666	0.138341	0.138427	0.11834	0.139853	0.154278	0.140519	0.14489	0.139285	0.138372	0.113913	0.147403	0.145891	0.140803	0.147979	0.140226	0.142371	0.173977	0.170793	0.151899	0.142787	0.133998	0.148521	0.158728	0.140845	0.13835	0.130153	0.145013	0.159347	0.170592	0.141635	0.163307	0.143974	0.141216	0.1378	0.134854	0.122351	0.132316	0.140134	0.127108	0.138384	0.120439	0.116105	0.141864	0.12107	0.116332	0.120361	0.0721565	0	0.133094	0.134654	0.139521	0.145533	0.139232	0.131461	0.131983	0.131773	0.136161	0.132185	0.132057	0.179586	0.140168	0.141542	0.116117	0.129108	0.143877	0.126732	0.134791	0.14067	0.139707	0.126841	0.131109	0.125399	0.120979	0.131869	0.151626	0.134558	0.13815	0.133639	0.131235	0.130031	0.148474	0.125335	0.129502	0.144177	0.143373	0.134178	0.13671	0.125026	0.140647	0.117252	0.134035	0.133595	0.142269	0.135721	0.13077	0.137354	0.11854	0.131962	0.127124	0.142243	0.124805	0.135286	0.146272	0.127961	0.119938	0.164098	0.184357	0.184144	0.165074	0.164264	0.185299	0.166955	0.176513	0.17106	0.236584	0.241129	0.24767	0.256446	0.252953	0.246401	0.235257	0.249174	0.238765	0.252562	0.24873	0.238307	0.24264	0.236736	0.2583	0.243072	0.227924	0.225372	0.234352	0.227269	0.288075	0.312255	0.305897	0.321115	0.375029	0.358393	0.30879	0.32874	0.31198	0.298793	0.310942	0.244654	0.248431	0.268622	0.26449	0.263988	0.27212	0.273264	0.279383	0.227591	0.309408	0.297529	0.300406	0.330034	0.257031	0.255899	0.233752	0.236127	0.248552	0.289819	0.269217	0.398636	0.29301	0.29406	0.306454	0.296697	0.273597	0.283083	0.262627	0.26004	0.290301	0.28537	0.324664	0.337828	0.349341	0.356442	0.350789	0.331686	0.226503	0.226495	0.230008	0.23714	0.314715	0.311276	0.300037	0.285446	0.28644	0.276023	0.261681	0.261882	0.263882	0.268394	0.23502	0.233101	0.224576	0.23062	0.22948	0.234956	0.257508	0.260897	0.24497	0.242649	0.250432	0.251787	0.239305	0.252796	0.255341	0.248377	0.257631	0.247301	0.241577	0.259893	0.262224	0.396891	0.269762	0.255759	0.255658	0.309453	0.305823	0.316667	0.311017	0.300253	0.241369	0.251197	0.262498	0.233725	0.235954	0.233871	0.236408	0.2446	0.254701	0.243643	0.268045	0.258137	0.273914	0.238559	0.212648	0.256966	0.253047	0.375029	0.444552	0.4559	0.435514	0.521371	0.417159	0.421337	0.431381	0.425962	0.391837	0.355421	0.3699	0.368755	0.384746	0.390756	0.354953	0.298548	0.300742	0.299692	0.298597	0.333944	0.327154	0.42492	0.416696	0.428511	0.426571	0.440912	0.432785	0.417561	0.436988	0.436988	0.428949	0.359312	0.359036	0.332475	0.220308	0.218016	0.216749	0.222578	0.222675	0.258856	0.264777	0.262329	0.251848	0.243866	0.257099	0.257099	0.263874	0.255962	0.258229	0.267172	0.22758	0.221512	0.243315	0.254286	0.237361	0.256279	0.282476	0.288695	0.313064	0.223249	0.225754	0.227678	0.249233	0.216282	0.21963	0.221192	0.221885	0.211509	0.231627	0.239362
Catharus_fuscescens	0.247516	0.12191	0.116682	0.1267	0.135193	0.124849	0.125392	0.122589	0.139046	0.144986	0.143153	0.13819	0.133587	0.14534	0.137812	0.150597	0.142279	0.142365	0.122278	0.14379	0.158216	0.144457	0.148828	0.143223	0.14231	0.117851	0.15134	0.149829	0.144741	0.151916	0.144164	0.146309	0.177915	0.174731	0.155837	0.146725	0.137936	0.152459	0.162665	0.144783	0.142288	0.134091	0.148951	0.163284	0.174529	0.145572	0.167244	0.147912	0.145154	0.141738	0.138791	0.126289	0.136253	0.144071	0.131046	0.142321	0.124377	0.120043	0.145807	0.125012	0.120274	0.124303	0.134588	0.133094	0	0.0884657	0.0933323	0.0993443	0.0930438	0.0852728	0.0857943	0.110404	0.114792	0.110816	0.110688	0.167907	0.141317	0.142691	0.117266	0.130257	0.145026	0.127881	0.138728	0.144607	0.143644	0.130779	0.135047	0.129336	0.124916	0.135807	0.155564	0.138496	0.142087	0.137577	0.135173	0.133968	0.152412	0.129272	0.133439	0.148114	0.14731	0.138115	0.140648	0.128964	0.144584	0.12119	0.137973	0.137532	0.146206	0.139659	0.134708	0.141292	0.122478	0.135899	0.131061	0.146181	0.128743	0.139224	0.150209	0.131898	0.123876	0.168036	0.188295	0.188081	0.169011	0.168201	0.189237	0.170892	0.180451	0.174997	0.240521	0.245067	0.251608	0.260384	0.256891	0.250339	0.239194	0.253112	0.242702	0.2565	0.252668	0.242244	0.246577	0.240674	0.262237	0.24701	0.231862	0.22931	0.23829	0.231207	0.292013	0.316192	0.309834	0.325053	0.378967	0.36233	0.312728	0.332677	0.315917	0.302731	0.31488	0.248592	0.252369	0.27256	0.268427	0.267925	0.276058	0.277202	0.283321	0.231529	0.313346	0.301466	0.304343	0.333972	0.260969	0.259837	0.23769	0.240065	0.25249	0.293757	0.273155	0.402573	0.296948	0.297997	0.310391	0.300635	0.277535	0.28702	0.266564	0.263978	0.294238	0.289308	0.328602	0.341766	0.353278	0.36038	0.354727	0.335624	0.23044	0.230432	0.233945	0.241078	0.318652	0.315214	0.303975	0.289383	0.290378	0.27996	0.265618	0.26582	0.267819	0.272332	0.238958	0.237038	0.228514	0.234557	0.233418	0.238894	0.261446	0.264835	0.248907	0.246586	0.254369	0.255724	0.243243	0.256734	0.259279	0.252315	0.261569	0.251238	0.245514	0.26383	0.266162	0.400829	0.273699	0.259697	0.259596	0.31339	0.309761	0.320605	0.314955	0.304191	0.245306	0.255134	0.266436	0.237663	0.239891	0.237809	0.240346	0.248538	0.258639	0.24758	0.271983	0.262075	0.277851	0.242496	0.216586	0.260903	0.256985	0.378967	0.44849	0.459837	0.439452	0.525308	0.421097	0.425275	0.435319	0.4299	0.395775	0.359359	0.373838	0.372693	0.388684	0.394694	0.358891	0.302486	0.304679	0.30363	0.302535	0.337882	0.331092	0.428857	0.420633	0.432448	0.430509	0.44485	0.436723	0.421499	0.440926	0.440926	0.432887	0.36325	0.362974	0.336413	0.224245	0.221954	0.220686	0.226516	0.226612	0.262794	0.268714	0.266266	0.255786	0.247804	0.261037	0.261037	0.267812	0.259899	0.262166	0.27111	0.231518	0.22545	0.247252	0.258223	0.241299	0.260217	0.286414	0.292633	0.317001	0.227187	0.229692	0.231616	0.253171	0.22022	0.223568	0.225129	0.225823	0.215447	0.235564	0.243299
Cercotrichas_coryphaeus	0.249076	0.12347	0.118243	0.12826	0.136753	0.126409	0.126952	0.124149	0.140606	0.146547	0.144713	0.139751	0.135148	0.146901	0.139372	0.152158	0.143839	0.143925	0.123838	0.145351	0.159776	0.146017	0.150388	0.144783	0.14387	0.119411	0.152901	0.15139	0.146301	0.153477	0.145724	0.147869	0.179475	0.176291	0.157397	0.148285	0.139496	0.154019	0.164226	0.146343	0.143849	0.135651	0.150511	0.164845	0.17609	0.147133	0.168805	0.149472	0.146714	0.143298	0.140352	0.127849	0.137814	0.145632	0.132606	0.143882	0.125937	0.121603	0.147367	0.126573	0.121835	0.125864	0.136148	0.134654	0.0884657	0	0.0521007	0.0946009	0.0883004	0.0805294	0.0810508	0.111964	0.116353	0.112377	0.112248	0.169467	0.142878	0.144251	0.118826	0.131817	0.146587	0.129442	0.140289	0.146168	0.145205	0.132339	0.136607	0.130897	0.126477	0.137368	0.157124	0.140056	0.143648	0.139137	0.136733	0.135529	0.153972	0.130833	0.135	0.149675	0.148871	0.139676	0.142209	0.130525	0.146145	0.12275	0.139534	0.139093	0.147767	0.141219	0.136268	0.142853	0.124038	0.13746	0.132622	0.147742	0.130303	0.140784	0.15177	0.133459	0.125436	0.169596	0.189855	0.189642	0.170572	0.169762	0.190797	0.172453	0.182011	0.176558	0.242082	0.246628	0.253168	0.261945	0.258451	0.2519	0.240755	0.254672	0.244263	0.25806	0.254228	0.243805	0.248138	0.242234	0.263798	0.24857	0.233422	0.230871	0.23985	0.232767	0.293573	0.317753	0.311395	0.326613	0.380528	0.363891	0.314288	0.334238	0.317478	0.304291	0.31644	0.250152	0.253929	0.27412	0.269988	0.269486	0.277618	0.278762	0.284882	0.23309	0.314906	0.303027	0.305904	0.335532	0.26253	0.261397	0.23925	0.241625	0.25405	0.295317	0.274715	0.404134	0.298508	0.299558	0.311952	0.302195	0.279095	0.288581	0.268125	0.265538	0.295799	0.290868	0.330162	0.343327	0.354839	0.36194	0.356287	0.337184	0.232001	0.231993	0.235506	0.242638	0.320213	0.316774	0.305535	0.290944	0.291939	0.281521	0.267179	0.267381	0.26938	0.273892	0.240518	0.238599	0.230074	0.236118	0.234978	0.240454	0.263006	0.266395	0.250468	0.248147	0.25593	0.257285	0.244803	0.258294	0.260839	0.253876	0.26313	0.252799	0.247075	0.265391	0.267722	0.402389	0.27526	0.261258	0.261156	0.314951	0.311321	0.322165	0.316515	0.305751	0.246867	0.256695	0.267996	0.239223	0.241452	0.239369	0.241906	0.250099	0.260199	0.249141	0.273544	0.263635	0.279412	0.244057	0.218146	0.262464	0.258545	0.380528	0.45005	0.461398	0.441012	0.526869	0.422657	0.426835	0.43688	0.43146	0.397335	0.360919	0.375399	0.374253	0.390244	0.396255	0.360452	0.304046	0.30624	0.30519	0.304095	0.339442	0.332652	0.430418	0.422194	0.434009	0.432069	0.44641	0.438283	0.423059	0.442486	0.442486	0.434448	0.36481	0.364534	0.337974	0.225806	0.223514	0.222247	0.228076	0.228173	0.264354	0.270275	0.267827	0.257346	0.249364	0.262598	0.262598	0.269372	0.26146	0.263727	0.27267	0.233078	0.22701	0.248813	0.259784	0.242859	0.261777	0.287974	0.294193	0.318562	0.228747	0.231252	0.233177	0.254731	0.22178	0.225128	0.22669	0.227384	0.217008	0.237125	0.24486
Copsychus_sechellarum	0.253943	0.128337	0.123109	0.133127	0.14162	0.131276	0.131819	0.129016	0.145473	0.151413	0.14958	0.144617	0.140014	0.151767	0.144239	0.157024	0.148706	0.148792	0.128705	0.150217	0.164643	0.150884	0.155255	0.14965	0.148737	0.124278	0.157767	0.156256	0.151168	0.158343	0.150591	0.152736	0.184342	0.181158	0.162264	0.153152	0.144363	0.158886	0.169092	0.15121	0.148715	0.140518	0.155378	0.169711	0.180956	0.151999	0.173671	0.154339	0.151581	0.148165	0.145218	0.132716	0.14268	0.150498	0.137473	0.148748	0.130804	0.12647	0.152234	0.131439	0.126702	0.13073	0.141015	0.139521	0.0933323	0.0521007	0	0.0994675	0.093167	0.0853959	0.0859174	0.116831	0.121219	0.117243	0.117115	0.174334	0.147744	0.149118	0.123693	0.136684	0.151453	0.134308	0.145155	0.151034	0.150071	0.137206	0.141474	0.135763	0.131343	0.142234	0.161991	0.144923	0.148514	0.144004	0.1416	0.140395	0.158839	0.135699	0.139867	0.154541	0.153738	0.144542	0.147075	0.135391	0.151011	0.127617	0.1444	0.143959	0.152633	0.146086	0.141135	0.147719	0.128905	0.142326	0.137488	0.152608	0.13517	0.145651	0.156636	0.138325	0.130303	0.174463	0.194722	0.194508	0.175438	0.174628	0.195664	0.177319	0.186878	0.181425	0.246948	0.251494	0.258035	0.266811	0.263318	0.256766	0.245621	0.259539	0.249129	0.262927	0.259095	0.248671	0.253004	0.247101	0.268664	0.253437	0.238289	0.235737	0.244717	0.237634	0.29844	0.322619	0.316261	0.33148	0.385394	0.368757	0.319155	0.339104	0.322344	0.309158	0.321307	0.255019	0.258796	0.278987	0.274854	0.274352	0.282485	0.283629	0.289748	0.237956	0.319773	0.307893	0.31077	0.340399	0.267396	0.266264	0.244117	0.246492	0.258917	0.300184	0.279582	0.409	0.303375	0.304424	0.316818	0.307062	0.283962	0.293447	0.272991	0.270405	0.300665	0.295735	0.335029	0.348193	0.359705	0.366807	0.361154	0.342051	0.236867	0.236859	0.240372	0.247505	0.32508	0.321641	0.310402	0.29581	0.296805	0.286387	0.272045	0.272247	0.274246	0.278759	0.245385	0.243465	0.234941	0.240984	0.239845	0.245321	0.267873	0.271262	0.255334	0.253013	0.260796	0.262151	0.24967	0.263161	0.265706	0.258742	0.267996	0.257665	0.251941	0.270257	0.272589	0.407256	0.280126	0.266124	0.266023	0.319817	0.316188	0.327032	0.321382	0.310618	0.251733	0.261561	0.272863	0.24409	0.246318	0.244236	0.246773	0.254965	0.265066	0.254007	0.27841	0.268502	0.284278	0.248924	0.223013	0.26733	0.263412	0.385394	0.454917	0.466264	0.445879	0.531735	0.427524	0.431702	0.441746	0.436327	0.402202	0.365786	0.380265	0.37912	0.395111	0.401121	0.365318	0.308913	0.311106	0.310057	0.308962	0.344309	0.337519	0.435284	0.42706	0.438875	0.436936	0.451277	0.44315	0.427926	0.447353	0.447353	0.439314	0.369677	0.369401	0.34284	0.230672	0.228381	0.227113	0.232943	0.233039	0.269221	0.275141	0.272693	0.262213	0.254231	0.267464	0.267464	0.274239	0.266326	0.268593	0.277537	0.237945	0.231877	0.253679	0.26465	0.247726	0.266644	0.292841	0.29906	0.323428	0.233614	0.236119	0.238043	0.259598	0.226647	0.229995	0.231556	0.23225	0.221874	0.241991	0.249726
Erithacus_rubecula	0.259955	0.134349	0.129121	0.139139	0.147632	0.137288	0.137831	0.135028	0.151485	0.157425	0.155592	0.150629	0.146027	0.157779	0.150251	0.163036	0.154718	0.154804	0.134717	0.15623	0.170655	0.156896	0.161267	0.155662	0.154749	0.13029	0.163779	0.162268	0.15718	0.164355	0.156603	0.158748	0.190354	0.18717	0.168276	0.159164	0.150375	0.164898	0.175104	0.157222	0.154727	0.14653	0.16139	0.175724	0.186968	0.158012	0.179683	0.160351	0.157593	0.154177	0.15123	0.138728	0.148692	0.15651	0.143485	0.15476	0.136816	0.132482	0.158246	0.137451	0.132714	0.136742	0.147027	0.145533	0.0993443	0.0946009	0.0994675	0	0.0614537	0.0648043	0.0653257	0.122843	0.127231	0.123255	0.123127	0.180346	0.153756	0.15513	0.129705	0.142696	0.157465	0.14032	0.151167	0.157046	0.156084	0.143218	0.147486	0.141775	0.137356	0.148246	0.168003	0.150935	0.154526	0.150016	0.147612	0.146407	0.164851	0.141711	0.145879	0.160553	0.15975	0.150554	0.153087	0.141403	0.157023	0.133629	0.150412	0.149971	0.158646	0.152098	0.147147	0.153731	0.134917	0.148338	0.143501	0.15862	0.141182	0.151663	0.162648	0.144338	0.136315	0.180475	0.200734	0.20052	0.18145	0.18064	0.201676	0.183331	0.19289	0.187437	0.25296	0.257506	0.264047	0.272823	0.26933	0.262778	0.251633	0.265551	0.255142	0.268939	0.265107	0.254683	0.259016	0.253113	0.274676	0.259449	0.244301	0.241749	0.250729	0.243646	0.304452	0.328632	0.322273	0.337492	0.391406	0.374769	0.325167	0.345116	0.328356	0.31517	0.327319	0.261031	0.264808	0.284999	0.280866	0.280364	0.288497	0.289641	0.29576	0.243968	0.325785	0.313905	0.316782	0.346411	0.273408	0.272276	0.250129	0.252504	0.264929	0.306196	0.285594	0.415012	0.309387	0.310436	0.32283	0.313074	0.289974	0.299459	0.279003	0.276417	0.306677	0.301747	0.341041	0.354205	0.365717	0.372819	0.367166	0.348063	0.242879	0.242871	0.246384	0.253517	0.331092	0.327653	0.316414	0.301822	0.302817	0.292399	0.278057	0.278259	0.280258	0.284771	0.251397	0.249477	0.240953	0.246997	0.245857	0.251333	0.273885	0.277274	0.261346	0.259025	0.266808	0.268163	0.255682	0.269173	0.271718	0.264754	0.274008	0.263677	0.257953	0.276269	0.278601	0.413268	0.286138	0.272136	0.272035	0.325829	0.3222	0.333044	0.327394	0.31663	0.257745	0.267573	0.278875	0.250102	0.25233	0.250248	0.252785	0.260977	0.271078	0.260019	0.284422	0.274514	0.290291	0.254936	0.229025	0.273342	0.269424	0.391406	0.460929	0.472276	0.451891	0.537747	0.433536	0.437714	0.447758	0.442339	0.408214	0.371798	0.386277	0.385132	0.401123	0.407133	0.37133	0.314925	0.317118	0.316069	0.314974	0.350321	0.343531	0.441296	0.433072	0.444887	0.442948	0.457289	0.449162	0.433938	0.453365	0.453365	0.445326	0.375689	0.375413	0.348852	0.236685	0.234393	0.233125	0.238955	0.239052	0.275233	0.281153	0.278705	0.268225	0.260243	0.273476	0.273476	0.280251	0.272338	0.274605	0.283549	0.243957	0.237889	0.259692	0.270663	0.253738	0.272656	0.298853	0.305072	0.32944	0.239626	0.242131	0.244055	0.26561	0.232659	0.236007	0.237568	0.238262	0.227886	0.248003	0.255738
Ficedula_albicollis	0.253654	0.128049	0.122821	0.132838	0.141331	0.130987	0.131531	0.128728	0.145185	0.151125	0.149291	0.144329	0.139726	0.151479	0.14395	0.156736	0.148417	0.148503	0.128416	0.149929	0.164354	0.150595	0.154966	0.149361	0.148448	0.123989	0.157479	0.155968	0.150879	0.158055	0.150302	0.152448	0.184053	0.180869	0.161975	0.152863	0.144074	0.158597	0.168804	0.150921	0.148427	0.140229	0.155089	0.169423	0.180668	0.151711	0.173383	0.15405	0.151292	0.147876	0.14493	0.132427	0.142392	0.15021	0.137184	0.14846	0.130515	0.126181	0.151945	0.131151	0.126413	0.130442	0.140726	0.139232	0.0930438	0.0883004	0.093167	0.0614537	0	0.0585038	0.0590253	0.116542	0.120931	0.116955	0.116826	0.174045	0.147456	0.148829	0.123404	0.136396	0.151165	0.13402	0.144867	0.150746	0.149783	0.136917	0.141185	0.135475	0.131055	0.141946	0.161702	0.144635	0.148226	0.143715	0.141311	0.140107	0.15855	0.135411	0.139578	0.154253	0.153449	0.144254	0.146787	0.135103	0.150723	0.127328	0.144112	0.143671	0.152345	0.145797	0.140846	0.147431	0.128616	0.142038	0.1372	0.15232	0.134881	0.145362	0.156348	0.138037	0.130014	0.174174	0.194433	0.19422	0.17515	0.17434	0.195376	0.177031	0.186589	0.181136	0.24666	0.251206	0.257746	0.266523	0.263029	0.256478	0.245333	0.25925	0.248841	0.262638	0.258806	0.248383	0.252716	0.246812	0.268376	0.253149	0.238	0.235449	0.244429	0.237345	0.298151	0.322331	0.315973	0.331191	0.385106	0.368469	0.318866	0.338816	0.322056	0.308869	0.321018	0.25473	0.258508	0.278699	0.274566	0.274064	0.282197	0.283341	0.28946	0.237668	0.319485	0.307605	0.310482	0.34011	0.267108	0.265975	0.243829	0.246203	0.258628	0.299895	0.279294	0.408712	0.303086	0.304136	0.31653	0.306773	0.283673	0.293159	0.272703	0.270116	0.300377	0.295447	0.33474	0.347905	0.359417	0.366518	0.360865	0.341762	0.236579	0.236571	0.240084	0.247216	0.324791	0.321352	0.310113	0.295522	0.296517	0.286099	0.271757	0.271959	0.273958	0.27847	0.245096	0.243177	0.234652	0.240696	0.239556	0.245032	0.267584	0.270973	0.255046	0.252725	0.260508	0.261863	0.249381	0.262872	0.265418	0.258454	0.267708	0.257377	0.251653	0.269969	0.272301	0.406968	0.279838	0.265836	0.265734	0.319529	0.3159	0.326743	0.321093	0.31033	0.251445	0.261273	0.272574	0.243802	0.24603	0.243947	0.246484	0.254677	0.264778	0.253719	0.278122	0.268213	0.28399	0.248635	0.222724	0.267042	0.263123	0.385106	0.454628	0.465976	0.44559	0.531447	0.427235	0.431414	0.441458	0.436038	0.401913	0.365498	0.379977	0.378831	0.394822	0.400833	0.36503	0.308625	0.310818	0.309768	0.308673	0.344021	0.33723	0.434996	0.426772	0.438587	0.436647	0.450989	0.442862	0.427637	0.447065	0.447065	0.439026	0.369388	0.369112	0.342552	0.230384	0.228092	0.226825	0.232655	0.232751	0.268932	0.274853	0.272405	0.261924	0.253943	0.267176	0.267176	0.27395	0.266038	0.268305	0.277248	0.237656	0.231588	0.253391	0.264362	0.247437	0.266355	0.292553	0.298771	0.32314	0.233326	0.23583	0.237755	0.259309	0.226358	0.229707	0.231268	0.231962	0.221586	0.241703	0.249438
Oenanthe_oenanthe	0.245883	0.120278	0.11505	0.125067	0.13356	0.123216	0.12376	0.120956	0.137414	0.143354	0.14152	0.136558	0.131955	0.143708	0.136179	0.148965	0.140646	0.140732	0.120645	0.142158	0.156583	0.142824	0.147195	0.14159	0.140677	0.116218	0.149708	0.148197	0.143108	0.150284	0.142531	0.144676	0.176282	0.173098	0.154204	0.145092	0.136303	0.150826	0.161033	0.14315	0.140656	0.132458	0.147318	0.161652	0.172897	0.14394	0.165612	0.146279	0.143521	0.140105	0.137159	0.124656	0.134621	0.142439	0.129413	0.140689	0.122744	0.11841	0.144174	0.12338	0.118642	0.122671	0.132955	0.131461	0.0852728	0.0805294	0.0853959	0.0648043	0.0585038	0	0.032586	0.108771	0.11316	0.109184	0.109055	0.166274	0.139685	0.141058	0.115633	0.128625	0.143394	0.126249	0.137096	0.142975	0.142012	0.129146	0.133414	0.127704	0.123284	0.134175	0.153931	0.136863	0.140455	0.135944	0.13354	0.132336	0.150779	0.12764	0.131807	0.146482	0.145678	0.136483	0.139016	0.127332	0.142952	0.119557	0.136341	0.1359	0.144574	0.138026	0.133075	0.13966	0.120845	0.134267	0.129429	0.144549	0.12711	0.137591	0.148577	0.130266	0.122243	0.166403	0.186662	0.186449	0.167379	0.166569	0.187605	0.16926	0.178818	0.173365	0.238889	0.243435	0.249975	0.258752	0.255258	0.248707	0.237562	0.251479	0.24107	0.254867	0.251035	0.240612	0.244945	0.239041	0.260605	0.245378	0.230229	0.227678	0.236658	0.229574	0.29038	0.31456	0.308202	0.32342	0.377335	0.360698	0.311095	0.331045	0.314285	0.301098	0.313247	0.246959	0.250736	0.270928	0.266795	0.266293	0.274426	0.27557	0.281689	0.229897	0.311714	0.299834	0.302711	0.332339	0.259337	0.258204	0.236058	0.238432	0.250857	0.292124	0.271522	0.400941	0.295315	0.296365	0.308759	0.299002	0.275902	0.285388	0.264932	0.262345	0.292606	0.287676	0.326969	0.340134	0.351646	0.358747	0.353094	0.333991	0.228808	0.2288	0.232313	0.239445	0.31702	0.313581	0.302342	0.287751	0.288746	0.278328	0.263986	0.264188	0.266187	0.270699	0.237325	0.235406	0.226881	0.232925	0.231785	0.237261	0.259813	0.263202	0.247275	0.244954	0.252737	0.254092	0.24161	0.255101	0.257647	0.250683	0.259937	0.249606	0.243882	0.262198	0.26453	0.399196	0.272067	0.258065	0.257963	0.311758	0.308129	0.318972	0.313322	0.302558	0.243674	0.253502	0.264803	0.236031	0.238259	0.236176	0.238713	0.246906	0.257006	0.245948	0.270351	0.260442	0.276219	0.240864	0.214953	0.259271	0.255352	0.377335	0.446857	0.458205	0.437819	0.523676	0.419464	0.423642	0.433687	0.428267	0.394142	0.357726	0.372206	0.37106	0.387051	0.393062	0.357259	0.300853	0.303047	0.301997	0.300902	0.33625	0.329459	0.427225	0.419001	0.430816	0.428876	0.443218	0.435091	0.419866	0.439294	0.439294	0.431255	0.361617	0.361341	0.334781	0.222613	0.220321	0.219054	0.224884	0.22498	0.261161	0.267082	0.264634	0.254153	0.246172	0.259405	0.259405	0.266179	0.258267	0.260534	0.269477	0.229885	0.223817	0.24562	0.256591	0.239666	0.258584	0.284782	0.291	0.315369	0.225555	0.228059	0.229984	0.251538	0.218587	0.221936	0.223497	0.224191	0.213815	0.233932	0.241667
Saxicola_maurus	0.246405	0.120799	0.115571	0.125589	0.134082	0.123738	0.124281	0.121478	0.137935	0.143875	0.142042	0.137079	0.132476	0.144229	0.136701	0.149486	0.141168	0.141254	0.121167	0.142679	0.157105	0.143346	0.147717	0.142112	0.141199	0.11674	0.150229	0.148718	0.14363	0.150805	0.143053	0.145198	0.176804	0.17362	0.154726	0.145614	0.136825	0.151348	0.161554	0.143672	0.141177	0.13298	0.14784	0.162173	0.173418	0.144461	0.166133	0.146801	0.144043	0.140627	0.13768	0.125178	0.135142	0.14296	0.129935	0.14121	0.123266	0.118932	0.144696	0.123901	0.119164	0.123192	0.133477	0.131983	0.0857943	0.0810508	0.0859174	0.0653257	0.0590253	0.032586	0	0.109293	0.113681	0.109705	0.109577	0.166796	0.140206	0.14158	0.116155	0.129146	0.143915	0.12677	0.137617	0.143496	0.142533	0.129668	0.133936	0.128225	0.123805	0.134696	0.154453	0.137385	0.140976	0.136466	0.134062	0.132857	0.151301	0.128161	0.132329	0.147003	0.1462	0.137004	0.139537	0.127853	0.143473	0.120079	0.136862	0.136421	0.145095	0.138548	0.133597	0.140181	0.121367	0.134788	0.12995	0.14507	0.127632	0.138113	0.149098	0.130787	0.122765	0.166925	0.187184	0.18697	0.1679	0.16709	0.188126	0.169781	0.17934	0.173887	0.23941	0.243956	0.250497	0.259273	0.25578	0.249228	0.238083	0.252001	0.241591	0.255389	0.251557	0.241133	0.245466	0.239563	0.261126	0.245899	0.230751	0.228199	0.237179	0.230096	0.290902	0.315081	0.308723	0.323942	0.377856	0.361219	0.311617	0.331566	0.314806	0.30162	0.313769	0.247481	0.251258	0.271449	0.267316	0.266814	0.274947	0.276091	0.28221	0.230418	0.312235	0.300355	0.303232	0.332861	0.259858	0.258726	0.236579	0.238954	0.251379	0.292646	0.272044	0.401462	0.295837	0.296886	0.30928	0.299524	0.276424	0.285909	0.265453	0.262867	0.293127	0.288197	0.327491	0.340655	0.352167	0.359269	0.353616	0.334513	0.229329	0.229321	0.232834	0.239967	0.317542	0.314103	0.302864	0.288272	0.289267	0.278849	0.264507	0.264709	0.266708	0.271221	0.237847	0.235927	0.227403	0.233446	0.232307	0.237783	0.260335	0.263724	0.247796	0.245475	0.253258	0.254613	0.242132	0.255623	0.258168	0.251204	0.260458	0.250127	0.244403	0.262719	0.265051	0.399718	0.272588	0.258586	0.258485	0.312279	0.30865	0.319494	0.313844	0.30308	0.244195	0.254023	0.265325	0.236552	0.23878	0.236698	0.239235	0.247427	0.257528	0.246469	0.270872	0.260964	0.27674	0.241386	0.215475	0.259792	0.255874	0.377856	0.447379	0.458726	0.438341	0.524197	0.419986	0.424164	0.434208	0.428789	0.394664	0.358248	0.372727	0.371582	0.387573	0.393583	0.35778	0.301375	0.303568	0.302519	0.301424	0.336771	0.329981	0.427746	0.419522	0.431337	0.429398	0.443739	0.435612	0.420388	0.439815	0.439815	0.431776	0.362139	0.361863	0.335302	0.223134	0.220843	0.219575	0.225405	0.225501	0.261683	0.267603	0.265155	0.254675	0.246693	0.259926	0.259926	0.266701	0.258788	0.261055	0.269999	0.230407	0.224339	0.246141	0.257112	0.240188	0.259106	0.285303	0.291522	0.31589	0.226076	0.228581	0.230505	0.25206	0.219109	0.222457	0.224018	0.224712	0.214336	0.234453	0.242188
Leucopsar_rothschildi	0.246195	0.120589	0.115362	0.125379	0.133872	0.123528	0.124071	0.121268	0.137725	0.143665	0.141832	0.136869	0.132267	0.144019	0.136491	0.149276	0.140958	0.141044	0.120957	0.14247	0.156895	0.143136	0.147507	0.141902	0.140989	0.11653	0.150019	0.148508	0.14342	0.150595	0.142843	0.144988	0.176594	0.17341	0.154516	0.145404	0.136615	0.151138	0.161344	0.143462	0.140967	0.13277	0.14763	0.161964	0.173208	0.144252	0.165924	0.146591	0.143833	0.140417	0.13747	0.124968	0.134932	0.14275	0.129725	0.141001	0.123056	0.118722	0.144486	0.123691	0.118954	0.122982	0.133267	0.131773	0.110404	0.111964	0.116831	0.122843	0.116542	0.108771	0.109293	0	0.0436271	0.0831026	0.0829739	0.166586	0.139997	0.14137	0.115945	0.128936	0.143706	0.12656	0.137408	0.143287	0.142324	0.129458	0.133726	0.128015	0.123596	0.134486	0.154243	0.137175	0.140766	0.136256	0.133852	0.132648	0.151091	0.127951	0.132119	0.146794	0.14599	0.136795	0.139327	0.127643	0.143264	0.119869	0.136652	0.136211	0.144886	0.138338	0.133387	0.139971	0.121157	0.134578	0.129741	0.14486	0.127422	0.137903	0.148888	0.130578	0.122555	0.166715	0.186974	0.18676	0.16769	0.16688	0.187916	0.169572	0.17913	0.173677	0.2392	0.243746	0.250287	0.259063	0.25557	0.249018	0.237874	0.251791	0.241382	0.255179	0.251347	0.240924	0.245256	0.239353	0.260916	0.245689	0.230541	0.227989	0.236969	0.229886	0.290692	0.314872	0.308513	0.323732	0.377646	0.361009	0.311407	0.331357	0.314596	0.30141	0.313559	0.247271	0.251048	0.271239	0.267107	0.266605	0.274737	0.275881	0.282	0.230208	0.312025	0.300146	0.303022	0.332651	0.259648	0.258516	0.236369	0.238744	0.251169	0.292436	0.271834	0.401253	0.295627	0.296676	0.309071	0.299314	0.276214	0.2857	0.265243	0.262657	0.292917	0.287987	0.327281	0.340445	0.351957	0.359059	0.353406	0.334303	0.22912	0.229111	0.232625	0.239757	0.317332	0.313893	0.302654	0.288062	0.289057	0.278639	0.264297	0.264499	0.266499	0.271011	0.237637	0.235718	0.227193	0.233237	0.232097	0.237573	0.260125	0.263514	0.247587	0.245266	0.253048	0.254403	0.241922	0.255413	0.257958	0.250994	0.260248	0.249918	0.244194	0.26251	0.264841	0.399508	0.272378	0.258376	0.258275	0.31207	0.30844	0.319284	0.313634	0.30287	0.243985	0.253813	0.265115	0.236342	0.23857	0.236488	0.239025	0.247217	0.257318	0.246259	0.270662	0.260754	0.276531	0.241176	0.215265	0.259582	0.255664	0.377646	0.447169	0.458517	0.438131	0.523987	0.419776	0.423954	0.433998	0.428579	0.394454	0.358038	0.372517	0.371372	0.387363	0.393373	0.35757	0.301165	0.303358	0.302309	0.301214	0.336561	0.329771	0.427536	0.419312	0.431127	0.429188	0.443529	0.435402	0.420178	0.439605	0.439605	0.431566	0.361929	0.361653	0.335092	0.222925	0.220633	0.219366	0.225195	0.225292	0.261473	0.267393	0.264945	0.254465	0.246483	0.259716	0.259716	0.266491	0.258579	0.260845	0.269789	0.230197	0.224129	0.245932	0.256903	0.239978	0.258896	0.285093	0.291312	0.315681	0.225866	0.228371	0.230295	0.25185	0.218899	0.222247	0.223808	0.224502	0.214126	0.234243	0.241978
Sturnus_vulgaris	0.250583	0.124977	0.11975	0.129767	0.13826	0.127916	0.128459	0.125656	0.142113	0.148054	0.14622	0.141257	0.136655	0.148408	0.140879	0.153665	0.145346	0.145432	0.125345	0.146858	0.161283	0.147524	0.151895	0.14629	0.145377	0.120918	0.154408	0.152896	0.147808	0.154984	0.147231	0.149376	0.180982	0.177798	0.158904	0.149792	0.141003	0.155526	0.165733	0.14785	0.145355	0.137158	0.152018	0.166352	0.177597	0.14864	0.170312	0.150979	0.148221	0.144805	0.141859	0.129356	0.139321	0.147139	0.134113	0.145389	0.127444	0.12311	0.148874	0.128079	0.123342	0.127371	0.137655	0.136161	0.114792	0.116353	0.121219	0.127231	0.120931	0.11316	0.113681	0.0436271	0	0.0874908	0.0873621	0.170974	0.144385	0.145758	0.120333	0.133324	0.148094	0.130949	0.141796	0.147675	0.146712	0.133846	0.138114	0.132404	0.127984	0.138874	0.158631	0.141563	0.145155	0.140644	0.13824	0.137036	0.155479	0.13234	0.136507	0.151182	0.150378	0.141183	0.143715	0.132031	0.147652	0.124257	0.14104	0.1406	0.149274	0.142726	0.137775	0.144359	0.125545	0.138967	0.134129	0.149248	0.13181	0.142291	0.153277	0.134966	0.126943	0.171103	0.191362	0.191149	0.172079	0.171269	0.192304	0.17396	0.183518	0.178065	0.243589	0.248134	0.254675	0.263452	0.259958	0.253406	0.242262	0.256179	0.24577	0.259567	0.255735	0.245312	0.249645	0.243741	0.265305	0.250077	0.234929	0.232378	0.241357	0.234274	0.29508	0.31926	0.312902	0.32812	0.382034	0.365398	0.315795	0.335745	0.318985	0.305798	0.317947	0.251659	0.255436	0.275627	0.271495	0.270993	0.279125	0.280269	0.286388	0.234596	0.316413	0.304534	0.307411	0.337039	0.264036	0.262904	0.240757	0.243132	0.255557	0.296824	0.276222	0.405641	0.300015	0.301065	0.313459	0.303702	0.280602	0.290088	0.269632	0.267045	0.297306	0.292375	0.331669	0.344833	0.356346	0.363447	0.357794	0.338691	0.233508	0.2335	0.237013	0.244145	0.32172	0.318281	0.307042	0.292451	0.293446	0.283028	0.268686	0.268887	0.270887	0.275399	0.242025	0.240106	0.231581	0.237625	0.236485	0.241961	0.264513	0.267902	0.251975	0.249654	0.257437	0.258792	0.24631	0.259801	0.262346	0.255382	0.264636	0.254306	0.248582	0.266898	0.269229	0.403896	0.276767	0.262765	0.262663	0.316458	0.312828	0.323672	0.318022	0.307258	0.248374	0.258202	0.269503	0.24073	0.242959	0.240876	0.243413	0.251606	0.261706	0.250648	0.27505	0.265142	0.280919	0.245564	0.219653	0.263971	0.260052	0.382034	0.451557	0.462905	0.442519	0.528376	0.424164	0.428342	0.438386	0.432967	0.398842	0.362426	0.376905	0.37576	0.391751	0.397761	0.361958	0.305553	0.307747	0.306697	0.305602	0.340949	0.334159	0.431925	0.423701	0.435516	0.433576	0.447917	0.43979	0.424566	0.443993	0.443993	0.435955	0.366317	0.366041	0.339481	0.227313	0.225021	0.223754	0.229583	0.22968	0.265861	0.271782	0.269334	0.258853	0.250871	0.264105	0.264105	0.270879	0.262967	0.265234	0.274177	0.234585	0.228517	0.25032	0.261291	0.244366	0.263284	0.289481	0.2957	0.320069	0.230254	0.232759	0.234684	0.256238	0.223287	0.226635	0.228197	0.22889	0.218515	0.238632	0.246367
Rhabdornis_inornatus	0.246607	0.121002	0.115774	0.125791	0.134284	0.12394	0.124484	0.121681	0.138138	0.144078	0.142244	0.137282	0.132679	0.144432	0.136903	0.149689	0.14137	0.141456	0.121369	0.142882	0.157307	0.143548	0.147919	0.142314	0.141401	0.116942	0.150432	0.148921	0.143832	0.151008	0.143255	0.145401	0.177006	0.173822	0.154928	0.145816	0.137027	0.15155	0.161757	0.143874	0.14138	0.133182	0.148042	0.162376	0.173621	0.144664	0.166336	0.147003	0.144245	0.140829	0.137883	0.12538	0.135345	0.143163	0.130137	0.141413	0.123468	0.119134	0.144898	0.124104	0.119366	0.123395	0.133679	0.132185	0.110816	0.112377	0.117243	0.123255	0.116955	0.109184	0.109705	0.0831026	0.0874908	0	0.0706307	0.166998	0.140409	0.141782	0.116357	0.129349	0.144118	0.126973	0.13782	0.143699	0.142736	0.129871	0.134138	0.128428	0.124008	0.134899	0.154655	0.137588	0.141179	0.136668	0.134264	0.13306	0.151503	0.128364	0.132531	0.147206	0.146402	0.137207	0.13974	0.128056	0.143676	0.120281	0.137065	0.136624	0.145298	0.13875	0.133799	0.140384	0.121569	0.134991	0.130153	0.145273	0.127834	0.138315	0.149301	0.13099	0.122967	0.167127	0.187386	0.187173	0.168103	0.167293	0.188329	0.169984	0.179542	0.174089	0.239613	0.244159	0.250699	0.259476	0.255982	0.249431	0.238286	0.252203	0.241794	0.255591	0.251759	0.241336	0.245669	0.239765	0.261329	0.246102	0.230953	0.228402	0.237382	0.230298	0.291104	0.315284	0.308926	0.324144	0.378059	0.361422	0.311819	0.331769	0.315009	0.301822	0.313971	0.247683	0.251461	0.271652	0.267519	0.267017	0.27515	0.276294	0.282413	0.230621	0.312438	0.300558	0.303435	0.333063	0.260061	0.258928	0.236782	0.239156	0.251581	0.292848	0.272247	0.401665	0.296039	0.297089	0.309483	0.299726	0.276626	0.286112	0.265656	0.263069	0.29333	0.2884	0.327693	0.340858	0.35237	0.359471	0.353818	0.334715	0.229532	0.229524	0.233037	0.240169	0.317744	0.314305	0.303066	0.288475	0.28947	0.279052	0.26471	0.264912	0.266911	0.271423	0.238049	0.23613	0.227605	0.233649	0.232509	0.237985	0.260537	0.263926	0.247999	0.245678	0.253461	0.254816	0.242334	0.255825	0.258371	0.251407	0.260661	0.25033	0.244606	0.262922	0.265254	0.399921	0.272791	0.258789	0.258687	0.312482	0.308853	0.319696	0.314046	0.303283	0.244398	0.254226	0.265527	0.236755	0.238983	0.2369	0.239437	0.24763	0.257731	0.246672	0.271075	0.261166	0.276943	0.241588	0.215677	0.259995	0.256077	0.378059	0.447581	0.458929	0.438543	0.5244	0.420188	0.424367	0.434411	0.428991	0.394866	0.358451	0.37293	0.371784	0.387775	0.393786	0.357983	0.301578	0.303771	0.302721	0.301626	0.336974	0.330183	0.427949	0.419725	0.43154	0.4296	0.443942	0.435815	0.42059	0.440018	0.440018	0.431979	0.362341	0.362065	0.335505	0.223337	0.221045	0.219778	0.225608	0.225704	0.261885	0.267806	0.265358	0.254877	0.246896	0.260129	0.260129	0.266903	0.258991	0.261258	0.270201	0.230609	0.224541	0.246344	0.257315	0.24039	0.259308	0.285506	0.291724	0.316093	0.226279	0.228783	0.230708	0.252262	0.219311	0.22266	0.224221	0.224915	0.214539	0.234656	0.242391
Toxostoma_redivivum	0.246479	0.120873	0.115645	0.125663	0.134156	0.123812	0.124355	0.121552	0.138009	0.143949	0.142116	0.137153	0.13255	0.144303	0.136775	0.14956	0.141242	0.141328	0.121241	0.142753	0.157178	0.14342	0.147791	0.142186	0.141272	0.116814	0.150303	0.148792	0.143704	0.150879	0.143126	0.145272	0.176877	0.173694	0.154799	0.145688	0.136899	0.151421	0.161628	0.143746	0.141251	0.133054	0.147914	0.162247	0.173492	0.144535	0.166207	0.146875	0.144116	0.140701	0.137754	0.125252	0.135216	0.143034	0.130008	0.141284	0.12334	0.119006	0.144769	0.123975	0.119237	0.123266	0.133551	0.132057	0.110688	0.112248	0.117115	0.123127	0.116826	0.109055	0.109577	0.0829739	0.0873621	0.0706307	0	0.166869	0.14028	0.141654	0.116229	0.12922	0.143989	0.126844	0.137691	0.14357	0.142607	0.129742	0.13401	0.128299	0.123879	0.13477	0.154527	0.137459	0.14105	0.136539	0.134135	0.132931	0.151375	0.128235	0.132402	0.147077	0.146273	0.137078	0.139611	0.127927	0.143547	0.120153	0.136936	0.136495	0.145169	0.138622	0.133671	0.140255	0.121441	0.134862	0.130024	0.145144	0.127706	0.138187	0.149172	0.130861	0.122839	0.166998	0.187258	0.187044	0.167974	0.167164	0.1882	0.169855	0.179414	0.17396	0.239484	0.24403	0.250571	0.259347	0.255854	0.249302	0.238157	0.252075	0.241665	0.255463	0.251631	0.241207	0.24554	0.239637	0.2612	0.245973	0.230825	0.228273	0.237253	0.23017	0.290976	0.315155	0.308797	0.324016	0.37793	0.361293	0.311691	0.33164	0.31488	0.301694	0.313843	0.247555	0.251332	0.271523	0.26739	0.266888	0.275021	0.276165	0.282284	0.230492	0.312309	0.300429	0.303306	0.332935	0.259932	0.2588	0.236653	0.239028	0.251452	0.29272	0.272118	0.401536	0.295911	0.29696	0.309354	0.299597	0.276498	0.285983	0.265527	0.262941	0.293201	0.288271	0.327565	0.340729	0.352241	0.359343	0.35369	0.334587	0.229403	0.229395	0.232908	0.240041	0.317615	0.314177	0.302938	0.288346	0.289341	0.278923	0.264581	0.264783	0.266782	0.271295	0.23792	0.236001	0.227477	0.23352	0.232381	0.237857	0.260409	0.263797	0.24787	0.245549	0.253332	0.254687	0.242206	0.255697	0.258242	0.251278	0.260532	0.250201	0.244477	0.262793	0.265125	0.399792	0.272662	0.25866	0.258559	0.312353	0.308724	0.319567	0.313918	0.303154	0.244269	0.254097	0.265399	0.236626	0.238854	0.236772	0.239308	0.247501	0.257602	0.246543	0.270946	0.261038	0.276814	0.241459	0.215549	0.259866	0.255948	0.37793	0.447452	0.4588	0.438415	0.524271	0.42006	0.424238	0.434282	0.428863	0.394738	0.358322	0.372801	0.371656	0.387647	0.393657	0.357854	0.301449	0.303642	0.302593	0.301498	0.336845	0.330055	0.42782	0.419596	0.431411	0.429471	0.443813	0.435686	0.420462	0.439889	0.439889	0.43185	0.362213	0.361937	0.335376	0.223208	0.220917	0.219649	0.225479	0.225575	0.261757	0.267677	0.265229	0.254748	0.246767	0.26	0.26	0.266775	0.258862	0.261129	0.270073	0.230481	0.224413	0.246215	0.257186	0.240262	0.259179	0.285377	0.291596	0.315964	0.22615	0.228655	0.230579	0.252134	0.219183	0.222531	0.224092	0.224786	0.21441	0.234527	0.242262
Elachura_formosa	0.294008	0.168402	0.163174	0.173192	0.181685	0.171341	0.171884	0.169081	0.185538	0.191478	0.189645	0.184682	0.18008	0.191832	0.184304	0.197089	0.188771	0.188857	0.16877	0.190283	0.204708	0.190949	0.19532	0.189715	0.188802	0.164343	0.197832	0.196321	0.191233	0.198408	0.190656	0.192801	0.224407	0.221223	0.202329	0.193217	0.184428	0.198951	0.209157	0.191275	0.18878	0.180583	0.195443	0.209777	0.221021	0.192065	0.213737	0.194404	0.191646	0.18823	0.185283	0.172781	0.182745	0.190563	0.177538	0.188813	0.170869	0.166535	0.192299	0.171504	0.166767	0.170795	0.18108	0.179586	0.167907	0.169467	0.174334	0.180346	0.174045	0.166274	0.166796	0.166586	0.170974	0.166998	0.166869	0	0.187809	0.189183	0.163758	0.176749	0.191519	0.174373	0.18522	0.1911	0.190137	0.177271	0.181539	0.175828	0.171409	0.182299	0.202056	0.184988	0.188579	0.184069	0.181665	0.180461	0.198904	0.175764	0.179932	0.194607	0.193803	0.184607	0.18714	0.175456	0.191077	0.167682	0.184465	0.184024	0.192699	0.186151	0.1812	0.187784	0.16897	0.182391	0.177554	0.192673	0.175235	0.185716	0.196701	0.178391	0.170368	0.214528	0.234787	0.234573	0.215503	0.214693	0.235729	0.217385	0.226943	0.22149	0.287013	0.291559	0.2981	0.306876	0.303383	0.296831	0.285687	0.299604	0.289195	0.302992	0.29916	0.288737	0.293069	0.287166	0.308729	0.293502	0.278354	0.275802	0.284782	0.277699	0.338505	0.362685	0.356326	0.371545	0.425459	0.408822	0.35922	0.379169	0.362409	0.349223	0.361372	0.295084	0.298861	0.319052	0.314919	0.314417	0.32255	0.323694	0.329813	0.278021	0.359838	0.347958	0.350835	0.380464	0.307461	0.306329	0.284182	0.286557	0.298982	0.340249	0.319647	0.449065	0.34344	0.344489	0.356883	0.347127	0.324027	0.333513	0.313056	0.31047	0.34073	0.3358	0.375094	0.388258	0.39977	0.406872	0.401219	0.382116	0.276932	0.276924	0.280438	0.28757	0.365145	0.361706	0.350467	0.335875	0.33687	0.326452	0.31211	0.312312	0.314312	0.318824	0.28545	0.283531	0.275006	0.28105	0.27991	0.285386	0.307938	0.311327	0.295399	0.293078	0.300861	0.302216	0.289735	0.303226	0.305771	0.298807	0.308061	0.29773	0.292006	0.310322	0.312654	0.447321	0.320191	0.306189	0.306088	0.359882	0.356253	0.367097	0.361447	0.350683	0.291798	0.301626	0.312928	0.284155	0.286383	0.284301	0.286838	0.29503	0.305131	0.294072	0.318475	0.308567	0.324344	0.288989	0.263078	0.307395	0.303477	0.425459	0.494982	0.506329	0.485944	0.5718	0.467589	0.471767	0.481811	0.476392	0.442267	0.405851	0.42033	0.419185	0.435176	0.441186	0.405383	0.348978	0.351171	0.350122	0.349027	0.384374	0.377584	0.475349	0.467125	0.47894	0.477001	0.491342	0.483215	0.467991	0.487418	0.487418	0.479379	0.409742	0.409466	0.382905	0.270738	0.268446	0.267179	0.273008	0.273105	0.309286	0.315206	0.312758	0.302278	0.294296	0.307529	0.307529	0.314304	0.306392	0.308658	0.317602	0.27801	0.271942	0.293745	0.304716	0.287791	0.306709	0.332906	0.339125	0.363493	0.273679	0.276184	0.278108	0.299663	0.266712	0.27006	0.271621	0.272315	0.261939	0.282056	0.289791
Certhia_brachydactyla	0.25459	0.128985	0.123757	0.133774	0.142267	0.131923	0.132467	0.129663	0.146121	0.152061	0.150227	0.145265	0.140662	0.152415	0.144886	0.157672	0.149353	0.149439	0.129352	0.150865	0.16529	0.151531	0.155902	0.150297	0.149384	0.124925	0.158415	0.156904	0.151815	0.158991	0.151238	0.153384	0.184989	0.181805	0.162911	0.153799	0.14501	0.159533	0.16974	0.151857	0.149363	0.141165	0.156025	0.170359	0.181604	0.152647	0.174319	0.154986	0.152228	0.148812	0.145866	0.133363	0.143328	0.151146	0.13812	0.149396	0.131451	0.127117	0.152881	0.132087	0.127349	0.131378	0.141662	0.140168	0.141317	0.142878	0.147744	0.153756	0.147456	0.139685	0.140206	0.139997	0.144385	0.140409	0.14028	0.187809	0	0.0111445	0.103889	0.116881	0.149063	0.131918	0.145803	0.151682	0.150719	0.137853	0.142121	0.136411	0.131991	0.142882	0.162638	0.145571	0.149162	0.144651	0.142247	0.141043	0.159486	0.136347	0.140514	0.155189	0.154385	0.14519	0.147723	0.136039	0.151659	0.128264	0.145048	0.144607	0.153281	0.146733	0.141782	0.148367	0.129552	0.142974	0.138136	0.153256	0.135817	0.146298	0.157284	0.138973	0.13095	0.17511	0.195369	0.195156	0.176086	0.175276	0.196312	0.177967	0.187525	0.182072	0.247596	0.252142	0.258682	0.267459	0.263965	0.257414	0.246269	0.260186	0.249777	0.263574	0.259742	0.249319	0.253652	0.247748	0.269312	0.254085	0.238936	0.236385	0.245365	0.238281	0.299087	0.323267	0.316909	0.332127	0.386042	0.369405	0.319802	0.339752	0.322992	0.309805	0.321954	0.255666	0.259444	0.279635	0.275502	0.275	0.283133	0.284277	0.290396	0.238604	0.320421	0.308541	0.311418	0.341046	0.268044	0.266911	0.244765	0.247139	0.259564	0.300831	0.28023	0.409648	0.304022	0.305072	0.317466	0.307709	0.284609	0.294095	0.273639	0.271052	0.301313	0.296383	0.335676	0.348841	0.360353	0.367454	0.361801	0.342698	0.237515	0.237507	0.24102	0.248152	0.325727	0.322288	0.311049	0.296458	0.297453	0.287035	0.272693	0.272895	0.274894	0.279406	0.246032	0.244113	0.235588	0.241632	0.240492	0.245968	0.26852	0.271909	0.255982	0.253661	0.261444	0.262799	0.250317	0.263808	0.266354	0.25939	0.268644	0.258313	0.252589	0.270905	0.273237	0.407903	0.280774	0.266772	0.26667	0.320465	0.316836	0.327679	0.322029	0.311265	0.252381	0.262209	0.27351	0.244738	0.246966	0.244883	0.24742	0.255613	0.265714	0.254655	0.279058	0.269149	0.284926	0.249571	0.22366	0.267978	0.264059	0.386042	0.455564	0.466912	0.446526	0.532383	0.428171	0.43235	0.442394	0.436974	0.402849	0.366434	0.380913	0.379767	0.395758	0.401769	0.365966	0.30956	0.311754	0.310704	0.309609	0.344957	0.338166	0.435932	0.427708	0.439523	0.437583	0.451925	0.443798	0.428573	0.448001	0.448001	0.439962	0.370324	0.370048	0.343488	0.23132	0.229028	0.227761	0.233591	0.233687	0.269868	0.275789	0.273341	0.26286	0.254879	0.268112	0.268112	0.274886	0.266974	0.269241	0.278184	0.238592	0.232524	0.254327	0.265298	0.248373	0.267291	0.293489	0.299707	0.324076	0.234262	0.236766	0.238691	0.260245	0.227294	0.230643	0.232204	0.232898	0.222522	0.242639	0.250374
Certhia_familiaris	0.255964	0.130358	0.12513	0.135148	0.143641	0.133297	0.13384	0.131037	0.147494	0.153434	0.151601	0.146638	0.142035	0.153788	0.14626	0.159045	0.150727	0.150813	0.130726	0.152238	0.166663	0.152905	0.157276	0.151671	0.150757	0.126299	0.159788	0.158277	0.153189	0.160364	0.152611	0.154757	0.186362	0.183179	0.164284	0.155173	0.146384	0.160906	0.171113	0.153231	0.150736	0.142539	0.157399	0.171732	0.182977	0.15402	0.175692	0.15636	0.153601	0.150186	0.147239	0.134737	0.144701	0.152519	0.139493	0.150769	0.132825	0.128491	0.154254	0.13346	0.128722	0.132751	0.143036	0.141542	0.142691	0.144251	0.149118	0.15513	0.148829	0.141058	0.14158	0.14137	0.145758	0.141782	0.141654	0.189183	0.0111445	0	0.105263	0.118254	0.150436	0.133291	0.147176	0.153055	0.152092	0.139227	0.143495	0.137784	0.133364	0.144255	0.164012	0.146944	0.150535	0.146024	0.14362	0.142416	0.16086	0.13772	0.141887	0.156562	0.155758	0.146563	0.149096	0.137412	0.153032	0.129638	0.146421	0.14598	0.154654	0.148107	0.143156	0.14974	0.130926	0.144347	0.139509	0.154629	0.137191	0.147672	0.158657	0.140346	0.132324	0.176484	0.196743	0.196529	0.177459	0.176649	0.197685	0.17934	0.188899	0.183445	0.248969	0.253515	0.260056	0.268832	0.265339	0.258787	0.247642	0.26156	0.25115	0.264948	0.261116	0.250692	0.255025	0.249122	0.270685	0.255458	0.24031	0.237758	0.246738	0.239655	0.300461	0.32464	0.318282	0.333501	0.387415	0.370778	0.321176	0.341125	0.324365	0.311179	0.323328	0.25704	0.260817	0.281008	0.276875	0.276373	0.284506	0.28565	0.291769	0.239977	0.321794	0.309914	0.312791	0.34242	0.269417	0.268285	0.246138	0.248513	0.260937	0.302205	0.281603	0.411021	0.305396	0.306445	0.318839	0.309083	0.285983	0.295468	0.275012	0.272426	0.302686	0.297756	0.33705	0.350214	0.361726	0.368828	0.363175	0.344072	0.238888	0.23888	0.242393	0.249526	0.3271	0.323662	0.312423	0.297831	0.298826	0.288408	0.274066	0.274268	0.276267	0.28078	0.247405	0.245486	0.236962	0.243005	0.241866	0.247342	0.269894	0.273282	0.257355	0.255034	0.262817	0.264172	0.251691	0.265182	0.267727	0.260763	0.270017	0.259686	0.253962	0.272278	0.27461	0.409277	0.282147	0.268145	0.268044	0.321838	0.318209	0.329052	0.323403	0.312639	0.253754	0.263582	0.274884	0.246111	0.248339	0.246257	0.248793	0.256986	0.267087	0.256028	0.280431	0.270523	0.286299	0.250944	0.225034	0.269351	0.265433	0.387415	0.456937	0.468285	0.4479	0.533756	0.429545	0.433723	0.443767	0.438348	0.404223	0.367807	0.382286	0.381141	0.397132	0.403142	0.367339	0.310934	0.313127	0.312078	0.310983	0.34633	0.33954	0.437305	0.429081	0.440896	0.438956	0.453298	0.445171	0.429947	0.449374	0.449374	0.441335	0.371698	0.371422	0.344861	0.232693	0.230402	0.229134	0.234964	0.23506	0.271242	0.277162	0.274714	0.264233	0.256252	0.269485	0.269485	0.27626	0.268347	0.270614	0.279558	0.239966	0.233898	0.2557	0.266671	0.249747	0.268664	0.294862	0.301081	0.325449	0.235635	0.23814	0.240064	0.261619	0.228668	0.232016	0.233577	0.234271	0.223895	0.244012	0.251747
Polioptila_caerulea	0.230539	0.104933	0.0997052	0.109723	0.118215	0.107872	0.108415	0.105612	0.122069	0.128009	0.126176	0.121213	0.11661	0.128363	0.120835	0.13362	0.125302	0.125388	0.105301	0.126813	0.141238	0.12748	0.131851	0.126246	0.125332	0.100874	0.134363	0.132852	0.127764	0.134939	0.127186	0.129332	0.160937	0.157754	0.138859	0.129748	0.120959	0.135481	0.145688	0.127806	0.125311	0.117114	0.131974	0.146307	0.157552	0.128595	0.150267	0.130935	0.128176	0.124761	0.121814	0.109312	0.119276	0.127094	0.114068	0.125344	0.1074	0.103066	0.128829	0.108035	0.103297	0.107326	0.117611	0.116117	0.117266	0.118826	0.123693	0.129705	0.123404	0.115633	0.116155	0.115945	0.120333	0.116357	0.116229	0.163758	0.103889	0.105263	0	0.0642661	0.125011	0.107866	0.121751	0.12763	0.126667	0.113802	0.11807	0.112359	0.107939	0.11883	0.138587	0.121519	0.12511	0.120599	0.118195	0.116991	0.135435	0.112295	0.116462	0.131137	0.130333	0.121138	0.123671	0.111987	0.127607	0.104212	0.120996	0.120555	0.129229	0.122681	0.117731	0.124315	0.105501	0.118922	0.114084	0.129204	0.111766	0.122247	0.133232	0.114921	0.106899	0.151058	0.171318	0.171104	0.152034	0.151224	0.17226	0.153915	0.163474	0.15802	0.223544	0.22809	0.234631	0.243407	0.239914	0.233362	0.222217	0.236135	0.225725	0.239523	0.235691	0.225267	0.2296	0.223697	0.24526	0.230033	0.214885	0.212333	0.221313	0.21423	0.275036	0.299215	0.292857	0.308076	0.36199	0.345353	0.295751	0.3157	0.29894	0.285754	0.297903	0.231615	0.235392	0.255583	0.25145	0.250948	0.259081	0.260225	0.266344	0.214552	0.296369	0.284489	0.287366	0.316995	0.243992	0.242859	0.220713	0.223087	0.235512	0.27678	0.256178	0.385596	0.279971	0.28102	0.293414	0.283657	0.260558	0.270043	0.249587	0.247001	0.277261	0.272331	0.311625	0.324789	0.336301	0.343403	0.33775	0.318647	0.213463	0.213455	0.216968	0.224101	0.301675	0.298237	0.286998	0.272406	0.273401	0.262983	0.248641	0.248843	0.250842	0.255355	0.22198	0.220061	0.211537	0.21758	0.216441	0.221917	0.244469	0.247857	0.23193	0.229609	0.237392	0.238747	0.226265	0.239757	0.242302	0.235338	0.244592	0.234261	0.228537	0.246853	0.249185	0.383852	0.256722	0.24272	0.242619	0.296413	0.292784	0.303627	0.297978	0.287214	0.228329	0.238157	0.249459	0.220686	0.222914	0.220832	0.223368	0.231561	0.241662	0.230603	0.255006	0.245098	0.260874	0.225519	0.199609	0.243926	0.240008	0.36199	0.431512	0.44286	0.422475	0.508331	0.40412	0.408298	0.418342	0.412923	0.378798	0.342382	0.356861	0.355716	0.371707	0.377717	0.341914	0.285509	0.287702	0.286653	0.285558	0.320905	0.314115	0.41188	0.403656	0.415471	0.413531	0.427873	0.419746	0.404522	0.423949	0.423949	0.41591	0.346273	0.345996	0.319436	0.207268	0.204977	0.203709	0.209539	0.209635	0.245817	0.251737	0.249289	0.238808	0.230827	0.24406	0.24406	0.250834	0.242922	0.245189	0.254133	0.214541	0.208473	0.230275	0.241246	0.224322	0.243239	0.269437	0.275656	0.300024	0.21021	0.212715	0.214639	0.236194	0.203243	0.206591	0.208152	0.208846	0.19847	0.218587	0.226322
Thryothorus_ludovicianus	0.24353	0.117924	0.112697	0.122714	0.131207	0.120863	0.121406	0.118603	0.13506	0.141	0.139167	0.134204	0.129602	0.141354	0.133826	0.146611	0.138293	0.138379	0.118292	0.139805	0.15423	0.140471	0.144842	0.139237	0.138324	0.113865	0.147354	0.145843	0.140755	0.14793	0.140178	0.142323	0.173929	0.170745	0.151851	0.142739	0.13395	0.148473	0.158679	0.140797	0.138302	0.130105	0.144965	0.159299	0.170544	0.141587	0.163259	0.143926	0.141168	0.137752	0.134805	0.122303	0.132268	0.140086	0.12706	0.138336	0.120391	0.116057	0.141821	0.121026	0.116289	0.120317	0.130602	0.129108	0.130257	0.131817	0.136684	0.142696	0.136396	0.128625	0.129146	0.128936	0.133324	0.129349	0.12922	0.176749	0.116881	0.118254	0.0642661	0	0.138003	0.120858	0.134743	0.140622	0.139659	0.126793	0.131061	0.12535	0.120931	0.131821	0.151578	0.13451	0.138101	0.133591	0.131187	0.129983	0.148426	0.125286	0.129454	0.144129	0.143325	0.13413	0.136662	0.124978	0.140599	0.117204	0.133987	0.133546	0.142221	0.135673	0.130722	0.137306	0.118492	0.131913	0.127076	0.142195	0.124757	0.135238	0.146223	0.127913	0.11989	0.16405	0.184309	0.184095	0.165025	0.164215	0.185251	0.166907	0.176465	0.171012	0.236535	0.241081	0.247622	0.256398	0.252905	0.246353	0.235209	0.249126	0.238717	0.252514	0.248682	0.238259	0.242591	0.236688	0.258251	0.243024	0.227876	0.225324	0.234304	0.227221	0.288027	0.312207	0.305848	0.321067	0.374981	0.358344	0.308742	0.328692	0.311931	0.298745	0.310894	0.244606	0.248383	0.268574	0.264442	0.26394	0.272072	0.273216	0.279335	0.227543	0.30936	0.297481	0.300357	0.329986	0.256983	0.255851	0.233704	0.236079	0.248504	0.289771	0.269169	0.398588	0.292962	0.294011	0.306406	0.296649	0.273549	0.283035	0.262579	0.259992	0.290252	0.285322	0.324616	0.33778	0.349293	0.356394	0.350741	0.331638	0.226455	0.226446	0.22996	0.237092	0.314667	0.311228	0.299989	0.285397	0.286392	0.275974	0.261632	0.261834	0.263834	0.268346	0.234972	0.233053	0.224528	0.230572	0.229432	0.234908	0.25746	0.260849	0.244922	0.242601	0.250383	0.251738	0.239257	0.252748	0.255293	0.248329	0.257583	0.247253	0.241529	0.259845	0.262176	0.396843	0.269713	0.255711	0.25561	0.309405	0.305775	0.316619	0.310969	0.300205	0.24132	0.251148	0.26245	0.233677	0.235905	0.233823	0.23636	0.244552	0.254653	0.243594	0.267997	0.258089	0.273866	0.238511	0.2126	0.256917	0.252999	0.374981	0.444504	0.455852	0.435466	0.521322	0.417111	0.421289	0.431333	0.425914	0.391789	0.355373	0.369852	0.368707	0.384698	0.390708	0.354905	0.2985	0.300694	0.299644	0.298549	0.333896	0.327106	0.424871	0.416647	0.428462	0.426523	0.440864	0.432737	0.417513	0.43694	0.43694	0.428901	0.359264	0.358988	0.332427	0.22026	0.217968	0.216701	0.22253	0.222627	0.258808	0.264728	0.26228	0.2518	0.243818	0.257051	0.257051	0.263826	0.255914	0.25818	0.267124	0.227532	0.221464	0.243267	0.254238	0.237313	0.256231	0.282428	0.288647	0.313016	0.223201	0.225706	0.22763	0.249185	0.216234	0.219582	0.221143	0.221837	0.211461	0.231578	0.239314
Sitta_europaea	0.258299	0.132694	0.127466	0.137483	0.145976	0.135632	0.136176	0.133373	0.14983	0.15577	0.153936	0.148974	0.144371	0.156124	0.148595	0.161381	0.153062	0.153148	0.133062	0.154574	0.168999	0.15524	0.159611	0.154006	0.153093	0.128634	0.162124	0.160613	0.155524	0.1627	0.154947	0.157093	0.188698	0.185515	0.16662	0.157508	0.148719	0.163242	0.173449	0.155566	0.153072	0.144874	0.159735	0.174068	0.185313	0.156356	0.178028	0.158695	0.155937	0.152521	0.149575	0.137072	0.147037	0.154855	0.141829	0.153105	0.13516	0.130827	0.15659	0.135796	0.131058	0.135087	0.145371	0.143877	0.145026	0.146587	0.151453	0.157465	0.151165	0.143394	0.143915	0.143706	0.148094	0.144118	0.143989	0.191519	0.149063	0.150436	0.125011	0.138003	0	0.123431	0.149512	0.155391	0.154428	0.141563	0.14583	0.14012	0.1357	0.146591	0.166348	0.14928	0.152871	0.14836	0.145956	0.144752	0.163195	0.140056	0.144223	0.158898	0.158094	0.148899	0.151432	0.139748	0.155368	0.131973	0.148757	0.148316	0.15699	0.150442	0.145491	0.152076	0.133261	0.146683	0.141845	0.156965	0.139527	0.150007	0.160993	0.142682	0.13466	0.178819	0.199078	0.198865	0.179795	0.178985	0.200021	0.181676	0.191234	0.185781	0.251305	0.255851	0.262392	0.271168	0.267675	0.261123	0.249978	0.263895	0.253486	0.267283	0.263451	0.253028	0.257361	0.251457	0.273021	0.257794	0.242645	0.240094	0.249074	0.24199	0.302796	0.326976	0.320618	0.335836	0.389751	0.373114	0.323511	0.343461	0.326701	0.313515	0.325664	0.259376	0.263153	0.283344	0.279211	0.278709	0.286842	0.287986	0.294105	0.242313	0.32413	0.31225	0.315127	0.344755	0.271753	0.27062	0.248474	0.250848	0.263273	0.30454	0.283939	0.413357	0.307731	0.308781	0.321175	0.311418	0.288319	0.297804	0.277348	0.274761	0.305022	0.300092	0.339386	0.35255	0.364062	0.371164	0.36551	0.346408	0.241224	0.241216	0.244729	0.251861	0.329436	0.325997	0.314759	0.300167	0.301162	0.290744	0.276402	0.276604	0.278603	0.283115	0.249741	0.247822	0.239297	0.245341	0.244201	0.249677	0.272229	0.275618	0.259691	0.25737	0.265153	0.266508	0.254026	0.267517	0.270063	0.263099	0.272353	0.262022	0.256298	0.274614	0.276946	0.411613	0.284483	0.270481	0.270379	0.324174	0.320545	0.331388	0.325738	0.314975	0.25609	0.265918	0.277219	0.248447	0.250675	0.248592	0.251129	0.259322	0.269423	0.258364	0.282767	0.272859	0.288635	0.25328	0.227369	0.271687	0.267769	0.389751	0.459273	0.470621	0.450235	0.536092	0.43188	0.436059	0.446103	0.440683	0.406559	0.370143	0.384622	0.383476	0.399467	0.405478	0.369675	0.31327	0.315463	0.314413	0.313318	0.348666	0.341876	0.439641	0.431417	0.443232	0.441292	0.455634	0.447507	0.432282	0.45171	0.45171	0.443671	0.374033	0.373757	0.347197	0.235029	0.232737	0.23147	0.2373	0.237396	0.273578	0.279498	0.27705	0.266569	0.258588	0.271821	0.271821	0.278595	0.270683	0.27295	0.281893	0.242301	0.236234	0.258036	0.269007	0.252082	0.271	0.297198	0.303416	0.327785	0.237971	0.240475	0.2424	0.263954	0.231004	0.234352	0.235913	0.236607	0.226231	0.246348	0.254083
Tichodroma_muraria	0.241154	0.115549	0.110321	0.120338	0.128831	0.118487	0.119031	0.116227	0.132685	0.138625	0.136791	0.131829	0.127226	0.138979	0.13145	0.144236	0.135917	0.136003	0.115916	0.137429	0.151854	0.138095	0.142466	0.136861	0.135948	0.111489	0.144979	0.143468	0.138379	0.145555	0.137802	0.139947	0.171553	0.168369	0.149475	0.140363	0.131574	0.146097	0.156304	0.138421	0.135927	0.127729	0.142589	0.156923	0.168168	0.139211	0.160883	0.14155	0.138792	0.135376	0.13243	0.119927	0.129892	0.13771	0.124684	0.13596	0.118015	0.113681	0.139445	0.118651	0.113913	0.117942	0.128226	0.126732	0.127881	0.129442	0.134308	0.14032	0.13402	0.126249	0.12677	0.12656	0.130949	0.126973	0.126844	0.174373	0.131918	0.133291	0.107866	0.120858	0.123431	0	0.132367	0.138246	0.137283	0.124417	0.128685	0.122975	0.118555	0.129446	0.149202	0.132134	0.135726	0.131215	0.128811	0.127607	0.14605	0.122911	0.127078	0.141753	0.140949	0.131754	0.134287	0.122603	0.138223	0.114828	0.131612	0.131171	0.139845	0.133297	0.128346	0.134931	0.116116	0.129538	0.1247	0.13982	0.122381	0.132862	0.143848	0.125537	0.117514	0.161674	0.181933	0.18172	0.16265	0.16184	0.182876	0.164531	0.174089	0.168636	0.23416	0.238706	0.245246	0.254023	0.250529	0.243978	0.232833	0.24675	0.236341	0.250138	0.246306	0.235883	0.240216	0.234312	0.255876	0.240649	0.2255	0.222949	0.231929	0.224845	0.285651	0.309831	0.303473	0.318691	0.372606	0.355969	0.306366	0.326316	0.309556	0.296369	0.308518	0.24223	0.246007	0.266198	0.262066	0.261564	0.269696	0.270841	0.27696	0.225168	0.306985	0.295105	0.297982	0.32761	0.254608	0.253475	0.231329	0.233703	0.246128	0.287395	0.266793	0.396212	0.290586	0.291636	0.30403	0.294273	0.271173	0.280659	0.260203	0.257616	0.287877	0.282947	0.32224	0.335405	0.346917	0.354018	0.348365	0.329262	0.224079	0.224071	0.227584	0.234716	0.312291	0.308852	0.297613	0.283022	0.284017	0.273599	0.259257	0.259459	0.261458	0.26597	0.232596	0.230677	0.222152	0.228196	0.227056	0.232532	0.255084	0.258473	0.242546	0.240225	0.248008	0.249363	0.236881	0.250372	0.252918	0.245954	0.255208	0.244877	0.239153	0.257469	0.259801	0.394467	0.267338	0.253336	0.253234	0.307029	0.3034	0.314243	0.308593	0.297829	0.238945	0.248773	0.260074	0.231302	0.23353	0.231447	0.233984	0.242177	0.252277	0.241219	0.265622	0.255713	0.27149	0.236135	0.210224	0.254542	0.250623	0.372606	0.442128	0.453476	0.43309	0.518947	0.414735	0.418913	0.428958	0.423538	0.389413	0.352997	0.367477	0.366331	0.382322	0.388333	0.35253	0.296124	0.298318	0.297268	0.296173	0.331521	0.32473	0.422496	0.414272	0.426087	0.424147	0.438489	0.430362	0.415137	0.434565	0.434565	0.426526	0.356888	0.356612	0.330052	0.217884	0.215592	0.214325	0.220155	0.220251	0.256432	0.262353	0.259905	0.249424	0.241442	0.254676	0.254676	0.26145	0.253538	0.255805	0.264748	0.225156	0.219088	0.240891	0.251862	0.234937	0.253855	0.280052	0.286271	0.31064	0.220826	0.22333	0.225255	0.246809	0.213858	0.217207	0.218768	0.219462	0.209086	0.229203	0.236938
Chaetops_frenatus	0.224644	0.121194	0.115966	0.125983	0.134476	0.124132	0.124675	0.121872	0.13833	0.14427	0.142436	0.137474	0.132871	0.144624	0.137095	0.149881	0.141562	0.141648	0.121561	0.143074	0.157499	0.14374	0.148111	0.142506	0.141593	0.117134	0.150624	0.149113	0.144024	0.1512	0.143447	0.145592	0.177198	0.174014	0.15512	0.146008	0.137219	0.151742	0.161949	0.144066	0.141572	0.133374	0.148234	0.162568	0.173813	0.144856	0.166528	0.147195	0.144437	0.141021	0.138075	0.125572	0.135537	0.143355	0.130329	0.141605	0.12366	0.119326	0.147504	0.126709	0.121972	0.126	0.136285	0.134791	0.138728	0.140289	0.145155	0.151167	0.144867	0.137096	0.137617	0.137408	0.141796	0.13782	0.137691	0.18522	0.145803	0.147176	0.121751	0.134743	0.149512	0.132367	0	0.0712646	0.10928	0.107907	0.112175	0.106465	0.102045	0.112936	0.132692	0.115624	0.119216	0.114705	0.112301	0.111097	0.12954	0.106401	0.110568	0.125243	0.124439	0.115244	0.117777	0.106093	0.121713	0.0983181	0.115102	0.114661	0.123335	0.116787	0.111836	0.118421	0.0996063	0.113028	0.10819	0.12331	0.105871	0.116352	0.127338	0.109027	0.101004	0.145164	0.165423	0.16521	0.14614	0.14533	0.166366	0.148021	0.157579	0.152126	0.21765	0.222196	0.228736	0.237513	0.234019	0.227468	0.216323	0.23024	0.219831	0.233628	0.229796	0.219373	0.223706	0.217802	0.239366	0.224139	0.20899	0.206439	0.215418	0.208335	0.269141	0.293321	0.286963	0.302181	0.356096	0.339459	0.289856	0.309806	0.293046	0.279859	0.292008	0.22572	0.229497	0.249688	0.245556	0.245054	0.253186	0.25433	0.26045	0.208658	0.290475	0.278595	0.281472	0.3111	0.238098	0.236965	0.214819	0.217193	0.229618	0.270885	0.250283	0.379702	0.274076	0.275126	0.28752	0.277763	0.254663	0.264149	0.243693	0.241106	0.271367	0.266436	0.30573	0.318895	0.330407	0.337508	0.331855	0.312752	0.207569	0.207561	0.211074	0.218206	0.295781	0.292342	0.281103	0.266512	0.267507	0.257089	0.242747	0.242949	0.244948	0.24946	0.216086	0.214167	0.205642	0.211686	0.210546	0.216022	0.238574	0.241963	0.226036	0.223715	0.231498	0.232853	0.220371	0.233862	0.236407	0.229444	0.238698	0.228367	0.222643	0.240959	0.24329	0.377957	0.250828	0.236826	0.236724	0.290519	0.28689	0.297733	0.292083	0.281319	0.222435	0.232263	0.243564	0.214792	0.21702	0.214937	0.217474	0.225667	0.235767	0.224709	0.249112	0.239203	0.25498	0.219625	0.193714	0.238032	0.234113	0.356096	0.425618	0.436966	0.41658	0.502437	0.398225	0.402403	0.412448	0.407028	0.372903	0.336487	0.350967	0.349821	0.365812	0.371823	0.33602	0.279614	0.281808	0.280758	0.279663	0.31501	0.30822	0.405986	0.397762	0.409577	0.407637	0.421978	0.413851	0.398627	0.418054	0.418054	0.410016	0.340378	0.340102	0.313542	0.201374	0.199082	0.197815	0.203645	0.203741	0.239922	0.245843	0.243395	0.232914	0.224932	0.238166	0.238166	0.24494	0.237028	0.239295	0.248238	0.208646	0.202578	0.224381	0.235352	0.218427	0.237345	0.263542	0.269761	0.29413	0.204315	0.20682	0.208745	0.230299	0.197348	0.200697	0.202258	0.202952	0.192576	0.212693	0.220428
Picathartes_gymnocephalus	0.230523	0.127073	0.121845	0.131862	0.140355	0.130011	0.130555	0.127751	0.144209	0.150149	0.148315	0.143353	0.13875	0.150503	0.142974	0.15576	0.147441	0.147527	0.12744	0.148953	0.163378	0.149619	0.15399	0.148385	0.147472	0.123013	0.156503	0.154992	0.149903	0.157079	0.149326	0.151471	0.183077	0.179893	0.160999	0.151887	0.143098	0.157621	0.167828	0.149945	0.147451	0.139253	0.154113	0.168447	0.179692	0.150735	0.172407	0.153074	0.150316	0.1469	0.143954	0.131451	0.141416	0.149234	0.136208	0.147484	0.129539	0.125205	0.153383	0.132588	0.127851	0.131879	0.142164	0.14067	0.144607	0.146168	0.151034	0.157046	0.150746	0.142975	0.143496	0.143287	0.147675	0.143699	0.14357	0.1911	0.151682	0.153055	0.12763	0.140622	0.155391	0.138246	0.0712646	0	0.115159	0.113786	0.118054	0.112344	0.107924	0.118815	0.138571	0.121503	0.125095	0.120584	0.11818	0.116976	0.135419	0.11228	0.116447	0.131122	0.130318	0.121123	0.123656	0.111972	0.127592	0.104197	0.120981	0.12054	0.129214	0.122666	0.117715	0.1243	0.105485	0.118907	0.114069	0.129189	0.11175	0.122231	0.133217	0.114906	0.106883	0.151043	0.171302	0.171089	0.152019	0.151209	0.172245	0.1539	0.163458	0.158005	0.223529	0.228075	0.234615	0.243392	0.239898	0.233347	0.222202	0.236119	0.22571	0.239507	0.235675	0.225252	0.229585	0.223681	0.245245	0.230018	0.214869	0.212318	0.221298	0.214214	0.27502	0.2992	0.292842	0.30806	0.361975	0.345338	0.295735	0.315685	0.298925	0.285738	0.297887	0.231599	0.235376	0.255568	0.251435	0.250933	0.259066	0.26021	0.266329	0.214537	0.296354	0.284474	0.287351	0.316979	0.243977	0.242844	0.220698	0.223072	0.235497	0.276764	0.256162	0.385581	0.279955	0.281005	0.293399	0.283642	0.260542	0.270028	0.249572	0.246985	0.277246	0.272316	0.311609	0.324774	0.336286	0.343387	0.337734	0.318631	0.213448	0.21344	0.216953	0.224085	0.30166	0.298221	0.286982	0.272391	0.273386	0.262968	0.248626	0.248828	0.250827	0.255339	0.221965	0.220046	0.211521	0.217565	0.216425	0.221901	0.244453	0.247842	0.231915	0.229594	0.237377	0.238732	0.22625	0.239741	0.242287	0.235323	0.244577	0.234246	0.228522	0.246838	0.24917	0.383836	0.256707	0.242705	0.242603	0.296398	0.292769	0.303612	0.297962	0.287198	0.228314	0.238142	0.249443	0.220671	0.222899	0.220816	0.223353	0.231546	0.241646	0.230588	0.254991	0.245082	0.260859	0.225504	0.199593	0.243911	0.239992	0.361975	0.431497	0.442845	0.422459	0.508316	0.404104	0.408282	0.418327	0.412907	0.378782	0.342366	0.356846	0.3557	0.371691	0.377702	0.341899	0.285493	0.287687	0.286637	0.285542	0.32089	0.314099	0.411865	0.403641	0.415456	0.413516	0.427858	0.419731	0.404506	0.423934	0.423934	0.415895	0.346257	0.345981	0.319421	0.207253	0.204961	0.203694	0.209524	0.20962	0.245801	0.251722	0.249274	0.238793	0.230812	0.244045	0.244045	0.250819	0.242907	0.245174	0.254117	0.214525	0.208457	0.23026	0.241231	0.224306	0.243224	0.269422	0.27564	0.300009	0.210195	0.212699	0.214624	0.236178	0.203227	0.206576	0.208137	0.208831	0.198455	0.218572	0.226307
Melanocharis_versteri	0.22956	0.12611	0.120882	0.130899	0.139392	0.129048	0.129592	0.126789	0.143246	0.149186	0.147352	0.14239	0.137787	0.14954	0.142011	0.154797	0.146478	0.146564	0.126477	0.14799	0.162415	0.148656	0.153027	0.147422	0.146509	0.12205	0.15554	0.154029	0.14894	0.156116	0.148363	0.150509	0.182114	0.17893	0.160036	0.150924	0.142135	0.156658	0.166865	0.148982	0.146488	0.13829	0.153151	0.167484	0.178729	0.149772	0.171444	0.152111	0.149353	0.145937	0.142991	0.130488	0.140453	0.148271	0.135245	0.146521	0.128576	0.124242	0.15242	0.131625	0.126888	0.130916	0.141201	0.139707	0.143644	0.145205	0.150071	0.156084	0.149783	0.142012	0.142533	0.142324	0.146712	0.142736	0.142607	0.190137	0.150719	0.152092	0.126667	0.139659	0.154428	0.137283	0.10928	0.115159	0	0.112824	0.117091	0.111381	0.106961	0.117852	0.137608	0.120541	0.124132	0.119621	0.117217	0.116013	0.134456	0.111317	0.115484	0.130159	0.129355	0.12016	0.122693	0.111009	0.126629	0.103234	0.120018	0.119577	0.128251	0.121703	0.116752	0.123337	0.104522	0.117944	0.113106	0.128226	0.110788	0.121268	0.132254	0.113943	0.105921	0.15008	0.170339	0.170126	0.151056	0.150246	0.171282	0.152937	0.162495	0.157042	0.222566	0.227112	0.233653	0.242429	0.238936	0.232384	0.221239	0.235156	0.224747	0.238544	0.234712	0.224289	0.228622	0.222718	0.244282	0.229055	0.213906	0.211355	0.220335	0.213251	0.274057	0.298237	0.291879	0.307097	0.361012	0.344375	0.294772	0.314722	0.297962	0.284776	0.296925	0.230637	0.234414	0.254605	0.250472	0.24997	0.258103	0.259247	0.265366	0.213574	0.295391	0.283511	0.286388	0.316016	0.243014	0.241881	0.219735	0.222109	0.234534	0.275801	0.2552	0.384618	0.278992	0.280042	0.292436	0.282679	0.25958	0.269065	0.248609	0.246022	0.276283	0.271353	0.310647	0.323811	0.335323	0.342424	0.336771	0.317668	0.212485	0.212477	0.21599	0.223122	0.300697	0.297258	0.28602	0.271428	0.272423	0.262005	0.247663	0.247865	0.249864	0.254376	0.221002	0.219083	0.210558	0.216602	0.215462	0.220938	0.24349	0.246879	0.230952	0.228631	0.236414	0.237769	0.225287	0.238778	0.241324	0.23436	0.243614	0.233283	0.227559	0.245875	0.248207	0.382874	0.255744	0.241742	0.24164	0.295435	0.291806	0.302649	0.296999	0.286236	0.227351	0.237179	0.24848	0.219708	0.221936	0.219853	0.22239	0.230583	0.240684	0.229625	0.254028	0.24412	0.259896	0.224541	0.19863	0.242948	0.23903	0.361012	0.430534	0.441882	0.421496	0.507353	0.403141	0.40732	0.417364	0.411944	0.377819	0.341404	0.355883	0.354737	0.370728	0.376739	0.340936	0.284531	0.286724	0.285674	0.284579	0.319927	0.313137	0.410902	0.402678	0.414493	0.412553	0.426895	0.418768	0.403543	0.422971	0.422971	0.414932	0.345294	0.345018	0.318458	0.20629	0.203998	0.202731	0.208561	0.208657	0.244839	0.250759	0.248311	0.23783	0.229849	0.243082	0.243082	0.249856	0.241944	0.244211	0.253154	0.213562	0.207494	0.229297	0.240268	0.223343	0.242261	0.268459	0.274677	0.299046	0.209232	0.211736	0.213661	0.235215	0.202265	0.205613	0.207174	0.207868	0.197492	0.217609	0.225344
Callaeas_wilsoni	0.214418	0.113244	0.108016	0.118034	0.126527	0.116183	0.116726	0.113923	0.13038	0.13632	0.134487	0.129524	0.124921	0.136674	0.129146	0.141931	0.133613	0.133699	0.113612	0.135124	0.14955	0.135791	0.140162	0.134557	0.133644	0.109185	0.142674	0.141163	0.136075	0.14325	0.135498	0.137643	0.169249	0.166065	0.147171	0.138059	0.12927	0.143793	0.153999	0.136117	0.133622	0.125425	0.140285	0.154618	0.165863	0.136907	0.158578	0.139246	0.136488	0.133072	0.130125	0.117623	0.127587	0.135405	0.12238	0.133655	0.115711	0.111377	0.139554	0.11876	0.114022	0.118051	0.128335	0.126841	0.130779	0.132339	0.137206	0.143218	0.136917	0.129146	0.129668	0.129458	0.133846	0.129871	0.129742	0.177271	0.137853	0.139227	0.113802	0.126793	0.141563	0.124417	0.107907	0.113786	0.112824	0	0.0737739	0.0887828	0.0918189	0.10271	0.122466	0.105398	0.10899	0.104479	0.102075	0.100871	0.119314	0.0961747	0.100342	0.115017	0.114213	0.105018	0.107551	0.0958666	0.111487	0.0880921	0.104876	0.104435	0.113109	0.106561	0.10161	0.108195	0.0893803	0.102802	0.0979639	0.113084	0.0956454	0.106126	0.117112	0.098801	0.0907784	0.134938	0.155197	0.154984	0.135914	0.135104	0.15614	0.137795	0.147353	0.1419	0.207424	0.21197	0.21851	0.227287	0.223793	0.217242	0.206097	0.220014	0.209605	0.223402	0.21957	0.209147	0.21348	0.207576	0.22914	0.213913	0.198764	0.196213	0.205192	0.198109	0.258915	0.283095	0.276737	0.291955	0.34587	0.329233	0.27963	0.29958	0.28282	0.269633	0.281782	0.215494	0.219271	0.239462	0.23533	0.234828	0.24296	0.244104	0.250224	0.198432	0.280249	0.268369	0.271246	0.300874	0.227872	0.226739	0.204593	0.206967	0.219392	0.260659	0.240057	0.369476	0.26385	0.2649	0.277294	0.267537	0.244437	0.253923	0.233467	0.23088	0.261141	0.25621	0.295504	0.308669	0.320181	0.327282	0.321629	0.302526	0.197343	0.197335	0.200848	0.20798	0.285555	0.282116	0.270877	0.256286	0.257281	0.246863	0.232521	0.232723	0.234722	0.239234	0.20586	0.203941	0.195416	0.20146	0.20032	0.205796	0.228348	0.231737	0.21581	0.213489	0.221272	0.222627	0.210145	0.223636	0.226181	0.219218	0.228472	0.218141	0.212417	0.230733	0.233064	0.367731	0.240602	0.2266	0.226498	0.280293	0.276664	0.287507	0.281857	0.271093	0.212209	0.222037	0.233338	0.204566	0.206794	0.204711	0.207248	0.215441	0.225541	0.214483	0.238886	0.228977	0.244754	0.209399	0.183488	0.227806	0.223887	0.34587	0.415392	0.42674	0.406354	0.492211	0.387999	0.392177	0.402222	0.396802	0.362677	0.326261	0.340741	0.339595	0.355586	0.361597	0.325794	0.269388	0.271582	0.270532	0.269437	0.304784	0.297994	0.39576	0.387536	0.399351	0.397411	0.411752	0.403625	0.388401	0.407828	0.407828	0.39979	0.330152	0.329876	0.303316	0.191148	0.188856	0.187589	0.193419	0.193515	0.229696	0.235617	0.233169	0.222688	0.214706	0.22794	0.22794	0.234714	0.226802	0.229069	0.238012	0.19842	0.192352	0.214155	0.225126	0.208201	0.227119	0.253316	0.259535	0.283904	0.194089	0.196594	0.198519	0.220073	0.187122	0.190471	0.192032	0.192726	0.18235	0.202467	0.210202
Notiomystis_cincta	0.218686	0.117512	0.112284	0.122302	0.130794	0.120451	0.120994	0.118191	0.134648	0.140588	0.138755	0.133792	0.129189	0.140942	0.133414	0.146199	0.137881	0.137967	0.11788	0.139392	0.153817	0.140059	0.14443	0.138825	0.137911	0.113453	0.146942	0.145431	0.140343	0.147518	0.139765	0.141911	0.173516	0.170333	0.151438	0.142327	0.133538	0.14806	0.158267	0.140385	0.13789	0.129693	0.144553	0.158886	0.170131	0.141174	0.162846	0.143514	0.140755	0.13734	0.134393	0.121891	0.131855	0.139673	0.126647	0.137923	0.119979	0.115645	0.143822	0.123028	0.11829	0.122319	0.132603	0.131109	0.135047	0.136607	0.141474	0.147486	0.141185	0.133414	0.133936	0.133726	0.138114	0.134138	0.13401	0.181539	0.142121	0.143495	0.11807	0.131061	0.14583	0.128685	0.112175	0.118054	0.117091	0.0737739	0	0.0930506	0.0960868	0.106977	0.126734	0.109666	0.113258	0.108747	0.106343	0.105139	0.123582	0.100443	0.10461	0.119285	0.118481	0.109286	0.111818	0.100134	0.115755	0.0923599	0.109143	0.108703	0.117377	0.110829	0.105878	0.112462	0.0936481	0.10707	0.102232	0.117351	0.0999132	0.110394	0.121379	0.103069	0.0950462	0.139206	0.159465	0.159252	0.140182	0.139372	0.160407	0.142063	0.151621	0.146168	0.211692	0.216237	0.222778	0.231554	0.228061	0.221509	0.210365	0.224282	0.213873	0.22767	0.223838	0.213415	0.217748	0.211844	0.233408	0.21818	0.203032	0.20048	0.20946	0.202377	0.263183	0.287363	0.281004	0.296223	0.350137	0.333501	0.283898	0.303848	0.287088	0.273901	0.28605	0.219762	0.223539	0.24373	0.239598	0.239096	0.247228	0.248372	0.254491	0.202699	0.284516	0.272637	0.275514	0.305142	0.232139	0.231007	0.20886	0.211235	0.22366	0.264927	0.244325	0.373744	0.268118	0.269168	0.281562	0.271805	0.248705	0.258191	0.237735	0.235148	0.265409	0.260478	0.299772	0.312936	0.324449	0.33155	0.325897	0.306794	0.201611	0.201602	0.205116	0.212248	0.289823	0.286384	0.275145	0.260554	0.261548	0.251131	0.236789	0.23699	0.23899	0.243502	0.210128	0.208209	0.199684	0.205728	0.204588	0.210064	0.232616	0.236005	0.220078	0.217757	0.22554	0.226895	0.214413	0.227904	0.230449	0.223485	0.232739	0.222409	0.216685	0.235001	0.237332	0.371999	0.244869	0.230867	0.230766	0.284561	0.280931	0.291775	0.286125	0.275361	0.216477	0.226304	0.237606	0.208833	0.211062	0.208979	0.211516	0.219708	0.229809	0.218751	0.243153	0.233245	0.249022	0.213667	0.187756	0.232074	0.228155	0.350137	0.41966	0.431008	0.410622	0.496479	0.392267	0.396445	0.406489	0.40107	0.366945	0.330529	0.345008	0.343863	0.359854	0.365864	0.330061	0.273656	0.27585	0.2748	0.273705	0.309052	0.302262	0.400028	0.391803	0.403619	0.401679	0.41602	0.407893	0.392669	0.412096	0.412096	0.404057	0.33442	0.334144	0.307583	0.195416	0.193124	0.191857	0.197686	0.197783	0.233964	0.239885	0.237437	0.226956	0.218974	0.232207	0.232207	0.238982	0.23107	0.233337	0.24228	0.202688	0.19662	0.218423	0.229394	0.212469	0.231387	0.257584	0.263803	0.288172	0.198357	0.200862	0.202786	0.224341	0.19139	0.194738	0.1963	0.196993	0.186617	0.206734	0.21447
Drymodes_brunneopygia	0.212975	0.111801	0.106574	0.116591	0.125084	0.11474	0.115283	0.11248	0.128937	0.134877	0.133044	0.128081	0.123479	0.135232	0.127703	0.140489	0.13217	0.132256	0.112169	0.133682	0.148107	0.134348	0.138719	0.133114	0.132201	0.107742	0.141232	0.13972	0.134632	0.141808	0.134055	0.1362	0.167806	0.164622	0.145728	0.136616	0.127827	0.14235	0.152557	0.134674	0.132179	0.123982	0.138842	0.153176	0.164421	0.135464	0.157136	0.137803	0.135045	0.131629	0.128682	0.11618	0.126145	0.133963	0.120937	0.132213	0.114268	0.109934	0.138111	0.117317	0.112579	0.116608	0.126893	0.125399	0.129336	0.130897	0.135763	0.141775	0.135475	0.127704	0.128225	0.128015	0.132404	0.128428	0.128299	0.175828	0.136411	0.137784	0.112359	0.12535	0.14012	0.122975	0.106465	0.112344	0.111381	0.0887828	0.0930506	0	0.0903762	0.101267	0.121024	0.103956	0.107547	0.103036	0.100632	0.0994282	0.117872	0.094732	0.0988993	0.113574	0.11277	0.103575	0.106108	0.0944239	0.110044	0.0866494	0.103433	0.102992	0.111666	0.105118	0.100167	0.106752	0.0879376	0.101359	0.0965212	0.111641	0.0942027	0.104683	0.115669	0.0973583	0.0893357	0.133495	0.153755	0.153541	0.134471	0.133661	0.154697	0.136352	0.145911	0.140457	0.205981	0.210527	0.217068	0.225844	0.222351	0.215799	0.204654	0.218571	0.208162	0.221959	0.218127	0.207704	0.212037	0.206134	0.227697	0.21247	0.197322	0.19477	0.20375	0.196667	0.257473	0.281652	0.275294	0.290513	0.344427	0.32779	0.278188	0.298137	0.281377	0.268191	0.28034	0.214052	0.217829	0.23802	0.233887	0.233385	0.241518	0.242662	0.248781	0.196989	0.278806	0.266926	0.269803	0.299431	0.226429	0.225296	0.20315	0.205524	0.217949	0.259216	0.238615	0.368033	0.262408	0.263457	0.275851	0.266094	0.242995	0.25248	0.232024	0.229437	0.259698	0.254768	0.294062	0.307226	0.318738	0.32584	0.320186	0.301084	0.1959	0.195892	0.199405	0.206538	0.284112	0.280674	0.269435	0.254843	0.255838	0.24542	0.231078	0.23128	0.233279	0.237792	0.204417	0.202498	0.193973	0.200017	0.198877	0.204353	0.226906	0.230294	0.214367	0.212046	0.219829	0.221184	0.208702	0.222194	0.224739	0.217775	0.227029	0.216698	0.210974	0.22929	0.231622	0.366289	0.239159	0.225157	0.225056	0.27885	0.275221	0.286064	0.280415	0.269651	0.210766	0.220594	0.231896	0.203123	0.205351	0.203268	0.205805	0.213998	0.224099	0.21304	0.237443	0.227535	0.243311	0.207956	0.182046	0.226363	0.222445	0.344427	0.413949	0.425297	0.404911	0.490768	0.386556	0.390735	0.400779	0.39536	0.361235	0.324819	0.339298	0.338153	0.354143	0.360154	0.324351	0.267946	0.270139	0.26909	0.267994	0.303342	0.296552	0.394317	0.386093	0.397908	0.395968	0.41031	0.402183	0.386959	0.406386	0.406386	0.398347	0.328709	0.328433	0.301873	0.189705	0.187414	0.186146	0.191976	0.192072	0.228254	0.234174	0.231726	0.221245	0.213264	0.226497	0.226497	0.233271	0.225359	0.227626	0.23657	0.196978	0.19091	0.212712	0.223683	0.206758	0.225676	0.251874	0.258093	0.282461	0.192647	0.195151	0.197076	0.218631	0.18568	0.189028	0.190589	0.191283	0.180907	0.201024	0.208759
Aleadryas_rufinucha	0.206155	0.107382	0.102154	0.112171	0.120664	0.11032	0.110864	0.108061	0.124518	0.130458	0.128624	0.123662	0.119059	0.130812	0.123283	0.136069	0.12775	0.127836	0.107749	0.129262	0.143687	0.129928	0.134299	0.128694	0.127781	0.103322	0.136812	0.135301	0.130212	0.137388	0.129635	0.131781	0.163386	0.160202	0.141308	0.132196	0.123407	0.13793	0.148137	0.130254	0.12776	0.119562	0.134422	0.148756	0.160001	0.131044	0.152716	0.133383	0.130625	0.127209	0.124263	0.11176	0.121725	0.129543	0.116517	0.127793	0.109848	0.105514	0.133692	0.112897	0.10816	0.112188	0.122473	0.120979	0.124916	0.126477	0.131343	0.137356	0.131055	0.123284	0.123805	0.123596	0.127984	0.124008	0.123879	0.171409	0.131991	0.133364	0.107939	0.120931	0.1357	0.118555	0.102045	0.107924	0.106961	0.0918189	0.0960868	0.0903762	0	0.0702017	0.0899585	0.0728906	0.0788058	0.0742951	0.0718911	0.070687	0.0891303	0.0659908	0.0701581	0.084833	0.0840291	0.0748339	0.0773666	0.0656827	0.081303	0.0579082	0.0746917	0.0742509	0.082925	0.0763772	0.0714263	0.0780107	0.0591964	0.0726178	0.06778	0.0902815	0.0775321	0.0978633	0.108849	0.0905381	0.0825155	0.126675	0.146934	0.146721	0.127651	0.126841	0.147877	0.129532	0.13909	0.133637	0.199161	0.203707	0.210247	0.219024	0.21553	0.208979	0.197834	0.211751	0.201342	0.215139	0.211307	0.200884	0.205217	0.199313	0.220877	0.20565	0.190501	0.18795	0.19693	0.189846	0.250652	0.274832	0.268474	0.283692	0.337607	0.32097	0.271367	0.291317	0.274557	0.26137	0.273519	0.207231	0.211009	0.2312	0.227067	0.226565	0.234698	0.235842	0.241961	0.190169	0.271986	0.260106	0.262983	0.292611	0.219609	0.218476	0.19633	0.198704	0.211129	0.252396	0.231795	0.361213	0.255587	0.256637	0.269031	0.259274	0.236174	0.24566	0.225204	0.222617	0.252878	0.247948	0.287241	0.300406	0.311918	0.319019	0.313366	0.294263	0.18908	0.189072	0.192585	0.199717	0.277292	0.273853	0.262614	0.248023	0.249018	0.2386	0.224258	0.22446	0.226459	0.230971	0.197597	0.195678	0.187153	0.193197	0.192057	0.197533	0.220085	0.223474	0.207547	0.205226	0.213009	0.214364	0.201882	0.215373	0.217919	0.210955	0.220209	0.209878	0.204154	0.22247	0.224802	0.359469	0.232339	0.218337	0.218235	0.27203	0.268401	0.279244	0.273594	0.262831	0.203946	0.213774	0.225075	0.196303	0.198531	0.196448	0.198985	0.207178	0.217279	0.20622	0.230623	0.220714	0.236491	0.201136	0.175225	0.219543	0.215624	0.337607	0.407129	0.418477	0.398091	0.483948	0.379736	0.383915	0.393959	0.388539	0.354414	0.317999	0.332478	0.331332	0.347323	0.353334	0.317531	0.261126	0.263319	0.262269	0.261174	0.296522	0.289731	0.387497	0.379273	0.391088	0.389148	0.40349	0.395363	0.380138	0.399566	0.399566	0.391527	0.321889	0.321613	0.295053	0.182885	0.180593	0.179326	0.185156	0.185252	0.221433	0.227354	0.224906	0.214425	0.206444	0.219677	0.219677	0.226451	0.218539	0.220806	0.229749	0.190157	0.184089	0.205892	0.216863	0.199938	0.218856	0.245054	0.251272	0.275641	0.185827	0.188331	0.190256	0.21181	0.178859	0.182208	0.183769	0.184463	0.174087	0.194204	0.201939
Erpornis_zantholeuca	0.217046	0.118272	0.113045	0.123062	0.131555	0.121211	0.121754	0.118951	0.135408	0.141348	0.139515	0.134552	0.12995	0.141702	0.134174	0.146959	0.138641	0.138727	0.11864	0.140153	0.154578	0.140819	0.14519	0.139585	0.138672	0.114213	0.147702	0.146191	0.141103	0.148278	0.140526	0.142671	0.174277	0.171093	0.152199	0.143087	0.134298	0.148821	0.159027	0.141145	0.13865	0.130453	0.145313	0.159647	0.170892	0.141935	0.163607	0.144274	0.141516	0.1381	0.135153	0.122651	0.132615	0.140433	0.127408	0.138684	0.120739	0.116405	0.144582	0.123788	0.11905	0.123079	0.133364	0.131869	0.135807	0.137368	0.142234	0.148246	0.141946	0.134175	0.134696	0.134486	0.138874	0.134899	0.13477	0.182299	0.142882	0.144255	0.11883	0.131821	0.146591	0.129446	0.112936	0.118815	0.117852	0.10271	0.106977	0.101267	0.0702017	0	0.0827646	0.0726566	0.0896965	0.0851857	0.0827817	0.0815776	0.100021	0.0768814	0.0810487	0.0957236	0.0949197	0.0857245	0.0882572	0.0765733	0.0921936	0.0687988	0.0855823	0.0851415	0.0938156	0.0872678	0.0823169	0.0889013	0.070087	0.0835084	0.0786706	0.101172	0.0884227	0.108754	0.119739	0.101429	0.0934061	0.137566	0.157825	0.157611	0.138541	0.137731	0.158767	0.140423	0.149981	0.144528	0.210051	0.214597	0.221138	0.229914	0.226421	0.219869	0.208725	0.222642	0.212233	0.22603	0.222198	0.211775	0.216107	0.210204	0.231767	0.21654	0.201392	0.19884	0.20782	0.200737	0.261543	0.285723	0.279364	0.294583	0.348497	0.33186	0.282258	0.302208	0.285447	0.272261	0.28441	0.218122	0.221899	0.24209	0.237958	0.237456	0.245588	0.246732	0.252851	0.201059	0.282876	0.270997	0.273873	0.303502	0.230499	0.229367	0.20722	0.209595	0.22202	0.263287	0.242685	0.372104	0.266478	0.267527	0.279922	0.270165	0.247065	0.256551	0.236094	0.233508	0.263768	0.258838	0.298132	0.311296	0.322808	0.32991	0.324257	0.305154	0.199971	0.199962	0.203476	0.210608	0.288183	0.284744	0.273505	0.258913	0.259908	0.24949	0.235148	0.23535	0.23735	0.241862	0.208488	0.206569	0.198044	0.204088	0.202948	0.208424	0.230976	0.234365	0.218438	0.216117	0.223899	0.225254	0.212773	0.226264	0.228809	0.221845	0.231099	0.220769	0.215045	0.233361	0.235692	0.370359	0.243229	0.229227	0.229126	0.282921	0.279291	0.290135	0.284485	0.273721	0.214836	0.224664	0.235966	0.207193	0.209421	0.207339	0.209876	0.218068	0.228169	0.21711	0.241513	0.231605	0.247382	0.212027	0.186116	0.230433	0.226515	0.348497	0.41802	0.429368	0.408982	0.494838	0.390627	0.394805	0.404849	0.39943	0.365305	0.328889	0.343368	0.342223	0.358214	0.364224	0.328421	0.272016	0.274209	0.27316	0.272065	0.307412	0.300622	0.398387	0.390163	0.401978	0.400039	0.41438	0.406253	0.391029	0.410456	0.410456	0.402417	0.33278	0.332504	0.305943	0.193776	0.191484	0.190217	0.196046	0.196143	0.232324	0.238244	0.235796	0.225316	0.217334	0.230567	0.230567	0.237342	0.22943	0.231696	0.24064	0.201048	0.19498	0.216783	0.227754	0.210829	0.229747	0.255944	0.262163	0.286532	0.196717	0.199222	0.201146	0.222701	0.18975	0.193098	0.194659	0.195353	0.184977	0.205094	0.212829
Vireo_altiloquus	0.236803	0.138029	0.132801	0.142819	0.151312	0.140968	0.141511	0.138708	0.155165	0.161105	0.159272	0.154309	0.149706	0.161459	0.153931	0.166716	0.158398	0.158484	0.138397	0.159909	0.174335	0.160576	0.164947	0.159342	0.158429	0.13397	0.167459	0.165948	0.16086	0.168035	0.160283	0.162428	0.194034	0.19085	0.171956	0.162844	0.154055	0.168578	0.178784	0.160902	0.158407	0.15021	0.16507	0.179403	0.190648	0.161691	0.183363	0.164031	0.161273	0.157857	0.15491	0.142408	0.152372	0.16019	0.147165	0.15844	0.140496	0.136162	0.164339	0.143545	0.138807	0.142836	0.15312	0.151626	0.155564	0.157124	0.161991	0.168003	0.161702	0.153931	0.154453	0.154243	0.158631	0.154655	0.154527	0.202056	0.162638	0.164012	0.138587	0.151578	0.166348	0.149202	0.132692	0.138571	0.137608	0.122466	0.126734	0.121024	0.0899585	0.0827646	0	0.0924134	0.109453	0.104943	0.102539	0.101334	0.119778	0.0966382	0.100805	0.11548	0.114676	0.105481	0.108014	0.09633	0.11195	0.0885556	0.105339	0.104898	0.113572	0.107025	0.102074	0.108658	0.0898438	0.103265	0.0984274	0.120929	0.108179	0.128511	0.139496	0.121185	0.113163	0.157323	0.177582	0.177368	0.158298	0.157488	0.178524	0.160179	0.169738	0.164284	0.229808	0.234354	0.240895	0.249671	0.246178	0.239626	0.228481	0.242399	0.231989	0.245787	0.241955	0.231531	0.235864	0.229961	0.251524	0.236297	0.221149	0.218597	0.227577	0.220494	0.2813	0.305479	0.299121	0.31434	0.368254	0.351617	0.302015	0.321964	0.305204	0.292018	0.304167	0.237879	0.241656	0.261847	0.257714	0.257212	0.265345	0.266489	0.272608	0.220816	0.302633	0.290753	0.29363	0.323259	0.250256	0.249124	0.226977	0.229352	0.241777	0.283044	0.262442	0.39186	0.286235	0.287284	0.299678	0.289922	0.266822	0.276307	0.255851	0.253265	0.283525	0.278595	0.317889	0.331053	0.342565	0.349667	0.344014	0.324911	0.219727	0.219719	0.223232	0.230365	0.307939	0.304501	0.293262	0.27867	0.279665	0.269247	0.254905	0.255107	0.257106	0.261619	0.228245	0.226325	0.217801	0.223844	0.222705	0.228181	0.250733	0.254122	0.238194	0.235873	0.243656	0.245011	0.23253	0.246021	0.248566	0.241602	0.250856	0.240525	0.234801	0.253117	0.255449	0.390116	0.262986	0.248984	0.248883	0.302677	0.299048	0.309892	0.304242	0.293478	0.234593	0.244421	0.255723	0.22695	0.229178	0.227096	0.229633	0.237825	0.247926	0.236867	0.26127	0.251362	0.267138	0.231783	0.205873	0.25019	0.246272	0.368254	0.437777	0.449124	0.428739	0.514595	0.410384	0.414562	0.424606	0.419187	0.385062	0.348646	0.363125	0.36198	0.377971	0.383981	0.348178	0.291773	0.293966	0.292917	0.291822	0.327169	0.320379	0.418144	0.40992	0.421735	0.419796	0.434137	0.42601	0.410786	0.430213	0.430213	0.422174	0.352537	0.352261	0.3257	0.213532	0.211241	0.209973	0.215803	0.215899	0.252081	0.258001	0.255553	0.245073	0.237091	0.250324	0.250324	0.257099	0.249186	0.251453	0.260397	0.220805	0.214737	0.236539	0.24751	0.230586	0.249504	0.275701	0.28192	0.306288	0.216474	0.218979	0.220903	0.242458	0.209507	0.212855	0.214416	0.21511	0.204734	0.224851	0.232586
Pteruthius_melanotis	0.219735	0.120961	0.115733	0.125751	0.134244	0.1239	0.124443	0.12164	0.138097	0.144037	0.142204	0.137241	0.132639	0.144391	0.136863	0.149648	0.14133	0.141416	0.121329	0.142842	0.157267	0.143508	0.147879	0.142274	0.141361	0.116902	0.150391	0.14888	0.143792	0.150967	0.143215	0.14536	0.176966	0.173782	0.154888	0.145776	0.136987	0.15151	0.161716	0.143834	0.141339	0.133142	0.148002	0.162336	0.17358	0.144624	0.166295	0.146963	0.144205	0.140789	0.137842	0.12534	0.135304	0.143122	0.130097	0.141372	0.123428	0.119094	0.147271	0.126477	0.121739	0.125768	0.136052	0.134558	0.138496	0.140056	0.144923	0.150935	0.144635	0.136863	0.137385	0.137175	0.141563	0.137588	0.137459	0.184988	0.145571	0.146944	0.121519	0.13451	0.14928	0.132134	0.115624	0.121503	0.120541	0.105398	0.109666	0.103956	0.0728906	0.0726566	0.0924134	0	0.0923853	0.0878746	0.0854706	0.0842665	0.10271	0.0795703	0.0837376	0.0984124	0.0976086	0.0884134	0.0909461	0.0792621	0.0948825	0.0714877	0.0882711	0.0878304	0.0965045	0.0899567	0.0850058	0.0915902	0.0727759	0.0861973	0.0813595	0.103861	0.0911115	0.111443	0.122428	0.104118	0.096095	0.140255	0.160514	0.1603	0.14123	0.14042	0.161456	0.143111	0.15267	0.147217	0.21274	0.217286	0.223827	0.232603	0.22911	0.222558	0.211413	0.225331	0.214922	0.228719	0.224887	0.214463	0.218796	0.212893	0.234456	0.219229	0.204081	0.201529	0.210509	0.203426	0.264232	0.288412	0.282053	0.297272	0.351186	0.334549	0.284947	0.304896	0.288136	0.27495	0.287099	0.220811	0.224588	0.244779	0.240646	0.240144	0.248277	0.249421	0.25554	0.203748	0.285565	0.273685	0.276562	0.306191	0.233188	0.232056	0.209909	0.212284	0.224709	0.265976	0.245374	0.374792	0.269167	0.270216	0.28261	0.272854	0.249754	0.259239	0.238783	0.236197	0.266457	0.261527	0.300821	0.313985	0.325497	0.332599	0.326946	0.307843	0.202659	0.202651	0.206164	0.213297	0.290872	0.287433	0.276194	0.261602	0.262597	0.252179	0.237837	0.238039	0.240038	0.244551	0.211177	0.209257	0.200733	0.206777	0.205637	0.211113	0.233665	0.237054	0.221126	0.218805	0.226588	0.227943	0.215462	0.228953	0.231498	0.224534	0.233788	0.223457	0.217733	0.236049	0.238381	0.373048	0.245918	0.231916	0.231815	0.285609	0.28198	0.292824	0.287174	0.27641	0.217525	0.227353	0.238655	0.209882	0.21211	0.210028	0.212565	0.220757	0.230858	0.219799	0.244202	0.234294	0.250071	0.214716	0.188805	0.233122	0.229204	0.351186	0.420709	0.432056	0.411671	0.497527	0.393316	0.397494	0.407538	0.402119	0.367994	0.331578	0.346057	0.344912	0.360903	0.366913	0.33111	0.274705	0.276898	0.275849	0.274754	0.310101	0.303311	0.401076	0.392852	0.404667	0.402728	0.417069	0.408942	0.393718	0.413145	0.413145	0.405106	0.335469	0.335193	0.308632	0.196465	0.194173	0.192905	0.198735	0.198832	0.235013	0.240933	0.238485	0.228005	0.220023	0.233256	0.233256	0.240031	0.232118	0.234385	0.243329	0.203737	0.197669	0.219472	0.230443	0.213518	0.232436	0.258633	0.264852	0.28922	0.199406	0.201911	0.203835	0.22539	0.192439	0.195787	0.197348	0.198042	0.187666	0.207783	0.215518
Aphelocoma_coerulescens	0.223326	0.124552	0.119325	0.129342	0.137835	0.127491	0.128034	0.125231	0.141688	0.147629	0.145795	0.140832	0.13623	0.147983	0.140454	0.15324	0.144921	0.145007	0.12492	0.146433	0.160858	0.147099	0.15147	0.145865	0.144952	0.120493	0.153983	0.152472	0.147383	0.154559	0.146806	0.148951	0.180557	0.177373	0.158479	0.149367	0.140578	0.155101	0.165308	0.147425	0.14493	0.136733	0.151593	0.165927	0.177172	0.148215	0.169887	0.150554	0.147796	0.14438	0.141434	0.128931	0.138896	0.146714	0.133688	0.144964	0.127019	0.122685	0.150863	0.130068	0.12533	0.129359	0.139644	0.13815	0.142087	0.143648	0.148514	0.154526	0.148226	0.140455	0.140976	0.140766	0.145155	0.141179	0.14105	0.188579	0.149162	0.150535	0.12511	0.138101	0.152871	0.135726	0.119216	0.125095	0.124132	0.10899	0.113258	0.107547	0.0788058	0.0896965	0.109453	0.0923853	0	0.0234616	0.0210576	0.0198534	0.0743548	0.0664436	0.0730409	0.0877158	0.0917235	0.0825283	0.085061	0.0753915	0.0984698	0.075077	0.0918605	0.0914197	0.100094	0.093546	0.0885951	0.0951795	0.0763652	0.0897866	0.0849488	0.107452	0.0947029	0.115034	0.12602	0.107709	0.0996863	0.143846	0.164105	0.163892	0.144822	0.144012	0.165047	0.146703	0.156261	0.150808	0.216332	0.220878	0.227418	0.236195	0.232701	0.22615	0.215005	0.228922	0.218513	0.23231	0.228478	0.218055	0.222388	0.216484	0.238048	0.22282	0.207672	0.205121	0.2141	0.207017	0.267823	0.292003	0.285645	0.300863	0.354778	0.338141	0.288538	0.308488	0.291728	0.278541	0.29069	0.224402	0.228179	0.24837	0.244238	0.243736	0.251868	0.253012	0.259131	0.20734	0.289156	0.277277	0.280154	0.309782	0.236779	0.235647	0.2135	0.215875	0.2283	0.269567	0.248965	0.378384	0.272758	0.273808	0.286202	0.276445	0.253345	0.262831	0.242375	0.239788	0.270049	0.265118	0.304412	0.317576	0.329089	0.33619	0.330537	0.311434	0.206251	0.206243	0.209756	0.216888	0.294463	0.291024	0.279785	0.265194	0.266189	0.255771	0.241429	0.241631	0.24363	0.248142	0.214768	0.212849	0.204324	0.210368	0.209228	0.214704	0.237256	0.240645	0.224718	0.222397	0.23018	0.231535	0.219053	0.232544	0.235089	0.228125	0.23738	0.227049	0.221325	0.239641	0.241972	0.376639	0.24951	0.235508	0.235406	0.289201	0.285571	0.296415	0.290765	0.280001	0.221117	0.230945	0.242246	0.213473	0.215702	0.213619	0.216156	0.224349	0.234449	0.223391	0.247794	0.237885	0.253662	0.218307	0.192396	0.236714	0.232795	0.354777	0.4243	0.435648	0.415262	0.501119	0.396907	0.401085	0.411129	0.40571	0.371585	0.335169	0.349649	0.348503	0.364494	0.370504	0.334702	0.278296	0.28049	0.27944	0.278345	0.313692	0.306902	0.404668	0.396444	0.408259	0.406319	0.42066	0.412533	0.397309	0.416736	0.416736	0.408698	0.33906	0.338784	0.312224	0.200056	0.197764	0.196497	0.202326	0.202423	0.238604	0.244525	0.242077	0.231596	0.223614	0.236848	0.236848	0.243622	0.23571	0.237977	0.24692	0.207328	0.20126	0.223063	0.234034	0.217109	0.236027	0.262224	0.268443	0.292812	0.202997	0.205502	0.207427	0.228981	0.19603	0.199378	0.20094	0.201634	0.191258	0.211375	0.21911
Corvus_brachyrhynchos	0.218815	0.120042	0.114814	0.124831	0.133324	0.12298	0.123524	0.120721	0.137178	0.143118	0.141284	0.136322	0.131719	0.143472	0.135943	0.148729	0.14041	0.140497	0.12041	0.141922	0.156347	0.142588	0.146959	0.141354	0.140441	0.115982	0.149472	0.147961	0.142873	0.150048	0.142295	0.144441	0.176046	0.172863	0.153968	0.144856	0.136067	0.15059	0.160797	0.142915	0.14042	0.132223	0.147083	0.161416	0.172661	0.143704	0.165376	0.146043	0.143285	0.139869	0.136923	0.12442	0.134385	0.142203	0.129177	0.140453	0.122508	0.118175	0.146352	0.125557	0.12082	0.124848	0.135133	0.133639	0.137577	0.139137	0.144004	0.150016	0.143715	0.135944	0.136466	0.136256	0.140644	0.136668	0.136539	0.184069	0.144651	0.146024	0.120599	0.133591	0.14836	0.131215	0.114705	0.120584	0.119621	0.104479	0.108747	0.103036	0.0742951	0.0851857	0.104943	0.0878746	0.0234616	0	0.002406	0.00361016	0.0698441	0.0619329	0.0685302	0.0832051	0.0872128	0.0780176	0.0805503	0.0708807	0.0939591	0.0705663	0.0873498	0.086909	0.0955831	0.0890353	0.0840844	0.0906688	0.0718545	0.0852759	0.0804381	0.102942	0.0901922	0.110523	0.121509	0.103198	0.0951756	0.139335	0.159594	0.159381	0.140311	0.139501	0.160537	0.142192	0.15175	0.146297	0.211821	0.216367	0.222908	0.231684	0.228191	0.221639	0.210494	0.224411	0.214002	0.227799	0.223967	0.213544	0.217877	0.211973	0.233537	0.21831	0.203162	0.20061	0.20959	0.202506	0.263312	0.287492	0.281134	0.296353	0.350267	0.33363	0.284027	0.303977	0.287217	0.274031	0.28618	0.219892	0.223669	0.24386	0.239727	0.239225	0.247358	0.248502	0.254621	0.202829	0.284646	0.272766	0.275643	0.305271	0.232269	0.231136	0.20899	0.211364	0.223789	0.265056	0.244455	0.373873	0.268248	0.269297	0.281691	0.271934	0.248835	0.25832	0.237864	0.235277	0.265538	0.260608	0.299902	0.313066	0.324578	0.33168	0.326026	0.306924	0.20174	0.201732	0.205245	0.212377	0.289952	0.286513	0.275275	0.260683	0.261678	0.25126	0.236918	0.23712	0.239119	0.243631	0.210257	0.208338	0.199813	0.205857	0.204717	0.210193	0.232746	0.236134	0.220207	0.217886	0.225669	0.227024	0.214542	0.228033	0.230579	0.223615	0.232869	0.222538	0.216814	0.23513	0.237462	0.372129	0.244999	0.230997	0.230895	0.28469	0.281061	0.291904	0.286255	0.275491	0.216606	0.226434	0.237735	0.208963	0.211191	0.209108	0.211645	0.219838	0.229939	0.21888	0.243283	0.233375	0.249151	0.213796	0.187885	0.232203	0.228285	0.350267	0.419789	0.431137	0.410751	0.496608	0.392396	0.396575	0.406619	0.4012	0.367075	0.330659	0.345138	0.343993	0.359983	0.365994	0.330191	0.273786	0.275979	0.274929	0.273834	0.309182	0.302392	0.400157	0.391933	0.403748	0.401808	0.41615	0.408023	0.392799	0.412226	0.412226	0.404187	0.334549	0.334273	0.307713	0.195545	0.193253	0.191986	0.197816	0.197912	0.234094	0.240014	0.237566	0.227085	0.219104	0.232337	0.232337	0.239111	0.231199	0.233466	0.24241	0.202818	0.19675	0.218552	0.229523	0.212598	0.231516	0.257714	0.263933	0.288301	0.198487	0.200991	0.202916	0.22447	0.19152	0.194868	0.196429	0.197123	0.186747	0.206864	0.214599
Corvus_cornix	0.216411	0.117638	0.11241	0.122427	0.13092	0.120576	0.12112	0.118317	0.134774	0.140714	0.13888	0.133918	0.129315	0.141068	0.133539	0.146325	0.138006	0.138093	0.118006	0.139518	0.153943	0.140184	0.144555	0.13895	0.138037	0.113578	0.147068	0.145557	0.140469	0.147644	0.139891	0.142037	0.173642	0.170459	0.151564	0.142452	0.133663	0.148186	0.158393	0.140511	0.138016	0.129819	0.144679	0.159012	0.170257	0.1413	0.162972	0.143639	0.140881	0.137465	0.134519	0.122016	0.131981	0.139799	0.126773	0.138049	0.120104	0.115771	0.143948	0.123153	0.118416	0.122444	0.132729	0.131235	0.135173	0.136733	0.1416	0.147612	0.141311	0.13354	0.134062	0.133852	0.13824	0.134264	0.134135	0.181665	0.142247	0.14362	0.118195	0.131187	0.145956	0.128811	0.112301	0.11818	0.117217	0.102075	0.106343	0.100632	0.0718911	0.0827817	0.102539	0.0854706	0.0210576	0.002406	0	0.00120616	0.0674401	0.0595289	0.0661262	0.0808011	0.0848088	0.0756136	0.0781463	0.0684767	0.0915551	0.0681623	0.0849458	0.084505	0.0931791	0.0866313	0.0816804	0.0882648	0.0694505	0.0828719	0.0780341	0.100538	0.0877882	0.108119	0.119105	0.100794	0.0927716	0.136931	0.15719	0.156977	0.137907	0.137097	0.158133	0.139788	0.149346	0.143893	0.209417	0.213963	0.220504	0.22928	0.225787	0.219235	0.20809	0.222007	0.211598	0.225395	0.221563	0.21114	0.215473	0.209569	0.231133	0.215906	0.200758	0.198206	0.207186	0.200102	0.260908	0.285088	0.27873	0.293949	0.347863	0.331226	0.281623	0.301573	0.284813	0.271627	0.283776	0.217488	0.221265	0.241456	0.237323	0.236821	0.244954	0.246098	0.252217	0.200425	0.282242	0.270362	0.273239	0.302867	0.229865	0.228732	0.206586	0.20896	0.221385	0.262652	0.242051	0.371469	0.265844	0.266893	0.279287	0.26953	0.246431	0.255916	0.23546	0.232873	0.263134	0.258204	0.297498	0.310662	0.322174	0.329276	0.323622	0.30452	0.199336	0.199328	0.202841	0.209973	0.287548	0.284109	0.272871	0.258279	0.259274	0.248856	0.234514	0.234716	0.236715	0.241227	0.207853	0.205934	0.197409	0.203453	0.202313	0.207789	0.230342	0.23373	0.217803	0.215482	0.223265	0.22462	0.212138	0.225629	0.228175	0.221211	0.230465	0.220134	0.21441	0.232726	0.235058	0.369725	0.242595	0.228593	0.228491	0.282286	0.278657	0.2895	0.28385	0.273087	0.214202	0.22403	0.235331	0.206559	0.208787	0.206704	0.209241	0.217434	0.227535	0.216476	0.240879	0.230971	0.246747	0.211392	0.185481	0.229799	0.225881	0.347863	0.417385	0.428733	0.408347	0.494204	0.389992	0.394171	0.404215	0.398796	0.364671	0.328255	0.342734	0.341589	0.357579	0.36359	0.327787	0.271382	0.273575	0.272525	0.27143	0.306778	0.299988	0.397753	0.389529	0.401344	0.399404	0.413746	0.405619	0.390395	0.409822	0.409822	0.401783	0.332145	0.331869	0.305309	0.193141	0.190849	0.189582	0.195412	0.195508	0.23169	0.23761	0.235162	0.224681	0.2167	0.229933	0.229933	0.236707	0.228795	0.231062	0.240006	0.200414	0.194346	0.216148	0.227119	0.210194	0.229112	0.25531	0.261529	0.285897	0.196083	0.198587	0.200512	0.222066	0.189116	0.192464	0.194025	0.194719	0.184343	0.20446	0.212195
Corvus_moneduloides	0.215207	0.116434	0.111206	0.121223	0.129716	0.119372	0.119916	0.117112	0.13357	0.13951	0.137676	0.132714	0.128111	0.139864	0.132335	0.145121	0.136802	0.136888	0.116801	0.138314	0.152739	0.13898	0.143351	0.137746	0.136833	0.112374	0.145864	0.144353	0.139264	0.14644	0.138687	0.140832	0.172438	0.169254	0.15036	0.141248	0.132459	0.146982	0.157189	0.139306	0.136812	0.128614	0.143474	0.157808	0.169053	0.140096	0.161768	0.142435	0.139677	0.136261	0.133315	0.120812	0.130777	0.138595	0.125569	0.136845	0.1189	0.114566	0.142744	0.121949	0.117212	0.12124	0.131525	0.130031	0.133968	0.135529	0.140395	0.146407	0.140107	0.132336	0.132857	0.132648	0.137036	0.13306	0.132931	0.180461	0.141043	0.142416	0.116991	0.129983	0.144752	0.127607	0.111097	0.116976	0.116013	0.100871	0.105139	0.0994282	0.070687	0.0815776	0.101334	0.0842665	0.0198534	0.00361016	0.00120616	0	0.066236	0.0583247	0.064922	0.0795969	0.0836046	0.0744094	0.0769421	0.0672726	0.0903509	0.0669582	0.0837416	0.0833008	0.091975	0.0854271	0.0804762	0.0870606	0.0682463	0.0816678	0.07683	0.0993334	0.086584	0.106915	0.117901	0.09959	0.0915674	0.135727	0.155986	0.155773	0.136703	0.135893	0.156929	0.138584	0.148142	0.142689	0.208213	0.212759	0.219299	0.228076	0.224582	0.218031	0.206886	0.220803	0.210394	0.224191	0.220359	0.209936	0.214269	0.208365	0.229929	0.214702	0.199553	0.197002	0.205982	0.198898	0.259704	0.283884	0.277526	0.292744	0.346659	0.330022	0.280419	0.300369	0.283609	0.270422	0.282571	0.216283	0.22006	0.240251	0.236119	0.235617	0.243749	0.244893	0.251013	0.199221	0.281038	0.269158	0.272035	0.301663	0.228661	0.227528	0.205382	0.207756	0.220181	0.261448	0.240846	0.370265	0.264639	0.265689	0.278083	0.268326	0.245226	0.254712	0.234256	0.231669	0.26193	0.257	0.296293	0.309458	0.32097	0.328071	0.322418	0.303315	0.198132	0.198124	0.201637	0.208769	0.286344	0.282905	0.271666	0.257075	0.25807	0.247652	0.23331	0.233512	0.235511	0.240023	0.206649	0.20473	0.196205	0.202249	0.201109	0.206585	0.229137	0.232526	0.216599	0.214278	0.222061	0.223416	0.210934	0.224425	0.226971	0.220007	0.229261	0.21893	0.213206	0.231522	0.233853	0.36852	0.241391	0.227389	0.227287	0.281082	0.277453	0.288296	0.282646	0.271882	0.212998	0.222826	0.234127	0.205355	0.207583	0.2055	0.208037	0.21623	0.22633	0.215272	0.239675	0.229766	0.245543	0.210188	0.184277	0.228595	0.224676	0.346659	0.416181	0.427529	0.407143	0.493	0.388788	0.392966	0.403011	0.397591	0.363466	0.32705	0.34153	0.340384	0.356375	0.362386	0.326583	0.270177	0.272371	0.271321	0.270226	0.305574	0.298783	0.396549	0.388325	0.40014	0.3982	0.412542	0.404414	0.38919	0.408618	0.408618	0.400579	0.330941	0.330665	0.304105	0.191937	0.189645	0.188378	0.194208	0.194304	0.230485	0.236406	0.233958	0.223477	0.215495	0.228729	0.228729	0.235503	0.227591	0.229858	0.238801	0.199209	0.193141	0.214944	0.225915	0.20899	0.227908	0.254105	0.260324	0.284693	0.194879	0.197383	0.199308	0.220862	0.187911	0.19126	0.192821	0.193515	0.183139	0.203256	0.210991
Lanius_ludovicianus	0.233651	0.134877	0.129649	0.139667	0.14816	0.137816	0.138359	0.135556	0.152013	0.157953	0.15612	0.151157	0.146554	0.158307	0.150779	0.163564	0.155246	0.155332	0.135245	0.156757	0.171182	0.157424	0.161795	0.15619	0.155276	0.130818	0.164307	0.162796	0.157708	0.164883	0.15713	0.159276	0.190881	0.187698	0.168803	0.159692	0.150903	0.165425	0.175632	0.15775	0.155255	0.147058	0.161918	0.176251	0.187496	0.158539	0.180211	0.160879	0.15812	0.154705	0.151758	0.139256	0.14922	0.157038	0.144012	0.155288	0.137344	0.13301	0.161187	0.140393	0.135655	0.139684	0.149968	0.148474	0.152412	0.153972	0.158839	0.164851	0.15855	0.150779	0.151301	0.151091	0.155479	0.151503	0.151375	0.198904	0.159486	0.16086	0.135435	0.148426	0.163195	0.14605	0.12954	0.135419	0.134456	0.119314	0.123582	0.117872	0.0891303	0.100021	0.119778	0.10271	0.0743548	0.0698441	0.0674401	0.066236	0	0.0767681	0.0833654	0.0980403	0.102048	0.0928528	0.0953855	0.0857159	0.108794	0.0854015	0.102185	0.101744	0.110418	0.103871	0.0989196	0.105504	0.0866897	0.100111	0.0952733	0.117777	0.105027	0.125359	0.136344	0.118033	0.110011	0.154171	0.17443	0.174216	0.155146	0.154336	0.175372	0.157027	0.166586	0.161132	0.226656	0.231202	0.237743	0.246519	0.243026	0.236474	0.225329	0.239247	0.228837	0.242635	0.238803	0.228379	0.232712	0.226809	0.248372	0.233145	0.217997	0.215445	0.224425	0.217342	0.278148	0.302327	0.295969	0.311188	0.365102	0.348465	0.298863	0.318812	0.302052	0.288866	0.301015	0.234727	0.238504	0.258695	0.254562	0.25406	0.262193	0.263337	0.269456	0.217664	0.299481	0.287601	0.290478	0.320107	0.247104	0.245972	0.223825	0.2262	0.238624	0.279892	0.25929	0.388708	0.283083	0.284132	0.296526	0.28677	0.26367	0.273155	0.252699	0.250113	0.280373	0.275443	0.314737	0.327901	0.339413	0.346515	0.340862	0.321759	0.216575	0.216567	0.22008	0.227213	0.304787	0.301349	0.29011	0.275518	0.276513	0.266095	0.251753	0.251955	0.253954	0.258467	0.225092	0.223173	0.214649	0.220692	0.219553	0.225029	0.247581	0.250969	0.235042	0.232721	0.240504	0.241859	0.229378	0.242869	0.245414	0.23845	0.247704	0.237373	0.231649	0.249965	0.252297	0.386964	0.259834	0.245832	0.245731	0.299525	0.295896	0.306739	0.30109	0.290326	0.231441	0.241269	0.252571	0.223798	0.226026	0.223944	0.22648	0.234673	0.244774	0.233715	0.258118	0.24821	0.263986	0.228631	0.202721	0.247038	0.24312	0.365102	0.434624	0.445972	0.425587	0.511443	0.407232	0.41141	0.421454	0.416035	0.38191	0.345494	0.359973	0.358828	0.374819	0.380829	0.345026	0.288621	0.290814	0.289765	0.28867	0.324017	0.317227	0.414992	0.406768	0.418583	0.416643	0.430985	0.422858	0.407634	0.427061	0.427061	0.419022	0.349385	0.349109	0.322548	0.21038	0.208089	0.206821	0.212651	0.212747	0.248929	0.254849	0.252401	0.24192	0.233939	0.247172	0.247172	0.253947	0.246034	0.248301	0.257245	0.217653	0.211585	0.233387	0.244358	0.227434	0.246351	0.272549	0.278768	0.303136	0.213322	0.215827	0.217751	0.239306	0.206355	0.209703	0.211264	0.211958	0.201582	0.221699	0.229434
Paradisaea_raggiana	0.210511	0.111737	0.10651	0.116527	0.12502	0.114676	0.115219	0.112416	0.128873	0.134813	0.13298	0.128017	0.123415	0.135168	0.127639	0.140425	0.132106	0.132192	0.112105	0.133618	0.148043	0.134284	0.138655	0.13305	0.132137	0.107678	0.141168	0.139656	0.134568	0.141744	0.133991	0.136136	0.167742	0.164558	0.145664	0.136552	0.127763	0.142286	0.152493	0.13461	0.132115	0.123918	0.138778	0.153112	0.164357	0.1354	0.157072	0.137739	0.134981	0.131565	0.128619	0.116116	0.126081	0.133899	0.120873	0.132149	0.114204	0.10987	0.138047	0.117253	0.112515	0.116544	0.126829	0.125335	0.129272	0.130833	0.135699	0.141711	0.135411	0.12764	0.128161	0.127951	0.13234	0.128364	0.128235	0.175764	0.136347	0.13772	0.112295	0.125286	0.140056	0.122911	0.106401	0.11228	0.111317	0.0961747	0.100443	0.094732	0.0659908	0.0768814	0.0966382	0.0795703	0.0664436	0.0619329	0.0595289	0.0583247	0.0767681	0	0.0602258	0.0749007	0.0789084	0.0697132	0.0722459	0.0625764	0.0856548	0.062262	0.0790454	0.0786046	0.0872788	0.0807309	0.07578	0.0823644	0.0635501	0.0769716	0.0721338	0.0946372	0.0818878	0.102219	0.113205	0.0948938	0.0868712	0.131031	0.15129	0.151077	0.132007	0.131197	0.152232	0.133888	0.143446	0.137993	0.203517	0.208062	0.214603	0.223379	0.219886	0.213334	0.20219	0.216107	0.205698	0.219495	0.215663	0.20524	0.209573	0.203669	0.225233	0.210005	0.194857	0.192305	0.201285	0.194202	0.255008	0.279188	0.27283	0.288048	0.341962	0.325326	0.275723	0.295673	0.278913	0.265726	0.277875	0.211587	0.215364	0.235555	0.231423	0.230921	0.239053	0.240197	0.246316	0.194524	0.276341	0.264462	0.267339	0.296967	0.223964	0.222832	0.200685	0.20306	0.215485	0.256752	0.23615	0.365569	0.259943	0.260993	0.273387	0.26363	0.24053	0.250016	0.22956	0.226973	0.257234	0.252303	0.291597	0.304761	0.316274	0.323375	0.317722	0.298619	0.193436	0.193427	0.196941	0.204073	0.281648	0.278209	0.26697	0.252379	0.253373	0.242956	0.228614	0.228815	0.230815	0.235327	0.201953	0.200034	0.191509	0.197553	0.196413	0.201889	0.224441	0.22783	0.211903	0.209582	0.217365	0.21872	0.206238	0.219729	0.222274	0.21531	0.224564	0.214234	0.20851	0.226826	0.229157	0.363824	0.236694	0.222692	0.222591	0.276386	0.272756	0.2836	0.27795	0.267186	0.208302	0.218129	0.229431	0.200658	0.202887	0.200804	0.203341	0.211533	0.221634	0.210576	0.234978	0.22507	0.240847	0.205492	0.179581	0.223899	0.21998	0.341962	0.411485	0.422833	0.402447	0.488304	0.384092	0.38827	0.398314	0.392895	0.35877	0.322354	0.336833	0.335688	0.351679	0.357689	0.321886	0.265481	0.267675	0.266625	0.26553	0.300877	0.294087	0.391853	0.383629	0.395444	0.393504	0.407845	0.399718	0.384494	0.403921	0.403921	0.395882	0.326245	0.325969	0.299408	0.187241	0.184949	0.183682	0.189511	0.189608	0.225789	0.23171	0.229262	0.218781	0.210799	0.224032	0.224032	0.230807	0.222895	0.225162	0.234105	0.194513	0.188445	0.210248	0.221219	0.204294	0.223212	0.249409	0.255628	0.279997	0.190182	0.192687	0.194611	0.216166	0.183215	0.186563	0.188125	0.188818	0.178442	0.19856	0.206295
Chaetorhynchus_papuensis	0.214678	0.115905	0.110677	0.120694	0.129187	0.118843	0.119387	0.116584	0.133041	0.138981	0.137147	0.132185	0.127582	0.139335	0.131806	0.144592	0.136273	0.136359	0.116272	0.137785	0.15221	0.138451	0.142822	0.137217	0.136304	0.111845	0.145335	0.143824	0.138735	0.145911	0.138158	0.140304	0.171909	0.168726	0.149831	0.140719	0.13193	0.146453	0.15666	0.138777	0.136283	0.128085	0.142946	0.157279	0.168524	0.139567	0.161239	0.141906	0.139148	0.135732	0.132786	0.120283	0.130248	0.138066	0.12504	0.136316	0.118371	0.114038	0.142215	0.12142	0.116683	0.120711	0.130996	0.129502	0.133439	0.135	0.139867	0.145879	0.139578	0.131807	0.132329	0.132119	0.136507	0.132531	0.132402	0.179932	0.140514	0.141887	0.116462	0.129454	0.144223	0.127078	0.110568	0.116447	0.115484	0.100342	0.10461	0.0988993	0.0701581	0.0810487	0.100805	0.0837376	0.0730409	0.0685302	0.0661262	0.064922	0.0833654	0.0602258	0	0.0670455	0.0830757	0.0738805	0.0764132	0.0667437	0.0898221	0.0664293	0.0832127	0.0827719	0.0914461	0.0848983	0.0799474	0.0865318	0.0677174	0.0811389	0.0763011	0.0988046	0.0860551	0.106386	0.117372	0.0990611	0.0910385	0.135198	0.155457	0.155244	0.136174	0.135364	0.1564	0.138055	0.147613	0.14216	0.207684	0.21223	0.218771	0.227547	0.224054	0.217502	0.206357	0.220274	0.209865	0.223662	0.21983	0.209407	0.21374	0.207836	0.2294	0.214173	0.199024	0.196473	0.205453	0.198369	0.259175	0.283355	0.276997	0.292215	0.34613	0.329493	0.27989	0.29984	0.28308	0.269894	0.282043	0.215755	0.219532	0.239723	0.23559	0.235088	0.243221	0.244365	0.250484	0.198692	0.280509	0.268629	0.271506	0.301134	0.228132	0.226999	0.204853	0.207227	0.219652	0.260919	0.240318	0.369736	0.26411	0.26516	0.277554	0.267797	0.244698	0.254183	0.233727	0.23114	0.261401	0.256471	0.295765	0.308929	0.320441	0.327542	0.321889	0.302786	0.197603	0.197595	0.201108	0.20824	0.285815	0.282376	0.271138	0.256546	0.257541	0.247123	0.232781	0.232983	0.234982	0.239494	0.20612	0.204201	0.195676	0.20172	0.20058	0.206056	0.228608	0.231997	0.21607	0.213749	0.221532	0.222887	0.210405	0.223896	0.226442	0.219478	0.228732	0.218401	0.212677	0.230993	0.233325	0.367992	0.240862	0.22686	0.226758	0.280553	0.276924	0.287767	0.282117	0.271354	0.212469	0.222297	0.233598	0.204826	0.207054	0.204971	0.207508	0.215701	0.225802	0.214743	0.239146	0.229238	0.245014	0.209659	0.183748	0.228066	0.224148	0.34613	0.415652	0.427	0.406614	0.492471	0.388259	0.392438	0.402482	0.397062	0.362937	0.326522	0.341001	0.339855	0.355846	0.361857	0.326054	0.269649	0.271842	0.270792	0.269697	0.305045	0.298255	0.39602	0.387796	0.399611	0.397671	0.412013	0.403886	0.388661	0.408089	0.408089	0.40005	0.330412	0.330136	0.303576	0.191408	0.189116	0.187849	0.193679	0.193775	0.229957	0.235877	0.233429	0.222948	0.214967	0.2282	0.2282	0.234974	0.227062	0.229329	0.238272	0.19868	0.192612	0.214415	0.225386	0.208461	0.227379	0.253577	0.259795	0.284164	0.19435	0.196854	0.198779	0.220333	0.187383	0.190731	0.192292	0.192986	0.18261	0.202727	0.210462
Rhipidura_dahli	0.229353	0.13058	0.125352	0.135369	0.143862	0.133518	0.134061	0.131258	0.147716	0.153656	0.151822	0.14686	0.142257	0.15401	0.146481	0.159267	0.150948	0.151034	0.130947	0.15246	0.166885	0.153126	0.157497	0.151892	0.150979	0.12652	0.16001	0.158499	0.15341	0.160586	0.152833	0.154978	0.186584	0.1834	0.164506	0.155394	0.146605	0.161128	0.171335	0.153452	0.150958	0.14276	0.15762	0.171954	0.183199	0.154242	0.175914	0.156581	0.153823	0.150407	0.147461	0.134958	0.144923	0.152741	0.139715	0.150991	0.133046	0.128712	0.15689	0.136095	0.131358	0.135386	0.145671	0.144177	0.148114	0.149675	0.154541	0.160553	0.154253	0.146482	0.147003	0.146794	0.151182	0.147206	0.147077	0.194607	0.155189	0.156562	0.131137	0.144129	0.158898	0.141753	0.125243	0.131122	0.130159	0.115017	0.119285	0.113574	0.084833	0.0957236	0.11548	0.0984124	0.0877158	0.0832051	0.0808011	0.0795969	0.0980403	0.0749007	0.0670455	0	0.0977506	0.0885554	0.0910881	0.0814186	0.104497	0.0811041	0.0978876	0.0974468	0.106121	0.0995731	0.0946222	0.101207	0.0823923	0.0958137	0.0909759	0.113479	0.10073	0.121061	0.132047	0.113736	0.105713	0.149873	0.170132	0.169919	0.150849	0.150039	0.171075	0.15273	0.162288	0.156835	0.222359	0.226905	0.233445	0.242222	0.238728	0.232177	0.221032	0.234949	0.22454	0.238337	0.234505	0.224082	0.228415	0.222511	0.244075	0.228848	0.213699	0.211148	0.220127	0.213044	0.27385	0.29803	0.291672	0.30689	0.360805	0.344168	0.294565	0.314515	0.297755	0.284568	0.296717	0.230429	0.234206	0.254397	0.250265	0.249763	0.257895	0.259039	0.265159	0.213367	0.295184	0.283304	0.286181	0.315809	0.242807	0.241674	0.219528	0.221902	0.234327	0.275594	0.254992	0.384411	0.278785	0.279835	0.292229	0.282472	0.259372	0.268858	0.248402	0.245815	0.276076	0.271146	0.310439	0.323604	0.335116	0.342217	0.336564	0.317461	0.212278	0.21227	0.215783	0.222915	0.30049	0.297051	0.285812	0.271221	0.272216	0.261798	0.247456	0.247658	0.249657	0.254169	0.220795	0.218876	0.210351	0.216395	0.215255	0.220731	0.243283	0.246672	0.230745	0.228424	0.236207	0.237562	0.22508	0.238571	0.241117	0.234153	0.243407	0.233076	0.227352	0.245668	0.247999	0.382666	0.255537	0.241535	0.241433	0.295228	0.291599	0.302442	0.296792	0.286028	0.227144	0.236972	0.248273	0.219501	0.221729	0.219646	0.222183	0.230376	0.240476	0.229418	0.253821	0.243912	0.259689	0.224334	0.198423	0.242741	0.238822	0.360805	0.430327	0.441675	0.421289	0.507146	0.402934	0.407112	0.417157	0.411737	0.377612	0.341196	0.355676	0.35453	0.370521	0.376532	0.340729	0.284323	0.286517	0.285467	0.284372	0.31972	0.312929	0.410695	0.402471	0.414286	0.412346	0.426688	0.41856	0.403336	0.422764	0.422764	0.414725	0.345087	0.344811	0.318251	0.206083	0.203791	0.202524	0.208354	0.20845	0.244631	0.250552	0.248104	0.237623	0.229641	0.242875	0.242875	0.249649	0.241737	0.244004	0.252947	0.213355	0.207287	0.22909	0.240061	0.223136	0.242054	0.268251	0.27447	0.298839	0.209024	0.211529	0.213454	0.235008	0.202057	0.205406	0.206967	0.207661	0.197285	0.217402	0.225137
Ifrita_kowaldi	0.228549	0.129776	0.124548	0.134565	0.143058	0.132714	0.133258	0.130455	0.146912	0.152852	0.151018	0.146056	0.141453	0.153206	0.145677	0.158463	0.150144	0.15023	0.130143	0.151656	0.166081	0.152322	0.156693	0.151088	0.150175	0.125716	0.159206	0.157695	0.152606	0.159782	0.152029	0.154175	0.18578	0.182597	0.163702	0.15459	0.145801	0.160324	0.170531	0.152648	0.150154	0.141956	0.156817	0.17115	0.182395	0.153438	0.17511	0.155777	0.153019	0.149603	0.146657	0.134154	0.144119	0.151937	0.138911	0.150187	0.132242	0.127909	0.156086	0.135291	0.130554	0.134582	0.144867	0.143373	0.14731	0.148871	0.153738	0.15975	0.153449	0.145678	0.1462	0.14599	0.150378	0.146402	0.146273	0.193803	0.154385	0.155758	0.130333	0.143325	0.158094	0.140949	0.124439	0.130318	0.129355	0.114213	0.118481	0.11277	0.0840291	0.0949197	0.114676	0.0976086	0.0917235	0.0872128	0.0848088	0.0836046	0.102048	0.0789084	0.0830757	0.0977506	0	0.0785201	0.0810528	0.0806147	0.103693	0.0803003	0.0970837	0.0966429	0.105317	0.0987693	0.0938184	0.100403	0.0815884	0.0950099	0.0901721	0.112676	0.0999261	0.120257	0.131243	0.112932	0.10491	0.149069	0.169328	0.169115	0.150045	0.149235	0.170271	0.151926	0.161484	0.156031	0.221555	0.226101	0.232642	0.241418	0.237925	0.231373	0.220228	0.234145	0.223736	0.237533	0.233701	0.223278	0.227611	0.221707	0.243271	0.228044	0.212895	0.210344	0.219324	0.21224	0.273046	0.297226	0.290868	0.306086	0.360001	0.343364	0.293761	0.313711	0.296951	0.283765	0.295914	0.229626	0.233403	0.253594	0.249461	0.248959	0.257092	0.258236	0.264355	0.212563	0.29438	0.2825	0.285377	0.315005	0.242003	0.24087	0.218724	0.221098	0.233523	0.27479	0.254189	0.383607	0.277981	0.279031	0.291425	0.281668	0.258569	0.268054	0.247598	0.245011	0.275272	0.270342	0.309636	0.3228	0.334312	0.341414	0.33576	0.316658	0.211474	0.211466	0.214979	0.222111	0.299686	0.296247	0.285009	0.270417	0.271412	0.260994	0.246652	0.246854	0.248853	0.253365	0.219991	0.218072	0.209547	0.215591	0.214451	0.219927	0.242479	0.245868	0.229941	0.22762	0.235403	0.236758	0.224276	0.237767	0.240313	0.233349	0.242603	0.232272	0.226548	0.244864	0.247196	0.381863	0.254733	0.240731	0.240629	0.294424	0.290795	0.301638	0.295988	0.285225	0.22634	0.236168	0.247469	0.218697	0.220925	0.218842	0.221379	0.229572	0.239673	0.228614	0.253017	0.243109	0.258885	0.22353	0.197619	0.241937	0.238019	0.360001	0.429523	0.440871	0.420485	0.506342	0.40213	0.406309	0.416353	0.410933	0.376808	0.340393	0.354872	0.353726	0.369717	0.375728	0.339925	0.28352	0.285713	0.284663	0.283568	0.318916	0.312126	0.409891	0.401667	0.413482	0.411542	0.425884	0.417757	0.402532	0.42196	0.42196	0.413921	0.344283	0.344007	0.317447	0.205279	0.202987	0.20172	0.20755	0.207646	0.243828	0.249748	0.2473	0.236819	0.228838	0.242071	0.242071	0.248845	0.240933	0.2432	0.252143	0.212551	0.206484	0.228286	0.239257	0.222332	0.24125	0.267448	0.273666	0.298035	0.208221	0.210725	0.21265	0.234204	0.201254	0.204602	0.206163	0.206857	0.196481	0.216598	0.224333
Myiagra_hebetior	0.219354	0.120581	0.115353	0.12537	0.133863	0.123519	0.124062	0.121259	0.137717	0.143657	0.141823	0.136861	0.132258	0.144011	0.136482	0.149268	0.140949	0.141035	0.120948	0.142461	0.156886	0.143127	0.147498	0.141893	0.14098	0.116521	0.150011	0.1485	0.143411	0.150587	0.142834	0.144979	0.176585	0.173401	0.154507	0.145395	0.136606	0.151129	0.161336	0.143453	0.140959	0.132761	0.147621	0.161955	0.1732	0.144243	0.165915	0.146582	0.143824	0.140408	0.137462	0.124959	0.134924	0.142742	0.129716	0.140992	0.123047	0.118713	0.146891	0.126096	0.121359	0.125387	0.135672	0.134178	0.138115	0.139676	0.144542	0.150554	0.144254	0.136483	0.137004	0.136795	0.141183	0.137207	0.137078	0.184607	0.14519	0.146563	0.121138	0.13413	0.148899	0.131754	0.115244	0.121123	0.12016	0.105018	0.109286	0.103575	0.0748339	0.0857245	0.105481	0.0884134	0.0825283	0.0780176	0.0756136	0.0744094	0.0928528	0.0697132	0.0738805	0.0885554	0.0785201	0	0.0709356	0.0714195	0.0944979	0.0711051	0.0878885	0.0874478	0.0961219	0.0895741	0.0846232	0.0912076	0.0723933	0.0858147	0.0809769	0.10348	0.0907309	0.111062	0.122048	0.103737	0.0957144	0.139874	0.160133	0.15992	0.14085	0.14004	0.161075	0.142731	0.152289	0.146836	0.21236	0.216906	0.223446	0.232223	0.228729	0.222178	0.211033	0.22495	0.214541	0.228338	0.224506	0.214083	0.218416	0.212512	0.234076	0.218849	0.2037	0.201149	0.210128	0.203045	0.263851	0.288031	0.281673	0.296891	0.350806	0.334169	0.284566	0.304516	0.287756	0.274569	0.286718	0.22043	0.224207	0.244398	0.240266	0.239764	0.247896	0.24904	0.25516	0.203368	0.285184	0.273305	0.276182	0.30581	0.232808	0.231675	0.209528	0.211903	0.224328	0.265595	0.244993	0.374412	0.268786	0.269836	0.28223	0.272473	0.249373	0.258859	0.238403	0.235816	0.266077	0.261146	0.30044	0.313605	0.325117	0.332218	0.326565	0.307462	0.202279	0.202271	0.205784	0.212916	0.290491	0.287052	0.275813	0.261222	0.262217	0.251799	0.237457	0.237659	0.239658	0.24417	0.210796	0.208877	0.200352	0.206396	0.205256	0.210732	0.233284	0.236673	0.220746	0.218425	0.226208	0.227563	0.215081	0.228572	0.231117	0.224154	0.233408	0.223077	0.217353	0.235669	0.238	0.372667	0.245538	0.231536	0.231434	0.285229	0.2816	0.292443	0.286793	0.276029	0.217145	0.226973	0.238274	0.209501	0.21173	0.209647	0.212184	0.220377	0.230477	0.219419	0.243822	0.233913	0.24969	0.214335	0.188424	0.232742	0.228823	0.350806	0.420328	0.431676	0.41129	0.497147	0.392935	0.397113	0.407158	0.401738	0.367613	0.331197	0.345677	0.344531	0.360522	0.366533	0.33073	0.274324	0.276518	0.275468	0.274373	0.30972	0.30293	0.400696	0.392472	0.404287	0.402347	0.416688	0.408561	0.393337	0.412764	0.412764	0.404726	0.335088	0.334812	0.308252	0.196084	0.193792	0.192525	0.198355	0.198451	0.234632	0.240553	0.238105	0.227624	0.219642	0.232876	0.232876	0.23965	0.231738	0.234005	0.242948	0.203356	0.197288	0.219091	0.230062	0.213137	0.232055	0.258252	0.264471	0.28884	0.199025	0.20153	0.203455	0.225009	0.192058	0.195406	0.196968	0.197662	0.187286	0.207403	0.215138
Struthidea_cinerea	0.221887	0.123113	0.117886	0.127903	0.136396	0.126052	0.126595	0.123792	0.140249	0.146189	0.144356	0.139393	0.134791	0.146543	0.139015	0.1518	0.143482	0.143568	0.123481	0.144994	0.159419	0.14566	0.150031	0.144426	0.143513	0.119054	0.152543	0.151032	0.145944	0.153119	0.145367	0.147512	0.179118	0.175934	0.15704	0.147928	0.139139	0.153662	0.163868	0.145986	0.143491	0.135294	0.150154	0.164488	0.175733	0.146776	0.168448	0.149115	0.146357	0.142941	0.139994	0.127492	0.137457	0.145274	0.132249	0.143525	0.12558	0.121246	0.149423	0.128629	0.123891	0.12792	0.138205	0.13671	0.140648	0.142209	0.147075	0.153087	0.146787	0.139016	0.139537	0.139327	0.143715	0.13974	0.139611	0.18714	0.147723	0.149096	0.123671	0.136662	0.151432	0.134287	0.117777	0.123656	0.122693	0.107551	0.111818	0.106108	0.0773666	0.0882572	0.108014	0.0909461	0.085061	0.0805503	0.0781463	0.0769421	0.0953855	0.0722459	0.0764132	0.0910881	0.0810528	0.0709356	0	0.0739522	0.0970306	0.0736378	0.0904213	0.0899805	0.0986546	0.0921068	0.0871559	0.0937403	0.074926	0.0883474	0.0835096	0.106013	0.0932637	0.113595	0.12458	0.10627	0.0982471	0.142407	0.162666	0.162452	0.143382	0.142572	0.163608	0.145264	0.154822	0.149369	0.214892	0.219438	0.225979	0.234755	0.231262	0.22471	0.213566	0.227483	0.217074	0.230871	0.227039	0.216616	0.220948	0.215045	0.236608	0.221381	0.206233	0.203681	0.212661	0.205578	0.266384	0.290564	0.284205	0.299424	0.353338	0.336701	0.287099	0.307049	0.290288	0.277102	0.289251	0.222963	0.22674	0.246931	0.242799	0.242297	0.250429	0.251573	0.257692	0.2059	0.287717	0.275838	0.278714	0.308343	0.23534	0.234208	0.212061	0.214436	0.226861	0.268128	0.247526	0.376945	0.271319	0.272368	0.284763	0.275006	0.251906	0.261392	0.240935	0.238349	0.268609	0.263679	0.302973	0.316137	0.32765	0.334751	0.329098	0.309995	0.204812	0.204803	0.208317	0.215449	0.293024	0.289585	0.278346	0.263754	0.264749	0.254331	0.239989	0.240191	0.242191	0.246703	0.213329	0.21141	0.202885	0.208929	0.207789	0.213265	0.235817	0.239206	0.223279	0.220958	0.22874	0.230095	0.217614	0.231105	0.23365	0.226686	0.23594	0.22561	0.219886	0.238202	0.240533	0.3752	0.24807	0.234068	0.233967	0.287762	0.284132	0.294976	0.289326	0.278562	0.219677	0.229505	0.240807	0.212034	0.214262	0.21218	0.214717	0.222909	0.23301	0.221951	0.246354	0.236446	0.252223	0.216868	0.190957	0.235274	0.231356	0.353338	0.422861	0.434209	0.413823	0.499679	0.395468	0.399646	0.40969	0.404271	0.370146	0.33373	0.348209	0.347064	0.363055	0.369065	0.333262	0.276857	0.27905	0.278001	0.276906	0.312253	0.305463	0.403228	0.395004	0.406819	0.40488	0.419221	0.411094	0.39587	0.415297	0.415297	0.407258	0.337621	0.337345	0.310784	0.198617	0.196325	0.195058	0.200887	0.200984	0.237165	0.243085	0.240637	0.230157	0.222175	0.235408	0.235408	0.242183	0.234271	0.236537	0.245481	0.205889	0.199821	0.221624	0.232595	0.21567	0.234588	0.260785	0.267004	0.291373	0.201558	0.204063	0.205987	0.227542	0.194591	0.197939	0.1995	0.200194	0.189818	0.209935	0.21767
Dicrurus_megarhynchus	0.210203	0.111429	0.106202	0.116219	0.124712	0.114368	0.114911	0.112108	0.128565	0.134505	0.132672	0.127709	0.123107	0.134859	0.127331	0.140116	0.131798	0.131884	0.111797	0.13331	0.147735	0.133976	0.138347	0.132742	0.131829	0.10737	0.140859	0.139348	0.13426	0.141435	0.133683	0.135828	0.167434	0.16425	0.145356	0.136244	0.127455	0.141978	0.152185	0.134302	0.131807	0.12361	0.13847	0.152804	0.164049	0.135092	0.156764	0.137431	0.134673	0.131257	0.12831	0.115808	0.125773	0.133591	0.120565	0.131841	0.113896	0.109562	0.137739	0.116945	0.112207	0.116236	0.126521	0.125026	0.128964	0.130525	0.135391	0.141403	0.135103	0.127332	0.127853	0.127643	0.132031	0.128056	0.127927	0.175456	0.136039	0.137412	0.111987	0.124978	0.139748	0.122603	0.106093	0.111972	0.111009	0.0958666	0.100134	0.0944239	0.0656827	0.0765733	0.09633	0.0792621	0.0753915	0.0708807	0.0684767	0.0672726	0.0857159	0.0625764	0.0667437	0.0814186	0.0806147	0.0714195	0.0739522	0	0.0853466	0.0619538	0.0787373	0.0782965	0.0869707	0.0804228	0.0754719	0.0820563	0.063242	0.0766634	0.0718256	0.0943291	0.0815797	0.101911	0.112896	0.0945857	0.0865631	0.130723	0.150982	0.150768	0.131698	0.130889	0.151924	0.13358	0.143138	0.137685	0.203208	0.207754	0.214295	0.223071	0.219578	0.213026	0.201882	0.215799	0.20539	0.219187	0.215355	0.204932	0.209265	0.203361	0.224924	0.209697	0.194549	0.191997	0.200977	0.193894	0.2547	0.27888	0.272521	0.28774	0.341654	0.325017	0.275415	0.295365	0.278604	0.265418	0.277567	0.211279	0.215056	0.235247	0.231115	0.230613	0.238745	0.239889	0.246008	0.194216	0.276033	0.264154	0.26703	0.296659	0.223656	0.222524	0.200377	0.202752	0.215177	0.256444	0.235842	0.365261	0.259635	0.260684	0.273079	0.263322	0.240222	0.249708	0.229252	0.226665	0.256926	0.251995	0.291289	0.304453	0.315966	0.323067	0.317414	0.298311	0.193128	0.193119	0.196633	0.203765	0.28134	0.277901	0.266662	0.252071	0.253065	0.242648	0.228306	0.228507	0.230507	0.235019	0.201645	0.199726	0.191201	0.197245	0.196105	0.201581	0.224133	0.227522	0.211595	0.209274	0.217057	0.218411	0.20593	0.219421	0.221966	0.215002	0.224256	0.213926	0.208202	0.226518	0.228849	0.363516	0.236386	0.222384	0.222283	0.276078	0.272448	0.283292	0.277642	0.266878	0.207993	0.217821	0.229123	0.20035	0.202578	0.200496	0.203033	0.211225	0.221326	0.210267	0.23467	0.224762	0.240539	0.205184	0.179273	0.22359	0.219672	0.341654	0.411177	0.422525	0.402139	0.487995	0.383784	0.387962	0.398006	0.392587	0.358462	0.322046	0.336525	0.33538	0.351371	0.357381	0.321578	0.265173	0.267367	0.266317	0.265222	0.300569	0.293779	0.391544	0.38332	0.395135	0.393196	0.407537	0.39941	0.384186	0.403613	0.403613	0.395574	0.325937	0.325661	0.2991	0.186933	0.184641	0.183374	0.189203	0.1893	0.225481	0.231402	0.228953	0.218473	0.210491	0.223724	0.223724	0.230499	0.222587	0.224853	0.233797	0.194205	0.188137	0.20994	0.220911	0.203986	0.222904	0.249101	0.25532	0.279689	0.189874	0.192379	0.194303	0.215858	0.182907	0.186255	0.187816	0.18851	0.178134	0.198251	0.205987
Falcunculus_frontatus	0.225823	0.12705	0.121822	0.131839	0.140332	0.129988	0.130532	0.127728	0.144186	0.150126	0.148292	0.14333	0.138727	0.15048	0.142951	0.155737	0.147418	0.147504	0.127417	0.14893	0.163355	0.149596	0.153967	0.148362	0.147449	0.12299	0.15648	0.154969	0.14988	0.157056	0.149303	0.151449	0.183054	0.17987	0.160976	0.151864	0.143075	0.157598	0.167805	0.149922	0.147428	0.13923	0.15409	0.168424	0.179669	0.150712	0.172384	0.153051	0.150293	0.146877	0.143931	0.131428	0.141393	0.149211	0.136185	0.147461	0.129516	0.125182	0.15336	0.132565	0.127828	0.131856	0.142141	0.140647	0.144584	0.146145	0.151011	0.157023	0.150723	0.142952	0.143473	0.143264	0.147652	0.143676	0.143547	0.191077	0.151659	0.153032	0.127607	0.140599	0.155368	0.138223	0.121713	0.127592	0.126629	0.111487	0.115755	0.110044	0.081303	0.0921936	0.11195	0.0948825	0.0984698	0.0939591	0.0915551	0.0903509	0.108794	0.0856548	0.0898221	0.104497	0.103693	0.0944979	0.0970306	0.0853466	0	0.0775742	0.0943576	0.0939168	0.102591	0.0960432	0.0910923	0.0976767	0.0788623	0.0922838	0.087446	0.109949	0.0972	0.117531	0.128517	0.110206	0.102183	0.146343	0.166602	0.166389	0.147319	0.146509	0.167545	0.1492	0.158758	0.153305	0.218829	0.223375	0.229915	0.238692	0.235198	0.228647	0.217502	0.231419	0.22101	0.234807	0.230975	0.220552	0.224885	0.218981	0.240545	0.225318	0.210169	0.207618	0.216598	0.209514	0.27032	0.2945	0.288142	0.30336	0.357275	0.340638	0.291035	0.310985	0.294225	0.281038	0.293187	0.226899	0.230676	0.250868	0.246735	0.246233	0.254366	0.25551	0.261629	0.209837	0.291654	0.279774	0.282651	0.312279	0.239277	0.238144	0.215998	0.218372	0.230797	0.272064	0.251462	0.380881	0.275255	0.276305	0.288699	0.278942	0.255842	0.265328	0.244872	0.242285	0.272546	0.267616	0.306909	0.320074	0.331586	0.338687	0.333034	0.313931	0.208748	0.20874	0.212253	0.219385	0.29696	0.293521	0.282282	0.267691	0.268686	0.258268	0.243926	0.244128	0.246127	0.250639	0.217265	0.215346	0.206821	0.212865	0.211725	0.217201	0.239753	0.243142	0.227215	0.224894	0.232677	0.234032	0.22155	0.235041	0.237587	0.230623	0.239877	0.229546	0.223822	0.242138	0.24447	0.379136	0.252007	0.238005	0.237903	0.291698	0.288069	0.298912	0.293262	0.282498	0.223614	0.233442	0.244743	0.215971	0.218199	0.216116	0.218653	0.226846	0.236946	0.225888	0.250291	0.240382	0.256159	0.220804	0.194893	0.239211	0.235292	0.357275	0.426797	0.438145	0.417759	0.503616	0.399404	0.403582	0.413627	0.408207	0.374082	0.337667	0.352146	0.351	0.366991	0.373002	0.337199	0.280793	0.282987	0.281937	0.280842	0.31619	0.309399	0.407165	0.398941	0.410756	0.408816	0.423158	0.415031	0.399806	0.419234	0.419234	0.411195	0.341557	0.341281	0.314721	0.202553	0.200261	0.198994	0.204824	0.20492	0.241101	0.247022	0.244574	0.234093	0.226112	0.239345	0.239345	0.246119	0.238207	0.240474	0.249417	0.209825	0.203757	0.22556	0.236531	0.219606	0.238524	0.264722	0.27094	0.295309	0.205495	0.207999	0.209924	0.231478	0.198527	0.201876	0.203437	0.204131	0.193755	0.213872	0.221607
Daphoenositta_chrysoptera	0.202428	0.103655	0.0984271	0.108444	0.116937	0.106594	0.107137	0.104334	0.120791	0.126731	0.124897	0.119935	0.115332	0.127085	0.119556	0.132342	0.124024	0.12411	0.104023	0.125535	0.13996	0.126202	0.130573	0.124967	0.124054	0.0995954	0.133085	0.131574	0.126486	0.133661	0.125908	0.128054	0.159659	0.156476	0.137581	0.12847	0.11968	0.134203	0.14441	0.126528	0.124033	0.115836	0.130696	0.145029	0.156274	0.127317	0.148989	0.129657	0.126898	0.123482	0.120536	0.108034	0.117998	0.125816	0.11279	0.124066	0.106122	0.101788	0.129965	0.10917	0.104433	0.108461	0.118746	0.117252	0.12119	0.12275	0.127617	0.133629	0.127328	0.119557	0.120079	0.119869	0.124257	0.120281	0.120153	0.167682	0.128264	0.129638	0.104212	0.117204	0.131973	0.114828	0.0983181	0.104197	0.103234	0.0880921	0.0923599	0.0866494	0.0579082	0.0687988	0.0885556	0.0714877	0.075077	0.0705663	0.0681623	0.0669582	0.0854015	0.062262	0.0664293	0.0811041	0.0803003	0.0711051	0.0736378	0.0619538	0.0775742	0	0.0685654	0.0681266	0.0768008	0.0702529	0.065302	0.0718864	0.0530721	0.0664935	0.0640492	0.0865547	0.0738052	0.0941365	0.105122	0.0868113	0.0787887	0.122948	0.143208	0.142994	0.123924	0.123114	0.14415	0.125805	0.135364	0.12991	0.195434	0.19998	0.206521	0.215297	0.211804	0.205252	0.194107	0.208024	0.197615	0.211412	0.20758	0.197157	0.20149	0.195587	0.21715	0.201923	0.186775	0.184223	0.193203	0.18612	0.246926	0.271105	0.264747	0.279966	0.33388	0.317243	0.267641	0.28759	0.27083	0.257644	0.269793	0.203505	0.207282	0.227473	0.22334	0.222838	0.230971	0.232115	0.238234	0.186442	0.268259	0.256379	0.259256	0.288884	0.215882	0.214749	0.192603	0.194977	0.207402	0.248669	0.228068	0.357486	0.251861	0.25291	0.265304	0.255547	0.232448	0.241933	0.221477	0.21889	0.249151	0.244221	0.283515	0.296679	0.308191	0.315293	0.309639	0.290537	0.185353	0.185345	0.188858	0.195991	0.273565	0.270127	0.258888	0.244296	0.245291	0.234873	0.220531	0.220733	0.222732	0.227245	0.19387	0.191951	0.183426	0.18947	0.18833	0.193806	0.216359	0.219747	0.20382	0.201499	0.209282	0.210637	0.198155	0.211647	0.214192	0.207228	0.216482	0.206151	0.200427	0.218743	0.221075	0.355742	0.228612	0.21461	0.214509	0.268303	0.264674	0.275517	0.269868	0.259104	0.200219	0.210047	0.221349	0.192576	0.194804	0.192721	0.195258	0.203451	0.213552	0.202493	0.226896	0.216988	0.232764	0.197409	0.171499	0.215816	0.211898	0.33388	0.403402	0.41475	0.394364	0.480221	0.376009	0.380188	0.390232	0.384813	0.350688	0.314272	0.328751	0.327606	0.343596	0.349607	0.313804	0.257399	0.259592	0.258543	0.257447	0.292795	0.286005	0.38377	0.375546	0.387361	0.385421	0.399763	0.391636	0.376412	0.395839	0.395839	0.3878	0.318162	0.317886	0.291326	0.179158	0.176867	0.175599	0.181429	0.181525	0.217707	0.223627	0.221179	0.210698	0.202717	0.21595	0.21595	0.222724	0.214812	0.217079	0.226023	0.186431	0.180363	0.202165	0.213136	0.196211	0.215129	0.241327	0.247546	0.271914	0.1821	0.184604	0.186529	0.208084	0.175133	0.178481	0.180042	0.180736	0.17036	0.190477	0.198212
Edolisoma_coerulescens	0.219212	0.120438	0.115211	0.125228	0.133721	0.123377	0.12392	0.121117	0.137574	0.143514	0.141681	0.136718	0.132116	0.143868	0.13634	0.149125	0.140807	0.140893	0.120806	0.142319	0.156744	0.142985	0.147356	0.141751	0.140838	0.116379	0.149868	0.148357	0.143269	0.150444	0.142692	0.144837	0.176443	0.173259	0.154365	0.145253	0.136464	0.150987	0.161194	0.143311	0.140816	0.132619	0.147479	0.161813	0.173058	0.144101	0.165773	0.14644	0.143682	0.140266	0.137319	0.124817	0.134782	0.1426	0.129574	0.14085	0.122905	0.118571	0.146748	0.125954	0.121216	0.125245	0.13553	0.134035	0.137973	0.139534	0.1444	0.150412	0.144112	0.136341	0.136862	0.136652	0.14104	0.137065	0.136936	0.184465	0.145048	0.146421	0.120996	0.133987	0.148757	0.131612	0.115102	0.120981	0.120018	0.104876	0.109143	0.103433	0.0746917	0.0855823	0.105339	0.0882711	0.0918605	0.0873498	0.0849458	0.0837416	0.102185	0.0790454	0.0832127	0.0978876	0.0970837	0.0878885	0.0904213	0.0787373	0.0943576	0.0685654	0	0.0849101	0.0935842	0.0870364	0.0820855	0.0886699	0.0698556	0.083277	0.0808326	0.103338	0.0905887	0.11092	0.121905	0.103595	0.0955721	0.139732	0.159991	0.159777	0.140707	0.139898	0.160933	0.142589	0.152147	0.146694	0.212217	0.216763	0.223304	0.23208	0.228587	0.222035	0.210891	0.224808	0.214399	0.228196	0.224364	0.213941	0.218274	0.21237	0.233933	0.218706	0.203558	0.201006	0.209986	0.202903	0.263709	0.287889	0.28153	0.296749	0.350663	0.334026	0.284424	0.304374	0.287613	0.274427	0.286576	0.220288	0.224065	0.244256	0.240124	0.239622	0.247754	0.248898	0.255017	0.203225	0.285042	0.273163	0.276039	0.305668	0.232665	0.231533	0.209386	0.211761	0.224186	0.265453	0.244851	0.37427	0.268644	0.269693	0.282088	0.272331	0.249231	0.258717	0.238261	0.235674	0.265935	0.261004	0.300298	0.313462	0.324975	0.332076	0.326423	0.30732	0.202137	0.202128	0.205642	0.212774	0.290349	0.28691	0.275671	0.26108	0.262074	0.251657	0.237315	0.237516	0.239516	0.244028	0.210654	0.208735	0.20021	0.206254	0.205114	0.21059	0.233142	0.236531	0.220604	0.218283	0.226066	0.22742	0.214939	0.22843	0.230975	0.224011	0.233265	0.222935	0.217211	0.235527	0.237858	0.372525	0.245395	0.231393	0.231292	0.285087	0.281457	0.292301	0.286651	0.275887	0.217002	0.22683	0.238132	0.209359	0.211587	0.209505	0.212042	0.220234	0.230335	0.219276	0.243679	0.233771	0.249548	0.214193	0.188282	0.232599	0.228681	0.350663	0.420186	0.431534	0.411148	0.497004	0.392793	0.396971	0.407015	0.401596	0.367471	0.331055	0.345534	0.344389	0.36038	0.36639	0.330587	0.274182	0.276376	0.275326	0.274231	0.309578	0.302788	0.400554	0.392329	0.404144	0.402205	0.416546	0.408419	0.393195	0.412622	0.412622	0.404583	0.334946	0.33467	0.308109	0.195942	0.19365	0.192383	0.198212	0.198309	0.23449	0.240411	0.237962	0.227482	0.2195	0.232733	0.232733	0.239508	0.231596	0.233862	0.242806	0.203214	0.197146	0.218949	0.22992	0.212995	0.231913	0.25811	0.264329	0.288698	0.198883	0.201388	0.203312	0.224867	0.191916	0.195264	0.196825	0.197519	0.187143	0.20726	0.214996
Dryoscopus_gambensis	0.218771	0.119997	0.11477	0.124787	0.13328	0.122936	0.123479	0.120676	0.137133	0.143074	0.14124	0.136278	0.131675	0.143428	0.135899	0.148685	0.140366	0.140452	0.120365	0.141878	0.156303	0.142544	0.146915	0.14131	0.140397	0.115938	0.149428	0.147917	0.142828	0.150004	0.142251	0.144396	0.176002	0.172818	0.153924	0.144812	0.136023	0.150546	0.160753	0.14287	0.140375	0.132178	0.147038	0.161372	0.172617	0.14366	0.165332	0.145999	0.143241	0.139825	0.136879	0.124376	0.134341	0.142159	0.129133	0.140409	0.122464	0.11813	0.146308	0.125513	0.120775	0.124804	0.135089	0.133595	0.137532	0.139093	0.143959	0.149971	0.143671	0.1359	0.136421	0.136211	0.1406	0.136624	0.136495	0.184024	0.144607	0.14598	0.120555	0.133546	0.148316	0.131171	0.114661	0.12054	0.119577	0.104435	0.108703	0.102992	0.0742509	0.0851415	0.104898	0.0878304	0.0914197	0.086909	0.084505	0.0833008	0.101744	0.0786046	0.0827719	0.0974468	0.0966429	0.0874478	0.0899805	0.0782965	0.0939168	0.0681266	0.0849101	0	0.0770833	0.0714067	0.0742757	0.0808601	0.0620458	0.0827128	0.0803919	0.102897	0.0901479	0.110479	0.121465	0.103154	0.0951313	0.139291	0.15955	0.159337	0.140267	0.139457	0.160492	0.142148	0.151706	0.146253	0.211777	0.216323	0.222863	0.23164	0.228146	0.221595	0.21045	0.224367	0.213958	0.227755	0.223923	0.2135	0.217833	0.211929	0.233493	0.218265	0.203117	0.200566	0.209545	0.202462	0.263268	0.287448	0.28109	0.296308	0.350223	0.333586	0.283983	0.303933	0.287173	0.273986	0.286135	0.219847	0.223624	0.243815	0.239683	0.239181	0.247313	0.248457	0.254576	0.202785	0.284601	0.272722	0.275599	0.305227	0.232225	0.231092	0.208945	0.21132	0.223745	0.265012	0.24441	0.373829	0.268203	0.269253	0.281647	0.27189	0.24879	0.258276	0.23782	0.235233	0.265494	0.260563	0.299857	0.313021	0.324534	0.331635	0.325982	0.306879	0.201696	0.201688	0.205201	0.212333	0.289908	0.286469	0.27523	0.260639	0.261634	0.251216	0.236874	0.237076	0.239075	0.243587	0.210213	0.208294	0.199769	0.205813	0.204673	0.210149	0.232701	0.23609	0.220163	0.217842	0.225625	0.22698	0.214498	0.227989	0.230534	0.22357	0.232825	0.222494	0.21677	0.235086	0.237417	0.372084	0.244955	0.230953	0.230851	0.284646	0.281016	0.29186	0.28621	0.275446	0.216562	0.22639	0.237691	0.208918	0.211147	0.209064	0.211601	0.219794	0.229894	0.218836	0.243239	0.23333	0.249107	0.213752	0.187841	0.232159	0.22824	0.350223	0.419745	0.431093	0.410707	0.496564	0.392352	0.39653	0.406574	0.401155	0.36703	0.330614	0.345094	0.343948	0.359939	0.365949	0.330147	0.273741	0.275935	0.274885	0.27379	0.309137	0.302347	0.400113	0.391889	0.403704	0.401764	0.416105	0.407978	0.392754	0.412181	0.412181	0.404143	0.334505	0.334229	0.307669	0.195501	0.193209	0.191942	0.197771	0.197868	0.234049	0.23997	0.237522	0.227041	0.219059	0.232293	0.232293	0.239067	0.231155	0.233422	0.242365	0.202773	0.196705	0.218508	0.229479	0.212554	0.231472	0.257669	0.263888	0.288257	0.198442	0.200947	0.202872	0.224426	0.191475	0.194823	0.196385	0.197079	0.186703	0.20682	0.214555
Dyaphorophyia_castanea	0.227445	0.128672	0.123444	0.133461	0.141954	0.13161	0.132154	0.129351	0.145808	0.151748	0.149914	0.144952	0.140349	0.152102	0.144573	0.157359	0.14904	0.149126	0.129039	0.150552	0.164977	0.151218	0.155589	0.149984	0.149071	0.124612	0.158102	0.156591	0.151502	0.158678	0.150925	0.153071	0.184676	0.181492	0.162598	0.153486	0.144697	0.15922	0.169427	0.151544	0.14905	0.140852	0.155712	0.170046	0.181291	0.152334	0.174006	0.154673	0.151915	0.148499	0.145553	0.13305	0.143015	0.150833	0.137807	0.149083	0.131138	0.126804	0.154982	0.134187	0.12945	0.133478	0.143763	0.142269	0.146206	0.147767	0.152633	0.158646	0.152345	0.144574	0.145095	0.144886	0.149274	0.145298	0.145169	0.192699	0.153281	0.154654	0.129229	0.142221	0.15699	0.139845	0.123335	0.129214	0.128251	0.113109	0.117377	0.111666	0.082925	0.0938156	0.113572	0.0965045	0.100094	0.0955831	0.0931791	0.091975	0.110418	0.0872788	0.0914461	0.106121	0.105317	0.0961219	0.0986546	0.0869707	0.102591	0.0768008	0.0935842	0.0770833	0	0.0800808	0.0829499	0.0895343	0.0707199	0.091387	0.089066	0.111571	0.0988221	0.119153	0.130139	0.111828	0.103805	0.147965	0.168224	0.168011	0.148941	0.148131	0.169167	0.150822	0.16038	0.154927	0.220451	0.224997	0.231537	0.240314	0.23682	0.230269	0.219124	0.233041	0.222632	0.236429	0.232597	0.222174	0.226507	0.220603	0.242167	0.22694	0.211791	0.20924	0.21822	0.211136	0.271942	0.296122	0.289764	0.304982	0.358897	0.34226	0.292657	0.312607	0.295847	0.28266	0.294809	0.228521	0.232299	0.25249	0.248357	0.247855	0.255988	0.257132	0.263251	0.211459	0.293276	0.281396	0.284273	0.313901	0.240899	0.239766	0.21762	0.219994	0.232419	0.273686	0.253085	0.382503	0.276877	0.277927	0.290321	0.280564	0.257464	0.26695	0.246494	0.243907	0.274168	0.269238	0.308531	0.321696	0.333208	0.340309	0.334656	0.315553	0.21037	0.210362	0.213875	0.221007	0.298582	0.295143	0.283904	0.269313	0.270308	0.25989	0.245548	0.24575	0.247749	0.252261	0.218887	0.216968	0.208443	0.214487	0.213347	0.218823	0.241375	0.244764	0.228837	0.226516	0.234299	0.235654	0.223172	0.236663	0.239209	0.232245	0.241499	0.231168	0.225444	0.24376	0.246092	0.380759	0.253629	0.239627	0.239525	0.29332	0.289691	0.300534	0.294884	0.284121	0.225236	0.235064	0.246365	0.217593	0.219821	0.217738	0.220275	0.228468	0.238569	0.22751	0.251913	0.242004	0.257781	0.222426	0.196515	0.240833	0.236915	0.358897	0.428419	0.439767	0.419381	0.505238	0.401026	0.405205	0.415249	0.409829	0.375704	0.339289	0.353768	0.352622	0.368613	0.374624	0.338821	0.282416	0.284609	0.283559	0.282464	0.317812	0.311021	0.408787	0.400563	0.412378	0.410438	0.42478	0.416653	0.401428	0.420856	0.420856	0.412817	0.343179	0.342903	0.316343	0.204175	0.201883	0.200616	0.206446	0.206542	0.242723	0.248644	0.246196	0.235715	0.227734	0.240967	0.240967	0.247741	0.239829	0.242096	0.251039	0.211447	0.205379	0.227182	0.238153	0.221228	0.240146	0.266344	0.272562	0.296931	0.207117	0.209621	0.211546	0.2331	0.200149	0.203498	0.205059	0.205753	0.195377	0.215494	0.223229
Mystacornis_crossleyi	0.220897	0.122124	0.116896	0.126913	0.135406	0.125063	0.125606	0.122803	0.13926	0.1452	0.143366	0.138404	0.133801	0.145554	0.138025	0.150811	0.142493	0.142579	0.122492	0.144004	0.158429	0.14467	0.149042	0.143436	0.142523	0.118064	0.151554	0.150043	0.144955	0.15213	0.144377	0.146523	0.178128	0.174945	0.15605	0.146939	0.138149	0.152672	0.162879	0.144997	0.142502	0.134305	0.149165	0.163498	0.174743	0.145786	0.167458	0.148126	0.145367	0.141951	0.139005	0.126503	0.136467	0.144285	0.131259	0.142535	0.124591	0.120257	0.148434	0.127639	0.122902	0.12693	0.137215	0.135721	0.139659	0.141219	0.146086	0.152098	0.145797	0.138026	0.138548	0.138338	0.142726	0.13875	0.138622	0.186151	0.146733	0.148107	0.122681	0.135673	0.150442	0.133297	0.116787	0.122666	0.121703	0.106561	0.110829	0.105118	0.0763772	0.0872678	0.107025	0.0899567	0.093546	0.0890353	0.0866313	0.0854271	0.103871	0.0807309	0.0848983	0.0995731	0.0987693	0.0895741	0.0921068	0.0804228	0.0960432	0.0702529	0.0870364	0.0714067	0.0800808	0	0.076402	0.0829864	0.0641721	0.0848391	0.0825182	0.105024	0.0922742	0.112605	0.123591	0.10528	0.0972576	0.141417	0.161676	0.161463	0.142393	0.141583	0.162619	0.144274	0.153833	0.148379	0.213903	0.218449	0.22499	0.233766	0.230273	0.223721	0.212576	0.226493	0.216084	0.229881	0.226049	0.215626	0.219959	0.214055	0.235619	0.220392	0.205244	0.202692	0.211672	0.204589	0.265395	0.289574	0.283216	0.298435	0.352349	0.335712	0.28611	0.306059	0.289299	0.276113	0.288262	0.221974	0.225751	0.245942	0.241809	0.241307	0.24944	0.250584	0.256703	0.204911	0.286728	0.274848	0.277725	0.307353	0.234351	0.233218	0.211072	0.213446	0.225871	0.267138	0.246537	0.375955	0.27033	0.271379	0.283773	0.274016	0.250917	0.260402	0.239946	0.237359	0.26762	0.26269	0.301984	0.315148	0.32666	0.333762	0.328108	0.309006	0.203822	0.203814	0.207327	0.21446	0.292034	0.288596	0.277357	0.262765	0.26376	0.253342	0.239	0.239202	0.241201	0.245714	0.212339	0.21042	0.201895	0.207939	0.206799	0.212275	0.234828	0.238216	0.222289	0.219968	0.227751	0.229106	0.216624	0.230116	0.232661	0.225697	0.234951	0.22462	0.218896	0.237212	0.239544	0.374211	0.247081	0.233079	0.232977	0.286772	0.283143	0.293986	0.288337	0.277573	0.218688	0.228516	0.239818	0.211045	0.213273	0.21119	0.213727	0.22192	0.232021	0.220962	0.245365	0.235457	0.251233	0.215878	0.189967	0.234285	0.230367	0.352349	0.421871	0.433219	0.412833	0.49869	0.394478	0.398657	0.408701	0.403282	0.369157	0.332741	0.34722	0.346075	0.362065	0.368076	0.332273	0.275868	0.278061	0.277012	0.275916	0.311264	0.304474	0.402239	0.394015	0.40583	0.40389	0.418232	0.410105	0.394881	0.414308	0.414308	0.406269	0.336631	0.336355	0.309795	0.197627	0.195335	0.194068	0.199898	0.199994	0.236176	0.242096	0.239648	0.229167	0.221186	0.234419	0.234419	0.241193	0.233281	0.235548	0.244492	0.2049	0.198832	0.220634	0.231605	0.21468	0.233598	0.259796	0.266015	0.290383	0.200569	0.203073	0.204998	0.226553	0.193602	0.19695	0.198511	0.199205	0.188829	0.208946	0.216681
Gymnorhina_tibicen	0.215947	0.117173	0.111945	0.121963	0.130455	0.120112	0.120655	0.117852	0.134309	0.140249	0.138415	0.133453	0.12885	0.140603	0.133075	0.14586	0.137542	0.137628	0.117541	0.139053	0.153478	0.13972	0.144091	0.138486	0.137572	0.113114	0.146603	0.145092	0.140004	0.147179	0.139426	0.141572	0.173177	0.169994	0.151099	0.141988	0.133199	0.147721	0.157928	0.140046	0.137551	0.129354	0.144214	0.158547	0.169792	0.140835	0.162507	0.143175	0.140416	0.137001	0.134054	0.121552	0.131516	0.139334	0.126308	0.137584	0.11964	0.115306	0.143483	0.122689	0.117951	0.12198	0.132264	0.13077	0.134708	0.136268	0.141135	0.147147	0.140846	0.133075	0.133597	0.133387	0.137775	0.133799	0.133671	0.1812	0.141782	0.143156	0.117731	0.130722	0.145491	0.128346	0.111836	0.117715	0.116752	0.10161	0.105878	0.100167	0.0714263	0.0823169	0.102074	0.0850058	0.0885951	0.0840844	0.0816804	0.0804762	0.0989196	0.07578	0.0799474	0.0946222	0.0938184	0.0846232	0.0871559	0.0754719	0.0910923	0.065302	0.0820855	0.0742757	0.0829499	0.076402	0	0.0755885	0.0567742	0.0798882	0.0775673	0.100073	0.0873233	0.107655	0.11864	0.100329	0.0923067	0.136466	0.156726	0.156512	0.137442	0.136632	0.157668	0.139323	0.148882	0.143428	0.208952	0.213498	0.220039	0.228815	0.225322	0.21877	0.207625	0.221543	0.211133	0.22493	0.221099	0.210675	0.215008	0.209105	0.230668	0.215441	0.200293	0.197741	0.206721	0.199638	0.260444	0.284623	0.278265	0.293484	0.347398	0.330761	0.281159	0.301108	0.284348	0.271162	0.283311	0.217023	0.2208	0.240991	0.236858	0.236356	0.244489	0.245633	0.251752	0.19996	0.281777	0.269897	0.272774	0.302403	0.2294	0.228267	0.206121	0.208495	0.22092	0.262188	0.241586	0.371004	0.265379	0.266428	0.278822	0.269065	0.245966	0.255451	0.234995	0.232409	0.262669	0.257739	0.297033	0.310197	0.321709	0.328811	0.323157	0.304055	0.198871	0.198863	0.202376	0.209509	0.287083	0.283645	0.272406	0.257814	0.258809	0.248391	0.234049	0.234251	0.23625	0.240763	0.207388	0.205469	0.196945	0.202988	0.201849	0.207325	0.229877	0.233265	0.217338	0.215017	0.2228	0.224155	0.211673	0.225165	0.22771	0.220746	0.23	0.219669	0.213945	0.232261	0.234593	0.36926	0.24213	0.228128	0.228027	0.281821	0.278192	0.289035	0.283386	0.272622	0.213737	0.223565	0.234867	0.206094	0.208322	0.206239	0.208776	0.216969	0.22707	0.216011	0.240414	0.230506	0.246282	0.210927	0.185017	0.229334	0.225416	0.347398	0.41692	0.428268	0.407883	0.493739	0.389528	0.393706	0.40375	0.398331	0.364206	0.32779	0.342269	0.341124	0.357114	0.363125	0.327322	0.270917	0.27311	0.272061	0.270966	0.306313	0.299523	0.397288	0.389064	0.400879	0.398939	0.413281	0.405154	0.38993	0.409357	0.409357	0.401318	0.331681	0.331404	0.304844	0.192676	0.190385	0.189117	0.194947	0.195043	0.231225	0.237145	0.234697	0.224216	0.216235	0.229468	0.229468	0.236242	0.22833	0.230597	0.239541	0.199949	0.193881	0.215683	0.226654	0.209729	0.228647	0.254845	0.261064	0.285432	0.195618	0.198123	0.200047	0.221602	0.188651	0.191999	0.19356	0.194254	0.183878	0.203995	0.21173
Machaerirhynchus_nigripectus	0.222531	0.123757	0.11853	0.128547	0.13704	0.126696	0.127239	0.124436	0.140893	0.146833	0.145	0.140037	0.135435	0.147187	0.139659	0.152444	0.144126	0.144212	0.124125	0.145638	0.160063	0.146304	0.150675	0.14507	0.144157	0.119698	0.153187	0.151676	0.146588	0.153763	0.146011	0.148156	0.179762	0.176578	0.157684	0.148572	0.139783	0.154306	0.164513	0.14663	0.144135	0.135938	0.150798	0.165132	0.176377	0.14742	0.169092	0.149759	0.147001	0.143585	0.140638	0.128136	0.138101	0.145919	0.132893	0.144169	0.126224	0.12189	0.150067	0.129273	0.124535	0.128564	0.138849	0.137354	0.141292	0.142853	0.147719	0.153731	0.147431	0.13966	0.140181	0.139971	0.144359	0.140384	0.140255	0.187784	0.148367	0.14974	0.124315	0.137306	0.152076	0.134931	0.118421	0.1243	0.123337	0.108195	0.112462	0.106752	0.0780107	0.0889013	0.108658	0.0915902	0.0951795	0.0906688	0.0882648	0.0870606	0.105504	0.0823644	0.0865318	0.101207	0.100403	0.0912076	0.0937403	0.0820563	0.0976767	0.0718864	0.0886699	0.0808601	0.0895343	0.0829864	0.0755885	0	0.061024	0.0864726	0.0841517	0.106657	0.0939077	0.114239	0.125224	0.106914	0.0988911	0.143051	0.16331	0.163096	0.144026	0.143217	0.164252	0.145908	0.155466	0.150013	0.215536	0.220082	0.226623	0.235399	0.231906	0.225354	0.21421	0.228127	0.217718	0.231515	0.227683	0.21726	0.221593	0.215689	0.237253	0.222025	0.206877	0.204325	0.213305	0.206222	0.267028	0.291208	0.284849	0.300068	0.353982	0.337346	0.287743	0.307693	0.290933	0.277746	0.289895	0.223607	0.227384	0.247575	0.243443	0.242941	0.251073	0.252217	0.258336	0.206544	0.288361	0.276482	0.279358	0.308987	0.235984	0.234852	0.212705	0.21508	0.227505	0.268772	0.24817	0.377589	0.271963	0.273013	0.285407	0.27565	0.25255	0.262036	0.24158	0.238993	0.269254	0.264323	0.303617	0.316781	0.328294	0.335395	0.329742	0.310639	0.205456	0.205447	0.208961	0.216093	0.293668	0.290229	0.27899	0.264399	0.265393	0.254976	0.240634	0.240835	0.242835	0.247347	0.213973	0.212054	0.203529	0.209573	0.208433	0.213909	0.236461	0.23985	0.223923	0.221602	0.229385	0.230739	0.218258	0.231749	0.234294	0.22733	0.236584	0.226254	0.22053	0.238846	0.241177	0.375844	0.248714	0.234712	0.234611	0.288406	0.284776	0.29562	0.28997	0.279206	0.220321	0.230149	0.241451	0.212678	0.214906	0.212824	0.215361	0.223553	0.233654	0.222596	0.246998	0.23709	0.252867	0.217512	0.191601	0.235919	0.232	0.353982	0.423505	0.434853	0.414467	0.500323	0.396112	0.40029	0.410334	0.404915	0.37079	0.334374	0.348853	0.347708	0.363699	0.369709	0.333906	0.277501	0.279695	0.278645	0.27755	0.312897	0.306107	0.403873	0.395648	0.407463	0.405524	0.419865	0.411738	0.396514	0.415941	0.415941	0.407902	0.338265	0.337989	0.311428	0.199261	0.196969	0.195702	0.201531	0.201628	0.237809	0.24373	0.241282	0.230801	0.222819	0.236052	0.236052	0.242827	0.234915	0.237182	0.246125	0.206533	0.200465	0.222268	0.233239	0.216314	0.235232	0.261429	0.267648	0.292017	0.202202	0.204707	0.206631	0.228186	0.195235	0.198583	0.200144	0.200838	0.190462	0.210579	0.218315
Rhagologus_leucostigma	0.203717	0.104943	0.0997153	0.109733	0.118226	0.107882	0.108425	0.105622	0.122079	0.128019	0.126186	0.121223	0.11662	0.128373	0.120845	0.13363	0.125312	0.125398	0.105311	0.126823	0.141248	0.12749	0.131861	0.126256	0.125343	0.100884	0.134373	0.132862	0.127774	0.134949	0.127196	0.129342	0.160947	0.157764	0.13887	0.129758	0.120969	0.135492	0.145698	0.127816	0.125321	0.117124	0.131984	0.146317	0.157562	0.128605	0.150277	0.130945	0.128186	0.124771	0.121824	0.109322	0.119286	0.127104	0.114078	0.125354	0.10741	0.103076	0.131253	0.110459	0.105721	0.10975	0.120034	0.11854	0.122478	0.124038	0.128905	0.134917	0.128616	0.120845	0.121367	0.121157	0.125545	0.121569	0.121441	0.16897	0.129552	0.130926	0.105501	0.118492	0.133261	0.116116	0.0996063	0.105485	0.104522	0.0893803	0.0936481	0.0879376	0.0591964	0.070087	0.0898438	0.0727759	0.0763652	0.0718545	0.0694505	0.0682463	0.0866897	0.0635501	0.0677174	0.0823923	0.0815884	0.0723933	0.074926	0.063242	0.0788623	0.0530721	0.0698556	0.0620458	0.0707199	0.0641721	0.0567742	0.061024	0	0.0676583	0.0653374	0.0878428	0.0750934	0.0954247	0.10641	0.0880994	0.0800768	0.124237	0.144496	0.144282	0.125212	0.124402	0.145438	0.127093	0.136652	0.131198	0.196722	0.201268	0.207809	0.216585	0.213092	0.20654	0.195395	0.209313	0.198903	0.212701	0.208869	0.198445	0.202778	0.196875	0.218438	0.203211	0.188063	0.185511	0.194491	0.187408	0.248214	0.272393	0.266035	0.281254	0.335168	0.318531	0.268929	0.288878	0.272118	0.258932	0.271081	0.204793	0.20857	0.228761	0.224628	0.224126	0.232259	0.233403	0.239522	0.18773	0.269547	0.257667	0.260544	0.290173	0.21717	0.216038	0.193891	0.196266	0.20869	0.249958	0.229356	0.358774	0.253149	0.254198	0.266592	0.256836	0.233736	0.243221	0.222765	0.220179	0.250439	0.245509	0.284803	0.297967	0.309479	0.316581	0.310928	0.291825	0.186641	0.186633	0.190146	0.197279	0.274853	0.271415	0.260176	0.245584	0.246579	0.236161	0.221819	0.222021	0.22402	0.228533	0.195158	0.193239	0.184715	0.190758	0.189619	0.195095	0.217647	0.221035	0.205108	0.202787	0.21057	0.211925	0.199444	0.212935	0.21548	0.208516	0.21777	0.207439	0.201715	0.220031	0.222363	0.35703	0.2299	0.215898	0.215797	0.269591	0.265962	0.276805	0.271156	0.260392	0.201507	0.211335	0.222637	0.193864	0.196092	0.19401	0.196546	0.204739	0.21484	0.203781	0.228184	0.218276	0.234052	0.198697	0.172787	0.217104	0.213186	0.335168	0.404691	0.416038	0.395653	0.481509	0.377298	0.381476	0.39152	0.386101	0.351976	0.31556	0.330039	0.328894	0.344885	0.350895	0.315092	0.258687	0.26088	0.259831	0.258736	0.294083	0.287293	0.385058	0.376834	0.388649	0.386709	0.401051	0.392924	0.3777	0.397127	0.397127	0.389088	0.319451	0.319175	0.292614	0.180446	0.178155	0.176887	0.182717	0.182813	0.218995	0.224915	0.222467	0.211986	0.204005	0.217238	0.217238	0.224013	0.2161	0.218367	0.227311	0.187719	0.181651	0.203453	0.214424	0.1975	0.216418	0.242615	0.248834	0.273202	0.183388	0.185893	0.187817	0.209372	0.176421	0.179769	0.18133	0.182024	0.171648	0.191765	0.1995
Eulacestoma_nigropectus	0.217138	0.118364	0.113137	0.123154	0.131647	0.121303	0.121846	0.119043	0.1355	0.14144	0.139607	0.134644	0.130042	0.141795	0.134266	0.147052	0.138733	0.138819	0.118732	0.140245	0.15467	0.140911	0.145282	0.139677	0.138764	0.114305	0.147795	0.146283	0.141195	0.148371	0.140618	0.142763	0.174369	0.171185	0.152291	0.143179	0.13439	0.148913	0.15912	0.141237	0.138742	0.130545	0.145405	0.159739	0.170984	0.142027	0.163699	0.144366	0.141608	0.138192	0.135246	0.122743	0.132708	0.140526	0.1275	0.138776	0.120831	0.116497	0.144674	0.12388	0.119142	0.123171	0.133456	0.131962	0.135899	0.13746	0.142326	0.148338	0.142038	0.134267	0.134788	0.134578	0.138967	0.134991	0.134862	0.182391	0.142974	0.144347	0.118922	0.131913	0.146683	0.129538	0.113028	0.118907	0.117944	0.102802	0.10707	0.101359	0.0726178	0.0835084	0.103265	0.0861973	0.0897866	0.0852759	0.0828719	0.0816678	0.100111	0.0769716	0.0811389	0.0958137	0.0950099	0.0858147	0.0883474	0.0766634	0.0922838	0.0664935	0.083277	0.0827128	0.091387	0.0848391	0.0798882	0.0864726	0.0676583	0	0.0787588	0.101264	0.0885148	0.108846	0.119832	0.101521	0.0934983	0.137658	0.157917	0.157704	0.138634	0.137824	0.158859	0.140515	0.150073	0.14462	0.210144	0.214689	0.22123	0.230007	0.226513	0.219961	0.208817	0.222734	0.212325	0.226122	0.22229	0.211867	0.2162	0.210296	0.23186	0.216632	0.201484	0.198933	0.207912	0.200829	0.261635	0.285815	0.279457	0.294675	0.348589	0.331953	0.28235	0.3023	0.28554	0.272353	0.284502	0.218214	0.221991	0.242182	0.23805	0.237548	0.24568	0.246824	0.252943	0.201151	0.282968	0.271089	0.273966	0.303594	0.230591	0.229459	0.207312	0.209687	0.222112	0.263379	0.242777	0.372196	0.26657	0.26762	0.280014	0.270257	0.247157	0.256643	0.236187	0.2336	0.263861	0.25893	0.298224	0.311388	0.322901	0.330002	0.324349	0.305246	0.200063	0.200055	0.203568	0.2107	0.288275	0.284836	0.273597	0.259006	0.26	0.249583	0.235241	0.235442	0.237442	0.241954	0.20858	0.206661	0.198136	0.20418	0.20304	0.208516	0.231068	0.234457	0.21853	0.216209	0.223992	0.225347	0.212865	0.226356	0.228901	0.221937	0.231191	0.220861	0.215137	0.233453	0.235784	0.370451	0.243322	0.229319	0.229218	0.283013	0.279383	0.290227	0.284577	0.273813	0.214929	0.224757	0.236058	0.207285	0.209514	0.207431	0.209968	0.21816	0.228261	0.217203	0.241605	0.231697	0.247474	0.212119	0.186208	0.230526	0.226607	0.348589	0.418112	0.42946	0.409074	0.494931	0.390719	0.394897	0.404941	0.399522	0.365397	0.328981	0.34346	0.342315	0.358306	0.364316	0.328513	0.272108	0.274302	0.273252	0.272157	0.307504	0.300714	0.39848	0.390256	0.402071	0.400131	0.414472	0.406345	0.391121	0.410548	0.410548	0.40251	0.332872	0.332596	0.306035	0.193868	0.191576	0.190309	0.196138	0.196235	0.232416	0.238337	0.235889	0.225408	0.217426	0.23066	0.23066	0.237434	0.229522	0.231789	0.240732	0.20114	0.195072	0.216875	0.227846	0.210921	0.229839	0.256036	0.262255	0.286624	0.196809	0.199314	0.201238	0.222793	0.189842	0.19319	0.194752	0.195445	0.18507	0.205187	0.212922
Mohoua_ochrocephala	0.2123	0.113527	0.108299	0.118316	0.126809	0.116465	0.117009	0.114205	0.130663	0.136603	0.134769	0.129807	0.125204	0.136957	0.129428	0.142214	0.133895	0.133981	0.113894	0.135407	0.149832	0.136073	0.140444	0.134839	0.133926	0.109467	0.142957	0.141446	0.136357	0.143533	0.13578	0.137926	0.169531	0.166347	0.147453	0.138341	0.129552	0.144075	0.154282	0.136399	0.133905	0.125707	0.140567	0.154901	0.166146	0.137189	0.158861	0.139528	0.13677	0.133354	0.130408	0.117905	0.12787	0.135688	0.122662	0.133938	0.115993	0.111659	0.139837	0.119042	0.114305	0.118333	0.128618	0.127124	0.131061	0.132622	0.137488	0.143501	0.1372	0.129429	0.12995	0.129741	0.134129	0.130153	0.130024	0.177554	0.138136	0.139509	0.114084	0.127076	0.141845	0.1247	0.10819	0.114069	0.113106	0.0979639	0.102232	0.0965212	0.06778	0.0786706	0.0984274	0.0813595	0.0849488	0.0804381	0.0780341	0.07683	0.0952733	0.0721338	0.0763011	0.0909759	0.0901721	0.0809769	0.0835096	0.0718256	0.087446	0.0640492	0.0808326	0.0803919	0.089066	0.0825182	0.0775673	0.0841517	0.0653374	0.0787588	0	0.0964265	0.083677	0.104008	0.114994	0.0966831	0.0886605	0.13282	0.153079	0.152866	0.133796	0.132986	0.154022	0.135677	0.145235	0.139782	0.205306	0.209852	0.216392	0.225169	0.221675	0.215124	0.203979	0.217896	0.207487	0.221284	0.217452	0.207029	0.211362	0.205458	0.227022	0.211795	0.196646	0.194095	0.203075	0.195991	0.256797	0.280977	0.274619	0.289837	0.343752	0.327115	0.277512	0.297462	0.280702	0.267515	0.279664	0.213376	0.217154	0.237345	0.233212	0.23271	0.240843	0.241987	0.248106	0.196314	0.278131	0.266251	0.269128	0.298756	0.225754	0.224621	0.202475	0.204849	0.217274	0.258541	0.23794	0.367358	0.261732	0.262782	0.275176	0.265419	0.242319	0.251805	0.231349	0.228762	0.259023	0.254093	0.293386	0.306551	0.318063	0.325164	0.319511	0.300408	0.195225	0.195217	0.19873	0.205862	0.283437	0.279998	0.268759	0.254168	0.255163	0.244745	0.230403	0.230605	0.232604	0.237116	0.203742	0.201823	0.193298	0.199342	0.198202	0.203678	0.22623	0.229619	0.213692	0.211371	0.219154	0.220509	0.208027	0.221518	0.224064	0.2171	0.226354	0.216023	0.210299	0.228615	0.230947	0.365613	0.238484	0.224482	0.22438	0.278175	0.274546	0.285389	0.279739	0.268975	0.210091	0.219919	0.23122	0.202448	0.204676	0.202593	0.20513	0.213323	0.223424	0.212365	0.236768	0.226859	0.242636	0.207281	0.18137	0.225688	0.221769	0.343752	0.413274	0.424622	0.404236	0.490093	0.385881	0.39006	0.400104	0.394684	0.360559	0.324144	0.338623	0.337477	0.353468	0.359479	0.323676	0.26727	0.269464	0.268414	0.267319	0.302667	0.295876	0.393642	0.385418	0.397233	0.395293	0.409635	0.401508	0.386283	0.405711	0.405711	0.397672	0.328034	0.327758	0.301198	0.18903	0.186738	0.185471	0.191301	0.191397	0.227578	0.233499	0.231051	0.22057	0.212589	0.225822	0.225822	0.232596	0.224684	0.226951	0.235894	0.196302	0.190234	0.212037	0.223008	0.206083	0.225001	0.251199	0.257417	0.281786	0.191972	0.194476	0.196401	0.217955	0.185004	0.188353	0.189914	0.190608	0.180232	0.200349	0.208084
Oriolus_oriolus	0.22742	0.128646	0.123419	0.133436	0.141929	0.131585	0.132128	0.129325	0.145782	0.151722	0.149889	0.144926	0.140324	0.152076	0.144548	0.157333	0.149015	0.149101	0.129014	0.150527	0.164952	0.151193	0.155564	0.149959	0.149046	0.124587	0.158076	0.156565	0.151477	0.158652	0.1509	0.153045	0.184651	0.181467	0.162573	0.153461	0.144672	0.159195	0.169402	0.151519	0.149024	0.140827	0.155687	0.170021	0.181266	0.152309	0.173981	0.154648	0.15189	0.148474	0.145527	0.133025	0.14299	0.150808	0.137782	0.149058	0.131113	0.126779	0.154956	0.134162	0.129424	0.133453	0.143738	0.142243	0.146181	0.147742	0.152608	0.15862	0.15232	0.144549	0.14507	0.14486	0.149248	0.145273	0.145144	0.192673	0.153256	0.154629	0.129204	0.142195	0.156965	0.13982	0.12331	0.129189	0.128226	0.113084	0.117351	0.111641	0.0902815	0.101172	0.120929	0.103861	0.107452	0.102942	0.100538	0.0993334	0.117777	0.0946372	0.0988046	0.113479	0.112676	0.10348	0.106013	0.0943291	0.109949	0.0865547	0.103338	0.102897	0.111571	0.105024	0.100073	0.106657	0.0878428	0.101264	0.0964265	0	0.0987967	0.119128	0.130113	0.111803	0.10378	0.14794	0.168199	0.167985	0.148915	0.148106	0.169141	0.150797	0.160355	0.154902	0.220425	0.224971	0.231512	0.240288	0.236795	0.230243	0.219099	0.233016	0.222607	0.236404	0.232572	0.222149	0.226481	0.220578	0.242141	0.226914	0.211766	0.209214	0.218194	0.211111	0.271917	0.296097	0.289738	0.304957	0.358871	0.342234	0.292632	0.312582	0.295821	0.282635	0.294784	0.228496	0.232273	0.252464	0.248332	0.24783	0.255962	0.257106	0.263225	0.211433	0.29325	0.281371	0.284247	0.313876	0.240873	0.239741	0.217594	0.219969	0.232394	0.273661	0.253059	0.382478	0.276852	0.277901	0.290296	0.280539	0.257439	0.266925	0.246469	0.243882	0.274142	0.269212	0.308506	0.32167	0.333183	0.340284	0.334631	0.315528	0.210345	0.210336	0.21385	0.220982	0.298557	0.295118	0.283879	0.269288	0.270282	0.259864	0.245522	0.245724	0.247724	0.252236	0.218862	0.216943	0.208418	0.214462	0.213322	0.218798	0.24135	0.244739	0.228812	0.226491	0.234273	0.235628	0.223147	0.236638	0.239183	0.232219	0.241473	0.231143	0.225419	0.243735	0.246066	0.380733	0.253603	0.239601	0.2395	0.293295	0.289665	0.300509	0.294859	0.284095	0.22521	0.235038	0.24634	0.217567	0.219795	0.217713	0.22025	0.228442	0.238543	0.227484	0.251887	0.241979	0.257756	0.222401	0.19649	0.240807	0.236889	0.358871	0.428394	0.439742	0.419356	0.505212	0.401001	0.405179	0.415223	0.409804	0.375679	0.339263	0.353742	0.352597	0.368588	0.374598	0.338795	0.28239	0.284584	0.283534	0.282439	0.317786	0.310996	0.408761	0.400537	0.412352	0.410413	0.424754	0.416627	0.401403	0.42083	0.42083	0.412791	0.343154	0.342878	0.316317	0.20415	0.201858	0.200591	0.20642	0.206517	0.242698	0.248618	0.24617	0.23569	0.227708	0.240941	0.240941	0.247716	0.239804	0.24207	0.251014	0.211422	0.205354	0.227157	0.238128	0.221203	0.240121	0.266318	0.272537	0.296906	0.207091	0.209596	0.21152	0.233075	0.200124	0.203472	0.205033	0.205727	0.195351	0.215468	0.223204
Pachycephala_philippinensis	0.209982	0.111208	0.10598	0.115998	0.124491	0.114147	0.11469	0.111887	0.128344	0.134284	0.132451	0.127488	0.122885	0.134638	0.12711	0.139895	0.131577	0.131663	0.111576	0.133088	0.147514	0.133755	0.138126	0.132521	0.131608	0.107149	0.140638	0.139127	0.134039	0.141214	0.133462	0.135607	0.167213	0.164029	0.145135	0.136023	0.127234	0.141757	0.151963	0.134081	0.131586	0.123389	0.138249	0.152582	0.163827	0.13487	0.156542	0.13721	0.134452	0.131036	0.128089	0.115587	0.125551	0.133369	0.120344	0.131619	0.113675	0.109341	0.137518	0.116724	0.111986	0.116015	0.126299	0.124805	0.128743	0.130303	0.13517	0.141182	0.134881	0.12711	0.127632	0.127422	0.13181	0.127834	0.127706	0.175235	0.135817	0.137191	0.111766	0.124757	0.139527	0.122381	0.105871	0.11175	0.110788	0.0956454	0.0999132	0.0942027	0.0775321	0.0884227	0.108179	0.0911115	0.0947029	0.0901922	0.0877882	0.086584	0.105027	0.0818878	0.0860551	0.10073	0.0999261	0.0907309	0.0932637	0.0815797	0.0972	0.0738052	0.0905887	0.0901479	0.0988221	0.0922742	0.0873233	0.0939077	0.0750934	0.0885148	0.083677	0.0987967	0	0.10169	0.112675	0.0943645	0.0863419	0.130502	0.150761	0.150547	0.131477	0.130667	0.151703	0.133358	0.142917	0.137464	0.202987	0.207533	0.214074	0.22285	0.219357	0.212805	0.20166	0.215578	0.205169	0.218966	0.215134	0.20471	0.209043	0.20314	0.224703	0.209476	0.194328	0.191776	0.200756	0.193673	0.254479	0.278658	0.2723	0.287519	0.341433	0.324796	0.275194	0.295143	0.278383	0.265197	0.277346	0.211058	0.214835	0.235026	0.230893	0.230391	0.238524	0.239668	0.245787	0.193995	0.275812	0.263932	0.266809	0.296438	0.223435	0.222303	0.200156	0.202531	0.214956	0.256223	0.235621	0.365039	0.259414	0.260463	0.272857	0.263101	0.240001	0.249486	0.22903	0.226444	0.256704	0.251774	0.291068	0.304232	0.315744	0.322846	0.317193	0.29809	0.192906	0.192898	0.196411	0.203544	0.281119	0.27768	0.266441	0.251849	0.252844	0.242426	0.228084	0.228286	0.230285	0.234798	0.201424	0.199504	0.19098	0.197024	0.195884	0.20136	0.223912	0.227301	0.211373	0.209052	0.216835	0.21819	0.205709	0.2192	0.221745	0.214781	0.224035	0.213704	0.20798	0.226296	0.228628	0.363295	0.236165	0.222163	0.222062	0.275856	0.272227	0.283071	0.277421	0.266657	0.207772	0.2176	0.228902	0.200129	0.202357	0.200275	0.202812	0.211004	0.221105	0.210046	0.234449	0.224541	0.240318	0.204963	0.179052	0.223369	0.219451	0.341433	0.410956	0.422303	0.401918	0.487774	0.383563	0.387741	0.397785	0.392366	0.358241	0.321825	0.336304	0.335159	0.35115	0.35716	0.321357	0.264952	0.267145	0.266096	0.265001	0.300348	0.293558	0.391323	0.383099	0.394914	0.392975	0.407316	0.399189	0.383965	0.403392	0.403392	0.395353	0.325716	0.32544	0.298879	0.186711	0.18442	0.183152	0.188982	0.189078	0.22526	0.23118	0.228732	0.218252	0.21027	0.223503	0.223503	0.230278	0.222365	0.224632	0.233576	0.193984	0.187916	0.209719	0.220689	0.203765	0.222683	0.24888	0.255099	0.279467	0.189653	0.192158	0.194082	0.215637	0.182686	0.186034	0.187595	0.188289	0.177913	0.19803	0.205765
Orthonyx_spaldingii	0.218055	0.121689	0.116461	0.126479	0.134971	0.124628	0.125171	0.122368	0.138825	0.144765	0.142932	0.137969	0.133366	0.145119	0.137591	0.150376	0.142058	0.142144	0.122057	0.143569	0.157994	0.144236	0.148607	0.143002	0.142088	0.11763	0.151119	0.149608	0.14452	0.151695	0.143942	0.146088	0.177693	0.17451	0.155615	0.146504	0.137715	0.152237	0.162444	0.144562	0.142067	0.13387	0.14873	0.163063	0.174308	0.145351	0.167023	0.147691	0.144932	0.141517	0.13857	0.126068	0.136032	0.14385	0.130824	0.1421	0.124156	0.119822	0.147999	0.127205	0.122467	0.126496	0.13678	0.135286	0.139224	0.140784	0.145651	0.151663	0.145362	0.137591	0.138113	0.137903	0.142291	0.138315	0.138187	0.185716	0.146298	0.147672	0.122247	0.135238	0.150007	0.132862	0.116352	0.122231	0.121268	0.106126	0.110394	0.104683	0.0978633	0.108754	0.128511	0.111443	0.115034	0.110523	0.108119	0.106915	0.125359	0.102219	0.106386	0.121061	0.120257	0.111062	0.113595	0.101911	0.117531	0.0941365	0.11092	0.110479	0.119153	0.112605	0.107655	0.114239	0.0954247	0.108846	0.104008	0.119128	0.10169	0	0.118264	0.102436	0.0944151	0.138575	0.158834	0.15862	0.13955	0.138741	0.159776	0.141432	0.15099	0.145537	0.21106	0.215606	0.222147	0.230923	0.22743	0.220878	0.209734	0.223651	0.213242	0.227039	0.223207	0.212784	0.217117	0.211213	0.232776	0.217549	0.202401	0.199849	0.208829	0.201746	0.262552	0.286732	0.280373	0.295592	0.349506	0.332869	0.283267	0.303217	0.286457	0.27327	0.285419	0.219131	0.222908	0.243099	0.238967	0.238465	0.246597	0.247741	0.25386	0.202068	0.283885	0.272006	0.274882	0.304511	0.231508	0.230376	0.208229	0.210604	0.223029	0.264296	0.243694	0.373113	0.267487	0.268536	0.280931	0.271174	0.248074	0.25756	0.237104	0.234517	0.264778	0.259847	0.299141	0.312305	0.323818	0.330919	0.325266	0.306163	0.20098	0.200971	0.204485	0.211617	0.289192	0.285753	0.274514	0.259923	0.260917	0.2505	0.236158	0.236359	0.238359	0.242871	0.209497	0.207578	0.199053	0.205097	0.203957	0.209433	0.231985	0.235374	0.219447	0.217126	0.224909	0.226263	0.213782	0.227273	0.229818	0.222854	0.232108	0.221778	0.216054	0.23437	0.236701	0.371368	0.244238	0.230236	0.230135	0.28393	0.2803	0.291144	0.285494	0.27473	0.215845	0.225673	0.236975	0.208202	0.21043	0.208348	0.210885	0.219077	0.229178	0.21812	0.242522	0.232614	0.248391	0.213036	0.187125	0.231443	0.227524	0.349506	0.419029	0.430377	0.409991	0.495847	0.391636	0.395814	0.405858	0.400439	0.366314	0.329898	0.344377	0.343232	0.359223	0.365233	0.32943	0.273025	0.275219	0.274169	0.273074	0.308421	0.301631	0.399397	0.391172	0.402987	0.401048	0.415389	0.407262	0.392038	0.411465	0.411465	0.403426	0.333789	0.333513	0.306952	0.194785	0.192493	0.191226	0.197055	0.197152	0.233333	0.239254	0.236806	0.226325	0.218343	0.231576	0.231576	0.238351	0.230439	0.232705	0.241649	0.202057	0.195989	0.217792	0.228763	0.211838	0.230756	0.256953	0.263172	0.287541	0.197726	0.200231	0.202155	0.22371	0.190759	0.194107	0.195668	0.196362	0.185986	0.206103	0.213839
Pomatostomus_ruficeps	0.22904	0.132674	0.127447	0.137464	0.145957	0.135613	0.136156	0.133353	0.14981	0.15575	0.153917	0.148954	0.144352	0.156105	0.148576	0.161362	0.153043	0.153129	0.133042	0.154555	0.16898	0.155221	0.159592	0.153987	0.153074	0.128615	0.162105	0.160593	0.155505	0.162681	0.154928	0.157073	0.188679	0.185495	0.166601	0.157489	0.1487	0.163223	0.17343	0.155547	0.153052	0.144855	0.159715	0.174049	0.185294	0.156337	0.178009	0.158676	0.155918	0.152502	0.149555	0.137053	0.147018	0.154836	0.14181	0.153086	0.135141	0.130807	0.158984	0.13819	0.133452	0.137481	0.147766	0.146272	0.150209	0.15177	0.156636	0.162648	0.156348	0.148577	0.149098	0.148888	0.153277	0.149301	0.149172	0.196701	0.157284	0.158657	0.133232	0.146223	0.160993	0.143848	0.127338	0.133217	0.132254	0.117112	0.121379	0.115669	0.108849	0.119739	0.139496	0.122428	0.12602	0.121509	0.119105	0.117901	0.136344	0.113205	0.117372	0.132047	0.131243	0.122048	0.12458	0.112896	0.128517	0.105122	0.121905	0.121465	0.130139	0.123591	0.11864	0.125224	0.10641	0.119832	0.114994	0.130113	0.112675	0.118264	0	0.113421	0.105401	0.14956	0.169819	0.169606	0.150536	0.149726	0.170762	0.152417	0.161975	0.156522	0.222046	0.226592	0.233133	0.241909	0.238416	0.231864	0.220719	0.234636	0.224227	0.238024	0.234192	0.223769	0.228102	0.222198	0.243762	0.228535	0.213387	0.210835	0.219815	0.212731	0.273538	0.297717	0.291359	0.306578	0.360492	0.343855	0.294252	0.314202	0.297442	0.284256	0.296405	0.230117	0.233894	0.254085	0.249952	0.24945	0.257583	0.258727	0.264846	0.213054	0.294871	0.282991	0.285868	0.315496	0.242494	0.241361	0.219215	0.221589	0.234014	0.275281	0.25468	0.384098	0.278473	0.279522	0.291916	0.282159	0.25906	0.268545	0.248089	0.245502	0.275763	0.270833	0.310127	0.323291	0.334803	0.341905	0.336251	0.317149	0.211965	0.211957	0.21547	0.222602	0.300177	0.296738	0.2855	0.270908	0.271903	0.261485	0.247143	0.247345	0.249344	0.253856	0.220482	0.218563	0.210038	0.216082	0.214942	0.220418	0.242971	0.246359	0.230432	0.228111	0.235894	0.237249	0.224767	0.238258	0.240804	0.23384	0.243094	0.232763	0.227039	0.245355	0.247687	0.382354	0.255224	0.241222	0.24112	0.294915	0.291286	0.302129	0.29648	0.285716	0.226831	0.236659	0.247961	0.219188	0.221416	0.219333	0.22187	0.230063	0.240164	0.229105	0.253508	0.2436	0.259376	0.224021	0.19811	0.242428	0.23851	0.360492	0.430014	0.441362	0.420976	0.506833	0.402621	0.4068	0.416844	0.411425	0.3773	0.340884	0.355363	0.354218	0.370208	0.376219	0.340416	0.284011	0.286204	0.285154	0.284059	0.319407	0.312617	0.410382	0.402158	0.413973	0.412033	0.426375	0.418248	0.403024	0.422451	0.422451	0.414412	0.344774	0.344498	0.317938	0.20577	0.203478	0.202211	0.208041	0.208137	0.244319	0.250239	0.247791	0.23731	0.229329	0.242562	0.242562	0.249336	0.241424	0.243691	0.252635	0.213043	0.206975	0.228777	0.239748	0.222823	0.241741	0.267939	0.274158	0.298526	0.208712	0.211216	0.213141	0.234695	0.201745	0.205093	0.206654	0.207348	0.196972	0.217089	0.224824
Ptilorrhoa_leucosticta	0.21073	0.114364	0.109136	0.119153	0.127646	0.117302	0.117846	0.115043	0.1315	0.13744	0.135606	0.130644	0.126041	0.137794	0.130265	0.143051	0.134732	0.134818	0.114731	0.136244	0.150669	0.13691	0.141281	0.135676	0.134763	0.110304	0.143794	0.142283	0.137194	0.14437	0.136617	0.138763	0.170368	0.167184	0.14829	0.139178	0.130389	0.144912	0.155119	0.137236	0.134742	0.126544	0.141405	0.155738	0.166983	0.138026	0.159698	0.140365	0.137607	0.134191	0.131245	0.118742	0.128707	0.136525	0.123499	0.134775	0.11683	0.112496	0.140674	0.119879	0.115142	0.11917	0.129455	0.127961	0.131898	0.133459	0.138325	0.144338	0.138037	0.130266	0.130787	0.130578	0.134966	0.13099	0.130861	0.178391	0.138973	0.140346	0.114921	0.127913	0.142682	0.125537	0.109027	0.114906	0.113943	0.098801	0.103069	0.0973583	0.0905381	0.101429	0.121185	0.104118	0.107709	0.103198	0.100794	0.09959	0.118033	0.0948938	0.0990611	0.113736	0.112932	0.103737	0.10627	0.0945857	0.110206	0.0868113	0.103595	0.103154	0.111828	0.10528	0.100329	0.106914	0.0880994	0.101521	0.0966831	0.111803	0.0943645	0.102436	0.113421	0	0.0870899	0.13125	0.151509	0.151295	0.132225	0.131415	0.152451	0.134106	0.143665	0.138212	0.203735	0.208281	0.214822	0.223598	0.220105	0.213553	0.202408	0.216326	0.205917	0.219714	0.215882	0.205458	0.209791	0.203888	0.225451	0.210224	0.195076	0.192524	0.201504	0.194421	0.255227	0.279406	0.273048	0.288267	0.342181	0.325544	0.275942	0.295891	0.279131	0.265945	0.278094	0.211806	0.215583	0.235774	0.231641	0.231139	0.239272	0.240416	0.246535	0.194743	0.27656	0.26468	0.267557	0.297186	0.224183	0.223051	0.200904	0.203279	0.215704	0.256971	0.236369	0.365787	0.260162	0.261211	0.273605	0.263849	0.240749	0.250234	0.229778	0.227192	0.257452	0.252522	0.291816	0.30498	0.316492	0.323594	0.317941	0.298838	0.193654	0.193646	0.197159	0.204292	0.281867	0.278428	0.267189	0.252597	0.253592	0.243174	0.228832	0.229034	0.231033	0.235546	0.202172	0.200252	0.191728	0.197772	0.196632	0.202108	0.22466	0.228049	0.212121	0.2098	0.217583	0.218938	0.206457	0.219948	0.222493	0.215529	0.224783	0.214452	0.208728	0.227044	0.229376	0.364043	0.236913	0.222911	0.22281	0.276604	0.272975	0.283819	0.278169	0.267405	0.20852	0.218348	0.22965	0.200877	0.203105	0.201023	0.20356	0.211752	0.221853	0.210794	0.235197	0.225289	0.241065	0.205711	0.1798	0.224117	0.220199	0.342181	0.411704	0.423051	0.402666	0.488522	0.384311	0.388489	0.398533	0.393114	0.358989	0.322573	0.337052	0.335907	0.351898	0.357908	0.322105	0.2657	0.267893	0.266844	0.265749	0.301096	0.294306	0.392071	0.383847	0.395662	0.393723	0.408064	0.399937	0.384713	0.40414	0.40414	0.396101	0.326464	0.326188	0.299627	0.187459	0.185168	0.1839	0.18973	0.189826	0.226008	0.231928	0.22948	0.219	0.211018	0.224251	0.224251	0.231026	0.223113	0.22538	0.234324	0.194732	0.188664	0.210466	0.221437	0.204513	0.223431	0.249628	0.255847	0.280215	0.190401	0.192906	0.19483	0.216385	0.183434	0.186782	0.188343	0.189037	0.178661	0.198778	0.206513
Cnemophilus_loriae	0.201055	0.106341	0.101113	0.111131	0.119624	0.10928	0.109823	0.10702	0.123477	0.129417	0.127584	0.122621	0.118018	0.129771	0.122243	0.135028	0.12671	0.126796	0.106709	0.128221	0.142647	0.128888	0.133259	0.127654	0.126741	0.102282	0.135771	0.13426	0.129172	0.136347	0.128595	0.13074	0.162346	0.159162	0.140268	0.131156	0.122367	0.13689	0.147096	0.129214	0.126719	0.118522	0.133382	0.147715	0.15896	0.130003	0.151675	0.132343	0.129585	0.126169	0.123222	0.11072	0.120684	0.128502	0.115477	0.126752	0.108808	0.104474	0.132651	0.111857	0.107119	0.111148	0.121432	0.119938	0.123876	0.125436	0.130303	0.136315	0.130014	0.122243	0.122765	0.122555	0.126943	0.122967	0.122839	0.170368	0.13095	0.132324	0.106899	0.11989	0.13466	0.117514	0.101004	0.106883	0.105921	0.0907784	0.0950462	0.0893357	0.0825155	0.0934061	0.113163	0.096095	0.0996863	0.0951756	0.0927716	0.0915674	0.110011	0.0868712	0.0910385	0.105713	0.10491	0.0957144	0.0982471	0.0865631	0.102183	0.0787887	0.0955721	0.0951313	0.103805	0.0972576	0.0923067	0.0988911	0.0800768	0.0934983	0.0886605	0.10378	0.0863419	0.0944151	0.105401	0.0870899	0	0.121575	0.141834	0.14162	0.12255	0.121741	0.142776	0.124432	0.13399	0.128537	0.19406	0.198606	0.205147	0.213923	0.21043	0.203878	0.192734	0.206651	0.196242	0.210039	0.206207	0.195784	0.200117	0.194213	0.215776	0.200549	0.185401	0.182849	0.191829	0.184746	0.245552	0.269732	0.263373	0.278592	0.332506	0.315869	0.266267	0.286217	0.269456	0.25627	0.268419	0.202131	0.205908	0.226099	0.221967	0.221465	0.229597	0.230741	0.23686	0.185068	0.266885	0.255006	0.257882	0.287511	0.214508	0.213376	0.191229	0.193604	0.206029	0.247296	0.226694	0.356113	0.250487	0.251536	0.263931	0.254174	0.231074	0.24056	0.220104	0.217517	0.247778	0.242847	0.282141	0.295305	0.306818	0.313919	0.308266	0.289163	0.18398	0.183971	0.187485	0.194617	0.272192	0.268753	0.257514	0.242923	0.243917	0.2335	0.219158	0.219359	0.221359	0.225871	0.192497	0.190578	0.182053	0.188097	0.186957	0.192433	0.214985	0.218374	0.202447	0.200126	0.207909	0.209263	0.196782	0.210273	0.212818	0.205854	0.215108	0.204778	0.199054	0.21737	0.219701	0.354368	0.227238	0.213236	0.213135	0.26693	0.2633	0.274144	0.268494	0.25773	0.198845	0.208673	0.219975	0.191202	0.19343	0.191348	0.193885	0.202077	0.212178	0.201119	0.225522	0.215614	0.231391	0.196036	0.170125	0.214442	0.210524	0.332506	0.402029	0.413377	0.392991	0.478847	0.374636	0.378814	0.388858	0.383439	0.349314	0.312898	0.327377	0.326232	0.342223	0.348233	0.31243	0.256025	0.258219	0.257169	0.256074	0.291421	0.284631	0.382397	0.374172	0.385987	0.384048	0.398389	0.390262	0.375038	0.394465	0.394465	0.386426	0.316789	0.316513	0.289952	0.177785	0.175493	0.174226	0.180055	0.180152	0.216333	0.222254	0.219805	0.209325	0.201343	0.214576	0.214576	0.221351	0.213439	0.215705	0.224649	0.185057	0.178989	0.200792	0.211763	0.194838	0.213756	0.239953	0.246172	0.270541	0.180726	0.183231	0.185155	0.20671	0.173759	0.177107	0.178668	0.179362	0.168986	0.189103	0.196839
Dasyornis_broadbenti	0.217926	0.150501	0.145273	0.15529	0.163783	0.153439	0.153983	0.15118	0.167637	0.173577	0.171743	0.166781	0.162178	0.173931	0.166402	0.179188	0.17087	0.170956	0.150869	0.172381	0.186806	0.173047	0.177419	0.171813	0.1709	0.146441	0.179931	0.17842	0.173332	0.180507	0.172754	0.1749	0.206505	0.203322	0.184427	0.175316	0.166526	0.181049	0.191256	0.173374	0.170879	0.162682	0.177542	0.191875	0.20312	0.174163	0.195835	0.176503	0.173744	0.170328	0.167382	0.15488	0.164844	0.172662	0.159636	0.170912	0.152968	0.148634	0.176811	0.156016	0.151279	0.155307	0.165592	0.164098	0.168036	0.169596	0.174463	0.180475	0.174174	0.166403	0.166925	0.166715	0.171103	0.167127	0.166998	0.214528	0.17511	0.176484	0.151058	0.16405	0.178819	0.161674	0.145164	0.151043	0.15008	0.134938	0.139206	0.133495	0.126675	0.137566	0.157323	0.140255	0.143846	0.139335	0.136931	0.135727	0.154171	0.131031	0.135198	0.149873	0.149069	0.139874	0.142407	0.130723	0.146343	0.122948	0.139732	0.139291	0.147965	0.141417	0.136466	0.143051	0.124237	0.137658	0.13282	0.14794	0.130502	0.138575	0.14956	0.13125	0.121575	0	0.111439	0.115513	0.0964452	0.0956352	0.159647	0.141303	0.150861	0.145408	0.210932	0.215478	0.222018	0.230795	0.227301	0.22075	0.209605	0.223522	0.213113	0.22691	0.223078	0.212655	0.216988	0.211084	0.232648	0.21742	0.202272	0.199721	0.2087	0.201617	0.262423	0.286603	0.280245	0.295463	0.349378	0.332741	0.283138	0.303088	0.286328	0.273141	0.28529	0.219002	0.222779	0.24297	0.238838	0.238336	0.246468	0.247612	0.253731	0.20194	0.283756	0.271877	0.274754	0.304382	0.23138	0.230247	0.2081	0.210475	0.2229	0.264167	0.243565	0.372984	0.267358	0.268408	0.280802	0.271045	0.247945	0.257431	0.236975	0.234388	0.264649	0.259718	0.299012	0.312177	0.323689	0.33079	0.325137	0.306034	0.200851	0.200843	0.204356	0.211488	0.289063	0.285624	0.274385	0.259794	0.260789	0.250371	0.236029	0.236231	0.23823	0.242742	0.209368	0.207449	0.198924	0.204968	0.203828	0.209304	0.231856	0.235245	0.219318	0.216997	0.22478	0.226135	0.213653	0.227144	0.229689	0.222725	0.23198	0.221649	0.215925	0.234241	0.236572	0.371239	0.24411	0.230108	0.230006	0.283801	0.280171	0.291015	0.285365	0.274601	0.215717	0.225545	0.236846	0.208073	0.210302	0.208219	0.210756	0.218949	0.229049	0.217991	0.242394	0.232485	0.248262	0.212907	0.186996	0.231314	0.227395	0.349378	0.4189	0.430248	0.409862	0.495719	0.391507	0.395685	0.405729	0.40031	0.366185	0.329769	0.344249	0.343103	0.359094	0.365104	0.329302	0.272896	0.27509	0.27404	0.272945	0.308292	0.301502	0.399268	0.391044	0.402859	0.400919	0.41526	0.407133	0.391909	0.411336	0.411336	0.403298	0.33366	0.333384	0.306824	0.194656	0.192364	0.191097	0.196926	0.197023	0.233204	0.239125	0.236677	0.226196	0.218214	0.231448	0.231448	0.238222	0.23031	0.232577	0.24152	0.201928	0.19586	0.217663	0.228634	0.211709	0.230627	0.256824	0.263043	0.287412	0.197597	0.200102	0.202027	0.223581	0.19063	0.193978	0.19554	0.196234	0.185858	0.205975	0.21371
Malurus_elegans	0.238185	0.17076	0.165532	0.17555	0.184042	0.173699	0.174242	0.171439	0.187896	0.193836	0.192003	0.18704	0.182437	0.19419	0.186662	0.199447	0.191129	0.191215	0.171128	0.19264	0.207065	0.193307	0.197678	0.192073	0.191159	0.166701	0.20019	0.198679	0.193591	0.200766	0.193013	0.195159	0.226764	0.223581	0.204686	0.195575	0.186786	0.201308	0.211515	0.193633	0.191138	0.182941	0.197801	0.212134	0.223379	0.194422	0.216094	0.196762	0.194003	0.190588	0.187641	0.175139	0.185103	0.192921	0.179895	0.191171	0.173227	0.168893	0.19707	0.176276	0.171538	0.175567	0.185851	0.184357	0.188295	0.189855	0.194722	0.200734	0.194433	0.186662	0.187184	0.186974	0.191362	0.187386	0.187258	0.234787	0.195369	0.196743	0.171318	0.184309	0.199078	0.181933	0.165423	0.171302	0.170339	0.155197	0.159465	0.153755	0.146934	0.157825	0.177582	0.160514	0.164105	0.159594	0.15719	0.155986	0.17443	0.15129	0.155457	0.170132	0.169328	0.160133	0.162666	0.150982	0.166602	0.143208	0.159991	0.15955	0.168224	0.161676	0.156726	0.16331	0.144496	0.157917	0.153079	0.168199	0.150761	0.158834	0.169819	0.151509	0.141834	0.111439	0	0.135772	0.116704	0.115894	0.179907	0.161562	0.17112	0.165667	0.231191	0.235737	0.242277	0.251054	0.24756	0.241009	0.229864	0.243781	0.233372	0.247169	0.243337	0.232914	0.237247	0.231343	0.252907	0.23768	0.222531	0.21998	0.22896	0.221876	0.282682	0.306862	0.300504	0.315722	0.369637	0.353	0.303397	0.323347	0.306587	0.2934	0.305549	0.239261	0.243039	0.26323	0.259097	0.258595	0.266728	0.267872	0.273991	0.222199	0.304016	0.292136	0.295013	0.324641	0.251639	0.250506	0.22836	0.230734	0.243159	0.284426	0.263825	0.393243	0.287617	0.288667	0.301061	0.291304	0.268204	0.27769	0.257234	0.254647	0.284908	0.279978	0.319271	0.332436	0.343948	0.351049	0.345396	0.326293	0.22111	0.221102	0.224615	0.231747	0.309322	0.305883	0.294644	0.280053	0.281048	0.27063	0.256288	0.25649	0.258489	0.263001	0.229627	0.227708	0.219183	0.225227	0.224087	0.229563	0.252115	0.255504	0.239577	0.237256	0.245039	0.246394	0.233912	0.247403	0.249949	0.242985	0.252239	0.241908	0.236184	0.2545	0.256832	0.391498	0.264369	0.250367	0.250265	0.30406	0.300431	0.311274	0.305624	0.29486	0.235976	0.245804	0.257105	0.228333	0.230561	0.228478	0.231015	0.239208	0.249309	0.23825	0.262653	0.252744	0.268521	0.233166	0.207255	0.251573	0.247654	0.369637	0.439159	0.450507	0.430121	0.515978	0.411766	0.415945	0.425989	0.420569	0.386444	0.350029	0.364508	0.363362	0.379353	0.385364	0.349561	0.293155	0.295349	0.294299	0.293204	0.328552	0.321761	0.419527	0.411303	0.423118	0.421178	0.43552	0.427393	0.412168	0.431596	0.431596	0.423557	0.353919	0.353643	0.327083	0.214915	0.212623	0.211356	0.217186	0.217282	0.253463	0.259384	0.256936	0.246455	0.238474	0.251707	0.251707	0.258481	0.250569	0.252836	0.261779	0.222187	0.216119	0.237922	0.248893	0.231968	0.250886	0.277084	0.283302	0.307671	0.217857	0.220361	0.222286	0.24384	0.210889	0.214238	0.215799	0.216493	0.206117	0.226234	0.233969
Grantiella_picta	0.237972	0.170546	0.165319	0.175336	0.183829	0.173485	0.174028	0.171225	0.187682	0.193622	0.191789	0.186826	0.182224	0.193977	0.186448	0.199234	0.190915	0.191001	0.170914	0.192427	0.206852	0.193093	0.197464	0.191859	0.190946	0.166487	0.199977	0.198465	0.193377	0.200553	0.1928	0.194945	0.226551	0.223367	0.204473	0.195361	0.186572	0.201095	0.211302	0.193419	0.190924	0.182727	0.197587	0.211921	0.223166	0.194209	0.215881	0.196548	0.19379	0.190374	0.187427	0.174925	0.18489	0.192708	0.179682	0.190958	0.173013	0.168679	0.196856	0.176062	0.171324	0.175353	0.185638	0.184144	0.188081	0.189642	0.194508	0.20052	0.19422	0.186449	0.18697	0.18676	0.191149	0.187173	0.187044	0.234573	0.195156	0.196529	0.171104	0.184095	0.198865	0.18172	0.16521	0.171089	0.170126	0.154984	0.159252	0.153541	0.146721	0.157611	0.177368	0.1603	0.163892	0.159381	0.156977	0.155773	0.174216	0.151077	0.155244	0.169919	0.169115	0.15992	0.162452	0.150768	0.166389	0.142994	0.159777	0.159337	0.168011	0.161463	0.156512	0.163096	0.144282	0.157704	0.152866	0.167985	0.150547	0.15862	0.169606	0.151295	0.14162	0.115513	0.135772	0	0.116491	0.115681	0.179693	0.161348	0.170907	0.165454	0.230977	0.235523	0.242064	0.25084	0.247347	0.240795	0.22965	0.243568	0.233159	0.246956	0.243124	0.2327	0.237033	0.23113	0.252693	0.237466	0.222318	0.219766	0.228746	0.221663	0.282469	0.306648	0.30029	0.315509	0.369423	0.352786	0.303184	0.323133	0.306373	0.293187	0.305336	0.239048	0.242825	0.263016	0.258883	0.258381	0.266514	0.267658	0.273777	0.221985	0.303802	0.291922	0.294799	0.324428	0.251425	0.250293	0.228146	0.230521	0.242946	0.284213	0.263611	0.393029	0.287404	0.288453	0.300847	0.291091	0.267991	0.277476	0.25702	0.254434	0.284694	0.279764	0.319058	0.332222	0.343734	0.350836	0.345183	0.32608	0.220896	0.220888	0.224401	0.231534	0.309109	0.30567	0.294431	0.279839	0.280834	0.270416	0.256074	0.256276	0.258275	0.262788	0.229414	0.227494	0.21897	0.225014	0.223874	0.22935	0.251902	0.255291	0.239363	0.237042	0.244825	0.24618	0.233699	0.24719	0.249735	0.242771	0.252025	0.241694	0.23597	0.254286	0.256618	0.391285	0.264155	0.250153	0.250052	0.303846	0.300217	0.311061	0.305411	0.294647	0.235762	0.24559	0.256892	0.228119	0.230347	0.228265	0.230802	0.238994	0.249095	0.238036	0.262439	0.252531	0.268308	0.232953	0.207042	0.251359	0.247441	0.369423	0.438946	0.450293	0.429908	0.515764	0.411553	0.415731	0.425775	0.420356	0.386231	0.349815	0.364294	0.363149	0.37914	0.38515	0.349347	0.292942	0.295135	0.294086	0.292991	0.328338	0.321548	0.419313	0.411089	0.422904	0.420965	0.435306	0.427179	0.411955	0.431382	0.431382	0.423343	0.353706	0.35343	0.326869	0.214701	0.21241	0.211142	0.216972	0.217068	0.25325	0.25917	0.256722	0.246242	0.23826	0.251493	0.251493	0.258268	0.250355	0.252622	0.261566	0.221974	0.215906	0.237709	0.248679	0.231755	0.250673	0.27687	0.283089	0.307457	0.217643	0.220148	0.222072	0.243627	0.210676	0.214024	0.215585	0.216279	0.205903	0.22602	0.233755
Origma_solitaria	0.218902	0.151476	0.146249	0.156266	0.164759	0.154415	0.154958	0.152155	0.168612	0.174552	0.172719	0.167756	0.163154	0.174907	0.167378	0.180164	0.171845	0.171931	0.151844	0.173357	0.187782	0.174023	0.178394	0.172789	0.171876	0.147417	0.180907	0.179395	0.174307	0.181483	0.17373	0.175875	0.207481	0.204297	0.185403	0.176291	0.167502	0.182025	0.192232	0.174349	0.171854	0.163657	0.178517	0.192851	0.204096	0.175139	0.196811	0.177478	0.17472	0.171304	0.168358	0.155855	0.16582	0.173638	0.160612	0.171888	0.153943	0.149609	0.177786	0.156992	0.152254	0.156283	0.166568	0.165074	0.169011	0.170572	0.175438	0.18145	0.17515	0.167379	0.1679	0.16769	0.172079	0.168103	0.167974	0.215503	0.176086	0.177459	0.152034	0.165025	0.179795	0.16265	0.14614	0.152019	0.151056	0.135914	0.140182	0.134471	0.127651	0.138541	0.158298	0.14123	0.144822	0.140311	0.137907	0.136703	0.155146	0.132007	0.136174	0.150849	0.150045	0.14085	0.143382	0.131698	0.147319	0.123924	0.140707	0.140267	0.148941	0.142393	0.137442	0.144026	0.125212	0.138634	0.133796	0.148915	0.131477	0.13955	0.150536	0.132225	0.12255	0.0964452	0.116704	0.116491	0	0.0878572	0.160623	0.142278	0.151837	0.146384	0.211907	0.216453	0.222994	0.23177	0.228277	0.221725	0.21058	0.224498	0.214089	0.227886	0.224054	0.21363	0.217963	0.21206	0.233623	0.218396	0.203248	0.200696	0.209676	0.202593	0.263399	0.287579	0.28122	0.296439	0.350353	0.333716	0.284114	0.304063	0.287303	0.274117	0.286266	0.219978	0.223755	0.243946	0.239813	0.239311	0.247444	0.248588	0.254707	0.202915	0.284732	0.272852	0.275729	0.305358	0.232355	0.231223	0.209076	0.211451	0.223876	0.265143	0.244541	0.373959	0.268334	0.269383	0.281777	0.272021	0.248921	0.258406	0.23795	0.235364	0.265624	0.260694	0.299988	0.313152	0.324664	0.331766	0.326113	0.30701	0.201826	0.201818	0.205331	0.212464	0.290039	0.2866	0.275361	0.260769	0.261764	0.251346	0.237004	0.237206	0.239205	0.243718	0.210344	0.208424	0.1999	0.205944	0.204804	0.21028	0.232832	0.236221	0.220293	0.217972	0.225755	0.22711	0.214629	0.22812	0.230665	0.223701	0.232955	0.222624	0.2169	0.235216	0.237548	0.372215	0.245085	0.231083	0.230982	0.284776	0.281147	0.291991	0.286341	0.275577	0.216692	0.22652	0.237822	0.209049	0.211277	0.209195	0.211732	0.219924	0.230025	0.218966	0.243369	0.233461	0.249238	0.213883	0.187972	0.232289	0.228371	0.350353	0.419876	0.431223	0.410838	0.496694	0.392483	0.396661	0.406705	0.401286	0.367161	0.330745	0.345224	0.344079	0.36007	0.36608	0.330277	0.273872	0.276065	0.275016	0.273921	0.309268	0.302478	0.400243	0.392019	0.403834	0.401895	0.416236	0.408109	0.392885	0.412312	0.412312	0.404273	0.334636	0.33436	0.307799	0.195632	0.19334	0.192072	0.197902	0.197999	0.23418	0.2401	0.237652	0.227172	0.21919	0.232423	0.232423	0.239198	0.231285	0.233552	0.242496	0.202904	0.196836	0.218639	0.229609	0.212685	0.231603	0.2578	0.264019	0.288387	0.198573	0.201078	0.203002	0.224557	0.191606	0.194954	0.196515	0.197209	0.186833	0.20695	0.214685
Pardalotus_punctatus	0.218092	0.150666	0.145439	0.155456	0.163949	0.153605	0.154148	0.151345	0.167802	0.173743	0.171909	0.166947	0.162344	0.174097	0.166568	0.179354	0.171035	0.171121	0.151034	0.172547	0.186972	0.173213	0.177584	0.171979	0.171066	0.146607	0.180097	0.178586	0.173497	0.180673	0.17292	0.175065	0.206671	0.203487	0.184593	0.175481	0.166692	0.181215	0.191422	0.173539	0.171044	0.162847	0.177707	0.192041	0.203286	0.174329	0.196001	0.176668	0.17391	0.170494	0.167548	0.155045	0.16501	0.172828	0.159802	0.171078	0.153133	0.148799	0.176977	0.156182	0.151444	0.155473	0.165758	0.164264	0.168201	0.169762	0.174628	0.18064	0.17434	0.166569	0.16709	0.16688	0.171269	0.167293	0.167164	0.214693	0.175276	0.176649	0.151224	0.164215	0.178985	0.16184	0.14533	0.151209	0.150246	0.135104	0.139372	0.133661	0.126841	0.137731	0.157488	0.14042	0.144012	0.139501	0.137097	0.135893	0.154336	0.131197	0.135364	0.150039	0.149235	0.14004	0.142572	0.130889	0.146509	0.123114	0.139898	0.139457	0.148131	0.141583	0.136632	0.143217	0.124402	0.137824	0.132986	0.148106	0.130667	0.138741	0.149726	0.131415	0.121741	0.0956352	0.115894	0.115681	0.0878572	0	0.159813	0.141469	0.151027	0.145574	0.211097	0.215643	0.222184	0.23096	0.227467	0.220915	0.209771	0.223688	0.213279	0.227076	0.223244	0.212821	0.217153	0.21125	0.232813	0.217586	0.202438	0.199886	0.208866	0.201783	0.262589	0.286769	0.28041	0.295629	0.349543	0.332906	0.283304	0.303253	0.286493	0.273307	0.285456	0.219168	0.222945	0.243136	0.239003	0.238501	0.246634	0.247778	0.253897	0.202105	0.283922	0.272042	0.274919	0.304548	0.231545	0.230413	0.208266	0.210641	0.223066	0.264333	0.243731	0.373149	0.267524	0.268573	0.280967	0.271211	0.248111	0.257597	0.23714	0.234554	0.264814	0.259884	0.299178	0.312342	0.323854	0.330956	0.325303	0.3062	0.201016	0.201008	0.204522	0.211654	0.289229	0.28579	0.274551	0.259959	0.260954	0.250536	0.236194	0.236396	0.238396	0.242908	0.209534	0.207615	0.19909	0.205134	0.203994	0.20947	0.232022	0.235411	0.219483	0.217162	0.224945	0.2263	0.213819	0.22731	0.229855	0.222891	0.232145	0.221814	0.21609	0.234406	0.236738	0.371405	0.244275	0.230273	0.230172	0.283966	0.280337	0.291181	0.285531	0.274767	0.215882	0.22571	0.237012	0.208239	0.210467	0.208385	0.210922	0.219114	0.229215	0.218156	0.242559	0.232651	0.248428	0.213073	0.187162	0.231479	0.227561	0.349543	0.419066	0.430414	0.410028	0.495884	0.391673	0.395851	0.405895	0.400476	0.366351	0.329935	0.344414	0.343269	0.35926	0.36527	0.329467	0.273062	0.275255	0.274206	0.273111	0.308458	0.301668	0.399433	0.391209	0.403024	0.401085	0.415426	0.407299	0.392075	0.411502	0.411502	0.403463	0.333826	0.33355	0.306989	0.194822	0.19253	0.191263	0.197092	0.197189	0.23337	0.23929	0.236842	0.226362	0.21838	0.231613	0.231613	0.238388	0.230476	0.232742	0.241686	0.202094	0.196026	0.217829	0.2288	0.211875	0.230793	0.25699	0.263209	0.287577	0.197763	0.200268	0.202192	0.223747	0.190796	0.194144	0.195705	0.196399	0.186023	0.20614	0.213875
Climacteris_rufus	0.227118	0.171702	0.166474	0.176492	0.184985	0.174641	0.175184	0.172381	0.188838	0.194778	0.192945	0.187982	0.18338	0.195132	0.187604	0.200389	0.192071	0.192157	0.17207	0.193583	0.208008	0.194249	0.19862	0.193015	0.192102	0.167643	0.201132	0.199621	0.194533	0.201708	0.193956	0.196101	0.227707	0.224523	0.205629	0.196517	0.187728	0.202251	0.212457	0.194575	0.19208	0.183883	0.198743	0.213077	0.224321	0.195365	0.217037	0.197704	0.194946	0.19153	0.188583	0.176081	0.186045	0.193863	0.180838	0.192113	0.174169	0.169835	0.198012	0.177218	0.17248	0.176509	0.186794	0.185299	0.189237	0.190797	0.195664	0.201676	0.195376	0.187605	0.188126	0.187916	0.192304	0.188329	0.1882	0.235729	0.196312	0.197685	0.17226	0.185251	0.200021	0.182876	0.166366	0.172245	0.171282	0.15614	0.160407	0.154697	0.147877	0.158767	0.178524	0.161456	0.165047	0.160537	0.158133	0.156929	0.175372	0.152232	0.1564	0.171075	0.170271	0.161075	0.163608	0.151924	0.167545	0.14415	0.160933	0.160492	0.169167	0.162619	0.157668	0.164252	0.145438	0.158859	0.154022	0.169141	0.151703	0.159776	0.170762	0.152451	0.142776	0.159647	0.179907	0.179693	0.160623	0.159813	0	0.127796	0.160053	0.1546	0.220124	0.224669	0.23121	0.239987	0.236493	0.229941	0.218797	0.232714	0.222305	0.236102	0.23227	0.221847	0.22618	0.220276	0.24184	0.226612	0.211464	0.208913	0.217892	0.210809	0.271615	0.295795	0.289437	0.304655	0.358569	0.341933	0.29233	0.31228	0.29552	0.282333	0.294482	0.228194	0.231971	0.252162	0.24803	0.247528	0.25566	0.256804	0.262923	0.211131	0.292948	0.281069	0.283946	0.313574	0.240571	0.239439	0.217292	0.219667	0.232092	0.273359	0.252757	0.382176	0.27655	0.2776	0.289994	0.280237	0.257137	0.266623	0.246167	0.24358	0.273841	0.26891	0.308204	0.321368	0.332881	0.339982	0.334329	0.315226	0.210043	0.210035	0.213548	0.22068	0.298255	0.294816	0.283577	0.268986	0.269981	0.259563	0.245221	0.245422	0.247422	0.251934	0.21856	0.216641	0.208116	0.21416	0.21302	0.218496	0.241048	0.244437	0.22851	0.226189	0.233972	0.235327	0.222845	0.236336	0.238881	0.231917	0.241171	0.230841	0.225117	0.243433	0.245764	0.380431	0.253302	0.2393	0.239198	0.292993	0.289363	0.300207	0.294557	0.283793	0.224909	0.234737	0.246038	0.217265	0.219494	0.217411	0.219948	0.228141	0.238241	0.227183	0.251585	0.241677	0.257454	0.222099	0.196188	0.240506	0.236587	0.358569	0.428092	0.43944	0.419054	0.504911	0.400699	0.404877	0.414921	0.409502	0.375377	0.338961	0.35344	0.352295	0.368286	0.374296	0.338493	0.282088	0.284282	0.283232	0.282137	0.317484	0.310694	0.40846	0.400236	0.412051	0.410111	0.424452	0.416325	0.401101	0.420528	0.420528	0.41249	0.342852	0.342576	0.316016	0.203848	0.201556	0.200289	0.206118	0.206215	0.242396	0.248317	0.245869	0.235388	0.227406	0.24064	0.24064	0.247414	0.239502	0.241769	0.250712	0.21112	0.205052	0.226855	0.237826	0.220901	0.239819	0.266016	0.272235	0.296604	0.206789	0.209294	0.211219	0.232773	0.199822	0.20317	0.204732	0.205425	0.19505	0.215167	0.222902
Ptilonorhynchus_violaceus	0.208773	0.153358	0.14813	0.158147	0.16664	0.156296	0.15684	0.154036	0.170494	0.176434	0.1746	0.169638	0.165035	0.176788	0.169259	0.182045	0.173726	0.173812	0.153725	0.175238	0.189663	0.175904	0.180275	0.17467	0.173757	0.149298	0.182788	0.181277	0.176188	0.183364	0.175611	0.177756	0.209362	0.206178	0.187284	0.178172	0.169383	0.183906	0.194113	0.17623	0.173736	0.165538	0.180398	0.194732	0.205977	0.17702	0.198692	0.179359	0.176601	0.173185	0.170239	0.157736	0.167701	0.175519	0.162493	0.173769	0.155824	0.15149	0.179668	0.158873	0.154136	0.158164	0.168449	0.166955	0.170892	0.172453	0.177319	0.183331	0.177031	0.16926	0.169781	0.169572	0.17396	0.169984	0.169855	0.217385	0.177967	0.17934	0.153915	0.166907	0.181676	0.164531	0.148021	0.1539	0.152937	0.137795	0.142063	0.136352	0.129532	0.140423	0.160179	0.143111	0.146703	0.142192	0.139788	0.138584	0.157027	0.133888	0.138055	0.15273	0.151926	0.142731	0.145264	0.13358	0.1492	0.125805	0.142589	0.142148	0.150822	0.144274	0.139323	0.145908	0.127093	0.140515	0.135677	0.150797	0.133358	0.141432	0.152417	0.134106	0.124432	0.141303	0.161562	0.161348	0.142278	0.141469	0.127796	0	0.141709	0.136255	0.201779	0.206325	0.212866	0.221642	0.218149	0.211597	0.200452	0.214369	0.20396	0.217757	0.213925	0.203502	0.207835	0.201932	0.223495	0.208268	0.19312	0.190568	0.199548	0.192465	0.253271	0.27745	0.271092	0.286311	0.340225	0.323588	0.273986	0.293935	0.277175	0.263989	0.276138	0.20985	0.213627	0.233818	0.229685	0.229183	0.237316	0.23846	0.244579	0.192787	0.274604	0.262724	0.265601	0.295229	0.222227	0.221094	0.198948	0.201322	0.213747	0.255014	0.234413	0.363831	0.258206	0.259255	0.271649	0.261892	0.238793	0.248278	0.227822	0.225235	0.255496	0.250566	0.28986	0.303024	0.314536	0.321638	0.315984	0.296882	0.191698	0.19169	0.195203	0.202336	0.27991	0.276472	0.265233	0.250641	0.251636	0.241218	0.226876	0.227078	0.229077	0.23359	0.200215	0.198296	0.189771	0.195815	0.194675	0.200151	0.222704	0.226092	0.210165	0.207844	0.215627	0.216982	0.2045	0.217992	0.220537	0.213573	0.222827	0.212496	0.206772	0.225088	0.22742	0.362087	0.234957	0.220955	0.220853	0.274648	0.271019	0.281862	0.276213	0.265449	0.206564	0.216392	0.227694	0.198921	0.201149	0.199066	0.201603	0.209796	0.219897	0.208838	0.233241	0.223333	0.239109	0.203754	0.177844	0.222161	0.218243	0.340225	0.409747	0.421095	0.400709	0.486566	0.382354	0.386533	0.396577	0.391158	0.357033	0.320617	0.335096	0.333951	0.349941	0.355952	0.320149	0.263744	0.265937	0.264888	0.263792	0.29914	0.29235	0.390115	0.381891	0.393706	0.391766	0.406108	0.397981	0.382757	0.402184	0.402184	0.394145	0.324507	0.324231	0.297671	0.185503	0.183211	0.181944	0.187774	0.18787	0.224052	0.229972	0.227524	0.217043	0.209062	0.222295	0.222295	0.229069	0.221157	0.223424	0.232368	0.192776	0.186708	0.20851	0.219481	0.202556	0.221474	0.247672	0.253891	0.278259	0.188445	0.190949	0.192874	0.214429	0.181478	0.184826	0.186387	0.187081	0.176705	0.196822	0.204557
Atrichornis_clamosus	0.202818	0.162916	0.157688	0.167706	0.176199	0.165855	0.166398	0.163595	0.180052	0.185992	0.184159	0.179196	0.174593	0.186346	0.178818	0.191603	0.183285	0.183371	0.163284	0.184796	0.199221	0.185463	0.189834	0.184229	0.183316	0.158857	0.192346	0.190835	0.185747	0.192922	0.185169	0.187315	0.21892	0.215737	0.196842	0.187731	0.178942	0.193465	0.203671	0.185789	0.183294	0.175097	0.189957	0.20429	0.215535	0.186578	0.20825	0.188918	0.186159	0.182744	0.179797	0.167295	0.177259	0.185077	0.172051	0.183327	0.165383	0.161049	0.189226	0.168432	0.163694	0.167723	0.178007	0.176513	0.180451	0.182011	0.186878	0.19289	0.186589	0.178818	0.17934	0.17913	0.183518	0.179542	0.179414	0.226943	0.187525	0.188899	0.163474	0.176465	0.191234	0.174089	0.157579	0.163458	0.162495	0.147353	0.151621	0.145911	0.13909	0.149981	0.169738	0.15267	0.156261	0.15175	0.149346	0.148142	0.166586	0.143446	0.147613	0.162288	0.161484	0.152289	0.154822	0.143138	0.158758	0.135364	0.152147	0.151706	0.16038	0.153833	0.148882	0.155466	0.136652	0.150073	0.145235	0.160355	0.142917	0.15099	0.161975	0.143665	0.13399	0.150861	0.17112	0.170907	0.151837	0.151027	0.160053	0.141709	0	0.11187	0.195823	0.200369	0.20691	0.215686	0.212193	0.205641	0.194496	0.208414	0.198005	0.211802	0.20797	0.197546	0.201879	0.195976	0.217539	0.202312	0.187164	0.184612	0.193592	0.186509	0.247315	0.271494	0.265136	0.280355	0.334269	0.317632	0.26803	0.287979	0.271219	0.258033	0.270182	0.203894	0.207671	0.227862	0.223729	0.223227	0.23136	0.232504	0.238623	0.186831	0.268648	0.256768	0.259645	0.289274	0.216271	0.215139	0.192992	0.195367	0.207792	0.249059	0.228457	0.357875	0.25225	0.253299	0.265693	0.255937	0.232837	0.242322	0.221866	0.21928	0.24954	0.24461	0.283904	0.297068	0.30858	0.315682	0.310029	0.290926	0.185742	0.185734	0.189247	0.19638	0.273955	0.270516	0.259277	0.244685	0.24568	0.235262	0.22092	0.221122	0.223121	0.227634	0.19426	0.19234	0.183816	0.18986	0.18872	0.194196	0.216748	0.220137	0.204209	0.201888	0.209671	0.211026	0.198545	0.212036	0.214581	0.207617	0.216871	0.20654	0.200816	0.219132	0.221464	0.356131	0.229001	0.214999	0.214898	0.268692	0.265063	0.275907	0.270257	0.259493	0.200608	0.210436	0.221738	0.192965	0.195193	0.193111	0.195648	0.20384	0.213941	0.202882	0.227285	0.217377	0.233153	0.197799	0.171888	0.216205	0.212287	0.334269	0.403792	0.415139	0.394754	0.48061	0.376399	0.380577	0.390621	0.385202	0.351077	0.314661	0.32914	0.327995	0.343986	0.349996	0.314193	0.257788	0.259981	0.258932	0.257837	0.293184	0.286394	0.384159	0.375935	0.38775	0.385811	0.400152	0.392025	0.376801	0.396228	0.396228	0.388189	0.318552	0.318276	0.291715	0.179547	0.177256	0.175988	0.181818	0.181914	0.218096	0.224016	0.221568	0.211088	0.203106	0.216339	0.216339	0.223114	0.215201	0.217468	0.226412	0.18682	0.180752	0.202554	0.213525	0.196601	0.215519	0.241716	0.247935	0.272303	0.182489	0.184994	0.186918	0.208473	0.175522	0.17887	0.180431	0.181125	0.170749	0.190866	0.198601
Menura_novaehollandiae	0.197364	0.157463	0.152235	0.162252	0.170745	0.160401	0.160945	0.158142	0.174599	0.180539	0.178705	0.173743	0.16914	0.180893	0.173364	0.18615	0.177831	0.177917	0.15783	0.179343	0.193768	0.180009	0.18438	0.178775	0.177862	0.153403	0.186893	0.185382	0.180293	0.187469	0.179716	0.181862	0.213467	0.210284	0.191389	0.182277	0.173488	0.188011	0.198218	0.180335	0.177841	0.169643	0.184504	0.198837	0.210082	0.181125	0.202797	0.183464	0.180706	0.17729	0.174344	0.161841	0.171806	0.179624	0.166598	0.177874	0.159929	0.155595	0.183773	0.162978	0.158241	0.162269	0.172554	0.17106	0.174997	0.176558	0.181425	0.187437	0.181136	0.173365	0.173887	0.173677	0.178065	0.174089	0.17396	0.22149	0.182072	0.183445	0.15802	0.171012	0.185781	0.168636	0.152126	0.158005	0.157042	0.1419	0.146168	0.140457	0.133637	0.144528	0.164284	0.147217	0.150808	0.146297	0.143893	0.142689	0.161132	0.137993	0.14216	0.156835	0.156031	0.146836	0.149369	0.137685	0.153305	0.12991	0.146694	0.146253	0.154927	0.148379	0.143428	0.150013	0.131198	0.14462	0.139782	0.154902	0.137464	0.145537	0.156522	0.138212	0.128537	0.145408	0.165667	0.165454	0.146384	0.145574	0.1546	0.136255	0.11187	0	0.19037	0.194916	0.201457	0.210233	0.20674	0.200188	0.189043	0.20296	0.192551	0.206348	0.202516	0.192093	0.196426	0.190522	0.212086	0.196859	0.181711	0.179159	0.188139	0.181055	0.241862	0.266041	0.259683	0.274902	0.328816	0.312179	0.262576	0.282526	0.265766	0.25258	0.264729	0.198441	0.202218	0.222409	0.218276	0.217774	0.225907	0.227051	0.23317	0.181378	0.263195	0.251315	0.254192	0.28382	0.210818	0.209685	0.187539	0.189913	0.202338	0.243605	0.223004	0.352422	0.246797	0.247846	0.26024	0.250483	0.227384	0.236869	0.216413	0.213826	0.244087	0.239157	0.278451	0.291615	0.303127	0.310229	0.304575	0.285473	0.180289	0.180281	0.183794	0.190926	0.268501	0.265062	0.253824	0.239232	0.240227	0.229809	0.215467	0.215669	0.217668	0.222181	0.188806	0.186887	0.178362	0.184406	0.183266	0.188742	0.211295	0.214683	0.198756	0.196435	0.204218	0.205573	0.193091	0.206583	0.209128	0.202164	0.211418	0.201087	0.195363	0.213679	0.216011	0.350678	0.223548	0.209546	0.209444	0.263239	0.25961	0.270453	0.264804	0.25404	0.195155	0.204983	0.216285	0.187512	0.18974	0.187657	0.190194	0.198387	0.208488	0.197429	0.221832	0.211924	0.2277	0.192345	0.166434	0.210752	0.206834	0.328816	0.398338	0.409686	0.3893	0.475157	0.370945	0.375124	0.385168	0.379749	0.345624	0.309208	0.323687	0.322542	0.338532	0.344543	0.30874	0.252335	0.254528	0.253479	0.252383	0.287731	0.280941	0.378706	0.370482	0.382297	0.380357	0.394699	0.386572	0.371348	0.390775	0.390775	0.382736	0.313098	0.312822	0.286262	0.174094	0.171802	0.170535	0.176365	0.176461	0.212643	0.218563	0.216115	0.205634	0.197653	0.210886	0.210886	0.21766	0.209748	0.212015	0.220959	0.181367	0.175299	0.197101	0.208072	0.191147	0.210065	0.236263	0.242482	0.26685	0.177036	0.17954	0.181465	0.203019	0.170069	0.173417	0.174978	0.175672	0.165296	0.185413	0.193148
Calyptomena_viridis	0.215741	0.222986	0.217759	0.227776	0.236269	0.225925	0.226468	0.223665	0.240122	0.246062	0.244229	0.239266	0.234664	0.246417	0.238888	0.251674	0.243355	0.243441	0.223354	0.244867	0.259292	0.245533	0.249904	0.244299	0.243386	0.218927	0.252417	0.250905	0.245817	0.252993	0.24524	0.247385	0.278991	0.275807	0.256913	0.247801	0.239012	0.253535	0.263742	0.245859	0.243364	0.235167	0.250027	0.264361	0.275606	0.246649	0.268321	0.248988	0.24623	0.242814	0.239868	0.227365	0.23733	0.245148	0.232122	0.243398	0.225453	0.221119	0.249296	0.228502	0.223764	0.227793	0.238078	0.236584	0.240521	0.242082	0.246948	0.25296	0.24666	0.238889	0.23941	0.2392	0.243589	0.239613	0.239484	0.287013	0.247596	0.248969	0.223544	0.236535	0.251305	0.23416	0.21765	0.223529	0.222566	0.207424	0.211692	0.205981	0.199161	0.210051	0.229808	0.21274	0.216332	0.211821	0.209417	0.208213	0.226656	0.203517	0.207684	0.222359	0.221555	0.21236	0.214892	0.203208	0.218829	0.195434	0.212217	0.211777	0.220451	0.213903	0.208952	0.215536	0.196722	0.210144	0.205306	0.220425	0.202987	0.21106	0.222046	0.203735	0.19406	0.210932	0.231191	0.230977	0.211907	0.211097	0.220124	0.201779	0.195823	0.19037	0	0.10887	0.133126	0.197526	0.194032	0.187481	0.176336	0.190253	0.179844	0.193641	0.189809	0.179386	0.183719	0.177815	0.199379	0.184152	0.169003	0.166452	0.175432	0.168348	0.260239	0.284418	0.27806	0.293279	0.347193	0.330556	0.280953	0.300903	0.284143	0.270957	0.283106	0.216818	0.220595	0.240786	0.236653	0.236151	0.244284	0.245428	0.251547	0.199755	0.281572	0.269692	0.272569	0.302197	0.229195	0.228062	0.205916	0.20829	0.220715	0.261982	0.241381	0.370799	0.265174	0.266223	0.278617	0.26886	0.245761	0.255246	0.23479	0.232203	0.262464	0.257534	0.296828	0.309992	0.321504	0.328606	0.322952	0.30385	0.198666	0.198658	0.202171	0.209303	0.286878	0.283439	0.272201	0.257609	0.258604	0.248186	0.233844	0.234046	0.236045	0.240557	0.207183	0.205264	0.196739	0.202783	0.201643	0.207119	0.229672	0.23306	0.217133	0.214812	0.222595	0.22395	0.211468	0.224959	0.227505	0.220541	0.229795	0.219464	0.21374	0.232056	0.234388	0.369055	0.241925	0.227923	0.227821	0.281616	0.277987	0.28883	0.283181	0.272417	0.213532	0.22336	0.234662	0.205889	0.208117	0.206034	0.208571	0.216764	0.226865	0.215806	0.240209	0.230301	0.246077	0.210722	0.184811	0.229129	0.225211	0.347193	0.416715	0.428063	0.407677	0.493534	0.389322	0.393501	0.403545	0.398126	0.364001	0.327585	0.342064	0.340919	0.356909	0.36292	0.327117	0.270712	0.272905	0.271855	0.27076	0.306108	0.299318	0.397083	0.388859	0.400674	0.398734	0.413076	0.404949	0.389725	0.409152	0.409152	0.401113	0.331475	0.331199	0.304639	0.192471	0.190179	0.188912	0.194742	0.194838	0.23102	0.23694	0.234492	0.224011	0.21603	0.229263	0.229263	0.236037	0.228125	0.230392	0.239336	0.199744	0.193676	0.215478	0.226449	0.209524	0.228442	0.25464	0.260859	0.285227	0.195413	0.197917	0.199842	0.221396	0.188446	0.191794	0.193355	0.194049	0.183673	0.20379	0.211525
Smithornis_capensis	0.220287	0.227532	0.222305	0.232322	0.240815	0.230471	0.231014	0.228211	0.244668	0.250608	0.248775	0.243812	0.23921	0.250962	0.243434	0.256219	0.247901	0.247987	0.2279	0.249413	0.263838	0.250079	0.25445	0.248845	0.247932	0.223473	0.256962	0.255451	0.250363	0.257538	0.249786	0.251931	0.283537	0.280353	0.261459	0.252347	0.243558	0.258081	0.268288	0.250405	0.24791	0.239713	0.254573	0.268907	0.280152	0.251195	0.272867	0.253534	0.250776	0.24736	0.244413	0.231911	0.241876	0.249694	0.236668	0.247944	0.229999	0.225665	0.253842	0.233048	0.22831	0.232339	0.242624	0.241129	0.245067	0.246628	0.251494	0.257506	0.251206	0.243435	0.243956	0.243746	0.248134	0.244159	0.24403	0.291559	0.252142	0.253515	0.22809	0.241081	0.255851	0.238706	0.222196	0.228075	0.227112	0.21197	0.216237	0.210527	0.203707	0.214597	0.234354	0.217286	0.220878	0.216367	0.213963	0.212759	0.231202	0.208062	0.21223	0.226905	0.226101	0.216906	0.219438	0.207754	0.223375	0.19998	0.216763	0.216323	0.224997	0.218449	0.213498	0.220082	0.201268	0.214689	0.209852	0.224971	0.207533	0.215606	0.226592	0.208281	0.198606	0.215478	0.235737	0.235523	0.216453	0.215643	0.224669	0.206325	0.200369	0.194916	0.10887	0	0.137672	0.202072	0.198578	0.192027	0.180882	0.194799	0.18439	0.198187	0.194355	0.183932	0.188265	0.182361	0.203925	0.188697	0.173549	0.170998	0.179977	0.172894	0.264784	0.288964	0.282606	0.297824	0.351739	0.335102	0.285499	0.305449	0.288689	0.275502	0.287651	0.221363	0.225141	0.245332	0.241199	0.240697	0.24883	0.249974	0.256093	0.204301	0.286118	0.274238	0.277115	0.306743	0.233741	0.232608	0.210462	0.212836	0.225261	0.266528	0.245927	0.375345	0.269719	0.270769	0.283163	0.273406	0.250306	0.259792	0.239336	0.236749	0.26701	0.26208	0.301373	0.314538	0.32605	0.333151	0.327498	0.308395	0.203212	0.203204	0.206717	0.213849	0.291424	0.287985	0.276746	0.262155	0.26315	0.252732	0.23839	0.238592	0.240591	0.245103	0.211729	0.20981	0.201285	0.207329	0.206189	0.211665	0.234217	0.237606	0.221679	0.219358	0.227141	0.228496	0.216014	0.229505	0.232051	0.225087	0.234341	0.22401	0.218286	0.236602	0.238934	0.373601	0.246471	0.232469	0.232367	0.286162	0.282533	0.293376	0.287726	0.276963	0.218078	0.227906	0.239207	0.210435	0.212663	0.21058	0.213117	0.22131	0.231411	0.220352	0.244755	0.234846	0.250623	0.215268	0.189357	0.233675	0.229756	0.351739	0.421261	0.432609	0.412223	0.49808	0.393868	0.398047	0.408091	0.402671	0.368546	0.332131	0.34661	0.345464	0.361455	0.367466	0.331663	0.275258	0.277451	0.276401	0.275306	0.310654	0.303863	0.401629	0.393405	0.40522	0.40328	0.417622	0.409495	0.39427	0.413698	0.413698	0.405659	0.336021	0.335745	0.309185	0.197017	0.194725	0.193458	0.199288	0.199384	0.235565	0.241486	0.239038	0.228557	0.220576	0.233809	0.233809	0.240583	0.232671	0.234938	0.243881	0.204289	0.198221	0.220024	0.230995	0.21407	0.232988	0.259186	0.265404	0.289773	0.199959	0.202463	0.204388	0.225942	0.192991	0.19634	0.197901	0.198595	0.188219	0.208336	0.216071
Serilophus_lunatus	0.226828	0.234073	0.228845	0.238863	0.247356	0.237012	0.237555	0.234752	0.251209	0.257149	0.255316	0.250353	0.24575	0.257503	0.249975	0.26276	0.254442	0.254528	0.234441	0.255953	0.270379	0.25662	0.260991	0.255386	0.254473	0.230014	0.263503	0.261992	0.256904	0.264079	0.256327	0.258472	0.290078	0.286894	0.268	0.258888	0.250099	0.264622	0.274828	0.256946	0.254451	0.246254	0.261114	0.275447	0.286692	0.257735	0.279407	0.260075	0.257317	0.253901	0.250954	0.238452	0.248416	0.256234	0.243209	0.254484	0.23654	0.232206	0.260383	0.239589	0.234851	0.23888	0.249164	0.24767	0.251608	0.253168	0.258035	0.264047	0.257746	0.249975	0.250497	0.250287	0.254675	0.250699	0.250571	0.2981	0.258682	0.260056	0.234631	0.247622	0.262392	0.245246	0.228736	0.234615	0.233653	0.21851	0.222778	0.217068	0.210247	0.221138	0.240895	0.223827	0.227418	0.222908	0.220504	0.219299	0.237743	0.214603	0.218771	0.233445	0.232642	0.223446	0.225979	0.214295	0.229915	0.206521	0.223304	0.222863	0.231537	0.22499	0.220039	0.226623	0.207809	0.22123	0.216392	0.231512	0.214074	0.222147	0.233133	0.214822	0.205147	0.222018	0.242277	0.242064	0.222994	0.222184	0.23121	0.212866	0.20691	0.201457	0.133126	0.137672	0	0.208612	0.205119	0.198567	0.187423	0.20134	0.190931	0.204728	0.200896	0.190473	0.194805	0.188902	0.210465	0.195238	0.18009	0.177538	0.186518	0.179435	0.271325	0.295505	0.289147	0.304365	0.358279	0.341643	0.29204	0.31199	0.29523	0.282043	0.294192	0.227904	0.231681	0.251872	0.24774	0.247238	0.25537	0.256514	0.262633	0.210841	0.292658	0.280779	0.283656	0.313284	0.240281	0.239149	0.217002	0.219377	0.231802	0.273069	0.252467	0.381886	0.27626	0.27731	0.289704	0.279947	0.256847	0.266333	0.245877	0.24329	0.273551	0.26862	0.307914	0.321078	0.332591	0.339692	0.334039	0.314936	0.209753	0.209745	0.213258	0.22039	0.297965	0.294526	0.283287	0.268696	0.26969	0.259273	0.244931	0.245132	0.247132	0.251644	0.21827	0.216351	0.207826	0.21387	0.21273	0.218206	0.240758	0.244147	0.22822	0.225899	0.233682	0.235037	0.222555	0.236046	0.238591	0.231627	0.240881	0.230551	0.224827	0.243143	0.245474	0.380141	0.253012	0.239009	0.238908	0.292703	0.289073	0.299917	0.294267	0.283503	0.224619	0.234447	0.245748	0.216975	0.219204	0.217121	0.219658	0.22785	0.237951	0.226893	0.251295	0.241387	0.257164	0.221809	0.195898	0.240216	0.236297	0.358279	0.427802	0.43915	0.418764	0.504621	0.400409	0.404587	0.414631	0.409212	0.375087	0.338671	0.35315	0.352005	0.367996	0.374006	0.338203	0.281798	0.283992	0.282942	0.281847	0.317194	0.310404	0.40817	0.399946	0.411761	0.409821	0.424162	0.416035	0.400811	0.420238	0.420238	0.412199	0.342562	0.342286	0.315725	0.203558	0.201266	0.199999	0.205828	0.205925	0.242106	0.248027	0.245579	0.235098	0.227116	0.240349	0.240349	0.247124	0.239212	0.241479	0.250422	0.21083	0.204762	0.226565	0.237536	0.220611	0.239529	0.265726	0.271945	0.296314	0.206499	0.209004	0.210928	0.232483	0.199532	0.20288	0.204442	0.205135	0.194759	0.214877	0.222612
Campylorhamphus_procurvoides	0.235604	0.242849	0.237622	0.247639	0.256132	0.245788	0.246331	0.243528	0.259985	0.265925	0.264092	0.259129	0.254527	0.266279	0.258751	0.271536	0.263218	0.263304	0.243217	0.26473	0.279155	0.265396	0.269767	0.264162	0.263249	0.23879	0.272279	0.270768	0.26568	0.272856	0.265103	0.267248	0.298854	0.29567	0.276776	0.267664	0.258875	0.273398	0.283605	0.265722	0.263227	0.25503	0.26989	0.284224	0.295469	0.266512	0.288184	0.268851	0.266093	0.262677	0.25973	0.247228	0.257193	0.265011	0.251985	0.263261	0.245316	0.240982	0.269159	0.248365	0.243627	0.247656	0.257941	0.256446	0.260384	0.261945	0.266811	0.272823	0.266523	0.258752	0.259273	0.259063	0.263452	0.259476	0.259347	0.306876	0.267459	0.268832	0.243407	0.256398	0.271168	0.254023	0.237513	0.243392	0.242429	0.227287	0.231554	0.225844	0.219024	0.229914	0.249671	0.232603	0.236195	0.231684	0.22928	0.228076	0.246519	0.223379	0.227547	0.242222	0.241418	0.232223	0.234755	0.223071	0.238692	0.215297	0.23208	0.23164	0.240314	0.233766	0.228815	0.235399	0.216585	0.230007	0.225169	0.240288	0.22285	0.230923	0.241909	0.223598	0.213923	0.230795	0.251054	0.25084	0.23177	0.23096	0.239987	0.221642	0.215686	0.210233	0.197526	0.202072	0.208612	0	0.0381447	0.079727	0.0899843	0.1514	0.153011	0.166808	0.169179	0.182253	0.186586	0.180683	0.202246	0.187019	0.171871	0.169319	0.178299	0.171216	0.280101	0.304281	0.297923	0.313141	0.367056	0.350419	0.300816	0.320766	0.304006	0.290819	0.302968	0.23668	0.240458	0.260649	0.256516	0.256014	0.264147	0.265291	0.27141	0.219618	0.301435	0.289555	0.292432	0.32206	0.249058	0.247925	0.225779	0.228153	0.240578	0.281845	0.261244	0.390662	0.285036	0.286086	0.29848	0.288723	0.265624	0.275109	0.254653	0.252066	0.282327	0.277397	0.31669	0.329855	0.341367	0.348468	0.342815	0.323712	0.218529	0.218521	0.222034	0.229166	0.306741	0.303302	0.292064	0.277472	0.278467	0.268049	0.253707	0.253909	0.255908	0.26042	0.227046	0.225127	0.216602	0.222646	0.221506	0.226982	0.249534	0.252923	0.236996	0.234675	0.242458	0.243813	0.231331	0.244822	0.247368	0.240404	0.249658	0.239327	0.233603	0.251919	0.254251	0.388918	0.261788	0.247786	0.247684	0.301479	0.29785	0.308693	0.303043	0.29228	0.233395	0.243223	0.254524	0.225752	0.22798	0.225897	0.228434	0.236627	0.246728	0.235669	0.260072	0.250164	0.26594	0.230585	0.204674	0.248992	0.245074	0.367056	0.436578	0.447926	0.42754	0.513397	0.409185	0.413364	0.423408	0.417988	0.383863	0.347448	0.361927	0.360781	0.376772	0.382783	0.34698	0.290575	0.292768	0.291718	0.290623	0.325971	0.31918	0.416946	0.408722	0.420537	0.418597	0.432939	0.424812	0.409587	0.429015	0.429015	0.420976	0.351338	0.351062	0.324502	0.212334	0.210042	0.208775	0.214605	0.214701	0.250882	0.256803	0.254355	0.243874	0.235893	0.249126	0.249126	0.2559	0.247988	0.250255	0.259198	0.219606	0.213538	0.235341	0.246312	0.229387	0.248305	0.274503	0.280721	0.30509	0.215276	0.21778	0.219705	0.241259	0.208308	0.211657	0.213218	0.213912	0.203536	0.223653	0.231388
Xiphorhynchus_elegans	0.232111	0.239356	0.234128	0.244146	0.252639	0.242295	0.242838	0.240035	0.256492	0.262432	0.260599	0.255636	0.251033	0.262786	0.255258	0.268043	0.259725	0.259811	0.239724	0.261236	0.275662	0.261903	0.266274	0.260669	0.259756	0.235297	0.268786	0.267275	0.262187	0.269362	0.26161	0.263755	0.295361	0.292177	0.273283	0.264171	0.255382	0.269905	0.280111	0.262229	0.259734	0.251537	0.266397	0.28073	0.291975	0.263018	0.28469	0.265358	0.2626	0.259184	0.256237	0.243735	0.253699	0.261517	0.248492	0.259767	0.241823	0.237489	0.265666	0.244872	0.240134	0.244163	0.254447	0.252953	0.256891	0.258451	0.263318	0.26933	0.263029	0.255258	0.25578	0.25557	0.259958	0.255982	0.255854	0.303383	0.263965	0.265339	0.239914	0.252905	0.267675	0.250529	0.234019	0.239898	0.238936	0.223793	0.228061	0.222351	0.21553	0.226421	0.246178	0.22911	0.232701	0.228191	0.225787	0.224582	0.243026	0.219886	0.224054	0.238728	0.237925	0.228729	0.231262	0.219578	0.235198	0.211804	0.228587	0.228146	0.23682	0.230273	0.225322	0.231906	0.213092	0.226513	0.221675	0.236795	0.219357	0.22743	0.238416	0.220105	0.21043	0.227301	0.24756	0.247347	0.228277	0.227467	0.236493	0.218149	0.212193	0.20674	0.194032	0.198578	0.205119	0.0381447	0	0.0762337	0.0864911	0.147907	0.149518	0.163315	0.165685	0.17876	0.183093	0.177189	0.198753	0.183526	0.168377	0.165826	0.174806	0.167722	0.276608	0.300788	0.29443	0.309648	0.363562	0.346926	0.297323	0.317273	0.300513	0.287326	0.299475	0.233187	0.236964	0.257155	0.253023	0.252521	0.260653	0.261797	0.267916	0.216124	0.297941	0.286062	0.288939	0.318567	0.245564	0.244432	0.222285	0.22466	0.237085	0.278352	0.25775	0.387169	0.281543	0.282593	0.294987	0.28523	0.26213	0.271616	0.25116	0.248573	0.278834	0.273903	0.313197	0.326361	0.337874	0.344975	0.339322	0.320219	0.215036	0.215028	0.218541	0.225673	0.303248	0.299809	0.28857	0.273979	0.274974	0.264556	0.250214	0.250415	0.252415	0.256927	0.223553	0.221634	0.213109	0.219153	0.218013	0.223489	0.246041	0.24943	0.233503	0.231182	0.238965	0.24032	0.227838	0.241329	0.243874	0.23691	0.246164	0.235834	0.23011	0.248426	0.250757	0.385424	0.258295	0.244293	0.244191	0.297986	0.294356	0.3052	0.29955	0.288786	0.229902	0.23973	0.251031	0.222258	0.224487	0.222404	0.224941	0.233134	0.243234	0.232176	0.256578	0.24667	0.262447	0.227092	0.201181	0.245499	0.24158	0.363562	0.433085	0.444433	0.424047	0.509904	0.405692	0.40987	0.419914	0.414495	0.38037	0.343954	0.358433	0.357288	0.373279	0.379289	0.343486	0.287081	0.289275	0.288225	0.28713	0.322477	0.315687	0.413453	0.405229	0.417044	0.415104	0.429445	0.421318	0.406094	0.425521	0.425521	0.417483	0.347845	0.347569	0.321008	0.208841	0.206549	0.205282	0.211111	0.211208	0.247389	0.25331	0.250862	0.240381	0.232399	0.245633	0.245633	0.252407	0.244495	0.246762	0.255705	0.216113	0.210045	0.231848	0.242819	0.225894	0.244812	0.271009	0.277228	0.301597	0.211782	0.214287	0.216211	0.237766	0.204815	0.208163	0.209725	0.210418	0.200043	0.22016	0.227895
Furnarius_figulus	0.225559	0.232804	0.227577	0.237594	0.246087	0.235743	0.236286	0.233483	0.24994	0.25588	0.254047	0.249084	0.244482	0.256234	0.248706	0.261491	0.253173	0.253259	0.233172	0.254685	0.26911	0.255351	0.259722	0.254117	0.253204	0.228745	0.262234	0.260723	0.255635	0.26281	0.255058	0.257203	0.288809	0.285625	0.266731	0.257619	0.24883	0.263353	0.27356	0.255677	0.253182	0.244985	0.259845	0.274179	0.285424	0.256467	0.278139	0.258806	0.256048	0.252632	0.249685	0.237183	0.247148	0.254966	0.24194	0.253216	0.235271	0.230937	0.259114	0.23832	0.233582	0.237611	0.247896	0.246401	0.250339	0.2519	0.256766	0.262778	0.256478	0.248707	0.249228	0.249018	0.253406	0.249431	0.249302	0.296831	0.257414	0.258787	0.233362	0.246353	0.261123	0.243978	0.227468	0.233347	0.232384	0.217242	0.221509	0.215799	0.208979	0.219869	0.239626	0.222558	0.22615	0.221639	0.219235	0.218031	0.236474	0.213334	0.217502	0.232177	0.231373	0.222178	0.22471	0.213026	0.228647	0.205252	0.222035	0.221595	0.230269	0.223721	0.21877	0.225354	0.20654	0.219961	0.215124	0.230243	0.212805	0.220878	0.231864	0.213553	0.203878	0.22075	0.241009	0.240795	0.221725	0.220915	0.229941	0.211597	0.205641	0.200188	0.187481	0.192027	0.198567	0.079727	0.0762337	0	0.0799393	0.141355	0.142966	0.156763	0.159134	0.172208	0.176541	0.170638	0.192201	0.176974	0.161826	0.159274	0.168254	0.161171	0.270056	0.294236	0.287878	0.303096	0.357011	0.340374	0.290771	0.310721	0.293961	0.280774	0.292923	0.226635	0.230413	0.250604	0.246471	0.245969	0.254102	0.255246	0.261365	0.209573	0.29139	0.27951	0.282387	0.312015	0.239013	0.23788	0.215734	0.218108	0.230533	0.2718	0.251199	0.380617	0.274991	0.276041	0.288435	0.278678	0.255578	0.265064	0.244608	0.242021	0.272282	0.267352	0.306645	0.31981	0.331322	0.338423	0.33277	0.313667	0.208484	0.208476	0.211989	0.219121	0.296696	0.293257	0.282018	0.267427	0.268422	0.258004	0.243662	0.243864	0.245863	0.250375	0.217001	0.215082	0.206557	0.212601	0.211461	0.216937	0.239489	0.242878	0.226951	0.22463	0.232413	0.233768	0.221286	0.234777	0.237323	0.230359	0.239613	0.229282	0.223558	0.241874	0.244206	0.378873	0.251743	0.237741	0.237639	0.291434	0.287805	0.298648	0.292998	0.282235	0.22335	0.233178	0.244479	0.215707	0.217935	0.215852	0.218389	0.226582	0.236683	0.225624	0.250027	0.240118	0.255895	0.22054	0.194629	0.238947	0.235028	0.357011	0.426533	0.437881	0.417495	0.503352	0.39914	0.403319	0.413363	0.407943	0.373818	0.337403	0.351882	0.350736	0.366727	0.372738	0.336935	0.28053	0.282723	0.281673	0.280578	0.315926	0.309135	0.406901	0.398677	0.410492	0.408552	0.422894	0.414767	0.399542	0.41897	0.41897	0.410931	0.341293	0.341017	0.314457	0.202289	0.199997	0.19873	0.20456	0.204656	0.240837	0.246758	0.24431	0.233829	0.225848	0.239081	0.239081	0.245855	0.237943	0.24021	0.249153	0.209561	0.203493	0.225296	0.236267	0.219342	0.23826	0.264458	0.270676	0.295045	0.205231	0.207735	0.20966	0.231214	0.198263	0.201612	0.203173	0.203867	0.193491	0.213608	0.221343
Sclerurus_mexicanus	0.214415	0.22166	0.216432	0.226449	0.234942	0.224598	0.225142	0.222338	0.238796	0.244736	0.242902	0.23794	0.233337	0.24509	0.237561	0.250347	0.242028	0.242114	0.222027	0.24354	0.257965	0.244206	0.248577	0.242972	0.242059	0.2176	0.25109	0.249579	0.24449	0.251666	0.243913	0.246058	0.277664	0.27448	0.255586	0.246474	0.237685	0.252208	0.262415	0.244532	0.242038	0.23384	0.2487	0.263034	0.274279	0.245322	0.266994	0.247661	0.244903	0.241487	0.238541	0.226038	0.236003	0.243821	0.230795	0.242071	0.224126	0.219792	0.24797	0.227175	0.222438	0.226466	0.236751	0.235257	0.239194	0.240755	0.245621	0.251633	0.245333	0.237562	0.238083	0.237874	0.242262	0.238286	0.238157	0.285687	0.246269	0.247642	0.222217	0.235209	0.249978	0.232833	0.216323	0.222202	0.221239	0.206097	0.210365	0.204654	0.197834	0.208725	0.228481	0.211413	0.215005	0.210494	0.20809	0.206886	0.225329	0.20219	0.206357	0.221032	0.220228	0.211033	0.213566	0.201882	0.217502	0.194107	0.210891	0.21045	0.219124	0.212576	0.207625	0.21421	0.195395	0.208817	0.203979	0.219099	0.20166	0.209734	0.220719	0.202408	0.192734	0.209605	0.229864	0.22965	0.21058	0.209771	0.218797	0.200452	0.194496	0.189043	0.176336	0.180882	0.187423	0.0899843	0.0864911	0.0799393	0	0.130211	0.131822	0.145619	0.147989	0.161063	0.165396	0.159493	0.181056	0.165829	0.150681	0.148129	0.157109	0.150026	0.258912	0.283091	0.276733	0.291952	0.345866	0.329229	0.279627	0.299576	0.282816	0.26963	0.281779	0.215491	0.219268	0.239459	0.235326	0.234824	0.242957	0.244101	0.25022	0.198428	0.280245	0.268365	0.271242	0.300871	0.227868	0.226736	0.204589	0.206964	0.219388	0.260656	0.240054	0.369472	0.263847	0.264896	0.27729	0.267533	0.244434	0.253919	0.233463	0.230877	0.261137	0.256207	0.295501	0.308665	0.320177	0.327279	0.321626	0.302523	0.197339	0.197331	0.200844	0.207977	0.285551	0.282113	0.270874	0.256282	0.257277	0.246859	0.232517	0.232719	0.234718	0.239231	0.205856	0.203937	0.195413	0.201456	0.200317	0.205793	0.228345	0.231733	0.215806	0.213485	0.221268	0.222623	0.210142	0.223633	0.226178	0.219214	0.228468	0.218137	0.212413	0.230729	0.233061	0.367728	0.240598	0.226596	0.226495	0.280289	0.27666	0.287503	0.281854	0.27109	0.212205	0.222033	0.233335	0.204562	0.20679	0.204708	0.207244	0.215437	0.225538	0.214479	0.238882	0.228974	0.24475	0.209395	0.183485	0.227802	0.223884	0.345866	0.415388	0.426736	0.406351	0.492207	0.387996	0.392174	0.402218	0.396799	0.362674	0.326258	0.340737	0.339592	0.355583	0.361593	0.32579	0.269385	0.271578	0.270529	0.269434	0.304781	0.297991	0.395756	0.387532	0.399347	0.397407	0.411749	0.403622	0.388398	0.407825	0.407825	0.399786	0.330149	0.329873	0.303312	0.191144	0.188853	0.187585	0.193415	0.193511	0.229693	0.235613	0.233165	0.222684	0.214703	0.227936	0.227936	0.234711	0.226798	0.229065	0.238009	0.198417	0.192349	0.214151	0.225122	0.208198	0.227115	0.253313	0.259532	0.2839	0.194086	0.196591	0.198515	0.22007	0.187119	0.190467	0.192028	0.192722	0.182346	0.202463	0.210198
Scytalopus_superciliaris	0.228332	0.235577	0.230349	0.240367	0.248859	0.238516	0.239059	0.236256	0.252713	0.258653	0.256819	0.251857	0.247254	0.259007	0.251478	0.264264	0.255946	0.256032	0.235945	0.257457	0.271882	0.258124	0.262495	0.256889	0.255976	0.231517	0.265007	0.263496	0.258408	0.265583	0.25783	0.259976	0.291581	0.288398	0.269503	0.260392	0.251603	0.266125	0.276332	0.25845	0.255955	0.247758	0.262618	0.276951	0.288196	0.259239	0.280911	0.261579	0.25882	0.255405	0.252458	0.239956	0.24992	0.257738	0.244712	0.255988	0.238044	0.23371	0.261887	0.241092	0.236355	0.240383	0.250668	0.249174	0.253112	0.254672	0.259539	0.265551	0.25925	0.251479	0.252001	0.251791	0.256179	0.252203	0.252075	0.299604	0.260186	0.26156	0.236135	0.249126	0.263895	0.24675	0.23024	0.236119	0.235156	0.220014	0.224282	0.218571	0.211751	0.222642	0.242399	0.225331	0.228922	0.224411	0.222007	0.220803	0.239247	0.216107	0.220274	0.234949	0.234145	0.22495	0.227483	0.215799	0.231419	0.208024	0.224808	0.224367	0.233041	0.226493	0.221543	0.228127	0.209313	0.222734	0.217896	0.233016	0.215578	0.223651	0.234636	0.216326	0.206651	0.223522	0.243781	0.243568	0.224498	0.223688	0.232714	0.214369	0.208414	0.20296	0.190253	0.194799	0.20134	0.1514	0.147907	0.141355	0.130211	0	0.145739	0.159536	0.161906	0.174981	0.179314	0.17341	0.194974	0.179746	0.164598	0.162046	0.171026	0.163943	0.272829	0.297009	0.29065	0.305869	0.359783	0.343146	0.293544	0.313493	0.296733	0.283547	0.295696	0.229408	0.233185	0.253376	0.249244	0.248741	0.256874	0.258018	0.264137	0.212345	0.294162	0.282283	0.285159	0.314788	0.241785	0.240653	0.218506	0.220881	0.233306	0.274573	0.253971	0.383389	0.277764	0.278813	0.291207	0.281451	0.258351	0.267837	0.24738	0.244794	0.275054	0.270124	0.309418	0.322582	0.334094	0.341196	0.335543	0.31644	0.211257	0.211248	0.214762	0.221894	0.299469	0.29603	0.284791	0.270199	0.271194	0.260776	0.246434	0.246636	0.248636	0.253148	0.219774	0.217855	0.20933	0.215374	0.214234	0.21971	0.242262	0.245651	0.229723	0.227402	0.235185	0.23654	0.224059	0.23755	0.240095	0.233131	0.242385	0.232055	0.22633	0.244646	0.246978	0.381645	0.254515	0.240513	0.240412	0.294206	0.290577	0.301421	0.295771	0.285007	0.226122	0.23595	0.247252	0.218479	0.220707	0.218625	0.221162	0.229354	0.239455	0.228396	0.252799	0.242891	0.258668	0.223313	0.197402	0.241719	0.237801	0.359783	0.429306	0.440654	0.420268	0.506124	0.401913	0.406091	0.416135	0.410716	0.376591	0.340175	0.354654	0.353509	0.3695	0.37551	0.339707	0.283302	0.285495	0.284446	0.283351	0.318698	0.311908	0.409673	0.401449	0.413264	0.411325	0.425666	0.417539	0.402315	0.421742	0.421742	0.413703	0.344066	0.34379	0.317229	0.205062	0.20277	0.201503	0.207332	0.207429	0.24361	0.24953	0.247082	0.236602	0.22862	0.241853	0.241853	0.248628	0.240716	0.242982	0.251926	0.212334	0.206266	0.228069	0.23904	0.222115	0.241033	0.26723	0.273449	0.297818	0.208003	0.210508	0.212432	0.233987	0.201036	0.204384	0.205945	0.206639	0.196263	0.21638	0.224115
Rhegmatorhina_hoffmannsi	0.217923	0.225168	0.21994	0.229957	0.23845	0.228106	0.22865	0.225847	0.242304	0.248244	0.24641	0.241448	0.236845	0.248598	0.241069	0.253855	0.245536	0.245622	0.225535	0.247048	0.261473	0.247714	0.252085	0.24648	0.245567	0.221108	0.254598	0.253087	0.247998	0.255174	0.247421	0.249567	0.281172	0.277989	0.259094	0.249982	0.241193	0.255716	0.265923	0.24804	0.245546	0.237348	0.252209	0.266542	0.277787	0.24883	0.270502	0.251169	0.248411	0.244995	0.242049	0.229546	0.239511	0.247329	0.234303	0.245579	0.227634	0.2233	0.251478	0.230683	0.225946	0.229974	0.240259	0.238765	0.242702	0.244263	0.249129	0.255142	0.248841	0.24107	0.241591	0.241382	0.24577	0.241794	0.241665	0.289195	0.249777	0.25115	0.225725	0.238717	0.253486	0.236341	0.219831	0.22571	0.224747	0.209605	0.213873	0.208162	0.201342	0.212233	0.231989	0.214922	0.218513	0.214002	0.211598	0.210394	0.228837	0.205698	0.209865	0.22454	0.223736	0.214541	0.217074	0.20539	0.22101	0.197615	0.214399	0.213958	0.222632	0.216084	0.211133	0.217718	0.198903	0.212325	0.207487	0.222607	0.205169	0.213242	0.224227	0.205917	0.196242	0.213113	0.233372	0.233159	0.214089	0.213279	0.222305	0.20396	0.198005	0.192551	0.179844	0.18439	0.190931	0.153011	0.149518	0.142966	0.131822	0.145739	0	0.0565879	0.151497	0.164572	0.168904	0.163001	0.184564	0.169337	0.154189	0.151637	0.160617	0.153534	0.26242	0.286599	0.280241	0.29546	0.349374	0.332737	0.283135	0.303084	0.286324	0.273138	0.285287	0.218999	0.222776	0.242967	0.238834	0.238332	0.246465	0.247609	0.253728	0.201936	0.283753	0.271873	0.27475	0.304379	0.231376	0.230244	0.208097	0.210472	0.222897	0.264164	0.243562	0.37298	0.267355	0.268404	0.280798	0.271042	0.247942	0.257427	0.236971	0.234385	0.264645	0.259715	0.299009	0.312173	0.323685	0.330787	0.325134	0.306031	0.200847	0.200839	0.204352	0.211485	0.289059	0.285621	0.274382	0.25979	0.260785	0.250367	0.236025	0.236227	0.238226	0.242739	0.209365	0.207445	0.198921	0.204964	0.203825	0.209301	0.231853	0.235242	0.219314	0.216993	0.224776	0.226131	0.21365	0.227141	0.229686	0.222722	0.231976	0.221645	0.215921	0.234237	0.236569	0.371236	0.244106	0.230104	0.230003	0.283797	0.280168	0.291012	0.285362	0.274598	0.215713	0.225541	0.236843	0.20807	0.210298	0.208216	0.210753	0.218945	0.229046	0.217987	0.24239	0.232482	0.248258	0.212903	0.186993	0.23131	0.227392	0.349374	0.418897	0.430244	0.409859	0.495715	0.391504	0.395682	0.405726	0.400307	0.366182	0.329766	0.344245	0.3431	0.359091	0.365101	0.329298	0.272893	0.275086	0.274037	0.272942	0.308289	0.301499	0.399264	0.39104	0.402855	0.400916	0.415257	0.40713	0.391906	0.411333	0.411333	0.403294	0.333657	0.333381	0.30682	0.194652	0.192361	0.191093	0.196923	0.197019	0.233201	0.239121	0.236673	0.226193	0.218211	0.231444	0.231444	0.238219	0.230306	0.232573	0.241517	0.201925	0.195857	0.217659	0.22863	0.211706	0.230624	0.256821	0.26304	0.287408	0.197594	0.200099	0.202023	0.223578	0.190627	0.193975	0.195536	0.19623	0.185854	0.205971	0.213706
Sakesphorus_luctuosus	0.23172	0.238965	0.233737	0.243755	0.252247	0.241904	0.242447	0.239644	0.256101	0.262041	0.260207	0.255245	0.250642	0.262395	0.254866	0.267652	0.259334	0.25942	0.239333	0.260845	0.27527	0.261512	0.265883	0.260277	0.259364	0.234905	0.268395	0.266884	0.261796	0.268971	0.261218	0.263364	0.294969	0.291786	0.272891	0.26378	0.25499	0.269513	0.27972	0.261838	0.259343	0.251146	0.266006	0.280339	0.291584	0.262627	0.284299	0.264967	0.262208	0.258792	0.255846	0.243344	0.253308	0.261126	0.2481	0.259376	0.241432	0.237098	0.265275	0.24448	0.239743	0.243771	0.254056	0.252562	0.2565	0.25806	0.262927	0.268939	0.262638	0.254867	0.255389	0.255179	0.259567	0.255591	0.255463	0.302992	0.263574	0.264948	0.239523	0.252514	0.267283	0.250138	0.233628	0.239507	0.238544	0.223402	0.22767	0.221959	0.215139	0.22603	0.245787	0.228719	0.23231	0.227799	0.225395	0.224191	0.242635	0.219495	0.223662	0.238337	0.237533	0.228338	0.230871	0.219187	0.234807	0.211412	0.228196	0.227755	0.236429	0.229881	0.22493	0.231515	0.212701	0.226122	0.221284	0.236404	0.218966	0.227039	0.238024	0.219714	0.210039	0.22691	0.247169	0.246956	0.227886	0.227076	0.236102	0.217757	0.211802	0.206348	0.193641	0.198187	0.204728	0.166808	0.163315	0.156763	0.145619	0.159536	0.0565879	0	0.165294	0.178369	0.182702	0.176798	0.198362	0.183134	0.167986	0.165434	0.174414	0.167331	0.276217	0.300397	0.294038	0.309257	0.363171	0.346534	0.296932	0.316881	0.300121	0.286935	0.299084	0.232796	0.236573	0.256764	0.252631	0.252129	0.260262	0.261406	0.267525	0.215733	0.29755	0.285671	0.288547	0.318176	0.245173	0.244041	0.221894	0.224269	0.236694	0.277961	0.257359	0.386777	0.281152	0.282201	0.294595	0.284839	0.261739	0.271225	0.250768	0.248182	0.278442	0.273512	0.312806	0.32597	0.337482	0.344584	0.338931	0.319828	0.214645	0.214636	0.21815	0.225282	0.302857	0.299418	0.288179	0.273587	0.274582	0.264164	0.249822	0.250024	0.252024	0.256536	0.223162	0.221243	0.212718	0.218762	0.217622	0.223098	0.24565	0.249039	0.233111	0.23079	0.238573	0.239928	0.227447	0.240938	0.243483	0.236519	0.245773	0.235442	0.229718	0.248034	0.250366	0.385033	0.257903	0.243901	0.2438	0.297594	0.293965	0.304809	0.299159	0.288395	0.22951	0.239338	0.25064	0.221867	0.224095	0.222013	0.22455	0.232742	0.242843	0.231784	0.256187	0.246279	0.262056	0.226701	0.20079	0.245107	0.241189	0.363171	0.432694	0.444042	0.423656	0.509512	0.405301	0.409479	0.419523	0.414104	0.379979	0.343563	0.358042	0.356897	0.372888	0.378898	0.343095	0.28669	0.288883	0.287834	0.286739	0.322086	0.315296	0.413061	0.404837	0.416652	0.414713	0.429054	0.420927	0.405703	0.42513	0.42513	0.417091	0.347454	0.347178	0.320617	0.20845	0.206158	0.204891	0.21072	0.210817	0.246998	0.252918	0.25047	0.23999	0.232008	0.245241	0.245241	0.252016	0.244104	0.24637	0.255314	0.215722	0.209654	0.231457	0.242428	0.225503	0.244421	0.270618	0.276837	0.301205	0.211391	0.213896	0.21582	0.237375	0.204424	0.207772	0.209333	0.210027	0.199651	0.219768	0.227503
Grallaria_varia	0.227888	0.235133	0.229905	0.239923	0.248415	0.238072	0.238615	0.235812	0.252269	0.258209	0.256376	0.251413	0.24681	0.258563	0.251035	0.26382	0.255502	0.255588	0.235501	0.257013	0.271438	0.25768	0.262051	0.256446	0.255532	0.231074	0.264563	0.263052	0.257964	0.265139	0.257386	0.259532	0.291137	0.287954	0.269059	0.259948	0.251159	0.265681	0.275888	0.258006	0.255511	0.247314	0.262174	0.276507	0.287752	0.258795	0.280467	0.261135	0.258376	0.254961	0.252014	0.239512	0.249476	0.257294	0.244268	0.255544	0.2376	0.233266	0.261443	0.240649	0.235911	0.23994	0.250224	0.24873	0.252668	0.254228	0.259095	0.265107	0.258806	0.251035	0.251557	0.251347	0.255735	0.251759	0.251631	0.29916	0.259742	0.261116	0.235691	0.248682	0.263451	0.246306	0.229796	0.235675	0.234712	0.21957	0.223838	0.218127	0.211307	0.222198	0.241955	0.224887	0.228478	0.223967	0.221563	0.220359	0.238803	0.215663	0.21983	0.234505	0.233701	0.224506	0.227039	0.215355	0.230975	0.20758	0.224364	0.223923	0.232597	0.226049	0.221099	0.227683	0.208869	0.22229	0.217452	0.232572	0.215134	0.223207	0.234192	0.215882	0.206207	0.223078	0.243337	0.243124	0.224054	0.223244	0.23227	0.213925	0.20797	0.202516	0.189809	0.194355	0.200896	0.169179	0.165685	0.159134	0.147989	0.161906	0.151497	0.165294	0	0.174537	0.17887	0.172966	0.19453	0.179302	0.164154	0.161603	0.170582	0.163499	0.272385	0.296565	0.290206	0.305425	0.359339	0.342702	0.2931	0.31305	0.296289	0.283103	0.295252	0.228964	0.232741	0.252932	0.2488	0.248298	0.25643	0.257574	0.263693	0.211901	0.293718	0.281839	0.284715	0.314344	0.241341	0.240209	0.218062	0.220437	0.232862	0.274129	0.253527	0.382946	0.27732	0.278369	0.290764	0.281007	0.257907	0.267393	0.246937	0.24435	0.27461	0.26968	0.308974	0.322138	0.333651	0.340752	0.335099	0.315996	0.210813	0.210804	0.214318	0.22145	0.299025	0.295586	0.284347	0.269756	0.27075	0.260332	0.24599	0.246192	0.248192	0.252704	0.21933	0.217411	0.208886	0.21493	0.21379	0.219266	0.241818	0.245207	0.22928	0.226959	0.234741	0.236096	0.223615	0.237106	0.239651	0.232687	0.241941	0.231611	0.225887	0.244203	0.246534	0.381201	0.254071	0.240069	0.239968	0.293763	0.290133	0.300977	0.295327	0.284563	0.225678	0.235506	0.246808	0.218035	0.220263	0.218181	0.220718	0.22891	0.239011	0.227952	0.252355	0.242447	0.258224	0.222869	0.196958	0.241275	0.237357	0.359339	0.428862	0.44021	0.419824	0.50568	0.401469	0.405647	0.415691	0.410272	0.376147	0.339731	0.35421	0.353065	0.369056	0.375066	0.339263	0.282858	0.285052	0.284002	0.282907	0.318254	0.311464	0.409229	0.401005	0.41282	0.410881	0.425222	0.417095	0.401871	0.421298	0.421298	0.413259	0.343622	0.343346	0.316785	0.204618	0.202326	0.201059	0.206888	0.206985	0.243166	0.249086	0.246638	0.236158	0.228176	0.241409	0.241409	0.248184	0.240272	0.242538	0.251482	0.21189	0.205822	0.227625	0.238596	0.221671	0.240589	0.266786	0.273005	0.297374	0.207559	0.210064	0.211988	0.233543	0.200592	0.20394	0.205501	0.206195	0.195819	0.215936	0.223672
Cephalopterus_ornatus	0.217465	0.22471	0.219482	0.229499	0.237992	0.227648	0.228191	0.225388	0.241846	0.247786	0.245952	0.24099	0.236387	0.24814	0.240611	0.253397	0.245078	0.245164	0.225077	0.24659	0.261015	0.247256	0.251627	0.246022	0.245109	0.22065	0.25414	0.252629	0.24754	0.254716	0.246963	0.249108	0.280714	0.27753	0.258636	0.249524	0.240735	0.255258	0.265465	0.247582	0.245088	0.23689	0.25175	0.266084	0.277329	0.248372	0.270044	0.250711	0.247953	0.244537	0.241591	0.229088	0.239053	0.246871	0.233845	0.245121	0.227176	0.222842	0.25102	0.230225	0.225488	0.229516	0.239801	0.238307	0.242244	0.243805	0.248671	0.254683	0.248383	0.240612	0.241133	0.240924	0.245312	0.241336	0.241207	0.288737	0.249319	0.250692	0.225267	0.238259	0.253028	0.235883	0.219373	0.225252	0.224289	0.209147	0.213415	0.207704	0.200884	0.211775	0.231531	0.214463	0.218055	0.213544	0.21114	0.209936	0.228379	0.20524	0.209407	0.224082	0.223278	0.214083	0.216616	0.204932	0.220552	0.197157	0.213941	0.2135	0.222174	0.215626	0.210675	0.21726	0.198445	0.211867	0.207029	0.222149	0.20471	0.212784	0.223769	0.205458	0.195784	0.212655	0.232914	0.2327	0.21363	0.212821	0.221847	0.203502	0.197546	0.192093	0.179386	0.183932	0.190473	0.182253	0.17876	0.172208	0.161063	0.174981	0.164572	0.178369	0.174537	0	0.117389	0.111485	0.133049	0.117822	0.102673	0.100122	0.11664	0.109557	0.261962	0.286141	0.279783	0.295002	0.348916	0.332279	0.282677	0.302626	0.285866	0.27268	0.284829	0.218541	0.222318	0.242509	0.238376	0.237874	0.246007	0.247151	0.25327	0.201478	0.283295	0.271415	0.274292	0.303921	0.230918	0.229785	0.207639	0.210013	0.222438	0.263706	0.243104	0.372522	0.266897	0.267946	0.28034	0.270583	0.247484	0.256969	0.236513	0.233927	0.264187	0.259257	0.298551	0.311715	0.323227	0.330329	0.324676	0.305573	0.200389	0.200381	0.203894	0.211027	0.288601	0.285163	0.273924	0.259332	0.260327	0.249909	0.235567	0.235769	0.237768	0.242281	0.208906	0.206987	0.198463	0.204506	0.203367	0.208843	0.231395	0.234783	0.218856	0.216535	0.224318	0.225673	0.213192	0.226683	0.229228	0.222264	0.231518	0.221187	0.215463	0.233779	0.236111	0.370778	0.243648	0.229646	0.229545	0.283339	0.27971	0.290553	0.284904	0.27414	0.215255	0.225083	0.236385	0.207612	0.20984	0.207758	0.210294	0.218487	0.228588	0.217529	0.241932	0.232024	0.2478	0.212445	0.186535	0.230852	0.226934	0.348916	0.418438	0.429786	0.409401	0.495257	0.391046	0.395224	0.405268	0.399849	0.365724	0.329308	0.343787	0.342642	0.358633	0.364643	0.32884	0.272435	0.274628	0.273579	0.272484	0.307831	0.301041	0.398806	0.390582	0.402397	0.400457	0.414799	0.406672	0.391448	0.410875	0.410875	0.402836	0.333199	0.332923	0.306362	0.194194	0.191903	0.190635	0.196465	0.196561	0.232743	0.238663	0.236215	0.225734	0.217753	0.230986	0.230986	0.23776	0.229848	0.232115	0.241059	0.201467	0.195399	0.217201	0.228172	0.211248	0.230165	0.256363	0.262582	0.28695	0.197136	0.199641	0.201565	0.22312	0.190169	0.193517	0.195078	0.195772	0.185396	0.205513	0.213248
Mionectes_macconnelli	0.221797	0.229042	0.223815	0.233832	0.242325	0.231981	0.232524	0.229721	0.246178	0.252119	0.250285	0.245323	0.24072	0.252473	0.244944	0.25773	0.249411	0.249497	0.22941	0.250923	0.265348	0.251589	0.25596	0.250355	0.249442	0.224983	0.258473	0.256962	0.251873	0.259049	0.251296	0.253441	0.285047	0.281863	0.262969	0.253857	0.245068	0.259591	0.269798	0.251915	0.24942	0.241223	0.256083	0.270417	0.281662	0.252705	0.274377	0.255044	0.252286	0.24887	0.245924	0.233421	0.243386	0.251204	0.238178	0.249454	0.231509	0.227175	0.255353	0.234558	0.22982	0.233849	0.244134	0.24264	0.246577	0.248138	0.253004	0.259016	0.252716	0.244945	0.245466	0.245256	0.249645	0.245669	0.24554	0.293069	0.253652	0.255025	0.2296	0.242591	0.257361	0.240216	0.223706	0.229585	0.228622	0.21348	0.217748	0.212037	0.205217	0.216107	0.235864	0.218796	0.222388	0.217877	0.215473	0.214269	0.232712	0.209573	0.21374	0.228415	0.227611	0.218416	0.220948	0.209265	0.224885	0.20149	0.218274	0.217833	0.226507	0.219959	0.215008	0.221593	0.202778	0.2162	0.211362	0.226481	0.209043	0.217117	0.228102	0.209791	0.200117	0.216988	0.237247	0.237033	0.217963	0.217153	0.22618	0.207835	0.201879	0.196426	0.183719	0.188265	0.194805	0.186586	0.183093	0.176541	0.165396	0.179314	0.168904	0.182702	0.17887	0.117389	0	0.0904067	0.11197	0.0967429	0.0985348	0.0990197	0.120973	0.11389	0.266295	0.290474	0.284116	0.299335	0.353249	0.336612	0.28701	0.306959	0.290199	0.277013	0.289162	0.222874	0.226651	0.246842	0.242709	0.242207	0.25034	0.251484	0.257603	0.205811	0.287628	0.275748	0.278625	0.308253	0.235251	0.234118	0.211972	0.214346	0.226771	0.268038	0.247437	0.376855	0.27123	0.272279	0.284673	0.274916	0.251817	0.261302	0.240846	0.238259	0.26852	0.26359	0.302884	0.316048	0.32756	0.334662	0.329008	0.309906	0.204722	0.204714	0.208227	0.21536	0.292934	0.289496	0.278257	0.263665	0.26466	0.254242	0.2399	0.240102	0.242101	0.246614	0.213239	0.21132	0.202795	0.208839	0.207699	0.213175	0.235728	0.239116	0.223189	0.220868	0.228651	0.230006	0.217524	0.231016	0.233561	0.226597	0.235851	0.22552	0.219796	0.238112	0.240444	0.375111	0.247981	0.233979	0.233878	0.287672	0.284043	0.294886	0.289237	0.278473	0.219588	0.229416	0.240718	0.211945	0.214173	0.21209	0.214627	0.22282	0.232921	0.221862	0.246265	0.236357	0.252133	0.216778	0.190868	0.235185	0.231267	0.353249	0.422771	0.434119	0.413733	0.49959	0.395378	0.399557	0.409601	0.404182	0.370057	0.333641	0.34812	0.346975	0.362965	0.368976	0.333173	0.276768	0.278961	0.277912	0.276816	0.312164	0.305374	0.403139	0.394915	0.40673	0.40479	0.419132	0.411005	0.395781	0.415208	0.415208	0.407169	0.337531	0.337255	0.310695	0.198527	0.196236	0.194968	0.200798	0.200894	0.237076	0.242996	0.240548	0.230067	0.222086	0.235319	0.235319	0.242093	0.234181	0.236448	0.245392	0.2058	0.199732	0.221534	0.232505	0.21558	0.234498	0.260696	0.266915	0.291283	0.201469	0.203973	0.205898	0.227453	0.194502	0.19785	0.199411	0.200105	0.189729	0.209846	0.217581
Neopipo_cinnamomea	0.215894	0.223139	0.217911	0.227929	0.236422	0.226078	0.226621	0.223818	0.240275	0.246215	0.244382	0.239419	0.234816	0.246569	0.239041	0.251826	0.243508	0.243594	0.223507	0.245019	0.259444	0.245686	0.250057	0.244452	0.243538	0.21908	0.252569	0.251058	0.24597	0.253145	0.245392	0.247538	0.279143	0.27596	0.257065	0.247954	0.239165	0.253687	0.263894	0.246012	0.243517	0.23532	0.25018	0.264513	0.275758	0.246801	0.268473	0.249141	0.246382	0.242967	0.24002	0.227518	0.237482	0.2453	0.232274	0.24355	0.225606	0.221272	0.249449	0.228655	0.223917	0.227946	0.23823	0.236736	0.240674	0.242234	0.247101	0.253113	0.246812	0.239041	0.239563	0.239353	0.243741	0.239765	0.239637	0.287166	0.247748	0.249122	0.223697	0.236688	0.251457	0.234312	0.217802	0.223681	0.222718	0.207576	0.211844	0.206134	0.199313	0.210204	0.229961	0.212893	0.216484	0.211973	0.209569	0.208365	0.226809	0.203669	0.207836	0.222511	0.221707	0.212512	0.215045	0.203361	0.218981	0.195587	0.21237	0.211929	0.220603	0.214055	0.209105	0.215689	0.196875	0.210296	0.205458	0.220578	0.20314	0.211213	0.222198	0.203888	0.194213	0.211084	0.231343	0.23113	0.21206	0.21125	0.220276	0.201932	0.195976	0.190522	0.177815	0.182361	0.188902	0.180683	0.177189	0.170638	0.159493	0.17341	0.163001	0.176798	0.172966	0.111485	0.0904067	0	0.0922846	0.0800575	0.0926313	0.0931161	0.115069	0.107986	0.260391	0.284571	0.278212	0.293431	0.347345	0.330708	0.281106	0.301056	0.284295	0.271109	0.283258	0.21697	0.220747	0.240938	0.236806	0.236304	0.244436	0.24558	0.251699	0.199907	0.281724	0.269845	0.272721	0.30235	0.229347	0.228215	0.206068	0.208443	0.220868	0.262135	0.241533	0.370952	0.265326	0.266375	0.27877	0.269013	0.245913	0.255399	0.234943	0.232356	0.262617	0.257686	0.29698	0.310144	0.321657	0.328758	0.323105	0.304002	0.198819	0.19881	0.202324	0.209456	0.287031	0.283592	0.272353	0.257762	0.258756	0.248339	0.233997	0.234198	0.236198	0.24071	0.207336	0.205417	0.196892	0.202936	0.201796	0.207272	0.229824	0.233213	0.217286	0.214965	0.222748	0.224102	0.211621	0.225112	0.227657	0.220693	0.229947	0.219617	0.213893	0.232209	0.23454	0.369207	0.242077	0.228075	0.227974	0.281769	0.278139	0.288983	0.283333	0.272569	0.213684	0.223512	0.234814	0.206041	0.208269	0.206187	0.208724	0.216916	0.227017	0.215959	0.240361	0.230453	0.24623	0.210875	0.184964	0.229281	0.225363	0.347345	0.416868	0.428216	0.40783	0.493686	0.389475	0.393653	0.403697	0.398278	0.364153	0.327737	0.342216	0.341071	0.357062	0.363072	0.327269	0.270864	0.273058	0.272008	0.270913	0.30626	0.29947	0.397236	0.389011	0.400826	0.398887	0.413228	0.405101	0.389877	0.409304	0.409304	0.401265	0.331628	0.331352	0.304791	0.192624	0.190332	0.189065	0.194894	0.194991	0.231172	0.237093	0.234644	0.224164	0.216182	0.229415	0.229415	0.23619	0.228278	0.230544	0.239488	0.199896	0.193828	0.215631	0.226602	0.209677	0.228595	0.254792	0.261011	0.28538	0.195565	0.19807	0.199994	0.221549	0.188598	0.191946	0.193507	0.194201	0.183825	0.203942	0.211678
Tachuris_rubrigastra	0.237457	0.244702	0.239475	0.249492	0.257985	0.247641	0.248184	0.245381	0.261838	0.267779	0.265945	0.260982	0.25638	0.268133	0.260604	0.27339	0.265071	0.265157	0.24507	0.266583	0.281008	0.267249	0.27162	0.266015	0.265102	0.240643	0.274133	0.272621	0.267533	0.274709	0.266956	0.269101	0.300707	0.297523	0.278629	0.269517	0.260728	0.275251	0.285458	0.267575	0.26508	0.256883	0.271743	0.286077	0.297322	0.268365	0.290037	0.270704	0.267946	0.26453	0.261584	0.249081	0.259046	0.266864	0.253838	0.265114	0.247169	0.242835	0.271012	0.250218	0.24548	0.249509	0.259794	0.2583	0.262237	0.263798	0.268664	0.274676	0.268376	0.260605	0.261126	0.260916	0.265305	0.261329	0.2612	0.308729	0.269312	0.270685	0.24526	0.258251	0.273021	0.255876	0.239366	0.245245	0.244282	0.22914	0.233408	0.227697	0.220877	0.231767	0.251524	0.234456	0.238048	0.233537	0.231133	0.229929	0.248372	0.225233	0.2294	0.244075	0.243271	0.234076	0.236608	0.224924	0.240545	0.21715	0.233933	0.233493	0.242167	0.235619	0.230668	0.237253	0.218438	0.23186	0.227022	0.242141	0.224703	0.232776	0.243762	0.225451	0.215776	0.232648	0.252907	0.252693	0.233623	0.232813	0.24184	0.223495	0.217539	0.212086	0.199379	0.203925	0.210465	0.202246	0.198753	0.192201	0.181056	0.194974	0.184564	0.198362	0.19453	0.133049	0.11197	0.0922846	0	0.101621	0.114195	0.11468	0.136633	0.12955	0.281955	0.306134	0.299776	0.314995	0.368909	0.352272	0.30267	0.322619	0.305859	0.292673	0.304822	0.238534	0.242311	0.262502	0.258369	0.257867	0.266	0.267144	0.273263	0.221471	0.303288	0.291408	0.294285	0.323913	0.250911	0.249778	0.227632	0.230006	0.242431	0.283698	0.263097	0.392515	0.28689	0.287939	0.300333	0.290576	0.267477	0.276962	0.256506	0.253919	0.28418	0.27925	0.318544	0.331708	0.34322	0.350322	0.344668	0.325566	0.220382	0.220374	0.223887	0.23102	0.308594	0.305156	0.293917	0.279325	0.28032	0.269902	0.25556	0.255762	0.257761	0.262274	0.228899	0.22698	0.218455	0.224499	0.223359	0.228835	0.251388	0.254776	0.238849	0.236528	0.244311	0.245666	0.233184	0.246676	0.249221	0.242257	0.251511	0.24118	0.235456	0.253772	0.256104	0.390771	0.263641	0.249639	0.249537	0.303332	0.299703	0.310546	0.304897	0.294133	0.235248	0.245076	0.256378	0.227605	0.229833	0.22775	0.230287	0.23848	0.248581	0.237522	0.261925	0.252017	0.267793	0.232438	0.206527	0.250845	0.246927	0.368909	0.438431	0.449779	0.429393	0.51525	0.411038	0.415217	0.425261	0.419842	0.385717	0.349301	0.36378	0.362635	0.378625	0.384636	0.348833	0.292428	0.294621	0.293572	0.292476	0.327824	0.321034	0.418799	0.410575	0.42239	0.42045	0.434792	0.426665	0.411441	0.430868	0.430868	0.422829	0.353191	0.352915	0.326355	0.214187	0.211895	0.210628	0.216458	0.216554	0.252736	0.258656	0.256208	0.245727	0.237746	0.250979	0.250979	0.257753	0.249841	0.252108	0.261052	0.22146	0.215392	0.237194	0.248165	0.23124	0.250158	0.276356	0.282575	0.306943	0.217129	0.219633	0.221558	0.243113	0.210162	0.21351	0.215071	0.215765	0.205389	0.225506	0.233241
Tyrannus_savana	0.22223	0.229475	0.224248	0.234265	0.242758	0.232414	0.232957	0.230154	0.246611	0.252551	0.250718	0.245755	0.241153	0.252905	0.245377	0.258162	0.249844	0.24993	0.229843	0.251356	0.265781	0.252022	0.256393	0.250788	0.249875	0.225416	0.258905	0.257394	0.252306	0.259481	0.251729	0.253874	0.28548	0.282296	0.263402	0.25429	0.245501	0.260024	0.27023	0.252348	0.249853	0.241656	0.256516	0.27085	0.282094	0.253138	0.27481	0.255477	0.252719	0.249303	0.246356	0.233854	0.243818	0.251636	0.238611	0.249886	0.231942	0.227608	0.255785	0.234991	0.230253	0.234282	0.244567	0.243072	0.24701	0.24857	0.253437	0.259449	0.253149	0.245378	0.245899	0.245689	0.250077	0.246102	0.245973	0.293502	0.254085	0.255458	0.230033	0.243024	0.257794	0.240649	0.224139	0.230018	0.229055	0.213913	0.21818	0.21247	0.20565	0.21654	0.236297	0.219229	0.22282	0.21831	0.215906	0.214702	0.233145	0.210005	0.214173	0.228848	0.228044	0.218849	0.221381	0.209697	0.225318	0.201923	0.218706	0.218265	0.22694	0.220392	0.215441	0.222025	0.203211	0.216632	0.211795	0.226914	0.209476	0.217549	0.228535	0.210224	0.200549	0.21742	0.23768	0.237466	0.218396	0.217586	0.226612	0.208268	0.202312	0.196859	0.184152	0.188697	0.195238	0.187019	0.183526	0.176974	0.165829	0.179746	0.169337	0.183134	0.179302	0.117822	0.0967429	0.0800575	0.101621	0	0.0989676	0.0994524	0.121406	0.114322	0.266727	0.290907	0.284549	0.299767	0.353682	0.337045	0.287442	0.307392	0.290632	0.277445	0.289594	0.223306	0.227083	0.247274	0.243142	0.24264	0.250772	0.251916	0.258036	0.206244	0.288061	0.276181	0.279058	0.308686	0.235684	0.234551	0.212405	0.214779	0.227204	0.268471	0.247869	0.377288	0.271662	0.272712	0.285106	0.275349	0.252249	0.261735	0.241279	0.238692	0.268953	0.264023	0.303316	0.316481	0.327993	0.335094	0.329441	0.310338	0.205155	0.205147	0.20866	0.215792	0.293367	0.289928	0.278689	0.264098	0.265093	0.254675	0.240333	0.240535	0.242534	0.247046	0.213672	0.211753	0.203228	0.209272	0.208132	0.213608	0.23616	0.239549	0.223622	0.221301	0.229084	0.230439	0.217957	0.231448	0.233994	0.22703	0.236284	0.225953	0.220229	0.238545	0.240876	0.375543	0.248414	0.234412	0.23431	0.288105	0.284476	0.295319	0.289669	0.278905	0.220021	0.229849	0.24115	0.212378	0.214606	0.212523	0.21506	0.223253	0.233353	0.222295	0.246698	0.236789	0.252566	0.217211	0.1913	0.235618	0.231699	0.353682	0.423204	0.434552	0.414166	0.500023	0.395811	0.399989	0.410034	0.404614	0.370489	0.334073	0.348553	0.347407	0.363398	0.369409	0.333606	0.2772	0.279394	0.278344	0.277249	0.312597	0.305806	0.403572	0.395348	0.407163	0.405223	0.419565	0.411437	0.396213	0.415641	0.415641	0.407602	0.337964	0.337688	0.311128	0.19896	0.196668	0.195401	0.201231	0.201327	0.237508	0.243429	0.240981	0.2305	0.222518	0.235752	0.235752	0.242526	0.234614	0.236881	0.245824	0.206232	0.200164	0.221967	0.232938	0.216013	0.234931	0.261128	0.267347	0.291716	0.201901	0.204406	0.206331	0.227885	0.194934	0.198283	0.199844	0.200538	0.190162	0.210279	0.218014
Onychorhynchus_coronatus	0.207082	0.214327	0.209099	0.219117	0.22761	0.217266	0.217809	0.215006	0.231463	0.237403	0.23557	0.230607	0.226004	0.237757	0.230229	0.243014	0.234696	0.234782	0.214695	0.236207	0.250633	0.236874	0.241245	0.23564	0.234727	0.210268	0.243757	0.242246	0.237158	0.244333	0.236581	0.238726	0.270332	0.267148	0.248254	0.239142	0.230353	0.244876	0.255082	0.2372	0.234705	0.226508	0.241368	0.255701	0.266946	0.237989	0.259661	0.240329	0.237571	0.234155	0.231208	0.218706	0.22867	0.236488	0.223463	0.234738	0.216794	0.21246	0.240637	0.219843	0.215105	0.219134	0.229418	0.227924	0.231862	0.233422	0.238289	0.244301	0.238	0.230229	0.230751	0.230541	0.234929	0.230953	0.230825	0.278354	0.238936	0.24031	0.214885	0.227876	0.242645	0.2255	0.20899	0.214869	0.213906	0.198764	0.203032	0.197322	0.190501	0.201392	0.221149	0.204081	0.207672	0.203162	0.200758	0.199553	0.217997	0.194857	0.199024	0.213699	0.212895	0.2037	0.206233	0.194549	0.210169	0.186775	0.203558	0.203117	0.211791	0.205244	0.200293	0.206877	0.188063	0.201484	0.196646	0.211766	0.194328	0.202401	0.213387	0.195076	0.185401	0.202272	0.222531	0.222318	0.203248	0.202438	0.211464	0.19312	0.187164	0.181711	0.169003	0.173549	0.18009	0.171871	0.168377	0.161826	0.150681	0.164598	0.154189	0.167986	0.164154	0.102673	0.0985348	0.0926313	0.114195	0.0989676	0	0.0843042	0.106257	0.0991741	0.251579	0.275759	0.2694	0.284619	0.338533	0.321897	0.272294	0.292244	0.275484	0.262297	0.274446	0.208158	0.211935	0.232126	0.227994	0.227492	0.235624	0.236768	0.242887	0.191095	0.272912	0.261033	0.26391	0.293538	0.220535	0.219403	0.197256	0.199631	0.212056	0.253323	0.232721	0.36214	0.256514	0.257564	0.269958	0.260201	0.237101	0.246587	0.226131	0.223544	0.253805	0.248874	0.288168	0.301332	0.312845	0.319946	0.314293	0.29519	0.190007	0.189998	0.193512	0.200644	0.278219	0.27478	0.263541	0.24895	0.249944	0.239527	0.225185	0.225386	0.227386	0.231898	0.198524	0.196605	0.18808	0.194124	0.192984	0.19846	0.221012	0.224401	0.208474	0.206153	0.213936	0.215291	0.202809	0.2163	0.218845	0.211881	0.221135	0.210805	0.205081	0.223397	0.225728	0.360395	0.233265	0.219263	0.219162	0.272957	0.269327	0.280171	0.274521	0.263757	0.204873	0.2147	0.226002	0.197229	0.199458	0.197375	0.199912	0.208104	0.218205	0.207147	0.231549	0.221641	0.237418	0.202063	0.176152	0.22047	0.216551	0.338533	0.408056	0.419404	0.399018	0.484875	0.380663	0.384841	0.394885	0.389466	0.355341	0.318925	0.333404	0.332259	0.34825	0.35426	0.318457	0.262052	0.264246	0.263196	0.262101	0.297448	0.290658	0.388424	0.380199	0.392015	0.390075	0.404416	0.396289	0.381065	0.400492	0.400492	0.392453	0.322816	0.32254	0.295979	0.183812	0.18152	0.180253	0.186082	0.186179	0.22236	0.228281	0.225833	0.215352	0.20737	0.220603	0.220603	0.227378	0.219466	0.221733	0.230676	0.191084	0.185016	0.206819	0.21779	0.200865	0.219783	0.24598	0.252199	0.276568	0.186753	0.189258	0.191182	0.212737	0.179786	0.183134	0.184696	0.185389	0.175013	0.19513	0.202866
Oxyruncus_cristatus	0.20453	0.211775	0.206548	0.216565	0.225058	0.214714	0.215257	0.212454	0.228911	0.234851	0.233018	0.228055	0.223453	0.235205	0.227677	0.240462	0.232144	0.23223	0.212143	0.233656	0.248081	0.234322	0.238693	0.233088	0.232175	0.207716	0.241205	0.239694	0.234606	0.241782	0.234029	0.236174	0.26778	0.264596	0.245702	0.23659	0.227801	0.242324	0.252531	0.234648	0.232153	0.223956	0.238816	0.25315	0.264395	0.235438	0.25711	0.237777	0.235019	0.231603	0.228656	0.216154	0.226119	0.233937	0.220911	0.232187	0.214242	0.209908	0.238085	0.217291	0.212553	0.216582	0.226867	0.225372	0.22931	0.230871	0.235737	0.241749	0.235449	0.227678	0.228199	0.227989	0.232378	0.228402	0.228273	0.275802	0.236385	0.237758	0.212333	0.225324	0.240094	0.222949	0.206439	0.212318	0.211355	0.196213	0.20048	0.19477	0.18795	0.19884	0.218597	0.201529	0.205121	0.20061	0.198206	0.197002	0.215445	0.192305	0.196473	0.211148	0.210344	0.201149	0.203681	0.191997	0.207618	0.184223	0.201006	0.200566	0.20924	0.202692	0.197741	0.204325	0.185511	0.198933	0.194095	0.209214	0.191776	0.199849	0.210835	0.192524	0.182849	0.199721	0.21998	0.219766	0.200696	0.199886	0.208913	0.190568	0.184612	0.179159	0.166452	0.170998	0.177538	0.169319	0.165826	0.159274	0.148129	0.162046	0.151637	0.165434	0.161603	0.100122	0.0990197	0.0931161	0.11468	0.0994524	0.0843042	0	0.103706	0.0966224	0.249027	0.273207	0.266849	0.282067	0.335982	0.319345	0.269742	0.289692	0.272932	0.259745	0.271894	0.205606	0.209384	0.229575	0.225442	0.22494	0.233073	0.234217	0.240336	0.188544	0.270361	0.258481	0.261358	0.290986	0.217984	0.216851	0.194705	0.197079	0.209504	0.250771	0.23017	0.359588	0.253962	0.255012	0.267406	0.257649	0.23455	0.244035	0.223579	0.220992	0.251253	0.246323	0.285616	0.298781	0.310293	0.317394	0.311741	0.292638	0.187455	0.187447	0.19096	0.198092	0.275667	0.272228	0.26099	0.246398	0.247393	0.236975	0.222633	0.222835	0.224834	0.229346	0.195972	0.194053	0.185528	0.191572	0.190432	0.195908	0.21846	0.221849	0.205922	0.203601	0.211384	0.212739	0.200257	0.213748	0.216294	0.20933	0.218584	0.208253	0.202529	0.220845	0.223177	0.357844	0.230714	0.216712	0.21661	0.270405	0.266776	0.277619	0.271969	0.261206	0.202321	0.212149	0.22345	0.194678	0.196906	0.194823	0.19736	0.205553	0.215654	0.204595	0.228998	0.21909	0.234866	0.199511	0.1736	0.217918	0.214	0.335982	0.405504	0.416852	0.396466	0.482323	0.378111	0.38229	0.392334	0.386914	0.352789	0.316374	0.330853	0.329707	0.345698	0.351709	0.315906	0.259501	0.261694	0.260644	0.259549	0.294897	0.288106	0.385872	0.377648	0.389463	0.387523	0.401865	0.393738	0.378513	0.397941	0.397941	0.389902	0.320264	0.319988	0.293428	0.18126	0.178968	0.177701	0.183531	0.183627	0.219808	0.225729	0.223281	0.2128	0.204819	0.218052	0.218052	0.224826	0.216914	0.219181	0.228124	0.188532	0.182464	0.204267	0.215238	0.198313	0.217231	0.243429	0.249647	0.274016	0.184202	0.186706	0.188631	0.210185	0.177235	0.180583	0.182144	0.182838	0.172462	0.192579	0.200314
Lepidothrix_coronata	0.21351	0.220755	0.215527	0.225545	0.234038	0.223694	0.224237	0.221434	0.237891	0.243831	0.241998	0.237035	0.232433	0.244185	0.236657	0.249442	0.241124	0.24121	0.221123	0.242636	0.257061	0.243302	0.247673	0.242068	0.241155	0.216696	0.250185	0.248674	0.243586	0.250761	0.243009	0.245154	0.27676	0.273576	0.254682	0.24557	0.236781	0.251304	0.26151	0.243628	0.241133	0.232936	0.247796	0.26213	0.273374	0.244418	0.266089	0.246757	0.243999	0.240583	0.237636	0.225134	0.235098	0.242916	0.229891	0.241166	0.223222	0.218888	0.247065	0.226271	0.221533	0.225562	0.235846	0.234352	0.23829	0.23985	0.244717	0.250729	0.244429	0.236658	0.237179	0.236969	0.241357	0.237382	0.237253	0.284782	0.245365	0.246738	0.221313	0.234304	0.249074	0.231929	0.215418	0.221298	0.220335	0.205192	0.20946	0.20375	0.19693	0.20782	0.227577	0.210509	0.2141	0.20959	0.207186	0.205982	0.224425	0.201285	0.205453	0.220127	0.219324	0.210128	0.212661	0.200977	0.216598	0.193203	0.209986	0.209545	0.21822	0.211672	0.206721	0.213305	0.194491	0.207912	0.203075	0.218194	0.200756	0.208829	0.219815	0.201504	0.191829	0.2087	0.22896	0.228746	0.209676	0.208866	0.217892	0.199548	0.193592	0.188139	0.175432	0.179977	0.186518	0.178299	0.174806	0.168254	0.157109	0.171026	0.160617	0.174414	0.170582	0.11664	0.120973	0.115069	0.136633	0.121406	0.106257	0.103706	0	0.0261083	0.258007	0.282187	0.275829	0.291047	0.344962	0.328325	0.278722	0.298672	0.281912	0.268725	0.280874	0.214586	0.218363	0.238554	0.234422	0.23392	0.242052	0.243196	0.249316	0.197524	0.27934	0.267461	0.270338	0.299966	0.226964	0.225831	0.203684	0.206059	0.218484	0.259751	0.239149	0.368568	0.262942	0.263992	0.276386	0.266629	0.243529	0.253015	0.232559	0.229972	0.260233	0.255302	0.294596	0.307761	0.319273	0.326374	0.320721	0.301618	0.196435	0.196427	0.19994	0.207072	0.284647	0.281208	0.269969	0.255378	0.256373	0.245955	0.231613	0.231815	0.233814	0.238326	0.204952	0.203033	0.194508	0.200552	0.199412	0.204888	0.22744	0.230829	0.214902	0.212581	0.220364	0.221719	0.209237	0.222728	0.225273	0.21831	0.227564	0.217233	0.211509	0.229825	0.232156	0.366823	0.239694	0.225692	0.22559	0.279385	0.275755	0.286599	0.280949	0.270185	0.211301	0.221129	0.23243	0.203657	0.205886	0.203803	0.20634	0.214533	0.224633	0.213575	0.237978	0.228069	0.243846	0.208491	0.18258	0.226898	0.222979	0.344962	0.414484	0.425832	0.405446	0.491303	0.387091	0.391269	0.401314	0.395894	0.361769	0.325353	0.339833	0.338687	0.354678	0.360689	0.324886	0.26848	0.270674	0.269624	0.268529	0.303876	0.297086	0.394852	0.386628	0.398443	0.396503	0.410844	0.402717	0.387493	0.40692	0.40692	0.398882	0.329244	0.328968	0.302408	0.19024	0.187948	0.186681	0.192511	0.192607	0.228788	0.234709	0.232261	0.22178	0.213798	0.227032	0.227032	0.233806	0.225894	0.228161	0.237104	0.197512	0.191444	0.213247	0.224218	0.207293	0.226211	0.252408	0.258627	0.282996	0.193181	0.195686	0.197611	0.219165	0.186214	0.189562	0.191124	0.191818	0.181442	0.201559	0.209294
Manacus_manacus	0.206427	0.213672	0.208444	0.218462	0.226955	0.216611	0.217154	0.214351	0.230808	0.236748	0.234915	0.229952	0.225349	0.237102	0.229574	0.242359	0.234041	0.234127	0.21404	0.235552	0.249977	0.236219	0.24059	0.234985	0.234071	0.209613	0.243102	0.241591	0.236503	0.243678	0.235925	0.238071	0.269676	0.266493	0.247598	0.238487	0.229698	0.24422	0.254427	0.236545	0.23405	0.225853	0.240713	0.255046	0.266291	0.237334	0.259006	0.239674	0.236915	0.2335	0.230553	0.218051	0.228015	0.235833	0.222807	0.234083	0.216139	0.211805	0.239982	0.219188	0.21445	0.218479	0.228763	0.227269	0.231207	0.232767	0.237634	0.243646	0.237345	0.229574	0.230096	0.229886	0.234274	0.230298	0.23017	0.277699	0.238281	0.239655	0.21423	0.227221	0.24199	0.224845	0.208335	0.214214	0.213251	0.198109	0.202377	0.196667	0.189846	0.200737	0.220494	0.203426	0.207017	0.202506	0.200102	0.198898	0.217342	0.194202	0.198369	0.213044	0.21224	0.203045	0.205578	0.193894	0.209514	0.18612	0.202903	0.202462	0.211136	0.204589	0.199638	0.206222	0.187408	0.200829	0.195991	0.211111	0.193673	0.201746	0.212731	0.194421	0.184746	0.201617	0.221876	0.221663	0.202593	0.201783	0.210809	0.192465	0.186509	0.181055	0.168348	0.172894	0.179435	0.171216	0.167722	0.161171	0.150026	0.163943	0.153534	0.167331	0.163499	0.109557	0.11389	0.107986	0.12955	0.114322	0.0991741	0.0966224	0.0261083	0	0.250924	0.275104	0.268745	0.283964	0.337878	0.321241	0.271639	0.291589	0.274828	0.261642	0.273791	0.207503	0.21128	0.231471	0.227339	0.226837	0.234969	0.236113	0.242232	0.19044	0.272257	0.260378	0.263254	0.292883	0.21988	0.218748	0.196601	0.198976	0.211401	0.252668	0.232066	0.361485	0.255859	0.256908	0.269303	0.259546	0.236446	0.245932	0.225476	0.222889	0.25315	0.248219	0.287513	0.300677	0.31219	0.319291	0.313638	0.294535	0.189352	0.189343	0.192857	0.199989	0.277564	0.274125	0.262886	0.248295	0.249289	0.238872	0.22453	0.224731	0.226731	0.231243	0.197869	0.19595	0.187425	0.193469	0.192329	0.197805	0.220357	0.223746	0.207819	0.205498	0.213281	0.214635	0.202154	0.215645	0.21819	0.211226	0.22048	0.21015	0.204426	0.222742	0.225073	0.35974	0.23261	0.218608	0.218507	0.272302	0.268672	0.279516	0.273866	0.263102	0.204217	0.214045	0.225347	0.196574	0.198802	0.19672	0.199257	0.207449	0.21755	0.206492	0.230894	0.220986	0.236763	0.201408	0.175497	0.219814	0.215896	0.337878	0.407401	0.418749	0.398363	0.484219	0.380008	0.384186	0.39423	0.388811	0.354686	0.31827	0.332749	0.331604	0.347595	0.353605	0.317802	0.261397	0.263591	0.262541	0.261446	0.296793	0.290003	0.387769	0.379544	0.391359	0.38942	0.403761	0.395634	0.38041	0.399837	0.399837	0.391798	0.322161	0.321885	0.295324	0.183157	0.180865	0.179598	0.185427	0.185524	0.221705	0.227626	0.225178	0.214697	0.206715	0.219948	0.219948	0.226723	0.218811	0.221077	0.230021	0.190429	0.184361	0.206164	0.217135	0.20021	0.219128	0.245325	0.251544	0.275913	0.186098	0.188603	0.190527	0.212082	0.179131	0.182479	0.18404	0.184734	0.174358	0.194475	0.202211
Aegotheles_bennettii	0.238446	0.274478	0.26925	0.279268	0.287761	0.277417	0.27796	0.275157	0.291614	0.297554	0.295721	0.290758	0.286155	0.297908	0.29038	0.303165	0.294847	0.294933	0.274846	0.296358	0.310783	0.297025	0.301396	0.295791	0.294878	0.270419	0.303908	0.302397	0.297309	0.304484	0.296732	0.298877	0.330482	0.327299	0.308405	0.299293	0.290504	0.305027	0.315233	0.297351	0.294856	0.286659	0.301519	0.315852	0.327097	0.29814	0.319812	0.30048	0.297721	0.294306	0.291359	0.278857	0.288821	0.296639	0.283613	0.294889	0.276945	0.272611	0.300788	0.279994	0.275256	0.279285	0.289569	0.288075	0.292013	0.293573	0.29844	0.304452	0.298151	0.29038	0.290902	0.290692	0.29508	0.291104	0.290976	0.338505	0.299087	0.300461	0.275036	0.288027	0.302796	0.285651	0.269141	0.27502	0.274057	0.258915	0.263183	0.257473	0.250652	0.261543	0.2813	0.264232	0.267823	0.263312	0.260908	0.259704	0.278148	0.255008	0.259175	0.27385	0.273046	0.263851	0.266384	0.2547	0.27032	0.246926	0.263709	0.263268	0.271942	0.265395	0.260444	0.267028	0.248214	0.261635	0.256797	0.271917	0.254479	0.262552	0.273538	0.255227	0.245552	0.262423	0.282682	0.282469	0.263399	0.262589	0.271615	0.253271	0.247315	0.241862	0.260239	0.264784	0.271325	0.280101	0.276608	0.270056	0.258912	0.272829	0.26242	0.276217	0.272385	0.261962	0.266295	0.260391	0.281955	0.266727	0.251579	0.249027	0.258007	0.250924	0	0.204752	0.198393	0.213612	0.285972	0.269336	0.219733	0.239683	0.222923	0.209736	0.221885	0.157771	0.161548	0.181739	0.177609	0.177107	0.185239	0.19083	0.196949	0.147493	0.22931	0.21743	0.222423	0.252052	0.179049	0.177917	0.15577	0.158145	0.17057	0.211837	0.191235	0.320654	0.215028	0.216078	0.228472	0.218715	0.195615	0.205101	0.184645	0.182058	0.212319	0.207388	0.246682	0.259846	0.271359	0.27846	0.272807	0.253704	0.148523	0.148514	0.152028	0.15916	0.241211	0.237772	0.226533	0.211942	0.212936	0.202519	0.188177	0.188378	0.190378	0.19489	0.161516	0.159597	0.151072	0.157116	0.155976	0.161452	0.184004	0.187393	0.171466	0.169145	0.176928	0.178283	0.165801	0.179292	0.181837	0.174873	0.184127	0.173797	0.168073	0.186389	0.18872	0.323387	0.196258	0.182255	0.182154	0.235949	0.232319	0.243163	0.237513	0.226749	0.167865	0.177693	0.188994	0.160221	0.16245	0.160367	0.162904	0.171096	0.181197	0.170139	0.194541	0.184633	0.20041	0.165055	0.139144	0.183462	0.179543	0.301525	0.371048	0.382396	0.36201	0.447867	0.343655	0.347833	0.357877	0.352458	0.318333	0.281917	0.296396	0.295251	0.311242	0.317252	0.281449	0.225044	0.227238	0.226188	0.225093	0.26044	0.25365	0.351416	0.343192	0.355007	0.353067	0.367408	0.359281	0.344057	0.363484	0.363484	0.355445	0.285808	0.285532	0.258971	0.146804	0.144512	0.143245	0.149074	0.149171	0.185352	0.191273	0.188825	0.178344	0.170362	0.183595	0.183595	0.19037	0.182458	0.184725	0.193668	0.154076	0.148008	0.169811	0.180782	0.163857	0.182775	0.208972	0.215191	0.23956	0.149745	0.15225	0.154174	0.175729	0.142778	0.146126	0.147688	0.148381	0.138005	0.158123	0.165858
Chaetura_pelagica	0.262625	0.298658	0.29343	0.303447	0.31194	0.301596	0.30214	0.299337	0.315794	0.321734	0.3199	0.314938	0.310335	0.322088	0.314559	0.327345	0.319026	0.319112	0.299025	0.320538	0.334963	0.321204	0.325575	0.31997	0.319057	0.294598	0.328088	0.326577	0.321488	0.328664	0.320911	0.323057	0.354662	0.351478	0.332584	0.323472	0.314683	0.329206	0.339413	0.32153	0.319036	0.310838	0.325698	0.340032	0.351277	0.32232	0.343992	0.324659	0.321901	0.318485	0.315539	0.303036	0.313001	0.320819	0.307793	0.319069	0.301124	0.29679	0.324968	0.304173	0.299436	0.303464	0.313749	0.312255	0.316192	0.317753	0.322619	0.328632	0.322331	0.31456	0.315081	0.314872	0.31926	0.315284	0.315155	0.362685	0.323267	0.32464	0.299215	0.312207	0.326976	0.309831	0.293321	0.2992	0.298237	0.283095	0.287363	0.281652	0.274832	0.285723	0.305479	0.288412	0.292003	0.287492	0.285088	0.283884	0.302327	0.279188	0.283355	0.29803	0.297226	0.288031	0.290564	0.27888	0.2945	0.271105	0.287889	0.287448	0.296122	0.289574	0.284623	0.291208	0.272393	0.285815	0.280977	0.296097	0.278658	0.286732	0.297717	0.279406	0.269732	0.286603	0.306862	0.306648	0.287579	0.286769	0.295795	0.27745	0.271494	0.266041	0.284418	0.288964	0.295505	0.304281	0.300788	0.294236	0.283091	0.297009	0.286599	0.300397	0.296565	0.286141	0.290474	0.284571	0.306134	0.290907	0.275759	0.273207	0.282187	0.275104	0.204752	0	0.134284	0.212637	0.310152	0.293515	0.243913	0.263862	0.247102	0.233916	0.246065	0.181951	0.185728	0.205919	0.201788	0.201286	0.209419	0.215009	0.221128	0.171673	0.25349	0.24161	0.246603	0.276232	0.203229	0.202097	0.17995	0.182325	0.194749	0.236017	0.215415	0.344833	0.239208	0.240257	0.252651	0.242895	0.219795	0.22928	0.208824	0.206238	0.236498	0.231568	0.270862	0.284026	0.295538	0.30264	0.296987	0.277884	0.172702	0.172694	0.176207	0.18334	0.265391	0.261952	0.250713	0.236121	0.237116	0.226698	0.212356	0.212558	0.214557	0.21907	0.185696	0.183776	0.175252	0.181296	0.180156	0.185632	0.208184	0.211573	0.195645	0.193324	0.201107	0.202462	0.189981	0.203472	0.206017	0.199053	0.208307	0.197976	0.192252	0.210568	0.2129	0.347567	0.220437	0.206435	0.206334	0.260128	0.256499	0.267343	0.261693	0.250929	0.192044	0.201872	0.213174	0.184401	0.186629	0.184547	0.187084	0.195276	0.205377	0.194318	0.218721	0.208813	0.22459	0.189235	0.163324	0.207641	0.203723	0.325705	0.395228	0.406575	0.38619	0.472046	0.367835	0.372013	0.382057	0.376638	0.342513	0.306097	0.320576	0.319431	0.335422	0.341432	0.305629	0.249224	0.251417	0.250368	0.249273	0.28462	0.27783	0.375595	0.367371	0.379186	0.377247	0.391588	0.383461	0.368237	0.387664	0.387664	0.379625	0.309988	0.309712	0.283151	0.170983	0.168692	0.167424	0.173254	0.17335	0.209532	0.215452	0.213004	0.202524	0.194542	0.207775	0.207775	0.21455	0.206637	0.208904	0.217848	0.178256	0.172188	0.193991	0.204961	0.188037	0.206955	0.233152	0.239371	0.263739	0.173925	0.17643	0.178354	0.199909	0.166958	0.170306	0.171867	0.172561	0.162185	0.182302	0.190037
Hemiprocne_comata	0.256267	0.292299	0.287072	0.297089	0.305582	0.295238	0.295781	0.292978	0.309435	0.315375	0.313542	0.308579	0.303977	0.315729	0.308201	0.320987	0.312668	0.312754	0.292667	0.31418	0.328605	0.314846	0.319217	0.313612	0.312699	0.28824	0.32173	0.320218	0.31513	0.322306	0.314553	0.316698	0.348304	0.34512	0.326226	0.317114	0.308325	0.322848	0.333055	0.315172	0.312677	0.30448	0.31934	0.333674	0.344919	0.315962	0.337634	0.318301	0.315543	0.312127	0.30918	0.296678	0.306643	0.314461	0.301435	0.312711	0.294766	0.290432	0.318609	0.297815	0.293077	0.297106	0.307391	0.305897	0.309834	0.311395	0.316261	0.322273	0.315973	0.308202	0.308723	0.308513	0.312902	0.308926	0.308797	0.356326	0.316909	0.318282	0.292857	0.305848	0.320618	0.303473	0.286963	0.292842	0.291879	0.276737	0.281004	0.275294	0.268474	0.279364	0.299121	0.282053	0.285645	0.281134	0.27873	0.277526	0.295969	0.27283	0.276997	0.291672	0.290868	0.281673	0.284205	0.272521	0.288142	0.264747	0.28153	0.28109	0.289764	0.283216	0.278265	0.284849	0.266035	0.279457	0.274619	0.289738	0.2723	0.280373	0.291359	0.273048	0.263373	0.280245	0.300504	0.30029	0.28122	0.28041	0.289437	0.271092	0.265136	0.259683	0.27806	0.282606	0.289147	0.297923	0.29443	0.287878	0.276733	0.29065	0.280241	0.294038	0.290206	0.279783	0.284116	0.278212	0.299776	0.284549	0.2694	0.266849	0.275829	0.268745	0.198393	0.134284	0	0.206278	0.303794	0.287157	0.237554	0.257504	0.240744	0.227558	0.239707	0.175593	0.17937	0.199561	0.19543	0.194928	0.203061	0.208651	0.21477	0.165315	0.247131	0.235252	0.240245	0.269873	0.196871	0.195738	0.173592	0.175966	0.188391	0.229658	0.209057	0.338475	0.232849	0.233899	0.246293	0.236536	0.213437	0.222922	0.202466	0.199879	0.23014	0.22521	0.264503	0.277668	0.28918	0.296281	0.290628	0.271525	0.166344	0.166336	0.169849	0.176981	0.259032	0.255593	0.244355	0.229763	0.230758	0.22034	0.205998	0.2062	0.208199	0.212712	0.179337	0.177418	0.168893	0.174937	0.173797	0.179273	0.201826	0.205214	0.189287	0.186966	0.194749	0.196104	0.183622	0.197114	0.199659	0.192695	0.201949	0.191618	0.185894	0.20421	0.206542	0.341209	0.214079	0.200077	0.199975	0.25377	0.250141	0.260984	0.255335	0.244571	0.185686	0.195514	0.206816	0.178043	0.180271	0.178188	0.180725	0.188918	0.199019	0.18796	0.212363	0.202455	0.218231	0.182876	0.156965	0.201283	0.197365	0.319347	0.388869	0.400217	0.379831	0.465688	0.361476	0.365655	0.375699	0.37028	0.336155	0.299739	0.314218	0.313073	0.329063	0.335074	0.299271	0.242866	0.245059	0.244009	0.242914	0.278262	0.271472	0.369237	0.361013	0.372828	0.370888	0.38523	0.377103	0.361879	0.381306	0.381306	0.373267	0.303629	0.303353	0.276793	0.164625	0.162333	0.161066	0.166896	0.166992	0.203174	0.209094	0.206646	0.196165	0.188184	0.201417	0.201417	0.208191	0.200279	0.202546	0.21149	0.171898	0.16583	0.187632	0.198603	0.181678	0.200596	0.226794	0.233013	0.257381	0.167567	0.170071	0.171996	0.19355	0.1606	0.163948	0.165509	0.166203	0.155827	0.175944	0.183679
Oreotrochilus_melanogaster	0.271486	0.307518	0.30229	0.312308	0.320801	0.310457	0.311	0.308197	0.324654	0.330594	0.328761	0.323798	0.319195	0.330948	0.32342	0.336205	0.327887	0.327973	0.307886	0.329398	0.343823	0.330065	0.334436	0.328831	0.327918	0.303459	0.336948	0.335437	0.330349	0.337524	0.329772	0.331917	0.363523	0.360339	0.341445	0.332333	0.323544	0.338067	0.348273	0.330391	0.327896	0.319699	0.334559	0.348892	0.360137	0.33118	0.352852	0.33352	0.330761	0.327346	0.324399	0.311897	0.321861	0.329679	0.316653	0.327929	0.309985	0.305651	0.333828	0.313034	0.308296	0.312325	0.322609	0.321115	0.325053	0.326613	0.33148	0.337492	0.331191	0.32342	0.323942	0.323732	0.32812	0.324144	0.324016	0.371545	0.332127	0.333501	0.308076	0.321067	0.335836	0.318691	0.302181	0.30806	0.307097	0.291955	0.296223	0.290513	0.283692	0.294583	0.31434	0.297272	0.300863	0.296353	0.293949	0.292744	0.311188	0.288048	0.292215	0.30689	0.306086	0.296891	0.299424	0.28774	0.30336	0.279966	0.296749	0.296308	0.304982	0.298435	0.293484	0.300068	0.281254	0.294675	0.289837	0.304957	0.287519	0.295592	0.306578	0.288267	0.278592	0.295463	0.315722	0.315509	0.296439	0.295629	0.304655	0.286311	0.280355	0.274902	0.293279	0.297824	0.304365	0.313141	0.309648	0.303096	0.291952	0.305869	0.29546	0.309257	0.305425	0.295002	0.299335	0.293431	0.314995	0.299767	0.284619	0.282067	0.291047	0.283964	0.213612	0.212637	0.206278	0	0.319012	0.302376	0.252773	0.272723	0.255963	0.242776	0.254925	0.190811	0.194588	0.214779	0.210649	0.210147	0.218279	0.22387	0.229989	0.180533	0.26235	0.25047	0.255463	0.285092	0.212089	0.210957	0.18881	0.191185	0.20361	0.244877	0.224275	0.353694	0.248068	0.249118	0.261512	0.251755	0.228655	0.238141	0.217685	0.215098	0.245359	0.240428	0.279722	0.292886	0.304399	0.3115	0.305847	0.286744	0.181563	0.181554	0.185068	0.1922	0.274251	0.270812	0.259573	0.244982	0.245976	0.235559	0.221217	0.221418	0.223418	0.22793	0.194556	0.192637	0.184112	0.190156	0.189016	0.194492	0.217044	0.220433	0.204506	0.202185	0.209968	0.211323	0.198841	0.212332	0.214877	0.207913	0.217167	0.206837	0.201113	0.219429	0.22176	0.356427	0.229298	0.215295	0.215194	0.268989	0.265359	0.276203	0.270553	0.259789	0.200905	0.210733	0.222034	0.193261	0.19549	0.193407	0.195944	0.204136	0.214237	0.203179	0.227581	0.217673	0.23345	0.198095	0.172184	0.216502	0.212583	0.334565	0.404088	0.415436	0.39505	0.480907	0.376695	0.380873	0.390917	0.385498	0.351373	0.314957	0.329436	0.328291	0.344282	0.350292	0.314489	0.258084	0.260278	0.259228	0.258133	0.29348	0.28669	0.384456	0.376232	0.388047	0.386107	0.400448	0.392321	0.377097	0.396524	0.396524	0.388485	0.318848	0.318572	0.292011	0.179844	0.177552	0.176285	0.182114	0.182211	0.218392	0.224313	0.221865	0.211384	0.203402	0.216636	0.216636	0.22341	0.215498	0.217765	0.226708	0.187116	0.181048	0.202851	0.213822	0.196897	0.215815	0.242012	0.248231	0.2726	0.182785	0.18529	0.187214	0.208769	0.175818	0.179166	0.180728	0.181421	0.171045	0.191163	0.198898
Centropus_bengalensis	0.3254	0.361432	0.356205	0.366222	0.374715	0.364371	0.364914	0.362111	0.378568	0.384508	0.382675	0.377712	0.37311	0.384862	0.377334	0.390119	0.381801	0.381887	0.3618	0.383313	0.397738	0.383979	0.38835	0.382745	0.381832	0.357373	0.390862	0.389351	0.384263	0.391438	0.383686	0.385831	0.417437	0.414253	0.395359	0.386247	0.377458	0.391981	0.402188	0.384305	0.38181	0.373613	0.388473	0.402807	0.414052	0.385095	0.406767	0.387434	0.384676	0.38126	0.378313	0.365811	0.375776	0.383594	0.370568	0.381844	0.363899	0.359565	0.387742	0.366948	0.36221	0.366239	0.376524	0.375029	0.378967	0.380528	0.385394	0.391406	0.385106	0.377335	0.377856	0.377646	0.382034	0.378059	0.37793	0.425459	0.386042	0.387415	0.36199	0.374981	0.389751	0.372606	0.356096	0.361975	0.361012	0.34587	0.350137	0.344427	0.337607	0.348497	0.368254	0.351186	0.354778	0.350267	0.347863	0.346659	0.365102	0.341962	0.34613	0.360805	0.360001	0.350806	0.353338	0.341654	0.357275	0.33388	0.350663	0.350223	0.358897	0.352349	0.347398	0.353982	0.335168	0.348589	0.343752	0.358871	0.341433	0.349506	0.360492	0.342181	0.332506	0.349378	0.369637	0.369423	0.350353	0.349543	0.358569	0.340225	0.334269	0.328816	0.347193	0.351739	0.358279	0.367056	0.363562	0.357011	0.345866	0.359783	0.349374	0.363171	0.359339	0.348916	0.353249	0.347345	0.368909	0.353682	0.338533	0.335982	0.344962	0.337878	0.285972	0.310152	0.303794	0.319012	0	0.0462418	0.194794	0.214743	0.197983	0.235065	0.247214	0.244725	0.248503	0.268694	0.264563	0.264061	0.272194	0.277784	0.283903	0.234447	0.316264	0.304385	0.309378	0.339006	0.266004	0.264871	0.242725	0.245099	0.257524	0.298791	0.278189	0.407608	0.301982	0.303032	0.315426	0.305669	0.282569	0.292055	0.271599	0.269012	0.299273	0.294343	0.333636	0.346801	0.358313	0.365414	0.359761	0.340658	0.235477	0.235469	0.238982	0.246114	0.328165	0.324726	0.313488	0.298896	0.299891	0.289473	0.275131	0.275333	0.277332	0.281844	0.24847	0.246551	0.238026	0.24407	0.24293	0.248406	0.270958	0.274347	0.25842	0.256099	0.263882	0.265237	0.252755	0.266246	0.268792	0.261828	0.271082	0.260751	0.255027	0.273343	0.275675	0.410342	0.283212	0.26921	0.269108	0.322903	0.319274	0.330117	0.324467	0.313704	0.254819	0.264647	0.275948	0.247176	0.249404	0.247321	0.249858	0.258051	0.268152	0.257093	0.281496	0.271588	0.287364	0.252009	0.226098	0.270416	0.266498	0.38848	0.458002	0.46935	0.448964	0.534821	0.430609	0.434788	0.444832	0.439412	0.405287	0.368872	0.383351	0.382205	0.398196	0.404207	0.368404	0.311999	0.314192	0.313142	0.312047	0.347395	0.340605	0.43837	0.430146	0.441961	0.440021	0.454363	0.446236	0.431011	0.450439	0.450439	0.4424	0.372762	0.372486	0.345926	0.233758	0.231466	0.230199	0.236029	0.236125	0.272307	0.278227	0.275779	0.265298	0.257317	0.27055	0.27055	0.277324	0.269412	0.271679	0.280622	0.24103	0.234962	0.256765	0.267736	0.250811	0.269729	0.295927	0.302145	0.326514	0.2367	0.239204	0.241129	0.262683	0.229733	0.233081	0.234642	0.235336	0.22496	0.245077	0.252812
Centropus_unirufus	0.308763	0.344795	0.339568	0.349585	0.358078	0.347734	0.348277	0.345474	0.361931	0.367872	0.366038	0.361075	0.356473	0.368226	0.360697	0.373483	0.365164	0.36525	0.345163	0.366676	0.381101	0.367342	0.371713	0.366108	0.365195	0.340736	0.374226	0.372714	0.367626	0.374802	0.367049	0.369194	0.4008	0.397616	0.378722	0.36961	0.360821	0.375344	0.385551	0.367668	0.365173	0.356976	0.371836	0.38617	0.397415	0.368458	0.39013	0.370797	0.368039	0.364623	0.361677	0.349174	0.359139	0.366957	0.353931	0.365207	0.347262	0.342928	0.371105	0.350311	0.345573	0.349602	0.359887	0.358393	0.36233	0.363891	0.368757	0.374769	0.368469	0.360698	0.361219	0.361009	0.365398	0.361422	0.361293	0.408822	0.369405	0.370778	0.345353	0.358344	0.373114	0.355969	0.339459	0.345338	0.344375	0.329233	0.333501	0.32779	0.32097	0.33186	0.351617	0.334549	0.338141	0.33363	0.331226	0.330022	0.348465	0.325326	0.329493	0.344168	0.343364	0.334169	0.336701	0.325017	0.340638	0.317243	0.334026	0.333586	0.34226	0.335712	0.330761	0.337346	0.318531	0.331953	0.327115	0.342234	0.324796	0.332869	0.343855	0.325544	0.315869	0.332741	0.353	0.352786	0.333716	0.332906	0.341933	0.323588	0.317632	0.312179	0.330556	0.335102	0.341643	0.350419	0.346926	0.340374	0.329229	0.343146	0.332737	0.346534	0.342702	0.332279	0.336612	0.330708	0.352272	0.337045	0.321897	0.319345	0.328325	0.321241	0.269336	0.293515	0.287157	0.302376	0.0462418	0	0.178157	0.198106	0.181346	0.218428	0.230577	0.228089	0.231866	0.252057	0.247926	0.247424	0.255557	0.261147	0.267266	0.217811	0.299628	0.287748	0.292741	0.322369	0.249367	0.248234	0.226088	0.228462	0.240887	0.282154	0.261553	0.390971	0.285346	0.286395	0.298789	0.289032	0.265933	0.275418	0.254962	0.252375	0.282636	0.277706	0.317	0.330164	0.341676	0.348778	0.343124	0.324022	0.21884	0.218832	0.222345	0.229477	0.311528	0.30809	0.296851	0.282259	0.283254	0.272836	0.258494	0.258696	0.260695	0.265208	0.231833	0.229914	0.221389	0.227433	0.226294	0.23177	0.254322	0.25771	0.241783	0.239462	0.247245	0.2486	0.236118	0.24961	0.252155	0.245191	0.254445	0.244114	0.23839	0.256706	0.259038	0.393705	0.266575	0.252573	0.252472	0.306266	0.302637	0.31348	0.307831	0.297067	0.238182	0.24801	0.259312	0.230539	0.232767	0.230684	0.233221	0.241414	0.251515	0.240456	0.264859	0.254951	0.270727	0.235372	0.209462	0.253779	0.249861	0.371843	0.441365	0.452713	0.432328	0.518184	0.413973	0.418151	0.428195	0.422776	0.388651	0.352235	0.366714	0.365569	0.381559	0.38757	0.351767	0.295362	0.297555	0.296506	0.29541	0.330758	0.323968	0.421733	0.413509	0.425324	0.423384	0.437726	0.429599	0.414375	0.433802	0.433802	0.425763	0.356125	0.355849	0.329289	0.217121	0.21483	0.213562	0.219392	0.219488	0.25567	0.26159	0.259142	0.248661	0.24068	0.253913	0.253913	0.260687	0.252775	0.255042	0.263986	0.224394	0.218326	0.240128	0.251099	0.234174	0.253092	0.27929	0.285509	0.309877	0.220063	0.222568	0.224492	0.246047	0.213096	0.216444	0.218005	0.218699	0.208323	0.22844	0.236175
Ceuthmochares_aereus	0.25916	0.295193	0.289965	0.299983	0.308476	0.298132	0.298675	0.295872	0.312329	0.318269	0.316436	0.311473	0.30687	0.318623	0.311095	0.32388	0.315562	0.315648	0.295561	0.317073	0.331498	0.31774	0.322111	0.316506	0.315592	0.291134	0.324623	0.323112	0.318024	0.325199	0.317446	0.319592	0.351197	0.348014	0.329119	0.320008	0.311219	0.325741	0.335948	0.318066	0.315571	0.307374	0.322234	0.336567	0.347812	0.318855	0.340527	0.321195	0.318436	0.315021	0.312074	0.299572	0.309536	0.317354	0.304328	0.315604	0.29766	0.293326	0.321503	0.300709	0.295971	0.3	0.310284	0.30879	0.312728	0.314288	0.319155	0.325167	0.318866	0.311095	0.311617	0.311407	0.315795	0.311819	0.311691	0.35922	0.319802	0.321176	0.295751	0.308742	0.323511	0.306366	0.289856	0.295735	0.294772	0.27963	0.283898	0.278188	0.271367	0.282258	0.302015	0.284947	0.288538	0.284027	0.281623	0.280419	0.298863	0.275723	0.27989	0.294565	0.293761	0.284566	0.287099	0.275415	0.291035	0.267641	0.284424	0.283983	0.292657	0.28611	0.281159	0.287743	0.268929	0.28235	0.277512	0.292632	0.275194	0.283267	0.294252	0.275942	0.266267	0.283138	0.303397	0.303184	0.284114	0.283304	0.29233	0.273986	0.26803	0.262576	0.280953	0.285499	0.29204	0.300816	0.297323	0.290771	0.279627	0.293544	0.283135	0.296932	0.2931	0.282677	0.28701	0.281106	0.30267	0.287442	0.272294	0.269742	0.278722	0.271639	0.219733	0.243913	0.237554	0.252773	0.194794	0.178157	0	0.0724163	0.105141	0.168825	0.180974	0.178486	0.182263	0.202454	0.198324	0.197822	0.205954	0.211545	0.217664	0.168208	0.250025	0.238145	0.243138	0.272767	0.199764	0.198632	0.176485	0.17886	0.191285	0.232552	0.21195	0.341369	0.235743	0.236792	0.249187	0.23943	0.21633	0.225816	0.20536	0.202773	0.233034	0.228103	0.267397	0.280561	0.292074	0.299175	0.293522	0.274419	0.169238	0.169229	0.172743	0.179875	0.261926	0.258487	0.247248	0.232657	0.233651	0.223234	0.208892	0.209093	0.211093	0.215605	0.182231	0.180312	0.171787	0.177831	0.176691	0.182167	0.204719	0.208108	0.192181	0.18986	0.197643	0.198998	0.186516	0.200007	0.202552	0.195588	0.204842	0.194512	0.188788	0.207104	0.209435	0.344102	0.216972	0.20297	0.202869	0.256664	0.253034	0.263878	0.258228	0.247464	0.18858	0.198407	0.209709	0.180936	0.183165	0.181082	0.183619	0.191811	0.201912	0.190854	0.215256	0.205348	0.221125	0.18577	0.159859	0.204177	0.200258	0.32224	0.391763	0.403111	0.382725	0.468582	0.36437	0.368548	0.378592	0.373173	0.339048	0.302632	0.317111	0.315966	0.331957	0.337967	0.302164	0.245759	0.247953	0.246903	0.245808	0.281155	0.274365	0.372131	0.363906	0.375722	0.373782	0.388123	0.379996	0.364772	0.384199	0.384199	0.37616	0.306523	0.306247	0.279686	0.167519	0.165227	0.16396	0.169789	0.169886	0.206067	0.211988	0.20954	0.199059	0.191077	0.20431	0.20431	0.211085	0.203173	0.20544	0.214383	0.174791	0.168723	0.190526	0.201497	0.184572	0.20349	0.229687	0.235906	0.260275	0.17046	0.172965	0.174889	0.196444	0.163493	0.166841	0.168403	0.169096	0.15872	0.178837	0.186573
Piaya_cayana	0.27911	0.315143	0.309915	0.319932	0.328425	0.318081	0.318624	0.315821	0.332279	0.338219	0.336385	0.331423	0.32682	0.338573	0.331044	0.34383	0.335511	0.335597	0.31551	0.337023	0.351448	0.337689	0.34206	0.336455	0.335542	0.311083	0.344573	0.343062	0.337973	0.345149	0.337396	0.339541	0.371147	0.367963	0.349069	0.339957	0.331168	0.345691	0.355898	0.338015	0.335521	0.327323	0.342183	0.356517	0.367762	0.338805	0.360477	0.341144	0.338386	0.33497	0.332024	0.319521	0.329486	0.337304	0.324278	0.335554	0.317609	0.313275	0.341453	0.320658	0.315921	0.319949	0.330234	0.32874	0.332677	0.334238	0.339104	0.345116	0.338816	0.331045	0.331566	0.331357	0.335745	0.331769	0.33164	0.379169	0.339752	0.341125	0.3157	0.328692	0.343461	0.326316	0.309806	0.315685	0.314722	0.29958	0.303848	0.298137	0.291317	0.302208	0.321964	0.304896	0.308488	0.303977	0.301573	0.300369	0.318812	0.295673	0.29984	0.314515	0.313711	0.304516	0.307049	0.295365	0.310985	0.28759	0.304374	0.303933	0.312607	0.306059	0.301108	0.307693	0.288878	0.3023	0.297462	0.312582	0.295143	0.303217	0.314202	0.295891	0.286217	0.303088	0.323347	0.323133	0.304063	0.303253	0.31228	0.293935	0.287979	0.282526	0.300903	0.305449	0.31199	0.320766	0.317273	0.310721	0.299576	0.313493	0.303084	0.316881	0.31305	0.302626	0.306959	0.301056	0.322619	0.307392	0.292244	0.289692	0.298672	0.291589	0.239683	0.263862	0.257504	0.272723	0.214743	0.198106	0.0724163	0	0.125091	0.188775	0.200924	0.198436	0.202213	0.222404	0.218273	0.217771	0.225904	0.231494	0.237613	0.188158	0.269975	0.258095	0.263088	0.292717	0.219714	0.218581	0.196435	0.198809	0.211234	0.252502	0.2319	0.361318	0.255693	0.256742	0.269136	0.259379	0.23628	0.245765	0.225309	0.222723	0.252983	0.248053	0.287347	0.300511	0.312023	0.319125	0.313471	0.294369	0.189187	0.189179	0.192692	0.199825	0.281875	0.278437	0.267198	0.252606	0.253601	0.243183	0.228841	0.229043	0.231042	0.235555	0.20218	0.200261	0.191737	0.19778	0.196641	0.202117	0.224669	0.228057	0.21213	0.209809	0.217592	0.218947	0.206466	0.219957	0.222502	0.215538	0.224792	0.214461	0.208737	0.227053	0.229385	0.364052	0.236922	0.22292	0.222819	0.276613	0.272984	0.283827	0.278178	0.267414	0.208529	0.218357	0.229659	0.200886	0.203114	0.201032	0.203568	0.211761	0.221862	0.210803	0.235206	0.225298	0.241074	0.205719	0.179809	0.224126	0.220208	0.34219	0.411712	0.42306	0.402675	0.488531	0.38432	0.388498	0.398542	0.393123	0.358998	0.322582	0.337061	0.335916	0.351907	0.357917	0.322114	0.265709	0.267902	0.266853	0.265758	0.301105	0.294315	0.39208	0.383856	0.395671	0.393731	0.408073	0.399946	0.384722	0.404149	0.404149	0.39611	0.326473	0.326197	0.299636	0.187468	0.185177	0.183909	0.189739	0.189835	0.226017	0.231937	0.229489	0.219008	0.211027	0.22426	0.22426	0.231035	0.223122	0.225389	0.234333	0.194741	0.188673	0.210475	0.221446	0.204522	0.223439	0.249637	0.255856	0.280224	0.19041	0.192915	0.194839	0.216394	0.183443	0.186791	0.188352	0.189046	0.17867	0.198787	0.206522
Cuculus_canorus	0.26235	0.298382	0.293155	0.303172	0.311665	0.301321	0.301864	0.299061	0.315518	0.321459	0.319625	0.314662	0.31006	0.321813	0.314284	0.32707	0.318751	0.318837	0.29875	0.320263	0.334688	0.320929	0.3253	0.319695	0.318782	0.294323	0.327813	0.326301	0.321213	0.328389	0.320636	0.322781	0.354387	0.351203	0.332309	0.323197	0.314408	0.328931	0.339138	0.321255	0.31876	0.310563	0.325423	0.339757	0.351002	0.322045	0.343717	0.324384	0.321626	0.31821	0.315264	0.302761	0.312726	0.320544	0.307518	0.318794	0.300849	0.296515	0.324693	0.303898	0.29916	0.303189	0.313474	0.31198	0.315917	0.317478	0.322344	0.328356	0.322056	0.314285	0.314806	0.314596	0.318985	0.315009	0.31488	0.362409	0.322992	0.324365	0.29894	0.311931	0.326701	0.309556	0.293046	0.298925	0.297962	0.28282	0.287088	0.281377	0.274557	0.285447	0.305204	0.288136	0.291728	0.287217	0.284813	0.283609	0.302052	0.278913	0.28308	0.297755	0.296951	0.287756	0.290288	0.278604	0.294225	0.27083	0.287613	0.287173	0.295847	0.289299	0.284348	0.290933	0.272118	0.28554	0.280702	0.295821	0.278383	0.286457	0.297442	0.279131	0.269456	0.286328	0.306587	0.306373	0.287303	0.286493	0.29552	0.277175	0.271219	0.265766	0.284143	0.288689	0.29523	0.304006	0.300513	0.293961	0.282816	0.296733	0.286324	0.300121	0.296289	0.285866	0.290199	0.284295	0.305859	0.290632	0.275484	0.272932	0.281912	0.274828	0.222923	0.247102	0.240744	0.255963	0.197983	0.181346	0.105141	0.125091	0	0.172015	0.184164	0.181676	0.185453	0.205644	0.201513	0.201011	0.209144	0.214734	0.220853	0.171398	0.253215	0.241335	0.246328	0.275956	0.202954	0.201821	0.179675	0.182049	0.194474	0.235741	0.21514	0.344558	0.238933	0.239982	0.252376	0.242619	0.21952	0.229005	0.208549	0.205962	0.236223	0.231293	0.270587	0.283751	0.295263	0.302365	0.296711	0.277609	0.172427	0.172419	0.175932	0.183064	0.265115	0.261677	0.250438	0.235846	0.236841	0.226423	0.212081	0.212283	0.214282	0.218795	0.18542	0.183501	0.174976	0.18102	0.179881	0.185357	0.207909	0.211297	0.19537	0.193049	0.200832	0.202187	0.189705	0.203197	0.205742	0.198778	0.208032	0.197701	0.191977	0.210293	0.212625	0.347292	0.220162	0.20616	0.206059	0.259853	0.256224	0.267067	0.261418	0.250654	0.191769	0.201597	0.212899	0.184126	0.186354	0.184271	0.186808	0.195001	0.205102	0.194043	0.218446	0.208538	0.224314	0.188959	0.163049	0.207366	0.203448	0.32543	0.394952	0.4063	0.385915	0.471771	0.36756	0.371738	0.381782	0.376363	0.342238	0.305822	0.320301	0.319156	0.335146	0.341157	0.305354	0.248949	0.251142	0.250093	0.248997	0.284345	0.277555	0.37532	0.367096	0.378911	0.376971	0.391313	0.383186	0.367962	0.387389	0.387389	0.37935	0.309712	0.309436	0.282876	0.170708	0.168417	0.167149	0.172979	0.173075	0.209257	0.215177	0.212729	0.202248	0.194267	0.2075	0.2075	0.214274	0.206362	0.208629	0.217573	0.177981	0.171913	0.193715	0.204686	0.187761	0.206679	0.232877	0.239096	0.263464	0.17365	0.176155	0.178079	0.199634	0.166683	0.170031	0.171592	0.172286	0.16191	0.182027	0.189762
Crotophaga_sulcirostris	0.249164	0.285196	0.279968	0.289986	0.298479	0.288135	0.288678	0.285875	0.302332	0.308272	0.306439	0.301476	0.296873	0.308626	0.301098	0.313883	0.305565	0.305651	0.285564	0.307076	0.321502	0.307743	0.312114	0.306509	0.305596	0.281137	0.314626	0.313115	0.308027	0.315202	0.30745	0.309595	0.341201	0.338017	0.319123	0.310011	0.301222	0.315745	0.325951	0.308069	0.305574	0.297377	0.312237	0.32657	0.337815	0.308858	0.33053	0.311198	0.30844	0.305024	0.302077	0.289575	0.299539	0.307357	0.294332	0.305607	0.287663	0.283329	0.311506	0.290712	0.285974	0.290003	0.300287	0.298793	0.302731	0.304291	0.309158	0.31517	0.308869	0.301098	0.30162	0.30141	0.305798	0.301822	0.301694	0.349223	0.309805	0.311179	0.285754	0.298745	0.313515	0.296369	0.279859	0.285738	0.284776	0.269633	0.273901	0.268191	0.26137	0.272261	0.292018	0.27495	0.278541	0.274031	0.271627	0.270422	0.288866	0.265726	0.269894	0.284568	0.283765	0.274569	0.277102	0.265418	0.281038	0.257644	0.274427	0.273986	0.28266	0.276113	0.271162	0.277746	0.258932	0.272353	0.267515	0.282635	0.265197	0.27327	0.284256	0.265945	0.25627	0.273141	0.2934	0.293187	0.274117	0.273307	0.282333	0.263989	0.258033	0.25258	0.270957	0.275502	0.282043	0.290819	0.287326	0.280774	0.26963	0.283547	0.273138	0.286935	0.283103	0.27268	0.277013	0.271109	0.292673	0.277445	0.262297	0.259745	0.268725	0.261642	0.209736	0.233916	0.227558	0.242776	0.235065	0.218428	0.168825	0.188775	0.172015	0	0.126212	0.168489	0.172266	0.192457	0.188327	0.187825	0.195957	0.201548	0.207667	0.158211	0.240028	0.228149	0.233142	0.26277	0.189767	0.188635	0.166488	0.168863	0.181288	0.222555	0.201953	0.331372	0.225746	0.226796	0.23919	0.229433	0.206333	0.215819	0.195363	0.192776	0.223037	0.218106	0.2574	0.270564	0.282077	0.289178	0.283525	0.264422	0.159241	0.159232	0.162746	0.169878	0.251929	0.24849	0.237251	0.22266	0.223655	0.213237	0.198895	0.199097	0.201096	0.205608	0.172234	0.170315	0.16179	0.167834	0.166694	0.17217	0.194722	0.198111	0.182184	0.179863	0.187646	0.189001	0.176519	0.19001	0.192555	0.185591	0.194846	0.184515	0.178791	0.197107	0.199438	0.334105	0.206976	0.192974	0.192872	0.246667	0.243037	0.253881	0.248231	0.237467	0.178583	0.188411	0.199712	0.170939	0.173168	0.171085	0.173622	0.181815	0.191915	0.180857	0.20526	0.195351	0.211128	0.175773	0.149862	0.19418	0.190261	0.312243	0.381766	0.393114	0.372728	0.458585	0.354373	0.358551	0.368595	0.363176	0.329051	0.292635	0.307115	0.305969	0.32196	0.32797	0.292168	0.235762	0.237956	0.236906	0.235811	0.271158	0.264368	0.362134	0.35391	0.365725	0.363785	0.378126	0.369999	0.354775	0.374202	0.374202	0.366164	0.296526	0.29625	0.26969	0.157522	0.15523	0.153963	0.159792	0.159889	0.19607	0.201991	0.199543	0.189062	0.18108	0.194314	0.194314	0.201088	0.193176	0.195443	0.204386	0.164794	0.158726	0.180529	0.1915	0.174575	0.193493	0.21969	0.225909	0.250278	0.160463	0.162968	0.164893	0.186447	0.153496	0.156844	0.158406	0.1591	0.148724	0.168841	0.176576
Geococcyx_californianus	0.261313	0.297345	0.292117	0.302135	0.310628	0.300284	0.300827	0.298024	0.314481	0.320421	0.318588	0.313625	0.309022	0.320775	0.313247	0.326032	0.317714	0.3178	0.297713	0.319225	0.333651	0.319892	0.324263	0.318658	0.317745	0.293286	0.326775	0.325264	0.320176	0.327351	0.319599	0.321744	0.35335	0.350166	0.331272	0.32216	0.313371	0.327894	0.3381	0.320218	0.317723	0.309526	0.324386	0.338719	0.349964	0.321007	0.342679	0.323347	0.320589	0.317173	0.314226	0.301724	0.311688	0.319506	0.306481	0.317756	0.299812	0.295478	0.323655	0.302861	0.298123	0.302152	0.312436	0.310942	0.31488	0.31644	0.321307	0.327319	0.321018	0.313247	0.313769	0.313559	0.317947	0.313971	0.313843	0.361372	0.321954	0.323328	0.297903	0.310894	0.325664	0.308518	0.292008	0.297887	0.296925	0.281782	0.28605	0.28034	0.273519	0.28441	0.304167	0.287099	0.29069	0.28618	0.283776	0.282571	0.301015	0.277875	0.282043	0.296717	0.295914	0.286718	0.289251	0.277567	0.293187	0.269793	0.286576	0.286135	0.294809	0.288262	0.283311	0.289895	0.271081	0.284502	0.279664	0.294784	0.277346	0.285419	0.296405	0.278094	0.268419	0.28529	0.305549	0.305336	0.286266	0.285456	0.294482	0.276138	0.270182	0.264729	0.283106	0.287651	0.294192	0.302968	0.299475	0.292923	0.281779	0.295696	0.285287	0.299084	0.295252	0.284829	0.289162	0.283258	0.304822	0.289594	0.274446	0.271894	0.280874	0.273791	0.221885	0.246065	0.239707	0.254925	0.247214	0.230577	0.180974	0.200924	0.184164	0.126212	0	0.180638	0.184415	0.204606	0.200476	0.199974	0.208106	0.213697	0.219816	0.17036	0.252177	0.240298	0.245291	0.274919	0.201916	0.200784	0.178637	0.181012	0.193437	0.234704	0.214102	0.343521	0.237895	0.238945	0.251339	0.241582	0.218482	0.227968	0.207512	0.204925	0.235186	0.230255	0.269549	0.282713	0.294226	0.301327	0.295674	0.276571	0.17139	0.171381	0.174895	0.182027	0.264078	0.260639	0.2494	0.234809	0.235804	0.225386	0.211044	0.211246	0.213245	0.217757	0.184383	0.182464	0.173939	0.179983	0.178843	0.184319	0.206871	0.21026	0.194333	0.192012	0.199795	0.20115	0.188668	0.202159	0.204704	0.19774	0.206994	0.196664	0.19094	0.209256	0.211587	0.346254	0.219125	0.205123	0.205021	0.258816	0.255186	0.26603	0.26038	0.249616	0.190732	0.20056	0.211861	0.183088	0.185317	0.183234	0.185771	0.193964	0.204064	0.193006	0.217409	0.2075	0.223277	0.187922	0.162011	0.206329	0.20241	0.324392	0.393915	0.405263	0.384877	0.470734	0.366522	0.3707	0.380744	0.375325	0.3412	0.304784	0.319264	0.318118	0.334109	0.340119	0.304316	0.247911	0.250105	0.249055	0.24796	0.283307	0.276517	0.374283	0.366059	0.377874	0.375934	0.390275	0.382148	0.366924	0.386351	0.386351	0.378313	0.308675	0.308399	0.281839	0.169671	0.167379	0.166112	0.171941	0.172038	0.208219	0.21414	0.211692	0.201211	0.193229	0.206463	0.206463	0.213237	0.205325	0.207592	0.216535	0.176943	0.170875	0.192678	0.203649	0.186724	0.205642	0.231839	0.238058	0.262427	0.172612	0.175117	0.177042	0.198596	0.165645	0.168993	0.170555	0.171248	0.160873	0.18099	0.188725
Nyctibius_bracteatus	0.195025	0.231057	0.225829	0.235847	0.24434	0.233996	0.234539	0.231736	0.248193	0.254133	0.2523	0.247337	0.242734	0.254487	0.246959	0.259744	0.251426	0.251512	0.231425	0.252937	0.267363	0.253604	0.257975	0.25237	0.251457	0.226998	0.260487	0.258976	0.253888	0.261063	0.253311	0.255456	0.287062	0.283878	0.264984	0.255872	0.247083	0.261606	0.271812	0.25393	0.251435	0.243238	0.258098	0.272431	0.283676	0.254719	0.276391	0.257059	0.254301	0.250885	0.247938	0.235436	0.2454	0.253218	0.240193	0.251468	0.233524	0.22919	0.257367	0.236573	0.231835	0.235864	0.246148	0.244654	0.248592	0.250152	0.255019	0.261031	0.25473	0.246959	0.247481	0.247271	0.251659	0.247683	0.247555	0.295084	0.255666	0.25704	0.231615	0.244606	0.259376	0.24223	0.22572	0.231599	0.230637	0.215494	0.219762	0.214052	0.207231	0.218122	0.237879	0.220811	0.224402	0.219892	0.217488	0.216283	0.234727	0.211587	0.215755	0.230429	0.229626	0.22043	0.222963	0.211279	0.226899	0.203505	0.220288	0.219847	0.228521	0.221974	0.217023	0.223607	0.204793	0.218214	0.213376	0.228496	0.211058	0.219131	0.230117	0.211806	0.202131	0.219002	0.239261	0.239048	0.219978	0.219168	0.228194	0.20985	0.203894	0.198441	0.216818	0.221363	0.227904	0.23668	0.233187	0.226635	0.215491	0.229408	0.218999	0.232796	0.228964	0.218541	0.222874	0.21697	0.238534	0.223306	0.208158	0.205606	0.214586	0.207503	0.157771	0.181951	0.175593	0.190811	0.244725	0.228089	0.178486	0.198436	0.181676	0.168489	0.180638	0	0.045013	0.135961	0.134188	0.133686	0.141818	0.147409	0.153528	0.104072	0.185889	0.17401	0.179003	0.208631	0.135628	0.134496	0.112349	0.114724	0.127149	0.168416	0.147814	0.277233	0.171607	0.172657	0.185051	0.175294	0.152194	0.16168	0.141224	0.138637	0.168898	0.163967	0.203261	0.216425	0.227938	0.235039	0.229386	0.210283	0.105102	0.105093	0.108607	0.115739	0.19779	0.194351	0.183112	0.168521	0.169516	0.159098	0.144756	0.144958	0.146957	0.151469	0.118095	0.116176	0.107651	0.113695	0.112555	0.118031	0.140583	0.143972	0.128045	0.125724	0.133507	0.134862	0.12238	0.135871	0.138416	0.131452	0.140706	0.130376	0.124652	0.142968	0.145299	0.279966	0.152837	0.138835	0.138733	0.192528	0.188898	0.199742	0.194092	0.183328	0.124444	0.134272	0.145573	0.1168	0.119029	0.116946	0.119483	0.127676	0.137776	0.126718	0.151121	0.141212	0.156989	0.121634	0.0957231	0.140041	0.136122	0.258104	0.327627	0.338975	0.318589	0.404446	0.300234	0.304412	0.314456	0.309037	0.274912	0.238496	0.252976	0.25183	0.267821	0.273831	0.238028	0.181623	0.183817	0.182767	0.181672	0.217019	0.210229	0.307995	0.299771	0.311586	0.309646	0.323987	0.31586	0.300636	0.320063	0.320063	0.312025	0.242387	0.242111	0.215551	0.103383	0.101091	0.0998238	0.105653	0.10575	0.141931	0.147852	0.145404	0.134923	0.126941	0.140175	0.140175	0.146949	0.139037	0.141304	0.150247	0.110655	0.104587	0.12639	0.137361	0.120436	0.139354	0.165551	0.17177	0.196139	0.106324	0.108829	0.110754	0.132308	0.0993573	0.102705	0.104267	0.10496	0.0945845	0.114702	0.122437
Nyctibius_grandis	0.198802	0.234834	0.229606	0.239624	0.248117	0.237773	0.238316	0.235513	0.25197	0.25791	0.256077	0.251114	0.246512	0.258264	0.250736	0.263521	0.255203	0.255289	0.235202	0.256715	0.27114	0.257381	0.261752	0.256147	0.255234	0.230775	0.264264	0.262753	0.257665	0.26484	0.257088	0.259233	0.290839	0.287655	0.268761	0.259649	0.25086	0.265383	0.275589	0.257707	0.255212	0.247015	0.261875	0.276209	0.287453	0.258497	0.280168	0.260836	0.258078	0.254662	0.251715	0.239213	0.249177	0.256995	0.24397	0.255245	0.237301	0.232967	0.261144	0.24035	0.235612	0.239641	0.249925	0.248431	0.252369	0.253929	0.258796	0.264808	0.258508	0.250736	0.251258	0.251048	0.255436	0.251461	0.251332	0.298861	0.259444	0.260817	0.235392	0.248383	0.263153	0.246007	0.229497	0.235376	0.234414	0.219271	0.223539	0.217829	0.211009	0.221899	0.241656	0.224588	0.228179	0.223669	0.221265	0.22006	0.238504	0.215364	0.219532	0.234206	0.233403	0.224207	0.22674	0.215056	0.230676	0.207282	0.224065	0.223624	0.232299	0.225751	0.2208	0.227384	0.20857	0.221991	0.217154	0.232273	0.214835	0.222908	0.233894	0.215583	0.205908	0.222779	0.243039	0.242825	0.223755	0.222945	0.231971	0.213627	0.207671	0.202218	0.220595	0.225141	0.231681	0.240458	0.236964	0.230413	0.219268	0.233185	0.222776	0.236573	0.232741	0.222318	0.226651	0.220747	0.242311	0.227083	0.211935	0.209384	0.218363	0.21128	0.161548	0.185728	0.17937	0.194588	0.248503	0.231866	0.182263	0.202213	0.185453	0.172266	0.184415	0.045013	0	0.139738	0.137965	0.137463	0.145595	0.151186	0.157305	0.107849	0.189666	0.177787	0.18278	0.212408	0.139405	0.138273	0.116126	0.118501	0.130926	0.172193	0.151591	0.28101	0.175384	0.176434	0.188828	0.179071	0.155971	0.165457	0.145001	0.142414	0.172675	0.167744	0.207038	0.220202	0.231715	0.238816	0.233163	0.21406	0.108879	0.108871	0.112384	0.119516	0.201567	0.198128	0.186889	0.172298	0.173293	0.162875	0.148533	0.148735	0.150734	0.155246	0.121872	0.119953	0.111428	0.117472	0.116332	0.121808	0.14436	0.147749	0.131822	0.129501	0.137284	0.138639	0.126157	0.139648	0.142193	0.13523	0.144484	0.134153	0.128429	0.146745	0.149076	0.283743	0.156614	0.142612	0.14251	0.196305	0.192676	0.203519	0.197869	0.187105	0.128221	0.138049	0.14935	0.120578	0.122806	0.120723	0.12326	0.131453	0.141553	0.130495	0.154898	0.144989	0.160766	0.125411	0.0995002	0.143818	0.139899	0.261882	0.331404	0.342752	0.322366	0.408223	0.304011	0.308189	0.318234	0.312814	0.278689	0.242273	0.256753	0.255607	0.271598	0.277609	0.241806	0.1854	0.187594	0.186544	0.185449	0.220796	0.214006	0.311772	0.303548	0.315363	0.313423	0.327764	0.319637	0.304413	0.32384	0.32384	0.315802	0.246164	0.245888	0.219328	0.10716	0.104868	0.103601	0.109431	0.109527	0.145708	0.151629	0.149181	0.1387	0.130718	0.143952	0.143952	0.150726	0.142814	0.145081	0.154024	0.114432	0.108364	0.130167	0.141138	0.124213	0.143131	0.169328	0.175547	0.199916	0.110101	0.112606	0.114531	0.136085	0.103134	0.106483	0.108044	0.108738	0.0983616	0.118479	0.126214
Opisthocomus_hoazin	0.218993	0.255025	0.249797	0.259815	0.268308	0.257964	0.258507	0.255704	0.272161	0.278101	0.276268	0.271305	0.266703	0.278455	0.270927	0.283712	0.275394	0.27548	0.255393	0.276906	0.291331	0.277572	0.281943	0.276338	0.275425	0.250966	0.284455	0.282944	0.277856	0.285031	0.277279	0.279424	0.31103	0.307846	0.288952	0.27984	0.271051	0.285574	0.29578	0.277898	0.275403	0.267206	0.282066	0.2964	0.307644	0.278688	0.300359	0.281027	0.278269	0.274853	0.271906	0.259404	0.269368	0.277186	0.264161	0.275436	0.257492	0.253158	0.281335	0.260541	0.255803	0.259832	0.270116	0.268622	0.27256	0.27412	0.278987	0.284999	0.278699	0.270928	0.271449	0.271239	0.275627	0.271652	0.271523	0.319052	0.279635	0.281008	0.255583	0.268574	0.283344	0.266198	0.249688	0.255568	0.254605	0.239462	0.24373	0.23802	0.2312	0.24209	0.261847	0.244779	0.24837	0.24386	0.241456	0.240251	0.258695	0.235555	0.239723	0.254397	0.253594	0.244398	0.246931	0.235247	0.250868	0.227473	0.244256	0.243815	0.25249	0.245942	0.240991	0.247575	0.228761	0.242182	0.237345	0.252464	0.235026	0.243099	0.254085	0.235774	0.226099	0.24297	0.26323	0.263016	0.243946	0.243136	0.252162	0.233818	0.227862	0.222409	0.240786	0.245332	0.251872	0.260649	0.257155	0.250604	0.239459	0.253376	0.242967	0.256764	0.252932	0.242509	0.246842	0.240938	0.262502	0.247274	0.232126	0.229575	0.238554	0.231471	0.181739	0.205919	0.199561	0.214779	0.268694	0.252057	0.202454	0.222404	0.205644	0.192457	0.204606	0.135961	0.139738	0	0.158156	0.157654	0.165786	0.171377	0.177496	0.12804	0.209857	0.197978	0.202971	0.232599	0.159596	0.158464	0.136317	0.138692	0.151117	0.192384	0.171782	0.301201	0.195575	0.196625	0.209019	0.199262	0.176162	0.185648	0.165192	0.162605	0.192866	0.187935	0.227229	0.240393	0.251906	0.259007	0.253354	0.234251	0.12907	0.129062	0.132575	0.139707	0.221758	0.218319	0.20708	0.192489	0.193484	0.183066	0.168724	0.168926	0.170925	0.175437	0.142063	0.140144	0.131619	0.137663	0.136523	0.141999	0.164551	0.16794	0.152013	0.149692	0.157475	0.15883	0.146348	0.159839	0.162384	0.155421	0.164675	0.154344	0.14862	0.166936	0.169267	0.303934	0.176805	0.162803	0.162701	0.216496	0.212867	0.22371	0.21806	0.207296	0.148412	0.15824	0.169541	0.140769	0.142997	0.140914	0.143451	0.151644	0.161744	0.150686	0.175089	0.16518	0.180957	0.145602	0.119691	0.164009	0.16009	0.282073	0.351595	0.362943	0.342557	0.428414	0.324202	0.32838	0.338425	0.333005	0.29888	0.262464	0.276944	0.275798	0.291789	0.2978	0.261997	0.205591	0.207785	0.206735	0.20564	0.240987	0.234197	0.331963	0.323739	0.335554	0.333614	0.347955	0.339828	0.324604	0.344031	0.344031	0.335993	0.266355	0.266079	0.239519	0.127351	0.125059	0.123792	0.129622	0.129718	0.165899	0.17182	0.169372	0.158891	0.150909	0.164143	0.164143	0.170917	0.163005	0.165272	0.174215	0.134623	0.128555	0.150358	0.161329	0.144404	0.163322	0.189519	0.195738	0.220107	0.130292	0.132797	0.134722	0.156276	0.123325	0.126674	0.128235	0.128929	0.118553	0.13867	0.146405
Ardeotis_kori	0.21486	0.250893	0.245665	0.255682	0.264175	0.253831	0.254374	0.251571	0.268029	0.273969	0.272135	0.267173	0.26257	0.274323	0.266794	0.27958	0.271261	0.271347	0.25126	0.272773	0.287198	0.273439	0.27781	0.272205	0.271292	0.246833	0.280323	0.278812	0.273723	0.280899	0.273146	0.275291	0.306897	0.303713	0.284819	0.275707	0.266918	0.281441	0.291648	0.273765	0.271271	0.263073	0.277933	0.292267	0.303512	0.274555	0.296227	0.276894	0.274136	0.27072	0.267774	0.255271	0.265236	0.273054	0.260028	0.271304	0.253359	0.249025	0.277203	0.256408	0.251671	0.255699	0.265984	0.26449	0.268427	0.269988	0.274854	0.280866	0.274566	0.266795	0.267316	0.267107	0.271495	0.267519	0.26739	0.314919	0.275502	0.276875	0.25145	0.264442	0.279211	0.262066	0.245556	0.251435	0.250472	0.23533	0.239598	0.233887	0.227067	0.237958	0.257714	0.240646	0.244238	0.239727	0.237323	0.236119	0.254562	0.231423	0.23559	0.250265	0.249461	0.240266	0.242799	0.231115	0.246735	0.22334	0.240124	0.239683	0.248357	0.241809	0.236858	0.243443	0.224628	0.23805	0.233212	0.248332	0.230893	0.238967	0.249952	0.231641	0.221967	0.238838	0.259097	0.258883	0.239813	0.239003	0.24803	0.229685	0.223729	0.218276	0.236653	0.241199	0.24774	0.256516	0.253023	0.246471	0.235326	0.249244	0.238834	0.252631	0.2488	0.238376	0.242709	0.236806	0.258369	0.243142	0.227994	0.225442	0.234422	0.227339	0.177609	0.201788	0.19543	0.210649	0.264563	0.247926	0.198324	0.218273	0.201513	0.188327	0.200476	0.134188	0.137965	0.158156	0	0.0390244	0.047157	0.167244	0.173363	0.123908	0.205725	0.193845	0.198838	0.228467	0.155464	0.154331	0.132185	0.134559	0.146984	0.188252	0.16765	0.297068	0.191443	0.192492	0.204886	0.195129	0.17203	0.181515	0.161059	0.158473	0.188733	0.183803	0.223097	0.236261	0.247773	0.254875	0.249221	0.230119	0.124937	0.124929	0.128442	0.135575	0.217625	0.214187	0.202948	0.188356	0.189351	0.178933	0.164591	0.164793	0.166792	0.171305	0.13793	0.136011	0.127487	0.13353	0.132391	0.137867	0.160419	0.163807	0.14788	0.145559	0.153342	0.154697	0.142216	0.155707	0.158252	0.151288	0.160542	0.150211	0.144487	0.162803	0.165135	0.299802	0.172672	0.15867	0.158569	0.212363	0.208734	0.219577	0.213928	0.203164	0.144279	0.154107	0.165409	0.136636	0.138864	0.136782	0.139318	0.147511	0.157612	0.146553	0.170956	0.161048	0.176824	0.141469	0.115559	0.159876	0.155958	0.27794	0.347463	0.35881	0.338425	0.424281	0.32007	0.324248	0.334292	0.328873	0.294748	0.258332	0.272811	0.271666	0.287657	0.293667	0.257864	0.201459	0.203652	0.202603	0.201508	0.236855	0.230065	0.32783	0.319606	0.331421	0.329481	0.343823	0.335696	0.320472	0.339899	0.339899	0.33186	0.262223	0.261947	0.235386	0.123218	0.120927	0.119659	0.125489	0.125585	0.161767	0.167687	0.165239	0.154758	0.146777	0.16001	0.16001	0.166785	0.158872	0.161139	0.170083	0.130491	0.124423	0.146225	0.157196	0.140272	0.15919	0.185387	0.191606	0.215974	0.12616	0.128665	0.130589	0.152144	0.119193	0.122541	0.124102	0.124796	0.11442	0.134537	0.142272
Chlamydotis_macqueenii	0.214358	0.25039	0.245163	0.25518	0.263673	0.253329	0.253872	0.251069	0.267526	0.273467	0.271633	0.266671	0.262068	0.273821	0.266292	0.279078	0.270759	0.270845	0.250758	0.272271	0.286696	0.272937	0.277308	0.271703	0.27079	0.246331	0.279821	0.27831	0.273221	0.280397	0.272644	0.274789	0.306395	0.303211	0.284317	0.275205	0.266416	0.280939	0.291146	0.273263	0.270768	0.262571	0.277431	0.291765	0.30301	0.274053	0.295725	0.276392	0.273634	0.270218	0.267272	0.254769	0.264734	0.272552	0.259526	0.270802	0.252857	0.248523	0.276701	0.255906	0.251169	0.255197	0.265482	0.263988	0.267925	0.269486	0.274352	0.280364	0.274064	0.266293	0.266814	0.266605	0.270993	0.267017	0.266888	0.314417	0.275	0.276373	0.250948	0.26394	0.278709	0.261564	0.245054	0.250933	0.24997	0.234828	0.239096	0.233385	0.226565	0.237456	0.257212	0.240144	0.243736	0.239225	0.236821	0.235617	0.25406	0.230921	0.235088	0.249763	0.248959	0.239764	0.242297	0.230613	0.246233	0.222838	0.239622	0.239181	0.247855	0.241307	0.236356	0.242941	0.224126	0.237548	0.23271	0.24783	0.230391	0.238465	0.24945	0.231139	0.221465	0.238336	0.258595	0.258381	0.239311	0.238501	0.247528	0.229183	0.223227	0.217774	0.236151	0.240697	0.247238	0.256014	0.252521	0.245969	0.234824	0.248741	0.238332	0.252129	0.248298	0.237874	0.242207	0.236304	0.257867	0.24264	0.227492	0.22494	0.23392	0.226837	0.177107	0.201286	0.194928	0.210147	0.264061	0.247424	0.197822	0.217771	0.201011	0.187825	0.199974	0.133686	0.137463	0.157654	0.0390244	0	0.0435012	0.166742	0.172861	0.123406	0.205223	0.193343	0.198336	0.227965	0.154962	0.153829	0.131683	0.134057	0.146482	0.187749	0.167148	0.296566	0.190941	0.19199	0.204384	0.194627	0.171528	0.181013	0.160557	0.15797	0.188231	0.183301	0.222595	0.235759	0.247271	0.254373	0.248719	0.229617	0.124435	0.124427	0.12794	0.135073	0.217123	0.213685	0.202446	0.187854	0.188849	0.178431	0.164089	0.164291	0.16629	0.170803	0.137428	0.135509	0.126985	0.133028	0.131889	0.137365	0.159917	0.163305	0.147378	0.145057	0.15284	0.154195	0.141714	0.155205	0.15775	0.150786	0.16004	0.149709	0.143985	0.162301	0.164633	0.2993	0.17217	0.158168	0.158067	0.211861	0.208232	0.219075	0.213426	0.202662	0.143777	0.153605	0.164907	0.136134	0.138362	0.13628	0.138816	0.147009	0.15711	0.146051	0.170454	0.160546	0.176322	0.140967	0.115057	0.159374	0.155456	0.277438	0.34696	0.358308	0.337923	0.423779	0.319568	0.323746	0.33379	0.328371	0.294246	0.25783	0.272309	0.271164	0.287155	0.293165	0.257362	0.200957	0.20315	0.202101	0.201006	0.236353	0.229563	0.327328	0.319104	0.330919	0.328979	0.343321	0.335194	0.31997	0.339397	0.339397	0.331358	0.261721	0.261444	0.234884	0.122716	0.120425	0.119157	0.124987	0.125083	0.161265	0.167185	0.164737	0.154256	0.146275	0.159508	0.159508	0.166282	0.15837	0.160637	0.169581	0.129989	0.123921	0.145723	0.156694	0.13977	0.158687	0.184885	0.191104	0.215472	0.125658	0.128163	0.130087	0.151642	0.118691	0.122039	0.1236	0.124294	0.113918	0.134035	0.14177
Lophotis_ruficrista	0.222491	0.258523	0.253295	0.263313	0.271806	0.261462	0.262005	0.259202	0.275659	0.281599	0.279766	0.274803	0.270201	0.281953	0.274425	0.28721	0.278892	0.278978	0.258891	0.280404	0.294829	0.28107	0.285441	0.279836	0.278923	0.254464	0.287953	0.286442	0.281354	0.288529	0.280777	0.282922	0.314528	0.311344	0.29245	0.283338	0.274549	0.289072	0.299278	0.281396	0.278901	0.270704	0.285564	0.299898	0.311142	0.282186	0.303857	0.284525	0.281767	0.278351	0.275404	0.262902	0.272866	0.280684	0.267659	0.278934	0.26099	0.256656	0.284833	0.264039	0.259301	0.26333	0.273614	0.27212	0.276058	0.277618	0.282485	0.288497	0.282197	0.274426	0.274947	0.274737	0.279125	0.27515	0.275021	0.32255	0.283133	0.284506	0.259081	0.272072	0.286842	0.269696	0.253186	0.259066	0.258103	0.24296	0.247228	0.241518	0.234698	0.245588	0.265345	0.248277	0.251868	0.247358	0.244954	0.243749	0.262193	0.239053	0.243221	0.257895	0.257092	0.247896	0.250429	0.238745	0.254366	0.230971	0.247754	0.247313	0.255988	0.24944	0.244489	0.251073	0.232259	0.24568	0.240843	0.255962	0.238524	0.246597	0.257583	0.239272	0.229597	0.246468	0.266728	0.266514	0.247444	0.246634	0.25566	0.237316	0.23136	0.225907	0.244284	0.24883	0.25537	0.264147	0.260653	0.254102	0.242957	0.256874	0.246465	0.260262	0.25643	0.246007	0.25034	0.244436	0.266	0.250772	0.235624	0.233073	0.242052	0.234969	0.185239	0.209419	0.203061	0.218279	0.272194	0.255557	0.205954	0.225904	0.209144	0.195957	0.208106	0.141818	0.145595	0.165786	0.047157	0.0435012	0	0.174875	0.180994	0.131538	0.213355	0.201476	0.206469	0.236097	0.163094	0.161962	0.139815	0.14219	0.154615	0.195882	0.17528	0.304699	0.199073	0.200123	0.212517	0.20276	0.17966	0.189146	0.16869	0.166103	0.196364	0.191433	0.230727	0.243891	0.255404	0.262505	0.256852	0.237749	0.132568	0.13256	0.136073	0.143205	0.225256	0.221817	0.210578	0.195987	0.196982	0.186564	0.172222	0.172424	0.174423	0.178935	0.145561	0.143642	0.135117	0.141161	0.140021	0.145497	0.168049	0.171438	0.155511	0.15319	0.160973	0.162328	0.149846	0.163337	0.165882	0.158919	0.168173	0.157842	0.152118	0.170434	0.172765	0.307432	0.180303	0.166301	0.166199	0.219994	0.216365	0.227208	0.221558	0.210794	0.15191	0.161738	0.173039	0.144267	0.146495	0.144412	0.146949	0.155142	0.165242	0.154184	0.178587	0.168678	0.184455	0.1491	0.123189	0.167507	0.163588	0.285571	0.355093	0.366441	0.346055	0.431912	0.3277	0.331878	0.341923	0.336503	0.302378	0.265962	0.280442	0.279296	0.295287	0.301298	0.265495	0.209089	0.211283	0.210233	0.209138	0.244485	0.237695	0.335461	0.327237	0.339052	0.337112	0.351453	0.343326	0.328102	0.347529	0.347529	0.339491	0.269853	0.269577	0.243017	0.130849	0.128557	0.12729	0.13312	0.133216	0.169397	0.175318	0.17287	0.162389	0.154407	0.167641	0.167641	0.174415	0.166503	0.16877	0.177713	0.138121	0.132053	0.153856	0.164827	0.147902	0.16682	0.193017	0.199236	0.223605	0.13379	0.136295	0.13822	0.159774	0.126823	0.130172	0.131733	0.132427	0.122051	0.142168	0.149903
Corythaixoides_concolor	0.223635	0.259667	0.254439	0.264457	0.27295	0.262606	0.263149	0.260346	0.276803	0.282743	0.28091	0.275947	0.271345	0.283097	0.275569	0.288354	0.280036	0.280122	0.260035	0.281548	0.295973	0.282214	0.286585	0.28098	0.280067	0.255608	0.289097	0.287586	0.282498	0.289673	0.281921	0.284066	0.315672	0.312488	0.293594	0.284482	0.275693	0.290216	0.300422	0.28254	0.280045	0.271848	0.286708	0.301042	0.312286	0.28333	0.305001	0.285669	0.282911	0.279495	0.276548	0.264046	0.27401	0.281828	0.268803	0.280078	0.262134	0.2578	0.285977	0.265183	0.260445	0.264474	0.274758	0.273264	0.277202	0.278762	0.283629	0.289641	0.283341	0.27557	0.276091	0.275881	0.280269	0.276294	0.276165	0.323694	0.284277	0.28565	0.260225	0.273216	0.287986	0.270841	0.25433	0.26021	0.259247	0.244104	0.248372	0.242662	0.235842	0.246732	0.266489	0.249421	0.253012	0.248502	0.246098	0.244893	0.263337	0.240197	0.244365	0.259039	0.258236	0.24904	0.251573	0.239889	0.25551	0.232115	0.248898	0.248457	0.257132	0.250584	0.245633	0.252217	0.233403	0.246824	0.241987	0.257106	0.239668	0.247741	0.258727	0.240416	0.230741	0.247612	0.267872	0.267658	0.248588	0.247778	0.256804	0.23846	0.232504	0.227051	0.245428	0.249974	0.256514	0.265291	0.261797	0.255246	0.244101	0.258018	0.247609	0.261406	0.257574	0.247151	0.251484	0.24558	0.267144	0.251916	0.236768	0.234217	0.243196	0.236113	0.19083	0.215009	0.208651	0.22387	0.277784	0.261147	0.211545	0.231494	0.214734	0.201548	0.213697	0.147409	0.151186	0.171377	0.167244	0.166742	0.174875	0	0.0812588	0.132682	0.214499	0.20262	0.207613	0.237241	0.164238	0.163106	0.140959	0.143334	0.155759	0.197026	0.176424	0.305843	0.200217	0.201267	0.213661	0.203904	0.180804	0.19029	0.169834	0.167247	0.197508	0.192577	0.231871	0.245035	0.256548	0.263649	0.257996	0.238893	0.133712	0.133704	0.137217	0.144349	0.2264	0.222961	0.211722	0.197131	0.198126	0.187708	0.173366	0.173568	0.175567	0.180079	0.146705	0.144786	0.136261	0.142305	0.141165	0.146641	0.169193	0.172582	0.156655	0.154334	0.162117	0.163472	0.15099	0.164481	0.167026	0.160063	0.169317	0.158986	0.153262	0.171578	0.173909	0.308576	0.181447	0.167445	0.167343	0.221138	0.217509	0.228352	0.222702	0.211938	0.153054	0.162882	0.174183	0.145411	0.147639	0.145556	0.148093	0.156286	0.166386	0.155328	0.179731	0.169822	0.185599	0.150244	0.124333	0.168651	0.164732	0.286715	0.356237	0.367585	0.347199	0.433056	0.328844	0.333022	0.343067	0.337647	0.303522	0.267106	0.281586	0.28044	0.296431	0.302442	0.266639	0.210233	0.212427	0.211377	0.210282	0.245629	0.238839	0.336605	0.328381	0.340196	0.338256	0.352597	0.34447	0.329246	0.348673	0.348673	0.340635	0.270997	0.270721	0.244161	0.131993	0.129701	0.128434	0.134264	0.13436	0.170541	0.176462	0.174014	0.163533	0.155551	0.168785	0.168785	0.175559	0.167647	0.169914	0.178857	0.139265	0.133197	0.155	0.165971	0.149046	0.167964	0.194161	0.20038	0.224749	0.134934	0.137439	0.139364	0.160918	0.127967	0.131316	0.132877	0.133571	0.123195	0.143312	0.151047
Tauraco_erythrolophus	0.229754	0.265786	0.260559	0.270576	0.279069	0.268725	0.269268	0.266465	0.282922	0.288862	0.287029	0.282066	0.277464	0.289216	0.281688	0.294473	0.286155	0.286241	0.266154	0.287667	0.302092	0.288333	0.292704	0.287099	0.286186	0.261727	0.295216	0.293705	0.288617	0.295792	0.28804	0.290185	0.321791	0.318607	0.299713	0.290601	0.281812	0.296335	0.306541	0.288659	0.286164	0.277967	0.292827	0.307161	0.318405	0.289449	0.311121	0.291788	0.28903	0.285614	0.282667	0.270165	0.280129	0.287947	0.274922	0.286198	0.268253	0.263919	0.292096	0.271302	0.266564	0.270593	0.280878	0.279383	0.283321	0.284882	0.289748	0.29576	0.28946	0.281689	0.28221	0.282	0.286388	0.282413	0.282284	0.329813	0.290396	0.291769	0.266344	0.279335	0.294105	0.27696	0.26045	0.266329	0.265366	0.250224	0.254491	0.248781	0.241961	0.252851	0.272608	0.25554	0.259131	0.254621	0.252217	0.251013	0.269456	0.246316	0.250484	0.265159	0.264355	0.25516	0.257692	0.246008	0.261629	0.238234	0.255017	0.254576	0.263251	0.256703	0.251752	0.258336	0.239522	0.252943	0.248106	0.263225	0.245787	0.25386	0.264846	0.246535	0.23686	0.253731	0.273991	0.273777	0.254707	0.253897	0.262923	0.244579	0.238623	0.23317	0.251547	0.256093	0.262633	0.27141	0.267916	0.261365	0.25022	0.264137	0.253728	0.267525	0.263693	0.25327	0.257603	0.251699	0.273263	0.258036	0.242887	0.240336	0.249316	0.242232	0.196949	0.221128	0.21477	0.229989	0.283903	0.267266	0.217664	0.237613	0.220853	0.207667	0.219816	0.153528	0.157305	0.177496	0.173363	0.172861	0.180994	0.0812588	0	0.138801	0.220618	0.208739	0.213732	0.24336	0.170358	0.169225	0.147079	0.149453	0.161878	0.203145	0.182543	0.311962	0.206336	0.207386	0.21978	0.210023	0.186923	0.196409	0.175953	0.173366	0.203627	0.198696	0.23799	0.251155	0.262667	0.269768	0.264115	0.245012	0.139831	0.139823	0.143336	0.150468	0.232519	0.22908	0.217841	0.20325	0.204245	0.193827	0.179485	0.179687	0.181686	0.186198	0.152824	0.150905	0.14238	0.148424	0.147284	0.15276	0.175312	0.178701	0.162774	0.160453	0.168236	0.169591	0.157109	0.1706	0.173146	0.166182	0.175436	0.165105	0.159381	0.177697	0.180029	0.314696	0.187566	0.173564	0.173462	0.227257	0.223628	0.234471	0.228821	0.218058	0.159173	0.169001	0.180302	0.15153	0.153758	0.151675	0.154212	0.162405	0.172506	0.161447	0.18585	0.175941	0.191718	0.156363	0.130452	0.17477	0.170852	0.292834	0.362356	0.373704	0.353318	0.439175	0.334963	0.339142	0.349186	0.343766	0.309641	0.273226	0.287705	0.286559	0.30255	0.308561	0.272758	0.216353	0.218546	0.217496	0.216401	0.251749	0.244958	0.342724	0.3345	0.346315	0.344375	0.358717	0.35059	0.335365	0.354793	0.354793	0.346754	0.277116	0.27684	0.25028	0.138112	0.13582	0.134553	0.140383	0.140479	0.17666	0.182581	0.180133	0.169652	0.161671	0.174904	0.174904	0.181678	0.173766	0.176033	0.184976	0.145384	0.139316	0.161119	0.17209	0.155165	0.174083	0.200281	0.206499	0.230868	0.141054	0.143558	0.145483	0.167037	0.134086	0.137435	0.138996	0.13969	0.129314	0.149431	0.157166
Cathartes_aura	0.177962	0.213994	0.208767	0.218784	0.227277	0.216933	0.217476	0.214673	0.23113	0.23707	0.235237	0.230274	0.225672	0.237424	0.229896	0.242681	0.234363	0.234449	0.214362	0.235875	0.2503	0.236541	0.240912	0.235307	0.234394	0.209935	0.243424	0.241913	0.236825	0.244	0.236248	0.238393	0.269999	0.266815	0.247921	0.238809	0.23002	0.244543	0.25475	0.236867	0.234372	0.226175	0.241035	0.255369	0.266614	0.237657	0.259329	0.239996	0.237238	0.233822	0.230875	0.218373	0.228338	0.236156	0.22313	0.234406	0.216461	0.212127	0.240304	0.21951	0.214772	0.218801	0.229086	0.227591	0.231529	0.23309	0.237956	0.243968	0.237668	0.229897	0.230418	0.230208	0.234596	0.230621	0.230492	0.278021	0.238604	0.239977	0.214552	0.227543	0.242313	0.225168	0.208658	0.214537	0.213574	0.198432	0.202699	0.196989	0.190169	0.201059	0.220816	0.203748	0.20734	0.202829	0.200425	0.199221	0.217664	0.194524	0.198692	0.213367	0.212563	0.203368	0.2059	0.194216	0.209837	0.186442	0.203225	0.202785	0.211459	0.204911	0.19996	0.206544	0.18773	0.201151	0.196314	0.211433	0.193995	0.202068	0.213054	0.194743	0.185068	0.20194	0.222199	0.221985	0.202915	0.202105	0.211131	0.192787	0.186831	0.181378	0.199755	0.204301	0.210841	0.219618	0.216124	0.209573	0.198428	0.212345	0.201936	0.215733	0.211901	0.201478	0.205811	0.199907	0.221471	0.206244	0.191095	0.188544	0.197524	0.19044	0.147493	0.171673	0.165315	0.180533	0.234447	0.217811	0.168208	0.188158	0.171398	0.158211	0.17036	0.104072	0.107849	0.12804	0.123908	0.123406	0.131538	0.132682	0.138801	0	0.155745	0.143865	0.16194	0.191568	0.118566	0.117433	0.0952866	0.0976612	0.110086	0.151353	0.130752	0.26017	0.154544	0.155594	0.167988	0.158231	0.135131	0.144617	0.124161	0.121574	0.151835	0.146905	0.186198	0.199363	0.210875	0.217976	0.212323	0.19322	0.0880389	0.0880307	0.091544	0.0986763	0.180727	0.177288	0.16605	0.151458	0.152453	0.142035	0.127693	0.127895	0.129894	0.134406	0.101032	0.0991131	0.0905883	0.0966322	0.0954924	0.100968	0.12352	0.126909	0.110982	0.108661	0.116444	0.117799	0.105317	0.118808	0.121354	0.11439	0.123644	0.113313	0.107589	0.125905	0.128237	0.262904	0.135774	0.121772	0.12167	0.175465	0.171836	0.182679	0.177029	0.166266	0.107381	0.117209	0.12851	0.0997377	0.101966	0.0998833	0.10242	0.110613	0.120714	0.109655	0.134058	0.12415	0.139926	0.104571	0.0786604	0.122978	0.11906	0.241042	0.310564	0.321912	0.301526	0.387383	0.283171	0.28735	0.297394	0.291974	0.257849	0.221434	0.235913	0.234767	0.250758	0.256769	0.220966	0.164561	0.166754	0.165704	0.164609	0.199957	0.193167	0.290932	0.282708	0.294523	0.292583	0.306925	0.298798	0.283573	0.303001	0.303001	0.294962	0.225324	0.225048	0.198488	0.0863201	0.0840284	0.082761	0.0885907	0.0886871	0.124869	0.130789	0.128341	0.11786	0.109879	0.123112	0.123112	0.129886	0.121974	0.124241	0.133184	0.0935925	0.0875245	0.109327	0.120298	0.103373	0.122291	0.148489	0.154707	0.179076	0.0892616	0.0917663	0.0936908	0.115245	0.0822945	0.0856427	0.0872039	0.0878977	0.0775218	0.0976388	0.105374
Colius_striatus	0.259779	0.295811	0.290583	0.300601	0.309094	0.29875	0.299293	0.29649	0.312947	0.318887	0.317054	0.312091	0.307489	0.319241	0.311713	0.324498	0.31618	0.316266	0.296179	0.317692	0.332117	0.318358	0.322729	0.317124	0.316211	0.291752	0.325241	0.32373	0.318642	0.325817	0.318065	0.32021	0.351816	0.348632	0.329738	0.320626	0.311837	0.32636	0.336566	0.318684	0.316189	0.307992	0.322852	0.337186	0.34843	0.319474	0.341146	0.321813	0.319055	0.315639	0.312692	0.30019	0.310154	0.317972	0.304947	0.316222	0.298278	0.293944	0.322121	0.301327	0.296589	0.300618	0.310903	0.309408	0.313346	0.314906	0.319773	0.325785	0.319485	0.311714	0.312235	0.312025	0.316413	0.312438	0.312309	0.359838	0.320421	0.321794	0.296369	0.30936	0.32413	0.306985	0.290475	0.296354	0.295391	0.280249	0.284516	0.278806	0.271986	0.282876	0.302633	0.285565	0.289156	0.284646	0.282242	0.281038	0.299481	0.276341	0.280509	0.295184	0.29438	0.285184	0.287717	0.276033	0.291654	0.268259	0.285042	0.284601	0.293276	0.286728	0.281777	0.288361	0.269547	0.282968	0.278131	0.29325	0.275812	0.283885	0.294871	0.27656	0.266885	0.283756	0.304016	0.303802	0.284732	0.283922	0.292948	0.274604	0.268648	0.263195	0.281572	0.286118	0.292658	0.301435	0.297941	0.29139	0.280245	0.294162	0.283753	0.29755	0.293718	0.283295	0.287628	0.281724	0.303288	0.288061	0.272912	0.270361	0.27934	0.272257	0.22931	0.25349	0.247131	0.26235	0.316264	0.299628	0.250025	0.269975	0.253215	0.240028	0.252177	0.185889	0.189666	0.209857	0.205725	0.205223	0.213355	0.214499	0.220618	0.155745	0	0.09841	0.243757	0.273385	0.200383	0.19925	0.177104	0.179478	0.191903	0.23317	0.212568	0.341987	0.236361	0.237411	0.249805	0.240048	0.216948	0.226434	0.205978	0.203391	0.233652	0.228721	0.268015	0.28118	0.292692	0.299793	0.29414	0.275037	0.169856	0.169848	0.173361	0.180493	0.262544	0.259105	0.247866	0.233275	0.23427	0.223852	0.20951	0.209712	0.211711	0.216223	0.182849	0.18093	0.172405	0.178449	0.177309	0.182785	0.205337	0.208726	0.192799	0.190478	0.198261	0.199616	0.187134	0.200625	0.203171	0.196207	0.205461	0.19513	0.189406	0.207722	0.210054	0.34472	0.217591	0.203589	0.203487	0.257282	0.253653	0.264496	0.258846	0.248082	0.189198	0.199026	0.210327	0.181555	0.183783	0.1817	0.184237	0.19243	0.202531	0.191472	0.215875	0.205966	0.221743	0.186388	0.160477	0.204795	0.200876	0.322859	0.392381	0.403729	0.383343	0.4692	0.364988	0.369167	0.379211	0.373791	0.339666	0.303251	0.31773	0.316584	0.332575	0.338586	0.302783	0.246377	0.248571	0.247521	0.246426	0.281774	0.274983	0.372749	0.364525	0.37634	0.3744	0.388742	0.380615	0.36539	0.384818	0.384818	0.376779	0.307141	0.306865	0.280305	0.168137	0.165845	0.164578	0.170408	0.170504	0.206685	0.212606	0.210158	0.199677	0.191696	0.204929	0.204929	0.211703	0.203791	0.206058	0.215001	0.175409	0.169341	0.191144	0.202115	0.18519	0.204108	0.230306	0.236524	0.260893	0.171079	0.173583	0.175508	0.197062	0.164111	0.16746	0.169021	0.169715	0.159339	0.179456	0.187191
Urocolius_indicus	0.247899	0.283932	0.278704	0.288721	0.297214	0.28687	0.287413	0.28461	0.301068	0.307008	0.305174	0.300212	0.295609	0.307362	0.299833	0.312619	0.3043	0.304386	0.284299	0.305812	0.320237	0.306478	0.310849	0.305244	0.304331	0.279872	0.313362	0.311851	0.306762	0.313938	0.306185	0.30833	0.339936	0.336752	0.317858	0.308746	0.299957	0.31448	0.324687	0.306804	0.30431	0.296112	0.310972	0.325306	0.336551	0.307594	0.329266	0.309933	0.307175	0.303759	0.300813	0.28831	0.298275	0.306093	0.293067	0.304343	0.286398	0.282064	0.310242	0.289447	0.28471	0.288738	0.299023	0.297529	0.301466	0.303027	0.307893	0.313905	0.307605	0.299834	0.300355	0.300146	0.304534	0.300558	0.300429	0.347958	0.308541	0.309914	0.284489	0.297481	0.31225	0.295105	0.278595	0.284474	0.283511	0.268369	0.272637	0.266926	0.260106	0.270997	0.290753	0.273685	0.277277	0.272766	0.270362	0.269158	0.287601	0.264462	0.268629	0.283304	0.2825	0.273305	0.275838	0.264154	0.279774	0.256379	0.273163	0.272722	0.281396	0.274848	0.269897	0.276482	0.257667	0.271089	0.266251	0.281371	0.263932	0.272006	0.282991	0.26468	0.255006	0.271877	0.292136	0.291922	0.272852	0.272042	0.281069	0.262724	0.256768	0.251315	0.269692	0.274238	0.280779	0.289555	0.286062	0.27951	0.268365	0.282283	0.271873	0.285671	0.281839	0.271415	0.275748	0.269845	0.291408	0.276181	0.261033	0.258481	0.267461	0.260378	0.21743	0.24161	0.235252	0.25047	0.304385	0.287748	0.238145	0.258095	0.241335	0.228149	0.240298	0.17401	0.177787	0.197978	0.193845	0.193343	0.201476	0.20262	0.208739	0.143865	0.09841	0	0.231877	0.261506	0.188503	0.18737	0.165224	0.167598	0.180023	0.221291	0.200689	0.330107	0.224482	0.225531	0.237925	0.228168	0.205069	0.214554	0.194098	0.191512	0.221772	0.216842	0.256136	0.2693	0.280812	0.287914	0.28226	0.263158	0.157976	0.157968	0.161481	0.168614	0.250664	0.247226	0.235987	0.221395	0.22239	0.211972	0.19763	0.197832	0.199831	0.204344	0.170969	0.16905	0.160526	0.166569	0.16543	0.170906	0.193458	0.196846	0.180919	0.178598	0.186381	0.187736	0.175255	0.188746	0.191291	0.184327	0.193581	0.18325	0.177526	0.195842	0.198174	0.332841	0.205711	0.191709	0.191608	0.245402	0.241773	0.252616	0.246967	0.236203	0.177318	0.187146	0.198448	0.169675	0.171903	0.169821	0.172357	0.18055	0.190651	0.179592	0.203995	0.194087	0.209863	0.174508	0.148598	0.192915	0.188997	0.310979	0.380502	0.391849	0.371464	0.45732	0.353109	0.357287	0.367331	0.361912	0.327787	0.291371	0.30585	0.304705	0.320696	0.326706	0.290903	0.234498	0.236691	0.235642	0.234547	0.269894	0.263104	0.360869	0.352645	0.36446	0.36252	0.376862	0.368735	0.353511	0.372938	0.372938	0.364899	0.295262	0.294986	0.268425	0.156257	0.153966	0.152698	0.158528	0.158624	0.194806	0.200726	0.198278	0.187797	0.179816	0.193049	0.193049	0.199824	0.191911	0.194178	0.203122	0.16353	0.157462	0.179264	0.190235	0.173311	0.192229	0.218426	0.224645	0.249013	0.159199	0.161704	0.163628	0.185183	0.152232	0.15558	0.157141	0.157835	0.147459	0.167576	0.175311
Apaloderma_vittatum	0.250776	0.286808	0.281581	0.291598	0.300091	0.289747	0.29029	0.287487	0.303944	0.309884	0.308051	0.303088	0.298486	0.310239	0.30271	0.315496	0.307177	0.307263	0.287176	0.308689	0.323114	0.309355	0.313726	0.308121	0.307208	0.282749	0.316239	0.314727	0.309639	0.316815	0.309062	0.311207	0.342813	0.339629	0.320735	0.311623	0.302834	0.317357	0.327564	0.309681	0.307186	0.298989	0.313849	0.328183	0.339428	0.310471	0.332143	0.31281	0.310052	0.306636	0.30369	0.291187	0.301152	0.30897	0.295944	0.30722	0.289275	0.284941	0.313118	0.292324	0.287586	0.291615	0.3019	0.300406	0.304343	0.305904	0.31077	0.316782	0.310482	0.302711	0.303232	0.303022	0.307411	0.303435	0.303306	0.350835	0.311418	0.312791	0.287366	0.300357	0.315127	0.297982	0.281472	0.287351	0.286388	0.271246	0.275514	0.269803	0.262983	0.273873	0.29363	0.276562	0.280154	0.275643	0.273239	0.272035	0.290478	0.267339	0.271506	0.286181	0.285377	0.276182	0.278714	0.26703	0.282651	0.259256	0.276039	0.275599	0.284273	0.277725	0.272774	0.279358	0.260544	0.273966	0.269128	0.284247	0.266809	0.274882	0.285868	0.267557	0.257882	0.274754	0.295013	0.294799	0.275729	0.274919	0.283946	0.265601	0.259645	0.254192	0.272569	0.277115	0.283656	0.292432	0.288939	0.282387	0.271242	0.285159	0.27475	0.288547	0.284715	0.274292	0.278625	0.272721	0.294285	0.279058	0.26391	0.261358	0.270338	0.263254	0.222423	0.246603	0.240245	0.255463	0.309378	0.292741	0.243138	0.263088	0.246328	0.233142	0.245291	0.179003	0.18278	0.202971	0.198838	0.198336	0.206469	0.207613	0.213732	0.16194	0.243757	0.231877	0	0.115598	0.179912	0.178779	0.156633	0.16569	0.178115	0.221911	0.201309	0.330727	0.225104	0.226153	0.238547	0.22879	0.205691	0.215176	0.19472	0.192134	0.222394	0.217464	0.256758	0.269922	0.281434	0.288536	0.282882	0.26378	0.160853	0.160845	0.164358	0.17149	0.253541	0.250103	0.238864	0.224272	0.225267	0.214849	0.200507	0.200709	0.202708	0.207221	0.173846	0.171927	0.163402	0.169446	0.168306	0.173782	0.196335	0.199723	0.183796	0.181475	0.189258	0.190613	0.178131	0.191623	0.194168	0.187204	0.196458	0.186127	0.180403	0.198719	0.201051	0.335718	0.208588	0.194586	0.194484	0.248279	0.24465	0.255493	0.249844	0.23908	0.180195	0.190023	0.201325	0.172552	0.17478	0.172697	0.175234	0.183427	0.193528	0.182469	0.206872	0.196964	0.21274	0.177385	0.151474	0.195792	0.191874	0.313856	0.383378	0.394726	0.37434	0.460197	0.355985	0.360164	0.370208	0.364789	0.330664	0.294248	0.308727	0.307582	0.323572	0.329583	0.29378	0.237375	0.239568	0.238519	0.237423	0.272771	0.265981	0.363746	0.355522	0.367337	0.365397	0.379739	0.371612	0.356388	0.375815	0.375815	0.367776	0.298138	0.297862	0.271302	0.159134	0.156842	0.155575	0.161405	0.161501	0.197683	0.203603	0.201155	0.190674	0.182693	0.195926	0.195926	0.2027	0.194788	0.197055	0.205999	0.166407	0.160339	0.182141	0.193112	0.176187	0.195105	0.221303	0.227522	0.25189	0.162076	0.16458	0.166505	0.18806	0.155109	0.158457	0.160018	0.160712	0.150336	0.170453	0.178188
Trogon_melanurus	0.280404	0.316437	0.311209	0.321227	0.329719	0.319376	0.319919	0.317116	0.333573	0.339513	0.33768	0.332717	0.328114	0.339867	0.332339	0.345124	0.336806	0.336892	0.316805	0.338317	0.352742	0.338984	0.343355	0.33775	0.336836	0.312378	0.345867	0.344356	0.339268	0.346443	0.33869	0.340836	0.372441	0.369258	0.350363	0.341252	0.332463	0.346985	0.357192	0.33931	0.336815	0.328618	0.343478	0.357811	0.369056	0.340099	0.361771	0.342439	0.33968	0.336265	0.333318	0.320816	0.33078	0.338598	0.325572	0.336848	0.318904	0.31457	0.342747	0.321953	0.317215	0.321244	0.331528	0.330034	0.333972	0.335532	0.340399	0.346411	0.34011	0.332339	0.332861	0.332651	0.337039	0.333063	0.332935	0.380464	0.341046	0.34242	0.316995	0.329986	0.344755	0.32761	0.3111	0.316979	0.316016	0.300874	0.305142	0.299431	0.292611	0.303502	0.323259	0.306191	0.309782	0.305271	0.302867	0.301663	0.320107	0.296967	0.301134	0.315809	0.315005	0.30581	0.308343	0.296659	0.312279	0.288884	0.305668	0.305227	0.313901	0.307353	0.302403	0.308987	0.290173	0.303594	0.298756	0.313876	0.296438	0.304511	0.315496	0.297186	0.287511	0.304382	0.324641	0.324428	0.305358	0.304548	0.313574	0.295229	0.289274	0.28382	0.302197	0.306743	0.313284	0.32206	0.318567	0.312015	0.300871	0.314788	0.304379	0.318176	0.314344	0.303921	0.308253	0.30235	0.323913	0.308686	0.293538	0.290986	0.299966	0.292883	0.252052	0.276232	0.269873	0.285092	0.339006	0.322369	0.272767	0.292717	0.275956	0.26277	0.274919	0.208631	0.212408	0.232599	0.228467	0.227965	0.236097	0.237241	0.24336	0.191568	0.273385	0.261506	0.115598	0	0.20954	0.208408	0.186261	0.195319	0.207743	0.251539	0.230937	0.360356	0.254732	0.255782	0.268176	0.258419	0.235319	0.244805	0.224349	0.221762	0.252023	0.247092	0.286386	0.29955	0.311063	0.318164	0.312511	0.293408	0.190482	0.190473	0.193987	0.201119	0.28317	0.279731	0.268492	0.253901	0.254895	0.244478	0.230136	0.230337	0.232337	0.236849	0.203475	0.201556	0.193031	0.199075	0.197935	0.203411	0.225963	0.229352	0.213425	0.211104	0.218887	0.220241	0.20776	0.221251	0.223796	0.216832	0.226086	0.215756	0.210032	0.228348	0.230679	0.365346	0.238216	0.224214	0.224113	0.277908	0.274278	0.285122	0.279472	0.268708	0.209823	0.219651	0.230953	0.20218	0.204409	0.202326	0.204863	0.213055	0.223156	0.212098	0.2365	0.226592	0.242369	0.207014	0.181103	0.225421	0.221502	0.343484	0.413007	0.424355	0.403969	0.489826	0.385614	0.389792	0.399836	0.394417	0.360292	0.323876	0.338355	0.33721	0.353201	0.359211	0.323408	0.267003	0.269197	0.268147	0.267052	0.302399	0.295609	0.393375	0.38515	0.396965	0.395026	0.409367	0.40124	0.386016	0.405443	0.405443	0.397404	0.327767	0.327491	0.30093	0.188763	0.186471	0.185204	0.191033	0.19113	0.227311	0.233232	0.230784	0.220303	0.212321	0.225554	0.225554	0.232329	0.224417	0.226684	0.235627	0.196035	0.189967	0.21177	0.222741	0.205816	0.224734	0.250931	0.25715	0.281519	0.191704	0.194209	0.196133	0.217688	0.184737	0.188085	0.189646	0.19034	0.179964	0.200081	0.207817
Falco_cherrug	0.207402	0.243434	0.238207	0.248224	0.256717	0.246373	0.246916	0.244113	0.26057	0.26651	0.264677	0.259714	0.255112	0.266864	0.259336	0.272121	0.263803	0.263889	0.243802	0.265315	0.27974	0.265981	0.270352	0.264747	0.263834	0.239375	0.272864	0.271353	0.266265	0.27344	0.265688	0.267833	0.299439	0.296255	0.277361	0.268249	0.25946	0.273983	0.284189	0.266307	0.263812	0.255615	0.270475	0.284809	0.296054	0.267097	0.288769	0.269436	0.266678	0.263262	0.260315	0.247813	0.257778	0.265596	0.25257	0.263846	0.245901	0.241567	0.269744	0.24895	0.244212	0.248241	0.258526	0.257031	0.260969	0.26253	0.267396	0.273408	0.267108	0.259337	0.259858	0.259648	0.264036	0.260061	0.259932	0.307461	0.268044	0.269417	0.243992	0.256983	0.271753	0.254608	0.238098	0.243977	0.243014	0.227872	0.232139	0.226429	0.219609	0.230499	0.250256	0.233188	0.236779	0.232269	0.229865	0.228661	0.247104	0.223964	0.228132	0.242807	0.242003	0.232808	0.23534	0.223656	0.239277	0.215882	0.232665	0.232225	0.240899	0.234351	0.2294	0.235984	0.21717	0.230591	0.225754	0.240873	0.223435	0.231508	0.242494	0.224183	0.214508	0.23138	0.251639	0.251425	0.232355	0.231545	0.240571	0.222227	0.216271	0.210818	0.229195	0.233741	0.240281	0.249058	0.245564	0.239013	0.227868	0.241785	0.231376	0.245173	0.241341	0.230918	0.235251	0.229347	0.250911	0.235684	0.220535	0.217984	0.226964	0.21988	0.179049	0.203229	0.196871	0.212089	0.266004	0.249367	0.199764	0.219714	0.202954	0.189767	0.201916	0.135628	0.139405	0.159596	0.155464	0.154962	0.163094	0.164238	0.170358	0.118566	0.200383	0.188503	0.179912	0.20954	0	0.00113445	0.0852505	0.122316	0.134741	0.178536	0.157935	0.287353	0.18173	0.182779	0.195173	0.185416	0.162317	0.171802	0.151346	0.148759	0.17902	0.17409	0.213384	0.226548	0.23806	0.245162	0.239508	0.220406	0.117479	0.117471	0.120984	0.128116	0.210167	0.206728	0.19549	0.180898	0.181893	0.171475	0.157133	0.157335	0.159334	0.163846	0.130472	0.128553	0.120028	0.126072	0.124932	0.130408	0.15296	0.156349	0.140422	0.138101	0.145884	0.147239	0.134757	0.148248	0.150794	0.14383	0.153084	0.142753	0.137029	0.155345	0.157677	0.292344	0.165214	0.151212	0.15111	0.204905	0.201276	0.212119	0.206469	0.195706	0.136821	0.146649	0.15795	0.129178	0.131406	0.129323	0.13186	0.140053	0.150154	0.139095	0.163498	0.15359	0.169366	0.134011	0.1081	0.152418	0.1485	0.270482	0.340004	0.351352	0.330966	0.416823	0.312611	0.31679	0.326834	0.321414	0.287289	0.250874	0.265353	0.264207	0.280198	0.286209	0.250406	0.194001	0.196194	0.195144	0.194049	0.229397	0.222606	0.320372	0.312148	0.323963	0.322023	0.336365	0.328238	0.313013	0.332441	0.332441	0.324402	0.254764	0.254488	0.227928	0.11576	0.113468	0.112201	0.118031	0.118127	0.154308	0.160229	0.157781	0.1473	0.139319	0.152552	0.152552	0.159326	0.151414	0.153681	0.162624	0.123032	0.116964	0.138767	0.149738	0.132813	0.151731	0.177929	0.184147	0.208516	0.118702	0.121206	0.123131	0.144685	0.111734	0.115083	0.116644	0.117338	0.106962	0.127079	0.134814
Falco_peregrinus	0.206269	0.242302	0.237074	0.247091	0.255584	0.245241	0.245784	0.242981	0.259438	0.265378	0.263544	0.258582	0.253979	0.265732	0.258203	0.270989	0.262671	0.262757	0.24267	0.264182	0.278607	0.264849	0.26922	0.263614	0.262701	0.238242	0.271732	0.270221	0.265133	0.272308	0.264555	0.266701	0.298306	0.295123	0.276228	0.267117	0.258327	0.27285	0.283057	0.265175	0.26268	0.254483	0.269343	0.283676	0.294921	0.265964	0.287636	0.268304	0.265545	0.262129	0.259183	0.246681	0.256645	0.264463	0.251437	0.262713	0.244769	0.240435	0.268612	0.247817	0.24308	0.247108	0.257393	0.255899	0.259837	0.261397	0.266264	0.272276	0.265975	0.258204	0.258726	0.258516	0.262904	0.258928	0.2588	0.306329	0.266911	0.268285	0.242859	0.255851	0.27062	0.253475	0.236965	0.242844	0.241881	0.226739	0.231007	0.225296	0.218476	0.229367	0.249124	0.232056	0.235647	0.231136	0.228732	0.227528	0.245972	0.222832	0.226999	0.241674	0.24087	0.231675	0.234208	0.222524	0.238144	0.214749	0.231533	0.231092	0.239766	0.233218	0.228267	0.234852	0.216038	0.229459	0.224621	0.239741	0.222303	0.230376	0.241361	0.223051	0.213376	0.230247	0.250506	0.250293	0.231223	0.230413	0.239439	0.221094	0.215139	0.209685	0.228062	0.232608	0.239149	0.247925	0.244432	0.23788	0.226736	0.240653	0.230244	0.244041	0.240209	0.229785	0.234118	0.228215	0.249778	0.234551	0.219403	0.216851	0.225831	0.218748	0.177917	0.202097	0.195738	0.210957	0.264871	0.248234	0.198632	0.218581	0.201821	0.188635	0.200784	0.134496	0.138273	0.158464	0.154331	0.153829	0.161962	0.163106	0.169225	0.117433	0.19925	0.18737	0.178779	0.208408	0.00113445	0	0.0841181	0.121183	0.133608	0.177404	0.156802	0.286221	0.180597	0.181647	0.194041	0.184284	0.161184	0.17067	0.150214	0.147627	0.177888	0.172957	0.212251	0.225415	0.236928	0.244029	0.238376	0.219273	0.116346	0.116338	0.119851	0.126984	0.209035	0.205596	0.194357	0.179765	0.18076	0.170342	0.156	0.156202	0.158202	0.162714	0.12934	0.127421	0.118896	0.12494	0.1238	0.129276	0.151828	0.155217	0.13929	0.136969	0.144751	0.146106	0.133625	0.147116	0.149661	0.142697	0.151951	0.141621	0.135897	0.154213	0.156544	0.291211	0.164081	0.150079	0.149978	0.203773	0.200143	0.210987	0.205337	0.194573	0.135688	0.145516	0.156818	0.128045	0.130273	0.128191	0.130728	0.13892	0.149021	0.137962	0.162365	0.152457	0.168234	0.132879	0.106968	0.151285	0.147367	0.269349	0.338872	0.35022	0.329834	0.41569	0.311479	0.315657	0.325701	0.320282	0.286157	0.249741	0.26422	0.263075	0.279066	0.285076	0.249273	0.192868	0.195061	0.194012	0.192917	0.228264	0.221474	0.319239	0.311015	0.32283	0.320891	0.335232	0.327105	0.311881	0.331308	0.331308	0.323269	0.253632	0.253356	0.226795	0.114628	0.112336	0.111069	0.116898	0.116995	0.153176	0.159096	0.156648	0.146168	0.138186	0.151419	0.151419	0.158194	0.150282	0.152548	0.161492	0.1219	0.115832	0.137635	0.148606	0.131681	0.150599	0.176796	0.183015	0.207384	0.117569	0.120074	0.121998	0.143553	0.110602	0.11395	0.115511	0.116205	0.105829	0.125946	0.133681
Herpetotheres_cachinnans	0.184123	0.220155	0.214927	0.224945	0.233438	0.223094	0.223637	0.220834	0.237291	0.243231	0.241398	0.236435	0.231833	0.243585	0.236057	0.248842	0.240524	0.24061	0.220523	0.242036	0.256461	0.242702	0.247073	0.241468	0.240555	0.216096	0.249585	0.248074	0.242986	0.250161	0.242409	0.244554	0.27616	0.272976	0.254082	0.24497	0.236181	0.250704	0.26091	0.243028	0.240533	0.232336	0.247196	0.26153	0.272774	0.243818	0.26549	0.246157	0.243399	0.239983	0.237036	0.224534	0.234498	0.242316	0.229291	0.240566	0.222622	0.218288	0.246465	0.225671	0.220933	0.224962	0.235247	0.233752	0.23769	0.23925	0.244117	0.250129	0.243829	0.236058	0.236579	0.236369	0.240757	0.236782	0.236653	0.284182	0.244765	0.246138	0.220713	0.233704	0.248474	0.231329	0.214819	0.220698	0.219735	0.204593	0.20886	0.20315	0.19633	0.20722	0.226977	0.209909	0.2135	0.20899	0.206586	0.205382	0.223825	0.200685	0.204853	0.219528	0.218724	0.209528	0.212061	0.200377	0.215998	0.192603	0.209386	0.208945	0.21762	0.211072	0.206121	0.212705	0.193891	0.207312	0.202475	0.217594	0.200156	0.208229	0.219215	0.200904	0.191229	0.2081	0.22836	0.228146	0.209076	0.208266	0.217292	0.198948	0.192992	0.187539	0.205916	0.210462	0.217002	0.225779	0.222285	0.215734	0.204589	0.218506	0.208097	0.221894	0.218062	0.207639	0.211972	0.206068	0.227632	0.212405	0.197256	0.194705	0.203684	0.196601	0.15577	0.17995	0.173592	0.18881	0.242725	0.226088	0.176485	0.196435	0.179675	0.166488	0.178637	0.112349	0.116126	0.136317	0.132185	0.131683	0.139815	0.140959	0.147079	0.0952866	0.177104	0.165224	0.156633	0.186261	0.0852505	0.0841181	0	0.0990369	0.111462	0.155257	0.134656	0.264074	0.15845	0.1595	0.171894	0.162137	0.139038	0.148523	0.128067	0.12548	0.155741	0.150811	0.190105	0.203269	0.214781	0.221882	0.216229	0.197126	0.0941999	0.0941916	0.0977049	0.104837	0.186888	0.183449	0.17221	0.157619	0.158614	0.148196	0.133854	0.134056	0.136055	0.140567	0.107193	0.105274	0.0967492	0.102793	0.101653	0.107129	0.129681	0.13307	0.117143	0.114822	0.122605	0.12396	0.111478	0.124969	0.127515	0.120551	0.129805	0.119474	0.11375	0.132066	0.134398	0.269065	0.141935	0.127933	0.127831	0.181626	0.177997	0.18884	0.18319	0.172426	0.113542	0.12337	0.134671	0.105899	0.108127	0.106044	0.108581	0.116774	0.126875	0.115816	0.140219	0.13031	0.146087	0.110732	0.0848213	0.129139	0.12522	0.247203	0.316725	0.328073	0.307687	0.393544	0.289332	0.293511	0.303555	0.298135	0.26401	0.227595	0.242074	0.240928	0.256919	0.26293	0.227127	0.170721	0.172915	0.171865	0.17077	0.206118	0.199327	0.297093	0.288869	0.300684	0.298744	0.313086	0.304959	0.289734	0.309162	0.309162	0.301123	0.231485	0.231209	0.204649	0.092481	0.0901893	0.088922	0.0947516	0.094848	0.131029	0.13695	0.134502	0.124021	0.11604	0.129273	0.129273	0.136047	0.128135	0.130402	0.139345	0.0997534	0.0936854	0.115488	0.126459	0.109534	0.128452	0.15465	0.160868	0.185237	0.0954225	0.0979273	0.0998517	0.121406	0.0884554	0.0918036	0.0933648	0.0940587	0.0836827	0.1038	0.111535
Cariama_cristata	0.186497	0.22253	0.217302	0.227319	0.235812	0.225469	0.226012	0.223209	0.239666	0.245606	0.243772	0.23881	0.234207	0.24596	0.238431	0.251217	0.242899	0.242985	0.222898	0.24441	0.258835	0.245077	0.249448	0.243842	0.242929	0.21847	0.25196	0.250449	0.245361	0.252536	0.244783	0.246929	0.278534	0.275351	0.256456	0.247345	0.238555	0.253078	0.263285	0.245403	0.242908	0.234711	0.249571	0.263904	0.275149	0.246192	0.267864	0.248532	0.245773	0.242357	0.239411	0.226909	0.236873	0.244691	0.231665	0.242941	0.224997	0.220663	0.24884	0.228045	0.223308	0.227336	0.237621	0.236127	0.240065	0.241625	0.246492	0.252504	0.246203	0.238432	0.238954	0.238744	0.243132	0.239156	0.239028	0.286557	0.247139	0.248513	0.223087	0.236079	0.250848	0.233703	0.217193	0.223072	0.222109	0.206967	0.211235	0.205524	0.198704	0.209595	0.229352	0.212284	0.215875	0.211364	0.20896	0.207756	0.2262	0.20306	0.207227	0.221902	0.221098	0.211903	0.214436	0.202752	0.218372	0.194977	0.211761	0.21132	0.219994	0.213446	0.208495	0.21508	0.196266	0.209687	0.204849	0.219969	0.202531	0.210604	0.221589	0.203279	0.193604	0.210475	0.230734	0.230521	0.211451	0.210641	0.219667	0.201322	0.195367	0.189913	0.20829	0.212836	0.219377	0.228153	0.22466	0.218108	0.206964	0.220881	0.210472	0.224269	0.220437	0.210013	0.214346	0.208443	0.230006	0.214779	0.199631	0.197079	0.206059	0.198976	0.158145	0.182325	0.175966	0.191185	0.245099	0.228462	0.17886	0.198809	0.182049	0.168863	0.181012	0.114724	0.118501	0.138692	0.134559	0.134057	0.14219	0.143334	0.149453	0.0976612	0.179478	0.167598	0.16569	0.195319	0.122316	0.121183	0.0990369	0	0.026259	0.157632	0.13703	0.266449	0.160825	0.161875	0.174269	0.164512	0.141412	0.150898	0.130442	0.127855	0.158116	0.153185	0.192479	0.205643	0.217156	0.224257	0.218604	0.199501	0.0965745	0.0965662	0.100079	0.107212	0.189263	0.185824	0.174585	0.159993	0.160988	0.15057	0.136228	0.13643	0.13843	0.142942	0.109568	0.107649	0.0991238	0.105168	0.104028	0.109504	0.132056	0.135445	0.119518	0.117197	0.124979	0.126334	0.113853	0.127344	0.129889	0.122925	0.132179	0.121849	0.116125	0.134441	0.136772	0.271439	0.144309	0.130307	0.130206	0.184001	0.180371	0.191215	0.185565	0.174801	0.115916	0.125744	0.137046	0.108273	0.110501	0.108419	0.110956	0.119148	0.129249	0.11819	0.142593	0.132685	0.148462	0.113107	0.0871959	0.131513	0.127595	0.249577	0.3191	0.330448	0.310062	0.395918	0.291707	0.295885	0.305929	0.30051	0.266385	0.229969	0.244448	0.243303	0.259294	0.265304	0.229501	0.173096	0.175289	0.17424	0.173145	0.208492	0.201702	0.299467	0.291243	0.303058	0.301119	0.31546	0.307333	0.292109	0.311536	0.311536	0.303497	0.23386	0.233584	0.207023	0.0948556	0.0925639	0.0912966	0.0971262	0.0972226	0.133404	0.139324	0.136876	0.126396	0.118414	0.131647	0.131647	0.138422	0.13051	0.132776	0.14172	0.102128	0.09606	0.117863	0.128834	0.111909	0.130827	0.157024	0.163243	0.187612	0.0977971	0.100302	0.102226	0.123781	0.09083	0.0941782	0.0957394	0.0964333	0.0860573	0.106174	0.113909
Chunga_burmeisteri	0.198922	0.234955	0.229727	0.239744	0.248237	0.237893	0.238437	0.235634	0.252091	0.258031	0.256197	0.251235	0.246632	0.258385	0.250856	0.263642	0.255323	0.255409	0.235323	0.256835	0.27126	0.257501	0.261872	0.256267	0.255354	0.230895	0.264385	0.262874	0.257785	0.264961	0.257208	0.259354	0.290959	0.287776	0.268881	0.259769	0.25098	0.265503	0.27571	0.257827	0.255333	0.247135	0.261996	0.276329	0.287574	0.258617	0.280289	0.260956	0.258198	0.254782	0.251836	0.239333	0.249298	0.257116	0.24409	0.255366	0.237421	0.233088	0.261265	0.24047	0.235733	0.239761	0.250046	0.248552	0.25249	0.25405	0.258917	0.264929	0.258628	0.250857	0.251379	0.251169	0.255557	0.251581	0.251452	0.298982	0.259564	0.260937	0.235512	0.248504	0.263273	0.246128	0.229618	0.235497	0.234534	0.219392	0.22366	0.217949	0.211129	0.22202	0.241777	0.224709	0.2283	0.223789	0.221385	0.220181	0.238624	0.215485	0.219652	0.234327	0.233523	0.224328	0.226861	0.215177	0.230797	0.207402	0.224186	0.223745	0.232419	0.225871	0.22092	0.227505	0.20869	0.222112	0.217274	0.232394	0.214956	0.223029	0.234014	0.215704	0.206029	0.2229	0.243159	0.242946	0.223876	0.223066	0.232092	0.213747	0.207792	0.202338	0.220715	0.225261	0.231802	0.240578	0.237085	0.230533	0.219388	0.233306	0.222897	0.236694	0.232862	0.222438	0.226771	0.220868	0.242431	0.227204	0.212056	0.209504	0.218484	0.211401	0.17057	0.194749	0.188391	0.20361	0.257524	0.240887	0.191285	0.211234	0.194474	0.181288	0.193437	0.127149	0.130926	0.151117	0.146984	0.146482	0.154615	0.155759	0.161878	0.110086	0.191903	0.180023	0.178115	0.207743	0.134741	0.133608	0.111462	0.026259	0	0.170057	0.149455	0.278873	0.17325	0.174299	0.186694	0.176937	0.153837	0.163323	0.142866	0.14028	0.17054	0.16561	0.204904	0.218068	0.22958	0.236682	0.231029	0.211926	0.108999	0.108991	0.112504	0.119637	0.201688	0.198249	0.18701	0.172418	0.173413	0.162995	0.148653	0.148855	0.150854	0.155367	0.121993	0.120073	0.111549	0.117593	0.116453	0.121929	0.144481	0.14787	0.131942	0.129621	0.137404	0.138759	0.126278	0.139769	0.142314	0.13535	0.144604	0.134273	0.128549	0.146865	0.149197	0.283864	0.156734	0.142732	0.142631	0.196425	0.192796	0.20364	0.19799	0.187226	0.128341	0.138169	0.149471	0.120698	0.122926	0.120844	0.123381	0.131573	0.141674	0.130615	0.155018	0.14511	0.160887	0.125532	0.0996208	0.143938	0.14002	0.262002	0.331525	0.342872	0.322487	0.408343	0.304132	0.30831	0.318354	0.312935	0.27881	0.242394	0.256873	0.255728	0.271719	0.277729	0.241926	0.185521	0.187714	0.186665	0.18557	0.220917	0.214127	0.311892	0.303668	0.315483	0.313544	0.327885	0.319758	0.304534	0.323961	0.323961	0.315922	0.246285	0.246009	0.219448	0.107281	0.104989	0.103721	0.109551	0.109648	0.145829	0.151749	0.149301	0.138821	0.130839	0.144072	0.144072	0.150847	0.142934	0.145201	0.154145	0.114553	0.108485	0.130288	0.141259	0.124334	0.143252	0.169449	0.175668	0.200036	0.110222	0.112727	0.114651	0.136206	0.103255	0.106603	0.108164	0.108858	0.0984822	0.118599	0.126334
Buceros_rhinoceros	0.240189	0.276222	0.270994	0.281012	0.289504	0.279161	0.279704	0.276901	0.293358	0.299298	0.297464	0.292502	0.287899	0.299652	0.292124	0.304909	0.296591	0.296677	0.27659	0.298102	0.312527	0.298769	0.30314	0.297535	0.296621	0.272162	0.305652	0.304141	0.299053	0.306228	0.298475	0.300621	0.332226	0.329043	0.310148	0.301037	0.292248	0.30677	0.316977	0.299095	0.2966	0.288403	0.303263	0.317596	0.328841	0.299884	0.321556	0.302224	0.299465	0.29605	0.293103	0.280601	0.290565	0.298383	0.285357	0.296633	0.278689	0.274355	0.302532	0.281737	0.277	0.281029	0.291313	0.289819	0.293757	0.295317	0.300184	0.306196	0.299895	0.292124	0.292646	0.292436	0.296824	0.292848	0.29272	0.340249	0.300831	0.302205	0.27678	0.289771	0.30454	0.287395	0.270885	0.276764	0.275801	0.260659	0.264927	0.259216	0.252396	0.263287	0.283044	0.265976	0.269567	0.265056	0.262652	0.261448	0.279892	0.256752	0.260919	0.275594	0.27479	0.265595	0.268128	0.256444	0.272064	0.248669	0.265453	0.265012	0.273686	0.267138	0.262188	0.268772	0.249958	0.263379	0.258541	0.273661	0.256223	0.264296	0.275281	0.256971	0.247296	0.264167	0.284426	0.284213	0.265143	0.264333	0.273359	0.255014	0.249059	0.243605	0.261982	0.266528	0.273069	0.281845	0.278352	0.2718	0.260656	0.274573	0.264164	0.277961	0.274129	0.263706	0.268038	0.262135	0.283698	0.268471	0.253323	0.250771	0.259751	0.252668	0.211837	0.236017	0.229658	0.244877	0.298791	0.282154	0.232552	0.252502	0.235741	0.222555	0.234704	0.168416	0.172193	0.192384	0.188252	0.187749	0.195882	0.197026	0.203145	0.151353	0.23317	0.221291	0.221911	0.251539	0.178536	0.177404	0.155257	0.157632	0.170057	0	0.0908049	0.300708	0.214517	0.215567	0.227961	0.218204	0.195104	0.20459	0.184134	0.181547	0.211808	0.206877	0.246171	0.259335	0.270848	0.277949	0.272296	0.253193	0.150267	0.150258	0.153772	0.160904	0.242955	0.239516	0.228277	0.213686	0.21468	0.204263	0.189921	0.190122	0.192122	0.196634	0.16326	0.161341	0.152816	0.15886	0.15772	0.163196	0.185748	0.189137	0.17321	0.170889	0.178672	0.180026	0.167545	0.181036	0.183581	0.176617	0.185871	0.175541	0.169817	0.188133	0.190464	0.325131	0.198001	0.183999	0.183898	0.237693	0.234063	0.244907	0.239257	0.228493	0.169608	0.179436	0.190738	0.161965	0.164193	0.162111	0.164648	0.17284	0.182941	0.171883	0.196285	0.186377	0.202154	0.166799	0.140888	0.185206	0.181287	0.303269	0.372792	0.38414	0.363754	0.44961	0.345399	0.349577	0.359621	0.354202	0.320077	0.283661	0.29814	0.296995	0.312986	0.318996	0.283193	0.226788	0.228982	0.227932	0.226837	0.262184	0.255394	0.35316	0.344935	0.35675	0.354811	0.369152	0.361025	0.345801	0.365228	0.365228	0.357189	0.287552	0.287276	0.260715	0.148548	0.146256	0.144989	0.150818	0.150915	0.187096	0.193017	0.190569	0.180088	0.172106	0.185339	0.185339	0.192114	0.184202	0.186468	0.195412	0.15582	0.149752	0.171555	0.182526	0.165601	0.184519	0.210716	0.216935	0.241304	0.151489	0.153994	0.155918	0.177473	0.144522	0.14787	0.149431	0.150125	0.139749	0.159866	0.167602
Bucorvus_abyssinicus	0.219588	0.25562	0.250392	0.26041	0.268903	0.258559	0.259102	0.256299	0.272756	0.278696	0.276863	0.2719	0.267298	0.27905	0.271522	0.284307	0.275989	0.276075	0.255988	0.277501	0.291926	0.278167	0.282538	0.276933	0.27602	0.251561	0.28505	0.283539	0.278451	0.285626	0.277874	0.280019	0.311625	0.308441	0.289547	0.280435	0.271646	0.286169	0.296375	0.278493	0.275998	0.267801	0.282661	0.296995	0.308239	0.279283	0.300954	0.281622	0.278864	0.275448	0.272501	0.259999	0.269963	0.277781	0.264756	0.276031	0.258087	0.253753	0.28193	0.261136	0.256398	0.260427	0.270711	0.269217	0.273155	0.274715	0.279582	0.285594	0.279294	0.271522	0.272044	0.271834	0.276222	0.272247	0.272118	0.319647	0.28023	0.281603	0.256178	0.269169	0.283939	0.266793	0.250283	0.256162	0.2552	0.240057	0.244325	0.238615	0.231795	0.242685	0.262442	0.245374	0.248965	0.244455	0.242051	0.240846	0.25929	0.23615	0.240318	0.254992	0.254189	0.244993	0.247526	0.235842	0.251462	0.228068	0.244851	0.24441	0.253085	0.246537	0.241586	0.24817	0.229356	0.242777	0.23794	0.253059	0.235621	0.243694	0.25468	0.236369	0.226694	0.243565	0.263825	0.263611	0.244541	0.243731	0.252757	0.234413	0.228457	0.223004	0.241381	0.245927	0.252467	0.261244	0.25775	0.251199	0.240054	0.253971	0.243562	0.257359	0.253527	0.243104	0.247437	0.241533	0.263097	0.247869	0.232721	0.23017	0.239149	0.232066	0.191235	0.215415	0.209057	0.224275	0.278189	0.261553	0.21195	0.2319	0.21514	0.201953	0.214102	0.147814	0.151591	0.171782	0.16765	0.167148	0.17528	0.176424	0.182543	0.130752	0.212568	0.200689	0.201309	0.230937	0.157935	0.156802	0.134656	0.13703	0.149455	0.0908049	0	0.280106	0.193915	0.194965	0.207359	0.197602	0.174502	0.183988	0.163532	0.160945	0.191206	0.186276	0.225569	0.238734	0.250246	0.257347	0.251694	0.232591	0.129665	0.129657	0.13317	0.140302	0.222353	0.218914	0.207675	0.193084	0.194079	0.183661	0.169319	0.169521	0.17152	0.176032	0.142658	0.140739	0.132214	0.138258	0.137118	0.142594	0.165146	0.168535	0.152608	0.150287	0.15807	0.159425	0.146943	0.160434	0.162979	0.156016	0.16527	0.154939	0.149215	0.167531	0.169862	0.304529	0.1774	0.163398	0.163296	0.217091	0.213462	0.224305	0.218655	0.207891	0.149007	0.158835	0.170136	0.141364	0.143592	0.141509	0.144046	0.152239	0.162339	0.151281	0.175684	0.165775	0.181552	0.146197	0.120286	0.164604	0.160685	0.282668	0.35219	0.363538	0.343152	0.429009	0.324797	0.328975	0.33902	0.3336	0.299475	0.263059	0.277539	0.276393	0.292384	0.298395	0.262592	0.206186	0.20838	0.20733	0.206235	0.241582	0.234792	0.332558	0.324334	0.336149	0.334209	0.34855	0.340423	0.325199	0.344626	0.344626	0.336588	0.26695	0.266674	0.240114	0.127946	0.125654	0.124387	0.130217	0.130313	0.166494	0.172415	0.169967	0.159486	0.151504	0.164738	0.164738	0.171512	0.1636	0.165867	0.17481	0.135218	0.12915	0.150953	0.161924	0.144999	0.163917	0.190114	0.196333	0.220702	0.130887	0.133392	0.135317	0.156871	0.12392	0.127269	0.12883	0.129524	0.119148	0.139265	0.147
Upupa_epops	0.349006	0.385039	0.379811	0.389828	0.398321	0.387977	0.38852	0.385717	0.402175	0.408115	0.406281	0.401319	0.396716	0.408469	0.40094	0.413726	0.405407	0.405493	0.385406	0.406919	0.421344	0.407585	0.411956	0.406351	0.405438	0.380979	0.414469	0.412958	0.407869	0.415045	0.407292	0.409437	0.441043	0.437859	0.418965	0.409853	0.401064	0.415587	0.425794	0.407911	0.405417	0.397219	0.412079	0.426413	0.437658	0.408701	0.430373	0.41104	0.408282	0.404866	0.40192	0.389417	0.399382	0.4072	0.394174	0.40545	0.387505	0.383171	0.411349	0.390554	0.385817	0.389845	0.40013	0.398636	0.402573	0.404134	0.409	0.415012	0.408712	0.400941	0.401462	0.401253	0.405641	0.401665	0.401536	0.449065	0.409648	0.411021	0.385596	0.398588	0.413357	0.396212	0.379702	0.385581	0.384618	0.369476	0.373744	0.368033	0.361213	0.372104	0.39186	0.374792	0.378384	0.373873	0.371469	0.370265	0.388708	0.365569	0.369736	0.384411	0.383607	0.374412	0.376945	0.365261	0.380881	0.357486	0.37427	0.373829	0.382503	0.375955	0.371004	0.377589	0.358774	0.372196	0.367358	0.382478	0.365039	0.373113	0.384098	0.365787	0.356113	0.372984	0.393243	0.393029	0.373959	0.373149	0.382176	0.363831	0.357875	0.352422	0.370799	0.375345	0.381886	0.390662	0.387169	0.380617	0.369472	0.383389	0.37298	0.386777	0.382946	0.372522	0.376855	0.370952	0.392515	0.377288	0.36214	0.359588	0.368568	0.361485	0.320654	0.344833	0.338475	0.353694	0.407608	0.390971	0.341369	0.361318	0.344558	0.331372	0.343521	0.277233	0.28101	0.301201	0.297068	0.296566	0.304699	0.305843	0.311962	0.26017	0.341987	0.330107	0.330727	0.360356	0.287353	0.286221	0.264074	0.266449	0.278873	0.300708	0.280106	0	0.323334	0.324383	0.336777	0.327021	0.303921	0.313406	0.29295	0.290364	0.320624	0.315694	0.354988	0.368152	0.379664	0.386766	0.381113	0.36201	0.259083	0.259075	0.262588	0.269721	0.351771	0.348333	0.337094	0.322502	0.323497	0.313079	0.298737	0.298939	0.300938	0.305451	0.272076	0.270157	0.261633	0.267676	0.266537	0.272013	0.294565	0.297953	0.282026	0.279705	0.287488	0.288843	0.276362	0.289853	0.292398	0.285434	0.294688	0.284357	0.278633	0.296949	0.299281	0.433948	0.306818	0.292816	0.292715	0.346509	0.34288	0.353723	0.348074	0.33731	0.278425	0.288253	0.299555	0.270782	0.27301	0.270928	0.273464	0.281657	0.291758	0.280699	0.305102	0.295194	0.31097	0.275615	0.249705	0.294022	0.290104	0.412086	0.481608	0.492956	0.472571	0.558427	0.454216	0.458394	0.468438	0.463019	0.428894	0.392478	0.406957	0.405812	0.421803	0.427813	0.39201	0.335605	0.337798	0.336749	0.335654	0.371001	0.364211	0.461976	0.453752	0.465567	0.463627	0.477969	0.469842	0.454618	0.474045	0.474045	0.466006	0.396369	0.396093	0.369532	0.257364	0.255073	0.253805	0.259635	0.259731	0.295913	0.301833	0.299385	0.288904	0.280923	0.294156	0.294156	0.300931	0.293018	0.295285	0.304229	0.264637	0.258569	0.280371	0.291342	0.274418	0.293335	0.319533	0.325752	0.35012	0.260306	0.262811	0.264735	0.28629	0.253339	0.256687	0.258248	0.258942	0.248566	0.268683	0.276418
Baryphthengus_martii	0.243381	0.279413	0.274185	0.284203	0.292696	0.282352	0.282895	0.280092	0.296549	0.302489	0.300656	0.295693	0.29109	0.302843	0.295315	0.3081	0.299782	0.299868	0.279781	0.301293	0.315718	0.30196	0.306331	0.300726	0.299813	0.275354	0.308843	0.307332	0.302244	0.309419	0.301667	0.303812	0.335418	0.332234	0.31334	0.304228	0.295439	0.309962	0.320168	0.302286	0.299791	0.291594	0.306454	0.320787	0.332032	0.303075	0.324747	0.305415	0.302656	0.299241	0.296294	0.283792	0.293756	0.301574	0.288548	0.299824	0.28188	0.277546	0.305723	0.284929	0.280191	0.28422	0.294504	0.29301	0.296948	0.298508	0.303375	0.309387	0.303086	0.295315	0.295837	0.295627	0.300015	0.296039	0.295911	0.34344	0.304022	0.305396	0.279971	0.292962	0.307731	0.290586	0.274076	0.279955	0.278992	0.26385	0.268118	0.262408	0.255587	0.266478	0.286235	0.269167	0.272758	0.268248	0.265844	0.264639	0.283083	0.259943	0.26411	0.278785	0.277981	0.268786	0.271319	0.259635	0.275255	0.251861	0.268644	0.268203	0.276877	0.27033	0.265379	0.271963	0.253149	0.26657	0.261732	0.276852	0.259414	0.267487	0.278473	0.260162	0.250487	0.267358	0.287617	0.287404	0.268334	0.267524	0.27655	0.258206	0.25225	0.246797	0.265174	0.269719	0.27626	0.285036	0.281543	0.274991	0.263847	0.277764	0.267355	0.281152	0.27732	0.266897	0.27123	0.265326	0.28689	0.271662	0.256514	0.253962	0.262942	0.255859	0.215028	0.239208	0.232849	0.248068	0.301982	0.285346	0.235743	0.255693	0.238933	0.225746	0.237895	0.171607	0.175384	0.195575	0.191443	0.190941	0.199073	0.200217	0.206336	0.154544	0.236361	0.224482	0.225104	0.254732	0.18173	0.180597	0.15845	0.160825	0.17325	0.214517	0.193915	0.323334	0	0.162776	0.179265	0.169509	0.146409	0.181821	0.16792	0.165334	0.209253	0.204323	0.243617	0.256781	0.268293	0.275395	0.269741	0.250639	0.153458	0.153449	0.156963	0.164095	0.246146	0.242707	0.231468	0.216877	0.217871	0.207454	0.193112	0.193313	0.195313	0.199825	0.166451	0.164532	0.156007	0.162051	0.160911	0.166387	0.188939	0.192328	0.176401	0.17408	0.181863	0.183218	0.170736	0.184227	0.186772	0.179808	0.189062	0.178732	0.173008	0.191324	0.193655	0.328322	0.201193	0.18719	0.187089	0.240884	0.237254	0.248098	0.242448	0.231684	0.1728	0.182628	0.193929	0.165156	0.167385	0.165302	0.167839	0.176031	0.186132	0.175074	0.199476	0.189568	0.205345	0.16999	0.144079	0.188397	0.184478	0.30646	0.375983	0.387331	0.366945	0.452802	0.34859	0.352768	0.362812	0.357393	0.323268	0.286852	0.301331	0.300186	0.316177	0.322187	0.286384	0.229979	0.232173	0.231123	0.230028	0.265375	0.258585	0.356351	0.348127	0.359942	0.358002	0.372343	0.364216	0.348992	0.368419	0.368419	0.36038	0.290743	0.290467	0.263906	0.151739	0.149447	0.14818	0.154009	0.154106	0.190287	0.196208	0.19376	0.183279	0.175297	0.18853	0.18853	0.195305	0.187393	0.18966	0.198603	0.159011	0.152943	0.174746	0.185717	0.168792	0.18771	0.213907	0.220126	0.244495	0.15468	0.157185	0.159109	0.180664	0.147713	0.151061	0.152623	0.153316	0.14294	0.163058	0.170793
Todus_mexicanus	0.24443	0.280462	0.275235	0.285252	0.293745	0.283401	0.283944	0.281141	0.297598	0.303539	0.301705	0.296742	0.29214	0.303893	0.296364	0.30915	0.300831	0.300917	0.28083	0.302343	0.316768	0.303009	0.30738	0.301775	0.300862	0.276403	0.309893	0.308381	0.303293	0.310469	0.302716	0.304861	0.336467	0.333283	0.314389	0.305277	0.296488	0.311011	0.321218	0.303335	0.30084	0.292643	0.307503	0.321837	0.333082	0.304125	0.325797	0.306464	0.303706	0.30029	0.297344	0.284841	0.294806	0.302624	0.289598	0.300874	0.282929	0.278595	0.306772	0.285978	0.28124	0.285269	0.295554	0.29406	0.297997	0.299558	0.304424	0.310436	0.304136	0.296365	0.296886	0.296676	0.301065	0.297089	0.29696	0.344489	0.305072	0.306445	0.28102	0.294011	0.308781	0.291636	0.275126	0.281005	0.280042	0.2649	0.269168	0.263457	0.256637	0.267527	0.287284	0.270216	0.273808	0.269297	0.266893	0.265689	0.284132	0.260993	0.26516	0.279835	0.279031	0.269836	0.272368	0.260684	0.276305	0.25291	0.269693	0.269253	0.277927	0.271379	0.266428	0.273013	0.254198	0.26762	0.262782	0.277901	0.260463	0.268536	0.279522	0.261211	0.251536	0.268408	0.288667	0.288453	0.269383	0.268573	0.2776	0.259255	0.253299	0.247846	0.266223	0.270769	0.27731	0.286086	0.282593	0.276041	0.264896	0.278813	0.268404	0.282201	0.278369	0.267946	0.272279	0.266375	0.287939	0.272712	0.257564	0.255012	0.263992	0.256908	0.216078	0.240257	0.233899	0.249118	0.303032	0.286395	0.236792	0.256742	0.239982	0.226796	0.238945	0.172657	0.176434	0.196625	0.192492	0.19199	0.200123	0.201267	0.207386	0.155594	0.237411	0.225531	0.226153	0.255782	0.182779	0.181647	0.1595	0.161875	0.174299	0.215567	0.194965	0.324383	0.162776	0	0.180315	0.170558	0.147458	0.182871	0.16897	0.166383	0.210303	0.205372	0.244666	0.25783	0.269343	0.276444	0.270791	0.251688	0.154507	0.154499	0.158012	0.165144	0.247195	0.243757	0.232518	0.217926	0.218921	0.208503	0.194161	0.194363	0.196362	0.200875	0.1675	0.165581	0.157056	0.1631	0.161961	0.167437	0.189989	0.193377	0.17745	0.175129	0.182912	0.184267	0.171785	0.185277	0.187822	0.180858	0.190112	0.179781	0.174057	0.192373	0.194705	0.329372	0.202242	0.18824	0.188139	0.241933	0.238304	0.249147	0.243498	0.232734	0.173849	0.183677	0.194979	0.166206	0.168434	0.166351	0.168888	0.177081	0.187182	0.176123	0.200526	0.190618	0.206394	0.171039	0.145129	0.189446	0.185528	0.30751	0.377032	0.38838	0.367995	0.453851	0.34964	0.353818	0.363862	0.358443	0.324318	0.287902	0.302381	0.301236	0.317226	0.323237	0.287434	0.231029	0.233222	0.232173	0.231077	0.266425	0.259635	0.3574	0.349176	0.360991	0.359051	0.373393	0.365266	0.350042	0.369469	0.369469	0.36143	0.291792	0.291516	0.264956	0.152788	0.150497	0.149229	0.155059	0.155155	0.191337	0.197257	0.194809	0.184328	0.176347	0.18958	0.18958	0.196354	0.188442	0.190709	0.199653	0.160061	0.153993	0.175795	0.186766	0.169841	0.188759	0.214957	0.221176	0.245544	0.15573	0.158235	0.160159	0.181714	0.148763	0.152111	0.153672	0.154366	0.14399	0.164107	0.171842
Ceyx_cyanopectus	0.256824	0.292857	0.287629	0.297646	0.306139	0.295795	0.296338	0.293535	0.309993	0.315933	0.314099	0.309137	0.304534	0.316287	0.308758	0.321544	0.313225	0.313311	0.293224	0.314737	0.329162	0.315403	0.319774	0.314169	0.313256	0.288797	0.322287	0.320776	0.315687	0.322863	0.31511	0.317255	0.348861	0.345677	0.326783	0.317671	0.308882	0.323405	0.333612	0.315729	0.313235	0.305037	0.319897	0.334231	0.345476	0.316519	0.338191	0.318858	0.3161	0.312684	0.309738	0.297235	0.3072	0.315018	0.301992	0.313268	0.295323	0.290989	0.319167	0.298372	0.293635	0.297663	0.307948	0.306454	0.310391	0.311952	0.316818	0.32283	0.31653	0.308759	0.30928	0.309071	0.313459	0.309483	0.309354	0.356883	0.317466	0.318839	0.293414	0.306406	0.321175	0.30403	0.28752	0.293399	0.292436	0.277294	0.281562	0.275851	0.269031	0.279922	0.299678	0.28261	0.286202	0.281691	0.279287	0.278083	0.296526	0.273387	0.277554	0.292229	0.291425	0.28223	0.284763	0.273079	0.288699	0.265304	0.282088	0.281647	0.290321	0.283773	0.278822	0.285407	0.266592	0.280014	0.275176	0.290296	0.272857	0.280931	0.291916	0.273605	0.263931	0.280802	0.301061	0.300847	0.281777	0.280967	0.289994	0.271649	0.265693	0.26024	0.278617	0.283163	0.289704	0.29848	0.294987	0.288435	0.27729	0.291207	0.280798	0.294595	0.290764	0.28034	0.284673	0.27877	0.300333	0.285106	0.269958	0.267406	0.276386	0.269303	0.228472	0.252651	0.246293	0.261512	0.315426	0.298789	0.249187	0.269136	0.252376	0.23919	0.251339	0.185051	0.188828	0.209019	0.204886	0.204384	0.212517	0.213661	0.21978	0.167988	0.249805	0.237925	0.238547	0.268176	0.195173	0.194041	0.171894	0.174269	0.186694	0.227961	0.207359	0.336777	0.179265	0.180315	0	0.135879	0.112779	0.195265	0.181364	0.178777	0.222697	0.217766	0.25706	0.270224	0.281737	0.288838	0.283185	0.264082	0.166901	0.166893	0.170406	0.177539	0.259589	0.256151	0.244912	0.23032	0.231315	0.220897	0.206555	0.206757	0.208756	0.213269	0.179894	0.177975	0.169451	0.175494	0.174355	0.179831	0.202383	0.205771	0.189844	0.187523	0.195306	0.196661	0.18418	0.197671	0.200216	0.193252	0.202506	0.192175	0.186451	0.204767	0.207099	0.341766	0.214636	0.200634	0.200533	0.254327	0.250698	0.261541	0.255892	0.245128	0.186243	0.196071	0.207373	0.1786	0.180828	0.178746	0.181282	0.189475	0.199576	0.188517	0.21292	0.203012	0.218788	0.183433	0.157523	0.20184	0.197922	0.319904	0.389426	0.400774	0.380389	0.466245	0.362034	0.366212	0.376256	0.370837	0.336712	0.300296	0.314775	0.31363	0.329621	0.335631	0.299828	0.243423	0.245616	0.244567	0.243472	0.278819	0.272029	0.369794	0.36157	0.373385	0.371445	0.385787	0.37766	0.362436	0.381863	0.381863	0.373824	0.304187	0.303911	0.27735	0.165182	0.162891	0.161623	0.167453	0.167549	0.203731	0.209651	0.207203	0.196722	0.188741	0.201974	0.201974	0.208749	0.200836	0.203103	0.212047	0.172455	0.166387	0.188189	0.19916	0.182236	0.201154	0.227351	0.23357	0.257938	0.168124	0.170629	0.172553	0.194108	0.161157	0.164505	0.166066	0.16676	0.156384	0.176501	0.184236
Chloroceryle_aenea	0.247067	0.2831	0.277872	0.287889	0.296382	0.286038	0.286582	0.283779	0.300236	0.306176	0.304342	0.29938	0.294777	0.30653	0.299001	0.311787	0.303469	0.303555	0.283468	0.30498	0.319405	0.305646	0.310018	0.304412	0.303499	0.27904	0.31253	0.311019	0.305931	0.313106	0.305353	0.307499	0.339104	0.335921	0.317026	0.307914	0.299125	0.313648	0.323855	0.305973	0.303478	0.295281	0.310141	0.324474	0.335719	0.306762	0.328434	0.309102	0.306343	0.302927	0.299981	0.287479	0.297443	0.305261	0.292235	0.303511	0.285567	0.281233	0.30941	0.288615	0.283878	0.287906	0.298191	0.296697	0.300635	0.302195	0.307062	0.313074	0.306773	0.299002	0.299524	0.299314	0.303702	0.299726	0.299597	0.347127	0.307709	0.309083	0.283657	0.296649	0.311418	0.294273	0.277763	0.283642	0.282679	0.267537	0.271805	0.266094	0.259274	0.270165	0.289922	0.272854	0.276445	0.271934	0.26953	0.268326	0.28677	0.26363	0.267797	0.282472	0.281668	0.272473	0.275006	0.263322	0.278942	0.255547	0.272331	0.27189	0.280564	0.274016	0.269065	0.27565	0.256836	0.270257	0.265419	0.280539	0.263101	0.271174	0.282159	0.263849	0.254174	0.271045	0.291304	0.291091	0.272021	0.271211	0.280237	0.261892	0.255937	0.250483	0.26886	0.273406	0.279947	0.288723	0.28523	0.278678	0.267533	0.281451	0.271042	0.284839	0.281007	0.270583	0.274916	0.269013	0.290576	0.275349	0.260201	0.257649	0.266629	0.259546	0.218715	0.242895	0.236536	0.251755	0.305669	0.289032	0.23943	0.259379	0.242619	0.229433	0.241582	0.175294	0.179071	0.199262	0.195129	0.194627	0.20276	0.203904	0.210023	0.158231	0.240048	0.228168	0.22879	0.258419	0.185416	0.184284	0.162137	0.164512	0.176937	0.218204	0.197602	0.327021	0.169509	0.170558	0.135879	0	0.0926135	0.185508	0.171607	0.16902	0.21294	0.20801	0.247303	0.260468	0.27198	0.279081	0.273428	0.254325	0.157144	0.157136	0.160649	0.167782	0.249833	0.246394	0.235155	0.220563	0.221558	0.21114	0.196798	0.197	0.199	0.203512	0.170138	0.168219	0.159694	0.165738	0.164598	0.170074	0.192626	0.196015	0.180088	0.177766	0.185549	0.186904	0.174423	0.187914	0.190459	0.183495	0.192749	0.182419	0.176694	0.19501	0.197342	0.332009	0.204879	0.190877	0.190776	0.24457	0.240941	0.251785	0.246135	0.235371	0.176486	0.186314	0.197616	0.168843	0.171071	0.168989	0.171526	0.179718	0.189819	0.17876	0.203163	0.193255	0.209032	0.173677	0.147766	0.192083	0.188165	0.310147	0.37967	0.391018	0.370632	0.456488	0.352277	0.356455	0.366499	0.36108	0.326955	0.290539	0.305018	0.303873	0.319864	0.325874	0.290071	0.233666	0.235859	0.23481	0.233715	0.269062	0.262272	0.360037	0.351813	0.363628	0.361689	0.37603	0.367903	0.352679	0.372106	0.372106	0.364067	0.29443	0.294154	0.267593	0.155426	0.153134	0.151867	0.157696	0.157793	0.193974	0.199894	0.197446	0.186966	0.178984	0.192217	0.192217	0.198992	0.19108	0.193346	0.20229	0.162698	0.15663	0.178433	0.189404	0.172479	0.191397	0.217594	0.223813	0.248182	0.158367	0.160872	0.162796	0.184351	0.1514	0.154748	0.156309	0.157003	0.146627	0.166744	0.174479
Halcyon_senegalensis	0.223968	0.26	0.254772	0.26479	0.273283	0.262939	0.263482	0.260679	0.277136	0.283076	0.281243	0.27628	0.271677	0.28343	0.275902	0.288687	0.280369	0.280455	0.260368	0.28188	0.296306	0.282547	0.286918	0.281313	0.2804	0.255941	0.28943	0.287919	0.282831	0.290006	0.282254	0.284399	0.316005	0.312821	0.293927	0.284815	0.276026	0.290549	0.300755	0.282873	0.280378	0.272181	0.287041	0.301374	0.312619	0.283662	0.305334	0.286002	0.283244	0.279828	0.276881	0.264379	0.274343	0.282161	0.269136	0.280411	0.262467	0.258133	0.28631	0.265516	0.260778	0.264807	0.275091	0.273597	0.277535	0.279095	0.283962	0.289974	0.283673	0.275902	0.276424	0.276214	0.280602	0.276626	0.276498	0.324027	0.284609	0.285983	0.260558	0.273549	0.288319	0.271173	0.254663	0.260542	0.25958	0.244437	0.248705	0.242995	0.236174	0.247065	0.266822	0.249754	0.253345	0.248835	0.246431	0.245226	0.26367	0.24053	0.244698	0.259372	0.258569	0.249373	0.251906	0.240222	0.255842	0.232448	0.249231	0.24879	0.257464	0.250917	0.245966	0.25255	0.233736	0.247157	0.242319	0.257439	0.240001	0.248074	0.25906	0.240749	0.231074	0.247945	0.268204	0.267991	0.248921	0.248111	0.257137	0.238793	0.232837	0.227384	0.245761	0.250306	0.256847	0.265624	0.26213	0.255578	0.244434	0.258351	0.247942	0.261739	0.257907	0.247484	0.251817	0.245913	0.267477	0.252249	0.237101	0.23455	0.243529	0.236446	0.195615	0.219795	0.213437	0.228655	0.282569	0.265933	0.21633	0.23628	0.21952	0.206333	0.218482	0.152194	0.155971	0.176162	0.17203	0.171528	0.17966	0.180804	0.186923	0.135131	0.216948	0.205069	0.205691	0.235319	0.162317	0.161184	0.139038	0.141412	0.153837	0.195104	0.174502	0.303921	0.146409	0.147458	0.112779	0.0926135	0	0.162408	0.148507	0.145921	0.18984	0.18491	0.224204	0.237368	0.24888	0.255982	0.250329	0.231226	0.134045	0.134037	0.13755	0.144682	0.226733	0.223294	0.212055	0.197464	0.198459	0.188041	0.173699	0.173901	0.1759	0.180412	0.147038	0.145119	0.136594	0.142638	0.141498	0.146974	0.169526	0.172915	0.156988	0.154667	0.16245	0.163805	0.151323	0.164814	0.167359	0.160395	0.16965	0.159319	0.153595	0.171911	0.174242	0.308909	0.18178	0.167778	0.167676	0.221471	0.217841	0.228685	0.223035	0.212271	0.153387	0.163215	0.174516	0.145743	0.147972	0.145889	0.148426	0.156619	0.166719	0.155661	0.180064	0.170155	0.185932	0.150577	0.124666	0.168984	0.165065	0.287048	0.35657	0.367918	0.347532	0.433389	0.329177	0.333355	0.343399	0.33798	0.303855	0.267439	0.281919	0.280773	0.296764	0.302774	0.266972	0.210566	0.21276	0.21171	0.210615	0.245962	0.239172	0.336938	0.328714	0.340529	0.338589	0.35293	0.344803	0.329579	0.349006	0.349006	0.340968	0.27133	0.271054	0.244494	0.132326	0.130034	0.128767	0.134596	0.134693	0.170874	0.176795	0.174347	0.163866	0.155884	0.169118	0.169118	0.175892	0.16798	0.170247	0.17919	0.139598	0.13353	0.155333	0.166304	0.149379	0.168297	0.194494	0.200713	0.225082	0.135267	0.137772	0.139697	0.161251	0.1283	0.131648	0.13321	0.133904	0.123528	0.143645	0.15138
Merops_nubicus	0.233453	0.269486	0.264258	0.274275	0.282768	0.272424	0.272968	0.270164	0.286622	0.292562	0.290728	0.285766	0.281163	0.292916	0.285387	0.298173	0.289854	0.28994	0.269853	0.291366	0.305791	0.292032	0.296403	0.290798	0.289885	0.265426	0.298916	0.297405	0.292316	0.299492	0.291739	0.293884	0.32549	0.322306	0.303412	0.2943	0.285511	0.300034	0.310241	0.292358	0.289864	0.281666	0.296526	0.31086	0.322105	0.293148	0.31482	0.295487	0.292729	0.289313	0.286367	0.273864	0.283829	0.291647	0.278621	0.289897	0.271952	0.267618	0.295796	0.275001	0.270264	0.274292	0.284577	0.283083	0.28702	0.288581	0.293447	0.299459	0.293159	0.285388	0.285909	0.2857	0.290088	0.286112	0.285983	0.333513	0.294095	0.295468	0.270043	0.283035	0.297804	0.280659	0.264149	0.270028	0.269065	0.253923	0.258191	0.25248	0.24566	0.256551	0.276307	0.259239	0.262831	0.25832	0.255916	0.254712	0.273155	0.250016	0.254183	0.268858	0.268054	0.258859	0.261392	0.249708	0.265328	0.241933	0.258717	0.258276	0.26695	0.260402	0.255451	0.262036	0.243221	0.256643	0.251805	0.266925	0.249486	0.25756	0.268545	0.250234	0.24056	0.257431	0.27769	0.277476	0.258406	0.257597	0.266623	0.248278	0.242322	0.236869	0.255246	0.259792	0.266333	0.275109	0.271616	0.265064	0.253919	0.267837	0.257427	0.271225	0.267393	0.256969	0.261302	0.255399	0.276962	0.261735	0.246587	0.244035	0.253015	0.245932	0.205101	0.22928	0.222922	0.238141	0.292055	0.275418	0.225816	0.245765	0.229005	0.215819	0.227968	0.16168	0.165457	0.185648	0.181515	0.181013	0.189146	0.19029	0.196409	0.144617	0.226434	0.214554	0.215176	0.244805	0.171802	0.17067	0.148523	0.150898	0.163323	0.20459	0.183988	0.313406	0.181821	0.182871	0.195265	0.185508	0.162408	0	0.157993	0.155406	0.199326	0.194395	0.233689	0.246853	0.258366	0.265467	0.259814	0.240711	0.14353	0.143522	0.147035	0.154168	0.236218	0.23278	0.221541	0.206949	0.207944	0.197526	0.183184	0.183386	0.185385	0.189898	0.156524	0.154604	0.14608	0.152123	0.150984	0.15646	0.179012	0.182401	0.166473	0.164152	0.171935	0.17329	0.160809	0.1743	0.176845	0.169881	0.179135	0.168804	0.16308	0.181396	0.183728	0.318395	0.191265	0.177263	0.177162	0.230956	0.227327	0.238171	0.232521	0.221757	0.162872	0.1727	0.184002	0.155229	0.157457	0.155375	0.157912	0.166104	0.176205	0.165146	0.189549	0.179641	0.195417	0.160062	0.134152	0.178469	0.174551	0.296533	0.366056	0.377403	0.357018	0.442874	0.338663	0.342841	0.352885	0.347466	0.313341	0.276925	0.291404	0.290259	0.30625	0.31226	0.276457	0.220052	0.222245	0.221196	0.220101	0.255448	0.248658	0.346423	0.338199	0.350014	0.348075	0.362416	0.354289	0.339065	0.358492	0.358492	0.350453	0.280816	0.28054	0.253979	0.141811	0.13952	0.138252	0.144082	0.144178	0.18036	0.18628	0.183832	0.173352	0.16537	0.178603	0.178603	0.185378	0.177465	0.179732	0.188676	0.149084	0.143016	0.164818	0.175789	0.158865	0.177783	0.20398	0.210199	0.234567	0.144753	0.147258	0.149182	0.170737	0.137786	0.141134	0.142695	0.143389	0.133013	0.15313	0.160865
Brachypteracias_leptosomus	0.212997	0.249029	0.243802	0.253819	0.262312	0.251968	0.252511	0.249708	0.266165	0.272106	0.270272	0.26531	0.260707	0.27246	0.264931	0.277717	0.269398	0.269484	0.249397	0.27091	0.285335	0.271576	0.275947	0.270342	0.269429	0.24497	0.27846	0.276949	0.27186	0.279036	0.271283	0.273428	0.305034	0.30185	0.282956	0.273844	0.265055	0.279578	0.289785	0.271902	0.269407	0.26121	0.27607	0.290404	0.301649	0.272692	0.294364	0.275031	0.272273	0.268857	0.265911	0.253408	0.263373	0.271191	0.258165	0.269441	0.251496	0.247162	0.27534	0.254545	0.249807	0.253836	0.264121	0.262627	0.266564	0.268125	0.272991	0.279003	0.272703	0.264932	0.265453	0.265243	0.269632	0.265656	0.265527	0.313056	0.273639	0.275012	0.249587	0.262579	0.277348	0.260203	0.243693	0.249572	0.248609	0.233467	0.237735	0.232024	0.225204	0.236094	0.255851	0.238783	0.242375	0.237864	0.23546	0.234256	0.252699	0.22956	0.233727	0.248402	0.247598	0.238403	0.240935	0.229252	0.244872	0.221477	0.238261	0.23782	0.246494	0.239946	0.234995	0.24158	0.222765	0.236187	0.231349	0.246469	0.22903	0.237104	0.248089	0.229778	0.220104	0.236975	0.257234	0.25702	0.23795	0.23714	0.246167	0.227822	0.221866	0.216413	0.23479	0.239336	0.245877	0.254653	0.25116	0.244608	0.233463	0.24738	0.236971	0.250768	0.246937	0.236513	0.240846	0.234943	0.256506	0.241279	0.226131	0.223579	0.232559	0.225476	0.184645	0.208824	0.202466	0.217685	0.271599	0.254962	0.20536	0.225309	0.208549	0.195363	0.207512	0.141224	0.145001	0.165192	0.161059	0.160557	0.16869	0.169834	0.175953	0.124161	0.205978	0.194098	0.19472	0.224349	0.151346	0.150214	0.128067	0.130442	0.142866	0.184134	0.163532	0.29295	0.16792	0.16897	0.181364	0.171607	0.148507	0.157993	0	0.0966737	0.17887	0.173939	0.213233	0.226397	0.23791	0.245011	0.239358	0.220255	0.123074	0.123066	0.126579	0.133712	0.215762	0.212324	0.201085	0.186493	0.187488	0.17707	0.162728	0.16293	0.164929	0.169442	0.136067	0.134148	0.125624	0.131667	0.130528	0.136004	0.158556	0.161944	0.146017	0.143696	0.151479	0.152834	0.140352	0.153844	0.156389	0.149425	0.158679	0.148348	0.142624	0.16094	0.163272	0.297939	0.170809	0.156807	0.156706	0.2105	0.206871	0.217714	0.212065	0.201301	0.142416	0.152244	0.163546	0.134773	0.137001	0.134918	0.137455	0.145648	0.155749	0.14469	0.169093	0.159185	0.174961	0.139606	0.113696	0.158013	0.154095	0.276077	0.345599	0.356947	0.336562	0.422418	0.318207	0.322385	0.332429	0.32701	0.292885	0.256469	0.270948	0.269803	0.285794	0.291804	0.256001	0.199596	0.201789	0.20074	0.199645	0.234992	0.228202	0.325967	0.317743	0.329558	0.327618	0.34196	0.333833	0.318609	0.338036	0.338036	0.329997	0.26036	0.260083	0.233523	0.121355	0.119064	0.117796	0.123626	0.123722	0.159904	0.165824	0.163376	0.152895	0.144914	0.158147	0.158147	0.164921	0.157009	0.159276	0.16822	0.128628	0.12256	0.144362	0.155333	0.138409	0.157326	0.183524	0.189743	0.214111	0.124297	0.126802	0.128726	0.150281	0.11733	0.120678	0.122239	0.122933	0.112557	0.132674	0.140409
Eurystomus_gularis	0.21041	0.246443	0.241215	0.251233	0.259725	0.249382	0.249925	0.247122	0.263579	0.269519	0.267685	0.262723	0.25812	0.269873	0.262345	0.27513	0.266812	0.266898	0.246811	0.268323	0.282748	0.26899	0.273361	0.267756	0.266842	0.242384	0.275873	0.274362	0.269274	0.276449	0.268696	0.270842	0.302447	0.299264	0.280369	0.271258	0.262469	0.276991	0.287198	0.269316	0.266821	0.258624	0.273484	0.287817	0.299062	0.270105	0.291777	0.272445	0.269686	0.266271	0.263324	0.250822	0.260786	0.268604	0.255578	0.266854	0.24891	0.244576	0.272753	0.251958	0.247221	0.25125	0.261534	0.26004	0.263978	0.265538	0.270405	0.276417	0.270116	0.262345	0.262867	0.262657	0.267045	0.263069	0.262941	0.31047	0.271052	0.272426	0.247001	0.259992	0.274761	0.257616	0.241106	0.246985	0.246022	0.23088	0.235148	0.229437	0.222617	0.233508	0.253265	0.236197	0.239788	0.235277	0.232873	0.231669	0.250113	0.226973	0.23114	0.245815	0.245011	0.235816	0.238349	0.226665	0.242285	0.21889	0.235674	0.235233	0.243907	0.237359	0.232409	0.238993	0.220179	0.2336	0.228762	0.243882	0.226444	0.234517	0.245502	0.227192	0.217517	0.234388	0.254647	0.254434	0.235364	0.234554	0.24358	0.225235	0.21928	0.213826	0.232203	0.236749	0.24329	0.252066	0.248573	0.242021	0.230877	0.244794	0.234385	0.248182	0.24435	0.233927	0.238259	0.232356	0.253919	0.238692	0.223544	0.220992	0.229972	0.222889	0.182058	0.206238	0.199879	0.215098	0.269012	0.252375	0.202773	0.222723	0.205962	0.192776	0.204925	0.138637	0.142414	0.162605	0.158473	0.15797	0.166103	0.167247	0.173366	0.121574	0.203391	0.191512	0.192134	0.221762	0.148759	0.147627	0.12548	0.127855	0.14028	0.181547	0.160945	0.290364	0.165334	0.166383	0.178777	0.16902	0.145921	0.155406	0.0966737	0	0.176283	0.171353	0.210647	0.223811	0.235323	0.242425	0.236771	0.217669	0.120488	0.120479	0.123993	0.131125	0.213176	0.209737	0.198498	0.183907	0.184901	0.174484	0.160142	0.160343	0.162343	0.166855	0.133481	0.131562	0.123037	0.129081	0.127941	0.133417	0.155969	0.159358	0.143431	0.14111	0.148893	0.150247	0.137766	0.151257	0.153802	0.146838	0.156092	0.145762	0.140038	0.158354	0.160685	0.295352	0.168222	0.15422	0.154119	0.207914	0.204284	0.215128	0.209478	0.198714	0.139829	0.149657	0.160959	0.132186	0.134414	0.132332	0.134869	0.143061	0.153162	0.142104	0.166506	0.156598	0.172375	0.13702	0.111109	0.155427	0.151508	0.27349	0.343013	0.354361	0.333975	0.419831	0.31562	0.319798	0.329842	0.324423	0.290298	0.253882	0.268361	0.267216	0.283207	0.289217	0.253414	0.197009	0.199203	0.198153	0.197058	0.232405	0.225615	0.323381	0.315156	0.326971	0.325032	0.339373	0.331246	0.316022	0.335449	0.335449	0.32741	0.257773	0.257497	0.230936	0.118769	0.116477	0.11521	0.121039	0.121136	0.157317	0.163238	0.16079	0.150309	0.142327	0.15556	0.15556	0.162335	0.154423	0.15669	0.165633	0.126041	0.119973	0.141776	0.152747	0.135822	0.15474	0.180937	0.187156	0.211525	0.12171	0.124215	0.126139	0.147694	0.114743	0.118091	0.119652	0.120346	0.10997	0.130087	0.137823
Bucco_capensis	0.240671	0.276703	0.271476	0.281493	0.289986	0.279642	0.280185	0.277382	0.293839	0.29978	0.297946	0.292984	0.288381	0.300134	0.292605	0.305391	0.297072	0.297158	0.277071	0.298584	0.313009	0.29925	0.303621	0.298016	0.297103	0.272644	0.306134	0.304623	0.299534	0.30671	0.298957	0.301102	0.332708	0.329524	0.31063	0.301518	0.292729	0.307252	0.317459	0.299576	0.297081	0.288884	0.303744	0.318078	0.329323	0.300366	0.322038	0.302705	0.299947	0.296531	0.293585	0.281082	0.291047	0.298865	0.285839	0.297115	0.27917	0.274836	0.303014	0.282219	0.277481	0.28151	0.291795	0.290301	0.294238	0.295799	0.300665	0.306677	0.300377	0.292606	0.293127	0.292917	0.297306	0.29333	0.293201	0.34073	0.301313	0.302686	0.277261	0.290252	0.305022	0.287877	0.271367	0.277246	0.276283	0.261141	0.265409	0.259698	0.252878	0.263768	0.283525	0.266457	0.270049	0.265538	0.263134	0.26193	0.280373	0.257234	0.261401	0.276076	0.275272	0.266077	0.268609	0.256926	0.272546	0.249151	0.265935	0.265494	0.274168	0.26762	0.262669	0.269254	0.250439	0.263861	0.259023	0.274142	0.256704	0.264778	0.275763	0.257452	0.247778	0.264649	0.284908	0.284694	0.265624	0.264814	0.273841	0.255496	0.24954	0.244087	0.262464	0.26701	0.273551	0.282327	0.278834	0.272282	0.261137	0.275054	0.264645	0.278442	0.27461	0.264187	0.26852	0.262617	0.28418	0.268953	0.253805	0.251253	0.260233	0.25315	0.212319	0.236498	0.23014	0.245359	0.299273	0.282636	0.233034	0.252983	0.236223	0.223037	0.235186	0.168898	0.172675	0.192866	0.188733	0.188231	0.196364	0.197508	0.203627	0.151835	0.233652	0.221772	0.222394	0.252023	0.17902	0.177888	0.155741	0.158116	0.17054	0.211808	0.191206	0.320624	0.209253	0.210303	0.222697	0.21294	0.18984	0.199326	0.17887	0.176283	0	0.165153	0.227654	0.240818	0.25233	0.259432	0.253779	0.234676	0.150748	0.15074	0.154253	0.161386	0.243436	0.239998	0.228759	0.214167	0.215162	0.204744	0.190402	0.190604	0.192603	0.197116	0.163741	0.161822	0.153297	0.159341	0.158202	0.163678	0.18623	0.189618	0.173691	0.17137	0.179153	0.180508	0.168026	0.181518	0.184063	0.177099	0.186353	0.176022	0.170298	0.188614	0.190946	0.325613	0.198483	0.184481	0.18438	0.238174	0.234545	0.245388	0.239739	0.228975	0.17009	0.179918	0.19122	0.162447	0.164675	0.162592	0.165129	0.173322	0.183423	0.172364	0.196767	0.186859	0.202635	0.16728	0.14137	0.185687	0.181769	0.303751	0.373273	0.384621	0.364236	0.450092	0.345881	0.350059	0.360103	0.354684	0.320559	0.284143	0.298622	0.297477	0.313467	0.319478	0.283675	0.22727	0.229463	0.228414	0.227319	0.262666	0.255876	0.353641	0.345417	0.357232	0.355292	0.369634	0.361507	0.346283	0.36571	0.36571	0.357671	0.288034	0.287757	0.261197	0.149029	0.146738	0.14547	0.1513	0.151396	0.187578	0.193498	0.19105	0.180569	0.172588	0.185821	0.185821	0.192595	0.184683	0.18695	0.195894	0.156302	0.150234	0.172036	0.183007	0.166082	0.185	0.211198	0.217417	0.241785	0.151971	0.154476	0.1564	0.177955	0.145004	0.148352	0.149913	0.150607	0.140231	0.160348	0.168083
Galbula_dea	0.235741	0.271773	0.266545	0.276563	0.285056	0.274712	0.275255	0.272452	0.288909	0.294849	0.293016	0.288053	0.283451	0.295203	0.287675	0.30046	0.292142	0.292228	0.272141	0.293654	0.308079	0.29432	0.298691	0.293086	0.292173	0.267714	0.301203	0.299692	0.294604	0.301779	0.294027	0.296172	0.327778	0.324594	0.3057	0.296588	0.287799	0.302322	0.312528	0.294646	0.292151	0.283954	0.298814	0.313148	0.324392	0.295436	0.317108	0.297775	0.295017	0.291601	0.288654	0.276152	0.286116	0.293934	0.280909	0.292184	0.27424	0.269906	0.298083	0.277289	0.272551	0.27658	0.286865	0.28537	0.289308	0.290868	0.295735	0.301747	0.295447	0.287676	0.288197	0.287987	0.292375	0.2884	0.288271	0.3358	0.296383	0.297756	0.272331	0.285322	0.300092	0.282947	0.266436	0.272316	0.271353	0.25621	0.260478	0.254768	0.247948	0.258838	0.278595	0.261527	0.265118	0.260608	0.258204	0.257	0.275443	0.252303	0.256471	0.271146	0.270342	0.261146	0.263679	0.251995	0.267616	0.244221	0.261004	0.260563	0.269238	0.26269	0.257739	0.264323	0.245509	0.25893	0.254093	0.269212	0.251774	0.259847	0.270833	0.252522	0.242847	0.259718	0.279978	0.279764	0.260694	0.259884	0.26891	0.250566	0.24461	0.239157	0.257534	0.26208	0.26862	0.277397	0.273903	0.267352	0.256207	0.270124	0.259715	0.273512	0.26968	0.259257	0.26359	0.257686	0.27925	0.264023	0.248874	0.246323	0.255302	0.248219	0.207388	0.231568	0.22521	0.240428	0.294343	0.277706	0.228103	0.248053	0.231293	0.218106	0.230255	0.163967	0.167744	0.187935	0.183803	0.183301	0.191433	0.192577	0.198696	0.146905	0.228721	0.216842	0.217464	0.247092	0.17409	0.172957	0.150811	0.153185	0.16561	0.206877	0.186276	0.315694	0.204323	0.205372	0.217766	0.20801	0.18491	0.194395	0.173939	0.171353	0.165153	0	0.222723	0.235888	0.2474	0.254501	0.248848	0.229745	0.145818	0.14581	0.149323	0.156455	0.238506	0.235067	0.223828	0.209237	0.210232	0.199814	0.185472	0.185674	0.187673	0.192185	0.158811	0.156892	0.148367	0.154411	0.153271	0.158747	0.181299	0.184688	0.168761	0.16644	0.174223	0.175578	0.163096	0.176587	0.179133	0.172169	0.181423	0.171092	0.165368	0.183684	0.186015	0.320682	0.193553	0.179551	0.179449	0.233244	0.229615	0.240458	0.234808	0.224044	0.16516	0.174988	0.186289	0.157517	0.159745	0.157662	0.160199	0.168392	0.178492	0.167434	0.191837	0.181928	0.197705	0.16235	0.136439	0.180757	0.176838	0.298821	0.368343	0.379691	0.359305	0.445162	0.34095	0.345128	0.355173	0.349753	0.315628	0.279212	0.293692	0.292546	0.308537	0.314548	0.278745	0.222339	0.224533	0.223483	0.222388	0.257736	0.250945	0.348711	0.340487	0.352302	0.350362	0.364704	0.356576	0.341352	0.36078	0.36078	0.352741	0.283103	0.282827	0.256267	0.144099	0.141807	0.14054	0.14637	0.146466	0.182647	0.188568	0.18612	0.175639	0.167657	0.180891	0.180891	0.187665	0.179753	0.18202	0.190963	0.151371	0.145303	0.167106	0.178077	0.161152	0.18007	0.206267	0.212486	0.236855	0.147041	0.149545	0.15147	0.173024	0.140073	0.143422	0.144983	0.145677	0.135301	0.155418	0.163153
Eubucco_bourcierii	0.275035	0.311067	0.305839	0.315857	0.32435	0.314006	0.314549	0.311746	0.328203	0.334143	0.33231	0.327347	0.322744	0.334497	0.326969	0.339754	0.331436	0.331522	0.311435	0.332947	0.347373	0.333614	0.337985	0.33238	0.331467	0.307008	0.340497	0.338986	0.333898	0.341073	0.333321	0.335466	0.367072	0.363888	0.344994	0.335882	0.327093	0.341616	0.351822	0.33394	0.331445	0.323248	0.338108	0.352441	0.363686	0.334729	0.356401	0.337069	0.334311	0.330895	0.327948	0.315446	0.32541	0.333228	0.320203	0.331478	0.313534	0.3092	0.337377	0.316583	0.311845	0.315874	0.326158	0.324664	0.328602	0.330162	0.335029	0.341041	0.33474	0.326969	0.327491	0.327281	0.331669	0.327693	0.327565	0.375094	0.335676	0.33705	0.311625	0.324616	0.339386	0.32224	0.30573	0.311609	0.310647	0.295504	0.299772	0.294062	0.287241	0.298132	0.317889	0.300821	0.304412	0.299902	0.297498	0.296293	0.314737	0.291597	0.295765	0.310439	0.309636	0.30044	0.302973	0.291289	0.306909	0.283515	0.300298	0.299857	0.308531	0.301984	0.297033	0.303617	0.284803	0.298224	0.293386	0.308506	0.291068	0.299141	0.310127	0.291816	0.282141	0.299012	0.319271	0.319058	0.299988	0.299178	0.308204	0.28986	0.283904	0.278451	0.296828	0.301373	0.307914	0.31669	0.313197	0.306645	0.295501	0.309418	0.299009	0.312806	0.308974	0.298551	0.302884	0.29698	0.318544	0.303316	0.288168	0.285616	0.294596	0.287513	0.246682	0.270862	0.264503	0.279722	0.333636	0.317	0.267397	0.287347	0.270587	0.2574	0.269549	0.203261	0.207038	0.227229	0.223097	0.222595	0.230727	0.231871	0.23799	0.186198	0.268015	0.256136	0.256758	0.286386	0.213384	0.212251	0.190105	0.192479	0.204904	0.246171	0.225569	0.354988	0.243617	0.244666	0.25706	0.247303	0.224204	0.233689	0.213233	0.210647	0.227654	0.222723	0	0.0601434	0.0716556	0.112696	0.119009	0.140734	0.185112	0.185103	0.188617	0.195749	0.2778	0.274361	0.263122	0.248531	0.249526	0.239108	0.224766	0.224968	0.226967	0.231479	0.198105	0.196186	0.187661	0.193705	0.192565	0.198041	0.220593	0.223982	0.208055	0.205734	0.213517	0.214872	0.20239	0.215881	0.218426	0.211462	0.220716	0.210386	0.204662	0.222978	0.225309	0.359976	0.232847	0.218845	0.218743	0.272538	0.268908	0.279752	0.274102	0.263338	0.204454	0.214282	0.225583	0.19681	0.199039	0.196956	0.199493	0.207686	0.217786	0.206728	0.231131	0.221222	0.236999	0.201644	0.175733	0.220051	0.216132	0.338114	0.407637	0.418985	0.398599	0.484456	0.380244	0.384422	0.394466	0.389047	0.354922	0.318506	0.332986	0.33184	0.347831	0.353841	0.318038	0.261633	0.263827	0.262777	0.261682	0.297029	0.290239	0.388005	0.379781	0.391596	0.389656	0.403997	0.39587	0.380646	0.400073	0.400073	0.392035	0.322397	0.322121	0.295561	0.183393	0.181101	0.179834	0.185663	0.18576	0.221941	0.227862	0.225414	0.214933	0.206951	0.220185	0.220185	0.226959	0.219047	0.221314	0.230257	0.190665	0.184597	0.2064	0.217371	0.200446	0.219364	0.245561	0.25178	0.276149	0.186334	0.188839	0.190764	0.212318	0.179367	0.182715	0.184277	0.184971	0.174595	0.194712	0.202447
Ramphastos_sulfuratus	0.288199	0.324231	0.319004	0.329021	0.337514	0.32717	0.327713	0.32491	0.341367	0.347307	0.345474	0.340511	0.335909	0.347661	0.340133	0.352918	0.3446	0.344686	0.324599	0.346112	0.360537	0.346778	0.351149	0.345544	0.344631	0.320172	0.353661	0.35215	0.347062	0.354237	0.346485	0.34863	0.380236	0.377052	0.358158	0.349046	0.340257	0.35478	0.364986	0.347104	0.344609	0.336412	0.351272	0.365606	0.376851	0.347894	0.369566	0.350233	0.347475	0.344059	0.341112	0.32861	0.338575	0.346393	0.333367	0.344643	0.326698	0.322364	0.350541	0.329747	0.325009	0.329038	0.339323	0.337828	0.341766	0.343327	0.348193	0.354205	0.347905	0.340134	0.340655	0.340445	0.344833	0.340858	0.340729	0.388258	0.348841	0.350214	0.324789	0.33778	0.35255	0.335405	0.318895	0.324774	0.323811	0.308669	0.312936	0.307226	0.300406	0.311296	0.331053	0.313985	0.317576	0.313066	0.310662	0.309458	0.327901	0.304761	0.308929	0.323604	0.3228	0.313605	0.316137	0.304453	0.320074	0.296679	0.313462	0.313021	0.321696	0.315148	0.310197	0.316781	0.297967	0.311388	0.306551	0.32167	0.304232	0.312305	0.323291	0.30498	0.295305	0.312177	0.332436	0.332222	0.313152	0.312342	0.321368	0.303024	0.297068	0.291615	0.309992	0.314538	0.321078	0.329855	0.326361	0.31981	0.308665	0.322582	0.312173	0.32597	0.322138	0.311715	0.316048	0.310144	0.331708	0.316481	0.301332	0.298781	0.307761	0.300677	0.259846	0.284026	0.277668	0.292886	0.346801	0.330164	0.280561	0.300511	0.283751	0.270564	0.282713	0.216425	0.220202	0.240393	0.236261	0.235759	0.243891	0.245035	0.251155	0.199363	0.28118	0.2693	0.269922	0.29955	0.226548	0.225415	0.203269	0.205643	0.218068	0.259335	0.238734	0.368152	0.256781	0.25783	0.270224	0.260468	0.237368	0.246853	0.226397	0.223811	0.240818	0.235888	0.0601434	0	0.069767	0.12586	0.132173	0.153898	0.198276	0.198268	0.201781	0.208913	0.290964	0.287525	0.276287	0.261695	0.26269	0.252272	0.23793	0.238132	0.240131	0.244643	0.211269	0.20935	0.200825	0.206869	0.205729	0.211205	0.233757	0.237146	0.221219	0.218898	0.226681	0.228036	0.215554	0.229045	0.231591	0.224627	0.233881	0.22355	0.217826	0.236142	0.238474	0.373141	0.246011	0.232009	0.231907	0.285702	0.282073	0.292916	0.287266	0.276503	0.217618	0.227446	0.238747	0.209975	0.212203	0.21012	0.212657	0.22085	0.230951	0.219892	0.244295	0.234387	0.250163	0.214808	0.188897	0.233215	0.229297	0.351279	0.420801	0.432149	0.411763	0.49762	0.393408	0.397587	0.407631	0.402211	0.368086	0.331671	0.34615	0.345004	0.360995	0.367006	0.331203	0.274798	0.276991	0.275941	0.274846	0.310194	0.303403	0.401169	0.392945	0.40476	0.40282	0.417162	0.409035	0.39381	0.413238	0.413238	0.405199	0.335561	0.335285	0.308725	0.196557	0.194265	0.192998	0.198828	0.198924	0.235105	0.241026	0.238578	0.228097	0.220116	0.233349	0.233349	0.240123	0.232211	0.234478	0.243421	0.203829	0.197761	0.219564	0.230535	0.21361	0.232528	0.258726	0.264944	0.289313	0.199499	0.202003	0.203928	0.225482	0.192531	0.19588	0.197441	0.198135	0.187759	0.207876	0.215611
Semnornis_frantzii	0.299711	0.335743	0.330516	0.340533	0.349026	0.338682	0.339225	0.336422	0.352879	0.35882	0.356986	0.352024	0.347421	0.359174	0.351645	0.364431	0.356112	0.356198	0.336111	0.357624	0.372049	0.35829	0.362661	0.357056	0.356143	0.331684	0.365174	0.363663	0.358574	0.36575	0.357997	0.360142	0.391748	0.388564	0.36967	0.360558	0.351769	0.366292	0.376499	0.358616	0.356121	0.347924	0.362784	0.377118	0.388363	0.359406	0.381078	0.361745	0.358987	0.355571	0.352625	0.340122	0.350087	0.357905	0.344879	0.356155	0.33821	0.333876	0.362054	0.341259	0.336521	0.34055	0.350835	0.349341	0.353278	0.354839	0.359705	0.365717	0.359417	0.351646	0.352167	0.351957	0.356346	0.35237	0.352241	0.39977	0.360353	0.361726	0.336301	0.349293	0.364062	0.346917	0.330407	0.336286	0.335323	0.320181	0.324449	0.318738	0.311918	0.322808	0.342565	0.325497	0.329089	0.324578	0.322174	0.32097	0.339413	0.316274	0.320441	0.335116	0.334312	0.325117	0.32765	0.315966	0.331586	0.308191	0.324975	0.324534	0.333208	0.32666	0.321709	0.328294	0.309479	0.322901	0.318063	0.333183	0.315744	0.323818	0.334803	0.316492	0.306818	0.323689	0.343948	0.343734	0.324664	0.323854	0.332881	0.314536	0.30858	0.303127	0.321504	0.32605	0.332591	0.341367	0.337874	0.331322	0.320177	0.334094	0.323685	0.337482	0.333651	0.323227	0.32756	0.321657	0.34322	0.327993	0.312845	0.310293	0.319273	0.31219	0.271359	0.295538	0.28918	0.304399	0.358313	0.341676	0.292074	0.312023	0.295263	0.282077	0.294226	0.227938	0.231715	0.251906	0.247773	0.247271	0.255404	0.256548	0.262667	0.210875	0.292692	0.280812	0.281434	0.311063	0.23806	0.236928	0.214781	0.217156	0.22958	0.270848	0.250246	0.379664	0.268293	0.269343	0.281737	0.27198	0.24888	0.258366	0.23791	0.235323	0.25233	0.2474	0.0716556	0.069767	0	0.137372	0.143685	0.165411	0.209788	0.20978	0.213293	0.220426	0.302476	0.299038	0.287799	0.273207	0.274202	0.263784	0.249442	0.249644	0.251643	0.256156	0.222781	0.220862	0.212338	0.218381	0.217242	0.222718	0.24527	0.248658	0.232731	0.23041	0.238193	0.239548	0.227066	0.240558	0.243103	0.236139	0.245393	0.235062	0.229338	0.247654	0.249986	0.384653	0.257523	0.243521	0.24342	0.297214	0.293585	0.304428	0.298779	0.288015	0.22913	0.238958	0.25026	0.221487	0.223715	0.221633	0.224169	0.232362	0.242463	0.231404	0.255807	0.245899	0.261675	0.22632	0.20041	0.244727	0.240809	0.362791	0.432313	0.443661	0.423276	0.509132	0.404921	0.409099	0.419143	0.413724	0.379599	0.343183	0.357662	0.356517	0.372508	0.378518	0.342715	0.28631	0.288503	0.287454	0.286359	0.321706	0.314916	0.412681	0.404457	0.416272	0.414332	0.428674	0.420547	0.405323	0.42475	0.42475	0.416711	0.347074	0.346797	0.320237	0.208069	0.205778	0.20451	0.21034	0.210436	0.246618	0.252538	0.25009	0.239609	0.231628	0.244861	0.244861	0.251635	0.243723	0.24599	0.254934	0.215342	0.209274	0.231076	0.242047	0.225123	0.24404	0.270238	0.276457	0.300825	0.211011	0.213516	0.21544	0.236995	0.204044	0.207392	0.208953	0.209647	0.199271	0.219388	0.227123
Tricholaema_leucomelas	0.306813	0.342845	0.337617	0.347635	0.356128	0.345784	0.346327	0.343524	0.359981	0.365921	0.364088	0.359125	0.354522	0.366275	0.358747	0.371532	0.363214	0.3633	0.343213	0.364725	0.379151	0.365392	0.369763	0.364158	0.363245	0.338786	0.372275	0.370764	0.365676	0.372851	0.365099	0.367244	0.39885	0.395666	0.376772	0.36766	0.358871	0.373394	0.3836	0.365718	0.363223	0.355026	0.369886	0.384219	0.395464	0.366507	0.388179	0.368847	0.366089	0.362673	0.359726	0.347224	0.357188	0.365006	0.351981	0.363256	0.345312	0.340978	0.369155	0.348361	0.343623	0.347652	0.357936	0.356442	0.36038	0.36194	0.366807	0.372819	0.366518	0.358747	0.359269	0.359059	0.363447	0.359471	0.359343	0.406872	0.367454	0.368828	0.343403	0.356394	0.371164	0.354018	0.337508	0.343387	0.342424	0.327282	0.33155	0.32584	0.319019	0.32991	0.349667	0.332599	0.33619	0.33168	0.329276	0.328071	0.346515	0.323375	0.327542	0.342217	0.341414	0.332218	0.334751	0.323067	0.338687	0.315293	0.332076	0.331635	0.340309	0.333762	0.328811	0.335395	0.316581	0.330002	0.325164	0.340284	0.322846	0.330919	0.341905	0.323594	0.313919	0.33079	0.351049	0.350836	0.331766	0.330956	0.339982	0.321638	0.315682	0.310229	0.328606	0.333151	0.339692	0.348468	0.344975	0.338423	0.327279	0.341196	0.330787	0.344584	0.340752	0.330329	0.334662	0.328758	0.350322	0.335094	0.319946	0.317394	0.326374	0.319291	0.27846	0.30264	0.296281	0.3115	0.365414	0.348778	0.299175	0.319125	0.302365	0.289178	0.301327	0.235039	0.238816	0.259007	0.254875	0.254373	0.262505	0.263649	0.269768	0.217976	0.299793	0.287914	0.288536	0.318164	0.245162	0.244029	0.221882	0.224257	0.236682	0.277949	0.257347	0.386766	0.275395	0.276444	0.288838	0.279081	0.255982	0.265467	0.245011	0.242425	0.259432	0.254501	0.112696	0.12586	0.137372	0	0.150787	0.172512	0.21689	0.216881	0.220395	0.227527	0.309578	0.306139	0.2949	0.280309	0.281304	0.270886	0.256544	0.256745	0.258745	0.263257	0.229883	0.227964	0.219439	0.225483	0.224343	0.229819	0.252371	0.25576	0.239833	0.237512	0.245295	0.24665	0.234168	0.247659	0.250204	0.24324	0.252494	0.242164	0.23644	0.254756	0.257087	0.391754	0.264625	0.250623	0.250521	0.304316	0.300686	0.31153	0.30588	0.295116	0.236232	0.24606	0.257361	0.228588	0.230817	0.228734	0.231271	0.239464	0.249564	0.238506	0.262909	0.253	0.268777	0.233422	0.207511	0.251829	0.24791	0.369892	0.439415	0.450763	0.430377	0.516234	0.412022	0.4162	0.426244	0.420825	0.3867	0.350284	0.364764	0.363618	0.379609	0.385619	0.349816	0.293411	0.295605	0.294555	0.29346	0.328807	0.322017	0.419783	0.411559	0.423374	0.421434	0.435775	0.427648	0.412424	0.431851	0.431851	0.423813	0.354175	0.353899	0.327339	0.215171	0.212879	0.211612	0.217441	0.217538	0.253719	0.25964	0.257192	0.246711	0.238729	0.251963	0.251963	0.258737	0.250825	0.253092	0.262035	0.222443	0.216375	0.238178	0.249149	0.232224	0.251142	0.277339	0.283558	0.307927	0.218112	0.220617	0.222542	0.244096	0.211145	0.214493	0.216055	0.216748	0.206373	0.22649	0.234225
Psilopogon_haemacephalus	0.301159	0.337192	0.331964	0.341982	0.350474	0.340131	0.340674	0.337871	0.354328	0.360268	0.358434	0.353472	0.348869	0.360622	0.353093	0.365879	0.357561	0.357647	0.33756	0.359072	0.373497	0.359739	0.36411	0.358504	0.357591	0.333132	0.366622	0.365111	0.360023	0.367198	0.359445	0.361591	0.393196	0.390013	0.371118	0.362007	0.353218	0.36774	0.377947	0.360065	0.35757	0.349373	0.364233	0.378566	0.389811	0.360854	0.382526	0.363194	0.360435	0.35702	0.354073	0.341571	0.351535	0.359353	0.346327	0.357603	0.339659	0.335325	0.363502	0.342707	0.33797	0.341998	0.352283	0.350789	0.354727	0.356287	0.361154	0.367166	0.360865	0.353094	0.353616	0.353406	0.357794	0.353818	0.35369	0.401219	0.361801	0.363175	0.33775	0.350741	0.36551	0.348365	0.331855	0.337734	0.336771	0.321629	0.325897	0.320186	0.313366	0.324257	0.344014	0.326946	0.330537	0.326026	0.323622	0.322418	0.340862	0.317722	0.321889	0.336564	0.33576	0.326565	0.329098	0.317414	0.333034	0.309639	0.326423	0.325982	0.334656	0.328108	0.323157	0.329742	0.310928	0.324349	0.319511	0.334631	0.317193	0.325266	0.336251	0.317941	0.308266	0.325137	0.345396	0.345183	0.326113	0.325303	0.334329	0.315984	0.310029	0.304575	0.322952	0.327498	0.334039	0.342815	0.339322	0.33277	0.321626	0.335543	0.325134	0.338931	0.335099	0.324676	0.329008	0.323105	0.344668	0.329441	0.314293	0.311741	0.320721	0.313638	0.272807	0.296987	0.290628	0.305847	0.359761	0.343124	0.293522	0.313471	0.296711	0.283525	0.295674	0.229386	0.233163	0.253354	0.249221	0.248719	0.256852	0.257996	0.264115	0.212323	0.29414	0.28226	0.282882	0.312511	0.239508	0.238376	0.216229	0.218604	0.231029	0.272296	0.251694	0.381113	0.269741	0.270791	0.283185	0.273428	0.250329	0.259814	0.239358	0.236771	0.253779	0.248848	0.119009	0.132173	0.143685	0.150787	0	0.166859	0.211236	0.211228	0.214742	0.221874	0.303925	0.300486	0.289247	0.274655	0.27565	0.265232	0.25089	0.251092	0.253092	0.257604	0.22423	0.222311	0.213786	0.21983	0.21869	0.224166	0.246718	0.250107	0.23418	0.231859	0.239641	0.240996	0.228515	0.242006	0.244551	0.237587	0.246841	0.236511	0.230787	0.249103	0.251434	0.386101	0.258971	0.244969	0.244868	0.298663	0.295033	0.305877	0.300227	0.289463	0.230578	0.240406	0.251708	0.222935	0.225163	0.223081	0.225618	0.23381	0.243911	0.232852	0.257255	0.247347	0.263124	0.227769	0.201858	0.246175	0.242257	0.364239	0.433762	0.44511	0.424724	0.51058	0.406369	0.410547	0.420591	0.415172	0.381047	0.344631	0.35911	0.357965	0.373956	0.379966	0.344163	0.287758	0.289952	0.288902	0.287807	0.323154	0.316364	0.414129	0.405905	0.41772	0.415781	0.430122	0.421995	0.406771	0.426198	0.426198	0.418159	0.348522	0.348246	0.321685	0.209518	0.207226	0.205959	0.211788	0.211885	0.248066	0.253986	0.251538	0.241058	0.233076	0.246309	0.246309	0.253084	0.245172	0.247438	0.256382	0.21679	0.210722	0.232525	0.243496	0.226571	0.245489	0.271686	0.277905	0.302274	0.212459	0.214964	0.216888	0.238443	0.205492	0.20884	0.210401	0.211095	0.200719	0.220836	0.228571
Indicator_maculatus	0.282057	0.318089	0.312861	0.322879	0.331372	0.321028	0.321571	0.318768	0.335225	0.341165	0.339332	0.334369	0.329766	0.341519	0.333991	0.346776	0.338458	0.338544	0.318457	0.339969	0.354395	0.340636	0.345007	0.339402	0.338489	0.31403	0.347519	0.346008	0.34092	0.348095	0.340343	0.342488	0.374094	0.37091	0.352016	0.342904	0.334115	0.348638	0.358844	0.340962	0.338467	0.33027	0.34513	0.359463	0.370708	0.341751	0.363423	0.344091	0.341333	0.337917	0.33497	0.322468	0.332432	0.34025	0.327225	0.3385	0.320556	0.316222	0.344399	0.323605	0.318867	0.322896	0.33318	0.331686	0.335624	0.337184	0.342051	0.348063	0.341762	0.333991	0.334513	0.334303	0.338691	0.334715	0.334587	0.382116	0.342698	0.344072	0.318647	0.331638	0.346408	0.329262	0.312752	0.318631	0.317668	0.302526	0.306794	0.301084	0.294263	0.305154	0.324911	0.307843	0.311434	0.306924	0.30452	0.303315	0.321759	0.298619	0.302786	0.317461	0.316658	0.307462	0.309995	0.298311	0.313931	0.290537	0.30732	0.306879	0.315553	0.309006	0.304055	0.310639	0.291825	0.305246	0.300408	0.315528	0.29809	0.306163	0.317149	0.298838	0.289163	0.306034	0.326293	0.32608	0.30701	0.3062	0.315226	0.296882	0.290926	0.285473	0.30385	0.308395	0.314936	0.323712	0.320219	0.313667	0.302523	0.31644	0.306031	0.319828	0.315996	0.305573	0.309906	0.304002	0.325566	0.310338	0.29519	0.292638	0.301618	0.294535	0.253704	0.277884	0.271525	0.286744	0.340658	0.324022	0.274419	0.294369	0.277609	0.264422	0.276571	0.210283	0.21406	0.234251	0.230119	0.229617	0.237749	0.238893	0.245012	0.19322	0.275037	0.263158	0.26378	0.293408	0.220406	0.219273	0.197126	0.199501	0.211926	0.253193	0.232591	0.36201	0.250639	0.251688	0.264082	0.254325	0.231226	0.240711	0.220255	0.217669	0.234676	0.229745	0.140734	0.153898	0.165411	0.172512	0.166859	0	0.192134	0.192125	0.195639	0.202771	0.284822	0.281383	0.270144	0.255553	0.256548	0.24613	0.231788	0.231989	0.233989	0.238501	0.205127	0.203208	0.194683	0.200727	0.199587	0.205063	0.227615	0.231004	0.215077	0.212756	0.220539	0.221894	0.209412	0.222903	0.225448	0.218484	0.227738	0.217408	0.211684	0.23	0.232331	0.366998	0.239869	0.225867	0.225765	0.27956	0.27593	0.286774	0.281124	0.27036	0.211476	0.221304	0.232605	0.203832	0.206061	0.203978	0.206515	0.214708	0.224808	0.21375	0.238153	0.228244	0.244021	0.208666	0.182755	0.227073	0.223154	0.345136	0.414659	0.426007	0.405621	0.491478	0.387266	0.391444	0.401488	0.396069	0.361944	0.325528	0.340008	0.338862	0.354853	0.360863	0.32506	0.268655	0.270849	0.269799	0.268704	0.304051	0.297261	0.395027	0.386803	0.398618	0.396678	0.411019	0.402892	0.387668	0.407095	0.407095	0.399057	0.329419	0.329143	0.302583	0.190415	0.188123	0.186856	0.192685	0.192782	0.228963	0.234884	0.232436	0.221955	0.213973	0.227207	0.227207	0.233981	0.226069	0.228336	0.237279	0.197687	0.191619	0.213422	0.224393	0.207468	0.226386	0.252583	0.258802	0.283171	0.193356	0.195861	0.197786	0.21934	0.186389	0.189737	0.191299	0.191992	0.181617	0.201734	0.209469
Ciccaba_nigrolineata	0.176873	0.212906	0.207678	0.217695	0.226188	0.215844	0.216387	0.213584	0.230042	0.235982	0.234148	0.229186	0.224583	0.236336	0.228807	0.241593	0.233274	0.23336	0.213273	0.234786	0.249211	0.235452	0.239823	0.234218	0.233305	0.208846	0.242336	0.240825	0.235736	0.242912	0.235159	0.237304	0.26891	0.265726	0.246832	0.23772	0.228931	0.243454	0.253661	0.235778	0.233284	0.225086	0.239946	0.25428	0.265525	0.236568	0.25824	0.238907	0.236149	0.232733	0.229787	0.217284	0.227249	0.235067	0.222041	0.233317	0.215372	0.211038	0.239216	0.218421	0.213684	0.217712	0.227997	0.226503	0.23044	0.232001	0.236867	0.242879	0.236579	0.228808	0.229329	0.22912	0.233508	0.229532	0.229403	0.276932	0.237515	0.238888	0.213463	0.226455	0.241224	0.224079	0.207569	0.213448	0.212485	0.197343	0.201611	0.1959	0.18908	0.199971	0.219727	0.202659	0.206251	0.20174	0.199336	0.198132	0.216575	0.193436	0.197603	0.212278	0.211474	0.202279	0.204812	0.193128	0.208748	0.185353	0.202137	0.201696	0.21037	0.203822	0.198871	0.205456	0.186641	0.200063	0.195225	0.210345	0.192906	0.20098	0.211965	0.193654	0.18398	0.200851	0.22111	0.220896	0.201826	0.201016	0.210043	0.191698	0.185742	0.180289	0.198666	0.203212	0.209753	0.218529	0.215036	0.208484	0.197339	0.211257	0.200847	0.214645	0.210813	0.200389	0.204722	0.198819	0.220382	0.205155	0.190007	0.187455	0.196435	0.189352	0.148523	0.172702	0.166344	0.181563	0.235477	0.21884	0.169238	0.189187	0.172427	0.159241	0.17139	0.105102	0.108879	0.12907	0.124937	0.124435	0.132568	0.133712	0.139831	0.0880389	0.169856	0.157976	0.160853	0.190482	0.117479	0.116346	0.0941999	0.0965745	0.108999	0.150267	0.129665	0.259083	0.153458	0.154507	0.166901	0.157144	0.134045	0.14353	0.123074	0.120488	0.150748	0.145818	0.185112	0.198276	0.209788	0.21689	0.211236	0.192134	0	0.00687511	0.0243331	0.0773168	0.179638	0.1762	0.164961	0.150369	0.151364	0.140946	0.126604	0.126806	0.128805	0.133318	0.0999435	0.0980243	0.0894996	0.0955434	0.0944036	0.0998796	0.122432	0.12582	0.109893	0.107572	0.115355	0.11671	0.104229	0.11772	0.120265	0.113301	0.122555	0.112224	0.1065	0.124816	0.127148	0.261815	0.134685	0.120683	0.120582	0.174376	0.170747	0.18159	0.175941	0.165177	0.106292	0.11612	0.127422	0.098649	0.100877	0.0987946	0.101331	0.109524	0.119625	0.108566	0.132969	0.123061	0.138837	0.103482	0.0775717	0.121889	0.117971	0.239953	0.309476	0.320823	0.300438	0.386294	0.282083	0.286261	0.296305	0.290886	0.256761	0.220345	0.234824	0.233679	0.24967	0.25568	0.219877	0.163472	0.165665	0.164616	0.163521	0.198868	0.192078	0.289843	0.281619	0.293434	0.291494	0.305836	0.297709	0.282485	0.301912	0.301912	0.293873	0.224236	0.22396	0.197399	0.0852314	0.0829397	0.0816723	0.087502	0.0875984	0.12378	0.1297	0.127252	0.116771	0.10879	0.122023	0.122023	0.128798	0.120885	0.123152	0.132096	0.0925037	0.0864358	0.108238	0.119209	0.102285	0.121203	0.1474	0.153619	0.177987	0.0881729	0.0906776	0.092602	0.114157	0.0812058	0.0845539	0.0861151	0.086809	0.0764331	0.0965501	0.104285
Strix_occidentalis	0.176865	0.212897	0.20767	0.217687	0.22618	0.215836	0.216379	0.213576	0.230033	0.235973	0.23414	0.229177	0.224575	0.236327	0.228799	0.241585	0.233266	0.233352	0.213265	0.234778	0.249203	0.235444	0.239815	0.23421	0.233297	0.208838	0.242328	0.240816	0.235728	0.242904	0.235151	0.237296	0.268902	0.265718	0.246824	0.237712	0.228923	0.243446	0.253653	0.23577	0.233275	0.225078	0.239938	0.254272	0.265517	0.23656	0.258232	0.238899	0.236141	0.232725	0.229778	0.217276	0.227241	0.235059	0.222033	0.233309	0.215364	0.21103	0.239207	0.218413	0.213675	0.217704	0.227989	0.226495	0.230432	0.231993	0.236859	0.242871	0.236571	0.2288	0.229321	0.229111	0.2335	0.229524	0.229395	0.276924	0.237507	0.23888	0.213455	0.226446	0.241216	0.224071	0.207561	0.21344	0.212477	0.197335	0.201602	0.195892	0.189072	0.199962	0.219719	0.202651	0.206243	0.201732	0.199328	0.198124	0.216567	0.193427	0.197595	0.21227	0.211466	0.202271	0.204803	0.193119	0.20874	0.185345	0.202128	0.201688	0.210362	0.203814	0.198863	0.205447	0.186633	0.200055	0.195217	0.210336	0.192898	0.200971	0.211957	0.193646	0.183971	0.200843	0.221102	0.220888	0.201818	0.201008	0.210035	0.19169	0.185734	0.180281	0.198658	0.203204	0.209745	0.218521	0.215028	0.208476	0.197331	0.211248	0.200839	0.214636	0.210804	0.200381	0.204714	0.19881	0.220374	0.205147	0.189998	0.187447	0.196427	0.189343	0.148514	0.172694	0.166336	0.181554	0.235469	0.218832	0.169229	0.189179	0.172419	0.159232	0.171381	0.105093	0.108871	0.129062	0.124929	0.124427	0.13256	0.133704	0.139823	0.0880307	0.169848	0.157968	0.160845	0.190473	0.117471	0.116338	0.0941916	0.0965662	0.108991	0.150258	0.129657	0.259075	0.153449	0.154499	0.166893	0.157136	0.134037	0.143522	0.123066	0.120479	0.15074	0.14581	0.185103	0.198268	0.20978	0.216881	0.211228	0.192125	0.00687511	0	0.0243249	0.0773086	0.17963	0.176191	0.164953	0.150361	0.151356	0.140938	0.126596	0.126798	0.128797	0.133309	0.0999353	0.0980161	0.0894914	0.0955352	0.0943954	0.0998714	0.122424	0.125812	0.109885	0.107564	0.115347	0.116702	0.10422	0.117711	0.120257	0.113293	0.122547	0.112216	0.106492	0.124808	0.12714	0.261807	0.134677	0.120675	0.120573	0.174368	0.170739	0.181582	0.175933	0.165169	0.106284	0.116112	0.127414	0.0986407	0.100869	0.0987864	0.101323	0.109516	0.119617	0.108558	0.132961	0.123053	0.138829	0.103474	0.0775634	0.121881	0.117963	0.239945	0.309467	0.320815	0.300429	0.386286	0.282074	0.286253	0.296297	0.290878	0.256753	0.220337	0.234816	0.233671	0.249661	0.255672	0.219869	0.163464	0.165657	0.164607	0.163512	0.19886	0.19207	0.289835	0.281611	0.293426	0.291486	0.305828	0.297701	0.282477	0.301904	0.301904	0.293865	0.224227	0.223951	0.197391	0.0852232	0.0829314	0.0816641	0.0874938	0.0875902	0.123772	0.129692	0.127244	0.116763	0.108782	0.122015	0.122015	0.128789	0.120877	0.123144	0.132088	0.0924955	0.0864276	0.10823	0.119201	0.102276	0.121194	0.147392	0.153611	0.177979	0.0881647	0.0906694	0.0925938	0.114148	0.0811976	0.0845457	0.0861069	0.0868008	0.0764248	0.0965419	0.104277
Glaucidium_brasilianum	0.180378	0.216411	0.211183	0.2212	0.229693	0.219349	0.219893	0.217089	0.233547	0.239487	0.237653	0.232691	0.228088	0.239841	0.232312	0.245098	0.236779	0.236865	0.216778	0.238291	0.252716	0.238957	0.243328	0.237723	0.23681	0.212351	0.245841	0.24433	0.239241	0.246417	0.238664	0.240809	0.272415	0.269231	0.250337	0.241225	0.232436	0.246959	0.257166	0.239283	0.236789	0.228591	0.243451	0.257785	0.26903	0.240073	0.261745	0.242412	0.239654	0.236238	0.233292	0.220789	0.230754	0.238572	0.225546	0.236822	0.218877	0.214543	0.242721	0.221926	0.217189	0.221217	0.231502	0.230008	0.233945	0.235506	0.240372	0.246384	0.240084	0.232313	0.232834	0.232625	0.237013	0.233037	0.232908	0.280438	0.24102	0.242393	0.216968	0.22996	0.244729	0.227584	0.211074	0.216953	0.21599	0.200848	0.205116	0.199405	0.192585	0.203476	0.223232	0.206164	0.209756	0.205245	0.202841	0.201637	0.22008	0.196941	0.201108	0.215783	0.214979	0.205784	0.208317	0.196633	0.212253	0.188858	0.205642	0.205201	0.213875	0.207327	0.202376	0.208961	0.190146	0.203568	0.19873	0.21385	0.196411	0.204485	0.21547	0.197159	0.187485	0.204356	0.224615	0.224401	0.205331	0.204522	0.213548	0.195203	0.189247	0.183794	0.202171	0.206717	0.213258	0.222034	0.218541	0.211989	0.200844	0.214762	0.204352	0.21815	0.214318	0.203894	0.208227	0.202324	0.223887	0.20866	0.193512	0.19096	0.19994	0.192857	0.152028	0.176207	0.169849	0.185068	0.238982	0.222345	0.172743	0.192692	0.175932	0.162746	0.174895	0.108607	0.112384	0.132575	0.128442	0.12794	0.136073	0.137217	0.143336	0.091544	0.173361	0.161481	0.164358	0.193987	0.120984	0.119851	0.0977049	0.100079	0.112504	0.153772	0.13317	0.262588	0.156963	0.158012	0.170406	0.160649	0.13755	0.147035	0.126579	0.123993	0.154253	0.149323	0.188617	0.201781	0.213293	0.220395	0.214742	0.195639	0.0243331	0.0243249	0	0.0808219	0.183143	0.179705	0.168466	0.153874	0.154869	0.144451	0.130109	0.130311	0.13231	0.136823	0.103449	0.101529	0.0930046	0.0990484	0.0979087	0.103385	0.125937	0.129326	0.113398	0.111077	0.11886	0.120215	0.107734	0.121225	0.12377	0.116806	0.12606	0.115729	0.110005	0.128321	0.130653	0.26532	0.13819	0.124188	0.124087	0.177881	0.174252	0.185095	0.179446	0.168682	0.109797	0.119625	0.130927	0.102154	0.104382	0.1023	0.104837	0.113029	0.12313	0.112071	0.136474	0.126566	0.142342	0.106987	0.0810767	0.125394	0.121476	0.243458	0.312981	0.324328	0.303943	0.389799	0.285588	0.289766	0.29981	0.294391	0.260266	0.22385	0.238329	0.237184	0.253175	0.259185	0.223382	0.166977	0.16917	0.168121	0.167026	0.202373	0.195583	0.293348	0.285124	0.296939	0.295	0.309341	0.301214	0.28599	0.305417	0.305417	0.297378	0.227741	0.227465	0.200904	0.0887364	0.0864447	0.0851773	0.091007	0.0911034	0.127285	0.133205	0.130757	0.120276	0.112295	0.125528	0.125528	0.132303	0.12439	0.126657	0.135601	0.0960088	0.0899408	0.111743	0.122714	0.10579	0.124708	0.150905	0.157124	0.181492	0.0916779	0.0941826	0.0961071	0.117662	0.0847108	0.088059	0.0896202	0.090314	0.0799381	0.100055	0.10779
Tyto_alba	0.18751	0.223543	0.218315	0.228333	0.236826	0.226482	0.227025	0.224222	0.240679	0.246619	0.244786	0.239823	0.23522	0.246973	0.239445	0.25223	0.243912	0.243998	0.223911	0.245423	0.259848	0.24609	0.250461	0.244856	0.243942	0.219484	0.252973	0.251462	0.246374	0.253549	0.245796	0.247942	0.279547	0.276364	0.257469	0.248358	0.239569	0.254091	0.264298	0.246416	0.243921	0.235724	0.250584	0.264917	0.276162	0.247205	0.268877	0.249545	0.246786	0.243371	0.240424	0.227922	0.237886	0.245704	0.232678	0.243954	0.22601	0.221676	0.249853	0.229059	0.224321	0.22835	0.238634	0.23714	0.241078	0.242638	0.247505	0.253517	0.247216	0.239445	0.239967	0.239757	0.244145	0.240169	0.240041	0.28757	0.248152	0.249526	0.224101	0.237092	0.251861	0.234716	0.218206	0.224085	0.223122	0.20798	0.212248	0.206538	0.199717	0.210608	0.230365	0.213297	0.216888	0.212377	0.209973	0.208769	0.227213	0.204073	0.20824	0.222915	0.222111	0.212916	0.215449	0.203765	0.219385	0.195991	0.212774	0.212333	0.221007	0.21446	0.209509	0.216093	0.197279	0.2107	0.205862	0.220982	0.203544	0.211617	0.222602	0.204292	0.194617	0.211488	0.231747	0.231534	0.212464	0.211654	0.22068	0.202336	0.19638	0.190926	0.209303	0.213849	0.22039	0.229166	0.225673	0.219121	0.207977	0.221894	0.211485	0.225282	0.22145	0.211027	0.21536	0.209456	0.23102	0.215792	0.200644	0.198092	0.207072	0.199989	0.15916	0.18334	0.176981	0.1922	0.246114	0.229477	0.179875	0.199825	0.183064	0.169878	0.182027	0.115739	0.119516	0.139707	0.135575	0.135073	0.143205	0.144349	0.150468	0.0986763	0.180493	0.168614	0.17149	0.201119	0.128116	0.126984	0.104837	0.107212	0.119637	0.160904	0.140302	0.269721	0.164095	0.165144	0.177539	0.167782	0.144682	0.154168	0.133712	0.131125	0.161386	0.156455	0.195749	0.208913	0.220426	0.227527	0.221874	0.202771	0.0773168	0.0773086	0.0808219	0	0.190276	0.186837	0.175598	0.161007	0.162001	0.151584	0.137242	0.137443	0.139443	0.143955	0.110581	0.108662	0.100137	0.106181	0.105041	0.110517	0.133069	0.136458	0.120531	0.11821	0.125993	0.127348	0.114866	0.128357	0.130902	0.123938	0.133192	0.122862	0.117138	0.135454	0.137785	0.272452	0.145322	0.13132	0.131219	0.185014	0.181384	0.192228	0.186578	0.175814	0.11693	0.126757	0.138059	0.109286	0.111515	0.109432	0.111969	0.120161	0.130262	0.119204	0.143606	0.133698	0.149475	0.11412	0.0882091	0.132527	0.128608	0.25059	0.320113	0.331461	0.311075	0.396932	0.29272	0.296898	0.306942	0.301523	0.267398	0.230982	0.245461	0.244316	0.260307	0.266317	0.230514	0.174109	0.176303	0.175253	0.174158	0.209505	0.202715	0.300481	0.292256	0.304072	0.302132	0.316473	0.308346	0.293122	0.312549	0.312549	0.30451	0.234873	0.234597	0.208036	0.0958688	0.0935771	0.0923097	0.0981394	0.0982358	0.134417	0.140338	0.13789	0.127409	0.119427	0.13266	0.13266	0.139435	0.131523	0.13379	0.142733	0.103141	0.0970732	0.118876	0.129847	0.112922	0.13184	0.158037	0.164256	0.188625	0.0988103	0.101315	0.103239	0.124794	0.0918432	0.0951913	0.0967525	0.0974464	0.0870705	0.107187	0.114923
Agapornis_roseicollis	0.265085	0.301118	0.29589	0.305907	0.3144	0.304056	0.3046	0.301797	0.318254	0.324194	0.32236	0.317398	0.312795	0.324548	0.317019	0.329805	0.321486	0.321572	0.301485	0.322998	0.337423	0.323664	0.328035	0.32243	0.321517	0.297058	0.330548	0.329037	0.323948	0.331124	0.323371	0.325517	0.357122	0.353939	0.335044	0.325932	0.317143	0.331666	0.341873	0.32399	0.321496	0.313298	0.328159	0.342492	0.353737	0.32478	0.346452	0.327119	0.324361	0.320945	0.317999	0.305496	0.315461	0.323279	0.310253	0.321529	0.303584	0.29925	0.327428	0.306633	0.301896	0.305924	0.316209	0.314715	0.318652	0.320213	0.32508	0.331092	0.324791	0.31702	0.317542	0.317332	0.32172	0.317744	0.317615	0.365145	0.325727	0.3271	0.301675	0.314667	0.329436	0.312291	0.295781	0.30166	0.300697	0.285555	0.289823	0.284112	0.277292	0.288183	0.307939	0.290872	0.294463	0.289952	0.287548	0.286344	0.304787	0.281648	0.285815	0.30049	0.299686	0.290491	0.293024	0.28134	0.29696	0.273565	0.290349	0.289908	0.298582	0.292034	0.287083	0.293668	0.274853	0.288275	0.283437	0.298557	0.281119	0.289192	0.300177	0.281867	0.272192	0.289063	0.309322	0.309109	0.290039	0.289229	0.298255	0.27991	0.273955	0.268501	0.286878	0.291424	0.297965	0.306741	0.303248	0.296696	0.285551	0.299469	0.289059	0.302857	0.299025	0.288601	0.292934	0.287031	0.308594	0.293367	0.278219	0.275667	0.284647	0.277564	0.241211	0.265391	0.259032	0.274251	0.328165	0.311528	0.261926	0.281875	0.265115	0.251929	0.264078	0.19779	0.201567	0.221758	0.217625	0.217123	0.225256	0.2264	0.232519	0.180727	0.262544	0.250664	0.253541	0.28317	0.210167	0.209035	0.186888	0.189263	0.201688	0.242955	0.222353	0.351771	0.246146	0.247195	0.259589	0.249833	0.226733	0.236218	0.215762	0.213176	0.243436	0.238506	0.2778	0.290964	0.302476	0.309578	0.303925	0.284822	0.179638	0.17963	0.183143	0.190276	0	0.0767791	0.0802651	0.0874611	0.0884559	0.112707	0.208131	0.208333	0.210332	0.214845	0.181472	0.179553	0.171028	0.177072	0.175932	0.181408	0.203961	0.207349	0.193692	0.19137	0.199153	0.200508	0.188027	0.201518	0.204063	0.197099	0.206353	0.196023	0.190299	0.208615	0.210946	0.345613	0.218483	0.204481	0.20438	0.258175	0.254545	0.265389	0.259739	0.248975	0.19009	0.199918	0.21122	0.182447	0.184675	0.182593	0.18513	0.193322	0.203423	0.192364	0.216767	0.206859	0.222636	0.187281	0.16578	0.210097	0.206179	0.328163	0.397686	0.409033	0.388648	0.474504	0.370293	0.374471	0.384515	0.379096	0.344971	0.308555	0.323034	0.321889	0.33788	0.34389	0.308087	0.251682	0.253875	0.252826	0.251731	0.287078	0.280288	0.378053	0.369829	0.381644	0.379705	0.394046	0.385919	0.370695	0.390122	0.390122	0.382083	0.312446	0.31217	0.285609	0.173442	0.17115	0.169882	0.175712	0.175809	0.21199	0.21791	0.215462	0.204982	0.197	0.210233	0.210233	0.217008	0.209095	0.211362	0.220306	0.180714	0.174646	0.196449	0.207419	0.190495	0.209413	0.23561	0.241829	0.266197	0.176383	0.178888	0.180812	0.202367	0.169416	0.172764	0.174325	0.175019	0.164643	0.18476	0.192495
Melopsittacus_undulatus	0.261646	0.297679	0.292451	0.302469	0.310962	0.300618	0.301161	0.298358	0.314815	0.320755	0.318922	0.313959	0.309356	0.321109	0.313581	0.326366	0.318048	0.318134	0.298047	0.319559	0.333984	0.320226	0.324597	0.318992	0.318078	0.29362	0.327109	0.325598	0.32051	0.327685	0.319932	0.322078	0.353683	0.3505	0.331605	0.322494	0.313705	0.328227	0.338434	0.320552	0.318057	0.30986	0.32472	0.339053	0.350298	0.321341	0.343013	0.323681	0.320922	0.317507	0.31456	0.302058	0.312022	0.31984	0.306814	0.31809	0.300146	0.295812	0.323989	0.303195	0.298457	0.302486	0.31277	0.311276	0.315214	0.316774	0.321641	0.327653	0.321352	0.313581	0.314103	0.313893	0.318281	0.314305	0.314177	0.361706	0.322288	0.323662	0.298237	0.311228	0.325997	0.308852	0.292342	0.298221	0.297258	0.282116	0.286384	0.280674	0.273853	0.284744	0.304501	0.287433	0.291024	0.286513	0.284109	0.282905	0.301349	0.278209	0.282376	0.297051	0.296247	0.287052	0.289585	0.277901	0.293521	0.270127	0.28691	0.286469	0.295143	0.288596	0.283645	0.290229	0.271415	0.284836	0.279998	0.295118	0.27768	0.285753	0.296738	0.278428	0.268753	0.285624	0.305883	0.30567	0.2866	0.28579	0.294816	0.276472	0.270516	0.265062	0.283439	0.287985	0.294526	0.303302	0.299809	0.293257	0.282113	0.29603	0.285621	0.299418	0.295586	0.285163	0.289496	0.283592	0.305156	0.289928	0.27478	0.272228	0.281208	0.274125	0.237772	0.261952	0.255593	0.270812	0.324726	0.30809	0.258487	0.278437	0.261677	0.24849	0.260639	0.194351	0.198128	0.218319	0.214187	0.213685	0.221817	0.222961	0.22908	0.177288	0.259105	0.247226	0.250103	0.279731	0.206728	0.205596	0.183449	0.185824	0.198249	0.239516	0.218914	0.348333	0.242707	0.243757	0.256151	0.246394	0.223294	0.23278	0.212324	0.209737	0.239998	0.235067	0.274361	0.287525	0.299038	0.306139	0.300486	0.281383	0.1762	0.176191	0.179705	0.186837	0.0767791	0	0.0768264	0.0840223	0.0850172	0.109268	0.204692	0.204894	0.206893	0.211406	0.178034	0.176114	0.16759	0.173634	0.172494	0.17797	0.200522	0.203911	0.190253	0.187932	0.195715	0.19707	0.184588	0.198079	0.200624	0.19366	0.202915	0.192584	0.18686	0.205176	0.207507	0.342174	0.215045	0.201043	0.200941	0.254736	0.251106	0.26195	0.2563	0.245536	0.186652	0.19648	0.207781	0.179008	0.181237	0.179154	0.181691	0.189884	0.199984	0.188926	0.213329	0.20342	0.219197	0.183842	0.162341	0.206659	0.20274	0.324724	0.394247	0.405595	0.385209	0.471066	0.366854	0.371032	0.381076	0.375657	0.341532	0.305116	0.319595	0.31845	0.334441	0.340451	0.304648	0.248243	0.250437	0.249387	0.248292	0.283639	0.276849	0.374615	0.36639	0.378206	0.376266	0.390607	0.38248	0.367256	0.386683	0.386683	0.378644	0.309007	0.308731	0.28217	0.170003	0.167711	0.166444	0.172273	0.17237	0.208551	0.214472	0.212024	0.201543	0.193561	0.206794	0.206794	0.213569	0.205657	0.207924	0.216867	0.177275	0.171207	0.19301	0.203981	0.187056	0.205974	0.232171	0.23839	0.262759	0.172944	0.175449	0.177373	0.198928	0.165977	0.169325	0.170887	0.17158	0.161204	0.181321	0.189057
Amazona_guildingii	0.250408	0.28644	0.281212	0.29123	0.299723	0.289379	0.289922	0.287119	0.303576	0.309516	0.307683	0.30272	0.298117	0.30987	0.302342	0.315127	0.306809	0.306895	0.286808	0.30832	0.322746	0.308987	0.313358	0.307753	0.30684	0.282381	0.31587	0.314359	0.309271	0.316446	0.308694	0.310839	0.342445	0.339261	0.320367	0.311255	0.302466	0.316989	0.327195	0.309313	0.306818	0.298621	0.313481	0.327814	0.339059	0.310102	0.331774	0.312442	0.309684	0.306268	0.303321	0.290819	0.300783	0.308601	0.295576	0.306851	0.288907	0.284573	0.31275	0.291956	0.287218	0.291247	0.301531	0.300037	0.303975	0.305535	0.310402	0.316414	0.310113	0.302342	0.302864	0.302654	0.307042	0.303066	0.302938	0.350467	0.311049	0.312423	0.286998	0.299989	0.314759	0.297613	0.281103	0.286982	0.28602	0.270877	0.275145	0.269435	0.262614	0.273505	0.293262	0.276194	0.279785	0.275275	0.272871	0.271666	0.29011	0.26697	0.271138	0.285812	0.285009	0.275813	0.278346	0.266662	0.282282	0.258888	0.275671	0.27523	0.283904	0.277357	0.272406	0.27899	0.260176	0.273597	0.268759	0.283879	0.266441	0.274514	0.2855	0.267189	0.257514	0.274385	0.294644	0.294431	0.275361	0.274551	0.283577	0.265233	0.259277	0.253824	0.272201	0.276746	0.283287	0.292064	0.28857	0.282018	0.270874	0.284791	0.274382	0.288179	0.284347	0.273924	0.278257	0.272353	0.293917	0.278689	0.263541	0.26099	0.269969	0.262886	0.226533	0.250713	0.244355	0.259573	0.313488	0.296851	0.247248	0.267198	0.250438	0.237251	0.2494	0.183112	0.186889	0.20708	0.202948	0.202446	0.210578	0.211722	0.217841	0.16605	0.247866	0.235987	0.238864	0.268492	0.19549	0.194357	0.17221	0.174585	0.18701	0.228277	0.207675	0.337094	0.231468	0.232518	0.244912	0.235155	0.212055	0.221541	0.201085	0.198498	0.228759	0.223828	0.263122	0.276287	0.287799	0.2949	0.289247	0.270144	0.164961	0.164953	0.168466	0.175598	0.0802651	0.0768264	0	0.0727835	0.0737783	0.0980295	0.193453	0.193655	0.195655	0.200167	0.166795	0.164876	0.156351	0.162395	0.161255	0.166731	0.189283	0.192672	0.179014	0.176693	0.184476	0.185831	0.173349	0.18684	0.189386	0.182422	0.191676	0.181345	0.175621	0.193937	0.196269	0.330935	0.203806	0.189804	0.189702	0.243497	0.239868	0.250711	0.245061	0.234297	0.175413	0.185241	0.196542	0.16777	0.169998	0.167915	0.170452	0.178645	0.188745	0.177687	0.20209	0.192181	0.207958	0.172603	0.151102	0.19542	0.191501	0.313486	0.383008	0.394356	0.37397	0.459827	0.355615	0.359793	0.369837	0.364418	0.330293	0.293877	0.308357	0.307211	0.323202	0.329212	0.29341	0.237004	0.239198	0.238148	0.237053	0.2724	0.26561	0.363376	0.355152	0.366967	0.365027	0.379368	0.371241	0.356017	0.375444	0.375444	0.367406	0.297768	0.297492	0.270932	0.158764	0.156472	0.155205	0.161034	0.161131	0.197312	0.203233	0.200785	0.190304	0.182322	0.195556	0.195556	0.20233	0.194418	0.196685	0.205628	0.166036	0.159968	0.181771	0.192742	0.175817	0.194735	0.220932	0.227151	0.25152	0.161705	0.16421	0.166135	0.187689	0.154738	0.158086	0.159648	0.160342	0.149966	0.170083	0.177818
Eolophus_roseicapillus	0.235816	0.271848	0.266621	0.276638	0.285131	0.274787	0.27533	0.272527	0.288984	0.294925	0.293091	0.288129	0.283526	0.295279	0.28775	0.300536	0.292217	0.292303	0.272216	0.293729	0.308154	0.294395	0.298766	0.293161	0.292248	0.267789	0.301279	0.299768	0.294679	0.301855	0.294102	0.296247	0.327853	0.324669	0.305775	0.296663	0.287874	0.302397	0.312604	0.294721	0.292226	0.284029	0.298889	0.313223	0.324468	0.295511	0.317183	0.29785	0.295092	0.291676	0.28873	0.276227	0.286192	0.29401	0.280984	0.29226	0.274315	0.269981	0.298159	0.277364	0.272626	0.276655	0.28694	0.285446	0.289383	0.290944	0.29581	0.301822	0.295522	0.287751	0.288272	0.288062	0.292451	0.288475	0.288346	0.335875	0.296458	0.297831	0.272406	0.285397	0.300167	0.283022	0.266512	0.272391	0.271428	0.256286	0.260554	0.254843	0.248023	0.258913	0.27867	0.261602	0.265194	0.260683	0.258279	0.257075	0.275518	0.252379	0.256546	0.271221	0.270417	0.261222	0.263754	0.252071	0.267691	0.244296	0.26108	0.260639	0.269313	0.262765	0.257814	0.264399	0.245584	0.259006	0.254168	0.269288	0.251849	0.259923	0.270908	0.252597	0.242923	0.259794	0.280053	0.279839	0.260769	0.259959	0.268986	0.250641	0.244685	0.239232	0.257609	0.262155	0.268696	0.277472	0.273979	0.267427	0.256282	0.270199	0.25979	0.273587	0.269756	0.259332	0.263665	0.257762	0.279325	0.264098	0.24895	0.246398	0.255378	0.248295	0.211942	0.236121	0.229763	0.244982	0.298896	0.282259	0.232657	0.252606	0.235846	0.22266	0.234809	0.168521	0.172298	0.192489	0.188356	0.187854	0.195987	0.197131	0.20325	0.151458	0.233275	0.221395	0.224272	0.253901	0.180898	0.179765	0.157619	0.159993	0.172418	0.213686	0.193084	0.322502	0.216877	0.217926	0.23032	0.220563	0.197464	0.206949	0.186493	0.183907	0.214167	0.209237	0.248531	0.261695	0.273207	0.280309	0.274655	0.255553	0.150369	0.150361	0.153874	0.161007	0.0874611	0.0840223	0.0727835	0	0.0353058	0.0834379	0.178862	0.179064	0.181063	0.185575	0.152203	0.150284	0.141759	0.147803	0.146663	0.152139	0.174691	0.17808	0.164422	0.162101	0.169884	0.171239	0.158758	0.172249	0.174794	0.16783	0.177084	0.166753	0.161029	0.179345	0.181677	0.316344	0.189214	0.175212	0.175111	0.228905	0.225276	0.23612	0.23047	0.219706	0.160821	0.170649	0.181951	0.153178	0.155406	0.153324	0.155861	0.164053	0.174154	0.163095	0.187498	0.17759	0.193366	0.158011	0.136511	0.180828	0.17691	0.298894	0.368416	0.379764	0.359379	0.445235	0.341024	0.345202	0.355246	0.349827	0.315702	0.279286	0.293765	0.29262	0.30861	0.314621	0.278818	0.222413	0.224606	0.223557	0.222462	0.257809	0.251019	0.348784	0.34056	0.352375	0.350435	0.364777	0.35665	0.341426	0.360853	0.360853	0.352814	0.283177	0.2829	0.25634	0.144172	0.141881	0.140613	0.146443	0.146539	0.182721	0.188641	0.186193	0.175712	0.167731	0.180964	0.180964	0.187738	0.179826	0.182093	0.191037	0.151445	0.145377	0.167179	0.17815	0.161225	0.180143	0.206341	0.21256	0.236928	0.147114	0.149619	0.151543	0.173098	0.140147	0.143495	0.145056	0.14575	0.135374	0.155491	0.163226
Probosciger_aterrimus	0.236811	0.272843	0.267616	0.277633	0.286126	0.275782	0.276325	0.273522	0.289979	0.295919	0.294086	0.289123	0.284521	0.296273	0.288745	0.30153	0.293212	0.293298	0.273211	0.294724	0.309149	0.29539	0.299761	0.294156	0.293243	0.268784	0.302273	0.300762	0.295674	0.302849	0.295097	0.297242	0.328848	0.325664	0.30677	0.297658	0.288869	0.303392	0.313599	0.295716	0.293221	0.285024	0.299884	0.314218	0.325463	0.296506	0.318178	0.298845	0.296087	0.292671	0.289724	0.277222	0.287187	0.295005	0.281979	0.293255	0.27531	0.270976	0.299153	0.278359	0.273621	0.27765	0.287935	0.28644	0.290378	0.291939	0.296805	0.302817	0.296517	0.288746	0.289267	0.289057	0.293446	0.28947	0.289341	0.33687	0.297453	0.298826	0.273401	0.286392	0.301162	0.284017	0.267507	0.273386	0.272423	0.257281	0.261548	0.255838	0.249018	0.259908	0.279665	0.262597	0.266189	0.261678	0.259274	0.25807	0.276513	0.253373	0.257541	0.272216	0.271412	0.262217	0.264749	0.253065	0.268686	0.245291	0.262074	0.261634	0.270308	0.26376	0.258809	0.265393	0.246579	0.26	0.255163	0.270282	0.252844	0.260917	0.271903	0.253592	0.243917	0.260789	0.281048	0.280834	0.261764	0.260954	0.269981	0.251636	0.24568	0.240227	0.258604	0.26315	0.26969	0.278467	0.274974	0.268422	0.257277	0.271194	0.260785	0.274582	0.27075	0.260327	0.26466	0.258756	0.28032	0.265093	0.249944	0.247393	0.256373	0.249289	0.212936	0.237116	0.230758	0.245976	0.299891	0.283254	0.233651	0.253601	0.236841	0.223655	0.235804	0.169516	0.173293	0.193484	0.189351	0.188849	0.196982	0.198126	0.204245	0.152453	0.23427	0.22239	0.225267	0.254895	0.181893	0.18076	0.158614	0.160988	0.173413	0.21468	0.194079	0.323497	0.217871	0.218921	0.231315	0.221558	0.198459	0.207944	0.187488	0.184901	0.215162	0.210232	0.249526	0.26269	0.274202	0.281304	0.27565	0.256548	0.151364	0.151356	0.154869	0.162001	0.0884559	0.0850172	0.0737783	0.0353058	0	0.0844328	0.179857	0.180058	0.182058	0.18657	0.153198	0.151279	0.142754	0.148798	0.147658	0.153134	0.175686	0.179075	0.165417	0.163096	0.170879	0.172234	0.159752	0.173244	0.175789	0.168825	0.178079	0.167748	0.162024	0.18034	0.182672	0.317339	0.190209	0.176207	0.176106	0.2299	0.226271	0.237114	0.231465	0.220701	0.161816	0.171644	0.182946	0.154173	0.156401	0.154318	0.156855	0.165048	0.175149	0.16409	0.188493	0.178585	0.194361	0.159006	0.137505	0.181823	0.177905	0.299889	0.369411	0.380759	0.360373	0.44623	0.342018	0.346197	0.356241	0.350822	0.316697	0.280281	0.29476	0.293614	0.309605	0.315616	0.279813	0.223408	0.225601	0.224551	0.223456	0.258804	0.252014	0.349779	0.341555	0.35337	0.35143	0.365772	0.357645	0.34242	0.361848	0.361848	0.353809	0.284171	0.283895	0.257335	0.145167	0.142875	0.141608	0.147438	0.147534	0.183716	0.189636	0.187188	0.176707	0.168726	0.181959	0.181959	0.188733	0.180821	0.183088	0.192032	0.152439	0.146372	0.168174	0.179145	0.16222	0.181138	0.207336	0.213554	0.237923	0.148109	0.150613	0.152538	0.174092	0.141142	0.14449	0.146051	0.146745	0.136369	0.156486	0.164221
Nestor_notabilis	0.226393	0.262425	0.257198	0.267215	0.275708	0.265364	0.265907	0.263104	0.279561	0.285502	0.283668	0.278706	0.274103	0.285856	0.278327	0.291113	0.282794	0.28288	0.262793	0.284306	0.298731	0.284972	0.289343	0.283738	0.282825	0.258366	0.291856	0.290345	0.285256	0.292432	0.284679	0.286824	0.31843	0.315246	0.296352	0.28724	0.278451	0.292974	0.303181	0.285298	0.282803	0.274606	0.289466	0.3038	0.315045	0.286088	0.30776	0.288427	0.285669	0.282253	0.279307	0.266804	0.276769	0.284587	0.271561	0.282837	0.264892	0.260558	0.288736	0.267941	0.263203	0.267232	0.277517	0.276023	0.27996	0.281521	0.286387	0.292399	0.286099	0.278328	0.278849	0.278639	0.283028	0.279052	0.278923	0.326452	0.287035	0.288408	0.262983	0.275974	0.290744	0.273599	0.257089	0.262968	0.262005	0.246863	0.251131	0.24542	0.2386	0.24949	0.269247	0.252179	0.255771	0.25126	0.248856	0.247652	0.266095	0.242956	0.247123	0.261798	0.260994	0.251799	0.254331	0.242648	0.258268	0.234873	0.251657	0.251216	0.25989	0.253342	0.248391	0.254976	0.236161	0.249583	0.244745	0.259864	0.242426	0.2505	0.261485	0.243174	0.2335	0.250371	0.27063	0.270416	0.251346	0.250536	0.259563	0.241218	0.235262	0.229809	0.248186	0.252732	0.259273	0.268049	0.264556	0.258004	0.246859	0.260776	0.250367	0.264164	0.260332	0.249909	0.254242	0.248339	0.269902	0.254675	0.239527	0.236975	0.245955	0.238872	0.202519	0.226698	0.22034	0.235559	0.289473	0.272836	0.223234	0.243183	0.226423	0.213237	0.225386	0.159098	0.162875	0.183066	0.178933	0.178431	0.186564	0.187708	0.193827	0.142035	0.223852	0.211972	0.214849	0.244478	0.171475	0.170342	0.148196	0.15057	0.162995	0.204263	0.183661	0.313079	0.207454	0.208503	0.220897	0.21114	0.188041	0.197526	0.17707	0.174484	0.204744	0.199814	0.239108	0.252272	0.263784	0.270886	0.265232	0.24613	0.140946	0.140938	0.144451	0.151584	0.112707	0.109268	0.0980295	0.0834379	0.0844328	0	0.169439	0.169641	0.17164	0.176152	0.14278	0.140861	0.132336	0.13838	0.13724	0.142716	0.165268	0.168657	0.154999	0.152678	0.160461	0.161816	0.149335	0.162826	0.165371	0.158407	0.167661	0.15733	0.151606	0.169922	0.172254	0.306921	0.179791	0.165789	0.165688	0.219482	0.215853	0.226696	0.221047	0.210283	0.151398	0.161226	0.172528	0.143755	0.145983	0.143901	0.146438	0.15463	0.164731	0.153672	0.178075	0.168167	0.183943	0.148588	0.127088	0.171405	0.167487	0.289471	0.358993	0.370341	0.349956	0.435812	0.331601	0.335779	0.345823	0.340404	0.306279	0.269863	0.284342	0.283197	0.299187	0.305198	0.269395	0.21299	0.215183	0.214134	0.213039	0.248386	0.241596	0.339361	0.331137	0.342952	0.341012	0.355354	0.347227	0.332003	0.35143	0.35143	0.343391	0.273754	0.273477	0.246917	0.134749	0.132458	0.13119	0.13702	0.137116	0.173298	0.179218	0.17677	0.166289	0.158308	0.171541	0.171541	0.178315	0.170403	0.17267	0.181614	0.142022	0.135954	0.157756	0.168727	0.151802	0.17072	0.196918	0.203137	0.227505	0.137691	0.140196	0.14212	0.163675	0.130724	0.134072	0.135633	0.136327	0.125951	0.146068	0.153803
Antrostomus_carolinensis	0.212051	0.248083	0.242856	0.252873	0.261366	0.251022	0.251565	0.248762	0.265219	0.27116	0.269326	0.264363	0.259761	0.271514	0.263985	0.276771	0.268452	0.268538	0.248451	0.269964	0.284389	0.27063	0.275001	0.269396	0.268483	0.244024	0.277514	0.276003	0.270914	0.27809	0.270337	0.272482	0.304088	0.300904	0.28201	0.272898	0.264109	0.278632	0.288839	0.270956	0.268461	0.260264	0.275124	0.289458	0.300703	0.271746	0.293418	0.274085	0.271327	0.267911	0.264965	0.252462	0.262427	0.270245	0.257219	0.268495	0.25055	0.246216	0.274394	0.253599	0.248861	0.25289	0.263175	0.261681	0.265618	0.267179	0.272045	0.278057	0.271757	0.263986	0.264507	0.264297	0.268686	0.26471	0.264581	0.31211	0.272693	0.274066	0.248641	0.261632	0.276402	0.259257	0.242747	0.248626	0.247663	0.232521	0.236789	0.231078	0.224258	0.235148	0.254905	0.237837	0.241429	0.236918	0.234514	0.23331	0.251753	0.228614	0.232781	0.247456	0.246652	0.237457	0.239989	0.228306	0.243926	0.220531	0.237315	0.236874	0.245548	0.239	0.234049	0.240634	0.221819	0.235241	0.230403	0.245522	0.228084	0.236158	0.247143	0.228832	0.219158	0.236029	0.256288	0.256074	0.237004	0.236194	0.245221	0.226876	0.22092	0.215467	0.233844	0.23839	0.244931	0.253707	0.250214	0.243662	0.232517	0.246434	0.236025	0.249822	0.24599	0.235567	0.2399	0.233997	0.25556	0.240333	0.225185	0.222633	0.231613	0.22453	0.188177	0.212356	0.205998	0.221217	0.275131	0.258494	0.208892	0.228841	0.212081	0.198895	0.211044	0.144756	0.148533	0.168724	0.164591	0.164089	0.172222	0.173366	0.179485	0.127693	0.20951	0.19763	0.200507	0.230136	0.157133	0.156	0.133854	0.136228	0.148653	0.189921	0.169319	0.298737	0.193112	0.194161	0.206555	0.196798	0.173699	0.183184	0.162728	0.160142	0.190402	0.185472	0.224766	0.23793	0.249442	0.256544	0.25089	0.231788	0.126604	0.126596	0.130109	0.137242	0.208131	0.204692	0.193453	0.178862	0.179857	0.169439	0	0.0548768	0.0568761	0.157432	0.128438	0.126519	0.117994	0.124038	0.122898	0.128374	0.150926	0.154315	0.140657	0.138336	0.146119	0.147474	0.134993	0.148484	0.151029	0.144065	0.153319	0.142988	0.137264	0.15558	0.157912	0.292579	0.165449	0.151447	0.151346	0.20514	0.201511	0.212354	0.206705	0.195941	0.137056	0.146884	0.158186	0.129413	0.131641	0.129559	0.132095	0.140288	0.150389	0.13933	0.163733	0.153825	0.169601	0.134246	0.112746	0.157063	0.153145	0.275129	0.344651	0.355999	0.335614	0.42147	0.317259	0.321437	0.331481	0.326062	0.291937	0.255521	0.27	0.268855	0.284845	0.290856	0.255053	0.198648	0.200841	0.199792	0.198697	0.234044	0.227254	0.325019	0.316795	0.32861	0.32667	0.341012	0.332885	0.317661	0.337088	0.337088	0.329049	0.259411	0.259135	0.232575	0.120407	0.118116	0.116848	0.122678	0.122774	0.158956	0.164876	0.162428	0.151947	0.143966	0.157199	0.157199	0.163973	0.156061	0.158328	0.167272	0.12768	0.121612	0.143414	0.154385	0.13746	0.156378	0.182576	0.188795	0.213163	0.123349	0.125854	0.127778	0.149333	0.116382	0.11973	0.121291	0.121985	0.111609	0.131726	0.139461
Chordeiles_acutipennis	0.212253	0.248285	0.243058	0.253075	0.261568	0.251224	0.251767	0.248964	0.265421	0.271361	0.269528	0.264565	0.259963	0.271715	0.264187	0.276972	0.268654	0.26874	0.248653	0.270166	0.284591	0.270832	0.275203	0.269598	0.268685	0.244226	0.277715	0.276204	0.271116	0.278291	0.270539	0.272684	0.30429	0.301106	0.282212	0.2731	0.264311	0.278834	0.289041	0.271158	0.268663	0.260466	0.275326	0.28966	0.300905	0.271948	0.29362	0.274287	0.271529	0.268113	0.265166	0.252664	0.262629	0.270447	0.257421	0.268697	0.250752	0.246418	0.274595	0.253801	0.249063	0.253092	0.263377	0.261882	0.26582	0.267381	0.272247	0.278259	0.271959	0.264188	0.264709	0.264499	0.268887	0.264912	0.264783	0.312312	0.272895	0.274268	0.248843	0.261834	0.276604	0.259459	0.242949	0.248828	0.247865	0.232723	0.23699	0.23128	0.22446	0.23535	0.255107	0.238039	0.241631	0.23712	0.234716	0.233512	0.251955	0.228815	0.232983	0.247658	0.246854	0.237659	0.240191	0.228507	0.244128	0.220733	0.237516	0.237076	0.24575	0.239202	0.234251	0.240835	0.222021	0.235442	0.230605	0.245724	0.228286	0.236359	0.247345	0.229034	0.219359	0.236231	0.25649	0.256276	0.237206	0.236396	0.245422	0.227078	0.221122	0.215669	0.234046	0.238592	0.245132	0.253909	0.250415	0.243864	0.232719	0.246636	0.236227	0.250024	0.246192	0.235769	0.240102	0.234198	0.255762	0.240535	0.225386	0.222835	0.231815	0.224731	0.188378	0.212558	0.2062	0.221418	0.275333	0.258696	0.209093	0.229043	0.212283	0.199097	0.211246	0.144958	0.148735	0.168926	0.164793	0.164291	0.172424	0.173568	0.179687	0.127895	0.209712	0.197832	0.200709	0.230337	0.157335	0.156202	0.134056	0.13643	0.148855	0.190122	0.169521	0.298939	0.193313	0.194363	0.206757	0.197	0.173901	0.183386	0.16293	0.160343	0.190604	0.185674	0.224968	0.238132	0.249644	0.256745	0.251092	0.231989	0.126806	0.126798	0.130311	0.137443	0.208333	0.204894	0.193655	0.179064	0.180058	0.169641	0.0548768	0	0.0515844	0.157633	0.12864	0.126721	0.118196	0.12424	0.1231	0.128576	0.151128	0.154517	0.140859	0.138538	0.146321	0.147676	0.135194	0.148686	0.151231	0.144267	0.153521	0.14319	0.137466	0.155782	0.158114	0.292781	0.165651	0.151649	0.151548	0.205342	0.201713	0.212556	0.206907	0.196143	0.137258	0.147086	0.158388	0.129615	0.131843	0.12976	0.132297	0.14049	0.150591	0.139532	0.163935	0.154027	0.169803	0.134448	0.112947	0.157265	0.153347	0.275331	0.344853	0.356201	0.335815	0.421672	0.31746	0.321639	0.331683	0.326263	0.292138	0.255723	0.270202	0.269056	0.285047	0.291058	0.255255	0.19885	0.201043	0.199993	0.198898	0.234246	0.227456	0.325221	0.316997	0.328812	0.326872	0.341214	0.333087	0.317862	0.33729	0.33729	0.329251	0.259613	0.259337	0.232777	0.120609	0.118317	0.11705	0.12288	0.122976	0.159158	0.165078	0.16263	0.152149	0.144168	0.157401	0.157401	0.164175	0.156263	0.15853	0.167473	0.127881	0.121813	0.143616	0.154587	0.137662	0.15658	0.182778	0.188996	0.213365	0.123551	0.126055	0.12798	0.149534	0.116584	0.119932	0.121493	0.122187	0.111811	0.131928	0.139663
Nyctiprogne_leucopyga	0.214252	0.250285	0.245057	0.255074	0.263567	0.253223	0.253767	0.250963	0.267421	0.273361	0.271527	0.266565	0.261962	0.273715	0.266186	0.278972	0.270653	0.270739	0.250652	0.272165	0.28659	0.272831	0.277202	0.271597	0.270684	0.246225	0.279715	0.278204	0.273115	0.280291	0.272538	0.274683	0.306289	0.303105	0.284211	0.275099	0.26631	0.280833	0.29104	0.273157	0.270663	0.262465	0.277325	0.291659	0.302904	0.273947	0.295619	0.276286	0.273528	0.270112	0.267166	0.254663	0.264628	0.272446	0.25942	0.270696	0.252751	0.248417	0.276595	0.2558	0.251063	0.255091	0.265376	0.263882	0.267819	0.26938	0.274246	0.280258	0.273958	0.266187	0.266708	0.266499	0.270887	0.266911	0.266782	0.314312	0.274894	0.276267	0.250842	0.263834	0.278603	0.261458	0.244948	0.250827	0.249864	0.234722	0.23899	0.233279	0.226459	0.23735	0.257106	0.240038	0.24363	0.239119	0.236715	0.235511	0.253954	0.230815	0.234982	0.249657	0.248853	0.239658	0.242191	0.230507	0.246127	0.222732	0.239516	0.239075	0.247749	0.241201	0.23625	0.242835	0.22402	0.237442	0.232604	0.247724	0.230285	0.238359	0.249344	0.231033	0.221359	0.23823	0.258489	0.258275	0.239205	0.238396	0.247422	0.229077	0.223121	0.217668	0.236045	0.240591	0.247132	0.255908	0.252415	0.245863	0.234718	0.248636	0.238226	0.252024	0.248192	0.237768	0.242101	0.236198	0.257761	0.242534	0.227386	0.224834	0.233814	0.226731	0.190378	0.214557	0.208199	0.223418	0.277332	0.260695	0.211093	0.231042	0.214282	0.201096	0.213245	0.146957	0.150734	0.170925	0.166792	0.16629	0.174423	0.175567	0.181686	0.129894	0.211711	0.199831	0.202708	0.232337	0.159334	0.158202	0.136055	0.13843	0.150854	0.192122	0.17152	0.300938	0.195313	0.196362	0.208756	0.199	0.1759	0.185385	0.164929	0.162343	0.192603	0.187673	0.226967	0.240131	0.251643	0.258745	0.253092	0.233989	0.128805	0.128797	0.13231	0.139443	0.210332	0.206893	0.195655	0.181063	0.182058	0.17164	0.0568761	0.0515844	0	0.159633	0.130639	0.12872	0.120195	0.126239	0.125099	0.130575	0.153127	0.156516	0.142858	0.140537	0.14832	0.149675	0.137194	0.150685	0.15323	0.146266	0.15552	0.145189	0.139465	0.157781	0.160113	0.29478	0.16765	0.153648	0.153547	0.207341	0.203712	0.214556	0.208906	0.198142	0.139257	0.149085	0.160387	0.131614	0.133842	0.13176	0.134297	0.142489	0.15259	0.141531	0.165934	0.156026	0.171803	0.136448	0.114947	0.159264	0.155346	0.27733	0.346853	0.3582	0.337815	0.423671	0.31946	0.323638	0.333682	0.328263	0.294138	0.257722	0.272201	0.271056	0.287047	0.293057	0.257254	0.200849	0.203042	0.201993	0.200898	0.236245	0.229455	0.32722	0.318996	0.330811	0.328871	0.343213	0.335086	0.319862	0.339289	0.339289	0.33125	0.261613	0.261337	0.234776	0.122608	0.120317	0.119049	0.124879	0.124975	0.161157	0.167077	0.164629	0.154148	0.146167	0.1594	0.1594	0.166175	0.158262	0.160529	0.169473	0.129881	0.123813	0.145615	0.156586	0.139662	0.15858	0.184777	0.190996	0.215364	0.12555	0.128055	0.129979	0.151534	0.118583	0.121931	0.123492	0.124186	0.11381	0.133927	0.141662
Steatornis_caripensis	0.218765	0.254797	0.249569	0.259587	0.26808	0.257736	0.258279	0.255476	0.271933	0.277873	0.27604	0.271077	0.266474	0.278227	0.270699	0.283484	0.275166	0.275252	0.255165	0.276677	0.291102	0.277344	0.281715	0.27611	0.275197	0.250738	0.284227	0.282716	0.277628	0.284803	0.27705	0.279196	0.310801	0.307618	0.288723	0.279612	0.270823	0.285345	0.295552	0.27767	0.275175	0.266978	0.281838	0.296171	0.307416	0.278459	0.300131	0.280799	0.27804	0.274625	0.271678	0.259176	0.26914	0.276958	0.263932	0.275208	0.257264	0.25293	0.281107	0.260313	0.255575	0.259604	0.269888	0.268394	0.272332	0.273892	0.278759	0.284771	0.27847	0.270699	0.271221	0.271011	0.275399	0.271423	0.271295	0.318824	0.279406	0.28078	0.255355	0.268346	0.283115	0.26597	0.24946	0.255339	0.254376	0.239234	0.243502	0.237792	0.230971	0.241862	0.261619	0.244551	0.248142	0.243631	0.241227	0.240023	0.258467	0.235327	0.239494	0.254169	0.253365	0.24417	0.246703	0.235019	0.250639	0.227245	0.244028	0.243587	0.252261	0.245714	0.240763	0.247347	0.228533	0.241954	0.237116	0.252236	0.234798	0.242871	0.253856	0.235546	0.225871	0.242742	0.263001	0.262788	0.243718	0.242908	0.251934	0.23359	0.227634	0.222181	0.240557	0.245103	0.251644	0.26042	0.256927	0.250375	0.239231	0.253148	0.242739	0.256536	0.252704	0.242281	0.246614	0.24071	0.262274	0.247046	0.231898	0.229346	0.238326	0.231243	0.19489	0.21907	0.212712	0.22793	0.281844	0.265208	0.215605	0.235555	0.218795	0.205608	0.217757	0.151469	0.155246	0.175437	0.171305	0.170803	0.178935	0.180079	0.186198	0.134406	0.216223	0.204344	0.207221	0.236849	0.163846	0.162714	0.140567	0.142942	0.155367	0.196634	0.176032	0.305451	0.199825	0.200875	0.213269	0.203512	0.180412	0.189898	0.169442	0.166855	0.197116	0.192185	0.231479	0.244643	0.256156	0.263257	0.257604	0.238501	0.133318	0.133309	0.136823	0.143955	0.214845	0.211406	0.200167	0.185575	0.18657	0.176152	0.157432	0.157633	0.159633	0	0.135152	0.133232	0.124708	0.130752	0.129612	0.135088	0.15764	0.161029	0.147371	0.14505	0.152833	0.154188	0.141706	0.155197	0.157742	0.150779	0.160033	0.149702	0.143978	0.162294	0.164625	0.299292	0.172163	0.158161	0.158059	0.211854	0.208224	0.219068	0.213418	0.202654	0.14377	0.153598	0.164899	0.136126	0.138355	0.136272	0.138809	0.147002	0.157102	0.146044	0.170447	0.160538	0.176315	0.14096	0.119459	0.163777	0.159858	0.281842	0.351365	0.362713	0.342327	0.428184	0.323972	0.32815	0.338194	0.332775	0.29865	0.262234	0.276713	0.275568	0.291559	0.297569	0.261766	0.205361	0.207555	0.206505	0.20541	0.240757	0.233967	0.331733	0.323509	0.335324	0.333384	0.347725	0.339598	0.324374	0.343801	0.343801	0.335762	0.266125	0.265849	0.239288	0.127121	0.124829	0.123562	0.129391	0.129488	0.165669	0.17159	0.169142	0.158661	0.150679	0.163912	0.163912	0.170687	0.162775	0.165042	0.173985	0.134393	0.128325	0.150128	0.161099	0.144174	0.163092	0.189289	0.195508	0.219877	0.130062	0.132567	0.134491	0.156046	0.123095	0.126443	0.128005	0.128698	0.118322	0.13844	0.146175
Aquila_chrysaetos	0.18539	0.221423	0.216195	0.226212	0.234705	0.224361	0.224905	0.222102	0.238559	0.244499	0.242665	0.237703	0.2331	0.244853	0.237324	0.25011	0.241791	0.241878	0.221791	0.243303	0.257728	0.243969	0.24834	0.242735	0.241822	0.217363	0.250853	0.249342	0.244254	0.251429	0.243676	0.245822	0.277427	0.274244	0.255349	0.246237	0.237448	0.251971	0.262178	0.244296	0.241801	0.233604	0.248464	0.262797	0.274042	0.245085	0.266757	0.247424	0.244666	0.24125	0.238304	0.225801	0.235766	0.243584	0.230558	0.241834	0.223889	0.219556	0.247733	0.226938	0.222201	0.226229	0.236514	0.23502	0.238958	0.240518	0.245385	0.251397	0.245096	0.237325	0.237847	0.237637	0.242025	0.238049	0.23792	0.28545	0.246032	0.247405	0.22198	0.234972	0.249741	0.232596	0.216086	0.221965	0.221002	0.20586	0.210128	0.204417	0.197597	0.208488	0.228245	0.211177	0.214768	0.210257	0.207853	0.206649	0.225092	0.201953	0.20612	0.220795	0.219991	0.210796	0.213329	0.201645	0.217265	0.19387	0.210654	0.210213	0.218887	0.212339	0.207388	0.213973	0.195158	0.20858	0.203742	0.218862	0.201424	0.209497	0.220482	0.202172	0.192497	0.209368	0.229627	0.229414	0.210344	0.209534	0.21856	0.200215	0.19426	0.188806	0.207183	0.211729	0.21827	0.227046	0.223553	0.217001	0.205856	0.219774	0.209365	0.223162	0.21933	0.208906	0.213239	0.207336	0.228899	0.213672	0.198524	0.195972	0.204952	0.197869	0.161516	0.185696	0.179337	0.194556	0.24847	0.231833	0.182231	0.20218	0.18542	0.172234	0.184383	0.118095	0.121872	0.142063	0.13793	0.137428	0.145561	0.146705	0.152824	0.101032	0.182849	0.170969	0.173846	0.203475	0.130472	0.12934	0.107193	0.109568	0.121993	0.16326	0.142658	0.272076	0.166451	0.1675	0.179894	0.170138	0.147038	0.156524	0.136067	0.133481	0.163741	0.158811	0.198105	0.211269	0.222781	0.229883	0.22423	0.205127	0.0999435	0.0999353	0.103449	0.110581	0.181472	0.178034	0.166795	0.152203	0.153198	0.14278	0.128438	0.12864	0.130639	0.135152	0	0.0114141	0.0330197	0.0416311	0.0404913	0.0686394	0.104649	0.125772	0.113997	0.111676	0.119459	0.120813	0.108332	0.121823	0.124368	0.117404	0.126658	0.116328	0.110604	0.12892	0.131251	0.265918	0.138788	0.124786	0.124685	0.17848	0.17485	0.185694	0.180044	0.16928	0.110395	0.120223	0.131525	0.102752	0.10498	0.102898	0.105435	0.113627	0.123728	0.112669	0.137072	0.127164	0.142941	0.107586	0.0860849	0.130402	0.126484	0.248468	0.317991	0.329338	0.308953	0.394809	0.290598	0.294776	0.30482	0.299401	0.265276	0.22886	0.243339	0.242194	0.258185	0.264195	0.228392	0.171987	0.17418	0.173131	0.172036	0.207383	0.200593	0.298358	0.290134	0.301949	0.30001	0.314351	0.306224	0.291	0.310427	0.310427	0.302388	0.232751	0.232475	0.205914	0.0937466	0.0914548	0.0901875	0.0960172	0.0961136	0.132295	0.138215	0.135767	0.125287	0.117305	0.130538	0.130538	0.137313	0.129401	0.131667	0.140611	0.101019	0.094951	0.116754	0.127725	0.1108	0.129718	0.155915	0.162134	0.186502	0.0966881	0.0991928	0.101117	0.122672	0.089721	0.0930691	0.0946303	0.0953242	0.0849482	0.105065	0.1128
Spizaetus_tyrannus	0.183471	0.219504	0.214276	0.224293	0.232786	0.222442	0.222986	0.220182	0.23664	0.24258	0.240746	0.235784	0.231181	0.242934	0.235405	0.248191	0.239872	0.239958	0.219871	0.241384	0.255809	0.24205	0.246421	0.240816	0.239903	0.215444	0.248934	0.247423	0.242334	0.24951	0.241757	0.243902	0.275508	0.272324	0.25343	0.244318	0.235529	0.250052	0.260259	0.242376	0.239882	0.231684	0.246544	0.260878	0.272123	0.243166	0.264838	0.245505	0.242747	0.239331	0.236385	0.223882	0.233847	0.241665	0.228639	0.239915	0.22197	0.217636	0.245814	0.225019	0.220282	0.22431	0.234595	0.233101	0.237038	0.238599	0.243465	0.249477	0.243177	0.235406	0.235927	0.235718	0.240106	0.23613	0.236001	0.283531	0.244113	0.245486	0.220061	0.233053	0.247822	0.230677	0.214167	0.220046	0.219083	0.203941	0.208209	0.202498	0.195678	0.206569	0.226325	0.209257	0.212849	0.208338	0.205934	0.20473	0.223173	0.200034	0.204201	0.218876	0.218072	0.208877	0.21141	0.199726	0.215346	0.191951	0.208735	0.208294	0.216968	0.21042	0.205469	0.212054	0.193239	0.206661	0.201823	0.216943	0.199504	0.207578	0.218563	0.200252	0.190578	0.207449	0.227708	0.227494	0.208424	0.207615	0.216641	0.198296	0.19234	0.186887	0.205264	0.20981	0.216351	0.225127	0.221634	0.215082	0.203937	0.217855	0.207445	0.221243	0.217411	0.206987	0.21132	0.205417	0.22698	0.211753	0.196605	0.194053	0.203033	0.19595	0.159597	0.183776	0.177418	0.192637	0.246551	0.229914	0.180312	0.200261	0.183501	0.170315	0.182464	0.116176	0.119953	0.140144	0.136011	0.135509	0.143642	0.144786	0.150905	0.0991131	0.18093	0.16905	0.171927	0.201556	0.128553	0.127421	0.105274	0.107649	0.120073	0.161341	0.140739	0.270157	0.164532	0.165581	0.177975	0.168219	0.145119	0.154604	0.134148	0.131562	0.161822	0.156892	0.196186	0.20935	0.220862	0.227964	0.222311	0.203208	0.0980243	0.0980161	0.101529	0.108662	0.179553	0.176114	0.164876	0.150284	0.151279	0.140861	0.126519	0.126721	0.12872	0.133232	0.0114141	0	0.0311005	0.0397119	0.0385722	0.0667202	0.10273	0.123853	0.112077	0.109756	0.117539	0.118894	0.106413	0.119904	0.122449	0.115485	0.124739	0.114408	0.108684	0.127	0.129332	0.263999	0.136869	0.122867	0.122766	0.17656	0.172931	0.183775	0.178125	0.167361	0.108476	0.118304	0.129606	0.100833	0.103061	0.100979	0.103516	0.111708	0.121809	0.11075	0.135153	0.125245	0.141022	0.105667	0.0841657	0.128483	0.124565	0.246549	0.316072	0.327419	0.307034	0.39289	0.288679	0.292857	0.302901	0.297482	0.263357	0.226941	0.24142	0.240275	0.256266	0.262276	0.226473	0.170068	0.172261	0.171212	0.170117	0.205464	0.198674	0.296439	0.288215	0.30003	0.29809	0.312432	0.304305	0.289081	0.308508	0.308508	0.300469	0.230832	0.230556	0.203995	0.0918274	0.0895357	0.0882683	0.094098	0.0941944	0.130376	0.136296	0.133848	0.123367	0.115386	0.128619	0.128619	0.135394	0.127481	0.129748	0.138692	0.0990998	0.0930318	0.114834	0.125805	0.108881	0.127799	0.153996	0.160215	0.184583	0.0947689	0.0972736	0.0991981	0.120753	0.0878018	0.09115	0.0927112	0.093405	0.0830291	0.103146	0.110881
Circaetus_pectoralis	0.174946	0.210979	0.205751	0.215769	0.224261	0.213918	0.214461	0.211658	0.228115	0.234055	0.232221	0.227259	0.222656	0.234409	0.22688	0.239666	0.231348	0.231434	0.211347	0.232859	0.247284	0.233526	0.237897	0.232291	0.231378	0.206919	0.240409	0.238898	0.23381	0.240985	0.233232	0.235378	0.266983	0.2638	0.244905	0.235794	0.227005	0.241527	0.251734	0.233852	0.231357	0.22316	0.23802	0.252353	0.263598	0.234641	0.256313	0.236981	0.234222	0.230807	0.22786	0.215358	0.225322	0.23314	0.220114	0.23139	0.213446	0.209112	0.237289	0.216494	0.211757	0.215785	0.22607	0.224576	0.228514	0.230074	0.234941	0.240953	0.234652	0.226881	0.227403	0.227193	0.231581	0.227605	0.227477	0.275006	0.235588	0.236962	0.211537	0.224528	0.239297	0.222152	0.205642	0.211521	0.210558	0.195416	0.199684	0.193973	0.187153	0.198044	0.217801	0.200733	0.204324	0.199813	0.197409	0.196205	0.214649	0.191509	0.195676	0.210351	0.209547	0.200352	0.202885	0.191201	0.206821	0.183426	0.20021	0.199769	0.208443	0.201895	0.196945	0.203529	0.184715	0.198136	0.193298	0.208418	0.19098	0.199053	0.210038	0.191728	0.182053	0.198924	0.219183	0.21897	0.1999	0.19909	0.208116	0.189771	0.183816	0.178362	0.196739	0.201285	0.207826	0.216602	0.213109	0.206557	0.195413	0.20933	0.198921	0.212718	0.208886	0.198463	0.202795	0.196892	0.218455	0.203228	0.18808	0.185528	0.194508	0.187425	0.151072	0.175252	0.168893	0.184112	0.238026	0.221389	0.171787	0.191737	0.174976	0.16179	0.173939	0.107651	0.111428	0.131619	0.127487	0.126985	0.135117	0.136261	0.14238	0.0905883	0.172405	0.160526	0.163402	0.193031	0.120028	0.118896	0.0967492	0.0991238	0.111549	0.152816	0.132214	0.261633	0.156007	0.157056	0.169451	0.159694	0.136594	0.14608	0.125624	0.123037	0.153297	0.148367	0.187661	0.200825	0.212338	0.219439	0.213786	0.194683	0.0894996	0.0894914	0.0930046	0.100137	0.171028	0.16759	0.156351	0.141759	0.142754	0.132336	0.117994	0.118196	0.120195	0.124708	0.0330197	0.0311005	0	0.0311872	0.0300474	0.0581955	0.0942049	0.115328	0.103553	0.101232	0.109015	0.11037	0.097888	0.111379	0.113924	0.10696	0.116214	0.105884	0.10016	0.118476	0.120807	0.255474	0.128344	0.114342	0.114241	0.168036	0.164406	0.17525	0.1696	0.158836	0.0999515	0.109779	0.121081	0.0923083	0.0945366	0.092454	0.0949909	0.103183	0.113284	0.102226	0.126628	0.11672	0.132497	0.0971418	0.0756409	0.119958	0.11604	0.238024	0.307547	0.318895	0.298509	0.384365	0.280154	0.284332	0.294376	0.288957	0.254832	0.218416	0.232895	0.23175	0.247741	0.253751	0.217948	0.161543	0.163737	0.162687	0.161592	0.196939	0.190149	0.287914	0.27969	0.291505	0.289566	0.303907	0.29578	0.280556	0.299983	0.299983	0.291944	0.222307	0.222031	0.19547	0.0833027	0.0810109	0.0797436	0.0855732	0.0856697	0.121851	0.127771	0.125323	0.114843	0.106861	0.120094	0.120094	0.126869	0.118957	0.121223	0.130167	0.090575	0.084507	0.10631	0.117281	0.100356	0.119274	0.145471	0.15169	0.176059	0.0862442	0.0887489	0.0906733	0.112228	0.0792771	0.0826252	0.0841864	0.0848803	0.0745043	0.0946214	0.102357
Haliaeetus_albicilla	0.18099	0.217023	0.211795	0.221812	0.230305	0.219961	0.220505	0.217702	0.234159	0.240099	0.238265	0.233303	0.2287	0.240453	0.232924	0.24571	0.237391	0.237477	0.21739	0.238903	0.253328	0.239569	0.24394	0.238335	0.237422	0.212963	0.246453	0.244942	0.239853	0.247029	0.239276	0.241422	0.273027	0.269844	0.250949	0.241837	0.233048	0.247571	0.257778	0.239895	0.237401	0.229203	0.244064	0.258397	0.269642	0.240685	0.262357	0.243024	0.240266	0.23685	0.233904	0.221401	0.231366	0.239184	0.226158	0.237434	0.219489	0.215155	0.243333	0.222538	0.217801	0.221829	0.232114	0.23062	0.234557	0.236118	0.240984	0.246997	0.240696	0.232925	0.233446	0.233237	0.237625	0.233649	0.23352	0.28105	0.241632	0.243005	0.21758	0.230572	0.245341	0.228196	0.211686	0.217565	0.216602	0.20146	0.205728	0.200017	0.193197	0.204088	0.223844	0.206777	0.210368	0.205857	0.203453	0.202249	0.220692	0.197553	0.20172	0.216395	0.215591	0.206396	0.208929	0.197245	0.212865	0.18947	0.206254	0.205813	0.214487	0.207939	0.202988	0.209573	0.190758	0.20418	0.199342	0.214462	0.197024	0.205097	0.216082	0.197772	0.188097	0.204968	0.225227	0.225014	0.205944	0.205134	0.21416	0.195815	0.18986	0.184406	0.202783	0.207329	0.21387	0.222646	0.219153	0.212601	0.201456	0.215374	0.204964	0.218762	0.21493	0.204506	0.208839	0.202936	0.224499	0.209272	0.194124	0.191572	0.200552	0.193469	0.157116	0.181296	0.174937	0.190156	0.24407	0.227433	0.177831	0.19778	0.18102	0.167834	0.179983	0.113695	0.117472	0.137663	0.13353	0.133028	0.141161	0.142305	0.148424	0.0966322	0.178449	0.166569	0.169446	0.199075	0.126072	0.12494	0.102793	0.105168	0.117593	0.15886	0.138258	0.267676	0.162051	0.1631	0.175494	0.165738	0.142638	0.152123	0.131667	0.129081	0.159341	0.154411	0.193705	0.206869	0.218381	0.225483	0.21983	0.200727	0.0955434	0.0955352	0.0990484	0.106181	0.177072	0.173634	0.162395	0.147803	0.148798	0.13838	0.124038	0.12424	0.126239	0.130752	0.0416311	0.0397119	0.0311872	0	0.0011418	0.0642393	0.100249	0.121372	0.109597	0.107275	0.115058	0.116413	0.103932	0.117423	0.119968	0.113004	0.122258	0.111928	0.106204	0.124519	0.126851	0.261518	0.134388	0.120386	0.120285	0.17408	0.17045	0.181294	0.175644	0.16488	0.105995	0.115823	0.127125	0.0983522	0.10058	0.0984978	0.101035	0.109227	0.119328	0.108269	0.132672	0.122764	0.138541	0.103186	0.0816848	0.126002	0.122084	0.244068	0.313591	0.324938	0.304553	0.390409	0.286198	0.290376	0.30042	0.295001	0.260876	0.22446	0.238939	0.237794	0.253785	0.259795	0.223992	0.167587	0.16978	0.168731	0.167636	0.202983	0.196193	0.293958	0.285734	0.297549	0.29561	0.309951	0.301824	0.2866	0.306027	0.306027	0.297988	0.228351	0.228075	0.201514	0.0893465	0.0870548	0.0857874	0.0916171	0.0917135	0.127895	0.133815	0.131367	0.120887	0.112905	0.126138	0.126138	0.132913	0.125	0.127267	0.136211	0.0966189	0.0905509	0.112354	0.123324	0.1064	0.125318	0.151515	0.157734	0.182102	0.092288	0.0947927	0.0967172	0.118272	0.0853209	0.0886691	0.0902303	0.0909241	0.0805482	0.100665	0.1084
Haliaeetus_leucocephalus	0.17985	0.215883	0.210655	0.220673	0.229165	0.218822	0.219365	0.216562	0.233019	0.238959	0.237125	0.232163	0.22756	0.239313	0.231785	0.24457	0.236252	0.236338	0.216251	0.237763	0.252188	0.23843	0.242801	0.237196	0.236282	0.211823	0.245313	0.243802	0.238714	0.245889	0.238136	0.240282	0.271887	0.268704	0.249809	0.240698	0.231909	0.246431	0.256638	0.238756	0.236261	0.228064	0.242924	0.257257	0.268502	0.239545	0.261217	0.241885	0.239126	0.235711	0.232764	0.220262	0.230226	0.238044	0.225018	0.236294	0.21835	0.214016	0.242193	0.221398	0.216661	0.22069	0.230974	0.22948	0.233418	0.234978	0.239845	0.245857	0.239556	0.231785	0.232307	0.232097	0.236485	0.232509	0.232381	0.27991	0.240492	0.241866	0.216441	0.229432	0.244201	0.227056	0.210546	0.216425	0.215462	0.20032	0.204588	0.198877	0.192057	0.202948	0.222705	0.205637	0.209228	0.204717	0.202313	0.201109	0.219553	0.196413	0.20058	0.215255	0.214451	0.205256	0.207789	0.196105	0.211725	0.18833	0.205114	0.204673	0.213347	0.206799	0.201849	0.208433	0.189619	0.20304	0.198202	0.213322	0.195884	0.203957	0.214942	0.196632	0.186957	0.203828	0.224087	0.223874	0.204804	0.203994	0.21302	0.194675	0.18872	0.183266	0.201643	0.206189	0.21273	0.221506	0.218013	0.211461	0.200317	0.214234	0.203825	0.217622	0.21379	0.203367	0.207699	0.201796	0.223359	0.208132	0.192984	0.190432	0.199412	0.192329	0.155976	0.180156	0.173797	0.189016	0.24293	0.226294	0.176691	0.196641	0.179881	0.166694	0.178843	0.112555	0.116332	0.136523	0.132391	0.131889	0.140021	0.141165	0.147284	0.0954924	0.177309	0.16543	0.168306	0.197935	0.124932	0.1238	0.101653	0.104028	0.116453	0.15772	0.137118	0.266537	0.160911	0.161961	0.174355	0.164598	0.141498	0.150984	0.130528	0.127941	0.158202	0.153271	0.192565	0.205729	0.217242	0.224343	0.21869	0.199587	0.0944036	0.0943954	0.0979087	0.105041	0.175932	0.172494	0.161255	0.146663	0.147658	0.13724	0.122898	0.1231	0.125099	0.129612	0.0404913	0.0385722	0.0300474	0.0011418	0	0.0630995	0.0991089	0.120232	0.108457	0.106136	0.113919	0.115274	0.102792	0.116283	0.118828	0.111864	0.121118	0.110788	0.105064	0.12338	0.125711	0.260378	0.133249	0.119246	0.119145	0.17294	0.16931	0.180154	0.174504	0.16374	0.104856	0.114684	0.125985	0.0972124	0.0994406	0.097358	0.0998949	0.108087	0.118188	0.10713	0.131532	0.121624	0.137401	0.102046	0.080545	0.124863	0.120944	0.242928	0.312451	0.323799	0.303413	0.389269	0.285058	0.289236	0.29928	0.293861	0.259736	0.22332	0.237799	0.236654	0.252645	0.258655	0.222852	0.166447	0.168641	0.167591	0.166496	0.201843	0.195053	0.292819	0.284594	0.296409	0.29447	0.308811	0.300684	0.28546	0.304887	0.304887	0.296848	0.227211	0.226935	0.200374	0.0882067	0.085915	0.0846476	0.0904773	0.0905737	0.126755	0.132676	0.130228	0.119747	0.111765	0.124998	0.124998	0.131773	0.123861	0.126128	0.135071	0.0954791	0.0894111	0.111214	0.122185	0.10526	0.124178	0.150375	0.156594	0.180963	0.0911482	0.0936529	0.0955774	0.117132	0.0841811	0.0875293	0.0890905	0.0897843	0.0794084	0.0995254	0.107261
Pandion_haliaetus	0.185326	0.221359	0.216131	0.226149	0.234641	0.224298	0.224841	0.222038	0.238495	0.244435	0.242601	0.237639	0.233036	0.244789	0.237261	0.250046	0.241728	0.241814	0.221727	0.243239	0.257664	0.243906	0.248277	0.242672	0.241758	0.2173	0.250789	0.249278	0.24419	0.251365	0.243612	0.245758	0.277363	0.27418	0.255285	0.246174	0.237385	0.251907	0.262114	0.244232	0.241737	0.23354	0.2484	0.262733	0.273978	0.245021	0.266693	0.247361	0.244602	0.241187	0.23824	0.225738	0.235702	0.24352	0.230494	0.24177	0.223826	0.219492	0.247669	0.226874	0.222137	0.226166	0.23645	0.234956	0.238894	0.240454	0.245321	0.251333	0.245032	0.237261	0.237783	0.237573	0.241961	0.237985	0.237857	0.285386	0.245968	0.247342	0.221917	0.234908	0.249677	0.232532	0.216022	0.221901	0.220938	0.205796	0.210064	0.204353	0.197533	0.208424	0.228181	0.211113	0.214704	0.210193	0.207789	0.206585	0.225029	0.201889	0.206056	0.220731	0.219927	0.210732	0.213265	0.201581	0.217201	0.193806	0.21059	0.210149	0.218823	0.212275	0.207325	0.213909	0.195095	0.208516	0.203678	0.218798	0.20136	0.209433	0.220418	0.202108	0.192433	0.209304	0.229563	0.22935	0.21028	0.20947	0.218496	0.200151	0.194196	0.188742	0.207119	0.211665	0.218206	0.226982	0.223489	0.216937	0.205793	0.21971	0.209301	0.223098	0.219266	0.208843	0.213175	0.207272	0.228835	0.213608	0.19846	0.195908	0.204888	0.197805	0.161452	0.185632	0.179273	0.194492	0.248406	0.23177	0.182167	0.202117	0.185357	0.17217	0.184319	0.118031	0.121808	0.141999	0.137867	0.137365	0.145497	0.146641	0.15276	0.100968	0.182785	0.170906	0.173782	0.203411	0.130408	0.129276	0.107129	0.109504	0.121929	0.163196	0.142594	0.272013	0.166387	0.167437	0.179831	0.170074	0.146974	0.15646	0.136004	0.133417	0.163678	0.158747	0.198041	0.211205	0.222718	0.229819	0.224166	0.205063	0.0998796	0.0998714	0.103385	0.110517	0.181408	0.17797	0.166731	0.152139	0.153134	0.142716	0.128374	0.128576	0.130575	0.135088	0.0686394	0.0667202	0.0581955	0.0642393	0.0630995	0	0.104585	0.125708	0.113933	0.111612	0.119395	0.12075	0.108268	0.121759	0.124304	0.11734	0.126594	0.116264	0.11054	0.128856	0.131187	0.265854	0.138725	0.124723	0.124621	0.178416	0.174786	0.18563	0.17998	0.169216	0.110332	0.12016	0.131461	0.102688	0.104917	0.102834	0.105371	0.113564	0.123664	0.112606	0.137008	0.1271	0.142877	0.107522	0.086021	0.130339	0.12642	0.248404	0.317927	0.329275	0.308889	0.394745	0.290534	0.294712	0.304756	0.299337	0.265212	0.228796	0.243275	0.24213	0.258121	0.264131	0.228328	0.171923	0.174117	0.173067	0.171972	0.207319	0.200529	0.298295	0.29007	0.301885	0.299946	0.314287	0.30616	0.290936	0.310363	0.310363	0.302324	0.232687	0.232411	0.20585	0.0936827	0.091391	0.0901237	0.0959533	0.0960497	0.132231	0.138152	0.135704	0.125223	0.117241	0.130474	0.130474	0.137249	0.129337	0.131604	0.140547	0.100955	0.0948871	0.11669	0.127661	0.110736	0.129654	0.155851	0.16207	0.186439	0.0966242	0.099129	0.101053	0.122608	0.0896571	0.0930053	0.0945665	0.0952604	0.0848844	0.105001	0.112737
Sagittarius_serpentarius	0.207879	0.243911	0.238683	0.248701	0.257194	0.24685	0.247393	0.24459	0.261047	0.266987	0.265154	0.260191	0.255588	0.267341	0.259813	0.272598	0.26428	0.264366	0.244279	0.265791	0.280216	0.266458	0.270829	0.265224	0.264311	0.239852	0.273341	0.27183	0.266742	0.273917	0.266165	0.26831	0.299916	0.296732	0.277838	0.268726	0.259937	0.27446	0.284666	0.266784	0.264289	0.256092	0.270952	0.285285	0.29653	0.267573	0.289245	0.269913	0.267154	0.263739	0.260792	0.24829	0.258254	0.266072	0.253046	0.264322	0.246378	0.242044	0.270221	0.249427	0.244689	0.248718	0.259002	0.257508	0.261446	0.263006	0.267873	0.273885	0.267584	0.259813	0.260335	0.260125	0.264513	0.260537	0.260409	0.307938	0.26852	0.269894	0.244469	0.25746	0.272229	0.255084	0.238574	0.244453	0.24349	0.228348	0.232616	0.226906	0.220085	0.230976	0.250733	0.233665	0.237256	0.232746	0.230342	0.229137	0.247581	0.224441	0.228608	0.243283	0.242479	0.233284	0.235817	0.224133	0.239753	0.216359	0.233142	0.232701	0.241375	0.234828	0.229877	0.236461	0.217647	0.231068	0.22623	0.24135	0.223912	0.231985	0.242971	0.22466	0.214985	0.231856	0.252115	0.251902	0.232832	0.232022	0.241048	0.222704	0.216748	0.211295	0.229672	0.234217	0.240758	0.249534	0.246041	0.239489	0.228345	0.242262	0.231853	0.24565	0.241818	0.231395	0.235728	0.229824	0.251388	0.23616	0.221012	0.21846	0.22744	0.220357	0.184004	0.208184	0.201826	0.217044	0.270958	0.254322	0.204719	0.224669	0.207909	0.194722	0.206871	0.140583	0.14436	0.164551	0.160419	0.159917	0.168049	0.169193	0.175312	0.12352	0.205337	0.193458	0.196335	0.225963	0.15296	0.151828	0.129681	0.132056	0.144481	0.185748	0.165146	0.294565	0.188939	0.189989	0.202383	0.192626	0.169526	0.179012	0.158556	0.155969	0.18623	0.181299	0.220593	0.233757	0.24527	0.252371	0.246718	0.227615	0.122432	0.122424	0.125937	0.133069	0.203961	0.200522	0.189283	0.174691	0.175686	0.165268	0.150926	0.151128	0.153127	0.15764	0.104649	0.10273	0.0942049	0.100249	0.0991089	0.104585	0	0.14826	0.136485	0.134164	0.141947	0.143302	0.13082	0.144311	0.146856	0.139893	0.149147	0.138816	0.133092	0.151408	0.153739	0.288406	0.161277	0.147275	0.147173	0.200968	0.197339	0.208182	0.202532	0.191768	0.132884	0.142712	0.154013	0.12524	0.127469	0.125386	0.127923	0.136116	0.146216	0.135158	0.159561	0.149652	0.165429	0.130074	0.108573	0.152891	0.148972	0.270956	0.340479	0.351827	0.331441	0.417298	0.313086	0.317264	0.327308	0.321889	0.287764	0.251348	0.265827	0.264682	0.280673	0.286683	0.25088	0.194475	0.196669	0.195619	0.194524	0.229871	0.223081	0.320847	0.312623	0.324438	0.322498	0.336839	0.328712	0.313488	0.332915	0.332915	0.324876	0.255239	0.254963	0.228402	0.116235	0.113943	0.112676	0.118505	0.118602	0.154783	0.160704	0.158256	0.147775	0.139793	0.153026	0.153026	0.159801	0.151889	0.154156	0.163099	0.123507	0.117439	0.139242	0.150213	0.133288	0.152206	0.178403	0.184622	0.208991	0.119176	0.121681	0.123605	0.14516	0.112209	0.115557	0.117119	0.117812	0.107436	0.127554	0.135289
Leptosomus_discolor	0.211267	0.2473	0.242072	0.252089	0.260582	0.250238	0.250782	0.247979	0.264436	0.270376	0.268542	0.26358	0.258977	0.27073	0.263201	0.275987	0.267668	0.267755	0.247668	0.26918	0.283605	0.269846	0.274217	0.268612	0.267699	0.24324	0.27673	0.275219	0.270131	0.277306	0.269553	0.271699	0.303304	0.300121	0.281226	0.272114	0.263325	0.277848	0.288055	0.270173	0.267678	0.259481	0.274341	0.288674	0.299919	0.270962	0.292634	0.273301	0.270543	0.267127	0.264181	0.251678	0.261643	0.269461	0.256435	0.267711	0.249766	0.245433	0.27361	0.252815	0.248078	0.252106	0.262391	0.260897	0.264835	0.266395	0.271262	0.277274	0.270973	0.263202	0.263724	0.263514	0.267902	0.263926	0.263797	0.311327	0.271909	0.273282	0.247857	0.260849	0.275618	0.258473	0.241963	0.247842	0.246879	0.231737	0.236005	0.230294	0.223474	0.234365	0.254122	0.237054	0.240645	0.236134	0.23373	0.232526	0.250969	0.22783	0.231997	0.246672	0.245868	0.236673	0.239206	0.227522	0.243142	0.219747	0.236531	0.23609	0.244764	0.238216	0.233265	0.23985	0.221035	0.234457	0.229619	0.244739	0.227301	0.235374	0.246359	0.228049	0.218374	0.235245	0.255504	0.255291	0.236221	0.235411	0.244437	0.226092	0.220137	0.214683	0.23306	0.237606	0.244147	0.252923	0.24943	0.242878	0.231733	0.245651	0.235242	0.249039	0.245207	0.234783	0.239116	0.233213	0.254776	0.239549	0.224401	0.221849	0.230829	0.223746	0.187393	0.211573	0.205214	0.220433	0.274347	0.25771	0.208108	0.228057	0.211297	0.198111	0.21026	0.143972	0.147749	0.16794	0.163807	0.163305	0.171438	0.172582	0.178701	0.126909	0.208726	0.196846	0.199723	0.229352	0.156349	0.155217	0.13307	0.135445	0.14787	0.189137	0.168535	0.297953	0.192328	0.193377	0.205771	0.196015	0.172915	0.182401	0.161944	0.159358	0.189618	0.184688	0.223982	0.237146	0.248658	0.25576	0.250107	0.231004	0.12582	0.125812	0.129326	0.136458	0.207349	0.203911	0.192672	0.17808	0.179075	0.168657	0.154315	0.154517	0.156516	0.161029	0.125772	0.123853	0.115328	0.121372	0.120232	0.125708	0.14826	0	0.139874	0.137553	0.145336	0.14669	0.134209	0.1477	0.150245	0.143281	0.152535	0.142205	0.136481	0.154797	0.157128	0.291795	0.164665	0.150663	0.150562	0.204357	0.200727	0.211571	0.205921	0.195157	0.136272	0.1461	0.157402	0.128629	0.130857	0.128775	0.131312	0.139504	0.149605	0.138546	0.162949	0.153041	0.168818	0.133463	0.111962	0.156279	0.152361	0.274345	0.343868	0.355215	0.33483	0.420686	0.316475	0.320653	0.330697	0.325278	0.291153	0.254737	0.269216	0.268071	0.284062	0.290072	0.254269	0.197864	0.200057	0.199008	0.197913	0.23326	0.22647	0.324235	0.316011	0.327826	0.325887	0.340228	0.332101	0.316877	0.336304	0.336304	0.328265	0.258628	0.258352	0.231791	0.119624	0.117332	0.116064	0.121894	0.121991	0.158172	0.164092	0.161644	0.151164	0.143182	0.156415	0.156415	0.16319	0.155278	0.157544	0.166488	0.126896	0.120828	0.142631	0.153602	0.136677	0.155595	0.181792	0.188011	0.212379	0.122565	0.12507	0.126994	0.148549	0.115598	0.118946	0.120507	0.121201	0.110825	0.130942	0.138677
Alca_torda	0.19534	0.231373	0.226145	0.236162	0.244655	0.234311	0.234854	0.232051	0.248509	0.254449	0.252615	0.247653	0.24305	0.254803	0.247274	0.26006	0.251741	0.251827	0.23174	0.253253	0.267678	0.253919	0.25829	0.252685	0.251772	0.227313	0.260803	0.259292	0.254203	0.261379	0.253626	0.255771	0.287377	0.284193	0.265299	0.256187	0.247398	0.261921	0.272128	0.254245	0.251751	0.243553	0.258413	0.272747	0.283992	0.255035	0.276707	0.257374	0.254616	0.2512	0.248254	0.235751	0.245716	0.253534	0.240508	0.251784	0.233839	0.229505	0.257683	0.236888	0.232151	0.236179	0.246464	0.24497	0.248907	0.250468	0.255334	0.261346	0.255046	0.247275	0.247796	0.247587	0.251975	0.247999	0.24787	0.295399	0.255982	0.257355	0.23193	0.244922	0.259691	0.242546	0.226036	0.231915	0.230952	0.21581	0.220078	0.214367	0.207547	0.218438	0.238194	0.221126	0.224718	0.220207	0.217803	0.216599	0.235042	0.211903	0.21607	0.230745	0.229941	0.220746	0.223279	0.211595	0.227215	0.20382	0.220604	0.220163	0.228837	0.222289	0.217338	0.223923	0.205108	0.21853	0.213692	0.228812	0.211373	0.219447	0.230432	0.212121	0.202447	0.219318	0.239577	0.239363	0.220293	0.219483	0.22851	0.210165	0.204209	0.198756	0.217133	0.221679	0.22822	0.236996	0.233503	0.226951	0.215806	0.229723	0.219314	0.233111	0.22928	0.218856	0.223189	0.217286	0.238849	0.223622	0.208474	0.205922	0.214902	0.207819	0.171466	0.195645	0.189287	0.204506	0.25842	0.241783	0.192181	0.21213	0.19537	0.182184	0.194333	0.128045	0.131822	0.152013	0.14788	0.147378	0.155511	0.156655	0.162774	0.110982	0.192799	0.180919	0.183796	0.213425	0.140422	0.13929	0.117143	0.119518	0.131942	0.17321	0.152608	0.282026	0.176401	0.17745	0.189844	0.180088	0.156988	0.166473	0.146017	0.143431	0.173691	0.168761	0.208055	0.221219	0.232731	0.239833	0.23418	0.215077	0.109893	0.109885	0.113398	0.120531	0.193692	0.190253	0.179014	0.164422	0.165417	0.154999	0.140657	0.140859	0.142858	0.147371	0.113997	0.112077	0.103553	0.109597	0.108457	0.113933	0.136485	0.139874	0	0.0177625	0.0255455	0.0406086	0.0346248	0.050336	0.0528812	0.0459173	0.0551713	0.0448406	0.0528263	0.0711423	0.0734739	0.225576	0.11629	0.102288	0.102186	0.155981	0.152351	0.163195	0.157545	0.146781	0.100174	0.110002	0.121304	0.0925327	0.0947609	0.0926783	0.0952153	0.121362	0.131463	0.120404	0.144807	0.134899	0.150675	0.11532	0.0960346	0.140352	0.136434	0.258418	0.32794	0.339288	0.318903	0.404759	0.300548	0.304726	0.31477	0.309351	0.275226	0.23881	0.253289	0.252144	0.268135	0.274145	0.238342	0.181937	0.18413	0.183081	0.181986	0.217333	0.210543	0.308308	0.300084	0.311899	0.309959	0.324301	0.316174	0.30095	0.320377	0.320377	0.312338	0.242701	0.242425	0.215864	0.103696	0.101405	0.100137	0.105967	0.106063	0.142245	0.148165	0.145717	0.135236	0.127255	0.140488	0.140488	0.147263	0.13935	0.141617	0.150561	0.110969	0.104901	0.126703	0.137674	0.12075	0.139667	0.165865	0.172084	0.196452	0.106638	0.109143	0.111067	0.132622	0.0996708	0.103019	0.10458	0.105274	0.094898	0.115015	0.12275
Uria_aalge	0.193019	0.229051	0.223824	0.233841	0.242334	0.23199	0.232533	0.22973	0.246187	0.252128	0.250294	0.245332	0.240729	0.252482	0.244953	0.257739	0.24942	0.249506	0.229419	0.250932	0.265357	0.251598	0.255969	0.250364	0.249451	0.224992	0.258482	0.256971	0.251882	0.259058	0.251305	0.25345	0.285056	0.281872	0.262978	0.253866	0.245077	0.2596	0.269807	0.251924	0.24943	0.241232	0.256092	0.270426	0.281671	0.252714	0.274386	0.255053	0.252295	0.248879	0.245933	0.23343	0.243395	0.251213	0.238187	0.249463	0.231518	0.227184	0.255362	0.234567	0.22983	0.233858	0.244143	0.242649	0.246586	0.248147	0.253013	0.259025	0.252725	0.244954	0.245475	0.245266	0.249654	0.245678	0.245549	0.293078	0.253661	0.255034	0.229609	0.242601	0.25737	0.240225	0.223715	0.229594	0.228631	0.213489	0.217757	0.212046	0.205226	0.216117	0.235873	0.218805	0.222397	0.217886	0.215482	0.214278	0.232721	0.209582	0.213749	0.228424	0.22762	0.218425	0.220958	0.209274	0.224894	0.201499	0.218283	0.217842	0.226516	0.219968	0.215017	0.221602	0.202787	0.216209	0.211371	0.226491	0.209052	0.217126	0.228111	0.2098	0.200126	0.216997	0.237256	0.237042	0.217972	0.217162	0.226189	0.207844	0.201888	0.196435	0.214812	0.219358	0.225899	0.234675	0.231182	0.22463	0.213485	0.227402	0.216993	0.23079	0.226959	0.216535	0.220868	0.214965	0.236528	0.221301	0.206153	0.203601	0.212581	0.205498	0.169145	0.193324	0.186966	0.202185	0.256099	0.239462	0.18986	0.209809	0.193049	0.179863	0.192012	0.125724	0.129501	0.149692	0.145559	0.145057	0.15319	0.154334	0.160453	0.108661	0.190478	0.178598	0.181475	0.211104	0.138101	0.136969	0.114822	0.117197	0.129621	0.170889	0.150287	0.279705	0.17408	0.175129	0.187523	0.177766	0.154667	0.164152	0.143696	0.14111	0.17137	0.16644	0.205734	0.218898	0.23041	0.237512	0.231859	0.212756	0.107572	0.107564	0.111077	0.11821	0.19137	0.187932	0.176693	0.162101	0.163096	0.152678	0.138336	0.138538	0.140537	0.14505	0.111676	0.109756	0.101232	0.107275	0.106136	0.111612	0.134164	0.137553	0.0177625	0	0.0166348	0.0382876	0.0323038	0.048015	0.0505602	0.0435963	0.0528503	0.0425196	0.0505053	0.0688213	0.0711529	0.223255	0.113969	0.0999665	0.0998651	0.15366	0.15003	0.160874	0.155224	0.14446	0.0978529	0.107681	0.118982	0.0902117	0.0924399	0.0903573	0.0928942	0.119041	0.129142	0.118083	0.142486	0.132578	0.148354	0.112999	0.0937136	0.138031	0.134113	0.256097	0.325619	0.336967	0.316582	0.402438	0.298227	0.302405	0.312449	0.30703	0.272905	0.236489	0.250968	0.249823	0.265814	0.271824	0.236021	0.179616	0.181809	0.18076	0.179665	0.215012	0.208222	0.305987	0.297763	0.309578	0.307638	0.32198	0.313853	0.298629	0.318056	0.318056	0.310017	0.24038	0.240104	0.213543	0.101375	0.0990836	0.0978163	0.103646	0.103742	0.139924	0.145844	0.143396	0.132915	0.124934	0.138167	0.138167	0.144941	0.137029	0.139296	0.14824	0.108648	0.10258	0.124382	0.135353	0.118429	0.137346	0.163544	0.169763	0.194131	0.104317	0.106822	0.108746	0.130301	0.0973497	0.100698	0.102259	0.102953	0.092577	0.112694	0.120429
Uria_lomvia	0.200802	0.236834	0.231607	0.241624	0.250117	0.239773	0.240316	0.237513	0.25397	0.259911	0.258077	0.253115	0.248512	0.260265	0.252736	0.265522	0.257203	0.257289	0.237202	0.258715	0.27314	0.259381	0.263752	0.258147	0.257234	0.232775	0.266265	0.264754	0.259665	0.266841	0.259088	0.261233	0.292839	0.289655	0.270761	0.261649	0.25286	0.267383	0.27759	0.259707	0.257212	0.249015	0.263875	0.278209	0.289454	0.260497	0.282169	0.262836	0.260078	0.256662	0.253716	0.241213	0.251178	0.258996	0.24597	0.257246	0.239301	0.234967	0.263145	0.24235	0.237612	0.241641	0.251926	0.250432	0.254369	0.25593	0.260796	0.266808	0.260508	0.252737	0.253258	0.253048	0.257437	0.253461	0.253332	0.300861	0.261444	0.262817	0.237392	0.250383	0.265153	0.248008	0.231498	0.237377	0.236414	0.221272	0.22554	0.219829	0.213009	0.223899	0.243656	0.226588	0.23018	0.225669	0.223265	0.222061	0.240504	0.217365	0.221532	0.236207	0.235403	0.226208	0.22874	0.217057	0.232677	0.209282	0.226066	0.225625	0.234299	0.227751	0.2228	0.229385	0.21057	0.223992	0.219154	0.234273	0.216835	0.224909	0.235894	0.217583	0.207909	0.22478	0.245039	0.244825	0.225755	0.224945	0.233972	0.215627	0.209671	0.204218	0.222595	0.227141	0.233682	0.242458	0.238965	0.232413	0.221268	0.235185	0.224776	0.238573	0.234741	0.224318	0.228651	0.222748	0.244311	0.229084	0.213936	0.211384	0.220364	0.213281	0.176928	0.201107	0.194749	0.209968	0.263882	0.247245	0.197643	0.217592	0.200832	0.187646	0.199795	0.133507	0.137284	0.157475	0.153342	0.15284	0.160973	0.162117	0.168236	0.116444	0.198261	0.186381	0.189258	0.218887	0.145884	0.144751	0.122605	0.124979	0.137404	0.178672	0.15807	0.287488	0.181863	0.182912	0.195306	0.185549	0.16245	0.171935	0.151479	0.148893	0.179153	0.174223	0.213517	0.226681	0.238193	0.245295	0.239641	0.220539	0.115355	0.115347	0.11886	0.125993	0.199153	0.195715	0.184476	0.169884	0.170879	0.160461	0.146119	0.146321	0.14832	0.152833	0.119459	0.117539	0.109015	0.115058	0.113919	0.119395	0.141947	0.145336	0.0255455	0.0166348	0	0.0460705	0.0400867	0.055798	0.0583432	0.0513792	0.0606333	0.0503026	0.0582883	0.0766042	0.0789359	0.231038	0.121752	0.107749	0.107648	0.161443	0.157813	0.168657	0.163007	0.152243	0.105636	0.115464	0.126765	0.0979947	0.100223	0.0981403	0.100677	0.126824	0.136925	0.125866	0.150269	0.140361	0.156137	0.120782	0.101497	0.145814	0.141896	0.26388	0.333402	0.34475	0.324365	0.410221	0.30601	0.310188	0.320232	0.314813	0.280688	0.244272	0.258751	0.257606	0.273596	0.279607	0.243804	0.187399	0.189592	0.188543	0.187448	0.222795	0.216005	0.31377	0.305546	0.317361	0.315421	0.329763	0.321636	0.306412	0.325839	0.325839	0.3178	0.248163	0.247886	0.221326	0.109158	0.106867	0.105599	0.111429	0.111525	0.147707	0.153627	0.151179	0.140698	0.132717	0.14595	0.14595	0.152724	0.144812	0.147079	0.156023	0.116431	0.110363	0.132165	0.143136	0.126211	0.145129	0.171327	0.177546	0.201914	0.1121	0.114605	0.116529	0.138084	0.105133	0.108481	0.110042	0.110736	0.10036	0.120477	0.128212
Cepphus_grylle	0.202157	0.238189	0.232962	0.242979	0.251472	0.241128	0.241671	0.238868	0.255325	0.261265	0.259432	0.254469	0.249867	0.26162	0.254091	0.266877	0.258558	0.258644	0.238557	0.26007	0.274495	0.260736	0.265107	0.259502	0.258589	0.23413	0.26762	0.266108	0.26102	0.268196	0.260443	0.262588	0.294194	0.29101	0.272116	0.263004	0.254215	0.268738	0.278945	0.261062	0.258567	0.25037	0.26523	0.279564	0.290809	0.261852	0.283524	0.264191	0.261433	0.258017	0.255071	0.242568	0.252533	0.260351	0.247325	0.258601	0.240656	0.236322	0.264499	0.243705	0.238967	0.242996	0.253281	0.251787	0.255724	0.257285	0.262151	0.268163	0.261863	0.254092	0.254613	0.254403	0.258792	0.254816	0.254687	0.302216	0.262799	0.264172	0.238747	0.251738	0.266508	0.249363	0.232853	0.238732	0.237769	0.222627	0.226895	0.221184	0.214364	0.225254	0.245011	0.227943	0.231535	0.227024	0.22462	0.223416	0.241859	0.21872	0.222887	0.237562	0.236758	0.227563	0.230095	0.218411	0.234032	0.210637	0.22742	0.22698	0.235654	0.229106	0.224155	0.230739	0.211925	0.225347	0.220509	0.235628	0.21819	0.226263	0.237249	0.218938	0.209263	0.226135	0.246394	0.24618	0.22711	0.2263	0.235327	0.216982	0.211026	0.205573	0.22395	0.228496	0.235037	0.243813	0.24032	0.233768	0.222623	0.23654	0.226131	0.239928	0.236096	0.225673	0.230006	0.224102	0.245666	0.230439	0.215291	0.212739	0.221719	0.214635	0.178283	0.202462	0.196104	0.211323	0.265237	0.2486	0.198998	0.218947	0.202187	0.189001	0.20115	0.134862	0.138639	0.15883	0.154697	0.154195	0.162328	0.163472	0.169591	0.117799	0.199616	0.187736	0.190613	0.220241	0.147239	0.146106	0.12396	0.126334	0.138759	0.180026	0.159425	0.288843	0.183218	0.184267	0.196661	0.186904	0.163805	0.17329	0.152834	0.150247	0.180508	0.175578	0.214872	0.228036	0.239548	0.24665	0.240996	0.221894	0.11671	0.116702	0.120215	0.127348	0.200508	0.19707	0.185831	0.171239	0.172234	0.161816	0.147474	0.147676	0.149675	0.154188	0.120813	0.118894	0.11037	0.116413	0.115274	0.12075	0.143302	0.14669	0.0406086	0.0382876	0.0460705	0	0.0414417	0.0571529	0.0596981	0.0527342	0.0619882	0.0516575	0.0596432	0.0779592	0.0802908	0.232393	0.123106	0.109104	0.109003	0.162798	0.159168	0.170012	0.164362	0.153598	0.106991	0.116819	0.12812	0.0993496	0.101578	0.0994952	0.102032	0.128179	0.138279	0.127221	0.151624	0.141715	0.157492	0.122137	0.102852	0.147169	0.143251	0.265235	0.334757	0.346105	0.325719	0.411576	0.307364	0.311543	0.321587	0.316168	0.282043	0.245627	0.260106	0.258961	0.274951	0.280962	0.245159	0.188754	0.190947	0.189898	0.188802	0.22415	0.21736	0.315125	0.306901	0.318716	0.316776	0.331118	0.322991	0.307767	0.327194	0.327194	0.319155	0.249517	0.249241	0.222681	0.110513	0.108222	0.106954	0.112784	0.11288	0.149062	0.154982	0.152534	0.142053	0.134072	0.147305	0.147305	0.154079	0.146167	0.148434	0.157378	0.117786	0.111718	0.13352	0.144491	0.127566	0.146484	0.172682	0.178901	0.203269	0.113455	0.115959	0.117884	0.139439	0.106488	0.109836	0.111397	0.112091	0.101715	0.121832	0.129567
Stercorarius_parasiticus	0.189675	0.225708	0.22048	0.230497	0.23899	0.228647	0.22919	0.226387	0.242844	0.248784	0.24695	0.241988	0.237385	0.249138	0.241609	0.254395	0.246077	0.246163	0.226076	0.247588	0.262013	0.248255	0.252626	0.24702	0.246107	0.221648	0.255138	0.253627	0.248539	0.255714	0.247961	0.250107	0.281712	0.278529	0.259634	0.250523	0.241733	0.256256	0.266463	0.248581	0.246086	0.237889	0.252749	0.267082	0.278327	0.24937	0.271042	0.25171	0.248951	0.245535	0.242589	0.230087	0.240051	0.247869	0.234843	0.246119	0.228175	0.223841	0.252018	0.231223	0.226486	0.230514	0.240799	0.239305	0.243243	0.244803	0.24967	0.255682	0.249381	0.24161	0.242132	0.241922	0.24631	0.242334	0.242206	0.289735	0.250317	0.251691	0.226265	0.239257	0.254026	0.236881	0.220371	0.22625	0.225287	0.210145	0.214413	0.208702	0.201882	0.212773	0.23253	0.215462	0.219053	0.214542	0.212138	0.210934	0.229378	0.206238	0.210405	0.22508	0.224276	0.215081	0.217614	0.20593	0.22155	0.198155	0.214939	0.214498	0.223172	0.216624	0.211673	0.218258	0.199444	0.212865	0.208027	0.223147	0.205709	0.213782	0.224767	0.206457	0.196782	0.213653	0.233912	0.233699	0.214629	0.213819	0.222845	0.2045	0.198545	0.193091	0.211468	0.216014	0.222555	0.231331	0.227838	0.221286	0.210142	0.224059	0.21365	0.227447	0.223615	0.213192	0.217524	0.211621	0.233184	0.217957	0.202809	0.200257	0.209237	0.202154	0.165801	0.189981	0.183622	0.198841	0.252755	0.236118	0.186516	0.206466	0.189705	0.176519	0.188668	0.12238	0.126157	0.146348	0.142216	0.141714	0.149846	0.15099	0.157109	0.105317	0.187134	0.175255	0.178131	0.20776	0.134757	0.133625	0.111478	0.113853	0.126278	0.167545	0.146943	0.276362	0.170736	0.171785	0.18418	0.174423	0.151323	0.160809	0.140352	0.137766	0.168026	0.163096	0.20239	0.215554	0.227066	0.234168	0.228515	0.209412	0.104229	0.10422	0.107734	0.114866	0.188027	0.184588	0.173349	0.158758	0.159752	0.149335	0.134993	0.135194	0.137194	0.141706	0.108332	0.106413	0.097888	0.103932	0.102792	0.108268	0.13082	0.134209	0.0346248	0.0323038	0.0400867	0.0414417	0	0.0446713	0.0472165	0.0402526	0.0495066	0.0391759	0.0471616	0.0654776	0.0678092	0.219911	0.110625	0.0966228	0.0965214	0.150316	0.146687	0.15753	0.151881	0.141117	0.0945092	0.104337	0.115639	0.086868	0.0890962	0.0870136	0.0895505	0.115697	0.125798	0.114739	0.139142	0.129234	0.14501	0.109655	0.0903699	0.134687	0.130769	0.252753	0.322276	0.333624	0.313238	0.399094	0.294883	0.299061	0.309105	0.303686	0.269561	0.233145	0.247624	0.246479	0.26247	0.26848	0.232677	0.176272	0.178465	0.177416	0.176321	0.211668	0.204878	0.302643	0.294419	0.306234	0.304295	0.318636	0.310509	0.295285	0.314712	0.314712	0.306673	0.237036	0.23676	0.210199	0.0980316	0.0957399	0.0944726	0.100302	0.100399	0.13658	0.1425	0.140052	0.129572	0.12159	0.134823	0.134823	0.141598	0.133686	0.135952	0.144896	0.105304	0.099236	0.121039	0.13201	0.115085	0.134003	0.1602	0.166419	0.190788	0.100973	0.103478	0.105402	0.126957	0.0940061	0.0973542	0.0989154	0.0996093	0.0892333	0.10935	0.117085
Chroicocephalus_maculipennis	0.203167	0.239199	0.233971	0.243989	0.252482	0.242138	0.242681	0.239878	0.256335	0.262275	0.260442	0.255479	0.250876	0.262629	0.255101	0.267886	0.259568	0.259654	0.239567	0.261079	0.275504	0.261746	0.266117	0.260512	0.259599	0.23514	0.268629	0.267118	0.26203	0.269205	0.261452	0.263598	0.295203	0.29202	0.273125	0.264014	0.255225	0.269747	0.279954	0.262072	0.259577	0.25138	0.26624	0.280573	0.291818	0.262861	0.284533	0.265201	0.262442	0.259027	0.25608	0.243578	0.253542	0.26136	0.248334	0.25961	0.241666	0.237332	0.265509	0.244715	0.239977	0.244006	0.25429	0.252796	0.256734	0.258294	0.263161	0.269173	0.262872	0.255101	0.255623	0.255413	0.259801	0.255825	0.255697	0.303226	0.263808	0.265182	0.239757	0.252748	0.267517	0.250372	0.233862	0.239741	0.238778	0.223636	0.227904	0.222194	0.215373	0.226264	0.246021	0.228953	0.232544	0.228033	0.225629	0.224425	0.242869	0.219729	0.223896	0.238571	0.237767	0.228572	0.231105	0.219421	0.235041	0.211647	0.22843	0.227989	0.236663	0.230116	0.225165	0.231749	0.212935	0.226356	0.221518	0.236638	0.2192	0.227273	0.238258	0.219948	0.210273	0.227144	0.247403	0.24719	0.22812	0.22731	0.236336	0.217992	0.212036	0.206583	0.224959	0.229505	0.236046	0.244822	0.241329	0.234777	0.223633	0.23755	0.227141	0.240938	0.237106	0.226683	0.231016	0.225112	0.246676	0.231448	0.2163	0.213748	0.222728	0.215645	0.179292	0.203472	0.197114	0.212332	0.266246	0.24961	0.200007	0.219957	0.203197	0.19001	0.202159	0.135871	0.139648	0.159839	0.155707	0.155205	0.163337	0.164481	0.1706	0.118808	0.200625	0.188746	0.191623	0.221251	0.148248	0.147116	0.124969	0.127344	0.139769	0.181036	0.160434	0.289853	0.184227	0.185277	0.197671	0.187914	0.164814	0.1743	0.153844	0.151257	0.181518	0.176587	0.215881	0.229045	0.240558	0.247659	0.242006	0.222903	0.11772	0.117711	0.121225	0.128357	0.201518	0.198079	0.18684	0.172249	0.173244	0.162826	0.148484	0.148686	0.150685	0.155197	0.121823	0.119904	0.111379	0.117423	0.116283	0.121759	0.144311	0.1477	0.050336	0.048015	0.055798	0.0571529	0.0446713	0	0.0133369	0.0197325	0.0517946	0.0414659	0.0606527	0.0789687	0.0813004	0.233402	0.124116	0.110114	0.110013	0.163807	0.160178	0.171021	0.165372	0.154608	0.108	0.117828	0.12913	0.100359	0.102587	0.100505	0.103042	0.129188	0.139289	0.12823	0.152633	0.142725	0.158502	0.123147	0.103861	0.148179	0.14426	0.266244	0.335767	0.347115	0.326729	0.412586	0.308374	0.312552	0.322596	0.317177	0.283052	0.246636	0.261115	0.25997	0.275961	0.281971	0.246168	0.189763	0.191957	0.190907	0.189812	0.225159	0.218369	0.316135	0.307911	0.319726	0.317786	0.332127	0.324	0.308776	0.328203	0.328203	0.320164	0.250527	0.250251	0.22369	0.111523	0.109231	0.107964	0.113793	0.11389	0.150071	0.155992	0.153544	0.143063	0.135081	0.148314	0.148314	0.155089	0.147177	0.149444	0.158387	0.118795	0.112727	0.13453	0.145501	0.128576	0.147494	0.173691	0.17991	0.204279	0.114464	0.116969	0.118893	0.140448	0.107497	0.110845	0.112407	0.1131	0.102724	0.122842	0.130577
Larus_smithsonianus	0.205712	0.241744	0.236516	0.246534	0.255027	0.244683	0.245226	0.242423	0.25888	0.26482	0.262987	0.258024	0.253422	0.265174	0.257646	0.270431	0.262113	0.262199	0.242112	0.263625	0.27805	0.264291	0.268662	0.263057	0.262144	0.237685	0.271174	0.269663	0.264575	0.27175	0.263998	0.266143	0.297749	0.294565	0.275671	0.266559	0.25777	0.272293	0.282499	0.264617	0.262122	0.253925	0.268785	0.283119	0.294363	0.265407	0.287079	0.267746	0.264988	0.261572	0.258625	0.246123	0.256087	0.263905	0.25088	0.262155	0.244211	0.239877	0.268054	0.24726	0.242522	0.246551	0.256836	0.255341	0.259279	0.260839	0.265706	0.271718	0.265418	0.257647	0.258168	0.257958	0.262346	0.258371	0.258242	0.305771	0.266354	0.267727	0.242302	0.255293	0.270063	0.252918	0.236407	0.242287	0.241324	0.226181	0.230449	0.224739	0.217919	0.228809	0.248566	0.231498	0.235089	0.230579	0.228175	0.226971	0.245414	0.222274	0.226442	0.241117	0.240313	0.231117	0.23365	0.221966	0.237587	0.214192	0.230975	0.230534	0.239209	0.232661	0.22771	0.234294	0.21548	0.228901	0.224064	0.239183	0.221745	0.229818	0.240804	0.222493	0.212818	0.229689	0.249949	0.249735	0.230665	0.229855	0.238881	0.220537	0.214581	0.209128	0.227505	0.232051	0.238591	0.247368	0.243874	0.237323	0.226178	0.240095	0.229686	0.243483	0.239651	0.229228	0.233561	0.227657	0.249221	0.233994	0.218845	0.216294	0.225273	0.21819	0.181837	0.206017	0.199659	0.214877	0.268792	0.252155	0.202552	0.222502	0.205742	0.192555	0.204704	0.138416	0.142193	0.162384	0.158252	0.15775	0.165882	0.167026	0.173146	0.121354	0.203171	0.191291	0.194168	0.223796	0.150794	0.149661	0.127515	0.129889	0.142314	0.183581	0.162979	0.292398	0.186772	0.187822	0.200216	0.190459	0.167359	0.176845	0.156389	0.153802	0.184063	0.179133	0.218426	0.231591	0.243103	0.250204	0.244551	0.225448	0.120265	0.120257	0.12377	0.130902	0.204063	0.200624	0.189386	0.174794	0.175789	0.165371	0.151029	0.151231	0.15323	0.157742	0.124368	0.122449	0.113924	0.119968	0.118828	0.124304	0.146856	0.150245	0.0528812	0.0505602	0.0583432	0.0596981	0.0472165	0.0133369	0	0.0222777	0.0543398	0.0440111	0.063198	0.0815139	0.0838456	0.235948	0.126661	0.112659	0.112558	0.166352	0.162723	0.173567	0.167917	0.157153	0.110546	0.120373	0.131675	0.102904	0.105133	0.10305	0.105587	0.131733	0.141834	0.130776	0.155178	0.14527	0.161047	0.125692	0.106406	0.150724	0.146805	0.26879	0.338312	0.34966	0.329274	0.415131	0.310919	0.315097	0.325142	0.319722	0.285597	0.249181	0.263661	0.262515	0.278506	0.284517	0.248714	0.192308	0.194502	0.193452	0.192357	0.227705	0.220914	0.31868	0.310456	0.322271	0.320331	0.334673	0.326545	0.311321	0.330749	0.330749	0.32271	0.253072	0.252796	0.226236	0.114068	0.111776	0.110509	0.116339	0.116435	0.152616	0.158537	0.156089	0.145608	0.137626	0.15086	0.15086	0.157634	0.149722	0.151989	0.160932	0.12134	0.115272	0.137075	0.148046	0.131121	0.150039	0.176236	0.182455	0.206824	0.11701	0.119514	0.121439	0.142993	0.110042	0.113391	0.114952	0.115646	0.10527	0.125387	0.133122
Rissa_tridactyla	0.198748	0.23478	0.229553	0.23957	0.248063	0.237719	0.238262	0.235459	0.251916	0.257856	0.256023	0.25106	0.246458	0.25821	0.250682	0.263467	0.255149	0.255235	0.235148	0.256661	0.271086	0.257327	0.261698	0.256093	0.25518	0.230721	0.26421	0.262699	0.257611	0.264786	0.257034	0.259179	0.290785	0.287601	0.268707	0.259595	0.250806	0.265329	0.275535	0.257653	0.255158	0.246961	0.261821	0.276155	0.2874	0.258443	0.280115	0.260782	0.258024	0.254608	0.251661	0.239159	0.249123	0.256941	0.243916	0.255192	0.237247	0.232913	0.26109	0.240296	0.235558	0.239587	0.249872	0.248377	0.252315	0.253876	0.258742	0.264754	0.258454	0.250683	0.251204	0.250994	0.255382	0.251407	0.251278	0.298807	0.25939	0.260763	0.235338	0.248329	0.263099	0.245954	0.229444	0.235323	0.23436	0.219218	0.223485	0.217775	0.210955	0.221845	0.241602	0.224534	0.228125	0.223615	0.221211	0.220007	0.23845	0.21531	0.219478	0.234153	0.233349	0.224154	0.226686	0.215002	0.230623	0.207228	0.224011	0.22357	0.232245	0.225697	0.220746	0.22733	0.208516	0.221937	0.2171	0.232219	0.214781	0.222854	0.23384	0.215529	0.205854	0.222725	0.242985	0.242771	0.223701	0.222891	0.231917	0.213573	0.207617	0.202164	0.220541	0.225087	0.231627	0.240404	0.23691	0.230359	0.219214	0.233131	0.222722	0.236519	0.232687	0.222264	0.226597	0.220693	0.242257	0.22703	0.211881	0.20933	0.21831	0.211226	0.174873	0.199053	0.192695	0.207913	0.261828	0.245191	0.195588	0.215538	0.198778	0.185591	0.19774	0.131452	0.13523	0.155421	0.151288	0.150786	0.158919	0.160063	0.166182	0.11439	0.196207	0.184327	0.187204	0.216832	0.14383	0.142697	0.120551	0.122925	0.13535	0.176617	0.156016	0.285434	0.179808	0.180858	0.193252	0.183495	0.160395	0.169881	0.149425	0.146838	0.177099	0.172169	0.211462	0.224627	0.236139	0.24324	0.237587	0.218484	0.113301	0.113293	0.116806	0.123938	0.197099	0.19366	0.182422	0.16783	0.168825	0.158407	0.144065	0.144267	0.146266	0.150779	0.117404	0.115485	0.10696	0.113004	0.111864	0.11734	0.139893	0.143281	0.0459173	0.0435963	0.0513792	0.0527342	0.0402526	0.0197325	0.0222777	0	0.0473759	0.0370472	0.056234	0.07455	0.0768816	0.228984	0.119697	0.105695	0.105594	0.159388	0.155759	0.166603	0.160953	0.150189	0.103582	0.11341	0.124711	0.0959404	0.0981686	0.096086	0.098623	0.12477	0.13487	0.123812	0.148214	0.138306	0.154083	0.118728	0.0994423	0.14376	0.139842	0.261826	0.331348	0.342696	0.32231	0.408167	0.303955	0.308134	0.318178	0.312758	0.278633	0.242218	0.256697	0.255551	0.271542	0.277553	0.24175	0.185345	0.187538	0.186488	0.185393	0.220741	0.21395	0.311716	0.303492	0.315307	0.313367	0.327709	0.319582	0.304357	0.323785	0.323785	0.315746	0.246108	0.245832	0.219272	0.107104	0.104812	0.103545	0.109375	0.109471	0.145652	0.151573	0.149125	0.138644	0.130663	0.143896	0.143896	0.15067	0.142758	0.145025	0.153968	0.114376	0.108308	0.130111	0.141082	0.124157	0.143075	0.169273	0.175491	0.19986	0.110046	0.11255	0.114475	0.136029	0.103078	0.106427	0.107988	0.108682	0.0983057	0.118423	0.126158
Rynchops_niger	0.208002	0.244034	0.238807	0.248824	0.257317	0.246973	0.247516	0.244713	0.26117	0.26711	0.265277	0.260314	0.255712	0.267464	0.259936	0.272721	0.264403	0.264489	0.244402	0.265915	0.28034	0.266581	0.270952	0.265347	0.264434	0.239975	0.273464	0.271953	0.266865	0.27404	0.266288	0.268433	0.300039	0.296855	0.277961	0.268849	0.26006	0.274583	0.28479	0.266907	0.264412	0.256215	0.271075	0.285409	0.296654	0.267697	0.289369	0.270036	0.267278	0.263862	0.260915	0.248413	0.258378	0.266196	0.25317	0.264446	0.246501	0.242167	0.270344	0.24955	0.244812	0.248841	0.259126	0.257631	0.261569	0.26313	0.267996	0.274008	0.267708	0.259937	0.260458	0.260248	0.264636	0.260661	0.260532	0.308061	0.268644	0.270017	0.244592	0.257583	0.272353	0.255208	0.238698	0.244577	0.243614	0.228472	0.232739	0.227029	0.220209	0.231099	0.250856	0.233788	0.23738	0.232869	0.230465	0.229261	0.247704	0.224564	0.228732	0.243407	0.242603	0.233408	0.23594	0.224256	0.239877	0.216482	0.233265	0.232825	0.241499	0.234951	0.23	0.236584	0.21777	0.231191	0.226354	0.241473	0.224035	0.232108	0.243094	0.224783	0.215108	0.23198	0.252239	0.252025	0.232955	0.232145	0.241171	0.222827	0.216871	0.211418	0.229795	0.234341	0.240881	0.249658	0.246164	0.239613	0.228468	0.242385	0.231976	0.245773	0.241941	0.231518	0.235851	0.229947	0.251511	0.236284	0.221135	0.218584	0.227564	0.22048	0.184127	0.208307	0.201949	0.217167	0.271082	0.254445	0.204842	0.224792	0.208032	0.194846	0.206994	0.140706	0.144484	0.164675	0.160542	0.16004	0.168173	0.169317	0.175436	0.123644	0.205461	0.193581	0.196458	0.226086	0.153084	0.151951	0.129805	0.132179	0.144604	0.185871	0.16527	0.294688	0.189062	0.190112	0.202506	0.192749	0.16965	0.179135	0.158679	0.156092	0.186353	0.181423	0.220716	0.233881	0.245393	0.252494	0.246841	0.227738	0.122555	0.122547	0.12606	0.133192	0.206353	0.202915	0.191676	0.177084	0.178079	0.167661	0.153319	0.153521	0.15552	0.160033	0.126658	0.124739	0.116214	0.122258	0.121118	0.126594	0.149147	0.152535	0.0551713	0.0528503	0.0606333	0.0619882	0.0495066	0.0517946	0.0543398	0.0473759	0	0.0463012	0.0654881	0.083804	0.0861357	0.238238	0.128951	0.114949	0.114848	0.168642	0.165013	0.175857	0.170207	0.159443	0.112836	0.122664	0.133965	0.105194	0.107423	0.10534	0.107877	0.134024	0.144124	0.133066	0.157469	0.14756	0.163337	0.127982	0.108696	0.153014	0.149096	0.27108	0.340602	0.35195	0.331564	0.417421	0.313209	0.317388	0.327432	0.322012	0.287887	0.251472	0.265951	0.264805	0.280796	0.286807	0.251004	0.194599	0.196792	0.195742	0.194647	0.229995	0.223205	0.32097	0.312746	0.324561	0.322621	0.336963	0.328836	0.313611	0.333039	0.333039	0.325	0.255362	0.255086	0.228526	0.116358	0.114066	0.112799	0.118629	0.118725	0.154907	0.160827	0.158379	0.147898	0.139917	0.15315	0.15315	0.159924	0.152012	0.154279	0.163222	0.12363	0.117562	0.139365	0.150336	0.133411	0.152329	0.178527	0.184745	0.209114	0.1193	0.121804	0.123729	0.145283	0.112333	0.115681	0.117242	0.117936	0.10756	0.127677	0.135412
Phaetusa_simplex	0.197671	0.233704	0.228476	0.238493	0.246986	0.236642	0.237185	0.234382	0.25084	0.25678	0.254946	0.249984	0.245381	0.257134	0.249605	0.262391	0.254072	0.254158	0.234071	0.255584	0.270009	0.25625	0.260621	0.255016	0.254103	0.229644	0.263134	0.261623	0.256534	0.26371	0.255957	0.258102	0.289708	0.286524	0.26763	0.258518	0.249729	0.264252	0.274459	0.256576	0.254082	0.245884	0.260744	0.275078	0.286323	0.257366	0.279038	0.259705	0.256947	0.253531	0.250585	0.238082	0.248047	0.255865	0.242839	0.254115	0.23617	0.231836	0.260014	0.239219	0.234482	0.23851	0.248795	0.247301	0.251238	0.252799	0.257665	0.263677	0.257377	0.249606	0.250127	0.249918	0.254306	0.25033	0.250201	0.29773	0.258313	0.259686	0.234261	0.247253	0.262022	0.244877	0.228367	0.234246	0.233283	0.218141	0.222409	0.216698	0.209878	0.220769	0.240525	0.223457	0.227049	0.222538	0.220134	0.21893	0.237373	0.214234	0.218401	0.233076	0.232272	0.223077	0.22561	0.213926	0.229546	0.206151	0.222935	0.222494	0.231168	0.22462	0.219669	0.226254	0.207439	0.220861	0.216023	0.231143	0.213704	0.221778	0.232763	0.214452	0.204778	0.221649	0.241908	0.241694	0.222624	0.221814	0.230841	0.212496	0.20654	0.201087	0.219464	0.22401	0.230551	0.239327	0.235834	0.229282	0.218137	0.232055	0.221645	0.235442	0.231611	0.221187	0.22552	0.219617	0.24118	0.225953	0.210805	0.208253	0.217233	0.21015	0.173797	0.197976	0.191618	0.206837	0.260751	0.244114	0.194512	0.214461	0.197701	0.184515	0.196664	0.130376	0.134153	0.154344	0.150211	0.149709	0.157842	0.158986	0.165105	0.113313	0.19513	0.18325	0.186127	0.215756	0.142753	0.141621	0.119474	0.121849	0.134273	0.175541	0.154939	0.284357	0.178732	0.179781	0.192175	0.182419	0.159319	0.168804	0.148348	0.145762	0.176022	0.171092	0.210386	0.22355	0.235062	0.242164	0.236511	0.217408	0.112224	0.112216	0.115729	0.122862	0.196023	0.192584	0.181345	0.166753	0.167748	0.15733	0.142988	0.14319	0.145189	0.149702	0.116328	0.114408	0.105884	0.111928	0.110788	0.116264	0.138816	0.142205	0.0448406	0.0425196	0.0503026	0.0516575	0.0391759	0.0414659	0.0440111	0.0370472	0.0463012	0	0.0551573	0.0734733	0.0758049	0.227907	0.118621	0.104619	0.104517	0.158312	0.154682	0.165526	0.159876	0.149112	0.102505	0.112333	0.123635	0.0948637	0.0970919	0.0950094	0.0975463	0.123693	0.133794	0.122735	0.147138	0.13723	0.153006	0.117651	0.0983657	0.142683	0.138765	0.260749	0.330272	0.341619	0.321234	0.40709	0.302879	0.307057	0.317101	0.311682	0.277557	0.241141	0.25562	0.254475	0.270466	0.276476	0.240673	0.184268	0.186461	0.185412	0.184317	0.219664	0.212874	0.310639	0.302415	0.31423	0.31229	0.326632	0.318505	0.303281	0.322708	0.322708	0.314669	0.245032	0.244756	0.218195	0.106027	0.103736	0.102468	0.108298	0.108394	0.144576	0.150496	0.148048	0.137567	0.129586	0.142819	0.142819	0.149594	0.141681	0.143948	0.152892	0.1133	0.107232	0.129034	0.140005	0.123081	0.141999	0.168196	0.174415	0.198783	0.108969	0.111474	0.113398	0.134953	0.102002	0.10535	0.106911	0.107605	0.0972291	0.117346	0.125081
Dromas_ardeola	0.191947	0.22798	0.222752	0.232769	0.241262	0.230918	0.231461	0.228658	0.245116	0.251056	0.249222	0.24426	0.239657	0.25141	0.243881	0.256667	0.248348	0.248434	0.228347	0.24986	0.264285	0.250526	0.254897	0.249292	0.248379	0.22392	0.25741	0.255899	0.25081	0.257986	0.250233	0.252378	0.283984	0.2808	0.261906	0.252794	0.244005	0.258528	0.268735	0.250852	0.248358	0.24016	0.25502	0.269354	0.280599	0.251642	0.273314	0.253981	0.251223	0.247807	0.244861	0.232358	0.242323	0.250141	0.237115	0.248391	0.230446	0.226112	0.25429	0.233495	0.228758	0.232786	0.243071	0.241577	0.245514	0.247075	0.251941	0.257953	0.251653	0.243882	0.244403	0.244194	0.248582	0.244606	0.244477	0.292006	0.252589	0.253962	0.228537	0.241529	0.256298	0.239153	0.222643	0.228522	0.227559	0.212417	0.216685	0.210974	0.204154	0.215045	0.234801	0.217733	0.221325	0.216814	0.21441	0.213206	0.231649	0.20851	0.212677	0.227352	0.226548	0.217353	0.219886	0.208202	0.223822	0.200427	0.217211	0.21677	0.225444	0.218896	0.213945	0.22053	0.201715	0.215137	0.210299	0.225419	0.20798	0.216054	0.227039	0.208728	0.199054	0.215925	0.236184	0.23597	0.2169	0.21609	0.225117	0.206772	0.200816	0.195363	0.21374	0.218286	0.224827	0.233603	0.23011	0.223558	0.212413	0.22633	0.215921	0.229718	0.225887	0.215463	0.219796	0.213893	0.235456	0.220229	0.205081	0.202529	0.211509	0.204426	0.168073	0.192252	0.185894	0.201113	0.255027	0.23839	0.188788	0.208737	0.191977	0.178791	0.19094	0.124652	0.128429	0.14862	0.144487	0.143985	0.152118	0.153262	0.159381	0.107589	0.189406	0.177526	0.180403	0.210032	0.137029	0.135897	0.11375	0.116125	0.128549	0.169817	0.149215	0.278633	0.173008	0.174057	0.186451	0.176694	0.153595	0.16308	0.142624	0.140038	0.170298	0.165368	0.204662	0.217826	0.229338	0.23644	0.230787	0.211684	0.1065	0.106492	0.110005	0.117138	0.190299	0.18686	0.175621	0.161029	0.162024	0.151606	0.137264	0.137466	0.139465	0.143978	0.110604	0.108684	0.10016	0.106204	0.105064	0.11054	0.133092	0.136481	0.0528263	0.0505053	0.0582883	0.0596432	0.0471616	0.0606527	0.063198	0.056234	0.0654881	0.0551573	0	0.0610319	0.0633635	0.222183	0.112897	0.0988945	0.0987931	0.152588	0.148958	0.159802	0.154152	0.143388	0.0967809	0.106609	0.11791	0.0891397	0.0913679	0.0892853	0.0918222	0.117969	0.12807	0.117011	0.141414	0.131506	0.147282	0.111927	0.0926416	0.136959	0.133041	0.255025	0.324547	0.335895	0.31551	0.401366	0.297155	0.301333	0.311377	0.305958	0.271833	0.235417	0.249896	0.248751	0.264742	0.270752	0.234949	0.178544	0.180737	0.179688	0.178593	0.21394	0.20715	0.304915	0.296691	0.308506	0.306566	0.320908	0.312781	0.297557	0.316984	0.316984	0.308945	0.239308	0.239032	0.212471	0.100303	0.0980116	0.0967443	0.102574	0.10267	0.138852	0.144772	0.142324	0.131843	0.123862	0.137095	0.137095	0.14387	0.135957	0.138224	0.147168	0.107576	0.101508	0.12331	0.134281	0.117357	0.136274	0.162472	0.168691	0.193059	0.103245	0.10575	0.107674	0.129229	0.0962778	0.0996259	0.101187	0.101881	0.091505	0.111622	0.119357
Glareola_pratincola	0.210263	0.246296	0.241068	0.251085	0.259578	0.249234	0.249777	0.246974	0.263432	0.269372	0.267538	0.262576	0.257973	0.269726	0.262197	0.274983	0.266664	0.26675	0.246663	0.268176	0.282601	0.268842	0.273213	0.267608	0.266695	0.242236	0.275726	0.274215	0.269126	0.276302	0.268549	0.270694	0.3023	0.299116	0.280222	0.27111	0.262321	0.276844	0.287051	0.269168	0.266674	0.258476	0.273336	0.28767	0.298915	0.269958	0.29163	0.272297	0.269539	0.266123	0.263177	0.250674	0.260639	0.268457	0.255431	0.266707	0.248762	0.244428	0.272606	0.251811	0.247074	0.251102	0.261387	0.259893	0.26383	0.265391	0.270257	0.276269	0.269969	0.262198	0.262719	0.26251	0.266898	0.262922	0.262793	0.310322	0.270905	0.272278	0.246853	0.259845	0.274614	0.257469	0.240959	0.246838	0.245875	0.230733	0.235001	0.22929	0.22247	0.233361	0.253117	0.236049	0.239641	0.23513	0.232726	0.231522	0.249965	0.226826	0.230993	0.245668	0.244864	0.235669	0.238202	0.226518	0.242138	0.218743	0.235527	0.235086	0.24376	0.237212	0.232261	0.238846	0.220031	0.233453	0.228615	0.243735	0.226296	0.23437	0.245355	0.227044	0.21737	0.234241	0.2545	0.254286	0.235216	0.234406	0.243433	0.225088	0.219132	0.213679	0.232056	0.236602	0.243143	0.251919	0.248426	0.241874	0.230729	0.244646	0.234237	0.248034	0.244203	0.233779	0.238112	0.232209	0.253772	0.238545	0.223397	0.220845	0.229825	0.222742	0.186389	0.210568	0.20421	0.219429	0.273343	0.256706	0.207104	0.227053	0.210293	0.197107	0.209256	0.142968	0.146745	0.166936	0.162803	0.162301	0.170434	0.171578	0.177697	0.125905	0.207722	0.195842	0.198719	0.228348	0.155345	0.154213	0.132066	0.134441	0.146865	0.188133	0.167531	0.296949	0.191324	0.192373	0.204767	0.19501	0.171911	0.181396	0.16094	0.158354	0.188614	0.183684	0.222978	0.236142	0.247654	0.254756	0.249103	0.23	0.124816	0.124808	0.128321	0.135454	0.208615	0.205176	0.193937	0.179345	0.18034	0.169922	0.15558	0.155782	0.157781	0.162294	0.12892	0.127	0.118476	0.124519	0.12338	0.128856	0.151408	0.154797	0.0711423	0.0688213	0.0766042	0.0779592	0.0654776	0.0789687	0.0815139	0.07455	0.083804	0.0734733	0.0610319	0	0.0665379	0.240499	0.131213	0.117211	0.117109	0.170904	0.167274	0.178118	0.172468	0.161704	0.115097	0.124925	0.136226	0.107456	0.109684	0.107601	0.110138	0.136285	0.146386	0.135327	0.15973	0.149822	0.165598	0.130243	0.110958	0.155275	0.151357	0.273341	0.342863	0.354211	0.333826	0.419682	0.315471	0.319649	0.329693	0.324274	0.290149	0.253733	0.268212	0.267067	0.283058	0.289068	0.253265	0.19686	0.199053	0.198004	0.196909	0.232256	0.225466	0.323231	0.315007	0.326822	0.324882	0.339224	0.331097	0.315873	0.3353	0.3353	0.327261	0.257624	0.257348	0.230787	0.118619	0.116328	0.11506	0.12089	0.120986	0.157168	0.163088	0.16064	0.150159	0.142178	0.155411	0.155411	0.162186	0.154273	0.15654	0.165484	0.125892	0.119824	0.141626	0.152597	0.135673	0.15459	0.180788	0.187007	0.211375	0.121561	0.124066	0.12599	0.147545	0.114594	0.117942	0.119503	0.120197	0.109821	0.129938	0.137673
Rhinoptilus_africanus	0.212595	0.248627	0.243399	0.253417	0.26191	0.251566	0.252109	0.249306	0.265763	0.271703	0.26987	0.264907	0.260305	0.272057	0.264529	0.277314	0.268996	0.269082	0.248995	0.270508	0.284933	0.271174	0.275545	0.26994	0.269027	0.244568	0.278057	0.276546	0.271458	0.278633	0.270881	0.273026	0.304632	0.301448	0.282554	0.273442	0.264653	0.279176	0.289382	0.2715	0.269005	0.260808	0.275668	0.290002	0.301246	0.27229	0.293961	0.274629	0.271871	0.268455	0.265508	0.253006	0.26297	0.270788	0.257763	0.269038	0.251094	0.24676	0.274937	0.254143	0.249405	0.253434	0.263718	0.262224	0.266162	0.267722	0.272589	0.278601	0.272301	0.26453	0.265051	0.264841	0.269229	0.265254	0.265125	0.312654	0.273237	0.27461	0.249185	0.262176	0.276946	0.259801	0.24329	0.24917	0.248207	0.233064	0.237332	0.231622	0.224802	0.235692	0.255449	0.238381	0.241972	0.237462	0.235058	0.233853	0.252297	0.229157	0.233325	0.247999	0.247196	0.238	0.240533	0.228849	0.24447	0.221075	0.237858	0.237417	0.246092	0.239544	0.234593	0.241177	0.222363	0.235784	0.230947	0.246066	0.228628	0.236701	0.247687	0.229376	0.219701	0.236572	0.256832	0.256618	0.237548	0.236738	0.245764	0.22742	0.221464	0.216011	0.234388	0.238934	0.245474	0.254251	0.250757	0.244206	0.233061	0.246978	0.236569	0.250366	0.246534	0.236111	0.240444	0.23454	0.256104	0.240876	0.225728	0.223177	0.232156	0.225073	0.18872	0.2129	0.206542	0.22176	0.275675	0.259038	0.209435	0.229385	0.212625	0.199438	0.211587	0.145299	0.149076	0.169267	0.165135	0.164633	0.172765	0.173909	0.180029	0.128237	0.210054	0.198174	0.201051	0.230679	0.157677	0.156544	0.134398	0.136772	0.149197	0.190464	0.169862	0.299281	0.193655	0.194705	0.207099	0.197342	0.174242	0.183728	0.163272	0.160685	0.190946	0.186015	0.225309	0.238474	0.249986	0.257087	0.251434	0.232331	0.127148	0.12714	0.130653	0.137785	0.210946	0.207507	0.196269	0.181677	0.182672	0.172254	0.157912	0.158114	0.160113	0.164625	0.131251	0.129332	0.120807	0.126851	0.125711	0.131187	0.153739	0.157128	0.0734739	0.0711529	0.0789359	0.0802908	0.0678092	0.0813004	0.0838456	0.0768816	0.0861357	0.0758049	0.0633635	0.0665379	0	0.242831	0.133544	0.119542	0.119441	0.173235	0.169606	0.18045	0.1748	0.164036	0.117429	0.127256	0.138558	0.109787	0.112016	0.109933	0.11247	0.138616	0.148717	0.137659	0.162061	0.152153	0.16793	0.132575	0.113289	0.157607	0.153688	0.275673	0.345195	0.356543	0.336157	0.422014	0.317802	0.32198	0.332025	0.326605	0.29248	0.256064	0.270544	0.269398	0.285389	0.2914	0.255597	0.199191	0.201385	0.200335	0.19924	0.234587	0.227797	0.325563	0.317339	0.329154	0.327214	0.341555	0.333428	0.318204	0.337631	0.337631	0.329593	0.259955	0.259679	0.233119	0.120951	0.118659	0.117392	0.123222	0.123318	0.159499	0.16542	0.162972	0.152491	0.144509	0.157743	0.157743	0.164517	0.156605	0.158872	0.167815	0.128223	0.122155	0.143958	0.154929	0.138004	0.156922	0.183119	0.189338	0.213707	0.123892	0.126397	0.128322	0.149876	0.116925	0.120274	0.121835	0.122529	0.112153	0.13227	0.140005
Turnix_velox	0.347262	0.383294	0.378066	0.388084	0.396577	0.386233	0.386776	0.383973	0.40043	0.40637	0.404537	0.399574	0.394972	0.406724	0.399196	0.411981	0.403663	0.403749	0.383662	0.405174	0.4196	0.405841	0.410212	0.404607	0.403694	0.379235	0.412724	0.411213	0.406125	0.4133	0.405548	0.407693	0.439299	0.436115	0.417221	0.408109	0.39932	0.413843	0.424049	0.406167	0.403672	0.395475	0.410335	0.424668	0.435913	0.406957	0.428628	0.409296	0.406538	0.403122	0.400175	0.387673	0.397637	0.405455	0.39243	0.403705	0.385761	0.381427	0.409604	0.38881	0.384072	0.388101	0.398385	0.396891	0.400829	0.402389	0.407256	0.413268	0.406968	0.399196	0.399718	0.399508	0.403896	0.399921	0.399792	0.447321	0.407903	0.409277	0.383852	0.396843	0.411613	0.394467	0.377957	0.383836	0.382874	0.367731	0.371999	0.366289	0.359469	0.370359	0.390116	0.373048	0.376639	0.372129	0.369725	0.36852	0.386964	0.363824	0.367992	0.382666	0.381863	0.372667	0.3752	0.363516	0.379136	0.355742	0.372525	0.372084	0.380759	0.374211	0.36926	0.375844	0.35703	0.370451	0.365613	0.380733	0.363295	0.371368	0.382354	0.364043	0.354368	0.371239	0.391498	0.391285	0.372215	0.371405	0.380431	0.362087	0.356131	0.350678	0.369055	0.373601	0.380141	0.388918	0.385424	0.378873	0.367728	0.381645	0.371236	0.385033	0.381201	0.370778	0.375111	0.369207	0.390771	0.375543	0.360395	0.357844	0.366823	0.35974	0.323387	0.347567	0.341209	0.356427	0.410342	0.393705	0.344102	0.364052	0.347292	0.334105	0.346254	0.279966	0.283743	0.303934	0.299802	0.2993	0.307432	0.308576	0.314696	0.262904	0.34472	0.332841	0.335718	0.365346	0.292344	0.291211	0.269065	0.271439	0.283864	0.325131	0.304529	0.433948	0.328322	0.329372	0.341766	0.332009	0.308909	0.318395	0.297939	0.295352	0.325613	0.320682	0.359976	0.373141	0.384653	0.391754	0.386101	0.366998	0.261815	0.261807	0.26532	0.272452	0.345613	0.342174	0.330935	0.316344	0.317339	0.306921	0.292579	0.292781	0.29478	0.299292	0.265918	0.263999	0.255474	0.261518	0.260378	0.265854	0.288406	0.291795	0.225576	0.223255	0.231038	0.232393	0.219911	0.233402	0.235948	0.228984	0.238238	0.227907	0.222183	0.240499	0.242831	0	0.268211	0.254209	0.254108	0.307902	0.304273	0.315117	0.309467	0.298703	0.252095	0.261923	0.273225	0.244454	0.246683	0.2446	0.247137	0.273283	0.283384	0.272326	0.296728	0.28682	0.302597	0.267242	0.247956	0.292274	0.288355	0.41034	0.479862	0.49121	0.470824	0.556681	0.452469	0.456647	0.466692	0.461272	0.427147	0.390731	0.405211	0.404065	0.420056	0.426067	0.390264	0.333858	0.336052	0.335002	0.333907	0.369254	0.362464	0.46023	0.452006	0.463821	0.461881	0.476222	0.468095	0.452871	0.472298	0.472298	0.46426	0.394622	0.394346	0.367786	0.255618	0.253326	0.252059	0.257889	0.257985	0.294166	0.300087	0.297639	0.287158	0.279176	0.29241	0.29241	0.299184	0.291272	0.293539	0.302482	0.26289	0.256822	0.278625	0.289596	0.272671	0.291589	0.317786	0.324005	0.348374	0.258559	0.261064	0.262989	0.284543	0.251592	0.25494	0.256502	0.257196	0.24682	0.266937	0.274672
Arenaria_interpres	0.220132	0.256164	0.250937	0.260954	0.269447	0.259103	0.259646	0.256843	0.2733	0.27924	0.277407	0.272444	0.267842	0.279594	0.272066	0.284852	0.276533	0.276619	0.256532	0.278045	0.29247	0.278711	0.283082	0.277477	0.276564	0.252105	0.285595	0.284083	0.278995	0.286171	0.278418	0.280563	0.312169	0.308985	0.290091	0.280979	0.27219	0.286713	0.29692	0.279037	0.276542	0.268345	0.283205	0.297539	0.308784	0.279827	0.301499	0.282166	0.279408	0.275992	0.273045	0.260543	0.270508	0.278326	0.2653	0.276576	0.258631	0.254297	0.282474	0.26168	0.256942	0.260971	0.271256	0.269762	0.273699	0.27526	0.280126	0.286138	0.279838	0.272067	0.272588	0.272378	0.276767	0.272791	0.272662	0.320191	0.280774	0.282147	0.256722	0.269713	0.284483	0.267338	0.250828	0.256707	0.255744	0.240602	0.244869	0.239159	0.232339	0.243229	0.262986	0.245918	0.24951	0.244999	0.242595	0.241391	0.259834	0.236694	0.240862	0.255537	0.254733	0.245538	0.24807	0.236386	0.252007	0.228612	0.245395	0.244955	0.253629	0.247081	0.24213	0.248714	0.2299	0.243322	0.238484	0.253603	0.236165	0.244238	0.255224	0.236913	0.227238	0.24411	0.264369	0.264155	0.245085	0.244275	0.253302	0.234957	0.229001	0.223548	0.241925	0.246471	0.253012	0.261788	0.258295	0.251743	0.240598	0.254515	0.244106	0.257903	0.254071	0.243648	0.247981	0.242077	0.263641	0.248414	0.233265	0.230714	0.239694	0.23261	0.196258	0.220437	0.214079	0.229298	0.283212	0.266575	0.216972	0.236922	0.220162	0.206976	0.219125	0.152837	0.156614	0.176805	0.172672	0.17217	0.180303	0.181447	0.187566	0.135774	0.217591	0.205711	0.208588	0.238216	0.165214	0.164081	0.141935	0.144309	0.156734	0.198001	0.1774	0.306818	0.201193	0.202242	0.214636	0.204879	0.18178	0.191265	0.170809	0.168222	0.198483	0.193553	0.232847	0.246011	0.257523	0.264625	0.258971	0.239869	0.134685	0.134677	0.13819	0.145322	0.218483	0.215045	0.203806	0.189214	0.190209	0.179791	0.165449	0.165651	0.16765	0.172163	0.138788	0.136869	0.128344	0.134388	0.133249	0.138725	0.161277	0.164665	0.11629	0.113969	0.121752	0.123106	0.110625	0.124116	0.126661	0.119697	0.128951	0.118621	0.112897	0.131213	0.133544	0.268211	0	0.0495532	0.0656699	0.145114	0.141484	0.152328	0.146678	0.135914	0.124966	0.134794	0.146095	0.117325	0.119553	0.11747	0.120007	0.146154	0.156254	0.145196	0.169599	0.15969	0.175467	0.140112	0.120826	0.165144	0.161226	0.28321	0.352732	0.36408	0.343694	0.429551	0.325339	0.329518	0.339562	0.334143	0.300018	0.263602	0.278081	0.276936	0.292926	0.298937	0.263134	0.206729	0.208922	0.207872	0.206777	0.242125	0.235335	0.3331	0.324876	0.336691	0.334751	0.349093	0.340966	0.325742	0.345169	0.345169	0.33713	0.267492	0.267216	0.240656	0.128488	0.126196	0.124929	0.130759	0.130855	0.167037	0.172957	0.170509	0.160028	0.152047	0.16528	0.16528	0.172054	0.164142	0.166409	0.175353	0.135761	0.129693	0.151495	0.162466	0.145541	0.164459	0.190657	0.196876	0.221244	0.13143	0.133934	0.135859	0.157413	0.124463	0.127811	0.129372	0.130066	0.11969	0.139807	0.147542
Calidris_pugnax	0.20613	0.242162	0.236935	0.246952	0.255445	0.245101	0.245644	0.242841	0.259298	0.265238	0.263405	0.258442	0.25384	0.265592	0.258064	0.270849	0.262531	0.262617	0.24253	0.264043	0.278468	0.264709	0.26908	0.263475	0.262562	0.238103	0.271592	0.270081	0.264993	0.272168	0.264416	0.266561	0.298167	0.294983	0.276089	0.266977	0.258188	0.272711	0.282918	0.265035	0.26254	0.254343	0.269203	0.283537	0.294782	0.265825	0.287497	0.268164	0.265406	0.26199	0.259043	0.246541	0.256506	0.264324	0.251298	0.262574	0.244629	0.240295	0.268472	0.247678	0.24294	0.246969	0.257254	0.255759	0.259697	0.261258	0.266124	0.272136	0.265836	0.258065	0.258586	0.258376	0.262765	0.258789	0.25866	0.306189	0.266772	0.268145	0.24272	0.255711	0.270481	0.253336	0.236826	0.242705	0.241742	0.2266	0.230867	0.225157	0.218337	0.229227	0.248984	0.231916	0.235508	0.230997	0.228593	0.227389	0.245832	0.222692	0.22686	0.241535	0.240731	0.231536	0.234068	0.222384	0.238005	0.21461	0.231393	0.230953	0.239627	0.233079	0.228128	0.234712	0.215898	0.229319	0.224482	0.239601	0.222163	0.230236	0.241222	0.222911	0.213236	0.230108	0.250367	0.250153	0.231083	0.230273	0.2393	0.220955	0.214999	0.209546	0.227923	0.232469	0.239009	0.247786	0.244293	0.237741	0.226596	0.240513	0.230104	0.243901	0.240069	0.229646	0.233979	0.228075	0.249639	0.234412	0.219263	0.216712	0.225692	0.218608	0.182255	0.206435	0.200077	0.215295	0.26921	0.252573	0.20297	0.22292	0.20616	0.192974	0.205123	0.138835	0.142612	0.162803	0.15867	0.158168	0.166301	0.167445	0.173564	0.121772	0.203589	0.191709	0.194586	0.224214	0.151212	0.150079	0.127933	0.130307	0.142732	0.183999	0.163398	0.292816	0.18719	0.18824	0.200634	0.190877	0.167778	0.177263	0.156807	0.15422	0.184481	0.179551	0.218845	0.232009	0.243521	0.250623	0.244969	0.225867	0.120683	0.120675	0.124188	0.13132	0.204481	0.201043	0.189804	0.175212	0.176207	0.165789	0.151447	0.151649	0.153648	0.158161	0.124786	0.122867	0.114342	0.120386	0.119246	0.124723	0.147275	0.150663	0.102288	0.0999665	0.107749	0.109104	0.0966228	0.110114	0.112659	0.105695	0.114949	0.104619	0.0988945	0.117211	0.119542	0.254209	0.0495532	0	0.0516679	0.131112	0.127482	0.138326	0.132676	0.121912	0.110964	0.120792	0.132093	0.103322	0.105551	0.103468	0.106005	0.132152	0.142252	0.131194	0.155597	0.145688	0.161465	0.12611	0.106824	0.151142	0.147224	0.269208	0.33873	0.350078	0.329692	0.415549	0.311337	0.315516	0.32556	0.320141	0.286016	0.2496	0.264079	0.262933	0.278924	0.284935	0.249132	0.192727	0.19492	0.19387	0.192775	0.228123	0.221333	0.319098	0.310874	0.322689	0.320749	0.335091	0.326964	0.31174	0.331167	0.331167	0.323128	0.25349	0.253214	0.226654	0.114486	0.112194	0.110927	0.116757	0.116853	0.153035	0.158955	0.156507	0.146026	0.138045	0.151278	0.151278	0.158052	0.15014	0.152407	0.161351	0.121758	0.115691	0.137493	0.148464	0.131539	0.150457	0.176655	0.182873	0.207242	0.117428	0.119932	0.121857	0.143411	0.110461	0.113809	0.11537	0.116064	0.105688	0.125805	0.13354
Limosa_lapponica	0.206028	0.242061	0.236833	0.246851	0.255343	0.245	0.245543	0.24274	0.259197	0.265137	0.263304	0.258341	0.253738	0.265491	0.257963	0.270748	0.26243	0.262516	0.242429	0.263941	0.278366	0.264608	0.268979	0.263374	0.26246	0.238002	0.271491	0.26998	0.264892	0.272067	0.264314	0.26646	0.298065	0.294882	0.275987	0.266876	0.258087	0.272609	0.282816	0.264934	0.262439	0.254242	0.269102	0.283435	0.29468	0.265723	0.287395	0.268063	0.265304	0.261889	0.258942	0.24644	0.256404	0.264222	0.251196	0.262472	0.244528	0.240194	0.268371	0.247577	0.242839	0.246868	0.257152	0.255658	0.259596	0.261156	0.266023	0.272035	0.265734	0.257963	0.258485	0.258275	0.262663	0.258687	0.258559	0.306088	0.26667	0.268044	0.242619	0.25561	0.270379	0.253234	0.236724	0.242603	0.24164	0.226498	0.230766	0.225056	0.218235	0.229126	0.248883	0.231815	0.235406	0.230895	0.228491	0.227287	0.245731	0.222591	0.226758	0.241433	0.240629	0.231434	0.233967	0.222283	0.237903	0.214509	0.231292	0.230851	0.239525	0.232977	0.228027	0.234611	0.215797	0.229218	0.22438	0.2395	0.222062	0.230135	0.24112	0.22281	0.213135	0.230006	0.250265	0.250052	0.230982	0.230172	0.239198	0.220853	0.214898	0.209444	0.227821	0.232367	0.238908	0.247684	0.244191	0.237639	0.226495	0.240412	0.230003	0.2438	0.239968	0.229545	0.233878	0.227974	0.249537	0.23431	0.219162	0.21661	0.22559	0.218507	0.182154	0.206334	0.199975	0.215194	0.269108	0.252472	0.202869	0.222819	0.206059	0.192872	0.205021	0.138733	0.14251	0.162701	0.158569	0.158067	0.166199	0.167343	0.173462	0.12167	0.203487	0.191608	0.194484	0.224113	0.15111	0.149978	0.127831	0.130206	0.142631	0.183898	0.163296	0.292715	0.187089	0.188139	0.200533	0.190776	0.167676	0.177162	0.156706	0.154119	0.18438	0.179449	0.218743	0.231907	0.24342	0.250521	0.244868	0.225765	0.120582	0.120573	0.124087	0.131219	0.20438	0.200941	0.189702	0.175111	0.176106	0.165688	0.151346	0.151548	0.153547	0.158059	0.124685	0.122766	0.114241	0.120285	0.119145	0.124621	0.147173	0.150562	0.102186	0.0998651	0.107648	0.109003	0.0965214	0.110013	0.112558	0.105594	0.114848	0.104517	0.0987931	0.117109	0.119441	0.254108	0.0656699	0.0516679	0	0.13101	0.127381	0.138225	0.132575	0.121811	0.110862	0.12069	0.131992	0.103221	0.105449	0.103367	0.105904	0.13205	0.142151	0.131092	0.155495	0.145587	0.161364	0.126009	0.106723	0.151041	0.147122	0.269106	0.338629	0.349977	0.329591	0.415448	0.311236	0.315414	0.325458	0.320039	0.285914	0.249498	0.263977	0.262832	0.278823	0.284833	0.24903	0.192625	0.194819	0.193769	0.192674	0.228021	0.221231	0.318997	0.310772	0.322588	0.320648	0.334989	0.326862	0.311638	0.331065	0.331065	0.323026	0.253389	0.253113	0.226552	0.114385	0.112093	0.110826	0.116655	0.116752	0.152933	0.158854	0.156406	0.145925	0.137943	0.151176	0.151176	0.157951	0.150039	0.152306	0.161249	0.121657	0.115589	0.137392	0.148363	0.131438	0.150356	0.176553	0.182772	0.207141	0.117326	0.119831	0.121755	0.14331	0.110359	0.113707	0.115268	0.115962	0.105586	0.125703	0.133439
Jacana_jacana	0.259823	0.295856	0.290628	0.300645	0.309138	0.298794	0.299337	0.296534	0.312992	0.318932	0.317098	0.312136	0.307533	0.319286	0.311757	0.324543	0.316224	0.31631	0.296223	0.317736	0.332161	0.318402	0.322773	0.317168	0.316255	0.291796	0.325286	0.323775	0.318686	0.325862	0.318109	0.320254	0.35186	0.348676	0.329782	0.32067	0.311881	0.326404	0.336611	0.318728	0.316234	0.308036	0.322896	0.33723	0.348475	0.319518	0.34119	0.321857	0.319099	0.315683	0.312737	0.300234	0.310199	0.318017	0.304991	0.316267	0.298322	0.293988	0.322166	0.301371	0.296634	0.300662	0.310947	0.309453	0.31339	0.314951	0.319817	0.325829	0.319529	0.311758	0.312279	0.31207	0.316458	0.312482	0.312353	0.359882	0.320465	0.321838	0.296413	0.309405	0.324174	0.307029	0.290519	0.296398	0.295435	0.280293	0.284561	0.27885	0.27203	0.282921	0.302677	0.285609	0.289201	0.28469	0.282286	0.281082	0.299525	0.276386	0.280553	0.295228	0.294424	0.285229	0.287762	0.276078	0.291698	0.268303	0.285087	0.284646	0.29332	0.286772	0.281821	0.288406	0.269591	0.283013	0.278175	0.293295	0.275856	0.28393	0.294915	0.276604	0.26693	0.283801	0.30406	0.303846	0.284776	0.283966	0.292993	0.274648	0.268692	0.263239	0.281616	0.286162	0.292703	0.301479	0.297986	0.291434	0.280289	0.294206	0.283797	0.297594	0.293763	0.283339	0.287672	0.281769	0.303332	0.288105	0.272957	0.270405	0.279385	0.272302	0.235949	0.260128	0.25377	0.268989	0.322903	0.306266	0.256664	0.276613	0.259853	0.246667	0.258816	0.192528	0.196305	0.216496	0.212363	0.211861	0.219994	0.221138	0.227257	0.175465	0.257282	0.245402	0.248279	0.277908	0.204905	0.203773	0.181626	0.184001	0.196425	0.237693	0.217091	0.346509	0.240884	0.241933	0.254327	0.24457	0.221471	0.230956	0.2105	0.207914	0.238174	0.233244	0.272538	0.285702	0.297214	0.304316	0.298663	0.27956	0.174376	0.174368	0.177881	0.185014	0.258175	0.254736	0.243497	0.228905	0.2299	0.219482	0.20514	0.205342	0.207341	0.211854	0.17848	0.17656	0.168036	0.17408	0.17294	0.178416	0.200968	0.204357	0.155981	0.15366	0.161443	0.162798	0.150316	0.163807	0.166352	0.159388	0.168642	0.158312	0.152588	0.170904	0.173235	0.307902	0.145114	0.131112	0.13101	0	0.106703	0.117546	0.146695	0.135931	0.164657	0.174485	0.185786	0.157016	0.159244	0.157161	0.159698	0.185845	0.195946	0.184887	0.20929	0.199382	0.215158	0.179803	0.160518	0.204835	0.200917	0.322901	0.392423	0.403771	0.383386	0.469242	0.365031	0.369209	0.379253	0.373834	0.339709	0.303293	0.317772	0.316627	0.332618	0.338628	0.302825	0.24642	0.248613	0.247564	0.246469	0.281816	0.275026	0.372791	0.364567	0.376382	0.374442	0.388784	0.380657	0.365433	0.38486	0.38486	0.376821	0.307184	0.306908	0.280347	0.168179	0.165888	0.16462	0.17045	0.170546	0.206728	0.212648	0.2102	0.199719	0.191738	0.204971	0.204971	0.211746	0.203833	0.2061	0.215044	0.175452	0.169384	0.191186	0.202157	0.185233	0.20415	0.230348	0.236567	0.260935	0.171121	0.173626	0.17555	0.197105	0.164154	0.167502	0.169063	0.169757	0.159381	0.179498	0.187233
Nycticryphes_semicollaris	0.256194	0.292226	0.286999	0.297016	0.305509	0.295165	0.295708	0.292905	0.309362	0.315302	0.313469	0.308506	0.303904	0.315656	0.308128	0.320913	0.312595	0.312681	0.292594	0.314107	0.328532	0.314773	0.319144	0.313539	0.312626	0.288167	0.321656	0.320145	0.315057	0.322232	0.31448	0.316625	0.348231	0.345047	0.326153	0.317041	0.308252	0.322775	0.332981	0.315099	0.312604	0.304407	0.319267	0.333601	0.344845	0.315889	0.337561	0.318228	0.31547	0.312054	0.309107	0.296605	0.306569	0.314387	0.301362	0.312637	0.294693	0.290359	0.318536	0.297742	0.293004	0.297033	0.307318	0.305823	0.309761	0.311321	0.316188	0.3222	0.3159	0.308129	0.30865	0.30844	0.312828	0.308853	0.308724	0.356253	0.316836	0.318209	0.292784	0.305775	0.320545	0.3034	0.28689	0.292769	0.291806	0.276664	0.280931	0.275221	0.268401	0.279291	0.299048	0.28198	0.285571	0.281061	0.278657	0.277453	0.295896	0.272756	0.276924	0.291599	0.290795	0.2816	0.284132	0.272448	0.288069	0.264674	0.281457	0.281016	0.289691	0.283143	0.278192	0.284776	0.265962	0.279383	0.274546	0.289665	0.272227	0.2803	0.291286	0.272975	0.2633	0.280171	0.300431	0.300217	0.281147	0.280337	0.289363	0.271019	0.265063	0.25961	0.277987	0.282533	0.289073	0.29785	0.294356	0.287805	0.27666	0.290577	0.280168	0.293965	0.290133	0.27971	0.284043	0.278139	0.299703	0.284476	0.269327	0.266776	0.275755	0.268672	0.232319	0.256499	0.250141	0.265359	0.319274	0.302637	0.253034	0.272984	0.256224	0.243037	0.255186	0.188898	0.192676	0.212867	0.208734	0.208232	0.216365	0.217509	0.223628	0.171836	0.253653	0.241773	0.24465	0.274278	0.201276	0.200143	0.177997	0.180371	0.192796	0.234063	0.213462	0.34288	0.237254	0.238304	0.250698	0.240941	0.217841	0.227327	0.206871	0.204284	0.234545	0.229615	0.268908	0.282073	0.293585	0.300686	0.295033	0.27593	0.170747	0.170739	0.174252	0.181384	0.254545	0.251106	0.239868	0.225276	0.226271	0.215853	0.201511	0.201713	0.203712	0.208224	0.17485	0.172931	0.164406	0.17045	0.16931	0.174786	0.197339	0.200727	0.152351	0.15003	0.157813	0.159168	0.146687	0.160178	0.162723	0.155759	0.165013	0.154682	0.148958	0.167274	0.169606	0.304273	0.141484	0.127482	0.127381	0.106703	0	0.0683464	0.143066	0.132302	0.161028	0.170856	0.182157	0.153386	0.155615	0.153532	0.156069	0.182215	0.192316	0.181258	0.20566	0.195752	0.211529	0.176174	0.156888	0.201206	0.197287	0.319272	0.388794	0.400142	0.379756	0.465613	0.361401	0.36558	0.375624	0.370204	0.336079	0.299664	0.314143	0.312997	0.328988	0.334999	0.299196	0.242791	0.244984	0.243934	0.242839	0.278187	0.271396	0.369162	0.360938	0.372753	0.370813	0.385155	0.377028	0.361803	0.381231	0.381231	0.373192	0.303554	0.303278	0.276718	0.16455	0.162258	0.160991	0.166821	0.166917	0.203098	0.209019	0.206571	0.19609	0.188109	0.201342	0.201342	0.208116	0.200204	0.202471	0.211414	0.171822	0.165754	0.187557	0.198528	0.181603	0.200521	0.226719	0.232937	0.257306	0.167492	0.169996	0.171921	0.193475	0.160524	0.163873	0.165434	0.166128	0.155752	0.175869	0.183604
Rostratula_benghalensis	0.267037	0.30307	0.297842	0.307859	0.316352	0.306008	0.306552	0.303749	0.320206	0.326146	0.324312	0.31935	0.314747	0.3265	0.318971	0.331757	0.323438	0.323524	0.303438	0.32495	0.339375	0.325616	0.329987	0.324382	0.323469	0.29901	0.3325	0.330989	0.3259	0.333076	0.325323	0.327469	0.359074	0.355891	0.336996	0.327884	0.319095	0.333618	0.343825	0.325943	0.323448	0.31525	0.330111	0.344444	0.355689	0.326732	0.348404	0.329071	0.326313	0.322897	0.319951	0.307448	0.317413	0.325231	0.312205	0.323481	0.305536	0.301203	0.32938	0.308585	0.303848	0.307876	0.318161	0.316667	0.320605	0.322165	0.327032	0.333044	0.326743	0.318972	0.319494	0.319284	0.323672	0.319696	0.319567	0.367097	0.327679	0.329052	0.303627	0.316619	0.331388	0.314243	0.297733	0.303612	0.302649	0.287507	0.291775	0.286064	0.279244	0.290135	0.309892	0.292824	0.296415	0.291904	0.2895	0.288296	0.306739	0.2836	0.287767	0.302442	0.301638	0.292443	0.294976	0.283292	0.298912	0.275517	0.292301	0.29186	0.300534	0.293986	0.289035	0.29562	0.276805	0.290227	0.285389	0.300509	0.283071	0.291144	0.302129	0.283819	0.274144	0.291015	0.311274	0.311061	0.291991	0.291181	0.300207	0.281862	0.275907	0.270453	0.28883	0.293376	0.299917	0.308693	0.3052	0.298648	0.287503	0.301421	0.291012	0.304809	0.300977	0.290553	0.294886	0.288983	0.310546	0.295319	0.280171	0.277619	0.286599	0.279516	0.243163	0.267343	0.260984	0.276203	0.330117	0.31348	0.263878	0.283827	0.267067	0.253881	0.26603	0.199742	0.203519	0.22371	0.219577	0.219075	0.227208	0.228352	0.234471	0.182679	0.264496	0.252616	0.255493	0.285122	0.212119	0.210987	0.18884	0.191215	0.20364	0.244907	0.224305	0.353723	0.248098	0.249147	0.261541	0.251785	0.228685	0.238171	0.217714	0.215128	0.245388	0.240458	0.279752	0.292916	0.304428	0.31153	0.305877	0.286774	0.18159	0.181582	0.185095	0.192228	0.265389	0.26195	0.250711	0.23612	0.237114	0.226696	0.212354	0.212556	0.214556	0.219068	0.185694	0.183775	0.17525	0.181294	0.180154	0.18563	0.208182	0.211571	0.163195	0.160874	0.168657	0.170012	0.15753	0.171021	0.173567	0.166603	0.175857	0.165526	0.159802	0.178118	0.18045	0.315117	0.152328	0.138326	0.138225	0.117546	0.0683464	0	0.153909	0.143145	0.171871	0.181699	0.193001	0.16423	0.166458	0.164376	0.166912	0.193059	0.20316	0.192101	0.216504	0.206596	0.222372	0.187017	0.167732	0.212049	0.208131	0.330115	0.399638	0.410985	0.3906	0.476456	0.372245	0.376423	0.386467	0.381048	0.346923	0.310507	0.324986	0.323841	0.339832	0.345842	0.310039	0.253634	0.255827	0.254778	0.253683	0.28903	0.28224	0.380005	0.371781	0.383596	0.381657	0.395998	0.387871	0.372647	0.392074	0.392074	0.384035	0.314398	0.314122	0.287561	0.175394	0.173102	0.171834	0.177664	0.177761	0.213942	0.219862	0.217414	0.206934	0.198952	0.212185	0.212185	0.21896	0.211047	0.213314	0.222258	0.182666	0.176598	0.198401	0.209372	0.192447	0.211365	0.237562	0.243781	0.268149	0.178335	0.18084	0.182764	0.204319	0.171368	0.174716	0.176277	0.176971	0.166595	0.186712	0.194447
Pedionomus_torquatus	0.261388	0.29742	0.292192	0.30221	0.310703	0.300359	0.300902	0.298099	0.314556	0.320496	0.318663	0.3137	0.309097	0.32085	0.313322	0.326107	0.317789	0.317875	0.297788	0.3193	0.333725	0.319967	0.324338	0.318733	0.31782	0.293361	0.32685	0.325339	0.320251	0.327426	0.319674	0.321819	0.353425	0.350241	0.331347	0.322235	0.313446	0.327969	0.338175	0.320293	0.317798	0.309601	0.324461	0.338794	0.350039	0.321082	0.342754	0.323422	0.320663	0.317248	0.314301	0.301799	0.311763	0.319581	0.306555	0.317831	0.299887	0.295553	0.32373	0.302936	0.298198	0.302227	0.312511	0.311017	0.314955	0.316515	0.321382	0.327394	0.321093	0.313322	0.313844	0.313634	0.318022	0.314046	0.313918	0.361447	0.322029	0.323403	0.297978	0.310969	0.325738	0.308593	0.292083	0.297962	0.296999	0.281857	0.286125	0.280415	0.273594	0.284485	0.304242	0.287174	0.290765	0.286255	0.28385	0.282646	0.30109	0.27795	0.282117	0.296792	0.295988	0.286793	0.289326	0.277642	0.293262	0.269868	0.286651	0.28621	0.294884	0.288337	0.283386	0.28997	0.271156	0.284577	0.279739	0.294859	0.277421	0.285494	0.29648	0.278169	0.268494	0.285365	0.305624	0.305411	0.286341	0.285531	0.294557	0.276213	0.270257	0.264804	0.283181	0.287726	0.294267	0.303043	0.29955	0.292998	0.281854	0.295771	0.285362	0.299159	0.295327	0.284904	0.289237	0.283333	0.304897	0.289669	0.274521	0.271969	0.280949	0.273866	0.237513	0.261693	0.255335	0.270553	0.324467	0.307831	0.258228	0.278178	0.261418	0.248231	0.26038	0.194092	0.197869	0.21806	0.213928	0.213426	0.221558	0.222702	0.228821	0.177029	0.258846	0.246967	0.249844	0.279472	0.206469	0.205337	0.18319	0.185565	0.19799	0.239257	0.218655	0.348074	0.242448	0.243498	0.255892	0.246135	0.223035	0.232521	0.212065	0.209478	0.239739	0.234808	0.274102	0.287266	0.298779	0.30588	0.300227	0.281124	0.175941	0.175933	0.179446	0.186578	0.259739	0.2563	0.245061	0.23047	0.231465	0.221047	0.206705	0.206907	0.208906	0.213418	0.180044	0.178125	0.1696	0.175644	0.174504	0.17998	0.202532	0.205921	0.157545	0.155224	0.163007	0.164362	0.151881	0.165372	0.167917	0.160953	0.170207	0.159876	0.154152	0.172468	0.1748	0.309467	0.146678	0.132676	0.132575	0.146695	0.143066	0.153909	0	0.0987813	0.166221	0.176049	0.187351	0.15858	0.160808	0.158726	0.161263	0.187409	0.19751	0.186451	0.210854	0.200946	0.216723	0.181368	0.162082	0.2064	0.202481	0.324465	0.393988	0.405336	0.38495	0.470807	0.366595	0.370773	0.380817	0.375398	0.341273	0.304857	0.319336	0.318191	0.334182	0.340192	0.304389	0.247984	0.250178	0.249128	0.248033	0.28338	0.27659	0.374356	0.366132	0.377947	0.376007	0.390348	0.382221	0.366997	0.386424	0.386424	0.378385	0.308748	0.308472	0.281911	0.169744	0.167452	0.166185	0.172014	0.172111	0.208292	0.214213	0.211765	0.201284	0.193302	0.206535	0.206535	0.21331	0.205398	0.207665	0.216608	0.177016	0.170948	0.192751	0.203722	0.186797	0.205715	0.231912	0.238131	0.2625	0.172685	0.17519	0.177114	0.198669	0.165718	0.169066	0.170628	0.171321	0.160945	0.181063	0.188798
Thinocorus_orbignyianus	0.250624	0.286656	0.281428	0.291446	0.299939	0.289595	0.290138	0.287335	0.303792	0.309732	0.307899	0.302936	0.298334	0.310086	0.302558	0.315343	0.307025	0.307111	0.287024	0.308536	0.322962	0.309203	0.313574	0.307969	0.307056	0.282597	0.316086	0.314575	0.309487	0.316662	0.30891	0.311055	0.342661	0.339477	0.320583	0.311471	0.302682	0.317205	0.327411	0.309529	0.307034	0.298837	0.313697	0.32803	0.339275	0.310319	0.33199	0.312658	0.3099	0.306484	0.303537	0.291035	0.300999	0.308817	0.295792	0.307067	0.289123	0.284789	0.312966	0.292172	0.287434	0.291463	0.301747	0.300253	0.304191	0.305751	0.310618	0.31663	0.31033	0.302558	0.30308	0.30287	0.307258	0.303283	0.303154	0.350683	0.311265	0.312639	0.287214	0.300205	0.314975	0.297829	0.281319	0.287198	0.286236	0.271093	0.275361	0.269651	0.262831	0.273721	0.293478	0.27641	0.280001	0.275491	0.273087	0.271882	0.290326	0.267186	0.271354	0.286028	0.285225	0.276029	0.278562	0.266878	0.282498	0.259104	0.275887	0.275446	0.284121	0.277573	0.272622	0.279206	0.260392	0.273813	0.268975	0.284095	0.266657	0.27473	0.285716	0.267405	0.25773	0.274601	0.29486	0.294647	0.275577	0.274767	0.283793	0.265449	0.259493	0.25404	0.272417	0.276963	0.283503	0.29228	0.288786	0.282235	0.27109	0.285007	0.274598	0.288395	0.284563	0.27414	0.278473	0.272569	0.294133	0.278905	0.263757	0.261206	0.270185	0.263102	0.226749	0.250929	0.244571	0.259789	0.313704	0.297067	0.247464	0.267414	0.250654	0.237467	0.249616	0.183328	0.187105	0.207296	0.203164	0.202662	0.210794	0.211938	0.218058	0.166266	0.248082	0.236203	0.23908	0.268708	0.195706	0.194573	0.172426	0.174801	0.187226	0.228493	0.207891	0.33731	0.231684	0.232734	0.245128	0.235371	0.212271	0.221757	0.201301	0.198714	0.228975	0.224044	0.263338	0.276503	0.288015	0.295116	0.289463	0.27036	0.165177	0.165169	0.168682	0.175814	0.248975	0.245536	0.234297	0.219706	0.220701	0.210283	0.195941	0.196143	0.198142	0.202654	0.16928	0.167361	0.158836	0.16488	0.16374	0.169216	0.191768	0.195157	0.146781	0.14446	0.152243	0.153598	0.141117	0.154608	0.157153	0.150189	0.159443	0.149112	0.143388	0.161704	0.164036	0.298703	0.135914	0.121912	0.121811	0.135931	0.132302	0.143145	0.0987813	0	0.155457	0.165285	0.176587	0.147816	0.150044	0.147962	0.150499	0.176645	0.186746	0.175688	0.20009	0.190182	0.205959	0.170604	0.151318	0.195636	0.191717	0.313702	0.383224	0.394572	0.374186	0.460043	0.355831	0.360009	0.370054	0.364634	0.330509	0.294093	0.308573	0.307427	0.323418	0.329429	0.293626	0.23722	0.239414	0.238364	0.237269	0.272616	0.265826	0.363592	0.355368	0.367183	0.365243	0.379584	0.371457	0.356233	0.37566	0.37566	0.367622	0.297984	0.297708	0.271148	0.15898	0.156688	0.155421	0.161251	0.161347	0.197528	0.203449	0.201001	0.19052	0.182538	0.195772	0.195772	0.202546	0.194634	0.196901	0.205844	0.166252	0.160184	0.181987	0.192958	0.176033	0.194951	0.221148	0.227367	0.251736	0.161921	0.164426	0.166351	0.187905	0.154954	0.158302	0.159864	0.160558	0.150182	0.170299	0.178034
Burhinus_bistriatus	0.191739	0.227771	0.222544	0.232561	0.241054	0.23071	0.231253	0.22845	0.244907	0.250847	0.249014	0.244051	0.239449	0.251202	0.243673	0.256459	0.24814	0.248226	0.228139	0.249652	0.264077	0.250318	0.254689	0.249084	0.248171	0.223712	0.257202	0.25569	0.250602	0.257778	0.250025	0.25217	0.283776	0.280592	0.261698	0.252586	0.243797	0.25832	0.268527	0.250644	0.248149	0.239952	0.254812	0.269146	0.280391	0.251434	0.273106	0.253773	0.251015	0.247599	0.244653	0.23215	0.242115	0.249933	0.236907	0.248183	0.230238	0.225904	0.254081	0.233287	0.228549	0.232578	0.242863	0.241369	0.245306	0.246867	0.251733	0.257745	0.251445	0.243674	0.244195	0.243985	0.248374	0.244398	0.244269	0.291798	0.252381	0.253754	0.228329	0.24132	0.25609	0.238945	0.222435	0.228314	0.227351	0.212209	0.216477	0.210766	0.203946	0.214836	0.234593	0.217525	0.221117	0.216606	0.214202	0.212998	0.231441	0.208302	0.212469	0.227144	0.22634	0.217145	0.219677	0.207993	0.223614	0.200219	0.217002	0.216562	0.225236	0.218688	0.213737	0.220321	0.201507	0.214929	0.210091	0.22521	0.207772	0.215845	0.226831	0.20852	0.198845	0.215717	0.235976	0.235762	0.216692	0.215882	0.224909	0.206564	0.200608	0.195155	0.213532	0.218078	0.224619	0.233395	0.229902	0.22335	0.212205	0.226122	0.215713	0.22951	0.225678	0.215255	0.219588	0.213684	0.235248	0.220021	0.204873	0.202321	0.211301	0.204217	0.167865	0.192044	0.185686	0.200905	0.254819	0.238182	0.18858	0.208529	0.191769	0.178583	0.190732	0.124444	0.128221	0.148412	0.144279	0.143777	0.15191	0.153054	0.159173	0.107381	0.189198	0.177318	0.180195	0.209823	0.136821	0.135688	0.113542	0.115916	0.128341	0.169608	0.149007	0.278425	0.1728	0.173849	0.186243	0.176486	0.153387	0.162872	0.142416	0.139829	0.17009	0.16516	0.204454	0.217618	0.22913	0.236232	0.230578	0.211476	0.106292	0.106284	0.109797	0.11693	0.19009	0.186652	0.175413	0.160821	0.161816	0.151398	0.137056	0.137258	0.139257	0.14377	0.110395	0.108476	0.0999515	0.105995	0.104856	0.110332	0.132884	0.136272	0.100174	0.0978529	0.105636	0.106991	0.0945092	0.108	0.110546	0.103582	0.112836	0.102505	0.0967809	0.115097	0.117429	0.252095	0.124966	0.110964	0.110862	0.164657	0.161028	0.171871	0.166221	0.155457	0	0.0969261	0.108228	0.0889316	0.0911598	0.0890772	0.0916141	0.117761	0.127861	0.116803	0.141206	0.131297	0.147074	0.111719	0.0924335	0.136751	0.132833	0.254817	0.324339	0.335687	0.315301	0.401158	0.296946	0.301125	0.311169	0.30575	0.271625	0.235209	0.249688	0.248543	0.264533	0.270544	0.234741	0.178336	0.180529	0.17948	0.178384	0.213732	0.206942	0.304707	0.296483	0.308298	0.306358	0.3207	0.312573	0.297349	0.316776	0.316776	0.308737	0.239099	0.238823	0.212263	0.100095	0.0978035	0.0965362	0.102366	0.102462	0.138644	0.144564	0.142116	0.131635	0.123654	0.136887	0.136887	0.143661	0.135749	0.138016	0.14696	0.107368	0.1013	0.123102	0.134073	0.117148	0.136066	0.162264	0.168483	0.192851	0.103037	0.105541	0.107466	0.129021	0.0960696	0.0994178	0.100979	0.101673	0.0912969	0.111414	0.119149
Chionis_minor	0.201567	0.237599	0.232372	0.242389	0.250882	0.240538	0.241081	0.238278	0.254735	0.260675	0.258842	0.253879	0.249277	0.261029	0.253501	0.266287	0.257968	0.258054	0.237967	0.25948	0.273905	0.260146	0.264517	0.258912	0.257999	0.23354	0.267029	0.265518	0.26043	0.267606	0.259853	0.261998	0.293604	0.29042	0.271526	0.262414	0.253625	0.268148	0.278355	0.260472	0.257977	0.24978	0.26464	0.278974	0.290219	0.261262	0.282934	0.263601	0.260843	0.257427	0.25448	0.241978	0.251943	0.259761	0.246735	0.258011	0.240066	0.235732	0.263909	0.243115	0.238377	0.242406	0.252691	0.251197	0.255134	0.256695	0.261561	0.267573	0.261273	0.253502	0.254023	0.253813	0.258202	0.254226	0.254097	0.301626	0.262209	0.263582	0.238157	0.251148	0.265918	0.248773	0.232263	0.238142	0.237179	0.222037	0.226304	0.220594	0.213774	0.224664	0.244421	0.227353	0.230945	0.226434	0.22403	0.222826	0.241269	0.218129	0.222297	0.236972	0.236168	0.226973	0.229505	0.217821	0.233442	0.210047	0.22683	0.22639	0.235064	0.228516	0.223565	0.230149	0.211335	0.224757	0.219919	0.235038	0.2176	0.225673	0.236659	0.218348	0.208673	0.225545	0.245804	0.24559	0.22652	0.22571	0.234737	0.216392	0.210436	0.204983	0.22336	0.227906	0.234447	0.243223	0.23973	0.233178	0.222033	0.23595	0.225541	0.239338	0.235506	0.225083	0.229416	0.223512	0.245076	0.229849	0.2147	0.212149	0.221129	0.214045	0.177693	0.201872	0.195514	0.210733	0.264647	0.24801	0.198407	0.218357	0.201597	0.188411	0.20056	0.134272	0.138049	0.15824	0.154107	0.153605	0.161738	0.162882	0.169001	0.117209	0.199026	0.187146	0.190023	0.219651	0.146649	0.145516	0.12337	0.125744	0.138169	0.179436	0.158835	0.288253	0.182628	0.183677	0.196071	0.186314	0.163215	0.1727	0.152244	0.149657	0.179918	0.174988	0.214282	0.227446	0.238958	0.24606	0.240406	0.221304	0.11612	0.116112	0.119625	0.126757	0.199918	0.19648	0.185241	0.170649	0.171644	0.161226	0.146884	0.147086	0.149085	0.153598	0.120223	0.118304	0.109779	0.115823	0.114684	0.12016	0.142712	0.1461	0.110002	0.107681	0.115464	0.116819	0.104337	0.117828	0.120373	0.11341	0.122664	0.112333	0.106609	0.124925	0.127256	0.261923	0.134794	0.120792	0.12069	0.174485	0.170856	0.181699	0.176049	0.165285	0.0969261	0	0.0371636	0.0987595	0.100988	0.0989051	0.101442	0.127589	0.137689	0.126631	0.151034	0.141125	0.156902	0.121547	0.102261	0.146579	0.142661	0.264645	0.334167	0.345515	0.325129	0.410986	0.306774	0.310953	0.320997	0.315578	0.281453	0.245037	0.259516	0.258371	0.274361	0.280372	0.244569	0.188164	0.190357	0.189307	0.188212	0.22356	0.21677	0.314535	0.306311	0.318126	0.316186	0.330528	0.322401	0.307177	0.326604	0.326604	0.318565	0.248927	0.248651	0.222091	0.109923	0.107631	0.106364	0.112194	0.11229	0.148472	0.154392	0.151944	0.141463	0.133482	0.146715	0.146715	0.153489	0.145577	0.147844	0.156788	0.117196	0.111128	0.13293	0.143901	0.126976	0.145894	0.172092	0.178311	0.202679	0.112865	0.115369	0.117294	0.138848	0.105898	0.109246	0.110807	0.111501	0.101125	0.121242	0.128977
Pluvianellus_socialis	0.212869	0.248901	0.243673	0.253691	0.262184	0.25184	0.252383	0.24958	0.266037	0.271977	0.270144	0.265181	0.260578	0.272331	0.264803	0.277588	0.26927	0.269356	0.249269	0.270781	0.285206	0.271448	0.275819	0.270214	0.269301	0.244842	0.278331	0.27682	0.271732	0.278907	0.271154	0.2733	0.304905	0.301722	0.282828	0.273716	0.264927	0.27945	0.289656	0.271774	0.269279	0.261082	0.275942	0.290275	0.30152	0.272563	0.294235	0.274903	0.272144	0.268729	0.265782	0.25328	0.263244	0.271062	0.258036	0.269312	0.251368	0.247034	0.275211	0.254417	0.249679	0.253708	0.263992	0.262498	0.266436	0.267996	0.272863	0.278875	0.272574	0.264803	0.265325	0.265115	0.269503	0.265527	0.265399	0.312928	0.27351	0.274884	0.249459	0.26245	0.277219	0.260074	0.243564	0.249443	0.24848	0.233338	0.237606	0.231896	0.225075	0.235966	0.255723	0.238655	0.242246	0.237735	0.235331	0.234127	0.252571	0.229431	0.233598	0.248273	0.247469	0.238274	0.240807	0.229123	0.244743	0.221349	0.238132	0.237691	0.246365	0.239818	0.234867	0.241451	0.222637	0.236058	0.23122	0.24634	0.228902	0.236975	0.247961	0.22965	0.219975	0.236846	0.257105	0.256892	0.237822	0.237012	0.246038	0.227694	0.221738	0.216285	0.234662	0.239207	0.245748	0.254524	0.251031	0.244479	0.233335	0.247252	0.236843	0.25064	0.246808	0.236385	0.240718	0.234814	0.256378	0.24115	0.226002	0.22345	0.23243	0.225347	0.188994	0.213174	0.206816	0.222034	0.275948	0.259312	0.209709	0.229659	0.212899	0.199712	0.211861	0.145573	0.14935	0.169541	0.165409	0.164907	0.173039	0.174183	0.180302	0.12851	0.210327	0.198448	0.201325	0.230953	0.15795	0.156818	0.134671	0.137046	0.149471	0.190738	0.170136	0.299555	0.193929	0.194979	0.207373	0.197616	0.174516	0.184002	0.163546	0.160959	0.19122	0.186289	0.225583	0.238747	0.25026	0.257361	0.251708	0.232605	0.127422	0.127414	0.130927	0.138059	0.21122	0.207781	0.196542	0.181951	0.182946	0.172528	0.158186	0.158388	0.160387	0.164899	0.131525	0.129606	0.121081	0.127125	0.125985	0.131461	0.154013	0.157402	0.121304	0.118982	0.126765	0.12812	0.115639	0.12913	0.131675	0.124711	0.133965	0.123635	0.11791	0.136226	0.138558	0.273225	0.146095	0.132093	0.131992	0.185786	0.182157	0.193001	0.187351	0.176587	0.108228	0.0371636	0	0.110061	0.112289	0.110207	0.112744	0.13889	0.148991	0.137932	0.162335	0.152427	0.168204	0.132849	0.113563	0.157881	0.153962	0.275946	0.345469	0.356817	0.336431	0.422288	0.318076	0.322254	0.332298	0.326879	0.292754	0.256338	0.270817	0.269672	0.285663	0.291673	0.25587	0.199465	0.201659	0.200609	0.199514	0.234861	0.228071	0.325837	0.317613	0.329428	0.327488	0.341829	0.333702	0.318478	0.337905	0.337905	0.329866	0.260229	0.259953	0.233392	0.121225	0.118933	0.117666	0.123495	0.123592	0.159773	0.165694	0.163246	0.152765	0.144783	0.158016	0.158016	0.164791	0.156879	0.159146	0.168089	0.128497	0.122429	0.144232	0.155203	0.138278	0.157196	0.183393	0.189612	0.213981	0.124166	0.126671	0.128595	0.15015	0.117199	0.120547	0.122109	0.122802	0.112426	0.132544	0.140279
Charadrius_alexandrinus	0.184096	0.220128	0.2149	0.224918	0.233411	0.223067	0.22361	0.220807	0.237264	0.243204	0.241371	0.236408	0.231806	0.243558	0.23603	0.248815	0.240497	0.240583	0.220496	0.242009	0.256434	0.242675	0.247046	0.241441	0.240528	0.216069	0.249558	0.248047	0.242959	0.250134	0.242382	0.244527	0.276133	0.272949	0.254055	0.244943	0.236154	0.250677	0.260883	0.243001	0.240506	0.232309	0.247169	0.261503	0.272747	0.243791	0.265463	0.24613	0.243372	0.239956	0.237009	0.224507	0.234471	0.242289	0.229264	0.240539	0.222595	0.218261	0.246438	0.225644	0.220906	0.224935	0.23522	0.233725	0.237663	0.239223	0.24409	0.250102	0.243802	0.236031	0.236552	0.236342	0.24073	0.236755	0.236626	0.284155	0.244738	0.246111	0.220686	0.233677	0.248447	0.231302	0.214792	0.220671	0.219708	0.204566	0.208833	0.203123	0.196303	0.207193	0.22695	0.209882	0.213473	0.208963	0.206559	0.205355	0.223798	0.200658	0.204826	0.219501	0.218697	0.209501	0.212034	0.20035	0.215971	0.192576	0.209359	0.208918	0.217593	0.211045	0.206094	0.212678	0.193864	0.207285	0.202448	0.217567	0.200129	0.208202	0.219188	0.200877	0.191202	0.208073	0.228333	0.228119	0.209049	0.208239	0.217265	0.198921	0.192965	0.187512	0.205889	0.210435	0.216975	0.225752	0.222258	0.215707	0.204562	0.218479	0.20807	0.221867	0.218035	0.207612	0.211945	0.206041	0.227605	0.212378	0.197229	0.194678	0.203657	0.196574	0.160221	0.184401	0.178043	0.193261	0.247176	0.230539	0.180936	0.200886	0.184126	0.170939	0.183088	0.1168	0.120578	0.140769	0.136636	0.136134	0.144267	0.145411	0.15153	0.0997377	0.181555	0.169675	0.172552	0.20218	0.129178	0.128045	0.105899	0.108273	0.120698	0.161965	0.141364	0.270782	0.165156	0.166206	0.1786	0.168843	0.145743	0.155229	0.134773	0.132186	0.162447	0.157517	0.19681	0.209975	0.221487	0.228588	0.222935	0.203832	0.098649	0.0986407	0.102154	0.109286	0.182447	0.179008	0.16777	0.153178	0.154173	0.143755	0.129413	0.129615	0.131614	0.136126	0.102752	0.100833	0.0923083	0.0983522	0.0972124	0.102688	0.12524	0.128629	0.0925327	0.0902117	0.0979947	0.0993496	0.086868	0.100359	0.102904	0.0959404	0.105194	0.0948637	0.0891397	0.107456	0.109787	0.244454	0.117325	0.103322	0.103221	0.157016	0.153386	0.16423	0.15858	0.147816	0.0889316	0.0987595	0.110061	0	0.0436549	0.0594526	0.0619895	0.110117	0.120218	0.10916	0.133562	0.123654	0.139431	0.104076	0.0847903	0.129108	0.125189	0.247174	0.316696	0.328044	0.307658	0.393515	0.289303	0.293482	0.303526	0.298106	0.263981	0.227566	0.242045	0.240899	0.25689	0.262901	0.227098	0.170692	0.172886	0.171836	0.170741	0.206089	0.199298	0.297064	0.28884	0.300655	0.298715	0.313057	0.30493	0.289705	0.309133	0.309133	0.301094	0.231456	0.23118	0.20462	0.092452	0.0901603	0.088893	0.0947226	0.094819	0.131	0.136921	0.134473	0.123992	0.116011	0.129244	0.129244	0.136018	0.128106	0.130373	0.139316	0.0997244	0.0936564	0.115459	0.12643	0.109505	0.128423	0.154621	0.160839	0.185208	0.0953935	0.0978983	0.0998227	0.121377	0.0884264	0.0917746	0.0933358	0.0940297	0.0836537	0.103771	0.111506
Charadrius_vociferus	0.186324	0.222356	0.217129	0.227146	0.235639	0.225295	0.225838	0.223035	0.239492	0.245432	0.243599	0.238636	0.234034	0.245787	0.238258	0.251044	0.242725	0.242811	0.222724	0.244237	0.258662	0.244903	0.249274	0.243669	0.242756	0.218297	0.251787	0.250275	0.245187	0.252363	0.24461	0.246755	0.278361	0.275177	0.256283	0.247171	0.238382	0.252905	0.263112	0.245229	0.242734	0.234537	0.249397	0.263731	0.274976	0.246019	0.267691	0.248358	0.2456	0.242184	0.239238	0.226735	0.2367	0.244518	0.231492	0.242768	0.224823	0.220489	0.248666	0.227872	0.223134	0.227163	0.237448	0.235954	0.239891	0.241452	0.246318	0.25233	0.24603	0.238259	0.23878	0.23857	0.242959	0.238983	0.238854	0.286383	0.246966	0.248339	0.222914	0.235905	0.250675	0.23353	0.21702	0.222899	0.221936	0.206794	0.211062	0.205351	0.198531	0.209421	0.229178	0.21211	0.215702	0.211191	0.208787	0.207583	0.226026	0.202887	0.207054	0.221729	0.220925	0.21173	0.214262	0.202578	0.218199	0.194804	0.211587	0.211147	0.219821	0.213273	0.208322	0.214906	0.196092	0.209514	0.204676	0.219795	0.202357	0.21043	0.221416	0.203105	0.19343	0.210302	0.230561	0.230347	0.211277	0.210467	0.219494	0.201149	0.195193	0.18974	0.208117	0.212663	0.219204	0.22798	0.224487	0.217935	0.20679	0.220707	0.210298	0.224095	0.220263	0.20984	0.214173	0.208269	0.229833	0.214606	0.199458	0.196906	0.205886	0.198802	0.16245	0.186629	0.180271	0.19549	0.249404	0.232767	0.183165	0.203114	0.186354	0.173168	0.185317	0.119029	0.122806	0.142997	0.138864	0.138362	0.146495	0.147639	0.153758	0.101966	0.183783	0.171903	0.17478	0.204409	0.131406	0.130273	0.108127	0.110501	0.122926	0.164193	0.143592	0.27301	0.167385	0.168434	0.180828	0.171071	0.147972	0.157457	0.137001	0.134414	0.164675	0.159745	0.199039	0.212203	0.223715	0.230817	0.225163	0.206061	0.100877	0.100869	0.104382	0.111515	0.184675	0.181237	0.169998	0.155406	0.156401	0.145983	0.131641	0.131843	0.133842	0.138355	0.10498	0.103061	0.0945366	0.10058	0.0994406	0.104917	0.127469	0.130857	0.0947609	0.0924399	0.100223	0.101578	0.0890962	0.102587	0.105133	0.0981686	0.107423	0.0970919	0.0913679	0.109684	0.112016	0.246683	0.119553	0.105551	0.105449	0.159244	0.155615	0.166458	0.160808	0.150044	0.0911598	0.100988	0.112289	0.0436549	0	0.0616808	0.0642177	0.112346	0.122446	0.111388	0.135791	0.125882	0.141659	0.106304	0.0870185	0.131336	0.127418	0.249402	0.318924	0.330272	0.309886	0.395743	0.291531	0.29571	0.305754	0.300335	0.26621	0.229794	0.244273	0.243128	0.259118	0.265129	0.229326	0.172921	0.175114	0.174065	0.172969	0.208317	0.201527	0.299292	0.291068	0.302883	0.300943	0.315285	0.307158	0.291934	0.311361	0.311361	0.303322	0.233684	0.233408	0.206848	0.0946802	0.0923885	0.0911212	0.0969508	0.0970472	0.133229	0.139149	0.136701	0.12622	0.118239	0.131472	0.131472	0.138246	0.130334	0.132601	0.141545	0.101953	0.0958846	0.117687	0.128658	0.111733	0.130651	0.156849	0.163068	0.187436	0.0976218	0.100126	0.102051	0.123606	0.0906547	0.0940028	0.095564	0.0962579	0.0858819	0.105999	0.113734
Himantopus_himantopus	0.184241	0.220274	0.215046	0.225064	0.233556	0.223213	0.223756	0.220953	0.23741	0.24335	0.241516	0.236554	0.231951	0.243704	0.236175	0.248961	0.240643	0.240729	0.220642	0.242154	0.256579	0.242821	0.247192	0.241586	0.240673	0.216214	0.249704	0.248193	0.243105	0.25028	0.242527	0.244673	0.276278	0.273095	0.2542	0.245089	0.2363	0.250822	0.261029	0.243147	0.240652	0.232455	0.247315	0.261648	0.272893	0.243936	0.265608	0.246276	0.243517	0.240102	0.237155	0.224653	0.234617	0.242435	0.229409	0.240685	0.222741	0.218407	0.246584	0.225789	0.221052	0.22508	0.235365	0.233871	0.237809	0.239369	0.244236	0.250248	0.243947	0.236176	0.236698	0.236488	0.240876	0.2369	0.236772	0.284301	0.244883	0.246257	0.220832	0.233823	0.248592	0.231447	0.214937	0.220816	0.219853	0.204711	0.208979	0.203268	0.196448	0.207339	0.227096	0.210028	0.213619	0.209108	0.206704	0.2055	0.223944	0.200804	0.204971	0.219646	0.218842	0.209647	0.21218	0.200496	0.216116	0.192721	0.209505	0.209064	0.217738	0.21119	0.206239	0.212824	0.19401	0.207431	0.202593	0.217713	0.200275	0.208348	0.219333	0.201023	0.191348	0.208219	0.228478	0.228265	0.209195	0.208385	0.217411	0.199066	0.193111	0.187657	0.206034	0.21058	0.217121	0.225897	0.222404	0.215852	0.204708	0.218625	0.208216	0.222013	0.218181	0.207758	0.21209	0.206187	0.22775	0.212523	0.197375	0.194823	0.203803	0.19672	0.160367	0.184547	0.178188	0.193407	0.247321	0.230684	0.181082	0.201032	0.184271	0.171085	0.183234	0.116946	0.120723	0.140914	0.136782	0.13628	0.144412	0.145556	0.151675	0.0998833	0.1817	0.169821	0.172697	0.202326	0.129323	0.128191	0.106044	0.108419	0.120844	0.162111	0.141509	0.270928	0.165302	0.166351	0.178746	0.168989	0.145889	0.155375	0.134918	0.132332	0.162592	0.157662	0.196956	0.21012	0.221633	0.228734	0.223081	0.203978	0.0987946	0.0987864	0.1023	0.109432	0.182593	0.179154	0.167915	0.153324	0.154318	0.143901	0.129559	0.12976	0.13176	0.136272	0.102898	0.100979	0.092454	0.0984978	0.097358	0.102834	0.125386	0.128775	0.0926783	0.0903573	0.0981403	0.0994952	0.0870136	0.100505	0.10305	0.096086	0.10534	0.0950094	0.0892853	0.107601	0.109933	0.2446	0.11747	0.103468	0.103367	0.157161	0.153532	0.164376	0.158726	0.147962	0.0890772	0.0989051	0.110207	0.0594526	0.0616808	0	0.0387958	0.110263	0.120364	0.109305	0.133708	0.1238	0.139576	0.104221	0.0849359	0.129253	0.125335	0.247319	0.316842	0.32819	0.307804	0.39366	0.289449	0.293627	0.303671	0.298252	0.264127	0.227711	0.24219	0.241045	0.257036	0.263046	0.227243	0.170838	0.173032	0.171982	0.170887	0.206234	0.199444	0.297209	0.288985	0.3008	0.298861	0.313202	0.305075	0.289851	0.309278	0.309278	0.301239	0.231602	0.231326	0.204765	0.0925977	0.0903059	0.0890386	0.0948682	0.0949646	0.131146	0.137066	0.134618	0.124138	0.116156	0.129389	0.129389	0.136164	0.128252	0.130518	0.139462	0.09987	0.093802	0.115605	0.126576	0.109651	0.128569	0.154766	0.160985	0.185354	0.0955392	0.0980439	0.0999683	0.121523	0.0885721	0.0919202	0.0934814	0.0941753	0.0837993	0.103916	0.111651
Ibidorhyncha_struthersii	0.186778	0.222811	0.217583	0.2276	0.236093	0.225749	0.226293	0.22349	0.239947	0.245887	0.244053	0.239091	0.234488	0.246241	0.238712	0.251498	0.243179	0.243266	0.223179	0.244691	0.259116	0.245357	0.249728	0.244123	0.24321	0.218751	0.252241	0.25073	0.245642	0.252817	0.245064	0.24721	0.278815	0.275632	0.256737	0.247625	0.238836	0.253359	0.263566	0.245684	0.243189	0.234991	0.249852	0.264185	0.27543	0.246473	0.268145	0.248812	0.246054	0.242638	0.239692	0.227189	0.237154	0.244972	0.231946	0.243222	0.225277	0.220944	0.249121	0.228326	0.223589	0.227617	0.237902	0.236408	0.240346	0.241906	0.246773	0.252785	0.246484	0.238713	0.239235	0.239025	0.243413	0.239437	0.239308	0.286838	0.24742	0.248793	0.223368	0.23636	0.251129	0.233984	0.217474	0.223353	0.22239	0.207248	0.211516	0.205805	0.198985	0.209876	0.229633	0.212565	0.216156	0.211645	0.209241	0.208037	0.22648	0.203341	0.207508	0.222183	0.221379	0.212184	0.214717	0.203033	0.218653	0.195258	0.212042	0.211601	0.220275	0.213727	0.208776	0.215361	0.196546	0.209968	0.20513	0.22025	0.202812	0.210885	0.22187	0.20356	0.193885	0.210756	0.231015	0.230802	0.211732	0.210922	0.219948	0.201603	0.195648	0.190194	0.208571	0.213117	0.219658	0.228434	0.224941	0.218389	0.207244	0.221162	0.210753	0.22455	0.220718	0.210294	0.214627	0.208724	0.230287	0.21506	0.199912	0.19736	0.20634	0.199257	0.162904	0.187084	0.180725	0.195944	0.249858	0.233221	0.183619	0.203568	0.186808	0.173622	0.185771	0.119483	0.12326	0.143451	0.139318	0.138816	0.146949	0.148093	0.154212	0.10242	0.184237	0.172357	0.175234	0.204863	0.13186	0.130728	0.108581	0.110956	0.123381	0.164648	0.144046	0.273464	0.167839	0.168888	0.181282	0.171526	0.148426	0.157912	0.137455	0.134869	0.165129	0.160199	0.199493	0.212657	0.224169	0.231271	0.225618	0.206515	0.101331	0.101323	0.104837	0.111969	0.18513	0.181691	0.170452	0.155861	0.156855	0.146438	0.132095	0.132297	0.134297	0.138809	0.105435	0.103516	0.0949909	0.101035	0.0998949	0.105371	0.127923	0.131312	0.0952153	0.0928942	0.100677	0.102032	0.0895505	0.103042	0.105587	0.098623	0.107877	0.0975463	0.0918222	0.110138	0.11247	0.247137	0.120007	0.106005	0.105904	0.159698	0.156069	0.166912	0.161263	0.150499	0.0916141	0.101442	0.112744	0.0619895	0.0642177	0.0387958	0	0.1128	0.122901	0.111842	0.136245	0.126337	0.142113	0.106758	0.0874728	0.13179	0.127872	0.249856	0.319379	0.330726	0.310341	0.396197	0.291986	0.296164	0.306208	0.300789	0.266664	0.230248	0.244727	0.243582	0.259573	0.265583	0.22978	0.173375	0.175568	0.174519	0.173424	0.208771	0.201981	0.299746	0.291522	0.303337	0.301398	0.315739	0.307612	0.292388	0.311815	0.311815	0.303776	0.234139	0.233863	0.207302	0.0951346	0.0928428	0.0915755	0.0974051	0.0975016	0.133683	0.139603	0.137155	0.126675	0.118693	0.131926	0.131926	0.138701	0.130788	0.133055	0.141999	0.102407	0.0963389	0.118142	0.129113	0.112188	0.131106	0.157303	0.163522	0.18789	0.0980761	0.100581	0.102505	0.12406	0.091109	0.0944571	0.0960183	0.0967122	0.0863362	0.106453	0.114188
Alopecoenas_beccarii	0.194971	0.231003	0.225776	0.235793	0.244286	0.233942	0.234485	0.231682	0.248139	0.254079	0.252246	0.247283	0.242681	0.254433	0.246905	0.25969	0.251372	0.251458	0.231371	0.252884	0.267309	0.25355	0.257921	0.252316	0.251403	0.226944	0.260433	0.258922	0.253834	0.261009	0.253257	0.255402	0.287008	0.283824	0.26493	0.255818	0.247029	0.261552	0.271759	0.253876	0.251381	0.243184	0.258044	0.272378	0.283623	0.254666	0.276338	0.257005	0.254247	0.250831	0.247884	0.235382	0.245347	0.253165	0.240139	0.251415	0.23347	0.229136	0.257313	0.236519	0.231781	0.23581	0.246095	0.2446	0.248538	0.250099	0.254965	0.260977	0.254677	0.246906	0.247427	0.247217	0.251606	0.24763	0.247501	0.29503	0.255613	0.256986	0.231561	0.244552	0.259322	0.242177	0.225667	0.231546	0.230583	0.215441	0.219708	0.213998	0.207178	0.218068	0.237825	0.220757	0.224349	0.219838	0.217434	0.21623	0.234673	0.211533	0.215701	0.230376	0.229572	0.220377	0.222909	0.211225	0.226846	0.203451	0.220234	0.219794	0.228468	0.22192	0.216969	0.223553	0.204739	0.21816	0.213323	0.228442	0.211004	0.219077	0.230063	0.211752	0.202077	0.218949	0.239208	0.238994	0.219924	0.219114	0.228141	0.209796	0.20384	0.198387	0.216764	0.22131	0.22785	0.236627	0.233134	0.226582	0.215437	0.229354	0.218945	0.232742	0.22891	0.218487	0.22282	0.216916	0.23848	0.223253	0.208104	0.205553	0.214533	0.207449	0.171096	0.195276	0.188918	0.204136	0.258051	0.241414	0.191811	0.211761	0.195001	0.181815	0.193964	0.127676	0.131453	0.151644	0.147511	0.147009	0.155142	0.156286	0.162405	0.110613	0.19243	0.18055	0.183427	0.213055	0.140053	0.13892	0.116774	0.119148	0.131573	0.17284	0.152239	0.281657	0.176031	0.177081	0.189475	0.179718	0.156619	0.166104	0.145648	0.143061	0.173322	0.168392	0.207686	0.22085	0.232362	0.239464	0.23381	0.214708	0.109524	0.109516	0.113029	0.120161	0.193322	0.189884	0.178645	0.164053	0.165048	0.15463	0.140288	0.14049	0.142489	0.147002	0.113627	0.111708	0.103183	0.109227	0.108087	0.113564	0.136116	0.139504	0.121362	0.119041	0.126824	0.128179	0.115697	0.129188	0.131733	0.12477	0.134024	0.123693	0.117969	0.136285	0.138616	0.273283	0.146154	0.132152	0.13205	0.185845	0.182215	0.193059	0.187409	0.176645	0.117761	0.127589	0.13889	0.110117	0.112346	0.110263	0.1128	0	0.0540556	0.0458936	0.0702985	0.0603903	0.14566	0.114256	0.0956654	0.139983	0.136065	0.258049	0.327571	0.338919	0.318533	0.40439	0.300178	0.304357	0.314401	0.308982	0.274857	0.238441	0.25292	0.251774	0.267765	0.273776	0.237973	0.181568	0.183761	0.182711	0.181616	0.216964	0.210174	0.307939	0.299715	0.31153	0.30959	0.323932	0.315805	0.300581	0.320008	0.320008	0.311969	0.242331	0.242055	0.215495	0.103327	0.101035	0.0997681	0.105598	0.105694	0.141876	0.147796	0.145348	0.134867	0.126886	0.140119	0.140119	0.146893	0.138981	0.141248	0.150192	0.110599	0.104532	0.126334	0.137305	0.12038	0.139298	0.165496	0.171714	0.196083	0.106269	0.108773	0.110698	0.132252	0.0993015	0.10265	0.104211	0.104905	0.0945288	0.114646	0.122381
Columbina_picui	0.205072	0.241104	0.235876	0.245894	0.254387	0.244043	0.244586	0.241783	0.25824	0.26418	0.262347	0.257384	0.252782	0.264534	0.257006	0.269791	0.261473	0.261559	0.241472	0.262985	0.27741	0.263651	0.268022	0.262417	0.261504	0.237045	0.270534	0.269023	0.263935	0.27111	0.263358	0.265503	0.297109	0.293925	0.275031	0.265919	0.25713	0.271653	0.281859	0.263977	0.261482	0.253285	0.268145	0.282479	0.293723	0.264767	0.286438	0.267106	0.264348	0.260932	0.257985	0.245483	0.255447	0.263265	0.25024	0.261515	0.243571	0.239237	0.267414	0.24662	0.241882	0.245911	0.256195	0.254701	0.258639	0.260199	0.265066	0.271078	0.264778	0.257006	0.257528	0.257318	0.261706	0.257731	0.257602	0.305131	0.265714	0.267087	0.241662	0.254653	0.269423	0.252277	0.235767	0.241646	0.240684	0.225541	0.229809	0.224099	0.217279	0.228169	0.247926	0.230858	0.234449	0.229939	0.227535	0.22633	0.244774	0.221634	0.225802	0.240476	0.239673	0.230477	0.23301	0.221326	0.236946	0.213552	0.230335	0.229894	0.238569	0.232021	0.22707	0.233654	0.21484	0.228261	0.223424	0.238543	0.221105	0.229178	0.240164	0.221853	0.212178	0.229049	0.249309	0.249095	0.230025	0.229215	0.238241	0.219897	0.213941	0.208488	0.226865	0.231411	0.237951	0.246728	0.243234	0.236683	0.225538	0.239455	0.229046	0.242843	0.239011	0.228588	0.232921	0.227017	0.248581	0.233353	0.218205	0.215654	0.224633	0.21755	0.181197	0.205377	0.199019	0.214237	0.268152	0.251515	0.201912	0.221862	0.205102	0.191915	0.204064	0.137776	0.141553	0.161744	0.157612	0.15711	0.165242	0.166386	0.172506	0.120714	0.202531	0.190651	0.193528	0.223156	0.150154	0.149021	0.126875	0.129249	0.141674	0.182941	0.162339	0.291758	0.186132	0.187182	0.199576	0.189819	0.166719	0.176205	0.155749	0.153162	0.183423	0.178492	0.217786	0.230951	0.242463	0.249564	0.243911	0.224808	0.119625	0.119617	0.12313	0.130262	0.203423	0.199984	0.188745	0.174154	0.175149	0.164731	0.150389	0.150591	0.15259	0.157102	0.123728	0.121809	0.113284	0.119328	0.118188	0.123664	0.146216	0.149605	0.131463	0.129142	0.136925	0.138279	0.125798	0.139289	0.141834	0.13487	0.144124	0.133794	0.12807	0.146386	0.148717	0.283384	0.156254	0.142252	0.142151	0.195946	0.192316	0.20316	0.19751	0.186746	0.127861	0.137689	0.148991	0.120218	0.122446	0.120364	0.122901	0.0540556	0	0.0559944	0.0803993	0.0704911	0.15576	0.124357	0.105766	0.150084	0.146165	0.26815	0.337672	0.34902	0.328634	0.414491	0.310279	0.314457	0.324502	0.319082	0.284957	0.248541	0.263021	0.261875	0.277866	0.283877	0.248074	0.191668	0.193862	0.192812	0.191717	0.227064	0.220274	0.31804	0.309816	0.321631	0.319691	0.334032	0.325905	0.310681	0.330108	0.330108	0.32207	0.252432	0.252156	0.225596	0.113428	0.111136	0.109869	0.115699	0.115795	0.151976	0.157897	0.155449	0.144968	0.136986	0.15022	0.15022	0.156994	0.149082	0.151349	0.160292	0.1207	0.114632	0.136435	0.147406	0.130481	0.149399	0.175596	0.181815	0.206184	0.116369	0.118874	0.120799	0.142353	0.109402	0.112751	0.114312	0.115006	0.10463	0.124747	0.132482
Caloenas_nicobarica	0.194013	0.230045	0.224818	0.234835	0.243328	0.232984	0.233527	0.230724	0.247181	0.253122	0.251288	0.246325	0.241723	0.253476	0.245947	0.258733	0.250414	0.2505	0.230413	0.251926	0.266351	0.252592	0.256963	0.251358	0.250445	0.225986	0.259476	0.257964	0.252876	0.260052	0.252299	0.254444	0.28605	0.282866	0.263972	0.25486	0.246071	0.260594	0.270801	0.252918	0.250423	0.242226	0.257086	0.27142	0.282665	0.253708	0.27538	0.256047	0.253289	0.249873	0.246927	0.234424	0.244389	0.252207	0.239181	0.250457	0.232512	0.228178	0.256356	0.235561	0.230823	0.234852	0.245137	0.243643	0.24758	0.249141	0.254007	0.260019	0.253719	0.245948	0.246469	0.246259	0.250648	0.246672	0.246543	0.294072	0.254655	0.256028	0.230603	0.243594	0.258364	0.241219	0.224709	0.230588	0.229625	0.214483	0.218751	0.21304	0.20622	0.21711	0.236867	0.219799	0.223391	0.21888	0.216476	0.215272	0.233715	0.210576	0.214743	0.229418	0.228614	0.219419	0.221951	0.210267	0.225888	0.202493	0.219276	0.218836	0.22751	0.220962	0.216011	0.222596	0.203781	0.217203	0.212365	0.227484	0.210046	0.21812	0.229105	0.210794	0.201119	0.217991	0.23825	0.238036	0.218966	0.218156	0.227183	0.208838	0.202882	0.197429	0.215806	0.220352	0.226893	0.235669	0.232176	0.225624	0.214479	0.228396	0.217987	0.231784	0.227952	0.217529	0.221862	0.215959	0.237522	0.222295	0.207147	0.204595	0.213575	0.206492	0.170139	0.194318	0.18796	0.203179	0.257093	0.240456	0.190854	0.210803	0.194043	0.180857	0.193006	0.126718	0.130495	0.150686	0.146553	0.146051	0.154184	0.155328	0.161447	0.109655	0.191472	0.179592	0.182469	0.212098	0.139095	0.137962	0.115816	0.11819	0.130615	0.171883	0.151281	0.280699	0.175074	0.176123	0.188517	0.17876	0.155661	0.165146	0.14469	0.142104	0.172364	0.167434	0.206728	0.219892	0.231404	0.238506	0.232852	0.21375	0.108566	0.108558	0.112071	0.119204	0.192364	0.188926	0.177687	0.163095	0.16409	0.153672	0.13933	0.139532	0.141531	0.146044	0.112669	0.11075	0.102226	0.108269	0.10713	0.112606	0.135158	0.138546	0.120404	0.118083	0.125866	0.127221	0.114739	0.12823	0.130776	0.123812	0.133066	0.122735	0.117011	0.135327	0.137659	0.272326	0.145196	0.131194	0.131092	0.184887	0.181258	0.192101	0.186451	0.175688	0.116803	0.126631	0.137932	0.10916	0.111388	0.109305	0.111842	0.0458936	0.0559944	0	0.0693406	0.0594324	0.144702	0.113298	0.0947076	0.139025	0.135107	0.257091	0.326613	0.337961	0.317576	0.403432	0.299221	0.303399	0.313443	0.308024	0.273899	0.237483	0.251962	0.250817	0.266807	0.272818	0.237015	0.18061	0.182803	0.181754	0.180658	0.216006	0.209216	0.306981	0.298757	0.310572	0.308632	0.322974	0.314847	0.299623	0.31905	0.31905	0.311011	0.241373	0.241097	0.214537	0.102369	0.100078	0.0988102	0.10464	0.104736	0.140918	0.146838	0.14439	0.133909	0.125928	0.139161	0.139161	0.145935	0.138023	0.14029	0.149234	0.109642	0.103574	0.125376	0.136347	0.119422	0.13834	0.164538	0.170757	0.195125	0.105311	0.107816	0.10974	0.131295	0.0983437	0.101692	0.103253	0.103947	0.093571	0.113688	0.121423
Columba_livia	0.218416	0.254448	0.249221	0.259238	0.267731	0.257387	0.25793	0.255127	0.271584	0.277524	0.275691	0.270728	0.266126	0.277878	0.27035	0.283135	0.274817	0.274903	0.254816	0.276329	0.290754	0.276995	0.281366	0.275761	0.274848	0.250389	0.283878	0.282367	0.277279	0.284454	0.276702	0.278847	0.310453	0.307269	0.288375	0.279263	0.270474	0.284997	0.295204	0.277321	0.274826	0.266629	0.281489	0.295823	0.307068	0.278111	0.299783	0.28045	0.277692	0.274276	0.271329	0.258827	0.268792	0.27661	0.263584	0.27486	0.256915	0.252581	0.280758	0.259964	0.255226	0.259255	0.26954	0.268045	0.271983	0.273544	0.27841	0.284422	0.278122	0.270351	0.270872	0.270662	0.27505	0.271075	0.270946	0.318475	0.279058	0.280431	0.255006	0.267997	0.282767	0.265622	0.249112	0.254991	0.254028	0.238886	0.243153	0.237443	0.230623	0.241513	0.26127	0.244202	0.247794	0.243283	0.240879	0.239675	0.258118	0.234978	0.239146	0.253821	0.253017	0.243822	0.246354	0.23467	0.250291	0.226896	0.243679	0.243239	0.251913	0.245365	0.240414	0.246998	0.228184	0.241605	0.236768	0.251887	0.234449	0.242522	0.253508	0.235197	0.225522	0.242394	0.262653	0.262439	0.243369	0.242559	0.251585	0.233241	0.227285	0.221832	0.240209	0.244755	0.251295	0.260072	0.256578	0.250027	0.238882	0.252799	0.24239	0.256187	0.252355	0.241932	0.246265	0.240361	0.261925	0.246698	0.231549	0.228998	0.237978	0.230894	0.194541	0.218721	0.212363	0.227581	0.281496	0.264859	0.215256	0.235206	0.218446	0.20526	0.217409	0.151121	0.154898	0.175089	0.170956	0.170454	0.178587	0.179731	0.18585	0.134058	0.215875	0.203995	0.206872	0.2365	0.163498	0.162365	0.140219	0.142593	0.155018	0.196285	0.175684	0.305102	0.199476	0.200526	0.21292	0.203163	0.180064	0.189549	0.169093	0.166506	0.196767	0.191837	0.231131	0.244295	0.255807	0.262909	0.257255	0.238153	0.132969	0.132961	0.136474	0.143606	0.216767	0.213329	0.20209	0.187498	0.188493	0.178075	0.163733	0.163935	0.165934	0.170447	0.137072	0.135153	0.126628	0.132672	0.131532	0.137008	0.159561	0.162949	0.144807	0.142486	0.150269	0.151624	0.139142	0.152633	0.155178	0.148214	0.157469	0.147138	0.141414	0.15973	0.162061	0.296728	0.169599	0.155597	0.155495	0.20929	0.20566	0.216504	0.210854	0.20009	0.141206	0.151034	0.162335	0.133562	0.135791	0.133708	0.136245	0.0702985	0.0803993	0.0693406	0	0.0420317	0.169105	0.137701	0.11911	0.163428	0.15951	0.281494	0.351016	0.362364	0.341978	0.427835	0.323623	0.327802	0.337846	0.332426	0.298302	0.261886	0.276365	0.275219	0.29121	0.297221	0.261418	0.205013	0.207206	0.206156	0.205061	0.240409	0.233619	0.331384	0.32316	0.334975	0.333035	0.347377	0.33925	0.324025	0.343453	0.343453	0.335414	0.265776	0.2655	0.23894	0.126772	0.12448	0.123213	0.129043	0.129139	0.165321	0.171241	0.168793	0.158312	0.150331	0.163564	0.163564	0.170338	0.162426	0.164693	0.173636	0.134044	0.127977	0.149779	0.16075	0.143825	0.162743	0.188941	0.195159	0.219528	0.129714	0.132218	0.134143	0.155697	0.122747	0.126095	0.127656	0.12835	0.117974	0.138091	0.145826
Patagioenas_fasciata	0.208508	0.24454	0.239312	0.24933	0.257823	0.247479	0.248022	0.245219	0.261676	0.267616	0.265783	0.26082	0.256217	0.26797	0.260442	0.273227	0.264909	0.264995	0.244908	0.26642	0.280846	0.267087	0.271458	0.265853	0.26494	0.240481	0.27397	0.272459	0.267371	0.274546	0.266794	0.268939	0.300545	0.297361	0.278467	0.269355	0.260566	0.275089	0.285295	0.267413	0.264918	0.256721	0.271581	0.285914	0.297159	0.268202	0.289874	0.270542	0.267784	0.264368	0.261421	0.248919	0.258883	0.266701	0.253676	0.264951	0.247007	0.242673	0.27085	0.250056	0.245318	0.249347	0.259631	0.258137	0.262075	0.263635	0.268502	0.274514	0.268213	0.260442	0.260964	0.260754	0.265142	0.261166	0.261038	0.308567	0.269149	0.270523	0.245098	0.258089	0.272859	0.255713	0.239203	0.245082	0.24412	0.228977	0.233245	0.227535	0.220714	0.231605	0.251362	0.234294	0.237885	0.233375	0.230971	0.229766	0.24821	0.22507	0.229238	0.243912	0.243109	0.233913	0.236446	0.224762	0.240382	0.216988	0.233771	0.23333	0.242004	0.235457	0.230506	0.23709	0.218276	0.231697	0.226859	0.241979	0.224541	0.232614	0.2436	0.225289	0.215614	0.232485	0.252744	0.252531	0.233461	0.232651	0.241677	0.223333	0.217377	0.211924	0.230301	0.234846	0.241387	0.250164	0.24667	0.240118	0.228974	0.242891	0.232482	0.246279	0.242447	0.232024	0.236357	0.230453	0.252017	0.236789	0.221641	0.21909	0.228069	0.220986	0.184633	0.208813	0.202455	0.217673	0.271588	0.254951	0.205348	0.225298	0.208538	0.195351	0.2075	0.141212	0.144989	0.16518	0.161048	0.160546	0.168678	0.169822	0.175941	0.12415	0.205966	0.194087	0.196964	0.226592	0.15359	0.152457	0.13031	0.132685	0.14511	0.186377	0.165775	0.295194	0.189568	0.190618	0.203012	0.193255	0.170155	0.179641	0.159185	0.156598	0.186859	0.181928	0.221222	0.234387	0.245899	0.253	0.247347	0.228244	0.123061	0.123053	0.126566	0.133698	0.206859	0.20342	0.192181	0.17759	0.178585	0.168167	0.153825	0.154027	0.156026	0.160538	0.127164	0.125245	0.11672	0.122764	0.121624	0.1271	0.149652	0.153041	0.134899	0.132578	0.140361	0.141715	0.129234	0.142725	0.14527	0.138306	0.14756	0.13723	0.131506	0.149822	0.152153	0.28682	0.15969	0.145688	0.145587	0.199382	0.195752	0.206596	0.200946	0.190182	0.131297	0.141125	0.152427	0.123654	0.125882	0.1238	0.126337	0.0603903	0.0704911	0.0594324	0.0420317	0	0.159196	0.127793	0.109202	0.15352	0.149601	0.271586	0.341108	0.352456	0.33207	0.417927	0.313715	0.317893	0.327938	0.322518	0.288393	0.251977	0.266457	0.265311	0.281302	0.287313	0.25151	0.195104	0.197298	0.196248	0.195153	0.2305	0.22371	0.321476	0.313252	0.325067	0.323127	0.337468	0.329341	0.314117	0.333544	0.333544	0.325506	0.255868	0.255592	0.229032	0.116864	0.114572	0.113305	0.119134	0.119231	0.155412	0.161333	0.158885	0.148404	0.140422	0.153656	0.153656	0.16043	0.152518	0.154785	0.163728	0.124136	0.118068	0.139871	0.150842	0.133917	0.152835	0.179032	0.185251	0.20962	0.119805	0.12231	0.124235	0.145789	0.112838	0.116186	0.117748	0.118442	0.108066	0.128183	0.135918
Eurypyga_helias	0.224284	0.260317	0.255089	0.265106	0.273599	0.263255	0.263799	0.260996	0.277453	0.283393	0.281559	0.276597	0.271994	0.283747	0.276218	0.289004	0.280685	0.280771	0.260684	0.282197	0.296622	0.282863	0.287234	0.281629	0.280716	0.256257	0.289747	0.288236	0.283147	0.290323	0.28257	0.284716	0.316321	0.313137	0.294243	0.285131	0.276342	0.290865	0.301072	0.283189	0.280695	0.272497	0.287358	0.301691	0.312936	0.283979	0.305651	0.286318	0.28356	0.280144	0.277198	0.264695	0.27466	0.282478	0.269452	0.280728	0.262783	0.258449	0.286627	0.265832	0.261095	0.265123	0.275408	0.273914	0.277851	0.279412	0.284278	0.290291	0.28399	0.276219	0.27674	0.276531	0.280919	0.276943	0.276814	0.324344	0.284926	0.286299	0.260874	0.273866	0.288635	0.27149	0.25498	0.260859	0.259896	0.244754	0.249022	0.243311	0.236491	0.247382	0.267138	0.250071	0.253662	0.249151	0.246747	0.245543	0.263986	0.240847	0.245014	0.259689	0.258885	0.24969	0.252223	0.240539	0.256159	0.232764	0.249548	0.249107	0.257781	0.251233	0.246282	0.252867	0.234052	0.247474	0.242636	0.257756	0.240318	0.248391	0.259376	0.241065	0.231391	0.248262	0.268521	0.268308	0.249238	0.248428	0.257454	0.239109	0.233153	0.2277	0.246077	0.250623	0.257164	0.26594	0.262447	0.255895	0.24475	0.258668	0.248258	0.262056	0.258224	0.2478	0.252133	0.24623	0.267793	0.252566	0.237418	0.234866	0.243846	0.236763	0.20041	0.22459	0.218231	0.23345	0.287364	0.270727	0.221125	0.241074	0.224314	0.211128	0.223277	0.156989	0.160766	0.180957	0.176824	0.176322	0.184455	0.185599	0.191718	0.139926	0.221743	0.209863	0.21274	0.242369	0.169366	0.168234	0.146087	0.148462	0.160887	0.202154	0.181552	0.31097	0.205345	0.206394	0.218788	0.209032	0.185932	0.195417	0.174961	0.172375	0.202635	0.197705	0.236999	0.250163	0.261675	0.268777	0.263124	0.244021	0.138837	0.138829	0.142342	0.149475	0.222636	0.219197	0.207958	0.193366	0.194361	0.183943	0.169601	0.169803	0.171803	0.176315	0.142941	0.141022	0.132497	0.138541	0.137401	0.142877	0.165429	0.168818	0.150675	0.148354	0.156137	0.157492	0.14501	0.158502	0.161047	0.154083	0.163337	0.153006	0.147282	0.165598	0.16793	0.302597	0.175467	0.161465	0.161364	0.215158	0.211529	0.222372	0.216723	0.205959	0.147074	0.156902	0.168204	0.139431	0.141659	0.139576	0.142113	0.14566	0.15576	0.144702	0.169105	0.159196	0	0.143569	0.124979	0.169296	0.165378	0.287362	0.356885	0.368232	0.347847	0.433703	0.329492	0.33367	0.343714	0.338295	0.30417	0.267754	0.282233	0.281088	0.297079	0.303089	0.267286	0.210881	0.213074	0.212025	0.21093	0.246277	0.239487	0.337252	0.329028	0.340843	0.338904	0.353245	0.345118	0.329894	0.349321	0.349321	0.341282	0.271645	0.271369	0.244808	0.13264	0.130349	0.129081	0.134911	0.135007	0.171189	0.177109	0.174661	0.164181	0.156199	0.169432	0.169432	0.176207	0.168294	0.170561	0.179505	0.139913	0.133845	0.155648	0.166618	0.149694	0.168612	0.194809	0.201028	0.225396	0.135582	0.138087	0.140011	0.161566	0.128615	0.131963	0.133524	0.134218	0.123842	0.143959	0.151694
Phaethon_lepturus	0.188929	0.224962	0.219734	0.229751	0.238244	0.2279	0.228444	0.225641	0.242098	0.248038	0.246204	0.241242	0.236639	0.248392	0.240863	0.253649	0.24533	0.245416	0.225329	0.246842	0.261267	0.247508	0.251879	0.246274	0.245361	0.220902	0.254392	0.252881	0.247792	0.254968	0.247215	0.249361	0.280966	0.277783	0.258888	0.249776	0.240987	0.25551	0.265717	0.247834	0.24534	0.237142	0.252003	0.266336	0.277581	0.248624	0.270296	0.250963	0.248205	0.244789	0.241843	0.22934	0.239305	0.247123	0.234097	0.245373	0.227428	0.223094	0.251272	0.230477	0.22574	0.229768	0.240053	0.238559	0.242496	0.244057	0.248924	0.254936	0.248635	0.240864	0.241386	0.241176	0.245564	0.241588	0.241459	0.288989	0.249571	0.250944	0.225519	0.238511	0.25328	0.236135	0.219625	0.225504	0.224541	0.209399	0.213667	0.207956	0.201136	0.212027	0.231783	0.214716	0.218307	0.213796	0.211392	0.210188	0.228631	0.205492	0.209659	0.224334	0.22353	0.214335	0.216868	0.205184	0.220804	0.197409	0.214193	0.213752	0.222426	0.215878	0.210927	0.217512	0.198697	0.212119	0.207281	0.222401	0.204963	0.213036	0.224021	0.205711	0.196036	0.212907	0.233166	0.232953	0.213883	0.213073	0.222099	0.203754	0.197799	0.192345	0.210722	0.215268	0.221809	0.230585	0.227092	0.22054	0.209395	0.223313	0.212903	0.226701	0.222869	0.212445	0.216778	0.210875	0.232438	0.217211	0.202063	0.199511	0.208491	0.201408	0.165055	0.189235	0.182876	0.198095	0.252009	0.235372	0.18577	0.205719	0.188959	0.175773	0.187922	0.121634	0.125411	0.145602	0.141469	0.140967	0.1491	0.150244	0.156363	0.104571	0.186388	0.174508	0.177385	0.207014	0.134011	0.132879	0.110732	0.113107	0.125532	0.166799	0.146197	0.275615	0.16999	0.171039	0.183433	0.173677	0.150577	0.160062	0.139606	0.13702	0.16728	0.16235	0.201644	0.214808	0.22632	0.233422	0.227769	0.208666	0.103482	0.103474	0.106987	0.11412	0.187281	0.183842	0.172603	0.158011	0.159006	0.148588	0.134246	0.134448	0.136448	0.14096	0.107586	0.105667	0.0971418	0.103186	0.102046	0.107522	0.130074	0.133463	0.11532	0.112999	0.120782	0.122137	0.109655	0.123147	0.125692	0.118728	0.127982	0.117651	0.111927	0.130243	0.132575	0.267242	0.140112	0.12611	0.126009	0.179803	0.176174	0.187017	0.181368	0.170604	0.111719	0.121547	0.132849	0.104076	0.106304	0.104221	0.106758	0.114256	0.124357	0.113298	0.137701	0.127793	0.143569	0	0.0896238	0.133941	0.130023	0.252007	0.32153	0.332877	0.312492	0.398348	0.294137	0.298315	0.308359	0.30294	0.268815	0.232399	0.246878	0.245733	0.261724	0.267734	0.231931	0.175526	0.177719	0.17667	0.175575	0.210922	0.204132	0.301897	0.293673	0.305488	0.303549	0.31789	0.309763	0.294539	0.313966	0.313966	0.305927	0.23629	0.236014	0.209453	0.0972855	0.0949938	0.0937265	0.0995561	0.0996525	0.135834	0.141754	0.139306	0.128826	0.120844	0.134077	0.134077	0.140852	0.132939	0.135206	0.14415	0.104558	0.0984899	0.120293	0.131263	0.114339	0.133257	0.159454	0.165673	0.190041	0.100227	0.102732	0.104656	0.126211	0.0932599	0.0966081	0.0981693	0.0988632	0.0884872	0.108604	0.116339
Phoenicopterus_ruber	0.163018	0.199051	0.193823	0.203841	0.212333	0.20199	0.202533	0.19973	0.216187	0.222127	0.220294	0.215331	0.210728	0.222481	0.214953	0.227738	0.21942	0.219506	0.199419	0.220931	0.235356	0.221598	0.225969	0.220364	0.21945	0.194992	0.228481	0.22697	0.221882	0.229057	0.221304	0.22345	0.255055	0.251872	0.232977	0.223866	0.215077	0.229599	0.239806	0.221924	0.219429	0.211232	0.226092	0.240425	0.25167	0.222713	0.244385	0.225053	0.222294	0.218879	0.215932	0.20343	0.213394	0.221212	0.208186	0.219462	0.201518	0.197184	0.225361	0.204567	0.199829	0.203858	0.214142	0.212648	0.216586	0.218146	0.223013	0.229025	0.222724	0.214953	0.215475	0.215265	0.219653	0.215677	0.215549	0.263078	0.22366	0.225034	0.199609	0.2126	0.227369	0.210224	0.193714	0.199593	0.19863	0.183488	0.187756	0.182046	0.175225	0.186116	0.205873	0.188805	0.192396	0.187885	0.185481	0.184277	0.202721	0.179581	0.183748	0.198423	0.197619	0.188424	0.190957	0.179273	0.194893	0.171499	0.188282	0.187841	0.196515	0.189967	0.185017	0.191601	0.172787	0.186208	0.18137	0.19649	0.179052	0.187125	0.19811	0.1798	0.170125	0.186996	0.207255	0.207042	0.187972	0.187162	0.196188	0.177844	0.171888	0.166434	0.184811	0.189357	0.195898	0.204674	0.201181	0.194629	0.183485	0.197402	0.186993	0.20079	0.196958	0.186535	0.190868	0.184964	0.206527	0.1913	0.176152	0.1736	0.18258	0.175497	0.139144	0.163324	0.156965	0.172184	0.226098	0.209462	0.159859	0.179809	0.163049	0.149862	0.162011	0.0957231	0.0995002	0.119691	0.115559	0.115057	0.123189	0.124333	0.130452	0.0786604	0.160477	0.148598	0.151474	0.181103	0.1081	0.106968	0.0848213	0.0871959	0.0996208	0.140888	0.120286	0.249705	0.144079	0.145129	0.157523	0.147766	0.124666	0.134152	0.113696	0.111109	0.14137	0.136439	0.175733	0.188897	0.20041	0.207511	0.201858	0.182755	0.0775717	0.0775634	0.0810767	0.0882091	0.16578	0.162341	0.151102	0.136511	0.137505	0.127088	0.112746	0.112947	0.114947	0.119459	0.0860849	0.0841657	0.0756409	0.0816848	0.080545	0.086021	0.108573	0.111962	0.0960346	0.0937136	0.101497	0.102852	0.0903699	0.103861	0.106406	0.0994423	0.108696	0.0983657	0.0926416	0.110958	0.113289	0.247956	0.120826	0.106824	0.106723	0.160518	0.156888	0.167732	0.162082	0.151318	0.0924335	0.102261	0.113563	0.0847903	0.0870185	0.0849359	0.0874728	0.0956654	0.105766	0.0947076	0.11911	0.109202	0.124979	0.0896238	0	0.0866062	0.0826878	0.226096	0.295619	0.306967	0.286581	0.372438	0.268226	0.272404	0.282448	0.277029	0.242904	0.206488	0.220967	0.219822	0.235813	0.241823	0.20602	0.149615	0.151809	0.150759	0.149664	0.185011	0.178221	0.275987	0.267762	0.279578	0.277638	0.291979	0.283852	0.268628	0.288055	0.288055	0.280016	0.210379	0.210103	0.183542	0.0713747	0.069083	0.0678157	0.0736453	0.0737417	0.109923	0.115844	0.113396	0.102915	0.0949332	0.108166	0.108166	0.114941	0.107029	0.109296	0.118239	0.0786471	0.0725791	0.0943818	0.105353	0.0884279	0.107346	0.133543	0.139762	0.164131	0.0743163	0.076821	0.0787454	0.1003	0.0673492	0.0706973	0.0722585	0.0729524	0.0625764	0.0826935	0.0904286
Podiceps_cristatus	0.207336	0.243368	0.238141	0.248158	0.256651	0.246307	0.24685	0.244047	0.260504	0.266445	0.264611	0.259648	0.255046	0.266799	0.25927	0.272056	0.263737	0.263823	0.243736	0.265249	0.279674	0.265915	0.270286	0.264681	0.263768	0.239309	0.272799	0.271287	0.266199	0.273375	0.265622	0.267767	0.299373	0.296189	0.277295	0.268183	0.259394	0.273917	0.284124	0.266241	0.263746	0.255549	0.270409	0.284743	0.295988	0.267031	0.288703	0.26937	0.266612	0.263196	0.26025	0.247747	0.257712	0.26553	0.252504	0.26378	0.245835	0.241501	0.269679	0.248884	0.244146	0.248175	0.25846	0.256966	0.260903	0.262464	0.26733	0.273342	0.267042	0.259271	0.259792	0.259582	0.263971	0.259995	0.259866	0.307395	0.267978	0.269351	0.243926	0.256917	0.271687	0.254542	0.238032	0.243911	0.242948	0.227806	0.232074	0.226363	0.219543	0.230433	0.25019	0.233122	0.236714	0.232203	0.229799	0.228595	0.247038	0.223899	0.228066	0.242741	0.241937	0.232742	0.235274	0.22359	0.239211	0.215816	0.232599	0.232159	0.240833	0.234285	0.229334	0.235919	0.217104	0.230526	0.225688	0.240807	0.223369	0.231443	0.242428	0.224117	0.214442	0.231314	0.251573	0.251359	0.232289	0.231479	0.240506	0.222161	0.216205	0.210752	0.229129	0.233675	0.240216	0.248992	0.245499	0.238947	0.227802	0.241719	0.23131	0.245107	0.241275	0.230852	0.235185	0.229281	0.250845	0.235618	0.22047	0.217918	0.226898	0.219814	0.183462	0.207641	0.201283	0.216502	0.270416	0.253779	0.204177	0.224126	0.207366	0.19418	0.206329	0.140041	0.143818	0.164009	0.159876	0.159374	0.167507	0.168651	0.17477	0.122978	0.204795	0.192915	0.195792	0.225421	0.152418	0.151285	0.129139	0.131513	0.143938	0.185206	0.164604	0.294022	0.188397	0.189446	0.20184	0.192083	0.168984	0.178469	0.158013	0.155427	0.185687	0.180757	0.220051	0.233215	0.244727	0.251829	0.246175	0.227073	0.121889	0.121881	0.125394	0.132527	0.210097	0.206659	0.19542	0.180828	0.181823	0.171405	0.157063	0.157265	0.159264	0.163777	0.130402	0.128483	0.119958	0.126002	0.124863	0.130339	0.152891	0.156279	0.140352	0.138031	0.145814	0.147169	0.134687	0.148179	0.150724	0.14376	0.153014	0.142683	0.136959	0.155275	0.157607	0.292274	0.165144	0.151142	0.151041	0.204835	0.201206	0.212049	0.2064	0.195636	0.136751	0.146579	0.157881	0.129108	0.131336	0.129253	0.13179	0.139983	0.150084	0.139025	0.163428	0.15352	0.169296	0.133941	0.0866062	0	0.0660409	0.270414	0.339936	0.351284	0.330899	0.416755	0.312544	0.316722	0.326766	0.321347	0.287222	0.250806	0.265285	0.26414	0.28013	0.286141	0.250338	0.193933	0.196126	0.195077	0.193981	0.229329	0.222539	0.320304	0.31208	0.323895	0.321955	0.336297	0.32817	0.312946	0.332373	0.332373	0.324334	0.254696	0.25442	0.22786	0.115692	0.113401	0.112133	0.117963	0.118059	0.154241	0.160161	0.157713	0.147232	0.139251	0.152484	0.152484	0.159258	0.151346	0.153613	0.162557	0.122965	0.116897	0.138699	0.14967	0.132745	0.151663	0.177861	0.18408	0.208448	0.118634	0.121139	0.123063	0.144618	0.111667	0.115015	0.116576	0.11727	0.106894	0.127011	0.134746
Podilymbus_podiceps	0.203418	0.23945	0.234222	0.24424	0.252733	0.242389	0.242932	0.240129	0.256586	0.262526	0.260693	0.25573	0.251127	0.26288	0.255352	0.268137	0.259819	0.259905	0.239818	0.26133	0.275756	0.261997	0.266368	0.260763	0.25985	0.235391	0.26888	0.267369	0.262281	0.269456	0.261704	0.263849	0.295455	0.292271	0.273377	0.264265	0.255476	0.269999	0.280205	0.262323	0.259828	0.251631	0.266491	0.280824	0.292069	0.263113	0.284784	0.265452	0.262694	0.259278	0.256331	0.243829	0.253793	0.261611	0.248586	0.259861	0.241917	0.237583	0.26576	0.244966	0.240228	0.244257	0.254541	0.253047	0.256985	0.258545	0.263412	0.269424	0.263123	0.255352	0.255874	0.255664	0.260052	0.256077	0.255948	0.303477	0.264059	0.265433	0.240008	0.252999	0.267769	0.250623	0.234113	0.239992	0.23903	0.223887	0.228155	0.222445	0.215624	0.226515	0.246272	0.229204	0.232795	0.228285	0.225881	0.224676	0.24312	0.21998	0.224148	0.238822	0.238019	0.228823	0.231356	0.219672	0.235292	0.211898	0.228681	0.22824	0.236915	0.230367	0.225416	0.232	0.213186	0.226607	0.221769	0.236889	0.219451	0.227524	0.23851	0.220199	0.210524	0.227395	0.247654	0.247441	0.228371	0.227561	0.236587	0.218243	0.212287	0.206834	0.225211	0.229756	0.236297	0.245074	0.24158	0.235028	0.223884	0.237801	0.227392	0.241189	0.237357	0.226934	0.231267	0.225363	0.246927	0.231699	0.216551	0.214	0.222979	0.215896	0.179543	0.203723	0.197365	0.212583	0.266498	0.249861	0.200258	0.220208	0.203448	0.190261	0.20241	0.136122	0.139899	0.16009	0.155958	0.155456	0.163588	0.164732	0.170852	0.11906	0.200876	0.188997	0.191874	0.221502	0.1485	0.147367	0.12522	0.127595	0.14002	0.181287	0.160685	0.290104	0.184478	0.185528	0.197922	0.188165	0.165065	0.174551	0.154095	0.151508	0.181769	0.176838	0.216132	0.229297	0.240809	0.24791	0.242257	0.223154	0.117971	0.117963	0.121476	0.128608	0.206179	0.20274	0.191501	0.17691	0.177905	0.167487	0.153145	0.153347	0.155346	0.159858	0.126484	0.124565	0.11604	0.122084	0.120944	0.12642	0.148972	0.152361	0.136434	0.134113	0.141896	0.143251	0.130769	0.14426	0.146805	0.139842	0.149096	0.138765	0.133041	0.151357	0.153688	0.288355	0.161226	0.147224	0.147122	0.200917	0.197287	0.208131	0.202481	0.191717	0.132833	0.142661	0.153962	0.125189	0.127418	0.125335	0.127872	0.136065	0.146165	0.135107	0.15951	0.149601	0.165378	0.130023	0.0826878	0.0660409	0	0.266496	0.336018	0.347366	0.32698	0.412837	0.308625	0.312803	0.322848	0.317428	0.283303	0.246887	0.261367	0.260221	0.276212	0.282223	0.24642	0.190014	0.192208	0.191158	0.190063	0.22541	0.21862	0.316386	0.308162	0.319977	0.318037	0.332378	0.324251	0.309027	0.328454	0.328454	0.320416	0.250778	0.250502	0.223942	0.111774	0.109482	0.108215	0.114045	0.114141	0.150322	0.156243	0.153795	0.143314	0.135332	0.148566	0.148566	0.15534	0.147428	0.149695	0.158638	0.119046	0.112978	0.134781	0.145752	0.128827	0.147745	0.173942	0.180161	0.20453	0.114715	0.11722	0.119145	0.140699	0.107748	0.111096	0.112658	0.113352	0.102976	0.123093	0.130828
Alectura_lathami	0.3254	0.361432	0.356205	0.366222	0.374715	0.364371	0.364914	0.362111	0.378568	0.384508	0.382675	0.377712	0.37311	0.384862	0.377334	0.390119	0.381801	0.381887	0.3618	0.383313	0.397738	0.383979	0.38835	0.382745	0.381832	0.357373	0.390862	0.389351	0.384263	0.391438	0.383686	0.385831	0.417437	0.414253	0.395359	0.386247	0.377458	0.391981	0.402187	0.384305	0.38181	0.373613	0.388473	0.402807	0.414052	0.385095	0.406767	0.387434	0.384676	0.38126	0.378313	0.365811	0.375776	0.383594	0.370568	0.381844	0.363899	0.359565	0.387742	0.366948	0.36221	0.366239	0.376524	0.375029	0.378967	0.380528	0.385394	0.391406	0.385106	0.377335	0.377856	0.377646	0.382034	0.378059	0.37793	0.425459	0.386042	0.387415	0.36199	0.374981	0.389751	0.372606	0.356096	0.361975	0.361012	0.34587	0.350137	0.344427	0.337607	0.348497	0.368254	0.351186	0.354777	0.350267	0.347863	0.346659	0.365102	0.341962	0.34613	0.360805	0.360001	0.350806	0.353338	0.341654	0.357275	0.33388	0.350663	0.350223	0.358897	0.352349	0.347398	0.353982	0.335168	0.348589	0.343752	0.358871	0.341433	0.349506	0.360492	0.342181	0.332506	0.349378	0.369637	0.369423	0.350353	0.349543	0.358569	0.340225	0.334269	0.328816	0.347193	0.351739	0.358279	0.367056	0.363562	0.357011	0.345866	0.359783	0.349374	0.363171	0.359339	0.348916	0.353249	0.347345	0.368909	0.353682	0.338533	0.335982	0.344962	0.337878	0.301525	0.325705	0.319347	0.334565	0.38848	0.371843	0.32224	0.34219	0.32543	0.312243	0.324392	0.258104	0.261882	0.282073	0.27794	0.277438	0.285571	0.286715	0.292834	0.241042	0.322859	0.310979	0.313856	0.343484	0.270482	0.269349	0.247203	0.249577	0.262002	0.303269	0.282668	0.412086	0.30646	0.30751	0.319904	0.310147	0.287048	0.296533	0.276077	0.27349	0.303751	0.298821	0.338114	0.351279	0.362791	0.369892	0.364239	0.345136	0.239953	0.239945	0.243458	0.25059	0.328163	0.324724	0.313486	0.298894	0.299889	0.289471	0.275129	0.275331	0.27733	0.281842	0.248468	0.246549	0.238024	0.244068	0.242928	0.248404	0.270956	0.274345	0.258418	0.256097	0.26388	0.265235	0.252753	0.266244	0.26879	0.261826	0.27108	0.260749	0.255025	0.273341	0.275673	0.41034	0.28321	0.269208	0.269106	0.322901	0.319272	0.330115	0.324465	0.313702	0.254817	0.264645	0.275946	0.247174	0.249402	0.247319	0.249856	0.258049	0.26815	0.257091	0.281494	0.271586	0.287362	0.252007	0.226096	0.270414	0.266496	0	0.251811	0.263158	0.242773	0.328629	0.224418	0.228596	0.23864	0.233221	0.199096	0.16268	0.261682	0.260536	0.276527	0.282538	0.246735	0.254597	0.256791	0.255741	0.254646	0.289993	0.283203	0.380969	0.372744	0.384559	0.38262	0.396961	0.388834	0.37361	0.393037	0.393037	0.384998	0.315361	0.315085	0.288524	0.229234	0.226942	0.225742	0.233816	0.233912	0.270093	0.276014	0.273566	0.263087	0.255106	0.268339	0.268339	0.275113	0.267201	0.269468	0.278411	0.238819	0.232751	0.254554	0.265525	0.2486	0.267518	0.293716	0.299934	0.324303	0.234489	0.236993	0.238918	0.260472	0.227523	0.230872	0.232433	0.233127	0.222751	0.242868	0.250603
Callipepla_squamata	0.394922	0.430955	0.425727	0.435744	0.444237	0.433893	0.434437	0.431634	0.448091	0.454031	0.452197	0.447235	0.442632	0.454385	0.446856	0.459642	0.451323	0.45141	0.431323	0.452835	0.46726	0.453501	0.457873	0.452267	0.451354	0.426895	0.460385	0.458874	0.453786	0.460961	0.453208	0.455354	0.486959	0.483776	0.464881	0.455769	0.44698	0.461503	0.47171	0.453828	0.451333	0.443136	0.457996	0.472329	0.483574	0.454617	0.476289	0.456957	0.454198	0.450782	0.447836	0.435333	0.445298	0.453116	0.44009	0.451366	0.433421	0.429088	0.457265	0.43647	0.431733	0.435761	0.446046	0.444552	0.44849	0.45005	0.454917	0.460929	0.454628	0.446857	0.447379	0.447169	0.451557	0.447581	0.447452	0.494982	0.455564	0.456937	0.431512	0.444504	0.459273	0.442128	0.425618	0.431497	0.430534	0.415392	0.41966	0.413949	0.407129	0.41802	0.437777	0.420709	0.4243	0.419789	0.417385	0.416181	0.434624	0.411485	0.415652	0.430327	0.429523	0.420328	0.422861	0.411177	0.426797	0.403402	0.420186	0.419745	0.428419	0.421871	0.41692	0.423505	0.404691	0.418112	0.413274	0.428394	0.410956	0.419029	0.430014	0.411704	0.402029	0.4189	0.439159	0.438946	0.419876	0.419066	0.428092	0.409747	0.403792	0.398338	0.416715	0.421261	0.427802	0.436578	0.433085	0.426533	0.415388	0.429306	0.418897	0.432694	0.428862	0.418438	0.422771	0.416868	0.438431	0.423204	0.408056	0.405504	0.414484	0.407401	0.371048	0.395228	0.388869	0.404088	0.458002	0.441365	0.391763	0.411712	0.394952	0.381766	0.393915	0.327627	0.331404	0.351595	0.347463	0.34696	0.355093	0.356237	0.362356	0.310564	0.392381	0.380502	0.383378	0.413007	0.340004	0.338872	0.316725	0.3191	0.331525	0.372792	0.35219	0.481608	0.375983	0.377032	0.389426	0.37967	0.35657	0.366056	0.345599	0.343013	0.373273	0.368343	0.407637	0.420801	0.432313	0.439415	0.433762	0.414659	0.309476	0.309467	0.312981	0.320113	0.397686	0.394247	0.383008	0.368416	0.369411	0.358993	0.344651	0.344853	0.346853	0.351365	0.317991	0.316072	0.307547	0.313591	0.312451	0.317927	0.340479	0.343868	0.32794	0.325619	0.333402	0.334757	0.322276	0.335767	0.338312	0.331348	0.340602	0.330272	0.324547	0.342863	0.345195	0.479862	0.352732	0.33873	0.338629	0.392423	0.388794	0.399638	0.393988	0.383224	0.324339	0.334167	0.345469	0.316696	0.318924	0.316842	0.319379	0.327571	0.337672	0.326613	0.351016	0.341108	0.356885	0.32153	0.295619	0.339936	0.336018	0.251811	0	0.0568098	0.0783145	0.300092	0.19588	0.200058	0.210102	0.204683	0.170558	0.22274	0.331204	0.330059	0.34605	0.35206	0.316257	0.32412	0.326313	0.325264	0.324168	0.359516	0.352726	0.450491	0.442267	0.454082	0.452142	0.466484	0.458357	0.443133	0.46256	0.46256	0.454521	0.384883	0.384607	0.358047	0.298756	0.296465	0.295264	0.303338	0.303435	0.339616	0.345536	0.343088	0.33261	0.324628	0.337861	0.337861	0.344636	0.336723	0.33899	0.347934	0.308342	0.302274	0.324077	0.335048	0.318123	0.337041	0.363238	0.369457	0.393825	0.304011	0.306516	0.30844	0.329995	0.297046	0.300394	0.301955	0.302649	0.292273	0.31239	0.320125
Colinus_virginianus	0.40627	0.442303	0.437075	0.447092	0.455585	0.445241	0.445784	0.442981	0.459439	0.465379	0.463545	0.458583	0.45398	0.465733	0.458204	0.47099	0.462671	0.462757	0.44267	0.464183	0.478608	0.464849	0.46922	0.463615	0.462702	0.438243	0.471733	0.470222	0.465133	0.472309	0.464556	0.466701	0.498307	0.495123	0.476229	0.467117	0.458328	0.472851	0.483058	0.465175	0.462681	0.454483	0.469343	0.483677	0.494922	0.465965	0.487637	0.468304	0.465546	0.46213	0.459184	0.446681	0.456646	0.464464	0.451438	0.462714	0.444769	0.440435	0.468613	0.447818	0.443081	0.447109	0.457394	0.4559	0.459837	0.461398	0.466264	0.472276	0.465976	0.458205	0.458726	0.458517	0.462905	0.458929	0.4588	0.506329	0.466912	0.468285	0.44286	0.455852	0.470621	0.453476	0.436966	0.442845	0.441882	0.42674	0.431008	0.425297	0.418477	0.429368	0.449124	0.432056	0.435648	0.431137	0.428733	0.427529	0.445972	0.422833	0.427	0.441675	0.440871	0.431676	0.434209	0.422525	0.438145	0.41475	0.431534	0.431093	0.439767	0.433219	0.428268	0.434853	0.416038	0.42946	0.424622	0.439742	0.422303	0.430377	0.441362	0.423051	0.413377	0.430248	0.450507	0.450293	0.431223	0.430414	0.43944	0.421095	0.415139	0.409686	0.428063	0.432609	0.43915	0.447926	0.444433	0.437881	0.426736	0.440654	0.430244	0.444042	0.44021	0.429786	0.434119	0.428216	0.449779	0.434552	0.419404	0.416852	0.425832	0.418749	0.382396	0.406575	0.400217	0.415436	0.46935	0.452713	0.403111	0.42306	0.4063	0.393114	0.405263	0.338975	0.342752	0.362943	0.35881	0.358308	0.366441	0.367585	0.373704	0.321912	0.403729	0.391849	0.394726	0.424355	0.351352	0.35022	0.328073	0.330448	0.342872	0.38414	0.363538	0.492956	0.387331	0.38838	0.400774	0.391018	0.367918	0.377403	0.356947	0.354361	0.384621	0.379691	0.418985	0.432149	0.443661	0.450763	0.44511	0.426007	0.320823	0.320815	0.324328	0.331461	0.409033	0.405595	0.394356	0.379764	0.380759	0.370341	0.355999	0.356201	0.3582	0.362713	0.329338	0.327419	0.318895	0.324938	0.323799	0.329275	0.351827	0.355215	0.339288	0.336967	0.34475	0.346105	0.333624	0.347115	0.34966	0.342696	0.35195	0.341619	0.335895	0.354211	0.356543	0.49121	0.36408	0.350078	0.349977	0.403771	0.400142	0.410985	0.405336	0.394572	0.335687	0.345515	0.356817	0.328044	0.330272	0.32819	0.330726	0.338919	0.34902	0.337961	0.362364	0.352456	0.368232	0.332877	0.306967	0.351284	0.347366	0.263158	0.0568098	0	0.0896623	0.311439	0.207228	0.211406	0.22145	0.216031	0.181906	0.234088	0.342552	0.341407	0.357398	0.363408	0.327605	0.335467	0.337661	0.336611	0.335516	0.370864	0.364073	0.461839	0.453615	0.46543	0.46349	0.477832	0.469704	0.45448	0.473908	0.473908	0.465869	0.396231	0.395955	0.369395	0.310104	0.307812	0.306612	0.314686	0.314782	0.350964	0.356884	0.354436	0.343957	0.335976	0.349209	0.349209	0.355983	0.348071	0.350338	0.359282	0.31969	0.313622	0.335424	0.346395	0.329471	0.348388	0.374586	0.380805	0.405173	0.315359	0.317864	0.319788	0.341343	0.308394	0.311742	0.313303	0.313997	0.303621	0.323738	0.331473
Odontophorus_gujanensis	0.385884	0.421917	0.416689	0.426707	0.435199	0.424856	0.425399	0.422596	0.439053	0.444993	0.443159	0.438197	0.433594	0.445347	0.437819	0.450604	0.442286	0.442372	0.422285	0.443797	0.458222	0.444464	0.448835	0.44323	0.442316	0.417858	0.451347	0.449836	0.444748	0.451923	0.44417	0.446316	0.477921	0.474738	0.455843	0.446732	0.437943	0.452465	0.462672	0.44479	0.442295	0.434098	0.448958	0.463291	0.474536	0.445579	0.467251	0.447919	0.44516	0.441745	0.438798	0.426296	0.43626	0.444078	0.431052	0.442328	0.424384	0.42005	0.448227	0.427432	0.422695	0.426724	0.437008	0.435514	0.439452	0.441012	0.445879	0.451891	0.44559	0.437819	0.438341	0.438131	0.442519	0.438543	0.438415	0.485944	0.446526	0.4479	0.422475	0.435466	0.450235	0.43309	0.41658	0.422459	0.421496	0.406354	0.410622	0.404911	0.398091	0.408982	0.428739	0.411671	0.415262	0.410751	0.408347	0.407143	0.425587	0.402447	0.406614	0.421289	0.420485	0.41129	0.413823	0.402139	0.417759	0.394364	0.411148	0.410707	0.419381	0.412833	0.407883	0.414467	0.395653	0.409074	0.404236	0.419356	0.401918	0.409991	0.420976	0.402666	0.392991	0.409862	0.430121	0.429908	0.410838	0.410028	0.419054	0.400709	0.394754	0.3893	0.407677	0.412223	0.418764	0.42754	0.424047	0.417495	0.406351	0.420268	0.409859	0.423656	0.419824	0.409401	0.413733	0.40783	0.429393	0.414166	0.399018	0.396466	0.405446	0.398363	0.36201	0.38619	0.379831	0.39505	0.448964	0.432328	0.382725	0.402675	0.385915	0.372728	0.384877	0.318589	0.322366	0.342557	0.338425	0.337923	0.346055	0.347199	0.353318	0.301526	0.383343	0.371464	0.37434	0.403969	0.330966	0.329834	0.307687	0.310062	0.322487	0.363754	0.343152	0.472571	0.366945	0.367995	0.380389	0.370632	0.347532	0.357018	0.336562	0.333975	0.364236	0.359305	0.398599	0.411763	0.423276	0.430377	0.424724	0.405621	0.300438	0.300429	0.303943	0.311075	0.388648	0.385209	0.37397	0.359379	0.360373	0.349956	0.335614	0.335815	0.337815	0.342327	0.308953	0.307034	0.298509	0.304553	0.303413	0.308889	0.331441	0.33483	0.318903	0.316582	0.324365	0.325719	0.313238	0.326729	0.329274	0.32231	0.331564	0.321234	0.31551	0.333826	0.336157	0.470824	0.343694	0.329692	0.329591	0.383386	0.379756	0.3906	0.38495	0.374186	0.315301	0.325129	0.336431	0.307658	0.309886	0.307804	0.310341	0.318533	0.328634	0.317576	0.341978	0.33207	0.347847	0.312492	0.286581	0.330899	0.32698	0.242773	0.0783145	0.0896623	0	0.291054	0.186842	0.19102	0.201065	0.195645	0.16152	0.213702	0.322166	0.321021	0.337012	0.343022	0.307219	0.315082	0.317275	0.316226	0.315131	0.350478	0.343688	0.441453	0.433229	0.445044	0.443104	0.457446	0.449319	0.434095	0.453522	0.453522	0.445483	0.375846	0.375569	0.349009	0.289718	0.287427	0.286226	0.2943	0.294397	0.330578	0.336498	0.33405	0.323572	0.31559	0.328823	0.328823	0.335598	0.327686	0.329952	0.338896	0.299304	0.293236	0.315039	0.32601	0.309085	0.328003	0.3542	0.360419	0.384788	0.294973	0.297478	0.299402	0.320957	0.288008	0.291356	0.292917	0.293611	0.283235	0.303352	0.311088
Coturnix_japonica	0.471741	0.507773	0.502546	0.512563	0.521056	0.510712	0.511255	0.508452	0.524909	0.530849	0.529016	0.524053	0.519451	0.531204	0.523675	0.536461	0.528142	0.528228	0.508141	0.529654	0.544079	0.53032	0.534691	0.529086	0.528173	0.503714	0.537204	0.535692	0.530604	0.53778	0.530027	0.532172	0.563778	0.560594	0.5417	0.532588	0.523799	0.538322	0.548529	0.530646	0.528151	0.519954	0.534814	0.549148	0.560393	0.531436	0.553108	0.533775	0.531017	0.527601	0.524655	0.512152	0.522117	0.529935	0.516909	0.528185	0.51024	0.505906	0.534083	0.513289	0.508551	0.51258	0.522865	0.521371	0.525308	0.526869	0.531735	0.537747	0.531447	0.523676	0.524197	0.523987	0.528376	0.5244	0.524271	0.5718	0.532383	0.533756	0.508331	0.521322	0.536092	0.518947	0.502437	0.508316	0.507353	0.492211	0.496479	0.490768	0.483948	0.494838	0.514595	0.497527	0.501119	0.496608	0.494204	0.493	0.511443	0.488304	0.492471	0.507146	0.506342	0.497147	0.499679	0.487995	0.503616	0.480221	0.497004	0.496564	0.505238	0.49869	0.493739	0.500323	0.481509	0.494931	0.490093	0.505212	0.487774	0.495847	0.506833	0.488522	0.478847	0.495719	0.515978	0.515764	0.496694	0.495884	0.504911	0.486566	0.48061	0.475157	0.493534	0.49808	0.504621	0.513397	0.509904	0.503352	0.492207	0.506124	0.495715	0.509512	0.50568	0.495257	0.49959	0.493686	0.51525	0.500023	0.484875	0.482323	0.491303	0.484219	0.447867	0.472046	0.465688	0.480907	0.534821	0.518184	0.468582	0.488531	0.471771	0.458585	0.470734	0.404446	0.408223	0.428414	0.424281	0.423779	0.431912	0.433056	0.439175	0.387383	0.4692	0.45732	0.460197	0.489826	0.416823	0.41569	0.393544	0.395918	0.408343	0.44961	0.429009	0.558427	0.452802	0.453851	0.466245	0.456488	0.433389	0.442874	0.422418	0.419831	0.450092	0.445162	0.484456	0.49762	0.509132	0.516234	0.51058	0.491478	0.386294	0.386286	0.389799	0.396932	0.474504	0.471066	0.459827	0.445235	0.44623	0.435812	0.42147	0.421672	0.423671	0.428184	0.394809	0.39289	0.384365	0.390409	0.389269	0.394745	0.417298	0.420686	0.404759	0.402438	0.410221	0.411576	0.399094	0.412586	0.415131	0.408167	0.417421	0.40709	0.401366	0.419682	0.422014	0.556681	0.429551	0.415549	0.415448	0.469242	0.465613	0.476456	0.470807	0.460043	0.401158	0.410986	0.422288	0.393515	0.395743	0.39366	0.396197	0.40439	0.414491	0.403432	0.427835	0.417927	0.433703	0.398348	0.372438	0.416755	0.412837	0.328629	0.300092	0.311439	0.291054	0	0.221733	0.229385	0.239429	0.23401	0.239716	0.299559	0.408023	0.406878	0.422868	0.428879	0.393076	0.400938	0.403132	0.402082	0.400987	0.436334	0.429544	0.52731	0.519086	0.530901	0.528961	0.543302	0.535175	0.519951	0.539378	0.539378	0.53134	0.461702	0.461426	0.434866	0.375575	0.373283	0.372083	0.380157	0.380253	0.416435	0.422355	0.419907	0.409428	0.401447	0.41468	0.41468	0.421454	0.413542	0.415809	0.424753	0.385161	0.379093	0.400895	0.411866	0.394941	0.413859	0.440057	0.446276	0.470644	0.38083	0.383334	0.385259	0.406813	0.373865	0.377213	0.378774	0.379468	0.369092	0.389209	0.396944
Gallus_gallus	0.367529	0.403562	0.398334	0.408352	0.416844	0.406501	0.407044	0.404241	0.420698	0.426638	0.424804	0.419842	0.415239	0.426992	0.419464	0.432249	0.423931	0.424017	0.40393	0.425442	0.439867	0.426109	0.43048	0.424875	0.423961	0.399502	0.432992	0.431481	0.426393	0.433568	0.425815	0.427961	0.459566	0.456383	0.437488	0.428377	0.419588	0.43411	0.444317	0.426435	0.42394	0.415743	0.430603	0.444936	0.456181	0.427224	0.448896	0.429564	0.426805	0.42339	0.420443	0.407941	0.417905	0.425723	0.412697	0.423973	0.406029	0.401695	0.429872	0.409077	0.40434	0.408369	0.418653	0.417159	0.421097	0.422657	0.427524	0.433536	0.427235	0.419464	0.419986	0.419776	0.424164	0.420188	0.42006	0.467589	0.428171	0.429545	0.40412	0.417111	0.43188	0.414735	0.398225	0.404104	0.403141	0.387999	0.392267	0.386556	0.379736	0.390627	0.410384	0.393316	0.396907	0.392396	0.389992	0.388788	0.407232	0.384092	0.388259	0.402934	0.40213	0.392935	0.395468	0.383784	0.399404	0.376009	0.392793	0.392352	0.401026	0.394478	0.389528	0.396112	0.377298	0.390719	0.385881	0.401001	0.383563	0.391636	0.402621	0.384311	0.374636	0.391507	0.411766	0.411553	0.392483	0.391673	0.400699	0.382354	0.376399	0.370945	0.389322	0.393868	0.400409	0.409185	0.405692	0.39914	0.387996	0.401913	0.391504	0.405301	0.401469	0.391046	0.395378	0.389475	0.411038	0.395811	0.380663	0.378111	0.387091	0.380008	0.343655	0.367835	0.361476	0.376695	0.430609	0.413973	0.36437	0.38432	0.36756	0.354373	0.366522	0.300234	0.304011	0.324202	0.32007	0.319568	0.3277	0.328844	0.334963	0.283171	0.364988	0.353109	0.355985	0.385614	0.312611	0.311479	0.289332	0.291707	0.304132	0.345399	0.324797	0.454216	0.34859	0.34964	0.362034	0.352277	0.329177	0.338663	0.318207	0.31562	0.345881	0.34095	0.380244	0.393408	0.404921	0.412022	0.406369	0.387266	0.282083	0.282074	0.285588	0.29272	0.370293	0.366854	0.355615	0.341024	0.342018	0.331601	0.317259	0.31746	0.31946	0.323972	0.290598	0.288679	0.280154	0.286198	0.285058	0.290534	0.313086	0.316475	0.300548	0.298227	0.30601	0.307364	0.294883	0.308374	0.310919	0.303955	0.313209	0.302879	0.297155	0.315471	0.317802	0.452469	0.325339	0.311337	0.311236	0.365031	0.361401	0.372245	0.366595	0.355831	0.296946	0.306774	0.318076	0.289303	0.291531	0.289449	0.291986	0.300178	0.310279	0.299221	0.323623	0.313715	0.329492	0.294137	0.268226	0.312544	0.308625	0.224418	0.19588	0.207228	0.186842	0.221733	0	0.125174	0.135218	0.129798	0.135505	0.195347	0.303811	0.302666	0.318657	0.324667	0.288864	0.296727	0.29892	0.297871	0.296776	0.332123	0.325333	0.423098	0.414874	0.426689	0.424749	0.439091	0.430964	0.41574	0.435167	0.435167	0.427128	0.357491	0.357214	0.330654	0.271363	0.269072	0.267871	0.275945	0.276042	0.312223	0.318143	0.315695	0.305217	0.297235	0.310468	0.310468	0.317243	0.309331	0.311597	0.320541	0.280949	0.274881	0.296684	0.307655	0.29073	0.309648	0.335845	0.342064	0.366433	0.276618	0.279123	0.281047	0.302602	0.269653	0.273001	0.274562	0.275256	0.26488	0.284997	0.292732
Meleagris_gallopavo	0.371708	0.40774	0.402512	0.41253	0.421023	0.410679	0.411222	0.408419	0.424876	0.430816	0.428983	0.42402	0.419418	0.43117	0.423642	0.436427	0.428109	0.428195	0.408108	0.429621	0.444046	0.430287	0.434658	0.429053	0.42814	0.403681	0.43717	0.435659	0.430571	0.437746	0.429994	0.432139	0.463745	0.460561	0.441667	0.432555	0.423766	0.438289	0.448495	0.430613	0.428118	0.419921	0.434781	0.449115	0.460359	0.431403	0.453074	0.433742	0.430984	0.427568	0.424621	0.412119	0.422083	0.429901	0.416876	0.428151	0.410207	0.405873	0.43405	0.413256	0.408518	0.412547	0.422831	0.421337	0.425275	0.426835	0.431702	0.437714	0.431414	0.423642	0.424164	0.423954	0.428342	0.424367	0.424238	0.471767	0.43235	0.433723	0.408298	0.421289	0.436059	0.418913	0.402403	0.408282	0.40732	0.392177	0.396445	0.390735	0.383915	0.394805	0.414562	0.397494	0.401085	0.396575	0.394171	0.392966	0.41141	0.38827	0.392438	0.407112	0.406309	0.397113	0.399646	0.387962	0.403582	0.380188	0.396971	0.39653	0.405205	0.398657	0.393706	0.40029	0.381476	0.394897	0.39006	0.405179	0.387741	0.395814	0.4068	0.388489	0.378814	0.395685	0.415945	0.415731	0.396661	0.395851	0.404877	0.386533	0.380577	0.375124	0.393501	0.398047	0.404587	0.413364	0.40987	0.403319	0.392174	0.406091	0.395682	0.409479	0.405647	0.395224	0.399557	0.393653	0.415217	0.399989	0.384841	0.38229	0.391269	0.384186	0.347833	0.372013	0.365655	0.380873	0.434788	0.418151	0.368548	0.388498	0.371738	0.358551	0.3707	0.304412	0.308189	0.32838	0.324248	0.323746	0.331878	0.333022	0.339142	0.28735	0.369167	0.357287	0.360164	0.389792	0.31679	0.315657	0.293511	0.295885	0.30831	0.349577	0.328975	0.458394	0.352768	0.353818	0.366212	0.356455	0.333355	0.342841	0.322385	0.319798	0.350059	0.345128	0.384422	0.397587	0.409099	0.4162	0.410547	0.391444	0.286261	0.286253	0.289766	0.296898	0.374471	0.371032	0.359793	0.345202	0.346197	0.335779	0.321437	0.321639	0.323638	0.32815	0.294776	0.292857	0.284332	0.290376	0.289236	0.294712	0.317264	0.320653	0.304726	0.302405	0.310188	0.311543	0.299061	0.312552	0.315097	0.308134	0.317388	0.307057	0.301333	0.319649	0.32198	0.456647	0.329518	0.315516	0.315414	0.369209	0.36558	0.376423	0.370773	0.360009	0.301125	0.310953	0.322254	0.293482	0.29571	0.293627	0.296164	0.304357	0.314457	0.303399	0.327802	0.317893	0.33367	0.298315	0.272404	0.316722	0.312803	0.228596	0.200058	0.211406	0.19102	0.229385	0.125174	0	0.0691809	0.0671999	0.139683	0.199525	0.30799	0.306844	0.322835	0.328846	0.293043	0.300905	0.303098	0.302049	0.300954	0.336301	0.329511	0.427276	0.419052	0.430867	0.428928	0.443269	0.435142	0.419918	0.439345	0.439345	0.431306	0.361669	0.361393	0.334832	0.275542	0.27325	0.27205	0.280123	0.28022	0.316401	0.322322	0.319874	0.309395	0.301413	0.314647	0.314647	0.321421	0.313509	0.315776	0.324719	0.285127	0.279059	0.300862	0.311833	0.294908	0.313826	0.340023	0.346242	0.370611	0.280796	0.283301	0.285226	0.30678	0.273831	0.277179	0.278741	0.279435	0.269059	0.289176	0.296911
Tympanuchus_cupido	0.381752	0.417784	0.412557	0.422574	0.431067	0.420723	0.421266	0.418463	0.43492	0.44086	0.439027	0.434064	0.429462	0.441214	0.433686	0.446471	0.438153	0.438239	0.418152	0.439665	0.45409	0.440331	0.444702	0.439097	0.438184	0.413725	0.447214	0.445703	0.440615	0.44779	0.440038	0.442183	0.473789	0.470605	0.451711	0.442599	0.43381	0.448333	0.458539	0.440657	0.438162	0.429965	0.444825	0.459159	0.470404	0.441447	0.463119	0.443786	0.441028	0.437612	0.434665	0.422163	0.432127	0.439945	0.42692	0.438196	0.420251	0.415917	0.444094	0.4233	0.418562	0.422591	0.432876	0.431381	0.435319	0.43688	0.441746	0.447758	0.441458	0.433687	0.434208	0.433998	0.438386	0.434411	0.434282	0.481811	0.442394	0.443767	0.418342	0.431333	0.446103	0.428958	0.412448	0.418327	0.417364	0.402222	0.406489	0.400779	0.393959	0.404849	0.424606	0.407538	0.411129	0.406619	0.404215	0.403011	0.421454	0.398314	0.402482	0.417157	0.416353	0.407158	0.40969	0.398006	0.413627	0.390232	0.407015	0.406574	0.415249	0.408701	0.40375	0.410334	0.39152	0.404941	0.400104	0.415223	0.397785	0.405858	0.416844	0.398533	0.388858	0.405729	0.425989	0.425775	0.406705	0.405895	0.414921	0.396577	0.390621	0.385168	0.403545	0.408091	0.414631	0.423408	0.419914	0.413363	0.402218	0.416135	0.405726	0.419523	0.415691	0.405268	0.409601	0.403697	0.425261	0.410034	0.394885	0.392334	0.401314	0.39423	0.357877	0.382057	0.375699	0.390917	0.444832	0.428195	0.378592	0.398542	0.381782	0.368595	0.380744	0.314456	0.318234	0.338425	0.334292	0.33379	0.341923	0.343067	0.349186	0.297394	0.379211	0.367331	0.370208	0.399836	0.326834	0.325701	0.303555	0.305929	0.318354	0.359621	0.33902	0.468438	0.362812	0.363862	0.376256	0.366499	0.343399	0.352885	0.332429	0.329842	0.360103	0.355173	0.394466	0.407631	0.419143	0.426244	0.420591	0.401488	0.296305	0.296297	0.29981	0.306942	0.384515	0.381076	0.369837	0.355246	0.356241	0.345823	0.331481	0.331683	0.333682	0.338194	0.30482	0.302901	0.294376	0.30042	0.29928	0.304756	0.327308	0.330697	0.31477	0.312449	0.320232	0.321587	0.309105	0.322596	0.325142	0.318178	0.327432	0.317101	0.311377	0.329693	0.332025	0.466692	0.339562	0.32556	0.325458	0.379253	0.375624	0.386467	0.380817	0.370054	0.311169	0.320997	0.332298	0.303526	0.305754	0.303671	0.306208	0.314401	0.324502	0.313443	0.337846	0.327938	0.343714	0.308359	0.282448	0.326766	0.322848	0.23864	0.210102	0.22145	0.201065	0.239429	0.135218	0.0691809	0	0.0772441	0.149727	0.209569	0.318034	0.316888	0.332879	0.33889	0.303087	0.310949	0.313143	0.312093	0.310998	0.346345	0.339555	0.43732	0.429096	0.440911	0.438972	0.453313	0.445186	0.429962	0.449389	0.449389	0.44135	0.371713	0.371437	0.344876	0.285586	0.283294	0.282094	0.290168	0.290264	0.326445	0.332366	0.329918	0.319439	0.311457	0.324691	0.324691	0.331465	0.323553	0.32582	0.334763	0.295171	0.289103	0.310906	0.321877	0.304952	0.32387	0.350067	0.356286	0.380655	0.290841	0.293345	0.29527	0.316824	0.283875	0.287224	0.288785	0.289479	0.279103	0.29922	0.306955
Phasianus_colchicus	0.376333	0.412365	0.407137	0.417155	0.425648	0.415304	0.415847	0.413044	0.429501	0.435441	0.433608	0.428645	0.424042	0.435795	0.428267	0.441052	0.432734	0.43282	0.412733	0.434245	0.448671	0.434912	0.439283	0.433678	0.432765	0.408306	0.441795	0.440284	0.435196	0.442371	0.434619	0.436764	0.46837	0.465186	0.446292	0.43718	0.428391	0.442914	0.45312	0.435238	0.432743	0.424546	0.439406	0.453739	0.464984	0.436027	0.457699	0.438367	0.435609	0.432193	0.429246	0.416744	0.426708	0.434526	0.421501	0.432776	0.414832	0.410498	0.438675	0.417881	0.413143	0.417172	0.427456	0.425962	0.4299	0.43146	0.436327	0.442339	0.436038	0.428267	0.428789	0.428579	0.432967	0.428991	0.428863	0.476392	0.436974	0.438348	0.412923	0.425914	0.440683	0.423538	0.407028	0.412907	0.411944	0.396802	0.40107	0.39536	0.388539	0.39943	0.419187	0.402119	0.40571	0.4012	0.398796	0.397591	0.416035	0.392895	0.397062	0.411737	0.410933	0.401738	0.404271	0.392587	0.408207	0.384813	0.401596	0.401155	0.409829	0.403282	0.398331	0.404915	0.386101	0.399522	0.394684	0.409804	0.392366	0.400439	0.411425	0.393114	0.383439	0.40031	0.420569	0.420356	0.401286	0.400476	0.409502	0.391158	0.385202	0.379749	0.398126	0.402671	0.409212	0.417988	0.414495	0.407943	0.396799	0.410716	0.400307	0.414104	0.410272	0.399849	0.404182	0.398278	0.419842	0.404614	0.389466	0.386914	0.395894	0.388811	0.352458	0.376638	0.37028	0.385498	0.439412	0.422776	0.373173	0.393123	0.376363	0.363176	0.375325	0.309037	0.312814	0.333005	0.328873	0.328371	0.336503	0.337647	0.343766	0.291974	0.373791	0.361912	0.364789	0.394417	0.321414	0.320282	0.298135	0.30051	0.312935	0.354202	0.3336	0.463019	0.357393	0.358443	0.370837	0.36108	0.33798	0.347466	0.32701	0.324423	0.354684	0.349753	0.389047	0.402211	0.413724	0.420825	0.415172	0.396069	0.290886	0.290878	0.294391	0.301523	0.379096	0.375657	0.364418	0.349827	0.350822	0.340404	0.326062	0.326263	0.328263	0.332775	0.299401	0.297482	0.288957	0.295001	0.293861	0.299337	0.321889	0.325278	0.309351	0.30703	0.314813	0.316168	0.303686	0.317177	0.319722	0.312758	0.322012	0.311682	0.305958	0.324274	0.326605	0.461272	0.334143	0.320141	0.320039	0.373834	0.370204	0.381048	0.375398	0.364634	0.30575	0.315578	0.326879	0.298106	0.300335	0.298252	0.300789	0.308982	0.319082	0.308024	0.332426	0.322518	0.338295	0.30294	0.277029	0.321347	0.317428	0.233221	0.204683	0.216031	0.195645	0.23401	0.129798	0.0671999	0.0772441	0	0.144308	0.20415	0.312614	0.311469	0.32746	0.33347	0.297667	0.30553	0.307723	0.306674	0.305579	0.340926	0.334136	0.431901	0.423677	0.435492	0.433553	0.447894	0.439767	0.424543	0.44397	0.44397	0.435931	0.366294	0.366018	0.339457	0.280167	0.277875	0.276674	0.284748	0.284845	0.321026	0.326947	0.324499	0.31402	0.306038	0.319271	0.319271	0.326046	0.318134	0.320401	0.329344	0.289752	0.283684	0.305487	0.316458	0.299533	0.318451	0.344648	0.350867	0.375236	0.285421	0.287926	0.28985	0.311405	0.278456	0.281804	0.283366	0.284059	0.273683	0.293801	0.301536
Numida_meleagris	0.342208	0.37824	0.373012	0.38303	0.391523	0.381179	0.381722	0.378919	0.395376	0.401316	0.399483	0.39452	0.389917	0.40167	0.394142	0.406927	0.398609	0.398695	0.378608	0.40012	0.414546	0.400787	0.405158	0.399553	0.39864	0.374181	0.40767	0.406159	0.401071	0.408246	0.400494	0.402639	0.434245	0.431061	0.412167	0.403055	0.394266	0.408789	0.418995	0.401113	0.398618	0.390421	0.405281	0.419614	0.430859	0.401902	0.423574	0.404242	0.401484	0.398068	0.395121	0.382619	0.392583	0.400401	0.387376	0.398651	0.380707	0.376373	0.40455	0.383756	0.379018	0.383047	0.393331	0.391837	0.395775	0.397335	0.402202	0.408214	0.401913	0.394142	0.394664	0.394454	0.398842	0.394866	0.394738	0.442267	0.402849	0.404223	0.378798	0.391789	0.406559	0.389413	0.372903	0.378782	0.377819	0.362677	0.366945	0.361235	0.354414	0.365305	0.385062	0.367994	0.371585	0.367075	0.364671	0.363466	0.38191	0.35877	0.362937	0.377612	0.376808	0.367613	0.370146	0.358462	0.374082	0.350688	0.367471	0.36703	0.375704	0.369157	0.364206	0.37079	0.351976	0.365397	0.360559	0.375679	0.358241	0.366314	0.3773	0.358989	0.349314	0.366185	0.386444	0.386231	0.367161	0.366351	0.375377	0.357033	0.351077	0.345624	0.364001	0.368546	0.375087	0.383863	0.38037	0.373818	0.362674	0.376591	0.366182	0.379979	0.376147	0.365724	0.370057	0.364153	0.385717	0.370489	0.355341	0.352789	0.361769	0.354686	0.318333	0.342513	0.336155	0.351373	0.405287	0.388651	0.339048	0.358998	0.342238	0.329051	0.3412	0.274912	0.278689	0.29888	0.294748	0.294246	0.302378	0.303522	0.309641	0.257849	0.339666	0.327787	0.330664	0.360292	0.287289	0.286157	0.26401	0.266385	0.27881	0.320077	0.299475	0.428894	0.323268	0.324318	0.336712	0.326955	0.303855	0.313341	0.292885	0.290298	0.320559	0.315628	0.354922	0.368086	0.379599	0.3867	0.381047	0.361944	0.256761	0.256753	0.260266	0.267398	0.344971	0.341532	0.330293	0.315702	0.316697	0.306279	0.291937	0.292138	0.294138	0.29865	0.265276	0.263357	0.254832	0.260876	0.259736	0.265212	0.287764	0.291153	0.275226	0.272905	0.280688	0.282043	0.269561	0.283052	0.285597	0.278633	0.287887	0.277557	0.271833	0.290149	0.29248	0.427147	0.300018	0.286016	0.285914	0.339709	0.336079	0.346923	0.341273	0.330509	0.271625	0.281453	0.292754	0.263981	0.26621	0.264127	0.266664	0.274857	0.284957	0.273899	0.298302	0.288393	0.30417	0.268815	0.242904	0.287222	0.283303	0.199096	0.170558	0.181906	0.16152	0.239716	0.135505	0.139683	0.149727	0.144308	0	0.170025	0.278489	0.277344	0.293335	0.299345	0.263542	0.271405	0.273598	0.272549	0.271454	0.306801	0.300011	0.397776	0.389552	0.401367	0.399428	0.413769	0.405642	0.390418	0.409845	0.409845	0.401806	0.332169	0.331893	0.305332	0.246042	0.24375	0.242549	0.250623	0.25072	0.286901	0.292822	0.290374	0.279895	0.271913	0.285146	0.285146	0.291921	0.284009	0.286276	0.295219	0.255627	0.249559	0.271362	0.282333	0.265408	0.284326	0.310523	0.316742	0.341111	0.251296	0.253801	0.255725	0.27728	0.244331	0.247679	0.249241	0.249934	0.239558	0.259676	0.267411
Penelope_pileata	0.305792	0.341824	0.336596	0.346614	0.355107	0.344763	0.345306	0.342503	0.35896	0.3649	0.363067	0.358104	0.353502	0.365254	0.357726	0.370511	0.362193	0.362279	0.342192	0.363705	0.37813	0.364371	0.368742	0.363137	0.362224	0.337765	0.371254	0.369743	0.364655	0.37183	0.364078	0.366223	0.397829	0.394645	0.375751	0.366639	0.35785	0.372373	0.382579	0.364697	0.362202	0.354005	0.368865	0.383199	0.394443	0.365487	0.387158	0.367826	0.365068	0.361652	0.358705	0.346203	0.356167	0.363985	0.35096	0.362235	0.344291	0.339957	0.368134	0.34734	0.342602	0.346631	0.356915	0.355421	0.359359	0.360919	0.365786	0.371798	0.365498	0.357726	0.358248	0.358038	0.362426	0.358451	0.358322	0.405851	0.366434	0.367807	0.342382	0.355373	0.370143	0.352997	0.336487	0.342366	0.341404	0.326261	0.330529	0.324819	0.317999	0.328889	0.348646	0.331578	0.335169	0.330659	0.328255	0.32705	0.345494	0.322354	0.326522	0.341196	0.340393	0.331197	0.33373	0.322046	0.337667	0.314272	0.331055	0.330614	0.339289	0.332741	0.32779	0.334374	0.31556	0.328981	0.324144	0.339263	0.321825	0.329898	0.340884	0.322573	0.312898	0.329769	0.350029	0.349815	0.330745	0.329935	0.338961	0.320617	0.314661	0.309208	0.327585	0.332131	0.338671	0.347448	0.343954	0.337403	0.326258	0.340175	0.329766	0.343563	0.339731	0.329308	0.333641	0.327737	0.349301	0.334073	0.318925	0.316374	0.325353	0.31827	0.281917	0.306097	0.299739	0.314957	0.368872	0.352235	0.302632	0.322582	0.305822	0.292635	0.304784	0.238496	0.242273	0.262464	0.258332	0.25783	0.265962	0.267106	0.273226	0.221434	0.303251	0.291371	0.294248	0.323876	0.250874	0.249741	0.227595	0.229969	0.242394	0.283661	0.263059	0.392478	0.286852	0.287902	0.300296	0.290539	0.267439	0.276925	0.256469	0.253882	0.284143	0.279212	0.318506	0.331671	0.343183	0.350284	0.344631	0.325528	0.220345	0.220337	0.22385	0.230982	0.308555	0.305116	0.293877	0.279286	0.280281	0.269863	0.255521	0.255723	0.257722	0.262234	0.22886	0.226941	0.218416	0.22446	0.22332	0.228796	0.251348	0.254737	0.23881	0.236489	0.244272	0.245627	0.233145	0.246636	0.249181	0.242218	0.251472	0.241141	0.235417	0.253733	0.256064	0.390731	0.263602	0.2496	0.249498	0.303293	0.299664	0.310507	0.304857	0.294093	0.235209	0.245037	0.256338	0.227566	0.229794	0.227711	0.230248	0.238441	0.248541	0.237483	0.261886	0.251977	0.267754	0.232399	0.206488	0.250806	0.246887	0.16268	0.22274	0.234088	0.213702	0.299559	0.195347	0.199525	0.209569	0.20415	0.170025	0	0.242074	0.240928	0.256919	0.26293	0.227127	0.234989	0.237182	0.236133	0.235038	0.270385	0.263595	0.36136	0.353136	0.364951	0.363012	0.377353	0.369226	0.354002	0.373429	0.373429	0.36539	0.295753	0.295477	0.268916	0.209626	0.207334	0.206134	0.214207	0.214304	0.250485	0.256406	0.253958	0.243479	0.235497	0.248731	0.248731	0.255505	0.247593	0.24986	0.258803	0.219211	0.213143	0.234946	0.245917	0.228992	0.24791	0.274107	0.280326	0.304695	0.21488	0.217385	0.21931	0.240864	0.207915	0.211263	0.212825	0.213519	0.203143	0.22326	0.230995
Anas_platyrhynchos	0.320271	0.356303	0.351076	0.361093	0.369586	0.359242	0.359785	0.356982	0.373439	0.379379	0.377546	0.372583	0.367981	0.379733	0.372205	0.38499	0.376672	0.376758	0.356671	0.378184	0.392609	0.37885	0.383221	0.377616	0.376703	0.352244	0.385733	0.384222	0.379134	0.386309	0.378557	0.380702	0.412308	0.409124	0.39023	0.381118	0.372329	0.386852	0.397059	0.379176	0.376681	0.368484	0.383344	0.397678	0.408923	0.379966	0.401638	0.382305	0.379547	0.376131	0.373184	0.360682	0.370647	0.378465	0.365439	0.376715	0.35877	0.354436	0.382613	0.361819	0.357081	0.36111	0.371395	0.3699	0.373838	0.375399	0.380265	0.386277	0.379977	0.372206	0.372727	0.372517	0.376905	0.37293	0.372801	0.42033	0.380913	0.382286	0.356861	0.369852	0.384622	0.367477	0.350967	0.356846	0.355883	0.340741	0.345008	0.339298	0.332478	0.343368	0.363125	0.346057	0.349649	0.345138	0.342734	0.34153	0.359973	0.336833	0.341001	0.355676	0.354872	0.345677	0.348209	0.336525	0.352146	0.328751	0.345534	0.345094	0.353768	0.34722	0.342269	0.348853	0.330039	0.34346	0.338623	0.353742	0.336304	0.344377	0.355363	0.337052	0.327377	0.344249	0.364508	0.364294	0.345224	0.344414	0.35344	0.335096	0.32914	0.323687	0.342064	0.34661	0.35315	0.361927	0.358433	0.351882	0.340737	0.354654	0.344245	0.358042	0.35421	0.343787	0.34812	0.342216	0.36378	0.348553	0.333404	0.330853	0.339833	0.332749	0.296396	0.320576	0.314218	0.329436	0.383351	0.366714	0.317111	0.337061	0.320301	0.307115	0.319264	0.252976	0.256753	0.276944	0.272811	0.272309	0.280442	0.281586	0.287705	0.235913	0.31773	0.30585	0.308727	0.338355	0.265353	0.26422	0.242074	0.244448	0.256873	0.29814	0.277539	0.406957	0.301331	0.302381	0.314775	0.305018	0.281919	0.291404	0.270948	0.268361	0.298622	0.293692	0.332986	0.34615	0.357662	0.364764	0.35911	0.340008	0.234824	0.234816	0.238329	0.245461	0.323034	0.319595	0.308357	0.293765	0.29476	0.284342	0.27	0.270202	0.272201	0.276713	0.243339	0.24142	0.232895	0.238939	0.237799	0.243275	0.265827	0.269216	0.253289	0.250968	0.258751	0.260106	0.247624	0.261115	0.263661	0.256697	0.265951	0.25562	0.249896	0.268212	0.270544	0.405211	0.278081	0.264079	0.263977	0.317772	0.314143	0.324986	0.319336	0.308573	0.249688	0.259516	0.270817	0.242045	0.244273	0.24219	0.244727	0.25292	0.263021	0.251962	0.276365	0.266457	0.282233	0.246878	0.220967	0.265285	0.261367	0.261682	0.331204	0.342552	0.322166	0.408023	0.303811	0.30799	0.318034	0.312614	0.278489	0.242074	0	0.0011473	0.0264231	0.0324335	0.0448863	0.249468	0.251662	0.250612	0.249517	0.284864	0.278074	0.37584	0.367615	0.37943	0.377491	0.391832	0.383705	0.368481	0.387908	0.387908	0.379869	0.310232	0.309956	0.283395	0.224105	0.221813	0.220613	0.228687	0.228783	0.264964	0.270885	0.268437	0.257958	0.249977	0.26321	0.26321	0.269984	0.262072	0.264339	0.273282	0.23369	0.227622	0.249425	0.260396	0.243471	0.262389	0.288587	0.294805	0.319174	0.22936	0.231864	0.233789	0.255343	0.222394	0.225743	0.227304	0.227998	0.217622	0.237739	0.245474
Anas_zonorhyncha	0.319126	0.355158	0.34993	0.359948	0.368441	0.358097	0.35864	0.355837	0.372294	0.378234	0.376401	0.371438	0.366835	0.378588	0.37106	0.383845	0.375527	0.375613	0.355526	0.377038	0.391464	0.377705	0.382076	0.376471	0.375558	0.351099	0.384588	0.383077	0.377989	0.385164	0.377412	0.379557	0.411163	0.407979	0.389085	0.379973	0.371184	0.385707	0.395913	0.378031	0.375536	0.367339	0.382199	0.396532	0.407777	0.37882	0.400492	0.38116	0.378401	0.374986	0.372039	0.359537	0.369501	0.377319	0.364293	0.375569	0.357625	0.353291	0.381468	0.360674	0.355936	0.359965	0.370249	0.368755	0.372693	0.374253	0.37912	0.385132	0.378831	0.37106	0.371582	0.371372	0.37576	0.371784	0.371656	0.419185	0.379767	0.381141	0.355716	0.368707	0.383476	0.366331	0.349821	0.3557	0.354737	0.339595	0.343863	0.338153	0.331332	0.342223	0.36198	0.344912	0.348503	0.343993	0.341589	0.340384	0.358828	0.335688	0.339855	0.35453	0.353726	0.344531	0.347064	0.33538	0.351	0.327606	0.344389	0.343948	0.352622	0.346075	0.341124	0.347708	0.328894	0.342315	0.337477	0.352597	0.335159	0.343232	0.354218	0.335907	0.326232	0.343103	0.363362	0.363149	0.344079	0.343269	0.352295	0.333951	0.327995	0.322542	0.340919	0.345464	0.352005	0.360781	0.357288	0.350736	0.339592	0.353509	0.3431	0.356897	0.353065	0.342642	0.346975	0.341071	0.362635	0.347407	0.332259	0.329707	0.338687	0.331604	0.295251	0.319431	0.313073	0.328291	0.382205	0.365569	0.315966	0.335916	0.319156	0.305969	0.318118	0.25183	0.255607	0.275798	0.271666	0.271164	0.279296	0.28044	0.286559	0.234767	0.316584	0.304705	0.307582	0.33721	0.264207	0.263075	0.240928	0.243303	0.255728	0.296995	0.276393	0.405812	0.300186	0.301236	0.31363	0.303873	0.280773	0.290259	0.269803	0.267216	0.297477	0.292546	0.33184	0.345004	0.356517	0.363618	0.357965	0.338862	0.233679	0.233671	0.237184	0.244316	0.321889	0.31845	0.307211	0.29262	0.293614	0.283197	0.268855	0.269056	0.271056	0.275568	0.242194	0.240275	0.23175	0.237794	0.236654	0.24213	0.264682	0.268071	0.252144	0.249823	0.257606	0.258961	0.246479	0.25997	0.262515	0.255551	0.264805	0.254475	0.248751	0.267067	0.269398	0.404065	0.276936	0.262933	0.262832	0.316627	0.312997	0.323841	0.318191	0.307427	0.248543	0.258371	0.269672	0.240899	0.243128	0.241045	0.243582	0.251774	0.261875	0.250817	0.275219	0.265311	0.281088	0.245733	0.219822	0.26414	0.260221	0.260536	0.330059	0.341407	0.321021	0.406878	0.302666	0.306844	0.316888	0.311469	0.277344	0.240928	0.0011473	0	0.0252778	0.0312882	0.043741	0.248323	0.250516	0.249467	0.248372	0.283719	0.276929	0.374694	0.36647	0.378285	0.376346	0.390687	0.38256	0.367336	0.386763	0.386763	0.378724	0.309087	0.308811	0.28225	0.22296	0.220668	0.219467	0.227541	0.227638	0.263819	0.26974	0.267292	0.256813	0.248831	0.262064	0.262064	0.268839	0.260927	0.263194	0.272137	0.232545	0.226477	0.24828	0.259251	0.242326	0.261244	0.287441	0.29366	0.318029	0.228214	0.230719	0.232643	0.254198	0.221249	0.224597	0.226159	0.226852	0.216476	0.236593	0.244329
Asarcornis_scutulata	0.335116	0.371149	0.365921	0.375939	0.384431	0.374088	0.374631	0.371828	0.388285	0.394225	0.392391	0.387429	0.382826	0.394579	0.38705	0.399836	0.391518	0.391604	0.371517	0.393029	0.407454	0.393696	0.398067	0.392461	0.391548	0.367089	0.400579	0.399068	0.39398	0.401155	0.393402	0.395548	0.427153	0.42397	0.405075	0.395964	0.387175	0.401697	0.411904	0.394022	0.391527	0.38333	0.39819	0.412523	0.423768	0.394811	0.416483	0.397151	0.394392	0.390977	0.38803	0.375528	0.385492	0.39331	0.380284	0.39156	0.373616	0.369282	0.397459	0.376664	0.371927	0.375955	0.38624	0.384746	0.388684	0.390244	0.395111	0.401123	0.394822	0.387051	0.387573	0.387363	0.391751	0.387775	0.387647	0.435176	0.395758	0.397132	0.371707	0.384698	0.399467	0.382322	0.365812	0.371691	0.370728	0.355586	0.359854	0.354143	0.347323	0.358214	0.377971	0.360903	0.364494	0.359983	0.357579	0.356375	0.374819	0.351679	0.355846	0.370521	0.369717	0.360522	0.363055	0.351371	0.366991	0.343596	0.36038	0.359939	0.368613	0.362065	0.357114	0.363699	0.344885	0.358306	0.353468	0.368588	0.35115	0.359223	0.370208	0.351898	0.342223	0.359094	0.379353	0.37914	0.36007	0.35926	0.368286	0.349941	0.343986	0.338532	0.356909	0.361455	0.367996	0.376772	0.373279	0.366727	0.355583	0.3695	0.359091	0.372888	0.369056	0.358633	0.362965	0.357062	0.378625	0.363398	0.34825	0.345698	0.354678	0.347595	0.311242	0.335422	0.329063	0.344282	0.398196	0.381559	0.331957	0.351907	0.335146	0.32196	0.334109	0.267821	0.271598	0.291789	0.287657	0.287155	0.295287	0.296431	0.30255	0.250758	0.332575	0.320696	0.323572	0.353201	0.280198	0.279066	0.256919	0.259294	0.271719	0.312986	0.292384	0.421803	0.316177	0.317226	0.329621	0.319864	0.296764	0.30625	0.285794	0.283207	0.313467	0.308537	0.347831	0.360995	0.372508	0.379609	0.373956	0.354853	0.24967	0.249661	0.253175	0.260307	0.33788	0.334441	0.323202	0.30861	0.309605	0.299187	0.284845	0.285047	0.287047	0.291559	0.258185	0.256266	0.247741	0.253785	0.252645	0.258121	0.280673	0.284062	0.268135	0.265814	0.273596	0.274951	0.26247	0.275961	0.278506	0.271542	0.280796	0.270466	0.264742	0.283058	0.285389	0.420056	0.292926	0.278924	0.278823	0.332618	0.328988	0.339832	0.334182	0.323418	0.264533	0.274361	0.285663	0.25689	0.259118	0.257036	0.259573	0.267765	0.277866	0.266807	0.29121	0.281302	0.297079	0.261724	0.235813	0.28013	0.276212	0.276527	0.34605	0.357398	0.337012	0.422868	0.318657	0.322835	0.332879	0.32746	0.293335	0.256919	0.0264231	0.0252778	0	0.045406	0.0597318	0.264314	0.266507	0.265458	0.264362	0.29971	0.29292	0.390685	0.382461	0.394276	0.392336	0.406678	0.398551	0.383327	0.402754	0.402754	0.394715	0.325077	0.324801	0.298241	0.23895	0.236659	0.235458	0.243532	0.243629	0.27981	0.28573	0.283282	0.272804	0.264822	0.278055	0.278055	0.28483	0.276918	0.279184	0.288128	0.248536	0.242468	0.264271	0.275242	0.258317	0.277235	0.303432	0.309651	0.33402	0.244205	0.24671	0.248634	0.270189	0.23724	0.240588	0.242149	0.242843	0.232467	0.252584	0.260319
Cairina_moschata	0.341127	0.377159	0.371932	0.381949	0.390442	0.380098	0.380641	0.377838	0.394295	0.400235	0.398402	0.393439	0.388837	0.400589	0.393061	0.405846	0.397528	0.397614	0.377527	0.39904	0.413465	0.399706	0.404077	0.398472	0.397559	0.3731	0.406589	0.405078	0.39999	0.407165	0.399413	0.401558	0.433164	0.42998	0.411086	0.401974	0.393185	0.407708	0.417914	0.400032	0.397537	0.38934	0.4042	0.418534	0.429779	0.400822	0.422494	0.403161	0.400403	0.396987	0.39404	0.381538	0.391502	0.39932	0.386295	0.397571	0.379626	0.375292	0.403469	0.382675	0.377937	0.381966	0.392251	0.390756	0.394694	0.396255	0.401121	0.407133	0.400833	0.393062	0.393583	0.393373	0.397761	0.393786	0.393657	0.441186	0.401769	0.403142	0.377717	0.390708	0.405478	0.388333	0.371823	0.377702	0.376739	0.361597	0.365864	0.360154	0.353334	0.364224	0.383981	0.366913	0.370504	0.365994	0.36359	0.362386	0.380829	0.357689	0.361857	0.376532	0.375728	0.366533	0.369065	0.357381	0.373002	0.349607	0.36639	0.365949	0.374624	0.368076	0.363125	0.369709	0.350895	0.364316	0.359479	0.374598	0.35716	0.365233	0.376219	0.357908	0.348233	0.365104	0.385364	0.38515	0.36608	0.36527	0.374296	0.355952	0.349996	0.344543	0.36292	0.367466	0.374006	0.382783	0.379289	0.372738	0.361593	0.37551	0.365101	0.378898	0.375066	0.364643	0.368976	0.363072	0.384636	0.369409	0.35426	0.351709	0.360689	0.353605	0.317252	0.341432	0.335074	0.350292	0.404207	0.38757	0.337967	0.357917	0.341157	0.32797	0.340119	0.273831	0.277609	0.2978	0.293667	0.293165	0.301298	0.302442	0.308561	0.256769	0.338586	0.326706	0.329583	0.359211	0.286209	0.285076	0.26293	0.265304	0.277729	0.318996	0.298395	0.427813	0.322187	0.323237	0.335631	0.325874	0.302774	0.31226	0.291804	0.289217	0.319478	0.314548	0.353841	0.367006	0.378518	0.385619	0.379966	0.360863	0.25568	0.255672	0.259185	0.266317	0.34389	0.340451	0.329212	0.314621	0.315616	0.305198	0.290856	0.291058	0.293057	0.297569	0.264195	0.262276	0.253751	0.259795	0.258655	0.264131	0.286683	0.290072	0.274145	0.271824	0.279607	0.280962	0.26848	0.281971	0.284517	0.277553	0.286807	0.276476	0.270752	0.289068	0.2914	0.426067	0.298937	0.284935	0.284833	0.338628	0.334999	0.345842	0.340192	0.329429	0.270544	0.280372	0.291673	0.262901	0.265129	0.263046	0.265583	0.273776	0.283877	0.272818	0.297221	0.287313	0.303089	0.267734	0.241823	0.286141	0.282223	0.282538	0.35206	0.363408	0.343022	0.428879	0.324667	0.328846	0.33889	0.33347	0.299345	0.26293	0.0324335	0.0312882	0.045406	0	0.0657422	0.270324	0.272518	0.271468	0.270373	0.30572	0.29893	0.396695	0.388471	0.400286	0.398347	0.412688	0.404561	0.389337	0.408764	0.408764	0.400725	0.331088	0.330812	0.304251	0.244961	0.242669	0.241469	0.249543	0.249639	0.28582	0.291741	0.289293	0.278814	0.270832	0.284066	0.284066	0.29084	0.282928	0.285195	0.294138	0.254546	0.248478	0.270281	0.281252	0.264327	0.283245	0.309442	0.315661	0.34003	0.250216	0.25272	0.254645	0.276199	0.24325	0.246599	0.24816	0.248854	0.238478	0.258595	0.26633
Anser_cygnoid	0.305324	0.341356	0.336129	0.346146	0.354639	0.344295	0.344838	0.342035	0.358492	0.364432	0.362599	0.357636	0.353034	0.364786	0.357258	0.370043	0.361725	0.361811	0.341724	0.363237	0.377662	0.363903	0.368274	0.362669	0.361756	0.337297	0.370786	0.369275	0.364187	0.371362	0.36361	0.365755	0.397361	0.394177	0.375283	0.366171	0.357382	0.371905	0.382112	0.364229	0.361734	0.353537	0.368397	0.382731	0.393976	0.365019	0.386691	0.367358	0.3646	0.361184	0.358237	0.345735	0.3557	0.363518	0.350492	0.361768	0.343823	0.339489	0.367666	0.346872	0.342134	0.346163	0.356448	0.354953	0.358891	0.360452	0.365318	0.37133	0.36503	0.357259	0.35778	0.35757	0.361958	0.357983	0.357854	0.405383	0.365966	0.367339	0.341914	0.354905	0.369675	0.35253	0.33602	0.341899	0.340936	0.325794	0.330061	0.324351	0.317531	0.328421	0.348178	0.33111	0.334702	0.330191	0.327787	0.326583	0.345026	0.321886	0.326054	0.340729	0.339925	0.33073	0.333262	0.321578	0.337199	0.313804	0.330587	0.330147	0.338821	0.332273	0.327322	0.333906	0.315092	0.328513	0.323676	0.338795	0.321357	0.32943	0.340416	0.322105	0.31243	0.329302	0.349561	0.349347	0.330277	0.329467	0.338493	0.320149	0.314193	0.30874	0.327117	0.331663	0.338203	0.34698	0.343486	0.336935	0.32579	0.339707	0.329298	0.343095	0.339263	0.32884	0.333173	0.327269	0.348833	0.333606	0.318457	0.315906	0.324886	0.317802	0.281449	0.305629	0.299271	0.314489	0.368404	0.351767	0.302164	0.322114	0.305354	0.292168	0.304316	0.238028	0.241806	0.261997	0.257864	0.257362	0.265495	0.266639	0.272758	0.220966	0.302783	0.290903	0.29378	0.323408	0.250406	0.249273	0.227127	0.229501	0.241926	0.283193	0.262592	0.39201	0.286384	0.287434	0.299828	0.290071	0.266972	0.276457	0.256001	0.253414	0.283675	0.278745	0.318038	0.331203	0.342715	0.349816	0.344163	0.32506	0.219877	0.219869	0.223382	0.230514	0.308087	0.304648	0.29341	0.278818	0.279813	0.269395	0.255053	0.255255	0.257254	0.261766	0.228392	0.226473	0.217948	0.223992	0.222852	0.228328	0.25088	0.254269	0.238342	0.236021	0.243804	0.245159	0.232677	0.246168	0.248714	0.24175	0.251004	0.240673	0.234949	0.253265	0.255597	0.390264	0.263134	0.249132	0.24903	0.302825	0.299196	0.310039	0.304389	0.293626	0.234741	0.244569	0.25587	0.227098	0.229326	0.227243	0.22978	0.237973	0.248074	0.237015	0.261418	0.25151	0.267286	0.231931	0.20602	0.250338	0.24642	0.246735	0.316257	0.327605	0.307219	0.393076	0.288864	0.293043	0.303087	0.297667	0.263542	0.227127	0.0448863	0.043741	0.0597318	0.0657422	0	0.234521	0.236715	0.235665	0.23457	0.269917	0.263127	0.360893	0.352668	0.364483	0.362544	0.376885	0.368758	0.353534	0.372961	0.372961	0.364922	0.295285	0.295009	0.268448	0.209158	0.206866	0.205666	0.21374	0.213836	0.250017	0.255938	0.25349	0.243011	0.23503	0.248263	0.248263	0.255037	0.247125	0.249392	0.258335	0.218743	0.212675	0.234478	0.245449	0.228524	0.247442	0.27364	0.279858	0.304227	0.214413	0.216917	0.218842	0.240396	0.207447	0.210796	0.212357	0.213051	0.202675	0.222792	0.230527
Apteryx_australis	0.248919	0.284951	0.279723	0.289741	0.298234	0.28789	0.288433	0.28563	0.302087	0.308027	0.306194	0.301231	0.296629	0.308381	0.300853	0.313638	0.30532	0.305406	0.285319	0.306831	0.321257	0.307498	0.311869	0.306264	0.305351	0.280892	0.314381	0.31287	0.307782	0.314957	0.307205	0.30935	0.340956	0.337772	0.318878	0.309766	0.300977	0.3155	0.325706	0.307824	0.305329	0.297132	0.311992	0.326325	0.33757	0.308614	0.330285	0.310953	0.308195	0.304779	0.301832	0.28933	0.299294	0.307112	0.294087	0.305362	0.287418	0.283084	0.311261	0.290467	0.285729	0.289758	0.300042	0.298548	0.302486	0.304046	0.308913	0.314925	0.308625	0.300853	0.301375	0.301165	0.305553	0.301578	0.301449	0.348978	0.30956	0.310934	0.285509	0.2985	0.31327	0.296124	0.279614	0.285493	0.284531	0.269388	0.273656	0.267946	0.261126	0.272016	0.291773	0.274705	0.278296	0.273786	0.271382	0.270177	0.288621	0.265481	0.269649	0.284323	0.28352	0.274324	0.276857	0.265173	0.280793	0.257399	0.274182	0.273741	0.282416	0.275868	0.270917	0.277501	0.258687	0.272108	0.26727	0.28239	0.264952	0.273025	0.284011	0.2657	0.256025	0.272896	0.293155	0.292942	0.273872	0.273062	0.282088	0.263744	0.257788	0.252335	0.270712	0.275258	0.281798	0.290575	0.287081	0.28053	0.269385	0.283302	0.272893	0.28669	0.282858	0.272435	0.276768	0.270864	0.292428	0.2772	0.262052	0.259501	0.26848	0.261397	0.225044	0.249224	0.242866	0.258084	0.311999	0.295362	0.245759	0.265709	0.248949	0.235762	0.247911	0.181623	0.1854	0.205591	0.201459	0.200957	0.209089	0.210233	0.216353	0.164561	0.246377	0.234498	0.237375	0.267003	0.194001	0.192868	0.170721	0.173096	0.185521	0.226788	0.206186	0.335605	0.229979	0.231029	0.243423	0.233666	0.210566	0.220052	0.199596	0.197009	0.22727	0.222339	0.261633	0.274798	0.28631	0.293411	0.287758	0.268655	0.163472	0.163464	0.166977	0.174109	0.251682	0.248243	0.237004	0.222413	0.223408	0.21299	0.198648	0.19885	0.200849	0.205361	0.171987	0.170068	0.161543	0.167587	0.166447	0.171923	0.194475	0.197864	0.181937	0.179616	0.187399	0.188754	0.176272	0.189763	0.192308	0.185345	0.194599	0.184268	0.178544	0.19686	0.199191	0.333858	0.206729	0.192727	0.192625	0.24642	0.242791	0.253634	0.247984	0.23722	0.178336	0.188164	0.199465	0.170692	0.172921	0.170838	0.173375	0.181568	0.191668	0.18061	0.205013	0.195104	0.210881	0.175526	0.149615	0.193933	0.190014	0.254597	0.32412	0.335467	0.315082	0.400938	0.296727	0.300905	0.310949	0.30553	0.271405	0.234989	0.249468	0.248323	0.264314	0.270324	0.234521	0	0.00219538	0.0032916	0.0021965	0.0726021	0.065812	0.163577	0.155353	0.167168	0.165229	0.17957	0.171443	0.156219	0.175646	0.175646	0.167607	0.0979698	0.0976937	0.0901424	0.152753	0.150461	0.14926	0.157334	0.157431	0.193612	0.199533	0.197085	0.186606	0.178624	0.191858	0.191858	0.198632	0.19072	0.192987	0.20193	0.162338	0.15627	0.178073	0.189044	0.172119	0.191037	0.217234	0.223453	0.247822	0.158007	0.160512	0.162437	0.183991	0.151042	0.15439	0.155952	0.156646	0.14627	0.166387	0.174122
Apteryx_rowi	0.251112	0.287144	0.281917	0.291934	0.300427	0.290083	0.290626	0.287823	0.30428	0.310221	0.308387	0.303425	0.298822	0.310575	0.303046	0.315832	0.307513	0.307599	0.287512	0.309025	0.32345	0.309691	0.314062	0.308457	0.307544	0.283085	0.316575	0.315064	0.309975	0.317151	0.309398	0.311543	0.343149	0.339965	0.321071	0.311959	0.30317	0.317693	0.3279	0.310017	0.307522	0.299325	0.314185	0.328519	0.339764	0.310807	0.332479	0.313146	0.310388	0.306972	0.304026	0.291523	0.301488	0.309306	0.29628	0.307556	0.289611	0.285277	0.313455	0.29266	0.287922	0.291951	0.302236	0.300742	0.304679	0.30624	0.311106	0.317118	0.310818	0.303047	0.303568	0.303358	0.307747	0.303771	0.303642	0.351171	0.311754	0.313127	0.287702	0.300694	0.315463	0.298318	0.281808	0.287687	0.286724	0.271582	0.27585	0.270139	0.263319	0.274209	0.293966	0.276898	0.28049	0.275979	0.273575	0.272371	0.290814	0.267675	0.271842	0.286517	0.285713	0.276518	0.27905	0.267367	0.282987	0.259592	0.276376	0.275935	0.284609	0.278061	0.27311	0.279695	0.26088	0.274302	0.269464	0.284584	0.267145	0.275219	0.286204	0.267893	0.258219	0.27509	0.295349	0.295135	0.276065	0.275255	0.284282	0.265937	0.259981	0.254528	0.272905	0.277451	0.283992	0.292768	0.289275	0.282723	0.271578	0.285495	0.275086	0.288883	0.285052	0.274628	0.278961	0.273058	0.294621	0.279394	0.264246	0.261694	0.270674	0.263591	0.227238	0.251417	0.245059	0.260278	0.314192	0.297555	0.247953	0.267902	0.251142	0.237956	0.250105	0.183817	0.187594	0.207785	0.203652	0.20315	0.211283	0.212427	0.218546	0.166754	0.248571	0.236691	0.239568	0.269197	0.196194	0.195061	0.172915	0.175289	0.187714	0.228982	0.20838	0.337798	0.232173	0.233222	0.245616	0.235859	0.21276	0.222245	0.201789	0.199203	0.229463	0.224533	0.263827	0.276991	0.288503	0.295605	0.289952	0.270849	0.165665	0.165657	0.16917	0.176303	0.253875	0.250437	0.239198	0.224606	0.225601	0.215183	0.200841	0.201043	0.203042	0.207555	0.17418	0.172261	0.163737	0.16978	0.168641	0.174117	0.196669	0.200057	0.18413	0.181809	0.189592	0.190947	0.178465	0.191957	0.194502	0.187538	0.196792	0.186461	0.180737	0.199053	0.201385	0.336052	0.208922	0.19492	0.194819	0.248613	0.244984	0.255827	0.250178	0.239414	0.180529	0.190357	0.201659	0.172886	0.175114	0.173032	0.175568	0.183761	0.193862	0.182803	0.207206	0.197298	0.213074	0.177719	0.151809	0.196126	0.192208	0.256791	0.326313	0.337661	0.317275	0.403132	0.29892	0.303098	0.313143	0.307723	0.273598	0.237182	0.251662	0.250516	0.266507	0.272518	0.236715	0.00219538	0	0.00548498	0.00438988	0.0747955	0.0680053	0.165771	0.157547	0.169362	0.167422	0.181763	0.173636	0.158412	0.177839	0.177839	0.169801	0.100163	0.0998871	0.0923358	0.154946	0.152654	0.151454	0.159528	0.159624	0.195806	0.201726	0.199278	0.188799	0.180818	0.194051	0.194051	0.200825	0.192913	0.19518	0.204124	0.164532	0.158464	0.180266	0.191237	0.174312	0.19323	0.219428	0.225647	0.250015	0.160201	0.162705	0.16463	0.186185	0.153236	0.156584	0.158145	0.158839	0.148463	0.16858	0.176315
Apteryx_haastii	0.250062	0.286095	0.280867	0.290885	0.299378	0.289034	0.289577	0.286774	0.303231	0.309171	0.307338	0.302375	0.297772	0.309525	0.301997	0.314782	0.306464	0.30655	0.286463	0.307975	0.3224	0.308642	0.313013	0.307408	0.306495	0.282036	0.315525	0.314014	0.308926	0.316101	0.308348	0.310494	0.342099	0.338916	0.320021	0.31091	0.302121	0.316643	0.32685	0.308968	0.306473	0.298276	0.313136	0.327469	0.338714	0.309757	0.331429	0.312097	0.309338	0.305923	0.302976	0.290474	0.300438	0.308256	0.29523	0.306506	0.288562	0.284228	0.312405	0.291611	0.286873	0.290902	0.301186	0.299692	0.30363	0.30519	0.310057	0.316069	0.309768	0.301997	0.302519	0.302309	0.306697	0.302721	0.302593	0.350122	0.310704	0.312078	0.286653	0.299644	0.314413	0.297268	0.280758	0.286637	0.285674	0.270532	0.2748	0.26909	0.262269	0.27316	0.292917	0.275849	0.27944	0.274929	0.272525	0.271321	0.289765	0.266625	0.270792	0.285467	0.284663	0.275468	0.278001	0.266317	0.281937	0.258543	0.275326	0.274885	0.283559	0.277012	0.272061	0.278645	0.259831	0.273252	0.268414	0.283534	0.266096	0.274169	0.285154	0.266844	0.257169	0.27404	0.294299	0.294086	0.275016	0.274206	0.283232	0.264888	0.258932	0.253479	0.271855	0.276401	0.282942	0.291718	0.288225	0.281673	0.270529	0.284446	0.274037	0.287834	0.284002	0.273579	0.277912	0.272008	0.293572	0.278344	0.263196	0.260644	0.269624	0.262541	0.226188	0.250368	0.244009	0.259228	0.313142	0.296506	0.246903	0.266853	0.250093	0.236906	0.249055	0.182767	0.186544	0.206735	0.202603	0.202101	0.210233	0.211377	0.217496	0.165704	0.247521	0.235642	0.238519	0.268147	0.195144	0.194012	0.171865	0.17424	0.186665	0.227932	0.20733	0.336749	0.231123	0.232173	0.244567	0.23481	0.21171	0.221196	0.20074	0.198153	0.228414	0.223483	0.262777	0.275941	0.287454	0.294555	0.288902	0.269799	0.164616	0.164607	0.168121	0.175253	0.252826	0.249387	0.238148	0.223557	0.224551	0.214134	0.199792	0.199993	0.201993	0.206505	0.173131	0.171212	0.162687	0.168731	0.167591	0.173067	0.195619	0.199008	0.183081	0.18076	0.188543	0.189898	0.177416	0.190907	0.193452	0.186488	0.195742	0.185412	0.179688	0.198004	0.200335	0.335002	0.207872	0.19387	0.193769	0.247564	0.243934	0.254778	0.249128	0.238364	0.17948	0.189307	0.200609	0.171836	0.174065	0.171982	0.174519	0.182711	0.192812	0.181754	0.206156	0.196248	0.212025	0.17667	0.150759	0.195077	0.191158	0.255741	0.325264	0.336611	0.316226	0.402082	0.297871	0.302049	0.312093	0.306674	0.272549	0.236133	0.250612	0.249467	0.265458	0.271468	0.235665	0.0032916	0.00548498	0	0.0010971	0.0737459	0.0669558	0.164721	0.156497	0.168312	0.166373	0.180714	0.172587	0.157363	0.17679	0.17679	0.168751	0.0991136	0.0988376	0.0912862	0.153897	0.151605	0.150404	0.158478	0.158575	0.194756	0.200677	0.198229	0.18775	0.179768	0.193001	0.193001	0.199776	0.191864	0.194131	0.203074	0.163482	0.157414	0.179217	0.190188	0.173263	0.192181	0.218378	0.224597	0.248966	0.159151	0.161656	0.16358	0.185135	0.152186	0.155534	0.157095	0.157789	0.147413	0.16753	0.175266
Apteryx_owenii	0.248967	0.285	0.279772	0.28979	0.298282	0.287939	0.288482	0.285679	0.302136	0.308076	0.306242	0.30128	0.296677	0.30843	0.300901	0.313687	0.305369	0.305455	0.285368	0.30688	0.321305	0.307547	0.311918	0.306313	0.305399	0.28094	0.31443	0.312919	0.307831	0.315006	0.307253	0.309399	0.341004	0.337821	0.318926	0.309815	0.301026	0.315548	0.325755	0.307873	0.305378	0.297181	0.312041	0.326374	0.337619	0.308662	0.330334	0.311002	0.308243	0.304828	0.301881	0.289379	0.299343	0.307161	0.294135	0.305411	0.287467	0.283133	0.31131	0.290515	0.285778	0.289806	0.300091	0.298597	0.302535	0.304095	0.308962	0.314974	0.308673	0.300902	0.301424	0.301214	0.305602	0.301626	0.301498	0.349027	0.309609	0.310983	0.285558	0.298549	0.313318	0.296173	0.279663	0.285542	0.284579	0.269437	0.273705	0.267994	0.261174	0.272065	0.291822	0.274754	0.278345	0.273834	0.27143	0.270226	0.28867	0.26553	0.269697	0.284372	0.283568	0.274373	0.276906	0.265222	0.280842	0.257447	0.274231	0.27379	0.282464	0.275916	0.270966	0.27755	0.258736	0.272157	0.267319	0.282439	0.265001	0.273074	0.284059	0.265749	0.256074	0.272945	0.293204	0.292991	0.273921	0.273111	0.282137	0.263792	0.257837	0.252383	0.27076	0.275306	0.281847	0.290623	0.28713	0.280578	0.269434	0.283351	0.272942	0.286739	0.282907	0.272484	0.276816	0.270913	0.292476	0.277249	0.262101	0.259549	0.268529	0.261446	0.225093	0.249273	0.242914	0.258133	0.312047	0.29541	0.245808	0.265758	0.248997	0.235811	0.24796	0.181672	0.185449	0.20564	0.201508	0.201006	0.209138	0.210282	0.216401	0.164609	0.246426	0.234547	0.237423	0.267052	0.194049	0.192917	0.17077	0.173145	0.18557	0.226837	0.206235	0.335654	0.230028	0.231077	0.243472	0.233715	0.210615	0.220101	0.199645	0.197058	0.227319	0.222388	0.261682	0.274846	0.286359	0.29346	0.287807	0.268704	0.163521	0.163512	0.167026	0.174158	0.251731	0.248292	0.237053	0.222462	0.223456	0.213039	0.198697	0.198898	0.200898	0.20541	0.172036	0.170117	0.161592	0.167636	0.166496	0.171972	0.194524	0.197913	0.181986	0.179665	0.187448	0.188802	0.176321	0.189812	0.192357	0.185393	0.194647	0.184317	0.178593	0.196909	0.19924	0.333907	0.206777	0.192775	0.192674	0.246469	0.242839	0.253683	0.248033	0.237269	0.178384	0.188212	0.199514	0.170741	0.172969	0.170887	0.173424	0.181616	0.191717	0.180658	0.205061	0.195153	0.21093	0.175575	0.149664	0.193981	0.190063	0.254646	0.324168	0.335516	0.315131	0.400987	0.296776	0.300954	0.310998	0.305579	0.271454	0.235038	0.249517	0.248372	0.264362	0.270373	0.23457	0.0021965	0.00438988	0.0010971	0	0.0726508	0.0658607	0.163626	0.155402	0.167217	0.165277	0.179619	0.171492	0.156268	0.175695	0.175695	0.167656	0.0980185	0.0977425	0.0901911	0.152801	0.15051	0.149309	0.157383	0.15748	0.193661	0.199581	0.197133	0.186655	0.178673	0.191906	0.191906	0.198681	0.190769	0.193035	0.201979	0.162387	0.156319	0.178122	0.189093	0.172168	0.191086	0.217283	0.223502	0.247871	0.158056	0.160561	0.162485	0.18404	0.151091	0.154439	0.156	0.156694	0.146318	0.166435	0.17417
Casuarius_casuarius	0.284315	0.320347	0.315119	0.325137	0.33363	0.323286	0.323829	0.321026	0.337483	0.343423	0.34159	0.336627	0.332025	0.343777	0.336249	0.349034	0.340716	0.340802	0.320715	0.342228	0.356653	0.342894	0.347265	0.34166	0.340747	0.316288	0.349777	0.348266	0.343178	0.350353	0.342601	0.344746	0.376352	0.373168	0.354274	0.345162	0.336373	0.350896	0.361102	0.34322	0.340725	0.332528	0.347388	0.361722	0.372966	0.34401	0.365682	0.346349	0.343591	0.340175	0.337228	0.324726	0.33469	0.342508	0.329483	0.340758	0.322814	0.31848	0.346657	0.325863	0.321125	0.325154	0.335439	0.333944	0.337882	0.339442	0.344309	0.350321	0.344021	0.33625	0.336771	0.336561	0.340949	0.336974	0.336845	0.384374	0.344957	0.34633	0.320905	0.333896	0.348666	0.331521	0.31501	0.32089	0.319927	0.304784	0.309052	0.303342	0.296522	0.307412	0.327169	0.310101	0.313692	0.309182	0.306778	0.305574	0.324017	0.300877	0.305045	0.31972	0.318916	0.30972	0.312253	0.300569	0.31619	0.292795	0.309578	0.309137	0.317812	0.311264	0.306313	0.312897	0.294083	0.307504	0.302667	0.317786	0.300348	0.308421	0.319407	0.301096	0.291421	0.308292	0.328552	0.328338	0.309268	0.308458	0.317484	0.29914	0.293184	0.287731	0.306108	0.310654	0.317194	0.325971	0.322477	0.315926	0.304781	0.318698	0.308289	0.322086	0.318254	0.307831	0.312164	0.30626	0.327824	0.312597	0.297448	0.294897	0.303876	0.296793	0.26044	0.28462	0.278262	0.29348	0.347395	0.330758	0.281155	0.301105	0.284345	0.271158	0.283307	0.217019	0.220796	0.240987	0.236855	0.236353	0.244485	0.245629	0.251749	0.199957	0.281774	0.269894	0.272771	0.302399	0.229397	0.228264	0.206118	0.208492	0.220917	0.262184	0.241582	0.371001	0.265375	0.266425	0.278819	0.269062	0.245962	0.255448	0.234992	0.232405	0.262666	0.257736	0.297029	0.310194	0.321706	0.328807	0.323154	0.304051	0.198868	0.19886	0.202373	0.209505	0.287078	0.283639	0.2724	0.257809	0.258804	0.248386	0.234044	0.234246	0.236245	0.240757	0.207383	0.205464	0.196939	0.202983	0.201843	0.207319	0.229871	0.23326	0.217333	0.215012	0.222795	0.22415	0.211668	0.225159	0.227705	0.220741	0.229995	0.219664	0.21394	0.232256	0.234587	0.369254	0.242125	0.228123	0.228021	0.281816	0.278187	0.28903	0.28338	0.272616	0.213732	0.22356	0.234861	0.206089	0.208317	0.206234	0.208771	0.216964	0.227064	0.216006	0.240409	0.2305	0.246277	0.210922	0.185011	0.229329	0.22541	0.289993	0.359516	0.370864	0.350478	0.436334	0.332123	0.336301	0.346345	0.340926	0.306801	0.270385	0.284864	0.283719	0.29971	0.30572	0.269917	0.0726021	0.0747955	0.0737459	0.0726508	0	0.0306065	0.194324	0.1861	0.197915	0.195975	0.210317	0.20219	0.186966	0.206393	0.206393	0.198354	0.128716	0.12844	0.125538	0.188149	0.185857	0.184657	0.192731	0.192827	0.229008	0.234929	0.232481	0.222002	0.21402	0.227254	0.227254	0.234028	0.226116	0.228383	0.237326	0.197734	0.191666	0.213469	0.22444	0.207515	0.226433	0.25263	0.258849	0.283218	0.193403	0.195908	0.197833	0.219387	0.186438	0.189786	0.191348	0.192042	0.181666	0.201783	0.209518
Dromaius_novaehollandiae	0.277525	0.313557	0.308329	0.318347	0.32684	0.316496	0.317039	0.314236	0.330693	0.336633	0.3348	0.329837	0.325234	0.336987	0.329459	0.342244	0.333926	0.334012	0.313925	0.335437	0.349863	0.336104	0.340475	0.33487	0.333957	0.309498	0.342987	0.341476	0.336388	0.343563	0.335811	0.337956	0.369562	0.366378	0.347484	0.338372	0.329583	0.344106	0.354312	0.33643	0.333935	0.325738	0.340598	0.354931	0.366176	0.337219	0.358891	0.339559	0.336801	0.333385	0.330438	0.317936	0.3279	0.335718	0.322693	0.333968	0.316024	0.31169	0.339867	0.319073	0.314335	0.318364	0.328648	0.327154	0.331092	0.332652	0.337519	0.343531	0.33723	0.329459	0.329981	0.329771	0.334159	0.330183	0.330055	0.377584	0.338166	0.33954	0.314115	0.327106	0.341876	0.32473	0.30822	0.314099	0.313137	0.297994	0.302262	0.296552	0.289731	0.300622	0.320379	0.303311	0.306902	0.302392	0.299988	0.298783	0.317227	0.294087	0.298255	0.312929	0.312126	0.30293	0.305463	0.293779	0.309399	0.286005	0.302788	0.302347	0.311021	0.304474	0.299523	0.306107	0.287293	0.300714	0.295876	0.310996	0.293558	0.301631	0.312617	0.294306	0.284631	0.301502	0.321761	0.321548	0.302478	0.301668	0.310694	0.29235	0.286394	0.280941	0.299318	0.303863	0.310404	0.31918	0.315687	0.309135	0.297991	0.311908	0.301499	0.315296	0.311464	0.301041	0.305374	0.29947	0.321034	0.305806	0.290658	0.288106	0.297086	0.290003	0.25365	0.27783	0.271472	0.28669	0.340605	0.323968	0.274365	0.294315	0.277555	0.264368	0.276517	0.210229	0.214006	0.234197	0.230065	0.229563	0.237695	0.238839	0.244958	0.193167	0.274983	0.263104	0.265981	0.295609	0.222606	0.221474	0.199327	0.201702	0.214127	0.255394	0.234792	0.364211	0.258585	0.259635	0.272029	0.262272	0.239172	0.248658	0.228202	0.225615	0.255876	0.250945	0.290239	0.303403	0.314916	0.322017	0.316364	0.297261	0.192078	0.19207	0.195583	0.202715	0.280288	0.276849	0.26561	0.251019	0.252014	0.241596	0.227254	0.227456	0.229455	0.233967	0.200593	0.198674	0.190149	0.196193	0.195053	0.200529	0.223081	0.22647	0.210543	0.208222	0.216005	0.21736	0.204878	0.218369	0.220914	0.21395	0.223205	0.212874	0.20715	0.225466	0.227797	0.362464	0.235335	0.221333	0.221231	0.275026	0.271396	0.28224	0.27659	0.265826	0.206942	0.21677	0.228071	0.199298	0.201527	0.199444	0.201981	0.210174	0.220274	0.209216	0.233619	0.22371	0.239487	0.204132	0.178221	0.222539	0.21862	0.283203	0.352726	0.364073	0.343688	0.429544	0.325333	0.329511	0.339555	0.334136	0.300011	0.263595	0.278074	0.276929	0.29292	0.29893	0.263127	0.065812	0.0680053	0.0669558	0.0658607	0.0306065	0	0.187534	0.17931	0.191125	0.189185	0.203527	0.1954	0.180175	0.199603	0.199603	0.191564	0.121926	0.12165	0.118748	0.181359	0.179067	0.177866	0.18594	0.186037	0.222218	0.228139	0.225691	0.215212	0.20723	0.220463	0.220463	0.227238	0.219326	0.221593	0.230536	0.190944	0.184876	0.206679	0.21765	0.200725	0.219643	0.24584	0.252059	0.276428	0.186613	0.189118	0.191042	0.212597	0.179648	0.182996	0.184558	0.185251	0.174875	0.194993	0.202728
Crypturellus_cinnamomeus	0.37529	0.411322	0.406095	0.416112	0.424605	0.414261	0.414804	0.412001	0.428458	0.434399	0.432565	0.427602	0.423	0.434753	0.427224	0.44001	0.431691	0.431777	0.41169	0.433203	0.447628	0.433869	0.43824	0.432635	0.431722	0.407263	0.440753	0.439242	0.434153	0.441329	0.433576	0.435721	0.467327	0.464143	0.445249	0.436137	0.427348	0.441871	0.452078	0.434195	0.4317	0.423503	0.438363	0.452697	0.463942	0.434985	0.456657	0.437324	0.434566	0.43115	0.428204	0.415701	0.425666	0.433484	0.420458	0.431734	0.413789	0.409455	0.437633	0.416838	0.4121	0.416129	0.426414	0.42492	0.428857	0.430418	0.435284	0.441296	0.434996	0.427225	0.427746	0.427536	0.431925	0.427949	0.42782	0.475349	0.435932	0.437305	0.41188	0.424871	0.439641	0.422496	0.405986	0.411865	0.410902	0.39576	0.400028	0.394317	0.387497	0.398387	0.418144	0.401076	0.404668	0.400157	0.397753	0.396549	0.414992	0.391853	0.39602	0.410695	0.409891	0.400696	0.403228	0.391544	0.407165	0.38377	0.400554	0.400113	0.408787	0.402239	0.397288	0.403873	0.385058	0.39848	0.393642	0.408761	0.391323	0.399397	0.410382	0.392071	0.382397	0.399268	0.419527	0.419313	0.400243	0.399433	0.40846	0.390115	0.384159	0.378706	0.397083	0.401629	0.40817	0.416946	0.413453	0.406901	0.395756	0.409673	0.399264	0.413061	0.409229	0.398806	0.403139	0.397236	0.418799	0.403572	0.388424	0.385872	0.394852	0.387769	0.351416	0.375595	0.369237	0.384456	0.43837	0.421733	0.372131	0.39208	0.37532	0.362134	0.374283	0.307995	0.311772	0.331963	0.32783	0.327328	0.335461	0.336605	0.342724	0.290932	0.372749	0.360869	0.363746	0.393375	0.320372	0.319239	0.297093	0.299467	0.311892	0.35316	0.332558	0.461976	0.356351	0.3574	0.369794	0.360037	0.336938	0.346423	0.325967	0.323381	0.353641	0.348711	0.388005	0.401169	0.412681	0.419783	0.414129	0.395027	0.289843	0.289835	0.293348	0.300481	0.378053	0.374615	0.363376	0.348784	0.349779	0.339361	0.325019	0.325221	0.32722	0.331733	0.298358	0.296439	0.287914	0.293958	0.292819	0.298295	0.320847	0.324235	0.308308	0.305987	0.31377	0.315125	0.302643	0.316135	0.31868	0.311716	0.32097	0.310639	0.304915	0.323231	0.325563	0.46023	0.3331	0.319098	0.318997	0.372791	0.369162	0.380005	0.374356	0.363592	0.304707	0.314535	0.325837	0.297064	0.299292	0.297209	0.299746	0.307939	0.31804	0.306981	0.331384	0.321476	0.337252	0.301897	0.275987	0.320304	0.316386	0.380969	0.450491	0.461839	0.441453	0.52731	0.423098	0.427276	0.43732	0.431901	0.397776	0.36136	0.37584	0.374694	0.390685	0.396695	0.360893	0.163577	0.165771	0.164721	0.163626	0.194324	0.187534	0	0.0180703	0.0361414	0.0771452	0.119265	0.111138	0.0959135	0.115341	0.115341	0.107302	0.215519	0.215243	0.216514	0.279124	0.276832	0.275632	0.283706	0.283802	0.319984	0.325904	0.323456	0.312977	0.304996	0.318229	0.318229	0.325003	0.317091	0.319358	0.328302	0.28871	0.282642	0.304444	0.315415	0.29849	0.317408	0.343606	0.349825	0.374193	0.284379	0.286883	0.288808	0.310363	0.277414	0.280762	0.282323	0.283017	0.272641	0.292758	0.300493
Crypturellus_undulatus	0.367066	0.403098	0.397871	0.407888	0.416381	0.406037	0.40658	0.403777	0.420234	0.426174	0.424341	0.419378	0.414776	0.426529	0.419	0.431786	0.423467	0.423553	0.403466	0.424979	0.439404	0.425645	0.430016	0.424411	0.423498	0.399039	0.432529	0.431017	0.425929	0.433105	0.425352	0.427497	0.459103	0.455919	0.437025	0.427913	0.419124	0.433647	0.443854	0.425971	0.423476	0.415279	0.430139	0.444473	0.455718	0.426761	0.448433	0.4291	0.426342	0.422926	0.419979	0.407477	0.417442	0.42526	0.412234	0.42351	0.405565	0.401231	0.429408	0.408614	0.403876	0.407905	0.41819	0.416696	0.420633	0.422194	0.42706	0.433072	0.426772	0.419001	0.419522	0.419312	0.423701	0.419725	0.419596	0.467125	0.427708	0.429081	0.403656	0.416647	0.431417	0.414272	0.397762	0.403641	0.402678	0.387536	0.391803	0.386093	0.379273	0.390163	0.40992	0.392852	0.396444	0.391933	0.389529	0.388325	0.406768	0.383629	0.387796	0.402471	0.401667	0.392472	0.395004	0.38332	0.398941	0.375546	0.392329	0.391889	0.400563	0.394015	0.389064	0.395648	0.376834	0.390256	0.385418	0.400537	0.383099	0.391172	0.402158	0.383847	0.374172	0.391044	0.411303	0.411089	0.392019	0.391209	0.400236	0.381891	0.375935	0.370482	0.388859	0.393405	0.399946	0.408722	0.405229	0.398677	0.387532	0.401449	0.39104	0.404837	0.401005	0.390582	0.394915	0.389011	0.410575	0.395348	0.380199	0.377648	0.386628	0.379544	0.343192	0.367371	0.361013	0.376232	0.430146	0.413509	0.363906	0.383856	0.367096	0.35391	0.366059	0.299771	0.303548	0.323739	0.319606	0.319104	0.327237	0.328381	0.3345	0.282708	0.364525	0.352645	0.355522	0.38515	0.312148	0.311015	0.288869	0.291243	0.303668	0.344935	0.324334	0.453752	0.348127	0.349176	0.36157	0.351813	0.328714	0.338199	0.317743	0.315156	0.345417	0.340487	0.379781	0.392945	0.404457	0.411559	0.405905	0.386803	0.281619	0.281611	0.285124	0.292256	0.369829	0.36639	0.355152	0.34056	0.341555	0.331137	0.316795	0.316997	0.318996	0.323509	0.290134	0.288215	0.27969	0.285734	0.284594	0.29007	0.312623	0.316011	0.300084	0.297763	0.305546	0.306901	0.294419	0.307911	0.310456	0.303492	0.312746	0.302415	0.296691	0.315007	0.317339	0.452006	0.324876	0.310874	0.310772	0.364567	0.360938	0.371781	0.366132	0.355368	0.296483	0.306311	0.317613	0.28884	0.291068	0.288985	0.291522	0.299715	0.309816	0.298757	0.32316	0.313252	0.329028	0.293673	0.267762	0.31208	0.308162	0.372744	0.442267	0.453615	0.433229	0.519086	0.414874	0.419052	0.429096	0.423677	0.389552	0.353136	0.367615	0.36647	0.382461	0.388471	0.352668	0.155353	0.157547	0.156497	0.155402	0.1861	0.17931	0.0180703	0	0.0279173	0.0689211	0.111041	0.102914	0.0876894	0.107117	0.107117	0.0990777	0.207295	0.207019	0.20829	0.2709	0.268608	0.267408	0.275482	0.275578	0.31176	0.31768	0.315232	0.304753	0.296772	0.310005	0.310005	0.316779	0.308867	0.311134	0.320077	0.280485	0.274418	0.29622	0.307191	0.290266	0.309184	0.335382	0.3416	0.365969	0.276155	0.278659	0.280584	0.302138	0.26919	0.272538	0.274099	0.274793	0.264417	0.284534	0.292269
Crypturellus_soui	0.378881	0.414913	0.409686	0.419703	0.428196	0.417852	0.418395	0.415592	0.432049	0.437989	0.436156	0.431193	0.426591	0.438344	0.430815	0.443601	0.435282	0.435368	0.415281	0.436794	0.451219	0.43746	0.441831	0.436226	0.435313	0.410854	0.444344	0.442832	0.437744	0.44492	0.437167	0.439312	0.470918	0.467734	0.44884	0.439728	0.430939	0.445462	0.455669	0.437786	0.435291	0.427094	0.441954	0.456288	0.467533	0.438576	0.460248	0.440915	0.438157	0.434741	0.431795	0.419292	0.429257	0.437075	0.424049	0.435325	0.41738	0.413046	0.441223	0.420429	0.415691	0.41972	0.430005	0.428511	0.432448	0.434009	0.438875	0.444887	0.438587	0.430816	0.431337	0.431127	0.435516	0.43154	0.431411	0.47894	0.439523	0.440896	0.415471	0.428462	0.443232	0.426087	0.409577	0.415456	0.414493	0.399351	0.403619	0.397908	0.391088	0.401978	0.421735	0.404667	0.408259	0.403748	0.401344	0.40014	0.418583	0.395444	0.399611	0.414286	0.413482	0.404287	0.406819	0.395135	0.410756	0.387361	0.404144	0.403704	0.412378	0.40583	0.400879	0.407463	0.388649	0.402071	0.397233	0.412352	0.394914	0.402987	0.413973	0.395662	0.385987	0.402859	0.423118	0.422904	0.403834	0.403024	0.412051	0.393706	0.38775	0.382297	0.400674	0.40522	0.411761	0.420537	0.417044	0.410492	0.399347	0.413264	0.402855	0.416652	0.41282	0.402397	0.40673	0.400826	0.42239	0.407163	0.392015	0.389463	0.398443	0.391359	0.355007	0.379186	0.372828	0.388047	0.441961	0.425324	0.375722	0.395671	0.378911	0.365725	0.377874	0.311586	0.315363	0.335554	0.331421	0.330919	0.339052	0.340196	0.346315	0.294523	0.37634	0.36446	0.367337	0.396965	0.323963	0.32283	0.300684	0.303058	0.315483	0.35675	0.336149	0.465567	0.359942	0.360991	0.373385	0.363628	0.340529	0.350014	0.329558	0.326971	0.357232	0.352302	0.391596	0.40476	0.416272	0.423374	0.41772	0.398618	0.293434	0.293426	0.296939	0.304072	0.381644	0.378206	0.366967	0.352375	0.35337	0.342952	0.32861	0.328812	0.330811	0.335324	0.301949	0.30003	0.291505	0.297549	0.296409	0.301885	0.324438	0.327826	0.311899	0.309578	0.317361	0.318716	0.306234	0.319726	0.322271	0.315307	0.324561	0.31423	0.308506	0.326822	0.329154	0.463821	0.336691	0.322689	0.322588	0.376382	0.372753	0.383596	0.377947	0.367183	0.308298	0.318126	0.329428	0.300655	0.302883	0.3008	0.303337	0.31153	0.321631	0.310572	0.334975	0.325067	0.340843	0.305488	0.279578	0.323895	0.319977	0.384559	0.454082	0.46543	0.445044	0.530901	0.426689	0.430867	0.440911	0.435492	0.401367	0.364951	0.37943	0.378285	0.394276	0.400286	0.364483	0.167168	0.169362	0.168312	0.167217	0.197915	0.191125	0.0361414	0.0279173	0	0.0807362	0.122856	0.114729	0.0995044	0.118932	0.118932	0.110893	0.21911	0.218834	0.220105	0.282715	0.280423	0.279223	0.287297	0.287393	0.323575	0.329495	0.327047	0.316568	0.308587	0.32182	0.32182	0.328594	0.320682	0.322949	0.331893	0.292301	0.286233	0.308035	0.319006	0.302081	0.320999	0.347197	0.353416	0.377784	0.28797	0.290474	0.292399	0.313953	0.281005	0.284353	0.285914	0.286608	0.276232	0.296349	0.304084
Tinamus_guttatus	0.376941	0.412974	0.407746	0.417763	0.426256	0.415912	0.416456	0.413653	0.43011	0.43605	0.434216	0.429254	0.424651	0.436404	0.428875	0.441661	0.433342	0.433429	0.413342	0.434854	0.449279	0.43552	0.439891	0.434286	0.433373	0.408914	0.442404	0.440893	0.435805	0.44298	0.435227	0.437373	0.468978	0.465795	0.4469	0.437788	0.428999	0.443522	0.453729	0.435847	0.433352	0.425154	0.440015	0.454348	0.465593	0.436636	0.458308	0.438975	0.436217	0.432801	0.429855	0.417352	0.427317	0.435135	0.422109	0.433385	0.41544	0.411107	0.439284	0.418489	0.413752	0.41778	0.428065	0.426571	0.430509	0.432069	0.436936	0.442948	0.436647	0.428876	0.429398	0.429188	0.433576	0.4296	0.429471	0.477001	0.437583	0.438956	0.413531	0.426523	0.441292	0.424147	0.407637	0.413516	0.412553	0.397411	0.401679	0.395968	0.389148	0.400039	0.419796	0.402728	0.406319	0.401808	0.399404	0.3982	0.416643	0.393504	0.397671	0.412346	0.411542	0.402347	0.40488	0.393196	0.408816	0.385421	0.402205	0.401764	0.410438	0.40389	0.398939	0.405524	0.386709	0.400131	0.395293	0.410413	0.392975	0.401048	0.412033	0.393723	0.384048	0.400919	0.421178	0.420965	0.401895	0.401085	0.410111	0.391766	0.385811	0.380357	0.398734	0.40328	0.409821	0.418597	0.415104	0.408552	0.397407	0.411325	0.400916	0.414713	0.410881	0.400457	0.40479	0.398887	0.42045	0.405223	0.390075	0.387523	0.396503	0.38942	0.353067	0.377247	0.370888	0.386107	0.440021	0.423384	0.373782	0.393731	0.376971	0.363785	0.375934	0.309646	0.313423	0.333614	0.329481	0.328979	0.337112	0.338256	0.344375	0.292583	0.3744	0.36252	0.365397	0.395026	0.322023	0.320891	0.298744	0.301119	0.313544	0.354811	0.334209	0.463627	0.358002	0.359051	0.371445	0.361689	0.338589	0.348075	0.327618	0.325032	0.355292	0.350362	0.389656	0.40282	0.414332	0.421434	0.415781	0.396678	0.291494	0.291486	0.295	0.302132	0.379705	0.376266	0.365027	0.350435	0.35143	0.341012	0.32667	0.326872	0.328871	0.333384	0.30001	0.29809	0.289566	0.29561	0.29447	0.299946	0.322498	0.325887	0.309959	0.307638	0.315421	0.316776	0.304295	0.317786	0.320331	0.313367	0.322621	0.31229	0.306566	0.324882	0.327214	0.461881	0.334751	0.320749	0.320648	0.374442	0.370813	0.381657	0.376007	0.365243	0.306358	0.316186	0.327488	0.298715	0.300943	0.298861	0.301398	0.30959	0.319691	0.308632	0.333035	0.323127	0.338904	0.303549	0.277638	0.321955	0.318037	0.38262	0.452142	0.46349	0.443104	0.528961	0.424749	0.428928	0.438972	0.433553	0.399428	0.363012	0.377491	0.376346	0.392336	0.398347	0.362544	0.165229	0.167422	0.166373	0.165277	0.195975	0.189185	0.0771452	0.0689211	0.0807362	0	0.120916	0.112789	0.0975648	0.116992	0.116992	0.108953	0.21717	0.216894	0.218165	0.280775	0.278484	0.277283	0.285357	0.285453	0.321635	0.327555	0.325107	0.314629	0.306647	0.31988	0.31988	0.326655	0.318742	0.321009	0.329953	0.290361	0.284293	0.306096	0.317066	0.300142	0.31906	0.345257	0.351476	0.375844	0.28603	0.288535	0.290459	0.312014	0.279065	0.282413	0.283974	0.284668	0.274292	0.294409	0.302144
Eudromia_elegans	0.391283	0.427315	0.422087	0.432105	0.440598	0.430254	0.430797	0.427994	0.444451	0.450391	0.448558	0.443595	0.438993	0.450745	0.443217	0.456002	0.447684	0.44777	0.427683	0.449196	0.463621	0.449862	0.454233	0.448628	0.447715	0.423256	0.456745	0.455234	0.450146	0.457321	0.449569	0.451714	0.48332	0.480136	0.461242	0.45213	0.443341	0.457864	0.46807	0.450188	0.447693	0.439496	0.454356	0.46869	0.479934	0.450978	0.47265	0.453317	0.450559	0.447143	0.444196	0.431694	0.441658	0.449476	0.436451	0.447726	0.429782	0.425448	0.453625	0.432831	0.428093	0.432122	0.442407	0.440912	0.44485	0.44641	0.451277	0.457289	0.450989	0.443218	0.443739	0.443529	0.447917	0.443942	0.443813	0.491342	0.451925	0.453298	0.427873	0.440864	0.455634	0.438489	0.421978	0.427858	0.426895	0.411752	0.41602	0.41031	0.40349	0.41438	0.434137	0.417069	0.42066	0.41615	0.413746	0.412542	0.430985	0.407845	0.412013	0.426688	0.425884	0.416688	0.419221	0.407537	0.423158	0.399763	0.416546	0.416105	0.42478	0.418232	0.413281	0.419865	0.401051	0.414472	0.409635	0.424754	0.407316	0.415389	0.426375	0.408064	0.398389	0.41526	0.43552	0.435306	0.416236	0.415426	0.424452	0.406108	0.400152	0.394699	0.413076	0.417622	0.424162	0.432939	0.429445	0.422894	0.411749	0.425666	0.415257	0.429054	0.425222	0.414799	0.419132	0.413228	0.434792	0.419565	0.404416	0.401865	0.410844	0.403761	0.367408	0.391588	0.38523	0.400448	0.454363	0.437726	0.388123	0.408073	0.391313	0.378126	0.390275	0.323987	0.327764	0.347955	0.343823	0.343321	0.351453	0.352597	0.358717	0.306925	0.388742	0.376862	0.379739	0.409367	0.336365	0.335232	0.313086	0.31546	0.327885	0.369152	0.34855	0.477969	0.372343	0.373393	0.385787	0.37603	0.35293	0.362416	0.34196	0.339373	0.369634	0.364704	0.403997	0.417162	0.428674	0.435775	0.430122	0.411019	0.305836	0.305828	0.309341	0.316473	0.394046	0.390607	0.379368	0.364777	0.365772	0.355354	0.341012	0.341214	0.343213	0.347725	0.314351	0.312432	0.303907	0.309951	0.308811	0.314287	0.336839	0.340228	0.324301	0.32198	0.329763	0.331118	0.318636	0.332127	0.334673	0.327709	0.336963	0.326632	0.320908	0.339224	0.341555	0.476222	0.349093	0.335091	0.334989	0.388784	0.385155	0.395998	0.390348	0.379584	0.3207	0.330528	0.341829	0.313057	0.315285	0.313202	0.315739	0.323932	0.334032	0.322974	0.347377	0.337468	0.353245	0.31789	0.291979	0.336297	0.332378	0.396961	0.466484	0.477832	0.457446	0.543302	0.439091	0.443269	0.453313	0.447894	0.413769	0.377353	0.391832	0.390687	0.406678	0.412688	0.376885	0.17957	0.181763	0.180714	0.179619	0.210317	0.203527	0.119265	0.111041	0.122856	0.120916	0	0.123798	0.108574	0.128001	0.128001	0.119962	0.231512	0.231236	0.232506	0.295117	0.292825	0.291625	0.299699	0.299795	0.335976	0.341897	0.339449	0.32897	0.320988	0.334222	0.334222	0.340996	0.333084	0.335351	0.344294	0.304702	0.298634	0.320437	0.331408	0.314483	0.333401	0.359598	0.365817	0.390186	0.300371	0.302876	0.304801	0.326355	0.293406	0.296755	0.298316	0.29901	0.288634	0.308751	0.316486
Nothocercus_julius	0.383156	0.419188	0.41396	0.423978	0.432471	0.422127	0.42267	0.419867	0.436324	0.442264	0.440431	0.435468	0.430866	0.442618	0.43509	0.447875	0.439557	0.439643	0.419556	0.441069	0.455494	0.441735	0.446106	0.440501	0.439588	0.415129	0.448618	0.447107	0.442019	0.449194	0.441442	0.443587	0.475193	0.472009	0.453115	0.444003	0.435214	0.449737	0.459943	0.442061	0.439566	0.431369	0.446229	0.460563	0.471807	0.442851	0.464522	0.44519	0.442432	0.439016	0.436069	0.423567	0.433531	0.441349	0.428324	0.439599	0.421655	0.417321	0.445498	0.424704	0.419966	0.423995	0.434279	0.432785	0.436723	0.438283	0.44315	0.449162	0.442862	0.435091	0.435612	0.435402	0.43979	0.435815	0.435686	0.483215	0.443798	0.445171	0.419746	0.432737	0.447507	0.430362	0.413851	0.419731	0.418768	0.403625	0.407893	0.402183	0.395363	0.406253	0.42601	0.408942	0.412533	0.408023	0.405619	0.404414	0.422858	0.399718	0.403886	0.41856	0.417757	0.408561	0.411094	0.39941	0.415031	0.391636	0.408419	0.407978	0.416653	0.410105	0.405154	0.411738	0.392924	0.406345	0.401508	0.416627	0.399189	0.407262	0.418248	0.399937	0.390262	0.407133	0.427393	0.427179	0.408109	0.407299	0.416325	0.397981	0.392025	0.386572	0.404949	0.409495	0.416035	0.424812	0.421318	0.414767	0.403622	0.417539	0.40713	0.420927	0.417095	0.406672	0.411005	0.405101	0.426665	0.411437	0.396289	0.393738	0.402717	0.395634	0.359281	0.383461	0.377103	0.392321	0.446236	0.429599	0.379996	0.399946	0.383186	0.369999	0.382148	0.31586	0.319637	0.339828	0.335696	0.335194	0.343326	0.34447	0.35059	0.298798	0.380615	0.368735	0.371612	0.40124	0.328238	0.327105	0.304959	0.307333	0.319758	0.361025	0.340423	0.469842	0.364216	0.365266	0.37766	0.367903	0.344803	0.354289	0.333833	0.331246	0.361507	0.356576	0.39587	0.409035	0.420547	0.427648	0.421995	0.402892	0.297709	0.297701	0.301214	0.308346	0.385919	0.38248	0.371241	0.35665	0.357645	0.347227	0.332885	0.333087	0.335086	0.339598	0.306224	0.304305	0.29578	0.301824	0.300684	0.30616	0.328712	0.332101	0.316174	0.313853	0.321636	0.322991	0.310509	0.324	0.326545	0.319582	0.328836	0.318505	0.312781	0.331097	0.333428	0.468095	0.340966	0.326964	0.326862	0.380657	0.377028	0.387871	0.382221	0.371457	0.312573	0.322401	0.333702	0.30493	0.307158	0.305075	0.307612	0.315805	0.325905	0.314847	0.33925	0.329341	0.345118	0.309763	0.283852	0.32817	0.324251	0.388834	0.458357	0.469704	0.449319	0.535175	0.430964	0.435142	0.445186	0.439767	0.405642	0.369226	0.383705	0.38256	0.398551	0.404561	0.368758	0.171443	0.173636	0.172587	0.171492	0.20219	0.1954	0.111138	0.102914	0.114729	0.112789	0.123798	0	0.0376717	0.119872	0.119872	0.111833	0.223385	0.223109	0.224379	0.28699	0.284698	0.283498	0.291571	0.291668	0.327849	0.33377	0.331322	0.320843	0.312861	0.326095	0.326095	0.332869	0.324957	0.327224	0.336167	0.296575	0.290507	0.31231	0.323281	0.306356	0.325274	0.351471	0.35769	0.382059	0.292244	0.294749	0.296674	0.318228	0.285279	0.288627	0.290189	0.290883	0.280507	0.300624	0.308359
Nothocercus_nigrocapillus	0.367932	0.403964	0.398736	0.408754	0.417247	0.406903	0.407446	0.404643	0.4211	0.42704	0.425207	0.420244	0.415641	0.427394	0.419866	0.432651	0.424333	0.424419	0.404332	0.425844	0.44027	0.426511	0.430882	0.425277	0.424364	0.399905	0.433394	0.431883	0.426795	0.43397	0.426218	0.428363	0.459969	0.456785	0.437891	0.428779	0.41999	0.434513	0.444719	0.426837	0.424342	0.416145	0.431005	0.445338	0.456583	0.427626	0.449298	0.429966	0.427208	0.423792	0.420845	0.408343	0.418307	0.426125	0.413099	0.424375	0.406431	0.402097	0.430274	0.40948	0.404742	0.408771	0.419055	0.417561	0.421499	0.423059	0.427926	0.433938	0.427637	0.419866	0.420388	0.420178	0.424566	0.42059	0.420462	0.467991	0.428573	0.429947	0.404522	0.417513	0.432282	0.415137	0.398627	0.404506	0.403543	0.388401	0.392669	0.386959	0.380138	0.391029	0.410786	0.393718	0.397309	0.392799	0.390395	0.38919	0.407634	0.384494	0.388661	0.403336	0.402532	0.393337	0.39587	0.384186	0.399806	0.376412	0.393195	0.392754	0.401428	0.394881	0.38993	0.396514	0.3777	0.391121	0.386283	0.401403	0.383965	0.392038	0.403024	0.384713	0.375038	0.391909	0.412168	0.411955	0.392885	0.392075	0.401101	0.382757	0.376801	0.371348	0.389725	0.39427	0.400811	0.409587	0.406094	0.399542	0.388398	0.402315	0.391906	0.405703	0.401871	0.391448	0.395781	0.389877	0.411441	0.396213	0.381065	0.378513	0.387493	0.38041	0.344057	0.368237	0.361879	0.377097	0.431011	0.414375	0.364772	0.384722	0.367962	0.354775	0.366924	0.300636	0.304413	0.324604	0.320472	0.31997	0.328102	0.329246	0.335365	0.283573	0.36539	0.353511	0.356388	0.386016	0.313013	0.311881	0.289734	0.292109	0.304534	0.345801	0.325199	0.454618	0.348992	0.350042	0.362436	0.352679	0.329579	0.339065	0.318609	0.316022	0.346283	0.341352	0.380646	0.39381	0.405323	0.412424	0.406771	0.387668	0.282485	0.282477	0.28599	0.293122	0.370695	0.367256	0.356017	0.341426	0.34242	0.332003	0.317661	0.317862	0.319862	0.324374	0.291	0.289081	0.280556	0.2866	0.28546	0.290936	0.313488	0.316877	0.30095	0.298629	0.306412	0.307767	0.295285	0.308776	0.311321	0.304357	0.313611	0.303281	0.297557	0.315873	0.318204	0.452871	0.325742	0.31174	0.311638	0.365433	0.361803	0.372647	0.366997	0.356233	0.297349	0.307177	0.318478	0.289705	0.291934	0.289851	0.292388	0.300581	0.310681	0.299623	0.324025	0.314117	0.329894	0.294539	0.268628	0.312946	0.309027	0.37361	0.443133	0.45448	0.434095	0.519951	0.41574	0.419918	0.429962	0.424543	0.390418	0.354002	0.368481	0.367336	0.383327	0.389337	0.353534	0.156219	0.158412	0.157363	0.156268	0.186966	0.180175	0.0959135	0.0876894	0.0995044	0.0975648	0.108574	0.0376717	0	0.104648	0.104648	0.0966088	0.208161	0.207885	0.209155	0.271766	0.269474	0.268273	0.276347	0.276444	0.312625	0.318546	0.316098	0.305619	0.297637	0.31087	0.31087	0.317645	0.309733	0.312	0.320943	0.281351	0.275283	0.297086	0.308057	0.291132	0.31005	0.336247	0.342466	0.366835	0.27702	0.279525	0.281449	0.303004	0.270055	0.273403	0.274965	0.275658	0.265282	0.2854	0.293135
Nothoprocta_ornata	0.387359	0.423391	0.418163	0.428181	0.436674	0.42633	0.426873	0.42407	0.440527	0.446467	0.444634	0.439671	0.435069	0.446821	0.439293	0.452078	0.44376	0.443846	0.423759	0.445272	0.459697	0.445938	0.450309	0.444704	0.443791	0.419332	0.452821	0.45131	0.446222	0.453397	0.445645	0.44779	0.479396	0.476212	0.457318	0.448206	0.439417	0.45394	0.464146	0.446264	0.443769	0.435572	0.450432	0.464766	0.47601	0.447054	0.468726	0.449393	0.446635	0.443219	0.440272	0.42777	0.437734	0.445552	0.432527	0.443802	0.425858	0.421524	0.449701	0.428907	0.424169	0.428198	0.438483	0.436988	0.440926	0.442486	0.447353	0.453365	0.447065	0.439294	0.439815	0.439605	0.443993	0.440018	0.439889	0.487418	0.448001	0.449374	0.423949	0.43694	0.45171	0.434565	0.418054	0.423934	0.422971	0.407828	0.412096	0.406386	0.399566	0.410456	0.430213	0.413145	0.416736	0.412226	0.409822	0.408618	0.427061	0.403921	0.408089	0.422764	0.42196	0.412764	0.415297	0.403613	0.419234	0.395839	0.412622	0.412181	0.420856	0.414308	0.409357	0.415941	0.397127	0.410548	0.405711	0.42083	0.403392	0.411465	0.422451	0.40414	0.394465	0.411336	0.431596	0.431382	0.412312	0.411502	0.420528	0.402184	0.396228	0.390775	0.409152	0.413698	0.420238	0.429015	0.425521	0.41897	0.407825	0.421742	0.411333	0.42513	0.421298	0.410875	0.415208	0.409304	0.430868	0.415641	0.400492	0.397941	0.40692	0.399837	0.363484	0.387664	0.381306	0.396524	0.450439	0.433802	0.384199	0.404149	0.387389	0.374202	0.386351	0.320063	0.32384	0.344031	0.339899	0.339397	0.347529	0.348673	0.354793	0.303001	0.384818	0.372938	0.375815	0.405443	0.332441	0.331308	0.309162	0.311536	0.323961	0.365228	0.344626	0.474045	0.368419	0.369469	0.381863	0.372106	0.349006	0.358492	0.338036	0.335449	0.36571	0.36078	0.400073	0.413238	0.42475	0.431851	0.426198	0.407095	0.301912	0.301904	0.305417	0.312549	0.390122	0.386683	0.375444	0.360853	0.361848	0.35143	0.337088	0.33729	0.339289	0.343801	0.310427	0.308508	0.299983	0.306027	0.304887	0.310363	0.332915	0.336304	0.320377	0.318056	0.325839	0.327194	0.314712	0.328203	0.330749	0.323785	0.333039	0.322708	0.316984	0.3353	0.337631	0.472298	0.345169	0.331167	0.331065	0.38486	0.381231	0.392074	0.386424	0.37566	0.316776	0.326604	0.337905	0.309133	0.311361	0.309278	0.311815	0.320008	0.330108	0.31905	0.343453	0.333544	0.349321	0.313966	0.288055	0.332373	0.328454	0.393037	0.46256	0.473908	0.453522	0.539378	0.435167	0.439345	0.449389	0.44397	0.409845	0.373429	0.387908	0.386763	0.402754	0.408764	0.372961	0.175646	0.177839	0.17679	0.175695	0.206393	0.199603	0.115341	0.107117	0.118932	0.116992	0.128001	0.119872	0.104648	0	2e-06	0.0451902	0.227588	0.227312	0.228582	0.291193	0.288901	0.287701	0.295775	0.295871	0.332052	0.337973	0.335525	0.325046	0.317064	0.330298	0.330298	0.337072	0.32916	0.331427	0.34037	0.300778	0.29471	0.316513	0.327484	0.310559	0.329477	0.355674	0.361893	0.386262	0.296447	0.298952	0.300877	0.322431	0.289482	0.29283	0.294392	0.295086	0.28471	0.304827	0.312562
Nothoprocta_pentlandii	0.387359	0.423391	0.418163	0.428181	0.436674	0.42633	0.426873	0.42407	0.440527	0.446467	0.444634	0.439671	0.435069	0.446821	0.439293	0.452078	0.44376	0.443846	0.423759	0.445272	0.459697	0.445938	0.450309	0.444704	0.443791	0.419332	0.452821	0.45131	0.446222	0.453397	0.445645	0.44779	0.479396	0.476212	0.457318	0.448206	0.439417	0.45394	0.464146	0.446264	0.443769	0.435572	0.450432	0.464766	0.47601	0.447054	0.468726	0.449393	0.446635	0.443219	0.440272	0.42777	0.437734	0.445552	0.432527	0.443802	0.425858	0.421524	0.449701	0.428907	0.424169	0.428198	0.438483	0.436988	0.440926	0.442486	0.447353	0.453365	0.447065	0.439294	0.439815	0.439605	0.443993	0.440018	0.439889	0.487418	0.448001	0.449374	0.423949	0.43694	0.45171	0.434565	0.418054	0.423934	0.422971	0.407828	0.412096	0.406386	0.399566	0.410456	0.430213	0.413145	0.416736	0.412226	0.409822	0.408618	0.427061	0.403921	0.408089	0.422764	0.42196	0.412764	0.415297	0.403613	0.419234	0.395839	0.412622	0.412181	0.420856	0.414308	0.409357	0.415941	0.397127	0.410548	0.405711	0.42083	0.403392	0.411465	0.422451	0.40414	0.394465	0.411336	0.431596	0.431382	0.412312	0.411502	0.420528	0.402184	0.396228	0.390775	0.409152	0.413698	0.420238	0.429015	0.425521	0.41897	0.407825	0.421742	0.411333	0.42513	0.421298	0.410875	0.415208	0.409304	0.430868	0.415641	0.400492	0.397941	0.40692	0.399837	0.363484	0.387664	0.381306	0.396524	0.450439	0.433802	0.384199	0.404149	0.387389	0.374202	0.386351	0.320063	0.32384	0.344031	0.339899	0.339397	0.347529	0.348673	0.354793	0.303001	0.384818	0.372938	0.375815	0.405443	0.332441	0.331308	0.309162	0.311536	0.323961	0.365228	0.344626	0.474045	0.368419	0.369469	0.381863	0.372106	0.349006	0.358492	0.338036	0.335449	0.36571	0.36078	0.400073	0.413238	0.42475	0.431851	0.426198	0.407095	0.301912	0.301904	0.305417	0.312549	0.390122	0.386683	0.375444	0.360853	0.361848	0.35143	0.337088	0.33729	0.339289	0.343801	0.310427	0.308508	0.299983	0.306027	0.304887	0.310363	0.332915	0.336304	0.320377	0.318056	0.325839	0.327194	0.314712	0.328203	0.330749	0.323785	0.333039	0.322708	0.316984	0.3353	0.337631	0.472298	0.345169	0.331167	0.331065	0.38486	0.381231	0.392074	0.386424	0.37566	0.316776	0.326604	0.337905	0.309133	0.311361	0.309278	0.311815	0.320008	0.330108	0.31905	0.343453	0.333544	0.349321	0.313966	0.288055	0.332373	0.328454	0.393037	0.46256	0.473908	0.453522	0.539378	0.435167	0.439345	0.449389	0.44397	0.409845	0.373429	0.387908	0.386763	0.402754	0.408764	0.372961	0.175646	0.177839	0.17679	0.175695	0.206393	0.199603	0.115341	0.107117	0.118932	0.116992	0.128001	0.119872	0.104648	2e-06	0	0.0451902	0.227588	0.227312	0.228582	0.291193	0.288901	0.287701	0.295775	0.295871	0.332052	0.337973	0.335525	0.325046	0.317064	0.330298	0.330298	0.337072	0.32916	0.331427	0.34037	0.300778	0.29471	0.316513	0.327484	0.310559	0.329477	0.355674	0.361893	0.386262	0.296447	0.298952	0.300877	0.322431	0.289482	0.29283	0.294392	0.295086	0.28471	0.304827	0.312562
Nothoprocta_perdicaria	0.37932	0.415352	0.410125	0.420142	0.428635	0.418291	0.418834	0.416031	0.432488	0.438428	0.436595	0.431632	0.42703	0.438782	0.431254	0.444039	0.435721	0.435807	0.41572	0.437233	0.451658	0.437899	0.44227	0.436665	0.435752	0.411293	0.444782	0.443271	0.438183	0.445359	0.437606	0.439751	0.471357	0.468173	0.449279	0.440167	0.431378	0.445901	0.456108	0.438225	0.43573	0.427533	0.442393	0.456727	0.467972	0.439015	0.460687	0.441354	0.438596	0.43518	0.432233	0.419731	0.429696	0.437514	0.424488	0.435764	0.417819	0.413485	0.441662	0.420868	0.41613	0.420159	0.430444	0.428949	0.432887	0.434448	0.439314	0.445326	0.439026	0.431255	0.431776	0.431566	0.435955	0.431979	0.43185	0.479379	0.439962	0.441335	0.41591	0.428901	0.443671	0.426526	0.410016	0.415895	0.414932	0.39979	0.404057	0.398347	0.391527	0.402417	0.422174	0.405106	0.408698	0.404187	0.401783	0.400579	0.419022	0.395882	0.40005	0.414725	0.413921	0.404726	0.407258	0.395574	0.411195	0.3878	0.404583	0.404143	0.412817	0.406269	0.401318	0.407902	0.389088	0.40251	0.397672	0.412791	0.395353	0.403426	0.414412	0.396101	0.386426	0.403298	0.423557	0.423343	0.404273	0.403463	0.41249	0.394145	0.388189	0.382736	0.401113	0.405659	0.412199	0.420976	0.417483	0.410931	0.399786	0.413703	0.403294	0.417091	0.413259	0.402836	0.407169	0.401265	0.422829	0.407602	0.392453	0.389902	0.398882	0.391798	0.355445	0.379625	0.373267	0.388485	0.4424	0.425763	0.37616	0.39611	0.37935	0.366164	0.378313	0.312025	0.315802	0.335993	0.33186	0.331358	0.339491	0.340635	0.346754	0.294962	0.376779	0.364899	0.367776	0.397404	0.324402	0.323269	0.301123	0.303497	0.315922	0.357189	0.336588	0.466006	0.36038	0.36143	0.373824	0.364067	0.340968	0.350453	0.329997	0.32741	0.357671	0.352741	0.392035	0.405199	0.416711	0.423813	0.418159	0.399057	0.293873	0.293865	0.297378	0.30451	0.382083	0.378644	0.367406	0.352814	0.353809	0.343391	0.329049	0.329251	0.33125	0.335762	0.302388	0.300469	0.291944	0.297988	0.296848	0.302324	0.324876	0.328265	0.312338	0.310017	0.3178	0.319155	0.306673	0.320164	0.32271	0.315746	0.325	0.314669	0.308945	0.327261	0.329593	0.46426	0.33713	0.323128	0.323026	0.376821	0.373192	0.384035	0.378385	0.367622	0.308737	0.318565	0.329866	0.301094	0.303322	0.301239	0.303776	0.311969	0.32207	0.311011	0.335414	0.325506	0.341282	0.305927	0.280016	0.324334	0.320416	0.384998	0.454521	0.465869	0.445483	0.53134	0.427128	0.431306	0.44135	0.435931	0.401806	0.36539	0.379869	0.378724	0.394715	0.400725	0.364922	0.167607	0.169801	0.168751	0.167656	0.198354	0.191564	0.107302	0.0990777	0.110893	0.108953	0.119962	0.111833	0.0966088	0.0451902	0.0451902	0	0.219549	0.219273	0.220544	0.283154	0.280862	0.279662	0.287736	0.287832	0.324013	0.329934	0.327486	0.317007	0.309026	0.322259	0.322259	0.329033	0.321121	0.323388	0.332331	0.292739	0.286671	0.308474	0.319445	0.30252	0.321438	0.347636	0.353854	0.378223	0.288409	0.290913	0.292838	0.314392	0.281444	0.284792	0.286353	0.287047	0.276671	0.296788	0.304523
Rhea_americana	0.309682	0.345715	0.340487	0.350505	0.358997	0.348654	0.349197	0.346394	0.362851	0.368791	0.366957	0.361995	0.357392	0.369145	0.361616	0.374402	0.366084	0.36617	0.346083	0.367595	0.38202	0.368262	0.372633	0.367028	0.366114	0.341655	0.375145	0.373634	0.368546	0.375721	0.367968	0.370114	0.401719	0.398536	0.379641	0.37053	0.361741	0.376263	0.38647	0.368588	0.366093	0.357896	0.372756	0.387089	0.398334	0.369377	0.391049	0.371717	0.368958	0.365543	0.362596	0.350094	0.360058	0.367876	0.35485	0.366126	0.348182	0.343848	0.372025	0.35123	0.346493	0.350521	0.360806	0.359312	0.36325	0.36481	0.369677	0.375689	0.369388	0.361617	0.362139	0.361929	0.366317	0.362341	0.362213	0.409742	0.370324	0.371698	0.346273	0.359264	0.374033	0.356888	0.340378	0.346257	0.345294	0.330152	0.33442	0.328709	0.321889	0.33278	0.352537	0.335469	0.33906	0.334549	0.332145	0.330941	0.349385	0.326245	0.330412	0.345087	0.344283	0.335088	0.337621	0.325937	0.341557	0.318162	0.334946	0.334505	0.343179	0.336631	0.331681	0.338265	0.319451	0.332872	0.328034	0.343154	0.325716	0.333789	0.344774	0.326464	0.316789	0.33366	0.353919	0.353706	0.334636	0.333826	0.342852	0.324507	0.318552	0.313098	0.331475	0.336021	0.342562	0.351338	0.347845	0.341293	0.330149	0.344066	0.333657	0.347454	0.343622	0.333199	0.337531	0.331628	0.353191	0.337964	0.322816	0.320264	0.329244	0.322161	0.285808	0.309988	0.303629	0.318848	0.372762	0.356125	0.306523	0.326473	0.309712	0.296526	0.308675	0.242387	0.246164	0.266355	0.262223	0.261721	0.269853	0.270997	0.277116	0.225324	0.307141	0.295262	0.298138	0.327767	0.254764	0.253632	0.231485	0.23386	0.246285	0.287552	0.26695	0.396369	0.290743	0.291792	0.304187	0.29443	0.27133	0.280816	0.26036	0.257773	0.288034	0.283103	0.322397	0.335561	0.347074	0.354175	0.348522	0.329419	0.224236	0.224227	0.227741	0.234873	0.312446	0.309007	0.297768	0.283177	0.284171	0.273754	0.259411	0.259613	0.261613	0.266125	0.232751	0.230832	0.222307	0.228351	0.227211	0.232687	0.255239	0.258628	0.242701	0.24038	0.248163	0.249517	0.237036	0.250527	0.253072	0.246108	0.255362	0.245032	0.239308	0.257624	0.259955	0.394622	0.267492	0.25349	0.253389	0.307184	0.303554	0.314398	0.308748	0.297984	0.239099	0.248927	0.260229	0.231456	0.233684	0.231602	0.234139	0.242331	0.252432	0.241373	0.265776	0.255868	0.271645	0.23629	0.210379	0.254696	0.250778	0.315361	0.384883	0.396231	0.375846	0.461702	0.357491	0.361669	0.371713	0.366294	0.332169	0.295753	0.310232	0.309087	0.325077	0.331088	0.295285	0.0979698	0.100163	0.0991136	0.0980185	0.128716	0.121926	0.215519	0.207295	0.21911	0.21717	0.231512	0.223385	0.208161	0.227588	0.227588	0.219549	0	0.00675526	0.150906	0.213516	0.211225	0.210024	0.218098	0.218195	0.254376	0.260296	0.257848	0.24737	0.239388	0.252621	0.252621	0.259396	0.251484	0.25375	0.262694	0.223102	0.217034	0.238837	0.249808	0.232883	0.251801	0.277998	0.284217	0.308586	0.218771	0.221276	0.2232	0.244755	0.211806	0.215154	0.216715	0.217409	0.207033	0.22715	0.234885
Rhea_pennata	0.309406	0.345439	0.340211	0.350228	0.358721	0.348378	0.348921	0.346118	0.362575	0.368515	0.366681	0.361719	0.357116	0.368869	0.36134	0.374126	0.365808	0.365894	0.345807	0.367319	0.381744	0.367986	0.372357	0.366751	0.365838	0.341379	0.374869	0.373358	0.36827	0.375445	0.367692	0.369838	0.401443	0.39826	0.379365	0.370254	0.361464	0.375987	0.386194	0.368312	0.365817	0.35762	0.37248	0.386813	0.398058	0.369101	0.390773	0.371441	0.368682	0.365266	0.36232	0.349818	0.359782	0.3676	0.354574	0.36585	0.347906	0.343572	0.371749	0.350954	0.346217	0.350245	0.36053	0.359036	0.362974	0.364534	0.369401	0.375413	0.369112	0.361341	0.361863	0.361653	0.366041	0.362065	0.361937	0.409466	0.370048	0.371422	0.345996	0.358988	0.373757	0.356612	0.340102	0.345981	0.345018	0.329876	0.334144	0.328433	0.321613	0.332504	0.352261	0.335193	0.338784	0.334273	0.331869	0.330665	0.349109	0.325969	0.330136	0.344811	0.344007	0.334812	0.337345	0.325661	0.341281	0.317886	0.33467	0.334229	0.342903	0.336355	0.331404	0.337989	0.319175	0.332596	0.327758	0.342878	0.32544	0.333513	0.344498	0.326188	0.316513	0.333384	0.353643	0.35343	0.33436	0.33355	0.342576	0.324231	0.318276	0.312822	0.331199	0.335745	0.342286	0.351062	0.347569	0.341017	0.329873	0.34379	0.333381	0.347178	0.343346	0.332923	0.337255	0.331352	0.352915	0.337688	0.32254	0.319988	0.328968	0.321885	0.285532	0.309712	0.303353	0.318572	0.372486	0.355849	0.306247	0.326197	0.309436	0.29625	0.308399	0.242111	0.245888	0.266079	0.261947	0.261444	0.269577	0.270721	0.27684	0.225048	0.306865	0.294986	0.297862	0.327491	0.254488	0.253356	0.231209	0.233584	0.246009	0.287276	0.266674	0.396093	0.290467	0.291516	0.303911	0.294154	0.271054	0.28054	0.260083	0.257497	0.287757	0.282827	0.322121	0.335285	0.346797	0.353899	0.348246	0.329143	0.22396	0.223951	0.227465	0.234597	0.31217	0.308731	0.297492	0.2829	0.283895	0.273477	0.259135	0.259337	0.261337	0.265849	0.232475	0.230556	0.222031	0.228075	0.226935	0.232411	0.254963	0.258352	0.242425	0.240104	0.247886	0.249241	0.23676	0.250251	0.252796	0.245832	0.255086	0.244756	0.239032	0.257348	0.259679	0.394346	0.267216	0.253214	0.253113	0.306908	0.303278	0.314122	0.308472	0.297708	0.238823	0.248651	0.259953	0.23118	0.233408	0.231326	0.233863	0.242055	0.252156	0.241097	0.2655	0.255592	0.271369	0.236014	0.210103	0.25442	0.250502	0.315085	0.384607	0.395955	0.375569	0.461426	0.357214	0.361393	0.371437	0.366018	0.331893	0.295477	0.309956	0.308811	0.324801	0.330812	0.295009	0.0976937	0.0998871	0.0988376	0.0977425	0.12844	0.12165	0.215243	0.207019	0.218834	0.216894	0.231236	0.223109	0.207885	0.227312	0.227312	0.219273	0.00675526	0	0.15063	0.21324	0.210949	0.209748	0.217822	0.217919	0.2541	0.26002	0.257572	0.247094	0.239112	0.252345	0.252345	0.25912	0.251208	0.253474	0.262418	0.222826	0.216758	0.238561	0.249532	0.232607	0.251525	0.277722	0.283941	0.308309	0.218495	0.221	0.222924	0.244479	0.21153	0.214878	0.216439	0.217133	0.206757	0.226874	0.234609
Struthio_camelus	0.282846	0.318878	0.313651	0.323668	0.332161	0.321817	0.32236	0.319557	0.336014	0.341954	0.340121	0.335158	0.330556	0.342308	0.33478	0.347565	0.339247	0.339333	0.319246	0.340759	0.355184	0.341425	0.345796	0.340191	0.339278	0.314819	0.348308	0.346797	0.341709	0.348884	0.341132	0.343277	0.374883	0.371699	0.352805	0.343693	0.334904	0.349427	0.359634	0.341751	0.339256	0.331059	0.345919	0.360253	0.371498	0.342541	0.364213	0.34488	0.342122	0.338706	0.335759	0.323257	0.333222	0.34104	0.328014	0.33929	0.321345	0.317011	0.345188	0.324394	0.319656	0.323685	0.33397	0.332475	0.336413	0.337974	0.34284	0.348852	0.342552	0.334781	0.335302	0.335092	0.339481	0.335505	0.335376	0.382905	0.343488	0.344861	0.319436	0.332427	0.347197	0.330052	0.313542	0.319421	0.318458	0.303316	0.307583	0.301873	0.295053	0.305943	0.3257	0.308632	0.312224	0.307713	0.305309	0.304105	0.322548	0.299408	0.303576	0.318251	0.317447	0.308252	0.310784	0.2991	0.314721	0.291326	0.308109	0.307669	0.316343	0.309795	0.304844	0.311428	0.292614	0.306035	0.301198	0.316317	0.298879	0.306952	0.317938	0.299627	0.289952	0.306824	0.327083	0.326869	0.307799	0.306989	0.316016	0.297671	0.291715	0.286262	0.304639	0.309185	0.315725	0.324502	0.321008	0.314457	0.303312	0.317229	0.30682	0.320617	0.316785	0.306362	0.310695	0.304791	0.326355	0.311128	0.295979	0.293428	0.302408	0.295324	0.258971	0.283151	0.276793	0.292011	0.345926	0.329289	0.279686	0.299636	0.282876	0.26969	0.281839	0.215551	0.219328	0.239519	0.235386	0.234884	0.243017	0.244161	0.25028	0.198488	0.280305	0.268425	0.271302	0.30093	0.227928	0.226795	0.204649	0.207023	0.219448	0.260715	0.240114	0.369532	0.263906	0.264956	0.27735	0.267593	0.244494	0.253979	0.233523	0.230936	0.261197	0.256267	0.295561	0.308725	0.320237	0.327339	0.321685	0.302583	0.197399	0.197391	0.200904	0.208036	0.285609	0.28217	0.270932	0.25634	0.257335	0.246917	0.232575	0.232777	0.234776	0.239288	0.205914	0.203995	0.19547	0.201514	0.200374	0.20585	0.228402	0.231791	0.215864	0.213543	0.221326	0.222681	0.210199	0.22369	0.226236	0.219272	0.228526	0.218195	0.212471	0.230787	0.233119	0.367786	0.240656	0.226654	0.226552	0.280347	0.276718	0.287561	0.281911	0.271148	0.212263	0.222091	0.233392	0.20462	0.206848	0.204765	0.207302	0.215495	0.225596	0.214537	0.23894	0.229032	0.244808	0.209453	0.183542	0.22786	0.223942	0.288524	0.358047	0.369395	0.349009	0.434866	0.330654	0.334832	0.344876	0.339457	0.305332	0.268916	0.283395	0.28225	0.298241	0.304251	0.268448	0.0901424	0.0923358	0.0912862	0.0901911	0.125538	0.118748	0.216514	0.20829	0.220105	0.218165	0.232506	0.224379	0.209155	0.228582	0.228582	0.220544	0.150906	0.15063	0	0.18668	0.184388	0.183188	0.191262	0.191358	0.227539	0.23346	0.231012	0.220533	0.212552	0.225785	0.225785	0.232559	0.224647	0.226914	0.235857	0.196265	0.190197	0.212	0.222971	0.206046	0.224964	0.251162	0.25738	0.281749	0.191935	0.194439	0.196364	0.217918	0.184969	0.188318	0.189879	0.190573	0.180197	0.200314	0.208049
Aptenodytes_forsteri	0.170678	0.206711	0.201483	0.2115	0.219993	0.209649	0.210193	0.20739	0.223847	0.229787	0.227953	0.222991	0.218388	0.230141	0.222612	0.235398	0.227079	0.227165	0.207078	0.228591	0.243016	0.229257	0.233628	0.228023	0.22711	0.202651	0.236141	0.23463	0.229541	0.236717	0.228964	0.23111	0.262715	0.259531	0.240637	0.231525	0.222736	0.237259	0.247466	0.229583	0.227089	0.218891	0.233751	0.248085	0.25933	0.230373	0.252045	0.232712	0.229954	0.226538	0.223592	0.211089	0.221054	0.228872	0.215846	0.227122	0.209177	0.204843	0.233021	0.212226	0.207489	0.211517	0.221802	0.220308	0.224245	0.225806	0.230672	0.236685	0.230384	0.222613	0.223134	0.222925	0.227313	0.223337	0.223208	0.270738	0.23132	0.232693	0.207268	0.22026	0.235029	0.217884	0.201374	0.207253	0.20629	0.191148	0.195416	0.189705	0.182885	0.193776	0.213532	0.196465	0.200056	0.195545	0.193141	0.191937	0.21038	0.187241	0.191408	0.206083	0.205279	0.196084	0.198617	0.186933	0.202553	0.179158	0.195942	0.195501	0.204175	0.197627	0.192676	0.199261	0.180446	0.193868	0.18903	0.20415	0.186711	0.194785	0.20577	0.187459	0.177785	0.194656	0.214915	0.214701	0.195632	0.194822	0.203848	0.185503	0.179547	0.174094	0.192471	0.197017	0.203558	0.212334	0.208841	0.202289	0.191144	0.205062	0.194652	0.20845	0.204618	0.194194	0.198527	0.192624	0.214187	0.19896	0.183812	0.18126	0.19024	0.183157	0.146804	0.170983	0.164625	0.179844	0.233758	0.217121	0.167519	0.187468	0.170708	0.157522	0.169671	0.103383	0.10716	0.127351	0.123218	0.122716	0.130849	0.131993	0.138112	0.0863201	0.168137	0.156257	0.159134	0.188763	0.11576	0.114628	0.092481	0.0948556	0.107281	0.148548	0.127946	0.257364	0.151739	0.152788	0.165182	0.155426	0.132326	0.141811	0.121355	0.118769	0.149029	0.144099	0.183393	0.196557	0.208069	0.215171	0.209518	0.190415	0.0852314	0.0852232	0.0887364	0.0958688	0.173442	0.170003	0.158764	0.144172	0.145167	0.134749	0.120407	0.120609	0.122608	0.127121	0.0937466	0.0918274	0.0833027	0.0893465	0.0882067	0.0936827	0.116235	0.119624	0.103696	0.101375	0.109158	0.110513	0.0980316	0.111523	0.114068	0.107104	0.116358	0.106027	0.100303	0.118619	0.120951	0.255618	0.128488	0.114486	0.114385	0.168179	0.16455	0.175394	0.169744	0.15898	0.100095	0.109923	0.121225	0.092452	0.0946802	0.0925977	0.0951346	0.103327	0.113428	0.102369	0.126772	0.116864	0.13264	0.0972855	0.0713747	0.115692	0.111774	0.229234	0.298756	0.310104	0.289718	0.375575	0.271363	0.275542	0.285586	0.280167	0.246042	0.209626	0.224105	0.22296	0.23895	0.244961	0.209158	0.152753	0.154946	0.153897	0.152801	0.188149	0.181359	0.279124	0.2709	0.282715	0.280775	0.295117	0.28699	0.271766	0.291193	0.291193	0.283154	0.213516	0.21324	0.18668	0	0.0269396	0.07102	0.079094	0.0791904	0.115372	0.121292	0.118844	0.108365	0.100384	0.113617	0.113617	0.120392	0.112479	0.114746	0.12369	0.0840978	0.0780298	0.0998324	0.110803	0.0938786	0.112797	0.138994	0.145213	0.169581	0.0797669	0.0822716	0.0841961	0.105751	0.0728018	0.07615	0.0777112	0.078405	0.0680291	0.0881461	0.0958812
Pygoscelis_adeliae	0.168386	0.204419	0.199191	0.209209	0.217701	0.207358	0.207901	0.205098	0.221555	0.227495	0.225662	0.220699	0.216096	0.227849	0.220321	0.233106	0.224788	0.224874	0.204787	0.226299	0.240724	0.226966	0.231337	0.225732	0.224818	0.20036	0.233849	0.232338	0.22725	0.234425	0.226672	0.228818	0.260423	0.25724	0.238345	0.229234	0.220445	0.234967	0.245174	0.227292	0.224797	0.2166	0.23146	0.245793	0.257038	0.228081	0.249753	0.230421	0.227662	0.224247	0.2213	0.208798	0.218762	0.22658	0.213554	0.22483	0.206886	0.202552	0.230729	0.209935	0.205197	0.209226	0.21951	0.218016	0.221954	0.223514	0.228381	0.234393	0.228092	0.220321	0.220843	0.220633	0.225021	0.221045	0.220917	0.268446	0.229028	0.230402	0.204977	0.217968	0.232737	0.215592	0.199082	0.204961	0.203998	0.188856	0.193124	0.187414	0.180593	0.191484	0.211241	0.194173	0.197764	0.193253	0.190849	0.189645	0.208089	0.184949	0.189116	0.203791	0.202987	0.193792	0.196325	0.184641	0.200261	0.176867	0.19365	0.193209	0.201883	0.195335	0.190385	0.196969	0.178155	0.191576	0.186738	0.201858	0.18442	0.192493	0.203478	0.185168	0.175493	0.192364	0.212623	0.21241	0.19334	0.19253	0.201556	0.183211	0.177256	0.171802	0.190179	0.194725	0.201266	0.210042	0.206549	0.199997	0.188853	0.20277	0.192361	0.206158	0.202326	0.191903	0.196236	0.190332	0.211895	0.196668	0.18152	0.178968	0.187948	0.180865	0.144512	0.168692	0.162333	0.177552	0.231466	0.21483	0.165227	0.185177	0.168417	0.15523	0.167379	0.101091	0.104868	0.125059	0.120927	0.120425	0.128557	0.129701	0.13582	0.0840284	0.165845	0.153966	0.156842	0.186471	0.113468	0.112336	0.0901893	0.0925639	0.104989	0.146256	0.125654	0.255073	0.149447	0.150497	0.162891	0.153134	0.130034	0.13952	0.119064	0.116477	0.146738	0.141807	0.181101	0.194265	0.205778	0.212879	0.207226	0.188123	0.0829397	0.0829314	0.0864447	0.0935771	0.17115	0.167711	0.156472	0.141881	0.142875	0.132458	0.118116	0.118317	0.120317	0.124829	0.0914548	0.0895357	0.0810109	0.0870548	0.085915	0.091391	0.113943	0.117332	0.101405	0.0990836	0.106867	0.108222	0.0957399	0.109231	0.111776	0.104812	0.114066	0.103736	0.0980116	0.116328	0.118659	0.253326	0.126196	0.112194	0.112093	0.165888	0.162258	0.173102	0.167452	0.156688	0.0978035	0.107631	0.118933	0.0901603	0.0923885	0.0903059	0.0928428	0.101035	0.111136	0.100078	0.12448	0.114572	0.130349	0.0949938	0.069083	0.113401	0.109482	0.226942	0.296465	0.307812	0.287427	0.373283	0.269072	0.27325	0.283294	0.277875	0.24375	0.207334	0.221813	0.220668	0.236659	0.242669	0.206866	0.150461	0.152654	0.151605	0.15051	0.185857	0.179067	0.276832	0.268608	0.280423	0.278484	0.292825	0.284698	0.269474	0.288901	0.288901	0.280862	0.211225	0.210949	0.184388	0.0269396	0	0.0687283	0.0768023	0.0768987	0.11308	0.119001	0.116552	0.106074	0.0980922	0.111325	0.111325	0.1181	0.110188	0.112454	0.121398	0.081806	0.0757381	0.0975407	0.108512	0.0915869	0.110505	0.136702	0.142921	0.16729	0.0774752	0.0799799	0.0819044	0.103459	0.0705101	0.0738583	0.0754194	0.0761133	0.0657374	0.0858544	0.0935895
Ciconia_maguari	0.167119	0.203152	0.197924	0.207941	0.216434	0.20609	0.206634	0.20383	0.220288	0.226228	0.224394	0.219432	0.214829	0.226582	0.219053	0.231839	0.22352	0.223606	0.203519	0.225032	0.239457	0.225698	0.230069	0.224464	0.223551	0.199092	0.232582	0.231071	0.225982	0.233158	0.225405	0.22755	0.259156	0.255972	0.237078	0.227966	0.219177	0.2337	0.243907	0.226024	0.22353	0.215332	0.230192	0.244526	0.255771	0.226814	0.248486	0.229153	0.226395	0.222979	0.220033	0.20753	0.217495	0.225313	0.212287	0.223563	0.205618	0.201284	0.229462	0.208667	0.20393	0.207958	0.218243	0.216749	0.220686	0.222247	0.227113	0.233125	0.226825	0.219054	0.219575	0.219366	0.223754	0.219778	0.219649	0.267179	0.227761	0.229134	0.203709	0.216701	0.23147	0.214325	0.197815	0.203694	0.202731	0.187589	0.191857	0.186146	0.179326	0.190217	0.209973	0.192905	0.196497	0.191986	0.189582	0.188378	0.206821	0.183682	0.187849	0.202524	0.20172	0.192525	0.195058	0.183374	0.198994	0.175599	0.192383	0.191942	0.200616	0.194068	0.189117	0.195702	0.176887	0.190309	0.185471	0.200591	0.183152	0.191226	0.202211	0.1839	0.174226	0.191097	0.211356	0.211142	0.192072	0.191263	0.200289	0.181944	0.175988	0.170535	0.188912	0.193458	0.199999	0.208775	0.205282	0.19873	0.187585	0.201503	0.191093	0.204891	0.201059	0.190635	0.194968	0.189065	0.210628	0.195401	0.180253	0.177701	0.186681	0.179598	0.143245	0.167424	0.161066	0.176285	0.230199	0.213562	0.16396	0.183909	0.167149	0.153963	0.166112	0.0998238	0.103601	0.123792	0.119659	0.119157	0.12729	0.128434	0.134553	0.082761	0.164578	0.152698	0.155575	0.185204	0.112201	0.111069	0.088922	0.0912966	0.103721	0.144989	0.124387	0.253805	0.14818	0.149229	0.161623	0.151867	0.128767	0.138252	0.117796	0.11521	0.14547	0.14054	0.179834	0.192998	0.20451	0.211612	0.205959	0.186856	0.0816723	0.0816641	0.0851773	0.0923097	0.169882	0.166444	0.155205	0.140613	0.141608	0.13119	0.116848	0.11705	0.119049	0.123562	0.0901875	0.0882683	0.0797436	0.0857874	0.0846476	0.0901237	0.112676	0.116064	0.100137	0.0978163	0.105599	0.106954	0.0944726	0.107964	0.110509	0.103545	0.112799	0.102468	0.0967443	0.11506	0.117392	0.252059	0.124929	0.110927	0.110826	0.16462	0.160991	0.171834	0.166185	0.155421	0.0965362	0.106364	0.117666	0.088893	0.0911212	0.0890386	0.0915755	0.0997681	0.109869	0.0988102	0.123213	0.113305	0.129081	0.0937265	0.0678157	0.112133	0.108215	0.225742	0.295264	0.306612	0.286226	0.372083	0.267871	0.27205	0.282094	0.276674	0.242549	0.206134	0.220613	0.219467	0.235458	0.241469	0.205666	0.14926	0.151454	0.150404	0.149309	0.184657	0.177866	0.275632	0.267408	0.279223	0.277283	0.291625	0.283498	0.268273	0.287701	0.287701	0.279662	0.210024	0.209748	0.183188	0.07102	0.0687283	0	0.0755349	0.0756313	0.111813	0.117733	0.115285	0.104806	0.0968248	0.110058	0.110058	0.116833	0.10892	0.111187	0.120131	0.0805387	0.0744707	0.0962734	0.107244	0.0903195	0.109237	0.135435	0.141654	0.166022	0.0762079	0.0787126	0.080637	0.102192	0.0692428	0.0725909	0.0741521	0.074846	0.06447	0.0845871	0.0923222
Mesembrinibis_cayennensis	0.172949	0.208981	0.203754	0.213771	0.222264	0.21192	0.212463	0.20966	0.226117	0.232057	0.230224	0.225261	0.220659	0.232411	0.224883	0.237668	0.22935	0.229436	0.209349	0.230862	0.245287	0.231528	0.235899	0.230294	0.229381	0.204922	0.238411	0.2369	0.231812	0.238987	0.231235	0.23338	0.264986	0.261802	0.242908	0.233796	0.225007	0.23953	0.249736	0.231854	0.229359	0.221162	0.236022	0.250356	0.2616	0.232644	0.254316	0.234983	0.232225	0.228809	0.225862	0.21336	0.223324	0.231142	0.218117	0.229393	0.211448	0.207114	0.235291	0.214497	0.209759	0.213788	0.224073	0.222578	0.226516	0.228076	0.232943	0.238955	0.232655	0.224884	0.225405	0.225195	0.229583	0.225608	0.225479	0.273008	0.233591	0.234964	0.209539	0.22253	0.2373	0.220155	0.203645	0.209524	0.208561	0.193419	0.197686	0.191976	0.185156	0.196046	0.215803	0.198735	0.202326	0.197816	0.195412	0.194208	0.212651	0.189511	0.193679	0.208354	0.20755	0.198355	0.200887	0.189203	0.204824	0.181429	0.198212	0.197771	0.206446	0.199898	0.194947	0.201531	0.182717	0.196138	0.191301	0.20642	0.188982	0.197055	0.208041	0.18973	0.180055	0.196926	0.217186	0.216972	0.197902	0.197092	0.206118	0.187774	0.181818	0.176365	0.194742	0.199288	0.205828	0.214605	0.211111	0.20456	0.193415	0.207332	0.196923	0.21072	0.206888	0.196465	0.200798	0.194894	0.216458	0.201231	0.186082	0.183531	0.192511	0.185427	0.149074	0.173254	0.166896	0.182114	0.236029	0.219392	0.169789	0.189739	0.172979	0.159792	0.171941	0.105653	0.109431	0.129622	0.125489	0.124987	0.13312	0.134264	0.140383	0.0885907	0.170408	0.158528	0.161405	0.191033	0.118031	0.116898	0.0947516	0.0971262	0.109551	0.150818	0.130217	0.259635	0.154009	0.155059	0.167453	0.157696	0.134596	0.144082	0.123626	0.121039	0.1513	0.14637	0.185663	0.198828	0.21034	0.217441	0.211788	0.192685	0.087502	0.0874938	0.091007	0.0981394	0.175712	0.172273	0.161034	0.146443	0.147438	0.13702	0.122678	0.12288	0.124879	0.129391	0.0960172	0.094098	0.0855732	0.0916171	0.0904773	0.0959533	0.118505	0.121894	0.105967	0.103646	0.111429	0.112784	0.100302	0.113793	0.116339	0.109375	0.118629	0.108298	0.102574	0.12089	0.123222	0.257889	0.130759	0.116757	0.116655	0.17045	0.166821	0.177664	0.172014	0.161251	0.102366	0.112194	0.123495	0.0947226	0.0969508	0.0948682	0.0974051	0.105598	0.115699	0.10464	0.129043	0.119134	0.134911	0.0995561	0.0736453	0.117963	0.114045	0.233816	0.303338	0.314686	0.2943	0.380157	0.275945	0.280123	0.290168	0.284748	0.250623	0.214207	0.228687	0.227541	0.243532	0.249543	0.21374	0.157334	0.159528	0.158478	0.157383	0.192731	0.18594	0.283706	0.275482	0.287297	0.285357	0.299699	0.291571	0.276347	0.295775	0.295775	0.287736	0.218098	0.217822	0.191262	0.079094	0.0768023	0.0755349	0	0.055387	0.115649	0.12157	0.119121	0.110636	0.102654	0.115888	0.115888	0.122662	0.11475	0.117017	0.12596	0.0863684	0.0803004	0.102103	0.113074	0.0961492	0.115067	0.141264	0.147483	0.171852	0.0820375	0.0845422	0.0864667	0.108021	0.0750724	0.0784206	0.0799817	0.0806756	0.0702997	0.0904167	0.0981518
Nipponia_nippon	0.173045	0.209078	0.20385	0.213867	0.22236	0.212016	0.21256	0.209757	0.226214	0.232154	0.23032	0.225358	0.220755	0.232508	0.224979	0.237765	0.229446	0.229532	0.209445	0.230958	0.245383	0.231624	0.235995	0.23039	0.229477	0.205018	0.238508	0.236997	0.231908	0.239084	0.231331	0.233477	0.265082	0.261898	0.243004	0.233892	0.225103	0.239626	0.249833	0.23195	0.229456	0.221258	0.236118	0.250452	0.261697	0.23274	0.254412	0.235079	0.232321	0.228905	0.225959	0.213456	0.223421	0.231239	0.218213	0.229489	0.211544	0.20721	0.235388	0.214593	0.209856	0.213884	0.224169	0.222675	0.226612	0.228173	0.233039	0.239052	0.232751	0.22498	0.225501	0.225292	0.22968	0.225704	0.225575	0.273105	0.233687	0.23506	0.209635	0.222627	0.237396	0.220251	0.203741	0.20962	0.208657	0.193515	0.197783	0.192072	0.185252	0.196143	0.215899	0.198832	0.202423	0.197912	0.195508	0.194304	0.212747	0.189608	0.193775	0.20845	0.207646	0.198451	0.200984	0.1893	0.20492	0.181525	0.198309	0.197868	0.206542	0.199994	0.195043	0.201628	0.182813	0.196235	0.191397	0.206517	0.189078	0.197152	0.208137	0.189826	0.180152	0.197023	0.217282	0.217068	0.197999	0.197189	0.206215	0.18787	0.181914	0.176461	0.194838	0.199384	0.205925	0.214701	0.211208	0.204656	0.193511	0.207429	0.197019	0.210817	0.206985	0.196561	0.200894	0.194991	0.216554	0.201327	0.186179	0.183627	0.192607	0.185524	0.149171	0.17335	0.166992	0.182211	0.236125	0.219488	0.169886	0.189835	0.173075	0.159889	0.172038	0.10575	0.109527	0.129718	0.125585	0.125083	0.133216	0.13436	0.140479	0.0886871	0.170504	0.158624	0.161501	0.19113	0.118127	0.116995	0.094848	0.0972226	0.109648	0.150915	0.130313	0.259731	0.154106	0.155155	0.167549	0.157793	0.134693	0.144178	0.123722	0.121136	0.151396	0.146466	0.18576	0.198924	0.210436	0.217538	0.211885	0.192782	0.0875984	0.0875902	0.0911034	0.0982358	0.175809	0.17237	0.161131	0.146539	0.147534	0.137116	0.122774	0.122976	0.124975	0.129488	0.0961136	0.0941944	0.0856697	0.0917135	0.0905737	0.0960497	0.118602	0.121991	0.106063	0.103742	0.111525	0.11288	0.100399	0.11389	0.116435	0.109471	0.118725	0.108394	0.10267	0.120986	0.123318	0.257985	0.130855	0.116853	0.116752	0.170546	0.166917	0.177761	0.172111	0.161347	0.102462	0.11229	0.123592	0.094819	0.0970472	0.0949646	0.0975016	0.105694	0.115795	0.104736	0.129139	0.119231	0.135007	0.0996525	0.0737417	0.118059	0.114141	0.233912	0.303435	0.314782	0.294397	0.380253	0.276042	0.28022	0.290264	0.284845	0.25072	0.214304	0.228783	0.227638	0.243629	0.249639	0.213836	0.157431	0.159624	0.158575	0.15748	0.192827	0.186037	0.283802	0.275578	0.287393	0.285453	0.299795	0.291668	0.276444	0.295871	0.295871	0.287832	0.218195	0.217919	0.191358	0.0791904	0.0768987	0.0756313	0.055387	0	0.115745	0.121666	0.119218	0.110732	0.102751	0.115984	0.115984	0.122759	0.114846	0.117113	0.126057	0.0864648	0.0803968	0.102199	0.11317	0.0962456	0.115164	0.141361	0.14758	0.171948	0.0821339	0.0846386	0.0865631	0.108118	0.0751688	0.078517	0.0800781	0.080772	0.0703961	0.0905131	0.0982482
Pterocles_burchelli	0.209227	0.245259	0.240031	0.250049	0.258542	0.248198	0.248741	0.245938	0.262395	0.268335	0.266502	0.261539	0.256936	0.268689	0.261161	0.273946	0.265628	0.265714	0.245627	0.267139	0.281565	0.267806	0.272177	0.266572	0.265659	0.2412	0.274689	0.273178	0.26809	0.275265	0.267513	0.269658	0.301264	0.29808	0.279186	0.270074	0.261285	0.275808	0.286014	0.268132	0.265637	0.25744	0.2723	0.286633	0.297878	0.268921	0.290593	0.271261	0.268503	0.265087	0.26214	0.249638	0.259602	0.26742	0.254395	0.26567	0.247726	0.243392	0.271569	0.250775	0.246037	0.250066	0.26035	0.258856	0.262794	0.264354	0.269221	0.275233	0.268932	0.261161	0.261683	0.261473	0.265861	0.261885	0.261757	0.309286	0.269868	0.271242	0.245817	0.258808	0.273578	0.256432	0.239922	0.245801	0.244839	0.229696	0.233964	0.228254	0.221433	0.232324	0.252081	0.235013	0.238604	0.234094	0.23169	0.230485	0.248929	0.225789	0.229957	0.244631	0.243828	0.234632	0.237165	0.225481	0.241101	0.217707	0.23449	0.234049	0.242723	0.236176	0.231225	0.237809	0.218995	0.232416	0.227578	0.242698	0.22526	0.233333	0.244319	0.226008	0.216333	0.233204	0.253463	0.25325	0.23418	0.23337	0.242396	0.224052	0.218096	0.212643	0.23102	0.235565	0.242106	0.250882	0.247389	0.240837	0.229693	0.24361	0.233201	0.246998	0.243166	0.232743	0.237076	0.231172	0.252736	0.237508	0.22236	0.219808	0.228788	0.221705	0.185352	0.209532	0.203174	0.218392	0.272307	0.25567	0.206067	0.226017	0.209257	0.19607	0.208219	0.141931	0.145708	0.165899	0.161767	0.161265	0.169397	0.170541	0.17666	0.124869	0.206685	0.194806	0.197683	0.227311	0.154308	0.153176	0.131029	0.133404	0.145829	0.187096	0.166494	0.295913	0.190287	0.191337	0.203731	0.193974	0.170874	0.18036	0.159904	0.157317	0.187578	0.182647	0.221941	0.235105	0.246618	0.253719	0.248066	0.228963	0.12378	0.123772	0.127285	0.134417	0.21199	0.208551	0.197312	0.182721	0.183716	0.173298	0.158956	0.159158	0.161157	0.165669	0.132295	0.130376	0.121851	0.127895	0.126755	0.132231	0.154783	0.158172	0.142245	0.139924	0.147707	0.149062	0.13658	0.150071	0.152616	0.145652	0.154907	0.144576	0.138852	0.157168	0.159499	0.294166	0.167037	0.153035	0.152933	0.206728	0.203098	0.213942	0.208292	0.197528	0.138644	0.148472	0.159773	0.131	0.133229	0.131146	0.133683	0.141876	0.151976	0.140918	0.165321	0.155412	0.171189	0.135834	0.109923	0.154241	0.150322	0.270093	0.339616	0.350964	0.330578	0.416435	0.312223	0.316401	0.326445	0.321026	0.286901	0.250485	0.264964	0.263819	0.27981	0.28582	0.250017	0.193612	0.195806	0.194756	0.193661	0.229008	0.222218	0.319984	0.31176	0.323575	0.321635	0.335976	0.327849	0.312625	0.332052	0.332052	0.324013	0.254376	0.2541	0.227539	0.115372	0.11308	0.111813	0.115649	0.115745	0	0.0424752	0.0400272	0.146914	0.138932	0.152165	0.152165	0.15894	0.151028	0.153295	0.162238	0.122646	0.116578	0.138381	0.149352	0.132427	0.151345	0.177542	0.183761	0.20813	0.118315	0.12082	0.122744	0.144299	0.11135	0.114698	0.11626	0.116953	0.106577	0.126695	0.13443
Pterocles_gutturalis	0.215147	0.251179	0.245952	0.255969	0.264462	0.254118	0.254661	0.251858	0.268315	0.274256	0.272422	0.26746	0.262857	0.27461	0.267081	0.279867	0.271548	0.271634	0.251547	0.27306	0.287485	0.273726	0.278097	0.272492	0.271579	0.24712	0.28061	0.279099	0.27401	0.281186	0.273433	0.275578	0.307184	0.304	0.285106	0.275994	0.267205	0.281728	0.291935	0.274052	0.271557	0.26336	0.27822	0.292554	0.303799	0.274842	0.296514	0.277181	0.274423	0.271007	0.268061	0.255558	0.265523	0.273341	0.260315	0.271591	0.253646	0.249312	0.27749	0.256695	0.251957	0.255986	0.266271	0.264777	0.268714	0.270275	0.275141	0.281153	0.274853	0.267082	0.267603	0.267393	0.271782	0.267806	0.267677	0.315206	0.275789	0.277162	0.251737	0.264728	0.279498	0.262353	0.245843	0.251722	0.250759	0.235617	0.239885	0.234174	0.227354	0.238244	0.258001	0.240933	0.244525	0.240014	0.23761	0.236406	0.254849	0.23171	0.235877	0.250552	0.249748	0.240553	0.243085	0.231402	0.247022	0.223627	0.240411	0.23997	0.248644	0.242096	0.237145	0.24373	0.224915	0.238337	0.233499	0.248618	0.23118	0.239254	0.250239	0.231928	0.222254	0.239125	0.259384	0.25917	0.2401	0.23929	0.248317	0.229972	0.224016	0.218563	0.23694	0.241486	0.248027	0.256803	0.25331	0.246758	0.235613	0.24953	0.239121	0.252918	0.249086	0.238663	0.242996	0.237093	0.258656	0.243429	0.228281	0.225729	0.234709	0.227626	0.191273	0.215452	0.209094	0.224313	0.278227	0.26159	0.211988	0.231937	0.215177	0.201991	0.21414	0.147852	0.151629	0.17182	0.167687	0.167185	0.175318	0.176462	0.182581	0.130789	0.212606	0.200726	0.203603	0.233232	0.160229	0.159096	0.13695	0.139324	0.151749	0.193017	0.172415	0.301833	0.196208	0.197257	0.209651	0.199894	0.176795	0.18628	0.165824	0.163238	0.193498	0.188568	0.227862	0.241026	0.252538	0.25964	0.253986	0.234884	0.1297	0.129692	0.133205	0.140338	0.21791	0.214472	0.203233	0.188641	0.189636	0.179218	0.164876	0.165078	0.167077	0.17159	0.138215	0.136296	0.127771	0.133815	0.132676	0.138152	0.160704	0.164092	0.148165	0.145844	0.153627	0.154982	0.1425	0.155992	0.158537	0.151573	0.160827	0.150496	0.144772	0.163088	0.16542	0.300087	0.172957	0.158955	0.158854	0.212648	0.209019	0.219862	0.214213	0.203449	0.144564	0.154392	0.165694	0.136921	0.139149	0.137066	0.139603	0.147796	0.157897	0.146838	0.171241	0.161333	0.177109	0.141754	0.115844	0.160161	0.156243	0.276014	0.345536	0.356884	0.336498	0.422355	0.318143	0.322322	0.332366	0.326947	0.292822	0.256406	0.270885	0.26974	0.28573	0.291741	0.255938	0.199533	0.201726	0.200677	0.199581	0.234929	0.228139	0.325904	0.31768	0.329495	0.327555	0.341897	0.33377	0.318546	0.337973	0.337973	0.329934	0.260296	0.26002	0.23346	0.121292	0.119001	0.117733	0.12157	0.121666	0.0424752	0	0.0430431	0.152834	0.144853	0.158086	0.158086	0.16486	0.156948	0.159215	0.168159	0.128567	0.122499	0.144301	0.155272	0.138347	0.157265	0.183463	0.189682	0.21405	0.124236	0.12674	0.128665	0.15022	0.117271	0.120619	0.12218	0.122874	0.112498	0.132615	0.14035
Syrrhaptes_paradoxus	0.212699	0.248731	0.243504	0.253521	0.262014	0.25167	0.252213	0.24941	0.265867	0.271808	0.269974	0.265011	0.260409	0.272162	0.264633	0.277419	0.2691	0.269186	0.249099	0.270612	0.285037	0.271278	0.275649	0.270044	0.269131	0.244672	0.278162	0.27665	0.271562	0.278738	0.270985	0.27313	0.304736	0.301552	0.282658	0.273546	0.264757	0.27928	0.289487	0.271604	0.269109	0.260912	0.275772	0.290106	0.301351	0.272394	0.294066	0.274733	0.271975	0.268559	0.265613	0.25311	0.263075	0.270893	0.257867	0.269143	0.251198	0.246864	0.275042	0.254247	0.249509	0.253538	0.263823	0.262329	0.266266	0.267827	0.272693	0.278705	0.272405	0.264634	0.265155	0.264945	0.269334	0.265358	0.265229	0.312758	0.273341	0.274714	0.249289	0.26228	0.27705	0.259905	0.243395	0.249274	0.248311	0.233169	0.237437	0.231726	0.224906	0.235796	0.255553	0.238485	0.242077	0.237566	0.235162	0.233958	0.252401	0.229262	0.233429	0.248104	0.2473	0.238105	0.240637	0.228953	0.244574	0.221179	0.237962	0.237522	0.246196	0.239648	0.234697	0.241282	0.222467	0.235889	0.231051	0.24617	0.228732	0.236806	0.247791	0.22948	0.219805	0.236677	0.256936	0.256722	0.237652	0.236842	0.245869	0.227524	0.221568	0.216115	0.234492	0.239038	0.245579	0.254355	0.250862	0.24431	0.233165	0.247082	0.236673	0.25047	0.246638	0.236215	0.240548	0.234644	0.256208	0.240981	0.225833	0.223281	0.232261	0.225178	0.188825	0.213004	0.206646	0.221865	0.275779	0.259142	0.20954	0.229489	0.212729	0.199543	0.211692	0.145404	0.149181	0.169372	0.165239	0.164737	0.17287	0.174014	0.180133	0.128341	0.210158	0.198278	0.201155	0.230784	0.157781	0.156648	0.134502	0.136876	0.149301	0.190569	0.169967	0.299385	0.19376	0.194809	0.207203	0.197446	0.174347	0.183832	0.163376	0.16079	0.19105	0.18612	0.225414	0.238578	0.25009	0.257192	0.251538	0.232436	0.127252	0.127244	0.130757	0.13789	0.215462	0.212024	0.200785	0.186193	0.187188	0.17677	0.162428	0.16263	0.164629	0.169142	0.135767	0.133848	0.125323	0.131367	0.130228	0.135704	0.158256	0.161644	0.145717	0.143396	0.151179	0.152534	0.140052	0.153544	0.156089	0.149125	0.158379	0.148048	0.142324	0.16064	0.162972	0.297639	0.170509	0.156507	0.156406	0.2102	0.206571	0.217414	0.211765	0.201001	0.142116	0.151944	0.163246	0.134473	0.136701	0.134618	0.137155	0.145348	0.155449	0.14439	0.168793	0.158885	0.174661	0.139306	0.113396	0.157713	0.153795	0.273566	0.343088	0.354436	0.33405	0.419907	0.315695	0.319874	0.329918	0.324499	0.290374	0.253958	0.268437	0.267292	0.283282	0.289293	0.25349	0.197085	0.199278	0.198229	0.197133	0.232481	0.225691	0.323456	0.315232	0.327047	0.325107	0.339449	0.331322	0.316098	0.335525	0.335525	0.327486	0.257848	0.257572	0.231012	0.118844	0.116552	0.115285	0.119121	0.119218	0.0400272	0.0430431	0	0.150386	0.142405	0.155638	0.155638	0.162412	0.1545	0.156767	0.165711	0.126119	0.120051	0.141853	0.152824	0.135899	0.154817	0.181015	0.187234	0.211602	0.121788	0.124292	0.126217	0.147772	0.114823	0.118171	0.119732	0.120426	0.11005	0.130167	0.137902
Anhinga_anhinga	0.202218	0.238251	0.233023	0.24304	0.251533	0.241189	0.241733	0.23893	0.255387	0.261327	0.259493	0.254531	0.249928	0.261681	0.254152	0.266938	0.258619	0.258705	0.238619	0.260131	0.274556	0.260797	0.265168	0.259563	0.25865	0.234191	0.267681	0.26617	0.261081	0.268257	0.260504	0.26265	0.294255	0.291072	0.272177	0.263065	0.254276	0.268799	0.279006	0.261124	0.258629	0.250431	0.265292	0.279625	0.29087	0.261913	0.283585	0.264252	0.261494	0.258078	0.255132	0.242629	0.252594	0.260412	0.247386	0.258662	0.240717	0.236384	0.264561	0.243766	0.239029	0.243057	0.253342	0.251848	0.255786	0.257346	0.262213	0.268225	0.261924	0.254153	0.254675	0.254465	0.258853	0.254877	0.254748	0.302278	0.26286	0.264233	0.238808	0.2518	0.266569	0.249424	0.232914	0.238793	0.23783	0.222688	0.226956	0.221245	0.214425	0.225316	0.245073	0.228005	0.231596	0.227085	0.224681	0.223477	0.24192	0.218781	0.222948	0.237623	0.236819	0.227624	0.230157	0.218473	0.234093	0.210698	0.227482	0.227041	0.235715	0.229167	0.224216	0.230801	0.211986	0.225408	0.22057	0.23569	0.218252	0.226325	0.23731	0.219	0.209325	0.226196	0.246455	0.246242	0.227172	0.226362	0.235388	0.217043	0.211088	0.205634	0.224011	0.228557	0.235098	0.243874	0.240381	0.233829	0.222684	0.236602	0.226193	0.23999	0.236158	0.225734	0.230067	0.224164	0.245727	0.2305	0.215352	0.2128	0.22178	0.214697	0.178344	0.202524	0.196165	0.211384	0.265298	0.248661	0.199059	0.219008	0.202248	0.189062	0.201211	0.134923	0.1387	0.158891	0.154758	0.154256	0.162389	0.163533	0.169652	0.11786	0.199677	0.187797	0.190674	0.220303	0.1473	0.146168	0.124021	0.126396	0.138821	0.180088	0.159486	0.288904	0.183279	0.184328	0.196722	0.186966	0.163866	0.173352	0.152895	0.150309	0.180569	0.175639	0.214933	0.228097	0.239609	0.246711	0.241058	0.221955	0.116771	0.116763	0.120276	0.127409	0.204982	0.201543	0.190304	0.175712	0.176707	0.166289	0.151947	0.152149	0.154148	0.158661	0.125287	0.123367	0.114843	0.120887	0.119747	0.125223	0.147775	0.151164	0.135236	0.132915	0.140698	0.142053	0.129572	0.143063	0.145608	0.138644	0.147898	0.137567	0.131843	0.150159	0.152491	0.287158	0.160028	0.146026	0.145925	0.199719	0.19609	0.206934	0.201284	0.19052	0.131635	0.141463	0.152765	0.123992	0.12622	0.124138	0.126675	0.134867	0.144968	0.133909	0.158312	0.148404	0.164181	0.128826	0.102915	0.147232	0.143314	0.263087	0.33261	0.343957	0.323572	0.409428	0.305217	0.309395	0.319439	0.31402	0.279895	0.243479	0.257958	0.256813	0.272804	0.278814	0.243011	0.186606	0.188799	0.18775	0.186655	0.222002	0.215212	0.312977	0.304753	0.316568	0.314629	0.32897	0.320843	0.305619	0.325046	0.325046	0.317007	0.24737	0.247094	0.220533	0.108365	0.106074	0.104806	0.110636	0.110732	0.146914	0.152834	0.150386	0	0.0462249	0.088706	0.088706	0.0954805	0.0875682	0.0898351	0.117228	0.104147	0.107491	0.131371	0.142341	0.125417	0.144335	0.170532	0.176751	0.201119	0.111305	0.11381	0.115734	0.137289	0.104342	0.10769	0.109251	0.109945	0.0995692	0.119686	0.127421
Anhinga_rufa	0.194237	0.230269	0.225041	0.235059	0.243552	0.233208	0.233751	0.230948	0.247405	0.253345	0.251512	0.246549	0.241947	0.253699	0.246171	0.258956	0.250638	0.250724	0.230637	0.25215	0.266575	0.252816	0.257187	0.251582	0.250669	0.22621	0.259699	0.258188	0.2531	0.260275	0.252523	0.254668	0.286274	0.28309	0.264196	0.255084	0.246295	0.260818	0.271024	0.253142	0.250647	0.24245	0.25731	0.271644	0.282888	0.253932	0.275603	0.256271	0.253513	0.250097	0.24715	0.234648	0.244612	0.25243	0.239405	0.25068	0.232736	0.228402	0.256579	0.235785	0.231047	0.235076	0.24536	0.243866	0.247804	0.249364	0.254231	0.260243	0.253943	0.246172	0.246693	0.246483	0.250871	0.246896	0.246767	0.294296	0.254879	0.256252	0.230827	0.243818	0.258588	0.241442	0.224932	0.230812	0.229849	0.214706	0.218974	0.213264	0.206444	0.217334	0.237091	0.220023	0.223614	0.219104	0.2167	0.215495	0.233939	0.210799	0.214967	0.229641	0.228838	0.219642	0.222175	0.210491	0.226112	0.202717	0.2195	0.219059	0.227734	0.221186	0.216235	0.222819	0.204005	0.217426	0.212589	0.227708	0.21027	0.218343	0.229329	0.211018	0.201343	0.218214	0.238474	0.23826	0.21919	0.21838	0.227406	0.209062	0.203106	0.197653	0.21603	0.220576	0.227116	0.235893	0.232399	0.225848	0.214703	0.22862	0.218211	0.232008	0.228176	0.217753	0.222086	0.216182	0.237746	0.222518	0.20737	0.204819	0.213798	0.206715	0.170362	0.194542	0.188184	0.203402	0.257317	0.24068	0.191077	0.211027	0.194267	0.18108	0.193229	0.126941	0.130718	0.150909	0.146777	0.146275	0.154407	0.155551	0.161671	0.109879	0.191696	0.179816	0.182693	0.212321	0.139319	0.138186	0.11604	0.118414	0.130839	0.172106	0.151504	0.280923	0.175297	0.176347	0.188741	0.178984	0.155884	0.16537	0.144914	0.142327	0.172588	0.167657	0.206951	0.220116	0.231628	0.238729	0.233076	0.213973	0.10879	0.108782	0.112295	0.119427	0.197	0.193561	0.182322	0.167731	0.168726	0.158308	0.143966	0.144168	0.146167	0.150679	0.117305	0.115386	0.106861	0.112905	0.111765	0.117241	0.139793	0.143182	0.127255	0.124934	0.132717	0.134072	0.12159	0.135081	0.137626	0.130663	0.139917	0.129586	0.123862	0.142178	0.144509	0.279176	0.152047	0.138045	0.137943	0.191738	0.188109	0.198952	0.193302	0.182538	0.123654	0.133482	0.144783	0.116011	0.118239	0.116156	0.118693	0.126886	0.136986	0.125928	0.150331	0.140422	0.156199	0.120844	0.0949332	0.139251	0.135332	0.255106	0.324628	0.335976	0.31559	0.401447	0.297235	0.301413	0.311457	0.306038	0.271913	0.235497	0.249977	0.248831	0.264822	0.270832	0.23503	0.178624	0.180818	0.179768	0.178673	0.21402	0.20723	0.304996	0.296772	0.308587	0.306647	0.320988	0.312861	0.297637	0.317064	0.317064	0.309026	0.239388	0.239112	0.212552	0.100384	0.0980922	0.0968248	0.102654	0.102751	0.138932	0.144853	0.142405	0.0462249	0	0.0807244	0.0807244	0.0874989	0.0795866	0.0818535	0.109246	0.0961656	0.0995098	0.123389	0.13436	0.117435	0.136353	0.16255	0.168769	0.193138	0.103323	0.105828	0.107753	0.129307	0.0963603	0.0997085	0.10127	0.101964	0.0915876	0.111705	0.11944
Phalacrocorax_auritus	0.20747	0.243502	0.238275	0.248292	0.256785	0.246441	0.246984	0.244181	0.260638	0.266578	0.264745	0.259782	0.25518	0.266932	0.259404	0.272189	0.263871	0.263957	0.24387	0.265383	0.279808	0.266049	0.27042	0.264815	0.263902	0.239443	0.272932	0.271421	0.266333	0.273509	0.265756	0.267901	0.299507	0.296323	0.277429	0.268317	0.259528	0.274051	0.284258	0.266375	0.26388	0.255683	0.270543	0.284877	0.296122	0.267165	0.288837	0.269504	0.266746	0.26333	0.260383	0.247881	0.257846	0.265664	0.252638	0.263914	0.245969	0.241635	0.269812	0.249018	0.24428	0.248309	0.258594	0.257099	0.261037	0.262598	0.267464	0.273476	0.267176	0.259405	0.259926	0.259716	0.264105	0.260129	0.26	0.307529	0.268112	0.269485	0.24406	0.257051	0.271821	0.254676	0.238166	0.244045	0.243082	0.22794	0.232207	0.226497	0.219677	0.230567	0.250324	0.233256	0.236848	0.232337	0.229933	0.228729	0.247172	0.224032	0.2282	0.242875	0.242071	0.232876	0.235408	0.223724	0.239345	0.21595	0.232733	0.232293	0.240967	0.234419	0.229468	0.236052	0.217238	0.23066	0.225822	0.240941	0.223503	0.231576	0.242562	0.224251	0.214576	0.231448	0.251707	0.251493	0.232423	0.231613	0.24064	0.222295	0.216339	0.210886	0.229263	0.233809	0.240349	0.249126	0.245633	0.239081	0.227936	0.241853	0.231444	0.245241	0.241409	0.230986	0.235319	0.229415	0.250979	0.235752	0.220603	0.218052	0.227032	0.219948	0.183595	0.207775	0.201417	0.216636	0.27055	0.253913	0.20431	0.22426	0.2075	0.194314	0.206463	0.140175	0.143952	0.164143	0.16001	0.159508	0.167641	0.168785	0.174904	0.123112	0.204929	0.193049	0.195926	0.225554	0.152552	0.151419	0.129273	0.131647	0.144072	0.185339	0.164738	0.294156	0.18853	0.18958	0.201974	0.192217	0.169118	0.178603	0.158147	0.15556	0.185821	0.180891	0.220185	0.233349	0.244861	0.251963	0.246309	0.227207	0.122023	0.122015	0.125528	0.13266	0.210233	0.206794	0.195556	0.180964	0.181959	0.171541	0.157199	0.157401	0.1594	0.163912	0.130538	0.128619	0.120094	0.126138	0.124998	0.130474	0.153026	0.156415	0.140488	0.138167	0.14595	0.147305	0.134823	0.148314	0.15086	0.143896	0.15315	0.142819	0.137095	0.155411	0.157743	0.29241	0.16528	0.151278	0.151176	0.204971	0.201342	0.212185	0.206535	0.195772	0.136887	0.146715	0.158016	0.129244	0.131472	0.129389	0.131926	0.140119	0.15022	0.139161	0.163564	0.153656	0.169432	0.134077	0.108166	0.152484	0.148566	0.268339	0.337861	0.349209	0.328823	0.41468	0.310468	0.314647	0.324691	0.319271	0.285146	0.248731	0.26321	0.262064	0.278055	0.284066	0.248263	0.191858	0.194051	0.193001	0.191906	0.227254	0.220463	0.318229	0.310005	0.32182	0.31988	0.334222	0.326095	0.31087	0.330298	0.330298	0.322259	0.252621	0.252345	0.225785	0.113617	0.111325	0.110058	0.115888	0.115984	0.152165	0.158086	0.155638	0.088706	0.0807244	0	2e-06	0.0112644	0.0145842	0.016853	0.12248	0.109399	0.112743	0.136622	0.147593	0.130668	0.149586	0.175784	0.182002	0.206371	0.116557	0.119061	0.120986	0.14254	0.109594	0.112942	0.114503	0.115197	0.104821	0.124938	0.132673
Phalacrocorax_brasilianus	0.20747	0.243502	0.238275	0.248292	0.256785	0.246441	0.246984	0.244181	0.260638	0.266578	0.264745	0.259782	0.25518	0.266932	0.259404	0.272189	0.263871	0.263957	0.24387	0.265383	0.279808	0.266049	0.27042	0.264815	0.263902	0.239443	0.272932	0.271421	0.266333	0.273509	0.265756	0.267901	0.299507	0.296323	0.277429	0.268317	0.259528	0.274051	0.284258	0.266375	0.26388	0.255683	0.270543	0.284877	0.296122	0.267165	0.288837	0.269504	0.266746	0.26333	0.260383	0.247881	0.257846	0.265664	0.252638	0.263914	0.245969	0.241635	0.269812	0.249018	0.24428	0.248309	0.258594	0.257099	0.261037	0.262598	0.267464	0.273476	0.267176	0.259405	0.259926	0.259716	0.264105	0.260129	0.26	0.307529	0.268112	0.269485	0.24406	0.257051	0.271821	0.254676	0.238166	0.244045	0.243082	0.22794	0.232207	0.226497	0.219677	0.230567	0.250324	0.233256	0.236848	0.232337	0.229933	0.228729	0.247172	0.224032	0.2282	0.242875	0.242071	0.232876	0.235408	0.223724	0.239345	0.21595	0.232733	0.232293	0.240967	0.234419	0.229468	0.236052	0.217238	0.23066	0.225822	0.240941	0.223503	0.231576	0.242562	0.224251	0.214576	0.231448	0.251707	0.251493	0.232423	0.231613	0.24064	0.222295	0.216339	0.210886	0.229263	0.233809	0.240349	0.249126	0.245633	0.239081	0.227936	0.241853	0.231444	0.245241	0.241409	0.230986	0.235319	0.229415	0.250979	0.235752	0.220603	0.218052	0.227032	0.219948	0.183595	0.207775	0.201417	0.216636	0.27055	0.253913	0.20431	0.22426	0.2075	0.194314	0.206463	0.140175	0.143952	0.164143	0.16001	0.159508	0.167641	0.168785	0.174904	0.123112	0.204929	0.193049	0.195926	0.225554	0.152552	0.151419	0.129273	0.131647	0.144072	0.185339	0.164738	0.294156	0.18853	0.18958	0.201974	0.192217	0.169118	0.178603	0.158147	0.15556	0.185821	0.180891	0.220185	0.233349	0.244861	0.251963	0.246309	0.227207	0.122023	0.122015	0.125528	0.13266	0.210233	0.206794	0.195556	0.180964	0.181959	0.171541	0.157199	0.157401	0.1594	0.163912	0.130538	0.128619	0.120094	0.126138	0.124998	0.130474	0.153026	0.156415	0.140488	0.138167	0.14595	0.147305	0.134823	0.148314	0.15086	0.143896	0.15315	0.142819	0.137095	0.155411	0.157743	0.29241	0.16528	0.151278	0.151176	0.204971	0.201342	0.212185	0.206535	0.195772	0.136887	0.146715	0.158016	0.129244	0.131472	0.129389	0.131926	0.140119	0.15022	0.139161	0.163564	0.153656	0.169432	0.134077	0.108166	0.152484	0.148566	0.268339	0.337861	0.349209	0.328823	0.41468	0.310468	0.314647	0.324691	0.319271	0.285146	0.248731	0.26321	0.262064	0.278055	0.284066	0.248263	0.191858	0.194051	0.193001	0.191906	0.227254	0.220463	0.318229	0.310005	0.32182	0.31988	0.334222	0.326095	0.31087	0.330298	0.330298	0.322259	0.252621	0.252345	0.225785	0.113617	0.111325	0.110058	0.115888	0.115984	0.152165	0.158086	0.155638	0.088706	0.0807244	2e-06	0	0.0112644	0.0145842	0.016853	0.12248	0.109399	0.112743	0.136622	0.147593	0.130668	0.149586	0.175784	0.182002	0.206371	0.116557	0.119061	0.120986	0.14254	0.109594	0.112942	0.114503	0.115197	0.104821	0.124938	0.132673
Phalacrocorax_harrisi	0.214244	0.250277	0.245049	0.255066	0.263559	0.253216	0.253759	0.250956	0.267413	0.273353	0.271519	0.266557	0.261954	0.273707	0.266178	0.278964	0.270646	0.270732	0.250645	0.272157	0.286582	0.272824	0.277195	0.271589	0.270676	0.246217	0.279707	0.278196	0.273108	0.280283	0.27253	0.274676	0.306281	0.303098	0.284203	0.275092	0.266302	0.280825	0.291032	0.27315	0.270655	0.262458	0.277318	0.291651	0.302896	0.273939	0.295611	0.276279	0.27352	0.270104	0.267158	0.254656	0.26462	0.272438	0.259412	0.270688	0.252744	0.24841	0.276587	0.255792	0.251055	0.255083	0.265368	0.263874	0.267812	0.269372	0.274239	0.280251	0.27395	0.266179	0.266701	0.266491	0.270879	0.266903	0.266775	0.314304	0.274886	0.27626	0.250834	0.263826	0.278595	0.26145	0.24494	0.250819	0.249856	0.234714	0.238982	0.233271	0.226451	0.237342	0.257099	0.240031	0.243622	0.239111	0.236707	0.235503	0.253947	0.230807	0.234974	0.249649	0.248845	0.23965	0.242183	0.230499	0.246119	0.222724	0.239508	0.239067	0.247741	0.241193	0.236242	0.242827	0.224013	0.237434	0.232596	0.247716	0.230278	0.238351	0.249336	0.231026	0.221351	0.238222	0.258481	0.258268	0.239198	0.238388	0.247414	0.229069	0.223114	0.21766	0.236037	0.240583	0.247124	0.2559	0.252407	0.245855	0.234711	0.248628	0.238219	0.252016	0.248184	0.23776	0.242093	0.23619	0.257753	0.242526	0.227378	0.224826	0.233806	0.226723	0.19037	0.21455	0.208191	0.22341	0.277324	0.260687	0.211085	0.231035	0.214274	0.201088	0.213237	0.146949	0.150726	0.170917	0.166785	0.166282	0.174415	0.175559	0.181678	0.129886	0.211703	0.199824	0.2027	0.232329	0.159326	0.158194	0.136047	0.138422	0.150847	0.192114	0.171512	0.300931	0.195305	0.196354	0.208749	0.198992	0.175892	0.185378	0.164921	0.162335	0.192595	0.187665	0.226959	0.240123	0.251635	0.258737	0.253084	0.233981	0.128798	0.128789	0.132303	0.139435	0.217008	0.213569	0.20233	0.187738	0.188733	0.178315	0.163973	0.164175	0.166175	0.170687	0.137313	0.135394	0.126869	0.132913	0.131773	0.137249	0.159801	0.16319	0.147263	0.144941	0.152724	0.154079	0.141598	0.155089	0.157634	0.15067	0.159924	0.149594	0.14387	0.162186	0.164517	0.299184	0.172054	0.158052	0.157951	0.211746	0.208116	0.21896	0.21331	0.202546	0.143661	0.153489	0.164791	0.136018	0.138246	0.136164	0.138701	0.146893	0.156994	0.145935	0.170338	0.16043	0.176207	0.140852	0.114941	0.159258	0.15534	0.275113	0.344636	0.355983	0.335598	0.421454	0.317243	0.321421	0.331465	0.326046	0.291921	0.255505	0.269984	0.268839	0.28483	0.29084	0.255037	0.198632	0.200825	0.199776	0.198681	0.234028	0.227238	0.325003	0.316779	0.328594	0.326655	0.340996	0.332869	0.317645	0.337072	0.337072	0.329033	0.259396	0.25912	0.232559	0.120392	0.1181	0.116833	0.122662	0.122759	0.15894	0.16486	0.162412	0.0954805	0.0874989	0.0112644	0.0112644	0	0.0213586	0.0236275	0.129254	0.116173	0.119518	0.143397	0.154368	0.137443	0.156361	0.182558	0.188777	0.213145	0.123331	0.125836	0.12776	0.149315	0.116368	0.119716	0.121277	0.121971	0.111595	0.131712	0.139447
Phalacrocorax_pelagicus	0.206332	0.242365	0.237137	0.247154	0.255647	0.245303	0.245847	0.243043	0.259501	0.265441	0.263607	0.258645	0.254042	0.265795	0.258266	0.271052	0.262733	0.262819	0.242732	0.264245	0.27867	0.264911	0.269282	0.263677	0.262764	0.238305	0.271795	0.270284	0.265195	0.272371	0.264618	0.266763	0.298369	0.295185	0.276291	0.267179	0.25839	0.272913	0.28312	0.265237	0.262743	0.254545	0.269405	0.283739	0.294984	0.266027	0.287699	0.268366	0.265608	0.262192	0.259246	0.246743	0.256708	0.264526	0.2515	0.262776	0.244831	0.240497	0.268675	0.24788	0.243143	0.247171	0.257456	0.255962	0.259899	0.26146	0.266326	0.272338	0.266038	0.258267	0.258788	0.258579	0.262967	0.258991	0.258862	0.306392	0.266974	0.268347	0.242922	0.255914	0.270683	0.253538	0.237028	0.242907	0.241944	0.226802	0.23107	0.225359	0.218539	0.22943	0.249186	0.232118	0.23571	0.231199	0.228795	0.227591	0.246034	0.222895	0.227062	0.241737	0.240933	0.231738	0.234271	0.222587	0.238207	0.214812	0.231596	0.231155	0.239829	0.233281	0.22833	0.234915	0.2161	0.229522	0.224684	0.239804	0.222365	0.230439	0.241424	0.223113	0.213439	0.23031	0.250569	0.250355	0.231285	0.230476	0.239502	0.221157	0.215201	0.209748	0.228125	0.232671	0.239212	0.247988	0.244495	0.237943	0.226798	0.240716	0.230306	0.244104	0.240272	0.229848	0.234181	0.228278	0.249841	0.234614	0.219466	0.216914	0.225894	0.218811	0.182458	0.206637	0.200279	0.215498	0.269412	0.252775	0.203173	0.223122	0.206362	0.193176	0.205325	0.139037	0.142814	0.163005	0.158872	0.15837	0.166503	0.167647	0.173766	0.121974	0.203791	0.191911	0.194788	0.224417	0.151414	0.150282	0.128135	0.13051	0.142934	0.184202	0.1636	0.293018	0.187393	0.188442	0.200836	0.19108	0.16798	0.177465	0.157009	0.154423	0.184683	0.179753	0.219047	0.232211	0.243723	0.250825	0.245172	0.226069	0.120885	0.120877	0.12439	0.131523	0.209095	0.205657	0.194418	0.179826	0.180821	0.170403	0.156061	0.156263	0.158262	0.162775	0.129401	0.127481	0.118957	0.125	0.123861	0.129337	0.151889	0.155278	0.13935	0.137029	0.144812	0.146167	0.133686	0.147177	0.149722	0.142758	0.152012	0.141681	0.135957	0.154273	0.156605	0.291272	0.164142	0.15014	0.150039	0.203833	0.200204	0.211047	0.205398	0.194634	0.135749	0.145577	0.156879	0.128106	0.130334	0.128252	0.130788	0.138981	0.149082	0.138023	0.162426	0.152518	0.168294	0.132939	0.107029	0.151346	0.147428	0.267201	0.336723	0.348071	0.327686	0.413542	0.309331	0.313509	0.323553	0.318134	0.284009	0.247593	0.262072	0.260927	0.276918	0.282928	0.247125	0.19072	0.192913	0.191864	0.190769	0.226116	0.219326	0.317091	0.308867	0.320682	0.318742	0.333084	0.324957	0.309733	0.32916	0.32916	0.321121	0.251484	0.251208	0.224647	0.112479	0.110188	0.10892	0.11475	0.114846	0.151028	0.156948	0.1545	0.0875682	0.0795866	0.0145842	0.0145842	0.0213586	0	0.0157153	0.121342	0.108261	0.111605	0.135484	0.146455	0.129531	0.148448	0.174646	0.180865	0.205233	0.115419	0.117924	0.119848	0.141403	0.108456	0.111804	0.113365	0.114059	0.103683	0.1238	0.131535
Phalacrocorax_carbo	0.208599	0.244631	0.239404	0.249421	0.257914	0.24757	0.248113	0.24531	0.261767	0.267708	0.265874	0.260911	0.256309	0.268062	0.260533	0.273319	0.265	0.265086	0.244999	0.266512	0.280937	0.267178	0.271549	0.265944	0.265031	0.240572	0.274062	0.27255	0.267462	0.274638	0.266885	0.26903	0.300636	0.297452	0.278558	0.269446	0.260657	0.27518	0.285387	0.267504	0.265009	0.256812	0.271672	0.286006	0.297251	0.268294	0.289966	0.270633	0.267875	0.264459	0.261513	0.24901	0.258975	0.266793	0.253767	0.265043	0.247098	0.242764	0.270941	0.250147	0.245409	0.249438	0.259723	0.258229	0.262166	0.263727	0.268593	0.274605	0.268305	0.260534	0.261055	0.260845	0.265234	0.261258	0.261129	0.308658	0.269241	0.270614	0.245189	0.25818	0.27295	0.255805	0.239295	0.245174	0.244211	0.229069	0.233337	0.227626	0.220806	0.231696	0.251453	0.234385	0.237977	0.233466	0.231062	0.229858	0.248301	0.225162	0.229329	0.244004	0.2432	0.234005	0.236537	0.224853	0.240474	0.217079	0.233862	0.233422	0.242096	0.235548	0.230597	0.237182	0.218367	0.231789	0.226951	0.24207	0.224632	0.232705	0.243691	0.22538	0.215705	0.232577	0.252836	0.252622	0.233552	0.232742	0.241769	0.223424	0.217468	0.212015	0.230392	0.234938	0.241479	0.250255	0.246762	0.24021	0.229065	0.242982	0.232573	0.24637	0.242538	0.232115	0.236448	0.230544	0.252108	0.236881	0.221733	0.219181	0.228161	0.221077	0.184725	0.208904	0.202546	0.217765	0.271679	0.255042	0.20544	0.225389	0.208629	0.195443	0.207592	0.141304	0.145081	0.165272	0.161139	0.160637	0.16877	0.169914	0.176033	0.124241	0.206058	0.194178	0.197055	0.226684	0.153681	0.152548	0.130402	0.132776	0.145201	0.186468	0.165867	0.295285	0.18966	0.190709	0.203103	0.193346	0.170247	0.179732	0.159276	0.15669	0.18695	0.18202	0.221314	0.234478	0.24599	0.253092	0.247438	0.228336	0.123152	0.123144	0.126657	0.13379	0.211362	0.207924	0.196685	0.182093	0.183088	0.17267	0.158328	0.15853	0.160529	0.165042	0.131667	0.129748	0.121223	0.127267	0.126128	0.131604	0.154156	0.157544	0.141617	0.139296	0.147079	0.148434	0.135952	0.149444	0.151989	0.145025	0.154279	0.143948	0.138224	0.15654	0.158872	0.293539	0.166409	0.152407	0.152306	0.2061	0.202471	0.213314	0.207665	0.196901	0.138016	0.147844	0.159146	0.130373	0.132601	0.130518	0.133055	0.141248	0.151349	0.14029	0.164693	0.154785	0.170561	0.135206	0.109296	0.153613	0.149695	0.269468	0.33899	0.350338	0.329952	0.415809	0.311597	0.315776	0.32582	0.320401	0.286276	0.24986	0.264339	0.263194	0.279184	0.285195	0.249392	0.192987	0.19518	0.194131	0.193035	0.228383	0.221593	0.319358	0.311134	0.322949	0.321009	0.335351	0.327224	0.312	0.331427	0.331427	0.323388	0.25375	0.253474	0.226914	0.114746	0.112454	0.111187	0.117017	0.117113	0.153295	0.159215	0.156767	0.0898351	0.0818535	0.016853	0.016853	0.0236275	0.0157153	0	0.123609	0.110528	0.113872	0.137751	0.148722	0.131797	0.150715	0.176913	0.183132	0.2075	0.117686	0.12019	0.122115	0.14367	0.110723	0.114071	0.115632	0.116326	0.10595	0.126067	0.133802
Sula_dactylatra	0.217543	0.253575	0.248347	0.258365	0.266858	0.256514	0.257057	0.254254	0.270711	0.276651	0.274818	0.269855	0.265252	0.277005	0.269477	0.282262	0.273944	0.27403	0.253943	0.275455	0.289881	0.276122	0.280493	0.274888	0.273975	0.249516	0.283005	0.281494	0.276406	0.283581	0.275829	0.277974	0.30958	0.306396	0.287502	0.27839	0.269601	0.284124	0.29433	0.276448	0.273953	0.265756	0.280616	0.294949	0.306194	0.277237	0.298909	0.279577	0.276819	0.273403	0.270456	0.257954	0.267918	0.275736	0.262711	0.273986	0.256042	0.251708	0.279885	0.259091	0.254353	0.258382	0.268666	0.267172	0.27111	0.27267	0.277537	0.283549	0.277248	0.269477	0.269999	0.269789	0.274177	0.270201	0.270073	0.317602	0.278184	0.279558	0.254133	0.267124	0.281893	0.264748	0.248238	0.254117	0.253154	0.238012	0.24228	0.23657	0.229749	0.24064	0.260397	0.243329	0.24692	0.24241	0.240006	0.238801	0.257245	0.234105	0.238272	0.252947	0.252143	0.242948	0.245481	0.233797	0.249417	0.226023	0.242806	0.242365	0.251039	0.244492	0.239541	0.246125	0.227311	0.240732	0.235894	0.251014	0.233576	0.241649	0.252635	0.234324	0.224649	0.24152	0.261779	0.261566	0.242496	0.241686	0.250712	0.232368	0.226412	0.220959	0.239336	0.243881	0.250422	0.259198	0.255705	0.249153	0.238009	0.251926	0.241517	0.255314	0.251482	0.241059	0.245392	0.239488	0.261052	0.245824	0.230676	0.228124	0.237104	0.230021	0.193668	0.217848	0.21149	0.226708	0.280622	0.263986	0.214383	0.234333	0.217573	0.204386	0.216535	0.150247	0.154024	0.174215	0.170083	0.169581	0.177713	0.178857	0.184976	0.133184	0.215001	0.203122	0.205999	0.235627	0.162624	0.161492	0.139345	0.14172	0.154145	0.195412	0.17481	0.304229	0.198603	0.199653	0.212047	0.20229	0.17919	0.188676	0.16822	0.165633	0.195894	0.190963	0.230257	0.243421	0.254934	0.262035	0.256382	0.237279	0.132096	0.132088	0.135601	0.142733	0.220306	0.216867	0.205628	0.191037	0.192032	0.181614	0.167272	0.167473	0.169473	0.173985	0.140611	0.138692	0.130167	0.136211	0.135071	0.140547	0.163099	0.166488	0.150561	0.14824	0.156023	0.157378	0.144896	0.158387	0.160932	0.153968	0.163222	0.152892	0.147168	0.165484	0.167815	0.302482	0.175353	0.161351	0.161249	0.215044	0.211414	0.222258	0.216608	0.205844	0.14696	0.156788	0.168089	0.139316	0.141545	0.139462	0.141999	0.150192	0.160292	0.149234	0.173636	0.163728	0.179505	0.14415	0.118239	0.162557	0.158638	0.278411	0.347934	0.359282	0.338896	0.424753	0.320541	0.324719	0.334763	0.329344	0.295219	0.258803	0.273282	0.272137	0.288128	0.294138	0.258335	0.20193	0.204124	0.203074	0.201979	0.237326	0.230536	0.328302	0.320077	0.331893	0.329953	0.344294	0.336167	0.320943	0.34037	0.34037	0.332331	0.262694	0.262418	0.235857	0.12369	0.121398	0.120131	0.12596	0.126057	0.162238	0.168159	0.165711	0.117228	0.109246	0.12248	0.12248	0.129254	0.121342	0.123609	0	0.119471	0.122816	0.146695	0.157666	0.140741	0.159659	0.185856	0.192075	0.216444	0.126629	0.129134	0.131058	0.152613	0.119666	0.123014	0.124576	0.125269	0.114893	0.135011	0.142746
Fregata_magnificens	0.177951	0.213983	0.208755	0.218773	0.227266	0.216922	0.217465	0.214662	0.231119	0.237059	0.235226	0.230263	0.22566	0.237413	0.229885	0.24267	0.234352	0.234438	0.214351	0.235863	0.250289	0.23653	0.240901	0.235296	0.234383	0.209924	0.243413	0.241902	0.236814	0.243989	0.236237	0.238382	0.269988	0.266804	0.24791	0.238798	0.230009	0.244532	0.254738	0.236856	0.234361	0.226164	0.241024	0.255357	0.266602	0.237645	0.259317	0.239985	0.237226	0.233811	0.230864	0.218362	0.228326	0.236144	0.223118	0.234394	0.21645	0.212116	0.240293	0.219499	0.214761	0.21879	0.229074	0.22758	0.231518	0.233078	0.237945	0.243957	0.237656	0.229885	0.230407	0.230197	0.234585	0.230609	0.230481	0.27801	0.238592	0.239966	0.214541	0.227532	0.242301	0.225156	0.208646	0.214525	0.213562	0.19842	0.202688	0.196978	0.190157	0.201048	0.220805	0.203737	0.207328	0.202818	0.200414	0.199209	0.217653	0.194513	0.19868	0.213355	0.212551	0.203356	0.205889	0.194205	0.209825	0.186431	0.203214	0.202773	0.211447	0.2049	0.199949	0.206533	0.187719	0.20114	0.196302	0.211422	0.193984	0.202057	0.213043	0.194732	0.185057	0.201928	0.222187	0.221974	0.202904	0.202094	0.21112	0.192776	0.18682	0.181367	0.199744	0.204289	0.21083	0.219606	0.216113	0.209561	0.198417	0.212334	0.201925	0.215722	0.21189	0.201467	0.2058	0.199896	0.22146	0.206232	0.191084	0.188532	0.197512	0.190429	0.154076	0.178256	0.171898	0.187116	0.24103	0.224394	0.174791	0.194741	0.177981	0.164794	0.176943	0.110655	0.114432	0.134623	0.130491	0.129989	0.138121	0.139265	0.145384	0.0935925	0.175409	0.16353	0.166407	0.196035	0.123032	0.1219	0.0997534	0.102128	0.114553	0.15582	0.135218	0.264637	0.159011	0.160061	0.172455	0.162698	0.139598	0.149084	0.128628	0.126041	0.156302	0.151371	0.190665	0.203829	0.215342	0.222443	0.21679	0.197687	0.0925037	0.0924955	0.0960088	0.103141	0.180714	0.177275	0.166036	0.151445	0.152439	0.142022	0.12768	0.127881	0.129881	0.134393	0.101019	0.0990998	0.090575	0.0966189	0.0954791	0.100955	0.123507	0.126896	0.110969	0.108648	0.116431	0.117786	0.105304	0.118795	0.12134	0.114376	0.12363	0.1133	0.107576	0.125892	0.128223	0.26289	0.135761	0.121758	0.121657	0.175452	0.171822	0.182666	0.177016	0.166252	0.107368	0.117196	0.128497	0.0997244	0.101953	0.09987	0.102407	0.110599	0.1207	0.109642	0.134044	0.124136	0.139913	0.104558	0.0786471	0.122965	0.119046	0.238819	0.308342	0.31969	0.299304	0.385161	0.280949	0.285127	0.295171	0.289752	0.255627	0.219211	0.23369	0.232545	0.248536	0.254546	0.218743	0.162338	0.164532	0.163482	0.162387	0.197734	0.190944	0.28871	0.280485	0.292301	0.290361	0.304702	0.296575	0.281351	0.300778	0.300778	0.292739	0.223102	0.222826	0.196265	0.0840978	0.081806	0.0805387	0.0863684	0.0864648	0.122646	0.128567	0.126119	0.104147	0.0961656	0.109399	0.109399	0.116173	0.108261	0.110528	0.119471	0	0.0832237	0.107103	0.118074	0.101149	0.120067	0.146264	0.152483	0.176852	0.0870373	0.089542	0.0914664	0.113021	0.0800742	0.0834223	0.0849835	0.0856774	0.0753014	0.0954185	0.103154
Gavia_stellata	0.171883	0.207915	0.202687	0.212705	0.221198	0.210854	0.211397	0.208594	0.225051	0.230991	0.229158	0.224195	0.219592	0.231345	0.223817	0.236602	0.228284	0.22837	0.208283	0.229795	0.244221	0.230462	0.234833	0.229228	0.228315	0.203856	0.237345	0.235834	0.230746	0.237921	0.230169	0.232314	0.26392	0.260736	0.241842	0.23273	0.223941	0.238464	0.24867	0.230788	0.228293	0.220096	0.234956	0.249289	0.260534	0.231577	0.253249	0.233917	0.231159	0.227743	0.224796	0.212294	0.222258	0.230076	0.217051	0.228326	0.210382	0.206048	0.234225	0.213431	0.208693	0.212722	0.223006	0.221512	0.22545	0.22701	0.231877	0.237889	0.231588	0.223817	0.224339	0.224129	0.228517	0.224541	0.224413	0.271942	0.232524	0.233898	0.208473	0.221464	0.236234	0.219088	0.202578	0.208457	0.207494	0.192352	0.19662	0.19091	0.184089	0.19498	0.214737	0.197669	0.20126	0.19675	0.194346	0.193141	0.211585	0.188445	0.192612	0.207287	0.206484	0.197288	0.199821	0.188137	0.203757	0.180363	0.197146	0.196705	0.205379	0.198832	0.193881	0.200465	0.181651	0.195072	0.190234	0.205354	0.187916	0.195989	0.206975	0.188664	0.178989	0.19586	0.216119	0.215906	0.196836	0.196026	0.205052	0.186708	0.180752	0.175299	0.193676	0.198221	0.204762	0.213538	0.210045	0.203493	0.192349	0.206266	0.195857	0.209654	0.205822	0.195399	0.199732	0.193828	0.215392	0.200164	0.185016	0.182464	0.191444	0.184361	0.148008	0.172188	0.16583	0.181048	0.234962	0.218326	0.168723	0.188673	0.171913	0.158726	0.170875	0.104587	0.108364	0.128555	0.124423	0.123921	0.132053	0.133197	0.139316	0.0875245	0.169341	0.157462	0.160339	0.189967	0.116964	0.115832	0.0936854	0.09606	0.108485	0.149752	0.12915	0.258569	0.152943	0.153993	0.166387	0.15663	0.13353	0.143016	0.12256	0.119973	0.150234	0.145303	0.184597	0.197761	0.209274	0.216375	0.210722	0.191619	0.0864358	0.0864276	0.0899408	0.0970732	0.174646	0.171207	0.159968	0.145377	0.146372	0.135954	0.121612	0.121813	0.123813	0.128325	0.094951	0.0930318	0.084507	0.0905509	0.0894111	0.0948871	0.117439	0.120828	0.104901	0.10258	0.110363	0.111718	0.099236	0.112727	0.115272	0.108308	0.117562	0.107232	0.101508	0.119824	0.122155	0.256822	0.129693	0.115691	0.115589	0.169384	0.165754	0.176598	0.170948	0.160184	0.1013	0.111128	0.122429	0.0936564	0.0958846	0.093802	0.0963389	0.104532	0.114632	0.103574	0.127977	0.118068	0.133845	0.0984899	0.0725791	0.116897	0.112978	0.232751	0.302274	0.313622	0.293236	0.379093	0.274881	0.279059	0.289103	0.283684	0.249559	0.213143	0.227622	0.226477	0.242468	0.248478	0.212675	0.15627	0.158464	0.157414	0.156319	0.191666	0.184876	0.282642	0.274418	0.286233	0.284293	0.298634	0.290507	0.275283	0.29471	0.29471	0.286671	0.217034	0.216758	0.190197	0.0780298	0.0757381	0.0744707	0.0803004	0.0803968	0.116578	0.122499	0.120051	0.107491	0.0995098	0.112743	0.112743	0.119518	0.111605	0.113872	0.122816	0.0832237	0	0.101035	0.112006	0.095081	0.113999	0.140196	0.146415	0.170784	0.0809693	0.083474	0.0853985	0.106953	0.0740062	0.0773544	0.0789155	0.0796094	0.0692335	0.0893505	0.0970856
Aramus_guarauna	0.193685	0.229718	0.22449	0.234507	0.243	0.232656	0.2332	0.230397	0.246854	0.252794	0.25096	0.245998	0.241395	0.253148	0.245619	0.258405	0.250086	0.250172	0.230085	0.251598	0.266023	0.252264	0.256635	0.25103	0.250117	0.225658	0.259148	0.257637	0.252548	0.259724	0.251971	0.254117	0.285722	0.282538	0.263644	0.254532	0.245743	0.260266	0.270473	0.25259	0.250096	0.241898	0.256759	0.271092	0.282337	0.25338	0.275052	0.255719	0.252961	0.249545	0.246599	0.234096	0.244061	0.251879	0.238853	0.250129	0.232184	0.22785	0.256028	0.235233	0.230496	0.234524	0.244809	0.243315	0.247252	0.248813	0.253679	0.259692	0.253391	0.24562	0.246141	0.245932	0.25032	0.246344	0.246215	0.293745	0.254327	0.2557	0.230275	0.243267	0.258036	0.240891	0.224381	0.23026	0.229297	0.214155	0.218423	0.212712	0.205892	0.216783	0.236539	0.219472	0.223063	0.218552	0.216148	0.214944	0.233387	0.210248	0.214415	0.22909	0.228286	0.219091	0.221624	0.20994	0.22556	0.202165	0.218949	0.218508	0.227182	0.220634	0.215683	0.222268	0.203453	0.216875	0.212037	0.227157	0.209719	0.217792	0.228777	0.210466	0.200792	0.217663	0.237922	0.237709	0.218639	0.217829	0.226855	0.20851	0.202554	0.197101	0.215478	0.220024	0.226565	0.235341	0.231848	0.225296	0.214151	0.228069	0.217659	0.231457	0.227625	0.217201	0.221534	0.215631	0.237194	0.221967	0.206819	0.204267	0.213247	0.206164	0.169811	0.193991	0.187632	0.202851	0.256765	0.240128	0.190526	0.210475	0.193715	0.180529	0.192678	0.12639	0.130167	0.150358	0.146225	0.145723	0.153856	0.155	0.161119	0.109327	0.191144	0.179264	0.182141	0.21177	0.138767	0.137635	0.115488	0.117863	0.130288	0.171555	0.150953	0.280371	0.174746	0.175795	0.188189	0.178433	0.155333	0.164818	0.144362	0.141776	0.172036	0.167106	0.2064	0.219564	0.231076	0.238178	0.232525	0.213422	0.108238	0.10823	0.111743	0.118876	0.196449	0.19301	0.181771	0.167179	0.168174	0.157756	0.143414	0.143616	0.145615	0.150128	0.116754	0.114834	0.10631	0.112354	0.111214	0.11669	0.139242	0.142631	0.126703	0.124382	0.132165	0.13352	0.121039	0.13453	0.137075	0.130111	0.139365	0.129034	0.12331	0.141626	0.143958	0.278625	0.151495	0.137493	0.137392	0.191186	0.187557	0.198401	0.192751	0.181987	0.123102	0.13293	0.144232	0.115459	0.117687	0.115605	0.118142	0.126334	0.136435	0.125376	0.149779	0.139871	0.155648	0.120293	0.0943818	0.138699	0.134781	0.254554	0.324077	0.335424	0.315039	0.400895	0.296684	0.300862	0.310906	0.305487	0.271362	0.234946	0.249425	0.24828	0.264271	0.270281	0.234478	0.178073	0.180266	0.179217	0.178122	0.213469	0.206679	0.304444	0.29622	0.308035	0.306096	0.320437	0.31231	0.297086	0.316513	0.316513	0.308474	0.238837	0.238561	0.212	0.0998324	0.0975407	0.0962734	0.102103	0.102199	0.138381	0.144301	0.141853	0.131371	0.123389	0.136622	0.136622	0.143397	0.135484	0.137751	0.146695	0.107103	0.101035	0	0.07654	0.0596152	0.104981	0.138686	0.144905	0.169274	0.101634	0.104138	0.106063	0.127618	0.0958088	0.099157	0.100718	0.101412	0.0910361	0.111153	0.118888
Balearica_regulorum	0.204656	0.240689	0.235461	0.245478	0.253971	0.243627	0.244171	0.241367	0.257825	0.263765	0.261931	0.256969	0.252366	0.264119	0.25659	0.269376	0.261057	0.261143	0.241056	0.262569	0.276994	0.263235	0.267606	0.262001	0.261088	0.236629	0.270119	0.268608	0.263519	0.270695	0.262942	0.265088	0.296693	0.293509	0.274615	0.265503	0.256714	0.271237	0.281444	0.263561	0.261067	0.252869	0.267729	0.282063	0.293308	0.264351	0.286023	0.26669	0.263932	0.260516	0.25757	0.245067	0.255032	0.26285	0.249824	0.2611	0.243155	0.238821	0.266999	0.246204	0.241467	0.245495	0.25578	0.254286	0.258223	0.259784	0.26465	0.270663	0.264362	0.256591	0.257112	0.256903	0.261291	0.257315	0.257186	0.304716	0.265298	0.266671	0.241246	0.254238	0.269007	0.251862	0.235352	0.241231	0.240268	0.225126	0.229394	0.223683	0.216863	0.227754	0.24751	0.230443	0.234034	0.229523	0.227119	0.225915	0.244358	0.221219	0.225386	0.240061	0.239257	0.230062	0.232595	0.220911	0.236531	0.213136	0.22992	0.229479	0.238153	0.231605	0.226654	0.233239	0.214424	0.227846	0.223008	0.238128	0.220689	0.228763	0.239748	0.221437	0.211763	0.228634	0.248893	0.248679	0.229609	0.2288	0.237826	0.219481	0.213525	0.208072	0.226449	0.230995	0.237536	0.246312	0.242819	0.236267	0.225122	0.23904	0.22863	0.242428	0.238596	0.228172	0.232505	0.226602	0.248165	0.232938	0.21779	0.215238	0.224218	0.217135	0.180782	0.204961	0.198603	0.213822	0.267736	0.251099	0.201497	0.221446	0.204686	0.1915	0.203649	0.137361	0.141138	0.161329	0.157196	0.156694	0.164827	0.165971	0.17209	0.120298	0.202115	0.190235	0.193112	0.222741	0.149738	0.148606	0.126459	0.128834	0.141259	0.182526	0.161924	0.291342	0.185717	0.186766	0.19916	0.189404	0.166304	0.175789	0.155333	0.152747	0.183007	0.178077	0.217371	0.230535	0.242047	0.249149	0.243496	0.224393	0.119209	0.119201	0.122714	0.129847	0.207419	0.203981	0.192742	0.17815	0.179145	0.168727	0.154385	0.154587	0.156586	0.161099	0.127725	0.125805	0.117281	0.123324	0.122185	0.127661	0.150213	0.153602	0.137674	0.135353	0.143136	0.144491	0.13201	0.145501	0.148046	0.141082	0.150336	0.140005	0.134281	0.152597	0.154929	0.289596	0.162466	0.148464	0.148363	0.202157	0.198528	0.209372	0.203722	0.192958	0.134073	0.143901	0.155203	0.12643	0.128658	0.126576	0.129113	0.137305	0.147406	0.136347	0.16075	0.150842	0.166618	0.131263	0.105353	0.14967	0.145752	0.265525	0.335048	0.346395	0.32601	0.411866	0.307655	0.311833	0.321877	0.316458	0.282333	0.245917	0.260396	0.259251	0.275242	0.281252	0.245449	0.189044	0.191237	0.190188	0.189093	0.22444	0.21765	0.315415	0.307191	0.319006	0.317066	0.331408	0.323281	0.308057	0.327484	0.327484	0.319445	0.249808	0.249532	0.222971	0.110803	0.108512	0.107244	0.113074	0.11317	0.149352	0.155272	0.152824	0.142341	0.13436	0.147593	0.147593	0.154368	0.146455	0.148722	0.157666	0.118074	0.112006	0.07654	0	0.0468253	0.115952	0.149657	0.155876	0.180245	0.112605	0.115109	0.117034	0.138588	0.10678	0.110128	0.111689	0.112383	0.102007	0.122124	0.129859
Grus_americana	0.187731	0.223764	0.218536	0.228554	0.237046	0.226703	0.227246	0.224443	0.2409	0.24684	0.245006	0.240044	0.235441	0.247194	0.239665	0.252451	0.244133	0.244219	0.224132	0.245644	0.260069	0.246311	0.250682	0.245076	0.244163	0.219704	0.253194	0.251683	0.246595	0.25377	0.246017	0.248163	0.279768	0.276585	0.25769	0.248579	0.23979	0.254312	0.264519	0.246637	0.244142	0.235945	0.250805	0.265138	0.276383	0.247426	0.269098	0.249766	0.247007	0.243592	0.240645	0.228143	0.238107	0.245925	0.232899	0.244175	0.226231	0.221897	0.250074	0.229279	0.224542	0.22857	0.238855	0.237361	0.241299	0.242859	0.247726	0.253738	0.247437	0.239666	0.240188	0.239978	0.244366	0.24039	0.240262	0.287791	0.248373	0.249747	0.224322	0.237313	0.252082	0.234937	0.218427	0.224306	0.223343	0.208201	0.212469	0.206758	0.199938	0.210829	0.230586	0.213518	0.217109	0.212598	0.210194	0.20899	0.227434	0.204294	0.208461	0.223136	0.222332	0.213137	0.21567	0.203986	0.219606	0.196211	0.212995	0.212554	0.221228	0.21468	0.209729	0.216314	0.1975	0.210921	0.206083	0.221203	0.203765	0.211838	0.222823	0.204513	0.194838	0.211709	0.231968	0.231755	0.212685	0.211875	0.220901	0.202556	0.196601	0.191147	0.209524	0.21407	0.220611	0.229387	0.225894	0.219342	0.208198	0.222115	0.211706	0.225503	0.221671	0.211248	0.21558	0.209677	0.23124	0.216013	0.200865	0.198313	0.207293	0.20021	0.163857	0.188037	0.181678	0.196897	0.250811	0.234174	0.184572	0.204522	0.187761	0.174575	0.186724	0.120436	0.124213	0.144404	0.140272	0.13977	0.147902	0.149046	0.155165	0.103373	0.18519	0.173311	0.176187	0.205816	0.132813	0.131681	0.109534	0.111909	0.124334	0.165601	0.144999	0.274418	0.168792	0.169841	0.182236	0.172479	0.149379	0.158865	0.138409	0.135822	0.166082	0.161152	0.200446	0.21361	0.225123	0.232224	0.226571	0.207468	0.102285	0.102276	0.10579	0.112922	0.190495	0.187056	0.175817	0.161225	0.16222	0.151802	0.13746	0.137662	0.139662	0.144174	0.1108	0.108881	0.100356	0.1064	0.10526	0.110736	0.133288	0.136677	0.12075	0.118429	0.126211	0.127566	0.115085	0.128576	0.131121	0.124157	0.133411	0.123081	0.117357	0.135673	0.138004	0.272671	0.145541	0.131539	0.131438	0.185233	0.181603	0.192447	0.186797	0.176033	0.117148	0.126976	0.138278	0.109505	0.111733	0.109651	0.112188	0.12038	0.130481	0.119422	0.143825	0.133917	0.149694	0.114339	0.0884279	0.132745	0.128827	0.2486	0.318123	0.329471	0.309085	0.394941	0.29073	0.294908	0.304952	0.299533	0.265408	0.228992	0.243471	0.242326	0.258317	0.264327	0.228524	0.172119	0.174312	0.173263	0.172168	0.207515	0.200725	0.29849	0.290266	0.302081	0.300142	0.314483	0.306356	0.291132	0.310559	0.310559	0.30252	0.232883	0.232607	0.206046	0.0938786	0.0915869	0.0903195	0.0961492	0.0962456	0.132427	0.138347	0.135899	0.125417	0.117435	0.130668	0.130668	0.137443	0.129531	0.131797	0.140741	0.101149	0.095081	0.0596152	0.0468253	0	0.0990271	0.132733	0.138951	0.16332	0.0956799	0.0981846	0.100109	0.121664	0.089855	0.0932032	0.0947643	0.0954582	0.0850823	0.105199	0.112934
Psophia_crepitans	0.206649	0.242682	0.237454	0.247471	0.255964	0.24562	0.246164	0.243361	0.259818	0.265758	0.263924	0.258962	0.254359	0.266112	0.258583	0.271369	0.26305	0.263137	0.24305	0.264562	0.278987	0.265228	0.2696	0.263994	0.263081	0.238622	0.272112	0.270601	0.265513	0.272688	0.264935	0.267081	0.298686	0.295503	0.276608	0.267496	0.258707	0.27323	0.283437	0.265555	0.26306	0.254863	0.269723	0.284056	0.295301	0.266344	0.288016	0.268684	0.265925	0.262509	0.259563	0.24706	0.257025	0.264843	0.251817	0.263093	0.245148	0.240815	0.268992	0.248197	0.24346	0.247488	0.257773	0.256279	0.260217	0.261777	0.266644	0.272656	0.266355	0.258584	0.259106	0.258896	0.263284	0.259308	0.259179	0.306709	0.267291	0.268664	0.243239	0.256231	0.271	0.253855	0.237345	0.243224	0.242261	0.227119	0.231387	0.225676	0.218856	0.229747	0.249504	0.232436	0.236027	0.231516	0.229112	0.227908	0.246351	0.223212	0.227379	0.242054	0.24125	0.232055	0.234588	0.222904	0.238524	0.215129	0.231913	0.231472	0.240146	0.233598	0.228647	0.235232	0.216418	0.229839	0.225001	0.240121	0.222683	0.230756	0.241741	0.223431	0.213756	0.230627	0.250886	0.250673	0.231603	0.230793	0.239819	0.221474	0.215519	0.210065	0.228442	0.232988	0.239529	0.248305	0.244812	0.23826	0.227115	0.241033	0.230624	0.244421	0.240589	0.230165	0.234498	0.228595	0.250158	0.234931	0.219783	0.217231	0.226211	0.219128	0.182775	0.206955	0.200596	0.215815	0.269729	0.253092	0.20349	0.223439	0.206679	0.193493	0.205642	0.139354	0.143131	0.163322	0.15919	0.158687	0.16682	0.167964	0.174083	0.122291	0.204108	0.192229	0.195105	0.224734	0.151731	0.150599	0.128452	0.130827	0.143252	0.184519	0.163917	0.293335	0.18771	0.188759	0.201154	0.191397	0.168297	0.177783	0.157326	0.15474	0.185	0.18007	0.219364	0.232528	0.24404	0.251142	0.245489	0.226386	0.121203	0.121194	0.124708	0.13184	0.209413	0.205974	0.194735	0.180143	0.181138	0.17072	0.156378	0.15658	0.15858	0.163092	0.129718	0.127799	0.119274	0.125318	0.124178	0.129654	0.152206	0.155595	0.139667	0.137346	0.145129	0.146484	0.134003	0.147494	0.150039	0.143075	0.152329	0.141999	0.136274	0.15459	0.156922	0.291589	0.164459	0.150457	0.150356	0.20415	0.200521	0.211365	0.205715	0.194951	0.136066	0.145894	0.157196	0.128423	0.130651	0.128569	0.131106	0.139298	0.149399	0.13834	0.162743	0.152835	0.168612	0.133257	0.107346	0.151663	0.147745	0.267518	0.337041	0.348388	0.328003	0.413859	0.309648	0.313826	0.32387	0.318451	0.284326	0.24791	0.262389	0.261244	0.277235	0.283245	0.247442	0.191037	0.19323	0.192181	0.191086	0.226433	0.219643	0.317408	0.309184	0.320999	0.31906	0.333401	0.325274	0.31005	0.329477	0.329477	0.321438	0.251801	0.251525	0.224964	0.112797	0.110505	0.109237	0.115067	0.115164	0.151345	0.157265	0.154817	0.144335	0.136353	0.149586	0.149586	0.156361	0.148448	0.150715	0.159659	0.120067	0.113999	0.104981	0.115952	0.0990271	0	0.151651	0.157869	0.182238	0.114598	0.117103	0.119027	0.140582	0.108773	0.112121	0.113682	0.114376	0.104	0.124117	0.131852
Atlantisia_rogersi	0.232847	0.268879	0.263651	0.273669	0.282162	0.271818	0.272361	0.269558	0.286015	0.291955	0.290122	0.285159	0.280557	0.292309	0.284781	0.297566	0.289248	0.289334	0.269247	0.29076	0.305185	0.291426	0.295797	0.290192	0.289279	0.26482	0.298309	0.296798	0.29171	0.298885	0.291133	0.293278	0.324884	0.3217	0.302806	0.293694	0.284905	0.299428	0.309634	0.291752	0.289257	0.28106	0.29592	0.310254	0.321498	0.292542	0.314213	0.294881	0.292123	0.288707	0.28576	0.273258	0.283222	0.29104	0.278015	0.28929	0.271346	0.267012	0.295189	0.274395	0.269657	0.273686	0.28397	0.282476	0.286414	0.287974	0.292841	0.298853	0.292553	0.284782	0.285303	0.285093	0.289481	0.285506	0.285377	0.332906	0.293489	0.294862	0.269437	0.282428	0.297198	0.280052	0.263542	0.269422	0.268459	0.253316	0.257584	0.251874	0.245054	0.255944	0.275701	0.258633	0.262224	0.257714	0.25531	0.254105	0.272549	0.249409	0.253577	0.268251	0.267448	0.258252	0.260785	0.249101	0.264722	0.241327	0.25811	0.257669	0.266344	0.259796	0.254845	0.261429	0.242615	0.256036	0.251199	0.266318	0.24888	0.256953	0.267939	0.249628	0.239953	0.256824	0.277084	0.27687	0.2578	0.25699	0.266016	0.247672	0.241716	0.236263	0.25464	0.259186	0.265726	0.274503	0.271009	0.264458	0.253313	0.26723	0.256821	0.270618	0.266786	0.256363	0.260696	0.254792	0.276356	0.261128	0.24598	0.243429	0.252408	0.245325	0.208972	0.233152	0.226794	0.242012	0.295927	0.27929	0.229687	0.249637	0.232877	0.21969	0.231839	0.165551	0.169328	0.189519	0.185387	0.184885	0.193017	0.194161	0.200281	0.148489	0.230306	0.218426	0.221303	0.250931	0.177929	0.176796	0.15465	0.157024	0.169449	0.210716	0.190114	0.319533	0.213907	0.214957	0.227351	0.217594	0.194494	0.20398	0.183524	0.180937	0.211198	0.206267	0.245561	0.258726	0.270238	0.277339	0.271686	0.252583	0.1474	0.147392	0.150905	0.158037	0.23561	0.232171	0.220932	0.206341	0.207336	0.196918	0.182576	0.182778	0.184777	0.189289	0.155915	0.153996	0.145471	0.151515	0.150375	0.155851	0.178403	0.181792	0.165865	0.163544	0.171327	0.172682	0.1602	0.173691	0.176236	0.169273	0.178527	0.168196	0.162472	0.180788	0.183119	0.317786	0.190657	0.176655	0.176553	0.230348	0.226719	0.237562	0.231912	0.221148	0.162264	0.172092	0.183393	0.154621	0.156849	0.154766	0.157303	0.165496	0.175596	0.164538	0.188941	0.179032	0.194809	0.159454	0.133543	0.177861	0.173942	0.293716	0.363238	0.374586	0.3542	0.440057	0.335845	0.340023	0.350067	0.344648	0.310523	0.274107	0.288587	0.287441	0.303432	0.309442	0.27364	0.217234	0.219428	0.218378	0.217283	0.25263	0.24584	0.343606	0.335382	0.347197	0.345257	0.359598	0.351471	0.336247	0.355674	0.355674	0.347636	0.277998	0.277722	0.251162	0.138994	0.136702	0.135435	0.141264	0.141361	0.177542	0.183463	0.181015	0.170532	0.16255	0.175784	0.175784	0.182558	0.174646	0.176913	0.185856	0.146264	0.140196	0.138686	0.149657	0.132733	0.151651	0	0.0561406	0.149641	0.140795	0.1433	0.145224	0.166779	0.13497	0.138318	0.13988	0.140574	0.130198	0.150315	0.15805
Zapornia_atra	0.239066	0.275098	0.26987	0.279888	0.288381	0.278037	0.27858	0.275777	0.292234	0.298174	0.296341	0.291378	0.286775	0.298528	0.291	0.303785	0.295467	0.295553	0.275466	0.296978	0.311404	0.297645	0.302016	0.296411	0.295498	0.271039	0.304528	0.303017	0.297929	0.305104	0.297352	0.299497	0.331103	0.327919	0.309025	0.299913	0.291124	0.305647	0.315853	0.297971	0.295476	0.287279	0.302139	0.316472	0.327717	0.29876	0.320432	0.3011	0.298342	0.294926	0.291979	0.279477	0.289441	0.297259	0.284233	0.295509	0.277565	0.273231	0.301408	0.280614	0.275876	0.279905	0.290189	0.288695	0.292633	0.294193	0.29906	0.305072	0.298771	0.291	0.291522	0.291312	0.2957	0.291724	0.291596	0.339125	0.299707	0.301081	0.275656	0.288647	0.303416	0.286271	0.269761	0.27564	0.274677	0.259535	0.263803	0.258093	0.251272	0.262163	0.28192	0.264852	0.268443	0.263933	0.261529	0.260324	0.278768	0.255628	0.259795	0.27447	0.273666	0.264471	0.267004	0.25532	0.27094	0.247546	0.264329	0.263888	0.272562	0.266015	0.261064	0.267648	0.248834	0.262255	0.257417	0.272537	0.255099	0.263172	0.274158	0.255847	0.246172	0.263043	0.283302	0.283089	0.264019	0.263209	0.272235	0.253891	0.247935	0.242482	0.260859	0.265404	0.271945	0.280721	0.277228	0.270676	0.259532	0.273449	0.26304	0.276837	0.273005	0.262582	0.266915	0.261011	0.282575	0.267347	0.252199	0.249647	0.258627	0.251544	0.215191	0.239371	0.233013	0.248231	0.302145	0.285509	0.235906	0.255856	0.239096	0.225909	0.238058	0.17177	0.175547	0.195738	0.191606	0.191104	0.199236	0.20038	0.206499	0.154707	0.236524	0.224645	0.227522	0.25715	0.184147	0.183015	0.160868	0.163243	0.175668	0.216935	0.196333	0.325752	0.220126	0.221176	0.23357	0.223813	0.200713	0.210199	0.189743	0.187156	0.217417	0.212486	0.25178	0.264944	0.276457	0.283558	0.277905	0.258802	0.153619	0.153611	0.157124	0.164256	0.241829	0.23839	0.227151	0.21256	0.213554	0.203137	0.188795	0.188996	0.190996	0.195508	0.162134	0.160215	0.15169	0.157734	0.156594	0.16207	0.184622	0.188011	0.172084	0.169763	0.177546	0.178901	0.166419	0.17991	0.182455	0.175491	0.184745	0.174415	0.168691	0.187007	0.189338	0.324005	0.196876	0.182873	0.182772	0.236567	0.232937	0.243781	0.238131	0.227367	0.168483	0.178311	0.189612	0.160839	0.163068	0.160985	0.163522	0.171714	0.181815	0.170757	0.195159	0.185251	0.201028	0.165673	0.139762	0.18408	0.180161	0.299934	0.369457	0.380805	0.360419	0.446276	0.342064	0.346242	0.356286	0.350867	0.316742	0.280326	0.294805	0.29366	0.309651	0.315661	0.279858	0.223453	0.225647	0.224597	0.223502	0.258849	0.252059	0.349825	0.3416	0.353416	0.351476	0.365817	0.35769	0.342466	0.361893	0.361893	0.353854	0.284217	0.283941	0.25738	0.145213	0.142921	0.141654	0.147483	0.14758	0.183761	0.189682	0.187234	0.176751	0.168769	0.182002	0.182002	0.188777	0.180865	0.183132	0.192075	0.152483	0.146415	0.144905	0.155876	0.138951	0.157869	0.0561406	0	0.15586	0.147014	0.149519	0.151443	0.172998	0.141189	0.144537	0.146099	0.146792	0.136416	0.156533	0.164269
Heliornis_fulica	0.263434	0.299467	0.294239	0.304256	0.312749	0.302405	0.302948	0.300145	0.316603	0.322543	0.320709	0.315747	0.311144	0.322897	0.315368	0.328154	0.319835	0.319921	0.299834	0.321347	0.335772	0.322013	0.326384	0.320779	0.319866	0.295407	0.328897	0.327386	0.322297	0.329473	0.32172	0.323865	0.355471	0.352287	0.333393	0.324281	0.315492	0.330015	0.340222	0.322339	0.319845	0.311647	0.326507	0.340841	0.352086	0.323129	0.344801	0.325468	0.32271	0.319294	0.316348	0.303845	0.31381	0.321628	0.308602	0.319878	0.301933	0.297599	0.325777	0.304982	0.300245	0.304273	0.314558	0.313064	0.317001	0.318562	0.323428	0.32944	0.32314	0.315369	0.31589	0.315681	0.320069	0.316093	0.315964	0.363493	0.324076	0.325449	0.300024	0.313016	0.327785	0.31064	0.29413	0.300009	0.299046	0.283904	0.288172	0.282461	0.275641	0.286532	0.306288	0.28922	0.292812	0.288301	0.285897	0.284693	0.303136	0.279997	0.284164	0.298839	0.298035	0.28884	0.291373	0.279689	0.295309	0.271914	0.288698	0.288257	0.296931	0.290383	0.285432	0.292017	0.273202	0.286624	0.281786	0.296906	0.279467	0.287541	0.298526	0.280215	0.270541	0.287412	0.307671	0.307457	0.288387	0.287577	0.296604	0.278259	0.272303	0.26685	0.285227	0.289773	0.296314	0.30509	0.301597	0.295045	0.2839	0.297818	0.287408	0.301205	0.297374	0.28695	0.291283	0.28538	0.306943	0.291716	0.276568	0.274016	0.282996	0.275913	0.23956	0.263739	0.257381	0.2726	0.326514	0.309877	0.260275	0.280224	0.263464	0.250278	0.262427	0.196139	0.199916	0.220107	0.215974	0.215472	0.223605	0.224749	0.230868	0.179076	0.260893	0.249013	0.25189	0.281519	0.208516	0.207384	0.185237	0.187612	0.200036	0.241304	0.220702	0.35012	0.244495	0.245544	0.257938	0.248182	0.225082	0.234567	0.214111	0.211525	0.241785	0.236855	0.276149	0.289313	0.300825	0.307927	0.302274	0.283171	0.177987	0.177979	0.181492	0.188625	0.266197	0.262759	0.25152	0.236928	0.237923	0.227505	0.213163	0.213365	0.215364	0.219877	0.186502	0.184583	0.176059	0.182102	0.180963	0.186439	0.208991	0.212379	0.196452	0.194131	0.201914	0.203269	0.190788	0.204279	0.206824	0.19986	0.209114	0.198783	0.193059	0.211375	0.213707	0.348374	0.221244	0.207242	0.207141	0.260935	0.257306	0.268149	0.2625	0.251736	0.192851	0.202679	0.213981	0.185208	0.187436	0.185354	0.18789	0.196083	0.206184	0.195125	0.219528	0.20962	0.225396	0.190041	0.164131	0.208448	0.20453	0.324303	0.393825	0.405173	0.384788	0.470644	0.366433	0.370611	0.380655	0.375236	0.341111	0.304695	0.319174	0.318029	0.33402	0.34003	0.304227	0.247822	0.250015	0.248966	0.247871	0.283218	0.276428	0.374193	0.365969	0.377784	0.375844	0.390186	0.382059	0.366835	0.386262	0.386262	0.378223	0.308586	0.308309	0.281749	0.169581	0.16729	0.166022	0.171852	0.171948	0.20813	0.21405	0.211602	0.201119	0.193138	0.206371	0.206371	0.213145	0.205233	0.2075	0.216444	0.176852	0.170784	0.169274	0.180245	0.16332	0.182238	0.149641	0.15586	0	0.171383	0.173887	0.175812	0.197366	0.165558	0.168906	0.170467	0.171161	0.160785	0.180902	0.188637
Balaeniceps_rex	0.17362	0.209652	0.204424	0.214442	0.222935	0.212591	0.213134	0.210331	0.226788	0.232728	0.230895	0.225932	0.22133	0.233082	0.225554	0.238339	0.230021	0.230107	0.21002	0.231533	0.245958	0.232199	0.23657	0.230965	0.230052	0.205593	0.239082	0.237571	0.232483	0.239658	0.231906	0.234051	0.265657	0.262473	0.243579	0.234467	0.225678	0.240201	0.250407	0.232525	0.23003	0.221833	0.236693	0.251027	0.262271	0.233315	0.254986	0.235654	0.232896	0.22948	0.226533	0.214031	0.223995	0.231813	0.218788	0.230063	0.212119	0.207785	0.235962	0.215168	0.21043	0.214459	0.224743	0.223249	0.227187	0.228747	0.233614	0.239626	0.233326	0.225555	0.226076	0.225866	0.230254	0.226279	0.22615	0.273679	0.234262	0.235635	0.21021	0.223201	0.237971	0.220826	0.204315	0.210195	0.209232	0.194089	0.198357	0.192647	0.185827	0.196717	0.216474	0.199406	0.202997	0.198487	0.196083	0.194879	0.213322	0.190182	0.19435	0.209024	0.208221	0.199025	0.201558	0.189874	0.205495	0.1821	0.198883	0.198442	0.207117	0.200569	0.195618	0.202202	0.183388	0.196809	0.191972	0.207091	0.189653	0.197726	0.208712	0.190401	0.180726	0.197597	0.217857	0.217643	0.198573	0.197763	0.206789	0.188445	0.182489	0.177036	0.195413	0.199959	0.206499	0.215276	0.211782	0.205231	0.194086	0.208003	0.197594	0.211391	0.207559	0.197136	0.201469	0.195565	0.217129	0.201901	0.186753	0.184202	0.193181	0.186098	0.149745	0.173925	0.167567	0.182785	0.2367	0.220063	0.17046	0.19041	0.17365	0.160463	0.172612	0.106324	0.110101	0.130292	0.12616	0.125658	0.13379	0.134934	0.141054	0.0892616	0.171079	0.159199	0.162076	0.191704	0.118702	0.117569	0.0954225	0.0977971	0.110222	0.151489	0.130887	0.260306	0.15468	0.15573	0.168124	0.158367	0.135267	0.144753	0.124297	0.12171	0.151971	0.147041	0.186334	0.199499	0.211011	0.218112	0.212459	0.193356	0.0881729	0.0881647	0.0916779	0.0988103	0.176383	0.172944	0.161705	0.147114	0.148109	0.137691	0.123349	0.123551	0.12555	0.130062	0.0966881	0.0947689	0.0862442	0.092288	0.0911482	0.0966242	0.119176	0.122565	0.106638	0.104317	0.1121	0.113455	0.100973	0.114464	0.11701	0.110046	0.1193	0.108969	0.103245	0.121561	0.123892	0.258559	0.13143	0.117428	0.117326	0.171121	0.167492	0.178335	0.172685	0.161921	0.103037	0.112865	0.124166	0.0953935	0.0976218	0.0955392	0.0980761	0.106269	0.116369	0.105311	0.129714	0.119805	0.135582	0.100227	0.0743163	0.118634	0.114715	0.234489	0.304011	0.315359	0.294973	0.38083	0.276618	0.280796	0.290841	0.285421	0.251296	0.21488	0.22936	0.228214	0.244205	0.250216	0.214413	0.158007	0.160201	0.159151	0.158056	0.193403	0.186613	0.284379	0.276155	0.28797	0.28603	0.300371	0.292244	0.27702	0.296447	0.296447	0.288409	0.218771	0.218495	0.191935	0.0797669	0.0774752	0.0762079	0.0820375	0.0821339	0.118315	0.124236	0.121788	0.111305	0.103323	0.116557	0.116557	0.123331	0.115419	0.117686	0.126629	0.0870373	0.0809693	0.101634	0.112605	0.0956799	0.114598	0.140795	0.147014	0.171383	0	0.0590395	0.0832648	0.104819	0.0757433	0.0790915	0.0806527	0.0813466	0.0709706	0.0910876	0.0988228
Pelecanus_crispus	0.176124	0.212157	0.206929	0.216947	0.225439	0.215096	0.215639	0.212836	0.229293	0.235233	0.233399	0.228437	0.223834	0.235587	0.228059	0.240844	0.232526	0.232612	0.212525	0.234037	0.248462	0.234704	0.239075	0.23347	0.232556	0.208097	0.241587	0.240076	0.234988	0.242163	0.23441	0.236556	0.268161	0.264978	0.246083	0.236972	0.228183	0.242705	0.252912	0.23503	0.232535	0.224338	0.239198	0.253531	0.264776	0.235819	0.257491	0.238159	0.2354	0.231985	0.229038	0.216536	0.2265	0.234318	0.221292	0.232568	0.214624	0.21029	0.238467	0.217672	0.212935	0.216964	0.227248	0.225754	0.229692	0.231252	0.236119	0.242131	0.23583	0.228059	0.228581	0.228371	0.232759	0.228783	0.228655	0.276184	0.236766	0.23814	0.212715	0.225706	0.240475	0.22333	0.20682	0.212699	0.211736	0.196594	0.200862	0.195151	0.188331	0.199222	0.218979	0.201911	0.205502	0.200991	0.198587	0.197383	0.215827	0.192687	0.196854	0.211529	0.210725	0.20153	0.204063	0.192379	0.207999	0.184604	0.201388	0.200947	0.209621	0.203073	0.198123	0.204707	0.185893	0.199314	0.194476	0.209596	0.192158	0.200231	0.211216	0.192906	0.183231	0.200102	0.220361	0.220148	0.201078	0.200268	0.209294	0.190949	0.184994	0.17954	0.197917	0.202463	0.209004	0.21778	0.214287	0.207735	0.196591	0.210508	0.200099	0.213896	0.210064	0.199641	0.203973	0.19807	0.219633	0.204406	0.189258	0.186706	0.195686	0.188603	0.15225	0.17643	0.170071	0.18529	0.239204	0.222568	0.172965	0.192915	0.176155	0.162968	0.175117	0.108829	0.112606	0.132797	0.128665	0.128163	0.136295	0.137439	0.143558	0.0917663	0.173583	0.161704	0.16458	0.194209	0.121206	0.120074	0.0979273	0.100302	0.112727	0.153994	0.133392	0.262811	0.157185	0.158235	0.170629	0.160872	0.137772	0.147258	0.126802	0.124215	0.154476	0.149545	0.188839	0.202003	0.213516	0.220617	0.214964	0.195861	0.0906776	0.0906694	0.0941826	0.101315	0.178888	0.175449	0.16421	0.149619	0.150613	0.140196	0.125854	0.126055	0.128055	0.132567	0.0991928	0.0972736	0.0887489	0.0947927	0.0936529	0.099129	0.121681	0.12507	0.109143	0.106822	0.114605	0.115959	0.103478	0.116969	0.119514	0.11255	0.121804	0.111474	0.10575	0.124066	0.126397	0.261064	0.133934	0.119932	0.119831	0.173626	0.169996	0.18084	0.17519	0.164426	0.105541	0.115369	0.126671	0.0978983	0.100126	0.0980439	0.100581	0.108773	0.118874	0.107816	0.132218	0.12231	0.138087	0.102732	0.076821	0.121139	0.11722	0.236993	0.306516	0.317864	0.297478	0.383334	0.279123	0.283301	0.293345	0.287926	0.253801	0.217385	0.231864	0.230719	0.24671	0.25272	0.216917	0.160512	0.162705	0.161656	0.160561	0.195908	0.189118	0.286883	0.278659	0.290474	0.288535	0.302876	0.294749	0.279525	0.298952	0.298952	0.290913	0.221276	0.221	0.194439	0.0822716	0.0799799	0.0787126	0.0845422	0.0846386	0.12082	0.12674	0.124292	0.11381	0.105828	0.119061	0.119061	0.125836	0.117924	0.12019	0.129134	0.089542	0.083474	0.104138	0.115109	0.0981846	0.117103	0.1433	0.149519	0.173887	0.0590395	0	0.0857695	0.107324	0.0782481	0.0815962	0.0831574	0.0838513	0.0734753	0.0935924	0.101327
Cochlearius_cochlearius	0.178049	0.214081	0.208854	0.218871	0.227364	0.21702	0.217563	0.21476	0.231217	0.237157	0.235324	0.230361	0.225759	0.237511	0.229983	0.242768	0.23445	0.234536	0.214449	0.235962	0.250387	0.236628	0.240999	0.235394	0.234481	0.210022	0.243511	0.242	0.236912	0.244087	0.236335	0.23848	0.270086	0.266902	0.248008	0.238896	0.230107	0.24463	0.254837	0.236954	0.234459	0.226262	0.241122	0.255456	0.266701	0.237744	0.259416	0.240083	0.237325	0.233909	0.230962	0.21846	0.228425	0.236243	0.223217	0.234493	0.216548	0.212214	0.240391	0.219597	0.214859	0.218888	0.229173	0.227678	0.231616	0.233177	0.238043	0.244055	0.237755	0.229984	0.230505	0.230295	0.234684	0.230708	0.230579	0.278108	0.238691	0.240064	0.214639	0.22763	0.2424	0.225255	0.208745	0.214624	0.213661	0.198519	0.202786	0.197076	0.190256	0.201146	0.220903	0.203835	0.207427	0.202916	0.200512	0.199308	0.217751	0.194611	0.198779	0.213454	0.21265	0.203455	0.205987	0.194303	0.209924	0.186529	0.203312	0.202872	0.211546	0.204998	0.200047	0.206631	0.187817	0.201238	0.196401	0.21152	0.194082	0.202155	0.213141	0.19483	0.185155	0.202027	0.222286	0.222072	0.203002	0.202192	0.211219	0.192874	0.186918	0.181465	0.199842	0.204388	0.210928	0.219705	0.216211	0.20966	0.198515	0.212432	0.202023	0.21582	0.211988	0.201565	0.205898	0.199994	0.221558	0.206331	0.191182	0.188631	0.197611	0.190527	0.154174	0.178354	0.171996	0.187214	0.241129	0.224492	0.174889	0.194839	0.178079	0.164893	0.177042	0.110754	0.114531	0.134722	0.130589	0.130087	0.13822	0.139364	0.145483	0.0936908	0.175508	0.163628	0.166505	0.196133	0.123131	0.121998	0.0998517	0.102226	0.114651	0.155918	0.135317	0.264735	0.159109	0.160159	0.172553	0.162796	0.139697	0.149182	0.128726	0.126139	0.1564	0.15147	0.190764	0.203928	0.21544	0.222542	0.216888	0.197786	0.092602	0.0925938	0.0961071	0.103239	0.180812	0.177373	0.166135	0.151543	0.152538	0.14212	0.127778	0.12798	0.129979	0.134491	0.101117	0.0991981	0.0906733	0.0967172	0.0955774	0.101053	0.123605	0.126994	0.111067	0.108746	0.116529	0.117884	0.105402	0.118893	0.121439	0.114475	0.123729	0.113398	0.107674	0.12599	0.128322	0.262989	0.135859	0.121857	0.121755	0.17555	0.171921	0.182764	0.177114	0.166351	0.107466	0.117294	0.128595	0.0998227	0.102051	0.0999683	0.102505	0.110698	0.120799	0.10974	0.134143	0.124235	0.140011	0.104656	0.0787454	0.123063	0.119145	0.238918	0.30844	0.319788	0.299402	0.385259	0.281047	0.285226	0.29527	0.28985	0.255725	0.21931	0.233789	0.232643	0.248634	0.254645	0.218842	0.162437	0.16463	0.16358	0.162485	0.197833	0.191042	0.288808	0.280584	0.292399	0.290459	0.304801	0.296674	0.281449	0.300877	0.300877	0.292838	0.2232	0.222924	0.196364	0.0841961	0.0819044	0.080637	0.0864667	0.0865631	0.122744	0.128665	0.126217	0.115734	0.107753	0.120986	0.120986	0.12776	0.119848	0.122115	0.131058	0.0914664	0.0853985	0.106063	0.117034	0.100109	0.119027	0.145224	0.151443	0.175812	0.0832648	0.0857695	0	0.0563778	0.0801725	0.0835206	0.0850818	0.0857757	0.0753997	0.0955168	0.103252
Egretta_garzetta	0.199603	0.235636	0.230408	0.240426	0.248919	0.238575	0.239118	0.236315	0.252772	0.258712	0.256879	0.251916	0.247313	0.259066	0.251538	0.264323	0.256005	0.256091	0.236004	0.257516	0.271941	0.258183	0.262554	0.256949	0.256035	0.231577	0.265066	0.263555	0.258467	0.265642	0.257889	0.260035	0.29164	0.288457	0.269562	0.260451	0.251662	0.266184	0.276391	0.258509	0.256014	0.247817	0.262677	0.27701	0.288255	0.259298	0.28097	0.261638	0.258879	0.255464	0.252517	0.240015	0.249979	0.257797	0.244771	0.256047	0.238103	0.233769	0.261946	0.241152	0.236414	0.240443	0.250727	0.249233	0.253171	0.254731	0.259598	0.26561	0.259309	0.251538	0.25206	0.25185	0.256238	0.252262	0.252134	0.299663	0.260245	0.261619	0.236194	0.249185	0.263954	0.246809	0.230299	0.236178	0.235215	0.220073	0.224341	0.218631	0.21181	0.222701	0.242458	0.22539	0.228981	0.22447	0.222066	0.220862	0.239306	0.216166	0.220333	0.235008	0.234204	0.225009	0.227542	0.215858	0.231478	0.208084	0.224867	0.224426	0.2331	0.226553	0.221602	0.228186	0.209372	0.222793	0.217955	0.233075	0.215637	0.22371	0.234695	0.216385	0.20671	0.223581	0.24384	0.243627	0.224557	0.223747	0.232773	0.214429	0.208473	0.203019	0.221396	0.225942	0.232483	0.241259	0.237766	0.231214	0.22007	0.233987	0.223578	0.237375	0.233543	0.22312	0.227453	0.221549	0.243113	0.227885	0.212737	0.210185	0.219165	0.212082	0.175729	0.199909	0.19355	0.208769	0.262683	0.246047	0.196444	0.216394	0.199634	0.186447	0.198596	0.132308	0.136085	0.156276	0.152144	0.151642	0.159774	0.160918	0.167037	0.115245	0.197062	0.185183	0.18806	0.217688	0.144685	0.143553	0.121406	0.123781	0.136206	0.177473	0.156871	0.28629	0.180664	0.181714	0.194108	0.184351	0.161251	0.170737	0.150281	0.147694	0.177955	0.173024	0.212318	0.225482	0.236995	0.244096	0.238443	0.21934	0.114157	0.114148	0.117662	0.124794	0.202367	0.198928	0.187689	0.173098	0.174092	0.163675	0.149333	0.149534	0.151534	0.156046	0.122672	0.120753	0.112228	0.118272	0.117132	0.122608	0.14516	0.148549	0.132622	0.130301	0.138084	0.139439	0.126957	0.140448	0.142993	0.136029	0.145283	0.134953	0.129229	0.147545	0.149876	0.284543	0.157413	0.143411	0.14331	0.197105	0.193475	0.204319	0.198669	0.187905	0.129021	0.138848	0.15015	0.121377	0.123606	0.121523	0.12406	0.132252	0.142353	0.131295	0.155697	0.145789	0.161566	0.126211	0.1003	0.144618	0.140699	0.260472	0.329995	0.341343	0.320957	0.406813	0.302602	0.30678	0.316824	0.311405	0.27728	0.240864	0.255343	0.254198	0.270189	0.276199	0.240396	0.183991	0.186185	0.185135	0.18404	0.219387	0.212597	0.310363	0.302138	0.313953	0.312014	0.326355	0.318228	0.303004	0.322431	0.322431	0.314392	0.244755	0.244479	0.217918	0.105751	0.103459	0.102192	0.108021	0.108118	0.144299	0.15022	0.147772	0.137289	0.129307	0.14254	0.14254	0.149315	0.141403	0.14367	0.152613	0.113021	0.106953	0.127618	0.138588	0.121664	0.140582	0.166779	0.172998	0.197366	0.104819	0.107324	0.0563778	0	0.101727	0.105075	0.106636	0.10733	0.0969544	0.117071	0.124807
Calonectris_borealis	0.166653	0.202685	0.197457	0.207475	0.215968	0.205624	0.206167	0.203364	0.219821	0.225761	0.223928	0.218965	0.214362	0.226115	0.218587	0.231372	0.223054	0.22314	0.203053	0.224565	0.238991	0.225232	0.229603	0.223998	0.223085	0.198626	0.232115	0.230604	0.225516	0.232691	0.224939	0.227084	0.25869	0.255506	0.236612	0.2275	0.218711	0.233234	0.24344	0.225558	0.223063	0.214866	0.229726	0.244059	0.255304	0.226347	0.248019	0.228687	0.225929	0.222513	0.219566	0.207064	0.217028	0.224846	0.211821	0.223096	0.205152	0.200818	0.228995	0.208201	0.203463	0.207492	0.217776	0.216282	0.22022	0.22178	0.226647	0.232659	0.226358	0.218587	0.219109	0.218899	0.223287	0.219311	0.219183	0.266712	0.227294	0.228668	0.203243	0.216234	0.231004	0.213858	0.197348	0.203227	0.202265	0.187122	0.19139	0.18568	0.178859	0.18975	0.209507	0.192439	0.19603	0.19152	0.189116	0.187911	0.206355	0.183215	0.187383	0.202057	0.201254	0.192058	0.194591	0.182907	0.198527	0.175133	0.191916	0.191475	0.200149	0.193602	0.188651	0.195235	0.176421	0.189842	0.185004	0.200124	0.182686	0.190759	0.201745	0.183434	0.173759	0.19063	0.210889	0.210676	0.191606	0.190796	0.199822	0.181478	0.175522	0.170069	0.188446	0.192991	0.199532	0.208308	0.204815	0.198263	0.187119	0.201036	0.190627	0.204424	0.200592	0.190169	0.194502	0.188598	0.210162	0.194934	0.179786	0.177235	0.186214	0.179131	0.142778	0.166958	0.1606	0.175818	0.229733	0.213096	0.163493	0.183443	0.166683	0.153496	0.165645	0.0993573	0.103134	0.123325	0.119193	0.118691	0.126823	0.127967	0.134086	0.0822945	0.164111	0.152232	0.155109	0.184737	0.111734	0.110602	0.0884554	0.09083	0.103255	0.144522	0.12392	0.253339	0.147713	0.148763	0.161157	0.1514	0.1283	0.137786	0.11733	0.114743	0.145004	0.140073	0.179367	0.192531	0.204044	0.211145	0.205492	0.186389	0.0812058	0.0811976	0.0847108	0.0918432	0.169416	0.165977	0.154738	0.140147	0.141142	0.130724	0.116382	0.116584	0.118583	0.123095	0.089721	0.0878018	0.0792771	0.0853209	0.0841811	0.0896571	0.112209	0.115598	0.0996708	0.0973497	0.105133	0.106488	0.0940061	0.107497	0.110042	0.103078	0.112333	0.102002	0.0962778	0.114594	0.116925	0.251592	0.124463	0.110461	0.110359	0.164154	0.160524	0.171368	0.165718	0.154954	0.0960696	0.105898	0.117199	0.0884264	0.0906547	0.0885721	0.091109	0.0993015	0.109402	0.0983437	0.122747	0.112838	0.128615	0.0932599	0.0673492	0.111667	0.107748	0.227523	0.297046	0.308394	0.288008	0.373865	0.269653	0.273831	0.283875	0.278456	0.244331	0.207915	0.222394	0.221249	0.23724	0.24325	0.207447	0.151042	0.153236	0.152186	0.151091	0.186438	0.179648	0.277414	0.26919	0.281005	0.279065	0.293406	0.285279	0.270055	0.289482	0.289482	0.281444	0.211806	0.21153	0.184969	0.0728018	0.0705101	0.0692428	0.0750724	0.0751688	0.11135	0.117271	0.114823	0.104342	0.0963603	0.109594	0.109594	0.116368	0.108456	0.110723	0.119666	0.0800742	0.0740062	0.0958088	0.10678	0.089855	0.108773	0.13497	0.141189	0.165558	0.0757433	0.0782481	0.0801725	0.101727	0	0.0245802	0.0261414	0.0521715	0.0417955	0.0651571	0.0728922
Fulmarus_glacialis	0.170001	0.206033	0.200805	0.210823	0.219316	0.208972	0.209515	0.206712	0.223169	0.229109	0.227276	0.222313	0.217711	0.229463	0.221935	0.23472	0.226402	0.226488	0.206401	0.227914	0.242339	0.22858	0.232951	0.227346	0.226433	0.201974	0.235463	0.233952	0.228864	0.236039	0.228287	0.230432	0.262038	0.258854	0.23996	0.230848	0.222059	0.236582	0.246788	0.228906	0.226411	0.218214	0.233074	0.247408	0.258652	0.229696	0.251368	0.232035	0.229277	0.225861	0.222914	0.210412	0.220376	0.228194	0.215169	0.226444	0.2085	0.204166	0.232343	0.211549	0.206811	0.21084	0.221125	0.21963	0.223568	0.225128	0.229995	0.236007	0.229707	0.221936	0.222457	0.222247	0.226635	0.22266	0.222531	0.27006	0.230643	0.232016	0.206591	0.219582	0.234352	0.217207	0.200697	0.206576	0.205613	0.190471	0.194738	0.189028	0.182208	0.193098	0.212855	0.195787	0.199378	0.194868	0.192464	0.19126	0.209703	0.186563	0.190731	0.205406	0.204602	0.195406	0.197939	0.186255	0.201876	0.178481	0.195264	0.194823	0.203498	0.19695	0.191999	0.198583	0.179769	0.19319	0.188353	0.203472	0.186034	0.194107	0.205093	0.186782	0.177107	0.193978	0.214238	0.214024	0.194954	0.194144	0.20317	0.184826	0.17887	0.173417	0.191794	0.19634	0.20288	0.211657	0.208163	0.201612	0.190467	0.204384	0.193975	0.207772	0.20394	0.193517	0.19785	0.191946	0.21351	0.198283	0.183134	0.180583	0.189562	0.182479	0.146126	0.170306	0.163948	0.179166	0.233081	0.216444	0.166841	0.186791	0.170031	0.156844	0.168993	0.102705	0.106483	0.126674	0.122541	0.122039	0.130172	0.131316	0.137435	0.0856427	0.16746	0.15558	0.158457	0.188085	0.115083	0.11395	0.0918036	0.0941782	0.106603	0.14787	0.127269	0.256687	0.151061	0.152111	0.164505	0.154748	0.131648	0.141134	0.120678	0.118091	0.148352	0.143422	0.182715	0.19588	0.207392	0.214493	0.20884	0.189737	0.0845539	0.0845457	0.088059	0.0951913	0.172764	0.169325	0.158086	0.143495	0.14449	0.134072	0.11973	0.119932	0.121931	0.126443	0.0930691	0.09115	0.0826252	0.0886691	0.0875293	0.0930053	0.115557	0.118946	0.103019	0.100698	0.108481	0.109836	0.0973542	0.110845	0.113391	0.106427	0.115681	0.10535	0.0996259	0.117942	0.120274	0.25494	0.127811	0.113809	0.113707	0.167502	0.163873	0.174716	0.169066	0.158302	0.0994178	0.109246	0.120547	0.0917746	0.0940028	0.0919202	0.0944571	0.10265	0.112751	0.101692	0.126095	0.116186	0.131963	0.0966081	0.0706973	0.115015	0.111096	0.230872	0.300394	0.311742	0.291356	0.377213	0.273001	0.277179	0.287224	0.281804	0.247679	0.211263	0.225743	0.224597	0.240588	0.246599	0.210796	0.15439	0.156584	0.155534	0.154439	0.189786	0.182996	0.280762	0.272538	0.284353	0.282413	0.296755	0.288627	0.273403	0.29283	0.29283	0.284792	0.215154	0.214878	0.188318	0.07615	0.0738583	0.0725909	0.0784206	0.078517	0.114698	0.120619	0.118171	0.10769	0.0997085	0.112942	0.112942	0.119716	0.111804	0.114071	0.123014	0.0834223	0.0773544	0.099157	0.110128	0.0932032	0.112121	0.138318	0.144537	0.168906	0.0790915	0.0815962	0.0835206	0.105075	0.0245802	0	0.0274702	0.0555196	0.0451436	0.0685052	0.0762403
Pelecanoides_urinatrix	0.171562	0.207594	0.202367	0.212384	0.220877	0.210533	0.211076	0.208273	0.22473	0.23067	0.228837	0.223874	0.219272	0.231025	0.223496	0.236282	0.227963	0.228049	0.207962	0.229475	0.2439	0.230141	0.234512	0.228907	0.227994	0.203535	0.237025	0.235513	0.230425	0.237601	0.229848	0.231993	0.263599	0.260415	0.241521	0.232409	0.22362	0.238143	0.24835	0.230467	0.227972	0.219775	0.234635	0.248969	0.260214	0.231257	0.252929	0.233596	0.230838	0.227422	0.224476	0.211973	0.221938	0.229756	0.21673	0.228006	0.210061	0.205727	0.233904	0.21311	0.208372	0.212401	0.222686	0.221192	0.225129	0.22669	0.231556	0.237568	0.231268	0.223497	0.224018	0.223808	0.228197	0.224221	0.224092	0.271621	0.232204	0.233577	0.208152	0.221143	0.235913	0.218768	0.202258	0.208137	0.207174	0.192032	0.1963	0.190589	0.183769	0.194659	0.214416	0.197348	0.20094	0.196429	0.194025	0.192821	0.211264	0.188125	0.192292	0.206967	0.206163	0.196968	0.1995	0.187816	0.203437	0.180042	0.196825	0.196385	0.205059	0.198511	0.19356	0.200144	0.18133	0.194752	0.189914	0.205033	0.187595	0.195668	0.206654	0.188343	0.178668	0.19554	0.215799	0.215585	0.196515	0.195705	0.204732	0.186387	0.180431	0.174978	0.193355	0.197901	0.204442	0.213218	0.209725	0.203173	0.192028	0.205945	0.195536	0.209333	0.205501	0.195078	0.199411	0.193507	0.215071	0.199844	0.184696	0.182144	0.191124	0.18404	0.147688	0.171867	0.165509	0.180728	0.234642	0.218005	0.168403	0.188352	0.171592	0.158406	0.170555	0.104267	0.108044	0.128235	0.124102	0.1236	0.131733	0.132877	0.138996	0.0872039	0.169021	0.157141	0.160018	0.189646	0.116644	0.115511	0.0933648	0.0957394	0.108164	0.149431	0.12883	0.258248	0.152623	0.153672	0.166066	0.156309	0.13321	0.142695	0.122239	0.119652	0.149913	0.144983	0.184277	0.197441	0.208953	0.216055	0.210401	0.191299	0.0861151	0.0861069	0.0896202	0.0967525	0.174325	0.170887	0.159648	0.145056	0.146051	0.135633	0.121291	0.121493	0.123492	0.128005	0.0946303	0.0927112	0.0841864	0.0902303	0.0890905	0.0945665	0.117119	0.120507	0.10458	0.102259	0.110042	0.111397	0.0989154	0.112407	0.114952	0.107988	0.117242	0.106911	0.101187	0.119503	0.121835	0.256502	0.129372	0.11537	0.115268	0.169063	0.165434	0.176277	0.170628	0.159864	0.100979	0.110807	0.122109	0.0933358	0.095564	0.0934814	0.0960183	0.104211	0.114312	0.103253	0.127656	0.117748	0.133524	0.0981693	0.0722585	0.116576	0.112658	0.232433	0.301955	0.313303	0.292917	0.378774	0.274562	0.278741	0.288785	0.283366	0.249241	0.212825	0.227304	0.226159	0.242149	0.24816	0.212357	0.155952	0.158145	0.157095	0.156	0.191348	0.184558	0.282323	0.274099	0.285914	0.283974	0.298316	0.290189	0.274965	0.294392	0.294392	0.286353	0.216715	0.216439	0.189879	0.0777112	0.0754194	0.0741521	0.0799817	0.0800781	0.11626	0.12218	0.119732	0.109251	0.10127	0.114503	0.114503	0.121277	0.113365	0.115632	0.124576	0.0849835	0.0789155	0.100718	0.111689	0.0947643	0.113682	0.13988	0.146099	0.170467	0.0806527	0.0831574	0.0850818	0.106636	0.0261414	0.0274702	0	0.0570808	0.0467048	0.0700664	0.0778015
Hydrobates_tethys	0.172256	0.208288	0.203061	0.213078	0.221571	0.211227	0.21177	0.208967	0.225424	0.231364	0.229531	0.224568	0.219966	0.231718	0.22419	0.236975	0.228657	0.228743	0.208656	0.230169	0.244594	0.230835	0.235206	0.229601	0.228688	0.204229	0.237718	0.236207	0.231119	0.238294	0.230542	0.232687	0.264293	0.261109	0.242215	0.233103	0.224314	0.238837	0.249044	0.231161	0.228666	0.220469	0.235329	0.249663	0.260908	0.231951	0.253623	0.23429	0.231532	0.228116	0.225169	0.212667	0.222632	0.23045	0.217424	0.2287	0.210755	0.206421	0.234598	0.213804	0.209066	0.213095	0.22338	0.221885	0.225823	0.227384	0.23225	0.238262	0.231962	0.224191	0.224712	0.224502	0.22889	0.224915	0.224786	0.272315	0.232898	0.234271	0.208846	0.221837	0.236607	0.219462	0.202952	0.208831	0.207868	0.192726	0.196993	0.191283	0.184463	0.195353	0.21511	0.198042	0.201634	0.197123	0.194719	0.193515	0.211958	0.188818	0.192986	0.207661	0.206857	0.197662	0.200194	0.18851	0.204131	0.180736	0.197519	0.197079	0.205753	0.199205	0.194254	0.200838	0.182024	0.195445	0.190608	0.205727	0.188289	0.196362	0.207348	0.189037	0.179362	0.196234	0.216493	0.216279	0.197209	0.196399	0.205425	0.187081	0.181125	0.175672	0.194049	0.198595	0.205135	0.213912	0.210418	0.203867	0.192722	0.206639	0.19623	0.210027	0.206195	0.195772	0.200105	0.194201	0.215765	0.200538	0.185389	0.182838	0.191818	0.184734	0.148381	0.172561	0.166203	0.181421	0.235336	0.218699	0.169096	0.189046	0.172286	0.1591	0.171248	0.10496	0.108738	0.128929	0.124796	0.124294	0.132427	0.133571	0.13969	0.0878977	0.169715	0.157835	0.160712	0.19034	0.117338	0.116205	0.0940587	0.0964333	0.108858	0.150125	0.129524	0.258942	0.153316	0.154366	0.16676	0.157003	0.133904	0.143389	0.122933	0.120346	0.150607	0.145677	0.184971	0.198135	0.209647	0.216748	0.211095	0.191992	0.086809	0.0868008	0.090314	0.0974464	0.175019	0.17158	0.160342	0.14575	0.146745	0.136327	0.121985	0.122187	0.124186	0.128698	0.0953242	0.093405	0.0848803	0.0909241	0.0897843	0.0952604	0.117812	0.121201	0.105274	0.102953	0.110736	0.112091	0.0996093	0.1131	0.115646	0.108682	0.117936	0.107605	0.101881	0.120197	0.122529	0.257196	0.130066	0.116064	0.115962	0.169757	0.166128	0.176971	0.171321	0.160558	0.101673	0.111501	0.122802	0.0940297	0.0962579	0.0941753	0.0967122	0.104905	0.115006	0.103947	0.12835	0.118442	0.134218	0.0988632	0.0729524	0.11727	0.113352	0.233127	0.302649	0.313997	0.293611	0.379468	0.275256	0.279435	0.289479	0.284059	0.249934	0.213519	0.227998	0.226852	0.242843	0.248854	0.213051	0.156646	0.158839	0.157789	0.156694	0.192042	0.185251	0.283017	0.274793	0.286608	0.284668	0.29901	0.290883	0.275658	0.295086	0.295086	0.287047	0.217409	0.217133	0.190573	0.078405	0.0761133	0.074846	0.0806756	0.080772	0.116953	0.122874	0.120426	0.109945	0.101964	0.115197	0.115197	0.121971	0.114059	0.116326	0.125269	0.0856774	0.0796094	0.101412	0.112383	0.0954582	0.114376	0.140574	0.146792	0.171161	0.0813466	0.0838513	0.0857757	0.10733	0.0521715	0.0555196	0.0570808	0	0.0446103	0.0707603	0.0784954
Thalassarche_chlororhynchos	0.16188	0.197912	0.192685	0.202702	0.211195	0.200851	0.201394	0.198591	0.215048	0.220988	0.219155	0.214192	0.20959	0.221342	0.213814	0.226599	0.218281	0.218367	0.19828	0.219793	0.234218	0.220459	0.22483	0.219225	0.218312	0.193853	0.227342	0.225831	0.220743	0.227919	0.220166	0.222311	0.253917	0.250733	0.231839	0.222727	0.213938	0.228461	0.238668	0.220785	0.21829	0.210093	0.224953	0.239287	0.250532	0.221575	0.243247	0.223914	0.221156	0.21774	0.214793	0.202291	0.212256	0.220074	0.207048	0.218324	0.200379	0.196045	0.224222	0.203428	0.19869	0.202719	0.213004	0.211509	0.215447	0.217008	0.221874	0.227886	0.221586	0.213815	0.214336	0.214126	0.218515	0.214539	0.21441	0.261939	0.222522	0.223895	0.19847	0.211461	0.226231	0.209086	0.192576	0.198455	0.197492	0.18235	0.186617	0.180907	0.174087	0.184977	0.204734	0.187666	0.191258	0.186747	0.184343	0.183139	0.201582	0.178442	0.18261	0.197285	0.196481	0.187286	0.189818	0.178134	0.193755	0.17036	0.187143	0.186703	0.195377	0.188829	0.183878	0.190462	0.171648	0.18507	0.180232	0.195351	0.177913	0.185986	0.196972	0.178661	0.168986	0.185858	0.206117	0.205903	0.186833	0.186023	0.19505	0.176705	0.170749	0.165296	0.183673	0.188219	0.194759	0.203536	0.200043	0.193491	0.182346	0.196263	0.185854	0.199651	0.195819	0.185396	0.189729	0.183825	0.205389	0.190162	0.175013	0.172462	0.181442	0.174358	0.138005	0.162185	0.155827	0.171045	0.22496	0.208323	0.15872	0.17867	0.16191	0.148724	0.160873	0.0945845	0.0983616	0.118553	0.11442	0.113918	0.122051	0.123195	0.129314	0.0775218	0.159339	0.147459	0.150336	0.179964	0.106962	0.105829	0.0836827	0.0860573	0.0984822	0.139749	0.119148	0.248566	0.14294	0.14399	0.156384	0.146627	0.123528	0.133013	0.112557	0.10997	0.140231	0.135301	0.174595	0.187759	0.199271	0.206373	0.200719	0.181617	0.0764331	0.0764248	0.0799381	0.0870705	0.164643	0.161204	0.149966	0.135374	0.136369	0.125951	0.111609	0.111811	0.11381	0.118322	0.0849482	0.0830291	0.0745043	0.0805482	0.0794084	0.0848844	0.107436	0.110825	0.094898	0.092577	0.10036	0.101715	0.0892333	0.102724	0.10527	0.0983057	0.10756	0.0972291	0.091505	0.109821	0.112153	0.24682	0.11969	0.105688	0.105586	0.159381	0.155752	0.166595	0.160945	0.150182	0.0912969	0.101125	0.112426	0.0836537	0.0858819	0.0837993	0.0863362	0.0945288	0.10463	0.093571	0.117974	0.108066	0.123842	0.0884872	0.0625764	0.106894	0.102976	0.222751	0.292273	0.303621	0.283235	0.369092	0.26488	0.269059	0.279103	0.273683	0.239558	0.203143	0.217622	0.216476	0.232467	0.238478	0.202675	0.14627	0.148463	0.147413	0.146318	0.181666	0.174875	0.272641	0.264417	0.276232	0.274292	0.288634	0.280507	0.265282	0.28471	0.28471	0.276671	0.207033	0.206757	0.180197	0.0680291	0.0657374	0.06447	0.0702997	0.0703961	0.106577	0.112498	0.11005	0.0995692	0.0915876	0.104821	0.104821	0.111595	0.103683	0.10595	0.114893	0.0753014	0.0692335	0.0910361	0.102007	0.0850823	0.104	0.130198	0.136416	0.160785	0.0709706	0.0734753	0.0753997	0.0969544	0.0417955	0.0451436	0.0467048	0.0446103	0	0.0603843	0.0681194
Fregetta_grallaria	0.181997	0.218029	0.212802	0.222819	0.231312	0.220968	0.221511	0.218708	0.235165	0.241105	0.239272	0.234309	0.229707	0.24146	0.233931	0.246717	0.238398	0.238484	0.218397	0.23991	0.254335	0.240576	0.244947	0.239342	0.238429	0.21397	0.24746	0.245948	0.24086	0.248036	0.240283	0.242428	0.274034	0.27085	0.251956	0.242844	0.234055	0.248578	0.258785	0.240902	0.238407	0.23021	0.24507	0.259404	0.270649	0.241692	0.263364	0.244031	0.241273	0.237857	0.23491	0.222408	0.232373	0.240191	0.227165	0.238441	0.220496	0.216162	0.244339	0.223545	0.218807	0.222836	0.233121	0.231627	0.235564	0.237125	0.241991	0.248003	0.241703	0.233932	0.234453	0.234243	0.238632	0.234656	0.234527	0.282056	0.242639	0.244012	0.218587	0.231578	0.246348	0.229203	0.212693	0.218572	0.217609	0.202467	0.206734	0.201024	0.194204	0.205094	0.224851	0.207783	0.211375	0.206864	0.20446	0.203256	0.221699	0.19856	0.202727	0.217402	0.216598	0.207403	0.209935	0.198251	0.213872	0.190477	0.20726	0.20682	0.215494	0.208946	0.203995	0.210579	0.191765	0.205187	0.200349	0.215468	0.19803	0.206103	0.217089	0.198778	0.189103	0.205975	0.226234	0.22602	0.20695	0.20614	0.215167	0.196822	0.190866	0.185413	0.20379	0.208336	0.214877	0.223653	0.22016	0.213608	0.202463	0.21638	0.205971	0.219768	0.215936	0.205513	0.209846	0.203942	0.225506	0.210279	0.19513	0.192579	0.201559	0.194475	0.158123	0.182302	0.175944	0.191163	0.245077	0.22844	0.178837	0.198787	0.182027	0.168841	0.18099	0.114702	0.118479	0.13867	0.134537	0.134035	0.142168	0.143312	0.149431	0.0976388	0.179456	0.167576	0.170453	0.200081	0.127079	0.125946	0.1038	0.106174	0.118599	0.159866	0.139265	0.268683	0.163058	0.164107	0.176501	0.166744	0.143645	0.15313	0.132674	0.130087	0.160348	0.155418	0.194712	0.207876	0.219388	0.22649	0.220836	0.201734	0.0965501	0.0965419	0.100055	0.107187	0.18476	0.181321	0.170083	0.155491	0.156486	0.146068	0.131726	0.131928	0.133927	0.13844	0.105065	0.103146	0.0946214	0.100665	0.0995254	0.105001	0.127554	0.130942	0.115015	0.112694	0.120477	0.121832	0.10935	0.122842	0.125387	0.118423	0.127677	0.117346	0.111622	0.129938	0.13227	0.266937	0.139807	0.125805	0.125703	0.179498	0.175869	0.186712	0.181063	0.170299	0.111414	0.121242	0.132544	0.103771	0.105999	0.103916	0.106453	0.114646	0.124747	0.113688	0.138091	0.128183	0.143959	0.108604	0.0826935	0.127011	0.123093	0.242868	0.31239	0.323738	0.303352	0.389209	0.284997	0.289176	0.29922	0.293801	0.259676	0.22326	0.237739	0.236593	0.252584	0.258595	0.222792	0.166387	0.16858	0.16753	0.166435	0.201783	0.194993	0.292758	0.284534	0.296349	0.294409	0.308751	0.300624	0.2854	0.304827	0.304827	0.296788	0.22715	0.226874	0.200314	0.0881461	0.0858544	0.0845871	0.0904167	0.0905131	0.126695	0.132615	0.130167	0.119686	0.111705	0.124938	0.124938	0.131712	0.1238	0.126067	0.135011	0.0954185	0.0893505	0.111153	0.122124	0.105199	0.124117	0.150315	0.156533	0.180902	0.0910876	0.0935924	0.0955168	0.117071	0.0651571	0.0685052	0.0700664	0.0707603	0.0603843	0	0.0260427
Oceanites_oceanicus	0.189732	0.225764	0.220537	0.230554	0.239047	0.228703	0.229246	0.226443	0.2429	0.248841	0.247007	0.242045	0.237442	0.249195	0.241666	0.254452	0.246133	0.246219	0.226132	0.247645	0.26207	0.248311	0.252682	0.247077	0.246164	0.221705	0.255195	0.253684	0.248595	0.255771	0.248018	0.250163	0.281769	0.278585	0.259691	0.250579	0.24179	0.256313	0.26652	0.248637	0.246142	0.237945	0.252805	0.267139	0.278384	0.249427	0.271099	0.251766	0.249008	0.245592	0.242646	0.230143	0.240108	0.247926	0.2349	0.246176	0.228231	0.223897	0.252075	0.23128	0.226542	0.230571	0.240856	0.239362	0.243299	0.24486	0.249726	0.255738	0.249438	0.241667	0.242188	0.241978	0.246367	0.242391	0.242262	0.289791	0.250374	0.251747	0.226322	0.239314	0.254083	0.236938	0.220428	0.226307	0.225344	0.210202	0.21447	0.208759	0.201939	0.212829	0.232586	0.215518	0.21911	0.214599	0.212195	0.210991	0.229434	0.206295	0.210462	0.225137	0.224333	0.215138	0.21767	0.205987	0.221607	0.198212	0.214996	0.214555	0.223229	0.216681	0.21173	0.218315	0.1995	0.212922	0.208084	0.223204	0.205765	0.213839	0.224824	0.206513	0.196839	0.21371	0.233969	0.233755	0.214685	0.213875	0.222902	0.204557	0.198601	0.193148	0.211525	0.216071	0.222612	0.231388	0.227895	0.221343	0.210198	0.224115	0.213706	0.227503	0.223672	0.213248	0.217581	0.211678	0.233241	0.218014	0.202866	0.200314	0.209294	0.202211	0.165858	0.190037	0.183679	0.198898	0.252812	0.236175	0.186573	0.206522	0.189762	0.176576	0.188725	0.122437	0.126214	0.146405	0.142272	0.14177	0.149903	0.151047	0.157166	0.105374	0.187191	0.175311	0.178188	0.207817	0.134814	0.133681	0.111535	0.113909	0.126334	0.167602	0.147	0.276418	0.170793	0.171842	0.184236	0.174479	0.15138	0.160865	0.140409	0.137823	0.168083	0.163153	0.202447	0.215611	0.227123	0.234225	0.228571	0.209469	0.104285	0.104277	0.10779	0.114923	0.192495	0.189057	0.177818	0.163226	0.164221	0.153803	0.139461	0.139663	0.141662	0.146175	0.1128	0.110881	0.102357	0.1084	0.107261	0.112737	0.135289	0.138677	0.12275	0.120429	0.128212	0.129567	0.117085	0.130577	0.133122	0.126158	0.135412	0.125081	0.119357	0.137673	0.140005	0.274672	0.147542	0.13354	0.133439	0.187233	0.183604	0.194447	0.188798	0.178034	0.119149	0.128977	0.140279	0.111506	0.113734	0.111651	0.114188	0.122381	0.132482	0.121423	0.145826	0.135918	0.151694	0.116339	0.0904286	0.134746	0.130828	0.250603	0.320125	0.331473	0.311088	0.396944	0.292732	0.296911	0.306955	0.301536	0.267411	0.230995	0.245474	0.244329	0.260319	0.26633	0.230527	0.174122	0.176315	0.175266	0.17417	0.209518	0.202728	0.300493	0.292269	0.304084	0.302144	0.316486	0.308359	0.293135	0.312562	0.312562	0.304523	0.234885	0.234609	0.208049	0.0958812	0.0935895	0.0923222	0.0981518	0.0982482	0.13443	0.14035	0.137902	0.127421	0.11944	0.132673	0.132673	0.139447	0.131535	0.133802	0.142746	0.103154	0.0970856	0.118888	0.129859	0.112934	0.131852	0.15805	0.164269	0.188637	0.0988228	0.101327	0.103252	0.124807	0.0728922	0.0762403	0.0778015	0.0784954	0.0681194	0.0260427	0
