	Phoenicopterus_ruber	Podiceps_cristatus	Podilymbus_podiceps	Mesitornis_unicolor	Cariama_cristata	Chunga_burmeisteri	Opisthocomus_hoazin	Geococcyx_californianus	Crotophaga_sulcirostris	Centropus_bengalensis	Centropus_unirufus	Cuculus_canorus	Ceuthmochares_aereus	Piaya_cayana	Ciconia_maguari	Fregata_magnificens	Sula_dactylatra	Anhinga_anhinga	Anhinga_rufa	Phalacrocorax_carbo	Phalacrocorax_pelagicus	Phalacrocorax_harrisi	Phalacrocorax_auritus	Phalacrocorax_brasilianus	Mesembrinibis_cayennensis	Nipponia_nippon	Burhinus_bistriatus	Chionis_minor	Pluvianellus_socialis	Charadrius_alexandrinus	Charadrius_vociferus	Himantopus_himantopus	Ibidorhyncha_struthersii	Limosa_lapponica	Arenaria_interpres	Calidris_pugnax	Pedionomus_torquatus	Thinocorus_orbignyianus	Jacana_jacana	Nycticryphes_semicollaris	Rostratula_benghalensis	Turnix_velox	Dromas_ardeola	Stercorarius_parasiticus	Glareola_pratincola	Phaetusa_simplex	Rynchops_niger	Rissa_tridactyla	Chroicocephalus_maculipennis	Larus_smithsonianus	Cepphus_grylle	Alca_torda	Uria_aalge	Uria_lomvia	Rhinoptilus_africanus	Leptosomus_discolor	Nyctiprogne_leucopyga	Antrostomus_carolinensis	Chordeiles_acutipennis	Nyctibius_bracteatus	Nyctibius_grandis	Aegotheles_bennettii	Chaetura_pelagica	Hemiprocne_comata	Calypte_anna	Oreotrochilus_melanogaster	Steatornis_caripensis	Pterocles_burchelli	Pterocles_gutturalis	Syrrhaptes_paradoxus	Alopecoenas_beccarii	Columba_livia	Patagioenas_fasciata	Caloenas_nicobarica	Columbina_picui	Tauraco_erythrolophus	Corythaeola_cristata	Corythaixoides_concolor	Gavia_stellata	Aptenodytes_forsteri	Pygoscelis_adeliae	Cochlearius_cochlearius	Egretta_garzetta	Balaeniceps_rex	Scopus_umbretta	Pelecanus_crispus	Thalassarche_chlororhynchos	Fulmarus_glacialis	Calonectris_borealis	Pelecanoides_urinatrix	Fregetta_grallaria	Oceanites_oceanicus	Hydrobates_tethys	Lophotis_ruficrista	Ardeotis_kori	Chlamydotis_macqueenii	Heliornis_fulica	Atlantisia_rogersi	Zapornia_atra	Psophia_crepitans	Aramus_guarauna	Balearica_regulorum	Grus_americana	Colius_striatus	Urocolius_indicus	Tyto_alba	Glaucidium_brasilianum	Ciccaba_nigrolineata	Strix_occidentalis	Apaloderma_vittatum	Trogon_melanurus	Buceros_rhinoceros	Bucorvus_abyssinicus	Rhinopomastus_cyanomelas	Upupa_epops	Merops_nubicus	Brachypteracias_leptosomus	Eurystomus_gularis	Todus_mexicanus	Baryphthengus_martii	Ceyx_cyanopectus	Chloroceryle_aenea	Halcyon_senegalensis	Bucco_capensis	Galbula_dea	Picoides_pubescens	Indicator_maculatus	Psilopogon_haemacephalus	Tricholaema_leucomelas	Eubucco_bourcierii	Semnornis_frantzii	Ramphastos_sulfuratus	Cathartes_aura	Sagittarius_serpentarius	Pandion_haliaetus	Circaetus_pectoralis	Haliaeetus_albicilla	Haliaeetus_leucocephalus	Aquila_chrysaetos	Spizaetus_tyrannus	Herpetotheres_cachinnans	Falco_cherrug	Falco_peregrinus	Nestor_notabilis	Eolophus_roseicapillus	Probosciger_aterrimus	Amazona_guildingii	Agapornis_roseicollis	Melopsittacus_undulatus	Acanthisitta_chloris	Neodrepanis_coruscans	Serilophus_lunatus	Smithornis_capensis	Sapayoa_aenigma	Pitta_sordida	Calyptomena_viridis	Lepidothrix_coronata	Cephalopterus_ornatus	Pachyramphus_minor	Oxyruncus_cristatus	Manacus_manacus	Onychorhynchus_coronatus	Piprites_chloris	Neopipo_cinnamomea	Tachuris_rubrigastra	Mionectes_macconnelli	Tyrannus_savana	Atrichornis_clamosus	Menura_novaehollandiae	Climacteris_rufus	Ptilonorhynchus_violaceus	Malurus_elegans	Dasyornis_broadbenti	Origma_solitaria	Pardalotus_punctatus	Grantiella_picta	Orthonyx_spaldingii	Ptilorrhoa_leucosticta	Pomatostomus_ruficeps	Cnemophilus_loriae	Melanocharis_versteri	Callaeas_wilsoni	Notiomystis_cincta	Drymodes_brunneopygia	Chaetops_frenatus	Picathartes_gymnocephalus	Anthoscopus_minutus	Poecile_atricapillus	Parus_major	Pseudopodoces_humilis	Bombycilla_garrulus	Phainopepla_nitens	Regulus_satrapa	Buphagus_erythrorhynchus	Toxostoma_redivivum	Rhabdornis_inornatus	Leucopsar_rothschildi	Sturnus_vulgaris	Catharus_fuscescens	Cercotrichas_coryphaeus	Copsychus_sechellarum	Oenanthe_oenanthe	Saxicola_maurus	Erithacus_rubecula	Ficedula_albicollis	Cinclus_mexicanus	Alaudala_cheleensis	Panurus_biarmicus	Promerops_cafer	Irena_cyanogastra	Peucedramus_taeniatus	Passer_domesticus	Hypocryptadius_cinnamomeus	Motacilla_alba	Chlorodrepanis_virens	Hemignathus_wilsoni	Calcarius_ornatus	Emberiza_fucata	Spizella_passerina	Melospiza_melodia	Junco_hyemalis	Zonotrichia_albicollis	Setophaga_coronata	Setophaga_kirtlandii	Agelaius_phoeniceus	Molothrus_ater	Quiscalus_mexicanus	Pheucticus_melanocephalus	Passerina_amoena	Nesospiza_acunhae	Cardinalis_cardinalis	Geospiza_fortis	Sporophila_hypoxantha	Serinus_canaria	Loxia_curvirostra	Loxia_leucoptera	Rhodinocichla_rosea	Ploceus_nigricollis	Prunella_fulvescens	Prunella_himalayana	Urocynchramus_pylzowi	Vidua_chalybeata	Vidua_macroura	Lonchura_striata	Taeniopygia_guttata	Sylvietta_virens	Oxylabes_madagascariensis	Donacobius_atricapilla	Cisticola_juncidis	Locustella_ochotensis	Hylia_prasina	Erythrocercus_mccallii	Cettia_cetti	Horornis_vulcanius	Aegithalos_caudatus	Acrocephalus_arundinaceus	Hippolais_icterina	Hirundo_rustica	Phylloscopus_trochilus	Rhadina_sibilatrix	Brachypodius_atriceps	Pycnonotus_jocosus	Sinosuthora_webbiana	Sylvia_atricapilla	Sylvia_borin	Sterrhoptilus_dennistouni	Zosterops_hypoxanthus	Zosterops_lateralis	Illadopsis_cleaveri	Leiothrix_lutea	Pomatorhinus_ruficollis	Dicaeum_eximium	Leptocoma_aspasia	Nicator_chloris	Elachura_formosa	Chloropsis_cyanopogon	Chloropsis_hardwickii	Tichodroma_muraria	Sitta_europaea	Polioptila_caerulea	Thryothorus_ludovicianus	Certhia_brachydactyla	Certhia_familiaris	Edolisoma_coerulescens	Aleadryas_rufinucha	Daphoenositta_chrysoptera	Eulacestoma_nigropectus	Falcunculus_frontatus	Chaetorhynchus_papuensis	Rhipidura_dahli	Myiagra_hebetior	Lanius_ludovicianus	Dicrurus_megarhynchus	Ifrita_kowaldi	Paradisaea_raggiana	Aphelocoma_coerulescens	Corvus_moneduloides	Corvus_brachyrhynchos	Corvus_cornix	Struthidea_cinerea	Mohoua_ochrocephala	Machaerirhynchus_nigripectus	Gymnorhina_tibicen	Dryoscopus_gambensis	Dyaphorophyia_castanea	Rhagologus_leucostigma	Mystacornis_crossleyi	Oreocharis_arfaki	Pachycephala_philippinensis	Oriolus_oriolus	Erpornis_zantholeuca	Vireo_altiloquus	Pteruthius_melanotis	Rhegmatorhina_hoffmannsi	Sakesphorus_luctuosus	Scytalopus_superciliaris	Sclerurus_mexicanus	Furnarius_figulus	Campylorhamphus_procurvoides	Xiphorhynchus_elegans	Formicarius_rufipectus	Grallaria_varia	Podargus_strigoides	Phaethon_lepturus	Eurypyga_helias	Rhynochetos_jubatus
Phoenicopterus_ruber	0	0.0477523	0.049791	0.0885093	0.0544082	0.0524044	0.0971757	0.109828	0.102077	0.11836	0.117514	0.0954381	0.0964368	0.110191	0.0595838	0.0561148	0.0867712	0.0804676	0.082512	0.0763105	0.0783267	0.0763014	0.0743018	0.0743018	0.0583506	0.0689683	0.0479649	0.0687194	0.0749143	0.0703238	0.0662913	0.0641958	0.058057	0.0600866	0.062132	0.0600819	0.087013	0.0869307	0.0875382	0.0805096	0.0828201	0.154293	0.0539333	0.0559559	0.0767126	0.0641034	0.0640783	0.0640434	0.0620105	0.0640135	0.0518952	0.0539078	0.0518926	0.0498771	0.0561197	0.0606117	0.0823439	0.0732642	0.0758561	0.0697277	0.0671942	0.0750045	0.113304	0.0785676	0.0852898	0.0978142	0.0735413	0.0921501	0.0917196	0.0951444	0.104454	0.0919582	0.0979838	0.083518	0.0987381	0.0870147	0.0774512	0.0815244	0.0690412	0.0520661	0.0520522	0.0644447	0.0728052	0.0744893	0.0911249	0.0703845	0.0642292	0.0722699	0.0782847	0.0784387	0.0601884	0.0583801	0.066301	0.0623831	0.0664969	0.0685159	0.138094	0.128992	0.12359	0.098138	0.0872556	0.0791098	0.0888841	0.0861069	0.0863322	0.0583484	0.0776871	0.0645899	0.066589	0.103511	0.101682	0.0774384	0.0650323	0.150169	0.153107	0.0899024	0.109945	0.0878601	0.116705	0.0876686	0.114937	0.0831679	0.0949867	0.104072	0.097181	0.116082	0.1184	0.132456	0.125851	0.122669	0.132836	0.118566	0.041901	0.0542959	0.0648002	0.0519526	0.0479302	0.0479302	0.0539718	0.0519456	0.0605155	0.0561928	0.0541904	0.0967023	0.0979825	0.084837	0.102808	0.120785	0.123686	0.125367	0.109226	0.0989828	0.0949834	0.113858	0.115655	0.10738	0.0805573	0.0989302	0.0949476	0.0927883	0.0846613	0.0968243	0.105068	0.105046	0.109359	0.117603	0.0988732	0.112363	0.126029	0.128105	0.115275	0.145013	0.13454	0.135068	0.127701	0.121519	0.136326	0.110875	0.121225	0.123251	0.127594	0.112817	0.127095	0.125227	0.133346	0.120904	0.14773	0.12686	0.134389	0.131101	0.143324	0.147635	0.147755	0.140139	0.146247	0.15259	0.138122	0.144151	0.148715	0.146296	0.146253	0.134117	0.132025	0.140285	0.140198	0.141311	0.133254	0.135341	0.125041	0.131228	0.145265	0.139139	0.130913	0.153411	0.14705	0.145087	0.147108	0.145014	0.149011	0.155137	0.155102	0.151083	0.155254	0.15522	0.147012	0.158866	0.151031	0.148972	0.14896	0.155137	0.140939	0.153548	0.143091	0.141	0.134943	0.134942	0.159559	0.122783	0.141129	0.139129	0.132989	0.136232	0.13823	0.135377	0.133369	0.118812	0.129005	0.149986	0.156474	0.12497	0.137294	0.160076	0.145299	0.149339	0.145188	0.128928	0.131007	0.156329	0.133052	0.131075	0.143519	0.130966	0.130942	0.133025	0.132922	0.13897	0.128997	0.131003	0.139123	0.124797	0.12887	0.122954	0.12288	0.12702	0.167088	0.128896	0.141549	0.126936	0.137885	0.143536	0.14135	0.133117	0.133169	0.116778	0.133388	0.14643	0.120869	0.121096	0.122955	0.129014	0.116767	0.127033	0.122918	0.126971	0.122872	0.114773	0.112692	0.112693	0.112693	0.127231	0.123213	0.1253	0.12299	0.123009	0.13129	0.124999	0.131206	0.117109	0.116967	0.121306	0.137288	0.125256	0.117065	0.135076	0.115939	0.109335	0.121339	0.1277	0.127584	0.131502	0.118264	0.10571	0.0954558	0.0710973	0.0906941	0.0971089
Podiceps_cristatus	0.0477523	0	0.010096	0.0956293	0.0615282	0.0595244	0.104296	0.116948	0.109197	0.12548	0.124634	0.102558	0.103557	0.117311	0.0667038	0.0632348	0.0938912	0.0875876	0.089632	0.0834305	0.0854467	0.0834215	0.0814218	0.0814218	0.0654706	0.0760883	0.0550849	0.0758394	0.0820343	0.0774438	0.0734114	0.0713158	0.065177	0.0672066	0.0692521	0.0672019	0.094133	0.0940508	0.0946582	0.0876296	0.0899401	0.161413	0.0610533	0.063076	0.0838326	0.0712234	0.0711983	0.0711634	0.0691305	0.0711335	0.0590153	0.0610278	0.0590126	0.0569971	0.0632397	0.0677317	0.089464	0.0803842	0.0829761	0.0768477	0.0743142	0.0821245	0.120424	0.0856877	0.0924098	0.104934	0.0806614	0.0992702	0.0988396	0.102264	0.111574	0.0990782	0.105104	0.090638	0.105858	0.0941347	0.0845712	0.0886444	0.0761612	0.0591862	0.0591722	0.0715647	0.0799253	0.0816093	0.098245	0.0775045	0.0713493	0.0793899	0.0854047	0.0855588	0.0673084	0.0655002	0.073421	0.0695031	0.0736169	0.0756359	0.145214	0.136112	0.13071	0.105258	0.0943756	0.0862299	0.0960041	0.093227	0.0934522	0.0654684	0.0848072	0.0717099	0.073709	0.110631	0.108802	0.0845584	0.0721523	0.157289	0.160227	0.0970224	0.117065	0.0949802	0.123825	0.0947887	0.122057	0.0902879	0.102107	0.111192	0.104301	0.123202	0.12552	0.139576	0.132971	0.129789	0.139956	0.125686	0.049021	0.0614159	0.0719202	0.0590727	0.0550502	0.0550502	0.0610919	0.0590656	0.0676355	0.0633128	0.0613104	0.103822	0.105102	0.091957	0.109928	0.127905	0.130806	0.132487	0.116346	0.106103	0.102103	0.120978	0.122775	0.1145	0.0876773	0.10605	0.102068	0.0999083	0.0917813	0.103944	0.112188	0.112166	0.116479	0.124723	0.105993	0.119483	0.133149	0.135225	0.122395	0.152133	0.14166	0.142188	0.134821	0.128639	0.143446	0.117995	0.128345	0.130371	0.134714	0.119937	0.134215	0.132347	0.140466	0.128024	0.15485	0.13398	0.141509	0.138221	0.150444	0.154755	0.154875	0.147259	0.153367	0.15971	0.145242	0.151271	0.155835	0.153416	0.153373	0.141237	0.139145	0.147405	0.147318	0.148431	0.140374	0.142462	0.132161	0.138348	0.152385	0.146259	0.138033	0.160531	0.15417	0.152207	0.154228	0.152134	0.156131	0.162257	0.162222	0.158204	0.162374	0.16234	0.154132	0.165986	0.158151	0.156093	0.15608	0.162257	0.148059	0.160668	0.150211	0.14812	0.142064	0.142062	0.166679	0.129903	0.148249	0.146249	0.140109	0.143352	0.14535	0.142497	0.140489	0.125932	0.136125	0.157106	0.163594	0.13209	0.144414	0.167196	0.152419	0.156459	0.152308	0.136048	0.138127	0.163449	0.140172	0.138195	0.150639	0.138086	0.138062	0.140145	0.140042	0.14609	0.136117	0.138123	0.146243	0.131917	0.13599	0.130074	0.13	0.13414	0.174208	0.136016	0.148669	0.134056	0.145006	0.150656	0.14847	0.140237	0.140289	0.123898	0.140508	0.15355	0.127989	0.128216	0.130075	0.136134	0.123887	0.134153	0.130038	0.134091	0.129992	0.121893	0.119812	0.119813	0.119813	0.134351	0.130333	0.13242	0.13011	0.130129	0.13841	0.132119	0.138326	0.124229	0.124087	0.128426	0.144409	0.132376	0.124185	0.142196	0.123059	0.116455	0.128459	0.13482	0.134704	0.138622	0.125384	0.11283	0.102576	0.0782173	0.0978141	0.104229
Podilymbus_podiceps	0.049791	0.010096	0	0.097668	0.0635669	0.0615632	0.106334	0.118987	0.111235	0.127519	0.126673	0.104597	0.105596	0.11935	0.0687426	0.0652735	0.09593	0.0896264	0.0916707	0.0854692	0.0874855	0.0854602	0.0834606	0.0834606	0.0675093	0.078127	0.0571236	0.0778781	0.084073	0.0794825	0.0754501	0.0733546	0.0672158	0.0692453	0.0712908	0.0692406	0.0961718	0.0960895	0.096697	0.0896684	0.0919789	0.163452	0.0630921	0.0651147	0.0858713	0.0732621	0.073237	0.0732021	0.0711692	0.0731722	0.061054	0.0630666	0.0610513	0.0590358	0.0652784	0.0697705	0.0915027	0.082423	0.0850148	0.0788864	0.0763529	0.0841632	0.122463	0.0877264	0.0944485	0.106973	0.0827001	0.101309	0.100878	0.104303	0.113613	0.101117	0.107143	0.0926767	0.107897	0.0961734	0.0866099	0.0906831	0.0781999	0.0612249	0.0612109	0.0736034	0.081964	0.0836481	0.100284	0.0795433	0.073388	0.0814287	0.0874435	0.0875975	0.0693471	0.0675389	0.0754598	0.0715418	0.0756557	0.0776747	0.147253	0.13815	0.132748	0.107297	0.0964143	0.0882686	0.0980429	0.0952657	0.0954909	0.0675071	0.0868459	0.0737486	0.0757478	0.11267	0.110841	0.0865972	0.0741911	0.159328	0.162266	0.0990612	0.119103	0.0970189	0.125864	0.0968274	0.124096	0.0923266	0.104145	0.113231	0.10634	0.125241	0.127558	0.141615	0.13501	0.131828	0.141995	0.127724	0.0510598	0.0634547	0.0739589	0.0611114	0.0570889	0.0570889	0.0631306	0.0611043	0.0696742	0.0653515	0.0633492	0.105861	0.107141	0.0939958	0.111967	0.129943	0.132844	0.134526	0.118385	0.108142	0.104142	0.123017	0.124814	0.116539	0.0897161	0.108089	0.104106	0.101947	0.09382	0.105983	0.114227	0.114205	0.118518	0.126762	0.108032	0.121522	0.135187	0.137264	0.124433	0.154172	0.143699	0.144227	0.13686	0.130678	0.145484	0.120034	0.130383	0.13241	0.136753	0.121975	0.136254	0.134386	0.142505	0.130063	0.156889	0.136019	0.143548	0.14026	0.152483	0.156794	0.156913	0.149298	0.155405	0.161748	0.14728	0.153309	0.157874	0.155455	0.155412	0.143276	0.141184	0.149443	0.149357	0.15047	0.142412	0.1445	0.134199	0.140386	0.154424	0.148298	0.140072	0.162569	0.156209	0.154246	0.156267	0.154173	0.158169	0.164296	0.164261	0.160242	0.164413	0.164379	0.156171	0.168025	0.160189	0.158131	0.158119	0.164296	0.150097	0.162706	0.152249	0.150159	0.144102	0.144101	0.168717	0.131942	0.150288	0.148287	0.142148	0.14539	0.147389	0.144536	0.142528	0.127971	0.138164	0.159144	0.165633	0.134129	0.146453	0.169235	0.154457	0.158498	0.154347	0.138086	0.140166	0.165488	0.142211	0.140233	0.152677	0.140125	0.140101	0.142184	0.142081	0.148129	0.138156	0.140162	0.148282	0.133955	0.138028	0.132112	0.132038	0.136179	0.176247	0.138054	0.150708	0.136095	0.147044	0.152694	0.150508	0.142276	0.142327	0.125936	0.142546	0.155589	0.130027	0.130255	0.132114	0.138173	0.125926	0.136192	0.132076	0.13613	0.132031	0.123932	0.121851	0.121852	0.121852	0.13639	0.132372	0.134459	0.132149	0.132167	0.140449	0.134158	0.140364	0.126268	0.126126	0.130465	0.146447	0.134415	0.126224	0.144234	0.125097	0.118493	0.130498	0.136858	0.136743	0.140661	0.127423	0.114868	0.104615	0.080256	0.0998528	0.106268
Mesitornis_unicolor	0.0885093	0.0956293	0.097668	0	0.08535	0.0833462	0.130118	0.146778	0.139027	0.15531	0.154464	0.132388	0.133387	0.147141	0.096534	0.093065	0.123721	0.117418	0.119462	0.113261	0.115277	0.113252	0.111252	0.111252	0.0953007	0.105918	0.0849193	0.105674	0.111869	0.107278	0.103246	0.10115	0.0950114	0.097041	0.0990864	0.0970363	0.123967	0.123885	0.124493	0.117464	0.119775	0.191247	0.0908877	0.0929103	0.113667	0.101058	0.101033	0.100998	0.0989649	0.100968	0.0888496	0.0908622	0.088847	0.0868315	0.0930741	0.0975661	0.119298	0.110219	0.11281	0.106682	0.104149	0.111959	0.150259	0.115522	0.122244	0.134769	0.110496	0.129109	0.128678	0.132103	0.141413	0.128917	0.134942	0.120476	0.135696	0.123973	0.11441	0.118483	0.106	0.0890246	0.0890106	0.101403	0.109764	0.111448	0.128083	0.107343	0.101188	0.109228	0.115243	0.115397	0.0971468	0.0953386	0.103259	0.0993415	0.103455	0.105474	0.175052	0.16595	0.160548	0.135096	0.124214	0.116068	0.125843	0.123065	0.123291	0.0953088	0.114648	0.10155	0.103549	0.140472	0.138643	0.114399	0.101993	0.18713	0.190068	0.126863	0.146905	0.124821	0.153665	0.124629	0.151898	0.120128	0.131947	0.141033	0.134141	0.153043	0.15536	0.169417	0.162812	0.15963	0.169797	0.155526	0.0788635	0.0912583	0.101763	0.0889151	0.0848926	0.0848926	0.0909343	0.088908	0.0974779	0.0931552	0.0911528	0.133665	0.134945	0.121799	0.13977	0.157747	0.160648	0.16233	0.146189	0.135945	0.131946	0.150821	0.152617	0.144342	0.11752	0.135893	0.13191	0.129751	0.121624	0.133787	0.142031	0.142008	0.146321	0.154565	0.135836	0.149326	0.162991	0.165067	0.152237	0.181975	0.171503	0.172031	0.164664	0.158481	0.173288	0.147838	0.158187	0.160213	0.164557	0.149779	0.164058	0.162189	0.170309	0.157866	0.184692	0.163822	0.171352	0.168064	0.180287	0.184598	0.184717	0.177101	0.183209	0.189552	0.175084	0.181113	0.185678	0.183259	0.183215	0.17108	0.168987	0.177247	0.17716	0.178274	0.170216	0.172304	0.162003	0.16819	0.182228	0.176102	0.167876	0.190373	0.184012	0.18205	0.184071	0.181977	0.185973	0.192099	0.192065	0.188046	0.192217	0.192182	0.183975	0.195828	0.187993	0.185935	0.185922	0.192099	0.177901	0.19051	0.180053	0.177962	0.171906	0.171904	0.196521	0.159745	0.178092	0.176091	0.169951	0.173194	0.175192	0.172339	0.170332	0.155775	0.165967	0.186948	0.193437	0.161933	0.174257	0.197038	0.182261	0.186301	0.182151	0.16589	0.16797	0.193292	0.170014	0.168037	0.180481	0.167929	0.167905	0.169988	0.169885	0.175933	0.16596	0.167965	0.176086	0.161759	0.165832	0.159916	0.159842	0.163983	0.20405	0.165858	0.178512	0.163899	0.174848	0.180498	0.178312	0.17008	0.170131	0.15374	0.17035	0.183393	0.157831	0.158059	0.159918	0.165977	0.15373	0.163996	0.15988	0.163934	0.159835	0.151735	0.149655	0.149656	0.149656	0.164194	0.160176	0.162263	0.159952	0.159971	0.168253	0.161962	0.168168	0.154072	0.153929	0.158269	0.174251	0.162218	0.154028	0.172038	0.152901	0.146297	0.158302	0.164662	0.164547	0.168465	0.155226	0.142672	0.132424	0.108065	0.127662	0.134077
Cariama_cristata	0.0544082	0.0615282	0.0635669	0.08535	0	0.00200966	0.0960164	0.112677	0.104926	0.121209	0.120363	0.0982871	0.0992858	0.11304	0.0624329	0.0589638	0.0896202	0.0833167	0.085361	0.0791595	0.0811758	0.0791505	0.0771509	0.0771509	0.0611996	0.0718173	0.0508182	0.0715726	0.0777676	0.073177	0.0691446	0.0670491	0.0609103	0.0629398	0.0649853	0.0629352	0.0898663	0.089784	0.0903915	0.0833629	0.0856734	0.157146	0.0567866	0.0588092	0.0795659	0.0669566	0.0669316	0.0668966	0.0648637	0.0668668	0.0547485	0.0567611	0.0547459	0.0527304	0.0589729	0.063465	0.0851972	0.0761175	0.0787093	0.072581	0.0700475	0.0778578	0.116158	0.0814209	0.0881431	0.100668	0.0763946	0.0950074	0.0945769	0.0980017	0.107312	0.0948155	0.100841	0.0863753	0.101595	0.089872	0.0803085	0.0843817	0.0718985	0.0549234	0.0549095	0.067302	0.0756625	0.0773466	0.0939822	0.0732418	0.0670865	0.0751272	0.081142	0.0812961	0.0630457	0.0612375	0.0691583	0.0652404	0.0693542	0.0713732	0.140951	0.131849	0.126447	0.100995	0.0901129	0.0819671	0.0917414	0.0889642	0.0891895	0.0612077	0.0805464	0.0674492	0.0694483	0.106371	0.104542	0.0802977	0.0678916	0.153029	0.155966	0.0927617	0.112804	0.0907194	0.119564	0.0905279	0.117797	0.0860272	0.097846	0.106931	0.10004	0.118942	0.121259	0.135316	0.128711	0.125528	0.135696	0.121425	0.0447623	0.0571572	0.0676615	0.054814	0.0507915	0.0507915	0.0568331	0.0548069	0.0633768	0.0590541	0.0570517	0.0995636	0.100844	0.0876983	0.105669	0.123646	0.126547	0.128229	0.112088	0.101844	0.0978447	0.116719	0.118516	0.110241	0.0834186	0.101792	0.0978089	0.0956496	0.0875226	0.0996857	0.10793	0.107907	0.11222	0.120464	0.101735	0.115224	0.12889	0.130966	0.118136	0.147874	0.137402	0.13793	0.130562	0.12438	0.139187	0.113737	0.124086	0.126112	0.130455	0.115678	0.129957	0.128088	0.136208	0.123765	0.150591	0.129721	0.13725	0.133963	0.146185	0.150496	0.150616	0.143	0.149108	0.155451	0.140983	0.147012	0.151577	0.149158	0.149114	0.136979	0.134886	0.143146	0.143059	0.144172	0.136115	0.138203	0.127902	0.134089	0.148127	0.142001	0.133775	0.156272	0.149911	0.147949	0.14997	0.147876	0.151872	0.157998	0.157963	0.153945	0.158116	0.158081	0.149874	0.161727	0.153892	0.151834	0.151821	0.157998	0.1438	0.156409	0.145952	0.143861	0.137805	0.137803	0.16242	0.125644	0.143991	0.14199	0.13585	0.139093	0.141091	0.138238	0.136231	0.121674	0.131866	0.152847	0.159335	0.127832	0.140156	0.162937	0.14816	0.1522	0.14805	0.131789	0.133868	0.159191	0.135913	0.133936	0.14638	0.133828	0.133804	0.135887	0.135784	0.141831	0.131859	0.133864	0.141985	0.127658	0.131731	0.125815	0.125741	0.129882	0.169949	0.131757	0.144411	0.129798	0.140747	0.146397	0.144211	0.135979	0.13603	0.119639	0.136249	0.149291	0.12373	0.123958	0.125817	0.131876	0.119629	0.129895	0.125779	0.129833	0.125733	0.117634	0.115553	0.115554	0.115554	0.130092	0.126074	0.128161	0.125851	0.12587	0.134152	0.127861	0.134067	0.119971	0.119828	0.124167	0.14015	0.128117	0.119926	0.137937	0.1188	0.112196	0.1242	0.130561	0.130446	0.134364	0.121125	0.108571	0.0983229	0.0739643	0.0935611	0.099976
Chunga_burmeisteri	0.0524044	0.0595244	0.0615632	0.0833462	0.00200966	0	0.0940127	0.110673	0.102922	0.119205	0.118359	0.0962834	0.0972821	0.111036	0.0604291	0.0569601	0.0876165	0.0813129	0.0833573	0.0771558	0.079172	0.0771467	0.0751471	0.0751471	0.0591959	0.0698136	0.0488144	0.0695689	0.0757638	0.0711733	0.0671409	0.0650454	0.0589066	0.0609361	0.0629816	0.0609314	0.0878626	0.0877803	0.0883878	0.0813592	0.0836697	0.155142	0.0547829	0.0568055	0.0775621	0.0649529	0.0649278	0.0648929	0.06286	0.064863	0.0527448	0.0547574	0.0527421	0.0507266	0.0569692	0.0614613	0.0831935	0.0741138	0.0767056	0.0705772	0.0680437	0.0758541	0.114154	0.0794172	0.0861393	0.0986638	0.0743909	0.0930037	0.0925732	0.0959979	0.105308	0.0928118	0.0988373	0.0843715	0.0995916	0.0878682	0.0783047	0.082378	0.0698947	0.0529197	0.0529057	0.0652982	0.0736588	0.0753429	0.0919785	0.0712381	0.0650828	0.0731235	0.0791383	0.0792923	0.0610419	0.0592337	0.0671546	0.0632367	0.0673505	0.0693695	0.138948	0.129845	0.124443	0.0989916	0.0881091	0.0799634	0.0897377	0.0869605	0.0871858	0.0592039	0.0785427	0.0654455	0.0674446	0.104367	0.102538	0.078294	0.0658879	0.151025	0.153963	0.090758	0.1108	0.0887157	0.11756	0.0885242	0.115793	0.0840234	0.0958423	0.104928	0.0980365	0.116938	0.119255	0.133312	0.126707	0.123525	0.133692	0.119421	0.0427586	0.0551535	0.0656578	0.0528102	0.0487877	0.0487877	0.0548294	0.0528032	0.061373	0.0570503	0.055048	0.0975598	0.0988401	0.0856946	0.103666	0.121642	0.124543	0.126225	0.110084	0.0998404	0.095841	0.114716	0.116513	0.108238	0.0814149	0.0997878	0.0958052	0.0936459	0.0855189	0.0976819	0.105926	0.105903	0.110217	0.11846	0.0997308	0.113221	0.126886	0.128962	0.116132	0.14587	0.135398	0.135926	0.128559	0.122377	0.137183	0.111733	0.122082	0.124108	0.128452	0.113674	0.127953	0.126084	0.134204	0.121761	0.148588	0.127717	0.135247	0.131959	0.144182	0.148493	0.148612	0.140997	0.147104	0.153447	0.138979	0.145008	0.149573	0.147154	0.147111	0.134975	0.132883	0.141142	0.141055	0.142169	0.134111	0.136199	0.125898	0.132085	0.146123	0.139997	0.131771	0.154268	0.147907	0.145945	0.147966	0.145872	0.149868	0.155994	0.15596	0.151941	0.156112	0.156077	0.14787	0.159723	0.151888	0.14983	0.149817	0.155995	0.141796	0.154405	0.143948	0.141858	0.135801	0.135799	0.160416	0.12364	0.141987	0.139986	0.133846	0.137089	0.139087	0.136235	0.134227	0.11967	0.129863	0.150843	0.157332	0.125828	0.138152	0.160933	0.146156	0.150196	0.146046	0.129785	0.131865	0.157187	0.13391	0.131932	0.144376	0.131824	0.1318	0.133883	0.13378	0.139828	0.129855	0.131861	0.139981	0.125654	0.129727	0.123811	0.123737	0.127878	0.167946	0.129753	0.142407	0.127794	0.138743	0.144393	0.142207	0.133975	0.134026	0.117635	0.134245	0.147288	0.121726	0.121954	0.123813	0.129872	0.117625	0.127891	0.123775	0.127829	0.12373	0.115631	0.11355	0.113551	0.113551	0.128089	0.124071	0.126158	0.123848	0.123866	0.132148	0.125857	0.132063	0.117967	0.117824	0.122164	0.138146	0.126114	0.117923	0.135933	0.116796	0.110192	0.122197	0.128557	0.128442	0.13236	0.119121	0.106567	0.0963191	0.0719606	0.0915574	0.0979723
Opisthocomus_hoazin	0.0971757	0.104296	0.106334	0.130118	0.0960164	0.0940127	0	0.155445	0.147693	0.163976	0.16313	0.141055	0.142053	0.155807	0.1052	0.101731	0.132388	0.126084	0.128129	0.121927	0.123943	0.121918	0.119918	0.119918	0.103967	0.114585	0.0935857	0.11434	0.120535	0.115945	0.111912	0.109817	0.103678	0.105707	0.107753	0.105703	0.132634	0.132552	0.133159	0.12613	0.128441	0.199914	0.0995541	0.101577	0.122333	0.109724	0.109699	0.109664	0.107631	0.109634	0.0975161	0.0995286	0.0975134	0.0954979	0.10174	0.106233	0.127965	0.118885	0.121477	0.115348	0.112815	0.120625	0.158925	0.124188	0.130911	0.143435	0.119162	0.137775	0.137344	0.140769	0.150079	0.137583	0.143609	0.129143	0.144363	0.132639	0.123076	0.127149	0.114666	0.097691	0.097677	0.110069	0.11843	0.120114	0.13675	0.116009	0.109854	0.117895	0.12391	0.124064	0.105813	0.104005	0.111926	0.108008	0.112122	0.114141	0.183719	0.174616	0.169215	0.143763	0.13288	0.124735	0.134509	0.131732	0.131957	0.103975	0.123314	0.110217	0.112216	0.149138	0.147309	0.123065	0.110659	0.195796	0.198734	0.135529	0.155572	0.133487	0.162332	0.133295	0.160564	0.128795	0.140614	0.149699	0.142808	0.161709	0.164027	0.178083	0.171478	0.168296	0.178463	0.164192	0.0875299	0.0999247	0.110429	0.0975815	0.093559	0.093559	0.0996007	0.0975744	0.106144	0.101822	0.0998193	0.142331	0.143611	0.130466	0.148437	0.166413	0.169314	0.170996	0.154855	0.144612	0.140612	0.159487	0.161284	0.153009	0.126186	0.144559	0.140576	0.138417	0.13029	0.142453	0.150697	0.150675	0.154988	0.163232	0.144502	0.157992	0.171657	0.173734	0.160904	0.190642	0.180169	0.180697	0.17333	0.167148	0.181955	0.156504	0.166854	0.16888	0.173223	0.158445	0.172724	0.170856	0.178975	0.166533	0.193359	0.172489	0.180018	0.17673	0.188953	0.193264	0.193383	0.185768	0.191876	0.198219	0.18375	0.189779	0.194344	0.191925	0.191882	0.179746	0.177654	0.185914	0.185827	0.18694	0.178882	0.18097	0.17067	0.176857	0.190894	0.184768	0.176542	0.19904	0.192679	0.190716	0.192737	0.190643	0.19464	0.200766	0.200731	0.196712	0.200883	0.200849	0.192641	0.204495	0.196659	0.194601	0.194589	0.200766	0.186567	0.199176	0.188719	0.186629	0.180572	0.180571	0.205187	0.168412	0.186758	0.184757	0.178618	0.181861	0.183859	0.181006	0.178998	0.164441	0.174634	0.195614	0.202103	0.170599	0.182923	0.205705	0.190927	0.194968	0.190817	0.174556	0.176636	0.201958	0.178681	0.176703	0.189147	0.176595	0.176571	0.178654	0.178551	0.184599	0.174626	0.176632	0.184752	0.170426	0.174498	0.168582	0.168508	0.172649	0.212717	0.174524	0.187178	0.172565	0.183514	0.189164	0.186978	0.178746	0.178798	0.162406	0.179016	0.192059	0.166497	0.166725	0.168584	0.174643	0.162396	0.172662	0.168546	0.1726	0.168501	0.160402	0.158321	0.158322	0.158322	0.17286	0.168842	0.170929	0.168619	0.168637	0.176919	0.170628	0.176834	0.162738	0.162596	0.166935	0.182917	0.170885	0.162694	0.180705	0.161568	0.154964	0.166968	0.173328	0.173213	0.177131	0.163893	0.151338	0.14109	0.116732	0.136329	0.142744
Geococcyx_californianus	0.109828	0.116948	0.118987	0.146778	0.112677	0.110673	0.155445	0	0.0930233	0.141773	0.140927	0.118851	0.11985	0.133604	0.114046	0.110577	0.141233	0.13493	0.136974	0.130773	0.132789	0.130764	0.128764	0.128764	0.112813	0.12343	0.106238	0.126993	0.133188	0.128597	0.124565	0.122469	0.11633	0.11836	0.120405	0.118355	0.145286	0.145204	0.145811	0.138783	0.141093	0.212566	0.112207	0.114229	0.134986	0.122377	0.122352	0.122317	0.120284	0.122287	0.110168	0.112181	0.110166	0.10815	0.114393	0.118885	0.140617	0.131537	0.134129	0.128001	0.125467	0.133278	0.171578	0.136841	0.143563	0.156087	0.131815	0.150427	0.149997	0.153422	0.162732	0.150235	0.156261	0.141795	0.157015	0.145292	0.135728	0.139802	0.127318	0.110343	0.110329	0.122722	0.131082	0.132767	0.149402	0.128662	0.122506	0.130547	0.136562	0.136716	0.118466	0.116657	0.124578	0.12066	0.124774	0.126793	0.196371	0.187269	0.181867	0.156415	0.145533	0.137387	0.147161	0.144384	0.144609	0.116628	0.135966	0.122869	0.124868	0.161791	0.159962	0.135718	0.123312	0.208449	0.211386	0.148182	0.168224	0.146139	0.174984	0.145948	0.173217	0.141447	0.153266	0.162351	0.15546	0.174362	0.176679	0.190736	0.184131	0.180948	0.191115	0.176845	0.100182	0.112577	0.123081	0.110234	0.106211	0.106211	0.112253	0.110227	0.118797	0.114474	0.112472	0.154984	0.156264	0.143118	0.161089	0.179066	0.181967	0.183649	0.167508	0.157264	0.153265	0.172139	0.173936	0.165661	0.138839	0.157211	0.153229	0.15107	0.142943	0.155106	0.16335	0.163327	0.16764	0.175884	0.157154	0.170644	0.18431	0.186386	0.173556	0.203294	0.192822	0.19335	0.185982	0.1798	0.194607	0.169157	0.179506	0.181532	0.185875	0.171098	0.185377	0.183508	0.191628	0.179185	0.206011	0.185141	0.19267	0.189383	0.201605	0.205916	0.206036	0.19842	0.204528	0.210871	0.196403	0.202432	0.206997	0.204578	0.204534	0.192399	0.190306	0.198566	0.198479	0.199592	0.191535	0.193623	0.183322	0.189509	0.203547	0.19742	0.189195	0.211692	0.205331	0.203369	0.20539	0.203295	0.207292	0.213418	0.213383	0.209365	0.213536	0.213501	0.205294	0.217147	0.209312	0.207254	0.207241	0.213418	0.19922	0.211829	0.201372	0.199281	0.193225	0.193223	0.21784	0.181064	0.199411	0.19741	0.19127	0.194513	0.196511	0.193658	0.191651	0.177094	0.187286	0.208267	0.214755	0.183252	0.195576	0.218357	0.20358	0.20762	0.20347	0.187209	0.189288	0.21461	0.191333	0.189356	0.2018	0.189248	0.189224	0.191307	0.191204	0.197251	0.187279	0.189284	0.197405	0.183078	0.187151	0.181235	0.181161	0.185302	0.225369	0.187177	0.199831	0.185217	0.196167	0.201817	0.199631	0.191399	0.19145	0.175059	0.191669	0.204711	0.17915	0.179378	0.181236	0.187296	0.175049	0.185315	0.181199	0.185253	0.181153	0.173054	0.170973	0.170974	0.170974	0.185512	0.181494	0.183581	0.181271	0.18129	0.189572	0.183281	0.189487	0.175391	0.175248	0.179587	0.19557	0.183537	0.175346	0.193357	0.17422	0.167616	0.17962	0.185981	0.185865	0.189783	0.176545	0.163991	0.153743	0.129384	0.148981	0.155396
Crotophaga_sulcirostris	0.102077	0.109197	0.111235	0.139027	0.104926	0.102922	0.147693	0.0930233	0	0.134021	0.133176	0.1111	0.112098	0.125852	0.106294	0.102825	0.133482	0.127178	0.129223	0.123021	0.125037	0.123012	0.121012	0.121012	0.105061	0.115679	0.0984867	0.119241	0.125436	0.120846	0.116813	0.114718	0.108579	0.110608	0.112654	0.110604	0.137535	0.137453	0.13806	0.131031	0.133342	0.204815	0.104455	0.106478	0.127234	0.114625	0.1146	0.114565	0.112532	0.114535	0.102417	0.10443	0.102414	0.100399	0.106641	0.111134	0.132866	0.123786	0.126378	0.120249	0.117716	0.125526	0.163826	0.129089	0.135812	0.148336	0.124063	0.142676	0.142245	0.14567	0.15498	0.142484	0.14851	0.134044	0.149264	0.137541	0.127977	0.13205	0.119567	0.102592	0.102578	0.11497	0.123331	0.125015	0.141651	0.12091	0.114755	0.122796	0.128811	0.128965	0.110714	0.108906	0.116827	0.112909	0.117023	0.119042	0.18862	0.179517	0.174116	0.148664	0.137781	0.129636	0.13941	0.136633	0.136858	0.108876	0.128215	0.115118	0.117117	0.154039	0.15221	0.127966	0.11556	0.200697	0.203635	0.14043	0.160473	0.138388	0.167233	0.138196	0.165465	0.133696	0.145515	0.1546	0.147709	0.16661	0.168928	0.182984	0.176379	0.173197	0.183364	0.169093	0.0924309	0.104826	0.11533	0.102482	0.09846	0.09846	0.104502	0.102475	0.111045	0.106723	0.10472	0.147232	0.148512	0.135367	0.153338	0.171314	0.174215	0.175897	0.159756	0.149513	0.145513	0.164388	0.166185	0.15791	0.131087	0.14946	0.145477	0.143318	0.135191	0.147354	0.155598	0.155576	0.159889	0.168133	0.149403	0.162893	0.176558	0.178635	0.165805	0.195543	0.18507	0.185598	0.178231	0.172049	0.186856	0.161405	0.171755	0.173781	0.178124	0.163346	0.177625	0.175757	0.183876	0.171434	0.19826	0.17739	0.184919	0.181631	0.193854	0.198165	0.198284	0.190669	0.196777	0.20312	0.188651	0.19468	0.199245	0.196826	0.196783	0.184647	0.182555	0.190815	0.190728	0.191841	0.183783	0.185871	0.175571	0.181758	0.195795	0.189669	0.181443	0.203941	0.19758	0.195617	0.197638	0.195544	0.199541	0.205667	0.205632	0.201613	0.205784	0.20575	0.197542	0.209396	0.20156	0.199502	0.19949	0.205667	0.191468	0.204077	0.19362	0.19153	0.185473	0.185472	0.210088	0.173313	0.191659	0.189658	0.183519	0.186762	0.18876	0.185907	0.183899	0.169342	0.179535	0.200515	0.207004	0.1755	0.187824	0.210606	0.195828	0.199869	0.195718	0.179457	0.181537	0.206859	0.183582	0.181604	0.194048	0.181496	0.181472	0.183555	0.183452	0.1895	0.179527	0.181533	0.189653	0.175327	0.179399	0.173483	0.173409	0.17755	0.217618	0.179425	0.192079	0.177466	0.188415	0.194065	0.191879	0.183647	0.183699	0.167307	0.183917	0.19696	0.171398	0.171626	0.173485	0.179544	0.167297	0.177563	0.173447	0.177501	0.173402	0.165303	0.163222	0.163223	0.163223	0.177761	0.173743	0.17583	0.17352	0.173538	0.18182	0.175529	0.181735	0.167639	0.167497	0.171836	0.187818	0.175786	0.167595	0.185606	0.166469	0.159865	0.171869	0.178229	0.178114	0.182032	0.168794	0.156239	0.145991	0.121633	0.14123	0.147645
Centropus_bengalensis	0.11836	0.12548	0.127519	0.15531	0.121209	0.119205	0.163976	0.141773	0.134021	0	0.0266611	0.0975147	0.0985133	0.112267	0.122578	0.119109	0.149765	0.143461	0.145506	0.139304	0.141321	0.139295	0.137296	0.137296	0.121344	0.131962	0.11477	0.135524	0.141719	0.137129	0.133096	0.131001	0.124862	0.126892	0.128937	0.126887	0.153818	0.153736	0.154343	0.147315	0.149625	0.221098	0.120738	0.122761	0.143518	0.130908	0.130883	0.130848	0.128815	0.130818	0.1187	0.120713	0.118698	0.116682	0.122925	0.127417	0.149149	0.140069	0.142661	0.136533	0.133999	0.141809	0.180109	0.145373	0.152095	0.164619	0.140346	0.158959	0.158529	0.161953	0.171263	0.158767	0.164793	0.150327	0.165547	0.153824	0.14426	0.148333	0.13585	0.118875	0.118861	0.131254	0.139614	0.141298	0.157934	0.137194	0.131038	0.139079	0.145094	0.145248	0.126997	0.125189	0.13311	0.129192	0.133306	0.135325	0.204903	0.195801	0.190399	0.164947	0.154065	0.145919	0.155693	0.152916	0.153141	0.125159	0.144498	0.131401	0.1334	0.170322	0.168493	0.144249	0.131843	0.21698	0.219918	0.156713	0.176756	0.154671	0.183516	0.15448	0.181748	0.149979	0.161798	0.170883	0.163992	0.182893	0.185211	0.199267	0.192662	0.18948	0.199647	0.185377	0.108714	0.121109	0.131613	0.118766	0.114743	0.114743	0.120785	0.118759	0.127328	0.123006	0.121003	0.163515	0.164795	0.15165	0.169621	0.187598	0.190499	0.19218	0.176039	0.165796	0.161796	0.180671	0.182468	0.174193	0.14737	0.165743	0.161761	0.159601	0.151474	0.163637	0.171881	0.171859	0.176172	0.184416	0.165686	0.179176	0.192842	0.194918	0.182088	0.211826	0.201353	0.201881	0.194514	0.188332	0.203139	0.177688	0.188038	0.190064	0.194407	0.17963	0.193908	0.19204	0.200159	0.187717	0.214543	0.193673	0.201202	0.197914	0.210137	0.214448	0.214568	0.206952	0.21306	0.219403	0.204935	0.210964	0.215528	0.213109	0.213066	0.20093	0.198838	0.207098	0.207011	0.208124	0.200067	0.202154	0.191854	0.198041	0.212078	0.205952	0.197726	0.220224	0.213863	0.2119	0.213921	0.211827	0.215824	0.22195	0.221915	0.217896	0.222067	0.222033	0.213825	0.225679	0.217844	0.215785	0.215773	0.22195	0.207752	0.220361	0.209904	0.207813	0.201756	0.201755	0.226372	0.189596	0.207942	0.205942	0.199802	0.203045	0.205043	0.20219	0.200182	0.185625	0.195818	0.216799	0.223287	0.191783	0.204107	0.226889	0.212112	0.216152	0.212001	0.195741	0.19782	0.223142	0.199865	0.197888	0.210332	0.197779	0.197755	0.199838	0.199735	0.205783	0.19581	0.197816	0.205936	0.19161	0.195683	0.189767	0.189693	0.193833	0.233901	0.195709	0.208362	0.193749	0.204698	0.210349	0.208163	0.19993	0.199982	0.183591	0.200201	0.213243	0.187682	0.187909	0.189768	0.195827	0.18358	0.193846	0.189731	0.193784	0.189685	0.181586	0.179505	0.179506	0.179506	0.194044	0.190026	0.192113	0.189803	0.189822	0.198103	0.191812	0.198019	0.183922	0.18378	0.188119	0.204101	0.192069	0.183878	0.201889	0.182752	0.176148	0.188152	0.194513	0.194397	0.198315	0.185077	0.172523	0.162275	0.137916	0.157513	0.163928
Centropus_unirufus	0.117514	0.124634	0.126673	0.154464	0.120363	0.118359	0.16313	0.140927	0.133176	0.0266611	0	0.0966687	0.0976674	0.111421	0.121732	0.118263	0.148919	0.142616	0.14466	0.138458	0.140475	0.138449	0.13645	0.13645	0.120498	0.131116	0.113924	0.134678	0.140873	0.136283	0.13225	0.130155	0.124016	0.126046	0.128091	0.126041	0.152972	0.15289	0.153497	0.146469	0.148779	0.220252	0.119892	0.121915	0.142672	0.130062	0.130037	0.130002	0.12797	0.129973	0.117854	0.119867	0.117852	0.115836	0.122079	0.126571	0.148303	0.139223	0.141815	0.135687	0.133153	0.140964	0.179263	0.144527	0.151249	0.163773	0.1395	0.158113	0.157683	0.161107	0.170418	0.157921	0.163947	0.149481	0.164701	0.152978	0.143414	0.147487	0.135004	0.118029	0.118015	0.130408	0.138768	0.140452	0.157088	0.136348	0.130192	0.138233	0.144248	0.144402	0.126151	0.124343	0.132264	0.128346	0.13246	0.134479	0.204057	0.194955	0.189553	0.164101	0.153219	0.145073	0.154847	0.15207	0.152295	0.124313	0.143652	0.130555	0.132554	0.169476	0.167647	0.143404	0.130997	0.216134	0.219072	0.155867	0.17591	0.153825	0.18267	0.153634	0.180903	0.149133	0.160952	0.170037	0.163146	0.182047	0.184365	0.198421	0.191817	0.188634	0.198801	0.184531	0.107868	0.120263	0.130767	0.11792	0.113897	0.113897	0.119939	0.117913	0.126483	0.12216	0.120157	0.162669	0.16395	0.150804	0.168775	0.186752	0.189653	0.191334	0.175193	0.16495	0.160951	0.179825	0.181622	0.173347	0.146524	0.164897	0.160915	0.158755	0.150628	0.162791	0.171035	0.171013	0.175326	0.18357	0.16484	0.17833	0.191996	0.194072	0.181242	0.21098	0.200507	0.201036	0.193668	0.187486	0.202293	0.176842	0.187192	0.189218	0.193561	0.178784	0.193062	0.191194	0.199313	0.186871	0.213697	0.192827	0.200356	0.197068	0.209291	0.213602	0.213722	0.206106	0.212214	0.218557	0.204089	0.210118	0.214682	0.212263	0.21222	0.200084	0.197992	0.206252	0.206165	0.207278	0.199221	0.201309	0.191008	0.197195	0.211232	0.205106	0.196881	0.219378	0.213017	0.211054	0.213075	0.210981	0.214978	0.221104	0.221069	0.217051	0.221222	0.221187	0.212979	0.224833	0.216998	0.21494	0.214927	0.221104	0.206906	0.219515	0.209058	0.206967	0.200911	0.200909	0.225526	0.18875	0.207096	0.205096	0.198956	0.202199	0.204197	0.201344	0.199336	0.184779	0.194972	0.215953	0.222441	0.190937	0.203262	0.226043	0.211266	0.215306	0.211155	0.194895	0.196974	0.222296	0.199019	0.197042	0.209486	0.196933	0.196909	0.198992	0.198889	0.204937	0.194964	0.19697	0.205091	0.190764	0.194837	0.188921	0.188847	0.192987	0.233055	0.194863	0.207517	0.192903	0.203853	0.209503	0.207317	0.199084	0.199136	0.182745	0.199355	0.212397	0.186836	0.187063	0.188922	0.194981	0.182734	0.193	0.188885	0.192938	0.188839	0.18074	0.178659	0.17866	0.17866	0.193198	0.18918	0.191267	0.188957	0.188976	0.197257	0.190966	0.197173	0.183076	0.182934	0.187273	0.203256	0.191223	0.183032	0.201043	0.181906	0.175302	0.187306	0.193667	0.193551	0.197469	0.184231	0.171677	0.161429	0.13707	0.156667	0.163082
Cuculus_canorus	0.0954381	0.102558	0.104597	0.132388	0.0982871	0.0962834	0.141055	0.118851	0.1111	0.0975147	0.0966687	0	0.0574025	0.0711565	0.0996559	0.0961869	0.126843	0.12054	0.122584	0.116383	0.118399	0.116374	0.114374	0.114374	0.0984227	0.10904	0.0918481	0.112603	0.118798	0.114207	0.110175	0.108079	0.10194	0.10397	0.106015	0.103965	0.130896	0.130814	0.131421	0.124393	0.126703	0.198176	0.0978166	0.0998392	0.120596	0.107987	0.107962	0.107927	0.105894	0.107897	0.0957785	0.0977911	0.0957758	0.0937603	0.100003	0.104495	0.126227	0.117147	0.119739	0.113611	0.111077	0.118888	0.157188	0.122451	0.129173	0.141697	0.117425	0.136037	0.135607	0.139032	0.148342	0.135845	0.141871	0.127405	0.142625	0.130902	0.121338	0.125412	0.112928	0.0959534	0.0959394	0.108332	0.116692	0.118377	0.135012	0.114272	0.108116	0.116157	0.122172	0.122326	0.104076	0.102267	0.110188	0.10627	0.110384	0.112403	0.181981	0.172879	0.167477	0.142025	0.131143	0.122997	0.132771	0.129994	0.130219	0.102238	0.121576	0.108479	0.110478	0.147401	0.145572	0.121328	0.108922	0.194059	0.196996	0.133792	0.153834	0.131749	0.160594	0.131558	0.158827	0.127057	0.138876	0.147961	0.14107	0.159972	0.162289	0.176346	0.169741	0.166558	0.176726	0.162455	0.0857923	0.0981872	0.108691	0.0958439	0.0918214	0.0918214	0.0978631	0.0958368	0.104407	0.100084	0.0980817	0.140594	0.141874	0.128728	0.146699	0.164676	0.167577	0.169259	0.153118	0.142874	0.138875	0.157749	0.159546	0.151271	0.124449	0.142821	0.138839	0.13668	0.128553	0.140716	0.14896	0.148937	0.15325	0.161494	0.142764	0.156254	0.16992	0.171996	0.159166	0.188904	0.178432	0.17896	0.171592	0.16541	0.180217	0.154767	0.165116	0.167142	0.171485	0.156708	0.170987	0.169118	0.177238	0.164795	0.191621	0.170751	0.17828	0.174993	0.187215	0.191526	0.191646	0.18403	0.190138	0.196481	0.182013	0.188042	0.192607	0.190188	0.190144	0.178009	0.175916	0.184176	0.184089	0.185202	0.177145	0.179233	0.168932	0.175119	0.189157	0.18303	0.174805	0.197302	0.190941	0.188979	0.191	0.188905	0.192902	0.199028	0.198993	0.194975	0.199146	0.199111	0.190904	0.202757	0.194922	0.192864	0.192851	0.199028	0.18483	0.197439	0.186982	0.184891	0.178835	0.178833	0.20345	0.166674	0.185021	0.18302	0.17688	0.180123	0.182121	0.179268	0.177261	0.162704	0.172896	0.193877	0.200365	0.168862	0.181186	0.203967	0.18919	0.19323	0.18908	0.172819	0.174898	0.20022	0.176943	0.174966	0.18741	0.174858	0.174834	0.176917	0.176814	0.182861	0.172889	0.174894	0.183015	0.168688	0.172761	0.166845	0.166771	0.170912	0.210979	0.172787	0.185441	0.170827	0.181777	0.187427	0.185241	0.177009	0.17706	0.160669	0.177279	0.190321	0.16476	0.164988	0.166846	0.172906	0.160659	0.170925	0.166809	0.170863	0.166763	0.158664	0.156583	0.156584	0.156584	0.171122	0.167104	0.169191	0.166881	0.1669	0.175182	0.168891	0.175097	0.161001	0.160858	0.165197	0.18118	0.169147	0.160956	0.178967	0.15983	0.153226	0.16523	0.171591	0.171475	0.175393	0.162155	0.149601	0.139353	0.114994	0.134591	0.141006
Ceuthmochares_aereus	0.0964368	0.103557	0.105596	0.133387	0.0992858	0.0972821	0.142053	0.11985	0.112098	0.0985133	0.0976674	0.0574025	0	0.0562976	0.100655	0.0971856	0.127842	0.121538	0.123583	0.117381	0.119397	0.117372	0.115373	0.115373	0.0994213	0.110039	0.0928468	0.113601	0.119796	0.115206	0.111173	0.109078	0.102939	0.104968	0.107014	0.104964	0.131895	0.131813	0.13242	0.125392	0.127702	0.199175	0.0988152	0.100838	0.121594	0.108985	0.10896	0.108925	0.106892	0.108895	0.0967772	0.0987897	0.0967745	0.094759	0.101002	0.105494	0.127226	0.118146	0.120738	0.11461	0.112076	0.119886	0.158186	0.12345	0.130172	0.142696	0.118423	0.137036	0.136606	0.14003	0.14934	0.136844	0.14287	0.128404	0.143624	0.131901	0.122337	0.12641	0.113927	0.0969521	0.0969381	0.109331	0.117691	0.119375	0.136011	0.11527	0.109115	0.117156	0.123171	0.123325	0.105074	0.103266	0.111187	0.107269	0.111383	0.113402	0.18298	0.173877	0.168476	0.143024	0.132141	0.123996	0.13377	0.130993	0.131218	0.103236	0.122575	0.109478	0.111477	0.148399	0.14657	0.122326	0.10992	0.195057	0.197995	0.13479	0.154833	0.132748	0.161593	0.132557	0.159825	0.128056	0.139875	0.14896	0.142069	0.16097	0.163288	0.177344	0.170739	0.167557	0.177724	0.163454	0.086791	0.0991859	0.10969	0.0968426	0.0928201	0.0928201	0.0988618	0.0968355	0.105405	0.101083	0.0990804	0.141592	0.142872	0.129727	0.147698	0.165675	0.168576	0.170257	0.154116	0.143873	0.139873	0.158748	0.160545	0.15227	0.125447	0.14382	0.139838	0.137678	0.129551	0.141714	0.149958	0.149936	0.154249	0.162493	0.143763	0.157253	0.170918	0.172995	0.160165	0.189903	0.17943	0.179958	0.172591	0.166409	0.181216	0.155765	0.166115	0.168141	0.172484	0.157706	0.171985	0.170117	0.178236	0.165794	0.19262	0.17175	0.179279	0.175991	0.188214	0.192525	0.192644	0.185029	0.191137	0.19748	0.183011	0.18904	0.193605	0.191186	0.191143	0.179007	0.176915	0.185175	0.185088	0.186201	0.178143	0.180231	0.169931	0.176118	0.190155	0.184029	0.175803	0.198301	0.19194	0.189977	0.191998	0.189904	0.193901	0.200027	0.199992	0.195973	0.200144	0.20011	0.191902	0.203756	0.19592	0.193862	0.19385	0.200027	0.185828	0.198437	0.187981	0.18589	0.179833	0.179832	0.204449	0.167673	0.186019	0.184018	0.177879	0.181122	0.18312	0.180267	0.178259	0.163702	0.173895	0.194876	0.201364	0.16986	0.182184	0.204966	0.190189	0.194229	0.190078	0.173818	0.175897	0.201219	0.177942	0.175964	0.188409	0.175856	0.175832	0.177915	0.177812	0.18386	0.173887	0.175893	0.184013	0.169687	0.173759	0.167843	0.16777	0.17191	0.211978	0.173785	0.186439	0.171826	0.182775	0.188426	0.186239	0.178007	0.178059	0.161668	0.178277	0.19132	0.165759	0.165986	0.167845	0.173904	0.161657	0.171923	0.167808	0.171861	0.167762	0.159663	0.157582	0.157583	0.157583	0.172121	0.168103	0.17019	0.16788	0.167899	0.17618	0.169889	0.176095	0.161999	0.161857	0.166196	0.182178	0.170146	0.161955	0.179966	0.160829	0.154225	0.166229	0.17259	0.172474	0.176392	0.163154	0.150599	0.140351	0.115993	0.13559	0.142005
Piaya_cayana	0.110191	0.117311	0.11935	0.147141	0.11304	0.111036	0.155807	0.133604	0.125852	0.112267	0.111421	0.0711565	0.0562976	0	0.114409	0.11094	0.141596	0.135292	0.137337	0.131135	0.133152	0.131126	0.129127	0.129127	0.113175	0.123793	0.106601	0.127355	0.13355	0.12896	0.124927	0.122832	0.116693	0.118723	0.120768	0.118718	0.145649	0.145567	0.146174	0.139146	0.141456	0.212929	0.112569	0.114592	0.135349	0.122739	0.122714	0.122679	0.120646	0.122649	0.110531	0.112544	0.110529	0.108513	0.114756	0.119248	0.14098	0.1319	0.134492	0.128364	0.12583	0.13364	0.17194	0.137204	0.143926	0.15645	0.132177	0.15079	0.15036	0.153784	0.163094	0.150598	0.156624	0.142158	0.157378	0.145655	0.136091	0.140164	0.127681	0.110706	0.110692	0.123085	0.131445	0.133129	0.149765	0.129025	0.122869	0.13091	0.136925	0.137079	0.118828	0.11702	0.124941	0.121023	0.125137	0.127156	0.196734	0.187632	0.18223	0.156778	0.145896	0.13775	0.147524	0.144747	0.144972	0.11699	0.136329	0.123232	0.125231	0.162153	0.160324	0.13608	0.123674	0.208811	0.211749	0.148544	0.168587	0.146502	0.175347	0.146311	0.173579	0.14181	0.153629	0.162714	0.155823	0.174724	0.177042	0.191098	0.184493	0.181311	0.191478	0.177208	0.100545	0.11294	0.123444	0.110597	0.106574	0.106574	0.112616	0.11059	0.119159	0.114837	0.112834	0.155346	0.156626	0.143481	0.161452	0.179429	0.18233	0.184011	0.16787	0.157627	0.153627	0.172502	0.174299	0.166024	0.139201	0.157574	0.153592	0.151432	0.143305	0.155468	0.163712	0.16369	0.168003	0.176247	0.157517	0.171007	0.184672	0.186749	0.173919	0.203657	0.193184	0.193712	0.186345	0.180163	0.19497	0.169519	0.179869	0.181895	0.186238	0.171461	0.185739	0.183871	0.19199	0.179548	0.206374	0.185504	0.193033	0.189745	0.201968	0.206279	0.206399	0.198783	0.204891	0.211234	0.196766	0.202795	0.207359	0.20494	0.204897	0.192761	0.190669	0.198929	0.198842	0.199955	0.191898	0.193985	0.183685	0.189872	0.203909	0.197783	0.189557	0.212055	0.205694	0.203731	0.205752	0.203658	0.207655	0.213781	0.213746	0.209727	0.213898	0.213864	0.205656	0.21751	0.209675	0.207616	0.207604	0.213781	0.199583	0.212192	0.201735	0.199644	0.193587	0.193586	0.218203	0.181427	0.199773	0.197773	0.191633	0.194876	0.196874	0.194021	0.192013	0.177456	0.187649	0.20863	0.215118	0.183614	0.195938	0.21872	0.203943	0.207983	0.203832	0.187572	0.189651	0.214973	0.191696	0.189719	0.202163	0.18961	0.189586	0.191669	0.191566	0.197614	0.187641	0.189647	0.197767	0.183441	0.187514	0.181598	0.181524	0.185664	0.225732	0.187539	0.200193	0.18558	0.196529	0.20218	0.199993	0.191761	0.191813	0.175422	0.192032	0.205074	0.179513	0.17974	0.181599	0.187658	0.175411	0.185677	0.181562	0.185615	0.181516	0.173417	0.171336	0.171337	0.171337	0.185875	0.181857	0.183944	0.181634	0.181653	0.189934	0.183643	0.18985	0.175753	0.175611	0.17995	0.195932	0.1839	0.175709	0.19372	0.174583	0.167979	0.179983	0.186344	0.186228	0.190146	0.176908	0.164354	0.154106	0.129747	0.149344	0.155759
Ciconia_maguari	0.0595838	0.0667038	0.0687426	0.096534	0.0624329	0.0604291	0.1052	0.114046	0.106294	0.122578	0.121732	0.0996559	0.100655	0.114409	0	0.0323992	0.0630556	0.056752	0.0587964	0.0525949	0.0546111	0.0525859	0.0505862	0.0505862	0.0509924	0.0616101	0.0559938	0.0767483	0.0829432	0.0783527	0.0743203	0.0722248	0.066086	0.0681155	0.070161	0.0681108	0.095042	0.0949597	0.0955672	0.0885386	0.0908491	0.162322	0.0619623	0.0639849	0.0847415	0.0721323	0.0721072	0.0720723	0.0700394	0.0720424	0.0599242	0.0619368	0.0599215	0.057906	0.0641486	0.0686407	0.0903729	0.0812932	0.083885	0.0777566	0.0752231	0.0830335	0.121333	0.0865966	0.0933187	0.105843	0.0815703	0.100183	0.0997526	0.103177	0.112487	0.0999912	0.106017	0.0915509	0.106771	0.0950476	0.0854841	0.0895574	0.0770741	0.0600991	0.0600851	0.0724776	0.0808382	0.0825223	0.0991579	0.0784175	0.0722622	0.0803029	0.0863177	0.0864717	0.0682213	0.0664131	0.074334	0.070416	0.0745299	0.0765489	0.146127	0.137025	0.131623	0.106171	0.0952885	0.0871428	0.0969171	0.0941399	0.0943652	0.0663833	0.0857221	0.0726249	0.074624	0.111546	0.109717	0.0854734	0.0730673	0.158204	0.161142	0.0979374	0.11798	0.0958951	0.12474	0.0957036	0.122972	0.0912028	0.103022	0.112107	0.105216	0.124117	0.126435	0.140491	0.133886	0.130704	0.140871	0.126601	0.049938	0.0623329	0.0728372	0.0599896	0.0559671	0.0559671	0.0620088	0.0599826	0.0685524	0.0642297	0.0622274	0.104739	0.106019	0.092874	0.110845	0.128822	0.131723	0.133404	0.117263	0.10702	0.10302	0.121895	0.123692	0.115417	0.0885943	0.106967	0.102985	0.100825	0.0926983	0.104861	0.113105	0.113083	0.117396	0.12564	0.10691	0.1204	0.134065	0.136142	0.123312	0.15305	0.142577	0.143105	0.135738	0.129556	0.144363	0.118912	0.129262	0.131288	0.135631	0.120854	0.135132	0.133264	0.141383	0.128941	0.155767	0.134897	0.142426	0.139138	0.151361	0.155672	0.155792	0.148176	0.154284	0.160627	0.146159	0.152188	0.156752	0.154333	0.15429	0.142154	0.140062	0.148322	0.148235	0.149348	0.141291	0.143378	0.133078	0.139265	0.153302	0.147176	0.13895	0.161448	0.155087	0.153124	0.155145	0.153051	0.157048	0.163174	0.163139	0.15912	0.163291	0.163257	0.155049	0.166903	0.159068	0.157009	0.156997	0.163174	0.148976	0.161585	0.151128	0.149037	0.14298	0.142979	0.167596	0.13082	0.149166	0.147166	0.141026	0.144269	0.146267	0.143414	0.141406	0.126849	0.137042	0.158023	0.164511	0.133007	0.145331	0.168113	0.153336	0.157376	0.153225	0.136965	0.139044	0.164366	0.141089	0.139111	0.151556	0.139003	0.138979	0.141062	0.140959	0.147007	0.137034	0.13904	0.14716	0.132834	0.136907	0.13099	0.130917	0.135057	0.175125	0.136932	0.149586	0.134973	0.145922	0.151573	0.149386	0.141154	0.141206	0.124815	0.141425	0.154467	0.128906	0.129133	0.130992	0.137051	0.124804	0.13507	0.130955	0.135008	0.130909	0.12281	0.120729	0.12073	0.12073	0.135268	0.13125	0.133337	0.131027	0.131046	0.139327	0.133036	0.139243	0.125146	0.125004	0.129343	0.145325	0.133293	0.125102	0.143113	0.123976	0.117372	0.129376	0.135737	0.135621	0.139539	0.126301	0.113747	0.103499	0.07914	0.0987368	0.105152
Fregata_magnificens	0.0561148	0.0632348	0.0652735	0.093065	0.0589638	0.0569601	0.101731	0.110577	0.102825	0.119109	0.118263	0.0961869	0.0971856	0.11094	0.0323992	0	0.055042	0.0487384	0.0507828	0.0445813	0.0465975	0.0445722	0.0425726	0.0425726	0.0475234	0.0581411	0.0525248	0.0732793	0.0794742	0.0748837	0.0708513	0.0687558	0.0626169	0.0646465	0.066692	0.0646418	0.091573	0.0914907	0.0920981	0.0850695	0.08738	0.158853	0.0584933	0.0605159	0.0812725	0.0686633	0.0686382	0.0686033	0.0665704	0.0685734	0.0564552	0.0584677	0.0564525	0.054437	0.0606796	0.0651716	0.0869039	0.0778241	0.080416	0.0742876	0.0717541	0.0795644	0.117864	0.0831276	0.0898497	0.102374	0.0781013	0.0967141	0.0962836	0.0997083	0.109018	0.0965222	0.102548	0.0880819	0.103302	0.0915786	0.0820151	0.0860883	0.0736051	0.0566301	0.0566161	0.0690086	0.0773692	0.0790533	0.0956889	0.0749485	0.0687932	0.0768339	0.0828487	0.0830027	0.0647523	0.0629441	0.070865	0.066947	0.0710609	0.0730799	0.142658	0.133556	0.128154	0.102702	0.0918195	0.0836738	0.0934481	0.0906709	0.0908962	0.0629143	0.0822531	0.0691559	0.071155	0.108077	0.106248	0.0820044	0.0695983	0.154735	0.157673	0.0944684	0.114511	0.0924261	0.121271	0.0922346	0.119503	0.0877338	0.0995526	0.108638	0.101747	0.120648	0.122966	0.137022	0.130417	0.127235	0.137402	0.123132	0.046469	0.0588639	0.0693682	0.0565206	0.0524981	0.0524981	0.0585398	0.0565135	0.0650834	0.0607607	0.0587584	0.10127	0.10255	0.089405	0.107376	0.125353	0.128254	0.129935	0.113794	0.103551	0.0995514	0.118426	0.120223	0.111948	0.0851253	0.103498	0.0995156	0.0973562	0.0892292	0.101392	0.109636	0.109614	0.113927	0.122171	0.103441	0.116931	0.130596	0.132673	0.119843	0.149581	0.139108	0.139636	0.132269	0.126087	0.140894	0.115443	0.125793	0.127819	0.132162	0.117384	0.131663	0.129795	0.137914	0.125472	0.152298	0.131428	0.138957	0.135669	0.147892	0.152203	0.152323	0.144707	0.150815	0.157158	0.14269	0.148719	0.153283	0.150864	0.150821	0.138685	0.136593	0.144853	0.144766	0.145879	0.137821	0.139909	0.129609	0.135796	0.149833	0.143707	0.135481	0.157979	0.151618	0.149655	0.151676	0.149582	0.153579	0.159705	0.15967	0.155651	0.159822	0.159788	0.15158	0.163434	0.155599	0.15354	0.153528	0.159705	0.145506	0.158116	0.147659	0.145568	0.139511	0.13951	0.164127	0.127351	0.145697	0.143696	0.137557	0.1408	0.142798	0.139945	0.137937	0.12338	0.133573	0.154554	0.161042	0.129538	0.141862	0.164644	0.149867	0.153907	0.149756	0.133496	0.135575	0.160897	0.13762	0.135642	0.148087	0.135534	0.13551	0.137593	0.13749	0.143538	0.133565	0.135571	0.143691	0.129365	0.133437	0.127521	0.127448	0.131588	0.171656	0.133463	0.146117	0.131504	0.142453	0.148104	0.145917	0.137685	0.137737	0.121346	0.137955	0.150998	0.125437	0.125664	0.127523	0.133582	0.121335	0.131601	0.127486	0.131539	0.12744	0.119341	0.11726	0.117261	0.117261	0.131799	0.127781	0.129868	0.127558	0.127577	0.135858	0.129567	0.135774	0.121677	0.121535	0.125874	0.141856	0.129824	0.121633	0.139644	0.120507	0.113903	0.125907	0.132268	0.132152	0.13607	0.122832	0.110278	0.10003	0.075671	0.0952678	0.101683
Sula_dactylatra	0.0867712	0.0938912	0.09593	0.123721	0.0896202	0.0876165	0.132388	0.141233	0.133482	0.149765	0.148919	0.126843	0.127842	0.141596	0.0630556	0.055042	0	0.0550031	0.0570475	0.0508505	0.0528668	0.0508415	0.0488419	0.0488419	0.0781798	0.0887975	0.0831812	0.103936	0.110131	0.10554	0.101508	0.0994122	0.0932733	0.0953029	0.0973484	0.0952982	0.122229	0.122147	0.122755	0.115726	0.118036	0.189509	0.0891497	0.0911723	0.111929	0.0993197	0.0992946	0.0992597	0.0972268	0.0992298	0.0871116	0.0891242	0.0871089	0.0850934	0.091336	0.095828	0.11756	0.108481	0.111072	0.104944	0.102411	0.110221	0.148521	0.113784	0.120506	0.133031	0.108758	0.12737	0.12694	0.130365	0.139675	0.127179	0.133204	0.118738	0.133958	0.122235	0.112672	0.116745	0.104262	0.0872865	0.0872725	0.099665	0.108026	0.10971	0.126345	0.105605	0.0994496	0.10749	0.113505	0.113659	0.0954087	0.0936005	0.101521	0.0976034	0.101717	0.103736	0.173314	0.164212	0.15881	0.133358	0.122476	0.11433	0.124104	0.121327	0.121553	0.0935707	0.112909	0.0998123	0.101811	0.138734	0.136905	0.112661	0.100255	0.185392	0.18833	0.125125	0.145167	0.123083	0.151927	0.122891	0.15016	0.11839	0.130209	0.139294	0.132403	0.151305	0.153622	0.167679	0.161074	0.157891	0.168059	0.153788	0.0771254	0.0895203	0.100025	0.087177	0.0831545	0.0831545	0.0891962	0.0871699	0.0957398	0.0914171	0.0894148	0.131927	0.133207	0.120061	0.138032	0.156009	0.15891	0.160592	0.144451	0.134207	0.130208	0.149082	0.150879	0.142604	0.115782	0.134155	0.130172	0.128013	0.119886	0.132049	0.140293	0.14027	0.144583	0.152827	0.134098	0.147587	0.161253	0.163329	0.150499	0.180237	0.169765	0.170293	0.162926	0.156743	0.17155	0.1461	0.156449	0.158475	0.162819	0.148041	0.16232	0.160451	0.168571	0.156128	0.182954	0.162084	0.169613	0.166326	0.178549	0.18286	0.182979	0.175363	0.181471	0.187814	0.173346	0.179375	0.18394	0.181521	0.181477	0.169342	0.167249	0.175509	0.175422	0.176535	0.168478	0.170566	0.160265	0.166452	0.18049	0.174364	0.166138	0.188635	0.182274	0.180312	0.182333	0.180239	0.184235	0.190361	0.190326	0.186308	0.190479	0.190444	0.182237	0.19409	0.186255	0.184197	0.184184	0.190361	0.176163	0.188772	0.178315	0.176224	0.170168	0.170166	0.194783	0.158007	0.176354	0.174353	0.168213	0.171456	0.173454	0.170601	0.168594	0.154037	0.164229	0.18521	0.191699	0.160195	0.172519	0.1953	0.180523	0.184563	0.180413	0.164152	0.166231	0.191554	0.168276	0.166299	0.178743	0.166191	0.166167	0.16825	0.168147	0.174195	0.164222	0.166227	0.174348	0.160021	0.164094	0.158178	0.158104	0.162245	0.202312	0.16412	0.176774	0.162161	0.17311	0.17876	0.176574	0.168342	0.168393	0.152002	0.168612	0.181654	0.156093	0.156321	0.15818	0.164239	0.151992	0.162258	0.158142	0.162196	0.158096	0.149997	0.147917	0.147918	0.147918	0.162455	0.158437	0.160525	0.158214	0.158233	0.166515	0.160224	0.16643	0.152334	0.152191	0.15653	0.172513	0.16048	0.15229	0.1703	0.151163	0.144559	0.156564	0.162924	0.162809	0.166727	0.153488	0.140934	0.130686	0.106327	0.125924	0.132339
Anhinga_anhinga	0.0804676	0.0875876	0.0896264	0.117418	0.0833167	0.0813129	0.126084	0.13493	0.127178	0.143461	0.142616	0.12054	0.121538	0.135292	0.056752	0.0487384	0.0550031	0	0.0346067	0.0445469	0.0465632	0.0445379	0.0425383	0.0425383	0.0718762	0.0824939	0.0768776	0.0976321	0.103827	0.0992365	0.0952041	0.0931086	0.0869698	0.0889993	0.0910448	0.0889946	0.115926	0.115843	0.116451	0.109422	0.111733	0.183206	0.0828461	0.0848687	0.105625	0.0930161	0.092991	0.0929561	0.0909232	0.0929262	0.080808	0.0828206	0.0808053	0.0787898	0.0850324	0.0895245	0.111257	0.102177	0.104769	0.0986404	0.0961069	0.103917	0.142217	0.10748	0.114203	0.126727	0.102454	0.121067	0.120636	0.124061	0.133371	0.120875	0.126901	0.112435	0.127655	0.115931	0.106368	0.110441	0.0979579	0.0809829	0.0809689	0.0933614	0.101722	0.103406	0.120042	0.0993013	0.093146	0.101187	0.107201	0.107356	0.0891051	0.0872969	0.0952178	0.0912998	0.0954137	0.0974327	0.167011	0.157908	0.152506	0.127055	0.116172	0.108027	0.117801	0.115024	0.115249	0.0872671	0.106606	0.0935087	0.0955078	0.13243	0.130601	0.106357	0.0939511	0.179088	0.182026	0.118821	0.138863	0.116779	0.145624	0.116587	0.143856	0.112087	0.123905	0.132991	0.1261	0.145001	0.147318	0.161375	0.15477	0.151588	0.161755	0.147484	0.0708218	0.0832167	0.093721	0.0808734	0.0768509	0.0768509	0.0828926	0.0808664	0.0894362	0.0851135	0.0831112	0.125623	0.126903	0.113758	0.131729	0.149705	0.152606	0.154288	0.138147	0.127904	0.123904	0.142779	0.144576	0.136301	0.109478	0.127851	0.123868	0.121709	0.113582	0.125745	0.133989	0.133967	0.13828	0.146524	0.127794	0.141284	0.154949	0.157026	0.144195	0.173934	0.163461	0.163989	0.156622	0.15044	0.165246	0.139796	0.150145	0.152172	0.156515	0.141737	0.156016	0.154148	0.162267	0.149825	0.176651	0.155781	0.16331	0.160022	0.172245	0.176556	0.176675	0.16906	0.175167	0.18151	0.167042	0.173071	0.177636	0.175217	0.175174	0.163038	0.160946	0.169205	0.169119	0.170232	0.162174	0.164262	0.153962	0.160148	0.174186	0.16806	0.159834	0.182332	0.175971	0.174008	0.176029	0.173935	0.177931	0.184058	0.184023	0.180004	0.184175	0.184141	0.175933	0.187787	0.179951	0.177893	0.177881	0.184058	0.169859	0.182468	0.172011	0.169921	0.163864	0.163863	0.188479	0.151704	0.17005	0.168049	0.16191	0.165153	0.167151	0.164298	0.16229	0.147733	0.157926	0.178906	0.185395	0.153891	0.166215	0.188997	0.174219	0.17826	0.174109	0.157848	0.159928	0.18525	0.161973	0.159995	0.172439	0.159887	0.159863	0.161946	0.161843	0.167891	0.157918	0.159924	0.168044	0.153718	0.15779	0.151874	0.1518	0.155941	0.196009	0.157816	0.17047	0.155857	0.166806	0.172456	0.17027	0.162038	0.162089	0.145698	0.162308	0.175351	0.149789	0.150017	0.151876	0.157935	0.145688	0.155954	0.151838	0.155892	0.151793	0.143694	0.141613	0.141614	0.141614	0.156152	0.152134	0.154221	0.151911	0.151929	0.160211	0.15392	0.160126	0.14603	0.145888	0.150227	0.166209	0.154177	0.145986	0.163996	0.14486	0.138255	0.15026	0.15662	0.156505	0.160423	0.147185	0.13463	0.124382	0.100024	0.119621	0.126035
Anhinga_rufa	0.082512	0.089632	0.0916707	0.119462	0.085361	0.0833573	0.128129	0.136974	0.129223	0.145506	0.14466	0.122584	0.123583	0.137337	0.0587964	0.0507828	0.0570475	0.0346067	0	0.0465913	0.0486076	0.0465823	0.0445827	0.0445827	0.0739206	0.0845383	0.078922	0.0996765	0.105871	0.101281	0.0972485	0.0951529	0.0890141	0.0910437	0.0930892	0.091039	0.11797	0.117888	0.118495	0.111467	0.113777	0.18525	0.0848904	0.086913	0.10767	0.0950605	0.0950354	0.0950005	0.0929676	0.0949706	0.0828524	0.0848649	0.0828497	0.0808342	0.0870768	0.0915688	0.113301	0.104221	0.106813	0.100685	0.0981513	0.105962	0.144261	0.109525	0.116247	0.128771	0.104498	0.123111	0.122681	0.126106	0.135416	0.122919	0.128945	0.114479	0.129699	0.117976	0.108412	0.112486	0.100002	0.0830273	0.0830133	0.0954058	0.103766	0.10545	0.122086	0.101346	0.0951904	0.103231	0.109246	0.1094	0.0911495	0.0893413	0.0972622	0.0933442	0.0974581	0.099477	0.169055	0.159953	0.154551	0.129099	0.118217	0.110071	0.119845	0.117068	0.117293	0.0893115	0.10865	0.095553	0.0975522	0.134474	0.132646	0.108402	0.0959955	0.181132	0.18407	0.120866	0.140908	0.118823	0.147668	0.118632	0.145901	0.114131	0.12595	0.135035	0.128144	0.147045	0.149363	0.163419	0.156815	0.153632	0.163799	0.149529	0.0728662	0.0852611	0.0957653	0.0829178	0.0788953	0.0788953	0.084937	0.0829107	0.0914806	0.0871579	0.0851556	0.127667	0.128948	0.115802	0.133773	0.15175	0.154651	0.156333	0.140191	0.129948	0.125949	0.144823	0.14662	0.138345	0.111522	0.129895	0.125913	0.123753	0.115626	0.127789	0.136033	0.136011	0.140324	0.148568	0.129838	0.143328	0.156994	0.15907	0.14624	0.175978	0.165505	0.166034	0.158666	0.152484	0.167291	0.141841	0.15219	0.154216	0.158559	0.143782	0.15806	0.156192	0.164312	0.151869	0.178695	0.157825	0.165354	0.162067	0.174289	0.1786	0.17872	0.171104	0.177212	0.183555	0.169087	0.175116	0.17968	0.177261	0.177218	0.165082	0.16299	0.17125	0.171163	0.172276	0.164219	0.166307	0.156006	0.162193	0.17623	0.170104	0.161879	0.184376	0.178015	0.176053	0.178073	0.175979	0.179976	0.186102	0.186067	0.182049	0.18622	0.186185	0.177977	0.189831	0.181996	0.179938	0.179925	0.186102	0.171904	0.184513	0.174056	0.171965	0.165909	0.165907	0.190524	0.153748	0.172094	0.170094	0.163954	0.167197	0.169195	0.166342	0.164334	0.149777	0.15997	0.180951	0.187439	0.155935	0.16826	0.191041	0.176264	0.180304	0.176153	0.159893	0.161972	0.187294	0.164017	0.16204	0.174484	0.161931	0.161907	0.16399	0.163888	0.169935	0.159962	0.161968	0.170089	0.155762	0.159835	0.153919	0.153845	0.157986	0.198053	0.159861	0.172515	0.157901	0.168851	0.174501	0.172315	0.164082	0.164134	0.147743	0.164353	0.177395	0.151834	0.152062	0.15392	0.15998	0.147733	0.157999	0.153883	0.157937	0.153837	0.145738	0.143657	0.143658	0.143658	0.158196	0.154178	0.156265	0.153955	0.153974	0.162255	0.155965	0.162171	0.148075	0.147932	0.152271	0.168254	0.156221	0.14803	0.166041	0.146904	0.1403	0.152304	0.158665	0.158549	0.162467	0.149229	0.136675	0.126427	0.102068	0.121665	0.12808
Phalacrocorax_carbo	0.0763105	0.0834305	0.0854692	0.113261	0.0791595	0.0771558	0.121927	0.130773	0.123021	0.139304	0.138458	0.116383	0.117381	0.131135	0.0525949	0.0445813	0.0508505	0.0445469	0.0465913	0	0.0100375	0.00801762	0.00601801	0.00601801	0.0677191	0.0783368	0.0727205	0.0934749	0.0996699	0.0950793	0.0910469	0.0889514	0.0828126	0.0848421	0.0868876	0.0848375	0.111769	0.111686	0.112294	0.105265	0.107576	0.179049	0.0786889	0.0807115	0.101468	0.0888589	0.0888339	0.0887989	0.0867661	0.0887691	0.0766508	0.0786634	0.0766482	0.0746327	0.0808752	0.0853673	0.1071	0.0980198	0.100612	0.0944833	0.0919498	0.0997601	0.13806	0.103323	0.110045	0.12257	0.0982969	0.11691	0.116479	0.119904	0.129214	0.116718	0.122743	0.108278	0.123498	0.111774	0.102211	0.106284	0.0938008	0.0768257	0.0768118	0.0892043	0.0975648	0.0992489	0.115885	0.0951441	0.0889888	0.0970295	0.103044	0.103198	0.084948	0.0831398	0.0910606	0.0871427	0.0912565	0.0932755	0.162854	0.153751	0.148349	0.122898	0.112015	0.103869	0.113644	0.110867	0.111092	0.08311	0.102449	0.0893515	0.0913506	0.128273	0.126444	0.1022	0.0897939	0.174931	0.177869	0.114664	0.134706	0.112622	0.141466	0.11243	0.139699	0.107929	0.119748	0.128834	0.121943	0.140844	0.143161	0.157218	0.150613	0.147431	0.157598	0.143327	0.0666646	0.0790595	0.0895638	0.0767163	0.0726938	0.0726938	0.0787354	0.0767092	0.0852791	0.0809564	0.078954	0.121466	0.122746	0.109601	0.127572	0.145548	0.148449	0.150131	0.13399	0.123746	0.119747	0.138622	0.140419	0.132144	0.105321	0.123694	0.119711	0.117552	0.109425	0.121588	0.129832	0.129809	0.134123	0.142366	0.123637	0.137127	0.150792	0.152868	0.140038	0.169776	0.159304	0.159832	0.152465	0.146283	0.161089	0.135639	0.145988	0.148014	0.152358	0.13758	0.151859	0.14999	0.15811	0.145667	0.172494	0.151624	0.159153	0.155865	0.168088	0.172399	0.172518	0.164903	0.17101	0.177353	0.162885	0.168914	0.173479	0.17106	0.171017	0.158881	0.156789	0.165048	0.164961	0.166075	0.158017	0.160105	0.149804	0.155991	0.170029	0.163903	0.155677	0.178174	0.171813	0.169851	0.171872	0.169778	0.173774	0.1799	0.179866	0.175847	0.180018	0.179983	0.171776	0.183629	0.175794	0.173736	0.173723	0.179901	0.165702	0.178311	0.167854	0.165764	0.159707	0.159705	0.184322	0.147547	0.165893	0.163892	0.157752	0.160995	0.162993	0.160141	0.158133	0.143576	0.153769	0.174749	0.181238	0.149734	0.162058	0.18484	0.170062	0.174102	0.169952	0.153691	0.155771	0.181093	0.157816	0.155838	0.168282	0.15573	0.155706	0.157789	0.157686	0.163734	0.153761	0.155767	0.163887	0.14956	0.153633	0.147717	0.147643	0.151784	0.191852	0.153659	0.166313	0.1517	0.162649	0.168299	0.166113	0.157881	0.157932	0.141541	0.158151	0.171194	0.145632	0.14586	0.147719	0.153778	0.141531	0.151797	0.147681	0.151735	0.147636	0.139537	0.137456	0.137457	0.137457	0.151995	0.147977	0.150064	0.147754	0.147772	0.156054	0.149763	0.155969	0.141873	0.14173	0.14607	0.162052	0.15002	0.141829	0.159839	0.140702	0.134098	0.146103	0.152463	0.152348	0.156266	0.143028	0.130473	0.120225	0.0958666	0.115463	0.121878
Phalacrocorax_pelagicus	0.0783267	0.0854467	0.0874855	0.115277	0.0811758	0.079172	0.123943	0.132789	0.125037	0.141321	0.140475	0.118399	0.119397	0.133152	0.0546111	0.0465975	0.0528668	0.0465632	0.0486076	0.0100375	0	0.0100339	0.00803428	0.00803428	0.0697354	0.080353	0.0747368	0.0954912	0.101686	0.0970956	0.0930632	0.0909677	0.0848289	0.0868584	0.0889039	0.0868537	0.113785	0.113703	0.11431	0.107281	0.109592	0.181065	0.0807052	0.0827278	0.103484	0.0908752	0.0908501	0.0908152	0.0887823	0.0907853	0.0786671	0.0806797	0.0786644	0.0766489	0.0828915	0.0873836	0.109116	0.100036	0.102628	0.0964995	0.093966	0.101776	0.140076	0.10534	0.112062	0.124586	0.100313	0.118926	0.118496	0.12192	0.13123	0.118734	0.12476	0.110294	0.125514	0.113791	0.104227	0.1083	0.095817	0.078842	0.078828	0.0912205	0.0995811	0.101265	0.117901	0.0971604	0.0910051	0.0990458	0.105061	0.105215	0.0869643	0.085156	0.0930769	0.089159	0.0932728	0.0952918	0.16487	0.155767	0.150366	0.124914	0.114031	0.105886	0.11566	0.112883	0.113108	0.0851262	0.104465	0.0913678	0.0933669	0.130289	0.12846	0.104216	0.0918102	0.176947	0.179885	0.11668	0.136723	0.114638	0.143483	0.114447	0.141715	0.109946	0.121765	0.13085	0.123959	0.14286	0.145178	0.159234	0.152629	0.149447	0.159614	0.145344	0.0686809	0.0810758	0.0915801	0.0787325	0.07471	0.07471	0.0807517	0.0787255	0.0872954	0.0829726	0.0809703	0.123482	0.124762	0.111617	0.129588	0.147564	0.150465	0.152147	0.136006	0.125763	0.121763	0.140638	0.142435	0.13416	0.107337	0.12571	0.121728	0.119568	0.111441	0.123604	0.131848	0.131826	0.136139	0.144383	0.125653	0.139143	0.152808	0.154885	0.142055	0.171793	0.16132	0.161848	0.154481	0.148299	0.163106	0.137655	0.148005	0.150031	0.154374	0.139596	0.153875	0.152007	0.160126	0.147684	0.17451	0.15364	0.161169	0.157881	0.170104	0.174415	0.174534	0.166919	0.173027	0.17937	0.164901	0.17093	0.175495	0.173076	0.173033	0.160897	0.158805	0.167065	0.166978	0.168091	0.160033	0.162121	0.151821	0.158008	0.172045	0.165919	0.157693	0.180191	0.17383	0.171867	0.173888	0.171794	0.175791	0.181917	0.181882	0.177863	0.182034	0.182	0.173792	0.185646	0.17781	0.175752	0.17574	0.181917	0.167718	0.180327	0.16987	0.16778	0.161723	0.161722	0.186338	0.149563	0.167909	0.165908	0.159769	0.163012	0.16501	0.162157	0.160149	0.145592	0.155785	0.176766	0.183254	0.15175	0.164074	0.186856	0.172078	0.176119	0.171968	0.155707	0.157787	0.183109	0.159832	0.157854	0.170298	0.157746	0.157722	0.159805	0.159702	0.16575	0.155777	0.157783	0.165903	0.151577	0.155649	0.149733	0.149659	0.1538	0.193868	0.155675	0.168329	0.153716	0.164665	0.170316	0.168129	0.159897	0.159949	0.143558	0.160167	0.17321	0.147648	0.147876	0.149735	0.155794	0.143547	0.153813	0.149698	0.153751	0.149652	0.141553	0.139472	0.139473	0.139473	0.154011	0.149993	0.15208	0.14977	0.149788	0.15807	0.151779	0.157985	0.143889	0.143747	0.148086	0.164068	0.152036	0.143845	0.161856	0.142719	0.136115	0.148119	0.154479	0.154364	0.158282	0.145044	0.132489	0.122241	0.0978829	0.11748	0.123895
Phalacrocorax_harrisi	0.0763014	0.0834215	0.0854602	0.113252	0.0791505	0.0771467	0.121918	0.130764	0.123012	0.139295	0.138449	0.116374	0.117372	0.131126	0.0525859	0.0445722	0.0508415	0.0445379	0.0465823	0.00801762	0.0100339	0	0.00200361	0.00200361	0.0677101	0.0783278	0.0727115	0.0934659	0.0996608	0.0950703	0.0910379	0.0889424	0.0828036	0.0848331	0.0868786	0.0848285	0.11176	0.111677	0.112285	0.105256	0.107567	0.17904	0.0786799	0.0807025	0.101459	0.0888499	0.0888248	0.0887899	0.086757	0.08876	0.0766418	0.0786544	0.0766391	0.0746236	0.0808662	0.0853583	0.107091	0.0980108	0.100603	0.0944742	0.0919407	0.0997511	0.138051	0.103314	0.110036	0.122561	0.0982879	0.116901	0.11647	0.119895	0.129205	0.116709	0.122734	0.108269	0.123489	0.111765	0.102202	0.106275	0.0937917	0.0768167	0.0768027	0.0891952	0.0975558	0.0992399	0.115876	0.0951351	0.0889798	0.0970205	0.103035	0.103189	0.084939	0.0831307	0.0910516	0.0871337	0.0912475	0.0932665	0.162845	0.153742	0.14834	0.122889	0.112006	0.10386	0.113635	0.110858	0.111083	0.083101	0.10244	0.0893425	0.0913416	0.128264	0.126435	0.102191	0.0897849	0.174922	0.17786	0.114655	0.134697	0.112613	0.141457	0.112421	0.13969	0.10792	0.119739	0.128825	0.121934	0.140835	0.143152	0.157209	0.150604	0.147422	0.157589	0.143318	0.0666556	0.0790505	0.0895548	0.0767072	0.0726847	0.0726847	0.0787264	0.0767002	0.0852701	0.0809474	0.078945	0.121457	0.122737	0.109592	0.127563	0.145539	0.14844	0.150122	0.133981	0.123737	0.119738	0.138613	0.14041	0.132135	0.105312	0.123685	0.119702	0.117543	0.109416	0.121579	0.129823	0.1298	0.134114	0.142357	0.123628	0.137118	0.150783	0.152859	0.140029	0.169767	0.159295	0.159823	0.152456	0.146274	0.16108	0.13563	0.145979	0.148005	0.152349	0.137571	0.15185	0.149981	0.158101	0.145658	0.172485	0.151614	0.159144	0.155856	0.168079	0.17239	0.172509	0.164894	0.171001	0.177344	0.162876	0.168905	0.17347	0.171051	0.171008	0.158872	0.15678	0.165039	0.164952	0.166066	0.158008	0.160096	0.149795	0.155982	0.17002	0.163894	0.155668	0.178165	0.171804	0.169842	0.171863	0.169769	0.173765	0.179891	0.179857	0.175838	0.180009	0.179974	0.171767	0.18362	0.175785	0.173727	0.173714	0.179892	0.165693	0.178302	0.167845	0.165755	0.159698	0.159696	0.184313	0.147538	0.165884	0.163883	0.157743	0.160986	0.162984	0.160132	0.158124	0.143567	0.15376	0.17474	0.181229	0.149725	0.162049	0.18483	0.170053	0.174093	0.169943	0.153682	0.155762	0.181084	0.157807	0.155829	0.168273	0.155721	0.155697	0.15778	0.157677	0.163725	0.153752	0.155758	0.163878	0.149551	0.153624	0.147708	0.147634	0.151775	0.191843	0.15365	0.166304	0.151691	0.16264	0.16829	0.166104	0.157872	0.157923	0.141532	0.158142	0.171185	0.145623	0.145851	0.14771	0.153769	0.141522	0.151788	0.147672	0.151726	0.147627	0.139528	0.137447	0.137448	0.137448	0.151986	0.147968	0.150055	0.147745	0.147763	0.156045	0.149754	0.15596	0.141864	0.141721	0.146061	0.162043	0.150011	0.14182	0.15983	0.140693	0.134089	0.146094	0.152454	0.152339	0.156257	0.143018	0.130464	0.120216	0.0958576	0.115454	0.121869
Phalacrocorax_auritus	0.0743018	0.0814218	0.0834606	0.111252	0.0771509	0.0751471	0.119918	0.128764	0.121012	0.137296	0.13645	0.114374	0.115373	0.129127	0.0505862	0.0425726	0.0488419	0.0425383	0.0445827	0.00601801	0.00803428	0.00200361	0	2e-06	0.0657104	0.0763281	0.0707118	0.0914663	0.0976612	0.0930707	0.0890383	0.0869428	0.080804	0.0828335	0.084879	0.0828288	0.10976	0.109678	0.110285	0.103257	0.105567	0.17704	0.0766803	0.0787029	0.0994595	0.0868503	0.0868252	0.0867903	0.0847574	0.0867604	0.0746422	0.0766548	0.0746395	0.072624	0.0788666	0.0833587	0.105091	0.0960112	0.098603	0.0924746	0.0899411	0.0977515	0.136051	0.101315	0.108037	0.120561	0.0962883	0.114901	0.114471	0.117895	0.127205	0.114709	0.120735	0.106269	0.121489	0.109766	0.100202	0.104275	0.0917921	0.0748171	0.0748031	0.0871956	0.0955562	0.0972403	0.113876	0.0931355	0.0869802	0.0950209	0.101036	0.10119	0.0829393	0.0811311	0.089052	0.085134	0.0892479	0.0912669	0.160845	0.151743	0.146341	0.120889	0.110007	0.101861	0.111635	0.108858	0.109083	0.0811013	0.10044	0.0873429	0.089342	0.126264	0.124435	0.100191	0.0877853	0.172922	0.17586	0.112655	0.132698	0.110613	0.139458	0.110422	0.13769	0.105921	0.11774	0.126825	0.119934	0.138835	0.141153	0.155209	0.148604	0.145422	0.155589	0.141319	0.064656	0.0770509	0.0875552	0.0747076	0.0706851	0.0706851	0.0767268	0.0747006	0.0832704	0.0789477	0.0769454	0.119457	0.120737	0.107592	0.125563	0.14354	0.146441	0.148122	0.131981	0.121738	0.117738	0.136613	0.13841	0.130135	0.103312	0.121685	0.117703	0.115543	0.107416	0.119579	0.127823	0.127801	0.132114	0.140358	0.121628	0.135118	0.148783	0.15086	0.13803	0.167768	0.157295	0.157823	0.150456	0.144274	0.159081	0.13363	0.14398	0.146006	0.150349	0.135572	0.14985	0.147982	0.156101	0.143659	0.170485	0.149615	0.157144	0.153856	0.166079	0.17039	0.17051	0.162894	0.169002	0.175345	0.160877	0.166906	0.17147	0.169051	0.169008	0.156872	0.15478	0.16304	0.162953	0.164066	0.156009	0.158096	0.147796	0.153983	0.16802	0.161894	0.153668	0.176166	0.169805	0.167842	0.169863	0.167769	0.171766	0.177892	0.177857	0.173838	0.178009	0.177975	0.169767	0.181621	0.173786	0.171727	0.171715	0.177892	0.163694	0.176303	0.165846	0.163755	0.157698	0.157697	0.182314	0.145538	0.163884	0.161884	0.155744	0.158987	0.160985	0.158132	0.156124	0.141567	0.15176	0.172741	0.179229	0.147725	0.160049	0.182831	0.168054	0.172094	0.167943	0.151683	0.153762	0.179084	0.155807	0.153829	0.166274	0.153721	0.153697	0.15578	0.155677	0.161725	0.151752	0.153758	0.161878	0.147552	0.151625	0.145708	0.145635	0.149775	0.189843	0.15165	0.164304	0.149691	0.16064	0.166291	0.164104	0.155872	0.155924	0.139533	0.156143	0.169185	0.143624	0.143851	0.14571	0.151769	0.139522	0.149788	0.145673	0.149726	0.145627	0.137528	0.135447	0.135448	0.135448	0.149986	0.145968	0.148055	0.145745	0.145764	0.154045	0.147754	0.153961	0.139864	0.139722	0.144061	0.160043	0.148011	0.13982	0.157831	0.138694	0.13209	0.144094	0.150455	0.150339	0.154257	0.141019	0.128465	0.118217	0.093858	0.113455	0.11987
Phalacrocorax_brasilianus	0.0743018	0.0814218	0.0834606	0.111252	0.0771509	0.0751471	0.119918	0.128764	0.121012	0.137296	0.13645	0.114374	0.115373	0.129127	0.0505862	0.0425726	0.0488419	0.0425383	0.0445827	0.00601801	0.00803428	0.00200361	2e-06	0	0.0657104	0.0763281	0.0707118	0.0914663	0.0976612	0.0930707	0.0890383	0.0869428	0.080804	0.0828335	0.084879	0.0828288	0.10976	0.109678	0.110285	0.103257	0.105567	0.17704	0.0766803	0.0787029	0.0994595	0.0868503	0.0868252	0.0867903	0.0847574	0.0867604	0.0746422	0.0766548	0.0746395	0.072624	0.0788666	0.0833587	0.105091	0.0960112	0.098603	0.0924746	0.0899411	0.0977515	0.136051	0.101315	0.108037	0.120561	0.0962883	0.114901	0.114471	0.117895	0.127205	0.114709	0.120735	0.106269	0.121489	0.109766	0.100202	0.104275	0.0917921	0.0748171	0.0748031	0.0871956	0.0955562	0.0972403	0.113876	0.0931355	0.0869802	0.0950209	0.101036	0.10119	0.0829393	0.0811311	0.089052	0.085134	0.0892479	0.0912669	0.160845	0.151743	0.146341	0.120889	0.110007	0.101861	0.111635	0.108858	0.109083	0.0811013	0.10044	0.0873429	0.089342	0.126264	0.124435	0.100191	0.0877853	0.172922	0.17586	0.112655	0.132698	0.110613	0.139458	0.110422	0.13769	0.105921	0.11774	0.126825	0.119934	0.138835	0.141153	0.155209	0.148604	0.145422	0.155589	0.141319	0.064656	0.0770509	0.0875552	0.0747076	0.0706851	0.0706851	0.0767268	0.0747006	0.0832704	0.0789477	0.0769454	0.119457	0.120737	0.107592	0.125563	0.14354	0.146441	0.148122	0.131981	0.121738	0.117738	0.136613	0.13841	0.130135	0.103312	0.121685	0.117703	0.115543	0.107416	0.119579	0.127823	0.127801	0.132114	0.140358	0.121628	0.135118	0.148783	0.15086	0.13803	0.167768	0.157295	0.157823	0.150456	0.144274	0.159081	0.13363	0.14398	0.146006	0.150349	0.135572	0.14985	0.147982	0.156101	0.143659	0.170485	0.149615	0.157144	0.153856	0.166079	0.17039	0.17051	0.162894	0.169002	0.175345	0.160877	0.166906	0.17147	0.169051	0.169008	0.156872	0.15478	0.16304	0.162953	0.164066	0.156009	0.158096	0.147796	0.153983	0.16802	0.161894	0.153668	0.176166	0.169805	0.167842	0.169863	0.167769	0.171766	0.177892	0.177857	0.173838	0.178009	0.177975	0.169767	0.181621	0.173786	0.171727	0.171715	0.177892	0.163694	0.176303	0.165846	0.163755	0.157698	0.157697	0.182314	0.145538	0.163884	0.161884	0.155744	0.158987	0.160985	0.158132	0.156124	0.141567	0.15176	0.172741	0.179229	0.147725	0.160049	0.182831	0.168054	0.172094	0.167943	0.151683	0.153762	0.179084	0.155807	0.153829	0.166274	0.153721	0.153697	0.15578	0.155677	0.161725	0.151752	0.153758	0.161878	0.147552	0.151625	0.145708	0.145635	0.149775	0.189843	0.15165	0.164304	0.149691	0.16064	0.166291	0.164104	0.155872	0.155924	0.139533	0.156143	0.169185	0.143624	0.143851	0.14571	0.151769	0.139522	0.149788	0.145673	0.149726	0.145627	0.137528	0.135447	0.135448	0.135448	0.149986	0.145968	0.148055	0.145745	0.145764	0.154045	0.147754	0.153961	0.139864	0.139722	0.144061	0.160043	0.148011	0.13982	0.157831	0.138694	0.13209	0.144094	0.150455	0.150339	0.154257	0.141019	0.128465	0.118217	0.093858	0.113455	0.11987
Mesembrinibis_cayennensis	0.0583506	0.0654706	0.0675093	0.0953007	0.0611996	0.0591959	0.103967	0.112813	0.105061	0.121344	0.120498	0.0984227	0.0994213	0.113175	0.0509924	0.0475234	0.0781798	0.0718762	0.0739206	0.0677191	0.0697354	0.0677101	0.0657104	0.0657104	0	0.0306862	0.0547606	0.0755151	0.08171	0.0771195	0.073087	0.0709915	0.0648527	0.0668823	0.0689278	0.0668776	0.0938087	0.0937265	0.0943339	0.0873053	0.0896158	0.161089	0.060729	0.0627516	0.0835083	0.0708991	0.070874	0.0708391	0.0688062	0.0708092	0.058691	0.0607035	0.0586883	0.0566728	0.0629154	0.0674074	0.0891397	0.0800599	0.0826518	0.0765234	0.0739899	0.0818002	0.1201	0.0853634	0.0920855	0.10461	0.080337	0.0989499	0.0985194	0.101944	0.111254	0.0987579	0.104783	0.0903177	0.105538	0.0938144	0.0842509	0.0883241	0.0758409	0.0588659	0.0588519	0.0712444	0.079605	0.0812891	0.0979247	0.0771843	0.071029	0.0790696	0.0850844	0.0852385	0.0669881	0.0651799	0.0731007	0.0691828	0.0732967	0.0753156	0.144894	0.135791	0.130389	0.104938	0.0940553	0.0859096	0.0956839	0.0929067	0.0931319	0.0651501	0.0844889	0.0713916	0.0733907	0.110313	0.108484	0.0842402	0.071834	0.156971	0.159909	0.0967042	0.116746	0.0946619	0.123507	0.0944704	0.121739	0.0899696	0.101788	0.110874	0.103983	0.122884	0.125201	0.139258	0.132653	0.129471	0.139638	0.125367	0.0487048	0.0610996	0.0716039	0.0587564	0.0547339	0.0547339	0.0607756	0.0587493	0.0673192	0.0629965	0.0609942	0.103506	0.104786	0.0916407	0.109612	0.127588	0.130489	0.132171	0.11603	0.105787	0.101787	0.120662	0.122459	0.114184	0.087361	0.105734	0.101751	0.099592	0.091465	0.103628	0.111872	0.11185	0.116163	0.124407	0.105677	0.119167	0.132832	0.134909	0.122078	0.151817	0.141344	0.141872	0.134505	0.128323	0.143129	0.117679	0.128028	0.130055	0.134398	0.11962	0.133899	0.132031	0.14015	0.127708	0.154534	0.133664	0.141193	0.137905	0.150128	0.154439	0.154558	0.146943	0.15305	0.159393	0.144925	0.150954	0.155519	0.1531	0.153057	0.140921	0.138829	0.147088	0.147002	0.148115	0.140057	0.142145	0.131844	0.138031	0.152069	0.145943	0.137717	0.160214	0.153854	0.151891	0.153912	0.151818	0.155814	0.161941	0.161906	0.157887	0.162058	0.162024	0.153816	0.16567	0.157834	0.155776	0.155764	0.161941	0.147742	0.160351	0.149894	0.147804	0.141747	0.141746	0.166362	0.129587	0.147933	0.145932	0.139793	0.143035	0.145034	0.142181	0.140173	0.125616	0.135809	0.156789	0.163278	0.131774	0.144098	0.16688	0.152102	0.156143	0.151992	0.135731	0.137811	0.163133	0.139856	0.137878	0.150322	0.13777	0.137746	0.139829	0.139726	0.145774	0.135801	0.137807	0.145927	0.1316	0.135673	0.129757	0.129683	0.133824	0.173892	0.135699	0.148353	0.13374	0.144689	0.150339	0.148153	0.139921	0.139972	0.123581	0.140191	0.153234	0.127672	0.1279	0.129759	0.135818	0.123571	0.133837	0.129721	0.133775	0.129676	0.121577	0.119496	0.119497	0.119497	0.134035	0.130017	0.132104	0.129794	0.129812	0.138094	0.131803	0.138009	0.123913	0.123771	0.12811	0.144092	0.13206	0.123869	0.141879	0.122742	0.116138	0.128143	0.134503	0.134388	0.138306	0.125068	0.112513	0.102265	0.0779068	0.0975036	0.103918
Nipponia_nippon	0.0689683	0.0760883	0.078127	0.105918	0.0718173	0.0698136	0.114585	0.12343	0.115679	0.131962	0.131116	0.10904	0.110039	0.123793	0.0616101	0.0581411	0.0887975	0.0824939	0.0845383	0.0783368	0.080353	0.0783278	0.0763281	0.0763281	0.0306862	0	0.0653783	0.0861328	0.0923277	0.0877372	0.0837047	0.0816092	0.0754704	0.0775	0.0795454	0.0774953	0.104426	0.104344	0.104952	0.097923	0.100234	0.171706	0.0713467	0.0733693	0.094126	0.0815168	0.0814917	0.0814568	0.0794239	0.0814269	0.0693086	0.0713212	0.069306	0.0672905	0.0735331	0.0780251	0.0997573	0.0906776	0.0932695	0.0871411	0.0846076	0.0924179	0.130718	0.095981	0.102703	0.115228	0.0909547	0.109568	0.109137	0.112562	0.121872	0.109376	0.115401	0.100935	0.116155	0.104432	0.0948686	0.0989418	0.0864586	0.0694836	0.0694696	0.0818621	0.0902227	0.0919068	0.108542	0.087802	0.0816467	0.0896873	0.0957021	0.0958562	0.0776058	0.0757976	0.0837184	0.0798005	0.0839143	0.0859333	0.155511	0.146409	0.141007	0.115555	0.104673	0.0965273	0.106302	0.103524	0.10375	0.0757678	0.0951066	0.0820093	0.0840084	0.120931	0.119102	0.0948579	0.0824517	0.167589	0.170527	0.107322	0.127364	0.10528	0.134124	0.105088	0.132357	0.100587	0.112406	0.121492	0.1146	0.133502	0.135819	0.149876	0.143271	0.140089	0.150256	0.135985	0.0593225	0.0717173	0.0822216	0.0693741	0.0653516	0.0653516	0.0713933	0.069367	0.0779369	0.0736142	0.0716118	0.114124	0.115404	0.102258	0.120229	0.138206	0.141107	0.142789	0.126648	0.116404	0.112405	0.13128	0.133076	0.124801	0.0979787	0.116352	0.112369	0.11021	0.102083	0.114246	0.12249	0.122467	0.12678	0.135024	0.116295	0.129785	0.14345	0.145526	0.132696	0.162434	0.151962	0.15249	0.145123	0.13894	0.153747	0.128297	0.138646	0.140672	0.145016	0.130238	0.144517	0.142648	0.150768	0.138325	0.165151	0.144281	0.151811	0.148523	0.160746	0.165057	0.165176	0.15756	0.163668	0.170011	0.155543	0.161572	0.166137	0.163718	0.163674	0.151539	0.149446	0.157706	0.157619	0.158733	0.150675	0.152763	0.142462	0.148649	0.162687	0.156561	0.148335	0.170832	0.164471	0.162509	0.16453	0.162436	0.166432	0.172558	0.172524	0.168505	0.172676	0.172641	0.164434	0.176287	0.168452	0.166394	0.166381	0.172558	0.15836	0.170969	0.160512	0.158421	0.152365	0.152363	0.17698	0.140204	0.158551	0.15655	0.15041	0.153653	0.155651	0.152798	0.150791	0.136234	0.146426	0.167407	0.173896	0.142392	0.154716	0.177497	0.16272	0.16676	0.16261	0.146349	0.148429	0.173751	0.150473	0.148496	0.16094	0.148388	0.148364	0.150447	0.150344	0.156392	0.146419	0.148424	0.156545	0.142218	0.146291	0.140375	0.140301	0.144442	0.184509	0.146317	0.158971	0.144358	0.155307	0.160957	0.158771	0.150539	0.15059	0.134199	0.150809	0.163852	0.13829	0.138518	0.140377	0.146436	0.134189	0.144455	0.140339	0.144393	0.140294	0.132194	0.130114	0.130115	0.130115	0.144653	0.140635	0.142722	0.140411	0.14043	0.148712	0.142421	0.148627	0.134531	0.134388	0.138728	0.15471	0.142677	0.134487	0.152497	0.13336	0.126756	0.138761	0.145121	0.145006	0.148924	0.135685	0.123131	0.112883	0.0885245	0.108121	0.114536
Burhinus_bistriatus	0.0479649	0.0550849	0.0571236	0.0849193	0.0508182	0.0488144	0.0935857	0.106238	0.0984867	0.11477	0.113924	0.0918481	0.0928468	0.106601	0.0559938	0.0525248	0.0831812	0.0768776	0.078922	0.0727205	0.0747368	0.0727115	0.0707118	0.0707118	0.0547606	0.0653783	0	0.032721	0.0389159	0.0507732	0.0467407	0.0446452	0.0385064	0.0444287	0.0464742	0.044424	0.0713552	0.0712729	0.0718803	0.0648517	0.0671622	0.138635	0.0382755	0.0402981	0.0610547	0.0484455	0.0484204	0.0483855	0.0463526	0.0483556	0.0362374	0.03825	0.0362347	0.0342192	0.0404618	0.0531126	0.0787482	0.0696684	0.0722603	0.0661319	0.0635984	0.0714087	0.109709	0.0749719	0.081694	0.0942185	0.0699456	0.0885642	0.0881337	0.0915584	0.100869	0.0883723	0.0943978	0.079932	0.0951521	0.0834287	0.0738652	0.0779384	0.0654552	0.0484802	0.0484662	0.0608587	0.0692193	0.0709034	0.087539	0.0667986	0.0606433	0.068684	0.0746988	0.0748528	0.0566024	0.0547942	0.0627151	0.0587971	0.062911	0.06493	0.134508	0.125406	0.120004	0.094552	0.0836696	0.0755239	0.0852982	0.082521	0.0827463	0.0547644	0.0741032	0.061006	0.0630051	0.0999273	0.0980985	0.0738545	0.0614484	0.146585	0.149523	0.0863185	0.106361	0.0842762	0.113121	0.0840847	0.111353	0.0795839	0.0914027	0.100488	0.093597	0.112498	0.114816	0.128872	0.122267	0.119085	0.129252	0.114982	0.0383191	0.050714	0.0612183	0.0483707	0.0443482	0.0443482	0.0503899	0.0483636	0.0569335	0.0526108	0.0506085	0.0931203	0.0944005	0.0812551	0.099226	0.117203	0.120104	0.121785	0.105644	0.0954008	0.0914015	0.110276	0.112073	0.103798	0.0769754	0.0953483	0.0913657	0.0892063	0.0810793	0.0932424	0.101486	0.101464	0.105777	0.114021	0.0952913	0.108781	0.122447	0.124523	0.111693	0.141431	0.130958	0.131487	0.124119	0.117937	0.132744	0.107293	0.117643	0.119669	0.124012	0.109235	0.123513	0.121645	0.129764	0.117322	0.144148	0.123278	0.130807	0.127519	0.139742	0.144053	0.144173	0.136557	0.142665	0.149008	0.13454	0.140569	0.145133	0.142714	0.142671	0.130535	0.128443	0.136703	0.136616	0.137729	0.129672	0.13176	0.121459	0.127646	0.141683	0.135557	0.127332	0.149829	0.143468	0.141505	0.143526	0.141432	0.145429	0.151555	0.15152	0.147502	0.151672	0.151638	0.14343	0.155284	0.147449	0.145391	0.145378	0.151555	0.137357	0.149966	0.139509	0.137418	0.131362	0.13136	0.155977	0.119201	0.137547	0.135547	0.129407	0.13265	0.134648	0.131795	0.129787	0.11523	0.125423	0.146404	0.152892	0.121388	0.133713	0.156494	0.141717	0.145757	0.141606	0.125346	0.127425	0.152747	0.12947	0.127493	0.139937	0.127384	0.12736	0.129443	0.12934	0.135388	0.125415	0.127421	0.135542	0.121215	0.125288	0.119372	0.119298	0.123438	0.163506	0.125314	0.137968	0.123354	0.134304	0.139954	0.137768	0.129535	0.129587	0.113196	0.129806	0.142848	0.117287	0.117514	0.119373	0.125432	0.113185	0.123451	0.119336	0.123389	0.11929	0.111191	0.10911	0.109111	0.109111	0.123649	0.119631	0.121718	0.119408	0.119427	0.127708	0.121417	0.127624	0.113527	0.113385	0.117724	0.133707	0.121674	0.113483	0.131494	0.112357	0.105753	0.117757	0.124118	0.124002	0.12792	0.114682	0.102128	0.0918796	0.0675211	0.0871179	0.0935327
Chionis_minor	0.0687194	0.0758394	0.0778781	0.105674	0.0715726	0.0695689	0.11434	0.126993	0.119241	0.135524	0.134678	0.112603	0.113601	0.127355	0.0767483	0.0732793	0.103936	0.0976321	0.0996765	0.0934749	0.0954912	0.0934659	0.0914663	0.0914663	0.0755151	0.0861328	0.032721	0	0.0182118	0.0715276	0.0674952	0.0653997	0.0592609	0.0651832	0.0672286	0.0651785	0.0921096	0.0920273	0.0926348	0.0856062	0.0879167	0.15939	0.0590299	0.0610525	0.0818092	0.0692	0.0691749	0.06914	0.0671071	0.0691101	0.0569918	0.0590044	0.0569892	0.0549737	0.0612163	0.0738671	0.0995026	0.0904229	0.0930147	0.0868864	0.0843529	0.0921632	0.130463	0.0957263	0.102448	0.114973	0.0907	0.109319	0.108888	0.112313	0.121623	0.109127	0.115152	0.100686	0.115907	0.104183	0.0946197	0.0986929	0.0862097	0.0692347	0.0692207	0.0816132	0.0899737	0.0916578	0.108293	0.087553	0.0813977	0.0894384	0.0954532	0.0956073	0.0773569	0.0755487	0.0834695	0.0795516	0.0836654	0.0856844	0.155262	0.14616	0.140758	0.115306	0.104424	0.0962784	0.106053	0.103275	0.103501	0.0755189	0.0948576	0.0817604	0.0837595	0.120682	0.118853	0.0946089	0.0822028	0.16734	0.170278	0.107073	0.127115	0.105031	0.133875	0.104839	0.132108	0.100338	0.112157	0.121243	0.114351	0.133253	0.13557	0.149627	0.143022	0.13984	0.150007	0.135736	0.0590735	0.0714684	0.0819727	0.0691252	0.0651027	0.0651027	0.0711444	0.0691181	0.077688	0.0733653	0.0713629	0.113875	0.115155	0.10201	0.119981	0.137957	0.140858	0.14254	0.126399	0.116155	0.112156	0.131031	0.132828	0.124553	0.0977298	0.116103	0.11212	0.109961	0.101834	0.113997	0.122241	0.122218	0.126532	0.134775	0.116046	0.129536	0.143201	0.145277	0.132447	0.162185	0.151713	0.152241	0.144874	0.138692	0.153498	0.128048	0.138397	0.140423	0.144767	0.129989	0.144268	0.142399	0.150519	0.138076	0.164903	0.144032	0.151562	0.148274	0.160497	0.164808	0.164927	0.157312	0.163419	0.169762	0.155294	0.161323	0.165888	0.163469	0.163425	0.15129	0.149198	0.157457	0.15737	0.158484	0.150426	0.152514	0.142213	0.1484	0.162438	0.156312	0.148086	0.170583	0.164222	0.16226	0.164281	0.162187	0.166183	0.172309	0.172275	0.168256	0.172427	0.172392	0.164185	0.176038	0.168203	0.166145	0.166132	0.172309	0.158111	0.17072	0.160263	0.158173	0.152116	0.152114	0.176731	0.139955	0.158302	0.156301	0.150161	0.153404	0.155402	0.15255	0.150542	0.135985	0.146177	0.167158	0.173647	0.142143	0.154467	0.177248	0.162471	0.166511	0.162361	0.1461	0.14818	0.173502	0.150225	0.148247	0.160691	0.148139	0.148115	0.150198	0.150095	0.156143	0.14617	0.148176	0.156296	0.141969	0.146042	0.140126	0.140052	0.144193	0.18426	0.146068	0.158722	0.144109	0.155058	0.160708	0.158522	0.15029	0.150341	0.13395	0.15056	0.163603	0.138041	0.138269	0.140128	0.146187	0.13394	0.144206	0.14009	0.144144	0.140045	0.131946	0.129865	0.129866	0.129866	0.144404	0.140386	0.142473	0.140163	0.140181	0.148463	0.142172	0.148378	0.134282	0.134139	0.138479	0.154461	0.142428	0.134238	0.152248	0.133111	0.126507	0.138512	0.144872	0.144757	0.148675	0.135436	0.122882	0.112634	0.0882756	0.107872	0.114287
Pluvianellus_socialis	0.0749143	0.0820343	0.084073	0.111869	0.0777676	0.0757638	0.120535	0.133188	0.125436	0.141719	0.140873	0.118798	0.119796	0.13355	0.0829432	0.0794742	0.110131	0.103827	0.105871	0.0996699	0.101686	0.0996608	0.0976612	0.0976612	0.08171	0.0923277	0.0389159	0.0182118	0	0.0777225	0.0736901	0.0715946	0.0654558	0.0713781	0.0734236	0.0713734	0.0983045	0.0982223	0.0988297	0.0918011	0.0941116	0.165584	0.0652248	0.0672474	0.0880041	0.0753949	0.0753698	0.0753349	0.073302	0.075305	0.0631868	0.0651993	0.0631841	0.0611686	0.0674112	0.080062	0.105698	0.0966178	0.0992097	0.0930813	0.0905478	0.0983581	0.136658	0.101921	0.108643	0.121168	0.0968949	0.115514	0.115083	0.118508	0.127818	0.115322	0.121347	0.106881	0.122101	0.110378	0.100815	0.104888	0.0924046	0.0754296	0.0754156	0.0878081	0.0961687	0.0978528	0.114488	0.093748	0.0875927	0.0956333	0.101648	0.101802	0.0835518	0.0817436	0.0896644	0.0857465	0.0898604	0.0918793	0.161457	0.152355	0.146953	0.121501	0.110619	0.102473	0.112248	0.10947	0.109696	0.0817138	0.101053	0.0879553	0.0899544	0.126877	0.125048	0.100804	0.0883977	0.173535	0.176473	0.113268	0.13331	0.111226	0.14007	0.111034	0.138303	0.106533	0.118352	0.127438	0.120546	0.139448	0.141765	0.155822	0.149217	0.146035	0.156202	0.141931	0.0652685	0.0776633	0.0881676	0.0753201	0.0712976	0.0712976	0.0773393	0.075313	0.0838829	0.0795602	0.0775579	0.12007	0.12135	0.108204	0.126175	0.144152	0.147053	0.148735	0.132594	0.12235	0.118351	0.137226	0.139022	0.130747	0.103925	0.122298	0.118315	0.116156	0.108029	0.120192	0.128436	0.128413	0.132726	0.14097	0.122241	0.135731	0.149396	0.151472	0.138642	0.16838	0.157908	0.158436	0.151069	0.144886	0.159693	0.134243	0.144592	0.146618	0.150962	0.136184	0.150463	0.148594	0.156714	0.144271	0.171097	0.150227	0.157757	0.154469	0.166692	0.171003	0.171122	0.163506	0.169614	0.175957	0.161489	0.167518	0.172083	0.169664	0.16962	0.157485	0.155392	0.163652	0.163565	0.164679	0.156621	0.158709	0.148408	0.154595	0.168633	0.162507	0.154281	0.176778	0.170417	0.168455	0.170476	0.168382	0.172378	0.178504	0.17847	0.174451	0.178622	0.178587	0.17038	0.182233	0.174398	0.17234	0.172327	0.178504	0.164306	0.176915	0.166458	0.164367	0.158311	0.158309	0.182926	0.14615	0.164497	0.162496	0.156356	0.159599	0.161597	0.158744	0.156737	0.14218	0.152372	0.173353	0.179842	0.148338	0.160662	0.183443	0.168666	0.172706	0.168556	0.152295	0.154375	0.179697	0.156419	0.154442	0.166886	0.154334	0.15431	0.156393	0.15629	0.162338	0.152365	0.15437	0.162491	0.148164	0.152237	0.146321	0.146247	0.150388	0.190455	0.152263	0.164917	0.150304	0.161253	0.166903	0.164717	0.156485	0.156536	0.140145	0.156755	0.169798	0.144236	0.144464	0.146323	0.152382	0.140135	0.150401	0.146285	0.150339	0.14624	0.13814	0.13606	0.136061	0.136061	0.150599	0.146581	0.148668	0.146357	0.146376	0.154658	0.148367	0.154573	0.140477	0.140334	0.144674	0.160656	0.148623	0.140433	0.158443	0.139306	0.132702	0.144707	0.151067	0.150952	0.15487	0.141631	0.129077	0.118829	0.0944705	0.114067	0.120482
Charadrius_alexandrinus	0.0703238	0.0774438	0.0794825	0.107278	0.073177	0.0711733	0.115945	0.128597	0.120846	0.137129	0.136283	0.114207	0.115206	0.12896	0.0783527	0.0748837	0.10554	0.0992365	0.101281	0.0950793	0.0970956	0.0950703	0.0930707	0.0930707	0.0771195	0.0877372	0.0507732	0.0715276	0.0777225	0	0.0412867	0.0426513	0.0365125	0.0667876	0.068833	0.0667829	0.093714	0.0936317	0.0942392	0.0872106	0.0895211	0.160994	0.0606343	0.0626569	0.0834136	0.0708044	0.0707793	0.0707444	0.0687115	0.0707145	0.0585962	0.0606088	0.0585936	0.0565781	0.0628207	0.0754715	0.101107	0.0920273	0.0946191	0.0884908	0.0859573	0.0937676	0.132067	0.0973307	0.104053	0.116577	0.0923044	0.110923	0.110493	0.113917	0.123227	0.110731	0.116757	0.102291	0.117511	0.105788	0.0962241	0.100297	0.0878141	0.0708391	0.0708251	0.0832176	0.0915781	0.0932622	0.109898	0.0891574	0.0830021	0.0910428	0.0970576	0.0972117	0.0789613	0.0771531	0.0850739	0.081156	0.0852698	0.0872888	0.156867	0.147764	0.142363	0.116911	0.106028	0.0978828	0.107657	0.10488	0.105105	0.0771233	0.096462	0.0833648	0.0853639	0.122286	0.120457	0.0962133	0.0838072	0.168944	0.171882	0.108677	0.12872	0.106635	0.13548	0.106444	0.133712	0.101943	0.113762	0.122847	0.115956	0.134857	0.137175	0.151231	0.144626	0.141444	0.151611	0.137341	0.0606779	0.0730728	0.0835771	0.0707296	0.0667071	0.0667071	0.0727488	0.0707225	0.0792924	0.0749697	0.0729673	0.115479	0.116759	0.103614	0.121585	0.139561	0.142463	0.144144	0.128003	0.11776	0.11376	0.132635	0.134432	0.126157	0.0993342	0.117707	0.113725	0.111565	0.103438	0.115601	0.123845	0.123823	0.128136	0.13638	0.11765	0.13114	0.144805	0.146882	0.134052	0.16379	0.153317	0.153845	0.146478	0.140296	0.155103	0.129652	0.140002	0.142028	0.146371	0.131593	0.145872	0.144004	0.152123	0.139681	0.166507	0.145637	0.153166	0.149878	0.162101	0.166412	0.166531	0.158916	0.165024	0.171367	0.156898	0.162927	0.167492	0.165073	0.16503	0.152894	0.150802	0.159062	0.158975	0.160088	0.15203	0.154118	0.143818	0.150005	0.164042	0.157916	0.14969	0.172188	0.165827	0.163864	0.165885	0.163791	0.167788	0.173914	0.173879	0.16986	0.174031	0.173997	0.165789	0.177643	0.169807	0.167749	0.167737	0.173914	0.159715	0.172324	0.161868	0.159777	0.15372	0.153719	0.178336	0.14156	0.159906	0.157905	0.151766	0.155009	0.157007	0.154154	0.152146	0.137589	0.147782	0.168763	0.175251	0.143747	0.156071	0.178853	0.164076	0.168116	0.163965	0.147704	0.149784	0.175106	0.151829	0.149851	0.162295	0.149743	0.149719	0.151802	0.151699	0.157747	0.147774	0.14978	0.1579	0.143574	0.147646	0.14173	0.141657	0.145797	0.185865	0.147672	0.160326	0.145713	0.156662	0.162313	0.160126	0.151894	0.151946	0.135555	0.152164	0.165207	0.139646	0.139873	0.141732	0.147791	0.135544	0.14581	0.141695	0.145748	0.141649	0.13355	0.131469	0.13147	0.13147	0.146008	0.14199	0.144077	0.141767	0.141786	0.150067	0.143776	0.149982	0.135886	0.135744	0.140083	0.156065	0.144033	0.135842	0.153853	0.134716	0.128112	0.140116	0.146477	0.146361	0.150279	0.137041	0.124486	0.114238	0.08988	0.109477	0.115892
Charadrius_vociferus	0.0662913	0.0734114	0.0754501	0.103246	0.0691446	0.0671409	0.111912	0.124565	0.116813	0.133096	0.13225	0.110175	0.111173	0.124927	0.0743203	0.0708513	0.101508	0.0952041	0.0972485	0.0910469	0.0930632	0.0910379	0.0890383	0.0890383	0.073087	0.0837047	0.0467407	0.0674952	0.0736901	0.0412867	0	0.0386189	0.0324801	0.0627551	0.0648006	0.0627505	0.0896816	0.0895993	0.0902068	0.0831782	0.0854887	0.156962	0.0566019	0.0586245	0.0793811	0.0667719	0.0667468	0.0667119	0.064679	0.066682	0.0545638	0.0565764	0.0545611	0.0525456	0.0587882	0.071439	0.0970746	0.0879949	0.0905867	0.0844583	0.0819248	0.0897352	0.128035	0.0932983	0.10002	0.112545	0.088272	0.106891	0.10646	0.109885	0.119195	0.106699	0.112724	0.0982585	0.113479	0.101755	0.0921916	0.0962649	0.0837816	0.0668066	0.0667926	0.0791851	0.0875457	0.0892298	0.105865	0.085125	0.0789697	0.0870104	0.0930252	0.0931792	0.0749289	0.0731206	0.0810415	0.0771236	0.0812374	0.0832564	0.152834	0.143732	0.13833	0.112878	0.101996	0.0938503	0.103625	0.100847	0.101073	0.0730909	0.0924296	0.0793324	0.0813315	0.118254	0.116425	0.0921809	0.0797748	0.164912	0.16785	0.104645	0.124687	0.102603	0.131447	0.102411	0.12968	0.0979103	0.109729	0.118815	0.111923	0.130825	0.133142	0.147199	0.140594	0.137412	0.147579	0.133308	0.0566455	0.0690404	0.0795447	0.0666971	0.0626746	0.0626746	0.0687163	0.0666901	0.07526	0.0709373	0.0689349	0.111447	0.112727	0.0995815	0.117552	0.135529	0.13843	0.140112	0.123971	0.113727	0.109728	0.128603	0.1304	0.122125	0.0953018	0.113675	0.109692	0.107533	0.0994058	0.111569	0.119813	0.11979	0.124104	0.132347	0.113618	0.127108	0.140773	0.142849	0.130019	0.159757	0.149285	0.149813	0.142446	0.136264	0.15107	0.12562	0.135969	0.137995	0.142339	0.127561	0.14184	0.139971	0.148091	0.135648	0.162475	0.141604	0.149134	0.145846	0.158069	0.16238	0.162499	0.154884	0.160991	0.167334	0.152866	0.158895	0.16346	0.161041	0.160997	0.148862	0.146769	0.155029	0.154942	0.156056	0.147998	0.150086	0.139785	0.145972	0.16001	0.153884	0.145658	0.168155	0.161794	0.159832	0.161853	0.159759	0.163755	0.169881	0.169847	0.165828	0.169999	0.169964	0.161757	0.17361	0.165775	0.163717	0.163704	0.169881	0.155683	0.168292	0.157835	0.155745	0.149688	0.149686	0.174303	0.137527	0.155874	0.153873	0.147733	0.150976	0.152974	0.150121	0.148114	0.133557	0.143749	0.16473	0.171219	0.139715	0.152039	0.17482	0.160043	0.164083	0.159933	0.143672	0.145752	0.171074	0.147796	0.145819	0.158263	0.145711	0.145687	0.14777	0.147667	0.153715	0.143742	0.145748	0.153868	0.139541	0.143614	0.137698	0.137624	0.141765	0.181832	0.14364	0.156294	0.141681	0.15263	0.15828	0.156094	0.147862	0.147913	0.131522	0.148132	0.161175	0.135613	0.135841	0.1377	0.143759	0.131512	0.141778	0.137662	0.141716	0.137617	0.129518	0.127437	0.127438	0.127438	0.141976	0.137958	0.140045	0.137734	0.137753	0.146035	0.139744	0.14595	0.131854	0.131711	0.136051	0.152033	0.14	0.13181	0.14982	0.130683	0.124079	0.136084	0.142444	0.142329	0.146247	0.133008	0.120454	0.110206	0.0858475	0.105444	0.111859
Himantopus_himantopus	0.0641958	0.0713158	0.0733546	0.10115	0.0670491	0.0650454	0.109817	0.122469	0.114718	0.131001	0.130155	0.108079	0.109078	0.122832	0.0722248	0.0687558	0.0994122	0.0931086	0.0951529	0.0889514	0.0909677	0.0889424	0.0869428	0.0869428	0.0709915	0.0816092	0.0446452	0.0653997	0.0715946	0.0426513	0.0386189	0	0.0222333	0.0606596	0.0627051	0.060655	0.0875861	0.0875038	0.0881113	0.0810827	0.0833932	0.154866	0.0545064	0.056529	0.0772856	0.0646764	0.0646513	0.0646164	0.0625835	0.0645865	0.0524683	0.0544809	0.0524656	0.0504501	0.0566927	0.0693435	0.0949791	0.0858994	0.0884912	0.0823628	0.0798293	0.0876396	0.125939	0.0912028	0.0979249	0.110449	0.0861765	0.104795	0.104365	0.107789	0.117099	0.104603	0.110629	0.096163	0.111383	0.0996596	0.0900961	0.0941694	0.0816861	0.0647111	0.0646971	0.0770896	0.0854502	0.0871343	0.10377	0.0830295	0.0768742	0.0849149	0.0909297	0.0910837	0.0728334	0.0710251	0.078946	0.0750281	0.0791419	0.0811609	0.150739	0.141637	0.136235	0.110783	0.0999005	0.0917548	0.101529	0.0987519	0.0989772	0.0709953	0.0903341	0.0772369	0.079236	0.116158	0.114329	0.0900854	0.0776793	0.162816	0.165754	0.102549	0.122592	0.100507	0.129352	0.100316	0.127584	0.0958148	0.107634	0.116719	0.109828	0.128729	0.131047	0.145103	0.138498	0.135316	0.145483	0.131213	0.05455	0.0669449	0.0774492	0.0646016	0.0605791	0.0605791	0.0666208	0.0645946	0.0731645	0.0688417	0.0668394	0.109351	0.110631	0.097486	0.115457	0.133434	0.136335	0.138016	0.121875	0.111632	0.107632	0.126507	0.128304	0.120029	0.0932063	0.111579	0.107597	0.105437	0.0973103	0.109473	0.117717	0.117695	0.122008	0.130252	0.111522	0.125012	0.138677	0.140754	0.127924	0.157662	0.147189	0.147717	0.14035	0.134168	0.148975	0.123524	0.133874	0.1359	0.140243	0.125466	0.139744	0.137876	0.145995	0.133553	0.160379	0.139509	0.147038	0.14375	0.155973	0.160284	0.160404	0.152788	0.158896	0.165239	0.150771	0.1568	0.161364	0.158945	0.158902	0.146766	0.144674	0.152934	0.152847	0.15396	0.145903	0.14799	0.13769	0.143877	0.157914	0.151788	0.143562	0.16606	0.159699	0.157736	0.159757	0.157663	0.16166	0.167786	0.167751	0.163732	0.167903	0.167869	0.159661	0.171515	0.16368	0.161621	0.161609	0.167786	0.153588	0.166197	0.15574	0.153649	0.147592	0.147591	0.172208	0.135432	0.153778	0.151778	0.145638	0.148881	0.150879	0.148026	0.146018	0.131461	0.141654	0.162635	0.169123	0.137619	0.149943	0.172725	0.157948	0.161988	0.157837	0.141577	0.143656	0.168978	0.145701	0.143724	0.156168	0.143615	0.143591	0.145674	0.145571	0.151619	0.141646	0.143652	0.151772	0.137446	0.141519	0.135603	0.135529	0.139669	0.179737	0.141544	0.154198	0.139585	0.150534	0.156185	0.153998	0.145766	0.145818	0.129427	0.146037	0.159079	0.133518	0.133745	0.135604	0.141663	0.129416	0.139682	0.135567	0.13962	0.135521	0.127422	0.125341	0.125342	0.125342	0.13988	0.135862	0.137949	0.135639	0.135658	0.143939	0.137648	0.143855	0.129758	0.129616	0.133955	0.149937	0.137905	0.129714	0.147725	0.128588	0.121984	0.133988	0.140349	0.140233	0.144151	0.130913	0.118359	0.108111	0.083752	0.103349	0.109764
Ibidorhyncha_struthersii	0.058057	0.065177	0.0672158	0.0950114	0.0609103	0.0589066	0.103678	0.11633	0.108579	0.124862	0.124016	0.10194	0.102939	0.116693	0.066086	0.0626169	0.0932733	0.0869698	0.0890141	0.0828126	0.0848289	0.0828036	0.080804	0.080804	0.0648527	0.0754704	0.0385064	0.0592609	0.0654558	0.0365125	0.0324801	0.0222333	0	0.0545208	0.0565663	0.0545161	0.0814473	0.081365	0.0819725	0.0749438	0.0772544	0.148727	0.0483676	0.0503902	0.0711468	0.0585376	0.0585125	0.0584776	0.0564447	0.0584477	0.0463295	0.0483421	0.0463268	0.0443113	0.0505539	0.0632047	0.0888403	0.0797605	0.0823524	0.076224	0.0736905	0.0815008	0.119801	0.085064	0.0917861	0.104311	0.0800377	0.0986563	0.0982258	0.101651	0.110961	0.0984644	0.10449	0.0900241	0.105244	0.0935208	0.0839573	0.0880305	0.0755473	0.0585723	0.0585583	0.0709508	0.0793114	0.0809955	0.0976311	0.0768907	0.0707354	0.0787761	0.0847909	0.0849449	0.0666945	0.0648863	0.0728072	0.0688892	0.0730031	0.0750221	0.1446	0.135498	0.130096	0.104644	0.0937617	0.085616	0.0953903	0.0926131	0.0928384	0.0648565	0.0841953	0.0710981	0.0730972	0.110019	0.108191	0.0839466	0.0715405	0.156677	0.159615	0.0964106	0.116453	0.0943683	0.123213	0.0941768	0.121446	0.089676	0.101495	0.11058	0.103689	0.12259	0.124908	0.138964	0.13236	0.129177	0.139344	0.125074	0.0484112	0.0608061	0.0713104	0.0584628	0.0544403	0.0544403	0.060482	0.0584557	0.0670256	0.0627029	0.0607006	0.103212	0.104493	0.0913472	0.109318	0.127295	0.130196	0.131878	0.115736	0.105493	0.101494	0.120368	0.122165	0.11389	0.0870675	0.10544	0.101458	0.0992984	0.0911714	0.103335	0.111578	0.111556	0.115869	0.124113	0.105383	0.118873	0.132539	0.134615	0.121785	0.151523	0.14105	0.141579	0.134211	0.128029	0.142836	0.117386	0.127735	0.129761	0.134104	0.119327	0.133605	0.131737	0.139857	0.127414	0.15424	0.13337	0.140899	0.137612	0.149834	0.154145	0.154265	0.146649	0.152757	0.1591	0.144632	0.150661	0.155225	0.152806	0.152763	0.140627	0.138535	0.146795	0.146708	0.147821	0.139764	0.141852	0.131551	0.137738	0.151775	0.145649	0.137424	0.159921	0.15356	0.151598	0.153618	0.151524	0.155521	0.161647	0.161612	0.157594	0.161765	0.16173	0.153522	0.165376	0.157541	0.155483	0.15547	0.161647	0.147449	0.160058	0.149601	0.14751	0.141454	0.141452	0.166069	0.129293	0.147639	0.145639	0.139499	0.142742	0.14474	0.141887	0.13988	0.125322	0.135515	0.156496	0.162984	0.13148	0.143805	0.166586	0.151809	0.155849	0.151698	0.135438	0.137517	0.162839	0.139562	0.137585	0.150029	0.137476	0.137452	0.139535	0.139433	0.14548	0.135507	0.137513	0.145634	0.131307	0.13538	0.129464	0.12939	0.133531	0.173598	0.135406	0.14806	0.133446	0.144396	0.150046	0.14786	0.139627	0.139679	0.123288	0.139898	0.15294	0.127379	0.127607	0.129465	0.135525	0.123278	0.133544	0.129428	0.133482	0.129382	0.121283	0.119202	0.119203	0.119203	0.133741	0.129723	0.13181	0.1295	0.129519	0.1378	0.13151	0.137716	0.12362	0.123477	0.127816	0.143799	0.131766	0.123575	0.141586	0.122449	0.115845	0.127849	0.13421	0.134094	0.138012	0.124774	0.11222	0.101972	0.0776132	0.09721	0.103625
Limosa_lapponica	0.0600866	0.0672066	0.0692453	0.097041	0.0629398	0.0609361	0.105707	0.11836	0.110608	0.126892	0.126046	0.10397	0.104968	0.118723	0.0681155	0.0646465	0.0953029	0.0889993	0.0910437	0.0848421	0.0868584	0.0848331	0.0828335	0.0828335	0.0668823	0.0775	0.0444287	0.0651832	0.0713781	0.0667876	0.0627551	0.0606596	0.0545208	0	0.0263385	0.0242884	0.0552078	0.0551255	0.055733	0.0487044	0.0510149	0.142699	0.0423453	0.0443679	0.0651246	0.0525154	0.0524903	0.0524554	0.0504225	0.0524255	0.0403073	0.0423198	0.0403046	0.0382891	0.0445317	0.0652343	0.0908698	0.0817901	0.0843819	0.0782536	0.0757201	0.0835304	0.12183	0.0870935	0.0938157	0.10634	0.0820672	0.100686	0.100255	0.10368	0.11299	0.100494	0.106519	0.0920537	0.107274	0.0955504	0.0859869	0.0900601	0.0775769	0.0606019	0.0605879	0.0729804	0.0813409	0.083025	0.0996606	0.0789202	0.0727649	0.0808056	0.0868204	0.0869745	0.0687241	0.0669159	0.0748367	0.0709188	0.0750326	0.0770516	0.14663	0.137527	0.132125	0.106674	0.0957913	0.0876456	0.0974198	0.0946427	0.0948679	0.0668861	0.0862248	0.0731276	0.0751267	0.112049	0.11022	0.0859761	0.07357	0.158707	0.161645	0.0984401	0.118482	0.0963979	0.125242	0.0962064	0.123475	0.0917056	0.103524	0.11261	0.105719	0.12462	0.126937	0.140994	0.134389	0.131207	0.141374	0.127103	0.0504407	0.0628356	0.0733399	0.0604924	0.0564699	0.0564699	0.0625116	0.0604853	0.0690552	0.0647325	0.0627301	0.105242	0.106522	0.0933767	0.111348	0.129324	0.132225	0.133907	0.117766	0.107523	0.103523	0.122398	0.124195	0.11592	0.089097	0.10747	0.103487	0.101328	0.093201	0.105364	0.113608	0.113586	0.117899	0.126143	0.107413	0.120903	0.134568	0.136645	0.123814	0.153553	0.14308	0.143608	0.136241	0.130059	0.144865	0.119415	0.129764	0.131791	0.136134	0.121356	0.135635	0.133767	0.141886	0.129444	0.15627	0.1354	0.142929	0.139641	0.151864	0.156175	0.156294	0.148679	0.154786	0.161129	0.146661	0.15269	0.157255	0.154836	0.154793	0.142657	0.140565	0.148824	0.148737	0.149851	0.141793	0.143881	0.13358	0.139767	0.153805	0.147679	0.139453	0.16195	0.15559	0.153627	0.155648	0.153554	0.15755	0.163677	0.163642	0.159623	0.163794	0.16376	0.155552	0.167406	0.15957	0.157512	0.1575	0.163677	0.149478	0.162087	0.15163	0.14954	0.143483	0.143482	0.168098	0.131323	0.149669	0.147668	0.141529	0.144771	0.14677	0.143917	0.141909	0.127352	0.137545	0.158525	0.165014	0.13351	0.145834	0.168616	0.153838	0.157879	0.153728	0.137467	0.139547	0.164869	0.141592	0.139614	0.152058	0.139506	0.139482	0.141565	0.141462	0.14751	0.137537	0.139543	0.147663	0.133336	0.137409	0.131493	0.131419	0.13556	0.175628	0.137435	0.150089	0.135476	0.146425	0.152075	0.149889	0.141657	0.141708	0.125317	0.141927	0.15497	0.129408	0.129636	0.131495	0.137554	0.125307	0.135573	0.131457	0.135511	0.131412	0.123313	0.121232	0.121233	0.121233	0.135771	0.131753	0.13384	0.13153	0.131548	0.13983	0.133539	0.139745	0.125649	0.125506	0.129846	0.145828	0.133796	0.125605	0.143615	0.124478	0.117874	0.129879	0.136239	0.136124	0.140042	0.126804	0.114249	0.104001	0.0796428	0.0992395	0.105654
Arenaria_interpres	0.062132	0.0692521	0.0712908	0.0990864	0.0649853	0.0629816	0.107753	0.120405	0.112654	0.128937	0.128091	0.106015	0.107014	0.120768	0.070161	0.066692	0.0973484	0.0910448	0.0930892	0.0868876	0.0889039	0.0868786	0.084879	0.084879	0.0689278	0.0795454	0.0464742	0.0672286	0.0734236	0.068833	0.0648006	0.0627051	0.0565663	0.0263385	0	0.0222346	0.0572533	0.057171	0.0577785	0.0507499	0.0530604	0.144745	0.0443908	0.0464134	0.0671701	0.0545609	0.0545358	0.0545009	0.052468	0.054471	0.0423527	0.0443653	0.0423501	0.0403346	0.0465772	0.0672797	0.0929153	0.0838356	0.0864274	0.080299	0.0777655	0.0855759	0.123876	0.089139	0.0958612	0.108386	0.0841127	0.102731	0.102301	0.105726	0.115036	0.102539	0.108565	0.0940992	0.109319	0.0975959	0.0880324	0.0921056	0.0796224	0.0626473	0.0626334	0.0750258	0.0833864	0.0850705	0.101706	0.0809657	0.0748104	0.0828511	0.0888659	0.0890199	0.0707696	0.0689613	0.0768822	0.0729643	0.0770781	0.0790971	0.148675	0.139573	0.134171	0.108719	0.0978368	0.089691	0.0994653	0.0966881	0.0969134	0.0689316	0.0882703	0.0751731	0.0771722	0.114094	0.112266	0.0880216	0.0756155	0.160753	0.16369	0.100486	0.120528	0.0984433	0.127288	0.0982518	0.125521	0.093751	0.10557	0.114655	0.107764	0.126665	0.128983	0.14304	0.136435	0.133252	0.143419	0.129149	0.0524862	0.0648811	0.0753854	0.0625378	0.0585154	0.0585154	0.064557	0.0625308	0.0711007	0.066778	0.0647756	0.107287	0.108568	0.0954222	0.113393	0.13137	0.134271	0.135953	0.119811	0.109568	0.105569	0.124443	0.12624	0.117965	0.0911425	0.109515	0.105533	0.103373	0.0952465	0.10741	0.115654	0.115631	0.119944	0.128188	0.109458	0.122948	0.136614	0.13869	0.12586	0.155598	0.145125	0.145654	0.138286	0.132104	0.146911	0.121461	0.13181	0.133836	0.138179	0.123402	0.13768	0.135812	0.143932	0.131489	0.158315	0.137445	0.144974	0.141687	0.153909	0.15822	0.15834	0.150724	0.156832	0.163175	0.148707	0.154736	0.1593	0.156881	0.156838	0.144702	0.14261	0.15087	0.150783	0.151896	0.143839	0.145927	0.135626	0.141813	0.15585	0.149724	0.141499	0.163996	0.157635	0.155673	0.157693	0.155599	0.159596	0.165722	0.165687	0.161669	0.16584	0.165805	0.157597	0.169451	0.161616	0.159558	0.159545	0.165722	0.151524	0.164133	0.153676	0.151585	0.145529	0.145527	0.170144	0.133368	0.151714	0.149714	0.143574	0.146817	0.148815	0.145962	0.143955	0.129397	0.13959	0.160571	0.167059	0.135556	0.14788	0.170661	0.155884	0.159924	0.155773	0.139513	0.141592	0.166914	0.143637	0.14166	0.154104	0.141552	0.141527	0.143611	0.143508	0.149555	0.139582	0.141588	0.149709	0.135382	0.139455	0.133539	0.133465	0.137606	0.177673	0.139481	0.152135	0.137521	0.148471	0.154121	0.151935	0.143703	0.143754	0.127363	0.143973	0.157015	0.131454	0.131682	0.13354	0.1396	0.127353	0.137619	0.133503	0.137557	0.133457	0.125358	0.123277	0.123278	0.123278	0.137816	0.133798	0.135885	0.133575	0.133594	0.141876	0.135585	0.141791	0.127695	0.127552	0.131891	0.147874	0.135841	0.12765	0.145661	0.126524	0.11992	0.131924	0.138285	0.138169	0.142087	0.128849	0.116295	0.106047	0.0816882	0.101285	0.1077
Calidris_pugnax	0.0600819	0.0672019	0.0692406	0.0970363	0.0629352	0.0609314	0.105703	0.118355	0.110604	0.126887	0.126041	0.103965	0.104964	0.118718	0.0681108	0.0646418	0.0952982	0.0889946	0.091039	0.0848375	0.0868537	0.0848285	0.0828288	0.0828288	0.0668776	0.0774953	0.044424	0.0651785	0.0713734	0.0667829	0.0627505	0.060655	0.0545161	0.0242884	0.0222346	0	0.0552032	0.0551209	0.0557283	0.0486997	0.0510102	0.142694	0.0423407	0.0443633	0.0651199	0.0525107	0.0524856	0.0524507	0.0504178	0.0524208	0.0403026	0.0423152	0.0402999	0.0382844	0.044527	0.0652296	0.0908652	0.0817854	0.0843773	0.0782489	0.0757154	0.0835257	0.121826	0.0870889	0.093811	0.106335	0.0820626	0.100681	0.100251	0.103675	0.112985	0.100489	0.106515	0.092049	0.107269	0.0955457	0.0859822	0.0900554	0.0775722	0.0605972	0.0605832	0.0729757	0.0813363	0.0830204	0.099656	0.0789156	0.0727603	0.080801	0.0868158	0.0869698	0.0687194	0.0669112	0.0748321	0.0709141	0.075028	0.0770469	0.146625	0.137523	0.132121	0.106669	0.0957866	0.0876409	0.0974152	0.094638	0.0948632	0.0668814	0.0862202	0.0731229	0.0751221	0.112044	0.110215	0.0859715	0.0735654	0.158702	0.16164	0.0984355	0.118478	0.0963932	0.125238	0.0962017	0.12347	0.0917009	0.10352	0.112605	0.105714	0.124615	0.126933	0.140989	0.134384	0.131202	0.141369	0.127099	0.0504361	0.062831	0.0733352	0.0604877	0.0564652	0.0564652	0.0625069	0.0604806	0.0690505	0.0647278	0.0627255	0.105237	0.106518	0.0933721	0.111343	0.12932	0.132221	0.133902	0.117761	0.107518	0.103518	0.122393	0.12419	0.115915	0.0890923	0.107465	0.103483	0.101323	0.0931963	0.105359	0.113603	0.113581	0.117894	0.126138	0.107408	0.120898	0.134564	0.13664	0.12381	0.153548	0.143075	0.143604	0.136236	0.130054	0.144861	0.11941	0.12976	0.131786	0.136129	0.121352	0.13563	0.133762	0.141881	0.129439	0.156265	0.135395	0.142924	0.139636	0.151859	0.15617	0.15629	0.148674	0.154782	0.161125	0.146657	0.152686	0.15725	0.154831	0.154788	0.142652	0.14056	0.14882	0.148733	0.149846	0.141789	0.143877	0.133576	0.139763	0.1538	0.147674	0.139448	0.161946	0.155585	0.153622	0.155643	0.153549	0.157546	0.163672	0.163637	0.159619	0.163789	0.163755	0.155547	0.167401	0.159566	0.157508	0.157495	0.163672	0.149474	0.162083	0.151626	0.149535	0.143479	0.143477	0.168094	0.131318	0.149664	0.147664	0.141524	0.144767	0.146765	0.143912	0.141904	0.127347	0.13754	0.158521	0.165009	0.133505	0.14583	0.168611	0.153834	0.157874	0.153723	0.137463	0.139542	0.164864	0.141587	0.13961	0.152054	0.139501	0.139477	0.14156	0.141457	0.147505	0.137532	0.139538	0.147659	0.133332	0.137405	0.131489	0.131415	0.135555	0.175623	0.137431	0.150085	0.135471	0.146421	0.152071	0.149885	0.141652	0.141704	0.125313	0.141923	0.154965	0.129404	0.129631	0.13149	0.137549	0.125302	0.135568	0.131453	0.135506	0.131407	0.123308	0.121227	0.121228	0.121228	0.135766	0.131748	0.133835	0.131525	0.131544	0.139825	0.133534	0.139741	0.125644	0.125502	0.129841	0.145824	0.133791	0.1256	0.143611	0.124474	0.11787	0.129874	0.136235	0.136119	0.140037	0.126799	0.114245	0.103997	0.0796381	0.0992349	0.10565
Pedionomus_torquatus	0.087013	0.094133	0.0961718	0.123967	0.0898663	0.0878626	0.132634	0.145286	0.137535	0.153818	0.152972	0.130896	0.131895	0.145649	0.095042	0.091573	0.122229	0.115926	0.11797	0.111769	0.113785	0.11176	0.10976	0.10976	0.0938087	0.104426	0.0713552	0.0921096	0.0983045	0.093714	0.0896816	0.0875861	0.0814473	0.0552078	0.0572533	0.0552032	0	0.0495929	0.0786574	0.0716288	0.0739393	0.169625	0.0692718	0.0712944	0.092051	0.0794418	0.0794168	0.0793818	0.0773489	0.0793519	0.0672337	0.0692463	0.067231	0.0652155	0.0714581	0.0921607	0.117796	0.108717	0.111308	0.10518	0.102647	0.110457	0.148757	0.11402	0.120742	0.133267	0.108994	0.127612	0.127182	0.130607	0.139917	0.12742	0.133446	0.11898	0.1342	0.122477	0.112913	0.116987	0.104503	0.0875283	0.0875143	0.0999068	0.108267	0.109952	0.126587	0.105847	0.0996914	0.107732	0.113747	0.113901	0.0956506	0.0938423	0.101763	0.0978453	0.101959	0.103978	0.173556	0.164454	0.159052	0.1336	0.122718	0.114572	0.124346	0.121569	0.121794	0.0938125	0.113151	0.100054	0.102053	0.138975	0.137147	0.112903	0.100496	0.185634	0.188571	0.125367	0.145409	0.123324	0.152169	0.123133	0.150402	0.118632	0.130451	0.139536	0.132645	0.151546	0.153864	0.16792	0.161316	0.158133	0.1683	0.15403	0.0773672	0.0897621	0.100266	0.0874188	0.0833963	0.0833963	0.089438	0.0874118	0.0959817	0.0916589	0.0896566	0.132168	0.133449	0.120303	0.138274	0.156251	0.159152	0.160834	0.144692	0.134449	0.13045	0.149324	0.151121	0.142846	0.116023	0.134396	0.130414	0.128254	0.120127	0.132291	0.140535	0.140512	0.144825	0.153069	0.134339	0.147829	0.161495	0.163571	0.150741	0.180479	0.170006	0.170535	0.163167	0.156985	0.171792	0.146342	0.156691	0.158717	0.16306	0.148283	0.162561	0.160693	0.168813	0.15637	0.183196	0.162326	0.169855	0.166568	0.17879	0.183101	0.183221	0.175605	0.181713	0.188056	0.173588	0.179617	0.184181	0.181762	0.181719	0.169583	0.167491	0.175751	0.175664	0.176777	0.16872	0.170808	0.160507	0.166694	0.180731	0.174605	0.16638	0.188877	0.182516	0.180554	0.182574	0.18048	0.184477	0.190603	0.190568	0.18655	0.190721	0.190686	0.182478	0.194332	0.186497	0.184439	0.184426	0.190603	0.176405	0.189014	0.178557	0.176466	0.17041	0.170408	0.195025	0.158249	0.176595	0.174595	0.168455	0.171698	0.173696	0.170843	0.168836	0.154278	0.164471	0.185452	0.19194	0.160437	0.172761	0.195542	0.180765	0.184805	0.180654	0.164394	0.166473	0.191795	0.168518	0.166541	0.178985	0.166432	0.166408	0.168491	0.168389	0.174436	0.164463	0.166469	0.17459	0.160263	0.164336	0.15842	0.158346	0.162487	0.202554	0.164362	0.177016	0.162402	0.173352	0.179002	0.176816	0.168583	0.168635	0.152244	0.168854	0.181896	0.156335	0.156563	0.158421	0.164481	0.152234	0.1625	0.158384	0.162438	0.158338	0.150239	0.148158	0.148159	0.148159	0.162697	0.158679	0.160766	0.158456	0.158475	0.166756	0.160466	0.166672	0.152576	0.152433	0.156772	0.172755	0.160722	0.152531	0.170542	0.151405	0.144801	0.156805	0.163166	0.16305	0.166968	0.15373	0.141176	0.130928	0.106569	0.126166	0.132581
Thinocorus_orbignyianus	0.0869307	0.0940508	0.0960895	0.123885	0.089784	0.0877803	0.132552	0.145204	0.137453	0.153736	0.15289	0.130814	0.131813	0.145567	0.0949597	0.0914907	0.122147	0.115843	0.117888	0.111686	0.113703	0.111677	0.109678	0.109678	0.0937265	0.104344	0.0712729	0.0920273	0.0982223	0.0936317	0.0895993	0.0875038	0.081365	0.0551255	0.057171	0.0551209	0.0495929	0	0.0785751	0.0715465	0.073857	0.169543	0.0691895	0.0712121	0.0919688	0.0793596	0.0793345	0.0792996	0.0772667	0.0792697	0.0671514	0.069164	0.0671488	0.0651333	0.0713759	0.0920784	0.117714	0.108634	0.111226	0.105098	0.102564	0.110375	0.148674	0.113938	0.12066	0.133184	0.108911	0.12753	0.1271	0.130524	0.139834	0.127338	0.133364	0.118898	0.134118	0.122395	0.112831	0.116904	0.104421	0.087446	0.0874321	0.0998246	0.108185	0.109869	0.126505	0.105764	0.0996091	0.10765	0.113665	0.113819	0.0955683	0.09376	0.101681	0.097763	0.101877	0.103896	0.173474	0.164371	0.15897	0.133518	0.122635	0.11449	0.124264	0.121487	0.121712	0.0937303	0.113069	0.0999718	0.101971	0.138893	0.137064	0.11282	0.100414	0.185551	0.188489	0.125284	0.145327	0.123242	0.152087	0.123051	0.150319	0.11855	0.130369	0.139454	0.132563	0.151464	0.153782	0.167838	0.161233	0.158051	0.168218	0.153948	0.0772849	0.0896798	0.100184	0.0873365	0.0833141	0.0833141	0.0893557	0.0873295	0.0958994	0.0915767	0.0895743	0.132086	0.133366	0.120221	0.138192	0.156168	0.15907	0.160751	0.14461	0.134367	0.130367	0.149242	0.151039	0.142764	0.115941	0.134314	0.130332	0.128172	0.120045	0.132208	0.140452	0.14043	0.144743	0.152987	0.134257	0.147747	0.161412	0.163489	0.150659	0.180397	0.169924	0.170452	0.163085	0.156903	0.17171	0.146259	0.156609	0.158635	0.162978	0.1482	0.162479	0.160611	0.16873	0.156288	0.183114	0.162244	0.169773	0.166485	0.178708	0.183019	0.183138	0.175523	0.181631	0.187974	0.173505	0.179534	0.184099	0.18168	0.181637	0.169501	0.167409	0.175669	0.175582	0.176695	0.168637	0.170725	0.160425	0.166612	0.180649	0.174523	0.166297	0.188795	0.182434	0.180471	0.182492	0.180398	0.184395	0.190521	0.190486	0.186467	0.190638	0.190604	0.182396	0.19425	0.186414	0.184356	0.184344	0.190521	0.176322	0.188931	0.178475	0.176384	0.170327	0.170326	0.194942	0.158167	0.176513	0.174512	0.168373	0.171616	0.173614	0.170761	0.168753	0.154196	0.164389	0.18537	0.191858	0.160354	0.172678	0.19546	0.180682	0.184723	0.180572	0.164311	0.166391	0.191713	0.168436	0.166458	0.178902	0.16635	0.166326	0.168409	0.168306	0.174354	0.164381	0.166387	0.174507	0.160181	0.164253	0.158337	0.158263	0.162404	0.202472	0.164279	0.176933	0.16232	0.173269	0.17892	0.176733	0.168501	0.168553	0.152162	0.168771	0.181814	0.156252	0.15648	0.158339	0.164398	0.152151	0.162417	0.158302	0.162355	0.158256	0.150157	0.148076	0.148077	0.148077	0.162615	0.158597	0.160684	0.158374	0.158392	0.166674	0.160383	0.166589	0.152493	0.152351	0.15669	0.172672	0.16064	0.152449	0.17046	0.151323	0.144719	0.156723	0.163084	0.162968	0.166886	0.153648	0.141093	0.130845	0.106487	0.126084	0.132499
Jacana_jacana	0.0875382	0.0946582	0.096697	0.124493	0.0903915	0.0883878	0.133159	0.145811	0.13806	0.154343	0.153497	0.131421	0.13242	0.146174	0.0955672	0.0920981	0.122755	0.116451	0.118495	0.112294	0.11431	0.112285	0.110285	0.110285	0.0943339	0.104952	0.0718803	0.0926348	0.0988297	0.0942392	0.0902068	0.0881113	0.0819725	0.055733	0.0577785	0.0557283	0.0786574	0.0785751	0	0.0721485	0.074459	0.170151	0.069797	0.0718196	0.0925762	0.079967	0.0799419	0.079907	0.0778741	0.0798771	0.0677589	0.0697715	0.0677562	0.0657407	0.0719833	0.0926859	0.118321	0.109242	0.111834	0.105705	0.103172	0.110982	0.149282	0.114545	0.121267	0.133792	0.109519	0.128138	0.127707	0.131132	0.140442	0.127946	0.133971	0.119505	0.134725	0.123002	0.113439	0.117512	0.105029	0.0880535	0.0880395	0.100432	0.108793	0.110477	0.127112	0.106372	0.100217	0.108257	0.114272	0.114426	0.0961757	0.0943675	0.102288	0.0983704	0.102484	0.104503	0.174081	0.164979	0.159577	0.134125	0.123243	0.115097	0.124871	0.122094	0.12232	0.0943377	0.113676	0.100579	0.102578	0.139501	0.137672	0.113428	0.101022	0.186159	0.189097	0.125892	0.145934	0.12385	0.152694	0.123658	0.150927	0.119157	0.130976	0.140061	0.13317	0.152072	0.154389	0.168446	0.161841	0.158658	0.168826	0.154555	0.0778924	0.0902873	0.100792	0.087944	0.0839215	0.0839215	0.0899632	0.0879369	0.0965068	0.0921841	0.0901818	0.132694	0.133974	0.120828	0.138799	0.156776	0.159677	0.161359	0.145218	0.134974	0.130975	0.149849	0.151646	0.143371	0.116549	0.134922	0.130939	0.12878	0.120653	0.132816	0.14106	0.141037	0.14535	0.153594	0.134865	0.148354	0.16202	0.164096	0.151266	0.181004	0.170532	0.17106	0.163693	0.15751	0.172317	0.146867	0.157216	0.159242	0.163586	0.148808	0.163087	0.161218	0.169338	0.156895	0.183721	0.162851	0.17038	0.167093	0.179316	0.183627	0.183746	0.17613	0.182238	0.188581	0.174113	0.180142	0.184707	0.182288	0.182244	0.170109	0.168016	0.176276	0.176189	0.177302	0.169245	0.171333	0.161032	0.167219	0.181257	0.175131	0.166905	0.189402	0.183041	0.181079	0.1831	0.181006	0.185002	0.191128	0.191093	0.187075	0.191246	0.191211	0.183004	0.194857	0.187022	0.184964	0.184951	0.191128	0.17693	0.189539	0.179082	0.176991	0.170935	0.170933	0.19555	0.158774	0.177121	0.17512	0.16898	0.172223	0.174221	0.171368	0.169361	0.154804	0.164996	0.185977	0.192466	0.160962	0.173286	0.196067	0.18129	0.18533	0.18118	0.164919	0.166998	0.192321	0.169043	0.167066	0.17951	0.166958	0.166934	0.169017	0.168914	0.174962	0.164989	0.166994	0.175115	0.160788	0.164861	0.158945	0.158871	0.163012	0.203079	0.164887	0.177541	0.162928	0.173877	0.179527	0.177341	0.169109	0.16916	0.152769	0.169379	0.182421	0.15686	0.157088	0.158947	0.165006	0.152759	0.163025	0.158909	0.162963	0.158863	0.150764	0.148684	0.148685	0.148685	0.163222	0.159204	0.161292	0.158981	0.159	0.167282	0.160991	0.167197	0.153101	0.152958	0.157297	0.17328	0.161247	0.153057	0.171067	0.15193	0.145326	0.157331	0.163691	0.163576	0.167494	0.154255	0.141701	0.131453	0.107094	0.126691	0.133106
Nycticryphes_semicollaris	0.0805096	0.0876296	0.0896684	0.117464	0.0833629	0.0813592	0.12613	0.138783	0.131031	0.147315	0.146469	0.124393	0.125392	0.139146	0.0885386	0.0850695	0.115726	0.109422	0.111467	0.105265	0.107281	0.105256	0.103257	0.103257	0.0873053	0.097923	0.0648517	0.0856062	0.0918011	0.0872106	0.0831782	0.0810827	0.0749438	0.0487044	0.0507499	0.0486997	0.0716288	0.0715465	0.0721485	0	0.0472942	0.163122	0.0627684	0.064791	0.0855476	0.0729384	0.0729133	0.0728784	0.0708455	0.0728485	0.0607303	0.0627429	0.0607276	0.0587121	0.0649547	0.0856573	0.111293	0.102213	0.104805	0.0986766	0.0961431	0.103953	0.142253	0.107517	0.114239	0.126763	0.10249	0.121109	0.120678	0.124103	0.133413	0.120917	0.126943	0.112477	0.127697	0.115973	0.10641	0.110483	0.0979999	0.0810249	0.0810109	0.0934034	0.101764	0.103448	0.120084	0.0993433	0.093188	0.101229	0.107243	0.107398	0.0891471	0.0873389	0.0952598	0.0913418	0.0954557	0.0974747	0.167053	0.15795	0.152548	0.127097	0.116214	0.108069	0.117843	0.115066	0.115291	0.0873091	0.106648	0.0935507	0.0955498	0.132472	0.130643	0.106399	0.0939931	0.17913	0.182068	0.118863	0.138905	0.116821	0.145666	0.116629	0.143898	0.112129	0.123947	0.133033	0.126142	0.145043	0.14736	0.161417	0.154812	0.15163	0.161797	0.147526	0.0708638	0.0832587	0.093763	0.0809154	0.0768929	0.0768929	0.0829346	0.0809083	0.0894782	0.0851555	0.0831532	0.125665	0.126945	0.1138	0.131771	0.149747	0.152648	0.15433	0.138189	0.127946	0.123946	0.142821	0.144618	0.136343	0.10952	0.127893	0.12391	0.121751	0.113624	0.125787	0.134031	0.134009	0.138322	0.146566	0.127836	0.141326	0.154991	0.157068	0.144237	0.173976	0.163503	0.164031	0.156664	0.150482	0.165288	0.139838	0.150187	0.152214	0.156557	0.141779	0.156058	0.15419	0.162309	0.149867	0.176693	0.155823	0.163352	0.160064	0.172287	0.176598	0.176717	0.169102	0.175209	0.181552	0.167084	0.173113	0.177678	0.175259	0.175216	0.16308	0.160988	0.169247	0.169161	0.170274	0.162216	0.164304	0.154004	0.16019	0.174228	0.168102	0.159876	0.182373	0.176013	0.17405	0.176071	0.173977	0.177973	0.1841	0.184065	0.180046	0.184217	0.184183	0.175975	0.187829	0.179993	0.177935	0.177923	0.1841	0.169901	0.18251	0.172053	0.169963	0.163906	0.163905	0.188521	0.151746	0.170092	0.168091	0.161952	0.165194	0.167193	0.16434	0.162332	0.147775	0.157968	0.178948	0.185437	0.153933	0.166257	0.189039	0.174261	0.178302	0.174151	0.15789	0.15997	0.185292	0.162015	0.160037	0.172481	0.159929	0.159905	0.161988	0.161885	0.167933	0.15796	0.159966	0.168086	0.153759	0.157832	0.151916	0.151842	0.155983	0.196051	0.157858	0.170512	0.155899	0.166848	0.172498	0.170312	0.16208	0.162131	0.14574	0.16235	0.175393	0.149831	0.150059	0.151918	0.157977	0.14573	0.155996	0.15188	0.155934	0.151835	0.143736	0.141655	0.141656	0.141656	0.156194	0.152176	0.154263	0.151953	0.151971	0.160253	0.153962	0.160168	0.146072	0.14593	0.150269	0.166251	0.154219	0.146028	0.164038	0.144901	0.138297	0.150302	0.156662	0.156547	0.160465	0.147227	0.134672	0.124424	0.100066	0.119663	0.126077
Rostratula_benghalensis	0.0828201	0.0899401	0.0919789	0.119775	0.0856734	0.0836697	0.128441	0.141093	0.133342	0.149625	0.148779	0.126703	0.127702	0.141456	0.0908491	0.08738	0.118036	0.111733	0.113777	0.107576	0.109592	0.107567	0.105567	0.105567	0.0896158	0.100234	0.0671622	0.0879167	0.0941116	0.0895211	0.0854887	0.0833932	0.0772544	0.0510149	0.0530604	0.0510102	0.0739393	0.073857	0.074459	0.0472942	0	0.165433	0.0650789	0.0671015	0.0878581	0.0752489	0.0752238	0.0751889	0.073156	0.075159	0.0630408	0.0650534	0.0630381	0.0610226	0.0672652	0.0879678	0.113603	0.104524	0.107115	0.100987	0.0984536	0.106264	0.144564	0.109827	0.116549	0.129074	0.104801	0.123419	0.122989	0.126414	0.135724	0.123227	0.129253	0.114787	0.130007	0.118284	0.10872	0.112794	0.10031	0.0833354	0.0833214	0.0957139	0.104074	0.105759	0.122394	0.101654	0.0954985	0.103539	0.109554	0.109708	0.0914576	0.0896494	0.0975703	0.0936523	0.0977662	0.0997852	0.169363	0.160261	0.154859	0.129407	0.118525	0.110379	0.120153	0.117376	0.117601	0.0896196	0.108958	0.0958612	0.0978603	0.134783	0.132954	0.10871	0.0963036	0.181441	0.184378	0.121174	0.141216	0.119131	0.147976	0.11894	0.146209	0.114439	0.126258	0.135343	0.128452	0.147354	0.149671	0.163728	0.157123	0.15394	0.164107	0.149837	0.0731743	0.0855692	0.0960735	0.0832259	0.0792034	0.0792034	0.0852451	0.0832188	0.0917887	0.087466	0.0854637	0.127976	0.129256	0.11611	0.134081	0.152058	0.154959	0.156641	0.1405	0.130256	0.126257	0.145131	0.146928	0.138653	0.111831	0.130203	0.126221	0.124062	0.115935	0.128098	0.136342	0.136319	0.140632	0.148876	0.130146	0.143636	0.157302	0.159378	0.146548	0.176286	0.165814	0.166342	0.158974	0.152792	0.167599	0.142149	0.152498	0.154524	0.158867	0.14409	0.158369	0.1565	0.16462	0.152177	0.179003	0.158133	0.165662	0.162375	0.174597	0.178908	0.179028	0.171412	0.17752	0.183863	0.169395	0.175424	0.179989	0.17757	0.177526	0.165391	0.163298	0.171558	0.171471	0.172584	0.164527	0.166615	0.156314	0.162501	0.176539	0.170412	0.162187	0.184684	0.178323	0.176361	0.178382	0.176287	0.180284	0.18641	0.186375	0.182357	0.186528	0.186493	0.178286	0.190139	0.182304	0.180246	0.180233	0.18641	0.172212	0.184821	0.174364	0.172273	0.166217	0.166215	0.190832	0.154056	0.172403	0.170402	0.164262	0.167505	0.169503	0.16665	0.164643	0.150086	0.160278	0.181259	0.187747	0.156244	0.168568	0.191349	0.176572	0.180612	0.176462	0.160201	0.16228	0.187602	0.164325	0.162348	0.174792	0.16224	0.162216	0.164299	0.164196	0.170243	0.160271	0.162276	0.170397	0.15607	0.160143	0.154227	0.154153	0.158294	0.198361	0.160169	0.172823	0.158209	0.169159	0.174809	0.172623	0.164391	0.164442	0.148051	0.164661	0.177703	0.152142	0.15237	0.154228	0.160288	0.148041	0.158307	0.154191	0.158245	0.154145	0.146046	0.143965	0.143966	0.143966	0.158504	0.154486	0.156573	0.154263	0.154282	0.162564	0.156273	0.162479	0.148383	0.14824	0.152579	0.168562	0.156529	0.148338	0.166349	0.147212	0.140608	0.152612	0.158973	0.158857	0.162775	0.149537	0.136983	0.126735	0.102376	0.121973	0.128388
Turnix_velox	0.154293	0.161413	0.163452	0.191247	0.157146	0.155142	0.199914	0.212566	0.204815	0.221098	0.220252	0.198176	0.199175	0.212929	0.162322	0.158853	0.189509	0.183206	0.18525	0.179049	0.181065	0.17904	0.17704	0.17704	0.161089	0.171706	0.138635	0.15939	0.165584	0.160994	0.156962	0.154866	0.148727	0.142699	0.144745	0.142694	0.169625	0.169543	0.170151	0.163122	0.165433	0	0.136552	0.138574	0.159331	0.146722	0.146697	0.146662	0.144629	0.146632	0.134514	0.136526	0.134511	0.132495	0.138738	0.159441	0.185076	0.175996	0.178588	0.17246	0.169926	0.177737	0.216037	0.1813	0.188022	0.200547	0.176274	0.194892	0.194462	0.197886	0.207197	0.1947	0.200726	0.18626	0.20148	0.189757	0.180193	0.184266	0.171783	0.154808	0.154794	0.167187	0.175547	0.177231	0.193867	0.173127	0.166971	0.175012	0.181027	0.181181	0.16293	0.161122	0.169043	0.165125	0.169239	0.171258	0.240836	0.231734	0.226332	0.20088	0.189998	0.181852	0.191626	0.188849	0.189074	0.161092	0.180431	0.167334	0.169333	0.206255	0.204427	0.180183	0.167776	0.252913	0.255851	0.192647	0.212689	0.190604	0.219449	0.190413	0.217682	0.185912	0.197731	0.206816	0.199925	0.218826	0.221144	0.2352	0.228596	0.225413	0.23558	0.22131	0.144647	0.157042	0.167546	0.154699	0.150676	0.150676	0.156718	0.154692	0.163262	0.158939	0.156937	0.199448	0.200729	0.187583	0.205554	0.223531	0.226432	0.228114	0.211972	0.201729	0.19773	0.216604	0.218401	0.210126	0.183303	0.201676	0.197694	0.195534	0.187407	0.19957	0.207814	0.207792	0.212105	0.220349	0.201619	0.215109	0.228775	0.230851	0.218021	0.247759	0.237286	0.237815	0.230447	0.224265	0.239072	0.213621	0.223971	0.225997	0.23034	0.215563	0.229841	0.227973	0.236092	0.22365	0.250476	0.229606	0.237135	0.233847	0.24607	0.250381	0.250501	0.242885	0.248993	0.255336	0.240868	0.246897	0.251461	0.249042	0.248999	0.236863	0.234771	0.243031	0.242944	0.244057	0.236	0.238088	0.227787	0.233974	0.248011	0.241885	0.23366	0.256157	0.249796	0.247833	0.249854	0.24776	0.251757	0.257883	0.257848	0.25383	0.258001	0.257966	0.249758	0.261612	0.253777	0.251719	0.251706	0.257883	0.243685	0.256294	0.245837	0.243746	0.23769	0.237688	0.262305	0.225529	0.243875	0.241875	0.235735	0.238978	0.240976	0.238123	0.236115	0.221558	0.231751	0.252732	0.25922	0.227716	0.240041	0.262822	0.248045	0.252085	0.247934	0.231674	0.233753	0.259075	0.235798	0.233821	0.246265	0.233712	0.233688	0.235771	0.235669	0.241716	0.231743	0.233749	0.24187	0.227543	0.231616	0.2257	0.225626	0.229766	0.269834	0.231642	0.244296	0.229682	0.240632	0.246282	0.244096	0.235863	0.235915	0.219524	0.236134	0.249176	0.223615	0.223843	0.225701	0.231761	0.219513	0.229779	0.225664	0.229718	0.225618	0.217519	0.215438	0.215439	0.215439	0.229977	0.225959	0.228046	0.225736	0.225755	0.234036	0.227745	0.233952	0.219856	0.219713	0.224052	0.240035	0.228002	0.219811	0.237822	0.218685	0.212081	0.224085	0.230446	0.23033	0.234248	0.22101	0.208456	0.198208	0.173849	0.193446	0.199861
Dromas_ardeola	0.0539333	0.0610533	0.0630921	0.0908877	0.0567866	0.0547829	0.0995541	0.112207	0.104455	0.120738	0.119892	0.0978166	0.0988152	0.112569	0.0619623	0.0584933	0.0891497	0.0828461	0.0848904	0.0786889	0.0807052	0.0786799	0.0766803	0.0766803	0.060729	0.0713467	0.0382755	0.0590299	0.0652248	0.0606343	0.0566019	0.0545064	0.0483676	0.0423453	0.0443908	0.0423407	0.0692718	0.0691895	0.069797	0.0627684	0.0650789	0.136552	0	0.0221303	0.0428909	0.0302817	0.0302567	0.0302217	0.0281888	0.0301918	0.0180736	0.0200862	0.0180709	0.0160554	0.0262093	0.059081	0.0847166	0.0756369	0.0782287	0.0721003	0.0695668	0.0773771	0.115677	0.0809403	0.0876624	0.100187	0.075914	0.0945326	0.0941021	0.0975268	0.106837	0.0943407	0.100366	0.0859004	0.101121	0.0893971	0.0798336	0.0839069	0.0714236	0.0544486	0.0544346	0.0668271	0.0751877	0.0768718	0.0935074	0.072767	0.0666117	0.0746524	0.0806672	0.0808212	0.0625708	0.0607626	0.0686835	0.0647656	0.0688794	0.0708984	0.140476	0.131374	0.125972	0.10052	0.089638	0.0814923	0.0912666	0.0884894	0.0887147	0.0607328	0.0800716	0.0669744	0.0689735	0.105896	0.104067	0.0798229	0.0674168	0.152554	0.155492	0.0922869	0.112329	0.0902446	0.119089	0.0900531	0.117322	0.0855523	0.0973712	0.106457	0.0995655	0.118467	0.120784	0.134841	0.128236	0.125054	0.135221	0.12095	0.0442875	0.0566824	0.0671867	0.0543391	0.0503166	0.0503166	0.0563583	0.0543321	0.0629019	0.0585792	0.0565769	0.0990887	0.100369	0.0872235	0.105194	0.123171	0.126072	0.127754	0.111613	0.101369	0.0973699	0.116245	0.118042	0.109767	0.0829438	0.101317	0.0973341	0.0951748	0.0870478	0.0992108	0.107455	0.107432	0.111746	0.119989	0.10126	0.11475	0.128415	0.130491	0.117661	0.147399	0.136927	0.137455	0.130088	0.123906	0.138712	0.113262	0.123611	0.125637	0.129981	0.115203	0.129482	0.127613	0.135733	0.12329	0.150117	0.129246	0.136776	0.133488	0.145711	0.150022	0.150141	0.142526	0.148633	0.154976	0.140508	0.146537	0.151102	0.148683	0.148639	0.136504	0.134411	0.142671	0.142584	0.143698	0.13564	0.137728	0.127427	0.133614	0.147652	0.141526	0.1333	0.155797	0.149436	0.147474	0.149495	0.147401	0.151397	0.157523	0.157489	0.15347	0.157641	0.157606	0.149399	0.161252	0.153417	0.151359	0.151346	0.157523	0.143325	0.155934	0.145477	0.143386	0.13733	0.137328	0.161945	0.125169	0.143516	0.141515	0.135375	0.138618	0.140616	0.137763	0.135756	0.121199	0.131391	0.152372	0.158861	0.127357	0.139681	0.162462	0.147685	0.151725	0.147575	0.131314	0.133394	0.158716	0.135438	0.133461	0.145905	0.133353	0.133329	0.135412	0.135309	0.141357	0.131384	0.13339	0.14151	0.127183	0.131256	0.12534	0.125266	0.129407	0.169474	0.131282	0.143936	0.129323	0.140272	0.145922	0.143736	0.135504	0.135555	0.119164	0.135774	0.148817	0.123255	0.123483	0.125342	0.131401	0.119154	0.12942	0.125304	0.129358	0.125259	0.11716	0.115079	0.11508	0.11508	0.129618	0.1256	0.127687	0.125376	0.125395	0.133677	0.127386	0.133592	0.119496	0.119353	0.123693	0.139675	0.127642	0.119452	0.137462	0.118325	0.111721	0.123726	0.130086	0.129971	0.133889	0.12065	0.108096	0.097848	0.0734895	0.0930863	0.0995012
Stercorarius_parasiticus	0.0559559	0.063076	0.0651147	0.0929103	0.0588092	0.0568055	0.101577	0.114229	0.106478	0.122761	0.121915	0.0998392	0.100838	0.114592	0.0639849	0.0605159	0.0911723	0.0848687	0.086913	0.0807115	0.0827278	0.0807025	0.0787029	0.0787029	0.0627516	0.0733693	0.0402981	0.0610525	0.0672474	0.0626569	0.0586245	0.056529	0.0503902	0.0443679	0.0464134	0.0443633	0.0712944	0.0712121	0.0718196	0.064791	0.0671015	0.138574	0.0221303	0	0.0449136	0.0323043	0.0322793	0.0322443	0.0302115	0.0322145	0.0200962	0.0221088	0.0200936	0.0180781	0.028232	0.0611036	0.0867392	0.0776595	0.0802513	0.0741229	0.0715894	0.0793998	0.1177	0.0829629	0.089685	0.102209	0.0779366	0.0965552	0.0961247	0.0995495	0.10886	0.0963633	0.102389	0.0879231	0.103143	0.0914197	0.0818562	0.0859295	0.0734462	0.0564712	0.0564572	0.0688497	0.0772103	0.0788944	0.09553	0.0747896	0.0686343	0.076675	0.0826898	0.0828438	0.0645935	0.0627852	0.0707061	0.0667882	0.070902	0.072921	0.142499	0.133397	0.127995	0.102543	0.0916606	0.0835149	0.0932892	0.090512	0.0907373	0.0627555	0.0820942	0.068997	0.0709961	0.107918	0.10609	0.0818455	0.0694394	0.154576	0.157514	0.0943095	0.114352	0.0922672	0.121112	0.0920757	0.119345	0.0875749	0.0993938	0.108479	0.101588	0.120489	0.122807	0.136863	0.130259	0.127076	0.137243	0.122973	0.0463101	0.058705	0.0692093	0.0563617	0.0523392	0.0523392	0.0583809	0.0563547	0.0649246	0.0606019	0.0585995	0.101111	0.102392	0.0892461	0.107217	0.125194	0.128095	0.129776	0.113635	0.103392	0.0993925	0.118267	0.120064	0.111789	0.0849664	0.103339	0.0993567	0.0971974	0.0890704	0.101233	0.109477	0.109455	0.113768	0.122012	0.103282	0.116772	0.130438	0.132514	0.119684	0.149422	0.138949	0.139478	0.13211	0.125928	0.140735	0.115284	0.125634	0.12766	0.132003	0.117226	0.131504	0.129636	0.137755	0.125313	0.152139	0.131269	0.138798	0.13551	0.147733	0.152044	0.152164	0.144548	0.150656	0.156999	0.142531	0.14856	0.153124	0.150705	0.150662	0.138526	0.136434	0.144694	0.144607	0.14572	0.137663	0.139751	0.12945	0.135637	0.149674	0.143548	0.135323	0.15782	0.151459	0.149496	0.151517	0.149423	0.15342	0.159546	0.159511	0.155493	0.159664	0.159629	0.151421	0.163275	0.15544	0.153382	0.153369	0.159546	0.145348	0.157957	0.1475	0.145409	0.139353	0.139351	0.163968	0.127192	0.145538	0.143538	0.137398	0.140641	0.142639	0.139786	0.137778	0.123221	0.133414	0.154395	0.160883	0.129379	0.141704	0.164485	0.149708	0.153748	0.149597	0.133337	0.135416	0.160738	0.137461	0.135484	0.147928	0.135375	0.135351	0.137434	0.137331	0.143379	0.133406	0.135412	0.143533	0.129206	0.133279	0.127363	0.127289	0.131429	0.171497	0.133305	0.145959	0.131345	0.142295	0.147945	0.145759	0.137526	0.137578	0.121187	0.137797	0.150839	0.125278	0.125506	0.127364	0.133424	0.121176	0.131442	0.127327	0.13138	0.127281	0.119182	0.117101	0.117102	0.117102	0.13164	0.127622	0.129709	0.127399	0.127418	0.135699	0.129408	0.135615	0.121518	0.121376	0.125715	0.141698	0.129665	0.121474	0.139485	0.120348	0.113744	0.125748	0.132109	0.131993	0.135911	0.122673	0.110119	0.0998706	0.0755121	0.0951089	0.101524
Glareola_pratincola	0.0767126	0.0838326	0.0858713	0.113667	0.0795659	0.0775621	0.122333	0.134986	0.127234	0.143518	0.142672	0.120596	0.121594	0.135349	0.0847415	0.0812725	0.111929	0.105625	0.10767	0.101468	0.103484	0.101459	0.0994595	0.0994595	0.0835083	0.094126	0.0610547	0.0818092	0.0880041	0.0834136	0.0793811	0.0772856	0.0711468	0.0651246	0.0671701	0.0651199	0.092051	0.0919688	0.0925762	0.0855476	0.0878581	0.159331	0.0428909	0.0449136	0	0.0491162	0.0490911	0.0490562	0.0470233	0.0490263	0.0408471	0.0428596	0.0408444	0.0388289	0.0489886	0.0818603	0.107496	0.0984161	0.101008	0.0948796	0.0923461	0.100156	0.138456	0.10372	0.110442	0.122966	0.0986932	0.117312	0.116881	0.120306	0.129616	0.11712	0.123145	0.10868	0.1239	0.112176	0.102613	0.106686	0.0942029	0.0772279	0.0772139	0.0896064	0.097967	0.0996511	0.116287	0.0955463	0.089391	0.0974316	0.103446	0.1036	0.0853501	0.0835419	0.0914627	0.0875448	0.0916586	0.0936776	0.163256	0.154153	0.148751	0.1233	0.112417	0.104272	0.114046	0.111269	0.111494	0.0835121	0.102851	0.0897536	0.0917527	0.128675	0.126846	0.102602	0.090196	0.175333	0.178271	0.115066	0.135108	0.113024	0.141869	0.112832	0.140101	0.108332	0.12015	0.129236	0.122345	0.141246	0.143563	0.15762	0.151015	0.147833	0.158	0.143729	0.0670668	0.0794616	0.0899659	0.0771184	0.0730959	0.0730959	0.0791376	0.0771113	0.0856812	0.0813585	0.0793561	0.121868	0.123148	0.110003	0.127974	0.14595	0.148851	0.150533	0.134392	0.124149	0.120149	0.139024	0.140821	0.132546	0.105723	0.124096	0.120113	0.117954	0.109827	0.12199	0.130234	0.130212	0.134525	0.142769	0.124039	0.137529	0.151194	0.153271	0.14044	0.170179	0.159706	0.160234	0.152867	0.146685	0.161491	0.136041	0.14639	0.148417	0.15276	0.137982	0.152261	0.150393	0.158512	0.14607	0.172896	0.152026	0.159555	0.156267	0.16849	0.172801	0.17292	0.165305	0.171412	0.177755	0.163287	0.169316	0.173881	0.171462	0.171419	0.159283	0.157191	0.16545	0.165364	0.166477	0.158419	0.160507	0.150206	0.156393	0.170431	0.164305	0.156079	0.178576	0.172216	0.170253	0.172274	0.17018	0.174176	0.180303	0.180268	0.176249	0.18042	0.180386	0.172178	0.184032	0.176196	0.174138	0.174126	0.180303	0.166104	0.178713	0.168256	0.166166	0.160109	0.160108	0.184724	0.147949	0.166295	0.164294	0.158155	0.161397	0.163396	0.160543	0.158535	0.143978	0.154171	0.175151	0.18164	0.150136	0.16246	0.185242	0.170464	0.174505	0.170354	0.154093	0.156173	0.181495	0.158218	0.15624	0.168684	0.156132	0.156108	0.158191	0.158088	0.164136	0.154163	0.156169	0.164289	0.149962	0.154035	0.148119	0.148045	0.152186	0.192254	0.154061	0.166715	0.152102	0.163051	0.168701	0.166515	0.158283	0.158334	0.141943	0.158553	0.171596	0.146034	0.146262	0.148121	0.15418	0.141933	0.152199	0.148083	0.152137	0.148038	0.139939	0.137858	0.137859	0.137859	0.152397	0.148379	0.150466	0.148156	0.148174	0.156456	0.150165	0.156371	0.142275	0.142133	0.146472	0.162454	0.150422	0.142231	0.160241	0.141104	0.1345	0.146505	0.152865	0.15275	0.156668	0.14343	0.130875	0.120627	0.0962688	0.115866	0.12228
Phaetusa_simplex	0.0641034	0.0712234	0.0732621	0.101058	0.0669566	0.0649529	0.109724	0.122377	0.114625	0.130908	0.130062	0.107987	0.108985	0.122739	0.0721323	0.0686633	0.0993197	0.0930161	0.0950605	0.0888589	0.0908752	0.0888499	0.0868503	0.0868503	0.0708991	0.0815168	0.0484455	0.0692	0.0753949	0.0708044	0.0667719	0.0646764	0.0585376	0.0525154	0.0545609	0.0525107	0.0794418	0.0793596	0.079967	0.0729384	0.0752489	0.146722	0.0302817	0.0323043	0.0491162	0	0.0324044	0.0323695	0.0303366	0.0323396	0.0282379	0.0302504	0.0282352	0.0262197	0.0363794	0.0692511	0.0948866	0.0858069	0.0883987	0.0822704	0.0797369	0.0875472	0.125847	0.0911103	0.0978325	0.110357	0.086084	0.104703	0.104272	0.107697	0.117007	0.104511	0.110536	0.0960705	0.111291	0.0995672	0.0900037	0.0940769	0.0815937	0.0646186	0.0646047	0.0769972	0.0853577	0.0870418	0.103677	0.082937	0.0767817	0.0848224	0.0908372	0.0909913	0.0727409	0.0709327	0.0788535	0.0749356	0.0790494	0.0810684	0.150646	0.141544	0.136142	0.11069	0.0998081	0.0916624	0.101437	0.0986595	0.0988847	0.0709029	0.0902416	0.0771444	0.0791435	0.116066	0.114237	0.0899929	0.0775868	0.162724	0.165662	0.102457	0.122499	0.100415	0.129259	0.100223	0.127492	0.0957224	0.107541	0.116627	0.109735	0.128637	0.130954	0.145011	0.138406	0.135224	0.145391	0.13112	0.0544575	0.0668524	0.0773567	0.0645092	0.0604867	0.0604867	0.0665284	0.0645021	0.073072	0.0687493	0.0667469	0.109259	0.110539	0.0973935	0.115365	0.133341	0.136242	0.137924	0.121783	0.111539	0.10754	0.126415	0.128212	0.119937	0.0931138	0.111487	0.107504	0.105345	0.0972178	0.109381	0.117625	0.117602	0.121916	0.130159	0.11143	0.12492	0.138585	0.140661	0.127831	0.157569	0.147097	0.147625	0.140258	0.134076	0.148882	0.123432	0.133781	0.135807	0.140151	0.125373	0.139652	0.137783	0.145903	0.13346	0.160287	0.139416	0.146946	0.143658	0.155881	0.160192	0.160311	0.152696	0.158803	0.165146	0.150678	0.156707	0.161272	0.158853	0.158809	0.146674	0.144582	0.152841	0.152754	0.153868	0.14581	0.147898	0.137597	0.143784	0.157822	0.151696	0.14347	0.165967	0.159606	0.157644	0.159665	0.157571	0.161567	0.167693	0.167659	0.16364	0.167811	0.167776	0.159569	0.171422	0.163587	0.161529	0.161516	0.167693	0.153495	0.166104	0.155647	0.153557	0.1475	0.147498	0.172115	0.135339	0.153686	0.151685	0.145545	0.148788	0.150786	0.147934	0.145926	0.131369	0.141561	0.162542	0.169031	0.137527	0.149851	0.172632	0.157855	0.161895	0.157745	0.141484	0.143564	0.168886	0.145609	0.143631	0.156075	0.143523	0.143499	0.145582	0.145479	0.151527	0.141554	0.14356	0.15168	0.137353	0.141426	0.13551	0.135436	0.139577	0.179644	0.141452	0.154106	0.139493	0.150442	0.156092	0.153906	0.145674	0.145725	0.129334	0.145944	0.158987	0.133425	0.133653	0.135512	0.141571	0.129324	0.13959	0.135474	0.139528	0.135429	0.12733	0.125249	0.12525	0.12525	0.139788	0.13577	0.137857	0.135546	0.135565	0.143847	0.137556	0.143762	0.129666	0.129523	0.133863	0.149845	0.137812	0.129622	0.147632	0.128495	0.121891	0.133896	0.140256	0.140141	0.144059	0.13082	0.118266	0.108018	0.0836595	0.103256	0.109671
Rynchops_niger	0.0640783	0.0711983	0.073237	0.101033	0.0669316	0.0649278	0.109699	0.122352	0.1146	0.130883	0.130037	0.107962	0.10896	0.122714	0.0721072	0.0686382	0.0992946	0.092991	0.0950354	0.0888339	0.0908501	0.0888248	0.0868252	0.0868252	0.070874	0.0814917	0.0484204	0.0691749	0.0753698	0.0707793	0.0667468	0.0646513	0.0585125	0.0524903	0.0545358	0.0524856	0.0794168	0.0793345	0.0799419	0.0729133	0.0752238	0.146697	0.0302567	0.0322793	0.0490911	0.0324044	0	0.0323395	0.0303066	0.0323096	0.0282128	0.0302253	0.0282101	0.0261946	0.0363543	0.069226	0.0948615	0.0857818	0.0883737	0.0822453	0.0797118	0.0875221	0.125822	0.0910852	0.0978074	0.110332	0.0860589	0.104678	0.104247	0.107672	0.116982	0.104486	0.110511	0.0960454	0.111265	0.0995421	0.0899786	0.0940518	0.0815686	0.0645936	0.0645796	0.0769721	0.0853327	0.0870168	0.103652	0.082912	0.0767567	0.0847973	0.0908121	0.0909662	0.0727158	0.0709076	0.0788284	0.0749105	0.0790244	0.0810433	0.150621	0.141519	0.136117	0.110665	0.099783	0.0916373	0.101412	0.0986344	0.0988596	0.0708778	0.0902166	0.0771193	0.0791184	0.116041	0.114212	0.0899679	0.0775617	0.162699	0.165637	0.102432	0.122474	0.10039	0.129234	0.100198	0.127467	0.0956973	0.107516	0.116602	0.10971	0.128612	0.130929	0.144986	0.138381	0.135199	0.145366	0.131095	0.0544325	0.0668273	0.0773316	0.0644841	0.0604616	0.0604616	0.0665033	0.064477	0.0730469	0.0687242	0.0667219	0.109234	0.110514	0.0973684	0.115339	0.133316	0.136217	0.137899	0.121758	0.111514	0.107515	0.12639	0.128186	0.119911	0.0930887	0.111462	0.107479	0.10532	0.0971927	0.109356	0.1176	0.117577	0.12189	0.130134	0.111405	0.124895	0.13856	0.140636	0.127806	0.157544	0.147072	0.1476	0.140233	0.13405	0.148857	0.123407	0.133756	0.135782	0.140126	0.125348	0.139627	0.137758	0.145878	0.133435	0.160261	0.139391	0.146921	0.143633	0.155856	0.160167	0.160286	0.15267	0.158778	0.165121	0.150653	0.156682	0.161247	0.158828	0.158784	0.146649	0.144556	0.152816	0.152729	0.153843	0.145785	0.147873	0.137572	0.143759	0.157797	0.151671	0.143445	0.165942	0.159581	0.157619	0.15964	0.157546	0.161542	0.167668	0.167634	0.163615	0.167786	0.167751	0.159544	0.171397	0.163562	0.161504	0.161491	0.167668	0.15347	0.166079	0.155622	0.153531	0.147475	0.147473	0.17209	0.135314	0.153661	0.15166	0.14552	0.148763	0.150761	0.147908	0.145901	0.131344	0.141536	0.162517	0.169006	0.137502	0.149826	0.172607	0.15783	0.16187	0.15772	0.141459	0.143539	0.168861	0.145583	0.143606	0.15605	0.143498	0.143474	0.145557	0.145454	0.151502	0.141529	0.143534	0.151655	0.137328	0.141401	0.135485	0.135411	0.139552	0.179619	0.141427	0.154081	0.139468	0.150417	0.156067	0.153881	0.145649	0.1457	0.129309	0.145919	0.158962	0.1334	0.133628	0.135487	0.141546	0.129299	0.139565	0.135449	0.139503	0.135404	0.127304	0.125224	0.125225	0.125225	0.139763	0.135745	0.137832	0.135521	0.13554	0.143822	0.137531	0.143737	0.129641	0.129498	0.133838	0.14982	0.137787	0.129597	0.147607	0.12847	0.121866	0.133871	0.140231	0.140116	0.144034	0.130795	0.118241	0.107993	0.0836345	0.103231	0.109646
Rissa_tridactyla	0.0640434	0.0711634	0.0732021	0.100998	0.0668966	0.0648929	0.109664	0.122317	0.114565	0.130848	0.130002	0.107927	0.108925	0.122679	0.0720723	0.0686033	0.0992597	0.0929561	0.0950005	0.0887989	0.0908152	0.0887899	0.0867903	0.0867903	0.0708391	0.0814568	0.0483855	0.06914	0.0753349	0.0707444	0.0667119	0.0646164	0.0584776	0.0524554	0.0545009	0.0524507	0.0793818	0.0792996	0.079907	0.0728784	0.0751889	0.146662	0.0302217	0.0322443	0.0490562	0.0323695	0.0323395	0	0.00603632	0.00803933	0.0281779	0.0301904	0.0281752	0.0261597	0.0363194	0.0691911	0.0948266	0.0857469	0.0883387	0.0822104	0.0796769	0.0874872	0.125787	0.0910503	0.0977725	0.110297	0.086024	0.104643	0.104212	0.107637	0.116947	0.104451	0.110476	0.0960105	0.111231	0.0995072	0.0899437	0.0940169	0.0815337	0.0645587	0.0645447	0.0769372	0.0852978	0.0869818	0.103617	0.082877	0.0767217	0.0847624	0.0907772	0.0909313	0.0726809	0.0708727	0.0787935	0.0748756	0.0789894	0.0810084	0.150586	0.141484	0.136082	0.110631	0.0997481	0.0916024	0.101377	0.0985995	0.0988247	0.0708429	0.0901817	0.0770844	0.0790835	0.116006	0.114177	0.0899329	0.0775268	0.162664	0.165602	0.102397	0.122439	0.100355	0.129199	0.100163	0.127432	0.0956624	0.107481	0.116567	0.109675	0.128577	0.130894	0.144951	0.138346	0.135164	0.145331	0.13106	0.0543975	0.0667924	0.0772967	0.0644492	0.0604267	0.0604267	0.0664684	0.0644421	0.073012	0.0686893	0.0666869	0.109199	0.110479	0.0973335	0.115305	0.133281	0.136182	0.137864	0.121723	0.111479	0.10748	0.126355	0.128152	0.119877	0.0930538	0.111427	0.107444	0.105285	0.0971578	0.109321	0.117565	0.117542	0.121856	0.130099	0.11137	0.12486	0.138525	0.140601	0.127771	0.157509	0.147037	0.147565	0.140198	0.134016	0.148822	0.123372	0.133721	0.135747	0.140091	0.125313	0.139592	0.137723	0.145843	0.1334	0.160227	0.139356	0.146886	0.143598	0.155821	0.160132	0.160251	0.152636	0.158743	0.165086	0.150618	0.156647	0.161212	0.158793	0.158749	0.146614	0.144522	0.152781	0.152694	0.153808	0.14575	0.147838	0.137537	0.143724	0.157762	0.151636	0.14341	0.165907	0.159546	0.157584	0.159605	0.157511	0.161507	0.167633	0.167599	0.16358	0.167751	0.167716	0.159509	0.171362	0.163527	0.161469	0.161456	0.167633	0.153435	0.166044	0.155587	0.153497	0.14744	0.147438	0.172055	0.135279	0.153626	0.151625	0.145485	0.148728	0.150726	0.147874	0.145866	0.131309	0.141501	0.162482	0.168971	0.137467	0.149791	0.172572	0.157795	0.161835	0.157685	0.141424	0.143504	0.168826	0.145549	0.143571	0.156015	0.143463	0.143439	0.145522	0.145419	0.151467	0.141494	0.1435	0.15162	0.137293	0.141366	0.13545	0.135376	0.139517	0.179584	0.141392	0.154046	0.139433	0.150382	0.156032	0.153846	0.145614	0.145665	0.129274	0.145884	0.158927	0.133365	0.133593	0.135452	0.141511	0.129264	0.13953	0.135414	0.139468	0.135369	0.12727	0.125189	0.12519	0.12519	0.139728	0.13571	0.137797	0.135487	0.135505	0.143787	0.137496	0.143702	0.129606	0.129463	0.133803	0.149785	0.137752	0.129562	0.147572	0.128435	0.121831	0.133836	0.140196	0.140081	0.143999	0.13076	0.118206	0.107958	0.0835996	0.103196	0.109611
Chroicocephalus_maculipennis	0.0620105	0.0691305	0.0711692	0.0989649	0.0648637	0.06286	0.107631	0.120284	0.112532	0.128815	0.12797	0.105894	0.106892	0.120646	0.0700394	0.0665704	0.0972268	0.0909232	0.0929676	0.0867661	0.0887823	0.086757	0.0847574	0.0847574	0.0688062	0.0794239	0.0463526	0.0671071	0.073302	0.0687115	0.064679	0.0625835	0.0564447	0.0504225	0.052468	0.0504178	0.0773489	0.0772667	0.0778741	0.0708455	0.073156	0.144629	0.0281888	0.0302115	0.0470233	0.0303366	0.0303066	0.00603632	0	0.00200848	0.026145	0.0281575	0.0261423	0.0241268	0.0342865	0.0671582	0.0927937	0.083714	0.0863058	0.0801775	0.077644	0.0854543	0.123754	0.0890174	0.0957396	0.108264	0.0839911	0.10261	0.102179	0.105604	0.114914	0.102418	0.108443	0.0939776	0.109198	0.0974743	0.0879108	0.091984	0.0795008	0.0625258	0.0625118	0.0749043	0.0832649	0.0849489	0.101585	0.0808441	0.0746888	0.0827295	0.0887443	0.0888984	0.070648	0.0688398	0.0767606	0.0728427	0.0769565	0.0789755	0.148554	0.139451	0.134049	0.108598	0.0977152	0.0895695	0.0993437	0.0965666	0.0967918	0.06881	0.0881488	0.0750515	0.0770506	0.113973	0.112144	0.0879	0.0754939	0.160631	0.163569	0.100364	0.120406	0.0983218	0.127166	0.0981303	0.125399	0.0936295	0.105448	0.114534	0.107643	0.126544	0.128861	0.142918	0.136313	0.133131	0.143298	0.129027	0.0523646	0.0647595	0.0752638	0.0624163	0.0583938	0.0583938	0.0644355	0.0624092	0.0709791	0.0666564	0.064654	0.107166	0.108446	0.0953006	0.113272	0.131248	0.134149	0.135831	0.11969	0.109446	0.105447	0.124322	0.126119	0.117844	0.0910209	0.109394	0.105411	0.103252	0.0951249	0.107288	0.115532	0.11551	0.119823	0.128067	0.109337	0.122827	0.136492	0.138568	0.125738	0.155476	0.145004	0.145532	0.138165	0.131983	0.146789	0.121339	0.131688	0.133714	0.138058	0.12328	0.137559	0.13569	0.14381	0.131367	0.158194	0.137324	0.144853	0.141565	0.153788	0.158099	0.158218	0.150603	0.15671	0.163053	0.148585	0.154614	0.159179	0.15676	0.156717	0.144581	0.142489	0.150748	0.150661	0.151775	0.143717	0.145805	0.135504	0.141691	0.155729	0.149603	0.141377	0.163874	0.157513	0.155551	0.157572	0.155478	0.159474	0.1656	0.165566	0.161547	0.165718	0.165683	0.157476	0.169329	0.161494	0.159436	0.159423	0.165601	0.151402	0.164011	0.153554	0.151464	0.145407	0.145406	0.170022	0.133247	0.151593	0.149592	0.143452	0.146695	0.148693	0.145841	0.143833	0.129276	0.139469	0.160449	0.166938	0.135434	0.147758	0.17054	0.155762	0.159803	0.155652	0.139391	0.141471	0.166793	0.143516	0.141538	0.153982	0.14143	0.141406	0.143489	0.143386	0.149434	0.139461	0.141467	0.149587	0.13526	0.139333	0.133417	0.133343	0.137484	0.177552	0.139359	0.152013	0.1374	0.148349	0.153999	0.151813	0.143581	0.143632	0.127241	0.143851	0.156894	0.131332	0.13156	0.133419	0.139478	0.127231	0.137497	0.133381	0.137435	0.133336	0.125237	0.123156	0.123157	0.123157	0.137695	0.133677	0.135764	0.133454	0.133472	0.141754	0.135463	0.141669	0.127573	0.12743	0.13177	0.147752	0.13572	0.127529	0.145539	0.126402	0.119798	0.131803	0.138163	0.138048	0.141966	0.128728	0.116173	0.105925	0.0815667	0.101163	0.107578
Larus_smithsonianus	0.0640135	0.0711335	0.0731722	0.100968	0.0668668	0.064863	0.109634	0.122287	0.114535	0.130818	0.129973	0.107897	0.108895	0.122649	0.0720424	0.0685734	0.0992298	0.0929262	0.0949706	0.0887691	0.0907853	0.08876	0.0867604	0.0867604	0.0708092	0.0814269	0.0483556	0.0691101	0.075305	0.0707145	0.066682	0.0645865	0.0584477	0.0524255	0.054471	0.0524208	0.0793519	0.0792697	0.0798771	0.0728485	0.075159	0.146632	0.0301918	0.0322145	0.0490263	0.0323396	0.0323096	0.00803933	0.00200848	0	0.028148	0.0301605	0.0281453	0.0261298	0.0362895	0.0691612	0.0947967	0.085717	0.0883088	0.0821805	0.079647	0.0874573	0.125757	0.0910204	0.0977426	0.110267	0.0859941	0.104613	0.104182	0.107607	0.116917	0.104421	0.110446	0.0959806	0.111201	0.0994773	0.0899138	0.093987	0.0815038	0.0645288	0.0645148	0.0769073	0.0852679	0.086952	0.103588	0.0828472	0.0766919	0.0847325	0.0907473	0.0909014	0.072651	0.0708428	0.0787636	0.0748457	0.0789595	0.0809785	0.150557	0.141454	0.136052	0.110601	0.0997182	0.0915725	0.101347	0.0985696	0.0987948	0.070813	0.0901518	0.0770545	0.0790536	0.115976	0.114147	0.0899031	0.0774969	0.162634	0.165572	0.102367	0.122409	0.100325	0.129169	0.100133	0.127402	0.0956325	0.107451	0.116537	0.109646	0.128547	0.130864	0.144921	0.138316	0.135134	0.145301	0.13103	0.0543677	0.0667625	0.0772668	0.0644193	0.0603968	0.0603968	0.0664385	0.0644122	0.0729821	0.0686594	0.066657	0.109169	0.110449	0.0973036	0.115275	0.133251	0.136152	0.137834	0.121693	0.111449	0.10745	0.126325	0.128122	0.119847	0.0930239	0.111397	0.107414	0.105255	0.0971279	0.109291	0.117535	0.117513	0.121826	0.13007	0.11134	0.12483	0.138495	0.140571	0.127741	0.157479	0.147007	0.147535	0.140168	0.133986	0.148792	0.123342	0.133691	0.135717	0.140061	0.125283	0.139562	0.137694	0.145813	0.13337	0.160197	0.139327	0.146856	0.143568	0.155791	0.160102	0.160221	0.152606	0.158713	0.165056	0.150588	0.156617	0.161182	0.158763	0.15872	0.146584	0.144492	0.152751	0.152664	0.153778	0.14572	0.147808	0.137507	0.143694	0.157732	0.151606	0.14338	0.165877	0.159516	0.157554	0.159575	0.157481	0.161477	0.167603	0.167569	0.16355	0.167721	0.167687	0.159479	0.171332	0.163497	0.161439	0.161427	0.167604	0.153405	0.166014	0.155557	0.153467	0.14741	0.147409	0.172025	0.13525	0.153596	0.151595	0.145455	0.148698	0.150696	0.147844	0.145836	0.131279	0.141472	0.162452	0.168941	0.137437	0.149761	0.172543	0.157765	0.161806	0.157655	0.141394	0.143474	0.168796	0.145519	0.143541	0.155985	0.143433	0.143409	0.145492	0.145389	0.151437	0.141464	0.14347	0.15159	0.137263	0.141336	0.13542	0.135346	0.139487	0.179555	0.141362	0.154016	0.139403	0.150352	0.156002	0.153816	0.145584	0.145635	0.129244	0.145854	0.158897	0.133335	0.133563	0.135422	0.141481	0.129234	0.1395	0.135384	0.139438	0.135339	0.12724	0.125159	0.12516	0.12516	0.139698	0.13568	0.137767	0.135457	0.135475	0.143757	0.137466	0.143672	0.129576	0.129433	0.133773	0.149755	0.137723	0.129532	0.147542	0.128405	0.121801	0.133806	0.140166	0.140051	0.143969	0.130731	0.118176	0.107928	0.0835697	0.103166	0.109581
Cepphus_grylle	0.0518952	0.0590153	0.061054	0.0888496	0.0547485	0.0527448	0.0975161	0.110168	0.102417	0.1187	0.117854	0.0957785	0.0967772	0.110531	0.0599242	0.0564552	0.0871116	0.080808	0.0828524	0.0766508	0.0786671	0.0766418	0.0746422	0.0746422	0.058691	0.0693086	0.0362374	0.0569918	0.0631868	0.0585962	0.0545638	0.0524683	0.0463295	0.0403073	0.0423527	0.0403026	0.0672337	0.0671514	0.0677589	0.0607303	0.0630408	0.134514	0.0180736	0.0200962	0.0408471	0.0282379	0.0282128	0.0281779	0.026145	0.028148	0	0.0140455	0.0120302	0.0100148	0.0241713	0.0570429	0.0826785	0.0735988	0.0761906	0.0700622	0.0675287	0.0753391	0.113639	0.0789022	0.0856244	0.0981488	0.0738759	0.0924945	0.092064	0.0954888	0.104799	0.0923026	0.0983282	0.0838624	0.0990825	0.0873591	0.0777956	0.0818688	0.0693856	0.0524105	0.0523966	0.064789	0.0731496	0.0748337	0.0914693	0.0707289	0.0645736	0.0726143	0.0786291	0.0787831	0.0605328	0.0587245	0.0666454	0.0627275	0.0668413	0.0688603	0.138438	0.129336	0.123934	0.0984824	0.0876	0.0794542	0.0892285	0.0864513	0.0866766	0.0586948	0.0780335	0.0649363	0.0669354	0.103858	0.102029	0.0777848	0.0653787	0.150516	0.153454	0.0902488	0.110291	0.0882065	0.117051	0.088015	0.115284	0.0835142	0.0953331	0.104418	0.0975274	0.116429	0.118746	0.132803	0.126198	0.123016	0.133183	0.118912	0.0422494	0.0546443	0.0651486	0.052301	0.0482786	0.0482786	0.0543202	0.052294	0.0608639	0.0565412	0.0545388	0.0970507	0.0983309	0.0851854	0.103156	0.121133	0.124034	0.125716	0.109575	0.0993312	0.0953318	0.114206	0.116003	0.107728	0.0809057	0.0992786	0.095296	0.0931367	0.0850097	0.0971727	0.105417	0.105394	0.109707	0.117951	0.0992216	0.112712	0.126377	0.128453	0.115623	0.145361	0.134889	0.135417	0.12805	0.121867	0.136674	0.111224	0.121573	0.123599	0.127943	0.113165	0.127444	0.125575	0.133695	0.121252	0.148078	0.127208	0.134737	0.13145	0.143673	0.147984	0.148103	0.140487	0.146595	0.152938	0.13847	0.144499	0.149064	0.146645	0.146601	0.134466	0.132373	0.140633	0.140546	0.14166	0.133602	0.13569	0.125389	0.131576	0.145614	0.139488	0.131262	0.153759	0.147398	0.145436	0.147457	0.145363	0.149359	0.155485	0.155451	0.151432	0.155603	0.155568	0.147361	0.159214	0.151379	0.149321	0.149308	0.155485	0.141287	0.153896	0.143439	0.141348	0.135292	0.13529	0.159907	0.123131	0.141478	0.139477	0.133337	0.13658	0.138578	0.135725	0.133718	0.119161	0.129353	0.150334	0.156823	0.125319	0.137643	0.160424	0.145647	0.149687	0.145537	0.129276	0.131356	0.156678	0.1334	0.131423	0.143867	0.131315	0.131291	0.133374	0.133271	0.139319	0.129346	0.131351	0.139472	0.125145	0.129218	0.123302	0.123228	0.127369	0.167436	0.129244	0.141898	0.127285	0.138234	0.143884	0.141698	0.133466	0.133517	0.117126	0.133736	0.146778	0.121217	0.121445	0.123304	0.129363	0.117116	0.127382	0.123266	0.12732	0.12322	0.115121	0.113041	0.113042	0.113042	0.12758	0.123562	0.125649	0.123338	0.123357	0.131639	0.125348	0.131554	0.117458	0.117315	0.121655	0.137637	0.125604	0.117414	0.135424	0.116287	0.109683	0.121688	0.128048	0.127933	0.131851	0.118612	0.106058	0.09581	0.0714514	0.0910482	0.0974631
Alca_torda	0.0539078	0.0610278	0.0630666	0.0908622	0.0567611	0.0547574	0.0995286	0.112181	0.10443	0.120713	0.119867	0.0977911	0.0987897	0.112544	0.0619368	0.0584677	0.0891242	0.0828206	0.0848649	0.0786634	0.0806797	0.0786544	0.0766548	0.0766548	0.0607035	0.0713212	0.03825	0.0590044	0.0651993	0.0606088	0.0565764	0.0544809	0.0483421	0.0423198	0.0443653	0.0423152	0.0692463	0.069164	0.0697715	0.0627429	0.0650534	0.136526	0.0200862	0.0221088	0.0428596	0.0302504	0.0302253	0.0301904	0.0281575	0.0301605	0.0140455	0	0.0140379	0.0120224	0.0261838	0.0590555	0.0846911	0.0756114	0.0782032	0.0720748	0.0695413	0.0773516	0.115651	0.0809148	0.0876369	0.100161	0.0758885	0.0945071	0.0940766	0.0975013	0.106811	0.0943152	0.100341	0.0858749	0.101095	0.0893716	0.0798081	0.0838814	0.0713981	0.0544231	0.0544091	0.0668016	0.0751622	0.0768463	0.0934819	0.0727415	0.0665862	0.0746269	0.0806417	0.0807957	0.0625453	0.0607371	0.068658	0.06474	0.0688539	0.0708729	0.140451	0.131349	0.125947	0.100495	0.0896125	0.0814668	0.0912411	0.0884639	0.0886892	0.0607073	0.0800461	0.0669489	0.068948	0.10587	0.104041	0.0797974	0.0673913	0.152528	0.155466	0.0922614	0.112304	0.0902191	0.119064	0.0900276	0.117296	0.0855268	0.0973457	0.106431	0.0995399	0.118441	0.120759	0.134815	0.12821	0.125028	0.135195	0.120925	0.044262	0.0566569	0.0671612	0.0543136	0.0502911	0.0502911	0.0563328	0.0543066	0.0628764	0.0585537	0.0565514	0.0990632	0.100343	0.087198	0.105169	0.123146	0.126047	0.127728	0.111587	0.101344	0.0973444	0.116219	0.118016	0.109741	0.0829183	0.101291	0.0973086	0.0951493	0.0870223	0.0991853	0.107429	0.107407	0.11172	0.119964	0.101234	0.114724	0.128389	0.130466	0.117636	0.147374	0.136901	0.137429	0.130062	0.12388	0.138687	0.113236	0.123586	0.125612	0.129955	0.115178	0.129456	0.127588	0.135707	0.123265	0.150091	0.129221	0.13675	0.133462	0.145685	0.149996	0.150116	0.1425	0.148608	0.154951	0.140483	0.146512	0.151076	0.148657	0.148614	0.136478	0.134386	0.142646	0.142559	0.143672	0.135615	0.137702	0.127402	0.133589	0.147626	0.1415	0.133274	0.155772	0.149411	0.147448	0.149469	0.147375	0.151372	0.157498	0.157463	0.153444	0.157615	0.157581	0.149373	0.161227	0.153392	0.151333	0.151321	0.157498	0.1433	0.155909	0.145452	0.143361	0.137304	0.137303	0.16192	0.125144	0.14349	0.14149	0.13535	0.138593	0.140591	0.137738	0.13573	0.121173	0.131366	0.152347	0.158835	0.127331	0.139655	0.162437	0.14766	0.1517	0.147549	0.131289	0.133368	0.15869	0.135413	0.133435	0.14588	0.133327	0.133303	0.135386	0.135283	0.141331	0.131358	0.133364	0.141484	0.127158	0.131231	0.125314	0.125241	0.129381	0.169449	0.131256	0.14391	0.129297	0.140246	0.145897	0.14371	0.135478	0.13553	0.119139	0.135749	0.148791	0.12323	0.123457	0.125316	0.131375	0.119128	0.129394	0.125279	0.129332	0.125233	0.117134	0.115053	0.115054	0.115054	0.129592	0.125574	0.127661	0.125351	0.12537	0.133651	0.12736	0.133567	0.11947	0.119328	0.123667	0.139649	0.127617	0.119426	0.137437	0.1183	0.111696	0.1237	0.130061	0.129945	0.133863	0.120625	0.108071	0.0978225	0.073464	0.0930608	0.0994757
Uria_aalge	0.0518926	0.0590126	0.0610513	0.088847	0.0547459	0.0527421	0.0975134	0.110166	0.102414	0.118698	0.117852	0.0957758	0.0967745	0.110529	0.0599215	0.0564525	0.0871089	0.0808053	0.0828497	0.0766482	0.0786644	0.0766391	0.0746395	0.0746395	0.0586883	0.069306	0.0362347	0.0569892	0.0631841	0.0585936	0.0545611	0.0524656	0.0463268	0.0403046	0.0423501	0.0402999	0.067231	0.0671488	0.0677562	0.0607276	0.0630381	0.134511	0.0180709	0.0200936	0.0408444	0.0282352	0.0282101	0.0281752	0.0261423	0.0281453	0.0120302	0.0140379	0	0.00600715	0.0241686	0.0570403	0.0826758	0.0735961	0.0761879	0.0700596	0.0675261	0.0753364	0.113636	0.0788995	0.0856217	0.0981461	0.0738732	0.0924919	0.0920613	0.0954861	0.104796	0.0922999	0.0983255	0.0838597	0.0990798	0.0873564	0.0777929	0.0818661	0.0693829	0.0524079	0.0523939	0.0647864	0.073147	0.0748311	0.0914667	0.0707263	0.064571	0.0726116	0.0786264	0.0787805	0.0605301	0.0587219	0.0666427	0.0627248	0.0668386	0.0688576	0.138436	0.129333	0.123931	0.0984797	0.0875973	0.0794516	0.0892258	0.0864487	0.0866739	0.0586921	0.0780309	0.0649336	0.0669327	0.103855	0.102026	0.0777822	0.065376	0.150513	0.153451	0.0902461	0.110288	0.0882039	0.117049	0.0880124	0.115281	0.0835116	0.0953304	0.104416	0.0975247	0.116426	0.118743	0.1328	0.126195	0.123013	0.13318	0.118909	0.0422468	0.0546416	0.0651459	0.0522984	0.0482759	0.0482759	0.0543176	0.0522913	0.0608612	0.0565385	0.0545361	0.097048	0.0983282	0.0851827	0.103154	0.12113	0.124031	0.125713	0.109572	0.0993285	0.0953292	0.114204	0.116001	0.107726	0.080903	0.0992759	0.0952933	0.093134	0.085007	0.0971701	0.105414	0.105392	0.109705	0.117949	0.0992189	0.112709	0.126374	0.128451	0.11562	0.145359	0.134886	0.135414	0.128047	0.121865	0.136671	0.111221	0.12157	0.123597	0.12794	0.113162	0.127441	0.125573	0.133692	0.12125	0.148076	0.127206	0.134735	0.131447	0.14367	0.147981	0.1481	0.140485	0.146592	0.152935	0.138467	0.144496	0.149061	0.146642	0.146599	0.134463	0.132371	0.14063	0.140544	0.141657	0.133599	0.135687	0.125386	0.131573	0.145611	0.139485	0.131259	0.153756	0.147396	0.145433	0.147454	0.14536	0.149356	0.155483	0.155448	0.151429	0.1556	0.155566	0.147358	0.159212	0.151376	0.149318	0.149306	0.155483	0.141284	0.153893	0.143436	0.141346	0.135289	0.135288	0.159904	0.123129	0.141475	0.139474	0.133335	0.136577	0.138576	0.135723	0.133715	0.119158	0.129351	0.150331	0.15682	0.125316	0.13764	0.160422	0.145644	0.149685	0.145534	0.129273	0.131353	0.156675	0.133398	0.13142	0.143864	0.131312	0.131288	0.133371	0.133268	0.139316	0.129343	0.131349	0.139469	0.125142	0.129215	0.123299	0.123225	0.127366	0.167434	0.129241	0.141895	0.127282	0.138231	0.143881	0.141695	0.133463	0.133514	0.117123	0.133733	0.146776	0.121214	0.121442	0.123301	0.12936	0.117113	0.127379	0.123263	0.127317	0.123218	0.115119	0.113038	0.113039	0.113039	0.127577	0.123559	0.125646	0.123336	0.123354	0.131636	0.125345	0.131551	0.117455	0.117312	0.121652	0.137634	0.125602	0.117411	0.135421	0.116284	0.10968	0.121685	0.128045	0.12793	0.131848	0.11861	0.106055	0.0958073	0.0714488	0.0910456	0.0974604
Uria_lomvia	0.0498771	0.0569971	0.0590358	0.0868315	0.0527304	0.0507266	0.0954979	0.10815	0.100399	0.116682	0.115836	0.0937603	0.094759	0.108513	0.057906	0.054437	0.0850934	0.0787898	0.0808342	0.0746327	0.0766489	0.0746236	0.072624	0.072624	0.0566728	0.0672905	0.0342192	0.0549737	0.0611686	0.0565781	0.0525456	0.0504501	0.0443113	0.0382891	0.0403346	0.0382844	0.0652155	0.0651333	0.0657407	0.0587121	0.0610226	0.132495	0.0160554	0.0180781	0.0388289	0.0262197	0.0261946	0.0261597	0.0241268	0.0261298	0.0100148	0.0120224	0.00600715	0	0.0221531	0.0550248	0.0806603	0.0715806	0.0741724	0.0680441	0.0655106	0.0733209	0.111621	0.076884	0.0836062	0.0961306	0.0718577	0.0904764	0.0900458	0.0934706	0.102781	0.0902844	0.09631	0.0818442	0.0970643	0.0853409	0.0757774	0.0798506	0.0673674	0.0503924	0.0503784	0.0627709	0.0711315	0.0728156	0.0894512	0.0687108	0.0625555	0.0705961	0.0766109	0.076765	0.0585146	0.0567064	0.0646272	0.0607093	0.0648231	0.0668421	0.13642	0.127318	0.121916	0.0964642	0.0855818	0.0774361	0.0872103	0.0844332	0.0846584	0.0566766	0.0760154	0.0629181	0.0649172	0.101839	0.100011	0.0757667	0.0633605	0.148498	0.151435	0.0882306	0.108273	0.0861884	0.115033	0.0859969	0.113266	0.0814961	0.0933149	0.1024	0.0955092	0.114411	0.116728	0.130785	0.12418	0.120997	0.131164	0.116894	0.0402313	0.0526261	0.0631304	0.0502829	0.0462604	0.0462604	0.0523021	0.0502758	0.0588457	0.054523	0.0525206	0.0950325	0.0963127	0.0831672	0.101138	0.119115	0.122016	0.123698	0.107556	0.097313	0.0933137	0.112188	0.113985	0.10571	0.0788875	0.0972604	0.0932778	0.0911185	0.0829915	0.0951546	0.103399	0.103376	0.107689	0.115933	0.0972034	0.110693	0.124359	0.126435	0.113605	0.143343	0.13287	0.133399	0.126031	0.119849	0.134656	0.109206	0.119555	0.121581	0.125924	0.111147	0.125425	0.123557	0.131677	0.119234	0.14606	0.12519	0.132719	0.129432	0.141654	0.145965	0.146085	0.138469	0.144577	0.15092	0.136452	0.142481	0.147046	0.144626	0.144583	0.132448	0.130355	0.138615	0.138528	0.139641	0.131584	0.133672	0.123371	0.129558	0.143595	0.137469	0.129244	0.151741	0.14538	0.143418	0.145439	0.143344	0.147341	0.153467	0.153432	0.149414	0.153585	0.15355	0.145342	0.157196	0.149361	0.147303	0.14729	0.153467	0.139269	0.151878	0.141421	0.13933	0.133274	0.133272	0.157889	0.121113	0.13946	0.137459	0.131319	0.134562	0.13656	0.133707	0.1317	0.117142	0.127335	0.148316	0.154804	0.123301	0.135625	0.158406	0.143629	0.147669	0.143518	0.127258	0.129337	0.154659	0.131382	0.129405	0.141849	0.129297	0.129273	0.131356	0.131253	0.1373	0.127328	0.129333	0.137454	0.123127	0.1272	0.121284	0.12121	0.125351	0.165418	0.127226	0.13988	0.125266	0.136216	0.141866	0.13968	0.131448	0.131499	0.115108	0.131718	0.14476	0.119199	0.119427	0.121285	0.127345	0.115098	0.125364	0.121248	0.125302	0.121202	0.113103	0.111022	0.111023	0.111023	0.125561	0.121543	0.12363	0.12132	0.121339	0.129621	0.12333	0.129536	0.11544	0.115297	0.119636	0.135619	0.123586	0.115395	0.133406	0.114269	0.107665	0.119669	0.12603	0.125914	0.129832	0.116594	0.10404	0.0937918	0.0694333	0.0890301	0.0954449
Rhinoptilus_africanus	0.0561197	0.0632397	0.0652784	0.0930741	0.0589729	0.0569692	0.10174	0.114393	0.106641	0.122925	0.122079	0.100003	0.101002	0.114756	0.0641486	0.0606796	0.091336	0.0850324	0.0870768	0.0808752	0.0828915	0.0808662	0.0788666	0.0788666	0.0629154	0.0735331	0.0404618	0.0612163	0.0674112	0.0628207	0.0587882	0.0566927	0.0505539	0.0445317	0.0465772	0.044527	0.0714581	0.0713759	0.0719833	0.0649547	0.0672652	0.138738	0.0262093	0.028232	0.0489886	0.0363794	0.0363543	0.0363194	0.0342865	0.0362895	0.0241713	0.0261838	0.0241686	0.0221531	0	0.0612674	0.0869029	0.0778232	0.080415	0.0742867	0.0717532	0.0795635	0.117863	0.0831266	0.0898488	0.102373	0.0781003	0.096719	0.0962884	0.0997132	0.109023	0.096527	0.102553	0.0880868	0.103307	0.0915835	0.08202	0.0860932	0.07361	0.056635	0.056621	0.0690135	0.077374	0.0790581	0.0956937	0.0749533	0.068798	0.0768387	0.0828535	0.0830076	0.0647572	0.062949	0.0708698	0.0669519	0.0710657	0.0730847	0.142663	0.13356	0.128159	0.102707	0.0918244	0.0836787	0.0934529	0.0906758	0.090901	0.0629192	0.0822579	0.0691607	0.0711598	0.108082	0.106253	0.0820092	0.0696031	0.15474	0.157678	0.0944732	0.114516	0.092431	0.121276	0.0922395	0.119508	0.0877387	0.0995575	0.108643	0.101752	0.120653	0.122971	0.137027	0.130422	0.12724	0.137407	0.123136	0.0464738	0.0588687	0.069373	0.0565255	0.052503	0.052503	0.0585447	0.0565184	0.0650883	0.0607656	0.0587632	0.101275	0.102555	0.0894098	0.107381	0.125357	0.128258	0.12994	0.113799	0.103556	0.0995562	0.118431	0.120228	0.111953	0.0851301	0.103503	0.0995204	0.0973611	0.0892341	0.101397	0.109641	0.109619	0.113932	0.122176	0.103446	0.116936	0.130601	0.132678	0.119848	0.149586	0.139113	0.139641	0.132274	0.126092	0.140899	0.115448	0.125797	0.127824	0.132167	0.117389	0.131668	0.1298	0.137919	0.125477	0.152303	0.131433	0.138962	0.135674	0.147897	0.152208	0.152327	0.144712	0.15082	0.157163	0.142694	0.148723	0.153288	0.150869	0.150826	0.13869	0.136598	0.144857	0.144771	0.145884	0.137826	0.139914	0.129614	0.135801	0.149838	0.143712	0.135486	0.157984	0.151623	0.14966	0.151681	0.149587	0.153584	0.15971	0.159675	0.155656	0.159827	0.159793	0.151585	0.163439	0.155603	0.153545	0.153533	0.15971	0.145511	0.15812	0.147663	0.145573	0.139516	0.139515	0.164131	0.127356	0.145702	0.143701	0.137562	0.140805	0.142803	0.13995	0.137942	0.123385	0.133578	0.154558	0.161047	0.129543	0.141867	0.164649	0.149871	0.153912	0.149761	0.1335	0.13558	0.160902	0.137625	0.135647	0.148091	0.135539	0.135515	0.137598	0.137495	0.143543	0.13357	0.135576	0.143696	0.12937	0.133442	0.127526	0.127452	0.131593	0.171661	0.133468	0.146122	0.131509	0.142458	0.148108	0.145922	0.13769	0.137742	0.12135	0.13796	0.151003	0.125441	0.125669	0.127528	0.133587	0.12134	0.131606	0.12749	0.131544	0.127445	0.119346	0.117265	0.117266	0.117266	0.131804	0.127786	0.129873	0.127563	0.127581	0.135863	0.129572	0.135778	0.121682	0.12154	0.125879	0.141861	0.129829	0.121638	0.139649	0.120512	0.113908	0.125912	0.132272	0.132157	0.136075	0.122837	0.110282	0.100034	0.0756759	0.0952726	0.101687
Leptosomus_discolor	0.0606117	0.0677317	0.0697705	0.0975661	0.063465	0.0614613	0.106233	0.118885	0.111134	0.127417	0.126571	0.104495	0.105494	0.119248	0.0686407	0.0651716	0.095828	0.0895245	0.0915688	0.0853673	0.0873836	0.0853583	0.0833587	0.0833587	0.0674074	0.0780251	0.0531126	0.0738671	0.080062	0.0754715	0.071439	0.0693435	0.0632047	0.0652343	0.0672797	0.0652296	0.0921607	0.0920784	0.0926859	0.0856573	0.0879678	0.159441	0.059081	0.0611036	0.0818603	0.0692511	0.069226	0.0691911	0.0671582	0.0691612	0.0570429	0.0590555	0.0570403	0.0550248	0.0612674	0	0.091395	0.0823152	0.0849071	0.0787787	0.0762452	0.0840555	0.122355	0.0876187	0.0943408	0.106865	0.0825924	0.101211	0.10078	0.104205	0.113515	0.101019	0.107045	0.0925788	0.107799	0.0960755	0.086512	0.0905852	0.078102	0.061127	0.061113	0.0735055	0.0818661	0.0835502	0.100186	0.0794454	0.0732901	0.0813308	0.0873456	0.0874996	0.0692492	0.067441	0.0753619	0.0714439	0.0755578	0.0775768	0.147155	0.138052	0.132651	0.107199	0.0963164	0.0881707	0.097945	0.0951678	0.0953931	0.0674112	0.08675	0.0736528	0.0756519	0.112574	0.110745	0.0865013	0.0740952	0.159232	0.16217	0.0989653	0.119008	0.096923	0.125768	0.0967315	0.124	0.0922307	0.10405	0.113135	0.106244	0.125145	0.127463	0.141519	0.134914	0.131732	0.141899	0.127629	0.0509659	0.0633608	0.0738651	0.0610175	0.056995	0.056995	0.0630367	0.0610104	0.0695803	0.0652576	0.0632553	0.105767	0.107047	0.0939019	0.111873	0.129849	0.13275	0.134432	0.118291	0.108048	0.104048	0.122923	0.12472	0.116445	0.0896222	0.107995	0.104012	0.101853	0.0937261	0.105889	0.114133	0.114111	0.118424	0.126668	0.107938	0.121428	0.135093	0.13717	0.12434	0.154078	0.143605	0.144133	0.136766	0.130584	0.145391	0.11994	0.13029	0.132316	0.136659	0.121881	0.13616	0.134292	0.142411	0.129969	0.156795	0.135925	0.143454	0.140166	0.152389	0.1567	0.156819	0.149204	0.155312	0.161655	0.147186	0.153215	0.15778	0.155361	0.155318	0.143182	0.14109	0.14935	0.149263	0.150376	0.142318	0.144406	0.134106	0.140293	0.15433	0.148204	0.139978	0.162476	0.156115	0.154152	0.156173	0.154079	0.158076	0.164202	0.164167	0.160148	0.164319	0.164285	0.156077	0.167931	0.160095	0.158037	0.158025	0.164202	0.150003	0.162612	0.152155	0.150065	0.144008	0.144007	0.168623	0.131848	0.150194	0.148193	0.142054	0.145297	0.147295	0.144442	0.142434	0.127877	0.13807	0.15905	0.165539	0.134035	0.146359	0.169141	0.154363	0.158404	0.154253	0.137992	0.140072	0.165394	0.142117	0.140139	0.152583	0.140031	0.140007	0.14209	0.141987	0.148035	0.138062	0.140068	0.148188	0.133862	0.137934	0.132018	0.131944	0.136085	0.176153	0.13796	0.150614	0.136001	0.14695	0.1526	0.150414	0.142182	0.142234	0.125842	0.142452	0.155495	0.129933	0.130161	0.13202	0.138079	0.125832	0.136098	0.131983	0.136036	0.131937	0.123838	0.121757	0.121758	0.121758	0.136296	0.132278	0.134365	0.132055	0.132073	0.140355	0.134064	0.14027	0.126174	0.126032	0.130371	0.146353	0.134321	0.12613	0.144141	0.125004	0.1184	0.130404	0.136764	0.136649	0.140567	0.127329	0.114774	0.104526	0.0801679	0.0997647	0.10618
Nyctiprogne_leucopyga	0.0823439	0.089464	0.0915027	0.119298	0.0851972	0.0831935	0.127965	0.140617	0.132866	0.149149	0.148303	0.126227	0.127226	0.14098	0.0903729	0.0869039	0.11756	0.111257	0.113301	0.1071	0.109116	0.107091	0.105091	0.105091	0.0891397	0.0997573	0.0787482	0.0995026	0.105698	0.101107	0.0970746	0.0949791	0.0888403	0.0908698	0.0929153	0.0908652	0.117796	0.117714	0.118321	0.111293	0.113603	0.185076	0.0847166	0.0867392	0.107496	0.0948866	0.0948615	0.0948266	0.0927937	0.0947967	0.0826785	0.0846911	0.0826758	0.0806603	0.0869029	0.091395	0	0.0559506	0.0585424	0.0807641	0.0782306	0.0896935	0.127993	0.0932566	0.0999788	0.112503	0.0919212	0.122943	0.122513	0.125937	0.135248	0.122751	0.128777	0.114311	0.129531	0.117808	0.108244	0.112317	0.0998343	0.0828592	0.0828453	0.0952377	0.103598	0.105282	0.121918	0.101178	0.0950223	0.103063	0.109078	0.109232	0.0909815	0.0891732	0.0970941	0.0931762	0.09729	0.099309	0.168887	0.159785	0.154383	0.128931	0.118049	0.109903	0.119677	0.1169	0.117125	0.0891435	0.108482	0.095385	0.0973841	0.134306	0.132478	0.108234	0.0958274	0.180964	0.183902	0.120698	0.14074	0.118655	0.1475	0.118464	0.145733	0.113963	0.125782	0.134867	0.127976	0.146877	0.149195	0.163251	0.156647	0.153464	0.163631	0.149361	0.0726981	0.085093	0.0955973	0.0827497	0.0787273	0.0787273	0.0847689	0.0827427	0.0913126	0.0869899	0.0849875	0.127499	0.12878	0.115634	0.133605	0.151582	0.154483	0.156165	0.140023	0.12978	0.125781	0.144655	0.146452	0.138177	0.111354	0.129727	0.125745	0.123585	0.115458	0.127621	0.135865	0.135843	0.140156	0.1484	0.12967	0.14316	0.156826	0.158902	0.146072	0.17581	0.165337	0.165866	0.158498	0.152316	0.167123	0.141672	0.152022	0.154048	0.158391	0.143614	0.157892	0.156024	0.164143	0.151701	0.178527	0.157657	0.165186	0.161898	0.174121	0.178432	0.178552	0.170936	0.177044	0.183387	0.168919	0.174948	0.179512	0.177093	0.17705	0.164914	0.162822	0.171082	0.170995	0.172108	0.164051	0.166139	0.155838	0.162025	0.176062	0.169936	0.161711	0.184208	0.177847	0.175884	0.177905	0.175811	0.179808	0.185934	0.185899	0.181881	0.186052	0.186017	0.177809	0.189663	0.181828	0.17977	0.179757	0.185934	0.171736	0.184345	0.173888	0.171797	0.165741	0.165739	0.190356	0.15358	0.171926	0.169926	0.163786	0.167029	0.169027	0.166174	0.164166	0.149609	0.159802	0.180783	0.187271	0.155767	0.168092	0.190873	0.176096	0.180136	0.175985	0.159725	0.161804	0.187126	0.163849	0.161872	0.174316	0.161763	0.161739	0.163822	0.16372	0.169767	0.159794	0.1618	0.169921	0.155594	0.159667	0.153751	0.153677	0.157817	0.197885	0.159693	0.172347	0.157733	0.168683	0.174333	0.172147	0.163914	0.163966	0.147575	0.164185	0.177227	0.151666	0.151894	0.153752	0.159812	0.147564	0.15783	0.153715	0.157769	0.153669	0.14557	0.143489	0.14349	0.14349	0.158028	0.15401	0.156097	0.153787	0.153806	0.162087	0.155796	0.162003	0.147907	0.147764	0.152103	0.168086	0.156053	0.147862	0.165873	0.146736	0.140132	0.152136	0.158497	0.158381	0.162299	0.149061	0.136507	0.126259	0.1019	0.121497	0.127912
Antrostomus_carolinensis	0.0732642	0.0803842	0.082423	0.110219	0.0761175	0.0741138	0.118885	0.131537	0.123786	0.140069	0.139223	0.117147	0.118146	0.1319	0.0812932	0.0778241	0.108481	0.102177	0.104221	0.0980198	0.100036	0.0980108	0.0960112	0.0960112	0.0800599	0.0906776	0.0696684	0.0904229	0.0966178	0.0920273	0.0879949	0.0858994	0.0797605	0.0817901	0.0838356	0.0817854	0.108717	0.108634	0.109242	0.102213	0.104524	0.175996	0.0756369	0.0776595	0.0984161	0.0858069	0.0857818	0.0857469	0.083714	0.085717	0.0735988	0.0756114	0.0735961	0.0715806	0.0778232	0.0823152	0.0559506	0	0.029542	0.0716844	0.0691508	0.0806137	0.118914	0.0841769	0.090899	0.103423	0.0828415	0.113863	0.113433	0.116858	0.126168	0.113672	0.119697	0.105231	0.120451	0.108728	0.0991645	0.103238	0.0907545	0.0737795	0.0737655	0.086158	0.0945186	0.0962027	0.112838	0.0920979	0.0859426	0.0939833	0.0999981	0.100152	0.0819017	0.0800935	0.0880144	0.0840964	0.0882103	0.0902293	0.159807	0.150705	0.145303	0.119851	0.108969	0.100823	0.110597	0.10782	0.108046	0.0800637	0.0994025	0.0863053	0.0883044	0.125227	0.123398	0.0991538	0.0867477	0.171885	0.174823	0.111618	0.13166	0.109576	0.13842	0.109384	0.136653	0.104883	0.116702	0.125787	0.118896	0.137798	0.140115	0.154172	0.147567	0.144384	0.154552	0.140281	0.0636184	0.0760133	0.0865176	0.07367	0.0696475	0.0696475	0.0756892	0.0736629	0.0822328	0.0779101	0.0759078	0.11842	0.1197	0.106554	0.124525	0.142502	0.145403	0.147085	0.130944	0.1207	0.116701	0.135575	0.137372	0.129097	0.102275	0.120648	0.116665	0.114506	0.106379	0.118542	0.126786	0.126763	0.131076	0.13932	0.120591	0.13408	0.147746	0.149822	0.136992	0.16673	0.156258	0.156786	0.149419	0.143236	0.158043	0.132593	0.142942	0.144968	0.149312	0.134534	0.148813	0.146944	0.155064	0.142621	0.169447	0.148577	0.156106	0.152819	0.165042	0.169353	0.169472	0.161856	0.167964	0.174307	0.159839	0.165868	0.170433	0.168014	0.16797	0.155835	0.153742	0.162002	0.161915	0.163028	0.154971	0.157059	0.146758	0.152945	0.166983	0.160857	0.152631	0.175128	0.168767	0.166805	0.168826	0.166732	0.170728	0.176854	0.176819	0.172801	0.176972	0.176937	0.16873	0.180583	0.172748	0.17069	0.170677	0.176854	0.162656	0.175265	0.164808	0.162717	0.156661	0.156659	0.181276	0.1445	0.162847	0.160846	0.154706	0.157949	0.159947	0.157094	0.155087	0.14053	0.150722	0.171703	0.178192	0.146688	0.159012	0.181793	0.167016	0.171056	0.166906	0.150645	0.152724	0.178047	0.154769	0.152792	0.165236	0.152684	0.15266	0.154743	0.15464	0.160688	0.150715	0.15272	0.160841	0.146514	0.150587	0.144671	0.144597	0.148738	0.188805	0.150613	0.163267	0.148654	0.159603	0.165253	0.163067	0.154835	0.154886	0.138495	0.155105	0.168147	0.142586	0.142814	0.144673	0.150732	0.138485	0.148751	0.144635	0.148689	0.144589	0.13649	0.13441	0.134411	0.134411	0.148948	0.14493	0.147018	0.144707	0.144726	0.153008	0.146717	0.152923	0.138827	0.138684	0.143023	0.159006	0.146973	0.138783	0.156793	0.137656	0.131052	0.143057	0.149417	0.149302	0.15322	0.139981	0.127427	0.117179	0.0928204	0.112417	0.118832
Chordeiles_acutipennis	0.0758561	0.0829761	0.0850148	0.11281	0.0787093	0.0767056	0.121477	0.134129	0.126378	0.142661	0.141815	0.119739	0.120738	0.134492	0.083885	0.080416	0.111072	0.104769	0.106813	0.100612	0.102628	0.100603	0.098603	0.098603	0.0826518	0.0932695	0.0722603	0.0930147	0.0992097	0.0946191	0.0905867	0.0884912	0.0823524	0.0843819	0.0864274	0.0843773	0.111308	0.111226	0.111834	0.104805	0.107115	0.178588	0.0782287	0.0802513	0.101008	0.0883987	0.0883737	0.0883387	0.0863058	0.0883088	0.0761906	0.0782032	0.0761879	0.0741724	0.080415	0.0849071	0.0585424	0.029542	0	0.0742762	0.0717427	0.0832056	0.121505	0.0867687	0.0934909	0.106015	0.0854333	0.116455	0.116025	0.11945	0.12876	0.116263	0.122289	0.107823	0.123043	0.11132	0.101756	0.10583	0.0933464	0.0763713	0.0763574	0.0887499	0.0971104	0.0987945	0.11543	0.0946897	0.0885344	0.0965751	0.10259	0.102744	0.0844936	0.0826853	0.0906062	0.0866883	0.0908021	0.0928211	0.162399	0.153297	0.147895	0.122443	0.111561	0.103415	0.113189	0.110412	0.110637	0.0826556	0.101994	0.0888971	0.0908962	0.127818	0.12599	0.101746	0.0893395	0.174477	0.177414	0.11421	0.134252	0.112167	0.141012	0.111976	0.139245	0.107475	0.119294	0.128379	0.121488	0.140389	0.142707	0.156764	0.150159	0.146976	0.157143	0.142873	0.0662102	0.0786051	0.0891094	0.0762619	0.0722394	0.0722394	0.078281	0.0762548	0.0848247	0.080502	0.0784996	0.121011	0.122292	0.109146	0.127117	0.145094	0.147995	0.149677	0.133535	0.123292	0.119293	0.138167	0.139964	0.131689	0.104867	0.123239	0.119257	0.117097	0.10897	0.121134	0.129378	0.129355	0.133668	0.141912	0.123182	0.136672	0.150338	0.152414	0.139584	0.169322	0.158849	0.159378	0.15201	0.145828	0.160635	0.135185	0.145534	0.14756	0.151903	0.137126	0.151404	0.149536	0.157656	0.145213	0.172039	0.151169	0.158698	0.155411	0.167633	0.171944	0.172064	0.164448	0.170556	0.176899	0.162431	0.16846	0.173024	0.170605	0.170562	0.158426	0.156334	0.164594	0.164507	0.16562	0.157563	0.159651	0.14935	0.155537	0.169574	0.163448	0.155223	0.17772	0.171359	0.169397	0.171417	0.169323	0.17332	0.179446	0.179411	0.175393	0.179564	0.179529	0.171321	0.183175	0.17534	0.173282	0.173269	0.179446	0.165248	0.177857	0.1674	0.165309	0.159253	0.159251	0.183868	0.147092	0.165438	0.163438	0.157298	0.160541	0.162539	0.159686	0.157679	0.143121	0.153314	0.174295	0.180783	0.14928	0.161604	0.184385	0.169608	0.173648	0.169497	0.153237	0.155316	0.180638	0.157361	0.155384	0.167828	0.155276	0.155252	0.157335	0.157232	0.163279	0.153307	0.155312	0.163433	0.149106	0.153179	0.147263	0.147189	0.15133	0.191397	0.153205	0.165859	0.151245	0.162195	0.167845	0.165659	0.157427	0.157478	0.141087	0.157697	0.170739	0.145178	0.145406	0.147264	0.153324	0.141077	0.151343	0.147227	0.151281	0.147181	0.139082	0.137001	0.137002	0.137002	0.15154	0.147522	0.149609	0.147299	0.147318	0.1556	0.149309	0.155515	0.141419	0.141276	0.145615	0.161598	0.149565	0.141374	0.159385	0.140248	0.133644	0.145648	0.152009	0.151893	0.155811	0.142573	0.130019	0.119771	0.0954122	0.115009	0.121424
Nyctibius_bracteatus	0.0697277	0.0768477	0.0788864	0.106682	0.072581	0.0705772	0.115348	0.128001	0.120249	0.136533	0.135687	0.113611	0.11461	0.128364	0.0777566	0.0742876	0.104944	0.0986404	0.100685	0.0944833	0.0964995	0.0944742	0.0924746	0.0924746	0.0765234	0.0871411	0.0661319	0.0868864	0.0930813	0.0884908	0.0844583	0.0823628	0.076224	0.0782536	0.080299	0.0782489	0.10518	0.105098	0.105705	0.0986766	0.100987	0.17246	0.0721003	0.0741229	0.0948796	0.0822704	0.0822453	0.0822104	0.0801775	0.0821805	0.0700622	0.0720748	0.0700596	0.0680441	0.0742867	0.0787787	0.0807641	0.0716844	0.0742762	0	0.0203988	0.0770772	0.115377	0.0806404	0.0873625	0.0998869	0.079305	0.110327	0.109896	0.113321	0.122631	0.110135	0.116161	0.101695	0.116915	0.105191	0.095628	0.0997012	0.087218	0.070243	0.070229	0.0826215	0.0909821	0.0926662	0.109302	0.0885614	0.0824061	0.0904467	0.0964615	0.0966156	0.0783652	0.076557	0.0844778	0.0805599	0.0846737	0.0866927	0.156271	0.147168	0.141767	0.116315	0.105432	0.0972867	0.107061	0.104284	0.104509	0.0765272	0.095866	0.0827687	0.0847678	0.12169	0.119861	0.0956173	0.0832111	0.168348	0.171286	0.108081	0.128124	0.106039	0.134884	0.105847	0.133116	0.101347	0.113166	0.122251	0.11536	0.134261	0.136579	0.150635	0.14403	0.140848	0.151015	0.136744	0.0600819	0.0724767	0.082981	0.0701335	0.066111	0.066111	0.0721527	0.0701264	0.0786963	0.0743736	0.0723712	0.114883	0.116163	0.103018	0.120989	0.138965	0.141866	0.143548	0.127407	0.117164	0.113164	0.132039	0.133836	0.125561	0.0987381	0.117111	0.113128	0.110969	0.102842	0.115005	0.123249	0.123227	0.12754	0.135784	0.117054	0.130544	0.144209	0.146286	0.133456	0.163194	0.152721	0.153249	0.145882	0.1397	0.154507	0.129056	0.139405	0.141432	0.145775	0.130997	0.145276	0.143408	0.151527	0.139085	0.165911	0.145041	0.15257	0.149282	0.161505	0.165816	0.165935	0.15832	0.164428	0.170771	0.156302	0.162331	0.166896	0.164477	0.164434	0.152298	0.150206	0.158466	0.158379	0.159492	0.151434	0.153522	0.143222	0.149409	0.163446	0.15732	0.149094	0.171592	0.165231	0.163268	0.165289	0.163195	0.167192	0.173318	0.173283	0.169264	0.173435	0.173401	0.165193	0.177047	0.169211	0.167153	0.167141	0.173318	0.159119	0.171728	0.161271	0.159181	0.153124	0.153123	0.177739	0.140964	0.15931	0.157309	0.15117	0.154413	0.156411	0.153558	0.15155	0.136993	0.147186	0.168166	0.174655	0.143151	0.155475	0.178257	0.163479	0.16752	0.163369	0.147108	0.149188	0.17451	0.151233	0.149255	0.161699	0.149147	0.149123	0.151206	0.151103	0.157151	0.147178	0.149184	0.157304	0.142978	0.14705	0.141134	0.14106	0.145201	0.185269	0.147076	0.15973	0.145117	0.156066	0.161716	0.15953	0.151298	0.15135	0.134958	0.151568	0.164611	0.139049	0.139277	0.141136	0.147195	0.134948	0.145214	0.141098	0.145152	0.141053	0.132954	0.130873	0.130874	0.130874	0.145412	0.141394	0.143481	0.141171	0.141189	0.149471	0.14318	0.149386	0.13529	0.135148	0.139487	0.155469	0.143437	0.135246	0.153257	0.13412	0.127516	0.13952	0.14588	0.145765	0.149683	0.136445	0.12389	0.113642	0.0892839	0.108881	0.115296
Nyctibius_grandis	0.0671942	0.0743142	0.0763529	0.104149	0.0700475	0.0680437	0.112815	0.125467	0.117716	0.133999	0.133153	0.111077	0.112076	0.12583	0.0752231	0.0717541	0.102411	0.0961069	0.0981513	0.0919498	0.093966	0.0919407	0.0899411	0.0899411	0.0739899	0.0846076	0.0635984	0.0843529	0.0905478	0.0859573	0.0819248	0.0798293	0.0736905	0.0757201	0.0777655	0.0757154	0.102647	0.102564	0.103172	0.0961431	0.0984536	0.169926	0.0695668	0.0715894	0.0923461	0.0797369	0.0797118	0.0796769	0.077644	0.079647	0.0675287	0.0695413	0.0675261	0.0655106	0.0717532	0.0762452	0.0782306	0.0691508	0.0717427	0.0203988	0	0.0745437	0.112844	0.0781069	0.084829	0.0973534	0.0767715	0.107793	0.107363	0.110788	0.120098	0.107602	0.113627	0.0991613	0.114381	0.102658	0.0930945	0.0971677	0.0846845	0.0677095	0.0676955	0.080088	0.0884486	0.0901326	0.106768	0.0860278	0.0798726	0.0879132	0.093928	0.0940821	0.0758317	0.0740235	0.0819443	0.0780264	0.0821402	0.0841592	0.153737	0.144635	0.139233	0.113781	0.102899	0.0947532	0.104527	0.10175	0.101976	0.0739937	0.0933325	0.0802352	0.0822343	0.119157	0.117328	0.0930837	0.0806776	0.165815	0.168753	0.105548	0.12559	0.103505	0.13235	0.103314	0.130583	0.0988132	0.110632	0.119717	0.112826	0.131728	0.134045	0.148102	0.141497	0.138314	0.148482	0.134211	0.0575483	0.0699432	0.0804475	0.0676	0.0635775	0.0635775	0.0696192	0.0675929	0.0761628	0.0718401	0.0698377	0.11235	0.11363	0.100484	0.118455	0.136432	0.139333	0.141015	0.124874	0.11463	0.110631	0.129505	0.131302	0.123027	0.0962046	0.114578	0.110595	0.108436	0.100309	0.112472	0.120716	0.120693	0.125006	0.13325	0.114521	0.12801	0.141676	0.143752	0.130922	0.16066	0.150188	0.150716	0.143348	0.137166	0.151973	0.126523	0.136872	0.138898	0.143241	0.128464	0.142743	0.140874	0.148994	0.136551	0.163377	0.142507	0.150036	0.146749	0.158971	0.163282	0.163402	0.155786	0.161894	0.168237	0.153769	0.159798	0.164363	0.161944	0.1619	0.149765	0.147672	0.155932	0.155845	0.156958	0.148901	0.150989	0.140688	0.146875	0.160913	0.154787	0.146561	0.169058	0.162697	0.160735	0.162756	0.160662	0.164658	0.170784	0.170749	0.166731	0.170902	0.170867	0.16266	0.174513	0.166678	0.16462	0.164607	0.170784	0.156586	0.169195	0.158738	0.156647	0.150591	0.150589	0.175206	0.13843	0.156777	0.154776	0.148636	0.151879	0.153877	0.151024	0.149017	0.13446	0.144652	0.165633	0.172122	0.140618	0.152942	0.175723	0.160946	0.164986	0.160836	0.144575	0.146654	0.171977	0.148699	0.146722	0.159166	0.146614	0.14659	0.148673	0.14857	0.154617	0.144645	0.14665	0.154771	0.140444	0.144517	0.138601	0.138527	0.142668	0.182735	0.144543	0.157197	0.142584	0.153533	0.159183	0.156997	0.148765	0.148816	0.132425	0.149035	0.162077	0.136516	0.136744	0.138603	0.144662	0.132415	0.142681	0.138565	0.142619	0.138519	0.13042	0.128339	0.12834	0.12834	0.142878	0.13886	0.140948	0.138637	0.138656	0.146938	0.140647	0.146853	0.132757	0.132614	0.136953	0.152936	0.140903	0.132712	0.150723	0.131586	0.124982	0.136986	0.143347	0.143232	0.14715	0.133911	0.121357	0.111109	0.0867504	0.106347	0.112762
Aegotheles_bennettii	0.0750045	0.0821245	0.0841632	0.111959	0.0778578	0.0758541	0.120625	0.133278	0.125526	0.141809	0.140964	0.118888	0.119886	0.13364	0.0830335	0.0795644	0.110221	0.103917	0.105962	0.0997601	0.101776	0.0997511	0.0977515	0.0977515	0.0818002	0.0924179	0.0714087	0.0921632	0.0983581	0.0937676	0.0897352	0.0876396	0.0815008	0.0835304	0.0855759	0.0835257	0.110457	0.110375	0.110982	0.103953	0.106264	0.177737	0.0773771	0.0793998	0.100156	0.0875472	0.0875221	0.0874872	0.0854543	0.0874573	0.0753391	0.0773516	0.0753364	0.0733209	0.0795635	0.0840555	0.0896935	0.0806137	0.0832056	0.0770772	0.0745437	0	0.112617	0.0778803	0.0846025	0.0971269	0.0845818	0.115604	0.115173	0.118598	0.127908	0.115412	0.121437	0.106972	0.122192	0.110468	0.100905	0.104978	0.0924948	0.0755198	0.0755058	0.0878983	0.0962589	0.097943	0.114579	0.0938382	0.0876829	0.0957236	0.101738	0.101892	0.083642	0.0818338	0.0897547	0.0858367	0.0899506	0.0919696	0.161548	0.152445	0.147043	0.121592	0.110709	0.102563	0.112338	0.109561	0.109786	0.081804	0.101143	0.0880456	0.0900447	0.126967	0.125138	0.100894	0.088488	0.173625	0.176563	0.113358	0.1334	0.111316	0.14016	0.111124	0.138393	0.106624	0.118442	0.127528	0.120637	0.139538	0.141855	0.155912	0.149307	0.146125	0.156292	0.142021	0.0653587	0.0777536	0.0882579	0.0754103	0.0713878	0.0713878	0.0774295	0.0754032	0.0839731	0.0796504	0.0776481	0.12016	0.12144	0.108295	0.126266	0.144242	0.147143	0.148825	0.132684	0.12244	0.118441	0.137316	0.139113	0.130838	0.104015	0.122388	0.118405	0.116246	0.108119	0.120282	0.128526	0.128504	0.132817	0.141061	0.122331	0.135821	0.149486	0.151562	0.138732	0.16847	0.157998	0.158526	0.151159	0.144977	0.159783	0.134333	0.144682	0.146708	0.151052	0.136274	0.150553	0.148685	0.156804	0.144361	0.171188	0.150318	0.157847	0.154559	0.166782	0.171093	0.171212	0.163597	0.169704	0.176047	0.161579	0.167608	0.172173	0.169754	0.169711	0.157575	0.155483	0.163742	0.163655	0.164769	0.156711	0.158799	0.148498	0.154685	0.168723	0.162597	0.154371	0.176868	0.170507	0.168545	0.170566	0.168472	0.172468	0.178595	0.17856	0.174541	0.178712	0.178678	0.17047	0.182323	0.174488	0.17243	0.172418	0.178595	0.164396	0.177005	0.166548	0.164458	0.158401	0.1584	0.183016	0.146241	0.164587	0.162586	0.156446	0.159689	0.161687	0.158835	0.156827	0.14227	0.152463	0.173443	0.179932	0.148428	0.160752	0.183534	0.168756	0.172797	0.168646	0.152385	0.154465	0.179787	0.15651	0.154532	0.166976	0.154424	0.1544	0.156483	0.15638	0.162428	0.152455	0.154461	0.162581	0.148254	0.152327	0.146411	0.146337	0.150478	0.190546	0.152353	0.165007	0.150394	0.161343	0.166993	0.164807	0.156575	0.156626	0.140235	0.156845	0.169888	0.144326	0.144554	0.146413	0.152472	0.140225	0.150491	0.146375	0.150429	0.14633	0.138231	0.13615	0.136151	0.136151	0.150689	0.146671	0.148758	0.146448	0.146466	0.154748	0.148457	0.154663	0.140567	0.140424	0.144764	0.160746	0.148714	0.140523	0.158533	0.139396	0.132792	0.144797	0.151157	0.151042	0.15496	0.141722	0.129167	0.118919	0.0945607	0.114157	0.120572
Chaetura_pelagica	0.113304	0.120424	0.122463	0.150259	0.116158	0.114154	0.158925	0.171578	0.163826	0.180109	0.179263	0.157188	0.158186	0.17194	0.121333	0.117864	0.148521	0.142217	0.144261	0.13806	0.140076	0.138051	0.136051	0.136051	0.1201	0.130718	0.109709	0.130463	0.136658	0.132067	0.128035	0.125939	0.119801	0.12183	0.123876	0.121826	0.148757	0.148674	0.149282	0.142253	0.144564	0.216037	0.115677	0.1177	0.138456	0.125847	0.125822	0.125787	0.123754	0.125757	0.113639	0.115651	0.113636	0.111621	0.117863	0.122355	0.127993	0.118914	0.121505	0.115377	0.112844	0.112617	0	0.0579279	0.0988218	0.111346	0.122882	0.153904	0.153473	0.156898	0.166208	0.153712	0.159737	0.145271	0.160492	0.148768	0.139205	0.143278	0.130795	0.11382	0.113806	0.126198	0.134559	0.136243	0.152878	0.132138	0.125983	0.134023	0.140038	0.140192	0.121942	0.120134	0.128054	0.124137	0.12825	0.130269	0.199847	0.190745	0.185343	0.159891	0.149009	0.140863	0.150638	0.14786	0.148086	0.120104	0.139443	0.126345	0.128345	0.165267	0.163438	0.139194	0.126788	0.211925	0.214863	0.151658	0.1717	0.149616	0.17846	0.149424	0.176693	0.144923	0.156742	0.165828	0.158936	0.177838	0.180155	0.194212	0.187607	0.184425	0.194592	0.180321	0.103659	0.116053	0.126558	0.11371	0.109688	0.109688	0.115729	0.113703	0.122273	0.11795	0.115948	0.15846	0.15974	0.146594	0.164565	0.182542	0.185443	0.187125	0.170984	0.16074	0.156741	0.175616	0.177413	0.169138	0.142315	0.160688	0.156705	0.154546	0.146419	0.158582	0.166826	0.166803	0.171117	0.17936	0.160631	0.174121	0.187786	0.189862	0.177032	0.20677	0.196298	0.196826	0.189459	0.183277	0.198083	0.172633	0.182982	0.185008	0.189352	0.174574	0.188853	0.186984	0.195104	0.182661	0.209488	0.188617	0.196147	0.192859	0.205082	0.209393	0.209512	0.201897	0.208004	0.214347	0.199879	0.205908	0.210473	0.208054	0.20801	0.195875	0.193782	0.202042	0.201955	0.203069	0.195011	0.197099	0.186798	0.192985	0.207023	0.200897	0.192671	0.215168	0.208807	0.206845	0.208866	0.206772	0.210768	0.216894	0.21686	0.212841	0.217012	0.216977	0.20877	0.220623	0.212788	0.21073	0.210717	0.216894	0.202696	0.215305	0.204848	0.202758	0.196701	0.196699	0.221316	0.18454	0.202887	0.200886	0.194746	0.197989	0.199987	0.197134	0.195127	0.18057	0.190762	0.211743	0.218232	0.186728	0.199052	0.221833	0.207056	0.211096	0.206946	0.190685	0.192765	0.218087	0.194809	0.192832	0.205276	0.192724	0.1927	0.194783	0.19468	0.200728	0.190755	0.192761	0.200881	0.186554	0.190627	0.184711	0.184637	0.188778	0.228845	0.190653	0.203307	0.188694	0.199643	0.205293	0.203107	0.194875	0.194926	0.178535	0.195145	0.208188	0.182626	0.182854	0.184713	0.190772	0.178525	0.188791	0.184675	0.188729	0.18463	0.176531	0.17445	0.174451	0.174451	0.188989	0.184971	0.187058	0.184747	0.184766	0.193048	0.186757	0.192963	0.178867	0.178724	0.183064	0.199046	0.187013	0.178823	0.196833	0.177696	0.171092	0.183097	0.189457	0.189342	0.19326	0.180021	0.167467	0.157219	0.132861	0.152457	0.158872
Hemiprocne_comata	0.0785676	0.0856877	0.0877264	0.115522	0.0814209	0.0794172	0.124188	0.136841	0.129089	0.145373	0.144527	0.122451	0.12345	0.137204	0.0865966	0.0831276	0.113784	0.10748	0.109525	0.103323	0.10534	0.103314	0.101315	0.101315	0.0853634	0.095981	0.0749719	0.0957263	0.101921	0.0973307	0.0932983	0.0912028	0.085064	0.0870935	0.089139	0.0870889	0.11402	0.113938	0.114545	0.107517	0.109827	0.1813	0.0809403	0.0829629	0.10372	0.0911103	0.0910852	0.0910503	0.0890174	0.0910204	0.0789022	0.0809148	0.0788995	0.076884	0.0831266	0.0876187	0.0932566	0.0841769	0.0867687	0.0806404	0.0781069	0.0778803	0.0579279	0	0.0640852	0.0766096	0.0881449	0.119167	0.118736	0.122161	0.131471	0.118975	0.125001	0.110535	0.125755	0.114031	0.104468	0.108541	0.096058	0.0790829	0.079069	0.0914615	0.099822	0.101506	0.118142	0.0974013	0.091246	0.0992867	0.105302	0.105456	0.0872052	0.0853969	0.0933178	0.0893999	0.0935137	0.0955327	0.165111	0.156008	0.150607	0.125155	0.114272	0.106127	0.115901	0.113124	0.113349	0.0853672	0.104706	0.0916087	0.0936078	0.13053	0.128701	0.104457	0.0920511	0.177188	0.180126	0.116921	0.136963	0.114879	0.143724	0.114687	0.141956	0.110187	0.122005	0.131091	0.1242	0.143101	0.145418	0.159475	0.15287	0.149688	0.159855	0.145584	0.0689218	0.0813167	0.091821	0.0789734	0.074951	0.074951	0.0809926	0.0789664	0.0875363	0.0832136	0.0812112	0.123723	0.125003	0.111858	0.129829	0.147805	0.150706	0.152388	0.136247	0.126004	0.122004	0.140879	0.142676	0.134401	0.107578	0.125951	0.121968	0.119809	0.111682	0.123845	0.132089	0.132067	0.13638	0.144624	0.125894	0.139384	0.153049	0.155126	0.142296	0.172034	0.161561	0.162089	0.154722	0.14854	0.163346	0.137896	0.148245	0.150272	0.154615	0.139837	0.154116	0.152248	0.160367	0.147925	0.174751	0.153881	0.16141	0.158122	0.170345	0.174656	0.174775	0.16716	0.173267	0.17961	0.165142	0.171171	0.175736	0.173317	0.173274	0.161138	0.159046	0.167305	0.167219	0.168332	0.160274	0.162362	0.152062	0.158249	0.172286	0.16616	0.157934	0.180432	0.174071	0.172108	0.174129	0.172035	0.176032	0.182158	0.182123	0.178104	0.182275	0.182241	0.174033	0.185887	0.178051	0.175993	0.175981	0.182158	0.167959	0.180568	0.170111	0.168021	0.161964	0.161963	0.186579	0.149804	0.16815	0.166149	0.16001	0.163253	0.165251	0.162398	0.16039	0.145833	0.156026	0.177006	0.183495	0.151991	0.164315	0.187097	0.172319	0.17636	0.172209	0.155948	0.158028	0.18335	0.160073	0.158095	0.170539	0.157987	0.157963	0.160046	0.159943	0.165991	0.156018	0.158024	0.166144	0.151818	0.15589	0.149974	0.1499	0.154041	0.194109	0.155916	0.16857	0.153957	0.164906	0.170556	0.16837	0.160138	0.16019	0.143798	0.160408	0.173451	0.147889	0.148117	0.149976	0.156035	0.143788	0.154054	0.149938	0.153992	0.149893	0.141794	0.139713	0.139714	0.139714	0.154252	0.150234	0.152321	0.150011	0.150029	0.158311	0.15202	0.158226	0.14413	0.143988	0.148327	0.164309	0.152277	0.144086	0.162096	0.14296	0.136356	0.14836	0.15472	0.154605	0.158523	0.145285	0.13273	0.122482	0.0981238	0.117721	0.124135
Calypte_anna	0.0852898	0.0924098	0.0944485	0.122244	0.0881431	0.0861393	0.130911	0.143563	0.135812	0.152095	0.151249	0.129173	0.130172	0.143926	0.0933187	0.0898497	0.120506	0.114203	0.116247	0.110045	0.112062	0.110036	0.108037	0.108037	0.0920855	0.102703	0.081694	0.102448	0.108643	0.104053	0.10002	0.0979249	0.0917861	0.0938157	0.0958612	0.093811	0.120742	0.12066	0.121267	0.114239	0.116549	0.188022	0.0876624	0.089685	0.110442	0.0978325	0.0978074	0.0977725	0.0957396	0.0977426	0.0856244	0.0876369	0.0856217	0.0836062	0.0898488	0.0943408	0.0999788	0.090899	0.0934909	0.0873625	0.084829	0.0846025	0.0988218	0.0640852	0	0.0243283	0.0948671	0.125889	0.125459	0.128883	0.138193	0.125697	0.131723	0.117257	0.132477	0.120754	0.11119	0.115263	0.10278	0.0858051	0.0857911	0.0981836	0.106544	0.108228	0.124864	0.104123	0.0979682	0.106009	0.112024	0.112178	0.0939273	0.0921191	0.10004	0.096122	0.100236	0.102255	0.171833	0.16273	0.157329	0.131877	0.120994	0.112849	0.122623	0.119846	0.120071	0.0920893	0.111428	0.0983308	0.10033	0.137252	0.135423	0.111179	0.0987732	0.18391	0.186848	0.123643	0.143686	0.121601	0.150446	0.12141	0.148678	0.116909	0.128728	0.137813	0.130922	0.149823	0.152141	0.166197	0.159592	0.15641	0.166577	0.152307	0.075644	0.0880389	0.0985431	0.0856956	0.0816731	0.0816731	0.0877148	0.0856885	0.0942584	0.0899357	0.0879334	0.130445	0.131725	0.11858	0.136551	0.154528	0.157429	0.15911	0.142969	0.132726	0.128726	0.147601	0.149398	0.141123	0.1143	0.132673	0.128691	0.126531	0.118404	0.130567	0.138811	0.138789	0.143102	0.151346	0.132616	0.146106	0.159771	0.161848	0.149018	0.178756	0.168283	0.168811	0.161444	0.155262	0.170069	0.144618	0.154968	0.156994	0.161337	0.146559	0.160838	0.15897	0.167089	0.154647	0.181473	0.160603	0.168132	0.164844	0.177067	0.181378	0.181497	0.173882	0.17999	0.186333	0.171864	0.177893	0.182458	0.180039	0.179996	0.16786	0.165768	0.174028	0.173941	0.175054	0.166996	0.169084	0.158784	0.164971	0.179008	0.172882	0.164656	0.187154	0.180793	0.17883	0.180851	0.178757	0.182754	0.18888	0.188845	0.184826	0.188997	0.188963	0.180755	0.192609	0.184773	0.182715	0.182703	0.18888	0.174681	0.187291	0.176834	0.174743	0.168686	0.168685	0.193302	0.156526	0.174872	0.172871	0.166732	0.169975	0.171973	0.16912	0.167112	0.152555	0.162748	0.183729	0.190217	0.158713	0.171037	0.193819	0.179042	0.183082	0.178931	0.162671	0.16475	0.190072	0.166795	0.164817	0.177262	0.164709	0.164685	0.166768	0.166665	0.172713	0.16274	0.164746	0.172866	0.15854	0.162612	0.156696	0.156623	0.160763	0.200831	0.162638	0.175292	0.160679	0.171628	0.177279	0.175092	0.16686	0.166912	0.150521	0.16713	0.180173	0.154612	0.154839	0.156698	0.162757	0.15051	0.160776	0.156661	0.160714	0.156615	0.148516	0.146435	0.146436	0.146436	0.160974	0.156956	0.159043	0.156733	0.156752	0.165033	0.158742	0.164948	0.150852	0.15071	0.155049	0.171031	0.158999	0.150808	0.168819	0.149682	0.143078	0.155082	0.161443	0.161327	0.165245	0.152007	0.139452	0.129204	0.104846	0.124443	0.130858
Oreotrochilus_melanogaster	0.0978142	0.104934	0.106973	0.134769	0.100668	0.0986638	0.143435	0.156087	0.148336	0.164619	0.163773	0.141697	0.142696	0.15645	0.105843	0.102374	0.133031	0.126727	0.128771	0.12257	0.124586	0.122561	0.120561	0.120561	0.10461	0.115228	0.0942185	0.114973	0.121168	0.116577	0.112545	0.110449	0.104311	0.10634	0.108386	0.106335	0.133267	0.133184	0.133792	0.126763	0.129074	0.200547	0.100187	0.102209	0.122966	0.110357	0.110332	0.110297	0.108264	0.110267	0.0981488	0.100161	0.0981461	0.0961306	0.102373	0.106865	0.112503	0.103423	0.106015	0.0998869	0.0973534	0.0971269	0.111346	0.0766096	0.0243283	0	0.107392	0.138414	0.137983	0.141408	0.150718	0.138222	0.144247	0.129781	0.145001	0.133278	0.123715	0.127788	0.115305	0.0983295	0.0983155	0.110708	0.119069	0.120753	0.137388	0.116648	0.110493	0.118533	0.124548	0.124702	0.106452	0.104644	0.112564	0.108646	0.11276	0.114779	0.184357	0.175255	0.169853	0.144401	0.133519	0.125373	0.135148	0.13237	0.132596	0.104614	0.123953	0.110855	0.112854	0.149777	0.147948	0.123704	0.111298	0.196435	0.199373	0.136168	0.15621	0.134126	0.16297	0.133934	0.161203	0.129433	0.141252	0.150337	0.143446	0.162348	0.164665	0.178722	0.172117	0.168935	0.179102	0.164831	0.0881684	0.100563	0.111068	0.09822	0.0941975	0.0941975	0.100239	0.098213	0.106783	0.10246	0.100458	0.14297	0.14425	0.131104	0.149075	0.167052	0.169953	0.171635	0.155494	0.14525	0.141251	0.160125	0.161922	0.153647	0.126825	0.145198	0.141215	0.139056	0.130929	0.143092	0.151336	0.151313	0.155626	0.16387	0.145141	0.158631	0.172296	0.174372	0.161542	0.19128	0.180808	0.181336	0.173969	0.167786	0.182593	0.157143	0.167492	0.169518	0.173862	0.159084	0.173363	0.171494	0.179614	0.167171	0.193997	0.173127	0.180656	0.177369	0.189592	0.193903	0.194022	0.186406	0.192514	0.198857	0.184389	0.190418	0.194983	0.192564	0.19252	0.180385	0.178292	0.186552	0.186465	0.187579	0.179521	0.181609	0.171308	0.177495	0.191533	0.185407	0.177181	0.199678	0.193317	0.191355	0.193376	0.191282	0.195278	0.201404	0.20137	0.197351	0.201522	0.201487	0.19328	0.205133	0.197298	0.19524	0.195227	0.201404	0.187206	0.199815	0.189358	0.187267	0.181211	0.181209	0.205826	0.16905	0.187397	0.185396	0.179256	0.182499	0.184497	0.181644	0.179637	0.16508	0.175272	0.196253	0.202742	0.171238	0.183562	0.206343	0.191566	0.195606	0.191456	0.175195	0.177274	0.202597	0.179319	0.177342	0.189786	0.177234	0.17721	0.179293	0.17919	0.185238	0.175265	0.17727	0.185391	0.171064	0.175137	0.169221	0.169147	0.173288	0.213355	0.175163	0.187817	0.173204	0.184153	0.189803	0.187617	0.179385	0.179436	0.163045	0.179655	0.192697	0.167136	0.167364	0.169223	0.175282	0.163035	0.173301	0.169185	0.173239	0.169139	0.16104	0.15896	0.158961	0.158961	0.173498	0.169481	0.171568	0.169257	0.169276	0.177558	0.171267	0.177473	0.163377	0.163234	0.167574	0.183556	0.171523	0.163333	0.181343	0.162206	0.155602	0.167607	0.173967	0.173852	0.17777	0.164531	0.151977	0.141729	0.11737	0.136967	0.143382
Steatornis_caripensis	0.0735413	0.0806614	0.0827001	0.110496	0.0763946	0.0743909	0.119162	0.131815	0.124063	0.140346	0.1395	0.117425	0.118423	0.132177	0.0815703	0.0781013	0.108758	0.102454	0.104498	0.0982969	0.100313	0.0982879	0.0962883	0.0962883	0.080337	0.0909547	0.0699456	0.0907	0.0968949	0.0923044	0.088272	0.0861765	0.0800377	0.0820672	0.0841127	0.0820626	0.108994	0.108911	0.109519	0.10249	0.104801	0.176274	0.075914	0.0779366	0.0986932	0.086084	0.0860589	0.086024	0.0839911	0.0859941	0.0738759	0.0758885	0.0738732	0.0718577	0.0781003	0.0825924	0.0919212	0.0828415	0.0854333	0.079305	0.0767715	0.0845818	0.122882	0.0881449	0.0948671	0.107392	0	0.114141	0.11371	0.117135	0.126445	0.113949	0.119974	0.105508	0.120729	0.109005	0.0994417	0.103515	0.0910316	0.0740566	0.0740426	0.0864351	0.0947957	0.0964798	0.113115	0.092375	0.0862197	0.0942604	0.100275	0.100429	0.0821789	0.0803706	0.0882915	0.0843736	0.0884874	0.0905064	0.160084	0.150982	0.14558	0.120128	0.109246	0.1011	0.110875	0.108097	0.108323	0.0803409	0.0996796	0.0865824	0.0885815	0.125504	0.123675	0.0994309	0.0870248	0.172162	0.1751	0.111895	0.131937	0.109853	0.138697	0.109661	0.13693	0.10516	0.116979	0.126065	0.119173	0.138075	0.140392	0.154449	0.147844	0.144662	0.154829	0.140558	0.0638955	0.0762904	0.0867947	0.0739471	0.0699246	0.0699246	0.0759663	0.0739401	0.08251	0.0781873	0.0761849	0.118697	0.119977	0.106832	0.124802	0.142779	0.14568	0.147362	0.131221	0.120977	0.116978	0.135853	0.13765	0.129375	0.102552	0.120925	0.116942	0.114783	0.106656	0.118819	0.127063	0.12704	0.131354	0.139597	0.120868	0.134358	0.148023	0.150099	0.137269	0.167007	0.156535	0.157063	0.149696	0.143514	0.15832	0.13287	0.143219	0.145245	0.149589	0.134811	0.14909	0.147221	0.155341	0.142898	0.169725	0.148854	0.156384	0.153096	0.165319	0.16963	0.169749	0.162134	0.168241	0.174584	0.160116	0.166145	0.17071	0.168291	0.168247	0.156112	0.15402	0.162279	0.162192	0.163306	0.155248	0.157336	0.147035	0.153222	0.16726	0.161134	0.152908	0.175405	0.169044	0.167082	0.169103	0.167009	0.171005	0.177131	0.177097	0.173078	0.177249	0.177214	0.169007	0.18086	0.173025	0.170967	0.170954	0.177131	0.162933	0.175542	0.165085	0.162995	0.156938	0.156936	0.181553	0.144777	0.163124	0.161123	0.154983	0.158226	0.160224	0.157371	0.155364	0.140807	0.150999	0.17198	0.178469	0.146965	0.159289	0.18207	0.167293	0.171333	0.167183	0.150922	0.153002	0.178324	0.155046	0.153069	0.165513	0.152961	0.152937	0.15502	0.154917	0.160965	0.150992	0.152998	0.161118	0.146791	0.150864	0.144948	0.144874	0.149015	0.189082	0.15089	0.163544	0.148931	0.15988	0.16553	0.163344	0.155112	0.155163	0.138772	0.155382	0.168425	0.142863	0.143091	0.14495	0.151009	0.138762	0.149028	0.144912	0.148966	0.144867	0.136768	0.134687	0.134688	0.134688	0.149226	0.145208	0.147295	0.144984	0.145003	0.153285	0.146994	0.1532	0.139104	0.138961	0.143301	0.159283	0.14725	0.13906	0.15707	0.137933	0.131329	0.143334	0.149694	0.149579	0.153497	0.140258	0.127704	0.117456	0.0930975	0.112694	0.119109
Pterocles_burchelli	0.0921501	0.0992702	0.101309	0.129109	0.0950074	0.0930037	0.137775	0.150427	0.142676	0.158959	0.158113	0.136037	0.137036	0.15079	0.100183	0.0967141	0.12737	0.121067	0.123111	0.11691	0.118926	0.116901	0.114901	0.114901	0.0989499	0.109568	0.0885642	0.109319	0.115514	0.110923	0.106891	0.104795	0.0986563	0.100686	0.102731	0.100681	0.127612	0.12753	0.128138	0.121109	0.123419	0.194892	0.0945326	0.0965552	0.117312	0.104703	0.104678	0.104643	0.10261	0.104613	0.0924945	0.0945071	0.0924919	0.0904764	0.096719	0.101211	0.122943	0.113863	0.116455	0.110327	0.107793	0.115604	0.153904	0.119167	0.125889	0.138414	0.114141	0	0.0289753	0.0324	0.138841	0.126344	0.13237	0.117904	0.133124	0.123597	0.114033	0.118107	0.109633	0.0926577	0.0926437	0.105036	0.113397	0.115081	0.131717	0.110976	0.104821	0.112862	0.118876	0.11903	0.10078	0.0989717	0.106893	0.10298	0.107094	0.109113	0.178691	0.169589	0.164187	0.138735	0.127853	0.119707	0.129481	0.126704	0.126929	0.0989497	0.118288	0.105191	0.10719	0.144113	0.142284	0.11804	0.105634	0.190771	0.193708	0.130504	0.150546	0.128461	0.157306	0.12827	0.155539	0.123769	0.135588	0.144673	0.137782	0.156684	0.159001	0.173058	0.166453	0.16327	0.173438	0.159167	0.0825043	0.0948992	0.105403	0.0925559	0.0885334	0.0885334	0.0945751	0.0925489	0.101119	0.0967961	0.0947937	0.137306	0.138586	0.12544	0.143411	0.161388	0.164289	0.165971	0.14983	0.139586	0.135587	0.154461	0.156258	0.147983	0.121161	0.139534	0.135551	0.133392	0.125265	0.137428	0.145672	0.145649	0.149962	0.158206	0.139476	0.152966	0.166632	0.168708	0.155878	0.185616	0.175144	0.175672	0.168304	0.162122	0.176929	0.151479	0.161828	0.163854	0.168197	0.15342	0.167699	0.16583	0.17395	0.161507	0.188333	0.167463	0.174992	0.171705	0.183927	0.188238	0.188358	0.180742	0.18685	0.193193	0.178725	0.184754	0.189319	0.1869	0.186856	0.174721	0.172628	0.180888	0.180801	0.181914	0.173857	0.175945	0.165644	0.171831	0.185869	0.179742	0.171517	0.194014	0.187653	0.185691	0.187712	0.185618	0.189614	0.19574	0.195705	0.191687	0.195858	0.195823	0.187616	0.199469	0.191634	0.189576	0.189563	0.19574	0.181542	0.194151	0.183694	0.181603	0.175547	0.175545	0.200162	0.163386	0.181733	0.179732	0.173592	0.176835	0.178833	0.17598	0.173973	0.159416	0.169608	0.190589	0.197077	0.165574	0.177898	0.200679	0.185902	0.189942	0.185792	0.169531	0.17161	0.196932	0.173655	0.171678	0.184122	0.17157	0.171546	0.173629	0.173526	0.179573	0.169601	0.171606	0.179727	0.1654	0.169473	0.163557	0.163483	0.167624	0.207691	0.169499	0.182153	0.167539	0.178489	0.184139	0.181953	0.173721	0.173772	0.157381	0.173991	0.187033	0.161472	0.1617	0.163558	0.169618	0.157371	0.167637	0.163521	0.167575	0.163475	0.155376	0.153295	0.153296	0.153296	0.167834	0.163816	0.165903	0.163593	0.163612	0.171894	0.165603	0.171809	0.157713	0.15757	0.161909	0.177892	0.165859	0.157668	0.175679	0.156542	0.149938	0.161942	0.168303	0.168187	0.172105	0.158867	0.146313	0.136065	0.111706	0.131303	0.137718
Pterocles_gutturalis	0.0917196	0.0988396	0.100878	0.128678	0.0945769	0.0925732	0.137344	0.149997	0.142245	0.158529	0.157683	0.135607	0.136606	0.15036	0.0997526	0.0962836	0.12694	0.120636	0.122681	0.116479	0.118496	0.11647	0.114471	0.114471	0.0985194	0.109137	0.0881337	0.108888	0.115083	0.110493	0.10646	0.104365	0.0982258	0.100255	0.102301	0.100251	0.127182	0.1271	0.127707	0.120678	0.122989	0.194462	0.0941021	0.0961247	0.116881	0.104272	0.104247	0.104212	0.102179	0.104182	0.092064	0.0940766	0.0920613	0.0900458	0.0962884	0.10078	0.122513	0.113433	0.116025	0.109896	0.107363	0.115173	0.153473	0.118736	0.125459	0.137983	0.11371	0.0289753	0	0.0202078	0.13841	0.125914	0.131939	0.117474	0.132694	0.123166	0.113603	0.117676	0.109202	0.0922272	0.0922132	0.104606	0.112966	0.11465	0.131286	0.110546	0.10439	0.112431	0.118446	0.1186	0.100349	0.0985412	0.106462	0.10255	0.106664	0.108683	0.178261	0.169158	0.163756	0.138305	0.127422	0.119277	0.129051	0.126274	0.126499	0.0985191	0.117858	0.104761	0.10676	0.143682	0.141853	0.117609	0.105203	0.19034	0.193278	0.130073	0.150115	0.128031	0.156876	0.127839	0.155108	0.123339	0.135157	0.144243	0.137352	0.156253	0.15857	0.172627	0.166022	0.16284	0.173007	0.158736	0.0820738	0.0944687	0.104973	0.0921254	0.0881029	0.0881029	0.0941446	0.0921184	0.100688	0.0963655	0.0943632	0.136875	0.138155	0.12501	0.142981	0.160957	0.163858	0.16554	0.149399	0.139156	0.135156	0.154031	0.155828	0.147553	0.12073	0.139103	0.13512	0.132961	0.124834	0.136997	0.145241	0.145219	0.149532	0.157776	0.139046	0.152536	0.166201	0.168278	0.155447	0.185186	0.174713	0.175241	0.167874	0.161692	0.176498	0.151048	0.161397	0.163424	0.167767	0.152989	0.167268	0.1654	0.173519	0.161077	0.187903	0.167033	0.174562	0.171274	0.183497	0.187808	0.187927	0.180312	0.186419	0.192762	0.178294	0.184323	0.188888	0.186469	0.186426	0.17429	0.172198	0.180457	0.180371	0.181484	0.173426	0.175514	0.165214	0.1714	0.185438	0.179312	0.171086	0.193584	0.187223	0.18526	0.187281	0.185187	0.189183	0.19531	0.195275	0.191256	0.195427	0.195393	0.187185	0.199039	0.191203	0.189145	0.189133	0.19531	0.181111	0.19372	0.183263	0.181173	0.175116	0.175115	0.199731	0.162956	0.181302	0.179301	0.173162	0.176405	0.178403	0.17555	0.173542	0.158985	0.169178	0.190158	0.196647	0.165143	0.177467	0.200249	0.185471	0.189512	0.185361	0.1691	0.17118	0.196502	0.173225	0.171247	0.183691	0.171139	0.171115	0.173198	0.173095	0.179143	0.16917	0.171176	0.179296	0.16497	0.169042	0.163126	0.163052	0.167193	0.207261	0.169068	0.181722	0.167109	0.178058	0.183708	0.181522	0.17329	0.173341	0.15695	0.17356	0.186603	0.161041	0.161269	0.163128	0.169187	0.15694	0.167206	0.16309	0.167144	0.163045	0.154946	0.152865	0.152866	0.152866	0.167404	0.163386	0.165473	0.163163	0.163181	0.171463	0.165172	0.171378	0.157282	0.15714	0.161479	0.177461	0.165429	0.157238	0.175248	0.156112	0.149507	0.161512	0.167872	0.167757	0.171675	0.158437	0.145882	0.135634	0.111276	0.130873	0.137287
Syrrhaptes_paradoxus	0.0951444	0.102264	0.104303	0.132103	0.0980017	0.0959979	0.140769	0.153422	0.14567	0.161953	0.161107	0.139032	0.14003	0.153784	0.103177	0.0997083	0.130365	0.124061	0.126106	0.119904	0.12192	0.119895	0.117895	0.117895	0.101944	0.112562	0.0915584	0.112313	0.118508	0.113917	0.109885	0.107789	0.101651	0.10368	0.105726	0.103675	0.130607	0.130524	0.131132	0.124103	0.126414	0.197886	0.0975268	0.0995495	0.120306	0.107697	0.107672	0.107637	0.105604	0.107607	0.0954888	0.0975013	0.0954861	0.0934706	0.0997132	0.104205	0.125937	0.116858	0.11945	0.113321	0.110788	0.118598	0.156898	0.122161	0.128883	0.141408	0.117135	0.0324	0.0202078	0	0.141835	0.129339	0.135364	0.120898	0.136118	0.126591	0.117028	0.121101	0.112627	0.095652	0.095638	0.10803	0.116391	0.118075	0.134711	0.11397	0.107815	0.115856	0.121871	0.122025	0.103774	0.101966	0.109887	0.105975	0.110088	0.112107	0.181685	0.172583	0.167181	0.14173	0.130847	0.122701	0.132476	0.129698	0.129924	0.101944	0.121283	0.108185	0.110185	0.147107	0.145278	0.121034	0.108628	0.193765	0.196703	0.133498	0.15354	0.131456	0.1603	0.131264	0.158533	0.126763	0.138582	0.147668	0.140777	0.159678	0.161995	0.176052	0.169447	0.166265	0.176432	0.162161	0.0854986	0.0978934	0.108398	0.0955502	0.0915277	0.0915277	0.0975694	0.0955431	0.104113	0.0997903	0.0977879	0.1403	0.14158	0.128435	0.146406	0.164382	0.167283	0.168965	0.152824	0.14258	0.138581	0.157456	0.159253	0.150978	0.124155	0.142528	0.138545	0.136386	0.128259	0.140422	0.148666	0.148643	0.152957	0.1612	0.142471	0.155961	0.169626	0.171702	0.158872	0.18861	0.178138	0.178666	0.171299	0.165117	0.179923	0.154473	0.164822	0.166848	0.171192	0.156414	0.170693	0.168824	0.176944	0.164501	0.191328	0.170457	0.177987	0.174699	0.186922	0.191233	0.191352	0.183737	0.189844	0.196187	0.181719	0.187748	0.192313	0.189894	0.18985	0.177715	0.175623	0.183882	0.183795	0.184909	0.176851	0.178939	0.168638	0.174825	0.188863	0.182737	0.174511	0.197008	0.190647	0.188685	0.190706	0.188612	0.192608	0.198734	0.1987	0.194681	0.198852	0.198817	0.19061	0.202463	0.194628	0.19257	0.192557	0.198734	0.184536	0.197145	0.186688	0.184598	0.178541	0.178539	0.203156	0.16638	0.184727	0.182726	0.176586	0.179829	0.181827	0.178975	0.176967	0.16241	0.172602	0.193583	0.200072	0.168568	0.180892	0.203673	0.188896	0.192936	0.188786	0.172525	0.174605	0.199927	0.17665	0.174672	0.187116	0.174564	0.17454	0.176623	0.17652	0.182568	0.172595	0.174601	0.182721	0.168394	0.172467	0.166551	0.166477	0.170618	0.210685	0.172493	0.185147	0.170534	0.181483	0.187133	0.184947	0.176715	0.176766	0.160375	0.176985	0.190028	0.164466	0.164694	0.166553	0.172612	0.160365	0.170631	0.166515	0.170569	0.16647	0.158371	0.15629	0.156291	0.156291	0.170829	0.166811	0.168898	0.166588	0.166606	0.174888	0.168597	0.174803	0.160707	0.160564	0.164904	0.180886	0.168853	0.160663	0.178673	0.159536	0.152932	0.164937	0.171297	0.171182	0.1751	0.161861	0.149307	0.139059	0.114701	0.134297	0.140712
Alopecoenas_beccarii	0.104454	0.111574	0.113613	0.141413	0.107312	0.105308	0.150079	0.162732	0.15498	0.171263	0.170418	0.148342	0.14934	0.163094	0.112487	0.109018	0.139675	0.133371	0.135416	0.129214	0.13123	0.129205	0.127205	0.127205	0.111254	0.121872	0.100869	0.121623	0.127818	0.123227	0.119195	0.117099	0.110961	0.11299	0.115036	0.112985	0.139917	0.139834	0.140442	0.133413	0.135724	0.207197	0.106837	0.10886	0.129616	0.117007	0.116982	0.116947	0.114914	0.116917	0.104799	0.106811	0.104796	0.102781	0.109023	0.113515	0.135248	0.126168	0.12876	0.122631	0.120098	0.127908	0.166208	0.131471	0.138193	0.150718	0.126445	0.138841	0.13841	0.141835	0	0.0494738	0.0554993	0.0451182	0.0856947	0.135901	0.126338	0.130411	0.121937	0.104962	0.104948	0.117341	0.125701	0.127385	0.144021	0.12328	0.117125	0.125166	0.131181	0.131335	0.113084	0.111276	0.119197	0.115285	0.119399	0.121418	0.190996	0.181893	0.176491	0.15104	0.140157	0.132011	0.141786	0.139009	0.139234	0.111254	0.130593	0.117496	0.119495	0.156417	0.154588	0.130344	0.117938	0.203075	0.206013	0.142808	0.16285	0.140766	0.16961	0.140574	0.167843	0.136073	0.147892	0.156978	0.150087	0.168988	0.171305	0.185362	0.178757	0.175575	0.185742	0.171471	0.0948086	0.107204	0.117708	0.10486	0.100838	0.100838	0.106879	0.104853	0.113423	0.1091	0.107098	0.14961	0.15089	0.137745	0.155716	0.173692	0.176593	0.178275	0.162134	0.15189	0.147891	0.166766	0.168563	0.160288	0.133465	0.151838	0.147855	0.145696	0.137569	0.149732	0.157976	0.157953	0.162267	0.17051	0.151781	0.165271	0.178936	0.181012	0.168182	0.19792	0.187448	0.187976	0.180609	0.174427	0.189233	0.163783	0.174132	0.176158	0.180502	0.165724	0.180003	0.178134	0.186254	0.173811	0.200638	0.179768	0.187297	0.184009	0.196232	0.200543	0.200662	0.193047	0.199154	0.205497	0.191029	0.197058	0.201623	0.199204	0.199161	0.187025	0.184933	0.193192	0.193105	0.194219	0.186161	0.188249	0.177948	0.184135	0.198173	0.192047	0.183821	0.206318	0.199957	0.197995	0.200016	0.197922	0.201918	0.208044	0.20801	0.203991	0.208162	0.208127	0.19992	0.211773	0.203938	0.20188	0.201867	0.208045	0.193846	0.206455	0.195998	0.193908	0.187851	0.187849	0.212466	0.175691	0.194037	0.192036	0.185896	0.189139	0.191137	0.188285	0.186277	0.17172	0.181913	0.202893	0.209382	0.177878	0.190202	0.212984	0.198206	0.202246	0.198096	0.181835	0.183915	0.209237	0.18596	0.183982	0.196426	0.183874	0.18385	0.185933	0.18583	0.191878	0.181905	0.183911	0.192031	0.177704	0.181777	0.175861	0.175787	0.179928	0.219996	0.181803	0.194457	0.179844	0.190793	0.196443	0.194257	0.186025	0.186076	0.169685	0.186295	0.199338	0.173776	0.174004	0.175863	0.181922	0.169675	0.179941	0.175825	0.179879	0.17578	0.167681	0.1656	0.165601	0.165601	0.180139	0.176121	0.178208	0.175898	0.175916	0.184198	0.177907	0.184113	0.170017	0.169874	0.174214	0.190196	0.178164	0.169973	0.187983	0.168846	0.162242	0.174247	0.180607	0.180492	0.18441	0.171172	0.158617	0.148369	0.124011	0.143607	0.150022
Columba_livia	0.0919582	0.0990782	0.101117	0.128917	0.0948155	0.0928118	0.137583	0.150235	0.142484	0.158767	0.157921	0.135845	0.136844	0.150598	0.0999912	0.0965222	0.127179	0.120875	0.122919	0.116718	0.118734	0.116709	0.114709	0.114709	0.0987579	0.109376	0.0883723	0.109127	0.115322	0.110731	0.106699	0.104603	0.0984644	0.100494	0.102539	0.100489	0.12742	0.127338	0.127946	0.120917	0.123227	0.1947	0.0943407	0.0963633	0.11712	0.104511	0.104486	0.104451	0.102418	0.104421	0.0923026	0.0943152	0.0922999	0.0902844	0.096527	0.101019	0.122751	0.113672	0.116263	0.110135	0.107602	0.115412	0.153712	0.118975	0.125697	0.138222	0.113949	0.126344	0.125914	0.129339	0.0494738	0	0.0391691	0.0326219	0.0731985	0.123405	0.113842	0.117915	0.109441	0.0924658	0.0924518	0.104844	0.113205	0.114889	0.131525	0.110784	0.104629	0.11267	0.118684	0.118838	0.100588	0.0987798	0.106701	0.102788	0.106902	0.108921	0.178499	0.169397	0.163995	0.138543	0.127661	0.119515	0.129289	0.126512	0.126738	0.0987577	0.118096	0.104999	0.106998	0.143921	0.142092	0.117848	0.105442	0.190579	0.193517	0.130312	0.150354	0.128269	0.157114	0.128078	0.155347	0.123577	0.135396	0.144481	0.13759	0.156492	0.158809	0.172866	0.166261	0.163078	0.173246	0.158975	0.0823124	0.0947073	0.105212	0.092364	0.0883415	0.0883415	0.0943832	0.0923569	0.100927	0.0966041	0.0946018	0.137114	0.138394	0.125248	0.143219	0.161196	0.164097	0.165779	0.149638	0.139394	0.135395	0.154269	0.156066	0.147791	0.120969	0.139342	0.135359	0.1332	0.125073	0.137236	0.14548	0.145457	0.14977	0.158014	0.139285	0.152774	0.16644	0.168516	0.155686	0.185424	0.174952	0.17548	0.168113	0.16193	0.176737	0.151287	0.161636	0.163662	0.168005	0.153228	0.167507	0.165638	0.173758	0.161315	0.188141	0.167271	0.1748	0.171513	0.183736	0.188046	0.188166	0.18055	0.186658	0.193001	0.178533	0.184562	0.189127	0.186708	0.186664	0.174529	0.172436	0.180696	0.180609	0.181722	0.173665	0.175753	0.165452	0.171639	0.185677	0.179551	0.171325	0.193822	0.187461	0.185499	0.18752	0.185426	0.189422	0.195548	0.195513	0.191495	0.195666	0.195631	0.187424	0.199277	0.191442	0.189384	0.189371	0.195548	0.18135	0.193959	0.183502	0.181411	0.175355	0.175353	0.19997	0.163194	0.181541	0.17954	0.1734	0.176643	0.178641	0.175788	0.173781	0.159224	0.169416	0.190397	0.196886	0.165382	0.177706	0.200487	0.18571	0.18975	0.1856	0.169339	0.171418	0.196741	0.173463	0.171486	0.18393	0.171378	0.171354	0.173437	0.173334	0.179382	0.169409	0.171414	0.179535	0.165208	0.169281	0.163365	0.163291	0.167432	0.207499	0.169307	0.181961	0.167348	0.178297	0.183947	0.181761	0.173529	0.17358	0.157189	0.173799	0.186841	0.16128	0.161508	0.163367	0.169426	0.157179	0.167445	0.163329	0.167383	0.163283	0.155184	0.153104	0.153105	0.153105	0.167642	0.163624	0.165712	0.163401	0.16342	0.171702	0.165411	0.171617	0.157521	0.157378	0.161717	0.1777	0.165667	0.157477	0.175487	0.15635	0.149746	0.161751	0.168111	0.167996	0.171914	0.158675	0.146121	0.135873	0.111514	0.131111	0.137526
Patagioenas_fasciata	0.0979838	0.105104	0.107143	0.134942	0.100841	0.0988373	0.143609	0.156261	0.14851	0.164793	0.163947	0.141871	0.14287	0.156624	0.106017	0.102548	0.133204	0.126901	0.128945	0.122743	0.12476	0.122734	0.120735	0.120735	0.104783	0.115401	0.0943978	0.115152	0.121347	0.116757	0.112724	0.110629	0.10449	0.106519	0.108565	0.106515	0.133446	0.133364	0.133971	0.126943	0.129253	0.200726	0.100366	0.102389	0.123145	0.110536	0.110511	0.110476	0.108443	0.110446	0.0983282	0.100341	0.0983255	0.09631	0.102553	0.107045	0.128777	0.119697	0.122289	0.116161	0.113627	0.121437	0.159737	0.125001	0.131723	0.144247	0.119974	0.13237	0.131939	0.135364	0.0554993	0.0391691	0	0.0386475	0.079224	0.129431	0.119867	0.12394	0.115466	0.0984914	0.0984774	0.11087	0.11923	0.120915	0.13755	0.11681	0.110654	0.118695	0.12471	0.124864	0.106614	0.104805	0.112726	0.108814	0.112928	0.114947	0.184525	0.175422	0.170021	0.144569	0.133686	0.125541	0.135315	0.132538	0.132763	0.104783	0.124122	0.111025	0.113024	0.149946	0.148117	0.123873	0.111467	0.196604	0.199542	0.136337	0.15638	0.134295	0.16314	0.134104	0.161372	0.129603	0.141422	0.150507	0.143616	0.162517	0.164835	0.178891	0.172286	0.169104	0.179271	0.165001	0.0883379	0.100733	0.111237	0.0983896	0.0943671	0.0943671	0.100409	0.0983825	0.106952	0.10263	0.100627	0.143139	0.144419	0.131274	0.149245	0.167221	0.170123	0.171804	0.155663	0.14542	0.14142	0.160295	0.162092	0.153817	0.126994	0.145367	0.141385	0.139225	0.131098	0.143261	0.151505	0.151483	0.155796	0.16404	0.14531	0.1588	0.172465	0.174542	0.161712	0.19145	0.180977	0.181505	0.174138	0.167956	0.182763	0.157312	0.167662	0.169688	0.174031	0.159253	0.173532	0.171664	0.179783	0.167341	0.194167	0.173297	0.180826	0.177538	0.189761	0.194072	0.194191	0.186576	0.192684	0.199027	0.184558	0.190587	0.195152	0.192733	0.19269	0.180554	0.178462	0.186722	0.186635	0.187748	0.17969	0.181778	0.171478	0.177665	0.191702	0.185576	0.17735	0.199848	0.193487	0.191524	0.193545	0.191451	0.195448	0.201574	0.201539	0.19752	0.201691	0.201657	0.193449	0.205303	0.197467	0.195409	0.195397	0.201574	0.187375	0.199984	0.189528	0.187437	0.18138	0.181379	0.205996	0.16922	0.187566	0.185565	0.179426	0.182669	0.184667	0.181814	0.179806	0.165249	0.175442	0.196423	0.202911	0.171407	0.183731	0.206513	0.191735	0.195776	0.191625	0.175364	0.177444	0.202766	0.179489	0.177511	0.189955	0.177403	0.177379	0.179462	0.179359	0.185407	0.175434	0.17744	0.18556	0.171234	0.175306	0.16939	0.169317	0.173457	0.213525	0.175332	0.187986	0.173373	0.184322	0.189973	0.187786	0.179554	0.179606	0.163215	0.179824	0.192867	0.167306	0.167533	0.169392	0.175451	0.163204	0.17347	0.169355	0.173408	0.169309	0.16121	0.159129	0.15913	0.15913	0.173668	0.16965	0.171737	0.169427	0.169446	0.177727	0.171436	0.177642	0.163546	0.163404	0.167743	0.183725	0.171693	0.163502	0.181513	0.162376	0.155772	0.167776	0.174137	0.174021	0.177939	0.164701	0.152146	0.141898	0.11754	0.137137	0.143552
Caloenas_nicobarica	0.083518	0.090638	0.0926767	0.120476	0.0863753	0.0843715	0.129143	0.141795	0.134044	0.150327	0.149481	0.127405	0.128404	0.142158	0.0915509	0.0880819	0.118738	0.112435	0.114479	0.108278	0.110294	0.108269	0.106269	0.106269	0.0903177	0.100935	0.079932	0.100686	0.106881	0.102291	0.0982585	0.096163	0.0900241	0.0920537	0.0940992	0.092049	0.11898	0.118898	0.119505	0.112477	0.114787	0.18626	0.0859004	0.0879231	0.10868	0.0960705	0.0960454	0.0960105	0.0939776	0.0959806	0.0838624	0.0858749	0.0838597	0.0818442	0.0880868	0.0925788	0.114311	0.105231	0.107823	0.101695	0.0991613	0.106972	0.145271	0.110535	0.117257	0.129781	0.105508	0.117904	0.117474	0.120898	0.0451182	0.0326219	0.0386475	0	0.0647583	0.114965	0.105401	0.109475	0.101001	0.0840256	0.0840116	0.0964041	0.104765	0.106449	0.123084	0.102344	0.0961887	0.104229	0.110244	0.110398	0.0921478	0.0903396	0.0982604	0.0943482	0.098462	0.100481	0.170059	0.160957	0.155555	0.130103	0.119221	0.111075	0.120849	0.118072	0.118297	0.0903175	0.109656	0.096559	0.0985581	0.13548	0.133652	0.109408	0.0970014	0.182138	0.185076	0.121872	0.141914	0.119829	0.148674	0.119638	0.146907	0.115137	0.126956	0.136041	0.12915	0.148051	0.150369	0.164425	0.157821	0.154638	0.164805	0.150535	0.0738722	0.086267	0.0967713	0.0839238	0.0799013	0.0799013	0.085943	0.0839167	0.0924866	0.0881639	0.0861615	0.128673	0.129954	0.116808	0.134779	0.152756	0.155657	0.157339	0.141197	0.130954	0.126955	0.145829	0.147626	0.139351	0.112528	0.130901	0.126919	0.124759	0.116632	0.128795	0.137039	0.137017	0.14133	0.149574	0.130844	0.144334	0.158	0.160076	0.147246	0.176984	0.166511	0.16704	0.159672	0.15349	0.168297	0.142847	0.153196	0.155222	0.159565	0.144788	0.159066	0.157198	0.165318	0.152875	0.179701	0.158831	0.16636	0.163073	0.175295	0.179606	0.179726	0.17211	0.178218	0.184561	0.170093	0.176122	0.180686	0.178267	0.178224	0.166088	0.163996	0.172256	0.172169	0.173282	0.165225	0.167313	0.157012	0.163199	0.177236	0.17111	0.162885	0.185382	0.179021	0.177059	0.179079	0.176985	0.180982	0.187108	0.187073	0.183055	0.187226	0.187191	0.178983	0.190837	0.183002	0.180944	0.180931	0.187108	0.17291	0.185519	0.175062	0.172971	0.166915	0.166913	0.19153	0.154754	0.1731	0.1711	0.16496	0.168203	0.170201	0.167348	0.16534	0.150783	0.160976	0.181957	0.188445	0.156941	0.169266	0.192047	0.17727	0.18131	0.177159	0.160899	0.162978	0.1883	0.165023	0.163046	0.17549	0.162937	0.162913	0.164996	0.164894	0.170941	0.160968	0.162974	0.171095	0.156768	0.160841	0.154925	0.154851	0.158992	0.199059	0.160867	0.173521	0.158907	0.169857	0.175507	0.173321	0.165088	0.16514	0.148749	0.165359	0.178401	0.15284	0.153068	0.154926	0.160986	0.148739	0.159004	0.154889	0.158943	0.154843	0.146744	0.144663	0.144664	0.144664	0.159202	0.155184	0.157271	0.154961	0.15498	0.163261	0.156971	0.163177	0.149081	0.148938	0.153277	0.16926	0.157227	0.149036	0.167047	0.14791	0.141306	0.15331	0.159671	0.159555	0.163473	0.150235	0.137681	0.127433	0.103074	0.122671	0.129086
Columbina_picui	0.0987381	0.105858	0.107897	0.135696	0.101595	0.0995916	0.144363	0.157015	0.149264	0.165547	0.164701	0.142625	0.143624	0.157378	0.106771	0.103302	0.133958	0.127655	0.129699	0.123498	0.125514	0.123489	0.121489	0.121489	0.105538	0.116155	0.0951521	0.115907	0.122101	0.117511	0.113479	0.111383	0.105244	0.107274	0.109319	0.107269	0.1342	0.134118	0.134725	0.127697	0.130007	0.20148	0.101121	0.103143	0.1239	0.111291	0.111265	0.111231	0.109198	0.111201	0.0990825	0.101095	0.0990798	0.0970643	0.103307	0.107799	0.129531	0.120451	0.123043	0.116915	0.114381	0.122192	0.160492	0.125755	0.132477	0.145001	0.120729	0.133124	0.132694	0.136118	0.0856947	0.0731985	0.079224	0.0647583	0	0.130185	0.120621	0.124695	0.116221	0.0992457	0.0992317	0.111624	0.119985	0.121669	0.138304	0.117564	0.111409	0.119449	0.125464	0.125618	0.107368	0.10556	0.113481	0.109568	0.113682	0.115701	0.185279	0.176177	0.170775	0.145323	0.134441	0.126295	0.136069	0.133292	0.133517	0.105538	0.124876	0.111779	0.113778	0.1507	0.148872	0.124628	0.112222	0.197359	0.200296	0.137092	0.157134	0.135049	0.163894	0.134858	0.162127	0.130357	0.142176	0.151261	0.14437	0.163272	0.165589	0.179646	0.173041	0.169858	0.180025	0.165755	0.0890922	0.101487	0.111991	0.0991439	0.0951214	0.0951214	0.101163	0.0991368	0.107707	0.103384	0.101382	0.143893	0.145174	0.132028	0.149999	0.167976	0.170877	0.172559	0.156417	0.146174	0.142175	0.161049	0.162846	0.154571	0.127749	0.146121	0.142139	0.139979	0.131853	0.144016	0.15226	0.152237	0.15655	0.164794	0.146064	0.159554	0.17322	0.175296	0.162466	0.192204	0.181731	0.18226	0.174892	0.16871	0.183517	0.158067	0.168416	0.170442	0.174785	0.160008	0.174286	0.172418	0.180538	0.168095	0.194921	0.174051	0.18158	0.178293	0.190515	0.194826	0.194946	0.18733	0.193438	0.199781	0.185313	0.191342	0.195907	0.193487	0.193444	0.181308	0.179216	0.187476	0.187389	0.188502	0.180445	0.182533	0.172232	0.178419	0.192456	0.18633	0.178105	0.200602	0.194241	0.192279	0.1943	0.192205	0.196202	0.202328	0.202293	0.198275	0.202446	0.202411	0.194203	0.206057	0.198222	0.196164	0.196151	0.202328	0.18813	0.200739	0.190282	0.188191	0.182135	0.182133	0.20675	0.169974	0.188321	0.18632	0.18018	0.183423	0.185421	0.182568	0.180561	0.166003	0.176196	0.197177	0.203665	0.172162	0.184486	0.207267	0.19249	0.19653	0.192379	0.176119	0.178198	0.20352	0.180243	0.178266	0.19071	0.178158	0.178134	0.180217	0.180114	0.186161	0.176189	0.178194	0.186315	0.171988	0.176061	0.170145	0.170071	0.174212	0.214279	0.176087	0.188741	0.174127	0.185077	0.190727	0.188541	0.180309	0.18036	0.163969	0.180579	0.193621	0.16806	0.168288	0.170146	0.176206	0.163959	0.174225	0.170109	0.174163	0.170063	0.161964	0.159883	0.159884	0.159884	0.174422	0.170404	0.172491	0.170181	0.1702	0.178482	0.172191	0.178397	0.164301	0.164158	0.168497	0.18448	0.172447	0.164256	0.182267	0.16313	0.156526	0.16853	0.174891	0.174775	0.178693	0.165455	0.152901	0.142653	0.118294	0.137891	0.144306
Tauraco_erythrolophus	0.0870147	0.0941347	0.0961734	0.123973	0.089872	0.0878682	0.132639	0.145292	0.137541	0.153824	0.152978	0.130902	0.131901	0.145655	0.0950476	0.0915786	0.122235	0.115931	0.117976	0.111774	0.113791	0.111765	0.109766	0.109766	0.0938144	0.104432	0.0834287	0.104183	0.110378	0.105788	0.101755	0.0996596	0.0935208	0.0955504	0.0975959	0.0955457	0.122477	0.122395	0.123002	0.115973	0.118284	0.189757	0.0893971	0.0914197	0.112176	0.0995672	0.0995421	0.0995072	0.0974743	0.0994773	0.0873591	0.0893716	0.0873564	0.0853409	0.0915835	0.0960755	0.117808	0.108728	0.11132	0.105191	0.102658	0.110468	0.148768	0.114031	0.120754	0.133278	0.109005	0.123597	0.123166	0.126591	0.135901	0.123405	0.129431	0.114965	0.130185	0	0.0607985	0.0648717	0.104497	0.0875223	0.0875083	0.0999008	0.108261	0.109945	0.126581	0.105841	0.0996854	0.107726	0.113741	0.113895	0.0956445	0.0938363	0.101757	0.0978449	0.101959	0.103978	0.173556	0.164453	0.159052	0.1336	0.122717	0.114572	0.124346	0.121569	0.121794	0.0938142	0.113153	0.100056	0.102055	0.138977	0.137148	0.112904	0.100498	0.185635	0.188573	0.125368	0.145411	0.123326	0.152171	0.123134	0.150403	0.118634	0.130453	0.139538	0.132647	0.151548	0.153866	0.167922	0.161317	0.158135	0.168302	0.154031	0.0773688	0.0897637	0.100268	0.0874205	0.083398	0.083398	0.0894397	0.0874134	0.0959833	0.0916606	0.0896582	0.13217	0.13345	0.120305	0.138276	0.156252	0.159153	0.160835	0.144694	0.134451	0.130451	0.149326	0.151123	0.142848	0.116025	0.134398	0.130415	0.128256	0.120129	0.132292	0.140536	0.140514	0.144827	0.153071	0.134341	0.147831	0.161496	0.163573	0.150743	0.180481	0.170008	0.170536	0.163169	0.156987	0.171794	0.146343	0.156692	0.158719	0.163062	0.148284	0.162563	0.160695	0.168814	0.156372	0.183198	0.162328	0.169857	0.166569	0.178792	0.183103	0.183222	0.175607	0.181715	0.188058	0.173589	0.179618	0.184183	0.181764	0.181721	0.169585	0.167493	0.175752	0.175666	0.176779	0.168721	0.170809	0.160509	0.166696	0.180733	0.174607	0.166381	0.188879	0.182518	0.180555	0.182576	0.180482	0.184479	0.190605	0.19057	0.186551	0.190722	0.190688	0.18248	0.194334	0.186498	0.18444	0.184428	0.190605	0.176406	0.189015	0.178558	0.176468	0.170411	0.17041	0.195026	0.158251	0.176597	0.174596	0.168457	0.1717	0.173698	0.170845	0.168837	0.15428	0.164473	0.185453	0.191942	0.160438	0.172762	0.195544	0.180766	0.184807	0.180656	0.164395	0.166475	0.191797	0.16852	0.166542	0.178986	0.166434	0.16641	0.168493	0.16839	0.174438	0.164465	0.166471	0.174591	0.160265	0.164337	0.158421	0.158347	0.162488	0.202556	0.164363	0.177017	0.162404	0.173353	0.179003	0.176817	0.168585	0.168637	0.152245	0.168855	0.181898	0.156336	0.156564	0.158423	0.164482	0.152235	0.162501	0.158385	0.162439	0.15834	0.150241	0.14816	0.148161	0.148161	0.162699	0.158681	0.160768	0.158458	0.158476	0.166758	0.160467	0.166673	0.152577	0.152435	0.156774	0.172756	0.160724	0.152533	0.170543	0.151407	0.144803	0.156807	0.163167	0.163052	0.16697	0.153732	0.141177	0.130929	0.106571	0.126168	0.132582
Corythaeola_cristata	0.0774512	0.0845712	0.0866099	0.11441	0.0803085	0.0783047	0.123076	0.135728	0.127977	0.14426	0.143414	0.121338	0.122337	0.136091	0.0854841	0.0820151	0.112672	0.106368	0.108412	0.102211	0.104227	0.102202	0.100202	0.100202	0.0842509	0.0948686	0.0738652	0.0946197	0.100815	0.0962241	0.0921916	0.0900961	0.0839573	0.0859869	0.0880324	0.0859822	0.112913	0.112831	0.113439	0.10641	0.10872	0.180193	0.0798336	0.0818562	0.102613	0.0900037	0.0899786	0.0899437	0.0879108	0.0899138	0.0777956	0.0798081	0.0777929	0.0757774	0.08202	0.086512	0.108244	0.0991645	0.101756	0.095628	0.0930945	0.100905	0.139205	0.104468	0.11119	0.123715	0.0994417	0.114033	0.113603	0.117028	0.126338	0.113842	0.119867	0.105401	0.120621	0.0607985	0	0.0368429	0.0949338	0.0779588	0.0779448	0.0903373	0.0986979	0.100382	0.117018	0.0962771	0.0901219	0.0981625	0.104177	0.104331	0.086081	0.0842728	0.0921936	0.0882814	0.0923952	0.0944142	0.163992	0.15489	0.149488	0.124036	0.113154	0.105008	0.114782	0.112005	0.112231	0.0842507	0.103589	0.0904922	0.0924913	0.129414	0.127585	0.103341	0.0909346	0.176072	0.179009	0.115805	0.135847	0.113762	0.142607	0.113571	0.14084	0.10907	0.120889	0.129974	0.123083	0.141985	0.144302	0.158359	0.151754	0.148571	0.158739	0.144468	0.0678053	0.0802002	0.0907045	0.077857	0.0738345	0.0738345	0.0798762	0.0778499	0.0864198	0.0820971	0.0800947	0.122607	0.123887	0.110741	0.128712	0.146689	0.14959	0.151272	0.135131	0.124887	0.120888	0.139762	0.141559	0.133284	0.106462	0.124835	0.120852	0.118693	0.110566	0.122729	0.130973	0.13095	0.135263	0.143507	0.124778	0.138267	0.151933	0.154009	0.141179	0.170917	0.160445	0.160973	0.153605	0.147423	0.16223	0.13678	0.147129	0.149155	0.153498	0.138721	0.153	0.151131	0.159251	0.146808	0.173634	0.152764	0.160293	0.157006	0.169228	0.173539	0.173659	0.166043	0.172151	0.178494	0.164026	0.170055	0.17462	0.172201	0.172157	0.160022	0.157929	0.166189	0.166102	0.167215	0.159158	0.161246	0.150945	0.157132	0.17117	0.165044	0.156818	0.179315	0.172954	0.170992	0.173013	0.170919	0.174915	0.181041	0.181006	0.176988	0.181159	0.181124	0.172917	0.18477	0.176935	0.174877	0.174864	0.181041	0.166843	0.179452	0.168995	0.166904	0.160848	0.160846	0.185463	0.148687	0.167034	0.165033	0.158893	0.162136	0.164134	0.161281	0.159274	0.144717	0.154909	0.17589	0.182378	0.150875	0.163199	0.18598	0.171203	0.175243	0.171093	0.154832	0.156911	0.182234	0.158956	0.156979	0.169423	0.156871	0.156847	0.15893	0.158827	0.164874	0.154902	0.156907	0.165028	0.150701	0.154774	0.148858	0.148784	0.152925	0.192992	0.1548	0.167454	0.152841	0.16379	0.16944	0.167254	0.159022	0.159073	0.142682	0.159292	0.172334	0.146773	0.147001	0.14886	0.154919	0.142672	0.152938	0.148822	0.152876	0.148776	0.140677	0.138596	0.138597	0.138597	0.153135	0.149117	0.151204	0.148894	0.148913	0.157195	0.150904	0.15711	0.143014	0.142871	0.14721	0.163193	0.15116	0.142969	0.16098	0.141843	0.135239	0.147243	0.153604	0.153489	0.157407	0.144168	0.131614	0.121366	0.0970074	0.116604	0.123019
Corythaixoides_concolor	0.0815244	0.0886444	0.0906831	0.118483	0.0843817	0.082378	0.127149	0.139802	0.13205	0.148333	0.147487	0.125412	0.12641	0.140164	0.0895574	0.0860883	0.116745	0.110441	0.112486	0.106284	0.1083	0.106275	0.104275	0.104275	0.0883241	0.0989418	0.0779384	0.0986929	0.104888	0.100297	0.0962649	0.0941694	0.0880305	0.0900601	0.0921056	0.0900554	0.116987	0.116904	0.117512	0.110483	0.112794	0.184266	0.0839069	0.0859295	0.106686	0.0940769	0.0940518	0.0940169	0.091984	0.093987	0.0818688	0.0838814	0.0818661	0.0798506	0.0860932	0.0905852	0.112317	0.103238	0.10583	0.0997012	0.0971677	0.104978	0.143278	0.108541	0.115263	0.127788	0.103515	0.118107	0.117676	0.121101	0.130411	0.117915	0.12394	0.109475	0.124695	0.0648717	0.0368429	0	0.099007	0.082032	0.082018	0.0944105	0.102771	0.104455	0.121091	0.10035	0.0941951	0.102236	0.108251	0.108405	0.0901542	0.088346	0.0962668	0.0923546	0.0964685	0.0984874	0.168065	0.158963	0.153561	0.12811	0.117227	0.109081	0.118856	0.116078	0.116304	0.0883239	0.107663	0.0945654	0.0965645	0.133487	0.131658	0.107414	0.0950078	0.180145	0.183083	0.119878	0.13992	0.117836	0.14668	0.117644	0.144913	0.113143	0.124962	0.134048	0.127157	0.146058	0.148375	0.162432	0.155827	0.152645	0.162812	0.148541	0.0718786	0.0842734	0.0947777	0.0819302	0.0779077	0.0779077	0.0839494	0.0819231	0.090493	0.0861703	0.084168	0.12668	0.12796	0.114815	0.132786	0.150762	0.153663	0.155345	0.139204	0.12896	0.124961	0.143836	0.145633	0.137358	0.110535	0.128908	0.124925	0.122766	0.114639	0.126802	0.135046	0.135023	0.139337	0.14758	0.128851	0.142341	0.156006	0.158082	0.145252	0.17499	0.164518	0.165046	0.157679	0.151497	0.166303	0.140853	0.151202	0.153228	0.157572	0.142794	0.157073	0.155204	0.163324	0.150881	0.177708	0.156837	0.164367	0.161079	0.173302	0.177613	0.177732	0.170117	0.176224	0.182567	0.168099	0.174128	0.178693	0.176274	0.17623	0.164095	0.162003	0.170262	0.170175	0.171289	0.163231	0.165319	0.155018	0.161205	0.175243	0.169117	0.160891	0.183388	0.177027	0.175065	0.177086	0.174992	0.178988	0.185114	0.18508	0.181061	0.185232	0.185197	0.17699	0.188843	0.181008	0.17895	0.178937	0.185114	0.170916	0.183525	0.173068	0.170978	0.164921	0.164919	0.189536	0.15276	0.171107	0.169106	0.162966	0.166209	0.168207	0.165355	0.163347	0.14879	0.158982	0.179963	0.186452	0.154948	0.167272	0.190053	0.175276	0.179316	0.175166	0.158905	0.160985	0.186307	0.16303	0.161052	0.173496	0.160944	0.16092	0.163003	0.1629	0.168948	0.158975	0.160981	0.169101	0.154774	0.158847	0.152931	0.152857	0.156998	0.197065	0.158873	0.171527	0.156914	0.167863	0.173513	0.171327	0.163095	0.163146	0.146755	0.163365	0.176408	0.150846	0.151074	0.152933	0.158992	0.146745	0.157011	0.152895	0.156949	0.15285	0.144751	0.14267	0.142671	0.142671	0.157209	0.153191	0.155278	0.152968	0.152986	0.161268	0.154977	0.161183	0.147087	0.146944	0.151284	0.167266	0.155233	0.147043	0.165053	0.145916	0.139312	0.151317	0.157677	0.157562	0.16148	0.148241	0.135687	0.125439	0.101081	0.120677	0.127092
Gavia_stellata	0.0690412	0.0761612	0.0781999	0.106	0.0718985	0.0698947	0.114666	0.127318	0.119567	0.13585	0.135004	0.112928	0.113927	0.127681	0.0770741	0.0736051	0.104262	0.0979579	0.100002	0.0938008	0.095817	0.0937917	0.0917921	0.0917921	0.0758409	0.0864586	0.0654552	0.0862097	0.0924046	0.0878141	0.0837816	0.0816861	0.0755473	0.0775769	0.0796224	0.0775722	0.104503	0.104421	0.105029	0.0979999	0.10031	0.171783	0.0714236	0.0734462	0.0942029	0.0815937	0.0815686	0.0815337	0.0795008	0.0815038	0.0693856	0.0713981	0.0693829	0.0673674	0.07361	0.078102	0.0998343	0.0907545	0.0933464	0.087218	0.0846845	0.0924948	0.130795	0.096058	0.10278	0.115305	0.0910316	0.109633	0.109202	0.112627	0.121937	0.109441	0.115466	0.101001	0.116221	0.104497	0.0949338	0.099007	0	0.0615107	0.0614967	0.0738892	0.0822498	0.0839339	0.10057	0.0798291	0.0736778	0.0817185	0.0877333	0.0878873	0.069637	0.0678287	0.0757496	0.0798714	0.0839852	0.0860042	0.155582	0.14648	0.141078	0.115626	0.104744	0.0965981	0.106372	0.103595	0.103821	0.0758407	0.0951794	0.0820822	0.0840813	0.121004	0.119175	0.0949307	0.0825246	0.167662	0.170599	0.107395	0.127437	0.105352	0.134197	0.105161	0.13243	0.10066	0.112479	0.121564	0.114673	0.133575	0.135892	0.149949	0.143344	0.140161	0.150329	0.136058	0.0593953	0.0717902	0.0822945	0.069447	0.0654245	0.0654245	0.0714661	0.0694399	0.0780098	0.0736871	0.0716847	0.114197	0.115477	0.102331	0.120302	0.138279	0.14118	0.142862	0.126721	0.116477	0.112478	0.131352	0.133149	0.124874	0.0980516	0.116425	0.112442	0.110283	0.102156	0.114319	0.122563	0.12254	0.126853	0.135097	0.116368	0.129857	0.143523	0.145599	0.132769	0.162507	0.152035	0.152563	0.145195	0.139013	0.15382	0.12837	0.138719	0.140745	0.145088	0.130311	0.14459	0.142721	0.150841	0.138398	0.165224	0.144354	0.151883	0.148596	0.160818	0.165129	0.165249	0.157633	0.163741	0.170084	0.155616	0.161645	0.16621	0.163791	0.163747	0.151612	0.149519	0.157779	0.157692	0.158805	0.150748	0.152836	0.142535	0.148722	0.16276	0.156634	0.148408	0.170905	0.164544	0.162582	0.164603	0.162509	0.166505	0.172631	0.172596	0.168578	0.172749	0.172714	0.164507	0.17636	0.168525	0.166467	0.166454	0.172631	0.158433	0.171042	0.160585	0.158494	0.152438	0.152436	0.177053	0.140277	0.158624	0.156623	0.150483	0.153726	0.155724	0.152871	0.150864	0.136307	0.146499	0.16748	0.173968	0.142465	0.154789	0.17757	0.162793	0.166833	0.162683	0.146422	0.148501	0.173824	0.150546	0.148569	0.161013	0.148461	0.148437	0.15052	0.150417	0.156464	0.146492	0.148497	0.156618	0.142291	0.146364	0.140448	0.140374	0.144515	0.184582	0.14639	0.159044	0.144431	0.15538	0.16103	0.158844	0.150612	0.150663	0.134272	0.150882	0.163924	0.138363	0.138591	0.14045	0.146509	0.134262	0.144528	0.140412	0.144466	0.140366	0.132267	0.130186	0.130187	0.130187	0.144725	0.140707	0.142794	0.140484	0.140503	0.148785	0.142494	0.1487	0.134604	0.134461	0.1388	0.154783	0.14275	0.134559	0.15257	0.133433	0.126829	0.138833	0.145194	0.145079	0.148997	0.135758	0.123204	0.112956	0.0885973	0.108194	0.114609
Aptenodytes_forsteri	0.0520661	0.0591862	0.0612249	0.0890246	0.0549234	0.0529197	0.097691	0.110343	0.102592	0.118875	0.118029	0.0959534	0.0969521	0.110706	0.0600991	0.0566301	0.0872865	0.0809829	0.0830273	0.0768257	0.078842	0.0768167	0.0748171	0.0748171	0.0588659	0.0694836	0.0484802	0.0692347	0.0754296	0.0708391	0.0668066	0.0647111	0.0585723	0.0606019	0.0626473	0.0605972	0.0875283	0.087446	0.0880535	0.0810249	0.0833354	0.154808	0.0544486	0.0564712	0.0772279	0.0646186	0.0645936	0.0645587	0.0625258	0.0645288	0.0524105	0.0544231	0.0524079	0.0503924	0.056635	0.061127	0.0828592	0.0737795	0.0763713	0.070243	0.0677095	0.0755198	0.11382	0.0790829	0.0858051	0.0983295	0.0740566	0.0926577	0.0922272	0.095652	0.104962	0.0924658	0.0984914	0.0840256	0.0992457	0.0875223	0.0779588	0.082032	0.0615107	0	0.0120938	0.0530134	0.061374	0.0630581	0.0796937	0.0589533	0.0567028	0.0647435	0.0707583	0.0709123	0.052662	0.0508537	0.0587746	0.0628964	0.0670102	0.0690292	0.138607	0.129505	0.124103	0.0986513	0.0877688	0.0796231	0.0893974	0.0866202	0.0868455	0.0588657	0.0782044	0.0651072	0.0671063	0.104029	0.1022	0.0779557	0.0655496	0.150687	0.153624	0.0904197	0.110462	0.0883774	0.117222	0.0881859	0.115455	0.0836851	0.095504	0.104589	0.0976983	0.1166	0.118917	0.132974	0.126369	0.123186	0.133354	0.119083	0.0424203	0.0548152	0.0653195	0.0524719	0.0484494	0.0484494	0.0544911	0.0524649	0.0610348	0.0567121	0.0547097	0.0972216	0.0985018	0.0853563	0.103327	0.121304	0.124205	0.125887	0.109746	0.0995021	0.0955027	0.114377	0.116174	0.107899	0.0810766	0.0994495	0.0954669	0.0933076	0.0851806	0.0973436	0.105588	0.105565	0.109878	0.118122	0.0993925	0.112882	0.126548	0.128624	0.115794	0.145532	0.13506	0.135588	0.12822	0.122038	0.136845	0.111395	0.121744	0.12377	0.128113	0.113336	0.127615	0.125746	0.133866	0.121423	0.148249	0.127379	0.134908	0.131621	0.143843	0.148154	0.148274	0.140658	0.146766	0.153109	0.138641	0.14467	0.149235	0.146816	0.146772	0.134637	0.132544	0.140804	0.140717	0.14183	0.133773	0.135861	0.12556	0.131747	0.145785	0.139658	0.131433	0.15393	0.147569	0.145607	0.147628	0.145534	0.14953	0.155656	0.155621	0.151603	0.155774	0.155739	0.147532	0.159385	0.15155	0.149492	0.149479	0.155656	0.141458	0.154067	0.14361	0.141519	0.135463	0.135461	0.160078	0.123302	0.141649	0.139648	0.133508	0.136751	0.138749	0.135896	0.133889	0.119332	0.129524	0.150505	0.156993	0.12549	0.137814	0.160595	0.145818	0.149858	0.145708	0.129447	0.131526	0.156848	0.133571	0.131594	0.144038	0.131486	0.131462	0.133545	0.133442	0.139489	0.129517	0.131522	0.139643	0.125316	0.129389	0.123473	0.123399	0.12754	0.167607	0.129415	0.142069	0.127455	0.138405	0.144055	0.141869	0.133637	0.133688	0.117297	0.133907	0.146949	0.121388	0.121616	0.123474	0.129534	0.117287	0.127553	0.123437	0.127491	0.123391	0.115292	0.113211	0.113212	0.113212	0.12775	0.123732	0.125819	0.123509	0.123528	0.13181	0.125519	0.131725	0.117629	0.117486	0.121825	0.137808	0.125775	0.117584	0.135595	0.116458	0.109854	0.121858	0.128219	0.128103	0.132021	0.118783	0.106229	0.0959808	0.0716223	0.0912191	0.097634
Pygoscelis_adeliae	0.0520522	0.0591722	0.0612109	0.0890106	0.0549095	0.0529057	0.097677	0.110329	0.102578	0.118861	0.118015	0.0959394	0.0969381	0.110692	0.0600851	0.0566161	0.0872725	0.0809689	0.0830133	0.0768118	0.078828	0.0768027	0.0748031	0.0748031	0.0588519	0.0694696	0.0484662	0.0692207	0.0754156	0.0708251	0.0667926	0.0646971	0.0585583	0.0605879	0.0626334	0.0605832	0.0875143	0.0874321	0.0880395	0.0810109	0.0833214	0.154794	0.0544346	0.0564572	0.0772139	0.0646047	0.0645796	0.0645447	0.0625118	0.0645148	0.0523966	0.0544091	0.0523939	0.0503784	0.056621	0.061113	0.0828453	0.0737655	0.0763574	0.070229	0.0676955	0.0755058	0.113806	0.079069	0.0857911	0.0983155	0.0740426	0.0926437	0.0922132	0.095638	0.104948	0.0924518	0.0984774	0.0840116	0.0992317	0.0875083	0.0779448	0.082018	0.0614967	0.0120938	0	0.0529994	0.06136	0.0630441	0.0796797	0.0589393	0.0566888	0.0647295	0.0707443	0.0708983	0.052648	0.0508397	0.0587606	0.0628824	0.0669962	0.0690152	0.138593	0.129491	0.124089	0.0986373	0.0877549	0.0796091	0.0893834	0.0866062	0.0868315	0.0588517	0.0781904	0.0650932	0.0670923	0.104015	0.102186	0.0779417	0.0655356	0.150673	0.15361	0.0904057	0.110448	0.0883634	0.117208	0.0881719	0.115441	0.0836712	0.09549	0.104575	0.0976843	0.116586	0.118903	0.13296	0.126355	0.123172	0.13334	0.119069	0.0424063	0.0548012	0.0653055	0.052458	0.0484355	0.0484355	0.0544771	0.0524509	0.0610208	0.0566981	0.0546957	0.0972076	0.0984878	0.0853423	0.103313	0.12129	0.124191	0.125873	0.109732	0.0994881	0.0954887	0.114363	0.11616	0.107885	0.0810626	0.0994355	0.0954529	0.0932936	0.0851666	0.0973297	0.105574	0.105551	0.109864	0.118108	0.0993785	0.112868	0.126534	0.12861	0.11578	0.145518	0.135046	0.135574	0.128206	0.122024	0.136831	0.111381	0.12173	0.123756	0.128099	0.113322	0.127601	0.125732	0.133852	0.121409	0.148235	0.127365	0.134894	0.131607	0.143829	0.14814	0.14826	0.140644	0.146752	0.153095	0.138627	0.144656	0.149221	0.146802	0.146758	0.134623	0.13253	0.14079	0.140703	0.141816	0.133759	0.135847	0.125546	0.131733	0.145771	0.139645	0.131419	0.153916	0.147555	0.145593	0.147614	0.14552	0.149516	0.155642	0.155607	0.151589	0.15576	0.155725	0.147518	0.159371	0.151536	0.149478	0.149465	0.155642	0.141444	0.154053	0.143596	0.141505	0.135449	0.135447	0.160064	0.123288	0.141635	0.139634	0.133494	0.136737	0.138735	0.135882	0.133875	0.119318	0.12951	0.150491	0.156979	0.125476	0.1378	0.160581	0.145804	0.149844	0.145694	0.129433	0.131512	0.156835	0.133557	0.13158	0.144024	0.131472	0.131448	0.133531	0.133428	0.139475	0.129503	0.131508	0.139629	0.125302	0.129375	0.123459	0.123385	0.127526	0.167593	0.129401	0.142055	0.127442	0.138391	0.144041	0.141855	0.133623	0.133674	0.117283	0.133893	0.146935	0.121374	0.121602	0.123461	0.12952	0.117273	0.127539	0.123423	0.127477	0.123377	0.115278	0.113197	0.113198	0.113198	0.127736	0.123718	0.125805	0.123495	0.123514	0.131796	0.125505	0.131711	0.117615	0.117472	0.121811	0.137794	0.125761	0.11757	0.135581	0.116444	0.10984	0.121844	0.128205	0.12809	0.132008	0.118769	0.106215	0.0959669	0.0716083	0.0912051	0.09762
Cochlearius_cochlearius	0.0644447	0.0715647	0.0736034	0.101403	0.067302	0.0652982	0.110069	0.122722	0.11497	0.131254	0.130408	0.108332	0.109331	0.123085	0.0724776	0.0690086	0.099665	0.0933614	0.0954058	0.0892043	0.0912205	0.0891952	0.0871956	0.0871956	0.0712444	0.0818621	0.0608587	0.0816132	0.0878081	0.0832176	0.0791851	0.0770896	0.0709508	0.0729804	0.0750258	0.0729757	0.0999068	0.0998246	0.100432	0.0934034	0.0957139	0.167187	0.0668271	0.0688497	0.0896064	0.0769972	0.0769721	0.0769372	0.0749043	0.0769073	0.064789	0.0668016	0.0647864	0.0627709	0.0690135	0.0735055	0.0952377	0.086158	0.0887499	0.0826215	0.080088	0.0878983	0.126198	0.0914615	0.0981836	0.110708	0.0864351	0.105036	0.104606	0.10803	0.117341	0.104844	0.11087	0.0964041	0.111624	0.0999008	0.0903373	0.0944105	0.0738892	0.0530134	0.0529994	0	0.0285627	0.0591612	0.0757968	0.0550564	0.0690813	0.077122	0.0831368	0.0832908	0.0650405	0.0632322	0.0711531	0.0752749	0.0793887	0.0814077	0.150986	0.141883	0.136482	0.11103	0.100147	0.0920016	0.101776	0.0989987	0.099224	0.0712442	0.0905829	0.0774857	0.0794848	0.116407	0.114578	0.0903342	0.0779281	0.163065	0.166003	0.102798	0.122841	0.100756	0.129601	0.100564	0.127833	0.0960637	0.107882	0.116968	0.110077	0.128978	0.131295	0.145352	0.138747	0.135565	0.145732	0.131461	0.0547988	0.0671937	0.077698	0.0648505	0.060828	0.060828	0.0668696	0.0648434	0.0734133	0.0690906	0.0670882	0.1096	0.11088	0.0977348	0.115706	0.133682	0.136583	0.138265	0.122124	0.111881	0.107881	0.126756	0.128553	0.120278	0.0934551	0.111828	0.107845	0.105686	0.0975591	0.109722	0.117966	0.117944	0.122257	0.130501	0.111771	0.125261	0.138926	0.141003	0.128173	0.157911	0.147438	0.147966	0.140599	0.134417	0.149223	0.123773	0.134122	0.136149	0.140492	0.125714	0.139993	0.138125	0.146244	0.133802	0.160628	0.139758	0.147287	0.143999	0.156222	0.160533	0.160652	0.153037	0.159144	0.165487	0.151019	0.157048	0.161613	0.159194	0.159151	0.147015	0.144923	0.153182	0.153096	0.154209	0.146151	0.148239	0.137939	0.144126	0.158163	0.152037	0.143811	0.166309	0.159948	0.157985	0.160006	0.157912	0.161909	0.168035	0.168	0.163981	0.168152	0.168118	0.15991	0.171764	0.163928	0.16187	0.161858	0.168035	0.153836	0.166445	0.155988	0.153898	0.147841	0.14784	0.172456	0.135681	0.154027	0.152026	0.145887	0.14913	0.151128	0.148275	0.146267	0.13171	0.141903	0.162883	0.169372	0.137868	0.150192	0.172974	0.158196	0.162237	0.158086	0.141825	0.143905	0.169227	0.14595	0.143972	0.156416	0.143864	0.14384	0.145923	0.14582	0.151868	0.141895	0.143901	0.152021	0.137695	0.141767	0.135851	0.135777	0.139918	0.179986	0.141793	0.154447	0.139834	0.150783	0.156433	0.154247	0.146015	0.146067	0.129675	0.146285	0.159328	0.133766	0.133994	0.135853	0.141912	0.129665	0.139931	0.135815	0.139869	0.13577	0.127671	0.12559	0.125591	0.125591	0.140129	0.136111	0.138198	0.135888	0.135906	0.144188	0.137897	0.144103	0.130007	0.129865	0.134204	0.150186	0.138154	0.129963	0.147973	0.128837	0.122233	0.134237	0.140597	0.140482	0.1444	0.131162	0.118607	0.108359	0.0840008	0.103598	0.110012
Egretta_garzetta	0.0728052	0.0799253	0.081964	0.109764	0.0756625	0.0736588	0.11843	0.131082	0.123331	0.139614	0.138768	0.116692	0.117691	0.131445	0.0808382	0.0773692	0.108026	0.101722	0.103766	0.0975648	0.0995811	0.0975558	0.0955562	0.0955562	0.079605	0.0902227	0.0692193	0.0899737	0.0961687	0.0915781	0.0875457	0.0854502	0.0793114	0.0813409	0.0833864	0.0813363	0.108267	0.108185	0.108793	0.101764	0.104074	0.175547	0.0751877	0.0772103	0.097967	0.0853577	0.0853327	0.0852978	0.0832649	0.0852679	0.0731496	0.0751622	0.073147	0.0711315	0.077374	0.0818661	0.103598	0.0945186	0.0971104	0.0909821	0.0884486	0.0962589	0.134559	0.099822	0.106544	0.119069	0.0947957	0.113397	0.112966	0.116391	0.125701	0.113205	0.11923	0.104765	0.119985	0.108261	0.0986979	0.102771	0.0822498	0.061374	0.06136	0.0285627	0	0.0675218	0.0841574	0.063417	0.0774419	0.0854826	0.0914974	0.0916514	0.0734011	0.0715928	0.0795137	0.0836355	0.0877493	0.0897683	0.159346	0.150244	0.144842	0.11939	0.108508	0.100362	0.110137	0.107359	0.107585	0.0796048	0.0989435	0.0858463	0.0878454	0.124768	0.122939	0.0986948	0.0862887	0.171426	0.174364	0.111159	0.131201	0.109117	0.137961	0.108925	0.136194	0.104424	0.116243	0.125328	0.118437	0.137339	0.139656	0.153713	0.147108	0.143926	0.154093	0.139822	0.0631594	0.0755543	0.0860586	0.073211	0.0691885	0.0691885	0.0752302	0.073204	0.0817739	0.0774512	0.0754488	0.117961	0.119241	0.106095	0.124066	0.142043	0.144944	0.146626	0.130485	0.120241	0.116242	0.135116	0.136913	0.128638	0.101816	0.120189	0.116206	0.114047	0.10592	0.118083	0.126327	0.126304	0.130617	0.138861	0.120132	0.133622	0.147287	0.149363	0.136533	0.166271	0.155799	0.156327	0.14896	0.142777	0.157584	0.132134	0.142483	0.144509	0.148853	0.134075	0.148354	0.146485	0.154605	0.142162	0.168988	0.148118	0.155647	0.15236	0.164583	0.168894	0.169013	0.161397	0.167505	0.173848	0.15938	0.165409	0.169974	0.167555	0.167511	0.155376	0.153283	0.161543	0.161456	0.16257	0.154512	0.1566	0.146299	0.152486	0.166524	0.160398	0.152172	0.174669	0.168308	0.166346	0.168367	0.166273	0.170269	0.176395	0.176361	0.172342	0.176513	0.176478	0.168271	0.180124	0.172289	0.170231	0.170218	0.176395	0.162197	0.174806	0.164349	0.162258	0.156202	0.1562	0.180817	0.144041	0.162388	0.160387	0.154247	0.15749	0.159488	0.156635	0.154628	0.140071	0.150263	0.171244	0.177733	0.146229	0.158553	0.181334	0.166557	0.170597	0.166447	0.150186	0.152265	0.177588	0.15431	0.152333	0.164777	0.152225	0.152201	0.154284	0.154181	0.160229	0.150256	0.152261	0.160382	0.146055	0.150128	0.144212	0.144138	0.148279	0.188346	0.150154	0.162808	0.148195	0.159144	0.164794	0.162608	0.154376	0.154427	0.138036	0.154646	0.167688	0.142127	0.142355	0.144214	0.150273	0.138026	0.148292	0.144176	0.14823	0.14413	0.136031	0.133951	0.133952	0.133952	0.148489	0.144471	0.146559	0.144248	0.144267	0.152549	0.146258	0.152464	0.138368	0.138225	0.142565	0.158547	0.146514	0.138324	0.156334	0.137197	0.130593	0.142598	0.148958	0.148843	0.152761	0.139522	0.126968	0.11672	0.0923614	0.111958	0.118373
Balaeniceps_rex	0.0744893	0.0816093	0.0836481	0.111448	0.0773466	0.0753429	0.120114	0.132767	0.125015	0.141298	0.140452	0.118377	0.119375	0.133129	0.0825223	0.0790533	0.10971	0.103406	0.10545	0.0992489	0.101265	0.0992399	0.0972403	0.0972403	0.0812891	0.0919068	0.0709034	0.0916578	0.0978528	0.0932622	0.0892298	0.0871343	0.0809955	0.083025	0.0850705	0.0830204	0.109952	0.109869	0.110477	0.103448	0.105759	0.177231	0.0768718	0.0788944	0.0996511	0.0870418	0.0870168	0.0869818	0.0849489	0.086952	0.0748337	0.0768463	0.0748311	0.0728156	0.0790581	0.0835502	0.105282	0.0962027	0.0987945	0.0926662	0.0901326	0.097943	0.136243	0.101506	0.108228	0.120753	0.0964798	0.115081	0.11465	0.118075	0.127385	0.114889	0.120915	0.106449	0.121669	0.109945	0.100382	0.104455	0.0839339	0.0630581	0.0630441	0.0591612	0.0675218	0	0.0530648	0.0323288	0.079126	0.0871667	0.0931815	0.0933355	0.0750851	0.0732769	0.0811978	0.0853196	0.0894334	0.0914524	0.16103	0.151928	0.146526	0.121074	0.110192	0.102046	0.111821	0.109043	0.109269	0.0812888	0.100628	0.0875304	0.0895295	0.126452	0.124623	0.100379	0.0879728	0.17311	0.176048	0.112843	0.132885	0.110801	0.139645	0.110609	0.137878	0.106108	0.117927	0.127013	0.120121	0.139023	0.14134	0.155397	0.148792	0.14561	0.155777	0.141506	0.0648435	0.0772384	0.0877427	0.0748951	0.0708726	0.0708726	0.0769143	0.0748881	0.083458	0.0791352	0.0771329	0.119645	0.120925	0.107779	0.12575	0.143727	0.146628	0.14831	0.132169	0.121925	0.117926	0.136801	0.138598	0.130323	0.1035	0.121873	0.11789	0.115731	0.107604	0.119767	0.128011	0.127988	0.132302	0.140545	0.121816	0.135306	0.148971	0.151047	0.138217	0.167955	0.157483	0.158011	0.150644	0.144462	0.159268	0.133818	0.144167	0.146193	0.150537	0.135759	0.150038	0.148169	0.156289	0.143846	0.170673	0.149802	0.157332	0.154044	0.166267	0.170578	0.170697	0.163082	0.169189	0.175532	0.161064	0.167093	0.171658	0.169239	0.169195	0.15706	0.154967	0.163227	0.16314	0.164254	0.156196	0.158284	0.147983	0.15417	0.168208	0.162082	0.153856	0.176353	0.169992	0.16803	0.170051	0.167957	0.171953	0.178079	0.178045	0.174026	0.178197	0.178162	0.169955	0.181808	0.173973	0.171915	0.171902	0.178079	0.163881	0.17649	0.166033	0.163942	0.157886	0.157884	0.182501	0.145725	0.164072	0.162071	0.155931	0.159174	0.161172	0.158319	0.156312	0.141755	0.151947	0.172928	0.179417	0.147913	0.160237	0.183018	0.168241	0.172281	0.168131	0.15187	0.15395	0.179272	0.155994	0.154017	0.166461	0.153909	0.153885	0.155968	0.155865	0.161913	0.15194	0.153946	0.162066	0.147739	0.151812	0.145896	0.145822	0.149963	0.19003	0.151838	0.164492	0.149879	0.160828	0.166478	0.164292	0.15606	0.156111	0.13972	0.15633	0.169373	0.143811	0.144039	0.145898	0.151957	0.13971	0.149976	0.14586	0.149914	0.145815	0.137716	0.135635	0.135636	0.135636	0.150174	0.146156	0.148243	0.145932	0.145951	0.154233	0.147942	0.154148	0.140052	0.139909	0.144249	0.160231	0.148198	0.140008	0.158018	0.138881	0.132277	0.144282	0.150642	0.150527	0.154445	0.141206	0.128652	0.118404	0.0940455	0.113642	0.120057
Scopus_umbretta	0.0911249	0.098245	0.100284	0.128083	0.0939822	0.0919785	0.13675	0.149402	0.141651	0.157934	0.157088	0.135012	0.136011	0.149765	0.0991579	0.0956889	0.126345	0.120042	0.122086	0.115885	0.117901	0.115876	0.113876	0.113876	0.0979247	0.108542	0.087539	0.108293	0.114488	0.109898	0.105865	0.10377	0.0976311	0.0996606	0.101706	0.099656	0.126587	0.126505	0.127112	0.120084	0.122394	0.193867	0.0935074	0.09553	0.116287	0.103677	0.103652	0.103617	0.101585	0.103588	0.0914693	0.0934819	0.0914667	0.0894512	0.0956937	0.100186	0.121918	0.112838	0.11543	0.109302	0.106768	0.114579	0.152878	0.118142	0.124864	0.137388	0.113115	0.131717	0.131286	0.134711	0.144021	0.131525	0.13755	0.123084	0.138304	0.126581	0.117018	0.121091	0.10057	0.0796937	0.0796797	0.0757968	0.0841574	0.0530648	0	0.0489644	0.0957616	0.103802	0.109817	0.109971	0.0917208	0.0899125	0.0978334	0.101955	0.106069	0.108088	0.177666	0.168564	0.163162	0.13771	0.126828	0.118682	0.128456	0.125679	0.125904	0.0979245	0.117263	0.104166	0.106165	0.143087	0.141259	0.117015	0.104608	0.189745	0.192683	0.129479	0.149521	0.127436	0.156281	0.127245	0.154514	0.122744	0.134563	0.143648	0.136757	0.155658	0.157976	0.172032	0.165428	0.162245	0.172412	0.158142	0.0814791	0.093874	0.104378	0.0915307	0.0875082	0.0875082	0.0935499	0.0915237	0.100094	0.0957709	0.0937685	0.13628	0.137561	0.124415	0.142386	0.160363	0.163264	0.164945	0.148804	0.138561	0.134562	0.153436	0.155233	0.146958	0.120135	0.138508	0.134526	0.132366	0.124239	0.136402	0.144646	0.144624	0.148937	0.157181	0.138451	0.151941	0.165607	0.167683	0.154853	0.184591	0.174118	0.174647	0.167279	0.161097	0.175904	0.150453	0.160803	0.162829	0.167172	0.152395	0.166673	0.164805	0.172924	0.160482	0.187308	0.166438	0.173967	0.170679	0.182902	0.187213	0.187333	0.179717	0.185825	0.192168	0.1777	0.183729	0.188293	0.185874	0.185831	0.173695	0.171603	0.179863	0.179776	0.180889	0.172832	0.17492	0.164619	0.170806	0.184843	0.178717	0.170492	0.192989	0.186628	0.184665	0.186686	0.184592	0.188589	0.194715	0.19468	0.190662	0.194833	0.194798	0.18659	0.198444	0.190609	0.188551	0.188538	0.194715	0.180517	0.193126	0.182669	0.180578	0.174522	0.17452	0.199137	0.162361	0.180707	0.178707	0.172567	0.17581	0.177808	0.174955	0.172947	0.15839	0.168583	0.189564	0.196052	0.164548	0.176873	0.199654	0.184877	0.188917	0.184766	0.168506	0.170585	0.195907	0.17263	0.170653	0.183097	0.170544	0.17052	0.172603	0.1725	0.178548	0.168575	0.170581	0.178702	0.164375	0.168448	0.162532	0.162458	0.166598	0.206666	0.168474	0.181128	0.166514	0.177464	0.183114	0.180928	0.172695	0.172747	0.156356	0.172966	0.186008	0.160447	0.160675	0.162533	0.168593	0.156345	0.166611	0.162496	0.166549	0.16245	0.154351	0.15227	0.152271	0.152271	0.166809	0.162791	0.164878	0.162568	0.162587	0.170868	0.164577	0.170784	0.156687	0.156545	0.160884	0.176867	0.164834	0.156643	0.174654	0.155517	0.148913	0.160917	0.167278	0.167162	0.17108	0.157842	0.145288	0.13504	0.110681	0.130278	0.136693
Pelecanus_crispus	0.0703845	0.0775045	0.0795433	0.107343	0.0732418	0.0712381	0.116009	0.128662	0.12091	0.137194	0.136348	0.114272	0.11527	0.129025	0.0784175	0.0749485	0.105605	0.0993013	0.101346	0.0951441	0.0971604	0.0951351	0.0931355	0.0931355	0.0771843	0.087802	0.0667986	0.087553	0.093748	0.0891574	0.085125	0.0830295	0.0768907	0.0789202	0.0809657	0.0789156	0.105847	0.105764	0.106372	0.0993433	0.101654	0.173127	0.072767	0.0747896	0.0955463	0.082937	0.082912	0.082877	0.0808441	0.0828472	0.0707289	0.0727415	0.0707263	0.0687108	0.0749533	0.0794454	0.101178	0.0920979	0.0946897	0.0885614	0.0860278	0.0938382	0.132138	0.0974013	0.104123	0.116648	0.092375	0.110976	0.110546	0.11397	0.12328	0.110784	0.11681	0.102344	0.117564	0.105841	0.0962771	0.10035	0.0798291	0.0589533	0.0589393	0.0550564	0.063417	0.0323288	0.0489644	0	0.0750212	0.0830619	0.0890767	0.0892307	0.0709803	0.0691721	0.077093	0.0812148	0.0853286	0.0873476	0.156926	0.147823	0.142421	0.11697	0.106087	0.0979415	0.107716	0.104939	0.105164	0.077184	0.0965228	0.0834256	0.0854247	0.122347	0.120518	0.0962741	0.083868	0.169005	0.171943	0.108738	0.12878	0.106696	0.13554	0.106504	0.133773	0.102004	0.113822	0.122908	0.116017	0.134918	0.137235	0.151292	0.144687	0.141505	0.151672	0.137401	0.0607387	0.0731336	0.0836379	0.0707903	0.0667678	0.0667678	0.0728095	0.0707833	0.0793532	0.0750304	0.0730281	0.11554	0.11682	0.103675	0.121646	0.139622	0.142523	0.144205	0.128064	0.11782	0.113821	0.132696	0.134493	0.126218	0.099395	0.117768	0.113785	0.111626	0.103499	0.115662	0.123906	0.123884	0.128197	0.136441	0.117711	0.131201	0.144866	0.146942	0.134112	0.16385	0.153378	0.153906	0.146539	0.140357	0.155163	0.129713	0.140062	0.142089	0.146432	0.131654	0.145933	0.144065	0.152184	0.139741	0.166568	0.145698	0.153227	0.149939	0.162162	0.166473	0.166592	0.158977	0.165084	0.171427	0.156959	0.162988	0.167553	0.165134	0.165091	0.152955	0.150863	0.159122	0.159035	0.160149	0.152091	0.154179	0.143878	0.150065	0.164103	0.157977	0.149751	0.172248	0.165888	0.163925	0.165946	0.163852	0.167848	0.173975	0.17394	0.169921	0.174092	0.174058	0.16585	0.177704	0.169868	0.16781	0.167798	0.173975	0.159776	0.172385	0.161928	0.159838	0.153781	0.15378	0.178396	0.141621	0.159967	0.157966	0.151827	0.155069	0.157068	0.154215	0.152207	0.13765	0.147843	0.168823	0.175312	0.143808	0.156132	0.178914	0.164136	0.168177	0.164026	0.147765	0.149845	0.175167	0.15189	0.149912	0.162356	0.149804	0.14978	0.151863	0.15176	0.157808	0.147835	0.149841	0.157961	0.143634	0.147707	0.141791	0.141717	0.145858	0.185926	0.147733	0.160387	0.145774	0.156723	0.162373	0.160187	0.151955	0.152006	0.135615	0.152225	0.165268	0.139706	0.139934	0.141793	0.147852	0.135605	0.145871	0.141755	0.145809	0.14171	0.133611	0.13153	0.131531	0.131531	0.146069	0.142051	0.144138	0.141828	0.141846	0.150128	0.143837	0.150043	0.135947	0.135804	0.140144	0.156126	0.144094	0.135903	0.153913	0.134776	0.128172	0.140177	0.146537	0.146422	0.15034	0.137102	0.124547	0.114299	0.0899407	0.109538	0.115952
Thalassarche_chlororhynchos	0.0642292	0.0713493	0.073388	0.101188	0.0670865	0.0650828	0.109854	0.122506	0.114755	0.131038	0.130192	0.108116	0.109115	0.122869	0.0722622	0.0687932	0.0994496	0.093146	0.0951904	0.0889888	0.0910051	0.0889798	0.0869802	0.0869802	0.071029	0.0816467	0.0606433	0.0813977	0.0875927	0.0830021	0.0789697	0.0768742	0.0707354	0.0727649	0.0748104	0.0727603	0.0996914	0.0996091	0.100217	0.093188	0.0954985	0.166971	0.0666117	0.0686343	0.089391	0.0767817	0.0767567	0.0767217	0.0746888	0.0766919	0.0645736	0.0665862	0.064571	0.0625555	0.068798	0.0732901	0.0950223	0.0859426	0.0885344	0.0824061	0.0798726	0.0876829	0.125983	0.091246	0.0979682	0.110493	0.0862197	0.104821	0.10439	0.107815	0.117125	0.104629	0.110654	0.0961887	0.111409	0.0996854	0.0901219	0.0941951	0.0736778	0.0567028	0.0566888	0.0690813	0.0774419	0.079126	0.0957616	0.0750212	0	0.04902	0.0550348	0.0551888	0.0405757	0.0387675	0.0466883	0.0750595	0.0791733	0.0811923	0.15077	0.141668	0.136266	0.110814	0.0999319	0.0917862	0.101561	0.0987833	0.0990086	0.0710288	0.0903675	0.0772703	0.0792694	0.116192	0.114363	0.0901188	0.0777127	0.16285	0.165788	0.102583	0.122625	0.100541	0.129385	0.100349	0.127618	0.0958482	0.107667	0.116752	0.109861	0.128763	0.13108	0.145137	0.138532	0.13535	0.145517	0.131246	0.0545834	0.0669783	0.0774826	0.064635	0.0606125	0.0606125	0.0666542	0.064628	0.0731979	0.0688752	0.0668728	0.109385	0.110665	0.0975194	0.11549	0.133467	0.136368	0.13805	0.121909	0.111665	0.107666	0.12654	0.128337	0.120062	0.0932397	0.111613	0.10763	0.105471	0.0973437	0.109507	0.117751	0.117728	0.122041	0.130285	0.111556	0.125046	0.138711	0.140787	0.127957	0.157695	0.147223	0.147751	0.140384	0.134201	0.149008	0.123558	0.133907	0.135933	0.140277	0.125499	0.139778	0.137909	0.146029	0.133586	0.160412	0.139542	0.147071	0.143784	0.156007	0.160318	0.160437	0.152821	0.158929	0.165272	0.150804	0.156833	0.161398	0.158979	0.158935	0.1468	0.144707	0.152967	0.15288	0.153994	0.145936	0.148024	0.137723	0.14391	0.157948	0.151822	0.143596	0.166093	0.159732	0.15777	0.159791	0.157697	0.161693	0.167819	0.167785	0.163766	0.167937	0.167902	0.159695	0.171548	0.163713	0.161655	0.161642	0.167819	0.153621	0.16623	0.155773	0.153682	0.147626	0.147624	0.172241	0.135465	0.153812	0.151811	0.145671	0.148914	0.150912	0.148059	0.146052	0.131495	0.141687	0.162668	0.169157	0.137653	0.149977	0.172758	0.157981	0.162021	0.157871	0.14161	0.143689	0.169012	0.145734	0.143757	0.156201	0.143649	0.143625	0.145708	0.145605	0.151653	0.14168	0.143685	0.151806	0.137479	0.141552	0.135636	0.135562	0.139703	0.17977	0.141578	0.154232	0.139619	0.150568	0.156218	0.154032	0.1458	0.145851	0.12946	0.14607	0.159112	0.133551	0.133779	0.135638	0.141697	0.12945	0.139716	0.1356	0.139654	0.135554	0.127455	0.125375	0.125376	0.125376	0.139913	0.135895	0.137983	0.135672	0.135691	0.143973	0.137682	0.143888	0.129792	0.129649	0.133989	0.149971	0.137938	0.129748	0.147758	0.128621	0.122017	0.134022	0.140382	0.140267	0.144185	0.130946	0.118392	0.108144	0.0837854	0.103382	0.109797
Fulmarus_glacialis	0.0722699	0.0793899	0.0814287	0.109228	0.0751272	0.0731235	0.117895	0.130547	0.122796	0.139079	0.138233	0.116157	0.117156	0.13091	0.0803029	0.0768339	0.10749	0.101187	0.103231	0.0970295	0.0990458	0.0970205	0.0950209	0.0950209	0.0790696	0.0896873	0.068684	0.0894384	0.0956333	0.0910428	0.0870104	0.0849149	0.0787761	0.0808056	0.0828511	0.080801	0.107732	0.10765	0.108257	0.101229	0.103539	0.175012	0.0746524	0.076675	0.0974316	0.0848224	0.0847973	0.0847624	0.0827295	0.0847325	0.0726143	0.0746269	0.0726116	0.0705961	0.0768387	0.0813308	0.103063	0.0939833	0.0965751	0.0904467	0.0879132	0.0957236	0.134023	0.0992867	0.106009	0.118533	0.0942604	0.112862	0.112431	0.115856	0.125166	0.11267	0.118695	0.104229	0.119449	0.107726	0.0981625	0.102236	0.0817185	0.0647435	0.0647295	0.077122	0.0854826	0.0871667	0.103802	0.0830619	0.04902	0	0.0302858	0.0304439	0.0486164	0.0468081	0.054729	0.0831001	0.087214	0.089233	0.158811	0.149709	0.144307	0.118855	0.107973	0.0998269	0.109601	0.106824	0.107049	0.0790694	0.0984082	0.085311	0.0873101	0.124232	0.122403	0.0981595	0.0857534	0.17089	0.173828	0.110623	0.130666	0.108581	0.137426	0.10839	0.135659	0.103889	0.115708	0.124793	0.117902	0.136803	0.139121	0.153177	0.146572	0.14339	0.153557	0.139287	0.0626241	0.075019	0.0855233	0.0726757	0.0686532	0.0686532	0.0746949	0.0726686	0.0812385	0.0769158	0.0749135	0.117425	0.118706	0.10556	0.123531	0.141508	0.144409	0.14609	0.129949	0.119706	0.115706	0.134581	0.136378	0.128103	0.10128	0.119653	0.115671	0.113511	0.105384	0.117547	0.125791	0.125769	0.130082	0.138326	0.119596	0.133086	0.146752	0.148828	0.135998	0.165736	0.155263	0.155792	0.148424	0.142242	0.157049	0.131598	0.141948	0.143974	0.148317	0.13354	0.147818	0.14595	0.154069	0.141627	0.168453	0.147583	0.155112	0.151824	0.164047	0.168358	0.168478	0.160862	0.16697	0.173313	0.158845	0.164874	0.169438	0.167019	0.166976	0.15484	0.152748	0.161008	0.160921	0.162034	0.153977	0.156065	0.145764	0.151951	0.165988	0.159862	0.151637	0.174134	0.167773	0.16581	0.167831	0.165737	0.169734	0.17586	0.175825	0.171807	0.175977	0.175943	0.167735	0.179589	0.171754	0.169696	0.169683	0.17586	0.161662	0.174271	0.163814	0.161723	0.155667	0.155665	0.180282	0.143506	0.161852	0.159852	0.153712	0.156955	0.158953	0.1561	0.154092	0.139535	0.149728	0.170709	0.177197	0.145693	0.158018	0.180799	0.166022	0.170062	0.165911	0.149651	0.15173	0.177052	0.153775	0.151798	0.164242	0.151689	0.151665	0.153748	0.153645	0.159693	0.14972	0.151726	0.159847	0.14552	0.149593	0.143677	0.143603	0.147743	0.187811	0.149619	0.162273	0.147659	0.158609	0.164259	0.162073	0.15384	0.153892	0.137501	0.154111	0.167153	0.141592	0.141819	0.143678	0.149737	0.13749	0.147756	0.143641	0.147694	0.143595	0.135496	0.133415	0.133416	0.133416	0.147954	0.143936	0.146023	0.143713	0.143732	0.152013	0.145722	0.151929	0.137832	0.13769	0.142029	0.158012	0.145979	0.137788	0.155799	0.136662	0.130058	0.142062	0.148423	0.148307	0.152225	0.138987	0.126433	0.116185	0.0918261	0.111423	0.117838
Calonectris_borealis	0.0782847	0.0854047	0.0874435	0.115243	0.081142	0.0791383	0.12391	0.136562	0.128811	0.145094	0.144248	0.122172	0.123171	0.136925	0.0863177	0.0828487	0.113505	0.107201	0.109246	0.103044	0.105061	0.103035	0.101036	0.101036	0.0850844	0.0957021	0.0746988	0.0954532	0.101648	0.0970576	0.0930252	0.0909297	0.0847909	0.0868204	0.0888659	0.0868158	0.113747	0.113665	0.114272	0.107243	0.109554	0.181027	0.0806672	0.0826898	0.103446	0.0908372	0.0908121	0.0907772	0.0887443	0.0907473	0.0786291	0.0806417	0.0786264	0.0766109	0.0828535	0.0873456	0.109078	0.0999981	0.10259	0.0964615	0.093928	0.101738	0.140038	0.105302	0.112024	0.124548	0.100275	0.118876	0.118446	0.121871	0.131181	0.118684	0.12471	0.110244	0.125464	0.113741	0.104177	0.108251	0.0877333	0.0707583	0.0707443	0.0831368	0.0914974	0.0931815	0.109817	0.0890767	0.0550348	0.0302858	0	0.0364587	0.0546312	0.0528229	0.0607438	0.0891149	0.0932288	0.0952478	0.164826	0.155723	0.150322	0.12487	0.113987	0.105842	0.115616	0.112839	0.113064	0.0850842	0.104423	0.0913258	0.0933249	0.130247	0.128418	0.104174	0.0917682	0.176905	0.179843	0.116638	0.136681	0.114596	0.143441	0.114405	0.141673	0.109904	0.121723	0.130808	0.123917	0.142818	0.145136	0.159192	0.152587	0.149405	0.159572	0.145302	0.0686389	0.0810338	0.0915381	0.0786905	0.074668	0.074668	0.0807097	0.0786834	0.0872533	0.0829306	0.0809283	0.12344	0.12472	0.111575	0.129546	0.147522	0.150423	0.152105	0.135964	0.125721	0.121721	0.140596	0.142393	0.134118	0.107295	0.125668	0.121685	0.119526	0.111399	0.123562	0.131806	0.131784	0.136097	0.144341	0.125611	0.139101	0.152766	0.154843	0.142013	0.171751	0.161278	0.161806	0.154439	0.148257	0.163064	0.137613	0.147963	0.149989	0.154332	0.139554	0.153833	0.151965	0.160084	0.147642	0.174468	0.153598	0.161127	0.157839	0.170062	0.174373	0.174492	0.166877	0.172985	0.179328	0.164859	0.170888	0.175453	0.173034	0.172991	0.160855	0.158763	0.167023	0.166936	0.168049	0.159991	0.162079	0.151779	0.157966	0.172003	0.165877	0.157651	0.180149	0.173788	0.171825	0.173846	0.171752	0.175749	0.181875	0.18184	0.177821	0.181992	0.181958	0.17375	0.185604	0.177768	0.17571	0.175698	0.181875	0.167676	0.180285	0.169828	0.167738	0.161681	0.16168	0.186296	0.149521	0.167867	0.165866	0.159727	0.16297	0.164968	0.162115	0.160107	0.14555	0.155743	0.176723	0.183212	0.151708	0.164032	0.186814	0.172036	0.176077	0.171926	0.155665	0.157745	0.183067	0.15979	0.157812	0.170256	0.157704	0.15768	0.159763	0.15966	0.165708	0.155735	0.157741	0.165861	0.151535	0.155607	0.149691	0.149617	0.153758	0.193826	0.155633	0.168287	0.153674	0.164623	0.170273	0.168087	0.159855	0.159907	0.143515	0.160125	0.173168	0.147606	0.147834	0.149693	0.155752	0.143505	0.153771	0.149656	0.153709	0.14961	0.141511	0.13943	0.139431	0.139431	0.153969	0.149951	0.152038	0.149728	0.149746	0.158028	0.151737	0.157943	0.143847	0.143705	0.148044	0.164026	0.151994	0.143803	0.161814	0.142677	0.136073	0.148077	0.154437	0.154322	0.15824	0.145002	0.132447	0.122199	0.0978409	0.117438	0.123853
Pelecanoides_urinatrix	0.0784387	0.0855588	0.0875975	0.115397	0.0812961	0.0792923	0.124064	0.136716	0.128965	0.145248	0.144402	0.122326	0.123325	0.137079	0.0864717	0.0830027	0.113659	0.107356	0.1094	0.103198	0.105215	0.103189	0.10119	0.10119	0.0852385	0.0958562	0.0748528	0.0956073	0.101802	0.0972117	0.0931792	0.0910837	0.0849449	0.0869745	0.0890199	0.0869698	0.113901	0.113819	0.114426	0.107398	0.109708	0.181181	0.0808212	0.0828438	0.1036	0.0909913	0.0909662	0.0909313	0.0888984	0.0909014	0.0787831	0.0807957	0.0787805	0.076765	0.0830076	0.0874996	0.109232	0.100152	0.102744	0.0966156	0.0940821	0.101892	0.140192	0.105456	0.112178	0.124702	0.100429	0.11903	0.1186	0.122025	0.131335	0.118838	0.124864	0.110398	0.125618	0.113895	0.104331	0.108405	0.0878873	0.0709123	0.0708983	0.0832908	0.0916514	0.0933355	0.109971	0.0892307	0.0551888	0.0304439	0.0364587	0	0.0547852	0.052977	0.0608978	0.089269	0.0933828	0.0954018	0.16498	0.155877	0.150476	0.125024	0.114141	0.105996	0.11577	0.112993	0.113218	0.0852383	0.104577	0.0914798	0.0934789	0.130401	0.128572	0.104328	0.0919222	0.177059	0.179997	0.116792	0.136835	0.11475	0.143595	0.114559	0.141827	0.110058	0.121877	0.130962	0.124071	0.142972	0.14529	0.159346	0.152741	0.149559	0.159726	0.145456	0.0687929	0.0811878	0.0916921	0.0788445	0.0748221	0.0748221	0.0808637	0.0788375	0.0874074	0.0830847	0.0810823	0.123594	0.124874	0.111729	0.1297	0.147676	0.150578	0.152259	0.136118	0.125875	0.121875	0.14075	0.142547	0.134272	0.107449	0.125822	0.12184	0.11968	0.111553	0.123716	0.13196	0.131938	0.136251	0.144495	0.125765	0.139255	0.15292	0.154997	0.142167	0.171905	0.161432	0.16196	0.154593	0.148411	0.163218	0.137767	0.148117	0.150143	0.154486	0.139708	0.153987	0.152119	0.160238	0.147796	0.174622	0.153752	0.161281	0.157993	0.170216	0.174527	0.174646	0.167031	0.173139	0.179482	0.165013	0.171042	0.175607	0.173188	0.173145	0.161009	0.158917	0.167177	0.16709	0.168203	0.160145	0.162233	0.151933	0.15812	0.172157	0.166031	0.157805	0.180303	0.173942	0.171979	0.174	0.171906	0.175903	0.182029	0.181994	0.177975	0.182146	0.182112	0.173904	0.185758	0.177922	0.175864	0.175852	0.182029	0.16783	0.180439	0.169983	0.167892	0.161835	0.161834	0.18645	0.149675	0.168021	0.16602	0.159881	0.163124	0.165122	0.162269	0.160261	0.145704	0.155897	0.176878	0.183366	0.151862	0.164186	0.186968	0.17219	0.176231	0.17208	0.155819	0.157899	0.183221	0.159944	0.157966	0.17041	0.157858	0.157834	0.159917	0.159814	0.165862	0.155889	0.157895	0.166015	0.151689	0.155761	0.149845	0.149771	0.153912	0.19398	0.155787	0.168441	0.153828	0.164777	0.170428	0.168241	0.160009	0.160061	0.14367	0.160279	0.173322	0.14776	0.147988	0.149847	0.155906	0.143659	0.153925	0.14981	0.153863	0.149764	0.141665	0.139584	0.139585	0.139585	0.154123	0.150105	0.152192	0.149882	0.1499	0.158182	0.151891	0.158097	0.144001	0.143859	0.148198	0.16418	0.152148	0.143957	0.161968	0.142831	0.136227	0.148231	0.154592	0.154476	0.158394	0.145156	0.132601	0.122353	0.0979949	0.117592	0.124007
Fregetta_grallaria	0.0601884	0.0673084	0.0693471	0.0971468	0.0630457	0.0610419	0.105813	0.118466	0.110714	0.126997	0.126151	0.104076	0.105074	0.118828	0.0682213	0.0647523	0.0954087	0.0891051	0.0911495	0.084948	0.0869643	0.084939	0.0829393	0.0829393	0.0669881	0.0776058	0.0566024	0.0773569	0.0835518	0.0789613	0.0749289	0.0728334	0.0666945	0.0687241	0.0707696	0.0687194	0.0956506	0.0955683	0.0961757	0.0891471	0.0914576	0.16293	0.0625708	0.0645935	0.0853501	0.0727409	0.0727158	0.0726809	0.070648	0.072651	0.0605328	0.0625453	0.0605301	0.0585146	0.0647572	0.0692492	0.0909815	0.0819017	0.0844936	0.0783652	0.0758317	0.083642	0.121942	0.0872052	0.0939273	0.106452	0.0821789	0.10078	0.100349	0.103774	0.113084	0.100588	0.106614	0.0921478	0.107368	0.0956445	0.086081	0.0901542	0.069637	0.052662	0.052648	0.0650405	0.0734011	0.0750851	0.0917208	0.0709803	0.0405757	0.0486164	0.0546312	0.0547852	0	0.0223438	0.0382969	0.0710186	0.0751324	0.0771514	0.146729	0.137627	0.132225	0.106774	0.0958911	0.0877454	0.0975196	0.0947425	0.0949677	0.0669879	0.0863267	0.0732294	0.0752285	0.112151	0.110322	0.086078	0.0736718	0.158809	0.161747	0.0985419	0.118584	0.0964997	0.125344	0.0963082	0.123577	0.0918074	0.103626	0.112712	0.105821	0.124722	0.127039	0.141096	0.134491	0.131309	0.141476	0.127205	0.0505426	0.0629374	0.0734417	0.0605942	0.0565717	0.0565717	0.0626134	0.0605871	0.069157	0.0648343	0.0628319	0.105344	0.106624	0.0934785	0.11145	0.129426	0.132327	0.134009	0.117868	0.107624	0.103625	0.1225	0.124297	0.116022	0.0891988	0.107572	0.103589	0.10143	0.0933028	0.105466	0.11371	0.113687	0.118001	0.126244	0.107515	0.121005	0.13467	0.136746	0.123916	0.153654	0.143182	0.14371	0.136343	0.130161	0.144967	0.119517	0.129866	0.131892	0.136236	0.121458	0.135737	0.133868	0.141988	0.129545	0.156372	0.135501	0.143031	0.139743	0.151966	0.156277	0.156396	0.148781	0.154888	0.161231	0.146763	0.152792	0.157357	0.154938	0.154894	0.142759	0.140667	0.148926	0.148839	0.149953	0.141895	0.143983	0.133682	0.139869	0.153907	0.147781	0.139555	0.162052	0.155691	0.153729	0.15575	0.153656	0.157652	0.163778	0.163744	0.159725	0.163896	0.163861	0.155654	0.167507	0.159672	0.157614	0.157601	0.163778	0.14958	0.162189	0.151732	0.149642	0.143585	0.143583	0.1682	0.131424	0.149771	0.14777	0.14163	0.144873	0.146871	0.144019	0.142011	0.127454	0.137646	0.158627	0.165116	0.133612	0.145936	0.168717	0.15394	0.15798	0.15383	0.137569	0.139649	0.164971	0.141694	0.139716	0.15216	0.139608	0.139584	0.141667	0.141564	0.147612	0.137639	0.139645	0.147765	0.133438	0.137511	0.131595	0.131521	0.135662	0.175729	0.137537	0.150191	0.135578	0.146527	0.152177	0.149991	0.141759	0.14181	0.125419	0.142029	0.155072	0.12951	0.129738	0.131597	0.137656	0.125409	0.135675	0.131559	0.135613	0.131514	0.123415	0.121334	0.121335	0.121335	0.135873	0.131855	0.133942	0.131632	0.13165	0.139932	0.133641	0.139847	0.125751	0.125608	0.129948	0.14593	0.133897	0.125707	0.143717	0.12458	0.117976	0.129981	0.136341	0.136226	0.140144	0.126905	0.114351	0.104103	0.0797446	0.0993414	0.105756
Oceanites_oceanicus	0.0583801	0.0655002	0.0675389	0.0953386	0.0612375	0.0592337	0.104005	0.116657	0.108906	0.125189	0.124343	0.102267	0.103266	0.11702	0.0664131	0.0629441	0.0936005	0.0872969	0.0893413	0.0831398	0.085156	0.0831307	0.0811311	0.0811311	0.0651799	0.0757976	0.0547942	0.0755487	0.0817436	0.0771531	0.0731206	0.0710251	0.0648863	0.0669159	0.0689613	0.0669112	0.0938423	0.09376	0.0943675	0.0873389	0.0896494	0.161122	0.0607626	0.0627852	0.0835419	0.0709327	0.0709076	0.0708727	0.0688398	0.0708428	0.0587245	0.0607371	0.0587219	0.0567064	0.062949	0.067441	0.0891732	0.0800935	0.0826853	0.076557	0.0740235	0.0818338	0.120134	0.0853969	0.0921191	0.104644	0.0803706	0.0989717	0.0985412	0.101966	0.111276	0.0987798	0.104805	0.0903396	0.10556	0.0938363	0.0842728	0.088346	0.0678287	0.0508537	0.0508397	0.0632322	0.0715928	0.0732769	0.0899125	0.0691721	0.0387675	0.0468081	0.0528229	0.052977	0.0223438	0	0.0364887	0.0692104	0.0733242	0.0753432	0.144921	0.135819	0.130417	0.104965	0.0940829	0.0859371	0.0957114	0.0929342	0.0931595	0.0651797	0.0845184	0.0714212	0.0734203	0.110343	0.108514	0.0842697	0.0718636	0.157001	0.159938	0.0967337	0.116776	0.0946914	0.123536	0.0944999	0.121769	0.0899991	0.101818	0.110903	0.104012	0.122914	0.125231	0.139288	0.132683	0.1295	0.139668	0.125397	0.0487343	0.0611292	0.0716335	0.0587859	0.0547634	0.0547634	0.0608051	0.0587789	0.0673488	0.0630261	0.0610237	0.103536	0.104816	0.0916703	0.109641	0.127618	0.130519	0.132201	0.11606	0.105816	0.101817	0.120691	0.122488	0.114213	0.0873906	0.105764	0.101781	0.0996216	0.0914946	0.103658	0.111902	0.111879	0.116192	0.124436	0.105706	0.119196	0.132862	0.134938	0.122108	0.151846	0.141374	0.141902	0.134534	0.128352	0.143159	0.117709	0.128058	0.130084	0.134427	0.11965	0.133929	0.13206	0.14018	0.127737	0.154563	0.133693	0.141222	0.137935	0.150157	0.154468	0.154588	0.146972	0.15308	0.159423	0.144955	0.150984	0.155549	0.15313	0.153086	0.140951	0.138858	0.147118	0.147031	0.148144	0.140087	0.142175	0.131874	0.138061	0.152099	0.145973	0.137747	0.160244	0.153883	0.151921	0.153942	0.151848	0.155844	0.16197	0.161935	0.157917	0.162088	0.162053	0.153846	0.165699	0.157864	0.155806	0.155793	0.16197	0.147772	0.160381	0.149924	0.147833	0.141777	0.141775	0.166392	0.129616	0.147963	0.145962	0.139822	0.143065	0.145063	0.14221	0.140203	0.125646	0.135838	0.156819	0.163307	0.131804	0.144128	0.166909	0.152132	0.156172	0.152022	0.135761	0.13784	0.163162	0.139885	0.137908	0.150352	0.1378	0.137776	0.139859	0.139756	0.145803	0.135831	0.137836	0.145957	0.13163	0.135703	0.129787	0.129713	0.133854	0.173921	0.135729	0.148383	0.13377	0.144719	0.150369	0.148183	0.139951	0.140002	0.123611	0.140221	0.153263	0.127702	0.12793	0.129789	0.135848	0.123601	0.133867	0.129751	0.133805	0.129705	0.121606	0.119525	0.119526	0.119526	0.134064	0.130046	0.132133	0.129823	0.129842	0.138124	0.131833	0.138039	0.123943	0.1238	0.128139	0.144122	0.132089	0.123898	0.141909	0.122772	0.116168	0.128172	0.134533	0.134417	0.138336	0.125097	0.112543	0.102295	0.0779363	0.0975331	0.103948
Hydrobates_tethys	0.066301	0.073421	0.0754598	0.103259	0.0691583	0.0671546	0.111926	0.124578	0.116827	0.13311	0.132264	0.110188	0.111187	0.124941	0.074334	0.070865	0.101521	0.0952178	0.0972622	0.0910606	0.0930769	0.0910516	0.089052	0.089052	0.0731007	0.0837184	0.0627151	0.0834695	0.0896644	0.0850739	0.0810415	0.078946	0.0728072	0.0748367	0.0768822	0.0748321	0.101763	0.101681	0.102288	0.0952598	0.0975703	0.169043	0.0686835	0.0707061	0.0914627	0.0788535	0.0788284	0.0787935	0.0767606	0.0787636	0.0666454	0.068658	0.0666427	0.0646272	0.0708698	0.0753619	0.0970941	0.0880144	0.0906062	0.0844778	0.0819443	0.0897547	0.128054	0.0933178	0.10004	0.112564	0.0882915	0.106893	0.106462	0.109887	0.119197	0.106701	0.112726	0.0982604	0.113481	0.101757	0.0921936	0.0962668	0.0757496	0.0587746	0.0587606	0.0711531	0.0795137	0.0811978	0.0978334	0.077093	0.0466883	0.054729	0.0607438	0.0608978	0.0382969	0.0364887	0	0.0771312	0.0812451	0.0832641	0.152842	0.14374	0.138338	0.112886	0.102004	0.093858	0.103632	0.100855	0.10108	0.0731005	0.0924393	0.0793421	0.0813412	0.118263	0.116435	0.0921906	0.0797845	0.164921	0.167859	0.104655	0.124697	0.102612	0.131457	0.102421	0.12969	0.09792	0.109739	0.118824	0.111933	0.130834	0.133152	0.147208	0.140604	0.137421	0.147588	0.133318	0.0566552	0.0690501	0.0795544	0.0667068	0.0626843	0.0626843	0.068726	0.0666997	0.0752696	0.0709469	0.0689446	0.111456	0.112737	0.0995912	0.117562	0.135539	0.13844	0.140122	0.12398	0.113737	0.109738	0.128612	0.130409	0.122134	0.0953115	0.113684	0.109702	0.107542	0.0994155	0.111579	0.119822	0.1198	0.124113	0.132357	0.113627	0.127117	0.140783	0.142859	0.130029	0.159767	0.149294	0.149823	0.142455	0.136273	0.15108	0.12563	0.135979	0.138005	0.142348	0.127571	0.141849	0.139981	0.148101	0.135658	0.162484	0.141614	0.149143	0.145856	0.158078	0.162389	0.162509	0.154893	0.161001	0.167344	0.152876	0.158905	0.163469	0.16105	0.161007	0.148871	0.146779	0.155039	0.154952	0.156065	0.148008	0.150096	0.139795	0.145982	0.160019	0.153893	0.145668	0.168165	0.161804	0.159842	0.161862	0.159768	0.163765	0.169891	0.169856	0.165838	0.170009	0.169974	0.161766	0.17362	0.165785	0.163727	0.163714	0.169891	0.155693	0.168302	0.157845	0.155754	0.149698	0.149696	0.174313	0.137537	0.155883	0.153883	0.147743	0.150986	0.152984	0.150131	0.148124	0.133566	0.143759	0.16474	0.171228	0.139724	0.152049	0.17483	0.160053	0.164093	0.159942	0.143682	0.145761	0.171083	0.147806	0.145829	0.158273	0.14572	0.145696	0.147779	0.147677	0.153724	0.143751	0.145757	0.153878	0.139551	0.143624	0.137708	0.137634	0.141775	0.181842	0.14365	0.156304	0.14169	0.15264	0.15829	0.156104	0.147871	0.147923	0.131532	0.148142	0.161184	0.135623	0.135851	0.137709	0.143769	0.131522	0.141788	0.137672	0.141726	0.137626	0.129527	0.127446	0.127447	0.127447	0.141985	0.137967	0.140054	0.137744	0.137763	0.146044	0.139754	0.14596	0.131864	0.131721	0.13606	0.152043	0.14001	0.131819	0.14983	0.130693	0.124089	0.136093	0.142454	0.142338	0.146256	0.133018	0.120464	0.110216	0.0858572	0.105454	0.111869
Lophotis_ruficrista	0.0623831	0.0695031	0.0715418	0.0993415	0.0652404	0.0632367	0.108008	0.12066	0.112909	0.129192	0.128346	0.10627	0.107269	0.121023	0.070416	0.066947	0.0976034	0.0912998	0.0933442	0.0871427	0.089159	0.0871337	0.085134	0.085134	0.0691828	0.0798005	0.0587971	0.0795516	0.0857465	0.081156	0.0771236	0.0750281	0.0688892	0.0709188	0.0729643	0.0709141	0.0978453	0.097763	0.0983704	0.0913418	0.0936523	0.165125	0.0647656	0.0667882	0.0875448	0.0749356	0.0749105	0.0748756	0.0728427	0.0748457	0.0627275	0.06474	0.0627248	0.0607093	0.0669519	0.0714439	0.0931762	0.0840964	0.0866883	0.0805599	0.0780264	0.0858367	0.124137	0.0893999	0.096122	0.108646	0.0843736	0.10298	0.10255	0.105975	0.115285	0.102788	0.108814	0.0943482	0.109568	0.0978449	0.0882814	0.0923546	0.0798714	0.0628964	0.0628824	0.0752749	0.0836355	0.0853196	0.101955	0.0812148	0.0750595	0.0831001	0.0891149	0.089269	0.0710186	0.0692104	0.0771312	0	0.0201761	0.0221951	0.141174	0.132072	0.12667	0.101218	0.0903359	0.0821902	0.0919645	0.0969331	0.0971583	0.0691826	0.0885214	0.0754241	0.0774232	0.114345	0.112517	0.0882727	0.0758665	0.161004	0.163941	0.100737	0.120779	0.0986944	0.127539	0.0985029	0.125772	0.0940021	0.105821	0.114906	0.108015	0.126917	0.129234	0.143291	0.136686	0.133503	0.14367	0.1294	0.0527373	0.0651321	0.0756364	0.0627889	0.0587664	0.0587664	0.0648081	0.0627818	0.0713517	0.067029	0.0650266	0.107538	0.108819	0.0956732	0.113644	0.131621	0.134522	0.136204	0.120062	0.109819	0.10582	0.124694	0.126491	0.118216	0.0913935	0.109766	0.105784	0.103625	0.0954975	0.107661	0.115905	0.115882	0.120195	0.128439	0.109709	0.123199	0.136865	0.138941	0.126111	0.155849	0.145376	0.145905	0.138537	0.132355	0.147162	0.121712	0.132061	0.134087	0.13843	0.123653	0.137931	0.136063	0.144183	0.13174	0.158566	0.137696	0.145225	0.141938	0.15416	0.158471	0.158591	0.150975	0.157083	0.163426	0.148958	0.154987	0.159552	0.157132	0.157089	0.144954	0.142861	0.151121	0.151034	0.152147	0.14409	0.146178	0.135877	0.142064	0.156101	0.149975	0.14175	0.164247	0.157886	0.155924	0.157945	0.15585	0.159847	0.165973	0.165938	0.16192	0.166091	0.166056	0.157848	0.169702	0.161867	0.159809	0.159796	0.165973	0.151775	0.164384	0.153927	0.151836	0.14578	0.145778	0.170395	0.133619	0.151966	0.149965	0.143825	0.147068	0.149066	0.146213	0.144206	0.129649	0.139841	0.160822	0.16731	0.135807	0.148131	0.170912	0.156135	0.160175	0.156024	0.139764	0.141843	0.167165	0.143888	0.141911	0.154355	0.141803	0.141779	0.143862	0.143759	0.149806	0.139834	0.141839	0.14996	0.135633	0.139706	0.13379	0.133716	0.137857	0.177924	0.139732	0.152386	0.137772	0.148722	0.154372	0.152186	0.143954	0.144005	0.127614	0.144224	0.157266	0.131705	0.131933	0.133791	0.139851	0.127604	0.13787	0.133754	0.137808	0.133708	0.125609	0.123528	0.123529	0.123529	0.138067	0.134049	0.136136	0.133826	0.133845	0.142127	0.135836	0.142042	0.127946	0.127803	0.132142	0.148125	0.136092	0.127901	0.145912	0.126775	0.120171	0.132175	0.138536	0.13842	0.142338	0.1291	0.116546	0.106298	0.0819393	0.101536	0.107951
Ardeotis_kori	0.0664969	0.0736169	0.0756557	0.103455	0.0693542	0.0673505	0.112122	0.124774	0.117023	0.133306	0.13246	0.110384	0.111383	0.125137	0.0745299	0.0710609	0.101717	0.0954137	0.0974581	0.0912565	0.0932728	0.0912475	0.0892479	0.0892479	0.0732967	0.0839143	0.062911	0.0836654	0.0898604	0.0852698	0.0812374	0.0791419	0.0730031	0.0750326	0.0770781	0.075028	0.101959	0.101877	0.102484	0.0954557	0.0977662	0.169239	0.0688794	0.070902	0.0916586	0.0790494	0.0790244	0.0789894	0.0769565	0.0789595	0.0668413	0.0688539	0.0668386	0.0648231	0.0710657	0.0755578	0.09729	0.0882103	0.0908021	0.0846737	0.0821402	0.0899506	0.12825	0.0935137	0.100236	0.11276	0.0884874	0.107094	0.106664	0.110088	0.119399	0.106902	0.112928	0.098462	0.113682	0.101959	0.0923952	0.0964685	0.0839852	0.0670102	0.0669962	0.0793887	0.0877493	0.0894334	0.106069	0.0853286	0.0791733	0.087214	0.0932288	0.0933828	0.0751324	0.0733242	0.0812451	0.0201761	0	0.0181389	0.145288	0.136186	0.130784	0.105332	0.0944498	0.086304	0.0960783	0.101047	0.101272	0.0732964	0.0926352	0.079538	0.0815371	0.118459	0.11663	0.0923865	0.0799804	0.165117	0.168055	0.10485	0.124893	0.102808	0.131653	0.102617	0.129886	0.0981159	0.109935	0.11902	0.112129	0.13103	0.133348	0.147404	0.1408	0.137617	0.147784	0.133514	0.0568511	0.069246	0.0797503	0.0669027	0.0628802	0.0628802	0.0689219	0.0668957	0.0754655	0.0711428	0.0691405	0.111652	0.112933	0.0997871	0.117758	0.135735	0.138636	0.140317	0.124176	0.113933	0.109934	0.128808	0.130605	0.12233	0.0955074	0.11388	0.109898	0.107738	0.0996114	0.111774	0.120018	0.119996	0.124309	0.132553	0.113823	0.127313	0.140979	0.143055	0.130225	0.159963	0.14949	0.150019	0.142651	0.136469	0.151276	0.125825	0.136175	0.138201	0.142544	0.127767	0.142045	0.140177	0.148296	0.135854	0.16268	0.14181	0.149339	0.146051	0.158274	0.162585	0.162705	0.155089	0.161197	0.16754	0.153072	0.159101	0.163665	0.161246	0.161203	0.149067	0.146975	0.155235	0.155148	0.156261	0.148204	0.150292	0.139991	0.146178	0.160215	0.154089	0.145864	0.168361	0.162	0.160037	0.162058	0.159964	0.163961	0.170087	0.170052	0.166034	0.170204	0.17017	0.161962	0.173816	0.165981	0.163923	0.16391	0.170087	0.155889	0.168498	0.158041	0.15595	0.149894	0.149892	0.174509	0.137733	0.156079	0.154079	0.147939	0.151182	0.15318	0.150327	0.148319	0.133762	0.143955	0.164936	0.171424	0.13992	0.152245	0.175026	0.160249	0.164289	0.160138	0.143878	0.145957	0.171279	0.148002	0.146025	0.158469	0.145916	0.145892	0.147975	0.147872	0.15392	0.143947	0.145953	0.154074	0.139747	0.14382	0.137904	0.13783	0.14197	0.182038	0.143846	0.1565	0.141886	0.152836	0.158486	0.1563	0.148067	0.148119	0.131728	0.148338	0.16138	0.135819	0.136046	0.137905	0.143964	0.131717	0.141983	0.137868	0.141921	0.137822	0.129723	0.127642	0.127643	0.127643	0.142181	0.138163	0.14025	0.13794	0.137959	0.14624	0.139949	0.146156	0.132059	0.131917	0.136256	0.152239	0.140206	0.132015	0.150026	0.130889	0.124285	0.136289	0.14265	0.142534	0.146452	0.133214	0.12066	0.110412	0.0860531	0.10565	0.112065
Chlamydotis_macqueenii	0.0685159	0.0756359	0.0776747	0.105474	0.0713732	0.0693695	0.114141	0.126793	0.119042	0.135325	0.134479	0.112403	0.113402	0.127156	0.0765489	0.0730799	0.103736	0.0974327	0.099477	0.0932755	0.0952918	0.0932665	0.0912669	0.0912669	0.0753156	0.0859333	0.06493	0.0856844	0.0918793	0.0872888	0.0832564	0.0811609	0.0750221	0.0770516	0.0790971	0.0770469	0.103978	0.103896	0.104503	0.0974747	0.0997852	0.171258	0.0708984	0.072921	0.0936776	0.0810684	0.0810433	0.0810084	0.0789755	0.0809785	0.0688603	0.0708729	0.0688576	0.0668421	0.0730847	0.0775768	0.099309	0.0902293	0.0928211	0.0866927	0.0841592	0.0919696	0.130269	0.0955327	0.102255	0.114779	0.0905064	0.109113	0.108683	0.112107	0.121418	0.108921	0.114947	0.100481	0.115701	0.103978	0.0944142	0.0984874	0.0860042	0.0690292	0.0690152	0.0814077	0.0897683	0.0914524	0.108088	0.0873476	0.0811923	0.089233	0.0952478	0.0954018	0.0771514	0.0753432	0.0832641	0.0221951	0.0181389	0	0.147307	0.138205	0.132803	0.107351	0.0964687	0.088323	0.0980973	0.103066	0.103291	0.0753154	0.0946542	0.081557	0.0835561	0.120478	0.118649	0.0944055	0.0819994	0.167136	0.170074	0.106869	0.126912	0.104827	0.133672	0.104636	0.131905	0.100135	0.111954	0.121039	0.114148	0.133049	0.135367	0.149423	0.142818	0.139636	0.149803	0.135533	0.0588701	0.071265	0.0817693	0.0689217	0.0648992	0.0648992	0.0709409	0.0689146	0.0774845	0.0731618	0.0711595	0.113671	0.114952	0.101806	0.119777	0.137754	0.140655	0.142336	0.126195	0.115952	0.111952	0.130827	0.132624	0.124349	0.0975264	0.115899	0.111917	0.109757	0.10163	0.113793	0.122037	0.122015	0.126328	0.134572	0.115842	0.129332	0.142998	0.145074	0.132244	0.161982	0.151509	0.152038	0.14467	0.138488	0.153295	0.127844	0.138194	0.14022	0.144563	0.129786	0.144064	0.142196	0.150315	0.137873	0.164699	0.143829	0.151358	0.14807	0.160293	0.164604	0.164724	0.157108	0.163216	0.169559	0.155091	0.16112	0.165684	0.163265	0.163222	0.151086	0.148994	0.157254	0.157167	0.15828	0.150223	0.152311	0.14201	0.148197	0.162234	0.156108	0.147883	0.17038	0.164019	0.162056	0.164077	0.161983	0.16598	0.172106	0.172071	0.168053	0.172223	0.172189	0.163981	0.175835	0.168	0.165942	0.165929	0.172106	0.157908	0.170517	0.16006	0.157969	0.151913	0.151911	0.176528	0.139752	0.158098	0.156098	0.149958	0.153201	0.155199	0.152346	0.150338	0.135781	0.145974	0.166955	0.173443	0.141939	0.154264	0.177045	0.162268	0.166308	0.162157	0.145897	0.147976	0.173298	0.150021	0.148044	0.160488	0.147935	0.147911	0.149994	0.149891	0.155939	0.145966	0.147972	0.156093	0.141766	0.145839	0.139923	0.139849	0.143989	0.184057	0.145865	0.158519	0.143905	0.154855	0.160505	0.158319	0.150086	0.150138	0.133747	0.150357	0.163399	0.137838	0.138065	0.139924	0.145983	0.133736	0.144002	0.139887	0.14394	0.139841	0.131742	0.129661	0.129662	0.129662	0.1442	0.140182	0.142269	0.139959	0.139978	0.148259	0.141968	0.148175	0.134078	0.133936	0.138275	0.154258	0.142225	0.134034	0.152045	0.132908	0.126304	0.138308	0.144669	0.144553	0.148471	0.135233	0.122679	0.112431	0.0880721	0.107669	0.114084
Heliornis_fulica	0.138094	0.145214	0.147253	0.175052	0.140951	0.138948	0.183719	0.196371	0.18862	0.204903	0.204057	0.181981	0.18298	0.196734	0.146127	0.142658	0.173314	0.167011	0.169055	0.162854	0.16487	0.162845	0.160845	0.160845	0.144894	0.155511	0.134508	0.155262	0.161457	0.156867	0.152834	0.150739	0.1446	0.14663	0.148675	0.146625	0.173556	0.173474	0.174081	0.167053	0.169363	0.240836	0.140476	0.142499	0.163256	0.150646	0.150621	0.150586	0.148554	0.150557	0.138438	0.140451	0.138436	0.13642	0.142663	0.147155	0.168887	0.159807	0.162399	0.156271	0.153737	0.161548	0.199847	0.165111	0.171833	0.184357	0.160084	0.178691	0.178261	0.181685	0.190996	0.178499	0.184525	0.170059	0.185279	0.173556	0.163992	0.168065	0.155582	0.138607	0.138593	0.150986	0.159346	0.16103	0.177666	0.156926	0.15077	0.158811	0.164826	0.16498	0.146729	0.144921	0.152842	0.141174	0.145288	0.147307	0	0.123067	0.117665	0.135218	0.124336	0.11619	0.125965	0.172644	0.172869	0.144893	0.164232	0.151135	0.153134	0.190056	0.188228	0.163984	0.151577	0.236714	0.239652	0.176448	0.19649	0.174405	0.20325	0.174214	0.201483	0.169713	0.181532	0.190617	0.183726	0.202627	0.204945	0.219001	0.212397	0.209214	0.219381	0.205111	0.128448	0.140843	0.151347	0.1385	0.134477	0.134477	0.140519	0.138493	0.147063	0.14274	0.140738	0.183249	0.18453	0.171384	0.189355	0.207332	0.210233	0.211914	0.195773	0.18553	0.181531	0.200405	0.202202	0.193927	0.167104	0.185477	0.181495	0.179335	0.171208	0.183371	0.191615	0.191593	0.195906	0.20415	0.18542	0.19891	0.212576	0.214652	0.201822	0.23156	0.221087	0.221616	0.214248	0.208066	0.222873	0.197422	0.207772	0.209798	0.214141	0.199364	0.213642	0.211774	0.219893	0.207451	0.234277	0.213407	0.220936	0.217648	0.229871	0.234182	0.234302	0.226686	0.232794	0.239137	0.224669	0.230698	0.235262	0.232843	0.2328	0.220664	0.218572	0.226832	0.226745	0.227858	0.219801	0.221889	0.211588	0.217775	0.231812	0.225686	0.217461	0.239958	0.233597	0.231634	0.233655	0.231561	0.235558	0.241684	0.241649	0.237631	0.241802	0.241767	0.233559	0.245413	0.237578	0.23552	0.235507	0.241684	0.227486	0.240095	0.229638	0.227547	0.221491	0.221489	0.246106	0.20933	0.227676	0.225676	0.219536	0.222779	0.224777	0.221924	0.219916	0.205359	0.215552	0.236533	0.243021	0.211517	0.223842	0.246623	0.231846	0.235886	0.231735	0.215475	0.217554	0.242876	0.219599	0.217622	0.230066	0.217513	0.217489	0.219572	0.219469	0.225517	0.215544	0.21755	0.225671	0.211344	0.215417	0.209501	0.209427	0.213567	0.253635	0.215443	0.228097	0.213483	0.224433	0.230083	0.227897	0.219664	0.219716	0.203325	0.219935	0.232977	0.207416	0.207644	0.209502	0.215562	0.203314	0.21358	0.209465	0.213518	0.209419	0.20132	0.199239	0.19924	0.19924	0.213778	0.20976	0.211847	0.209537	0.209556	0.217837	0.211546	0.217753	0.203656	0.203514	0.207853	0.223836	0.211803	0.203612	0.221623	0.202486	0.195882	0.207886	0.214247	0.214131	0.218049	0.204811	0.192257	0.182009	0.15765	0.177247	0.183662
Atlantisia_rogersi	0.128992	0.136112	0.13815	0.16595	0.131849	0.129845	0.174616	0.187269	0.179517	0.195801	0.194955	0.172879	0.173877	0.187632	0.137025	0.133556	0.164212	0.157908	0.159953	0.153751	0.155767	0.153742	0.151743	0.151743	0.135791	0.146409	0.125406	0.14616	0.152355	0.147764	0.143732	0.141637	0.135498	0.137527	0.139573	0.137523	0.164454	0.164371	0.164979	0.15795	0.160261	0.231734	0.131374	0.133397	0.154153	0.141544	0.141519	0.141484	0.139451	0.141454	0.129336	0.131349	0.129333	0.127318	0.13356	0.138052	0.159785	0.150705	0.153297	0.147168	0.144635	0.152445	0.190745	0.156008	0.16273	0.175255	0.150982	0.169589	0.169158	0.172583	0.181893	0.169397	0.175422	0.160957	0.176177	0.164453	0.15489	0.158963	0.14648	0.129505	0.129491	0.141883	0.150244	0.151928	0.168564	0.147823	0.141668	0.149709	0.155723	0.155877	0.137627	0.135819	0.14374	0.132072	0.136186	0.138205	0.123067	0	0.0410483	0.126116	0.115234	0.107088	0.116862	0.163542	0.163767	0.135791	0.15513	0.142033	0.144032	0.180954	0.179125	0.154881	0.142475	0.227612	0.23055	0.167345	0.187387	0.165303	0.194147	0.165111	0.19238	0.160611	0.172429	0.181515	0.174624	0.193525	0.195842	0.209899	0.203294	0.200112	0.210279	0.196008	0.119346	0.131741	0.142245	0.129397	0.125375	0.125375	0.131417	0.12939	0.13796	0.133637	0.131635	0.174147	0.175427	0.162282	0.180253	0.198229	0.20113	0.202812	0.186671	0.176427	0.172428	0.191303	0.1931	0.184825	0.158002	0.176375	0.172392	0.170233	0.162106	0.174269	0.182513	0.182491	0.186804	0.195048	0.176318	0.189808	0.203473	0.20555	0.192719	0.222458	0.211985	0.212513	0.205146	0.198964	0.21377	0.18832	0.198669	0.200696	0.205039	0.190261	0.20454	0.202672	0.210791	0.198349	0.225175	0.204305	0.211834	0.208546	0.220769	0.22508	0.225199	0.217584	0.223691	0.230034	0.215566	0.221595	0.22616	0.223741	0.223698	0.211562	0.20947	0.217729	0.217642	0.218756	0.210698	0.212786	0.202485	0.208672	0.22271	0.216584	0.208358	0.230855	0.224495	0.222532	0.224553	0.222459	0.226455	0.232582	0.232547	0.228528	0.232699	0.232665	0.224457	0.236311	0.228475	0.226417	0.226405	0.232582	0.218383	0.230992	0.220535	0.218445	0.212388	0.212387	0.237003	0.200228	0.218574	0.216573	0.210434	0.213676	0.215675	0.212822	0.210814	0.196257	0.20645	0.22743	0.233919	0.202415	0.214739	0.237521	0.222743	0.226784	0.222633	0.206372	0.208452	0.233774	0.210497	0.208519	0.220963	0.208411	0.208387	0.21047	0.210367	0.216415	0.206442	0.208448	0.216568	0.202241	0.206314	0.200398	0.200324	0.204465	0.244533	0.20634	0.218994	0.204381	0.21533	0.22098	0.218794	0.210562	0.210613	0.194222	0.210832	0.223875	0.198313	0.198541	0.2004	0.206459	0.194212	0.204478	0.200362	0.204416	0.200317	0.192218	0.190137	0.190138	0.190138	0.204676	0.200658	0.202745	0.200435	0.200453	0.208735	0.202444	0.20865	0.194554	0.194411	0.198751	0.214733	0.202701	0.19451	0.21252	0.193383	0.186779	0.198784	0.205144	0.205029	0.208947	0.195709	0.183154	0.172906	0.148548	0.168145	0.174559
Zapornia_atra	0.12359	0.13071	0.132748	0.160548	0.126447	0.124443	0.169215	0.181867	0.174116	0.190399	0.189553	0.167477	0.168476	0.18223	0.131623	0.128154	0.15881	0.152506	0.154551	0.148349	0.150366	0.14834	0.146341	0.146341	0.130389	0.141007	0.120004	0.140758	0.146953	0.142363	0.13833	0.136235	0.130096	0.132125	0.134171	0.132121	0.159052	0.15897	0.159577	0.152548	0.154859	0.226332	0.125972	0.127995	0.148751	0.136142	0.136117	0.136082	0.134049	0.136052	0.123934	0.125947	0.123931	0.121916	0.128159	0.132651	0.154383	0.145303	0.147895	0.141767	0.139233	0.147043	0.185343	0.150607	0.157329	0.169853	0.14558	0.164187	0.163756	0.167181	0.176491	0.163995	0.170021	0.155555	0.170775	0.159052	0.149488	0.153561	0.141078	0.124103	0.124089	0.136482	0.144842	0.146526	0.163162	0.142421	0.136266	0.144307	0.150322	0.150476	0.132225	0.130417	0.138338	0.12667	0.130784	0.132803	0.117665	0.0410483	0	0.120714	0.109832	0.101686	0.11146	0.15814	0.158365	0.130389	0.149728	0.136631	0.13863	0.175552	0.173723	0.149479	0.137073	0.22221	0.225148	0.161943	0.181986	0.159901	0.188746	0.15971	0.186978	0.155209	0.167028	0.176113	0.169222	0.188123	0.190441	0.204497	0.197892	0.19471	0.204877	0.190607	0.113944	0.126339	0.136843	0.123996	0.119973	0.119973	0.126015	0.123988	0.132558	0.128236	0.126233	0.168745	0.170025	0.15688	0.174851	0.192827	0.195728	0.19741	0.181269	0.171026	0.167026	0.185901	0.187698	0.179423	0.1526	0.170973	0.16699	0.164831	0.156704	0.168867	0.177111	0.177089	0.181402	0.189646	0.170916	0.184406	0.198071	0.200148	0.187318	0.217056	0.206583	0.207111	0.199744	0.193562	0.208369	0.182918	0.193268	0.195294	0.199637	0.184859	0.199138	0.19727	0.205389	0.192947	0.219773	0.198903	0.206432	0.203144	0.215367	0.219678	0.219797	0.212182	0.21829	0.224633	0.210164	0.216193	0.220758	0.218339	0.218296	0.20616	0.204068	0.212328	0.212241	0.213354	0.205296	0.207384	0.197084	0.203271	0.217308	0.211182	0.202956	0.225454	0.219093	0.21713	0.219151	0.217057	0.221054	0.22718	0.227145	0.223126	0.227297	0.227263	0.219055	0.230909	0.223073	0.221015	0.221003	0.22718	0.212981	0.22559	0.215133	0.213043	0.206986	0.206985	0.231601	0.194826	0.213172	0.211171	0.205032	0.208275	0.210273	0.20742	0.205412	0.190855	0.201048	0.222029	0.228517	0.197013	0.209337	0.232119	0.217341	0.221382	0.217231	0.20097	0.20305	0.228372	0.205095	0.203117	0.215561	0.203009	0.202985	0.205068	0.204965	0.211013	0.20104	0.203046	0.211166	0.19684	0.200912	0.194996	0.194922	0.199063	0.239131	0.200938	0.213592	0.198979	0.209928	0.215579	0.213392	0.20516	0.205212	0.18882	0.20543	0.218473	0.192911	0.193139	0.194998	0.201057	0.18881	0.199076	0.194961	0.199014	0.194915	0.186816	0.184735	0.184736	0.184736	0.199274	0.195256	0.197343	0.195033	0.195051	0.203333	0.197042	0.203248	0.189152	0.18901	0.193349	0.209331	0.197299	0.189108	0.207119	0.187982	0.181378	0.193382	0.199742	0.199627	0.203545	0.190307	0.177752	0.167504	0.143146	0.162743	0.169158
Psophia_crepitans	0.098138	0.105258	0.107297	0.135096	0.100995	0.0989916	0.143763	0.156415	0.148664	0.164947	0.164101	0.142025	0.143024	0.156778	0.106171	0.102702	0.133358	0.127055	0.129099	0.122898	0.124914	0.122889	0.120889	0.120889	0.104938	0.115555	0.094552	0.115306	0.121501	0.116911	0.112878	0.110783	0.104644	0.106674	0.108719	0.106669	0.1336	0.133518	0.134125	0.127097	0.129407	0.20088	0.10052	0.102543	0.1233	0.11069	0.110665	0.110631	0.108598	0.110601	0.0984824	0.100495	0.0984797	0.0964642	0.102707	0.107199	0.128931	0.119851	0.122443	0.116315	0.113781	0.121592	0.159891	0.125155	0.131877	0.144401	0.120128	0.138735	0.138305	0.14173	0.15104	0.138543	0.144569	0.130103	0.145323	0.1336	0.124036	0.12811	0.115626	0.0986513	0.0986373	0.11103	0.11939	0.121074	0.13771	0.11697	0.110814	0.118855	0.12487	0.125024	0.106774	0.104965	0.112886	0.101218	0.105332	0.107351	0.135218	0.126116	0.120714	0	0.0814585	0.0733128	0.0830871	0.132688	0.132913	0.104938	0.124276	0.111179	0.113178	0.1501	0.148272	0.124028	0.111621	0.196758	0.199696	0.136492	0.156534	0.134449	0.163294	0.134258	0.161527	0.129757	0.141576	0.150661	0.14377	0.162671	0.164989	0.179045	0.172441	0.169258	0.179425	0.165155	0.0884922	0.100887	0.111391	0.0985438	0.0945213	0.0945213	0.100563	0.0985367	0.107107	0.102784	0.100782	0.143293	0.144574	0.131428	0.149399	0.167376	0.170277	0.171959	0.155817	0.145574	0.141575	0.160449	0.162246	0.153971	0.127148	0.145521	0.141539	0.139379	0.131252	0.143415	0.151659	0.151637	0.15595	0.164194	0.145464	0.158954	0.17262	0.174696	0.161866	0.191604	0.181131	0.18166	0.174292	0.16811	0.182917	0.157467	0.167816	0.169842	0.174185	0.159408	0.173686	0.171818	0.179938	0.167495	0.194321	0.173451	0.18098	0.177693	0.189915	0.194226	0.194346	0.18673	0.192838	0.199181	0.184713	0.190742	0.195306	0.192887	0.192844	0.180708	0.178616	0.186876	0.186789	0.187902	0.179845	0.181933	0.171632	0.177819	0.191856	0.18573	0.177505	0.200002	0.193641	0.191679	0.193699	0.191605	0.195602	0.201728	0.201693	0.197675	0.201846	0.201811	0.193603	0.205457	0.197622	0.195564	0.195551	0.201728	0.18753	0.200139	0.189682	0.187591	0.181535	0.181533	0.20615	0.169374	0.18772	0.18572	0.17958	0.182823	0.184821	0.181968	0.17996	0.165403	0.175596	0.196577	0.203065	0.171561	0.183886	0.206667	0.19189	0.19593	0.191779	0.175519	0.177598	0.20292	0.179643	0.177666	0.19011	0.177557	0.177533	0.179616	0.179514	0.185561	0.175588	0.177594	0.185715	0.171388	0.175461	0.169545	0.169471	0.173612	0.213679	0.175487	0.188141	0.173527	0.184477	0.190127	0.187941	0.179708	0.17976	0.163369	0.179979	0.193021	0.16746	0.167688	0.169546	0.175606	0.163359	0.173624	0.169509	0.173563	0.169463	0.161364	0.159283	0.159284	0.159284	0.173822	0.169804	0.171891	0.169581	0.1696	0.177881	0.171591	0.177797	0.163701	0.163558	0.167897	0.18388	0.171847	0.163656	0.181667	0.16253	0.155926	0.16793	0.174291	0.174175	0.178093	0.164855	0.152301	0.142053	0.117694	0.137291	0.143706
Aramus_guarauna	0.0872556	0.0943756	0.0964143	0.124214	0.0901129	0.0881091	0.13288	0.145533	0.137781	0.154065	0.153219	0.131143	0.132141	0.145896	0.0952885	0.0918195	0.122476	0.116172	0.118217	0.112015	0.114031	0.112006	0.110007	0.110007	0.0940553	0.104673	0.0836696	0.104424	0.110619	0.106028	0.101996	0.0999005	0.0937617	0.0957913	0.0978368	0.0957866	0.122718	0.122635	0.123243	0.116214	0.118525	0.189998	0.089638	0.0916606	0.112417	0.0998081	0.099783	0.0997481	0.0977152	0.0997182	0.0876	0.0896125	0.0875973	0.0855818	0.0918244	0.0963164	0.118049	0.108969	0.111561	0.105432	0.102899	0.110709	0.149009	0.114272	0.120994	0.133519	0.109246	0.127853	0.127422	0.130847	0.140157	0.127661	0.133686	0.119221	0.134441	0.122717	0.113154	0.117227	0.104744	0.0877688	0.0877549	0.100147	0.108508	0.110192	0.126828	0.106087	0.0999319	0.107973	0.113987	0.114141	0.0958911	0.0940829	0.102004	0.0903359	0.0944498	0.0964687	0.124336	0.115234	0.109832	0.0814585	0	0.0326138	0.0423881	0.121806	0.122031	0.0940551	0.113394	0.100297	0.102296	0.139218	0.137389	0.113145	0.100739	0.185876	0.188814	0.125609	0.145651	0.123567	0.152411	0.123375	0.150644	0.118875	0.130693	0.139779	0.132888	0.151789	0.154106	0.168163	0.161558	0.158376	0.168543	0.154272	0.0776097	0.0900046	0.100509	0.0876614	0.0836389	0.0836389	0.0896806	0.0876543	0.0962242	0.0919015	0.0898991	0.132411	0.133691	0.120546	0.138517	0.156493	0.159394	0.161076	0.144935	0.134691	0.130692	0.149567	0.151364	0.143089	0.116266	0.134639	0.130656	0.128497	0.12037	0.132533	0.140777	0.140755	0.145068	0.153312	0.134582	0.148072	0.161737	0.163814	0.150983	0.180722	0.170249	0.170777	0.16341	0.157228	0.172034	0.146584	0.156933	0.15896	0.163303	0.148525	0.162804	0.160936	0.169055	0.156613	0.183439	0.162569	0.170098	0.16681	0.179033	0.183344	0.183463	0.175848	0.181955	0.188298	0.17383	0.179859	0.184424	0.182005	0.181962	0.169826	0.167734	0.175993	0.175906	0.17702	0.168962	0.17105	0.160749	0.166936	0.180974	0.174848	0.166622	0.189119	0.182759	0.180796	0.182817	0.180723	0.184719	0.190846	0.190811	0.186792	0.190963	0.190929	0.182721	0.194575	0.186739	0.184681	0.184669	0.190846	0.176647	0.189256	0.178799	0.176709	0.170652	0.170651	0.195267	0.158492	0.176838	0.174837	0.168698	0.17194	0.173939	0.171086	0.169078	0.154521	0.164714	0.185694	0.192183	0.160679	0.173003	0.195785	0.181007	0.185048	0.180897	0.164636	0.166716	0.192038	0.168761	0.166783	0.179227	0.166675	0.166651	0.168734	0.168631	0.174679	0.164706	0.166712	0.174832	0.160505	0.164578	0.158662	0.158588	0.162729	0.202797	0.164604	0.177258	0.162645	0.173594	0.179244	0.177058	0.168826	0.168877	0.152486	0.169096	0.182139	0.156577	0.156805	0.158664	0.164723	0.152476	0.162742	0.158626	0.16268	0.158581	0.150482	0.148401	0.148402	0.148402	0.16294	0.158922	0.161009	0.158699	0.158717	0.166999	0.160708	0.166914	0.152818	0.152675	0.157015	0.172997	0.160965	0.152774	0.170784	0.151647	0.145043	0.157048	0.163408	0.163293	0.167211	0.153973	0.141418	0.13117	0.106812	0.126409	0.132823
Balearica_regulorum	0.0791098	0.0862299	0.0882686	0.116068	0.0819671	0.0799634	0.124735	0.137387	0.129636	0.145919	0.145073	0.122997	0.123996	0.13775	0.0871428	0.0836738	0.11433	0.108027	0.110071	0.103869	0.105886	0.10386	0.101861	0.101861	0.0859096	0.0965273	0.0755239	0.0962784	0.102473	0.0978828	0.0938503	0.0917548	0.085616	0.0876456	0.089691	0.0876409	0.114572	0.11449	0.115097	0.108069	0.110379	0.181852	0.0814923	0.0835149	0.104272	0.0916624	0.0916373	0.0916024	0.0895695	0.0915725	0.0794542	0.0814668	0.0794516	0.0774361	0.0836787	0.0881707	0.109903	0.100823	0.103415	0.0972867	0.0947532	0.102563	0.140863	0.106127	0.112849	0.125373	0.1011	0.119707	0.119277	0.122701	0.132011	0.119515	0.125541	0.111075	0.126295	0.114572	0.105008	0.109081	0.0965981	0.0796231	0.0796091	0.0920016	0.100362	0.102046	0.118682	0.0979415	0.0917862	0.0998269	0.105842	0.105996	0.0877454	0.0859371	0.093858	0.0821902	0.086304	0.088323	0.11619	0.107088	0.101686	0.0733128	0.0326138	0	0.0223161	0.11366	0.113885	0.0859094	0.105248	0.0921509	0.09415	0.131072	0.129243	0.104999	0.0925933	0.17773	0.180668	0.117463	0.137506	0.115421	0.144266	0.11523	0.142498	0.110729	0.122548	0.131633	0.124742	0.143643	0.145961	0.160017	0.153412	0.15023	0.160397	0.146127	0.069464	0.0818589	0.0923632	0.0795156	0.0754931	0.0754931	0.0815348	0.0795086	0.0880785	0.0837558	0.0817534	0.124265	0.125545	0.1124	0.130371	0.148348	0.151249	0.15293	0.136789	0.126546	0.122546	0.141421	0.143218	0.134943	0.10812	0.126493	0.122511	0.120351	0.112224	0.124387	0.132631	0.132609	0.136922	0.145166	0.126436	0.139926	0.153592	0.155668	0.142838	0.172576	0.162103	0.162631	0.155264	0.149082	0.163889	0.138438	0.148788	0.150814	0.155157	0.14038	0.154658	0.15279	0.160909	0.148467	0.175293	0.154423	0.161952	0.158664	0.170887	0.175198	0.175318	0.167702	0.17381	0.180153	0.165685	0.171714	0.176278	0.173859	0.173816	0.16168	0.159588	0.167848	0.167761	0.168874	0.160817	0.162904	0.152604	0.158791	0.172828	0.166702	0.158476	0.180974	0.174613	0.17265	0.174671	0.172577	0.176574	0.1827	0.182665	0.178646	0.182817	0.182783	0.174575	0.186429	0.178594	0.176535	0.176523	0.1827	0.168502	0.181111	0.170654	0.168563	0.162506	0.162505	0.187122	0.150346	0.168692	0.166692	0.160552	0.163795	0.165793	0.16294	0.160932	0.146375	0.156568	0.177549	0.184037	0.152533	0.164857	0.187639	0.172862	0.176902	0.172751	0.156491	0.15857	0.183892	0.160615	0.158638	0.171082	0.158529	0.158505	0.160588	0.160485	0.166533	0.15656	0.158566	0.166686	0.15236	0.156433	0.150517	0.150443	0.154583	0.194651	0.156459	0.169112	0.154499	0.165448	0.171099	0.168912	0.16068	0.160732	0.144341	0.160951	0.173993	0.148432	0.148659	0.150518	0.156577	0.14433	0.154596	0.150481	0.154534	0.150435	0.142336	0.140255	0.140256	0.140256	0.154794	0.150776	0.152863	0.150553	0.150572	0.158853	0.152562	0.158769	0.144672	0.14453	0.148869	0.164851	0.152819	0.144628	0.162639	0.143502	0.136898	0.148902	0.155263	0.155147	0.159065	0.145827	0.133273	0.123025	0.098666	0.118263	0.124678
Grus_americana	0.0888841	0.0960041	0.0980429	0.125843	0.0917414	0.0897377	0.134509	0.147161	0.13941	0.155693	0.154847	0.132771	0.13377	0.147524	0.0969171	0.0934481	0.124104	0.117801	0.119845	0.113644	0.11566	0.113635	0.111635	0.111635	0.0956839	0.106302	0.0852982	0.106053	0.112248	0.107657	0.103625	0.101529	0.0953903	0.0974198	0.0994653	0.0974152	0.124346	0.124264	0.124871	0.117843	0.120153	0.191626	0.0912666	0.0932892	0.114046	0.101437	0.101412	0.101377	0.0993437	0.101347	0.0892285	0.0912411	0.0892258	0.0872103	0.0934529	0.097945	0.119677	0.110597	0.113189	0.107061	0.104527	0.112338	0.150638	0.115901	0.122623	0.135148	0.110875	0.129481	0.129051	0.132476	0.141786	0.129289	0.135315	0.120849	0.136069	0.124346	0.114782	0.118856	0.106372	0.0893974	0.0893834	0.101776	0.110137	0.111821	0.128456	0.107716	0.101561	0.109601	0.115616	0.11577	0.0975196	0.0957114	0.103632	0.0919645	0.0960783	0.0980973	0.125965	0.116862	0.11146	0.0830871	0.0423881	0.0223161	0	0.123434	0.123659	0.0956836	0.115022	0.101925	0.103924	0.140847	0.139018	0.114774	0.102368	0.187505	0.190442	0.127238	0.14728	0.125195	0.15404	0.125004	0.152273	0.120503	0.132322	0.141407	0.134516	0.153418	0.155735	0.169792	0.163187	0.160004	0.170172	0.155901	0.0792383	0.0916332	0.102137	0.0892899	0.0852674	0.0852674	0.0913091	0.0892829	0.0978527	0.09353	0.0915277	0.13404	0.13532	0.122174	0.140145	0.158122	0.161023	0.162705	0.146564	0.13632	0.132321	0.151195	0.152992	0.144717	0.117895	0.136267	0.132285	0.130126	0.121999	0.134162	0.142406	0.142383	0.146696	0.15494	0.13621	0.1497	0.163366	0.165442	0.152612	0.18235	0.171878	0.172406	0.165038	0.158856	0.173663	0.148213	0.158562	0.160588	0.164931	0.150154	0.164433	0.162564	0.170684	0.158241	0.185067	0.164197	0.171726	0.168439	0.180661	0.184972	0.185092	0.177476	0.183584	0.189927	0.175459	0.181488	0.186053	0.183634	0.18359	0.171455	0.169362	0.177622	0.177535	0.178648	0.170591	0.172679	0.162378	0.168565	0.182603	0.176476	0.168251	0.190748	0.184387	0.182425	0.184446	0.182351	0.186348	0.192474	0.192439	0.188421	0.192592	0.192557	0.18435	0.196203	0.188368	0.18631	0.186297	0.192474	0.178276	0.190885	0.180428	0.178337	0.172281	0.172279	0.196896	0.16012	0.178467	0.176466	0.170326	0.173569	0.175567	0.172714	0.170707	0.15615	0.166342	0.187323	0.193811	0.162308	0.174632	0.197413	0.182636	0.186676	0.182526	0.166265	0.168344	0.193666	0.170389	0.168412	0.180856	0.168304	0.16828	0.170363	0.17026	0.176307	0.166335	0.16834	0.176461	0.162134	0.166207	0.160291	0.160217	0.164358	0.204425	0.166233	0.178887	0.164273	0.175223	0.180873	0.178687	0.170455	0.170506	0.154115	0.170725	0.183767	0.158206	0.158434	0.160292	0.166352	0.154105	0.164371	0.160255	0.164309	0.160209	0.15211	0.150029	0.15003	0.15003	0.164568	0.16055	0.162637	0.160327	0.160346	0.168628	0.162337	0.168543	0.154447	0.154304	0.158643	0.174626	0.162593	0.154402	0.172413	0.153276	0.146672	0.158676	0.165037	0.164921	0.168839	0.155601	0.143047	0.132799	0.10844	0.128037	0.134452
Colius_striatus	0.0861069	0.093227	0.0952657	0.123065	0.0889642	0.0869605	0.131732	0.144384	0.136633	0.152916	0.15207	0.129994	0.130993	0.144747	0.0941399	0.0906709	0.121327	0.115024	0.117068	0.110867	0.112883	0.110858	0.108858	0.108858	0.0929067	0.103524	0.082521	0.103275	0.10947	0.10488	0.100847	0.0987519	0.0926131	0.0946427	0.0966881	0.094638	0.121569	0.121487	0.122094	0.115066	0.117376	0.188849	0.0884894	0.090512	0.111269	0.0986595	0.0986344	0.0985995	0.0965666	0.0985696	0.0864513	0.0884639	0.0864487	0.0844332	0.0906758	0.0951678	0.1169	0.10782	0.110412	0.104284	0.10175	0.109561	0.14786	0.113124	0.119846	0.13237	0.108097	0.126704	0.126274	0.129698	0.139009	0.126512	0.132538	0.118072	0.133292	0.121569	0.112005	0.116078	0.103595	0.0866202	0.0866062	0.0989987	0.107359	0.109043	0.125679	0.104939	0.0987833	0.106824	0.112839	0.112993	0.0947425	0.0929342	0.100855	0.0969331	0.101047	0.103066	0.172644	0.163542	0.15814	0.132688	0.121806	0.11366	0.123434	0	0.0202093	0.0929065	0.112245	0.099148	0.101147	0.138069	0.136241	0.111997	0.0995904	0.184727	0.187665	0.124461	0.144503	0.122418	0.151263	0.122227	0.149496	0.117726	0.129545	0.13863	0.131739	0.15064	0.152958	0.167014	0.16041	0.157227	0.167394	0.153124	0.0764611	0.088856	0.0993603	0.0865127	0.0824902	0.0824902	0.0885319	0.0865057	0.0950756	0.0907529	0.0887505	0.131262	0.132543	0.119397	0.137368	0.155345	0.158246	0.159928	0.143786	0.133543	0.129544	0.148418	0.150215	0.14194	0.115117	0.13349	0.129508	0.127348	0.119221	0.131384	0.139628	0.139606	0.143919	0.152163	0.133433	0.146923	0.160589	0.162665	0.149835	0.179573	0.1691	0.169629	0.162261	0.156079	0.170886	0.145435	0.155785	0.157811	0.162154	0.147377	0.161655	0.159787	0.167906	0.155464	0.18229	0.16142	0.168949	0.165661	0.177884	0.182195	0.182315	0.174699	0.180807	0.18715	0.172682	0.178711	0.183275	0.180856	0.180813	0.168677	0.166585	0.174845	0.174758	0.175871	0.167814	0.169902	0.159601	0.165788	0.179825	0.173699	0.165474	0.187971	0.18161	0.179647	0.181668	0.179574	0.183571	0.189697	0.189662	0.185644	0.189815	0.18978	0.181572	0.193426	0.185591	0.183533	0.18352	0.189697	0.175499	0.188108	0.177651	0.17556	0.169504	0.169502	0.194119	0.157343	0.175689	0.173689	0.167549	0.170792	0.17279	0.169937	0.167929	0.153372	0.163565	0.184546	0.191034	0.15953	0.171855	0.194636	0.179859	0.183899	0.179748	0.163488	0.165567	0.190889	0.167612	0.165635	0.178079	0.165526	0.165502	0.167585	0.167482	0.17353	0.163557	0.165563	0.173684	0.159357	0.16343	0.157514	0.15744	0.16158	0.201648	0.163456	0.17611	0.161496	0.172446	0.178096	0.17591	0.167677	0.167729	0.151338	0.167948	0.18099	0.155429	0.155657	0.157515	0.163575	0.151327	0.161593	0.157478	0.161532	0.157432	0.149333	0.147252	0.147253	0.147253	0.161791	0.157773	0.15986	0.15755	0.157569	0.16585	0.159559	0.165766	0.15167	0.151527	0.155866	0.171849	0.159816	0.151625	0.169636	0.150499	0.143895	0.155899	0.16226	0.162144	0.166062	0.152824	0.14027	0.130022	0.105663	0.12526	0.131675
Urocolius_indicus	0.0863322	0.0934522	0.0954909	0.123291	0.0891895	0.0871858	0.131957	0.144609	0.136858	0.153141	0.152295	0.130219	0.131218	0.144972	0.0943652	0.0908962	0.121553	0.115249	0.117293	0.111092	0.113108	0.111083	0.109083	0.109083	0.0931319	0.10375	0.0827463	0.103501	0.109696	0.105105	0.101073	0.0989772	0.0928384	0.0948679	0.0969134	0.0948632	0.121794	0.121712	0.12232	0.115291	0.117601	0.189074	0.0887147	0.0907373	0.111494	0.0988847	0.0988596	0.0988247	0.0967918	0.0987948	0.0866766	0.0886892	0.0866739	0.0846584	0.090901	0.0953931	0.117125	0.108046	0.110637	0.104509	0.101976	0.109786	0.148086	0.113349	0.120071	0.132596	0.108323	0.126929	0.126499	0.129924	0.139234	0.126738	0.132763	0.118297	0.133517	0.121794	0.112231	0.116304	0.103821	0.0868455	0.0868315	0.099224	0.107585	0.109269	0.125904	0.105164	0.0990086	0.107049	0.113064	0.113218	0.0949677	0.0931595	0.10108	0.0971583	0.101272	0.103291	0.172869	0.163767	0.158365	0.132913	0.122031	0.113885	0.123659	0.0202093	0	0.0931317	0.11247	0.0993733	0.101372	0.138295	0.136466	0.112222	0.0998157	0.184953	0.187891	0.124686	0.144728	0.122643	0.151488	0.122452	0.149721	0.117951	0.12977	0.138855	0.131964	0.150866	0.153183	0.16724	0.160635	0.157452	0.16762	0.153349	0.0766864	0.0890813	0.0995856	0.086738	0.0827155	0.0827155	0.0887572	0.0867309	0.0953008	0.0909781	0.0889758	0.131488	0.132768	0.119622	0.137593	0.15557	0.158471	0.160153	0.144012	0.133768	0.129769	0.148643	0.15044	0.142165	0.115343	0.133716	0.129733	0.127574	0.119447	0.13161	0.139854	0.139831	0.144144	0.152388	0.133659	0.147148	0.160814	0.16289	0.15006	0.179798	0.169326	0.169854	0.162487	0.156304	0.171111	0.145661	0.15601	0.158036	0.162379	0.147602	0.161881	0.160012	0.168132	0.155689	0.182515	0.161645	0.169174	0.165887	0.17811	0.18242	0.18254	0.174924	0.181032	0.187375	0.172907	0.178936	0.183501	0.181082	0.181038	0.168903	0.16681	0.17507	0.174983	0.176096	0.168039	0.170127	0.159826	0.166013	0.180051	0.173925	0.165699	0.188196	0.181835	0.179873	0.181894	0.1798	0.183796	0.189922	0.189887	0.185869	0.19004	0.190005	0.181798	0.193651	0.185816	0.183758	0.183745	0.189922	0.175724	0.188333	0.177876	0.175785	0.169729	0.169727	0.194344	0.157568	0.175915	0.173914	0.167774	0.171017	0.173015	0.170162	0.168155	0.153598	0.16379	0.184771	0.19126	0.159756	0.17208	0.194861	0.180084	0.184124	0.179974	0.163713	0.165792	0.191115	0.167837	0.16586	0.178304	0.165752	0.165728	0.167811	0.167708	0.173756	0.163783	0.165788	0.173909	0.159582	0.163655	0.157739	0.157665	0.161806	0.201873	0.163681	0.176335	0.161722	0.172671	0.178321	0.176135	0.167903	0.167954	0.151563	0.168173	0.181215	0.155654	0.155882	0.157741	0.1638	0.151553	0.161819	0.157703	0.161757	0.157657	0.149558	0.147478	0.147479	0.147479	0.162016	0.157998	0.160086	0.157775	0.157794	0.166076	0.159785	0.165991	0.151895	0.151752	0.156091	0.172074	0.160041	0.151851	0.169861	0.150724	0.14412	0.156125	0.162485	0.16237	0.166288	0.153049	0.140495	0.130247	0.105888	0.125485	0.1319
Tyto_alba	0.0583484	0.0654684	0.0675071	0.0953088	0.0612077	0.0592039	0.103975	0.116628	0.108876	0.125159	0.124313	0.102238	0.103236	0.11699	0.0663833	0.0629143	0.0935707	0.0872671	0.0893115	0.08311	0.0851262	0.083101	0.0811013	0.0811013	0.0651501	0.0757678	0.0547644	0.0755189	0.0817138	0.0771233	0.0730909	0.0709953	0.0648565	0.0668861	0.0689316	0.0668814	0.0938125	0.0937303	0.0943377	0.0873091	0.0896196	0.161092	0.0607328	0.0627555	0.0835121	0.0709029	0.0708778	0.0708429	0.06881	0.070813	0.0586948	0.0607073	0.0586921	0.0566766	0.0629192	0.0674112	0.0891435	0.0800637	0.0826556	0.0765272	0.0739937	0.081804	0.120104	0.0853672	0.0920893	0.104614	0.0803409	0.0989497	0.0985191	0.101944	0.111254	0.0987577	0.104783	0.0903175	0.105538	0.0938142	0.0842507	0.0883239	0.0758407	0.0588657	0.0588517	0.0712442	0.0796048	0.0812888	0.0979245	0.077184	0.0710288	0.0790694	0.0850842	0.0852383	0.0669879	0.0651797	0.0731005	0.0691826	0.0732964	0.0753154	0.144893	0.135791	0.130389	0.104938	0.0940551	0.0859094	0.0956836	0.0929065	0.0931317	0	0.0646694	0.0515722	0.0535713	0.106294	0.104466	0.0802215	0.0678154	0.152952	0.15589	0.096696	0.116738	0.0946537	0.123498	0.0944622	0.121731	0.0899615	0.10178	0.110866	0.103975	0.122876	0.125193	0.13925	0.132645	0.129463	0.13963	0.125359	0.0487025	0.0610974	0.0716017	0.0587542	0.0547317	0.0547317	0.0607734	0.0587471	0.067317	0.0629943	0.0609919	0.103504	0.104784	0.0916385	0.10961	0.127586	0.130487	0.132169	0.116028	0.105784	0.101785	0.12066	0.122457	0.114182	0.0873588	0.105732	0.101749	0.0995898	0.0914628	0.103626	0.11187	0.111847	0.116161	0.124404	0.105675	0.119165	0.13283	0.134906	0.122076	0.151814	0.141342	0.14187	0.134503	0.128321	0.143127	0.117677	0.128026	0.130052	0.134396	0.119618	0.133897	0.132028	0.140148	0.127705	0.154532	0.133661	0.141191	0.137903	0.150126	0.154437	0.154556	0.146941	0.153048	0.159391	0.144923	0.150952	0.155517	0.153098	0.153054	0.140919	0.138827	0.147086	0.146999	0.148113	0.140055	0.142143	0.131842	0.138029	0.152067	0.145941	0.137715	0.160212	0.153851	0.151889	0.15391	0.151816	0.155812	0.161938	0.161904	0.157885	0.162056	0.162021	0.153814	0.165667	0.157832	0.155774	0.155761	0.161938	0.14774	0.160349	0.149892	0.147802	0.141745	0.141743	0.16636	0.129584	0.147931	0.14593	0.13979	0.143033	0.145031	0.142179	0.140171	0.125614	0.135806	0.156787	0.163276	0.131772	0.144096	0.166877	0.1521	0.15614	0.15199	0.135729	0.137809	0.163131	0.139854	0.137876	0.15032	0.137768	0.137744	0.139827	0.139724	0.145772	0.135799	0.137805	0.145925	0.131598	0.135671	0.129755	0.129681	0.133822	0.173889	0.135697	0.148351	0.133738	0.144687	0.150337	0.148151	0.139919	0.13997	0.123579	0.140189	0.153232	0.12767	0.127898	0.129757	0.135816	0.123569	0.133835	0.129719	0.133773	0.129674	0.121575	0.119494	0.119495	0.119495	0.134033	0.130015	0.132102	0.129792	0.12981	0.138092	0.131801	0.138007	0.123911	0.123768	0.128108	0.14409	0.132057	0.123867	0.141877	0.12274	0.116136	0.128141	0.134501	0.134386	0.138304	0.125065	0.112511	0.102263	0.0779046	0.0975014	0.103916
Glaucidium_brasilianum	0.0776871	0.0848072	0.0868459	0.114648	0.0805464	0.0785427	0.123314	0.135966	0.128215	0.144498	0.143652	0.121576	0.122575	0.136329	0.0857221	0.0822531	0.112909	0.106606	0.10865	0.102449	0.104465	0.10244	0.10044	0.10044	0.0844889	0.0951066	0.0741032	0.0948576	0.101053	0.096462	0.0924296	0.0903341	0.0841953	0.0862248	0.0882703	0.0862202	0.113151	0.113069	0.113676	0.106648	0.108958	0.180431	0.0800716	0.0820942	0.102851	0.0902416	0.0902166	0.0901817	0.0881488	0.0901518	0.0780335	0.0800461	0.0780309	0.0760154	0.0822579	0.08675	0.108482	0.0994025	0.101994	0.095866	0.0933325	0.101143	0.139443	0.104706	0.111428	0.123953	0.0996796	0.118288	0.117858	0.121283	0.130593	0.118096	0.124122	0.109656	0.124876	0.113153	0.103589	0.107663	0.0951794	0.0782044	0.0781904	0.0905829	0.0989435	0.100628	0.117263	0.0965228	0.0903675	0.0984082	0.104423	0.104577	0.0863267	0.0845184	0.0924393	0.0885214	0.0926352	0.0946542	0.164232	0.15513	0.149728	0.124276	0.113394	0.105248	0.115022	0.112245	0.11247	0.0646694	0	0.0277767	0.0297758	0.125633	0.123804	0.0995603	0.0871542	0.172291	0.175229	0.116035	0.136077	0.113993	0.142837	0.113801	0.14107	0.1093	0.121119	0.130204	0.123313	0.142215	0.144532	0.158589	0.151984	0.148801	0.158969	0.144698	0.0680413	0.0804362	0.0909405	0.0780929	0.0740704	0.0740704	0.0801121	0.0780859	0.0866558	0.0823331	0.0803307	0.122843	0.124123	0.110977	0.128948	0.146925	0.149826	0.151508	0.135367	0.125123	0.121124	0.139998	0.141795	0.13352	0.106698	0.125071	0.121088	0.118929	0.110802	0.122965	0.131209	0.131186	0.135499	0.143743	0.125013	0.138503	0.152169	0.154245	0.141415	0.171153	0.160681	0.161209	0.153841	0.147659	0.162466	0.137016	0.147365	0.149391	0.153734	0.138957	0.153236	0.151367	0.159487	0.147044	0.17387	0.153	0.160529	0.157242	0.169464	0.173775	0.173895	0.166279	0.172387	0.17873	0.164262	0.170291	0.174856	0.172437	0.172393	0.160258	0.158165	0.166425	0.166338	0.167451	0.159394	0.161482	0.151181	0.157368	0.171406	0.165279	0.157054	0.179551	0.17319	0.171228	0.173249	0.171155	0.175151	0.181277	0.181242	0.177224	0.181395	0.18136	0.173153	0.185006	0.177171	0.175113	0.1751	0.181277	0.167079	0.179688	0.169231	0.16714	0.161084	0.161082	0.185699	0.148923	0.16727	0.165269	0.159129	0.162372	0.16437	0.161517	0.15951	0.144953	0.155145	0.176126	0.182614	0.151111	0.163435	0.186216	0.171439	0.175479	0.171329	0.155068	0.157147	0.182469	0.159192	0.157215	0.169659	0.157107	0.157083	0.159166	0.159063	0.16511	0.155138	0.157143	0.165264	0.150937	0.15501	0.149094	0.14902	0.153161	0.193228	0.155036	0.16769	0.153076	0.164026	0.169676	0.16749	0.159258	0.159309	0.142918	0.159528	0.17257	0.147009	0.147237	0.149095	0.155155	0.142908	0.153174	0.149058	0.153112	0.149012	0.140913	0.138832	0.138833	0.138833	0.153371	0.149353	0.15144	0.14913	0.149149	0.157431	0.15114	0.157346	0.14325	0.143107	0.147446	0.163429	0.151396	0.143205	0.161216	0.142079	0.135475	0.147479	0.15384	0.153724	0.157642	0.144404	0.13185	0.121602	0.0972433	0.11684	0.123255
Ciccaba_nigrolineata	0.0645899	0.0717099	0.0737486	0.10155	0.0674492	0.0654455	0.110217	0.122869	0.115118	0.131401	0.130555	0.108479	0.109478	0.123232	0.0726249	0.0691559	0.0998123	0.0935087	0.095553	0.0893515	0.0913678	0.0893425	0.0873429	0.0873429	0.0713916	0.0820093	0.061006	0.0817604	0.0879553	0.0833648	0.0793324	0.0772369	0.0710981	0.0731276	0.0751731	0.0731229	0.100054	0.0999718	0.100579	0.0935507	0.0958612	0.167334	0.0669744	0.068997	0.0897536	0.0771444	0.0771193	0.0770844	0.0750515	0.0770545	0.0649363	0.0669489	0.0649336	0.0629181	0.0691607	0.0736528	0.095385	0.0863053	0.0888971	0.0827687	0.0802352	0.0880456	0.126345	0.0916087	0.0983308	0.110855	0.0865824	0.105191	0.104761	0.108185	0.117496	0.104999	0.111025	0.096559	0.111779	0.100056	0.0904922	0.0945654	0.0820822	0.0651072	0.0650932	0.0774857	0.0858463	0.0875304	0.104166	0.0834256	0.0772703	0.085311	0.0913258	0.0914798	0.0732294	0.0714212	0.0793421	0.0754241	0.079538	0.081557	0.151135	0.142033	0.136631	0.111179	0.100297	0.0921509	0.101925	0.099148	0.0993733	0.0515722	0.0277767	0	0.00200111	0.112536	0.110707	0.0864631	0.0740569	0.159194	0.162132	0.102938	0.12298	0.100895	0.12974	0.100704	0.127973	0.096203	0.108022	0.117107	0.110216	0.129117	0.131435	0.145491	0.138887	0.135704	0.145871	0.131601	0.0549441	0.067339	0.0778433	0.0649957	0.0609732	0.0609732	0.0670149	0.0649886	0.0735585	0.0692358	0.0672335	0.109745	0.111026	0.0978801	0.115851	0.133828	0.136729	0.13841	0.122269	0.112026	0.108026	0.126901	0.128698	0.120423	0.0936004	0.111973	0.107991	0.105831	0.0977043	0.109867	0.118111	0.118089	0.122402	0.130646	0.111916	0.125406	0.139072	0.141148	0.128318	0.158056	0.147583	0.148112	0.140744	0.134562	0.149369	0.123918	0.134268	0.136294	0.140637	0.12586	0.140138	0.13827	0.146389	0.133947	0.160773	0.139903	0.147432	0.144144	0.156367	0.160678	0.160798	0.153182	0.15929	0.165633	0.151165	0.157194	0.161758	0.159339	0.159296	0.14716	0.145068	0.153328	0.153241	0.154354	0.146297	0.148385	0.138084	0.144271	0.158308	0.152182	0.143957	0.166454	0.160093	0.15813	0.160151	0.158057	0.162054	0.16818	0.168145	0.164127	0.168297	0.168263	0.160055	0.171909	0.164074	0.162016	0.162003	0.16818	0.153982	0.166591	0.156134	0.154043	0.147987	0.147985	0.172602	0.135826	0.154172	0.152172	0.146032	0.149275	0.151273	0.14842	0.146412	0.131855	0.142048	0.163029	0.169517	0.138013	0.150338	0.173119	0.158342	0.162382	0.158231	0.141971	0.14405	0.169372	0.146095	0.144118	0.156562	0.144009	0.143985	0.146068	0.145965	0.152013	0.14204	0.144046	0.152167	0.13784	0.141913	0.135997	0.135923	0.140063	0.180131	0.141939	0.154593	0.139979	0.150929	0.156579	0.154393	0.14616	0.146212	0.129821	0.146431	0.159473	0.133912	0.134139	0.135998	0.142057	0.12981	0.140076	0.135961	0.140014	0.135915	0.127816	0.125735	0.125736	0.125736	0.140274	0.136256	0.138343	0.136033	0.136052	0.144333	0.138042	0.144249	0.130152	0.13001	0.134349	0.150332	0.138299	0.130108	0.148119	0.128982	0.122378	0.134382	0.140743	0.140627	0.144545	0.131307	0.118753	0.108505	0.0841461	0.103743	0.110158
Strix_occidentalis	0.066589	0.073709	0.0757478	0.103549	0.0694483	0.0674446	0.112216	0.124868	0.117117	0.1334	0.132554	0.110478	0.111477	0.125231	0.074624	0.071155	0.101811	0.0955078	0.0975522	0.0913506	0.0933669	0.0913416	0.089342	0.089342	0.0733907	0.0840084	0.0630051	0.0837595	0.0899544	0.0853639	0.0813315	0.079236	0.0730972	0.0751267	0.0771722	0.0751221	0.102053	0.101971	0.102578	0.0955498	0.0978603	0.169333	0.0689735	0.0709961	0.0917527	0.0791435	0.0791184	0.0790835	0.0770506	0.0790536	0.0669354	0.068948	0.0669327	0.0649172	0.0711598	0.0756519	0.0973841	0.0883044	0.0908962	0.0847678	0.0822343	0.0900447	0.128345	0.0936078	0.10033	0.112854	0.0885815	0.10719	0.10676	0.110185	0.119495	0.106998	0.113024	0.0985581	0.113778	0.102055	0.0924913	0.0965645	0.0840813	0.0671063	0.0670923	0.0794848	0.0878454	0.0895295	0.106165	0.0854247	0.0792694	0.0873101	0.0933249	0.0934789	0.0752285	0.0734203	0.0813412	0.0774232	0.0815371	0.0835561	0.153134	0.144032	0.13863	0.113178	0.102296	0.09415	0.103924	0.101147	0.101372	0.0535713	0.0297758	0.00200111	0	0.114535	0.112706	0.0884622	0.0760561	0.161193	0.164131	0.104937	0.124979	0.102894	0.131739	0.102703	0.129972	0.0982021	0.110021	0.119106	0.112215	0.131117	0.133434	0.147491	0.140886	0.137703	0.14787	0.1336	0.0569432	0.0693381	0.0798424	0.0669948	0.0629723	0.0629723	0.069014	0.0669877	0.0755576	0.0712349	0.0692326	0.111744	0.113025	0.0998792	0.11785	0.135827	0.138728	0.14041	0.124268	0.114025	0.110026	0.1289	0.130697	0.122422	0.0955995	0.113972	0.10999	0.10783	0.0997035	0.111867	0.12011	0.120088	0.124401	0.132645	0.113915	0.127405	0.141071	0.143147	0.130317	0.160055	0.149582	0.150111	0.142743	0.136561	0.151368	0.125918	0.136267	0.138293	0.142636	0.127859	0.142137	0.140269	0.148389	0.135946	0.162772	0.141902	0.149431	0.146144	0.158366	0.162677	0.162797	0.155181	0.161289	0.167632	0.153164	0.159193	0.163757	0.161338	0.161295	0.149159	0.147067	0.155327	0.15524	0.156353	0.148296	0.150384	0.140083	0.14627	0.160307	0.154181	0.145956	0.168453	0.162092	0.16013	0.16215	0.160056	0.164053	0.170179	0.170144	0.166126	0.170297	0.170262	0.162054	0.173908	0.166073	0.164015	0.164002	0.170179	0.155981	0.16859	0.158133	0.156042	0.149986	0.149984	0.174601	0.137825	0.156171	0.154171	0.148031	0.151274	0.153272	0.150419	0.148412	0.133854	0.144047	0.165028	0.171516	0.140012	0.152337	0.175118	0.160341	0.164381	0.16023	0.14397	0.146049	0.171371	0.148094	0.146117	0.158561	0.146008	0.145984	0.148067	0.147965	0.154012	0.144039	0.146045	0.154166	0.139839	0.143912	0.137996	0.137922	0.142063	0.18213	0.143938	0.156592	0.141978	0.152928	0.158578	0.156392	0.148159	0.148211	0.13182	0.14843	0.161472	0.135911	0.136139	0.137997	0.144057	0.13181	0.142076	0.13796	0.142014	0.137914	0.129815	0.127734	0.127735	0.127735	0.142273	0.138255	0.140342	0.138032	0.138051	0.146332	0.140042	0.146248	0.132152	0.132009	0.136348	0.152331	0.140298	0.132107	0.150118	0.130981	0.124377	0.136381	0.142742	0.142626	0.146544	0.133306	0.120752	0.110504	0.0861452	0.105742	0.112157
Apaloderma_vittatum	0.103511	0.110631	0.11267	0.140472	0.106371	0.104367	0.149138	0.161791	0.154039	0.170322	0.169476	0.147401	0.148399	0.162153	0.111546	0.108077	0.138734	0.13243	0.134474	0.128273	0.130289	0.128264	0.126264	0.126264	0.110313	0.120931	0.0999273	0.120682	0.126877	0.122286	0.118254	0.116158	0.110019	0.112049	0.114094	0.112044	0.138975	0.138893	0.139501	0.132472	0.134783	0.206255	0.105896	0.107918	0.128675	0.116066	0.116041	0.116006	0.113973	0.115976	0.103858	0.10587	0.103855	0.101839	0.108082	0.112574	0.134306	0.125227	0.127818	0.12169	0.119157	0.126967	0.165267	0.13053	0.137252	0.149777	0.125504	0.144113	0.143682	0.147107	0.156417	0.143921	0.149946	0.13548	0.1507	0.138977	0.129414	0.133487	0.121004	0.104029	0.104015	0.116407	0.124768	0.126452	0.143087	0.122347	0.116192	0.124232	0.130247	0.130401	0.112151	0.110343	0.118263	0.114345	0.118459	0.120478	0.190056	0.180954	0.175552	0.1501	0.139218	0.131072	0.140847	0.138069	0.138295	0.106294	0.125633	0.112536	0.114535	0	0.0435281	0.12538	0.112974	0.198111	0.201049	0.141859	0.161901	0.139817	0.168661	0.139625	0.166894	0.135124	0.146943	0.156029	0.149137	0.168039	0.170356	0.184413	0.177808	0.174626	0.184793	0.170522	0.0938654	0.10626	0.116765	0.103917	0.0998946	0.0998946	0.105936	0.10391	0.11248	0.108157	0.106155	0.148667	0.149947	0.136801	0.154772	0.172749	0.17565	0.177332	0.161191	0.150947	0.146948	0.165823	0.167619	0.159344	0.132522	0.150895	0.146912	0.144753	0.136626	0.148789	0.157033	0.15701	0.161323	0.169567	0.150838	0.164328	0.177993	0.180069	0.167239	0.196977	0.186505	0.187033	0.179666	0.173483	0.18829	0.16284	0.173189	0.175215	0.179559	0.164781	0.17906	0.177191	0.185311	0.172868	0.199694	0.178824	0.186353	0.183066	0.195289	0.1996	0.199719	0.192103	0.198211	0.204554	0.190086	0.196115	0.20068	0.198261	0.198217	0.186082	0.183989	0.192249	0.192162	0.193276	0.185218	0.187306	0.177005	0.183192	0.19723	0.191104	0.182878	0.205375	0.199014	0.197052	0.199073	0.196979	0.200975	0.207101	0.207067	0.203048	0.207219	0.207184	0.198977	0.21083	0.202995	0.200937	0.200924	0.207101	0.192903	0.205512	0.195055	0.192964	0.186908	0.186906	0.211523	0.174747	0.193094	0.191093	0.184953	0.188196	0.190194	0.187341	0.185334	0.170777	0.180969	0.20195	0.208439	0.176935	0.189259	0.21204	0.197263	0.201303	0.197153	0.180892	0.182972	0.208294	0.185016	0.183039	0.195483	0.182931	0.182907	0.18499	0.184887	0.190935	0.180962	0.182967	0.191088	0.176761	0.180834	0.174918	0.174844	0.178985	0.219052	0.18086	0.193514	0.178901	0.18985	0.1955	0.193314	0.185082	0.185133	0.168742	0.185352	0.198395	0.172833	0.173061	0.17492	0.180979	0.168732	0.178998	0.174882	0.178936	0.174836	0.166737	0.164657	0.164658	0.164658	0.179196	0.175178	0.177265	0.174954	0.174973	0.183255	0.176964	0.18317	0.169074	0.168931	0.173271	0.189253	0.17722	0.16903	0.18704	0.167903	0.161299	0.173304	0.179664	0.179549	0.183467	0.170228	0.157674	0.147426	0.123067	0.142664	0.149079
Trogon_melanurus	0.101682	0.108802	0.110841	0.138643	0.104542	0.102538	0.147309	0.159962	0.15221	0.168493	0.167647	0.145572	0.14657	0.160324	0.109717	0.106248	0.136905	0.130601	0.132646	0.126444	0.12846	0.126435	0.124435	0.124435	0.108484	0.119102	0.0980985	0.118853	0.125048	0.120457	0.116425	0.114329	0.108191	0.11022	0.112266	0.110215	0.137147	0.137064	0.137672	0.130643	0.132954	0.204427	0.104067	0.10609	0.126846	0.114237	0.114212	0.114177	0.112144	0.114147	0.102029	0.104041	0.102026	0.100011	0.106253	0.110745	0.132478	0.123398	0.12599	0.119861	0.117328	0.125138	0.163438	0.128701	0.135423	0.147948	0.123675	0.142284	0.141853	0.145278	0.154588	0.142092	0.148117	0.133652	0.148872	0.137148	0.127585	0.131658	0.119175	0.1022	0.102186	0.114578	0.122939	0.124623	0.141259	0.120518	0.114363	0.122403	0.128418	0.128572	0.110322	0.108514	0.116435	0.112517	0.11663	0.118649	0.188228	0.179125	0.173723	0.148272	0.137389	0.129243	0.139018	0.136241	0.136466	0.104466	0.123804	0.110707	0.112706	0.0435281	0	0.123551	0.111145	0.196282	0.19922	0.14003	0.160072	0.137988	0.166832	0.137796	0.165065	0.133296	0.145114	0.1542	0.147309	0.16621	0.168527	0.182584	0.175979	0.172797	0.182964	0.168693	0.0920366	0.104431	0.114936	0.102088	0.0980657	0.0980657	0.104107	0.102081	0.110651	0.106328	0.104326	0.146838	0.148118	0.134973	0.152944	0.17092	0.173821	0.175503	0.159362	0.149118	0.145119	0.163994	0.165791	0.157516	0.130693	0.149066	0.145083	0.142924	0.134797	0.14696	0.155204	0.155181	0.159495	0.167738	0.149009	0.162499	0.176164	0.17824	0.16541	0.195148	0.184676	0.185204	0.177837	0.171655	0.186461	0.161011	0.17136	0.173386	0.17773	0.162952	0.177231	0.175362	0.183482	0.171039	0.197866	0.176995	0.184525	0.181237	0.19346	0.197771	0.19789	0.190275	0.196382	0.202725	0.188257	0.194286	0.198851	0.196432	0.196389	0.184253	0.182161	0.19042	0.190333	0.191447	0.183389	0.185477	0.175176	0.181363	0.195401	0.189275	0.181049	0.203546	0.197185	0.195223	0.197244	0.19515	0.199146	0.205272	0.205238	0.201219	0.20539	0.205355	0.197148	0.209001	0.201166	0.199108	0.199095	0.205273	0.191074	0.203683	0.193226	0.191136	0.185079	0.185077	0.209694	0.172918	0.191265	0.189264	0.183124	0.186367	0.188365	0.185513	0.183505	0.168948	0.179141	0.200121	0.20661	0.175106	0.18743	0.210211	0.195434	0.199474	0.195324	0.179063	0.181143	0.206465	0.183188	0.18121	0.193654	0.181102	0.181078	0.183161	0.183058	0.189106	0.179133	0.181139	0.189259	0.174932	0.179005	0.173089	0.173015	0.177156	0.217224	0.179031	0.191685	0.177072	0.188021	0.193671	0.191485	0.183253	0.183304	0.166913	0.183523	0.196566	0.171004	0.171232	0.173091	0.17915	0.166903	0.177169	0.173053	0.177107	0.173008	0.164909	0.162828	0.162829	0.162829	0.177367	0.173349	0.175436	0.173126	0.173144	0.181426	0.175135	0.181341	0.167245	0.167102	0.171442	0.187424	0.175392	0.167201	0.185211	0.166074	0.15947	0.171475	0.177835	0.17772	0.181638	0.168399	0.155845	0.145597	0.121239	0.140835	0.14725
Buceros_rhinoceros	0.0774384	0.0845584	0.0865972	0.114399	0.0802977	0.078294	0.123065	0.135718	0.127966	0.144249	0.143404	0.121328	0.122326	0.13608	0.0854734	0.0820044	0.112661	0.106357	0.108402	0.1022	0.104216	0.102191	0.100191	0.100191	0.0842402	0.0948579	0.0738545	0.0946089	0.100804	0.0962133	0.0921809	0.0900854	0.0839466	0.0859761	0.0880216	0.0859715	0.112903	0.11282	0.113428	0.106399	0.10871	0.180183	0.0798229	0.0818455	0.102602	0.0899929	0.0899679	0.0899329	0.0879	0.0899031	0.0777848	0.0797974	0.0777822	0.0757667	0.0820092	0.0865013	0.108234	0.0991538	0.101746	0.0956173	0.0930837	0.100894	0.139194	0.104457	0.111179	0.123704	0.0994309	0.11804	0.117609	0.121034	0.130344	0.117848	0.123873	0.109408	0.124628	0.112904	0.103341	0.107414	0.0949307	0.0779557	0.0779417	0.0903342	0.0986948	0.100379	0.117015	0.0962741	0.0901188	0.0981595	0.104174	0.104328	0.086078	0.0842697	0.0921906	0.0882727	0.0923865	0.0944055	0.163984	0.154881	0.149479	0.124028	0.113145	0.104999	0.114774	0.111997	0.112222	0.0802215	0.0995603	0.0864631	0.0884622	0.12538	0.123551	0	0.0458228	0.153387	0.156325	0.115786	0.135828	0.113744	0.142588	0.113552	0.140821	0.109052	0.12087	0.129956	0.123065	0.141966	0.144283	0.15834	0.151735	0.148553	0.15872	0.144449	0.0677926	0.0801875	0.0906918	0.0778442	0.0738217	0.0738217	0.0798634	0.0778372	0.0864071	0.0820843	0.080082	0.122594	0.123874	0.110729	0.1287	0.146676	0.149577	0.151259	0.135118	0.124874	0.120875	0.13975	0.141547	0.133272	0.106449	0.124822	0.120839	0.11868	0.110553	0.122716	0.13096	0.130937	0.135251	0.143494	0.124765	0.138255	0.15192	0.153996	0.141166	0.170904	0.160432	0.16096	0.153593	0.147411	0.162217	0.136767	0.147116	0.149142	0.153486	0.138708	0.152987	0.151118	0.159238	0.146795	0.173622	0.152751	0.160281	0.156993	0.169216	0.173527	0.173646	0.166031	0.172138	0.178481	0.164013	0.170042	0.174607	0.172188	0.172145	0.160009	0.157917	0.166176	0.166089	0.167203	0.159145	0.161233	0.150932	0.157119	0.171157	0.165031	0.156805	0.179302	0.172941	0.170979	0.173	0.170906	0.174902	0.181028	0.180994	0.176975	0.181146	0.181111	0.172904	0.184757	0.176922	0.174864	0.174851	0.181029	0.16683	0.179439	0.168982	0.166892	0.160835	0.160833	0.18545	0.148674	0.167021	0.16502	0.15888	0.162123	0.164121	0.161269	0.159261	0.144704	0.154897	0.175877	0.182366	0.150862	0.163186	0.185967	0.17119	0.17523	0.17108	0.154819	0.156899	0.182221	0.158944	0.156966	0.16941	0.156858	0.156834	0.158917	0.158814	0.164862	0.154889	0.156895	0.165015	0.150688	0.154761	0.148845	0.148771	0.152912	0.19298	0.154787	0.167441	0.152828	0.163777	0.169427	0.167241	0.159009	0.15906	0.142669	0.159279	0.172322	0.14676	0.146988	0.148847	0.154906	0.142659	0.152925	0.148809	0.152863	0.148764	0.140665	0.138584	0.138585	0.138585	0.153123	0.149105	0.151192	0.148882	0.1489	0.157182	0.150891	0.157097	0.143001	0.142858	0.147198	0.16318	0.151148	0.142957	0.160967	0.14183	0.135226	0.147231	0.153591	0.153476	0.157394	0.144155	0.131601	0.121353	0.0969946	0.116591	0.123006
Bucorvus_abyssinicus	0.0650323	0.0721523	0.0741911	0.101993	0.0678916	0.0658879	0.110659	0.123312	0.11556	0.131843	0.130997	0.108922	0.10992	0.123674	0.0730673	0.0695983	0.100255	0.0939511	0.0959955	0.0897939	0.0918102	0.0897849	0.0877853	0.0877853	0.071834	0.0824517	0.0614484	0.0822028	0.0883977	0.0838072	0.0797748	0.0776793	0.0715405	0.07357	0.0756155	0.0735654	0.100496	0.100414	0.101022	0.0939931	0.0963036	0.167776	0.0674168	0.0694394	0.090196	0.0775868	0.0775617	0.0775268	0.0754939	0.0774969	0.0653787	0.0673913	0.065376	0.0633605	0.0696031	0.0740952	0.0958274	0.0867477	0.0893395	0.0832111	0.0806776	0.088488	0.126788	0.0920511	0.0987732	0.111298	0.0870248	0.105634	0.105203	0.108628	0.117938	0.105442	0.111467	0.0970014	0.112222	0.100498	0.0909346	0.0950078	0.0825246	0.0655496	0.0655356	0.0779281	0.0862887	0.0879728	0.104608	0.083868	0.0777127	0.0857534	0.0917682	0.0919222	0.0736718	0.0718636	0.0797845	0.0758665	0.0799804	0.0819994	0.151577	0.142475	0.137073	0.111621	0.100739	0.0925933	0.102368	0.0995904	0.0998157	0.0678154	0.0871542	0.0740569	0.0760561	0.112974	0.111145	0.0458228	0	0.140981	0.143919	0.10338	0.123422	0.101338	0.130182	0.101146	0.128415	0.0966454	0.108464	0.11755	0.110659	0.12956	0.131877	0.145934	0.139329	0.136147	0.146314	0.132043	0.0553865	0.0677814	0.0782857	0.0654381	0.0614156	0.0614156	0.0674573	0.065431	0.0740009	0.0696782	0.0676759	0.110188	0.111468	0.0983225	0.116293	0.13427	0.137171	0.138853	0.122712	0.112468	0.108469	0.127344	0.12914	0.120866	0.0940428	0.112416	0.108433	0.106274	0.0981468	0.11031	0.118554	0.118531	0.122844	0.131088	0.112359	0.125849	0.139514	0.14159	0.12876	0.158498	0.148026	0.148554	0.141187	0.135005	0.149811	0.124361	0.13471	0.136736	0.14108	0.126302	0.140581	0.138712	0.146832	0.134389	0.161216	0.140345	0.147875	0.144587	0.15681	0.161121	0.16124	0.153624	0.159732	0.166075	0.151607	0.157636	0.162201	0.159782	0.159738	0.147603	0.14551	0.15377	0.153683	0.154797	0.146739	0.148827	0.138526	0.144713	0.158751	0.152625	0.144399	0.166896	0.160535	0.158573	0.160594	0.1585	0.162496	0.168622	0.168588	0.164569	0.16874	0.168705	0.160498	0.172351	0.164516	0.162458	0.162445	0.168622	0.154424	0.167033	0.156576	0.154485	0.148429	0.148427	0.173044	0.136268	0.154615	0.152614	0.146474	0.149717	0.151715	0.148862	0.146855	0.132298	0.14249	0.163471	0.16996	0.138456	0.15078	0.173561	0.158784	0.162824	0.158674	0.142413	0.144493	0.169815	0.146537	0.14456	0.157004	0.144452	0.144428	0.146511	0.146408	0.152456	0.142483	0.144489	0.152609	0.138282	0.142355	0.136439	0.136365	0.140506	0.180573	0.142381	0.155035	0.140422	0.151371	0.157021	0.154835	0.146603	0.146654	0.130263	0.146873	0.159916	0.134354	0.134582	0.136441	0.1425	0.130253	0.140519	0.136403	0.140457	0.136358	0.128259	0.126178	0.126179	0.126179	0.140717	0.136699	0.138786	0.136475	0.136494	0.144776	0.138485	0.144691	0.130595	0.130452	0.134792	0.150774	0.138741	0.130551	0.148561	0.129424	0.12282	0.134825	0.141185	0.14107	0.144988	0.131749	0.119195	0.108947	0.0845885	0.104185	0.1106
Rhinopomastus_cyanomelas	0.150169	0.157289	0.159328	0.18713	0.153029	0.151025	0.195796	0.208449	0.200697	0.21698	0.216134	0.194059	0.195057	0.208811	0.158204	0.154735	0.185392	0.179088	0.181132	0.174931	0.176947	0.174922	0.172922	0.172922	0.156971	0.167589	0.146585	0.16734	0.173535	0.168944	0.164912	0.162816	0.156677	0.158707	0.160753	0.158702	0.185634	0.185551	0.186159	0.17913	0.181441	0.252913	0.152554	0.154576	0.175333	0.162724	0.162699	0.162664	0.160631	0.162634	0.150516	0.152528	0.150513	0.148498	0.15474	0.159232	0.180964	0.171885	0.174477	0.168348	0.165815	0.173625	0.211925	0.177188	0.18391	0.196435	0.172162	0.190771	0.19034	0.193765	0.203075	0.190579	0.196604	0.182138	0.197359	0.185635	0.176072	0.180145	0.167662	0.150687	0.150673	0.163065	0.171426	0.17311	0.189745	0.169005	0.16285	0.17089	0.176905	0.177059	0.158809	0.157001	0.164921	0.161004	0.165117	0.167136	0.236714	0.227612	0.22221	0.196758	0.185876	0.17773	0.187505	0.184727	0.184953	0.152952	0.172291	0.159194	0.161193	0.198111	0.196282	0.153387	0.140981	0	0.158729	0.188517	0.208559	0.186475	0.215319	0.186283	0.213552	0.181782	0.193601	0.202687	0.195796	0.214697	0.217014	0.231071	0.224466	0.221284	0.231451	0.21718	0.140524	0.152918	0.163423	0.150575	0.146553	0.146553	0.152594	0.150568	0.159138	0.154815	0.152813	0.195325	0.196605	0.183459	0.20143	0.219407	0.222308	0.22399	0.207849	0.197605	0.193606	0.212481	0.214278	0.206003	0.17918	0.197553	0.19357	0.191411	0.183284	0.195447	0.203691	0.203668	0.207982	0.216225	0.197496	0.210986	0.224651	0.226727	0.213897	0.243635	0.233163	0.233691	0.226324	0.220142	0.234948	0.209498	0.219847	0.221873	0.226217	0.211439	0.225718	0.223849	0.231969	0.219526	0.246353	0.225482	0.233012	0.229724	0.241947	0.246258	0.246377	0.238762	0.244869	0.251212	0.236744	0.242773	0.247338	0.244919	0.244875	0.23274	0.230647	0.238907	0.23882	0.239934	0.231876	0.233964	0.223663	0.22985	0.243888	0.237762	0.229536	0.252033	0.245672	0.24371	0.245731	0.243637	0.247633	0.253759	0.253725	0.249706	0.253877	0.253842	0.245635	0.257488	0.249653	0.247595	0.247582	0.253759	0.239561	0.25217	0.241713	0.239623	0.233566	0.233564	0.258181	0.221405	0.239752	0.237751	0.231611	0.234854	0.236852	0.233999	0.231992	0.217435	0.227627	0.248608	0.255097	0.223593	0.235917	0.258698	0.243921	0.247961	0.243811	0.22755	0.22963	0.254952	0.231674	0.229697	0.242141	0.229589	0.229565	0.231648	0.231545	0.237593	0.22762	0.229626	0.237746	0.223419	0.227492	0.221576	0.221502	0.225643	0.26571	0.227518	0.240172	0.225559	0.236508	0.242158	0.239972	0.23174	0.231791	0.2154	0.23201	0.245053	0.219491	0.219719	0.221578	0.227637	0.21539	0.225656	0.22154	0.225594	0.221495	0.213396	0.211315	0.211316	0.211316	0.225854	0.221836	0.223923	0.221612	0.221631	0.229913	0.223622	0.229828	0.215732	0.215589	0.219929	0.235911	0.223878	0.215688	0.233698	0.214561	0.207957	0.219962	0.226322	0.226207	0.230125	0.216886	0.204332	0.194084	0.169726	0.189322	0.195737
Upupa_epops	0.153107	0.160227	0.162266	0.190068	0.155966	0.153963	0.198734	0.211386	0.203635	0.219918	0.219072	0.196996	0.197995	0.211749	0.161142	0.157673	0.18833	0.182026	0.18407	0.177869	0.179885	0.17786	0.17586	0.17586	0.159909	0.170527	0.149523	0.170278	0.176473	0.171882	0.16785	0.165754	0.159615	0.161645	0.16369	0.16164	0.188571	0.188489	0.189097	0.182068	0.184378	0.255851	0.155492	0.157514	0.178271	0.165662	0.165637	0.165602	0.163569	0.165572	0.153454	0.155466	0.153451	0.151435	0.157678	0.16217	0.183902	0.174823	0.177414	0.171286	0.168753	0.176563	0.214863	0.180126	0.186848	0.199373	0.1751	0.193708	0.193278	0.196703	0.206013	0.193517	0.199542	0.185076	0.200296	0.188573	0.179009	0.183083	0.170599	0.153624	0.15361	0.166003	0.174364	0.176048	0.192683	0.171943	0.165788	0.173828	0.179843	0.179997	0.161747	0.159938	0.167859	0.163941	0.168055	0.170074	0.239652	0.23055	0.225148	0.199696	0.188814	0.180668	0.190442	0.187665	0.187891	0.15589	0.175229	0.162132	0.164131	0.201049	0.19922	0.156325	0.143919	0.158729	0	0.191455	0.211497	0.189413	0.218257	0.189221	0.21649	0.18472	0.196539	0.205625	0.198733	0.217635	0.219952	0.234009	0.227404	0.224222	0.234389	0.220118	0.143461	0.155856	0.166361	0.153513	0.14949	0.14949	0.155532	0.153506	0.162076	0.157753	0.155751	0.198263	0.199543	0.186397	0.204368	0.222345	0.225246	0.226928	0.210787	0.200543	0.196544	0.215418	0.217215	0.20894	0.182118	0.200491	0.196508	0.194349	0.186222	0.198385	0.206629	0.206606	0.210919	0.219163	0.200434	0.213923	0.227589	0.229665	0.216835	0.246573	0.236101	0.236629	0.229261	0.223079	0.237886	0.212436	0.222785	0.224811	0.229154	0.214377	0.228656	0.226787	0.234907	0.222464	0.24929	0.22842	0.235949	0.232662	0.244884	0.249195	0.249315	0.241699	0.247807	0.25415	0.239682	0.245711	0.250276	0.247857	0.247813	0.235678	0.233585	0.241845	0.241758	0.242871	0.234814	0.236902	0.226601	0.232788	0.246826	0.2407	0.232474	0.254971	0.24861	0.246648	0.248669	0.246575	0.250571	0.256697	0.256662	0.252644	0.256815	0.25678	0.248573	0.260426	0.252591	0.250533	0.25052	0.256697	0.242499	0.255108	0.244651	0.24256	0.236504	0.236502	0.261119	0.224343	0.24269	0.240689	0.234549	0.237792	0.23979	0.236937	0.23493	0.220373	0.230565	0.251546	0.258035	0.226531	0.238855	0.261636	0.246859	0.250899	0.246749	0.230488	0.232567	0.25789	0.234612	0.232635	0.245079	0.232527	0.232503	0.234586	0.234483	0.240531	0.230558	0.232563	0.240684	0.226357	0.23043	0.224514	0.22444	0.228581	0.268648	0.230456	0.24311	0.228497	0.239446	0.245096	0.24291	0.234678	0.234729	0.218338	0.234948	0.24799	0.222429	0.222657	0.224516	0.230575	0.218328	0.228594	0.224478	0.228532	0.224432	0.216333	0.214252	0.214253	0.214253	0.228791	0.224773	0.226861	0.22455	0.224569	0.232851	0.22656	0.232766	0.21867	0.218527	0.222866	0.238849	0.226816	0.218625	0.236636	0.217499	0.210895	0.2229	0.22926	0.229145	0.233063	0.219824	0.20727	0.197022	0.172663	0.19226	0.198675
Merops_nubicus	0.0899024	0.0970224	0.0990612	0.126863	0.0927617	0.090758	0.135529	0.148182	0.14043	0.156713	0.155867	0.133792	0.13479	0.148544	0.0979374	0.0944684	0.125125	0.118821	0.120866	0.114664	0.11668	0.114655	0.112655	0.112655	0.0967042	0.107322	0.0863185	0.107073	0.113268	0.108677	0.104645	0.102549	0.0964106	0.0984401	0.100486	0.0984355	0.125367	0.125284	0.125892	0.118863	0.121174	0.192647	0.0922869	0.0943095	0.115066	0.102457	0.102432	0.102397	0.100364	0.102367	0.0902488	0.0922614	0.0902461	0.0882306	0.0944732	0.0989653	0.120698	0.111618	0.11421	0.108081	0.105548	0.113358	0.151658	0.116921	0.123643	0.136168	0.111895	0.130504	0.130073	0.133498	0.142808	0.130312	0.136337	0.121872	0.137092	0.125368	0.115805	0.119878	0.107395	0.0904197	0.0904057	0.102798	0.111159	0.112843	0.129479	0.108738	0.102583	0.110623	0.116638	0.116792	0.0985419	0.0967337	0.104655	0.100737	0.10485	0.106869	0.176448	0.167345	0.161943	0.136492	0.125609	0.117463	0.127238	0.124461	0.124686	0.096696	0.116035	0.102938	0.104937	0.141859	0.14003	0.115786	0.10338	0.188517	0.191455	0	0.130294	0.108209	0.138951	0.109915	0.137184	0.105415	0.117233	0.134396	0.127505	0.146406	0.148724	0.162781	0.156176	0.152993	0.16316	0.14889	0.0802566	0.0926515	0.103156	0.0903082	0.0862857	0.0862857	0.0923274	0.0903012	0.098871	0.0945483	0.092546	0.135058	0.136338	0.123193	0.141164	0.15914	0.162041	0.163723	0.147582	0.137338	0.133339	0.152214	0.154011	0.145736	0.118913	0.137286	0.133303	0.131144	0.123017	0.13518	0.143424	0.143401	0.147715	0.155958	0.137229	0.150719	0.164384	0.16646	0.15363	0.183368	0.172896	0.173424	0.166057	0.159875	0.174681	0.149231	0.15958	0.161606	0.16595	0.151172	0.165451	0.163582	0.171702	0.159259	0.186086	0.165215	0.172745	0.169457	0.18168	0.185991	0.18611	0.178495	0.184602	0.190945	0.176477	0.182506	0.187071	0.184652	0.184609	0.172473	0.170381	0.17864	0.178553	0.179667	0.171609	0.173697	0.163396	0.169583	0.183621	0.177495	0.169269	0.191766	0.185405	0.183443	0.185464	0.18337	0.187366	0.193492	0.193458	0.189439	0.19361	0.193575	0.185368	0.197221	0.189386	0.187328	0.187315	0.193493	0.179294	0.191903	0.181446	0.179356	0.173299	0.173297	0.197914	0.161138	0.179485	0.177484	0.171344	0.174587	0.176585	0.173733	0.171725	0.157168	0.167361	0.188341	0.19483	0.163326	0.17565	0.198431	0.183654	0.187694	0.183544	0.167283	0.169363	0.194685	0.171408	0.16943	0.181874	0.169322	0.169298	0.171381	0.171278	0.177326	0.167353	0.169359	0.177479	0.163152	0.167225	0.161309	0.161235	0.165376	0.205444	0.167251	0.179905	0.165292	0.176241	0.181891	0.179705	0.171473	0.171524	0.155133	0.171743	0.184786	0.159224	0.159452	0.161311	0.16737	0.155123	0.165389	0.161273	0.165327	0.161228	0.153129	0.151048	0.151049	0.151049	0.165587	0.161569	0.163656	0.161346	0.161364	0.169646	0.163355	0.169561	0.155465	0.155322	0.159662	0.175644	0.163612	0.155421	0.173431	0.154294	0.14769	0.159695	0.166055	0.16594	0.169858	0.156619	0.144065	0.133817	0.109459	0.129055	0.13547
Brachypteracias_leptosomus	0.109945	0.117065	0.119103	0.146905	0.112804	0.1108	0.155572	0.168224	0.160473	0.176756	0.17591	0.153834	0.154833	0.168587	0.11798	0.114511	0.145167	0.138863	0.140908	0.134706	0.136723	0.134697	0.132698	0.132698	0.116746	0.127364	0.106361	0.127115	0.13331	0.12872	0.124687	0.122592	0.116453	0.118482	0.120528	0.118478	0.145409	0.145327	0.145934	0.138905	0.141216	0.212689	0.112329	0.114352	0.135108	0.122499	0.122474	0.122439	0.120406	0.122409	0.110291	0.112304	0.110288	0.108273	0.114516	0.119008	0.14074	0.13166	0.134252	0.128124	0.12559	0.1334	0.1717	0.136963	0.143686	0.15621	0.131937	0.150546	0.150115	0.15354	0.16285	0.150354	0.15638	0.141914	0.157134	0.145411	0.135847	0.13992	0.127437	0.110462	0.110448	0.122841	0.131201	0.132885	0.149521	0.12878	0.122625	0.130666	0.136681	0.136835	0.118584	0.116776	0.124697	0.120779	0.124893	0.126912	0.19649	0.187387	0.181986	0.156534	0.145651	0.137506	0.14728	0.144503	0.144728	0.116738	0.136077	0.12298	0.124979	0.161901	0.160072	0.135828	0.123422	0.208559	0.211497	0.130294	0	0.0715373	0.158994	0.129958	0.157226	0.125457	0.137276	0.154439	0.147547	0.166449	0.168766	0.182823	0.176218	0.173036	0.183203	0.168932	0.100299	0.112694	0.123198	0.11035	0.106328	0.106328	0.11237	0.110343	0.118913	0.114591	0.112588	0.1551	0.15638	0.143235	0.161206	0.179182	0.182083	0.183765	0.167624	0.157381	0.153381	0.172256	0.174053	0.165778	0.138955	0.157328	0.153345	0.151186	0.143059	0.155222	0.163466	0.163444	0.167757	0.176001	0.157271	0.170761	0.184426	0.186503	0.173673	0.203411	0.192938	0.193466	0.186099	0.179917	0.194724	0.169273	0.179623	0.181649	0.185992	0.171214	0.185493	0.183625	0.191744	0.179302	0.206128	0.185258	0.192787	0.189499	0.201722	0.206033	0.206152	0.198537	0.204645	0.210988	0.196519	0.202548	0.207113	0.204694	0.204651	0.192515	0.190423	0.198683	0.198596	0.199709	0.191651	0.193739	0.183439	0.189626	0.203663	0.197537	0.189311	0.211809	0.205448	0.203485	0.205506	0.203412	0.207409	0.213535	0.2135	0.209481	0.213652	0.213618	0.20541	0.217264	0.209428	0.20737	0.207358	0.213535	0.199336	0.211945	0.201488	0.199398	0.193341	0.19334	0.217956	0.181181	0.199527	0.197526	0.191387	0.19463	0.196628	0.193775	0.191767	0.17721	0.187403	0.208383	0.214872	0.183368	0.195692	0.218474	0.203696	0.207737	0.203586	0.187325	0.189405	0.214727	0.19145	0.189472	0.201916	0.189364	0.18934	0.191423	0.19132	0.197368	0.187395	0.189401	0.197521	0.183195	0.187267	0.181351	0.181277	0.185418	0.225486	0.187293	0.199947	0.185334	0.196283	0.201933	0.199747	0.191515	0.191567	0.175175	0.191785	0.204828	0.179266	0.179494	0.181353	0.187412	0.175165	0.185431	0.181316	0.185369	0.18127	0.173171	0.17109	0.171091	0.171091	0.185629	0.181611	0.183698	0.181388	0.181406	0.189688	0.183397	0.189603	0.175507	0.175365	0.179704	0.195686	0.183654	0.175463	0.193474	0.174337	0.167733	0.179737	0.186097	0.185982	0.1899	0.176662	0.164107	0.153859	0.129501	0.149098	0.155513
Eurystomus_gularis	0.0878601	0.0949802	0.0970189	0.124821	0.0907194	0.0887157	0.133487	0.146139	0.138388	0.154671	0.153825	0.131749	0.132748	0.146502	0.0958951	0.0924261	0.123083	0.116779	0.118823	0.112622	0.114638	0.112613	0.110613	0.110613	0.0946619	0.10528	0.0842762	0.105031	0.111226	0.106635	0.102603	0.100507	0.0943683	0.0963979	0.0984433	0.0963932	0.123324	0.123242	0.12385	0.116821	0.119131	0.190604	0.0902446	0.0922672	0.113024	0.100415	0.10039	0.100355	0.0983218	0.100325	0.0882065	0.0902191	0.0882039	0.0861884	0.092431	0.096923	0.118655	0.109576	0.112167	0.106039	0.103505	0.111316	0.149616	0.114879	0.121601	0.134126	0.109853	0.128461	0.128031	0.131456	0.140766	0.128269	0.134295	0.119829	0.135049	0.123326	0.113762	0.117836	0.105352	0.0883774	0.0883634	0.100756	0.109117	0.110801	0.127436	0.106696	0.100541	0.108581	0.114596	0.11475	0.0964997	0.0946914	0.102612	0.0986944	0.102808	0.104827	0.174405	0.165303	0.159901	0.134449	0.123567	0.115421	0.125195	0.122418	0.122643	0.0946537	0.113993	0.100895	0.102894	0.139817	0.137988	0.113744	0.101338	0.186475	0.189413	0.108209	0.0715373	0	0.136909	0.107873	0.135142	0.103372	0.115191	0.132354	0.125463	0.144364	0.146682	0.160738	0.154133	0.150951	0.161118	0.146848	0.0782143	0.0906092	0.101113	0.0882659	0.0842434	0.0842434	0.0902851	0.0882589	0.0968288	0.0925061	0.0905037	0.133016	0.134296	0.12115	0.139121	0.157098	0.159999	0.161681	0.14554	0.135296	0.131297	0.150171	0.151968	0.143693	0.116871	0.135244	0.131261	0.129102	0.120975	0.133138	0.141382	0.141359	0.145672	0.153916	0.135186	0.148676	0.162342	0.164418	0.151588	0.181326	0.170854	0.171382	0.164014	0.157832	0.172639	0.147189	0.157538	0.159564	0.163907	0.14913	0.163409	0.16154	0.16966	0.157217	0.184043	0.163173	0.170702	0.167415	0.179637	0.183948	0.184068	0.176452	0.18256	0.188903	0.174435	0.180464	0.185029	0.18261	0.182566	0.170431	0.168338	0.176598	0.176511	0.177624	0.169567	0.171655	0.161354	0.167541	0.181579	0.175453	0.167227	0.189724	0.183363	0.181401	0.183422	0.181328	0.185324	0.19145	0.191415	0.187397	0.191568	0.191533	0.183326	0.195179	0.187344	0.185286	0.185273	0.19145	0.177252	0.189861	0.179404	0.177313	0.171257	0.171255	0.195872	0.159096	0.177443	0.175442	0.169302	0.172545	0.174543	0.17169	0.169683	0.155126	0.165318	0.186299	0.192787	0.161284	0.173608	0.196389	0.181612	0.185652	0.181502	0.165241	0.16732	0.192642	0.169365	0.167388	0.179832	0.16728	0.167256	0.169339	0.169236	0.175283	0.165311	0.167316	0.175437	0.16111	0.165183	0.159267	0.159193	0.163334	0.203401	0.165209	0.177863	0.16325	0.174199	0.179849	0.177663	0.169431	0.169482	0.153091	0.169701	0.182743	0.157182	0.15741	0.159269	0.165328	0.153081	0.163347	0.159231	0.163285	0.159185	0.151086	0.149005	0.149006	0.149006	0.163544	0.159526	0.161613	0.159303	0.159322	0.167604	0.161313	0.167519	0.153423	0.15328	0.157619	0.173602	0.161569	0.153378	0.171389	0.152252	0.145648	0.157652	0.164013	0.163897	0.167815	0.154577	0.142023	0.131775	0.107416	0.127013	0.133428
Todus_mexicanus	0.116705	0.123825	0.125864	0.153665	0.119564	0.11756	0.162332	0.174984	0.167233	0.183516	0.18267	0.160594	0.161593	0.175347	0.12474	0.121271	0.151927	0.145624	0.147668	0.141466	0.143483	0.141457	0.139458	0.139458	0.123507	0.134124	0.113121	0.133875	0.14007	0.13548	0.131447	0.129352	0.123213	0.125242	0.127288	0.125238	0.152169	0.152087	0.152694	0.145666	0.147976	0.219449	0.119089	0.121112	0.141869	0.129259	0.129234	0.129199	0.127166	0.129169	0.117051	0.119064	0.117049	0.115033	0.121276	0.125768	0.1475	0.13842	0.141012	0.134884	0.13235	0.14016	0.17846	0.143724	0.150446	0.16297	0.138697	0.157306	0.156876	0.1603	0.16961	0.157114	0.16314	0.148674	0.163894	0.152171	0.142607	0.14668	0.134197	0.117222	0.117208	0.129601	0.137961	0.139645	0.156281	0.13554	0.129385	0.137426	0.143441	0.143595	0.125344	0.123536	0.131457	0.127539	0.131653	0.133672	0.20325	0.194147	0.188746	0.163294	0.152411	0.144266	0.15404	0.151263	0.151488	0.123498	0.142837	0.12974	0.131739	0.168661	0.166832	0.142588	0.130182	0.215319	0.218257	0.138951	0.158994	0.136909	0	0.128223	0.155492	0.123722	0.135541	0.161199	0.154308	0.173209	0.175526	0.189583	0.182978	0.179796	0.189963	0.175692	0.107059	0.119454	0.129958	0.117111	0.113088	0.113088	0.11913	0.117104	0.125673	0.121351	0.119348	0.16186	0.16314	0.149995	0.167966	0.185943	0.188844	0.190525	0.174384	0.164141	0.160141	0.179016	0.180813	0.172538	0.145715	0.164088	0.160106	0.157946	0.149819	0.161982	0.170226	0.170204	0.174517	0.182761	0.164031	0.177521	0.191186	0.193263	0.180433	0.210171	0.199698	0.200226	0.192859	0.186677	0.201484	0.176033	0.186383	0.188409	0.192752	0.177974	0.192253	0.190385	0.198504	0.186062	0.212888	0.192018	0.199547	0.196259	0.208482	0.212793	0.212912	0.205297	0.211405	0.217748	0.203279	0.209308	0.213873	0.211454	0.211411	0.199275	0.197183	0.205443	0.205356	0.206469	0.198411	0.200499	0.190199	0.196386	0.210423	0.204297	0.196071	0.218569	0.212208	0.210245	0.212266	0.210172	0.214169	0.220295	0.22026	0.216241	0.220412	0.220378	0.21217	0.224024	0.216188	0.21413	0.214118	0.220295	0.206096	0.218705	0.208249	0.206158	0.200101	0.2001	0.224717	0.187941	0.206287	0.204286	0.198147	0.20139	0.203388	0.200535	0.198527	0.18397	0.194163	0.215144	0.221632	0.190128	0.202452	0.225234	0.210457	0.214497	0.210346	0.194086	0.196165	0.221487	0.19821	0.196232	0.208677	0.196124	0.1961	0.198183	0.19808	0.204128	0.194155	0.196161	0.204281	0.189955	0.194027	0.188111	0.188038	0.192178	0.232246	0.194053	0.206707	0.192094	0.203043	0.208694	0.206507	0.198275	0.198327	0.181936	0.198545	0.211588	0.186027	0.186254	0.188113	0.194172	0.181925	0.192191	0.188076	0.192129	0.18803	0.179931	0.17785	0.177851	0.177851	0.192389	0.188371	0.190458	0.188148	0.188167	0.196448	0.190157	0.196363	0.182267	0.182125	0.186464	0.202446	0.190414	0.182223	0.200234	0.181097	0.174493	0.186497	0.192858	0.192742	0.19666	0.183422	0.170867	0.160619	0.136261	0.155858	0.162273
Baryphthengus_martii	0.0876686	0.0947887	0.0968274	0.124629	0.0905279	0.0885242	0.133295	0.145948	0.138196	0.15448	0.153634	0.131558	0.132557	0.146311	0.0957036	0.0922346	0.122891	0.116587	0.118632	0.11243	0.114447	0.112421	0.110422	0.110422	0.0944704	0.105088	0.0840847	0.104839	0.111034	0.106444	0.102411	0.100316	0.0941768	0.0962064	0.0982518	0.0962017	0.123133	0.123051	0.123658	0.116629	0.11894	0.190413	0.0900531	0.0920757	0.112832	0.100223	0.100198	0.100163	0.0981303	0.100133	0.088015	0.0900276	0.0880124	0.0859969	0.0922395	0.0967315	0.118464	0.109384	0.111976	0.105847	0.103314	0.111124	0.149424	0.114687	0.12141	0.133934	0.109661	0.12827	0.127839	0.131264	0.140574	0.128078	0.134104	0.119638	0.134858	0.123134	0.113571	0.117644	0.105161	0.0881859	0.0881719	0.100564	0.108925	0.110609	0.127245	0.106504	0.100349	0.10839	0.114405	0.114559	0.0963082	0.0944999	0.102421	0.0985029	0.102617	0.104636	0.174214	0.165111	0.15971	0.134258	0.123375	0.11523	0.125004	0.122227	0.122452	0.0944622	0.113801	0.100704	0.102703	0.139625	0.137796	0.113552	0.101146	0.186283	0.189221	0.109915	0.129958	0.107873	0.128223	0	0.123853	0.092083	0.103902	0.132163	0.125271	0.144173	0.14649	0.160547	0.153942	0.15076	0.160927	0.146656	0.0780228	0.0904177	0.100922	0.0880744	0.0840519	0.0840519	0.0900936	0.0880674	0.0966373	0.0923146	0.0903122	0.132824	0.134104	0.120959	0.13893	0.156906	0.159807	0.161489	0.145348	0.135105	0.131105	0.14998	0.151777	0.143502	0.116679	0.135052	0.131069	0.12891	0.120783	0.132946	0.14119	0.141168	0.145481	0.153725	0.134995	0.148485	0.16215	0.164227	0.151397	0.181135	0.170662	0.17119	0.163823	0.157641	0.172447	0.146997	0.157346	0.159373	0.163716	0.148938	0.163217	0.161349	0.169468	0.157026	0.183852	0.162982	0.170511	0.167223	0.179446	0.183757	0.183876	0.176261	0.182368	0.188711	0.174243	0.180272	0.184837	0.182418	0.182375	0.170239	0.168147	0.176406	0.17632	0.177433	0.169375	0.171463	0.161163	0.16735	0.181387	0.175261	0.167035	0.189533	0.183172	0.181209	0.18323	0.181136	0.185132	0.191259	0.191224	0.187205	0.191376	0.191342	0.183134	0.194988	0.187152	0.185094	0.185082	0.191259	0.17706	0.189669	0.179212	0.177122	0.171065	0.171064	0.19568	0.158905	0.177251	0.17525	0.169111	0.172354	0.174352	0.171499	0.169491	0.154934	0.165127	0.186107	0.192596	0.161092	0.173416	0.196198	0.18142	0.185461	0.18131	0.165049	0.167129	0.192451	0.169174	0.167196	0.17964	0.167088	0.167064	0.169147	0.169044	0.175092	0.165119	0.167125	0.175245	0.160919	0.164991	0.159075	0.159001	0.163142	0.20321	0.165017	0.177671	0.163058	0.174007	0.179657	0.177471	0.169239	0.169291	0.152899	0.169509	0.182552	0.15699	0.157218	0.159077	0.165136	0.152889	0.163155	0.159039	0.163093	0.158994	0.150895	0.148814	0.148815	0.148815	0.163353	0.159335	0.161422	0.159112	0.15913	0.167412	0.161121	0.167327	0.153231	0.153089	0.157428	0.17341	0.161378	0.153187	0.171197	0.152061	0.145457	0.157461	0.163821	0.163706	0.167624	0.154386	0.141831	0.131583	0.107225	0.126822	0.133236
Ceyx_cyanopectus	0.114937	0.122057	0.124096	0.151898	0.117797	0.115793	0.160564	0.173217	0.165465	0.181748	0.180903	0.158827	0.159825	0.173579	0.122972	0.119503	0.15016	0.143856	0.145901	0.139699	0.141715	0.13969	0.13769	0.13769	0.121739	0.132357	0.111353	0.132108	0.138303	0.133712	0.12968	0.127584	0.121446	0.123475	0.125521	0.12347	0.150402	0.150319	0.150927	0.143898	0.146209	0.217682	0.117322	0.119345	0.140101	0.127492	0.127467	0.127432	0.125399	0.127402	0.115284	0.117296	0.115281	0.113266	0.119508	0.124	0.145733	0.136653	0.139245	0.133116	0.130583	0.138393	0.176693	0.141956	0.148678	0.161203	0.13693	0.155539	0.155108	0.158533	0.167843	0.155347	0.161372	0.146907	0.162127	0.150403	0.14084	0.144913	0.13243	0.115455	0.115441	0.127833	0.136194	0.137878	0.154514	0.133773	0.127618	0.135659	0.141673	0.141827	0.123577	0.121769	0.12969	0.125772	0.129886	0.131905	0.201483	0.19238	0.186978	0.161527	0.150644	0.142498	0.152273	0.149496	0.149721	0.121731	0.14107	0.127973	0.129972	0.166894	0.165065	0.140821	0.128415	0.213552	0.21649	0.137184	0.157226	0.135142	0.155492	0.123853	0	0.0875984	0.100512	0.159431	0.15254	0.171441	0.173759	0.187816	0.181211	0.178028	0.188195	0.173925	0.105292	0.117687	0.128191	0.115343	0.111321	0.111321	0.117362	0.115336	0.123906	0.119583	0.117581	0.160093	0.161373	0.148228	0.166199	0.184175	0.187076	0.188758	0.172617	0.162373	0.158374	0.177249	0.179046	0.170771	0.143948	0.162321	0.158338	0.156179	0.148052	0.160215	0.168459	0.168436	0.17275	0.180993	0.162264	0.175754	0.189419	0.191495	0.178665	0.208403	0.197931	0.198459	0.191092	0.18491	0.199716	0.174266	0.184615	0.186641	0.190985	0.176207	0.190486	0.188617	0.196737	0.184294	0.211121	0.190251	0.19778	0.194492	0.206715	0.211026	0.211145	0.20353	0.209637	0.21598	0.201512	0.207541	0.212106	0.209687	0.209644	0.197508	0.195416	0.203675	0.203588	0.204702	0.196644	0.198732	0.188431	0.194618	0.208656	0.20253	0.194304	0.216801	0.21044	0.208478	0.210499	0.208405	0.212401	0.218527	0.218493	0.214474	0.218645	0.21861	0.210403	0.222256	0.214421	0.212363	0.21235	0.218528	0.204329	0.216938	0.206481	0.204391	0.198334	0.198332	0.222949	0.186174	0.20452	0.202519	0.196379	0.199622	0.20162	0.198768	0.19676	0.182203	0.192396	0.213376	0.219865	0.188361	0.200685	0.223467	0.208689	0.212729	0.208579	0.192318	0.194398	0.21972	0.196443	0.194465	0.206909	0.194357	0.194333	0.196416	0.196313	0.202361	0.192388	0.194394	0.202514	0.188187	0.19226	0.186344	0.18627	0.190411	0.230479	0.192286	0.20494	0.190327	0.201276	0.206926	0.20474	0.196508	0.196559	0.180168	0.196778	0.209821	0.184259	0.184487	0.186346	0.192405	0.180158	0.190424	0.186308	0.190362	0.186263	0.178164	0.176083	0.176084	0.176084	0.190622	0.186604	0.188691	0.186381	0.186399	0.194681	0.18839	0.194596	0.1805	0.180357	0.184697	0.200679	0.188647	0.180456	0.198466	0.179329	0.172725	0.18473	0.19109	0.190975	0.194893	0.181655	0.1691	0.158852	0.134494	0.15409	0.160505
Chloroceryle_aenea	0.0831679	0.0902879	0.0923266	0.120128	0.0860272	0.0840234	0.128795	0.141447	0.133696	0.149979	0.149133	0.127057	0.128056	0.14181	0.0912028	0.0877338	0.11839	0.112087	0.114131	0.107929	0.109946	0.10792	0.105921	0.105921	0.0899696	0.100587	0.0795839	0.100338	0.106533	0.101943	0.0979103	0.0958148	0.089676	0.0917056	0.093751	0.0917009	0.118632	0.11855	0.119157	0.112129	0.114439	0.185912	0.0855523	0.0875749	0.108332	0.0957224	0.0956973	0.0956624	0.0936295	0.0956325	0.0835142	0.0855268	0.0835116	0.0814961	0.0877387	0.0922307	0.113963	0.104883	0.107475	0.101347	0.0988132	0.106624	0.144923	0.110187	0.116909	0.129433	0.10516	0.123769	0.123339	0.126763	0.136073	0.123577	0.129603	0.115137	0.130357	0.118634	0.10907	0.113143	0.10066	0.0836851	0.0836712	0.0960637	0.104424	0.106108	0.122744	0.102004	0.0958482	0.103889	0.109904	0.110058	0.0918074	0.0899991	0.09792	0.0940021	0.0981159	0.100135	0.169713	0.160611	0.155209	0.129757	0.118875	0.110729	0.120503	0.117726	0.117951	0.0899615	0.1093	0.096203	0.0982021	0.135124	0.133296	0.109052	0.0966454	0.181782	0.18472	0.105415	0.125457	0.103372	0.123722	0.092083	0.0875984	0	0.0687421	0.127662	0.120771	0.139672	0.141989	0.156046	0.149441	0.146259	0.156426	0.142155	0.073522	0.0859169	0.0964212	0.0835737	0.0795512	0.0795512	0.0855928	0.0835666	0.0921365	0.0878138	0.0858114	0.128323	0.129603	0.116458	0.134429	0.152406	0.155307	0.156988	0.140847	0.130604	0.126604	0.145479	0.147276	0.139001	0.112178	0.130551	0.126569	0.124409	0.116282	0.128445	0.136689	0.136667	0.14098	0.149224	0.130494	0.143984	0.15765	0.159726	0.146896	0.176634	0.166161	0.166689	0.159322	0.15314	0.167947	0.142496	0.152846	0.154872	0.159215	0.144438	0.158716	0.156848	0.164967	0.152525	0.179351	0.158481	0.16601	0.162722	0.174945	0.179256	0.179376	0.17176	0.177868	0.184211	0.169743	0.175772	0.180336	0.177917	0.177874	0.165738	0.163646	0.171906	0.171819	0.172932	0.164875	0.166962	0.156662	0.162849	0.176886	0.17076	0.162534	0.185032	0.178671	0.176708	0.178729	0.176635	0.180632	0.186758	0.186723	0.182704	0.186875	0.186841	0.178633	0.190487	0.182652	0.180594	0.180581	0.186758	0.17256	0.185169	0.174712	0.172621	0.166564	0.166563	0.19118	0.154404	0.17275	0.17075	0.16461	0.167853	0.169851	0.166998	0.16499	0.150433	0.160626	0.181607	0.188095	0.156591	0.168915	0.191697	0.17692	0.18096	0.176809	0.160549	0.162628	0.18795	0.164673	0.162696	0.17514	0.162587	0.162563	0.164646	0.164543	0.170591	0.160618	0.162624	0.170744	0.156418	0.160491	0.154575	0.154501	0.158641	0.198709	0.160517	0.17317	0.158557	0.169506	0.175157	0.172971	0.164738	0.16479	0.148399	0.165009	0.178051	0.15249	0.152717	0.154576	0.160635	0.148388	0.158654	0.154539	0.158592	0.154493	0.146394	0.144313	0.144314	0.144314	0.158852	0.154834	0.156921	0.154611	0.15463	0.162911	0.15662	0.162827	0.14873	0.148588	0.152927	0.168909	0.156877	0.148686	0.166697	0.14756	0.140956	0.15296	0.159321	0.159205	0.163123	0.149885	0.137331	0.127083	0.102724	0.122321	0.128736
Halcyon_senegalensis	0.0949867	0.102107	0.104145	0.131947	0.097846	0.0958423	0.140614	0.153266	0.145515	0.161798	0.160952	0.138876	0.139875	0.153629	0.103022	0.0995526	0.130209	0.123905	0.12595	0.119748	0.121765	0.119739	0.11774	0.11774	0.101788	0.112406	0.0914027	0.112157	0.118352	0.113762	0.109729	0.107634	0.101495	0.103524	0.10557	0.10352	0.130451	0.130369	0.130976	0.123947	0.126258	0.197731	0.0973712	0.0993938	0.12015	0.107541	0.107516	0.107481	0.105448	0.107451	0.0953331	0.0973457	0.0953304	0.0933149	0.0995575	0.10405	0.125782	0.116702	0.119294	0.113166	0.110632	0.118442	0.156742	0.122005	0.128728	0.141252	0.116979	0.135588	0.135157	0.138582	0.147892	0.135396	0.141422	0.126956	0.142176	0.130453	0.120889	0.124962	0.112479	0.095504	0.09549	0.107882	0.116243	0.117927	0.134563	0.113822	0.107667	0.115708	0.121723	0.121877	0.103626	0.101818	0.109739	0.105821	0.109935	0.111954	0.181532	0.172429	0.167028	0.141576	0.130693	0.122548	0.132322	0.129545	0.12977	0.10178	0.121119	0.108022	0.110021	0.146943	0.145114	0.12087	0.108464	0.193601	0.196539	0.117233	0.137276	0.115191	0.135541	0.103902	0.100512	0.0687421	0	0.139481	0.132589	0.151491	0.153808	0.167865	0.16126	0.158078	0.168245	0.153974	0.0853409	0.0977358	0.10824	0.0953925	0.09137	0.09137	0.0974117	0.0953854	0.103955	0.0996326	0.0976303	0.140142	0.141422	0.128277	0.146248	0.164224	0.167125	0.168807	0.152666	0.142423	0.138423	0.157298	0.159095	0.15082	0.123997	0.14237	0.138387	0.136228	0.128101	0.140264	0.148508	0.148486	0.152799	0.161043	0.142313	0.155803	0.169468	0.171545	0.158715	0.188453	0.17798	0.178508	0.171141	0.164959	0.179766	0.154315	0.164665	0.166691	0.171034	0.156256	0.170535	0.168667	0.176786	0.164344	0.19117	0.1703	0.177829	0.174541	0.186764	0.191075	0.191194	0.183579	0.189687	0.19603	0.181561	0.18759	0.192155	0.189736	0.189693	0.177557	0.175465	0.183725	0.183638	0.184751	0.176693	0.178781	0.168481	0.174668	0.188705	0.182579	0.174353	0.196851	0.19049	0.188527	0.190548	0.188454	0.192451	0.198577	0.198542	0.194523	0.198694	0.19866	0.190452	0.202306	0.19447	0.192412	0.1924	0.198577	0.184378	0.196987	0.18653	0.18444	0.178383	0.178382	0.202998	0.166223	0.184569	0.182568	0.176429	0.179672	0.18167	0.178817	0.176809	0.162252	0.172445	0.193425	0.199914	0.16841	0.180734	0.203516	0.188738	0.192779	0.188628	0.172367	0.174447	0.199769	0.176492	0.174514	0.186958	0.174406	0.174382	0.176465	0.176362	0.18241	0.172437	0.174443	0.182563	0.168237	0.172309	0.166393	0.166319	0.17046	0.210528	0.172335	0.184989	0.170376	0.181325	0.186975	0.184789	0.176557	0.176609	0.160217	0.176827	0.18987	0.164308	0.164536	0.166395	0.172454	0.160207	0.170473	0.166357	0.170411	0.166312	0.158213	0.156132	0.156133	0.156133	0.170671	0.166653	0.16874	0.16643	0.166448	0.17473	0.168439	0.174645	0.160549	0.160407	0.164746	0.180728	0.168696	0.160505	0.178516	0.159379	0.152775	0.164779	0.171139	0.171024	0.174942	0.161704	0.149149	0.138901	0.114543	0.13414	0.140555
Bucco_capensis	0.104072	0.111192	0.113231	0.141033	0.106931	0.104928	0.149699	0.162351	0.1546	0.170883	0.170037	0.147961	0.14896	0.162714	0.112107	0.108638	0.139294	0.132991	0.135035	0.128834	0.13085	0.128825	0.126825	0.126825	0.110874	0.121492	0.100488	0.121243	0.127438	0.122847	0.118815	0.116719	0.11058	0.11261	0.114655	0.112605	0.139536	0.139454	0.140061	0.133033	0.135343	0.206816	0.106457	0.108479	0.129236	0.116627	0.116602	0.116567	0.114534	0.116537	0.104418	0.106431	0.104416	0.1024	0.108643	0.113135	0.134867	0.125787	0.128379	0.122251	0.119717	0.127528	0.165828	0.131091	0.137813	0.150337	0.126065	0.144673	0.144243	0.147668	0.156978	0.144481	0.150507	0.136041	0.151261	0.139538	0.129974	0.134048	0.121564	0.104589	0.104575	0.116968	0.125328	0.127013	0.143648	0.122908	0.116752	0.124793	0.130808	0.130962	0.112712	0.110903	0.118824	0.114906	0.11902	0.121039	0.190617	0.181515	0.176113	0.150661	0.139779	0.131633	0.141407	0.13863	0.138855	0.110866	0.130204	0.117107	0.119106	0.156029	0.1542	0.129956	0.11755	0.202687	0.205625	0.134396	0.154439	0.132354	0.161199	0.132163	0.159431	0.127662	0.139481	0	0.107447	0.156345	0.158663	0.172719	0.166114	0.162932	0.173099	0.158829	0.0944263	0.106821	0.117325	0.104478	0.100455	0.100455	0.106497	0.104471	0.113041	0.108718	0.106716	0.149228	0.150508	0.137362	0.155333	0.17331	0.176211	0.177893	0.161751	0.151508	0.147509	0.166383	0.16818	0.159905	0.133083	0.151455	0.147473	0.145314	0.137187	0.14935	0.157594	0.157571	0.161884	0.170128	0.151398	0.164888	0.178554	0.18063	0.1678	0.197538	0.187066	0.187594	0.180226	0.174044	0.188851	0.163401	0.17375	0.175776	0.180119	0.165342	0.179621	0.177752	0.185872	0.173429	0.200255	0.179385	0.186914	0.183627	0.195849	0.20016	0.20028	0.192664	0.198772	0.205115	0.190647	0.196676	0.201241	0.198821	0.198778	0.186643	0.18455	0.19281	0.192723	0.193836	0.185779	0.187867	0.177566	0.183753	0.197791	0.191664	0.183439	0.205936	0.199575	0.197613	0.199634	0.197539	0.201536	0.207662	0.207627	0.203609	0.20778	0.207745	0.199538	0.211391	0.203556	0.201498	0.201485	0.207662	0.193464	0.206073	0.195616	0.193525	0.187469	0.187467	0.212084	0.175308	0.193655	0.191654	0.185514	0.188757	0.190755	0.187902	0.185895	0.171338	0.18153	0.202511	0.208999	0.177496	0.18982	0.212601	0.197824	0.201864	0.197714	0.181453	0.183532	0.208854	0.185577	0.1836	0.196044	0.183492	0.183468	0.185551	0.185448	0.191495	0.181523	0.183528	0.191649	0.177322	0.181395	0.175479	0.175405	0.179546	0.219613	0.181421	0.194075	0.179461	0.190411	0.196061	0.193875	0.185643	0.185694	0.169303	0.185913	0.198955	0.173394	0.173622	0.17548	0.18154	0.169293	0.179559	0.175443	0.179497	0.175397	0.167298	0.165217	0.165218	0.165218	0.179756	0.175738	0.177825	0.175515	0.175534	0.183816	0.177525	0.183731	0.169635	0.169492	0.173831	0.189814	0.177781	0.16959	0.187601	0.168464	0.16186	0.173864	0.180225	0.180109	0.184027	0.170789	0.158235	0.147987	0.123628	0.143225	0.14964
Galbula_dea	0.097181	0.104301	0.10634	0.134141	0.10004	0.0980365	0.142808	0.15546	0.147709	0.163992	0.163146	0.14107	0.142069	0.155823	0.105216	0.101747	0.132403	0.1261	0.128144	0.121943	0.123959	0.121934	0.119934	0.119934	0.103983	0.1146	0.093597	0.114351	0.120546	0.115956	0.111923	0.109828	0.103689	0.105719	0.107764	0.105714	0.132645	0.132563	0.13317	0.126142	0.128452	0.199925	0.0995655	0.101588	0.122345	0.109735	0.10971	0.109675	0.107643	0.109646	0.0975274	0.0995399	0.0975247	0.0955092	0.101752	0.106244	0.127976	0.118896	0.121488	0.11536	0.112826	0.120637	0.158936	0.1242	0.130922	0.143446	0.119173	0.137782	0.137352	0.140777	0.150087	0.13759	0.143616	0.12915	0.14437	0.132647	0.123083	0.127157	0.114673	0.0976983	0.0976843	0.110077	0.118437	0.120121	0.136757	0.116017	0.109861	0.117902	0.123917	0.124071	0.105821	0.104012	0.111933	0.108015	0.112129	0.114148	0.183726	0.174624	0.169222	0.14377	0.132888	0.124742	0.134516	0.131739	0.131964	0.103975	0.123313	0.110216	0.112215	0.149137	0.147309	0.123065	0.110659	0.195796	0.198733	0.127505	0.147547	0.125463	0.154308	0.125271	0.15254	0.120771	0.132589	0.107447	0	0.149454	0.151772	0.165828	0.159223	0.156041	0.166208	0.151938	0.0875352	0.09993	0.110434	0.0975868	0.0935643	0.0935643	0.099606	0.0975797	0.10615	0.101827	0.0998245	0.142336	0.143617	0.130471	0.148442	0.166419	0.16932	0.171002	0.15486	0.144617	0.140618	0.159492	0.161289	0.153014	0.126191	0.144564	0.140582	0.138422	0.130295	0.142458	0.150702	0.15068	0.154993	0.163237	0.144507	0.157997	0.171663	0.173739	0.160909	0.190647	0.180174	0.180703	0.173335	0.167153	0.18196	0.15651	0.166859	0.168885	0.173228	0.158451	0.172729	0.170861	0.178981	0.166538	0.193364	0.172494	0.180023	0.176736	0.188958	0.193269	0.193389	0.185773	0.191881	0.198224	0.183756	0.189785	0.194349	0.19193	0.191887	0.179751	0.177659	0.185919	0.185832	0.186945	0.178888	0.180976	0.170675	0.176862	0.190899	0.184773	0.176548	0.199045	0.192684	0.190722	0.192742	0.190648	0.194645	0.200771	0.200736	0.196718	0.200889	0.200854	0.192646	0.2045	0.196665	0.194607	0.194594	0.200771	0.186573	0.199182	0.188725	0.186634	0.180578	0.180576	0.205193	0.168417	0.186763	0.184763	0.178623	0.181866	0.183864	0.181011	0.179003	0.164446	0.174639	0.19562	0.202108	0.170604	0.182929	0.20571	0.190933	0.194973	0.190822	0.174562	0.176641	0.201963	0.178686	0.176709	0.189153	0.1766	0.176576	0.178659	0.178557	0.184604	0.174631	0.176637	0.184758	0.170431	0.174504	0.168588	0.168514	0.172655	0.212722	0.17453	0.187184	0.17257	0.18352	0.18917	0.186984	0.178751	0.178803	0.162412	0.179022	0.192064	0.166503	0.166731	0.168589	0.174649	0.162402	0.172667	0.168552	0.172606	0.168506	0.160407	0.158326	0.158327	0.158327	0.172865	0.168847	0.170934	0.168624	0.168643	0.176924	0.170634	0.17684	0.162744	0.162601	0.16694	0.182923	0.17089	0.162699	0.18071	0.161573	0.154969	0.166973	0.173334	0.173218	0.177136	0.163898	0.151344	0.141096	0.116737	0.136334	0.142749
Picoides_pubescens	0.116082	0.123202	0.125241	0.153043	0.118942	0.116938	0.161709	0.174362	0.16661	0.182893	0.182047	0.159972	0.16097	0.174724	0.124117	0.120648	0.151305	0.145001	0.147045	0.140844	0.14286	0.140835	0.138835	0.138835	0.122884	0.133502	0.112498	0.133253	0.139448	0.134857	0.130825	0.128729	0.12259	0.12462	0.126665	0.124615	0.151546	0.151464	0.152072	0.145043	0.147354	0.218826	0.118467	0.120489	0.141246	0.128637	0.128612	0.128577	0.126544	0.128547	0.116429	0.118441	0.116426	0.114411	0.120653	0.125145	0.146877	0.137798	0.140389	0.134261	0.131728	0.139538	0.177838	0.143101	0.149823	0.162348	0.138075	0.156684	0.156253	0.159678	0.168988	0.156492	0.162517	0.148051	0.163272	0.151548	0.141985	0.146058	0.133575	0.1166	0.116586	0.128978	0.137339	0.139023	0.155658	0.134918	0.128763	0.136803	0.142818	0.142972	0.124722	0.122914	0.130834	0.126917	0.13103	0.133049	0.202627	0.193525	0.188123	0.162671	0.151789	0.143643	0.153418	0.15064	0.150866	0.122876	0.142215	0.129117	0.131117	0.168039	0.16621	0.141966	0.12956	0.214697	0.217635	0.146406	0.166449	0.144364	0.173209	0.144173	0.171441	0.139672	0.151491	0.156345	0.149454	0	0.0454935	0.11005	0.103445	0.100263	0.11043	0.0961591	0.106436	0.118831	0.129336	0.116488	0.112466	0.112466	0.118507	0.116481	0.125051	0.120728	0.118726	0.161238	0.162518	0.149372	0.167343	0.18532	0.188221	0.189903	0.173762	0.163518	0.159519	0.178394	0.18019	0.171915	0.145093	0.163466	0.159483	0.157324	0.149197	0.16136	0.169604	0.169581	0.173894	0.182138	0.163409	0.176899	0.190564	0.19264	0.17981	0.209548	0.199076	0.199604	0.192237	0.186054	0.200861	0.175411	0.18576	0.187786	0.19213	0.177352	0.191631	0.189762	0.197882	0.185439	0.212265	0.191395	0.198925	0.195637	0.20786	0.212171	0.21229	0.204674	0.210782	0.217125	0.202657	0.208686	0.213251	0.210832	0.210788	0.198653	0.19656	0.20482	0.204733	0.205847	0.197789	0.199877	0.189576	0.195763	0.209801	0.203675	0.195449	0.217946	0.211585	0.209623	0.211644	0.20955	0.213546	0.219672	0.219638	0.215619	0.21979	0.219755	0.211548	0.223401	0.215566	0.213508	0.213495	0.219672	0.205474	0.218083	0.207626	0.205535	0.199479	0.199477	0.224094	0.187318	0.205665	0.203664	0.197524	0.200767	0.202765	0.199912	0.197905	0.183348	0.19354	0.214521	0.22101	0.189506	0.20183	0.224611	0.209834	0.213874	0.209724	0.193463	0.195543	0.220865	0.197587	0.19561	0.208054	0.195502	0.195478	0.197561	0.197458	0.203506	0.193533	0.195538	0.203659	0.189332	0.193405	0.187489	0.187415	0.191556	0.231623	0.193431	0.206085	0.191472	0.202421	0.208071	0.205885	0.197653	0.197704	0.181313	0.197923	0.210966	0.185404	0.185632	0.187491	0.19355	0.181303	0.191569	0.187453	0.191507	0.187408	0.179308	0.177228	0.177229	0.177229	0.191767	0.187749	0.189836	0.187525	0.187544	0.195826	0.189535	0.195741	0.181645	0.181502	0.185842	0.201824	0.189791	0.181601	0.199611	0.180474	0.17387	0.185875	0.192235	0.19212	0.196038	0.182799	0.170245	0.159997	0.135638	0.155235	0.16165
Indicator_maculatus	0.1184	0.12552	0.127558	0.15536	0.121259	0.119255	0.164027	0.176679	0.168928	0.185211	0.184365	0.162289	0.163288	0.177042	0.126435	0.122966	0.153622	0.147318	0.149363	0.143161	0.145178	0.143152	0.141153	0.141153	0.125201	0.135819	0.114816	0.13557	0.141765	0.137175	0.133142	0.131047	0.124908	0.126937	0.128983	0.126933	0.153864	0.153782	0.154389	0.14736	0.149671	0.221144	0.120784	0.122807	0.143563	0.130954	0.130929	0.130894	0.128861	0.130864	0.118746	0.120759	0.118743	0.116728	0.122971	0.127463	0.149195	0.140115	0.142707	0.136579	0.134045	0.141855	0.180155	0.145418	0.152141	0.164665	0.140392	0.159001	0.15857	0.161995	0.171305	0.158809	0.164835	0.150369	0.165589	0.153866	0.144302	0.148375	0.135892	0.118917	0.118903	0.131295	0.139656	0.14134	0.157976	0.137235	0.13108	0.139121	0.145136	0.14529	0.127039	0.125231	0.133152	0.129234	0.133348	0.135367	0.204945	0.195842	0.190441	0.164989	0.154106	0.145961	0.155735	0.152958	0.153183	0.125193	0.144532	0.131435	0.133434	0.170356	0.168527	0.144283	0.131877	0.217014	0.219952	0.148724	0.168766	0.146682	0.175526	0.14649	0.173759	0.141989	0.153808	0.158663	0.151772	0.0454935	0	0.112367	0.105762	0.10258	0.112747	0.0984765	0.108754	0.121149	0.131653	0.118805	0.114783	0.114783	0.120825	0.118798	0.127368	0.123046	0.121043	0.163555	0.164835	0.15169	0.169661	0.187637	0.190538	0.19222	0.176079	0.165836	0.161836	0.180711	0.182508	0.174233	0.14741	0.165783	0.1618	0.159641	0.151514	0.163677	0.171921	0.171899	0.176212	0.184456	0.165726	0.179216	0.192881	0.194958	0.182128	0.211866	0.201393	0.201921	0.194554	0.188372	0.203179	0.177728	0.188078	0.190104	0.194447	0.179669	0.193948	0.19208	0.200199	0.187757	0.214583	0.193713	0.201242	0.197954	0.210177	0.214488	0.214607	0.206992	0.2131	0.219443	0.204974	0.211003	0.215568	0.213149	0.213106	0.20097	0.198878	0.207138	0.207051	0.208164	0.200106	0.202194	0.191894	0.198081	0.212118	0.205992	0.197766	0.220264	0.213903	0.21194	0.213961	0.211867	0.215864	0.22199	0.221955	0.217936	0.222107	0.222073	0.213865	0.225719	0.217883	0.215825	0.215813	0.22199	0.207791	0.2204	0.209943	0.207853	0.201796	0.201795	0.226411	0.189636	0.207982	0.205981	0.199842	0.203085	0.205083	0.20223	0.200222	0.185665	0.195858	0.216838	0.223327	0.191823	0.204147	0.226929	0.212151	0.216192	0.212041	0.19578	0.19786	0.223182	0.199905	0.197927	0.210371	0.197819	0.197795	0.199878	0.199775	0.205823	0.19585	0.197856	0.205976	0.19165	0.195722	0.189806	0.189732	0.193873	0.233941	0.195748	0.208402	0.193789	0.204738	0.210388	0.208202	0.19997	0.200022	0.18363	0.20024	0.213283	0.187721	0.187949	0.189808	0.195867	0.18362	0.193886	0.18977	0.193824	0.189725	0.181626	0.179545	0.179546	0.179546	0.194084	0.190066	0.192153	0.189843	0.189861	0.198143	0.191852	0.198058	0.183962	0.18382	0.188159	0.204141	0.192109	0.183918	0.201929	0.182792	0.176188	0.188192	0.194552	0.194437	0.198355	0.185117	0.172562	0.162314	0.137956	0.157553	0.163968
Psilopogon_haemacephalus	0.132456	0.139576	0.141615	0.169417	0.135316	0.133312	0.178083	0.190736	0.182984	0.199267	0.198421	0.176346	0.177344	0.191098	0.140491	0.137022	0.167679	0.161375	0.163419	0.157218	0.159234	0.157209	0.155209	0.155209	0.139258	0.149876	0.128872	0.149627	0.155822	0.151231	0.147199	0.145103	0.138964	0.140994	0.14304	0.140989	0.16792	0.167838	0.168446	0.161417	0.163728	0.2352	0.134841	0.136863	0.15762	0.145011	0.144986	0.144951	0.142918	0.144921	0.132803	0.134815	0.1328	0.130785	0.137027	0.141519	0.163251	0.154172	0.156764	0.150635	0.148102	0.155912	0.194212	0.159475	0.166197	0.178722	0.154449	0.173058	0.172627	0.176052	0.185362	0.172866	0.178891	0.164425	0.179646	0.167922	0.158359	0.162432	0.149949	0.132974	0.13296	0.145352	0.153713	0.155397	0.172032	0.151292	0.145137	0.153177	0.159192	0.159346	0.141096	0.139288	0.147208	0.143291	0.147404	0.149423	0.219001	0.209899	0.204497	0.179045	0.168163	0.160017	0.169792	0.167014	0.16724	0.13925	0.158589	0.145491	0.147491	0.184413	0.182584	0.15834	0.145934	0.231071	0.234009	0.162781	0.182823	0.160738	0.189583	0.160547	0.187816	0.156046	0.167865	0.172719	0.165828	0.11005	0.112367	0	0.0743634	0.0711811	0.0813482	0.0670776	0.12281	0.135205	0.14571	0.132862	0.12884	0.12884	0.134881	0.132855	0.141425	0.137102	0.1351	0.177612	0.178892	0.165746	0.183717	0.201694	0.204595	0.206277	0.190136	0.179892	0.175893	0.194768	0.196564	0.18829	0.161467	0.17984	0.175857	0.173698	0.165571	0.177734	0.185978	0.185955	0.190268	0.198512	0.179783	0.193273	0.206938	0.209014	0.196184	0.225922	0.21545	0.215978	0.208611	0.202429	0.217235	0.191785	0.202134	0.20416	0.208504	0.193726	0.208005	0.206136	0.214256	0.201813	0.22864	0.207769	0.215299	0.212011	0.224234	0.228545	0.228664	0.221048	0.227156	0.233499	0.219031	0.22506	0.229625	0.227206	0.227162	0.215027	0.212934	0.221194	0.221107	0.222221	0.214163	0.216251	0.20595	0.212137	0.226175	0.220049	0.211823	0.23432	0.227959	0.225997	0.228018	0.225924	0.22992	0.236046	0.236012	0.231993	0.236164	0.236129	0.227922	0.239775	0.23194	0.229882	0.229869	0.236046	0.221848	0.234457	0.224	0.221909	0.215853	0.215851	0.240468	0.203692	0.222039	0.220038	0.213898	0.217141	0.219139	0.216286	0.214279	0.199722	0.209914	0.230895	0.237384	0.20588	0.218204	0.240985	0.226208	0.230248	0.226098	0.209837	0.211917	0.237239	0.213961	0.211984	0.224428	0.211876	0.211852	0.213935	0.213832	0.21988	0.209907	0.211913	0.220033	0.205706	0.209779	0.203863	0.203789	0.20793	0.247997	0.209805	0.222459	0.207846	0.218795	0.224445	0.222259	0.214027	0.214078	0.197687	0.214297	0.22734	0.201778	0.202006	0.203865	0.209924	0.197677	0.207943	0.203827	0.207881	0.203782	0.195683	0.193602	0.193603	0.193603	0.208141	0.204123	0.20621	0.203899	0.203918	0.2122	0.205909	0.212115	0.198019	0.197876	0.202216	0.218198	0.206165	0.197975	0.215985	0.196848	0.190244	0.202249	0.208609	0.208494	0.212412	0.199173	0.186619	0.176371	0.152013	0.171609	0.178024
Tricholaema_leucomelas	0.125851	0.132971	0.13501	0.162812	0.128711	0.126707	0.171478	0.184131	0.176379	0.192662	0.191817	0.169741	0.170739	0.184493	0.133886	0.130417	0.161074	0.15477	0.156815	0.150613	0.152629	0.150604	0.148604	0.148604	0.132653	0.143271	0.122267	0.143022	0.149217	0.144626	0.140594	0.138498	0.13236	0.134389	0.136435	0.134384	0.161316	0.161233	0.161841	0.154812	0.157123	0.228596	0.128236	0.130259	0.151015	0.138406	0.138381	0.138346	0.136313	0.138316	0.126198	0.12821	0.126195	0.12418	0.130422	0.134914	0.156647	0.147567	0.150159	0.14403	0.141497	0.149307	0.187607	0.15287	0.159592	0.172117	0.147844	0.166453	0.166022	0.169447	0.178757	0.166261	0.172286	0.157821	0.173041	0.161317	0.151754	0.155827	0.143344	0.126369	0.126355	0.138747	0.147108	0.148792	0.165428	0.144687	0.138532	0.146572	0.152587	0.152741	0.134491	0.132683	0.140604	0.136686	0.1408	0.142818	0.212397	0.203294	0.197892	0.172441	0.161558	0.153412	0.163187	0.16041	0.160635	0.132645	0.151984	0.138887	0.140886	0.177808	0.175979	0.151735	0.139329	0.224466	0.227404	0.156176	0.176218	0.154133	0.182978	0.153942	0.181211	0.149441	0.16126	0.166114	0.159223	0.103445	0.105762	0.0743634	0	0.0614554	0.0716226	0.057352	0.116206	0.128601	0.139105	0.126257	0.122235	0.122235	0.128276	0.12625	0.13482	0.130497	0.128495	0.171007	0.172287	0.159142	0.177113	0.195089	0.19799	0.199672	0.183531	0.173287	0.169288	0.188163	0.18996	0.181685	0.154862	0.173235	0.169252	0.167093	0.158966	0.171129	0.179373	0.17935	0.183664	0.191907	0.173178	0.186668	0.200333	0.202409	0.189579	0.219317	0.208845	0.209373	0.202006	0.195824	0.21063	0.18518	0.195529	0.197555	0.201899	0.187121	0.2014	0.199531	0.207651	0.195208	0.222035	0.201164	0.208694	0.205406	0.217629	0.22194	0.222059	0.214444	0.220551	0.226894	0.212426	0.218455	0.22302	0.220601	0.220558	0.208422	0.20633	0.214589	0.214502	0.215616	0.207558	0.209646	0.199345	0.205532	0.21957	0.213444	0.205218	0.227715	0.221354	0.219392	0.221413	0.219319	0.223315	0.229441	0.229407	0.225388	0.229559	0.229524	0.221317	0.23317	0.225335	0.223277	0.223264	0.229442	0.215243	0.227852	0.217395	0.215305	0.209248	0.209246	0.233863	0.197088	0.215434	0.213433	0.207293	0.210536	0.212534	0.209682	0.207674	0.193117	0.20331	0.22429	0.230779	0.199275	0.211599	0.23438	0.219603	0.223643	0.219493	0.203232	0.205312	0.230634	0.207357	0.205379	0.217823	0.205271	0.205247	0.20733	0.207227	0.213275	0.203302	0.205308	0.213428	0.199101	0.203174	0.197258	0.197184	0.201325	0.241393	0.2032	0.215854	0.201241	0.21219	0.21784	0.215654	0.207422	0.207473	0.191082	0.207692	0.220735	0.195173	0.195401	0.19726	0.203319	0.191072	0.201338	0.197222	0.201276	0.197177	0.189078	0.186997	0.186998	0.186998	0.201536	0.197518	0.199605	0.197295	0.197313	0.205595	0.199304	0.20551	0.191414	0.191271	0.195611	0.211593	0.199561	0.19137	0.20938	0.190243	0.183639	0.195644	0.202004	0.201889	0.205807	0.192568	0.180014	0.169766	0.145408	0.165004	0.171419
Eubucco_bourcierii	0.122669	0.129789	0.131828	0.15963	0.125528	0.123525	0.168296	0.180948	0.173197	0.18948	0.188634	0.166558	0.167557	0.181311	0.130704	0.127235	0.157891	0.151588	0.153632	0.147431	0.149447	0.147422	0.145422	0.145422	0.129471	0.140089	0.119085	0.13984	0.146035	0.141444	0.137412	0.135316	0.129177	0.131207	0.133252	0.131202	0.158133	0.158051	0.158658	0.15163	0.15394	0.225413	0.125054	0.127076	0.147833	0.135224	0.135199	0.135164	0.133131	0.135134	0.123016	0.125028	0.123013	0.120997	0.12724	0.131732	0.153464	0.144384	0.146976	0.140848	0.138314	0.146125	0.184425	0.149688	0.15641	0.168935	0.144662	0.16327	0.16284	0.166265	0.175575	0.163078	0.169104	0.154638	0.169858	0.158135	0.148571	0.152645	0.140161	0.123186	0.123172	0.135565	0.143926	0.14561	0.162245	0.141505	0.13535	0.14339	0.149405	0.149559	0.131309	0.1295	0.137421	0.133503	0.137617	0.139636	0.209214	0.200112	0.19471	0.169258	0.158376	0.15023	0.160004	0.157227	0.157452	0.129463	0.148801	0.135704	0.137703	0.174626	0.172797	0.148553	0.136147	0.221284	0.224222	0.152993	0.173036	0.150951	0.179796	0.15076	0.178028	0.146259	0.158078	0.162932	0.156041	0.100263	0.10258	0.0711811	0.0614554	0	0.038425	0.0241592	0.113023	0.125418	0.135922	0.123075	0.119052	0.119052	0.125094	0.123068	0.131638	0.127315	0.125313	0.167825	0.169105	0.155959	0.17393	0.191907	0.194808	0.19649	0.180349	0.170105	0.166106	0.18498	0.186777	0.178502	0.15168	0.170052	0.16607	0.163911	0.155784	0.167947	0.176191	0.176168	0.180481	0.188725	0.169995	0.183485	0.197151	0.199227	0.186397	0.216135	0.205663	0.206191	0.198823	0.192641	0.207448	0.181998	0.192347	0.194373	0.198716	0.183939	0.198218	0.196349	0.204469	0.192026	0.218852	0.197982	0.205511	0.202224	0.214446	0.218757	0.218877	0.211261	0.217369	0.223712	0.209244	0.215273	0.219838	0.217419	0.217375	0.20524	0.203147	0.211407	0.21132	0.212433	0.204376	0.206464	0.196163	0.20235	0.216388	0.210261	0.202036	0.224533	0.218172	0.21621	0.218231	0.216136	0.220133	0.226259	0.226224	0.222206	0.226377	0.226342	0.218135	0.229988	0.222153	0.220095	0.220082	0.226259	0.212061	0.22467	0.214213	0.212122	0.206066	0.206064	0.230681	0.193905	0.212252	0.210251	0.204111	0.207354	0.209352	0.206499	0.204492	0.189935	0.200127	0.221108	0.227596	0.196093	0.208417	0.231198	0.216421	0.220461	0.216311	0.20005	0.202129	0.227451	0.204174	0.202197	0.214641	0.202089	0.202065	0.204148	0.204045	0.210092	0.20012	0.202125	0.210246	0.195919	0.199992	0.194076	0.194002	0.198143	0.23821	0.200018	0.212672	0.198058	0.209008	0.214658	0.212472	0.20424	0.204291	0.1879	0.20451	0.217552	0.191991	0.192219	0.194077	0.200137	0.18789	0.198156	0.19404	0.198094	0.193994	0.185895	0.183814	0.183815	0.183815	0.198353	0.194335	0.196422	0.194112	0.194131	0.202413	0.196122	0.202328	0.188232	0.188089	0.192428	0.208411	0.196378	0.188187	0.206198	0.187061	0.180457	0.192461	0.198822	0.198706	0.202624	0.189386	0.176832	0.166584	0.142225	0.161822	0.168237
Semnornis_frantzii	0.132836	0.139956	0.141995	0.169797	0.135696	0.133692	0.178463	0.191115	0.183364	0.199647	0.198801	0.176726	0.177724	0.191478	0.140871	0.137402	0.168059	0.161755	0.163799	0.157598	0.159614	0.157589	0.155589	0.155589	0.139638	0.150256	0.129252	0.150007	0.156202	0.151611	0.147579	0.145483	0.139344	0.141374	0.143419	0.141369	0.1683	0.168218	0.168826	0.161797	0.164107	0.23558	0.135221	0.137243	0.158	0.145391	0.145366	0.145331	0.143298	0.145301	0.133183	0.135195	0.13318	0.131164	0.137407	0.141899	0.163631	0.154552	0.157143	0.151015	0.148482	0.156292	0.194592	0.159855	0.166577	0.179102	0.154829	0.173438	0.173007	0.176432	0.185742	0.173246	0.179271	0.164805	0.180025	0.168302	0.158739	0.162812	0.150329	0.133354	0.13334	0.145732	0.154093	0.155777	0.172412	0.151672	0.145517	0.153557	0.159572	0.159726	0.141476	0.139668	0.147588	0.14367	0.147784	0.149803	0.219381	0.210279	0.204877	0.179425	0.168543	0.160397	0.170172	0.167394	0.16762	0.13963	0.158969	0.145871	0.14787	0.184793	0.182964	0.15872	0.146314	0.231451	0.234389	0.16316	0.183203	0.161118	0.189963	0.160927	0.188195	0.156426	0.168245	0.173099	0.166208	0.11043	0.112747	0.0813482	0.0716226	0.038425	0	0.0343263	0.12319	0.135585	0.14609	0.133242	0.12922	0.12922	0.135261	0.133235	0.141805	0.137482	0.13548	0.177992	0.179272	0.166126	0.184097	0.202074	0.204975	0.206657	0.190516	0.180272	0.176273	0.195147	0.196944	0.188669	0.161847	0.18022	0.176237	0.174078	0.165951	0.178114	0.186358	0.186335	0.190648	0.198892	0.180163	0.193653	0.207318	0.209394	0.196564	0.226302	0.21583	0.216358	0.208991	0.202808	0.217615	0.192165	0.202514	0.20454	0.208884	0.194106	0.208385	0.206516	0.214636	0.202193	0.229019	0.208149	0.215678	0.212391	0.224614	0.228925	0.229044	0.221428	0.227536	0.233879	0.219411	0.22544	0.230005	0.227586	0.227542	0.215407	0.213314	0.221574	0.221487	0.222601	0.214543	0.216631	0.20633	0.212517	0.226555	0.220429	0.212203	0.2347	0.228339	0.226377	0.228398	0.226304	0.2303	0.236426	0.236392	0.232373	0.236544	0.236509	0.228302	0.240155	0.23232	0.230262	0.230249	0.236426	0.222228	0.234837	0.22438	0.222289	0.216233	0.216231	0.240848	0.204072	0.222419	0.220418	0.214278	0.217521	0.219519	0.216666	0.214659	0.200102	0.210294	0.231275	0.237764	0.20626	0.218584	0.241365	0.226588	0.230628	0.226478	0.210217	0.212296	0.237619	0.214341	0.212364	0.224808	0.212256	0.212232	0.214315	0.214212	0.22026	0.210287	0.212292	0.220413	0.206086	0.210159	0.204243	0.204169	0.20831	0.248377	0.210185	0.222839	0.208226	0.219175	0.224825	0.222639	0.214407	0.214458	0.198067	0.214677	0.227719	0.202158	0.202386	0.204245	0.210304	0.198057	0.208323	0.204207	0.208261	0.204161	0.196062	0.193982	0.193983	0.193983	0.20852	0.204502	0.20659	0.204279	0.204298	0.21258	0.206289	0.212495	0.198399	0.198256	0.202596	0.218578	0.206545	0.198355	0.216365	0.197228	0.190624	0.202629	0.208989	0.208874	0.212792	0.199553	0.186999	0.176751	0.152392	0.171989	0.178404
Ramphastos_sulfuratus	0.118566	0.125686	0.127724	0.155526	0.121425	0.119421	0.164192	0.176845	0.169093	0.185377	0.184531	0.162455	0.163454	0.177208	0.126601	0.123132	0.153788	0.147484	0.149529	0.143327	0.145344	0.143318	0.141319	0.141319	0.125367	0.135985	0.114982	0.135736	0.141931	0.137341	0.133308	0.131213	0.125074	0.127103	0.129149	0.127099	0.15403	0.153948	0.154555	0.147526	0.149837	0.22131	0.12095	0.122973	0.143729	0.13112	0.131095	0.13106	0.129027	0.13103	0.118912	0.120925	0.118909	0.116894	0.123136	0.127629	0.149361	0.140281	0.142873	0.136744	0.134211	0.142021	0.180321	0.145584	0.152307	0.164831	0.140558	0.159167	0.158736	0.162161	0.171471	0.158975	0.165001	0.150535	0.165755	0.154031	0.144468	0.148541	0.136058	0.119083	0.119069	0.131461	0.139822	0.141506	0.158142	0.137401	0.131246	0.139287	0.145302	0.145456	0.127205	0.125397	0.133318	0.1294	0.133514	0.135533	0.205111	0.196008	0.190607	0.165155	0.154272	0.146127	0.155901	0.153124	0.153349	0.125359	0.144698	0.131601	0.1336	0.170522	0.168693	0.144449	0.132043	0.21718	0.220118	0.14889	0.168932	0.146848	0.175692	0.146656	0.173925	0.142155	0.153974	0.158829	0.151938	0.0961591	0.0984765	0.0670776	0.057352	0.0241592	0.0343263	0	0.10892	0.121315	0.131819	0.118971	0.114949	0.114949	0.120991	0.118964	0.127534	0.123212	0.121209	0.163721	0.165001	0.151856	0.169827	0.187803	0.190704	0.192386	0.176245	0.166002	0.162002	0.180877	0.182674	0.174399	0.147576	0.165949	0.161966	0.159807	0.15168	0.163843	0.172087	0.172065	0.176378	0.184622	0.165892	0.179382	0.193047	0.195124	0.182294	0.212032	0.201559	0.202087	0.19472	0.188538	0.203345	0.177894	0.188243	0.19027	0.194613	0.179835	0.194114	0.192246	0.200365	0.187923	0.214749	0.193879	0.201408	0.19812	0.210343	0.214654	0.214773	0.207158	0.213265	0.219608	0.20514	0.211169	0.215734	0.213315	0.213272	0.201136	0.199044	0.207303	0.207217	0.20833	0.200272	0.20236	0.19206	0.198247	0.212284	0.206158	0.197932	0.22043	0.214069	0.212106	0.214127	0.212033	0.21603	0.222156	0.222121	0.218102	0.222273	0.222239	0.214031	0.225885	0.218049	0.215991	0.215979	0.222156	0.207957	0.220566	0.210109	0.208019	0.201962	0.201961	0.226577	0.189802	0.208148	0.206147	0.200008	0.203251	0.205249	0.202396	0.200388	0.185831	0.196024	0.217004	0.223493	0.191989	0.204313	0.227095	0.212317	0.216358	0.212207	0.195946	0.198026	0.223348	0.200071	0.198093	0.210537	0.197985	0.197961	0.200044	0.199941	0.205989	0.196016	0.198022	0.206142	0.191816	0.195888	0.189972	0.189898	0.194039	0.234107	0.195914	0.208568	0.193955	0.204904	0.210554	0.208368	0.200136	0.200188	0.183796	0.200406	0.213449	0.187887	0.188115	0.189974	0.196033	0.183786	0.194052	0.189936	0.19399	0.189891	0.181792	0.179711	0.179712	0.179712	0.19425	0.190232	0.192319	0.190009	0.190027	0.198309	0.192018	0.198224	0.184128	0.183986	0.188325	0.204307	0.192275	0.184084	0.202094	0.182958	0.176354	0.188358	0.194718	0.194603	0.198521	0.185283	0.172728	0.16248	0.138122	0.157719	0.164133
Cathartes_aura	0.041901	0.049021	0.0510598	0.0788635	0.0447623	0.0427586	0.0875299	0.100182	0.0924309	0.108714	0.107868	0.0857923	0.086791	0.100545	0.049938	0.046469	0.0771254	0.0708218	0.0728662	0.0666646	0.0686809	0.0666556	0.064656	0.064656	0.0487048	0.0593225	0.0383191	0.0590735	0.0652685	0.0606779	0.0566455	0.05455	0.0484112	0.0504407	0.0524862	0.0504361	0.0773672	0.0772849	0.0778924	0.0708638	0.0731743	0.144647	0.0442875	0.0463101	0.0670668	0.0544575	0.0544325	0.0543975	0.0523646	0.0543677	0.0422494	0.044262	0.0422468	0.0402313	0.0464738	0.0509659	0.0726981	0.0636184	0.0662102	0.0600819	0.0575483	0.0653587	0.103659	0.0689218	0.075644	0.0881684	0.0638955	0.0825043	0.0820738	0.0854986	0.0948086	0.0823124	0.0883379	0.0738722	0.0890922	0.0773688	0.0678053	0.0718786	0.0593953	0.0424203	0.0424063	0.0547988	0.0631594	0.0648435	0.0814791	0.0607387	0.0545834	0.0626241	0.0686389	0.0687929	0.0505426	0.0487343	0.0566552	0.0527373	0.0568511	0.0588701	0.128448	0.119346	0.113944	0.0884922	0.0776097	0.069464	0.0792383	0.0764611	0.0766864	0.0487025	0.0680413	0.0549441	0.0569432	0.0938654	0.0920366	0.0677926	0.0553865	0.140524	0.143461	0.0802566	0.100299	0.0782143	0.107059	0.0780228	0.105292	0.073522	0.0853409	0.0944263	0.0875352	0.106436	0.108754	0.12281	0.116206	0.113023	0.12319	0.10892	0	0.0406757	0.0511799	0.0383324	0.0343099	0.0343099	0.0403516	0.0383253	0.0468952	0.0425725	0.0405702	0.083082	0.0843622	0.0712167	0.0891877	0.107164	0.110065	0.111747	0.095606	0.0853625	0.0813632	0.100238	0.102035	0.0937598	0.066937	0.08531	0.0813274	0.079168	0.071041	0.0832041	0.0914481	0.0914256	0.0957388	0.103983	0.0852529	0.0987429	0.112408	0.114485	0.101654	0.131393	0.12092	0.121448	0.114081	0.107899	0.122705	0.0972551	0.107604	0.109631	0.113974	0.0991963	0.113475	0.111607	0.119726	0.107284	0.13411	0.11324	0.120769	0.117481	0.129704	0.134015	0.134134	0.126519	0.132626	0.138969	0.124501	0.13053	0.135095	0.132676	0.132633	0.120497	0.118405	0.126664	0.126578	0.127691	0.119633	0.121721	0.11142	0.117607	0.131645	0.125519	0.117293	0.13979	0.13343	0.131467	0.133488	0.131394	0.13539	0.141517	0.141482	0.137463	0.141634	0.1416	0.133392	0.145246	0.13741	0.135352	0.13534	0.141517	0.127318	0.139927	0.12947	0.12738	0.121323	0.121322	0.145938	0.109163	0.127509	0.125508	0.119369	0.122611	0.12461	0.121757	0.119749	0.105192	0.115385	0.136365	0.142854	0.11135	0.123674	0.146456	0.131678	0.135719	0.131568	0.115307	0.117387	0.142709	0.119432	0.117454	0.129898	0.117346	0.117322	0.119405	0.119302	0.12535	0.115377	0.117383	0.125503	0.111176	0.115249	0.109333	0.109259	0.1134	0.153468	0.115275	0.127929	0.113316	0.124265	0.129915	0.127729	0.119497	0.119548	0.103157	0.119767	0.13281	0.107248	0.107476	0.109335	0.115394	0.103147	0.113413	0.109297	0.113351	0.109252	0.101153	0.0990719	0.0990729	0.0990729	0.113611	0.109593	0.11168	0.10937	0.109388	0.11767	0.111379	0.117585	0.103489	0.103347	0.107686	0.123668	0.111636	0.103445	0.121455	0.102318	0.0957144	0.107719	0.114079	0.113964	0.117882	0.104644	0.0920893	0.0858157	0.0614572	0.081054	0.0874689
Sagittarius_serpentarius	0.0542959	0.0614159	0.0634547	0.0912583	0.0571572	0.0551535	0.0999247	0.112577	0.104826	0.121109	0.120263	0.0981872	0.0991859	0.11294	0.0623329	0.0588639	0.0895203	0.0832167	0.0852611	0.0790595	0.0810758	0.0790505	0.0770509	0.0770509	0.0610996	0.0717173	0.050714	0.0714684	0.0776633	0.0730728	0.0690404	0.0669449	0.0608061	0.0628356	0.0648811	0.062831	0.0897621	0.0896798	0.0902873	0.0832587	0.0855692	0.157042	0.0566824	0.058705	0.0794616	0.0668524	0.0668273	0.0667924	0.0647595	0.0667625	0.0546443	0.0566569	0.0546416	0.0526261	0.0588687	0.0633608	0.085093	0.0760133	0.0786051	0.0724767	0.0699432	0.0777536	0.116053	0.0813167	0.0880389	0.100563	0.0762904	0.0948992	0.0944687	0.0978934	0.107204	0.0947073	0.100733	0.086267	0.101487	0.0897637	0.0802002	0.0842734	0.0717902	0.0548152	0.0548012	0.0671937	0.0755543	0.0772384	0.093874	0.0731336	0.0669783	0.075019	0.0810338	0.0811878	0.0629374	0.0611292	0.0690501	0.0651321	0.069246	0.071265	0.140843	0.131741	0.126339	0.100887	0.0900046	0.0818589	0.0916332	0.088856	0.0890813	0.0610974	0.0804362	0.067339	0.0693381	0.10626	0.104431	0.0801875	0.0677814	0.152918	0.155856	0.0926515	0.112694	0.0906092	0.119454	0.0904177	0.117687	0.0859169	0.0977358	0.106821	0.09993	0.118831	0.121149	0.135205	0.128601	0.125418	0.135585	0.121315	0.0406757	0	0.0595172	0.0466696	0.0426471	0.0426471	0.0486888	0.0466625	0.0552384	0.0509157	0.0489133	0.0914252	0.0927054	0.0795599	0.0975309	0.115508	0.118409	0.12009	0.103949	0.0937057	0.0897064	0.108581	0.110378	0.102103	0.0752802	0.0936531	0.0896705	0.0875112	0.0793842	0.0915473	0.0997912	0.0997688	0.104082	0.112326	0.0935961	0.107086	0.120751	0.122828	0.109998	0.139736	0.129263	0.129791	0.122424	0.116242	0.131049	0.105598	0.115948	0.117974	0.122317	0.107539	0.121818	0.11995	0.128069	0.115627	0.142453	0.121583	0.129112	0.125824	0.138047	0.142358	0.142477	0.134862	0.14097	0.147313	0.132844	0.138873	0.143438	0.141019	0.140976	0.12884	0.126748	0.135008	0.134921	0.136034	0.127976	0.130064	0.119764	0.125951	0.139988	0.133862	0.125636	0.148134	0.141773	0.13981	0.141831	0.139737	0.143734	0.14986	0.149825	0.145806	0.149977	0.149943	0.141735	0.153589	0.145753	0.143695	0.143683	0.14986	0.135661	0.14827	0.137814	0.135723	0.129666	0.129665	0.154282	0.117506	0.135852	0.133851	0.127712	0.130955	0.132953	0.1301	0.128092	0.113535	0.123728	0.144709	0.151197	0.119693	0.132017	0.154799	0.140022	0.144062	0.139911	0.12365	0.12573	0.151052	0.127775	0.125797	0.138241	0.125689	0.125665	0.127748	0.127645	0.133693	0.12372	0.125726	0.133846	0.11952	0.123592	0.117676	0.117603	0.121743	0.161811	0.123618	0.136272	0.121659	0.132608	0.138259	0.136072	0.12784	0.127892	0.111501	0.12811	0.141153	0.115592	0.115819	0.117678	0.123737	0.11149	0.121756	0.117641	0.121694	0.117595	0.109496	0.107415	0.107416	0.107416	0.121954	0.117936	0.120023	0.117713	0.117732	0.126013	0.119722	0.125928	0.111832	0.11169	0.116029	0.132011	0.119979	0.111788	0.129799	0.110662	0.104058	0.116062	0.122423	0.122307	0.126225	0.112987	0.100432	0.0982106	0.0738521	0.0934489	0.0998638
Pandion_haliaetus	0.0648002	0.0719202	0.0739589	0.101763	0.0676615	0.0656578	0.110429	0.123081	0.11533	0.131613	0.130767	0.108691	0.10969	0.123444	0.0728372	0.0693682	0.100025	0.093721	0.0957653	0.0895638	0.0915801	0.0895548	0.0875552	0.0875552	0.0716039	0.0822216	0.0612183	0.0819727	0.0881676	0.0835771	0.0795447	0.0774492	0.0713104	0.0733399	0.0753854	0.0733352	0.100266	0.100184	0.100792	0.093763	0.0960735	0.167546	0.0671867	0.0692093	0.0899659	0.0773567	0.0773316	0.0772967	0.0752638	0.0772668	0.0651486	0.0671612	0.0651459	0.0631304	0.069373	0.0738651	0.0955973	0.0865176	0.0891094	0.082981	0.0804475	0.0882579	0.126558	0.091821	0.0985431	0.111068	0.0867947	0.105403	0.104973	0.108398	0.117708	0.105212	0.111237	0.0967713	0.111991	0.100268	0.0907045	0.0947777	0.0822945	0.0653195	0.0653055	0.077698	0.0860586	0.0877427	0.104378	0.0836379	0.0774826	0.0855233	0.0915381	0.0916921	0.0734417	0.0716335	0.0795544	0.0756364	0.0797503	0.0817693	0.151347	0.142245	0.136843	0.111391	0.100509	0.0923632	0.102137	0.0993603	0.0995856	0.0716017	0.0909405	0.0778433	0.0798424	0.116765	0.114936	0.0906918	0.0782857	0.163423	0.166361	0.103156	0.123198	0.101113	0.129958	0.100922	0.128191	0.0964212	0.10824	0.117325	0.110434	0.129336	0.131653	0.14571	0.139105	0.135922	0.14609	0.131819	0.0511799	0.0595172	0	0.0367552	0.0327328	0.0327328	0.0387744	0.0367482	0.0657427	0.06142	0.0594176	0.101929	0.10321	0.0900642	0.108035	0.126012	0.128913	0.130595	0.114453	0.10421	0.100211	0.119085	0.120882	0.112607	0.0857845	0.104157	0.100175	0.0980155	0.0898885	0.102052	0.110296	0.110273	0.114586	0.12283	0.1041	0.11759	0.131256	0.133332	0.120502	0.15024	0.139767	0.140296	0.132928	0.126746	0.141553	0.116103	0.126452	0.128478	0.132821	0.118044	0.132322	0.130454	0.138574	0.126131	0.152957	0.132087	0.139616	0.136329	0.148551	0.152862	0.152982	0.145366	0.151474	0.157817	0.143349	0.149378	0.153942	0.151523	0.15148	0.139344	0.137252	0.145512	0.145425	0.146538	0.138481	0.140569	0.130268	0.136455	0.150492	0.144366	0.136141	0.158638	0.152277	0.150315	0.152335	0.150241	0.154238	0.160364	0.160329	0.156311	0.160482	0.160447	0.152239	0.164093	0.156258	0.1542	0.154187	0.160364	0.146166	0.158775	0.148318	0.146227	0.140171	0.140169	0.164786	0.12801	0.146356	0.144356	0.138216	0.141459	0.143457	0.140604	0.138597	0.124039	0.134232	0.155213	0.161701	0.130198	0.142522	0.165303	0.150526	0.154566	0.150415	0.134155	0.136234	0.161556	0.138279	0.136302	0.148746	0.136194	0.13617	0.138253	0.13815	0.144197	0.134225	0.13623	0.144351	0.130024	0.134097	0.128181	0.128107	0.132248	0.172315	0.134123	0.146777	0.132163	0.143113	0.148763	0.146577	0.138345	0.138396	0.122005	0.138615	0.151657	0.126096	0.126324	0.128182	0.134242	0.121995	0.132261	0.128145	0.132199	0.128099	0.12	0.117919	0.11792	0.11792	0.132458	0.12844	0.130527	0.128217	0.128236	0.136518	0.130227	0.136433	0.122337	0.122194	0.126533	0.142516	0.130483	0.122292	0.140303	0.121166	0.114562	0.126566	0.132927	0.132811	0.136729	0.123491	0.110937	0.108715	0.0843564	0.103953	0.110368
Circaetus_pectoralis	0.0519526	0.0590727	0.0611114	0.0889151	0.054814	0.0528102	0.0975815	0.110234	0.102482	0.118766	0.11792	0.0958439	0.0968426	0.110597	0.0599896	0.0565206	0.087177	0.0808734	0.0829178	0.0767163	0.0787325	0.0767072	0.0747076	0.0747076	0.0587564	0.0693741	0.0483707	0.0691252	0.0753201	0.0707296	0.0666971	0.0646016	0.0584628	0.0604924	0.0625378	0.0604877	0.0874188	0.0873365	0.087944	0.0809154	0.0832259	0.154699	0.0543391	0.0563617	0.0771184	0.0645092	0.0644841	0.0644492	0.0624163	0.0644193	0.052301	0.0543136	0.0522984	0.0502829	0.0565255	0.0610175	0.0827497	0.07367	0.0762619	0.0701335	0.0676	0.0754103	0.11371	0.0789734	0.0856956	0.09822	0.0739471	0.0925559	0.0921254	0.0955502	0.10486	0.092364	0.0983896	0.0839238	0.0991439	0.0874205	0.077857	0.0819302	0.069447	0.0524719	0.052458	0.0648505	0.073211	0.0748951	0.0915307	0.0707903	0.064635	0.0726757	0.0786905	0.0788445	0.0605942	0.0587859	0.0667068	0.0627889	0.0669027	0.0689217	0.1385	0.129397	0.123996	0.0985438	0.0876614	0.0795156	0.0892899	0.0865127	0.086738	0.0587542	0.0780929	0.0649957	0.0669948	0.103917	0.102088	0.0778442	0.0654381	0.150575	0.153513	0.0903082	0.11035	0.0882659	0.117111	0.0880744	0.115343	0.0835737	0.0953925	0.104478	0.0975868	0.116488	0.118805	0.132862	0.126257	0.123075	0.133242	0.118971	0.0383324	0.0466696	0.0367552	0	0.00802078	0.00802078	0.0140679	0.0120416	0.0528951	0.0485724	0.0465701	0.0890819	0.0903621	0.0772167	0.0951876	0.113164	0.116065	0.117747	0.101606	0.0913624	0.0873631	0.106238	0.108035	0.0997597	0.072937	0.0913099	0.0873273	0.0851679	0.0770409	0.089204	0.097448	0.0974255	0.101739	0.109983	0.0912529	0.104743	0.118408	0.120484	0.107654	0.137392	0.12692	0.127448	0.120081	0.113899	0.128705	0.103255	0.113604	0.11563	0.119974	0.105196	0.119475	0.117607	0.125726	0.113283	0.14011	0.11924	0.126769	0.123481	0.135704	0.140015	0.140134	0.132519	0.138626	0.144969	0.130501	0.13653	0.141095	0.138676	0.138633	0.126497	0.124405	0.132664	0.132577	0.133691	0.125633	0.127721	0.11742	0.123607	0.137645	0.131519	0.123293	0.14579	0.139429	0.137467	0.139488	0.137394	0.14139	0.147516	0.147482	0.143463	0.147634	0.1476	0.139392	0.151245	0.14341	0.141352	0.14134	0.147517	0.133318	0.145927	0.13547	0.13338	0.127323	0.127322	0.151938	0.115163	0.133509	0.131508	0.125368	0.128611	0.130609	0.127757	0.125749	0.111192	0.121385	0.142365	0.148854	0.11735	0.129674	0.152456	0.137678	0.141719	0.137568	0.121307	0.123387	0.148709	0.125432	0.123454	0.135898	0.123346	0.123322	0.125405	0.125302	0.13135	0.121377	0.123383	0.131503	0.117176	0.121249	0.115333	0.115259	0.1194	0.159468	0.121275	0.133929	0.119316	0.130265	0.135915	0.133729	0.125497	0.125548	0.109157	0.125767	0.13881	0.113248	0.113476	0.115335	0.121394	0.109147	0.119413	0.115297	0.119351	0.115252	0.107153	0.105072	0.105073	0.105073	0.119611	0.115593	0.11768	0.11537	0.115388	0.12367	0.117379	0.123585	0.109489	0.109346	0.113686	0.129668	0.117636	0.109445	0.127455	0.108318	0.101714	0.113719	0.120079	0.119964	0.123882	0.110644	0.0980892	0.0958674	0.0715088	0.0911056	0.0975205
Haliaeetus_albicilla	0.0479302	0.0550502	0.0570889	0.0848926	0.0507915	0.0487877	0.093559	0.106211	0.09846	0.114743	0.113897	0.0918214	0.0928201	0.106574	0.0559671	0.0524981	0.0831545	0.0768509	0.0788953	0.0726938	0.07471	0.0726847	0.0706851	0.0706851	0.0547339	0.0653516	0.0443482	0.0651027	0.0712976	0.0667071	0.0626746	0.0605791	0.0544403	0.0564699	0.0585154	0.0564652	0.0833963	0.0833141	0.0839215	0.0768929	0.0792034	0.150676	0.0503166	0.0523392	0.0730959	0.0604867	0.0604616	0.0604267	0.0583938	0.0603968	0.0482786	0.0502911	0.0482759	0.0462604	0.052503	0.056995	0.0787273	0.0696475	0.0722394	0.066111	0.0635775	0.0713878	0.109688	0.074951	0.0816731	0.0941975	0.0699246	0.0885334	0.0881029	0.0915277	0.100838	0.0883415	0.0943671	0.0799013	0.0951214	0.083398	0.0738345	0.0779077	0.0654245	0.0484494	0.0484355	0.060828	0.0691885	0.0708726	0.0875082	0.0667678	0.0606125	0.0686532	0.074668	0.0748221	0.0565717	0.0547634	0.0626843	0.0587664	0.0628802	0.0648992	0.134477	0.125375	0.119973	0.0945213	0.0836389	0.0754931	0.0852674	0.0824902	0.0827155	0.0547317	0.0740704	0.0609732	0.0629723	0.0998946	0.0980657	0.0738217	0.0614156	0.146553	0.14949	0.0862857	0.106328	0.0842434	0.113088	0.0840519	0.111321	0.0795512	0.09137	0.100455	0.0935643	0.112466	0.114783	0.12884	0.122235	0.119052	0.12922	0.114949	0.0343099	0.0426471	0.0327328	0.00802078	0	2e-06	0.0100454	0.0080191	0.0488726	0.0445499	0.0425476	0.0850594	0.0863396	0.0731942	0.0911652	0.109142	0.112043	0.113725	0.0975834	0.0873399	0.0833406	0.102215	0.104012	0.0957372	0.0689145	0.0872874	0.0833048	0.0811454	0.0730184	0.0851815	0.0934255	0.093403	0.0977162	0.10596	0.0872304	0.10072	0.114386	0.116462	0.103632	0.13337	0.122897	0.123426	0.116058	0.109876	0.124683	0.0992325	0.109582	0.111608	0.115951	0.101174	0.115452	0.113584	0.121704	0.109261	0.136087	0.115217	0.122746	0.119459	0.131681	0.135992	0.136112	0.128496	0.134604	0.140947	0.126479	0.132508	0.137072	0.134653	0.13461	0.122474	0.120382	0.128642	0.128555	0.129668	0.121611	0.123699	0.113398	0.119585	0.133622	0.127496	0.119271	0.141768	0.135407	0.133445	0.135465	0.133371	0.137368	0.143494	0.143459	0.139441	0.143612	0.143577	0.135369	0.147223	0.139388	0.13733	0.137317	0.143494	0.129296	0.141905	0.131448	0.129357	0.123301	0.123299	0.147916	0.11114	0.129486	0.127486	0.121346	0.124589	0.126587	0.123734	0.121727	0.107169	0.117362	0.138343	0.144831	0.113327	0.125652	0.148433	0.133656	0.137696	0.133545	0.117285	0.119364	0.144686	0.121409	0.119432	0.131876	0.119323	0.119299	0.121382	0.12128	0.127327	0.117354	0.11936	0.127481	0.113154	0.117227	0.111311	0.111237	0.115378	0.155445	0.117253	0.129907	0.115293	0.126243	0.131893	0.129707	0.121474	0.121526	0.105135	0.121745	0.134787	0.109226	0.109454	0.111312	0.117372	0.105125	0.115391	0.111275	0.115329	0.111229	0.10313	0.101049	0.10105	0.10105	0.115588	0.11157	0.113657	0.111347	0.111366	0.119647	0.113357	0.119563	0.105467	0.105324	0.109663	0.125646	0.113613	0.105422	0.123433	0.104296	0.0976919	0.109696	0.116057	0.115941	0.119859	0.106621	0.0940667	0.0918449	0.0674863	0.0870831	0.093498
Haliaeetus_leucocephalus	0.0479302	0.0550502	0.0570889	0.0848926	0.0507915	0.0487877	0.093559	0.106211	0.09846	0.114743	0.113897	0.0918214	0.0928201	0.106574	0.0559671	0.0524981	0.0831545	0.0768509	0.0788953	0.0726938	0.07471	0.0726847	0.0706851	0.0706851	0.0547339	0.0653516	0.0443482	0.0651027	0.0712976	0.0667071	0.0626746	0.0605791	0.0544403	0.0564699	0.0585154	0.0564652	0.0833963	0.0833141	0.0839215	0.0768929	0.0792034	0.150676	0.0503166	0.0523392	0.0730959	0.0604867	0.0604616	0.0604267	0.0583938	0.0603968	0.0482786	0.0502911	0.0482759	0.0462604	0.052503	0.056995	0.0787273	0.0696475	0.0722394	0.066111	0.0635775	0.0713878	0.109688	0.074951	0.0816731	0.0941975	0.0699246	0.0885334	0.0881029	0.0915277	0.100838	0.0883415	0.0943671	0.0799013	0.0951214	0.083398	0.0738345	0.0779077	0.0654245	0.0484494	0.0484355	0.060828	0.0691885	0.0708726	0.0875082	0.0667678	0.0606125	0.0686532	0.074668	0.0748221	0.0565717	0.0547634	0.0626843	0.0587664	0.0628802	0.0648992	0.134477	0.125375	0.119973	0.0945213	0.0836389	0.0754931	0.0852674	0.0824902	0.0827155	0.0547317	0.0740704	0.0609732	0.0629723	0.0998946	0.0980657	0.0738217	0.0614156	0.146553	0.14949	0.0862857	0.106328	0.0842434	0.113088	0.0840519	0.111321	0.0795512	0.09137	0.100455	0.0935643	0.112466	0.114783	0.12884	0.122235	0.119052	0.12922	0.114949	0.0343099	0.0426471	0.0327328	0.00802078	2e-06	0	0.0100454	0.0080191	0.0488726	0.0445499	0.0425476	0.0850594	0.0863396	0.0731942	0.0911652	0.109142	0.112043	0.113725	0.0975834	0.0873399	0.0833406	0.102215	0.104012	0.0957372	0.0689145	0.0872874	0.0833048	0.0811454	0.0730184	0.0851815	0.0934255	0.093403	0.0977162	0.10596	0.0872304	0.10072	0.114386	0.116462	0.103632	0.13337	0.122897	0.123426	0.116058	0.109876	0.124683	0.0992325	0.109582	0.111608	0.115951	0.101174	0.115452	0.113584	0.121704	0.109261	0.136087	0.115217	0.122746	0.119459	0.131681	0.135992	0.136112	0.128496	0.134604	0.140947	0.126479	0.132508	0.137072	0.134653	0.13461	0.122474	0.120382	0.128642	0.128555	0.129668	0.121611	0.123699	0.113398	0.119585	0.133622	0.127496	0.119271	0.141768	0.135407	0.133445	0.135465	0.133371	0.137368	0.143494	0.143459	0.139441	0.143612	0.143577	0.135369	0.147223	0.139388	0.13733	0.137317	0.143494	0.129296	0.141905	0.131448	0.129357	0.123301	0.123299	0.147916	0.11114	0.129486	0.127486	0.121346	0.124589	0.126587	0.123734	0.121727	0.107169	0.117362	0.138343	0.144831	0.113327	0.125652	0.148433	0.133656	0.137696	0.133545	0.117285	0.119364	0.144686	0.121409	0.119432	0.131876	0.119323	0.119299	0.121382	0.12128	0.127327	0.117354	0.11936	0.127481	0.113154	0.117227	0.111311	0.111237	0.115378	0.155445	0.117253	0.129907	0.115293	0.126243	0.131893	0.129707	0.121474	0.121526	0.105135	0.121745	0.134787	0.109226	0.109454	0.111312	0.117372	0.105125	0.115391	0.111275	0.115329	0.111229	0.10313	0.101049	0.10105	0.10105	0.115588	0.11157	0.113657	0.111347	0.111366	0.119647	0.113357	0.119563	0.105467	0.105324	0.109663	0.125646	0.113613	0.105422	0.123433	0.104296	0.0976919	0.109696	0.116057	0.115941	0.119859	0.106621	0.0940667	0.0918449	0.0674863	0.0870831	0.093498
Aquila_chrysaetos	0.0539718	0.0610919	0.0631306	0.0909343	0.0568331	0.0548294	0.0996007	0.112253	0.104502	0.120785	0.119939	0.0978631	0.0988618	0.112616	0.0620088	0.0585398	0.0891962	0.0828926	0.084937	0.0787354	0.0807517	0.0787264	0.0767268	0.0767268	0.0607756	0.0713933	0.0503899	0.0711444	0.0773393	0.0727488	0.0687163	0.0666208	0.060482	0.0625116	0.064557	0.0625069	0.089438	0.0893557	0.0899632	0.0829346	0.0852451	0.156718	0.0563583	0.0583809	0.0791376	0.0665284	0.0665033	0.0664684	0.0644355	0.0664385	0.0543202	0.0563328	0.0543176	0.0523021	0.0585447	0.0630367	0.0847689	0.0756892	0.078281	0.0721527	0.0696192	0.0774295	0.115729	0.0809926	0.0877148	0.100239	0.0759663	0.0945751	0.0941446	0.0975694	0.106879	0.0943832	0.100409	0.085943	0.101163	0.0894397	0.0798762	0.0839494	0.0714661	0.0544911	0.0544771	0.0668696	0.0752302	0.0769143	0.0935499	0.0728095	0.0666542	0.0746949	0.0807097	0.0808637	0.0626134	0.0608051	0.068726	0.0648081	0.0689219	0.0709409	0.140519	0.131417	0.126015	0.100563	0.0896806	0.0815348	0.0913091	0.0885319	0.0887572	0.0607734	0.0801121	0.0670149	0.069014	0.105936	0.104107	0.0798634	0.0674573	0.152594	0.155532	0.0923274	0.11237	0.0902851	0.11913	0.0900936	0.117362	0.0855928	0.0974117	0.106497	0.099606	0.118507	0.120825	0.134881	0.128276	0.125094	0.135261	0.120991	0.0403516	0.0486888	0.0387744	0.0140679	0.0100454	0.0100454	0	0.0060178	0.0549143	0.0505916	0.0485893	0.0911011	0.0923813	0.0792359	0.0972068	0.115183	0.118084	0.119766	0.103625	0.0933816	0.0893823	0.108257	0.110054	0.101779	0.0749562	0.0933291	0.0893465	0.0871871	0.0790601	0.0912232	0.0994672	0.0994447	0.103758	0.112002	0.093272	0.106762	0.120427	0.122504	0.109674	0.139412	0.128939	0.129467	0.1221	0.115918	0.130725	0.105274	0.115624	0.11765	0.121993	0.107215	0.121494	0.119626	0.127745	0.115303	0.142129	0.121259	0.128788	0.1255	0.137723	0.142034	0.142153	0.134538	0.140646	0.146989	0.13252	0.138549	0.143114	0.140695	0.140652	0.128516	0.126424	0.134684	0.134597	0.13571	0.127652	0.12974	0.11944	0.125627	0.139664	0.133538	0.125312	0.14781	0.141449	0.139486	0.141507	0.139413	0.14341	0.149536	0.149501	0.145482	0.149653	0.149619	0.141411	0.153265	0.145429	0.143371	0.143359	0.149536	0.135337	0.147946	0.137489	0.135399	0.129342	0.129341	0.153957	0.117182	0.135528	0.133527	0.127388	0.130631	0.132629	0.129776	0.127768	0.113211	0.123404	0.144384	0.150873	0.119369	0.131693	0.154475	0.139697	0.143738	0.139587	0.123326	0.125406	0.150728	0.127451	0.125473	0.137917	0.125365	0.125341	0.127424	0.127321	0.133369	0.123396	0.125402	0.133522	0.119196	0.123268	0.117352	0.117278	0.121419	0.161487	0.123294	0.135948	0.121335	0.132284	0.137934	0.135748	0.127516	0.127568	0.111176	0.127786	0.140829	0.115267	0.115495	0.117354	0.123413	0.111166	0.121432	0.117316	0.12137	0.117271	0.109172	0.107091	0.107092	0.107092	0.12163	0.117612	0.119699	0.117389	0.117407	0.125689	0.119398	0.125604	0.111508	0.111366	0.115705	0.131687	0.119655	0.111464	0.129475	0.110338	0.103734	0.115738	0.122098	0.121983	0.125901	0.112663	0.100108	0.0978866	0.073528	0.0931248	0.0995397
Spizaetus_tyrannus	0.0519456	0.0590656	0.0611043	0.088908	0.0548069	0.0528032	0.0975744	0.110227	0.102475	0.118759	0.117913	0.0958368	0.0968355	0.11059	0.0599826	0.0565135	0.0871699	0.0808664	0.0829107	0.0767092	0.0787255	0.0767002	0.0747006	0.0747006	0.0587493	0.069367	0.0483636	0.0691181	0.075313	0.0707225	0.0666901	0.0645946	0.0584557	0.0604853	0.0625308	0.0604806	0.0874118	0.0873295	0.0879369	0.0809083	0.0832188	0.154692	0.0543321	0.0563547	0.0771113	0.0645021	0.064477	0.0644421	0.0624092	0.0644122	0.052294	0.0543066	0.0522913	0.0502758	0.0565184	0.0610104	0.0827427	0.0736629	0.0762548	0.0701264	0.0675929	0.0754032	0.113703	0.0789664	0.0856885	0.098213	0.0739401	0.0925489	0.0921184	0.0955431	0.104853	0.0923569	0.0983825	0.0839167	0.0991368	0.0874134	0.0778499	0.0819231	0.0694399	0.0524649	0.0524509	0.0648434	0.073204	0.0748881	0.0915237	0.0707833	0.064628	0.0726686	0.0786834	0.0788375	0.0605871	0.0587789	0.0666997	0.0627818	0.0668957	0.0689146	0.138493	0.12939	0.123988	0.0985367	0.0876543	0.0795086	0.0892829	0.0865057	0.0867309	0.0587471	0.0780859	0.0649886	0.0669877	0.10391	0.102081	0.0778372	0.065431	0.150568	0.153506	0.0903012	0.110343	0.0882589	0.117104	0.0880674	0.115336	0.0835666	0.0953854	0.104471	0.0975797	0.116481	0.118798	0.132855	0.12625	0.123068	0.133235	0.118964	0.0383253	0.0466625	0.0367482	0.0120416	0.0080191	0.0080191	0.0060178	0	0.0528881	0.0485654	0.046563	0.0890748	0.0903551	0.0772096	0.0951806	0.113157	0.116058	0.11774	0.101599	0.0913554	0.087356	0.106231	0.108028	0.0997526	0.0729299	0.0913028	0.0873202	0.0851609	0.0770339	0.0891969	0.0974409	0.0974185	0.101732	0.109975	0.0912458	0.104736	0.118401	0.120477	0.107647	0.137385	0.126913	0.127441	0.120074	0.113892	0.128698	0.103248	0.113597	0.115623	0.119967	0.105189	0.119468	0.117599	0.125719	0.113276	0.140103	0.119232	0.126762	0.123474	0.135697	0.140008	0.140127	0.132512	0.138619	0.144962	0.130494	0.136523	0.141088	0.138669	0.138626	0.12649	0.124398	0.132657	0.13257	0.133684	0.125626	0.127714	0.117413	0.1236	0.137638	0.131512	0.123286	0.145783	0.139422	0.13746	0.139481	0.137387	0.141383	0.147509	0.147475	0.143456	0.147627	0.147592	0.139385	0.151238	0.143403	0.141345	0.141332	0.14751	0.133311	0.14592	0.135463	0.133373	0.127316	0.127314	0.151931	0.115156	0.133502	0.131501	0.125361	0.128604	0.130602	0.12775	0.125742	0.111185	0.121378	0.142358	0.148847	0.117343	0.129667	0.152448	0.137671	0.141711	0.137561	0.1213	0.12338	0.148702	0.125425	0.123447	0.135891	0.123339	0.123315	0.125398	0.125295	0.131343	0.12137	0.123376	0.131496	0.117169	0.121242	0.115326	0.115252	0.119393	0.159461	0.121268	0.133922	0.119309	0.130258	0.135908	0.133722	0.12549	0.125541	0.10915	0.12576	0.138803	0.113241	0.113469	0.115328	0.121387	0.10914	0.119406	0.11529	0.119344	0.115245	0.107146	0.105065	0.105066	0.105066	0.119604	0.115586	0.117673	0.115363	0.115381	0.123663	0.117372	0.123578	0.109482	0.109339	0.113679	0.129661	0.117629	0.109438	0.127448	0.108311	0.101707	0.113712	0.120072	0.119957	0.123875	0.110636	0.0980821	0.0958603	0.0715018	0.0910986	0.0975134
Herpetotheres_cachinnans	0.0605155	0.0676355	0.0696742	0.0974779	0.0633768	0.061373	0.106144	0.118797	0.111045	0.127328	0.126483	0.104407	0.105405	0.119159	0.0685524	0.0650834	0.0957398	0.0894362	0.0914806	0.0852791	0.0872954	0.0852701	0.0832704	0.0832704	0.0673192	0.0779369	0.0569335	0.077688	0.0838829	0.0792924	0.07526	0.0731645	0.0670256	0.0690552	0.0711007	0.0690505	0.0959817	0.0958994	0.0965068	0.0894782	0.0917887	0.163262	0.0629019	0.0649246	0.0856812	0.073072	0.0730469	0.073012	0.0709791	0.0729821	0.0608639	0.0628764	0.0608612	0.0588457	0.0650883	0.0695803	0.0913126	0.0822328	0.0848247	0.0786963	0.0761628	0.0839731	0.122273	0.0875363	0.0942584	0.106783	0.08251	0.101119	0.100688	0.104113	0.113423	0.100927	0.106952	0.0924866	0.107707	0.0959833	0.0864198	0.090493	0.0780098	0.0610348	0.0610208	0.0734133	0.0817739	0.083458	0.100094	0.0793532	0.0731979	0.0812385	0.0872533	0.0874074	0.069157	0.0673488	0.0752696	0.0713517	0.0754655	0.0774845	0.147063	0.13796	0.132558	0.107107	0.0962242	0.0880785	0.0978527	0.0950756	0.0953008	0.067317	0.0866558	0.0735585	0.0755576	0.11248	0.110651	0.0864071	0.0740009	0.159138	0.162076	0.098871	0.118913	0.0968288	0.125673	0.0966373	0.123906	0.0921365	0.103955	0.113041	0.10615	0.125051	0.127368	0.141425	0.13482	0.131638	0.141805	0.127534	0.0468952	0.0552384	0.0657427	0.0528951	0.0488726	0.0488726	0.0549143	0.0528881	0	0.0409638	0.0389615	0.0976391	0.0989194	0.0857739	0.103745	0.121721	0.124622	0.126304	0.110163	0.0999197	0.0959203	0.114795	0.116592	0.108317	0.0814942	0.0998671	0.0958845	0.0937252	0.0855982	0.0977612	0.106005	0.105983	0.110296	0.11854	0.0998101	0.1133	0.126965	0.129042	0.116212	0.14595	0.135477	0.136005	0.128638	0.122456	0.137263	0.111812	0.122162	0.124188	0.128531	0.113753	0.128032	0.126164	0.134283	0.121841	0.148667	0.127797	0.135326	0.132038	0.144261	0.148572	0.148691	0.141076	0.147184	0.153527	0.139058	0.145087	0.149652	0.147233	0.14719	0.135054	0.132962	0.141222	0.141135	0.142248	0.13419	0.136278	0.125978	0.132165	0.146202	0.140076	0.13185	0.154348	0.147987	0.146024	0.148045	0.145951	0.149948	0.156074	0.156039	0.15202	0.156191	0.156157	0.147949	0.159803	0.151967	0.149909	0.149897	0.156074	0.141875	0.154484	0.144027	0.141937	0.13588	0.135879	0.160495	0.12372	0.142066	0.140065	0.133926	0.137169	0.139167	0.136314	0.134306	0.119749	0.129942	0.150923	0.157411	0.125907	0.138231	0.161013	0.146235	0.150276	0.146125	0.129864	0.131944	0.157266	0.133989	0.132011	0.144455	0.131903	0.131879	0.133962	0.133859	0.139907	0.129934	0.13194	0.14006	0.125734	0.129806	0.12389	0.123816	0.127957	0.168025	0.129832	0.142486	0.127873	0.138822	0.144473	0.142286	0.134054	0.134106	0.117715	0.134324	0.147367	0.121805	0.122033	0.123892	0.129951	0.117704	0.12797	0.123855	0.127908	0.123809	0.11571	0.113629	0.11363	0.11363	0.128168	0.12415	0.126237	0.123927	0.123945	0.132227	0.125936	0.132142	0.118046	0.117904	0.122243	0.138225	0.126193	0.118002	0.136013	0.116876	0.110272	0.122276	0.128636	0.128521	0.132439	0.119201	0.106646	0.10443	0.0800717	0.0996685	0.106083
Falco_cherrug	0.0561928	0.0633128	0.0653515	0.0931552	0.0590541	0.0570503	0.101822	0.114474	0.106723	0.123006	0.12216	0.100084	0.101083	0.114837	0.0642297	0.0607607	0.0914171	0.0851135	0.0871579	0.0809564	0.0829726	0.0809474	0.0789477	0.0789477	0.0629965	0.0736142	0.0526108	0.0733653	0.0795602	0.0749697	0.0709373	0.0688417	0.0627029	0.0647325	0.066778	0.0647278	0.0916589	0.0915767	0.0921841	0.0851555	0.087466	0.158939	0.0585792	0.0606019	0.0813585	0.0687493	0.0687242	0.0686893	0.0666564	0.0686594	0.0565412	0.0585537	0.0565385	0.054523	0.0607656	0.0652576	0.0869899	0.0779101	0.080502	0.0743736	0.0718401	0.0796504	0.11795	0.0832136	0.0899357	0.10246	0.0781873	0.0967961	0.0963655	0.0997903	0.1091	0.0966041	0.10263	0.0881639	0.103384	0.0916606	0.0820971	0.0861703	0.0736871	0.0567121	0.0566981	0.0690906	0.0774512	0.0791352	0.0957709	0.0750304	0.0688752	0.0769158	0.0829306	0.0830847	0.0648343	0.0630261	0.0709469	0.067029	0.0711428	0.0731618	0.14274	0.133637	0.128236	0.102784	0.0919015	0.0837558	0.09353	0.0907529	0.0909781	0.0629943	0.0823331	0.0692358	0.0712349	0.108157	0.106328	0.0820843	0.0696782	0.154815	0.157753	0.0945483	0.114591	0.0925061	0.121351	0.0923146	0.119583	0.0878138	0.0996326	0.108718	0.101827	0.120728	0.123046	0.137102	0.130497	0.127315	0.137482	0.123212	0.0425725	0.0509157	0.06142	0.0485724	0.0445499	0.0445499	0.0505916	0.0485654	0.0409638	0	0.00200435	0.0933164	0.0945967	0.0814512	0.0994222	0.117399	0.1203	0.121982	0.10584	0.095597	0.0915976	0.110472	0.112269	0.103994	0.0771715	0.0955444	0.0915618	0.0894025	0.0812755	0.0934385	0.101683	0.10166	0.105973	0.114217	0.0954874	0.108977	0.122643	0.124719	0.111889	0.141627	0.131154	0.131683	0.124315	0.118133	0.13294	0.10749	0.117839	0.119865	0.124208	0.109431	0.123709	0.121841	0.129961	0.117518	0.144344	0.123474	0.131003	0.127716	0.139938	0.144249	0.144369	0.136753	0.142861	0.149204	0.134736	0.140765	0.145329	0.14291	0.142867	0.130731	0.128639	0.136899	0.136812	0.137925	0.129868	0.131956	0.121655	0.127842	0.141879	0.135753	0.127528	0.150025	0.143664	0.141702	0.143722	0.141628	0.145625	0.151751	0.151716	0.147698	0.151869	0.151834	0.143626	0.15548	0.147645	0.145587	0.145574	0.151751	0.137553	0.150162	0.139705	0.137614	0.131558	0.131556	0.156173	0.119397	0.137743	0.135743	0.129603	0.132846	0.134844	0.131991	0.129984	0.115426	0.125619	0.1466	0.153088	0.121584	0.133909	0.15669	0.141913	0.145953	0.141802	0.125542	0.127621	0.152943	0.129666	0.127689	0.140133	0.12758	0.127556	0.129639	0.129537	0.135584	0.125611	0.127617	0.135738	0.121411	0.125484	0.119568	0.119494	0.123635	0.163702	0.12551	0.138164	0.12355	0.1345	0.14015	0.137964	0.129731	0.129783	0.113392	0.130002	0.143044	0.117483	0.117711	0.119569	0.125629	0.113382	0.123648	0.119532	0.123586	0.119486	0.111387	0.109306	0.109307	0.109307	0.123845	0.119827	0.121914	0.119604	0.119623	0.127904	0.121614	0.12782	0.113724	0.113581	0.11792	0.133903	0.12187	0.113679	0.13169	0.112553	0.105949	0.117953	0.124314	0.124198	0.128116	0.114878	0.102324	0.100107	0.075749	0.0953458	0.101761
Falco_peregrinus	0.0541904	0.0613104	0.0633492	0.0911528	0.0570517	0.055048	0.0998193	0.112472	0.10472	0.121003	0.120157	0.0980817	0.0990804	0.112834	0.0622274	0.0587584	0.0894148	0.0831112	0.0851556	0.078954	0.0809703	0.078945	0.0769454	0.0769454	0.0609942	0.0716118	0.0506085	0.0713629	0.0775579	0.0729673	0.0689349	0.0668394	0.0607006	0.0627301	0.0647756	0.0627255	0.0896566	0.0895743	0.0901818	0.0831532	0.0854637	0.156937	0.0565769	0.0585995	0.0793561	0.0667469	0.0667219	0.0666869	0.064654	0.066657	0.0545388	0.0565514	0.0545361	0.0525206	0.0587632	0.0632553	0.0849875	0.0759078	0.0784996	0.0723712	0.0698377	0.0776481	0.115948	0.0812112	0.0879334	0.100458	0.0761849	0.0947937	0.0943632	0.0977879	0.107098	0.0946018	0.100627	0.0861615	0.101382	0.0896582	0.0800947	0.084168	0.0716847	0.0547097	0.0546957	0.0670882	0.0754488	0.0771329	0.0937685	0.0730281	0.0668728	0.0749135	0.0809283	0.0810823	0.0628319	0.0610237	0.0689446	0.0650266	0.0691405	0.0711595	0.140738	0.131635	0.126233	0.100782	0.0898991	0.0817534	0.0915277	0.0887505	0.0889758	0.0609919	0.0803307	0.0672335	0.0692326	0.106155	0.104326	0.080082	0.0676759	0.152813	0.155751	0.092546	0.112588	0.0905037	0.119348	0.0903122	0.117581	0.0858114	0.0976303	0.106716	0.0998245	0.118726	0.121043	0.1351	0.128495	0.125313	0.13548	0.121209	0.0405702	0.0489133	0.0594176	0.0465701	0.0425476	0.0425476	0.0485893	0.046563	0.0389615	0.00200435	0	0.0913141	0.0925943	0.0794488	0.0974198	0.115396	0.118297	0.119979	0.103838	0.0935946	0.0895953	0.10847	0.110267	0.101992	0.0751691	0.093542	0.0895594	0.0874001	0.0792731	0.0914362	0.0996802	0.0996577	0.103971	0.112215	0.093485	0.106975	0.12064	0.122717	0.109887	0.139625	0.129152	0.12968	0.122313	0.116131	0.130938	0.105487	0.115837	0.117863	0.122206	0.107428	0.121707	0.119839	0.127958	0.115516	0.142342	0.121472	0.129001	0.125713	0.137936	0.142247	0.142366	0.134751	0.140859	0.147202	0.132733	0.138762	0.143327	0.140908	0.140865	0.128729	0.126637	0.134897	0.13481	0.135923	0.127865	0.129953	0.119653	0.12584	0.139877	0.133751	0.125525	0.148023	0.141662	0.139699	0.14172	0.139626	0.143623	0.149749	0.149714	0.145695	0.149866	0.149832	0.141624	0.153478	0.145642	0.143584	0.143572	0.149749	0.13555	0.148159	0.137702	0.135612	0.129555	0.129554	0.15417	0.117395	0.135741	0.13374	0.127601	0.130844	0.132842	0.129989	0.127981	0.113424	0.123617	0.144597	0.151086	0.119582	0.131906	0.154688	0.13991	0.143951	0.1398	0.123539	0.125619	0.150941	0.127664	0.125686	0.13813	0.125578	0.125554	0.127637	0.127534	0.133582	0.123609	0.125615	0.133735	0.119409	0.123481	0.117565	0.117491	0.121632	0.1617	0.123507	0.136161	0.121548	0.132497	0.138147	0.135961	0.127729	0.127781	0.111389	0.127999	0.141042	0.11548	0.115708	0.117567	0.123626	0.111379	0.121645	0.117529	0.121583	0.117484	0.109385	0.107304	0.107305	0.107305	0.121843	0.117825	0.119912	0.117602	0.11762	0.125902	0.119611	0.125817	0.111721	0.111579	0.115918	0.1319	0.119868	0.111677	0.129688	0.110551	0.103947	0.115951	0.122311	0.122196	0.126114	0.112876	0.100321	0.0981051	0.0737466	0.0933434	0.0997583
Nestor_notabilis	0.0967023	0.103822	0.105861	0.133665	0.0995636	0.0975598	0.142331	0.154984	0.147232	0.163515	0.162669	0.140594	0.141592	0.155346	0.104739	0.10127	0.131927	0.125623	0.127667	0.121466	0.123482	0.121457	0.119457	0.119457	0.103506	0.114124	0.0931203	0.113875	0.12007	0.115479	0.111447	0.109351	0.103212	0.105242	0.107287	0.105237	0.132168	0.132086	0.132694	0.125665	0.127976	0.199448	0.0990887	0.101111	0.121868	0.109259	0.109234	0.109199	0.107166	0.109169	0.0970507	0.0990632	0.097048	0.0950325	0.101275	0.105767	0.127499	0.11842	0.121011	0.114883	0.11235	0.12016	0.15846	0.123723	0.130445	0.14297	0.118697	0.137306	0.136875	0.1403	0.14961	0.137114	0.143139	0.128673	0.143893	0.13217	0.122607	0.12668	0.114197	0.0972216	0.0972076	0.1096	0.117961	0.119645	0.13628	0.11554	0.109385	0.117425	0.12344	0.123594	0.105344	0.103536	0.111456	0.107538	0.111652	0.113671	0.183249	0.174147	0.168745	0.143293	0.132411	0.124265	0.13404	0.131262	0.131488	0.103504	0.122843	0.109745	0.111744	0.148667	0.146838	0.122594	0.110188	0.195325	0.198263	0.135058	0.1551	0.133016	0.16186	0.132824	0.160093	0.128323	0.140142	0.149228	0.142336	0.161238	0.163555	0.177612	0.171007	0.167825	0.177992	0.163721	0.083082	0.0914252	0.101929	0.0890819	0.0850594	0.0850594	0.0911011	0.0890748	0.0976391	0.0933164	0.0913141	0	0.0509994	0.037854	0.055825	0.0738015	0.0767026	0.159642	0.143501	0.133258	0.129258	0.148133	0.14993	0.141655	0.114832	0.133205	0.129223	0.127063	0.118936	0.131099	0.139343	0.139321	0.143634	0.151878	0.133148	0.146638	0.160304	0.16238	0.14955	0.179288	0.168815	0.169344	0.161976	0.155794	0.170601	0.14515	0.1555	0.157526	0.161869	0.147092	0.16137	0.159502	0.167621	0.155179	0.182005	0.161135	0.168664	0.165376	0.177599	0.18191	0.18203	0.174414	0.180522	0.186865	0.172397	0.178426	0.18299	0.180571	0.180528	0.168392	0.1663	0.17456	0.174473	0.175586	0.167529	0.169617	0.159316	0.165503	0.17954	0.173414	0.165189	0.187686	0.181325	0.179362	0.181383	0.179289	0.183286	0.189412	0.189377	0.185359	0.189529	0.189495	0.181287	0.193141	0.185306	0.183248	0.183235	0.189412	0.175214	0.187823	0.177366	0.175275	0.169219	0.169217	0.193834	0.157058	0.175404	0.173404	0.167264	0.170507	0.172505	0.169652	0.167644	0.153087	0.16328	0.184261	0.190749	0.159245	0.17157	0.194351	0.179574	0.183614	0.179463	0.163203	0.165282	0.190604	0.167327	0.16535	0.177794	0.165241	0.165217	0.1673	0.167197	0.173245	0.163272	0.165278	0.173399	0.159072	0.163145	0.157229	0.157155	0.161295	0.201363	0.163171	0.175825	0.161211	0.172161	0.177811	0.175625	0.167392	0.167444	0.151053	0.167663	0.180705	0.155144	0.155371	0.15723	0.163289	0.151042	0.161308	0.157193	0.161246	0.157147	0.149048	0.146967	0.146968	0.146968	0.161506	0.157488	0.159575	0.157265	0.157284	0.165565	0.159274	0.165481	0.151384	0.151242	0.155581	0.171564	0.159531	0.15134	0.169351	0.150214	0.14361	0.155614	0.161975	0.161859	0.165777	0.152539	0.139985	0.140617	0.116258	0.135855	0.14227
Eolophus_roseicapillus	0.0979825	0.105102	0.107141	0.134945	0.100844	0.0988401	0.143611	0.156264	0.148512	0.164795	0.16395	0.141874	0.142872	0.156626	0.106019	0.10255	0.133207	0.126903	0.128948	0.122746	0.124762	0.122737	0.120737	0.120737	0.104786	0.115404	0.0944005	0.115155	0.12135	0.116759	0.112727	0.110631	0.104493	0.106522	0.108568	0.106518	0.133449	0.133366	0.133974	0.126945	0.129256	0.200729	0.100369	0.102392	0.123148	0.110539	0.110514	0.110479	0.108446	0.110449	0.0983309	0.100343	0.0983282	0.0963127	0.102555	0.107047	0.12878	0.1197	0.122292	0.116163	0.11363	0.12144	0.15974	0.125003	0.131725	0.14425	0.119977	0.138586	0.138155	0.14158	0.15089	0.138394	0.144419	0.129954	0.145174	0.13345	0.123887	0.12796	0.115477	0.0985018	0.0984878	0.11088	0.119241	0.120925	0.137561	0.11682	0.110665	0.118706	0.12472	0.124874	0.106624	0.104816	0.112737	0.108819	0.112933	0.114952	0.18453	0.175427	0.170025	0.144574	0.133691	0.125545	0.13532	0.132543	0.132768	0.104784	0.124123	0.111026	0.113025	0.149947	0.148118	0.123874	0.111468	0.196605	0.199543	0.136338	0.15638	0.134296	0.16314	0.134104	0.161373	0.129603	0.141422	0.150508	0.143617	0.162518	0.164835	0.178892	0.172287	0.169105	0.179272	0.165001	0.0843622	0.0927054	0.10321	0.0903621	0.0863396	0.0863396	0.0923813	0.0903551	0.0989194	0.0945967	0.0925943	0.0509994	0	0.0223562	0.0443747	0.0623513	0.0652523	0.160923	0.144782	0.134538	0.130539	0.149413	0.15121	0.142935	0.116113	0.134485	0.130503	0.128344	0.120217	0.13238	0.140624	0.140601	0.144914	0.153158	0.134428	0.147918	0.161584	0.16366	0.15083	0.180568	0.170096	0.170624	0.163256	0.157074	0.171881	0.146431	0.15678	0.158806	0.163149	0.148372	0.162651	0.160782	0.168902	0.156459	0.183285	0.162415	0.169944	0.166657	0.178879	0.18319	0.18331	0.175694	0.181802	0.188145	0.173677	0.179706	0.184271	0.181852	0.181808	0.169673	0.16758	0.17584	0.175753	0.176866	0.168809	0.170897	0.160596	0.166783	0.180821	0.174694	0.166469	0.188966	0.182605	0.180643	0.182664	0.180569	0.184566	0.190692	0.190657	0.186639	0.19081	0.190775	0.182568	0.194421	0.186586	0.184528	0.184515	0.190692	0.176494	0.189103	0.178646	0.176555	0.170499	0.170497	0.195114	0.158338	0.176685	0.174684	0.168544	0.171787	0.173785	0.170932	0.168925	0.154368	0.16456	0.185541	0.192029	0.160526	0.17285	0.195631	0.180854	0.184894	0.180744	0.164483	0.166562	0.191884	0.168607	0.16663	0.179074	0.166522	0.166498	0.168581	0.168478	0.174525	0.164553	0.166558	0.174679	0.160352	0.164425	0.158509	0.158435	0.162576	0.202643	0.164451	0.177105	0.162491	0.173441	0.179091	0.176905	0.168673	0.168724	0.152333	0.168943	0.181985	0.156424	0.156652	0.15851	0.16457	0.152323	0.162589	0.158473	0.162527	0.158427	0.150328	0.148247	0.148248	0.148248	0.162786	0.158768	0.160855	0.158545	0.158564	0.166846	0.160555	0.166761	0.152665	0.152522	0.156861	0.172844	0.160811	0.15262	0.170631	0.151494	0.14489	0.156894	0.163255	0.163139	0.167057	0.153819	0.141265	0.141897	0.117539	0.137135	0.14355
Probosciger_aterrimus	0.084837	0.091957	0.0939958	0.121799	0.0876983	0.0856946	0.130466	0.143118	0.135367	0.15165	0.150804	0.128728	0.129727	0.143481	0.092874	0.089405	0.120061	0.113758	0.115802	0.109601	0.111617	0.109592	0.107592	0.107592	0.0916407	0.102258	0.0812551	0.10201	0.108204	0.103614	0.0995815	0.097486	0.0913472	0.0933767	0.0954222	0.0933721	0.120303	0.120221	0.120828	0.1138	0.11611	0.187583	0.0872235	0.0892461	0.110003	0.0973935	0.0973684	0.0973335	0.0953006	0.0973036	0.0851854	0.087198	0.0851827	0.0831672	0.0894098	0.0939019	0.115634	0.106554	0.109146	0.103018	0.100484	0.108295	0.146594	0.111858	0.11858	0.131104	0.106832	0.12544	0.12501	0.128435	0.137745	0.125248	0.131274	0.116808	0.132028	0.120305	0.110741	0.114815	0.102331	0.0853563	0.0853423	0.0977348	0.106095	0.107779	0.124415	0.103675	0.0975194	0.10556	0.111575	0.111729	0.0934785	0.0916703	0.0995912	0.0956732	0.0997871	0.101806	0.171384	0.162282	0.15688	0.131428	0.120546	0.1124	0.122174	0.119397	0.119622	0.0916385	0.110977	0.0978801	0.0998792	0.136801	0.134973	0.110729	0.0983225	0.183459	0.186397	0.123193	0.143235	0.12115	0.149995	0.120959	0.148228	0.116458	0.128277	0.137362	0.130471	0.149372	0.15169	0.165746	0.159142	0.155959	0.166126	0.151856	0.0712167	0.0795599	0.0900642	0.0772167	0.0731942	0.0731942	0.0792359	0.0772096	0.0857739	0.0814512	0.0794488	0.037854	0.0223562	0	0.0312292	0.0492058	0.0521069	0.147777	0.131636	0.121393	0.117393	0.136268	0.138065	0.12979	0.102967	0.12134	0.117357	0.115198	0.107071	0.119234	0.127478	0.127456	0.131769	0.140013	0.121283	0.134773	0.148438	0.150515	0.137685	0.167423	0.15695	0.157478	0.150111	0.143929	0.158735	0.133285	0.143634	0.145661	0.150004	0.135226	0.149505	0.147637	0.155756	0.143314	0.17014	0.14927	0.156799	0.153511	0.165734	0.170045	0.170164	0.162549	0.168656	0.174999	0.160531	0.16656	0.171125	0.168706	0.168663	0.156527	0.154435	0.162694	0.162608	0.163721	0.155663	0.157751	0.147451	0.153638	0.167675	0.161549	0.153323	0.175821	0.16946	0.167497	0.169518	0.167424	0.171421	0.177547	0.177512	0.173493	0.177664	0.17763	0.169422	0.181276	0.17344	0.171382	0.17137	0.177547	0.163348	0.175957	0.1655	0.16341	0.157353	0.157352	0.181968	0.145193	0.163539	0.161538	0.155399	0.158642	0.16064	0.157787	0.155779	0.141222	0.151415	0.172395	0.178884	0.14738	0.159704	0.182486	0.167708	0.171749	0.167598	0.151337	0.153417	0.178739	0.155462	0.153484	0.165928	0.153376	0.153352	0.155435	0.155332	0.16138	0.151407	0.153413	0.161533	0.147207	0.151279	0.145363	0.145289	0.14943	0.189498	0.151305	0.163959	0.149346	0.160295	0.165945	0.163759	0.155527	0.155579	0.139187	0.155797	0.16884	0.143278	0.143506	0.145365	0.151424	0.139177	0.149443	0.145327	0.149381	0.145282	0.137183	0.135102	0.135103	0.135103	0.149641	0.145623	0.14771	0.1454	0.145418	0.1537	0.147409	0.153615	0.139519	0.139377	0.143716	0.159698	0.147666	0.139475	0.157485	0.138349	0.131745	0.143749	0.150109	0.149994	0.153912	0.140674	0.128119	0.128752	0.104393	0.12399	0.130405
Amazona_guildingii	0.102808	0.109928	0.111967	0.13977	0.105669	0.103666	0.148437	0.161089	0.153338	0.169621	0.168775	0.146699	0.147698	0.161452	0.110845	0.107376	0.138032	0.131729	0.133773	0.127572	0.129588	0.127563	0.125563	0.125563	0.109612	0.120229	0.099226	0.119981	0.126175	0.121585	0.117552	0.115457	0.109318	0.111348	0.113393	0.111343	0.138274	0.138192	0.138799	0.131771	0.134081	0.205554	0.105194	0.107217	0.127974	0.115365	0.115339	0.115305	0.113272	0.115275	0.103156	0.105169	0.103154	0.101138	0.107381	0.111873	0.133605	0.124525	0.127117	0.120989	0.118455	0.126266	0.164565	0.129829	0.136551	0.149075	0.124802	0.143411	0.142981	0.146406	0.155716	0.143219	0.149245	0.134779	0.149999	0.138276	0.128712	0.132786	0.120302	0.103327	0.103313	0.115706	0.124066	0.12575	0.142386	0.121646	0.11549	0.123531	0.129546	0.1297	0.11145	0.109641	0.117562	0.113644	0.117758	0.119777	0.189355	0.180253	0.174851	0.149399	0.138517	0.130371	0.140145	0.137368	0.137593	0.10961	0.128948	0.115851	0.11785	0.154772	0.152944	0.1287	0.116293	0.20143	0.204368	0.141164	0.161206	0.139121	0.167966	0.13893	0.166199	0.134429	0.146248	0.155333	0.148442	0.167343	0.169661	0.183717	0.177113	0.17393	0.184097	0.169827	0.0891877	0.0975309	0.108035	0.0951876	0.0911652	0.0911652	0.0972068	0.0951806	0.103745	0.0994222	0.0974198	0.055825	0.0443747	0.0312292	0	0.0581983	0.0610993	0.165748	0.149607	0.139364	0.135364	0.154239	0.156036	0.147761	0.120938	0.139311	0.135328	0.133169	0.125042	0.137205	0.145449	0.145427	0.14974	0.157984	0.139254	0.152744	0.166409	0.168486	0.155655	0.185394	0.174921	0.175449	0.168082	0.1619	0.176706	0.151256	0.161605	0.163632	0.167975	0.153197	0.167476	0.165608	0.173727	0.161285	0.188111	0.167241	0.17477	0.171482	0.183705	0.188016	0.188135	0.18052	0.186627	0.19297	0.178502	0.184531	0.189096	0.186677	0.186634	0.174498	0.172406	0.180665	0.180579	0.181692	0.173634	0.175722	0.165422	0.171609	0.185646	0.17952	0.171294	0.193792	0.187431	0.185468	0.187489	0.185395	0.189391	0.195518	0.195483	0.191464	0.195635	0.195601	0.187393	0.199247	0.191411	0.189353	0.189341	0.195518	0.181319	0.193928	0.183471	0.181381	0.175324	0.175323	0.199939	0.163164	0.18151	0.179509	0.17337	0.176613	0.178611	0.175758	0.17375	0.159193	0.169386	0.190366	0.196855	0.165351	0.177675	0.200457	0.185679	0.18972	0.185569	0.169308	0.171388	0.19671	0.173433	0.171455	0.183899	0.171347	0.171323	0.173406	0.173303	0.179351	0.169378	0.171384	0.179504	0.165178	0.16925	0.163334	0.16326	0.167401	0.207469	0.169276	0.18193	0.167317	0.178266	0.183916	0.18173	0.173498	0.173549	0.157158	0.173768	0.186811	0.161249	0.161477	0.163336	0.169395	0.157148	0.167414	0.163298	0.167352	0.163253	0.155154	0.153073	0.153074	0.153074	0.167612	0.163594	0.165681	0.163371	0.163389	0.171671	0.16538	0.171586	0.15749	0.157348	0.161687	0.177669	0.165637	0.157446	0.175456	0.15632	0.149715	0.16172	0.16808	0.167965	0.171883	0.158645	0.14609	0.146723	0.122364	0.141961	0.148376
Agapornis_roseicollis	0.120785	0.127905	0.129943	0.157747	0.123646	0.121642	0.166413	0.179066	0.171314	0.187598	0.186752	0.164676	0.165675	0.179429	0.128822	0.125353	0.156009	0.149705	0.15175	0.145548	0.147564	0.145539	0.14354	0.14354	0.127588	0.138206	0.117203	0.137957	0.144152	0.139561	0.135529	0.133434	0.127295	0.129324	0.13137	0.12932	0.156251	0.156168	0.156776	0.149747	0.152058	0.223531	0.123171	0.125194	0.14595	0.133341	0.133316	0.133281	0.131248	0.133251	0.121133	0.123146	0.12113	0.119115	0.125357	0.129849	0.151582	0.142502	0.145094	0.138965	0.136432	0.144242	0.182542	0.147805	0.154528	0.167052	0.142779	0.161388	0.160957	0.164382	0.173692	0.161196	0.167221	0.152756	0.167976	0.156252	0.146689	0.150762	0.138279	0.121304	0.12129	0.133682	0.142043	0.143727	0.160363	0.139622	0.133467	0.141508	0.147522	0.147676	0.129426	0.127618	0.135539	0.131621	0.135735	0.137754	0.207332	0.198229	0.192827	0.167376	0.156493	0.148348	0.158122	0.155345	0.15557	0.127586	0.146925	0.133828	0.135827	0.172749	0.17092	0.146676	0.13427	0.219407	0.222345	0.15914	0.179182	0.157098	0.185943	0.156906	0.184175	0.152406	0.164224	0.17331	0.166419	0.18532	0.187637	0.201694	0.195089	0.191907	0.202074	0.187803	0.107164	0.115508	0.126012	0.113164	0.109142	0.109142	0.115183	0.113157	0.121721	0.117399	0.115396	0.0738015	0.0623513	0.0492058	0.0581983	0	0.065031	0.183725	0.167584	0.15734	0.153341	0.172215	0.174012	0.165737	0.138915	0.157288	0.153305	0.151146	0.143019	0.155182	0.163426	0.163403	0.167716	0.17596	0.157231	0.170721	0.184386	0.186462	0.173632	0.20337	0.192898	0.193426	0.186059	0.179876	0.194683	0.169233	0.179582	0.181608	0.185952	0.171174	0.185453	0.183584	0.191704	0.179261	0.206087	0.185217	0.192746	0.189459	0.201682	0.205993	0.206112	0.198496	0.204604	0.210947	0.196479	0.202508	0.207073	0.204654	0.20461	0.192475	0.190382	0.198642	0.198555	0.199668	0.191611	0.193699	0.183398	0.189585	0.203623	0.197497	0.189271	0.211768	0.205407	0.203445	0.205466	0.203372	0.207368	0.213494	0.213459	0.209441	0.213612	0.213577	0.20537	0.217223	0.209388	0.20733	0.207317	0.213494	0.199296	0.211905	0.201448	0.199357	0.193301	0.193299	0.217916	0.18114	0.199487	0.197486	0.191346	0.194589	0.196587	0.193734	0.191727	0.17717	0.187362	0.208343	0.214832	0.183328	0.195652	0.218433	0.203656	0.207696	0.203546	0.187285	0.189364	0.214687	0.191409	0.189432	0.201876	0.189324	0.1893	0.191383	0.19128	0.197328	0.187355	0.18936	0.197481	0.183154	0.187227	0.181311	0.181237	0.185378	0.225445	0.187253	0.199907	0.185294	0.196243	0.201893	0.199707	0.191475	0.191526	0.175135	0.191745	0.204787	0.179226	0.179454	0.181313	0.187372	0.175125	0.185391	0.181275	0.185329	0.181229	0.17313	0.17105	0.171051	0.171051	0.185588	0.18157	0.183658	0.181347	0.181366	0.189648	0.183357	0.189563	0.175467	0.175324	0.179663	0.195646	0.183613	0.175423	0.193433	0.174296	0.167692	0.179697	0.186057	0.185942	0.18986	0.176621	0.164067	0.164699	0.140341	0.159938	0.166352
Melopsittacus_undulatus	0.123686	0.130806	0.132844	0.160648	0.126547	0.124543	0.169314	0.181967	0.174215	0.190499	0.189653	0.167577	0.168576	0.18233	0.131723	0.128254	0.15891	0.152606	0.154651	0.148449	0.150465	0.14844	0.146441	0.146441	0.130489	0.141107	0.120104	0.140858	0.147053	0.142463	0.13843	0.136335	0.130196	0.132225	0.134271	0.132221	0.159152	0.15907	0.159677	0.152648	0.154959	0.226432	0.126072	0.128095	0.148851	0.136242	0.136217	0.136182	0.134149	0.136152	0.124034	0.126047	0.124031	0.122016	0.128258	0.13275	0.154483	0.145403	0.147995	0.141866	0.139333	0.147143	0.185443	0.150706	0.157429	0.169953	0.14568	0.164289	0.163858	0.167283	0.176593	0.164097	0.170123	0.155657	0.170877	0.159153	0.14959	0.153663	0.14118	0.124205	0.124191	0.136583	0.144944	0.146628	0.163264	0.142523	0.136368	0.144409	0.150423	0.150578	0.132327	0.130519	0.13844	0.134522	0.138636	0.140655	0.210233	0.20113	0.195728	0.170277	0.159394	0.151249	0.161023	0.158246	0.158471	0.130487	0.149826	0.136729	0.138728	0.17565	0.173821	0.149577	0.137171	0.222308	0.225246	0.162041	0.182083	0.159999	0.188844	0.159807	0.187076	0.155307	0.167125	0.176211	0.16932	0.188221	0.190538	0.204595	0.19799	0.194808	0.204975	0.190704	0.110065	0.118409	0.128913	0.116065	0.112043	0.112043	0.118084	0.116058	0.124622	0.1203	0.118297	0.0767026	0.0652523	0.0521069	0.0610993	0.065031	0	0.186626	0.170485	0.160241	0.156242	0.175117	0.176913	0.168638	0.141816	0.160189	0.156206	0.154047	0.14592	0.158083	0.166327	0.166304	0.170617	0.178861	0.160132	0.173622	0.187287	0.189363	0.176533	0.206271	0.195799	0.196327	0.18896	0.182777	0.197584	0.172134	0.182483	0.184509	0.188853	0.174075	0.188354	0.186485	0.194605	0.182162	0.208988	0.188118	0.195647	0.19236	0.204583	0.208894	0.209013	0.201397	0.207505	0.213848	0.19938	0.205409	0.209974	0.207555	0.207511	0.195376	0.193283	0.201543	0.201456	0.20257	0.194512	0.1966	0.186299	0.192486	0.206524	0.200398	0.192172	0.214669	0.208308	0.206346	0.208367	0.206273	0.210269	0.216395	0.216361	0.212342	0.216513	0.216478	0.208271	0.220124	0.212289	0.210231	0.210218	0.216395	0.202197	0.214806	0.204349	0.202258	0.196202	0.1962	0.220817	0.184041	0.202388	0.200387	0.194247	0.19749	0.199488	0.196635	0.194628	0.180071	0.190263	0.211244	0.217733	0.186229	0.198553	0.221334	0.206557	0.210597	0.206447	0.190186	0.192266	0.217588	0.19431	0.192333	0.204777	0.192225	0.192201	0.194284	0.194181	0.200229	0.190256	0.192261	0.200382	0.186055	0.190128	0.184212	0.184138	0.188279	0.228346	0.190154	0.202808	0.188195	0.199144	0.204794	0.202608	0.194376	0.194427	0.178036	0.194646	0.207689	0.182127	0.182355	0.184214	0.190273	0.178026	0.188292	0.184176	0.18823	0.18413	0.176031	0.173951	0.173952	0.173952	0.18849	0.184472	0.186559	0.184248	0.184267	0.192549	0.186258	0.192464	0.178368	0.178225	0.182565	0.198547	0.186514	0.178324	0.196334	0.177197	0.170593	0.182598	0.188958	0.188843	0.192761	0.179522	0.166968	0.1676	0.143242	0.162839	0.169253
Acanthisitta_chloris	0.125367	0.132487	0.134526	0.16233	0.128229	0.126225	0.170996	0.183649	0.175897	0.19218	0.191334	0.169259	0.170257	0.184011	0.133404	0.129935	0.160592	0.154288	0.156333	0.150131	0.152147	0.150122	0.148122	0.148122	0.132171	0.142789	0.121785	0.14254	0.148735	0.144144	0.140112	0.138016	0.131878	0.133907	0.135953	0.133902	0.160834	0.160751	0.161359	0.15433	0.156641	0.228114	0.127754	0.129776	0.150533	0.137924	0.137899	0.137864	0.135831	0.137834	0.125716	0.127728	0.125713	0.123698	0.12994	0.134432	0.156165	0.147085	0.149677	0.143548	0.141015	0.148825	0.187125	0.152388	0.15911	0.171635	0.147362	0.165971	0.16554	0.168965	0.178275	0.165779	0.171804	0.157339	0.172559	0.160835	0.151272	0.155345	0.142862	0.125887	0.125873	0.138265	0.146626	0.14831	0.164945	0.144205	0.13805	0.14609	0.152105	0.152259	0.134009	0.132201	0.140122	0.136204	0.140317	0.142336	0.211914	0.202812	0.19741	0.171959	0.161076	0.15293	0.162705	0.159928	0.160153	0.132169	0.151508	0.13841	0.14041	0.177332	0.175503	0.151259	0.138853	0.22399	0.226928	0.163723	0.183765	0.161681	0.190525	0.161489	0.188758	0.156988	0.168807	0.177893	0.171002	0.189903	0.19222	0.206277	0.199672	0.19649	0.206657	0.192386	0.111747	0.12009	0.130595	0.117747	0.113725	0.113725	0.119766	0.11774	0.126304	0.121982	0.119979	0.159642	0.160923	0.147777	0.165748	0.183725	0.186626	0	0.124877	0.114633	0.110634	0.129509	0.131306	0.123031	0.096208	0.114581	0.110598	0.108439	0.100312	0.112475	0.120719	0.120697	0.12501	0.133254	0.114524	0.128014	0.141679	0.143755	0.130925	0.160663	0.150191	0.150719	0.143352	0.13717	0.151976	0.126526	0.136875	0.138901	0.143245	0.128467	0.142746	0.140878	0.148997	0.136554	0.163381	0.142511	0.15004	0.146752	0.158975	0.163286	0.163405	0.15579	0.161897	0.16824	0.153772	0.159801	0.164366	0.161947	0.161904	0.149768	0.147676	0.155935	0.155848	0.156962	0.148904	0.150992	0.140691	0.146878	0.160916	0.15479	0.146564	0.169061	0.1627	0.160738	0.162759	0.160665	0.164661	0.170788	0.170753	0.166734	0.170905	0.170871	0.162663	0.174516	0.166681	0.164623	0.164611	0.170788	0.156589	0.169198	0.158741	0.156651	0.150594	0.150593	0.175209	0.138434	0.15678	0.154779	0.148639	0.151882	0.153881	0.151028	0.14902	0.134463	0.144656	0.165636	0.172125	0.140621	0.152945	0.175727	0.160949	0.16499	0.160839	0.144578	0.146658	0.17198	0.148703	0.146725	0.159169	0.146617	0.146593	0.148676	0.148573	0.154621	0.144648	0.146654	0.154774	0.140447	0.14452	0.138604	0.13853	0.142671	0.182739	0.144546	0.1572	0.142587	0.153536	0.159186	0.157	0.148768	0.148819	0.132428	0.149038	0.162081	0.136519	0.136747	0.138606	0.144665	0.132418	0.142684	0.138568	0.142622	0.138523	0.130424	0.128343	0.128344	0.128344	0.142882	0.138864	0.140951	0.138641	0.138659	0.146941	0.14065	0.146856	0.13276	0.132617	0.136957	0.152939	0.140907	0.132716	0.150726	0.131589	0.124985	0.13699	0.14335	0.143235	0.147153	0.133915	0.12136	0.169282	0.144924	0.16452	0.170935
Neodrepanis_coruscans	0.109226	0.116346	0.118385	0.146189	0.112088	0.110084	0.154855	0.167508	0.159756	0.176039	0.175193	0.153118	0.154116	0.16787	0.117263	0.113794	0.144451	0.138147	0.140191	0.13399	0.136006	0.133981	0.131981	0.131981	0.11603	0.126648	0.105644	0.126399	0.132594	0.128003	0.123971	0.121875	0.115736	0.117766	0.119811	0.117761	0.144692	0.14461	0.145218	0.138189	0.1405	0.211972	0.111613	0.113635	0.134392	0.121783	0.121758	0.121723	0.11969	0.121693	0.109575	0.111587	0.109572	0.107556	0.113799	0.118291	0.140023	0.130944	0.133535	0.127407	0.124874	0.132684	0.170984	0.136247	0.142969	0.155494	0.131221	0.14983	0.149399	0.152824	0.162134	0.149638	0.155663	0.141197	0.156417	0.144694	0.135131	0.139204	0.126721	0.109746	0.109732	0.122124	0.130485	0.132169	0.148804	0.128064	0.121909	0.129949	0.135964	0.136118	0.117868	0.11606	0.12398	0.120062	0.124176	0.126195	0.195773	0.186671	0.181269	0.155817	0.144935	0.136789	0.146564	0.143786	0.144012	0.116028	0.135367	0.122269	0.124268	0.161191	0.159362	0.135118	0.122712	0.207849	0.210787	0.147582	0.167624	0.14554	0.174384	0.145348	0.172617	0.140847	0.152666	0.161751	0.15486	0.173762	0.176079	0.190136	0.183531	0.180349	0.190516	0.176245	0.095606	0.103949	0.114453	0.101606	0.0975834	0.0975834	0.103625	0.101599	0.110163	0.10584	0.103838	0.143501	0.144782	0.131636	0.149607	0.167584	0.170485	0.124877	0	0.0516886	0.0591582	0.0780388	0.0798358	0.0715608	0.0527393	0.0711122	0.0671296	0.0649703	0.0568433	0.0690063	0.0772503	0.0772279	0.081541	0.0897849	0.0710552	0.0845506	0.098216	0.100292	0.0874622	0.1172	0.106728	0.107256	0.0998887	0.0937065	0.108513	0.0830629	0.0934122	0.0954383	0.0997816	0.085004	0.0992828	0.0974144	0.105534	0.0930913	0.119918	0.0990474	0.106577	0.103289	0.115512	0.119823	0.119942	0.112327	0.118434	0.124777	0.110309	0.116338	0.120903	0.118484	0.11844	0.106305	0.104213	0.112472	0.112385	0.113499	0.105441	0.107529	0.0972282	0.103415	0.117453	0.111327	0.103101	0.125598	0.119237	0.117275	0.119296	0.117202	0.121198	0.127324	0.12729	0.123271	0.127442	0.127407	0.1192	0.131053	0.123218	0.12116	0.121147	0.127324	0.113126	0.125735	0.115278	0.113188	0.107131	0.107129	0.131746	0.0949704	0.113317	0.111316	0.105176	0.108419	0.110417	0.107564	0.105557	0.0909998	0.101192	0.122173	0.128662	0.0971578	0.109482	0.132263	0.117486	0.121526	0.117376	0.101115	0.103195	0.128517	0.105239	0.103262	0.115706	0.103154	0.10313	0.105213	0.10511	0.111158	0.101185	0.103191	0.111311	0.0969842	0.101057	0.095141	0.0950671	0.0992079	0.139275	0.101083	0.113737	0.0991237	0.110073	0.115723	0.113537	0.105305	0.105356	0.0889651	0.105575	0.118618	0.0930561	0.0932839	0.0951427	0.101202	0.0889549	0.0992209	0.0951051	0.0991589	0.0950596	0.0869605	0.0848796	0.0848806	0.0848806	0.0994186	0.0954006	0.0974877	0.0951775	0.0951961	0.103478	0.0971869	0.103393	0.0892969	0.0891543	0.0934936	0.109476	0.0974434	0.0892526	0.111189	0.0920519	0.0854479	0.0974524	0.103813	0.103697	0.107615	0.0943771	0.0818227	0.153141	0.128782	0.148379	0.154794
Serilophus_lunatus	0.0989828	0.106103	0.108142	0.135945	0.101844	0.0998404	0.144612	0.157264	0.149513	0.165796	0.16495	0.142874	0.143873	0.157627	0.10702	0.103551	0.134207	0.127904	0.129948	0.123746	0.125763	0.123737	0.121738	0.121738	0.105787	0.116404	0.0954008	0.116155	0.12235	0.11776	0.113727	0.111632	0.105493	0.107523	0.109568	0.107518	0.134449	0.134367	0.134974	0.127946	0.130256	0.201729	0.101369	0.103392	0.124149	0.111539	0.111514	0.111479	0.109446	0.111449	0.0993312	0.101344	0.0993285	0.097313	0.103556	0.108048	0.12978	0.1207	0.123292	0.117164	0.11463	0.12244	0.16074	0.126004	0.132726	0.14525	0.120977	0.139586	0.139156	0.14258	0.15189	0.139394	0.14542	0.130954	0.146174	0.134451	0.124887	0.12896	0.116477	0.0995021	0.0994881	0.111881	0.120241	0.121925	0.138561	0.11782	0.111665	0.119706	0.125721	0.125875	0.107624	0.105816	0.113737	0.109819	0.113933	0.115952	0.18553	0.176427	0.171026	0.145574	0.134691	0.126546	0.13632	0.133543	0.133768	0.105784	0.125123	0.112026	0.114025	0.150947	0.149118	0.124874	0.112468	0.197605	0.200543	0.137338	0.157381	0.135296	0.164141	0.135105	0.162373	0.130604	0.142423	0.151508	0.144617	0.163518	0.165836	0.179892	0.173287	0.170105	0.180272	0.166002	0.0853625	0.0937057	0.10421	0.0913624	0.0873399	0.0873399	0.0933816	0.0913554	0.0999197	0.095597	0.0935946	0.133258	0.134538	0.121393	0.139364	0.15734	0.160241	0.114633	0.0516886	0	0.0489147	0.0677954	0.0695923	0.0613173	0.0424958	0.0608687	0.0568861	0.0547268	0.0465998	0.0587629	0.0670068	0.0669844	0.0712975	0.0795414	0.0608117	0.0743072	0.0879725	0.0900488	0.0772187	0.106957	0.0964843	0.0970125	0.0896452	0.0834631	0.0982697	0.0728194	0.0831687	0.0851949	0.0895382	0.0747606	0.0890393	0.0871709	0.0952904	0.0828478	0.109674	0.0888039	0.0963331	0.0930454	0.105268	0.109579	0.109699	0.102083	0.108191	0.114534	0.100066	0.106095	0.110659	0.10824	0.108197	0.0960613	0.093969	0.102229	0.102142	0.103255	0.0951976	0.0972855	0.0869848	0.0931718	0.107209	0.101083	0.0928575	0.115355	0.108994	0.107031	0.109052	0.106958	0.110955	0.117081	0.117046	0.113028	0.117198	0.117164	0.108956	0.12081	0.112975	0.110917	0.110904	0.117081	0.102883	0.115492	0.105035	0.102944	0.0968875	0.0968859	0.121503	0.0847269	0.103073	0.101073	0.0949329	0.0981758	0.100174	0.097321	0.0953134	0.0807563	0.090949	0.11193	0.118418	0.0869144	0.0992385	0.12202	0.107243	0.111283	0.107132	0.0908716	0.0929511	0.118273	0.094996	0.0930186	0.105463	0.0929103	0.0928863	0.0949693	0.0948664	0.100914	0.0909413	0.0929471	0.101068	0.0867408	0.0908136	0.0848976	0.0848236	0.0889644	0.129032	0.0908395	0.103493	0.0888802	0.0998295	0.10548	0.103294	0.0950613	0.0951127	0.0787217	0.0953316	0.108374	0.0828126	0.0830404	0.0848992	0.0909584	0.0787114	0.0889774	0.0848617	0.0889154	0.0848161	0.0767171	0.0746362	0.0746372	0.0746372	0.0891751	0.0851571	0.0872442	0.084934	0.0849526	0.0932343	0.0869434	0.0931496	0.0790534	0.0789108	0.0832501	0.0992325	0.0872	0.0790092	0.100945	0.0818085	0.0752044	0.0872089	0.0935693	0.0934539	0.0973719	0.0841336	0.0715793	0.142897	0.118539	0.138136	0.144551
Smithornis_capensis	0.0949834	0.102103	0.104142	0.131946	0.0978447	0.095841	0.140612	0.153265	0.145513	0.161796	0.160951	0.138875	0.139873	0.153627	0.10302	0.0995514	0.130208	0.123904	0.125949	0.119747	0.121763	0.119738	0.117738	0.117738	0.101787	0.112405	0.0914015	0.112156	0.118351	0.11376	0.109728	0.107632	0.101494	0.103523	0.105569	0.103518	0.13045	0.130367	0.130975	0.123946	0.126257	0.19773	0.0973699	0.0993925	0.120149	0.10754	0.107515	0.10748	0.105447	0.10745	0.0953318	0.0973444	0.0953292	0.0933137	0.0995562	0.104048	0.125781	0.116701	0.119293	0.113164	0.110631	0.118441	0.156741	0.122004	0.128726	0.141251	0.116978	0.135587	0.135156	0.138581	0.147891	0.135395	0.14142	0.126955	0.142175	0.130451	0.120888	0.124961	0.112478	0.0955027	0.0954887	0.107881	0.116242	0.117926	0.134562	0.113821	0.107666	0.115706	0.121721	0.121875	0.103625	0.101817	0.109738	0.10582	0.109934	0.111952	0.181531	0.172428	0.167026	0.141575	0.130692	0.122546	0.132321	0.129544	0.129769	0.101785	0.121124	0.108026	0.110026	0.146948	0.145119	0.120875	0.108469	0.193606	0.196544	0.133339	0.153381	0.131297	0.160141	0.131105	0.158374	0.126604	0.138423	0.147509	0.140618	0.159519	0.161836	0.175893	0.169288	0.166106	0.176273	0.162002	0.0813632	0.0897064	0.100211	0.0873631	0.0833406	0.0833406	0.0893823	0.087356	0.0959203	0.0915976	0.0895953	0.129258	0.130539	0.117393	0.135364	0.153341	0.156242	0.110634	0.0591582	0.0489147	0	0.063796	0.065593	0.057318	0.0384965	0.0568694	0.0528868	0.0507274	0.0426004	0.0547635	0.0630075	0.0629851	0.0672982	0.075542	0.0568124	0.0703078	0.0839732	0.0860495	0.0732194	0.102957	0.0924849	0.0930131	0.0856458	0.0794637	0.0942704	0.0688201	0.0791693	0.0811955	0.0855388	0.0707612	0.0850399	0.0831716	0.091291	0.0788485	0.105675	0.0848046	0.0923338	0.0890461	0.101269	0.10558	0.105699	0.0980837	0.104191	0.110534	0.0960662	0.102095	0.10666	0.104241	0.104198	0.0920619	0.0899697	0.0982294	0.0981425	0.0992558	0.0911982	0.0932862	0.0829854	0.0891724	0.10321	0.0970839	0.0888581	0.111355	0.104995	0.103032	0.105053	0.102959	0.106955	0.113082	0.113047	0.109028	0.113199	0.113165	0.104957	0.11681	0.108975	0.106917	0.106905	0.113082	0.0988832	0.111492	0.101035	0.0989447	0.0928882	0.0928866	0.117503	0.0807276	0.099074	0.0970732	0.0909335	0.0941764	0.0961745	0.0933217	0.091314	0.0767569	0.0869496	0.10793	0.114419	0.082915	0.0952392	0.118021	0.103243	0.107284	0.103133	0.0868722	0.0889518	0.114274	0.0909967	0.0890192	0.101463	0.088911	0.088887	0.09097	0.0908671	0.0969148	0.086942	0.0889477	0.0970682	0.0827414	0.0868142	0.0808982	0.0808243	0.0849651	0.125033	0.0868402	0.0994941	0.0848809	0.0958302	0.10148	0.0992942	0.091062	0.0911134	0.0747223	0.0913322	0.104375	0.0788133	0.0790411	0.0808999	0.0869591	0.0747121	0.084978	0.0808623	0.0849161	0.0808168	0.0727177	0.0706368	0.0706378	0.0706378	0.0851758	0.0811578	0.0832449	0.0809347	0.0809533	0.089235	0.0829441	0.0891502	0.0750541	0.0749114	0.0792508	0.0952332	0.0832006	0.0750098	0.0969461	0.0778091	0.0712051	0.0832096	0.08957	0.0894546	0.0933726	0.0801343	0.0675799	0.138898	0.11454	0.134136	0.140551
Sapayoa_aenigma	0.113858	0.120978	0.123017	0.150821	0.116719	0.114716	0.159487	0.172139	0.164388	0.180671	0.179825	0.157749	0.158748	0.172502	0.121895	0.118426	0.149082	0.142779	0.144823	0.138622	0.140638	0.138613	0.136613	0.136613	0.120662	0.13128	0.110276	0.131031	0.137226	0.132635	0.128603	0.126507	0.120368	0.122398	0.124443	0.122393	0.149324	0.149242	0.149849	0.142821	0.145131	0.216604	0.116245	0.118267	0.139024	0.126415	0.12639	0.126355	0.124322	0.126325	0.114206	0.116219	0.114204	0.112188	0.118431	0.122923	0.144655	0.135575	0.138167	0.132039	0.129505	0.137316	0.175616	0.140879	0.147601	0.160125	0.135853	0.154461	0.154031	0.157456	0.166766	0.154269	0.160295	0.145829	0.161049	0.149326	0.139762	0.143836	0.131352	0.114377	0.114363	0.126756	0.135116	0.136801	0.153436	0.132696	0.12654	0.134581	0.140596	0.14075	0.1225	0.120691	0.128612	0.124694	0.128808	0.130827	0.200405	0.191303	0.185901	0.160449	0.149567	0.141421	0.151195	0.148418	0.148643	0.12066	0.139998	0.126901	0.1289	0.165823	0.163994	0.13975	0.127344	0.212481	0.215418	0.152214	0.172256	0.150171	0.179016	0.14998	0.177249	0.145479	0.157298	0.166383	0.159492	0.178394	0.180711	0.194768	0.188163	0.18498	0.195147	0.180877	0.100238	0.108581	0.119085	0.106238	0.102215	0.102215	0.108257	0.106231	0.114795	0.110472	0.10847	0.148133	0.149413	0.136268	0.154239	0.172215	0.175117	0.129509	0.0780388	0.0677954	0.063796	0	0.0804553	0.0721803	0.0573711	0.075744	0.0717614	0.0696021	0.0614751	0.0736382	0.0818822	0.0818597	0.0861729	0.0944167	0.075687	0.0891825	0.102848	0.104924	0.0920941	0.121832	0.11136	0.111888	0.10452	0.0983384	0.113145	0.0876947	0.098044	0.10007	0.104413	0.0896359	0.103915	0.102046	0.110166	0.0977231	0.124549	0.103679	0.111208	0.107921	0.120143	0.124454	0.124574	0.116958	0.123066	0.129409	0.114941	0.12097	0.125535	0.123116	0.123072	0.110937	0.108844	0.117104	0.117017	0.11813	0.110073	0.112161	0.10186	0.108047	0.122085	0.115959	0.107733	0.13023	0.123869	0.121907	0.123928	0.121834	0.12583	0.131956	0.131921	0.127903	0.132074	0.132039	0.123832	0.135685	0.12785	0.125792	0.125779	0.131956	0.117758	0.130367	0.11991	0.117819	0.111763	0.111761	0.136378	0.0996023	0.117949	0.115948	0.109808	0.113051	0.115049	0.112196	0.110189	0.0956316	0.105824	0.126805	0.133294	0.10179	0.114114	0.136895	0.122118	0.126158	0.122008	0.105747	0.107826	0.133149	0.109871	0.107894	0.120338	0.107786	0.107762	0.109845	0.109742	0.11579	0.105817	0.107822	0.115943	0.101616	0.105689	0.0997729	0.0996989	0.10384	0.143907	0.105715	0.118369	0.103756	0.114705	0.120355	0.118169	0.109937	0.109988	0.093597	0.110207	0.123249	0.0976879	0.0979158	0.0997745	0.105834	0.0935867	0.103853	0.099737	0.103791	0.0996914	0.0915924	0.0895115	0.0895125	0.0895125	0.10405	0.100032	0.10212	0.0998093	0.0998279	0.10811	0.101819	0.108025	0.0939288	0.0937861	0.0981255	0.114108	0.102075	0.0938845	0.115821	0.0966838	0.0900798	0.102084	0.108445	0.108329	0.112247	0.0990089	0.0864546	0.157773	0.133414	0.153011	0.159426
Pitta_sordida	0.115655	0.122775	0.124814	0.152617	0.118516	0.116513	0.161284	0.173936	0.166185	0.182468	0.181622	0.159546	0.160545	0.174299	0.123692	0.120223	0.150879	0.144576	0.14662	0.140419	0.142435	0.14041	0.13841	0.13841	0.122459	0.133076	0.112073	0.132828	0.139022	0.134432	0.1304	0.128304	0.122165	0.124195	0.12624	0.12419	0.151121	0.151039	0.151646	0.144618	0.146928	0.218401	0.118042	0.120064	0.140821	0.128212	0.128186	0.128152	0.126119	0.128122	0.116003	0.118016	0.116001	0.113985	0.120228	0.12472	0.146452	0.137372	0.139964	0.133836	0.131302	0.139113	0.177413	0.142676	0.149398	0.161922	0.13765	0.156258	0.155828	0.159253	0.168563	0.156066	0.162092	0.147626	0.162846	0.151123	0.141559	0.145633	0.133149	0.116174	0.11616	0.128553	0.136913	0.138598	0.155233	0.134493	0.128337	0.136378	0.142393	0.142547	0.124297	0.122488	0.130409	0.126491	0.130605	0.132624	0.202202	0.1931	0.187698	0.162246	0.151364	0.143218	0.152992	0.150215	0.15044	0.122457	0.141795	0.128698	0.130697	0.167619	0.165791	0.141547	0.12914	0.214278	0.217215	0.154011	0.174053	0.151968	0.180813	0.151777	0.179046	0.147276	0.159095	0.16818	0.161289	0.18019	0.182508	0.196564	0.18996	0.186777	0.196944	0.182674	0.102035	0.110378	0.120882	0.108035	0.104012	0.104012	0.110054	0.108028	0.116592	0.112269	0.110267	0.14993	0.15121	0.138065	0.156036	0.174012	0.176913	0.131306	0.0798358	0.0695923	0.065593	0.0804553	0	0.0718998	0.0591681	0.077541	0.0735584	0.071399	0.063272	0.0754351	0.0836791	0.0836566	0.0879698	0.0962136	0.077484	0.0909794	0.104645	0.106721	0.093891	0.123629	0.113157	0.113685	0.106317	0.100135	0.114942	0.0894917	0.0998409	0.101867	0.10621	0.0914328	0.105712	0.103843	0.111963	0.0995201	0.126346	0.105476	0.113005	0.109718	0.12194	0.126251	0.126371	0.118755	0.124863	0.131206	0.116738	0.122767	0.127332	0.124913	0.124869	0.112734	0.110641	0.118901	0.118814	0.119927	0.11187	0.113958	0.103657	0.109844	0.123882	0.117755	0.10953	0.132027	0.125666	0.123704	0.125725	0.12363	0.127627	0.133753	0.133718	0.1297	0.133871	0.133836	0.125629	0.137482	0.129647	0.127589	0.127576	0.133753	0.119555	0.132164	0.121707	0.119616	0.11356	0.113558	0.138175	0.101399	0.119746	0.117745	0.111605	0.114848	0.116846	0.113993	0.111986	0.0974285	0.107621	0.128602	0.13509	0.103587	0.115911	0.138692	0.123915	0.127955	0.123805	0.107544	0.109623	0.134945	0.111668	0.109691	0.122135	0.109583	0.109559	0.111642	0.111539	0.117586	0.107614	0.109619	0.11774	0.103413	0.107486	0.10157	0.101496	0.105637	0.145704	0.107512	0.120166	0.105552	0.116502	0.122152	0.119966	0.111734	0.111785	0.0953939	0.112004	0.125046	0.0994849	0.0997127	0.101571	0.107631	0.0953837	0.10565	0.101534	0.105588	0.101488	0.0933893	0.0913084	0.0913094	0.0913094	0.105847	0.101829	0.103916	0.101606	0.101625	0.109907	0.103616	0.109822	0.0957257	0.095583	0.0999224	0.115905	0.103872	0.0956814	0.117618	0.0984807	0.0918767	0.103881	0.110242	0.110126	0.114044	0.100806	0.0882515	0.15957	0.135211	0.154808	0.161223
Calyptomena_viridis	0.10738	0.1145	0.116539	0.144342	0.110241	0.108238	0.153009	0.165661	0.15791	0.174193	0.173347	0.151271	0.15227	0.166024	0.115417	0.111948	0.142604	0.136301	0.138345	0.132144	0.13416	0.132135	0.130135	0.130135	0.114184	0.124801	0.103798	0.124553	0.130747	0.126157	0.122125	0.120029	0.11389	0.11592	0.117965	0.115915	0.142846	0.142764	0.143371	0.136343	0.138653	0.210126	0.109767	0.111789	0.132546	0.119937	0.119911	0.119877	0.117844	0.119847	0.107728	0.109741	0.107726	0.10571	0.111953	0.116445	0.138177	0.129097	0.131689	0.125561	0.123027	0.130838	0.169138	0.134401	0.141123	0.153647	0.129375	0.147983	0.147553	0.150978	0.160288	0.147791	0.153817	0.139351	0.154571	0.142848	0.133284	0.137358	0.124874	0.107899	0.107885	0.120278	0.128638	0.130323	0.146958	0.126218	0.120062	0.128103	0.134118	0.134272	0.116022	0.114213	0.122134	0.118216	0.12233	0.124349	0.193927	0.184825	0.179423	0.153971	0.143089	0.134943	0.144717	0.14194	0.142165	0.114182	0.13352	0.120423	0.122422	0.159344	0.157516	0.133272	0.120866	0.206003	0.20894	0.145736	0.165778	0.143693	0.172538	0.143502	0.170771	0.139001	0.15082	0.159905	0.153014	0.171915	0.174233	0.18829	0.181685	0.178502	0.188669	0.174399	0.0937598	0.102103	0.112607	0.0997597	0.0957372	0.0957372	0.101779	0.0997526	0.108317	0.103994	0.101992	0.141655	0.142935	0.12979	0.147761	0.165737	0.168638	0.123031	0.0715608	0.0613173	0.057318	0.0721803	0.0718998	0	0.0508931	0.069266	0.0652834	0.0631241	0.0549971	0.0671601	0.0754041	0.0753817	0.0796948	0.0879387	0.069209	0.0827044	0.0963698	0.0984461	0.085616	0.115354	0.104882	0.10541	0.0980425	0.0918604	0.106667	0.0812167	0.091566	0.0935921	0.0979354	0.0831578	0.0974366	0.0955682	0.103688	0.0912451	0.118071	0.0972012	0.10473	0.101443	0.113665	0.117976	0.118096	0.11048	0.116588	0.122931	0.108463	0.114492	0.119057	0.116638	0.116594	0.104459	0.102366	0.110626	0.110539	0.111652	0.103595	0.105683	0.095382	0.101569	0.115607	0.109481	0.101255	0.123752	0.117391	0.115429	0.11745	0.115356	0.119352	0.125478	0.125443	0.121425	0.125596	0.125561	0.117354	0.129207	0.121372	0.119314	0.119301	0.125478	0.11128	0.123889	0.113432	0.111341	0.105285	0.105283	0.1299	0.0931242	0.111471	0.10947	0.10333	0.106573	0.108571	0.105718	0.103711	0.0891536	0.0993462	0.120327	0.126815	0.0953116	0.107636	0.130417	0.11564	0.11968	0.11553	0.0992689	0.101348	0.12667	0.103393	0.101416	0.11386	0.101308	0.101284	0.103367	0.103264	0.109311	0.0993386	0.101344	0.109465	0.095138	0.0992108	0.0932948	0.0932209	0.0973617	0.137429	0.0992368	0.111891	0.0972775	0.108227	0.113877	0.111691	0.103459	0.10351	0.0871189	0.103729	0.116771	0.0912099	0.0914377	0.0932965	0.0993557	0.0871087	0.0973747	0.093259	0.0973127	0.0932134	0.0851143	0.0830335	0.0830344	0.0830344	0.0975724	0.0935544	0.0956415	0.0933313	0.0933499	0.101632	0.0953407	0.101547	0.0874507	0.0873081	0.0916474	0.10763	0.0955973	0.0874064	0.109343	0.0902057	0.0836017	0.0956062	0.101967	0.101851	0.105769	0.0925309	0.0799766	0.151295	0.126936	0.146533	0.152948
Lepidothrix_coronata	0.0805573	0.0876773	0.0897161	0.11752	0.0834186	0.0814149	0.126186	0.138839	0.131087	0.14737	0.146524	0.124449	0.125447	0.139201	0.0885943	0.0851253	0.115782	0.109478	0.111522	0.105321	0.107337	0.105312	0.103312	0.103312	0.087361	0.0979787	0.0769754	0.0977298	0.103925	0.0993342	0.0953018	0.0932063	0.0870675	0.089097	0.0911425	0.0890923	0.116023	0.115941	0.116549	0.10952	0.111831	0.183303	0.0829438	0.0849664	0.105723	0.0931138	0.0930887	0.0930538	0.0910209	0.0930239	0.0809057	0.0829183	0.080903	0.0788875	0.0851301	0.0896222	0.111354	0.102275	0.104867	0.0987381	0.0962046	0.104015	0.142315	0.107578	0.1143	0.126825	0.102552	0.121161	0.12073	0.124155	0.133465	0.120969	0.126994	0.112528	0.127749	0.116025	0.106462	0.110535	0.0980516	0.0810766	0.0810626	0.0934551	0.101816	0.1035	0.120135	0.099395	0.0932397	0.10128	0.107295	0.107449	0.0891988	0.0873906	0.0953115	0.0913935	0.0955074	0.0975264	0.167104	0.158002	0.1526	0.127148	0.116266	0.10812	0.117895	0.115117	0.115343	0.0873588	0.106698	0.0936004	0.0955995	0.132522	0.130693	0.106449	0.0940428	0.17918	0.182118	0.118913	0.138955	0.116871	0.145715	0.116679	0.143948	0.112178	0.123997	0.133083	0.126191	0.145093	0.14741	0.161467	0.154862	0.15168	0.161847	0.147576	0.066937	0.0752802	0.0857845	0.072937	0.0689145	0.0689145	0.0749562	0.0729299	0.0814942	0.0771715	0.0751691	0.114832	0.116113	0.102967	0.120938	0.138915	0.141816	0.096208	0.0527393	0.0424958	0.0384965	0.0573711	0.0591681	0.0508931	0	0.0344264	0.0304438	0.0282845	0.0201633	0.0323263	0.0405762	0.0405537	0.0448669	0.0531107	0.034381	0.0558817	0.0695471	0.0716233	0.0587933	0.0885314	0.0780588	0.078587	0.0712197	0.0650376	0.0798442	0.0543939	0.0647432	0.0667694	0.0711127	0.0563351	0.0706138	0.0687454	0.0768649	0.0644223	0.0912486	0.0703785	0.0779076	0.0746199	0.0868427	0.0911537	0.0912731	0.0836576	0.0897652	0.0961082	0.0816401	0.0876691	0.0922338	0.0898148	0.0897715	0.0776358	0.0755436	0.0838032	0.0837163	0.0848297	0.0767721	0.07886	0.0685593	0.0747463	0.0887838	0.0826578	0.074432	0.0969293	0.0905684	0.0886059	0.0906268	0.0885328	0.0925292	0.0986554	0.0986207	0.094602	0.098773	0.0987384	0.0905308	0.102384	0.0945491	0.092491	0.0924784	0.0986555	0.0844571	0.0970661	0.0866092	0.0845186	0.078462	0.0784604	0.103077	0.0663015	0.0846478	0.0826471	0.0765074	0.0797503	0.0817484	0.0788955	0.0768879	0.0623308	0.0725235	0.0935042	0.0999927	0.0684889	0.080813	0.103594	0.0888171	0.0928574	0.0887068	0.0724461	0.0745257	0.0998477	0.0765705	0.0745931	0.0870371	0.0744849	0.0744608	0.0765439	0.076441	0.0824887	0.0725158	0.0745216	0.082642	0.0683153	0.0723881	0.0664721	0.0663981	0.0705389	0.110607	0.0724141	0.085068	0.0704548	0.081404	0.0870542	0.084868	0.0766359	0.0766873	0.0602962	0.0769061	0.0899486	0.0643871	0.064615	0.0664738	0.072533	0.0602859	0.0705519	0.0664362	0.07049	0.0663906	0.0582916	0.0562107	0.0562117	0.0562117	0.0707496	0.0667317	0.0688187	0.0665085	0.0665271	0.0748089	0.0685179	0.0747241	0.060628	0.0604853	0.0648247	0.080807	0.0687745	0.0605837	0.0825199	0.063383	0.056779	0.0687834	0.0751439	0.0750284	0.0789465	0.0657082	0.0531538	0.124472	0.100113	0.11971	0.126125
Cephalopterus_ornatus	0.0989302	0.10605	0.108089	0.135893	0.101792	0.0997878	0.144559	0.157211	0.14946	0.165743	0.164897	0.142821	0.14382	0.157574	0.106967	0.103498	0.134155	0.127851	0.129895	0.123694	0.12571	0.123685	0.121685	0.121685	0.105734	0.116352	0.0953483	0.116103	0.122298	0.117707	0.113675	0.111579	0.10544	0.10747	0.109515	0.107465	0.134396	0.134314	0.134922	0.127893	0.130203	0.201676	0.101317	0.103339	0.124096	0.111487	0.111462	0.111427	0.109394	0.111397	0.0992786	0.101291	0.0992759	0.0972604	0.103503	0.107995	0.129727	0.120648	0.123239	0.117111	0.114578	0.122388	0.160688	0.125951	0.132673	0.145198	0.120925	0.139534	0.139103	0.142528	0.151838	0.139342	0.145367	0.130901	0.146121	0.134398	0.124835	0.128908	0.116425	0.0994495	0.0994355	0.111828	0.120189	0.121873	0.138508	0.117768	0.111613	0.119653	0.125668	0.125822	0.107572	0.105764	0.113684	0.109766	0.11388	0.115899	0.185477	0.176375	0.170973	0.145521	0.134639	0.126493	0.136267	0.13349	0.133716	0.105732	0.125071	0.111973	0.113972	0.150895	0.149066	0.124822	0.112416	0.197553	0.200491	0.137286	0.157328	0.135244	0.164088	0.135052	0.162321	0.130551	0.14237	0.151455	0.144564	0.163466	0.165783	0.17984	0.173235	0.170052	0.18022	0.165949	0.08531	0.0936531	0.104157	0.0913099	0.0872874	0.0872874	0.0933291	0.0913028	0.0998671	0.0955444	0.093542	0.133205	0.134485	0.12134	0.139311	0.157288	0.160189	0.114581	0.0711122	0.0608687	0.0568694	0.075744	0.077541	0.069266	0.0344264	0	0.0447801	0.0426208	0.0385362	0.0506992	0.0589491	0.0589266	0.0632398	0.0714836	0.052754	0.0742546	0.08792	0.0899963	0.0771662	0.106904	0.0964317	0.0969599	0.0895926	0.0834105	0.0982172	0.0727668	0.0831161	0.0851423	0.0894856	0.074708	0.0889867	0.0871183	0.0952378	0.0827953	0.109622	0.0887514	0.0962805	0.0929929	0.105216	0.109527	0.109646	0.10203	0.108138	0.114481	0.100013	0.106042	0.110607	0.108188	0.108144	0.0960087	0.0939165	0.102176	0.102089	0.103203	0.095145	0.0972329	0.0869322	0.0931192	0.107157	0.101031	0.0928049	0.115302	0.108941	0.106979	0.109	0.106906	0.110902	0.117028	0.116994	0.112975	0.117146	0.117111	0.108904	0.120757	0.112922	0.110864	0.110851	0.117028	0.10283	0.115439	0.104982	0.102891	0.0968349	0.0968333	0.12145	0.0846744	0.103021	0.10102	0.0948803	0.0981232	0.100121	0.0972685	0.0952608	0.0807037	0.0908964	0.111877	0.118366	0.0868618	0.0991859	0.121967	0.10719	0.11123	0.10708	0.090819	0.0928986	0.118221	0.0949434	0.092966	0.10541	0.0928578	0.0928338	0.0949168	0.0948139	0.100862	0.0908888	0.0928945	0.101015	0.0866882	0.090761	0.084845	0.0847711	0.0889119	0.128979	0.090787	0.103441	0.0888277	0.099777	0.105427	0.103241	0.0950088	0.0950602	0.0786691	0.095279	0.108322	0.08276	0.0829879	0.0848467	0.0909059	0.0786588	0.0889248	0.0848091	0.0888629	0.0847636	0.0766645	0.0745836	0.0745846	0.0745846	0.0891226	0.0851046	0.0871916	0.0848814	0.0849001	0.0931818	0.0868909	0.093097	0.0790009	0.0788582	0.0831976	0.0991799	0.0871474	0.0789566	0.100893	0.0817559	0.0751519	0.0871563	0.0935168	0.0934014	0.0973194	0.0840811	0.0715267	0.142845	0.118486	0.138083	0.144498
Pachyramphus_minor	0.0949476	0.102068	0.104106	0.13191	0.0978089	0.0958052	0.140576	0.153229	0.145477	0.161761	0.160915	0.138839	0.139838	0.153592	0.102985	0.0995156	0.130172	0.123868	0.125913	0.119711	0.121728	0.119702	0.117703	0.117703	0.101751	0.112369	0.0913657	0.11212	0.118315	0.113725	0.109692	0.107597	0.101458	0.103487	0.105533	0.103483	0.130414	0.130332	0.130939	0.12391	0.126221	0.197694	0.0973341	0.0993567	0.120113	0.107504	0.107479	0.107444	0.105411	0.107414	0.095296	0.0973086	0.0952933	0.0932778	0.0995204	0.104012	0.125745	0.116665	0.119257	0.113128	0.110595	0.118405	0.156705	0.121968	0.128691	0.141215	0.116942	0.135551	0.13512	0.138545	0.147855	0.135359	0.141385	0.126919	0.142139	0.130415	0.120852	0.124925	0.112442	0.0954669	0.0954529	0.107845	0.116206	0.11789	0.134526	0.113785	0.10763	0.115671	0.121685	0.12184	0.103589	0.101781	0.109702	0.105784	0.109898	0.111917	0.181495	0.172392	0.16699	0.141539	0.130656	0.122511	0.132285	0.129508	0.129733	0.101749	0.121088	0.107991	0.10999	0.146912	0.145083	0.120839	0.108433	0.19357	0.196508	0.133303	0.153345	0.131261	0.160106	0.131069	0.158338	0.126569	0.138387	0.147473	0.140582	0.159483	0.1618	0.175857	0.169252	0.16607	0.176237	0.161966	0.0813274	0.0896705	0.100175	0.0873273	0.0833048	0.0833048	0.0893465	0.0873202	0.0958845	0.0915618	0.0895594	0.129223	0.130503	0.117357	0.135328	0.153305	0.156206	0.110598	0.0671296	0.0568861	0.0528868	0.0717614	0.0735584	0.0652834	0.0304438	0.0447801	0	0.0350748	0.0345536	0.0467166	0.0549665	0.054944	0.0592572	0.067501	0.0487714	0.070272	0.0839374	0.0860137	0.0731836	0.102922	0.0924491	0.0929773	0.08561	0.0794279	0.0942346	0.0687843	0.0791335	0.0811597	0.085503	0.0707254	0.0850041	0.0831357	0.0912552	0.0788127	0.105639	0.0847688	0.0922979	0.0890103	0.101233	0.105544	0.105663	0.0980479	0.104156	0.110499	0.0960304	0.102059	0.106624	0.104205	0.104162	0.0920261	0.0899339	0.0981935	0.0981066	0.09922	0.0911624	0.0932503	0.0829496	0.0891366	0.103174	0.0970481	0.0888223	0.11132	0.104959	0.102996	0.105017	0.102923	0.10692	0.113046	0.113011	0.108992	0.113163	0.113129	0.104921	0.116775	0.108939	0.106881	0.106869	0.113046	0.0988474	0.111456	0.100999	0.0989089	0.0928524	0.0928508	0.117467	0.0806918	0.0990381	0.0970374	0.0908977	0.0941406	0.0961387	0.0932859	0.0912782	0.0767211	0.0869138	0.107894	0.114383	0.0828792	0.0952033	0.117985	0.103207	0.107248	0.103097	0.0868364	0.088916	0.114238	0.0909609	0.0889834	0.101427	0.0888752	0.0888512	0.0909342	0.0908313	0.096879	0.0869062	0.0889119	0.0970323	0.0827056	0.0867784	0.0808624	0.0807885	0.0849293	0.124997	0.0868044	0.0994583	0.0848451	0.0957944	0.101444	0.0992584	0.0910262	0.0910776	0.0746865	0.0912964	0.104339	0.0787775	0.0790053	0.0808641	0.0869233	0.0746763	0.0849422	0.0808265	0.0848803	0.080781	0.0726819	0.070601	0.070602	0.070602	0.08514	0.081122	0.083209	0.0808989	0.0809175	0.0891992	0.0829083	0.0891144	0.0750183	0.0748756	0.079215	0.0951974	0.0831648	0.074974	0.0969103	0.0777733	0.0711693	0.0831737	0.0895342	0.0894188	0.0933368	0.0800985	0.0675441	0.138862	0.114504	0.134101	0.140515
Oxyruncus_cristatus	0.0927883	0.0999083	0.101947	0.129751	0.0956496	0.0936459	0.138417	0.15107	0.143318	0.159601	0.158755	0.13668	0.137678	0.151432	0.100825	0.0973562	0.128013	0.121709	0.123753	0.117552	0.119568	0.117543	0.115543	0.115543	0.099592	0.11021	0.0892063	0.109961	0.116156	0.111565	0.107533	0.105437	0.0992984	0.101328	0.103373	0.101323	0.128254	0.128172	0.12878	0.121751	0.124062	0.195534	0.0951748	0.0971974	0.117954	0.105345	0.10532	0.105285	0.103252	0.105255	0.0931367	0.0951493	0.093134	0.0911185	0.0973611	0.101853	0.123585	0.114506	0.117097	0.110969	0.108436	0.116246	0.154546	0.119809	0.126531	0.139056	0.114783	0.133392	0.132961	0.136386	0.145696	0.1332	0.139225	0.124759	0.139979	0.128256	0.118693	0.122766	0.110283	0.0933076	0.0932936	0.105686	0.114047	0.115731	0.132366	0.111626	0.105471	0.113511	0.119526	0.11968	0.10143	0.0996216	0.107542	0.103625	0.107738	0.109757	0.179335	0.170233	0.164831	0.139379	0.128497	0.120351	0.130126	0.127348	0.127574	0.0995898	0.118929	0.105831	0.10783	0.144753	0.142924	0.11868	0.106274	0.191411	0.194349	0.131144	0.151186	0.129102	0.157946	0.12891	0.156179	0.124409	0.136228	0.145314	0.138422	0.157324	0.159641	0.173698	0.167093	0.163911	0.174078	0.159807	0.079168	0.0875112	0.0980155	0.0851679	0.0811454	0.0811454	0.0871871	0.0851609	0.0937252	0.0894025	0.0874001	0.127063	0.128344	0.115198	0.133169	0.151146	0.154047	0.108439	0.0649703	0.0547268	0.0507274	0.0696021	0.071399	0.0631241	0.0282845	0.0426208	0.0350748	0	0.0323942	0.0445573	0.0528071	0.0527847	0.0570978	0.0653417	0.046612	0.0681127	0.081778	0.0838543	0.0710242	0.100762	0.0902898	0.090818	0.0834507	0.0772686	0.0920752	0.0666249	0.0769742	0.0790003	0.0833437	0.0685661	0.0828448	0.0809764	0.0890959	0.0766533	0.10348	0.0826094	0.0901386	0.0868509	0.0990737	0.103385	0.103504	0.0958886	0.101996	0.108339	0.0938711	0.0999001	0.104465	0.102046	0.102002	0.0898668	0.0877745	0.0960342	0.0959473	0.0970606	0.0890031	0.091091	0.0807903	0.0869772	0.101015	0.0948887	0.086663	0.10916	0.102799	0.100837	0.102858	0.100764	0.10476	0.110886	0.110852	0.106833	0.111004	0.110969	0.102762	0.114615	0.10678	0.104722	0.104709	0.110886	0.0966881	0.109297	0.0988401	0.0967495	0.090693	0.0906914	0.115308	0.0785324	0.0968788	0.0948781	0.0887384	0.0919813	0.0939794	0.0911265	0.0891189	0.0745618	0.0847545	0.105735	0.112224	0.0807198	0.093044	0.115825	0.101048	0.105088	0.100938	0.0846771	0.0867566	0.112079	0.0888015	0.086824	0.0992681	0.0867158	0.0866918	0.0887748	0.0886719	0.0947197	0.0847468	0.0867526	0.094873	0.0805463	0.0846191	0.078703	0.0786291	0.0827699	0.122837	0.084645	0.097299	0.0826857	0.093635	0.0992852	0.097099	0.0888668	0.0889182	0.0725271	0.0891371	0.10218	0.0766181	0.0768459	0.0787047	0.0847639	0.0725169	0.0827829	0.0786672	0.0827209	0.0786216	0.0705226	0.0684417	0.0684427	0.0684427	0.0829806	0.0789626	0.0810497	0.0787395	0.0787581	0.0870398	0.0807489	0.0869551	0.0728589	0.0727163	0.0770556	0.093038	0.0810055	0.0728147	0.0947509	0.075614	0.0690099	0.0810144	0.0873748	0.0872594	0.0911774	0.0779391	0.0653848	0.136703	0.112344	0.131941	0.138356
Manacus_manacus	0.0846613	0.0917813	0.09382	0.121624	0.0875226	0.0855189	0.13029	0.142943	0.135191	0.151474	0.150628	0.128553	0.129551	0.143305	0.0926983	0.0892292	0.119886	0.113582	0.115626	0.109425	0.111441	0.109416	0.107416	0.107416	0.091465	0.102083	0.0810793	0.101834	0.108029	0.103438	0.0994058	0.0973103	0.0911714	0.093201	0.0952465	0.0931963	0.120127	0.120045	0.120653	0.113624	0.115935	0.187407	0.0870478	0.0890704	0.109827	0.0972178	0.0971927	0.0971578	0.0951249	0.0971279	0.0850097	0.0870223	0.085007	0.0829915	0.0892341	0.0937261	0.115458	0.106379	0.10897	0.102842	0.100309	0.108119	0.146419	0.111682	0.118404	0.130929	0.106656	0.125265	0.124834	0.128259	0.137569	0.125073	0.131098	0.116632	0.131853	0.120129	0.110566	0.114639	0.102156	0.0851806	0.0851666	0.0975591	0.10592	0.107604	0.124239	0.103499	0.0973437	0.105384	0.111399	0.111553	0.0933028	0.0914946	0.0994155	0.0954975	0.0996114	0.10163	0.171208	0.162106	0.156704	0.131252	0.12037	0.112224	0.121999	0.119221	0.119447	0.0914628	0.110802	0.0977043	0.0997035	0.136626	0.134797	0.110553	0.0981468	0.183284	0.186222	0.123017	0.143059	0.120975	0.149819	0.120783	0.148052	0.116282	0.128101	0.137187	0.130295	0.149197	0.151514	0.165571	0.158966	0.155784	0.165951	0.15168	0.071041	0.0793842	0.0898885	0.0770409	0.0730184	0.0730184	0.0790601	0.0770339	0.0855982	0.0812755	0.0792731	0.118936	0.120217	0.107071	0.125042	0.143019	0.14592	0.100312	0.0568433	0.0465998	0.0426004	0.0614751	0.063272	0.0549971	0.0201633	0.0385362	0.0345536	0.0323942	0	0.0364245	0.0446802	0.0446577	0.0489709	0.0572147	0.038485	0.0599857	0.073651	0.0757273	0.0628972	0.0926353	0.0821628	0.082691	0.0753237	0.0691416	0.0839482	0.0584979	0.0688472	0.0708734	0.0752167	0.0604391	0.0747178	0.0728494	0.0809689	0.0685263	0.0953526	0.0744824	0.0820116	0.0787239	0.0909467	0.0952577	0.0953771	0.0877616	0.0938692	0.100212	0.0857441	0.0917731	0.0963378	0.0939188	0.0938755	0.0817398	0.0796475	0.0879072	0.0878203	0.0889337	0.0808761	0.082964	0.0726633	0.0788502	0.0928878	0.0867617	0.078536	0.101033	0.0946724	0.0927099	0.0947308	0.0926367	0.0966332	0.102759	0.102725	0.098706	0.102877	0.102842	0.0946348	0.106488	0.0986531	0.096595	0.0965824	0.102759	0.0885611	0.10117	0.0907131	0.0886225	0.082566	0.0825644	0.107181	0.0704054	0.0887518	0.0867511	0.0806114	0.0838543	0.0858524	0.0829995	0.0809919	0.0664348	0.0766275	0.0976082	0.104097	0.0725929	0.084917	0.107698	0.0929211	0.0969614	0.0928108	0.0765501	0.0786296	0.103952	0.0806745	0.0786971	0.0911411	0.0785888	0.0785648	0.0806478	0.0805449	0.0865927	0.0766198	0.0786256	0.086746	0.0724193	0.0764921	0.0705761	0.0705021	0.0746429	0.11471	0.076518	0.089172	0.0745587	0.085508	0.0911582	0.088972	0.0807398	0.0807912	0.0644002	0.0810101	0.0940526	0.0684911	0.0687189	0.0705777	0.0766369	0.0643899	0.0746559	0.0705402	0.0745939	0.0704946	0.0623956	0.0603147	0.0603157	0.0603157	0.0748536	0.0708356	0.0729227	0.0706125	0.0706311	0.0789128	0.0726219	0.0788281	0.0647319	0.0645893	0.0689286	0.084911	0.0728785	0.0646877	0.0866239	0.067487	0.0608829	0.0728874	0.0792478	0.0791324	0.0830504	0.0698121	0.0572578	0.128576	0.104217	0.123814	0.130229
Onychorhynchus_coronatus	0.0968243	0.103944	0.105983	0.133787	0.0996857	0.0976819	0.142453	0.155106	0.147354	0.163637	0.162791	0.140716	0.141714	0.155468	0.104861	0.101392	0.132049	0.125745	0.127789	0.121588	0.123604	0.121579	0.119579	0.119579	0.103628	0.114246	0.0932424	0.113997	0.120192	0.115601	0.111569	0.109473	0.103335	0.105364	0.10741	0.105359	0.132291	0.132208	0.132816	0.125787	0.128098	0.19957	0.0992108	0.101233	0.12199	0.109381	0.109356	0.109321	0.107288	0.109291	0.0971727	0.0991853	0.0971701	0.0951546	0.101397	0.105889	0.127621	0.118542	0.121134	0.115005	0.112472	0.120282	0.158582	0.123845	0.130567	0.143092	0.118819	0.137428	0.136997	0.140422	0.149732	0.137236	0.143261	0.128795	0.144016	0.132292	0.122729	0.126802	0.114319	0.0973436	0.0973297	0.109722	0.118083	0.119767	0.136402	0.115662	0.109507	0.117547	0.123562	0.123716	0.105466	0.103658	0.111579	0.107661	0.111774	0.113793	0.183371	0.174269	0.168867	0.143415	0.132533	0.124387	0.134162	0.131384	0.13161	0.103626	0.122965	0.109867	0.111867	0.148789	0.14696	0.122716	0.11031	0.195447	0.198385	0.13518	0.155222	0.133138	0.161982	0.132946	0.160215	0.128445	0.140264	0.14935	0.142458	0.16136	0.163677	0.177734	0.171129	0.167947	0.178114	0.163843	0.0832041	0.0915473	0.102052	0.089204	0.0851815	0.0851815	0.0912232	0.0891969	0.0977612	0.0934385	0.0914362	0.131099	0.13238	0.119234	0.137205	0.155182	0.158083	0.112475	0.0690063	0.0587629	0.0547635	0.0736382	0.0754351	0.0671601	0.0323263	0.0506992	0.0467166	0.0445573	0.0364245	0	0.0568432	0.0568208	0.0611339	0.0693778	0.0506481	0.0721487	0.0858141	0.0878904	0.0750603	0.104798	0.0943259	0.094854	0.0874867	0.0813046	0.0961113	0.070661	0.0810103	0.0830364	0.0873797	0.0726021	0.0868809	0.0850125	0.093132	0.0806894	0.107516	0.0866455	0.0941747	0.090887	0.10311	0.107421	0.10754	0.0999246	0.106032	0.112375	0.0979071	0.103936	0.108501	0.106082	0.106039	0.0939029	0.0918106	0.10007	0.0999834	0.101097	0.0930391	0.0951271	0.0848263	0.0910133	0.105051	0.0989248	0.090699	0.113196	0.106835	0.104873	0.106894	0.1048	0.108796	0.114922	0.114888	0.110869	0.11504	0.115005	0.106798	0.118651	0.110816	0.108758	0.108745	0.114923	0.100724	0.113333	0.102876	0.100786	0.0947291	0.0947275	0.119344	0.0825685	0.100915	0.0989141	0.0927744	0.0960173	0.0980154	0.0951626	0.0931549	0.0785979	0.0887905	0.109771	0.11626	0.0847559	0.0970801	0.119861	0.105084	0.109124	0.104974	0.0887132	0.0907927	0.116115	0.0928376	0.0908601	0.103304	0.0907519	0.0907279	0.0928109	0.092708	0.0987558	0.0887829	0.0907886	0.0989091	0.0845823	0.0886551	0.0827391	0.0826652	0.086806	0.126874	0.0886811	0.101335	0.0867218	0.0976711	0.103321	0.101135	0.0929029	0.0929543	0.0765632	0.0931731	0.106216	0.0806542	0.080882	0.0827408	0.0888	0.076553	0.0868189	0.0827032	0.086757	0.0826577	0.0745586	0.0724777	0.0724787	0.0724787	0.0870167	0.0829987	0.0850858	0.0827756	0.0827942	0.0910759	0.084785	0.0909911	0.076895	0.0767524	0.0810917	0.0970741	0.0850415	0.0768507	0.098787	0.07965	0.073046	0.0850505	0.0914109	0.0912955	0.0952135	0.0819752	0.0694208	0.140739	0.116381	0.135977	0.142392
Piprites_chloris	0.105068	0.112188	0.114227	0.142031	0.10793	0.105926	0.150697	0.16335	0.155598	0.171881	0.171035	0.14896	0.149958	0.163712	0.113105	0.109636	0.140293	0.133989	0.136033	0.129832	0.131848	0.129823	0.127823	0.127823	0.111872	0.12249	0.101486	0.122241	0.128436	0.123845	0.119813	0.117717	0.111578	0.113608	0.115654	0.113603	0.140535	0.140452	0.14106	0.134031	0.136342	0.207814	0.107455	0.109477	0.130234	0.117625	0.1176	0.117565	0.115532	0.117535	0.105417	0.107429	0.105414	0.103399	0.109641	0.114133	0.135865	0.126786	0.129378	0.123249	0.120716	0.128526	0.166826	0.132089	0.138811	0.151336	0.127063	0.145672	0.145241	0.148666	0.157976	0.14548	0.151505	0.137039	0.15226	0.140536	0.130973	0.135046	0.122563	0.105588	0.105574	0.117966	0.126327	0.128011	0.144646	0.123906	0.117751	0.125791	0.131806	0.13196	0.11371	0.111902	0.119822	0.115905	0.120018	0.122037	0.191615	0.182513	0.177111	0.151659	0.140777	0.132631	0.142406	0.139628	0.139854	0.11187	0.131209	0.118111	0.12011	0.157033	0.155204	0.13096	0.118554	0.203691	0.206629	0.143424	0.163466	0.141382	0.170226	0.14119	0.168459	0.136689	0.148508	0.157594	0.150702	0.169604	0.171921	0.185978	0.179373	0.176191	0.186358	0.172087	0.0914481	0.0997912	0.110296	0.097448	0.0934255	0.0934255	0.0994672	0.0974409	0.106005	0.101683	0.0996802	0.139343	0.140624	0.127478	0.145449	0.163426	0.166327	0.120719	0.0772503	0.0670068	0.0630075	0.0818822	0.0836791	0.0754041	0.0405762	0.0589491	0.0549665	0.0528071	0.0446802	0.0568432	0	0.0541546	0.0613666	0.0696105	0.0508867	0.0803927	0.0940581	0.0961344	0.0833043	0.113042	0.10257	0.103098	0.0957307	0.0895486	0.104355	0.078905	0.0892542	0.0912804	0.0956237	0.0808461	0.0951248	0.0932564	0.101376	0.0889334	0.11576	0.0948895	0.102419	0.099131	0.111354	0.115665	0.115784	0.108169	0.114276	0.120619	0.106151	0.11218	0.116745	0.114326	0.114283	0.102147	0.100055	0.108314	0.108227	0.109341	0.101283	0.103371	0.0930703	0.0992573	0.113295	0.107169	0.098943	0.12144	0.115079	0.113117	0.115138	0.113044	0.11704	0.123166	0.123132	0.119113	0.123284	0.123249	0.115042	0.126895	0.11906	0.117002	0.116989	0.123167	0.108968	0.121577	0.11112	0.10903	0.102973	0.102971	0.127588	0.0908125	0.109159	0.107158	0.101018	0.104261	0.106259	0.103407	0.101399	0.0868418	0.0970345	0.118015	0.124504	0.0929999	0.105324	0.128105	0.113328	0.117368	0.113218	0.0969571	0.0990367	0.124359	0.101082	0.0991041	0.111548	0.0989959	0.0989719	0.101055	0.100952	0.107	0.0970269	0.0990326	0.107153	0.0928263	0.0968991	0.0909831	0.0909092	0.09505	0.135118	0.0969251	0.109579	0.0949658	0.105915	0.111565	0.109379	0.101147	0.101198	0.0848072	0.101417	0.11446	0.0888982	0.089126	0.0909848	0.097044	0.084797	0.0950629	0.0909472	0.095001	0.0909017	0.0828026	0.0807217	0.0807227	0.0807227	0.0952607	0.0912427	0.0933298	0.0910196	0.0910382	0.0993199	0.093029	0.0992351	0.085139	0.0849963	0.0893357	0.105318	0.0932855	0.0850947	0.107031	0.087894	0.08129	0.0932944	0.0996549	0.0995395	0.103457	0.0902192	0.0776648	0.148983	0.124625	0.144221	0.150636
Neopipo_cinnamomea	0.105046	0.112166	0.114205	0.142008	0.107907	0.105903	0.150675	0.163327	0.155576	0.171859	0.171013	0.148937	0.149936	0.16369	0.113083	0.109614	0.14027	0.133967	0.136011	0.129809	0.131826	0.1298	0.127801	0.127801	0.11185	0.122467	0.101464	0.122218	0.128413	0.123823	0.11979	0.117695	0.111556	0.113586	0.115631	0.113581	0.140512	0.14043	0.141037	0.134009	0.136319	0.207792	0.107432	0.109455	0.130212	0.117602	0.117577	0.117542	0.11551	0.117513	0.105394	0.107407	0.105392	0.103376	0.109619	0.114111	0.135843	0.126763	0.129355	0.123227	0.120693	0.128504	0.166803	0.132067	0.138789	0.151313	0.12704	0.145649	0.145219	0.148643	0.157953	0.145457	0.151483	0.137017	0.152237	0.140514	0.13095	0.135023	0.12254	0.105565	0.105551	0.117944	0.126304	0.127988	0.144624	0.123884	0.117728	0.125769	0.131784	0.131938	0.113687	0.111879	0.1198	0.115882	0.119996	0.122015	0.191593	0.182491	0.177089	0.151637	0.140755	0.132609	0.142383	0.139606	0.139831	0.111847	0.131186	0.118089	0.120088	0.15701	0.155181	0.130937	0.118531	0.203668	0.206606	0.143401	0.163444	0.141359	0.170204	0.141168	0.168436	0.136667	0.148486	0.157571	0.15068	0.169581	0.171899	0.185955	0.17935	0.176168	0.186335	0.172065	0.0914256	0.0997688	0.110273	0.0974255	0.093403	0.093403	0.0994447	0.0974185	0.105983	0.10166	0.0996577	0.139321	0.140601	0.127456	0.145427	0.163403	0.166304	0.120697	0.0772279	0.0669844	0.0629851	0.0818597	0.0836566	0.0753817	0.0405537	0.0589266	0.054944	0.0527847	0.0446577	0.0568208	0.0541546	0	0.0613442	0.069588	0.0508643	0.0803703	0.0940356	0.0961119	0.0832818	0.11302	0.102547	0.103076	0.0957083	0.0895262	0.104333	0.0788825	0.0892318	0.091258	0.0956013	0.0808237	0.0951024	0.093234	0.101354	0.0889109	0.115737	0.094867	0.102396	0.0991085	0.111331	0.115642	0.115762	0.108146	0.114254	0.120597	0.106129	0.112158	0.116722	0.114303	0.11426	0.102124	0.100032	0.108292	0.108205	0.109318	0.101261	0.103349	0.0930479	0.0992349	0.113272	0.107146	0.0989206	0.121418	0.115057	0.113095	0.115115	0.113021	0.117018	0.123144	0.123109	0.119091	0.123262	0.123227	0.115019	0.126873	0.119038	0.11698	0.116967	0.123144	0.108946	0.121555	0.111098	0.109007	0.102951	0.102949	0.127566	0.09079	0.109136	0.107136	0.100996	0.104239	0.106237	0.103384	0.101376	0.0868194	0.0970121	0.117993	0.124481	0.0929775	0.105302	0.128083	0.113306	0.117346	0.113195	0.0969347	0.0990142	0.124336	0.101059	0.0990817	0.111526	0.0989734	0.0989494	0.101032	0.10093	0.106977	0.0970044	0.0990102	0.107131	0.0928039	0.0968767	0.0909607	0.0908867	0.0950275	0.135095	0.0969026	0.109557	0.0949433	0.105893	0.111543	0.109357	0.101124	0.101176	0.0847848	0.101395	0.114437	0.0888757	0.0891036	0.0909623	0.0970215	0.0847745	0.0950405	0.0909248	0.0949785	0.0908792	0.0827802	0.0806993	0.0807003	0.0807003	0.0952382	0.0912202	0.0933073	0.0909971	0.0910157	0.0992974	0.0930065	0.0992127	0.0851165	0.0849739	0.0893133	0.105296	0.0932631	0.0850723	0.107009	0.0878716	0.0812675	0.093272	0.0996324	0.099517	0.103435	0.0901967	0.0776424	0.148961	0.124602	0.144199	0.150614
Tachuris_rubrigastra	0.109359	0.116479	0.118518	0.146321	0.11222	0.110217	0.154988	0.16764	0.159889	0.176172	0.175326	0.15325	0.154249	0.168003	0.117396	0.113927	0.144583	0.13828	0.140324	0.134123	0.136139	0.134114	0.132114	0.132114	0.116163	0.12678	0.105777	0.126532	0.132726	0.128136	0.124104	0.122008	0.115869	0.117899	0.119944	0.117894	0.144825	0.144743	0.14535	0.138322	0.140632	0.212105	0.111746	0.113768	0.134525	0.121916	0.12189	0.121856	0.119823	0.121826	0.109707	0.11172	0.109705	0.107689	0.113932	0.118424	0.140156	0.131076	0.133668	0.12754	0.125006	0.132817	0.171117	0.13638	0.143102	0.155626	0.131354	0.149962	0.149532	0.152957	0.162267	0.14977	0.155796	0.14133	0.15655	0.144827	0.135263	0.139337	0.126853	0.109878	0.109864	0.122257	0.130617	0.132302	0.148937	0.128197	0.122041	0.130082	0.136097	0.136251	0.118001	0.116192	0.124113	0.120195	0.124309	0.126328	0.195906	0.186804	0.181402	0.15595	0.145068	0.136922	0.146696	0.143919	0.144144	0.116161	0.135499	0.122402	0.124401	0.161323	0.159495	0.135251	0.122844	0.207982	0.210919	0.147715	0.167757	0.145672	0.174517	0.145481	0.17275	0.14098	0.152799	0.161884	0.154993	0.173894	0.176212	0.190268	0.183664	0.180481	0.190648	0.176378	0.0957388	0.104082	0.114586	0.101739	0.0977162	0.0977162	0.103758	0.101732	0.110296	0.105973	0.103971	0.143634	0.144914	0.131769	0.14974	0.167716	0.170617	0.12501	0.081541	0.0712975	0.0672982	0.0861729	0.0879698	0.0796948	0.0448669	0.0632398	0.0592572	0.0570978	0.0489709	0.0611339	0.0613666	0.0613442	0	0.0628071	0.0551775	0.0846834	0.0983488	0.100425	0.087595	0.117333	0.106861	0.107389	0.100021	0.0938393	0.108646	0.0831957	0.0935449	0.0955711	0.0999144	0.0851368	0.0994155	0.0975472	0.105667	0.0932241	0.12005	0.0991802	0.106709	0.103422	0.115644	0.119955	0.120075	0.112459	0.118567	0.12491	0.110442	0.116471	0.121036	0.118617	0.118573	0.106438	0.104345	0.112605	0.112518	0.113631	0.105574	0.107662	0.097361	0.103548	0.117586	0.111459	0.103234	0.125731	0.11937	0.117408	0.119429	0.117334	0.121331	0.127457	0.127422	0.123404	0.127575	0.12754	0.119333	0.131186	0.123351	0.121293	0.12128	0.127457	0.113259	0.125868	0.115411	0.11332	0.107264	0.107262	0.131879	0.0951032	0.11345	0.111449	0.105309	0.108552	0.11055	0.107697	0.10569	0.0911325	0.101325	0.122306	0.128794	0.0972906	0.109615	0.132396	0.117619	0.121659	0.117509	0.101248	0.103327	0.128649	0.105372	0.103395	0.115839	0.103287	0.103263	0.105346	0.105243	0.11129	0.101318	0.103323	0.111444	0.097117	0.10119	0.0952738	0.0951999	0.0993407	0.139408	0.101216	0.11387	0.0992565	0.110206	0.115856	0.11367	0.105438	0.105489	0.0890979	0.105708	0.11875	0.0931889	0.0934167	0.0952755	0.101335	0.0890877	0.0993536	0.0952379	0.0992917	0.0951924	0.0870933	0.0850124	0.0850134	0.0850134	0.0995514	0.0955334	0.0976205	0.0953103	0.0953289	0.103611	0.0973197	0.103526	0.0894297	0.089287	0.0936264	0.109609	0.0975762	0.0893854	0.111322	0.0921847	0.0855807	0.0975852	0.103946	0.10383	0.107748	0.0945099	0.0819555	0.153274	0.128915	0.148512	0.154927
Mionectes_macconnelli	0.117603	0.124723	0.126762	0.154565	0.120464	0.11846	0.163232	0.175884	0.168133	0.184416	0.18357	0.161494	0.162493	0.176247	0.12564	0.122171	0.152827	0.146524	0.148568	0.142366	0.144383	0.142357	0.140358	0.140358	0.124407	0.135024	0.114021	0.134775	0.14097	0.13638	0.132347	0.130252	0.124113	0.126143	0.128188	0.126138	0.153069	0.152987	0.153594	0.146566	0.148876	0.220349	0.119989	0.122012	0.142769	0.130159	0.130134	0.130099	0.128067	0.13007	0.117951	0.119964	0.117949	0.115933	0.122176	0.126668	0.1484	0.13932	0.141912	0.135784	0.13325	0.141061	0.17936	0.144624	0.151346	0.16387	0.139597	0.158206	0.157776	0.1612	0.17051	0.158014	0.16404	0.149574	0.164794	0.153071	0.143507	0.14758	0.135097	0.118122	0.118108	0.130501	0.138861	0.140545	0.157181	0.136441	0.130285	0.138326	0.144341	0.144495	0.126244	0.124436	0.132357	0.128439	0.132553	0.134572	0.20415	0.195048	0.189646	0.164194	0.153312	0.145166	0.15494	0.152163	0.152388	0.124404	0.143743	0.130646	0.132645	0.169567	0.167738	0.143494	0.131088	0.216225	0.219163	0.155958	0.176001	0.153916	0.182761	0.153725	0.180993	0.149224	0.161043	0.170128	0.163237	0.182138	0.184456	0.198512	0.191907	0.188725	0.198892	0.184622	0.103983	0.112326	0.12283	0.109983	0.10596	0.10596	0.112002	0.109975	0.11854	0.114217	0.112215	0.151878	0.153158	0.140013	0.157984	0.17596	0.178861	0.133254	0.0897849	0.0795414	0.075542	0.0944167	0.0962136	0.0879387	0.0531107	0.0714836	0.067501	0.0653417	0.0572147	0.0693778	0.0696105	0.069588	0.0628071	0	0.0634213	0.0929273	0.106593	0.108669	0.0958388	0.125577	0.115104	0.115633	0.108265	0.102083	0.11689	0.0914395	0.101789	0.103815	0.108158	0.0933807	0.107659	0.105791	0.113911	0.101468	0.128294	0.107424	0.114953	0.111666	0.123888	0.128199	0.128319	0.120703	0.126811	0.133154	0.118686	0.124715	0.129279	0.12686	0.126817	0.114681	0.112589	0.120849	0.120762	0.121875	0.113818	0.115906	0.105605	0.111792	0.125829	0.119703	0.111478	0.133975	0.127614	0.125652	0.127672	0.125578	0.129575	0.135701	0.135666	0.131648	0.135819	0.135784	0.127576	0.13943	0.131595	0.129537	0.129524	0.135701	0.121503	0.134112	0.123655	0.121564	0.115508	0.115506	0.140123	0.103347	0.121693	0.119693	0.113553	0.116796	0.118794	0.115941	0.113933	0.0993764	0.109569	0.13055	0.137038	0.105534	0.117859	0.14064	0.125863	0.129903	0.125752	0.109492	0.111571	0.136893	0.113616	0.111639	0.124083	0.11153	0.111506	0.113589	0.113487	0.119534	0.109561	0.111567	0.119688	0.105361	0.109434	0.103518	0.103444	0.107585	0.147652	0.10946	0.122114	0.1075	0.11845	0.1241	0.121914	0.113681	0.113733	0.0973418	0.113952	0.126994	0.101433	0.101661	0.103519	0.109579	0.0973315	0.107597	0.103482	0.107536	0.103436	0.0953372	0.0932563	0.0932573	0.0932573	0.107795	0.103777	0.105864	0.103554	0.103573	0.111854	0.105564	0.11177	0.0976735	0.0975309	0.10187	0.117853	0.10582	0.0976293	0.119566	0.100429	0.0938245	0.105829	0.112189	0.112074	0.115992	0.102754	0.0901994	0.161518	0.137159	0.156756	0.163171
Tyrannus_savana	0.0988732	0.105993	0.108032	0.135836	0.101735	0.0997308	0.144502	0.157154	0.149403	0.165686	0.16484	0.142764	0.143763	0.157517	0.10691	0.103441	0.134098	0.127794	0.129838	0.123637	0.125653	0.123628	0.121628	0.121628	0.105677	0.116295	0.0952913	0.116046	0.122241	0.11765	0.113618	0.111522	0.105383	0.107413	0.109458	0.107408	0.134339	0.134257	0.134865	0.127836	0.130146	0.201619	0.10126	0.103282	0.124039	0.11143	0.111405	0.11137	0.109337	0.11134	0.0992216	0.101234	0.0992189	0.0972034	0.103446	0.107938	0.12967	0.120591	0.123182	0.117054	0.114521	0.122331	0.160631	0.125894	0.132616	0.145141	0.120868	0.139476	0.139046	0.142471	0.151781	0.139285	0.14531	0.130844	0.146064	0.134341	0.124778	0.128851	0.116368	0.0993925	0.0993785	0.111771	0.120132	0.121816	0.138451	0.117711	0.111556	0.119596	0.125611	0.125765	0.107515	0.105706	0.113627	0.109709	0.113823	0.115842	0.18542	0.176318	0.170916	0.145464	0.134582	0.126436	0.13621	0.133433	0.133659	0.105675	0.125013	0.111916	0.113915	0.150838	0.149009	0.124765	0.112359	0.197496	0.200434	0.137229	0.157271	0.135186	0.164031	0.134995	0.162264	0.130494	0.142313	0.151398	0.144507	0.163409	0.165726	0.179783	0.173178	0.169995	0.180163	0.165892	0.0852529	0.0935961	0.1041	0.0912529	0.0872304	0.0872304	0.093272	0.0912458	0.0998101	0.0954874	0.093485	0.133148	0.134428	0.121283	0.139254	0.157231	0.160132	0.114524	0.0710552	0.0608117	0.0568124	0.075687	0.077484	0.069209	0.034381	0.052754	0.0487714	0.046612	0.038485	0.0506481	0.0508867	0.0508643	0.0551775	0.0634213	0	0.0741976	0.087863	0.0899392	0.0771092	0.106847	0.0963747	0.0969029	0.0895356	0.0833535	0.0981601	0.0727098	0.0830591	0.0850853	0.0894286	0.074651	0.0889297	0.0870613	0.0951808	0.0827382	0.109565	0.0886944	0.0962235	0.0929358	0.105159	0.10947	0.109589	0.101973	0.108081	0.114424	0.099956	0.105985	0.11055	0.108131	0.108087	0.0959517	0.0938595	0.102119	0.102032	0.103146	0.095088	0.0971759	0.0868752	0.0930622	0.1071	0.100974	0.0927479	0.115245	0.108884	0.106922	0.108943	0.106849	0.110845	0.116971	0.116937	0.112918	0.117089	0.117054	0.108847	0.1207	0.112865	0.110807	0.110794	0.116971	0.102773	0.115382	0.104925	0.102834	0.0967779	0.0967763	0.121393	0.0846174	0.102964	0.100963	0.0948233	0.0980662	0.100064	0.0972114	0.0952038	0.0806467	0.0908394	0.11182	0.118309	0.0868048	0.0991289	0.12191	0.107133	0.111173	0.107023	0.090762	0.0928416	0.118164	0.0948864	0.092909	0.105353	0.0928008	0.0927767	0.0948598	0.0947569	0.100805	0.0908317	0.0928375	0.100958	0.0866312	0.090704	0.084788	0.084714	0.0888548	0.128922	0.09073	0.103384	0.0887707	0.0997199	0.10537	0.103184	0.0949518	0.0950032	0.0786121	0.095222	0.108265	0.082703	0.0829309	0.0847897	0.0908489	0.0786018	0.0888678	0.0847521	0.0888059	0.0847065	0.0766075	0.0745266	0.0745276	0.0745276	0.0890655	0.0850476	0.0871346	0.0848244	0.084843	0.0931248	0.0868338	0.09304	0.0789439	0.0788012	0.0831406	0.0991229	0.0870904	0.0788996	0.100836	0.0816989	0.0750949	0.0870993	0.0934598	0.0933443	0.0972624	0.0840241	0.0714697	0.142788	0.118429	0.138026	0.144441
Atrichornis_clamosus	0.112363	0.119483	0.121522	0.149326	0.115224	0.113221	0.157992	0.170644	0.162893	0.179176	0.17833	0.156254	0.157253	0.171007	0.1204	0.116931	0.147587	0.141284	0.143328	0.137127	0.139143	0.137118	0.135118	0.135118	0.119167	0.129785	0.108781	0.129536	0.135731	0.13114	0.127108	0.125012	0.118873	0.120903	0.122948	0.120898	0.147829	0.147747	0.148354	0.141326	0.143636	0.215109	0.11475	0.116772	0.137529	0.12492	0.124895	0.12486	0.122827	0.12483	0.112712	0.114724	0.112709	0.110693	0.116936	0.121428	0.14316	0.13408	0.136672	0.130544	0.12801	0.135821	0.174121	0.139384	0.146106	0.158631	0.134358	0.152966	0.152536	0.155961	0.165271	0.152774	0.1588	0.144334	0.159554	0.147831	0.138267	0.142341	0.129857	0.112882	0.112868	0.125261	0.133622	0.135306	0.151941	0.131201	0.125046	0.133086	0.139101	0.139255	0.121005	0.119196	0.127117	0.123199	0.127313	0.129332	0.19891	0.189808	0.184406	0.158954	0.148072	0.139926	0.1497	0.146923	0.147148	0.119165	0.138503	0.125406	0.127405	0.164328	0.162499	0.138255	0.125849	0.210986	0.213923	0.150719	0.170761	0.148676	0.177521	0.148485	0.175754	0.143984	0.155803	0.164888	0.157997	0.176899	0.179216	0.193273	0.186668	0.183485	0.193653	0.179382	0.0987429	0.107086	0.11759	0.104743	0.10072	0.10072	0.106762	0.104736	0.1133	0.108977	0.106975	0.146638	0.147918	0.134773	0.152744	0.170721	0.173622	0.128014	0.0845506	0.0743072	0.0703078	0.0891825	0.0909794	0.0827044	0.0558817	0.0742546	0.070272	0.0681127	0.0599857	0.0721487	0.0803927	0.0803703	0.0846834	0.0929273	0.0741976	0	0.0630201	0.0791459	0.0663158	0.0960539	0.0855814	0.0861096	0.0787423	0.0725602	0.0873668	0.0619165	0.0722658	0.0742919	0.0786353	0.0638576	0.0781364	0.076268	0.0843875	0.0719449	0.0987712	0.077901	0.0854302	0.0821425	0.0943653	0.0986763	0.0987957	0.0911801	0.0972878	0.103631	0.0891627	0.0951917	0.0997564	0.0973373	0.0972941	0.0851584	0.0830661	0.0913258	0.0912389	0.0923522	0.0842946	0.0863826	0.0760819	0.0822688	0.0963064	0.0901803	0.0819546	0.104452	0.0980909	0.0961285	0.0981494	0.0960553	0.100052	0.106178	0.106143	0.102125	0.106296	0.106261	0.0980534	0.109907	0.102072	0.100014	0.100001	0.106178	0.0919796	0.104589	0.0941317	0.0920411	0.0859846	0.085983	0.1106	0.073824	0.0921704	0.0901696	0.0840299	0.0872728	0.089271	0.0864181	0.0844105	0.0698534	0.080046	0.101027	0.107515	0.0760114	0.0883356	0.111117	0.0963397	0.10038	0.0962294	0.0799687	0.0820482	0.10737	0.0840931	0.0821156	0.0945597	0.0820074	0.0819834	0.0840664	0.0839635	0.0900113	0.0800384	0.0820442	0.0901646	0.0758379	0.0799106	0.0739946	0.0739207	0.0780615	0.118129	0.0799366	0.0925906	0.0779773	0.0889266	0.0945767	0.0923906	0.0841584	0.0842098	0.0678187	0.0844287	0.0974712	0.0719097	0.0721375	0.0739963	0.0800555	0.0678085	0.0780745	0.0739588	0.0780125	0.0739132	0.0658142	0.0637333	0.0637343	0.0637343	0.0782722	0.0742542	0.0763413	0.0740311	0.0740497	0.0823314	0.0760405	0.0822467	0.0681505	0.0680079	0.0723472	0.0883296	0.0762971	0.0681063	0.114326	0.0951888	0.0885848	0.100589	0.10695	0.106834	0.110752	0.097514	0.0849596	0.156278	0.131919	0.151516	0.157931
Menura_novaehollandiae	0.126029	0.133149	0.135187	0.162991	0.12889	0.126886	0.171657	0.18431	0.176558	0.192842	0.191996	0.16992	0.170918	0.184672	0.134065	0.130596	0.161253	0.154949	0.156994	0.150792	0.152808	0.150783	0.148783	0.148783	0.132832	0.14345	0.122447	0.143201	0.149396	0.144805	0.140773	0.138677	0.132539	0.134568	0.136614	0.134564	0.161495	0.161412	0.16202	0.154991	0.157302	0.228775	0.128415	0.130438	0.151194	0.138585	0.13856	0.138525	0.136492	0.138495	0.126377	0.128389	0.126374	0.124359	0.130601	0.135093	0.156826	0.147746	0.150338	0.144209	0.141676	0.149486	0.187786	0.153049	0.159771	0.172296	0.148023	0.166632	0.166201	0.169626	0.178936	0.16644	0.172465	0.158	0.17322	0.161496	0.151933	0.156006	0.143523	0.126548	0.126534	0.138926	0.147287	0.148971	0.165607	0.144866	0.138711	0.146752	0.152766	0.15292	0.13467	0.132862	0.140783	0.136865	0.140979	0.142998	0.212576	0.203473	0.198071	0.17262	0.161737	0.153592	0.163366	0.160589	0.160814	0.13283	0.152169	0.139072	0.141071	0.177993	0.176164	0.15192	0.139514	0.224651	0.227589	0.164384	0.184426	0.162342	0.191186	0.16215	0.189419	0.15765	0.169468	0.178554	0.171663	0.190564	0.192881	0.206938	0.200333	0.197151	0.207318	0.193047	0.112408	0.120751	0.131256	0.118408	0.114386	0.114386	0.120427	0.118401	0.126965	0.122643	0.12064	0.160304	0.161584	0.148438	0.166409	0.184386	0.187287	0.141679	0.098216	0.0879725	0.0839732	0.102848	0.104645	0.0963698	0.0695471	0.08792	0.0839374	0.081778	0.073651	0.0858141	0.0940581	0.0940356	0.0983488	0.106593	0.087863	0.0630201	0	0.0928113	0.0799812	0.109719	0.0992468	0.0997749	0.0924076	0.0862255	0.101032	0.0755819	0.0859312	0.0879573	0.0923006	0.077523	0.0918018	0.0899334	0.0980529	0.0856103	0.112437	0.0915664	0.0990956	0.0958079	0.108031	0.112342	0.112461	0.104846	0.110953	0.117296	0.102828	0.108857	0.113422	0.111003	0.110959	0.0988238	0.0967315	0.104991	0.104904	0.106018	0.09796	0.100048	0.0897472	0.0959342	0.109972	0.103846	0.0956199	0.118117	0.111756	0.109794	0.111815	0.109721	0.113717	0.119843	0.119809	0.11579	0.119961	0.119926	0.111719	0.123572	0.115737	0.113679	0.113666	0.119843	0.105645	0.118254	0.107797	0.105707	0.09965	0.0996484	0.124265	0.0874894	0.105836	0.103835	0.0976953	0.100938	0.102936	0.100083	0.0980758	0.0835188	0.0937114	0.114692	0.121181	0.0896768	0.102001	0.124782	0.110005	0.114045	0.109895	0.0936341	0.0957136	0.121036	0.0977585	0.095781	0.108225	0.0956728	0.0956488	0.0977318	0.0976289	0.103677	0.0937038	0.0957095	0.10383	0.0895032	0.093576	0.08766	0.0875861	0.0917269	0.131794	0.093602	0.106256	0.0916427	0.102592	0.108242	0.106056	0.0978238	0.0978752	0.0814841	0.098094	0.111137	0.0855751	0.0858029	0.0876617	0.0937209	0.0814739	0.0917398	0.0876241	0.0916779	0.0875786	0.0794795	0.0773986	0.0773996	0.0773996	0.0919376	0.0879196	0.0900067	0.0876965	0.0877151	0.0959968	0.0897059	0.095912	0.0818159	0.0816733	0.0860126	0.101995	0.0899624	0.0817716	0.127991	0.108854	0.10225	0.114255	0.120615	0.1205	0.124418	0.111179	0.098625	0.169943	0.145585	0.165181	0.171596
Climacteris_rufus	0.128105	0.135225	0.137264	0.165067	0.130966	0.128962	0.173734	0.186386	0.178635	0.194918	0.194072	0.171996	0.172995	0.186749	0.136142	0.132673	0.163329	0.157026	0.15907	0.152868	0.154885	0.152859	0.15086	0.15086	0.134909	0.145526	0.124523	0.145277	0.151472	0.146882	0.142849	0.140754	0.134615	0.136645	0.13869	0.13664	0.163571	0.163489	0.164096	0.157068	0.159378	0.230851	0.130491	0.132514	0.153271	0.140661	0.140636	0.140601	0.138568	0.140571	0.128453	0.130466	0.128451	0.126435	0.132678	0.13717	0.158902	0.149822	0.152414	0.146286	0.143752	0.151562	0.189862	0.155126	0.161848	0.174372	0.150099	0.168708	0.168278	0.171702	0.181012	0.168516	0.174542	0.160076	0.175296	0.163573	0.154009	0.158082	0.145599	0.128624	0.12861	0.141003	0.149363	0.151047	0.167683	0.146942	0.140787	0.148828	0.154843	0.154997	0.136746	0.134938	0.142859	0.138941	0.143055	0.145074	0.214652	0.20555	0.200148	0.174696	0.163814	0.155668	0.165442	0.162665	0.16289	0.134906	0.154245	0.141148	0.143147	0.180069	0.17824	0.153996	0.14159	0.226727	0.229665	0.16646	0.186503	0.164418	0.193263	0.164227	0.191495	0.159726	0.171545	0.18063	0.173739	0.19264	0.194958	0.209014	0.202409	0.199227	0.209394	0.195124	0.114485	0.122828	0.133332	0.120484	0.116462	0.116462	0.122504	0.120477	0.129042	0.124719	0.122717	0.16238	0.16366	0.150515	0.168486	0.186462	0.189363	0.143755	0.100292	0.0900488	0.0860495	0.104924	0.106721	0.0984461	0.0716233	0.0899963	0.0860137	0.0838543	0.0757273	0.0878904	0.0961344	0.0961119	0.100425	0.108669	0.0899392	0.0791459	0.0928113	0	0.0628208	0.107877	0.097404	0.0979322	0.0905649	0.0843828	0.0991895	0.0737392	0.0840884	0.0861146	0.0904579	0.0756803	0.089959	0.0880906	0.0962101	0.0837676	0.110594	0.0897237	0.0972528	0.0939652	0.106188	0.110499	0.110618	0.103003	0.10911	0.115453	0.100985	0.107014	0.111579	0.10916	0.109117	0.096981	0.0948888	0.103148	0.103062	0.104175	0.0961173	0.0982052	0.0879045	0.0940915	0.108129	0.102003	0.0937772	0.116275	0.109914	0.107951	0.109972	0.107878	0.111874	0.118001	0.117966	0.113947	0.118118	0.118084	0.109876	0.12173	0.113894	0.111836	0.111824	0.118001	0.103802	0.116411	0.105954	0.103864	0.0978073	0.0978057	0.122422	0.0856467	0.103993	0.101992	0.0958526	0.0990955	0.101094	0.0982408	0.0962331	0.081676	0.0918687	0.112849	0.119338	0.0878341	0.100158	0.12294	0.108162	0.112203	0.108052	0.0917913	0.0938709	0.119193	0.0959158	0.0939383	0.106382	0.0938301	0.0938061	0.0958891	0.0957862	0.101834	0.0918611	0.0938668	0.101987	0.0876605	0.0917333	0.0858173	0.0857434	0.0898842	0.129952	0.0917593	0.104413	0.0898	0.100749	0.106399	0.104213	0.0959811	0.0960325	0.0796414	0.0962513	0.109294	0.0837324	0.0839602	0.085819	0.0918782	0.0796312	0.0898971	0.0857814	0.0898352	0.0857359	0.0776368	0.0755559	0.0755569	0.0755569	0.0900949	0.0860769	0.0881639	0.0858538	0.0858724	0.0941541	0.0878632	0.0940693	0.0799732	0.0798305	0.0841699	0.100152	0.0881197	0.0799289	0.130067	0.11093	0.104326	0.116331	0.122691	0.122576	0.126494	0.113256	0.100701	0.17202	0.147661	0.167258	0.173673
Ptilonorhynchus_violaceus	0.115275	0.122395	0.124433	0.152237	0.118136	0.116132	0.160904	0.173556	0.165805	0.182088	0.181242	0.159166	0.160165	0.173919	0.123312	0.119843	0.150499	0.144195	0.14624	0.140038	0.142055	0.140029	0.13803	0.13803	0.122078	0.132696	0.111693	0.132447	0.138642	0.134052	0.130019	0.127924	0.121785	0.123814	0.12586	0.12381	0.150741	0.150659	0.151266	0.144237	0.146548	0.218021	0.117661	0.119684	0.14044	0.127831	0.127806	0.127771	0.125738	0.127741	0.115623	0.117636	0.11562	0.113605	0.119848	0.12434	0.146072	0.136992	0.139584	0.133456	0.130922	0.138732	0.177032	0.142296	0.149018	0.161542	0.137269	0.155878	0.155447	0.158872	0.168182	0.155686	0.161712	0.147246	0.162466	0.150743	0.141179	0.145252	0.132769	0.115794	0.11578	0.128173	0.136533	0.138217	0.154853	0.134112	0.127957	0.135998	0.142013	0.142167	0.123916	0.122108	0.130029	0.126111	0.130225	0.132244	0.201822	0.192719	0.187318	0.161866	0.150983	0.142838	0.152612	0.149835	0.15006	0.122076	0.141415	0.128318	0.130317	0.167239	0.16541	0.141166	0.12876	0.213897	0.216835	0.15363	0.173673	0.151588	0.180433	0.151397	0.178665	0.146896	0.158715	0.1678	0.160909	0.17981	0.182128	0.196184	0.189579	0.186397	0.196564	0.182294	0.101654	0.109998	0.120502	0.107654	0.103632	0.103632	0.109674	0.107647	0.116212	0.111889	0.109887	0.14955	0.15083	0.137685	0.155655	0.173632	0.176533	0.130925	0.0874622	0.0772187	0.0732194	0.0920941	0.093891	0.085616	0.0587933	0.0771662	0.0731836	0.0710242	0.0628972	0.0750603	0.0833043	0.0832818	0.087595	0.0958388	0.0771092	0.0663158	0.0799812	0.0628208	0	0.0950465	0.084574	0.0851021	0.0777348	0.0715527	0.0863594	0.0609091	0.0712584	0.0732845	0.0776278	0.0628502	0.077129	0.0752606	0.0833801	0.0709375	0.0977637	0.0768936	0.0844228	0.0811351	0.0933578	0.0976688	0.0977882	0.0901727	0.0962804	0.102623	0.0881552	0.0941842	0.098749	0.0963299	0.0962866	0.084151	0.0820587	0.0903184	0.0902315	0.0913448	0.0832872	0.0853752	0.0750744	0.0812614	0.095299	0.0891729	0.0809471	0.103444	0.0970835	0.0951211	0.097142	0.0950479	0.0990444	0.105171	0.105136	0.101117	0.105288	0.105254	0.0970459	0.1089	0.101064	0.0990062	0.0989936	0.105171	0.0909722	0.103581	0.0931243	0.0910337	0.0849772	0.0849756	0.109592	0.0728166	0.091163	0.0891622	0.0830225	0.0862654	0.0882635	0.0854107	0.083403	0.068846	0.0790386	0.100019	0.106508	0.075004	0.0873282	0.11011	0.0953323	0.0993726	0.095222	0.0789613	0.0810408	0.106363	0.0830857	0.0811082	0.0935523	0.081	0.080976	0.083059	0.0829561	0.0890039	0.079031	0.0810367	0.0891572	0.0748304	0.0789032	0.0729872	0.0729133	0.0770541	0.117122	0.0789292	0.0915832	0.0769699	0.0879192	0.0935693	0.0913832	0.083151	0.0832024	0.0668113	0.0834212	0.0964638	0.0709023	0.0711301	0.0729889	0.0790481	0.0668011	0.077067	0.0729513	0.0770051	0.0729058	0.0648067	0.0627258	0.0627268	0.0627268	0.0772648	0.0732468	0.0753339	0.0730237	0.0730423	0.081324	0.0750331	0.0812392	0.0671431	0.0670005	0.0713398	0.0873222	0.0752896	0.0670988	0.117237	0.0981004	0.0914964	0.103501	0.109861	0.109746	0.113664	0.100426	0.0878712	0.159189	0.134831	0.154428	0.160843
Malurus_elegans	0.145013	0.152133	0.154172	0.181975	0.147874	0.14587	0.190642	0.203294	0.195543	0.211826	0.21098	0.188904	0.189903	0.203657	0.15305	0.149581	0.180237	0.173934	0.175978	0.169776	0.171793	0.169767	0.167768	0.167768	0.151817	0.162434	0.141431	0.162185	0.16838	0.16379	0.159757	0.157662	0.151523	0.153553	0.155598	0.153548	0.180479	0.180397	0.181004	0.173976	0.176286	0.247759	0.147399	0.149422	0.170179	0.157569	0.157544	0.157509	0.155476	0.157479	0.145361	0.147374	0.145359	0.143343	0.149586	0.154078	0.17581	0.16673	0.169322	0.163194	0.16066	0.16847	0.20677	0.172034	0.178756	0.19128	0.167007	0.185616	0.185186	0.18861	0.19792	0.185424	0.19145	0.176984	0.192204	0.180481	0.170917	0.17499	0.162507	0.145532	0.145518	0.157911	0.166271	0.167955	0.184591	0.16385	0.157695	0.165736	0.171751	0.171905	0.153654	0.151846	0.159767	0.155849	0.159963	0.161982	0.23156	0.222458	0.217056	0.191604	0.180722	0.172576	0.18235	0.179573	0.179798	0.151814	0.171153	0.158056	0.160055	0.196977	0.195148	0.170904	0.158498	0.243635	0.246573	0.183368	0.203411	0.181326	0.210171	0.181135	0.208403	0.176634	0.188453	0.197538	0.190647	0.209548	0.211866	0.225922	0.219317	0.216135	0.226302	0.212032	0.131393	0.139736	0.15024	0.137392	0.13337	0.13337	0.139412	0.137385	0.14595	0.141627	0.139625	0.179288	0.180568	0.167423	0.185394	0.20337	0.206271	0.160663	0.1172	0.106957	0.102957	0.121832	0.123629	0.115354	0.0885314	0.106904	0.102922	0.100762	0.0926353	0.104798	0.113042	0.11302	0.117333	0.125577	0.106847	0.0960539	0.109719	0.107877	0.0950465	0	0.0980121	0.0985403	0.091173	0.0849909	0.10804	0.0825898	0.0929391	0.0949652	0.0993086	0.084531	0.0988097	0.0969413	0.105061	0.0926182	0.119444	0.0985743	0.106104	0.102816	0.115039	0.11935	0.119469	0.111853	0.117961	0.124304	0.109836	0.115865	0.12043	0.118011	0.117967	0.105832	0.103739	0.111999	0.111912	0.113026	0.104968	0.107056	0.0967552	0.102942	0.11698	0.110854	0.102628	0.125125	0.118764	0.116802	0.118823	0.116729	0.120725	0.126851	0.126817	0.122798	0.126969	0.126934	0.118727	0.13058	0.122745	0.120687	0.120674	0.126851	0.112653	0.125262	0.114805	0.112714	0.106658	0.106656	0.131273	0.0944973	0.112844	0.110843	0.104703	0.107946	0.109944	0.107091	0.105084	0.0905267	0.100719	0.1217	0.128189	0.0966848	0.109009	0.13179	0.117013	0.121053	0.116903	0.100642	0.102722	0.128044	0.104766	0.102789	0.115233	0.102681	0.102657	0.10474	0.104637	0.110685	0.100712	0.102717	0.110838	0.0965112	0.100584	0.094668	0.094594	0.0987348	0.138802	0.10061	0.113264	0.0986506	0.1096	0.11525	0.113064	0.104832	0.104883	0.0884921	0.105102	0.118145	0.092583	0.0928108	0.0946696	0.100729	0.0884818	0.0987478	0.0946321	0.0986858	0.0945865	0.0864875	0.0844066	0.0844076	0.0844076	0.0989455	0.0949275	0.0970146	0.0947044	0.094723	0.103005	0.0967138	0.10292	0.0888238	0.0886812	0.0930205	0.109003	0.0969704	0.0887796	0.146975	0.127838	0.121234	0.133239	0.139599	0.139484	0.143402	0.130164	0.117609	0.188928	0.164569	0.184166	0.190581
Dasyornis_broadbenti	0.13454	0.14166	0.143699	0.171503	0.137402	0.135398	0.180169	0.192822	0.18507	0.201353	0.200507	0.178432	0.17943	0.193184	0.142577	0.139108	0.169765	0.163461	0.165505	0.159304	0.16132	0.159295	0.157295	0.157295	0.141344	0.151962	0.130958	0.151713	0.157908	0.153317	0.149285	0.147189	0.14105	0.14308	0.145125	0.143075	0.170006	0.169924	0.170532	0.163503	0.165814	0.237286	0.136927	0.138949	0.159706	0.147097	0.147072	0.147037	0.145004	0.147007	0.134889	0.136901	0.134886	0.13287	0.139113	0.143605	0.165337	0.156258	0.158849	0.152721	0.150188	0.157998	0.196298	0.161561	0.168283	0.180808	0.156535	0.175144	0.174713	0.178138	0.187448	0.174952	0.180977	0.166511	0.181731	0.170008	0.160445	0.164518	0.152035	0.13506	0.135046	0.147438	0.155799	0.157483	0.174118	0.153378	0.147223	0.155263	0.161278	0.161432	0.143182	0.141374	0.149294	0.145376	0.14949	0.151509	0.221087	0.211985	0.206583	0.181131	0.170249	0.162103	0.171878	0.1691	0.169326	0.141342	0.160681	0.147583	0.149582	0.186505	0.184676	0.160432	0.148026	0.233163	0.236101	0.172896	0.192938	0.170854	0.199698	0.170662	0.197931	0.166161	0.17798	0.187066	0.180174	0.199076	0.201393	0.21545	0.208845	0.205663	0.21583	0.201559	0.12092	0.129263	0.139767	0.12692	0.122897	0.122897	0.128939	0.126913	0.135477	0.131154	0.129152	0.168815	0.170096	0.15695	0.174921	0.192898	0.195799	0.150191	0.106728	0.0964843	0.0924849	0.11136	0.113157	0.104882	0.0780588	0.0964317	0.0924491	0.0902898	0.0821628	0.0943259	0.10257	0.102547	0.106861	0.115104	0.0963747	0.0855814	0.0992468	0.097404	0.084574	0.0980121	0	0.0704973	0.06313	0.070042	0.0975676	0.0721173	0.0824666	0.0844927	0.088836	0.0740584	0.0883372	0.0864688	0.0945883	0.0821457	0.108972	0.0881018	0.095631	0.0923433	0.104566	0.108877	0.108996	0.101381	0.107489	0.113832	0.0993634	0.105392	0.109957	0.107538	0.107495	0.0953592	0.0932669	0.101527	0.10144	0.102553	0.0944954	0.0965834	0.0862826	0.0924696	0.106507	0.100381	0.0921553	0.114653	0.108292	0.106329	0.10835	0.106256	0.110253	0.116379	0.116344	0.112325	0.116496	0.116462	0.108254	0.120108	0.112272	0.110214	0.110202	0.116379	0.10218	0.114789	0.104332	0.102242	0.0961854	0.0961838	0.1208	0.0840248	0.102371	0.10037	0.0942307	0.0974736	0.0994717	0.0966189	0.0946112	0.0800542	0.0902468	0.111228	0.117716	0.0862122	0.0985364	0.121318	0.10654	0.110581	0.10643	0.0901695	0.092249	0.117571	0.0942939	0.0923164	0.10476	0.0922082	0.0921842	0.0942672	0.0941643	0.100212	0.0902392	0.0922449	0.100365	0.0860386	0.0901114	0.0841954	0.0841215	0.0882623	0.12833	0.0901374	0.102791	0.0881781	0.0991274	0.104778	0.102591	0.0943592	0.0944106	0.0780195	0.0946294	0.107672	0.0821105	0.0823383	0.0841971	0.0902563	0.0780093	0.0882752	0.0841595	0.0882133	0.084114	0.0760149	0.073934	0.073935	0.073935	0.088473	0.084455	0.0865421	0.0842319	0.0842505	0.0925322	0.0862413	0.0924474	0.0783513	0.0782087	0.082548	0.0985304	0.0864978	0.078307	0.136503	0.117366	0.110762	0.122766	0.129127	0.129011	0.132929	0.119691	0.107137	0.178455	0.154096	0.173693	0.180108
Origma_solitaria	0.135068	0.142188	0.144227	0.172031	0.13793	0.135926	0.180697	0.19335	0.185598	0.201881	0.201036	0.17896	0.179958	0.193712	0.143105	0.139636	0.170293	0.163989	0.166034	0.159832	0.161848	0.159823	0.157823	0.157823	0.141872	0.15249	0.131487	0.152241	0.158436	0.153845	0.149813	0.147717	0.141579	0.143608	0.145654	0.143604	0.170535	0.170452	0.17106	0.164031	0.166342	0.237815	0.137455	0.139478	0.160234	0.147625	0.1476	0.147565	0.145532	0.147535	0.135417	0.137429	0.135414	0.133399	0.139641	0.144133	0.165866	0.156786	0.159378	0.153249	0.150716	0.158526	0.196826	0.162089	0.168811	0.181336	0.157063	0.175672	0.175241	0.178666	0.187976	0.17548	0.181505	0.16704	0.18226	0.170536	0.160973	0.165046	0.152563	0.135588	0.135574	0.147966	0.156327	0.158011	0.174647	0.153906	0.147751	0.155792	0.161806	0.16196	0.14371	0.141902	0.149823	0.145905	0.150019	0.152038	0.221616	0.212513	0.207111	0.18166	0.170777	0.162631	0.172406	0.169629	0.169854	0.14187	0.161209	0.148112	0.150111	0.187033	0.185204	0.16096	0.148554	0.233691	0.236629	0.173424	0.193466	0.171382	0.200226	0.17119	0.198459	0.166689	0.178508	0.187594	0.180703	0.199604	0.201921	0.215978	0.209373	0.206191	0.216358	0.202087	0.121448	0.129791	0.140296	0.127448	0.123426	0.123426	0.129467	0.127441	0.136005	0.131683	0.12968	0.169344	0.170624	0.157478	0.175449	0.193426	0.196327	0.150719	0.107256	0.0970125	0.0930131	0.111888	0.113685	0.10541	0.078587	0.0969599	0.0929773	0.090818	0.082691	0.094854	0.103098	0.103076	0.107389	0.115633	0.0969029	0.0861096	0.0997749	0.0979322	0.0851021	0.0985403	0.0704973	0	0.0461328	0.0705702	0.0980958	0.0726455	0.0829948	0.0850209	0.0893642	0.0745866	0.0888653	0.086997	0.0951165	0.0826739	0.1095	0.08863	0.0961592	0.0928715	0.105094	0.109405	0.109525	0.101909	0.108017	0.11436	0.0998916	0.105921	0.110485	0.108066	0.108023	0.0958874	0.0937951	0.102055	0.101968	0.103081	0.0950236	0.0971116	0.0868108	0.0929978	0.107035	0.100909	0.0926835	0.115181	0.10882	0.106857	0.108878	0.106784	0.110781	0.116907	0.116872	0.112854	0.117025	0.11699	0.108782	0.120636	0.112801	0.110743	0.11073	0.116907	0.102709	0.115318	0.104861	0.10277	0.0967136	0.096712	0.121329	0.084553	0.102899	0.100899	0.0947589	0.0980018	0.0999999	0.0971471	0.0951394	0.0805823	0.090775	0.111756	0.118244	0.0867404	0.0990646	0.121846	0.107069	0.111109	0.106958	0.0906976	0.0927772	0.118099	0.0948221	0.0928446	0.105289	0.0927364	0.0927124	0.0947954	0.0946925	0.10074	0.0907674	0.0927731	0.100894	0.0865668	0.0906396	0.0847236	0.0846497	0.0887905	0.128858	0.0906656	0.10332	0.0887063	0.0996556	0.105306	0.10312	0.0948874	0.0949388	0.0785477	0.0951576	0.1082	0.0826387	0.0828665	0.0847253	0.0907845	0.0785375	0.0888034	0.0846877	0.0887415	0.0846422	0.0765431	0.0744622	0.0744632	0.0744632	0.0890012	0.0849832	0.0870703	0.0847601	0.0847787	0.0930604	0.0867695	0.0929756	0.0788795	0.0787369	0.0830762	0.0990586	0.087026	0.0788352	0.137031	0.117894	0.11129	0.123295	0.129655	0.12954	0.133458	0.120219	0.107665	0.178983	0.154625	0.174221	0.180636
Pardalotus_punctatus	0.127701	0.134821	0.13686	0.164664	0.130562	0.128559	0.17333	0.185982	0.178231	0.194514	0.193668	0.171592	0.172591	0.186345	0.135738	0.132269	0.162926	0.156622	0.158666	0.152465	0.154481	0.152456	0.150456	0.150456	0.134505	0.145123	0.124119	0.144874	0.151069	0.146478	0.142446	0.14035	0.134211	0.136241	0.138286	0.136236	0.163167	0.163085	0.163693	0.156664	0.158974	0.230447	0.130088	0.13211	0.152867	0.140258	0.140233	0.140198	0.138165	0.140168	0.12805	0.130062	0.128047	0.126031	0.132274	0.136766	0.158498	0.149419	0.15201	0.145882	0.143348	0.151159	0.189459	0.154722	0.161444	0.173969	0.149696	0.168304	0.167874	0.171299	0.180609	0.168113	0.174138	0.159672	0.174892	0.163169	0.153605	0.157679	0.145195	0.12822	0.128206	0.140599	0.14896	0.150644	0.167279	0.146539	0.140384	0.148424	0.154439	0.154593	0.136343	0.134534	0.142455	0.138537	0.142651	0.14467	0.214248	0.205146	0.199744	0.174292	0.16341	0.155264	0.165038	0.162261	0.162487	0.134503	0.153841	0.140744	0.142743	0.179666	0.177837	0.153593	0.141187	0.226324	0.229261	0.166057	0.186099	0.164014	0.192859	0.163823	0.191092	0.159322	0.171141	0.180226	0.173335	0.192237	0.194554	0.208611	0.202006	0.198823	0.208991	0.19472	0.114081	0.122424	0.132928	0.120081	0.116058	0.116058	0.1221	0.120074	0.128638	0.124315	0.122313	0.161976	0.163256	0.150111	0.168082	0.186059	0.18896	0.143352	0.0998887	0.0896452	0.0856458	0.10452	0.106317	0.0980425	0.0712197	0.0895926	0.08561	0.0834507	0.0753237	0.0874867	0.0957307	0.0957083	0.100021	0.108265	0.0895356	0.0787423	0.0924076	0.0905649	0.0777348	0.091173	0.06313	0.0461328	0	0.0632029	0.0907285	0.0652782	0.0756275	0.0776536	0.0819969	0.0672193	0.081498	0.0796297	0.0877492	0.0753066	0.102133	0.0812627	0.0887919	0.0855042	0.0977269	0.102038	0.102157	0.0945418	0.100649	0.106992	0.0925243	0.0985533	0.103118	0.100699	0.100656	0.0885201	0.0864278	0.0946875	0.0946006	0.0957139	0.0876563	0.0897443	0.0794435	0.0856305	0.099668	0.093542	0.0853162	0.107814	0.101453	0.0994902	0.101511	0.099417	0.103413	0.10954	0.109505	0.105486	0.109657	0.109623	0.101415	0.113269	0.105433	0.103375	0.103363	0.10954	0.0953413	0.10795	0.0974934	0.0954028	0.0893463	0.0893447	0.113961	0.0771857	0.0955321	0.0935313	0.0873916	0.0906345	0.0926326	0.0897798	0.0877721	0.073215	0.0834077	0.104388	0.110877	0.0793731	0.0916973	0.114479	0.0997014	0.103742	0.099591	0.0833303	0.0854099	0.110732	0.0874548	0.0854773	0.0979214	0.0853691	0.0853451	0.0874281	0.0873252	0.0933729	0.0834001	0.0854058	0.0935263	0.0791995	0.0832723	0.0773563	0.0772824	0.0814232	0.121491	0.0832983	0.0959522	0.081339	0.0922883	0.0979384	0.0957523	0.0875201	0.0875715	0.0711804	0.0877903	0.100833	0.0752714	0.0754992	0.077358	0.0834172	0.0711702	0.0814361	0.0773204	0.0813742	0.0772749	0.0691758	0.0670949	0.0670959	0.0670959	0.0816339	0.0776159	0.079703	0.0773928	0.0774114	0.0856931	0.0794022	0.0856083	0.0715122	0.0713696	0.0757089	0.0916913	0.0796587	0.0714679	0.129664	0.110527	0.103923	0.115927	0.122288	0.122172	0.12609	0.112852	0.100298	0.171616	0.147257	0.166854	0.173269
Grantiella_picta	0.121519	0.128639	0.130678	0.158481	0.12438	0.122377	0.167148	0.1798	0.172049	0.188332	0.187486	0.16541	0.166409	0.180163	0.129556	0.126087	0.156743	0.15044	0.152484	0.146283	0.148299	0.146274	0.144274	0.144274	0.128323	0.13894	0.117937	0.138692	0.144886	0.140296	0.136264	0.134168	0.128029	0.130059	0.132104	0.130054	0.156985	0.156903	0.15751	0.150482	0.152792	0.224265	0.123906	0.125928	0.146685	0.134076	0.13405	0.134016	0.131983	0.133986	0.121867	0.12388	0.121865	0.119849	0.126092	0.130584	0.152316	0.143236	0.145828	0.1397	0.137166	0.144977	0.183277	0.14854	0.155262	0.167786	0.143514	0.162122	0.161692	0.165117	0.174427	0.16193	0.167956	0.15349	0.16871	0.156987	0.147423	0.151497	0.139013	0.122038	0.122024	0.134417	0.142777	0.144462	0.161097	0.140357	0.134201	0.142242	0.148257	0.148411	0.130161	0.128352	0.136273	0.132355	0.136469	0.138488	0.208066	0.198964	0.193562	0.16811	0.157228	0.149082	0.158856	0.156079	0.156304	0.128321	0.147659	0.134562	0.136561	0.173483	0.171655	0.147411	0.135005	0.220142	0.223079	0.159875	0.179917	0.157832	0.186677	0.157641	0.18491	0.15314	0.164959	0.174044	0.167153	0.186054	0.188372	0.202429	0.195824	0.192641	0.202808	0.188538	0.107899	0.116242	0.126746	0.113899	0.109876	0.109876	0.115918	0.113892	0.122456	0.118133	0.116131	0.155794	0.157074	0.143929	0.1619	0.179876	0.182777	0.13717	0.0937065	0.0834631	0.0794637	0.0983384	0.100135	0.0918604	0.0650376	0.0834105	0.0794279	0.0772686	0.0691416	0.0813046	0.0895486	0.0895262	0.0938393	0.102083	0.0833535	0.0725602	0.0862255	0.0843828	0.0715527	0.0849909	0.070042	0.0705702	0.0632029	0	0.0845464	0.0590961	0.0694453	0.0714715	0.0758148	0.0610372	0.0753159	0.0734476	0.081567	0.0691245	0.0959507	0.0750806	0.0826098	0.0793221	0.0915448	0.0958558	0.0959752	0.0883597	0.0944674	0.10081	0.0863422	0.0923712	0.096936	0.0945169	0.0944736	0.0823379	0.0802457	0.0885054	0.0884185	0.0895318	0.0814742	0.0835622	0.0732614	0.0794484	0.0934859	0.0873599	0.0791341	0.101631	0.0952705	0.0933081	0.095329	0.0932349	0.0972314	0.103358	0.103323	0.0993042	0.103475	0.103441	0.0952329	0.107086	0.0992512	0.0971932	0.0971805	0.103358	0.0891592	0.101768	0.0913113	0.0892207	0.0831642	0.0831626	0.107779	0.0710036	0.08935	0.0873492	0.0812095	0.0844524	0.0864505	0.0835977	0.08159	0.0670329	0.0772256	0.0982063	0.104695	0.073191	0.0855152	0.108297	0.0935193	0.0975596	0.0934089	0.0771482	0.0792278	0.10455	0.0812727	0.0792952	0.0917393	0.079187	0.079163	0.081246	0.0811431	0.0871908	0.077218	0.0792237	0.0873442	0.0730174	0.0770902	0.0711742	0.0711003	0.0752411	0.115309	0.0771162	0.0897701	0.0751569	0.0861062	0.0917563	0.0895702	0.081338	0.0813894	0.0649983	0.0816082	0.0946508	0.0690893	0.0693171	0.0711759	0.0772351	0.0649881	0.075254	0.0711383	0.0751921	0.0710928	0.0629937	0.0609128	0.0609138	0.0609138	0.0754518	0.0714338	0.0735209	0.0712107	0.0712293	0.079511	0.0732201	0.0794262	0.0653301	0.0651874	0.0695268	0.0855092	0.0734766	0.0652858	0.123482	0.104345	0.0977407	0.109745	0.116106	0.11599	0.119908	0.10667	0.0941155	0.165434	0.141075	0.160672	0.167087
Orthonyx_spaldingii	0.136326	0.143446	0.145484	0.173288	0.139187	0.137183	0.181955	0.194607	0.186856	0.203139	0.202293	0.180217	0.181216	0.19497	0.144363	0.140894	0.17155	0.165246	0.167291	0.161089	0.163106	0.16108	0.159081	0.159081	0.143129	0.153747	0.132744	0.153498	0.159693	0.155103	0.15107	0.148975	0.142836	0.144865	0.146911	0.144861	0.171792	0.17171	0.172317	0.165288	0.167599	0.239072	0.138712	0.140735	0.161491	0.148882	0.148857	0.148822	0.146789	0.148792	0.136674	0.138687	0.136671	0.134656	0.140899	0.145391	0.167123	0.158043	0.160635	0.154507	0.151973	0.159783	0.198083	0.163346	0.170069	0.182593	0.15832	0.176929	0.176498	0.179923	0.189233	0.176737	0.182763	0.168297	0.183517	0.171794	0.16223	0.166303	0.15382	0.136845	0.136831	0.149223	0.157584	0.159268	0.175904	0.155163	0.149008	0.157049	0.163064	0.163218	0.144967	0.143159	0.15108	0.147162	0.151276	0.153295	0.222873	0.21377	0.208369	0.182917	0.172034	0.163889	0.173663	0.170886	0.171111	0.143127	0.162466	0.149369	0.151368	0.18829	0.186461	0.162217	0.149811	0.234948	0.237886	0.174681	0.194724	0.172639	0.201484	0.172447	0.199716	0.167947	0.179766	0.188851	0.18196	0.200861	0.203179	0.217235	0.21063	0.207448	0.217615	0.203345	0.122705	0.131049	0.141553	0.128705	0.124683	0.124683	0.130725	0.128698	0.137263	0.13294	0.130938	0.170601	0.171881	0.158735	0.176706	0.194683	0.197584	0.151976	0.108513	0.0982697	0.0942704	0.113145	0.114942	0.106667	0.0798442	0.0982172	0.0942346	0.0920752	0.0839482	0.0961113	0.104355	0.104333	0.108646	0.11689	0.0981601	0.0873668	0.101032	0.0991895	0.0863594	0.10804	0.0975676	0.0980958	0.0907285	0.0845464	0	0.0620587	0.0762288	0.078255	0.0825983	0.0678207	0.0820994	0.080231	0.0883505	0.0759079	0.102734	0.081864	0.0893932	0.0861055	0.0983283	0.102639	0.102759	0.0951432	0.101251	0.107594	0.0931257	0.0991547	0.103719	0.1013	0.101257	0.0891214	0.0870291	0.0952888	0.0952019	0.0963153	0.0882577	0.0903456	0.0800449	0.0862319	0.100269	0.0941433	0.0859176	0.108415	0.102054	0.100092	0.102112	0.100018	0.104015	0.110141	0.110106	0.106088	0.110259	0.110224	0.102016	0.11387	0.106035	0.103977	0.103964	0.110141	0.0959427	0.108552	0.0980947	0.0960042	0.0899476	0.089946	0.114563	0.0777871	0.0961334	0.0941327	0.087993	0.0912359	0.093234	0.0903811	0.0883735	0.0738164	0.0840091	0.10499	0.111478	0.0799745	0.0922986	0.11508	0.100303	0.104343	0.100192	0.0839317	0.0860112	0.111333	0.0880561	0.0860787	0.0985227	0.0859704	0.0859464	0.0880294	0.0879265	0.0939743	0.0840014	0.0860072	0.0941276	0.0798009	0.0838737	0.0779577	0.0778837	0.0820245	0.122092	0.0838996	0.0965536	0.0819403	0.0928896	0.0985398	0.0963536	0.0881215	0.0881728	0.0717872	0.0883971	0.10144	0.0758782	0.076106	0.0779648	0.084024	0.071777	0.082043	0.0779273	0.081981	0.0778817	0.0697826	0.0677018	0.0677027	0.0677027	0.0822407	0.0782227	0.0803098	0.0779996	0.0780182	0.0862999	0.080009	0.0862152	0.072119	0.0719764	0.0763157	0.0922981	0.0802656	0.0720748	0.138288	0.119151	0.112547	0.124552	0.130912	0.130797	0.134715	0.121477	0.108922	0.18024	0.155882	0.175479	0.181894
Ptilorrhoa_leucosticta	0.110875	0.117995	0.120034	0.147838	0.113737	0.111733	0.156504	0.169157	0.161405	0.177688	0.176842	0.154767	0.155765	0.169519	0.118912	0.115443	0.1461	0.139796	0.141841	0.135639	0.137655	0.13563	0.13363	0.13363	0.117679	0.128297	0.107293	0.128048	0.134243	0.129652	0.12562	0.123524	0.117386	0.119415	0.121461	0.11941	0.146342	0.146259	0.146867	0.139838	0.142149	0.213621	0.113262	0.115284	0.136041	0.123432	0.123407	0.123372	0.121339	0.123342	0.111224	0.113236	0.111221	0.109206	0.115448	0.11994	0.141672	0.132593	0.135185	0.129056	0.126523	0.134333	0.172633	0.137896	0.144618	0.157143	0.13287	0.151479	0.151048	0.154473	0.163783	0.151287	0.157312	0.142847	0.158067	0.146343	0.13678	0.140853	0.12837	0.111395	0.111381	0.123773	0.132134	0.133818	0.150453	0.129713	0.123558	0.131598	0.137613	0.137767	0.119517	0.117709	0.12563	0.121712	0.125825	0.127844	0.197422	0.18832	0.182918	0.157467	0.146584	0.138438	0.148213	0.145435	0.145661	0.117677	0.137016	0.123918	0.125918	0.16284	0.161011	0.136767	0.124361	0.209498	0.212436	0.149231	0.169273	0.147189	0.176033	0.146997	0.174266	0.142496	0.154315	0.163401	0.15651	0.175411	0.177728	0.191785	0.18518	0.181998	0.192165	0.177894	0.0972551	0.105598	0.116103	0.103255	0.0992325	0.0992325	0.105274	0.103248	0.111812	0.10749	0.105487	0.14515	0.146431	0.133285	0.151256	0.169233	0.172134	0.126526	0.0830629	0.0728194	0.0688201	0.0876947	0.0894917	0.0812167	0.0543939	0.0727668	0.0687843	0.0666249	0.0584979	0.070661	0.078905	0.0788825	0.0831957	0.0914395	0.0727098	0.0619165	0.0755819	0.0737392	0.0609091	0.0825898	0.0721173	0.0726455	0.0652782	0.0590961	0.0620587	0	0.0507785	0.0528046	0.057148	0.0423704	0.0566491	0.0547807	0.0629002	0.0504576	0.0772839	0.0564137	0.0639429	0.0606552	0.072878	0.077189	0.0773084	0.0696929	0.0758005	0.0821435	0.0676754	0.0737044	0.0782691	0.0758501	0.0758068	0.0636711	0.0615788	0.0698385	0.0697516	0.070865	0.0628074	0.0648953	0.0545946	0.0607815	0.0748191	0.068693	0.0604673	0.0829646	0.0766037	0.0746412	0.0766621	0.074568	0.0785645	0.0846907	0.084656	0.0806373	0.0848083	0.0847737	0.0765661	0.0884196	0.0805844	0.0785263	0.0785137	0.0846908	0.0704924	0.0831014	0.0726444	0.0705538	0.0644973	0.0644957	0.0891124	0.0523367	0.0706831	0.0686824	0.0625427	0.0657856	0.0677837	0.0649308	0.0629232	0.0483661	0.0585588	0.0795395	0.086028	0.0545242	0.0668483	0.0896297	0.0748524	0.0788927	0.0747421	0.0584814	0.0605609	0.085883	0.0626058	0.0606284	0.0730724	0.0605201	0.0604961	0.0625791	0.0624762	0.068524	0.0585511	0.0605569	0.0686773	0.0543506	0.0584234	0.0525074	0.0524334	0.0565742	0.0966418	0.0584493	0.0711033	0.05649	0.0674393	0.0730895	0.0709033	0.0626711	0.0627225	0.0463369	0.0629468	0.0759894	0.0504279	0.0506557	0.0525145	0.0585737	0.0463267	0.0565927	0.0524769	0.0565307	0.0524314	0.0443323	0.0422514	0.0422524	0.0422524	0.0567904	0.0527724	0.0548595	0.0525493	0.0525679	0.0608496	0.0545587	0.0607648	0.0466687	0.0465261	0.0508654	0.0668478	0.0548152	0.0466244	0.112838	0.0937011	0.087097	0.0991015	0.105462	0.105347	0.109265	0.0960262	0.0834719	0.15479	0.130432	0.150028	0.156443
Pomatostomus_ruficeps	0.121225	0.128345	0.130383	0.158187	0.124086	0.122082	0.166854	0.179506	0.171755	0.188038	0.187192	0.165116	0.166115	0.179869	0.129262	0.125793	0.156449	0.150145	0.15219	0.145988	0.148005	0.145979	0.14398	0.14398	0.128028	0.138646	0.117643	0.138397	0.144592	0.140002	0.135969	0.133874	0.127735	0.129764	0.13181	0.12976	0.156691	0.156609	0.157216	0.150187	0.152498	0.223971	0.123611	0.125634	0.14639	0.133781	0.133756	0.133721	0.131688	0.133691	0.121573	0.123586	0.12157	0.119555	0.125797	0.13029	0.152022	0.142942	0.145534	0.139405	0.136872	0.144682	0.182982	0.148245	0.154968	0.167492	0.143219	0.161828	0.161397	0.164822	0.174132	0.161636	0.167662	0.153196	0.168416	0.156692	0.147129	0.151202	0.138719	0.121744	0.12173	0.134122	0.142483	0.144167	0.160803	0.140062	0.133907	0.141948	0.147963	0.148117	0.129866	0.128058	0.135979	0.132061	0.136175	0.138194	0.207772	0.198669	0.193268	0.167816	0.156933	0.148788	0.158562	0.155785	0.15601	0.128026	0.147365	0.134268	0.136267	0.173189	0.17136	0.147116	0.13471	0.219847	0.222785	0.15958	0.179623	0.157538	0.186383	0.157346	0.184615	0.152846	0.164665	0.17375	0.166859	0.18576	0.188078	0.202134	0.195529	0.192347	0.202514	0.188243	0.107604	0.115948	0.126452	0.113604	0.109582	0.109582	0.115624	0.113597	0.122162	0.117839	0.115837	0.1555	0.15678	0.143634	0.161605	0.179582	0.182483	0.136875	0.0934122	0.0831687	0.0791693	0.098044	0.0998409	0.091566	0.0647432	0.0831161	0.0791335	0.0769742	0.0688472	0.0810103	0.0892542	0.0892318	0.0935449	0.101789	0.0830591	0.0722658	0.0859312	0.0840884	0.0712584	0.0929391	0.0824666	0.0829948	0.0756275	0.0694453	0.0762288	0.0507785	0	0.0590798	0.0634232	0.0486456	0.0629243	0.0610559	0.0691754	0.0567328	0.0835591	0.0626889	0.0702181	0.0669304	0.0791532	0.0834642	0.0835836	0.0759681	0.0820757	0.0884187	0.0739506	0.0799796	0.0845443	0.0821253	0.082082	0.0699463	0.067854	0.0761137	0.0760268	0.0771401	0.0690826	0.0711705	0.0608698	0.0670567	0.0810943	0.0749682	0.0667425	0.0892398	0.0828789	0.0809164	0.0829373	0.0808432	0.0848397	0.0909659	0.0909312	0.0869125	0.0910834	0.0910489	0.0828413	0.0946948	0.0868596	0.0848015	0.0847889	0.090966	0.0767676	0.0893766	0.0789196	0.076829	0.0707725	0.0707709	0.0953876	0.0586119	0.0769583	0.0749576	0.0688179	0.0720608	0.0740589	0.071206	0.0691984	0.0546413	0.064834	0.0858146	0.0923032	0.0607993	0.0731235	0.0959049	0.0811276	0.0851679	0.0810173	0.0647566	0.0668361	0.0921582	0.068881	0.0669035	0.0793476	0.0667953	0.0667713	0.0688543	0.0687514	0.0747992	0.0648263	0.0668321	0.0749525	0.0606258	0.0646986	0.0587825	0.0587086	0.0628494	0.102917	0.0647245	0.0773785	0.0627652	0.0737145	0.0793647	0.0771785	0.0689463	0.0689977	0.0566862	0.0732961	0.0863387	0.0607772	0.061005	0.0628638	0.068923	0.056676	0.0669419	0.0628262	0.06688	0.0627807	0.0546816	0.0526007	0.0526017	0.0526017	0.0671397	0.0631217	0.0652088	0.0628986	0.0629172	0.0711989	0.064908	0.0711141	0.057018	0.0568754	0.0612147	0.0771971	0.0651645	0.0569737	0.123187	0.10405	0.0974463	0.109451	0.115811	0.115696	0.119614	0.106376	0.0938212	0.165139	0.140781	0.160378	0.166793
Cnemophilus_loriae	0.123251	0.130371	0.13241	0.160213	0.126112	0.124108	0.16888	0.181532	0.173781	0.190064	0.189218	0.167142	0.168141	0.181895	0.131288	0.127819	0.158475	0.152172	0.154216	0.148014	0.150031	0.148005	0.146006	0.146006	0.130055	0.140672	0.119669	0.140423	0.146618	0.142028	0.137995	0.1359	0.129761	0.131791	0.133836	0.131786	0.158717	0.158635	0.159242	0.152214	0.154524	0.225997	0.125637	0.12766	0.148417	0.135807	0.135782	0.135747	0.133714	0.135717	0.123599	0.125612	0.123597	0.121581	0.127824	0.132316	0.154048	0.144968	0.14756	0.141432	0.138898	0.146708	0.185008	0.150272	0.156994	0.169518	0.145245	0.163854	0.163424	0.166848	0.176158	0.163662	0.169688	0.155222	0.170442	0.158719	0.149155	0.153228	0.140745	0.12377	0.123756	0.136149	0.144509	0.146193	0.162829	0.142089	0.135933	0.143974	0.149989	0.150143	0.131892	0.130084	0.138005	0.134087	0.138201	0.14022	0.209798	0.200696	0.195294	0.169842	0.15896	0.150814	0.160588	0.157811	0.158036	0.130052	0.149391	0.136294	0.138293	0.175215	0.173386	0.149142	0.136736	0.221873	0.224811	0.161606	0.181649	0.159564	0.188409	0.159373	0.186641	0.154872	0.166691	0.175776	0.168885	0.187786	0.190104	0.20416	0.197555	0.194373	0.20454	0.19027	0.109631	0.117974	0.128478	0.11563	0.111608	0.111608	0.11765	0.115623	0.124188	0.119865	0.117863	0.157526	0.158806	0.145661	0.163632	0.181608	0.184509	0.138901	0.0954383	0.0851949	0.0811955	0.10007	0.101867	0.0935921	0.0667694	0.0851423	0.0811597	0.0790003	0.0708734	0.0830364	0.0912804	0.091258	0.0955711	0.103815	0.0850853	0.0742919	0.0879573	0.0861146	0.0732845	0.0949652	0.0844927	0.0850209	0.0776536	0.0714715	0.078255	0.0528046	0.0590798	0	0.0615062	0.0467286	0.0610073	0.0591389	0.0672584	0.0548159	0.0816421	0.060772	0.0683011	0.0650135	0.0772362	0.0815472	0.0816666	0.0740511	0.0801588	0.0865017	0.0720336	0.0780626	0.0826274	0.0802083	0.080165	0.0680293	0.0659371	0.0741967	0.0741098	0.0752232	0.0671656	0.0692535	0.0589528	0.0651398	0.0791773	0.0730513	0.0648255	0.0873228	0.0809619	0.0789995	0.0810204	0.0789263	0.0829228	0.0890489	0.0890142	0.0849955	0.0891665	0.0891319	0.0809243	0.0927779	0.0849426	0.0828846	0.0828719	0.089049	0.0748506	0.0874596	0.0770027	0.0749121	0.0688556	0.068854	0.0934707	0.056695	0.0750413	0.0730406	0.0669009	0.0701438	0.0721419	0.0692891	0.0672814	0.0527243	0.062917	0.0838977	0.0903862	0.0588824	0.0712065	0.093988	0.0792106	0.0832509	0.0791003	0.0628396	0.0649192	0.0902413	0.0669641	0.0649866	0.0774306	0.0648784	0.0648544	0.0669374	0.0668345	0.0728822	0.0629094	0.0649151	0.0730355	0.0587088	0.0627816	0.0568656	0.0567917	0.0609325	0.101	0.0628076	0.0754615	0.0608483	0.0717976	0.0774477	0.0752616	0.0670294	0.0670808	0.0587124	0.0753223	0.0883648	0.0628033	0.0630311	0.0648899	0.0709491	0.0587021	0.0689681	0.0648524	0.0689061	0.0648068	0.0567078	0.0546269	0.0546279	0.0546279	0.0691658	0.0651478	0.0672349	0.0649247	0.0649433	0.073225	0.0669341	0.0731403	0.0590441	0.0589015	0.0632408	0.0792232	0.0671907	0.0589999	0.125213	0.106077	0.0994725	0.111477	0.117837	0.117722	0.12164	0.108402	0.0958473	0.167166	0.142807	0.162404	0.168819
Melanocharis_versteri	0.127594	0.134714	0.136753	0.164557	0.130455	0.128452	0.173223	0.185875	0.178124	0.194407	0.193561	0.171485	0.172484	0.186238	0.135631	0.132162	0.162819	0.156515	0.158559	0.152358	0.154374	0.152349	0.150349	0.150349	0.134398	0.145016	0.124012	0.144767	0.150962	0.146371	0.142339	0.140243	0.134104	0.136134	0.138179	0.136129	0.16306	0.162978	0.163586	0.156557	0.158867	0.23034	0.129981	0.132003	0.15276	0.140151	0.140126	0.140091	0.138058	0.140061	0.127943	0.129955	0.12794	0.125924	0.132167	0.136659	0.158391	0.149312	0.151903	0.145775	0.143241	0.151052	0.189352	0.154615	0.161337	0.173862	0.149589	0.168197	0.167767	0.171192	0.180502	0.168005	0.174031	0.159565	0.174785	0.163062	0.153498	0.157572	0.145088	0.128113	0.128099	0.140492	0.148853	0.150537	0.167172	0.146432	0.140277	0.148317	0.154332	0.154486	0.136236	0.134427	0.142348	0.13843	0.142544	0.144563	0.214141	0.205039	0.199637	0.174185	0.163303	0.155157	0.164931	0.162154	0.162379	0.134396	0.153734	0.140637	0.142636	0.179559	0.17773	0.153486	0.14108	0.226217	0.229154	0.16595	0.185992	0.163907	0.192752	0.163716	0.190985	0.159215	0.171034	0.180119	0.173228	0.19213	0.194447	0.208504	0.201899	0.198716	0.208884	0.194613	0.113974	0.122317	0.132821	0.119974	0.115951	0.115951	0.121993	0.119967	0.128531	0.124208	0.122206	0.161869	0.163149	0.150004	0.167975	0.185952	0.188853	0.143245	0.0997816	0.0895382	0.0855388	0.104413	0.10621	0.0979354	0.0711127	0.0894856	0.085503	0.0833437	0.0752167	0.0873797	0.0956237	0.0956013	0.0999144	0.108158	0.0894286	0.0786353	0.0923006	0.0904579	0.0776278	0.0993086	0.088836	0.0893642	0.0819969	0.0758148	0.0825983	0.057148	0.0634232	0.0615062	0	0.0510676	0.0653463	0.063478	0.0715974	0.0591549	0.0859811	0.065111	0.0726402	0.0693525	0.0815752	0.0858862	0.0860056	0.0783901	0.0844978	0.0908408	0.0763726	0.0824016	0.0869664	0.0845473	0.084504	0.0723683	0.0702761	0.0785358	0.0784489	0.0795622	0.0715046	0.0735926	0.0632918	0.0694788	0.0835163	0.0773903	0.0691645	0.0916618	0.0853009	0.0833385	0.0853594	0.0832653	0.0872618	0.0933879	0.0933532	0.0893346	0.0935055	0.0934709	0.0852633	0.0971169	0.0892816	0.0872236	0.0872109	0.093388	0.0791896	0.0917986	0.0813417	0.0792511	0.0731946	0.073193	0.0978097	0.061034	0.0793804	0.0773796	0.0712399	0.0744828	0.0764809	0.0736281	0.0716204	0.0570633	0.067256	0.0882367	0.0947253	0.0632214	0.0755456	0.098327	0.0835497	0.08759	0.0834393	0.0671786	0.0692582	0.0945803	0.0713031	0.0693256	0.0817696	0.0692174	0.0691934	0.0712764	0.0711735	0.0772212	0.0672484	0.0692541	0.0773746	0.0630478	0.0671206	0.0612046	0.0611307	0.0652715	0.105339	0.0671466	0.0798005	0.0651873	0.0761366	0.0817867	0.0796006	0.0713684	0.0714198	0.0630557	0.0796656	0.0927082	0.0671466	0.0673745	0.0692333	0.0752925	0.0630454	0.0733114	0.0691957	0.0732495	0.0691501	0.0610511	0.0589702	0.0589712	0.0589712	0.0735092	0.0694912	0.0715782	0.069268	0.0692866	0.0775684	0.0712775	0.0774836	0.0633875	0.0632448	0.0675842	0.0835665	0.071534	0.0633432	0.129557	0.11042	0.103816	0.11582	0.122181	0.122065	0.125983	0.112745	0.100191	0.171509	0.14715	0.166747	0.173162
Callaeas_wilsoni	0.112817	0.119937	0.121975	0.149779	0.115678	0.113674	0.158445	0.171098	0.163346	0.17963	0.178784	0.156708	0.157706	0.171461	0.120854	0.117384	0.148041	0.141737	0.143782	0.13758	0.139596	0.137571	0.135572	0.135572	0.11962	0.130238	0.109235	0.129989	0.136184	0.131593	0.127561	0.125466	0.119327	0.121356	0.123402	0.121352	0.148283	0.1482	0.148808	0.141779	0.14409	0.215563	0.115203	0.117226	0.137982	0.125373	0.125348	0.125313	0.12328	0.125283	0.113165	0.115178	0.113162	0.111147	0.117389	0.121881	0.143614	0.134534	0.137126	0.130997	0.128464	0.136274	0.174574	0.139837	0.146559	0.159084	0.134811	0.15342	0.152989	0.156414	0.165724	0.153228	0.159253	0.144788	0.160008	0.148284	0.138721	0.142794	0.130311	0.113336	0.113322	0.125714	0.134075	0.135759	0.152395	0.131654	0.125499	0.13354	0.139554	0.139708	0.121458	0.11965	0.127571	0.123653	0.127767	0.129786	0.199364	0.190261	0.184859	0.159408	0.148525	0.14038	0.150154	0.147377	0.147602	0.119618	0.138957	0.12586	0.127859	0.164781	0.162952	0.138708	0.126302	0.211439	0.214377	0.151172	0.171214	0.14913	0.177974	0.148938	0.176207	0.144438	0.156256	0.165342	0.158451	0.177352	0.179669	0.193726	0.187121	0.183939	0.194106	0.179835	0.0991963	0.107539	0.118044	0.105196	0.101174	0.101174	0.107215	0.105189	0.113753	0.109431	0.107428	0.147092	0.148372	0.135226	0.153197	0.171174	0.174075	0.128467	0.085004	0.0747606	0.0707612	0.0896359	0.0914328	0.0831578	0.0563351	0.074708	0.0707254	0.0685661	0.0604391	0.0726021	0.0808461	0.0808237	0.0851368	0.0933807	0.074651	0.0638576	0.077523	0.0756803	0.0628502	0.084531	0.0740584	0.0745866	0.0672193	0.0610372	0.0678207	0.0423704	0.0486456	0.0467286	0.0510676	0	0.0388241	0.0406726	0.0487921	0.0363495	0.0631758	0.0423057	0.0498348	0.0465471	0.0587699	0.0630809	0.0632003	0.0555848	0.0616924	0.0680354	0.0535673	0.0595963	0.064161	0.061742	0.0616987	0.049563	0.0474708	0.0557304	0.0556435	0.0567569	0.0486993	0.0507872	0.0404865	0.0466735	0.060711	0.054585	0.0463592	0.0688565	0.0624956	0.0605331	0.062554	0.06046	0.0644564	0.0705826	0.0705479	0.0665292	0.0707002	0.0706656	0.062458	0.0743116	0.0664763	0.0644182	0.0644056	0.0705827	0.0563843	0.0689933	0.0585364	0.0564458	0.0503892	0.0503876	0.0750043	0.0382287	0.056575	0.0545743	0.0484346	0.0516775	0.0536756	0.0508227	0.0488151	0.034258	0.0444507	0.0654314	0.0719199	0.0404161	0.0527402	0.0755217	0.0607443	0.0647846	0.060634	0.0443733	0.0464529	0.0717749	0.0484977	0.0465203	0.0589643	0.0464121	0.046388	0.0484711	0.0483682	0.0544159	0.044443	0.0464488	0.0545692	0.0402425	0.0443153	0.0383993	0.0383253	0.0424661	0.0825337	0.0443413	0.0569952	0.042382	0.0533312	0.0589814	0.0567952	0.0485631	0.0486145	0.0482781	0.064888	0.0779305	0.052369	0.0525969	0.0544556	0.0605149	0.0482678	0.0585338	0.0544181	0.0584718	0.0543725	0.0462735	0.0441926	0.0441936	0.0441936	0.0587315	0.0547135	0.0568006	0.0544904	0.054509	0.0627907	0.0564998	0.062706	0.0486098	0.0484672	0.0528066	0.0687889	0.0567564	0.0485656	0.114779	0.0956422	0.0890382	0.101043	0.107403	0.107288	0.111206	0.0979674	0.085413	0.156731	0.132373	0.15197	0.158384
Notiomystis_cincta	0.127095	0.134215	0.136254	0.164058	0.129957	0.127953	0.172724	0.185377	0.177625	0.193908	0.193062	0.170987	0.171985	0.185739	0.135132	0.131663	0.16232	0.156016	0.15806	0.151859	0.153875	0.15185	0.14985	0.14985	0.133899	0.144517	0.123513	0.144268	0.150463	0.145872	0.14184	0.139744	0.133605	0.135635	0.13768	0.13563	0.162561	0.162479	0.163087	0.156058	0.158369	0.229841	0.129482	0.131504	0.152261	0.139652	0.139627	0.139592	0.137559	0.139562	0.127444	0.129456	0.127441	0.125425	0.131668	0.13616	0.157892	0.148813	0.151404	0.145276	0.142743	0.150553	0.188853	0.154116	0.160838	0.173363	0.14909	0.167699	0.167268	0.170693	0.180003	0.167507	0.173532	0.159066	0.174286	0.162563	0.153	0.157073	0.14459	0.127615	0.127601	0.139993	0.148354	0.150038	0.166673	0.145933	0.139778	0.147818	0.153833	0.153987	0.135737	0.133929	0.141849	0.137931	0.142045	0.144064	0.213642	0.20454	0.199138	0.173686	0.162804	0.154658	0.164433	0.161655	0.161881	0.133897	0.153236	0.140138	0.142137	0.17906	0.177231	0.152987	0.140581	0.225718	0.228656	0.165451	0.185493	0.163409	0.192253	0.163217	0.190486	0.158716	0.170535	0.179621	0.172729	0.191631	0.193948	0.208005	0.2014	0.198218	0.208385	0.194114	0.113475	0.121818	0.132322	0.119475	0.115452	0.115452	0.121494	0.119468	0.128032	0.123709	0.121707	0.16137	0.162651	0.149505	0.167476	0.185453	0.188354	0.142746	0.0992828	0.0890393	0.0850399	0.103915	0.105712	0.0974366	0.0706138	0.0889867	0.0850041	0.0828448	0.0747178	0.0868809	0.0951248	0.0951024	0.0994155	0.107659	0.0889297	0.0781364	0.0918018	0.089959	0.077129	0.0988097	0.0883372	0.0888653	0.081498	0.0753159	0.0820994	0.0566491	0.0629243	0.0610073	0.0653463	0.0388241	0	0.0549514	0.0630709	0.0506283	0.0774545	0.0565844	0.0641136	0.0608259	0.0730486	0.0773596	0.077479	0.0698635	0.0759712	0.0823142	0.067846	0.073875	0.0784398	0.0760207	0.0759774	0.0638418	0.0617495	0.0700092	0.0699223	0.0710356	0.062978	0.065066	0.0547652	0.0609522	0.0749898	0.0688637	0.0606379	0.0831352	0.0767743	0.0748119	0.0768328	0.0747387	0.0787352	0.0848613	0.0848266	0.080808	0.0849789	0.0849444	0.0767367	0.0885903	0.080755	0.078697	0.0786844	0.0848614	0.070663	0.083272	0.0728151	0.0707245	0.064668	0.0646664	0.0892831	0.0525074	0.0708538	0.068853	0.0627133	0.0659562	0.0679543	0.0651015	0.0630938	0.0485368	0.0587294	0.0797101	0.0861987	0.0546948	0.067019	0.0898004	0.0750231	0.0790634	0.0749127	0.0586521	0.0607316	0.0860537	0.0627765	0.060799	0.0732431	0.0606908	0.0606668	0.0627498	0.0626469	0.0686947	0.0587218	0.0607275	0.068848	0.0545212	0.058594	0.052678	0.0526041	0.0567449	0.0968124	0.05862	0.0712739	0.0566607	0.06761	0.0732601	0.071074	0.0628418	0.0628932	0.0625568	0.0791667	0.0922093	0.0666478	0.0668756	0.0687344	0.0747936	0.0625466	0.0728125	0.0686968	0.0727506	0.0686513	0.0605522	0.0584713	0.0584723	0.0584723	0.0730103	0.0689923	0.0710794	0.0687692	0.0687878	0.0770695	0.0707786	0.0769847	0.0628886	0.0627459	0.0670853	0.0830677	0.0710351	0.0628443	0.129058	0.109921	0.103317	0.115321	0.121682	0.121566	0.125484	0.112246	0.0996918	0.17101	0.146651	0.166248	0.172663
Drymodes_brunneopygia	0.125227	0.132347	0.134386	0.162189	0.128088	0.126084	0.170856	0.183508	0.175757	0.19204	0.191194	0.169118	0.170117	0.183871	0.133264	0.129795	0.160451	0.154148	0.156192	0.14999	0.152007	0.149981	0.147982	0.147982	0.132031	0.142648	0.121645	0.142399	0.148594	0.144004	0.139971	0.137876	0.131737	0.133767	0.135812	0.133762	0.160693	0.160611	0.161218	0.15419	0.1565	0.227973	0.127613	0.129636	0.150393	0.137783	0.137758	0.137723	0.13569	0.137694	0.125575	0.127588	0.125573	0.123557	0.1298	0.134292	0.156024	0.146944	0.149536	0.143408	0.140874	0.148685	0.186984	0.152248	0.15897	0.171494	0.147221	0.16583	0.1654	0.168824	0.178134	0.165638	0.171664	0.157198	0.172418	0.160695	0.151131	0.155204	0.142721	0.125746	0.125732	0.138125	0.146485	0.148169	0.164805	0.144065	0.137909	0.14595	0.151965	0.152119	0.133868	0.13206	0.139981	0.136063	0.140177	0.142196	0.211774	0.202672	0.19727	0.171818	0.160936	0.15279	0.162564	0.159787	0.160012	0.132028	0.151367	0.13827	0.140269	0.177191	0.175362	0.151118	0.138712	0.223849	0.226787	0.163582	0.183625	0.16154	0.190385	0.161349	0.188617	0.156848	0.168667	0.177752	0.170861	0.189762	0.19208	0.206136	0.199531	0.196349	0.206516	0.192246	0.111607	0.11995	0.130454	0.117607	0.113584	0.113584	0.119626	0.117599	0.126164	0.121841	0.119839	0.159502	0.160782	0.147637	0.165608	0.183584	0.186485	0.140878	0.0974144	0.0871709	0.0831716	0.102046	0.103843	0.0955682	0.0687454	0.0871183	0.0831357	0.0809764	0.0728494	0.0850125	0.0932564	0.093234	0.0975472	0.105791	0.0870613	0.076268	0.0899334	0.0880906	0.0752606	0.0969413	0.0864688	0.086997	0.0796297	0.0734476	0.080231	0.0547807	0.0610559	0.0591389	0.063478	0.0406726	0.0549514	0	0.0533067	0.0408641	0.071551	0.0506809	0.0582101	0.0549224	0.0671451	0.0714561	0.0715755	0.06396	0.0700677	0.0764107	0.0619425	0.0679715	0.0725363	0.0701172	0.0700739	0.0579383	0.055846	0.0641057	0.0640188	0.0651321	0.0570745	0.0591625	0.0488617	0.0550487	0.0690862	0.0629602	0.0547344	0.0772317	0.0708708	0.0689084	0.0709293	0.0688352	0.0728317	0.0789578	0.0789231	0.0749045	0.0790754	0.0790409	0.0708332	0.0826868	0.0748515	0.0727935	0.0727809	0.0789579	0.0647595	0.0773685	0.0669116	0.064821	0.0587645	0.0587629	0.0833796	0.0466039	0.0649503	0.0629495	0.0568098	0.0600527	0.0620508	0.059198	0.0571903	0.0426332	0.0528259	0.0738066	0.0802952	0.0487913	0.0611155	0.0838969	0.0691196	0.0731599	0.0690092	0.0527485	0.0548281	0.0801502	0.056873	0.0548955	0.0673396	0.0547873	0.0547633	0.0568463	0.0567434	0.0627911	0.0528183	0.054824	0.0629445	0.0486177	0.0526905	0.0467745	0.0467006	0.0508414	0.0909089	0.0527165	0.0653704	0.0507572	0.0617065	0.0673566	0.0651705	0.0569383	0.0569897	0.0606884	0.0772983	0.0903409	0.0647794	0.0650072	0.066866	0.0729252	0.0606782	0.0709441	0.0668284	0.0708822	0.0667829	0.0586838	0.0566029	0.0566039	0.0566039	0.0711419	0.0671239	0.069211	0.0669008	0.0669194	0.0752011	0.0689102	0.0751163	0.0610202	0.0608776	0.0652169	0.0811993	0.0691667	0.0609759	0.12719	0.108053	0.101449	0.113453	0.119813	0.119698	0.123616	0.110378	0.0978234	0.169142	0.144783	0.16438	0.170795
Chaetops_frenatus	0.133346	0.140466	0.142505	0.170309	0.136208	0.134204	0.178975	0.191628	0.183876	0.200159	0.199313	0.177238	0.178236	0.19199	0.141383	0.137914	0.168571	0.162267	0.164312	0.15811	0.160126	0.158101	0.156101	0.156101	0.14015	0.150768	0.129764	0.150519	0.156714	0.152123	0.148091	0.145995	0.139857	0.141886	0.143932	0.141881	0.168813	0.16873	0.169338	0.162309	0.16462	0.236092	0.135733	0.137755	0.158512	0.145903	0.145878	0.145843	0.14381	0.145813	0.133695	0.135707	0.133692	0.131677	0.137919	0.142411	0.164143	0.155064	0.157656	0.151527	0.148994	0.156804	0.195104	0.160367	0.167089	0.179614	0.155341	0.17395	0.173519	0.176944	0.186254	0.173758	0.179783	0.165318	0.180538	0.168814	0.159251	0.163324	0.150841	0.133866	0.133852	0.146244	0.154605	0.156289	0.172924	0.152184	0.146029	0.154069	0.160084	0.160238	0.141988	0.14018	0.148101	0.144183	0.148296	0.150315	0.219893	0.210791	0.205389	0.179938	0.169055	0.160909	0.170684	0.167906	0.168132	0.140148	0.159487	0.146389	0.148389	0.185311	0.183482	0.159238	0.146832	0.231969	0.234907	0.171702	0.191744	0.16966	0.198504	0.169468	0.196737	0.164967	0.176786	0.185872	0.178981	0.197882	0.200199	0.214256	0.207651	0.204469	0.214636	0.200365	0.119726	0.128069	0.138574	0.125726	0.121704	0.121704	0.127745	0.125719	0.134283	0.129961	0.127958	0.167621	0.168902	0.155756	0.173727	0.191704	0.194605	0.148997	0.105534	0.0952904	0.091291	0.110166	0.111963	0.103688	0.0768649	0.0952378	0.0912552	0.0890959	0.0809689	0.093132	0.101376	0.101354	0.105667	0.113911	0.0951808	0.0843875	0.0980529	0.0962101	0.0833801	0.105061	0.0945883	0.0951165	0.0877492	0.081567	0.0883505	0.0629002	0.0691754	0.0672584	0.0715974	0.0487921	0.0630709	0.0533067	0	0.036756	0.0796705	0.0588004	0.0663296	0.0630419	0.0752646	0.0795756	0.079695	0.0720795	0.0781872	0.0845302	0.070062	0.076091	0.0806558	0.0782367	0.0781934	0.0660577	0.0639655	0.0722252	0.0721383	0.0732516	0.065194	0.067282	0.0569812	0.0631682	0.0772057	0.0710797	0.0628539	0.0853512	0.0789903	0.0770279	0.0790488	0.0769547	0.0809512	0.0870773	0.0870426	0.083024	0.0871949	0.0871603	0.0789527	0.0908063	0.082971	0.080913	0.0809003	0.0870774	0.072879	0.085488	0.0750311	0.0729405	0.066884	0.0668824	0.0914991	0.0547234	0.0730698	0.071069	0.0649293	0.0681722	0.0701703	0.0673175	0.0653098	0.0507527	0.0609454	0.0819261	0.0884147	0.0569108	0.069235	0.0920164	0.0772391	0.0812794	0.0771287	0.060868	0.0629476	0.0882697	0.0649925	0.063015	0.075459	0.0629068	0.0628828	0.0649658	0.0648629	0.0709106	0.0609378	0.0629435	0.071064	0.0567372	0.06081	0.054894	0.0548201	0.0589609	0.0990284	0.060836	0.0734899	0.0588767	0.069826	0.0754761	0.07329	0.0650578	0.0651092	0.0688079	0.0854178	0.0984604	0.0728989	0.0731267	0.0749855	0.0810447	0.0687977	0.0790636	0.0749479	0.0790017	0.0749024	0.0668033	0.0647224	0.0647234	0.0647234	0.0792614	0.0752434	0.0773305	0.0750203	0.0750389	0.0833206	0.0770297	0.0832358	0.0691397	0.0689971	0.0733364	0.0893188	0.0772862	0.0690954	0.135309	0.116172	0.109568	0.121572	0.127933	0.127818	0.131736	0.118497	0.105943	0.177261	0.152903	0.172499	0.178914
Picathartes_gymnocephalus	0.120904	0.128024	0.130063	0.157866	0.123765	0.121761	0.166533	0.179185	0.171434	0.187717	0.186871	0.164795	0.165794	0.179548	0.128941	0.125472	0.156128	0.149825	0.151869	0.145667	0.147684	0.145658	0.143659	0.143659	0.127708	0.138325	0.117322	0.138076	0.144271	0.139681	0.135648	0.133553	0.127414	0.129444	0.131489	0.129439	0.15637	0.156288	0.156895	0.149867	0.152177	0.22365	0.12329	0.125313	0.14607	0.13346	0.133435	0.1334	0.131367	0.13337	0.121252	0.123265	0.12125	0.119234	0.125477	0.129969	0.151701	0.142621	0.145213	0.139085	0.136551	0.144361	0.182661	0.147925	0.154647	0.167171	0.142898	0.161507	0.161077	0.164501	0.173811	0.161315	0.167341	0.152875	0.168095	0.156372	0.146808	0.150881	0.138398	0.121423	0.121409	0.133802	0.142162	0.143846	0.160482	0.139741	0.133586	0.141627	0.147642	0.147796	0.129545	0.127737	0.135658	0.13174	0.135854	0.137873	0.207451	0.198349	0.192947	0.167495	0.156613	0.148467	0.158241	0.155464	0.155689	0.127705	0.147044	0.133947	0.135946	0.172868	0.171039	0.146795	0.134389	0.219526	0.222464	0.159259	0.179302	0.157217	0.186062	0.157026	0.184294	0.152525	0.164344	0.173429	0.166538	0.185439	0.187757	0.201813	0.195208	0.192026	0.202193	0.187923	0.107284	0.115627	0.126131	0.113283	0.109261	0.109261	0.115303	0.113276	0.121841	0.117518	0.115516	0.155179	0.156459	0.143314	0.161285	0.179261	0.182162	0.136554	0.0930913	0.0828478	0.0788485	0.0977231	0.0995201	0.0912451	0.0644223	0.0827953	0.0788127	0.0766533	0.0685263	0.0806894	0.0889334	0.0889109	0.0932241	0.101468	0.0827382	0.0719449	0.0856103	0.0837676	0.0709375	0.0926182	0.0821457	0.0826739	0.0753066	0.0691245	0.0759079	0.0504576	0.0567328	0.0548159	0.0591549	0.0363495	0.0506283	0.0408641	0.036756	0	0.0672279	0.0463578	0.053887	0.0505993	0.062822	0.067133	0.0672524	0.0596369	0.0657446	0.0720876	0.0576194	0.0636484	0.0682132	0.0657941	0.0657508	0.0536152	0.0515229	0.0597826	0.0596957	0.060809	0.0527514	0.0548394	0.0445386	0.0507256	0.0647632	0.0586371	0.0504113	0.0729086	0.0665477	0.0645853	0.0666062	0.0645121	0.0685086	0.0746347	0.0746	0.0705814	0.0747523	0.0747178	0.0665101	0.0783637	0.0705284	0.0684704	0.0684578	0.0746348	0.0604364	0.0730455	0.0625885	0.0604979	0.0544414	0.0544398	0.0790565	0.0422808	0.0606272	0.0586264	0.0524867	0.0557296	0.0577277	0.0548749	0.0528672	0.0383102	0.0485028	0.0694835	0.0759721	0.0444682	0.0567924	0.0795738	0.0647965	0.0688368	0.0646862	0.0484255	0.050505	0.0758271	0.0525499	0.0505724	0.0630165	0.0504642	0.0504402	0.0525232	0.0524203	0.0584681	0.0484952	0.0505009	0.0586214	0.0442946	0.0483674	0.0424514	0.0423775	0.0465183	0.0865859	0.0483934	0.0610474	0.0464341	0.0573834	0.0630335	0.0608474	0.0526152	0.0526666	0.0563653	0.0729752	0.0860178	0.0604563	0.0606841	0.0625429	0.0686021	0.0563551	0.0666211	0.0625054	0.0665591	0.0624598	0.0543607	0.0522799	0.0522808	0.0522808	0.0668188	0.0628008	0.0648879	0.0625777	0.0625963	0.070878	0.0645871	0.0707933	0.0566971	0.0565545	0.0608938	0.0768762	0.0648437	0.0566529	0.122866	0.103729	0.0971254	0.10913	0.11549	0.115375	0.119293	0.106055	0.0935003	0.164819	0.14046	0.160057	0.166472
Anthoscopus_minutus	0.14773	0.15485	0.156889	0.184692	0.150591	0.148588	0.193359	0.206011	0.19826	0.214543	0.213697	0.191621	0.19262	0.206374	0.155767	0.152298	0.182954	0.176651	0.178695	0.172494	0.17451	0.172485	0.170485	0.170485	0.154534	0.165151	0.144148	0.164903	0.171097	0.166507	0.162475	0.160379	0.15424	0.15627	0.158315	0.156265	0.183196	0.183114	0.183721	0.176693	0.179003	0.250476	0.150117	0.152139	0.172896	0.160287	0.160261	0.160227	0.158194	0.160197	0.148078	0.150091	0.148076	0.14606	0.152303	0.156795	0.178527	0.169447	0.172039	0.165911	0.163377	0.171188	0.209488	0.174751	0.181473	0.193997	0.169725	0.188333	0.187903	0.191328	0.200638	0.188141	0.194167	0.179701	0.194921	0.183198	0.173634	0.177708	0.165224	0.148249	0.148235	0.160628	0.168988	0.170673	0.187308	0.166568	0.160412	0.168453	0.174468	0.174622	0.156372	0.154563	0.162484	0.158566	0.16268	0.164699	0.234277	0.225175	0.219773	0.194321	0.183439	0.175293	0.185067	0.18229	0.182515	0.154532	0.17387	0.160773	0.162772	0.199694	0.197866	0.173622	0.161216	0.246353	0.24929	0.186086	0.206128	0.184043	0.212888	0.183852	0.211121	0.179351	0.19117	0.200255	0.193364	0.212265	0.214583	0.22864	0.222035	0.218852	0.229019	0.214749	0.13411	0.142453	0.152957	0.14011	0.136087	0.136087	0.142129	0.140103	0.148667	0.144344	0.142342	0.182005	0.183285	0.17014	0.188111	0.206087	0.208988	0.163381	0.119918	0.109674	0.105675	0.124549	0.126346	0.118071	0.0912486	0.109622	0.105639	0.10348	0.0953526	0.107516	0.11576	0.115737	0.12005	0.128294	0.109565	0.0987712	0.112437	0.110594	0.0977637	0.119444	0.108972	0.1095	0.102133	0.0959507	0.102734	0.0772839	0.0835591	0.0816421	0.0859811	0.0631758	0.0774545	0.071551	0.0796705	0.0672279	0	0.0493161	0.0568453	0.0535576	0.0737964	0.0781074	0.0782268	0.0732539	0.0793616	0.0857045	0.0712364	0.0772654	0.0818302	0.0794111	0.0793678	0.0672321	0.0651399	0.0733995	0.0733126	0.074426	0.0715575	0.0736454	0.0633447	0.0695376	0.0835751	0.0774491	0.0692233	0.0917206	0.0853597	0.0833973	0.0854182	0.0833241	0.0873206	0.0934467	0.093412	0.0893934	0.0935643	0.0935297	0.0853221	0.0971757	0.0893404	0.0872824	0.0872697	0.0934468	0.0792484	0.0918574	0.0814005	0.0793099	0.0732534	0.0732518	0.0978685	0.0610928	0.0794391	0.0774384	0.0712987	0.0745416	0.0765397	0.0736869	0.0716792	0.0571279	0.0673206	0.0883013	0.0947898	0.063286	0.0756101	0.0983916	0.0836143	0.0876546	0.0835039	0.0672432	0.0693228	0.0946449	0.0713677	0.0693902	0.0818342	0.069282	0.069258	0.071341	0.0712381	0.0772858	0.067313	0.0693187	0.0774391	0.0631124	0.0671852	0.0612692	0.0611953	0.0653419	0.105409	0.067217	0.079871	0.0652621	0.0762114	0.0818615	0.0796754	0.0714432	0.0714946	0.0831916	0.0998015	0.112844	0.0872825	0.0875104	0.0893692	0.0954284	0.0831813	0.0934473	0.0893316	0.0933854	0.0892861	0.081187	0.0791061	0.0791071	0.0791071	0.0936451	0.0896271	0.0917141	0.0894039	0.0894226	0.0977043	0.0914134	0.0976195	0.0835234	0.0833807	0.0877201	0.103702	0.0916699	0.0834791	0.149693	0.130556	0.123952	0.135956	0.142317	0.142201	0.146119	0.132881	0.120327	0.191645	0.167286	0.186883	0.193298
Poecile_atricapillus	0.12686	0.13398	0.136019	0.163822	0.129721	0.127717	0.172489	0.185141	0.17739	0.193673	0.192827	0.170751	0.17175	0.185504	0.134897	0.131428	0.162084	0.155781	0.157825	0.151624	0.15364	0.151614	0.149615	0.149615	0.133664	0.144281	0.123278	0.144032	0.150227	0.145637	0.141604	0.139509	0.13337	0.1354	0.137445	0.135395	0.162326	0.162244	0.162851	0.155823	0.158133	0.229606	0.129246	0.131269	0.152026	0.139416	0.139391	0.139356	0.137324	0.139327	0.127208	0.129221	0.127206	0.12519	0.131433	0.135925	0.157657	0.148577	0.151169	0.145041	0.142507	0.150318	0.188617	0.153881	0.160603	0.173127	0.148854	0.167463	0.167033	0.170457	0.179768	0.167271	0.173297	0.158831	0.174051	0.162328	0.152764	0.156837	0.144354	0.127379	0.127365	0.139758	0.148118	0.149802	0.166438	0.145698	0.139542	0.147583	0.153598	0.153752	0.135501	0.133693	0.141614	0.137696	0.14181	0.143829	0.213407	0.204305	0.198903	0.173451	0.162569	0.154423	0.164197	0.16142	0.161645	0.133661	0.153	0.139903	0.141902	0.178824	0.176995	0.152751	0.140345	0.225482	0.22842	0.165215	0.185258	0.163173	0.192018	0.162982	0.190251	0.158481	0.1703	0.179385	0.172494	0.191395	0.193713	0.207769	0.201164	0.197982	0.208149	0.193879	0.11324	0.121583	0.132087	0.11924	0.115217	0.115217	0.121259	0.119232	0.127797	0.123474	0.121472	0.161135	0.162415	0.14927	0.167241	0.185217	0.188118	0.142511	0.0990474	0.0888039	0.0848046	0.103679	0.105476	0.0972012	0.0703785	0.0887514	0.0847688	0.0826094	0.0744824	0.0866455	0.0948895	0.094867	0.0991802	0.107424	0.0886944	0.077901	0.0915664	0.0897237	0.0768936	0.0985743	0.0881018	0.08863	0.0812627	0.0750806	0.081864	0.0564137	0.0626889	0.060772	0.065111	0.0423057	0.0565844	0.0506809	0.0588004	0.0463578	0.0493161	0	0.0155422	0.0122545	0.0529262	0.0572372	0.0573566	0.0523837	0.0584914	0.0648344	0.0503663	0.0563953	0.06096	0.058541	0.0584977	0.046362	0.0442697	0.0525294	0.0524425	0.0535558	0.0506874	0.0527753	0.0424746	0.0486674	0.062705	0.0565789	0.0483532	0.0708505	0.0644896	0.0625271	0.064548	0.0624539	0.0664504	0.0725766	0.0725419	0.0685232	0.0726942	0.0726596	0.064452	0.0763055	0.0684703	0.0664122	0.0663996	0.0725767	0.0583783	0.0709873	0.0605303	0.0584397	0.0523832	0.0523816	0.0769983	0.0402226	0.058569	0.0565683	0.0504286	0.0536715	0.0556696	0.0528167	0.0508091	0.0362578	0.0464505	0.0674311	0.0739197	0.0424158	0.05474	0.0775214	0.0627441	0.0667844	0.0626338	0.0463731	0.0484526	0.0737747	0.0504975	0.04852	0.0609641	0.0484118	0.0483878	0.0504708	0.0503679	0.0564157	0.0464428	0.0484486	0.056569	0.0422423	0.0463151	0.040399	0.0403251	0.0444718	0.0845393	0.0463469	0.0590009	0.044392	0.0553412	0.0609914	0.0588052	0.0505731	0.0506245	0.0623214	0.0789314	0.0919739	0.0664124	0.0666402	0.068499	0.0745582	0.0623112	0.0725772	0.0684615	0.0725152	0.0684159	0.0603169	0.058236	0.058237	0.058237	0.0727749	0.0687569	0.070844	0.0685338	0.0685524	0.0768341	0.0705432	0.0767494	0.0626532	0.0625106	0.0668499	0.0828323	0.0707998	0.062609	0.128823	0.109686	0.103082	0.115086	0.121446	0.121331	0.125249	0.112011	0.0994564	0.170775	0.146416	0.166013	0.172428
Parus_major	0.134389	0.141509	0.143548	0.171352	0.13725	0.135247	0.180018	0.19267	0.184919	0.201202	0.200356	0.17828	0.179279	0.193033	0.142426	0.138957	0.169613	0.16331	0.165354	0.159153	0.161169	0.159144	0.157144	0.157144	0.141193	0.151811	0.130807	0.151562	0.157757	0.153166	0.149134	0.147038	0.140899	0.142929	0.144974	0.142924	0.169855	0.169773	0.17038	0.163352	0.165662	0.237135	0.136776	0.138798	0.159555	0.146946	0.146921	0.146886	0.144853	0.146856	0.134737	0.13675	0.134735	0.132719	0.138962	0.143454	0.165186	0.156106	0.158698	0.15257	0.150036	0.157847	0.196147	0.16141	0.168132	0.180656	0.156384	0.174992	0.174562	0.177987	0.187297	0.1748	0.180826	0.16636	0.18158	0.169857	0.160293	0.164367	0.151883	0.134908	0.134894	0.147287	0.155647	0.157332	0.173967	0.153227	0.147071	0.155112	0.161127	0.161281	0.143031	0.141222	0.149143	0.145225	0.149339	0.151358	0.220936	0.211834	0.206432	0.18098	0.170098	0.161952	0.171726	0.168949	0.169174	0.141191	0.160529	0.147432	0.149431	0.186353	0.184525	0.160281	0.147875	0.233012	0.235949	0.172745	0.192787	0.170702	0.199547	0.170511	0.19778	0.16601	0.177829	0.186914	0.180023	0.198925	0.201242	0.215299	0.208694	0.205511	0.215678	0.201408	0.120769	0.129112	0.139616	0.126769	0.122746	0.122746	0.128788	0.126762	0.135326	0.131003	0.129001	0.168664	0.169944	0.156799	0.17477	0.192746	0.195647	0.15004	0.106577	0.0963331	0.0923338	0.111208	0.113005	0.10473	0.0779076	0.0962805	0.0922979	0.0901386	0.0820116	0.0941747	0.102419	0.102396	0.106709	0.114953	0.0962235	0.0854302	0.0990956	0.0972528	0.0844228	0.106104	0.095631	0.0961592	0.0887919	0.0826098	0.0893932	0.0639429	0.0702181	0.0683011	0.0726402	0.0498348	0.0641136	0.0582101	0.0663296	0.053887	0.0568453	0.0155422	0	0.0164688	0.0604554	0.0647664	0.0648858	0.0599129	0.0660206	0.0723636	0.0578954	0.0639244	0.0684892	0.0660701	0.0660268	0.0538912	0.0517989	0.0600586	0.0599717	0.061085	0.0582165	0.0603045	0.0500037	0.0561966	0.0702342	0.0641081	0.0558823	0.0783796	0.0720187	0.0700563	0.0720772	0.0699831	0.0739796	0.0801057	0.080071	0.0760524	0.0802233	0.0801888	0.0719811	0.0838347	0.0759994	0.0739414	0.0739288	0.0801058	0.0659074	0.0785165	0.0680595	0.0659689	0.0599124	0.0599108	0.0845275	0.0477518	0.0660982	0.0640974	0.0579577	0.0612006	0.0631987	0.0603459	0.0583382	0.043787	0.0539796	0.0749603	0.0814489	0.049945	0.0622692	0.0850506	0.0702733	0.0743136	0.070163	0.0539023	0.0559818	0.0813039	0.0580267	0.0560492	0.0684933	0.055941	0.055917	0.058	0.0578971	0.0639449	0.053972	0.0559777	0.0640982	0.0497714	0.0538442	0.0479282	0.0478543	0.0520009	0.0920685	0.0538761	0.06653	0.0519211	0.0628704	0.0685205	0.0663344	0.0581022	0.0581536	0.0698506	0.0864605	0.0995031	0.0739416	0.0741694	0.0760282	0.0820874	0.0698404	0.0801063	0.0759906	0.0800444	0.0759451	0.067846	0.0657651	0.0657661	0.0657661	0.0803041	0.0762861	0.0783732	0.076063	0.0760816	0.0843633	0.0780724	0.0842785	0.0701824	0.0700398	0.0743791	0.0903615	0.0783289	0.0701381	0.136352	0.117215	0.110611	0.122615	0.128976	0.12886	0.132778	0.11954	0.106986	0.178304	0.153945	0.173542	0.179957
Pseudopodoces_humilis	0.131101	0.138221	0.14026	0.168064	0.133963	0.131959	0.17673	0.189383	0.181631	0.197914	0.197068	0.174993	0.175991	0.189745	0.139138	0.135669	0.166326	0.160022	0.162067	0.155865	0.157881	0.155856	0.153856	0.153856	0.137905	0.148523	0.127519	0.148274	0.154469	0.149878	0.145846	0.14375	0.137612	0.139641	0.141687	0.139636	0.166568	0.166485	0.167093	0.160064	0.162375	0.233847	0.133488	0.13551	0.156267	0.143658	0.143633	0.143598	0.141565	0.143568	0.13145	0.133462	0.131447	0.129432	0.135674	0.140166	0.161898	0.152819	0.155411	0.149282	0.146749	0.154559	0.192859	0.158122	0.164844	0.177369	0.153096	0.171705	0.171274	0.174699	0.184009	0.171513	0.177538	0.163073	0.178293	0.166569	0.157006	0.161079	0.148596	0.131621	0.131607	0.143999	0.15236	0.154044	0.170679	0.149939	0.143784	0.151824	0.157839	0.157993	0.139743	0.137935	0.145856	0.141938	0.146051	0.14807	0.217648	0.208546	0.203144	0.177693	0.16681	0.158664	0.168439	0.165661	0.165887	0.137903	0.157242	0.144144	0.146144	0.183066	0.181237	0.156993	0.144587	0.229724	0.232662	0.169457	0.189499	0.167415	0.196259	0.167223	0.194492	0.162722	0.174541	0.183627	0.176736	0.195637	0.197954	0.212011	0.205406	0.202224	0.212391	0.19812	0.117481	0.125824	0.136329	0.123481	0.119459	0.119459	0.1255	0.123474	0.132038	0.127716	0.125713	0.165376	0.166657	0.153511	0.171482	0.189459	0.19236	0.146752	0.103289	0.0930454	0.0890461	0.107921	0.109718	0.101443	0.0746199	0.0929929	0.0890103	0.0868509	0.0787239	0.090887	0.099131	0.0991085	0.103422	0.111666	0.0929358	0.0821425	0.0958079	0.0939652	0.0811351	0.102816	0.0923433	0.0928715	0.0855042	0.0793221	0.0861055	0.0606552	0.0669304	0.0650135	0.0693525	0.0465471	0.0608259	0.0549224	0.0630419	0.0505993	0.0535576	0.0122545	0.0164688	0	0.0571677	0.0614787	0.0615981	0.0566252	0.0627329	0.0690759	0.0546078	0.0606368	0.0652015	0.0627824	0.0627392	0.0506035	0.0485112	0.0567709	0.056684	0.0577973	0.0549288	0.0570168	0.0467161	0.0529089	0.0669465	0.0608204	0.0525947	0.075092	0.068731	0.0667686	0.0687895	0.0666954	0.0706919	0.0768181	0.0767833	0.0727647	0.0769356	0.0769011	0.0686935	0.080547	0.0727118	0.0706537	0.0706411	0.0768181	0.0626197	0.0752288	0.0647718	0.0626812	0.0566247	0.0566231	0.0812398	0.0444641	0.0628105	0.0608098	0.05467	0.0579129	0.0599111	0.0570582	0.0550506	0.0404993	0.0506919	0.0716726	0.0781612	0.0466573	0.0589815	0.0817629	0.0669856	0.0710259	0.0668753	0.0506146	0.0526941	0.0780162	0.054739	0.0527615	0.0652056	0.0526533	0.0526293	0.0547123	0.0546094	0.0606572	0.0506843	0.0526901	0.0608105	0.0464838	0.0505565	0.0446405	0.0445666	0.0487133	0.0887808	0.0505884	0.0632423	0.0486334	0.0595827	0.0652329	0.0630467	0.0548146	0.0548659	0.0665629	0.0831728	0.0962154	0.0706539	0.0708817	0.0727405	0.0787997	0.0665527	0.0768187	0.072703	0.0767567	0.0726574	0.0645583	0.0624775	0.0624785	0.0624785	0.0770164	0.0729984	0.0750855	0.0727753	0.0727939	0.0810756	0.0747847	0.0809909	0.0668947	0.0667521	0.0710914	0.0870738	0.0750413	0.0668505	0.133064	0.113927	0.107323	0.119328	0.125688	0.125573	0.129491	0.116252	0.103698	0.175016	0.150658	0.170254	0.176669
Bombycilla_garrulus	0.143324	0.150444	0.152483	0.180287	0.146185	0.144182	0.188953	0.201605	0.193854	0.210137	0.209291	0.187215	0.188214	0.201968	0.151361	0.147892	0.178549	0.172245	0.174289	0.168088	0.170104	0.168079	0.166079	0.166079	0.150128	0.160746	0.139742	0.160497	0.166692	0.162101	0.158069	0.155973	0.149834	0.151864	0.153909	0.151859	0.17879	0.178708	0.179316	0.172287	0.174597	0.24607	0.145711	0.147733	0.16849	0.155881	0.155856	0.155821	0.153788	0.155791	0.143673	0.145685	0.14367	0.141654	0.147897	0.152389	0.174121	0.165042	0.167633	0.161505	0.158971	0.166782	0.205082	0.170345	0.177067	0.189592	0.165319	0.183927	0.183497	0.186922	0.196232	0.183736	0.189761	0.175295	0.190515	0.178792	0.169228	0.173302	0.160818	0.143843	0.143829	0.156222	0.164583	0.166267	0.182902	0.162162	0.156007	0.164047	0.170062	0.170216	0.151966	0.150157	0.158078	0.15416	0.158274	0.160293	0.229871	0.220769	0.215367	0.189915	0.179033	0.170887	0.180661	0.177884	0.17811	0.150126	0.169464	0.156367	0.158366	0.195289	0.19346	0.169216	0.15681	0.241947	0.244884	0.18168	0.201722	0.179637	0.208482	0.179446	0.206715	0.174945	0.186764	0.195849	0.188958	0.20786	0.210177	0.224234	0.217629	0.214446	0.224614	0.210343	0.129704	0.138047	0.148551	0.135704	0.131681	0.131681	0.137723	0.135697	0.144261	0.139938	0.137936	0.177599	0.178879	0.165734	0.183705	0.201682	0.204583	0.158975	0.115512	0.105268	0.101269	0.120143	0.12194	0.113665	0.0868427	0.105216	0.101233	0.0990737	0.0909467	0.10311	0.111354	0.111331	0.115644	0.123888	0.105159	0.0943653	0.108031	0.106188	0.0933578	0.115039	0.104566	0.105094	0.0977269	0.0915448	0.0983283	0.072878	0.0791532	0.0772362	0.0815752	0.0587699	0.0730486	0.0671451	0.0752646	0.062822	0.0737964	0.0529262	0.0604554	0.0571677	0	0.0410596	0.0658301	0.068848	0.0749556	0.0812986	0.0668305	0.0728595	0.0774242	0.0750052	0.0749619	0.0628262	0.060734	0.0689936	0.0689067	0.0700201	0.0671516	0.0692395	0.0589388	0.0651317	0.0791692	0.0730432	0.0648174	0.0873147	0.0809538	0.0789914	0.0810123	0.0789182	0.0829147	0.0890408	0.0890061	0.0849874	0.0891584	0.0891238	0.0809162	0.0927698	0.0849345	0.0828765	0.0828638	0.0890409	0.0748425	0.0874515	0.0769946	0.074904	0.0688475	0.0688459	0.0934625	0.0566869	0.0750332	0.0730325	0.0668928	0.0701357	0.0721338	0.069281	0.0672733	0.052722	0.0629147	0.0838954	0.0903839	0.0588801	0.0712042	0.0939857	0.0792083	0.0832486	0.079098	0.0628373	0.0649169	0.090239	0.0669617	0.0649843	0.0774283	0.0648761	0.0648521	0.0669351	0.0668322	0.0728799	0.0629071	0.0649128	0.0730332	0.0587065	0.0627793	0.0568633	0.0567894	0.060936	0.101004	0.0628111	0.0754651	0.0608562	0.0718055	0.0774556	0.0752695	0.0670373	0.0670887	0.0787857	0.0953956	0.108438	0.0828766	0.0831045	0.0849633	0.0910225	0.0787754	0.0890414	0.0849257	0.0889795	0.0848801	0.0767811	0.0747002	0.0747012	0.0747012	0.0892392	0.0852212	0.0873082	0.084998	0.0850167	0.0932984	0.0870075	0.0932136	0.0791175	0.0789748	0.0833142	0.0992965	0.087264	0.0790732	0.145287	0.12615	0.119546	0.13155	0.137911	0.137795	0.141713	0.128475	0.115921	0.187239	0.16288	0.182477	0.188892
Phainopepla_nitens	0.147635	0.154755	0.156794	0.184598	0.150496	0.148493	0.193264	0.205916	0.198165	0.214448	0.213602	0.191526	0.192525	0.206279	0.155672	0.152203	0.18286	0.176556	0.1786	0.172399	0.174415	0.17239	0.17039	0.17039	0.154439	0.165057	0.144053	0.164808	0.171003	0.166412	0.16238	0.160284	0.154145	0.156175	0.15822	0.15617	0.183101	0.183019	0.183627	0.176598	0.178908	0.250381	0.150022	0.152044	0.172801	0.160192	0.160167	0.160132	0.158099	0.160102	0.147984	0.149996	0.147981	0.145965	0.152208	0.1567	0.178432	0.169353	0.171944	0.165816	0.163282	0.171093	0.209393	0.174656	0.181378	0.193903	0.16963	0.188238	0.187808	0.191233	0.200543	0.188046	0.194072	0.179606	0.194826	0.183103	0.173539	0.177613	0.165129	0.148154	0.14814	0.160533	0.168894	0.170578	0.187213	0.166473	0.160318	0.168358	0.174373	0.174527	0.156277	0.154468	0.162389	0.158471	0.162585	0.164604	0.234182	0.22508	0.219678	0.194226	0.183344	0.175198	0.184972	0.182195	0.18242	0.154437	0.173775	0.160678	0.162677	0.1996	0.197771	0.173527	0.161121	0.246258	0.249195	0.185991	0.206033	0.183948	0.212793	0.183757	0.211026	0.179256	0.191075	0.20016	0.193269	0.212171	0.214488	0.228545	0.22194	0.218757	0.228925	0.214654	0.134015	0.142358	0.152862	0.140015	0.135992	0.135992	0.142034	0.140008	0.148572	0.144249	0.142247	0.18191	0.18319	0.170045	0.188016	0.205993	0.208894	0.163286	0.119823	0.109579	0.10558	0.124454	0.126251	0.117976	0.0911537	0.109527	0.105544	0.103385	0.0952577	0.107421	0.115665	0.115642	0.119955	0.128199	0.10947	0.0986763	0.112342	0.110499	0.0976688	0.11935	0.108877	0.109405	0.102038	0.0958558	0.102639	0.077189	0.0834642	0.0815472	0.0858862	0.0630809	0.0773596	0.0714561	0.0795756	0.067133	0.0781074	0.0572372	0.0647664	0.0614787	0.0410596	0	0.0701411	0.073159	0.0792666	0.0856096	0.0711415	0.0771705	0.0817352	0.0793162	0.0792729	0.0671372	0.065045	0.0733046	0.0732177	0.0743311	0.0714626	0.0735505	0.0632498	0.0694427	0.0834802	0.0773542	0.0691284	0.0916257	0.0852648	0.0833024	0.0853232	0.0832292	0.0872257	0.0933518	0.0933171	0.0892984	0.0934694	0.0934348	0.0852272	0.0970808	0.0892455	0.0871875	0.0871748	0.0933519	0.0791535	0.0917625	0.0813056	0.079215	0.0731584	0.0731568	0.0977735	0.0609979	0.0793442	0.0773435	0.0712038	0.0744467	0.0764448	0.073592	0.0715843	0.057033	0.0672257	0.0882064	0.0946949	0.0631911	0.0755152	0.0982967	0.0835193	0.0875596	0.083409	0.0671483	0.0692279	0.09455	0.0712727	0.0692953	0.0817393	0.0691871	0.0691631	0.0712461	0.0711432	0.0771909	0.0672181	0.0692238	0.0773442	0.0630175	0.0670903	0.0611743	0.0611004	0.065247	0.105315	0.0671221	0.0797761	0.0651672	0.0761165	0.0817666	0.0795805	0.0713483	0.0713997	0.0830967	0.0997066	0.112749	0.0871876	0.0874155	0.0892743	0.0953335	0.0830864	0.0933524	0.0892367	0.0932905	0.0891911	0.0810921	0.0790112	0.0790122	0.0790122	0.0935502	0.0895322	0.0916192	0.089309	0.0893276	0.0976094	0.0913184	0.0975246	0.0834285	0.0832858	0.0876252	0.103608	0.091575	0.0833842	0.149598	0.130461	0.123857	0.135861	0.142222	0.142106	0.146024	0.132786	0.120232	0.19155	0.167191	0.186788	0.193203
Regulus_satrapa	0.147755	0.154875	0.156913	0.184717	0.150616	0.148612	0.193383	0.206036	0.198284	0.214568	0.213722	0.191646	0.192644	0.206399	0.155792	0.152323	0.182979	0.176675	0.17872	0.172518	0.174534	0.172509	0.17051	0.17051	0.154558	0.165176	0.144173	0.164927	0.171122	0.166531	0.162499	0.160404	0.154265	0.156294	0.15834	0.15629	0.183221	0.183138	0.183746	0.176717	0.179028	0.250501	0.150141	0.152164	0.17292	0.160311	0.160286	0.160251	0.158218	0.160221	0.148103	0.150116	0.1481	0.146085	0.152327	0.156819	0.178552	0.169472	0.172064	0.165935	0.163402	0.171212	0.209512	0.174775	0.181497	0.194022	0.169749	0.188358	0.187927	0.191352	0.200662	0.188166	0.194191	0.179726	0.194946	0.183222	0.173659	0.177732	0.165249	0.148274	0.14826	0.160652	0.169013	0.170697	0.187333	0.166592	0.160437	0.168478	0.174492	0.174646	0.156396	0.154588	0.162509	0.158591	0.162705	0.164724	0.234302	0.225199	0.219797	0.194346	0.183463	0.175318	0.185092	0.182315	0.18254	0.154556	0.173895	0.160798	0.162797	0.199719	0.19789	0.173646	0.16124	0.246377	0.249315	0.18611	0.206152	0.184068	0.212912	0.183876	0.211145	0.179376	0.191194	0.20028	0.193389	0.21229	0.214607	0.228664	0.222059	0.218877	0.229044	0.214773	0.134134	0.142477	0.152982	0.140134	0.136112	0.136112	0.142153	0.140127	0.148691	0.144369	0.142366	0.18203	0.18331	0.170164	0.188135	0.206112	0.209013	0.163405	0.119942	0.109699	0.105699	0.124574	0.126371	0.118096	0.0912731	0.109646	0.105663	0.103504	0.0953771	0.10754	0.115784	0.115762	0.120075	0.128319	0.109589	0.0987957	0.112461	0.110618	0.0977882	0.119469	0.108996	0.109525	0.102157	0.0959752	0.102759	0.0773084	0.0835836	0.0816666	0.0860056	0.0632003	0.077479	0.0715755	0.079695	0.0672524	0.0782268	0.0573566	0.0648858	0.0615981	0.0658301	0.0701411	0	0.0732784	0.079386	0.085729	0.0712609	0.0772899	0.0818546	0.0794356	0.0793923	0.0672566	0.0651644	0.073424	0.0733371	0.0744505	0.071582	0.0736699	0.0633692	0.0695621	0.0835996	0.0774736	0.0692478	0.0917451	0.0853842	0.0834218	0.0854427	0.0833486	0.0873451	0.0934712	0.0934365	0.0894178	0.0935888	0.0935542	0.0853466	0.0972002	0.0893649	0.0873069	0.0872942	0.0934713	0.0792729	0.0918819	0.081425	0.0793344	0.0732779	0.0732763	0.097893	0.0611173	0.0794636	0.0774629	0.0713232	0.0745661	0.0765642	0.0737114	0.0717037	0.0571524	0.0673451	0.0883258	0.0948143	0.0633105	0.0756346	0.0984161	0.0836387	0.087679	0.0835284	0.0672677	0.0693473	0.0946694	0.0713921	0.0694147	0.0818587	0.0693065	0.0692825	0.0713655	0.0712626	0.0773103	0.0673375	0.0693432	0.0774636	0.0631369	0.0672097	0.0612937	0.0612198	0.0653664	0.105434	0.0672415	0.0798955	0.0652866	0.0762359	0.081886	0.0796999	0.0714677	0.0715191	0.0832161	0.099826	0.112869	0.087307	0.0875349	0.0893937	0.0954529	0.0832058	0.0934718	0.0893561	0.0934099	0.0893105	0.0812115	0.0791306	0.0791316	0.0791316	0.0936696	0.0896516	0.0917386	0.0894284	0.0894471	0.0977288	0.0914379	0.097644	0.0835479	0.0834052	0.0877446	0.103727	0.0916944	0.0835036	0.149717	0.13058	0.123976	0.135981	0.142341	0.142226	0.146144	0.132905	0.120351	0.191669	0.167311	0.186908	0.193322
Buphagus_erythrorhynchus	0.140139	0.147259	0.149298	0.177101	0.143	0.140997	0.185768	0.19842	0.190669	0.206952	0.206106	0.18403	0.185029	0.198783	0.148176	0.144707	0.175363	0.16906	0.171104	0.164903	0.166919	0.164894	0.162894	0.162894	0.146943	0.15756	0.136557	0.157312	0.163506	0.158916	0.154884	0.152788	0.146649	0.148679	0.150724	0.148674	0.175605	0.175523	0.17613	0.169102	0.171412	0.242885	0.142526	0.144548	0.165305	0.152696	0.15267	0.152636	0.150603	0.152606	0.140487	0.1425	0.140485	0.138469	0.144712	0.149204	0.170936	0.161856	0.164448	0.15832	0.155786	0.163597	0.201897	0.16716	0.173882	0.186406	0.162134	0.180742	0.180312	0.183737	0.193047	0.18055	0.186576	0.17211	0.18733	0.175607	0.166043	0.170117	0.157633	0.140658	0.140644	0.153037	0.161397	0.163082	0.179717	0.158977	0.152821	0.160862	0.166877	0.167031	0.148781	0.146972	0.154893	0.150975	0.155089	0.157108	0.226686	0.217584	0.212182	0.18673	0.175848	0.167702	0.177476	0.174699	0.174924	0.146941	0.166279	0.153182	0.155181	0.192103	0.190275	0.166031	0.153624	0.238762	0.241699	0.178495	0.198537	0.176452	0.205297	0.176261	0.20353	0.17176	0.183579	0.192664	0.185773	0.204674	0.206992	0.221048	0.214444	0.211261	0.221428	0.207158	0.126519	0.134862	0.145366	0.132519	0.128496	0.128496	0.134538	0.132512	0.141076	0.136753	0.134751	0.174414	0.175694	0.162549	0.18052	0.198496	0.201397	0.15579	0.112327	0.102083	0.0980837	0.116958	0.118755	0.11048	0.0836576	0.10203	0.0980479	0.0958886	0.0877616	0.0999246	0.108169	0.108146	0.112459	0.120703	0.101973	0.0911801	0.104846	0.103003	0.0901727	0.111853	0.101381	0.101909	0.0945418	0.0883597	0.0951432	0.0696929	0.0759681	0.0740511	0.0783901	0.0555848	0.0698635	0.06396	0.0720795	0.0596369	0.0732539	0.0523837	0.0599129	0.0566252	0.068848	0.073159	0.0732784	0	0.0261561	0.032504	0.0180358	0.0240648	0.0528653	0.0504462	0.0504029	0.0382672	0.036175	0.0444346	0.0443477	0.0547497	0.0639665	0.0660544	0.0557537	0.0619466	0.0759841	0.0698581	0.0616323	0.0841296	0.0777687	0.0758062	0.0778271	0.0757331	0.0797295	0.0858557	0.085821	0.0818023	0.0859733	0.0859387	0.0777311	0.0895847	0.0817494	0.0796913	0.0796787	0.0858558	0.0716574	0.0842664	0.0738095	0.0717189	0.0656623	0.0656607	0.0902774	0.0535018	0.0718481	0.0698474	0.0637077	0.0669506	0.0689487	0.0660958	0.0640882	0.0495369	0.0597296	0.0807103	0.0871988	0.055695	0.0680191	0.0908006	0.0760232	0.0800635	0.0759129	0.0596522	0.0617317	0.0870538	0.0637766	0.0617992	0.0742432	0.061691	0.0616669	0.06375	0.063647	0.0696948	0.0597219	0.0617277	0.0698481	0.0555214	0.0595942	0.0536782	0.0536042	0.0577509	0.0978185	0.059626	0.07228	0.0576711	0.0686204	0.0742705	0.0720844	0.0638522	0.0639036	0.0756006	0.0922105	0.105253	0.0796915	0.0799194	0.0817781	0.0878374	0.0755903	0.0858563	0.0817406	0.0857943	0.081695	0.073596	0.0715151	0.0715161	0.0715161	0.086054	0.082036	0.0841231	0.0818129	0.0818315	0.0901132	0.0838223	0.0900285	0.0759323	0.0757897	0.0801291	0.0961114	0.0840789	0.0758881	0.142102	0.122965	0.116361	0.128365	0.134726	0.13461	0.138528	0.12529	0.112736	0.184054	0.159695	0.179292	0.185707
Toxostoma_redivivum	0.146247	0.153367	0.155405	0.183209	0.149108	0.147104	0.191876	0.204528	0.196777	0.21306	0.212214	0.190138	0.191137	0.204891	0.154284	0.150815	0.181471	0.175167	0.177212	0.17101	0.173027	0.171001	0.169002	0.169002	0.15305	0.163668	0.142665	0.163419	0.169614	0.165024	0.160991	0.158896	0.152757	0.154786	0.156832	0.154782	0.181713	0.181631	0.182238	0.175209	0.17752	0.248993	0.148633	0.150656	0.171412	0.158803	0.158778	0.158743	0.15671	0.158713	0.146595	0.148608	0.146592	0.144577	0.15082	0.155312	0.177044	0.167964	0.170556	0.164428	0.161894	0.169704	0.208004	0.173267	0.17999	0.192514	0.168241	0.18685	0.186419	0.189844	0.199154	0.186658	0.192684	0.178218	0.193438	0.181715	0.172151	0.176224	0.163741	0.146766	0.146752	0.159144	0.167505	0.169189	0.185825	0.165084	0.158929	0.16697	0.172985	0.173139	0.154888	0.15308	0.161001	0.157083	0.161197	0.163216	0.232794	0.223691	0.21829	0.192838	0.181955	0.17381	0.183584	0.180807	0.181032	0.153048	0.172387	0.15929	0.161289	0.198211	0.196382	0.172138	0.159732	0.244869	0.247807	0.184602	0.204645	0.18256	0.211405	0.182368	0.209637	0.177868	0.189687	0.198772	0.191881	0.210782	0.2131	0.227156	0.220551	0.217369	0.227536	0.213265	0.132626	0.14097	0.151474	0.138626	0.134604	0.134604	0.140646	0.138619	0.147184	0.142861	0.140859	0.180522	0.181802	0.168656	0.186627	0.204604	0.207505	0.161897	0.118434	0.108191	0.104191	0.123066	0.124863	0.116588	0.0897652	0.108138	0.104156	0.101996	0.0938692	0.106032	0.114276	0.114254	0.118567	0.126811	0.108081	0.0972878	0.110953	0.10911	0.0962804	0.117961	0.107489	0.108017	0.100649	0.0944674	0.101251	0.0758005	0.0820757	0.0801588	0.0844978	0.0616924	0.0759712	0.0700677	0.0781872	0.0657446	0.0793616	0.0584914	0.0660206	0.0627329	0.0749556	0.0792666	0.079386	0.0261561	0	0.0386116	0.0241435	0.0301725	0.0589729	0.0565539	0.0565106	0.0443749	0.0422826	0.0505423	0.0504554	0.0608574	0.0700741	0.0721621	0.0618613	0.0680542	0.0820918	0.0759657	0.06774	0.0902372	0.0838763	0.0819139	0.0839348	0.0818407	0.0858372	0.0919633	0.0919286	0.08791	0.0920809	0.0920464	0.0838388	0.0956923	0.0878571	0.085799	0.0857864	0.0919634	0.077765	0.0903741	0.0799171	0.0778265	0.07177	0.0717684	0.0963851	0.0596094	0.0779558	0.075955	0.0698153	0.0730582	0.0750563	0.0722035	0.0701959	0.0556446	0.0658372	0.0868179	0.0933065	0.0618026	0.0741268	0.0969082	0.0821309	0.0861712	0.0820206	0.0657599	0.0678394	0.0931615	0.0698843	0.0679068	0.0803509	0.0677986	0.0677746	0.0698576	0.0697547	0.0758025	0.0658296	0.0678354	0.0759558	0.061629	0.0657018	0.0597858	0.0597119	0.0638586	0.103926	0.0657337	0.0783876	0.0637787	0.074728	0.0803782	0.078192	0.0699598	0.0700112	0.0817082	0.0983181	0.111361	0.0857992	0.086027	0.0878858	0.093945	0.081698	0.091964	0.0878482	0.091902	0.0878027	0.0797036	0.0776227	0.0776237	0.0776237	0.0921617	0.0881437	0.0902308	0.0879206	0.0879392	0.0962209	0.08993	0.0961362	0.08204	0.0818974	0.0862367	0.102219	0.0901865	0.0819957	0.148209	0.129072	0.122468	0.134473	0.140833	0.140718	0.144636	0.131398	0.118843	0.190161	0.165803	0.1854	0.191815
Rhabdornis_inornatus	0.15259	0.15971	0.161748	0.189552	0.155451	0.153447	0.198219	0.210871	0.20312	0.219403	0.218557	0.196481	0.19748	0.211234	0.160627	0.157158	0.187814	0.18151	0.183555	0.177353	0.17937	0.177344	0.175345	0.175345	0.159393	0.170011	0.149008	0.169762	0.175957	0.171367	0.167334	0.165239	0.1591	0.161129	0.163175	0.161125	0.188056	0.187974	0.188581	0.181552	0.183863	0.255336	0.154976	0.156999	0.177755	0.165146	0.165121	0.165086	0.163053	0.165056	0.152938	0.154951	0.152935	0.15092	0.157163	0.161655	0.183387	0.174307	0.176899	0.170771	0.168237	0.176047	0.214347	0.17961	0.186333	0.198857	0.174584	0.193193	0.192762	0.196187	0.205497	0.193001	0.199027	0.184561	0.199781	0.188058	0.178494	0.182567	0.170084	0.153109	0.153095	0.165487	0.173848	0.175532	0.192168	0.171427	0.165272	0.173313	0.179328	0.179482	0.161231	0.159423	0.167344	0.163426	0.16754	0.169559	0.239137	0.230034	0.224633	0.199181	0.188298	0.180153	0.189927	0.18715	0.187375	0.159391	0.17873	0.165633	0.167632	0.204554	0.202725	0.178481	0.166075	0.251212	0.25415	0.190945	0.210988	0.188903	0.217748	0.188711	0.21598	0.184211	0.19603	0.205115	0.198224	0.217125	0.219443	0.233499	0.226894	0.223712	0.233879	0.219608	0.138969	0.147313	0.157817	0.144969	0.140947	0.140947	0.146989	0.144962	0.153527	0.149204	0.147202	0.186865	0.188145	0.174999	0.19297	0.210947	0.213848	0.16824	0.124777	0.114534	0.110534	0.129409	0.131206	0.122931	0.0961082	0.114481	0.110499	0.108339	0.100212	0.112375	0.120619	0.120597	0.12491	0.133154	0.114424	0.103631	0.117296	0.115453	0.102623	0.124304	0.113832	0.11436	0.106992	0.10081	0.107594	0.0821435	0.0884187	0.0865017	0.0908408	0.0680354	0.0823142	0.0764107	0.0845302	0.0720876	0.0857045	0.0648344	0.0723636	0.0690759	0.0812986	0.0856096	0.085729	0.032504	0.0386116	0	0.0304808	0.0365098	0.0653159	0.0628969	0.0628536	0.0507179	0.0486256	0.0568853	0.0567984	0.0672004	0.0764171	0.0785051	0.0682043	0.0743972	0.0884348	0.0823087	0.074083	0.0965802	0.0902193	0.0882569	0.0902778	0.0881837	0.0921802	0.0983063	0.0982716	0.094253	0.0984239	0.0983894	0.0901818	0.102035	0.0942001	0.092142	0.0921294	0.0983064	0.084108	0.0967171	0.0862601	0.0841695	0.078113	0.0781114	0.102728	0.0659524	0.0842988	0.082298	0.0761583	0.0794012	0.0813993	0.0785465	0.0765389	0.0619876	0.0721802	0.0931609	0.0996495	0.0681456	0.0804698	0.103251	0.0884739	0.0925142	0.0883636	0.0721029	0.0741824	0.0995045	0.0762273	0.0742498	0.0866939	0.0741416	0.0741176	0.0762006	0.0760977	0.0821455	0.0721726	0.0741784	0.0822988	0.067972	0.0720448	0.0661288	0.0660549	0.0702016	0.110269	0.0720767	0.0847306	0.0701217	0.081071	0.0867212	0.084535	0.0763028	0.0763542	0.0880512	0.104661	0.117704	0.0921422	0.09237	0.0942288	0.100288	0.088041	0.098307	0.0941912	0.098245	0.0941457	0.0860466	0.0839657	0.0839667	0.0839667	0.0985047	0.0944867	0.0965738	0.0942636	0.0942822	0.102564	0.096273	0.102479	0.088383	0.0882404	0.0925797	0.108562	0.0965295	0.0883387	0.154552	0.135415	0.128811	0.140816	0.147176	0.147061	0.150979	0.137741	0.125186	0.196504	0.172146	0.191743	0.198158
Leucopsar_rothschildi	0.138122	0.145242	0.14728	0.175084	0.140983	0.138979	0.18375	0.196403	0.188651	0.204935	0.204089	0.182013	0.183011	0.196766	0.146159	0.14269	0.173346	0.167042	0.169087	0.162885	0.164901	0.162876	0.160877	0.160877	0.144925	0.155543	0.13454	0.155294	0.161489	0.156898	0.152866	0.150771	0.144632	0.146661	0.148707	0.146657	0.173588	0.173505	0.174113	0.167084	0.169395	0.240868	0.140508	0.142531	0.163287	0.150678	0.150653	0.150618	0.148585	0.150588	0.13847	0.140483	0.138467	0.136452	0.142694	0.147186	0.168919	0.159839	0.162431	0.156302	0.153769	0.161579	0.199879	0.165142	0.171864	0.184389	0.160116	0.178725	0.178294	0.181719	0.191029	0.178533	0.184558	0.170093	0.185313	0.173589	0.164026	0.168099	0.155616	0.138641	0.138627	0.151019	0.15938	0.161064	0.1777	0.156959	0.150804	0.158845	0.164859	0.165013	0.146763	0.144955	0.152876	0.148958	0.153072	0.155091	0.224669	0.215566	0.210164	0.184713	0.17383	0.165685	0.175459	0.172682	0.172907	0.144923	0.164262	0.151165	0.153164	0.190086	0.188257	0.164013	0.151607	0.236744	0.239682	0.176477	0.196519	0.174435	0.203279	0.174243	0.201512	0.169743	0.181561	0.190647	0.183756	0.202657	0.204974	0.219031	0.212426	0.209244	0.219411	0.20514	0.124501	0.132844	0.143349	0.130501	0.126479	0.126479	0.13252	0.130494	0.139058	0.134736	0.132733	0.172397	0.173677	0.160531	0.178502	0.196479	0.19938	0.153772	0.110309	0.100066	0.0960662	0.114941	0.116738	0.108463	0.0816401	0.100013	0.0960304	0.0938711	0.0857441	0.0979071	0.106151	0.106129	0.110442	0.118686	0.099956	0.0891627	0.102828	0.100985	0.0881552	0.109836	0.0993634	0.0998916	0.0925243	0.0863422	0.0931257	0.0676754	0.0739506	0.0720336	0.0763726	0.0535673	0.067846	0.0619425	0.070062	0.0576194	0.0712364	0.0503663	0.0578954	0.0546078	0.0668305	0.0711415	0.0712609	0.0180358	0.0241435	0.0304808	0	0.0100301	0.0508478	0.0484287	0.0483854	0.0362498	0.0341575	0.0424172	0.0423303	0.0527322	0.061949	0.0640369	0.0537362	0.0599291	0.0739666	0.0678406	0.0596148	0.0821121	0.0757512	0.0737888	0.0758097	0.0737156	0.0777121	0.0838382	0.0838035	0.0797848	0.0839558	0.0839212	0.0757136	0.0875672	0.0797319	0.0776739	0.0776612	0.0838383	0.0696399	0.0822489	0.071792	0.0697014	0.0636449	0.0636433	0.0882599	0.0514843	0.0698306	0.0678299	0.0616902	0.0649331	0.0669312	0.0640784	0.0620707	0.0475194	0.0577121	0.0786928	0.0851813	0.0536775	0.0660016	0.0887831	0.0740057	0.078046	0.0738954	0.0576347	0.0597143	0.0850364	0.0617591	0.0597817	0.0722257	0.0596735	0.0596495	0.0617325	0.0616296	0.0676773	0.0577045	0.0597102	0.0678306	0.0535039	0.0575767	0.0516607	0.0515868	0.0557334	0.095801	0.0576085	0.0702625	0.0556536	0.0666029	0.072253	0.0700669	0.0618347	0.0618861	0.0735831	0.090193	0.103236	0.077674	0.0779019	0.0797607	0.0858199	0.0735728	0.0838388	0.0797231	0.0837769	0.0796775	0.0715785	0.0694976	0.0694986	0.0694986	0.0840366	0.0800186	0.0821056	0.0797954	0.0798141	0.0880958	0.0818049	0.088011	0.0739149	0.0737722	0.0781116	0.0940939	0.0820614	0.0738706	0.140084	0.120947	0.114343	0.126348	0.132708	0.132593	0.136511	0.123272	0.110718	0.182036	0.157678	0.177275	0.183689
Sturnus_vulgaris	0.144151	0.151271	0.153309	0.181113	0.147012	0.145008	0.189779	0.202432	0.19468	0.210964	0.210118	0.188042	0.18904	0.202795	0.152188	0.148719	0.179375	0.173071	0.175116	0.168914	0.17093	0.168905	0.166906	0.166906	0.150954	0.161572	0.140569	0.161323	0.167518	0.162927	0.158895	0.1568	0.150661	0.15269	0.154736	0.152686	0.179617	0.179534	0.180142	0.173113	0.175424	0.246897	0.146537	0.14856	0.169316	0.156707	0.156682	0.156647	0.154614	0.156617	0.144499	0.146512	0.144496	0.142481	0.148723	0.153215	0.174948	0.165868	0.16846	0.162331	0.159798	0.167608	0.205908	0.171171	0.177893	0.190418	0.166145	0.184754	0.184323	0.187748	0.197058	0.184562	0.190587	0.176122	0.191342	0.179618	0.170055	0.174128	0.161645	0.14467	0.144656	0.157048	0.165409	0.167093	0.183729	0.162988	0.156833	0.164874	0.170888	0.171042	0.152792	0.150984	0.158905	0.154987	0.159101	0.16112	0.230698	0.221595	0.216193	0.190742	0.179859	0.171714	0.181488	0.178711	0.178936	0.150952	0.170291	0.157194	0.159193	0.196115	0.194286	0.170042	0.157636	0.242773	0.245711	0.182506	0.202548	0.180464	0.209308	0.180272	0.207541	0.175772	0.18759	0.196676	0.189785	0.208686	0.211003	0.22506	0.218455	0.215273	0.22544	0.211169	0.13053	0.138873	0.149378	0.13653	0.132508	0.132508	0.138549	0.136523	0.145087	0.140765	0.138762	0.178426	0.179706	0.16656	0.184531	0.202508	0.205409	0.159801	0.116338	0.106095	0.102095	0.12097	0.122767	0.114492	0.0876691	0.106042	0.102059	0.0999001	0.0917731	0.103936	0.11218	0.112158	0.116471	0.124715	0.105985	0.0951917	0.108857	0.107014	0.0941842	0.115865	0.105392	0.105921	0.0985533	0.0923712	0.0991547	0.0737044	0.0799796	0.0780626	0.0824016	0.0595963	0.073875	0.0679715	0.076091	0.0636484	0.0772654	0.0563953	0.0639244	0.0606368	0.0728595	0.0771705	0.0772899	0.0240648	0.0301725	0.0365098	0.0100301	0	0.0568768	0.0544577	0.0544144	0.0422788	0.0401865	0.0484462	0.0483593	0.0587612	0.067978	0.0700659	0.0597652	0.0659581	0.0799956	0.0738696	0.0656438	0.0881411	0.0817802	0.0798178	0.0818387	0.0797446	0.0837411	0.0898672	0.0898325	0.0858138	0.0899848	0.0899502	0.0817426	0.0935962	0.0857609	0.0837029	0.0836902	0.0898673	0.0756689	0.0882779	0.077821	0.0757304	0.0696739	0.0696723	0.094289	0.0575133	0.0758596	0.0738589	0.0677192	0.0709621	0.0729602	0.0701074	0.0680997	0.0535484	0.0637411	0.0847218	0.0912103	0.0597065	0.0720306	0.0948121	0.0800347	0.084075	0.0799244	0.0636637	0.0657433	0.0910654	0.0677881	0.0658107	0.0782547	0.0657025	0.0656785	0.0677615	0.0676586	0.0737063	0.0637335	0.0657392	0.0738596	0.0595329	0.0636057	0.0576897	0.0576158	0.0617624	0.10183	0.0636375	0.0762915	0.0616826	0.0726319	0.078282	0.0760959	0.0678637	0.0679151	0.0796121	0.096222	0.109265	0.083703	0.0839309	0.0857897	0.0918489	0.0796018	0.0898678	0.0857521	0.0898059	0.0857065	0.0776075	0.0755266	0.0755276	0.0755276	0.0900656	0.0860476	0.0881346	0.0858244	0.0858431	0.0941248	0.0878339	0.09404	0.0799439	0.0798012	0.0841406	0.100123	0.0880904	0.0798996	0.146113	0.126976	0.120372	0.132377	0.138737	0.138622	0.14254	0.129301	0.116747	0.188065	0.163707	0.183304	0.189718
Catharus_fuscescens	0.148715	0.155835	0.157874	0.185678	0.151577	0.149573	0.194344	0.206997	0.199245	0.215528	0.214682	0.192607	0.193605	0.207359	0.156752	0.153283	0.18394	0.177636	0.17968	0.173479	0.175495	0.17347	0.17147	0.17147	0.155519	0.166137	0.145133	0.165888	0.172083	0.167492	0.16346	0.161364	0.155225	0.157255	0.1593	0.15725	0.184181	0.184099	0.184707	0.177678	0.179989	0.251461	0.151102	0.153124	0.173881	0.161272	0.161247	0.161212	0.159179	0.161182	0.149064	0.151076	0.149061	0.147046	0.153288	0.15778	0.179512	0.170433	0.173024	0.166896	0.164363	0.172173	0.210473	0.175736	0.182458	0.194983	0.17071	0.189319	0.188888	0.192313	0.201623	0.189127	0.195152	0.180686	0.195907	0.184183	0.17462	0.178693	0.16621	0.149235	0.149221	0.161613	0.169974	0.171658	0.188293	0.167553	0.161398	0.169438	0.175453	0.175607	0.157357	0.155549	0.163469	0.159552	0.163665	0.165684	0.235262	0.22616	0.220758	0.195306	0.184424	0.176278	0.186053	0.183275	0.183501	0.155517	0.174856	0.161758	0.163757	0.20068	0.198851	0.174607	0.162201	0.247338	0.250276	0.187071	0.207113	0.185029	0.213873	0.184837	0.212106	0.180336	0.192155	0.201241	0.194349	0.213251	0.215568	0.229625	0.22302	0.219838	0.230005	0.215734	0.135095	0.143438	0.153942	0.141095	0.137072	0.137072	0.143114	0.141088	0.149652	0.145329	0.143327	0.18299	0.184271	0.171125	0.189096	0.207073	0.209974	0.164366	0.120903	0.110659	0.10666	0.125535	0.127332	0.119057	0.0922338	0.110607	0.106624	0.104465	0.0963378	0.108501	0.116745	0.116722	0.121036	0.129279	0.11055	0.0997564	0.113422	0.111579	0.098749	0.12043	0.109957	0.110485	0.103118	0.096936	0.103719	0.0782691	0.0845443	0.0826274	0.0869664	0.064161	0.0784398	0.0725363	0.0806558	0.0682132	0.0818302	0.06096	0.0684892	0.0652015	0.0774242	0.0817352	0.0818546	0.0528653	0.0589729	0.0653159	0.0508478	0.0568768	0	0.0550841	0.0550408	0.0429052	0.0408129	0.0490726	0.0489857	0.063326	0.0725427	0.0746307	0.0643299	0.0705228	0.0845604	0.0784343	0.0702086	0.0927058	0.0863449	0.0843825	0.0864034	0.0843093	0.0883058	0.0944319	0.0943972	0.0903786	0.0945495	0.094515	0.0863074	0.0981609	0.0903257	0.0882676	0.088255	0.094432	0.0802336	0.0928427	0.0823857	0.0802951	0.0742386	0.074237	0.0988537	0.062078	0.0804244	0.0784236	0.0722839	0.0755268	0.0775249	0.0746721	0.0726645	0.0581132	0.0683058	0.0892865	0.0957751	0.0642712	0.0765954	0.0993768	0.0845995	0.0886398	0.0844892	0.0682285	0.070308	0.0956301	0.0723529	0.0703754	0.0828195	0.0702672	0.0702432	0.0723262	0.0722233	0.0782711	0.0682982	0.070304	0.0784244	0.0640976	0.0681704	0.0622544	0.0621805	0.0663272	0.106395	0.0682023	0.0808562	0.0662473	0.0771966	0.0828468	0.0806606	0.0724284	0.0724798	0.0841768	0.100787	0.113829	0.0882678	0.0884956	0.0903544	0.0964136	0.0841666	0.0944326	0.0903168	0.0943706	0.0902713	0.0821722	0.0800913	0.0800923	0.0800923	0.0946303	0.0906123	0.0926994	0.0903892	0.0904078	0.0986895	0.0923986	0.0986048	0.0845086	0.084366	0.0887053	0.104688	0.0926552	0.0844643	0.150678	0.131541	0.124937	0.136941	0.143302	0.143186	0.147104	0.133866	0.121312	0.19263	0.168271	0.187868	0.194283
Cercotrichas_coryphaeus	0.146296	0.153416	0.155455	0.183259	0.149158	0.147154	0.191925	0.204578	0.196826	0.213109	0.212263	0.190188	0.191186	0.20494	0.154333	0.150864	0.181521	0.175217	0.177261	0.17106	0.173076	0.171051	0.169051	0.169051	0.1531	0.163718	0.142714	0.163469	0.169664	0.165073	0.161041	0.158945	0.152806	0.154836	0.156881	0.154831	0.181762	0.18168	0.182288	0.175259	0.17757	0.249042	0.148683	0.150705	0.171462	0.158853	0.158828	0.158793	0.15676	0.158763	0.146645	0.148657	0.146642	0.144626	0.150869	0.155361	0.177093	0.168014	0.170605	0.164477	0.161944	0.169754	0.208054	0.173317	0.180039	0.192564	0.168291	0.1869	0.186469	0.189894	0.199204	0.186708	0.192733	0.178267	0.193487	0.181764	0.172201	0.176274	0.163791	0.146816	0.146802	0.159194	0.167555	0.169239	0.185874	0.165134	0.158979	0.167019	0.173034	0.173188	0.154938	0.15313	0.16105	0.157132	0.161246	0.163265	0.232843	0.223741	0.218339	0.192887	0.182005	0.173859	0.183634	0.180856	0.181082	0.153098	0.172437	0.159339	0.161338	0.198261	0.196432	0.172188	0.159782	0.244919	0.247857	0.184652	0.204694	0.18261	0.211454	0.182418	0.209687	0.177917	0.189736	0.198821	0.19193	0.210832	0.213149	0.227206	0.220601	0.217419	0.227586	0.213315	0.132676	0.141019	0.151523	0.138676	0.134653	0.134653	0.140695	0.138669	0.147233	0.14291	0.140908	0.180571	0.181852	0.168706	0.186677	0.204654	0.207555	0.161947	0.118484	0.10824	0.104241	0.123116	0.124913	0.116638	0.0898148	0.108188	0.104205	0.102046	0.0939188	0.106082	0.114326	0.114303	0.118617	0.12686	0.108131	0.0973373	0.111003	0.10916	0.0963299	0.118011	0.107538	0.108066	0.100699	0.0945169	0.1013	0.0758501	0.0821253	0.0802083	0.0845473	0.061742	0.0760207	0.0701172	0.0782367	0.0657941	0.0794111	0.058541	0.0660701	0.0627824	0.0750052	0.0793162	0.0794356	0.0504462	0.0565539	0.0628969	0.0484287	0.0544577	0.0550841	0	0.0365964	0.04048	0.0383877	0.0466515	0.0465646	0.0609069	0.0701237	0.0722116	0.0619109	0.0681038	0.0821413	0.0760153	0.0677895	0.0902868	0.0839259	0.0819634	0.0839843	0.0818903	0.0858868	0.0920129	0.0919782	0.0879595	0.0921305	0.0920959	0.0838883	0.0957419	0.0879066	0.0858486	0.0858359	0.092013	0.0778146	0.0904236	0.0799667	0.0778761	0.0718195	0.0718179	0.0964346	0.059659	0.0780053	0.0760046	0.0698649	0.0731078	0.0751059	0.0722531	0.0702454	0.0556941	0.0658868	0.0868675	0.093356	0.0618522	0.0741763	0.0969578	0.0821804	0.0862207	0.0820701	0.0658094	0.067889	0.0932111	0.0699338	0.0679564	0.0804004	0.0678482	0.0678241	0.0699072	0.0698043	0.075852	0.0658792	0.0678849	0.0760053	0.0616786	0.0657514	0.0598354	0.0597614	0.0639081	0.103976	0.0657832	0.0784372	0.0638283	0.0747776	0.0804277	0.0782416	0.0700094	0.0700608	0.0817578	0.0983677	0.11141	0.0858487	0.0860766	0.0879354	0.0939946	0.0817475	0.0920135	0.0878978	0.0919516	0.0878522	0.0797532	0.0776723	0.0776733	0.0776733	0.0922112	0.0881933	0.0902803	0.0879701	0.0879887	0.0962705	0.0899795	0.0961857	0.0820896	0.0819469	0.0862863	0.102269	0.0902361	0.0820453	0.148259	0.129122	0.122518	0.134522	0.140883	0.140767	0.144685	0.131447	0.118893	0.190211	0.165852	0.185449	0.191864
Copsychus_sechellarum	0.146253	0.153373	0.155412	0.183215	0.149114	0.147111	0.191882	0.204534	0.196783	0.213066	0.21222	0.190144	0.191143	0.204897	0.15429	0.150821	0.181477	0.175174	0.177218	0.171017	0.173033	0.171008	0.169008	0.169008	0.153057	0.163674	0.142671	0.163425	0.16962	0.16503	0.160997	0.158902	0.152763	0.154793	0.156838	0.154788	0.181719	0.181637	0.182244	0.175216	0.177526	0.248999	0.148639	0.150662	0.171419	0.158809	0.158784	0.158749	0.156717	0.15872	0.146601	0.148614	0.146599	0.144583	0.150826	0.155318	0.17705	0.16797	0.170562	0.164434	0.1619	0.169711	0.20801	0.173274	0.179996	0.19252	0.168247	0.186856	0.186426	0.18985	0.199161	0.186664	0.19269	0.178224	0.193444	0.181721	0.172157	0.17623	0.163747	0.146772	0.146758	0.159151	0.167511	0.169195	0.185831	0.165091	0.158935	0.166976	0.172991	0.173145	0.154894	0.153086	0.161007	0.157089	0.161203	0.163222	0.2328	0.223698	0.218296	0.192844	0.181962	0.173816	0.18359	0.180813	0.181038	0.153054	0.172393	0.159296	0.161295	0.198217	0.196389	0.172145	0.159738	0.244875	0.247813	0.184609	0.204651	0.182566	0.211411	0.182375	0.209644	0.177874	0.189693	0.198778	0.191887	0.210788	0.213106	0.227162	0.220558	0.217375	0.227542	0.213272	0.132633	0.140976	0.15148	0.138633	0.13461	0.13461	0.140652	0.138626	0.14719	0.142867	0.140865	0.180528	0.181808	0.168663	0.186634	0.20461	0.207511	0.161904	0.11844	0.108197	0.104198	0.123072	0.124869	0.116594	0.0897715	0.108144	0.104162	0.102002	0.0938755	0.106039	0.114283	0.11426	0.118573	0.126817	0.108087	0.0972941	0.110959	0.109117	0.0962866	0.117967	0.107495	0.108023	0.100656	0.0944736	0.101257	0.0758068	0.082082	0.080165	0.084504	0.0616987	0.0759774	0.0700739	0.0781934	0.0657508	0.0793678	0.0584977	0.0660268	0.0627392	0.0749619	0.0792729	0.0793923	0.0504029	0.0565106	0.0628536	0.0483854	0.0544144	0.0550408	0.0365964	0	0.0404367	0.0383445	0.0466082	0.0465213	0.0608636	0.0700804	0.0721683	0.0618676	0.0680605	0.082098	0.075972	0.0677462	0.0902435	0.0838826	0.0819202	0.0839411	0.081847	0.0858435	0.0919696	0.0919349	0.0879162	0.0920872	0.0920526	0.083845	0.0956986	0.0878633	0.0858053	0.0857926	0.0919697	0.0777713	0.0903803	0.0799234	0.0778328	0.0717763	0.0717747	0.0963914	0.0596157	0.077962	0.0759613	0.0698216	0.0730645	0.0750626	0.0722098	0.0702021	0.0556508	0.0658435	0.0868242	0.0933127	0.0618089	0.074133	0.0969145	0.0821371	0.0861774	0.0820268	0.0657661	0.0678457	0.0931678	0.0698905	0.0679131	0.0803571	0.0678049	0.0677809	0.0698639	0.069761	0.0758087	0.0658359	0.0678416	0.075962	0.0616353	0.0657081	0.0597921	0.0597182	0.0638648	0.103932	0.0657399	0.0783939	0.063785	0.0747343	0.0803844	0.0781983	0.0699661	0.0700175	0.0817145	0.0983244	0.111367	0.0858054	0.0860333	0.0878921	0.0939513	0.0817042	0.0919702	0.0878545	0.0919083	0.0878089	0.0797099	0.077629	0.07763	0.07763	0.092168	0.08815	0.090237	0.0879268	0.0879455	0.0962272	0.0899363	0.0961424	0.0820463	0.0819036	0.086243	0.102225	0.0901928	0.082002	0.148216	0.129079	0.122475	0.134479	0.14084	0.140724	0.144642	0.131404	0.118849	0.190168	0.165809	0.185406	0.191821
Oenanthe_oenanthe	0.134117	0.141237	0.143276	0.17108	0.136979	0.134975	0.179746	0.192399	0.184647	0.20093	0.200084	0.178009	0.179007	0.192761	0.142154	0.138685	0.169342	0.163038	0.165082	0.158881	0.160897	0.158872	0.156872	0.156872	0.140921	0.151539	0.130535	0.15129	0.157485	0.152894	0.148862	0.146766	0.140627	0.142657	0.144702	0.142652	0.169583	0.169501	0.170109	0.16308	0.165391	0.236863	0.136504	0.138526	0.159283	0.146674	0.146649	0.146614	0.144581	0.146584	0.134466	0.136478	0.134463	0.132448	0.13869	0.143182	0.164914	0.155835	0.158426	0.152298	0.149765	0.157575	0.195875	0.161138	0.16786	0.180385	0.156112	0.174721	0.17429	0.177715	0.187025	0.174529	0.180554	0.166088	0.181308	0.169585	0.160022	0.164095	0.151612	0.134637	0.134623	0.147015	0.155376	0.15706	0.173695	0.152955	0.1468	0.15484	0.160855	0.161009	0.142759	0.140951	0.148871	0.144954	0.149067	0.151086	0.220664	0.211562	0.20616	0.180708	0.169826	0.16168	0.171455	0.168677	0.168903	0.140919	0.160258	0.14716	0.149159	0.186082	0.184253	0.160009	0.147603	0.23274	0.235678	0.172473	0.192515	0.170431	0.199275	0.170239	0.197508	0.165738	0.177557	0.186643	0.179751	0.198653	0.20097	0.215027	0.208422	0.20524	0.215407	0.201136	0.120497	0.12884	0.139344	0.126497	0.122474	0.122474	0.128516	0.12649	0.135054	0.130731	0.128729	0.168392	0.169673	0.156527	0.174498	0.192475	0.195376	0.149768	0.106305	0.0960613	0.0920619	0.110937	0.112734	0.104459	0.0776358	0.0960087	0.0920261	0.0898668	0.0817398	0.0939029	0.102147	0.102124	0.106438	0.114681	0.0959517	0.0851584	0.0988238	0.096981	0.084151	0.105832	0.0953592	0.0958874	0.0885201	0.0823379	0.0891214	0.0636711	0.0699463	0.0680293	0.0723683	0.049563	0.0638418	0.0579383	0.0660577	0.0536152	0.0672321	0.046362	0.0538912	0.0506035	0.0628262	0.0671372	0.0672566	0.0382672	0.0443749	0.0507179	0.0362498	0.0422788	0.0429052	0.04048	0.0404367	0	0.0182781	0.0344725	0.0343856	0.0487279	0.0579447	0.0600327	0.0497319	0.0559248	0.0699624	0.0638363	0.0556105	0.0781078	0.0717469	0.0697845	0.0718054	0.0697113	0.0737078	0.0798339	0.0797992	0.0757806	0.0799515	0.079917	0.0717093	0.0835629	0.0757276	0.0736696	0.073657	0.079834	0.0656356	0.0782447	0.0677877	0.0656971	0.0596406	0.059639	0.0842557	0.04748	0.0658264	0.0638256	0.0576859	0.0609288	0.0629269	0.0600741	0.0580664	0.0435152	0.0537078	0.0746885	0.0811771	0.0496732	0.0619974	0.0847788	0.0700015	0.0740418	0.0698911	0.0536305	0.05571	0.0810321	0.0577549	0.0557774	0.0682215	0.0556692	0.0556452	0.0577282	0.0576253	0.0636731	0.0537002	0.0557059	0.0638264	0.0494996	0.0535724	0.0476564	0.0475825	0.0517291	0.0917967	0.0536043	0.0662582	0.0516493	0.0625986	0.0682487	0.0660626	0.0578304	0.0578818	0.0695788	0.0861887	0.0992313	0.0736698	0.0738976	0.0757564	0.0818156	0.0695686	0.0798345	0.0757188	0.0797726	0.0756733	0.0675742	0.0654933	0.0654943	0.0654943	0.0800323	0.0760143	0.0781014	0.0757912	0.0758098	0.0840915	0.0778006	0.0840067	0.0699106	0.069768	0.0741073	0.0900897	0.0780571	0.0698663	0.13608	0.116943	0.110339	0.122343	0.128704	0.128588	0.132506	0.119268	0.106714	0.178032	0.153673	0.17327	0.179685
Saxicola_maurus	0.132025	0.139145	0.141184	0.168987	0.134886	0.132883	0.177654	0.190306	0.182555	0.198838	0.197992	0.175916	0.176915	0.190669	0.140062	0.136593	0.167249	0.160946	0.16299	0.156789	0.158805	0.15678	0.15478	0.15478	0.138829	0.149446	0.128443	0.149198	0.155392	0.150802	0.146769	0.144674	0.138535	0.140565	0.14261	0.14056	0.167491	0.167409	0.168016	0.160988	0.163298	0.234771	0.134411	0.136434	0.157191	0.144582	0.144556	0.144522	0.142489	0.144492	0.132373	0.134386	0.132371	0.130355	0.136598	0.14109	0.162822	0.153742	0.156334	0.150206	0.147672	0.155483	0.193782	0.159046	0.165768	0.178292	0.15402	0.172628	0.172198	0.175623	0.184933	0.172436	0.178462	0.163996	0.179216	0.167493	0.157929	0.162003	0.149519	0.132544	0.13253	0.144923	0.153283	0.154967	0.171603	0.150863	0.144707	0.152748	0.158763	0.158917	0.140667	0.138858	0.146779	0.142861	0.146975	0.148994	0.218572	0.20947	0.204068	0.178616	0.167734	0.159588	0.169362	0.166585	0.16681	0.138827	0.158165	0.145068	0.147067	0.183989	0.182161	0.157917	0.14551	0.230647	0.233585	0.170381	0.190423	0.168338	0.197183	0.168147	0.195416	0.163646	0.175465	0.18455	0.177659	0.19656	0.198878	0.212934	0.20633	0.203147	0.213314	0.199044	0.118405	0.126748	0.137252	0.124405	0.120382	0.120382	0.126424	0.124398	0.132962	0.128639	0.126637	0.1663	0.16758	0.154435	0.172406	0.190382	0.193283	0.147676	0.104213	0.093969	0.0899697	0.108844	0.110641	0.102366	0.0755436	0.0939165	0.0899339	0.0877745	0.0796475	0.0918106	0.100055	0.100032	0.104345	0.112589	0.0938595	0.0830661	0.0967315	0.0948888	0.0820587	0.103739	0.0932669	0.0937951	0.0864278	0.0802457	0.0870291	0.0615788	0.067854	0.0659371	0.0702761	0.0474708	0.0617495	0.055846	0.0639655	0.0515229	0.0651399	0.0442697	0.0517989	0.0485112	0.060734	0.065045	0.0651644	0.036175	0.0422826	0.0486256	0.0341575	0.0401865	0.0408129	0.0383877	0.0383445	0.0182781	0	0.0323803	0.0322934	0.0466357	0.0558525	0.0579404	0.0476397	0.0538325	0.0678701	0.061744	0.0535183	0.0760156	0.0696547	0.0676922	0.0697131	0.067619	0.0716155	0.0777417	0.077707	0.0736883	0.0778592	0.0778247	0.0696171	0.0814706	0.0736354	0.0715773	0.0715647	0.0777418	0.0635434	0.0761524	0.0656954	0.0636048	0.0575483	0.0575467	0.0821634	0.0453877	0.0637341	0.0617334	0.0555937	0.0588366	0.0608347	0.0579818	0.0559742	0.0414229	0.0516155	0.0725962	0.0790848	0.0475809	0.0599051	0.0826865	0.0679092	0.0719495	0.0677989	0.0515382	0.0536177	0.0789398	0.0556626	0.0536851	0.0661292	0.0535769	0.0535529	0.0556359	0.055533	0.0615808	0.0516079	0.0536137	0.0617341	0.0474074	0.0514802	0.0455641	0.0454902	0.0496369	0.0897044	0.051512	0.0641659	0.049557	0.0605063	0.0661565	0.0639703	0.0557382	0.0557895	0.0674865	0.0840965	0.097139	0.0715775	0.0718053	0.0736641	0.0797233	0.0674763	0.0777423	0.0736266	0.0776803	0.073581	0.065482	0.0634011	0.0634021	0.0634021	0.07794	0.073922	0.0760091	0.0736989	0.0737175	0.0819992	0.0757083	0.0819145	0.0678183	0.0676757	0.072015	0.0879974	0.0759649	0.0677741	0.133988	0.114851	0.108247	0.120251	0.126612	0.126496	0.130414	0.117176	0.104622	0.17594	0.151581	0.171178	0.177593
Erithacus_rubecula	0.140285	0.147405	0.149443	0.177247	0.143146	0.141142	0.185914	0.198566	0.190815	0.207098	0.206252	0.184176	0.185175	0.198929	0.148322	0.144853	0.175509	0.169205	0.17125	0.165048	0.167065	0.165039	0.16304	0.16304	0.147088	0.157706	0.136703	0.157457	0.163652	0.159062	0.155029	0.152934	0.146795	0.148824	0.15087	0.14882	0.175751	0.175669	0.176276	0.169247	0.171558	0.243031	0.142671	0.144694	0.16545	0.152841	0.152816	0.152781	0.150748	0.152751	0.140633	0.142646	0.14063	0.138615	0.144857	0.14935	0.171082	0.162002	0.164594	0.158466	0.155932	0.163742	0.202042	0.167305	0.174028	0.186552	0.162279	0.180888	0.180457	0.183882	0.193192	0.180696	0.186722	0.172256	0.187476	0.175752	0.166189	0.170262	0.157779	0.140804	0.14079	0.153182	0.161543	0.163227	0.179863	0.159122	0.152967	0.161008	0.167023	0.167177	0.148926	0.147118	0.155039	0.151121	0.155235	0.157254	0.226832	0.217729	0.212328	0.186876	0.175993	0.167848	0.177622	0.174845	0.17507	0.147086	0.166425	0.153328	0.155327	0.192249	0.19042	0.166176	0.15377	0.238907	0.241845	0.17864	0.198683	0.176598	0.205443	0.176406	0.203675	0.171906	0.183725	0.19281	0.185919	0.20482	0.207138	0.221194	0.214589	0.211407	0.221574	0.207303	0.126664	0.135008	0.145512	0.132664	0.128642	0.128642	0.134684	0.132657	0.141222	0.136899	0.134897	0.17456	0.17584	0.162694	0.180665	0.198642	0.201543	0.155935	0.112472	0.102229	0.0982294	0.117104	0.118901	0.110626	0.0838032	0.102176	0.0981935	0.0960342	0.0879072	0.10007	0.108314	0.108292	0.112605	0.120849	0.102119	0.0913258	0.104991	0.103148	0.0903184	0.111999	0.101527	0.102055	0.0946875	0.0885054	0.0952888	0.0698385	0.0761137	0.0741967	0.0785358	0.0557304	0.0700092	0.0641057	0.0722252	0.0597826	0.0733995	0.0525294	0.0600586	0.0567709	0.0689936	0.0733046	0.073424	0.0444346	0.0505423	0.0568853	0.0424172	0.0484462	0.0490726	0.0466515	0.0466082	0.0344725	0.0323803	0	0.0405511	0.0548954	0.0641121	0.0662001	0.0558993	0.0620922	0.0761298	0.0700037	0.061778	0.0842752	0.0779143	0.0759519	0.0779728	0.0758787	0.0798752	0.0860013	0.0859666	0.081948	0.0861189	0.0860844	0.0778768	0.0897303	0.0818951	0.079837	0.0798244	0.0860014	0.071803	0.0844121	0.0739551	0.0718645	0.065808	0.0658064	0.0904231	0.0536474	0.0719938	0.069993	0.0638533	0.0670962	0.0690943	0.0662415	0.0642339	0.0496826	0.0598752	0.0808559	0.0873445	0.0558406	0.0681648	0.0909462	0.0761689	0.0802092	0.0760586	0.0597979	0.0618774	0.0871995	0.0639223	0.0619448	0.0743889	0.0618366	0.0618126	0.0638956	0.0637927	0.0698405	0.0598676	0.0618733	0.0699938	0.055667	0.0597398	0.0538238	0.0537499	0.0578966	0.0979641	0.0597717	0.0724256	0.0578167	0.068766	0.0744162	0.07223	0.0639978	0.0640492	0.0757462	0.0923561	0.105399	0.0798372	0.080065	0.0819238	0.087983	0.075736	0.0860019	0.0818862	0.08594	0.0818407	0.0737416	0.0716607	0.0716617	0.0716617	0.0861997	0.0821817	0.0842688	0.0819586	0.0819772	0.0902589	0.083968	0.0901741	0.076078	0.0759354	0.0802747	0.0962571	0.0842245	0.0760337	0.142247	0.12311	0.116506	0.128511	0.134871	0.134756	0.138674	0.125436	0.112881	0.184199	0.159841	0.179438	0.185853
Ficedula_albicollis	0.140198	0.147318	0.149357	0.17716	0.143059	0.141055	0.185827	0.198479	0.190728	0.207011	0.206165	0.184089	0.185088	0.198842	0.148235	0.144766	0.175422	0.169119	0.171163	0.164961	0.166978	0.164952	0.162953	0.162953	0.147002	0.157619	0.136616	0.15737	0.163565	0.158975	0.154942	0.152847	0.146708	0.148737	0.150783	0.148733	0.175664	0.175582	0.176189	0.169161	0.171471	0.242944	0.142584	0.144607	0.165364	0.152754	0.152729	0.152694	0.150661	0.152664	0.140546	0.142559	0.140544	0.138528	0.144771	0.149263	0.170995	0.161915	0.164507	0.158379	0.155845	0.163655	0.201955	0.167219	0.173941	0.186465	0.162192	0.180801	0.180371	0.183795	0.193105	0.180609	0.186635	0.172169	0.187389	0.175666	0.166102	0.170175	0.157692	0.140717	0.140703	0.153096	0.161456	0.16314	0.179776	0.159035	0.15288	0.160921	0.166936	0.16709	0.148839	0.147031	0.154952	0.151034	0.155148	0.157167	0.226745	0.217642	0.212241	0.186789	0.175906	0.167761	0.177535	0.174758	0.174983	0.146999	0.166338	0.153241	0.15524	0.192162	0.190333	0.166089	0.153683	0.23882	0.241758	0.178553	0.198596	0.176511	0.205356	0.17632	0.203588	0.171819	0.183638	0.192723	0.185832	0.204733	0.207051	0.221107	0.214502	0.21132	0.221487	0.207217	0.126578	0.134921	0.145425	0.132577	0.128555	0.128555	0.134597	0.13257	0.141135	0.136812	0.13481	0.174473	0.175753	0.162608	0.180579	0.198555	0.201456	0.155848	0.112385	0.102142	0.0981425	0.117017	0.118814	0.110539	0.0837163	0.102089	0.0981066	0.0959473	0.0878203	0.0999834	0.108227	0.108205	0.112518	0.120762	0.102032	0.0912389	0.104904	0.103062	0.0902315	0.111912	0.10144	0.101968	0.0946006	0.0884185	0.0952019	0.0697516	0.0760268	0.0741098	0.0784489	0.0556435	0.0699223	0.0640188	0.0721383	0.0596957	0.0733126	0.0524425	0.0599717	0.056684	0.0689067	0.0732177	0.0733371	0.0443477	0.0504554	0.0567984	0.0423303	0.0483593	0.0489857	0.0465646	0.0465213	0.0343856	0.0322934	0.0405511	0	0.0548085	0.0640252	0.0661132	0.0558124	0.0620053	0.0760429	0.0699168	0.0616911	0.0841883	0.0778274	0.075865	0.0778859	0.0757918	0.0797883	0.0859144	0.0858797	0.0818611	0.086032	0.0859975	0.0777899	0.0896434	0.0818082	0.0797501	0.0797375	0.0859145	0.0717161	0.0843252	0.0738682	0.0717776	0.0657211	0.0657195	0.0903362	0.0535605	0.0719069	0.0699061	0.0637664	0.0670093	0.0690074	0.0661546	0.064147	0.0495957	0.0597883	0.080769	0.0872576	0.0557537	0.0680779	0.0908593	0.076082	0.0801223	0.0759717	0.059711	0.0617905	0.0871126	0.0638354	0.0618579	0.074302	0.0617497	0.0617257	0.0638087	0.0637058	0.0697536	0.0597807	0.0617864	0.0699069	0.0555801	0.0596529	0.0537369	0.053663	0.0578097	0.0978772	0.0596848	0.0723387	0.0577298	0.0686791	0.0743293	0.0721431	0.0639109	0.0639623	0.0756593	0.0922692	0.105312	0.0797503	0.0799781	0.0818369	0.0878961	0.0756491	0.085915	0.0817993	0.0858531	0.0817538	0.0736547	0.0715738	0.0715748	0.0715748	0.0861128	0.0820948	0.0841819	0.0818717	0.0818903	0.090172	0.0838811	0.0900872	0.0759911	0.0758485	0.0801878	0.0961702	0.0841376	0.0759468	0.14216	0.123023	0.116419	0.128424	0.134784	0.134669	0.138587	0.125349	0.112794	0.184112	0.159754	0.179351	0.185766
Cinclus_mexicanus	0.141311	0.148431	0.15047	0.178274	0.144172	0.142169	0.18694	0.199592	0.191841	0.208124	0.207278	0.185202	0.186201	0.199955	0.149348	0.145879	0.176535	0.170232	0.172276	0.166075	0.168091	0.166066	0.164066	0.164066	0.148115	0.158733	0.137729	0.158484	0.164679	0.160088	0.156056	0.15396	0.147821	0.149851	0.151896	0.149846	0.176777	0.176695	0.177302	0.170274	0.172584	0.244057	0.143698	0.14572	0.166477	0.153868	0.153843	0.153808	0.151775	0.153778	0.14166	0.143672	0.141657	0.139641	0.145884	0.150376	0.172108	0.163028	0.16562	0.159492	0.156958	0.164769	0.203069	0.168332	0.175054	0.187579	0.163306	0.181914	0.181484	0.184909	0.194219	0.181722	0.187748	0.173282	0.188502	0.176779	0.167215	0.171289	0.158805	0.14183	0.141816	0.154209	0.16257	0.164254	0.180889	0.160149	0.153994	0.162034	0.168049	0.168203	0.149953	0.148144	0.156065	0.152147	0.156261	0.15828	0.227858	0.218756	0.213354	0.187902	0.17702	0.168874	0.178648	0.175871	0.176096	0.148113	0.167451	0.154354	0.156353	0.193276	0.191447	0.167203	0.154797	0.239934	0.242871	0.179667	0.199709	0.177624	0.206469	0.177433	0.204702	0.172932	0.184751	0.193836	0.186945	0.205847	0.208164	0.222221	0.215616	0.212433	0.222601	0.20833	0.127691	0.136034	0.146538	0.133691	0.129668	0.129668	0.13571	0.133684	0.142248	0.137925	0.135923	0.175586	0.176866	0.163721	0.181692	0.199668	0.20257	0.156962	0.113499	0.103255	0.0992558	0.11813	0.119927	0.111652	0.0848297	0.103203	0.09922	0.0970606	0.0889337	0.101097	0.109341	0.109318	0.113631	0.121875	0.103146	0.0923522	0.106018	0.104175	0.0913448	0.113026	0.102553	0.103081	0.0957139	0.0895318	0.0963153	0.070865	0.0771401	0.0752232	0.0795622	0.0567569	0.0710356	0.0651321	0.0732516	0.060809	0.074426	0.0535558	0.061085	0.0577973	0.0700201	0.0743311	0.0744505	0.0547497	0.0608574	0.0672004	0.0527322	0.0587612	0.063326	0.0609069	0.0608636	0.0487279	0.0466357	0.0548954	0.0548085	0	0.0651386	0.0672265	0.0569258	0.0631187	0.0771562	0.0710301	0.0628044	0.0853017	0.0789408	0.0769783	0.0789992	0.0769052	0.0809016	0.0870278	0.0869931	0.0829744	0.0871454	0.0871108	0.0789032	0.0907568	0.0829215	0.0808634	0.0808508	0.0870279	0.0728295	0.0854385	0.0749815	0.072891	0.0668344	0.0668328	0.0914495	0.0546739	0.0730202	0.0710195	0.0648798	0.0681227	0.0701208	0.0672679	0.0652603	0.050709	0.0609017	0.0818824	0.0883709	0.0568671	0.0691912	0.0919726	0.0771953	0.0812356	0.077085	0.0608243	0.0629038	0.0882259	0.0649487	0.0629713	0.0754153	0.062863	0.062839	0.0649221	0.0648191	0.0708669	0.060894	0.0628998	0.0710202	0.0566935	0.0607663	0.0548503	0.0547763	0.058923	0.0989906	0.0607981	0.0734521	0.0588432	0.0697925	0.0754426	0.0732565	0.0650243	0.0650757	0.0767727	0.0933826	0.106425	0.0808636	0.0810915	0.0829502	0.0890095	0.0767624	0.0870284	0.0829127	0.0869664	0.0828671	0.0747681	0.0726872	0.0726882	0.0726882	0.0872261	0.0832081	0.0852952	0.082985	0.0830036	0.0912853	0.0849944	0.0912006	0.0771044	0.0769618	0.0813012	0.0972835	0.085251	0.0770602	0.143274	0.124137	0.117533	0.129537	0.135898	0.135782	0.1397	0.126462	0.113908	0.185226	0.160867	0.180464	0.186879
Alaudala_cheleensis	0.133254	0.140374	0.142412	0.170216	0.136115	0.134111	0.178882	0.191535	0.183783	0.200067	0.199221	0.177145	0.178143	0.191898	0.141291	0.137821	0.168478	0.162174	0.164219	0.158017	0.160033	0.158008	0.156009	0.156009	0.140057	0.150675	0.129672	0.150426	0.156621	0.15203	0.147998	0.145903	0.139764	0.141793	0.143839	0.141789	0.16872	0.168637	0.169245	0.162216	0.164527	0.236	0.13564	0.137663	0.158419	0.14581	0.145785	0.14575	0.143717	0.14572	0.133602	0.135615	0.133599	0.131584	0.137826	0.142318	0.164051	0.154971	0.157563	0.151434	0.148901	0.156711	0.195011	0.160274	0.166996	0.179521	0.155248	0.173857	0.173426	0.176851	0.186161	0.173665	0.17969	0.165225	0.180445	0.168721	0.159158	0.163231	0.150748	0.133773	0.133759	0.146151	0.154512	0.156196	0.172832	0.152091	0.145936	0.153977	0.159991	0.160145	0.141895	0.140087	0.148008	0.14409	0.148204	0.150223	0.219801	0.210698	0.205296	0.179845	0.168962	0.160817	0.170591	0.167814	0.168039	0.140055	0.159394	0.146297	0.148296	0.185218	0.183389	0.159145	0.146739	0.231876	0.234814	0.171609	0.191651	0.169567	0.198411	0.169375	0.196644	0.164875	0.176693	0.185779	0.178888	0.197789	0.200106	0.214163	0.207558	0.204376	0.214543	0.200272	0.119633	0.127976	0.138481	0.125633	0.121611	0.121611	0.127652	0.125626	0.13419	0.129868	0.127865	0.167529	0.168809	0.155663	0.173634	0.191611	0.194512	0.148904	0.105441	0.0951976	0.0911982	0.110073	0.11187	0.103595	0.0767721	0.095145	0.0911624	0.0890031	0.0808761	0.0930391	0.101283	0.101261	0.105574	0.113818	0.095088	0.0842946	0.09796	0.0961173	0.0832872	0.104968	0.0944954	0.0950236	0.0876563	0.0814742	0.0882577	0.0628074	0.0690826	0.0671656	0.0715046	0.0486993	0.062978	0.0570745	0.065194	0.0527514	0.0715575	0.0506874	0.0582165	0.0549288	0.0671516	0.0714626	0.071582	0.0639665	0.0700741	0.0764171	0.061949	0.067978	0.0725427	0.0701237	0.0700804	0.0579447	0.0558525	0.0641121	0.0640252	0.0651386	0	0.0561198	0.0488637	0.0550611	0.0690986	0.0629726	0.0547468	0.0772441	0.0708832	0.0689207	0.0709416	0.0688476	0.072844	0.0789702	0.0789355	0.0749168	0.0790878	0.0790532	0.0708456	0.0826992	0.0748639	0.0728058	0.0727932	0.0789703	0.0647719	0.0773809	0.066924	0.0648334	0.0587768	0.0587752	0.0833919	0.0466163	0.0649626	0.0629619	0.0568222	0.0600651	0.0620632	0.0592103	0.0572027	0.0426514	0.0528441	0.0738248	0.0803133	0.0488095	0.0611336	0.0839151	0.0691377	0.073178	0.0690274	0.0527667	0.0548463	0.0801683	0.0568911	0.0549137	0.0673577	0.0548055	0.0547814	0.0568645	0.0567615	0.0628093	0.0528364	0.0548422	0.0629626	0.0486359	0.0527087	0.0467927	0.0467187	0.0508654	0.090933	0.0527405	0.0653945	0.0507856	0.0617349	0.067385	0.0651989	0.0569667	0.0570181	0.0687151	0.085325	0.0983675	0.072806	0.0730339	0.0748926	0.0809519	0.0687048	0.0789708	0.0748551	0.0789088	0.0748095	0.0667105	0.0646296	0.0646306	0.0646306	0.0791685	0.0751505	0.0772376	0.0749274	0.074946	0.0832278	0.0769368	0.083143	0.0690469	0.0689042	0.0732436	0.0892259	0.0771934	0.0690026	0.135216	0.116079	0.109475	0.12148	0.12784	0.127725	0.131643	0.118404	0.10585	0.177168	0.15281	0.172407	0.178821
Panurus_biarmicus	0.135341	0.142462	0.1445	0.172304	0.138203	0.136199	0.18097	0.193623	0.185871	0.202154	0.201309	0.179233	0.180231	0.193985	0.143378	0.139909	0.170566	0.164262	0.166307	0.160105	0.162121	0.160096	0.158096	0.158096	0.142145	0.152763	0.13176	0.152514	0.158709	0.154118	0.150086	0.14799	0.141852	0.143881	0.145927	0.143877	0.170808	0.170725	0.171333	0.164304	0.166615	0.238088	0.137728	0.139751	0.160507	0.147898	0.147873	0.147838	0.145805	0.147808	0.13569	0.137702	0.135687	0.133672	0.139914	0.144406	0.166139	0.157059	0.159651	0.153522	0.150989	0.158799	0.197099	0.162362	0.169084	0.181609	0.157336	0.175945	0.175514	0.178939	0.188249	0.175753	0.181778	0.167313	0.182533	0.170809	0.161246	0.165319	0.152836	0.135861	0.135847	0.148239	0.1566	0.158284	0.17492	0.154179	0.148024	0.156065	0.162079	0.162233	0.143983	0.142175	0.150096	0.146178	0.150292	0.152311	0.221889	0.212786	0.207384	0.181933	0.17105	0.162904	0.172679	0.169902	0.170127	0.142143	0.161482	0.148385	0.150384	0.187306	0.185477	0.161233	0.148827	0.233964	0.236902	0.173697	0.193739	0.171655	0.200499	0.171463	0.198732	0.166962	0.178781	0.187867	0.180976	0.199877	0.202194	0.216251	0.209646	0.206464	0.216631	0.20236	0.121721	0.130064	0.140569	0.127721	0.123699	0.123699	0.12974	0.127714	0.136278	0.131956	0.129953	0.169617	0.170897	0.157751	0.175722	0.193699	0.1966	0.150992	0.107529	0.0972855	0.0932862	0.112161	0.113958	0.105683	0.07886	0.0972329	0.0932503	0.091091	0.082964	0.0951271	0.103371	0.103349	0.107662	0.115906	0.0971759	0.0863826	0.100048	0.0982052	0.0853752	0.107056	0.0965834	0.0971116	0.0897443	0.0835622	0.0903456	0.0648953	0.0711705	0.0692535	0.0735926	0.0507872	0.065066	0.0591625	0.067282	0.0548394	0.0736454	0.0527753	0.0603045	0.0570168	0.0692395	0.0735505	0.0736699	0.0660544	0.0721621	0.0785051	0.0640369	0.0700659	0.0746307	0.0722116	0.0721683	0.0600327	0.0579404	0.0662001	0.0661132	0.0672265	0.0561198	0	0.0509516	0.057149	0.0711866	0.0650605	0.0568348	0.079332	0.0729711	0.0710087	0.0730296	0.0709355	0.074932	0.0810581	0.0810234	0.0770048	0.0811757	0.0811412	0.0729336	0.0847871	0.0769519	0.0748938	0.0748812	0.0810582	0.0668598	0.0794689	0.0690119	0.0669213	0.0608648	0.0608632	0.0854799	0.0487042	0.0670506	0.0650498	0.0589101	0.062153	0.0641511	0.0612983	0.0592907	0.0447394	0.054932	0.0759127	0.0824013	0.0508974	0.0632216	0.086003	0.0712257	0.075266	0.0711154	0.0548547	0.0569342	0.0822563	0.0589791	0.0570016	0.0694457	0.0568934	0.0568694	0.0589524	0.0588495	0.0648973	0.0549244	0.0569301	0.0650506	0.0507238	0.0547966	0.0488806	0.0488067	0.0529534	0.0930209	0.0548285	0.0674824	0.0528735	0.0638228	0.069473	0.0672868	0.0590546	0.059106	0.070803	0.0874129	0.100455	0.074894	0.0751218	0.0769806	0.0830398	0.0707928	0.0810587	0.076943	0.0809968	0.0768975	0.0687984	0.0667175	0.0667185	0.0667185	0.0812565	0.0772385	0.0793256	0.0770154	0.077034	0.0853157	0.0790248	0.0852309	0.0711348	0.0709922	0.0753315	0.0913139	0.0792813	0.0710905	0.137304	0.118167	0.111563	0.123568	0.129928	0.129813	0.133731	0.120492	0.107938	0.179256	0.154898	0.174494	0.180909
Promerops_cafer	0.125041	0.132161	0.134199	0.162003	0.127902	0.125898	0.17067	0.183322	0.175571	0.191854	0.191008	0.168932	0.169931	0.183685	0.133078	0.129609	0.160265	0.153962	0.156006	0.149804	0.151821	0.149795	0.147796	0.147796	0.131844	0.142462	0.121459	0.142213	0.148408	0.143818	0.139785	0.13769	0.131551	0.13358	0.135626	0.133576	0.160507	0.160425	0.161032	0.154004	0.156314	0.227787	0.127427	0.12945	0.150206	0.137597	0.137572	0.137537	0.135504	0.137507	0.125389	0.127402	0.125386	0.123371	0.129614	0.134106	0.155838	0.146758	0.14935	0.143222	0.140688	0.148498	0.186798	0.152062	0.158784	0.171308	0.147035	0.165644	0.165214	0.168638	0.177948	0.165452	0.171478	0.157012	0.172232	0.160509	0.150945	0.155018	0.142535	0.12556	0.125546	0.137939	0.146299	0.147983	0.164619	0.143878	0.137723	0.145764	0.151779	0.151933	0.133682	0.131874	0.139795	0.135877	0.139991	0.14201	0.211588	0.202485	0.197084	0.171632	0.160749	0.152604	0.162378	0.159601	0.159826	0.131842	0.151181	0.138084	0.140083	0.177005	0.175176	0.150932	0.138526	0.223663	0.226601	0.163396	0.183439	0.161354	0.190199	0.161163	0.188431	0.156662	0.168481	0.177566	0.170675	0.189576	0.191894	0.20595	0.199345	0.196163	0.20633	0.19206	0.11142	0.119764	0.130268	0.11742	0.113398	0.113398	0.11944	0.117413	0.125978	0.121655	0.119653	0.159316	0.160596	0.147451	0.165422	0.183398	0.186299	0.140691	0.0972282	0.0869848	0.0829854	0.10186	0.103657	0.095382	0.0685593	0.0869322	0.0829496	0.0807903	0.0726633	0.0848263	0.0930703	0.0930479	0.097361	0.105605	0.0868752	0.0760819	0.0897472	0.0879045	0.0750744	0.0967552	0.0862826	0.0868108	0.0794435	0.0732614	0.0800449	0.0545946	0.0608698	0.0589528	0.0632918	0.0404865	0.0547652	0.0488617	0.0569812	0.0445386	0.0633447	0.0424746	0.0500037	0.0467161	0.0589388	0.0632498	0.0633692	0.0557537	0.0618613	0.0682043	0.0537362	0.0597652	0.0643299	0.0619109	0.0618676	0.0497319	0.0476397	0.0558993	0.0558124	0.0569258	0.0488637	0.0509516	0	0.0468483	0.0608858	0.0547598	0.046534	0.0690313	0.0626704	0.060708	0.0627289	0.0606348	0.0646313	0.0707574	0.0707227	0.066704	0.070875	0.0708404	0.0626328	0.0744864	0.0666511	0.0645931	0.0645804	0.0707575	0.0565591	0.0691681	0.0587112	0.0566206	0.050564	0.0505624	0.0751791	0.0384035	0.0567498	0.0547491	0.0486094	0.0518523	0.0538504	0.0509976	0.0489899	0.0344386	0.0446313	0.065612	0.0721005	0.0405967	0.0529208	0.0757023	0.0609249	0.0649652	0.0608146	0.0445539	0.0466335	0.0719556	0.0486783	0.0467009	0.0591449	0.0465927	0.0465687	0.0486517	0.0485488	0.0545965	0.0446237	0.0466294	0.0547498	0.0404231	0.0444959	0.0385799	0.038506	0.0426526	0.0827202	0.0445277	0.0571817	0.0425728	0.0535221	0.0591722	0.0569861	0.0487539	0.0488053	0.0605023	0.0771122	0.0901548	0.0645932	0.0648211	0.0666799	0.0727391	0.060492	0.070758	0.0666423	0.0706961	0.0665967	0.0584977	0.0564168	0.0564178	0.0564178	0.0709558	0.0669378	0.0690248	0.0667146	0.0667332	0.075015	0.0687241	0.0749302	0.0608341	0.0606914	0.0650308	0.0810131	0.0689806	0.0607898	0.127003	0.107866	0.101262	0.113267	0.119627	0.119512	0.12343	0.110192	0.0976372	0.168955	0.144597	0.164194	0.170609
Irena_cyanogastra	0.131228	0.138348	0.140386	0.16819	0.134089	0.132085	0.176857	0.189509	0.181758	0.198041	0.197195	0.175119	0.176118	0.189872	0.139265	0.135796	0.166452	0.160148	0.162193	0.155991	0.158008	0.155982	0.153983	0.153983	0.138031	0.148649	0.127646	0.1484	0.154595	0.150005	0.145972	0.143877	0.137738	0.139767	0.141813	0.139763	0.166694	0.166612	0.167219	0.16019	0.162501	0.233974	0.133614	0.135637	0.156393	0.143784	0.143759	0.143724	0.141691	0.143694	0.131576	0.133589	0.131573	0.129558	0.135801	0.140293	0.162025	0.152945	0.155537	0.149409	0.146875	0.154685	0.192985	0.158249	0.164971	0.177495	0.153222	0.171831	0.1714	0.174825	0.184135	0.171639	0.177665	0.163199	0.178419	0.166696	0.157132	0.161205	0.148722	0.131747	0.131733	0.144126	0.152486	0.15417	0.170806	0.150065	0.14391	0.151951	0.157966	0.15812	0.139869	0.138061	0.145982	0.142064	0.146178	0.148197	0.217775	0.208672	0.203271	0.177819	0.166936	0.158791	0.168565	0.165788	0.166013	0.138029	0.157368	0.144271	0.14627	0.183192	0.181363	0.157119	0.144713	0.22985	0.232788	0.169583	0.189626	0.167541	0.196386	0.16735	0.194618	0.162849	0.174668	0.183753	0.176862	0.195763	0.198081	0.212137	0.205532	0.20235	0.212517	0.198247	0.117607	0.125951	0.136455	0.123607	0.119585	0.119585	0.125627	0.1236	0.132165	0.127842	0.12584	0.165503	0.166783	0.153638	0.171609	0.189585	0.192486	0.146878	0.103415	0.0931718	0.0891724	0.108047	0.109844	0.101569	0.0747463	0.0931192	0.0891366	0.0869772	0.0788502	0.0910133	0.0992573	0.0992349	0.103548	0.111792	0.0930622	0.0822688	0.0959342	0.0940915	0.0812614	0.102942	0.0924696	0.0929978	0.0856305	0.0794484	0.0862319	0.0607815	0.0670567	0.0651398	0.0694788	0.0466735	0.0609522	0.0550487	0.0631682	0.0507256	0.0695376	0.0486674	0.0561966	0.0529089	0.0651317	0.0694427	0.0695621	0.0619466	0.0680542	0.0743972	0.0599291	0.0659581	0.0705228	0.0681038	0.0680605	0.0559248	0.0538325	0.0620922	0.0620053	0.0631187	0.0550611	0.057149	0.0468483	0	0.0632024	0.0570763	0.0488506	0.0713479	0.064987	0.0630245	0.0650454	0.0629513	0.0669478	0.073074	0.0730393	0.0690206	0.0731916	0.073157	0.0649494	0.076803	0.0689677	0.0669096	0.066897	0.0730741	0.0588757	0.0714847	0.0610277	0.0589371	0.0528806	0.052879	0.0774957	0.04072	0.0590664	0.0570657	0.050926	0.0541689	0.056167	0.0533141	0.0513065	0.0406256	0.0508183	0.071799	0.0782875	0.0467837	0.0591078	0.0818892	0.0671119	0.0711522	0.0670016	0.0507409	0.0528204	0.0781425	0.0548653	0.0528879	0.0653319	0.0527796	0.0527556	0.0548386	0.0547357	0.0607835	0.0508106	0.0528164	0.0609368	0.0466101	0.0506829	0.0447669	0.0446929	0.0488396	0.0889072	0.0507147	0.0633687	0.0487598	0.0597091	0.0653592	0.0631731	0.0549409	0.0549923	0.0666893	0.0832992	0.0963417	0.0707802	0.071008	0.0728668	0.078926	0.066679	0.076945	0.0728293	0.076883	0.0727837	0.0646847	0.0626038	0.0626048	0.0626048	0.0771427	0.0731247	0.0752118	0.0729016	0.0729202	0.0812019	0.074911	0.0811172	0.067021	0.0668784	0.0712177	0.0872001	0.0751676	0.0669768	0.13319	0.114053	0.107449	0.119454	0.125814	0.125699	0.129617	0.116379	0.103824	0.175142	0.150784	0.170381	0.176796
Peucedramus_taeniatus	0.145265	0.152385	0.154424	0.182228	0.148127	0.146123	0.190894	0.203547	0.195795	0.212078	0.211232	0.189157	0.190155	0.203909	0.153302	0.149833	0.18049	0.174186	0.17623	0.170029	0.172045	0.17002	0.16802	0.16802	0.152069	0.162687	0.141683	0.162438	0.168633	0.164042	0.16001	0.157914	0.151775	0.153805	0.15585	0.1538	0.180731	0.180649	0.181257	0.174228	0.176539	0.248011	0.147652	0.149674	0.170431	0.157822	0.157797	0.157762	0.155729	0.157732	0.145614	0.147626	0.145611	0.143595	0.149838	0.15433	0.176062	0.166983	0.169574	0.163446	0.160913	0.168723	0.207023	0.172286	0.179008	0.191533	0.16726	0.185869	0.185438	0.188863	0.198173	0.185677	0.191702	0.177236	0.192456	0.180733	0.17117	0.175243	0.16276	0.145785	0.145771	0.158163	0.166524	0.168208	0.184843	0.164103	0.157948	0.165988	0.172003	0.172157	0.153907	0.152099	0.160019	0.156101	0.160215	0.162234	0.231812	0.22271	0.217308	0.191856	0.180974	0.172828	0.182603	0.179825	0.180051	0.152067	0.171406	0.158308	0.160307	0.19723	0.195401	0.171157	0.158751	0.243888	0.246826	0.183621	0.203663	0.181579	0.210423	0.181387	0.208656	0.176886	0.188705	0.197791	0.190899	0.209801	0.212118	0.226175	0.21957	0.216388	0.226555	0.212284	0.131645	0.139988	0.150492	0.137645	0.133622	0.133622	0.139664	0.137638	0.146202	0.141879	0.139877	0.17954	0.180821	0.167675	0.185646	0.203623	0.206524	0.160916	0.117453	0.107209	0.10321	0.122085	0.123882	0.115607	0.0887838	0.107157	0.103174	0.101015	0.0928878	0.105051	0.113295	0.113272	0.117586	0.125829	0.1071	0.0963064	0.109972	0.108129	0.095299	0.11698	0.106507	0.107035	0.099668	0.0934859	0.100269	0.0748191	0.0810943	0.0791773	0.0835163	0.060711	0.0749898	0.0690862	0.0772057	0.0647632	0.0835751	0.062705	0.0702342	0.0669465	0.0791692	0.0834802	0.0835996	0.0759841	0.0820918	0.0884348	0.0739666	0.0799956	0.0845604	0.0821413	0.082098	0.0699624	0.0678701	0.0761298	0.0760429	0.0771562	0.0690986	0.0711866	0.0608858	0.0632024	0	0.0549924	0.0467666	0.0692639	0.062903	0.0609405	0.0629614	0.0608674	0.0648639	0.07099	0.0709553	0.0669366	0.0711076	0.071073	0.0628654	0.074719	0.0668837	0.0648257	0.064813	0.0709901	0.0567917	0.0694007	0.0589438	0.0568532	0.0507966	0.050795	0.0754117	0.0425747	0.0609211	0.0589203	0.0527865	0.0560294	0.0580275	0.0551747	0.053167	0.0546632	0.0648558	0.0858365	0.0923251	0.0608212	0.0731454	0.0959268	0.0811495	0.0851898	0.0810391	0.0647784	0.066858	0.0921801	0.0689029	0.0669254	0.0793695	0.0668172	0.0667932	0.0688762	0.0687733	0.0748211	0.0648482	0.0668539	0.0749744	0.0606476	0.0647204	0.0588044	0.0587305	0.0628771	0.102945	0.0647523	0.0774062	0.0627973	0.0737466	0.0793967	0.0772106	0.0689784	0.0690298	0.0807268	0.0973367	0.110379	0.0848178	0.0850456	0.0869044	0.0929636	0.0807166	0.0909825	0.0868668	0.0909206	0.0868213	0.0787222	0.0766413	0.0766423	0.0766423	0.0911803	0.0871623	0.0892494	0.0869392	0.0869578	0.0952395	0.0889486	0.0951547	0.0810586	0.0809159	0.0852553	0.101238	0.0892051	0.0810143	0.147228	0.128091	0.121487	0.133491	0.139852	0.139736	0.143654	0.130416	0.117862	0.18918	0.164821	0.184418	0.190833
Passer_domesticus	0.139139	0.146259	0.148298	0.176102	0.142001	0.139997	0.184768	0.19742	0.189669	0.205952	0.205106	0.18303	0.184029	0.197783	0.147176	0.143707	0.174364	0.16806	0.170104	0.163903	0.165919	0.163894	0.161894	0.161894	0.145943	0.156561	0.135557	0.156312	0.162507	0.157916	0.153884	0.151788	0.145649	0.147679	0.149724	0.147674	0.174605	0.174523	0.175131	0.168102	0.170412	0.241885	0.141526	0.143548	0.164305	0.151696	0.151671	0.151636	0.149603	0.151606	0.139488	0.1415	0.139485	0.137469	0.143712	0.148204	0.169936	0.160857	0.163448	0.15732	0.154787	0.162597	0.200897	0.16616	0.172882	0.185407	0.161134	0.179742	0.179312	0.182737	0.192047	0.179551	0.185576	0.17111	0.18633	0.174607	0.165044	0.169117	0.156634	0.139658	0.139645	0.152037	0.160398	0.162082	0.178717	0.157977	0.151822	0.159862	0.165877	0.166031	0.147781	0.145973	0.153893	0.149975	0.154089	0.156108	0.225686	0.216584	0.211182	0.18573	0.174848	0.166702	0.176476	0.173699	0.173925	0.145941	0.165279	0.152182	0.154181	0.191104	0.189275	0.165031	0.152625	0.237762	0.2407	0.177495	0.197537	0.175453	0.204297	0.175261	0.20253	0.17076	0.182579	0.191664	0.184773	0.203675	0.205992	0.220049	0.213444	0.210261	0.220429	0.206158	0.125519	0.133862	0.144366	0.131519	0.127496	0.127496	0.133538	0.131512	0.140076	0.135753	0.133751	0.173414	0.174694	0.161549	0.17952	0.197497	0.200398	0.15479	0.111327	0.101083	0.0970839	0.115959	0.117755	0.109481	0.0826578	0.101031	0.0970481	0.0948887	0.0867617	0.0989248	0.107169	0.107146	0.111459	0.119703	0.100974	0.0901803	0.103846	0.102003	0.0891729	0.110854	0.100381	0.100909	0.093542	0.0873599	0.0941433	0.068693	0.0749682	0.0730513	0.0773903	0.054585	0.0688637	0.0629602	0.0710797	0.0586371	0.0774491	0.0565789	0.0641081	0.0608204	0.0730432	0.0773542	0.0774736	0.0698581	0.0759657	0.0823087	0.0678406	0.0738696	0.0784343	0.0760153	0.075972	0.0638363	0.061744	0.0700037	0.0699168	0.0710301	0.0629726	0.0650605	0.0547598	0.0570763	0.0549924	0	0.032514	0.0631325	0.0567716	0.0548091	0.05683	0.054736	0.0587325	0.0648586	0.0648239	0.0608052	0.0649762	0.0649416	0.056734	0.0685876	0.0607523	0.0586943	0.0586816	0.0648587	0.0506603	0.0632693	0.0528124	0.0507218	0.0446652	0.0446636	0.0692803	0.0364487	0.054795	0.0527943	0.0466604	0.0499033	0.0519014	0.0490486	0.0470409	0.0485371	0.0587297	0.0797104	0.086199	0.0546951	0.0670193	0.0898007	0.0750234	0.0790637	0.0749131	0.0586524	0.0607319	0.086054	0.0627768	0.0607993	0.0732434	0.0606911	0.0606671	0.0627501	0.0626472	0.068695	0.0587221	0.0607279	0.0688483	0.0545216	0.0585944	0.0526783	0.0526044	0.0567511	0.0968186	0.0586262	0.0712801	0.0566712	0.0676205	0.0732707	0.0710845	0.0628524	0.0629037	0.0746007	0.0912107	0.104253	0.0786917	0.0789195	0.0807783	0.0868375	0.0745905	0.0848565	0.0807408	0.0847945	0.0806952	0.0725962	0.0705153	0.0705163	0.0705163	0.0850542	0.0810362	0.0831233	0.0808131	0.0808317	0.0891134	0.0828225	0.0890287	0.0749325	0.0747899	0.0791292	0.0951116	0.0830791	0.0748883	0.141102	0.121965	0.115361	0.127365	0.133726	0.13361	0.137528	0.12429	0.111736	0.183054	0.158695	0.178292	0.184707
Hypocryptadius_cinnamomeus	0.130913	0.138033	0.140072	0.167876	0.133775	0.131771	0.176542	0.189195	0.181443	0.197726	0.196881	0.174805	0.175803	0.189557	0.13895	0.135481	0.166138	0.159834	0.161879	0.155677	0.157693	0.155668	0.153668	0.153668	0.137717	0.148335	0.127332	0.148086	0.154281	0.14969	0.145658	0.143562	0.137424	0.139453	0.141499	0.139448	0.16638	0.166297	0.166905	0.159876	0.162187	0.23366	0.1333	0.135323	0.156079	0.14347	0.143445	0.14341	0.141377	0.14338	0.131262	0.133274	0.131259	0.129244	0.135486	0.139978	0.161711	0.152631	0.155223	0.149094	0.146561	0.154371	0.192671	0.157934	0.164656	0.177181	0.152908	0.171517	0.171086	0.174511	0.183821	0.171325	0.17735	0.162885	0.178105	0.166381	0.156818	0.160891	0.148408	0.131433	0.131419	0.143811	0.152172	0.153856	0.170492	0.149751	0.143596	0.151637	0.157651	0.157805	0.139555	0.137747	0.145668	0.14175	0.145864	0.147883	0.217461	0.208358	0.202956	0.177505	0.166622	0.158476	0.168251	0.165474	0.165699	0.137715	0.157054	0.143957	0.145956	0.182878	0.181049	0.156805	0.144399	0.229536	0.232474	0.169269	0.189311	0.167227	0.196071	0.167035	0.194304	0.162534	0.174353	0.183439	0.176548	0.195449	0.197766	0.211823	0.205218	0.202036	0.212203	0.197932	0.117293	0.125636	0.136141	0.123293	0.119271	0.119271	0.125312	0.123286	0.13185	0.127528	0.125525	0.165189	0.166469	0.153323	0.171294	0.189271	0.192172	0.146564	0.103101	0.0928575	0.0888581	0.107733	0.10953	0.101255	0.074432	0.0928049	0.0888223	0.086663	0.078536	0.090699	0.098943	0.0989206	0.103234	0.111478	0.0927479	0.0819546	0.0956199	0.0937772	0.0809471	0.102628	0.0921553	0.0926835	0.0853162	0.0791341	0.0859176	0.0604673	0.0667425	0.0648255	0.0691645	0.0463592	0.0606379	0.0547344	0.0628539	0.0504113	0.0692233	0.0483532	0.0558823	0.0525947	0.0648174	0.0691284	0.0692478	0.0616323	0.06774	0.074083	0.0596148	0.0656438	0.0702086	0.0677895	0.0677462	0.0556105	0.0535183	0.061778	0.0616911	0.0628044	0.0547468	0.0568348	0.046534	0.0488506	0.0467666	0.032514	0	0.0549067	0.0485458	0.0465834	0.0486043	0.0465102	0.0505067	0.0566328	0.0565981	0.0525795	0.0567504	0.0567159	0.0485083	0.0603618	0.0525266	0.0504685	0.0504559	0.0566329	0.0424345	0.0550436	0.0445866	0.042496	0.0364395	0.0364379	0.0610546	0.0282229	0.0465693	0.0445685	0.0384347	0.0416776	0.0436757	0.0408228	0.0388152	0.0403113	0.050504	0.0714847	0.0779732	0.0464694	0.0587935	0.081575	0.0667977	0.070838	0.0666873	0.0504266	0.0525062	0.0778283	0.0545511	0.0525736	0.0650176	0.0524654	0.0524414	0.0545244	0.0544215	0.0604692	0.0504964	0.0525021	0.0606225	0.0462958	0.0503686	0.0444526	0.0443787	0.0485253	0.0885929	0.0504004	0.0630544	0.0484455	0.0593948	0.0650449	0.0628588	0.0546266	0.054678	0.066375	0.0829849	0.0960275	0.070466	0.0706938	0.0725526	0.0786118	0.0663647	0.0766307	0.072515	0.0765688	0.0724695	0.0643704	0.0622895	0.0622905	0.0622905	0.0768285	0.0728105	0.0748975	0.0725873	0.072606	0.0808877	0.0745968	0.0808029	0.0667068	0.0665641	0.0709035	0.0868858	0.0748533	0.0666625	0.132876	0.113739	0.107135	0.11914	0.1255	0.125385	0.129303	0.116064	0.10351	0.174828	0.15047	0.170066	0.176481
Motacilla_alba	0.153411	0.160531	0.162569	0.190373	0.156272	0.154268	0.19904	0.211692	0.203941	0.220224	0.219378	0.197302	0.198301	0.212055	0.161448	0.157979	0.188635	0.182332	0.184376	0.178174	0.180191	0.178165	0.176166	0.176166	0.160214	0.170832	0.149829	0.170583	0.176778	0.172188	0.168155	0.16606	0.159921	0.16195	0.163996	0.161946	0.188877	0.188795	0.189402	0.182373	0.184684	0.256157	0.155797	0.15782	0.178576	0.165967	0.165942	0.165907	0.163874	0.165877	0.153759	0.155772	0.153756	0.151741	0.157984	0.162476	0.184208	0.175128	0.17772	0.171592	0.169058	0.176868	0.215168	0.180432	0.187154	0.199678	0.175405	0.194014	0.193584	0.197008	0.206318	0.193822	0.199848	0.185382	0.200602	0.188879	0.179315	0.183388	0.170905	0.15393	0.153916	0.166309	0.174669	0.176353	0.192989	0.172248	0.166093	0.174134	0.180149	0.180303	0.162052	0.160244	0.168165	0.164247	0.168361	0.17038	0.239958	0.230855	0.225454	0.200002	0.189119	0.180974	0.190748	0.187971	0.188196	0.160212	0.179551	0.166454	0.168453	0.205375	0.203546	0.179302	0.166896	0.252033	0.254971	0.191766	0.211809	0.189724	0.218569	0.189533	0.216801	0.185032	0.196851	0.205936	0.199045	0.217946	0.220264	0.23432	0.227715	0.224533	0.2347	0.22043	0.13979	0.148134	0.158638	0.14579	0.141768	0.141768	0.14781	0.145783	0.154348	0.150025	0.148023	0.187686	0.188966	0.175821	0.193792	0.211768	0.214669	0.169061	0.125598	0.115355	0.111355	0.13023	0.132027	0.123752	0.0969293	0.115302	0.11132	0.10916	0.101033	0.113196	0.12144	0.121418	0.125731	0.133975	0.115245	0.104452	0.118117	0.116275	0.103444	0.125125	0.114653	0.115181	0.107814	0.101631	0.108415	0.0829646	0.0892398	0.0873228	0.0916618	0.0688565	0.0831352	0.0772317	0.0853512	0.0729086	0.0917206	0.0708505	0.0783796	0.075092	0.0873147	0.0916257	0.0917451	0.0841296	0.0902372	0.0965802	0.0821121	0.0881411	0.0927058	0.0902868	0.0902435	0.0781078	0.0760156	0.0842752	0.0841883	0.0853017	0.0772441	0.079332	0.0690313	0.0713479	0.0692639	0.0631325	0.0549067	0	0.0508023	0.0488398	0.0508607	0.0487667	0.0527632	0.0588893	0.0588546	0.0548359	0.0590069	0.0589723	0.0507647	0.0626183	0.054783	0.0527249	0.0527123	0.0588894	0.044691	0.0573	0.0468431	0.0447525	0.0386959	0.0386943	0.063311	0.0507202	0.0690666	0.0670658	0.060932	0.0641749	0.066173	0.0633201	0.0613125	0.0628086	0.0730013	0.093982	0.100471	0.0689667	0.0812908	0.104072	0.0892949	0.0933352	0.0891846	0.0729239	0.0750035	0.100326	0.0770483	0.0750709	0.0875149	0.0749627	0.0749386	0.0770217	0.0769188	0.0829665	0.0729937	0.0749994	0.0831198	0.0687931	0.0728659	0.0669499	0.0668759	0.0710226	0.11109	0.0728977	0.0855517	0.0709428	0.0818921	0.0875422	0.0853561	0.0771239	0.0771753	0.0888723	0.105482	0.118525	0.0929632	0.0931911	0.0950499	0.101109	0.088862	0.099128	0.0950123	0.0990661	0.0949667	0.0868677	0.0847868	0.0847878	0.0847878	0.0993257	0.0953078	0.0973948	0.0950846	0.0951032	0.103385	0.097094	0.1033	0.0892041	0.0890614	0.0934008	0.109383	0.0973506	0.0891598	0.155373	0.136236	0.129632	0.141637	0.147997	0.147882	0.1518	0.138562	0.126007	0.197325	0.172967	0.192564	0.198979
Chlorodrepanis_virens	0.14705	0.15417	0.156209	0.184012	0.149911	0.147907	0.192679	0.205331	0.19758	0.213863	0.213017	0.190941	0.19194	0.205694	0.155087	0.151618	0.182274	0.175971	0.178015	0.171813	0.17383	0.171804	0.169805	0.169805	0.153854	0.164471	0.143468	0.164222	0.170417	0.165827	0.161794	0.159699	0.15356	0.15559	0.157635	0.155585	0.182516	0.182434	0.183041	0.176013	0.178323	0.249796	0.149436	0.151459	0.172216	0.159606	0.159581	0.159546	0.157513	0.159516	0.147398	0.149411	0.147396	0.14538	0.151623	0.156115	0.177847	0.168767	0.171359	0.165231	0.162697	0.170507	0.208807	0.174071	0.180793	0.193317	0.169044	0.187653	0.187223	0.190647	0.199957	0.187461	0.193487	0.179021	0.194241	0.182518	0.172954	0.177027	0.164544	0.147569	0.147555	0.159948	0.168308	0.169992	0.186628	0.165888	0.159732	0.167773	0.173788	0.173942	0.155691	0.153883	0.161804	0.157886	0.162	0.164019	0.233597	0.224495	0.219093	0.193641	0.182759	0.174613	0.184387	0.18161	0.181835	0.153851	0.17319	0.160093	0.162092	0.199014	0.197185	0.172941	0.160535	0.245672	0.24861	0.185405	0.205448	0.183363	0.212208	0.183172	0.21044	0.178671	0.19049	0.199575	0.192684	0.211585	0.213903	0.227959	0.221354	0.218172	0.228339	0.214069	0.13343	0.141773	0.152277	0.139429	0.135407	0.135407	0.141449	0.139422	0.147987	0.143664	0.141662	0.181325	0.182605	0.16946	0.187431	0.205407	0.208308	0.1627	0.119237	0.108994	0.104995	0.123869	0.125666	0.117391	0.0905684	0.108941	0.104959	0.102799	0.0946724	0.106835	0.115079	0.115057	0.11937	0.127614	0.108884	0.0980909	0.111756	0.109914	0.0970835	0.118764	0.108292	0.10882	0.101453	0.0952705	0.102054	0.0766037	0.0828789	0.0809619	0.0853009	0.0624956	0.0767743	0.0708708	0.0789903	0.0665477	0.0853597	0.0644896	0.0720187	0.068731	0.0809538	0.0852648	0.0853842	0.0777687	0.0838763	0.0902193	0.0757512	0.0817802	0.0863449	0.0839259	0.0838826	0.0717469	0.0696547	0.0779143	0.0778274	0.0789408	0.0708832	0.0729711	0.0626704	0.064987	0.062903	0.0567716	0.0485458	0.0508023	0	0.0100787	0.0363011	0.034207	0.0382035	0.0443296	0.0442949	0.0402763	0.0444472	0.0444126	0.036205	0.0480586	0.0402233	0.0381653	0.0381526	0.0443297	0.0301313	0.0427403	0.0322834	0.0301969	0.0241404	0.0241388	0.0528367	0.0443593	0.0627056	0.0607049	0.054571	0.0578139	0.0598121	0.0569592	0.0549516	0.0564477	0.0666404	0.0876211	0.0941096	0.0626058	0.0749299	0.0977114	0.082934	0.0869743	0.0828237	0.066563	0.0686425	0.0939646	0.0706874	0.06871	0.081154	0.0686018	0.0685777	0.0706608	0.0705578	0.0766056	0.0666327	0.0686385	0.0767589	0.0624322	0.066505	0.060589	0.060515	0.0646617	0.104729	0.0665368	0.0791908	0.0645819	0.0755312	0.0811813	0.0789952	0.070763	0.0708144	0.0825114	0.0991213	0.112164	0.0866023	0.0868302	0.0886889	0.0947482	0.0825011	0.0927671	0.0886514	0.0927051	0.0886058	0.0805068	0.0784259	0.0784269	0.0784269	0.0929648	0.0889468	0.0910339	0.0887237	0.0887423	0.097024	0.0907331	0.0969393	0.0828431	0.0827005	0.0870399	0.103022	0.0909897	0.0827989	0.149012	0.129876	0.123271	0.135276	0.141636	0.141521	0.145439	0.132201	0.119646	0.190965	0.166606	0.186203	0.192618
Hemignathus_wilsoni	0.145087	0.152207	0.154246	0.18205	0.147949	0.145945	0.190716	0.203369	0.195617	0.2119	0.211054	0.188979	0.189977	0.203731	0.153124	0.149655	0.180312	0.174008	0.176053	0.169851	0.171867	0.169842	0.167842	0.167842	0.151891	0.162509	0.141505	0.16226	0.168455	0.163864	0.159832	0.157736	0.151598	0.153627	0.155673	0.153622	0.180554	0.180471	0.181079	0.17405	0.176361	0.247833	0.147474	0.149496	0.170253	0.157644	0.157619	0.157584	0.155551	0.157554	0.145436	0.147448	0.145433	0.143418	0.14966	0.154152	0.175884	0.166805	0.169397	0.163268	0.160735	0.168545	0.206845	0.172108	0.17883	0.191355	0.167082	0.185691	0.18526	0.188685	0.197995	0.185499	0.191524	0.177059	0.192279	0.180555	0.170992	0.175065	0.162582	0.145607	0.145593	0.157985	0.166346	0.16803	0.184665	0.163925	0.15777	0.16581	0.171825	0.171979	0.153729	0.151921	0.159842	0.155924	0.160037	0.162056	0.231634	0.222532	0.21713	0.191679	0.180796	0.17265	0.182425	0.179647	0.179873	0.151889	0.171228	0.15813	0.16013	0.197052	0.195223	0.170979	0.158573	0.24371	0.246648	0.183443	0.203485	0.181401	0.210245	0.181209	0.208478	0.176708	0.188527	0.197613	0.190722	0.209623	0.21194	0.225997	0.219392	0.21621	0.226377	0.212106	0.131467	0.13981	0.150315	0.137467	0.133445	0.133445	0.139486	0.13746	0.146024	0.141702	0.139699	0.179362	0.180643	0.167497	0.185468	0.203445	0.206346	0.160738	0.117275	0.107031	0.103032	0.121907	0.123704	0.115429	0.0886059	0.106979	0.102996	0.100837	0.0927099	0.104873	0.113117	0.113095	0.117408	0.125652	0.106922	0.0961285	0.109794	0.107951	0.0951211	0.116802	0.106329	0.106857	0.0994902	0.0933081	0.100092	0.0746412	0.0809164	0.0789995	0.0833385	0.0605331	0.0748119	0.0689084	0.0770279	0.0645853	0.0833973	0.0625271	0.0700563	0.0667686	0.0789914	0.0833024	0.0834218	0.0758062	0.0819139	0.0882569	0.0737888	0.0798178	0.0843825	0.0819634	0.0819202	0.0697845	0.0676922	0.0759519	0.075865	0.0769783	0.0689207	0.0710087	0.060708	0.0630245	0.0609405	0.0548091	0.0465834	0.0488398	0.0100787	0	0.0343386	0.0322446	0.036241	0.0423672	0.0423325	0.0383138	0.0424848	0.0424502	0.0342426	0.0460962	0.0382609	0.0362028	0.0361902	0.0423673	0.0281689	0.0407779	0.0303209	0.0282345	0.0221779	0.0221763	0.0508743	0.0423968	0.0607432	0.0587425	0.0526086	0.0558515	0.0578496	0.0549968	0.0529891	0.0544853	0.0646779	0.0856586	0.0921472	0.0606433	0.0729675	0.0957489	0.0809716	0.0850119	0.0808613	0.0646006	0.0666801	0.0920022	0.068725	0.0667475	0.0791916	0.0666393	0.0666153	0.0686983	0.0685954	0.0746432	0.0646703	0.0666761	0.0747965	0.0604697	0.0645425	0.0586265	0.0585526	0.0626993	0.102767	0.0645744	0.0772283	0.0626194	0.0735687	0.0792189	0.0770327	0.0688005	0.0688519	0.0805489	0.0971588	0.110201	0.0846399	0.0848677	0.0867265	0.0927857	0.0805387	0.0908047	0.086689	0.0907427	0.0866434	0.0785443	0.0764635	0.0764644	0.0764644	0.0910024	0.0869844	0.0890715	0.0867613	0.0867799	0.0950616	0.0887707	0.0949769	0.0808807	0.0807381	0.0850774	0.10106	0.0890273	0.0808364	0.14705	0.127913	0.121309	0.133314	0.139674	0.139559	0.143477	0.130238	0.117684	0.189002	0.164644	0.18424	0.190655
Calcarius_ornatus	0.147108	0.154228	0.156267	0.184071	0.14997	0.147966	0.192737	0.20539	0.197638	0.213921	0.213075	0.191	0.191998	0.205752	0.155145	0.151676	0.182333	0.176029	0.178073	0.171872	0.173888	0.171863	0.169863	0.169863	0.153912	0.16453	0.143526	0.164281	0.170476	0.165885	0.161853	0.159757	0.153618	0.155648	0.157693	0.155643	0.182574	0.182492	0.1831	0.176071	0.178382	0.249854	0.149495	0.151517	0.172274	0.159665	0.15964	0.159605	0.157572	0.159575	0.147457	0.149469	0.147454	0.145439	0.151681	0.156173	0.177905	0.168826	0.171417	0.165289	0.162756	0.170566	0.208866	0.174129	0.180851	0.193376	0.169103	0.187712	0.187281	0.190706	0.200016	0.18752	0.193545	0.179079	0.1943	0.182576	0.173013	0.177086	0.164603	0.147628	0.147614	0.160006	0.168367	0.170051	0.186686	0.165946	0.159791	0.167831	0.173846	0.174	0.15575	0.153942	0.161862	0.157945	0.162058	0.164077	0.233655	0.224553	0.219151	0.193699	0.182817	0.174671	0.184446	0.181668	0.181894	0.15391	0.173249	0.160151	0.16215	0.199073	0.197244	0.173	0.160594	0.245731	0.248669	0.185464	0.205506	0.183422	0.212266	0.18323	0.210499	0.178729	0.190548	0.199634	0.192742	0.211644	0.213961	0.228018	0.221413	0.218231	0.228398	0.214127	0.133488	0.141831	0.152335	0.139488	0.135465	0.135465	0.141507	0.139481	0.148045	0.143722	0.14172	0.181383	0.182664	0.169518	0.187489	0.205466	0.208367	0.162759	0.119296	0.109052	0.105053	0.123928	0.125725	0.11745	0.0906268	0.109	0.105017	0.102858	0.0947308	0.106894	0.115138	0.115115	0.119429	0.127672	0.108943	0.0981494	0.111815	0.109972	0.097142	0.118823	0.10835	0.108878	0.101511	0.095329	0.102112	0.0766621	0.0829373	0.0810204	0.0853594	0.062554	0.0768328	0.0709293	0.0790488	0.0666062	0.0854182	0.064548	0.0720772	0.0687895	0.0810123	0.0853232	0.0854427	0.0778271	0.0839348	0.0902778	0.0758097	0.0818387	0.0864034	0.0839843	0.0839411	0.0718054	0.0697131	0.0779728	0.0778859	0.0789992	0.0709416	0.0730296	0.0627289	0.0650454	0.0629614	0.05683	0.0486043	0.0508607	0.0363011	0.0343386	0	0.0262451	0.0302463	0.0363725	0.0363377	0.0323191	0.03649	0.0364555	0.0282479	0.0401014	0.0322662	0.030214	0.0302014	0.0363785	0.0221801	0.0347891	0.0243321	0.0302554	0.0241988	0.0241972	0.0528952	0.0444177	0.0627641	0.0607634	0.0546295	0.0578724	0.0598705	0.0570177	0.05501	0.0565062	0.0666988	0.0876795	0.0941681	0.0626642	0.0749884	0.0977698	0.0829925	0.0870328	0.0828822	0.0666215	0.068701	0.0940231	0.0707459	0.0687684	0.0812125	0.0686602	0.0686362	0.0707192	0.0706163	0.0766641	0.0666912	0.068697	0.0768174	0.0624906	0.0665634	0.0606474	0.0605735	0.0647202	0.104788	0.0665953	0.0792492	0.0646403	0.0755896	0.0812398	0.0790536	0.0708214	0.0708728	0.0825698	0.0991797	0.112222	0.0866608	0.0868886	0.0887474	0.0948066	0.0825596	0.0928256	0.0887098	0.0927636	0.0886643	0.0805652	0.0784844	0.0784853	0.0784853	0.0930233	0.0890053	0.0910924	0.0887822	0.0888008	0.0970825	0.0907916	0.0969978	0.0829016	0.082759	0.0870983	0.103081	0.0910482	0.0828573	0.149071	0.129934	0.12333	0.135334	0.141695	0.141579	0.145497	0.132259	0.119705	0.191023	0.166664	0.186261	0.192676
Emberiza_fucata	0.145014	0.152134	0.154173	0.181977	0.147876	0.145872	0.190643	0.203295	0.195544	0.211827	0.210981	0.188905	0.189904	0.203658	0.153051	0.149582	0.180239	0.173935	0.175979	0.169778	0.171794	0.169769	0.167769	0.167769	0.151818	0.162436	0.141432	0.162187	0.168382	0.163791	0.159759	0.157663	0.151524	0.153554	0.155599	0.153549	0.18048	0.180398	0.181006	0.173977	0.176287	0.24776	0.147401	0.149423	0.17018	0.157571	0.157546	0.157511	0.155478	0.157481	0.145363	0.147375	0.14536	0.143344	0.149587	0.154079	0.175811	0.166732	0.169323	0.163195	0.160662	0.168472	0.206772	0.172035	0.178757	0.191282	0.167009	0.185618	0.185187	0.188612	0.197922	0.185426	0.191451	0.176985	0.192205	0.180482	0.170919	0.174992	0.162509	0.145534	0.14552	0.157912	0.166273	0.167957	0.184592	0.163852	0.157697	0.165737	0.171752	0.171906	0.153656	0.151848	0.159768	0.15585	0.159964	0.161983	0.231561	0.222459	0.217057	0.191605	0.180723	0.172577	0.182351	0.179574	0.1798	0.151816	0.171155	0.158057	0.160056	0.196979	0.19515	0.170906	0.1585	0.243637	0.246575	0.18337	0.203412	0.181328	0.210172	0.181136	0.208405	0.176635	0.188454	0.197539	0.190648	0.20955	0.211867	0.225924	0.219319	0.216136	0.226304	0.212033	0.131394	0.139737	0.150241	0.137394	0.133371	0.133371	0.139413	0.137387	0.145951	0.141628	0.139626	0.179289	0.180569	0.167424	0.185395	0.203372	0.206273	0.160665	0.117202	0.106958	0.102959	0.121834	0.12363	0.115356	0.0885328	0.106906	0.102923	0.100764	0.0926367	0.1048	0.113044	0.113021	0.117334	0.125578	0.106849	0.0960553	0.109721	0.107878	0.0950479	0.116729	0.106256	0.106784	0.099417	0.0932349	0.100018	0.074568	0.0808432	0.0789263	0.0832653	0.06046	0.0747387	0.0688352	0.0769547	0.0645121	0.0833241	0.0624539	0.0699831	0.0666954	0.0789182	0.0832292	0.0833486	0.0757331	0.0818407	0.0881837	0.0737156	0.0797446	0.0843093	0.0818903	0.081847	0.0697113	0.067619	0.0758787	0.0757918	0.0769052	0.0688476	0.0709355	0.0606348	0.0629513	0.0608674	0.054736	0.0465102	0.0487667	0.034207	0.0322446	0.0262451	0	0.0281522	0.0342784	0.0342437	0.030225	0.034396	0.0343614	0.0261538	0.0380074	0.0301721	0.0281199	0.0281073	0.0342844	0.020086	0.032695	0.0222381	0.0281613	0.0221048	0.0221032	0.0508011	0.0423237	0.06067	0.0586693	0.0525354	0.0557783	0.0577764	0.0549236	0.052916	0.0544121	0.0646048	0.0855855	0.092074	0.0605702	0.0728943	0.0956757	0.0808984	0.0849387	0.0807881	0.0645274	0.0666069	0.091929	0.0686518	0.0666744	0.0791184	0.0665661	0.0665421	0.0686251	0.0685222	0.07457	0.0645971	0.0666029	0.0747233	0.0603966	0.0644694	0.0585534	0.0584794	0.0626261	0.102694	0.0645012	0.0771552	0.0625463	0.0734955	0.0791457	0.0769596	0.0687274	0.0687788	0.0804758	0.0970857	0.110128	0.0845667	0.0847945	0.0866533	0.0927125	0.0804655	0.0907315	0.0866158	0.0906695	0.0865702	0.0784712	0.0763903	0.0763913	0.0763913	0.0909292	0.0869112	0.0889983	0.0866881	0.0867067	0.0949884	0.0886975	0.0949037	0.0808075	0.0806649	0.0850042	0.100987	0.0889541	0.0807633	0.146977	0.12784	0.121236	0.13324	0.139601	0.139485	0.143403	0.130165	0.117611	0.188929	0.16457	0.184167	0.190582
Spizella_passerina	0.149011	0.156131	0.158169	0.185973	0.151872	0.149868	0.19464	0.207292	0.199541	0.215824	0.214978	0.192902	0.193901	0.207655	0.157048	0.153579	0.184235	0.177931	0.179976	0.173774	0.175791	0.173765	0.171766	0.171766	0.155814	0.166432	0.145429	0.166183	0.172378	0.167788	0.163755	0.16166	0.155521	0.15755	0.159596	0.157546	0.184477	0.184395	0.185002	0.177973	0.180284	0.251757	0.151397	0.15342	0.174176	0.161567	0.161542	0.161507	0.159474	0.161477	0.149359	0.151372	0.149356	0.147341	0.153584	0.158076	0.179808	0.170728	0.17332	0.167192	0.164658	0.172468	0.210768	0.176032	0.182754	0.195278	0.171005	0.189614	0.189183	0.192608	0.201918	0.189422	0.195448	0.180982	0.196202	0.184479	0.174915	0.178988	0.166505	0.14953	0.149516	0.161909	0.170269	0.171953	0.188589	0.167848	0.161693	0.169734	0.175749	0.175903	0.157652	0.155844	0.163765	0.159847	0.163961	0.16598	0.235558	0.226455	0.221054	0.195602	0.184719	0.176574	0.186348	0.183571	0.183796	0.155812	0.175151	0.162054	0.164053	0.200975	0.199146	0.174902	0.162496	0.247633	0.250571	0.187366	0.207409	0.185324	0.214169	0.185132	0.212401	0.180632	0.192451	0.201536	0.194645	0.213546	0.215864	0.22992	0.223315	0.220133	0.2303	0.21603	0.13539	0.143734	0.154238	0.14139	0.137368	0.137368	0.14341	0.141383	0.149948	0.145625	0.143623	0.183286	0.184566	0.171421	0.189391	0.207368	0.210269	0.164661	0.121198	0.110955	0.106955	0.12583	0.127627	0.119352	0.0925292	0.110902	0.10692	0.10476	0.0966332	0.108796	0.11704	0.117018	0.121331	0.129575	0.110845	0.100052	0.113717	0.111874	0.0990444	0.120725	0.110253	0.110781	0.103413	0.0972314	0.104015	0.0785645	0.0848397	0.0829228	0.0872618	0.0644564	0.0787352	0.0728317	0.0809512	0.0685086	0.0873206	0.0664504	0.0739796	0.0706919	0.0829147	0.0872257	0.0873451	0.0797295	0.0858372	0.0921802	0.0777121	0.0837411	0.0883058	0.0858868	0.0858435	0.0737078	0.0716155	0.0798752	0.0797883	0.0809016	0.072844	0.074932	0.0646313	0.0669478	0.0648639	0.0587325	0.0505067	0.0527632	0.0382035	0.036241	0.0302463	0.0281522	0	0.0222398	0.022205	0.0181864	0.030311	0.0302765	0.0301454	0.041999	0.0341637	0.0321164	0.0321038	0.0382809	0.0240825	0.0366915	0.0262345	0.0321578	0.0261013	0.0260997	0.0547976	0.0463202	0.0646665	0.0626658	0.0565319	0.0597748	0.0617729	0.0589201	0.0569124	0.0584086	0.0686012	0.0895819	0.0960705	0.0645666	0.0768908	0.0996722	0.0848949	0.0889352	0.0847846	0.0685239	0.0706034	0.0959255	0.0726483	0.0706708	0.0831149	0.0705626	0.0705386	0.0726216	0.0725187	0.0785665	0.0685936	0.0705994	0.0787198	0.0643931	0.0684658	0.0625498	0.0624759	0.0666226	0.10669	0.0684977	0.0811516	0.0665427	0.077492	0.0831422	0.080956	0.0727239	0.0727752	0.0844722	0.101082	0.114125	0.0885632	0.088791	0.0906498	0.096709	0.084462	0.094728	0.0906123	0.094666	0.0905667	0.0824677	0.0803868	0.0803878	0.0803878	0.0949257	0.0909077	0.0929948	0.0906846	0.0907032	0.0989849	0.092694	0.0989002	0.084804	0.0846614	0.0890007	0.104983	0.0929506	0.0847598	0.150973	0.131836	0.125232	0.137237	0.143597	0.143482	0.1474	0.134162	0.121607	0.192925	0.168567	0.188164	0.194579
Melospiza_melodia	0.155137	0.162257	0.164296	0.192099	0.157998	0.155994	0.200766	0.213418	0.205667	0.22195	0.221104	0.199028	0.200027	0.213781	0.163174	0.159705	0.190361	0.184058	0.186102	0.1799	0.181917	0.179891	0.177892	0.177892	0.161941	0.172558	0.151555	0.172309	0.178504	0.173914	0.169881	0.167786	0.161647	0.163677	0.165722	0.163672	0.190603	0.190521	0.191128	0.1841	0.18641	0.257883	0.157523	0.159546	0.180303	0.167693	0.167668	0.167633	0.1656	0.167603	0.155485	0.157498	0.155483	0.153467	0.15971	0.164202	0.185934	0.176854	0.179446	0.173318	0.170784	0.178595	0.216894	0.182158	0.18888	0.201404	0.177131	0.19574	0.19531	0.198734	0.208044	0.195548	0.201574	0.187108	0.202328	0.190605	0.181041	0.185114	0.172631	0.155656	0.155642	0.168035	0.176395	0.178079	0.194715	0.173975	0.167819	0.17586	0.181875	0.182029	0.163778	0.16197	0.169891	0.165973	0.170087	0.172106	0.241684	0.232582	0.22718	0.201728	0.190846	0.1827	0.192474	0.189697	0.189922	0.161938	0.181277	0.16818	0.170179	0.207101	0.205272	0.181028	0.168622	0.253759	0.256697	0.193492	0.213535	0.19145	0.220295	0.191259	0.218527	0.186758	0.198577	0.207662	0.200771	0.219672	0.22199	0.236046	0.229441	0.226259	0.236426	0.222156	0.141517	0.14986	0.160364	0.147516	0.143494	0.143494	0.149536	0.147509	0.156074	0.151751	0.149749	0.189412	0.190692	0.177547	0.195518	0.213494	0.216395	0.170788	0.127324	0.117081	0.113082	0.131956	0.133753	0.125478	0.0986554	0.117028	0.113046	0.110886	0.102759	0.114922	0.123166	0.123144	0.127457	0.135701	0.116971	0.106178	0.119843	0.118001	0.105171	0.126851	0.116379	0.116907	0.10954	0.103358	0.110141	0.0846907	0.0909659	0.0890489	0.0933879	0.0705826	0.0848613	0.0789578	0.0870773	0.0746347	0.0934467	0.0725766	0.0801057	0.0768181	0.0890408	0.0933518	0.0934712	0.0858557	0.0919633	0.0983063	0.0838382	0.0898672	0.0944319	0.0920129	0.0919696	0.0798339	0.0777417	0.0860013	0.0859144	0.0870278	0.0789702	0.0810581	0.0707574	0.073074	0.07099	0.0648586	0.0566328	0.0588893	0.0443296	0.0423672	0.0363725	0.0342784	0.0222398	0	0.0200803	0.0160617	0.0364372	0.0364026	0.0362716	0.0481251	0.0402899	0.0382426	0.03823	0.044407	0.0302086	0.0428176	0.0323607	0.0382839	0.0322274	0.0322258	0.0609237	0.0524463	0.0707927	0.0687919	0.0626581	0.065901	0.0678991	0.0650462	0.0630386	0.0645347	0.0747274	0.0957081	0.102197	0.0706928	0.0830169	0.105798	0.091021	0.0950613	0.0909107	0.07465	0.0767296	0.102052	0.0787744	0.076797	0.089241	0.0766888	0.0766648	0.0787478	0.0786449	0.0846926	0.0747198	0.0767255	0.0848459	0.0705192	0.074592	0.068676	0.0686021	0.0727487	0.112816	0.0746238	0.0872778	0.0726689	0.0836182	0.0892683	0.0870822	0.07885	0.0789014	0.0905984	0.107208	0.120251	0.0946893	0.0949172	0.096776	0.102835	0.0905881	0.100854	0.0967384	0.100792	0.0966928	0.0885938	0.0865129	0.0865139	0.0865139	0.101052	0.0970339	0.0991209	0.0968107	0.0968294	0.105111	0.0988202	0.105026	0.0909302	0.0907875	0.0951269	0.111109	0.0990767	0.0908859	0.157099	0.137963	0.131359	0.143363	0.149723	0.149608	0.153526	0.140288	0.127733	0.199052	0.174693	0.19429	0.200705
Junco_hyemalis	0.155102	0.162222	0.164261	0.192065	0.157963	0.15596	0.200731	0.213383	0.205632	0.221915	0.221069	0.198993	0.199992	0.213746	0.163139	0.15967	0.190326	0.184023	0.186067	0.179866	0.181882	0.179857	0.177857	0.177857	0.161906	0.172524	0.15152	0.172275	0.17847	0.173879	0.169847	0.167751	0.161612	0.163642	0.165687	0.163637	0.190568	0.190486	0.191093	0.184065	0.186375	0.257848	0.157489	0.159511	0.180268	0.167659	0.167634	0.167599	0.165566	0.167569	0.155451	0.157463	0.155448	0.153432	0.159675	0.164167	0.185899	0.176819	0.179411	0.173283	0.170749	0.17856	0.21686	0.182123	0.188845	0.20137	0.177097	0.195705	0.195275	0.1987	0.20801	0.195513	0.201539	0.187073	0.202293	0.19057	0.181006	0.18508	0.172596	0.155621	0.155607	0.168	0.176361	0.178045	0.19468	0.17394	0.167785	0.175825	0.18184	0.181994	0.163744	0.161935	0.169856	0.165938	0.170052	0.172071	0.241649	0.232547	0.227145	0.201693	0.190811	0.182665	0.192439	0.189662	0.189887	0.161904	0.181242	0.168145	0.170144	0.207067	0.205238	0.180994	0.168588	0.253725	0.256662	0.193458	0.2135	0.191415	0.22026	0.191224	0.218493	0.186723	0.198542	0.207627	0.200736	0.219638	0.221955	0.236012	0.229407	0.226224	0.236392	0.222121	0.141482	0.149825	0.160329	0.147482	0.143459	0.143459	0.149501	0.147475	0.156039	0.151716	0.149714	0.189377	0.190657	0.177512	0.195483	0.213459	0.216361	0.170753	0.12729	0.117046	0.113047	0.131921	0.133718	0.125443	0.0986207	0.116994	0.113011	0.110852	0.102725	0.114888	0.123132	0.123109	0.127422	0.135666	0.116937	0.106143	0.119809	0.117966	0.105136	0.126817	0.116344	0.116872	0.109505	0.103323	0.110106	0.084656	0.0909312	0.0890142	0.0933532	0.0705479	0.0848266	0.0789231	0.0870426	0.0746	0.093412	0.0725419	0.080071	0.0767833	0.0890061	0.0933171	0.0934365	0.085821	0.0919286	0.0982716	0.0838035	0.0898325	0.0943972	0.0919782	0.0919349	0.0797992	0.077707	0.0859666	0.0858797	0.0869931	0.0789355	0.0810234	0.0707227	0.0730393	0.0709553	0.0648239	0.0565981	0.0588546	0.0442949	0.0423325	0.0363377	0.0342437	0.022205	0.0200803	0	0.00804563	0.0364025	0.0363679	0.0362369	0.0480904	0.0402552	0.0382079	0.0381952	0.0443723	0.0301739	0.0427829	0.032326	0.0382492	0.0321927	0.0321911	0.060889	0.0524116	0.070758	0.0687572	0.0626233	0.0658662	0.0678644	0.0650115	0.0630039	0.0645	0.0746927	0.0956734	0.102162	0.0706581	0.0829822	0.105764	0.0909863	0.0950266	0.090876	0.0746153	0.0766948	0.102017	0.0787397	0.0767623	0.0892063	0.0766541	0.07663	0.0787131	0.0786101	0.0846579	0.074685	0.0766908	0.0848112	0.0704845	0.0745573	0.0686413	0.0685673	0.072714	0.112782	0.0745891	0.0872431	0.0726342	0.0835835	0.0892336	0.0870475	0.0788153	0.0788667	0.0905637	0.107174	0.120216	0.0946546	0.0948825	0.0967412	0.1028	0.0905534	0.100819	0.0967037	0.100757	0.0966581	0.0885591	0.0864782	0.0864792	0.0864792	0.101017	0.0969991	0.0990862	0.096776	0.0967946	0.105076	0.0987854	0.104992	0.0908954	0.0907528	0.0950922	0.111075	0.099042	0.0908512	0.157065	0.137928	0.131324	0.143328	0.149689	0.149573	0.153491	0.140253	0.127699	0.199017	0.174658	0.194255	0.20067
Zonotrichia_albicollis	0.151083	0.158204	0.160242	0.188046	0.153945	0.151941	0.196712	0.209365	0.201613	0.217896	0.217051	0.194975	0.195973	0.209727	0.15912	0.155651	0.186308	0.180004	0.182049	0.175847	0.177863	0.175838	0.173838	0.173838	0.157887	0.168505	0.147502	0.168256	0.174451	0.16986	0.165828	0.163732	0.157594	0.159623	0.161669	0.159619	0.18655	0.186467	0.187075	0.180046	0.182357	0.25383	0.15347	0.155493	0.176249	0.16364	0.163615	0.16358	0.161547	0.16355	0.151432	0.153444	0.151429	0.149414	0.155656	0.160148	0.181881	0.172801	0.175393	0.169264	0.166731	0.174541	0.212841	0.178104	0.184826	0.197351	0.173078	0.191687	0.191256	0.194681	0.203991	0.191495	0.19752	0.183055	0.198275	0.186551	0.176988	0.181061	0.168578	0.151603	0.151589	0.163981	0.172342	0.174026	0.190662	0.169921	0.163766	0.171807	0.177821	0.177975	0.159725	0.157917	0.165838	0.16192	0.166034	0.168053	0.237631	0.228528	0.223126	0.197675	0.186792	0.178646	0.188421	0.185644	0.185869	0.157885	0.177224	0.164127	0.166126	0.203048	0.201219	0.176975	0.164569	0.249706	0.252644	0.189439	0.209481	0.187397	0.216241	0.187205	0.214474	0.182704	0.194523	0.203609	0.196718	0.215619	0.217936	0.231993	0.225388	0.222206	0.232373	0.218102	0.137463	0.145806	0.156311	0.143463	0.139441	0.139441	0.145482	0.143456	0.15202	0.147698	0.145695	0.185359	0.186639	0.173493	0.191464	0.209441	0.212342	0.166734	0.123271	0.113028	0.109028	0.127903	0.1297	0.121425	0.094602	0.112975	0.108992	0.106833	0.098706	0.110869	0.119113	0.119091	0.123404	0.131648	0.112918	0.102125	0.11579	0.113947	0.101117	0.122798	0.112325	0.112854	0.105486	0.0993042	0.106088	0.0806373	0.0869125	0.0849955	0.0893346	0.0665292	0.080808	0.0749045	0.083024	0.0705814	0.0893934	0.0685232	0.0760524	0.0727647	0.0849874	0.0892984	0.0894178	0.0818023	0.08791	0.094253	0.0797848	0.0858138	0.0903786	0.0879595	0.0879162	0.0757806	0.0736883	0.081948	0.0818611	0.0829744	0.0749168	0.0770048	0.066704	0.0690206	0.0669366	0.0608052	0.0525795	0.0548359	0.0402763	0.0383138	0.0323191	0.030225	0.0181864	0.0160617	0.00804563	0	0.0323838	0.0323493	0.0322182	0.0440718	0.0362365	0.0341892	0.0341766	0.0403536	0.0261552	0.0387643	0.0283073	0.0342306	0.028174	0.0281724	0.0568704	0.0483929	0.0667393	0.0647386	0.0586047	0.0618476	0.0638457	0.0609929	0.0589852	0.0604814	0.070674	0.0916547	0.0981433	0.0666394	0.0789636	0.101745	0.0869677	0.091008	0.0868574	0.0705967	0.0726762	0.0979983	0.0747211	0.0727436	0.0851877	0.0726354	0.0726114	0.0746944	0.0745915	0.0806393	0.0706664	0.0726722	0.0807926	0.0664658	0.0705386	0.0646226	0.0645487	0.0686954	0.108763	0.0705705	0.0832244	0.0686155	0.0795648	0.085215	0.0830288	0.0747966	0.074848	0.086545	0.103155	0.116197	0.090636	0.0908638	0.0927226	0.0987818	0.0865348	0.0968008	0.092685	0.0967388	0.0926395	0.0845404	0.0824595	0.0824605	0.0824605	0.0969985	0.0929805	0.0950676	0.0927574	0.092776	0.101058	0.0947668	0.100973	0.0868768	0.0867342	0.0910735	0.107056	0.0950233	0.0868325	0.153046	0.133909	0.127305	0.13931	0.14567	0.145555	0.149473	0.136234	0.12368	0.194998	0.17064	0.190236	0.196651
Setophaga_coronata	0.155254	0.162374	0.164413	0.192217	0.158116	0.156112	0.200883	0.213536	0.205784	0.222067	0.221222	0.199146	0.200144	0.213898	0.163291	0.159822	0.190479	0.184175	0.18622	0.180018	0.182034	0.180009	0.178009	0.178009	0.162058	0.172676	0.151672	0.172427	0.178622	0.174031	0.169999	0.167903	0.161765	0.163794	0.16584	0.163789	0.190721	0.190638	0.191246	0.184217	0.186528	0.258001	0.157641	0.159664	0.18042	0.167811	0.167786	0.167751	0.165718	0.167721	0.155603	0.157615	0.1556	0.153585	0.159827	0.164319	0.186052	0.176972	0.179564	0.173435	0.170902	0.178712	0.217012	0.182275	0.188997	0.201522	0.177249	0.195858	0.195427	0.198852	0.208162	0.195666	0.201691	0.187226	0.202446	0.190722	0.181159	0.185232	0.172749	0.155774	0.15576	0.168152	0.176513	0.178197	0.194833	0.174092	0.167937	0.175977	0.181992	0.182146	0.163896	0.162088	0.170009	0.166091	0.170204	0.172223	0.241802	0.232699	0.227297	0.201846	0.190963	0.182817	0.192592	0.189815	0.19004	0.162056	0.181395	0.168297	0.170297	0.207219	0.20539	0.181146	0.16874	0.253877	0.256815	0.19361	0.213652	0.191568	0.220412	0.191376	0.218645	0.186875	0.198694	0.20778	0.200889	0.21979	0.222107	0.236164	0.229559	0.226377	0.236544	0.222273	0.141634	0.149977	0.160482	0.147634	0.143612	0.143612	0.149653	0.147627	0.156191	0.151869	0.149866	0.189529	0.19081	0.177664	0.195635	0.213612	0.216513	0.170905	0.127442	0.117198	0.113199	0.132074	0.133871	0.125596	0.098773	0.117146	0.113163	0.111004	0.102877	0.11504	0.123284	0.123262	0.127575	0.135819	0.117089	0.106296	0.119961	0.118118	0.105288	0.126969	0.116496	0.117025	0.109657	0.103475	0.110259	0.0848083	0.0910834	0.0891665	0.0935055	0.0707002	0.0849789	0.0790754	0.0871949	0.0747523	0.0935643	0.0726942	0.0802233	0.0769356	0.0891584	0.0934694	0.0935888	0.0859733	0.0920809	0.0984239	0.0839558	0.0899848	0.0945495	0.0921305	0.0920872	0.0799515	0.0778592	0.0861189	0.086032	0.0871454	0.0790878	0.0811757	0.070875	0.0731916	0.0711076	0.0649762	0.0567504	0.0590069	0.0444472	0.0424848	0.03649	0.034396	0.030311	0.0364372	0.0364025	0.0323838	0	0.0120742	0.0363892	0.0482427	0.0404075	0.0383602	0.0383475	0.0445246	0.0303262	0.0429352	0.0324783	0.0384015	0.032345	0.0323434	0.0610413	0.0525639	0.0709102	0.0689095	0.0627756	0.0660185	0.0680167	0.0651638	0.0631562	0.0646523	0.074845	0.0958257	0.102314	0.0708104	0.0831345	0.105916	0.0911386	0.0951789	0.0910283	0.0747676	0.0768471	0.102169	0.078892	0.0769146	0.0893586	0.0768063	0.0767823	0.0788654	0.0787624	0.0848102	0.0748373	0.0768431	0.0849635	0.0706368	0.0747096	0.0687936	0.0687196	0.0728663	0.112934	0.0747414	0.0873954	0.0727865	0.0837358	0.0893859	0.0871998	0.0789676	0.079019	0.090716	0.107326	0.120368	0.0948069	0.0950348	0.0968935	0.102953	0.0907057	0.100972	0.096856	0.10091	0.0968104	0.0887114	0.0866305	0.0866315	0.0866315	0.101169	0.0971514	0.0992385	0.0969283	0.0969469	0.105229	0.0989377	0.105144	0.0910477	0.0909051	0.0952445	0.111227	0.0991943	0.0910035	0.157217	0.13808	0.131476	0.143481	0.149841	0.149726	0.153644	0.140405	0.127851	0.199169	0.174811	0.194407	0.200822
Setophaga_kirtlandii	0.15522	0.16234	0.164379	0.192182	0.158081	0.156077	0.200849	0.213501	0.20575	0.222033	0.221187	0.199111	0.20011	0.213864	0.163257	0.159788	0.190444	0.184141	0.186185	0.179983	0.182	0.179974	0.177975	0.177975	0.162024	0.172641	0.151638	0.172392	0.178587	0.173997	0.169964	0.167869	0.16173	0.16376	0.165805	0.163755	0.190686	0.190604	0.191211	0.184183	0.186493	0.257966	0.157606	0.159629	0.180386	0.167776	0.167751	0.167716	0.165683	0.167687	0.155568	0.157581	0.155566	0.15355	0.159793	0.164285	0.186017	0.176937	0.179529	0.173401	0.170867	0.178678	0.216977	0.182241	0.188963	0.201487	0.177214	0.195823	0.195393	0.198817	0.208127	0.195631	0.201657	0.187191	0.202411	0.190688	0.181124	0.185197	0.172714	0.155739	0.155725	0.168118	0.176478	0.178162	0.194798	0.174058	0.167902	0.175943	0.181958	0.182112	0.163861	0.162053	0.169974	0.166056	0.17017	0.172189	0.241767	0.232665	0.227263	0.201811	0.190929	0.182783	0.192557	0.18978	0.190005	0.162021	0.18136	0.168263	0.170262	0.207184	0.205355	0.181111	0.168705	0.253842	0.25678	0.193575	0.213618	0.191533	0.220378	0.191342	0.21861	0.186841	0.19866	0.207745	0.200854	0.219755	0.222073	0.236129	0.229524	0.226342	0.236509	0.222239	0.1416	0.149943	0.160447	0.1476	0.143577	0.143577	0.149619	0.147592	0.156157	0.151834	0.149832	0.189495	0.190775	0.17763	0.195601	0.213577	0.216478	0.170871	0.127407	0.117164	0.113165	0.132039	0.133836	0.125561	0.0987384	0.117111	0.113129	0.110969	0.102842	0.115005	0.123249	0.123227	0.12754	0.135784	0.117054	0.106261	0.119926	0.118084	0.105254	0.126934	0.116462	0.11699	0.109623	0.103441	0.110224	0.0847737	0.0910489	0.0891319	0.0934709	0.0706656	0.0849444	0.0790409	0.0871603	0.0747178	0.0935297	0.0726596	0.0801888	0.0769011	0.0891238	0.0934348	0.0935542	0.0859387	0.0920464	0.0983894	0.0839212	0.0899502	0.094515	0.0920959	0.0920526	0.079917	0.0778247	0.0860844	0.0859975	0.0871108	0.0790532	0.0811412	0.0708404	0.073157	0.071073	0.0649416	0.0567159	0.0589723	0.0444126	0.0424502	0.0364555	0.0343614	0.0302765	0.0364026	0.0363679	0.0323493	0.0120742	0	0.0363546	0.0482082	0.0403729	0.0383256	0.038313	0.04449	0.0302916	0.0429007	0.0324437	0.038367	0.0323104	0.0323088	0.0610068	0.0525293	0.0708757	0.068875	0.0627411	0.065984	0.0679821	0.0651293	0.0631216	0.0646178	0.0748104	0.0957911	0.10228	0.0707758	0.0831	0.105881	0.0911041	0.0951444	0.0909937	0.0747331	0.0768126	0.102135	0.0788575	0.07688	0.0893241	0.0767718	0.0767478	0.0788308	0.0787279	0.0847757	0.0748028	0.0768085	0.084929	0.0706022	0.074675	0.068759	0.0686851	0.0728317	0.112899	0.0747069	0.0873608	0.0727519	0.0837012	0.0893513	0.0871652	0.078933	0.0789844	0.0906814	0.107291	0.120334	0.0947724	0.0950002	0.096859	0.102918	0.0906712	0.100937	0.0968214	0.100875	0.0967759	0.0886768	0.0865959	0.0865969	0.0865969	0.101135	0.0971169	0.099204	0.0968938	0.0969124	0.105194	0.0989032	0.105109	0.0910132	0.0908706	0.0952099	0.111192	0.0991597	0.0909689	0.157183	0.138046	0.131442	0.143446	0.149806	0.149691	0.153609	0.140371	0.127816	0.199135	0.174776	0.194373	0.200788
Agelaius_phoeniceus	0.147012	0.154132	0.156171	0.183975	0.149874	0.14787	0.192641	0.205294	0.197542	0.213825	0.212979	0.190904	0.191902	0.205656	0.155049	0.15158	0.182237	0.175933	0.177977	0.171776	0.173792	0.171767	0.169767	0.169767	0.153816	0.164434	0.14343	0.164185	0.17038	0.165789	0.161757	0.159661	0.153522	0.155552	0.157597	0.155547	0.182478	0.182396	0.183004	0.175975	0.178286	0.249758	0.149399	0.151421	0.172178	0.159569	0.159544	0.159509	0.157476	0.159479	0.147361	0.149373	0.147358	0.145342	0.151585	0.156077	0.177809	0.16873	0.171321	0.165193	0.16266	0.17047	0.20877	0.174033	0.180755	0.19328	0.169007	0.187616	0.187185	0.19061	0.19992	0.187424	0.193449	0.178983	0.194203	0.18248	0.172917	0.17699	0.164507	0.147532	0.147518	0.15991	0.168271	0.169955	0.18659	0.16585	0.159695	0.167735	0.17375	0.173904	0.155654	0.153846	0.161766	0.157848	0.161962	0.163981	0.233559	0.224457	0.219055	0.193603	0.182721	0.174575	0.18435	0.181572	0.181798	0.153814	0.173153	0.160055	0.162054	0.198977	0.197148	0.172904	0.160498	0.245635	0.248573	0.185368	0.20541	0.183326	0.21217	0.183134	0.210403	0.178633	0.190452	0.199538	0.192646	0.211548	0.213865	0.227922	0.221317	0.218135	0.228302	0.214031	0.133392	0.141735	0.152239	0.139392	0.135369	0.135369	0.141411	0.139385	0.147949	0.143626	0.141624	0.181287	0.182568	0.169422	0.187393	0.20537	0.208271	0.162663	0.1192	0.108956	0.104957	0.123832	0.125629	0.117354	0.0905308	0.108904	0.104921	0.102762	0.0946348	0.106798	0.115042	0.115019	0.119333	0.127576	0.108847	0.0980534	0.111719	0.109876	0.0970459	0.118727	0.108254	0.108782	0.101415	0.0952329	0.102016	0.0765661	0.0828413	0.0809243	0.0852633	0.062458	0.0767367	0.0708332	0.0789527	0.0665101	0.0853221	0.064452	0.0719811	0.0686935	0.0809162	0.0852272	0.0853466	0.0777311	0.0838388	0.0901818	0.0757136	0.0817426	0.0863074	0.0838883	0.083845	0.0717093	0.0696171	0.0778768	0.0777899	0.0789032	0.0708456	0.0729336	0.0626328	0.0649494	0.0628654	0.056734	0.0485083	0.0507647	0.036205	0.0342426	0.0282479	0.0261538	0.0301454	0.0362716	0.0362369	0.0322182	0.0363892	0.0363546	0	0.0160932	0.00825793	0.030118	0.0301054	0.0362824	0.022084	0.0346931	0.0242361	0.0301593	0.0241028	0.0241012	0.0527991	0.0443217	0.0626681	0.0606673	0.0545335	0.0577764	0.0597745	0.0569216	0.054914	0.0564101	0.0666028	0.0875835	0.094072	0.0625682	0.0748923	0.0976738	0.0828965	0.0869368	0.0827861	0.0665254	0.068605	0.0939271	0.0706499	0.0686724	0.0811164	0.0685642	0.0685402	0.0706232	0.0705203	0.076568	0.0665952	0.0686009	0.0767213	0.0623946	0.0664674	0.0605514	0.0604775	0.0646241	0.104692	0.0664992	0.0791532	0.0645443	0.0754936	0.0811437	0.0789576	0.0707254	0.0707768	0.0824738	0.0990837	0.112126	0.0865648	0.0867926	0.0886514	0.0947106	0.0824636	0.0927295	0.0886138	0.0926676	0.0885683	0.0804692	0.0783883	0.0783893	0.0783893	0.0929273	0.0889093	0.0909963	0.0886861	0.0887048	0.0969865	0.0906956	0.0969017	0.0828056	0.0826629	0.0870023	0.102985	0.0909521	0.0827613	0.148975	0.129838	0.123234	0.135238	0.141599	0.141483	0.145401	0.132163	0.119609	0.190927	0.166568	0.186165	0.19258
Molothrus_ater	0.158866	0.165986	0.168025	0.195828	0.161727	0.159723	0.204495	0.217147	0.209396	0.225679	0.224833	0.202757	0.203756	0.21751	0.166903	0.163434	0.19409	0.187787	0.189831	0.183629	0.185646	0.18362	0.181621	0.181621	0.16567	0.176287	0.155284	0.176038	0.182233	0.177643	0.17361	0.171515	0.165376	0.167406	0.169451	0.167401	0.194332	0.19425	0.194857	0.187829	0.190139	0.261612	0.161252	0.163275	0.184032	0.171422	0.171397	0.171362	0.169329	0.171332	0.159214	0.161227	0.159212	0.157196	0.163439	0.167931	0.189663	0.180583	0.183175	0.177047	0.174513	0.182323	0.220623	0.185887	0.192609	0.205133	0.18086	0.199469	0.199039	0.202463	0.211773	0.199277	0.205303	0.190837	0.206057	0.194334	0.18477	0.188843	0.17636	0.159385	0.159371	0.171764	0.180124	0.181808	0.198444	0.177704	0.171548	0.179589	0.185604	0.185758	0.167507	0.165699	0.17362	0.169702	0.173816	0.175835	0.245413	0.236311	0.230909	0.205457	0.194575	0.186429	0.196203	0.193426	0.193651	0.165667	0.185006	0.171909	0.173908	0.21083	0.209001	0.184757	0.172351	0.257488	0.260426	0.197221	0.217264	0.195179	0.224024	0.194988	0.222256	0.190487	0.202306	0.211391	0.2045	0.223401	0.225719	0.239775	0.23317	0.229988	0.240155	0.225885	0.145246	0.153589	0.164093	0.151245	0.147223	0.147223	0.153265	0.151238	0.159803	0.15548	0.153478	0.193141	0.194421	0.181276	0.199247	0.217223	0.220124	0.174516	0.131053	0.12081	0.11681	0.135685	0.137482	0.129207	0.102384	0.120757	0.116775	0.114615	0.106488	0.118651	0.126895	0.126873	0.131186	0.13943	0.1207	0.109907	0.123572	0.12173	0.1089	0.13058	0.120108	0.120636	0.113269	0.107086	0.11387	0.0884196	0.0946948	0.0927779	0.0971169	0.0743116	0.0885903	0.0826868	0.0908063	0.0783637	0.0971757	0.0763055	0.0838347	0.080547	0.0927698	0.0970808	0.0972002	0.0895847	0.0956923	0.102035	0.0875672	0.0935962	0.0981609	0.0957419	0.0956986	0.0835629	0.0814706	0.0897303	0.0896434	0.0907568	0.0826992	0.0847871	0.0744864	0.076803	0.074719	0.0685876	0.0603618	0.0626183	0.0480586	0.0460962	0.0401014	0.0380074	0.041999	0.0481251	0.0480904	0.0440718	0.0482427	0.0482082	0.0160932	0	0.0160892	0.0419715	0.0419589	0.048136	0.0339376	0.0465466	0.0360897	0.0420129	0.0359564	0.0359548	0.0646527	0.0561753	0.0745216	0.0725209	0.066387	0.0696299	0.071628	0.0687752	0.0667676	0.0682637	0.0784564	0.0994371	0.105926	0.0744218	0.0867459	0.109527	0.09475	0.0987903	0.0946397	0.078379	0.0804585	0.105781	0.0825034	0.080526	0.09297	0.0804177	0.0803937	0.0824767	0.0823738	0.0884216	0.0784487	0.0804545	0.0885749	0.0742482	0.078321	0.072405	0.072331	0.0764777	0.116545	0.0783528	0.0910068	0.0763979	0.0873472	0.0929973	0.0908112	0.082579	0.0826304	0.0943274	0.110937	0.12398	0.0984183	0.0986461	0.100505	0.106564	0.0943171	0.104583	0.100467	0.104521	0.100422	0.0923228	0.0902419	0.0902429	0.0902429	0.104781	0.100763	0.10285	0.10054	0.100558	0.10884	0.102549	0.108755	0.0946591	0.0945165	0.0988558	0.114838	0.102806	0.0946149	0.160828	0.141692	0.135087	0.147092	0.153452	0.153337	0.157255	0.144017	0.131462	0.202781	0.178422	0.198019	0.204434
Quiscalus_mexicanus	0.151031	0.158151	0.160189	0.187993	0.153892	0.151888	0.196659	0.209312	0.20156	0.217844	0.216998	0.194922	0.19592	0.209675	0.159068	0.155599	0.186255	0.179951	0.181996	0.175794	0.17781	0.175785	0.173786	0.173786	0.157834	0.168452	0.147449	0.168203	0.174398	0.169807	0.165775	0.16368	0.157541	0.15957	0.161616	0.159566	0.186497	0.186414	0.187022	0.179993	0.182304	0.253777	0.153417	0.15544	0.176196	0.163587	0.163562	0.163527	0.161494	0.163497	0.151379	0.153392	0.151376	0.149361	0.155603	0.160095	0.181828	0.172748	0.17534	0.169211	0.166678	0.174488	0.212788	0.178051	0.184773	0.197298	0.173025	0.191634	0.191203	0.194628	0.203938	0.191442	0.197467	0.183002	0.198222	0.186498	0.176935	0.181008	0.168525	0.15155	0.151536	0.163928	0.172289	0.173973	0.190609	0.169868	0.163713	0.171754	0.177768	0.177922	0.159672	0.157864	0.165785	0.161867	0.165981	0.168	0.237578	0.228475	0.223073	0.197622	0.186739	0.178594	0.188368	0.185591	0.185816	0.157832	0.177171	0.164074	0.166073	0.202995	0.201166	0.176922	0.164516	0.249653	0.252591	0.189386	0.209428	0.187344	0.216188	0.187152	0.214421	0.182652	0.19447	0.203556	0.196665	0.215566	0.217883	0.23194	0.225335	0.222153	0.23232	0.218049	0.13741	0.145753	0.156258	0.14341	0.139388	0.139388	0.145429	0.143403	0.151967	0.147645	0.145642	0.185306	0.186586	0.17344	0.191411	0.209388	0.212289	0.166681	0.123218	0.112975	0.108975	0.12785	0.129647	0.121372	0.0945491	0.112922	0.108939	0.10678	0.0986531	0.110816	0.11906	0.119038	0.123351	0.131595	0.112865	0.102072	0.115737	0.113894	0.101064	0.122745	0.112272	0.112801	0.105433	0.0992512	0.106035	0.0805844	0.0868596	0.0849426	0.0892816	0.0664763	0.080755	0.0748515	0.082971	0.0705284	0.0893404	0.0684703	0.0759994	0.0727118	0.0849345	0.0892455	0.0893649	0.0817494	0.0878571	0.0942001	0.0797319	0.0857609	0.0903257	0.0879066	0.0878633	0.0757276	0.0736354	0.0818951	0.0818082	0.0829215	0.0748639	0.0769519	0.0666511	0.0689677	0.0668837	0.0607523	0.0525266	0.054783	0.0402233	0.0382609	0.0322662	0.0301721	0.0341637	0.0402899	0.0402552	0.0362365	0.0404075	0.0403729	0.00825793	0.0160892	0	0.0341363	0.0341237	0.0403007	0.0261023	0.0387113	0.0282544	0.0341776	0.0281211	0.0281195	0.0568174	0.04834	0.0666864	0.0646856	0.0585518	0.0617947	0.0637928	0.0609399	0.0589323	0.0604284	0.0706211	0.0916018	0.0980903	0.0665865	0.0789106	0.101692	0.0869148	0.0909551	0.0868044	0.0705437	0.0726233	0.0979454	0.0746682	0.0726907	0.0851347	0.0725825	0.0725585	0.0746415	0.0745386	0.0805863	0.0706135	0.0726192	0.0807396	0.0664129	0.0704857	0.0645697	0.0644958	0.0686424	0.10871	0.0705175	0.0831715	0.0685626	0.0795119	0.085162	0.0829759	0.0747437	0.0747951	0.0864921	0.103102	0.116145	0.0905831	0.0908109	0.0926697	0.0987289	0.0864819	0.0967478	0.0926321	0.0966859	0.0925866	0.0844875	0.0824066	0.0824076	0.0824076	0.0969456	0.0929276	0.0950146	0.0927044	0.0927231	0.101005	0.0947139	0.10092	0.0868239	0.0866812	0.0910206	0.107003	0.0949704	0.0867796	0.152993	0.133856	0.127252	0.139257	0.145617	0.145502	0.14942	0.136181	0.123627	0.194945	0.170587	0.190184	0.196598
Pheucticus_melanocephalus	0.148972	0.156093	0.158131	0.185935	0.151834	0.14983	0.194601	0.207254	0.199502	0.215785	0.21494	0.192864	0.193862	0.207616	0.157009	0.15354	0.184197	0.177893	0.179938	0.173736	0.175752	0.173727	0.171727	0.171727	0.155776	0.166394	0.145391	0.166145	0.17234	0.167749	0.163717	0.161621	0.155483	0.157512	0.159558	0.157508	0.184439	0.184356	0.184964	0.177935	0.180246	0.251719	0.151359	0.153382	0.174138	0.161529	0.161504	0.161469	0.159436	0.161439	0.149321	0.151333	0.149318	0.147303	0.153545	0.158037	0.17977	0.17069	0.173282	0.167153	0.16462	0.17243	0.21073	0.175993	0.182715	0.19524	0.170967	0.189576	0.189145	0.19257	0.20188	0.189384	0.195409	0.180944	0.196164	0.18444	0.174877	0.17895	0.166467	0.149492	0.149478	0.16187	0.170231	0.171915	0.188551	0.16781	0.161655	0.169696	0.17571	0.175864	0.157614	0.155806	0.163727	0.159809	0.163923	0.165942	0.23552	0.226417	0.221015	0.195564	0.184681	0.176535	0.18631	0.183533	0.183758	0.155774	0.175113	0.162016	0.164015	0.200937	0.199108	0.174864	0.162458	0.247595	0.250533	0.187328	0.20737	0.185286	0.21413	0.185094	0.212363	0.180594	0.192412	0.201498	0.194607	0.213508	0.215825	0.229882	0.223277	0.220095	0.230262	0.215991	0.135352	0.143695	0.1542	0.141352	0.13733	0.13733	0.143371	0.141345	0.149909	0.145587	0.143584	0.183248	0.184528	0.171382	0.189353	0.20733	0.210231	0.164623	0.12116	0.110917	0.106917	0.125792	0.127589	0.119314	0.092491	0.110864	0.106881	0.104722	0.096595	0.108758	0.117002	0.11698	0.121293	0.129537	0.110807	0.100014	0.113679	0.111836	0.0990062	0.120687	0.110214	0.110743	0.103375	0.0971932	0.103977	0.0785263	0.0848015	0.0828846	0.0872236	0.0644182	0.078697	0.0727935	0.080913	0.0684704	0.0872824	0.0664122	0.0739414	0.0706537	0.0828765	0.0871875	0.0873069	0.0796913	0.085799	0.092142	0.0776739	0.0837029	0.0882676	0.0858486	0.0858053	0.0736696	0.0715773	0.079837	0.0797501	0.0808634	0.0728058	0.0748938	0.0645931	0.0669096	0.0648257	0.0586943	0.0504685	0.0527249	0.0381653	0.0362028	0.030214	0.0281199	0.0321164	0.0382426	0.0382079	0.0341892	0.0383602	0.0383256	0.030118	0.0419715	0.0341363	0	0.012053	0.0221349	0.0200451	0.0326587	0.0222018	0.0321196	0.026063	0.0260614	0.0547594	0.046282	0.0646283	0.0626276	0.0564937	0.0597366	0.0617347	0.0588819	0.0568742	0.0583704	0.068563	0.0895437	0.0960323	0.0645284	0.0768526	0.099634	0.0848567	0.088897	0.0847464	0.0684857	0.0705652	0.0958873	0.0726101	0.0706326	0.0830767	0.0705244	0.0705004	0.0725834	0.0724805	0.0785283	0.0685554	0.0705612	0.0786816	0.0643549	0.0684276	0.0625116	0.0624377	0.0665844	0.106652	0.0684595	0.0811134	0.0665045	0.0774538	0.083104	0.0809178	0.0726857	0.072737	0.084434	0.101044	0.114087	0.088525	0.0887528	0.0906116	0.0966708	0.0844238	0.0946898	0.0905741	0.0946278	0.0905285	0.0824294	0.0803486	0.0803496	0.0803496	0.0948875	0.0908695	0.0929566	0.0906464	0.090665	0.0989467	0.0926558	0.098862	0.0847658	0.0846232	0.0889625	0.104945	0.0929124	0.0847216	0.150935	0.131798	0.125194	0.137199	0.143559	0.143444	0.147362	0.134123	0.121569	0.192887	0.168529	0.188125	0.19454
Passerina_amoena	0.14896	0.15608	0.158119	0.185922	0.151821	0.149817	0.194589	0.207241	0.19949	0.215773	0.214927	0.192851	0.19385	0.207604	0.156997	0.153528	0.184184	0.177881	0.179925	0.173723	0.17574	0.173714	0.171715	0.171715	0.155764	0.166381	0.145378	0.166132	0.172327	0.167737	0.163704	0.161609	0.15547	0.1575	0.159545	0.157495	0.184426	0.184344	0.184951	0.177923	0.180233	0.251706	0.151346	0.153369	0.174126	0.161516	0.161491	0.161456	0.159423	0.161427	0.149308	0.151321	0.149306	0.14729	0.153533	0.158025	0.179757	0.170677	0.173269	0.167141	0.164607	0.172418	0.210717	0.175981	0.182703	0.195227	0.170954	0.189563	0.189133	0.192557	0.201867	0.189371	0.195397	0.180931	0.196151	0.184428	0.174864	0.178937	0.166454	0.149479	0.149465	0.161858	0.170218	0.171902	0.188538	0.167798	0.161642	0.169683	0.175698	0.175852	0.157601	0.155793	0.163714	0.159796	0.16391	0.165929	0.235507	0.226405	0.221003	0.195551	0.184669	0.176523	0.186297	0.18352	0.183745	0.155761	0.1751	0.162003	0.164002	0.200924	0.199095	0.174851	0.162445	0.247582	0.25052	0.187315	0.207358	0.185273	0.214118	0.185082	0.21235	0.180581	0.1924	0.201485	0.194594	0.213495	0.215813	0.229869	0.223264	0.220082	0.230249	0.215979	0.13534	0.143683	0.154187	0.14134	0.137317	0.137317	0.143359	0.141332	0.149897	0.145574	0.143572	0.183235	0.184515	0.17137	0.189341	0.207317	0.210218	0.164611	0.121147	0.110904	0.106905	0.125779	0.127576	0.119301	0.0924784	0.110851	0.106869	0.104709	0.0965824	0.108745	0.116989	0.116967	0.12128	0.129524	0.110794	0.100001	0.113666	0.111824	0.0989936	0.120674	0.110202	0.11073	0.103363	0.0971805	0.103964	0.0785137	0.0847889	0.0828719	0.0872109	0.0644056	0.0786844	0.0727809	0.0809003	0.0684578	0.0872697	0.0663996	0.0739288	0.0706411	0.0828638	0.0871748	0.0872942	0.0796787	0.0857864	0.0921294	0.0776612	0.0836902	0.088255	0.0858359	0.0857926	0.073657	0.0715647	0.0798244	0.0797375	0.0808508	0.0727932	0.0748812	0.0645804	0.066897	0.064813	0.0586816	0.0504559	0.0527123	0.0381526	0.0361902	0.0302014	0.0281073	0.0321038	0.03823	0.0381952	0.0341766	0.0383475	0.038313	0.0301054	0.0419589	0.0341237	0.012053	0	0.0221223	0.0200325	0.0326461	0.0221891	0.032107	0.0260504	0.0260488	0.0547468	0.0462693	0.0646157	0.062615	0.0564811	0.059724	0.0617221	0.0588693	0.0568616	0.0583578	0.0685504	0.0895311	0.0960197	0.0645158	0.07684	0.0996214	0.0848441	0.0888844	0.0847337	0.0684731	0.0705526	0.0958747	0.0725975	0.07062	0.0830641	0.0705118	0.0704878	0.0725708	0.0724679	0.0785157	0.0685428	0.0705485	0.078669	0.0643422	0.068415	0.062499	0.0624251	0.0665717	0.106639	0.0684469	0.0811008	0.0664919	0.0774412	0.0830913	0.0809052	0.072673	0.0727244	0.0844214	0.101031	0.114074	0.0885124	0.0887402	0.090599	0.0966582	0.0844112	0.0946771	0.0905614	0.0946152	0.0905159	0.0824168	0.0803359	0.0803369	0.0803369	0.0948749	0.0908569	0.092944	0.0906338	0.0906524	0.0989341	0.0926432	0.0988493	0.0847532	0.0846106	0.0889499	0.104932	0.0928997	0.0847089	0.150923	0.131786	0.125182	0.137186	0.143546	0.143431	0.147349	0.134111	0.121556	0.192875	0.168516	0.188113	0.194528
Nesospiza_acunhae	0.155137	0.162257	0.164296	0.192099	0.157998	0.155995	0.200766	0.213418	0.205667	0.22195	0.221104	0.199028	0.200027	0.213781	0.163174	0.159705	0.190361	0.184058	0.186102	0.179901	0.181917	0.179892	0.177892	0.177892	0.161941	0.172558	0.151555	0.172309	0.178504	0.173914	0.169881	0.167786	0.161647	0.163677	0.165722	0.163672	0.190603	0.190521	0.191128	0.1841	0.18641	0.257883	0.157523	0.159546	0.180303	0.167693	0.167668	0.167633	0.165601	0.167604	0.155485	0.157498	0.155483	0.153467	0.15971	0.164202	0.185934	0.176854	0.179446	0.173318	0.170784	0.178595	0.216894	0.182158	0.18888	0.201404	0.177131	0.19574	0.19531	0.198734	0.208045	0.195548	0.201574	0.187108	0.202328	0.190605	0.181041	0.185114	0.172631	0.155656	0.155642	0.168035	0.176395	0.178079	0.194715	0.173975	0.167819	0.17586	0.181875	0.182029	0.163778	0.16197	0.169891	0.165973	0.170087	0.172106	0.241684	0.232582	0.22718	0.201728	0.190846	0.1827	0.192474	0.189697	0.189922	0.161938	0.181277	0.16818	0.170179	0.207101	0.205273	0.181029	0.168622	0.253759	0.256697	0.193493	0.213535	0.19145	0.220295	0.191259	0.218528	0.186758	0.198577	0.207662	0.200771	0.219672	0.22199	0.236046	0.229442	0.226259	0.236426	0.222156	0.141517	0.14986	0.160364	0.147517	0.143494	0.143494	0.149536	0.14751	0.156074	0.151751	0.149749	0.189412	0.190692	0.177547	0.195518	0.213494	0.216395	0.170788	0.127324	0.117081	0.113082	0.131956	0.133753	0.125478	0.0986555	0.117028	0.113046	0.110886	0.102759	0.114923	0.123167	0.123144	0.127457	0.135701	0.116971	0.106178	0.119843	0.118001	0.105171	0.126851	0.116379	0.116907	0.10954	0.103358	0.110141	0.0846908	0.090966	0.089049	0.093388	0.0705827	0.0848614	0.0789579	0.0870774	0.0746348	0.0934468	0.0725767	0.0801058	0.0768181	0.0890409	0.0933519	0.0934713	0.0858558	0.0919634	0.0983064	0.0838383	0.0898673	0.094432	0.092013	0.0919697	0.079834	0.0777418	0.0860014	0.0859145	0.0870279	0.0789703	0.0810582	0.0707575	0.0730741	0.0709901	0.0648587	0.0566329	0.0588894	0.0443297	0.0423673	0.0363785	0.0342844	0.0382809	0.044407	0.0443723	0.0403536	0.0445246	0.04449	0.0362824	0.048136	0.0403007	0.0221349	0.0221223	0	0.0262095	0.0388232	0.0283662	0.038284	0.0322275	0.0322259	0.0609238	0.0524464	0.0707928	0.068792	0.0626582	0.065901	0.0678992	0.0650463	0.0630387	0.0645348	0.0747275	0.0957082	0.102197	0.0706929	0.083017	0.105798	0.0910211	0.0950614	0.0909108	0.0746501	0.0767297	0.102052	0.0787745	0.0767971	0.0892411	0.0766889	0.0766648	0.0787479	0.0786449	0.0846927	0.0747198	0.0767256	0.084846	0.0705193	0.0745921	0.0686761	0.0686021	0.0727488	0.112816	0.0746239	0.0872779	0.072669	0.0836183	0.0892684	0.0870823	0.0788501	0.0789015	0.0905985	0.107208	0.120251	0.0946894	0.0949173	0.0967761	0.102835	0.0905882	0.100854	0.0967385	0.100792	0.0966929	0.0885939	0.086513	0.086514	0.086514	0.101052	0.0970339	0.099121	0.0968108	0.0968294	0.105111	0.0988202	0.105026	0.0909303	0.0907876	0.095127	0.111109	0.0990768	0.090886	0.1571	0.137963	0.131359	0.143363	0.149723	0.149608	0.153526	0.140288	0.127733	0.199052	0.174693	0.19429	0.200705
Cardinalis_cardinalis	0.140939	0.148059	0.150097	0.177901	0.1438	0.141796	0.186567	0.19922	0.191468	0.207752	0.206906	0.18483	0.185828	0.199583	0.148976	0.145506	0.176163	0.169859	0.171904	0.165702	0.167718	0.165693	0.163694	0.163694	0.147742	0.15836	0.137357	0.158111	0.164306	0.159715	0.155683	0.153588	0.147449	0.149478	0.151524	0.149474	0.176405	0.176322	0.17693	0.169901	0.172212	0.243685	0.143325	0.145348	0.166104	0.153495	0.15347	0.153435	0.151402	0.153405	0.141287	0.1433	0.141284	0.139269	0.145511	0.150003	0.171736	0.162656	0.165248	0.159119	0.156586	0.164396	0.202696	0.167959	0.174681	0.187206	0.162933	0.181542	0.181111	0.184536	0.193846	0.18135	0.187375	0.17291	0.18813	0.176406	0.166843	0.170916	0.158433	0.141458	0.141444	0.153836	0.162197	0.163881	0.180517	0.159776	0.153621	0.161662	0.167676	0.16783	0.14958	0.147772	0.155693	0.151775	0.155889	0.157908	0.227486	0.218383	0.212981	0.18753	0.176647	0.168502	0.178276	0.175499	0.175724	0.14774	0.167079	0.153982	0.155981	0.192903	0.191074	0.16683	0.154424	0.239561	0.242499	0.179294	0.199336	0.177252	0.206096	0.17706	0.204329	0.17256	0.184378	0.193464	0.186573	0.205474	0.207791	0.221848	0.215243	0.212061	0.222228	0.207957	0.127318	0.135661	0.146166	0.133318	0.129296	0.129296	0.135337	0.133311	0.141875	0.137553	0.13555	0.175214	0.176494	0.163348	0.181319	0.199296	0.202197	0.156589	0.113126	0.102883	0.0988832	0.117758	0.119555	0.11128	0.0844571	0.10283	0.0988474	0.0966881	0.0885611	0.100724	0.108968	0.108946	0.113259	0.121503	0.102773	0.0919796	0.105645	0.103802	0.0909722	0.112653	0.10218	0.102709	0.0953413	0.0891592	0.0959427	0.0704924	0.0767676	0.0748506	0.0791896	0.0563843	0.070663	0.0647595	0.072879	0.0604364	0.0792484	0.0583783	0.0659074	0.0626197	0.0748425	0.0791535	0.0792729	0.0716574	0.077765	0.084108	0.0696399	0.0756689	0.0802336	0.0778146	0.0777713	0.0656356	0.0635434	0.071803	0.0717161	0.0728295	0.0647719	0.0668598	0.0565591	0.0588757	0.0567917	0.0506603	0.0424345	0.044691	0.0301313	0.0281689	0.0221801	0.020086	0.0240825	0.0302086	0.0301739	0.0261552	0.0303262	0.0302916	0.022084	0.0339376	0.0261023	0.0200451	0.0200325	0.0262095	0	0.0246248	0.0141678	0.0240856	0.0180291	0.0180275	0.0467254	0.038248	0.0565944	0.0545936	0.0484598	0.0517026	0.0537008	0.0508479	0.0488403	0.0503364	0.0605291	0.0815098	0.0879983	0.0564945	0.0688186	0.0916001	0.0768227	0.080863	0.0767124	0.0604517	0.0625312	0.0878533	0.0645761	0.0625987	0.0750427	0.0624905	0.0624664	0.0645495	0.0644465	0.0704943	0.0605214	0.0625272	0.0706476	0.0563209	0.0603937	0.0544777	0.0544037	0.0585504	0.098618	0.0604255	0.0730795	0.0584706	0.0694199	0.07507	0.0728839	0.0646517	0.0647031	0.0764001	0.09301	0.106053	0.080491	0.0807189	0.0825776	0.0886369	0.0763898	0.0866558	0.0825401	0.0865938	0.0824945	0.0743955	0.0723146	0.0723156	0.0723156	0.0868535	0.0828355	0.0849226	0.0826124	0.082631	0.0909127	0.0846218	0.090828	0.0767318	0.0765892	0.0809286	0.0969109	0.0848784	0.0766876	0.142901	0.123764	0.11716	0.129165	0.135525	0.13541	0.139328	0.126089	0.113535	0.184853	0.160495	0.180092	0.186506
Geospiza_fortis	0.153548	0.160668	0.162706	0.19051	0.156409	0.154405	0.199176	0.211829	0.204077	0.220361	0.219515	0.197439	0.198437	0.212192	0.161585	0.158116	0.188772	0.182468	0.184513	0.178311	0.180327	0.178302	0.176303	0.176303	0.160351	0.170969	0.149966	0.17072	0.176915	0.172324	0.168292	0.166197	0.160058	0.162087	0.164133	0.162083	0.189014	0.188931	0.189539	0.18251	0.184821	0.256294	0.155934	0.157957	0.178713	0.166104	0.166079	0.166044	0.164011	0.166014	0.153896	0.155909	0.153893	0.151878	0.15812	0.162612	0.184345	0.175265	0.177857	0.171728	0.169195	0.177005	0.215305	0.180568	0.187291	0.199815	0.175542	0.194151	0.19372	0.197145	0.206455	0.193959	0.199984	0.185519	0.200739	0.189015	0.179452	0.183525	0.171042	0.154067	0.154053	0.166445	0.174806	0.17649	0.193126	0.172385	0.16623	0.174271	0.180285	0.180439	0.162189	0.160381	0.168302	0.164384	0.168498	0.170517	0.240095	0.230992	0.22559	0.200139	0.189256	0.181111	0.190885	0.188108	0.188333	0.160349	0.179688	0.166591	0.16859	0.205512	0.203683	0.179439	0.167033	0.25217	0.255108	0.191903	0.211945	0.189861	0.218705	0.189669	0.216938	0.185169	0.196987	0.206073	0.199182	0.218083	0.2204	0.234457	0.227852	0.22467	0.234837	0.220566	0.139927	0.14827	0.158775	0.145927	0.141905	0.141905	0.147946	0.14592	0.154484	0.150162	0.148159	0.187823	0.189103	0.175957	0.193928	0.211905	0.214806	0.169198	0.125735	0.115492	0.111492	0.130367	0.132164	0.123889	0.0970661	0.115439	0.111456	0.109297	0.10117	0.113333	0.121577	0.121555	0.125868	0.134112	0.115382	0.104589	0.118254	0.116411	0.103581	0.125262	0.114789	0.115318	0.10795	0.101768	0.108552	0.0831014	0.0893766	0.0874596	0.0917986	0.0689933	0.083272	0.0773685	0.085488	0.0730455	0.0918574	0.0709873	0.0785165	0.0752288	0.0874515	0.0917625	0.0918819	0.0842664	0.0903741	0.0967171	0.0822489	0.0882779	0.0928427	0.0904236	0.0903803	0.0782447	0.0761524	0.0844121	0.0843252	0.0854385	0.0773809	0.0794689	0.0691681	0.0714847	0.0694007	0.0632693	0.0550436	0.0573	0.0427403	0.0407779	0.0347891	0.032695	0.0366915	0.0428176	0.0427829	0.0387643	0.0429352	0.0429007	0.0346931	0.0465466	0.0387113	0.0326587	0.0326461	0.0388232	0.0246248	0	0.025777	0.0366946	0.0306381	0.0306365	0.0593344	0.050857	0.0692034	0.0672026	0.0610688	0.0643117	0.0663098	0.0634569	0.0614493	0.0629454	0.0731381	0.0941188	0.100607	0.0691035	0.0814277	0.104209	0.0894318	0.0934721	0.0893214	0.0730607	0.0751403	0.100462	0.0771852	0.0752077	0.0876518	0.0750995	0.0750755	0.0771585	0.0770556	0.0831033	0.0731305	0.0751362	0.0832567	0.0689299	0.0730027	0.0670867	0.0670128	0.0711594	0.111227	0.0730345	0.0856885	0.0710796	0.0820289	0.087679	0.0854929	0.0772607	0.0773121	0.0890091	0.105619	0.118662	0.0931001	0.0933279	0.0951867	0.101246	0.0889989	0.0992648	0.0951491	0.0992029	0.0951036	0.0870045	0.0849236	0.0849246	0.0849246	0.0994626	0.0954446	0.0975317	0.0952215	0.0952401	0.103522	0.0972309	0.103437	0.0893409	0.0891982	0.0935376	0.10952	0.0974874	0.0892966	0.15551	0.136373	0.129769	0.141774	0.148134	0.148019	0.151937	0.138698	0.126144	0.197462	0.173104	0.192701	0.199115
Sporophila_hypoxantha	0.143091	0.150211	0.152249	0.180053	0.145952	0.143948	0.188719	0.201372	0.19362	0.209904	0.209058	0.186982	0.187981	0.201735	0.151128	0.147659	0.178315	0.172011	0.174056	0.167854	0.16987	0.167845	0.165846	0.165846	0.149894	0.160512	0.139509	0.160263	0.166458	0.161868	0.157835	0.15574	0.149601	0.15163	0.153676	0.151626	0.178557	0.178475	0.179082	0.172053	0.174364	0.245837	0.145477	0.1475	0.168256	0.155647	0.155622	0.155587	0.153554	0.155557	0.143439	0.145452	0.143436	0.141421	0.147663	0.152155	0.173888	0.164808	0.1674	0.161271	0.158738	0.166548	0.204848	0.170111	0.176834	0.189358	0.165085	0.183694	0.183263	0.186688	0.195998	0.183502	0.189528	0.175062	0.190282	0.178558	0.168995	0.173068	0.160585	0.14361	0.143596	0.155988	0.164349	0.166033	0.182669	0.161928	0.155773	0.163814	0.169828	0.169983	0.151732	0.149924	0.157845	0.153927	0.158041	0.16006	0.229638	0.220535	0.215133	0.189682	0.178799	0.170654	0.180428	0.177651	0.177876	0.149892	0.169231	0.156134	0.158133	0.195055	0.193226	0.168982	0.156576	0.241713	0.244651	0.181446	0.201488	0.179404	0.208249	0.179212	0.206481	0.174712	0.18653	0.195616	0.188725	0.207626	0.209943	0.224	0.217395	0.214213	0.22438	0.210109	0.12947	0.137814	0.148318	0.13547	0.131448	0.131448	0.137489	0.135463	0.144027	0.139705	0.137702	0.177366	0.178646	0.1655	0.183471	0.201448	0.204349	0.158741	0.115278	0.105035	0.101035	0.11991	0.121707	0.113432	0.0866092	0.104982	0.100999	0.0988401	0.0907131	0.102876	0.11112	0.111098	0.115411	0.123655	0.104925	0.0941317	0.107797	0.105954	0.0931243	0.114805	0.104332	0.104861	0.0974934	0.0913113	0.0980947	0.0726444	0.0789196	0.0770027	0.0813417	0.0585364	0.0728151	0.0669116	0.0750311	0.0625885	0.0814005	0.0605303	0.0680595	0.0647718	0.0769946	0.0813056	0.081425	0.0738095	0.0799171	0.0862601	0.071792	0.077821	0.0823857	0.0799667	0.0799234	0.0677877	0.0656954	0.0739551	0.0738682	0.0749815	0.066924	0.0690119	0.0587112	0.0610277	0.0589438	0.0528124	0.0445866	0.0468431	0.0322834	0.0303209	0.0243321	0.0222381	0.0262345	0.0323607	0.032326	0.0283073	0.0324783	0.0324437	0.0242361	0.0360897	0.0282544	0.0222018	0.0221891	0.0283662	0.0141678	0.025777	0	0.0262377	0.0201812	0.0201796	0.0488775	0.0404001	0.0587464	0.0567457	0.0506118	0.0538547	0.0558528	0.053	0.0509923	0.0524885	0.0626811	0.0836618	0.0901504	0.0586465	0.0709707	0.0937521	0.0789748	0.0830151	0.0788645	0.0626038	0.0646833	0.0900054	0.0667282	0.0647507	0.0771948	0.0646425	0.0646185	0.0667015	0.0665986	0.0726464	0.0626735	0.0646793	0.0727997	0.058473	0.0625458	0.0566297	0.0565558	0.0607025	0.10077	0.0625776	0.0752315	0.0606226	0.0715719	0.0772221	0.0750359	0.0668038	0.0668551	0.0785521	0.0951621	0.108205	0.0826431	0.0828709	0.0847297	0.0907889	0.0785419	0.0888079	0.0846922	0.0887459	0.0846466	0.0765476	0.0744667	0.0744677	0.0744677	0.0890056	0.0849876	0.0870747	0.0847645	0.0847831	0.0930648	0.0867739	0.0929801	0.0788839	0.0787413	0.0830806	0.099063	0.0870305	0.0788397	0.145053	0.125916	0.119312	0.131317	0.137677	0.137562	0.14148	0.128241	0.115687	0.187005	0.162647	0.182244	0.188658
Serinus_canaria	0.141	0.14812	0.150159	0.177962	0.143861	0.141858	0.186629	0.199281	0.19153	0.207813	0.206967	0.184891	0.18589	0.199644	0.149037	0.145568	0.176224	0.169921	0.171965	0.165764	0.16778	0.165755	0.163755	0.163755	0.147804	0.158421	0.137418	0.158173	0.164367	0.159777	0.155745	0.153649	0.14751	0.14954	0.151585	0.149535	0.176466	0.176384	0.176991	0.169963	0.172273	0.243746	0.143386	0.145409	0.166166	0.153557	0.153531	0.153497	0.151464	0.153467	0.141348	0.143361	0.141346	0.13933	0.145573	0.150065	0.171797	0.162717	0.165309	0.159181	0.156647	0.164458	0.202758	0.168021	0.174743	0.187267	0.162995	0.181603	0.181173	0.184598	0.193908	0.181411	0.187437	0.172971	0.188191	0.176468	0.166904	0.170978	0.158494	0.141519	0.141505	0.153898	0.162258	0.163942	0.180578	0.159838	0.153682	0.161723	0.167738	0.167892	0.149642	0.147833	0.155754	0.151836	0.15595	0.157969	0.227547	0.218445	0.213043	0.187591	0.176709	0.168563	0.178337	0.17556	0.175785	0.147802	0.16714	0.154043	0.156042	0.192964	0.191136	0.166892	0.154485	0.239623	0.24256	0.179356	0.199398	0.177313	0.206158	0.177122	0.204391	0.172621	0.18444	0.193525	0.186634	0.205535	0.207853	0.221909	0.215305	0.212122	0.222289	0.208019	0.12738	0.135723	0.146227	0.13338	0.129357	0.129357	0.135399	0.133373	0.141937	0.137614	0.135612	0.175275	0.176555	0.16341	0.181381	0.199357	0.202258	0.156651	0.113188	0.102944	0.0989447	0.117819	0.119616	0.111341	0.0845186	0.102891	0.0989089	0.0967495	0.0886225	0.100786	0.10903	0.109007	0.11332	0.121564	0.102834	0.0920411	0.105707	0.103864	0.0910337	0.112714	0.102242	0.10277	0.0954028	0.0892207	0.0960042	0.0705538	0.076829	0.0749121	0.0792511	0.0564458	0.0707245	0.064821	0.0729405	0.0604979	0.0793099	0.0584397	0.0659689	0.0626812	0.074904	0.079215	0.0793344	0.0717189	0.0778265	0.0841695	0.0697014	0.0757304	0.0802951	0.0778761	0.0778328	0.0656971	0.0636048	0.0718645	0.0717776	0.072891	0.0648334	0.0669213	0.0566206	0.0589371	0.0568532	0.0507218	0.042496	0.0447525	0.0301969	0.0282345	0.0302554	0.0281613	0.0321578	0.0382839	0.0382492	0.0342306	0.0384015	0.038367	0.0301593	0.0420129	0.0341776	0.0321196	0.032107	0.038284	0.0240856	0.0366946	0.0262377	0	0.0140884	0.0140868	0.0467869	0.0383095	0.0566558	0.0546551	0.0485212	0.0517641	0.0537622	0.0509094	0.0489018	0.0503979	0.0605906	0.0815713	0.0880598	0.056556	0.0688801	0.0916615	0.0768842	0.0809245	0.0767739	0.0605132	0.0625927	0.0879148	0.0646376	0.0626602	0.0751042	0.0625519	0.0625279	0.0646109	0.064508	0.0705558	0.0605829	0.0625887	0.0707091	0.0563824	0.0604552	0.0545392	0.0544652	0.0586119	0.0986795	0.060487	0.073141	0.0585321	0.0694813	0.0751315	0.0729454	0.0647132	0.0647646	0.0764615	0.0930715	0.106114	0.0805525	0.0807803	0.0826391	0.0886983	0.0764513	0.0867173	0.0826016	0.0866553	0.082556	0.074457	0.0723761	0.0723771	0.0723771	0.086915	0.082897	0.0849841	0.0826739	0.0826925	0.0909742	0.0846833	0.0908895	0.0767933	0.0766507	0.08099	0.0969724	0.0849399	0.0767491	0.142963	0.123826	0.117222	0.129226	0.135587	0.135471	0.139389	0.126151	0.113597	0.184915	0.160556	0.180153	0.186568
Loxia_curvirostra	0.134943	0.142064	0.144102	0.171906	0.137805	0.135801	0.180572	0.193225	0.185473	0.201756	0.200911	0.178835	0.179833	0.193587	0.14298	0.139511	0.170168	0.163864	0.165909	0.159707	0.161723	0.159698	0.157698	0.157698	0.141747	0.152365	0.131362	0.152116	0.158311	0.15372	0.149688	0.147592	0.141454	0.143483	0.145529	0.143479	0.17041	0.170327	0.170935	0.163906	0.166217	0.23769	0.13733	0.139353	0.160109	0.1475	0.147475	0.14744	0.145407	0.14741	0.135292	0.137304	0.135289	0.133274	0.139516	0.144008	0.165741	0.156661	0.159253	0.153124	0.150591	0.158401	0.196701	0.161964	0.168686	0.181211	0.156938	0.175547	0.175116	0.178541	0.187851	0.175355	0.18138	0.166915	0.182135	0.170411	0.160848	0.164921	0.152438	0.135463	0.135449	0.147841	0.156202	0.157886	0.174522	0.153781	0.147626	0.155667	0.161681	0.161835	0.143585	0.141777	0.149698	0.14578	0.149894	0.151913	0.221491	0.212388	0.206986	0.181535	0.170652	0.162506	0.172281	0.169504	0.169729	0.141745	0.161084	0.147987	0.149986	0.186908	0.185079	0.160835	0.148429	0.233566	0.236504	0.173299	0.193341	0.171257	0.200101	0.171065	0.198334	0.166564	0.178383	0.187469	0.180578	0.199479	0.201796	0.215853	0.209248	0.206066	0.216233	0.201962	0.121323	0.129666	0.140171	0.127323	0.123301	0.123301	0.129342	0.127316	0.13588	0.131558	0.129555	0.169219	0.170499	0.157353	0.175324	0.193301	0.196202	0.150594	0.107131	0.0968875	0.0928882	0.111763	0.11356	0.105285	0.078462	0.0968349	0.0928524	0.090693	0.082566	0.0947291	0.102973	0.102951	0.107264	0.115508	0.0967779	0.0859846	0.09965	0.0978073	0.0849772	0.106658	0.0961854	0.0967136	0.0893463	0.0831642	0.0899476	0.0644973	0.0707725	0.0688556	0.0731946	0.0503892	0.064668	0.0587645	0.066884	0.0544414	0.0732534	0.0523832	0.0599124	0.0566247	0.0688475	0.0731584	0.0732779	0.0656623	0.07177	0.078113	0.0636449	0.0696739	0.0742386	0.0718195	0.0717763	0.0596406	0.0575483	0.065808	0.0657211	0.0668344	0.0587768	0.0608648	0.050564	0.0528806	0.0507966	0.0446652	0.0364395	0.0386959	0.0241404	0.0221779	0.0241988	0.0221048	0.0261013	0.0322274	0.0321927	0.028174	0.032345	0.0323104	0.0241028	0.0359564	0.0281211	0.026063	0.0260504	0.0322275	0.0180291	0.0306381	0.0201812	0.0140884	0	0.00400337	0.0407304	0.0322529	0.0505993	0.0485986	0.0424647	0.0457076	0.0477057	0.0448529	0.0428452	0.0443414	0.054534	0.0755147	0.0820033	0.0504994	0.0628236	0.085605	0.0708277	0.074868	0.0707174	0.0544567	0.0565362	0.0818583	0.0585811	0.0566036	0.0690477	0.0564954	0.0564714	0.0585544	0.0584515	0.0644993	0.0545264	0.0565322	0.0646526	0.0503258	0.0543986	0.0484826	0.0484087	0.0525554	0.0926229	0.0544305	0.0670844	0.0524755	0.0634248	0.069075	0.0668888	0.0586566	0.058708	0.070405	0.0870149	0.100057	0.074496	0.0747238	0.0765826	0.0826418	0.0703948	0.0806608	0.076545	0.0805988	0.0764995	0.0684004	0.0663196	0.0663205	0.0663205	0.0808585	0.0768405	0.0789276	0.0766174	0.076636	0.0849177	0.0786268	0.084833	0.0707368	0.0705942	0.0749335	0.0909159	0.0788834	0.0706925	0.136906	0.117769	0.111165	0.12317	0.12953	0.129415	0.133333	0.120094	0.10754	0.178858	0.1545	0.174096	0.180511
Loxia_leucoptera	0.134942	0.142062	0.144101	0.171904	0.137803	0.135799	0.180571	0.193223	0.185472	0.201755	0.200909	0.178833	0.179832	0.193586	0.142979	0.13951	0.170166	0.163863	0.165907	0.159705	0.161722	0.159696	0.157697	0.157697	0.141746	0.152363	0.13136	0.152114	0.158309	0.153719	0.149686	0.147591	0.141452	0.143482	0.145527	0.143477	0.170408	0.170326	0.170933	0.163905	0.166215	0.237688	0.137328	0.139351	0.160108	0.147498	0.147473	0.147438	0.145406	0.147409	0.13529	0.137303	0.135288	0.133272	0.139515	0.144007	0.165739	0.156659	0.159251	0.153123	0.150589	0.1584	0.196699	0.161963	0.168685	0.181209	0.156936	0.175545	0.175115	0.178539	0.187849	0.175353	0.181379	0.166913	0.182133	0.17041	0.160846	0.164919	0.152436	0.135461	0.135447	0.14784	0.1562	0.157884	0.17452	0.15378	0.147624	0.155665	0.16168	0.161834	0.143583	0.141775	0.149696	0.145778	0.149892	0.151911	0.221489	0.212387	0.206985	0.181533	0.170651	0.162505	0.172279	0.169502	0.169727	0.141743	0.161082	0.147985	0.149984	0.186906	0.185077	0.160833	0.148427	0.233564	0.236502	0.173297	0.19334	0.171255	0.2001	0.171064	0.198332	0.166563	0.178382	0.187467	0.180576	0.199477	0.201795	0.215851	0.209246	0.206064	0.216231	0.201961	0.121322	0.129665	0.140169	0.127322	0.123299	0.123299	0.129341	0.127314	0.135879	0.131556	0.129554	0.169217	0.170497	0.157352	0.175323	0.193299	0.1962	0.150593	0.107129	0.0968859	0.0928866	0.111761	0.113558	0.105283	0.0784604	0.0968333	0.0928508	0.0906914	0.0825644	0.0947275	0.102971	0.102949	0.107262	0.115506	0.0967763	0.085983	0.0996484	0.0978057	0.0849756	0.106656	0.0961838	0.096712	0.0893447	0.0831626	0.089946	0.0644957	0.0707709	0.068854	0.073193	0.0503876	0.0646664	0.0587629	0.0668824	0.0544398	0.0732518	0.0523816	0.0599108	0.0566231	0.0688459	0.0731568	0.0732763	0.0656607	0.0717684	0.0781114	0.0636433	0.0696723	0.074237	0.0718179	0.0717747	0.059639	0.0575467	0.0658064	0.0657195	0.0668328	0.0587752	0.0608632	0.0505624	0.052879	0.050795	0.0446636	0.0364379	0.0386943	0.0241388	0.0221763	0.0241972	0.0221032	0.0260997	0.0322258	0.0321911	0.0281724	0.0323434	0.0323088	0.0241012	0.0359548	0.0281195	0.0260614	0.0260488	0.0322259	0.0180275	0.0306365	0.0201796	0.0140868	0.00400337	0	0.0407288	0.0322513	0.0505977	0.048597	0.0424631	0.045706	0.0477041	0.0448513	0.0428436	0.0443398	0.0545324	0.0755131	0.0820017	0.0504978	0.062822	0.0856034	0.0708261	0.0748664	0.0707158	0.0544551	0.0565346	0.0818567	0.0585795	0.056602	0.0690461	0.0564938	0.0564698	0.0585528	0.0584499	0.0644977	0.0545248	0.0565306	0.064651	0.0503242	0.054397	0.048481	0.0484071	0.0525538	0.0926213	0.0544289	0.0670828	0.0524739	0.0634232	0.0690734	0.0668872	0.058655	0.0587064	0.0704034	0.0870133	0.100056	0.0744944	0.0747222	0.076581	0.0826402	0.0703932	0.0806592	0.0765434	0.0805972	0.0764979	0.0683988	0.0663179	0.0663189	0.0663189	0.0808569	0.0768389	0.078926	0.0766158	0.0766344	0.0849161	0.0786252	0.0848314	0.0707352	0.0705926	0.0749319	0.0909143	0.0788818	0.0706909	0.136905	0.117768	0.111164	0.123168	0.129528	0.129413	0.133331	0.120093	0.107538	0.178857	0.154498	0.174095	0.18051
Rhodinocichla_rosea	0.159559	0.166679	0.168717	0.196521	0.16242	0.160416	0.205187	0.21784	0.210088	0.226372	0.225526	0.20345	0.204449	0.218203	0.167596	0.164127	0.194783	0.188479	0.190524	0.184322	0.186338	0.184313	0.182314	0.182314	0.166362	0.17698	0.155977	0.176731	0.182926	0.178336	0.174303	0.172208	0.166069	0.168098	0.170144	0.168094	0.195025	0.194942	0.19555	0.188521	0.190832	0.262305	0.161945	0.163968	0.184724	0.172115	0.17209	0.172055	0.170022	0.172025	0.159907	0.16192	0.159904	0.157889	0.164131	0.168623	0.190356	0.181276	0.183868	0.177739	0.175206	0.183016	0.221316	0.186579	0.193302	0.205826	0.181553	0.200162	0.199731	0.203156	0.212466	0.19997	0.205996	0.19153	0.20675	0.195026	0.185463	0.189536	0.177053	0.160078	0.160064	0.172456	0.180817	0.182501	0.199137	0.178396	0.172241	0.180282	0.186296	0.18645	0.1682	0.166392	0.174313	0.170395	0.174509	0.176528	0.246106	0.237003	0.231601	0.20615	0.195267	0.187122	0.196896	0.194119	0.194344	0.16636	0.185699	0.172602	0.174601	0.211523	0.209694	0.18545	0.173044	0.258181	0.261119	0.197914	0.217956	0.195872	0.224717	0.19568	0.222949	0.19118	0.202998	0.212084	0.205193	0.224094	0.226411	0.240468	0.233863	0.230681	0.240848	0.226577	0.145938	0.154282	0.164786	0.151938	0.147916	0.147916	0.153957	0.151931	0.160495	0.156173	0.15417	0.193834	0.195114	0.181968	0.199939	0.217916	0.220817	0.175209	0.131746	0.121503	0.117503	0.136378	0.138175	0.1299	0.103077	0.12145	0.117467	0.115308	0.107181	0.119344	0.127588	0.127566	0.131879	0.140123	0.121393	0.1106	0.124265	0.122422	0.109592	0.131273	0.1208	0.121329	0.113961	0.107779	0.114563	0.0891124	0.0953876	0.0934707	0.0978097	0.0750043	0.0892831	0.0833796	0.0914991	0.0790565	0.0978685	0.0769983	0.0845275	0.0812398	0.0934625	0.0977735	0.097893	0.0902774	0.0963851	0.102728	0.0882599	0.094289	0.0988537	0.0964346	0.0963914	0.0842557	0.0821634	0.0904231	0.0903362	0.0914495	0.0833919	0.0854799	0.0751791	0.0774957	0.0754117	0.0692803	0.0610546	0.063311	0.0528367	0.0508743	0.0528952	0.0508011	0.0547976	0.0609237	0.060889	0.0568704	0.0610413	0.0610068	0.0527991	0.0646527	0.0568174	0.0547594	0.0547468	0.0609238	0.0467254	0.0593344	0.0488775	0.0467869	0.0407304	0.0407288	0	0.056868	0.0752144	0.0732137	0.0670798	0.0703227	0.0723208	0.069468	0.0674603	0.0689565	0.0791491	0.10013	0.106618	0.0751145	0.0874387	0.11022	0.0954428	0.0994831	0.0953325	0.0790718	0.0811513	0.106473	0.0831962	0.0812187	0.0936628	0.0811105	0.0810865	0.0831695	0.0830666	0.0891144	0.0791415	0.0811473	0.0892677	0.0749409	0.0790137	0.0730977	0.0730238	0.0771705	0.117238	0.0790456	0.0916995	0.0770906	0.0880399	0.0936901	0.0915039	0.0832717	0.0833231	0.0950201	0.11163	0.124673	0.0991111	0.0993389	0.101198	0.107257	0.0950099	0.105276	0.10116	0.105214	0.101115	0.0930155	0.0909346	0.0909356	0.0909356	0.105474	0.101456	0.103543	0.101232	0.101251	0.109533	0.103242	0.109448	0.0953519	0.0952093	0.0995486	0.115531	0.103498	0.0953076	0.161521	0.142384	0.13578	0.147785	0.154145	0.15403	0.157948	0.144709	0.132155	0.203473	0.179115	0.198712	0.205126
Ploceus_nigricollis	0.122783	0.129903	0.131942	0.159745	0.125644	0.12364	0.168412	0.181064	0.173313	0.189596	0.18875	0.166674	0.167673	0.181427	0.13082	0.127351	0.158007	0.151704	0.153748	0.147547	0.149563	0.147538	0.145538	0.145538	0.129587	0.140204	0.119201	0.139955	0.14615	0.14156	0.137527	0.135432	0.129293	0.131323	0.133368	0.131318	0.158249	0.158167	0.158774	0.151746	0.154056	0.225529	0.125169	0.127192	0.147949	0.135339	0.135314	0.135279	0.133247	0.13525	0.123131	0.125144	0.123129	0.121113	0.127356	0.131848	0.15358	0.1445	0.147092	0.140964	0.13843	0.146241	0.18454	0.149804	0.156526	0.16905	0.144777	0.163386	0.162956	0.16638	0.175691	0.163194	0.16922	0.154754	0.169974	0.158251	0.148687	0.15276	0.140277	0.123302	0.123288	0.135681	0.144041	0.145725	0.162361	0.141621	0.135465	0.143506	0.149521	0.149675	0.131424	0.129616	0.137537	0.133619	0.137733	0.139752	0.20933	0.200228	0.194826	0.169374	0.158492	0.150346	0.16012	0.157343	0.157568	0.129584	0.148923	0.135826	0.137825	0.174747	0.172918	0.148674	0.136268	0.221405	0.224343	0.161138	0.181181	0.159096	0.187941	0.158905	0.186174	0.154404	0.166223	0.175308	0.168417	0.187318	0.189636	0.203692	0.197088	0.193905	0.204072	0.189802	0.109163	0.117506	0.12801	0.115163	0.11114	0.11114	0.117182	0.115156	0.12372	0.119397	0.117395	0.157058	0.158338	0.145193	0.163164	0.18114	0.184041	0.138434	0.0949704	0.0847269	0.0807276	0.0996023	0.101399	0.0931242	0.0663015	0.0846744	0.0806918	0.0785324	0.0704054	0.0825685	0.0908125	0.09079	0.0951032	0.103347	0.0846174	0.073824	0.0874894	0.0856467	0.0728166	0.0944973	0.0840248	0.084553	0.0771857	0.0710036	0.0777871	0.0523367	0.0586119	0.056695	0.061034	0.0382287	0.0525074	0.0466039	0.0547234	0.0422808	0.0610928	0.0402226	0.0477518	0.0444641	0.0566869	0.0609979	0.0611173	0.0535018	0.0596094	0.0659524	0.0514843	0.0575133	0.062078	0.059659	0.0596157	0.04748	0.0453877	0.0536474	0.0535605	0.0546739	0.0466163	0.0487042	0.0384035	0.04072	0.0425747	0.0364487	0.0282229	0.0507202	0.0443593	0.0423968	0.0444177	0.0423237	0.0463202	0.0524463	0.0524116	0.0483929	0.0525639	0.0525293	0.0443217	0.0561753	0.04834	0.046282	0.0462693	0.0524464	0.038248	0.050857	0.0404001	0.0383095	0.0322529	0.0322513	0.056868	0	0.0384334	0.0364327	0.0303041	0.033547	0.0355451	0.0326923	0.0306847	0.0321808	0.0423735	0.0633542	0.0698427	0.0383389	0.050663	0.0734444	0.0586671	0.0627074	0.0585568	0.0422961	0.0443756	0.0696977	0.0464205	0.0444431	0.0568871	0.0443348	0.0443108	0.0463938	0.0462909	0.0523387	0.0423658	0.0443716	0.052492	0.0381653	0.0422381	0.0363221	0.0362481	0.0403948	0.0804624	0.0422699	0.0549239	0.040315	0.0512642	0.0569144	0.0547283	0.0464961	0.0465475	0.0582445	0.0748544	0.0878969	0.0623354	0.0625632	0.064422	0.0704812	0.0582342	0.0685002	0.0643845	0.0684382	0.0643389	0.0562399	0.054159	0.05416	0.05416	0.0686979	0.0646799	0.066767	0.0644568	0.0644754	0.0727571	0.0664662	0.0726724	0.0585762	0.0584336	0.0627729	0.0787553	0.0667228	0.058532	0.124746	0.105609	0.0990046	0.111009	0.117369	0.117254	0.121172	0.107934	0.0953794	0.166698	0.142339	0.161936	0.168351
Prunella_fulvescens	0.141129	0.148249	0.150288	0.178092	0.143991	0.141987	0.186758	0.199411	0.191659	0.207942	0.207096	0.185021	0.186019	0.199773	0.149166	0.145697	0.176354	0.17005	0.172094	0.165893	0.167909	0.165884	0.163884	0.163884	0.147933	0.158551	0.137547	0.158302	0.164497	0.159906	0.155874	0.153778	0.147639	0.149669	0.151714	0.149664	0.176595	0.176513	0.177121	0.170092	0.172403	0.243875	0.143516	0.145538	0.166295	0.153686	0.153661	0.153626	0.151593	0.153596	0.141478	0.14349	0.141475	0.13946	0.145702	0.150194	0.171926	0.162847	0.165438	0.15931	0.156777	0.164587	0.202887	0.16815	0.174872	0.187397	0.163124	0.181733	0.181302	0.184727	0.194037	0.181541	0.187566	0.1731	0.188321	0.176597	0.167034	0.171107	0.158624	0.141649	0.141635	0.154027	0.162388	0.164072	0.180707	0.159967	0.153812	0.161852	0.167867	0.168021	0.149771	0.147963	0.155883	0.151966	0.156079	0.158098	0.227676	0.218574	0.213172	0.18772	0.176838	0.168692	0.178467	0.175689	0.175915	0.147931	0.16727	0.154172	0.156171	0.193094	0.191265	0.167021	0.154615	0.239752	0.24269	0.179485	0.199527	0.177443	0.206287	0.177251	0.20452	0.17275	0.184569	0.193655	0.186763	0.205665	0.207982	0.222039	0.215434	0.212252	0.222419	0.208148	0.127509	0.135852	0.146356	0.133509	0.129486	0.129486	0.135528	0.133502	0.142066	0.137743	0.135741	0.175404	0.176685	0.163539	0.18151	0.199487	0.202388	0.15678	0.113317	0.103073	0.099074	0.117949	0.119746	0.111471	0.0846478	0.103021	0.0990381	0.0968788	0.0887518	0.100915	0.109159	0.109136	0.11345	0.121693	0.102964	0.0921704	0.105836	0.103993	0.091163	0.112844	0.102371	0.102899	0.0955321	0.08935	0.0961334	0.0706831	0.0769583	0.0750413	0.0793804	0.056575	0.0708538	0.0649503	0.0730698	0.0606272	0.0794391	0.058569	0.0660982	0.0628105	0.0750332	0.0793442	0.0794636	0.0718481	0.0779558	0.0842988	0.0698306	0.0758596	0.0804244	0.0780053	0.077962	0.0658264	0.0637341	0.0719938	0.0719069	0.0730202	0.0649626	0.0670506	0.0567498	0.0590664	0.0609211	0.054795	0.0465693	0.0690666	0.0627056	0.0607432	0.0627641	0.06067	0.0646665	0.0707927	0.070758	0.0667393	0.0709102	0.0708757	0.0626681	0.0745216	0.0666864	0.0646283	0.0646157	0.0707928	0.0565944	0.0692034	0.0587464	0.0566558	0.0505993	0.0505977	0.0752144	0.0384334	0	0.0181604	0.0486505	0.0518934	0.0538915	0.0510387	0.049031	0.0505272	0.0607198	0.0817005	0.0881891	0.0566852	0.0690094	0.0917908	0.0770135	0.0810538	0.0769032	0.0606425	0.062722	0.0880441	0.0647669	0.0627894	0.0752335	0.0626812	0.0626572	0.0647402	0.0646373	0.0706851	0.0607122	0.0627179	0.0708384	0.0565116	0.0605844	0.0546684	0.0545945	0.0587412	0.0988087	0.0606163	0.0732702	0.0586613	0.0696106	0.0752607	0.0730746	0.0648424	0.0648938	0.0765908	0.0932007	0.106243	0.0806818	0.0809096	0.0827684	0.0888276	0.0765806	0.0868465	0.0827308	0.0867846	0.0826853	0.0745862	0.0725053	0.0725063	0.0725063	0.0870443	0.0830263	0.0851134	0.0828032	0.0828218	0.0911035	0.0848126	0.0910187	0.0769226	0.07678	0.0811193	0.0971017	0.0850691	0.0768783	0.143092	0.123955	0.117351	0.129355	0.135716	0.1356	0.139518	0.12628	0.113726	0.185044	0.160685	0.180282	0.186697
Prunella_himalayana	0.139129	0.146249	0.148287	0.176091	0.14199	0.139986	0.184757	0.19741	0.189658	0.205942	0.205096	0.18302	0.184018	0.197773	0.147166	0.143696	0.174353	0.168049	0.170094	0.163892	0.165908	0.163883	0.161884	0.161884	0.145932	0.15655	0.135547	0.156301	0.162496	0.157905	0.153873	0.151778	0.145639	0.147668	0.149714	0.147664	0.174595	0.174512	0.17512	0.168091	0.170402	0.241875	0.141515	0.143538	0.164294	0.151685	0.15166	0.151625	0.149592	0.151595	0.139477	0.14149	0.139474	0.137459	0.143701	0.148193	0.169926	0.160846	0.163438	0.157309	0.154776	0.162586	0.200886	0.166149	0.172871	0.185396	0.161123	0.179732	0.179301	0.182726	0.192036	0.17954	0.185565	0.1711	0.18632	0.174596	0.165033	0.169106	0.156623	0.139648	0.139634	0.152026	0.160387	0.162071	0.178707	0.157966	0.151811	0.159852	0.165866	0.16602	0.14777	0.145962	0.153883	0.149965	0.154079	0.156098	0.225676	0.216573	0.211171	0.18572	0.174837	0.166692	0.176466	0.173689	0.173914	0.14593	0.165269	0.152172	0.154171	0.191093	0.189264	0.16502	0.152614	0.237751	0.240689	0.177484	0.197526	0.175442	0.204286	0.17525	0.202519	0.17075	0.182568	0.191654	0.184763	0.203664	0.205981	0.220038	0.213433	0.210251	0.220418	0.206147	0.125508	0.133851	0.144356	0.131508	0.127486	0.127486	0.133527	0.131501	0.140065	0.135743	0.13374	0.173404	0.174684	0.161538	0.179509	0.197486	0.200387	0.154779	0.111316	0.101073	0.0970732	0.115948	0.117745	0.10947	0.0826471	0.10102	0.0970374	0.0948781	0.0867511	0.0989141	0.107158	0.107136	0.111449	0.119693	0.100963	0.0901696	0.103835	0.101992	0.0891622	0.110843	0.10037	0.100899	0.0935313	0.0873492	0.0941327	0.0686824	0.0749576	0.0730406	0.0773796	0.0545743	0.068853	0.0629495	0.071069	0.0586264	0.0774384	0.0565683	0.0640974	0.0608098	0.0730325	0.0773435	0.0774629	0.0698474	0.075955	0.082298	0.0678299	0.0738589	0.0784236	0.0760046	0.0759613	0.0638256	0.0617334	0.069993	0.0699061	0.0710195	0.0629619	0.0650498	0.0547491	0.0570657	0.0589203	0.0527943	0.0445685	0.0670658	0.0607049	0.0587425	0.0607634	0.0586693	0.0626658	0.0687919	0.0687572	0.0647386	0.0689095	0.068875	0.0606673	0.0725209	0.0646856	0.0626276	0.062615	0.068792	0.0545936	0.0672026	0.0567457	0.0546551	0.0485986	0.048597	0.0732137	0.0364327	0.0181604	0	0.0466498	0.0498927	0.0518908	0.0490379	0.0470303	0.0485264	0.0587191	0.0796998	0.0861883	0.0546845	0.0670086	0.0897901	0.0750127	0.079053	0.0749024	0.0586417	0.0607213	0.0860434	0.0627661	0.0607887	0.0732327	0.0606805	0.0606564	0.0627395	0.0626366	0.0686843	0.0587114	0.0607172	0.0688376	0.0545109	0.0585837	0.0526677	0.0525937	0.0567404	0.096808	0.0586155	0.0712695	0.0566606	0.0676099	0.07326	0.0710739	0.0628417	0.0628931	0.0745901	0.0912	0.104243	0.078681	0.0789089	0.0807677	0.0868269	0.0745798	0.0848458	0.0807301	0.0847839	0.0806845	0.0725855	0.0705046	0.0705056	0.0705056	0.0850435	0.0810256	0.0831126	0.0808024	0.080821	0.0891028	0.0828118	0.089018	0.0749219	0.0747792	0.0791186	0.0951009	0.0830684	0.0748776	0.141091	0.121954	0.11535	0.127355	0.133715	0.1336	0.137518	0.124279	0.111725	0.183043	0.158685	0.178282	0.184696
Urocynchramus_pylzowi	0.132989	0.140109	0.142148	0.169951	0.13585	0.133846	0.178618	0.19127	0.183519	0.199802	0.198956	0.17688	0.177879	0.191633	0.141026	0.137557	0.168213	0.16191	0.163954	0.157752	0.159769	0.157743	0.155744	0.155744	0.139793	0.15041	0.129407	0.150161	0.156356	0.151766	0.147733	0.145638	0.139499	0.141529	0.143574	0.141524	0.168455	0.168373	0.16898	0.161952	0.164262	0.235735	0.135375	0.137398	0.158155	0.145545	0.14552	0.145485	0.143452	0.145455	0.133337	0.13535	0.133335	0.131319	0.137562	0.142054	0.163786	0.154706	0.157298	0.15117	0.148636	0.156446	0.194746	0.16001	0.166732	0.179256	0.154983	0.173592	0.173162	0.176586	0.185896	0.1734	0.179426	0.16496	0.18018	0.168457	0.158893	0.162966	0.150483	0.133508	0.133494	0.145887	0.154247	0.155931	0.172567	0.151827	0.145671	0.153712	0.159727	0.159881	0.14163	0.139822	0.147743	0.143825	0.147939	0.149958	0.219536	0.210434	0.205032	0.17958	0.168698	0.160552	0.170326	0.167549	0.167774	0.13979	0.159129	0.146032	0.148031	0.184953	0.183124	0.15888	0.146474	0.231611	0.234549	0.171344	0.191387	0.169302	0.198147	0.169111	0.196379	0.16461	0.176429	0.185514	0.178623	0.197524	0.199842	0.213898	0.207293	0.204111	0.214278	0.200008	0.119369	0.127712	0.138216	0.125368	0.121346	0.121346	0.127388	0.125361	0.133926	0.129603	0.127601	0.167264	0.168544	0.155399	0.17337	0.191346	0.194247	0.148639	0.105176	0.0949329	0.0909335	0.109808	0.111605	0.10333	0.0765074	0.0948803	0.0908977	0.0887384	0.0806114	0.0927744	0.101018	0.100996	0.105309	0.113553	0.0948233	0.0840299	0.0976953	0.0958526	0.0830225	0.104703	0.0942307	0.0947589	0.0873916	0.0812095	0.087993	0.0625427	0.0688179	0.0669009	0.0712399	0.0484346	0.0627133	0.0568098	0.0649293	0.0524867	0.0712987	0.0504286	0.0579577	0.05467	0.0668928	0.0712038	0.0713232	0.0637077	0.0698153	0.0761583	0.0616902	0.0677192	0.0722839	0.0698649	0.0698216	0.0576859	0.0555937	0.0638533	0.0637664	0.0648798	0.0568222	0.0589101	0.0486094	0.050926	0.0527865	0.0466604	0.0384347	0.060932	0.054571	0.0526086	0.0546295	0.0525354	0.0565319	0.0626581	0.0626233	0.0586047	0.0627756	0.0627411	0.0545335	0.066387	0.0585518	0.0564937	0.0564811	0.0626582	0.0484598	0.0610688	0.0506118	0.0485212	0.0424647	0.0424631	0.0670798	0.0303041	0.0486505	0.0466498	0	0.0398665	0.0418646	0.0390118	0.0370041	0.0423867	0.0525794	0.0735601	0.0800486	0.0485448	0.0608689	0.0836504	0.068873	0.0729133	0.0687627	0.052502	0.0545816	0.0799036	0.0566264	0.054649	0.067093	0.0545408	0.0545167	0.0565998	0.0564969	0.0625446	0.0525717	0.0545775	0.0626979	0.0483712	0.052444	0.046528	0.046454	0.0506007	0.0906683	0.0524758	0.0651298	0.0505209	0.0614702	0.0671203	0.0649342	0.056702	0.0567534	0.0684504	0.0850603	0.0981028	0.0725413	0.0727692	0.074628	0.0806872	0.0684401	0.0787061	0.0745904	0.0786442	0.0745448	0.0664458	0.0643649	0.0643659	0.0643659	0.0789038	0.0748859	0.0769729	0.0746627	0.0746813	0.0829631	0.0766721	0.0828783	0.0687822	0.0686395	0.0729789	0.0889612	0.0769287	0.0687379	0.134951	0.115815	0.10921	0.121215	0.127575	0.12746	0.131378	0.11814	0.105585	0.176904	0.152545	0.172142	0.178557
Vidua_chalybeata	0.136232	0.143352	0.14539	0.173194	0.139093	0.137089	0.181861	0.194513	0.186762	0.203045	0.202199	0.180123	0.181122	0.194876	0.144269	0.1408	0.171456	0.165153	0.167197	0.160995	0.163012	0.160986	0.158987	0.158987	0.143035	0.153653	0.13265	0.153404	0.159599	0.155009	0.150976	0.148881	0.142742	0.144771	0.146817	0.144767	0.171698	0.171616	0.172223	0.165194	0.167505	0.238978	0.138618	0.140641	0.161397	0.148788	0.148763	0.148728	0.146695	0.148698	0.13658	0.138593	0.136577	0.134562	0.140805	0.145297	0.167029	0.157949	0.160541	0.154413	0.151879	0.159689	0.197989	0.163253	0.169975	0.182499	0.158226	0.176835	0.176405	0.179829	0.189139	0.176643	0.182669	0.168203	0.183423	0.1717	0.162136	0.166209	0.153726	0.136751	0.136737	0.14913	0.15749	0.159174	0.17581	0.155069	0.148914	0.156955	0.16297	0.163124	0.144873	0.143065	0.150986	0.147068	0.151182	0.153201	0.222779	0.213676	0.208275	0.182823	0.17194	0.163795	0.173569	0.170792	0.171017	0.143033	0.162372	0.149275	0.151274	0.188196	0.186367	0.162123	0.149717	0.234854	0.237792	0.174587	0.19463	0.172545	0.20139	0.172354	0.199622	0.167853	0.179672	0.188757	0.181866	0.200767	0.203085	0.217141	0.210536	0.207354	0.217521	0.203251	0.122611	0.130955	0.141459	0.128611	0.124589	0.124589	0.130631	0.128604	0.137169	0.132846	0.130844	0.170507	0.171787	0.158642	0.176613	0.194589	0.19749	0.151882	0.108419	0.0981758	0.0941764	0.113051	0.114848	0.106573	0.0797503	0.0981232	0.0941406	0.0919813	0.0838543	0.0960173	0.104261	0.104239	0.108552	0.116796	0.0980662	0.0872728	0.100938	0.0990955	0.0862654	0.107946	0.0974736	0.0980018	0.0906345	0.0844524	0.0912359	0.0657856	0.0720608	0.0701438	0.0744828	0.0516775	0.0659562	0.0600527	0.0681722	0.0557296	0.0745416	0.0536715	0.0612006	0.0579129	0.0701357	0.0744467	0.0745661	0.0669506	0.0730582	0.0794012	0.0649331	0.0709621	0.0755268	0.0731078	0.0730645	0.0609288	0.0588366	0.0670962	0.0670093	0.0681227	0.0600651	0.062153	0.0518523	0.0541689	0.0560294	0.0499033	0.0416776	0.0641749	0.0578139	0.0558515	0.0578724	0.0557783	0.0597748	0.065901	0.0658662	0.0618476	0.0660185	0.065984	0.0577764	0.0696299	0.0617947	0.0597366	0.059724	0.065901	0.0517026	0.0643117	0.0538547	0.0517641	0.0457076	0.045706	0.0703227	0.033547	0.0518934	0.0498927	0.0398665	0	0.00200271	0.0306628	0.0286552	0.0456296	0.0558223	0.076803	0.0832915	0.0517877	0.0641118	0.0868933	0.0721159	0.0761562	0.0720056	0.0557449	0.0578244	0.0831465	0.0598693	0.0578919	0.0703359	0.0577837	0.0577596	0.0598427	0.0597397	0.0657875	0.0558146	0.0578204	0.0659408	0.0516141	0.0556869	0.0497709	0.0496969	0.0538436	0.0939112	0.0557187	0.0683727	0.0537638	0.0647131	0.0703632	0.0681771	0.0599449	0.0599963	0.0716933	0.0883032	0.101346	0.0757842	0.0760121	0.0778708	0.0839301	0.071683	0.081949	0.0778333	0.081887	0.0777877	0.0696887	0.0676078	0.0676088	0.0676088	0.0821467	0.0781287	0.0802158	0.0779056	0.0779242	0.0862059	0.079915	0.0861212	0.072025	0.0718824	0.0762218	0.0922041	0.0801716	0.0719808	0.138194	0.119057	0.112453	0.124458	0.130818	0.130703	0.134621	0.121383	0.108828	0.180146	0.155788	0.175385	0.1818
Vidua_macroura	0.13823	0.14535	0.147389	0.175192	0.141091	0.139087	0.183859	0.196511	0.18876	0.205043	0.204197	0.182121	0.18312	0.196874	0.146267	0.142798	0.173454	0.167151	0.169195	0.162993	0.16501	0.162984	0.160985	0.160985	0.145034	0.155651	0.134648	0.155402	0.161597	0.157007	0.152974	0.150879	0.14474	0.14677	0.148815	0.146765	0.173696	0.173614	0.174221	0.167193	0.169503	0.240976	0.140616	0.142639	0.163396	0.150786	0.150761	0.150726	0.148693	0.150696	0.138578	0.140591	0.138576	0.13656	0.142803	0.147295	0.169027	0.159947	0.162539	0.156411	0.153877	0.161687	0.199987	0.165251	0.171973	0.184497	0.160224	0.178833	0.178403	0.181827	0.191137	0.178641	0.184667	0.170201	0.185421	0.173698	0.164134	0.168207	0.155724	0.138749	0.138735	0.151128	0.159488	0.161172	0.177808	0.157068	0.150912	0.158953	0.164968	0.165122	0.146871	0.145063	0.152984	0.149066	0.15318	0.155199	0.224777	0.215675	0.210273	0.184821	0.173939	0.165793	0.175567	0.17279	0.173015	0.145031	0.16437	0.151273	0.153272	0.190194	0.188365	0.164121	0.151715	0.236852	0.23979	0.176585	0.196628	0.174543	0.203388	0.174352	0.20162	0.169851	0.18167	0.190755	0.183864	0.202765	0.205083	0.219139	0.212534	0.209352	0.219519	0.205249	0.12461	0.132953	0.143457	0.130609	0.126587	0.126587	0.132629	0.130602	0.139167	0.134844	0.132842	0.172505	0.173785	0.16064	0.178611	0.196587	0.199488	0.153881	0.110417	0.100174	0.0961745	0.115049	0.116846	0.108571	0.0817484	0.100121	0.0961387	0.0939794	0.0858524	0.0980154	0.106259	0.106237	0.11055	0.118794	0.100064	0.089271	0.102936	0.101094	0.0882635	0.109944	0.0994717	0.0999999	0.0926326	0.0864505	0.093234	0.0677837	0.0740589	0.0721419	0.0764809	0.0536756	0.0679543	0.0620508	0.0701703	0.0577277	0.0765397	0.0556696	0.0631987	0.0599111	0.0721338	0.0764448	0.0765642	0.0689487	0.0750563	0.0813993	0.0669312	0.0729602	0.0775249	0.0751059	0.0750626	0.0629269	0.0608347	0.0690943	0.0690074	0.0701208	0.0620632	0.0641511	0.0538504	0.056167	0.0580275	0.0519014	0.0436757	0.066173	0.0598121	0.0578496	0.0598705	0.0577764	0.0617729	0.0678991	0.0678644	0.0638457	0.0680167	0.0679821	0.0597745	0.071628	0.0637928	0.0617347	0.0617221	0.0678992	0.0537008	0.0663098	0.0558528	0.0537622	0.0477057	0.0477041	0.0723208	0.0355451	0.0538915	0.0518908	0.0418646	0.00200271	0	0.0326609	0.0306533	0.0476277	0.0578204	0.0788011	0.0852896	0.0537858	0.0661099	0.0888914	0.074114	0.0781543	0.0740037	0.057743	0.0598226	0.0851447	0.0618674	0.05989	0.072334	0.0597818	0.0597578	0.0618408	0.0617379	0.0677856	0.0578128	0.0598185	0.0679389	0.0536122	0.057685	0.051769	0.051695	0.0558417	0.0959093	0.0577168	0.0703708	0.0557619	0.0667112	0.0723613	0.0701752	0.061943	0.0619944	0.0736914	0.0903013	0.103344	0.0777823	0.0780102	0.079869	0.0859282	0.0736811	0.0839471	0.0798314	0.0838852	0.0797858	0.0716868	0.0696059	0.0696069	0.0696069	0.0841449	0.0801269	0.0822139	0.0799037	0.0799223	0.0882041	0.0819131	0.0881193	0.0740232	0.0738805	0.0782199	0.0942022	0.0821697	0.0739789	0.140192	0.121056	0.114451	0.126456	0.132816	0.132701	0.136619	0.123381	0.110826	0.182145	0.157786	0.177383	0.183798
Lonchura_striata	0.135377	0.142497	0.144536	0.172339	0.138238	0.136235	0.181006	0.193658	0.185907	0.20219	0.201344	0.179268	0.180267	0.194021	0.143414	0.139945	0.170601	0.164298	0.166342	0.160141	0.162157	0.160132	0.158132	0.158132	0.142181	0.152798	0.131795	0.15255	0.158744	0.154154	0.150121	0.148026	0.141887	0.143917	0.145962	0.143912	0.170843	0.170761	0.171368	0.16434	0.16665	0.238123	0.137763	0.139786	0.160543	0.147934	0.147908	0.147874	0.145841	0.147844	0.135725	0.137738	0.135723	0.133707	0.13995	0.144442	0.166174	0.157094	0.159686	0.153558	0.151024	0.158835	0.197134	0.162398	0.16912	0.181644	0.157371	0.17598	0.17555	0.178975	0.188285	0.175788	0.181814	0.167348	0.182568	0.170845	0.161281	0.165355	0.152871	0.135896	0.135882	0.148275	0.156635	0.158319	0.174955	0.154215	0.148059	0.1561	0.162115	0.162269	0.144019	0.14221	0.150131	0.146213	0.150327	0.152346	0.221924	0.212822	0.20742	0.181968	0.171086	0.16294	0.172714	0.169937	0.170162	0.142179	0.161517	0.14842	0.150419	0.187341	0.185513	0.161269	0.148862	0.233999	0.236937	0.173733	0.193775	0.17169	0.200535	0.171499	0.198768	0.166998	0.178817	0.187902	0.181011	0.199912	0.20223	0.216286	0.209682	0.206499	0.216666	0.202396	0.121757	0.1301	0.140604	0.127757	0.123734	0.123734	0.129776	0.12775	0.136314	0.131991	0.129989	0.169652	0.170932	0.157787	0.175758	0.193734	0.196635	0.151028	0.107564	0.097321	0.0933217	0.112196	0.113993	0.105718	0.0788955	0.0972685	0.0932859	0.0911265	0.0829995	0.0951626	0.103407	0.103384	0.107697	0.115941	0.0972114	0.0864181	0.100083	0.0982408	0.0854107	0.107091	0.0966189	0.0971471	0.0897798	0.0835977	0.0903811	0.0649308	0.071206	0.0692891	0.0736281	0.0508227	0.0651015	0.059198	0.0673175	0.0548749	0.0736869	0.0528167	0.0603459	0.0570582	0.069281	0.073592	0.0737114	0.0660958	0.0722035	0.0785465	0.0640784	0.0701074	0.0746721	0.0722531	0.0722098	0.0600741	0.0579818	0.0662415	0.0661546	0.0672679	0.0592103	0.0612983	0.0509976	0.0533141	0.0551747	0.0490486	0.0408228	0.0633201	0.0569592	0.0549968	0.0570177	0.0549236	0.0589201	0.0650462	0.0650115	0.0609929	0.0651638	0.0651293	0.0569216	0.0687752	0.0609399	0.0588819	0.0588693	0.0650463	0.0508479	0.0634569	0.053	0.0509094	0.0448529	0.0448513	0.069468	0.0326923	0.0510387	0.0490379	0.0390118	0.0306628	0.0326609	0	0.0182518	0.0447749	0.0549675	0.0759482	0.0824368	0.0509329	0.0632571	0.0860385	0.0712612	0.0753015	0.0711509	0.0548902	0.0569697	0.0822918	0.0590146	0.0570371	0.0694812	0.0569289	0.0569049	0.0589879	0.058885	0.0649328	0.0549599	0.0569657	0.0650861	0.0507594	0.0548321	0.0489161	0.0488422	0.0529889	0.0930564	0.054864	0.0675179	0.052909	0.0638583	0.0695085	0.0673223	0.0590902	0.0591415	0.0708385	0.0874484	0.100491	0.0749295	0.0751573	0.0770161	0.0830753	0.0708283	0.0810943	0.0769786	0.0810323	0.076933	0.0688339	0.0667531	0.0667541	0.0667541	0.081292	0.077274	0.0793611	0.0770509	0.0770695	0.0853512	0.0790603	0.0852665	0.0711703	0.0710277	0.075367	0.0913494	0.0793169	0.0711261	0.13734	0.118203	0.111599	0.123603	0.129964	0.129848	0.133766	0.120528	0.107973	0.179292	0.154933	0.17453	0.180945
Taeniopygia_guttata	0.133369	0.140489	0.142528	0.170332	0.136231	0.134227	0.178998	0.191651	0.183899	0.200182	0.199336	0.177261	0.178259	0.192013	0.141406	0.137937	0.168594	0.16229	0.164334	0.158133	0.160149	0.158124	0.156124	0.156124	0.140173	0.150791	0.129787	0.150542	0.156737	0.152146	0.148114	0.146018	0.13988	0.141909	0.143955	0.141904	0.168836	0.168753	0.169361	0.162332	0.164643	0.236115	0.135756	0.137778	0.158535	0.145926	0.145901	0.145866	0.143833	0.145836	0.133718	0.13573	0.133715	0.1317	0.137942	0.142434	0.164166	0.155087	0.157679	0.15155	0.149017	0.156827	0.195127	0.16039	0.167112	0.179637	0.155364	0.173973	0.173542	0.176967	0.186277	0.173781	0.179806	0.16534	0.180561	0.168837	0.159274	0.163347	0.150864	0.133889	0.133875	0.146267	0.154628	0.156312	0.172947	0.152207	0.146052	0.154092	0.160107	0.160261	0.142011	0.140203	0.148124	0.144206	0.148319	0.150338	0.219916	0.210814	0.205412	0.17996	0.169078	0.160932	0.170707	0.167929	0.168155	0.140171	0.15951	0.146412	0.148412	0.185334	0.183505	0.159261	0.146855	0.231992	0.23493	0.171725	0.191767	0.169683	0.198527	0.169491	0.19676	0.16499	0.176809	0.185895	0.179003	0.197905	0.200222	0.214279	0.207674	0.204492	0.214659	0.200388	0.119749	0.128092	0.138597	0.125749	0.121727	0.121727	0.127768	0.125742	0.134306	0.129984	0.127981	0.167644	0.168925	0.155779	0.17375	0.191727	0.194628	0.14902	0.105557	0.0953134	0.091314	0.110189	0.111986	0.103711	0.0768879	0.0952608	0.0912782	0.0891189	0.0809919	0.0931549	0.101399	0.101376	0.10569	0.113933	0.0952038	0.0844105	0.0980758	0.0962331	0.083403	0.105084	0.0946112	0.0951394	0.0877721	0.08159	0.0883735	0.0629232	0.0691984	0.0672814	0.0716204	0.0488151	0.0630938	0.0571903	0.0653098	0.0528672	0.0716792	0.0508091	0.0583382	0.0550506	0.0672733	0.0715843	0.0717037	0.0640882	0.0701959	0.0765389	0.0620707	0.0680997	0.0726645	0.0702454	0.0702021	0.0580664	0.0559742	0.0642339	0.064147	0.0652603	0.0572027	0.0592907	0.0489899	0.0513065	0.053167	0.0470409	0.0388152	0.0613125	0.0549516	0.0529891	0.05501	0.052916	0.0569124	0.0630386	0.0630039	0.0589852	0.0631562	0.0631216	0.054914	0.0667676	0.0589323	0.0568742	0.0568616	0.0630387	0.0488403	0.0614493	0.0509923	0.0489018	0.0428452	0.0428436	0.0674603	0.0306847	0.049031	0.0470303	0.0370041	0.0286552	0.0306533	0.0182518	0	0.0427672	0.0529599	0.0739406	0.0804291	0.0489253	0.0612494	0.0840309	0.0692536	0.0732939	0.0691432	0.0528825	0.0549621	0.0802842	0.057007	0.0550295	0.0674735	0.0549213	0.0548973	0.0569803	0.0568774	0.0629251	0.0529523	0.054958	0.0630784	0.0487517	0.0528245	0.0469085	0.0468346	0.0509812	0.0910488	0.0528563	0.0655103	0.0509014	0.0618507	0.0675008	0.0653147	0.0570825	0.0571339	0.0688309	0.0854408	0.0984834	0.0729219	0.0731497	0.0750085	0.0810677	0.0688206	0.0790866	0.0749709	0.0790247	0.0749254	0.0668263	0.0647454	0.0647464	0.0647464	0.0792844	0.0752664	0.0773534	0.0750432	0.0750619	0.0833436	0.0770527	0.0832588	0.0691627	0.06902	0.0733594	0.0893417	0.0773092	0.0691184	0.135332	0.116195	0.109591	0.121595	0.127956	0.127841	0.131759	0.11852	0.105966	0.177284	0.152926	0.172522	0.178937
Sylvietta_virens	0.118812	0.125932	0.127971	0.155775	0.121674	0.11967	0.164441	0.177094	0.169342	0.185625	0.184779	0.162704	0.163702	0.177456	0.126849	0.12338	0.154037	0.147733	0.149777	0.143576	0.145592	0.143567	0.141567	0.141567	0.125616	0.136234	0.11523	0.135985	0.14218	0.137589	0.133557	0.131461	0.125322	0.127352	0.129397	0.127347	0.154278	0.154196	0.154804	0.147775	0.150086	0.221558	0.121199	0.123221	0.143978	0.131369	0.131344	0.131309	0.129276	0.131279	0.119161	0.121173	0.119158	0.117142	0.123385	0.127877	0.149609	0.14053	0.143121	0.136993	0.13446	0.14227	0.18057	0.145833	0.152555	0.16508	0.140807	0.159416	0.158985	0.16241	0.17172	0.159224	0.165249	0.150783	0.166003	0.15428	0.144717	0.14879	0.136307	0.119332	0.119318	0.13171	0.140071	0.141755	0.15839	0.13765	0.131495	0.139535	0.14555	0.145704	0.127454	0.125646	0.133566	0.129649	0.133762	0.135781	0.205359	0.196257	0.190855	0.165403	0.154521	0.146375	0.15615	0.153372	0.153598	0.125614	0.144953	0.131855	0.133854	0.170777	0.168948	0.144704	0.132298	0.217435	0.220373	0.157168	0.17721	0.155126	0.18397	0.154934	0.182203	0.150433	0.162252	0.171338	0.164446	0.183348	0.185665	0.199722	0.193117	0.189935	0.200102	0.185831	0.105192	0.113535	0.124039	0.111192	0.107169	0.107169	0.113211	0.111185	0.119749	0.115426	0.113424	0.153087	0.154368	0.141222	0.159193	0.17717	0.180071	0.134463	0.0909998	0.0807563	0.0767569	0.0956316	0.0974285	0.0891536	0.0623308	0.0807037	0.0767211	0.0745618	0.0664348	0.0785979	0.0868418	0.0868194	0.0911325	0.0993764	0.0806467	0.0698534	0.0835188	0.081676	0.068846	0.0905267	0.0800542	0.0805823	0.073215	0.0670329	0.0738164	0.0483661	0.0546413	0.0527243	0.0570633	0.034258	0.0485368	0.0426332	0.0507527	0.0383102	0.0571279	0.0362578	0.043787	0.0404993	0.052722	0.057033	0.0571524	0.0495369	0.0556446	0.0619876	0.0475194	0.0535484	0.0581132	0.0556941	0.0556508	0.0435152	0.0414229	0.0496826	0.0495957	0.050709	0.0426514	0.0447394	0.0344386	0.0406256	0.0546632	0.0485371	0.0403113	0.0628086	0.0564477	0.0544853	0.0565062	0.0544121	0.0584086	0.0645347	0.0645	0.0604814	0.0646523	0.0646178	0.0564101	0.0682637	0.0604284	0.0583704	0.0583578	0.0645348	0.0503364	0.0629454	0.0524885	0.0503979	0.0443414	0.0443398	0.0689565	0.0321808	0.0505272	0.0485264	0.0423867	0.0456296	0.0476277	0.0447749	0.0427672	0	0.0343913	0.055372	0.0618664	0.0303625	0.0426867	0.0654681	0.0506908	0.0547311	0.0505805	0.0343198	0.0363993	0.0617214	0.0384442	0.0364667	0.0489108	0.0363585	0.0363345	0.0384175	0.0383146	0.0443624	0.0343895	0.0363953	0.0445157	0.030189	0.0342617	0.0323455	0.0322715	0.0364241	0.0764917	0.0382993	0.0509532	0.0363443	0.0472936	0.0529437	0.0507576	0.0425254	0.0425768	0.0542738	0.0708837	0.0839263	0.0583648	0.0585926	0.0604514	0.0665106	0.0542636	0.0645295	0.0604138	0.0644676	0.0603683	0.0522692	0.0501883	0.0501893	0.0501893	0.0647273	0.0607093	0.0627964	0.0604862	0.0605048	0.0687865	0.0624956	0.0687017	0.0546056	0.054463	0.0588023	0.0747847	0.0627521	0.0545613	0.120775	0.101638	0.0950339	0.107038	0.113399	0.113283	0.117201	0.103963	0.0914088	0.162727	0.138368	0.157965	0.16438
Oxylabes_madagascariensis	0.129005	0.136125	0.138164	0.165967	0.131866	0.129863	0.174634	0.187286	0.179535	0.195818	0.194972	0.172896	0.173895	0.187649	0.137042	0.133573	0.164229	0.157926	0.15997	0.153769	0.155785	0.15376	0.15176	0.15176	0.135809	0.146426	0.125423	0.146177	0.152372	0.147782	0.143749	0.141654	0.135515	0.137545	0.13959	0.13754	0.164471	0.164389	0.164996	0.157968	0.160278	0.231751	0.131391	0.133414	0.154171	0.141561	0.141536	0.141501	0.139469	0.141472	0.129353	0.131366	0.129351	0.127335	0.133578	0.13807	0.159802	0.150722	0.153314	0.147186	0.144652	0.152463	0.190762	0.156026	0.162748	0.175272	0.150999	0.169608	0.169178	0.172602	0.181913	0.169416	0.175442	0.160976	0.176196	0.164473	0.154909	0.158982	0.146499	0.129524	0.12951	0.141903	0.150263	0.151947	0.168583	0.147843	0.141687	0.149728	0.155743	0.155897	0.137646	0.135838	0.143759	0.139841	0.143955	0.145974	0.215552	0.20645	0.201048	0.175596	0.164714	0.156568	0.166342	0.163565	0.16379	0.135806	0.155145	0.142048	0.144047	0.180969	0.179141	0.154897	0.14249	0.227627	0.230565	0.167361	0.187403	0.165318	0.194163	0.165127	0.192396	0.160626	0.172445	0.18153	0.174639	0.19354	0.195858	0.209914	0.20331	0.200127	0.210294	0.196024	0.115385	0.123728	0.134232	0.121385	0.117362	0.117362	0.123404	0.121378	0.129942	0.125619	0.123617	0.16328	0.16456	0.151415	0.169386	0.187362	0.190263	0.144656	0.101192	0.090949	0.0869496	0.105824	0.107621	0.0993462	0.0725235	0.0908964	0.0869138	0.0847545	0.0766275	0.0887905	0.0970345	0.0970121	0.101325	0.109569	0.0908394	0.080046	0.0937114	0.0918687	0.0790386	0.100719	0.0902468	0.090775	0.0834077	0.0772256	0.0840091	0.0585588	0.064834	0.062917	0.067256	0.0444507	0.0587294	0.0528259	0.0609454	0.0485028	0.0673206	0.0464505	0.0539796	0.0506919	0.0629147	0.0672257	0.0673451	0.0597296	0.0658372	0.0721802	0.0577121	0.0637411	0.0683058	0.0658868	0.0658435	0.0537078	0.0516155	0.0598752	0.0597883	0.0609017	0.0528441	0.054932	0.0446313	0.0508183	0.0648558	0.0587297	0.050504	0.0730013	0.0666404	0.0646779	0.0666988	0.0646048	0.0686012	0.0747274	0.0746927	0.070674	0.074845	0.0748104	0.0666028	0.0784564	0.0706211	0.068563	0.0685504	0.0747275	0.0605291	0.0731381	0.0626811	0.0605906	0.054534	0.0545324	0.0791491	0.0423735	0.0607198	0.0587191	0.0525794	0.0558223	0.0578204	0.0549675	0.0529599	0.0343913	0	0.0624294	0.0720591	0.0405552	0.0528794	0.0756608	0.0608835	0.0649238	0.0607731	0.0445124	0.046592	0.0719141	0.0486369	0.0466594	0.0591035	0.0465512	0.0465272	0.0486102	0.0485073	0.054555	0.0445822	0.0465879	0.0547084	0.0403816	0.0444544	0.0425381	0.0424642	0.0466168	0.0866844	0.0484919	0.0611459	0.046537	0.0574863	0.0631364	0.0609503	0.0527181	0.0527695	0.0644665	0.0810764	0.0941189	0.0685574	0.0687853	0.070644	0.0767033	0.0644562	0.0747222	0.0706065	0.0746602	0.0705609	0.0624619	0.060381	0.060382	0.060382	0.0749199	0.0709019	0.072989	0.0706788	0.0706974	0.0789791	0.0726882	0.0788944	0.0647982	0.0646556	0.068995	0.0849773	0.0729448	0.064754	0.130968	0.111831	0.105227	0.117231	0.123591	0.123476	0.127394	0.114156	0.101601	0.17292	0.148561	0.168158	0.174573
Donacobius_atricapilla	0.149986	0.157106	0.159144	0.186948	0.152847	0.150843	0.195614	0.208267	0.200515	0.216799	0.215953	0.193877	0.194876	0.20863	0.158023	0.154554	0.18521	0.178906	0.180951	0.174749	0.176766	0.17474	0.172741	0.172741	0.156789	0.167407	0.146404	0.167158	0.173353	0.168763	0.16473	0.162635	0.156496	0.158525	0.160571	0.158521	0.185452	0.18537	0.185977	0.178948	0.181259	0.252732	0.152372	0.154395	0.175151	0.162542	0.162517	0.162482	0.160449	0.162452	0.150334	0.152347	0.150331	0.148316	0.154558	0.15905	0.180783	0.171703	0.174295	0.168166	0.165633	0.173443	0.211743	0.177006	0.183729	0.196253	0.17198	0.190589	0.190158	0.193583	0.202893	0.190397	0.196423	0.181957	0.197177	0.185453	0.17589	0.179963	0.16748	0.150505	0.150491	0.162883	0.171244	0.172928	0.189564	0.168823	0.162668	0.170709	0.176723	0.176878	0.158627	0.156819	0.16474	0.160822	0.164936	0.166955	0.236533	0.22743	0.222029	0.196577	0.185694	0.177549	0.187323	0.184546	0.184771	0.156787	0.176126	0.163029	0.165028	0.20195	0.200121	0.175877	0.163471	0.248608	0.251546	0.188341	0.208383	0.186299	0.215144	0.186107	0.213376	0.181607	0.193425	0.202511	0.19562	0.214521	0.216838	0.230895	0.22429	0.221108	0.231275	0.217004	0.136365	0.144709	0.155213	0.142365	0.138343	0.138343	0.144384	0.142358	0.150923	0.1466	0.144597	0.184261	0.185541	0.172395	0.190366	0.208343	0.211244	0.165636	0.122173	0.11193	0.10793	0.126805	0.128602	0.120327	0.0935042	0.111877	0.107894	0.105735	0.0976082	0.109771	0.118015	0.117993	0.122306	0.13055	0.11182	0.101027	0.114692	0.112849	0.100019	0.1217	0.111228	0.111756	0.104388	0.0982063	0.10499	0.0795395	0.0858146	0.0838977	0.0882367	0.0654314	0.0797101	0.0738066	0.0819261	0.0694835	0.0883013	0.0674311	0.0749603	0.0716726	0.0838954	0.0882064	0.0883258	0.0807103	0.0868179	0.0931609	0.0786928	0.0847218	0.0892865	0.0868675	0.0868242	0.0746885	0.0725962	0.0808559	0.080769	0.0818824	0.0738248	0.0759127	0.065612	0.071799	0.0858365	0.0797104	0.0714847	0.093982	0.0876211	0.0856586	0.0876795	0.0855855	0.0895819	0.0957081	0.0956734	0.0916547	0.0958257	0.0957911	0.0875835	0.0994371	0.0916018	0.0895437	0.0895311	0.0957082	0.0815098	0.0941188	0.0836618	0.0815713	0.0755147	0.0755131	0.10013	0.0633542	0.0817005	0.0796998	0.0735601	0.076803	0.0788011	0.0759482	0.0739406	0.055372	0.0624294	0	0.0930398	0.0615359	0.0738601	0.0966415	0.0818642	0.0859045	0.0817538	0.0654931	0.0675727	0.0928948	0.0696176	0.0676401	0.0800841	0.0675319	0.0675079	0.0695909	0.069488	0.0755357	0.0655629	0.0675686	0.0756891	0.0613623	0.0654351	0.0635188	0.0634449	0.0675975	0.107665	0.0694726	0.0821266	0.0675177	0.078467	0.0841171	0.081931	0.0736988	0.0737502	0.0854472	0.102057	0.1151	0.0895381	0.089766	0.0916247	0.097684	0.0854369	0.0957029	0.0915872	0.0956409	0.0915416	0.0834426	0.0813617	0.0813627	0.0813627	0.0959006	0.0918826	0.0939697	0.0916595	0.0916781	0.0999598	0.0936689	0.0998751	0.0857789	0.0856363	0.0899757	0.105958	0.0939255	0.0857347	0.151948	0.132811	0.126207	0.138212	0.144572	0.144457	0.148375	0.135136	0.122582	0.1939	0.169542	0.189139	0.195553
Cisticola_juncidis	0.156474	0.163594	0.165633	0.193437	0.159335	0.157332	0.202103	0.214755	0.207004	0.223287	0.222441	0.200365	0.201364	0.215118	0.164511	0.161042	0.191699	0.185395	0.187439	0.181238	0.183254	0.181229	0.179229	0.179229	0.163278	0.173896	0.152892	0.173647	0.179842	0.175251	0.171219	0.169123	0.162984	0.165014	0.167059	0.165009	0.19194	0.191858	0.192466	0.185437	0.187747	0.25922	0.158861	0.160883	0.18164	0.169031	0.169006	0.168971	0.166938	0.168941	0.156823	0.158835	0.15682	0.154804	0.161047	0.165539	0.187271	0.178192	0.180783	0.174655	0.172122	0.179932	0.218232	0.183495	0.190217	0.202742	0.178469	0.197077	0.196647	0.200072	0.209382	0.196886	0.202911	0.188445	0.203665	0.191942	0.182378	0.186452	0.173968	0.156993	0.156979	0.169372	0.177733	0.179417	0.196052	0.175312	0.169157	0.177197	0.183212	0.183366	0.165116	0.163307	0.171228	0.16731	0.171424	0.173443	0.243021	0.233919	0.228517	0.203065	0.192183	0.184037	0.193811	0.191034	0.19126	0.163276	0.182614	0.169517	0.171516	0.208439	0.20661	0.182366	0.16996	0.255097	0.258035	0.19483	0.214872	0.192787	0.221632	0.192596	0.219865	0.188095	0.199914	0.208999	0.202108	0.22101	0.223327	0.237384	0.230779	0.227596	0.237764	0.223493	0.142854	0.151197	0.161701	0.148854	0.144831	0.144831	0.150873	0.148847	0.157411	0.153088	0.151086	0.190749	0.192029	0.178884	0.196855	0.214832	0.217733	0.172125	0.128662	0.118418	0.114419	0.133294	0.13509	0.126815	0.0999927	0.118366	0.114383	0.112224	0.104097	0.11626	0.124504	0.124481	0.128794	0.137038	0.118309	0.107515	0.121181	0.119338	0.106508	0.128189	0.117716	0.118244	0.110877	0.104695	0.111478	0.086028	0.0923032	0.0903862	0.0947253	0.0719199	0.0861987	0.0802952	0.0884147	0.0759721	0.0947898	0.0739197	0.0814489	0.0781612	0.0903839	0.0946949	0.0948143	0.0871988	0.0933065	0.0996495	0.0851813	0.0912103	0.0957751	0.093356	0.0933127	0.0811771	0.0790848	0.0873445	0.0872576	0.0883709	0.0803133	0.0824013	0.0721005	0.0782875	0.0923251	0.086199	0.0779732	0.100471	0.0941096	0.0921472	0.0941681	0.092074	0.0960705	0.102197	0.102162	0.0981433	0.102314	0.10228	0.094072	0.105926	0.0980903	0.0960323	0.0960197	0.102197	0.0879983	0.100607	0.0901504	0.0880598	0.0820033	0.0820017	0.106618	0.0698427	0.0881891	0.0861883	0.0800486	0.0832915	0.0852896	0.0824368	0.0804291	0.0618664	0.0720591	0.0930398	0	0.0605544	0.0763453	0.0991267	0.0843494	0.0883897	0.0842391	0.0719728	0.0740523	0.0993793	0.0761021	0.0741246	0.0865686	0.0740164	0.0739924	0.0760754	0.0759725	0.0820202	0.0720474	0.0740531	0.0821735	0.0678468	0.0719196	0.0700074	0.0699335	0.0740861	0.114154	0.0759612	0.0886151	0.0740062	0.0849555	0.0906056	0.0884195	0.0801873	0.0802387	0.0919357	0.108546	0.121588	0.0960267	0.0962545	0.0981133	0.104173	0.0919255	0.102191	0.0980757	0.102129	0.0980302	0.0899311	0.0878502	0.0878512	0.0878512	0.102389	0.0983712	0.100458	0.0981481	0.0981667	0.106448	0.100157	0.106364	0.0922675	0.0921249	0.0964642	0.112447	0.100414	0.0922232	0.158437	0.1393	0.132696	0.1447	0.151061	0.150945	0.154863	0.141625	0.129071	0.200389	0.17603	0.195627	0.202042
Locustella_ochotensis	0.12497	0.13209	0.134129	0.161933	0.127832	0.125828	0.170599	0.183252	0.1755	0.191783	0.190937	0.168862	0.16986	0.183614	0.133007	0.129538	0.160195	0.153891	0.155935	0.149734	0.15175	0.149725	0.147725	0.147725	0.131774	0.142392	0.121388	0.142143	0.148338	0.143747	0.139715	0.137619	0.13148	0.13351	0.135556	0.133505	0.160437	0.160354	0.160962	0.153933	0.156244	0.227716	0.127357	0.129379	0.150136	0.137527	0.137502	0.137467	0.135434	0.137437	0.125319	0.127331	0.125316	0.123301	0.129543	0.134035	0.155767	0.146688	0.14928	0.143151	0.140618	0.148428	0.186728	0.151991	0.158713	0.171238	0.146965	0.165574	0.165143	0.168568	0.177878	0.165382	0.171407	0.156941	0.172162	0.160438	0.150875	0.154948	0.142465	0.12549	0.125476	0.137868	0.146229	0.147913	0.164548	0.143808	0.137653	0.145693	0.151708	0.151862	0.133612	0.131804	0.139724	0.135807	0.13992	0.141939	0.211517	0.202415	0.197013	0.171561	0.160679	0.152533	0.162308	0.15953	0.159756	0.131772	0.151111	0.138013	0.140012	0.176935	0.175106	0.150862	0.138456	0.223593	0.226531	0.163326	0.183368	0.161284	0.190128	0.161092	0.188361	0.156591	0.16841	0.177496	0.170604	0.189506	0.191823	0.20588	0.199275	0.196093	0.20626	0.191989	0.11135	0.119693	0.130198	0.11735	0.113327	0.113327	0.119369	0.117343	0.125907	0.121584	0.119582	0.159245	0.160526	0.14738	0.165351	0.183328	0.186229	0.140621	0.0971578	0.0869144	0.082915	0.10179	0.103587	0.0953116	0.0684889	0.0868618	0.0828792	0.0807198	0.0725929	0.0847559	0.0929999	0.0929775	0.0972906	0.105534	0.0868048	0.0760114	0.0896768	0.0878341	0.075004	0.0966848	0.0862122	0.0867404	0.0793731	0.073191	0.0799745	0.0545242	0.0607993	0.0588824	0.0632214	0.0404161	0.0546948	0.0487913	0.0569108	0.0444682	0.063286	0.0424158	0.049945	0.0466573	0.0588801	0.0631911	0.0633105	0.055695	0.0618026	0.0681456	0.0536775	0.0597065	0.0642712	0.0618522	0.0618089	0.0496732	0.0475809	0.0558406	0.0557537	0.0568671	0.0488095	0.0508974	0.0405967	0.0467837	0.0608212	0.0546951	0.0464694	0.0689667	0.0626058	0.0606433	0.0626642	0.0605702	0.0645666	0.0706928	0.0706581	0.0666394	0.0708104	0.0707758	0.0625682	0.0744218	0.0665865	0.0645284	0.0645158	0.0706929	0.0564945	0.0691035	0.0586465	0.056556	0.0504994	0.0504978	0.0751145	0.0383389	0.0566852	0.0546845	0.0485448	0.0517877	0.0537858	0.0509329	0.0489253	0.0303625	0.0405552	0.0615359	0.0605544	0	0.0448415	0.0676229	0.0528456	0.0568859	0.0527352	0.0404689	0.0425485	0.0678754	0.0445982	0.0426207	0.0550648	0.0425125	0.0424885	0.0445715	0.0444686	0.0505164	0.0405435	0.0425493	0.0506697	0.0363429	0.0404157	0.0385035	0.0384296	0.0425822	0.0826498	0.0444573	0.0571113	0.0425024	0.0534517	0.0591018	0.0569157	0.0486835	0.0487349	0.0604319	0.0770418	0.0900843	0.0645228	0.0647507	0.0666094	0.0726686	0.0604216	0.0706876	0.0665719	0.0706256	0.0665263	0.0584273	0.0563464	0.0563474	0.0563474	0.0708853	0.0668673	0.0689544	0.0666442	0.0666628	0.0749445	0.0686536	0.0748598	0.0607636	0.060621	0.0649604	0.0809427	0.0689102	0.0607194	0.126933	0.107796	0.101192	0.113196	0.119557	0.119441	0.123359	0.110121	0.0975668	0.168885	0.144527	0.164123	0.170538
Hylia_prasina	0.137294	0.144414	0.146453	0.174257	0.140156	0.138152	0.182923	0.195576	0.187824	0.204107	0.203262	0.181186	0.182184	0.195938	0.145331	0.141862	0.172519	0.166215	0.16826	0.162058	0.164074	0.162049	0.160049	0.160049	0.144098	0.154716	0.133713	0.154467	0.160662	0.156071	0.152039	0.149943	0.143805	0.145834	0.14788	0.14583	0.172761	0.172678	0.173286	0.166257	0.168568	0.240041	0.139681	0.141704	0.16246	0.149851	0.149826	0.149791	0.147758	0.149761	0.137643	0.139655	0.13764	0.135625	0.141867	0.146359	0.168092	0.159012	0.161604	0.155475	0.152942	0.160752	0.199052	0.164315	0.171037	0.183562	0.159289	0.177898	0.177467	0.180892	0.190202	0.177706	0.183731	0.169266	0.184486	0.172762	0.163199	0.167272	0.154789	0.137814	0.1378	0.150192	0.158553	0.160237	0.176873	0.156132	0.149977	0.158018	0.164032	0.164186	0.145936	0.144128	0.152049	0.148131	0.152245	0.154264	0.223842	0.214739	0.209337	0.183886	0.173003	0.164857	0.174632	0.171855	0.17208	0.144096	0.163435	0.150338	0.152337	0.189259	0.18743	0.163186	0.15078	0.235917	0.238855	0.17565	0.195692	0.173608	0.202452	0.173416	0.200685	0.168915	0.180734	0.18982	0.182929	0.20183	0.204147	0.218204	0.211599	0.208417	0.218584	0.204313	0.123674	0.132017	0.142522	0.129674	0.125652	0.125652	0.131693	0.129667	0.138231	0.133909	0.131906	0.17157	0.17285	0.159704	0.177675	0.195652	0.198553	0.152945	0.109482	0.0992385	0.0952392	0.114114	0.115911	0.107636	0.080813	0.0991859	0.0952033	0.093044	0.084917	0.0970801	0.105324	0.105302	0.109615	0.117859	0.0991289	0.0883356	0.102001	0.100158	0.0873282	0.109009	0.0985364	0.0990646	0.0916973	0.0855152	0.0922986	0.0668483	0.0731235	0.0712065	0.0755456	0.0527402	0.067019	0.0611155	0.069235	0.0567924	0.0756101	0.05474	0.0622692	0.0589815	0.0712042	0.0755152	0.0756346	0.0680191	0.0741268	0.0804698	0.0660016	0.0720306	0.0765954	0.0741763	0.074133	0.0619974	0.0599051	0.0681648	0.0680779	0.0691912	0.0611336	0.0632216	0.0529208	0.0591078	0.0731454	0.0670193	0.0587935	0.0812908	0.0749299	0.0729675	0.0749884	0.0728943	0.0768908	0.0830169	0.0829822	0.0789636	0.0831345	0.0831	0.0748923	0.0867459	0.0789106	0.0768526	0.07684	0.083017	0.0688186	0.0814277	0.0709707	0.0688801	0.0628236	0.062822	0.0874387	0.050663	0.0690094	0.0670086	0.0608689	0.0641118	0.0661099	0.0632571	0.0612494	0.0426867	0.0528794	0.0738601	0.0763453	0.0448415	0	0.0637515	0.0489742	0.0530145	0.0488698	0.0527931	0.0548726	0.0801996	0.0569224	0.0549449	0.0673889	0.0548367	0.0548127	0.0568957	0.0567928	0.0628405	0.0528677	0.0548734	0.0629938	0.0486671	0.0527399	0.0508277	0.0507538	0.0549063	0.0949739	0.0567815	0.0694354	0.0548265	0.0657758	0.0714259	0.0692398	0.0610076	0.061059	0.072756	0.0893659	0.102408	0.076847	0.0770748	0.0789336	0.0849928	0.0727458	0.0830117	0.078896	0.0829498	0.0788505	0.0707514	0.0686705	0.0686715	0.0686715	0.0832095	0.0791915	0.0812786	0.0789684	0.078987	0.0872687	0.0809778	0.0871839	0.0730878	0.0729452	0.0772845	0.0932669	0.0812343	0.0730435	0.139257	0.12012	0.113516	0.125521	0.131881	0.131766	0.135684	0.122445	0.109891	0.181209	0.156851	0.176447	0.182862
Erythrocercus_mccallii	0.160076	0.167196	0.169235	0.197038	0.162937	0.160933	0.205705	0.218357	0.210606	0.226889	0.226043	0.203967	0.204966	0.21872	0.168113	0.164644	0.1953	0.188997	0.191041	0.18484	0.186856	0.18483	0.182831	0.182831	0.16688	0.177497	0.156494	0.177248	0.183443	0.178853	0.17482	0.172725	0.166586	0.168616	0.170661	0.168611	0.195542	0.19546	0.196067	0.189039	0.191349	0.262822	0.162462	0.164485	0.185242	0.172632	0.172607	0.172572	0.17054	0.172543	0.160424	0.162437	0.160422	0.158406	0.164649	0.169141	0.190873	0.181793	0.184385	0.178257	0.175723	0.183534	0.221833	0.187097	0.193819	0.206343	0.18207	0.200679	0.200249	0.203673	0.212984	0.200487	0.206513	0.192047	0.207267	0.195544	0.18598	0.190053	0.17757	0.160595	0.160581	0.172974	0.181334	0.183018	0.199654	0.178914	0.172758	0.180799	0.186814	0.186968	0.168717	0.166909	0.17483	0.170912	0.175026	0.177045	0.246623	0.237521	0.232119	0.206667	0.195785	0.187639	0.197413	0.194636	0.194861	0.166877	0.186216	0.173119	0.175118	0.21204	0.210211	0.185967	0.173561	0.258698	0.261636	0.198431	0.218474	0.196389	0.225234	0.196198	0.223467	0.191697	0.203516	0.212601	0.20571	0.224611	0.226929	0.240985	0.23438	0.231198	0.241365	0.227095	0.146456	0.154799	0.165303	0.152456	0.148433	0.148433	0.154475	0.152448	0.161013	0.15669	0.154688	0.194351	0.195631	0.182486	0.200457	0.218433	0.221334	0.175727	0.132263	0.12202	0.118021	0.136895	0.138692	0.130417	0.103594	0.121967	0.117985	0.115825	0.107698	0.119861	0.128105	0.128083	0.132396	0.14064	0.12191	0.111117	0.124782	0.12294	0.11011	0.13179	0.121318	0.121846	0.114479	0.108297	0.11508	0.0896297	0.0959049	0.093988	0.098327	0.0755217	0.0898004	0.0838969	0.0920164	0.0795738	0.0983916	0.0775214	0.0850506	0.0817629	0.0939857	0.0982967	0.0984161	0.0908006	0.0969082	0.103251	0.0887831	0.0948121	0.0993768	0.0969578	0.0969145	0.0847788	0.0826865	0.0909462	0.0908593	0.0919726	0.0839151	0.086003	0.0757023	0.0818892	0.0959268	0.0898007	0.081575	0.104072	0.0977114	0.0957489	0.0977698	0.0956757	0.0996722	0.105798	0.105764	0.101745	0.105916	0.105881	0.0976738	0.109527	0.101692	0.099634	0.0996214	0.105798	0.0916001	0.104209	0.0937521	0.0916615	0.085605	0.0856034	0.11022	0.0734444	0.0917908	0.0897901	0.0836504	0.0868933	0.0888914	0.0860385	0.0840309	0.0654681	0.0756608	0.0966415	0.0991267	0.0676229	0.0637515	0	0.0636459	0.0676862	0.0716512	0.0755745	0.0776541	0.102981	0.0797038	0.0777263	0.0901704	0.0776181	0.0775941	0.0796771	0.0795742	0.085622	0.0756491	0.0776548	0.0857753	0.0714485	0.0755213	0.0736091	0.0735352	0.0776878	0.117755	0.0795629	0.0922169	0.077608	0.0885572	0.0942074	0.0920212	0.0837891	0.0838405	0.0955374	0.112147	0.12519	0.0996284	0.0998562	0.101715	0.107774	0.0955272	0.105793	0.101677	0.105731	0.101632	0.0935329	0.091452	0.091453	0.091453	0.105991	0.101973	0.10406	0.10175	0.101768	0.11005	0.103759	0.109965	0.0958692	0.0957266	0.100066	0.116048	0.104016	0.095825	0.162039	0.142902	0.136298	0.148302	0.154662	0.154547	0.158465	0.145227	0.132672	0.203991	0.179632	0.199229	0.205644
Cettia_cetti	0.145299	0.152419	0.154457	0.182261	0.14816	0.146156	0.190927	0.20358	0.195828	0.212112	0.211266	0.18919	0.190189	0.203943	0.153336	0.149867	0.180523	0.174219	0.176264	0.170062	0.172078	0.170053	0.168054	0.168054	0.152102	0.16272	0.141717	0.162471	0.168666	0.164076	0.160043	0.157948	0.151809	0.153838	0.155884	0.153834	0.180765	0.180682	0.18129	0.174261	0.176572	0.248045	0.147685	0.149708	0.170464	0.157855	0.15783	0.157795	0.155762	0.157765	0.145647	0.14766	0.145644	0.143629	0.149871	0.154363	0.176096	0.167016	0.169608	0.163479	0.160946	0.168756	0.207056	0.172319	0.179042	0.191566	0.167293	0.185902	0.185471	0.188896	0.198206	0.18571	0.191735	0.17727	0.19249	0.180766	0.171203	0.175276	0.162793	0.145818	0.145804	0.158196	0.166557	0.168241	0.184877	0.164136	0.157981	0.166022	0.172036	0.17219	0.15394	0.152132	0.160053	0.156135	0.160249	0.162268	0.231846	0.222743	0.217341	0.19189	0.181007	0.172862	0.182636	0.179859	0.180084	0.1521	0.171439	0.158342	0.160341	0.197263	0.195434	0.17119	0.158784	0.243921	0.246859	0.183654	0.203696	0.181612	0.210457	0.18142	0.208689	0.17692	0.188738	0.197824	0.190933	0.209834	0.212151	0.226208	0.219603	0.216421	0.226588	0.212317	0.131678	0.140022	0.150526	0.137678	0.133656	0.133656	0.139697	0.137671	0.146235	0.141913	0.13991	0.179574	0.180854	0.167708	0.185679	0.203656	0.206557	0.160949	0.117486	0.107243	0.103243	0.122118	0.123915	0.11564	0.0888171	0.10719	0.103207	0.101048	0.0929211	0.105084	0.113328	0.113306	0.117619	0.125863	0.107133	0.0963397	0.110005	0.108162	0.0953323	0.117013	0.10654	0.107069	0.0997014	0.0935193	0.100303	0.0748524	0.0811276	0.0792106	0.0835497	0.0607443	0.0750231	0.0691196	0.0772391	0.0647965	0.0836143	0.0627441	0.0702733	0.0669856	0.0792083	0.0835193	0.0836387	0.0760232	0.0821309	0.0884739	0.0740057	0.0800347	0.0845995	0.0821804	0.0821371	0.0700015	0.0679092	0.0761689	0.076082	0.0771953	0.0691377	0.0712257	0.0609249	0.0671119	0.0811495	0.0750234	0.0667977	0.0892949	0.082934	0.0809716	0.0829925	0.0808984	0.0848949	0.091021	0.0909863	0.0869677	0.0911386	0.0911041	0.0828965	0.09475	0.0869148	0.0848567	0.0848441	0.0910211	0.0768227	0.0894318	0.0789748	0.0768842	0.0708277	0.0708261	0.0954428	0.0586671	0.0770135	0.0750127	0.068873	0.0721159	0.074114	0.0712612	0.0692536	0.0506908	0.0608835	0.0818642	0.0843494	0.0528456	0.0489742	0.0636459	0	0.0411557	0.0568739	0.0607972	0.0628767	0.0882037	0.0649265	0.062949	0.075393	0.0628408	0.0628168	0.0648998	0.0647969	0.0708446	0.0608718	0.0628775	0.0709979	0.0566712	0.060744	0.0588318	0.0587579	0.0629105	0.102978	0.0647856	0.0774395	0.0628306	0.0737799	0.0794301	0.0772439	0.0690117	0.0690631	0.0807601	0.09737	0.110413	0.0848511	0.0850789	0.0869377	0.0929969	0.0807499	0.0910159	0.0869001	0.0909539	0.0868546	0.0787555	0.0766746	0.0766756	0.0766756	0.0912136	0.0871956	0.0892827	0.0869725	0.0869911	0.0952728	0.0889819	0.095188	0.0810919	0.0809493	0.0852886	0.101271	0.0892384	0.0810476	0.147261	0.128124	0.12152	0.133525	0.139885	0.13977	0.143688	0.130449	0.117895	0.189213	0.164855	0.184452	0.190866
Horornis_vulcanius	0.149339	0.156459	0.158498	0.186301	0.1522	0.150196	0.194968	0.20762	0.199869	0.216152	0.215306	0.19323	0.194229	0.207983	0.157376	0.153907	0.184563	0.17826	0.180304	0.174102	0.176119	0.174093	0.172094	0.172094	0.156143	0.16676	0.145757	0.166511	0.172706	0.168116	0.164083	0.161988	0.155849	0.157879	0.159924	0.157874	0.184805	0.184723	0.18533	0.178302	0.180612	0.252085	0.151725	0.153748	0.174505	0.161895	0.16187	0.161835	0.159803	0.161806	0.149687	0.1517	0.149685	0.147669	0.153912	0.158404	0.180136	0.171056	0.173648	0.16752	0.164986	0.172797	0.211096	0.17636	0.183082	0.195606	0.171333	0.189942	0.189512	0.192936	0.202246	0.18975	0.195776	0.18131	0.19653	0.184807	0.175243	0.179316	0.166833	0.149858	0.149844	0.162237	0.170597	0.172281	0.188917	0.168177	0.162021	0.170062	0.176077	0.176231	0.15798	0.156172	0.164093	0.160175	0.164289	0.166308	0.235886	0.226784	0.221382	0.19593	0.185048	0.176902	0.186676	0.183899	0.184124	0.15614	0.175479	0.162382	0.164381	0.201303	0.199474	0.17523	0.162824	0.247961	0.250899	0.187694	0.207737	0.185652	0.214497	0.185461	0.212729	0.18096	0.192779	0.201864	0.194973	0.213874	0.216192	0.230248	0.223643	0.220461	0.230628	0.216358	0.135719	0.144062	0.154566	0.141719	0.137696	0.137696	0.143738	0.141711	0.150276	0.145953	0.143951	0.183614	0.184894	0.171749	0.18972	0.207696	0.210597	0.16499	0.121526	0.111283	0.107284	0.126158	0.127955	0.11968	0.0928574	0.11123	0.107248	0.105088	0.0969614	0.109124	0.117368	0.117346	0.121659	0.129903	0.111173	0.10038	0.114045	0.112203	0.0993726	0.121053	0.110581	0.111109	0.103742	0.0975596	0.104343	0.0788927	0.0851679	0.0832509	0.08759	0.0647846	0.0790634	0.0731599	0.0812794	0.0688368	0.0876546	0.0667844	0.0743136	0.0710259	0.0832486	0.0875596	0.087679	0.0800635	0.0861712	0.0925142	0.078046	0.084075	0.0886398	0.0862207	0.0861774	0.0740418	0.0719495	0.0802092	0.0801223	0.0812356	0.073178	0.075266	0.0649652	0.0711522	0.0851898	0.0790637	0.070838	0.0933352	0.0869743	0.0850119	0.0870328	0.0849387	0.0889352	0.0950613	0.0950266	0.091008	0.0951789	0.0951444	0.0869368	0.0987903	0.0909551	0.088897	0.0888844	0.0950614	0.080863	0.0934721	0.0830151	0.0809245	0.074868	0.0748664	0.0994831	0.0627074	0.0810538	0.079053	0.0729133	0.0761562	0.0781543	0.0753015	0.0732939	0.0547311	0.0649238	0.0859045	0.0883897	0.0568859	0.0530145	0.0676862	0.0411557	0	0.0609142	0.0648375	0.066917	0.092244	0.0689668	0.0669893	0.0794333	0.0668811	0.0668571	0.0689401	0.0688372	0.0748849	0.0649121	0.0669178	0.0750382	0.0607115	0.0647843	0.0628721	0.0627982	0.0669508	0.107018	0.0688259	0.0814798	0.0668709	0.0778202	0.0834704	0.0812842	0.073052	0.0731034	0.0848004	0.10141	0.114453	0.0888914	0.0891192	0.090978	0.0970372	0.0847902	0.0950562	0.0909404	0.0949942	0.0908949	0.0827958	0.0807149	0.0807159	0.0807159	0.0952539	0.0912359	0.093323	0.0910128	0.0910314	0.0993131	0.0930222	0.0992283	0.0851322	0.0849896	0.0893289	0.105311	0.0932787	0.0850879	0.151302	0.132165	0.125561	0.137565	0.143925	0.14381	0.147728	0.13449	0.121935	0.193254	0.168895	0.188492	0.194907
Aegithalos_caudatus	0.145188	0.152308	0.154347	0.182151	0.14805	0.146046	0.190817	0.20347	0.195718	0.212001	0.211155	0.18908	0.190078	0.203832	0.153225	0.149756	0.180413	0.174109	0.176153	0.169952	0.171968	0.169943	0.167943	0.167943	0.151992	0.16261	0.141606	0.162361	0.168556	0.163965	0.159933	0.157837	0.151698	0.153728	0.155773	0.153723	0.180654	0.180572	0.18118	0.174151	0.176462	0.247934	0.147575	0.149597	0.170354	0.157745	0.15772	0.157685	0.155652	0.157655	0.145537	0.147549	0.145534	0.143518	0.149761	0.154253	0.175985	0.166906	0.169497	0.163369	0.160836	0.168646	0.206946	0.172209	0.178931	0.191456	0.167183	0.185792	0.185361	0.188786	0.198096	0.1856	0.191625	0.177159	0.192379	0.180656	0.171093	0.175166	0.162683	0.145708	0.145694	0.158086	0.166447	0.168131	0.184766	0.164026	0.157871	0.165911	0.171926	0.17208	0.15383	0.152022	0.159942	0.156024	0.160138	0.162157	0.231735	0.222633	0.217231	0.191779	0.180897	0.172751	0.182526	0.179748	0.179974	0.15199	0.171329	0.158231	0.16023	0.197153	0.195324	0.17108	0.158674	0.243811	0.246749	0.183544	0.203586	0.181502	0.210346	0.18131	0.208579	0.176809	0.188628	0.197714	0.190822	0.209724	0.212041	0.226098	0.219493	0.216311	0.226478	0.212207	0.131568	0.139911	0.150415	0.137568	0.133545	0.133545	0.139587	0.137561	0.146125	0.141802	0.1398	0.179463	0.180744	0.167598	0.185569	0.203546	0.206447	0.160839	0.117376	0.107132	0.103133	0.122008	0.123805	0.11553	0.0887068	0.10708	0.103097	0.100938	0.0928108	0.104974	0.113218	0.113195	0.117509	0.125752	0.107023	0.0962294	0.109895	0.108052	0.095222	0.116903	0.10643	0.106958	0.099591	0.0934089	0.100192	0.0747421	0.0810173	0.0791003	0.0834393	0.060634	0.0749127	0.0690092	0.0771287	0.0646862	0.0835039	0.0626338	0.070163	0.0668753	0.079098	0.083409	0.0835284	0.0759129	0.0820206	0.0883636	0.0738954	0.0799244	0.0844892	0.0820701	0.0820268	0.0698911	0.0677989	0.0760586	0.0759717	0.077085	0.0690274	0.0711154	0.0608146	0.0670016	0.0810391	0.0749131	0.0666873	0.0891846	0.0828237	0.0808613	0.0828822	0.0807881	0.0847846	0.0909107	0.090876	0.0868574	0.0910283	0.0909937	0.0827861	0.0946397	0.0868044	0.0847464	0.0847337	0.0909108	0.0767124	0.0893214	0.0788645	0.0767739	0.0707174	0.0707158	0.0953325	0.0585568	0.0769032	0.0749024	0.0687627	0.0720056	0.0740037	0.0711509	0.0691432	0.0505805	0.0607731	0.0817538	0.0842391	0.0527352	0.0488698	0.0716512	0.0568739	0.0609142	0	0.0606869	0.0627664	0.0880933	0.0648161	0.0628387	0.0752827	0.0627305	0.0627064	0.0647895	0.0646865	0.0707343	0.0607614	0.0627672	0.0708876	0.0565609	0.0606337	0.0587215	0.0586475	0.0628001	0.102868	0.0646752	0.0773292	0.0627203	0.0736696	0.0793197	0.0771336	0.0689014	0.0689528	0.0806498	0.0972597	0.110302	0.0847408	0.0849686	0.0868274	0.0928866	0.0806396	0.0909055	0.0867898	0.0908436	0.0867443	0.0786452	0.0765643	0.0765653	0.0765653	0.0911033	0.0870853	0.0891724	0.0868622	0.0868808	0.0951625	0.0888716	0.0950777	0.0809816	0.0808389	0.0851783	0.101161	0.0891281	0.0809373	0.147151	0.128014	0.12141	0.133414	0.139775	0.139659	0.143577	0.130339	0.117785	0.189103	0.164744	0.184341	0.190756
Acrocephalus_arundinaceus	0.128928	0.136048	0.138086	0.16589	0.131789	0.129785	0.174556	0.187209	0.179457	0.195741	0.194895	0.172819	0.173818	0.187572	0.136965	0.133496	0.164152	0.157848	0.159893	0.153691	0.155707	0.153682	0.151683	0.151683	0.135731	0.146349	0.125346	0.1461	0.152295	0.147704	0.143672	0.141577	0.135438	0.137467	0.139513	0.137463	0.164394	0.164311	0.164919	0.15789	0.160201	0.231674	0.131314	0.133337	0.154093	0.141484	0.141459	0.141424	0.139391	0.141394	0.129276	0.131289	0.129273	0.127258	0.1335	0.137992	0.159725	0.150645	0.153237	0.147108	0.144575	0.152385	0.190685	0.155948	0.162671	0.175195	0.150922	0.169531	0.1691	0.172525	0.181835	0.169339	0.175364	0.160899	0.176119	0.164395	0.154832	0.158905	0.146422	0.129447	0.129433	0.141825	0.150186	0.15187	0.168506	0.147765	0.14161	0.149651	0.155665	0.155819	0.137569	0.135761	0.143682	0.139764	0.143878	0.145897	0.215475	0.206372	0.20097	0.175519	0.164636	0.156491	0.166265	0.163488	0.163713	0.135729	0.155068	0.141971	0.14397	0.180892	0.179063	0.154819	0.142413	0.22755	0.230488	0.167283	0.187325	0.165241	0.194086	0.165049	0.192318	0.160549	0.172367	0.181453	0.174562	0.193463	0.19578	0.209837	0.203232	0.20005	0.210217	0.195946	0.115307	0.12365	0.134155	0.121307	0.117285	0.117285	0.123326	0.1213	0.129864	0.125542	0.123539	0.163203	0.164483	0.151337	0.169308	0.187285	0.190186	0.144578	0.101115	0.0908716	0.0868722	0.105747	0.107544	0.0992689	0.0724461	0.090819	0.0868364	0.0846771	0.0765501	0.0887132	0.0969571	0.0969347	0.101248	0.109492	0.090762	0.0799687	0.0936341	0.0917913	0.0789613	0.100642	0.0901695	0.0906976	0.0833303	0.0771482	0.0839317	0.0584814	0.0647566	0.0628396	0.0671786	0.0443733	0.0586521	0.0527485	0.060868	0.0484255	0.0672432	0.0463731	0.0539023	0.0506146	0.0628373	0.0671483	0.0672677	0.0596522	0.0657599	0.0721029	0.0576347	0.0636637	0.0682285	0.0658094	0.0657661	0.0536305	0.0515382	0.0597979	0.059711	0.0608243	0.0527667	0.0548547	0.0445539	0.0507409	0.0647784	0.0586524	0.0504266	0.0729239	0.066563	0.0646006	0.0666215	0.0645274	0.0685239	0.07465	0.0746153	0.0705967	0.0747676	0.0747331	0.0665254	0.078379	0.0705437	0.0684857	0.0684731	0.0746501	0.0604517	0.0730607	0.0626038	0.0605132	0.0544567	0.0544551	0.0790718	0.0422961	0.0606425	0.0586417	0.052502	0.0557449	0.057743	0.0548902	0.0528825	0.0343198	0.0445124	0.0654931	0.0719728	0.0404689	0.0527931	0.0755745	0.0607972	0.0648375	0.0606869	0	0.0263666	0.0718327	0.0485554	0.046578	0.059022	0.0464698	0.0464457	0.0485288	0.0484259	0.0544736	0.0445008	0.0465065	0.0546269	0.0403002	0.044373	0.0424608	0.0423868	0.0465394	0.086607	0.0484146	0.0610685	0.0464596	0.0574089	0.063059	0.0608729	0.0526407	0.0526921	0.0643891	0.080999	0.0940416	0.0684801	0.0687079	0.0705667	0.0766259	0.0643789	0.0746448	0.0705291	0.0745829	0.0704836	0.0623845	0.0603036	0.0603046	0.0603046	0.0748426	0.0708246	0.0729117	0.0706015	0.0706201	0.0789018	0.0726109	0.078817	0.0647209	0.0645782	0.0689176	0.0849	0.0728674	0.0646766	0.13089	0.111753	0.105149	0.117154	0.123514	0.123399	0.127317	0.114078	0.101524	0.172842	0.148484	0.168081	0.174495
Hippolais_icterina	0.131007	0.138127	0.140166	0.16797	0.133868	0.131865	0.176636	0.189288	0.181537	0.19782	0.196974	0.174898	0.175897	0.189651	0.139044	0.135575	0.166231	0.159928	0.161972	0.155771	0.157787	0.155762	0.153762	0.153762	0.137811	0.148429	0.127425	0.14818	0.154375	0.149784	0.145752	0.143656	0.137517	0.139547	0.141592	0.139542	0.166473	0.166391	0.166998	0.15997	0.16228	0.233753	0.133394	0.135416	0.156173	0.143564	0.143539	0.143504	0.141471	0.143474	0.131356	0.133368	0.131353	0.129337	0.13558	0.140072	0.161804	0.152724	0.155316	0.149188	0.146654	0.154465	0.192765	0.158028	0.16475	0.177274	0.153002	0.17161	0.17118	0.174605	0.183915	0.171418	0.177444	0.162978	0.178198	0.166475	0.156911	0.160985	0.148501	0.131526	0.131512	0.143905	0.152265	0.15395	0.170585	0.149845	0.143689	0.15173	0.157745	0.157899	0.139649	0.13784	0.145761	0.141843	0.145957	0.147976	0.217554	0.208452	0.20305	0.177598	0.166716	0.15857	0.168344	0.165567	0.165792	0.137809	0.157147	0.14405	0.146049	0.182972	0.181143	0.156899	0.144493	0.22963	0.232567	0.169363	0.189405	0.16732	0.196165	0.167129	0.194398	0.162628	0.174447	0.183532	0.176641	0.195543	0.19786	0.211917	0.205312	0.202129	0.212296	0.198026	0.117387	0.12573	0.136234	0.123387	0.119364	0.119364	0.125406	0.12338	0.131944	0.127621	0.125619	0.165282	0.166562	0.153417	0.171388	0.189364	0.192266	0.146658	0.103195	0.0929511	0.0889518	0.107826	0.109623	0.101348	0.0745257	0.0928986	0.088916	0.0867566	0.0786296	0.0907927	0.0990367	0.0990142	0.103327	0.111571	0.0928416	0.0820482	0.0957136	0.0938709	0.0810408	0.102722	0.092249	0.0927772	0.0854099	0.0792278	0.0860112	0.0605609	0.0668361	0.0649192	0.0692582	0.0464529	0.0607316	0.0548281	0.0629476	0.050505	0.0693228	0.0484526	0.0559818	0.0526941	0.0649169	0.0692279	0.0693473	0.0617317	0.0678394	0.0741824	0.0597143	0.0657433	0.070308	0.067889	0.0678457	0.05571	0.0536177	0.0618774	0.0617905	0.0629038	0.0548463	0.0569342	0.0466335	0.0528204	0.066858	0.0607319	0.0525062	0.0750035	0.0686425	0.0666801	0.068701	0.0666069	0.0706034	0.0767296	0.0766948	0.0726762	0.0768471	0.0768126	0.068605	0.0804585	0.0726233	0.0705652	0.0705526	0.0767297	0.0625312	0.0751403	0.0646833	0.0625927	0.0565362	0.0565346	0.0811513	0.0443756	0.062722	0.0607213	0.0545816	0.0578244	0.0598226	0.0569697	0.0549621	0.0363993	0.046592	0.0675727	0.0740523	0.0425485	0.0548726	0.0776541	0.0628767	0.066917	0.0627664	0.0263666	0	0.0739122	0.050635	0.0486575	0.0611016	0.0485493	0.0485253	0.0506083	0.0505054	0.0565532	0.0465803	0.048586	0.0567065	0.0423797	0.0464525	0.0445403	0.0444664	0.048619	0.0886865	0.0504941	0.063148	0.0485391	0.0594884	0.0651386	0.0629524	0.0547203	0.0547716	0.0664686	0.0830786	0.0961211	0.0705596	0.0707874	0.0726462	0.0787054	0.0664584	0.0767244	0.0726087	0.0766624	0.0725631	0.0644641	0.0623832	0.0623842	0.0623842	0.0769221	0.0729041	0.0749912	0.072681	0.0726996	0.0809813	0.0746904	0.0808966	0.0668004	0.0666578	0.0709971	0.0869795	0.074947	0.0667562	0.13297	0.113833	0.107229	0.119233	0.125594	0.125478	0.129396	0.116158	0.103604	0.174922	0.150563	0.17016	0.176575
Hirundo_rustica	0.156329	0.163449	0.165488	0.193292	0.159191	0.157187	0.201958	0.21461	0.206859	0.223142	0.222296	0.20022	0.201219	0.214973	0.164366	0.160897	0.191554	0.18525	0.187294	0.181093	0.183109	0.181084	0.179084	0.179084	0.163133	0.173751	0.152747	0.173502	0.179697	0.175106	0.171074	0.168978	0.162839	0.164869	0.166914	0.164864	0.191795	0.191713	0.192321	0.185292	0.187602	0.259075	0.158716	0.160738	0.181495	0.168886	0.168861	0.168826	0.166793	0.168796	0.156678	0.15869	0.156675	0.154659	0.160902	0.165394	0.187126	0.178047	0.180638	0.17451	0.171977	0.179787	0.218087	0.18335	0.190072	0.202597	0.178324	0.196932	0.196502	0.199927	0.209237	0.196741	0.202766	0.1883	0.20352	0.191797	0.182234	0.186307	0.173824	0.156848	0.156835	0.169227	0.177588	0.179272	0.195907	0.175167	0.169012	0.177052	0.183067	0.183221	0.164971	0.163162	0.171083	0.167165	0.171279	0.173298	0.242876	0.233774	0.228372	0.20292	0.192038	0.183892	0.193666	0.190889	0.191115	0.163131	0.182469	0.169372	0.171371	0.208294	0.206465	0.182221	0.169815	0.254952	0.25789	0.194685	0.214727	0.192642	0.221487	0.192451	0.21972	0.18795	0.199769	0.208854	0.201963	0.220865	0.223182	0.237239	0.230634	0.227451	0.237619	0.223348	0.142709	0.151052	0.161556	0.148709	0.144686	0.144686	0.150728	0.148702	0.157266	0.152943	0.150941	0.190604	0.191884	0.178739	0.19671	0.214687	0.217588	0.17198	0.128517	0.118273	0.114274	0.133149	0.134945	0.12667	0.0998477	0.118221	0.114238	0.112079	0.103952	0.116115	0.124359	0.124336	0.128649	0.136893	0.118164	0.10737	0.121036	0.119193	0.106363	0.128044	0.117571	0.118099	0.110732	0.10455	0.111333	0.085883	0.0921582	0.0902413	0.0945803	0.0717749	0.0860537	0.0801502	0.0882697	0.0758271	0.0946449	0.0737747	0.0813039	0.0780162	0.090239	0.09455	0.0946694	0.0870538	0.0931615	0.0995045	0.0850364	0.0910654	0.0956301	0.0932111	0.0931678	0.0810321	0.0789398	0.0871995	0.0871126	0.0882259	0.0801683	0.0822563	0.0719556	0.0781425	0.0921801	0.086054	0.0778283	0.100326	0.0939646	0.0920022	0.0940231	0.091929	0.0959255	0.102052	0.102017	0.0979983	0.102169	0.102135	0.0939271	0.105781	0.0979454	0.0958873	0.0958747	0.102052	0.0878533	0.100462	0.0900054	0.0879148	0.0818583	0.0818567	0.106473	0.0696977	0.0880441	0.0860434	0.0799036	0.0831465	0.0851447	0.0822918	0.0802842	0.0617214	0.0719141	0.0928948	0.0993793	0.0678754	0.0801996	0.102981	0.0882037	0.092244	0.0880933	0.0718327	0.0739122	0	0.0759463	0.0739689	0.0864129	0.0738607	0.0738415	0.0759245	0.0758216	0.0818693	0.0718965	0.0739022	0.0820227	0.0676959	0.0717687	0.0698624	0.0697885	0.0739411	0.114009	0.0758162	0.0884701	0.0738612	0.0848105	0.0904607	0.0882745	0.0800424	0.0800937	0.0917907	0.108401	0.121443	0.0958817	0.0961095	0.0979683	0.104028	0.0917805	0.102046	0.0979308	0.101985	0.0978852	0.0897862	0.0877053	0.0877063	0.0877063	0.102244	0.0982262	0.100313	0.0980031	0.0980217	0.106303	0.100013	0.106219	0.0921225	0.0919799	0.0963192	0.112302	0.100269	0.0920783	0.158292	0.139155	0.132551	0.144555	0.150916	0.1508	0.154718	0.14148	0.128926	0.200244	0.175885	0.195482	0.201897
Phylloscopus_trochilus	0.133052	0.140172	0.142211	0.170014	0.135913	0.13391	0.178681	0.191333	0.183582	0.199865	0.199019	0.176943	0.177942	0.191696	0.141089	0.13762	0.168276	0.161973	0.164017	0.157816	0.159832	0.157807	0.155807	0.155807	0.139856	0.150473	0.12947	0.150225	0.156419	0.151829	0.147796	0.145701	0.139562	0.141592	0.143637	0.141587	0.168518	0.168436	0.169043	0.162015	0.164325	0.235798	0.135438	0.137461	0.158218	0.145609	0.145583	0.145549	0.143516	0.145519	0.1334	0.135413	0.133398	0.131382	0.137625	0.142117	0.163849	0.154769	0.157361	0.151233	0.148699	0.15651	0.194809	0.160073	0.166795	0.179319	0.155046	0.173655	0.173225	0.17665	0.18596	0.173463	0.179489	0.165023	0.180243	0.16852	0.158956	0.16303	0.150546	0.133571	0.133557	0.14595	0.15431	0.155994	0.17263	0.15189	0.145734	0.153775	0.15979	0.159944	0.141694	0.139885	0.147806	0.143888	0.148002	0.150021	0.219599	0.210497	0.205095	0.179643	0.168761	0.160615	0.170389	0.167612	0.167837	0.139854	0.159192	0.146095	0.148094	0.185016	0.183188	0.158944	0.146537	0.231674	0.234612	0.171408	0.19145	0.169365	0.19821	0.169174	0.196443	0.164673	0.176492	0.185577	0.178686	0.197587	0.199905	0.213961	0.207357	0.204174	0.214341	0.200071	0.119432	0.127775	0.138279	0.125432	0.121409	0.121409	0.127451	0.125425	0.133989	0.129666	0.127664	0.167327	0.168607	0.155462	0.173433	0.191409	0.19431	0.148703	0.105239	0.094996	0.0909967	0.109871	0.111668	0.103393	0.0765705	0.0949434	0.0909609	0.0888015	0.0806745	0.0928376	0.101082	0.101059	0.105372	0.113616	0.0948864	0.0840931	0.0977585	0.0959158	0.0830857	0.104766	0.0942939	0.0948221	0.0874548	0.0812727	0.0880561	0.0626058	0.068881	0.0669641	0.0713031	0.0484977	0.0627765	0.056873	0.0649925	0.0525499	0.0713677	0.0504975	0.0580267	0.054739	0.0669617	0.0712727	0.0713921	0.0637766	0.0698843	0.0762273	0.0617591	0.0677881	0.0723529	0.0699338	0.0698905	0.0577549	0.0556626	0.0639223	0.0638354	0.0649487	0.0568911	0.0589791	0.0486783	0.0548653	0.0689029	0.0627768	0.0545511	0.0770483	0.0706874	0.068725	0.0707459	0.0686518	0.0726483	0.0787744	0.0787397	0.0747211	0.078892	0.0788575	0.0706499	0.0825034	0.0746682	0.0726101	0.0725975	0.0787745	0.0645761	0.0771852	0.0667282	0.0646376	0.0585811	0.0585795	0.0831962	0.0464205	0.0647669	0.0627661	0.0566264	0.0598693	0.0618674	0.0590146	0.057007	0.0384442	0.0486369	0.0696176	0.0761021	0.0445982	0.0569224	0.0797038	0.0649265	0.0689668	0.0648161	0.0485554	0.050635	0.0759463	0	0.022262	0.0591919	0.0466397	0.0505643	0.0526473	0.0525444	0.0585921	0.0486193	0.050625	0.0587454	0.0444187	0.0484915	0.0465852	0.0465113	0.0506639	0.0907314	0.052539	0.0651929	0.050584	0.0615333	0.0671835	0.0649973	0.0567651	0.0568165	0.0685135	0.0851234	0.098166	0.0726045	0.0728323	0.0746911	0.0807503	0.0685033	0.0787693	0.0746535	0.0787073	0.074608	0.0665089	0.064428	0.064429	0.064429	0.078967	0.074949	0.0770361	0.0747259	0.0747445	0.0830262	0.0767353	0.0829415	0.0688453	0.0687027	0.073042	0.0890244	0.0769919	0.068801	0.135015	0.115878	0.109274	0.121278	0.127639	0.127523	0.131441	0.118203	0.105648	0.176967	0.152608	0.172205	0.17862
Rhadina_sibilatrix	0.131075	0.138195	0.140233	0.168037	0.133936	0.131932	0.176703	0.189356	0.181604	0.197888	0.197042	0.174966	0.175964	0.189719	0.139111	0.135642	0.166299	0.159995	0.16204	0.155838	0.157854	0.155829	0.153829	0.153829	0.137878	0.148496	0.127493	0.148247	0.154442	0.149851	0.145819	0.143724	0.137585	0.139614	0.14166	0.13961	0.166541	0.166458	0.167066	0.160037	0.162348	0.233821	0.133461	0.135484	0.15624	0.143631	0.143606	0.143571	0.141538	0.143541	0.131423	0.133435	0.13142	0.129405	0.135647	0.140139	0.161872	0.152792	0.155384	0.149255	0.146722	0.154532	0.192832	0.158095	0.164817	0.177342	0.153069	0.171678	0.171247	0.174672	0.183982	0.171486	0.177511	0.163046	0.178266	0.166542	0.156979	0.161052	0.148569	0.131594	0.13158	0.143972	0.152333	0.154017	0.170653	0.149912	0.143757	0.151798	0.157812	0.157966	0.139716	0.137908	0.145829	0.141911	0.146025	0.148044	0.217622	0.208519	0.203117	0.177666	0.166783	0.158638	0.168412	0.165635	0.16586	0.137876	0.157215	0.144118	0.146117	0.183039	0.18121	0.156966	0.14456	0.229697	0.232635	0.16943	0.189472	0.167388	0.196232	0.167196	0.194465	0.162696	0.174514	0.1836	0.176709	0.19561	0.197927	0.211984	0.205379	0.202197	0.212364	0.198093	0.117454	0.125797	0.136302	0.123454	0.119432	0.119432	0.125473	0.123447	0.132011	0.127689	0.125686	0.16535	0.16663	0.153484	0.171455	0.189432	0.192333	0.146725	0.103262	0.0930186	0.0890192	0.107894	0.109691	0.101416	0.0745931	0.092966	0.0889834	0.086824	0.0786971	0.0908601	0.0991041	0.0990817	0.103395	0.111639	0.092909	0.0821156	0.095781	0.0939383	0.0811082	0.102789	0.0923164	0.0928446	0.0854773	0.0792952	0.0860787	0.0606284	0.0669035	0.0649866	0.0693256	0.0465203	0.060799	0.0548955	0.063015	0.0505724	0.0693902	0.04852	0.0560492	0.0527615	0.0649843	0.0692953	0.0694147	0.0617992	0.0679068	0.0742498	0.0597817	0.0658107	0.0703754	0.0679564	0.0679131	0.0557774	0.0536851	0.0619448	0.0618579	0.0629713	0.0549137	0.0570016	0.0467009	0.0528879	0.0669254	0.0607993	0.0525736	0.0750709	0.06871	0.0667475	0.0687684	0.0666744	0.0706708	0.076797	0.0767623	0.0727436	0.0769146	0.07688	0.0686724	0.080526	0.0726907	0.0706326	0.07062	0.0767971	0.0625987	0.0752077	0.0647507	0.0626602	0.0566036	0.056602	0.0812187	0.0444431	0.0627894	0.0607887	0.054649	0.0578919	0.05989	0.0570371	0.0550295	0.0364667	0.0466594	0.0676401	0.0741246	0.0426207	0.0549449	0.0777263	0.062949	0.0669893	0.0628387	0.046578	0.0486575	0.0739689	0.022262	0	0.0572145	0.0446622	0.0485868	0.0506698	0.0505669	0.0566147	0.0466418	0.0486476	0.056768	0.0424412	0.046514	0.0446077	0.0445338	0.0486864	0.088754	0.0505615	0.0632155	0.0486066	0.0595559	0.065206	0.0630199	0.0547877	0.0548391	0.0665361	0.083146	0.0961885	0.070627	0.0708549	0.0727136	0.0787728	0.0665258	0.0767918	0.0726761	0.0767298	0.0726305	0.0645315	0.0624506	0.0624516	0.0624516	0.0769895	0.0729715	0.0750586	0.0727484	0.072767	0.0810487	0.0747578	0.080964	0.0668678	0.0667252	0.0710646	0.0870469	0.0750144	0.0668236	0.133037	0.1139	0.107296	0.119301	0.125661	0.125546	0.129464	0.116225	0.103671	0.174989	0.150631	0.170228	0.176642
Brachypodius_atriceps	0.143519	0.150639	0.152677	0.180481	0.14638	0.144376	0.189147	0.2018	0.194048	0.210332	0.209486	0.18741	0.188409	0.202163	0.151556	0.148087	0.178743	0.172439	0.174484	0.168282	0.170298	0.168273	0.166274	0.166274	0.150322	0.16094	0.139937	0.160691	0.166886	0.162295	0.158263	0.156168	0.150029	0.152058	0.154104	0.152054	0.178985	0.178902	0.17951	0.172481	0.174792	0.246265	0.145905	0.147928	0.168684	0.156075	0.15605	0.156015	0.153982	0.155985	0.143867	0.14588	0.143864	0.141849	0.148091	0.152583	0.174316	0.165236	0.167828	0.161699	0.159166	0.166976	0.205276	0.170539	0.177262	0.189786	0.165513	0.184122	0.183691	0.187116	0.196426	0.18393	0.189955	0.17549	0.19071	0.178986	0.169423	0.173496	0.161013	0.144038	0.144024	0.156416	0.164777	0.166461	0.183097	0.162356	0.156201	0.164242	0.170256	0.17041	0.15216	0.150352	0.158273	0.154355	0.158469	0.160488	0.230066	0.220963	0.215561	0.19011	0.179227	0.171082	0.180856	0.178079	0.178304	0.15032	0.169659	0.156562	0.158561	0.195483	0.193654	0.16941	0.157004	0.242141	0.245079	0.181874	0.201916	0.179832	0.208677	0.17964	0.206909	0.17514	0.186958	0.196044	0.189153	0.208054	0.210371	0.224428	0.217823	0.214641	0.224808	0.210537	0.129898	0.138241	0.148746	0.135898	0.131876	0.131876	0.137917	0.135891	0.144455	0.140133	0.13813	0.177794	0.179074	0.165928	0.183899	0.201876	0.204777	0.159169	0.115706	0.105463	0.101463	0.120338	0.122135	0.11386	0.0870371	0.10541	0.101427	0.0992681	0.0911411	0.103304	0.111548	0.111526	0.115839	0.124083	0.105353	0.0945597	0.108225	0.106382	0.0935523	0.115233	0.10476	0.105289	0.0979214	0.0917393	0.0985227	0.0730724	0.0793476	0.0774306	0.0817696	0.0589643	0.0732431	0.0673396	0.075459	0.0630165	0.0818342	0.0609641	0.0684933	0.0652056	0.0774283	0.0817393	0.0818587	0.0742432	0.0803509	0.0866939	0.0722257	0.0782547	0.0828195	0.0804004	0.0803571	0.0682215	0.0661292	0.0743889	0.074302	0.0754153	0.0673577	0.0694457	0.0591449	0.0653319	0.0793695	0.0732434	0.0650176	0.0875149	0.081154	0.0791916	0.0812125	0.0791184	0.0831149	0.089241	0.0892063	0.0851877	0.0893586	0.0893241	0.0811164	0.09297	0.0851347	0.0830767	0.0830641	0.0892411	0.0750427	0.0876518	0.0771948	0.0751042	0.0690477	0.0690461	0.0936628	0.0568871	0.0752335	0.0732327	0.067093	0.0703359	0.072334	0.0694812	0.0674735	0.0489108	0.0591035	0.0800841	0.0865686	0.0550648	0.0673889	0.0901704	0.075393	0.0794333	0.0752827	0.059022	0.0611016	0.0864129	0.0591919	0.0572145	0	0.0453368	0.0610308	0.0631139	0.063011	0.0690587	0.0590859	0.0610916	0.069212	0.0548853	0.0589581	0.0570518	0.0569779	0.0611304	0.101198	0.0630056	0.0756595	0.0610506	0.0719999	0.07765	0.0754639	0.0672317	0.0672831	0.0789801	0.09559	0.108633	0.0830711	0.0832989	0.0851577	0.0912169	0.0789699	0.0892358	0.0851201	0.0891739	0.0850746	0.0769755	0.0748946	0.0748956	0.0748956	0.0894336	0.0854156	0.0875027	0.0851925	0.0852111	0.0934928	0.0872019	0.093408	0.0793119	0.0791693	0.0835086	0.099491	0.0874584	0.0792676	0.145481	0.126344	0.11974	0.131745	0.138105	0.13799	0.141908	0.128669	0.116115	0.187433	0.163075	0.182672	0.189086
Pycnonotus_jocosus	0.130966	0.138086	0.140125	0.167929	0.133828	0.131824	0.176595	0.189248	0.181496	0.197779	0.196933	0.174858	0.175856	0.18961	0.139003	0.135534	0.166191	0.159887	0.161931	0.15573	0.157746	0.155721	0.153721	0.153721	0.13777	0.148388	0.127384	0.148139	0.154334	0.149743	0.145711	0.143615	0.137476	0.139506	0.141552	0.139501	0.166432	0.16635	0.166958	0.159929	0.16224	0.233712	0.133353	0.135375	0.156132	0.143523	0.143498	0.143463	0.14143	0.143433	0.131315	0.133327	0.131312	0.129297	0.135539	0.140031	0.161763	0.152684	0.155276	0.149147	0.146614	0.154424	0.192724	0.157987	0.164709	0.177234	0.152961	0.17157	0.171139	0.174564	0.183874	0.171378	0.177403	0.162937	0.178158	0.166434	0.156871	0.160944	0.148461	0.131486	0.131472	0.143864	0.152225	0.153909	0.170544	0.149804	0.143649	0.151689	0.157704	0.157858	0.139608	0.1378	0.14572	0.141803	0.145916	0.147935	0.217513	0.208411	0.203009	0.177557	0.166675	0.158529	0.168304	0.165526	0.165752	0.137768	0.157107	0.144009	0.146008	0.182931	0.181102	0.156858	0.144452	0.229589	0.232527	0.169322	0.189364	0.16728	0.196124	0.167088	0.194357	0.162587	0.174406	0.183492	0.1766	0.195502	0.197819	0.211876	0.205271	0.202089	0.212256	0.197985	0.117346	0.125689	0.136194	0.123346	0.119323	0.119323	0.125365	0.123339	0.131903	0.12758	0.125578	0.165241	0.166522	0.153376	0.171347	0.189324	0.192225	0.146617	0.103154	0.0929103	0.088911	0.107786	0.109583	0.101308	0.0744849	0.0928578	0.0888752	0.0867158	0.0785888	0.0907519	0.0989959	0.0989734	0.103287	0.11153	0.0928008	0.0820074	0.0956728	0.0938301	0.081	0.102681	0.0922082	0.0927364	0.0853691	0.079187	0.0859704	0.0605201	0.0667953	0.0648784	0.0692174	0.0464121	0.0606908	0.0547873	0.0629068	0.0504642	0.069282	0.0484118	0.055941	0.0526533	0.0648761	0.0691871	0.0693065	0.061691	0.0677986	0.0741416	0.0596735	0.0657025	0.0702672	0.0678482	0.0678049	0.0556692	0.0535769	0.0618366	0.0617497	0.062863	0.0548055	0.0568934	0.0465927	0.0527796	0.0668172	0.0606911	0.0524654	0.0749627	0.0686018	0.0666393	0.0686602	0.0665661	0.0705626	0.0766888	0.0766541	0.0726354	0.0768063	0.0767718	0.0685642	0.0804177	0.0725825	0.0705244	0.0705118	0.0766889	0.0624905	0.0750995	0.0646425	0.0625519	0.0564954	0.0564938	0.0811105	0.0443348	0.0626812	0.0606805	0.0545408	0.0577837	0.0597818	0.0569289	0.0549213	0.0363585	0.0465512	0.0675319	0.0740164	0.0425125	0.0548367	0.0776181	0.0628408	0.0668811	0.0627305	0.0464698	0.0485493	0.0738607	0.0466397	0.0446622	0.0453368	0	0.0484786	0.0505616	0.0504587	0.0565065	0.0465336	0.0485393	0.0566598	0.042333	0.0464058	0.0444995	0.0444256	0.0485782	0.0886457	0.0504533	0.0631073	0.0484984	0.0594476	0.0650978	0.0629116	0.0546795	0.0547309	0.0664278	0.0830378	0.0960803	0.0705188	0.0707466	0.0726054	0.0786646	0.0664176	0.0766836	0.0725679	0.0766216	0.0725223	0.0644233	0.0623424	0.0623434	0.0623434	0.0768813	0.0728633	0.0749504	0.0726402	0.0726588	0.0809405	0.0746496	0.0808558	0.0667596	0.066617	0.0709563	0.0869387	0.0749062	0.0667154	0.132929	0.113792	0.107188	0.119192	0.125553	0.125437	0.129355	0.116117	0.103563	0.174881	0.150523	0.170119	0.176534
Sinosuthora_webbiana	0.130942	0.138062	0.140101	0.167905	0.133804	0.1318	0.176571	0.189224	0.181472	0.197755	0.196909	0.174834	0.175832	0.189586	0.138979	0.13551	0.166167	0.159863	0.161907	0.155706	0.157722	0.155697	0.153697	0.153697	0.137746	0.148364	0.12736	0.148115	0.15431	0.149719	0.145687	0.143591	0.137452	0.139482	0.141527	0.139477	0.166408	0.166326	0.166934	0.159905	0.162216	0.233688	0.133329	0.135351	0.156108	0.143499	0.143474	0.143439	0.141406	0.143409	0.131291	0.133303	0.131288	0.129273	0.135515	0.140007	0.161739	0.15266	0.155252	0.149123	0.14659	0.1544	0.1927	0.157963	0.164685	0.17721	0.152937	0.171546	0.171115	0.17454	0.18385	0.171354	0.177379	0.162913	0.178134	0.16641	0.156847	0.16092	0.148437	0.131462	0.131448	0.14384	0.152201	0.153885	0.17052	0.14978	0.143625	0.151665	0.15768	0.157834	0.139584	0.137776	0.145696	0.141779	0.145892	0.147911	0.217489	0.208387	0.202985	0.177533	0.166651	0.158505	0.16828	0.165502	0.165728	0.137744	0.157083	0.143985	0.145984	0.182907	0.181078	0.156834	0.144428	0.229565	0.232503	0.169298	0.18934	0.167256	0.1961	0.167064	0.194333	0.162563	0.174382	0.183468	0.176576	0.195478	0.197795	0.211852	0.205247	0.202065	0.212232	0.197961	0.117322	0.125665	0.13617	0.123322	0.119299	0.119299	0.125341	0.123315	0.131879	0.127556	0.125554	0.165217	0.166498	0.153352	0.171323	0.1893	0.192201	0.146593	0.10313	0.0928863	0.088887	0.107762	0.109559	0.101284	0.0744608	0.0928338	0.0888512	0.0866918	0.0785648	0.0907279	0.0989719	0.0989494	0.103263	0.111506	0.0927767	0.0819834	0.0956488	0.0938061	0.080976	0.102657	0.0921842	0.0927124	0.0853451	0.079163	0.0859464	0.0604961	0.0667713	0.0648544	0.0691934	0.046388	0.0606668	0.0547633	0.0628828	0.0504402	0.069258	0.0483878	0.055917	0.0526293	0.0648521	0.0691631	0.0692825	0.0616669	0.0677746	0.0741176	0.0596495	0.0656785	0.0702432	0.0678241	0.0677809	0.0556452	0.0535529	0.0618126	0.0617257	0.062839	0.0547814	0.0568694	0.0465687	0.0527556	0.0667932	0.0606671	0.0524414	0.0749386	0.0685777	0.0666153	0.0686362	0.0665421	0.0705386	0.0766648	0.07663	0.0726114	0.0767823	0.0767478	0.0685402	0.0803937	0.0725585	0.0705004	0.0704878	0.0766648	0.0624664	0.0750755	0.0646185	0.0625279	0.0564714	0.0564698	0.0810865	0.0443108	0.0626572	0.0606564	0.0545167	0.0577596	0.0597578	0.0569049	0.0548973	0.0363345	0.0465272	0.0675079	0.0739924	0.0424885	0.0548127	0.0775941	0.0628168	0.0668571	0.0627064	0.0464457	0.0485253	0.0738415	0.0505643	0.0485868	0.0610308	0.0484786	0	0.0304768	0.0303739	0.0484754	0.0385026	0.0405083	0.0486287	0.034302	0.0383748	0.0444755	0.0444016	0.0485542	0.0886217	0.0504293	0.0630832	0.0484743	0.0594236	0.0650738	0.0628876	0.0546554	0.0547068	0.0664038	0.0830137	0.0960563	0.0704948	0.0707226	0.0725814	0.0786406	0.0663936	0.0766596	0.0725439	0.0765976	0.0724983	0.0643992	0.0623184	0.0623194	0.0623194	0.0768573	0.0728393	0.0749264	0.0726162	0.0726348	0.0809165	0.0746256	0.0808318	0.0667356	0.066593	0.0709323	0.0869147	0.0748822	0.0666914	0.132905	0.113768	0.107164	0.119168	0.125529	0.125413	0.129331	0.116093	0.103539	0.174857	0.150498	0.170095	0.17651
Sylvia_atricapilla	0.133025	0.140145	0.142184	0.169988	0.135887	0.133883	0.178654	0.191307	0.183555	0.199838	0.198992	0.176917	0.177915	0.191669	0.141062	0.137593	0.16825	0.161946	0.16399	0.157789	0.159805	0.15778	0.15578	0.15578	0.139829	0.150447	0.129443	0.150198	0.156393	0.151802	0.14777	0.145674	0.139535	0.141565	0.143611	0.14156	0.168491	0.168409	0.169017	0.161988	0.164299	0.235771	0.135412	0.137434	0.158191	0.145582	0.145557	0.145522	0.143489	0.145492	0.133374	0.135386	0.133371	0.131356	0.137598	0.14209	0.163822	0.154743	0.157335	0.151206	0.148673	0.156483	0.194783	0.160046	0.166768	0.179293	0.15502	0.173629	0.173198	0.176623	0.185933	0.173437	0.179462	0.164996	0.180217	0.168493	0.15893	0.163003	0.15052	0.133545	0.133531	0.145923	0.154284	0.155968	0.172603	0.151863	0.145708	0.153748	0.159763	0.159917	0.141667	0.139859	0.147779	0.143862	0.147975	0.149994	0.219572	0.21047	0.205068	0.179616	0.168734	0.160588	0.170363	0.167585	0.167811	0.139827	0.159166	0.146068	0.148067	0.18499	0.183161	0.158917	0.146511	0.231648	0.234586	0.171381	0.191423	0.169339	0.198183	0.169147	0.196416	0.164646	0.176465	0.185551	0.178659	0.197561	0.199878	0.213935	0.20733	0.204148	0.214315	0.200044	0.119405	0.127748	0.138253	0.125405	0.121382	0.121382	0.127424	0.125398	0.133962	0.129639	0.127637	0.1673	0.168581	0.155435	0.173406	0.191383	0.194284	0.148676	0.105213	0.0949693	0.09097	0.109845	0.111642	0.103367	0.0765439	0.0949168	0.0909342	0.0887748	0.0806478	0.0928109	0.101055	0.101032	0.105346	0.113589	0.0948598	0.0840664	0.0977318	0.0958891	0.083059	0.10474	0.0942672	0.0947954	0.0874281	0.081246	0.0880294	0.0625791	0.0688543	0.0669374	0.0712764	0.0484711	0.0627498	0.0568463	0.0649658	0.0525232	0.071341	0.0504708	0.058	0.0547123	0.0669351	0.0712461	0.0713655	0.06375	0.0698576	0.0762006	0.0617325	0.0677615	0.0723262	0.0699072	0.0698639	0.0577282	0.0556359	0.0638956	0.0638087	0.0649221	0.0568645	0.0589524	0.0486517	0.0548386	0.0688762	0.0627501	0.0545244	0.0770217	0.0706608	0.0686983	0.0707192	0.0686251	0.0726216	0.0787478	0.0787131	0.0746944	0.0788654	0.0788308	0.0706232	0.0824767	0.0746415	0.0725834	0.0725708	0.0787479	0.0645495	0.0771585	0.0667015	0.0646109	0.0585544	0.0585528	0.0831695	0.0463938	0.0647402	0.0627395	0.0565998	0.0598427	0.0618408	0.0589879	0.0569803	0.0384175	0.0486102	0.0695909	0.0760754	0.0445715	0.0568957	0.0796771	0.0648998	0.0689401	0.0647895	0.0485288	0.0506083	0.0759245	0.0526473	0.0506698	0.0631139	0.0505616	0.0304768	0	0.0203903	0.0505584	0.0405856	0.0425913	0.0507118	0.036385	0.0404578	0.0465585	0.0464846	0.0506372	0.0907048	0.0525123	0.0651663	0.0505574	0.0615066	0.0671568	0.0649706	0.0567385	0.0567899	0.0684868	0.0850968	0.0981393	0.0725778	0.0728056	0.0746644	0.0807236	0.0684766	0.0787426	0.0746269	0.0786806	0.0745813	0.0664823	0.0644014	0.0644024	0.0644024	0.0789403	0.0749223	0.0770094	0.0746992	0.0747178	0.0829995	0.0767086	0.0829148	0.0688186	0.068676	0.0730153	0.0889977	0.0769652	0.0687744	0.134988	0.115851	0.109247	0.121251	0.127612	0.127496	0.131414	0.118176	0.105622	0.17694	0.152582	0.172178	0.178593
Sylvia_borin	0.132922	0.140042	0.142081	0.169885	0.135784	0.13378	0.178551	0.191204	0.183452	0.199735	0.198889	0.176814	0.177812	0.191566	0.140959	0.13749	0.168147	0.161843	0.163888	0.157686	0.159702	0.157677	0.155677	0.155677	0.139726	0.150344	0.12934	0.150095	0.15629	0.151699	0.147667	0.145571	0.139433	0.141462	0.143508	0.141457	0.168389	0.168306	0.168914	0.161885	0.164196	0.235669	0.135309	0.137331	0.158088	0.145479	0.145454	0.145419	0.143386	0.145389	0.133271	0.135283	0.133268	0.131253	0.137495	0.141987	0.16372	0.15464	0.157232	0.151103	0.14857	0.15638	0.19468	0.159943	0.166665	0.17919	0.154917	0.173526	0.173095	0.17652	0.18583	0.173334	0.179359	0.164894	0.180114	0.16839	0.158827	0.1629	0.150417	0.133442	0.133428	0.14582	0.154181	0.155865	0.1725	0.15176	0.145605	0.153645	0.15966	0.159814	0.141564	0.139756	0.147677	0.143759	0.147872	0.149891	0.219469	0.210367	0.204965	0.179514	0.168631	0.160485	0.17026	0.167482	0.167708	0.139724	0.159063	0.145965	0.147965	0.184887	0.183058	0.158814	0.146408	0.231545	0.234483	0.171278	0.19132	0.169236	0.19808	0.169044	0.196313	0.164543	0.176362	0.185448	0.178557	0.197458	0.199775	0.213832	0.207227	0.204045	0.214212	0.199941	0.119302	0.127645	0.13815	0.125302	0.12128	0.12128	0.127321	0.125295	0.133859	0.129537	0.127534	0.167197	0.168478	0.155332	0.173303	0.19128	0.194181	0.148573	0.10511	0.0948664	0.0908671	0.109742	0.111539	0.103264	0.076441	0.0948139	0.0908313	0.0886719	0.0805449	0.092708	0.100952	0.10093	0.105243	0.113487	0.0947569	0.0839635	0.0976289	0.0957862	0.0829561	0.104637	0.0941643	0.0946925	0.0873252	0.0811431	0.0879265	0.0624762	0.0687514	0.0668345	0.0711735	0.0483682	0.0626469	0.0567434	0.0648629	0.0524203	0.0712381	0.0503679	0.0578971	0.0546094	0.0668322	0.0711432	0.0712626	0.063647	0.0697547	0.0760977	0.0616296	0.0676586	0.0722233	0.0698043	0.069761	0.0576253	0.055533	0.0637927	0.0637058	0.0648191	0.0567615	0.0588495	0.0485488	0.0547357	0.0687733	0.0626472	0.0544215	0.0769188	0.0705578	0.0685954	0.0706163	0.0685222	0.0725187	0.0786449	0.0786101	0.0745915	0.0787624	0.0787279	0.0705203	0.0823738	0.0745386	0.0724805	0.0724679	0.0786449	0.0644465	0.0770556	0.0665986	0.064508	0.0584515	0.0584499	0.0830666	0.0462909	0.0646373	0.0626366	0.0564969	0.0597397	0.0617379	0.058885	0.0568774	0.0383146	0.0485073	0.069488	0.0759725	0.0444686	0.0567928	0.0795742	0.0647969	0.0688372	0.0646865	0.0484259	0.0505054	0.0758216	0.0525444	0.0505669	0.063011	0.0504587	0.0303739	0.0203903	0	0.0504555	0.0404827	0.0424884	0.0506088	0.0362821	0.0403549	0.0464556	0.0463817	0.0505343	0.0906018	0.0524094	0.0650633	0.0504544	0.0614037	0.0670539	0.0648677	0.0566356	0.0566869	0.0683839	0.0849939	0.0980364	0.0724749	0.0727027	0.0745615	0.0806207	0.0683737	0.0786397	0.074524	0.0785777	0.0744784	0.0663794	0.0642985	0.0642995	0.0642995	0.0788374	0.0748194	0.0769065	0.0745963	0.0746149	0.0828966	0.0766057	0.0828119	0.0687157	0.0685731	0.0729124	0.0888948	0.0768623	0.0686715	0.134885	0.115748	0.109144	0.121149	0.127509	0.127394	0.131312	0.118073	0.105519	0.176837	0.152479	0.172075	0.17849
Sterrhoptilus_dennistouni	0.13897	0.14609	0.148129	0.175933	0.141831	0.139828	0.184599	0.197251	0.1895	0.205783	0.204937	0.182861	0.18386	0.197614	0.147007	0.143538	0.174195	0.167891	0.169935	0.163734	0.16575	0.163725	0.161725	0.161725	0.145774	0.156392	0.135388	0.156143	0.162338	0.157747	0.153715	0.151619	0.14548	0.14751	0.149555	0.147505	0.174436	0.174354	0.174962	0.167933	0.170243	0.241716	0.141357	0.143379	0.164136	0.151527	0.151502	0.151467	0.149434	0.151437	0.139319	0.141331	0.139316	0.1373	0.143543	0.148035	0.169767	0.160688	0.163279	0.157151	0.154617	0.162428	0.200728	0.165991	0.172713	0.185238	0.160965	0.179573	0.179143	0.182568	0.191878	0.179382	0.185407	0.170941	0.186161	0.174438	0.164874	0.168948	0.156464	0.139489	0.139475	0.151868	0.160229	0.161913	0.178548	0.157808	0.151653	0.159693	0.165708	0.165862	0.147612	0.145803	0.153724	0.149806	0.15392	0.155939	0.225517	0.216415	0.211013	0.185561	0.174679	0.166533	0.176307	0.17353	0.173756	0.145772	0.16511	0.152013	0.154012	0.190935	0.189106	0.164862	0.152456	0.237593	0.240531	0.177326	0.197368	0.175283	0.204128	0.175092	0.202361	0.170591	0.18241	0.191495	0.184604	0.203506	0.205823	0.21988	0.213275	0.210092	0.22026	0.205989	0.12535	0.133693	0.144197	0.13135	0.127327	0.127327	0.133369	0.131343	0.139907	0.135584	0.133582	0.173245	0.174525	0.16138	0.179351	0.197328	0.200229	0.154621	0.111158	0.100914	0.0969148	0.11579	0.117586	0.109311	0.0824887	0.100862	0.096879	0.0947197	0.0865927	0.0987558	0.107	0.106977	0.11129	0.119534	0.100805	0.0900113	0.103677	0.101834	0.0890039	0.110685	0.100212	0.10074	0.0933729	0.0871908	0.0939743	0.068524	0.0747992	0.0728822	0.0772212	0.0544159	0.0686947	0.0627911	0.0709106	0.0584681	0.0772858	0.0564157	0.0639449	0.0606572	0.0728799	0.0771909	0.0773103	0.0696948	0.0758025	0.0821455	0.0676773	0.0737063	0.0782711	0.075852	0.0758087	0.0636731	0.0615808	0.0698405	0.0697536	0.0708669	0.0628093	0.0648973	0.0545965	0.0607835	0.0748211	0.068695	0.0604692	0.0829665	0.0766056	0.0746432	0.0766641	0.07457	0.0785665	0.0846926	0.0846579	0.0806393	0.0848102	0.0847757	0.076568	0.0884216	0.0805863	0.0785283	0.0785157	0.0846927	0.0704943	0.0831033	0.0726464	0.0705558	0.0644993	0.0644977	0.0891144	0.0523387	0.0706851	0.0686843	0.0625446	0.0657875	0.0677856	0.0649328	0.0629251	0.0443624	0.054555	0.0755357	0.0820202	0.0505164	0.0628405	0.085622	0.0708446	0.0748849	0.0707343	0.0544736	0.0565532	0.0818693	0.0585921	0.0566147	0.0690587	0.0565065	0.0484754	0.0505584	0.0504555	0	0.0262966	0.0283023	0.0445312	0.0342296	0.0383083	0.0525034	0.0524294	0.056582	0.0966496	0.0584572	0.0711111	0.0565022	0.0674515	0.0731016	0.0709155	0.0626833	0.0627347	0.0744317	0.0910416	0.104084	0.0785227	0.0787505	0.0806093	0.0866685	0.0744215	0.0846874	0.0805717	0.0846255	0.0805262	0.0724271	0.0703462	0.0703472	0.0703472	0.0848852	0.0808672	0.0829543	0.0806441	0.0806627	0.0889444	0.0826535	0.0888596	0.0747635	0.0746208	0.0789602	0.0949426	0.08291	0.0747192	0.140933	0.121796	0.115192	0.127196	0.133557	0.133441	0.137359	0.124121	0.111567	0.182885	0.158526	0.178123	0.184538
Zosterops_hypoxanthus	0.128997	0.136117	0.138156	0.16596	0.131859	0.129855	0.174626	0.187279	0.179527	0.19581	0.194964	0.172889	0.173887	0.187641	0.137034	0.133565	0.164222	0.157918	0.159962	0.153761	0.155777	0.153752	0.151752	0.151752	0.135801	0.146419	0.125415	0.14617	0.152365	0.147774	0.143742	0.141646	0.135507	0.137537	0.139582	0.137532	0.164463	0.164381	0.164989	0.15796	0.160271	0.231743	0.131384	0.133406	0.154163	0.141554	0.141529	0.141494	0.139461	0.141464	0.129346	0.131358	0.129343	0.127328	0.13357	0.138062	0.159794	0.150715	0.153307	0.147178	0.144645	0.152455	0.190755	0.156018	0.16274	0.175265	0.150992	0.169601	0.16917	0.172595	0.181905	0.169409	0.175434	0.160968	0.176189	0.164465	0.154902	0.158975	0.146492	0.129517	0.129503	0.141895	0.150256	0.15194	0.168575	0.147835	0.14168	0.14972	0.155735	0.155889	0.137639	0.135831	0.143751	0.139834	0.143947	0.145966	0.215544	0.206442	0.20104	0.175588	0.164706	0.15656	0.166335	0.163557	0.163783	0.135799	0.155138	0.14204	0.144039	0.180962	0.179133	0.154889	0.142483	0.22762	0.230558	0.167353	0.187395	0.165311	0.194155	0.165119	0.192388	0.160618	0.172437	0.181523	0.174631	0.193533	0.19585	0.209907	0.203302	0.20012	0.210287	0.196016	0.115377	0.12372	0.134225	0.121377	0.117354	0.117354	0.123396	0.12137	0.129934	0.125611	0.123609	0.163272	0.164553	0.151407	0.169378	0.187355	0.190256	0.144648	0.101185	0.0909413	0.086942	0.105817	0.107614	0.0993386	0.0725158	0.0908888	0.0869062	0.0847468	0.0766198	0.0887829	0.0970269	0.0970044	0.101318	0.109561	0.0908317	0.0800384	0.0937038	0.0918611	0.079031	0.100712	0.0902392	0.0907674	0.0834001	0.077218	0.0840014	0.0585511	0.0648263	0.0629094	0.0672484	0.044443	0.0587218	0.0528183	0.0609378	0.0484952	0.067313	0.0464428	0.053972	0.0506843	0.0629071	0.0672181	0.0673375	0.0597219	0.0658296	0.0721726	0.0577045	0.0637335	0.0682982	0.0658792	0.0658359	0.0537002	0.0516079	0.0598676	0.0597807	0.060894	0.0528364	0.0549244	0.0446237	0.0508106	0.0648482	0.0587221	0.0504964	0.0729937	0.0666327	0.0646703	0.0666912	0.0645971	0.0685936	0.0747198	0.074685	0.0706664	0.0748373	0.0748028	0.0665952	0.0784487	0.0706135	0.0685554	0.0685428	0.0747198	0.0605214	0.0731305	0.0626735	0.0605829	0.0545264	0.0545248	0.0791415	0.0423658	0.0607122	0.0587114	0.0525717	0.0558146	0.0578128	0.0549599	0.0529523	0.0343895	0.0445822	0.0655629	0.0720474	0.0405435	0.0528677	0.0756491	0.0608718	0.0649121	0.0607614	0.0445008	0.0465803	0.0718965	0.0486193	0.0466418	0.0590859	0.0465336	0.0385026	0.0405856	0.0404827	0.0262966	0	0.00599344	0.0345583	0.0242567	0.0283354	0.0425305	0.0424566	0.0466092	0.0866767	0.0484843	0.0611382	0.0465293	0.0574786	0.0631288	0.0609426	0.0527105	0.0527618	0.0644588	0.0810687	0.0941113	0.0685498	0.0687776	0.0706364	0.0766956	0.0644486	0.0747146	0.0705989	0.0746526	0.0705533	0.0624542	0.0603734	0.0603744	0.0603744	0.0749123	0.0708943	0.0729814	0.0706712	0.0706898	0.0789715	0.0726806	0.0788868	0.0647906	0.064648	0.0689873	0.0849697	0.0729372	0.0647464	0.13096	0.111823	0.105219	0.117223	0.123584	0.123468	0.127386	0.114148	0.101594	0.172912	0.148553	0.16815	0.174565
Zosterops_lateralis	0.131003	0.138123	0.140162	0.167965	0.133864	0.131861	0.176632	0.189284	0.181533	0.197816	0.19697	0.174894	0.175893	0.189647	0.13904	0.135571	0.166227	0.159924	0.161968	0.155767	0.157783	0.155758	0.153758	0.153758	0.137807	0.148424	0.127421	0.148176	0.15437	0.14978	0.145748	0.143652	0.137513	0.139543	0.141588	0.139538	0.166469	0.166387	0.166994	0.159966	0.162276	0.233749	0.13339	0.135412	0.156169	0.14356	0.143534	0.1435	0.141467	0.14347	0.131351	0.133364	0.131349	0.129333	0.135576	0.140068	0.1618	0.15272	0.155312	0.149184	0.14665	0.154461	0.192761	0.158024	0.164746	0.17727	0.152998	0.171606	0.171176	0.174601	0.183911	0.171414	0.17744	0.162974	0.178194	0.166471	0.156907	0.160981	0.148497	0.131522	0.131508	0.143901	0.152261	0.153946	0.170581	0.149841	0.143685	0.151726	0.157741	0.157895	0.139645	0.137836	0.145757	0.141839	0.145953	0.147972	0.21755	0.208448	0.203046	0.177594	0.166712	0.158566	0.16834	0.165563	0.165788	0.137805	0.157143	0.144046	0.146045	0.182967	0.181139	0.156895	0.144489	0.229626	0.232563	0.169359	0.189401	0.167316	0.196161	0.167125	0.194394	0.162624	0.174443	0.183528	0.176637	0.195538	0.197856	0.211913	0.205308	0.202125	0.212292	0.198022	0.117383	0.125726	0.13623	0.123383	0.11936	0.11936	0.125402	0.123376	0.13194	0.127617	0.125615	0.165278	0.166558	0.153413	0.171384	0.18936	0.192261	0.146654	0.103191	0.0929471	0.0889477	0.107822	0.109619	0.101344	0.0745216	0.0928945	0.0889119	0.0867526	0.0786256	0.0907886	0.0990326	0.0990102	0.103323	0.111567	0.0928375	0.0820442	0.0957095	0.0938668	0.0810367	0.102717	0.0922449	0.0927731	0.0854058	0.0792237	0.0860072	0.0605569	0.0668321	0.0649151	0.0692541	0.0464488	0.0607275	0.054824	0.0629435	0.0505009	0.0693187	0.0484486	0.0559777	0.0526901	0.0649128	0.0692238	0.0693432	0.0617277	0.0678354	0.0741784	0.0597102	0.0657392	0.070304	0.0678849	0.0678416	0.0557059	0.0536137	0.0618733	0.0617864	0.0628998	0.0548422	0.0569301	0.0466294	0.0528164	0.0668539	0.0607279	0.0525021	0.0749994	0.0686385	0.0666761	0.068697	0.0666029	0.0705994	0.0767255	0.0766908	0.0726722	0.0768431	0.0768085	0.0686009	0.0804545	0.0726192	0.0705612	0.0705485	0.0767256	0.0625272	0.0751362	0.0646793	0.0625887	0.0565322	0.0565306	0.0811473	0.0443716	0.0627179	0.0607172	0.0545775	0.0578204	0.0598185	0.0569657	0.054958	0.0363953	0.0465879	0.0675686	0.0740531	0.0425493	0.0548734	0.0776548	0.0628775	0.0669178	0.0627672	0.0465065	0.048586	0.0739022	0.050625	0.0486476	0.0610916	0.0485393	0.0405083	0.0425913	0.0424884	0.0283023	0.00599344	0	0.0365641	0.0262625	0.0303412	0.0445363	0.0444623	0.0486149	0.0886825	0.05049	0.063144	0.0485351	0.0594844	0.0651345	0.0629484	0.0547162	0.0547676	0.0664646	0.0830745	0.0961171	0.0705555	0.0707834	0.0726422	0.0787014	0.0664543	0.0767203	0.0726046	0.0766584	0.0725591	0.06446	0.0623791	0.0623801	0.0623801	0.0769181	0.0729001	0.0749871	0.0726769	0.0726956	0.0809773	0.0746864	0.0808925	0.0667964	0.0666537	0.0709931	0.0869754	0.0749429	0.0667521	0.132966	0.113829	0.107225	0.119229	0.12559	0.125474	0.129392	0.116154	0.1036	0.174918	0.150559	0.170156	0.176571
Illadopsis_cleaveri	0.139123	0.146243	0.148282	0.176086	0.141985	0.139981	0.184752	0.197405	0.189653	0.205936	0.205091	0.183015	0.184013	0.197767	0.14716	0.143691	0.174348	0.168044	0.170089	0.163887	0.165903	0.163878	0.161878	0.161878	0.145927	0.156545	0.135542	0.156296	0.162491	0.1579	0.153868	0.151772	0.145634	0.147663	0.149709	0.147659	0.17459	0.174507	0.175115	0.168086	0.170397	0.24187	0.14151	0.143533	0.164289	0.15168	0.151655	0.15162	0.149587	0.15159	0.139472	0.141484	0.139469	0.137454	0.143696	0.148188	0.169921	0.160841	0.163433	0.157304	0.154771	0.162581	0.200881	0.166144	0.172866	0.185391	0.161118	0.179727	0.179296	0.182721	0.192031	0.179535	0.18556	0.171095	0.186315	0.174591	0.165028	0.169101	0.156618	0.139643	0.139629	0.152021	0.160382	0.162066	0.178702	0.157961	0.151806	0.159847	0.165861	0.166015	0.147765	0.145957	0.153878	0.14996	0.154074	0.156093	0.225671	0.216568	0.211166	0.185715	0.174832	0.166686	0.176461	0.173684	0.173909	0.145925	0.165264	0.152167	0.154166	0.191088	0.189259	0.165015	0.152609	0.237746	0.240684	0.177479	0.197521	0.175437	0.204281	0.175245	0.202514	0.170744	0.182563	0.191649	0.184758	0.203659	0.205976	0.220033	0.213428	0.210246	0.220413	0.206142	0.125503	0.133846	0.144351	0.131503	0.127481	0.127481	0.133522	0.131496	0.14006	0.135738	0.133735	0.173399	0.174679	0.161533	0.179504	0.197481	0.200382	0.154774	0.111311	0.101068	0.0970682	0.115943	0.11774	0.109465	0.082642	0.101015	0.0970323	0.094873	0.086746	0.0989091	0.107153	0.107131	0.111444	0.119688	0.100958	0.0901646	0.10383	0.101987	0.0891572	0.110838	0.100365	0.100894	0.0935263	0.0873442	0.0941276	0.0686773	0.0749525	0.0730355	0.0773746	0.0545692	0.068848	0.0629445	0.071064	0.0586214	0.0774391	0.056569	0.0640982	0.0608105	0.0730332	0.0773442	0.0774636	0.0698481	0.0759558	0.0822988	0.0678306	0.0738596	0.0784244	0.0760053	0.075962	0.0638264	0.0617341	0.0699938	0.0699069	0.0710202	0.0629626	0.0650506	0.0547498	0.0609368	0.0749744	0.0688483	0.0606225	0.0831198	0.0767589	0.0747965	0.0768174	0.0747233	0.0787198	0.0848459	0.0848112	0.0807926	0.0849635	0.084929	0.0767213	0.0885749	0.0807396	0.0786816	0.078669	0.084846	0.0706476	0.0832567	0.0727997	0.0707091	0.0646526	0.064651	0.0892677	0.052492	0.0708384	0.0688376	0.0626979	0.0659408	0.0679389	0.0650861	0.0630784	0.0445157	0.0547084	0.0756891	0.0821735	0.0506697	0.0629938	0.0857753	0.0709979	0.0750382	0.0708876	0.0546269	0.0567065	0.0820227	0.0587454	0.056768	0.069212	0.0566598	0.0486287	0.0507118	0.0506088	0.0445312	0.0345583	0.0365641	0	0.0343829	0.0384616	0.0526567	0.0525828	0.0567353	0.0968029	0.0586105	0.0712644	0.0566555	0.0676048	0.0732549	0.0710688	0.0628366	0.062888	0.074585	0.0911949	0.104237	0.078676	0.0789038	0.0807626	0.0868218	0.0745748	0.0848407	0.080725	0.0847788	0.0806795	0.0725804	0.0704995	0.0705005	0.0705005	0.0850385	0.0810205	0.0831076	0.0807974	0.080816	0.0890977	0.0828068	0.0890129	0.0749168	0.0747742	0.0791135	0.0950959	0.0830633	0.0748725	0.141086	0.121949	0.115345	0.12735	0.13371	0.133595	0.137513	0.124274	0.11172	0.183038	0.15868	0.178276	0.184691
Leiothrix_lutea	0.124797	0.131917	0.133955	0.161759	0.127658	0.125654	0.170426	0.183078	0.175327	0.19161	0.190764	0.168688	0.169687	0.183441	0.132834	0.129365	0.160021	0.153718	0.155762	0.14956	0.151577	0.149551	0.147552	0.147552	0.1316	0.142218	0.121215	0.141969	0.148164	0.143574	0.139541	0.137446	0.131307	0.133336	0.135382	0.133332	0.160263	0.160181	0.160788	0.153759	0.15607	0.227543	0.127183	0.129206	0.149962	0.137353	0.137328	0.137293	0.13526	0.137263	0.125145	0.127158	0.125142	0.123127	0.12937	0.133862	0.155594	0.146514	0.149106	0.142978	0.140444	0.148254	0.186554	0.151818	0.15854	0.171064	0.146791	0.1654	0.16497	0.168394	0.177704	0.165208	0.171234	0.156768	0.171988	0.160265	0.150701	0.154774	0.142291	0.125316	0.125302	0.137695	0.146055	0.147739	0.164375	0.143634	0.137479	0.14552	0.151535	0.151689	0.133438	0.13163	0.139551	0.135633	0.139747	0.141766	0.211344	0.202241	0.19684	0.171388	0.160505	0.15236	0.162134	0.159357	0.159582	0.131598	0.150937	0.13784	0.139839	0.176761	0.174932	0.150688	0.138282	0.223419	0.226357	0.163152	0.183195	0.16111	0.189955	0.160919	0.188187	0.156418	0.168237	0.177322	0.170431	0.189332	0.19165	0.205706	0.199101	0.195919	0.206086	0.191816	0.111176	0.11952	0.130024	0.117176	0.113154	0.113154	0.119196	0.117169	0.125734	0.121411	0.119409	0.159072	0.160352	0.147207	0.165178	0.183154	0.186055	0.140447	0.0969842	0.0867408	0.0827414	0.101616	0.103413	0.095138	0.0683153	0.0866882	0.0827056	0.0805463	0.0724193	0.0845823	0.0928263	0.0928039	0.097117	0.105361	0.0866312	0.0758379	0.0895032	0.0876605	0.0748304	0.0965112	0.0860386	0.0865668	0.0791995	0.0730174	0.0798009	0.0543506	0.0606258	0.0587088	0.0630478	0.0402425	0.0545212	0.0486177	0.0567372	0.0442946	0.0631124	0.0422423	0.0497714	0.0464838	0.0587065	0.0630175	0.0631369	0.0555214	0.061629	0.067972	0.0535039	0.0595329	0.0640976	0.0616786	0.0616353	0.0494996	0.0474074	0.055667	0.0555801	0.0566935	0.0486359	0.0507238	0.0404231	0.0466101	0.0606476	0.0545216	0.0462958	0.0687931	0.0624322	0.0604697	0.0624906	0.0603966	0.0643931	0.0705192	0.0704845	0.0664658	0.0706368	0.0706022	0.0623946	0.0742482	0.0664129	0.0643549	0.0643422	0.0705193	0.0563209	0.0689299	0.058473	0.0563824	0.0503258	0.0503242	0.0749409	0.0381653	0.0565116	0.0545109	0.0483712	0.0516141	0.0536122	0.0507594	0.0487517	0.030189	0.0403816	0.0613623	0.0678468	0.0363429	0.0486671	0.0714485	0.0566712	0.0607115	0.0565609	0.0403002	0.0423797	0.0676959	0.0444187	0.0424412	0.0548853	0.042333	0.034302	0.036385	0.0362821	0.0342296	0.0242567	0.0262625	0.0343829	0	0.0241349	0.0383299	0.038256	0.0424086	0.0824762	0.0442837	0.0569377	0.0423288	0.0532781	0.0589282	0.0567421	0.0485099	0.0485613	0.0602583	0.0768682	0.0899107	0.0643492	0.0645771	0.0664359	0.0724951	0.060248	0.070514	0.0663983	0.0704521	0.0663527	0.0582537	0.0561728	0.0561738	0.0561738	0.0707118	0.0666938	0.0687808	0.0664706	0.0664892	0.074771	0.06848	0.0746862	0.0605901	0.0604474	0.0647868	0.0807691	0.0687366	0.0605458	0.126759	0.107622	0.101018	0.113023	0.119383	0.119268	0.123186	0.109948	0.0973932	0.168711	0.144353	0.16395	0.170365
Pomatorhinus_ruficollis	0.12887	0.13599	0.138028	0.165832	0.131731	0.129727	0.174498	0.187151	0.179399	0.195683	0.194837	0.172761	0.173759	0.187514	0.136907	0.133437	0.164094	0.15779	0.159835	0.153633	0.155649	0.153624	0.151625	0.151625	0.135673	0.146291	0.125288	0.146042	0.152237	0.147646	0.143614	0.141519	0.13538	0.137409	0.139455	0.137405	0.164336	0.164253	0.164861	0.157832	0.160143	0.231616	0.131256	0.133279	0.154035	0.141426	0.141401	0.141366	0.139333	0.141336	0.129218	0.131231	0.129215	0.1272	0.133442	0.137934	0.159667	0.150587	0.153179	0.14705	0.144517	0.152327	0.190627	0.15589	0.162612	0.175137	0.150864	0.169473	0.169042	0.172467	0.181777	0.169281	0.175306	0.160841	0.176061	0.164337	0.154774	0.158847	0.146364	0.129389	0.129375	0.141767	0.150128	0.151812	0.168448	0.147707	0.141552	0.149593	0.155607	0.155761	0.137511	0.135703	0.143624	0.139706	0.14382	0.145839	0.215417	0.206314	0.200912	0.175461	0.164578	0.156433	0.166207	0.16343	0.163655	0.135671	0.15501	0.141913	0.143912	0.180834	0.179005	0.154761	0.142355	0.227492	0.23043	0.167225	0.187267	0.165183	0.194027	0.164991	0.19226	0.160491	0.172309	0.181395	0.174504	0.193405	0.195722	0.209779	0.203174	0.199992	0.210159	0.195888	0.115249	0.123592	0.134097	0.121249	0.117227	0.117227	0.123268	0.121242	0.129806	0.125484	0.123481	0.163145	0.164425	0.151279	0.16925	0.187227	0.190128	0.14452	0.101057	0.0908136	0.0868142	0.105689	0.107486	0.0992108	0.0723881	0.090761	0.0867784	0.0846191	0.0764921	0.0886551	0.0968991	0.0968767	0.10119	0.109434	0.090704	0.0799106	0.093576	0.0917333	0.0789032	0.100584	0.0901114	0.0906396	0.0832723	0.0770902	0.0838737	0.0584234	0.0646986	0.0627816	0.0671206	0.0443153	0.058594	0.0526905	0.06081	0.0483674	0.0671852	0.0463151	0.0538442	0.0505565	0.0627793	0.0670903	0.0672097	0.0595942	0.0657018	0.0720448	0.0575767	0.0636057	0.0681704	0.0657514	0.0657081	0.0535724	0.0514802	0.0597398	0.0596529	0.0607663	0.0527087	0.0547966	0.0444959	0.0506829	0.0647204	0.0585944	0.0503686	0.0728659	0.066505	0.0645425	0.0665634	0.0644694	0.0684658	0.074592	0.0745573	0.0705386	0.0747096	0.074675	0.0664674	0.078321	0.0704857	0.0684276	0.068415	0.0745921	0.0603937	0.0730027	0.0625458	0.0604552	0.0543986	0.054397	0.0790137	0.0422381	0.0605844	0.0585837	0.052444	0.0556869	0.057685	0.0548321	0.0528245	0.0342617	0.0444544	0.0654351	0.0719196	0.0404157	0.0527399	0.0755213	0.060744	0.0647843	0.0606337	0.044373	0.0464525	0.0717687	0.0484915	0.046514	0.0589581	0.0464058	0.0383748	0.0404578	0.0403549	0.0383083	0.0283354	0.0303412	0.0384616	0.0241349	0	0.0424027	0.0423288	0.0464814	0.086549	0.0483565	0.0610105	0.0464016	0.0573509	0.063001	0.0608149	0.0525827	0.0526341	0.0643311	0.080941	0.0939835	0.068422	0.0686499	0.0705086	0.0765679	0.0643208	0.0745868	0.0704711	0.0745249	0.0704255	0.0623265	0.0602456	0.0602466	0.0602466	0.0747845	0.0707665	0.0728536	0.0705434	0.070562	0.0788438	0.0725528	0.078759	0.0646629	0.0645202	0.0688596	0.0848419	0.0728094	0.0646186	0.130832	0.111695	0.105091	0.117096	0.123456	0.123341	0.127259	0.11402	0.101466	0.172784	0.148426	0.168023	0.174437
Dicaeum_eximium	0.122954	0.130074	0.132112	0.159916	0.125815	0.123811	0.168582	0.181235	0.173483	0.189767	0.188921	0.166845	0.167843	0.181598	0.13099	0.127521	0.158178	0.151874	0.153919	0.147717	0.149733	0.147708	0.145708	0.145708	0.129757	0.140375	0.119372	0.140126	0.146321	0.14173	0.137698	0.135603	0.129464	0.131493	0.133539	0.131489	0.15842	0.158337	0.158945	0.151916	0.154227	0.2257	0.12534	0.127363	0.148119	0.13551	0.135485	0.13545	0.133417	0.13542	0.123302	0.125314	0.123299	0.121284	0.127526	0.132018	0.153751	0.144671	0.147263	0.141134	0.138601	0.146411	0.184711	0.149974	0.156696	0.169221	0.144948	0.163557	0.163126	0.166551	0.175861	0.163365	0.16939	0.154925	0.170145	0.158421	0.148858	0.152931	0.140448	0.123473	0.123459	0.135851	0.144212	0.145896	0.162532	0.141791	0.135636	0.143677	0.149691	0.149845	0.131595	0.129787	0.137708	0.13379	0.137904	0.139923	0.209501	0.200398	0.194996	0.169545	0.158662	0.150517	0.160291	0.157514	0.157739	0.129755	0.149094	0.135997	0.137996	0.174918	0.173089	0.148845	0.136439	0.221576	0.224514	0.161309	0.181351	0.159267	0.188111	0.159075	0.186344	0.154575	0.166393	0.175479	0.168588	0.187489	0.189806	0.203863	0.197258	0.194076	0.204243	0.189972	0.109333	0.117676	0.128181	0.115333	0.111311	0.111311	0.117352	0.115326	0.12389	0.119568	0.117565	0.157229	0.158509	0.145363	0.163334	0.181311	0.184212	0.138604	0.095141	0.0848976	0.0808982	0.0997729	0.10157	0.0932948	0.0664721	0.084845	0.0808624	0.078703	0.0705761	0.0827391	0.0909831	0.0909607	0.0952738	0.103518	0.084788	0.0739946	0.08766	0.0858173	0.0729872	0.094668	0.0841954	0.0847236	0.0773563	0.0711742	0.0779577	0.0525074	0.0587825	0.0568656	0.0612046	0.0383993	0.052678	0.0467745	0.054894	0.0424514	0.0612692	0.040399	0.0479282	0.0446405	0.0568633	0.0611743	0.0612937	0.0536782	0.0597858	0.0661288	0.0516607	0.0576897	0.0622544	0.0598354	0.0597921	0.0476564	0.0455641	0.0538238	0.0537369	0.0548503	0.0467927	0.0488806	0.0385799	0.0447669	0.0588044	0.0526783	0.0444526	0.0669499	0.060589	0.0586265	0.0606474	0.0585534	0.0625498	0.068676	0.0686413	0.0646226	0.0687936	0.068759	0.0605514	0.072405	0.0645697	0.0625116	0.062499	0.0686761	0.0544777	0.0670867	0.0566297	0.0545392	0.0484826	0.048481	0.0730977	0.0363221	0.0546684	0.0526677	0.046528	0.0497709	0.051769	0.0489161	0.0469085	0.0323455	0.0425381	0.0635188	0.0700074	0.0385035	0.0508277	0.0736091	0.0588318	0.0628721	0.0587215	0.0424608	0.0445403	0.0698624	0.0465852	0.0446077	0.0570518	0.0444995	0.0444755	0.0465585	0.0464556	0.0525034	0.0425305	0.0445363	0.0526567	0.0383299	0.0424027	0	0.0328129	0.0405654	0.080633	0.0424405	0.0550945	0.0404856	0.0514349	0.057085	0.0548989	0.0466667	0.0467181	0.0584151	0.075025	0.0880675	0.062506	0.0627339	0.0645926	0.0706518	0.0584048	0.0686708	0.0645551	0.0686088	0.0645095	0.0564105	0.0543296	0.0543306	0.0543306	0.0688685	0.0648505	0.0669376	0.0646274	0.064646	0.0729277	0.0666368	0.072843	0.0587468	0.0586042	0.0629436	0.0789259	0.0668934	0.0587026	0.124916	0.105779	0.0991752	0.11118	0.11754	0.117425	0.121343	0.108104	0.09555	0.166868	0.14251	0.162107	0.168521
Leptocoma_aspasia	0.12288	0.13	0.132038	0.159842	0.125741	0.123737	0.168508	0.181161	0.173409	0.189693	0.188847	0.166771	0.16777	0.181524	0.130917	0.127448	0.158104	0.1518	0.153845	0.147643	0.149659	0.147634	0.145635	0.145635	0.129683	0.140301	0.119298	0.140052	0.146247	0.141657	0.137624	0.135529	0.12939	0.131419	0.133465	0.131415	0.158346	0.158263	0.158871	0.151842	0.154153	0.225626	0.125266	0.127289	0.148045	0.135436	0.135411	0.135376	0.133343	0.135346	0.123228	0.125241	0.123225	0.12121	0.127452	0.131944	0.153677	0.144597	0.147189	0.14106	0.138527	0.146337	0.184637	0.1499	0.156623	0.169147	0.144874	0.163483	0.163052	0.166477	0.175787	0.163291	0.169317	0.154851	0.170071	0.158347	0.148784	0.152857	0.140374	0.123399	0.123385	0.135777	0.144138	0.145822	0.162458	0.141717	0.135562	0.143603	0.149617	0.149771	0.131521	0.129713	0.137634	0.133716	0.13783	0.139849	0.209427	0.200324	0.194922	0.169471	0.158588	0.150443	0.160217	0.15744	0.157665	0.129681	0.14902	0.135923	0.137922	0.174844	0.173015	0.148771	0.136365	0.221502	0.22444	0.161235	0.181277	0.159193	0.188038	0.159001	0.18627	0.154501	0.166319	0.175405	0.168514	0.187415	0.189732	0.203789	0.197184	0.194002	0.204169	0.189898	0.109259	0.117603	0.128107	0.115259	0.111237	0.111237	0.117278	0.115252	0.123816	0.119494	0.117491	0.157155	0.158435	0.145289	0.16326	0.181237	0.184138	0.13853	0.0950671	0.0848236	0.0808243	0.0996989	0.101496	0.0932209	0.0663981	0.0847711	0.0807885	0.0786291	0.0705021	0.0826652	0.0909092	0.0908867	0.0951999	0.103444	0.084714	0.0739207	0.0875861	0.0857434	0.0729133	0.094594	0.0841215	0.0846497	0.0772824	0.0711003	0.0778837	0.0524334	0.0587086	0.0567917	0.0611307	0.0383253	0.0526041	0.0467006	0.0548201	0.0423775	0.0611953	0.0403251	0.0478543	0.0445666	0.0567894	0.0611004	0.0612198	0.0536042	0.0597119	0.0660549	0.0515868	0.0576158	0.0621805	0.0597614	0.0597182	0.0475825	0.0454902	0.0537499	0.053663	0.0547763	0.0467187	0.0488067	0.038506	0.0446929	0.0587305	0.0526044	0.0443787	0.0668759	0.060515	0.0585526	0.0605735	0.0584794	0.0624759	0.0686021	0.0685673	0.0645487	0.0687196	0.0686851	0.0604775	0.072331	0.0644958	0.0624377	0.0624251	0.0686021	0.0544037	0.0670128	0.0565558	0.0544652	0.0484087	0.0484071	0.0730238	0.0362481	0.0545945	0.0525937	0.046454	0.0496969	0.051695	0.0488422	0.0468346	0.0322715	0.0424642	0.0634449	0.0699335	0.0384296	0.0507538	0.0735352	0.0587579	0.0627982	0.0586475	0.0423868	0.0444664	0.0697885	0.0465113	0.0445338	0.0569779	0.0444256	0.0444016	0.0464846	0.0463817	0.0524294	0.0424566	0.0444623	0.0525828	0.038256	0.0423288	0.0328129	0	0.0404915	0.080559	0.0423666	0.0550205	0.0404116	0.0513609	0.0570111	0.0548249	0.0465927	0.0466441	0.0583411	0.074951	0.0879936	0.0624321	0.0626599	0.0645187	0.0705779	0.0583309	0.0685969	0.0644812	0.0685349	0.0644356	0.0563365	0.0542557	0.0542567	0.0542567	0.0687946	0.0647766	0.0668637	0.0645535	0.0645721	0.0728538	0.0665629	0.0727691	0.0586729	0.0585303	0.0628696	0.078852	0.0668195	0.0586287	0.124842	0.105705	0.0991013	0.111106	0.117466	0.117351	0.121269	0.10803	0.0954761	0.166794	0.142436	0.162033	0.168447
Nicator_chloris	0.12702	0.13414	0.136179	0.163983	0.129882	0.127878	0.172649	0.185302	0.17755	0.193833	0.192987	0.170912	0.17191	0.185664	0.135057	0.131588	0.162245	0.155941	0.157986	0.151784	0.1538	0.151775	0.149775	0.149775	0.133824	0.144442	0.123438	0.144193	0.150388	0.145797	0.141765	0.139669	0.133531	0.13556	0.137606	0.135555	0.162487	0.162404	0.163012	0.155983	0.158294	0.229766	0.129407	0.131429	0.152186	0.139577	0.139552	0.139517	0.137484	0.139487	0.127369	0.129381	0.127366	0.125351	0.131593	0.136085	0.157817	0.148738	0.15133	0.145201	0.142668	0.150478	0.188778	0.154041	0.160763	0.173288	0.149015	0.167624	0.167193	0.170618	0.179928	0.167432	0.173457	0.158992	0.174212	0.162488	0.152925	0.156998	0.144515	0.12754	0.127526	0.139918	0.148279	0.149963	0.166598	0.145858	0.139703	0.147743	0.153758	0.153912	0.135662	0.133854	0.141775	0.137857	0.14197	0.143989	0.213567	0.204465	0.199063	0.173612	0.162729	0.154583	0.164358	0.16158	0.161806	0.133822	0.153161	0.140063	0.142063	0.178985	0.177156	0.152912	0.140506	0.225643	0.228581	0.165376	0.185418	0.163334	0.192178	0.163142	0.190411	0.158641	0.17046	0.179546	0.172655	0.191556	0.193873	0.20793	0.201325	0.198143	0.20831	0.194039	0.1134	0.121743	0.132248	0.1194	0.115378	0.115378	0.121419	0.119393	0.127957	0.123635	0.121632	0.161295	0.162576	0.14943	0.167401	0.185378	0.188279	0.142671	0.0992079	0.0889644	0.0849651	0.10384	0.105637	0.0973617	0.0705389	0.0889119	0.0849293	0.0827699	0.0746429	0.086806	0.09505	0.0950275	0.0993407	0.107585	0.0888548	0.0780615	0.0917269	0.0898842	0.0770541	0.0987348	0.0882623	0.0887905	0.0814232	0.0752411	0.0820245	0.0565742	0.0628494	0.0609325	0.0652715	0.0424661	0.0567449	0.0508414	0.0589609	0.0465183	0.0653419	0.0444718	0.0520009	0.0487133	0.060936	0.065247	0.0653664	0.0577509	0.0638586	0.0702016	0.0557334	0.0617624	0.0663272	0.0639081	0.0638648	0.0517291	0.0496369	0.0578966	0.0578097	0.058923	0.0508654	0.0529534	0.0426526	0.0488396	0.0628771	0.0567511	0.0485253	0.0710226	0.0646617	0.0626993	0.0647202	0.0626261	0.0666226	0.0727487	0.072714	0.0686954	0.0728663	0.0728317	0.0646241	0.0764777	0.0686424	0.0665844	0.0665717	0.0727488	0.0585504	0.0711594	0.0607025	0.0586119	0.0525554	0.0525538	0.0771705	0.0403948	0.0587412	0.0567404	0.0506007	0.0538436	0.0558417	0.0529889	0.0509812	0.0364241	0.0466168	0.0675975	0.0740861	0.0425822	0.0549063	0.0776878	0.0629105	0.0669508	0.0628001	0.0465394	0.048619	0.0739411	0.0506639	0.0486864	0.0611304	0.0485782	0.0485542	0.0506372	0.0505343	0.056582	0.0466092	0.0486149	0.0567353	0.0424086	0.0464814	0.0405654	0.0404915	0	0.0846939	0.0465014	0.0591554	0.0445524	0.0555017	0.0611519	0.0589657	0.0507335	0.0507849	0.0624819	0.0790918	0.0921344	0.0665729	0.0668007	0.0686595	0.0747187	0.0624717	0.0727377	0.068622	0.0726757	0.0685764	0.0604773	0.0583965	0.0583975	0.0583975	0.0729354	0.0689174	0.0710045	0.0686943	0.0687129	0.0769946	0.0707037	0.0769099	0.0628137	0.0626711	0.0670104	0.0829928	0.0709603	0.0627695	0.128983	0.109846	0.103242	0.115247	0.121607	0.121492	0.12541	0.112171	0.0996169	0.170935	0.146577	0.166173	0.172588
Elachura_formosa	0.167088	0.174208	0.176247	0.20405	0.169949	0.167946	0.212717	0.225369	0.217618	0.233901	0.233055	0.210979	0.211978	0.225732	0.175125	0.171656	0.202312	0.196009	0.198053	0.191852	0.193868	0.191843	0.189843	0.189843	0.173892	0.184509	0.163506	0.18426	0.190455	0.185865	0.181832	0.179737	0.173598	0.175628	0.177673	0.175623	0.202554	0.202472	0.203079	0.196051	0.198361	0.269834	0.169474	0.171497	0.192254	0.179644	0.179619	0.179584	0.177552	0.179555	0.167436	0.169449	0.167434	0.165418	0.171661	0.176153	0.197885	0.188805	0.191397	0.185269	0.182735	0.190546	0.228845	0.194109	0.200831	0.213355	0.189082	0.207691	0.207261	0.210685	0.219996	0.207499	0.213525	0.199059	0.214279	0.202556	0.192992	0.197065	0.184582	0.167607	0.167593	0.179986	0.188346	0.19003	0.206666	0.185926	0.17977	0.187811	0.193826	0.19398	0.175729	0.173921	0.181842	0.177924	0.182038	0.184057	0.253635	0.244533	0.239131	0.213679	0.202797	0.194651	0.204425	0.201648	0.201873	0.173889	0.193228	0.180131	0.18213	0.219052	0.217224	0.19298	0.180573	0.26571	0.268648	0.205444	0.225486	0.203401	0.232246	0.20321	0.230479	0.198709	0.210528	0.219613	0.212722	0.231623	0.233941	0.247997	0.241393	0.23821	0.248377	0.234107	0.153468	0.161811	0.172315	0.159468	0.155445	0.155445	0.161487	0.159461	0.168025	0.163702	0.1617	0.201363	0.202643	0.189498	0.207469	0.225445	0.228346	0.182739	0.139275	0.129032	0.125033	0.143907	0.145704	0.137429	0.110607	0.128979	0.124997	0.122837	0.11471	0.126874	0.135118	0.135095	0.139408	0.147652	0.128922	0.118129	0.131794	0.129952	0.117122	0.138802	0.12833	0.128858	0.121491	0.115309	0.122092	0.0966418	0.102917	0.101	0.105339	0.0825337	0.0968124	0.0909089	0.0990284	0.0865859	0.105409	0.0845393	0.0920685	0.0887808	0.101004	0.105315	0.105434	0.0978185	0.103926	0.110269	0.095801	0.10183	0.106395	0.103976	0.103932	0.0917967	0.0897044	0.0979641	0.0978772	0.0989906	0.090933	0.0930209	0.0827202	0.0889072	0.102945	0.0968186	0.0885929	0.11109	0.104729	0.102767	0.104788	0.102694	0.10669	0.112816	0.112782	0.108763	0.112934	0.112899	0.104692	0.116545	0.10871	0.106652	0.106639	0.112816	0.098618	0.111227	0.10077	0.0986795	0.0926229	0.0926213	0.117238	0.0804624	0.0988087	0.096808	0.0906683	0.0939112	0.0959093	0.0930564	0.0910488	0.0764917	0.0866844	0.107665	0.114154	0.0826498	0.0949739	0.117755	0.102978	0.107018	0.102868	0.086607	0.0886865	0.114009	0.0907314	0.088754	0.101198	0.0886457	0.0886217	0.0907048	0.0906018	0.0966496	0.0866767	0.0886825	0.0968029	0.0824762	0.086549	0.080633	0.080559	0.0846939	0	0.083161	0.0958149	0.08462	0.0955693	0.101219	0.0990333	0.0908011	0.0908525	0.102549	0.119159	0.132202	0.10664	0.106868	0.108727	0.114786	0.102539	0.112805	0.10869	0.112743	0.108644	0.100545	0.098464	0.098465	0.098465	0.113003	0.108985	0.111072	0.108762	0.10878	0.117062	0.110771	0.116977	0.102881	0.102739	0.107078	0.12306	0.111028	0.102837	0.169051	0.149914	0.14331	0.155314	0.161675	0.161559	0.165477	0.152239	0.139684	0.211003	0.186644	0.206241	0.212656
Chloropsis_cyanopogon	0.128896	0.136016	0.138054	0.165858	0.131757	0.129753	0.174524	0.187177	0.179425	0.195709	0.194863	0.172787	0.173785	0.187539	0.136932	0.133463	0.16412	0.157816	0.159861	0.153659	0.155675	0.15365	0.15165	0.15165	0.135699	0.146317	0.125314	0.146068	0.152263	0.147672	0.14364	0.141544	0.135406	0.137435	0.139481	0.137431	0.164362	0.164279	0.164887	0.157858	0.160169	0.231642	0.131282	0.133305	0.154061	0.141452	0.141427	0.141392	0.139359	0.141362	0.129244	0.131256	0.129241	0.127226	0.133468	0.13796	0.159693	0.150613	0.153205	0.147076	0.144543	0.152353	0.190653	0.155916	0.162638	0.175163	0.15089	0.169499	0.169068	0.172493	0.181803	0.169307	0.175332	0.160867	0.176087	0.164363	0.1548	0.158873	0.14639	0.129415	0.129401	0.141793	0.150154	0.151838	0.168474	0.147733	0.141578	0.149619	0.155633	0.155787	0.137537	0.135729	0.14365	0.139732	0.143846	0.145865	0.215443	0.20634	0.200938	0.175487	0.164604	0.156459	0.166233	0.163456	0.163681	0.135697	0.155036	0.141939	0.143938	0.18086	0.179031	0.154787	0.142381	0.227518	0.230456	0.167251	0.187293	0.165209	0.194053	0.165017	0.192286	0.160517	0.172335	0.181421	0.17453	0.193431	0.195748	0.209805	0.2032	0.200018	0.210185	0.195914	0.115275	0.123618	0.134123	0.121275	0.117253	0.117253	0.123294	0.121268	0.129832	0.12551	0.123507	0.163171	0.164451	0.151305	0.169276	0.187253	0.190154	0.144546	0.101083	0.0908395	0.0868402	0.105715	0.107512	0.0992368	0.0724141	0.090787	0.0868044	0.084645	0.076518	0.0886811	0.0969251	0.0969026	0.101216	0.10946	0.09073	0.0799366	0.093602	0.0917593	0.0789292	0.10061	0.0901374	0.0906656	0.0832983	0.0771162	0.0838996	0.0584493	0.0647245	0.0628076	0.0671466	0.0443413	0.05862	0.0527165	0.060836	0.0483934	0.067217	0.0463469	0.0538761	0.0505884	0.0628111	0.0671221	0.0672415	0.059626	0.0657337	0.0720767	0.0576085	0.0636375	0.0682023	0.0657832	0.0657399	0.0536043	0.051512	0.0597717	0.0596848	0.0607981	0.0527405	0.0548285	0.0445277	0.0507147	0.0647523	0.0586262	0.0504004	0.0728977	0.0665368	0.0645744	0.0665953	0.0645012	0.0684977	0.0746238	0.0745891	0.0705705	0.0747414	0.0747069	0.0664992	0.0783528	0.0705175	0.0684595	0.0684469	0.0746239	0.0604255	0.0730345	0.0625776	0.060487	0.0544305	0.0544289	0.0790456	0.0422699	0.0606163	0.0586155	0.0524758	0.0557187	0.0577168	0.054864	0.0528563	0.0382993	0.0484919	0.0694726	0.0759612	0.0444573	0.0567815	0.0795629	0.0647856	0.0688259	0.0646752	0.0484146	0.0504941	0.0758162	0.052539	0.0505615	0.0630056	0.0504533	0.0504293	0.0525123	0.0524094	0.0584572	0.0484843	0.05049	0.0586105	0.0442837	0.0483565	0.0424405	0.0423666	0.0465014	0.083161	0	0.0367144	0.0464275	0.0573768	0.063027	0.0608408	0.0526087	0.05266	0.064357	0.080967	0.0940095	0.068448	0.0686758	0.0705346	0.0765938	0.0643468	0.0746128	0.0704971	0.0745508	0.0704515	0.0623525	0.0602716	0.0602726	0.0602726	0.0748105	0.0707925	0.0728796	0.0705694	0.070588	0.0788697	0.0725788	0.078785	0.0646888	0.0645462	0.0688855	0.0848679	0.0728354	0.0646446	0.130858	0.111721	0.105117	0.117122	0.123482	0.123367	0.127285	0.114046	0.101492	0.17281	0.148452	0.168048	0.174463
Chloropsis_hardwickii	0.141549	0.148669	0.150708	0.178512	0.144411	0.142407	0.187178	0.199831	0.192079	0.208362	0.207517	0.185441	0.186439	0.200193	0.149586	0.146117	0.176774	0.17047	0.172515	0.166313	0.168329	0.166304	0.164304	0.164304	0.148353	0.158971	0.137968	0.158722	0.164917	0.160326	0.156294	0.154198	0.14806	0.150089	0.152135	0.150085	0.177016	0.176933	0.177541	0.170512	0.172823	0.244296	0.143936	0.145959	0.166715	0.154106	0.154081	0.154046	0.152013	0.154016	0.141898	0.14391	0.141895	0.13988	0.146122	0.150614	0.172347	0.163267	0.165859	0.15973	0.157197	0.165007	0.203307	0.16857	0.175292	0.187817	0.163544	0.182153	0.181722	0.185147	0.194457	0.181961	0.187986	0.173521	0.188741	0.177017	0.167454	0.171527	0.159044	0.142069	0.142055	0.154447	0.162808	0.164492	0.181128	0.160387	0.154232	0.162273	0.168287	0.168441	0.150191	0.148383	0.156304	0.152386	0.1565	0.158519	0.228097	0.218994	0.213592	0.188141	0.177258	0.169112	0.178887	0.17611	0.176335	0.148351	0.16769	0.154593	0.156592	0.193514	0.191685	0.167441	0.155035	0.240172	0.24311	0.179905	0.199947	0.177863	0.206707	0.177671	0.20494	0.17317	0.184989	0.194075	0.187184	0.206085	0.208402	0.222459	0.215854	0.212672	0.222839	0.208568	0.127929	0.136272	0.146777	0.133929	0.129907	0.129907	0.135948	0.133922	0.142486	0.138164	0.136161	0.175825	0.177105	0.163959	0.18193	0.199907	0.202808	0.1572	0.113737	0.103493	0.0994941	0.118369	0.120166	0.111891	0.085068	0.103441	0.0994583	0.097299	0.089172	0.101335	0.109579	0.109557	0.11387	0.122114	0.103384	0.0925906	0.106256	0.104413	0.0915832	0.113264	0.102791	0.10332	0.0959522	0.0897701	0.0965536	0.0711033	0.0773785	0.0754615	0.0798005	0.0569952	0.0712739	0.0653704	0.0734899	0.0610474	0.079871	0.0590009	0.06653	0.0632423	0.0754651	0.0797761	0.0798955	0.07228	0.0783876	0.0847306	0.0702625	0.0762915	0.0808562	0.0784372	0.0783939	0.0662582	0.0641659	0.0724256	0.0723387	0.0734521	0.0653945	0.0674824	0.0571817	0.0633687	0.0774062	0.0712801	0.0630544	0.0855517	0.0791908	0.0772283	0.0792492	0.0771552	0.0811516	0.0872778	0.0872431	0.0832244	0.0873954	0.0873608	0.0791532	0.0910068	0.0831715	0.0811134	0.0811008	0.0872779	0.0730795	0.0856885	0.0752315	0.073141	0.0670844	0.0670828	0.0916995	0.0549239	0.0732702	0.0712695	0.0651298	0.0683727	0.0703708	0.0675179	0.0655103	0.0509532	0.0611459	0.0821266	0.0886151	0.0571113	0.0694354	0.0922169	0.0774395	0.0814798	0.0773292	0.0610685	0.063148	0.0884701	0.0651929	0.0632155	0.0756595	0.0631073	0.0630832	0.0651663	0.0650633	0.0711111	0.0611382	0.063144	0.0712644	0.0569377	0.0610105	0.0550945	0.0550205	0.0591554	0.0958149	0.0367144	0	0.0590815	0.0700308	0.0756809	0.0734948	0.0652626	0.065314	0.077011	0.0936209	0.106663	0.081102	0.0813298	0.0831886	0.0892478	0.0770008	0.0872667	0.083151	0.0872048	0.0831055	0.0750064	0.0729255	0.0729265	0.0729265	0.0874645	0.0834465	0.0855336	0.0832234	0.083242	0.0915237	0.0852328	0.0914389	0.0773428	0.0772001	0.0815395	0.0975219	0.0854893	0.0772985	0.143512	0.124375	0.117771	0.129776	0.136136	0.136021	0.139939	0.1267	0.114146	0.185464	0.161106	0.180702	0.187117
Tichodroma_muraria	0.126936	0.134056	0.136095	0.163899	0.129798	0.127794	0.172565	0.185217	0.177466	0.193749	0.192903	0.170827	0.171826	0.18558	0.134973	0.131504	0.162161	0.155857	0.157901	0.1517	0.153716	0.151691	0.149691	0.149691	0.13374	0.144358	0.123354	0.144109	0.150304	0.145713	0.141681	0.139585	0.133446	0.135476	0.137521	0.135471	0.162402	0.16232	0.162928	0.155899	0.158209	0.229682	0.129323	0.131345	0.152102	0.139493	0.139468	0.139433	0.1374	0.139403	0.127285	0.129297	0.127282	0.125266	0.131509	0.136001	0.157733	0.148654	0.151245	0.145117	0.142584	0.150394	0.188694	0.153957	0.160679	0.173204	0.148931	0.167539	0.167109	0.170534	0.179844	0.167348	0.173373	0.158907	0.174127	0.162404	0.152841	0.156914	0.144431	0.127455	0.127442	0.139834	0.148195	0.149879	0.166514	0.145774	0.139619	0.147659	0.153674	0.153828	0.135578	0.13377	0.14169	0.137772	0.141886	0.143905	0.213483	0.204381	0.198979	0.173527	0.162645	0.154499	0.164273	0.161496	0.161722	0.133738	0.153076	0.139979	0.141978	0.178901	0.177072	0.152828	0.140422	0.225559	0.228497	0.165292	0.185334	0.16325	0.192094	0.163058	0.190327	0.158557	0.170376	0.179461	0.17257	0.191472	0.193789	0.207846	0.201241	0.198058	0.208226	0.193955	0.113316	0.121659	0.132163	0.119316	0.115293	0.115293	0.121335	0.119309	0.127873	0.12355	0.121548	0.161211	0.162491	0.149346	0.167317	0.185294	0.188195	0.142587	0.0991237	0.0888802	0.0848809	0.103756	0.105552	0.0972775	0.0704548	0.0888277	0.0848451	0.0826857	0.0745587	0.0867218	0.0949658	0.0949433	0.0992565	0.1075	0.0887707	0.0779773	0.0916427	0.0898	0.0769699	0.0986506	0.0881781	0.0887063	0.081339	0.0751569	0.0819403	0.05649	0.0627652	0.0608483	0.0651873	0.042382	0.0566607	0.0507572	0.0588767	0.0464341	0.0652621	0.044392	0.0519211	0.0486334	0.0608562	0.0651672	0.0652866	0.0576711	0.0637787	0.0701217	0.0556536	0.0616826	0.0662473	0.0638283	0.063785	0.0516493	0.049557	0.0578167	0.0577298	0.0588432	0.0507856	0.0528735	0.0425728	0.0487598	0.0627973	0.0566712	0.0484455	0.0709428	0.0645819	0.0626194	0.0646403	0.0625463	0.0665427	0.0726689	0.0726342	0.0686155	0.0727865	0.0727519	0.0645443	0.0763979	0.0685626	0.0665045	0.0664919	0.072669	0.0584706	0.0710796	0.0606226	0.0585321	0.0524755	0.0524739	0.0770906	0.040315	0.0586613	0.0566606	0.0505209	0.0537638	0.0557619	0.052909	0.0509014	0.0363443	0.046537	0.0675177	0.0740062	0.0425024	0.0548265	0.077608	0.0628306	0.0668709	0.0627203	0.0464596	0.0485391	0.0738612	0.050584	0.0486066	0.0610506	0.0484984	0.0484743	0.0505574	0.0504544	0.0565022	0.0465293	0.0485351	0.0566555	0.0423288	0.0464016	0.0404856	0.0404116	0.0445524	0.08462	0.0464275	0.0590815	0	0.0514099	0.0570658	0.0548796	0.0466475	0.0466988	0.0623977	0.0790077	0.0920502	0.0664887	0.0667165	0.0685753	0.0746345	0.0623875	0.0726535	0.0685378	0.0725915	0.0684922	0.0603932	0.0583123	0.0583133	0.0583133	0.0728512	0.0688332	0.0709203	0.0686101	0.0686287	0.0769104	0.0706195	0.0768257	0.0627295	0.0625869	0.0669262	0.0829086	0.0708761	0.0626853	0.128899	0.109762	0.103158	0.115162	0.121523	0.121407	0.125325	0.112087	0.0995327	0.170851	0.146492	0.166089	0.172504
Sitta_europaea	0.137885	0.145006	0.147044	0.174848	0.140747	0.138743	0.183514	0.196167	0.188415	0.204698	0.203853	0.181777	0.182775	0.196529	0.145922	0.142453	0.17311	0.166806	0.168851	0.162649	0.164665	0.16264	0.16064	0.16064	0.144689	0.155307	0.134304	0.155058	0.161253	0.156662	0.15263	0.150534	0.144396	0.146425	0.148471	0.146421	0.173352	0.173269	0.173877	0.166848	0.169159	0.240632	0.140272	0.142295	0.163051	0.150442	0.150417	0.150382	0.148349	0.150352	0.138234	0.140246	0.138231	0.136216	0.142458	0.14695	0.168683	0.159603	0.162195	0.156066	0.153533	0.161343	0.199643	0.164906	0.171628	0.184153	0.15988	0.178489	0.178058	0.181483	0.190793	0.178297	0.184322	0.169857	0.185077	0.173353	0.16379	0.167863	0.15538	0.138405	0.138391	0.150783	0.159144	0.160828	0.177464	0.156723	0.150568	0.158609	0.164623	0.164777	0.146527	0.144719	0.15264	0.148722	0.152836	0.154855	0.224433	0.21533	0.209928	0.184477	0.173594	0.165448	0.175223	0.172446	0.172671	0.144687	0.164026	0.150929	0.152928	0.18985	0.188021	0.163777	0.151371	0.236508	0.239446	0.176241	0.196283	0.174199	0.203043	0.174007	0.201276	0.169506	0.181325	0.190411	0.18352	0.202421	0.204738	0.218795	0.21219	0.209008	0.219175	0.204904	0.124265	0.132608	0.143113	0.130265	0.126243	0.126243	0.132284	0.130258	0.138822	0.1345	0.132497	0.172161	0.173441	0.160295	0.178266	0.196243	0.199144	0.153536	0.110073	0.0998295	0.0958302	0.114705	0.116502	0.108227	0.081404	0.099777	0.0957944	0.093635	0.085508	0.0976711	0.105915	0.105893	0.110206	0.11845	0.0997199	0.0889266	0.102592	0.100749	0.0879192	0.1096	0.0991274	0.0996556	0.0922883	0.0861062	0.0928896	0.0674393	0.0737145	0.0717976	0.0761366	0.0533312	0.06761	0.0617065	0.069826	0.0573834	0.0762114	0.0553412	0.0628704	0.0595827	0.0718055	0.0761165	0.0762359	0.0686204	0.074728	0.081071	0.0666029	0.0726319	0.0771966	0.0747776	0.0747343	0.0625986	0.0605063	0.068766	0.0686791	0.0697925	0.0617349	0.0638228	0.0535221	0.0597091	0.0737466	0.0676205	0.0593948	0.0818921	0.0755312	0.0735687	0.0755896	0.0734955	0.077492	0.0836182	0.0835835	0.0795648	0.0837358	0.0837012	0.0754936	0.0873472	0.0795119	0.0774538	0.0774412	0.0836183	0.0694199	0.0820289	0.0715719	0.0694813	0.0634248	0.0634232	0.0880399	0.0512642	0.0696106	0.0676099	0.0614702	0.0647131	0.0667112	0.0638583	0.0618507	0.0472936	0.0574863	0.078467	0.0849555	0.0534517	0.0657758	0.0885572	0.0737799	0.0778202	0.0736696	0.0574089	0.0594884	0.0848105	0.0615333	0.0595559	0.0719999	0.0594476	0.0594236	0.0615066	0.0614037	0.0674515	0.0574786	0.0594844	0.0676048	0.0532781	0.0573509	0.0514349	0.0513609	0.0555017	0.0955693	0.0573768	0.0700308	0.0514099	0	0.0680151	0.0658289	0.0575968	0.0576481	0.073347	0.0899569	0.103	0.077438	0.0776658	0.0795246	0.0855838	0.0733368	0.0836028	0.0794871	0.0835408	0.0794415	0.0713424	0.0692616	0.0692626	0.0692626	0.0838005	0.0797825	0.0818696	0.0795594	0.079578	0.0878597	0.0815688	0.087775	0.0736788	0.0735362	0.0778755	0.0938579	0.0818254	0.0736346	0.139848	0.120711	0.114107	0.126112	0.132472	0.132357	0.136275	0.123036	0.110482	0.1818	0.157442	0.177038	0.183453
Polioptila_caerulea	0.143536	0.150656	0.152694	0.180498	0.146397	0.144393	0.189164	0.201817	0.194065	0.210349	0.209503	0.187427	0.188426	0.20218	0.151573	0.148104	0.17876	0.172456	0.174501	0.168299	0.170316	0.16829	0.166291	0.166291	0.150339	0.160957	0.139954	0.160708	0.166903	0.162313	0.15828	0.156185	0.150046	0.152075	0.154121	0.152071	0.179002	0.17892	0.179527	0.172498	0.174809	0.246282	0.145922	0.147945	0.168701	0.156092	0.156067	0.156032	0.153999	0.156002	0.143884	0.145897	0.143881	0.141866	0.148108	0.1526	0.174333	0.165253	0.167845	0.161716	0.159183	0.166993	0.205293	0.170556	0.177279	0.189803	0.16553	0.184139	0.183708	0.187133	0.196443	0.183947	0.189973	0.175507	0.190727	0.179003	0.16944	0.173513	0.16103	0.144055	0.144041	0.156433	0.164794	0.166478	0.183114	0.162373	0.156218	0.164259	0.170273	0.170428	0.152177	0.150369	0.15829	0.154372	0.158486	0.160505	0.230083	0.22098	0.215579	0.190127	0.179244	0.171099	0.180873	0.178096	0.178321	0.150337	0.169676	0.156579	0.158578	0.1955	0.193671	0.169427	0.157021	0.242158	0.245096	0.181891	0.201933	0.179849	0.208694	0.179657	0.206926	0.175157	0.186975	0.196061	0.18917	0.208071	0.210388	0.224445	0.21784	0.214658	0.224825	0.210554	0.129915	0.138259	0.148763	0.135915	0.131893	0.131893	0.137934	0.135908	0.144473	0.14015	0.138147	0.177811	0.179091	0.165945	0.183916	0.201893	0.204794	0.159186	0.115723	0.10548	0.10148	0.120355	0.122152	0.113877	0.0870542	0.105427	0.101444	0.0992852	0.0911582	0.103321	0.111565	0.111543	0.115856	0.1241	0.10537	0.0945767	0.108242	0.106399	0.0935693	0.11525	0.104778	0.105306	0.0979384	0.0917563	0.0985398	0.0730895	0.0793647	0.0774477	0.0817867	0.0589814	0.0732601	0.0673566	0.0754761	0.0630335	0.0818615	0.0609914	0.0685205	0.0652329	0.0774556	0.0817666	0.081886	0.0742705	0.0803782	0.0867212	0.072253	0.078282	0.0828468	0.0804277	0.0803844	0.0682487	0.0661565	0.0744162	0.0743293	0.0754426	0.067385	0.069473	0.0591722	0.0653592	0.0793967	0.0732707	0.0650449	0.0875422	0.0811813	0.0792189	0.0812398	0.0791457	0.0831422	0.0892683	0.0892336	0.085215	0.0893859	0.0893513	0.0811437	0.0929973	0.085162	0.083104	0.0830913	0.0892684	0.07507	0.087679	0.0772221	0.0751315	0.069075	0.0690734	0.0936901	0.0569144	0.0752607	0.07326	0.0671203	0.0703632	0.0723613	0.0695085	0.0675008	0.0529437	0.0631364	0.0841171	0.0906056	0.0591018	0.0714259	0.0942074	0.0794301	0.0834704	0.0793197	0.063059	0.0651386	0.0904607	0.0671835	0.065206	0.07765	0.0650978	0.0650738	0.0671568	0.0670539	0.0731016	0.0631288	0.0651345	0.0732549	0.0589282	0.063001	0.057085	0.0570111	0.0611519	0.101219	0.063027	0.0756809	0.0570658	0.0680151	0	0.0557885	0.063241	0.0632924	0.0789972	0.0956071	0.10865	0.0830881	0.083316	0.0851748	0.091234	0.0789869	0.0892529	0.0851372	0.089191	0.0850916	0.0769926	0.0749117	0.0749127	0.0749127	0.0894506	0.0854326	0.0875197	0.0852095	0.0852281	0.0935099	0.0872189	0.0934251	0.079329	0.0791863	0.0835257	0.099508	0.0874755	0.0792847	0.145498	0.126361	0.119757	0.131762	0.138122	0.138007	0.141925	0.128686	0.116132	0.18745	0.163092	0.182689	0.189103
Thryothorus_ludovicianus	0.14135	0.14847	0.150508	0.178312	0.144211	0.142207	0.186978	0.199631	0.191879	0.208163	0.207317	0.185241	0.186239	0.199993	0.149386	0.145917	0.176574	0.17027	0.172315	0.166113	0.168129	0.166104	0.164104	0.164104	0.148153	0.158771	0.137768	0.158522	0.164717	0.160126	0.156094	0.153998	0.14786	0.149889	0.151935	0.149885	0.176816	0.176733	0.177341	0.170312	0.172623	0.244096	0.143736	0.145759	0.166515	0.153906	0.153881	0.153846	0.151813	0.153816	0.141698	0.14371	0.141695	0.13968	0.145922	0.150414	0.172147	0.163067	0.165659	0.15953	0.156997	0.164807	0.203107	0.16837	0.175092	0.187617	0.163344	0.181953	0.181522	0.184947	0.194257	0.181761	0.187786	0.173321	0.188541	0.176817	0.167254	0.171327	0.158844	0.141869	0.141855	0.154247	0.162608	0.164292	0.180928	0.160187	0.154032	0.162073	0.168087	0.168241	0.149991	0.148183	0.156104	0.152186	0.1563	0.158319	0.227897	0.218794	0.213392	0.187941	0.177058	0.168912	0.178687	0.17591	0.176135	0.148151	0.16749	0.154393	0.156392	0.193314	0.191485	0.167241	0.154835	0.239972	0.24291	0.179705	0.199747	0.177663	0.206507	0.177471	0.20474	0.172971	0.184789	0.193875	0.186984	0.205885	0.208202	0.222259	0.215654	0.212472	0.222639	0.208368	0.127729	0.136072	0.146577	0.133729	0.129707	0.129707	0.135748	0.133722	0.142286	0.137964	0.135961	0.175625	0.176905	0.163759	0.18173	0.199707	0.202608	0.157	0.113537	0.103294	0.0992942	0.118169	0.119966	0.111691	0.084868	0.103241	0.0992584	0.097099	0.088972	0.101135	0.109379	0.109357	0.11367	0.121914	0.103184	0.0923906	0.106056	0.104213	0.0913832	0.113064	0.102591	0.10312	0.0957523	0.0895702	0.0963536	0.0709033	0.0771785	0.0752616	0.0796006	0.0567952	0.071074	0.0651705	0.07329	0.0608474	0.0796754	0.0588052	0.0663344	0.0630467	0.0752695	0.0795805	0.0796999	0.0720844	0.078192	0.084535	0.0700669	0.0760959	0.0806606	0.0782416	0.0781983	0.0660626	0.0639703	0.07223	0.0721431	0.0732565	0.0651989	0.0672868	0.0569861	0.0631731	0.0772106	0.0710845	0.0628588	0.0853561	0.0789952	0.0770327	0.0790536	0.0769596	0.080956	0.0870822	0.0870475	0.0830288	0.0871998	0.0871652	0.0789576	0.0908112	0.0829759	0.0809178	0.0809052	0.0870823	0.0728839	0.0854929	0.0750359	0.0729454	0.0668888	0.0668872	0.0915039	0.0547283	0.0730746	0.0710739	0.0649342	0.0681771	0.0701752	0.0673223	0.0653147	0.0507576	0.0609503	0.081931	0.0884195	0.0569157	0.0692398	0.0920212	0.0772439	0.0812842	0.0771336	0.0608729	0.0629524	0.0882745	0.0649973	0.0630199	0.0754639	0.0629116	0.0628876	0.0649706	0.0648677	0.0709155	0.0609426	0.0629484	0.0710688	0.0567421	0.0608149	0.0548989	0.0548249	0.0589657	0.0990333	0.0608408	0.0734948	0.0548796	0.0658289	0.0557885	0	0.0610549	0.0611062	0.076811	0.093421	0.106464	0.080902	0.0811298	0.0829886	0.0890478	0.0768008	0.0870668	0.0829511	0.0870048	0.0829055	0.0748065	0.0727256	0.0727266	0.0727266	0.0872645	0.0832465	0.0853336	0.0830234	0.083042	0.0913237	0.0850328	0.091239	0.0771428	0.0770002	0.0813395	0.0973219	0.0852894	0.0770986	0.143312	0.124175	0.117571	0.129576	0.135936	0.135821	0.139739	0.1265	0.113946	0.185264	0.160906	0.180502	0.186917
Certhia_brachydactyla	0.133117	0.140237	0.142276	0.17008	0.135979	0.133975	0.178746	0.191399	0.183647	0.19993	0.199084	0.177009	0.178007	0.191761	0.141154	0.137685	0.168342	0.162038	0.164082	0.157881	0.159897	0.157872	0.155872	0.155872	0.139921	0.150539	0.129535	0.15029	0.156485	0.151894	0.147862	0.145766	0.139627	0.141657	0.143703	0.141652	0.168583	0.168501	0.169109	0.16208	0.164391	0.235863	0.135504	0.137526	0.158283	0.145674	0.145649	0.145614	0.143581	0.145584	0.133466	0.135478	0.133463	0.131448	0.13769	0.142182	0.163914	0.154835	0.157427	0.151298	0.148765	0.156575	0.194875	0.160138	0.16686	0.179385	0.155112	0.173721	0.17329	0.176715	0.186025	0.173529	0.179554	0.165088	0.180309	0.168585	0.159022	0.163095	0.150612	0.133637	0.133623	0.146015	0.154376	0.15606	0.172695	0.151955	0.1458	0.15384	0.159855	0.160009	0.141759	0.139951	0.147871	0.143954	0.148067	0.150086	0.219664	0.210562	0.20516	0.179708	0.168826	0.16068	0.170455	0.167677	0.167903	0.139919	0.159258	0.14616	0.148159	0.185082	0.183253	0.159009	0.146603	0.23174	0.234678	0.171473	0.191515	0.169431	0.198275	0.169239	0.196508	0.164738	0.176557	0.185643	0.178751	0.197653	0.19997	0.214027	0.207422	0.20424	0.214407	0.200136	0.119497	0.12784	0.138345	0.125497	0.121474	0.121474	0.127516	0.12549	0.134054	0.129731	0.127729	0.167392	0.168673	0.155527	0.173498	0.191475	0.194376	0.148768	0.105305	0.0950613	0.091062	0.109937	0.111734	0.103459	0.0766359	0.0950088	0.0910262	0.0888668	0.0807398	0.0929029	0.101147	0.101124	0.105438	0.113681	0.0949518	0.0841584	0.0978238	0.0959811	0.083151	0.104832	0.0943592	0.0948874	0.0875201	0.081338	0.0881215	0.0626711	0.0689463	0.0670294	0.0713684	0.0485631	0.0628418	0.0569383	0.0650578	0.0526152	0.0714432	0.0505731	0.0581022	0.0548146	0.0670373	0.0713483	0.0714677	0.0638522	0.0699598	0.0763028	0.0618347	0.0678637	0.0724284	0.0700094	0.0699661	0.0578304	0.0557382	0.0639978	0.0639109	0.0650243	0.0569667	0.0590546	0.0487539	0.0549409	0.0689784	0.0628524	0.0546266	0.0771239	0.070763	0.0688005	0.0708214	0.0687274	0.0727239	0.07885	0.0788153	0.0747966	0.0789676	0.078933	0.0707254	0.082579	0.0747437	0.0726857	0.072673	0.0788501	0.0646517	0.0772607	0.0668038	0.0647132	0.0586566	0.058655	0.0832717	0.0464961	0.0648424	0.0628417	0.056702	0.0599449	0.061943	0.0590902	0.0570825	0.0425254	0.0527181	0.0736988	0.0801873	0.0486835	0.0610076	0.0837891	0.0690117	0.073052	0.0689014	0.0526407	0.0547203	0.0800424	0.0567651	0.0547877	0.0672317	0.0546795	0.0546554	0.0567385	0.0566356	0.0626833	0.0527105	0.0547162	0.0628366	0.0485099	0.0525827	0.0466667	0.0465927	0.0507335	0.0908011	0.0526087	0.0652626	0.0466475	0.0575968	0.063241	0.0610549	0	0.012049	0.0685789	0.0851888	0.0982313	0.0726698	0.0728976	0.0747564	0.0808156	0.0685686	0.0788346	0.0747189	0.0787726	0.0746733	0.0665743	0.0644934	0.0644944	0.0644944	0.0790323	0.0750143	0.0771014	0.0747912	0.0748098	0.0830915	0.0768006	0.0830068	0.0689106	0.068768	0.0731073	0.0890897	0.0770572	0.0688664	0.13508	0.115943	0.109339	0.121343	0.127704	0.127588	0.131506	0.118268	0.105714	0.177032	0.152674	0.17227	0.178685
Certhia_familiaris	0.133169	0.140289	0.142327	0.170131	0.13603	0.134026	0.178798	0.19145	0.183699	0.199982	0.199136	0.17706	0.178059	0.191813	0.141206	0.137737	0.168393	0.162089	0.164134	0.157932	0.159949	0.157923	0.155924	0.155924	0.139972	0.15059	0.129587	0.150341	0.156536	0.151946	0.147913	0.145818	0.139679	0.141708	0.143754	0.141704	0.168635	0.168553	0.16916	0.162131	0.164442	0.235915	0.135555	0.137578	0.158334	0.145725	0.1457	0.145665	0.143632	0.145635	0.133517	0.13553	0.133514	0.131499	0.137742	0.142234	0.163966	0.154886	0.157478	0.15135	0.148816	0.156626	0.194926	0.16019	0.166912	0.179436	0.155163	0.173772	0.173341	0.176766	0.186076	0.17358	0.179606	0.16514	0.18036	0.168637	0.159073	0.163146	0.150663	0.133688	0.133674	0.146067	0.154427	0.156111	0.172747	0.152006	0.145851	0.153892	0.159907	0.160061	0.14181	0.140002	0.147923	0.144005	0.148119	0.150138	0.219716	0.210613	0.205212	0.17976	0.168877	0.160732	0.170506	0.167729	0.167954	0.13997	0.159309	0.146212	0.148211	0.185133	0.183304	0.15906	0.146654	0.231791	0.234729	0.171524	0.191567	0.169482	0.198327	0.169291	0.196559	0.16479	0.176609	0.185694	0.178803	0.197704	0.200022	0.214078	0.207473	0.204291	0.214458	0.200188	0.119548	0.127892	0.138396	0.125548	0.121526	0.121526	0.127568	0.125541	0.134106	0.129783	0.127781	0.167444	0.168724	0.155579	0.173549	0.191526	0.194427	0.148819	0.105356	0.0951127	0.0911134	0.109988	0.111785	0.10351	0.0766873	0.0950602	0.0910776	0.0889182	0.0807912	0.0929543	0.101198	0.101176	0.105489	0.113733	0.0950032	0.0842098	0.0978752	0.0960325	0.0832024	0.104883	0.0944106	0.0949388	0.0875715	0.0813894	0.0881728	0.0627225	0.0689977	0.0670808	0.0714198	0.0486145	0.0628932	0.0569897	0.0651092	0.0526666	0.0714946	0.0506245	0.0581536	0.0548659	0.0670887	0.0713997	0.0715191	0.0639036	0.0700112	0.0763542	0.0618861	0.0679151	0.0724798	0.0700608	0.0700175	0.0578818	0.0557895	0.0640492	0.0639623	0.0650757	0.0570181	0.059106	0.0488053	0.0549923	0.0690298	0.0629037	0.054678	0.0771753	0.0708144	0.0688519	0.0708728	0.0687788	0.0727752	0.0789014	0.0788667	0.074848	0.079019	0.0789844	0.0707768	0.0826304	0.0747951	0.072737	0.0727244	0.0789015	0.0647031	0.0773121	0.0668551	0.0647646	0.058708	0.0587064	0.0833231	0.0465475	0.0648938	0.0628931	0.0567534	0.0599963	0.0619944	0.0591415	0.0571339	0.0425768	0.0527695	0.0737502	0.0802387	0.0487349	0.061059	0.0838405	0.0690631	0.0731034	0.0689528	0.0526921	0.0547716	0.0800937	0.0568165	0.0548391	0.0672831	0.0547309	0.0547068	0.0567899	0.0566869	0.0627347	0.0527618	0.0547676	0.062888	0.0485613	0.0526341	0.0467181	0.0466441	0.0507849	0.0908525	0.05266	0.065314	0.0466988	0.0576481	0.0632924	0.0611062	0.012049	0	0.0686302	0.0852402	0.0982827	0.0727212	0.072949	0.0748078	0.080867	0.06862	0.078886	0.0747703	0.078824	0.0747247	0.0666257	0.0645448	0.0645458	0.0645458	0.0790837	0.0750657	0.0771528	0.0748426	0.0748612	0.0831429	0.076852	0.0830582	0.068962	0.0688194	0.0731587	0.0891411	0.0771086	0.0689178	0.135131	0.115994	0.10939	0.121395	0.127755	0.12764	0.131558	0.11832	0.105765	0.177083	0.152725	0.172322	0.178737
Edolisoma_coerulescens	0.116778	0.123898	0.125936	0.15374	0.119639	0.117635	0.162406	0.175059	0.167307	0.183591	0.182745	0.160669	0.161668	0.175422	0.124815	0.121346	0.152002	0.145698	0.147743	0.141541	0.143558	0.141532	0.139533	0.139533	0.123581	0.134199	0.113196	0.13395	0.140145	0.135555	0.131522	0.129427	0.123288	0.125317	0.127363	0.125313	0.152244	0.152162	0.152769	0.14574	0.148051	0.219524	0.119164	0.121187	0.141943	0.129334	0.129309	0.129274	0.127241	0.129244	0.117126	0.119139	0.117123	0.115108	0.12135	0.125842	0.147575	0.138495	0.141087	0.134958	0.132425	0.140235	0.178535	0.143798	0.150521	0.163045	0.138772	0.157381	0.15695	0.160375	0.169685	0.157189	0.163215	0.148749	0.163969	0.152245	0.142682	0.146755	0.134272	0.117297	0.117283	0.129675	0.138036	0.13972	0.156356	0.135615	0.12946	0.137501	0.143515	0.14367	0.125419	0.123611	0.131532	0.127614	0.131728	0.133747	0.203325	0.194222	0.18882	0.163369	0.152486	0.144341	0.154115	0.151338	0.151563	0.123579	0.142918	0.129821	0.13182	0.168742	0.166913	0.142669	0.130263	0.2154	0.218338	0.155133	0.175175	0.153091	0.181936	0.152899	0.180168	0.148399	0.160217	0.169303	0.162412	0.181313	0.18363	0.197687	0.191082	0.1879	0.198067	0.183796	0.103157	0.111501	0.122005	0.109157	0.105135	0.105135	0.111176	0.10915	0.117715	0.113392	0.111389	0.151053	0.152333	0.139187	0.157158	0.175135	0.178036	0.132428	0.0889651	0.0787217	0.0747223	0.093597	0.0953939	0.0871189	0.0602962	0.0786691	0.0746865	0.0725271	0.0644002	0.0765632	0.0848072	0.0847848	0.0890979	0.0973418	0.0786121	0.0678187	0.0814841	0.0796414	0.0668113	0.0884921	0.0780195	0.0785477	0.0711804	0.0649983	0.0717872	0.0463369	0.0566862	0.0587124	0.0630557	0.0482781	0.0625568	0.0606884	0.0688079	0.0563653	0.0831916	0.0623214	0.0698506	0.0665629	0.0787857	0.0830967	0.0832161	0.0756006	0.0817082	0.0880512	0.0735831	0.0796121	0.0841768	0.0817578	0.0817145	0.0695788	0.0674865	0.0757462	0.0756593	0.0767727	0.0687151	0.070803	0.0605023	0.0666893	0.0807268	0.0746007	0.066375	0.0888723	0.0825114	0.0805489	0.0825698	0.0804758	0.0844722	0.0905984	0.0905637	0.086545	0.090716	0.0906814	0.0824738	0.0943274	0.0864921	0.084434	0.0844214	0.0905985	0.0764001	0.0890091	0.0785521	0.0764615	0.070405	0.0704034	0.0950201	0.0582445	0.0765908	0.0745901	0.0684504	0.0716933	0.0736914	0.0708385	0.0688309	0.0542738	0.0644665	0.0854472	0.0919357	0.0604319	0.072756	0.0955374	0.0807601	0.0848004	0.0806498	0.0643891	0.0664686	0.0917907	0.0685135	0.0665361	0.0789801	0.0664278	0.0664038	0.0684868	0.0683839	0.0744317	0.0644588	0.0664646	0.074585	0.0602583	0.0643311	0.0584151	0.0583411	0.0624819	0.102549	0.064357	0.077011	0.0623977	0.073347	0.0789972	0.076811	0.0685789	0.0686302	0	0.0448058	0.0578543	0.0322928	0.0364409	0.046411	0.0524702	0.0402231	0.0504891	0.0463734	0.0504272	0.0463279	0.0382288	0.0361479	0.0361489	0.0361489	0.0506869	0.0466689	0.0567621	0.054452	0.0544706	0.0627523	0.0564614	0.0626675	0.0485714	0.0484287	0.0527681	0.0687505	0.0567179	0.0485271	0.11874	0.0996033	0.0929993	0.105004	0.111364	0.111249	0.115167	0.101928	0.0893741	0.160692	0.136334	0.155931	0.162345
Aleadryas_rufinucha	0.133388	0.140508	0.142546	0.17035	0.136249	0.134245	0.179016	0.191669	0.183917	0.200201	0.199355	0.177279	0.178277	0.192032	0.141425	0.137955	0.168612	0.162308	0.164353	0.158151	0.160167	0.158142	0.156143	0.156143	0.140191	0.150809	0.129806	0.15056	0.156755	0.152164	0.148132	0.146037	0.139898	0.141927	0.143973	0.141923	0.168854	0.168771	0.169379	0.16235	0.164661	0.236134	0.135774	0.137797	0.158553	0.145944	0.145919	0.145884	0.143851	0.145854	0.133736	0.135749	0.133733	0.131718	0.13796	0.142452	0.164185	0.155105	0.157697	0.151568	0.149035	0.156845	0.195145	0.160408	0.16713	0.179655	0.155382	0.173991	0.17356	0.176985	0.186295	0.173799	0.179824	0.165359	0.180579	0.168855	0.159292	0.163365	0.150882	0.133907	0.133893	0.146285	0.154646	0.15633	0.172966	0.152225	0.14607	0.154111	0.160125	0.160279	0.142029	0.140221	0.148142	0.144224	0.148338	0.150357	0.219935	0.210832	0.20543	0.179979	0.169096	0.160951	0.170725	0.167948	0.168173	0.140189	0.159528	0.146431	0.14843	0.185352	0.183523	0.159279	0.146873	0.23201	0.234948	0.171743	0.191785	0.169701	0.198545	0.169509	0.196778	0.165009	0.176827	0.185913	0.179022	0.197923	0.20024	0.214297	0.207692	0.20451	0.214677	0.200406	0.119767	0.12811	0.138615	0.125767	0.121745	0.121745	0.127786	0.12576	0.134324	0.130002	0.127999	0.167663	0.168943	0.155797	0.173768	0.191745	0.194646	0.149038	0.105575	0.0953316	0.0913322	0.110207	0.112004	0.103729	0.0769061	0.095279	0.0912964	0.0891371	0.0810101	0.0931731	0.101417	0.101395	0.105708	0.113952	0.095222	0.0844287	0.098094	0.0962513	0.0834212	0.105102	0.0946294	0.0951576	0.0877903	0.0816082	0.0883971	0.0629468	0.0732961	0.0753223	0.0796656	0.064888	0.0791667	0.0772983	0.0854178	0.0729752	0.0998015	0.0789314	0.0864605	0.0831728	0.0953956	0.0997066	0.099826	0.0922105	0.0983181	0.104661	0.090193	0.096222	0.100787	0.0983677	0.0983244	0.0861887	0.0840965	0.0923561	0.0922692	0.0933826	0.085325	0.0874129	0.0771122	0.0832992	0.0973367	0.0912107	0.0829849	0.105482	0.0991213	0.0971588	0.0991797	0.0970857	0.101082	0.107208	0.107174	0.103155	0.107326	0.107291	0.0990837	0.110937	0.103102	0.101044	0.101031	0.107208	0.09301	0.105619	0.0951621	0.0930715	0.0870149	0.0870133	0.11163	0.0748544	0.0932007	0.0912	0.0850603	0.0883032	0.0903013	0.0874484	0.0854408	0.0708837	0.0810764	0.102057	0.108546	0.0770418	0.0893659	0.112147	0.09737	0.10141	0.0972597	0.080999	0.0830786	0.108401	0.0851234	0.083146	0.09559	0.0830378	0.0830137	0.0850968	0.0849939	0.0910416	0.0810687	0.0830745	0.0911949	0.0768682	0.080941	0.075025	0.074951	0.0790918	0.119159	0.080967	0.0936209	0.0790077	0.0899569	0.0956071	0.093421	0.0851888	0.0852402	0.0448058	0	0.0744642	0.0489027	0.0530509	0.0630209	0.0690801	0.0568331	0.067099	0.0629833	0.0670371	0.0629378	0.0548387	0.0527578	0.0527588	0.0527588	0.0672968	0.0632788	0.0733721	0.0710619	0.0710805	0.0793622	0.0730713	0.0792774	0.0651813	0.0650387	0.069378	0.0853604	0.0733278	0.065137	0.13535	0.116213	0.109609	0.121614	0.127974	0.127859	0.131777	0.118538	0.105984	0.177302	0.152944	0.172541	0.178955
Daphoenositta_chrysoptera	0.14643	0.15355	0.155589	0.183393	0.149291	0.147288	0.192059	0.204711	0.19696	0.213243	0.212397	0.190321	0.19132	0.205074	0.154467	0.150998	0.181654	0.175351	0.177395	0.171194	0.17321	0.171185	0.169185	0.169185	0.153234	0.163852	0.142848	0.163603	0.169798	0.165207	0.161175	0.159079	0.15294	0.15497	0.157015	0.154965	0.181896	0.181814	0.182421	0.175393	0.177703	0.249176	0.148817	0.150839	0.171596	0.158987	0.158962	0.158927	0.156894	0.158897	0.146778	0.148791	0.146776	0.14476	0.151003	0.155495	0.177227	0.168147	0.170739	0.164611	0.162077	0.169888	0.208188	0.173451	0.180173	0.192697	0.168425	0.187033	0.186603	0.190028	0.199338	0.186841	0.192867	0.178401	0.193621	0.181898	0.172334	0.176408	0.163924	0.146949	0.146935	0.159328	0.167688	0.169373	0.186008	0.165268	0.159112	0.167153	0.173168	0.173322	0.155072	0.153263	0.161184	0.157266	0.16138	0.163399	0.232977	0.223875	0.218473	0.193021	0.182139	0.173993	0.183767	0.18099	0.181215	0.153232	0.17257	0.159473	0.161472	0.198395	0.196566	0.172322	0.159916	0.245053	0.24799	0.184786	0.204828	0.182743	0.211588	0.182552	0.209821	0.178051	0.18987	0.198955	0.192064	0.210966	0.213283	0.22734	0.220735	0.217552	0.227719	0.213449	0.13281	0.141153	0.151657	0.13881	0.134787	0.134787	0.140829	0.138803	0.147367	0.143044	0.141042	0.180705	0.181985	0.16884	0.186811	0.204787	0.207689	0.162081	0.118618	0.108374	0.104375	0.123249	0.125046	0.116771	0.0899486	0.108322	0.104339	0.10218	0.0940526	0.106216	0.11446	0.114437	0.11875	0.126994	0.108265	0.0974712	0.111137	0.109294	0.0964638	0.118145	0.107672	0.1082	0.100833	0.0946508	0.10144	0.0759894	0.0863387	0.0883648	0.0927082	0.0779305	0.0922093	0.0903409	0.0984604	0.0860178	0.112844	0.0919739	0.0995031	0.0962154	0.108438	0.112749	0.112869	0.105253	0.111361	0.117704	0.103236	0.109265	0.113829	0.11141	0.111367	0.0992313	0.097139	0.105399	0.105312	0.106425	0.0983675	0.100455	0.0901548	0.0963417	0.110379	0.104253	0.0960275	0.118525	0.112164	0.110201	0.112222	0.110128	0.114125	0.120251	0.120216	0.116197	0.120368	0.120334	0.112126	0.12398	0.116145	0.114087	0.114074	0.120251	0.106053	0.118662	0.108205	0.106114	0.100057	0.100056	0.124673	0.0878969	0.106243	0.104243	0.0981028	0.101346	0.103344	0.100491	0.0984834	0.0839263	0.0941189	0.1151	0.121588	0.0900843	0.102408	0.12519	0.110413	0.114453	0.110302	0.0940416	0.0961211	0.121443	0.098166	0.0961885	0.108633	0.0960803	0.0960563	0.0981393	0.0980364	0.104084	0.0941113	0.0961171	0.104237	0.0899107	0.0939835	0.0880675	0.0879936	0.0921344	0.132202	0.0940095	0.106663	0.0920502	0.103	0.10865	0.106464	0.0982313	0.0982827	0.0578543	0.0744642	0	0.0619407	0.0660934	0.0760634	0.0821227	0.0698756	0.0801416	0.0760259	0.0800796	0.0759803	0.0678813	0.0658004	0.0658014	0.0658014	0.0803393	0.0763213	0.0864146	0.0841044	0.084123	0.0924048	0.0861138	0.09232	0.0782239	0.0780812	0.0824206	0.0984029	0.0863704	0.0781796	0.148393	0.129256	0.122652	0.134656	0.141017	0.140901	0.144819	0.131581	0.119027	0.190345	0.165986	0.185583	0.191998
Eulacestoma_nigropectus	0.120869	0.127989	0.130027	0.157831	0.12373	0.121726	0.166497	0.17915	0.171398	0.187682	0.186836	0.16476	0.165759	0.179513	0.128906	0.125437	0.156093	0.149789	0.151834	0.145632	0.147648	0.145623	0.143624	0.143624	0.127672	0.13829	0.117287	0.138041	0.144236	0.139646	0.135613	0.133518	0.127379	0.129408	0.131454	0.129404	0.156335	0.156252	0.15686	0.149831	0.152142	0.223615	0.123255	0.125278	0.146034	0.133425	0.1334	0.133365	0.131332	0.133335	0.121217	0.12323	0.121214	0.119199	0.125441	0.129933	0.151666	0.142586	0.145178	0.139049	0.136516	0.144326	0.182626	0.147889	0.154612	0.167136	0.142863	0.161472	0.161041	0.164466	0.173776	0.16128	0.167306	0.15284	0.16806	0.156336	0.146773	0.150846	0.138363	0.121388	0.121374	0.133766	0.142127	0.143811	0.160447	0.139706	0.133551	0.141592	0.147606	0.14776	0.12951	0.127702	0.135623	0.131705	0.135819	0.137838	0.207416	0.198313	0.192911	0.16746	0.156577	0.148432	0.158206	0.155429	0.155654	0.12767	0.147009	0.133912	0.135911	0.172833	0.171004	0.14676	0.134354	0.219491	0.222429	0.159224	0.179266	0.157182	0.186027	0.15699	0.184259	0.15249	0.164308	0.173394	0.166503	0.185404	0.187721	0.201778	0.195173	0.191991	0.202158	0.187887	0.107248	0.115592	0.126096	0.113248	0.109226	0.109226	0.115267	0.113241	0.121805	0.117483	0.11548	0.155144	0.156424	0.143278	0.161249	0.179226	0.182127	0.136519	0.0930561	0.0828126	0.0788133	0.0976879	0.0994849	0.0912099	0.0643871	0.08276	0.0787775	0.0766181	0.0684911	0.0806542	0.0888982	0.0888757	0.0931889	0.101433	0.082703	0.0719097	0.0855751	0.0837324	0.0709023	0.092583	0.0821105	0.0826387	0.0752714	0.0690893	0.0758782	0.0504279	0.0607772	0.0628033	0.0671466	0.052369	0.0666478	0.0647794	0.0728989	0.0604563	0.0872825	0.0664124	0.0739416	0.0706539	0.0828766	0.0871876	0.087307	0.0796915	0.0857992	0.0921422	0.077674	0.083703	0.0882678	0.0858487	0.0858054	0.0736698	0.0715775	0.0798372	0.0797503	0.0808636	0.072806	0.074894	0.0645932	0.0707802	0.0848178	0.0786917	0.070466	0.0929632	0.0866023	0.0846399	0.0866608	0.0845667	0.0885632	0.0946893	0.0946546	0.090636	0.0948069	0.0947724	0.0865648	0.0984183	0.0905831	0.088525	0.0885124	0.0946894	0.080491	0.0931001	0.0826431	0.0805525	0.074496	0.0744944	0.0991111	0.0623354	0.0806818	0.078681	0.0725413	0.0757842	0.0777823	0.0749295	0.0729219	0.0583648	0.0685574	0.0895381	0.0960267	0.0645228	0.076847	0.0996284	0.0848511	0.0888914	0.0847408	0.0684801	0.0705596	0.0958817	0.0726045	0.070627	0.0830711	0.0705188	0.0704948	0.0725778	0.0724749	0.0785227	0.0685498	0.0705555	0.078676	0.0643492	0.068422	0.062506	0.0624321	0.0665729	0.10664	0.068448	0.081102	0.0664887	0.077438	0.0830881	0.080902	0.0726698	0.0727212	0.0322928	0.0489027	0.0619407	0	0.0405319	0.0505019	0.0565611	0.0443141	0.0545801	0.0504644	0.0545181	0.0504188	0.0423198	0.0402389	0.0402399	0.0402399	0.0547778	0.0507598	0.0608531	0.0585429	0.0585615	0.0668432	0.0605523	0.0667585	0.0526623	0.0525197	0.056859	0.0728414	0.0608089	0.0526181	0.122831	0.103694	0.0970902	0.109095	0.115455	0.11534	0.119258	0.106019	0.0934651	0.164783	0.140425	0.160022	0.166436
Falcunculus_frontatus	0.121096	0.128216	0.130255	0.158059	0.123958	0.121954	0.166725	0.179378	0.171626	0.187909	0.187063	0.164988	0.165986	0.17974	0.129133	0.125664	0.156321	0.150017	0.152062	0.14586	0.147876	0.145851	0.143851	0.143851	0.1279	0.138518	0.117514	0.138269	0.144464	0.139873	0.135841	0.133745	0.127607	0.129636	0.131682	0.129631	0.156563	0.15648	0.157088	0.150059	0.15237	0.223843	0.123483	0.125506	0.146262	0.133653	0.133628	0.133593	0.13156	0.133563	0.121445	0.123457	0.121442	0.119427	0.125669	0.130161	0.151894	0.142814	0.145406	0.139277	0.136744	0.144554	0.182854	0.148117	0.154839	0.167364	0.143091	0.1617	0.161269	0.164694	0.174004	0.161508	0.167533	0.153068	0.168288	0.156564	0.147001	0.151074	0.138591	0.121616	0.121602	0.133994	0.142355	0.144039	0.160675	0.139934	0.133779	0.141819	0.147834	0.147988	0.129738	0.12793	0.135851	0.131933	0.136046	0.138065	0.207644	0.198541	0.193139	0.167688	0.156805	0.148659	0.158434	0.155657	0.155882	0.127898	0.147237	0.134139	0.136139	0.173061	0.171232	0.146988	0.134582	0.219719	0.222657	0.159452	0.179494	0.15741	0.186254	0.157218	0.184487	0.152717	0.164536	0.173622	0.166731	0.185632	0.187949	0.202006	0.195401	0.192219	0.202386	0.188115	0.107476	0.115819	0.126324	0.113476	0.109454	0.109454	0.115495	0.113469	0.122033	0.117711	0.115708	0.155371	0.156652	0.143506	0.161477	0.179454	0.182355	0.136747	0.0932839	0.0830404	0.0790411	0.0979158	0.0997127	0.0914377	0.064615	0.0829879	0.0790053	0.0768459	0.0687189	0.080882	0.089126	0.0891036	0.0934167	0.101661	0.0829309	0.0721375	0.0858029	0.0839602	0.0711301	0.0928108	0.0823383	0.0828665	0.0754992	0.0693171	0.076106	0.0506557	0.061005	0.0630311	0.0673745	0.0525969	0.0668756	0.0650072	0.0731267	0.0606841	0.0875104	0.0666402	0.0741694	0.0708817	0.0831045	0.0874155	0.0875349	0.0799194	0.086027	0.09237	0.0779019	0.0839309	0.0884956	0.0860766	0.0860333	0.0738976	0.0718053	0.080065	0.0799781	0.0810915	0.0730339	0.0751218	0.0648211	0.071008	0.0850456	0.0789195	0.0706938	0.0931911	0.0868302	0.0848677	0.0868886	0.0847945	0.088791	0.0949172	0.0948825	0.0908638	0.0950348	0.0950002	0.0867926	0.0986461	0.0908109	0.0887528	0.0887402	0.0949173	0.0807189	0.0933279	0.0828709	0.0807803	0.0747238	0.0747222	0.0993389	0.0625632	0.0809096	0.0789089	0.0727692	0.0760121	0.0780102	0.0751573	0.0731497	0.0585926	0.0687853	0.089766	0.0962545	0.0647507	0.0770748	0.0998562	0.0850789	0.0891192	0.0849686	0.0687079	0.0707874	0.0961095	0.0728323	0.0708549	0.0832989	0.0707466	0.0707226	0.0728056	0.0727027	0.0787505	0.0687776	0.0707834	0.0789038	0.0645771	0.0686499	0.0627339	0.0626599	0.0668007	0.106868	0.0686758	0.0813298	0.0667165	0.0776658	0.083316	0.0811298	0.0728976	0.072949	0.0364409	0.0530509	0.0660934	0.0405319	0	0.0507298	0.056789	0.0445419	0.0548079	0.0506922	0.054746	0.0506466	0.0425476	0.0404667	0.0404677	0.0404677	0.0550057	0.0509877	0.0610809	0.0587707	0.0587894	0.0670711	0.0607802	0.0669863	0.0528902	0.0527475	0.0570869	0.0730692	0.0610367	0.0528459	0.123059	0.103922	0.0973181	0.109323	0.115683	0.115568	0.119486	0.106247	0.0936929	0.165011	0.140653	0.160249	0.166664
Chaetorhynchus_papuensis	0.122955	0.130075	0.132114	0.159918	0.125817	0.123813	0.168584	0.181236	0.173485	0.189768	0.188922	0.166846	0.167845	0.181599	0.130992	0.127523	0.15818	0.151876	0.15392	0.147719	0.149735	0.14771	0.14571	0.14571	0.129759	0.140377	0.119373	0.140128	0.146323	0.141732	0.1377	0.135604	0.129465	0.131495	0.13354	0.13149	0.158421	0.158339	0.158947	0.151918	0.154228	0.225701	0.125342	0.127364	0.148121	0.135512	0.135487	0.135452	0.133419	0.135422	0.123304	0.125316	0.123301	0.121285	0.127528	0.13202	0.153752	0.144673	0.147264	0.141136	0.138603	0.146413	0.184713	0.149976	0.156698	0.169223	0.14495	0.163558	0.163128	0.166553	0.175863	0.163367	0.169392	0.154926	0.170146	0.158423	0.14886	0.152933	0.14045	0.123474	0.123461	0.135853	0.144214	0.145898	0.162533	0.141793	0.135638	0.143678	0.149693	0.149847	0.131597	0.129789	0.137709	0.133791	0.137905	0.139924	0.209502	0.2004	0.194998	0.169546	0.158664	0.150518	0.160292	0.157515	0.157741	0.129757	0.149095	0.135998	0.137997	0.17492	0.173091	0.148847	0.136441	0.221578	0.224516	0.161311	0.181353	0.159269	0.188113	0.159077	0.186346	0.154576	0.166395	0.17548	0.168589	0.187491	0.189808	0.203865	0.19726	0.194077	0.204245	0.189974	0.109335	0.117678	0.128182	0.115335	0.111312	0.111312	0.117354	0.115328	0.123892	0.119569	0.117567	0.15723	0.15851	0.145365	0.163336	0.181313	0.184214	0.138606	0.0951427	0.0848992	0.0808999	0.0997745	0.101571	0.0932965	0.0664738	0.0848467	0.0808641	0.0787047	0.0705777	0.0827408	0.0909848	0.0909623	0.0952755	0.103519	0.0847897	0.0739963	0.0876617	0.085819	0.0729889	0.0946696	0.0841971	0.0847253	0.077358	0.0711759	0.0779648	0.0525145	0.0628638	0.0648899	0.0692333	0.0544556	0.0687344	0.066866	0.0749855	0.0625429	0.0893692	0.068499	0.0760282	0.0727405	0.0849633	0.0892743	0.0893937	0.0817781	0.0878858	0.0942288	0.0797607	0.0857897	0.0903544	0.0879354	0.0878921	0.0757564	0.0736641	0.0819238	0.0818369	0.0829502	0.0748926	0.0769806	0.0666799	0.0728668	0.0869044	0.0807783	0.0725526	0.0950499	0.0886889	0.0867265	0.0887474	0.0866533	0.0906498	0.096776	0.0967412	0.0927226	0.0968935	0.096859	0.0886514	0.100505	0.0926697	0.0906116	0.090599	0.0967761	0.0825776	0.0951867	0.0847297	0.0826391	0.0765826	0.076581	0.101198	0.064422	0.0827684	0.0807677	0.074628	0.0778708	0.079869	0.0770161	0.0750085	0.0604514	0.070644	0.0916247	0.0981133	0.0666094	0.0789336	0.101715	0.0869377	0.090978	0.0868274	0.0705667	0.0726462	0.0979683	0.0746911	0.0727136	0.0851577	0.0726054	0.0725814	0.0746644	0.0745615	0.0806093	0.0706364	0.0726422	0.0807626	0.0664359	0.0705086	0.0645926	0.0645187	0.0686595	0.108727	0.0705346	0.0831886	0.0685753	0.0795246	0.0851748	0.0829886	0.0747564	0.0748078	0.046411	0.0630209	0.0760634	0.0505019	0.0507298	0	0.0346613	0.0303377	0.0406093	0.0364994	0.0405532	0.0364539	0.0283548	0.0262739	0.0262749	0.0262749	0.0408188	0.0528424	0.0629397	0.0606295	0.0606481	0.0689299	0.0626389	0.0688451	0.054749	0.0546063	0.0589457	0.074928	0.0628955	0.0547047	0.124918	0.105781	0.0991769	0.111181	0.117542	0.117426	0.121344	0.108106	0.0955517	0.16687	0.142511	0.162108	0.168523
Rhipidura_dahli	0.129014	0.136134	0.138173	0.165977	0.131876	0.129872	0.174643	0.187296	0.179544	0.195827	0.194981	0.172906	0.173904	0.187658	0.137051	0.133582	0.164239	0.157935	0.15998	0.153778	0.155794	0.153769	0.151769	0.151769	0.135818	0.146436	0.125432	0.146187	0.152382	0.147791	0.143759	0.141663	0.135525	0.137554	0.1396	0.137549	0.164481	0.164398	0.165006	0.157977	0.160288	0.231761	0.131401	0.133424	0.15418	0.141571	0.141546	0.141511	0.139478	0.141481	0.129363	0.131375	0.12936	0.127345	0.133587	0.138079	0.159812	0.150732	0.153324	0.147195	0.144662	0.152472	0.190772	0.156035	0.162757	0.175282	0.151009	0.169618	0.169187	0.172612	0.181922	0.169426	0.175451	0.160986	0.176206	0.164482	0.154919	0.158992	0.146509	0.129534	0.12952	0.141912	0.150273	0.151957	0.168593	0.147852	0.141697	0.149737	0.155752	0.155906	0.137656	0.135848	0.143769	0.139851	0.143964	0.145983	0.215562	0.206459	0.201057	0.175606	0.164723	0.156577	0.166352	0.163575	0.1638	0.135816	0.155155	0.142057	0.144057	0.180979	0.17915	0.154906	0.1425	0.227637	0.230575	0.16737	0.187412	0.165328	0.194172	0.165136	0.192405	0.160635	0.172454	0.18154	0.174649	0.19355	0.195867	0.209924	0.203319	0.200137	0.210304	0.196033	0.115394	0.123737	0.134242	0.121394	0.117372	0.117372	0.123413	0.121387	0.129951	0.125629	0.123626	0.163289	0.16457	0.151424	0.169395	0.187372	0.190273	0.144665	0.101202	0.0909584	0.0869591	0.105834	0.107631	0.0993557	0.072533	0.0909059	0.0869233	0.0847639	0.0766369	0.0888	0.097044	0.0970215	0.101335	0.109579	0.0908489	0.0800555	0.0937209	0.0918782	0.0790481	0.100729	0.0902563	0.0907845	0.0834172	0.0772351	0.084024	0.0585737	0.068923	0.0709491	0.0752925	0.0605149	0.0747936	0.0729252	0.0810447	0.0686021	0.0954284	0.0745582	0.0820874	0.0787997	0.0910225	0.0953335	0.0954529	0.0878374	0.093945	0.100288	0.0858199	0.0918489	0.0964136	0.0939946	0.0939513	0.0818156	0.0797233	0.087983	0.0878961	0.0890095	0.0809519	0.0830398	0.0727391	0.078926	0.0929636	0.0868375	0.0786118	0.101109	0.0947482	0.0927857	0.0948066	0.0927125	0.096709	0.102835	0.1028	0.0987818	0.102953	0.102918	0.0947106	0.106564	0.0987289	0.0966708	0.0966582	0.102835	0.0886369	0.101246	0.0907889	0.0886983	0.0826418	0.0826402	0.107257	0.0704812	0.0888276	0.0868269	0.0806872	0.0839301	0.0859282	0.0830753	0.0810677	0.0665106	0.0767033	0.097684	0.104173	0.0726686	0.0849928	0.107774	0.0929969	0.0970372	0.0928866	0.0766259	0.0787054	0.104028	0.0807503	0.0787728	0.0912169	0.0786646	0.0786406	0.0807236	0.0806207	0.0866685	0.0766956	0.0787014	0.0868218	0.0724951	0.0765679	0.0706518	0.0705779	0.0747187	0.114786	0.0765938	0.0892478	0.0746345	0.0855838	0.091234	0.0890478	0.0808156	0.080867	0.0524702	0.0690801	0.0821227	0.0565611	0.056789	0.0346613	0	0.0363969	0.0466685	0.0425586	0.0466124	0.0425131	0.034414	0.0323332	0.0323341	0.0323341	0.046878	0.0589016	0.0689989	0.0666887	0.0667074	0.0749891	0.0686982	0.0749043	0.0608082	0.0606655	0.0650049	0.0809872	0.0689547	0.0607639	0.130977	0.11184	0.105236	0.117241	0.123601	0.123486	0.127404	0.114165	0.101611	0.172929	0.148571	0.168167	0.174582
Myiagra_hebetior	0.116767	0.123887	0.125926	0.15373	0.119629	0.117625	0.162396	0.175049	0.167297	0.18358	0.182734	0.160659	0.161657	0.175411	0.124804	0.121335	0.151992	0.145688	0.147733	0.141531	0.143547	0.141522	0.139522	0.139522	0.123571	0.134189	0.113185	0.13394	0.140135	0.135544	0.131512	0.129416	0.123278	0.125307	0.127353	0.125302	0.152234	0.152151	0.152759	0.14573	0.148041	0.219513	0.119154	0.121176	0.141933	0.129324	0.129299	0.129264	0.127231	0.129234	0.117116	0.119128	0.117113	0.115098	0.12134	0.125832	0.147564	0.138485	0.141077	0.134948	0.132415	0.140225	0.178525	0.143788	0.15051	0.163035	0.138762	0.157371	0.15694	0.160365	0.169675	0.157179	0.163204	0.148739	0.163959	0.152235	0.142672	0.146745	0.134262	0.117287	0.117273	0.129665	0.138026	0.13971	0.156345	0.135605	0.12945	0.13749	0.143505	0.143659	0.125409	0.123601	0.131522	0.127604	0.131717	0.133736	0.203314	0.194212	0.18881	0.163359	0.152476	0.14433	0.154105	0.151327	0.151553	0.123569	0.142908	0.12981	0.13181	0.168732	0.166903	0.142659	0.130253	0.21539	0.218328	0.155123	0.175165	0.153081	0.181925	0.152889	0.180158	0.148388	0.160207	0.169293	0.162402	0.181303	0.18362	0.197677	0.191072	0.18789	0.198057	0.183786	0.103147	0.11149	0.121995	0.109147	0.105125	0.105125	0.111166	0.10914	0.117704	0.113382	0.111379	0.151042	0.152323	0.139177	0.157148	0.175125	0.178026	0.132418	0.0889549	0.0787114	0.0747121	0.0935867	0.0953837	0.0871087	0.0602859	0.0786588	0.0746763	0.0725169	0.0643899	0.076553	0.084797	0.0847745	0.0890877	0.0973315	0.0786018	0.0678085	0.0814739	0.0796312	0.0668011	0.0884818	0.0780093	0.0785375	0.0711702	0.0649881	0.071777	0.0463267	0.056676	0.0587021	0.0630454	0.0482678	0.0625466	0.0606782	0.0687977	0.0563551	0.0831813	0.0623112	0.0698404	0.0665527	0.0787754	0.0830864	0.0832058	0.0755903	0.081698	0.088041	0.0735728	0.0796018	0.0841666	0.0817475	0.0817042	0.0695686	0.0674763	0.075736	0.0756491	0.0767624	0.0687048	0.0707928	0.060492	0.066679	0.0807166	0.0745905	0.0663647	0.088862	0.0825011	0.0805387	0.0825596	0.0804655	0.084462	0.0905881	0.0905534	0.0865348	0.0907057	0.0906712	0.0824636	0.0943171	0.0864819	0.0844238	0.0844112	0.0905882	0.0763898	0.0889989	0.0785419	0.0764513	0.0703948	0.0703932	0.0950099	0.0582342	0.0765806	0.0745798	0.0684401	0.071683	0.0736811	0.0708283	0.0688206	0.0542636	0.0644562	0.0854369	0.0919255	0.0604216	0.0727458	0.0955272	0.0807499	0.0847902	0.0806396	0.0643789	0.0664584	0.0917805	0.0685033	0.0665258	0.0789699	0.0664176	0.0663936	0.0684766	0.0683737	0.0744215	0.0644486	0.0664543	0.0745748	0.060248	0.0643208	0.0584048	0.0583309	0.0624717	0.102539	0.0643468	0.0770008	0.0623875	0.0733368	0.0789869	0.0768008	0.0685686	0.06862	0.0402231	0.0568331	0.0698756	0.0443141	0.0445419	0.0303377	0.0363969	0	0.0344215	0.0303116	0.0343654	0.0302661	0.022167	0.0200861	0.0200871	0.0200871	0.034631	0.0466545	0.0567519	0.0544417	0.0544603	0.062742	0.0564511	0.0626573	0.0485611	0.0484185	0.0527578	0.0687402	0.0567077	0.0485169	0.11873	0.0995931	0.092989	0.104994	0.111354	0.111239	0.115157	0.101918	0.0893639	0.160682	0.136324	0.15592	0.162335
Lanius_ludovicianus	0.127033	0.134153	0.136192	0.163996	0.129895	0.127891	0.172662	0.185315	0.177563	0.193846	0.193	0.170925	0.171923	0.185677	0.13507	0.131601	0.162258	0.155954	0.157999	0.151797	0.153813	0.151788	0.149788	0.149788	0.133837	0.144455	0.123451	0.144206	0.150401	0.14581	0.141778	0.139682	0.133544	0.135573	0.137619	0.135568	0.1625	0.162417	0.163025	0.155996	0.158307	0.229779	0.12942	0.131442	0.152199	0.13959	0.139565	0.13953	0.137497	0.1395	0.127382	0.129394	0.127379	0.125364	0.131606	0.136098	0.15783	0.148751	0.151343	0.145214	0.142681	0.150491	0.188791	0.154054	0.160776	0.173301	0.149028	0.167637	0.167206	0.170631	0.179941	0.167445	0.17347	0.159004	0.174225	0.162501	0.152938	0.157011	0.144528	0.127553	0.127539	0.139931	0.148292	0.149976	0.166611	0.145871	0.139716	0.147756	0.153771	0.153925	0.135675	0.133867	0.141788	0.13787	0.141983	0.144002	0.21358	0.204478	0.199076	0.173624	0.162742	0.154596	0.164371	0.161593	0.161819	0.133835	0.153174	0.140076	0.142076	0.178998	0.177169	0.152925	0.140519	0.225656	0.228594	0.165389	0.185431	0.163347	0.192191	0.163155	0.190424	0.158654	0.170473	0.179559	0.172667	0.191569	0.193886	0.207943	0.201338	0.198156	0.208323	0.194052	0.113413	0.121756	0.132261	0.119413	0.115391	0.115391	0.121432	0.119406	0.12797	0.123648	0.121645	0.161308	0.162589	0.149443	0.167414	0.185391	0.188292	0.142684	0.0992209	0.0889774	0.084978	0.103853	0.10565	0.0973747	0.0705519	0.0889248	0.0849422	0.0827829	0.0746559	0.0868189	0.0950629	0.0950405	0.0993536	0.107597	0.0888678	0.0780745	0.0917398	0.0898971	0.077067	0.0987478	0.0882752	0.0888034	0.0814361	0.075254	0.082043	0.0565927	0.0669419	0.0689681	0.0733114	0.0585338	0.0728125	0.0709441	0.0790636	0.0666211	0.0934473	0.0725772	0.0801063	0.0768187	0.0890414	0.0933524	0.0934718	0.0858563	0.091964	0.098307	0.0838388	0.0898678	0.0944326	0.0920135	0.0919702	0.0798345	0.0777423	0.0860019	0.085915	0.0870284	0.0789708	0.0810587	0.070758	0.076945	0.0909825	0.0848565	0.0766307	0.099128	0.0927671	0.0908047	0.0928256	0.0907315	0.094728	0.100854	0.100819	0.0968008	0.100972	0.100937	0.0927295	0.104583	0.0967478	0.0946898	0.0946771	0.100854	0.0866558	0.0992648	0.0888079	0.0867173	0.0806608	0.0806592	0.105276	0.0685002	0.0868465	0.0848458	0.0787061	0.081949	0.0839471	0.0810943	0.0790866	0.0645295	0.0747222	0.0957029	0.102191	0.0706876	0.0830117	0.105793	0.0910159	0.0950562	0.0909055	0.0746448	0.0767244	0.102046	0.0787693	0.0767918	0.0892358	0.0766836	0.0766596	0.0787426	0.0786397	0.0846874	0.0747146	0.0767203	0.0848407	0.070514	0.0745868	0.0686708	0.0685969	0.0727377	0.112805	0.0746128	0.0872667	0.0726535	0.0836028	0.0892529	0.0870668	0.0788346	0.078886	0.0504891	0.067099	0.0801416	0.0545801	0.0548079	0.0406093	0.0466685	0.0344215	0	0.0405776	0.0446314	0.040532	0.032433	0.0303521	0.0303531	0.0303531	0.044897	0.0569205	0.0670179	0.0647077	0.0647263	0.073008	0.0667171	0.0729233	0.0588271	0.0586845	0.0630238	0.0790062	0.0669737	0.0587828	0.128996	0.109859	0.103255	0.115259	0.12162	0.121505	0.125423	0.112184	0.0996299	0.170948	0.14659	0.166186	0.172601
Dicrurus_megarhynchus	0.122918	0.130038	0.132076	0.15988	0.125779	0.123775	0.168546	0.181199	0.173447	0.189731	0.188885	0.166809	0.167808	0.181562	0.130955	0.127486	0.158142	0.151838	0.153883	0.147681	0.149698	0.147672	0.145673	0.145673	0.129721	0.140339	0.119336	0.14009	0.146285	0.141695	0.137662	0.135567	0.129428	0.131457	0.133503	0.131453	0.158384	0.158302	0.158909	0.15188	0.154191	0.225664	0.125304	0.127327	0.148083	0.135474	0.135449	0.135414	0.133381	0.135384	0.123266	0.125279	0.123263	0.121248	0.12749	0.131983	0.153715	0.144635	0.147227	0.141098	0.138565	0.146375	0.184675	0.149938	0.156661	0.169185	0.144912	0.163521	0.16309	0.166515	0.175825	0.163329	0.169355	0.154889	0.170109	0.158385	0.148822	0.152895	0.140412	0.123437	0.123423	0.135815	0.144176	0.14586	0.162496	0.141755	0.1356	0.143641	0.149656	0.14981	0.131559	0.129751	0.137672	0.133754	0.137868	0.139887	0.209465	0.200362	0.194961	0.169509	0.158626	0.150481	0.160255	0.157478	0.157703	0.129719	0.149058	0.135961	0.13796	0.174882	0.173053	0.148809	0.136403	0.22154	0.224478	0.161273	0.181316	0.159231	0.188076	0.159039	0.186308	0.154539	0.166357	0.175443	0.168552	0.187453	0.18977	0.203827	0.197222	0.19404	0.204207	0.189936	0.109297	0.117641	0.128145	0.115297	0.111275	0.111275	0.117316	0.11529	0.123855	0.119532	0.117529	0.157193	0.158473	0.145327	0.163298	0.181275	0.184176	0.138568	0.0951051	0.0848617	0.0808623	0.099737	0.101534	0.093259	0.0664362	0.0848091	0.0808265	0.0786672	0.0705402	0.0827032	0.0909472	0.0909248	0.0952379	0.103482	0.0847521	0.0739588	0.0876241	0.0857814	0.0729513	0.0946321	0.0841595	0.0846877	0.0773204	0.0711383	0.0779273	0.0524769	0.0628262	0.0648524	0.0691957	0.0544181	0.0686968	0.0668284	0.0749479	0.0625054	0.0893316	0.0684615	0.0759906	0.072703	0.0849257	0.0892367	0.0893561	0.0817406	0.0878482	0.0941912	0.0797231	0.0857521	0.0903168	0.0878978	0.0878545	0.0757188	0.0736266	0.0818862	0.0817993	0.0829127	0.0748551	0.076943	0.0666423	0.0728293	0.0868668	0.0807408	0.072515	0.0950123	0.0886514	0.086689	0.0887098	0.0866158	0.0906123	0.0967384	0.0967037	0.092685	0.096856	0.0968214	0.0886138	0.100467	0.0926321	0.0905741	0.0905614	0.0967385	0.0825401	0.0951491	0.0846922	0.0826016	0.076545	0.0765434	0.10116	0.0643845	0.0827308	0.0807301	0.0745904	0.0778333	0.0798314	0.0769786	0.0749709	0.0604138	0.0706065	0.0915872	0.0980757	0.0665719	0.078896	0.101677	0.0869001	0.0909404	0.0867898	0.0705291	0.0726087	0.0979308	0.0746535	0.0726761	0.0851201	0.0725679	0.0725439	0.0746269	0.074524	0.0805717	0.0705989	0.0726046	0.080725	0.0663983	0.0704711	0.0645551	0.0644812	0.068622	0.10869	0.0704971	0.083151	0.0685378	0.0794871	0.0851372	0.0829511	0.0747189	0.0747703	0.0463734	0.0629833	0.0760259	0.0504644	0.0506922	0.0364994	0.0425586	0.0303116	0.0405776	0	0.0405042	0.0364106	0.0283115	0.0262306	0.0262316	0.0262316	0.0407813	0.0528048	0.0629022	0.060592	0.0606106	0.0688923	0.0626014	0.0688075	0.0547114	0.0545688	0.0589081	0.0748905	0.0628579	0.0546671	0.12488	0.105743	0.0991393	0.111144	0.117504	0.117389	0.121307	0.108069	0.0955141	0.166832	0.142474	0.162071	0.168485
Ifrita_kowaldi	0.126971	0.134091	0.13613	0.163934	0.129833	0.127829	0.1726	0.185253	0.177501	0.193784	0.192938	0.170863	0.171861	0.185615	0.135008	0.131539	0.162196	0.155892	0.157937	0.151735	0.153751	0.151726	0.149726	0.149726	0.133775	0.144393	0.123389	0.144144	0.150339	0.145748	0.141716	0.13962	0.133482	0.135511	0.137557	0.135506	0.162438	0.162355	0.162963	0.155934	0.158245	0.229718	0.129358	0.13138	0.152137	0.139528	0.139503	0.139468	0.137435	0.139438	0.12732	0.129332	0.127317	0.125302	0.131544	0.136036	0.157769	0.148689	0.151281	0.145152	0.142619	0.150429	0.188729	0.153992	0.160714	0.173239	0.148966	0.167575	0.167144	0.170569	0.179879	0.167383	0.173408	0.158943	0.174163	0.162439	0.152876	0.156949	0.144466	0.127491	0.127477	0.139869	0.14823	0.149914	0.166549	0.145809	0.139654	0.147694	0.153709	0.153863	0.135613	0.133805	0.141726	0.137808	0.141921	0.14394	0.213518	0.204416	0.199014	0.173563	0.16268	0.154534	0.164309	0.161532	0.161757	0.133773	0.153112	0.140014	0.142014	0.178936	0.177107	0.152863	0.140457	0.225594	0.228532	0.165327	0.185369	0.163285	0.192129	0.163093	0.190362	0.158592	0.170411	0.179497	0.172606	0.191507	0.193824	0.207881	0.201276	0.198094	0.208261	0.19399	0.113351	0.121694	0.132199	0.119351	0.115329	0.115329	0.12137	0.119344	0.127908	0.123586	0.121583	0.161246	0.162527	0.149381	0.167352	0.185329	0.18823	0.142622	0.0991589	0.0889154	0.0849161	0.103791	0.105588	0.0973127	0.07049	0.0888629	0.0848803	0.0827209	0.0745939	0.086757	0.095001	0.0949785	0.0992917	0.107536	0.0888059	0.0780125	0.0916779	0.0898352	0.0770051	0.0986858	0.0882133	0.0887415	0.0813742	0.0751921	0.081981	0.0565307	0.06688	0.0689061	0.0732495	0.0584718	0.0727506	0.0708822	0.0790017	0.0665591	0.0933854	0.0725152	0.0800444	0.0767567	0.0889795	0.0932905	0.0934099	0.0857943	0.091902	0.098245	0.0837769	0.0898059	0.0943706	0.0919516	0.0919083	0.0797726	0.0776803	0.08594	0.0858531	0.0869664	0.0789088	0.0809968	0.0706961	0.076883	0.0909206	0.0847945	0.0765688	0.0990661	0.0927051	0.0907427	0.0927636	0.0906695	0.094666	0.100792	0.100757	0.0967388	0.10091	0.100875	0.0926676	0.104521	0.0966859	0.0946278	0.0946152	0.100792	0.0865938	0.0992029	0.0887459	0.0866553	0.0805988	0.0805972	0.105214	0.0684382	0.0867846	0.0847839	0.0786442	0.081887	0.0838852	0.0810323	0.0790247	0.0644676	0.0746602	0.0956409	0.102129	0.0706256	0.0829498	0.105731	0.0909539	0.0949942	0.0908436	0.0745829	0.0766624	0.101985	0.0787073	0.0767298	0.0891739	0.0766216	0.0765976	0.0786806	0.0785777	0.0846255	0.0746526	0.0766584	0.0847788	0.0704521	0.0745249	0.0686088	0.0685349	0.0726757	0.112743	0.0745508	0.0872048	0.0725915	0.0835408	0.089191	0.0870048	0.0787726	0.078824	0.0504272	0.0670371	0.0800796	0.0545181	0.054746	0.0405532	0.0466124	0.0343654	0.0446314	0.0405042	0	0.0404643	0.0323653	0.0302844	0.0302854	0.0302854	0.044835	0.0568586	0.0669559	0.0646457	0.0646643	0.0729461	0.0666552	0.0728613	0.0587652	0.0586225	0.0629619	0.0789442	0.0669117	0.0587209	0.128934	0.109797	0.103193	0.115198	0.121558	0.121443	0.125361	0.112122	0.0995679	0.170886	0.146528	0.166124	0.172539
Paradisaea_raggiana	0.122872	0.129992	0.132031	0.159835	0.125733	0.12373	0.168501	0.181153	0.173402	0.189685	0.188839	0.166763	0.167762	0.181516	0.130909	0.12744	0.158096	0.151793	0.153837	0.147636	0.149652	0.147627	0.145627	0.145627	0.129676	0.140294	0.11929	0.140045	0.14624	0.141649	0.137617	0.135521	0.129382	0.131412	0.133457	0.131407	0.158338	0.158256	0.158863	0.151835	0.154145	0.225618	0.125259	0.127281	0.148038	0.135429	0.135404	0.135369	0.133336	0.135339	0.12322	0.125233	0.123218	0.121202	0.127445	0.131937	0.153669	0.144589	0.147181	0.141053	0.138519	0.14633	0.18463	0.149893	0.156615	0.169139	0.144867	0.163475	0.163045	0.16647	0.17578	0.163283	0.169309	0.154843	0.170063	0.15834	0.148776	0.15285	0.140366	0.123391	0.123377	0.13577	0.14413	0.145815	0.16245	0.14171	0.135554	0.143595	0.14961	0.149764	0.131514	0.129705	0.137626	0.133708	0.137822	0.139841	0.209419	0.200317	0.194915	0.169463	0.158581	0.150435	0.160209	0.157432	0.157657	0.129674	0.149012	0.135915	0.137914	0.174836	0.173008	0.148764	0.136358	0.221495	0.224432	0.161228	0.18127	0.159185	0.18803	0.158994	0.186263	0.154493	0.166312	0.175397	0.168506	0.187408	0.189725	0.203782	0.197177	0.193994	0.204161	0.189891	0.109252	0.117595	0.128099	0.115252	0.111229	0.111229	0.117271	0.115245	0.123809	0.119486	0.117484	0.157147	0.158427	0.145282	0.163253	0.181229	0.18413	0.138523	0.0950596	0.0848161	0.0808168	0.0996914	0.101488	0.0932134	0.0663906	0.0847636	0.080781	0.0786216	0.0704946	0.0826577	0.0909017	0.0908792	0.0951924	0.103436	0.0847065	0.0739132	0.0875786	0.0857359	0.0729058	0.0945865	0.084114	0.0846422	0.0772749	0.0710928	0.0778817	0.0524314	0.0627807	0.0648068	0.0691501	0.0543725	0.0686513	0.0667829	0.0749024	0.0624598	0.0892861	0.0684159	0.0759451	0.0726574	0.0848801	0.0891911	0.0893105	0.081695	0.0878027	0.0941457	0.0796775	0.0857065	0.0902713	0.0878522	0.0878089	0.0756733	0.073581	0.0818407	0.0817538	0.0828671	0.0748095	0.0768975	0.0665967	0.0727837	0.0868213	0.0806952	0.0724695	0.0949667	0.0886058	0.0866434	0.0886643	0.0865702	0.0905667	0.0966928	0.0966581	0.0926395	0.0968104	0.0967759	0.0885683	0.100422	0.0925866	0.0905285	0.0905159	0.0966929	0.0824945	0.0951036	0.0846466	0.082556	0.0764995	0.0764979	0.101115	0.0643389	0.0826853	0.0806845	0.0745448	0.0777877	0.0797858	0.076933	0.0749254	0.0603683	0.0705609	0.0915416	0.0980302	0.0665263	0.0788505	0.101632	0.0868546	0.0908949	0.0867443	0.0704836	0.0725631	0.0978852	0.074608	0.0726305	0.0850746	0.0725223	0.0724983	0.0745813	0.0744784	0.0805262	0.0705533	0.0725591	0.0806795	0.0663527	0.0704255	0.0645095	0.0644356	0.0685764	0.108644	0.0704515	0.0831055	0.0684922	0.0794415	0.0850916	0.0829055	0.0746733	0.0747247	0.0463279	0.0629378	0.0759803	0.0504188	0.0506466	0.0364539	0.0425131	0.0302661	0.040532	0.0364106	0.0404643	0	0.0282602	0.0261793	0.0261803	0.0261803	0.0407357	0.0527592	0.0628566	0.0605464	0.060565	0.0688467	0.0625558	0.068762	0.0546658	0.0545232	0.0588626	0.0748449	0.0628124	0.0546216	0.124835	0.105698	0.0990937	0.111098	0.117459	0.117343	0.121261	0.108023	0.0954686	0.166787	0.142428	0.162025	0.16844
Aphelocoma_coerulescens	0.114773	0.121893	0.123932	0.151735	0.117634	0.115631	0.160402	0.173054	0.165303	0.181586	0.18074	0.158664	0.159663	0.173417	0.12281	0.119341	0.149997	0.143694	0.145738	0.139537	0.141553	0.139528	0.137528	0.137528	0.121577	0.132194	0.111191	0.131946	0.13814	0.13355	0.129518	0.127422	0.121283	0.123313	0.125358	0.123308	0.150239	0.150157	0.150764	0.143736	0.146046	0.217519	0.11716	0.119182	0.139939	0.12733	0.127304	0.12727	0.125237	0.12724	0.115121	0.117134	0.115119	0.113103	0.119346	0.123838	0.14557	0.13649	0.139082	0.132954	0.13042	0.138231	0.176531	0.141794	0.148516	0.16104	0.136768	0.155376	0.154946	0.158371	0.167681	0.155184	0.16121	0.146744	0.161964	0.150241	0.140677	0.144751	0.132267	0.115292	0.115278	0.127671	0.136031	0.137716	0.154351	0.133611	0.127455	0.135496	0.141511	0.141665	0.123415	0.121606	0.129527	0.125609	0.129723	0.131742	0.20132	0.192218	0.186816	0.161364	0.150482	0.142336	0.15211	0.149333	0.149558	0.121575	0.140913	0.127816	0.129815	0.166737	0.164909	0.140665	0.128259	0.213396	0.216333	0.153129	0.173171	0.151086	0.179931	0.150895	0.178164	0.146394	0.158213	0.167298	0.160407	0.179308	0.181626	0.195683	0.189078	0.185895	0.196062	0.181792	0.101153	0.109496	0.12	0.107153	0.10313	0.10313	0.109172	0.107146	0.11571	0.111387	0.109385	0.149048	0.150328	0.137183	0.155154	0.17313	0.176031	0.130424	0.0869605	0.0767171	0.0727177	0.0915924	0.0933893	0.0851143	0.0582916	0.0766645	0.0726819	0.0705226	0.0623956	0.0745586	0.0828026	0.0827802	0.0870933	0.0953372	0.0766075	0.0658142	0.0794795	0.0776368	0.0648067	0.0864875	0.0760149	0.0765431	0.0691758	0.0629937	0.0697826	0.0443323	0.0546816	0.0567078	0.0610511	0.0462735	0.0605522	0.0586838	0.0668033	0.0543607	0.081187	0.0603169	0.067846	0.0645583	0.0767811	0.0810921	0.0812115	0.073596	0.0797036	0.0860466	0.0715785	0.0776075	0.0821722	0.0797532	0.0797099	0.0675742	0.065482	0.0737416	0.0736547	0.0747681	0.0667105	0.0687984	0.0584977	0.0646847	0.0787222	0.0725962	0.0643704	0.0868677	0.0805068	0.0785443	0.0805652	0.0784712	0.0824677	0.0885938	0.0885591	0.0845404	0.0887114	0.0886768	0.0804692	0.0923228	0.0844875	0.0824294	0.0824168	0.0885939	0.0743955	0.0870045	0.0765476	0.074457	0.0684004	0.0683988	0.0930155	0.0562399	0.0745862	0.0725855	0.0664458	0.0696887	0.0716868	0.0688339	0.0668263	0.0522692	0.0624619	0.0834426	0.0899311	0.0584273	0.0707514	0.0935329	0.0787555	0.0827958	0.0786452	0.0623845	0.0644641	0.0897862	0.0665089	0.0645315	0.0769755	0.0644233	0.0643992	0.0664823	0.0663794	0.0724271	0.0624542	0.06446	0.0725804	0.0582537	0.0623265	0.0564105	0.0563365	0.0604773	0.100545	0.0623525	0.0750064	0.0603932	0.0713424	0.0769926	0.0748065	0.0665743	0.0666257	0.0382288	0.0548387	0.0678813	0.0423198	0.0425476	0.0283548	0.034414	0.022167	0.032433	0.0283115	0.0323653	0.0282602	0	0.0100545	0.0100555	0.0100555	0.0326366	0.0446602	0.0547576	0.0524474	0.052466	0.0607477	0.0544568	0.0606629	0.0465668	0.0464242	0.0507635	0.0667459	0.0547133	0.0465225	0.116736	0.0975987	0.0909947	0.102999	0.10936	0.109244	0.113162	0.0999239	0.0873695	0.158688	0.134329	0.153926	0.160341
Corvus_moneduloides	0.112692	0.119812	0.121851	0.149655	0.115553	0.11355	0.158321	0.170973	0.163222	0.179505	0.178659	0.156583	0.157582	0.171336	0.120729	0.11726	0.147917	0.141613	0.143657	0.137456	0.139472	0.137447	0.135447	0.135447	0.119496	0.130114	0.10911	0.129865	0.13606	0.131469	0.127437	0.125341	0.119202	0.121232	0.123277	0.121227	0.148158	0.148076	0.148684	0.141655	0.143965	0.215438	0.115079	0.117101	0.137858	0.125249	0.125224	0.125189	0.123156	0.125159	0.113041	0.115053	0.113038	0.111022	0.117265	0.121757	0.143489	0.13441	0.137001	0.130873	0.128339	0.13615	0.17445	0.139713	0.146435	0.15896	0.134687	0.153295	0.152865	0.15629	0.1656	0.153104	0.159129	0.144663	0.159883	0.14816	0.138596	0.14267	0.130186	0.113211	0.113197	0.12559	0.133951	0.135635	0.15227	0.13153	0.125375	0.133415	0.13943	0.139584	0.121334	0.119525	0.127446	0.123528	0.127642	0.129661	0.199239	0.190137	0.184735	0.159283	0.148401	0.140255	0.150029	0.147252	0.147478	0.119494	0.138832	0.125735	0.127734	0.164657	0.162828	0.138584	0.126178	0.211315	0.214252	0.151048	0.17109	0.149005	0.17785	0.148814	0.176083	0.144313	0.156132	0.165217	0.158326	0.177228	0.179545	0.193602	0.186997	0.183814	0.193982	0.179711	0.0990719	0.107415	0.117919	0.105072	0.101049	0.101049	0.107091	0.105065	0.113629	0.109306	0.107304	0.146967	0.148247	0.135102	0.153073	0.17105	0.173951	0.128343	0.0848796	0.0746362	0.0706368	0.0895115	0.0913084	0.0830335	0.0562107	0.0745836	0.070601	0.0684417	0.0603147	0.0724777	0.0807217	0.0806993	0.0850124	0.0932563	0.0745266	0.0637333	0.0773986	0.0755559	0.0627258	0.0844066	0.073934	0.0744622	0.0670949	0.0609128	0.0677018	0.0422514	0.0526007	0.0546269	0.0589702	0.0441926	0.0584713	0.0566029	0.0647224	0.0522799	0.0791061	0.058236	0.0657651	0.0624775	0.0747002	0.0790112	0.0791306	0.0715151	0.0776227	0.0839657	0.0694976	0.0755266	0.0800913	0.0776723	0.077629	0.0654933	0.0634011	0.0716607	0.0715738	0.0726872	0.0646296	0.0667175	0.0564168	0.0626038	0.0766413	0.0705153	0.0622895	0.0847868	0.0784259	0.0764635	0.0784844	0.0763903	0.0803868	0.0865129	0.0864782	0.0824595	0.0866305	0.0865959	0.0783883	0.0902419	0.0824066	0.0803486	0.0803359	0.086513	0.0723146	0.0849236	0.0744667	0.0723761	0.0663196	0.0663179	0.0909346	0.054159	0.0725053	0.0705046	0.0643649	0.0676078	0.0696059	0.0667531	0.0647454	0.0501883	0.060381	0.0813617	0.0878502	0.0563464	0.0686705	0.091452	0.0766746	0.0807149	0.0765643	0.0603036	0.0623832	0.0877053	0.064428	0.0624506	0.0748946	0.0623424	0.0623184	0.0644014	0.0642985	0.0703462	0.0603734	0.0623791	0.0704995	0.0561728	0.0602456	0.0543296	0.0542557	0.0583965	0.098464	0.0602716	0.0729255	0.0583123	0.0692616	0.0749117	0.0727256	0.0644934	0.0645448	0.0361479	0.0527578	0.0658004	0.0402389	0.0404667	0.0262739	0.0323332	0.0200861	0.0303521	0.0262306	0.0302844	0.0261793	0.0100545	0	0.00400563	0.00400563	0.0305558	0.0425793	0.0526767	0.0503665	0.0503851	0.0586668	0.0523759	0.058582	0.0444859	0.0443433	0.0486826	0.064665	0.0526324	0.0444416	0.114655	0.0955178	0.0889138	0.100918	0.107279	0.107163	0.111081	0.097843	0.0852886	0.156607	0.132248	0.151845	0.15826
Corvus_brachyrhynchos	0.112693	0.119813	0.121852	0.149656	0.115554	0.113551	0.158322	0.170974	0.163223	0.179506	0.17866	0.156584	0.157583	0.171337	0.12073	0.117261	0.147918	0.141614	0.143658	0.137457	0.139473	0.137448	0.135448	0.135448	0.119497	0.130115	0.109111	0.129866	0.136061	0.13147	0.127438	0.125342	0.119203	0.121233	0.123278	0.121228	0.148159	0.148077	0.148685	0.141656	0.143966	0.215439	0.11508	0.117102	0.137859	0.12525	0.125225	0.12519	0.123157	0.12516	0.113042	0.115054	0.113039	0.111023	0.117266	0.121758	0.14349	0.134411	0.137002	0.130874	0.12834	0.136151	0.174451	0.139714	0.146436	0.158961	0.134688	0.153296	0.152866	0.156291	0.165601	0.153105	0.15913	0.144664	0.159884	0.148161	0.138597	0.142671	0.130187	0.113212	0.113198	0.125591	0.133952	0.135636	0.152271	0.131531	0.125376	0.133416	0.139431	0.139585	0.121335	0.119526	0.127447	0.123529	0.127643	0.129662	0.19924	0.190138	0.184736	0.159284	0.148402	0.140256	0.15003	0.147253	0.147479	0.119495	0.138833	0.125736	0.127735	0.164658	0.162829	0.138585	0.126179	0.211316	0.214253	0.151049	0.171091	0.149006	0.177851	0.148815	0.176084	0.144314	0.156133	0.165218	0.158327	0.177229	0.179546	0.193603	0.186998	0.183815	0.193983	0.179712	0.0990729	0.107416	0.11792	0.105073	0.10105	0.10105	0.107092	0.105066	0.11363	0.109307	0.107305	0.146968	0.148248	0.135103	0.153074	0.171051	0.173952	0.128344	0.0848806	0.0746372	0.0706378	0.0895125	0.0913094	0.0830344	0.0562117	0.0745846	0.070602	0.0684427	0.0603157	0.0724787	0.0807227	0.0807003	0.0850134	0.0932573	0.0745276	0.0637343	0.0773996	0.0755569	0.0627268	0.0844076	0.073935	0.0744632	0.0670959	0.0609138	0.0677027	0.0422524	0.0526017	0.0546279	0.0589712	0.0441936	0.0584723	0.0566039	0.0647234	0.0522808	0.0791071	0.058237	0.0657661	0.0624785	0.0747012	0.0790122	0.0791316	0.0715161	0.0776237	0.0839667	0.0694986	0.0755276	0.0800923	0.0776733	0.07763	0.0654943	0.0634021	0.0716617	0.0715748	0.0726882	0.0646306	0.0667185	0.0564178	0.0626048	0.0766423	0.0705163	0.0622905	0.0847878	0.0784269	0.0764644	0.0784853	0.0763913	0.0803878	0.0865139	0.0864792	0.0824605	0.0866315	0.0865969	0.0783893	0.0902429	0.0824076	0.0803496	0.0803369	0.086514	0.0723156	0.0849246	0.0744677	0.0723771	0.0663205	0.0663189	0.0909356	0.05416	0.0725063	0.0705056	0.0643659	0.0676088	0.0696069	0.0667541	0.0647464	0.0501893	0.060382	0.0813627	0.0878512	0.0563474	0.0686715	0.091453	0.0766756	0.0807159	0.0765653	0.0603046	0.0623842	0.0877063	0.064429	0.0624516	0.0748956	0.0623434	0.0623194	0.0644024	0.0642995	0.0703472	0.0603744	0.0623801	0.0705005	0.0561738	0.0602466	0.0543306	0.0542567	0.0583975	0.098465	0.0602726	0.0729265	0.0583133	0.0692626	0.0749127	0.0727266	0.0644944	0.0645458	0.0361489	0.0527588	0.0658014	0.0402399	0.0404677	0.0262749	0.0323341	0.0200871	0.0303531	0.0262316	0.0302854	0.0261803	0.0100555	0.00400563	0	2e-06	0.0305567	0.0425803	0.0526777	0.0503675	0.0503861	0.0586678	0.0523769	0.058583	0.0444869	0.0443443	0.0486836	0.064666	0.0526334	0.0444426	0.114656	0.0955188	0.0889148	0.100919	0.10728	0.107164	0.111082	0.097844	0.0852896	0.156608	0.132249	0.151846	0.158261
Corvus_cornix	0.112693	0.119813	0.121852	0.149656	0.115554	0.113551	0.158322	0.170974	0.163223	0.179506	0.17866	0.156584	0.157583	0.171337	0.12073	0.117261	0.147918	0.141614	0.143658	0.137457	0.139473	0.137448	0.135448	0.135448	0.119497	0.130115	0.109111	0.129866	0.136061	0.13147	0.127438	0.125342	0.119203	0.121233	0.123278	0.121228	0.148159	0.148077	0.148685	0.141656	0.143966	0.215439	0.11508	0.117102	0.137859	0.12525	0.125225	0.12519	0.123157	0.12516	0.113042	0.115054	0.113039	0.111023	0.117266	0.121758	0.14349	0.134411	0.137002	0.130874	0.12834	0.136151	0.174451	0.139714	0.146436	0.158961	0.134688	0.153296	0.152866	0.156291	0.165601	0.153105	0.15913	0.144664	0.159884	0.148161	0.138597	0.142671	0.130187	0.113212	0.113198	0.125591	0.133952	0.135636	0.152271	0.131531	0.125376	0.133416	0.139431	0.139585	0.121335	0.119526	0.127447	0.123529	0.127643	0.129662	0.19924	0.190138	0.184736	0.159284	0.148402	0.140256	0.15003	0.147253	0.147479	0.119495	0.138833	0.125736	0.127735	0.164658	0.162829	0.138585	0.126179	0.211316	0.214253	0.151049	0.171091	0.149006	0.177851	0.148815	0.176084	0.144314	0.156133	0.165218	0.158327	0.177229	0.179546	0.193603	0.186998	0.183815	0.193983	0.179712	0.0990729	0.107416	0.11792	0.105073	0.10105	0.10105	0.107092	0.105066	0.11363	0.109307	0.107305	0.146968	0.148248	0.135103	0.153074	0.171051	0.173952	0.128344	0.0848806	0.0746372	0.0706378	0.0895125	0.0913094	0.0830344	0.0562117	0.0745846	0.070602	0.0684427	0.0603157	0.0724787	0.0807227	0.0807003	0.0850134	0.0932573	0.0745276	0.0637343	0.0773996	0.0755569	0.0627268	0.0844076	0.073935	0.0744632	0.0670959	0.0609138	0.0677027	0.0422524	0.0526017	0.0546279	0.0589712	0.0441936	0.0584723	0.0566039	0.0647234	0.0522808	0.0791071	0.058237	0.0657661	0.0624785	0.0747012	0.0790122	0.0791316	0.0715161	0.0776237	0.0839667	0.0694986	0.0755276	0.0800923	0.0776733	0.07763	0.0654943	0.0634021	0.0716617	0.0715748	0.0726882	0.0646306	0.0667185	0.0564178	0.0626048	0.0766423	0.0705163	0.0622905	0.0847878	0.0784269	0.0764644	0.0784853	0.0763913	0.0803878	0.0865139	0.0864792	0.0824605	0.0866315	0.0865969	0.0783893	0.0902429	0.0824076	0.0803496	0.0803369	0.086514	0.0723156	0.0849246	0.0744677	0.0723771	0.0663205	0.0663189	0.0909356	0.05416	0.0725063	0.0705056	0.0643659	0.0676088	0.0696069	0.0667541	0.0647464	0.0501893	0.060382	0.0813627	0.0878512	0.0563474	0.0686715	0.091453	0.0766756	0.0807159	0.0765653	0.0603046	0.0623842	0.0877063	0.064429	0.0624516	0.0748956	0.0623434	0.0623194	0.0644024	0.0642995	0.0703472	0.0603744	0.0623801	0.0705005	0.0561738	0.0602466	0.0543306	0.0542567	0.0583975	0.098465	0.0602726	0.0729265	0.0583133	0.0692626	0.0749127	0.0727266	0.0644944	0.0645458	0.0361489	0.0527588	0.0658014	0.0402399	0.0404677	0.0262749	0.0323341	0.0200871	0.0303531	0.0262316	0.0302854	0.0261803	0.0100555	0.00400563	2e-06	0	0.0305567	0.0425803	0.0526777	0.0503675	0.0503861	0.0586678	0.0523769	0.058583	0.0444869	0.0443443	0.0486836	0.064666	0.0526334	0.0444426	0.114656	0.0955188	0.0889148	0.100919	0.10728	0.107164	0.111082	0.097844	0.0852896	0.156608	0.132249	0.151846	0.158261
Struthidea_cinerea	0.127231	0.134351	0.13639	0.164194	0.130092	0.128089	0.17286	0.185512	0.177761	0.194044	0.193198	0.171122	0.172121	0.185875	0.135268	0.131799	0.162455	0.156152	0.158196	0.151995	0.154011	0.151986	0.149986	0.149986	0.134035	0.144653	0.123649	0.144404	0.150599	0.146008	0.141976	0.13988	0.133741	0.135771	0.137816	0.135766	0.162697	0.162615	0.163222	0.156194	0.158504	0.229977	0.129618	0.13164	0.152397	0.139788	0.139763	0.139728	0.137695	0.139698	0.12758	0.129592	0.127577	0.125561	0.131804	0.136296	0.158028	0.148948	0.15154	0.145412	0.142878	0.150689	0.188989	0.154252	0.160974	0.173498	0.149226	0.167834	0.167404	0.170829	0.180139	0.167642	0.173668	0.159202	0.174422	0.162699	0.153135	0.157209	0.144725	0.12775	0.127736	0.140129	0.148489	0.150174	0.166809	0.146069	0.139913	0.147954	0.153969	0.154123	0.135873	0.134064	0.141985	0.138067	0.142181	0.1442	0.213778	0.204676	0.199274	0.173822	0.16294	0.154794	0.164568	0.161791	0.162016	0.134033	0.153371	0.140274	0.142273	0.179196	0.177367	0.153123	0.140717	0.225854	0.228791	0.165587	0.185629	0.163544	0.192389	0.163353	0.190622	0.158852	0.170671	0.179756	0.172865	0.191767	0.194084	0.208141	0.201536	0.198353	0.20852	0.19425	0.113611	0.121954	0.132458	0.119611	0.115588	0.115588	0.12163	0.119604	0.128168	0.123845	0.121843	0.161506	0.162786	0.149641	0.167612	0.185588	0.18849	0.142882	0.0994186	0.0891751	0.0851758	0.10405	0.105847	0.0975724	0.0707496	0.0891226	0.08514	0.0829806	0.0748536	0.0870167	0.0952607	0.0952382	0.0995514	0.107795	0.0890655	0.0782722	0.0919376	0.0900949	0.0772648	0.0989455	0.088473	0.0890012	0.0816339	0.0754518	0.0822407	0.0567904	0.0671397	0.0691658	0.0735092	0.0587315	0.0730103	0.0711419	0.0792614	0.0668188	0.0936451	0.0727749	0.0803041	0.0770164	0.0892392	0.0935502	0.0936696	0.086054	0.0921617	0.0985047	0.0840366	0.0900656	0.0946303	0.0922112	0.092168	0.0800323	0.07794	0.0861997	0.0861128	0.0872261	0.0791685	0.0812565	0.0709558	0.0771427	0.0911803	0.0850542	0.0768285	0.0993257	0.0929648	0.0910024	0.0930233	0.0909292	0.0949257	0.101052	0.101017	0.0969985	0.101169	0.101135	0.0929273	0.104781	0.0969456	0.0948875	0.0948749	0.101052	0.0868535	0.0994626	0.0890056	0.086915	0.0808585	0.0808569	0.105474	0.0686979	0.0870443	0.0850435	0.0789038	0.0821467	0.0841449	0.081292	0.0792844	0.0647273	0.0749199	0.0959006	0.102389	0.0708853	0.0832095	0.105991	0.0912136	0.0952539	0.0911033	0.0748426	0.0769221	0.102244	0.078967	0.0769895	0.0894336	0.0768813	0.0768573	0.0789403	0.0788374	0.0848852	0.0749123	0.0769181	0.0850385	0.0707118	0.0747845	0.0688685	0.0687946	0.0729354	0.113003	0.0748105	0.0874645	0.0728512	0.0838005	0.0894506	0.0872645	0.0790323	0.0790837	0.0506869	0.0672968	0.0803393	0.0547778	0.0550057	0.0408188	0.046878	0.034631	0.044897	0.0407813	0.044835	0.0407357	0.0326366	0.0305558	0.0305567	0.0305567	0	0.0571182	0.0672156	0.0649054	0.064924	0.0732058	0.0669148	0.073121	0.0590249	0.0588822	0.0632216	0.0792039	0.0671714	0.0589806	0.129194	0.110057	0.103453	0.115457	0.121818	0.121702	0.12562	0.112382	0.0998276	0.171146	0.146787	0.166384	0.172799
Mohoua_ochrocephala	0.123213	0.130333	0.132372	0.160176	0.126074	0.124071	0.168842	0.181494	0.173743	0.190026	0.18918	0.167104	0.168103	0.181857	0.13125	0.127781	0.158437	0.152134	0.154178	0.147977	0.149993	0.147968	0.145968	0.145968	0.130017	0.140635	0.119631	0.140386	0.146581	0.14199	0.137958	0.135862	0.129723	0.131753	0.133798	0.131748	0.158679	0.158597	0.159204	0.152176	0.154486	0.225959	0.1256	0.127622	0.148379	0.13577	0.135745	0.13571	0.133677	0.13568	0.123562	0.125574	0.123559	0.121543	0.127786	0.132278	0.15401	0.14493	0.147522	0.141394	0.13886	0.146671	0.184971	0.150234	0.156956	0.169481	0.145208	0.163816	0.163386	0.166811	0.176121	0.163624	0.16965	0.155184	0.170404	0.158681	0.149117	0.153191	0.140707	0.123732	0.123718	0.136111	0.144471	0.146156	0.162791	0.142051	0.135895	0.143936	0.149951	0.150105	0.131855	0.130046	0.137967	0.134049	0.138163	0.140182	0.20976	0.200658	0.195256	0.169804	0.158922	0.150776	0.16055	0.157773	0.157998	0.130015	0.149353	0.136256	0.138255	0.175178	0.173349	0.149105	0.136699	0.221836	0.224773	0.161569	0.181611	0.159526	0.188371	0.159335	0.186604	0.154834	0.166653	0.175738	0.168847	0.187749	0.190066	0.204123	0.197518	0.194335	0.204502	0.190232	0.109593	0.117936	0.12844	0.115593	0.11157	0.11157	0.117612	0.115586	0.12415	0.119827	0.117825	0.157488	0.158768	0.145623	0.163594	0.18157	0.184472	0.138864	0.0954006	0.0851571	0.0811578	0.100032	0.101829	0.0935544	0.0667317	0.0851046	0.081122	0.0789626	0.0708356	0.0829987	0.0912427	0.0912202	0.0955334	0.103777	0.0850476	0.0742542	0.0879196	0.0860769	0.0732468	0.0949275	0.084455	0.0849832	0.0776159	0.0714338	0.0782227	0.0527724	0.0631217	0.0651478	0.0694912	0.0547135	0.0689923	0.0671239	0.0752434	0.0628008	0.0896271	0.0687569	0.0762861	0.0729984	0.0852212	0.0895322	0.0896516	0.082036	0.0881437	0.0944867	0.0800186	0.0860476	0.0906123	0.0881933	0.08815	0.0760143	0.073922	0.0821817	0.0820948	0.0832081	0.0751505	0.0772385	0.0669378	0.0731247	0.0871623	0.0810362	0.0728105	0.0953078	0.0889468	0.0869844	0.0890053	0.0869112	0.0909077	0.0970339	0.0969991	0.0929805	0.0971514	0.0971169	0.0889093	0.100763	0.0929276	0.0908695	0.0908569	0.0970339	0.0828355	0.0954446	0.0849876	0.082897	0.0768405	0.0768389	0.101456	0.0646799	0.0830263	0.0810256	0.0748859	0.0781287	0.0801269	0.077274	0.0752664	0.0607093	0.0709019	0.0918826	0.0983712	0.0668673	0.0791915	0.101973	0.0871956	0.0912359	0.0870853	0.0708246	0.0729041	0.0982262	0.074949	0.0729715	0.0854156	0.0728633	0.0728393	0.0749223	0.0748194	0.0808672	0.0708943	0.0729001	0.0810205	0.0666938	0.0707665	0.0648505	0.0647766	0.0689174	0.108985	0.0707925	0.0834465	0.0688332	0.0797825	0.0854326	0.0832465	0.0750143	0.0750657	0.0466689	0.0632788	0.0763213	0.0507598	0.0509877	0.0528424	0.0589016	0.0466545	0.0569205	0.0528048	0.0568586	0.0527592	0.0446602	0.0425793	0.0425803	0.0425803	0.0571182	0	0.0631976	0.0608874	0.060906	0.0691878	0.0628968	0.069103	0.0550069	0.0548642	0.0592036	0.0751859	0.0631534	0.0549626	0.125176	0.106039	0.0994348	0.111439	0.1178	0.117684	0.121602	0.108364	0.0958096	0.167128	0.142769	0.162366	0.168781
Machaerirhynchus_nigripectus	0.1253	0.13242	0.134459	0.162263	0.128161	0.126158	0.170929	0.183581	0.17583	0.192113	0.191267	0.169191	0.17019	0.183944	0.133337	0.129868	0.160525	0.154221	0.156265	0.150064	0.15208	0.150055	0.148055	0.148055	0.132104	0.142722	0.121718	0.142473	0.148668	0.144077	0.140045	0.137949	0.13181	0.13384	0.135885	0.133835	0.160766	0.160684	0.161292	0.154263	0.156573	0.228046	0.127687	0.129709	0.150466	0.137857	0.137832	0.137797	0.135764	0.137767	0.125649	0.127661	0.125646	0.12363	0.129873	0.134365	0.156097	0.147018	0.149609	0.143481	0.140948	0.148758	0.187058	0.152321	0.159043	0.171568	0.147295	0.165903	0.165473	0.168898	0.178208	0.165712	0.171737	0.157271	0.172491	0.160768	0.151204	0.155278	0.142794	0.125819	0.125805	0.138198	0.146559	0.148243	0.164878	0.144138	0.137983	0.146023	0.152038	0.152192	0.133942	0.132133	0.140054	0.136136	0.14025	0.142269	0.211847	0.202745	0.197343	0.171891	0.161009	0.152863	0.162637	0.15986	0.160086	0.132102	0.15144	0.138343	0.140342	0.177265	0.175436	0.151192	0.138786	0.223923	0.226861	0.163656	0.183698	0.161613	0.190458	0.161422	0.188691	0.156921	0.16874	0.177825	0.170934	0.189836	0.192153	0.20621	0.199605	0.196422	0.20659	0.192319	0.11168	0.120023	0.130527	0.11768	0.113657	0.113657	0.119699	0.117673	0.126237	0.121914	0.119912	0.159575	0.160855	0.14771	0.165681	0.183658	0.186559	0.140951	0.0974877	0.0872442	0.0832449	0.10212	0.103916	0.0956415	0.0688187	0.0871916	0.083209	0.0810497	0.0729227	0.0850858	0.0933298	0.0933073	0.0976205	0.105864	0.0871346	0.0763413	0.0900067	0.0881639	0.0753339	0.0970146	0.0865421	0.0870703	0.079703	0.0735209	0.0803098	0.0548595	0.0652088	0.0672349	0.0715782	0.0568006	0.0710794	0.069211	0.0773305	0.0648879	0.0917141	0.070844	0.0783732	0.0750855	0.0873082	0.0916192	0.0917386	0.0841231	0.0902308	0.0965738	0.0821056	0.0881346	0.0926994	0.0902803	0.090237	0.0781014	0.0760091	0.0842688	0.0841819	0.0852952	0.0772376	0.0793256	0.0690248	0.0752118	0.0892494	0.0831233	0.0748975	0.0973948	0.0910339	0.0890715	0.0910924	0.0889983	0.0929948	0.0991209	0.0990862	0.0950676	0.0992385	0.099204	0.0909963	0.10285	0.0950146	0.0929566	0.092944	0.099121	0.0849226	0.0975317	0.0870747	0.0849841	0.0789276	0.078926	0.103543	0.066767	0.0851134	0.0831126	0.0769729	0.0802158	0.0822139	0.0793611	0.0773534	0.0627964	0.072989	0.0939697	0.100458	0.0689544	0.0812786	0.10406	0.0892827	0.093323	0.0891724	0.0729117	0.0749912	0.100313	0.0770361	0.0750586	0.0875027	0.0749504	0.0749264	0.0770094	0.0769065	0.0829543	0.0729814	0.0749871	0.0831076	0.0687808	0.0728536	0.0669376	0.0668637	0.0710045	0.111072	0.0728796	0.0855336	0.0709203	0.0818696	0.0875197	0.0853336	0.0771014	0.0771528	0.0567621	0.0733721	0.0864146	0.0608531	0.0610809	0.0629397	0.0689989	0.0567519	0.0670179	0.0629022	0.0669559	0.0628566	0.0547576	0.0526767	0.0526777	0.0526777	0.0672156	0.0631976	0	0.0468353	0.0468539	0.0551356	0.0488447	0.0550509	0.0570832	0.0569463	0.0612856	0.077268	0.0652354	0.0570446	0.127263	0.108126	0.101522	0.113526	0.119887	0.119771	0.123689	0.110451	0.0978967	0.169215	0.144856	0.164453	0.170868
Gymnorhina_tibicen	0.12299	0.13011	0.132149	0.159952	0.125851	0.123848	0.168619	0.181271	0.17352	0.189803	0.188957	0.166881	0.16788	0.181634	0.131027	0.127558	0.158214	0.151911	0.153955	0.147754	0.14977	0.147745	0.145745	0.145745	0.129794	0.140411	0.119408	0.140163	0.146357	0.141767	0.137734	0.135639	0.1295	0.13153	0.133575	0.131525	0.158456	0.158374	0.158981	0.151953	0.154263	0.225736	0.125376	0.127399	0.148156	0.135546	0.135521	0.135487	0.133454	0.135457	0.123338	0.125351	0.123336	0.12132	0.127563	0.132055	0.153787	0.144707	0.147299	0.141171	0.138637	0.146448	0.184747	0.150011	0.156733	0.169257	0.144984	0.163593	0.163163	0.166588	0.175898	0.163401	0.169427	0.154961	0.170181	0.158458	0.148894	0.152968	0.140484	0.123509	0.123495	0.135888	0.144248	0.145932	0.162568	0.141828	0.135672	0.143713	0.149728	0.149882	0.131632	0.129823	0.137744	0.133826	0.13794	0.139959	0.209537	0.200435	0.195033	0.169581	0.158699	0.150553	0.160327	0.15755	0.157775	0.129792	0.14913	0.136033	0.138032	0.174954	0.173126	0.148882	0.136475	0.221612	0.22455	0.161346	0.181388	0.159303	0.188148	0.159112	0.186381	0.154611	0.16643	0.175515	0.168624	0.187525	0.189843	0.203899	0.197295	0.194112	0.204279	0.190009	0.10937	0.117713	0.128217	0.11537	0.111347	0.111347	0.117389	0.115363	0.123927	0.119604	0.117602	0.157265	0.158545	0.1454	0.163371	0.181347	0.184248	0.138641	0.0951775	0.084934	0.0809347	0.0998093	0.101606	0.0933313	0.0665085	0.0848814	0.0808989	0.0787395	0.0706125	0.0827756	0.0910196	0.0909971	0.0953103	0.103554	0.0848244	0.0740311	0.0876965	0.0858538	0.0730237	0.0947044	0.0842319	0.0847601	0.0773928	0.0712107	0.0779996	0.0525493	0.0628986	0.0649247	0.069268	0.0544904	0.0687692	0.0669008	0.0750203	0.0625777	0.0894039	0.0685338	0.076063	0.0727753	0.084998	0.089309	0.0894284	0.0818129	0.0879206	0.0942636	0.0797954	0.0858244	0.0903892	0.0879701	0.0879268	0.0757912	0.0736989	0.0819586	0.0818717	0.082985	0.0749274	0.0770154	0.0667146	0.0729016	0.0869392	0.0808131	0.0725873	0.0950846	0.0887237	0.0867613	0.0887822	0.0866881	0.0906846	0.0968107	0.096776	0.0927574	0.0969283	0.0968938	0.0886861	0.10054	0.0927044	0.0906464	0.0906338	0.0968108	0.0826124	0.0952215	0.0847645	0.0826739	0.0766174	0.0766158	0.101232	0.0644568	0.0828032	0.0808024	0.0746627	0.0779056	0.0799037	0.0770509	0.0750432	0.0604862	0.0706788	0.0916595	0.0981481	0.0666442	0.0789684	0.10175	0.0869725	0.0910128	0.0868622	0.0706015	0.072681	0.0980031	0.0747259	0.0727484	0.0851925	0.0726402	0.0726162	0.0746992	0.0745963	0.0806441	0.0706712	0.0726769	0.0807974	0.0664706	0.0705434	0.0646274	0.0645535	0.0686943	0.108762	0.0705694	0.0832234	0.0686101	0.0795594	0.0852095	0.0830234	0.0747912	0.0748426	0.054452	0.0710619	0.0841044	0.0585429	0.0587707	0.0606295	0.0666887	0.0544417	0.0647077	0.060592	0.0646457	0.0605464	0.0524474	0.0503665	0.0503675	0.0503675	0.0649054	0.0608874	0.0468353	0	0.0405524	0.0488341	0.0425473	0.0487534	0.054773	0.0546361	0.0589754	0.0749578	0.0629252	0.0547344	0.124953	0.105816	0.0992116	0.111216	0.117577	0.117461	0.121379	0.108141	0.0955865	0.166905	0.142546	0.162143	0.168558
Dryoscopus_gambensis	0.123009	0.130129	0.132167	0.159971	0.12587	0.123866	0.168637	0.18129	0.173538	0.189822	0.188976	0.1669	0.167899	0.181653	0.131046	0.127577	0.158233	0.151929	0.153974	0.147772	0.149788	0.147763	0.145764	0.145764	0.129812	0.14043	0.119427	0.140181	0.146376	0.141786	0.137753	0.135658	0.129519	0.131548	0.133594	0.131544	0.158475	0.158392	0.159	0.151971	0.154282	0.225755	0.125395	0.127418	0.148174	0.135565	0.13554	0.135505	0.133472	0.135475	0.123357	0.12537	0.123354	0.121339	0.127581	0.132073	0.153806	0.144726	0.147318	0.141189	0.138656	0.146466	0.184766	0.150029	0.156752	0.169276	0.145003	0.163612	0.163181	0.166606	0.175916	0.16342	0.169446	0.15498	0.1702	0.158476	0.148913	0.152986	0.140503	0.123528	0.123514	0.135906	0.144267	0.145951	0.162587	0.141846	0.135691	0.143732	0.149746	0.1499	0.13165	0.129842	0.137763	0.133845	0.137959	0.139978	0.209556	0.200453	0.195051	0.1696	0.158717	0.150572	0.160346	0.157569	0.157794	0.12981	0.149149	0.136052	0.138051	0.174973	0.173144	0.1489	0.136494	0.221631	0.224569	0.161364	0.181406	0.159322	0.188167	0.15913	0.186399	0.15463	0.166448	0.175534	0.168643	0.187544	0.189861	0.203918	0.197313	0.194131	0.204298	0.190027	0.109388	0.117732	0.128236	0.115388	0.111366	0.111366	0.117407	0.115381	0.123945	0.119623	0.11762	0.157284	0.158564	0.145418	0.163389	0.181366	0.184267	0.138659	0.0951961	0.0849526	0.0809533	0.0998279	0.101625	0.0933499	0.0665271	0.0849001	0.0809175	0.0787581	0.0706311	0.0827942	0.0910382	0.0910157	0.0953289	0.103573	0.084843	0.0740497	0.0877151	0.0858724	0.0730423	0.094723	0.0842505	0.0847787	0.0774114	0.0712293	0.0780182	0.0525679	0.0629172	0.0649433	0.0692866	0.054509	0.0687878	0.0669194	0.0750389	0.0625963	0.0894226	0.0685524	0.0760816	0.0727939	0.0850167	0.0893276	0.0894471	0.0818315	0.0879392	0.0942822	0.0798141	0.0858431	0.0904078	0.0879887	0.0879455	0.0758098	0.0737175	0.0819772	0.0818903	0.0830036	0.074946	0.077034	0.0667332	0.0729202	0.0869578	0.0808317	0.072606	0.0951032	0.0887423	0.0867799	0.0888008	0.0867067	0.0907032	0.0968294	0.0967946	0.092776	0.0969469	0.0969124	0.0887048	0.100558	0.0927231	0.090665	0.0906524	0.0968294	0.082631	0.0952401	0.0847831	0.0826925	0.076636	0.0766344	0.101251	0.0644754	0.0828218	0.080821	0.0746813	0.0779242	0.0799223	0.0770695	0.0750619	0.0605048	0.0706974	0.0916781	0.0981667	0.0666628	0.078987	0.101768	0.0869911	0.0910314	0.0868808	0.0706201	0.0726996	0.0980217	0.0747445	0.072767	0.0852111	0.0726588	0.0726348	0.0747178	0.0746149	0.0806627	0.0706898	0.0726956	0.080816	0.0664892	0.070562	0.064646	0.0645721	0.0687129	0.10878	0.070588	0.083242	0.0686287	0.079578	0.0852281	0.083042	0.0748098	0.0748612	0.0544706	0.0710805	0.084123	0.0585615	0.0587894	0.0606481	0.0667074	0.0544603	0.0647263	0.0606106	0.0646643	0.060565	0.052466	0.0503851	0.0503861	0.0503861	0.064924	0.060906	0.0468539	0.0405524	0	0.045378	0.0425659	0.0487721	0.0547916	0.0546547	0.058994	0.0749764	0.0629439	0.0547531	0.124971	0.105834	0.0992303	0.111235	0.117595	0.11748	0.121398	0.108159	0.0956051	0.166923	0.142565	0.162162	0.168576
Dyaphorophyia_castanea	0.13129	0.13841	0.140449	0.168253	0.134152	0.132148	0.176919	0.189572	0.18182	0.198103	0.197257	0.175182	0.17618	0.189934	0.139327	0.135858	0.166515	0.160211	0.162255	0.156054	0.15807	0.156045	0.154045	0.154045	0.138094	0.148712	0.127708	0.148463	0.154658	0.150067	0.146035	0.143939	0.1378	0.13983	0.141876	0.139825	0.166756	0.166674	0.167282	0.160253	0.162564	0.234036	0.133677	0.135699	0.156456	0.143847	0.143822	0.143787	0.141754	0.143757	0.131639	0.133651	0.131636	0.129621	0.135863	0.140355	0.162087	0.153008	0.1556	0.149471	0.146938	0.154748	0.193048	0.158311	0.165033	0.177558	0.153285	0.171894	0.171463	0.174888	0.184198	0.171702	0.177727	0.163261	0.178482	0.166758	0.157195	0.161268	0.148785	0.13181	0.131796	0.144188	0.152549	0.154233	0.170868	0.150128	0.143973	0.152013	0.158028	0.158182	0.139932	0.138124	0.146044	0.142127	0.14624	0.148259	0.217837	0.208735	0.203333	0.177881	0.166999	0.158853	0.168628	0.16585	0.166076	0.138092	0.157431	0.144333	0.146332	0.183255	0.181426	0.157182	0.144776	0.229913	0.232851	0.169646	0.189688	0.167604	0.196448	0.167412	0.194681	0.162911	0.17473	0.183816	0.176924	0.195826	0.198143	0.2122	0.205595	0.202413	0.21258	0.198309	0.11767	0.126013	0.136518	0.12367	0.119647	0.119647	0.125689	0.123663	0.132227	0.127904	0.125902	0.165565	0.166846	0.1537	0.171671	0.189648	0.192549	0.146941	0.103478	0.0932343	0.089235	0.10811	0.109907	0.101632	0.0748089	0.0931818	0.0891992	0.0870398	0.0789128	0.0910759	0.0993199	0.0992974	0.103611	0.111854	0.0931248	0.0823314	0.0959968	0.0941541	0.081324	0.103005	0.0925322	0.0930604	0.0856931	0.079511	0.0862999	0.0608496	0.0711989	0.073225	0.0775684	0.0627907	0.0770695	0.0752011	0.0833206	0.070878	0.0977043	0.0768341	0.0843633	0.0810756	0.0932984	0.0976094	0.0977288	0.0901132	0.0962209	0.102564	0.0880958	0.0941248	0.0986895	0.0962705	0.0962272	0.0840915	0.0819992	0.0902589	0.090172	0.0912853	0.0832278	0.0853157	0.075015	0.0812019	0.0952395	0.0891134	0.0808877	0.103385	0.097024	0.0950616	0.0970825	0.0949884	0.0989849	0.105111	0.105076	0.101058	0.105229	0.105194	0.0969865	0.10884	0.101005	0.0989467	0.0989341	0.105111	0.0909127	0.103522	0.0930648	0.0909742	0.0849177	0.0849161	0.109533	0.0727571	0.0911035	0.0891028	0.0829631	0.0862059	0.0882041	0.0853512	0.0833436	0.0687865	0.0789791	0.0999598	0.106448	0.0749445	0.0872687	0.11005	0.0952728	0.0993131	0.0951625	0.0789018	0.0809813	0.106303	0.0830262	0.0810487	0.0934928	0.0809405	0.0809165	0.0829995	0.0828966	0.0889444	0.0789715	0.0809773	0.0890977	0.074771	0.0788438	0.0729277	0.0728538	0.0769946	0.117062	0.0788697	0.0915237	0.0769104	0.0878597	0.0935099	0.0913237	0.0830915	0.0831429	0.0627523	0.0793622	0.0924048	0.0668432	0.0670711	0.0689299	0.0749891	0.062742	0.073008	0.0688923	0.0729461	0.0688467	0.0607477	0.0586668	0.0586678	0.0586678	0.0732058	0.0691878	0.0551356	0.0488341	0.045378	0	0.0508476	0.0570538	0.0630733	0.0629364	0.0672757	0.0832581	0.0712256	0.0630348	0.133253	0.114116	0.107512	0.119516	0.125877	0.125761	0.129679	0.116441	0.103887	0.175205	0.150847	0.170443	0.176858
Rhagologus_leucostigma	0.124999	0.132119	0.134158	0.161962	0.127861	0.125857	0.170628	0.183281	0.175529	0.191812	0.190966	0.168891	0.169889	0.183643	0.133036	0.129567	0.160224	0.15392	0.155965	0.149763	0.151779	0.149754	0.147754	0.147754	0.131803	0.142421	0.121417	0.142172	0.148367	0.143776	0.139744	0.137648	0.13151	0.133539	0.135585	0.133534	0.160466	0.160383	0.160991	0.153962	0.156273	0.227745	0.127386	0.129408	0.150165	0.137556	0.137531	0.137496	0.135463	0.137466	0.125348	0.12736	0.125345	0.12333	0.129572	0.134064	0.155796	0.146717	0.149309	0.14318	0.140647	0.148457	0.186757	0.15202	0.158742	0.171267	0.146994	0.165603	0.165172	0.168597	0.177907	0.165411	0.171436	0.156971	0.172191	0.160467	0.150904	0.154977	0.142494	0.125519	0.125505	0.137897	0.146258	0.147942	0.164577	0.143837	0.137682	0.145722	0.151737	0.151891	0.133641	0.131833	0.139754	0.135836	0.139949	0.141968	0.211546	0.202444	0.197042	0.171591	0.160708	0.152562	0.162337	0.159559	0.159785	0.131801	0.15114	0.138042	0.140042	0.176964	0.175135	0.150891	0.138485	0.223622	0.22656	0.163355	0.183397	0.161313	0.190157	0.161121	0.18839	0.15662	0.168439	0.177525	0.170634	0.189535	0.191852	0.205909	0.199304	0.196122	0.206289	0.192018	0.111379	0.119722	0.130227	0.117379	0.113357	0.113357	0.119398	0.117372	0.125936	0.121614	0.119611	0.159274	0.160555	0.147409	0.16538	0.183357	0.186258	0.14065	0.0971869	0.0869434	0.0829441	0.101819	0.103616	0.0953407	0.0685179	0.0868909	0.0829083	0.0807489	0.0726219	0.084785	0.093029	0.0930065	0.0973197	0.105564	0.0868338	0.0760405	0.0897059	0.0878632	0.0750331	0.0967138	0.0862413	0.0867695	0.0794022	0.0732201	0.080009	0.0545587	0.064908	0.0669341	0.0712775	0.0564998	0.0707786	0.0689102	0.0770297	0.0645871	0.0914134	0.0705432	0.0780724	0.0747847	0.0870075	0.0913184	0.0914379	0.0838223	0.08993	0.096273	0.0818049	0.0878339	0.0923986	0.0899795	0.0899363	0.0778006	0.0757083	0.083968	0.0838811	0.0849944	0.0769368	0.0790248	0.0687241	0.074911	0.0889486	0.0828225	0.0745968	0.097094	0.0907331	0.0887707	0.0907916	0.0886975	0.092694	0.0988202	0.0987854	0.0947668	0.0989377	0.0989032	0.0906956	0.102549	0.0947139	0.0926558	0.0926432	0.0988202	0.0846218	0.0972309	0.0867739	0.0846833	0.0786268	0.0786252	0.103242	0.0664662	0.0848126	0.0828118	0.0766721	0.079915	0.0819131	0.0790603	0.0770527	0.0624956	0.0726882	0.0936689	0.100157	0.0686536	0.0809778	0.103759	0.0889819	0.0930222	0.0888716	0.0726109	0.0746904	0.100013	0.0767353	0.0747578	0.0872019	0.0746496	0.0746256	0.0767086	0.0766057	0.0826535	0.0726806	0.0746864	0.0828068	0.06848	0.0725528	0.0666368	0.0665629	0.0707037	0.110771	0.0725788	0.0852328	0.0706195	0.0815688	0.0872189	0.0850328	0.0768006	0.076852	0.0564614	0.0730713	0.0861138	0.0605523	0.0607802	0.0626389	0.0686982	0.0564511	0.0667171	0.0626014	0.0666552	0.0625558	0.0544568	0.0523759	0.0523769	0.0523769	0.0669148	0.0628968	0.0488447	0.0425473	0.0425659	0.0508476	0	0.0475104	0.0567824	0.0566455	0.0609848	0.0769672	0.0649347	0.0567439	0.126962	0.107825	0.101221	0.113226	0.119586	0.119471	0.123389	0.11015	0.0975959	0.168914	0.144556	0.164152	0.170567
Mystacornis_crossleyi	0.131206	0.138326	0.140364	0.168168	0.134067	0.132063	0.176834	0.189487	0.181735	0.198019	0.197173	0.175097	0.176095	0.18985	0.139243	0.135774	0.16643	0.160126	0.162171	0.155969	0.157985	0.15596	0.153961	0.153961	0.138009	0.148627	0.127624	0.148378	0.154573	0.149982	0.14595	0.143855	0.137716	0.139745	0.141791	0.139741	0.166672	0.166589	0.167197	0.160168	0.162479	0.233952	0.133592	0.135615	0.156371	0.143762	0.143737	0.143702	0.141669	0.143672	0.131554	0.133567	0.131551	0.129536	0.135778	0.14027	0.162003	0.152923	0.155515	0.149386	0.146853	0.154663	0.192963	0.158226	0.164948	0.177473	0.1532	0.171809	0.171378	0.174803	0.184113	0.171617	0.177642	0.163177	0.178397	0.166673	0.15711	0.161183	0.1487	0.131725	0.131711	0.144103	0.152464	0.154148	0.170784	0.150043	0.143888	0.151929	0.157943	0.158097	0.139847	0.138039	0.14596	0.142042	0.146156	0.148175	0.217753	0.20865	0.203248	0.177797	0.166914	0.158769	0.168543	0.165766	0.165991	0.138007	0.157346	0.144249	0.146248	0.18317	0.181341	0.157097	0.144691	0.229828	0.232766	0.169561	0.189603	0.167519	0.196363	0.167327	0.194596	0.162827	0.174645	0.183731	0.17684	0.195741	0.198058	0.212115	0.20551	0.202328	0.212495	0.198224	0.117585	0.125928	0.136433	0.123585	0.119563	0.119563	0.125604	0.123578	0.132142	0.12782	0.125817	0.165481	0.166761	0.153615	0.171586	0.189563	0.192464	0.146856	0.103393	0.0931496	0.0891502	0.108025	0.109822	0.101547	0.0747241	0.093097	0.0891144	0.0869551	0.0788281	0.0909911	0.0992351	0.0992127	0.103526	0.11177	0.09304	0.0822467	0.095912	0.0940693	0.0812392	0.10292	0.0924474	0.0929756	0.0856083	0.0794262	0.0862152	0.0607648	0.0711141	0.0731403	0.0774836	0.062706	0.0769847	0.0751163	0.0832358	0.0707933	0.0976195	0.0767494	0.0842785	0.0809909	0.0932136	0.0975246	0.097644	0.0900285	0.0961362	0.102479	0.088011	0.09404	0.0986048	0.0961857	0.0961424	0.0840067	0.0819145	0.0901741	0.0900872	0.0912006	0.083143	0.0852309	0.0749302	0.0811172	0.0951547	0.0890287	0.0808029	0.1033	0.0969393	0.0949769	0.0969978	0.0949037	0.0989002	0.105026	0.104992	0.100973	0.105144	0.105109	0.0969017	0.108755	0.10092	0.098862	0.0988493	0.105026	0.090828	0.103437	0.0929801	0.0908895	0.084833	0.0848314	0.109448	0.0726724	0.0910187	0.089018	0.0828783	0.0861212	0.0881193	0.0852665	0.0832588	0.0687017	0.0788944	0.0998751	0.106364	0.0748598	0.0871839	0.109965	0.095188	0.0992283	0.0950777	0.078817	0.0808966	0.106219	0.0829415	0.080964	0.093408	0.0808558	0.0808318	0.0829148	0.0828119	0.0888596	0.0788868	0.0808925	0.0890129	0.0746862	0.078759	0.072843	0.0727691	0.0769099	0.116977	0.078785	0.0914389	0.0768257	0.087775	0.0934251	0.091239	0.0830068	0.0830582	0.0626675	0.0792774	0.09232	0.0667585	0.0669863	0.0688451	0.0749043	0.0626573	0.0729233	0.0688075	0.0728613	0.068762	0.0606629	0.058582	0.058583	0.058583	0.073121	0.069103	0.0550509	0.0487534	0.0487721	0.0570538	0.0475104	0	0.0629886	0.0628516	0.067191	0.0831734	0.0711408	0.06295	0.133168	0.114031	0.107427	0.119432	0.125792	0.125677	0.129595	0.116356	0.103802	0.17512	0.150762	0.170359	0.176773
Oreocharis_arfaki	0.117109	0.124229	0.126268	0.154072	0.119971	0.117967	0.162738	0.175391	0.167639	0.183922	0.183076	0.161001	0.161999	0.175753	0.125146	0.121677	0.152334	0.14603	0.148075	0.141873	0.143889	0.141864	0.139864	0.139864	0.123913	0.134531	0.113527	0.134282	0.140477	0.135886	0.131854	0.129758	0.12362	0.125649	0.127695	0.125644	0.152576	0.152493	0.153101	0.146072	0.148383	0.219856	0.119496	0.121518	0.142275	0.129666	0.129641	0.129606	0.127573	0.129576	0.117458	0.11947	0.117455	0.11544	0.121682	0.126174	0.147907	0.138827	0.141419	0.13529	0.132757	0.140567	0.178867	0.14413	0.150852	0.163377	0.139104	0.157713	0.157282	0.160707	0.170017	0.157521	0.163546	0.149081	0.164301	0.152577	0.143014	0.147087	0.134604	0.117629	0.117615	0.130007	0.138368	0.140052	0.156687	0.135947	0.129792	0.137832	0.143847	0.144001	0.125751	0.123943	0.131864	0.127946	0.132059	0.134078	0.203656	0.194554	0.189152	0.163701	0.152818	0.144672	0.154447	0.15167	0.151895	0.123911	0.14325	0.130152	0.132152	0.169074	0.167245	0.143001	0.130595	0.215732	0.21867	0.155465	0.175507	0.153423	0.182267	0.153231	0.1805	0.14873	0.160549	0.169635	0.162744	0.181645	0.183962	0.198019	0.191414	0.188232	0.198399	0.184128	0.103489	0.111832	0.122337	0.109489	0.105467	0.105467	0.111508	0.109482	0.118046	0.113724	0.111721	0.151384	0.152665	0.139519	0.15749	0.175467	0.178368	0.13276	0.0892969	0.0790534	0.0750541	0.0939288	0.0957257	0.0874507	0.060628	0.0790009	0.0750183	0.0728589	0.0647319	0.076895	0.085139	0.0851165	0.0894297	0.0976735	0.0789439	0.0681505	0.0818159	0.0799732	0.0671431	0.0888238	0.0783513	0.0788795	0.0715122	0.0653301	0.072119	0.0466687	0.057018	0.0590441	0.0633875	0.0486098	0.0628886	0.0610202	0.0691397	0.0566971	0.0835234	0.0626532	0.0701824	0.0668947	0.0791175	0.0834285	0.0835479	0.0759323	0.08204	0.088383	0.0739149	0.0799439	0.0845086	0.0820896	0.0820463	0.0699106	0.0678183	0.076078	0.0759911	0.0771044	0.0690469	0.0711348	0.0608341	0.067021	0.0810586	0.0749325	0.0667068	0.0892041	0.0828431	0.0808807	0.0829016	0.0808075	0.084804	0.0909302	0.0908954	0.0868768	0.0910477	0.0910132	0.0828056	0.0946591	0.0868239	0.0847658	0.0847532	0.0909303	0.0767318	0.0893409	0.0788839	0.0767933	0.0707368	0.0707352	0.0953519	0.0585762	0.0769226	0.0749219	0.0687822	0.072025	0.0740232	0.0711703	0.0691627	0.0546056	0.0647982	0.0857789	0.0922675	0.0607636	0.0730878	0.0958692	0.0810919	0.0851322	0.0809816	0.0647209	0.0668004	0.0921225	0.0688453	0.0668678	0.0793119	0.0667596	0.0667356	0.0688186	0.0687157	0.0747635	0.0647906	0.0667964	0.0749168	0.0605901	0.0646629	0.0587468	0.0586729	0.0628137	0.102881	0.0646888	0.0773428	0.0627295	0.0736788	0.079329	0.0771428	0.0689106	0.068962	0.0485714	0.0651813	0.0782239	0.0526623	0.0528902	0.054749	0.0608082	0.0485611	0.0588271	0.0547114	0.0587652	0.0546658	0.0465668	0.0444859	0.0444869	0.0444869	0.0590249	0.0550069	0.0570832	0.054773	0.0547916	0.0630733	0.0567824	0.0629886	0	0.0487555	0.0530948	0.0690772	0.0570447	0.0488539	0.119072	0.0999351	0.0933311	0.105336	0.111696	0.111581	0.115499	0.10226	0.0897059	0.161024	0.136666	0.156262	0.162677
Pachycephala_philippinensis	0.116967	0.124087	0.126126	0.153929	0.119828	0.117824	0.162596	0.175248	0.167497	0.18378	0.182934	0.160858	0.161857	0.175611	0.125004	0.121535	0.152191	0.145888	0.147932	0.14173	0.143747	0.141721	0.139722	0.139722	0.123771	0.134388	0.113385	0.134139	0.140334	0.135744	0.131711	0.129616	0.123477	0.125506	0.127552	0.125502	0.152433	0.152351	0.152958	0.14593	0.14824	0.219713	0.119353	0.121376	0.142133	0.129523	0.129498	0.129463	0.12743	0.129433	0.117315	0.119328	0.117312	0.115297	0.12154	0.126032	0.147764	0.138684	0.141276	0.135148	0.132614	0.140424	0.178724	0.143988	0.15071	0.163234	0.138961	0.15757	0.15714	0.160564	0.169874	0.157378	0.163404	0.148938	0.164158	0.152435	0.142871	0.146944	0.134461	0.117486	0.117472	0.129865	0.138225	0.139909	0.156545	0.135804	0.129649	0.13769	0.143705	0.143859	0.125608	0.1238	0.131721	0.127803	0.131917	0.133936	0.203514	0.194411	0.18901	0.163558	0.152675	0.14453	0.154304	0.151527	0.151752	0.123768	0.143107	0.13001	0.132009	0.168931	0.167102	0.142858	0.130452	0.215589	0.218527	0.155322	0.175365	0.15328	0.182125	0.153089	0.180357	0.148588	0.160407	0.169492	0.162601	0.181502	0.18382	0.197876	0.191271	0.188089	0.198256	0.183986	0.103347	0.11169	0.122194	0.109346	0.105324	0.105324	0.111366	0.109339	0.117904	0.113581	0.111579	0.151242	0.152522	0.139377	0.157348	0.175324	0.178225	0.132617	0.0891543	0.0789108	0.0749114	0.0937861	0.095583	0.0873081	0.0604853	0.0788582	0.0748756	0.0727163	0.0645893	0.0767524	0.0849963	0.0849739	0.089287	0.0975309	0.0788012	0.0680079	0.0816733	0.0798305	0.0670005	0.0886812	0.0782087	0.0787369	0.0713696	0.0651874	0.0719764	0.0465261	0.0568754	0.0589015	0.0632448	0.0484672	0.0627459	0.0608776	0.0689971	0.0565545	0.0833807	0.0625106	0.0700398	0.0667521	0.0789748	0.0832858	0.0834052	0.0757897	0.0818974	0.0882404	0.0737722	0.0798012	0.084366	0.0819469	0.0819036	0.069768	0.0676757	0.0759354	0.0758485	0.0769618	0.0689042	0.0709922	0.0606914	0.0668784	0.0809159	0.0747899	0.0665641	0.0890614	0.0827005	0.0807381	0.082759	0.0806649	0.0846614	0.0907875	0.0907528	0.0867342	0.0909051	0.0908706	0.0826629	0.0945165	0.0866812	0.0846232	0.0846106	0.0907876	0.0765892	0.0891982	0.0787413	0.0766507	0.0705942	0.0705926	0.0952093	0.0584336	0.07678	0.0747792	0.0686395	0.0718824	0.0738805	0.0710277	0.06902	0.054463	0.0646556	0.0856363	0.0921249	0.060621	0.0729452	0.0957266	0.0809493	0.0849896	0.0808389	0.0645782	0.0666578	0.0919799	0.0687027	0.0667252	0.0791693	0.066617	0.066593	0.068676	0.0685731	0.0746208	0.064648	0.0666537	0.0747742	0.0604474	0.0645202	0.0586042	0.0585303	0.0626711	0.102739	0.0645462	0.0772001	0.0625869	0.0735362	0.0791863	0.0770002	0.068768	0.0688194	0.0484287	0.0650387	0.0780812	0.0525197	0.0527475	0.0546063	0.0606655	0.0484185	0.0586845	0.0545688	0.0586225	0.0545232	0.0464242	0.0443433	0.0443443	0.0443443	0.0588822	0.0548642	0.0569463	0.0546361	0.0546547	0.0629364	0.0566455	0.0628516	0.0487555	0	0.0529476	0.0689299	0.0568974	0.0487066	0.118929	0.0997925	0.0931884	0.105193	0.111553	0.111438	0.115356	0.102118	0.0895633	0.160881	0.136523	0.15612	0.162535
Oriolus_oriolus	0.121306	0.128426	0.130465	0.158269	0.124167	0.122164	0.166935	0.179587	0.171836	0.188119	0.187273	0.165197	0.166196	0.17995	0.129343	0.125874	0.15653	0.150227	0.152271	0.14607	0.148086	0.146061	0.144061	0.144061	0.12811	0.138728	0.117724	0.138479	0.144674	0.140083	0.136051	0.133955	0.127816	0.129846	0.131891	0.129841	0.156772	0.15669	0.157297	0.150269	0.152579	0.224052	0.123693	0.125715	0.146472	0.133863	0.133838	0.133803	0.13177	0.133773	0.121655	0.123667	0.121652	0.119636	0.125879	0.130371	0.152103	0.143023	0.145615	0.139487	0.136953	0.144764	0.183064	0.148327	0.155049	0.167574	0.143301	0.161909	0.161479	0.164904	0.174214	0.161717	0.167743	0.153277	0.168497	0.156774	0.14721	0.151284	0.1388	0.121825	0.121811	0.134204	0.142565	0.144249	0.160884	0.140144	0.133989	0.142029	0.148044	0.148198	0.129948	0.128139	0.13606	0.132142	0.136256	0.138275	0.207853	0.198751	0.193349	0.167897	0.157015	0.148869	0.158643	0.155866	0.156091	0.128108	0.147446	0.134349	0.136348	0.173271	0.171442	0.147198	0.134792	0.219929	0.222866	0.159662	0.179704	0.157619	0.186464	0.157428	0.184697	0.152927	0.164746	0.173831	0.16694	0.185842	0.188159	0.202216	0.195611	0.192428	0.202596	0.188325	0.107686	0.116029	0.126533	0.113686	0.109663	0.109663	0.115705	0.113679	0.122243	0.11792	0.115918	0.155581	0.156861	0.143716	0.161687	0.179663	0.182565	0.136957	0.0934936	0.0832501	0.0792508	0.0981255	0.0999224	0.0916474	0.0648247	0.0831976	0.079215	0.0770556	0.0689286	0.0810917	0.0893357	0.0893133	0.0936264	0.10187	0.0831406	0.0723472	0.0860126	0.0841699	0.0713398	0.0930205	0.082548	0.0830762	0.0757089	0.0695268	0.0763157	0.0508654	0.0612147	0.0632408	0.0675842	0.0528066	0.0670853	0.0652169	0.0733364	0.0608938	0.0877201	0.0668499	0.0743791	0.0710914	0.0833142	0.0876252	0.0877446	0.0801291	0.0862367	0.0925797	0.0781116	0.0841406	0.0887053	0.0862863	0.086243	0.0741073	0.072015	0.0802747	0.0801878	0.0813012	0.0732436	0.0753315	0.0650308	0.0712177	0.0852553	0.0791292	0.0709035	0.0934008	0.0870399	0.0850774	0.0870983	0.0850042	0.0890007	0.0951269	0.0950922	0.0910735	0.0952445	0.0952099	0.0870023	0.0988558	0.0910206	0.0889625	0.0889499	0.095127	0.0809286	0.0935376	0.0830806	0.08099	0.0749335	0.0749319	0.0995486	0.0627729	0.0811193	0.0791186	0.0729789	0.0762218	0.0782199	0.075367	0.0733594	0.0588023	0.068995	0.0899757	0.0964642	0.0649604	0.0772845	0.100066	0.0852886	0.0893289	0.0851783	0.0689176	0.0709971	0.0963192	0.073042	0.0710646	0.0835086	0.0709563	0.0709323	0.0730153	0.0729124	0.0789602	0.0689873	0.0709931	0.0791135	0.0647868	0.0688596	0.0629436	0.0628696	0.0670104	0.107078	0.0688855	0.0815395	0.0669262	0.0778755	0.0835257	0.0813395	0.0731073	0.0731587	0.0527681	0.069378	0.0824206	0.056859	0.0570869	0.0589457	0.0650049	0.0527578	0.0630238	0.0589081	0.0629619	0.0588626	0.0507635	0.0486826	0.0486836	0.0486836	0.0632216	0.0592036	0.0612856	0.0589754	0.058994	0.0672757	0.0609848	0.067191	0.0530948	0.0529476	0	0.0641075	0.052075	0.0530412	0.123269	0.104132	0.0975278	0.109532	0.115893	0.115777	0.119695	0.106457	0.0939026	0.165221	0.140862	0.160459	0.166874
Erpornis_zantholeuca	0.137288	0.144409	0.146447	0.174251	0.14015	0.138146	0.182917	0.19557	0.187818	0.204101	0.203256	0.18118	0.182178	0.195932	0.145325	0.141856	0.172513	0.166209	0.168254	0.162052	0.164068	0.162043	0.160043	0.160043	0.144092	0.15471	0.133707	0.154461	0.160656	0.156065	0.152033	0.149937	0.143799	0.145828	0.147874	0.145824	0.172755	0.172672	0.17328	0.166251	0.168562	0.240035	0.139675	0.141698	0.162454	0.149845	0.14982	0.149785	0.147752	0.149755	0.137637	0.139649	0.137634	0.135619	0.141861	0.146353	0.168086	0.159006	0.161598	0.155469	0.152936	0.160746	0.199046	0.164309	0.171031	0.183556	0.159283	0.177892	0.177461	0.180886	0.190196	0.1777	0.183725	0.16926	0.18448	0.172756	0.163193	0.167266	0.154783	0.137808	0.137794	0.150186	0.158547	0.160231	0.176867	0.156126	0.149971	0.158012	0.164026	0.16418	0.14593	0.144122	0.152043	0.148125	0.152239	0.154258	0.223836	0.214733	0.209331	0.18388	0.172997	0.164851	0.174626	0.171849	0.172074	0.14409	0.163429	0.150332	0.152331	0.189253	0.187424	0.16318	0.150774	0.235911	0.238849	0.175644	0.195686	0.173602	0.202446	0.17341	0.200679	0.168909	0.180728	0.189814	0.182923	0.201824	0.204141	0.218198	0.211593	0.208411	0.218578	0.204307	0.123668	0.132011	0.142516	0.129668	0.125646	0.125646	0.131687	0.129661	0.138225	0.133903	0.1319	0.171564	0.172844	0.159698	0.177669	0.195646	0.198547	0.152939	0.109476	0.0992325	0.0952332	0.114108	0.115905	0.10763	0.080807	0.0991799	0.0951974	0.093038	0.084911	0.0970741	0.105318	0.105296	0.109609	0.117853	0.0991229	0.0883296	0.101995	0.100152	0.0873222	0.109003	0.0985304	0.0990586	0.0916913	0.0855092	0.0922981	0.0668478	0.0771971	0.0792232	0.0835665	0.0687889	0.0830677	0.0811993	0.0893188	0.0768762	0.103702	0.0828323	0.0903615	0.0870738	0.0992965	0.103608	0.103727	0.0961114	0.102219	0.108562	0.0940939	0.100123	0.104688	0.102269	0.102225	0.0900897	0.0879974	0.0962571	0.0961702	0.0972835	0.0892259	0.0913139	0.0810131	0.0872001	0.101238	0.0951116	0.0868858	0.109383	0.103022	0.10106	0.103081	0.100987	0.104983	0.111109	0.111075	0.107056	0.111227	0.111192	0.102985	0.114838	0.107003	0.104945	0.104932	0.111109	0.0969109	0.10952	0.099063	0.0969724	0.0909159	0.0909143	0.115531	0.0787553	0.0971017	0.0951009	0.0889612	0.0922041	0.0942022	0.0913494	0.0893417	0.0747847	0.0849773	0.105958	0.112447	0.0809427	0.0932669	0.116048	0.101271	0.105311	0.101161	0.0849	0.0869795	0.112302	0.0890244	0.0870469	0.099491	0.0869387	0.0869147	0.0889977	0.0888948	0.0949426	0.0849697	0.0869754	0.0950959	0.0807691	0.0848419	0.0789259	0.078852	0.0829928	0.12306	0.0848679	0.0975219	0.0829086	0.0938579	0.099508	0.0973219	0.0890897	0.0891411	0.0687505	0.0853604	0.0984029	0.0728414	0.0730692	0.074928	0.0809872	0.0687402	0.0790062	0.0748905	0.0789442	0.0748449	0.0667459	0.064665	0.064666	0.064666	0.0792039	0.0751859	0.077268	0.0749578	0.0749764	0.0832581	0.0769672	0.0831734	0.0690772	0.0689299	0.0641075	0	0.0599678	0.0690236	0.139251	0.120114	0.11351	0.125515	0.131875	0.13176	0.135678	0.122439	0.109885	0.181203	0.156845	0.176441	0.182856
Vireo_altiloquus	0.125256	0.132376	0.134415	0.162218	0.128117	0.126114	0.170885	0.183537	0.175786	0.192069	0.191223	0.169147	0.170146	0.1839	0.133293	0.129824	0.16048	0.154177	0.156221	0.15002	0.152036	0.150011	0.148011	0.148011	0.13206	0.142677	0.121674	0.142428	0.148623	0.144033	0.14	0.137905	0.131766	0.133796	0.135841	0.133791	0.160722	0.16064	0.161247	0.154219	0.156529	0.228002	0.127642	0.129665	0.150422	0.137812	0.137787	0.137752	0.13572	0.137723	0.125604	0.127617	0.125602	0.123586	0.129829	0.134321	0.156053	0.146973	0.149565	0.143437	0.140903	0.148714	0.187013	0.152277	0.158999	0.171523	0.14725	0.165859	0.165429	0.168853	0.178164	0.165667	0.171693	0.157227	0.172447	0.160724	0.15116	0.155233	0.14275	0.125775	0.125761	0.138154	0.146514	0.148198	0.164834	0.144094	0.137938	0.145979	0.151994	0.152148	0.133897	0.132089	0.14001	0.136092	0.140206	0.142225	0.211803	0.202701	0.197299	0.171847	0.160965	0.152819	0.162593	0.159816	0.160041	0.132057	0.151396	0.138299	0.140298	0.17722	0.175392	0.151148	0.138741	0.223878	0.226816	0.163612	0.183654	0.161569	0.190414	0.161378	0.188647	0.156877	0.168696	0.177781	0.17089	0.189791	0.192109	0.206165	0.199561	0.196378	0.206545	0.192275	0.111636	0.119979	0.130483	0.117636	0.113613	0.113613	0.119655	0.117629	0.126193	0.12187	0.119868	0.159531	0.160811	0.147666	0.165637	0.183613	0.186514	0.140907	0.0974434	0.0872	0.0832006	0.102075	0.103872	0.0955973	0.0687745	0.0871474	0.0831648	0.0810055	0.0728785	0.0850415	0.0932855	0.0932631	0.0975762	0.10582	0.0870904	0.0762971	0.0899624	0.0881197	0.0752896	0.0969704	0.0864978	0.087026	0.0796587	0.0734766	0.0802656	0.0548152	0.0651645	0.0671907	0.071534	0.0567564	0.0710351	0.0691667	0.0772862	0.0648437	0.0916699	0.0707998	0.0783289	0.0750413	0.087264	0.091575	0.0916944	0.0840789	0.0901865	0.0965295	0.0820614	0.0880904	0.0926552	0.0902361	0.0901928	0.0780571	0.0759649	0.0842245	0.0841376	0.085251	0.0771934	0.0792813	0.0689806	0.0751676	0.0892051	0.0830791	0.0748533	0.0973506	0.0909897	0.0890273	0.0910482	0.0889541	0.0929506	0.0990767	0.099042	0.0950233	0.0991943	0.0991597	0.0909521	0.102806	0.0949704	0.0929124	0.0928997	0.0990768	0.0848784	0.0974874	0.0870305	0.0849399	0.0788834	0.0788818	0.103498	0.0667228	0.0850691	0.0830684	0.0769287	0.0801716	0.0821697	0.0793169	0.0773092	0.0627521	0.0729448	0.0939255	0.100414	0.0689102	0.0812343	0.104016	0.0892384	0.0932787	0.0891281	0.0728674	0.074947	0.100269	0.0769919	0.0750144	0.0874584	0.0749062	0.0748822	0.0769652	0.0768623	0.08291	0.0729372	0.0749429	0.0830633	0.0687366	0.0728094	0.0668934	0.0668195	0.0709603	0.111028	0.0728354	0.0854893	0.0708761	0.0818254	0.0874755	0.0852894	0.0770572	0.0771086	0.0567179	0.0733278	0.0863704	0.0608089	0.0610367	0.0628955	0.0689547	0.0567077	0.0669737	0.0628579	0.0669117	0.0628124	0.0547133	0.0526324	0.0526334	0.0526334	0.0671714	0.0631534	0.0652354	0.0629252	0.0629439	0.0712256	0.0649347	0.0711408	0.0570447	0.0568974	0.052075	0.0599678	0	0.056991	0.127219	0.108082	0.101478	0.113482	0.119843	0.119727	0.123645	0.110407	0.0978525	0.169171	0.144812	0.164409	0.170824
Pteruthius_melanotis	0.117065	0.124185	0.126224	0.154028	0.119926	0.117923	0.162694	0.175346	0.167595	0.183878	0.183032	0.160956	0.161955	0.175709	0.125102	0.121633	0.15229	0.145986	0.14803	0.141829	0.143845	0.14182	0.13982	0.13982	0.123869	0.134487	0.113483	0.134238	0.140433	0.135842	0.13181	0.129714	0.123575	0.125605	0.12765	0.1256	0.152531	0.152449	0.153057	0.146028	0.148338	0.219811	0.119452	0.121474	0.142231	0.129622	0.129597	0.129562	0.127529	0.129532	0.117414	0.119426	0.117411	0.115395	0.121638	0.12613	0.147862	0.138783	0.141374	0.135246	0.132712	0.140523	0.178823	0.144086	0.150808	0.163333	0.13906	0.157668	0.157238	0.160663	0.169973	0.157477	0.163502	0.149036	0.164256	0.152533	0.142969	0.147043	0.134559	0.117584	0.11757	0.129963	0.138324	0.140008	0.156643	0.135903	0.129748	0.137788	0.143803	0.143957	0.125707	0.123898	0.131819	0.127901	0.132015	0.134034	0.203612	0.19451	0.189108	0.163656	0.152774	0.144628	0.154402	0.151625	0.151851	0.123867	0.143205	0.130108	0.132107	0.16903	0.167201	0.142957	0.130551	0.215688	0.218625	0.155421	0.175463	0.153378	0.182223	0.153187	0.180456	0.148686	0.160505	0.16959	0.162699	0.181601	0.183918	0.197975	0.19137	0.188187	0.198355	0.184084	0.103445	0.111788	0.122292	0.109445	0.105422	0.105422	0.111464	0.109438	0.118002	0.113679	0.111677	0.15134	0.15262	0.139475	0.157446	0.175423	0.178324	0.132716	0.0892526	0.0790092	0.0750098	0.0938845	0.0956814	0.0874064	0.0605837	0.0789566	0.074974	0.0728147	0.0646877	0.0768507	0.0850947	0.0850723	0.0893854	0.0976293	0.0788996	0.0681063	0.0817716	0.0799289	0.0670988	0.0887796	0.078307	0.0788352	0.0714679	0.0652858	0.0720748	0.0466244	0.0569737	0.0589999	0.0633432	0.0485656	0.0628443	0.0609759	0.0690954	0.0566529	0.0834791	0.062609	0.0701381	0.0668505	0.0790732	0.0833842	0.0835036	0.0758881	0.0819957	0.0883387	0.0738706	0.0798996	0.0844643	0.0820453	0.082002	0.0698663	0.0677741	0.0760337	0.0759468	0.0770602	0.0690026	0.0710905	0.0607898	0.0669768	0.0810143	0.0748883	0.0666625	0.0891598	0.0827989	0.0808364	0.0828573	0.0807633	0.0847598	0.0908859	0.0908512	0.0868325	0.0910035	0.0909689	0.0827613	0.0946149	0.0867796	0.0847216	0.0847089	0.090886	0.0766876	0.0892966	0.0788397	0.0767491	0.0706925	0.0706909	0.0953076	0.058532	0.0768783	0.0748776	0.0687379	0.0719808	0.0739789	0.0711261	0.0691184	0.0545613	0.064754	0.0857347	0.0922232	0.0607194	0.0730435	0.095825	0.0810476	0.0850879	0.0809373	0.0646766	0.0667562	0.0920783	0.068801	0.0668236	0.0792676	0.0667154	0.0666914	0.0687744	0.0686715	0.0747192	0.0647464	0.0667521	0.0748725	0.0605458	0.0646186	0.0587026	0.0586287	0.0627695	0.102837	0.0646446	0.0772985	0.0626853	0.0736346	0.0792847	0.0770986	0.0688664	0.0689178	0.0485271	0.065137	0.0781796	0.0526181	0.0528459	0.0547047	0.0607639	0.0485169	0.0587828	0.0546671	0.0587209	0.0546216	0.0465225	0.0444416	0.0444426	0.0444426	0.0589806	0.0549626	0.0570446	0.0547344	0.0547531	0.0630348	0.0567439	0.06295	0.0488539	0.0487066	0.0530412	0.0690236	0.056991	0	0.119028	0.0998908	0.0932868	0.105291	0.111652	0.111536	0.115454	0.102216	0.0896616	0.16098	0.136621	0.156218	0.162633
Rhegmatorhina_hoffmannsi	0.135076	0.142196	0.144234	0.172038	0.137937	0.135933	0.180705	0.193357	0.185606	0.201889	0.201043	0.178967	0.179966	0.19372	0.143113	0.139644	0.1703	0.163996	0.166041	0.159839	0.161856	0.15983	0.157831	0.157831	0.141879	0.152497	0.131494	0.152248	0.158443	0.153853	0.14982	0.147725	0.141586	0.143615	0.145661	0.143611	0.170542	0.17046	0.171067	0.164038	0.166349	0.237822	0.137462	0.139485	0.160241	0.147632	0.147607	0.147572	0.145539	0.147542	0.135424	0.137437	0.135421	0.133406	0.139649	0.144141	0.165873	0.156793	0.159385	0.153257	0.150723	0.158533	0.196833	0.162096	0.168819	0.181343	0.15707	0.175679	0.175248	0.178673	0.187983	0.175487	0.181513	0.167047	0.182267	0.170543	0.16098	0.165053	0.15257	0.135595	0.135581	0.147973	0.156334	0.158018	0.174654	0.153913	0.147758	0.155799	0.161814	0.161968	0.143717	0.141909	0.14983	0.145912	0.150026	0.152045	0.221623	0.21252	0.207119	0.181667	0.170784	0.162639	0.172413	0.169636	0.169861	0.141877	0.161216	0.148119	0.150118	0.18704	0.185211	0.160967	0.148561	0.233698	0.236636	0.173431	0.193474	0.171389	0.200234	0.171197	0.198466	0.166697	0.178516	0.187601	0.18071	0.199611	0.201929	0.215985	0.20938	0.206198	0.216365	0.202094	0.121455	0.129799	0.140303	0.127455	0.123433	0.123433	0.129475	0.127448	0.136013	0.13169	0.129688	0.169351	0.170631	0.157485	0.175456	0.193433	0.196334	0.150726	0.111189	0.100945	0.0969461	0.115821	0.117618	0.109343	0.0825199	0.100893	0.0969103	0.0947509	0.0866239	0.098787	0.107031	0.107009	0.111322	0.119566	0.100836	0.114326	0.127991	0.130067	0.117237	0.146975	0.136503	0.137031	0.129664	0.123482	0.138288	0.112838	0.123187	0.125213	0.129557	0.114779	0.129058	0.12719	0.135309	0.122866	0.149693	0.128823	0.136352	0.133064	0.145287	0.149598	0.149717	0.142102	0.148209	0.154552	0.140084	0.146113	0.150678	0.148259	0.148216	0.13608	0.133988	0.142247	0.14216	0.143274	0.135216	0.137304	0.127003	0.13319	0.147228	0.141102	0.132876	0.155373	0.149012	0.14705	0.149071	0.146977	0.150973	0.157099	0.157065	0.153046	0.157217	0.157183	0.148975	0.160828	0.152993	0.150935	0.150923	0.1571	0.142901	0.15551	0.145053	0.142963	0.136906	0.136905	0.161521	0.124746	0.143092	0.141091	0.134951	0.138194	0.140192	0.13734	0.135332	0.120775	0.130968	0.151948	0.158437	0.126933	0.139257	0.162039	0.147261	0.151302	0.147151	0.13089	0.13297	0.158292	0.135015	0.133037	0.145481	0.132929	0.132905	0.134988	0.134885	0.140933	0.13096	0.132966	0.141086	0.126759	0.130832	0.124916	0.124842	0.128983	0.169051	0.130858	0.143512	0.128899	0.139848	0.145498	0.143312	0.13508	0.135131	0.11874	0.13535	0.148393	0.122831	0.123059	0.124918	0.130977	0.11873	0.128996	0.12488	0.128934	0.124835	0.116736	0.114655	0.114656	0.114656	0.129194	0.125176	0.127263	0.124953	0.124971	0.133253	0.126962	0.133168	0.119072	0.118929	0.123269	0.139251	0.127219	0.119028	0	0.0475493	0.09087	0.102875	0.109235	0.10912	0.113038	0.0997992	0.0908738	0.17899	0.154632	0.174229	0.180644
Sakesphorus_luctuosus	0.115939	0.123059	0.125097	0.152901	0.1188	0.116796	0.161568	0.17422	0.166469	0.182752	0.181906	0.15983	0.160829	0.174583	0.123976	0.120507	0.151163	0.14486	0.146904	0.140702	0.142719	0.140693	0.138694	0.138694	0.122742	0.13336	0.112357	0.133111	0.139306	0.134716	0.130683	0.128588	0.122449	0.124478	0.126524	0.124474	0.151405	0.151323	0.15193	0.144901	0.147212	0.218685	0.118325	0.120348	0.141104	0.128495	0.12847	0.128435	0.126402	0.128405	0.116287	0.1183	0.116284	0.114269	0.120512	0.125004	0.146736	0.137656	0.140248	0.13412	0.131586	0.139396	0.177696	0.14296	0.149682	0.162206	0.137933	0.156542	0.156112	0.159536	0.168846	0.15635	0.162376	0.14791	0.16313	0.151407	0.141843	0.145916	0.133433	0.116458	0.116444	0.128837	0.137197	0.138881	0.155517	0.134776	0.128621	0.136662	0.142677	0.142831	0.12458	0.122772	0.130693	0.126775	0.130889	0.132908	0.202486	0.193383	0.187982	0.16253	0.151647	0.143502	0.153276	0.150499	0.150724	0.12274	0.142079	0.128982	0.130981	0.167903	0.166074	0.14183	0.129424	0.214561	0.217499	0.154294	0.174337	0.152252	0.181097	0.152061	0.179329	0.14756	0.159379	0.168464	0.161573	0.180474	0.182792	0.196848	0.190243	0.187061	0.197228	0.182958	0.102318	0.110662	0.121166	0.108318	0.104296	0.104296	0.110338	0.108311	0.116876	0.112553	0.110551	0.150214	0.151494	0.138349	0.15632	0.174296	0.177197	0.131589	0.0920519	0.0818085	0.0778091	0.0966838	0.0984807	0.0902057	0.063383	0.0817559	0.0777733	0.075614	0.067487	0.07965	0.087894	0.0878716	0.0921847	0.100429	0.0816989	0.0951888	0.108854	0.11093	0.0981004	0.127838	0.117366	0.117894	0.110527	0.104345	0.119151	0.0937011	0.10405	0.106077	0.11042	0.0956422	0.109921	0.108053	0.116172	0.103729	0.130556	0.109686	0.117215	0.113927	0.12615	0.130461	0.13058	0.122965	0.129072	0.135415	0.120947	0.126976	0.131541	0.129122	0.129079	0.116943	0.114851	0.12311	0.123023	0.124137	0.116079	0.118167	0.107866	0.114053	0.128091	0.121965	0.113739	0.136236	0.129876	0.127913	0.129934	0.12784	0.131836	0.137963	0.137928	0.133909	0.13808	0.138046	0.129838	0.141692	0.133856	0.131798	0.131786	0.137963	0.123764	0.136373	0.125916	0.123826	0.117769	0.117768	0.142384	0.105609	0.123955	0.121954	0.115815	0.119057	0.121056	0.118203	0.116195	0.101638	0.111831	0.132811	0.1393	0.107796	0.12012	0.142902	0.128124	0.132165	0.128014	0.111753	0.113833	0.139155	0.115878	0.1139	0.126344	0.113792	0.113768	0.115851	0.115748	0.121796	0.111823	0.113829	0.121949	0.107622	0.111695	0.105779	0.105705	0.109846	0.149914	0.111721	0.124375	0.109762	0.120711	0.126361	0.124175	0.115943	0.115994	0.0996033	0.116213	0.129256	0.103694	0.103922	0.105781	0.11184	0.0995931	0.109859	0.105743	0.109797	0.105698	0.0975987	0.0955178	0.0955188	0.0955188	0.110057	0.106039	0.108126	0.105816	0.105834	0.114116	0.107825	0.114031	0.0999351	0.0997925	0.104132	0.120114	0.108082	0.0998908	0.0475493	0	0.0717331	0.0837376	0.090098	0.0899826	0.0939006	0.0806623	0.0717369	0.159853	0.135495	0.155092	0.161507
Scytalopus_superciliaris	0.109335	0.116455	0.118493	0.146297	0.112196	0.110192	0.154964	0.167616	0.159865	0.176148	0.175302	0.153226	0.154225	0.167979	0.117372	0.113903	0.144559	0.138255	0.1403	0.134098	0.136115	0.134089	0.13209	0.13209	0.116138	0.126756	0.105753	0.126507	0.132702	0.128112	0.124079	0.121984	0.115845	0.117874	0.11992	0.11787	0.144801	0.144719	0.145326	0.138297	0.140608	0.212081	0.111721	0.113744	0.1345	0.121891	0.121866	0.121831	0.119798	0.121801	0.109683	0.111696	0.10968	0.107665	0.113908	0.1184	0.140132	0.131052	0.133644	0.127516	0.124982	0.132792	0.171092	0.136356	0.143078	0.155602	0.131329	0.149938	0.149507	0.152932	0.162242	0.149746	0.155772	0.141306	0.156526	0.144803	0.135239	0.139312	0.126829	0.109854	0.10984	0.122233	0.130593	0.132277	0.148913	0.128172	0.122017	0.130058	0.136073	0.136227	0.117976	0.116168	0.124089	0.120171	0.124285	0.126304	0.195882	0.186779	0.181378	0.155926	0.145043	0.136898	0.146672	0.143895	0.14412	0.116136	0.135475	0.122378	0.124377	0.161299	0.15947	0.135226	0.12282	0.207957	0.210895	0.14769	0.167733	0.145648	0.174493	0.145457	0.172725	0.140956	0.152775	0.16186	0.154969	0.17387	0.176188	0.190244	0.183639	0.180457	0.190624	0.176354	0.0957144	0.104058	0.114562	0.101714	0.0976919	0.0976919	0.103734	0.101707	0.110272	0.105949	0.103947	0.14361	0.14489	0.131745	0.149715	0.167692	0.170593	0.124985	0.0854479	0.0752044	0.0712051	0.0900798	0.0918767	0.0836017	0.056779	0.0751519	0.0711693	0.0690099	0.0608829	0.073046	0.08129	0.0812675	0.0855807	0.0938245	0.0750949	0.0885848	0.10225	0.104326	0.0914964	0.121234	0.110762	0.11129	0.103923	0.0977407	0.112547	0.087097	0.0974463	0.0994725	0.103816	0.0890382	0.103317	0.101449	0.109568	0.0971254	0.123952	0.103082	0.110611	0.107323	0.119546	0.123857	0.123976	0.116361	0.122468	0.128811	0.114343	0.120372	0.124937	0.122518	0.122475	0.110339	0.108247	0.116506	0.116419	0.117533	0.109475	0.111563	0.101262	0.107449	0.121487	0.115361	0.107135	0.129632	0.123271	0.121309	0.12333	0.121236	0.125232	0.131359	0.131324	0.127305	0.131476	0.131442	0.123234	0.135087	0.127252	0.125194	0.125182	0.131359	0.11716	0.129769	0.119312	0.117222	0.111165	0.111164	0.13578	0.0990046	0.117351	0.11535	0.10921	0.112453	0.114451	0.111599	0.109591	0.0950339	0.105227	0.126207	0.132696	0.101192	0.113516	0.136298	0.12152	0.125561	0.12141	0.105149	0.107229	0.132551	0.109274	0.107296	0.11974	0.107188	0.107164	0.109247	0.109144	0.115192	0.105219	0.107225	0.115345	0.101018	0.105091	0.0991752	0.0991013	0.103242	0.14331	0.105117	0.117771	0.103158	0.114107	0.119757	0.117571	0.109339	0.10939	0.0929993	0.109609	0.122652	0.0970902	0.0973181	0.0991769	0.105236	0.092989	0.103255	0.0991393	0.103193	0.0990937	0.0909947	0.0889138	0.0889148	0.0889148	0.103453	0.0994348	0.101522	0.0992116	0.0992303	0.107512	0.101221	0.107427	0.0933311	0.0931884	0.0975278	0.11351	0.101478	0.0932868	0.09087	0.0717331	0	0.0657784	0.0721388	0.0720234	0.0759414	0.0657905	0.0651329	0.153249	0.128891	0.148488	0.154903
Sclerurus_mexicanus	0.121339	0.128459	0.130498	0.158302	0.1242	0.122197	0.166968	0.17962	0.171869	0.188152	0.187306	0.16523	0.166229	0.179983	0.129376	0.125907	0.156564	0.15026	0.152304	0.146103	0.148119	0.146094	0.144094	0.144094	0.128143	0.138761	0.117757	0.138512	0.144707	0.140116	0.136084	0.133988	0.127849	0.129879	0.131924	0.129874	0.156805	0.156723	0.157331	0.150302	0.152612	0.224085	0.123726	0.125748	0.146505	0.133896	0.133871	0.133836	0.131803	0.133806	0.121688	0.1237	0.121685	0.119669	0.125912	0.130404	0.152136	0.143057	0.145648	0.13952	0.136986	0.144797	0.183097	0.14836	0.155082	0.167607	0.143334	0.161942	0.161512	0.164937	0.174247	0.161751	0.167776	0.15331	0.16853	0.156807	0.147243	0.151317	0.138833	0.121858	0.121844	0.134237	0.142598	0.144282	0.160917	0.140177	0.134022	0.142062	0.148077	0.148231	0.129981	0.128172	0.136093	0.132175	0.136289	0.138308	0.207886	0.198784	0.193382	0.16793	0.157048	0.148902	0.158676	0.155899	0.156125	0.128141	0.147479	0.134382	0.136381	0.173304	0.171475	0.147231	0.134825	0.219962	0.2229	0.159695	0.179737	0.157652	0.186497	0.157461	0.18473	0.15296	0.164779	0.173864	0.166973	0.185875	0.188192	0.202249	0.195644	0.192461	0.202629	0.188358	0.107719	0.116062	0.126566	0.113719	0.109696	0.109696	0.115738	0.113712	0.122276	0.117953	0.115951	0.155614	0.156894	0.143749	0.16172	0.179697	0.182598	0.13699	0.0974524	0.0872089	0.0832096	0.102084	0.103881	0.0956062	0.0687834	0.0871563	0.0831737	0.0810144	0.0728874	0.0850505	0.0932944	0.093272	0.0975852	0.105829	0.0870993	0.100589	0.114255	0.116331	0.103501	0.133239	0.122766	0.123295	0.115927	0.109745	0.124552	0.0991015	0.109451	0.111477	0.11582	0.101043	0.115321	0.113453	0.121572	0.10913	0.135956	0.115086	0.122615	0.119328	0.13155	0.135861	0.135981	0.128365	0.134473	0.140816	0.126348	0.132377	0.136941	0.134522	0.134479	0.122343	0.120251	0.128511	0.128424	0.129537	0.12148	0.123568	0.113267	0.119454	0.133491	0.127365	0.11914	0.141637	0.135276	0.133314	0.135334	0.13324	0.137237	0.143363	0.143328	0.13931	0.143481	0.143446	0.135238	0.147092	0.139257	0.137199	0.137186	0.143363	0.129165	0.141774	0.131317	0.129226	0.12317	0.123168	0.147785	0.111009	0.129355	0.127355	0.121215	0.124458	0.126456	0.123603	0.121595	0.107038	0.117231	0.138212	0.1447	0.113196	0.125521	0.148302	0.133525	0.137565	0.133414	0.117154	0.119233	0.144555	0.121278	0.119301	0.131745	0.119192	0.119168	0.121251	0.121149	0.127196	0.117223	0.119229	0.12735	0.113023	0.117096	0.11118	0.111106	0.115247	0.155314	0.117122	0.129776	0.115162	0.126112	0.131762	0.129576	0.121343	0.121395	0.105004	0.121614	0.134656	0.109095	0.109323	0.111181	0.117241	0.104994	0.115259	0.111144	0.115198	0.111098	0.102999	0.100918	0.100919	0.100919	0.115457	0.111439	0.113526	0.111216	0.111235	0.119516	0.113226	0.119432	0.105336	0.105193	0.109532	0.125515	0.113482	0.105291	0.102875	0.0837376	0.0657784	0	0.0533709	0.0532555	0.0571735	0.0777949	0.0771373	0.165254	0.140895	0.160492	0.166907
Furnarius_figulus	0.1277	0.13482	0.136858	0.164662	0.130561	0.128557	0.173328	0.185981	0.178229	0.194513	0.193667	0.171591	0.17259	0.186344	0.135737	0.132268	0.162924	0.15662	0.158665	0.152463	0.154479	0.152454	0.150455	0.150455	0.134503	0.145121	0.124118	0.144872	0.151067	0.146477	0.142444	0.140349	0.13421	0.136239	0.138285	0.136235	0.163166	0.163084	0.163691	0.156662	0.158973	0.230446	0.130086	0.132109	0.152865	0.140256	0.140231	0.140196	0.138163	0.140166	0.128048	0.130061	0.128045	0.12603	0.132272	0.136764	0.158497	0.149417	0.152009	0.14588	0.143347	0.151157	0.189457	0.15472	0.161443	0.173967	0.149694	0.168303	0.167872	0.171297	0.180607	0.168111	0.174137	0.159671	0.174891	0.163167	0.153604	0.157677	0.145194	0.128219	0.128205	0.140597	0.148958	0.150642	0.167278	0.146537	0.140382	0.148423	0.154437	0.154592	0.136341	0.134533	0.142454	0.138536	0.14265	0.144669	0.214247	0.205144	0.199742	0.174291	0.163408	0.155263	0.165037	0.16226	0.162485	0.134501	0.15384	0.140743	0.142742	0.179664	0.177835	0.153591	0.141185	0.226322	0.22926	0.166055	0.186097	0.164013	0.192858	0.163821	0.19109	0.159321	0.171139	0.180225	0.173334	0.192235	0.194552	0.208609	0.202004	0.198822	0.208989	0.194718	0.114079	0.122423	0.132927	0.120079	0.116057	0.116057	0.122098	0.120072	0.128636	0.124314	0.122311	0.161975	0.163255	0.150109	0.16808	0.186057	0.188958	0.14335	0.103813	0.0935693	0.08957	0.108445	0.110242	0.101967	0.0751439	0.0935168	0.0895342	0.0873748	0.0792478	0.0914109	0.0996549	0.0996324	0.103946	0.112189	0.0934598	0.10695	0.120615	0.122691	0.109861	0.139599	0.129127	0.129655	0.122288	0.116106	0.130912	0.105462	0.115811	0.117837	0.122181	0.107403	0.121682	0.119813	0.127933	0.11549	0.142317	0.121446	0.128976	0.125688	0.137911	0.142222	0.142341	0.134726	0.140833	0.147176	0.132708	0.138737	0.143302	0.140883	0.14084	0.128704	0.126612	0.134871	0.134784	0.135898	0.12784	0.129928	0.119627	0.125814	0.139852	0.133726	0.1255	0.147997	0.141636	0.139674	0.141695	0.139601	0.143597	0.149723	0.149689	0.14567	0.149841	0.149806	0.141599	0.153452	0.145617	0.143559	0.143546	0.149723	0.135525	0.148134	0.137677	0.135587	0.12953	0.129528	0.154145	0.117369	0.135716	0.133715	0.127575	0.130818	0.132816	0.129964	0.127956	0.113399	0.123591	0.144572	0.151061	0.119557	0.131881	0.154662	0.139885	0.143925	0.139775	0.123514	0.125594	0.150916	0.127639	0.125661	0.138105	0.125553	0.125529	0.127612	0.127509	0.133557	0.123584	0.12559	0.13371	0.119383	0.123456	0.11754	0.117466	0.121607	0.161675	0.123482	0.136136	0.121523	0.132472	0.138122	0.135936	0.127704	0.127755	0.111364	0.127974	0.141017	0.115455	0.115683	0.117542	0.123601	0.111354	0.12162	0.117504	0.121558	0.117459	0.10936	0.107279	0.10728	0.10728	0.121818	0.1178	0.119887	0.117577	0.117595	0.125877	0.119586	0.125792	0.111696	0.111553	0.115893	0.131875	0.119843	0.111652	0.109235	0.090098	0.0721388	0.0533709	0	0.0429542	0.0468722	0.0841554	0.0834978	0.171614	0.147256	0.166853	0.173267
Campylorhamphus_procurvoides	0.127584	0.134704	0.136743	0.164547	0.130446	0.128442	0.173213	0.185865	0.178114	0.194397	0.193551	0.171475	0.172474	0.186228	0.135621	0.132152	0.162809	0.156505	0.158549	0.152348	0.154364	0.152339	0.150339	0.150339	0.134388	0.145006	0.124002	0.144757	0.150952	0.146361	0.142329	0.140233	0.134094	0.136124	0.138169	0.136119	0.16305	0.162968	0.163576	0.156547	0.158857	0.23033	0.129971	0.131993	0.15275	0.140141	0.140116	0.140081	0.138048	0.140051	0.127933	0.129945	0.12793	0.125914	0.132157	0.136649	0.158381	0.149302	0.151893	0.145765	0.143232	0.151042	0.189342	0.154605	0.161327	0.173852	0.149579	0.168187	0.167757	0.171182	0.180492	0.167996	0.174021	0.159555	0.174775	0.163052	0.153489	0.157562	0.145079	0.128103	0.12809	0.140482	0.148843	0.150527	0.167162	0.146422	0.140267	0.148307	0.154322	0.154476	0.136226	0.134417	0.142338	0.13842	0.142534	0.144553	0.214131	0.205029	0.199627	0.174175	0.163293	0.155147	0.164921	0.162144	0.16237	0.134386	0.153724	0.140627	0.142626	0.179549	0.17772	0.153476	0.14107	0.226207	0.229145	0.16594	0.185982	0.163897	0.192742	0.163706	0.190975	0.159205	0.171024	0.180109	0.173218	0.19212	0.194437	0.208494	0.201889	0.198706	0.208874	0.194603	0.113964	0.122307	0.132811	0.119964	0.115941	0.115941	0.121983	0.119957	0.128521	0.124198	0.122196	0.161859	0.163139	0.149994	0.167965	0.185942	0.188843	0.143235	0.103697	0.0934539	0.0894546	0.108329	0.110126	0.101851	0.0750284	0.0934014	0.0894188	0.0872594	0.0791324	0.0912955	0.0995395	0.099517	0.10383	0.112074	0.0933443	0.106834	0.1205	0.122576	0.109746	0.139484	0.129011	0.12954	0.122172	0.11599	0.130797	0.105347	0.115696	0.117722	0.122065	0.107288	0.121566	0.119698	0.127818	0.115375	0.142201	0.121331	0.12886	0.125573	0.137795	0.142106	0.142226	0.13461	0.140718	0.147061	0.132593	0.138622	0.143186	0.140767	0.140724	0.128588	0.126496	0.134756	0.134669	0.135782	0.127725	0.129813	0.119512	0.125699	0.139736	0.13361	0.125385	0.147882	0.141521	0.139559	0.141579	0.139485	0.143482	0.149608	0.149573	0.145555	0.149726	0.149691	0.141483	0.153337	0.145502	0.143444	0.143431	0.149608	0.13541	0.148019	0.137562	0.135471	0.129415	0.129413	0.15403	0.117254	0.1356	0.1336	0.12746	0.130703	0.132701	0.129848	0.127841	0.113283	0.123476	0.144457	0.150945	0.119441	0.131766	0.154547	0.13977	0.14381	0.139659	0.123399	0.125478	0.1508	0.127523	0.125546	0.13799	0.125437	0.125413	0.127496	0.127394	0.133441	0.123468	0.125474	0.133595	0.119268	0.123341	0.117425	0.117351	0.121492	0.161559	0.123367	0.136021	0.121407	0.132357	0.138007	0.135821	0.127588	0.12764	0.111249	0.127859	0.140901	0.11534	0.115568	0.117426	0.123486	0.111239	0.121505	0.117389	0.121443	0.117343	0.109244	0.107163	0.107164	0.107164	0.121702	0.117684	0.119771	0.117461	0.11748	0.125761	0.119471	0.125677	0.111581	0.111438	0.115777	0.13176	0.119727	0.111536	0.10912	0.0899826	0.0720234	0.0532555	0.0429542	0	0.024488	0.0840399	0.0833823	0.171499	0.14714	0.166737	0.173152
Xiphorhynchus_elegans	0.131502	0.138622	0.140661	0.168465	0.134364	0.13236	0.177131	0.189783	0.182032	0.198315	0.197469	0.175393	0.176392	0.190146	0.139539	0.13607	0.166727	0.160423	0.162467	0.156266	0.158282	0.156257	0.154257	0.154257	0.138306	0.148924	0.12792	0.148675	0.15487	0.150279	0.146247	0.144151	0.138012	0.140042	0.142087	0.140037	0.166968	0.166886	0.167494	0.160465	0.162775	0.234248	0.133889	0.135911	0.156668	0.144059	0.144034	0.143999	0.141966	0.143969	0.131851	0.133863	0.131848	0.129832	0.136075	0.140567	0.162299	0.15322	0.155811	0.149683	0.14715	0.15496	0.19326	0.158523	0.165245	0.17777	0.153497	0.172105	0.171675	0.1751	0.18441	0.171914	0.177939	0.163473	0.178693	0.16697	0.157407	0.16148	0.148997	0.132021	0.132008	0.1444	0.152761	0.154445	0.17108	0.15034	0.144185	0.152225	0.15824	0.158394	0.140144	0.138336	0.146256	0.142338	0.146452	0.148471	0.218049	0.208947	0.203545	0.178093	0.167211	0.159065	0.168839	0.166062	0.166288	0.138304	0.157642	0.144545	0.146544	0.183467	0.181638	0.157394	0.144988	0.230125	0.233063	0.169858	0.1899	0.167815	0.19666	0.167624	0.194893	0.163123	0.174942	0.184027	0.177136	0.196038	0.198355	0.212412	0.205807	0.202624	0.212792	0.198521	0.117882	0.126225	0.136729	0.123882	0.119859	0.119859	0.125901	0.123875	0.132439	0.128116	0.126114	0.165777	0.167057	0.153912	0.171883	0.18986	0.192761	0.147153	0.107615	0.0973719	0.0933726	0.112247	0.114044	0.105769	0.0789465	0.0973194	0.0933368	0.0911774	0.0830504	0.0952135	0.103457	0.103435	0.107748	0.115992	0.0972624	0.110752	0.124418	0.126494	0.113664	0.143402	0.132929	0.133458	0.12609	0.119908	0.134715	0.109265	0.119614	0.12164	0.125983	0.111206	0.125484	0.123616	0.131736	0.119293	0.146119	0.125249	0.132778	0.129491	0.141713	0.146024	0.146144	0.138528	0.144636	0.150979	0.136511	0.14254	0.147104	0.144685	0.144642	0.132506	0.130414	0.138674	0.138587	0.1397	0.131643	0.133731	0.12343	0.129617	0.143654	0.137528	0.129303	0.1518	0.145439	0.143477	0.145497	0.143403	0.1474	0.153526	0.153491	0.149473	0.153644	0.153609	0.145401	0.157255	0.14942	0.147362	0.147349	0.153526	0.139328	0.151937	0.14148	0.139389	0.133333	0.133331	0.157948	0.121172	0.139518	0.137518	0.131378	0.134621	0.136619	0.133766	0.131759	0.117201	0.127394	0.148375	0.154863	0.123359	0.135684	0.158465	0.143688	0.147728	0.143577	0.127317	0.129396	0.154718	0.131441	0.129464	0.141908	0.129355	0.129331	0.131414	0.131312	0.137359	0.127386	0.129392	0.137513	0.123186	0.127259	0.121343	0.121269	0.12541	0.165477	0.127285	0.139939	0.125325	0.136275	0.141925	0.139739	0.131506	0.131558	0.115167	0.131777	0.144819	0.119258	0.119486	0.121344	0.127404	0.115157	0.125423	0.121307	0.125361	0.121261	0.113162	0.111081	0.111082	0.111082	0.12562	0.121602	0.123689	0.121379	0.121398	0.129679	0.123389	0.129595	0.115499	0.115356	0.119695	0.135678	0.123645	0.115454	0.113038	0.0939006	0.0759414	0.0571735	0.0468722	0.024488	0	0.087958	0.0873004	0.175417	0.151058	0.170655	0.17707
Formicarius_rufipectus	0.118264	0.125384	0.127423	0.155226	0.121125	0.119121	0.163893	0.176545	0.168794	0.185077	0.184231	0.162155	0.163154	0.176908	0.126301	0.122832	0.153488	0.147185	0.149229	0.143028	0.145044	0.143018	0.141019	0.141019	0.125068	0.135685	0.114682	0.135436	0.141631	0.137041	0.133008	0.130913	0.124774	0.126804	0.128849	0.126799	0.15373	0.153648	0.154255	0.147227	0.149537	0.22101	0.12065	0.122673	0.14343	0.13082	0.130795	0.13076	0.128728	0.130731	0.118612	0.120625	0.11861	0.116594	0.122837	0.127329	0.149061	0.139981	0.142573	0.136445	0.133911	0.141722	0.180021	0.145285	0.152007	0.164531	0.140258	0.158867	0.158437	0.161861	0.171172	0.158675	0.164701	0.150235	0.165455	0.153732	0.144168	0.148241	0.135758	0.118783	0.118769	0.131162	0.139522	0.141206	0.157842	0.137102	0.130946	0.138987	0.145002	0.145156	0.126905	0.125097	0.133018	0.1291	0.133214	0.135233	0.204811	0.195709	0.190307	0.164855	0.153973	0.145827	0.155601	0.152824	0.153049	0.125065	0.144404	0.131307	0.133306	0.170228	0.168399	0.144155	0.131749	0.216886	0.219824	0.156619	0.176662	0.154577	0.183422	0.154386	0.181655	0.149885	0.161704	0.170789	0.163898	0.182799	0.185117	0.199173	0.192568	0.189386	0.199553	0.185283	0.104644	0.112987	0.123491	0.110644	0.106621	0.106621	0.112663	0.110636	0.119201	0.114878	0.112876	0.152539	0.153819	0.140674	0.158645	0.176621	0.179522	0.133915	0.0943771	0.0841336	0.0801343	0.0990089	0.100806	0.0925309	0.0657082	0.0840811	0.0800985	0.0779391	0.0698121	0.0819752	0.0902192	0.0901967	0.0945099	0.102754	0.0840241	0.097514	0.111179	0.113256	0.100426	0.130164	0.119691	0.120219	0.112852	0.10667	0.121477	0.0960262	0.106376	0.108402	0.112745	0.0979674	0.112246	0.110378	0.118497	0.106055	0.132881	0.112011	0.11954	0.116252	0.128475	0.132786	0.132905	0.12529	0.131398	0.137741	0.123272	0.129301	0.133866	0.131447	0.131404	0.119268	0.117176	0.125436	0.125349	0.126462	0.118404	0.120492	0.110192	0.116379	0.130416	0.12429	0.116064	0.138562	0.132201	0.130238	0.132259	0.130165	0.134162	0.140288	0.140253	0.136234	0.140405	0.140371	0.132163	0.144017	0.136181	0.134123	0.134111	0.140288	0.126089	0.138698	0.128241	0.126151	0.120094	0.120093	0.144709	0.107934	0.12628	0.124279	0.11814	0.121383	0.123381	0.120528	0.11852	0.103963	0.114156	0.135136	0.141625	0.110121	0.122445	0.145227	0.130449	0.13449	0.130339	0.114078	0.116158	0.14148	0.118203	0.116225	0.128669	0.116117	0.116093	0.118176	0.118073	0.124121	0.114148	0.116154	0.124274	0.109948	0.11402	0.108104	0.10803	0.112171	0.152239	0.114046	0.1267	0.112087	0.123036	0.128686	0.1265	0.118268	0.11832	0.101928	0.118538	0.131581	0.106019	0.106247	0.108106	0.114165	0.101918	0.112184	0.108069	0.112122	0.108023	0.0999239	0.097843	0.097844	0.097844	0.112382	0.108364	0.110451	0.108141	0.108159	0.116441	0.11015	0.116356	0.10226	0.102118	0.106457	0.122439	0.110407	0.102216	0.0997992	0.0806623	0.0657905	0.0777949	0.0841554	0.0840399	0.087958	0	0.0740621	0.162179	0.13782	0.157417	0.163832
Grallaria_varia	0.10571	0.11283	0.114868	0.142672	0.108571	0.106567	0.151338	0.163991	0.156239	0.172523	0.171677	0.149601	0.150599	0.164354	0.113747	0.110278	0.140934	0.13463	0.136675	0.130473	0.132489	0.130464	0.128465	0.128465	0.112513	0.123131	0.102128	0.122882	0.129077	0.124486	0.120454	0.118359	0.11222	0.114249	0.116295	0.114245	0.141176	0.141093	0.141701	0.134672	0.136983	0.208456	0.108096	0.110119	0.130875	0.118266	0.118241	0.118206	0.116173	0.118176	0.106058	0.108071	0.106055	0.10404	0.110282	0.114774	0.136507	0.127427	0.130019	0.12389	0.121357	0.129167	0.167467	0.13273	0.139452	0.151977	0.127704	0.146313	0.145882	0.149307	0.158617	0.146121	0.152146	0.137681	0.152901	0.141177	0.131614	0.135687	0.123204	0.106229	0.106215	0.118607	0.126968	0.128652	0.145288	0.124547	0.118392	0.126433	0.132447	0.132601	0.114351	0.112543	0.120464	0.116546	0.12066	0.122679	0.192257	0.183154	0.177752	0.152301	0.141418	0.133273	0.143047	0.14027	0.140495	0.112511	0.13185	0.118753	0.120752	0.157674	0.155845	0.131601	0.119195	0.204332	0.20727	0.144065	0.164107	0.142023	0.170867	0.141831	0.1691	0.137331	0.149149	0.158235	0.151344	0.170245	0.172562	0.186619	0.180014	0.176832	0.186999	0.172728	0.0920893	0.100432	0.110937	0.0980892	0.0940667	0.0940667	0.100108	0.0980821	0.106646	0.102324	0.100321	0.139985	0.141265	0.128119	0.14609	0.164067	0.166968	0.12136	0.0818227	0.0715793	0.0675799	0.0864546	0.0882515	0.0799766	0.0531538	0.0715267	0.0675441	0.0653848	0.0572578	0.0694208	0.0776648	0.0776424	0.0819555	0.0901994	0.0714697	0.0849596	0.098625	0.100701	0.0878712	0.117609	0.107137	0.107665	0.100298	0.0941155	0.108922	0.0834719	0.0938212	0.0958473	0.100191	0.085413	0.0996918	0.0978234	0.105943	0.0935003	0.120327	0.0994564	0.106986	0.103698	0.115921	0.120232	0.120351	0.112736	0.118843	0.125186	0.110718	0.116747	0.121312	0.118893	0.118849	0.106714	0.104622	0.112881	0.112794	0.113908	0.10585	0.107938	0.0976372	0.103824	0.117862	0.111736	0.10351	0.126007	0.119646	0.117684	0.119705	0.117611	0.121607	0.127733	0.127699	0.12368	0.127851	0.127816	0.119609	0.131462	0.123627	0.121569	0.121556	0.127733	0.113535	0.126144	0.115687	0.113597	0.10754	0.107538	0.132155	0.0953794	0.113726	0.111725	0.105585	0.108828	0.110826	0.107973	0.105966	0.0914088	0.101601	0.122582	0.129071	0.0975668	0.109891	0.132672	0.117895	0.121935	0.117785	0.101524	0.103604	0.128926	0.105648	0.103671	0.116115	0.103563	0.103539	0.105622	0.105519	0.111567	0.101594	0.1036	0.11172	0.0973932	0.101466	0.09555	0.0954761	0.0996169	0.139684	0.101492	0.114146	0.0995327	0.110482	0.116132	0.113946	0.105714	0.105765	0.0893741	0.105984	0.119027	0.0934651	0.0936929	0.0955517	0.101611	0.0893639	0.0996299	0.0955141	0.0995679	0.0954686	0.0873695	0.0852886	0.0852896	0.0852896	0.0998276	0.0958096	0.0978967	0.0955865	0.0956051	0.103887	0.0975959	0.103802	0.0897059	0.0895633	0.0939026	0.109885	0.0978525	0.0896616	0.0908738	0.0717369	0.0651329	0.0771373	0.0834978	0.0833823	0.0873004	0.0740621	0	0.149624	0.125266	0.144863	0.151277
Podargus_strigoides	0.0954558	0.102576	0.104615	0.132424	0.0983229	0.0963191	0.14109	0.153743	0.145991	0.162275	0.161429	0.139353	0.140351	0.154106	0.103499	0.10003	0.130686	0.124382	0.126427	0.120225	0.122241	0.120216	0.118217	0.118217	0.102265	0.112883	0.0918796	0.112634	0.118829	0.114238	0.110206	0.108111	0.101972	0.104001	0.106047	0.103997	0.130928	0.130845	0.131453	0.124424	0.126735	0.198208	0.097848	0.0998706	0.120627	0.108018	0.107993	0.107958	0.105925	0.107928	0.09581	0.0978225	0.0958073	0.0937918	0.100034	0.104526	0.126259	0.117179	0.119771	0.113642	0.111109	0.118919	0.157219	0.122482	0.129204	0.141729	0.117456	0.136065	0.135634	0.139059	0.148369	0.135873	0.141898	0.127433	0.142653	0.130929	0.121366	0.125439	0.112956	0.0959808	0.0959669	0.108359	0.11672	0.118404	0.13504	0.114299	0.108144	0.116185	0.122199	0.122353	0.104103	0.102295	0.110216	0.106298	0.110412	0.112431	0.182009	0.172906	0.167504	0.142053	0.13117	0.123025	0.132799	0.130022	0.130247	0.102263	0.121602	0.108505	0.110504	0.147426	0.145597	0.121353	0.108947	0.194084	0.197022	0.133817	0.153859	0.131775	0.160619	0.131583	0.158852	0.127083	0.138901	0.147987	0.141096	0.159997	0.162314	0.176371	0.169766	0.166584	0.176751	0.16248	0.0858157	0.0982106	0.108715	0.0958674	0.0918449	0.0918449	0.0978866	0.0958603	0.10443	0.100107	0.0981051	0.140617	0.141897	0.128752	0.146723	0.164699	0.1676	0.169282	0.153141	0.142897	0.138898	0.157773	0.15957	0.151295	0.124472	0.142845	0.138862	0.136703	0.128576	0.140739	0.148983	0.148961	0.153274	0.161518	0.142788	0.156278	0.169943	0.17202	0.159189	0.188928	0.178455	0.178983	0.171616	0.165434	0.18024	0.15479	0.165139	0.167166	0.171509	0.156731	0.17101	0.169142	0.177261	0.164819	0.191645	0.170775	0.178304	0.175016	0.187239	0.19155	0.191669	0.184054	0.190161	0.196504	0.182036	0.188065	0.19263	0.190211	0.190168	0.178032	0.17594	0.184199	0.184112	0.185226	0.177168	0.179256	0.168955	0.175142	0.18918	0.183054	0.174828	0.197325	0.190965	0.189002	0.191023	0.188929	0.192925	0.199052	0.199017	0.194998	0.199169	0.199135	0.190927	0.202781	0.194945	0.192887	0.192875	0.199052	0.184853	0.197462	0.187005	0.184915	0.178858	0.178857	0.203473	0.166698	0.185044	0.183043	0.176904	0.180146	0.182145	0.179292	0.177284	0.162727	0.17292	0.1939	0.200389	0.168885	0.181209	0.203991	0.189213	0.193254	0.189103	0.172842	0.174922	0.200244	0.176967	0.174989	0.187433	0.174881	0.174857	0.17694	0.176837	0.182885	0.172912	0.174918	0.183038	0.168711	0.172784	0.166868	0.166794	0.170935	0.211003	0.17281	0.185464	0.170851	0.1818	0.18745	0.185264	0.177032	0.177083	0.160692	0.177302	0.190345	0.164783	0.165011	0.16687	0.172929	0.160682	0.170948	0.166832	0.170886	0.166787	0.158688	0.156607	0.156608	0.156608	0.171146	0.167128	0.169215	0.166905	0.166923	0.175205	0.168914	0.17512	0.161024	0.160881	0.165221	0.181203	0.169171	0.16098	0.17899	0.159853	0.153249	0.165254	0.171614	0.171499	0.175417	0.162179	0.149624	0	0.110898	0.130495	0.13691
Phaethon_lepturus	0.0710973	0.0782173	0.080256	0.108065	0.0739643	0.0719606	0.116732	0.129384	0.121633	0.137916	0.13707	0.114994	0.115993	0.129747	0.07914	0.075671	0.106327	0.100024	0.102068	0.0958666	0.0978829	0.0958576	0.093858	0.093858	0.0779068	0.0885245	0.0675211	0.0882756	0.0944705	0.08988	0.0858475	0.083752	0.0776132	0.0796428	0.0816882	0.0796381	0.106569	0.106487	0.107094	0.100066	0.102376	0.173849	0.0734895	0.0755121	0.0962688	0.0836595	0.0836345	0.0835996	0.0815667	0.0835697	0.0714514	0.073464	0.0714488	0.0694333	0.0756759	0.0801679	0.1019	0.0928204	0.0954122	0.0892839	0.0867504	0.0945607	0.132861	0.0981238	0.104846	0.11737	0.0930975	0.111706	0.111276	0.114701	0.124011	0.111514	0.11754	0.103074	0.118294	0.106571	0.0970074	0.101081	0.0885973	0.0716223	0.0716083	0.0840008	0.0923614	0.0940455	0.110681	0.0899407	0.0837854	0.0918261	0.0978409	0.0979949	0.0797446	0.0779363	0.0858572	0.0819393	0.0860531	0.0880721	0.15765	0.148548	0.143146	0.117694	0.106812	0.098666	0.10844	0.105663	0.105888	0.0779046	0.0972433	0.0841461	0.0861452	0.123067	0.121239	0.0969946	0.0845885	0.169726	0.172663	0.109459	0.129501	0.107416	0.136261	0.107225	0.134494	0.102724	0.114543	0.123628	0.116737	0.135638	0.137956	0.152013	0.145408	0.142225	0.152392	0.138122	0.0614572	0.0738521	0.0843564	0.0715088	0.0674863	0.0674863	0.073528	0.0715018	0.0800717	0.075749	0.0737466	0.116258	0.117539	0.104393	0.122364	0.140341	0.143242	0.144924	0.128782	0.118539	0.11454	0.133414	0.135211	0.126936	0.100113	0.118486	0.114504	0.112344	0.104217	0.116381	0.124625	0.124602	0.128915	0.137159	0.118429	0.131919	0.145585	0.147661	0.134831	0.164569	0.154096	0.154625	0.147257	0.141075	0.155882	0.130432	0.140781	0.142807	0.14715	0.132373	0.146651	0.144783	0.152903	0.14046	0.167286	0.146416	0.153945	0.150658	0.16288	0.167191	0.167311	0.159695	0.165803	0.172146	0.157678	0.163707	0.168271	0.165852	0.165809	0.153673	0.151581	0.159841	0.159754	0.160867	0.15281	0.154898	0.144597	0.150784	0.164821	0.158695	0.15047	0.172967	0.166606	0.164644	0.166664	0.16457	0.168567	0.174693	0.174658	0.17064	0.174811	0.174776	0.166568	0.178422	0.170587	0.168529	0.168516	0.174693	0.160495	0.173104	0.162647	0.160556	0.1545	0.154498	0.179115	0.142339	0.160685	0.158685	0.152545	0.155788	0.157786	0.154933	0.152926	0.138368	0.148561	0.169542	0.17603	0.144527	0.156851	0.179632	0.164855	0.168895	0.164744	0.148484	0.150563	0.175885	0.152608	0.150631	0.163075	0.150523	0.150498	0.152582	0.152479	0.158526	0.148553	0.150559	0.15868	0.144353	0.148426	0.14251	0.142436	0.146577	0.186644	0.148452	0.161106	0.146492	0.157442	0.163092	0.160906	0.152674	0.152725	0.136334	0.152944	0.165986	0.140425	0.140653	0.142511	0.148571	0.136324	0.14659	0.142474	0.146528	0.142428	0.134329	0.132248	0.132249	0.132249	0.146787	0.142769	0.144856	0.142546	0.142565	0.150847	0.144556	0.150762	0.136666	0.136523	0.140862	0.156845	0.144812	0.136621	0.154632	0.135495	0.128891	0.140895	0.147256	0.14714	0.151058	0.13782	0.125266	0.110898	0	0.104158	0.110573
Eurypyga_helias	0.0906941	0.0978141	0.0998528	0.127662	0.0935611	0.0915574	0.136329	0.148981	0.14123	0.157513	0.156667	0.134591	0.13559	0.149344	0.0987368	0.0952678	0.125924	0.119621	0.121665	0.115463	0.11748	0.115454	0.113455	0.113455	0.0975036	0.108121	0.0871179	0.107872	0.114067	0.109477	0.105444	0.103349	0.09721	0.0992395	0.101285	0.0992349	0.126166	0.126084	0.126691	0.119663	0.121973	0.193446	0.0930863	0.0951089	0.115866	0.103256	0.103231	0.103196	0.101163	0.103166	0.0910482	0.0930608	0.0910456	0.0890301	0.0952726	0.0997647	0.121497	0.112417	0.115009	0.108881	0.106347	0.114157	0.152457	0.117721	0.124443	0.136967	0.112694	0.131303	0.130873	0.134297	0.143607	0.131111	0.137137	0.122671	0.137891	0.126168	0.116604	0.120677	0.108194	0.0912191	0.0912051	0.103598	0.111958	0.113642	0.130278	0.109538	0.103382	0.111423	0.117438	0.117592	0.0993414	0.0975331	0.105454	0.101536	0.10565	0.107669	0.177247	0.168145	0.162743	0.137291	0.126409	0.118263	0.128037	0.12526	0.125485	0.0975014	0.11684	0.103743	0.105742	0.142664	0.140835	0.116591	0.104185	0.189322	0.19226	0.129055	0.149098	0.127013	0.155858	0.126822	0.15409	0.122321	0.13414	0.143225	0.136334	0.155235	0.157553	0.171609	0.165004	0.161822	0.171989	0.157719	0.081054	0.0934489	0.103953	0.0911056	0.0870831	0.0870831	0.0931248	0.0910986	0.0996685	0.0953458	0.0933434	0.135855	0.137135	0.12399	0.141961	0.159938	0.162839	0.16452	0.148379	0.138136	0.134136	0.153011	0.154808	0.146533	0.11971	0.138083	0.134101	0.131941	0.123814	0.135977	0.144221	0.144199	0.148512	0.156756	0.138026	0.151516	0.165181	0.167258	0.154428	0.184166	0.173693	0.174221	0.166854	0.160672	0.175479	0.150028	0.160378	0.162404	0.166747	0.15197	0.166248	0.16438	0.172499	0.160057	0.186883	0.166013	0.173542	0.170254	0.182477	0.186788	0.186908	0.179292	0.1854	0.191743	0.177275	0.183304	0.187868	0.185449	0.185406	0.17327	0.171178	0.179438	0.179351	0.180464	0.172407	0.174494	0.164194	0.170381	0.184418	0.178292	0.170066	0.192564	0.186203	0.18424	0.186261	0.184167	0.188164	0.19429	0.194255	0.190236	0.194407	0.194373	0.186165	0.198019	0.190184	0.188125	0.188113	0.19429	0.180092	0.192701	0.182244	0.180153	0.174096	0.174095	0.198712	0.161936	0.180282	0.178282	0.172142	0.175385	0.177383	0.17453	0.172522	0.157965	0.168158	0.189139	0.195627	0.164123	0.176447	0.199229	0.184452	0.188492	0.184341	0.168081	0.17016	0.195482	0.172205	0.170228	0.182672	0.170119	0.170095	0.172178	0.172075	0.178123	0.16815	0.170156	0.178276	0.16395	0.168023	0.162107	0.162033	0.166173	0.206241	0.168048	0.180702	0.166089	0.177038	0.182689	0.180502	0.17227	0.172322	0.155931	0.172541	0.185583	0.160022	0.160249	0.162108	0.168167	0.15592	0.166186	0.162071	0.166124	0.162025	0.153926	0.151845	0.151846	0.151846	0.166384	0.162366	0.164453	0.162143	0.162162	0.170443	0.164152	0.170359	0.156262	0.15612	0.160459	0.176441	0.164409	0.156218	0.174229	0.155092	0.148488	0.160492	0.166853	0.166737	0.170655	0.157417	0.144863	0.130495	0.104158	0	0.0606008
Rhynochetos_jubatus	0.0971089	0.104229	0.106268	0.134077	0.099976	0.0979723	0.142744	0.155396	0.147645	0.163928	0.163082	0.141006	0.142005	0.155759	0.105152	0.101683	0.132339	0.126035	0.12808	0.121878	0.123895	0.121869	0.11987	0.11987	0.103918	0.114536	0.0935327	0.114287	0.120482	0.115892	0.111859	0.109764	0.103625	0.105654	0.1077	0.10565	0.132581	0.132499	0.133106	0.126077	0.128388	0.199861	0.0995012	0.101524	0.12228	0.109671	0.109646	0.109611	0.107578	0.109581	0.0974631	0.0994757	0.0974604	0.0954449	0.101687	0.10618	0.127912	0.118832	0.121424	0.115296	0.112762	0.120572	0.158872	0.124135	0.130858	0.143382	0.119109	0.137718	0.137287	0.140712	0.150022	0.137526	0.143552	0.129086	0.144306	0.132582	0.123019	0.127092	0.114609	0.097634	0.09762	0.110012	0.118373	0.120057	0.136693	0.115952	0.109797	0.117838	0.123853	0.124007	0.105756	0.103948	0.111869	0.107951	0.112065	0.114084	0.183662	0.174559	0.169158	0.143706	0.132823	0.124678	0.134452	0.131675	0.1319	0.103916	0.123255	0.110158	0.112157	0.149079	0.14725	0.123006	0.1106	0.195737	0.198675	0.13547	0.155513	0.133428	0.162273	0.133236	0.160505	0.128736	0.140555	0.14964	0.142749	0.16165	0.163968	0.178024	0.171419	0.168237	0.178404	0.164133	0.0874689	0.0998638	0.110368	0.0975205	0.093498	0.093498	0.0995397	0.0975134	0.106083	0.101761	0.0997583	0.14227	0.14355	0.130405	0.148376	0.166352	0.169253	0.170935	0.154794	0.144551	0.140551	0.159426	0.161223	0.152948	0.126125	0.144498	0.140515	0.138356	0.130229	0.142392	0.150636	0.150614	0.154927	0.163171	0.144441	0.157931	0.171596	0.173673	0.160843	0.190581	0.180108	0.180636	0.173269	0.167087	0.181894	0.156443	0.166793	0.168819	0.173162	0.158384	0.172663	0.170795	0.178914	0.166472	0.193298	0.172428	0.179957	0.176669	0.188892	0.193203	0.193322	0.185707	0.191815	0.198158	0.183689	0.189718	0.194283	0.191864	0.191821	0.179685	0.177593	0.185853	0.185766	0.186879	0.178821	0.180909	0.170609	0.176796	0.190833	0.184707	0.176481	0.198979	0.192618	0.190655	0.192676	0.190582	0.194579	0.200705	0.20067	0.196651	0.200822	0.200788	0.19258	0.204434	0.196598	0.19454	0.194528	0.200705	0.186506	0.199115	0.188658	0.186568	0.180511	0.18051	0.205126	0.168351	0.186697	0.184696	0.178557	0.1818	0.183798	0.180945	0.178937	0.16438	0.174573	0.195553	0.202042	0.170538	0.182862	0.205644	0.190866	0.194907	0.190756	0.174495	0.176575	0.201897	0.17862	0.176642	0.189086	0.176534	0.17651	0.178593	0.17849	0.184538	0.174565	0.176571	0.184691	0.170365	0.174437	0.168521	0.168447	0.172588	0.212656	0.174463	0.187117	0.172504	0.183453	0.189103	0.186917	0.178685	0.178737	0.162345	0.178955	0.191998	0.166436	0.166664	0.168523	0.174582	0.162335	0.172601	0.168485	0.172539	0.16844	0.160341	0.15826	0.158261	0.158261	0.172799	0.168781	0.170868	0.168558	0.168576	0.176858	0.170567	0.176773	0.162677	0.162535	0.166874	0.182856	0.170824	0.162633	0.180644	0.161507	0.154903	0.166907	0.173267	0.173152	0.17707	0.163832	0.151277	0.13691	0.110573	0.0606008	0
