phlag_0005-c_min16max81	1703	95	1	201	0.101	0.9900990099009901
phlag_0005-c_min16max81	1667	0	333	0	0.1665	0.6006006006006006
phlag_0005-c_min16max81	1695	2	1	302	0.1515	0.9900990099009901
phlag_0005-c_min16max81	1485	182	8	325	0.1665	0.6006006006006006
phlag_0005-c_min16max81	1766	32	0	202	0.101	0.9900990099009901
phlag_0005-c_min16max81	1726	108	12	154	0.083	0.6024096385542168
phlag_0005-c_min16max81	849	651	169	331	0.25	0.6
phlag_0005-c_min16max81	1394	0	0	606	0.303	0.9900990099009901
phlag_0005-c_min16max81	1451	44	0	505	0.2525	0.9900990099009901
phlag_0005-c_min16max81	1563	33	0	404	0.202	0.9900990099009901
phlag_0005-c_min16max81	1722	112	0	166	0.083	0.6024096385542168
phlag_0005-c_min16max81	96	1155	702	47	0.3745	0.801068090787717
phlag_0005-c_min16max81	1740	94	0	166	0.083	0.6024096385542168
phlag_0005-c_min16max81	1167	0	833	0	0.4165	0.6002400960384153
phlag_0005-c_min16max81	1124	543	21	312	0.1665	0.6006006006006006
phlag_0005-c_min16max81	1697	0	0	303	0.1515	0.9900990099009901
phlag_0005-c_min16max81	695	305	238	762	0.5	0.6
phlag_0005-c_min16max81	1342	33	0	625	0.3125	0.8016
phlag_0005-c_min16max81	1236	15	114	635	0.3745	0.801068090787717
phlag_0005-c_min16max81	1500	0	500	0	0.25	0.6
phlag_0005-c_min16max81	448	1178	354	20	0.187	0.8021390374331551
phlag_0005-c_min16max81	1164	735	0	101	0.0505	0.9900990099009901
phlag_0005-c_min16max81	1495	0	1	504	0.2525	0.9900990099009901
phlag_0005-c_min16max81	0	1495	504	1	0.2525	0.9900990099009901
phlag_0005-c_min16max81	1573	261	2	164	0.083	0.6024096385542168
phlag_0005-c_min16max81	1725	73	0	202	0.101	0.9900990099009901
phlag_0005-c_min16max81	1587	39	0	374	0.187	0.8021390374331551
phlag_0005-c_min16max81	1289	586	125	0	0.0625	0.808
phlag_0005-c_min16max81	1333	1	22	644	0.333	0.6006006006006006
phlag_0005-c_min16max81	1245	89	109	557	0.333	0.6006006006006006
phlag_0005-c_min16max81	1577	298	0	125	0.0625	0.808
phlag_0005-c_min16max81	985	15	52	948	0.5	0.6
phlag_0005-c_min16max81	1226	441	54	279	0.1665	0.6006006006006006
phlag_0005-c_min16max81	1697	0	0	303	0.1515	0.9900990099009901
phlag_0005-c_min16max81	1873	2	2	123	0.0625	0.808
phlag_0005-c_min16max81	1750	0	1	249	0.125	0.804
phlag_0005-c_min16max81	1694	3	0	303	0.1515	0.9900990099009901
phlag_0005-c_min16max81	1152	646	11	191	0.101	0.9900990099009901
phlag_0005-c_min16max81	1626	0	0	374	0.187	0.8021390374331551
phlag_0005-c_min16max81	1375	19	0	606	0.303	0.9900990099009901
phlag_0005-c_min16max81	1797	1	0	202	0.101	0.9900990099009901
phlag_0005-c_min16max81	724	443	114	719	0.4165	0.6002400960384153
phlag_0005-c_min16max81	959	41	113	887	0.5	0.6
phlag_0005-c_min16max81	1897	2	101	0	0.0505	0.9900990099009901
phlag_0005-c_min16max81	1375	0	1	624	0.3125	0.8016
phlag_0005-c_min16max81	1750	0	1	249	0.125	0.804
phlag_0005-c_min16max81	116	1379	498	7	0.2525	0.9900990099009901
phlag_0005-c_min16max81	1381	13	0	606	0.303	0.9900990099009901
phlag_0005-c_min16max81	995	5	93	907	0.5	0.6
phlag_0005-c_min16max81	1385	9	0	606	0.303	0.9900990099009901
phlag_0005-c_min16max81	1066	768	52	114	0.083	0.6024096385542168
phlag_0005-c_min16max81	1638	196	17	149	0.083	0.6024096385542168
phlag_0005-c_min16max81	1295	39	30	636	0.333	0.6006006006006006
phlag_0005-c_min16max81	1667	0	5	328	0.1665	0.6006006006006006
phlag_0005-c_min16max81	1187	563	69	181	0.125	0.804
phlag_0005-c_min16max81	1666	1	7	326	0.1665	0.6006006006006006
phlag_0005-c_min16max81	1636	239	0	125	0.0625	0.808
phlag_0005-c_min16max81	977	720	58	245	0.1515	0.9900990099009901
phlag_0005-c_min16max81	1792	107	0	101	0.0505	0.9900990099009901
phlag_0005-c_min16max81	1744	6	2	248	0.125	0.804
phlag_0005-c_min16max81	189	1311	431	69	0.25	0.6
phlag_0005-c_min16max81	1375	0	625	0	0.3125	0.8016
phlag_0005-c_min16max81	1733	142	0	125	0.0625	0.808
phlag_0005-c_min16max81	1798	0	0	202	0.101	0.9900990099009901
phlag_0005-c_min16max81	178	1156	543	123	0.333	0.6006006006006006
phlag_0005-c_min16max81	1667	0	27	306	0.1665	0.6006006006006006
phlag_0005-c_min16max81	1131	36	597	236	0.4165	0.6002400960384153
phlag_0005-c_min16max81	1127	207	73	593	0.333	0.6006006006006006
phlag_0005-c_min16max81	947	53	213	787	0.5	0.6
phlag_0005-c_min16max81	1809	25	0	166	0.083	0.6024096385542168
phlag_0005-c_min16max81	1895	4	0	101	0.0505	0.9900990099009901
phlag_0005-c_min16max81	999	1	359	641	0.5	0.6
phlag_0005-c_min16max81	1491	4	0	505	0.2525	0.9900990099009901
phlag_0005-c_min16max81	1500	0	500	0	0.25	0.6
phlag_0005-c_min16max81	1596	0	0	404	0.202	0.9900990099009901
phlag_0005-c_min16max81	1810	24	0	166	0.083	0.6024096385542168
phlag_0005-c_min16max81	1676	21	3	300	0.1515	0.9900990099009901
phlag_0005-c_min16max81	1424	76	0	500	0.25	0.6
phlag_0005-c_min16max81	767	233	264	736	0.5	0.6
phlag_0005-c_min16max81	1748	2	0	250	0.125	0.804
phlag_0005-c_min16max81	1479	21	1	499	0.25	0.6
phlag_0005-c_min16max81	1592	75	21	312	0.1665	0.6006006006006006
phlag_0005-c_min16max81	454	1046	349	151	0.25	0.6
phlag_0005-c_min16max81	1258	76	57	609	0.333	0.6006006006006006
phlag_0005-c_min16max81	1500	0	11	489	0.25	0.802
phlag_0005-c_min16max81	1349	318	36	297	0.1665	0.6006006006006006
phlag_0005-c_min16max81	989	11	17	983	0.5	0.6
phlag_0005-c_min16max81	696	471	473	360	0.4165	0.6002400960384153
phlag_0005-c_min16max81	1233	262	1	504	0.2525	0.9900990099009901
phlag_0005-c_min16max81	1888	11	0	101	0.0505	0.9900990099009901
phlag_0005-c_min16max81	1892	7	10	91	0.0505	0.9900990099009901
phlag_0005-c_min16max81	1124	210	82	584	0.333	0.6006006006006006
phlag_0005-c_min16max81	1105	395	37	463	0.25	0.802
phlag_0005-c_min16max81	1058	740	38	164	0.101	0.9900990099009901
phlag_0005-c_min16max81	1183	151	21	645	0.333	0.6006006006006006
phlag_0005-c_min16max81	42	1453	503	2	0.2525	0.9900990099009901
phlag_0005-c_min16max81	1221	30	35	714	0.3745	0.801068090787717
phlag_0005-c_min16max81	1591	5	0	404	0.202	0.9900990099009901
phlag_0005-c_min16max81	1697	0	0	303	0.1515	0.9900990099009901
phlag_0005-c_min16max81	1251	0	36	713	0.3745	0.801068090787717
phlag_0005-c_min16max81	935	762	14	289	0.1515	0.9900990099009901
phlag_0005-c_min16max81	1233	18	22	727	0.3745	0.801068090787717
phlag_0005-c_min16max81	1250	1	0	749	0.3745	0.801068090787717
phlag_0005-c_min16max81	1830	4	14	152	0.083	0.6024096385542168
phlag_0005-c_min16max81	1646	51	0	303	0.1515	0.9900990099009901
phlag_0005-c_min16max81	1798	0	202	0	0.101	0.9900990099009901
phlag_0005-c_min16max81	1503	93	0	404	0.202	0.9900990099009901
phlag_0005-c_min16max81	1326	8	98	568	0.333	0.6006006006006006
phlag_0005-c_min16max81	1625	1	11	363	0.187	0.8021390374331551
phlag_0005-c_min16max81	1484	11	0	505	0.2525	0.9900990099009901
phlag_0005-c_min16max81	878	289	100	733	0.4165	0.6002400960384153
phlag_0005-c_min16max81	1495	0	173	332	0.2525	0.9900990099009901
phlag_0005-c_min16max81	1491	9	492	8	0.25	0.802
phlag_0005-c_min16max81	1586	40	0	374	0.187	0.8021390374331551
phlag_0005-c_min16max81	988	12	0	1000	0.5	0.6
phlag_0005-c_min16max81	1592	4	399	5	0.202	0.9900990099009901
phlag_0005-c_min16max81	1596	0	0	404	0.202	0.9900990099009901
phlag_0005-c_min16max81	1798	0	0	202	0.101	0.9900990099009901
phlag_0005-c_min16max81	1568	28	0	404	0.202	0.9900990099009901
phlag_0005-c_min16max81	1376	18	586	20	0.303	0.9900990099009901
phlag_0005-c_min16max81	1856	19	0	125	0.0625	0.808
phlag_0005-c_min16max81	1620	77	0	303	0.1515	0.9900990099009901
phlag_0005-c_min16max81	1849	26	0	125	0.0625	0.808
phlag_0005-c_min16max81	940	435	25	600	0.3125	0.8016
phlag_0005-c_min16max81	1792	6	0	202	0.101	0.9900990099009901
phlag_0005-c_min16max81	1167	0	50	783	0.4165	0.6002400960384153
phlag_0005-c_min16max81	1500	0	201	299	0.25	0.6
phlag_0005-c_min16max81	1596	0	376	28	0.202	0.9900990099009901
phlag_0005-c_min16max81	1287	511	0	202	0.101	0.9900990099009901
phlag_0005-c_min16max81	1798	0	24	178	0.101	0.9900990099009901
phlag_0005-c_min16max81	1699	51	0	250	0.125	0.804
phlag_0005-c_min16max81	1834	0	1	165	0.083	0.6024096385542168
phlag_0005-c_min16max81	1097	529	25	349	0.187	0.8021390374331551
phlag_0005-c_min16max81	887	613	153	347	0.25	0.6
phlag_0005-c_min16max81	1134	616	14	236	0.125	0.804
phlag_0005-c_min16max81	1474	193	0	333	0.1665	0.6006006006006006
phlag_0005-c_min16max81	1866	33	0	101	0.0505	0.9900990099009901
phlag_0005-c_min16max81	1494	1	0	505	0.2525	0.9900990099009901
phlag_0005-c_min16max81	1528	68	0	404	0.202	0.9900990099009901
phlag_0005-c_min16max81	1565	185	0	250	0.125	0.804
phlag_0005-c_min16max81	429	738	622	211	0.4165	0.6002400960384153
phlag_0005-c_min16max81	999	1	74	926	0.5	0.6
phlag_0005-c_min16max81	1343	32	14	611	0.3125	0.8016
phlag_0005-c_min16max81	1123	128	36	713	0.3745	0.801068090787717
phlag_0005-c_min16max81	1221	279	41	459	0.25	0.6
phlag_0005-c_min16max81	1798	0	0	202	0.101	0.9900990099009901
phlag_0005-c_min16max81	1777	21	0	202	0.101	0.9900990099009901
phlag_0005-c_min16max81	1394	0	0	606	0.303	0.9900990099009901
phlag_0005-c_min16max81	1389	5	0	606	0.303	0.9900990099009901
phlag_0005-c_min16max81	1464	36	18	482	0.25	0.6
phlag_0005-c_min16max81	1263	71	164	502	0.333	0.6006006006006006
phlag_0005-c_min16max81	1426	170	0	404	0.202	0.9900990099009901
phlag_0005-c_min16max81	1269	125	0	606	0.303	0.9900990099009901
phlag_0005-c_min16max81	1500	0	10	490	0.25	0.802
phlag_0005-c_min16max81	1542	256	0	202	0.101	0.9900990099009901
phlag_0005-c_min16max81	1899	0	0	101	0.0505	0.9900990099009901
phlag_0005-c_min16max81	94	1406	484	16	0.25	0.802
phlag_0005-c_min16max81	730	765	0	505	0.2525	0.9900990099009901
phlag_0005-c_min16max81	1487	8	0	505	0.2525	0.9900990099009901
phlag_0005-c_min16max81	1101	233	127	539	0.333	0.6006006006006006
phlag_0005-c_min16max81	1362	513	2	123	0.0625	0.808
phlag_0005-c_min16max81	1899	0	0	101	0.0505	0.9900990099009901
phlag_0005-c_min16max81	1798	0	0	202	0.101	0.9900990099009901
phlag_0005-c_min16max81	130	870	793	207	0.5	0.6
phlag_0005-c_min16max81	1345	30	610	15	0.3125	0.8016
phlag_0005-c_min16max81	1464	36	15	485	0.25	0.802
phlag_0005-c_min16max81	1457	38	0	505	0.2525	0.9900990099009901
phlag_0005-c_min16max81	1846	29	0	125	0.0625	0.808
phlag_0005-c_min16max81	995	5	1	999	0.5	0.6
phlag_0005-c_min16max81	1598	301	0	101	0.0505	0.9900990099009901
phlag_0005-c_min16max81	1739	136	0	125	0.0625	0.808
phlag_0005-c_min16max81	1623	3	1	373	0.187	0.8021390374331551
phlag_0005-c_min16max81	723	772	496	9	0.2525	0.9900990099009901
phlag_0005-c_min16max81	1375	0	6	619	0.3125	0.8016
phlag_0005-c_min16max81	1468	32	4	496	0.25	0.802
phlag_0005-c_min16max81	605	895	440	60	0.25	0.802
phlag_0005-c_min16max81	1546	80	15	359	0.187	0.8021390374331551
phlag_0005-c_min16max81	1666	1	0	333	0.1665	0.6006006006006006
phlag_0005-c_min16max81	1373	2	623	2	0.3125	0.8016
phlag_0005-c_min16max81	1899	0	0	101	0.0505	0.9900990099009901
phlag_0005-c_min16max81	1764	34	0	202	0.101	0.9900990099009901
phlag_0005-c_min16max81	1209	291	55	445	0.25	0.6
phlag_0005-c_min16max81	167	1167	649	17	0.333	0.6006006006006006
phlag_0005-c_min16max81	1500	0	0	500	0.25	0.802
phlag_0005-c_min16max81	1500	0	3	497	0.25	0.802
phlag_0005-c_min16max81	1332	2	9	657	0.333	0.6006006006006006
phlag_0005-c_min16max81	1630	168	0	202	0.101	0.9900990099009901
phlag_0005-c_min16max81	19	1375	605	1	0.303	0.9900990099009901
phlag_0005-c_min16max81	1365	10	2	623	0.3125	0.8016
phlag_0005-c_min16max81	1667	83	4	246	0.125	0.804
phlag_0005-c_min16max81	940	686	58	316	0.187	0.8021390374331551
phlag_0005-c_min16max81	17	1483	460	40	0.25	0.802
phlag_0005-c_min16max81	986	14	2	998	0.5	0.6
phlag_0005-c_min16max81	1596	0	404	0	0.202	0.9900990099009901
phlag_0005-c_min16max81	1167	0	821	12	0.4165	0.6002400960384153
phlag_0005-c_min16max81	1682	15	0	303	0.1515	0.9900990099009901
phlag_0005-c_min16max81	1223	28	58	691	0.3745	0.801068090787717
phlag_0005-c_min16max81	1667	0	333	0	0.1665	0.6006006006006006
phlag_0005-c_min16max81	1250	584	5	161	0.083	0.6024096385542168
phlag_0005-c_min16max81	1295	205	87	413	0.25	0.6
phlag_0005-c_min16max81	1266	68	18	648	0.333	0.6006006006006006
phlag_0005-c_min16max81	1352	23	3	622	0.3125	0.8016
phlag_0005-c_min16max81	1585	11	0	404	0.202	0.9900990099009901
phlag_0005-c_min16max81	1390	4	0	606	0.303	0.9900990099009901
phlag_0005-c_min16max81	1251	0	1	748	0.3745	0.801068090787717
phlag_0005-c_min16max81	569	431	322	678	0.5	0.6
phlag_0005-c_min16max81	1497	3	5	495	0.25	0.6
phlag_0005-c_min16max81	1040	758	10	192	0.101	0.9900990099009901
phlag_0005-c_min16max81	98	1153	671	78	0.3745	0.801068090787717
phlag_0005-c_min16max81	1899	0	101	0	0.0505	0.9900990099009901
phlag_0005-c_min16max81	1732	18	6	244	0.125	0.804
phlag_0005-c_min16max81	1076	91	50	783	0.4165	0.6002400960384153
phlag_0005-c_min16max81	1656	11	1	332	0.1665	0.6006006006006006
phlag_0005-c_min16max81	963	412	37	588	0.3125	0.8016
phlag_0005-c_min16max81	1498	2	17	483	0.25	0.802
phlag_0005-c_min16max81	974	526	59	441	0.25	0.802
phlag_0005-c_min16max81	1750	0	0	250	0.125	0.804
phlag_0005-c_min16max81	1392	2	0	606	0.303	0.9900990099009901
phlag_0005-c_min16max81	1166	1	14	819	0.4165	0.6002400960384153
phlag_0005-c_min16max81	1875	0	2	123	0.0625	0.808
phlag_0005-c_min16max81	871	380	22	727	0.3745	0.801068090787717
phlag_0005-c_min16max81	1834	0	6	160	0.083	0.6024096385542168
phlag_0005-c_min16max81	1711	123	0	166	0.083	0.6024096385542168
phlag_0005-c_min16max81	1802	73	0	125	0.0625	0.808
phlag_0005-c_min16max81	1120	47	8	825	0.4165	0.6002400960384153
phlag_0005-c_min16max81	1898	1	0	101	0.0505	0.9900990099009901
phlag_0005-c_min16max81	89	911	643	357	0.5	0.6
phlag_0005-c_min16max81	1128	206	29	637	0.333	0.6006006006006006
phlag_0005-c_min16max81	915	585	77	423	0.25	0.6
phlag_0005-c_min16max81	1651	16	21	312	0.1665	0.6006006006006006
phlag_0005-c_min16max81	1201	549	0	250	0.125	0.804
phlag_0005-c_min16max81	1875	0	0	125	0.0625	0.808
phlag_0005-c_min16max81	1313	62	0	625	0.3125	0.8016
phlag_0005-c_min16max81	1611	56	38	295	0.1665	0.6006006006006006
phlag_0005-c_min16max81	1156	440	1	403	0.202	0.9900990099009901
phlag_0005-c_min16max81	1403	97	80	420	0.25	0.6
phlag_0005-c_min16max81	1106	644	12	238	0.125	0.804
phlag_0005-c_min16max81	1394	0	0	606	0.303	0.9900990099009901
phlag_0005-c_min16max81	1881	18	0	101	0.0505	0.9900990099009901
phlag_0005-c_min16max81	1485	10	0	505	0.2525	0.9900990099009901
phlag_0005-c_min16max81	1408	491	0	101	0.0505	0.9900990099009901
phlag_0005-c_min16max81	1789	110	0	101	0.0505	0.9900990099009901
phlag_0005-c_min16max81	1357	518	5	120	0.0625	0.808
phlag_0005-c_min16max81	1781	17	0	202	0.101	0.9900990099009901
phlag_0005-c_min16max81	1334	0	143	523	0.333	0.6006006006006006
phlag_0005-c_min16max81	1116	51	47	786	0.4165	0.6002400960384153
phlag_0005-c_min16max81	1653	14	16	317	0.1665	0.6006006006006006
phlag_0005-c_min16max81	1383	492	0	125	0.0625	0.808
phlag_0005-c_min16max81	1626	0	0	374	0.187	0.8021390374331551
phlag_0005-c_min16max81	0	1500	0	500	0.25	0.6
phlag_0005-c_min16max81	1180	446	4	370	0.187	0.8021390374331551
phlag_0005-c_min16max81	1834	0	166	0	0.083	0.6024096385542168
phlag_0005-c_min16max81	1146	688	68	98	0.083	0.6024096385542168
phlag_0005-c_min16max81	1499	1	0	500	0.25	0.802
phlag_0005-c_min16max81	962	38	27	973	0.5	0.6
phlag_0005-c_min16max81	1500	0	452	48	0.25	0.802
phlag_0005-c_min16max81	1723	75	0	202	0.101	0.9900990099009901
phlag_0005-c_min16max81	1259	640	1	100	0.0505	0.9900990099009901
phlag_0005-c_min16max81	1501	196	0	303	0.1515	0.9900990099009901
phlag_0005-c_min16max81	1375	0	133	492	0.3125	0.8016
phlag_0005-c_min16max81	1358	142	12	488	0.25	0.6
phlag_0005-c_min16max81	1094	704	2	200	0.101	0.9900990099009901
phlag_0005-c_min16max81	1750	0	0	250	0.125	0.804
phlag_0005-c_min16max81	1000	0	48	952	0.5	0.6
phlag_0005-c_min16max81	1251	0	746	3	0.3745	0.801068090787717
phlag_0005-c_min16max81	1251	0	3	746	0.3745	0.801068090787717
phlag_0005-c_min16max81	1349	318	40	293	0.1665	0.6006006006006006
phlag_0005-c_min16max81	1833	1	165	1	0.083	0.6024096385542168
phlag_0005-c_min16max81	1129	38	276	557	0.4165	0.6002400960384153
phlag_0005-c_min16max81	34	1360	606	0	0.303	0.9900990099009901
phlag_0005-c_min16max81	1596	0	0	404	0.202	0.9900990099009901
phlag_0005-c_min16max81	1355	20	621	4	0.3125	0.8016
phlag_0005-c_min16max81	1500	0	499	1	0.25	0.6
phlag_0005-c_min16max81	1218	33	5	744	0.3745	0.801068090787717
phlag_0005-c_min16max81	1794	4	0	202	0.101	0.9900990099009901
phlag_0005-c_min16max81	1327	269	0	404	0.202	0.9900990099009901
phlag_0005-c_min16max81	1820	55	3	122	0.0625	0.808
phlag_0005-c_min16max81	1475	20	0	505	0.2525	0.9900990099009901
phlag_0005-c_min16max81	1558	276	4	162	0.083	0.6024096385542168
phlag_0005-c_min16max81	1526	100	6	368	0.187	0.8021390374331551
phlag_0005-c_min16max81	1725	25	0	250	0.125	0.804
phlag_0005-c_min16max81	1068	432	15	485	0.25	0.802
phlag_0005-c_min16max81	1608	18	0	374	0.187	0.8021390374331551
phlag_0005-c_min16max81	1139	28	252	581	0.4165	0.6002400960384153
phlag_0005-c_min16max81	1462	38	414	86	0.25	0.6
phlag_0005-c_min16max81	1251	0	6	743	0.3745	0.801068090787717
phlag_0005-c_min16max81	1309	25	59	607	0.333	0.6006006006006006
phlag_0005-c_min16max81	1872	3	0	125	0.0625	0.808
phlag_0005-c_min16max81	1209	291	97	403	0.25	0.6
phlag_0005-c_min16max81	1586	40	0	374	0.187	0.8021390374331551
phlag_0005-c_min16max81	1626	0	0	374	0.187	0.8021390374331551
phlag_0005-c_min16max81	1391	3	0	606	0.303	0.9900990099009901
phlag_0005-c_min16max81	1153	98	43	706	0.3745	0.801068090787717
phlag_0005-c_min16max81	1477	18	0	505	0.2525	0.9900990099009901
phlag_0005-c_min16max81	923	77	198	802	0.5	0.6
phlag_0005-c_min16max81	1798	0	202	0	0.101	0.9900990099009901
phlag_0005-c_min16max81	768	232	116	884	0.5	0.6
phlag_0005-c_min16max81	1495	0	2	503	0.2525	0.9900990099009901
phlag_0005-c_min16max81	1240	558	5	197	0.101	0.9900990099009901
phlag_0005-c_min16max81	8	1367	546	79	0.3125	0.8016
phlag_0005-c_min16max81	1024	370	0	606	0.303	0.9900990099009901
phlag_0005-c_min16max81	1284	591	26	99	0.0625	0.808
phlag_0005-c_min16max81	1667	0	333	0	0.1665	0.6006006006006006
phlag_0005-c_min16max81	875	625	85	415	0.25	0.802
phlag_0005-c_min16max81	1633	165	0	202	0.101	0.9900990099009901
phlag_0005-c_min16max81	1147	20	0	833	0.4165	0.6002400960384153
phlag_0005-c_min16max81	1251	0	3	746	0.3745	0.801068090787717
phlag_0005-c_min16max81	1334	0	666	0	0.333	0.6006006006006006
phlag_0005-c_min16max81	1245	6	6	743	0.3745	0.801068090787717
phlag_0005-c_min16max81	1362	13	27	598	0.3125	0.8016
phlag_0005-c_min16max81	870	130	224	776	0.5	0.6
phlag_0005-c_min16max81	1493	7	8	492	0.25	0.802
phlag_0005-c_min16max81	1690	60	0	250	0.125	0.804
phlag_0005-c_min16max81	1869	6	3	122	0.0625	0.808
phlag_0005-c_min16max81	1394	0	0	606	0.303	0.9900990099009901
phlag_0005-c_min16max81	1596	0	0	404	0.202	0.9900990099009901
phlag_0005-c_min16max81	1624	2	0	374	0.187	0.8021390374331551
phlag_0005-c_min16max81	1496	4	0	500	0.25	0.802
phlag_0005-c_min16max81	1626	0	0	374	0.187	0.8021390374331551
phlag_0005-c_min16max81	1283	51	24	642	0.333	0.6006006006006006
phlag_0005-c_min16max81	1798	0	0	202	0.101	0.9900990099009901
phlag_0005-c_min16max81	1488	7	0	505	0.2525	0.9900990099009901
phlag_0005-c_min16max81	1331	503	52	114	0.083	0.6024096385542168
phlag_0005-c_min16max81	1834	0	162	4	0.083	0.6024096385542168
phlag_0005-c_min16max81	916	251	145	688	0.4165	0.6002400960384153
phlag_0005-c_min16max81	1119	48	27	806	0.4165	0.6002400960384153
phlag_0005-c_min16max81	1667	0	333	0	0.1665	0.6006006006006006
phlag_0005-c_min16max81	1640	27	3	330	0.1665	0.6006006006006006
phlag_0005-c_min16max81	1564	133	0	303	0.1515	0.9900990099009901
phlag_0005-c_min16max81	1430	65	0	505	0.2525	0.9900990099009901
phlag_0005-c_min16max81	1789	9	0	202	0.101	0.9900990099009901
phlag_0005-c_min16max81	1494	1	0	505	0.2525	0.9900990099009901
phlag_0005-c_min16max81	1327	7	130	536	0.333	0.6006006006006006
phlag_0005-c_min16max81	1839	60	0	101	0.0505	0.9900990099009901
phlag_0005-c_min16max81	1443	57	4	496	0.25	0.802
phlag_0005-c_min16max81	1154	221	7	618	0.3125	0.8016
phlag_0005-c_min16max81	790	604	1	605	0.303	0.9900990099009901
phlag_0005-c_min16max81	1500	0	497	3	0.25	0.802
phlag_0005-c_min16max81	205	1129	406	260	0.333	0.6006006006006006
phlag_0005-c_min16max81	1194	503	1	302	0.1515	0.9900990099009901
phlag_0005-c_min16max81	1434	66	44	456	0.25	0.802
phlag_0005-c_min16max81	950	717	178	155	0.1665	0.6006006006006006
phlag_0005-c_min16max81	975	25	75	925	0.5	0.6
phlag_0005-c_min16max81	1000	0	997	3	0.5	0.6
phlag_0005-c_min16max81	1652	45	0	303	0.1515	0.9900990099009901
phlag_0005-c_min16max81	949	51	22	978	0.5	0.6
phlag_0005-c_min16max81	1251	0	14	735	0.3745	0.801068090787717
phlag_0005-c_min16max81	1875	0	0	125	0.0625	0.808
phlag_0005-c_min16max81	1593	33	2	372	0.187	0.8021390374331551
phlag_0005-c_min16max81	1167	0	41	792	0.4165	0.6002400960384153
phlag_0005-c_min16max81	1205	170	13	612	0.3125	0.8016
phlag_0005-c_min16max81	1743	7	1	249	0.125	0.804
phlag_0005-c_min16max81	1740	10	0	250	0.125	0.804
phlag_0005-c_min16max81	1394	0	0	606	0.303	0.9900990099009901
phlag_0005-c_min16max81	1333	1	78	588	0.333	0.6006006006006006
phlag_0005-c_min16max81	1337	163	47	453	0.25	0.6
phlag_0005-c_min16max81	1132	35	114	719	0.4165	0.6002400960384153
phlag_0005-c_min16max81	1394	0	1	605	0.303	0.9900990099009901
phlag_0005-c_min16max81	1622	4	0	374	0.187	0.8021390374331551
phlag_0005-c_min16max81	1767	108	2	123	0.0625	0.808
phlag_0005-c_min16max81	1011	739	140	110	0.125	0.804
phlag_0005-c_min16max81	1132	35	42	791	0.4165	0.6002400960384153
phlag_0005-c_min16max81	1500	0	9	491	0.25	0.802
phlag_0005-c_min16max81	415	585	167	833	0.5	0.6
phlag_0005-c_min16max81	1596	0	6	398	0.202	0.9900990099009901
phlag_0005-c_min16max81	1367	8	10	615	0.3125	0.8016
phlag_0005-c_min16max81	1500	0	0	500	0.25	0.802
phlag_0005-c_min16max81	1167	0	14	819	0.4165	0.6002400960384153
phlag_0005-c_min16max81	1595	1	0	404	0.202	0.9900990099009901
phlag_0005-c_min16max81	1132	368	8	492	0.25	0.802
phlag_0005-c_min16max81	1251	0	749	0	0.3745	0.801068090787717
phlag_0005-c_min16max81	75	1551	367	7	0.187	0.8021390374331551
phlag_0005-c_min16max81	1497	3	7	493	0.25	0.802
phlag_0005-c_min16max81	1697	0	0	303	0.1515	0.9900990099009901
phlag_0005-c_min16max81	1746	4	1	249	0.125	0.804
phlag_0005-c_min16max81	1581	45	15	359	0.187	0.8021390374331551
phlag_0005-c_min16max81	1000	0	170	830	0.5	0.6
phlag_0005-c_min16max81	1405	345	36	214	0.125	0.804
phlag_0005-c_min16max81	1602	24	4	370	0.187	0.8021390374331551
phlag_0005-c_min16max81	1251	0	4	745	0.3745	0.801068090787717
phlag_0005-c_min16max81	703	548	148	601	0.3745	0.801068090787717
phlag_0005-c_min16max81	1880	19	0	101	0.0505	0.9900990099009901
phlag_0005-c_min16max81	458	1168	305	69	0.187	0.8021390374331551
phlag_0005-c_min16max81	1834	0	166	0	0.083	0.6024096385542168
phlag_0005-c_min16max81	1500	0	0	500	0.25	0.802
phlag_0005-c_min16max81	897	437	77	589	0.333	0.6006006006006006
phlag_0005-c_min16max81	1587	312	0	101	0.0505	0.9900990099009901
phlag_0005-c_min16max81	1375	0	623	2	0.3125	0.8016
phlag_0005-c_min16max81	1797	1	0	202	0.101	0.9900990099009901
phlag_0005-c_min16max81	1000	0	34	966	0.5	0.6
phlag_0005-c_min16max81	1619	7	0	374	0.187	0.8021390374331551
phlag_0005-c_min16max81	1392	507	0	101	0.0505	0.9900990099009901
phlag_0005-c_min16max81	1235	16	6	743	0.3745	0.801068090787717
phlag_0005-c_min16max81	1750	0	250	0	0.125	0.804
phlag_0005-c_min16max81	1438	57	0	505	0.2525	0.9900990099009901
phlag_0005-c_min16max81	1164	3	797	36	0.4165	0.6002400960384153
phlag_0005-c_min16max81	1251	0	0	749	0.3745	0.801068090787717
phlag_0005-c_min16max81	983	17	48	952	0.5	0.6
phlag_0005-c_min16max81	1399	227	41	333	0.187	0.8021390374331551
phlag_0005-c_min16max81	1568	28	0	404	0.202	0.9900990099009901
phlag_0005-c_min16max81	1375	0	20	605	0.3125	0.8016
phlag_0005-c_min16max81	4	1247	608	141	0.3745	0.801068090787717
phlag_0005-c_min16max81	1804	95	0	101	0.0505	0.9900990099009901
phlag_0005-c_min16max81	486	848	511	155	0.333	0.6006006006006006
phlag_0005-c_min16max81	1334	0	41	625	0.333	0.6006006006006006
phlag_0005-c_min16max81	1874	1	125	0	0.0625	0.808
phlag_0005-c_min16max81	1397	103	7	493	0.25	0.6
phlag_0005-c_min16max81	1834	0	166	0	0.083	0.6024096385542168
phlag_0005-c_min16max81	1315	19	36	630	0.333	0.6006006006006006
phlag_0005-c_min16max81	1832	2	0	166	0.083	0.6024096385542168
phlag_0005-c_min16max81	1061	689	47	203	0.125	0.804
phlag_0005-c_min16max81	1720	30	1	249	0.125	0.804
phlag_0005-c_min16max81	1562	236	0	202	0.101	0.9900990099009901
phlag_0005-c_min16max81	1740	58	0	202	0.101	0.9900990099009901
phlag_0005-c_min16max81	1490	5	0	505	0.2525	0.9900990099009901
phlag_0005-c_min16max81	1444	56	15	485	0.25	0.802
phlag_0005-c_min16max81	1696	1	1	302	0.1515	0.9900990099009901
phlag_0005-c_min16max81	1565	102	13	320	0.1665	0.6006006006006006
phlag_0005-c_min16max81	1372	3	4	621	0.3125	0.8016
phlag_0005-c_min16max81	289	1307	404	0	0.202	0.9900990099009901
phlag_0005-c_min16max81	1474	21	1	504	0.2525	0.9900990099009901
phlag_0005-c_min16max81	1899	0	0	101	0.0505	0.9900990099009901
phlag_0005-c_min16max81	1166	1	0	833	0.4165	0.6002400960384153
phlag_0005-c_min16max81	1359	308	31	302	0.1665	0.6006006006006006
phlag_0005-c_min16max81	1277	223	490	10	0.25	0.802
phlag_0005-c_min16max81	1781	53	17	149	0.083	0.6024096385542168
phlag_0005-c_min16max81	44	1552	402	2	0.202	0.9900990099009901
phlag_0005-c_min16max81	1798	0	0	202	0.101	0.9900990099009901
phlag_0005-c_min16max81	1375	0	2	623	0.3125	0.8016
phlag_0005-c_min16max81	812	355	427	406	0.4165	0.6002400960384153
phlag_0005-c_min16max81	1254	80	36	630	0.333	0.6006006006006006
phlag_0005-c_min16max81	1570	26	2	402	0.202	0.9900990099009901
phlag_0005-c_min16max81	1118	49	106	727	0.4165	0.6002400960384153
phlag_0005-c_min16max81	1487	8	4	501	0.2525	0.9900990099009901
phlag_0005-c_min16max81	1394	0	0	606	0.303	0.9900990099009901
phlag_0005-c_min16max81	1476	19	0	505	0.2525	0.9900990099009901
phlag_0005-c_min16max81	1750	0	0	250	0.125	0.804
phlag_0005-c_min16max81	1394	0	0	606	0.303	0.9900990099009901
phlag_0005-c_min16max81	1497	3	11	489	0.25	0.6
phlag_0005-c_min16max81	1495	0	0	505	0.2525	0.9900990099009901
phlag_0005-c_min16max81	1596	0	402	2	0.202	0.9900990099009901
phlag_0005-c_min16max81	1240	154	0	606	0.303	0.9900990099009901
phlag_0005-c_min16max81	1324	51	15	610	0.3125	0.8016
phlag_0005-c_min16max81	1857	18	0	125	0.0625	0.808
phlag_0005-c_min16max81	495	1000	501	4	0.2525	0.9900990099009901
phlag_0005-c_min16max81	1708	42	1	249	0.125	0.804
phlag_0005-c_min16max81	1834	0	166	0	0.083	0.6024096385542168
phlag_0005-c_min16max81	1167	0	0	833	0.4165	0.6002400960384153
phlag_0005-c_min16max81	1596	0	400	4	0.202	0.9900990099009901
phlag_0005-c_min16max81	1153	14	21	812	0.4165	0.6002400960384153
phlag_0005-c_min16max81	336	664	719	281	0.5	0.6
phlag_0005-c_min16max81	1375	0	9	616	0.3125	0.8016
phlag_0005-c_min16max81	1384	116	17	483	0.25	0.802
phlag_0005-c_min16max81	923	77	375	625	0.5	0.6
phlag_0005-c_min16max81	1584	12	0	404	0.202	0.9900990099009901
phlag_0005-c_min16max81	1613	13	3	371	0.187	0.8021390374331551
phlag_0005-c_min16max81	1834	0	3	163	0.083	0.6024096385542168
phlag_0005-c_min16max81	1167	0	833	0	0.4165	0.6002400960384153
phlag_0005-c_min16max81	1347	148	4	501	0.2525	0.9900990099009901
phlag_0005-c_min16max81	1000	0	999	1	0.5	0.6
phlag_0005-c_min16max81	1500	0	500	0	0.25	0.6
phlag_0005-c_min16max81	1567	100	25	308	0.1665	0.6006006006006006
phlag_0005-c_min16max81	1495	5	8	492	0.25	0.6
phlag_0005-c_min16max81	1335	40	135	490	0.3125	0.8016
phlag_0005-c_min16max81	990	10	25	975	0.5	0.6
phlag_0005-c_min16max81	1009	658	93	240	0.1665	0.6006006006006006
phlag_0005-c_min16max81	1393	102	454	51	0.2525	0.9900990099009901
phlag_0005-c_min16max81	1530	96	5	369	0.187	0.8021390374331551
phlag_0005-c_min16max81	1691	143	11	155	0.083	0.6024096385542168
phlag_0005-c_min16max81	1868	7	0	125	0.0625	0.808
phlag_0005-c_min16max81	1666	1	10	323	0.1665	0.6006006006006006
phlag_0005-c_min16max81	1172	203	29	596	0.3125	0.8016
phlag_0005-c_min16max81	1528	347	4	121	0.0625	0.808
phlag_0005-c_min16max81	1500	0	97	403	0.25	0.6
phlag_0005-c_min16max81	1372	3	12	613	0.3125	0.8016
phlag_0005-c_min16max81	1084	542	33	341	0.187	0.8021390374331551
phlag_0005-c_min16max81	1291	584	11	114	0.0625	0.808
phlag_0005-c_min16max81	1492	3	0	505	0.2525	0.9900990099009901
phlag_0005-c_min16max81	1375	0	0	625	0.3125	0.8016
phlag_0005-c_min16max81	1495	0	505	0	0.2525	0.9900990099009901
phlag_0005-c_min16max81	1659	240	0	101	0.0505	0.9900990099009901
phlag_0005-c_min16max81	1510	86	0	404	0.202	0.9900990099009901
phlag_0005-c_min16max81	1569	265	8	158	0.083	0.6024096385542168
phlag_0005-c_min16max81	1331	3	10	656	0.333	0.6006006006006006
phlag_0005-c_min16max81	1722	112	0	166	0.083	0.6024096385542168
phlag_0005-c_min16max81	1298	202	31	469	0.25	0.802
phlag_0005-c_min16max81	1629	205	9	157	0.083	0.6024096385542168
phlag_0005-c_min16max81	1654	96	10	240	0.125	0.804
phlag_0005-c_min16max81	1105	146	5	744	0.3745	0.801068090787717
phlag_0005-c_min16max81	1477	190	3	330	0.1665	0.6006006006006006
phlag_0005-c_min16max81	1626	0	0	374	0.187	0.8021390374331551
phlag_0005-c_min16max81	1459	41	12	488	0.25	0.6
phlag_0005-c_min16max81	1500	0	1	499	0.25	0.6
phlag_0005-c_min16max81	1217	581	23	179	0.101	0.9900990099009901
phlag_0005-c_min16max81	1334	0	0	666	0.333	0.6006006006006006
phlag_0005-c_min16max81	1578	18	4	400	0.202	0.9900990099009901
phlag_0005-c_min16max81	1245	6	0	749	0.3745	0.801068090787717
phlag_0005-c_min16max81	1596	0	0	404	0.202	0.9900990099009901
phlag_0005-c_min16max81	1495	0	495	10	0.2525	0.9900990099009901
phlag_0005-c_min16max81	1750	0	1	249	0.125	0.804
phlag_0005-c_min16max81	1496	4	0	500	0.25	0.6
phlag_0005-c_min16max81	1334	0	666	0	0.333	0.6006006006006006
phlag_0005-c_min16max81	1226	269	0	505	0.2525	0.9900990099009901
phlag_0005-c_min16max81	1495	0	0	505	0.2525	0.9900990099009901
phlag_0005-c_min16max81	1899	0	101	0	0.0505	0.9900990099009901
phlag_0005-c_min16max81	1064	187	150	599	0.3745	0.801068090787717
phlag_0005-c_min16max81	861	473	120	546	0.333	0.6006006006006006
phlag_0005-c_min16max81	914	86	10	990	0.5	0.6
phlag_0005-c_min16max81	1414	253	19	314	0.1665	0.6006006006006006
phlag_0005-c_min16max81	1249	2	1	748	0.3745	0.801068090787717
phlag_0005-c_min16max81	987	13	135	865	0.5	0.6
phlag_0005-c_min16max81	1676	21	0	303	0.1515	0.9900990099009901
phlag_0005-c_min16max81	208	1167	582	43	0.3125	0.8016
phlag_0005-c_min16max81	1667	0	7	326	0.1665	0.6006006006006006
phlag_0005-c_min16max81	1375	0	0	625	0.3125	0.8016
phlag_0005-c_min16max81	1480	270	0	250	0.125	0.804
phlag_0005-c_min16max81	1673	202	0	125	0.0625	0.808
phlag_0005-c_min16max81	1365	10	5	620	0.3125	0.8016
phlag_0005-c_min16max81	1617	9	4	370	0.187	0.8021390374331551
phlag_0005-c_min16max81	1570	180	5	245	0.125	0.804
phlag_0005-c_min16max81	1875	0	17	108	0.0625	0.808
phlag_0005-c_min16max81	1500	0	500	0	0.25	0.6
phlag_0005-c_min16max81	1482	185	17	316	0.1665	0.6006006006006006
phlag_0005-c_min16max81	1622	45	11	322	0.1665	0.6006006006006006
phlag_0005-c_min16max81	1875	0	122	3	0.0625	0.808
phlag_0005-c_min16max81	1490	10	306	194	0.25	0.6
phlag_0005-c_min16max81	123	1377	448	52	0.25	0.6
phlag_0005-c_min16max81	1679	155	7	159	0.083	0.6024096385542168
phlag_0005-c_min16max81	781	553	277	389	0.333	0.6006006006006006
phlag_0005-c_min16max81	1899	0	98	3	0.0505	0.9900990099009901
phlag_0005-c_min16max81	1782	16	0	202	0.101	0.9900990099009901
phlag_0005-c_min16max81	1798	0	1	201	0.101	0.9900990099009901
phlag_0005-c_min16max81	1390	4	1	605	0.303	0.9900990099009901
phlag_0005-c_min16max81	1596	154	12	238	0.125	0.804
phlag_0005-c_min16max81	1494	1	0	505	0.2525	0.9900990099009901
phlag_0005-c_min16max81	302	698	866	134	0.5	0.6
phlag_0005-c_min16max81	1480	20	10	490	0.25	0.802
phlag_0005-c_min16max81	1444	253	146	157	0.1515	0.9900990099009901
phlag_0005-c_min16max81	917	679	53	351	0.202	0.9900990099009901
phlag_0005-c_min16max81	1167	0	133	700	0.4165	0.6002400960384153
phlag_0005-c_min16max81	57	1110	586	247	0.4165	0.6002400960384153
phlag_0005-c_min16max81	1241	456	0	303	0.1515	0.9900990099009901
phlag_0005-c_min16max81	1332	2	65	601	0.333	0.6006006006006006
phlag_0005-c_min16max81	1711	39	0	250	0.125	0.804
phlag_0005-c_min16max81	1159	8	407	426	0.4165	0.6002400960384153
phlag_0005-c_min16max81	1032	564	7	397	0.202	0.9900990099009901
phlag_0005-c_min16max81	1384	10	0	606	0.303	0.9900990099009901
phlag_0005-c_min16max81	1869	6	0	125	0.0625	0.808
phlag_0005-c_min16max81	1181	70	66	683	0.3745	0.801068090787717
phlag_0005-c_min16max81	1588	8	0	404	0.202	0.9900990099009901
phlag_0005-c_min16max81	1684	66	3	247	0.125	0.804
phlag_0005-c_min16max81	1797	1	0	202	0.101	0.9900990099009901
phlag_0005-c_min16max81	1899	0	0	101	0.0505	0.9900990099009901
phlag_0005-c_min16max81	932	402	358	308	0.333	0.6006006006006006
phlag_0005-c_min16max81	1334	0	1	665	0.333	0.6006006006006006
phlag_0005-c_min16max81	1121	546	154	179	0.1665	0.6006006006006006
phlag_0005-c_min16max81	1576	20	0	404	0.202	0.9900990099009901
phlag_0005-c_min16max81	1183	68	744	5	0.3745	0.801068090787717
phlag_0005-c_min16max81	1394	0	0	606	0.303	0.9900990099009901
phlag_0005-c_min16max81	1316	184	7	493	0.25	0.802
phlag_0005-c_min16max81	1624	2	0	374	0.187	0.8021390374331551
phlag_0005-c_min16max81	1000	0	9	991	0.5	0.6
phlag_0005-c_min16max81	1177	74	20	729	0.3745	0.801068090787717
phlag_0005-c_min16max81	1384	450	17	149	0.083	0.6024096385542168
phlag_0005-c_min16max81	1798	0	202	0	0.101	0.9900990099009901
phlag_0005-c_min16max81	1697	0	1	302	0.1515	0.9900990099009901
phlag_0005-c_min16max81	1167	0	230	603	0.4165	0.6002400960384153
phlag_0005-c_min16max81	1583	292	0	125	0.0625	0.808
phlag_0005-c_min16max81	983	392	25	600	0.3125	0.8016
phlag_0005-c_min16max81	1663	34	0	303	0.1515	0.9900990099009901
phlag_0005-c_min16max81	773	602	99	526	0.3125	0.8016
phlag_0005-c_min16max81	1494	1	0	505	0.2525	0.9900990099009901
phlag_0005-c_min16max81	1331	366	0	303	0.1515	0.9900990099009901
phlag_0005-c_min16max81	1697	0	2	301	0.1515	0.9900990099009901
phlag_0005-c_min16max81	1495	0	0	505	0.2525	0.9900990099009901
phlag_0005-c_min16max81	1792	83	0	125	0.0625	0.808
phlag_0005-c_min16max81	921	413	186	480	0.333	0.6006006006006006
phlag_0005-c_min16max81	1251	0	10	739	0.3745	0.801068090787717
phlag_0005-c_min16max81	1596	0	404	0	0.202	0.9900990099009901
phlag_0005-c_min16max81	1022	877	6	95	0.0505	0.9900990099009901
phlag_0005-c_min16max81	1834	0	166	0	0.083	0.6024096385542168
phlag_0005-c_min16max81	1704	46	4	246	0.125	0.804
phlag_0005-c_min16max81	785	382	140	693	0.4165	0.6002400960384153
phlag_0005-c_min16max81	1667	0	0	333	0.1665	0.6006006006006006
phlag_0005-c_min16max81	1899	0	0	101	0.0505	0.9900990099009901
phlag_0005-c_min16max81	1697	0	0	303	0.1515	0.9900990099009901
phlag_0005-c_min16max81	982	18	363	637	0.5	0.6
phlag_0005-c_min16max81	1492	134	17	357	0.187	0.8021390374331551
phlag_0005-c_min16max81	1499	1	8	492	0.25	0.802
phlag_0005-c_min16max81	1076	318	0	606	0.303	0.9900990099009901
phlag_0005-c_min16max81	1110	516	116	258	0.187	0.8021390374331551
phlag_0005-c_min16max81	1435	60	0	505	0.2525	0.9900990099009901
phlag_0005-c_min16max81	1834	0	166	0	0.083	0.6024096385542168
phlag_0005-c_min16max81	907	487	4	602	0.303	0.9900990099009901
phlag_0005-c_min16max81	82	918	0	1000	0.5	0.6
phlag_0005-c_min16max81	1875	0	125	0	0.0625	0.808
phlag_0005-c_min16max81	1167	0	833	0	0.4165	0.6002400960384153
phlag_0005-c_min16max81	1241	10	15	734	0.3745	0.801068090787717
phlag_0005-c_min16max81	1422	245	19	314	0.1665	0.6006006006006006
phlag_0005-c_min16max81	1090	607	12	291	0.1515	0.9900990099009901
phlag_0005-c_min16max81	1844	31	125	0	0.0625	0.808
phlag_0005-c_min16max81	1394	0	0	606	0.303	0.9900990099009901
phlag_0005-c_min16max81	1334	0	2	664	0.333	0.6006006006006006
phlag_0005-c_min16max81	0	1750	250	0	0.125	0.804
phlag_0005-c_min16max81	1626	0	0	374	0.187	0.8021390374331551
phlag_0005-c_min16max81	1643	54	0	303	0.1515	0.9900990099009901
phlag_0005-c_min16max81	1167	0	374	459	0.4165	0.6002400960384153
phlag_0005-c_min16max81	1371	23	0	606	0.303	0.9900990099009901
phlag_0005-c_min16max81	1390	4	0	606	0.303	0.9900990099009901
phlag_0005-c_min16max81	1322	72	0	606	0.303	0.9900990099009901
phlag_0005-c_min16max81	1664	3	321	12	0.1665	0.6006006006006006
phlag_0005-c_min16max81	1801	74	3	122	0.0625	0.808
phlag_0005-c_min16max81	72	1524	404	0	0.202	0.9900990099009901
phlag_0005-c_min16max81	1476	24	3	497	0.25	0.802
phlag_0005-c_min16max81	1333	1	12	654	0.333	0.6006006006006006
phlag_0005-c_min16max81	1328	6	62	604	0.333	0.6006006006006006
phlag_0005-c_min16max81	1111	56	191	642	0.4165	0.6002400960384153
phlag_0005-c_min16max81	1500	0	500	0	0.25	0.6
phlag_0005-c_min16max81	1443	57	7	493	0.25	0.6
phlag_0005-c_min16max81	876	124	110	890	0.5	0.6
phlag_0005-c_min16max81	1697	0	303	0	0.1515	0.9900990099009901
phlag_0005-c_min16max81	1725	109	9	157	0.083	0.6024096385542168
phlag_0005-c_min16max81	0	1495	505	0	0.2525	0.9900990099009901
phlag_0005-c_min16max81	1826	49	1	124	0.0625	0.808
phlag_0005-c_min16max81	1022	229	197	552	0.3745	0.801068090787717
phlag_0005-c_min16max81	1693	57	1	249	0.125	0.804
phlag_0005-c_min16max81	1491	135	0	374	0.187	0.8021390374331551
phlag_0005-c_min16max81	1500	0	500	0	0.25	0.802
phlag_0005-c_min16max81	1890	9	0	101	0.0505	0.9900990099009901
phlag_0005-c_min16max81	1589	7	0	404	0.202	0.9900990099009901
phlag_0005-c_min16max81	1571	179	3	247	0.125	0.804
phlag_0005-c_min16max81	1790	44	4	162	0.083	0.6024096385542168
phlag_0005-c_min16max81	1390	444	26	140	0.083	0.6024096385542168
phlag_0005-c_min16max81	1660	37	0	303	0.1515	0.9900990099009901
phlag_0005-c_min16max81	59	1192	685	64	0.3745	0.801068090787717
phlag_0005-c_min16max81	1139	736	12	113	0.0625	0.808
phlag_0005-c_min16max81	1754	44	1	201	0.101	0.9900990099009901
phlag_0005-c_min16max81	1019	148	134	699	0.4165	0.6002400960384153
phlag_0005-c_min16max81	1747	51	0	202	0.101	0.9900990099009901
phlag_0005-c_min16max81	1692	5	0	303	0.1515	0.9900990099009901
phlag_0005-c_min16max81	1661	6	0	333	0.1665	0.6006006006006006
phlag_0005-c_min16max81	1062	438	104	396	0.25	0.6
phlag_0005-c_min16max81	1600	26	0	374	0.187	0.8021390374331551
phlag_0005-c_min16max81	1667	0	333	0	0.1665	0.6006006006006006
phlag_0005-c_min16max81	1233	18	22	727	0.3745	0.801068090787717
phlag_0005-c_min16max81	1629	121	0	250	0.125	0.804
phlag_0005-c_min16max81	1685	12	0	303	0.1515	0.9900990099009901
phlag_0005-c_min16max81	1816	83	0	101	0.0505	0.9900990099009901
phlag_0005-c_min16max81	1334	0	2	664	0.333	0.6006006006006006
phlag_0005-c_min16max81	1037	559	0	404	0.202	0.9900990099009901
phlag_0005-c_min16max81	95	1280	588	37	0.3125	0.8016
phlag_0005-c_min16max81	1594	2	1	403	0.202	0.9900990099009901
phlag_0005-c_min16max81	1372	3	0	625	0.3125	0.8016
phlag_0005-c_min16max81	963	532	1	504	0.2525	0.9900990099009901
phlag_0005-c_min16max81	1773	102	0	125	0.0625	0.808
phlag_0005-c_min16max81	976	24	100	900	0.5	0.6
phlag_0005-c_min16max81	1517	382	0	101	0.0505	0.9900990099009901
phlag_0005-c_min16max81	1255	579	35	131	0.083	0.6024096385542168
phlag_0005-c_min16max81	1798	0	63	139	0.101	0.9900990099009901
phlag_0005-c_min16max81	1498	2	18	482	0.25	0.6
phlag_0005-c_min16max81	1697	0	3	300	0.1515	0.9900990099009901
phlag_0005-c_min16max81	1418	82	21	479	0.25	0.802
phlag_0005-c_min16max81	1734	141	0	125	0.0625	0.808
phlag_0005-c_min16max81	1251	0	3	746	0.3745	0.801068090787717
phlag_0005-c_min16max81	1485	212	0	303	0.1515	0.9900990099009901
phlag_0005-c_min16max81	1163	4	117	716	0.4165	0.6002400960384153
phlag_0005-c_min16max81	1798	0	0	202	0.101	0.9900990099009901
phlag_0005-c_min16max81	1000	0	2	998	0.5	0.6
phlag_0005-c_min16max81	1707	192	0	101	0.0505	0.9900990099009901
phlag_0005-c_min16max81	1455	171	14	360	0.187	0.8021390374331551
phlag_0005-c_min16max81	947	220	35	798	0.4165	0.6002400960384153
phlag_0005-c_min16max81	1158	676	15	151	0.083	0.6024096385542168
phlag_0005-c_min16max81	1070	97	9	824	0.4165	0.6002400960384153
phlag_0005-c_min16max81	1512	114	10	364	0.187	0.8021390374331551
phlag_0005-c_min16max81	1697	0	0	303	0.1515	0.9900990099009901
phlag_0005-c_min16max81	1389	237	21	353	0.187	0.8021390374331551
phlag_0005-c_min16max81	1498	169	0	333	0.1665	0.6006006006006006
phlag_0005-c_min16max81	1575	259	13	153	0.083	0.6024096385542168
phlag_0005-c_min16max81	47	1347	606	0	0.303	0.9900990099009901
phlag_0005-c_min16max81	1505	245	10	240	0.125	0.804
phlag_0005-c_min16max81	1243	383	2	372	0.187	0.8021390374331551
phlag_0005-c_min16max81	245	1255	463	37	0.25	0.802
phlag_0005-c_min16max81	1000	0	13	987	0.5	0.6
phlag_0005-c_min16max81	975	25	151	849	0.5	0.6
phlag_0005-c_min16max81	1240	11	11	738	0.3745	0.801068090787717
phlag_0005-c_min16max81	1394	0	6	600	0.303	0.9900990099009901
phlag_0005-c_min16max81	487	764	623	126	0.3745	0.801068090787717
phlag_0005-c_min16max81	1371	23	0	606	0.303	0.9900990099009901
phlag_0005-c_min16max81	1680	17	1	302	0.1515	0.9900990099009901
phlag_0005-c_min16max81	1423	173	0	404	0.202	0.9900990099009901
phlag_0005-c_min16max81	1623	3	0	374	0.187	0.8021390374331551
phlag_0005-c_min16max81	1636	198	0	166	0.083	0.6024096385542168
phlag_0005-c_min16max81	1632	267	0	101	0.0505	0.9900990099009901
phlag_0005-c_min16max81	1856	43	0	101	0.0505	0.9900990099009901
phlag_0005-c_min16max81	1167	0	833	0	0.4165	0.6002400960384153
phlag_0005-c_min16max81	1237	138	363	262	0.3125	0.8016
phlag_0005-c_min16max81	1311	83	2	604	0.303	0.9900990099009901
phlag_0005-c_min16max81	1499	198	0	303	0.1515	0.9900990099009901
phlag_0005-c_min16max81	1298	36	35	631	0.333	0.6006006006006006
phlag_0005-c_min16max81	1899	0	0	101	0.0505	0.9900990099009901
phlag_0005-c_min16max81	1000	0	991	9	0.5	0.6
phlag_0005-c_min16max81	1139	195	98	568	0.333	0.6006006006006006
phlag_0005-c_min16max81	1012	382	0	606	0.303	0.9900990099009901
phlag_0005-c_min16max81	977	523	25	475	0.25	0.802
phlag_0005-c_min16max81	138	1256	604	2	0.303	0.9900990099009901
phlag_0005-c_min16max81	107	1287	606	0	0.303	0.9900990099009901
phlag_0005-c_min16max81	0	1167	0	833	0.4165	0.6002400960384153
phlag_0005-c_min16max81	1583	251	0	166	0.083	0.6024096385542168
phlag_0005-c_min16max81	1393	1	0	606	0.303	0.9900990099009901
phlag_0005-c_min16max81	1596	0	0	404	0.202	0.9900990099009901
phlag_0005-c_min16max81	167	1208	567	58	0.3125	0.8016
phlag_0005-c_min16max81	1479	21	2	498	0.25	0.802
phlag_0005-c_min16max81	1667	0	0	333	0.1665	0.6006006006006006
phlag_0005-c_min16max81	1667	0	333	0	0.1665	0.6006006006006006
phlag_0005-c_min16max81	1603	23	2	372	0.187	0.8021390374331551
phlag_0005-c_min16max81	58	1317	565	60	0.3125	0.8016
phlag_0005-c_min16max81	1895	4	1	100	0.0505	0.9900990099009901
phlag_0005-c_min16max81	1249	2	0	749	0.3745	0.801068090787717
phlag_0005-c_min16max81	1782	16	0	202	0.101	0.9900990099009901
phlag_0005-c_min16max81	1497	3	0	500	0.25	0.802
phlag_0005-c_min16max81	1667	0	333	0	0.1665	0.6006006006006006
phlag_0005-c_min16max81	1814	85	0	101	0.0505	0.9900990099009901
phlag_0005-c_min16max81	1472	28	9	491	0.25	0.6
phlag_0005-c_min16max81	1750	0	158	92	0.125	0.804
phlag_0005-c_min16max81	1573	53	0	374	0.187	0.8021390374331551
phlag_0005-c_min16max81	1653	14	0	333	0.1665	0.6006006006006006
phlag_0005-c_min16max81	1798	0	202	0	0.101	0.9900990099009901
phlag_0005-c_min16max81	1750	0	9	241	0.125	0.804
phlag_0005-c_min16max81	1473	27	8	492	0.25	0.802
phlag_0005-c_min16max81	1450	45	0	505	0.2525	0.9900990099009901
phlag_0005-c_min16max81	1327	48	0	625	0.3125	0.8016
phlag_0005-c_min16max81	1589	37	8	366	0.187	0.8021390374331551
phlag_0005-c_min16max81	1839	36	0	125	0.0625	0.808
phlag_0005-c_min16max81	1436	160	0	404	0.202	0.9900990099009901
phlag_0005-c_min16max81	1375	0	3	622	0.3125	0.8016
phlag_0005-c_min16max81	3	1747	239	11	0.125	0.804
phlag_0005-c_min16max81	931	320	42	707	0.3745	0.801068090787717
phlag_0005-c_min16max81	16	1378	605	1	0.303	0.9900990099009901
phlag_0005-c_min16max81	757	494	160	589	0.3745	0.801068090787717
phlag_0005-c_min16max81	1270	629	48	53	0.0505	0.9900990099009901
phlag_0005-c_min16max81	1567	100	3	330	0.1665	0.6006006006006006
phlag_0005-c_min16max81	1682	15	0	303	0.1515	0.9900990099009901
phlag_0005-c_min16max81	49	1202	678	71	0.3745	0.801068090787717
phlag_0005-c_min16max81	1371	23	0	606	0.303	0.9900990099009901
phlag_0005-c_min16max81	1334	0	666	0	0.333	0.6006006006006006
phlag_0005-c_min16max81	1485	10	0	505	0.2525	0.9900990099009901
phlag_0005-c_min16max81	1500	0	500	0	0.25	0.6
phlag_0005-c_min16max81	165	1461	334	40	0.187	0.8021390374331551
phlag_0005-c_min16max81	998	2	21	979	0.5	0.6
phlag_0005-c_min16max81	1470	227	0	303	0.1515	0.9900990099009901
phlag_0005-c_min16max81	1251	0	0	749	0.3745	0.801068090787717
phlag_0005-c_min16max81	7	1791	202	0	0.101	0.9900990099009901
phlag_0005-c_min16max81	1799	35	0	166	0.083	0.6024096385542168
phlag_0005-c_min16max81	1535	263	0	202	0.101	0.9900990099009901
phlag_0005-c_min16max81	1492	8	11	489	0.25	0.6
phlag_0005-c_min16max81	1666	1	1	332	0.1665	0.6006006006006006
phlag_0005-c_min16max81	1586	111	0	303	0.1515	0.9900990099009901
phlag_0005-c_min16max81	1899	0	101	0	0.0505	0.9900990099009901
phlag_0005-c_min16max81	1493	7	10	490	0.25	0.802
phlag_0005-c_min16max81	1626	0	12	362	0.187	0.8021390374331551
phlag_0005-c_min16max81	1375	0	2	623	0.3125	0.8016
phlag_0005-c_min16max81	652	348	307	693	0.5	0.6
phlag_0005-c_min16max81	1768	30	31	171	0.101	0.9900990099009901
phlag_0005-c_min16max81	1875	0	1	124	0.0625	0.808
phlag_0005-c_min16max81	1705	170	0	125	0.0625	0.808
phlag_0005-c_min16max81	1334	0	18	648	0.333	0.6006006006006006
phlag_0005-c_min16max81	1679	71	2	248	0.125	0.804
phlag_0005-c_min16max81	1639	58	0	303	0.1515	0.9900990099009901
phlag_0005-c_min16max81	820	347	94	739	0.4165	0.6002400960384153
phlag_0005-c_min16max81	1380	14	0	606	0.303	0.9900990099009901
phlag_0005-c_min16max81	1334	0	666	0	0.333	0.6006006006006006
phlag_0005-c_min16max81	1276	623	0	101	0.0505	0.9900990099009901
phlag_0005-c_min16max81	369	798	574	259	0.4165	0.6002400960384153
phlag_0005-c_min16max81	1355	342	0	303	0.1515	0.9900990099009901
phlag_0005-c_min16max81	1309	25	83	583	0.333	0.6006006006006006
phlag_0005-c_min16max81	1817	17	15	151	0.083	0.6024096385542168
phlag_0005-c_min16max81	1315	19	7	659	0.333	0.6006006006006006
phlag_0005-c_min16max81	1394	0	606	0	0.303	0.9900990099009901
phlag_0005-c_min16max81	1177	157	19	647	0.333	0.6006006006006006
phlag_0005-c_min16max81	1375	0	23	602	0.3125	0.8016
phlag_0005-c_min16max81	1278	116	0	606	0.303	0.9900990099009901
phlag_0005-c_min16max81	1753	146	0	101	0.0505	0.9900990099009901
phlag_0005-c_min16max81	1167	0	2	831	0.4165	0.6002400960384153
phlag_0005-c_min16max81	1482	393	0	125	0.0625	0.808
phlag_0005-c_min16max81	1522	175	0	303	0.1515	0.9900990099009901
phlag_0005-c_min16max81	1500	0	0	500	0.25	0.802
phlag_0005-c_min16max81	1665	2	0	333	0.1665	0.6006006006006006
phlag_0005-c_min16max81	1667	0	333	0	0.1665	0.6006006006006006
phlag_0005-c_min16max81	1672	126	0	202	0.101	0.9900990099009901
phlag_0005-c_min16max81	1864	35	0	101	0.0505	0.9900990099009901
phlag_0005-c_min16max81	1468	431	0	101	0.0505	0.9900990099009901
phlag_0005-c_min16max81	1252	498	18	232	0.125	0.804
phlag_0005-c_min16max81	915	681	27	377	0.202	0.9900990099009901
phlag_0005-c_min16max81	1375	0	549	76	0.3125	0.8016
phlag_0005-c_min16max81	1153	14	19	814	0.4165	0.6002400960384153
phlag_0005-c_min16max81	1120	47	153	680	0.4165	0.6002400960384153
phlag_0005-c_min16max81	1677	20	0	303	0.1515	0.9900990099009901
phlag_0005-c_min16max81	1500	0	2	498	0.25	0.802
phlag_0005-c_min16max81	1139	28	85	748	0.4165	0.6002400960384153
phlag_0005-c_min16max81	1496	4	2	498	0.25	0.6
phlag_0005-c_min16max81	1797	78	0	125	0.0625	0.808
phlag_0005-c_min16max81	1342	557	0	101	0.0505	0.9900990099009901
phlag_0005-c_min16max81	1361	139	38	462	0.25	0.6
phlag_0005-c_min16max81	1394	0	372	234	0.303	0.9900990099009901
phlag_0005-c_min16max81	1226	608	55	111	0.083	0.6024096385542168
phlag_0005-c_min16max81	1811	23	1	165	0.083	0.6024096385542168
phlag_0005-c_min16max81	1500	0	6	494	0.25	0.6
phlag_0005-c_min16max81	1269	106	6	619	0.3125	0.8016
phlag_0005-c_min16max81	1235	16	14	735	0.3745	0.801068090787717
phlag_0005-c_min16max81	1697	0	303	0	0.1515	0.9900990099009901
phlag_0005-c_min16max81	1463	133	0	404	0.202	0.9900990099009901
phlag_0005-c_min16max81	1495	0	0	505	0.2525	0.9900990099009901
phlag_0005-c_min16max81	1387	209	0	404	0.202	0.9900990099009901
phlag_0005-c_min16max81	1566	30	0	404	0.202	0.9900990099009901
phlag_0005-c_min16max81	1241	10	20	729	0.3745	0.801068090787717
phlag_0005-c_min16max81	1619	7	23	351	0.187	0.8021390374331551
phlag_0005-c_min16max81	1445	305	0	250	0.125	0.804
phlag_0005-c_min16max81	1292	42	11	655	0.333	0.6006006006006006
phlag_0005-c_min16max81	1686	11	0	303	0.1515	0.9900990099009901
phlag_0005-c_min16max81	50	1344	604	2	0.303	0.9900990099009901
phlag_0005-c_min16max81	1596	0	0	404	0.202	0.9900990099009901
phlag_0005-c_min16max81	1581	15	0	404	0.202	0.9900990099009901
phlag_0005-c_min16max81	1834	0	166	0	0.083	0.6024096385542168
phlag_0005-c_min16max81	1303	91	0	606	0.303	0.9900990099009901
phlag_0005-c_min16max81	1838	61	0	101	0.0505	0.9900990099009901
phlag_0005-c_min16max81	1772	62	7	159	0.083	0.6024096385542168
phlag_0005-c_min16max81	1364	30	0	606	0.303	0.9900990099009901
phlag_0005-c_min16max81	1394	0	0	606	0.303	0.9900990099009901
phlag_0005-c_min16max81	1127	368	0	505	0.2525	0.9900990099009901
phlag_0005-c_min16max81	1696	1	0	303	0.1515	0.9900990099009901
phlag_0005-c_min16max81	1199	551	3	247	0.125	0.804
phlag_0005-c_min16max81	1696	1	0	303	0.1515	0.9900990099009901
phlag_0005-c_min16max81	1057	640	2	301	0.1515	0.9900990099009901
phlag_0005-c_min16max81	871	129	206	794	0.5	0.6
phlag_0005-c_min16max81	1500	0	18	482	0.25	0.6
phlag_0005-c_min16max81	1596	0	0	404	0.202	0.9900990099009901
phlag_0005-c_min16max81	1394	0	3	603	0.303	0.9900990099009901
phlag_0005-c_min16max81	1500	0	5	495	0.25	0.6
phlag_0005-c_min16max81	1660	37	0	303	0.1515	0.9900990099009901
phlag_0005-c_min16max81	965	535	160	340	0.25	0.6
phlag_0005-c_min16max81	101	899	753	247	0.5	0.6
phlag_0005-c_min16max81	1768	66	0	166	0.083	0.6024096385542168
phlag_0005-c_min16max81	1162	5	3	830	0.4165	0.6002400960384153
phlag_0005-c_min16max81	1495	0	0	505	0.2525	0.9900990099009901
phlag_0005-c_min16max81	1492	8	477	23	0.25	0.802
phlag_0005-c_min16max81	1305	195	20	480	0.25	0.802
phlag_0005-c_min16max81	1836	39	0	125	0.0625	0.808
phlag_0005-c_min16max81	1604	22	1	373	0.187	0.8021390374331551
phlag_0005-c_min16max81	1593	33	2	372	0.187	0.8021390374331551
phlag_0005-c_min16max81	1412	88	16	484	0.25	0.6
phlag_0005-c_min16max81	1322	12	21	645	0.333	0.6006006006006006
phlag_0005-c_min16max81	1626	0	364	10	0.187	0.8021390374331551
phlag_0005-c_min16max81	1708	126	12	154	0.083	0.6024096385542168
phlag_0005-c_min16max81	1059	816	5	120	0.0625	0.808
phlag_0005-c_min16max81	1000	0	122	878	0.5	0.6
phlag_0005-c_min16max81	1868	7	1	124	0.0625	0.808
phlag_0005-c_min16max81	1798	0	0	202	0.101	0.9900990099009901
phlag_0005-c_min16max81	1374	1	1	624	0.3125	0.8016
phlag_0005-c_min16max81	1887	12	0	101	0.0505	0.9900990099009901
phlag_0005-c_min16max81	1585	290	19	106	0.0625	0.808
phlag_0005-c_min16max81	1219	32	19	730	0.3745	0.801068090787717
phlag_0005-c_min16max81	1077	798	28	97	0.0625	0.808
phlag_0005-c_min16max81	1148	519	64	269	0.1665	0.6006006006006006
phlag_0005-c_min16max81	1596	0	0	404	0.202	0.9900990099009901
phlag_0005-c_min16max81	1479	21	1	499	0.25	0.802
phlag_0005-c_min16max81	1336	159	0	505	0.2525	0.9900990099009901
phlag_0005-c_min16max81	1621	46	8	325	0.1665	0.6006006006006006
phlag_0005-c_min16max81	1746	153	0	101	0.0505	0.9900990099009901
phlag_0005-c_min16max81	1128	372	124	376	0.25	0.6
phlag_0005-c_min16max81	1416	382	0	202	0.101	0.9900990099009901
phlag_0005-c_min16max81	1376	124	1	499	0.25	0.802
phlag_0005-c_min16max81	1070	597	92	241	0.1665	0.6006006006006006
phlag_0005-c_min16max81	1375	0	607	18	0.3125	0.8016
phlag_0005-c_min16max81	1491	9	0	500	0.25	0.802
phlag_0005-c_min16max81	1589	7	0	404	0.202	0.9900990099009901
phlag_0005-c_min16max81	1405	90	0	505	0.2525	0.9900990099009901
phlag_0005-c_min16max81	1723	152	2	123	0.0625	0.808
phlag_0005-c_min16max81	1251	0	5	744	0.3745	0.801068090787717
phlag_0005-c_min16max81	959	292	17	732	0.3745	0.801068090787717
phlag_0005-c_min16max81	930	237	100	733	0.4165	0.6002400960384153
phlag_0005-c_min16max81	1346	29	21	604	0.3125	0.8016
phlag_0005-c_min16max81	1441	59	58	442	0.25	0.6
phlag_0005-c_min16max81	943	57	68	932	0.5	0.6
phlag_0005-c_min16max81	1078	589	133	200	0.1665	0.6006006006006006
phlag_0005-c_min16max81	1750	0	2	248	0.125	0.804
phlag_0005-c_min16max81	1896	3	0	101	0.0505	0.9900990099009901
phlag_0005-c_min16max81	1353	22	36	589	0.3125	0.8016
phlag_0005-c_min16max81	1729	21	0	250	0.125	0.804
phlag_0005-c_min16max81	4	996	968	32	0.5	0.6
phlag_0005-c_min16max81	1495	0	0	505	0.2525	0.9900990099009901
phlag_0005-c_min16max81	1689	8	0	303	0.1515	0.9900990099009901
phlag_0005-c_min16max81	1696	138	8	158	0.083	0.6024096385542168
phlag_0005-c_min16max81	1345	30	0	625	0.3125	0.8016
phlag_0005-c_min16max81	1750	0	10	240	0.125	0.804
phlag_0005-c_min16max81	1593	3	0	404	0.202	0.9900990099009901
phlag_0005-c_min16max81	1798	0	0	202	0.101	0.9900990099009901
phlag_0005-c_min16max81	1499	1	11	489	0.25	0.6
phlag_0005-c_min16max81	1750	0	0	250	0.125	0.804
phlag_0005-c_min16max81	1452	43	0	505	0.2525	0.9900990099009901
phlag_0005-c_min16max81	1898	1	0	101	0.0505	0.9900990099009901
phlag_0005-c_min25max81	1582	216	0	202	0.101	0.9900990099009901
phlag_0005-c_min25max81	1666	1	331	2	0.1665	0.6006006006006006
phlag_0005-c_min25max81	1696	1	0	303	0.1515	0.9900990099009901
phlag_0005-c_min25max81	1525	142	0	333	0.1665	0.6006006006006006
phlag_0005-c_min25max81	1787	11	0	202	0.101	0.9900990099009901
phlag_0005-c_min25max81	1028	806	165	1	0.083	0.6024096385542168
phlag_0005-c_min25max81	788	712	141	359	0.25	0.6
phlag_0005-c_min25max81	1394	0	0	606	0.303	0.9900990099009901
phlag_0005-c_min25max81	80	1415	505	0	0.2525	0.9900990099009901
phlag_0005-c_min25max81	1564	32	0	404	0.202	0.9900990099009901
phlag_0005-c_min25max81	1834	0	160	6	0.083	0.6024096385542168
phlag_0005-c_min25max81	1211	40	271	478	0.3745	0.801068090787717
phlag_0005-c_min25max81	1805	29	0	166	0.083	0.6024096385542168
phlag_0005-c_min25max81	1134	33	20	813	0.4165	0.6002400960384153
phlag_0005-c_min25max81	1323	344	72	261	0.1665	0.6006006006006006
phlag_0005-c_min25max81	1696	1	0	303	0.1515	0.9900990099009901
phlag_0005-c_min25max81	981	19	975	25	0.5	0.6
phlag_0005-c_min25max81	1331	44	23	602	0.3125	0.8016
phlag_0005-c_min25max81	7	1244	741	8	0.3745	0.801068090787717
phlag_0005-c_min25max81	1472	28	25	475	0.25	0.6
phlag_0005-c_min25max81	1402	224	9	365	0.187	0.8021390374331551
phlag_0005-c_min25max81	1193	706	0	101	0.0505	0.9900990099009901
phlag_0005-c_min25max81	1495	0	1	504	0.2525	0.9900990099009901
phlag_0005-c_min25max81	1495	0	0	505	0.2525	0.9900990099009901
phlag_0005-c_min25max81	1638	196	2	164	0.083	0.6024096385542168
phlag_0005-c_min25max81	1740	58	0	202	0.101	0.9900990099009901
phlag_0005-c_min25max81	1580	46	10	364	0.187	0.8021390374331551
phlag_0005-c_min25max81	1218	657	0	125	0.0625	0.808
phlag_0005-c_min25max81	27	1307	649	17	0.333	0.6006006006006006
phlag_0005-c_min25max81	107	1227	444	222	0.333	0.6006006006006006
phlag_0005-c_min25max81	1707	168	2	123	0.0625	0.808
phlag_0005-c_min25max81	969	31	69	931	0.5	0.6
phlag_0005-c_min25max81	1162	505	52	281	0.1665	0.6006006006006006
phlag_0005-c_min25max81	0	1697	303	0	0.1515	0.9900990099009901
phlag_0005-c_min25max81	2	1873	125	0	0.0625	0.808
phlag_0005-c_min25max81	1731	19	0	250	0.125	0.804
phlag_0005-c_min25max81	1689	8	0	303	0.1515	0.9900990099009901
phlag_0005-c_min25max81	1176	622	13	189	0.101	0.9900990099009901
phlag_0005-c_min25max81	1626	0	0	374	0.187	0.8021390374331551
phlag_0005-c_min25max81	1394	0	15	591	0.303	0.9900990099009901
phlag_0005-c_min25max81	1798	0	0	202	0.101	0.9900990099009901
phlag_0005-c_min25max81	806	361	192	641	0.4165	0.6002400960384153
phlag_0005-c_min25max81	1000	0	988	12	0.5	0.6
phlag_0005-c_min25max81	1633	266	0	101	0.0505	0.9900990099009901
phlag_0005-c_min25max81	0	1375	566	59	0.3125	0.8016
phlag_0005-c_min25max81	1748	2	0	250	0.125	0.804
phlag_0005-c_min25max81	490	1005	500	5	0.2525	0.9900990099009901
phlag_0005-c_min25max81	1394	0	0	606	0.303	0.9900990099009901
phlag_0005-c_min25max81	988	12	105	895	0.5	0.6
phlag_0005-c_min25max81	1374	20	0	606	0.303	0.9900990099009901
phlag_0005-c_min25max81	1004	830	38	128	0.083	0.6024096385542168
phlag_0005-c_min25max81	1802	32	115	51	0.083	0.6024096385542168
phlag_0005-c_min25max81	1313	21	26	640	0.333	0.6006006006006006
phlag_0005-c_min25max81	1667	0	2	331	0.1665	0.6006006006006006
phlag_0005-c_min25max81	1107	643	20	230	0.125	0.804
phlag_0005-c_min25max81	1667	0	48	285	0.1665	0.6006006006006006
phlag_0005-c_min25max81	1701	174	0	125	0.0625	0.808
phlag_0005-c_min25max81	76	1621	303	0	0.1515	0.9900990099009901
phlag_0005-c_min25max81	1750	149	0	101	0.0505	0.9900990099009901
phlag_0005-c_min25max81	1745	5	2	248	0.125	0.804
phlag_0005-c_min25max81	1357	143	0	500	0.25	0.6
phlag_0005-c_min25max81	69	1306	563	62	0.3125	0.8016
phlag_0005-c_min25max81	1810	65	0	125	0.0625	0.808
phlag_0005-c_min25max81	1794	4	0	202	0.101	0.9900990099009901
phlag_0005-c_min25max81	1103	231	19	647	0.333	0.6006006006006006
phlag_0005-c_min25max81	1660	7	2	331	0.1665	0.6006006006006006
phlag_0005-c_min25max81	1064	103	74	759	0.4165	0.6002400960384153
phlag_0005-c_min25max81	1271	63	520	146	0.333	0.6006006006006006
phlag_0005-c_min25max81	942	58	167	833	0.5	0.6
phlag_0005-c_min25max81	1828	6	1	165	0.083	0.6024096385542168
phlag_0005-c_min25max81	1896	3	0	101	0.0505	0.9900990099009901
phlag_0005-c_min25max81	999	1	23	977	0.5	0.6
phlag_0005-c_min25max81	1491	4	0	505	0.2525	0.9900990099009901
phlag_0005-c_min25max81	1482	18	0	500	0.25	0.6
phlag_0005-c_min25max81	1596	0	0	404	0.202	0.9900990099009901
phlag_0005-c_min25max81	1833	1	0	166	0.083	0.6024096385542168
phlag_0005-c_min25max81	1561	136	0	303	0.1515	0.9900990099009901
phlag_0005-c_min25max81	1403	97	8	492	0.25	0.6
phlag_0005-c_min25max81	954	46	960	40	0.5	0.6
phlag_0005-c_min25max81	1750	0	1	249	0.125	0.804
phlag_0005-c_min25max81	1492	8	1	499	0.25	0.6
phlag_0005-c_min25max81	1524	143	8	325	0.1665	0.6006006006006006
phlag_0005-c_min25max81	243	1257	338	162	0.25	0.6
phlag_0005-c_min25max81	1242	92	105	561	0.333	0.6006006006006006
phlag_0005-c_min25max81	0	1500	486	14	0.25	0.802
phlag_0005-c_min25max81	892	775	0	333	0.1665	0.6006006006006006
phlag_0005-c_min25max81	1000	0	17	983	0.5	0.6
phlag_0005-c_min25max81	721	446	593	240	0.4165	0.6002400960384153
phlag_0005-c_min25max81	1492	3	501	4	0.2525	0.9900990099009901
phlag_0005-c_min25max81	1864	35	0	101	0.0505	0.9900990099009901
phlag_0005-c_min25max81	1854	45	0	101	0.0505	0.9900990099009901
phlag_0005-c_min25max81	1152	182	46	620	0.333	0.6006006006006006
phlag_0005-c_min25max81	1085	415	36	464	0.25	0.802
phlag_0005-c_min25max81	194	1604	201	1	0.101	0.9900990099009901
phlag_0005-c_min25max81	1171	163	19	647	0.333	0.6006006006006006
phlag_0005-c_min25max81	70	1425	503	2	0.2525	0.9900990099009901
phlag_0005-c_min25max81	1227	24	5	744	0.3745	0.801068090787717
phlag_0005-c_min25max81	1596	0	404	0	0.202	0.9900990099009901
phlag_0005-c_min25max81	1697	0	0	303	0.1515	0.9900990099009901
phlag_0005-c_min25max81	1241	10	19	730	0.3745	0.801068090787717
phlag_0005-c_min25max81	172	1525	303	0	0.1515	0.9900990099009901
phlag_0005-c_min25max81	1218	33	0	749	0.3745	0.801068090787717
phlag_0005-c_min25max81	1251	0	31	718	0.3745	0.801068090787717
phlag_0005-c_min25max81	1832	2	1	165	0.083	0.6024096385542168
phlag_0005-c_min25max81	1663	34	0	303	0.1515	0.9900990099009901
phlag_0005-c_min25max81	1729	69	0	202	0.101	0.9900990099009901
phlag_0005-c_min25max81	36	1560	401	3	0.202	0.9900990099009901
phlag_0005-c_min25max81	1306	28	3	663	0.333	0.6006006006006006
phlag_0005-c_min25max81	1623	3	0	374	0.187	0.8021390374331551
phlag_0005-c_min25max81	1493	2	0	505	0.2525	0.9900990099009901
phlag_0005-c_min25max81	1166	1	830	3	0.4165	0.6002400960384153
phlag_0005-c_min25max81	1494	1	0	505	0.2525	0.9900990099009901
phlag_0005-c_min25max81	1238	262	18	482	0.25	0.802
phlag_0005-c_min25max81	1569	57	0	374	0.187	0.8021390374331551
phlag_0005-c_min25max81	12	988	689	311	0.5	0.6
phlag_0005-c_min25max81	1091	505	0	404	0.202	0.9900990099009901
phlag_0005-c_min25max81	1596	0	0	404	0.202	0.9900990099009901
phlag_0005-c_min25max81	1798	0	0	202	0.101	0.9900990099009901
phlag_0005-c_min25max81	1563	33	0	404	0.202	0.9900990099009901
phlag_0005-c_min25max81	700	694	606	0	0.303	0.9900990099009901
phlag_0005-c_min25max81	1853	22	7	118	0.0625	0.808
phlag_0005-c_min25max81	1582	115	0	303	0.1515	0.9900990099009901
phlag_0005-c_min25max81	1761	114	0	125	0.0625	0.808
phlag_0005-c_min25max81	955	420	28	597	0.3125	0.8016
phlag_0005-c_min25max81	1798	0	0	202	0.101	0.9900990099009901
phlag_0005-c_min25max81	1167	0	62	771	0.4165	0.6002400960384153
phlag_0005-c_min25max81	1500	0	500	0	0.25	0.6
phlag_0005-c_min25max81	1593	3	0	404	0.202	0.9900990099009901
phlag_0005-c_min25max81	1396	402	2	200	0.101	0.9900990099009901
phlag_0005-c_min25max81	1780	18	0	202	0.101	0.9900990099009901
phlag_0005-c_min25max81	1714	36	0	250	0.125	0.804
phlag_0005-c_min25max81	1834	0	1	165	0.083	0.6024096385542168
phlag_0005-c_min25max81	1121	505	24	350	0.187	0.8021390374331551
phlag_0005-c_min25max81	174	1326	311	189	0.25	0.6
phlag_0005-c_min25max81	1175	575	16	234	0.125	0.804
phlag_0005-c_min25max81	1605	62	0	333	0.1665	0.6006006006006006
phlag_0005-c_min25max81	1859	40	0	101	0.0505	0.9900990099009901
phlag_0005-c_min25max81	1495	0	0	505	0.2525	0.9900990099009901
phlag_0005-c_min25max81	736	860	0	404	0.202	0.9900990099009901
phlag_0005-c_min25max81	1583	167	0	250	0.125	0.804
phlag_0005-c_min25max81	95	1072	519	314	0.4165	0.6002400960384153
phlag_0005-c_min25max81	997	3	122	878	0.5	0.6
phlag_0005-c_min25max81	1297	78	24	601	0.3125	0.8016
phlag_0005-c_min25max81	1125	126	28	721	0.3745	0.801068090787717
phlag_0005-c_min25max81	1488	12	499	1	0.25	0.6
phlag_0005-c_min25max81	1782	16	0	202	0.101	0.9900990099009901
phlag_0005-c_min25max81	1753	45	0	202	0.101	0.9900990099009901
phlag_0005-c_min25max81	1394	0	0	606	0.303	0.9900990099009901
phlag_0005-c_min25max81	0	1394	606	0	0.303	0.9900990099009901
phlag_0005-c_min25max81	1455	45	10	490	0.25	0.6
phlag_0005-c_min25max81	1334	0	666	0	0.333	0.6006006006006006
phlag_0005-c_min25max81	86	1510	401	3	0.202	0.9900990099009901
phlag_0005-c_min25max81	1269	125	0	606	0.303	0.9900990099009901
phlag_0005-c_min25max81	1500	0	22	478	0.25	0.802
phlag_0005-c_min25max81	1535	263	1	201	0.101	0.9900990099009901
phlag_0005-c_min25max81	1899	0	0	101	0.0505	0.9900990099009901
phlag_0005-c_min25max81	110	1390	468	32	0.25	0.802
phlag_0005-c_min25max81	597	898	474	31	0.2525	0.9900990099009901
phlag_0005-c_min25max81	1492	3	0	505	0.2525	0.9900990099009901
phlag_0005-c_min25max81	1093	241	127	539	0.333	0.6006006006006006
phlag_0005-c_min25max81	1286	589	2	123	0.0625	0.808
phlag_0005-c_min25max81	1889	10	0	101	0.0505	0.9900990099009901
phlag_0005-c_min25max81	1798	0	0	202	0.101	0.9900990099009901
phlag_0005-c_min25max81	925	75	32	968	0.5	0.6
phlag_0005-c_min25max81	765	610	616	9	0.3125	0.8016
phlag_0005-c_min25max81	1471	29	18	482	0.25	0.802
phlag_0005-c_min25max81	1441	54	0	505	0.2525	0.9900990099009901
phlag_0005-c_min25max81	1823	52	1	124	0.0625	0.808
phlag_0005-c_min25max81	21	979	720	280	0.5	0.6
phlag_0005-c_min25max81	1605	294	0	101	0.0505	0.9900990099009901
phlag_0005-c_min25max81	1875	0	125	0	0.0625	0.808
phlag_0005-c_min25max81	1623	3	1	373	0.187	0.8021390374331551
phlag_0005-c_min25max81	706	789	489	16	0.2525	0.9900990099009901
phlag_0005-c_min25max81	1375	0	563	62	0.3125	0.8016
phlag_0005-c_min25max81	1452	48	0	500	0.25	0.802
phlag_0005-c_min25max81	893	607	40	460	0.25	0.802
phlag_0005-c_min25max81	1518	108	0	374	0.187	0.8021390374331551
phlag_0005-c_min25max81	1666	1	0	333	0.1665	0.6006006006006006
phlag_0005-c_min25max81	1092	283	8	617	0.3125	0.8016
phlag_0005-c_min25max81	1899	0	0	101	0.0505	0.9900990099009901
phlag_0005-c_min25max81	1759	39	0	202	0.101	0.9900990099009901
phlag_0005-c_min25max81	1237	263	40	460	0.25	0.6
phlag_0005-c_min25max81	103	1231	505	161	0.333	0.6006006006006006
phlag_0005-c_min25max81	1500	0	0	500	0.25	0.802
phlag_0005-c_min25max81	1500	0	4	496	0.25	0.802
phlag_0005-c_min25max81	1332	2	5	661	0.333	0.6006006006006006
phlag_0005-c_min25max81	1579	219	0	202	0.101	0.9900990099009901
phlag_0005-c_min25max81	18	1376	605	1	0.303	0.9900990099009901
phlag_0005-c_min25max81	1375	0	2	623	0.3125	0.8016
phlag_0005-c_min25max81	1605	145	0	250	0.125	0.804
phlag_0005-c_min25max81	946	680	69	305	0.187	0.8021390374331551
phlag_0005-c_min25max81	1482	18	1	499	0.25	0.802
phlag_0005-c_min25max81	976	24	47	953	0.5	0.6
phlag_0005-c_min25max81	1596	0	404	0	0.202	0.9900990099009901
phlag_0005-c_min25max81	1167	0	149	684	0.4165	0.6002400960384153
phlag_0005-c_min25max81	1681	16	0	303	0.1515	0.9900990099009901
phlag_0005-c_min25max81	1236	15	26	723	0.3745	0.801068090787717
phlag_0005-c_min25max81	681	986	313	20	0.1665	0.6006006006006006
phlag_0005-c_min25max81	1637	197	47	119	0.083	0.6024096385542168
phlag_0005-c_min25max81	1256	244	58	442	0.25	0.6
phlag_0005-c_min25max81	1259	75	23	643	0.333	0.6006006006006006
phlag_0005-c_min25max81	1375	0	471	154	0.3125	0.8016
phlag_0005-c_min25max81	1593	3	0	404	0.202	0.9900990099009901
phlag_0005-c_min25max81	1390	4	0	606	0.303	0.9900990099009901
phlag_0005-c_min25max81	1251	0	0	749	0.3745	0.801068090787717
phlag_0005-c_min25max81	607	393	446	554	0.5	0.6
phlag_0005-c_min25max81	1497	3	0	500	0.25	0.6
phlag_0005-c_min25max81	1059	739	12	190	0.101	0.9900990099009901
phlag_0005-c_min25max81	83	1168	729	20	0.3745	0.801068090787717
phlag_0005-c_min25max81	1683	216	0	101	0.0505	0.9900990099009901
phlag_0005-c_min25max81	1724	26	2	248	0.125	0.804
phlag_0005-c_min25max81	1090	77	130	703	0.4165	0.6002400960384153
phlag_0005-c_min25max81	1629	38	0	333	0.1665	0.6006006006006006
phlag_0005-c_min25max81	1016	359	42	583	0.3125	0.8016
phlag_0005-c_min25max81	1500	0	500	0	0.25	0.802
phlag_0005-c_min25max81	1008	492	89	411	0.25	0.802
phlag_0005-c_min25max81	1750	0	0	250	0.125	0.804
phlag_0005-c_min25max81	1392	2	0	606	0.303	0.9900990099009901
phlag_0005-c_min25max81	1166	1	75	758	0.4165	0.6002400960384153
phlag_0005-c_min25max81	1826	49	0	125	0.0625	0.808
phlag_0005-c_min25max81	329	922	681	68	0.3745	0.801068090787717
phlag_0005-c_min25max81	1833	1	0	166	0.083	0.6024096385542168
phlag_0005-c_min25max81	1763	71	1	165	0.083	0.6024096385542168
phlag_0005-c_min25max81	22	1853	117	8	0.0625	0.808
phlag_0005-c_min25max81	1151	16	8	825	0.4165	0.6002400960384153
phlag_0005-c_min25max81	1898	1	0	101	0.0505	0.9900990099009901
phlag_0005-c_min25max81	897	103	973	27	0.5	0.6
phlag_0005-c_min25max81	299	1035	610	56	0.333	0.6006006006006006
phlag_0005-c_min25max81	975	525	89	411	0.25	0.6
phlag_0005-c_min25max81	10	1657	301	32	0.1665	0.6006006006006006
phlag_0005-c_min25max81	1266	484	5	245	0.125	0.804
phlag_0005-c_min25max81	1875	0	0	125	0.0625	0.808
phlag_0005-c_min25max81	1302	73	0	625	0.3125	0.8016
phlag_0005-c_min25max81	1603	64	22	311	0.1665	0.6006006006006006
phlag_0005-c_min25max81	1155	441	1	403	0.202	0.9900990099009901
phlag_0005-c_min25max81	1366	134	38	462	0.25	0.6
phlag_0005-c_min25max81	1191	559	32	218	0.125	0.804
phlag_0005-c_min25max81	1394	0	0	606	0.303	0.9900990099009901
phlag_0005-c_min25max81	1897	2	0	101	0.0505	0.9900990099009901
phlag_0005-c_min25max81	1486	9	0	505	0.2525	0.9900990099009901
phlag_0005-c_min25max81	1732	167	1	100	0.0505	0.9900990099009901
phlag_0005-c_min25max81	1783	116	0	101	0.0505	0.9900990099009901
phlag_0005-c_min25max81	1360	515	8	117	0.0625	0.808
phlag_0005-c_min25max81	1795	3	0	202	0.101	0.9900990099009901
phlag_0005-c_min25max81	1334	0	33	633	0.333	0.6006006006006006
phlag_0005-c_min25max81	86	1081	625	208	0.4165	0.6002400960384153
phlag_0005-c_min25max81	1639	28	21	312	0.1665	0.6006006006006006
phlag_0005-c_min25max81	1869	6	120	5	0.0625	0.808
phlag_0005-c_min25max81	1601	25	9	365	0.187	0.8021390374331551
phlag_0005-c_min25max81	1444	56	26	474	0.25	0.6
phlag_0005-c_min25max81	1192	434	17	357	0.187	0.8021390374331551
phlag_0005-c_min25max81	1783	51	17	149	0.083	0.6024096385542168
phlag_0005-c_min25max81	1246	588	106	60	0.083	0.6024096385542168
phlag_0005-c_min25max81	1499	1	0	500	0.25	0.802
phlag_0005-c_min25max81	944	56	161	839	0.5	0.6
phlag_0005-c_min25max81	1500	0	3	497	0.25	0.802
phlag_0005-c_min25max81	1719	79	0	202	0.101	0.9900990099009901
phlag_0005-c_min25max81	1282	617	4	97	0.0505	0.9900990099009901
phlag_0005-c_min25max81	1526	171	0	303	0.1515	0.9900990099009901
phlag_0005-c_min25max81	1358	17	30	595	0.3125	0.8016
phlag_0005-c_min25max81	1349	151	9	491	0.25	0.6
phlag_0005-c_min25max81	1765	33	202	0	0.101	0.9900990099009901
phlag_0005-c_min25max81	1750	0	0	250	0.125	0.804
phlag_0005-c_min25max81	1000	0	1000	0	0.5	0.6
phlag_0005-c_min25max81	1157	94	21	728	0.3745	0.801068090787717
phlag_0005-c_min25max81	1251	0	2	747	0.3745	0.801068090787717
phlag_0005-c_min25max81	1369	298	25	308	0.1665	0.6006006006006006
phlag_0005-c_min25max81	1818	16	166	0	0.083	0.6024096385542168
phlag_0005-c_min25max81	1050	117	109	724	0.4165	0.6002400960384153
phlag_0005-c_min25max81	72	1322	606	0	0.303	0.9900990099009901
phlag_0005-c_min25max81	1596	0	0	404	0.202	0.9900990099009901
phlag_0005-c_min25max81	1356	19	38	587	0.3125	0.8016
phlag_0005-c_min25max81	1425	75	10	490	0.25	0.6
phlag_0005-c_min25max81	1231	20	11	738	0.3745	0.801068090787717
phlag_0005-c_min25max81	1794	4	0	202	0.101	0.9900990099009901
phlag_0005-c_min25max81	1335	261	0	404	0.202	0.9900990099009901
phlag_0005-c_min25max81	1847	28	0	125	0.0625	0.808
phlag_0005-c_min25max81	1476	19	3	502	0.2525	0.9900990099009901
phlag_0005-c_min25max81	1724	110	5	161	0.083	0.6024096385542168
phlag_0005-c_min25max81	1621	5	312	62	0.187	0.8021390374331551
phlag_0005-c_min25max81	1723	27	1	249	0.125	0.804
phlag_0005-c_min25max81	1045	455	9	491	0.25	0.802
phlag_0005-c_min25max81	1626	0	0	374	0.187	0.8021390374331551
phlag_0005-c_min25max81	1144	23	218	615	0.4165	0.6002400960384153
phlag_0005-c_min25max81	1497	3	499	1	0.25	0.6
phlag_0005-c_min25max81	1249	2	57	692	0.3745	0.801068090787717
phlag_0005-c_min25max81	1301	33	11	655	0.333	0.6006006006006006
phlag_0005-c_min25max81	1861	14	0	125	0.0625	0.808
phlag_0005-c_min25max81	1166	334	77	423	0.25	0.6
phlag_0005-c_min25max81	1614	12	0	374	0.187	0.8021390374331551
phlag_0005-c_min25max81	1626	0	0	374	0.187	0.8021390374331551
phlag_0005-c_min25max81	1391	3	0	606	0.303	0.9900990099009901
phlag_0005-c_min25max81	1159	92	25	724	0.3745	0.801068090787717
phlag_0005-c_min25max81	1495	0	1	504	0.2525	0.9900990099009901
phlag_0005-c_min25max81	1000	0	807	193	0.5	0.6
phlag_0005-c_min25max81	1795	3	0	202	0.101	0.9900990099009901
phlag_0005-c_min25max81	781	219	120	880	0.5	0.6
phlag_0005-c_min25max81	1495	0	0	505	0.2525	0.9900990099009901
phlag_0005-c_min25max81	1173	625	0	202	0.101	0.9900990099009901
phlag_0005-c_min25max81	1	1374	527	98	0.3125	0.8016
phlag_0005-c_min25max81	979	415	0	606	0.303	0.9900990099009901
phlag_0005-c_min25max81	1288	587	27	98	0.0625	0.808
phlag_0005-c_min25max81	1499	168	24	309	0.1665	0.6006006006006006
phlag_0005-c_min25max81	298	1202	414	86	0.25	0.802
phlag_0005-c_min25max81	1676	122	0	202	0.101	0.9900990099009901
phlag_0005-c_min25max81	1149	18	0	833	0.4165	0.6002400960384153
phlag_0005-c_min25max81	1251	0	2	747	0.3745	0.801068090787717
phlag_0005-c_min25max81	1334	0	666	0	0.333	0.6006006006006006
phlag_0005-c_min25max81	1245	6	6	743	0.3745	0.801068090787717
phlag_0005-c_min25max81	1375	0	6	619	0.3125	0.8016
phlag_0005-c_min25max81	950	50	35	965	0.5	0.6
phlag_0005-c_min25max81	1493	7	4	496	0.25	0.802
phlag_0005-c_min25max81	1741	9	22	228	0.125	0.804
phlag_0005-c_min25max81	0	1875	0	125	0.0625	0.808
phlag_0005-c_min25max81	1394	0	0	606	0.303	0.9900990099009901
phlag_0005-c_min25max81	1596	0	0	404	0.202	0.9900990099009901
phlag_0005-c_min25max81	1623	3	0	374	0.187	0.8021390374331551
phlag_0005-c_min25max81	1499	1	0	500	0.25	0.802
phlag_0005-c_min25max81	1622	4	13	361	0.187	0.8021390374331551
phlag_0005-c_min25max81	1334	0	666	0	0.333	0.6006006006006006
phlag_0005-c_min25max81	1798	0	0	202	0.101	0.9900990099009901
phlag_0005-c_min25max81	1495	0	0	505	0.2525	0.9900990099009901
phlag_0005-c_min25max81	1269	565	36	130	0.083	0.6024096385542168
phlag_0005-c_min25max81	1823	11	1	165	0.083	0.6024096385542168
phlag_0005-c_min25max81	864	303	88	745	0.4165	0.6002400960384153
phlag_0005-c_min25max81	1148	19	25	808	0.4165	0.6002400960384153
phlag_0005-c_min25max81	1575	92	6	327	0.1665	0.6006006006006006
phlag_0005-c_min25max81	1587	80	8	325	0.1665	0.6006006006006006
phlag_0005-c_min25max81	58	1639	303	0	0.1515	0.9900990099009901
phlag_0005-c_min25max81	1404	91	0	505	0.2525	0.9900990099009901
phlag_0005-c_min25max81	1784	14	0	202	0.101	0.9900990099009901
phlag_0005-c_min25max81	1494	1	0	505	0.2525	0.9900990099009901
phlag_0005-c_min25max81	1329	5	81	585	0.333	0.6006006006006006
phlag_0005-c_min25max81	1817	82	0	101	0.0505	0.9900990099009901
phlag_0005-c_min25max81	1455	45	2	498	0.25	0.802
phlag_0005-c_min25max81	1216	159	6	619	0.3125	0.8016
phlag_0005-c_min25max81	229	1165	600	6	0.303	0.9900990099009901
phlag_0005-c_min25max81	1500	0	11	489	0.25	0.802
phlag_0005-c_min25max81	156	1178	389	277	0.333	0.6006006006006006
phlag_0005-c_min25max81	1217	480	0	303	0.1515	0.9900990099009901
phlag_0005-c_min25max81	1321	179	3	497	0.25	0.802
phlag_0005-c_min25max81	1148	519	295	38	0.1665	0.6006006006006006
phlag_0005-c_min25max81	967	33	68	932	0.5	0.6
phlag_0005-c_min25max81	115	885	772	228	0.5	0.6
phlag_0005-c_min25max81	1653	44	0	303	0.1515	0.9900990099009901
phlag_0005-c_min25max81	983	17	986	14	0.5	0.6
phlag_0005-c_min25max81	1251	0	745	4	0.3745	0.801068090787717
phlag_0005-c_min25max81	1875	0	125	0	0.0625	0.808
phlag_0005-c_min25max81	1590	36	3	371	0.187	0.8021390374331551
phlag_0005-c_min25max81	1167	0	4	829	0.4165	0.6002400960384153
phlag_0005-c_min25max81	89	1286	569	56	0.3125	0.8016
phlag_0005-c_min25max81	9	1741	233	17	0.125	0.804
phlag_0005-c_min25max81	1750	0	0	250	0.125	0.804
phlag_0005-c_min25max81	1394	0	0	606	0.303	0.9900990099009901
phlag_0005-c_min25max81	1332	2	11	655	0.333	0.6006006006006006
phlag_0005-c_min25max81	1348	152	33	467	0.25	0.6
phlag_0005-c_min25max81	1136	31	124	709	0.4165	0.6002400960384153
phlag_0005-c_min25max81	1394	0	1	605	0.303	0.9900990099009901
phlag_0005-c_min25max81	1620	6	0	374	0.187	0.8021390374331551
phlag_0005-c_min25max81	1809	66	0	125	0.0625	0.808
phlag_0005-c_min25max81	962	788	115	135	0.125	0.804
phlag_0005-c_min25max81	1167	0	38	795	0.4165	0.6002400960384153
phlag_0005-c_min25max81	1500	0	25	475	0.25	0.802
phlag_0005-c_min25max81	694	306	270	730	0.5	0.6
phlag_0005-c_min25max81	1595	1	0	404	0.202	0.9900990099009901
phlag_0005-c_min25max81	1367	8	110	515	0.3125	0.8016
phlag_0005-c_min25max81	1500	0	8	492	0.25	0.802
phlag_0005-c_min25max81	1167	0	39	794	0.4165	0.6002400960384153
phlag_0005-c_min25max81	1596	0	0	404	0.202	0.9900990099009901
phlag_0005-c_min25max81	1143	357	6	494	0.25	0.802
phlag_0005-c_min25max81	1251	0	1	748	0.3745	0.801068090787717
phlag_0005-c_min25max81	64	1562	348	26	0.187	0.8021390374331551
phlag_0005-c_min25max81	2	1498	488	12	0.25	0.802
phlag_0005-c_min25max81	1697	0	0	303	0.1515	0.9900990099009901
phlag_0005-c_min25max81	1745	5	1	249	0.125	0.804
phlag_0005-c_min25max81	1597	29	12	362	0.187	0.8021390374331551
phlag_0005-c_min25max81	1000	0	43	957	0.5	0.6
phlag_0005-c_min25max81	1481	269	36	214	0.125	0.804
phlag_0005-c_min25max81	1625	1	0	374	0.187	0.8021390374331551
phlag_0005-c_min25max81	1251	0	16	733	0.3745	0.801068090787717
phlag_0005-c_min25max81	150	1101	689	60	0.3745	0.801068090787717
phlag_0005-c_min25max81	10	1889	101	0	0.0505	0.9900990099009901
phlag_0005-c_min25max81	25	1601	332	42	0.187	0.8021390374331551
phlag_0005-c_min25max81	1803	31	20	146	0.083	0.6024096385542168
phlag_0005-c_min25max81	1500	0	0	500	0.25	0.802
phlag_0005-c_min25max81	969	365	117	549	0.333	0.6006006006006006
phlag_0005-c_min25max81	1543	356	0	101	0.0505	0.9900990099009901
phlag_0005-c_min25max81	1333	42	10	615	0.3125	0.8016
phlag_0005-c_min25max81	1798	0	0	202	0.101	0.9900990099009901
phlag_0005-c_min25max81	1000	0	81	919	0.5	0.6
phlag_0005-c_min25max81	1620	6	0	374	0.187	0.8021390374331551
phlag_0005-c_min25max81	1430	469	3	98	0.0505	0.9900990099009901
phlag_0005-c_min25max81	1225	26	13	736	0.3745	0.801068090787717
phlag_0005-c_min25max81	1750	0	3	247	0.125	0.804
phlag_0005-c_min25max81	1426	69	0	505	0.2525	0.9900990099009901
phlag_0005-c_min25max81	1025	142	18	815	0.4165	0.6002400960384153
phlag_0005-c_min25max81	1249	2	0	749	0.3745	0.801068090787717
phlag_0005-c_min25max81	1000	0	999	1	0.5	0.6
phlag_0005-c_min25max81	1621	5	369	5	0.187	0.8021390374331551
phlag_0005-c_min25max81	1581	15	0	404	0.202	0.9900990099009901
phlag_0005-c_min25max81	1	1374	499	126	0.3125	0.8016
phlag_0005-c_min25max81	1251	0	54	695	0.3745	0.801068090787717
phlag_0005-c_min25max81	1751	148	0	101	0.0505	0.9900990099009901
phlag_0005-c_min25max81	934	400	394	272	0.333	0.6006006006006006
phlag_0005-c_min25max81	1334	0	6	660	0.333	0.6006006006006006
phlag_0005-c_min25max81	1872	3	0	125	0.0625	0.808
phlag_0005-c_min25max81	1500	0	296	204	0.25	0.6
phlag_0005-c_min25max81	1194	640	64	102	0.083	0.6024096385542168
phlag_0005-c_min25max81	1308	26	43	623	0.333	0.6006006006006006
phlag_0005-c_min25max81	1832	2	0	166	0.083	0.6024096385542168
phlag_0005-c_min25max81	259	1491	211	39	0.125	0.804
phlag_0005-c_min25max81	1682	68	1	249	0.125	0.804
phlag_0005-c_min25max81	1580	218	0	202	0.101	0.9900990099009901
phlag_0005-c_min25max81	1725	73	0	202	0.101	0.9900990099009901
phlag_0005-c_min25max81	1483	12	0	505	0.2525	0.9900990099009901
phlag_0005-c_min25max81	1460	40	9	491	0.25	0.802
phlag_0005-c_min25max81	1696	1	0	303	0.1515	0.9900990099009901
phlag_0005-c_min25max81	1620	47	14	319	0.1665	0.6006006006006006
phlag_0005-c_min25max81	1361	14	10	615	0.3125	0.8016
phlag_0005-c_min25max81	1518	78	0	404	0.202	0.9900990099009901
phlag_0005-c_min25max81	22	1473	505	0	0.2525	0.9900990099009901
phlag_0005-c_min25max81	1890	9	0	101	0.0505	0.9900990099009901
phlag_0005-c_min25max81	1166	1	27	806	0.4165	0.6002400960384153
phlag_0005-c_min25max81	1294	373	72	261	0.1665	0.6006006006006006
phlag_0005-c_min25max81	1403	97	5	495	0.25	0.802
phlag_0005-c_min25max81	1834	0	4	162	0.083	0.6024096385542168
phlag_0005-c_min25max81	491	1105	397	7	0.202	0.9900990099009901
phlag_0005-c_min25max81	1798	0	0	202	0.101	0.9900990099009901
phlag_0005-c_min25max81	1367	8	4	621	0.3125	0.8016
phlag_0005-c_min25max81	430	737	660	173	0.4165	0.6002400960384153
phlag_0005-c_min25max81	1305	29	149	517	0.333	0.6006006006006006
phlag_0005-c_min25max81	1570	26	1	403	0.202	0.9900990099009901
phlag_0005-c_min25max81	1142	25	126	707	0.4165	0.6002400960384153
phlag_0005-c_min25max81	3	1492	502	3	0.2525	0.9900990099009901
phlag_0005-c_min25max81	1394	0	0	606	0.303	0.9900990099009901
phlag_0005-c_min25max81	1472	23	0	505	0.2525	0.9900990099009901
phlag_0005-c_min25max81	1750	0	0	250	0.125	0.804
phlag_0005-c_min25max81	1394	0	0	606	0.303	0.9900990099009901
phlag_0005-c_min25max81	1498	2	0	500	0.25	0.6
phlag_0005-c_min25max81	1495	0	0	505	0.2525	0.9900990099009901
phlag_0005-c_min25max81	1596	0	0	404	0.202	0.9900990099009901
phlag_0005-c_min25max81	59	1335	606	0	0.303	0.9900990099009901
phlag_0005-c_min25max81	33	1342	554	71	0.3125	0.8016
phlag_0005-c_min25max81	1864	11	0	125	0.0625	0.808
phlag_0005-c_min25max81	492	1003	498	7	0.2525	0.9900990099009901
phlag_0005-c_min25max81	1707	43	6	244	0.125	0.804
phlag_0005-c_min25max81	1834	0	166	0	0.083	0.6024096385542168
phlag_0005-c_min25max81	1166	1	0	833	0.4165	0.6002400960384153
phlag_0005-c_min25max81	1595	1	0	404	0.202	0.9900990099009901
phlag_0005-c_min25max81	16	1151	659	174	0.4165	0.6002400960384153
phlag_0005-c_min25max81	960	40	974	26	0.5	0.6
phlag_0005-c_min25max81	1375	0	7	618	0.3125	0.8016
phlag_0005-c_min25max81	68	1432	445	55	0.25	0.802
phlag_0005-c_min25max81	1000	0	25	975	0.5	0.6
phlag_0005-c_min25max81	1587	9	0	404	0.202	0.9900990099009901
phlag_0005-c_min25max81	6	1620	324	50	0.187	0.8021390374331551
phlag_0005-c_min25max81	12	1822	148	18	0.083	0.6024096385542168
phlag_0005-c_min25max81	1157	10	2	831	0.4165	0.6002400960384153
phlag_0005-c_min25max81	1337	158	3	502	0.2525	0.9900990099009901
phlag_0005-c_min25max81	1000	0	5	995	0.5	0.6
phlag_0005-c_min25max81	1499	1	53	447	0.25	0.6
phlag_0005-c_min25max81	1498	169	29	304	0.1665	0.6006006006006006
phlag_0005-c_min25max81	1492	8	0	500	0.25	0.6
phlag_0005-c_min25max81	134	1241	565	60	0.3125	0.8016
phlag_0005-c_min25max81	979	21	202	798	0.5	0.6
phlag_0005-c_min25max81	1039	628	93	240	0.1665	0.6006006006006006
phlag_0005-c_min25max81	1147	348	3	502	0.2525	0.9900990099009901
phlag_0005-c_min25max81	1515	111	12	362	0.187	0.8021390374331551
phlag_0005-c_min25max81	1830	4	166	0	0.083	0.6024096385542168
phlag_0005-c_min25max81	1870	5	0	125	0.0625	0.808
phlag_0005-c_min25max81	1667	0	14	319	0.1665	0.6006006006006006
phlag_0005-c_min25max81	1245	130	51	574	0.3125	0.8016
phlag_0005-c_min25max81	1579	296	2	123	0.0625	0.808
phlag_0005-c_min25max81	1431	69	38	462	0.25	0.6
phlag_0005-c_min25max81	1372	3	14	611	0.3125	0.8016
phlag_0005-c_min25max81	993	633	9	365	0.187	0.8021390374331551
phlag_0005-c_min25max81	1133	742	9	116	0.0625	0.808
phlag_0005-c_min25max81	1492	3	0	505	0.2525	0.9900990099009901
phlag_0005-c_min25max81	1375	0	0	625	0.3125	0.8016
phlag_0005-c_min25max81	1481	14	0	505	0.2525	0.9900990099009901
phlag_0005-c_min25max81	1692	207	0	101	0.0505	0.9900990099009901
phlag_0005-c_min25max81	1522	74	0	404	0.202	0.9900990099009901
phlag_0005-c_min25max81	1823	11	0	166	0.083	0.6024096385542168
phlag_0005-c_min25max81	1331	3	10	656	0.333	0.6006006006006006
phlag_0005-c_min25max81	1760	74	0	166	0.083	0.6024096385542168
phlag_0005-c_min25max81	1255	245	20	480	0.25	0.802
phlag_0005-c_min25max81	1439	395	8	158	0.083	0.6024096385542168
phlag_0005-c_min25max81	56	1694	0	250	0.125	0.804
phlag_0005-c_min25max81	1164	87	51	698	0.3745	0.801068090787717
phlag_0005-c_min25max81	1453	214	13	320	0.1665	0.6006006006006006
phlag_0005-c_min25max81	1626	0	0	374	0.187	0.8021390374331551
phlag_0005-c_min25max81	1475	25	15	485	0.25	0.6
phlag_0005-c_min25max81	1500	0	3	497	0.25	0.6
phlag_0005-c_min25max81	1221	577	11	191	0.101	0.9900990099009901
phlag_0005-c_min25max81	1293	41	9	657	0.333	0.6006006006006006
phlag_0005-c_min25max81	10	1586	401	3	0.202	0.9900990099009901
phlag_0005-c_min25max81	1239	12	0	749	0.3745	0.801068090787717
phlag_0005-c_min25max81	7	1589	404	0	0.202	0.9900990099009901
phlag_0005-c_min25max81	1495	0	0	505	0.2525	0.9900990099009901
phlag_0005-c_min25max81	1743	7	0	250	0.125	0.804
phlag_0005-c_min25max81	1496	4	0	500	0.25	0.6
phlag_0005-c_min25max81	1316	18	11	655	0.333	0.6006006006006006
phlag_0005-c_min25max81	1233	262	0	505	0.2525	0.9900990099009901
phlag_0005-c_min25max81	1485	10	0	505	0.2525	0.9900990099009901
phlag_0005-c_min25max81	1875	24	0	101	0.0505	0.9900990099009901
phlag_0005-c_min25max81	1045	206	98	651	0.3745	0.801068090787717
phlag_0005-c_min25max81	850	484	106	560	0.333	0.6006006006006006
phlag_0005-c_min25max81	937	63	5	995	0.5	0.6
phlag_0005-c_min25max81	1418	249	20	313	0.1665	0.6006006006006006
phlag_0005-c_min25max81	3	1248	748	1	0.3745	0.801068090787717
phlag_0005-c_min25max81	965	35	19	981	0.5	0.6
phlag_0005-c_min25max81	1680	17	0	303	0.1515	0.9900990099009901
phlag_0005-c_min25max81	1038	337	609	16	0.3125	0.8016
phlag_0005-c_min25max81	1667	0	12	321	0.1665	0.6006006006006006
phlag_0005-c_min25max81	7	1368	608	17	0.3125	0.8016
phlag_0005-c_min25max81	1503	247	0	250	0.125	0.804
phlag_0005-c_min25max81	1782	93	0	125	0.0625	0.808
phlag_0005-c_min25max81	1365	10	1	624	0.3125	0.8016
phlag_0005-c_min25max81	9	1617	367	7	0.187	0.8021390374331551
phlag_0005-c_min25max81	1621	129	8	242	0.125	0.804
phlag_0005-c_min25max81	1848	27	0	125	0.0625	0.808
phlag_0005-c_min25max81	1500	0	500	0	0.25	0.6
phlag_0005-c_min25max81	1590	77	39	294	0.1665	0.6006006006006006
phlag_0005-c_min25max81	1667	0	34	299	0.1665	0.6006006006006006
phlag_0005-c_min25max81	1709	166	0	125	0.0625	0.808
phlag_0005-c_min25max81	37	1463	335	165	0.25	0.6
phlag_0005-c_min25max81	159	1341	424	76	0.25	0.6
phlag_0005-c_min25max81	22	1812	145	21	0.083	0.6024096385542168
phlag_0005-c_min25max81	1316	18	657	9	0.333	0.6006006006006006
phlag_0005-c_min25max81	1898	1	0	101	0.0505	0.9900990099009901
phlag_0005-c_min25max81	1776	22	0	202	0.101	0.9900990099009901
phlag_0005-c_min25max81	1798	0	1	201	0.101	0.9900990099009901
phlag_0005-c_min25max81	1390	4	0	606	0.303	0.9900990099009901
phlag_0005-c_min25max81	172	1578	237	13	0.125	0.804
phlag_0005-c_min25max81	1493	2	0	505	0.2525	0.9900990099009901
phlag_0005-c_min25max81	997	3	61	939	0.5	0.6
phlag_0005-c_min25max81	1493	7	97	403	0.25	0.802
phlag_0005-c_min25max81	1113	584	0	303	0.1515	0.9900990099009901
phlag_0005-c_min25max81	98	1498	403	1	0.202	0.9900990099009901
phlag_0005-c_min25max81	1167	0	49	784	0.4165	0.6002400960384153
phlag_0005-c_min25max81	55	1112	681	152	0.4165	0.6002400960384153
phlag_0005-c_min25max81	1193	504	0	303	0.1515	0.9900990099009901
phlag_0005-c_min25max81	1332	2	1	665	0.333	0.6006006006006006
phlag_0005-c_min25max81	1701	49	8	242	0.125	0.804
phlag_0005-c_min25max81	1129	38	36	797	0.4165	0.6002400960384153
phlag_0005-c_min25max81	1035	561	9	395	0.202	0.9900990099009901
phlag_0005-c_min25max81	1384	10	0	606	0.303	0.9900990099009901
phlag_0005-c_min25max81	1863	12	0	125	0.0625	0.808
phlag_0005-c_min25max81	1251	0	688	61	0.3745	0.801068090787717
phlag_0005-c_min25max81	1587	9	0	404	0.202	0.9900990099009901
phlag_0005-c_min25max81	1720	30	3	247	0.125	0.804
phlag_0005-c_min25max81	1797	1	0	202	0.101	0.9900990099009901
phlag_0005-c_min25max81	1899	0	0	101	0.0505	0.9900990099009901
phlag_0005-c_min25max81	364	970	495	171	0.333	0.6006006006006006
phlag_0005-c_min25max81	1334	0	0	666	0.333	0.6006006006006006
phlag_0005-c_min25max81	1121	546	146	187	0.1665	0.6006006006006006
phlag_0005-c_min25max81	1591	5	0	404	0.202	0.9900990099009901
phlag_0005-c_min25max81	1245	6	749	0	0.3745	0.801068090787717
phlag_0005-c_min25max81	1381	13	0	606	0.303	0.9900990099009901
phlag_0005-c_min25max81	1339	161	7	493	0.25	0.802
phlag_0005-c_min25max81	2	1624	374	0	0.187	0.8021390374331551
phlag_0005-c_min25max81	1000	0	3	997	0.5	0.6
phlag_0005-c_min25max81	1163	88	18	731	0.3745	0.801068090787717
phlag_0005-c_min25max81	1296	538	15	151	0.083	0.6024096385542168
phlag_0005-c_min25max81	1798	0	0	202	0.101	0.9900990099009901
phlag_0005-c_min25max81	1697	0	1	302	0.1515	0.9900990099009901
phlag_0005-c_min25max81	1145	22	46	787	0.4165	0.6002400960384153
phlag_0005-c_min25max81	1643	232	2	123	0.0625	0.808
phlag_0005-c_min25max81	1019	356	40	585	0.3125	0.8016
phlag_0005-c_min25max81	1635	62	0	303	0.1515	0.9900990099009901
phlag_0005-c_min25max81	308	1067	573	52	0.3125	0.8016
phlag_0005-c_min25max81	1494	1	0	505	0.2525	0.9900990099009901
phlag_0005-c_min25max81	1416	281	0	303	0.1515	0.9900990099009901
phlag_0005-c_min25max81	1697	0	303	0	0.1515	0.9900990099009901
phlag_0005-c_min25max81	1495	0	0	505	0.2525	0.9900990099009901
phlag_0005-c_min25max81	1867	8	115	10	0.0625	0.808
phlag_0005-c_min25max81	923	411	206	460	0.333	0.6006006006006006
phlag_0005-c_min25max81	1251	0	10	739	0.3745	0.801068090787717
phlag_0005-c_min25max81	1550	46	1	403	0.202	0.9900990099009901
phlag_0005-c_min25max81	1104	795	28	73	0.0505	0.9900990099009901
phlag_0005-c_min25max81	1825	9	1	165	0.083	0.6024096385542168
phlag_0005-c_min25max81	1618	132	0	250	0.125	0.804
phlag_0005-c_min25max81	846	321	256	577	0.4165	0.6002400960384153
phlag_0005-c_min25max81	1659	8	0	333	0.1665	0.6006006006006006
phlag_0005-c_min25max81	1899	0	0	101	0.0505	0.9900990099009901
phlag_0005-c_min25max81	1697	0	0	303	0.1515	0.9900990099009901
phlag_0005-c_min25max81	967	33	42	958	0.5	0.6
phlag_0005-c_min25max81	138	1488	340	34	0.187	0.8021390374331551
phlag_0005-c_min25max81	1499	1	0	500	0.25	0.802
phlag_0005-c_min25max81	1076	318	0	606	0.303	0.9900990099009901
phlag_0005-c_min25max81	1094	532	106	268	0.187	0.8021390374331551
phlag_0005-c_min25max81	21	1474	505	0	0.2525	0.9900990099009901
phlag_0005-c_min25max81	1816	18	0	166	0.083	0.6024096385542168
phlag_0005-c_min25max81	420	974	596	10	0.303	0.9900990099009901
phlag_0005-c_min25max81	862	138	488	512	0.5	0.6
phlag_0005-c_min25max81	1641	234	0	125	0.0625	0.808
phlag_0005-c_min25max81	1159	8	8	825	0.4165	0.6002400960384153
phlag_0005-c_min25max81	1239	12	6	743	0.3745	0.801068090787717
phlag_0005-c_min25max81	1415	252	22	311	0.1665	0.6006006006006006
phlag_0005-c_min25max81	1130	567	19	284	0.1515	0.9900990099009901
phlag_0005-c_min25max81	100	1775	125	0	0.0625	0.808
phlag_0005-c_min25max81	1394	0	0	606	0.303	0.9900990099009901
phlag_0005-c_min25max81	1334	0	2	664	0.333	0.6006006006006006
phlag_0005-c_min25max81	1729	21	0	250	0.125	0.804
phlag_0005-c_min25max81	1625	1	3	371	0.187	0.8021390374331551
phlag_0005-c_min25max81	44	1653	303	0	0.1515	0.9900990099009901
phlag_0005-c_min25max81	1167	0	4	829	0.4165	0.6002400960384153
phlag_0005-c_min25max81	1383	11	0	606	0.303	0.9900990099009901
phlag_0005-c_min25max81	1394	0	0	606	0.303	0.9900990099009901
phlag_0005-c_min25max81	1301	93	0	606	0.303	0.9900990099009901
phlag_0005-c_min25max81	1373	294	11	322	0.1665	0.6006006006006006
phlag_0005-c_min25max81	1822	53	3	122	0.0625	0.808
phlag_0005-c_min25max81	1506	90	0	404	0.202	0.9900990099009901
phlag_0005-c_min25max81	1477	23	3	497	0.25	0.802
phlag_0005-c_min25max81	1332	2	24	642	0.333	0.6006006006006006
phlag_0005-c_min25max81	1332	2	63	603	0.333	0.6006006006006006
phlag_0005-c_min25max81	1119	48	97	736	0.4165	0.6002400960384153
phlag_0005-c_min25max81	1492	8	9	491	0.25	0.6
phlag_0005-c_min25max81	1459	41	36	464	0.25	0.6
phlag_0005-c_min25max81	897	103	227	773	0.5	0.6
phlag_0005-c_min25max81	1696	1	0	303	0.1515	0.9900990099009901
phlag_0005-c_min25max81	1784	50	0	166	0.083	0.6024096385542168
phlag_0005-c_min25max81	1495	0	0	505	0.2525	0.9900990099009901
phlag_0005-c_min25max81	1866	9	6	119	0.0625	0.808
phlag_0005-c_min25max81	291	960	648	101	0.3745	0.801068090787717
phlag_0005-c_min25max81	1669	81	0	250	0.125	0.804
phlag_0005-c_min25max81	1486	140	0	374	0.187	0.8021390374331551
phlag_0005-c_min25max81	1449	51	17	483	0.25	0.802
phlag_0005-c_min25max81	1873	26	0	101	0.0505	0.9900990099009901
phlag_0005-c_min25max81	1589	7	0	404	0.202	0.9900990099009901
phlag_0005-c_min25max81	1565	185	3	247	0.125	0.804
phlag_0005-c_min25max81	1704	130	2	164	0.083	0.6024096385542168
phlag_0005-c_min25max81	1553	281	70	96	0.083	0.6024096385542168
phlag_0005-c_min25max81	1668	29	0	303	0.1515	0.9900990099009901
phlag_0005-c_min25max81	1188	63	42	707	0.3745	0.801068090787717
phlag_0005-c_min25max81	1156	719	21	104	0.0625	0.808
phlag_0005-c_min25max81	1710	88	0	202	0.101	0.9900990099009901
phlag_0005-c_min25max81	1028	139	10	823	0.4165	0.6002400960384153
phlag_0005-c_min25max81	1755	43	0	202	0.101	0.9900990099009901
phlag_0005-c_min25max81	1697	0	1	302	0.1515	0.9900990099009901
phlag_0005-c_min25max81	1665	2	17	316	0.1665	0.6006006006006006
phlag_0005-c_min25max81	1054	446	58	442	0.25	0.6
phlag_0005-c_min25max81	1603	23	0	374	0.187	0.8021390374331551
phlag_0005-c_min25max81	1608	59	55	278	0.1665	0.6006006006006006
phlag_0005-c_min25max81	1243	8	14	735	0.3745	0.801068090787717
phlag_0005-c_min25max81	1545	205	5	245	0.125	0.804
phlag_0005-c_min25max81	1688	9	0	303	0.1515	0.9900990099009901
phlag_0005-c_min25max81	1841	58	0	101	0.0505	0.9900990099009901
phlag_0005-c_min25max81	1334	0	2	664	0.333	0.6006006006006006
phlag_0005-c_min25max81	1077	519	0	404	0.202	0.9900990099009901
phlag_0005-c_min25max81	1270	105	0	625	0.3125	0.8016
phlag_0005-c_min25max81	1594	2	1	403	0.202	0.9900990099009901
phlag_0005-c_min25max81	1372	3	10	615	0.3125	0.8016
phlag_0005-c_min25max81	994	501	3	502	0.2525	0.9900990099009901
phlag_0005-c_min25max81	1854	21	0	125	0.0625	0.808
phlag_0005-c_min25max81	987	13	138	862	0.5	0.6
phlag_0005-c_min25max81	1607	292	0	101	0.0505	0.9900990099009901
phlag_0005-c_min25max81	1317	517	36	130	0.083	0.6024096385542168
phlag_0005-c_min25max81	1798	0	0	202	0.101	0.9900990099009901
phlag_0005-c_min25max81	1498	2	15	485	0.25	0.6
phlag_0005-c_min25max81	1697	0	0	303	0.1515	0.9900990099009901
phlag_0005-c_min25max81	100	1400	452	48	0.25	0.802
phlag_0005-c_min25max81	1791	84	0	125	0.0625	0.808
phlag_0005-c_min25max81	1251	0	7	742	0.3745	0.801068090787717
phlag_0005-c_min25max81	1445	252	0	303	0.1515	0.9900990099009901
phlag_0005-c_min25max81	1164	3	60	773	0.4165	0.6002400960384153
phlag_0005-c_min25max81	43	1755	202	0	0.101	0.9900990099009901
phlag_0005-c_min25max81	997	3	19	981	0.5	0.6
phlag_0005-c_min25max81	1487	412	0	101	0.0505	0.9900990099009901
phlag_0005-c_min25max81	1411	215	8	366	0.187	0.8021390374331551
phlag_0005-c_min25max81	1013	154	12	821	0.4165	0.6002400960384153
phlag_0005-c_min25max81	1818	16	160	6	0.083	0.6024096385542168
phlag_0005-c_min25max81	90	1077	637	196	0.4165	0.6002400960384153
phlag_0005-c_min25max81	1598	28	232	142	0.187	0.8021390374331551
phlag_0005-c_min25max81	1697	0	0	303	0.1515	0.9900990099009901
phlag_0005-c_min25max81	1396	230	21	353	0.187	0.8021390374331551
phlag_0005-c_min25max81	1587	80	0	333	0.1665	0.6006006006006006
phlag_0005-c_min25max81	1549	285	5	161	0.083	0.6024096385542168
phlag_0005-c_min25max81	1323	71	0	606	0.303	0.9900990099009901
phlag_0005-c_min25max81	1455	295	10	240	0.125	0.804
phlag_0005-c_min25max81	1275	351	11	363	0.187	0.8021390374331551
phlag_0005-c_min25max81	752	748	456	44	0.25	0.802
phlag_0005-c_min25max81	1000	0	89	911	0.5	0.6
phlag_0005-c_min25max81	1000	0	978	22	0.5	0.6
phlag_0005-c_min25max81	1248	3	7	742	0.3745	0.801068090787717
phlag_0005-c_min25max81	1391	3	0	606	0.303	0.9900990099009901
phlag_0005-c_min25max81	727	524	117	632	0.3745	0.801068090787717
phlag_0005-c_min25max81	1274	120	1	605	0.303	0.9900990099009901
phlag_0005-c_min25max81	1663	34	1	302	0.1515	0.9900990099009901
phlag_0005-c_min25max81	1391	205	0	404	0.202	0.9900990099009901
phlag_0005-c_min25max81	1623	3	0	374	0.187	0.8021390374331551
phlag_0005-c_min25max81	1574	260	7	159	0.083	0.6024096385542168
phlag_0005-c_min25max81	1540	359	0	101	0.0505	0.9900990099009901
phlag_0005-c_min25max81	1813	86	0	101	0.0505	0.9900990099009901
phlag_0005-c_min25max81	1126	41	61	772	0.4165	0.6002400960384153
phlag_0005-c_min25max81	1040	335	20	605	0.3125	0.8016
phlag_0005-c_min25max81	1325	69	3	603	0.303	0.9900990099009901
phlag_0005-c_min25max81	49	1648	303	0	0.1515	0.9900990099009901
phlag_0005-c_min25max81	1260	74	11	655	0.333	0.6006006006006006
phlag_0005-c_min25max81	1880	19	0	101	0.0505	0.9900990099009901
phlag_0005-c_min25max81	988	12	30	970	0.5	0.6
phlag_0005-c_min25max81	1134	200	115	551	0.333	0.6006006006006006
phlag_0005-c_min25max81	1033	361	0	606	0.303	0.9900990099009901
phlag_0005-c_min25max81	974	526	18	482	0.25	0.802
phlag_0005-c_min25max81	456	938	593	13	0.303	0.9900990099009901
phlag_0005-c_min25max81	1335	59	0	606	0.303	0.9900990099009901
phlag_0005-c_min25max81	1160	7	186	647	0.4165	0.6002400960384153
phlag_0005-c_min25max81	1530	304	21	145	0.083	0.6024096385542168
phlag_0005-c_min25max81	1390	4	0	606	0.303	0.9900990099009901
phlag_0005-c_min25max81	1596	0	0	404	0.202	0.9900990099009901
phlag_0005-c_min25max81	314	1061	548	77	0.3125	0.8016
phlag_0005-c_min25max81	1482	18	4	496	0.25	0.802
phlag_0005-c_min25max81	1667	0	9	324	0.1665	0.6006006006006006
phlag_0005-c_min25max81	1652	15	63	270	0.1665	0.6006006006006006
phlag_0005-c_min25max81	1574	52	10	364	0.187	0.8021390374331551
phlag_0005-c_min25max81	1213	162	0	625	0.3125	0.8016
phlag_0005-c_min25max81	1890	9	0	101	0.0505	0.9900990099009901
phlag_0005-c_min25max81	8	1243	729	20	0.3745	0.801068090787717
phlag_0005-c_min25max81	7	1791	202	0	0.101	0.9900990099009901
phlag_0005-c_min25max81	3	1497	454	46	0.25	0.802
phlag_0005-c_min25max81	1573	94	7	326	0.1665	0.6006006006006006
phlag_0005-c_min25max81	1782	117	0	101	0.0505	0.9900990099009901
phlag_0005-c_min25max81	1453	47	5	495	0.25	0.6
phlag_0005-c_min25max81	1741	9	3	247	0.125	0.804
phlag_0005-c_min25max81	1565	61	0	374	0.187	0.8021390374331551
phlag_0005-c_min25max81	1653	14	0	333	0.1665	0.6006006006006006
phlag_0005-c_min25max81	1785	13	202	0	0.101	0.9900990099009901
phlag_0005-c_min25max81	1691	59	8	242	0.125	0.804
phlag_0005-c_min25max81	1467	33	5	495	0.25	0.802
phlag_0005-c_min25max81	1385	110	0	505	0.2525	0.9900990099009901
phlag_0005-c_min25max81	74	1301	625	0	0.3125	0.8016
phlag_0005-c_min25max81	1599	27	0	374	0.187	0.8021390374331551
phlag_0005-c_min25max81	11	1864	120	5	0.0625	0.808
phlag_0005-c_min25max81	1460	136	0	404	0.202	0.9900990099009901
phlag_0005-c_min25max81	1375	0	3	622	0.3125	0.8016
phlag_0005-c_min25max81	1711	39	5	245	0.125	0.804
phlag_0005-c_min25max81	915	336	46	703	0.3745	0.801068090787717
phlag_0005-c_min25max81	1348	46	1	605	0.303	0.9900990099009901
phlag_0005-c_min25max81	807	444	14	735	0.3745	0.801068090787717
phlag_0005-c_min25max81	1129	770	1	100	0.0505	0.9900990099009901
phlag_0005-c_min25max81	1559	108	3	330	0.1665	0.6006006006006006
phlag_0005-c_min25max81	1697	0	227	76	0.1515	0.9900990099009901
phlag_0005-c_min25max81	1190	61	11	738	0.3745	0.801068090787717
phlag_0005-c_min25max81	7	1387	605	1	0.303	0.9900990099009901
phlag_0005-c_min25max81	1323	11	0	666	0.333	0.6006006006006006
phlag_0005-c_min25max81	1487	8	0	505	0.2525	0.9900990099009901
phlag_0005-c_min25max81	1488	12	5	495	0.25	0.6
phlag_0005-c_min25max81	242	1384	347	27	0.187	0.8021390374331551
phlag_0005-c_min25max81	999	1	51	949	0.5	0.6
phlag_0005-c_min25max81	1496	201	0	303	0.1515	0.9900990099009901
phlag_0005-c_min25max81	1251	0	0	749	0.3745	0.801068090787717
phlag_0005-c_min25max81	7	1791	202	0	0.101	0.9900990099009901
phlag_0005-c_min25max81	1800	34	3	163	0.083	0.6024096385542168
phlag_0005-c_min25max81	1436	362	2	200	0.101	0.9900990099009901
phlag_0005-c_min25max81	1492	8	40	460	0.25	0.6
phlag_0005-c_min25max81	1667	0	10	323	0.1665	0.6006006006006006
phlag_0005-c_min25max81	1615	82	0	303	0.1515	0.9900990099009901
phlag_0005-c_min25max81	1878	21	0	101	0.0505	0.9900990099009901
phlag_0005-c_min25max81	1493	7	0	500	0.25	0.802
phlag_0005-c_min25max81	1626	0	0	374	0.187	0.8021390374331551
phlag_0005-c_min25max81	1375	0	0	625	0.3125	0.8016
phlag_0005-c_min25max81	340	660	687	313	0.5	0.6
phlag_0005-c_min25max81	1666	132	0	202	0.101	0.9900990099009901
phlag_0005-c_min25max81	1875	0	1	124	0.0625	0.808
phlag_0005-c_min25max81	1709	166	3	122	0.0625	0.808
phlag_0005-c_min25max81	1334	0	76	590	0.333	0.6006006006006006
phlag_0005-c_min25max81	1662	88	2	248	0.125	0.804
phlag_0005-c_min25max81	1656	41	0	303	0.1515	0.9900990099009901
phlag_0005-c_min25max81	862	305	111	722	0.4165	0.6002400960384153
phlag_0005-c_min25max81	12	1382	602	4	0.303	0.9900990099009901
phlag_0005-c_min25max81	1282	52	87	579	0.333	0.6006006006006006
phlag_0005-c_min25max81	1245	654	0	101	0.0505	0.9900990099009901
phlag_0005-c_min25max81	784	383	299	534	0.4165	0.6002400960384153
phlag_0005-c_min25max81	1455	242	0	303	0.1515	0.9900990099009901
phlag_0005-c_min25max81	1298	36	83	583	0.333	0.6006006006006006
phlag_0005-c_min25max81	1834	0	149	17	0.083	0.6024096385542168
phlag_0005-c_min25max81	1286	48	15	651	0.333	0.6006006006006006
phlag_0005-c_min25max81	1394	0	0	606	0.303	0.9900990099009901
phlag_0005-c_min25max81	1166	168	73	593	0.333	0.6006006006006006
phlag_0005-c_min25max81	1375	0	12	613	0.3125	0.8016
phlag_0005-c_min25max81	1281	113	20	586	0.303	0.9900990099009901
phlag_0005-c_min25max81	1852	47	0	101	0.0505	0.9900990099009901
phlag_0005-c_min25max81	1167	0	17	816	0.4165	0.6002400960384153
phlag_0005-c_min25max81	1478	397	0	125	0.0625	0.808
phlag_0005-c_min25max81	187	1510	303	0	0.1515	0.9900990099009901
phlag_0005-c_min25max81	1500	0	0	500	0.25	0.802
phlag_0005-c_min25max81	1656	11	7	326	0.1665	0.6006006006006006
phlag_0005-c_min25max81	1664	3	1	332	0.1665	0.6006006006006006
phlag_0005-c_min25max81	1656	142	0	202	0.101	0.9900990099009901
phlag_0005-c_min25max81	1836	63	0	101	0.0505	0.9900990099009901
phlag_0005-c_min25max81	0	1899	0	101	0.0505	0.9900990099009901
phlag_0005-c_min25max81	1723	27	232	18	0.125	0.804
phlag_0005-c_min25max81	157	1439	404	0	0.202	0.9900990099009901
phlag_0005-c_min25max81	1375	0	2	623	0.3125	0.8016
phlag_0005-c_min25max81	1167	0	833	0	0.4165	0.6002400960384153
phlag_0005-c_min25max81	1142	25	79	754	0.4165	0.6002400960384153
phlag_0005-c_min25max81	1688	9	0	303	0.1515	0.9900990099009901
phlag_0005-c_min25max81	1500	0	2	498	0.25	0.802
phlag_0005-c_min25max81	1141	26	26	807	0.4165	0.6002400960384153
phlag_0005-c_min25max81	1496	4	2	498	0.25	0.6
phlag_0005-c_min25max81	1847	28	0	125	0.0625	0.808
phlag_0005-c_min25max81	1362	537	0	101	0.0505	0.9900990099009901
phlag_0005-c_min25max81	1325	175	33	467	0.25	0.6
phlag_0005-c_min25max81	1394	0	8	598	0.303	0.9900990099009901
phlag_0005-c_min25max81	1720	114	163	3	0.083	0.6024096385542168
phlag_0005-c_min25max81	1833	1	1	165	0.083	0.6024096385542168
phlag_0005-c_min25max81	1500	0	0	500	0.25	0.6
phlag_0005-c_min25max81	1274	101	6	619	0.3125	0.8016
phlag_0005-c_min25max81	0	1251	721	28	0.3745	0.801068090787717
phlag_0005-c_min25max81	1697	0	0	303	0.1515	0.9900990099009901
phlag_0005-c_min25max81	1506	90	0	404	0.202	0.9900990099009901
phlag_0005-c_min25max81	1495	0	0	505	0.2525	0.9900990099009901
phlag_0005-c_min25max81	1381	215	0	404	0.202	0.9900990099009901
phlag_0005-c_min25max81	1559	37	0	404	0.202	0.9900990099009901
phlag_0005-c_min25max81	9	1242	680	69	0.3745	0.801068090787717
phlag_0005-c_min25max81	1626	0	0	374	0.187	0.8021390374331551
phlag_0005-c_min25max81	1481	269	4	246	0.125	0.804
phlag_0005-c_min25max81	1280	54	44	622	0.333	0.6006006006006006
phlag_0005-c_min25max81	6	1691	302	1	0.1515	0.9900990099009901
phlag_0005-c_min25max81	1308	86	1	605	0.303	0.9900990099009901
phlag_0005-c_min25max81	1596	0	1	403	0.202	0.9900990099009901
phlag_0005-c_min25max81	1495	101	2	402	0.202	0.9900990099009901
phlag_0005-c_min25max81	1809	25	118	48	0.083	0.6024096385542168
phlag_0005-c_min25max81	1301	93	0	606	0.303	0.9900990099009901
phlag_0005-c_min25max81	1897	2	1	100	0.0505	0.9900990099009901
phlag_0005-c_min25max81	1826	8	21	145	0.083	0.6024096385542168
phlag_0005-c_min25max81	1365	29	0	606	0.303	0.9900990099009901
phlag_0005-c_min25max81	1394	0	0	606	0.303	0.9900990099009901
phlag_0005-c_min25max81	1108	387	0	505	0.2525	0.9900990099009901
phlag_0005-c_min25max81	1697	0	0	303	0.1515	0.9900990099009901
phlag_0005-c_min25max81	1206	544	14	236	0.125	0.804
phlag_0005-c_min25max81	1697	0	303	0	0.1515	0.9900990099009901
phlag_0005-c_min25max81	586	1111	297	6	0.1515	0.9900990099009901
phlag_0005-c_min25max81	838	162	105	895	0.5	0.6
phlag_0005-c_min25max81	1500	0	1	499	0.25	0.6
phlag_0005-c_min25max81	1596	0	0	404	0.202	0.9900990099009901
phlag_0005-c_min25max81	1394	0	2	604	0.303	0.9900990099009901
phlag_0005-c_min25max81	1500	0	24	476	0.25	0.6
phlag_0005-c_min25max81	1670	27	1	302	0.1515	0.9900990099009901
phlag_0005-c_min25max81	946	554	132	368	0.25	0.6
phlag_0005-c_min25max81	110	890	741	259	0.5	0.6
phlag_0005-c_min25max81	1724	110	10	156	0.083	0.6024096385542168
phlag_0005-c_min25max81	1162	5	16	817	0.4165	0.6002400960384153
phlag_0005-c_min25max81	1488	7	0	505	0.2525	0.9900990099009901
phlag_0005-c_min25max81	1352	148	7	493	0.25	0.802
phlag_0005-c_min25max81	1327	173	7	493	0.25	0.802
phlag_0005-c_min25max81	1846	29	0	125	0.0625	0.808
phlag_0005-c_min25max81	1610	16	1	373	0.187	0.8021390374331551
phlag_0005-c_min25max81	1597	29	2	372	0.187	0.8021390374331551
phlag_0005-c_min25max81	1300	200	35	465	0.25	0.6
phlag_0005-c_min25max81	1334	0	5	661	0.333	0.6006006006006006
phlag_0005-c_min25max81	1598	28	0	374	0.187	0.8021390374331551
phlag_0005-c_min25max81	1556	278	6	160	0.083	0.6024096385542168
phlag_0005-c_min25max81	1119	756	19	106	0.0625	0.808
phlag_0005-c_min25max81	986	14	365	635	0.5	0.6
phlag_0005-c_min25max81	1874	1	1	124	0.0625	0.808
phlag_0005-c_min25max81	1795	3	0	202	0.101	0.9900990099009901
phlag_0005-c_min25max81	1374	1	0	625	0.3125	0.8016
phlag_0005-c_min25max81	1828	71	0	101	0.0505	0.9900990099009901
phlag_0005-c_min25max81	1583	292	26	99	0.0625	0.808
phlag_0005-c_min25max81	1235	16	1	748	0.3745	0.801068090787717
phlag_0005-c_min25max81	1054	821	34	91	0.0625	0.808
phlag_0005-c_min25max81	1186	481	68	265	0.1665	0.6006006006006006
phlag_0005-c_min25max81	1596	0	0	404	0.202	0.9900990099009901
phlag_0005-c_min25max81	1496	4	6	494	0.25	0.802
phlag_0005-c_min25max81	1371	124	0	505	0.2525	0.9900990099009901
phlag_0005-c_min25max81	1583	84	7	326	0.1665	0.6006006006006006
phlag_0005-c_min25max81	436	1463	101	0	0.0505	0.9900990099009901
phlag_0005-c_min25max81	1118	382	152	348	0.25	0.6
phlag_0005-c_min25max81	1798	0	202	0	0.101	0.9900990099009901
phlag_0005-c_min25max81	1461	39	456	44	0.25	0.802
phlag_0005-c_min25max81	1042	625	77	256	0.1665	0.6006006006006006
phlag_0005-c_min25max81	1372	3	0	625	0.3125	0.8016
phlag_0005-c_min25max81	0	1500	492	8	0.25	0.802
phlag_0005-c_min25max81	11	1585	404	0	0.202	0.9900990099009901
phlag_0005-c_min25max81	1405	90	0	505	0.2525	0.9900990099009901
phlag_0005-c_min25max81	1704	171	7	118	0.0625	0.808
phlag_0005-c_min25max81	1251	0	14	735	0.3745	0.801068090787717
phlag_0005-c_min25max81	1066	185	104	645	0.3745	0.801068090787717
phlag_0005-c_min25max81	967	200	110	723	0.4165	0.6002400960384153
phlag_0005-c_min25max81	1339	36	28	597	0.3125	0.8016
phlag_0005-c_min25max81	1487	13	14	486	0.25	0.6
phlag_0005-c_min25max81	953	47	188	812	0.5	0.6
phlag_0005-c_min25max81	1051	616	120	213	0.1665	0.6006006006006006
phlag_0005-c_min25max81	1750	0	2	248	0.125	0.804
phlag_0005-c_min25max81	1899	0	1	100	0.0505	0.9900990099009901
phlag_0005-c_min25max81	1375	0	625	0	0.3125	0.8016
phlag_0005-c_min25max81	1748	2	0	250	0.125	0.804
phlag_0005-c_min25max81	983	17	95	905	0.5	0.6
phlag_0005-c_min25max81	1495	0	0	505	0.2525	0.9900990099009901
phlag_0005-c_min25max81	1697	0	1	302	0.1515	0.9900990099009901
phlag_0005-c_min25max81	1785	49	8	158	0.083	0.6024096385542168
phlag_0005-c_min25max81	1343	32	0	625	0.3125	0.8016
phlag_0005-c_min25max81	1750	0	10	240	0.125	0.804
phlag_0005-c_min25max81	1593	3	0	404	0.202	0.9900990099009901
phlag_0005-c_min25max81	1798	0	0	202	0.101	0.9900990099009901
phlag_0005-c_min25max81	1500	0	500	0	0.25	0.6
phlag_0005-c_min25max81	1750	0	135	115	0.125	0.804
phlag_0005-c_min25max81	1445	50	0	505	0.2525	0.9900990099009901
phlag_0005-c_min25max81	1898	1	0	101	0.0505	0.9900990099009901
phlag_0010-c_min25max81-nc6	1577	221	2	200	0.101	0.9900990099009901
phlag_0010-c_min25max81-nc6	1609	58	74	259	0.1665	0.6006006006006006
phlag_0010-c_min25max81-nc6	1697	0	2	301	0.1515	0.9900990099009901
phlag_0010-c_min25max81-nc6	1538	129	72	261	0.1665	0.6006006006006006
phlag_0010-c_min25max81-nc6	1792	6	2	200	0.101	0.9900990099009901
phlag_0010-c_min25max81-nc6	1801	33	98	68	0.083	0.6024096385542168
phlag_0010-c_min25max81-nc6	811	689	146	354	0.25	0.6
phlag_0010-c_min25max81-nc6	1394	0	3	603	0.303	0.9900990099009901
phlag_0010-c_min25max81-nc6	1345	150	3	502	0.2525	0.9900990099009901
phlag_0010-c_min25max81-nc6	1534	62	1	403	0.202	0.9900990099009901
phlag_0010-c_min25max81-nc6	1757	77	49	117	0.083	0.6024096385542168
phlag_0010-c_min25max81-nc6	1134	117	121	628	0.3745	0.801068090787717
phlag_0010-c_min25max81-nc6	1803	31	41	125	0.083	0.6024096385542168
phlag_0010-c_min25max81-nc6	1165	2	786	47	0.4165	0.6002400960384153
phlag_0010-c_min25max81-nc6	1247	420	92	241	0.1665	0.6006006006006006
phlag_0010-c_min25max81-nc6	1697	0	0	303	0.1515	0.9900990099009901
phlag_0010-c_min25max81-nc6	725	275	286	714	0.5	0.6
phlag_0010-c_min25max81-nc6	1343	32	118	507	0.3125	0.8016
phlag_0010-c_min25max81-nc6	1224	27	118	631	0.3745	0.801068090787717
phlag_0010-c_min25max81-nc6	1454	46	148	352	0.25	0.6
phlag_0010-c_min25max81-nc6	1467	159	48	326	0.187	0.8021390374331551
phlag_0010-c_min25max81-nc6	1352	547	73	28	0.0505	0.9900990099009901
phlag_0010-c_min25max81-nc6	1495	0	1	504	0.2525	0.9900990099009901
phlag_0010-c_min25max81-nc6	1494	1	4	501	0.2525	0.9900990099009901
phlag_0010-c_min25max81-nc6	1728	106	42	124	0.083	0.6024096385542168
phlag_0010-c_min25max81-nc6	1731	67	2	200	0.101	0.9900990099009901
phlag_0010-c_min25max81-nc6	1580	46	27	347	0.187	0.8021390374331551
phlag_0010-c_min25max81-nc6	1739	136	12	113	0.0625	0.808
phlag_0010-c_min25max81-nc6	1333	1	270	396	0.333	0.6006006006006006
phlag_0010-c_min25max81-nc6	1193	141	230	436	0.333	0.6006006006006006
phlag_0010-c_min25max81-nc6	1641	234	11	114	0.0625	0.808
phlag_0010-c_min25max81-nc6	990	10	397	603	0.5	0.6
phlag_0010-c_min25max81-nc6	1234	433	86	247	0.1665	0.6006006006006006
phlag_0010-c_min25max81-nc6	1697	0	2	301	0.1515	0.9900990099009901
phlag_0010-c_min25max81-nc6	1875	0	2	123	0.0625	0.808
phlag_0010-c_min25max81-nc6	1733	17	29	221	0.125	0.804
phlag_0010-c_min25max81-nc6	1697	0	292	11	0.1515	0.9900990099009901
phlag_0010-c_min25max81-nc6	1282	516	42	160	0.101	0.9900990099009901
phlag_0010-c_min25max81-nc6	1626	0	67	307	0.187	0.8021390374331551
phlag_0010-c_min25max81-nc6	1379	15	0	606	0.303	0.9900990099009901
phlag_0010-c_min25max81-nc6	1776	22	1	201	0.101	0.9900990099009901
phlag_0010-c_min25max81-nc6	796	371	223	610	0.4165	0.6002400960384153
phlag_0010-c_min25max81-nc6	953	47	376	624	0.5	0.6
phlag_0010-c_min25max81-nc6	1884	15	100	1	0.0505	0.9900990099009901
phlag_0010-c_min25max81-nc6	1375	0	127	498	0.3125	0.8016
phlag_0010-c_min25max81-nc6	1750	0	250	0	0.125	0.804
phlag_0010-c_min25max81-nc6	974	521	6	499	0.2525	0.9900990099009901
phlag_0010-c_min25max81-nc6	1393	1	6	600	0.303	0.9900990099009901
phlag_0010-c_min25max81-nc6	992	8	385	615	0.5	0.6
phlag_0010-c_min25max81-nc6	1388	6	0	606	0.303	0.9900990099009901
phlag_0010-c_min25max81-nc6	1059	775	53	113	0.083	0.6024096385542168
phlag_0010-c_min25max81-nc6	1760	74	40	126	0.083	0.6024096385542168
phlag_0010-c_min25max81-nc6	1322	12	242	424	0.333	0.6006006006006006
phlag_0010-c_min25max81-nc6	1653	14	115	218	0.1665	0.6006006006006006
phlag_0010-c_min25max81-nc6	1100	650	24	226	0.125	0.804
phlag_0010-c_min25max81-nc6	1666	1	135	198	0.1665	0.6006006006006006
phlag_0010-c_min25max81-nc6	1672	203	1	124	0.0625	0.808
phlag_0010-c_min25max81-nc6	743	954	246	57	0.1515	0.9900990099009901
phlag_0010-c_min25max81-nc6	1899	0	101	0	0.0505	0.9900990099009901
phlag_0010-c_min25max81-nc6	1740	10	40	210	0.125	0.804
phlag_0010-c_min25max81-nc6	1333	167	150	350	0.25	0.6
phlag_0010-c_min25max81-nc6	1284	91	86	539	0.3125	0.8016
phlag_0010-c_min25max81-nc6	1831	44	9	116	0.0625	0.808
phlag_0010-c_min25max81-nc6	1798	0	0	202	0.101	0.9900990099009901
phlag_0010-c_min25max81-nc6	1205	129	211	455	0.333	0.6006006006006006
phlag_0010-c_min25max81-nc6	1655	12	114	219	0.1665	0.6006006006006006
phlag_0010-c_min25max81-nc6	1074	93	280	553	0.4165	0.6002400960384153
phlag_0010-c_min25max81-nc6	1094	240	184	482	0.333	0.6006006006006006
phlag_0010-c_min25max81-nc6	940	60	360	640	0.5	0.6
phlag_0010-c_min25max81-nc6	1809	25	29	137	0.083	0.6024096385542168
phlag_0010-c_min25max81-nc6	1898	1	7	94	0.0505	0.9900990099009901
phlag_0010-c_min25max81-nc6	999	1	409	591	0.5	0.6
phlag_0010-c_min25max81-nc6	1493	2	2	503	0.2525	0.9900990099009901
phlag_0010-c_min25max81-nc6	1477	23	198	302	0.25	0.6
phlag_0010-c_min25max81-nc6	1596	0	2	402	0.202	0.9900990099009901
phlag_0010-c_min25max81-nc6	1831	3	48	118	0.083	0.6024096385542168
phlag_0010-c_min25max81-nc6	1621	76	1	302	0.1515	0.9900990099009901
phlag_0010-c_min25max81-nc6	1499	1	475	25	0.25	0.6
phlag_0010-c_min25max81-nc6	789	211	339	661	0.5	0.6
phlag_0010-c_min25max81-nc6	1749	1	48	202	0.125	0.804
phlag_0010-c_min25max81-nc6	1479	21	175	325	0.25	0.6
phlag_0010-c_min25max81-nc6	1536	131	90	243	0.1665	0.6006006006006006
phlag_0010-c_min25max81-nc6	954	546	199	301	0.25	0.6
phlag_0010-c_min25max81-nc6	1240	94	201	465	0.333	0.6006006006006006
phlag_0010-c_min25max81-nc6	1498	2	87	413	0.25	0.802
phlag_0010-c_min25max81-nc6	1511	156	110	223	0.1665	0.6006006006006006
phlag_0010-c_min25max81-nc6	981	19	399	601	0.5	0.6
phlag_0010-c_min25max81-nc6	628	539	268	565	0.4165	0.6002400960384153
phlag_0010-c_min25max81-nc6	1244	251	9	496	0.2525	0.9900990099009901
phlag_0010-c_min25max81-nc6	1873	26	0	101	0.0505	0.9900990099009901
phlag_0010-c_min25max81-nc6	1800	99	0	101	0.0505	0.9900990099009901
phlag_0010-c_min25max81-nc6	1249	85	256	410	0.333	0.6006006006006006
phlag_0010-c_min25max81-nc6	1480	20	495	5	0.25	0.802
phlag_0010-c_min25max81-nc6	991	807	18	184	0.101	0.9900990099009901
phlag_0010-c_min25max81-nc6	1228	106	237	429	0.333	0.6006006006006006
phlag_0010-c_min25max81-nc6	1440	55	3	502	0.2525	0.9900990099009901
phlag_0010-c_min25max81-nc6	1225	26	122	627	0.3745	0.801068090787717
phlag_0010-c_min25max81-nc6	1596	0	1	403	0.202	0.9900990099009901
phlag_0010-c_min25max81-nc6	1697	0	0	303	0.1515	0.9900990099009901
phlag_0010-c_min25max81-nc6	1230	21	130	619	0.3745	0.801068090787717
phlag_0010-c_min25max81-nc6	1002	695	22	281	0.1515	0.9900990099009901
phlag_0010-c_min25max81-nc6	1251	0	738	11	0.3745	0.801068090787717
phlag_0010-c_min25max81-nc6	1249	2	138	611	0.3745	0.801068090787717
phlag_0010-c_min25max81-nc6	1833	1	61	105	0.083	0.6024096385542168
phlag_0010-c_min25max81-nc6	1639	58	0	303	0.1515	0.9900990099009901
phlag_0010-c_min25max81-nc6	1717	81	0	202	0.101	0.9900990099009901
phlag_0010-c_min25max81-nc6	1532	64	3	401	0.202	0.9900990099009901
phlag_0010-c_min25max81-nc6	1269	65	217	449	0.333	0.6006006006006006
phlag_0010-c_min25max81-nc6	1625	1	61	313	0.187	0.8021390374331551
phlag_0010-c_min25max81-nc6	1493	2	2	503	0.2525	0.9900990099009901
phlag_0010-c_min25max81-nc6	937	230	241	592	0.4165	0.6002400960384153
phlag_0010-c_min25max81-nc6	1483	12	3	502	0.2525	0.9900990099009901
phlag_0010-c_min25max81-nc6	1251	249	66	434	0.25	0.802
phlag_0010-c_min25max81-nc6	1554	72	63	311	0.187	0.8021390374331551
phlag_0010-c_min25max81-nc6	987	13	408	592	0.5	0.6
phlag_0010-c_min25max81-nc6	1201	395	1	403	0.202	0.9900990099009901
phlag_0010-c_min25max81-nc6	1596	0	2	402	0.202	0.9900990099009901
phlag_0010-c_min25max81-nc6	1798	0	2	200	0.101	0.9900990099009901
phlag_0010-c_min25max81-nc6	1594	2	397	7	0.202	0.9900990099009901
phlag_0010-c_min25max81-nc6	1002	392	4	602	0.303	0.9900990099009901
phlag_0010-c_min25max81-nc6	1853	22	30	95	0.0625	0.808
phlag_0010-c_min25max81-nc6	1588	109	5	298	0.1515	0.9900990099009901
phlag_0010-c_min25max81-nc6	1825	50	0	125	0.0625	0.808
phlag_0010-c_min25max81-nc6	1047	328	91	534	0.3125	0.8016
phlag_0010-c_min25max81-nc6	1790	8	0	202	0.101	0.9900990099009901
phlag_0010-c_min25max81-nc6	1166	1	339	494	0.4165	0.6002400960384153
phlag_0010-c_min25max81-nc6	1494	6	185	315	0.25	0.6
phlag_0010-c_min25max81-nc6	1593	3	0	404	0.202	0.9900990099009901
phlag_0010-c_min25max81-nc6	1309	489	0	202	0.101	0.9900990099009901
phlag_0010-c_min25max81-nc6	1797	1	0	202	0.101	0.9900990099009901
phlag_0010-c_min25max81-nc6	1713	37	35	215	0.125	0.804
phlag_0010-c_min25max81-nc6	1834	0	39	127	0.083	0.6024096385542168
phlag_0010-c_min25max81-nc6	1282	344	55	319	0.187	0.8021390374331551
phlag_0010-c_min25max81-nc6	917	583	165	335	0.25	0.6
phlag_0010-c_min25max81-nc6	1265	485	33	217	0.125	0.804
phlag_0010-c_min25max81-nc6	1648	19	93	240	0.1665	0.6006006006006006
phlag_0010-c_min25max81-nc6	1887	12	0	101	0.0505	0.9900990099009901
phlag_0010-c_min25max81-nc6	1491	4	2	503	0.2525	0.9900990099009901
phlag_0010-c_min25max81-nc6	1469	127	2	402	0.202	0.9900990099009901
phlag_0010-c_min25max81-nc6	1600	150	30	220	0.125	0.804
phlag_0010-c_min25max81-nc6	846	321	646	187	0.4165	0.6002400960384153
phlag_0010-c_min25max81-nc6	1000	0	400	600	0.5	0.6
phlag_0010-c_min25max81-nc6	1288	87	104	521	0.3125	0.8016
phlag_0010-c_min25max81-nc6	1111	140	90	659	0.3745	0.801068090787717
phlag_0010-c_min25max81-nc6	1497	3	499	1	0.25	0.6
phlag_0010-c_min25max81-nc6	1792	6	0	202	0.101	0.9900990099009901
phlag_0010-c_min25max81-nc6	1688	110	1	201	0.101	0.9900990099009901
phlag_0010-c_min25max81-nc6	1394	0	6	600	0.303	0.9900990099009901
phlag_0010-c_min25max81-nc6	1390	4	8	598	0.303	0.9900990099009901
phlag_0010-c_min25max81-nc6	1489	11	204	296	0.25	0.6
phlag_0010-c_min25max81-nc6	1233	101	219	447	0.333	0.6006006006006006
phlag_0010-c_min25max81-nc6	1396	200	3	401	0.202	0.9900990099009901
phlag_0010-c_min25max81-nc6	1263	131	7	599	0.303	0.9900990099009901
phlag_0010-c_min25max81-nc6	1500	0	77	423	0.25	0.802
phlag_0010-c_min25max81-nc6	1479	319	1	201	0.101	0.9900990099009901
phlag_0010-c_min25max81-nc6	1898	1	0	101	0.0505	0.9900990099009901
phlag_0010-c_min25max81-nc6	1373	127	63	437	0.25	0.802
phlag_0010-c_min25max81-nc6	845	650	7	498	0.2525	0.9900990099009901
phlag_0010-c_min25max81-nc6	1476	19	2	503	0.2525	0.9900990099009901
phlag_0010-c_min25max81-nc6	1066	268	208	458	0.333	0.6006006006006006
phlag_0010-c_min25max81-nc6	1614	261	17	108	0.0625	0.808
phlag_0010-c_min25max81-nc6	1899	0	0	101	0.0505	0.9900990099009901
phlag_0010-c_min25max81-nc6	1796	2	0	202	0.101	0.9900990099009901
phlag_0010-c_min25max81-nc6	918	82	336	664	0.5	0.6
phlag_0010-c_min25max81-nc6	1364	11	609	16	0.3125	0.8016
phlag_0010-c_min25max81-nc6	1467	33	75	425	0.25	0.802
phlag_0010-c_min25max81-nc6	1429	66	4	501	0.2525	0.9900990099009901
phlag_0010-c_min25max81-nc6	1873	2	8	117	0.0625	0.808
phlag_0010-c_min25max81-nc6	998	2	403	597	0.5	0.6
phlag_0010-c_min25max81-nc6	1572	327	0	101	0.0505	0.9900990099009901
phlag_0010-c_min25max81-nc6	1839	36	23	102	0.0625	0.808
phlag_0010-c_min25max81-nc6	1611	15	8	366	0.187	0.8021390374331551
phlag_0010-c_min25max81-nc6	716	779	5	500	0.2525	0.9900990099009901
phlag_0010-c_min25max81-nc6	1375	0	118	507	0.3125	0.8016
phlag_0010-c_min25max81-nc6	1492	8	278	222	0.25	0.802
phlag_0010-c_min25max81-nc6	878	622	62	438	0.25	0.802
phlag_0010-c_min25max81-nc6	1575	51	77	297	0.187	0.8021390374331551
phlag_0010-c_min25max81-nc6	1659	8	117	216	0.1665	0.6006006006006006
phlag_0010-c_min25max81-nc6	1132	243	94	531	0.3125	0.8016
phlag_0010-c_min25max81-nc6	1899	0	0	101	0.0505	0.9900990099009901
phlag_0010-c_min25max81-nc6	1798	0	199	3	0.101	0.9900990099009901
phlag_0010-c_min25max81-nc6	1395	105	192	308	0.25	0.6
phlag_0010-c_min25max81-nc6	1229	105	203	463	0.333	0.6006006006006006
phlag_0010-c_min25max81-nc6	1483	17	83	417	0.25	0.802
phlag_0010-c_min25max81-nc6	1499	1	62	438	0.25	0.802
phlag_0010-c_min25max81-nc6	1310	24	262	404	0.333	0.6006006006006006
phlag_0010-c_min25max81-nc6	1651	147	0	202	0.101	0.9900990099009901
phlag_0010-c_min25max81-nc6	1358	36	0	606	0.303	0.9900990099009901
phlag_0010-c_min25max81-nc6	1359	16	100	525	0.3125	0.8016
phlag_0010-c_min25max81-nc6	1586	164	26	224	0.125	0.804
phlag_0010-c_min25max81-nc6	942	684	54	320	0.187	0.8021390374331551
phlag_0010-c_min25max81-nc6	1500	0	122	378	0.25	0.802
phlag_0010-c_min25max81-nc6	991	9	400	600	0.5	0.6
phlag_0010-c_min25max81-nc6	1596	0	3	401	0.202	0.9900990099009901
phlag_0010-c_min25max81-nc6	1160	7	323	510	0.4165	0.6002400960384153
phlag_0010-c_min25max81-nc6	1663	34	2	301	0.1515	0.9900990099009901
phlag_0010-c_min25max81-nc6	1251	0	254	495	0.3745	0.801068090787717
phlag_0010-c_min25max81-nc6	1599	68	91	242	0.1665	0.6006006006006006
phlag_0010-c_min25max81-nc6	1584	250	34	132	0.083	0.6024096385542168
phlag_0010-c_min25max81-nc6	1222	278	135	365	0.25	0.6
phlag_0010-c_min25max81-nc6	1315	19	287	379	0.333	0.6006006006006006
phlag_0010-c_min25max81-nc6	1362	13	131	494	0.3125	0.8016
phlag_0010-c_min25max81-nc6	1589	7	1	403	0.202	0.9900990099009901
phlag_0010-c_min25max81-nc6	1388	6	1	605	0.303	0.9900990099009901
phlag_0010-c_min25max81-nc6	1250	1	316	433	0.3745	0.801068090787717
phlag_0010-c_min25max81-nc6	611	389	466	534	0.5	0.6
phlag_0010-c_min25max81-nc6	1497	3	188	312	0.25	0.6
phlag_0010-c_min25max81-nc6	1089	709	8	194	0.101	0.9900990099009901
phlag_0010-c_min25max81-nc6	1147	104	121	628	0.3745	0.801068090787717
phlag_0010-c_min25max81-nc6	1723	176	1	100	0.0505	0.9900990099009901
phlag_0010-c_min25max81-nc6	1713	37	25	225	0.125	0.804
phlag_0010-c_min25max81-nc6	1102	65	289	544	0.4165	0.6002400960384153
phlag_0010-c_min25max81-nc6	1640	27	119	214	0.1665	0.6006006006006006
phlag_0010-c_min25max81-nc6	1363	12	612	13	0.3125	0.8016
phlag_0010-c_min25max81-nc6	1495	5	84	416	0.25	0.802
phlag_0010-c_min25max81-nc6	1043	457	108	392	0.25	0.802
phlag_0010-c_min25max81-nc6	1750	0	3	247	0.125	0.804
phlag_0010-c_min25max81-nc6	1392	2	2	604	0.303	0.9900990099009901
phlag_0010-c_min25max81-nc6	1152	15	267	566	0.4165	0.6002400960384153
phlag_0010-c_min25max81-nc6	1870	5	14	111	0.0625	0.808
phlag_0010-c_min25max81-nc6	907	344	80	669	0.3745	0.801068090787717
phlag_0010-c_min25max81-nc6	1831	3	44	122	0.083	0.6024096385542168
phlag_0010-c_min25max81-nc6	1656	178	26	140	0.083	0.6024096385542168
phlag_0010-c_min25max81-nc6	1852	23	19	106	0.0625	0.808
phlag_0010-c_min25max81-nc6	1162	5	348	485	0.4165	0.6002400960384153
phlag_0010-c_min25max81-nc6	1899	0	0	101	0.0505	0.9900990099009901
phlag_0010-c_min25max81-nc6	503	497	207	793	0.5	0.6
phlag_0010-c_min25max81-nc6	1199	135	217	449	0.333	0.6006006006006006
phlag_0010-c_min25max81-nc6	1048	452	122	378	0.25	0.6
phlag_0010-c_min25max81-nc6	1661	6	124	209	0.1665	0.6006006006006006
phlag_0010-c_min25max81-nc6	1370	380	33	217	0.125	0.804
phlag_0010-c_min25max81-nc6	1874	1	7	118	0.0625	0.808
phlag_0010-c_min25max81-nc6	1327	48	117	508	0.3125	0.8016
phlag_0010-c_min25max81-nc6	1653	14	61	272	0.1665	0.6006006006006006
phlag_0010-c_min25max81-nc6	1594	2	403	1	0.202	0.9900990099009901
phlag_0010-c_min25max81-nc6	1400	100	139	361	0.25	0.6
phlag_0010-c_min25max81-nc6	1210	540	42	208	0.125	0.804
phlag_0010-c_min25max81-nc6	1394	0	2	604	0.303	0.9900990099009901
phlag_0010-c_min25max81-nc6	1899	0	1	100	0.0505	0.9900990099009901
phlag_0010-c_min25max81-nc6	1483	12	1	504	0.2525	0.9900990099009901
phlag_0010-c_min25max81-nc6	1684	215	0	101	0.0505	0.9900990099009901
phlag_0010-c_min25max81-nc6	1858	41	0	101	0.0505	0.9900990099009901
phlag_0010-c_min25max81-nc6	1406	469	13	112	0.0625	0.808
phlag_0010-c_min25max81-nc6	1776	22	0	202	0.101	0.9900990099009901
phlag_0010-c_min25max81-nc6	1333	1	260	406	0.333	0.6006006006006006
phlag_0010-c_min25max81-nc6	1084	83	270	563	0.4165	0.6002400960384153
phlag_0010-c_min25max81-nc6	1667	0	333	0	0.1665	0.6006006006006006
phlag_0010-c_min25max81-nc6	1462	413	3	122	0.0625	0.808
phlag_0010-c_min25max81-nc6	1611	15	71	303	0.187	0.8021390374331551
phlag_0010-c_min25max81-nc6	1490	10	206	294	0.25	0.6
phlag_0010-c_min25max81-nc6	1204	422	48	326	0.187	0.8021390374331551
phlag_0010-c_min25max81-nc6	1811	23	63	103	0.083	0.6024096385542168
phlag_0010-c_min25max81-nc6	1165	669	68	98	0.083	0.6024096385542168
phlag_0010-c_min25max81-nc6	1500	0	85	415	0.25	0.802
phlag_0010-c_min25max81-nc6	989	11	843	157	0.5	0.6
phlag_0010-c_min25max81-nc6	1485	15	44	456	0.25	0.802
phlag_0010-c_min25max81-nc6	1661	137	2	200	0.101	0.9900990099009901
phlag_0010-c_min25max81-nc6	1396	503	50	51	0.0505	0.9900990099009901
phlag_0010-c_min25max81-nc6	1495	202	1	302	0.1515	0.9900990099009901
phlag_0010-c_min25max81-nc6	1348	27	99	526	0.3125	0.8016
phlag_0010-c_min25max81-nc6	1357	143	158	342	0.25	0.6
phlag_0010-c_min25max81-nc6	1704	94	0	202	0.101	0.9900990099009901
phlag_0010-c_min25max81-nc6	1749	1	33	217	0.125	0.804
phlag_0010-c_min25max81-nc6	998	2	431	569	0.5	0.6
phlag_0010-c_min25max81-nc6	1129	122	117	632	0.3745	0.801068090787717
phlag_0010-c_min25max81-nc6	1249	2	140	609	0.3745	0.801068090787717
phlag_0010-c_min25max81-nc6	1346	321	87	246	0.1665	0.6006006006006006
phlag_0010-c_min25max81-nc6	1647	187	53	113	0.083	0.6024096385542168
phlag_0010-c_min25max81-nc6	1083	84	265	568	0.4165	0.6002400960384153
phlag_0010-c_min25max81-nc6	744	650	16	590	0.303	0.9900990099009901
phlag_0010-c_min25max81-nc6	1596	0	2	402	0.202	0.9900990099009901
phlag_0010-c_min25max81-nc6	1369	6	100	525	0.3125	0.8016
phlag_0010-c_min25max81-nc6	1481	19	198	302	0.25	0.6
phlag_0010-c_min25max81-nc6	1232	19	142	607	0.3745	0.801068090787717
phlag_0010-c_min25max81-nc6	1792	6	0	202	0.101	0.9900990099009901
phlag_0010-c_min25max81-nc6	1413	183	52	352	0.202	0.9900990099009901
phlag_0010-c_min25max81-nc6	1864	11	8	117	0.0625	0.808
phlag_0010-c_min25max81-nc6	1463	32	1	504	0.2525	0.9900990099009901
phlag_0010-c_min25max81-nc6	1823	11	62	104	0.083	0.6024096385542168
phlag_0010-c_min25max81-nc6	1611	15	97	277	0.187	0.8021390374331551
phlag_0010-c_min25max81-nc6	1735	15	28	222	0.125	0.804
phlag_0010-c_min25max81-nc6	1145	355	60	440	0.25	0.802
phlag_0010-c_min25max81-nc6	1605	21	43	331	0.187	0.8021390374331551
phlag_0010-c_min25max81-nc6	1161	6	395	438	0.4165	0.6002400960384153
phlag_0010-c_min25max81-nc6	1369	131	180	320	0.25	0.6
phlag_0010-c_min25max81-nc6	1251	0	140	609	0.3745	0.801068090787717
phlag_0010-c_min25max81-nc6	1302	32	222	444	0.333	0.6006006006006006
phlag_0010-c_min25max81-nc6	1866	9	13	112	0.0625	0.808
phlag_0010-c_min25max81-nc6	1202	298	164	336	0.25	0.6
phlag_0010-c_min25max81-nc6	1623	3	114	260	0.187	0.8021390374331551
phlag_0010-c_min25max81-nc6	1622	4	31	343	0.187	0.8021390374331551
phlag_0010-c_min25max81-nc6	1394	0	3	603	0.303	0.9900990099009901
phlag_0010-c_min25max81-nc6	1225	26	156	593	0.3745	0.801068090787717
phlag_0010-c_min25max81-nc6	1495	0	38	467	0.2525	0.9900990099009901
phlag_0010-c_min25max81-nc6	990	10	666	334	0.5	0.6
phlag_0010-c_min25max81-nc6	1798	0	1	201	0.101	0.9900990099009901
phlag_0010-c_min25max81-nc6	775	225	327	673	0.5	0.6
phlag_0010-c_min25max81-nc6	1495	0	0	505	0.2525	0.9900990099009901
phlag_0010-c_min25max81-nc6	1244	554	1	201	0.101	0.9900990099009901
phlag_0010-c_min25max81-nc6	1373	2	118	507	0.3125	0.8016
phlag_0010-c_min25max81-nc6	1067	327	3	603	0.303	0.9900990099009901
phlag_0010-c_min25max81-nc6	1326	549	37	88	0.0625	0.808
phlag_0010-c_min25max81-nc6	1503	164	68	265	0.1665	0.6006006006006006
phlag_0010-c_min25max81-nc6	878	622	66	434	0.25	0.802
phlag_0010-c_min25max81-nc6	1688	110	1	201	0.101	0.9900990099009901
phlag_0010-c_min25max81-nc6	1160	7	382	451	0.4165	0.6002400960384153
phlag_0010-c_min25max81-nc6	1251	0	145	604	0.3745	0.801068090787717
phlag_0010-c_min25max81-nc6	1334	0	332	334	0.333	0.6006006006006006
phlag_0010-c_min25max81-nc6	1238	13	139	610	0.3745	0.801068090787717
phlag_0010-c_min25max81-nc6	1368	7	110	515	0.3125	0.8016
phlag_0010-c_min25max81-nc6	880	120	347	653	0.5	0.6
phlag_0010-c_min25max81-nc6	1489	11	80	420	0.25	0.802
phlag_0010-c_min25max81-nc6	1728	22	42	208	0.125	0.804
phlag_0010-c_min25max81-nc6	1870	5	21	104	0.0625	0.808
phlag_0010-c_min25max81-nc6	1390	4	0	606	0.303	0.9900990099009901
phlag_0010-c_min25max81-nc6	1596	0	2	402	0.202	0.9900990099009901
phlag_0010-c_min25max81-nc6	1623	3	47	327	0.187	0.8021390374331551
phlag_0010-c_min25max81-nc6	1494	6	86	414	0.25	0.802
phlag_0010-c_min25max81-nc6	1623	3	58	316	0.187	0.8021390374331551
phlag_0010-c_min25max81-nc6	1317	17	277	389	0.333	0.6006006006006006
phlag_0010-c_min25max81-nc6	1798	0	2	200	0.101	0.9900990099009901
phlag_0010-c_min25max81-nc6	1491	4	0	505	0.2525	0.9900990099009901
phlag_0010-c_min25max81-nc6	1321	513	53	113	0.083	0.6024096385542168
phlag_0010-c_min25max81-nc6	1822	12	11	155	0.083	0.6024096385542168
phlag_0010-c_min25max81-nc6	928	239	275	558	0.4165	0.6002400960384153
phlag_0010-c_min25max81-nc6	1157	10	314	519	0.4165	0.6002400960384153
phlag_0010-c_min25max81-nc6	1622	45	106	227	0.1665	0.6006006006006006
phlag_0010-c_min25max81-nc6	1657	10	152	181	0.1665	0.6006006006006006
phlag_0010-c_min25max81-nc6	1588	109	2	301	0.1515	0.9900990099009901
phlag_0010-c_min25max81-nc6	1424	71	5	500	0.2525	0.9900990099009901
phlag_0010-c_min25max81-nc6	1775	23	0	202	0.101	0.9900990099009901
phlag_0010-c_min25max81-nc6	1494	1	0	505	0.2525	0.9900990099009901
phlag_0010-c_min25max81-nc6	1328	6	254	412	0.333	0.6006006006006006
phlag_0010-c_min25max81-nc6	1870	29	0	101	0.0505	0.9900990099009901
phlag_0010-c_min25max81-nc6	1500	0	498	2	0.25	0.802
phlag_0010-c_min25max81-nc6	1282	93	103	522	0.3125	0.8016
phlag_0010-c_min25max81-nc6	808	586	3	603	0.303	0.9900990099009901
phlag_0010-c_min25max81-nc6	1500	0	92	408	0.25	0.802
phlag_0010-c_min25max81-nc6	730	604	226	440	0.333	0.6006006006006006
phlag_0010-c_min25max81-nc6	1297	400	4	299	0.1515	0.9900990099009901
phlag_0010-c_min25max81-nc6	1394	106	87	413	0.25	0.802
phlag_0010-c_min25max81-nc6	912	755	132	201	0.1665	0.6006006006006006
phlag_0010-c_min25max81-nc6	985	15	422	578	0.5	0.6
phlag_0010-c_min25max81-nc6	960	40	596	404	0.5	0.6
phlag_0010-c_min25max81-nc6	1676	21	1	302	0.1515	0.9900990099009901
phlag_0010-c_min25max81-nc6	993	7	440	560	0.5	0.6
phlag_0010-c_min25max81-nc6	1248	3	102	647	0.3745	0.801068090787717
phlag_0010-c_min25max81-nc6	1875	0	3	122	0.0625	0.808
phlag_0010-c_min25max81-nc6	1600	26	34	340	0.187	0.8021390374331551
phlag_0010-c_min25max81-nc6	1165	2	347	486	0.4165	0.6002400960384153
phlag_0010-c_min25max81-nc6	1318	57	354	271	0.3125	0.8016
phlag_0010-c_min25max81-nc6	1748	2	89	161	0.125	0.804
phlag_0010-c_min25max81-nc6	1726	24	16	234	0.125	0.804
phlag_0010-c_min25max81-nc6	1394	0	0	606	0.303	0.9900990099009901
phlag_0010-c_min25max81-nc6	1330	4	409	257	0.333	0.6006006006006006
phlag_0010-c_min25max81-nc6	1310	190	163	337	0.25	0.6
phlag_0010-c_min25max81-nc6	1167	0	371	462	0.4165	0.6002400960384153
phlag_0010-c_min25max81-nc6	1393	1	2	604	0.303	0.9900990099009901
phlag_0010-c_min25max81-nc6	1619	7	70	304	0.187	0.8021390374331551
phlag_0010-c_min25max81-nc6	1804	71	7	118	0.0625	0.808
phlag_0010-c_min25max81-nc6	960	790	91	159	0.125	0.804
phlag_0010-c_min25max81-nc6	1148	19	352	481	0.4165	0.6002400960384153
phlag_0010-c_min25max81-nc6	1499	1	106	394	0.25	0.802
phlag_0010-c_min25max81-nc6	740	260	394	606	0.5	0.6
phlag_0010-c_min25max81-nc6	1586	10	1	403	0.202	0.9900990099009901
phlag_0010-c_min25max81-nc6	1358	17	91	534	0.3125	0.8016
phlag_0010-c_min25max81-nc6	1492	8	68	432	0.25	0.802
phlag_0010-c_min25max81-nc6	1163	4	393	440	0.4165	0.6002400960384153
phlag_0010-c_min25max81-nc6	1596	0	3	401	0.202	0.9900990099009901
phlag_0010-c_min25max81-nc6	1183	317	71	429	0.25	0.802
phlag_0010-c_min25max81-nc6	1250	1	122	627	0.3745	0.801068090787717
phlag_0010-c_min25max81-nc6	1571	55	20	354	0.187	0.8021390374331551
phlag_0010-c_min25max81-nc6	1477	23	77	423	0.25	0.802
phlag_0010-c_min25max81-nc6	1697	0	2	301	0.1515	0.9900990099009901
phlag_0010-c_min25max81-nc6	1739	11	39	211	0.125	0.804
phlag_0010-c_min25max81-nc6	1578	48	68	306	0.187	0.8021390374331551
phlag_0010-c_min25max81-nc6	1000	0	397	603	0.5	0.6
phlag_0010-c_min25max81-nc6	1543	207	109	141	0.125	0.804
phlag_0010-c_min25max81-nc6	1598	28	60	314	0.187	0.8021390374331551
phlag_0010-c_min25max81-nc6	1251	0	150	599	0.3745	0.801068090787717
phlag_0010-c_min25max81-nc6	683	568	100	649	0.3745	0.801068090787717
phlag_0010-c_min25max81-nc6	1880	19	0	101	0.0505	0.9900990099009901
phlag_0010-c_min25max81-nc6	1101	525	70	304	0.187	0.8021390374331551
phlag_0010-c_min25max81-nc6	1777	57	29	137	0.083	0.6024096385542168
phlag_0010-c_min25max81-nc6	1499	1	78	422	0.25	0.802
phlag_0010-c_min25max81-nc6	1086	248	172	494	0.333	0.6006006006006006
phlag_0010-c_min25max81-nc6	1593	306	1	100	0.0505	0.9900990099009901
phlag_0010-c_min25max81-nc6	1343	32	108	517	0.3125	0.8016
phlag_0010-c_min25max81-nc6	1798	0	0	202	0.101	0.9900990099009901
phlag_0010-c_min25max81-nc6	998	2	334	666	0.5	0.6
phlag_0010-c_min25max81-nc6	1626	0	360	14	0.187	0.8021390374331551
phlag_0010-c_min25max81-nc6	1264	635	0	101	0.0505	0.9900990099009901
phlag_0010-c_min25max81-nc6	1227	24	130	619	0.3745	0.801068090787717
phlag_0010-c_min25max81-nc6	1748	2	27	223	0.125	0.804
phlag_0010-c_min25max81-nc6	1444	51	6	499	0.2525	0.9900990099009901
phlag_0010-c_min25max81-nc6	1086	81	279	554	0.4165	0.6002400960384153
phlag_0010-c_min25max81-nc6	1251	0	327	422	0.3745	0.801068090787717
phlag_0010-c_min25max81-nc6	1000	0	1000	0	0.5	0.6
phlag_0010-c_min25max81-nc6	1304	322	56	318	0.187	0.8021390374331551
phlag_0010-c_min25max81-nc6	1572	24	0	404	0.202	0.9900990099009901
phlag_0010-c_min25max81-nc6	1372	3	126	499	0.3125	0.8016
phlag_0010-c_min25max81-nc6	1249	2	140	609	0.3745	0.801068090787717
phlag_0010-c_min25max81-nc6	1793	106	0	101	0.0505	0.9900990099009901
phlag_0010-c_min25max81-nc6	838	496	176	490	0.333	0.6006006006006006
phlag_0010-c_min25max81-nc6	1327	7	260	406	0.333	0.6006006006006006
phlag_0010-c_min25max81-nc6	1875	0	34	91	0.0625	0.808
phlag_0010-c_min25max81-nc6	1495	5	239	261	0.25	0.6
phlag_0010-c_min25max81-nc6	1184	650	64	102	0.083	0.6024096385542168
phlag_0010-c_min25max81-nc6	1312	22	245	421	0.333	0.6006006006006006
phlag_0010-c_min25max81-nc6	1822	12	36	130	0.083	0.6024096385542168
phlag_0010-c_min25max81-nc6	1043	707	42	208	0.125	0.804
phlag_0010-c_min25max81-nc6	1649	101	32	218	0.125	0.804
phlag_0010-c_min25max81-nc6	1525	273	1	201	0.101	0.9900990099009901
phlag_0010-c_min25max81-nc6	1776	22	1	201	0.101	0.9900990099009901
phlag_0010-c_min25max81-nc6	1487	8	2	503	0.2525	0.9900990099009901
phlag_0010-c_min25max81-nc6	1487	13	93	407	0.25	0.802
phlag_0010-c_min25max81-nc6	1697	0	0	303	0.1515	0.9900990099009901
phlag_0010-c_min25max81-nc6	1655	12	80	253	0.1665	0.6006006006006006
phlag_0010-c_min25max81-nc6	1359	16	109	516	0.3125	0.8016
phlag_0010-c_min25max81-nc6	1593	3	390	14	0.202	0.9900990099009901
phlag_0010-c_min25max81-nc6	1462	33	2	503	0.2525	0.9900990099009901
phlag_0010-c_min25max81-nc6	1899	0	2	99	0.0505	0.9900990099009901
phlag_0010-c_min25max81-nc6	1164	3	322	511	0.4165	0.6002400960384153
phlag_0010-c_min25max81-nc6	1667	0	330	3	0.1665	0.6006006006006006
phlag_0010-c_min25max81-nc6	1370	130	72	428	0.25	0.802
phlag_0010-c_min25max81-nc6	1814	20	72	94	0.083	0.6024096385542168
phlag_0010-c_min25max81-nc6	1527	69	387	17	0.202	0.9900990099009901
phlag_0010-c_min25max81-nc6	1798	0	0	202	0.101	0.9900990099009901
phlag_0010-c_min25max81-nc6	1356	19	88	537	0.3125	0.8016
phlag_0010-c_min25max81-nc6	750	417	234	599	0.4165	0.6002400960384153
phlag_0010-c_min25max81-nc6	1314	20	269	397	0.333	0.6006006006006006
phlag_0010-c_min25max81-nc6	1562	34	0	404	0.202	0.9900990099009901
phlag_0010-c_min25max81-nc6	1136	31	316	517	0.4165	0.6002400960384153
phlag_0010-c_min25max81-nc6	1486	9	0	505	0.2525	0.9900990099009901
phlag_0010-c_min25max81-nc6	1394	0	17	589	0.303	0.9900990099009901
phlag_0010-c_min25max81-nc6	1482	13	0	505	0.2525	0.9900990099009901
phlag_0010-c_min25max81-nc6	1748	2	10	240	0.125	0.804
phlag_0010-c_min25max81-nc6	1394	0	4	602	0.303	0.9900990099009901
phlag_0010-c_min25max81-nc6	1498	2	189	311	0.25	0.6
phlag_0010-c_min25max81-nc6	1494	1	1	504	0.2525	0.9900990099009901
phlag_0010-c_min25max81-nc6	1596	0	0	404	0.202	0.9900990099009901
phlag_0010-c_min25max81-nc6	1235	159	5	601	0.303	0.9900990099009901
phlag_0010-c_min25max81-nc6	1349	26	123	502	0.3125	0.8016
phlag_0010-c_min25max81-nc6	1874	1	0	125	0.0625	0.808
phlag_0010-c_min25max81-nc6	1066	429	323	182	0.2525	0.9900990099009901
phlag_0010-c_min25max81-nc6	1688	62	35	215	0.125	0.804
phlag_0010-c_min25max81-nc6	1828	6	41	125	0.083	0.6024096385542168
phlag_0010-c_min25max81-nc6	1167	0	340	493	0.4165	0.6002400960384153
phlag_0010-c_min25max81-nc6	1596	0	0	404	0.202	0.9900990099009901
phlag_0010-c_min25max81-nc6	1157	10	309	524	0.4165	0.6002400960384153
phlag_0010-c_min25max81-nc6	645	355	270	730	0.5	0.6
phlag_0010-c_min25max81-nc6	1371	4	46	579	0.3125	0.8016
phlag_0010-c_min25max81-nc6	1414	86	74	426	0.25	0.802
phlag_0010-c_min25max81-nc6	990	10	417	583	0.5	0.6
phlag_0010-c_min25max81-nc6	1596	0	0	404	0.202	0.9900990099009901
phlag_0010-c_min25max81-nc6	1619	7	64	310	0.187	0.8021390374331551
phlag_0010-c_min25max81-nc6	1819	15	49	117	0.083	0.6024096385542168
phlag_0010-c_min25max81-nc6	1143	24	318	515	0.4165	0.6002400960384153
phlag_0010-c_min25max81-nc6	1295	200	6	499	0.2525	0.9900990099009901
phlag_0010-c_min25max81-nc6	999	1	394	606	0.5	0.6
phlag_0010-c_min25max81-nc6	1491	9	191	309	0.25	0.6
phlag_0010-c_min25max81-nc6	1499	168	111	222	0.1665	0.6006006006006006
phlag_0010-c_min25max81-nc6	1461	39	166	334	0.25	0.6
phlag_0010-c_min25max81-nc6	1282	93	95	530	0.3125	0.8016
phlag_0010-c_min25max81-nc6	969	31	391	609	0.5	0.6
phlag_0010-c_min25max81-nc6	1666	1	333	0	0.1665	0.6006006006006006
phlag_0010-c_min25max81-nc6	1069	426	3	502	0.2525	0.9900990099009901
phlag_0010-c_min25max81-nc6	1407	219	60	314	0.187	0.8021390374331551
phlag_0010-c_min25max81-nc6	1830	4	163	3	0.083	0.6024096385542168
phlag_0010-c_min25max81-nc6	1875	0	98	27	0.0625	0.808
phlag_0010-c_min25max81-nc6	1667	0	121	212	0.1665	0.6006006006006006
phlag_0010-c_min25max81-nc6	1147	228	112	513	0.3125	0.8016
phlag_0010-c_min25max81-nc6	1691	184	21	104	0.0625	0.808
phlag_0010-c_min25max81-nc6	1500	0	497	3	0.25	0.6
phlag_0010-c_min25max81-nc6	1375	0	92	533	0.3125	0.8016
phlag_0010-c_min25max81-nc6	1093	533	44	330	0.187	0.8021390374331551
phlag_0010-c_min25max81-nc6	1372	503	19	106	0.0625	0.808
phlag_0010-c_min25max81-nc6	1495	0	0	505	0.2525	0.9900990099009901
phlag_0010-c_min25max81-nc6	1364	11	121	504	0.3125	0.8016
phlag_0010-c_min25max81-nc6	1465	30	3	502	0.2525	0.9900990099009901
phlag_0010-c_min25max81-nc6	1709	190	0	101	0.0505	0.9900990099009901
phlag_0010-c_min25max81-nc6	1507	89	1	403	0.202	0.9900990099009901
phlag_0010-c_min25max81-nc6	1749	85	40	126	0.083	0.6024096385542168
phlag_0010-c_min25max81-nc6	1323	11	227	439	0.333	0.6006006006006006
phlag_0010-c_min25max81-nc6	1759	75	37	129	0.083	0.6024096385542168
phlag_0010-c_min25max81-nc6	1229	271	56	444	0.25	0.802
phlag_0010-c_min25max81-nc6	1637	197	37	129	0.083	0.6024096385542168
phlag_0010-c_min25max81-nc6	1742	8	36	214	0.125	0.804
phlag_0010-c_min25max81-nc6	1211	40	276	473	0.3745	0.801068090787717
phlag_0010-c_min25max81-nc6	1647	20	261	72	0.1665	0.6006006006006006
phlag_0010-c_min25max81-nc6	1626	0	65	309	0.187	0.8021390374331551
phlag_0010-c_min25max81-nc6	1500	0	493	7	0.25	0.6
phlag_0010-c_min25max81-nc6	1500	0	462	38	0.25	0.6
phlag_0010-c_min25max81-nc6	1155	643	4	198	0.101	0.9900990099009901
phlag_0010-c_min25max81-nc6	1302	32	281	385	0.333	0.6006006006006006
phlag_0010-c_min25max81-nc6	1553	43	0	404	0.202	0.9900990099009901
phlag_0010-c_min25max81-nc6	1248	3	142	607	0.3745	0.801068090787717
phlag_0010-c_min25max81-nc6	1596	0	2	402	0.202	0.9900990099009901
phlag_0010-c_min25max81-nc6	1495	0	5	500	0.2525	0.9900990099009901
phlag_0010-c_min25max81-nc6	1750	0	248	2	0.125	0.804
phlag_0010-c_min25max81-nc6	1497	3	192	308	0.25	0.6
phlag_0010-c_min25max81-nc6	1332	2	643	23	0.333	0.6006006006006006
phlag_0010-c_min25max81-nc6	1225	270	2	503	0.2525	0.9900990099009901
phlag_0010-c_min25max81-nc6	1495	0	498	7	0.2525	0.9900990099009901
phlag_0010-c_min25max81-nc6	1878	21	1	100	0.0505	0.9900990099009901
phlag_0010-c_min25max81-nc6	1015	236	132	617	0.3745	0.801068090787717
phlag_0010-c_min25max81-nc6	938	396	180	486	0.333	0.6006006006006006
phlag_0010-c_min25max81-nc6	937	63	378	622	0.5	0.6
phlag_0010-c_min25max81-nc6	1499	168	106	227	0.1665	0.6006006006006006
phlag_0010-c_min25max81-nc6	1251	0	624	125	0.3745	0.801068090787717
phlag_0010-c_min25max81-nc6	981	19	399	601	0.5	0.6
phlag_0010-c_min25max81-nc6	1672	25	0	303	0.1515	0.9900990099009901
phlag_0010-c_min25max81-nc6	962	413	490	135	0.3125	0.8016
phlag_0010-c_min25max81-nc6	1665	2	126	207	0.1665	0.6006006006006006
phlag_0010-c_min25max81-nc6	1356	19	90	535	0.3125	0.8016
phlag_0010-c_min25max81-nc6	1747	3	249	1	0.125	0.804
phlag_0010-c_min25max81-nc6	1875	0	121	4	0.0625	0.808
phlag_0010-c_min25max81-nc6	1359	16	114	511	0.3125	0.8016
phlag_0010-c_min25max81-nc6	1603	23	84	290	0.187	0.8021390374331551
phlag_0010-c_min25max81-nc6	1602	148	34	216	0.125	0.804
phlag_0010-c_min25max81-nc6	1875	0	1	124	0.0625	0.808
phlag_0010-c_min25max81-nc6	1440	60	172	328	0.25	0.6
phlag_0010-c_min25max81-nc6	1559	108	97	236	0.1665	0.6006006006006006
phlag_0010-c_min25max81-nc6	1660	7	138	195	0.1665	0.6006006006006006
phlag_0010-c_min25max81-nc6	1827	48	11	114	0.0625	0.808
phlag_0010-c_min25max81-nc6	1479	21	191	309	0.25	0.6
phlag_0010-c_min25max81-nc6	1496	4	493	7	0.25	0.6
phlag_0010-c_min25max81-nc6	1833	1	162	4	0.083	0.6024096385542168
phlag_0010-c_min25max81-nc6	745	589	166	500	0.333	0.6006006006006006
phlag_0010-c_min25max81-nc6	1899	0	1	100	0.0505	0.9900990099009901
phlag_0010-c_min25max81-nc6	1769	29	0	202	0.101	0.9900990099009901
phlag_0010-c_min25max81-nc6	1798	0	0	202	0.101	0.9900990099009901
phlag_0010-c_min25max81-nc6	1394	0	600	6	0.303	0.9900990099009901
phlag_0010-c_min25max81-nc6	1535	215	35	215	0.125	0.804
phlag_0010-c_min25max81-nc6	1495	0	2	503	0.2525	0.9900990099009901
phlag_0010-c_min25max81-nc6	998	2	834	166	0.5	0.6
phlag_0010-c_min25max81-nc6	1470	30	113	387	0.25	0.802
phlag_0010-c_min25max81-nc6	1204	493	0	303	0.1515	0.9900990099009901
phlag_0010-c_min25max81-nc6	859	737	18	386	0.202	0.9900990099009901
phlag_0010-c_min25max81-nc6	1165	2	397	436	0.4165	0.6002400960384153
phlag_0010-c_min25max81-nc6	1093	74	263	570	0.4165	0.6002400960384153
phlag_0010-c_min25max81-nc6	1221	476	1	302	0.1515	0.9900990099009901
phlag_0010-c_min25max81-nc6	1323	11	249	417	0.333	0.6006006006006006
phlag_0010-c_min25max81-nc6	1747	3	155	95	0.125	0.804
phlag_0010-c_min25max81-nc6	1158	9	705	128	0.4165	0.6002400960384153
phlag_0010-c_min25max81-nc6	1137	459	162	242	0.202	0.9900990099009901
phlag_0010-c_min25max81-nc6	1386	8	5	601	0.303	0.9900990099009901
phlag_0010-c_min25max81-nc6	1871	4	11	114	0.0625	0.808
phlag_0010-c_min25max81-nc6	1159	92	105	644	0.3745	0.801068090787717
phlag_0010-c_min25max81-nc6	1580	16	0	404	0.202	0.9900990099009901
phlag_0010-c_min25max81-nc6	1710	40	5	245	0.125	0.804
phlag_0010-c_min25max81-nc6	1797	1	0	202	0.101	0.9900990099009901
phlag_0010-c_min25max81-nc6	1895	4	3	98	0.0505	0.9900990099009901
phlag_0010-c_min25max81-nc6	941	393	301	365	0.333	0.6006006006006006
phlag_0010-c_min25max81-nc6	1334	0	326	340	0.333	0.6006006006006006
phlag_0010-c_min25max81-nc6	1167	500	157	176	0.1665	0.6006006006006006
phlag_0010-c_min25max81-nc6	1591	5	3	401	0.202	0.9900990099009901
phlag_0010-c_min25max81-nc6	809	442	103	646	0.3745	0.801068090787717
phlag_0010-c_min25max81-nc6	1377	17	2	604	0.303	0.9900990099009901
phlag_0010-c_min25max81-nc6	1360	140	62	438	0.25	0.802
phlag_0010-c_min25max81-nc6	1624	2	71	303	0.187	0.8021390374331551
phlag_0010-c_min25max81-nc6	999	1	402	598	0.5	0.6
phlag_0010-c_min25max81-nc6	1134	117	104	645	0.3745	0.801068090787717
phlag_0010-c_min25max81-nc6	1488	346	48	118	0.083	0.6024096385542168
phlag_0010-c_min25max81-nc6	1798	0	1	201	0.101	0.9900990099009901
phlag_0010-c_min25max81-nc6	1695	2	3	300	0.1515	0.9900990099009901
phlag_0010-c_min25max81-nc6	1167	0	813	20	0.4165	0.6002400960384153
phlag_0010-c_min25max81-nc6	1587	288	14	111	0.0625	0.808
phlag_0010-c_min25max81-nc6	1000	375	74	551	0.3125	0.8016
phlag_0010-c_min25max81-nc6	1671	26	1	302	0.1515	0.9900990099009901
phlag_0010-c_min25max81-nc6	736	639	72	553	0.3125	0.8016
phlag_0010-c_min25max81-nc6	1494	1	0	505	0.2525	0.9900990099009901
phlag_0010-c_min25max81-nc6	1469	228	17	286	0.1515	0.9900990099009901
phlag_0010-c_min25max81-nc6	1687	10	1	302	0.1515	0.9900990099009901
phlag_0010-c_min25max81-nc6	1495	0	1	504	0.2525	0.9900990099009901
phlag_0010-c_min25max81-nc6	1798	77	6	119	0.0625	0.808
phlag_0010-c_min25max81-nc6	1046	288	332	334	0.333	0.6006006006006006
phlag_0010-c_min25max81-nc6	1251	0	146	603	0.3745	0.801068090787717
phlag_0010-c_min25max81-nc6	1594	2	393	11	0.202	0.9900990099009901
phlag_0010-c_min25max81-nc6	1049	850	13	88	0.0505	0.9900990099009901
phlag_0010-c_min25max81-nc6	1834	0	24	142	0.083	0.6024096385542168
phlag_0010-c_min25max81-nc6	1749	1	239	11	0.125	0.804
phlag_0010-c_min25max81-nc6	830	337	256	577	0.4165	0.6002400960384153
phlag_0010-c_min25max81-nc6	1667	0	118	215	0.1665	0.6006006006006006
phlag_0010-c_min25max81-nc6	1899	0	0	101	0.0505	0.9900990099009901
phlag_0010-c_min25max81-nc6	1697	0	0	303	0.1515	0.9900990099009901
phlag_0010-c_min25max81-nc6	986	14	379	621	0.5	0.6
phlag_0010-c_min25max81-nc6	1594	32	224	150	0.187	0.8021390374331551
phlag_0010-c_min25max81-nc6	1500	0	492	8	0.25	0.802
phlag_0010-c_min25max81-nc6	1173	221	9	597	0.303	0.9900990099009901
phlag_0010-c_min25max81-nc6	1002	624	57	317	0.187	0.8021390374331551
phlag_0010-c_min25max81-nc6	1480	15	269	236	0.2525	0.9900990099009901
phlag_0010-c_min25max81-nc6	1782	52	43	123	0.083	0.6024096385542168
phlag_0010-c_min25max81-nc6	935	459	9	597	0.303	0.9900990099009901
phlag_0010-c_min25max81-nc6	801	199	342	658	0.5	0.6
phlag_0010-c_min25max81-nc6	1824	51	49	76	0.0625	0.808
phlag_0010-c_min25max81-nc6	1167	0	761	72	0.4165	0.6002400960384153
phlag_0010-c_min25max81-nc6	1246	5	154	595	0.3745	0.801068090787717
phlag_0010-c_min25max81-nc6	1489	178	95	238	0.1665	0.6006006006006006
phlag_0010-c_min25max81-nc6	1239	458	141	162	0.1515	0.9900990099009901
phlag_0010-c_min25max81-nc6	1716	159	16	109	0.0625	0.808
phlag_0010-c_min25max81-nc6	1394	0	2	604	0.303	0.9900990099009901
phlag_0010-c_min25max81-nc6	1333	1	261	405	0.333	0.6006006006006006
phlag_0010-c_min25max81-nc6	1734	16	13	237	0.125	0.804
phlag_0010-c_min25max81-nc6	1626	0	159	215	0.187	0.8021390374331551
phlag_0010-c_min25max81-nc6	1601	96	1	302	0.1515	0.9900990099009901
phlag_0010-c_min25max81-nc6	1165	2	334	499	0.4165	0.6002400960384153
phlag_0010-c_min25max81-nc6	1391	3	4	602	0.303	0.9900990099009901
phlag_0010-c_min25max81-nc6	1394	0	600	6	0.303	0.9900990099009901
phlag_0010-c_min25max81-nc6	1365	29	4	602	0.303	0.9900990099009901
phlag_0010-c_min25max81-nc6	1665	2	327	6	0.1665	0.6006006006006006
phlag_0010-c_min25max81-nc6	1789	86	13	112	0.0625	0.808
phlag_0010-c_min25max81-nc6	1515	81	1	403	0.202	0.9900990099009901
phlag_0010-c_min25max81-nc6	1491	9	86	414	0.25	0.802
phlag_0010-c_min25max81-nc6	1334	0	267	399	0.333	0.6006006006006006
phlag_0010-c_min25max81-nc6	1328	6	260	406	0.333	0.6006006006006006
phlag_0010-c_min25max81-nc6	1112	55	333	500	0.4165	0.6002400960384153
phlag_0010-c_min25max81-nc6	1489	11	176	324	0.25	0.6
phlag_0010-c_min25max81-nc6	1442	58	176	324	0.25	0.6
phlag_0010-c_min25max81-nc6	878	122	357	643	0.5	0.6
phlag_0010-c_min25max81-nc6	1693	4	0	303	0.1515	0.9900990099009901
phlag_0010-c_min25max81-nc6	1768	66	29	137	0.083	0.6024096385542168
phlag_0010-c_min25max81-nc6	1494	1	5	500	0.2525	0.9900990099009901
phlag_0010-c_min25max81-nc6	1812	63	13	112	0.0625	0.808
phlag_0010-c_min25max81-nc6	932	319	106	643	0.3745	0.801068090787717
phlag_0010-c_min25max81-nc6	1720	30	45	205	0.125	0.804
phlag_0010-c_min25max81-nc6	1510	116	47	327	0.187	0.8021390374331551
phlag_0010-c_min25max81-nc6	1445	55	79	421	0.25	0.802
phlag_0010-c_min25max81-nc6	1883	16	2	99	0.0505	0.9900990099009901
phlag_0010-c_min25max81-nc6	1594	2	1	403	0.202	0.9900990099009901
phlag_0010-c_min25max81-nc6	1627	123	31	219	0.125	0.804
phlag_0010-c_min25max81-nc6	1789	45	39	127	0.083	0.6024096385542168
phlag_0010-c_min25max81-nc6	1766	68	149	17	0.083	0.6024096385542168
phlag_0010-c_min25max81-nc6	1694	3	156	147	0.1515	0.9900990099009901
phlag_0010-c_min25max81-nc6	1162	89	110	639	0.3745	0.801068090787717
phlag_0010-c_min25max81-nc6	1152	723	17	108	0.0625	0.808
phlag_0010-c_min25max81-nc6	1767	31	1	201	0.101	0.9900990099009901
phlag_0010-c_min25max81-nc6	1024	143	274	559	0.4165	0.6002400960384153
phlag_0010-c_min25max81-nc6	1769	29	1	201	0.101	0.9900990099009901
phlag_0010-c_min25max81-nc6	1695	2	1	302	0.1515	0.9900990099009901
phlag_0010-c_min25max81-nc6	1608	59	54	279	0.1665	0.6006006006006006
phlag_0010-c_min25max81-nc6	1212	288	159	341	0.25	0.6
phlag_0010-c_min25max81-nc6	1601	25	38	336	0.187	0.8021390374331551
phlag_0010-c_min25max81-nc6	1644	23	156	177	0.1665	0.6006006006006006
phlag_0010-c_min25max81-nc6	1249	2	630	119	0.3745	0.801068090787717
phlag_0010-c_min25max81-nc6	1606	144	38	212	0.125	0.804
phlag_0010-c_min25max81-nc6	1689	8	0	303	0.1515	0.9900990099009901
phlag_0010-c_min25max81-nc6	1856	43	0	101	0.0505	0.9900990099009901
phlag_0010-c_min25max81-nc6	1332	2	266	400	0.333	0.6006006006006006
phlag_0010-c_min25max81-nc6	1148	448	0	404	0.202	0.9900990099009901
phlag_0010-c_min25max81-nc6	1291	84	93	532	0.3125	0.8016
phlag_0010-c_min25max81-nc6	1596	0	1	403	0.202	0.9900990099009901
phlag_0010-c_min25max81-nc6	1371	4	127	498	0.3125	0.8016
phlag_0010-c_min25max81-nc6	1081	414	3	502	0.2525	0.9900990099009901
phlag_0010-c_min25max81-nc6	1837	38	11	114	0.0625	0.808
phlag_0010-c_min25max81-nc6	1000	0	745	255	0.5	0.6
phlag_0010-c_min25max81-nc6	1602	297	1	100	0.0505	0.9900990099009901
phlag_0010-c_min25max81-nc6	1334	500	43	123	0.083	0.6024096385542168
phlag_0010-c_min25max81-nc6	1798	0	1	201	0.101	0.9900990099009901
phlag_0010-c_min25max81-nc6	1500	0	188	312	0.25	0.6
phlag_0010-c_min25max81-nc6	1693	4	0	303	0.1515	0.9900990099009901
phlag_0010-c_min25max81-nc6	1388	112	81	419	0.25	0.802
phlag_0010-c_min25max81-nc6	1838	37	2	123	0.0625	0.808
phlag_0010-c_min25max81-nc6	1251	0	149	600	0.3745	0.801068090787717
phlag_0010-c_min25max81-nc6	1597	100	50	253	0.1515	0.9900990099009901
phlag_0010-c_min25max81-nc6	1167	0	329	504	0.4165	0.6002400960384153
phlag_0010-c_min25max81-nc6	1759	39	0	202	0.101	0.9900990099009901
phlag_0010-c_min25max81-nc6	994	6	356	644	0.5	0.6
phlag_0010-c_min25max81-nc6	1699	200	0	101	0.0505	0.9900990099009901
phlag_0010-c_min25max81-nc6	1495	131	50	324	0.187	0.8021390374331551
phlag_0010-c_min25max81-nc6	1117	50	491	342	0.4165	0.6002400960384153
phlag_0010-c_min25max81-nc6	1249	585	32	134	0.083	0.6024096385542168
phlag_0010-c_min25max81-nc6	1102	65	285	548	0.4165	0.6002400960384153
phlag_0010-c_min25max81-nc6	1519	107	36	338	0.187	0.8021390374331551
phlag_0010-c_min25max81-nc6	1697	0	0	303	0.1515	0.9900990099009901
phlag_0010-c_min25max81-nc6	1331	295	33	341	0.187	0.8021390374331551
phlag_0010-c_min25max81-nc6	1625	42	110	223	0.1665	0.6006006006006006
phlag_0010-c_min25max81-nc6	1484	350	27	139	0.083	0.6024096385542168
phlag_0010-c_min25max81-nc6	1355	39	3	603	0.303	0.9900990099009901
phlag_0010-c_min25max81-nc6	1477	273	37	213	0.125	0.804
phlag_0010-c_min25max81-nc6	1297	329	55	319	0.187	0.8021390374331551
phlag_0010-c_min25max81-nc6	805	695	68	432	0.25	0.802
phlag_0010-c_min25max81-nc6	997	3	383	617	0.5	0.6
phlag_0010-c_min25max81-nc6	979	21	394	606	0.5	0.6
phlag_0010-c_min25max81-nc6	1234	17	110	639	0.3745	0.801068090787717
phlag_0010-c_min25max81-nc6	1394	0	0	606	0.303	0.9900990099009901
phlag_0010-c_min25max81-nc6	712	539	68	681	0.3745	0.801068090787717
phlag_0010-c_min25max81-nc6	1333	61	1	605	0.303	0.9900990099009901
phlag_0010-c_min25max81-nc6	1678	19	0	303	0.1515	0.9900990099009901
phlag_0010-c_min25max81-nc6	1492	104	8	396	0.202	0.9900990099009901
phlag_0010-c_min25max81-nc6	1625	1	59	315	0.187	0.8021390374331551
phlag_0010-c_min25max81-nc6	1569	265	39	127	0.083	0.6024096385542168
phlag_0010-c_min25max81-nc6	1627	272	0	101	0.0505	0.9900990099009901
phlag_0010-c_min25max81-nc6	1883	16	0	101	0.0505	0.9900990099009901
phlag_0010-c_min25max81-nc6	1125	42	338	495	0.4165	0.6002400960384153
phlag_0010-c_min25max81-nc6	1092	283	98	527	0.3125	0.8016
phlag_0010-c_min25max81-nc6	1318	76	4	602	0.303	0.9900990099009901
phlag_0010-c_min25max81-nc6	1636	61	4	299	0.1515	0.9900990099009901
phlag_0010-c_min25max81-nc6	1268	66	263	403	0.333	0.6006006006006006
phlag_0010-c_min25max81-nc6	1899	0	0	101	0.0505	0.9900990099009901
phlag_0010-c_min25max81-nc6	999	1	582	418	0.5	0.6
phlag_0010-c_min25max81-nc6	1217	117	219	447	0.333	0.6006006006006006
phlag_0010-c_min25max81-nc6	985	409	6	600	0.303	0.9900990099009901
phlag_0010-c_min25max81-nc6	1042	458	51	449	0.25	0.802
phlag_0010-c_min25max81-nc6	912	482	23	583	0.303	0.9900990099009901
phlag_0010-c_min25max81-nc6	1391	3	319	287	0.303	0.9900990099009901
phlag_0010-c_min25max81-nc6	1163	4	429	404	0.4165	0.6002400960384153
phlag_0010-c_min25max81-nc6	1597	237	44	122	0.083	0.6024096385542168
phlag_0010-c_min25max81-nc6	1391	3	0	606	0.303	0.9900990099009901
phlag_0010-c_min25max81-nc6	1596	0	2	402	0.202	0.9900990099009901
phlag_0010-c_min25max81-nc6	920	455	96	529	0.3125	0.8016
phlag_0010-c_min25max81-nc6	1449	51	72	428	0.25	0.802
phlag_0010-c_min25max81-nc6	1667	0	120	213	0.1665	0.6006006006006006
phlag_0010-c_min25max81-nc6	1622	45	124	209	0.1665	0.6006006006006006
phlag_0010-c_min25max81-nc6	1626	0	373	1	0.187	0.8021390374331551
phlag_0010-c_min25max81-nc6	1277	98	98	527	0.3125	0.8016
phlag_0010-c_min25max81-nc6	1885	14	0	101	0.0505	0.9900990099009901
phlag_0010-c_min25max81-nc6	1236	15	84	665	0.3745	0.801068090787717
phlag_0010-c_min25max81-nc6	1785	13	2	200	0.101	0.9900990099009901
phlag_0010-c_min25max81-nc6	1495	5	90	410	0.25	0.802
phlag_0010-c_min25max81-nc6	1585	82	83	250	0.1665	0.6006006006006006
phlag_0010-c_min25max81-nc6	1897	2	99	2	0.0505	0.9900990099009901
phlag_0010-c_min25max81-nc6	1474	26	175	325	0.25	0.6
phlag_0010-c_min25max81-nc6	1749	1	17	233	0.125	0.804
phlag_0010-c_min25max81-nc6	1602	24	63	311	0.187	0.8021390374331551
phlag_0010-c_min25max81-nc6	1645	22	119	214	0.1665	0.6006006006006006
phlag_0010-c_min25max81-nc6	1306	492	1	201	0.101	0.9900990099009901
phlag_0010-c_min25max81-nc6	1750	0	243	7	0.125	0.804
phlag_0010-c_min25max81-nc6	1483	17	114	386	0.25	0.802
phlag_0010-c_min25max81-nc6	1345	150	3	502	0.2525	0.9900990099009901
phlag_0010-c_min25max81-nc6	1336	39	91	534	0.3125	0.8016
phlag_0010-c_min25max81-nc6	1615	11	70	304	0.187	0.8021390374331551
phlag_0010-c_min25max81-nc6	1852	23	3	122	0.0625	0.808
phlag_0010-c_min25max81-nc6	1590	6	392	12	0.202	0.9900990099009901
phlag_0010-c_min25max81-nc6	1375	0	112	513	0.3125	0.8016
phlag_0010-c_min25max81-nc6	1700	50	16	234	0.125	0.804
phlag_0010-c_min25max81-nc6	983	268	108	641	0.3745	0.801068090787717
phlag_0010-c_min25max81-nc6	1324	70	2	604	0.303	0.9900990099009901
phlag_0010-c_min25max81-nc6	828	423	79	670	0.3745	0.801068090787717
phlag_0010-c_min25max81-nc6	1176	723	24	77	0.0505	0.9900990099009901
phlag_0010-c_min25max81-nc6	1630	37	131	202	0.1665	0.6006006006006006
phlag_0010-c_min25max81-nc6	1685	12	2	301	0.1515	0.9900990099009901
phlag_0010-c_min25max81-nc6	1206	45	156	593	0.3745	0.801068090787717
phlag_0010-c_min25max81-nc6	1364	30	4	602	0.303	0.9900990099009901
phlag_0010-c_min25max81-nc6	1302	32	215	451	0.333	0.6006006006006006
phlag_0010-c_min25max81-nc6	1484	11	1	504	0.2525	0.9900990099009901
phlag_0010-c_min25max81-nc6	1480	20	194	306	0.25	0.6
phlag_0010-c_min25max81-nc6	881	745	66	308	0.187	0.8021390374331551
phlag_0010-c_min25max81-nc6	984	16	359	641	0.5	0.6
phlag_0010-c_min25max81-nc6	1545	152	1	302	0.1515	0.9900990099009901
phlag_0010-c_min25max81-nc6	1251	0	154	595	0.3745	0.801068090787717
phlag_0010-c_min25max81-nc6	1798	0	0	202	0.101	0.9900990099009901
phlag_0010-c_min25max81-nc6	1831	3	49	117	0.083	0.6024096385542168
phlag_0010-c_min25max81-nc6	1466	332	1	201	0.101	0.9900990099009901
phlag_0010-c_min25max81-nc6	1482	18	185	315	0.25	0.6
phlag_0010-c_min25max81-nc6	1665	2	119	214	0.1665	0.6006006006006006
phlag_0010-c_min25max81-nc6	1594	103	0	303	0.1515	0.9900990099009901
phlag_0010-c_min25max81-nc6	1859	40	0	101	0.0505	0.9900990099009901
phlag_0010-c_min25max81-nc6	1499	1	126	374	0.25	0.802
phlag_0010-c_min25max81-nc6	1626	0	57	317	0.187	0.8021390374331551
phlag_0010-c_min25max81-nc6	1374	1	106	519	0.3125	0.8016
phlag_0010-c_min25max81-nc6	692	308	296	704	0.5	0.6
phlag_0010-c_min25max81-nc6	1640	158	0	202	0.101	0.9900990099009901
phlag_0010-c_min25max81-nc6	1875	0	10	115	0.0625	0.808
phlag_0010-c_min25max81-nc6	1711	164	14	111	0.0625	0.808
phlag_0010-c_min25max81-nc6	1327	7	258	408	0.333	0.6006006006006006
phlag_0010-c_min25max81-nc6	1750	0	246	4	0.125	0.804
phlag_0010-c_min25max81-nc6	1682	15	0	303	0.1515	0.9900990099009901
phlag_0010-c_min25max81-nc6	992	175	293	540	0.4165	0.6002400960384153
phlag_0010-c_min25max81-nc6	1369	25	0	606	0.303	0.9900990099009901
phlag_0010-c_min25max81-nc6	1306	28	253	413	0.333	0.6006006006006006
phlag_0010-c_min25max81-nc6	1341	558	0	101	0.0505	0.9900990099009901
phlag_0010-c_min25max81-nc6	762	405	231	602	0.4165	0.6002400960384153
phlag_0010-c_min25max81-nc6	1384	313	0	303	0.1515	0.9900990099009901
phlag_0010-c_min25max81-nc6	1291	43	243	423	0.333	0.6006006006006006
phlag_0010-c_min25max81-nc6	1792	42	51	115	0.083	0.6024096385542168
phlag_0010-c_min25max81-nc6	1321	13	400	266	0.333	0.6006006006006006
phlag_0010-c_min25max81-nc6	1394	0	1	605	0.303	0.9900990099009901
phlag_0010-c_min25max81-nc6	1161	173	179	487	0.333	0.6006006006006006
phlag_0010-c_min25max81-nc6	1375	0	624	1	0.3125	0.8016
phlag_0010-c_min25max81-nc6	1187	207	3	603	0.303	0.9900990099009901
phlag_0010-c_min25max81-nc6	1864	35	0	101	0.0505	0.9900990099009901
phlag_0010-c_min25max81-nc6	1148	19	321	512	0.4165	0.6002400960384153
phlag_0010-c_min25max81-nc6	1603	272	9	116	0.0625	0.808
phlag_0010-c_min25max81-nc6	1518	179	1	302	0.1515	0.9900990099009901
phlag_0010-c_min25max81-nc6	1498	2	97	403	0.25	0.802
phlag_0010-c_min25max81-nc6	1651	16	68	265	0.1665	0.6006006006006006
phlag_0010-c_min25max81-nc6	1667	0	333	0	0.1665	0.6006006006006006
phlag_0010-c_min25max81-nc6	1792	6	190	12	0.101	0.9900990099009901
phlag_0010-c_min25max81-nc6	1899	0	0	101	0.0505	0.9900990099009901
phlag_0010-c_min25max81-nc6	1570	329	1	100	0.0505	0.9900990099009901
phlag_0010-c_min25max81-nc6	1310	440	33	217	0.125	0.804
phlag_0010-c_min25max81-nc6	999	597	74	330	0.202	0.9900990099009901
phlag_0010-c_min25max81-nc6	1374	1	122	503	0.3125	0.8016
phlag_0010-c_min25max81-nc6	1158	9	301	532	0.4165	0.6002400960384153
phlag_0010-c_min25max81-nc6	1120	47	305	528	0.4165	0.6002400960384153
phlag_0010-c_min25max81-nc6	1674	23	1	302	0.1515	0.9900990099009901
phlag_0010-c_min25max81-nc6	1498	2	83	417	0.25	0.802
phlag_0010-c_min25max81-nc6	1160	7	367	466	0.4165	0.6002400960384153
phlag_0010-c_min25max81-nc6	1500	0	233	267	0.25	0.6
phlag_0010-c_min25max81-nc6	1867	8	31	94	0.0625	0.808
phlag_0010-c_min25max81-nc6	1374	525	0	101	0.0505	0.9900990099009901
phlag_0010-c_min25max81-nc6	1500	0	500	0	0.25	0.6
phlag_0010-c_min25max81-nc6	1394	0	0	606	0.303	0.9900990099009901
phlag_0010-c_min25max81-nc6	1293	541	68	98	0.083	0.6024096385542168
phlag_0010-c_min25max81-nc6	1834	0	111	55	0.083	0.6024096385542168
phlag_0010-c_min25max81-nc6	1495	5	188	312	0.25	0.6
phlag_0010-c_min25max81-nc6	1308	67	105	520	0.3125	0.8016
phlag_0010-c_min25max81-nc6	1248	3	139	610	0.3745	0.801068090787717
phlag_0010-c_min25max81-nc6	1697	0	1	302	0.1515	0.9900990099009901
phlag_0010-c_min25max81-nc6	1518	78	1	403	0.202	0.9900990099009901
phlag_0010-c_min25max81-nc6	1495	0	0	505	0.2525	0.9900990099009901
phlag_0010-c_min25max81-nc6	1432	164	2	402	0.202	0.9900990099009901
phlag_0010-c_min25max81-nc6	1591	5	2	402	0.202	0.9900990099009901
phlag_0010-c_min25max81-nc6	1234	17	131	618	0.3745	0.801068090787717
phlag_0010-c_min25max81-nc6	1624	2	71	303	0.187	0.8021390374331551
phlag_0010-c_min25max81-nc6	1628	122	45	205	0.125	0.804
phlag_0010-c_min25max81-nc6	1316	18	249	417	0.333	0.6006006006006006
phlag_0010-c_min25max81-nc6	1683	14	2	301	0.1515	0.9900990099009901
phlag_0010-c_min25max81-nc6	1281	113	4	602	0.303	0.9900990099009901
phlag_0010-c_min25max81-nc6	1596	0	1	403	0.202	0.9900990099009901
phlag_0010-c_min25max81-nc6	1555	41	3	401	0.202	0.9900990099009901
phlag_0010-c_min25max81-nc6	1809	25	79	87	0.083	0.6024096385542168
phlag_0010-c_min25max81-nc6	1302	92	3	603	0.303	0.9900990099009901
phlag_0010-c_min25max81-nc6	1839	60	0	101	0.0505	0.9900990099009901
phlag_0010-c_min25max81-nc6	1831	3	121	45	0.083	0.6024096385542168
phlag_0010-c_min25max81-nc6	1365	29	18	588	0.303	0.9900990099009901
phlag_0010-c_min25max81-nc6	1394	0	6	600	0.303	0.9900990099009901
phlag_0010-c_min25max81-nc6	1141	354	1	504	0.2525	0.9900990099009901
phlag_0010-c_min25max81-nc6	1697	0	2	301	0.1515	0.9900990099009901
phlag_0010-c_min25max81-nc6	1699	51	218	32	0.125	0.804
phlag_0010-c_min25max81-nc6	1697	0	6	297	0.1515	0.9900990099009901
phlag_0010-c_min25max81-nc6	1069	628	2	301	0.1515	0.9900990099009901
phlag_0010-c_min25max81-nc6	925	75	325	675	0.5	0.6
phlag_0010-c_min25max81-nc6	1480	20	185	315	0.25	0.6
phlag_0010-c_min25max81-nc6	1596	0	0	404	0.202	0.9900990099009901
phlag_0010-c_min25max81-nc6	1392	2	5	601	0.303	0.9900990099009901
phlag_0010-c_min25max81-nc6	1490	10	174	326	0.25	0.6
phlag_0010-c_min25max81-nc6	1635	62	2	301	0.1515	0.9900990099009901
phlag_0010-c_min25max81-nc6	1101	399	394	106	0.25	0.6
phlag_0010-c_min25max81-nc6	920	80	375	625	0.5	0.6
phlag_0010-c_min25max81-nc6	1783	51	41	125	0.083	0.6024096385542168
phlag_0010-c_min25max81-nc6	1159	8	336	497	0.4165	0.6002400960384153
phlag_0010-c_min25max81-nc6	1495	0	0	505	0.2525	0.9900990099009901
phlag_0010-c_min25max81-nc6	1294	206	49	451	0.25	0.802
phlag_0010-c_min25max81-nc6	1383	117	78	422	0.25	0.802
phlag_0010-c_min25max81-nc6	1862	13	9	116	0.0625	0.808
phlag_0010-c_min25max81-nc6	1625	1	369	5	0.187	0.8021390374331551
phlag_0010-c_min25max81-nc6	1595	31	42	332	0.187	0.8021390374331551
phlag_0010-c_min25max81-nc6	1495	5	483	17	0.25	0.6
phlag_0010-c_min25max81-nc6	1329	5	580	86	0.333	0.6006006006006006
phlag_0010-c_min25max81-nc6	1569	57	52	322	0.187	0.8021390374331551
phlag_0010-c_min25max81-nc6	1600	234	20	146	0.083	0.6024096385542168
phlag_0010-c_min25max81-nc6	1114	761	17	108	0.0625	0.808
phlag_0010-c_min25max81-nc6	996	4	399	601	0.5	0.6
phlag_0010-c_min25max81-nc6	1858	17	17	108	0.0625	0.808
phlag_0010-c_min25max81-nc6	1797	1	0	202	0.101	0.9900990099009901
phlag_0010-c_min25max81-nc6	1375	0	139	486	0.3125	0.8016
phlag_0010-c_min25max81-nc6	1899	0	100	1	0.0505	0.9900990099009901
phlag_0010-c_min25max81-nc6	1583	292	31	94	0.0625	0.808
phlag_0010-c_min25max81-nc6	1226	25	140	609	0.3745	0.801068090787717
phlag_0010-c_min25max81-nc6	1024	851	19	106	0.0625	0.808
phlag_0010-c_min25max81-nc6	1302	365	109	224	0.1665	0.6006006006006006
phlag_0010-c_min25max81-nc6	1586	10	0	404	0.202	0.9900990099009901
phlag_0010-c_min25max81-nc6	1482	18	64	436	0.25	0.802
phlag_0010-c_min25max81-nc6	1409	86	6	499	0.2525	0.9900990099009901
phlag_0010-c_min25max81-nc6	1630	37	141	192	0.1665	0.6006006006006006
phlag_0010-c_min25max81-nc6	1618	281	0	101	0.0505	0.9900990099009901
phlag_0010-c_min25max81-nc6	1110	390	150	350	0.25	0.6
phlag_0010-c_min25max81-nc6	1408	390	0	202	0.101	0.9900990099009901
phlag_0010-c_min25max81-nc6	1440	60	82	418	0.25	0.802
phlag_0010-c_min25max81-nc6	1667	0	333	0	0.1665	0.6006006006006006
phlag_0010-c_min25max81-nc6	1371	4	110	515	0.3125	0.8016
phlag_0010-c_min25max81-nc6	1484	16	60	440	0.25	0.802
phlag_0010-c_min25max81-nc6	1579	17	0	404	0.202	0.9900990099009901
phlag_0010-c_min25max81-nc6	1314	181	0	505	0.2525	0.9900990099009901
phlag_0010-c_min25max81-nc6	1716	159	14	111	0.0625	0.808
phlag_0010-c_min25max81-nc6	1245	6	116	633	0.3745	0.801068090787717
phlag_0010-c_min25max81-nc6	1076	175	177	572	0.3745	0.801068090787717
phlag_0010-c_min25max81-nc6	980	187	292	541	0.4165	0.6002400960384153
phlag_0010-c_min25max81-nc6	1317	58	96	529	0.3125	0.8016
phlag_0010-c_min25max81-nc6	1491	9	258	242	0.25	0.6
phlag_0010-c_min25max81-nc6	944	56	380	620	0.5	0.6
phlag_0010-c_min25max81-nc6	1050	617	113	220	0.1665	0.6006006006006006
phlag_0010-c_min25max81-nc6	1750	0	28	222	0.125	0.804
phlag_0010-c_min25max81-nc6	1899	0	1	100	0.0505	0.9900990099009901
phlag_0010-c_min25max81-nc6	1351	24	120	505	0.3125	0.8016
phlag_0010-c_min25max81-nc6	1730	20	14	236	0.125	0.804
phlag_0010-c_min25max81-nc6	997	3	411	589	0.5	0.6
phlag_0010-c_min25max81-nc6	1492	3	1	504	0.2525	0.9900990099009901
phlag_0010-c_min25max81-nc6	1694	3	1	302	0.1515	0.9900990099009901
phlag_0010-c_min25max81-nc6	1794	40	57	109	0.083	0.6024096385542168
phlag_0010-c_min25max81-nc6	1357	18	13	612	0.3125	0.8016
phlag_0010-c_min25max81-nc6	1749	1	46	204	0.125	0.804
phlag_0010-c_min25max81-nc6	1596	0	0	404	0.202	0.9900990099009901
phlag_0010-c_min25max81-nc6	1795	3	0	202	0.101	0.9900990099009901
phlag_0010-c_min25max81-nc6	1500	0	290	210	0.25	0.6
phlag_0010-c_min25max81-nc6	1748	2	15	235	0.125	0.804
phlag_0010-c_min25max81-nc6	1479	16	4	501	0.2525	0.9900990099009901
phlag_0010-c_min25max81-nc6	1897	2	0	101	0.0505	0.9900990099009901
phlag_0010-c_min9max81	1798	0	202	0	0.101	0.9900990099009901
phlag_0010-c_min9max81	1667	0	331	2	0.1665	0.6006006006006006
phlag_0010-c_min9max81	1697	0	303	0	0.1515	0.9900990099009901
phlag_0010-c_min9max81	1594	73	3	330	0.1665	0.6006006006006006
phlag_0010-c_min9max81	1798	0	202	0	0.101	0.9900990099009901
phlag_0010-c_min9max81	1834	0	166	0	0.083	0.6024096385542168
phlag_0010-c_min9max81	916	584	303	197	0.25	0.6
phlag_0010-c_min9max81	1394	0	606	0	0.303	0.9900990099009901
phlag_0010-c_min9max81	1458	37	0	505	0.2525	0.9900990099009901
phlag_0010-c_min9max81	1566	30	0	404	0.202	0.9900990099009901
phlag_0010-c_min9max81	1755	79	0	166	0.083	0.6024096385542168
phlag_0010-c_min9max81	105	1146	679	70	0.3745	0.801068090787717
phlag_0010-c_min9max81	1813	21	0	166	0.083	0.6024096385542168
phlag_0010-c_min9max81	1167	0	833	0	0.4165	0.6002400960384153
phlag_0010-c_min9max81	1206	461	7	326	0.1665	0.6006006006006006
phlag_0010-c_min9max81	1696	1	0	303	0.1515	0.9900990099009901
phlag_0010-c_min9max81	988	12	976	24	0.5	0.6
phlag_0010-c_min9max81	1375	0	625	0	0.3125	0.8016
phlag_0010-c_min9max81	1251	0	749	0	0.3745	0.801068090787717
phlag_0010-c_min9max81	1472	28	25	475	0.25	0.6
phlag_0010-c_min9max81	1626	0	374	0	0.187	0.8021390374331551
phlag_0010-c_min9max81	1319	580	29	72	0.0505	0.9900990099009901
phlag_0010-c_min9max81	1495	0	1	504	0.2525	0.9900990099009901
phlag_0010-c_min9max81	1495	0	0	505	0.2525	0.9900990099009901
phlag_0010-c_min9max81	1689	145	11	155	0.083	0.6024096385542168
phlag_0010-c_min9max81	1774	24	0	202	0.101	0.9900990099009901
phlag_0010-c_min9max81	1626	0	374	0	0.187	0.8021390374331551
phlag_0010-c_min9max81	1875	0	125	0	0.0625	0.808
phlag_0010-c_min9max81	1326	8	8	658	0.333	0.6006006006006006
phlag_0010-c_min9max81	1249	85	98	568	0.333	0.6006006006006006
phlag_0010-c_min9max81	1664	211	0	125	0.0625	0.808
phlag_0010-c_min9max81	1000	0	1000	0	0.5	0.6
phlag_0010-c_min9max81	1310	357	76	257	0.1665	0.6006006006006006
phlag_0010-c_min9max81	0	1697	303	0	0.1515	0.9900990099009901
phlag_0010-c_min9max81	1875	0	125	0	0.0625	0.808
phlag_0010-c_min9max81	1750	0	1	249	0.125	0.804
phlag_0010-c_min9max81	1697	0	303	0	0.1515	0.9900990099009901
phlag_0010-c_min9max81	1172	626	7	195	0.101	0.9900990099009901
phlag_0010-c_min9max81	1626	0	0	374	0.187	0.8021390374331551
phlag_0010-c_min9max81	1394	0	606	0	0.303	0.9900990099009901
phlag_0010-c_min9max81	1798	0	202	0	0.101	0.9900990099009901
phlag_0010-c_min9max81	865	302	334	499	0.4165	0.6002400960384153
phlag_0010-c_min9max81	1000	0	1000	0	0.5	0.6
phlag_0010-c_min9max81	1678	221	0	101	0.0505	0.9900990099009901
phlag_0010-c_min9max81	1375	0	1	624	0.3125	0.8016
phlag_0010-c_min9max81	1750	0	1	249	0.125	0.804
phlag_0010-c_min9max81	1018	477	5	500	0.2525	0.9900990099009901
phlag_0010-c_min9max81	1394	0	141	465	0.303	0.9900990099009901
phlag_0010-c_min9max81	994	6	114	886	0.5	0.6
phlag_0010-c_min9max81	1394	0	0	606	0.303	0.9900990099009901
phlag_0010-c_min9max81	1104	730	83	83	0.083	0.6024096385542168
phlag_0010-c_min9max81	1810	24	7	159	0.083	0.6024096385542168
phlag_0010-c_min9max81	1334	0	666	0	0.333	0.6006006006006006
phlag_0010-c_min9max81	1667	0	333	0	0.1665	0.6006006006006006
phlag_0010-c_min9max81	1228	522	117	133	0.125	0.804
phlag_0010-c_min9max81	1666	1	7	326	0.1665	0.6006006006006006
phlag_0010-c_min9max81	1694	181	0	125	0.0625	0.808
phlag_0010-c_min9max81	1024	673	102	201	0.1515	0.9900990099009901
phlag_0010-c_min9max81	1899	0	101	0	0.0505	0.9900990099009901
phlag_0010-c_min9max81	1750	0	16	234	0.125	0.804
phlag_0010-c_min9max81	1500	0	500	0	0.25	0.6
phlag_0010-c_min9max81	1334	41	75	550	0.3125	0.8016
phlag_0010-c_min9max81	1812	63	0	125	0.0625	0.808
phlag_0010-c_min9max81	1798	0	0	202	0.101	0.9900990099009901
phlag_0010-c_min9max81	87	1247	495	171	0.333	0.6006006006006006
phlag_0010-c_min9max81	1667	0	333	0	0.1665	0.6006006006006006
phlag_0010-c_min9max81	1089	78	113	720	0.4165	0.6002400960384153
phlag_0010-c_min9max81	1115	219	42	624	0.333	0.6006006006006006
phlag_0010-c_min9max81	1000	0	1000	0	0.5	0.6
phlag_0010-c_min9max81	1821	13	1	165	0.083	0.6024096385542168
phlag_0010-c_min9max81	1896	3	0	101	0.0505	0.9900990099009901
phlag_0010-c_min9max81	1000	0	72	928	0.5	0.6
phlag_0010-c_min9max81	1471	24	0	505	0.2525	0.9900990099009901
phlag_0010-c_min9max81	1487	13	50	450	0.25	0.6
phlag_0010-c_min9max81	1596	0	0	404	0.202	0.9900990099009901
phlag_0010-c_min9max81	1834	0	166	0	0.083	0.6024096385542168
phlag_0010-c_min9max81	1697	0	303	0	0.1515	0.9900990099009901
phlag_0010-c_min9max81	1402	98	4	496	0.25	0.6
phlag_0010-c_min9max81	768	232	121	879	0.5	0.6
phlag_0010-c_min9max81	1750	0	250	0	0.125	0.804
phlag_0010-c_min9max81	1500	0	500	0	0.25	0.6
phlag_0010-c_min9max81	1667	0	333	0	0.1665	0.6006006006006006
phlag_0010-c_min9max81	1082	418	350	150	0.25	0.6
phlag_0010-c_min9max81	1270	64	90	576	0.333	0.6006006006006006
phlag_0010-c_min9max81	1500	0	500	0	0.25	0.802
phlag_0010-c_min9max81	1246	421	17	316	0.1665	0.6006006006006006
phlag_0010-c_min9max81	25	975	965	35	0.5	0.6
phlag_0010-c_min9max81	1167	0	833	0	0.4165	0.6002400960384153
phlag_0010-c_min9max81	1228	267	1	504	0.2525	0.9900990099009901
phlag_0010-c_min9max81	1899	0	101	0	0.0505	0.9900990099009901
phlag_0010-c_min9max81	1855	44	0	101	0.0505	0.9900990099009901
phlag_0010-c_min9max81	1334	0	664	2	0.333	0.6006006006006006
phlag_0010-c_min9max81	1106	394	34	466	0.25	0.802
phlag_0010-c_min9max81	1033	765	29	173	0.101	0.9900990099009901
phlag_0010-c_min9max81	1209	125	22	644	0.333	0.6006006006006006
phlag_0010-c_min9max81	136	1359	502	3	0.2525	0.9900990099009901
phlag_0010-c_min9max81	1222	29	38	711	0.3745	0.801068090787717
phlag_0010-c_min9max81	1591	5	0	404	0.202	0.9900990099009901
phlag_0010-c_min9max81	1697	0	0	303	0.1515	0.9900990099009901
phlag_0010-c_min9max81	1241	10	68	681	0.3745	0.801068090787717
phlag_0010-c_min9max81	949	748	22	281	0.1515	0.9900990099009901
phlag_0010-c_min9max81	1251	0	749	0	0.3745	0.801068090787717
phlag_0010-c_min9max81	1250	1	0	749	0.3745	0.801068090787717
phlag_0010-c_min9max81	1832	2	10	156	0.083	0.6024096385542168
phlag_0010-c_min9max81	1659	38	0	303	0.1515	0.9900990099009901
phlag_0010-c_min9max81	1798	0	202	0	0.101	0.9900990099009901
phlag_0010-c_min9max81	1553	43	0	404	0.202	0.9900990099009901
phlag_0010-c_min9max81	1302	32	4	662	0.333	0.6006006006006006
phlag_0010-c_min9max81	1625	1	11	363	0.187	0.8021390374331551
phlag_0010-c_min9max81	1484	11	0	505	0.2525	0.9900990099009901
phlag_0010-c_min9max81	912	255	93	740	0.4165	0.6002400960384153
phlag_0010-c_min9max81	1494	1	0	505	0.2525	0.9900990099009901
phlag_0010-c_min9max81	1244	256	23	477	0.25	0.802
phlag_0010-c_min9max81	1626	0	374	0	0.187	0.8021390374331551
phlag_0010-c_min9max81	1000	0	1000	0	0.5	0.6
phlag_0010-c_min9max81	1596	0	404	0	0.202	0.9900990099009901
phlag_0010-c_min9max81	1596	0	0	404	0.202	0.9900990099009901
phlag_0010-c_min9max81	1798	0	116	86	0.101	0.9900990099009901
phlag_0010-c_min9max81	1596	0	0	404	0.202	0.9900990099009901
phlag_0010-c_min9max81	958	436	0	606	0.303	0.9900990099009901
phlag_0010-c_min9max81	1875	0	125	0	0.0625	0.808
phlag_0010-c_min9max81	1697	0	303	0	0.1515	0.9900990099009901
phlag_0010-c_min9max81	1845	30	0	125	0.0625	0.808
phlag_0010-c_min9max81	1375	0	625	0	0.3125	0.8016
phlag_0010-c_min9max81	1798	0	202	0	0.101	0.9900990099009901
phlag_0010-c_min9max81	1167	0	48	785	0.4165	0.6002400960384153
phlag_0010-c_min9max81	1500	0	379	121	0.25	0.6
phlag_0010-c_min9max81	1596	0	0	404	0.202	0.9900990099009901
phlag_0010-c_min9max81	1270	528	0	202	0.101	0.9900990099009901
phlag_0010-c_min9max81	1798	0	0	202	0.101	0.9900990099009901
phlag_0010-c_min9max81	1749	1	64	186	0.125	0.804
phlag_0010-c_min9max81	1833	1	1	165	0.083	0.6024096385542168
phlag_0010-c_min9max81	1220	406	19	355	0.187	0.8021390374331551
phlag_0010-c_min9max81	1500	0	500	0	0.25	0.6
phlag_0010-c_min9max81	1259	491	18	232	0.125	0.804
phlag_0010-c_min9max81	1656	11	1	332	0.1665	0.6006006006006006
phlag_0010-c_min9max81	1834	65	0	101	0.0505	0.9900990099009901
phlag_0010-c_min9max81	1494	1	0	505	0.2525	0.9900990099009901
phlag_0010-c_min9max81	1564	32	0	404	0.202	0.9900990099009901
phlag_0010-c_min9max81	984	766	0	250	0.125	0.804
phlag_0010-c_min9max81	726	441	228	605	0.4165	0.6002400960384153
phlag_0010-c_min9max81	1000	0	848	152	0.5	0.6
phlag_0010-c_min9max81	139	1236	582	43	0.3125	0.8016
phlag_0010-c_min9max81	1164	87	101	648	0.3745	0.801068090787717
phlag_0010-c_min9max81	1498	2	494	6	0.25	0.6
phlag_0010-c_min9max81	1796	2	0	202	0.101	0.9900990099009901
phlag_0010-c_min9max81	1771	27	0	202	0.101	0.9900990099009901
phlag_0010-c_min9max81	1394	0	0	606	0.303	0.9900990099009901
phlag_0010-c_min9max81	1389	5	0	606	0.303	0.9900990099009901
phlag_0010-c_min9max81	1480	20	46	454	0.25	0.6
phlag_0010-c_min9max81	1254	80	52	614	0.333	0.6006006006006006
phlag_0010-c_min9max81	94	1502	403	1	0.202	0.9900990099009901
phlag_0010-c_min9max81	1321	73	5	601	0.303	0.9900990099009901
phlag_0010-c_min9max81	1500	0	18	482	0.25	0.802
phlag_0010-c_min9max81	1489	309	0	202	0.101	0.9900990099009901
phlag_0010-c_min9max81	1899	0	0	101	0.0505	0.9900990099009901
phlag_0010-c_min9max81	72	1428	466	34	0.25	0.802
phlag_0010-c_min9max81	107	1388	493	12	0.2525	0.9900990099009901
phlag_0010-c_min9max81	1489	6	0	505	0.2525	0.9900990099009901
phlag_0010-c_min9max81	1111	223	234	432	0.333	0.6006006006006006
phlag_0010-c_min9max81	1425	450	2	123	0.0625	0.808
phlag_0010-c_min9max81	1899	0	0	101	0.0505	0.9900990099009901
phlag_0010-c_min9max81	1798	0	202	0	0.101	0.9900990099009901
phlag_0010-c_min9max81	1000	0	1000	0	0.5	0.6
phlag_0010-c_min9max81	920	455	403	222	0.3125	0.8016
phlag_0010-c_min9max81	1500	0	500	0	0.25	0.802
phlag_0010-c_min9max81	1481	14	2	503	0.2525	0.9900990099009901
phlag_0010-c_min9max81	1873	2	2	123	0.0625	0.808
phlag_0010-c_min9max81	1000	0	1000	0	0.5	0.6
phlag_0010-c_min9max81	1596	303	0	101	0.0505	0.9900990099009901
phlag_0010-c_min9max81	1751	124	0	125	0.0625	0.808
phlag_0010-c_min9max81	4	1622	364	10	0.187	0.8021390374331551
phlag_0010-c_min9max81	1495	0	505	0	0.2525	0.9900990099009901
phlag_0010-c_min9max81	1375	0	6	619	0.3125	0.8016
phlag_0010-c_min9max81	1454	46	0	500	0.25	0.802
phlag_0010-c_min9max81	1061	439	330	170	0.25	0.802
phlag_0010-c_min9max81	1564	62	14	360	0.187	0.8021390374331551
phlag_0010-c_min9max81	1666	1	0	333	0.1665	0.6006006006006006
phlag_0010-c_min9max81	1238	137	74	551	0.3125	0.8016
phlag_0010-c_min9max81	1899	0	0	101	0.0505	0.9900990099009901
phlag_0010-c_min9max81	1772	26	0	202	0.101	0.9900990099009901
phlag_0010-c_min9max81	1201	299	23	477	0.25	0.6
phlag_0010-c_min9max81	1334	0	666	0	0.333	0.6006006006006006
phlag_0010-c_min9max81	1500	0	499	1	0.25	0.802
phlag_0010-c_min9max81	1500	0	4	496	0.25	0.802
phlag_0010-c_min9max81	1332	2	36	630	0.333	0.6006006006006006
phlag_0010-c_min9max81	1542	256	0	202	0.101	0.9900990099009901
phlag_0010-c_min9max81	1389	5	0	606	0.303	0.9900990099009901
phlag_0010-c_min9max81	1365	10	2	623	0.3125	0.8016
phlag_0010-c_min9max81	1750	0	250	0	0.125	0.804
phlag_0010-c_min9max81	1626	0	374	0	0.187	0.8021390374331551
phlag_0010-c_min9max81	1476	24	2	498	0.25	0.802
phlag_0010-c_min9max81	639	361	838	162	0.5	0.6
phlag_0010-c_min9max81	1596	0	0	404	0.202	0.9900990099009901
phlag_0010-c_min9max81	1158	9	292	541	0.4165	0.6002400960384153
phlag_0010-c_min9max81	1697	0	303	0	0.1515	0.9900990099009901
phlag_0010-c_min9max81	1251	0	82	667	0.3745	0.801068090787717
phlag_0010-c_min9max81	1643	24	39	294	0.1665	0.6006006006006006
phlag_0010-c_min9max81	1532	302	3	163	0.083	0.6024096385542168
phlag_0010-c_min9max81	1491	9	476	24	0.25	0.6
phlag_0010-c_min9max81	1299	35	0	666	0.333	0.6006006006006006
phlag_0010-c_min9max81	1354	21	2	623	0.3125	0.8016
phlag_0010-c_min9max81	1578	18	0	404	0.202	0.9900990099009901
phlag_0010-c_min9max81	1390	4	0	606	0.303	0.9900990099009901
phlag_0010-c_min9max81	1251	0	17	732	0.3745	0.801068090787717
phlag_0010-c_min9max81	111	889	416	584	0.5	0.6
phlag_0010-c_min9max81	1500	0	76	424	0.25	0.6
phlag_0010-c_min9max81	475	1323	202	0	0.101	0.9900990099009901
phlag_0010-c_min9max81	89	1162	692	57	0.3745	0.801068090787717
phlag_0010-c_min9max81	1899	0	101	0	0.0505	0.9900990099009901
phlag_0010-c_min9max81	1750	0	250	0	0.125	0.804
phlag_0010-c_min9max81	1118	49	272	561	0.4165	0.6002400960384153
phlag_0010-c_min9max81	1667	0	30	303	0.1665	0.6006006006006006
phlag_0010-c_min9max81	1375	0	625	0	0.3125	0.8016
phlag_0010-c_min9max81	1500	0	8	492	0.25	0.802
phlag_0010-c_min9max81	1060	440	344	156	0.25	0.802
phlag_0010-c_min9max81	1750	0	250	0	0.125	0.804
phlag_0010-c_min9max81	1394	0	1	605	0.303	0.9900990099009901
phlag_0010-c_min9max81	1167	0	833	0	0.4165	0.6002400960384153
phlag_0010-c_min9max81	1875	0	125	0	0.0625	0.808
phlag_0010-c_min9max81	1057	194	250	499	0.3745	0.801068090787717
phlag_0010-c_min9max81	1814	20	0	166	0.083	0.6024096385542168
phlag_0010-c_min9max81	1834	0	166	0	0.083	0.6024096385542168
phlag_0010-c_min9max81	1807	68	3	122	0.0625	0.808
phlag_0010-c_min9max81	1151	16	222	611	0.4165	0.6002400960384153
phlag_0010-c_min9max81	1898	1	0	101	0.0505	0.9900990099009901
phlag_0010-c_min9max81	617	383	627	373	0.5	0.6
phlag_0010-c_min9max81	1334	0	666	0	0.333	0.6006006006006006
phlag_0010-c_min9max81	1005	495	98	402	0.25	0.6
phlag_0010-c_min9max81	1657	10	2	331	0.1665	0.6006006006006006
phlag_0010-c_min9max81	1305	445	2	248	0.125	0.804
phlag_0010-c_min9max81	1875	0	0	125	0.0625	0.808
phlag_0010-c_min9max81	1358	17	84	541	0.3125	0.8016
phlag_0010-c_min9max81	1637	30	57	276	0.1665	0.6006006006006006
phlag_0010-c_min9max81	1159	437	1	403	0.202	0.9900990099009901
phlag_0010-c_min9max81	1500	0	500	0	0.25	0.6
phlag_0010-c_min9max81	1246	504	96	154	0.125	0.804
phlag_0010-c_min9max81	1394	0	0	606	0.303	0.9900990099009901
phlag_0010-c_min9max81	1899	0	49	52	0.0505	0.9900990099009901
phlag_0010-c_min9max81	1483	12	0	505	0.2525	0.9900990099009901
phlag_0010-c_min9max81	1899	0	101	0	0.0505	0.9900990099009901
phlag_0010-c_min9max81	1838	61	0	101	0.0505	0.9900990099009901
phlag_0010-c_min9max81	1385	490	7	118	0.0625	0.808
phlag_0010-c_min9max81	1771	27	0	202	0.101	0.9900990099009901
phlag_0010-c_min9max81	1334	0	666	0	0.333	0.6006006006006006
phlag_0010-c_min9max81	1167	0	833	0	0.4165	0.6002400960384153
phlag_0010-c_min9max81	1619	48	20	313	0.1665	0.6006006006006006
phlag_0010-c_min9max81	1594	281	0	125	0.0625	0.808
phlag_0010-c_min9max81	1626	0	0	374	0.187	0.8021390374331551
phlag_0010-c_min9max81	1465	35	131	369	0.25	0.6
phlag_0010-c_min9max81	1271	355	41	333	0.187	0.8021390374331551
phlag_0010-c_min9max81	1834	0	166	0	0.083	0.6024096385542168
phlag_0010-c_min9max81	1284	550	100	66	0.083	0.6024096385542168
phlag_0010-c_min9max81	1500	0	500	0	0.25	0.802
phlag_0010-c_min9max81	1000	0	1000	0	0.5	0.6
phlag_0010-c_min9max81	1500	0	2	498	0.25	0.802
phlag_0010-c_min9max81	1798	0	202	0	0.101	0.9900990099009901
phlag_0010-c_min9max81	1273	626	9	92	0.0505	0.9900990099009901
phlag_0010-c_min9max81	1542	155	0	303	0.1515	0.9900990099009901
phlag_0010-c_min9max81	1374	1	13	612	0.3125	0.8016
phlag_0010-c_min9max81	1359	141	38	462	0.25	0.6
phlag_0010-c_min9max81	1562	236	2	200	0.101	0.9900990099009901
phlag_0010-c_min9max81	1750	0	0	250	0.125	0.804
phlag_0010-c_min9max81	1000	0	1000	0	0.5	0.6
phlag_0010-c_min9max81	1157	94	8	741	0.3745	0.801068090787717
phlag_0010-c_min9max81	1251	0	749	0	0.3745	0.801068090787717
phlag_0010-c_min9max81	1526	141	115	218	0.1665	0.6006006006006006
phlag_0010-c_min9max81	1535	299	15	151	0.083	0.6024096385542168
phlag_0010-c_min9max81	1167	0	833	0	0.4165	0.6002400960384153
phlag_0010-c_min9max81	880	514	398	208	0.303	0.9900990099009901
phlag_0010-c_min9max81	1596	0	0	404	0.202	0.9900990099009901
phlag_0010-c_min9max81	1362	13	21	604	0.3125	0.8016
phlag_0010-c_min9max81	1500	0	496	4	0.25	0.6
phlag_0010-c_min9max81	1232	19	33	716	0.3745	0.801068090787717
phlag_0010-c_min9max81	1794	4	0	202	0.101	0.9900990099009901
phlag_0010-c_min9max81	1361	235	0	404	0.202	0.9900990099009901
phlag_0010-c_min9max81	1840	35	0	125	0.0625	0.808
phlag_0010-c_min9max81	1476	19	1	504	0.2525	0.9900990099009901
phlag_0010-c_min9max81	1699	135	8	158	0.083	0.6024096385542168
phlag_0010-c_min9max81	1509	117	6	368	0.187	0.8021390374331551
phlag_0010-c_min9max81	1750	0	250	0	0.125	0.804
phlag_0010-c_min9max81	1500	0	500	0	0.25	0.802
phlag_0010-c_min9max81	1592	34	0	374	0.187	0.8021390374331551
phlag_0010-c_min9max81	1138	29	91	742	0.4165	0.6002400960384153
phlag_0010-c_min9max81	1347	153	38	462	0.25	0.6
phlag_0010-c_min9max81	1251	0	3	746	0.3745	0.801068090787717
phlag_0010-c_min9max81	1334	0	666	0	0.333	0.6006006006006006
phlag_0010-c_min9max81	1871	4	0	125	0.0625	0.808
phlag_0010-c_min9max81	1238	262	170	330	0.25	0.6
phlag_0010-c_min9max81	1626	0	374	0	0.187	0.8021390374331551
phlag_0010-c_min9max81	1626	0	365	9	0.187	0.8021390374331551
phlag_0010-c_min9max81	1393	1	0	606	0.303	0.9900990099009901
phlag_0010-c_min9max81	1226	25	54	695	0.3745	0.801068090787717
phlag_0010-c_min9max81	1339	156	505	0	0.2525	0.9900990099009901
phlag_0010-c_min9max81	926	74	198	802	0.5	0.6
phlag_0010-c_min9max81	1795	3	0	202	0.101	0.9900990099009901
phlag_0010-c_min9max81	574	426	40	960	0.5	0.6
phlag_0010-c_min9max81	1494	1	0	505	0.2525	0.9900990099009901
phlag_0010-c_min9max81	1208	590	3	199	0.101	0.9900990099009901
phlag_0010-c_min9max81	1375	0	625	0	0.3125	0.8016
phlag_0010-c_min9max81	1044	350	2	604	0.303	0.9900990099009901
phlag_0010-c_min9max81	1376	499	60	65	0.0625	0.808
phlag_0010-c_min9max81	1667	0	333	0	0.1665	0.6006006006006006
phlag_0010-c_min9max81	988	512	346	154	0.25	0.802
phlag_0010-c_min9max81	1660	138	0	202	0.101	0.9900990099009901
phlag_0010-c_min9max81	1157	10	2	831	0.4165	0.6002400960384153
phlag_0010-c_min9max81	1251	0	749	0	0.3745	0.801068090787717
phlag_0010-c_min9max81	1330	4	666	0	0.333	0.6006006006006006
phlag_0010-c_min9max81	15	1236	617	132	0.3745	0.801068090787717
phlag_0010-c_min9max81	1361	14	6	619	0.3125	0.8016
phlag_0010-c_min9max81	283	717	796	204	0.5	0.6
phlag_0010-c_min9max81	1500	0	11	489	0.25	0.802
phlag_0010-c_min9max81	1715	35	0	250	0.125	0.804
phlag_0010-c_min9max81	1861	14	6	119	0.0625	0.808
phlag_0010-c_min9max81	1394	0	0	606	0.303	0.9900990099009901
phlag_0010-c_min9max81	1596	0	0	404	0.202	0.9900990099009901
phlag_0010-c_min9max81	1625	1	0	374	0.187	0.8021390374331551
phlag_0010-c_min9max81	1499	1	0	500	0.25	0.802
phlag_0010-c_min9max81	1626	0	0	374	0.187	0.8021390374331551
phlag_0010-c_min9max81	1322	12	411	255	0.333	0.6006006006006006
phlag_0010-c_min9max81	1798	0	0	202	0.101	0.9900990099009901
phlag_0010-c_min9max81	1488	7	0	505	0.2525	0.9900990099009901
phlag_0010-c_min9max81	1355	479	55	111	0.083	0.6024096385542168
phlag_0010-c_min9max81	1834	0	13	153	0.083	0.6024096385542168
phlag_0010-c_min9max81	940	227	283	550	0.4165	0.6002400960384153
phlag_0010-c_min9max81	1167	0	833	0	0.4165	0.6002400960384153
phlag_0010-c_min9max81	1614	53	10	323	0.1665	0.6006006006006006
phlag_0010-c_min9max81	1667	0	333	0	0.1665	0.6006006006006006
phlag_0010-c_min9max81	1555	142	0	303	0.1515	0.9900990099009901
phlag_0010-c_min9max81	1407	88	0	505	0.2525	0.9900990099009901
phlag_0010-c_min9max81	1798	0	202	0	0.101	0.9900990099009901
phlag_0010-c_min9max81	1495	0	505	0	0.2525	0.9900990099009901
phlag_0010-c_min9max81	1319	15	198	468	0.333	0.6006006006006006
phlag_0010-c_min9max81	1852	47	0	101	0.0505	0.9900990099009901
phlag_0010-c_min9max81	1464	36	2	498	0.25	0.802
phlag_0010-c_min9max81	1166	209	6	619	0.3125	0.8016
phlag_0010-c_min9max81	562	832	599	7	0.303	0.9900990099009901
phlag_0010-c_min9max81	1500	0	500	0	0.25	0.802
phlag_0010-c_min9max81	100	1234	365	301	0.333	0.6006006006006006
phlag_0010-c_min9max81	1381	316	1	302	0.1515	0.9900990099009901
phlag_0010-c_min9max81	1500	0	500	0	0.25	0.802
phlag_0010-c_min9max81	955	712	160	173	0.1665	0.6006006006006006
phlag_0010-c_min9max81	992	8	159	841	0.5	0.6
phlag_0010-c_min9max81	70	930	717	283	0.5	0.6
phlag_0010-c_min9max81	1697	0	303	0	0.1515	0.9900990099009901
phlag_0010-c_min9max81	334	666	503	497	0.5	0.6
phlag_0010-c_min9max81	1251	0	472	277	0.3745	0.801068090787717
phlag_0010-c_min9max81	1868	7	0	125	0.0625	0.808
phlag_0010-c_min9max81	14	1612	363	11	0.187	0.8021390374331551
phlag_0010-c_min9max81	1167	0	833	0	0.4165	0.6002400960384153
phlag_0010-c_min9max81	1276	99	9	616	0.3125	0.8016
phlag_0010-c_min9max81	1727	23	1	249	0.125	0.804
phlag_0010-c_min9max81	1750	0	0	250	0.125	0.804
phlag_0010-c_min9max81	1394	0	0	606	0.303	0.9900990099009901
phlag_0010-c_min9max81	1329	5	66	600	0.333	0.6006006006006006
phlag_0010-c_min9max81	1350	150	123	377	0.25	0.6
phlag_0010-c_min9max81	1121	46	202	631	0.4165	0.6002400960384153
phlag_0010-c_min9max81	1394	0	606	0	0.303	0.9900990099009901
phlag_0010-c_min9max81	1624	2	43	331	0.187	0.8021390374331551
phlag_0010-c_min9max81	1823	52	2	123	0.0625	0.808
phlag_0010-c_min9max81	1027	723	143	107	0.125	0.804
phlag_0010-c_min9max81	1167	0	833	0	0.4165	0.6002400960384153
phlag_0010-c_min9max81	1500	0	500	0	0.25	0.802
phlag_0010-c_min9max81	986	14	973	27	0.5	0.6
phlag_0010-c_min9max81	1596	0	404	0	0.202	0.9900990099009901
phlag_0010-c_min9max81	1375	0	625	0	0.3125	0.8016
phlag_0010-c_min9max81	1496	4	8	492	0.25	0.802
phlag_0010-c_min9max81	1167	0	833	0	0.4165	0.6002400960384153
phlag_0010-c_min9max81	1596	0	404	0	0.202	0.9900990099009901
phlag_0010-c_min9max81	1141	359	16	484	0.25	0.802
phlag_0010-c_min9max81	1251	0	1	748	0.3745	0.801068090787717
phlag_0010-c_min9max81	1503	123	0	374	0.187	0.8021390374331551
phlag_0010-c_min9max81	1500	0	13	487	0.25	0.802
phlag_0010-c_min9max81	1697	0	1	302	0.1515	0.9900990099009901
phlag_0010-c_min9max81	1747	3	1	249	0.125	0.804
phlag_0010-c_min9max81	1603	23	16	358	0.187	0.8021390374331551
phlag_0010-c_min9max81	1000	0	7	993	0.5	0.6
phlag_0010-c_min9max81	1478	272	38	212	0.125	0.804
phlag_0010-c_min9max81	1626	0	0	374	0.187	0.8021390374331551
phlag_0010-c_min9max81	1251	0	8	741	0.3745	0.801068090787717
phlag_0010-c_min9max81	728	523	225	524	0.3745	0.801068090787717
phlag_0010-c_min9max81	1872	27	0	101	0.0505	0.9900990099009901
phlag_0010-c_min9max81	1055	571	57	317	0.187	0.8021390374331551
phlag_0010-c_min9max81	1834	0	166	0	0.083	0.6024096385542168
phlag_0010-c_min9max81	1500	0	0	500	0.25	0.802
phlag_0010-c_min9max81	910	424	43	623	0.333	0.6006006006006006
phlag_0010-c_min9max81	1565	334	0	101	0.0505	0.9900990099009901
phlag_0010-c_min9max81	1375	0	516	109	0.3125	0.8016
phlag_0010-c_min9max81	1798	0	16	186	0.101	0.9900990099009901
phlag_0010-c_min9max81	1000	0	102	898	0.5	0.6
phlag_0010-c_min9max81	1612	14	0	374	0.187	0.8021390374331551
phlag_0010-c_min9max81	1325	574	4	97	0.0505	0.9900990099009901
phlag_0010-c_min9max81	1251	0	749	0	0.3745	0.801068090787717
phlag_0010-c_min9max81	1750	0	1	249	0.125	0.804
phlag_0010-c_min9max81	1488	7	0	505	0.2525	0.9900990099009901
phlag_0010-c_min9max81	1167	0	826	7	0.4165	0.6002400960384153
phlag_0010-c_min9max81	1251	0	557	192	0.3745	0.801068090787717
phlag_0010-c_min9max81	991	9	62	938	0.5	0.6
phlag_0010-c_min9max81	1374	252	80	294	0.187	0.8021390374331551
phlag_0010-c_min9max81	1596	0	404	0	0.202	0.9900990099009901
phlag_0010-c_min9max81	1375	0	23	602	0.3125	0.8016
phlag_0010-c_min9max81	1251	0	16	733	0.3745	0.801068090787717
phlag_0010-c_min9max81	1899	0	101	0	0.0505	0.9900990099009901
phlag_0010-c_min9max81	1334	0	666	0	0.333	0.6006006006006006
phlag_0010-c_min9max81	1334	0	28	638	0.333	0.6006006006006006
phlag_0010-c_min9max81	1874	1	0	125	0.0625	0.808
phlag_0010-c_min9max81	1500	0	2	498	0.25	0.6
phlag_0010-c_min9max81	1199	635	70	96	0.083	0.6024096385542168
phlag_0010-c_min9max81	1318	16	56	610	0.333	0.6006006006006006
phlag_0010-c_min9max81	1834	0	166	0	0.083	0.6024096385542168
phlag_0010-c_min9max81	1036	714	41	209	0.125	0.804
phlag_0010-c_min9max81	1750	0	250	0	0.125	0.804
phlag_0010-c_min9max81	1778	20	193	9	0.101	0.9900990099009901
phlag_0010-c_min9max81	1756	42	0	202	0.101	0.9900990099009901
phlag_0010-c_min9max81	1487	8	0	505	0.2525	0.9900990099009901
phlag_0010-c_min9max81	1500	0	500	0	0.25	0.802
phlag_0010-c_min9max81	1697	0	1	302	0.1515	0.9900990099009901
phlag_0010-c_min9max81	1654	13	54	279	0.1665	0.6006006006006006
phlag_0010-c_min9max81	1372	3	7	618	0.3125	0.8016
phlag_0010-c_min9max81	1529	67	0	404	0.202	0.9900990099009901
phlag_0010-c_min9max81	1495	0	332	173	0.2525	0.9900990099009901
phlag_0010-c_min9max81	1899	0	101	0	0.0505	0.9900990099009901
phlag_0010-c_min9max81	1167	0	833	0	0.4165	0.6002400960384153
phlag_0010-c_min9max81	1431	236	163	170	0.1665	0.6006006006006006
phlag_0010-c_min9max81	1500	0	500	0	0.25	0.802
phlag_0010-c_min9max81	1834	0	166	0	0.083	0.6024096385542168
phlag_0010-c_min9max81	1084	512	2	402	0.202	0.9900990099009901
phlag_0010-c_min9max81	1798	0	114	88	0.101	0.9900990099009901
phlag_0010-c_min9max81	1368	7	4	621	0.3125	0.8016
phlag_0010-c_min9max81	1167	0	833	0	0.4165	0.6002400960384153
phlag_0010-c_min9max81	1282	52	76	590	0.333	0.6006006006006006
phlag_0010-c_min9max81	1572	24	1	403	0.202	0.9900990099009901
phlag_0010-c_min9max81	1167	0	140	693	0.4165	0.6002400960384153
phlag_0010-c_min9max81	1492	3	3	502	0.2525	0.9900990099009901
phlag_0010-c_min9max81	1394	0	0	606	0.303	0.9900990099009901
phlag_0010-c_min9max81	7	1488	505	0	0.2525	0.9900990099009901
phlag_0010-c_min9max81	1750	0	212	38	0.125	0.804
phlag_0010-c_min9max81	1394	0	0	606	0.303	0.9900990099009901
phlag_0010-c_min9max81	1500	0	1	499	0.25	0.6
phlag_0010-c_min9max81	1494	1	0	505	0.2525	0.9900990099009901
phlag_0010-c_min9max81	0	1596	404	0	0.202	0.9900990099009901
phlag_0010-c_min9max81	310	1084	606	0	0.303	0.9900990099009901
phlag_0010-c_min9max81	1375	0	625	0	0.3125	0.8016
phlag_0010-c_min9max81	1875	0	125	0	0.0625	0.808
phlag_0010-c_min9max81	1035	460	143	362	0.2525	0.9900990099009901
phlag_0010-c_min9max81	1687	63	6	244	0.125	0.804
phlag_0010-c_min9max81	1834	0	166	0	0.083	0.6024096385542168
phlag_0010-c_min9max81	1167	0	42	791	0.4165	0.6002400960384153
phlag_0010-c_min9max81	1596	0	0	404	0.202	0.9900990099009901
phlag_0010-c_min9max81	1160	7	31	802	0.4165	0.6002400960384153
phlag_0010-c_min9max81	742	258	612	388	0.5	0.6
phlag_0010-c_min9max81	1375	0	8	617	0.3125	0.8016
phlag_0010-c_min9max81	1379	121	22	478	0.25	0.802
phlag_0010-c_min9max81	0	1000	857	143	0.5	0.6
phlag_0010-c_min9max81	1588	8	0	404	0.202	0.9900990099009901
phlag_0010-c_min9max81	1619	7	3	371	0.187	0.8021390374331551
phlag_0010-c_min9max81	1825	9	3	163	0.083	0.6024096385542168
phlag_0010-c_min9max81	1167	0	2	831	0.4165	0.6002400960384153
phlag_0010-c_min9max81	1361	134	4	501	0.2525	0.9900990099009901
phlag_0010-c_min9max81	999	1	126	874	0.5	0.6
phlag_0010-c_min9max81	1500	0	0	500	0.25	0.6
phlag_0010-c_min9max81	1667	0	333	0	0.1665	0.6006006006006006
phlag_0010-c_min9max81	1492	8	0	500	0.25	0.6
phlag_0010-c_min9max81	1375	0	625	0	0.3125	0.8016
phlag_0010-c_min9max81	1000	0	1000	0	0.5	0.6
phlag_0010-c_min9max81	1282	385	285	48	0.1665	0.6006006006006006
phlag_0010-c_min9max81	1087	408	1	504	0.2525	0.9900990099009901
phlag_0010-c_min9max81	1383	243	8	366	0.187	0.8021390374331551
phlag_0010-c_min9max81	1834	0	132	34	0.083	0.6024096385542168
phlag_0010-c_min9max81	1869	6	0	125	0.0625	0.808
phlag_0010-c_min9max81	1667	0	35	298	0.1665	0.6006006006006006
phlag_0010-c_min9max81	1375	0	625	0	0.3125	0.8016
phlag_0010-c_min9max81	1543	332	0	125	0.0625	0.808
phlag_0010-c_min9max81	1491	9	8	492	0.25	0.6
phlag_0010-c_min9max81	1375	0	15	610	0.3125	0.8016
phlag_0010-c_min9max81	1127	499	38	336	0.187	0.8021390374331551
phlag_0010-c_min9max81	1364	511	27	98	0.0625	0.808
phlag_0010-c_min9max81	1492	3	0	505	0.2525	0.9900990099009901
phlag_0010-c_min9max81	1375	0	0	625	0.3125	0.8016
phlag_0010-c_min9max81	1495	0	505	0	0.2525	0.9900990099009901
phlag_0010-c_min9max81	1741	158	0	101	0.0505	0.9900990099009901
phlag_0010-c_min9max81	1530	66	0	404	0.202	0.9900990099009901
phlag_0010-c_min9max81	1834	0	141	25	0.083	0.6024096385542168
phlag_0010-c_min9max81	1331	3	9	657	0.333	0.6006006006006006
phlag_0010-c_min9max81	1820	14	0	166	0.083	0.6024096385542168
phlag_0010-c_min9max81	1394	106	119	381	0.25	0.802
phlag_0010-c_min9max81	1834	0	166	0	0.083	0.6024096385542168
phlag_0010-c_min9max81	1702	48	12	238	0.125	0.804
phlag_0010-c_min9max81	1221	30	6	743	0.3745	0.801068090787717
phlag_0010-c_min9max81	1566	101	41	292	0.1665	0.6006006006006006
phlag_0010-c_min9max81	1626	0	10	364	0.187	0.8021390374331551
phlag_0010-c_min9max81	1498	2	500	0	0.25	0.6
phlag_0010-c_min9max81	1498	2	500	0	0.25	0.6
phlag_0010-c_min9max81	1281	517	55	147	0.101	0.9900990099009901
phlag_0010-c_min9max81	1334	0	666	0	0.333	0.6006006006006006
phlag_0010-c_min9max81	1552	44	1	403	0.202	0.9900990099009901
phlag_0010-c_min9max81	1244	7	0	749	0.3745	0.801068090787717
phlag_0010-c_min9max81	1596	0	404	0	0.202	0.9900990099009901
phlag_0010-c_min9max81	1495	0	502	3	0.2525	0.9900990099009901
phlag_0010-c_min9max81	1750	0	250	0	0.125	0.804
phlag_0010-c_min9max81	1500	0	500	0	0.25	0.6
phlag_0010-c_min9max81	1334	0	666	0	0.333	0.6006006006006006
phlag_0010-c_min9max81	610	885	505	0	0.2525	0.9900990099009901
phlag_0010-c_min9max81	1495	0	503	2	0.2525	0.9900990099009901
phlag_0010-c_min9max81	1899	0	101	0	0.0505	0.9900990099009901
phlag_0010-c_min9max81	1249	2	749	0	0.3745	0.801068090787717
phlag_0010-c_min9max81	987	347	276	390	0.333	0.6006006006006006
phlag_0010-c_min9max81	1000	0	435	565	0.5	0.6
phlag_0010-c_min9max81	1474	193	44	289	0.1665	0.6006006006006006
phlag_0010-c_min9max81	1249	2	1	748	0.3745	0.801068090787717
phlag_0010-c_min9max81	1000	0	1000	0	0.5	0.6
phlag_0010-c_min9max81	1687	10	0	303	0.1515	0.9900990099009901
phlag_0010-c_min9max81	969	406	454	171	0.3125	0.8016
phlag_0010-c_min9max81	1667	0	7	326	0.1665	0.6006006006006006
phlag_0010-c_min9max81	1369	6	0	625	0.3125	0.8016
phlag_0010-c_min9max81	726	1024	249	1	0.125	0.804
phlag_0010-c_min9max81	1800	75	0	125	0.0625	0.808
phlag_0010-c_min9max81	1365	10	14	611	0.3125	0.8016
phlag_0010-c_min9max81	1626	0	374	0	0.187	0.8021390374331551
phlag_0010-c_min9max81	1595	155	8	242	0.125	0.804
phlag_0010-c_min9max81	1875	0	125	0	0.0625	0.808
phlag_0010-c_min9max81	1500	0	485	15	0.25	0.6
phlag_0010-c_min9max81	1667	0	333	0	0.1665	0.6006006006006006
phlag_0010-c_min9max81	1636	31	45	288	0.1665	0.6006006006006006
phlag_0010-c_min9max81	1875	0	125	0	0.0625	0.808
phlag_0010-c_min9max81	1457	43	85	415	0.25	0.6
phlag_0010-c_min9max81	1256	244	10	490	0.25	0.6
phlag_0010-c_min9max81	1798	36	13	153	0.083	0.6024096385542168
phlag_0010-c_min9max81	807	527	346	320	0.333	0.6006006006006006
phlag_0010-c_min9max81	1898	1	0	101	0.0505	0.9900990099009901
phlag_0010-c_min9max81	1769	29	0	202	0.101	0.9900990099009901
phlag_0010-c_min9max81	1798	0	202	0	0.101	0.9900990099009901
phlag_0010-c_min9max81	1390	4	1	605	0.303	0.9900990099009901
phlag_0010-c_min9max81	1750	0	250	0	0.125	0.804
phlag_0010-c_min9max81	1494	1	2	503	0.2525	0.9900990099009901
phlag_0010-c_min9max81	934	66	903	97	0.5	0.6
phlag_0010-c_min9max81	1500	0	500	0	0.25	0.802
phlag_0010-c_min9max81	1207	490	0	303	0.1515	0.9900990099009901
phlag_0010-c_min9max81	979	617	213	191	0.202	0.9900990099009901
phlag_0010-c_min9max81	1167	0	74	759	0.4165	0.6002400960384153
phlag_0010-c_min9max81	614	553	833	0	0.4165	0.6002400960384153
phlag_0010-c_min9max81	1221	476	0	303	0.1515	0.9900990099009901
phlag_0010-c_min9max81	1334	0	666	0	0.333	0.6006006006006006
phlag_0010-c_min9max81	1712	38	14	236	0.125	0.804
phlag_0010-c_min9max81	1167	0	833	0	0.4165	0.6002400960384153
phlag_0010-c_min9max81	1596	0	404	0	0.202	0.9900990099009901
phlag_0010-c_min9max81	1387	7	0	606	0.303	0.9900990099009901
phlag_0010-c_min9max81	1872	3	0	125	0.0625	0.808
phlag_0010-c_min9max81	1251	0	749	0	0.3745	0.801068090787717
phlag_0010-c_min9max81	1584	12	0	404	0.202	0.9900990099009901
phlag_0010-c_min9max81	1729	21	4	246	0.125	0.804
phlag_0010-c_min9max81	1798	0	202	0	0.101	0.9900990099009901
phlag_0010-c_min9max81	1884	15	0	101	0.0505	0.9900990099009901
phlag_0010-c_min9max81	949	385	389	277	0.333	0.6006006006006006
phlag_0010-c_min9max81	1334	0	5	661	0.333	0.6006006006006006
phlag_0010-c_min9max81	1136	531	164	169	0.1665	0.6006006006006006
phlag_0010-c_min9max81	1595	1	0	404	0.202	0.9900990099009901
phlag_0010-c_min9max81	941	310	445	304	0.3745	0.801068090787717
phlag_0010-c_min9max81	1394	0	0	606	0.303	0.9900990099009901
phlag_0010-c_min9max81	1337	163	0	500	0.25	0.802
phlag_0010-c_min9max81	1626	0	374	0	0.187	0.8021390374331551
phlag_0010-c_min9max81	998	2	182	818	0.5	0.6
phlag_0010-c_min9max81	1250	1	741	8	0.3745	0.801068090787717
phlag_0010-c_min9max81	1396	438	23	143	0.083	0.6024096385542168
phlag_0010-c_min9max81	1798	0	0	202	0.101	0.9900990099009901
phlag_0010-c_min9max81	1691	6	0	303	0.1515	0.9900990099009901
phlag_0010-c_min9max81	1167	0	833	0	0.4165	0.6002400960384153
phlag_0010-c_min9max81	1569	306	0	125	0.0625	0.808
phlag_0010-c_min9max81	1030	345	18	607	0.3125	0.8016
phlag_0010-c_min9max81	1697	0	303	0	0.1515	0.9900990099009901
phlag_0010-c_min9max81	786	589	144	481	0.3125	0.8016
phlag_0010-c_min9max81	1494	1	0	505	0.2525	0.9900990099009901
phlag_0010-c_min9max81	1370	327	0	303	0.1515	0.9900990099009901
phlag_0010-c_min9max81	1685	12	0	303	0.1515	0.9900990099009901
phlag_0010-c_min9max81	1489	6	0	505	0.2525	0.9900990099009901
phlag_0010-c_min9max81	1875	0	107	18	0.0625	0.808
phlag_0010-c_min9max81	935	399	214	452	0.333	0.6006006006006006
phlag_0010-c_min9max81	1251	0	45	704	0.3745	0.801068090787717
phlag_0010-c_min9max81	1596	0	404	0	0.202	0.9900990099009901
phlag_0010-c_min9max81	1088	811	17	84	0.0505	0.9900990099009901
phlag_0010-c_min9max81	1834	0	166	0	0.083	0.6024096385542168
phlag_0010-c_min9max81	1750	0	250	0	0.125	0.804
phlag_0010-c_min9max81	805	362	167	666	0.4165	0.6002400960384153
phlag_0010-c_min9max81	1667	0	305	28	0.1665	0.6006006006006006
phlag_0010-c_min9max81	1899	0	101	0	0.0505	0.9900990099009901
phlag_0010-c_min9max81	1697	0	0	303	0.1515	0.9900990099009901
phlag_0010-c_min9max81	977	23	285	715	0.5	0.6
phlag_0010-c_min9max81	1495	131	16	358	0.187	0.8021390374331551
phlag_0010-c_min9max81	1499	1	5	495	0.25	0.802
phlag_0010-c_min9max81	1163	231	4	602	0.303	0.9900990099009901
phlag_0010-c_min9max81	1160	466	190	184	0.187	0.8021390374331551
phlag_0010-c_min9max81	1429	66	0	505	0.2525	0.9900990099009901
phlag_0010-c_min9max81	1834	0	166	0	0.083	0.6024096385542168
phlag_0010-c_min9max81	936	458	6	600	0.303	0.9900990099009901
phlag_0010-c_min9max81	1000	0	989	11	0.5	0.6
phlag_0010-c_min9max81	1875	0	125	0	0.0625	0.808
phlag_0010-c_min9max81	1167	0	833	0	0.4165	0.6002400960384153
phlag_0010-c_min9max81	1241	10	23	726	0.3745	0.801068090787717
phlag_0010-c_min9max81	1545	122	16	317	0.1665	0.6006006006006006
phlag_0010-c_min9max81	1141	556	69	234	0.1515	0.9900990099009901
phlag_0010-c_min9max81	1350	525	32	93	0.0625	0.808
phlag_0010-c_min9max81	1394	0	2	604	0.303	0.9900990099009901
phlag_0010-c_min9max81	1334	0	2	664	0.333	0.6006006006006006
phlag_0010-c_min9max81	1737	13	0	250	0.125	0.804
phlag_0010-c_min9max81	1621	5	0	374	0.187	0.8021390374331551
phlag_0010-c_min9max81	1697	0	303	0	0.1515	0.9900990099009901
phlag_0010-c_min9max81	1167	0	41	792	0.4165	0.6002400960384153
phlag_0010-c_min9max81	1371	23	0	606	0.303	0.9900990099009901
phlag_0010-c_min9max81	1390	4	0	606	0.303	0.9900990099009901
phlag_0010-c_min9max81	1394	0	606	0	0.303	0.9900990099009901
phlag_0010-c_min9max81	1667	0	333	0	0.1665	0.6006006006006006
phlag_0010-c_min9max81	1813	62	1	124	0.0625	0.808
phlag_0010-c_min9max81	50	1546	404	0	0.202	0.9900990099009901
phlag_0010-c_min9max81	1496	4	36	464	0.25	0.802
phlag_0010-c_min9max81	1334	0	666	0	0.333	0.6006006006006006
phlag_0010-c_min9max81	1170	164	666	0	0.333	0.6006006006006006
phlag_0010-c_min9max81	1167	0	833	0	0.4165	0.6002400960384153
phlag_0010-c_min9max81	1497	3	18	482	0.25	0.6
phlag_0010-c_min9max81	1500	0	500	0	0.25	0.6
phlag_0010-c_min9max81	868	132	226	774	0.5	0.6
phlag_0010-c_min9max81	1	1696	300	3	0.1515	0.9900990099009901
phlag_0010-c_min9max81	1702	132	0	166	0.083	0.6024096385542168
phlag_0010-c_min9max81	1495	0	1	504	0.2525	0.9900990099009901
phlag_0010-c_min9max81	1875	0	6	119	0.0625	0.808
phlag_0010-c_min9max81	941	310	24	725	0.3745	0.801068090787717
phlag_0010-c_min9max81	1710	40	0	250	0.125	0.804
phlag_0010-c_min9max81	1516	110	0	374	0.187	0.8021390374331551
phlag_0010-c_min9max81	1500	0	500	0	0.25	0.802
phlag_0010-c_min9max81	1897	2	0	101	0.0505	0.9900990099009901
phlag_0010-c_min9max81	1589	7	0	404	0.202	0.9900990099009901
phlag_0010-c_min9max81	1615	135	10	240	0.125	0.804
phlag_0010-c_min9max81	1832	2	164	2	0.083	0.6024096385542168
phlag_0010-c_min9max81	1481	353	60	106	0.083	0.6024096385542168
phlag_0010-c_min9max81	1697	0	303	0	0.1515	0.9900990099009901
phlag_0010-c_min9max81	1251	0	749	0	0.3745	0.801068090787717
phlag_0010-c_min9max81	1308	567	82	43	0.0625	0.808
phlag_0010-c_min9max81	1798	0	202	0	0.101	0.9900990099009901
phlag_0010-c_min9max81	1035	132	2	831	0.4165	0.6002400960384153
phlag_0010-c_min9max81	1798	0	202	0	0.101	0.9900990099009901
phlag_0010-c_min9max81	1695	2	0	303	0.1515	0.9900990099009901
phlag_0010-c_min9max81	1667	0	333	0	0.1665	0.6006006006006006
phlag_0010-c_min9max81	1485	15	490	10	0.25	0.6
phlag_0010-c_min9max81	1623	3	109	265	0.187	0.8021390374331551
phlag_0010-c_min9max81	1636	31	118	215	0.1665	0.6006006006006006
phlag_0010-c_min9max81	1251	0	749	0	0.3745	0.801068090787717
phlag_0010-c_min9max81	1750	0	250	0	0.125	0.804
phlag_0010-c_min9max81	1693	4	0	303	0.1515	0.9900990099009901
phlag_0010-c_min9max81	1804	95	0	101	0.0505	0.9900990099009901
phlag_0010-c_min9max81	1334	0	53	613	0.333	0.6006006006006006
phlag_0010-c_min9max81	1222	374	0	404	0.202	0.9900990099009901
phlag_0010-c_min9max81	1375	0	625	0	0.3125	0.8016
phlag_0010-c_min9max81	1594	2	0	404	0.202	0.9900990099009901
phlag_0010-c_min9max81	3	1372	596	29	0.3125	0.8016
phlag_0010-c_min9max81	1282	213	283	222	0.2525	0.9900990099009901
phlag_0010-c_min9max81	1875	0	125	0	0.0625	0.808
phlag_0010-c_min9max81	995	5	145	855	0.5	0.6
phlag_0010-c_min9max81	1586	313	0	101	0.0505	0.9900990099009901
phlag_0010-c_min9max81	1502	332	36	130	0.083	0.6024096385542168
phlag_0010-c_min9max81	1798	0	0	202	0.101	0.9900990099009901
phlag_0010-c_min9max81	1500	0	496	4	0.25	0.6
phlag_0010-c_min9max81	1697	0	0	303	0.1515	0.9900990099009901
phlag_0010-c_min9max81	1500	0	500	0	0.25	0.802
phlag_0010-c_min9max81	1875	0	125	0	0.0625	0.808
phlag_0010-c_min9max81	1251	0	25	724	0.3745	0.801068090787717
phlag_0010-c_min9max81	1533	164	4	299	0.1515	0.9900990099009901
phlag_0010-c_min9max81	1164	3	184	649	0.4165	0.6002400960384153
phlag_0010-c_min9max81	1745	53	0	202	0.101	0.9900990099009901
phlag_0010-c_min9max81	1000	0	3	997	0.5	0.6
phlag_0010-c_min9max81	1666	233	0	101	0.0505	0.9900990099009901
phlag_0010-c_min9max81	1573	53	76	298	0.187	0.8021390374331551
phlag_0010-c_min9max81	1140	27	57	776	0.4165	0.6002400960384153
phlag_0010-c_min9max81	1307	527	59	107	0.083	0.6024096385542168
phlag_0010-c_min9max81	1167	0	832	1	0.4165	0.6002400960384153
phlag_0010-c_min9max81	1626	0	374	0	0.187	0.8021390374331551
phlag_0010-c_min9max81	1697	0	0	303	0.1515	0.9900990099009901
phlag_0010-c_min9max81	1626	0	374	0	0.187	0.8021390374331551
phlag_0010-c_min9max81	1583	84	0	333	0.1665	0.6006006006006006
phlag_0010-c_min9max81	1632	202	0	166	0.083	0.6024096385542168
phlag_0010-c_min9max81	90	1304	606	0	0.303	0.9900990099009901
phlag_0010-c_min9max81	1750	0	250	0	0.125	0.804
phlag_0010-c_min9max81	1344	282	0	374	0.187	0.8021390374331551
phlag_0010-c_min9max81	1500	0	500	0	0.25	0.802
phlag_0010-c_min9max81	1000	0	334	666	0.5	0.6
phlag_0010-c_min9max81	979	21	78	922	0.5	0.6
phlag_0010-c_min9max81	1242	9	7	742	0.3745	0.801068090787717
phlag_0010-c_min9max81	1385	9	0	606	0.303	0.9900990099009901
phlag_0010-c_min9max81	794	457	299	450	0.3745	0.801068090787717
phlag_0010-c_min9max81	66	1328	604	2	0.303	0.9900990099009901
phlag_0010-c_min9max81	1697	0	303	0	0.1515	0.9900990099009901
phlag_0010-c_min9max81	1562	34	3	401	0.202	0.9900990099009901
phlag_0010-c_min9max81	1623	3	0	374	0.187	0.8021390374331551
phlag_0010-c_min9max81	1672	162	7	159	0.083	0.6024096385542168
phlag_0010-c_min9max81	1573	326	0	101	0.0505	0.9900990099009901
phlag_0010-c_min9max81	1833	66	0	101	0.0505	0.9900990099009901
phlag_0010-c_min9max81	1167	0	833	0	0.4165	0.6002400960384153
phlag_0010-c_min9max81	1096	279	42	583	0.3125	0.8016
phlag_0010-c_min9max81	53	1341	603	3	0.303	0.9900990099009901
phlag_0010-c_min9max81	1491	206	0	303	0.1515	0.9900990099009901
phlag_0010-c_min9max81	1334	0	666	0	0.333	0.6006006006006006
phlag_0010-c_min9max81	1893	6	0	101	0.0505	0.9900990099009901
phlag_0010-c_min9max81	1000	0	77	923	0.5	0.6
phlag_0010-c_min9max81	1165	169	109	557	0.333	0.6006006006006006
phlag_0010-c_min9max81	967	427	0	606	0.303	0.9900990099009901
phlag_0010-c_min9max81	1296	204	189	311	0.25	0.802
phlag_0010-c_min9max81	991	403	311	295	0.303	0.9900990099009901
phlag_0010-c_min9max81	1393	1	0	606	0.303	0.9900990099009901
phlag_0010-c_min9max81	1167	0	333	500	0.4165	0.6002400960384153
phlag_0010-c_min9max81	1778	56	93	73	0.083	0.6024096385542168
phlag_0010-c_min9max81	1393	1	0	606	0.303	0.9900990099009901
phlag_0010-c_min9max81	1596	0	0	404	0.202	0.9900990099009901
phlag_0010-c_min9max81	479	896	517	108	0.3125	0.8016
phlag_0010-c_min9max81	758	742	500	0	0.25	0.802
phlag_0010-c_min9max81	1667	0	0	333	0.1665	0.6006006006006006
phlag_0010-c_min9max81	1667	0	333	0	0.1665	0.6006006006006006
phlag_0010-c_min9max81	1623	3	4	370	0.187	0.8021390374331551
phlag_0010-c_min9max81	70	1305	611	14	0.3125	0.8016
phlag_0010-c_min9max81	1894	5	0	101	0.0505	0.9900990099009901
phlag_0010-c_min9max81	11	1240	701	48	0.3745	0.801068090787717
phlag_0010-c_min9max81	1772	26	0	202	0.101	0.9900990099009901
phlag_0010-c_min9max81	1496	4	4	496	0.25	0.802
phlag_0010-c_min9max81	1667	0	333	0	0.1665	0.6006006006006006
phlag_0010-c_min9max81	1853	46	0	101	0.0505	0.9900990099009901
phlag_0010-c_min9max81	1484	16	12	488	0.25	0.6
phlag_0010-c_min9max81	1750	0	250	0	0.125	0.804
phlag_0010-c_min9max81	1564	62	0	374	0.187	0.8021390374331551
phlag_0010-c_min9max81	1647	20	0	333	0.1665	0.6006006006006006
phlag_0010-c_min9max81	1422	376	0	202	0.101	0.9900990099009901
phlag_0010-c_min9max81	1680	70	4	246	0.125	0.804
phlag_0010-c_min9max81	1451	49	11	489	0.25	0.802
phlag_0010-c_min9max81	1472	23	0	505	0.2525	0.9900990099009901
phlag_0010-c_min9max81	41	1334	598	27	0.3125	0.8016
phlag_0010-c_min9max81	1579	47	8	366	0.187	0.8021390374331551
phlag_0010-c_min9max81	1820	55	0	125	0.0625	0.808
phlag_0010-c_min9max81	1450	146	0	404	0.202	0.9900990099009901
phlag_0010-c_min9max81	1375	0	3	622	0.3125	0.8016
phlag_0010-c_min9max81	1706	44	10	240	0.125	0.804
phlag_0010-c_min9max81	1251	0	749	0	0.3745	0.801068090787717
phlag_0010-c_min9max81	1373	21	1	605	0.303	0.9900990099009901
phlag_0010-c_min9max81	781	470	25	724	0.3745	0.801068090787717
phlag_0010-c_min9max81	1067	832	0	101	0.0505	0.9900990099009901
phlag_0010-c_min9max81	1667	0	333	0	0.1665	0.6006006006006006
phlag_0010-c_min9max81	1697	0	303	0	0.1515	0.9900990099009901
phlag_0010-c_min9max81	59	1192	722	27	0.3745	0.801068090787717
phlag_0010-c_min9max81	1389	5	1	605	0.303	0.9900990099009901
phlag_0010-c_min9max81	1322	12	0	666	0.333	0.6006006006006006
phlag_0010-c_min9max81	1495	0	505	0	0.2525	0.9900990099009901
phlag_0010-c_min9max81	1475	25	27	473	0.25	0.6
phlag_0010-c_min9max81	970	656	160	214	0.187	0.8021390374331551
phlag_0010-c_min9max81	993	7	59	941	0.5	0.6
phlag_0010-c_min9max81	1515	182	0	303	0.1515	0.9900990099009901
phlag_0010-c_min9max81	1251	0	0	749	0.3745	0.801068090787717
phlag_0010-c_min9max81	1798	0	197	5	0.101	0.9900990099009901
phlag_0010-c_min9max81	1834	0	166	0	0.083	0.6024096385542168
phlag_0010-c_min9max81	1512	286	0	202	0.101	0.9900990099009901
phlag_0010-c_min9max81	17	1483	408	92	0.25	0.6
phlag_0010-c_min9max81	1666	1	7	326	0.1665	0.6006006006006006
phlag_0010-c_min9max81	1684	13	0	303	0.1515	0.9900990099009901
phlag_0010-c_min9max81	1899	0	101	0	0.0505	0.9900990099009901
phlag_0010-c_min9max81	1491	9	5	495	0.25	0.802
phlag_0010-c_min9max81	1626	0	4	370	0.187	0.8021390374331551
phlag_0010-c_min9max81	1375	0	0	625	0.3125	0.8016
phlag_0010-c_min9max81	1000	0	1000	0	0.5	0.6
phlag_0010-c_min9max81	1593	205	0	202	0.101	0.9900990099009901
phlag_0010-c_min9max81	1875	0	125	0	0.0625	0.808
phlag_0010-c_min9max81	1875	0	125	0	0.0625	0.808
phlag_0010-c_min9max81	1334	0	666	0	0.333	0.6006006006006006
phlag_0010-c_min9max81	1653	97	2	248	0.125	0.804
phlag_0010-c_min9max81	1657	40	0	303	0.1515	0.9900990099009901
phlag_0010-c_min9max81	913	254	120	713	0.4165	0.6002400960384153
phlag_0010-c_min9max81	1374	20	72	534	0.303	0.9900990099009901
phlag_0010-c_min9max81	1314	20	139	527	0.333	0.6006006006006006
phlag_0010-c_min9max81	1899	0	101	0	0.0505	0.9900990099009901
phlag_0010-c_min9max81	1150	17	830	3	0.4165	0.6002400960384153
phlag_0010-c_min9max81	1410	287	2	301	0.1515	0.9900990099009901
phlag_0010-c_min9max81	1332	2	653	13	0.333	0.6006006006006006
phlag_0010-c_min9max81	1805	29	28	138	0.083	0.6024096385542168
phlag_0010-c_min9max81	1292	42	20	646	0.333	0.6006006006006006
phlag_0010-c_min9max81	1394	0	606	0	0.303	0.9900990099009901
phlag_0010-c_min9max81	1169	165	53	613	0.333	0.6006006006006006
phlag_0010-c_min9max81	1375	0	31	594	0.3125	0.8016
phlag_0010-c_min9max81	1214	180	0	606	0.303	0.9900990099009901
phlag_0010-c_min9max81	1899	0	101	0	0.0505	0.9900990099009901
phlag_0010-c_min9max81	1167	0	166	667	0.4165	0.6002400960384153
phlag_0010-c_min9max81	1875	0	125	0	0.0625	0.808
phlag_0010-c_min9max81	1642	55	0	303	0.1515	0.9900990099009901
phlag_0010-c_min9max81	1499	1	0	500	0.25	0.802
phlag_0010-c_min9max81	1667	0	333	0	0.1665	0.6006006006006006
phlag_0010-c_min9max81	1663	4	19	314	0.1665	0.6006006006006006
phlag_0010-c_min9max81	1746	52	0	202	0.101	0.9900990099009901
phlag_0010-c_min9max81	1893	6	0	101	0.0505	0.9900990099009901
phlag_0010-c_min9max81	1377	522	0	101	0.0505	0.9900990099009901
phlag_0010-c_min9max81	1238	512	19	231	0.125	0.804
phlag_0010-c_min9max81	1596	0	404	0	0.202	0.9900990099009901
phlag_0010-c_min9max81	1375	0	2	623	0.3125	0.8016
phlag_0010-c_min9max81	1164	3	19	814	0.4165	0.6002400960384153
phlag_0010-c_min9max81	1145	22	102	731	0.4165	0.6002400960384153
phlag_0010-c_min9max81	1687	10	0	303	0.1515	0.9900990099009901
phlag_0010-c_min9max81	1500	0	489	11	0.25	0.802
phlag_0010-c_min9max81	1144	23	267	566	0.4165	0.6002400960384153
phlag_0010-c_min9max81	1500	0	2	498	0.25	0.6
phlag_0010-c_min9max81	1874	1	124	1	0.0625	0.808
phlag_0010-c_min9max81	1352	547	0	101	0.0505	0.9900990099009901
phlag_0010-c_min9max81	1363	137	57	443	0.25	0.6
phlag_0010-c_min9max81	1394	0	0	606	0.303	0.9900990099009901
phlag_0010-c_min9max81	1238	596	60	106	0.083	0.6024096385542168
phlag_0010-c_min9max81	1834	0	1	165	0.083	0.6024096385542168
phlag_0010-c_min9max81	1500	0	498	2	0.25	0.6
phlag_0010-c_min9max81	1281	94	14	611	0.3125	0.8016
phlag_0010-c_min9max81	1245	6	0	749	0.3745	0.801068090787717
phlag_0010-c_min9max81	1697	0	0	303	0.1515	0.9900990099009901
phlag_0010-c_min9max81	1486	110	0	404	0.202	0.9900990099009901
phlag_0010-c_min9max81	1495	0	0	505	0.2525	0.9900990099009901
phlag_0010-c_min9max81	1384	212	0	404	0.202	0.9900990099009901
phlag_0010-c_min9max81	1553	43	0	404	0.202	0.9900990099009901
phlag_0010-c_min9max81	1251	0	749	0	0.3745	0.801068090787717
phlag_0010-c_min9max81	1626	0	9	365	0.187	0.8021390374331551
phlag_0010-c_min9max81	1496	254	0	250	0.125	0.804
phlag_0010-c_min9max81	1292	42	70	596	0.333	0.6006006006006006
phlag_0010-c_min9max81	1697	0	254	49	0.1515	0.9900990099009901
phlag_0010-c_min9max81	1322	72	1	605	0.303	0.9900990099009901
phlag_0010-c_min9max81	1596	0	1	403	0.202	0.9900990099009901
phlag_0010-c_min9max81	1581	15	22	382	0.202	0.9900990099009901
phlag_0010-c_min9max81	1834	0	166	0	0.083	0.6024096385542168
phlag_0010-c_min9max81	1321	73	0	606	0.303	0.9900990099009901
phlag_0010-c_min9max81	1899	0	101	0	0.0505	0.9900990099009901
phlag_0010-c_min9max81	1834	0	166	0	0.083	0.6024096385542168
phlag_0010-c_min9max81	1364	30	0	606	0.303	0.9900990099009901
phlag_0010-c_min9max81	0	1394	606	0	0.303	0.9900990099009901
phlag_0010-c_min9max81	1189	306	0	505	0.2525	0.9900990099009901
phlag_0010-c_min9max81	1697	0	0	303	0.1515	0.9900990099009901
phlag_0010-c_min9max81	1750	0	250	0	0.125	0.804
phlag_0010-c_min9max81	1683	14	1	302	0.1515	0.9900990099009901
phlag_0010-c_min9max81	1697	0	303	0	0.1515	0.9900990099009901
phlag_0010-c_min9max81	940	60	161	839	0.5	0.6
phlag_0010-c_min9max81	1500	0	492	8	0.25	0.6
phlag_0010-c_min9max81	1596	0	0	404	0.202	0.9900990099009901
phlag_0010-c_min9max81	1394	0	535	71	0.303	0.9900990099009901
phlag_0010-c_min9max81	1500	0	315	185	0.25	0.6
phlag_0010-c_min9max81	1697	0	303	0	0.1515	0.9900990099009901
phlag_0010-c_min9max81	189	1311	348	152	0.25	0.6
phlag_0010-c_min9max81	932	68	129	871	0.5	0.6
phlag_0010-c_min9max81	1827	7	94	72	0.083	0.6024096385542168
phlag_0010-c_min9max81	48	1119	773	60	0.4165	0.6002400960384153
phlag_0010-c_min9max81	1495	0	1	504	0.2525	0.9900990099009901
phlag_0010-c_min9max81	1429	71	3	497	0.25	0.802
phlag_0010-c_min9max81	1386	114	7	493	0.25	0.802
phlag_0010-c_min9max81	1875	0	125	0	0.0625	0.808
phlag_0010-c_min9max81	1588	38	0	374	0.187	0.8021390374331551
phlag_0010-c_min9max81	1619	7	4	370	0.187	0.8021390374331551
phlag_0010-c_min9max81	1500	0	500	0	0.25	0.6
phlag_0010-c_min9max81	1334	0	55	611	0.333	0.6006006006006006
phlag_0010-c_min9max81	1626	0	374	0	0.187	0.8021390374331551
phlag_0010-c_min9max81	1608	226	5	161	0.083	0.6024096385542168
phlag_0010-c_min9max81	1521	354	119	6	0.0625	0.808
phlag_0010-c_min9max81	995	5	341	659	0.5	0.6
phlag_0010-c_min9max81	1875	0	1	124	0.0625	0.808
phlag_0010-c_min9max81	1798	0	7	195	0.101	0.9900990099009901
phlag_0010-c_min9max81	1375	0	625	0	0.3125	0.8016
phlag_0010-c_min9max81	1898	1	0	101	0.0505	0.9900990099009901
phlag_0010-c_min9max81	1579	296	24	101	0.0625	0.808
phlag_0010-c_min9max81	15	1236	680	69	0.3745	0.801068090787717
phlag_0010-c_min9max81	1141	734	52	73	0.0625	0.808
phlag_0010-c_min9max81	1244	423	92	241	0.1665	0.6006006006006006
phlag_0010-c_min9max81	1591	5	0	404	0.202	0.9900990099009901
phlag_0010-c_min9max81	1496	4	6	494	0.25	0.802
phlag_0010-c_min9max81	1311	184	0	505	0.2525	0.9900990099009901
phlag_0010-c_min9max81	1563	104	13	320	0.1665	0.6006006006006006
phlag_0010-c_min9max81	1795	104	0	101	0.0505	0.9900990099009901
phlag_0010-c_min9max81	1089	411	114	386	0.25	0.6
phlag_0010-c_min9max81	1779	19	192	10	0.101	0.9900990099009901
phlag_0010-c_min9max81	1463	37	225	275	0.25	0.802
phlag_0010-c_min9max81	1119	548	103	230	0.1665	0.6006006006006006
phlag_0010-c_min9max81	1372	3	0	625	0.3125	0.8016
phlag_0010-c_min9max81	1493	7	10	490	0.25	0.802
phlag_0010-c_min9max81	1596	0	1	403	0.202	0.9900990099009901
phlag_0010-c_min9max81	69	1426	505	0	0.2525	0.9900990099009901
phlag_0010-c_min9max81	1875	0	125	0	0.0625	0.808
phlag_0010-c_min9max81	1251	0	97	652	0.3745	0.801068090787717
phlag_0010-c_min9max81	1030	221	62	687	0.3745	0.801068090787717
phlag_0010-c_min9max81	984	183	84	749	0.4165	0.6002400960384153
phlag_0010-c_min9max81	1326	49	28	597	0.3125	0.8016
phlag_0010-c_min9max81	1500	0	500	0	0.25	0.6
phlag_0010-c_min9max81	985	15	192	808	0.5	0.6
phlag_0010-c_min9max81	1667	0	333	0	0.1665	0.6006006006006006
phlag_0010-c_min9max81	1750	0	250	0	0.125	0.804
phlag_0010-c_min9max81	1896	3	0	101	0.0505	0.9900990099009901
phlag_0010-c_min9max81	1375	0	616	9	0.3125	0.8016
phlag_0010-c_min9max81	1740	10	0	250	0.125	0.804
phlag_0010-c_min9max81	996	4	145	855	0.5	0.6
phlag_0010-c_min9max81	1495	0	0	505	0.2525	0.9900990099009901
phlag_0010-c_min9max81	1689	8	1	302	0.1515	0.9900990099009901
phlag_0010-c_min9max81	1754	80	24	142	0.083	0.6024096385542168
phlag_0010-c_min9max81	1344	31	3	622	0.3125	0.8016
phlag_0010-c_min9max81	1750	0	250	0	0.125	0.804
phlag_0010-c_min9max81	1593	3	0	404	0.202	0.9900990099009901
phlag_0010-c_min9max81	1798	0	0	202	0.101	0.9900990099009901
phlag_0010-c_min9max81	1500	0	8	492	0.25	0.6
phlag_0010-c_min9max81	1749	1	0	250	0.125	0.804
phlag_0010-c_min9max81	1456	39	0	505	0.2525	0.9900990099009901
phlag_0010-c_min9max81	1898	1	0	101	0.0505	0.9900990099009901
phlag_0050-c_min25max81	1795	3	202	0	0.101	0.9900990099009901
phlag_0050-c_min25max81	1667	0	277	56	0.1665	0.6006006006006006
phlag_0050-c_min25max81	1697	0	3	300	0.1515	0.9900990099009901
phlag_0050-c_min25max81	1667	0	333	0	0.1665	0.6006006006006006
phlag_0050-c_min25max81	1798	0	0	202	0.101	0.9900990099009901
phlag_0050-c_min25max81	1834	0	166	0	0.083	0.6024096385542168
phlag_0050-c_min25max81	916	584	323	177	0.25	0.6
phlag_0050-c_min25max81	1394	0	606	0	0.303	0.9900990099009901
phlag_0050-c_min25max81	1480	15	505	0	0.2525	0.9900990099009901
phlag_0050-c_min25max81	1596	0	404	0	0.202	0.9900990099009901
phlag_0050-c_min25max81	1821	13	91	75	0.083	0.6024096385542168
phlag_0050-c_min25max81	1155	96	749	0	0.3745	0.801068090787717
phlag_0050-c_min25max81	1834	0	166	0	0.083	0.6024096385542168
phlag_0050-c_min25max81	1167	0	833	0	0.4165	0.6002400960384153
phlag_0050-c_min25max81	1308	359	55	278	0.1665	0.6006006006006006
phlag_0050-c_min25max81	1696	1	0	303	0.1515	0.9900990099009901
phlag_0050-c_min25max81	579	421	944	56	0.5	0.6
phlag_0050-c_min25max81	1375	0	625	0	0.3125	0.8016
phlag_0050-c_min25max81	1251	0	749	0	0.3745	0.801068090787717
phlag_0050-c_min25max81	1500	0	500	0	0.25	0.6
phlag_0050-c_min25max81	1527	99	374	0	0.187	0.8021390374331551
phlag_0050-c_min25max81	1285	614	7	94	0.0505	0.9900990099009901
phlag_0050-c_min25max81	1495	0	1	504	0.2525	0.9900990099009901
phlag_0050-c_min25max81	1495	0	44	461	0.2525	0.9900990099009901
phlag_0050-c_min25max81	1834	0	166	0	0.083	0.6024096385542168
phlag_0050-c_min25max81	1798	0	202	0	0.101	0.9900990099009901
phlag_0050-c_min25max81	1608	18	0	374	0.187	0.8021390374331551
phlag_0050-c_min25max81	1875	0	125	0	0.0625	0.808
phlag_0050-c_min25max81	1334	0	666	0	0.333	0.6006006006006006
phlag_0050-c_min25max81	1334	0	666	0	0.333	0.6006006006006006
phlag_0050-c_min25max81	1813	62	16	109	0.0625	0.808
phlag_0050-c_min25max81	975	25	0	1000	0.5	0.6
phlag_0050-c_min25max81	1667	0	333	0	0.1665	0.6006006006006006
phlag_0050-c_min25max81	1697	0	0	303	0.1515	0.9900990099009901
phlag_0050-c_min25max81	1875	0	125	0	0.0625	0.808
phlag_0050-c_min25max81	1750	0	250	0	0.125	0.804
phlag_0050-c_min25max81	1696	1	0	303	0.1515	0.9900990099009901
phlag_0050-c_min25max81	1652	146	201	1	0.101	0.9900990099009901
phlag_0050-c_min25max81	1626	0	374	0	0.187	0.8021390374331551
phlag_0050-c_min25max81	1394	0	606	0	0.303	0.9900990099009901
phlag_0050-c_min25max81	1793	5	0	202	0.101	0.9900990099009901
phlag_0050-c_min25max81	1136	31	819	14	0.4165	0.6002400960384153
phlag_0050-c_min25max81	1000	0	983	17	0.5	0.6
phlag_0050-c_min25max81	1899	0	101	0	0.0505	0.9900990099009901
phlag_0050-c_min25max81	1371	4	625	0	0.3125	0.8016
phlag_0050-c_min25max81	1750	0	250	0	0.125	0.804
phlag_0050-c_min25max81	1491	4	505	0	0.2525	0.9900990099009901
phlag_0050-c_min25max81	1394	0	1	605	0.303	0.9900990099009901
phlag_0050-c_min25max81	1000	0	988	12	0.5	0.6
phlag_0050-c_min25max81	1394	0	204	402	0.303	0.9900990099009901
phlag_0050-c_min25max81	1248	586	116	50	0.083	0.6024096385542168
phlag_0050-c_min25max81	1834	0	166	0	0.083	0.6024096385542168
phlag_0050-c_min25max81	1334	0	666	0	0.333	0.6006006006006006
phlag_0050-c_min25max81	1667	0	13	320	0.1665	0.6006006006006006
phlag_0050-c_min25max81	1144	606	36	214	0.125	0.804
phlag_0050-c_min25max81	1667	0	333	0	0.1665	0.6006006006006006
phlag_0050-c_min25max81	1875	0	122	3	0.0625	0.808
phlag_0050-c_min25max81	971	726	65	238	0.1515	0.9900990099009901
phlag_0050-c_min25max81	1899	0	101	0	0.0505	0.9900990099009901
phlag_0050-c_min25max81	1750	0	6	244	0.125	0.804
phlag_0050-c_min25max81	1476	24	500	0	0.25	0.6
phlag_0050-c_min25max81	1375	0	625	0	0.3125	0.8016
phlag_0050-c_min25max81	1875	0	125	0	0.0625	0.808
phlag_0050-c_min25max81	1798	0	202	0	0.101	0.9900990099009901
phlag_0050-c_min25max81	1323	11	666	0	0.333	0.6006006006006006
phlag_0050-c_min25max81	1667	0	110	223	0.1665	0.6006006006006006
phlag_0050-c_min25max81	1167	0	833	0	0.4165	0.6002400960384153
phlag_0050-c_min25max81	1316	18	650	16	0.333	0.6006006006006006
phlag_0050-c_min25max81	961	39	1000	0	0.5	0.6
phlag_0050-c_min25max81	1834	0	166	0	0.083	0.6024096385542168
phlag_0050-c_min25max81	1896	3	1	100	0.0505	0.9900990099009901
phlag_0050-c_min25max81	1000	0	1000	0	0.5	0.6
phlag_0050-c_min25max81	1491	4	0	505	0.2525	0.9900990099009901
phlag_0050-c_min25max81	1500	0	500	0	0.25	0.6
phlag_0050-c_min25max81	1596	0	1	403	0.202	0.9900990099009901
phlag_0050-c_min25max81	1834	0	166	0	0.083	0.6024096385542168
phlag_0050-c_min25max81	1697	0	303	0	0.1515	0.9900990099009901
phlag_0050-c_min25max81	1500	0	500	0	0.25	0.6
phlag_0050-c_min25max81	1000	0	1000	0	0.5	0.6
phlag_0050-c_min25max81	1750	0	250	0	0.125	0.804
phlag_0050-c_min25max81	1500	0	500	0	0.25	0.6
phlag_0050-c_min25max81	1654	13	333	0	0.1665	0.6006006006006006
phlag_0050-c_min25max81	1500	0	500	0	0.25	0.6
phlag_0050-c_min25max81	1334	0	666	0	0.333	0.6006006006006006
phlag_0050-c_min25max81	1500	0	25	475	0.25	0.802
phlag_0050-c_min25max81	1667	0	333	0	0.1665	0.6006006006006006
phlag_0050-c_min25max81	1000	0	1000	0	0.5	0.6
phlag_0050-c_min25max81	706	461	552	281	0.4165	0.6002400960384153
phlag_0050-c_min25max81	1466	29	496	9	0.2525	0.9900990099009901
phlag_0050-c_min25max81	1899	0	101	0	0.0505	0.9900990099009901
phlag_0050-c_min25max81	1899	0	6	95	0.0505	0.9900990099009901
phlag_0050-c_min25max81	1334	0	666	0	0.333	0.6006006006006006
phlag_0050-c_min25max81	1491	9	500	0	0.25	0.802
phlag_0050-c_min25max81	1094	704	104	98	0.101	0.9900990099009901
phlag_0050-c_min25max81	1334	0	666	0	0.333	0.6006006006006006
phlag_0050-c_min25max81	245	1250	503	2	0.2525	0.9900990099009901
phlag_0050-c_min25max81	1251	0	582	167	0.3745	0.801068090787717
phlag_0050-c_min25max81	1596	0	0	404	0.202	0.9900990099009901
phlag_0050-c_min25max81	1697	0	98	205	0.1515	0.9900990099009901
phlag_0050-c_min25max81	1251	0	564	185	0.3745	0.801068090787717
phlag_0050-c_min25max81	1003	694	65	238	0.1515	0.9900990099009901
phlag_0050-c_min25max81	1251	0	747	2	0.3745	0.801068090787717
phlag_0050-c_min25max81	1251	0	746	3	0.3745	0.801068090787717
phlag_0050-c_min25max81	1834	0	166	0	0.083	0.6024096385542168
phlag_0050-c_min25max81	1697	0	303	0	0.1515	0.9900990099009901
phlag_0050-c_min25max81	1765	33	0	202	0.101	0.9900990099009901
phlag_0050-c_min25max81	1596	0	404	0	0.202	0.9900990099009901
phlag_0050-c_min25max81	1334	0	433	233	0.333	0.6006006006006006
phlag_0050-c_min25max81	1626	0	374	0	0.187	0.8021390374331551
phlag_0050-c_min25max81	1495	0	505	0	0.2525	0.9900990099009901
phlag_0050-c_min25max81	1032	135	350	483	0.4165	0.6002400960384153
phlag_0050-c_min25max81	1495	0	505	0	0.2525	0.9900990099009901
phlag_0050-c_min25max81	1500	0	500	0	0.25	0.802
phlag_0050-c_min25max81	1626	0	374	0	0.187	0.8021390374331551
phlag_0050-c_min25max81	1000	0	1000	0	0.5	0.6
phlag_0050-c_min25max81	1260	336	1	403	0.202	0.9900990099009901
phlag_0050-c_min25max81	1596	0	0	404	0.202	0.9900990099009901
phlag_0050-c_min25max81	1798	0	1	201	0.101	0.9900990099009901
phlag_0050-c_min25max81	1596	0	378	26	0.202	0.9900990099009901
phlag_0050-c_min25max81	1204	190	508	98	0.303	0.9900990099009901
phlag_0050-c_min25max81	1875	0	125	0	0.0625	0.808
phlag_0050-c_min25max81	1697	0	303	0	0.1515	0.9900990099009901
phlag_0050-c_min25max81	1867	8	125	0	0.0625	0.808
phlag_0050-c_min25max81	1375	0	625	0	0.3125	0.8016
phlag_0050-c_min25max81	1798	0	202	0	0.101	0.9900990099009901
phlag_0050-c_min25max81	1167	0	833	0	0.4165	0.6002400960384153
phlag_0050-c_min25max81	1500	0	500	0	0.25	0.6
phlag_0050-c_min25max81	1596	0	0	404	0.202	0.9900990099009901
phlag_0050-c_min25max81	1370	428	1	201	0.101	0.9900990099009901
phlag_0050-c_min25max81	1791	7	0	202	0.101	0.9900990099009901
phlag_0050-c_min25max81	1723	27	5	245	0.125	0.804
phlag_0050-c_min25max81	1834	0	166	0	0.083	0.6024096385542168
phlag_0050-c_min25max81	1588	38	344	30	0.187	0.8021390374331551
phlag_0050-c_min25max81	1045	455	396	104	0.25	0.6
phlag_0050-c_min25max81	1328	422	35	215	0.125	0.804
phlag_0050-c_min25max81	1667	0	333	0	0.1665	0.6006006006006006
phlag_0050-c_min25max81	1893	6	1	100	0.0505	0.9900990099009901
phlag_0050-c_min25max81	1495	0	503	2	0.2525	0.9900990099009901
phlag_0050-c_min25max81	746	850	404	0	0.202	0.9900990099009901
phlag_0050-c_min25max81	1750	0	250	0	0.125	0.804
phlag_0050-c_min25max81	742	425	341	492	0.4165	0.6002400960384153
phlag_0050-c_min25max81	999	1	285	715	0.5	0.6
phlag_0050-c_min25max81	1375	0	625	0	0.3125	0.8016
phlag_0050-c_min25max81	1238	13	528	221	0.3745	0.801068090787717
phlag_0050-c_min25max81	1500	0	500	0	0.25	0.6
phlag_0050-c_min25max81	1798	0	202	0	0.101	0.9900990099009901
phlag_0050-c_min25max81	1798	0	202	0	0.101	0.9900990099009901
phlag_0050-c_min25max81	1394	0	4	602	0.303	0.9900990099009901
phlag_0050-c_min25max81	1394	0	1	605	0.303	0.9900990099009901
phlag_0050-c_min25max81	1491	9	123	377	0.25	0.6
phlag_0050-c_min25max81	1334	0	666	0	0.333	0.6006006006006006
phlag_0050-c_min25max81	1587	9	397	7	0.202	0.9900990099009901
phlag_0050-c_min25max81	1391	3	588	18	0.303	0.9900990099009901
phlag_0050-c_min25max81	1500	0	500	0	0.25	0.802
phlag_0050-c_min25max81	1558	240	1	201	0.101	0.9900990099009901
phlag_0050-c_min25max81	1899	0	101	0	0.0505	0.9900990099009901
phlag_0050-c_min25max81	1500	0	500	0	0.25	0.802
phlag_0050-c_min25max81	1495	0	505	0	0.2525	0.9900990099009901
phlag_0050-c_min25max81	1495	0	505	0	0.2525	0.9900990099009901
phlag_0050-c_min25max81	1334	0	666	0	0.333	0.6006006006006006
phlag_0050-c_min25max81	1361	514	5	120	0.0625	0.808
phlag_0050-c_min25max81	1899	0	101	0	0.0505	0.9900990099009901
phlag_0050-c_min25max81	1798	0	202	0	0.101	0.9900990099009901
phlag_0050-c_min25max81	1000	0	1000	0	0.5	0.6
phlag_0050-c_min25max81	1002	373	551	74	0.3125	0.8016
phlag_0050-c_min25max81	1500	0	319	181	0.25	0.802
phlag_0050-c_min25max81	1495	0	505	0	0.2525	0.9900990099009901
phlag_0050-c_min25max81	1873	2	1	124	0.0625	0.808
phlag_0050-c_min25max81	1000	0	1000	0	0.5	0.6
phlag_0050-c_min25max81	1667	232	0	101	0.0505	0.9900990099009901
phlag_0050-c_min25max81	1875	0	118	7	0.0625	0.808
phlag_0050-c_min25max81	1618	8	19	355	0.187	0.8021390374331551
phlag_0050-c_min25max81	786	709	500	5	0.2525	0.9900990099009901
phlag_0050-c_min25max81	1375	0	3	622	0.3125	0.8016
phlag_0050-c_min25max81	1500	0	94	406	0.25	0.802
phlag_0050-c_min25max81	1049	451	322	178	0.25	0.802
phlag_0050-c_min25max81	1626	0	374	0	0.187	0.8021390374331551
phlag_0050-c_min25max81	1666	1	0	333	0.1665	0.6006006006006006
phlag_0050-c_min25max81	1375	0	623	2	0.3125	0.8016
phlag_0050-c_min25max81	1899	0	101	0	0.0505	0.9900990099009901
phlag_0050-c_min25max81	1798	0	202	0	0.101	0.9900990099009901
phlag_0050-c_min25max81	1374	126	61	439	0.25	0.6
phlag_0050-c_min25max81	1261	73	167	499	0.333	0.6006006006006006
phlag_0050-c_min25max81	1490	10	3	497	0.25	0.802
phlag_0050-c_min25max81	1499	1	486	14	0.25	0.802
phlag_0050-c_min25max81	1334	0	666	0	0.333	0.6006006006006006
phlag_0050-c_min25max81	1797	1	201	1	0.101	0.9900990099009901
phlag_0050-c_min25max81	1394	0	606	0	0.303	0.9900990099009901
phlag_0050-c_min25max81	1375	0	619	6	0.3125	0.8016
phlag_0050-c_min25max81	1750	0	250	0	0.125	0.804
phlag_0050-c_min25max81	944	682	100	274	0.187	0.8021390374331551
phlag_0050-c_min25max81	1483	17	32	468	0.25	0.802
phlag_0050-c_min25max81	1000	0	1000	0	0.5	0.6
phlag_0050-c_min25max81	1596	0	0	404	0.202	0.9900990099009901
phlag_0050-c_min25max81	1163	4	347	486	0.4165	0.6002400960384153
phlag_0050-c_min25max81	1697	0	303	0	0.1515	0.9900990099009901
phlag_0050-c_min25max81	1251	0	749	0	0.3745	0.801068090787717
phlag_0050-c_min25max81	1667	0	333	0	0.1665	0.6006006006006006
phlag_0050-c_min25max81	1818	16	139	27	0.083	0.6024096385542168
phlag_0050-c_min25max81	1333	167	138	362	0.25	0.6
phlag_0050-c_min25max81	1334	0	666	0	0.333	0.6006006006006006
phlag_0050-c_min25max81	947	428	576	49	0.3125	0.8016
phlag_0050-c_min25max81	1593	3	0	404	0.202	0.9900990099009901
phlag_0050-c_min25max81	1388	6	2	604	0.303	0.9900990099009901
phlag_0050-c_min25max81	1251	0	749	0	0.3745	0.801068090787717
phlag_0050-c_min25max81	621	379	553	447	0.5	0.6
phlag_0050-c_min25max81	1500	0	500	0	0.25	0.6
phlag_0050-c_min25max81	1234	564	195	7	0.101	0.9900990099009901
phlag_0050-c_min25max81	1251	0	749	0	0.3745	0.801068090787717
phlag_0050-c_min25max81	1899	0	101	0	0.0505	0.9900990099009901
phlag_0050-c_min25max81	1750	0	250	0	0.125	0.804
phlag_0050-c_min25max81	1162	5	778	55	0.4165	0.6002400960384153
phlag_0050-c_min25max81	1667	0	328	5	0.1665	0.6006006006006006
phlag_0050-c_min25max81	1375	0	625	0	0.3125	0.8016
phlag_0050-c_min25max81	1500	0	500	0	0.25	0.802
phlag_0050-c_min25max81	1113	387	337	163	0.25	0.802
phlag_0050-c_min25max81	1750	0	250	0	0.125	0.804
phlag_0050-c_min25max81	1385	9	606	0	0.303	0.9900990099009901
phlag_0050-c_min25max81	1167	0	833	0	0.4165	0.6002400960384153
phlag_0050-c_min25max81	1875	0	125	0	0.0625	0.808
phlag_0050-c_min25max81	1251	0	749	0	0.3745	0.801068090787717
phlag_0050-c_min25max81	1834	0	166	0	0.083	0.6024096385542168
phlag_0050-c_min25max81	1834	0	166	0	0.083	0.6024096385542168
phlag_0050-c_min25max81	1858	17	10	115	0.0625	0.808
phlag_0050-c_min25max81	1167	0	833	0	0.4165	0.6002400960384153
phlag_0050-c_min25max81	1899	0	101	0	0.0505	0.9900990099009901
phlag_0050-c_min25max81	1000	0	1000	0	0.5	0.6
phlag_0050-c_min25max81	1334	0	666	0	0.333	0.6006006006006006
phlag_0050-c_min25max81	1486	14	496	4	0.25	0.6
phlag_0050-c_min25max81	1661	6	38	295	0.1665	0.6006006006006006
phlag_0050-c_min25max81	1745	5	246	4	0.125	0.804
phlag_0050-c_min25max81	1874	1	0	125	0.0625	0.808
phlag_0050-c_min25max81	1375	0	625	0	0.3125	0.8016
phlag_0050-c_min25max81	1649	18	57	276	0.1665	0.6006006006006006
phlag_0050-c_min25max81	1223	373	4	400	0.202	0.9900990099009901
phlag_0050-c_min25max81	1500	0	500	0	0.25	0.6
phlag_0050-c_min25max81	1181	569	38	212	0.125	0.804
phlag_0050-c_min25max81	1394	0	0	606	0.303	0.9900990099009901
phlag_0050-c_min25max81	1899	0	97	4	0.0505	0.9900990099009901
phlag_0050-c_min25max81	1495	0	505	0	0.2525	0.9900990099009901
phlag_0050-c_min25max81	1879	20	101	0	0.0505	0.9900990099009901
phlag_0050-c_min25max81	1895	4	38	63	0.0505	0.9900990099009901
phlag_0050-c_min25max81	1374	501	10	115	0.0625	0.808
phlag_0050-c_min25max81	1790	8	0	202	0.101	0.9900990099009901
phlag_0050-c_min25max81	1334	0	661	5	0.333	0.6006006006006006
phlag_0050-c_min25max81	1151	16	827	6	0.4165	0.6002400960384153
phlag_0050-c_min25max81	1667	0	333	0	0.1665	0.6006006006006006
phlag_0050-c_min25max81	1865	10	125	0	0.0625	0.808
phlag_0050-c_min25max81	1626	0	291	83	0.187	0.8021390374331551
phlag_0050-c_min25max81	1500	0	500	0	0.25	0.6
phlag_0050-c_min25max81	1614	12	360	14	0.187	0.8021390374331551
phlag_0050-c_min25max81	1834	0	166	0	0.083	0.6024096385542168
phlag_0050-c_min25max81	1279	555	116	50	0.083	0.6024096385542168
phlag_0050-c_min25max81	1499	1	0	500	0.25	0.802
phlag_0050-c_min25max81	1000	0	1000	0	0.5	0.6
phlag_0050-c_min25max81	1500	0	500	0	0.25	0.802
phlag_0050-c_min25max81	1798	0	202	0	0.101	0.9900990099009901
phlag_0050-c_min25max81	1364	535	47	54	0.0505	0.9900990099009901
phlag_0050-c_min25max81	1572	125	0	303	0.1515	0.9900990099009901
phlag_0050-c_min25max81	1375	0	625	0	0.3125	0.8016
phlag_0050-c_min25max81	1500	0	498	2	0.25	0.6
phlag_0050-c_min25max81	1798	0	202	0	0.101	0.9900990099009901
phlag_0050-c_min25max81	1750	0	250	0	0.125	0.804
phlag_0050-c_min25max81	1000	0	1000	0	0.5	0.6
phlag_0050-c_min25max81	1251	0	749	0	0.3745	0.801068090787717
phlag_0050-c_min25max81	1249	2	749	0	0.3745	0.801068090787717
phlag_0050-c_min25max81	1500	167	39	294	0.1665	0.6006006006006006
phlag_0050-c_min25max81	1787	47	117	49	0.083	0.6024096385542168
phlag_0050-c_min25max81	1167	0	833	0	0.4165	0.6002400960384153
phlag_0050-c_min25max81	442	952	605	1	0.303	0.9900990099009901
phlag_0050-c_min25max81	1585	11	404	0	0.202	0.9900990099009901
phlag_0050-c_min25max81	1375	0	623	2	0.3125	0.8016
phlag_0050-c_min25max81	1500	0	500	0	0.25	0.6
phlag_0050-c_min25max81	1234	17	25	724	0.3745	0.801068090787717
phlag_0050-c_min25max81	1794	4	0	202	0.101	0.9900990099009901
phlag_0050-c_min25max81	1364	232	6	398	0.202	0.9900990099009901
phlag_0050-c_min25max81	1875	0	114	11	0.0625	0.808
phlag_0050-c_min25max81	1476	19	0	505	0.2525	0.9900990099009901
phlag_0050-c_min25max81	1834	0	127	39	0.083	0.6024096385542168
phlag_0050-c_min25max81	1626	0	374	0	0.187	0.8021390374331551
phlag_0050-c_min25max81	1750	0	250	0	0.125	0.804
phlag_0050-c_min25max81	1104	396	15	485	0.25	0.802
phlag_0050-c_min25max81	1626	0	374	0	0.187	0.8021390374331551
phlag_0050-c_min25max81	1162	5	483	350	0.4165	0.6002400960384153
phlag_0050-c_min25max81	1493	7	500	0	0.25	0.6
phlag_0050-c_min25max81	1251	0	121	628	0.3745	0.801068090787717
phlag_0050-c_min25max81	1334	0	277	389	0.333	0.6006006006006006
phlag_0050-c_min25max81	1875	0	0	125	0.0625	0.808
phlag_0050-c_min25max81	1500	0	500	0	0.25	0.6
phlag_0050-c_min25max81	1624	2	374	0	0.187	0.8021390374331551
phlag_0050-c_min25max81	1625	1	0	374	0.187	0.8021390374331551
phlag_0050-c_min25max81	1394	0	392	214	0.303	0.9900990099009901
phlag_0050-c_min25max81	1249	2	747	2	0.3745	0.801068090787717
phlag_0050-c_min25max81	1495	0	10	495	0.2525	0.9900990099009901
phlag_0050-c_min25max81	1000	0	1000	0	0.5	0.6
phlag_0050-c_min25max81	1798	0	0	202	0.101	0.9900990099009901
phlag_0050-c_min25max81	995	5	999	1	0.5	0.6
phlag_0050-c_min25max81	1495	0	505	0	0.2525	0.9900990099009901
phlag_0050-c_min25max81	1783	15	199	3	0.101	0.9900990099009901
phlag_0050-c_min25max81	1375	0	625	0	0.3125	0.8016
phlag_0050-c_min25max81	1394	0	606	0	0.303	0.9900990099009901
phlag_0050-c_min25max81	1390	485	82	43	0.0625	0.808
phlag_0050-c_min25max81	1571	96	333	0	0.1665	0.6006006006006006
phlag_0050-c_min25max81	939	561	254	246	0.25	0.802
phlag_0050-c_min25max81	1725	73	0	202	0.101	0.9900990099009901
phlag_0050-c_min25max81	1167	0	833	0	0.4165	0.6002400960384153
phlag_0050-c_min25max81	1251	0	749	0	0.3745	0.801068090787717
phlag_0050-c_min25max81	1334	0	666	0	0.333	0.6006006006006006
phlag_0050-c_min25max81	1242	9	36	713	0.3745	0.801068090787717
phlag_0050-c_min25max81	1374	1	147	478	0.3125	0.8016
phlag_0050-c_min25max81	760	240	977	23	0.5	0.6
phlag_0050-c_min25max81	1500	0	494	6	0.25	0.802
phlag_0050-c_min25max81	1750	0	250	0	0.125	0.804
phlag_0050-c_min25max81	1875	0	125	0	0.0625	0.808
phlag_0050-c_min25max81	1394	0	16	590	0.303	0.9900990099009901
phlag_0050-c_min25max81	1596	0	0	404	0.202	0.9900990099009901
phlag_0050-c_min25max81	1626	0	374	0	0.187	0.8021390374331551
phlag_0050-c_min25max81	1500	0	500	0	0.25	0.802
phlag_0050-c_min25max81	1626	0	374	0	0.187	0.8021390374331551
phlag_0050-c_min25max81	1321	13	306	360	0.333	0.6006006006006006
phlag_0050-c_min25max81	1798	0	202	0	0.101	0.9900990099009901
phlag_0050-c_min25max81	1488	7	0	505	0.2525	0.9900990099009901
phlag_0050-c_min25max81	1570	264	135	31	0.083	0.6024096385542168
phlag_0050-c_min25max81	1834	0	166	0	0.083	0.6024096385542168
phlag_0050-c_min25max81	1000	167	546	287	0.4165	0.6002400960384153
phlag_0050-c_min25max81	1167	0	833	0	0.4165	0.6002400960384153
phlag_0050-c_min25max81	1667	0	333	0	0.1665	0.6006006006006006
phlag_0050-c_min25max81	1667	0	333	0	0.1665	0.6006006006006006
phlag_0050-c_min25max81	1657	40	0	303	0.1515	0.9900990099009901
phlag_0050-c_min25max81	1461	34	0	505	0.2525	0.9900990099009901
phlag_0050-c_min25max81	1798	0	202	0	0.101	0.9900990099009901
phlag_0050-c_min25max81	1494	1	0	505	0.2525	0.9900990099009901
phlag_0050-c_min25max81	1328	6	265	401	0.333	0.6006006006006006
phlag_0050-c_min25max81	1897	2	101	0	0.0505	0.9900990099009901
phlag_0050-c_min25max81	1500	0	498	2	0.25	0.802
phlag_0050-c_min25max81	1375	0	592	33	0.3125	0.8016
phlag_0050-c_min25max81	1327	67	601	5	0.303	0.9900990099009901
phlag_0050-c_min25max81	1500	0	18	482	0.25	0.802
phlag_0050-c_min25max81	776	558	427	239	0.333	0.6006006006006006
phlag_0050-c_min25max81	1434	263	1	302	0.1515	0.9900990099009901
phlag_0050-c_min25max81	1500	0	500	0	0.25	0.802
phlag_0050-c_min25max81	1667	0	333	0	0.1665	0.6006006006006006
phlag_0050-c_min25max81	1000	0	998	2	0.5	0.6
phlag_0050-c_min25max81	1000	0	1000	0	0.5	0.6
phlag_0050-c_min25max81	1697	0	303	0	0.1515	0.9900990099009901
phlag_0050-c_min25max81	1000	0	1000	0	0.5	0.6
phlag_0050-c_min25max81	1251	0	749	0	0.3745	0.801068090787717
phlag_0050-c_min25max81	1875	0	125	0	0.0625	0.808
phlag_0050-c_min25max81	1610	16	26	348	0.187	0.8021390374331551
phlag_0050-c_min25max81	1167	0	833	0	0.4165	0.6002400960384153
phlag_0050-c_min25max81	1375	0	625	0	0.3125	0.8016
phlag_0050-c_min25max81	1750	0	5	245	0.125	0.804
phlag_0050-c_min25max81	1733	17	47	203	0.125	0.804
phlag_0050-c_min25max81	1394	0	606	0	0.303	0.9900990099009901
phlag_0050-c_min25max81	1334	0	666	0	0.333	0.6006006006006006
phlag_0050-c_min25max81	1500	0	500	0	0.25	0.6
phlag_0050-c_min25max81	1165	2	829	4	0.4165	0.6002400960384153
phlag_0050-c_min25max81	1394	0	1	605	0.303	0.9900990099009901
phlag_0050-c_min25max81	1624	2	0	374	0.187	0.8021390374331551
phlag_0050-c_min25max81	1875	0	125	0	0.0625	0.808
phlag_0050-c_min25max81	1493	257	244	6	0.125	0.804
phlag_0050-c_min25max81	1164	3	833	0	0.4165	0.6002400960384153
phlag_0050-c_min25max81	1500	0	500	0	0.25	0.802
phlag_0050-c_min25max81	842	158	774	226	0.5	0.6
phlag_0050-c_min25max81	1596	0	69	335	0.202	0.9900990099009901
phlag_0050-c_min25max81	1375	0	625	0	0.3125	0.8016
phlag_0050-c_min25max81	1500	0	496	4	0.25	0.802
phlag_0050-c_min25max81	1167	0	808	25	0.4165	0.6002400960384153
phlag_0050-c_min25max81	1596	0	404	0	0.202	0.9900990099009901
phlag_0050-c_min25max81	1480	20	497	3	0.25	0.802
phlag_0050-c_min25max81	1251	0	749	0	0.3745	0.801068090787717
phlag_0050-c_min25max81	1626	0	374	0	0.187	0.8021390374331551
phlag_0050-c_min25max81	1500	0	497	3	0.25	0.802
phlag_0050-c_min25max81	1697	0	0	303	0.1515	0.9900990099009901
phlag_0050-c_min25max81	1750	0	250	0	0.125	0.804
phlag_0050-c_min25max81	1626	0	374	0	0.187	0.8021390374331551
phlag_0050-c_min25max81	981	19	1000	0	0.5	0.6
phlag_0050-c_min25max81	1553	197	98	152	0.125	0.804
phlag_0050-c_min25max81	1626	0	352	22	0.187	0.8021390374331551
phlag_0050-c_min25max81	1246	5	749	0	0.3745	0.801068090787717
phlag_0050-c_min25max81	756	495	306	443	0.3745	0.801068090787717
phlag_0050-c_min25max81	1888	11	0	101	0.0505	0.9900990099009901
phlag_0050-c_min25max81	1333	293	368	6	0.187	0.8021390374331551
phlag_0050-c_min25max81	1834	0	166	0	0.083	0.6024096385542168
phlag_0050-c_min25max81	1500	0	14	486	0.25	0.802
phlag_0050-c_min25max81	1288	46	167	499	0.333	0.6006006006006006
phlag_0050-c_min25max81	1899	0	101	0	0.0505	0.9900990099009901
phlag_0050-c_min25max81	1372	3	38	587	0.3125	0.8016
phlag_0050-c_min25max81	1798	0	202	0	0.101	0.9900990099009901
phlag_0050-c_min25max81	1000	0	1000	0	0.5	0.6
phlag_0050-c_min25max81	1626	0	33	341	0.187	0.8021390374331551
phlag_0050-c_min25max81	1899	0	101	0	0.0505	0.9900990099009901
phlag_0050-c_min25max81	1251	0	749	0	0.3745	0.801068090787717
phlag_0050-c_min25max81	1750	0	250	0	0.125	0.804
phlag_0050-c_min25max81	1495	0	505	0	0.2525	0.9900990099009901
phlag_0050-c_min25max81	1167	0	786	47	0.4165	0.6002400960384153
phlag_0050-c_min25max81	1251	0	202	547	0.3745	0.801068090787717
phlag_0050-c_min25max81	1000	0	863	137	0.5	0.6
phlag_0050-c_min25max81	1626	0	374	0	0.187	0.8021390374331551
phlag_0050-c_min25max81	1596	0	404	0	0.202	0.9900990099009901
phlag_0050-c_min25max81	1375	0	625	0	0.3125	0.8016
phlag_0050-c_min25max81	1251	0	664	85	0.3745	0.801068090787717
phlag_0050-c_min25max81	1897	2	1	100	0.0505	0.9900990099009901
phlag_0050-c_min25max81	1091	243	595	71	0.333	0.6006006006006006
phlag_0050-c_min25max81	1334	0	666	0	0.333	0.6006006006006006
phlag_0050-c_min25max81	1875	0	125	0	0.0625	0.808
phlag_0050-c_min25max81	1500	0	443	57	0.25	0.6
phlag_0050-c_min25max81	1157	677	60	106	0.083	0.6024096385542168
phlag_0050-c_min25max81	1334	0	639	27	0.333	0.6006006006006006
phlag_0050-c_min25max81	1834	0	166	0	0.083	0.6024096385542168
phlag_0050-c_min25max81	1062	688	55	195	0.125	0.804
phlag_0050-c_min25max81	1750	0	250	0	0.125	0.804
phlag_0050-c_min25max81	1798	0	202	0	0.101	0.9900990099009901
phlag_0050-c_min25max81	1762	36	0	202	0.101	0.9900990099009901
phlag_0050-c_min25max81	1495	0	395	110	0.2525	0.9900990099009901
phlag_0050-c_min25max81	1500	0	500	0	0.25	0.802
phlag_0050-c_min25max81	1696	1	0	303	0.1515	0.9900990099009901
phlag_0050-c_min25max81	1666	1	313	20	0.1665	0.6006006006006006
phlag_0050-c_min25max81	1375	0	625	0	0.3125	0.8016
phlag_0050-c_min25max81	1593	3	404	0	0.202	0.9900990099009901
phlag_0050-c_min25max81	1495	0	505	0	0.2525	0.9900990099009901
phlag_0050-c_min25max81	1899	0	10	91	0.0505	0.9900990099009901
phlag_0050-c_min25max81	1167	0	833	0	0.4165	0.6002400960384153
phlag_0050-c_min25max81	1443	224	200	133	0.1665	0.6006006006006006
phlag_0050-c_min25max81	1500	0	500	0	0.25	0.802
phlag_0050-c_min25max81	1834	0	24	142	0.083	0.6024096385542168
phlag_0050-c_min25max81	1565	31	403	1	0.202	0.9900990099009901
phlag_0050-c_min25max81	1798	0	71	131	0.101	0.9900990099009901
phlag_0050-c_min25max81	1375	0	625	0	0.3125	0.8016
phlag_0050-c_min25max81	764	403	266	567	0.4165	0.6002400960384153
phlag_0050-c_min25max81	1317	17	219	447	0.333	0.6006006006006006
phlag_0050-c_min25max81	1074	522	404	0	0.202	0.9900990099009901
phlag_0050-c_min25max81	1167	0	833	0	0.4165	0.6002400960384153
phlag_0050-c_min25max81	1495	0	44	461	0.2525	0.9900990099009901
phlag_0050-c_min25max81	1393	1	606	0	0.303	0.9900990099009901
phlag_0050-c_min25max81	1495	0	505	0	0.2525	0.9900990099009901
phlag_0050-c_min25max81	1750	0	250	0	0.125	0.804
phlag_0050-c_min25max81	1394	0	0	606	0.303	0.9900990099009901
phlag_0050-c_min25max81	1500	0	458	42	0.25	0.6
phlag_0050-c_min25max81	1495	0	501	4	0.2525	0.9900990099009901
phlag_0050-c_min25max81	1596	0	0	404	0.202	0.9900990099009901
phlag_0050-c_min25max81	1388	6	606	0	0.303	0.9900990099009901
phlag_0050-c_min25max81	1375	0	60	565	0.3125	0.8016
phlag_0050-c_min25max81	1875	0	124	1	0.0625	0.808
phlag_0050-c_min25max81	1403	92	502	3	0.2525	0.9900990099009901
phlag_0050-c_min25max81	1736	14	13	237	0.125	0.804
phlag_0050-c_min25max81	1834	0	166	0	0.083	0.6024096385542168
phlag_0050-c_min25max81	1167	0	538	295	0.4165	0.6002400960384153
phlag_0050-c_min25max81	1596	0	373	31	0.202	0.9900990099009901
phlag_0050-c_min25max81	1167	0	833	0	0.4165	0.6002400960384153
phlag_0050-c_min25max81	753	247	760	240	0.5	0.6
phlag_0050-c_min25max81	1375	0	625	0	0.3125	0.8016
phlag_0050-c_min25max81	1499	1	494	6	0.25	0.802
phlag_0050-c_min25max81	1000	0	1000	0	0.5	0.6
phlag_0050-c_min25max81	1596	0	404	0	0.202	0.9900990099009901
phlag_0050-c_min25max81	1626	0	27	347	0.187	0.8021390374331551
phlag_0050-c_min25max81	1834	0	37	129	0.083	0.6024096385542168
phlag_0050-c_min25max81	1141	26	590	243	0.4165	0.6002400960384153
phlag_0050-c_min25max81	1419	76	23	482	0.2525	0.9900990099009901
phlag_0050-c_min25max81	1000	0	391	609	0.5	0.6
phlag_0050-c_min25max81	1499	1	160	340	0.25	0.6
phlag_0050-c_min25max81	1667	0	333	0	0.1665	0.6006006006006006
phlag_0050-c_min25max81	1500	0	500	0	0.25	0.6
phlag_0050-c_min25max81	1375	0	625	0	0.3125	0.8016
phlag_0050-c_min25max81	1000	0	651	349	0.5	0.6
phlag_0050-c_min25max81	1105	562	154	179	0.1665	0.6006006006006006
phlag_0050-c_min25max81	1143	352	4	501	0.2525	0.9900990099009901
phlag_0050-c_min25max81	1475	151	30	344	0.187	0.8021390374331551
phlag_0050-c_min25max81	1834	0	166	0	0.083	0.6024096385542168
phlag_0050-c_min25max81	1875	0	110	15	0.0625	0.808
phlag_0050-c_min25max81	1667	0	333	0	0.1665	0.6006006006006006
phlag_0050-c_min25max81	1269	106	134	491	0.3125	0.8016
phlag_0050-c_min25max81	1864	11	119	6	0.0625	0.808
phlag_0050-c_min25max81	1500	0	466	34	0.25	0.6
phlag_0050-c_min25max81	1375	0	625	0	0.3125	0.8016
phlag_0050-c_min25max81	1626	0	374	0	0.187	0.8021390374331551
phlag_0050-c_min25max81	1875	0	125	0	0.0625	0.808
phlag_0050-c_min25max81	1495	0	0	505	0.2525	0.9900990099009901
phlag_0050-c_min25max81	1375	0	127	498	0.3125	0.8016
phlag_0050-c_min25max81	1492	3	505	0	0.2525	0.9900990099009901
phlag_0050-c_min25max81	1892	7	2	99	0.0505	0.9900990099009901
phlag_0050-c_min25max81	1547	49	0	404	0.202	0.9900990099009901
phlag_0050-c_min25max81	1834	0	166	0	0.083	0.6024096385542168
phlag_0050-c_min25max81	1331	3	34	632	0.333	0.6006006006006006
phlag_0050-c_min25max81	1827	7	16	150	0.083	0.6024096385542168
phlag_0050-c_min25max81	1429	71	249	251	0.25	0.802
phlag_0050-c_min25max81	1699	135	161	5	0.083	0.6024096385542168
phlag_0050-c_min25max81	1750	0	39	211	0.125	0.804
phlag_0050-c_min25max81	1251	0	749	0	0.3745	0.801068090787717
phlag_0050-c_min25max81	1667	0	333	0	0.1665	0.6006006006006006
phlag_0050-c_min25max81	1626	0	374	0	0.187	0.8021390374331551
phlag_0050-c_min25max81	1500	0	500	0	0.25	0.6
phlag_0050-c_min25max81	1500	0	500	0	0.25	0.6
phlag_0050-c_min25max81	1234	564	17	185	0.101	0.9900990099009901
phlag_0050-c_min25max81	1334	0	666	0	0.333	0.6006006006006006
phlag_0050-c_min25max81	1595	1	404	0	0.202	0.9900990099009901
phlag_0050-c_min25max81	1251	0	735	14	0.3745	0.801068090787717
phlag_0050-c_min25max81	1596	0	404	0	0.202	0.9900990099009901
phlag_0050-c_min25max81	1495	0	505	0	0.2525	0.9900990099009901
phlag_0050-c_min25max81	1750	0	250	0	0.125	0.804
phlag_0050-c_min25max81	1500	0	500	0	0.25	0.6
phlag_0050-c_min25max81	1334	0	666	0	0.333	0.6006006006006006
phlag_0050-c_min25max81	1473	22	494	11	0.2525	0.9900990099009901
phlag_0050-c_min25max81	1495	0	505	0	0.2525	0.9900990099009901
phlag_0050-c_min25max81	1899	0	101	0	0.0505	0.9900990099009901
phlag_0050-c_min25max81	1251	0	749	0	0.3745	0.801068090787717
phlag_0050-c_min25max81	875	459	6	660	0.333	0.6006006006006006
phlag_0050-c_min25max81	1000	0	1000	0	0.5	0.6
phlag_0050-c_min25max81	1667	0	333	0	0.1665	0.6006006006006006
phlag_0050-c_min25max81	1251	0	749	0	0.3745	0.801068090787717
phlag_0050-c_min25max81	1000	0	1000	0	0.5	0.6
phlag_0050-c_min25max81	1697	0	303	0	0.1515	0.9900990099009901
phlag_0050-c_min25max81	907	468	272	353	0.3125	0.8016
phlag_0050-c_min25max81	1667	0	26	307	0.1665	0.6006006006006006
phlag_0050-c_min25max81	1315	60	625	0	0.3125	0.8016
phlag_0050-c_min25max81	1750	0	250	0	0.125	0.804
phlag_0050-c_min25max81	1874	1	104	21	0.0625	0.808
phlag_0050-c_min25max81	1375	0	266	359	0.3125	0.8016
phlag_0050-c_min25max81	1626	0	374	0	0.187	0.8021390374331551
phlag_0050-c_min25max81	1750	0	250	0	0.125	0.804
phlag_0050-c_min25max81	1875	0	125	0	0.0625	0.808
phlag_0050-c_min25max81	1500	0	500	0	0.25	0.6
phlag_0050-c_min25max81	1667	0	333	0	0.1665	0.6006006006006006
phlag_0050-c_min25max81	1664	3	278	55	0.1665	0.6006006006006006
phlag_0050-c_min25max81	1869	6	3	122	0.0625	0.808
phlag_0050-c_min25max81	1490	10	171	329	0.25	0.6
phlag_0050-c_min25max81	1500	0	500	0	0.25	0.6
phlag_0050-c_min25max81	1826	8	91	75	0.083	0.6024096385542168
phlag_0050-c_min25max81	857	477	460	206	0.333	0.6006006006006006
phlag_0050-c_min25max81	1899	0	99	2	0.0505	0.9900990099009901
phlag_0050-c_min25max81	1798	0	170	32	0.101	0.9900990099009901
phlag_0050-c_min25max81	1798	0	196	6	0.101	0.9900990099009901
phlag_0050-c_min25max81	1394	0	16	590	0.303	0.9900990099009901
phlag_0050-c_min25max81	1750	0	250	0	0.125	0.804
phlag_0050-c_min25max81	1495	0	505	0	0.2525	0.9900990099009901
phlag_0050-c_min25max81	1000	0	1000	0	0.5	0.6
phlag_0050-c_min25max81	1500	0	500	0	0.25	0.802
phlag_0050-c_min25max81	1276	421	0	303	0.1515	0.9900990099009901
phlag_0050-c_min25max81	1093	503	386	18	0.202	0.9900990099009901
phlag_0050-c_min25max81	1167	0	828	5	0.4165	0.6002400960384153
phlag_0050-c_min25max81	1161	6	833	0	0.4165	0.6002400960384153
phlag_0050-c_min25max81	1297	400	0	303	0.1515	0.9900990099009901
phlag_0050-c_min25max81	1334	0	202	464	0.333	0.6006006006006006
phlag_0050-c_min25max81	1750	0	250	0	0.125	0.804
phlag_0050-c_min25max81	1167	0	833	0	0.4165	0.6002400960384153
phlag_0050-c_min25max81	1180	416	286	118	0.202	0.9900990099009901
phlag_0050-c_min25max81	1394	0	106	500	0.303	0.9900990099009901
phlag_0050-c_min25max81	1875	0	125	0	0.0625	0.808
phlag_0050-c_min25max81	1224	27	355	394	0.3745	0.801068090787717
phlag_0050-c_min25max81	1593	3	0	404	0.202	0.9900990099009901
phlag_0050-c_min25max81	1750	0	250	0	0.125	0.804
phlag_0050-c_min25max81	1798	0	195	7	0.101	0.9900990099009901
phlag_0050-c_min25max81	1899	0	101	0	0.0505	0.9900990099009901
phlag_0050-c_min25max81	1248	86	654	12	0.333	0.6006006006006006
phlag_0050-c_min25max81	1334	0	35	631	0.333	0.6006006006006006
phlag_0050-c_min25max81	1400	267	313	20	0.1665	0.6006006006006006
phlag_0050-c_min25max81	1596	0	253	151	0.202	0.9900990099009901
phlag_0050-c_min25max81	1249	2	749	0	0.3745	0.801068090787717
phlag_0050-c_min25max81	1394	0	0	606	0.303	0.9900990099009901
phlag_0050-c_min25max81	1499	1	6	494	0.25	0.802
phlag_0050-c_min25max81	1626	0	35	339	0.187	0.8021390374331551
phlag_0050-c_min25max81	1000	0	1000	0	0.5	0.6
phlag_0050-c_min25max81	1251	0	749	0	0.3745	0.801068090787717
phlag_0050-c_min25max81	1834	0	166	0	0.083	0.6024096385542168
phlag_0050-c_min25max81	1798	0	83	119	0.101	0.9900990099009901
phlag_0050-c_min25max81	1697	0	1	302	0.1515	0.9900990099009901
phlag_0050-c_min25max81	1167	0	808	25	0.4165	0.6002400960384153
phlag_0050-c_min25max81	1768	107	25	100	0.0625	0.808
phlag_0050-c_min25max81	1067	308	96	529	0.3125	0.8016
phlag_0050-c_min25max81	1697	0	290	13	0.1515	0.9900990099009901
phlag_0050-c_min25max81	0	1375	0	625	0.3125	0.8016
phlag_0050-c_min25max81	1495	0	502	3	0.2525	0.9900990099009901
phlag_0050-c_min25max81	1380	317	0	303	0.1515	0.9900990099009901
phlag_0050-c_min25max81	1696	1	3	300	0.1515	0.9900990099009901
phlag_0050-c_min25max81	1495	0	0	505	0.2525	0.9900990099009901
phlag_0050-c_min25max81	1875	0	125	0	0.0625	0.808
phlag_0050-c_min25max81	1003	331	273	393	0.333	0.6006006006006006
phlag_0050-c_min25max81	1242	9	747	2	0.3745	0.801068090787717
phlag_0050-c_min25max81	1596	0	404	0	0.202	0.9900990099009901
phlag_0050-c_min25max81	1095	804	18	83	0.0505	0.9900990099009901
phlag_0050-c_min25max81	1834	0	23	143	0.083	0.6024096385542168
phlag_0050-c_min25max81	1750	0	250	0	0.125	0.804
phlag_0050-c_min25max81	901	266	393	440	0.4165	0.6002400960384153
phlag_0050-c_min25max81	1667	0	33	300	0.1665	0.6006006006006006
phlag_0050-c_min25max81	1899	0	101	0	0.0505	0.9900990099009901
phlag_0050-c_min25max81	1697	0	2	301	0.1515	0.9900990099009901
phlag_0050-c_min25max81	994	6	453	547	0.5	0.6
phlag_0050-c_min25max81	1626	0	374	0	0.187	0.8021390374331551
phlag_0050-c_min25max81	1500	0	500	0	0.25	0.802
phlag_0050-c_min25max81	1323	71	395	211	0.303	0.9900990099009901
phlag_0050-c_min25max81	1105	521	113	261	0.187	0.8021390374331551
phlag_0050-c_min25max81	1471	24	0	505	0.2525	0.9900990099009901
phlag_0050-c_min25max81	1834	0	166	0	0.083	0.6024096385542168
phlag_0050-c_min25max81	674	720	606	0	0.303	0.9900990099009901
phlag_0050-c_min25max81	544	456	925	75	0.5	0.6
phlag_0050-c_min25max81	1875	0	125	0	0.0625	0.808
phlag_0050-c_min25max81	1167	0	833	0	0.4165	0.6002400960384153
phlag_0050-c_min25max81	3	1248	746	3	0.3745	0.801068090787717
phlag_0050-c_min25max81	1658	9	326	7	0.1665	0.6006006006006006
phlag_0050-c_min25max81	1101	596	9	294	0.1515	0.9900990099009901
phlag_0050-c_min25max81	1867	8	125	0	0.0625	0.808
phlag_0050-c_min25max81	1394	0	606	0	0.303	0.9900990099009901
phlag_0050-c_min25max81	1334	0	666	0	0.333	0.6006006006006006
phlag_0050-c_min25max81	1749	1	0	250	0.125	0.804
phlag_0050-c_min25max81	1625	1	0	374	0.187	0.8021390374331551
phlag_0050-c_min25max81	1697	0	303	0	0.1515	0.9900990099009901
phlag_0050-c_min25max81	1167	0	638	195	0.4165	0.6002400960384153
phlag_0050-c_min25max81	1394	0	606	0	0.303	0.9900990099009901
phlag_0050-c_min25max81	1394	0	266	340	0.303	0.9900990099009901
phlag_0050-c_min25max81	1309	85	606	0	0.303	0.9900990099009901
phlag_0050-c_min25max81	1666	1	333	0	0.1665	0.6006006006006006
phlag_0050-c_min25max81	1875	0	125	0	0.0625	0.808
phlag_0050-c_min25max81	1596	0	404	0	0.202	0.9900990099009901
phlag_0050-c_min25max81	1500	0	497	3	0.25	0.802
phlag_0050-c_min25max81	1334	0	651	15	0.333	0.6006006006006006
phlag_0050-c_min25max81	1334	0	642	24	0.333	0.6006006006006006
phlag_0050-c_min25max81	1167	0	833	0	0.4165	0.6002400960384153
phlag_0050-c_min25max81	1497	3	30	470	0.25	0.6
phlag_0050-c_min25max81	1500	0	500	0	0.25	0.6
phlag_0050-c_min25max81	946	54	517	483	0.5	0.6
phlag_0050-c_min25max81	1697	0	117	186	0.1515	0.9900990099009901
phlag_0050-c_min25max81	1834	0	166	0	0.083	0.6024096385542168
phlag_0050-c_min25max81	1495	0	505	0	0.2525	0.9900990099009901
phlag_0050-c_min25max81	1875	0	125	0	0.0625	0.808
phlag_0050-c_min25max81	491	760	736	13	0.3745	0.801068090787717
phlag_0050-c_min25max81	1750	0	241	9	0.125	0.804
phlag_0050-c_min25max81	1619	7	13	361	0.187	0.8021390374331551
phlag_0050-c_min25max81	1500	0	500	0	0.25	0.802
phlag_0050-c_min25max81	1899	0	101	0	0.0505	0.9900990099009901
phlag_0050-c_min25max81	1596	0	404	0	0.202	0.9900990099009901
phlag_0050-c_min25max81	1694	56	22	228	0.125	0.804
phlag_0050-c_min25max81	1834	0	166	0	0.083	0.6024096385542168
phlag_0050-c_min25max81	1834	0	166	0	0.083	0.6024096385542168
phlag_0050-c_min25max81	1679	18	0	303	0.1515	0.9900990099009901
phlag_0050-c_min25max81	1240	11	621	128	0.3745	0.801068090787717
phlag_0050-c_min25max81	1250	625	52	73	0.0625	0.808
phlag_0050-c_min25max81	1794	4	125	77	0.101	0.9900990099009901
phlag_0050-c_min25max81	1167	0	833	0	0.4165	0.6002400960384153
phlag_0050-c_min25max81	1773	25	0	202	0.101	0.9900990099009901
phlag_0050-c_min25max81	1697	0	284	19	0.1515	0.9900990099009901
phlag_0050-c_min25max81	1667	0	333	0	0.1665	0.6006006006006006
phlag_0050-c_min25max81	1147	353	124	376	0.25	0.6
phlag_0050-c_min25max81	1626	0	374	0	0.187	0.8021390374331551
phlag_0050-c_min25max81	1665	2	320	13	0.1665	0.6006006006006006
phlag_0050-c_min25max81	1251	0	749	0	0.3745	0.801068090787717
phlag_0050-c_min25max81	1750	0	250	0	0.125	0.804
phlag_0050-c_min25max81	1621	76	303	0	0.1515	0.9900990099009901
phlag_0050-c_min25max81	1878	21	23	78	0.0505	0.9900990099009901
phlag_0050-c_min25max81	1334	0	666	0	0.333	0.6006006006006006
phlag_0050-c_min25max81	1342	254	18	386	0.202	0.9900990099009901
phlag_0050-c_min25max81	1375	0	625	0	0.3125	0.8016
phlag_0050-c_min25max81	1596	0	0	404	0.202	0.9900990099009901
phlag_0050-c_min25max81	1375	0	290	335	0.3125	0.8016
phlag_0050-c_min25max81	1134	361	3	502	0.2525	0.9900990099009901
phlag_0050-c_min25max81	1875	0	125	0	0.0625	0.808
phlag_0050-c_min25max81	1000	0	991	9	0.5	0.6
phlag_0050-c_min25max81	1899	0	101	0	0.0505	0.9900990099009901
phlag_0050-c_min25max81	1784	50	158	8	0.083	0.6024096385542168
phlag_0050-c_min25max81	1798	0	202	0	0.101	0.9900990099009901
phlag_0050-c_min25max81	1500	0	358	142	0.25	0.6
phlag_0050-c_min25max81	1697	0	303	0	0.1515	0.9900990099009901
phlag_0050-c_min25max81	1500	0	500	0	0.25	0.802
phlag_0050-c_min25max81	1875	0	125	0	0.0625	0.808
phlag_0050-c_min25max81	1251	0	749	0	0.3745	0.801068090787717
phlag_0050-c_min25max81	1697	0	303	0	0.1515	0.9900990099009901
phlag_0050-c_min25max81	1167	0	833	0	0.4165	0.6002400960384153
phlag_0050-c_min25max81	1766	32	0	202	0.101	0.9900990099009901
phlag_0050-c_min25max81	1000	0	993	7	0.5	0.6
phlag_0050-c_min25max81	1863	36	16	85	0.0505	0.9900990099009901
phlag_0050-c_min25max81	1626	0	374	0	0.187	0.8021390374331551
phlag_0050-c_min25max81	1165	2	833	0	0.4165	0.6002400960384153
phlag_0050-c_min25max81	1834	0	166	0	0.083	0.6024096385542168
phlag_0050-c_min25max81	1167	0	833	0	0.4165	0.6002400960384153
phlag_0050-c_min25max81	1595	31	40	334	0.187	0.8021390374331551
phlag_0050-c_min25max81	1697	0	303	0	0.1515	0.9900990099009901
phlag_0050-c_min25max81	1425	201	26	348	0.187	0.8021390374331551
phlag_0050-c_min25max81	1656	11	26	307	0.1665	0.6006006006006006
phlag_0050-c_min25max81	1717	117	41	125	0.083	0.6024096385542168
phlag_0050-c_min25max81	1394	0	606	0	0.303	0.9900990099009901
phlag_0050-c_min25max81	1750	0	250	0	0.125	0.804
phlag_0050-c_min25max81	1364	262	26	348	0.187	0.8021390374331551
phlag_0050-c_min25max81	942	558	358	142	0.25	0.802
phlag_0050-c_min25max81	1000	0	1000	0	0.5	0.6
phlag_0050-c_min25max81	999	1	965	35	0.5	0.6
phlag_0050-c_min25max81	1251	0	729	20	0.3745	0.801068090787717
phlag_0050-c_min25max81	1394	0	606	0	0.303	0.9900990099009901
phlag_0050-c_min25max81	1251	0	749	0	0.3745	0.801068090787717
phlag_0050-c_min25max81	1333	61	2	604	0.303	0.9900990099009901
phlag_0050-c_min25max81	1681	16	1	302	0.1515	0.9900990099009901
phlag_0050-c_min25max81	1596	0	404	0	0.202	0.9900990099009901
phlag_0050-c_min25max81	1626	0	0	374	0.187	0.8021390374331551
phlag_0050-c_min25max81	1834	0	166	0	0.083	0.6024096385542168
phlag_0050-c_min25max81	1899	0	101	0	0.0505	0.9900990099009901
phlag_0050-c_min25max81	1896	3	0	101	0.0505	0.9900990099009901
phlag_0050-c_min25max81	1167	0	833	0	0.4165	0.6002400960384153
phlag_0050-c_min25max81	1375	0	625	0	0.3125	0.8016
phlag_0050-c_min25max81	1394	0	278	328	0.303	0.9900990099009901
phlag_0050-c_min25max81	1631	66	235	68	0.1515	0.9900990099009901
phlag_0050-c_min25max81	1334	0	666	0	0.333	0.6006006006006006
phlag_0050-c_min25max81	1899	0	101	0	0.0505	0.9900990099009901
phlag_0050-c_min25max81	1000	0	1000	0	0.5	0.6
phlag_0050-c_min25max81	1331	3	661	5	0.333	0.6006006006006006
phlag_0050-c_min25max81	1392	2	604	2	0.303	0.9900990099009901
phlag_0050-c_min25max81	1084	416	63	437	0.25	0.802
phlag_0050-c_min25max81	463	931	588	18	0.303	0.9900990099009901
phlag_0050-c_min25max81	171	1223	606	0	0.303	0.9900990099009901
phlag_0050-c_min25max81	1167	0	508	325	0.4165	0.6002400960384153
phlag_0050-c_min25max81	1830	4	166	0	0.083	0.6024096385542168
phlag_0050-c_min25max81	1394	0	606	0	0.303	0.9900990099009901
phlag_0050-c_min25max81	1596	0	404	0	0.202	0.9900990099009901
phlag_0050-c_min25max81	441	934	547	78	0.3125	0.8016
phlag_0050-c_min25max81	1500	0	500	0	0.25	0.802
phlag_0050-c_min25max81	1667	0	333	0	0.1665	0.6006006006006006
phlag_0050-c_min25max81	1667	0	333	0	0.1665	0.6006006006006006
phlag_0050-c_min25max81	1626	0	367	7	0.187	0.8021390374331551
phlag_0050-c_min25max81	1375	0	625	0	0.3125	0.8016
phlag_0050-c_min25max81	1899	0	92	9	0.0505	0.9900990099009901
phlag_0050-c_min25max81	1251	0	747	2	0.3745	0.801068090787717
phlag_0050-c_min25max81	1798	0	202	0	0.101	0.9900990099009901
phlag_0050-c_min25max81	1498	2	35	465	0.25	0.802
phlag_0050-c_min25max81	1662	5	328	5	0.1665	0.6006006006006006
phlag_0050-c_min25max81	1899	0	38	63	0.0505	0.9900990099009901
phlag_0050-c_min25max81	1500	0	500	0	0.25	0.6
phlag_0050-c_min25max81	1750	0	250	0	0.125	0.804
phlag_0050-c_min25max81	1623	3	372	2	0.187	0.8021390374331551
phlag_0050-c_min25max81	1667	0	333	0	0.1665	0.6006006006006006
phlag_0050-c_min25max81	1333	465	2	200	0.101	0.9900990099009901
phlag_0050-c_min25max81	1750	0	250	0	0.125	0.804
phlag_0050-c_min25max81	1479	21	14	486	0.25	0.802
phlag_0050-c_min25max81	1495	0	505	0	0.2525	0.9900990099009901
phlag_0050-c_min25max81	1375	0	625	0	0.3125	0.8016
phlag_0050-c_min25max81	1626	0	362	12	0.187	0.8021390374331551
phlag_0050-c_min25max81	1875	0	65	60	0.0625	0.808
phlag_0050-c_min25max81	1470	126	0	404	0.202	0.9900990099009901
phlag_0050-c_min25max81	1375	0	618	7	0.3125	0.8016
phlag_0050-c_min25max81	1750	0	138	112	0.125	0.804
phlag_0050-c_min25max81	998	253	70	679	0.3745	0.801068090787717
phlag_0050-c_min25max81	1394	0	606	0	0.303	0.9900990099009901
phlag_0050-c_min25max81	1251	0	749	0	0.3745	0.801068090787717
phlag_0050-c_min25max81	1231	668	67	34	0.0505	0.9900990099009901
phlag_0050-c_min25max81	1663	4	285	48	0.1665	0.6006006006006006
phlag_0050-c_min25max81	1697	0	201	102	0.1515	0.9900990099009901
phlag_0050-c_min25max81	1251	0	749	0	0.3745	0.801068090787717
phlag_0050-c_min25max81	1373	21	0	606	0.303	0.9900990099009901
phlag_0050-c_min25max81	1334	0	666	0	0.333	0.6006006006006006
phlag_0050-c_min25max81	1495	0	505	0	0.2525	0.9900990099009901
phlag_0050-c_min25max81	1500	0	500	0	0.25	0.6
phlag_0050-c_min25max81	916	710	82	292	0.187	0.8021390374331551
phlag_0050-c_min25max81	1000	0	1000	0	0.5	0.6
phlag_0050-c_min25max81	1697	0	301	2	0.1515	0.9900990099009901
phlag_0050-c_min25max81	1251	0	749	0	0.3745	0.801068090787717
phlag_0050-c_min25max81	1798	0	202	0	0.101	0.9900990099009901
phlag_0050-c_min25max81	1834	0	165	1	0.083	0.6024096385542168
phlag_0050-c_min25max81	1683	115	99	103	0.101	0.9900990099009901
phlag_0050-c_min25max81	1500	0	264	236	0.25	0.6
phlag_0050-c_min25max81	1667	0	58	275	0.1665	0.6006006006006006
phlag_0050-c_min25max81	1697	0	302	1	0.1515	0.9900990099009901
phlag_0050-c_min25max81	1899	0	101	0	0.0505	0.9900990099009901
phlag_0050-c_min25max81	1500	0	500	0	0.25	0.802
phlag_0050-c_min25max81	1626	0	374	0	0.187	0.8021390374331551
phlag_0050-c_min25max81	1375	0	30	595	0.3125	0.8016
phlag_0050-c_min25max81	1000	0	1000	0	0.5	0.6
phlag_0050-c_min25max81	1675	123	0	202	0.101	0.9900990099009901
phlag_0050-c_min25max81	1875	0	125	0	0.0625	0.808
phlag_0050-c_min25max81	1875	0	125	0	0.0625	0.808
phlag_0050-c_min25max81	1334	0	666	0	0.333	0.6006006006006006
phlag_0050-c_min25max81	1720	30	3	247	0.125	0.804
phlag_0050-c_min25max81	1696	1	303	0	0.1515	0.9900990099009901
phlag_0050-c_min25max81	1161	6	829	4	0.4165	0.6002400960384153
phlag_0050-c_min25max81	1394	0	606	0	0.303	0.9900990099009901
phlag_0050-c_min25max81	1334	0	666	0	0.333	0.6006006006006006
phlag_0050-c_min25max81	1857	42	90	11	0.0505	0.9900990099009901
phlag_0050-c_min25max81	897	270	630	203	0.4165	0.6002400960384153
phlag_0050-c_min25max81	1396	301	0	303	0.1515	0.9900990099009901
phlag_0050-c_min25max81	1310	24	259	407	0.333	0.6006006006006006
phlag_0050-c_min25max81	1816	18	50	116	0.083	0.6024096385542168
phlag_0050-c_min25max81	1333	1	666	0	0.333	0.6006006006006006
phlag_0050-c_min25max81	1394	0	606	0	0.303	0.9900990099009901
phlag_0050-c_min25max81	1334	0	666	0	0.333	0.6006006006006006
phlag_0050-c_min25max81	1375	0	625	0	0.3125	0.8016
phlag_0050-c_min25max81	1392	2	606	0	0.303	0.9900990099009901
phlag_0050-c_min25max81	1886	13	2	99	0.0505	0.9900990099009901
phlag_0050-c_min25max81	1167	0	827	6	0.4165	0.6002400960384153
phlag_0050-c_min25max81	1875	0	125	0	0.0625	0.808
phlag_0050-c_min25max81	1697	0	303	0	0.1515	0.9900990099009901
phlag_0050-c_min25max81	1500	0	213	287	0.25	0.802
phlag_0050-c_min25max81	1667	0	122	211	0.1665	0.6006006006006006
phlag_0050-c_min25max81	1667	0	330	3	0.1665	0.6006006006006006
phlag_0050-c_min25max81	1798	0	202	0	0.101	0.9900990099009901
phlag_0050-c_min25max81	1860	39	0	101	0.0505	0.9900990099009901
phlag_0050-c_min25max81	1521	378	0	101	0.0505	0.9900990099009901
phlag_0050-c_min25max81	1259	491	22	228	0.125	0.804
phlag_0050-c_min25max81	998	598	178	226	0.202	0.9900990099009901
phlag_0050-c_min25max81	1375	0	30	595	0.3125	0.8016
phlag_0050-c_min25max81	1167	0	778	55	0.4165	0.6002400960384153
phlag_0050-c_min25max81	1167	0	599	234	0.4165	0.6002400960384153
phlag_0050-c_min25max81	1684	13	0	303	0.1515	0.9900990099009901
phlag_0050-c_min25max81	1500	0	376	124	0.25	0.802
phlag_0050-c_min25max81	1167	0	773	60	0.4165	0.6002400960384153
phlag_0050-c_min25max81	1500	0	500	0	0.25	0.6
phlag_0050-c_min25max81	1875	0	125	0	0.0625	0.808
phlag_0050-c_min25max81	1436	463	0	101	0.0505	0.9900990099009901
phlag_0050-c_min25max81	1500	0	98	402	0.25	0.6
phlag_0050-c_min25max81	1394	0	606	0	0.303	0.9900990099009901
phlag_0050-c_min25max81	1834	0	166	0	0.083	0.6024096385542168
phlag_0050-c_min25max81	1834	0	166	0	0.083	0.6024096385542168
phlag_0050-c_min25max81	1500	0	500	0	0.25	0.6
phlag_0050-c_min25max81	1375	0	625	0	0.3125	0.8016
phlag_0050-c_min25max81	1198	53	749	0	0.3745	0.801068090787717
phlag_0050-c_min25max81	1697	0	303	0	0.1515	0.9900990099009901
phlag_0050-c_min25max81	1532	64	0	404	0.202	0.9900990099009901
phlag_0050-c_min25max81	1495	0	3	502	0.2525	0.9900990099009901
phlag_0050-c_min25max81	1454	142	0	404	0.202	0.9900990099009901
phlag_0050-c_min25max81	1571	25	0	404	0.202	0.9900990099009901
phlag_0050-c_min25max81	1251	0	745	4	0.3745	0.801068090787717
phlag_0050-c_min25max81	1626	0	207	167	0.187	0.8021390374331551
phlag_0050-c_min25max81	1750	0	250	0	0.125	0.804
phlag_0050-c_min25max81	1314	20	178	488	0.333	0.6006006006006006
phlag_0050-c_min25max81	1695	2	0	303	0.1515	0.9900990099009901
phlag_0050-c_min25max81	1319	75	0	606	0.303	0.9900990099009901
phlag_0050-c_min25max81	1596	0	1	403	0.202	0.9900990099009901
phlag_0050-c_min25max81	1596	0	400	4	0.202	0.9900990099009901
phlag_0050-c_min25max81	1833	1	166	0	0.083	0.6024096385542168
phlag_0050-c_min25max81	1394	0	606	0	0.303	0.9900990099009901
phlag_0050-c_min25max81	1899	0	31	70	0.0505	0.9900990099009901
phlag_0050-c_min25max81	1834	0	166	0	0.083	0.6024096385542168
phlag_0050-c_min25max81	1358	36	0	606	0.303	0.9900990099009901
phlag_0050-c_min25max81	1394	0	0	606	0.303	0.9900990099009901
phlag_0050-c_min25max81	1406	89	286	219	0.2525	0.9900990099009901
phlag_0050-c_min25max81	1697	0	303	0	0.1515	0.9900990099009901
phlag_0050-c_min25max81	1264	486	15	235	0.125	0.804
phlag_0050-c_min25max81	1697	0	0	303	0.1515	0.9900990099009901
phlag_0050-c_min25max81	1251	446	210	93	0.1515	0.9900990099009901
phlag_0050-c_min25max81	1000	0	1000	0	0.5	0.6
phlag_0050-c_min25max81	1500	0	500	0	0.25	0.6
phlag_0050-c_min25max81	1596	0	396	8	0.202	0.9900990099009901
phlag_0050-c_min25max81	1394	0	606	0	0.303	0.9900990099009901
phlag_0050-c_min25max81	1500	0	250	250	0.25	0.6
phlag_0050-c_min25max81	1697	0	9	294	0.1515	0.9900990099009901
phlag_0050-c_min25max81	1106	394	392	108	0.25	0.6
phlag_0050-c_min25max81	1000	0	1000	0	0.5	0.6
phlag_0050-c_min25max81	1834	0	166	0	0.083	0.6024096385542168
phlag_0050-c_min25max81	1167	0	833	0	0.4165	0.6002400960384153
phlag_0050-c_min25max81	1495	0	1	504	0.2525	0.9900990099009901
phlag_0050-c_min25max81	1500	0	500	0	0.25	0.802
phlag_0050-c_min25max81	1500	0	500	0	0.25	0.802
phlag_0050-c_min25max81	1873	2	13	112	0.0625	0.808
phlag_0050-c_min25max81	1604	22	298	76	0.187	0.8021390374331551
phlag_0050-c_min25max81	1626	0	374	0	0.187	0.8021390374331551
phlag_0050-c_min25max81	1500	0	500	0	0.25	0.6
phlag_0050-c_min25max81	1334	0	666	0	0.333	0.6006006006006006
phlag_0050-c_min25max81	1608	18	0	374	0.187	0.8021390374331551
phlag_0050-c_min25max81	1834	0	166	0	0.083	0.6024096385542168
phlag_0050-c_min25max81	1307	568	96	29	0.0625	0.808
phlag_0050-c_min25max81	1000	0	484	516	0.5	0.6
phlag_0050-c_min25max81	1874	1	1	124	0.0625	0.808
phlag_0050-c_min25max81	1798	0	202	0	0.101	0.9900990099009901
phlag_0050-c_min25max81	1375	0	574	51	0.3125	0.8016
phlag_0050-c_min25max81	1899	0	0	101	0.0505	0.9900990099009901
phlag_0050-c_min25max81	1815	60	47	78	0.0625	0.808
phlag_0050-c_min25max81	1251	0	749	0	0.3745	0.801068090787717
phlag_0050-c_min25max81	1043	832	25	100	0.0625	0.808
phlag_0050-c_min25max81	1311	356	136	197	0.1665	0.6006006006006006
phlag_0050-c_min25max81	1587	9	3	401	0.202	0.9900990099009901
phlag_0050-c_min25max81	1482	18	22	478	0.25	0.802
phlag_0050-c_min25max81	1495	0	505	0	0.2525	0.9900990099009901
phlag_0050-c_min25max81	1653	14	222	111	0.1665	0.6006006006006006
phlag_0050-c_min25max81	1899	0	101	0	0.0505	0.9900990099009901
phlag_0050-c_min25max81	1271	229	159	341	0.25	0.6
phlag_0050-c_min25max81	1545	253	0	202	0.101	0.9900990099009901
phlag_0050-c_min25max81	1477	23	500	0	0.25	0.802
phlag_0050-c_min25max81	1213	454	127	206	0.1665	0.6006006006006006
phlag_0050-c_min25max81	1375	0	620	5	0.3125	0.8016
phlag_0050-c_min25max81	1500	0	88	412	0.25	0.802
phlag_0050-c_min25max81	1589	7	2	402	0.202	0.9900990099009901
phlag_0050-c_min25max81	1495	0	505	0	0.2525	0.9900990099009901
phlag_0050-c_min25max81	1875	0	125	0	0.0625	0.808
phlag_0050-c_min25max81	1243	8	27	722	0.3745	0.801068090787717
phlag_0050-c_min25max81	1251	0	749	0	0.3745	0.801068090787717
phlag_0050-c_min25max81	1167	0	833	0	0.4165	0.6002400960384153
phlag_0050-c_min25max81	1375	0	625	0	0.3125	0.8016
phlag_0050-c_min25max81	1500	0	497	3	0.25	0.6
phlag_0050-c_min25max81	1000	0	1000	0	0.5	0.6
phlag_0050-c_min25max81	1127	540	169	164	0.1665	0.6006006006006006
phlag_0050-c_min25max81	1750	0	250	0	0.125	0.804
phlag_0050-c_min25max81	1899	0	1	100	0.0505	0.9900990099009901
phlag_0050-c_min25max81	1375	0	625	0	0.3125	0.8016
phlag_0050-c_min25max81	1750	0	250	0	0.125	0.804
phlag_0050-c_min25max81	1000	0	729	271	0.5	0.6
phlag_0050-c_min25max81	1495	0	503	2	0.2525	0.9900990099009901
phlag_0050-c_min25max81	1697	0	300	3	0.1515	0.9900990099009901
phlag_0050-c_min25max81	1834	0	157	9	0.083	0.6024096385542168
phlag_0050-c_min25max81	1344	31	10	615	0.3125	0.8016
phlag_0050-c_min25max81	1750	0	3	247	0.125	0.804
phlag_0050-c_min25max81	1593	3	0	404	0.202	0.9900990099009901
phlag_0050-c_min25max81	1798	0	202	0	0.101	0.9900990099009901
phlag_0050-c_min25max81	1500	0	500	0	0.25	0.6
phlag_0050-c_min25max81	1750	0	23	227	0.125	0.804
phlag_0050-c_min25max81	1495	0	494	11	0.2525	0.9900990099009901
phlag_0050-c_min25max81	1899	0	101	0	0.0505	0.9900990099009901
