phylter-k020-island_0	972	422	342	264	0.303	0.9900990099009901
phylter-k020-island_0	556	778	263	403	0.333	0.6006006006006006
phylter-k020-island_0	733	601	328	338	0.333	0.6006006006006006
phylter-k020-island_0	843	551	309	297	0.303	0.9900990099009901
phylter-k020-island_0	485	1313	44	158	0.101	0.9900990099009901
phylter-k020-island_0	491	843	214	452	0.333	0.6006006006006006
phylter-k020-island_0	58	1776	19	147	0.083	0.6024096385542168
phylter-k020-island_0	664	1170	50	116	0.083	0.6024096385542168
phylter-k020-island_0	35	1591	12	362	0.187	0.8021390374331551
phylter-k020-island_0	331	1044	204	421	0.3125	0.8016
phylter-k020-island_0	162	1737	12	89	0.0505	0.9900990099009901
phylter-k020-island_0	107	1590	24	279	0.1515	0.9900990099009901
phylter-k020-island_0	485	1010	156	349	0.2525	0.9900990099009901
phylter-k020-island_0	1226	524	158	92	0.125	0.804
phylter-k020-island_0	415	979	212	394	0.303	0.9900990099009901
phylter-k020-island_0	881	715	155	249	0.202	0.9900990099009901
phylter-k020-island_0	249	1246	112	393	0.2525	0.9900990099009901
phylter-k020-island_0	688	1009	71	232	0.1515	0.9900990099009901
phylter-k020-island_0	958	709	179	154	0.1665	0.6006006006006006
phylter-k020-island_0	1086	308	411	195	0.303	0.9900990099009901
phylter-k020-island_0	120	880	138	862	0.5	0.6
phylter-k020-island_0	1332	567	37	64	0.0505	0.9900990099009901
phylter-k020-island_0	1232	394	247	127	0.187	0.8021390374331551
phylter-k020-island_0	741	759	202	298	0.25	0.802
phylter-k020-island_0	149	1726	36	89	0.0625	0.808
phylter-k020-island_0	804	792	150	254	0.202	0.9900990099009901
phylter-k020-island_0	215	952	158	675	0.4165	0.6002400960384153
phylter-k020-island_0	195	1180	31	594	0.3125	0.8016
phylter-k020-island_0	421	579	359	641	0.5	0.6
phylter-k020-island_0	282	885	246	587	0.4165	0.6002400960384153
phylter-k020-island_0	730	270	647	353	0.5	0.6
phylter-k020-island_0	278	1097	127	498	0.3125	0.8016
phylter-k020-island_0	668	832	167	333	0.25	0.802
phylter-k020-island_0	55	1820	39	86	0.0625	0.808
phylter-k020-island_0	501	1125	119	255	0.187	0.8021390374331551
phylter-k020-island_0	795	599	373	233	0.303	0.9900990099009901
phylter-k020-island_0	552	1044	105	299	0.202	0.9900990099009901
phylter-k020-island_0	485	766	246	503	0.3745	0.801068090787717
phylter-k020-island_0	394	981	187	438	0.3125	0.8016
phylter-k020-island_0	6	1161	20	813	0.4165	0.6002400960384153
phylter-k020-island_0	491	1105	143	261	0.202	0.9900990099009901
phylter-k020-island_0	802	1073	13	112	0.0625	0.808
phylter-k020-island_0	105	1229	98	568	0.333	0.6006006006006006
phylter-k020-island_0	808	692	271	229	0.25	0.802
phylter-k020-island_0	296	704	327	673	0.5	0.6
phylter-k020-island_0	724	872	162	242	0.202	0.9900990099009901
phylter-k020-island_0	539	961	155	345	0.25	0.802
phylter-k020-island_0	519	1148	161	172	0.1665	0.6006006006006006
phylter-k020-island_0	298	1500	42	160	0.101	0.9900990099009901
phylter-k020-island_0	755	1120	42	83	0.0625	0.808
phylter-k020-island_0	575	759	266	400	0.333	0.6006006006006006
phylter-k020-island_0	943	308	430	319	0.3745	0.801068090787717
phylter-k020-island_0	737	638	275	350	0.3125	0.8016
phylter-k020-island_0	778	389	464	369	0.4165	0.6002400960384153
phylter-k020-island_0	808	692	191	309	0.25	0.6
phylter-k020-island_0	933	734	174	159	0.1665	0.6006006006006006
phylter-k020-island_0	370	630	374	626	0.5	0.6
phylter-k020-island_0	1055	642	151	152	0.1515	0.9900990099009901
phylter-k020-island_0	801	694	192	313	0.2525	0.9900990099009901
phylter-k020-island_0	898	698	164	240	0.202	0.9900990099009901
phylter-k020-island_0	50	1700	6	244	0.125	0.804
phylter-k020-island_0	440	1060	158	342	0.25	0.6
phylter-k020-island_0	293	1606	16	85	0.0505	0.9900990099009901
phylter-k020-island_0	295	1402	50	253	0.1515	0.9900990099009901
phylter-k020-island_0	1213	484	154	149	0.1515	0.9900990099009901
phylter-k020-island_0	35	1864	18	83	0.0505	0.9900990099009901
phylter-k020-island_0	147	1353	64	436	0.25	0.6
phylter-k020-island_0	1001	374	353	272	0.3125	0.8016
phylter-k020-island_0	49	1618	25	308	0.1665	0.6006006006006006
phylter-k020-island_0	351	649	331	669	0.5	0.6
phylter-k020-island_0	534	800	224	442	0.333	0.6006006006006006
phylter-k020-island_0	81	1669	45	205	0.125	0.804
phylter-k020-island_0	20	1475	25	480	0.2525	0.9900990099009901
phylter-k020-island_0	689	1008	104	199	0.1515	0.9900990099009901
phylter-k020-island_0	365	886	268	481	0.3745	0.801068090787717
phylter-k020-island_0	707	1127	84	82	0.083	0.6024096385542168
phylter-k020-island_0	189	1145	106	560	0.333	0.6006006006006006
phylter-k020-island_0	549	1326	40	85	0.0625	0.808
phylter-k020-island_0	1043	452	308	197	0.2525	0.9900990099009901
phylter-k020-island_0	194	1140	133	533	0.333	0.6006006006006006
phylter-k020-island_0	494	1381	38	87	0.0625	0.808
phylter-k020-island_0	290	1508	49	153	0.101	0.9900990099009901
phylter-k020-island_0	766	485	456	293	0.3745	0.801068090787717
phylter-k020-island_0	73	1761	3	163	0.083	0.6024096385542168
phylter-k020-island_0	802	592	311	295	0.303	0.9900990099009901
phylter-k020-island_0	176	1491	46	287	0.1665	0.6006006006006006
phylter-k020-island_0	495	505	473	527	0.5	0.6
phylter-k020-island_0	876	619	200	305	0.2525	0.9900990099009901
phylter-k020-island_0	185	1315	77	423	0.25	0.6
phylter-k020-island_0	21	1777	9	193	0.101	0.9900990099009901
phylter-k020-island_0	46	1454	29	471	0.25	0.6
phylter-k020-island_0	775	1023	68	134	0.101	0.9900990099009901
phylter-k020-island_0	660	591	401	348	0.3745	0.801068090787717
phylter-k020-island_0	26	1641	35	298	0.1665	0.6006006006006006
phylter-k020-island_0	281	719	317	683	0.5	0.6
phylter-k020-island_0	1187	688	87	38	0.0625	0.808
phylter-k020-island_0	577	817	133	473	0.303	0.9900990099009901
phylter-k020-island_0	1046	449	293	212	0.2525	0.9900990099009901
phylter-k020-island_0	286	1209	113	392	0.2525	0.9900990099009901
phylter-k020-island_0	143	1554	46	257	0.1515	0.9900990099009901
phylter-k020-island_0	1205	462	214	119	0.1665	0.6006006006006006
phylter-k020-island_0	648	519	443	390	0.4165	0.6002400960384153
phylter-k020-island_0	765	569	315	351	0.333	0.6006006006006006
phylter-k020-island_0	819	575	273	333	0.303	0.9900990099009901
phylter-k020-island_0	23	1775	32	170	0.101	0.9900990099009901
phylter-k020-island_0	882	493	319	306	0.3125	0.8016
phylter-k020-island_0	960	540	315	185	0.25	0.6
phylter-k020-island_0	365	1135	134	366	0.25	0.6
phylter-k020-island_0	910	989	27	74	0.0505	0.9900990099009901
phylter-k020-island_0	992	806	87	115	0.101	0.9900990099009901
phylter-k020-island_0	848	1051	0	101	0.0505	0.9900990099009901
phylter-k020-island_0	822	1077	0	101	0.0505	0.9900990099009901
phylter-k020-island_0	526	974	180	320	0.25	0.6
phylter-k020-island_0	138	1559	67	236	0.1515	0.9900990099009901
phylter-k020-island_0	453	1042	141	364	0.2525	0.9900990099009901
phylter-k020-island_0	312	1284	102	302	0.202	0.9900990099009901
phylter-k020-island_0	1086	308	409	197	0.303	0.9900990099009901
phylter-k020-island_0	67	1100	72	761	0.4165	0.6002400960384153
phylter-k020-island_0	26	1641	17	316	0.1665	0.6006006006006006
phylter-k020-island_0	747	420	499	334	0.4165	0.6002400960384153
phylter-k020-island_0	781	719	241	259	0.25	0.6
phylter-k020-island_0	626	874	188	312	0.25	0.6
phylter-k020-island_0	202	1697	28	73	0.0505	0.9900990099009901
phylter-k020-island_0	403	972	217	408	0.3125	0.8016
phylter-k020-island_0	104	1563	29	304	0.1665	0.6006006006006006
phylter-k020-island_0	37	1838	15	110	0.0625	0.808
phylter-k020-island_0	758	576	355	311	0.333	0.6006006006006006
phylter-k020-island_0	591	1005	113	291	0.202	0.9900990099009901
phylter-k020-island_0	295	1580	15	110	0.0625	0.808
phylter-k020-island_0	566	768	263	403	0.333	0.6006006006006006
phylter-k020-island_0	556	838	248	358	0.303	0.9900990099009901
phylter-k020-island_0	650	946	150	254	0.202	0.9900990099009901
phylter-k020-island_0	1065	834	45	56	0.0505	0.9900990099009901
phylter-k020-island_0	15	1485	29	471	0.25	0.6
phylter-k020-island_0	767	400	467	366	0.4165	0.6002400960384153
phylter-k020-island_0	385	990	206	419	0.3125	0.8016
phylter-k020-island_0	273	1222	115	390	0.2525	0.9900990099009901
phylter-k020-island_0	601	1096	82	221	0.1515	0.9900990099009901
phylter-k020-island_0	29	971	44	956	0.5	0.6
phylter-k020-island_0	695	699	221	385	0.303	0.9900990099009901
phylter-k020-island_0	28	1770	47	155	0.101	0.9900990099009901
phylter-k020-island_0	368	883	252	497	0.3745	0.801068090787717
phylter-k020-island_0	409	758	336	497	0.4165	0.6002400960384153
phylter-k020-island_0	396	1503	38	63	0.0505	0.9900990099009901
phylter-k020-island_0	32	1766	10	192	0.101	0.9900990099009901
phylter-k020-island_0	485	1414	26	75	0.0505	0.9900990099009901
phylter-k020-island_0	724	973	106	197	0.1515	0.9900990099009901
phylter-k020-island_0	593	902	216	289	0.2525	0.9900990099009901
phylter-k020-island_0	1015	379	303	303	0.303	0.9900990099009901
phylter-k020-island_0	499	501	437	563	0.5	0.6
phylter-k020-island_0	1187	712	55	46	0.0505	0.9900990099009901
phylter-k020-island_0	478	689	320	513	0.4165	0.6002400960384153
phylter-k020-island_0	545	1253	122	80	0.101	0.9900990099009901
phylter-k020-island_0	263	1571	47	119	0.083	0.6024096385542168
phylter-k020-island_0	854	397	478	271	0.3745	0.801068090787717
phylter-k020-island_0	1017	358	376	249	0.3125	0.8016
phylter-k020-island_0	393	1233	80	294	0.187	0.8021390374331551
phylter-k020-island_0	294	1302	100	304	0.202	0.9900990099009901
phylter-k020-island_0	1371	379	168	82	0.125	0.804
phylter-k020-island_0	165	1461	67	307	0.187	0.8021390374331551
phylter-k020-island_0	515	980	181	324	0.2525	0.9900990099009901
phylter-k020-island_0	64	1686	16	234	0.125	0.804
phylter-k020-island_0	801	795	160	244	0.202	0.9900990099009901
phylter-k020-island_0	149	1018	137	696	0.4165	0.6002400960384153
phylter-k020-island_0	665	586	368	381	0.3745	0.801068090787717
phylter-k020-island_0	1017	358	393	232	0.3125	0.8016
phylter-k020-island_0	19	1731	29	221	0.125	0.804
phylter-k020-island_0	377	1123	121	379	0.25	0.802
phylter-k020-island_0	566	1060	76	298	0.187	0.8021390374331551
phylter-k020-island_0	855	520	320	305	0.3125	0.8016
phylter-k020-island_0	79	1172	105	644	0.3745	0.801068090787717
phylter-k020-island_0	89	1745	24	142	0.083	0.6024096385542168
phylter-k020-island_0	900	696	171	233	0.202	0.9900990099009901
phylter-k020-island_0	137	1114	54	695	0.3745	0.801068090787717
phylter-k020-island_0	190	1644	42	124	0.083	0.6024096385542168
phylter-k020-island_0	967	629	210	194	0.202	0.9900990099009901
phylter-k020-island_0	691	684	281	344	0.3125	0.8016
phylter-k020-island_0	573	1053	120	254	0.187	0.8021390374331551
phylter-k020-island_0	376	1124	142	358	0.25	0.802
phylter-k020-island_0	97	1403	57	443	0.25	0.802
phylter-k020-island_0	829	969	68	134	0.101	0.9900990099009901
phylter-k020-island_0	102	898	155	845	0.5	0.6
phylter-k020-island_0	287	1463	30	220	0.125	0.804
phylter-k020-island_0	375	1292	102	231	0.1665	0.6006006006006006
phylter-k020-island_0	1163	337	293	207	0.25	0.802
phylter-k020-island_0	336	664	365	635	0.5	0.6
phylter-k020-island_0	334	1416	31	219	0.125	0.804
phylter-k020-island_0	701	895	134	270	0.202	0.9900990099009901
phylter-k020-island_0	1021	479	268	232	0.25	0.802
phylter-k020-island_0	581	670	337	412	0.3745	0.801068090787717
phylter-k020-island_0	27	1473	33	467	0.25	0.802
phylter-k020-island_0	1009	866	55	70	0.0625	0.808
phylter-k020-island_0	682	652	289	377	0.333	0.6006006006006006
phylter-k020-island_0	270	981	231	518	0.3745	0.801068090787717
phylter-k020-island_0	991	635	180	194	0.187	0.8021390374331551
phylter-k020-island_0	17	1609	12	362	0.187	0.8021390374331551
phylter-k020-island_0	745	755	210	290	0.25	0.6
phylter-k020-island_0	47	1787	5	161	0.083	0.6024096385542168
phylter-k020-island_0	648	1227	34	91	0.0625	0.808
phylter-k020-island_0	193	1141	48	618	0.333	0.6006006006006006
phylter-k020-island_0	76	1591	40	293	0.1665	0.6006006006006006
phylter-k020-island_0	716	784	231	269	0.25	0.6
phylter-k020-island_0	834	792	185	189	0.187	0.8021390374331551
phylter-k020-island_0	441	810	266	483	0.3745	0.801068090787717
phylter-k020-island_0	929	738	159	174	0.1665	0.6006006006006006
phylter-k020-island_0	242	1092	144	522	0.333	0.6006006006006006
phylter-k020-island_0	1205	462	223	110	0.1665	0.6006006006006006
phylter-k020-island_0	26	1724	12	238	0.125	0.804
phylter-k020-island_0	224	1276	55	445	0.25	0.6
phylter-k020-island_0	325	1509	61	105	0.083	0.6024096385542168
phylter-k020-island_0	404	1096	158	342	0.25	0.6
phylter-k020-island_0	242	1258	95	405	0.25	0.6
phylter-k020-island_0	598	777	203	422	0.3125	0.8016
phylter-k020-island_0	70	1805	25	100	0.0625	0.808
phylter-k020-island_0	750	584	320	346	0.333	0.6006006006006006
phylter-k020-island_0	18	1649	13	320	0.1665	0.6006006006006006
phylter-k020-island_0	720	876	181	223	0.202	0.9900990099009901
phylter-k020-island_0	397	997	229	377	0.303	0.9900990099009901
phylter-k020-island_0	866	1009	37	88	0.0625	0.808
phylter-k020-island_0	936	398	432	234	0.333	0.6006006006006006
phylter-k020-island_0	220	1376	66	338	0.202	0.9900990099009901
phylter-k020-island_0	275	1624	34	67	0.0505	0.9900990099009901
phylter-k020-island_0	716	659	259	366	0.3125	0.8016
phylter-k020-island_0	982	715	144	159	0.1515	0.9900990099009901
phylter-k020-island_0	953	542	230	275	0.2525	0.9900990099009901
phylter-k020-island_0	358	1036	177	429	0.303	0.9900990099009901
phylter-k020-island_0	277	1057	185	481	0.333	0.6006006006006006
phylter-k020-island_0	522	645	348	485	0.4165	0.6002400960384153
phylter-k020-island_0	731	936	138	195	0.1665	0.6006006006006006
phylter-k020-island_0	871	504	291	334	0.3125	0.8016
phylter-k020-island_0	16	1883	3	98	0.0505	0.9900990099009901
phylter-k020-island_0	700	800	170	330	0.25	0.6
phylter-k020-island_0	1128	372	307	193	0.25	0.6
phylter-k020-island_0	309	1489	42	160	0.101	0.9900990099009901
phylter-k020-island_0	68	1432	55	445	0.25	0.6
phylter-k020-island_0	180	1719	21	80	0.0505	0.9900990099009901
phylter-k020-island_0	8	1588	22	382	0.202	0.9900990099009901
phylter-k020-island_0	1009	486	221	284	0.2525	0.9900990099009901
phylter-k020-island_0	327	1370	77	226	0.1515	0.9900990099009901
phylter-k020-island_0	574	1093	111	222	0.1665	0.6006006006006006
phylter-k020-island_0	700	467	453	380	0.4165	0.6002400960384153
phylter-k020-island_0	580	814	212	394	0.303	0.9900990099009901
phylter-k020-island_0	33	1866	24	77	0.0505	0.9900990099009901
phylter-k020-island_0	775	392	509	324	0.4165	0.6002400960384153
phylter-k020-island_0	214	1620	46	120	0.083	0.6024096385542168
phylter-k020-island_0	672	703	269	356	0.3125	0.8016
phylter-k020-island_0	858	393	427	322	0.3745	0.801068090787717
phylter-k020-island_0	844	954	102	100	0.101	0.9900990099009901
phylter-k020-island_0	264	1362	81	293	0.187	0.8021390374331551
phylter-k020-island_0	243	1507	57	193	0.125	0.804
phylter-k020-island_0	251	1446	67	236	0.1515	0.9900990099009901
phylter-k020-island_0	527	1069	137	267	0.202	0.9900990099009901
phylter-k020-island_0	386	1240	86	288	0.187	0.8021390374331551
phylter-k020-island_0	124	1472	49	355	0.202	0.9900990099009901
phylter-k020-island_0	615	880	136	369	0.2525	0.9900990099009901
phylter-k020-island_0	912	838	99	151	0.125	0.804
phylter-k020-island_0	619	548	399	434	0.4165	0.6002400960384153
phylter-k020-island_0	100	1734	19	147	0.083	0.6024096385542168
phylter-k020-island_0	896	479	315	310	0.3125	0.8016
phylter-k020-island_0	840	411	417	332	0.3745	0.801068090787717
phylter-k020-island_0	497	1200	96	207	0.1515	0.9900990099009901
phylter-k020-island_0	429	1066	182	323	0.2525	0.9900990099009901
phylter-k020-island_0	484	910	238	368	0.303	0.9900990099009901
phylter-k020-island_0	714	286	578	422	0.5	0.6
phylter-k020-island_0	183	1068	127	622	0.3745	0.801068090787717
phylter-k020-island_0	790	1044	26	140	0.083	0.6024096385542168
phylter-k020-island_0	988	810	114	88	0.101	0.9900990099009901
phylter-k020-island_0	467	700	256	577	0.4165	0.6002400960384153
phylter-k020-island_0	17	1882	3	98	0.0505	0.9900990099009901
phylter-k020-island_0	1120	678	92	110	0.101	0.9900990099009901
phylter-k020-island_0	25	1874	5	96	0.0505	0.9900990099009901
phylter-k020-island_0	932	563	268	237	0.2525	0.9900990099009901
phylter-k020-island_0	176	1521	78	225	0.1515	0.9900990099009901
phylter-k020-island_0	610	390	602	398	0.5	0.6
phylter-k020-island_0	653	741	257	349	0.303	0.9900990099009901
phylter-k020-island_0	1126	374	325	175	0.25	0.802
phylter-k020-island_0	129	1538	54	279	0.1665	0.6006006006006006
phylter-k020-island_0	181	819	211	789	0.5	0.6
phylter-k020-island_0	429	1321	86	164	0.125	0.804
phylter-k020-island_0	699	301	612	388	0.5	0.6
phylter-k020-island_0	271	1229	110	390	0.25	0.802
phylter-k020-island_0	592	1075	107	226	0.1665	0.6006006006006006
phylter-k020-island_0	1027	723	109	141	0.125	0.804
phylter-k020-island_0	131	1369	88	412	0.25	0.802
phylter-k020-island_0	513	1083	145	259	0.202	0.9900990099009901
phylter-k020-island_0	442	809	284	465	0.3745	0.801068090787717
phylter-k020-island_0	951	799	115	135	0.125	0.804
phylter-k020-island_0	449	926	153	472	0.3125	0.8016
phylter-k020-island_0	33	1593	17	357	0.187	0.8021390374331551
phylter-k020-island_0	214	1286	108	392	0.25	0.802
phylter-k020-island_0	741	510	377	372	0.3745	0.801068090787717
phylter-k020-island_0	809	1025	59	107	0.083	0.6024096385542168
phylter-k020-island_0	921	330	472	277	0.3745	0.801068090787717
phylter-k020-island_0	949	885	64	102	0.083	0.6024096385542168
phylter-k020-island_0	982	614	219	185	0.202	0.9900990099009901
phylter-k020-island_0	568	932	197	303	0.25	0.802
phylter-k020-island_0	573	1094	120	213	0.1665	0.6006006006006006
phylter-k020-island_0	878	748	140	234	0.187	0.8021390374331551
phylter-k020-island_0	71	1304	57	568	0.3125	0.8016
phylter-k020-island_0	466	1160	125	249	0.187	0.8021390374331551
phylter-k020-island_0	356	1144	144	356	0.25	0.6
phylter-k020-island_0	388	1279	87	246	0.1665	0.6006006006006006
phylter-k020-island_0	507	1243	86	164	0.125	0.804
phylter-k020-island_0	1161	506	214	119	0.1665	0.6006006006006006
phylter-k020-island_0	21	1313	42	624	0.333	0.6006006006006006
phylter-k020-island_0	537	1213	79	171	0.125	0.804
phylter-k020-island_0	380	1454	32	134	0.083	0.6024096385542168
phylter-k020-island_0	708	792	190	310	0.25	0.6
phylter-k020-island_0	671	1204	60	65	0.0625	0.808
phylter-k020-island_0	1019	315	444	222	0.333	0.6006006006006006
phylter-k020-island_0	506	994	174	326	0.25	0.802
phylter-k020-island_0	914	337	466	283	0.3745	0.801068090787717
phylter-k020-island_0	389	986	113	512	0.3125	0.8016
phylter-k020-island_0	517	1109	144	230	0.187	0.8021390374331551
phylter-k020-island_0	519	1315	54	112	0.083	0.6024096385542168
phylter-k020-island_0	459	792	279	470	0.3745	0.801068090787717
phylter-k020-island_0	379	1455	48	118	0.083	0.6024096385542168
phylter-k020-island_0	15	1485	37	463	0.25	0.6
phylter-k020-island_0	1011	585	224	180	0.202	0.9900990099009901
phylter-k020-island_0	609	891	202	298	0.25	0.802
phylter-k020-island_0	724	943	122	211	0.1665	0.6006006006006006
phylter-k020-island_0	406	1469	15	110	0.0625	0.808
phylter-k020-island_0	669	665	310	356	0.333	0.6006006006006006
phylter-k020-island_0	876	458	360	306	0.333	0.6006006006006006
phylter-k020-island_0	812	814	140	234	0.187	0.8021390374331551
phylter-k020-island_0	745	1053	57	145	0.101	0.9900990099009901
phylter-k020-island_0	267	1567	38	128	0.083	0.6024096385542168
phylter-k020-island_0	615	636	302	447	0.3745	0.801068090787717
phylter-k020-island_0	762	864	165	209	0.187	0.8021390374331551
phylter-k020-island_0	512	1286	43	159	0.101	0.9900990099009901
phylter-k020-island_0	451	883	268	398	0.333	0.6006006006006006
phylter-k020-island_0	708	686	256	350	0.303	0.9900990099009901
phylter-k020-island_0	199	1195	125	481	0.303	0.9900990099009901
phylter-k020-island_0	1090	708	95	107	0.101	0.9900990099009901
phylter-k020-island_0	649	851	179	321	0.25	0.802
phylter-k020-island_0	1041	834	58	67	0.0625	0.808
phylter-k020-island_0	747	879	142	232	0.187	0.8021390374331551
phylter-k020-island_0	1175	421	195	209	0.202	0.9900990099009901
phylter-k020-island_0	621	546	387	446	0.4165	0.6002400960384153
phylter-k020-island_0	990	385	378	247	0.3125	0.8016
phylter-k020-island_0	569	598	368	465	0.4165	0.6002400960384153
phylter-k020-island_0	923	452	320	305	0.3125	0.8016
phylter-k020-island_0	367	633	414	586	0.5	0.6
phylter-k020-island_0	595	739	249	417	0.333	0.6006006006006006
phylter-k020-island_0	531	863	217	389	0.303	0.9900990099009901
phylter-k020-island_0	220	1406	110	264	0.187	0.8021390374331551
phylter-k020-island_0	13	1487	11	489	0.25	0.802
phylter-k020-island_0	914	961	32	93	0.0625	0.808
phylter-k020-island_0	1134	462	246	158	0.202	0.9900990099009901
phylter-k020-island_0	439	936	197	428	0.3125	0.8016
phylter-k020-island_0	1267	632	52	49	0.0505	0.9900990099009901
phylter-k020-island_0	557	1193	88	162	0.125	0.804
phylter-k020-island_0	854	641	204	301	0.2525	0.9900990099009901
phylter-k020-island_0	416	1281	96	207	0.1515	0.9900990099009901
phylter-k020-island_0	1057	569	200	174	0.187	0.8021390374331551
phylter-k020-island_0	223	1474	62	241	0.1515	0.9900990099009901
phylter-k020-island_0	271	1224	100	405	0.2525	0.9900990099009901
phylter-k020-island_0	894	702	242	162	0.202	0.9900990099009901
phylter-k020-island_0	656	1094	82	168	0.125	0.804
phylter-k020-island_0	545	849	285	321	0.303	0.9900990099009901
phylter-k020-island_0	394	606	397	603	0.5	0.6
phylter-k020-island_0	279	1620	16	85	0.0505	0.9900990099009901
phylter-k020-island_0	369	1131	91	409	0.25	0.6
phylter-k020-island_0	124	1543	45	288	0.1665	0.6006006006006006
phylter-k020-island_0	660	340	610	390	0.5	0.6
phylter-k020-island_0	404	1192	135	269	0.202	0.9900990099009901
phylter-k020-island_0	169	1581	41	209	0.125	0.804
phylter-k020-island_0	821	674	227	278	0.2525	0.9900990099009901
phylter-k020-island_0	267	1430	57	246	0.1515	0.9900990099009901
phylter-k020-island_0	1171	526	140	163	0.1515	0.9900990099009901
phylter-k020-island_0	730	1169	19	82	0.0505	0.9900990099009901
phylter-k020-island_0	216	1284	92	408	0.25	0.6
phylter-k020-island_0	84	1416	39	461	0.25	0.6
phylter-k020-island_0	80	1819	19	82	0.0505	0.9900990099009901
phylter-k020-island_0	159	1538	52	251	0.1515	0.9900990099009901
phylter-k020-island_0	169	1206	99	526	0.3125	0.8016
phylter-k020-island_0	11	1323	47	619	0.333	0.6006006006006006
phylter-k020-island_0	438	1229	97	236	0.1665	0.6006006006006006
phylter-k020-island_0	741	259	660	340	0.5	0.6
phylter-k020-island_0	464	1233	79	224	0.1515	0.9900990099009901
phylter-k020-island_0	464	1031	29	476	0.2525	0.9900990099009901
phylter-k020-island_0	1172	578	135	115	0.125	0.804
phylter-k020-island_0	585	790	198	427	0.3125	0.8016
phylter-k020-island_0	742	509	324	425	0.3745	0.801068090787717
phylter-k020-island_0	390	777	137	696	0.4165	0.6002400960384153
phylter-k020-island_0	637	959	93	311	0.202	0.9900990099009901
phylter-k020-island_0	169	831	260	740	0.5	0.6
phylter-k020-island_0	973	527	241	259	0.25	0.802
phylter-k020-island_0	423	1375	42	160	0.101	0.9900990099009901
phylter-k020-island_0	87	1788	14	111	0.0625	0.808
phylter-k020-island_0	544	790	225	441	0.333	0.6006006006006006
phylter-k020-island_0	463	1133	123	281	0.202	0.9900990099009901
phylter-k020-island_0	69	1806	24	101	0.0625	0.808
phylter-k020-island_0	16	1318	19	647	0.333	0.6006006006006006
phylter-k020-island_0	446	1221	105	228	0.1665	0.6006006006006006
phylter-k020-island_0	285	1215	116	384	0.25	0.802
phylter-k020-island_0	815	983	78	124	0.101	0.9900990099009901
phylter-k020-island_0	593	782	242	383	0.3125	0.8016
phylter-k020-island_0	473	778	255	494	0.3745	0.801068090787717
phylter-k020-island_0	782	385	511	322	0.4165	0.6002400960384153
phylter-k020-island_0	69	1431	82	418	0.25	0.6
phylter-k020-island_0	200	1467	55	278	0.1665	0.6006006006006006
phylter-k020-island_0	450	550	349	651	0.5	0.6
phylter-k020-island_0	211	1183	131	475	0.303	0.9900990099009901
phylter-k020-island_0	303	1197	116	384	0.25	0.6
phylter-k020-island_0	537	1261	69	133	0.101	0.9900990099009901
phylter-k020-island_0	39	1461	38	462	0.25	0.6
phylter-k020-island_0	825	426	430	319	0.3745	0.801068090787717
phylter-k020-island_0	354	1444	58	144	0.101	0.9900990099009901
phylter-k020-island_0	116	1759	34	91	0.0625	0.808
phylter-k020-island_0	213	787	199	801	0.5	0.6
phylter-k020-island_0	493	1002	221	284	0.2525	0.9900990099009901
phylter-k020-island_0	268	983	180	569	0.3745	0.801068090787717
phylter-k020-island_0	550	1284	50	116	0.083	0.6024096385542168
phylter-k020-island_0	584	750	269	397	0.333	0.6006006006006006
phylter-k020-island_0	25	1850	5	120	0.0625	0.808
phylter-k020-island_0	806	689	193	312	0.2525	0.9900990099009901
phylter-k020-island_0	208	1126	105	561	0.333	0.6006006006006006
phylter-k020-island_0	33	1842	9	116	0.0625	0.808
phylter-k020-island_0	863	388	398	351	0.3745	0.801068090787717
phylter-k020-island_0	38	1760	21	181	0.101	0.9900990099009901
phylter-k020-island_0	190	1644	25	141	0.083	0.6024096385542168
phylter-k020-island_0	138	1237	110	515	0.3125	0.8016
phylter-k020-island_0	19	1232	33	716	0.3745	0.801068090787717
phylter-k020-island_0	524	1310	53	113	0.083	0.6024096385542168
phylter-k020-island_0	829	338	526	307	0.4165	0.6002400960384153
phylter-k020-island_0	366	1468	15	151	0.083	0.6024096385542168
phylter-k020-island_0	366	1230	100	304	0.202	0.9900990099009901
phylter-k020-island_0	37	1713	38	212	0.125	0.804
phylter-k020-island_0	287	713	343	657	0.5	0.6
phylter-k020-island_0	928	466	269	337	0.303	0.9900990099009901
phylter-k020-island_0	278	1348	91	283	0.187	0.8021390374331551
phylter-k020-island_0	621	1129	79	171	0.125	0.804
phylter-k020-island_0	230	1366	86	318	0.202	0.9900990099009901
phylter-k020-island_0	1102	524	221	153	0.187	0.8021390374331551
phylter-k020-island_0	548	827	227	398	0.3125	0.8016
phylter-k020-island_0	651	600	302	447	0.3745	0.801068090787717
phylter-k020-island_0	1028	806	79	87	0.083	0.6024096385542168
phylter-k020-island_0	234	933	191	642	0.4165	0.6002400960384153
phylter-k020-island_0	614	386	581	419	0.5	0.6
phylter-k020-island_0	820	574	223	383	0.303	0.9900990099009901
phylter-k020-island_0	1093	503	237	167	0.202	0.9900990099009901
phylter-k020-island_0	434	1263	86	217	0.1515	0.9900990099009901
phylter-k020-island_0	283	1212	122	383	0.2525	0.9900990099009901
phylter-k020-island_0	418	1481	36	65	0.0505	0.9900990099009901
phylter-k020-island_0	33	1765	7	195	0.101	0.9900990099009901
phylter-k020-island_0	45	1854	10	91	0.0505	0.9900990099009901
phylter-k020-island_0	182	1193	107	518	0.3125	0.8016
phylter-k020-island_0	417	977	205	401	0.303	0.9900990099009901
phylter-k020-island_0	579	1047	147	227	0.187	0.8021390374331551
phylter-k020-island_0	341	659	377	623	0.5	0.6
phylter-k020-island_0	843	652	247	258	0.2525	0.9900990099009901
phylter-k020-island_0	1378	372	192	58	0.125	0.804
phylter-k020-island_0	65	1632	31	272	0.1515	0.9900990099009901
phylter-k020-island_0	611	764	276	349	0.3125	0.8016
phylter-k020-island_0	115	1385	45	455	0.25	0.6
phylter-k020-island_0	202	965	201	632	0.4165	0.6002400960384153
phylter-k020-island_0	119	1780	22	79	0.0505	0.9900990099009901
phylter-k020-island_0	928	668	190	214	0.202	0.9900990099009901
phylter-k020-island_0	1061	434	291	214	0.2525	0.9900990099009901
phylter-k020-island_0	1109	391	365	135	0.25	0.802
phylter-k020-island_0	817	350	531	302	0.4165	0.6002400960384153
phylter-k020-island_0	8	1326	8	658	0.333	0.6006006006006006
phylter-k020-island_0	373	1502	43	82	0.0625	0.808
phylter-k020-island_0	80	1617	86	217	0.1515	0.9900990099009901
phylter-k020-island_0	286	1310	92	312	0.202	0.9900990099009901
phylter-k020-island_0	377	957	146	520	0.333	0.6006006006006006
phylter-k020-island_0	941	434	393	232	0.3125	0.8016
phylter-k020-island_0	37	1761	43	159	0.101	0.9900990099009901
phylter-k020-island_0	85	1814	27	74	0.0505	0.9900990099009901
phylter-k020-island_0	816	1083	46	55	0.0505	0.9900990099009901
phylter-k020-island_0	635	532	418	415	0.4165	0.6002400960384153
phylter-k020-island_0	360	1140	127	373	0.25	0.6
phylter-k020-island_0	475	692	368	465	0.4165	0.6002400960384153
phylter-k020-island_0	796	871	155	178	0.1665	0.6006006006006006
phylter-k020-island_0	806	588	260	346	0.303	0.9900990099009901
phylter-k020-island_0	56	1641	23	280	0.1515	0.9900990099009901
phylter-k020-island_0	649	846	218	287	0.2525	0.9900990099009901
phylter-k020-island_0	53	1447	28	472	0.25	0.6
phylter-k020-island_0	1009	890	46	55	0.0505	0.9900990099009901
phylter-k020-island_0	29	1769	9	193	0.101	0.9900990099009901
phylter-k020-island_0	564	603	381	452	0.4165	0.6002400960384153
phylter-k020-island_0	966	933	1	100	0.0505	0.9900990099009901
phylter-k020-island_0	136	1364	51	449	0.25	0.6
phylter-k020-island_0	82	1793	20	105	0.0625	0.808
phylter-k020-island_0	584	810	234	372	0.303	0.9900990099009901
phylter-k020-island_0	190	1305	137	368	0.2525	0.9900990099009901
phylter-k020-island_0	208	1489	41	262	0.1515	0.9900990099009901
phylter-k020-island_0	336	1414	16	234	0.125	0.804
phylter-k020-island_0	182	1318	93	407	0.25	0.6
phylter-k020-island_0	999	751	133	117	0.125	0.804
phylter-k020-island_0	847	820	158	175	0.1665	0.6006006006006006
phylter-k020-island_0	6	1494	22	478	0.25	0.802
phylter-k020-island_0	58	1817	9	116	0.0625	0.808
phylter-k020-island_0	990	707	157	146	0.1515	0.9900990099009901
phylter-k020-island_0	67	1683	31	219	0.125	0.804
phylter-k020-island_0	217	1450	68	265	0.1665	0.6006006006006006
phylter-k020-island_0	542	958	168	332	0.25	0.6
phylter-k020-island_0	121	1379	124	376	0.25	0.802
phylter-k020-island_0	166	1168	83	583	0.333	0.6006006006006006
phylter-k020-island_0	904	971	45	80	0.0625	0.808
phylter-k020-island_0	500	1334	89	77	0.083	0.6024096385542168
phylter-k020-island_0	148	1478	52	322	0.187	0.8021390374331551
phylter-k020-island_0	671	580	365	384	0.3745	0.801068090787717
phylter-k020-island_0	274	1352	91	283	0.187	0.8021390374331551
phylter-k020-island_0	629	1205	50	116	0.083	0.6024096385542168
phylter-k020-island_0	103	1148	80	669	0.3745	0.801068090787717
phylter-k020-island_0	358	976	183	483	0.333	0.6006006006006006
phylter-k020-island_0	1312	563	80	45	0.0625	0.808
phylter-k020-island_0	322	1178	119	381	0.25	0.802
phylter-k020-island_0	828	922	175	75	0.125	0.804
phylter-k020-island_0	302	1532	34	132	0.083	0.6024096385542168
phylter-k020-island_0	498	1002	184	316	0.25	0.802
phylter-k020-island_0	1108	642	148	102	0.125	0.804
phylter-k020-island_0	136	864	187	813	0.5	0.6
phylter-k020-island_0	205	1462	59	274	0.1665	0.6006006006006006
phylter-k020-island_0	986	408	405	201	0.303	0.9900990099009901
phylter-k020-island_0	155	1471	58	316	0.187	0.8021390374331551
phylter-k020-island_0	453	922	223	402	0.3125	0.8016
phylter-k020-island_0	44	1706	57	193	0.125	0.804
phylter-k020-island_0	1026	641	171	162	0.1665	0.6006006006006006
phylter-k020-island_0	117	883	92	908	0.5	0.6
phylter-k020-island_0	69	1431	47	453	0.25	0.802
phylter-k020-island_0	1087	288	388	237	0.3125	0.8016
phylter-k020-island_0	833	793	152	222	0.187	0.8021390374331551
phylter-k020-island_0	708	792	192	308	0.25	0.802
phylter-k020-island_0	1289	307	265	139	0.202	0.9900990099009901
phylter-k020-island_0	209	1625	61	105	0.083	0.6024096385542168
phylter-k020-island_0	183	1068	165	584	0.3745	0.801068090787717
phylter-k020-island_0	925	671	178	226	0.202	0.9900990099009901
phylter-k020-island_0	168	1666	26	140	0.083	0.6024096385542168
phylter-k020-island_0	429	822	260	489	0.3745	0.801068090787717
phylter-k020-island_0	21	1605	17	357	0.187	0.8021390374331551
phylter-k020-island_0	428	947	192	433	0.3125	0.8016
phylter-k020-island_0	507	993	165	335	0.25	0.802
phylter-k020-island_0	286	714	319	681	0.5	0.6
phylter-k020-island_0	669	826	197	308	0.2525	0.9900990099009901
phylter-k020-island_0	174	1422	63	341	0.202	0.9900990099009901
phylter-k020-island_0	266	1484	46	204	0.125	0.804
phylter-k020-island_0	450	1176	105	269	0.187	0.8021390374331551
phylter-k020-island_0	126	1749	24	101	0.0625	0.808
phylter-k020-island_0	282	1218	144	356	0.25	0.802
phylter-k020-island_0	402	973	214	411	0.3125	0.8016
phylter-k020-island_0	730	270	641	359	0.5	0.6
phylter-k020-island_0	51	1116	71	762	0.4165	0.6002400960384153
phylter-k020-island_0	141	859	175	825	0.5	0.6
phylter-k020-island_0	353	1022	169	456	0.3125	0.8016
phylter-k020-island_0	281	1315	99	305	0.202	0.9900990099009901
phylter-k020-island_0	842	855	199	104	0.1515	0.9900990099009901
phylter-k020-island_0	228	1647	32	93	0.0625	0.808
phylter-k020-island_0	670	830	179	321	0.25	0.802
phylter-k020-island_0	44	1582	20	354	0.187	0.8021390374331551
phylter-k020-island_0	1156	743	40	61	0.0505	0.9900990099009901
phylter-k020-island_0	335	1059	139	467	0.303	0.9900990099009901
phylter-k020-island_0	220	1275	22	483	0.2525	0.9900990099009901
phylter-k020-island_0	272	1425	88	215	0.1515	0.9900990099009901
phylter-k020-island_0	1067	683	146	104	0.125	0.804
phylter-k020-island_0	596	904	219	281	0.25	0.802
phylter-k020-island_0	815	1060	7	118	0.0625	0.808
phylter-k020-island_0	703	691	253	353	0.303	0.9900990099009901
phylter-k020-island_0	41	1709	9	241	0.125	0.804
phylter-k020-island_0	512	1185	59	244	0.1515	0.9900990099009901
phylter-k020-island_0	204	1291	98	407	0.2525	0.9900990099009901
phylter-k020-island_0	622	545	394	439	0.4165	0.6002400960384153
phylter-k020-island_0	1210	689	57	44	0.0505	0.9900990099009901
phylter-k020-island_0	499	1127	109	265	0.187	0.8021390374331551
phylter-k020-island_0	434	960	172	434	0.303	0.9900990099009901
phylter-k020-island_0	150	1684	20	146	0.083	0.6024096385542168
phylter-k020-island_0	784	1050	49	117	0.083	0.6024096385542168
phylter-k020-island_0	228	1398	79	295	0.187	0.8021390374331551
phylter-k020-island_0	40	1758	15	187	0.101	0.9900990099009901
phylter-k020-island_0	772	622	298	308	0.303	0.9900990099009901
phylter-k020-island_0	591	743	263	403	0.333	0.6006006006006006
phylter-k020-island_0	499	835	212	454	0.333	0.6006006006006006
phylter-k020-island_0	460	1166	192	182	0.187	0.8021390374331551
phylter-k020-island_0	752	642	244	362	0.303	0.9900990099009901
phylter-k020-island_0	426	1408	58	108	0.083	0.6024096385542168
phylter-k020-island_0	159	1639	18	184	0.101	0.9900990099009901
phylter-k020-island_0	960	535	268	237	0.2525	0.9900990099009901
phylter-k020-island_0	343	991	175	491	0.333	0.6006006006006006
phylter-k020-island_0	726	668	244	362	0.303	0.9900990099009901
phylter-k020-island_0	387	613	401	599	0.5	0.6
phylter-k020-island_0	458	1042	162	338	0.25	0.6
phylter-k020-island_0	1431	367	136	66	0.101	0.9900990099009901
phylter-k020-island_0	165	1335	89	411	0.25	0.6
phylter-k020-island_0	400	1095	120	385	0.2525	0.9900990099009901
phylter-k020-island_0	681	319	635	365	0.5	0.6
phylter-k020-island_0	22	1645	11	322	0.1665	0.6006006006006006
phylter-k020-island_0	340	1054	66	540	0.303	0.9900990099009901
phylter-k020-island_0	272	1228	91	409	0.25	0.6
phylter-k020-island_0	751	1083	61	105	0.083	0.6024096385542168
phylter-k020-island_0	853	398	397	352	0.3745	0.801068090787717
phylter-k020-island_0	45	1830	12	113	0.0625	0.808
phylter-k020-island_0	462	872	226	440	0.333	0.6006006006006006
phylter-k020-island_0	26	1641	37	296	0.1665	0.6006006006006006
phylter-k020-island_0	222	778	258	742	0.5	0.6
phylter-k020-island_0	441	1434	34	91	0.0625	0.808
phylter-k020-island_0	231	1103	161	505	0.333	0.6006006006006006
phylter-k020-island_0	520	1106	71	303	0.187	0.8021390374331551
phylter-k020-island_0	227	1167	121	485	0.303	0.9900990099009901
phylter-k020-island_0	588	1246	48	118	0.083	0.6024096385542168
phylter-k020-island_0	701	550	401	348	0.3745	0.801068090787717
phylter-k020-island_0	538	957	184	321	0.2525	0.9900990099009901
phylter-k020-island_0	438	1259	35	268	0.1515	0.9900990099009901
phylter-k020-island_0	391	1359	51	199	0.125	0.804
phylter-k020-island_0	819	1056	54	71	0.0625	0.808
phylter-k020-island_0	41	1459	35	465	0.25	0.802
phylter-k020-island_0	535	465	463	537	0.5	0.6
phylter-k020-island_0	537	1261	48	154	0.101	0.9900990099009901
phylter-k020-island_0	318	933	213	536	0.3745	0.801068090787717
phylter-k020-island_0	1210	487	163	140	0.1515	0.9900990099009901
phylter-k020-island_0	561	606	371	462	0.4165	0.6002400960384153
phylter-k020-island_0	943	557	277	223	0.25	0.6
phylter-k020-island_0	293	1606	29	72	0.0505	0.9900990099009901
phylter-k020-island_0	260	1639	32	69	0.0505	0.9900990099009901
phylter-k020-island_0	462	1038	163	337	0.25	0.6
phylter-k020-island_0	16	1681	19	284	0.1515	0.9900990099009901
phylter-k020-island_0	703	1047	70	180	0.125	0.804
phylter-k020-island_0	30	1667	13	290	0.1515	0.9900990099009901
phylter-k020-island_0	588	907	185	320	0.2525	0.9900990099009901
phylter-k020-island_0	669	331	603	397	0.5	0.6
phylter-k020-island_0	17	1650	13	320	0.1665	0.6006006006006006
phylter-k020-island_0	111	1788	18	83	0.0505	0.9900990099009901
phylter-k020-island_0	506	661	322	511	0.4165	0.6002400960384153
phylter-k020-island_0	715	982	103	200	0.1515	0.9900990099009901
phylter-k020-island_0	911	464	341	284	0.3125	0.8016
phylter-k020-island_0	873	378	437	312	0.3745	0.801068090787717
phylter-k020-island_0	473	861	230	436	0.333	0.6006006006006006
phylter-k020-island_0	518	1357	30	95	0.0625	0.808
phylter-k020-island_0	835	963	64	138	0.101	0.9900990099009901
phylter-k020-island_0	1073	427	291	209	0.25	0.802
phylter-k020-island_0	231	1466	43	260	0.1515	0.9900990099009901
phylter-k020-island_0	16	1580	9	395	0.202	0.9900990099009901
phylter-k020-island_0	15	1783	9	193	0.101	0.9900990099009901
phylter-k020-island_0	1117	383	280	220	0.25	0.802
phylter-k020-island_0	145	1189	101	565	0.333	0.6006006006006006
phylter-k020-island_0	216	1659	21	104	0.0625	0.808
phylter-k020-island_0	926	670	176	228	0.202	0.9900990099009901
phylter-k020-island_0	561	1189	84	166	0.125	0.804
phylter-k020-island_0	385	1110	175	330	0.2525	0.9900990099009901
phylter-k020-island_0	453	714	308	525	0.4165	0.6002400960384153
phylter-k020-island_0	870	505	321	304	0.3125	0.8016
phylter-k020-island_0	123	1128	103	646	0.3745	0.801068090787717
phylter-k020-island_0	450	1449	33	68	0.0505	0.9900990099009901
phylter-k020-island_0	74	1320	55	551	0.303	0.9900990099009901
phylter-k020-island_0	950	800	114	136	0.125	0.804
phylter-k020-island_0	620	1077	116	187	0.1515	0.9900990099009901
phylter-k020-island_0	1108	387	268	237	0.2525	0.9900990099009901
phylter-k020-island_0	124	1270	90	516	0.303	0.9900990099009901
phylter-k020-island_0	590	910	172	328	0.25	0.802
phylter-k020-island_0	36	1839	6	119	0.0625	0.808
phylter-k020-island_0	499	996	155	350	0.2525	0.9900990099009901
phylter-k020-island_0	1063	634	140	163	0.1515	0.9900990099009901
phylter-k020-island_0	654	1096	98	152	0.125	0.804
phylter-k020-island_0	226	941	165	668	0.4165	0.6002400960384153
phylter-k020-island_0	320	1579	17	84	0.0505	0.9900990099009901
phylter-k020-island_0	964	632	195	209	0.202	0.9900990099009901
phylter-k020-island_0	34	1716	26	224	0.125	0.804
phylter-k020-island_0	278	1217	114	391	0.2525	0.9900990099009901
phylter-k020-island_0	515	985	165	335	0.25	0.802
phylter-k020-island_0	432	1443	18	107	0.0625	0.808
phylter-k020-island_0	1315	311	238	136	0.187	0.8021390374331551
phylter-k020-island_0	243	757	167	833	0.5	0.6
phylter-k020-island_0	762	613	310	315	0.3125	0.8016
phylter-k020-island_0	651	516	372	461	0.4165	0.6002400960384153
phylter-k020-island_0	879	496	368	257	0.3125	0.8016
phylter-k020-island_0	129	871	145	855	0.5	0.6
phylter-k020-island_0	748	419	448	385	0.4165	0.6002400960384153
phylter-k020-island_0	767	930	115	188	0.1515	0.9900990099009901
phylter-k020-island_0	609	987	171	233	0.202	0.9900990099009901
phylter-k020-island_0	374	1252	95	279	0.187	0.8021390374331551
phylter-k020-island_0	357	1518	37	88	0.0625	0.808
phylter-k020-island_0	921	579	274	226	0.25	0.802
phylter-k020-island_0	762	1036	61	141	0.101	0.9900990099009901
phylter-k020-island_0	284	1050	167	499	0.333	0.6006006006006006
phylter-k020-island_0	148	1246	25	581	0.303	0.9900990099009901
phylter-k020-island_0	592	1034	118	256	0.187	0.8021390374331551
phylter-k020-island_0	83	1311	76	530	0.303	0.9900990099009901
phylter-k020-island_0	297	703	237	763	0.5	0.6
phylter-k020-island_0	142	1192	99	567	0.333	0.6006006006006006
phylter-k020-island_0	65	1769	17	149	0.083	0.6024096385542168
phylter-k020-island_0	166	1632	24	178	0.101	0.9900990099009901
phylter-k020-island_0	1059	567	196	178	0.187	0.8021390374331551
phylter-k020-island_0	665	729	263	343	0.303	0.9900990099009901
phylter-k020-island_0	995	839	64	102	0.083	0.6024096385542168
phylter-k020-island_0	891	943	68	98	0.083	0.6024096385542168
phylter-k020-island_0	128	1498	34	340	0.187	0.8021390374331551
phylter-k020-island_0	909	925	72	94	0.083	0.6024096385542168
phylter-k020-island_0	73	1427	39	461	0.25	0.6
phylter-k020-island_0	292	1375	53	280	0.1665	0.6006006006006006
phylter-k020-island_0	399	1476	71	54	0.0625	0.808
phylter-k020-island_0	642	692	283	383	0.333	0.6006006006006006
phylter-k020-island_0	338	1056	179	427	0.303	0.9900990099009901
phylter-k020-island_0	141	1193	84	582	0.333	0.6006006006006006
phylter-k020-island_0	236	764	277	723	0.5	0.6
phylter-k020-island_0	496	1338	57	109	0.083	0.6024096385542168
phylter-k020-island_0	387	864	181	568	0.3745	0.801068090787717
phylter-k020-island_0	115	1380	62	443	0.2525	0.9900990099009901
phylter-k020-island_0	228	772	248	752	0.5	0.6
phylter-k020-island_0	563	1104	119	214	0.1665	0.6006006006006006
phylter-k020-island_0	583	811	234	372	0.303	0.9900990099009901
phylter-k020-island_0	86	1248	90	576	0.333	0.6006006006006006
phylter-k020-island_0	86	1712	26	176	0.101	0.9900990099009901
phylter-k020-island_0	76	1758	14	152	0.083	0.6024096385542168
phylter-k020-island_0	229	1271	79	421	0.25	0.6
phylter-k020-island_0	268	1530	52	150	0.101	0.9900990099009901
phylter-k020-island_0	987	513	282	218	0.25	0.6
phylter-k020-island_0	680	815	156	349	0.2525	0.9900990099009901
phylter-k020-island_0	884	510	360	246	0.303	0.9900990099009901
phylter-k020-island_0	497	503	458	542	0.5	0.6
phylter-k020-island_0	1097	570	189	144	0.1665	0.6006006006006006
phylter-k020-island_0	382	1315	64	239	0.1515	0.9900990099009901
phylter-k020-island_0	165	1734	20	81	0.0505	0.9900990099009901
phylter-k020-island_0	313	854	227	606	0.4165	0.6002400960384153
phylter-k020-island_0	842	409	478	271	0.3745	0.801068090787717
phylter-k020-island_0	875	500	324	301	0.3125	0.8016
phylter-k020-island_0	377	1421	70	132	0.101	0.9900990099009901
phylter-k020-island_0	200	1300	31	469	0.25	0.802
phylter-k020-island_0	90	1244	64	602	0.333	0.6006006006006006
phylter-k020-island_0	110	1765	48	77	0.0625	0.808
phylter-k020-island_0	479	1117	11	393	0.202	0.9900990099009901
phylter-k020-island_0	271	1426	39	264	0.1515	0.9900990099009901
phylter-k020-island_0	269	1606	21	104	0.0625	0.808
phylter-k020-island_0	916	584	245	255	0.25	0.802
phylter-k020-island_0	230	1265	95	410	0.2525	0.9900990099009901
phylter-k020-island_0	1063	533	215	189	0.202	0.9900990099009901
phylter-k020-island_0	731	1019	87	163	0.125	0.804
phylter-k020-island_0	605	562	321	512	0.4165	0.6002400960384153
phylter-k020-island_0	927	324	484	265	0.3745	0.801068090787717
phylter-k020-island_0	898	477	394	231	0.3125	0.8016
phylter-k020-island_0	1025	725	110	140	0.125	0.804
phylter-k020-island_0	838	859	116	187	0.1515	0.9900990099009901
phylter-k020-island_0	1040	455	246	259	0.2525	0.9900990099009901
phylter-k020-island_0	674	326	604	396	0.5	0.6
phylter-k020-island_0	988	679	147	186	0.1665	0.6006006006006006
phylter-k020-island_0	736	764	210	290	0.25	0.802
phylter-k020-island_0	531	1267	46	156	0.101	0.9900990099009901
phylter-k020-island_0	9	1866	13	112	0.0625	0.808
phylter-k020-island_0	200	1051	179	570	0.3745	0.801068090787717
phylter-k020-island_0	98	1069	85	748	0.4165	0.6002400960384153
phylter-k020-island_0	733	1166	46	55	0.0505	0.9900990099009901
phylter-k020-island_0	79	1421	46	454	0.25	0.6
phylter-k020-island_0	495	1202	103	200	0.1515	0.9900990099009901
phylter-k020-island_0	51	1449	45	455	0.25	0.6
phylter-k020-island_0	95	1804	16	85	0.0505	0.9900990099009901
phylter-k020-island_0	983	512	285	220	0.2525	0.9900990099009901
phylter-k020-island_0	517	1180	111	192	0.1515	0.9900990099009901
phylter-k020-island_0	860	890	82	168	0.125	0.804
phylter-k020-island_0	646	354	571	429	0.5	0.6
phylter-k020-island_0	971	696	166	167	0.1665	0.6006006006006006
phylter-k020-island_0	786	608	297	309	0.303	0.9900990099009901
phylter-k020-island_0	376	624	339	661	0.5	0.6
phylter-k020-island_0	974	521	206	299	0.2525	0.9900990099009901
phylter-k020-island_0	263	1434	77	226	0.1515	0.9900990099009901
phylter-k020-island_0	285	1311	48	356	0.202	0.9900990099009901
phylter-k020-island_0	1168	731	35	66	0.0505	0.9900990099009901
phylter-k020-island_0	577	1221	55	147	0.101	0.9900990099009901
phylter-k020-island_0	748	1151	80	21	0.0505	0.9900990099009901
phylter-k020-island_0	867	931	67	135	0.101	0.9900990099009901
phylter-k020-island_0	751	624	219	406	0.3125	0.8016
phylter-k020-island_0	393	607	329	671	0.5	0.6
phylter-k020-island_0	435	959	223	383	0.303	0.9900990099009901
phylter-k020-island_0	580	1046	117	257	0.187	0.8021390374331551
phylter-k020-island_0	945	752	125	178	0.1515	0.9900990099009901
phylter-k020-island_0	623	872	165	340	0.2525	0.9900990099009901
phylter-k020-island_0	847	903	88	162	0.125	0.804
phylter-k020-island_0	604	647	243	506	0.3745	0.801068090787717
phylter-k020-island_0	55	1320	51	574	0.3125	0.8016
phylter-k020-island_0	60	1774	24	142	0.083	0.6024096385542168
phylter-k020-island_0	525	642	317	516	0.4165	0.6002400960384153
phylter-k020-island_0	904	692	204	200	0.202	0.9900990099009901
phylter-k020-island_0	271	1123	138	468	0.303	0.9900990099009901
phylter-k020-island_0	675	951	143	231	0.187	0.8021390374331551
phylter-k020-island_0	145	855	178	822	0.5	0.6
phylter-k020-island_0	441	1155	80	324	0.202	0.9900990099009901
phylter-k020-island_0	382	1368	99	151	0.125	0.804
phylter-k020-island_0	1075	551	209	165	0.187	0.8021390374331551
phylter-k020-island_0	381	870	240	509	0.3745	0.801068090787717
phylter-k020-island_0	906	469	359	266	0.3125	0.8016
phylter-k020-island_0	136	1698	48	118	0.083	0.6024096385542168
phylter-k020-island_0	486	681	283	550	0.4165	0.6002400960384153
phylter-k020-island_0	544	850	229	377	0.303	0.9900990099009901
phylter-k020-island_0	197	1470	64	269	0.1665	0.6006006006006006
phylter-k020-island_0	750	417	474	359	0.4165	0.6002400960384153
phylter-k020-island_0	566	929	179	326	0.2525	0.9900990099009901
phylter-k020-island_0	156	1541	55	248	0.1515	0.9900990099009901
phylter-k020-island_0	878	622	195	305	0.25	0.6
phylter-k020-island_0	1165	633	107	95	0.101	0.9900990099009901
phylter-k020-island_0	8	1159	29	804	0.4165	0.6002400960384153
phylter-k020-island_0	965	535	270	230	0.25	0.6
phylter-k020-island_0	193	1706	51	50	0.0505	0.9900990099009901
phylter-k020-island_0	336	1462	65	137	0.101	0.9900990099009901
phylter-k020-island_0	387	780	276	557	0.4165	0.6002400960384153
phylter-k020-island_0	933	734	152	181	0.1665	0.6006006006006006
phylter-k020-island_0	747	647	261	345	0.303	0.9900990099009901
phylter-k020-island_0	805	1070	66	59	0.0625	0.808
phylter-k020-island_0	390	1307	57	246	0.1515	0.9900990099009901
phylter-k020-island_0	286	1209	131	374	0.2525	0.9900990099009901
phylter-k020-island_0	569	806	226	399	0.3125	0.8016
phylter-k020-island_0	639	1260	27	74	0.0505	0.9900990099009901
phylter-k020-island_0	95	1072	79	754	0.4165	0.6002400960384153
phylter-k020-island_0	854	646	248	252	0.25	0.6
phylter-k020-island_0	27	1468	38	467	0.2525	0.9900990099009901
phylter-k020-island_0	135	1461	61	343	0.202	0.9900990099009901
phylter-k020-island_0	47	1828	10	115	0.0625	0.808
phylter-k020-island_0	457	710	306	527	0.4165	0.6002400960384153
phylter-k020-island_0	251	1345	62	342	0.202	0.9900990099009901
phylter-k020-island_0	506	1191	95	208	0.1515	0.9900990099009901
phylter-k020-island_0	916	418	380	286	0.333	0.6006006006006006
phylter-k020-island_0	642	1233	32	93	0.0625	0.808
phylter-k020-island_0	40	1758	6	196	0.101	0.9900990099009901
phylter-k020-island_0	214	1286	84	416	0.25	0.6
phylter-k020-island_0	160	1739	11	90	0.0505	0.9900990099009901
phylter-k020-island_0	128	1039	117	716	0.4165	0.6002400960384153
phylter-k020-island_0	890	1009	28	73	0.0505	0.9900990099009901
phylter-k020-island_0	615	719	309	357	0.333	0.6006006006006006
phylter-k020-island_0	1169	706	53	72	0.0625	0.808
phylter-k020-island_0	799	701	215	285	0.25	0.802
phylter-k020-island_0	911	715	175	199	0.187	0.8021390374331551
phylter-k020-island_0	48	1786	18	148	0.083	0.6024096385542168
phylter-k020-island_0	330	921	229	520	0.3745	0.801068090787717
phylter-k020-island_0	340	1494	42	124	0.083	0.6024096385542168
phylter-k020-island_0	830	337	559	274	0.4165	0.6002400960384153
phylter-k020-island_0	179	1447	58	316	0.187	0.8021390374331551
phylter-k020-island_0	658	593	368	381	0.3745	0.801068090787717
phylter-k020-island_0	359	1141	167	333	0.25	0.802
phylter-k020-island_0	81	1253	34	632	0.333	0.6006006006006006
phylter-k020-island_0	736	1139	39	86	0.0625	0.808
phylter-k020-island_0	905	845	119	131	0.125	0.804
phylter-k020-island_0	123	1377	45	455	0.25	0.6
phylter-k020-island_0	376	1119	75	430	0.2525	0.9900990099009901
phylter-k020-island_0	600	1150	69	181	0.125	0.804
phylter-k020-island_0	46	1829	27	98	0.0625	0.808
phylter-k020-island_0	499	1001	147	353	0.25	0.802
phylter-k020-island_0	149	1518	46	287	0.1665	0.6006006006006006
phylter-k020-island_0	222	1528	38	212	0.125	0.804
phylter-k020-island_0	1033	634	198	135	0.1665	0.6006006006006006
phylter-k020-island_0	422	1477	11	90	0.0505	0.9900990099009901
phylter-k020-island_0	134	1366	61	439	0.25	0.6
phylter-k020-island_0	940	686	192	182	0.187	0.8021390374331551
phylter-k020-island_0	419	956	233	392	0.3125	0.8016
phylter-k020-island_0	435	1065	159	341	0.25	0.802
phylter-k020-island_0	160	1436	73	331	0.202	0.9900990099009901
phylter-k020-island_0	940	894	28	138	0.083	0.6024096385542168
phylter-k020-island_0	767	733	197	303	0.25	0.802
phylter-k020-island_0	595	656	341	408	0.3745	0.801068090787717
phylter-k020-island_0	681	915	132	272	0.202	0.9900990099009901
phylter-k020-island_0	147	1687	24	142	0.083	0.6024096385542168
phylter-k020-island_0	704	547	341	408	0.3745	0.801068090787717
phylter-k020-island_0	370	630	357	643	0.5	0.6
phylter-k020-island_0	900	600	240	260	0.25	0.802
phylter-k020-island_0	684	942	140	234	0.187	0.8021390374331551
phylter-k020-island_0	731	769	239	261	0.25	0.802
phylter-k020-island_0	857	977	59	107	0.083	0.6024096385542168
phylter-k020-island_0	1245	505	146	104	0.125	0.804
phylter-k020-island_0	360	1015	166	459	0.3125	0.8016
phylter-k020-island_0	1127	540	204	129	0.1665	0.6006006006006006
phylter-k020-island_0	1082	544	210	164	0.187	0.8021390374331551
phylter-k020-island_0	553	447	471	529	0.5	0.6
phylter-k020-island_0	81	1669	15	235	0.125	0.804
phylter-k020-island_0	742	258	682	318	0.5	0.6
phylter-k020-island_0	67	1600	19	314	0.1665	0.6006006006006006
phylter-k050-island_0	1128	266	422	184	0.303	0.9900990099009901
phylter-k050-island_0	922	412	456	210	0.333	0.6006006006006006
phylter-k050-island_0	508	826	210	456	0.333	0.6006006006006006
phylter-k050-island_0	1061	333	382	224	0.303	0.9900990099009901
phylter-k050-island_0	1229	569	102	100	0.101	0.9900990099009901
phylter-k050-island_0	1361	265	272	102	0.187	0.8021390374331551
phylter-k050-island_0	1333	1	666	0	0.333	0.6006006006006006
phylter-k050-island_0	1182	652	85	81	0.083	0.6024096385542168
phylter-k050-island_0	604	1194	78	124	0.101	0.9900990099009901
phylter-k050-island_0	1822	12	165	1	0.083	0.6024096385542168
phylter-k050-island_0	296	1330	91	283	0.187	0.8021390374331551
phylter-k050-island_0	906	469	357	268	0.3125	0.8016
phylter-k050-island_0	1583	316	79	22	0.0505	0.9900990099009901
phylter-k050-island_0	1324	373	224	79	0.1515	0.9900990099009901
phylter-k050-island_0	1133	362	297	208	0.2525	0.9900990099009901
phylter-k050-island_0	1739	11	250	0	0.125	0.804
phylter-k050-island_0	744	882	128	246	0.187	0.8021390374331551
phylter-k050-island_0	1133	261	426	180	0.303	0.9900990099009901
phylter-k050-island_0	1124	472	241	163	0.202	0.9900990099009901
phylter-k050-island_0	1270	480	151	99	0.125	0.804
phylter-k050-island_0	1092	403	347	158	0.2525	0.9900990099009901
phylter-k050-island_0	395	1302	75	228	0.1515	0.9900990099009901
phylter-k050-island_0	1038	629	206	127	0.1665	0.6006006006006006
phylter-k050-island_0	1127	267	486	120	0.303	0.9900990099009901
phylter-k050-island_0	993	7	972	28	0.5	0.6
phylter-k050-island_0	647	1252	40	61	0.0505	0.9900990099009901
phylter-k050-island_0	1230	396	240	134	0.187	0.8021390374331551
phylter-k050-island_0	1207	293	357	143	0.25	0.802
phylter-k050-island_0	90	1785	23	102	0.0625	0.808
phylter-k050-island_0	620	976	163	241	0.202	0.9900990099009901
phylter-k050-island_0	542	625	418	415	0.4165	0.6002400960384153
phylter-k050-island_0	1127	248	452	173	0.3125	0.8016
phylter-k050-island_0	609	391	533	467	0.5	0.6
phylter-k050-island_0	597	570	411	422	0.4165	0.6002400960384153
phylter-k050-island_0	748	252	692	308	0.5	0.6
phylter-k050-island_0	201	1174	129	496	0.3125	0.8016
phylter-k050-island_0	917	583	245	255	0.25	0.802
phylter-k050-island_0	163	1712	27	98	0.0625	0.808
phylter-k050-island_0	1252	374	261	113	0.187	0.8021390374331551
phylter-k050-island_0	1384	10	586	20	0.303	0.9900990099009901
phylter-k050-island_0	1372	224	345	59	0.202	0.9900990099009901
phylter-k050-island_0	266	985	213	536	0.3745	0.801068090787717
phylter-k050-island_0	275	1100	146	479	0.3125	0.8016
phylter-k050-island_0	957	210	641	192	0.4165	0.6002400960384153
phylter-k050-island_0	1026	570	221	183	0.202	0.9900990099009901
phylter-k050-island_0	1004	871	19	106	0.0625	0.808
phylter-k050-island_0	823	511	405	261	0.333	0.6006006006006006
phylter-k050-island_0	1203	297	348	152	0.25	0.802
phylter-k050-island_0	852	148	823	177	0.5	0.6
phylter-k050-island_0	695	1103	73	129	0.101	0.9900990099009901
phylter-k050-island_0	916	680	201	203	0.202	0.9900990099009901
phylter-k050-island_0	1097	403	322	178	0.25	0.802
phylter-k050-island_0	1135	532	158	175	0.1665	0.6006006006006006
phylter-k050-island_0	666	1132	79	123	0.101	0.9900990099009901
phylter-k050-island_0	918	957	63	62	0.0625	0.808
phylter-k050-island_0	436	898	206	460	0.333	0.6006006006006006
phylter-k050-island_0	705	546	375	374	0.3745	0.801068090787717
phylter-k050-island_0	1067	308	433	192	0.3125	0.8016
phylter-k050-island_0	897	270	543	290	0.4165	0.6002400960384153
phylter-k050-island_0	1017	483	319	181	0.25	0.6
phylter-k050-island_0	836	831	169	164	0.1665	0.6006006006006006
phylter-k050-island_0	613	387	552	448	0.5	0.6
phylter-k050-island_0	1401	296	242	61	0.1515	0.9900990099009901
phylter-k050-island_0	1181	314	298	207	0.2525	0.9900990099009901
phylter-k050-island_0	1208	388	282	122	0.202	0.9900990099009901
phylter-k050-island_0	818	932	105	145	0.125	0.804
phylter-k050-island_0	1083	417	307	193	0.25	0.6
phylter-k050-island_0	1113	786	46	55	0.0505	0.9900990099009901
phylter-k050-island_0	1069	628	161	142	0.1515	0.9900990099009901
phylter-k050-island_0	103	1594	50	253	0.1515	0.9900990099009901
phylter-k050-island_0	1106	793	41	60	0.0505	0.9900990099009901
phylter-k050-island_0	696	804	232	268	0.25	0.6
phylter-k050-island_0	1003	372	406	219	0.3125	0.8016
phylter-k050-island_0	285	1382	73	260	0.1665	0.6006006006006006
phylter-k050-island_0	836	164	786	214	0.5	0.6
phylter-k050-island_0	1202	132	551	115	0.333	0.6006006006006006
phylter-k050-island_0	954	796	134	116	0.125	0.804
phylter-k050-island_0	1005	490	280	225	0.2525	0.9900990099009901
phylter-k050-island_0	1295	402	194	109	0.1515	0.9900990099009901
phylter-k050-island_0	994	257	479	270	0.3745	0.801068090787717
phylter-k050-island_0	777	1057	71	95	0.083	0.6024096385542168
phylter-k050-island_0	1066	268	478	188	0.333	0.6006006006006006
phylter-k050-island_0	705	1170	43	82	0.0625	0.808
phylter-k050-island_0	1495	0	505	0	0.2525	0.9900990099009901
phylter-k050-island_0	983	351	500	166	0.333	0.6006006006006006
phylter-k050-island_0	994	881	60	65	0.0625	0.808
phylter-k050-island_0	503	1295	64	138	0.101	0.9900990099009901
phylter-k050-island_0	1061	190	591	158	0.3745	0.801068090787717
phylter-k050-island_0	1035	799	37	129	0.083	0.6024096385542168
phylter-k050-island_0	1007	387	367	239	0.303	0.9900990099009901
phylter-k050-island_0	1165	502	182	151	0.1665	0.6006006006006006
phylter-k050-island_0	621	379	609	391	0.5	0.6
phylter-k050-island_0	540	955	154	351	0.2525	0.9900990099009901
phylter-k050-island_0	683	817	222	278	0.25	0.6
phylter-k050-island_0	735	1063	76	126	0.101	0.9900990099009901
phylter-k050-island_0	586	914	191	309	0.25	0.6
phylter-k050-island_0	1798	0	202	0	0.101	0.9900990099009901
phylter-k050-island_0	745	506	346	403	0.3745	0.801068090787717
phylter-k050-island_0	649	1018	125	208	0.1665	0.6006006006006006
phylter-k050-island_0	135	1740	27	98	0.0625	0.808
phylter-k050-island_0	851	543	312	294	0.303	0.9900990099009901
phylter-k050-island_0	1210	285	383	122	0.2525	0.9900990099009901
phylter-k050-island_0	771	926	116	187	0.1515	0.9900990099009901
phylter-k050-island_0	1667	0	333	0	0.1665	0.6006006006006006
phylter-k050-island_0	778	389	478	355	0.4165	0.6002400960384153
phylter-k050-island_0	1015	319	482	184	0.333	0.6006006006006006
phylter-k050-island_0	560	834	197	409	0.303	0.9900990099009901
phylter-k050-island_0	443	1355	70	132	0.101	0.9900990099009901
phylter-k050-island_0	1251	124	519	106	0.3125	0.8016
phylter-k050-island_0	1498	2	499	1	0.25	0.6
phylter-k050-island_0	580	920	198	302	0.25	0.6
phylter-k050-island_0	1006	893	53	48	0.0505	0.9900990099009901
phylter-k050-island_0	1009	789	98	104	0.101	0.9900990099009901
phylter-k050-island_0	966	933	0	101	0.0505	0.9900990099009901
phylter-k050-island_0	970	929	0	101	0.0505	0.9900990099009901
phylter-k050-island_0	1215	285	366	134	0.25	0.6
phylter-k050-island_0	306	1391	60	243	0.1515	0.9900990099009901
phylter-k050-island_0	340	1155	130	375	0.2525	0.9900990099009901
phylter-k050-island_0	1400	196	283	121	0.202	0.9900990099009901
phylter-k050-island_0	1021	373	400	206	0.303	0.9900990099009901
phylter-k050-island_0	690	477	418	415	0.4165	0.6002400960384153
phylter-k050-island_0	590	1077	135	198	0.1665	0.6006006006006006
phylter-k050-island_0	391	776	300	533	0.4165	0.6002400960384153
phylter-k050-island_0	1172	328	365	135	0.25	0.6
phylter-k050-island_0	1107	393	361	139	0.25	0.6
phylter-k050-island_0	996	903	56	45	0.0505	0.9900990099009901
phylter-k050-island_0	802	573	356	269	0.3125	0.8016
phylter-k050-island_0	383	1284	91	242	0.1665	0.6006006006006006
phylter-k050-island_0	948	927	64	61	0.0625	0.808
phylter-k050-island_0	817	517	375	291	0.333	0.6006006006006006
phylter-k050-island_0	1237	359	260	144	0.202	0.9900990099009901
phylter-k050-island_0	1339	536	74	51	0.0625	0.808
phylter-k050-island_0	677	657	331	335	0.333	0.6006006006006006
phylter-k050-island_0	596	798	242	364	0.303	0.9900990099009901
phylter-k050-island_0	1282	314	283	121	0.202	0.9900990099009901
phylter-k050-island_0	644	1255	41	60	0.0505	0.9900990099009901
phylter-k050-island_0	728	772	191	309	0.25	0.6
phylter-k050-island_0	872	503	380	245	0.3125	0.8016
phylter-k050-island_0	1096	399	298	207	0.2525	0.9900990099009901
phylter-k050-island_0	639	1058	117	186	0.1515	0.9900990099009901
phylter-k050-island_0	483	517	492	508	0.5	0.6
phylter-k050-island_0	1167	227	449	157	0.303	0.9900990099009901
phylter-k050-island_0	366	1432	54	148	0.101	0.9900990099009901
phylter-k050-island_0	873	378	474	275	0.3745	0.801068090787717
phylter-k050-island_0	251	1583	36	130	0.083	0.6024096385542168
phylter-k050-island_0	689	478	453	380	0.4165	0.6002400960384153
phylter-k050-island_0	627	1272	39	62	0.0505	0.9900990099009901
phylter-k050-island_0	1118	680	114	88	0.101	0.9900990099009901
phylter-k050-island_0	1015	884	1	100	0.0505	0.9900990099009901
phylter-k050-island_0	472	1225	94	209	0.1515	0.9900990099009901
phylter-k050-island_0	851	644	252	253	0.2525	0.9900990099009901
phylter-k050-island_0	1036	358	395	211	0.303	0.9900990099009901
phylter-k050-island_0	854	146	780	220	0.5	0.6
phylter-k050-island_0	231	1668	23	78	0.0505	0.9900990099009901
phylter-k050-island_0	568	599	407	426	0.4165	0.6002400960384153
phylter-k050-island_0	878	920	63	139	0.101	0.9900990099009901
phylter-k050-island_0	1017	817	30	136	0.083	0.6024096385542168
phylter-k050-island_0	848	403	465	284	0.3745	0.801068090787717
phylter-k050-island_0	658	717	294	331	0.3125	0.8016
phylter-k050-island_0	635	991	118	256	0.187	0.8021390374331551
phylter-k050-island_0	1272	324	270	134	0.202	0.9900990099009901
phylter-k050-island_0	1329	368	195	108	0.1515	0.9900990099009901
phylter-k050-island_0	165	1585	37	213	0.125	0.804
phylter-k050-island_0	1286	340	260	114	0.187	0.8021390374331551
phylter-k050-island_0	782	713	251	254	0.2525	0.9900990099009901
phylter-k050-island_0	1189	561	141	109	0.125	0.804
phylter-k050-island_0	259	1337	82	322	0.202	0.9900990099009901
phylter-k050-island_0	248	919	235	598	0.4165	0.6002400960384153
phylter-k050-island_0	922	329	484	265	0.3745	0.801068090787717
phylter-k050-island_0	1130	245	458	167	0.3125	0.8016
phylter-k050-island_0	553	1197	82	168	0.125	0.804
phylter-k050-island_0	1038	462	322	178	0.25	0.802
phylter-k050-island_0	1358	268	299	75	0.187	0.8021390374331551
phylter-k050-island_0	1192	183	476	149	0.3125	0.8016
phylter-k050-island_0	553	698	346	403	0.3745	0.801068090787717
phylter-k050-island_0	1430	404	128	38	0.083	0.6024096385542168
phylter-k050-island_0	1156	440	261	143	0.202	0.9900990099009901
phylter-k050-island_0	412	839	211	538	0.3745	0.801068090787717
phylter-k050-island_0	322	1512	37	129	0.083	0.6024096385542168
phylter-k050-island_0	923	673	244	160	0.202	0.9900990099009901
phylter-k050-island_0	803	572	336	289	0.3125	0.8016
phylter-k050-island_0	586	1081	109	224	0.1665	0.6006006006006006
phylter-k050-island_0	1166	460	240	134	0.187	0.8021390374331551
phylter-k050-island_0	565	935	215	285	0.25	0.802
phylter-k050-island_0	864	636	252	248	0.25	0.802
phylter-k050-island_0	762	1036	88	114	0.101	0.9900990099009901
phylter-k050-island_0	461	539	388	612	0.5	0.6
phylter-k050-island_0	597	1153	66	184	0.125	0.804
phylter-k050-island_0	1064	603	210	123	0.1665	0.6006006006006006
phylter-k050-island_0	454	1046	177	323	0.25	0.802
phylter-k050-island_0	672	328	595	405	0.5	0.6
phylter-k050-island_0	1384	366	198	52	0.125	0.804
phylter-k050-island_0	1596	0	404	0	0.202	0.9900990099009901
phylter-k050-island_0	1176	324	363	137	0.25	0.802
phylter-k050-island_0	925	326	519	230	0.3745	0.801068090787717
phylter-k050-island_0	239	1261	123	377	0.25	0.802
phylter-k050-island_0	961	914	57	68	0.0625	0.808
phylter-k050-island_0	801	533	352	314	0.333	0.6006006006006006
phylter-k050-island_0	842	409	432	317	0.3745	0.801068090787717
phylter-k050-island_0	986	848	27	139	0.083	0.6024096385542168
phylter-k050-island_0	1207	419	272	102	0.187	0.8021390374331551
phylter-k050-island_0	540	1086	98	276	0.187	0.8021390374331551
phylter-k050-island_0	865	635	258	242	0.25	0.6
phylter-k050-island_0	529	1305	53	113	0.083	0.6024096385542168
phylter-k050-island_0	1505	370	80	45	0.0625	0.808
phylter-k050-island_0	1096	238	471	195	0.333	0.6006006006006006
phylter-k050-island_0	592	1075	129	204	0.1665	0.6006006006006006
phylter-k050-island_0	1231	269	339	161	0.25	0.802
phylter-k050-island_0	971	529	265	235	0.25	0.6
phylter-k050-island_0	1625	1	371	3	0.187	0.8021390374331551
phylter-k050-island_0	639	612	395	354	0.3745	0.801068090787717
phylter-k050-island_0	547	1120	121	212	0.1665	0.6006006006006006
phylter-k050-island_0	786	964	100	150	0.125	0.804
phylter-k050-island_0	1044	290	469	197	0.333	0.6006006006006006
phylter-k050-island_0	1667	0	333	0	0.1665	0.6006006006006006
phylter-k050-island_0	978	772	133	117	0.125	0.804
phylter-k050-island_0	1434	66	492	8	0.25	0.6
phylter-k050-island_0	725	1109	60	106	0.083	0.6024096385542168
phylter-k050-island_0	737	763	253	247	0.25	0.6
phylter-k050-island_0	677	490	471	362	0.4165	0.6002400960384153
phylter-k050-island_0	622	878	192	308	0.25	0.6
phylter-k050-island_0	630	745	270	355	0.3125	0.8016
phylter-k050-island_0	1009	866	50	75	0.0625	0.808
phylter-k050-island_0	1330	4	663	3	0.333	0.6006006006006006
phylter-k050-island_0	632	1035	129	204	0.1665	0.6006006006006006
phylter-k050-island_0	752	844	187	217	0.202	0.9900990099009901
phylter-k050-island_0	1102	292	449	157	0.303	0.9900990099009901
phylter-k050-island_0	1869	6	124	1	0.0625	0.808
phylter-k050-island_0	790	544	357	309	0.333	0.6006006006006006
phylter-k050-island_0	542	1054	155	249	0.202	0.9900990099009901
phylter-k050-island_0	334	833	263	570	0.4165	0.6002400960384153
phylter-k050-island_0	1050	849	15	86	0.0505	0.9900990099009901
phylter-k050-island_0	603	772	262	363	0.3125	0.8016
phylter-k050-island_0	956	741	145	158	0.1515	0.9900990099009901
phylter-k050-island_0	466	1029	168	337	0.2525	0.9900990099009901
phylter-k050-island_0	1168	226	464	142	0.303	0.9900990099009901
phylter-k050-island_0	906	428	387	279	0.333	0.6006006006006006
phylter-k050-island_0	1068	99	686	147	0.4165	0.6002400960384153
phylter-k050-island_0	477	1190	77	256	0.1665	0.6006006006006006
phylter-k050-island_0	871	504	324	301	0.3125	0.8016
phylter-k050-island_0	915	883	102	100	0.101	0.9900990099009901
phylter-k050-island_0	957	942	38	63	0.0505	0.9900990099009901
phylter-k050-island_0	1500	0	500	0	0.25	0.6
phylter-k050-island_0	165	1335	100	400	0.25	0.6
phylter-k050-island_0	1506	292	155	47	0.101	0.9900990099009901
phylter-k050-island_0	586	914	172	328	0.25	0.6
phylter-k050-island_0	740	1159	23	78	0.0505	0.9900990099009901
phylter-k050-island_0	966	933	40	61	0.0505	0.9900990099009901
phylter-k050-island_0	283	1313	109	295	0.202	0.9900990099009901
phylter-k050-island_0	965	530	292	213	0.2525	0.9900990099009901
phylter-k050-island_0	919	778	137	166	0.1515	0.9900990099009901
phylter-k050-island_0	617	1050	125	208	0.1665	0.6006006006006006
phylter-k050-island_0	765	402	509	324	0.4165	0.6002400960384153
phylter-k050-island_0	897	497	324	282	0.303	0.9900990099009901
phylter-k050-island_0	882	1017	35	66	0.0505	0.9900990099009901
phylter-k050-island_0	658	509	426	407	0.4165	0.6002400960384153
phylter-k050-island_0	271	1563	42	124	0.083	0.6024096385542168
phylter-k050-island_0	797	578	313	312	0.3125	0.8016
phylter-k050-island_0	768	483	481	268	0.3745	0.801068090787717
phylter-k050-island_0	995	803	95	107	0.101	0.9900990099009901
phylter-k050-island_0	348	1278	98	276	0.187	0.8021390374331551
phylter-k050-island_0	1023	727	33	217	0.125	0.804
phylter-k050-island_0	615	1082	133	170	0.1515	0.9900990099009901
phylter-k050-island_0	1097	499	228	176	0.202	0.9900990099009901
phylter-k050-island_0	424	1202	138	236	0.187	0.8021390374331551
phylter-k050-island_0	1130	466	243	161	0.202	0.9900990099009901
phylter-k050-island_0	116	1379	83	422	0.2525	0.9900990099009901
phylter-k050-island_0	1201	549	126	124	0.125	0.804
phylter-k050-island_0	536	631	352	481	0.4165	0.6002400960384153
phylter-k050-island_0	1328	506	105	61	0.083	0.6024096385542168
phylter-k050-island_0	1072	303	432	193	0.3125	0.8016
phylter-k050-island_0	1136	115	557	192	0.3745	0.801068090787717
phylter-k050-island_0	1064	633	150	153	0.1515	0.9900990099009901
phylter-k050-island_0	889	606	231	274	0.2525	0.9900990099009901
phylter-k050-island_0	604	396	526	474	0.5	0.6
phylter-k050-island_0	823	428	408	341	0.3745	0.801068090787717
phylter-k050-island_0	956	878	30	136	0.083	0.6024096385542168
phylter-k050-island_0	545	1253	69	133	0.101	0.9900990099009901
phylter-k050-island_0	580	587	417	416	0.4165	0.6002400960384153
phylter-k050-island_0	694	1205	52	49	0.0505	0.9900990099009901
phylter-k050-island_0	379	1419	64	138	0.101	0.9900990099009901
phylter-k050-island_0	122	1777	17	84	0.0505	0.9900990099009901
phylter-k050-island_0	1118	377	357	148	0.2525	0.9900990099009901
phylter-k050-island_0	685	1012	96	207	0.1515	0.9900990099009901
phylter-k050-island_0	700	300	680	320	0.5	0.6
phylter-k050-island_0	565	829	233	373	0.303	0.9900990099009901
phylter-k050-island_0	353	1147	160	340	0.25	0.802
phylter-k050-island_0	962	705	200	133	0.1665	0.6006006006006006
phylter-k050-island_0	859	141	780	220	0.5	0.6
phylter-k050-island_0	848	902	108	142	0.125	0.804
phylter-k050-island_0	585	415	505	495	0.5	0.6
phylter-k050-island_0	1111	389	343	157	0.25	0.802
phylter-k050-island_0	339	1328	94	239	0.1665	0.6006006006006006
phylter-k050-island_0	206	1544	43	207	0.125	0.804
phylter-k050-island_0	1214	286	349	151	0.25	0.802
phylter-k050-island_0	996	600	228	176	0.202	0.9900990099009901
phylter-k050-island_0	618	633	397	352	0.3745	0.801068090787717
phylter-k050-island_0	888	862	102	148	0.125	0.804
phylter-k050-island_0	747	628	324	301	0.3125	0.8016
phylter-k050-island_0	1303	323	258	116	0.187	0.8021390374331551
phylter-k050-island_0	735	765	211	289	0.25	0.802
phylter-k050-island_0	451	800	245	504	0.3745	0.801068090787717
phylter-k050-island_0	978	856	33	133	0.083	0.6024096385542168
phylter-k050-island_0	1057	194	563	186	0.3745	0.801068090787717
phylter-k050-island_0	1163	671	88	78	0.083	0.6024096385542168
phylter-k050-island_0	1208	388	266	138	0.202	0.9900990099009901
phylter-k050-island_0	597	903	203	297	0.25	0.802
phylter-k050-island_0	1661	6	332	1	0.1665	0.6006006006006006
phylter-k050-island_0	1195	431	214	160	0.187	0.8021390374331551
phylter-k050-island_0	1118	257	474	151	0.3125	0.8016
phylter-k050-island_0	1048	578	208	166	0.187	0.8021390374331551
phylter-k050-island_0	760	740	248	252	0.25	0.6
phylter-k050-island_0	1250	1	746	3	0.3745	0.801068090787717
phylter-k050-island_0	206	1461	66	267	0.1665	0.6006006006006006
phylter-k050-island_0	932	818	111	139	0.125	0.804
phylter-k050-island_0	1596	71	327	6	0.1665	0.6006006006006006
phylter-k050-island_0	590	744	240	426	0.333	0.6006006006006006
phylter-k050-island_0	1750	0	250	0	0.125	0.804
phylter-k050-island_0	358	1476	46	120	0.083	0.6024096385542168
phylter-k050-island_0	778	722	224	276	0.25	0.6
phylter-k050-island_0	335	1540	24	101	0.0625	0.808
phylter-k050-island_0	829	505	361	305	0.333	0.6006006006006006
phylter-k050-island_0	1247	253	345	155	0.25	0.802
phylter-k050-island_0	982	269	569	180	0.3745	0.801068090787717
phylter-k050-island_0	995	380	366	259	0.3125	0.8016
phylter-k050-island_0	733	893	184	190	0.187	0.8021390374331551
phylter-k050-island_0	271	1563	36	130	0.083	0.6024096385542168
phylter-k050-island_0	997	254	535	214	0.3745	0.801068090787717
phylter-k050-island_0	1132	702	88	78	0.083	0.6024096385542168
phylter-k050-island_0	229	1271	77	423	0.25	0.6
phylter-k050-island_0	1212	384	265	139	0.202	0.9900990099009901
phylter-k050-island_0	669	831	220	280	0.25	0.802
phylter-k050-island_0	1271	396	226	107	0.1665	0.6006006006006006
phylter-k050-island_0	1059	816	8	117	0.0625	0.808
phylter-k050-island_0	1032	302	492	174	0.333	0.6006006006006006
phylter-k050-island_0	267	1067	149	517	0.333	0.6006006006006006
phylter-k050-island_0	1094	532	203	171	0.187	0.8021390374331551
phylter-k050-island_0	1386	448	104	62	0.083	0.6024096385542168
phylter-k050-island_0	1233	565	103	99	0.101	0.9900990099009901
phylter-k050-island_0	1385	449	110	56	0.083	0.6024096385542168
phylter-k050-island_0	649	602	359	390	0.3745	0.801068090787717
phylter-k050-island_0	707	919	174	200	0.187	0.8021390374331551
phylter-k050-island_0	1728	70	199	3	0.101	0.9900990099009901
phylter-k050-island_0	937	397	444	222	0.333	0.6006006006006006
phylter-k050-island_0	1160	234	438	168	0.303	0.9900990099009901
phylter-k050-island_0	991	403	413	193	0.303	0.9900990099009901
phylter-k050-island_0	565	1233	73	129	0.101	0.9900990099009901
phylter-k050-island_0	1051	449	295	205	0.25	0.802
phylter-k050-island_0	1029	846	15	110	0.0625	0.808
phylter-k050-island_0	1117	509	211	163	0.187	0.8021390374331551
phylter-k050-island_0	747	849	160	244	0.202	0.9900990099009901
phylter-k050-island_0	958	209	617	216	0.4165	0.6002400960384153
phylter-k050-island_0	908	467	382	243	0.3125	0.8016
phylter-k050-island_0	639	528	445	388	0.4165	0.6002400960384153
phylter-k050-island_0	795	580	301	324	0.3125	0.8016
phylter-k050-island_0	699	301	642	358	0.5	0.6
phylter-k050-island_0	831	503	370	296	0.333	0.6006006006006006
phylter-k050-island_0	565	829	234	372	0.303	0.9900990099009901
phylter-k050-island_0	328	1298	111	263	0.187	0.8021390374331551
phylter-k050-island_0	1140	360	330	170	0.25	0.802
phylter-k050-island_0	810	1065	53	72	0.0625	0.808
phylter-k050-island_0	1064	532	219	185	0.202	0.9900990099009901
phylter-k050-island_0	1117	258	435	190	0.3125	0.8016
phylter-k050-island_0	1358	541	71	30	0.0505	0.9900990099009901
phylter-k050-island_0	1335	415	160	90	0.125	0.804
phylter-k050-island_0	1058	437	347	158	0.2525	0.9900990099009901
phylter-k050-island_0	516	1181	100	203	0.1515	0.9900990099009901
phylter-k050-island_0	1148	478	242	132	0.187	0.8021390374331551
phylter-k050-island_0	656	1041	119	184	0.1515	0.9900990099009901
phylter-k050-island_0	1044	451	317	188	0.2525	0.9900990099009901
phylter-k050-island_0	728	868	146	258	0.202	0.9900990099009901
phylter-k050-island_0	1152	598	134	116	0.125	0.804
phylter-k050-island_0	553	841	255	351	0.303	0.9900990099009901
phylter-k050-island_0	295	705	311	689	0.5	0.6
phylter-k050-island_0	177	1722	25	76	0.0505	0.9900990099009901
phylter-k050-island_0	898	602	271	229	0.25	0.6
phylter-k050-island_0	379	1288	92	241	0.1665	0.6006006006006006
phylter-k050-island_0	431	569	402	598	0.5	0.6
phylter-k050-island_0	770	826	153	251	0.202	0.9900990099009901
phylter-k050-island_0	132	1618	28	222	0.125	0.804
phylter-k050-island_0	1023	472	329	176	0.2525	0.9900990099009901
phylter-k050-island_0	1275	422	190	113	0.1515	0.9900990099009901
phylter-k050-island_0	628	1069	102	201	0.1515	0.9900990099009901
phylter-k050-island_0	1887	12	101	0	0.0505	0.9900990099009901
phylter-k050-island_0	631	869	193	307	0.25	0.6
phylter-k050-island_0	789	711	230	270	0.25	0.6
phylter-k050-island_0	1303	596	59	42	0.0505	0.9900990099009901
phylter-k050-island_0	1697	0	303	0	0.1515	0.9900990099009901
phylter-k050-island_0	756	619	343	282	0.3125	0.8016
phylter-k050-island_0	591	743	266	400	0.333	0.6006006006006006
phylter-k050-island_0	776	891	160	173	0.1665	0.6006006006006006
phylter-k050-island_0	263	737	286	714	0.5	0.6
phylter-k050-island_0	1251	446	187	116	0.1515	0.9900990099009901
phylter-k050-island_0	1224	271	405	100	0.2525	0.9900990099009901
phylter-k050-island_0	958	792	115	135	0.125	0.804
phylter-k050-island_0	906	469	305	320	0.3125	0.8016
phylter-k050-island_0	1057	194	544	205	0.3745	0.801068090787717
phylter-k050-island_0	766	401	475	358	0.4165	0.6002400960384153
phylter-k050-island_0	1587	9	398	6	0.202	0.9900990099009901
phylter-k050-island_0	246	754	322	678	0.5	0.6
phylter-k050-island_0	1045	455	298	202	0.25	0.802
phylter-k050-island_0	1338	460	105	97	0.101	0.9900990099009901
phylter-k050-island_0	457	1418	26	99	0.0625	0.808
phylter-k050-island_0	744	590	346	320	0.333	0.6006006006006006
phylter-k050-island_0	1252	344	234	170	0.202	0.9900990099009901
phylter-k050-island_0	632	1243	44	81	0.0625	0.808
phylter-k050-island_0	427	907	231	435	0.333	0.6006006006006006
phylter-k050-island_0	817	850	161	172	0.1665	0.6006006006006006
phylter-k050-island_0	254	1246	96	404	0.25	0.802
phylter-k050-island_0	1039	759	2	200	0.101	0.9900990099009901
phylter-k050-island_0	1127	248	483	142	0.3125	0.8016
phylter-k050-island_0	717	534	388	361	0.3745	0.801068090787717
phylter-k050-island_0	935	232	588	245	0.4165	0.6002400960384153
phylter-k050-island_0	450	1050	131	369	0.25	0.6
phylter-k050-island_0	420	1247	80	253	0.1665	0.6006006006006006
phylter-k050-island_0	129	871	191	809	0.5	0.6
phylter-k050-island_0	1110	284	402	204	0.303	0.9900990099009901
phylter-k050-island_0	468	1032	170	330	0.25	0.6
phylter-k050-island_0	969	829	87	115	0.101	0.9900990099009901
phylter-k050-island_0	981	519	302	198	0.25	0.6
phylter-k050-island_0	594	657	374	375	0.3745	0.801068090787717
phylter-k050-island_0	526	1272	52	150	0.101	0.9900990099009901
phylter-k050-island_0	334	1060	161	445	0.303	0.9900990099009901
phylter-k050-island_0	1144	731	60	65	0.0625	0.808
phylter-k050-island_0	786	881	133	200	0.1665	0.6006006006006006
phylter-k050-island_0	682	318	605	395	0.5	0.6
phylter-k050-island_0	1158	337	368	137	0.2525	0.9900990099009901
phylter-k050-island_0	663	588	363	386	0.3745	0.801068090787717
phylter-k050-island_0	1273	561	96	70	0.083	0.6024096385542168
phylter-k050-island_0	493	841	234	432	0.333	0.6006006006006006
phylter-k050-island_0	976	899	15	110	0.0625	0.808
phylter-k050-island_0	173	1322	113	392	0.2525	0.9900990099009901
phylter-k050-island_0	692	642	337	329	0.333	0.6006006006006006
phylter-k050-island_0	1435	440	79	46	0.0625	0.808
phylter-k050-island_0	501	750	307	442	0.3745	0.801068090787717
phylter-k050-island_0	803	995	79	123	0.101	0.9900990099009901
phylter-k050-island_0	1031	803	75	91	0.083	0.6024096385542168
phylter-k050-island_0	998	377	386	239	0.3125	0.8016
phylter-k050-island_0	1011	240	518	231	0.3745	0.801068090787717
phylter-k050-island_0	1002	832	87	79	0.083	0.6024096385542168
phylter-k050-island_0	828	339	548	285	0.4165	0.6002400960384153
phylter-k050-island_0	693	1141	62	104	0.083	0.6024096385542168
phylter-k050-island_0	867	729	191	213	0.202	0.9900990099009901
phylter-k050-island_0	1374	376	163	87	0.125	0.804
phylter-k050-island_0	439	561	462	538	0.5	0.6
phylter-k050-island_0	769	625	293	313	0.303	0.9900990099009901
phylter-k050-island_0	1385	241	264	110	0.187	0.8021390374331551
phylter-k050-island_0	1132	618	145	105	0.125	0.804
phylter-k050-island_0	586	1010	166	238	0.202	0.9900990099009901
phylter-k050-island_0	1626	0	374	0	0.187	0.8021390374331551
phylter-k050-island_0	908	467	366	259	0.3125	0.8016
phylter-k050-island_0	868	383	423	326	0.3745	0.801068090787717
phylter-k050-island_0	1025	809	41	125	0.083	0.6024096385542168
phylter-k050-island_0	505	662	341	492	0.4165	0.6002400960384153
phylter-k050-island_0	742	258	668	332	0.5	0.6
phylter-k050-island_0	635	759	287	319	0.303	0.9900990099009901
phylter-k050-island_0	845	751	204	200	0.202	0.9900990099009901
phylter-k050-island_0	471	1226	97	206	0.1515	0.9900990099009901
phylter-k050-island_0	1172	323	362	143	0.2525	0.9900990099009901
phylter-k050-island_0	673	1226	50	51	0.0505	0.9900990099009901
phylter-k050-island_0	1081	717	96	106	0.101	0.9900990099009901
phylter-k050-island_0	467	1432	33	68	0.0505	0.9900990099009901
phylter-k050-island_0	877	498	368	257	0.3125	0.8016
phylter-k050-island_0	300	1498	61	141	0.101	0.9900990099009901
phylter-k050-island_0	830	564	307	299	0.303	0.9900990099009901
phylter-k050-island_0	447	1179	102	272	0.187	0.8021390374331551
phylter-k050-island_0	221	779	186	814	0.5	0.6
phylter-k050-island_0	1261	234	364	141	0.2525	0.9900990099009901
phylter-k050-island_0	1745	5	246	4	0.125	0.804
phylter-k050-island_0	857	840	132	171	0.1515	0.9900990099009901
phylter-k050-island_0	1101	399	338	162	0.25	0.6
phylter-k050-island_0	642	525	429	404	0.4165	0.6002400960384153
phylter-k050-island_0	260	1639	15	86	0.0505	0.9900990099009901
phylter-k050-island_0	1017	579	204	200	0.202	0.9900990099009901
phylter-k050-island_0	1278	217	356	149	0.2525	0.9900990099009901
phylter-k050-island_0	1157	343	379	121	0.25	0.802
phylter-k050-island_0	713	454	444	389	0.4165	0.6002400960384153
phylter-k050-island_0	1034	300	441	225	0.333	0.6006006006006006
phylter-k050-island_0	920	955	10	115	0.0625	0.808
phylter-k050-island_0	794	903	117	186	0.1515	0.9900990099009901
phylter-k050-island_0	1271	325	289	115	0.202	0.9900990099009901
phylter-k050-island_0	958	376	452	214	0.333	0.6006006006006006
phylter-k050-island_0	1088	787	72	53	0.0625	0.808
phylter-k050-island_0	864	511	395	230	0.3125	0.8016
phylter-k050-island_0	146	1652	40	162	0.101	0.9900990099009901
phylter-k050-island_0	354	1545	25	76	0.0505	0.9900990099009901
phylter-k050-island_0	695	1204	52	49	0.0505	0.9900990099009901
phylter-k050-island_0	557	610	353	480	0.4165	0.6002400960384153
phylter-k050-island_0	1193	307	367	133	0.25	0.6
phylter-k050-island_0	792	375	563	270	0.4165	0.6002400960384153
phylter-k050-island_0	1657	10	333	0	0.1665	0.6006006006006006
phylter-k050-island_0	1030	364	389	217	0.303	0.9900990099009901
phylter-k050-island_0	386	1311	91	212	0.1515	0.9900990099009901
phylter-k050-island_0	1079	416	344	161	0.2525	0.9900990099009901
phylter-k050-island_0	1223	277	368	132	0.25	0.6
phylter-k050-island_0	242	1657	32	69	0.0505	0.9900990099009901
phylter-k050-island_0	1242	556	139	63	0.101	0.9900990099009901
phylter-k050-island_0	1039	128	673	160	0.4165	0.6002400960384153
phylter-k050-island_0	1479	420	63	38	0.0505	0.9900990099009901
phylter-k050-island_0	1038	462	334	166	0.25	0.6
phylter-k050-island_0	281	1517	50	152	0.101	0.9900990099009901
phylter-k050-island_0	787	1088	57	68	0.0625	0.808
phylter-k050-island_0	1068	326	411	195	0.303	0.9900990099009901
phylter-k050-island_0	814	853	160	173	0.1665	0.6006006006006006
phylter-k050-island_0	1268	227	333	172	0.2525	0.9900990099009901
phylter-k050-island_0	1100	597	152	151	0.1515	0.9900990099009901
phylter-k050-island_0	942	808	136	114	0.125	0.804
phylter-k050-island_0	775	725	229	271	0.25	0.6
phylter-k050-island_0	1164	586	158	92	0.125	0.804
phylter-k050-island_0	475	1192	86	247	0.1665	0.6006006006006006
phylter-k050-island_0	412	1088	174	326	0.25	0.802
phylter-k050-island_0	1392	483	84	41	0.0625	0.808
phylter-k050-island_0	1055	642	174	129	0.1515	0.9900990099009901
phylter-k050-island_0	883	867	135	115	0.125	0.804
phylter-k050-island_0	904	763	160	173	0.1665	0.6006006006006006
phylter-k050-island_0	422	1078	197	303	0.25	0.6
phylter-k050-island_0	238	1262	123	377	0.25	0.802
phylter-k050-island_0	380	954	231	435	0.333	0.6006006006006006
phylter-k050-island_0	1808	67	121	4	0.0625	0.808
phylter-k050-island_0	948	886	70	96	0.083	0.6024096385542168
phylter-k050-island_0	1143	483	220	154	0.187	0.8021390374331551
phylter-k050-island_0	425	826	301	448	0.3745	0.801068090787717
phylter-k050-island_0	398	1228	102	272	0.187	0.8021390374331551
phylter-k050-island_0	591	1243	63	103	0.083	0.6024096385542168
phylter-k050-island_0	1086	165	574	175	0.3745	0.801068090787717
phylter-k050-island_0	891	443	376	290	0.333	0.6006006006006006
phylter-k050-island_0	1458	417	71	54	0.0625	0.808
phylter-k050-island_0	955	545	310	190	0.25	0.802
phylter-k050-island_0	1194	556	142	108	0.125	0.804
phylter-k050-island_0	869	965	71	95	0.083	0.6024096385542168
phylter-k050-island_0	1122	378	352	148	0.25	0.802
phylter-k050-island_0	1370	380	183	67	0.125	0.804
phylter-k050-island_0	199	801	270	730	0.5	0.6
phylter-k050-island_0	970	697	77	256	0.1665	0.6006006006006006
phylter-k050-island_0	1013	381	404	202	0.303	0.9900990099009901
phylter-k050-island_0	549	1077	121	253	0.187	0.8021390374331551
phylter-k050-island_0	1374	1	622	3	0.3125	0.8016
phylter-k050-island_0	892	858	91	159	0.125	0.804
phylter-k050-island_0	1301	366	230	103	0.1665	0.6006006006006006
phylter-k050-island_0	719	281	760	240	0.5	0.6
phylter-k050-island_0	589	911	167	333	0.25	0.802
phylter-k050-island_0	894	606	269	231	0.25	0.802
phylter-k050-island_0	1081	294	446	179	0.3125	0.8016
phylter-k050-island_0	1626	0	374	0	0.187	0.8021390374331551
phylter-k050-island_0	1500	0	500	0	0.25	0.802
phylter-k050-island_0	1190	406	283	121	0.202	0.9900990099009901
phylter-k050-island_0	816	1018	80	86	0.083	0.6024096385542168
phylter-k050-island_0	253	998	191	558	0.3745	0.801068090787717
phylter-k050-island_0	1387	209	300	104	0.202	0.9900990099009901
phylter-k050-island_0	787	1047	57	109	0.083	0.6024096385542168
phylter-k050-island_0	540	711	291	458	0.3745	0.801068090787717
phylter-k050-island_0	688	938	140	234	0.187	0.8021390374331551
phylter-k050-island_0	772	603	306	319	0.3125	0.8016
phylter-k050-island_0	1135	365	337	163	0.25	0.802
phylter-k050-island_0	316	684	341	659	0.5	0.6
phylter-k050-island_0	870	625	225	280	0.2525	0.9900990099009901
phylter-k050-island_0	681	915	191	213	0.202	0.9900990099009901
phylter-k050-island_0	340	1410	63	187	0.125	0.804
phylter-k050-island_0	702	924	157	217	0.187	0.8021390374331551
phylter-k050-island_0	1228	647	72	53	0.0625	0.808
phylter-k050-island_0	906	594	270	230	0.25	0.802
phylter-k050-island_0	617	758	306	319	0.3125	0.8016
phylter-k050-island_0	257	743	268	732	0.5	0.6
phylter-k050-island_0	742	425	454	379	0.4165	0.6002400960384153
phylter-k050-island_0	881	119	793	207	0.5	0.6
phylter-k050-island_0	266	1109	142	483	0.3125	0.8016
phylter-k050-island_0	977	922	42	59	0.0505	0.9900990099009901
phylter-k050-island_0	1025	142	740	93	0.4165	0.6002400960384153
phylter-k050-island_0	398	1198	119	285	0.202	0.9900990099009901
phylter-k050-island_0	445	1252	59	244	0.1515	0.9900990099009901
phylter-k050-island_0	318	1557	32	93	0.0625	0.808
phylter-k050-island_0	1295	205	413	87	0.25	0.802
phylter-k050-island_0	1206	420	229	145	0.187	0.8021390374331551
phylter-k050-island_0	1531	368	56	45	0.0505	0.9900990099009901
phylter-k050-island_0	1022	372	405	201	0.303	0.9900990099009901
phylter-k050-island_0	1292	203	406	99	0.2525	0.9900990099009901
phylter-k050-island_0	378	1319	73	230	0.1515	0.9900990099009901
phylter-k050-island_0	1750	0	250	0	0.125	0.804
phylter-k050-island_0	1135	365	318	182	0.25	0.802
phylter-k050-island_0	841	1034	7	118	0.0625	0.808
phylter-k050-island_0	1267	127	494	112	0.303	0.9900990099009901
phylter-k050-island_0	652	1098	81	169	0.125	0.804
phylter-k050-island_0	1224	473	159	144	0.1515	0.9900990099009901
phylter-k050-island_0	657	838	190	315	0.2525	0.9900990099009901
phylter-k050-island_0	675	492	454	379	0.4165	0.6002400960384153
phylter-k050-island_0	1834	65	101	0	0.0505	0.9900990099009901
phylter-k050-island_0	720	906	147	227	0.187	0.8021390374331551
phylter-k050-island_0	358	1036	220	386	0.303	0.9900990099009901
phylter-k050-island_0	606	1228	37	129	0.083	0.6024096385542168
phylter-k050-island_0	1834	0	166	0	0.083	0.6024096385542168
phylter-k050-island_0	452	1174	112	262	0.187	0.8021390374331551
phylter-k050-island_0	1457	341	158	44	0.101	0.9900990099009901
phylter-k050-island_0	1105	289	416	190	0.303	0.9900990099009901
phylter-k050-island_0	1082	252	481	185	0.333	0.6006006006006006
phylter-k050-island_0	742	592	347	319	0.333	0.6006006006006006
phylter-k050-island_0	821	805	150	224	0.187	0.8021390374331551
phylter-k050-island_0	1052	342	373	233	0.303	0.9900990099009901
phylter-k050-island_0	443	1391	49	117	0.083	0.6024096385542168
phylter-k050-island_0	1139	659	100	102	0.101	0.9900990099009901
phylter-k050-island_0	1020	475	324	181	0.2525	0.9900990099009901
phylter-k050-island_0	947	387	420	246	0.333	0.6006006006006006
phylter-k050-island_0	1206	188	374	232	0.303	0.9900990099009901
phylter-k050-island_0	412	588	472	528	0.5	0.6
phylter-k050-island_0	620	1047	108	225	0.1665	0.6006006006006006
phylter-k050-island_0	1281	517	124	78	0.101	0.9900990099009901
phylter-k050-island_0	679	821	210	290	0.25	0.6
phylter-k050-island_0	442	1392	51	115	0.083	0.6024096385542168
phylter-k050-island_0	1791	7	202	0	0.101	0.9900990099009901
phylter-k050-island_0	1177	323	343	157	0.25	0.6
phylter-k050-island_0	1379	116	402	103	0.2525	0.9900990099009901
phylter-k050-island_0	277	723	294	706	0.5	0.6
phylter-k050-island_0	708	959	128	205	0.1665	0.6006006006006006
phylter-k050-island_0	545	849	179	427	0.303	0.9900990099009901
phylter-k050-island_0	462	1038	154	346	0.25	0.6
phylter-k050-island_0	1832	2	166	0	0.083	0.6024096385542168
phylter-k050-island_0	367	884	248	501	0.3745	0.801068090787717
phylter-k050-island_0	359	1516	32	93	0.0625	0.808
phylter-k050-island_0	655	679	301	365	0.333	0.6006006006006006
phylter-k050-island_0	753	914	142	191	0.1665	0.6006006006006006
phylter-k050-island_0	633	367	536	464	0.5	0.6
phylter-k050-island_0	352	1523	27	98	0.0625	0.808
phylter-k050-island_0	579	755	309	357	0.333	0.6006006006006006
phylter-k050-island_0	1177	449	238	136	0.187	0.8021390374331551
phylter-k050-island_0	1078	316	364	242	0.303	0.9900990099009901
phylter-k050-island_0	691	1143	48	118	0.083	0.6024096385542168
phylter-k050-island_0	1301	194	341	164	0.2525	0.9900990099009901
phylter-k050-island_0	1694	3	302	1	0.1515	0.9900990099009901
phylter-k050-island_0	1179	571	132	118	0.125	0.804
phylter-k050-island_0	1140	735	58	67	0.0625	0.808
phylter-k050-island_0	1278	222	347	153	0.25	0.802
phylter-k050-island_0	636	364	620	380	0.5	0.6
phylter-k050-island_0	629	1038	127	206	0.1665	0.6006006006006006
phylter-k050-island_0	1796	2	202	0	0.101	0.9900990099009901
phylter-k050-island_0	962	289	534	215	0.3745	0.801068090787717
phylter-k050-island_0	1334	363	205	98	0.1515	0.9900990099009901
phylter-k050-island_0	618	549	419	414	0.4165	0.6002400960384153
phylter-k050-island_0	918	582	294	206	0.25	0.6
phylter-k050-island_0	689	1210	41	60	0.0505	0.9900990099009901
phylter-k050-island_0	1265	634	48	53	0.0505	0.9900990099009901
phylter-k050-island_0	1500	0	500	0	0.25	0.6
phylter-k050-island_0	1270	427	198	105	0.1515	0.9900990099009901
phylter-k050-island_0	1750	0	250	0	0.125	0.804
phylter-k050-island_0	843	854	137	166	0.1515	0.9900990099009901
phylter-k050-island_0	528	967	170	335	0.2525	0.9900990099009901
phylter-k050-island_0	774	226	737	263	0.5	0.6
phylter-k050-island_0	1022	645	179	154	0.1665	0.6006006006006006
phylter-k050-island_0	1435	464	60	41	0.0505	0.9900990099009901
phylter-k050-island_0	382	785	271	562	0.4165	0.6002400960384153
phylter-k050-island_0	1696	1	303	0	0.1515	0.9900990099009901
phylter-k050-island_0	1027	348	388	237	0.3125	0.8016
phylter-k050-island_0	1036	215	530	219	0.3745	0.801068090787717
phylter-k050-island_0	720	614	333	333	0.333	0.6006006006006006
phylter-k050-island_0	788	1087	54	71	0.0625	0.808
phylter-k050-island_0	1100	698	113	89	0.101	0.9900990099009901
phylter-k050-island_0	772	728	239	261	0.25	0.802
phylter-k050-island_0	1123	574	159	144	0.1515	0.9900990099009901
phylter-k050-island_0	1302	294	269	135	0.202	0.9900990099009901
phylter-k050-island_0	1389	409	132	70	0.101	0.9900990099009901
phylter-k050-island_0	1223	277	327	173	0.25	0.802
phylter-k050-island_0	750	584	351	315	0.333	0.6006006006006006
phylter-k050-island_0	373	1502	35	90	0.0625	0.808
phylter-k050-island_0	1006	590	198	206	0.202	0.9900990099009901
phylter-k050-island_0	547	1203	100	150	0.125	0.804
phylter-k050-island_0	1151	344	353	152	0.2525	0.9900990099009901
phylter-k050-island_0	408	759	282	551	0.4165	0.6002400960384153
phylter-k050-island_0	1048	327	421	204	0.3125	0.8016
phylter-k050-island_0	1043	208	556	193	0.3745	0.801068090787717
phylter-k050-island_0	341	1558	35	66	0.0505	0.9900990099009901
phylter-k050-island_0	1089	305	378	228	0.303	0.9900990099009901
phylter-k050-island_0	730	1020	108	142	0.125	0.804
phylter-k050-island_0	802	895	107	196	0.1515	0.9900990099009901
phylter-k050-island_0	1113	382	341	164	0.2525	0.9900990099009901
phylter-k050-island_0	519	875	223	383	0.303	0.9900990099009901
phylter-k050-island_0	1116	384	338	162	0.25	0.802
phylter-k050-island_0	305	1570	25	100	0.0625	0.808
phylter-k050-island_0	861	634	220	285	0.2525	0.9900990099009901
phylter-k050-island_0	1642	55	303	0	0.1515	0.9900990099009901
phylter-k050-island_0	728	1022	100	150	0.125	0.804
phylter-k050-island_0	526	641	347	486	0.4165	0.6002400960384153
phylter-k050-island_0	1885	14	100	1	0.0505	0.9900990099009901
phylter-k050-island_0	1253	343	281	123	0.202	0.9900990099009901
phylter-k050-island_0	775	975	79	171	0.125	0.804
phylter-k050-island_0	264	1231	128	377	0.2525	0.9900990099009901
phylter-k050-island_0	556	944	195	305	0.25	0.802
phylter-k050-island_0	1299	576	74	51	0.0625	0.808
phylter-k050-island_0	863	763	195	179	0.187	0.8021390374331551
phylter-k050-island_0	776	224	713	287	0.5	0.6
phylter-k050-island_0	528	847	219	406	0.3125	0.8016
phylter-k050-island_0	932	235	558	275	0.4165	0.6002400960384153
phylter-k050-island_0	641	734	286	339	0.3125	0.8016
phylter-k050-island_0	325	675	385	615	0.5	0.6
phylter-k050-island_0	645	1254	41	60	0.0505	0.9900990099009901
phylter-k050-island_0	796	371	503	330	0.4165	0.6002400960384153
phylter-k050-island_0	1130	567	199	104	0.1515	0.9900990099009901
phylter-k050-island_0	607	989	147	257	0.202	0.9900990099009901
phylter-k050-island_0	547	1079	138	236	0.187	0.8021390374331551
phylter-k050-island_0	1027	848	20	105	0.0625	0.808
phylter-k050-island_0	606	894	209	291	0.25	0.802
phylter-k050-island_0	942	856	75	127	0.101	0.9900990099009901
phylter-k050-island_0	381	953	220	446	0.333	0.6006006006006006
phylter-k050-island_0	709	685	378	228	0.303	0.9900990099009901
phylter-k050-island_0	1044	582	190	184	0.187	0.8021390374331551
phylter-k050-island_0	562	832	284	322	0.303	0.9900990099009901
phylter-k050-island_0	471	529	426	574	0.5	0.6
phylter-k050-island_0	1334	0	666	0	0.333	0.6006006006006006
phylter-k050-island_0	1037	797	90	76	0.083	0.6024096385542168
phylter-k050-island_0	1144	654	115	87	0.101	0.9900990099009901
phylter-k050-island_0	513	1113	138	236	0.187	0.8021390374331551
phylter-k050-island_0	964	430	354	252	0.303	0.9900990099009901
phylter-k050-island_0	934	900	33	133	0.083	0.6024096385542168
phylter-k050-island_0	768	1066	53	113	0.083	0.6024096385542168
phylter-k050-island_0	1346	280	271	103	0.187	0.8021390374331551
phylter-k050-island_0	1793	41	164	2	0.083	0.6024096385542168
phylter-k050-island_0	115	1385	85	415	0.25	0.6
phylter-k050-island_0	982	269	485	264	0.3745	0.801068090787717
phylter-k050-island_0	1029	638	199	134	0.1665	0.6006006006006006
phylter-k050-island_0	1223	652	64	61	0.0625	0.808
phylter-k050-island_0	956	378	402	264	0.333	0.6006006006006006
phylter-k050-island_0	634	760	261	345	0.303	0.9900990099009901
phylter-k050-island_0	1179	696	69	56	0.0625	0.808
phylter-k050-island_0	423	911	216	450	0.333	0.6006006006006006
phylter-k050-island_0	556	444	500	500	0.5	0.6
phylter-k050-island_0	1521	313	112	54	0.083	0.6024096385542168
phylter-k050-island_0	863	388	463	286	0.3745	0.801068090787717
phylter-k050-island_0	1251	244	324	181	0.2525	0.9900990099009901
phylter-k050-island_0	777	223	744	256	0.5	0.6
phylter-k050-island_0	1099	568	181	152	0.1665	0.6006006006006006
phylter-k050-island_0	697	697	213	393	0.303	0.9900990099009901
phylter-k050-island_0	371	963	225	441	0.333	0.6006006006006006
phylter-k050-island_0	1032	766	96	106	0.101	0.9900990099009901
phylter-k050-island_0	1281	553	111	55	0.083	0.6024096385542168
phylter-k050-island_0	593	907	197	303	0.25	0.6
phylter-k050-island_0	1321	477	120	82	0.101	0.9900990099009901
phylter-k050-island_0	249	1251	106	394	0.25	0.6
phylter-k050-island_0	575	920	213	292	0.2525	0.9900990099009901
phylter-k050-island_0	1110	284	434	172	0.303	0.9900990099009901
phylter-k050-island_0	315	685	336	664	0.5	0.6
phylter-k050-island_0	197	1470	75	258	0.1665	0.6006006006006006
phylter-k050-island_0	1303	394	186	117	0.1515	0.9900990099009901
phylter-k050-island_0	463	1436	34	67	0.0505	0.9900990099009901
phylter-k050-island_0	724	443	390	443	0.4165	0.6002400960384153
phylter-k050-island_0	1101	150	621	128	0.3745	0.801068090787717
phylter-k050-island_0	1013	362	446	179	0.3125	0.8016
phylter-k050-island_0	898	900	105	97	0.101	0.9900990099009901
phylter-k050-island_0	1386	114	486	14	0.25	0.802
phylter-k050-island_0	883	451	392	274	0.333	0.6006006006006006
phylter-k050-island_0	681	1194	58	67	0.0625	0.808
phylter-k050-island_0	935	661	152	252	0.202	0.9900990099009901
phylter-k050-island_0	1293	404	213	90	0.1515	0.9900990099009901
phylter-k050-island_0	441	893	217	449	0.333	0.6006006006006006
phylter-k050-island_0	583	1292	54	71	0.0625	0.808
phylter-k050-island_0	394	1106	108	392	0.25	0.802
phylter-k050-island_0	1176	319	333	172	0.2525	0.9900990099009901
phylter-k050-island_0	1349	247	268	136	0.202	0.9900990099009901
phylter-k050-island_0	1273	477	149	101	0.125	0.804
phylter-k050-island_0	323	844	233	600	0.4165	0.6002400960384153
phylter-k050-island_0	222	1029	158	591	0.3745	0.801068090787717
phylter-k050-island_0	1040	335	396	229	0.3125	0.8016
phylter-k050-island_0	448	1302	62	188	0.125	0.804
phylter-k050-island_0	1054	643	159	144	0.1515	0.9900990099009901
phylter-k050-island_0	1268	227	308	197	0.2525	0.9900990099009901
phylter-k050-island_0	891	109	812	188	0.5	0.6
phylter-k050-island_0	872	795	154	179	0.1665	0.6006006006006006
phylter-k050-island_0	1246	254	355	145	0.25	0.802
phylter-k050-island_0	287	1511	46	156	0.101	0.9900990099009901
phylter-k050-island_0	653	1222	48	77	0.0625	0.808
phylter-k050-island_0	522	729	310	439	0.3745	0.801068090787717
phylter-k050-island_0	755	412	445	388	0.4165	0.6002400960384153
phylter-k050-island_0	1899	0	101	0	0.0505	0.9900990099009901
phylter-k050-island_0	1172	328	350	150	0.25	0.6
phylter-k050-island_0	652	1045	134	169	0.1515	0.9900990099009901
phylter-k050-island_0	527	973	196	304	0.25	0.6
phylter-k050-island_0	927	972	43	58	0.0505	0.9900990099009901
phylter-k050-island_0	1192	303	383	122	0.2525	0.9900990099009901
phylter-k050-island_0	942	755	133	170	0.1515	0.9900990099009901
phylter-k050-island_0	1695	55	248	2	0.125	0.804
phylter-k050-island_0	820	180	711	289	0.5	0.6
phylter-k050-island_0	1667	0	333	0	0.1665	0.6006006006006006
phylter-k050-island_0	720	674	308	298	0.303	0.9900990099009901
phylter-k050-island_0	865	135	871	129	0.5	0.6
phylter-k050-island_0	1267	228	369	136	0.2525	0.9900990099009901
phylter-k050-island_0	935	762	170	133	0.1515	0.9900990099009901
phylter-k050-island_0	1280	316	268	136	0.202	0.9900990099009901
phylter-k050-island_0	1362	537	45	56	0.0505	0.9900990099009901
phylter-k050-island_0	1798	0	202	0	0.101	0.9900990099009901
phylter-k050-island_0	1199	700	49	52	0.0505	0.9900990099009901
phylter-k050-island_0	945	853	96	106	0.101	0.9900990099009901
phylter-k050-island_0	584	791	250	375	0.3125	0.8016
phylter-k050-island_0	868	132	727	273	0.5	0.6
phylter-k050-island_0	681	713	276	330	0.303	0.9900990099009901
phylter-k050-island_0	1178	448	239	135	0.187	0.8021390374331551
phylter-k050-island_0	1049	648	148	155	0.1515	0.9900990099009901
phylter-k050-island_0	1050	445	349	156	0.2525	0.9900990099009901
phylter-k050-island_0	145	1605	32	218	0.125	0.804
phylter-k050-island_0	913	338	453	296	0.3745	0.801068090787717
phylter-k050-island_0	521	854	232	393	0.3125	0.8016
phylter-k050-island_0	717	1117	61	105	0.083	0.6024096385542168
phylter-k050-island_0	836	331	567	266	0.4165	0.6002400960384153
phylter-k050-island_0	595	1001	150	254	0.202	0.9900990099009901
phylter-k050-island_0	1100	294	352	254	0.303	0.9900990099009901
phylter-k050-island_0	677	949	116	258	0.187	0.8021390374331551
phylter-k050-island_0	491	509	463	537	0.5	0.6
phylter-k050-island_0	1297	299	288	116	0.202	0.9900990099009901
phylter-k050-island_0	1060	690	144	106	0.125	0.804
phylter-k050-island_0	1549	77	367	7	0.187	0.8021390374331551
phylter-k050-island_0	1011	240	537	212	0.3745	0.801068090787717
phylter-k050-island_0	864	511	385	240	0.3125	0.8016
phylter-k050-island_0	403	1431	37	129	0.083	0.6024096385542168
phylter-k050-island_0	959	208	624	209	0.4165	0.6002400960384153
phylter-k050-island_0	1173	221	450	156	0.303	0.9900990099009901
phylter-k050-island_0	1289	378	216	117	0.1665	0.6006006006006006
phylter-k050-island_0	765	402	520	313	0.4165	0.6002400960384153
phylter-k050-island_0	439	1056	166	339	0.2525	0.9900990099009901
phylter-k050-island_0	264	1433	97	206	0.1515	0.9900990099009901
phylter-k050-island_0	763	1136	34	67	0.0505	0.9900990099009901
phylter-k050-island_0	879	621	236	264	0.25	0.6
phylter-k050-island_0	1190	608	98	104	0.101	0.9900990099009901
phylter-k050-island_0	509	658	353	480	0.4165	0.6002400960384153
phylter-k050-island_0	823	677	267	233	0.25	0.6
phylter-k050-island_0	488	1411	35	66	0.0505	0.9900990099009901
phylter-k050-island_0	799	999	92	110	0.101	0.9900990099009901
phylter-k050-island_0	300	867	206	627	0.4165	0.6002400960384153
phylter-k050-island_0	1047	620	162	171	0.1665	0.6006006006006006
phylter-k050-island_0	951	443	389	217	0.303	0.9900990099009901
phylter-k050-island_0	698	1177	43	82	0.0625	0.808
phylter-k050-island_0	726	971	134	169	0.1515	0.9900990099009901
phylter-k050-island_0	344	1151	86	419	0.2525	0.9900990099009901
phylter-k050-island_0	1126	249	472	153	0.3125	0.8016
phylter-k050-island_0	1053	846	2	99	0.0505	0.9900990099009901
phylter-k050-island_0	94	1073	86	747	0.4165	0.6002400960384153
phylter-k050-island_0	1255	245	377	123	0.25	0.6
phylter-k050-island_0	1228	267	321	184	0.2525	0.9900990099009901
phylter-k050-island_0	1195	401	242	162	0.202	0.9900990099009901
phylter-k050-island_0	997	337	452	214	0.333	0.6006006006006006
phylter-k050-island_0	888	987	55	70	0.0625	0.808
phylter-k050-island_0	1166	1	833	0	0.4165	0.6002400960384153
phylter-k050-island_0	135	1461	65	339	0.202	0.9900990099009901
phylter-k050-island_0	1425	272	236	67	0.1515	0.9900990099009901
phylter-k050-island_0	923	411	426	240	0.333	0.6006006006006006
phylter-k050-island_0	1875	0	125	0	0.0625	0.808
phylter-k050-island_0	1203	595	118	84	0.101	0.9900990099009901
phylter-k050-island_0	489	886	241	384	0.3125	0.8016
phylter-k050-island_0	1500	0	495	5	0.25	0.6
phylter-k050-island_0	346	1553	21	80	0.0505	0.9900990099009901
phylter-k050-island_0	331	836	271	562	0.4165	0.6002400960384153
phylter-k050-island_0	1078	821	49	52	0.0505	0.9900990099009901
phylter-k050-island_0	773	561	358	308	0.333	0.6006006006006006
phylter-k050-island_0	1872	3	124	1	0.0625	0.808
phylter-k050-island_0	865	635	265	235	0.25	0.802
phylter-k050-island_0	1052	574	187	187	0.187	0.8021390374331551
phylter-k050-island_0	503	1331	42	124	0.083	0.6024096385542168
phylter-k050-island_0	904	347	499	250	0.3745	0.801068090787717
phylter-k050-island_0	256	1578	34	132	0.083	0.6024096385542168
phylter-k050-island_0	950	217	663	170	0.4165	0.6002400960384153
phylter-k050-island_0	1626	0	374	0	0.187	0.8021390374331551
phylter-k050-island_0	569	682	346	403	0.3745	0.801068090787717
phylter-k050-island_0	508	992	187	313	0.25	0.802
phylter-k050-island_0	554	780	237	429	0.333	0.6006006006006006
phylter-k050-island_0	796	1079	46	79	0.0625	0.808
phylter-k050-island_0	722	1028	109	141	0.125	0.804
phylter-k050-island_0	893	607	255	245	0.25	0.6
phylter-k050-island_0	1056	439	325	180	0.2525	0.9900990099009901
phylter-k050-island_0	381	1369	59	191	0.125	0.804
phylter-k050-island_0	1585	290	65	60	0.0625	0.808
phylter-k050-island_0	1083	417	317	183	0.25	0.802
phylter-k050-island_0	190	1477	55	278	0.1665	0.6006006006006006
phylter-k050-island_0	357	1393	64	186	0.125	0.804
phylter-k050-island_0	955	712	163	170	0.1665	0.6006006006006006
phylter-k050-island_0	891	1008	47	54	0.0505	0.9900990099009901
phylter-k050-island_0	737	763	186	314	0.25	0.6
phylter-k050-island_0	974	652	175	199	0.187	0.8021390374331551
phylter-k050-island_0	752	623	318	307	0.3125	0.8016
phylter-k050-island_0	367	1133	134	366	0.25	0.802
phylter-k050-island_0	1005	591	209	195	0.202	0.9900990099009901
phylter-k050-island_0	946	888	62	104	0.083	0.6024096385542168
phylter-k050-island_0	591	909	189	311	0.25	0.802
phylter-k050-island_0	681	570	388	361	0.3745	0.801068090787717
phylter-k050-island_0	1351	245	287	117	0.202	0.9900990099009901
phylter-k050-island_0	262	1572	49	117	0.083	0.6024096385542168
phylter-k050-island_0	799	452	435	314	0.3745	0.801068090787717
phylter-k050-island_0	797	203	768	232	0.5	0.6
phylter-k050-island_0	1118	382	302	198	0.25	0.802
phylter-k050-island_0	515	1111	149	225	0.187	0.8021390374331551
phylter-k050-island_0	1007	493	296	204	0.25	0.802
phylter-k050-island_0	484	1350	45	121	0.083	0.6024096385542168
phylter-k050-island_0	1232	518	149	101	0.125	0.804
phylter-k050-island_0	222	1153	148	477	0.3125	0.8016
phylter-k050-island_0	861	806	158	175	0.1665	0.6006006006006006
phylter-k050-island_0	1194	432	241	133	0.187	0.8021390374331551
phylter-k050-island_0	608	392	498	502	0.5	0.6
phylter-k050-island_0	543	1207	89	161	0.125	0.804
phylter-k050-island_0	800	200	744	256	0.5	0.6
phylter-k050-island_0	194	1473	76	257	0.1665	0.6006006006006006
phylter-k155-island_0	1394	0	606	0	0.303	0.9900990099009901
phylter-k155-island_0	1334	0	666	0	0.333	0.6006006006006006
phylter-k155-island_0	1334	0	666	0	0.333	0.6006006006006006
phylter-k155-island_0	1394	0	606	0	0.303	0.9900990099009901
phylter-k155-island_0	1781	17	9	193	0.101	0.9900990099009901
phylter-k155-island_0	1626	0	374	0	0.187	0.8021390374331551
phylter-k155-island_0	1334	0	666	0	0.333	0.6006006006006006
phylter-k155-island_0	1832	2	112	54	0.083	0.6024096385542168
phylter-k155-island_0	1789	9	31	171	0.101	0.9900990099009901
phylter-k155-island_0	1834	0	166	0	0.083	0.6024096385542168
phylter-k155-island_0	1626	0	374	0	0.187	0.8021390374331551
phylter-k155-island_0	1375	0	625	0	0.3125	0.8016
phylter-k155-island_0	1899	0	101	0	0.0505	0.9900990099009901
phylter-k155-island_0	1697	0	303	0	0.1515	0.9900990099009901
phylter-k155-island_0	1495	0	505	0	0.2525	0.9900990099009901
phylter-k155-island_0	1750	0	250	0	0.125	0.804
phylter-k155-island_0	1394	0	606	0	0.303	0.9900990099009901
phylter-k155-island_0	1596	0	404	0	0.202	0.9900990099009901
phylter-k155-island_0	1750	0	250	0	0.125	0.804
phylter-k155-island_0	1495	0	505	0	0.2525	0.9900990099009901
phylter-k155-island_0	1667	0	333	0	0.1665	0.6006006006006006
phylter-k155-island_0	1394	0	606	0	0.303	0.9900990099009901
phylter-k155-island_0	1000	0	1000	0	0.5	0.6
phylter-k155-island_0	1626	0	370	4	0.187	0.8021390374331551
phylter-k155-island_0	1500	0	500	0	0.25	0.802
phylter-k155-island_0	1853	22	28	97	0.0625	0.808
phylter-k155-island_0	1596	0	404	0	0.202	0.9900990099009901
phylter-k155-island_0	1167	0	833	0	0.4165	0.6002400960384153
phylter-k155-island_0	1375	0	625	0	0.3125	0.8016
phylter-k155-island_0	1000	0	1000	0	0.5	0.6
phylter-k155-island_0	1167	0	833	0	0.4165	0.6002400960384153
phylter-k155-island_0	1000	0	1000	0	0.5	0.6
phylter-k155-island_0	1375	0	625	0	0.3125	0.8016
phylter-k155-island_0	1500	0	500	0	0.25	0.802
phylter-k155-island_0	1875	0	125	0	0.0625	0.808
phylter-k155-island_0	1626	0	374	0	0.187	0.8021390374331551
phylter-k155-island_0	1394	0	606	0	0.303	0.9900990099009901
phylter-k155-island_0	1596	0	404	0	0.202	0.9900990099009901
phylter-k155-island_0	1251	0	749	0	0.3745	0.801068090787717
phylter-k155-island_0	1375	0	625	0	0.3125	0.8016
phylter-k155-island_0	1167	0	833	0	0.4165	0.6002400960384153
phylter-k155-island_0	1596	0	404	0	0.202	0.9900990099009901
phylter-k155-island_0	1875	0	125	0	0.0625	0.808
phylter-k155-island_0	1334	0	666	0	0.333	0.6006006006006006
phylter-k155-island_0	1500	0	500	0	0.25	0.802
phylter-k155-island_0	1000	0	1000	0	0.5	0.6
phylter-k155-island_0	1596	0	404	0	0.202	0.9900990099009901
phylter-k155-island_0	1500	0	500	0	0.25	0.802
phylter-k155-island_0	1545	122	129	204	0.1665	0.6006006006006006
phylter-k155-island_0	1791	7	49	153	0.101	0.9900990099009901
phylter-k155-island_0	1860	15	43	82	0.0625	0.808
phylter-k155-island_0	1334	0	666	0	0.333	0.6006006006006006
phylter-k155-island_0	1251	0	749	0	0.3745	0.801068090787717
phylter-k155-island_0	1375	0	625	0	0.3125	0.8016
phylter-k155-island_0	1167	0	833	0	0.4165	0.6002400960384153
phylter-k155-island_0	1500	0	500	0	0.25	0.6
phylter-k155-island_0	1667	0	333	0	0.1665	0.6006006006006006
phylter-k155-island_0	1000	0	1000	0	0.5	0.6
phylter-k155-island_0	1697	0	303	0	0.1515	0.9900990099009901
phylter-k155-island_0	1495	0	505	0	0.2525	0.9900990099009901
phylter-k155-island_0	1596	0	404	0	0.202	0.9900990099009901
phylter-k155-island_0	1750	0	250	0	0.125	0.804
phylter-k155-island_0	1500	0	500	0	0.25	0.6
phylter-k155-island_0	1899	0	95	6	0.0505	0.9900990099009901
phylter-k155-island_0	1879	20	9	92	0.0505	0.9900990099009901
phylter-k155-island_0	1375	0	625	0	0.3125	0.8016
phylter-k155-island_0	1660	7	160	173	0.1665	0.6006006006006006
phylter-k155-island_0	1000	0	1000	0	0.5	0.6
phylter-k155-island_0	1334	0	666	0	0.333	0.6006006006006006
phylter-k155-island_0	1734	16	54	196	0.125	0.804
phylter-k155-island_0	1495	0	505	0	0.2525	0.9900990099009901
phylter-k155-island_0	1697	0	303	0	0.1515	0.9900990099009901
phylter-k155-island_0	1251	0	749	0	0.3745	0.801068090787717
phylter-k155-island_0	1829	5	69	97	0.083	0.6024096385542168
phylter-k155-island_0	1334	0	666	0	0.333	0.6006006006006006
phylter-k155-island_0	1853	22	23	102	0.0625	0.808
phylter-k155-island_0	1495	0	505	0	0.2525	0.9900990099009901
phylter-k155-island_0	1334	0	666	0	0.333	0.6006006006006006
phylter-k155-island_0	1855	20	43	82	0.0625	0.808
phylter-k155-island_0	1798	0	202	0	0.101	0.9900990099009901
phylter-k155-island_0	1251	0	749	0	0.3745	0.801068090787717
phylter-k155-island_0	1834	0	166	0	0.083	0.6024096385542168
phylter-k155-island_0	1394	0	606	0	0.303	0.9900990099009901
phylter-k155-island_0	1666	1	333	0	0.1665	0.6006006006006006
phylter-k155-island_0	1000	0	1000	0	0.5	0.6
phylter-k155-island_0	1495	0	505	0	0.2525	0.9900990099009901
phylter-k155-island_0	1500	0	500	0	0.25	0.6
phylter-k155-island_0	1798	0	198	4	0.101	0.9900990099009901
phylter-k155-island_0	1500	0	500	0	0.25	0.6
phylter-k155-island_0	1798	0	202	0	0.101	0.9900990099009901
phylter-k155-island_0	1251	0	749	0	0.3745	0.801068090787717
phylter-k155-island_0	1000	0	1000	0	0.5	0.6
phylter-k155-island_0	1832	43	43	82	0.0625	0.808
phylter-k155-island_0	1390	4	606	0	0.303	0.9900990099009901
phylter-k155-island_0	1495	0	505	0	0.2525	0.9900990099009901
phylter-k155-island_0	1495	0	505	0	0.2525	0.9900990099009901
phylter-k155-island_0	1697	0	303	0	0.1515	0.9900990099009901
phylter-k155-island_0	1667	0	333	0	0.1665	0.6006006006006006
phylter-k155-island_0	1167	0	833	0	0.4165	0.6002400960384153
phylter-k155-island_0	1334	0	666	0	0.333	0.6006006006006006
phylter-k155-island_0	1394	0	606	0	0.303	0.9900990099009901
phylter-k155-island_0	1375	0	625	0	0.3125	0.8016
phylter-k155-island_0	1500	0	500	0	0.25	0.6
phylter-k155-island_0	1500	0	499	1	0.25	0.6
phylter-k155-island_0	1895	4	53	48	0.0505	0.9900990099009901
phylter-k155-island_0	1798	0	202	0	0.101	0.9900990099009901
phylter-k155-island_0	1899	0	101	0	0.0505	0.9900990099009901
phylter-k155-island_0	1899	0	101	0	0.0505	0.9900990099009901
phylter-k155-island_0	1500	0	500	0	0.25	0.6
phylter-k155-island_0	1697	0	303	0	0.1515	0.9900990099009901
phylter-k155-island_0	1495	0	505	0	0.2525	0.9900990099009901
phylter-k155-island_0	1596	0	404	0	0.202	0.9900990099009901
phylter-k155-island_0	1394	0	606	0	0.303	0.9900990099009901
phylter-k155-island_0	1167	0	833	0	0.4165	0.6002400960384153
phylter-k155-island_0	1666	1	324	9	0.1665	0.6006006006006006
phylter-k155-island_0	1167	0	833	0	0.4165	0.6002400960384153
phylter-k155-island_0	1500	0	500	0	0.25	0.6
phylter-k155-island_0	1500	0	500	0	0.25	0.6
phylter-k155-island_0	1855	44	5	96	0.0505	0.9900990099009901
phylter-k155-island_0	1375	0	625	0	0.3125	0.8016
phylter-k155-island_0	1667	0	333	0	0.1665	0.6006006006006006
phylter-k155-island_0	1856	19	39	86	0.0625	0.808
phylter-k155-island_0	1334	0	666	0	0.333	0.6006006006006006
phylter-k155-island_0	1596	0	404	0	0.202	0.9900990099009901
phylter-k155-island_0	1875	0	117	8	0.0625	0.808
phylter-k155-island_0	1334	0	666	0	0.333	0.6006006006006006
phylter-k155-island_0	1394	0	606	0	0.303	0.9900990099009901
phylter-k155-island_0	1596	0	404	0	0.202	0.9900990099009901
phylter-k155-island_0	1500	0	500	0	0.25	0.6
phylter-k155-island_0	1167	0	833	0	0.4165	0.6002400960384153
phylter-k155-island_0	1375	0	625	0	0.3125	0.8016
phylter-k155-island_0	1495	0	505	0	0.2525	0.9900990099009901
phylter-k155-island_0	1697	0	302	1	0.1515	0.9900990099009901
phylter-k155-island_0	1000	0	1000	0	0.5	0.6
phylter-k155-island_0	1394	0	606	0	0.303	0.9900990099009901
phylter-k155-island_0	1782	16	19	183	0.101	0.9900990099009901
phylter-k155-island_0	1251	0	749	0	0.3745	0.801068090787717
phylter-k155-island_0	1829	5	138	28	0.083	0.6024096385542168
phylter-k155-island_0	1167	0	833	0	0.4165	0.6002400960384153
phylter-k155-island_0	1878	21	20	81	0.0505	0.9900990099009901
phylter-k155-island_0	1798	0	191	11	0.101	0.9900990099009901
phylter-k155-island_0	1879	20	9	92	0.0505	0.9900990099009901
phylter-k155-island_0	1697	0	303	0	0.1515	0.9900990099009901
phylter-k155-island_0	1495	0	505	0	0.2525	0.9900990099009901
phylter-k155-island_0	1394	0	606	0	0.303	0.9900990099009901
phylter-k155-island_0	1000	0	1000	0	0.5	0.6
phylter-k155-island_0	1895	4	88	13	0.0505	0.9900990099009901
phylter-k155-island_0	1167	0	833	0	0.4165	0.6002400960384153
phylter-k155-island_0	1705	93	3	199	0.101	0.9900990099009901
phylter-k155-island_0	1831	3	116	50	0.083	0.6024096385542168
phylter-k155-island_0	1251	0	749	0	0.3745	0.801068090787717
phylter-k155-island_0	1375	0	625	0	0.3125	0.8016
phylter-k155-island_0	1626	0	374	0	0.187	0.8021390374331551
phylter-k155-island_0	1596	0	404	0	0.202	0.9900990099009901
phylter-k155-island_0	1697	0	288	15	0.1515	0.9900990099009901
phylter-k155-island_0	1733	17	84	166	0.125	0.804
phylter-k155-island_0	1495	0	505	0	0.2525	0.9900990099009901
phylter-k155-island_0	1750	0	250	0	0.125	0.804
phylter-k155-island_0	1596	0	404	0	0.202	0.9900990099009901
phylter-k155-island_0	1167	0	833	0	0.4165	0.6002400960384153
phylter-k155-island_0	1251	0	749	0	0.3745	0.801068090787717
phylter-k155-island_0	1375	0	625	0	0.3125	0.8016
phylter-k155-island_0	1731	19	60	190	0.125	0.804
phylter-k155-island_0	1500	0	500	0	0.25	0.802
phylter-k155-island_0	1626	0	374	0	0.187	0.8021390374331551
phylter-k155-island_0	1375	0	625	0	0.3125	0.8016
phylter-k155-island_0	1251	0	749	0	0.3745	0.801068090787717
phylter-k155-island_0	1834	0	166	0	0.083	0.6024096385542168
phylter-k155-island_0	1596	0	404	0	0.202	0.9900990099009901
phylter-k155-island_0	1246	5	748	1	0.3745	0.801068090787717
phylter-k155-island_0	1834	0	166	0	0.083	0.6024096385542168
phylter-k155-island_0	1596	0	404	0	0.202	0.9900990099009901
phylter-k155-island_0	1375	0	625	0	0.3125	0.8016
phylter-k155-island_0	1667	0	332	1	0.1665	0.6006006006006006
phylter-k155-island_0	1626	0	374	0	0.187	0.8021390374331551
phylter-k155-island_0	1500	0	500	0	0.25	0.802
phylter-k155-island_0	1500	0	500	0	0.25	0.802
phylter-k155-island_0	1798	0	202	0	0.101	0.9900990099009901
phylter-k155-island_0	1000	0	1000	0	0.5	0.6
phylter-k155-island_0	1731	19	61	189	0.125	0.804
phylter-k155-island_0	1667	0	331	2	0.1665	0.6006006006006006
phylter-k155-island_0	1500	0	500	0	0.25	0.802
phylter-k155-island_0	1000	0	1000	0	0.5	0.6
phylter-k155-island_0	1750	0	250	0	0.125	0.804
phylter-k155-island_0	1596	0	404	0	0.202	0.9900990099009901
phylter-k155-island_0	1500	0	500	0	0.25	0.802
phylter-k155-island_0	1251	0	749	0	0.3745	0.801068090787717
phylter-k155-island_0	1500	0	500	0	0.25	0.802
phylter-k155-island_0	1857	18	33	92	0.0625	0.808
phylter-k155-island_0	1334	0	666	0	0.333	0.6006006006006006
phylter-k155-island_0	1251	0	749	0	0.3745	0.801068090787717
phylter-k155-island_0	1820	14	140	26	0.083	0.6024096385542168
phylter-k155-island_0	1626	0	374	0	0.187	0.8021390374331551
phylter-k155-island_0	1626	0	374	0	0.187	0.8021390374331551
phylter-k155-island_0	1500	0	500	0	0.25	0.6
phylter-k155-island_0	1817	17	69	97	0.083	0.6024096385542168
phylter-k155-island_0	1875	0	125	0	0.0625	0.808
phylter-k155-island_0	1334	0	666	0	0.333	0.6006006006006006
phylter-k155-island_0	1656	11	153	180	0.1665	0.6006006006006006
phylter-k155-island_0	1500	0	500	0	0.25	0.802
phylter-k155-island_0	1626	0	374	0	0.187	0.8021390374331551
phylter-k155-island_0	1251	0	749	0	0.3745	0.801068090787717
phylter-k155-island_0	1639	28	134	199	0.1665	0.6006006006006006
phylter-k155-island_0	1750	0	250	0	0.125	0.804
phylter-k155-island_0	1334	0	666	0	0.333	0.6006006006006006
phylter-k155-island_0	1667	0	333	0	0.1665	0.6006006006006006
phylter-k155-island_0	1750	0	250	0	0.125	0.804
phylter-k155-island_0	1500	0	500	0	0.25	0.6
phylter-k155-island_0	1829	5	97	69	0.083	0.6024096385542168
phylter-k155-island_0	1500	0	500	0	0.25	0.6
phylter-k155-island_0	1167	0	833	0	0.4165	0.6002400960384153
phylter-k155-island_0	1500	0	499	1	0.25	0.6
phylter-k155-island_0	1375	0	625	0	0.3125	0.8016
phylter-k155-island_0	1871	4	64	61	0.0625	0.808
phylter-k155-island_0	1334	0	666	0	0.333	0.6006006006006006
phylter-k155-island_0	1665	2	312	21	0.1665	0.6006006006006006
phylter-k155-island_0	1596	0	404	0	0.202	0.9900990099009901
phylter-k155-island_0	1394	0	606	0	0.303	0.9900990099009901
phylter-k155-island_0	1875	0	125	0	0.0625	0.808
phylter-k155-island_0	1334	0	666	0	0.333	0.6006006006006006
phylter-k155-island_0	1596	0	404	0	0.202	0.9900990099009901
phylter-k155-island_0	1167	0	833	0	0.4165	0.6002400960384153
phylter-k155-island_0	1897	2	75	26	0.0505	0.9900990099009901
phylter-k155-island_0	1375	0	625	0	0.3125	0.8016
phylter-k155-island_0	1697	0	303	0	0.1515	0.9900990099009901
phylter-k155-island_0	1495	0	505	0	0.2525	0.9900990099009901
phylter-k155-island_0	1394	0	606	0	0.303	0.9900990099009901
phylter-k155-island_0	1334	0	666	0	0.333	0.6006006006006006
phylter-k155-island_0	1167	0	833	0	0.4165	0.6002400960384153
phylter-k155-island_0	1375	0	625	0	0.3125	0.8016
phylter-k155-island_0	1798	0	202	0	0.101	0.9900990099009901
phylter-k155-island_0	1500	0	500	0	0.25	0.6
phylter-k155-island_0	1500	0	500	0	0.25	0.6
phylter-k155-island_0	1729	69	2	200	0.101	0.9900990099009901
phylter-k155-island_0	1500	0	500	0	0.25	0.6
phylter-k155-island_0	1899	0	100	1	0.0505	0.9900990099009901
phylter-k155-island_0	1894	5	75	26	0.0505	0.9900990099009901
phylter-k155-island_0	1495	0	505	0	0.2525	0.9900990099009901
phylter-k155-island_0	1697	0	303	0	0.1515	0.9900990099009901
phylter-k155-island_0	1593	74	130	203	0.1665	0.6006006006006006
phylter-k155-island_0	1167	0	833	0	0.4165	0.6002400960384153
phylter-k155-island_0	1394	0	606	0	0.303	0.9900990099009901
phylter-k155-island_0	1887	12	9	92	0.0505	0.9900990099009901
phylter-k155-island_0	1167	0	833	0	0.4165	0.6002400960384153
phylter-k155-island_0	1834	0	166	0	0.083	0.6024096385542168
phylter-k155-island_0	1375	0	625	0	0.3125	0.8016
phylter-k155-island_0	1251	0	749	0	0.3745	0.801068090787717
phylter-k155-island_0	1798	0	202	0	0.101	0.9900990099009901
phylter-k155-island_0	1626	0	374	0	0.187	0.8021390374331551
phylter-k155-island_0	1750	0	250	0	0.125	0.804
phylter-k155-island_0	1697	0	303	0	0.1515	0.9900990099009901
phylter-k155-island_0	1596	0	404	0	0.202	0.9900990099009901
phylter-k155-island_0	1626	0	374	0	0.187	0.8021390374331551
phylter-k155-island_0	1596	0	404	0	0.202	0.9900990099009901
phylter-k155-island_0	1495	0	505	0	0.2525	0.9900990099009901
phylter-k155-island_0	1750	0	216	34	0.125	0.804
phylter-k155-island_0	1167	0	833	0	0.4165	0.6002400960384153
phylter-k155-island_0	1771	63	68	98	0.083	0.6024096385542168
phylter-k155-island_0	1375	0	625	0	0.3125	0.8016
phylter-k155-island_0	1251	0	749	0	0.3745	0.801068090787717
phylter-k155-island_0	1697	0	303	0	0.1515	0.9900990099009901
phylter-k155-island_0	1495	0	505	0	0.2525	0.9900990099009901
phylter-k155-island_0	1394	0	606	0	0.303	0.9900990099009901
phylter-k155-island_0	995	5	996	4	0.5	0.6
phylter-k155-island_0	1251	0	749	0	0.3745	0.801068090787717
phylter-k155-island_0	1834	0	166	0	0.083	0.6024096385542168
phylter-k155-island_0	1791	7	73	129	0.101	0.9900990099009901
phylter-k155-island_0	1167	0	833	0	0.4165	0.6002400960384153
phylter-k155-island_0	1883	16	9	92	0.0505	0.9900990099009901
phylter-k155-island_0	1798	0	202	0	0.101	0.9900990099009901
phylter-k155-island_0	1887	12	81	20	0.0505	0.9900990099009901
phylter-k155-island_0	1495	0	505	0	0.2525	0.9900990099009901
phylter-k155-island_0	1697	0	303	0	0.1515	0.9900990099009901
phylter-k155-island_0	1000	0	1000	0	0.5	0.6
phylter-k155-island_0	1394	0	606	0	0.303	0.9900990099009901
phylter-k155-island_0	1500	0	500	0	0.25	0.802
phylter-k155-island_0	1000	0	1000	0	0.5	0.6
phylter-k155-island_0	1000	0	1000	0	0.5	0.6
phylter-k155-island_0	1500	0	500	0	0.25	0.802
phylter-k155-island_0	1750	0	250	0	0.125	0.804
phylter-k155-island_0	1500	0	500	0	0.25	0.802
phylter-k155-island_0	1596	0	404	0	0.202	0.9900990099009901
phylter-k155-island_0	1251	0	749	0	0.3745	0.801068090787717
phylter-k155-island_0	1750	0	249	1	0.125	0.804
phylter-k155-island_0	1375	0	625	0	0.3125	0.8016
phylter-k155-island_0	1626	0	374	0	0.187	0.8021390374331551
phylter-k155-island_0	1500	0	500	0	0.25	0.802
phylter-k155-island_0	1251	0	749	0	0.3745	0.801068090787717
phylter-k155-island_0	1834	0	166	0	0.083	0.6024096385542168
phylter-k155-island_0	1251	0	749	0	0.3745	0.801068090787717
phylter-k155-island_0	1826	8	104	62	0.083	0.6024096385542168
phylter-k155-island_0	1596	0	404	0	0.202	0.9900990099009901
phylter-k155-island_0	1500	0	500	0	0.25	0.802
phylter-k155-island_0	1667	0	333	0	0.1665	0.6006006006006006
phylter-k155-island_0	1626	0	374	0	0.187	0.8021390374331551
phylter-k155-island_0	1375	0	625	0	0.3125	0.8016
phylter-k155-island_0	1626	0	374	0	0.187	0.8021390374331551
phylter-k155-island_0	1251	0	749	0	0.3745	0.801068090787717
phylter-k155-island_0	1609	58	134	199	0.1665	0.6006006006006006
phylter-k155-island_0	1667	0	333	0	0.1665	0.6006006006006006
phylter-k155-island_0	1334	0	655	11	0.333	0.6006006006006006
phylter-k155-island_0	1750	0	250	0	0.125	0.804
phylter-k155-island_0	1831	3	143	23	0.083	0.6024096385542168
phylter-k155-island_0	1500	0	500	0	0.25	0.6
phylter-k155-island_0	1870	5	31	94	0.0625	0.808
phylter-k155-island_0	1334	0	666	0	0.333	0.6006006006006006
phylter-k155-island_0	1500	0	500	0	0.25	0.802
phylter-k155-island_0	1251	0	749	0	0.3745	0.801068090787717
phylter-k155-island_0	1375	0	625	0	0.3125	0.8016
phylter-k155-island_0	1626	0	374	0	0.187	0.8021390374331551
phylter-k155-island_0	1815	19	68	98	0.083	0.6024096385542168
phylter-k155-island_0	1251	0	749	0	0.3745	0.801068090787717
phylter-k155-island_0	1806	28	91	75	0.083	0.6024096385542168
phylter-k155-island_0	1489	11	250	250	0.25	0.6
phylter-k155-island_0	1596	0	404	0	0.202	0.9900990099009901
phylter-k155-island_0	1500	0	500	0	0.25	0.802
phylter-k155-island_0	1667	0	333	0	0.1665	0.6006006006006006
phylter-k155-island_0	1875	0	125	0	0.0625	0.808
phylter-k155-island_0	1334	0	666	0	0.333	0.6006006006006006
phylter-k155-island_0	1334	0	666	0	0.333	0.6006006006006006
phylter-k155-island_0	1626	0	373	1	0.187	0.8021390374331551
phylter-k155-island_0	1817	17	76	90	0.083	0.6024096385542168
phylter-k155-island_0	1798	0	201	1	0.101	0.9900990099009901
phylter-k155-island_0	1834	0	166	0	0.083	0.6024096385542168
phylter-k155-island_0	1251	0	749	0	0.3745	0.801068090787717
phylter-k155-island_0	1626	0	374	0	0.187	0.8021390374331551
phylter-k155-island_0	1798	0	202	0	0.101	0.9900990099009901
phylter-k155-island_0	1334	0	666	0	0.333	0.6006006006006006
phylter-k155-island_0	1394	0	606	0	0.303	0.9900990099009901
phylter-k155-island_0	1394	0	606	0	0.303	0.9900990099009901
phylter-k155-island_0	1500	0	500	0	0.25	0.802
phylter-k155-island_0	1875	0	125	0	0.0625	0.808
phylter-k155-island_0	1626	0	374	0	0.187	0.8021390374331551
phylter-k155-island_0	1596	0	404	0	0.202	0.9900990099009901
phylter-k155-island_0	1167	0	833	0	0.4165	0.6002400960384153
phylter-k155-island_0	1375	0	625	0	0.3125	0.8016
phylter-k155-island_0	1167	0	833	0	0.4165	0.6002400960384153
phylter-k155-island_0	1375	0	625	0	0.3125	0.8016
phylter-k155-island_0	1000	0	1000	0	0.5	0.6
phylter-k155-island_0	1334	0	666	0	0.333	0.6006006006006006
phylter-k155-island_0	1394	0	606	0	0.303	0.9900990099009901
phylter-k155-island_0	1626	0	374	0	0.187	0.8021390374331551
phylter-k155-island_0	1500	0	500	0	0.25	0.802
phylter-k155-island_0	1596	0	404	0	0.202	0.9900990099009901
phylter-k155-island_0	1375	0	625	0	0.3125	0.8016
phylter-k155-island_0	1899	0	101	0	0.0505	0.9900990099009901
phylter-k155-island_0	1750	0	250	0	0.125	0.804
phylter-k155-island_0	1495	0	505	0	0.2525	0.9900990099009901
phylter-k155-island_0	1697	0	303	0	0.1515	0.9900990099009901
phylter-k155-island_0	1626	0	374	0	0.187	0.8021390374331551
phylter-k155-island_0	1697	0	303	0	0.1515	0.9900990099009901
phylter-k155-island_0	1495	0	505	0	0.2525	0.9900990099009901
phylter-k155-island_0	1596	0	404	0	0.202	0.9900990099009901
phylter-k155-island_0	1726	24	52	198	0.125	0.804
phylter-k155-island_0	1394	0	606	0	0.303	0.9900990099009901
phylter-k155-island_0	1000	0	1000	0	0.5	0.6
phylter-k155-island_0	1893	6	7	94	0.0505	0.9900990099009901
phylter-k155-island_0	1500	0	500	0	0.25	0.6
phylter-k155-island_0	1667	0	333	0	0.1665	0.6006006006006006
phylter-k155-island_0	1000	0	1000	0	0.5	0.6
phylter-k155-island_0	1596	0	404	0	0.202	0.9900990099009901
phylter-k155-island_0	1750	0	250	0	0.125	0.804
phylter-k155-island_0	1495	0	505	0	0.2525	0.9900990099009901
phylter-k155-island_0	1697	0	303	0	0.1515	0.9900990099009901
phylter-k155-island_0	1697	0	303	0	0.1515	0.9900990099009901
phylter-k155-island_0	1899	0	101	0	0.0505	0.9900990099009901
phylter-k155-island_0	1500	0	500	0	0.25	0.6
phylter-k155-island_0	1500	0	277	223	0.25	0.6
phylter-k155-island_0	1896	3	38	63	0.0505	0.9900990099009901
phylter-k155-island_0	1697	0	303	0	0.1515	0.9900990099009901
phylter-k155-island_0	1375	0	625	0	0.3125	0.8016
phylter-k155-island_0	1000	0	1000	0	0.5	0.6
phylter-k155-island_0	1697	0	303	0	0.1515	0.9900990099009901
phylter-k155-island_0	1490	5	505	0	0.2525	0.9900990099009901
phylter-k155-island_0	1750	0	250	0	0.125	0.804
phylter-k155-island_0	1375	0	625	0	0.3125	0.8016
phylter-k155-island_0	1251	0	749	0	0.3745	0.801068090787717
phylter-k155-island_0	1167	0	832	1	0.4165	0.6002400960384153
phylter-k155-island_0	1596	0	404	0	0.202	0.9900990099009901
phylter-k155-island_0	1000	0	1000	0	0.5	0.6
phylter-k155-island_0	1500	0	500	0	0.25	0.802
phylter-k155-island_0	1875	0	119	6	0.0625	0.808
phylter-k155-island_0	1334	0	666	0	0.333	0.6006006006006006
phylter-k155-island_0	1596	0	404	0	0.202	0.9900990099009901
phylter-k155-island_0	1334	0	666	0	0.333	0.6006006006006006
phylter-k155-island_0	1667	0	333	0	0.1665	0.6006006006006006
phylter-k155-island_0	1500	0	500	0	0.25	0.802
phylter-k155-island_0	1798	0	202	0	0.101	0.9900990099009901
phylter-k155-island_0	1375	0	625	0	0.3125	0.8016
phylter-k155-island_0	1251	0	749	0	0.3745	0.801068090787717
phylter-k155-island_0	1167	0	833	0	0.4165	0.6002400960384153
phylter-k155-island_0	1422	78	205	295	0.25	0.6
phylter-k155-island_0	1000	0	1000	0	0.5	0.6
phylter-k155-island_0	1394	0	606	0	0.303	0.9900990099009901
phylter-k155-island_0	1500	0	500	0	0.25	0.6
phylter-k155-island_0	1743	55	3	199	0.101	0.9900990099009901
phylter-k155-island_0	1251	0	749	0	0.3745	0.801068090787717
phylter-k155-island_0	1394	0	606	0	0.303	0.9900990099009901
phylter-k155-island_0	1867	8	43	82	0.0625	0.808
phylter-k155-island_0	1667	0	333	0	0.1665	0.6006006006006006
phylter-k155-island_0	1000	0	1000	0	0.5	0.6
phylter-k155-island_0	1495	0	505	0	0.2525	0.9900990099009901
phylter-k155-island_0	1251	0	749	0	0.3745	0.801068090787717
phylter-k155-island_0	1809	25	71	95	0.083	0.6024096385542168
phylter-k155-island_0	1334	0	666	0	0.333	0.6006006006006006
phylter-k155-island_0	1864	11	111	14	0.0625	0.808
phylter-k155-island_0	1495	0	505	0	0.2525	0.9900990099009901
phylter-k155-island_0	1334	0	666	0	0.333	0.6006006006006006
phylter-k155-island_0	1862	13	42	83	0.0625	0.808
phylter-k155-island_0	1251	0	749	0	0.3745	0.801068090787717
phylter-k155-island_0	1798	0	202	0	0.101	0.9900990099009901
phylter-k155-island_0	1834	0	162	4	0.083	0.6024096385542168
phylter-k155-island_0	1375	0	625	0	0.3125	0.8016
phylter-k155-island_0	1251	0	749	0	0.3745	0.801068090787717
phylter-k155-island_0	1834	0	69	97	0.083	0.6024096385542168
phylter-k155-island_0	1167	0	833	0	0.4165	0.6002400960384153
phylter-k155-island_0	1834	0	166	0	0.083	0.6024096385542168
phylter-k155-island_0	1596	0	404	0	0.202	0.9900990099009901
phylter-k155-island_0	1000	0	1000	0	0.5	0.6
phylter-k155-island_0	1394	0	606	0	0.303	0.9900990099009901
phylter-k155-island_0	1626	0	359	15	0.187	0.8021390374331551
phylter-k155-island_0	1750	0	187	63	0.125	0.804
phylter-k155-island_0	1596	0	404	0	0.202	0.9900990099009901
phylter-k155-island_0	1626	0	374	0	0.187	0.8021390374331551
phylter-k155-island_0	1375	0	625	0	0.3125	0.8016
phylter-k155-island_0	1251	0	749	0	0.3745	0.801068090787717
phylter-k155-island_0	1834	0	166	0	0.083	0.6024096385542168
phylter-k155-island_0	1167	0	833	0	0.4165	0.6002400960384153
phylter-k155-island_0	1000	0	1000	0	0.5	0.6
phylter-k155-island_0	1394	0	606	0	0.303	0.9900990099009901
phylter-k155-island_0	1596	0	404	0	0.202	0.9900990099009901
phylter-k155-island_0	1697	0	303	0	0.1515	0.9900990099009901
phylter-k155-island_0	1495	0	505	0	0.2525	0.9900990099009901
phylter-k155-island_0	1875	24	5	96	0.0505	0.9900990099009901
phylter-k155-island_0	1798	0	202	0	0.101	0.9900990099009901
phylter-k155-island_0	1899	0	94	7	0.0505	0.9900990099009901
phylter-k155-island_0	1375	0	625	0	0.3125	0.8016
phylter-k155-island_0	1798	0	202	0	0.101	0.9900990099009901
phylter-k155-island_0	1394	0	606	0	0.303	0.9900990099009901
phylter-k155-island_0	1000	0	1000	0	0.5	0.6
phylter-k155-island_0	1495	0	505	0	0.2525	0.9900990099009901
phylter-k155-island_0	1750	0	250	0	0.125	0.804
phylter-k155-island_0	1375	0	625	0	0.3125	0.8016
phylter-k155-island_0	1500	0	497	3	0.25	0.6
phylter-k155-island_0	1167	0	833	0	0.4165	0.6002400960384153
phylter-k155-island_0	1878	21	9	92	0.0505	0.9900990099009901
phylter-k155-island_0	1596	0	404	0	0.202	0.9900990099009901
phylter-k155-island_0	1495	0	505	0	0.2525	0.9900990099009901
phylter-k155-island_0	1500	0	500	0	0.25	0.802
phylter-k155-island_0	1167	0	833	0	0.4165	0.6002400960384153
phylter-k155-island_0	1334	0	666	0	0.333	0.6006006006006006
phylter-k155-island_0	1822	53	24	101	0.0625	0.808
phylter-k155-island_0	1501	196	7	296	0.1515	0.9900990099009901
phylter-k155-island_0	1596	0	404	0	0.202	0.9900990099009901
phylter-k155-island_0	1334	0	666	0	0.333	0.6006006006006006
phylter-k155-island_0	1870	5	30	95	0.0625	0.808
phylter-k155-island_0	1375	0	625	0	0.3125	0.8016
phylter-k155-island_0	1788	10	33	169	0.101	0.9900990099009901
phylter-k155-island_0	1899	0	101	0	0.0505	0.9900990099009901
phylter-k155-island_0	1899	0	101	0	0.0505	0.9900990099009901
phylter-k155-island_0	1167	0	833	0	0.4165	0.6002400960384153
phylter-k155-island_0	1167	0	833	0	0.4165	0.6002400960384153
phylter-k155-island_0	1667	0	333	0	0.1665	0.6006006006006006
phylter-k155-island_0	1394	0	606	0	0.303	0.9900990099009901
phylter-k155-island_0	1697	0	303	0	0.1515	0.9900990099009901
phylter-k155-island_0	1495	0	505	0	0.2525	0.9900990099009901
phylter-k155-island_0	1500	0	500	0	0.25	0.6
phylter-k155-island_0	1899	0	101	0	0.0505	0.9900990099009901
phylter-k155-island_0	1796	2	202	0	0.101	0.9900990099009901
phylter-k155-island_0	1167	0	833	0	0.4165	0.6002400960384153
phylter-k155-island_0	1867	32	22	79	0.0505	0.9900990099009901
phylter-k155-island_0	1500	0	500	0	0.25	0.6
phylter-k155-island_0	1780	18	28	174	0.101	0.9900990099009901
phylter-k155-island_0	1867	8	51	74	0.0625	0.808
phylter-k155-island_0	1394	0	606	0	0.303	0.9900990099009901
phylter-k155-island_0	1667	0	253	80	0.1665	0.6006006006006006
phylter-k155-island_0	1495	0	505	0	0.2525	0.9900990099009901
phylter-k155-island_0	1689	8	70	233	0.1515	0.9900990099009901
phylter-k155-island_0	1750	0	250	0	0.125	0.804
phylter-k155-island_0	1500	0	500	0	0.25	0.6
phylter-k155-island_0	1750	0	250	0	0.125	0.804
phylter-k155-island_0	1667	0	333	0	0.1665	0.6006006006006006
phylter-k155-island_0	1500	0	492	8	0.25	0.802
phylter-k155-island_0	1870	5	47	78	0.0625	0.808
phylter-k155-island_0	1697	0	303	0	0.1515	0.9900990099009901
phylter-k155-island_0	1740	10	76	174	0.125	0.804
phylter-k155-island_0	1500	0	500	0	0.25	0.6
phylter-k155-island_0	1500	0	500	0	0.25	0.802
phylter-k155-island_0	1334	0	666	0	0.333	0.6006006006006006
phylter-k155-island_0	1875	0	125	0	0.0625	0.808
phylter-k155-island_0	1821	13	85	81	0.083	0.6024096385542168
phylter-k155-island_0	1626	0	370	4	0.187	0.8021390374331551
phylter-k155-island_0	1251	0	749	0	0.3745	0.801068090787717
phylter-k155-island_0	1828	6	165	1	0.083	0.6024096385542168
phylter-k155-island_0	1251	0	749	0	0.3745	0.801068090787717
phylter-k155-island_0	1334	0	666	0	0.333	0.6006006006006006
phylter-k155-island_0	1861	14	26	99	0.0625	0.808
phylter-k155-island_0	1500	0	500	0	0.25	0.802
phylter-k155-island_0	1637	113	48	202	0.125	0.804
phylter-k155-island_0	1799	35	73	93	0.083	0.6024096385542168
phylter-k155-island_0	1500	0	500	0	0.25	0.802
phylter-k155-island_0	1750	0	250	0	0.125	0.804
phylter-k155-island_0	1000	0	1000	0	0.5	0.6
phylter-k155-island_0	1667	0	333	0	0.1665	0.6006006006006006
phylter-k155-island_0	1394	0	606	0	0.303	0.9900990099009901
phylter-k155-island_0	1626	0	374	0	0.187	0.8021390374331551
phylter-k155-island_0	1375	0	625	0	0.3125	0.8016
phylter-k155-island_0	1667	0	303	30	0.1665	0.6006006006006006
phylter-k155-island_0	998	2	1000	0	0.5	0.6
phylter-k155-island_0	1500	0	500	0	0.25	0.802
phylter-k155-island_0	1500	0	500	0	0.25	0.802
phylter-k155-island_0	1375	0	625	0	0.3125	0.8016
phylter-k155-island_0	1626	0	374	0	0.187	0.8021390374331551
phylter-k155-island_0	1500	0	500	0	0.25	0.802
phylter-k155-island_0	1596	0	404	0	0.202	0.9900990099009901
phylter-k155-island_0	1831	3	88	78	0.083	0.6024096385542168
phylter-k155-island_0	1251	0	749	0	0.3745	0.801068090787717
phylter-k155-island_0	1596	0	404	0	0.202	0.9900990099009901
phylter-k155-island_0	1833	1	132	34	0.083	0.6024096385542168
phylter-k155-island_0	1251	0	749	0	0.3745	0.801068090787717
phylter-k155-island_0	1626	0	374	0	0.187	0.8021390374331551
phylter-k155-island_0	1375	0	625	0	0.3125	0.8016
phylter-k155-island_0	1500	0	500	0	0.25	0.802
phylter-k155-island_0	1000	0	1000	0	0.5	0.6
phylter-k155-island_0	1495	0	505	0	0.2525	0.9900990099009901
phylter-k155-island_0	1596	0	404	0	0.202	0.9900990099009901
phylter-k155-island_0	1750	0	244	6	0.125	0.804
phylter-k155-island_0	1626	0	374	0	0.187	0.8021390374331551
phylter-k155-island_0	1822	53	27	98	0.0625	0.808
phylter-k155-island_0	1500	0	500	0	0.25	0.802
phylter-k155-island_0	1375	0	625	0	0.3125	0.8016
phylter-k155-island_0	1000	0	1000	0	0.5	0.6
phylter-k155-island_0	1167	0	833	0	0.4165	0.6002400960384153
phylter-k155-island_0	1000	0	1000	0	0.5	0.6
phylter-k155-island_0	1375	0	625	0	0.3125	0.8016
phylter-k155-island_0	1894	5	33	68	0.0505	0.9900990099009901
phylter-k155-island_0	1166	1	833	0	0.4165	0.6002400960384153
phylter-k155-island_0	1596	0	404	0	0.202	0.9900990099009901
phylter-k155-island_0	1665	32	17	286	0.1515	0.9900990099009901
phylter-k155-island_0	1500	0	500	0	0.25	0.802
phylter-k155-island_0	1884	15	4	97	0.0505	0.9900990099009901
phylter-k155-island_0	1394	0	606	0	0.303	0.9900990099009901
phylter-k155-island_0	1494	1	505	0	0.2525	0.9900990099009901
phylter-k155-island_0	1750	0	250	0	0.125	0.804
phylter-k155-island_0	1500	0	500	0	0.25	0.802
phylter-k155-island_0	1875	0	125	0	0.0625	0.808
phylter-k155-island_0	1394	0	606	0	0.303	0.9900990099009901
phylter-k155-island_0	1749	1	247	3	0.125	0.804
phylter-k155-island_0	1697	0	303	0	0.1515	0.9900990099009901
phylter-k155-island_0	1495	0	505	0	0.2525	0.9900990099009901
phylter-k155-island_0	1167	0	833	0	0.4165	0.6002400960384153
phylter-k155-island_0	1899	0	101	0	0.0505	0.9900990099009901
phylter-k155-island_0	1626	0	374	0	0.187	0.8021390374331551
phylter-k155-island_0	1394	0	606	0	0.303	0.9900990099009901
phylter-k155-island_0	1827	7	111	55	0.083	0.6024096385542168
phylter-k155-island_0	1834	0	166	0	0.083	0.6024096385542168
phylter-k155-island_0	1616	10	137	237	0.187	0.8021390374331551
phylter-k155-island_0	1783	15	7	195	0.101	0.9900990099009901
phylter-k155-island_0	1394	0	606	0	0.303	0.9900990099009901
phylter-k155-island_0	1334	0	666	0	0.333	0.6006006006006006
phylter-k155-island_0	1334	0	666	0	0.333	0.6006006006006006
phylter-k155-island_0	1394	0	606	0	0.303	0.9900990099009901
phylter-k155-island_0	1834	0	166	0	0.083	0.6024096385542168
phylter-k155-island_0	1798	0	202	0	0.101	0.9900990099009901
phylter-k155-island_0	1495	0	505	0	0.2525	0.9900990099009901
phylter-k155-island_0	1334	0	666	0	0.333	0.6006006006006006
phylter-k155-island_0	1394	0	606	0	0.303	0.9900990099009901
phylter-k155-island_0	1000	0	1000	0	0.5	0.6
phylter-k155-island_0	1649	18	153	180	0.1665	0.6006006006006006
phylter-k155-island_0	1500	0	500	0	0.25	0.6
phylter-k155-island_0	1829	5	89	77	0.083	0.6024096385542168
phylter-k155-island_0	1798	0	202	0	0.101	0.9900990099009901
phylter-k155-island_0	1500	0	500	0	0.25	0.6
phylter-k155-island_0	1495	0	505	0	0.2525	0.9900990099009901
phylter-k155-island_0	1000	0	1000	0	0.5	0.6
phylter-k155-island_0	1667	0	332	1	0.1665	0.6006006006006006
phylter-k155-island_0	1394	0	606	0	0.303	0.9900990099009901
phylter-k155-island_0	1500	0	500	0	0.25	0.6
phylter-k155-island_0	1834	0	166	0	0.083	0.6024096385542168
phylter-k155-island_0	1251	0	749	0	0.3745	0.801068090787717
phylter-k155-island_0	1874	1	114	11	0.0625	0.808
phylter-k155-island_0	1334	0	666	0	0.333	0.6006006006006006
phylter-k155-island_0	1662	5	164	169	0.1665	0.6006006006006006
phylter-k155-island_0	1000	0	1000	0	0.5	0.6
phylter-k155-island_0	1844	31	26	99	0.0625	0.808
phylter-k155-island_0	1334	0	666	0	0.333	0.6006006006006006
phylter-k155-island_0	1626	0	374	0	0.187	0.8021390374331551
phylter-k155-island_0	1394	0	606	0	0.303	0.9900990099009901
phylter-k155-island_0	1829	5	72	94	0.083	0.6024096385542168
phylter-k155-island_0	1251	0	749	0	0.3745	0.801068090787717
phylter-k155-island_0	1495	0	505	0	0.2525	0.9900990099009901
phylter-k155-island_0	1697	0	303	0	0.1515	0.9900990099009901
phylter-k155-island_0	1731	19	53	197	0.125	0.804
phylter-k155-island_0	1875	0	125	0	0.0625	0.808
phylter-k155-island_0	1500	0	500	0	0.25	0.802
phylter-k155-island_0	1000	0	1000	0	0.5	0.6
phylter-k155-island_0	1667	0	333	0	0.1665	0.6006006006006006
phylter-k155-island_0	1798	0	202	0	0.101	0.9900990099009901
phylter-k155-island_0	1251	0	749	0	0.3745	0.801068090787717
phylter-k155-island_0	1697	0	301	2	0.1515	0.9900990099009901
phylter-k155-island_0	1167	0	833	0	0.4165	0.6002400960384153
phylter-k155-island_0	1500	0	500	0	0.25	0.6
phylter-k155-island_0	1894	5	3	98	0.0505	0.9900990099009901
phylter-k155-island_0	1846	53	4	97	0.0505	0.9900990099009901
phylter-k155-island_0	1500	0	500	0	0.25	0.6
phylter-k155-island_0	1697	0	303	0	0.1515	0.9900990099009901
phylter-k155-island_0	1750	0	250	0	0.125	0.804
phylter-k155-island_0	1697	0	303	0	0.1515	0.9900990099009901
phylter-k155-island_0	1495	0	505	0	0.2525	0.9900990099009901
phylter-k155-island_0	1000	0	1000	0	0.5	0.6
phylter-k155-island_0	1667	0	332	1	0.1665	0.6006006006006006
phylter-k155-island_0	1893	6	38	63	0.0505	0.9900990099009901
phylter-k155-island_0	1167	0	833	0	0.4165	0.6002400960384153
phylter-k155-island_0	1697	0	303	0	0.1515	0.9900990099009901
phylter-k155-island_0	1375	0	625	0	0.3125	0.8016
phylter-k155-island_0	1251	0	749	0	0.3745	0.801068090787717
phylter-k155-island_0	1334	0	666	0	0.333	0.6006006006006006
phylter-k155-island_0	1828	47	40	85	0.0625	0.808
phylter-k155-island_0	1500	0	500	0	0.25	0.802
phylter-k155-island_0	1697	0	303	0	0.1515	0.9900990099009901
phylter-k155-island_0	1596	0	404	0	0.202	0.9900990099009901
phylter-k155-island_0	1703	95	5	197	0.101	0.9900990099009901
phylter-k155-island_0	1500	0	500	0	0.25	0.802
phylter-k155-island_0	1334	0	666	0	0.333	0.6006006006006006
phylter-k155-island_0	1875	0	125	0	0.0625	0.808
phylter-k155-island_0	1596	0	404	0	0.202	0.9900990099009901
phylter-k155-island_0	1742	8	92	158	0.125	0.804
phylter-k155-island_0	1495	0	505	0	0.2525	0.9900990099009901
phylter-k155-island_0	1167	0	833	0	0.4165	0.6002400960384153
phylter-k155-island_0	1375	0	625	0	0.3125	0.8016
phylter-k155-island_0	1251	0	749	0	0.3745	0.801068090787717
phylter-k155-island_0	1890	9	1	100	0.0505	0.9900990099009901
phylter-k155-island_0	1394	0	606	0	0.303	0.9900990099009901
phylter-k155-island_0	1495	202	3	300	0.1515	0.9900990099009901
phylter-k155-island_0	1495	0	505	0	0.2525	0.9900990099009901
phylter-k155-island_0	1394	0	606	0	0.303	0.9900990099009901
phylter-k155-island_0	1500	0	500	0	0.25	0.802
phylter-k155-island_0	1869	6	76	49	0.0625	0.808
phylter-k155-island_0	1495	0	505	0	0.2525	0.9900990099009901
phylter-k155-island_0	1697	0	303	0	0.1515	0.9900990099009901
phylter-k155-island_0	1167	0	833	0	0.4165	0.6002400960384153
phylter-k155-island_0	1899	0	101	0	0.0505	0.9900990099009901
phylter-k155-island_0	1596	0	404	0	0.202	0.9900990099009901
phylter-k155-island_0	1748	2	225	25	0.125	0.804
phylter-k155-island_0	1495	0	505	0	0.2525	0.9900990099009901
phylter-k155-island_0	1500	0	500	0	0.25	0.802
phylter-k155-island_0	1875	0	125	0	0.0625	0.808
phylter-k155-island_0	1626	0	374	0	0.187	0.8021390374331551
phylter-k155-island_0	1000	0	1000	0	0.5	0.6
phylter-k155-island_0	1375	0	625	0	0.3125	0.8016
phylter-k155-island_0	1167	0	833	0	0.4165	0.6002400960384153
phylter-k155-island_0	1375	0	625	0	0.3125	0.8016
phylter-k155-island_0	1000	0	1000	0	0.5	0.6
phylter-k155-island_0	1890	9	19	82	0.0505	0.9900990099009901
phylter-k155-island_0	1167	0	833	0	0.4165	0.6002400960384153
phylter-k155-island_0	1697	0	303	0	0.1515	0.9900990099009901
phylter-k155-island_0	1596	0	404	0	0.202	0.9900990099009901
phylter-k155-island_0	1626	0	374	0	0.187	0.8021390374331551
phylter-k155-island_0	1875	0	101	24	0.0625	0.808
phylter-k155-island_0	1500	0	500	0	0.25	0.802
phylter-k155-island_0	1798	0	202	0	0.101	0.9900990099009901
phylter-k155-island_0	1334	0	666	0	0.333	0.6006006006006006
phylter-k155-island_0	1386	8	606	0	0.303	0.9900990099009901
phylter-k155-island_0	1626	0	374	0	0.187	0.8021390374331551
phylter-k155-island_0	1394	0	606	0	0.303	0.9900990099009901
phylter-k155-island_0	1000	0	1000	0	0.5	0.6
phylter-k155-island_0	1334	0	666	0	0.333	0.6006006006006006
phylter-k155-island_0	1828	6	110	56	0.083	0.6024096385542168
phylter-k155-island_0	1798	0	202	0	0.101	0.9900990099009901
phylter-k155-island_0	1626	0	374	0	0.187	0.8021390374331551
phylter-k155-island_0	1394	0	606	0	0.303	0.9900990099009901
phylter-k155-island_0	1789	45	59	107	0.083	0.6024096385542168
phylter-k155-island_0	1830	4	68	98	0.083	0.6024096385542168
phylter-k155-island_0	1834	0	166	0	0.083	0.6024096385542168
phylter-k155-island_0	1251	0	749	0	0.3745	0.801068090787717
phylter-k155-island_0	1667	0	332	1	0.1665	0.6006006006006006
phylter-k155-island_0	1862	13	40	85	0.0625	0.808
phylter-k155-island_0	1334	0	666	0	0.333	0.6006006006006006
phylter-k155-island_0	1394	0	606	0	0.303	0.9900990099009901
phylter-k155-island_0	1870	5	125	0	0.0625	0.808
phylter-k155-island_0	1334	0	666	0	0.333	0.6006006006006006
phylter-k155-island_0	1000	0	1000	0	0.5	0.6
phylter-k155-island_0	1798	36	68	98	0.083	0.6024096385542168
phylter-k155-island_0	1251	0	749	0	0.3745	0.801068090787717
phylter-k155-island_0	1495	0	505	0	0.2525	0.9900990099009901
phylter-k155-island_0	1000	0	1000	0	0.5	0.6
phylter-k155-island_0	1394	0	606	0	0.303	0.9900990099009901
phylter-k155-island_0	1334	0	666	0	0.333	0.6006006006006006
phylter-k155-island_0	1757	41	11	191	0.101	0.9900990099009901
phylter-k155-island_0	1831	3	123	43	0.083	0.6024096385542168
phylter-k155-island_0	1500	0	500	0	0.25	0.6
phylter-k155-island_0	1798	0	202	0	0.101	0.9900990099009901
phylter-k155-island_0	1500	0	500	0	0.25	0.6
phylter-k155-island_0	1495	0	505	0	0.2525	0.9900990099009901
phylter-k155-island_0	1394	0	606	0	0.303	0.9900990099009901
phylter-k155-island_0	1000	0	1000	0	0.5	0.6
phylter-k155-island_0	1667	0	333	0	0.1665	0.6006006006006006
phylter-k155-island_0	1697	0	303	0	0.1515	0.9900990099009901
phylter-k155-island_0	1899	0	78	23	0.0505	0.9900990099009901
phylter-k155-island_0	1167	0	833	0	0.4165	0.6002400960384153
phylter-k155-island_0	1251	0	749	0	0.3745	0.801068090787717
phylter-k155-island_0	1375	0	625	0	0.3125	0.8016
phylter-k155-island_0	1798	0	200	2	0.101	0.9900990099009901
phylter-k155-island_0	1500	0	500	0	0.25	0.802
phylter-k155-island_0	1334	0	666	0	0.333	0.6006006006006006
phylter-k155-island_0	1875	0	55	70	0.0625	0.808
phylter-k155-island_0	1596	0	404	0	0.202	0.9900990099009901
phylter-k155-island_0	1697	0	303	0	0.1515	0.9900990099009901
phylter-k155-island_0	1334	0	666	0	0.333	0.6006006006006006
phylter-k155-island_0	1500	0	500	0	0.25	0.802
phylter-k155-island_0	1495	0	505	0	0.2525	0.9900990099009901
phylter-k155-island_0	1596	0	404	0	0.202	0.9900990099009901
phylter-k155-island_0	1750	0	250	0	0.125	0.804
phylter-k155-island_0	1167	0	833	0	0.4165	0.6002400960384153
phylter-k155-island_0	1251	0	749	0	0.3745	0.801068090787717
phylter-k155-island_0	1373	2	625	0	0.3125	0.8016
phylter-k155-island_0	1470	280	41	209	0.125	0.804
phylter-k155-island_0	1495	0	505	0	0.2525	0.9900990099009901
phylter-k155-island_0	1000	0	1000	0	0.5	0.6
phylter-k155-island_0	1500	0	500	0	0.25	0.802
phylter-k155-island_0	1798	0	202	0	0.101	0.9900990099009901
phylter-k155-island_0	1845	30	33	92	0.0625	0.808
phylter-k155-island_0	1251	0	749	0	0.3745	0.801068090787717
phylter-k155-island_0	1167	0	833	0	0.4165	0.6002400960384153
phylter-k155-island_0	1899	0	101	0	0.0505	0.9900990099009901
phylter-k155-island_0	1500	0	500	0	0.25	0.6
phylter-k155-island_0	1697	0	303	0	0.1515	0.9900990099009901
phylter-k155-island_0	1500	0	500	0	0.25	0.6
phylter-k155-island_0	1893	6	59	42	0.0505	0.9900990099009901
phylter-k155-island_0	1495	0	505	0	0.2525	0.9900990099009901
phylter-k155-island_0	1697	0	303	0	0.1515	0.9900990099009901
phylter-k155-island_0	1750	0	250	0	0.125	0.804
phylter-k155-island_0	1000	0	1000	0	0.5	0.6
phylter-k155-island_0	1667	0	333	0	0.1665	0.6006006006006006
phylter-k155-island_0	1394	0	606	0	0.303	0.9900990099009901
phylter-k155-island_0	1000	0	1000	0	0.5	0.6
phylter-k155-island_0	1495	0	505	0	0.2525	0.9900990099009901
phylter-k155-island_0	1697	0	303	0	0.1515	0.9900990099009901
phylter-k155-island_0	1596	0	404	0	0.202	0.9900990099009901
phylter-k155-island_0	1894	5	97	4	0.0505	0.9900990099009901
phylter-k155-island_0	1798	0	202	0	0.101	0.9900990099009901
phylter-k155-island_0	1886	13	31	70	0.0505	0.9900990099009901
phylter-k155-island_0	1791	7	80	122	0.101	0.9900990099009901
phylter-k155-island_0	1375	0	625	0	0.3125	0.8016
phylter-k155-island_0	1000	0	1000	0	0.5	0.6
phylter-k155-island_0	1394	0	606	0	0.303	0.9900990099009901
phylter-k155-island_0	1626	0	374	0	0.187	0.8021390374331551
phylter-k155-island_0	1697	0	303	0	0.1515	0.9900990099009901
phylter-k155-island_0	1495	0	505	0	0.2525	0.9900990099009901
phylter-k155-island_0	1750	0	250	0	0.125	0.804
phylter-k155-island_0	1244	7	747	2	0.3745	0.801068090787717
phylter-k155-island_0	1375	0	625	0	0.3125	0.8016
phylter-k155-island_0	1834	0	166	0	0.083	0.6024096385542168
phylter-k155-island_0	1167	0	833	0	0.4165	0.6002400960384153
phylter-k155-island_0	1596	0	404	0	0.202	0.9900990099009901
phylter-k155-island_0	1394	0	606	0	0.303	0.9900990099009901
phylter-k155-island_0	1000	0	1000	0	0.5	0.6
phylter-k155-island_0	1596	0	404	0	0.202	0.9900990099009901
phylter-k155-island_0	1750	0	250	0	0.125	0.804
phylter-k155-island_0	1626	0	374	0	0.187	0.8021390374331551
phylter-k155-island_0	1251	0	749	0	0.3745	0.801068090787717
phylter-k155-island_0	1375	0	625	0	0.3125	0.8016
phylter-k155-island_0	1812	22	76	90	0.083	0.6024096385542168
phylter-k155-island_0	1167	0	833	0	0.4165	0.6002400960384153
phylter-k155-island_0	1394	0	606	0	0.303	0.9900990099009901
phylter-k155-island_0	1667	0	333	0	0.1665	0.6006006006006006
phylter-k155-island_0	1167	0	833	0	0.4165	0.6002400960384153
phylter-k155-island_0	1495	0	505	0	0.2525	0.9900990099009901
phylter-k155-island_0	1697	0	303	0	0.1515	0.9900990099009901
phylter-k155-island_0	1898	1	50	51	0.0505	0.9900990099009901
phylter-k155-island_0	1500	0	500	0	0.25	0.6
phylter-k155-island_0	1798	0	202	0	0.101	0.9900990099009901
phylter-k155-island_0	1167	0	833	0	0.4165	0.6002400960384153
phylter-k155-island_0	1500	0	500	0	0.25	0.6
phylter-k155-island_0	1897	2	22	79	0.0505	0.9900990099009901
phylter-k155-island_0	1167	0	833	0	0.4165	0.6002400960384153
phylter-k155-island_0	1652	15	140	193	0.1665	0.6006006006006006
phylter-k155-island_0	1394	0	606	0	0.303	0.9900990099009901
phylter-k155-island_0	1875	0	125	0	0.0625	0.808
phylter-k155-island_0	1495	0	505	0	0.2525	0.9900990099009901
phylter-k155-island_0	1375	0	625	0	0.3125	0.8016
phylter-k155-island_0	1899	0	101	0	0.0505	0.9900990099009901
phylter-k155-island_0	1167	0	833	0	0.4165	0.6002400960384153
phylter-k155-island_0	1500	0	500	0	0.25	0.6
phylter-k155-island_0	1495	0	505	0	0.2525	0.9900990099009901
phylter-k155-island_0	1596	0	404	0	0.202	0.9900990099009901
phylter-k155-island_0	1334	0	666	0	0.333	0.6006006006006006
phylter-k155-island_0	1869	6	83	42	0.0625	0.808
phylter-k155-island_0	1167	0	833	0	0.4165	0.6002400960384153
phylter-k155-island_0	1596	0	404	0	0.202	0.9900990099009901
phylter-k155-island_0	1697	0	303	0	0.1515	0.9900990099009901
phylter-k155-island_0	1334	0	666	0	0.333	0.6006006006006006
phylter-k155-island_0	1875	0	125	0	0.0625	0.808
phylter-k155-island_0	1798	0	202	0	0.101	0.9900990099009901
phylter-k155-island_0	1375	0	625	0	0.3125	0.8016
phylter-k155-island_0	1500	0	500	0	0.25	0.6
phylter-k155-island_0	1864	35	5	96	0.0505	0.9900990099009901
phylter-k155-island_0	1167	0	833	0	0.4165	0.6002400960384153
phylter-k155-island_0	1334	0	666	0	0.333	0.6006006006006006
phylter-k155-island_0	1875	0	125	0	0.0625	0.808
phylter-k155-island_0	1500	0	500	0	0.25	0.802
phylter-k155-island_0	1626	0	374	0	0.187	0.8021390374331551
phylter-k155-island_0	1832	2	149	17	0.083	0.6024096385542168
phylter-k155-island_0	1251	0	749	0	0.3745	0.801068090787717
phylter-k155-island_0	1810	24	69	97	0.083	0.6024096385542168
phylter-k155-island_0	1167	0	833	0	0.4165	0.6002400960384153
phylter-k155-island_0	1626	0	374	0	0.187	0.8021390374331551
phylter-k155-island_0	1251	0	749	0	0.3745	0.801068090787717
phylter-k155-island_0	1500	0	500	0	0.25	0.802
phylter-k155-island_0	1334	0	666	0	0.333	0.6006006006006006
phylter-k155-island_0	1864	11	31	94	0.0625	0.808
phylter-k155-island_0	1750	0	250	0	0.125	0.804
phylter-k155-island_0	1500	0	500	0	0.25	0.6
phylter-k155-island_0	1495	0	505	0	0.2525	0.9900990099009901
phylter-k155-island_0	1750	0	250	0	0.125	0.804
phylter-k155-island_0	1873	2	62	63	0.0625	0.808
phylter-k155-island_0	1500	0	500	0	0.25	0.802
phylter-k155-island_0	1667	0	333	0	0.1665	0.6006006006006006
phylter-k155-island_0	1667	0	333	0	0.1665	0.6006006006006006
phylter-k155-island_0	1899	0	101	0	0.0505	0.9900990099009901
phylter-k155-island_0	1375	0	625	0	0.3125	0.8016
phylter-k155-island_0	1500	0	500	0	0.25	0.802
phylter-k155-island_0	1596	0	404	0	0.202	0.9900990099009901
phylter-k155-island_0	1807	27	85	81	0.083	0.6024096385542168
phylter-k155-island_0	1500	0	500	0	0.25	0.802
phylter-k155-island_0	1251	0	749	0	0.3745	0.801068090787717
phylter-k155-island_0	1596	0	404	0	0.202	0.9900990099009901
phylter-k155-island_0	1834	0	166	0	0.083	0.6024096385542168
phylter-k155-island_0	1251	0	749	0	0.3745	0.801068090787717
phylter-k155-island_0	1000	0	1000	0	0.5	0.6
phylter-k155-island_0	1500	0	500	0	0.25	0.802
phylter-k155-island_0	1626	0	374	0	0.187	0.8021390374331551
phylter-k155-island_0	1500	0	500	0	0.25	0.802
phylter-k155-island_0	1834	0	165	1	0.083	0.6024096385542168
phylter-k155-island_0	1375	0	625	0	0.3125	0.8016
phylter-k155-island_0	1653	14	171	162	0.1665	0.6006006006006006
phylter-k155-island_0	1626	0	374	0	0.187	0.8021390374331551
phylter-k155-island_0	1000	0	1000	0	0.5	0.6
phylter-k155-island_0	1750	0	250	0	0.125	0.804
phylter-k155-island_0	1000	0	1000	0	0.5	0.6
phylter-k200-island_0	1394	0	606	0	0.303	0.9900990099009901
phylter-k200-island_0	1334	0	666	0	0.333	0.6006006006006006
phylter-k200-island_0	1334	0	666	0	0.333	0.6006006006006006
phylter-k200-island_0	1394	0	606	0	0.303	0.9900990099009901
phylter-k200-island_0	1789	9	2	200	0.101	0.9900990099009901
phylter-k200-island_0	1626	0	374	0	0.187	0.8021390374331551
phylter-k200-island_0	1334	0	666	0	0.333	0.6006006006006006
phylter-k200-island_0	1834	0	121	45	0.083	0.6024096385542168
phylter-k200-island_0	1796	2	3	199	0.101	0.9900990099009901
phylter-k200-island_0	1834	0	166	0	0.083	0.6024096385542168
phylter-k200-island_0	1626	0	374	0	0.187	0.8021390374331551
phylter-k200-island_0	1375	0	625	0	0.3125	0.8016
phylter-k200-island_0	1899	0	101	0	0.0505	0.9900990099009901
phylter-k200-island_0	1697	0	303	0	0.1515	0.9900990099009901
phylter-k200-island_0	1495	0	505	0	0.2525	0.9900990099009901
phylter-k200-island_0	1750	0	250	0	0.125	0.804
phylter-k200-island_0	1626	0	370	4	0.187	0.8021390374331551
phylter-k200-island_0	1394	0	606	0	0.303	0.9900990099009901
phylter-k200-island_0	1596	0	404	0	0.202	0.9900990099009901
phylter-k200-island_0	1750	0	250	0	0.125	0.804
phylter-k200-island_0	1495	0	505	0	0.2525	0.9900990099009901
phylter-k200-island_0	1697	0	303	0	0.1515	0.9900990099009901
phylter-k200-island_0	1667	0	333	0	0.1665	0.6006006006006006
phylter-k200-island_0	1394	0	606	0	0.303	0.9900990099009901
phylter-k200-island_0	1000	0	1000	0	0.5	0.6
phylter-k200-island_0	1894	5	40	61	0.0505	0.9900990099009901
phylter-k200-island_0	1626	0	374	0	0.187	0.8021390374331551
phylter-k200-island_0	1500	0	500	0	0.25	0.802
phylter-k200-island_0	1868	7	27	98	0.0625	0.808
phylter-k200-island_0	1596	0	404	0	0.202	0.9900990099009901
phylter-k200-island_0	1167	0	833	0	0.4165	0.6002400960384153
phylter-k200-island_0	1375	0	625	0	0.3125	0.8016
phylter-k200-island_0	1000	0	1000	0	0.5	0.6
phylter-k200-island_0	1167	0	833	0	0.4165	0.6002400960384153
phylter-k200-island_0	1000	0	1000	0	0.5	0.6
phylter-k200-island_0	1375	0	625	0	0.3125	0.8016
phylter-k200-island_0	1500	0	500	0	0.25	0.802
phylter-k200-island_0	1875	0	125	0	0.0625	0.808
phylter-k200-island_0	1626	0	374	0	0.187	0.8021390374331551
phylter-k200-island_0	1394	0	606	0	0.303	0.9900990099009901
phylter-k200-island_0	1596	0	404	0	0.202	0.9900990099009901
phylter-k200-island_0	1251	0	749	0	0.3745	0.801068090787717
phylter-k200-island_0	1375	0	625	0	0.3125	0.8016
phylter-k200-island_0	1167	0	833	0	0.4165	0.6002400960384153
phylter-k200-island_0	1596	0	404	0	0.202	0.9900990099009901
phylter-k200-island_0	1875	0	125	0	0.0625	0.808
phylter-k200-island_0	1334	0	666	0	0.333	0.6006006006006006
phylter-k200-island_0	1500	0	500	0	0.25	0.802
phylter-k200-island_0	1000	0	1000	0	0.5	0.6
phylter-k200-island_0	1798	0	202	0	0.101	0.9900990099009901
phylter-k200-island_0	1596	0	404	0	0.202	0.9900990099009901
phylter-k200-island_0	1500	0	500	0	0.25	0.802
phylter-k200-island_0	1622	45	132	201	0.1665	0.6006006006006006
phylter-k200-island_0	1790	8	11	191	0.101	0.9900990099009901
phylter-k200-island_0	1869	6	50	75	0.0625	0.808
phylter-k200-island_0	1334	0	666	0	0.333	0.6006006006006006
phylter-k200-island_0	1251	0	749	0	0.3745	0.801068090787717
phylter-k200-island_0	1375	0	625	0	0.3125	0.8016
phylter-k200-island_0	1167	0	833	0	0.4165	0.6002400960384153
phylter-k200-island_0	1500	0	500	0	0.25	0.6
phylter-k200-island_0	1667	0	333	0	0.1665	0.6006006006006006
phylter-k200-island_0	1000	0	1000	0	0.5	0.6
phylter-k200-island_0	1697	0	303	0	0.1515	0.9900990099009901
phylter-k200-island_0	1495	0	505	0	0.2525	0.9900990099009901
phylter-k200-island_0	1596	0	404	0	0.202	0.9900990099009901
phylter-k200-island_0	1750	0	250	0	0.125	0.804
phylter-k200-island_0	1500	0	500	0	0.25	0.6
phylter-k200-island_0	1899	0	100	1	0.0505	0.9900990099009901
phylter-k200-island_0	1697	0	303	0	0.1515	0.9900990099009901
phylter-k200-island_0	1889	10	7	94	0.0505	0.9900990099009901
phylter-k200-island_0	1500	0	495	5	0.25	0.6
phylter-k200-island_0	1375	0	625	0	0.3125	0.8016
phylter-k200-island_0	1666	1	156	177	0.1665	0.6006006006006006
phylter-k200-island_0	1000	0	1000	0	0.5	0.6
phylter-k200-island_0	1334	0	666	0	0.333	0.6006006006006006
phylter-k200-island_0	1747	3	52	198	0.125	0.804
phylter-k200-island_0	1495	0	505	0	0.2525	0.9900990099009901
phylter-k200-island_0	1697	0	303	0	0.1515	0.9900990099009901
phylter-k200-island_0	1251	0	749	0	0.3745	0.801068090787717
phylter-k200-island_0	1833	1	71	95	0.083	0.6024096385542168
phylter-k200-island_0	1334	0	666	0	0.333	0.6006006006006006
phylter-k200-island_0	1871	4	66	59	0.0625	0.808
phylter-k200-island_0	1495	0	505	0	0.2525	0.9900990099009901
phylter-k200-island_0	1334	0	666	0	0.333	0.6006006006006006
phylter-k200-island_0	1866	9	75	50	0.0625	0.808
phylter-k200-island_0	1798	0	202	0	0.101	0.9900990099009901
phylter-k200-island_0	1251	0	749	0	0.3745	0.801068090787717
phylter-k200-island_0	1834	0	166	0	0.083	0.6024096385542168
phylter-k200-island_0	1394	0	606	0	0.303	0.9900990099009901
phylter-k200-island_0	1667	0	333	0	0.1665	0.6006006006006006
phylter-k200-island_0	1000	0	1000	0	0.5	0.6
phylter-k200-island_0	1495	0	505	0	0.2525	0.9900990099009901
phylter-k200-island_0	1500	0	500	0	0.25	0.6
phylter-k200-island_0	1798	0	202	0	0.101	0.9900990099009901
phylter-k200-island_0	1500	0	500	0	0.25	0.6
phylter-k200-island_0	1798	0	202	0	0.101	0.9900990099009901
phylter-k200-island_0	1251	0	749	0	0.3745	0.801068090787717
phylter-k200-island_0	1659	8	138	195	0.1665	0.6006006006006006
phylter-k200-island_0	1000	0	1000	0	0.5	0.6
phylter-k200-island_0	1875	0	125	0	0.0625	0.808
phylter-k200-island_0	1394	0	606	0	0.303	0.9900990099009901
phylter-k200-island_0	1495	0	505	0	0.2525	0.9900990099009901
phylter-k200-island_0	1495	0	505	0	0.2525	0.9900990099009901
phylter-k200-island_0	1697	0	303	0	0.1515	0.9900990099009901
phylter-k200-island_0	1667	0	333	0	0.1665	0.6006006006006006
phylter-k200-island_0	1167	0	833	0	0.4165	0.6002400960384153
phylter-k200-island_0	1334	0	666	0	0.333	0.6006006006006006
phylter-k200-island_0	1394	0	606	0	0.303	0.9900990099009901
phylter-k200-island_0	1793	5	15	187	0.101	0.9900990099009901
phylter-k200-island_0	1375	0	625	0	0.3125	0.8016
phylter-k200-island_0	1500	0	500	0	0.25	0.6
phylter-k200-island_0	1500	0	500	0	0.25	0.6
phylter-k200-island_0	1896	3	35	66	0.0505	0.9900990099009901
phylter-k200-island_0	1798	0	202	0	0.101	0.9900990099009901
phylter-k200-island_0	1899	0	101	0	0.0505	0.9900990099009901
phylter-k200-island_0	1899	0	101	0	0.0505	0.9900990099009901
phylter-k200-island_0	1500	0	500	0	0.25	0.6
phylter-k200-island_0	1697	0	303	0	0.1515	0.9900990099009901
phylter-k200-island_0	1495	0	505	0	0.2525	0.9900990099009901
phylter-k200-island_0	1596	0	404	0	0.202	0.9900990099009901
phylter-k200-island_0	1394	0	606	0	0.303	0.9900990099009901
phylter-k200-island_0	1167	0	833	0	0.4165	0.6002400960384153
phylter-k200-island_0	1667	0	328	5	0.1665	0.6006006006006006
phylter-k200-island_0	1167	0	833	0	0.4165	0.6002400960384153
phylter-k200-island_0	1500	0	500	0	0.25	0.6
phylter-k200-island_0	1500	0	500	0	0.25	0.6
phylter-k200-island_0	1892	7	40	61	0.0505	0.9900990099009901
phylter-k200-island_0	1375	0	625	0	0.3125	0.8016
phylter-k200-island_0	1667	0	333	0	0.1665	0.6006006006006006
phylter-k200-island_0	1865	10	31	94	0.0625	0.808
phylter-k200-island_0	1334	0	666	0	0.333	0.6006006006006006
phylter-k200-island_0	1596	0	404	0	0.202	0.9900990099009901
phylter-k200-island_0	1875	0	124	1	0.0625	0.808
phylter-k200-island_0	1334	0	666	0	0.333	0.6006006006006006
phylter-k200-island_0	1394	0	606	0	0.303	0.9900990099009901
phylter-k200-island_0	1596	0	404	0	0.202	0.9900990099009901
phylter-k200-island_0	1899	0	65	36	0.0505	0.9900990099009901
phylter-k200-island_0	1500	0	500	0	0.25	0.6
phylter-k200-island_0	1167	0	833	0	0.4165	0.6002400960384153
phylter-k200-island_0	1375	0	625	0	0.3125	0.8016
phylter-k200-island_0	1495	0	505	0	0.2525	0.9900990099009901
phylter-k200-island_0	1697	0	303	0	0.1515	0.9900990099009901
phylter-k200-island_0	1000	0	1000	0	0.5	0.6
phylter-k200-island_0	1394	0	606	0	0.303	0.9900990099009901
phylter-k200-island_0	1798	0	202	0	0.101	0.9900990099009901
phylter-k200-island_0	1251	0	749	0	0.3745	0.801068090787717
phylter-k200-island_0	1834	0	166	0	0.083	0.6024096385542168
phylter-k200-island_0	1167	0	833	0	0.4165	0.6002400960384153
phylter-k200-island_0	1889	10	33	68	0.0505	0.9900990099009901
phylter-k200-island_0	1798	0	201	1	0.101	0.9900990099009901
phylter-k200-island_0	1896	3	64	37	0.0505	0.9900990099009901
phylter-k200-island_0	1697	0	303	0	0.1515	0.9900990099009901
phylter-k200-island_0	1495	0	505	0	0.2525	0.9900990099009901
phylter-k200-island_0	1394	0	606	0	0.303	0.9900990099009901
phylter-k200-island_0	1000	0	1000	0	0.5	0.6
phylter-k200-island_0	1899	0	101	0	0.0505	0.9900990099009901
phylter-k200-island_0	1167	0	833	0	0.4165	0.6002400960384153
phylter-k200-island_0	1756	42	2	200	0.101	0.9900990099009901
phylter-k200-island_0	1833	1	158	8	0.083	0.6024096385542168
phylter-k200-island_0	1251	0	749	0	0.3745	0.801068090787717
phylter-k200-island_0	1375	0	625	0	0.3125	0.8016
phylter-k200-island_0	1626	0	374	0	0.187	0.8021390374331551
phylter-k200-island_0	1596	0	404	0	0.202	0.9900990099009901
phylter-k200-island_0	1697	0	301	2	0.1515	0.9900990099009901
phylter-k200-island_0	1732	18	52	198	0.125	0.804
phylter-k200-island_0	1626	0	372	2	0.187	0.8021390374331551
phylter-k200-island_0	1495	0	505	0	0.2525	0.9900990099009901
phylter-k200-island_0	1750	0	250	0	0.125	0.804
phylter-k200-island_0	1596	0	404	0	0.202	0.9900990099009901
phylter-k200-island_0	1167	0	833	0	0.4165	0.6002400960384153
phylter-k200-island_0	1251	0	749	0	0.3745	0.801068090787717
phylter-k200-island_0	1375	0	625	0	0.3125	0.8016
phylter-k200-island_0	1743	7	53	197	0.125	0.804
phylter-k200-island_0	1500	0	500	0	0.25	0.802
phylter-k200-island_0	1626	0	374	0	0.187	0.8021390374331551
phylter-k200-island_0	1375	0	625	0	0.3125	0.8016
phylter-k200-island_0	1251	0	749	0	0.3745	0.801068090787717
phylter-k200-island_0	1834	0	166	0	0.083	0.6024096385542168
phylter-k200-island_0	1596	0	404	0	0.202	0.9900990099009901
phylter-k200-island_0	1250	1	749	0	0.3745	0.801068090787717
phylter-k200-island_0	1834	0	166	0	0.083	0.6024096385542168
phylter-k200-island_0	1596	0	404	0	0.202	0.9900990099009901
phylter-k200-island_0	1375	0	625	0	0.3125	0.8016
phylter-k200-island_0	1667	0	333	0	0.1665	0.6006006006006006
phylter-k200-island_0	1626	0	374	0	0.187	0.8021390374331551
phylter-k200-island_0	1500	0	500	0	0.25	0.802
phylter-k200-island_0	1500	0	500	0	0.25	0.802
phylter-k200-island_0	1798	0	202	0	0.101	0.9900990099009901
phylter-k200-island_0	1000	0	1000	0	0.5	0.6
phylter-k200-island_0	1742	8	52	198	0.125	0.804
phylter-k200-island_0	1667	0	333	0	0.1665	0.6006006006006006
phylter-k200-island_0	1500	0	500	0	0.25	0.802
phylter-k200-island_0	1000	0	1000	0	0.5	0.6
phylter-k200-island_0	1750	0	250	0	0.125	0.804
phylter-k200-island_0	1596	0	404	0	0.202	0.9900990099009901
phylter-k200-island_0	1500	0	500	0	0.25	0.802
phylter-k200-island_0	1251	0	749	0	0.3745	0.801068090787717
phylter-k200-island_0	1500	0	500	0	0.25	0.802
phylter-k200-island_0	1875	0	93	32	0.0625	0.808
phylter-k200-island_0	1334	0	666	0	0.333	0.6006006006006006
phylter-k200-island_0	1251	0	749	0	0.3745	0.801068090787717
phylter-k200-island_0	1831	3	161	5	0.083	0.6024096385542168
phylter-k200-island_0	1626	0	374	0	0.187	0.8021390374331551
phylter-k200-island_0	1626	0	374	0	0.187	0.8021390374331551
phylter-k200-island_0	1500	0	500	0	0.25	0.6
phylter-k200-island_0	1831	3	67	99	0.083	0.6024096385542168
phylter-k200-island_0	1875	0	125	0	0.0625	0.808
phylter-k200-island_0	1334	0	666	0	0.333	0.6006006006006006
phylter-k200-island_0	1660	7	134	199	0.1665	0.6006006006006006
phylter-k200-island_0	1500	0	500	0	0.25	0.802
phylter-k200-island_0	1500	0	496	4	0.25	0.6
phylter-k200-island_0	1626	0	374	0	0.187	0.8021390374331551
phylter-k200-island_0	1251	0	749	0	0.3745	0.801068090787717
phylter-k200-island_0	1660	7	133	200	0.1665	0.6006006006006006
phylter-k200-island_0	1750	0	250	0	0.125	0.804
phylter-k200-island_0	1334	0	666	0	0.333	0.6006006006006006
phylter-k200-island_0	1667	0	333	0	0.1665	0.6006006006006006
phylter-k200-island_0	1750	0	250	0	0.125	0.804
phylter-k200-island_0	1500	0	500	0	0.25	0.6
phylter-k200-island_0	1831	3	79	87	0.083	0.6024096385542168
phylter-k200-island_0	1500	0	500	0	0.25	0.6
phylter-k200-island_0	1167	0	833	0	0.4165	0.6002400960384153
phylter-k200-island_0	1500	0	500	0	0.25	0.6
phylter-k200-island_0	1375	0	625	0	0.3125	0.8016
phylter-k200-island_0	1873	2	58	67	0.0625	0.808
phylter-k200-island_0	1334	0	666	0	0.333	0.6006006006006006
phylter-k200-island_0	1667	0	333	0	0.1665	0.6006006006006006
phylter-k200-island_0	1596	0	404	0	0.202	0.9900990099009901
phylter-k200-island_0	1394	0	606	0	0.303	0.9900990099009901
phylter-k200-island_0	1875	0	125	0	0.0625	0.808
phylter-k200-island_0	1334	0	666	0	0.333	0.6006006006006006
phylter-k200-island_0	1596	0	404	0	0.202	0.9900990099009901
phylter-k200-island_0	1167	0	833	0	0.4165	0.6002400960384153
phylter-k200-island_0	1899	0	97	4	0.0505	0.9900990099009901
phylter-k200-island_0	1375	0	625	0	0.3125	0.8016
phylter-k200-island_0	1697	0	303	0	0.1515	0.9900990099009901
phylter-k200-island_0	1495	0	505	0	0.2525	0.9900990099009901
phylter-k200-island_0	1394	0	606	0	0.303	0.9900990099009901
phylter-k200-island_0	1334	0	666	0	0.333	0.6006006006006006
phylter-k200-island_0	1167	0	833	0	0.4165	0.6002400960384153
phylter-k200-island_0	1667	0	333	0	0.1665	0.6006006006006006
phylter-k200-island_0	1375	0	625	0	0.3125	0.8016
phylter-k200-island_0	1798	0	202	0	0.101	0.9900990099009901
phylter-k200-island_0	1899	0	101	0	0.0505	0.9900990099009901
phylter-k200-island_0	1500	0	500	0	0.25	0.6
phylter-k200-island_0	1500	0	500	0	0.25	0.6
phylter-k200-island_0	1500	0	500	0	0.25	0.6
phylter-k200-island_0	1899	0	101	0	0.0505	0.9900990099009901
phylter-k200-island_0	1898	1	100	1	0.0505	0.9900990099009901
phylter-k200-island_0	1596	0	404	0	0.202	0.9900990099009901
phylter-k200-island_0	1495	0	505	0	0.2525	0.9900990099009901
phylter-k200-island_0	1697	0	303	0	0.1515	0.9900990099009901
phylter-k200-island_0	1667	0	333	0	0.1665	0.6006006006006006
phylter-k200-island_0	1167	0	833	0	0.4165	0.6002400960384153
phylter-k200-island_0	1394	0	606	0	0.303	0.9900990099009901
phylter-k200-island_0	1895	4	9	92	0.0505	0.9900990099009901
phylter-k200-island_0	1167	0	833	0	0.4165	0.6002400960384153
phylter-k200-island_0	1834	0	166	0	0.083	0.6024096385542168
phylter-k200-island_0	1375	0	625	0	0.3125	0.8016
phylter-k200-island_0	1251	0	749	0	0.3745	0.801068090787717
phylter-k200-island_0	1798	0	202	0	0.101	0.9900990099009901
phylter-k200-island_0	1626	0	374	0	0.187	0.8021390374331551
phylter-k200-island_0	1750	0	250	0	0.125	0.804
phylter-k200-island_0	1697	0	303	0	0.1515	0.9900990099009901
phylter-k200-island_0	1596	0	404	0	0.202	0.9900990099009901
phylter-k200-island_0	1626	0	374	0	0.187	0.8021390374331551
phylter-k200-island_0	1596	0	404	0	0.202	0.9900990099009901
phylter-k200-island_0	1495	0	505	0	0.2525	0.9900990099009901
phylter-k200-island_0	1750	0	249	1	0.125	0.804
phylter-k200-island_0	1167	0	833	0	0.4165	0.6002400960384153
phylter-k200-island_0	1819	15	73	93	0.083	0.6024096385542168
phylter-k200-island_0	1375	0	625	0	0.3125	0.8016
phylter-k200-island_0	1251	0	749	0	0.3745	0.801068090787717
phylter-k200-island_0	1697	0	303	0	0.1515	0.9900990099009901
phylter-k200-island_0	1495	0	505	0	0.2525	0.9900990099009901
phylter-k200-island_0	1394	0	606	0	0.303	0.9900990099009901
phylter-k200-island_0	1000	0	1000	0	0.5	0.6
phylter-k200-island_0	1251	0	749	0	0.3745	0.801068090787717
phylter-k200-island_0	1834	0	166	0	0.083	0.6024096385542168
phylter-k200-island_0	1790	8	4	198	0.101	0.9900990099009901
phylter-k200-island_0	1167	0	833	0	0.4165	0.6002400960384153
phylter-k200-island_0	1895	4	5	96	0.0505	0.9900990099009901
phylter-k200-island_0	1798	0	202	0	0.101	0.9900990099009901
phylter-k200-island_0	1897	2	100	1	0.0505	0.9900990099009901
phylter-k200-island_0	1495	0	505	0	0.2525	0.9900990099009901
phylter-k200-island_0	1697	0	303	0	0.1515	0.9900990099009901
phylter-k200-island_0	1000	0	1000	0	0.5	0.6
phylter-k200-island_0	1394	0	606	0	0.303	0.9900990099009901
phylter-k200-island_0	1500	0	500	0	0.25	0.802
phylter-k200-island_0	1667	0	333	0	0.1665	0.6006006006006006
phylter-k200-island_0	1000	0	1000	0	0.5	0.6
phylter-k200-island_0	1746	4	179	71	0.125	0.804
phylter-k200-island_0	1000	0	1000	0	0.5	0.6
phylter-k200-island_0	1500	0	500	0	0.25	0.802
phylter-k200-island_0	1667	0	331	2	0.1665	0.6006006006006006
phylter-k200-island_0	1750	0	250	0	0.125	0.804
phylter-k200-island_0	1500	0	500	0	0.25	0.802
phylter-k200-island_0	1596	0	404	0	0.202	0.9900990099009901
phylter-k200-island_0	1251	0	749	0	0.3745	0.801068090787717
phylter-k200-island_0	1750	0	250	0	0.125	0.804
phylter-k200-island_0	1375	0	625	0	0.3125	0.8016
phylter-k200-island_0	1626	0	374	0	0.187	0.8021390374331551
phylter-k200-island_0	1500	0	500	0	0.25	0.802
phylter-k200-island_0	1251	0	749	0	0.3745	0.801068090787717
phylter-k200-island_0	1834	0	166	0	0.083	0.6024096385542168
phylter-k200-island_0	1251	0	749	0	0.3745	0.801068090787717
phylter-k200-island_0	1827	7	84	82	0.083	0.6024096385542168
phylter-k200-island_0	1596	0	404	0	0.202	0.9900990099009901
phylter-k200-island_0	1500	0	500	0	0.25	0.802
phylter-k200-island_0	1667	0	333	0	0.1665	0.6006006006006006
phylter-k200-island_0	1626	0	374	0	0.187	0.8021390374331551
phylter-k200-island_0	1375	0	625	0	0.3125	0.8016
phylter-k200-island_0	1626	0	374	0	0.187	0.8021390374331551
phylter-k200-island_0	1500	0	496	4	0.25	0.6
phylter-k200-island_0	1251	0	749	0	0.3745	0.801068090787717
phylter-k200-island_0	1646	21	132	201	0.1665	0.6006006006006006
phylter-k200-island_0	1667	0	333	0	0.1665	0.6006006006006006
phylter-k200-island_0	1334	0	666	0	0.333	0.6006006006006006
phylter-k200-island_0	1750	0	250	0	0.125	0.804
phylter-k200-island_0	1834	0	166	0	0.083	0.6024096385542168
phylter-k200-island_0	1500	0	500	0	0.25	0.6
phylter-k200-island_0	1875	0	36	89	0.0625	0.808
phylter-k200-island_0	1334	0	666	0	0.333	0.6006006006006006
phylter-k200-island_0	1500	0	500	0	0.25	0.802
phylter-k200-island_0	1251	0	749	0	0.3745	0.801068090787717
phylter-k200-island_0	1375	0	625	0	0.3125	0.8016
phylter-k200-island_0	1626	0	374	0	0.187	0.8021390374331551
phylter-k200-island_0	1831	3	124	42	0.083	0.6024096385542168
phylter-k200-island_0	1251	0	749	0	0.3745	0.801068090787717
phylter-k200-island_0	1829	5	111	55	0.083	0.6024096385542168
phylter-k200-island_0	1491	9	209	291	0.25	0.6
phylter-k200-island_0	1596	0	404	0	0.202	0.9900990099009901
phylter-k200-island_0	1500	0	500	0	0.25	0.802
phylter-k200-island_0	1667	0	333	0	0.1665	0.6006006006006006
phylter-k200-island_0	1875	0	125	0	0.0625	0.808
phylter-k200-island_0	1334	0	666	0	0.333	0.6006006006006006
phylter-k200-island_0	1334	0	666	0	0.333	0.6006006006006006
phylter-k200-island_0	1626	0	374	0	0.187	0.8021390374331551
phylter-k200-island_0	1825	9	70	96	0.083	0.6024096385542168
phylter-k200-island_0	1798	0	202	0	0.101	0.9900990099009901
phylter-k200-island_0	1834	0	166	0	0.083	0.6024096385542168
phylter-k200-island_0	1251	0	749	0	0.3745	0.801068090787717
phylter-k200-island_0	1626	0	374	0	0.187	0.8021390374331551
phylter-k200-island_0	1798	0	202	0	0.101	0.9900990099009901
phylter-k200-island_0	1334	0	666	0	0.333	0.6006006006006006
phylter-k200-island_0	1394	0	606	0	0.303	0.9900990099009901
phylter-k200-island_0	1394	0	606	0	0.303	0.9900990099009901
phylter-k200-island_0	1792	6	3	199	0.101	0.9900990099009901
phylter-k200-island_0	1500	0	500	0	0.25	0.802
phylter-k200-island_0	1875	0	125	0	0.0625	0.808
phylter-k200-island_0	1626	0	374	0	0.187	0.8021390374331551
phylter-k200-island_0	1596	0	404	0	0.202	0.9900990099009901
phylter-k200-island_0	1167	0	833	0	0.4165	0.6002400960384153
phylter-k200-island_0	1375	0	625	0	0.3125	0.8016
phylter-k200-island_0	1167	0	833	0	0.4165	0.6002400960384153
phylter-k200-island_0	1375	0	625	0	0.3125	0.8016
phylter-k200-island_0	1000	0	1000	0	0.5	0.6
phylter-k200-island_0	1334	0	666	0	0.333	0.6006006006006006
phylter-k200-island_0	1394	0	606	0	0.303	0.9900990099009901
phylter-k200-island_0	1626	0	374	0	0.187	0.8021390374331551
phylter-k200-island_0	1500	0	500	0	0.25	0.802
phylter-k200-island_0	1875	0	117	8	0.0625	0.808
phylter-k200-island_0	1596	0	404	0	0.202	0.9900990099009901
phylter-k200-island_0	1375	0	625	0	0.3125	0.8016
phylter-k200-island_0	1899	0	101	0	0.0505	0.9900990099009901
phylter-k200-island_0	1750	0	250	0	0.125	0.804
phylter-k200-island_0	1495	0	505	0	0.2525	0.9900990099009901
phylter-k200-island_0	1697	0	303	0	0.1515	0.9900990099009901
phylter-k200-island_0	1626	0	374	0	0.187	0.8021390374331551
phylter-k200-island_0	1697	0	303	0	0.1515	0.9900990099009901
phylter-k200-island_0	1495	0	505	0	0.2525	0.9900990099009901
phylter-k200-island_0	1596	0	404	0	0.202	0.9900990099009901
phylter-k200-island_0	1737	13	47	203	0.125	0.804
phylter-k200-island_0	1394	0	606	0	0.303	0.9900990099009901
phylter-k200-island_0	1000	0	1000	0	0.5	0.6
phylter-k200-island_0	1898	1	9	92	0.0505	0.9900990099009901
phylter-k200-island_0	1500	0	500	0	0.25	0.6
phylter-k200-island_0	1667	0	333	0	0.1665	0.6006006006006006
phylter-k200-island_0	1000	0	1000	0	0.5	0.6
phylter-k200-island_0	1596	0	404	0	0.202	0.9900990099009901
phylter-k200-island_0	1750	0	250	0	0.125	0.804
phylter-k200-island_0	1495	0	505	0	0.2525	0.9900990099009901
phylter-k200-island_0	1697	0	303	0	0.1515	0.9900990099009901
phylter-k200-island_0	1697	0	303	0	0.1515	0.9900990099009901
phylter-k200-island_0	1899	0	101	0	0.0505	0.9900990099009901
phylter-k200-island_0	1500	0	500	0	0.25	0.6
phylter-k200-island_0	1500	0	245	255	0.25	0.6
phylter-k200-island_0	1897	2	31	70	0.0505	0.9900990099009901
phylter-k200-island_0	1697	0	303	0	0.1515	0.9900990099009901
phylter-k200-island_0	1375	0	625	0	0.3125	0.8016
phylter-k200-island_0	1334	0	666	0	0.333	0.6006006006006006
phylter-k200-island_0	1659	8	135	198	0.1665	0.6006006006006006
phylter-k200-island_0	1000	0	1000	0	0.5	0.6
phylter-k200-island_0	1697	0	303	0	0.1515	0.9900990099009901
phylter-k200-island_0	1495	0	505	0	0.2525	0.9900990099009901
phylter-k200-island_0	1750	0	250	0	0.125	0.804
phylter-k200-island_0	1375	0	625	0	0.3125	0.8016
phylter-k200-island_0	1251	0	749	0	0.3745	0.801068090787717
phylter-k200-island_0	1167	0	833	0	0.4165	0.6002400960384153
phylter-k200-island_0	1596	0	404	0	0.202	0.9900990099009901
phylter-k200-island_0	1000	0	1000	0	0.5	0.6
phylter-k200-island_0	1500	0	500	0	0.25	0.802
phylter-k200-island_0	1798	0	202	0	0.101	0.9900990099009901
phylter-k200-island_0	1875	0	124	1	0.0625	0.808
phylter-k200-island_0	1334	0	666	0	0.333	0.6006006006006006
phylter-k200-island_0	1596	0	404	0	0.202	0.9900990099009901
phylter-k200-island_0	1875	0	125	0	0.0625	0.808
phylter-k200-island_0	1334	0	666	0	0.333	0.6006006006006006
phylter-k200-island_0	1667	0	333	0	0.1665	0.6006006006006006
phylter-k200-island_0	1500	0	500	0	0.25	0.802
phylter-k200-island_0	1798	0	202	0	0.101	0.9900990099009901
phylter-k200-island_0	1375	0	625	0	0.3125	0.8016
phylter-k200-island_0	1251	0	749	0	0.3745	0.801068090787717
phylter-k200-island_0	1167	0	833	0	0.4165	0.6002400960384153
phylter-k200-island_0	1449	51	197	303	0.25	0.6
phylter-k200-island_0	1667	0	333	0	0.1665	0.6006006006006006
phylter-k200-island_0	1000	0	1000	0	0.5	0.6
phylter-k200-island_0	1394	0	606	0	0.303	0.9900990099009901
phylter-k200-island_0	1500	0	500	0	0.25	0.6
phylter-k200-island_0	1798	0	199	3	0.101	0.9900990099009901
phylter-k200-island_0	1500	0	500	0	0.25	0.6
phylter-k200-island_0	1251	0	749	0	0.3745	0.801068090787717
phylter-k200-island_0	1798	0	186	16	0.101	0.9900990099009901
phylter-k200-island_0	1394	0	606	0	0.303	0.9900990099009901
phylter-k200-island_0	1872	3	40	85	0.0625	0.808
phylter-k200-island_0	1667	0	333	0	0.1665	0.6006006006006006
phylter-k200-island_0	1000	0	1000	0	0.5	0.6
phylter-k200-island_0	1495	0	505	0	0.2525	0.9900990099009901
phylter-k200-island_0	1251	0	749	0	0.3745	0.801068090787717
phylter-k200-island_0	1829	5	105	61	0.083	0.6024096385542168
phylter-k200-island_0	1334	0	666	0	0.333	0.6006006006006006
phylter-k200-island_0	1873	2	120	5	0.0625	0.808
phylter-k200-island_0	1495	0	505	0	0.2525	0.9900990099009901
phylter-k200-island_0	1334	0	666	0	0.333	0.6006006006006006
phylter-k200-island_0	1870	5	27	98	0.0625	0.808
phylter-k200-island_0	1251	0	749	0	0.3745	0.801068090787717
phylter-k200-island_0	1798	0	202	0	0.101	0.9900990099009901
phylter-k200-island_0	1834	0	166	0	0.083	0.6024096385542168
phylter-k200-island_0	1375	0	625	0	0.3125	0.8016
phylter-k200-island_0	1251	0	749	0	0.3745	0.801068090787717
phylter-k200-island_0	1834	0	121	45	0.083	0.6024096385542168
phylter-k200-island_0	1167	0	833	0	0.4165	0.6002400960384153
phylter-k200-island_0	1834	0	166	0	0.083	0.6024096385542168
phylter-k200-island_0	1596	0	404	0	0.202	0.9900990099009901
phylter-k200-island_0	1750	0	250	0	0.125	0.804
phylter-k200-island_0	1000	0	1000	0	0.5	0.6
phylter-k200-island_0	1394	0	606	0	0.303	0.9900990099009901
phylter-k200-island_0	1626	0	374	0	0.187	0.8021390374331551
phylter-k200-island_0	1750	0	249	1	0.125	0.804
phylter-k200-island_0	1596	0	404	0	0.202	0.9900990099009901
phylter-k200-island_0	1626	0	374	0	0.187	0.8021390374331551
phylter-k200-island_0	1375	0	625	0	0.3125	0.8016
phylter-k200-island_0	1251	0	749	0	0.3745	0.801068090787717
phylter-k200-island_0	1834	0	166	0	0.083	0.6024096385542168
phylter-k200-island_0	1167	0	833	0	0.4165	0.6002400960384153
phylter-k200-island_0	1000	0	1000	0	0.5	0.6
phylter-k200-island_0	1394	0	606	0	0.303	0.9900990099009901
phylter-k200-island_0	1596	0	404	0	0.202	0.9900990099009901
phylter-k200-island_0	1697	0	303	0	0.1515	0.9900990099009901
phylter-k200-island_0	1495	0	505	0	0.2525	0.9900990099009901
phylter-k200-island_0	1894	5	8	93	0.0505	0.9900990099009901
phylter-k200-island_0	1798	0	202	0	0.101	0.9900990099009901
phylter-k200-island_0	1899	0	101	0	0.0505	0.9900990099009901
phylter-k200-island_0	1375	0	625	0	0.3125	0.8016
phylter-k200-island_0	1798	0	202	0	0.101	0.9900990099009901
phylter-k200-island_0	1394	0	606	0	0.303	0.9900990099009901
phylter-k200-island_0	1619	7	91	283	0.187	0.8021390374331551
phylter-k200-island_0	1000	0	1000	0	0.5	0.6
phylter-k200-island_0	1495	0	505	0	0.2525	0.9900990099009901
phylter-k200-island_0	1750	0	250	0	0.125	0.804
phylter-k200-island_0	1697	0	303	0	0.1515	0.9900990099009901
phylter-k200-island_0	1375	0	625	0	0.3125	0.8016
phylter-k200-island_0	1500	0	500	0	0.25	0.6
phylter-k200-island_0	1167	0	833	0	0.4165	0.6002400960384153
phylter-k200-island_0	1892	7	12	89	0.0505	0.9900990099009901
phylter-k200-island_0	1596	0	404	0	0.202	0.9900990099009901
phylter-k200-island_0	1495	0	505	0	0.2525	0.9900990099009901
phylter-k200-island_0	1500	0	500	0	0.25	0.802
phylter-k200-island_0	1167	0	833	0	0.4165	0.6002400960384153
phylter-k200-island_0	1334	0	666	0	0.333	0.6006006006006006
phylter-k200-island_0	1863	12	29	96	0.0625	0.808
phylter-k200-island_0	1628	69	4	299	0.1515	0.9900990099009901
phylter-k200-island_0	1596	0	404	0	0.202	0.9900990099009901
phylter-k200-island_0	1334	0	666	0	0.333	0.6006006006006006
phylter-k200-island_0	1875	0	53	72	0.0625	0.808
phylter-k200-island_0	1375	0	625	0	0.3125	0.8016
phylter-k200-island_0	1788	10	9	193	0.101	0.9900990099009901
phylter-k200-island_0	1899	0	101	0	0.0505	0.9900990099009901
phylter-k200-island_0	1899	0	101	0	0.0505	0.9900990099009901
phylter-k200-island_0	1167	0	833	0	0.4165	0.6002400960384153
phylter-k200-island_0	1167	0	833	0	0.4165	0.6002400960384153
phylter-k200-island_0	1667	0	333	0	0.1665	0.6006006006006006
phylter-k200-island_0	1394	0	606	0	0.303	0.9900990099009901
phylter-k200-island_0	1697	0	303	0	0.1515	0.9900990099009901
phylter-k200-island_0	1495	0	505	0	0.2525	0.9900990099009901
phylter-k200-island_0	1500	0	500	0	0.25	0.6
phylter-k200-island_0	1899	0	101	0	0.0505	0.9900990099009901
phylter-k200-island_0	1798	0	202	0	0.101	0.9900990099009901
phylter-k200-island_0	1167	0	833	0	0.4165	0.6002400960384153
phylter-k200-island_0	1893	6	11	90	0.0505	0.9900990099009901
phylter-k200-island_0	1500	0	500	0	0.25	0.6
phylter-k200-island_0	1789	9	4	198	0.101	0.9900990099009901
phylter-k200-island_0	1874	1	109	16	0.0625	0.808
phylter-k200-island_0	1394	0	606	0	0.303	0.9900990099009901
phylter-k200-island_0	1667	0	321	12	0.1665	0.6006006006006006
phylter-k200-island_0	1495	0	505	0	0.2525	0.9900990099009901
phylter-k200-island_0	1695	2	37	266	0.1515	0.9900990099009901
phylter-k200-island_0	1750	0	250	0	0.125	0.804
phylter-k200-island_0	1500	0	500	0	0.25	0.6
phylter-k200-island_0	1750	0	250	0	0.125	0.804
phylter-k200-island_0	1667	0	333	0	0.1665	0.6006006006006006
phylter-k200-island_0	1500	0	500	0	0.25	0.802
phylter-k200-island_0	1875	0	123	2	0.0625	0.808
phylter-k200-island_0	1697	0	303	0	0.1515	0.9900990099009901
phylter-k200-island_0	1750	0	250	0	0.125	0.804
phylter-k200-island_0	1662	5	138	195	0.1665	0.6006006006006006
phylter-k200-island_0	1500	0	500	0	0.25	0.6
phylter-k200-island_0	1500	0	500	0	0.25	0.802
phylter-k200-island_0	1334	0	666	0	0.333	0.6006006006006006
phylter-k200-island_0	1875	0	125	0	0.0625	0.808
phylter-k200-island_0	1834	0	166	0	0.083	0.6024096385542168
phylter-k200-island_0	1626	0	374	0	0.187	0.8021390374331551
phylter-k200-island_0	1251	0	749	0	0.3745	0.801068090787717
phylter-k200-island_0	1626	0	328	46	0.187	0.8021390374331551
phylter-k200-island_0	1833	1	166	0	0.083	0.6024096385542168
phylter-k200-island_0	1251	0	749	0	0.3745	0.801068090787717
phylter-k200-island_0	1334	0	666	0	0.333	0.6006006006006006
phylter-k200-island_0	1873	2	24	101	0.0625	0.808
phylter-k200-island_0	1500	0	500	0	0.25	0.802
phylter-k200-island_0	1714	36	49	201	0.125	0.804
phylter-k200-island_0	1816	18	68	98	0.083	0.6024096385542168
phylter-k200-island_0	1500	0	500	0	0.25	0.802
phylter-k200-island_0	1750	0	250	0	0.125	0.804
phylter-k200-island_0	1000	0	1000	0	0.5	0.6
phylter-k200-island_0	1667	0	333	0	0.1665	0.6006006006006006
phylter-k200-island_0	1394	0	606	0	0.303	0.9900990099009901
phylter-k200-island_0	1626	0	374	0	0.187	0.8021390374331551
phylter-k200-island_0	1375	0	625	0	0.3125	0.8016
phylter-k200-island_0	1746	4	58	192	0.125	0.804
phylter-k200-island_0	1667	0	331	2	0.1665	0.6006006006006006
phylter-k200-island_0	1000	0	1000	0	0.5	0.6
phylter-k200-island_0	1500	0	500	0	0.25	0.802
phylter-k200-island_0	1500	0	500	0	0.25	0.802
phylter-k200-island_0	1375	0	625	0	0.3125	0.8016
phylter-k200-island_0	1626	0	374	0	0.187	0.8021390374331551
phylter-k200-island_0	1500	0	500	0	0.25	0.802
phylter-k200-island_0	1596	0	404	0	0.202	0.9900990099009901
phylter-k200-island_0	1834	0	81	85	0.083	0.6024096385542168
phylter-k200-island_0	1251	0	749	0	0.3745	0.801068090787717
phylter-k200-island_0	1596	0	404	0	0.202	0.9900990099009901
phylter-k200-island_0	1834	0	158	8	0.083	0.6024096385542168
phylter-k200-island_0	1251	0	749	0	0.3745	0.801068090787717
phylter-k200-island_0	1626	0	374	0	0.187	0.8021390374331551
phylter-k200-island_0	1375	0	625	0	0.3125	0.8016
phylter-k200-island_0	1500	0	500	0	0.25	0.802
phylter-k200-island_0	1000	0	1000	0	0.5	0.6
phylter-k200-island_0	1495	0	505	0	0.2525	0.9900990099009901
phylter-k200-island_0	1596	0	404	0	0.202	0.9900990099009901
phylter-k200-island_0	1750	0	250	0	0.125	0.804
phylter-k200-island_0	1626	0	374	0	0.187	0.8021390374331551
phylter-k200-island_0	1866	9	47	78	0.0625	0.808
phylter-k200-island_0	1500	0	500	0	0.25	0.802
phylter-k200-island_0	1375	0	625	0	0.3125	0.8016
phylter-k200-island_0	1000	0	1000	0	0.5	0.6
phylter-k200-island_0	1167	0	833	0	0.4165	0.6002400960384153
phylter-k200-island_0	1000	0	1000	0	0.5	0.6
phylter-k200-island_0	1375	0	625	0	0.3125	0.8016
phylter-k200-island_0	1899	0	101	0	0.0505	0.9900990099009901
phylter-k200-island_0	1167	0	833	0	0.4165	0.6002400960384153
phylter-k200-island_0	1596	0	404	0	0.202	0.9900990099009901
phylter-k200-island_0	1691	6	15	288	0.1515	0.9900990099009901
phylter-k200-island_0	1875	0	125	0	0.0625	0.808
phylter-k200-island_0	1500	0	500	0	0.25	0.802
phylter-k200-island_0	1626	0	374	0	0.187	0.8021390374331551
phylter-k200-island_0	1896	3	5	96	0.0505	0.9900990099009901
phylter-k200-island_0	1394	0	606	0	0.303	0.9900990099009901
phylter-k200-island_0	1495	0	505	0	0.2525	0.9900990099009901
phylter-k200-island_0	1697	0	303	0	0.1515	0.9900990099009901
phylter-k200-island_0	1750	0	250	0	0.125	0.804
phylter-k200-island_0	1500	0	500	0	0.25	0.802
phylter-k200-island_0	1875	0	125	0	0.0625	0.808
phylter-k200-island_0	1394	0	606	0	0.303	0.9900990099009901
phylter-k200-island_0	1750	0	250	0	0.125	0.804
phylter-k200-island_0	1697	0	303	0	0.1515	0.9900990099009901
phylter-k200-island_0	1495	0	505	0	0.2525	0.9900990099009901
phylter-k200-island_0	1167	0	833	0	0.4165	0.6002400960384153
phylter-k200-island_0	1899	0	101	0	0.0505	0.9900990099009901
phylter-k200-island_0	1626	0	374	0	0.187	0.8021390374331551
phylter-k200-island_0	1394	0	606	0	0.303	0.9900990099009901
phylter-k200-island_0	1831	3	132	34	0.083	0.6024096385542168
phylter-k200-island_0	1834	0	166	0	0.083	0.6024096385542168
phylter-k200-island_0	1621	5	101	273	0.187	0.8021390374331551
phylter-k200-island_0	1795	3	3	199	0.101	0.9900990099009901
phylter-k200-island_0	1394	0	606	0	0.303	0.9900990099009901
phylter-k200-island_0	1334	0	666	0	0.333	0.6006006006006006
phylter-k200-island_0	1334	0	666	0	0.333	0.6006006006006006
phylter-k200-island_0	1565	61	73	301	0.187	0.8021390374331551
phylter-k200-island_0	1394	0	606	0	0.303	0.9900990099009901
phylter-k200-island_0	1834	0	166	0	0.083	0.6024096385542168
phylter-k200-island_0	1798	0	202	0	0.101	0.9900990099009901
phylter-k200-island_0	1495	0	505	0	0.2525	0.9900990099009901
phylter-k200-island_0	1334	0	666	0	0.333	0.6006006006006006
phylter-k200-island_0	1394	0	606	0	0.303	0.9900990099009901
phylter-k200-island_0	1000	0	1000	0	0.5	0.6
phylter-k200-island_0	1656	11	133	200	0.1665	0.6006006006006006
phylter-k200-island_0	1798	0	202	0	0.101	0.9900990099009901
phylter-k200-island_0	1500	0	500	0	0.25	0.6
phylter-k200-island_0	1833	1	74	92	0.083	0.6024096385542168
phylter-k200-island_0	1798	0	202	0	0.101	0.9900990099009901
phylter-k200-island_0	1500	0	500	0	0.25	0.6
phylter-k200-island_0	1495	0	505	0	0.2525	0.9900990099009901
phylter-k200-island_0	1000	0	1000	0	0.5	0.6
phylter-k200-island_0	1667	0	333	0	0.1665	0.6006006006006006
phylter-k200-island_0	1394	0	606	0	0.303	0.9900990099009901
phylter-k200-island_0	1500	0	500	0	0.25	0.6
phylter-k200-island_0	1834	0	166	0	0.083	0.6024096385542168
phylter-k200-island_0	1251	0	749	0	0.3745	0.801068090787717
phylter-k200-island_0	1875	0	125	0	0.0625	0.808
phylter-k200-island_0	1334	0	666	0	0.333	0.6006006006006006
phylter-k200-island_0	1664	3	143	190	0.1665	0.6006006006006006
phylter-k200-island_0	1000	0	1000	0	0.5	0.6
phylter-k200-island_0	1868	7	29	96	0.0625	0.808
phylter-k200-island_0	1334	0	666	0	0.333	0.6006006006006006
phylter-k200-island_0	1626	0	374	0	0.187	0.8021390374331551
phylter-k200-island_0	1394	0	606	0	0.303	0.9900990099009901
phylter-k200-island_0	1834	0	166	0	0.083	0.6024096385542168
phylter-k200-island_0	1251	0	749	0	0.3745	0.801068090787717
phylter-k200-island_0	1495	0	505	0	0.2525	0.9900990099009901
phylter-k200-island_0	1697	0	303	0	0.1515	0.9900990099009901
phylter-k200-island_0	1741	9	49	201	0.125	0.804
phylter-k200-island_0	1875	0	125	0	0.0625	0.808
phylter-k200-island_0	1500	0	500	0	0.25	0.802
phylter-k200-island_0	1000	0	1000	0	0.5	0.6
phylter-k200-island_0	1667	0	333	0	0.1665	0.6006006006006006
phylter-k200-island_0	1798	0	202	0	0.101	0.9900990099009901
phylter-k200-island_0	1251	0	749	0	0.3745	0.801068090787717
phylter-k200-island_0	1697	0	303	0	0.1515	0.9900990099009901
phylter-k200-island_0	1167	0	833	0	0.4165	0.6002400960384153
phylter-k200-island_0	1500	0	500	0	0.25	0.6
phylter-k200-island_0	1898	1	8	93	0.0505	0.9900990099009901
phylter-k200-island_0	1880	19	12	89	0.0505	0.9900990099009901
phylter-k200-island_0	1500	0	500	0	0.25	0.6
phylter-k200-island_0	1697	0	303	0	0.1515	0.9900990099009901
phylter-k200-island_0	1750	0	250	0	0.125	0.804
phylter-k200-island_0	1697	0	303	0	0.1515	0.9900990099009901
phylter-k200-island_0	1495	0	505	0	0.2525	0.9900990099009901
phylter-k200-island_0	1000	0	1000	0	0.5	0.6
phylter-k200-island_0	1667	0	333	0	0.1665	0.6006006006006006
phylter-k200-island_0	1898	1	81	20	0.0505	0.9900990099009901
phylter-k200-island_0	1167	0	833	0	0.4165	0.6002400960384153
phylter-k200-island_0	1697	0	303	0	0.1515	0.9900990099009901
phylter-k200-island_0	1375	0	625	0	0.3125	0.8016
phylter-k200-island_0	1251	0	749	0	0.3745	0.801068090787717
phylter-k200-island_0	1334	0	666	0	0.333	0.6006006006006006
phylter-k200-island_0	1867	8	29	96	0.0625	0.808
phylter-k200-island_0	1798	0	199	3	0.101	0.9900990099009901
phylter-k200-island_0	1500	0	500	0	0.25	0.802
phylter-k200-island_0	1697	0	303	0	0.1515	0.9900990099009901
phylter-k200-island_0	1596	0	404	0	0.202	0.9900990099009901
phylter-k200-island_0	1798	0	195	7	0.101	0.9900990099009901
phylter-k200-island_0	1500	0	500	0	0.25	0.802
phylter-k200-island_0	1334	0	666	0	0.333	0.6006006006006006
phylter-k200-island_0	1875	0	125	0	0.0625	0.808
phylter-k200-island_0	1596	0	404	0	0.202	0.9900990099009901
phylter-k200-island_0	1748	2	63	187	0.125	0.804
phylter-k200-island_0	1495	0	505	0	0.2525	0.9900990099009901
phylter-k200-island_0	1167	0	833	0	0.4165	0.6002400960384153
phylter-k200-island_0	1375	0	625	0	0.3125	0.8016
phylter-k200-island_0	1251	0	749	0	0.3745	0.801068090787717
phylter-k200-island_0	1899	0	101	0	0.0505	0.9900990099009901
phylter-k200-island_0	1394	0	606	0	0.303	0.9900990099009901
phylter-k200-island_0	1750	0	205	45	0.125	0.804
phylter-k200-island_0	1697	0	297	6	0.1515	0.9900990099009901
phylter-k200-island_0	1495	0	505	0	0.2525	0.9900990099009901
phylter-k200-island_0	1394	0	606	0	0.303	0.9900990099009901
phylter-k200-island_0	1500	0	500	0	0.25	0.802
phylter-k200-island_0	1873	2	122	3	0.0625	0.808
phylter-k200-island_0	1495	0	505	0	0.2525	0.9900990099009901
phylter-k200-island_0	1697	0	303	0	0.1515	0.9900990099009901
phylter-k200-island_0	1750	0	229	21	0.125	0.804
phylter-k200-island_0	1167	0	833	0	0.4165	0.6002400960384153
phylter-k200-island_0	1899	0	101	0	0.0505	0.9900990099009901
phylter-k200-island_0	1596	0	404	0	0.202	0.9900990099009901
phylter-k200-island_0	1750	0	250	0	0.125	0.804
phylter-k200-island_0	1495	0	505	0	0.2525	0.9900990099009901
phylter-k200-island_0	1500	0	500	0	0.25	0.802
phylter-k200-island_0	1875	0	125	0	0.0625	0.808
phylter-k200-island_0	1626	0	374	0	0.187	0.8021390374331551
phylter-k200-island_0	1000	0	1000	0	0.5	0.6
phylter-k200-island_0	1375	0	625	0	0.3125	0.8016
phylter-k200-island_0	1167	0	833	0	0.4165	0.6002400960384153
phylter-k200-island_0	1375	0	625	0	0.3125	0.8016
phylter-k200-island_0	1000	0	1000	0	0.5	0.6
phylter-k200-island_0	1898	1	10	91	0.0505	0.9900990099009901
phylter-k200-island_0	1167	0	833	0	0.4165	0.6002400960384153
phylter-k200-island_0	1697	0	303	0	0.1515	0.9900990099009901
phylter-k200-island_0	1596	0	404	0	0.202	0.9900990099009901
phylter-k200-island_0	1626	0	374	0	0.187	0.8021390374331551
phylter-k200-island_0	1875	0	121	4	0.0625	0.808
phylter-k200-island_0	1500	0	500	0	0.25	0.802
phylter-k200-island_0	1798	0	202	0	0.101	0.9900990099009901
phylter-k200-island_0	1334	0	666	0	0.333	0.6006006006006006
phylter-k200-island_0	1393	1	606	0	0.303	0.9900990099009901
phylter-k200-island_0	1626	0	374	0	0.187	0.8021390374331551
phylter-k200-island_0	1394	0	606	0	0.303	0.9900990099009901
phylter-k200-island_0	1000	0	1000	0	0.5	0.6
phylter-k200-island_0	1334	0	666	0	0.333	0.6006006006006006
phylter-k200-island_0	1833	1	155	11	0.083	0.6024096385542168
phylter-k200-island_0	1798	0	202	0	0.101	0.9900990099009901
phylter-k200-island_0	1626	0	374	0	0.187	0.8021390374331551
phylter-k200-island_0	1394	0	606	0	0.303	0.9900990099009901
phylter-k200-island_0	1816	18	65	101	0.083	0.6024096385542168
phylter-k200-island_0	1834	0	83	83	0.083	0.6024096385542168
phylter-k200-island_0	1626	0	374	0	0.187	0.8021390374331551
phylter-k200-island_0	1834	0	166	0	0.083	0.6024096385542168
phylter-k200-island_0	1500	0	500	0	0.25	0.6
phylter-k200-island_0	1251	0	749	0	0.3745	0.801068090787717
phylter-k200-island_0	1667	0	333	0	0.1665	0.6006006006006006
phylter-k200-island_0	1875	0	31	94	0.0625	0.808
phylter-k200-island_0	1334	0	666	0	0.333	0.6006006006006006
phylter-k200-island_0	1394	0	606	0	0.303	0.9900990099009901
phylter-k200-island_0	1874	1	125	0	0.0625	0.808
phylter-k200-island_0	1334	0	666	0	0.333	0.6006006006006006
phylter-k200-island_0	1000	0	1000	0	0.5	0.6
phylter-k200-island_0	1832	2	66	100	0.083	0.6024096385542168
phylter-k200-island_0	1251	0	749	0	0.3745	0.801068090787717
phylter-k200-island_0	1495	0	505	0	0.2525	0.9900990099009901
phylter-k200-island_0	1000	0	1000	0	0.5	0.6
phylter-k200-island_0	1667	0	333	0	0.1665	0.6006006006006006
phylter-k200-island_0	1394	0	606	0	0.303	0.9900990099009901
phylter-k200-island_0	1334	0	666	0	0.333	0.6006006006006006
phylter-k200-island_0	1764	34	2	200	0.101	0.9900990099009901
phylter-k200-island_0	1834	0	166	0	0.083	0.6024096385542168
phylter-k200-island_0	1500	0	500	0	0.25	0.6
phylter-k200-island_0	1798	0	202	0	0.101	0.9900990099009901
phylter-k200-island_0	1500	0	500	0	0.25	0.6
phylter-k200-island_0	1495	0	505	0	0.2525	0.9900990099009901
phylter-k200-island_0	1394	0	606	0	0.303	0.9900990099009901
phylter-k200-island_0	1000	0	1000	0	0.5	0.6
phylter-k200-island_0	1667	0	333	0	0.1665	0.6006006006006006
phylter-k200-island_0	1697	0	303	0	0.1515	0.9900990099009901
phylter-k200-island_0	1899	0	95	6	0.0505	0.9900990099009901
phylter-k200-island_0	1167	0	833	0	0.4165	0.6002400960384153
phylter-k200-island_0	1251	0	749	0	0.3745	0.801068090787717
phylter-k200-island_0	1375	0	625	0	0.3125	0.8016
phylter-k200-island_0	1798	0	202	0	0.101	0.9900990099009901
phylter-k200-island_0	1500	0	500	0	0.25	0.802
phylter-k200-island_0	1334	0	666	0	0.333	0.6006006006006006
phylter-k200-island_0	1875	0	43	82	0.0625	0.808
phylter-k200-island_0	1596	0	404	0	0.202	0.9900990099009901
phylter-k200-island_0	1697	0	303	0	0.1515	0.9900990099009901
phylter-k200-island_0	1334	0	666	0	0.333	0.6006006006006006
phylter-k200-island_0	1875	0	125	0	0.0625	0.808
phylter-k200-island_0	1500	0	500	0	0.25	0.802
phylter-k200-island_0	1495	0	505	0	0.2525	0.9900990099009901
phylter-k200-island_0	1596	0	404	0	0.202	0.9900990099009901
phylter-k200-island_0	1750	0	250	0	0.125	0.804
phylter-k200-island_0	1167	0	833	0	0.4165	0.6002400960384153
phylter-k200-island_0	1251	0	749	0	0.3745	0.801068090787717
phylter-k200-island_0	1375	0	625	0	0.3125	0.8016
phylter-k200-island_0	1734	16	49	201	0.125	0.804
phylter-k200-island_0	1697	0	303	0	0.1515	0.9900990099009901
phylter-k200-island_0	1495	0	505	0	0.2525	0.9900990099009901
phylter-k200-island_0	1000	0	1000	0	0.5	0.6
phylter-k200-island_0	1662	5	193	140	0.1665	0.6006006006006006
phylter-k200-island_0	1500	0	500	0	0.25	0.802
phylter-k200-island_0	1798	0	202	0	0.101	0.9900990099009901
phylter-k200-island_0	1858	17	26	99	0.0625	0.808
phylter-k200-island_0	1251	0	749	0	0.3745	0.801068090787717
phylter-k200-island_0	1167	0	833	0	0.4165	0.6002400960384153
phylter-k200-island_0	1899	0	101	0	0.0505	0.9900990099009901
phylter-k200-island_0	1500	0	500	0	0.25	0.6
phylter-k200-island_0	1697	0	303	0	0.1515	0.9900990099009901
phylter-k200-island_0	1500	0	500	0	0.25	0.6
phylter-k200-island_0	1897	2	76	25	0.0505	0.9900990099009901
phylter-k200-island_0	1495	0	505	0	0.2525	0.9900990099009901
phylter-k200-island_0	1697	0	303	0	0.1515	0.9900990099009901
phylter-k200-island_0	1750	0	250	0	0.125	0.804
phylter-k200-island_0	1000	0	1000	0	0.5	0.6
phylter-k200-island_0	1667	0	333	0	0.1665	0.6006006006006006
phylter-k200-island_0	1394	0	606	0	0.303	0.9900990099009901
phylter-k200-island_0	1000	0	1000	0	0.5	0.6
phylter-k200-island_0	1495	0	505	0	0.2525	0.9900990099009901
phylter-k200-island_0	1697	0	303	0	0.1515	0.9900990099009901
phylter-k200-island_0	1596	0	404	0	0.202	0.9900990099009901
phylter-k200-island_0	1899	0	101	0	0.0505	0.9900990099009901
phylter-k200-island_0	1798	0	202	0	0.101	0.9900990099009901
phylter-k200-island_0	1899	0	16	85	0.0505	0.9900990099009901
phylter-k200-island_0	1796	2	194	8	0.101	0.9900990099009901
phylter-k200-island_0	1375	0	625	0	0.3125	0.8016
phylter-k200-island_0	1000	0	1000	0	0.5	0.6
phylter-k200-island_0	1394	0	606	0	0.303	0.9900990099009901
phylter-k200-island_0	1626	0	374	0	0.187	0.8021390374331551
phylter-k200-island_0	1697	0	303	0	0.1515	0.9900990099009901
phylter-k200-island_0	1495	0	505	0	0.2525	0.9900990099009901
phylter-k200-island_0	1750	0	250	0	0.125	0.804
phylter-k200-island_0	1250	1	749	0	0.3745	0.801068090787717
phylter-k200-island_0	1375	0	625	0	0.3125	0.8016
phylter-k200-island_0	1834	0	166	0	0.083	0.6024096385542168
phylter-k200-island_0	1167	0	833	0	0.4165	0.6002400960384153
phylter-k200-island_0	1596	0	404	0	0.202	0.9900990099009901
phylter-k200-island_0	1394	0	606	0	0.303	0.9900990099009901
phylter-k200-island_0	1626	0	374	0	0.187	0.8021390374331551
phylter-k200-island_0	1000	0	1000	0	0.5	0.6
phylter-k200-island_0	1596	0	404	0	0.202	0.9900990099009901
phylter-k200-island_0	1750	0	250	0	0.125	0.804
phylter-k200-island_0	1626	0	374	0	0.187	0.8021390374331551
phylter-k200-island_0	1251	0	749	0	0.3745	0.801068090787717
phylter-k200-island_0	1375	0	625	0	0.3125	0.8016
phylter-k200-island_0	1827	7	71	95	0.083	0.6024096385542168
phylter-k200-island_0	1167	0	833	0	0.4165	0.6002400960384153
phylter-k200-island_0	1394	0	606	0	0.303	0.9900990099009901
phylter-k200-island_0	1667	0	333	0	0.1665	0.6006006006006006
phylter-k200-island_0	1167	0	833	0	0.4165	0.6002400960384153
phylter-k200-island_0	1495	0	505	0	0.2525	0.9900990099009901
phylter-k200-island_0	1697	0	303	0	0.1515	0.9900990099009901
phylter-k200-island_0	1899	0	86	15	0.0505	0.9900990099009901
phylter-k200-island_0	1500	0	500	0	0.25	0.6
phylter-k200-island_0	1798	0	202	0	0.101	0.9900990099009901
phylter-k200-island_0	1167	0	833	0	0.4165	0.6002400960384153
phylter-k200-island_0	1500	0	500	0	0.25	0.6
phylter-k200-island_0	1899	0	16	85	0.0505	0.9900990099009901
phylter-k200-island_0	1795	3	157	45	0.101	0.9900990099009901
phylter-k200-island_0	1167	0	833	0	0.4165	0.6002400960384153
phylter-k200-island_0	1658	9	133	200	0.1665	0.6006006006006006
phylter-k200-island_0	1394	0	606	0	0.303	0.9900990099009901
phylter-k200-island_0	1875	0	125	0	0.0625	0.808
phylter-k200-island_0	1697	0	303	0	0.1515	0.9900990099009901
phylter-k200-island_0	1495	0	505	0	0.2525	0.9900990099009901
phylter-k200-island_0	1375	0	625	0	0.3125	0.8016
phylter-k200-island_0	1899	0	101	0	0.0505	0.9900990099009901
phylter-k200-island_0	1167	0	833	0	0.4165	0.6002400960384153
phylter-k200-island_0	1500	0	500	0	0.25	0.6
phylter-k200-island_0	1495	0	505	0	0.2525	0.9900990099009901
phylter-k200-island_0	1596	0	404	0	0.202	0.9900990099009901
phylter-k200-island_0	1334	0	666	0	0.333	0.6006006006006006
phylter-k200-island_0	1873	2	115	10	0.0625	0.808
phylter-k200-island_0	1167	0	833	0	0.4165	0.6002400960384153
phylter-k200-island_0	1596	0	404	0	0.202	0.9900990099009901
phylter-k200-island_0	1697	0	303	0	0.1515	0.9900990099009901
phylter-k200-island_0	1334	0	666	0	0.333	0.6006006006006006
phylter-k200-island_0	1875	0	125	0	0.0625	0.808
phylter-k200-island_0	1798	0	202	0	0.101	0.9900990099009901
phylter-k200-island_0	1375	0	625	0	0.3125	0.8016
phylter-k200-island_0	1500	0	500	0	0.25	0.6
phylter-k200-island_0	1881	18	2	99	0.0505	0.9900990099009901
phylter-k200-island_0	1167	0	833	0	0.4165	0.6002400960384153
phylter-k200-island_0	1899	0	68	33	0.0505	0.9900990099009901
phylter-k200-island_0	1334	0	666	0	0.333	0.6006006006006006
phylter-k200-island_0	1875	0	125	0	0.0625	0.808
phylter-k200-island_0	1500	0	500	0	0.25	0.802
phylter-k200-island_0	1626	0	374	0	0.187	0.8021390374331551
phylter-k200-island_0	1834	0	166	0	0.083	0.6024096385542168
phylter-k200-island_0	1251	0	749	0	0.3745	0.801068090787717
phylter-k200-island_0	1830	4	77	89	0.083	0.6024096385542168
phylter-k200-island_0	1167	0	833	0	0.4165	0.6002400960384153
phylter-k200-island_0	1626	0	374	0	0.187	0.8021390374331551
phylter-k200-island_0	1251	0	749	0	0.3745	0.801068090787717
phylter-k200-island_0	1500	0	500	0	0.25	0.802
phylter-k200-island_0	1334	0	666	0	0.333	0.6006006006006006
phylter-k200-island_0	1873	2	26	99	0.0625	0.808
phylter-k200-island_0	1750	0	250	0	0.125	0.804
phylter-k200-island_0	1500	0	500	0	0.25	0.6
phylter-k200-island_0	1495	0	505	0	0.2525	0.9900990099009901
phylter-k200-island_0	1750	0	250	0	0.125	0.804
phylter-k200-island_0	1874	1	41	84	0.0625	0.808
phylter-k200-island_0	1500	0	500	0	0.25	0.802
phylter-k200-island_0	1667	0	333	0	0.1665	0.6006006006006006
phylter-k200-island_0	1738	12	53	197	0.125	0.804
phylter-k200-island_0	1667	0	333	0	0.1665	0.6006006006006006
phylter-k200-island_0	1899	0	101	0	0.0505	0.9900990099009901
phylter-k200-island_0	1500	0	491	9	0.25	0.6
phylter-k200-island_0	1626	0	374	0	0.187	0.8021390374331551
phylter-k200-island_0	1375	0	625	0	0.3125	0.8016
phylter-k200-island_0	1500	0	500	0	0.25	0.802
phylter-k200-island_0	1596	0	404	0	0.202	0.9900990099009901
phylter-k200-island_0	1827	7	70	96	0.083	0.6024096385542168
phylter-k200-island_0	1500	0	500	0	0.25	0.802
phylter-k200-island_0	1251	0	749	0	0.3745	0.801068090787717
phylter-k200-island_0	1596	0	404	0	0.202	0.9900990099009901
phylter-k200-island_0	1834	0	166	0	0.083	0.6024096385542168
phylter-k200-island_0	1251	0	749	0	0.3745	0.801068090787717
phylter-k200-island_0	1000	0	1000	0	0.5	0.6
phylter-k200-island_0	1500	0	500	0	0.25	0.802
phylter-k200-island_0	1626	0	374	0	0.187	0.8021390374331551
phylter-k200-island_0	1500	0	500	0	0.25	0.802
phylter-k200-island_0	1834	0	166	0	0.083	0.6024096385542168
phylter-k200-island_0	1750	0	222	28	0.125	0.804
phylter-k200-island_0	1375	0	625	0	0.3125	0.8016
phylter-k200-island_0	1657	10	144	189	0.1665	0.6006006006006006
phylter-k200-island_0	1626	0	374	0	0.187	0.8021390374331551
phylter-k200-island_0	1000	0	1000	0	0.5	0.6
phylter-k200-island_0	1750	0	250	0	0.125	0.804
phylter-k200-island_0	1000	0	1000	0	0.5	0.6
phylter-k200-island_0	1667	0	139	194	0.1665	0.6006006006006006
phylter-k300-island_0	1394	0	606	0	0.303	0.9900990099009901
phylter-k300-island_0	1334	0	666	0	0.333	0.6006006006006006
phylter-k300-island_0	1334	0	666	0	0.333	0.6006006006006006
phylter-k300-island_0	1394	0	606	0	0.303	0.9900990099009901
phylter-k300-island_0	1798	0	202	0	0.101	0.9900990099009901
phylter-k300-island_0	1626	0	374	0	0.187	0.8021390374331551
phylter-k300-island_0	1334	0	666	0	0.333	0.6006006006006006
phylter-k300-island_0	1834	0	166	0	0.083	0.6024096385542168
phylter-k300-island_0	1798	0	6	196	0.101	0.9900990099009901
phylter-k300-island_0	1834	0	166	0	0.083	0.6024096385542168
phylter-k300-island_0	1626	0	374	0	0.187	0.8021390374331551
phylter-k300-island_0	1375	0	625	0	0.3125	0.8016
phylter-k300-island_0	1899	0	101	0	0.0505	0.9900990099009901
phylter-k300-island_0	1697	0	303	0	0.1515	0.9900990099009901
phylter-k300-island_0	1495	0	505	0	0.2525	0.9900990099009901
phylter-k300-island_0	1750	0	250	0	0.125	0.804
phylter-k300-island_0	1626	0	374	0	0.187	0.8021390374331551
phylter-k300-island_0	1394	0	606	0	0.303	0.9900990099009901
phylter-k300-island_0	1596	0	404	0	0.202	0.9900990099009901
phylter-k300-island_0	1750	0	250	0	0.125	0.804
phylter-k300-island_0	1495	0	505	0	0.2525	0.9900990099009901
phylter-k300-island_0	1697	0	303	0	0.1515	0.9900990099009901
phylter-k300-island_0	1667	0	333	0	0.1665	0.6006006006006006
phylter-k300-island_0	1394	0	606	0	0.303	0.9900990099009901
phylter-k300-island_0	1000	0	1000	0	0.5	0.6
phylter-k300-island_0	1899	0	99	2	0.0505	0.9900990099009901
phylter-k300-island_0	1626	0	374	0	0.187	0.8021390374331551
phylter-k300-island_0	1500	0	500	0	0.25	0.802
phylter-k300-island_0	1875	0	125	0	0.0625	0.808
phylter-k300-island_0	1596	0	404	0	0.202	0.9900990099009901
phylter-k300-island_0	1167	0	833	0	0.4165	0.6002400960384153
phylter-k300-island_0	1375	0	625	0	0.3125	0.8016
phylter-k300-island_0	1000	0	1000	0	0.5	0.6
phylter-k300-island_0	1167	0	833	0	0.4165	0.6002400960384153
phylter-k300-island_0	1000	0	1000	0	0.5	0.6
phylter-k300-island_0	1375	0	625	0	0.3125	0.8016
phylter-k300-island_0	1500	0	500	0	0.25	0.802
phylter-k300-island_0	1875	0	125	0	0.0625	0.808
phylter-k300-island_0	1626	0	374	0	0.187	0.8021390374331551
phylter-k300-island_0	1394	0	606	0	0.303	0.9900990099009901
phylter-k300-island_0	1596	0	404	0	0.202	0.9900990099009901
phylter-k300-island_0	1251	0	749	0	0.3745	0.801068090787717
phylter-k300-island_0	1375	0	625	0	0.3125	0.8016
phylter-k300-island_0	1167	0	833	0	0.4165	0.6002400960384153
phylter-k300-island_0	1596	0	404	0	0.202	0.9900990099009901
phylter-k300-island_0	1875	0	125	0	0.0625	0.808
phylter-k300-island_0	1334	0	666	0	0.333	0.6006006006006006
phylter-k300-island_0	1500	0	500	0	0.25	0.802
phylter-k300-island_0	1000	0	1000	0	0.5	0.6
phylter-k300-island_0	1798	0	202	0	0.101	0.9900990099009901
phylter-k300-island_0	1596	0	404	0	0.202	0.9900990099009901
phylter-k300-island_0	1500	0	500	0	0.25	0.802
phylter-k300-island_0	1662	5	133	200	0.1665	0.6006006006006006
phylter-k300-island_0	1798	0	202	0	0.101	0.9900990099009901
phylter-k300-island_0	1875	0	125	0	0.0625	0.808
phylter-k300-island_0	1334	0	666	0	0.333	0.6006006006006006
phylter-k300-island_0	1251	0	749	0	0.3745	0.801068090787717
phylter-k300-island_0	1375	0	625	0	0.3125	0.8016
phylter-k300-island_0	1167	0	833	0	0.4165	0.6002400960384153
phylter-k300-island_0	1500	0	500	0	0.25	0.6
phylter-k300-island_0	1667	0	333	0	0.1665	0.6006006006006006
phylter-k300-island_0	1000	0	1000	0	0.5	0.6
phylter-k300-island_0	1697	0	303	0	0.1515	0.9900990099009901
phylter-k300-island_0	1495	0	505	0	0.2525	0.9900990099009901
phylter-k300-island_0	1596	0	404	0	0.202	0.9900990099009901
phylter-k300-island_0	1750	0	250	0	0.125	0.804
phylter-k300-island_0	1500	0	500	0	0.25	0.6
phylter-k300-island_0	1899	0	101	0	0.0505	0.9900990099009901
phylter-k300-island_0	1697	0	303	0	0.1515	0.9900990099009901
phylter-k300-island_0	1697	0	303	0	0.1515	0.9900990099009901
phylter-k300-island_0	1899	0	47	54	0.0505	0.9900990099009901
phylter-k300-island_0	1500	0	500	0	0.25	0.6
phylter-k300-island_0	1375	0	625	0	0.3125	0.8016
phylter-k300-island_0	1667	0	140	193	0.1665	0.6006006006006006
phylter-k300-island_0	1000	0	1000	0	0.5	0.6
phylter-k300-island_0	1334	0	666	0	0.333	0.6006006006006006
phylter-k300-island_0	1750	0	250	0	0.125	0.804
phylter-k300-island_0	1495	0	505	0	0.2525	0.9900990099009901
phylter-k300-island_0	1697	0	303	0	0.1515	0.9900990099009901
phylter-k300-island_0	1251	0	749	0	0.3745	0.801068090787717
phylter-k300-island_0	1834	0	166	0	0.083	0.6024096385542168
phylter-k300-island_0	1334	0	666	0	0.333	0.6006006006006006
phylter-k300-island_0	1875	0	125	0	0.0625	0.808
phylter-k300-island_0	1495	0	505	0	0.2525	0.9900990099009901
phylter-k300-island_0	1334	0	666	0	0.333	0.6006006006006006
phylter-k300-island_0	1875	0	116	9	0.0625	0.808
phylter-k300-island_0	1798	0	202	0	0.101	0.9900990099009901
phylter-k300-island_0	1251	0	749	0	0.3745	0.801068090787717
phylter-k300-island_0	1834	0	166	0	0.083	0.6024096385542168
phylter-k300-island_0	1394	0	606	0	0.303	0.9900990099009901
phylter-k300-island_0	1667	0	333	0	0.1665	0.6006006006006006
phylter-k300-island_0	1000	0	1000	0	0.5	0.6
phylter-k300-island_0	1495	0	505	0	0.2525	0.9900990099009901
phylter-k300-island_0	1500	0	500	0	0.25	0.6
phylter-k300-island_0	1798	0	202	0	0.101	0.9900990099009901
phylter-k300-island_0	1500	0	500	0	0.25	0.6
phylter-k300-island_0	1798	0	202	0	0.101	0.9900990099009901
phylter-k300-island_0	1251	0	749	0	0.3745	0.801068090787717
phylter-k300-island_0	1667	0	333	0	0.1665	0.6006006006006006
phylter-k300-island_0	1000	0	1000	0	0.5	0.6
phylter-k300-island_0	1875	0	125	0	0.0625	0.808
phylter-k300-island_0	1394	0	606	0	0.303	0.9900990099009901
phylter-k300-island_0	1495	0	505	0	0.2525	0.9900990099009901
phylter-k300-island_0	1495	0	505	0	0.2525	0.9900990099009901
phylter-k300-island_0	1697	0	303	0	0.1515	0.9900990099009901
phylter-k300-island_0	1667	0	333	0	0.1665	0.6006006006006006
phylter-k300-island_0	1167	0	833	0	0.4165	0.6002400960384153
phylter-k300-island_0	1334	0	666	0	0.333	0.6006006006006006
phylter-k300-island_0	1394	0	606	0	0.303	0.9900990099009901
phylter-k300-island_0	1798	0	8	194	0.101	0.9900990099009901
phylter-k300-island_0	1375	0	625	0	0.3125	0.8016
phylter-k300-island_0	1500	0	500	0	0.25	0.6
phylter-k300-island_0	1500	0	500	0	0.25	0.6
phylter-k300-island_0	1899	0	101	0	0.0505	0.9900990099009901
phylter-k300-island_0	1798	0	202	0	0.101	0.9900990099009901
phylter-k300-island_0	1899	0	101	0	0.0505	0.9900990099009901
phylter-k300-island_0	1899	0	101	0	0.0505	0.9900990099009901
phylter-k300-island_0	1500	0	500	0	0.25	0.6
phylter-k300-island_0	1697	0	303	0	0.1515	0.9900990099009901
phylter-k300-island_0	1495	0	505	0	0.2525	0.9900990099009901
phylter-k300-island_0	1596	0	404	0	0.202	0.9900990099009901
phylter-k300-island_0	1394	0	606	0	0.303	0.9900990099009901
phylter-k300-island_0	1167	0	833	0	0.4165	0.6002400960384153
phylter-k300-island_0	1667	0	333	0	0.1665	0.6006006006006006
phylter-k300-island_0	1167	0	833	0	0.4165	0.6002400960384153
phylter-k300-island_0	1500	0	500	0	0.25	0.6
phylter-k300-island_0	1500	0	500	0	0.25	0.6
phylter-k300-island_0	1899	0	85	16	0.0505	0.9900990099009901
phylter-k300-island_0	1375	0	625	0	0.3125	0.8016
phylter-k300-island_0	1667	0	333	0	0.1665	0.6006006006006006
phylter-k300-island_0	1875	0	77	48	0.0625	0.808
phylter-k300-island_0	1334	0	666	0	0.333	0.6006006006006006
phylter-k300-island_0	1596	0	404	0	0.202	0.9900990099009901
phylter-k300-island_0	1875	0	125	0	0.0625	0.808
phylter-k300-island_0	1334	0	666	0	0.333	0.6006006006006006
phylter-k300-island_0	1394	0	606	0	0.303	0.9900990099009901
phylter-k300-island_0	1596	0	404	0	0.202	0.9900990099009901
phylter-k300-island_0	1899	0	93	8	0.0505	0.9900990099009901
phylter-k300-island_0	1500	0	500	0	0.25	0.6
phylter-k300-island_0	1167	0	833	0	0.4165	0.6002400960384153
phylter-k300-island_0	1375	0	625	0	0.3125	0.8016
phylter-k300-island_0	1495	0	505	0	0.2525	0.9900990099009901
phylter-k300-island_0	1697	0	303	0	0.1515	0.9900990099009901
phylter-k300-island_0	1000	0	1000	0	0.5	0.6
phylter-k300-island_0	1394	0	606	0	0.303	0.9900990099009901
phylter-k300-island_0	1798	0	202	0	0.101	0.9900990099009901
phylter-k300-island_0	1251	0	749	0	0.3745	0.801068090787717
phylter-k300-island_0	1834	0	166	0	0.083	0.6024096385542168
phylter-k300-island_0	1167	0	833	0	0.4165	0.6002400960384153
phylter-k300-island_0	1899	0	101	0	0.0505	0.9900990099009901
phylter-k300-island_0	1798	0	202	0	0.101	0.9900990099009901
phylter-k300-island_0	1899	0	101	0	0.0505	0.9900990099009901
phylter-k300-island_0	1697	0	303	0	0.1515	0.9900990099009901
phylter-k300-island_0	1495	0	505	0	0.2525	0.9900990099009901
phylter-k300-island_0	1394	0	606	0	0.303	0.9900990099009901
phylter-k300-island_0	1000	0	1000	0	0.5	0.6
phylter-k300-island_0	1899	0	101	0	0.0505	0.9900990099009901
phylter-k300-island_0	1167	0	833	0	0.4165	0.6002400960384153
phylter-k300-island_0	1797	1	2	200	0.101	0.9900990099009901
phylter-k300-island_0	1834	0	166	0	0.083	0.6024096385542168
phylter-k300-island_0	1251	0	749	0	0.3745	0.801068090787717
phylter-k300-island_0	1375	0	625	0	0.3125	0.8016
phylter-k300-island_0	1626	0	374	0	0.187	0.8021390374331551
phylter-k300-island_0	1596	0	404	0	0.202	0.9900990099009901
phylter-k300-island_0	1697	0	303	0	0.1515	0.9900990099009901
phylter-k300-island_0	1750	0	207	43	0.125	0.804
phylter-k300-island_0	1626	0	374	0	0.187	0.8021390374331551
phylter-k300-island_0	1495	0	505	0	0.2525	0.9900990099009901
phylter-k300-island_0	1750	0	250	0	0.125	0.804
phylter-k300-island_0	1596	0	404	0	0.202	0.9900990099009901
phylter-k300-island_0	1167	0	833	0	0.4165	0.6002400960384153
phylter-k300-island_0	1251	0	749	0	0.3745	0.801068090787717
phylter-k300-island_0	1375	0	625	0	0.3125	0.8016
phylter-k300-island_0	1750	0	250	0	0.125	0.804
phylter-k300-island_0	1500	0	500	0	0.25	0.802
phylter-k300-island_0	1626	0	374	0	0.187	0.8021390374331551
phylter-k300-island_0	1375	0	625	0	0.3125	0.8016
phylter-k300-island_0	1251	0	749	0	0.3745	0.801068090787717
phylter-k300-island_0	1834	0	166	0	0.083	0.6024096385542168
phylter-k300-island_0	1596	0	404	0	0.202	0.9900990099009901
phylter-k300-island_0	1251	0	749	0	0.3745	0.801068090787717
phylter-k300-island_0	1834	0	166	0	0.083	0.6024096385542168
phylter-k300-island_0	1596	0	404	0	0.202	0.9900990099009901
phylter-k300-island_0	1375	0	625	0	0.3125	0.8016
phylter-k300-island_0	1667	0	333	0	0.1665	0.6006006006006006
phylter-k300-island_0	1626	0	374	0	0.187	0.8021390374331551
phylter-k300-island_0	1500	0	500	0	0.25	0.802
phylter-k300-island_0	1500	0	500	0	0.25	0.802
phylter-k300-island_0	1798	0	202	0	0.101	0.9900990099009901
phylter-k300-island_0	1000	0	1000	0	0.5	0.6
phylter-k300-island_0	1750	0	250	0	0.125	0.804
phylter-k300-island_0	1667	0	333	0	0.1665	0.6006006006006006
phylter-k300-island_0	1500	0	500	0	0.25	0.802
phylter-k300-island_0	1000	0	1000	0	0.5	0.6
phylter-k300-island_0	1750	0	250	0	0.125	0.804
phylter-k300-island_0	1596	0	404	0	0.202	0.9900990099009901
phylter-k300-island_0	1500	0	500	0	0.25	0.802
phylter-k300-island_0	1251	0	749	0	0.3745	0.801068090787717
phylter-k300-island_0	1500	0	500	0	0.25	0.802
phylter-k300-island_0	1875	0	125	0	0.0625	0.808
phylter-k300-island_0	1334	0	666	0	0.333	0.6006006006006006
phylter-k300-island_0	1251	0	749	0	0.3745	0.801068090787717
phylter-k300-island_0	1834	0	166	0	0.083	0.6024096385542168
phylter-k300-island_0	1626	0	374	0	0.187	0.8021390374331551
phylter-k300-island_0	1626	0	374	0	0.187	0.8021390374331551
phylter-k300-island_0	1500	0	500	0	0.25	0.6
phylter-k300-island_0	1834	0	166	0	0.083	0.6024096385542168
phylter-k300-island_0	1875	0	125	0	0.0625	0.808
phylter-k300-island_0	1334	0	666	0	0.333	0.6006006006006006
phylter-k300-island_0	1667	0	138	195	0.1665	0.6006006006006006
phylter-k300-island_0	1500	0	500	0	0.25	0.802
phylter-k300-island_0	1500	0	500	0	0.25	0.6
phylter-k300-island_0	1626	0	374	0	0.187	0.8021390374331551
phylter-k300-island_0	1251	0	749	0	0.3745	0.801068090787717
phylter-k300-island_0	1667	0	331	2	0.1665	0.6006006006006006
phylter-k300-island_0	1750	0	250	0	0.125	0.804
phylter-k300-island_0	1334	0	666	0	0.333	0.6006006006006006
phylter-k300-island_0	1667	0	333	0	0.1665	0.6006006006006006
phylter-k300-island_0	1750	0	250	0	0.125	0.804
phylter-k300-island_0	1500	0	500	0	0.25	0.6
phylter-k300-island_0	1834	0	95	71	0.083	0.6024096385542168
phylter-k300-island_0	1500	0	500	0	0.25	0.6
phylter-k300-island_0	1167	0	833	0	0.4165	0.6002400960384153
phylter-k300-island_0	1500	0	500	0	0.25	0.6
phylter-k300-island_0	1375	0	625	0	0.3125	0.8016
phylter-k300-island_0	1875	0	125	0	0.0625	0.808
phylter-k300-island_0	1334	0	666	0	0.333	0.6006006006006006
phylter-k300-island_0	1667	0	333	0	0.1665	0.6006006006006006
phylter-k300-island_0	1596	0	404	0	0.202	0.9900990099009901
phylter-k300-island_0	1394	0	606	0	0.303	0.9900990099009901
phylter-k300-island_0	1875	0	125	0	0.0625	0.808
phylter-k300-island_0	1334	0	666	0	0.333	0.6006006006006006
phylter-k300-island_0	1596	0	404	0	0.202	0.9900990099009901
phylter-k300-island_0	1167	0	833	0	0.4165	0.6002400960384153
phylter-k300-island_0	1899	0	101	0	0.0505	0.9900990099009901
phylter-k300-island_0	1375	0	625	0	0.3125	0.8016
phylter-k300-island_0	1697	0	303	0	0.1515	0.9900990099009901
phylter-k300-island_0	1495	0	505	0	0.2525	0.9900990099009901
phylter-k300-island_0	1394	0	606	0	0.303	0.9900990099009901
phylter-k300-island_0	1334	0	666	0	0.333	0.6006006006006006
phylter-k300-island_0	1167	0	833	0	0.4165	0.6002400960384153
phylter-k300-island_0	1667	0	333	0	0.1665	0.6006006006006006
phylter-k300-island_0	1375	0	625	0	0.3125	0.8016
phylter-k300-island_0	1798	0	202	0	0.101	0.9900990099009901
phylter-k300-island_0	1899	0	101	0	0.0505	0.9900990099009901
phylter-k300-island_0	1500	0	500	0	0.25	0.6
phylter-k300-island_0	1500	0	500	0	0.25	0.6
phylter-k300-island_0	1798	0	200	2	0.101	0.9900990099009901
phylter-k300-island_0	1500	0	500	0	0.25	0.6
phylter-k300-island_0	1899	0	101	0	0.0505	0.9900990099009901
phylter-k300-island_0	1899	0	101	0	0.0505	0.9900990099009901
phylter-k300-island_0	1596	0	404	0	0.202	0.9900990099009901
phylter-k300-island_0	1495	0	505	0	0.2525	0.9900990099009901
phylter-k300-island_0	1697	0	303	0	0.1515	0.9900990099009901
phylter-k300-island_0	1667	0	333	0	0.1665	0.6006006006006006
phylter-k300-island_0	1167	0	833	0	0.4165	0.6002400960384153
phylter-k300-island_0	1394	0	606	0	0.303	0.9900990099009901
phylter-k300-island_0	1899	0	101	0	0.0505	0.9900990099009901
phylter-k300-island_0	1167	0	833	0	0.4165	0.6002400960384153
phylter-k300-island_0	1834	0	166	0	0.083	0.6024096385542168
phylter-k300-island_0	1375	0	625	0	0.3125	0.8016
phylter-k300-island_0	1251	0	749	0	0.3745	0.801068090787717
phylter-k300-island_0	1798	0	202	0	0.101	0.9900990099009901
phylter-k300-island_0	1626	0	374	0	0.187	0.8021390374331551
phylter-k300-island_0	1750	0	250	0	0.125	0.804
phylter-k300-island_0	1697	0	303	0	0.1515	0.9900990099009901
phylter-k300-island_0	1596	0	404	0	0.202	0.9900990099009901
phylter-k300-island_0	1626	0	374	0	0.187	0.8021390374331551
phylter-k300-island_0	1596	0	404	0	0.202	0.9900990099009901
phylter-k300-island_0	1495	0	505	0	0.2525	0.9900990099009901
phylter-k300-island_0	1750	0	250	0	0.125	0.804
phylter-k300-island_0	1167	0	833	0	0.4165	0.6002400960384153
phylter-k300-island_0	1834	0	143	23	0.083	0.6024096385542168
phylter-k300-island_0	1375	0	625	0	0.3125	0.8016
phylter-k300-island_0	1251	0	749	0	0.3745	0.801068090787717
phylter-k300-island_0	1697	0	303	0	0.1515	0.9900990099009901
phylter-k300-island_0	1495	0	505	0	0.2525	0.9900990099009901
phylter-k300-island_0	1394	0	606	0	0.303	0.9900990099009901
phylter-k300-island_0	1000	0	1000	0	0.5	0.6
phylter-k300-island_0	1251	0	749	0	0.3745	0.801068090787717
phylter-k300-island_0	1834	0	166	0	0.083	0.6024096385542168
phylter-k300-island_0	1798	0	194	8	0.101	0.9900990099009901
phylter-k300-island_0	1167	0	833	0	0.4165	0.6002400960384153
phylter-k300-island_0	1899	0	101	0	0.0505	0.9900990099009901
phylter-k300-island_0	1798	0	202	0	0.101	0.9900990099009901
phylter-k300-island_0	1899	0	101	0	0.0505	0.9900990099009901
phylter-k300-island_0	1495	0	505	0	0.2525	0.9900990099009901
phylter-k300-island_0	1697	0	303	0	0.1515	0.9900990099009901
phylter-k300-island_0	1000	0	1000	0	0.5	0.6
phylter-k300-island_0	1394	0	606	0	0.303	0.9900990099009901
phylter-k300-island_0	1500	0	500	0	0.25	0.802
phylter-k300-island_0	1667	0	333	0	0.1665	0.6006006006006006
phylter-k300-island_0	1000	0	1000	0	0.5	0.6
phylter-k300-island_0	1750	0	250	0	0.125	0.804
phylter-k300-island_0	1000	0	1000	0	0.5	0.6
phylter-k300-island_0	1500	0	500	0	0.25	0.802
phylter-k300-island_0	1667	0	333	0	0.1665	0.6006006006006006
phylter-k300-island_0	1750	0	250	0	0.125	0.804
phylter-k300-island_0	1500	0	500	0	0.25	0.802
phylter-k300-island_0	1596	0	404	0	0.202	0.9900990099009901
phylter-k300-island_0	1251	0	749	0	0.3745	0.801068090787717
phylter-k300-island_0	1750	0	250	0	0.125	0.804
phylter-k300-island_0	1375	0	625	0	0.3125	0.8016
phylter-k300-island_0	1626	0	374	0	0.187	0.8021390374331551
phylter-k300-island_0	1500	0	500	0	0.25	0.802
phylter-k300-island_0	1251	0	749	0	0.3745	0.801068090787717
phylter-k300-island_0	1834	0	166	0	0.083	0.6024096385542168
phylter-k300-island_0	1251	0	749	0	0.3745	0.801068090787717
phylter-k300-island_0	1833	1	162	4	0.083	0.6024096385542168
phylter-k300-island_0	1596	0	404	0	0.202	0.9900990099009901
phylter-k300-island_0	1500	0	500	0	0.25	0.802
phylter-k300-island_0	1667	0	333	0	0.1665	0.6006006006006006
phylter-k300-island_0	1626	0	374	0	0.187	0.8021390374331551
phylter-k300-island_0	1375	0	625	0	0.3125	0.8016
phylter-k300-island_0	1626	0	374	0	0.187	0.8021390374331551
phylter-k300-island_0	1500	0	500	0	0.25	0.6
phylter-k300-island_0	1251	0	749	0	0.3745	0.801068090787717
phylter-k300-island_0	1667	0	333	0	0.1665	0.6006006006006006
phylter-k300-island_0	1750	0	250	0	0.125	0.804
phylter-k300-island_0	1667	0	333	0	0.1665	0.6006006006006006
phylter-k300-island_0	1334	0	666	0	0.333	0.6006006006006006
phylter-k300-island_0	1750	0	250	0	0.125	0.804
phylter-k300-island_0	1834	0	166	0	0.083	0.6024096385542168
phylter-k300-island_0	1500	0	500	0	0.25	0.6
phylter-k300-island_0	1875	0	90	35	0.0625	0.808
phylter-k300-island_0	1334	0	666	0	0.333	0.6006006006006006
phylter-k300-island_0	1500	0	500	0	0.25	0.802
phylter-k300-island_0	1251	0	749	0	0.3745	0.801068090787717
phylter-k300-island_0	1375	0	625	0	0.3125	0.8016
phylter-k300-island_0	1626	0	374	0	0.187	0.8021390374331551
phylter-k300-island_0	1834	0	166	0	0.083	0.6024096385542168
phylter-k300-island_0	1251	0	749	0	0.3745	0.801068090787717
phylter-k300-island_0	1834	0	155	11	0.083	0.6024096385542168
phylter-k300-island_0	1500	0	497	3	0.25	0.6
phylter-k300-island_0	1596	0	404	0	0.202	0.9900990099009901
phylter-k300-island_0	1500	0	500	0	0.25	0.802
phylter-k300-island_0	1667	0	333	0	0.1665	0.6006006006006006
phylter-k300-island_0	1875	0	125	0	0.0625	0.808
phylter-k300-island_0	1334	0	666	0	0.333	0.6006006006006006
phylter-k300-island_0	1334	0	666	0	0.333	0.6006006006006006
phylter-k300-island_0	1626	0	374	0	0.187	0.8021390374331551
phylter-k300-island_0	1834	0	166	0	0.083	0.6024096385542168
phylter-k300-island_0	1798	0	202	0	0.101	0.9900990099009901
phylter-k300-island_0	1834	0	166	0	0.083	0.6024096385542168
phylter-k300-island_0	1251	0	749	0	0.3745	0.801068090787717
phylter-k300-island_0	1626	0	374	0	0.187	0.8021390374331551
phylter-k300-island_0	1798	0	202	0	0.101	0.9900990099009901
phylter-k300-island_0	1334	0	666	0	0.333	0.6006006006006006
phylter-k300-island_0	1394	0	606	0	0.303	0.9900990099009901
phylter-k300-island_0	1394	0	606	0	0.303	0.9900990099009901
phylter-k300-island_0	1798	0	177	25	0.101	0.9900990099009901
phylter-k300-island_0	1500	0	500	0	0.25	0.802
phylter-k300-island_0	1875	0	125	0	0.0625	0.808
phylter-k300-island_0	1626	0	374	0	0.187	0.8021390374331551
phylter-k300-island_0	1596	0	404	0	0.202	0.9900990099009901
phylter-k300-island_0	1167	0	833	0	0.4165	0.6002400960384153
phylter-k300-island_0	1375	0	625	0	0.3125	0.8016
phylter-k300-island_0	1167	0	833	0	0.4165	0.6002400960384153
phylter-k300-island_0	1375	0	625	0	0.3125	0.8016
phylter-k300-island_0	1000	0	1000	0	0.5	0.6
phylter-k300-island_0	1334	0	666	0	0.333	0.6006006006006006
phylter-k300-island_0	1394	0	606	0	0.303	0.9900990099009901
phylter-k300-island_0	1626	0	374	0	0.187	0.8021390374331551
phylter-k300-island_0	1500	0	500	0	0.25	0.802
phylter-k300-island_0	1875	0	125	0	0.0625	0.808
phylter-k300-island_0	1596	0	404	0	0.202	0.9900990099009901
phylter-k300-island_0	1375	0	625	0	0.3125	0.8016
phylter-k300-island_0	1899	0	101	0	0.0505	0.9900990099009901
phylter-k300-island_0	1750	0	250	0	0.125	0.804
phylter-k300-island_0	1495	0	505	0	0.2525	0.9900990099009901
phylter-k300-island_0	1697	0	303	0	0.1515	0.9900990099009901
phylter-k300-island_0	1626	0	374	0	0.187	0.8021390374331551
phylter-k300-island_0	1697	0	303	0	0.1515	0.9900990099009901
phylter-k300-island_0	1495	0	505	0	0.2525	0.9900990099009901
phylter-k300-island_0	1596	0	404	0	0.202	0.9900990099009901
phylter-k300-island_0	1750	0	250	0	0.125	0.804
phylter-k300-island_0	1394	0	606	0	0.303	0.9900990099009901
phylter-k300-island_0	1000	0	1000	0	0.5	0.6
phylter-k300-island_0	1899	0	101	0	0.0505	0.9900990099009901
phylter-k300-island_0	1500	0	500	0	0.25	0.6
phylter-k300-island_0	1667	0	333	0	0.1665	0.6006006006006006
phylter-k300-island_0	1000	0	1000	0	0.5	0.6
phylter-k300-island_0	1596	0	404	0	0.202	0.9900990099009901
phylter-k300-island_0	1750	0	250	0	0.125	0.804
phylter-k300-island_0	1495	0	505	0	0.2525	0.9900990099009901
phylter-k300-island_0	1697	0	303	0	0.1515	0.9900990099009901
phylter-k300-island_0	1697	0	303	0	0.1515	0.9900990099009901
phylter-k300-island_0	1899	0	101	0	0.0505	0.9900990099009901
phylter-k300-island_0	1500	0	500	0	0.25	0.6
phylter-k300-island_0	1500	0	500	0	0.25	0.6
phylter-k300-island_0	1899	0	101	0	0.0505	0.9900990099009901
phylter-k300-island_0	1697	0	303	0	0.1515	0.9900990099009901
phylter-k300-island_0	1375	0	625	0	0.3125	0.8016
phylter-k300-island_0	1334	0	666	0	0.333	0.6006006006006006
phylter-k300-island_0	1667	0	333	0	0.1665	0.6006006006006006
phylter-k300-island_0	1000	0	1000	0	0.5	0.6
phylter-k300-island_0	1697	0	303	0	0.1515	0.9900990099009901
phylter-k300-island_0	1495	0	505	0	0.2525	0.9900990099009901
phylter-k300-island_0	1750	0	250	0	0.125	0.804
phylter-k300-island_0	1375	0	625	0	0.3125	0.8016
phylter-k300-island_0	1251	0	749	0	0.3745	0.801068090787717
phylter-k300-island_0	1167	0	833	0	0.4165	0.6002400960384153
phylter-k300-island_0	1596	0	404	0	0.202	0.9900990099009901
phylter-k300-island_0	1000	0	1000	0	0.5	0.6
phylter-k300-island_0	1500	0	500	0	0.25	0.802
phylter-k300-island_0	1798	0	202	0	0.101	0.9900990099009901
phylter-k300-island_0	1875	0	125	0	0.0625	0.808
phylter-k300-island_0	1334	0	666	0	0.333	0.6006006006006006
phylter-k300-island_0	1596	0	404	0	0.202	0.9900990099009901
phylter-k300-island_0	1875	0	125	0	0.0625	0.808
phylter-k300-island_0	1334	0	666	0	0.333	0.6006006006006006
phylter-k300-island_0	1667	0	333	0	0.1665	0.6006006006006006
phylter-k300-island_0	1500	0	500	0	0.25	0.802
phylter-k300-island_0	1798	0	202	0	0.101	0.9900990099009901
phylter-k300-island_0	1375	0	625	0	0.3125	0.8016
phylter-k300-island_0	1251	0	749	0	0.3745	0.801068090787717
phylter-k300-island_0	1167	0	833	0	0.4165	0.6002400960384153
phylter-k300-island_0	1489	11	199	301	0.25	0.6
phylter-k300-island_0	1667	0	333	0	0.1665	0.6006006006006006
phylter-k300-island_0	1000	0	1000	0	0.5	0.6
phylter-k300-island_0	1394	0	606	0	0.303	0.9900990099009901
phylter-k300-island_0	1500	0	500	0	0.25	0.6
phylter-k300-island_0	1798	0	202	0	0.101	0.9900990099009901
phylter-k300-island_0	1500	0	500	0	0.25	0.6
phylter-k300-island_0	1251	0	749	0	0.3745	0.801068090787717
phylter-k300-island_0	1798	0	202	0	0.101	0.9900990099009901
phylter-k300-island_0	1394	0	606	0	0.303	0.9900990099009901
phylter-k300-island_0	1875	0	50	75	0.0625	0.808
phylter-k300-island_0	1667	0	333	0	0.1665	0.6006006006006006
phylter-k300-island_0	1000	0	1000	0	0.5	0.6
phylter-k300-island_0	1495	0	505	0	0.2525	0.9900990099009901
phylter-k300-island_0	1251	0	749	0	0.3745	0.801068090787717
phylter-k300-island_0	1834	0	166	0	0.083	0.6024096385542168
phylter-k300-island_0	1334	0	666	0	0.333	0.6006006006006006
phylter-k300-island_0	1875	0	125	0	0.0625	0.808
phylter-k300-island_0	1495	0	505	0	0.2525	0.9900990099009901
phylter-k300-island_0	1334	0	666	0	0.333	0.6006006006006006
phylter-k300-island_0	1875	0	125	0	0.0625	0.808
phylter-k300-island_0	1251	0	749	0	0.3745	0.801068090787717
phylter-k300-island_0	1798	0	202	0	0.101	0.9900990099009901
phylter-k300-island_0	1834	0	166	0	0.083	0.6024096385542168
phylter-k300-island_0	1375	0	625	0	0.3125	0.8016
phylter-k300-island_0	1251	0	749	0	0.3745	0.801068090787717
phylter-k300-island_0	1834	0	166	0	0.083	0.6024096385542168
phylter-k300-island_0	1167	0	833	0	0.4165	0.6002400960384153
phylter-k300-island_0	1834	0	166	0	0.083	0.6024096385542168
phylter-k300-island_0	1596	0	404	0	0.202	0.9900990099009901
phylter-k300-island_0	1750	0	250	0	0.125	0.804
phylter-k300-island_0	1000	0	1000	0	0.5	0.6
phylter-k300-island_0	1394	0	606	0	0.303	0.9900990099009901
phylter-k300-island_0	1626	0	374	0	0.187	0.8021390374331551
phylter-k300-island_0	1750	0	250	0	0.125	0.804
phylter-k300-island_0	1596	0	404	0	0.202	0.9900990099009901
phylter-k300-island_0	1626	0	374	0	0.187	0.8021390374331551
phylter-k300-island_0	1375	0	625	0	0.3125	0.8016
phylter-k300-island_0	1251	0	749	0	0.3745	0.801068090787717
phylter-k300-island_0	1834	0	166	0	0.083	0.6024096385542168
phylter-k300-island_0	1167	0	833	0	0.4165	0.6002400960384153
phylter-k300-island_0	1000	0	1000	0	0.5	0.6
phylter-k300-island_0	1394	0	606	0	0.303	0.9900990099009901
phylter-k300-island_0	1596	0	404	0	0.202	0.9900990099009901
phylter-k300-island_0	1697	0	303	0	0.1515	0.9900990099009901
phylter-k300-island_0	1495	0	505	0	0.2525	0.9900990099009901
phylter-k300-island_0	1899	0	77	24	0.0505	0.9900990099009901
phylter-k300-island_0	1798	0	202	0	0.101	0.9900990099009901
phylter-k300-island_0	1899	0	101	0	0.0505	0.9900990099009901
phylter-k300-island_0	1375	0	625	0	0.3125	0.8016
phylter-k300-island_0	1798	0	202	0	0.101	0.9900990099009901
phylter-k300-island_0	1394	0	606	0	0.303	0.9900990099009901
phylter-k300-island_0	1626	0	365	9	0.187	0.8021390374331551
phylter-k300-island_0	1000	0	1000	0	0.5	0.6
phylter-k300-island_0	1495	0	505	0	0.2525	0.9900990099009901
phylter-k300-island_0	1750	0	250	0	0.125	0.804
phylter-k300-island_0	1697	0	303	0	0.1515	0.9900990099009901
phylter-k300-island_0	1375	0	625	0	0.3125	0.8016
phylter-k300-island_0	1500	0	500	0	0.25	0.6
phylter-k300-island_0	1167	0	833	0	0.4165	0.6002400960384153
phylter-k300-island_0	1899	0	38	63	0.0505	0.9900990099009901
phylter-k300-island_0	1596	0	404	0	0.202	0.9900990099009901
phylter-k300-island_0	1495	0	505	0	0.2525	0.9900990099009901
phylter-k300-island_0	1500	0	500	0	0.25	0.802
phylter-k300-island_0	1167	0	833	0	0.4165	0.6002400960384153
phylter-k300-island_0	1334	0	666	0	0.333	0.6006006006006006
phylter-k300-island_0	1875	0	107	18	0.0625	0.808
phylter-k300-island_0	1681	16	3	300	0.1515	0.9900990099009901
phylter-k300-island_0	1596	0	404	0	0.202	0.9900990099009901
phylter-k300-island_0	1334	0	666	0	0.333	0.6006006006006006
phylter-k300-island_0	1875	0	125	0	0.0625	0.808
phylter-k300-island_0	1375	0	625	0	0.3125	0.8016
phylter-k300-island_0	1798	0	202	0	0.101	0.9900990099009901
phylter-k300-island_0	1899	0	101	0	0.0505	0.9900990099009901
phylter-k300-island_0	1899	0	101	0	0.0505	0.9900990099009901
phylter-k300-island_0	1167	0	833	0	0.4165	0.6002400960384153
phylter-k300-island_0	1500	0	499	1	0.25	0.6
phylter-k300-island_0	1167	0	833	0	0.4165	0.6002400960384153
phylter-k300-island_0	1667	0	333	0	0.1665	0.6006006006006006
phylter-k300-island_0	1394	0	606	0	0.303	0.9900990099009901
phylter-k300-island_0	1697	0	303	0	0.1515	0.9900990099009901
phylter-k300-island_0	1495	0	505	0	0.2525	0.9900990099009901
phylter-k300-island_0	1500	0	500	0	0.25	0.6
phylter-k300-island_0	1899	0	101	0	0.0505	0.9900990099009901
phylter-k300-island_0	1798	0	202	0	0.101	0.9900990099009901
phylter-k300-island_0	1167	0	833	0	0.4165	0.6002400960384153
phylter-k300-island_0	1898	1	13	88	0.0505	0.9900990099009901
phylter-k300-island_0	1500	0	500	0	0.25	0.6
phylter-k300-island_0	1798	0	202	0	0.101	0.9900990099009901
phylter-k300-island_0	1875	0	124	1	0.0625	0.808
phylter-k300-island_0	1394	0	606	0	0.303	0.9900990099009901
phylter-k300-island_0	1667	0	333	0	0.1665	0.6006006006006006
phylter-k300-island_0	1495	0	505	0	0.2525	0.9900990099009901
phylter-k300-island_0	1697	0	303	0	0.1515	0.9900990099009901
phylter-k300-island_0	1750	0	250	0	0.125	0.804
phylter-k300-island_0	1500	0	500	0	0.25	0.6
phylter-k300-island_0	1750	0	250	0	0.125	0.804
phylter-k300-island_0	1667	0	333	0	0.1665	0.6006006006006006
phylter-k300-island_0	1500	0	500	0	0.25	0.802
phylter-k300-island_0	1875	0	125	0	0.0625	0.808
phylter-k300-island_0	1697	0	303	0	0.1515	0.9900990099009901
phylter-k300-island_0	1750	0	250	0	0.125	0.804
phylter-k300-island_0	1667	0	333	0	0.1665	0.6006006006006006
phylter-k300-island_0	1500	0	500	0	0.25	0.6
phylter-k300-island_0	1500	0	500	0	0.25	0.802
phylter-k300-island_0	1334	0	666	0	0.333	0.6006006006006006
phylter-k300-island_0	1875	0	125	0	0.0625	0.808
phylter-k300-island_0	1834	0	166	0	0.083	0.6024096385542168
phylter-k300-island_0	1626	0	374	0	0.187	0.8021390374331551
phylter-k300-island_0	1251	0	749	0	0.3745	0.801068090787717
phylter-k300-island_0	1626	0	373	1	0.187	0.8021390374331551
phylter-k300-island_0	1834	0	166	0	0.083	0.6024096385542168
phylter-k300-island_0	1251	0	749	0	0.3745	0.801068090787717
phylter-k300-island_0	1334	0	666	0	0.333	0.6006006006006006
phylter-k300-island_0	1875	0	125	0	0.0625	0.808
phylter-k300-island_0	1500	0	500	0	0.25	0.802
phylter-k300-island_0	1748	2	49	201	0.125	0.804
phylter-k300-island_0	1833	1	66	100	0.083	0.6024096385542168
phylter-k300-island_0	1500	0	500	0	0.25	0.802
phylter-k300-island_0	1750	0	250	0	0.125	0.804
phylter-k300-island_0	1000	0	1000	0	0.5	0.6
phylter-k300-island_0	1667	0	333	0	0.1665	0.6006006006006006
phylter-k300-island_0	1394	0	606	0	0.303	0.9900990099009901
phylter-k300-island_0	1626	0	374	0	0.187	0.8021390374331551
phylter-k300-island_0	1375	0	625	0	0.3125	0.8016
phylter-k300-island_0	1750	0	55	195	0.125	0.804
phylter-k300-island_0	1667	0	333	0	0.1665	0.6006006006006006
phylter-k300-island_0	1000	0	1000	0	0.5	0.6
phylter-k300-island_0	1500	0	500	0	0.25	0.802
phylter-k300-island_0	1500	0	500	0	0.25	0.802
phylter-k300-island_0	1375	0	625	0	0.3125	0.8016
phylter-k300-island_0	1626	0	374	0	0.187	0.8021390374331551
phylter-k300-island_0	1500	0	500	0	0.25	0.802
phylter-k300-island_0	1596	0	404	0	0.202	0.9900990099009901
phylter-k300-island_0	1834	0	76	90	0.083	0.6024096385542168
phylter-k300-island_0	1251	0	749	0	0.3745	0.801068090787717
phylter-k300-island_0	1596	0	404	0	0.202	0.9900990099009901
phylter-k300-island_0	1834	0	166	0	0.083	0.6024096385542168
phylter-k300-island_0	1251	0	749	0	0.3745	0.801068090787717
phylter-k300-island_0	1626	0	374	0	0.187	0.8021390374331551
phylter-k300-island_0	1375	0	625	0	0.3125	0.8016
phylter-k300-island_0	1500	0	500	0	0.25	0.802
phylter-k300-island_0	1000	0	1000	0	0.5	0.6
phylter-k300-island_0	1495	0	505	0	0.2525	0.9900990099009901
phylter-k300-island_0	1596	0	404	0	0.202	0.9900990099009901
phylter-k300-island_0	1750	0	250	0	0.125	0.804
phylter-k300-island_0	1626	0	374	0	0.187	0.8021390374331551
phylter-k300-island_0	1875	0	125	0	0.0625	0.808
phylter-k300-island_0	1500	0	500	0	0.25	0.802
phylter-k300-island_0	1375	0	625	0	0.3125	0.8016
phylter-k300-island_0	1000	0	1000	0	0.5	0.6
phylter-k300-island_0	1167	0	833	0	0.4165	0.6002400960384153
phylter-k300-island_0	1000	0	1000	0	0.5	0.6
phylter-k300-island_0	1375	0	625	0	0.3125	0.8016
phylter-k300-island_0	1899	0	101	0	0.0505	0.9900990099009901
phylter-k300-island_0	1167	0	833	0	0.4165	0.6002400960384153
phylter-k300-island_0	1596	0	404	0	0.202	0.9900990099009901
phylter-k300-island_0	1697	0	284	19	0.1515	0.9900990099009901
phylter-k300-island_0	1875	0	125	0	0.0625	0.808
phylter-k300-island_0	1500	0	500	0	0.25	0.802
phylter-k300-island_0	1626	0	374	0	0.187	0.8021390374331551
phylter-k300-island_0	1899	0	19	82	0.0505	0.9900990099009901
phylter-k300-island_0	1394	0	606	0	0.303	0.9900990099009901
phylter-k300-island_0	1495	0	505	0	0.2525	0.9900990099009901
phylter-k300-island_0	1697	0	303	0	0.1515	0.9900990099009901
phylter-k300-island_0	1750	0	250	0	0.125	0.804
phylter-k300-island_0	1500	0	500	0	0.25	0.802
phylter-k300-island_0	1875	0	125	0	0.0625	0.808
phylter-k300-island_0	1394	0	606	0	0.303	0.9900990099009901
phylter-k300-island_0	1750	0	250	0	0.125	0.804
phylter-k300-island_0	1697	0	303	0	0.1515	0.9900990099009901
phylter-k300-island_0	1495	0	505	0	0.2525	0.9900990099009901
phylter-k300-island_0	1167	0	833	0	0.4165	0.6002400960384153
phylter-k300-island_0	1899	0	101	0	0.0505	0.9900990099009901
phylter-k300-island_0	1626	0	374	0	0.187	0.8021390374331551
phylter-k300-island_0	1394	0	606	0	0.303	0.9900990099009901
phylter-k300-island_0	1834	0	166	0	0.083	0.6024096385542168
phylter-k300-island_0	1834	0	166	0	0.083	0.6024096385542168
phylter-k300-island_0	1626	0	373	1	0.187	0.8021390374331551
phylter-k300-island_0	1798	0	202	0	0.101	0.9900990099009901
phylter-k300-island_0	1394	0	606	0	0.303	0.9900990099009901
phylter-k300-island_0	1334	0	666	0	0.333	0.6006006006006006
phylter-k300-island_0	1334	0	666	0	0.333	0.6006006006006006
phylter-k300-island_0	1612	14	74	300	0.187	0.8021390374331551
phylter-k300-island_0	1394	0	606	0	0.303	0.9900990099009901
phylter-k300-island_0	1834	0	166	0	0.083	0.6024096385542168
phylter-k300-island_0	1798	0	202	0	0.101	0.9900990099009901
phylter-k300-island_0	1495	0	505	0	0.2525	0.9900990099009901
phylter-k300-island_0	1334	0	666	0	0.333	0.6006006006006006
phylter-k300-island_0	1394	0	606	0	0.303	0.9900990099009901
phylter-k300-island_0	1000	0	1000	0	0.5	0.6
phylter-k300-island_0	1667	0	333	0	0.1665	0.6006006006006006
phylter-k300-island_0	1798	0	202	0	0.101	0.9900990099009901
phylter-k300-island_0	1500	0	500	0	0.25	0.6
phylter-k300-island_0	1834	0	72	94	0.083	0.6024096385542168
phylter-k300-island_0	1798	0	202	0	0.101	0.9900990099009901
phylter-k300-island_0	1500	0	500	0	0.25	0.6
phylter-k300-island_0	1495	0	505	0	0.2525	0.9900990099009901
phylter-k300-island_0	1000	0	1000	0	0.5	0.6
phylter-k300-island_0	1667	0	333	0	0.1665	0.6006006006006006
phylter-k300-island_0	1394	0	606	0	0.303	0.9900990099009901
phylter-k300-island_0	1500	0	500	0	0.25	0.6
phylter-k300-island_0	1834	0	166	0	0.083	0.6024096385542168
phylter-k300-island_0	1251	0	749	0	0.3745	0.801068090787717
phylter-k300-island_0	1875	0	125	0	0.0625	0.808
phylter-k300-island_0	1334	0	666	0	0.333	0.6006006006006006
phylter-k300-island_0	1667	0	333	0	0.1665	0.6006006006006006
phylter-k300-island_0	1000	0	1000	0	0.5	0.6
phylter-k300-island_0	1875	0	125	0	0.0625	0.808
phylter-k300-island_0	1334	0	666	0	0.333	0.6006006006006006
phylter-k300-island_0	1626	0	374	0	0.187	0.8021390374331551
phylter-k300-island_0	1394	0	606	0	0.303	0.9900990099009901
phylter-k300-island_0	1834	0	166	0	0.083	0.6024096385542168
phylter-k300-island_0	1251	0	749	0	0.3745	0.801068090787717
phylter-k300-island_0	1495	0	505	0	0.2525	0.9900990099009901
phylter-k300-island_0	1697	0	303	0	0.1515	0.9900990099009901
phylter-k300-island_0	1750	0	250	0	0.125	0.804
phylter-k300-island_0	1875	0	125	0	0.0625	0.808
phylter-k300-island_0	1500	0	500	0	0.25	0.802
phylter-k300-island_0	1000	0	1000	0	0.5	0.6
phylter-k300-island_0	1667	0	333	0	0.1665	0.6006006006006006
phylter-k300-island_0	1798	0	202	0	0.101	0.9900990099009901
phylter-k300-island_0	1251	0	749	0	0.3745	0.801068090787717
phylter-k300-island_0	1697	0	303	0	0.1515	0.9900990099009901
phylter-k300-island_0	1167	0	833	0	0.4165	0.6002400960384153
phylter-k300-island_0	1500	0	500	0	0.25	0.6
phylter-k300-island_0	1899	0	101	0	0.0505	0.9900990099009901
phylter-k300-island_0	1899	0	101	0	0.0505	0.9900990099009901
phylter-k300-island_0	1500	0	500	0	0.25	0.6
phylter-k300-island_0	1697	0	303	0	0.1515	0.9900990099009901
phylter-k300-island_0	1750	0	250	0	0.125	0.804
phylter-k300-island_0	1697	0	303	0	0.1515	0.9900990099009901
phylter-k300-island_0	1495	0	505	0	0.2525	0.9900990099009901
phylter-k300-island_0	1000	0	1000	0	0.5	0.6
phylter-k300-island_0	1667	0	333	0	0.1665	0.6006006006006006
phylter-k300-island_0	1899	0	101	0	0.0505	0.9900990099009901
phylter-k300-island_0	1167	0	833	0	0.4165	0.6002400960384153
phylter-k300-island_0	1697	0	303	0	0.1515	0.9900990099009901
phylter-k300-island_0	1375	0	625	0	0.3125	0.8016
phylter-k300-island_0	1251	0	749	0	0.3745	0.801068090787717
phylter-k300-island_0	1334	0	666	0	0.333	0.6006006006006006
phylter-k300-island_0	1874	1	30	95	0.0625	0.808
phylter-k300-island_0	1798	0	202	0	0.101	0.9900990099009901
phylter-k300-island_0	1500	0	500	0	0.25	0.802
phylter-k300-island_0	1697	0	303	0	0.1515	0.9900990099009901
phylter-k300-island_0	1596	0	404	0	0.202	0.9900990099009901
phylter-k300-island_0	1798	0	202	0	0.101	0.9900990099009901
phylter-k300-island_0	1500	0	500	0	0.25	0.802
phylter-k300-island_0	1334	0	666	0	0.333	0.6006006006006006
phylter-k300-island_0	1875	0	125	0	0.0625	0.808
phylter-k300-island_0	1596	0	404	0	0.202	0.9900990099009901
phylter-k300-island_0	1750	0	51	199	0.125	0.804
phylter-k300-island_0	1495	0	505	0	0.2525	0.9900990099009901
phylter-k300-island_0	1167	0	833	0	0.4165	0.6002400960384153
phylter-k300-island_0	1375	0	625	0	0.3125	0.8016
phylter-k300-island_0	1251	0	749	0	0.3745	0.801068090787717
phylter-k300-island_0	1899	0	101	0	0.0505	0.9900990099009901
phylter-k300-island_0	1394	0	606	0	0.303	0.9900990099009901
phylter-k300-island_0	1750	0	250	0	0.125	0.804
phylter-k300-island_0	1697	0	303	0	0.1515	0.9900990099009901
phylter-k300-island_0	1495	0	505	0	0.2525	0.9900990099009901
phylter-k300-island_0	1394	0	606	0	0.303	0.9900990099009901
phylter-k300-island_0	1500	0	500	0	0.25	0.802
phylter-k300-island_0	1875	0	125	0	0.0625	0.808
phylter-k300-island_0	1495	0	505	0	0.2525	0.9900990099009901
phylter-k300-island_0	1697	0	303	0	0.1515	0.9900990099009901
phylter-k300-island_0	1750	0	249	1	0.125	0.804
phylter-k300-island_0	1167	0	833	0	0.4165	0.6002400960384153
phylter-k300-island_0	1899	0	101	0	0.0505	0.9900990099009901
phylter-k300-island_0	1596	0	404	0	0.202	0.9900990099009901
phylter-k300-island_0	1750	0	250	0	0.125	0.804
phylter-k300-island_0	1495	0	505	0	0.2525	0.9900990099009901
phylter-k300-island_0	1500	0	500	0	0.25	0.802
phylter-k300-island_0	1875	0	125	0	0.0625	0.808
phylter-k300-island_0	1626	0	374	0	0.187	0.8021390374331551
phylter-k300-island_0	1000	0	1000	0	0.5	0.6
phylter-k300-island_0	1375	0	625	0	0.3125	0.8016
phylter-k300-island_0	1167	0	833	0	0.4165	0.6002400960384153
phylter-k300-island_0	1375	0	625	0	0.3125	0.8016
phylter-k300-island_0	1000	0	1000	0	0.5	0.6
phylter-k300-island_0	1899	0	10	91	0.0505	0.9900990099009901
phylter-k300-island_0	1167	0	833	0	0.4165	0.6002400960384153
phylter-k300-island_0	1697	0	303	0	0.1515	0.9900990099009901
phylter-k300-island_0	1596	0	404	0	0.202	0.9900990099009901
phylter-k300-island_0	1626	0	374	0	0.187	0.8021390374331551
phylter-k300-island_0	1875	0	125	0	0.0625	0.808
phylter-k300-island_0	1500	0	500	0	0.25	0.802
phylter-k300-island_0	1798	0	202	0	0.101	0.9900990099009901
phylter-k300-island_0	1334	0	666	0	0.333	0.6006006006006006
phylter-k300-island_0	1394	0	606	0	0.303	0.9900990099009901
phylter-k300-island_0	1626	0	374	0	0.187	0.8021390374331551
phylter-k300-island_0	1394	0	606	0	0.303	0.9900990099009901
phylter-k300-island_0	1000	0	1000	0	0.5	0.6
phylter-k300-island_0	1334	0	666	0	0.333	0.6006006006006006
phylter-k300-island_0	1834	0	166	0	0.083	0.6024096385542168
phylter-k300-island_0	1798	0	202	0	0.101	0.9900990099009901
phylter-k300-island_0	1626	0	374	0	0.187	0.8021390374331551
phylter-k300-island_0	1394	0	606	0	0.303	0.9900990099009901
phylter-k300-island_0	1834	0	166	0	0.083	0.6024096385542168
phylter-k300-island_0	1834	0	164	2	0.083	0.6024096385542168
phylter-k300-island_0	1626	0	374	0	0.187	0.8021390374331551
phylter-k300-island_0	1834	0	166	0	0.083	0.6024096385542168
phylter-k300-island_0	1500	0	500	0	0.25	0.6
phylter-k300-island_0	1251	0	749	0	0.3745	0.801068090787717
phylter-k300-island_0	1667	0	333	0	0.1665	0.6006006006006006
phylter-k300-island_0	1875	0	27	98	0.0625	0.808
phylter-k300-island_0	1334	0	666	0	0.333	0.6006006006006006
phylter-k300-island_0	1394	0	606	0	0.303	0.9900990099009901
phylter-k300-island_0	1875	0	125	0	0.0625	0.808
phylter-k300-island_0	1334	0	666	0	0.333	0.6006006006006006
phylter-k300-island_0	1000	0	1000	0	0.5	0.6
phylter-k300-island_0	1833	1	71	95	0.083	0.6024096385542168
phylter-k300-island_0	1251	0	749	0	0.3745	0.801068090787717
phylter-k300-island_0	1495	0	505	0	0.2525	0.9900990099009901
phylter-k300-island_0	1000	0	1000	0	0.5	0.6
phylter-k300-island_0	1667	0	333	0	0.1665	0.6006006006006006
phylter-k300-island_0	1394	0	606	0	0.303	0.9900990099009901
phylter-k300-island_0	1334	0	666	0	0.333	0.6006006006006006
phylter-k300-island_0	1798	0	202	0	0.101	0.9900990099009901
phylter-k300-island_0	1834	0	166	0	0.083	0.6024096385542168
phylter-k300-island_0	1500	0	500	0	0.25	0.6
phylter-k300-island_0	1798	0	202	0	0.101	0.9900990099009901
phylter-k300-island_0	1500	0	500	0	0.25	0.6
phylter-k300-island_0	1495	0	505	0	0.2525	0.9900990099009901
phylter-k300-island_0	1394	0	606	0	0.303	0.9900990099009901
phylter-k300-island_0	1000	0	1000	0	0.5	0.6
phylter-k300-island_0	1667	0	333	0	0.1665	0.6006006006006006
phylter-k300-island_0	1697	0	303	0	0.1515	0.9900990099009901
phylter-k300-island_0	1899	0	101	0	0.0505	0.9900990099009901
phylter-k300-island_0	1167	0	833	0	0.4165	0.6002400960384153
phylter-k300-island_0	1251	0	749	0	0.3745	0.801068090787717
phylter-k300-island_0	1375	0	625	0	0.3125	0.8016
phylter-k300-island_0	1798	0	202	0	0.101	0.9900990099009901
phylter-k300-island_0	1500	0	500	0	0.25	0.802
phylter-k300-island_0	1334	0	666	0	0.333	0.6006006006006006
phylter-k300-island_0	1875	0	37	88	0.0625	0.808
phylter-k300-island_0	1596	0	404	0	0.202	0.9900990099009901
phylter-k300-island_0	1697	0	303	0	0.1515	0.9900990099009901
phylter-k300-island_0	1334	0	666	0	0.333	0.6006006006006006
phylter-k300-island_0	1875	0	125	0	0.0625	0.808
phylter-k300-island_0	1500	0	500	0	0.25	0.802
phylter-k300-island_0	1495	0	505	0	0.2525	0.9900990099009901
phylter-k300-island_0	1596	0	404	0	0.202	0.9900990099009901
phylter-k300-island_0	1750	0	250	0	0.125	0.804
phylter-k300-island_0	1167	0	833	0	0.4165	0.6002400960384153
phylter-k300-island_0	1251	0	749	0	0.3745	0.801068090787717
phylter-k300-island_0	1375	0	625	0	0.3125	0.8016
phylter-k300-island_0	1750	0	226	24	0.125	0.804
phylter-k300-island_0	1697	0	303	0	0.1515	0.9900990099009901
phylter-k300-island_0	1495	0	505	0	0.2525	0.9900990099009901
phylter-k300-island_0	1000	0	1000	0	0.5	0.6
phylter-k300-island_0	1667	0	333	0	0.1665	0.6006006006006006
phylter-k300-island_0	1500	0	500	0	0.25	0.802
phylter-k300-island_0	1798	0	202	0	0.101	0.9900990099009901
phylter-k300-island_0	1875	0	25	100	0.0625	0.808
phylter-k300-island_0	1251	0	749	0	0.3745	0.801068090787717
phylter-k300-island_0	1167	0	833	0	0.4165	0.6002400960384153
phylter-k300-island_0	1899	0	101	0	0.0505	0.9900990099009901
phylter-k300-island_0	1500	0	500	0	0.25	0.6
phylter-k300-island_0	1697	0	303	0	0.1515	0.9900990099009901
phylter-k300-island_0	1500	0	500	0	0.25	0.6
phylter-k300-island_0	1899	0	101	0	0.0505	0.9900990099009901
phylter-k300-island_0	1495	0	505	0	0.2525	0.9900990099009901
phylter-k300-island_0	1697	0	303	0	0.1515	0.9900990099009901
phylter-k300-island_0	1750	0	250	0	0.125	0.804
phylter-k300-island_0	1000	0	1000	0	0.5	0.6
phylter-k300-island_0	1667	0	333	0	0.1665	0.6006006006006006
phylter-k300-island_0	1394	0	606	0	0.303	0.9900990099009901
phylter-k300-island_0	1000	0	1000	0	0.5	0.6
phylter-k300-island_0	1495	0	505	0	0.2525	0.9900990099009901
phylter-k300-island_0	1697	0	303	0	0.1515	0.9900990099009901
phylter-k300-island_0	1596	0	404	0	0.202	0.9900990099009901
phylter-k300-island_0	1899	0	101	0	0.0505	0.9900990099009901
phylter-k300-island_0	1798	0	202	0	0.101	0.9900990099009901
phylter-k300-island_0	1899	0	7	94	0.0505	0.9900990099009901
phylter-k300-island_0	1798	0	202	0	0.101	0.9900990099009901
phylter-k300-island_0	1375	0	625	0	0.3125	0.8016
phylter-k300-island_0	1000	0	1000	0	0.5	0.6
phylter-k300-island_0	1394	0	606	0	0.303	0.9900990099009901
phylter-k300-island_0	1626	0	374	0	0.187	0.8021390374331551
phylter-k300-island_0	1697	0	303	0	0.1515	0.9900990099009901
phylter-k300-island_0	1495	0	505	0	0.2525	0.9900990099009901
phylter-k300-island_0	1750	0	250	0	0.125	0.804
phylter-k300-island_0	1251	0	749	0	0.3745	0.801068090787717
phylter-k300-island_0	1375	0	625	0	0.3125	0.8016
phylter-k300-island_0	1834	0	166	0	0.083	0.6024096385542168
phylter-k300-island_0	1167	0	833	0	0.4165	0.6002400960384153
phylter-k300-island_0	1596	0	404	0	0.202	0.9900990099009901
phylter-k300-island_0	1394	0	606	0	0.303	0.9900990099009901
phylter-k300-island_0	1626	0	374	0	0.187	0.8021390374331551
phylter-k300-island_0	1000	0	1000	0	0.5	0.6
phylter-k300-island_0	1596	0	404	0	0.202	0.9900990099009901
phylter-k300-island_0	1750	0	250	0	0.125	0.804
phylter-k300-island_0	1626	0	374	0	0.187	0.8021390374331551
phylter-k300-island_0	1251	0	749	0	0.3745	0.801068090787717
phylter-k300-island_0	1375	0	625	0	0.3125	0.8016
phylter-k300-island_0	1834	0	88	78	0.083	0.6024096385542168
phylter-k300-island_0	1167	0	833	0	0.4165	0.6002400960384153
phylter-k300-island_0	1394	0	606	0	0.303	0.9900990099009901
phylter-k300-island_0	1667	0	333	0	0.1665	0.6006006006006006
phylter-k300-island_0	1167	0	833	0	0.4165	0.6002400960384153
phylter-k300-island_0	1495	0	505	0	0.2525	0.9900990099009901
phylter-k300-island_0	1697	0	303	0	0.1515	0.9900990099009901
phylter-k300-island_0	1899	0	101	0	0.0505	0.9900990099009901
phylter-k300-island_0	1500	0	500	0	0.25	0.6
phylter-k300-island_0	1798	0	202	0	0.101	0.9900990099009901
phylter-k300-island_0	1167	0	833	0	0.4165	0.6002400960384153
phylter-k300-island_0	1500	0	500	0	0.25	0.6
phylter-k300-island_0	1899	0	10	91	0.0505	0.9900990099009901
phylter-k300-island_0	1798	0	202	0	0.101	0.9900990099009901
phylter-k300-island_0	1167	0	833	0	0.4165	0.6002400960384153
phylter-k300-island_0	1667	0	333	0	0.1665	0.6006006006006006
phylter-k300-island_0	1394	0	606	0	0.303	0.9900990099009901
phylter-k300-island_0	1875	0	125	0	0.0625	0.808
phylter-k300-island_0	1697	0	303	0	0.1515	0.9900990099009901
phylter-k300-island_0	1495	0	505	0	0.2525	0.9900990099009901
phylter-k300-island_0	1375	0	625	0	0.3125	0.8016
phylter-k300-island_0	1899	0	101	0	0.0505	0.9900990099009901
phylter-k300-island_0	1167	0	833	0	0.4165	0.6002400960384153
phylter-k300-island_0	1500	0	500	0	0.25	0.6
phylter-k300-island_0	1495	0	505	0	0.2525	0.9900990099009901
phylter-k300-island_0	1596	0	404	0	0.202	0.9900990099009901
phylter-k300-island_0	1334	0	666	0	0.333	0.6006006006006006
phylter-k300-island_0	1875	0	125	0	0.0625	0.808
phylter-k300-island_0	1167	0	833	0	0.4165	0.6002400960384153
phylter-k300-island_0	1596	0	404	0	0.202	0.9900990099009901
phylter-k300-island_0	1697	0	303	0	0.1515	0.9900990099009901
phylter-k300-island_0	1334	0	666	0	0.333	0.6006006006006006
phylter-k300-island_0	1875	0	125	0	0.0625	0.808
phylter-k300-island_0	1798	0	202	0	0.101	0.9900990099009901
phylter-k300-island_0	1375	0	625	0	0.3125	0.8016
phylter-k300-island_0	1500	0	500	0	0.25	0.6
phylter-k300-island_0	1899	0	1	100	0.0505	0.9900990099009901
phylter-k300-island_0	1167	0	833	0	0.4165	0.6002400960384153
phylter-k300-island_0	1899	0	100	1	0.0505	0.9900990099009901
phylter-k300-island_0	1334	0	666	0	0.333	0.6006006006006006
phylter-k300-island_0	1875	0	125	0	0.0625	0.808
phylter-k300-island_0	1500	0	500	0	0.25	0.802
phylter-k300-island_0	1626	0	374	0	0.187	0.8021390374331551
phylter-k300-island_0	1834	0	166	0	0.083	0.6024096385542168
phylter-k300-island_0	1251	0	749	0	0.3745	0.801068090787717
phylter-k300-island_0	1834	0	148	18	0.083	0.6024096385542168
phylter-k300-island_0	1167	0	833	0	0.4165	0.6002400960384153
phylter-k300-island_0	1626	0	374	0	0.187	0.8021390374331551
phylter-k300-island_0	1251	0	749	0	0.3745	0.801068090787717
phylter-k300-island_0	1500	0	500	0	0.25	0.802
phylter-k300-island_0	1334	0	666	0	0.333	0.6006006006006006
phylter-k300-island_0	1875	0	62	63	0.0625	0.808
phylter-k300-island_0	1750	0	250	0	0.125	0.804
phylter-k300-island_0	1500	0	500	0	0.25	0.6
phylter-k300-island_0	1495	0	505	0	0.2525	0.9900990099009901
phylter-k300-island_0	1750	0	250	0	0.125	0.804
phylter-k300-island_0	1875	0	32	93	0.0625	0.808
phylter-k300-island_0	1500	0	500	0	0.25	0.802
phylter-k300-island_0	1667	0	333	0	0.1665	0.6006006006006006
phylter-k300-island_0	1750	0	247	3	0.125	0.804
phylter-k300-island_0	1667	0	333	0	0.1665	0.6006006006006006
phylter-k300-island_0	1899	0	101	0	0.0505	0.9900990099009901
phylter-k300-island_0	1500	0	500	0	0.25	0.6
phylter-k300-island_0	1626	0	374	0	0.187	0.8021390374331551
phylter-k300-island_0	1375	0	625	0	0.3125	0.8016
phylter-k300-island_0	1500	0	500	0	0.25	0.802
phylter-k300-island_0	1596	0	404	0	0.202	0.9900990099009901
phylter-k300-island_0	1833	1	86	80	0.083	0.6024096385542168
phylter-k300-island_0	1500	0	500	0	0.25	0.802
phylter-k300-island_0	1251	0	749	0	0.3745	0.801068090787717
phylter-k300-island_0	1596	0	404	0	0.202	0.9900990099009901
phylter-k300-island_0	1834	0	166	0	0.083	0.6024096385542168
phylter-k300-island_0	1251	0	749	0	0.3745	0.801068090787717
phylter-k300-island_0	1000	0	1000	0	0.5	0.6
phylter-k300-island_0	1500	0	500	0	0.25	0.802
phylter-k300-island_0	1626	0	374	0	0.187	0.8021390374331551
phylter-k300-island_0	1500	0	500	0	0.25	0.802
phylter-k300-island_0	1834	0	166	0	0.083	0.6024096385542168
phylter-k300-island_0	1750	0	250	0	0.125	0.804
phylter-k300-island_0	1375	0	625	0	0.3125	0.8016
phylter-k300-island_0	1667	0	250	83	0.1665	0.6006006006006006
phylter-k300-island_0	1626	0	374	0	0.187	0.8021390374331551
phylter-k300-island_0	1000	0	1000	0	0.5	0.6
phylter-k300-island_0	1750	0	250	0	0.125	0.804
phylter-k300-island_0	1000	0	1000	0	0.5	0.6
phylter-k300-island_0	1667	0	333	0	0.1665	0.6006006006006006
