phlag-lambda_0001-c_min16max81	1600	0	0	400	0.2	0.99
phlag-lambda_0001-c_min16max81	1700	0	0	300	0.15	0.66
phlag-lambda_0001-c_min16max81	1600	0	0	400	0.2	0.33
phlag-lambda_0001-c_min16max81	1400	0	0	600	0.3	0.33
phlag-lambda_0001-c_min16max81	1700	0	0	300	0.15	0.99
phlag-lambda_0001-c_min16max81	912	688	400	0	0.2	0.33
phlag-lambda_0001-c_min16max81	1700	0	0	300	0.15	0.66
phlag-lambda_0001-c_min16max81	1400	0	0	600	0.3	0.66
phlag-lambda_0001-c_min16max81	1011	689	0	300	0.15	0.99
phlag-lambda_0001-c_min16max81	1797	3	0	200	0.1	0.66
phlag-lambda_0001-c_min16max81	1898	2	0	100	0.05	0.99
phlag-lambda_0001-c_min16max81	1700	0	0	300	0.15	0.33
phlag-lambda_0001-c_min16max81	1400	0	0	600	0.3	0.33
phlag-lambda_0001-c_min16max81	1400	0	0	600	0.3	0.99
phlag-lambda_0001-c_min16max81	1399	1	0	600	0.3	0.66
phlag-lambda_0001-c_min16max81	1500	0	0	500	0.25	0.66
phlag-lambda_0001-c_min16max81	1800	0	0	200	0.1	0.99
phlag-lambda_0001-c_min16max81	1500	0	0	500	0.25	0.33
phlag-lambda_0001-c_min16max81	1898	2	100	0	0.05	0.99
phlag-lambda_0001-c_min16max81	1600	0	0	400	0.2	0.99
phlag-lambda_0001-c_min16max81	1497	3	0	500	0.25	0.33
phlag-lambda_0001-c_min16max81	1897	3	0	100	0.05	0.99
phlag-lambda_0001-c_min16max81	1504	296	0	200	0.1	0.66
phlag-lambda_0001-c_min16max81	1500	0	0	500	0.25	0.66
phlag-lambda_0001-c_min16max81	1400	0	0	600	0.3	0.99
phlag-lambda_0001-c_min16max81	1399	1	0	600	0.3	0.66
phlag-lambda_0001-c_min16max81	1049	551	0	400	0.2	0.66
phlag-lambda_0001-c_min16max81	1700	0	0	300	0.15	0.33
phlag-lambda_0001-c_min16max81	1700	0	0	300	0.15	0.66
phlag-lambda_0001-c_min16max81	1064	736	0	200	0.1	0.99
phlag-lambda_0001-c_min16max81	1499	1	0	500	0.25	0.99
phlag-lambda_0001-c_min16max81	1800	0	0	200	0.1	0.66
phlag-lambda_0001-c_min16max81	1398	402	0	200	0.1	0.99
phlag-lambda_0001-c_min16max81	1400	0	0	600	0.3	0.99
phlag-lambda_0001-c_min16max81	1900	0	0	100	0.05	0.66
phlag-lambda_0001-c_min16max81	1050	750	0	200	0.1	0.66
phlag-lambda_0001-c_min16max81	1900	0	0	100	0.05	0.66
phlag-lambda_0001-c_min16max81	1398	2	0	600	0.3	0.66
phlag-lambda_0001-c_min16max81	1400	0	0	600	0.3	0.99
phlag-lambda_0001-c_min16max81	1600	0	0	400	0.2	0.99
phlag-lambda_0001-c_min16max81	1800	0	0	200	0.1	0.99
phlag-lambda_0001-c_min16max81	1900	0	0	100	0.05	0.99
phlag-lambda_0001-c_min16max81	1244	256	0	500	0.25	0.99
phlag-lambda_0001-c_min16max81	1800	0	0	200	0.1	0.66
phlag-lambda_0001-c_min16max81	1500	0	0	500	0.25	0.99
phlag-lambda_0001-c_min16max81	1900	0	0	100	0.05	0.99
phlag-lambda_0001-c_min16max81	1428	472	0	100	0.05	0.66
phlag-lambda_0001-c_min16max81	1400	0	0	600	0.3	0.66
phlag-lambda_0001-c_min16max81	1400	0	0	600	0.3	0.99
phlag-lambda_0001-c_min16max81	0	1800	200	0	0.1	0.99
phlag-lambda_0001-c_min16max81	1600	0	0	400	0.2	0.99
phlag-lambda_0001-c_min16max81	1500	0	0	500	0.25	0.99
phlag-lambda_0001-c_min16max81	0	1800	0	200	0.1	0.66
phlag-lambda_0001-c_min16max81	1400	0	0	600	0.3	0.66
phlag-lambda_0001-c_min16max81	1683	217	3	97	0.05	0.33
phlag-lambda_0001-c_min16max81	1007	593	0	400	0.2	0.99
phlag-lambda_0001-c_min16max81	1600	0	0	400	0.2	0.66
phlag-lambda_0001-c_min16max81	1200	700	0	100	0.05	0.66
phlag-lambda_0001-c_min16max81	1326	474	1	199	0.1	0.33
phlag-lambda_0001-c_min16max81	1895	5	0	100	0.05	0.66
phlag-lambda_0001-c_min16max81	1900	0	0	100	0.05	0.33
phlag-lambda_0001-c_min16max81	1600	0	0	400	0.2	0.99
phlag-lambda_0001-c_min16max81	1895	5	0	100	0.05	0.66
phlag-lambda_0001-c_min16max81	1800	0	0	200	0.1	0.33
phlag-lambda_0001-c_min16max81	1600	0	0	400	0.2	0.66
phlag-lambda_0001-c_min16max81	1499	1	0	500	0.25	0.99
phlag-lambda_0001-c_min16max81	1400	0	0	600	0.3	0.66
phlag-lambda_0001-c_min16max81	1509	391	1	99	0.05	0.66
phlag-lambda_0001-c_min16max81	662	1238	100	0	0.05	0.66
phlag-lambda_0001-c_min16max81	1400	0	0	600	0.3	0.33
phlag-lambda_0001-c_min16max81	1284	516	0	200	0.1	0.66
phlag-lambda_0001-c_min16max81	1800	0	0	200	0.1	0.66
phlag-lambda_0001-c_min16max81	0	1500	500	0	0.25	0.99
phlag-lambda_0001-c_min16max81	9	1391	600	0	0.3	0.33
phlag-lambda_0001-c_min16max81	1500	0	0	500	0.25	0.33
phlag-lambda_0001-c_min16max81	1700	0	0	300	0.15	0.66
phlag-lambda_0001-c_min16max81	1860	40	0	100	0.05	0.33
phlag-lambda_0001-c_min16max81	1800	0	200	0	0.1	0.99
phlag-lambda_0001-c_min16max81	1700	0	0	300	0.15	0.33
phlag-lambda_0001-c_min16max81	1600	0	0	400	0.2	0.66
phlag-lambda_0001-c_min16max81	1800	0	0	200	0.1	0.33
phlag-lambda_0001-c_min16max81	1500	0	0	500	0.25	0.66
phlag-lambda_0001-c_min16max81	1400	0	0	600	0.3	0.33
phlag-lambda_0001-c_min16max81	1587	113	0	300	0.15	0.33
phlag-lambda_0001-c_min16max81	1899	1	0	100	0.05	0.33
phlag-lambda_0001-c_min16max81	1563	237	0	200	0.1	0.99
phlag-lambda_0001-c_min16max81	1500	0	0	500	0.25	0.66
phlag-lambda_0001-c_min16max81	1016	384	0	600	0.3	0.66
phlag-lambda_0001-c_min16max81	1800	0	0	200	0.1	0.33
phlag-lambda_0001-c_min16max81	1600	0	0	400	0.2	0.66
phlag-lambda_0001-c_min16max81	1	1699	300	0	0.15	0.33
phlag-lambda_0001-c_min16max81	1499	1	0	500	0.25	0.33
phlag-lambda_0001-c_min16max81	1313	587	100	0	0.05	0.99
phlag-lambda_0001-c_min16max81	1400	0	0	600	0.3	0.99
phlag-lambda_0001-c_min16max81	0	1700	300	0	0.15	0.99
phlag-lambda_0001-c_min16max81	1899	1	0	100	0.05	0.33
phlag-lambda_0001-c_min16max81	1226	474	0	300	0.15	0.66
phlag-lambda_0001-c_min16max81	1600	0	0	400	0.2	0.33
phlag-lambda_0001-c_min16max81	1399	1	0	600	0.3	0.33
phlag-lambda_0001-c_min16max81	1700	0	0	300	0.15	0.99
phlag-lambda_0001-c_min16max81	1798	2	0	200	0.1	0.33
phlag-lambda_0001-c_min16max81	1400	0	0	600	0.3	0.99
phlag-lambda_0001-c_min16max81	1597	3	0	400	0.2	0.66
phlag-lambda_0001-c_min16max81	1677	23	0	300	0.15	0.33
phlag-lambda_0001-c_min16max81	24	1376	599	1	0.3	0.33
phlag-lambda_0001-c_min16max81	1438	162	0	400	0.2	0.33
phlag-lambda_0001-c_min16max81	1697	3	0	300	0.15	0.66
phlag-lambda_0001-c_min16max81	1700	0	0	300	0.15	0.66
phlag-lambda_0001-c_min16max81	1400	0	0	600	0.3	0.33
phlag-lambda_0001-c_min16max81	1499	1	0	500	0.25	0.99
phlag-lambda_0001-c_min16max81	1700	0	0	300	0.15	0.99
phlag-lambda_0001-c_min16max81	1600	0	0	400	0.2	0.66
phlag-lambda_0001-c_min16max81	1238	562	0	200	0.1	0.66
phlag-lambda_0001-c_min16max81	1700	0	0	300	0.15	0.99
phlag-lambda_0001-c_min16max81	1600	0	0	400	0.2	0.66
phlag-lambda_0001-c_min16max81	1479	221	0	300	0.15	0.66
phlag-lambda_0001-c_min16max81	1400	0	0	600	0.3	0.33
phlag-lambda_0001-c_min16max81	1900	0	0	100	0.05	0.66
phlag-lambda_0001-c_min16max81	1159	541	300	0	0.15	0.99
phlag-lambda_0001-c_min16max81	1500	0	0	500	0.25	0.99
phlag-lambda_0001-c_min16max81	1851	49	0	100	0.05	0.66
phlag-lambda_0001-c_min16max81	0	1800	200	0	0.1	0.33
phlag-lambda_0001-c_min16max81	1599	1	0	400	0.2	0.99
phlag-lambda_0001-c_min16max81	1900	0	0	100	0.05	0.66
phlag-lambda_0001-c_min16max81	1800	0	0	200	0.1	0.33
phlag-lambda_0001-c_min16max81	1600	0	0	400	0.2	0.99
phlag-lambda_0001-c_min16max81	67	1433	500	0	0.25	0.99
phlag-lambda_0001-c_min16max81	1600	0	0	400	0.2	0.99
phlag-lambda_0001-c_min16max81	1600	0	0	400	0.2	0.66
phlag-lambda_0001-c_min16max81	1462	138	0	400	0.2	0.33
phlag-lambda_0001-c_min16max81	1900	0	0	100	0.05	0.99
phlag-lambda_0001-c_min16max81	1600	0	0	400	0.2	0.33
phlag-lambda_0001-c_min16max81	1459	41	0	500	0.25	0.66
phlag-lambda_0001-c_min16max81	1845	55	0	100	0.05	0.33
phlag-lambda_0001-c_min16max81	1400	0	0	600	0.3	0.66
phlag-lambda_0001-c_min16max81	1900	0	0	100	0.05	0.33
phlag-lambda_0001-c_min16max81	62	1438	500	0	0.25	0.99
phlag-lambda_0001-c_min16max81	186	1714	0	100	0.05	0.99
phlag-lambda_0001-c_min16max81	1400	0	0	600	0.3	0.99
phlag-lambda_0001-c_min16max81	1399	1	0	600	0.3	0.66
phlag-lambda_0001-c_min16max81	1898	2	0	100	0.05	0.66
phlag-lambda_0001-c_min16max81	1600	0	0	400	0.2	0.66
phlag-lambda_0001-c_min16max81	1600	0	0	400	0.2	0.99
phlag-lambda_0001-c_min16max81	1868	32	0	100	0.05	0.33
phlag-lambda_0001-c_min16max81	1600	0	0	400	0.2	0.66
phlag-lambda_0001-c_min16max81	20	1380	600	0	0.3	0.99
phlag-lambda_0001-c_min16max81	1400	0	0	600	0.3	0.66
phlag-lambda_0001-c_min16max81	1325	575	0	100	0.05	0.66
phlag-lambda_0001-c_min16max81	1600	0	0	400	0.2	0.99
phlag-lambda_0001-c_min16max81	1893	7	0	100	0.05	0.33
phlag-lambda_0001-c_min16max81	1421	479	0	100	0.05	0.99
phlag-lambda_0001-c_min16max81	1899	1	0	100	0.05	0.33
phlag-lambda_0001-c_min16max81	1500	0	0	500	0.25	0.99
phlag-lambda_0001-c_min16max81	1500	0	0	500	0.25	0.66
phlag-lambda_0001-c_min16max81	1700	0	0	300	0.15	0.66
phlag-lambda_0001-c_min16max81	1800	0	0	200	0.1	0.99
phlag-lambda_0001-c_min16max81	1262	638	0	100	0.05	0.33
phlag-lambda_0001-c_min16max81	1500	0	0	500	0.25	0.66
phlag-lambda_0001-c_min16max81	1070	330	0	600	0.3	0.66
phlag-lambda_0001-c_min16max81	1400	0	0	600	0.3	0.99
phlag-lambda_0001-c_min16max81	1600	0	0	400	0.2	0.66
phlag-lambda_0001-c_min16max81	1262	438	0	300	0.15	0.33
phlag-lambda_0001-c_min16max81	1500	0	0	500	0.25	0.33
phlag-lambda_0001-c_min16max81	1176	724	100	0	0.05	0.99
phlag-lambda_0001-c_min16max81	1131	369	0	500	0.25	0.33
phlag-lambda_0001-c_min16max81	1883	17	0	100	0.05	0.99
phlag-lambda_0001-c_min16max81	10	1490	500	0	0.25	0.33
phlag-lambda_0001-c_min16max81	1800	0	0	200	0.1	0.99
phlag-lambda_0001-c_min16max81	162	1738	0	100	0.05	0.33
phlag-lambda_0001-c_min16max81	1700	0	0	300	0.15	0.33
phlag-lambda_0001-c_min16max81	1233	367	0	400	0.2	0.66
phlag-lambda_0001-c_min16max81	1400	0	0	600	0.3	0.66
phlag-lambda_0001-c_min16max81	1400	0	0	600	0.3	0.99
phlag-lambda_0001-c_min16max81	1154	346	0	500	0.25	0.66
phlag-lambda_0001-c_min16max81	6	1794	200	0	0.1	0.33
phlag-lambda_0001-c_min16max81	1800	0	0	200	0.1	0.66
phlag-lambda_0001-c_min16max81	1500	0	0	500	0.25	0.33
phlag-lambda_0001-c_min16max81	1679	221	0	100	0.05	0.99
phlag-lambda_0001-c_min16max81	1700	0	0	300	0.15	0.99
phlag-lambda_0001-c_min16max81	1399	1	0	600	0.3	0.66
phlag-lambda_0001-c_min16max81	1600	0	0	400	0.2	0.33
phlag-lambda_0001-c_min16max81	0	1900	100	0	0.05	0.33
phlag-lambda_0001-c_min16max81	1700	0	0	300	0.15	0.66
phlag-lambda_0001-c_min16max81	1600	0	0	400	0.2	0.66
phlag-lambda_0001-c_min16max81	1700	0	0	300	0.15	0.99
phlag-lambda_0001-c_min16max81	1684	16	0	300	0.15	0.66
phlag-lambda_0001-c_min16max81	1598	2	0	400	0.2	0.33
phlag-lambda_0001-c_min16max81	1800	0	0	200	0.1	0.66
phlag-lambda_0001-c_min16max81	1	1799	200	0	0.1	0.33
phlag-lambda_0001-c_min16max81	1500	0	500	0	0.25	0.33
phlag-lambda_0001-c_min16max81	1900	0	0	100	0.05	0.99
phlag-lambda_0001-c_min16max81	1800	0	0	200	0.1	0.99
phlag-lambda_0001-c_min16max81	1500	0	0	500	0.25	0.66
phlag-lambda_0001-c_min16max81	1787	13	0	200	0.1	0.33
phlag-lambda_0001-c_min16max81	1700	0	0	300	0.15	0.33
phlag-lambda_0001-c_min16max81	1500	0	0	500	0.25	0.99
phlag-lambda_0001-c_min16max81	1500	0	0	500	0.25	0.33
phlag-lambda_0001-c_min16max81	1800	0	1	199	0.1	0.66
phlag-lambda_0001-c_min16max81	0	1500	500	0	0.25	0.33
phlag-lambda_0001-c_min16max81	1500	0	0	500	0.25	0.99
phlag-lambda_0001-c_min16max81	1597	3	0	400	0.2	0.33
phlag-lambda_0001-c_min16max81	252	1548	0	200	0.1	0.99
phlag-lambda_0001-c_min16max81	1900	0	0	100	0.05	0.99
phlag-lambda_0001-c_min16max81	1700	0	0	300	0.15	0.33
phlag-lambda_0001-c_min16max81	1259	641	100	0	0.05	0.66
phlag-lambda_0001-c_min16max81	1700	0	0	300	0.15	0.99
phlag-lambda_0001-c_min16max81	1275	525	0	200	0.1	0.33
phlag-lambda_0001-c_min16max81	1	1499	500	0	0.25	0.66
phlag-lambda_0001-c_min16max81	1799	1	0	200	0.1	0.66
phlag-lambda_0001-c_min16max81	1500	0	500	0	0.25	0.33
phlag-lambda_0001-c_min16max81	1700	0	0	300	0.15	0.99
phlag-lambda_0001-c_min16max81	1497	3	0	500	0.25	0.66
phlag-lambda_0001-c_min16max81	1400	0	0	600	0.3	0.33
phlag-lambda_0001-c_min16max81	1598	2	0	400	0.2	0.33
phlag-lambda_0001-c_min16max81	1700	0	0	300	0.15	0.66
phlag-lambda_0001-c_min16max81	1700	0	0	300	0.15	0.33
phlag-lambda_0001-c_min16max81	1700	0	0	300	0.15	0.99
phlag-lambda_0001-c_min16max81	1700	0	299	1	0.15	0.66
phlag-lambda_0001-c_min16max81	1752	48	0	200	0.1	0.99
phlag-lambda_0001-c_min16max81	1600	0	0	400	0.2	0.33
phlag-lambda_0001-c_min16max81	1400	0	598	2	0.3	0.33
phlag-lambda_0001-c_min16max81	1649	151	0	200	0.1	0.66
phlag-lambda_0001-c_min16max81	1700	0	0	300	0.15	0.99
phlag-lambda_0001-c_min16max81	1500	0	0	500	0.25	0.99
phlag-lambda_0001-c_min16max81	1900	0	0	100	0.05	0.66
phlag-lambda_0001-c_min16max81	1800	0	0	200	0.1	0.33
phlag-lambda_0001-c_min16max81	1599	1	0	400	0.2	0.99
phlag-lambda_0001-c_min16max81	1859	41	0	100	0.05	0.66
phlag-lambda_0001-c_min16max81	1751	49	200	0	0.1	0.33
phlag-lambda_0001-c_min16max81	1334	266	0	400	0.2	0.99
phlag-lambda_0001-c_min16max81	1499	1	0	500	0.25	0.99
phlag-lambda_0001-c_min16max81	984	716	300	0	0.15	0.66
phlag-lambda_0001-c_min16max81	1397	3	0	600	0.3	0.33
phlag-lambda_0001-c_min16max81	1500	0	0	500	0.25	0.99
phlag-lambda_0001-c_min16max81	1686	14	0	300	0.15	0.99
phlag-lambda_0001-c_min16max81	1598	2	0	400	0.2	0.66
phlag-lambda_0001-c_min16max81	1600	0	0	400	0.2	0.66
phlag-lambda_0001-c_min16max81	1698	2	0	300	0.15	0.66
phlag-lambda_0001-c_min16max81	1400	0	0	600	0.3	0.33
phlag-lambda_0001-c_min16max81	1893	7	0	100	0.05	0.66
phlag-lambda_0001-c_min16max81	1900	0	0	100	0.05	0.99
phlag-lambda_0001-c_min16max81	1474	426	0	100	0.05	0.33
phlag-lambda_0001-c_min16max81	1500	0	0	500	0.25	0.99
phlag-lambda_0001-c_min16max81	1600	0	0	400	0.2	0.66
phlag-lambda_0001-c_min16max81	1399	1	0	600	0.3	0.66
phlag-lambda_0001-c_min16max81	1400	0	0	600	0.3	0.99
phlag-lambda_0001-c_min16max81	1900	0	0	100	0.05	0.66
phlag-lambda_0001-c_min16max81	1600	0	0	400	0.2	0.99
phlag-lambda_0001-c_min16max81	1898	2	0	100	0.05	0.33
phlag-lambda_0001-c_min16max81	1193	207	0	600	0.3	0.66
phlag-lambda_0001-c_min16max81	1272	128	0	600	0.3	0.99
phlag-lambda_0001-c_min16max81	1640	260	0	100	0.05	0.66
phlag-lambda_0001-c_min16max81	1600	0	0	400	0.2	0.66
phlag-lambda_0001-c_min16max81	1600	0	0	400	0.2	0.99
phlag-lambda_0001-c_min16max81	154	1746	0	100	0.05	0.33
phlag-lambda_0001-c_min16max81	998	502	500	0	0.25	0.66
phlag-lambda_0001-c_min16max81	1899	1	0	100	0.05	0.33
phlag-lambda_0001-c_min16max81	886	614	500	0	0.25	0.99
phlag-lambda_0001-c_min16max81	1353	547	0	100	0.05	0.99
phlag-lambda_0001-c_min16max81	1564	36	0	400	0.2	0.99
phlag-lambda_0001-c_min16max81	1259	441	0	300	0.15	0.66
phlag-lambda_0001-c_min16max81	1600	0	0	400	0.2	0.66
phlag-lambda_0001-c_min16max81	1600	0	335	65	0.2	0.33
phlag-lambda_0001-c_min16max81	1500	0	0	500	0.25	0.66
phlag-lambda_0001-c_min16max81	1500	0	0	500	0.25	0.66
phlag-lambda_0001-c_min16max81	1599	1	0	400	0.2	0.33
phlag-lambda_0001-c_min16max81	1870	30	100	0	0.05	0.99
phlag-lambda_0001-c_min16max81	1899	1	0	100	0.05	0.33
phlag-lambda_0001-c_min16max81	1400	0	0	600	0.3	0.66
phlag-lambda_0001-c_min16max81	1800	0	0	200	0.1	0.66
phlag-lambda_0001-c_min16max81	1800	0	0	200	0.1	0.33
phlag-lambda_0001-c_min16max81	1895	5	0	100	0.05	0.99
phlag-lambda_0001-c_min16max81	1400	0	0	600	0.3	0.66
phlag-lambda_0001-c_min16max81	1442	258	0	300	0.15	0.99
phlag-lambda_0001-c_min16max81	1900	0	0	100	0.05	0.33
phlag-lambda_0001-c_min16max81	1700	0	0	300	0.15	0.66
phlag-lambda_0001-c_min16max81	1276	324	0	400	0.2	0.33
phlag-lambda_0001-c_min16max81	89	1611	300	0	0.15	0.99
phlag-lambda_0001-c_min16max81	1600	0	0	400	0.2	0.66
phlag-lambda_0001-c_min16max81	1597	3	0	400	0.2	0.33
phlag-lambda_0001-c_min16max81	1700	0	0	300	0.15	0.66
phlag-lambda_0001-c_min16max81	1800	0	0	200	0.1	0.33
phlag-lambda_0001-c_min16max81	1799	1	0	200	0.1	0.66
phlag-lambda_0001-c_min16max81	1487	13	0	500	0.25	0.33
phlag-lambda_0001-c_min16max81	1700	0	0	300	0.15	0.66
phlag-lambda_0001-c_min16max81	1320	580	0	100	0.05	0.33
phlag-lambda_0001-c_min16max81	1282	518	0	200	0.1	0.99
phlag-lambda_0001-c_min16max81	1700	0	0	300	0.15	0.33
phlag-lambda_0001-c_min16max81	1600	0	0	400	0.2	0.66
phlag-lambda_0001-c_min16max81	1400	0	0	600	0.3	0.99
phlag-lambda_0001-c_min16max81	1400	0	0	600	0.3	0.66
phlag-lambda_0001-c_min16max81	1500	0	0	500	0.25	0.66
phlag-lambda_0001-c_min16max81	1500	0	0	500	0.25	0.33
phlag-lambda_0001-c_min16max81	1533	367	0	100	0.05	0.99
phlag-lambda_0001-c_min16max81	1500	0	0	500	0.25	0.33
phlag-lambda_0001-c_min16max81	1500	0	0	500	0.25	0.33
phlag-lambda_0001-c_min16max81	1820	80	0	100	0.05	0.99
phlag-lambda_0001-c_min16max81	1868	32	0	100	0.05	0.33
phlag-lambda_0001-c_min16max81	1800	0	0	200	0.1	0.99
phlag-lambda_0001-c_min16max81	1500	0	0	500	0.25	0.66
phlag-lambda_0001-c_min16max81	847	553	0	600	0.3	0.99
phlag-lambda_0001-c_min16max81	1400	0	0	600	0.3	0.66
phlag-lambda_0001-c_min16max81	1020	580	398	2	0.2	0.66
phlag-lambda_0001-c_min16max81	1700	0	0	300	0.15	0.33
phlag-lambda_0001-c_min16max81	1800	0	0	200	0.1	0.66
phlag-lambda_0001-c_min16max81	1500	0	0	500	0.25	0.33
phlag-lambda_0001-c_min16max81	1500	0	0	500	0.25	0.66
phlag-lambda_0001-c_min16max81	1700	0	0	300	0.15	0.99
phlag-lambda_0001-c_min16max81	1698	2	0	300	0.15	0.66
phlag-lambda_0001-c_min16max81	1600	0	0	400	0.2	0.33
phlag-lambda_0001-c_min16max81	1399	1	0	600	0.3	0.33
phlag-lambda_0001-c_min16max81	1700	0	0	300	0.15	0.99
phlag-lambda_0001-c_min16max81	1700	0	0	300	0.15	0.33
phlag-lambda_0001-c_min16max81	1398	2	0	600	0.3	0.33
phlag-lambda_0001-c_min16max81	1600	0	0	400	0.2	0.33
phlag-lambda_0001-c_min16max81	1700	0	0	300	0.15	0.66
phlag-lambda_0001-c_min16max81	1800	0	0	200	0.1	0.99
phlag-lambda_0001-c_min16max81	1800	0	0	200	0.1	0.66
phlag-lambda_0001-c_min16max81	1799	1	0	200	0.1	0.99
phlag-lambda_0001-c_min16max81	1900	0	0	100	0.05	0.99
phlag-lambda_0001-c_min16max81	1697	3	0	300	0.15	0.33
phlag-lambda_0001-c_min16max81	1800	0	0	200	0.1	0.33
phlag-lambda_0001-c_min16max81	1500	0	0	500	0.25	0.66
phlag-lambda_0001-c_min16max81	1499	1	0	500	0.25	0.33
phlag-lambda_0001-c_min16max81	984	516	0	500	0.25	0.99
phlag-lambda_0001-c_min16max81	7	1493	500	0	0.25	0.99
phlag-lambda_0001-c_min16max81	1799	1	0	200	0.1	0.66
phlag-lambda_0001-c_min16max81	1500	0	0	500	0.25	0.99
phlag-lambda_0001-c_min16max81	1500	0	0	500	0.25	0.33
phlag-lambda_0001-c_min16max81	0	1900	0	100	0.05	0.99
phlag-lambda_0001-c_min16max81	1800	0	0	200	0.1	0.99
phlag-lambda_0001-c_min16max81	1599	1	0	400	0.2	0.33
phlag-lambda_0001-c_min16max81	1497	3	0	500	0.25	0.66
phlag-lambda_0001-c_min16max81	1700	0	0	300	0.15	0.99
phlag-lambda_0001-c_min16max81	1574	226	0	200	0.1	0.33
phlag-lambda_0001-c_min16max81	1700	0	0	300	0.15	0.33
phlag-lambda_0001-c_min16max81	905	595	0	500	0.25	0.66
phlag-lambda_0001-c_min16max81	1797	3	0	200	0.1	0.66
phlag-lambda_0001-c_min16max81	73	1327	600	0	0.3	0.66
phlag-lambda_0001-c_min16max81	1400	0	0	600	0.3	0.99
phlag-lambda_0001-c_min16max81	261	1139	600	0	0.3	0.33
phlag-lambda_0001-c_min16max81	1700	0	0	300	0.15	0.33
phlag-lambda_0001-c_min16max81	1318	582	100	0	0.05	0.33
phlag-lambda_0001-c_min16max81	0	1800	0	200	0.1	0.99
phlag-lambda_0001-c_min16max81	1600	0	0	400	0.2	0.99
phlag-lambda_0001-c_min16max81	950	550	0	500	0.25	0.33
phlag-lambda_0001-c_min16max81	1900	0	0	100	0.05	0.99
phlag-lambda_0001-c_min16max81	1498	2	0	500	0.25	0.33
phlag-lambda_0001-c_min16max81	0	1900	0	100	0.05	0.99
phlag-lambda_0001-c_min16max81	1600	0	0	400	0.2	0.99
phlag-lambda_0001-c_min16max81	1033	667	300	0	0.15	0.33
phlag-lambda_0001-c_min16max81	0	1400	600	0	0.3	0.66
phlag-lambda_0001-c_min16max81	1400	0	0	600	0.3	0.99
phlag-lambda_0001-c_min16max81	1500	0	0	500	0.25	0.66
phlag-lambda_0001-c_min16max81	1800	0	0	200	0.1	0.66
phlag-lambda_0001-c_min16max81	1700	0	0	300	0.15	0.66
phlag-lambda_0001-c_min16max81	1800	0	0	200	0.1	0.99
phlag-lambda_0001-c_min16max81	1586	14	0	400	0.2	0.99
phlag-lambda_0001-c_min16max81	1599	1	0	400	0.2	0.33
phlag-lambda_0001-c_min16max81	1700	0	0	300	0.15	0.66
phlag-lambda_0001-c_min16max81	1700	0	0	300	0.15	0.99
phlag-lambda_0001-c_min16max81	1400	0	0	600	0.3	0.33
phlag-lambda_0001-c_min16max81	1036	664	0	300	0.15	0.66
phlag-lambda_0001-c_min16max81	1600	0	0	400	0.2	0.33
phlag-lambda_0001-c_min16max81	1400	0	0	600	0.3	0.33
phlag-lambda_0001-c_min16max81	1268	532	0	200	0.1	0.66
phlag-lambda_0001-c_min16max81	1700	0	0	300	0.15	0.99
phlag-lambda_0001-c_min16max81	1400	0	0	600	0.3	0.66
phlag-lambda_0001-c_min16max81	1891	9	0	100	0.05	0.99
phlag-lambda_0001-c_min16max81	2	1898	100	0	0.05	0.66
phlag-lambda_0001-c_min16max81	1400	0	0	600	0.3	0.99
phlag-lambda_0001-c_min16max81	5	1395	600	0	0.3	0.66
phlag-lambda_0001-c_min16max81	1396	404	200	0	0.1	0.99
phlag-lambda_0001-c_min16max81	1600	0	0	400	0.2	0.99
phlag-lambda_0001-c_min16max81	939	561	500	0	0.25	0.99
phlag-lambda_0001-c_min16max81	1900	0	100	0	0.05	0.99
phlag-lambda_0001-c_min16max81	1800	0	0	200	0.1	0.66
phlag-lambda_0001-c_min16max81	1795	105	0	100	0.05	0.99
phlag-lambda_0001-c_min16max81	1500	0	0	500	0.25	0.99
phlag-lambda_0001-c_min16max81	0	1900	0	100	0.05	0.66
phlag-lambda_0001-c_min16max81	1400	0	0	600	0.3	0.99
phlag-lambda_0001-c_min16max81	1400	0	0	600	0.3	0.66
phlag-lambda_0001-c_min16max81	1600	0	0	400	0.2	0.99
phlag-lambda_0001-c_min16max81	1500	0	0	500	0.25	0.99
phlag-lambda_0001-c_min16max81	1798	2	0	200	0.1	0.66
phlag-lambda_0001-c_min16max81	810	990	200	0	0.1	0.99
phlag-lambda_0001-c_min16max81	1400	0	0	600	0.3	0.99
phlag-lambda_0001-c_min16max81	1898	2	0	100	0.05	0.66
phlag-lambda_0001-c_min16max81	1799	1	0	200	0.1	0.66
phlag-lambda_0001-c_min16max81	1899	1	0	100	0.05	0.66
phlag-lambda_0001-c_min16max81	1894	6	0	100	0.05	0.66
phlag-lambda_0001-c_min16max81	1400	0	0	600	0.3	0.33
phlag-lambda_0001-c_min16max81	0	1800	200	0	0.1	0.66
phlag-lambda_0001-c_min16max81	1800	0	0	200	0.1	0.66
phlag-lambda_0001-c_min16max81	1	1499	500	0	0.25	0.99
phlag-lambda_0001-c_min16max81	0	1900	0	100	0.05	0.66
phlag-lambda_0001-c_min16max81	1400	0	0	600	0.3	0.33
phlag-lambda_0001-c_min16max81	1500	0	0	500	0.25	0.99
phlag-lambda_0001-c_min16max81	1798	2	0	200	0.1	0.66
phlag-lambda_0001-c_min16max81	1400	0	0	600	0.3	0.66
phlag-lambda_0001-c_min16max81	1893	7	0	100	0.05	0.33
phlag-lambda_0001-c_min16max81	1600	0	0	400	0.2	0.99
phlag-lambda_0001-c_min16max81	1245	655	100	0	0.05	0.66
phlag-lambda_0001-c_min16max81	1891	9	0	100	0.05	0.66
phlag-lambda_0001-c_min16max81	1800	0	0	200	0.1	0.33
phlag-lambda_0001-c_min16max81	1599	1	0	400	0.2	0.66
phlag-lambda_0001-c_min16max81	105	1795	100	0	0.05	0.33
phlag-lambda_0001-c_min16max81	1600	0	0	400	0.2	0.99
phlag-lambda_0001-c_min16max81	1600	0	0	400	0.2	0.66
phlag-lambda_0001-c_min16max81	1900	0	0	100	0.05	0.66
phlag-lambda_0001-c_min16max81	1799	1	0	200	0.1	0.33
phlag-lambda_0001-c_min16max81	1161	339	0	500	0.25	0.99
phlag-lambda_0001-c_min16max81	1377	23	0	600	0.3	0.66
phlag-lambda_0001-c_min16max81	1700	0	0	300	0.15	0.99
phlag-lambda_0001-c_min16max81	0	1400	600	0	0.3	0.99
phlag-lambda_0001-c_min16max81	1400	0	3	597	0.3	0.33
phlag-lambda_0001-c_min16max81	1600	0	0	400	0.2	0.33
phlag-lambda_0001-c_min16max81	1900	0	0	100	0.05	0.33
phlag-lambda_0001-c_min16max81	1513	187	0	300	0.15	0.66
phlag-lambda_0001-c_min16max81	1600	0	0	400	0.2	0.66
phlag-lambda_0001-c_min16max81	1400	0	0	600	0.3	0.99
phlag-lambda_0001-c_min16max81	1700	0	0	300	0.15	0.99
phlag-lambda_0001-c_min16max81	1800	0	0	200	0.1	0.33
phlag-lambda_0001-c_min16max81	1698	2	0	300	0.15	0.66
phlag-lambda_0001-c_min16max81	1600	0	1	399	0.2	0.33
phlag-lambda_0001-c_min16max81	1400	0	0	600	0.3	0.33
phlag-lambda_0001-c_min16max81	1297	403	0	300	0.15	0.33
phlag-lambda_0001-c_min16max81	133	1367	500	0	0.25	0.33
phlag-lambda_0001-c_min16max81	1692	8	0	300	0.15	0.33
phlag-lambda_0001-c_min16max81	1700	0	0	300	0.15	0.66
phlag-lambda_0001-c_min16max81	1755	45	0	200	0.1	0.99
phlag-lambda_0001-c_min16max81	1900	0	0	100	0.05	0.33
phlag-lambda_0001-c_min16max81	1500	0	500	0	0.25	0.66
phlag-lambda_0001-c_min16max81	1769	31	0	200	0.1	0.33
phlag-lambda_0001-c_min16max81	119	1481	400	0	0.2	0.66
phlag-lambda_0001-c_min16max81	1700	0	0	300	0.15	0.33
phlag-lambda_0001-c_min16max81	0	1800	200	0	0.1	0.99
phlag-lambda_0001-c_min16max81	1851	49	0	100	0.05	0.33
phlag-lambda_0001-c_min16max81	1700	0	0	300	0.15	0.33
phlag-lambda_0001-c_min16max81	1400	0	0	600	0.3	0.33
phlag-lambda_0001-c_min16max81	1700	0	0	300	0.15	0.33
phlag-lambda_0001-c_min16max81	1596	4	0	400	0.2	0.66
phlag-lambda_0001-c_min16max81	1800	0	0	200	0.1	0.33
phlag-lambda_0001-c_min16max81	1500	0	0	500	0.25	0.66
phlag-lambda_0001-c_min16max81	1500	0	0	500	0.25	0.33
phlag-lambda_0001-c_min16max81	1500	0	0	500	0.25	0.99
phlag-lambda_0001-c_min16max81	347	1553	0	100	0.05	0.33
phlag-lambda_0001-c_min16max81	1603	297	100	0	0.05	0.99
phlag-lambda_0001-c_min16max81	1201	599	0	200	0.1	0.99
phlag-lambda_0001-c_min16max81	0	1900	0	100	0.05	0.33
phlag-lambda_0001-c_min16max81	1600	0	0	400	0.2	0.99
phlag-lambda_0001-c_min16max81	0	1900	100	0	0.05	0.66
phlag-lambda_0001-c_min16max81	1325	75	0	600	0.3	0.66
phlag-lambda_0001-c_min16max81	1400	0	0	600	0.3	0.99
phlag-lambda_0001-c_min16max81	1600	0	0	400	0.2	0.66
phlag-lambda_0001-c_min16max81	1894	6	0	100	0.05	0.33
phlag-lambda_0001-c_min16max81	16	1584	400	0	0.2	0.99
phlag-lambda_0001-c_min16max81	141	1459	396	4	0.2	0.66
phlag-lambda_0001-c_min16max81	1529	371	0	100	0.05	0.66
phlag-lambda_0001-c_min16max81	1400	0	0	600	0.3	0.66
phlag-lambda_0001-c_min16max81	1400	0	0	600	0.3	0.99
phlag-lambda_0001-c_min16max81	1582	18	0	400	0.2	0.33
phlag-lambda_0001-c_min16max81	1899	1	0	100	0.05	0.99
phlag-lambda_0001-c_min16max81	1500	0	0	500	0.25	0.99
phlag-lambda_0001-c_min16max81	1893	7	0	100	0.05	0.33
phlag-lambda_0001-c_min16max81	0	1400	600	0	0.3	0.99
phlag-lambda_0001-c_min16max81	1245	455	0	300	0.15	0.99
phlag-lambda_0001-c_min16max81	1515	385	74	26	0.05	0.66
phlag-lambda_0001-c_min16max81	1050	550	399	1	0.2	0.33
phlag-lambda_0001-c_min16max81	3	1497	500	0	0.25	0.66
phlag-lambda_0001-c_min16max81	1582	18	0	400	0.2	0.33
phlag-lambda_0001-c_min16max81	1309	591	0	100	0.05	0.33
phlag-lambda_0001-c_min16max81	1495	5	0	500	0.25	0.99
phlag-lambda_0001-c_min16max81	1500	0	0	500	0.25	0.66
phlag-lambda_0001-c_min16max81	1205	295	0	500	0.25	0.99
phlag-lambda_0001-c_min16max81	1700	0	0	300	0.15	0.66
phlag-lambda_0001-c_min16max81	1600	0	0	400	0.2	0.99
phlag-lambda_0001-c_min16max81	1800	0	0	200	0.1	0.33
phlag-lambda_0001-c_min16max81	1872	28	0	100	0.05	0.66
phlag-lambda_0001-c_min16max81	1600	0	0	400	0.2	0.99
phlag-lambda_0001-c_min16max81	1400	0	0	600	0.3	0.33
phlag-lambda_0001-c_min16max81	1800	0	0	200	0.1	0.33
phlag-lambda_0001-c_min16max81	1900	0	0	100	0.05	0.66
phlag-lambda_0001-c_min16max81	3	1497	500	0	0.25	0.99
phlag-lambda_0001-c_min16max81	1600	0	0	400	0.2	0.66
phlag-lambda_0001-c_min16max81	1400	0	0	600	0.3	0.33
phlag-lambda_0001-c_min16max81	1617	83	0	300	0.15	0.66
phlag-lambda_0001-c_min16max81	0	1600	400	0	0.2	0.66
phlag-lambda_0001-c_min16max81	1699	1	0	300	0.15	0.99
phlag-lambda_0001-c_min16max81	1600	0	0	400	0.2	0.66
phlag-lambda_0001-c_min16max81	1700	0	0	300	0.15	0.99
phlag-lambda_0001-c_min16max81	1800	0	0	200	0.1	0.33
phlag-lambda_0001-c_min16max81	1599	1	0	400	0.2	0.99
phlag-lambda_0001-c_min16max81	861	539	0	600	0.3	0.33
phlag-lambda_0001-c_min16max81	1500	0	0	500	0.25	0.99
phlag-lambda_0001-c_min16max81	1799	1	0	200	0.1	0.66
phlag-lambda_0001-c_min16max81	1062	338	0	600	0.3	0.33
phlag-lambda_0001-c_min16max81	1868	32	0	100	0.05	0.99
phlag-lambda_0001-c_min16max81	15	1685	300	0	0.15	0.66
phlag-lambda_0001-c_min16max81	1599	1	0	400	0.2	0.33
phlag-lambda_0001-c_min16max81	1700	0	0	300	0.15	0.99
phlag-lambda_0001-c_min16max81	1799	1	0	200	0.1	0.33
phlag-lambda_0001-c_min16max81	2	1598	400	0	0.2	0.33
phlag-lambda_0001-c_min16max81	1700	0	0	300	0.15	0.66
phlag-lambda_0001-c_min16max81	1400	0	0	600	0.3	0.33
phlag-lambda_0001-c_min16max81	1700	0	0	300	0.15	0.99
phlag-lambda_0001-c_min16max81	1800	0	0	200	0.1	0.66
phlag-lambda_0001-c_min16max81	1148	652	4	196	0.1	0.33
phlag-lambda_0001-c_min16max81	1500	0	0	500	0.25	0.66
phlag-lambda_0001-c_min16max81	1682	18	0	300	0.15	0.33
phlag-lambda_0001-c_min16max81	1589	311	0	100	0.05	0.99
phlag-lambda_0001-c_min16max81	1400	0	0	600	0.3	0.33
phlag-lambda_0001-c_min16max81	1800	0	0	200	0.1	0.99
phlag-lambda_0001-c_min16max81	1500	0	0	500	0.25	0.99
phlag-lambda_0001-c_min16max81	1500	0	0	500	0.25	0.33
phlag-lambda_0001-c_min16max81	1500	0	0	500	0.25	0.33
phlag-lambda_0001-c_min16max81	1700	0	0	300	0.15	0.33
phlag-lambda_0001-c_min16max81	1500	0	0	500	0.25	0.66
phlag-lambda_0001-c_min16max81	1797	3	0	200	0.1	0.33
phlag-lambda_0001-c_min16max81	1653	47	0	300	0.15	0.66
phlag-lambda_0001-c_min16max81	1179	421	0	400	0.2	0.99
phlag-lambda_0001-c_min16max81	1800	0	0	200	0.1	0.99
phlag-lambda_0001-c_min16max81	1500	0	0	500	0.25	0.33
phlag-lambda_0001-c_min16max81	1617	183	0	200	0.1	0.33
phlag-lambda_0001-c_min16max81	1626	174	200	0	0.1	0.66
phlag-lambda_0001-c_min16max81	1277	423	0	300	0.15	0.66
phlag-lambda_0001-c_min16max81	1799	1	0	200	0.1	0.99
phlag-lambda_0001-c_min16max81	1600	0	0	400	0.2	0.33
phlag-lambda_0001-c_min16max81	1700	0	0	300	0.15	0.99
phlag-lambda_0001-c_min16max81	1700	0	0	300	0.15	0.33
phlag-lambda_0001-c_min16max81	1	1599	400	0	0.2	0.33
phlag-lambda_0001-c_min16max81	1699	1	0	300	0.15	0.66
phlag-lambda_0001-c_min16max81	1400	0	0	600	0.3	0.99
phlag-lambda_0001-c_min16max81	1696	4	0	300	0.15	0.99
phlag-lambda_0001-c_min16max81	1500	0	0	500	0.25	0.66
phlag-lambda_0001-c_min16max81	1500	0	0	500	0.25	0.33
phlag-lambda_0001-c_min16max81	1500	0	0	500	0.25	0.33
phlag-lambda_0001-c_min16max81	1799	1	0	200	0.1	0.66
phlag-lambda_0001-c_min16max81	1400	0	0	600	0.3	0.99
phlag-lambda_0001-c_min16max81	787	613	0	600	0.3	0.66
phlag-lambda_0001-c_min16max81	1699	1	0	300	0.15	0.99
phlag-lambda_0001-c_min16max81	1500	0	0	500	0.25	0.66
phlag-lambda_0001-c_min16max81	1700	0	0	300	0.15	0.33
phlag-lambda_0001-c_min16max81	1448	152	0	400	0.2	0.66
phlag-lambda_0001-c_min16max81	1600	0	0	400	0.2	0.33
phlag-lambda_0001-c_min16max81	31	1869	0	100	0.05	0.33
phlag-lambda_0001-c_min16max81	1798	2	0	200	0.1	0.99
phlag-lambda_0001-c_min16max81	1528	272	200	0	0.1	0.33
phlag-lambda_0001-c_min16max81	1061	839	0	100	0.05	0.99
phlag-lambda_0001-c_min16max81	1	1499	500	0	0.25	0.33
phlag-lambda_0001-c_min16max81	1793	7	0	200	0.1	0.66
phlag-lambda_0001-c_min16max81	1876	24	0	100	0.05	0.99
phlag-lambda_0001-c_min16max81	1498	2	0	500	0.25	0.33
phlag-lambda_0001-c_min16max81	1599	1	0	400	0.2	0.66
phlag-lambda_0001-c_min16max81	94	1606	300	0	0.15	0.33
phlag-lambda_0001-c_min16max81	1500	0	0	500	0.25	0.66
phlag-lambda_0001-c_min16max81	1400	0	0	600	0.3	0.99
phlag-lambda_0001-c_min16max81	1400	0	0	600	0.3	0.66
phlag-lambda_0001-c_min16max81	1891	9	0	100	0.05	0.33
phlag-lambda_0001-c_min16max81	1551	249	200	0	0.1	0.99
phlag-lambda_0001-c_min16max81	1600	0	0	400	0.2	0.99
phlag-lambda_0001-c_min16max81	1800	0	0	200	0.1	0.99
phlag-lambda_0001-c_min16max81	1400	0	0	600	0.3	0.99
phlag-lambda_0001-c_min16max81	1399	1	0	600	0.3	0.66
phlag-lambda_0001-c_min16max81	1448	452	0	100	0.05	0.66
phlag-lambda_0001-c_min16max81	0	1900	0	100	0.05	0.99
phlag-lambda_0001-c_min16max81	1500	0	0	500	0.25	0.99
phlag-lambda_0001-c_min16max81	1500	0	0	500	0.25	0.99
phlag-lambda_0001-c_min16max81	1813	87	0	100	0.05	0.99
phlag-lambda_0001-c_min16max81	0	1800	0	200	0.1	0.99
phlag-lambda_0001-c_min16max81	1432	168	0	400	0.2	0.99
phlag-lambda_0001-c_min16max81	1400	0	0	600	0.3	0.99
phlag-lambda_0001-c_min16max81	1400	0	470	130	0.3	0.66
phlag-lambda_0001-c_min16max81	1887	13	0	100	0.05	0.66
phlag-lambda_0001-c_min16max81	1798	2	0	200	0.1	0.66
phlag-lambda_0001-c_min16max81	1835	65	0	100	0.05	0.99
phlag-lambda_0001-c_min16max81	1400	0	0	600	0.3	0.66
phlag-lambda_0001-c_min16max81	1400	0	0	600	0.3	0.33
phlag-lambda_0001-c_min16max81	1600	0	0	400	0.2	0.99
phlag-lambda_0001-c_min16max81	1034	766	0	200	0.1	0.66
phlag-lambda_0001-c_min16max81	1796	4	0	200	0.1	0.99
phlag-lambda_0001-c_min16max81	1700	0	0	300	0.15	0.33
phlag-lambda_0001-c_min16max81	1500	0	0	500	0.25	0.66
phlag-lambda_0001-c_min16max81	1422	378	0	200	0.1	0.66
phlag-lambda_0001-c_min16max81	1400	0	0	600	0.3	0.66
phlag-lambda_0001-c_min16max81	1400	0	0	600	0.3	0.99
phlag-lambda_0001-c_min16max81	1897	3	0	100	0.05	0.99
phlag-lambda_0001-c_min16max81	1500	0	0	500	0.25	0.33
phlag-lambda_0001-c_min16max81	1600	0	0	400	0.2	0.99
phlag-lambda_0001-c_min16max81	1600	0	0	400	0.2	0.99
phlag-lambda_0001-c_min16max81	1900	0	0	100	0.05	0.99
phlag-lambda_0001-c_min16max81	1498	2	0	500	0.25	0.33
phlag-lambda_0001-c_min16max81	1600	0	0	400	0.2	0.33
phlag-lambda_0001-c_min16max81	1114	686	0	200	0.1	0.99
phlag-lambda_0001-c_min16max81	1700	0	0	300	0.15	0.99
phlag-lambda_0001-c_min16max81	1400	0	0	600	0.3	0.66
phlag-lambda_0001-c_min16max81	1400	0	0	600	0.3	0.99
phlag-lambda_0001-c_min16max81	1500	0	0	500	0.25	0.66
phlag-lambda_0001-c_min16max81	1800	0	0	200	0.1	0.66
phlag-lambda_0001-c_min16max81	1699	1	0	300	0.15	0.33
phlag-lambda_0001-c_min16max81	1500	0	0	500	0.25	0.33
phlag-lambda_0001-c_min16max81	1400	0	0	600	0.3	0.33
phlag-lambda_0001-c_min16max81	1700	0	0	300	0.15	0.99
phlag-lambda_0001-c_min16max81	1400	0	0	600	0.3	0.99
phlag-lambda_0001-c_min16max81	168	1332	500	0	0.25	0.66
phlag-lambda_0001-c_min16max81	1600	0	0	400	0.2	0.33
phlag-lambda_0001-c_min16max81	1700	0	0	300	0.15	0.66
phlag-lambda_0001-c_min16max81	1116	584	300	0	0.15	0.99
phlag-lambda_0001-c_min16max81	1400	0	0	600	0.3	0.33
phlag-lambda_0001-c_min16max81	1698	2	0	300	0.15	0.33
phlag-lambda_0001-c_min16max81	1698	2	0	300	0.15	0.66
phlag-lambda_0001-c_min16max81	1800	0	0	200	0.1	0.99
phlag-lambda_0001-c_min16max81	971	629	0	400	0.2	0.33
phlag-lambda_0001-c_min16max81	1270	330	0	400	0.2	0.33
phlag-lambda_0001-c_min16max81	1697	3	0	300	0.15	0.66
phlag-lambda_0001-c_min16max81	1799	1	0	200	0.1	0.99
phlag-lambda_0001-c_min16max81	1400	0	0	600	0.3	0.33
phlag-lambda_0001-c_min16max81	1700	0	0	300	0.15	0.33
phlag-lambda_0001-c_min16max81	1372	28	0	600	0.3	0.99
phlag-lambda_0001-c_min16max81	1335	365	0	300	0.15	0.99
phlag-lambda_0001-c_min16max81	1500	0	0	500	0.25	0.33
phlag-lambda_0001-c_min16max81	1400	0	0	600	0.3	0.33
phlag-lambda_0001-c_min16max81	1700	0	0	300	0.15	0.66
phlag-lambda_0001-c_min16max81	1600	0	0	400	0.2	0.33
phlag-lambda_0001-c_min16max81	1500	0	0	500	0.25	0.66
phlag-lambda_0001-c_min16max81	1699	1	0	300	0.15	0.99
phlag-lambda_0001-c_min16max81	1500	0	0	500	0.25	0.33
phlag-lambda_0001-c_min16max81	1400	0	0	600	0.3	0.99
phlag-lambda_0001-c_min16max81	8	1592	400	0	0.2	0.66
phlag-lambda_0001-c_min16max81	1328	372	0	300	0.15	0.33
phlag-lambda_0001-c_min16max81	1500	0	479	21	0.25	0.66
phlag-lambda_0001-c_min16max81	1699	1	0	300	0.15	0.99
phlag-lambda_0001-c_min16max81	1798	2	0	200	0.1	0.33
phlag-lambda_0001-c_min16max81	1414	386	0	200	0.1	0.99
phlag-lambda_0001-c_min16max81	1126	774	1	99	0.05	0.33
phlag-lambda_0001-c_min16max81	1600	0	0	400	0.2	0.33
phlag-lambda_0001-c_min16max81	1469	231	0	300	0.15	0.33
phlag-lambda_0001-c_min16max81	1799	1	0	200	0.1	0.33
phlag-lambda_0001-c_min16max81	1138	362	0	500	0.25	0.66
phlag-lambda_0001-c_min16max81	2	1698	300	0	0.15	0.33
phlag-lambda_0001-c_min16max81	1600	0	0	400	0.2	0.66
phlag-lambda_0001-c_min16max81	1699	1	0	300	0.15	0.33
phlag-lambda_0001-c_min16max81	1800	0	0	200	0.1	0.99
phlag-lambda_0001-c_min16max81	1900	0	0	100	0.05	0.33
phlag-lambda_0001-c_min16max81	1248	252	0	500	0.25	0.33
phlag-lambda_0001-c_min16max81	1600	0	0	400	0.2	0.99
phlag-lambda_0001-c_min16max81	1400	0	0	600	0.3	0.33
phlag-lambda_0001-c_min16max81	1355	245	400	0	0.2	0.66
phlag-lambda_0001-c_min16max81	1799	1	0	200	0.1	0.33
phlag-lambda_0001-c_min16max81	1899	1	0	100	0.05	0.66
phlag-lambda_0001-c_min16max81	1800	0	0	200	0.1	0.66
phlag-lambda_0001-c_min16max81	1400	0	0	600	0.3	0.66
phlag-lambda_0001-c_min16max81	1654	146	0	200	0.1	0.66
phlag-lambda_0001-c_min16max81	1398	2	0	600	0.3	0.33
phlag-lambda_0001-c_min16max81	0	1900	0	100	0.05	0.33
phlag-lambda_0001-c_min16max81	1619	281	0	100	0.05	0.66
phlag-lambda_0001-c_min16max81	1400	0	0	600	0.3	0.66
phlag-lambda_0001-c_min16max81	1500	0	0	500	0.25	0.99
phlag-lambda_0001-c_min16max81	1600	0	1	399	0.2	0.66
phlag-lambda_0001-c_min16max81	1800	0	0	200	0.1	0.33
phlag-lambda_0001-c_min16max81	1091	809	0	100	0.05	0.66
phlag-lambda_0001-c_min16max81	998	602	0	400	0.2	0.99
phlag-lambda_0001-c_min16max81	1900	0	0	100	0.05	0.33
phlag-lambda_0001-c_min16max81	1400	0	0	600	0.3	0.33
phlag-lambda_0001-c_min16max81	12	1788	200	0	0.1	0.33
phlag-lambda_0001-c_min16max81	1761	139	0	100	0.05	0.66
phlag-lambda_0001-c_min16max81	1600	0	0	400	0.2	0.66
phlag-lambda_0001-c_min16max81	1600	0	0	400	0.2	0.99
phlag-lambda_0001-c_min16max81	1900	0	0	100	0.05	0.33
phlag-lambda_0001-c_min16max81	1400	0	0	600	0.3	0.66
phlag-lambda_0001-c_min16max81	1500	0	0	500	0.25	0.99
phlag-lambda_0001-c_min16max81	1799	1	0	200	0.1	0.66
phlag-lambda_0001-c_min16max81	1900	0	0	100	0.05	0.99
phlag-lambda_0001-c_min16max81	1399	1	0	600	0.3	0.66
phlag-lambda_0001-c_min16max81	1599	1	0	400	0.2	0.99
phlag-lambda_0001-c_min16max81	1800	0	0	200	0.1	0.66
phlag-lambda_0001-c_min16max81	1800	0	0	200	0.1	0.99
phlag-lambda_0001-c_min16max81	1600	0	0	400	0.2	0.99
phlag-lambda_0001-c_min16max81	1275	525	0	200	0.1	0.33
phlag-lambda_0001-c_min16max81	1400	0	0	600	0.3	0.66
phlag-lambda_0001-c_min16max81	1400	0	0	600	0.3	0.99
phlag-lambda_0001-c_min16max81	0	1900	100	0	0.05	0.66
phlag-lambda_0001-c_min16max81	1500	0	0	500	0.25	0.99
phlag-lambda_0001-c_min16max81	1900	0	0	100	0.05	0.99
phlag-lambda_0001-c_min16max81	1	1899	100	0	0.05	0.99
phlag-lambda_0001-c_min16max81	1500	0	0	500	0.25	0.99
phlag-lambda_0001-c_min16max81	1228	372	0	400	0.2	0.99
phlag-lambda_0001-c_min16max81	1611	189	0	200	0.1	0.99
phlag-lambda_0001-c_min16max81	1400	0	0	600	0.3	0.66
phlag-lambda_0001-c_min16max81	1400	0	0	600	0.3	0.99
phlag-lambda_0001-c_min16max81	1741	159	0	100	0.05	0.66
phlag-lambda_0001-c_min16max81	1498	2	0	500	0.25	0.33
phlag-lambda_0001-c_min16max81	1500	0	0	500	0.25	0.66
phlag-lambda_0001-c_min16max81	1400	0	0	600	0.3	0.99
phlag-lambda_0001-c_min16max81	1700	0	0	300	0.15	0.99
phlag-lambda_0001-c_min16max81	1400	0	0	600	0.3	0.33
phlag-lambda_0001-c_min16max81	1698	2	0	300	0.15	0.66
phlag-lambda_0001-c_min16max81	1600	0	0	400	0.2	0.33
phlag-lambda_0001-c_min16max81	1700	0	0	300	0.15	0.33
phlag-lambda_0001-c_min16max81	1400	0	0	600	0.3	0.33
phlag-lambda_0001-c_min16max81	1700	0	0	300	0.15	0.99
phlag-lambda_0001-c_min16max81	1598	2	0	400	0.2	0.33
phlag-lambda_0001-c_min16max81	958	742	1	299	0.15	0.66
phlag-lambda_0001-c_min16max81	1800	0	0	200	0.1	0.99
phlag-lambda_0001-c_min16max81	1785	15	0	200	0.1	0.99
phlag-lambda_0001-c_min16max81	1400	0	0	600	0.3	0.99
phlag-lambda_0001-c_min16max81	1400	0	0	600	0.3	0.66
phlag-lambda_0001-c_min16max81	1800	0	0	200	0.1	0.66
phlag-lambda_0001-c_min16max81	1038	462	0	500	0.25	0.66
phlag-lambda_0001-c_min16max81	1700	0	0	300	0.15	0.33
phlag-lambda_0001-c_min16max81	1600	0	0	400	0.2	0.99
phlag-lambda_0001-c_min16max81	1900	0	0	100	0.05	0.99
phlag-lambda_0001-c_min16max81	551	949	0	500	0.25	0.33
phlag-lambda_0001-c_min16max81	1079	821	100	0	0.05	0.99
phlag-lambda_0001-c_min16max81	1499	1	0	500	0.25	0.33
phlag-lambda_0001-c_min16max81	1600	0	0	400	0.2	0.99
phlag-lambda_0001-c_min16max81	1800	0	0	200	0.1	0.99
phlag-lambda_0001-c_min16max81	1599	1	0	400	0.2	0.33
phlag-lambda_0001-c_min16max81	1014	686	0	300	0.15	0.33
phlag-lambda_0001-c_min16max81	1800	0	0	200	0.1	0.66
phlag-lambda_0001-c_min16max81	1500	0	0	500	0.25	0.66
phlag-lambda_0001-c_min16max81	1399	1	0	600	0.3	0.99
phlag-lambda_0001-c_min16max81	1400	0	0	600	0.3	0.66
phlag-lambda_0001-c_min16max81	1700	0	0	300	0.15	0.99
phlag-lambda_0001-c_min16max81	1500	0	0	500	0.25	0.33
phlag-lambda_0001-c_min16max81	700	700	600	0	0.3	0.99
phlag-lambda_0001-c_min16max81	1699	1	0	300	0.15	0.99
phlag-lambda_0001-c_min16max81	1799	1	1	199	0.1	0.33
phlag-lambda_0001-c_min16max81	1498	2	0	500	0.25	0.66
phlag-lambda_0001-c_min16max81	1300	400	0	300	0.15	0.33
phlag-lambda_0001-c_min16max81	1600	0	0	400	0.2	0.66
phlag-lambda_0001-c_min16max81	1396	4	0	600	0.3	0.99
phlag-lambda_0001-c_min16max81	0	1700	0	300	0.15	0.33
phlag-lambda_0001-c_min16max81	1600	0	0	400	0.2	0.33
phlag-lambda_0001-c_min16max81	1900	0	0	100	0.05	0.33
phlag-lambda_0001-c_min16max81	1291	509	0	200	0.1	0.99
phlag-lambda_0001-c_min16max81	1338	262	0	400	0.2	0.66
phlag-lambda_0001-c_min16max81	1700	0	6	294	0.15	0.33
phlag-lambda_0001-c_min16max81	1172	328	0	500	0.25	0.66
phlag-lambda_0001-c_min16max81	1800	0	0	200	0.1	0.33
phlag-lambda_0001-c_min16max81	1888	12	100	0	0.05	0.33
phlag-lambda_0001-c_min16max81	1800	0	0	200	0.1	0.99
phlag-lambda_0001-c_min16max81	1700	0	0	300	0.15	0.33
phlag-lambda_0001-c_min16max81	1209	291	0	500	0.25	0.33
phlag-lambda_0001-c_min16max81	1400	0	0	600	0.3	0.33
phlag-lambda_0001-c_min16max81	1700	0	0	300	0.15	0.66
phlag-lambda_0001-c_min16max81	1800	0	0	200	0.1	0.99
phlag-lambda_0001-c_min16max81	1153	447	0	400	0.2	0.33
phlag-lambda_0001-c_min16max81	1207	493	0	300	0.15	0.99
phlag-lambda_0001-c_min16max81	1400	0	0	600	0.3	0.99
phlag-lambda_0001-c_min16max81	1697	3	4	296	0.15	0.33
phlag-lambda_0001-c_min16max81	1500	0	0	500	0.25	0.33
phlag-lambda_0001-c_min16max81	1600	0	0	400	0.2	0.33
phlag-lambda_0001-c_min16max81	1461	239	0	300	0.15	0.66
phlag-lambda_0001-c_min16max81	0	1400	600	0	0.3	0.33
phlag-lambda_0001-c_min16max81	1400	0	0	600	0.3	0.99
phlag-lambda_0001-c_min16max81	1700	0	0	300	0.15	0.99
phlag-lambda_0001-c_min16max81	1500	0	0	500	0.25	0.66
phlag-lambda_0001-c_min16max81	161	1239	600	0	0.3	0.66
phlag-lambda_0001-c_min16max81	1500	0	0	500	0.25	0.99
phlag-lambda_0001-c_min16max81	1800	0	0	200	0.1	0.33
phlag-lambda_0001-c_min16max81	1900	0	0	100	0.05	0.66
phlag-lambda_0001-c_min16max81	1600	0	0	400	0.2	0.66
phlag-lambda_0001-c_min16max81	1400	0	0	600	0.3	0.33
phlag-lambda_0001-c_min16max81	1599	1	0	400	0.2	0.99
phlag-lambda_0001-c_min16max81	1742	158	0	100	0.05	0.33
phlag-lambda_0001-c_min16max81	70	1530	400	0	0.2	0.66
phlag-lambda_0001-c_min16max81	1785	15	0	200	0.1	0.33
phlag-lambda_0001-c_min16max81	0	1900	0	100	0.05	0.66
phlag-lambda_0001-c_min16max81	1600	0	400	0	0.2	0.99
phlag-lambda_0001-c_min16max81	1900	0	0	100	0.05	0.33
phlag-lambda_0001-c_min16max81	916	584	0	500	0.25	0.99
phlag-lambda_0001-c_min16max81	1400	0	0	600	0.3	0.33
phlag-lambda_0001-c_min16max81	1600	0	0	400	0.2	0.99
phlag-lambda_0001-c_min16max81	1898	2	0	100	0.05	0.66
phlag-lambda_0001-c_min16max81	1800	0	0	200	0.1	0.33
phlag-lambda_0001-c_min16max81	1600	0	0	400	0.2	0.66
phlag-lambda_0001-c_min16max81	1800	0	0	200	0.1	0.66
phlag-lambda_0001-c_min16max81	1400	0	0	600	0.3	0.66
phlag-lambda_0001-c_min16max81	1800	0	0	200	0.1	0.66
phlag-lambda_0001-c_min16max81	1571	329	0	100	0.05	0.33
phlag-lambda_0001-c_min16max81	1400	0	0	600	0.3	0.33
phlag-lambda_0001-c_min16max81	0	1900	0	100	0.05	0.66
phlag-lambda_0001-c_min16max81	1400	0	0	600	0.3	0.99
phlag-lambda_0001-c_min16max81	1659	241	0	100	0.05	0.66
phlag-lambda_0001-c_min16max81	1599	1	0	400	0.2	0.33
phlag-lambda_0001-c_min16max81	1500	0	0	500	0.25	0.66
phlag-lambda_0001-c_min16max81	1	1499	500	0	0.25	0.66
phlag-lambda_0001-c_min16max81	1277	623	100	0	0.05	0.33
phlag-lambda_0001-c_min16max81	1500	0	0	500	0.25	0.99
phlag-lambda_0001-c_min16max81	1600	0	0	400	0.2	0.33
phlag-lambda_0001-c_min16max81	1898	2	0	100	0.05	0.99
phlag-lambda_0001-c_min16max81	1	1499	500	0	0.25	0.99
phlag-lambda_0001-c_min16max81	1900	0	0	100	0.05	0.33
phlag-lambda_0001-c_min16max81	1600	0	0	400	0.2	0.99
phlag-lambda_0001-c_min16max81	1600	0	0	400	0.2	0.66
phlag-lambda_0001-c_min16max81	1215	485	0	300	0.15	0.33
phlag-lambda_0001-c_min16max81	1900	0	0	100	0.05	0.66
phlag-lambda_0001-c_min16max81	1347	53	0	600	0.3	0.99
phlag-lambda_0001-c_min16max81	1400	0	0	600	0.3	0.66
phlag-lambda_0001-c_min16max81	1169	731	100	0	0.05	0.33
phlag-lambda_0001-c_min16max81	1600	0	0	400	0.2	0.99
phlag-lambda_0001-c_min16max81	13	1887	100	0	0.05	0.66
phlag-lambda_0001-c_min16max81	5	1395	600	0	0.3	0.99
phlag-lambda_0001-c_min16max81	1400	0	0	600	0.3	0.66
phlag-lambda_0001-c_min16max81	1028	472	0	500	0.25	0.66
phlag-lambda_0001-c_min16max81	1594	6	0	400	0.2	0.66
phlag-lambda_0001-c_min16max81	1498	2	0	500	0.25	0.99
phlag-lambda_0001-c_min16max81	1582	318	0	100	0.05	0.33
phlag-lambda_0001-c_min16max81	1900	0	0	100	0.05	0.99
phlag-lambda_0001-c_min16max81	1242	358	0	400	0.2	0.33
phlag-lambda_0001-c_min16max81	444	1056	500	0	0.25	0.33
phlag-lambda_0001-c_min16max81	1400	0	0	600	0.3	0.33
phlag-lambda_0001-c_min16max81	1698	2	0	300	0.15	0.66
phlag-lambda_0001-c_min16max81	1698	2	0	300	0.15	0.99
phlag-lambda_0001-c_min16max81	1599	1	0	400	0.2	0.66
phlag-lambda_0001-c_min16max81	1700	0	0	300	0.15	0.99
phlag-lambda_0001-c_min16max81	1799	1	0	200	0.1	0.33
phlag-lambda_0001-c_min16max81	1400	0	0	600	0.3	0.33
phlag-lambda_0001-c_min16max81	1698	2	0	300	0.15	0.66
phlag-lambda_0001-c_min16max81	7	1593	400	0	0.2	0.99
phlag-lambda_0001-c_min16max81	1500	0	0	500	0.25	0.99
phlag-lambda_0001-c_min16max81	1600	0	0	400	0.2	0.99
phlag-lambda_0001-c_min16max81	1280	420	0	300	0.15	0.66
phlag-lambda_0001-c_min16max81	1800	0	0	200	0.1	0.33
phlag-lambda_0001-c_min16max81	1899	1	0	100	0.05	0.66
phlag-lambda_0001-c_min16max81	1400	0	0	600	0.3	0.33
phlag-lambda_0001-c_min16max81	1600	0	0	400	0.2	0.99
phlag-lambda_0001-c_min16max81	557	1243	0	200	0.1	0.33
phlag-lambda_0001-c_min16max81	1155	745	0	100	0.05	0.66
phlag-lambda_0001-c_min16max81	1500	0	0	500	0.25	0.99
phlag-lambda_0001-c_min16max81	1600	0	0	400	0.2	0.66
phlag-lambda_0001-c_min16max81	1700	0	0	300	0.15	0.33
phlag-lambda_0001-c_min16max81	1499	1	0	500	0.25	0.66
phlag-lambda_0001-c_min16max81	1317	483	200	0	0.1	0.33
phlag-lambda_0001-c_min16max81	1800	0	0	200	0.1	0.99
phlag-lambda_0001-c_min16max81	1888	12	0	100	0.05	0.99
phlag-lambda_0001-c_min16max81	1400	0	0	600	0.3	0.33
phlag-lambda_0001-c_min16max81	1500	0	0	500	0.25	0.33
phlag-lambda_0001-c_min16max81	1500	0	0	500	0.25	0.99
phlag-lambda_0001-c_min16max81	1500	0	0	500	0.25	0.99
phlag-lambda_0001-c_min16max81	1500	0	0	500	0.25	0.33
phlag-lambda_0001-c_min16max81	1798	2	0	200	0.1	0.33
phlag-lambda_0001-c_min16max81	1499	1	0	500	0.25	0.66
phlag-lambda_0001-c_min16max81	1700	0	0	300	0.15	0.33
phlag-lambda_0001-c_min16max81	1895	5	0	100	0.05	0.99
phlag-lambda_0001-c_min16max81	1700	0	0	300	0.15	0.66
phlag-lambda_0001-c_min16max81	1800	0	0	200	0.1	0.99
phlag-lambda_0001-c_min16max81	1500	0	0	500	0.25	0.99
phlag-lambda_0001-c_min16max81	1402	398	0	200	0.1	0.66
phlag-lambda_0001-c_min16max81	1600	0	0	400	0.2	0.33
phlag-lambda_0001-c_min16max81	1684	16	0	300	0.15	0.66
phlag-lambda_0001-c_min16max81	2	1398	600	0	0.3	0.33
phlag-lambda_0001-c_min16max81	1371	529	0	100	0.05	0.99
phlag-lambda_0001-c_min16max81	1700	0	0	300	0.15	0.99
phlag-lambda_0001-c_min16max81	1798	2	0	200	0.1	0.33
phlag-lambda_0001-c_min16max81	1400	0	0	600	0.3	0.33
phlag-lambda_0001-c_min16max81	1700	0	0	300	0.15	0.66
phlag-lambda_0001-c_min16max81	1600	0	0	400	0.2	0.33
phlag-lambda_0001-c_min16max81	1700	0	0	300	0.15	0.99
phlag-lambda_0001-c_min16max81	1800	0	0	200	0.1	0.66
phlag-lambda_0001-c_min16max81	1600	0	0	400	0.2	0.66
phlag-lambda_0001-c_min16max81	1700	0	0	300	0.15	0.33
phlag-lambda_0001-c_min16max81	1500	0	1	499	0.25	0.66
phlag-lambda_0001-c_min16max81	1700	0	0	300	0.15	0.99
phlag-lambda_0001-c_min16max81	1399	1	0	600	0.3	0.66
phlag-lambda_0001-c_min16max81	1400	0	0	600	0.3	0.99
phlag-lambda_0001-c_min16max81	1800	0	0	200	0.1	0.99
phlag-lambda_0001-c_min16max81	1900	0	100	0	0.05	0.33
phlag-lambda_0001-c_min16max81	1600	0	0	400	0.2	0.33
phlag-lambda_0001-c_min16max81	1287	513	0	200	0.1	0.33
phlag-lambda_0001-c_min16max81	1899	1	0	100	0.05	0.99
phlag-lambda_0001-c_min16max81	1500	0	0	500	0.25	0.33
phlag-lambda_0001-c_min16max81	1783	17	0	200	0.1	0.66
phlag-lambda_0001-c_min16max81	1900	0	0	100	0.05	0.99
phlag-lambda_0001-c_min16max81	1500	0	0	500	0.25	0.33
phlag-lambda_0001-c_min16max81	1399	1	0	600	0.3	0.66
phlag-lambda_0001-c_min16max81	945	455	0	600	0.3	0.99
phlag-lambda_0001-c_min16max81	1500	0	0	500	0.25	0.66
phlag-lambda_0001-c_min16max81	5	1695	300	0	0.15	0.33
phlag-lambda_0001-c_min16max81	1586	14	0	400	0.2	0.66
phlag-lambda_0001-c_min16max81	1800	0	0	200	0.1	0.99
phlag-lambda_0001-c_min16max81	1885	15	98	2	0.05	0.33
phlag-lambda_0001-c_min16max81	1355	145	0	500	0.25	0.33
phlag-lambda_0001-c_min16max81	8	1792	200	0	0.1	0.66
phlag-lambda_0001-c_min16max81	1800	0	0	200	0.1	0.33
phlag-lambda_0001-c_min16max81	1600	0	0	400	0.2	0.33
phlag-lambda_0001-c_min16max81	1698	2	0	300	0.15	0.66
phlag-lambda_0001-c_min16max81	1800	0	0	200	0.1	0.99
phlag-lambda_0001-c_min16max81	1700	0	0	300	0.15	0.33
phlag-lambda_0001-c_min16max81	1699	1	0	300	0.15	0.99
phlag-lambda_0001-c_min16max81	1700	0	0	300	0.15	0.66
phlag-lambda_0001-c_min16max81	1599	1	0	400	0.2	0.33
phlag-lambda_0001-c_min16max81	1500	0	0	500	0.25	0.66
phlag-lambda_0001-c_min16max81	1700	0	0	300	0.15	0.99
phlag-lambda_0001-c_min16max81	1400	0	0	600	0.3	0.99
phlag-lambda_0001-c_min16max81	1500	0	0	500	0.25	0.33
phlag-lambda_0001-c_min16max81	1500	0	0	500	0.25	0.33
phlag-lambda_0001-c_min16max81	1793	7	0	200	0.1	0.33
phlag-lambda_0001-c_min16max81	1799	1	0	200	0.1	0.66
lambda_0005-c_min25max81	1700	0	0	300	0.15	0.66
lambda_0005-c_min25max81	217	1383	400	0	0.2	0.33
lambda_0005-c_min25max81	1384	16	0	600	0.3	0.33
lambda_0005-c_min25max81	1700	0	0	300	0.15	0.99
lambda_0005-c_min25max81	875	725	395	5	0.2	0.33
lambda_0005-c_min25max81	1700	0	0	300	0.15	0.66
lambda_0005-c_min25max81	1400	0	0	600	0.3	0.66
lambda_0005-c_min25max81	998	702	0	300	0.15	0.99
lambda_0005-c_min25max81	1797	3	0	200	0.1	0.66
lambda_0005-c_min25max81	1900	0	0	100	0.05	0.99
lambda_0005-c_min25max81	1700	0	0	300	0.15	0.33
lambda_0005-c_min25max81	1400	0	0	600	0.3	0.33
lambda_0005-c_min25max81	1400	0	0	600	0.3	0.99
lambda_0005-c_min25max81	1399	1	0	600	0.3	0.66
lambda_0005-c_min25max81	1500	0	0	500	0.25	0.66
lambda_0005-c_min25max81	1799	1	0	200	0.1	0.99
lambda_0005-c_min25max81	1500	0	0	500	0.25	0.33
lambda_0005-c_min25max81	1378	522	100	0	0.05	0.99
lambda_0005-c_min25max81	382	1218	400	0	0.2	0.99
lambda_0005-c_min25max81	1500	0	0	500	0.25	0.33
lambda_0005-c_min25max81	17	1883	100	0	0.05	0.99
lambda_0005-c_min25max81	1796	4	182	18	0.1	0.66
lambda_0005-c_min25max81	1500	0	0	500	0.25	0.66
lambda_0005-c_min25max81	1400	0	0	600	0.3	0.99
lambda_0005-c_min25max81	1399	1	0	600	0.3	0.66
lambda_0005-c_min25max81	1081	519	0	400	0.2	0.66
lambda_0005-c_min25max81	1700	0	0	300	0.15	0.33
lambda_0005-c_min25max81	1700	0	0	300	0.15	0.66
lambda_0005-c_min25max81	1034	766	0	200	0.1	0.99
lambda_0005-c_min25max81	1500	0	0	500	0.25	0.99
lambda_0005-c_min25max81	1800	0	0	200	0.1	0.66
lambda_0005-c_min25max81	1210	590	200	0	0.1	0.99
lambda_0005-c_min25max81	1400	0	0	600	0.3	0.99
lambda_0005-c_min25max81	1900	0	0	100	0.05	0.66
lambda_0005-c_min25max81	3	1797	200	0	0.1	0.66
lambda_0005-c_min25max81	1900	0	0	100	0.05	0.66
lambda_0005-c_min25max81	1400	0	0	600	0.3	0.66
lambda_0005-c_min25max81	1400	0	0	600	0.3	0.99
lambda_0005-c_min25max81	1600	0	0	400	0.2	0.99
lambda_0005-c_min25max81	1799	1	0	200	0.1	0.99
lambda_0005-c_min25max81	1900	0	0	100	0.05	0.99
lambda_0005-c_min25max81	923	577	500	0	0.25	0.99
lambda_0005-c_min25max81	1800	0	0	200	0.1	0.66
lambda_0005-c_min25max81	1500	0	0	500	0.25	0.99
lambda_0005-c_min25max81	1900	0	0	100	0.05	0.99
lambda_0005-c_min25max81	1403	497	0	100	0.05	0.66
lambda_0005-c_min25max81	1400	0	0	600	0.3	0.66
lambda_0005-c_min25max81	1400	0	0	600	0.3	0.99
lambda_0005-c_min25max81	1799	1	0	200	0.1	0.99
lambda_0005-c_min25max81	1600	0	0	400	0.2	0.99
lambda_0005-c_min25max81	1499	1	0	500	0.25	0.99
lambda_0005-c_min25max81	1797	3	0	200	0.1	0.66
lambda_0005-c_min25max81	1400	0	0	600	0.3	0.66
lambda_0005-c_min25max81	1900	0	0	100	0.05	0.33
lambda_0005-c_min25max81	1049	551	0	400	0.2	0.99
lambda_0005-c_min25max81	1597	3	0	400	0.2	0.66
lambda_0005-c_min25max81	1295	605	0	100	0.05	0.66
lambda_0005-c_min25max81	1272	528	0	200	0.1	0.33
lambda_0005-c_min25max81	1782	118	0	100	0.05	0.66
lambda_0005-c_min25max81	1900	0	0	100	0.05	0.33
lambda_0005-c_min25max81	1600	0	0	400	0.2	0.99
lambda_0005-c_min25max81	1896	4	0	100	0.05	0.66
lambda_0005-c_min25max81	1800	0	0	200	0.1	0.33
lambda_0005-c_min25max81	1600	0	0	400	0.2	0.66
lambda_0005-c_min25max81	1500	0	0	500	0.25	0.99
lambda_0005-c_min25max81	1	1399	600	0	0.3	0.66
lambda_0005-c_min25max81	1668	232	0	100	0.05	0.66
lambda_0005-c_min25max81	1863	37	0	100	0.05	0.66
lambda_0005-c_min25max81	8	1392	600	0	0.3	0.33
lambda_0005-c_min25max81	62	1738	0	200	0.1	0.66
lambda_0005-c_min25max81	1800	0	0	200	0.1	0.66
lambda_0005-c_min25max81	1500	0	0	500	0.25	0.99
lambda_0005-c_min25max81	1400	0	0	600	0.3	0.33
lambda_0005-c_min25max81	1500	0	0	500	0.25	0.33
lambda_0005-c_min25max81	1700	0	0	300	0.15	0.66
lambda_0005-c_min25max81	1900	0	0	100	0.05	0.33
lambda_0005-c_min25max81	1800	0	0	200	0.1	0.99
lambda_0005-c_min25max81	1700	0	0	300	0.15	0.33
lambda_0005-c_min25max81	1600	0	0	400	0.2	0.66
lambda_0005-c_min25max81	1800	0	0	200	0.1	0.33
lambda_0005-c_min25max81	1500	0	0	500	0.25	0.66
lambda_0005-c_min25max81	1400	0	0	600	0.3	0.33
lambda_0005-c_min25max81	1657	43	0	300	0.15	0.33
lambda_0005-c_min25max81	1878	22	0	100	0.05	0.33
lambda_0005-c_min25max81	1586	214	0	200	0.1	0.99
lambda_0005-c_min25max81	1500	0	0	500	0.25	0.66
lambda_0005-c_min25max81	928	472	0	600	0.3	0.66
lambda_0005-c_min25max81	1800	0	0	200	0.1	0.33
lambda_0005-c_min25max81	1600	0	0	400	0.2	0.66
lambda_0005-c_min25max81	1700	0	0	300	0.15	0.33
lambda_0005-c_min25max81	1499	1	0	500	0.25	0.33
lambda_0005-c_min25max81	1597	303	65	35	0.05	0.99
lambda_0005-c_min25max81	1400	0	0	600	0.3	0.99
lambda_0005-c_min25max81	1700	0	0	300	0.15	0.99
lambda_0005-c_min25max81	1900	0	0	100	0.05	0.33
lambda_0005-c_min25max81	1225	475	0	300	0.15	0.66
lambda_0005-c_min25max81	1600	0	0	400	0.2	0.33
lambda_0005-c_min25max81	1399	1	0	600	0.3	0.33
lambda_0005-c_min25max81	1700	0	0	300	0.15	0.99
lambda_0005-c_min25max81	1800	0	1	199	0.1	0.33
lambda_0005-c_min25max81	15	1385	600	0	0.3	0.99
lambda_0005-c_min25max81	1599	1	0	400	0.2	0.66
lambda_0005-c_min25max81	1700	0	0	300	0.15	0.33
lambda_0005-c_min25max81	1400	0	0	600	0.3	0.33
lambda_0005-c_min25max81	1544	56	0	400	0.2	0.33
lambda_0005-c_min25max81	1697	3	0	300	0.15	0.66
lambda_0005-c_min25max81	1700	0	0	300	0.15	0.66
lambda_0005-c_min25max81	1400	0	0	600	0.3	0.33
lambda_0005-c_min25max81	1499	1	0	500	0.25	0.99
lambda_0005-c_min25max81	1700	0	0	300	0.15	0.99
lambda_0005-c_min25max81	1600	0	0	400	0.2	0.66
lambda_0005-c_min25max81	1236	564	0	200	0.1	0.66
lambda_0005-c_min25max81	1699	1	0	300	0.15	0.99
lambda_0005-c_min25max81	1600	0	0	400	0.2	0.66
lambda_0005-c_min25max81	1700	0	0	300	0.15	0.66
lambda_0005-c_min25max81	1400	0	0	600	0.3	0.33
lambda_0005-c_min25max81	1900	0	0	100	0.05	0.66
lambda_0005-c_min25max81	1700	0	0	300	0.15	0.99
lambda_0005-c_min25max81	1500	0	0	500	0.25	0.99
lambda_0005-c_min25max81	1653	247	0	100	0.05	0.66
lambda_0005-c_min25max81	0	1800	198	2	0.1	0.33
lambda_0005-c_min25max81	1	1599	400	0	0.2	0.99
lambda_0005-c_min25max81	1900	0	0	100	0.05	0.66
lambda_0005-c_min25max81	1800	0	0	200	0.1	0.33
lambda_0005-c_min25max81	1600	0	0	400	0.2	0.99
lambda_0005-c_min25max81	1500	0	0	500	0.25	0.99
lambda_0005-c_min25max81	1600	0	0	400	0.2	0.99
lambda_0005-c_min25max81	1600	0	0	400	0.2	0.66
lambda_0005-c_min25max81	1449	151	0	400	0.2	0.33
lambda_0005-c_min25max81	1900	0	0	100	0.05	0.99
lambda_0005-c_min25max81	1600	0	0	400	0.2	0.33
lambda_0005-c_min25max81	1433	67	0	500	0.25	0.66
lambda_0005-c_min25max81	1900	0	100	0	0.05	0.33
lambda_0005-c_min25max81	1400	0	0	600	0.3	0.66
lambda_0005-c_min25max81	0	1900	100	0	0.05	0.33
lambda_0005-c_min25max81	1499	1	0	500	0.25	0.99
lambda_0005-c_min25max81	1900	0	0	100	0.05	0.99
lambda_0005-c_min25max81	1400	0	0	600	0.3	0.99
lambda_0005-c_min25max81	1398	2	0	600	0.3	0.66
lambda_0005-c_min25max81	1898	2	0	100	0.05	0.66
lambda_0005-c_min25max81	958	642	400	0	0.2	0.66
lambda_0005-c_min25max81	1600	0	0	400	0.2	0.99
lambda_0005-c_min25max81	1892	8	0	100	0.05	0.33
lambda_0005-c_min25max81	1600	0	0	400	0.2	0.66
lambda_0005-c_min25max81	1395	5	600	0	0.3	0.99
lambda_0005-c_min25max81	1400	0	0	600	0.3	0.66
lambda_0005-c_min25max81	1896	4	0	100	0.05	0.66
lambda_0005-c_min25max81	1600	0	0	400	0.2	0.99
lambda_0005-c_min25max81	1900	0	100	0	0.05	0.33
lambda_0005-c_min25max81	1366	534	100	0	0.05	0.99
lambda_0005-c_min25max81	1890	10	0	100	0.05	0.33
lambda_0005-c_min25max81	1500	0	0	500	0.25	0.99
lambda_0005-c_min25max81	1500	0	0	500	0.25	0.66
lambda_0005-c_min25max81	1700	0	0	300	0.15	0.66
lambda_0005-c_min25max81	1800	0	0	200	0.1	0.99
lambda_0005-c_min25max81	1273	627	0	100	0.05	0.33
lambda_0005-c_min25max81	1500	0	0	500	0.25	0.66
lambda_0005-c_min25max81	1082	318	0	600	0.3	0.66
lambda_0005-c_min25max81	1400	0	0	600	0.3	0.99
lambda_0005-c_min25max81	1600	0	0	400	0.2	0.66
lambda_0005-c_min25max81	1375	325	0	300	0.15	0.33
lambda_0005-c_min25max81	1500	0	0	500	0.25	0.33
lambda_0005-c_min25max81	1111	789	100	0	0.05	0.99
lambda_0005-c_min25max81	1015	485	500	0	0.25	0.33
lambda_0005-c_min25max81	1900	0	43	57	0.05	0.99
lambda_0005-c_min25max81	1256	244	0	500	0.25	0.33
lambda_0005-c_min25max81	1800	0	0	200	0.1	0.99
lambda_0005-c_min25max81	1231	669	0	100	0.05	0.33
lambda_0005-c_min25max81	1700	0	0	300	0.15	0.33
lambda_0005-c_min25max81	1414	186	3	397	0.2	0.66
lambda_0005-c_min25max81	1400	0	0	600	0.3	0.66
lambda_0005-c_min25max81	516	884	600	0	0.3	0.99
lambda_0005-c_min25max81	1136	364	0	500	0.25	0.66
lambda_0005-c_min25max81	1800	0	0	200	0.1	0.33
lambda_0005-c_min25max81	1800	0	0	200	0.1	0.66
lambda_0005-c_min25max81	1500	0	0	500	0.25	0.33
lambda_0005-c_min25max81	1899	1	0	100	0.05	0.99
lambda_0005-c_min25max81	1700	0	0	300	0.15	0.99
lambda_0005-c_min25max81	1400	0	0	600	0.3	0.66
lambda_0005-c_min25max81	1600	0	0	400	0.2	0.33
lambda_0005-c_min25max81	1738	162	100	0	0.05	0.33
lambda_0005-c_min25max81	1700	0	0	300	0.15	0.66
lambda_0005-c_min25max81	1600	0	0	400	0.2	0.66
lambda_0005-c_min25max81	1699	1	0	300	0.15	0.99
lambda_0005-c_min25max81	1700	0	0	300	0.15	0.66
lambda_0005-c_min25max81	1598	2	0	400	0.2	0.33
lambda_0005-c_min25max81	1800	0	0	200	0.1	0.66
lambda_0005-c_min25max81	1552	248	0	200	0.1	0.33
lambda_0005-c_min25max81	1500	0	0	500	0.25	0.33
lambda_0005-c_min25max81	1900	0	100	0	0.05	0.99
lambda_0005-c_min25max81	1800	0	0	200	0.1	0.99
lambda_0005-c_min25max81	1500	0	0	500	0.25	0.66
lambda_0005-c_min25max81	1800	0	0	200	0.1	0.33
lambda_0005-c_min25max81	1700	0	0	300	0.15	0.33
lambda_0005-c_min25max81	1500	0	0	500	0.25	0.99
lambda_0005-c_min25max81	1486	14	0	500	0.25	0.33
lambda_0005-c_min25max81	1800	0	1	199	0.1	0.66
lambda_0005-c_min25max81	1500	0	0	500	0.25	0.33
lambda_0005-c_min25max81	1500	0	0	500	0.25	0.99
lambda_0005-c_min25max81	1600	0	0	400	0.2	0.33
lambda_0005-c_min25max81	1800	0	0	200	0.1	0.99
lambda_0005-c_min25max81	1418	482	100	0	0.05	0.99
lambda_0005-c_min25max81	1700	0	0	300	0.15	0.33
lambda_0005-c_min25max81	1322	578	100	0	0.05	0.66
lambda_0005-c_min25max81	1700	0	0	300	0.15	0.99
lambda_0005-c_min25max81	1074	726	200	0	0.1	0.33
lambda_0005-c_min25max81	1500	0	0	500	0.25	0.66
lambda_0005-c_min25max81	1800	0	200	0	0.1	0.66
lambda_0005-c_min25max81	1500	0	0	500	0.25	0.33
lambda_0005-c_min25max81	1269	431	300	0	0.15	0.99
lambda_0005-c_min25max81	1500	0	0	500	0.25	0.66
lambda_0005-c_min25max81	308	1092	600	0	0.3	0.33
lambda_0005-c_min25max81	1598	2	0	400	0.2	0.33
lambda_0005-c_min25max81	9	1691	300	0	0.15	0.66
lambda_0005-c_min25max81	1700	0	0	300	0.15	0.33
lambda_0005-c_min25max81	1700	0	0	300	0.15	0.99
lambda_0005-c_min25max81	1699	1	0	300	0.15	0.66
lambda_0005-c_min25max81	1796	4	0	200	0.1	0.99
lambda_0005-c_min25max81	1600	0	0	400	0.2	0.33
lambda_0005-c_min25max81	1400	0	0	600	0.3	0.33
lambda_0005-c_min25max81	1442	358	200	0	0.1	0.66
lambda_0005-c_min25max81	1700	0	300	0	0.15	0.99
lambda_0005-c_min25max81	1500	0	0	500	0.25	0.99
lambda_0005-c_min25max81	1891	9	6	94	0.05	0.66
lambda_0005-c_min25max81	1800	0	0	200	0.1	0.33
lambda_0005-c_min25max81	1600	0	0	400	0.2	0.99
lambda_0005-c_min25max81	1891	9	0	100	0.05	0.66
lambda_0005-c_min25max81	1039	761	0	200	0.1	0.33
lambda_0005-c_min25max81	1287	313	0	400	0.2	0.99
lambda_0005-c_min25max81	1500	0	0	500	0.25	0.99
lambda_0005-c_min25max81	1700	0	0	300	0.15	0.66
lambda_0005-c_min25max81	1400	0	0	600	0.3	0.33
lambda_0005-c_min25max81	1499	1	0	500	0.25	0.99
lambda_0005-c_min25max81	1700	0	0	300	0.15	0.99
lambda_0005-c_min25max81	1598	2	0	400	0.2	0.66
lambda_0005-c_min25max81	1599	1	0	400	0.2	0.66
lambda_0005-c_min25max81	1700	0	143	157	0.15	0.66
lambda_0005-c_min25max81	1400	0	0	600	0.3	0.33
lambda_0005-c_min25max81	1900	0	100	0	0.05	0.66
lambda_0005-c_min25max81	1900	0	0	100	0.05	0.99
lambda_0005-c_min25max81	1610	290	0	100	0.05	0.33
lambda_0005-c_min25max81	1500	0	0	500	0.25	0.99
lambda_0005-c_min25max81	1600	0	0	400	0.2	0.66
lambda_0005-c_min25max81	1399	1	0	600	0.3	0.66
lambda_0005-c_min25max81	1399	1	0	600	0.3	0.99
lambda_0005-c_min25max81	1900	0	100	0	0.05	0.66
lambda_0005-c_min25max81	1600	0	0	400	0.2	0.99
lambda_0005-c_min25max81	1899	1	0	100	0.05	0.33
lambda_0005-c_min25max81	1140	260	0	600	0.3	0.66
lambda_0005-c_min25max81	1400	0	0	600	0.3	0.99
lambda_0005-c_min25max81	1666	234	0	100	0.05	0.66
lambda_0005-c_min25max81	1600	0	0	400	0.2	0.66
lambda_0005-c_min25max81	1600	0	0	400	0.2	0.99
lambda_0005-c_min25max81	1147	753	100	0	0.05	0.33
lambda_0005-c_min25max81	1346	154	0	500	0.25	0.66
lambda_0005-c_min25max81	1899	1	0	100	0.05	0.33
lambda_0005-c_min25max81	1500	0	0	500	0.25	0.99
lambda_0005-c_min25max81	1361	539	0	100	0.05	0.99
lambda_0005-c_min25max81	1578	22	0	400	0.2	0.99
lambda_0005-c_min25max81	1262	438	0	300	0.15	0.66
lambda_0005-c_min25max81	1600	0	0	400	0.2	0.66
lambda_0005-c_min25max81	1600	0	0	400	0.2	0.33
lambda_0005-c_min25max81	1500	0	0	500	0.25	0.66
lambda_0005-c_min25max81	1500	0	0	500	0.25	0.66
lambda_0005-c_min25max81	1600	0	0	400	0.2	0.33
lambda_0005-c_min25max81	1867	33	0	100	0.05	0.99
lambda_0005-c_min25max81	1900	0	0	100	0.05	0.33
lambda_0005-c_min25max81	1400	0	0	600	0.3	0.66
lambda_0005-c_min25max81	1800	0	0	200	0.1	0.66
lambda_0005-c_min25max81	1800	0	1	199	0.1	0.33
lambda_0005-c_min25max81	1853	47	0	100	0.05	0.99
lambda_0005-c_min25max81	1400	0	0	600	0.3	0.66
lambda_0005-c_min25max81	1477	223	0	300	0.15	0.99
lambda_0005-c_min25max81	1881	19	0	100	0.05	0.33
lambda_0005-c_min25max81	1700	0	0	300	0.15	0.66
lambda_0005-c_min25max81	1247	353	0	400	0.2	0.33
lambda_0005-c_min25max81	1699	1	0	300	0.15	0.99
lambda_0005-c_min25max81	1600	0	0	400	0.2	0.66
lambda_0005-c_min25max81	1600	0	400	0	0.2	0.33
lambda_0005-c_min25max81	1700	0	0	300	0.15	0.66
lambda_0005-c_min25max81	1800	0	0	200	0.1	0.33
lambda_0005-c_min25max81	1799	1	0	200	0.1	0.66
lambda_0005-c_min25max81	1191	309	500	0	0.25	0.33
lambda_0005-c_min25max81	1700	0	0	300	0.15	0.66
lambda_0005-c_min25max81	1340	560	100	0	0.05	0.33
lambda_0005-c_min25max81	1785	15	172	28	0.1	0.99
lambda_0005-c_min25max81	1700	0	0	300	0.15	0.33
lambda_0005-c_min25max81	1600	0	0	400	0.2	0.66
lambda_0005-c_min25max81	1400	0	0	600	0.3	0.99
lambda_0005-c_min25max81	1400	0	0	600	0.3	0.66
lambda_0005-c_min25max81	1500	0	0	500	0.25	0.66
lambda_0005-c_min25max81	1500	0	0	500	0.25	0.33
lambda_0005-c_min25max81	1900	0	0	100	0.05	0.99
lambda_0005-c_min25max81	1500	0	0	500	0.25	0.33
lambda_0005-c_min25max81	1500	0	0	500	0.25	0.33
lambda_0005-c_min25max81	1850	50	0	100	0.05	0.99
lambda_0005-c_min25max81	1890	10	0	100	0.05	0.33
lambda_0005-c_min25max81	1800	0	0	200	0.1	0.99
lambda_0005-c_min25max81	1500	0	0	500	0.25	0.66
lambda_0005-c_min25max81	713	687	600	0	0.3	0.99
lambda_0005-c_min25max81	1400	0	0	600	0.3	0.66
lambda_0005-c_min25max81	1038	562	400	0	0.2	0.66
lambda_0005-c_min25max81	1700	0	0	300	0.15	0.33
lambda_0005-c_min25max81	1800	0	0	200	0.1	0.66
lambda_0005-c_min25max81	1500	0	0	500	0.25	0.33
lambda_0005-c_min25max81	1500	0	498	2	0.25	0.66
lambda_0005-c_min25max81	1700	0	0	300	0.15	0.99
lambda_0005-c_min25max81	1698	2	0	300	0.15	0.66
lambda_0005-c_min25max81	1600	0	0	400	0.2	0.33
lambda_0005-c_min25max81	1399	1	0	600	0.3	0.33
lambda_0005-c_min25max81	1700	0	0	300	0.15	0.99
lambda_0005-c_min25max81	1700	0	0	300	0.15	0.33
lambda_0005-c_min25max81	1399	1	0	600	0.3	0.33
lambda_0005-c_min25max81	1600	0	0	400	0.2	0.33
lambda_0005-c_min25max81	1700	0	0	300	0.15	0.66
lambda_0005-c_min25max81	1800	0	0	200	0.1	0.99
lambda_0005-c_min25max81	1800	0	0	200	0.1	0.66
lambda_0005-c_min25max81	1469	331	200	0	0.1	0.99
lambda_0005-c_min25max81	1900	0	0	100	0.05	0.99
lambda_0005-c_min25max81	1700	0	0	300	0.15	0.33
lambda_0005-c_min25max81	1800	0	0	200	0.1	0.33
lambda_0005-c_min25max81	1500	0	0	500	0.25	0.66
lambda_0005-c_min25max81	1499	1	0	500	0.25	0.33
lambda_0005-c_min25max81	1090	410	0	500	0.25	0.99
lambda_0005-c_min25max81	1500	0	0	500	0.25	0.99
lambda_0005-c_min25max81	1774	26	200	0	0.1	0.66
lambda_0005-c_min25max81	1500	0	0	500	0.25	0.99
lambda_0005-c_min25max81	0	1500	500	0	0.25	0.33
lambda_0005-c_min25max81	1883	17	0	100	0.05	0.99
lambda_0005-c_min25max81	1800	0	0	200	0.1	0.99
lambda_0005-c_min25max81	1599	1	0	400	0.2	0.33
lambda_0005-c_min25max81	1500	0	0	500	0.25	0.66
lambda_0005-c_min25max81	1700	0	0	300	0.15	0.99
lambda_0005-c_min25max81	1605	195	0	200	0.1	0.33
lambda_0005-c_min25max81	1700	0	0	300	0.15	0.33
lambda_0005-c_min25max81	805	695	500	0	0.25	0.66
lambda_0005-c_min25max81	1797	3	0	200	0.1	0.66
lambda_0005-c_min25max81	1400	0	0	600	0.3	0.66
lambda_0005-c_min25max81	1400	0	0	600	0.3	0.99
lambda_0005-c_min25max81	1393	7	0	600	0.3	0.33
lambda_0005-c_min25max81	31	1669	300	0	0.15	0.33
lambda_0005-c_min25max81	1222	678	100	0	0.05	0.33
lambda_0005-c_min25max81	1800	0	0	200	0.1	0.99
lambda_0005-c_min25max81	1600	0	0	400	0.2	0.99
lambda_0005-c_min25max81	920	580	0	500	0.25	0.33
lambda_0005-c_min25max81	1267	633	100	0	0.05	0.99
lambda_0005-c_min25max81	1499	1	0	500	0.25	0.33
lambda_0005-c_min25max81	1900	0	0	100	0.05	0.99
lambda_0005-c_min25max81	1600	0	0	400	0.2	0.99
lambda_0005-c_min25max81	1001	699	300	0	0.15	0.33
lambda_0005-c_min25max81	1	1399	600	0	0.3	0.66
lambda_0005-c_min25max81	1400	0	0	600	0.3	0.99
lambda_0005-c_min25max81	1500	0	0	500	0.25	0.66
lambda_0005-c_min25max81	1800	0	0	200	0.1	0.66
lambda_0005-c_min25max81	1700	0	0	300	0.15	0.66
lambda_0005-c_min25max81	1800	0	0	200	0.1	0.99
lambda_0005-c_min25max81	1600	0	0	400	0.2	0.99
lambda_0005-c_min25max81	0	1600	0	400	0.2	0.33
lambda_0005-c_min25max81	1699	1	0	300	0.15	0.66
lambda_0005-c_min25max81	1700	0	0	300	0.15	0.99
lambda_0005-c_min25max81	1400	0	5	595	0.3	0.33
lambda_0005-c_min25max81	1008	692	300	0	0.15	0.66
lambda_0005-c_min25max81	1600	0	0	400	0.2	0.33
lambda_0005-c_min25max81	1400	0	0	600	0.3	0.33
lambda_0005-c_min25max81	1224	576	0	200	0.1	0.66
lambda_0005-c_min25max81	1700	0	0	300	0.15	0.99
lambda_0005-c_min25max81	1400	0	0	600	0.3	0.66
lambda_0005-c_min25max81	1892	8	0	100	0.05	0.99
lambda_0005-c_min25max81	1900	0	0	100	0.05	0.66
lambda_0005-c_min25max81	1400	0	0	600	0.3	0.99
lambda_0005-c_min25max81	1400	0	0	600	0.3	0.66
lambda_0005-c_min25max81	1738	62	0	200	0.1	0.99
lambda_0005-c_min25max81	1600	0	0	400	0.2	0.99
lambda_0005-c_min25max81	942	558	500	0	0.25	0.99
lambda_0005-c_min25max81	1900	0	100	0	0.05	0.99
lambda_0005-c_min25max81	1763	37	0	200	0.1	0.66
lambda_0005-c_min25max81	1900	0	100	0	0.05	0.99
lambda_0005-c_min25max81	1500	0	0	500	0.25	0.99
lambda_0005-c_min25max81	1269	631	0	100	0.05	0.66
lambda_0005-c_min25max81	1400	0	0	600	0.3	0.99
lambda_0005-c_min25max81	1400	0	0	600	0.3	0.66
lambda_0005-c_min25max81	1600	0	0	400	0.2	0.99
lambda_0005-c_min25max81	1500	0	0	500	0.25	0.99
lambda_0005-c_min25max81	1798	2	0	200	0.1	0.66
lambda_0005-c_min25max81	1798	2	0	200	0.1	0.99
lambda_0005-c_min25max81	1400	0	0	600	0.3	0.99
lambda_0005-c_min25max81	1898	2	0	100	0.05	0.66
lambda_0005-c_min25max81	1799	1	0	200	0.1	0.66
lambda_0005-c_min25max81	1643	257	100	0	0.05	0.66
lambda_0005-c_min25max81	1900	0	100	0	0.05	0.66
lambda_0005-c_min25max81	1400	0	0	600	0.3	0.33
lambda_0005-c_min25max81	1289	511	0	200	0.1	0.66
lambda_0005-c_min25max81	1800	0	0	200	0.1	0.66
lambda_0005-c_min25max81	1500	0	0	500	0.25	0.99
lambda_0005-c_min25max81	1741	159	100	0	0.05	0.66
lambda_0005-c_min25max81	1400	0	0	600	0.3	0.33
lambda_0005-c_min25max81	1500	0	0	500	0.25	0.99
lambda_0005-c_min25max81	1797	3	0	200	0.1	0.66
lambda_0005-c_min25max81	1400	0	0	600	0.3	0.66
lambda_0005-c_min25max81	1887	13	0	100	0.05	0.33
lambda_0005-c_min25max81	1600	0	0	400	0.2	0.99
lambda_0005-c_min25max81	1251	649	100	0	0.05	0.66
lambda_0005-c_min25max81	1894	6	0	100	0.05	0.66
lambda_0005-c_min25max81	1800	0	0	200	0.1	0.33
lambda_0005-c_min25max81	1598	2	0	400	0.2	0.66
lambda_0005-c_min25max81	1861	39	0	100	0.05	0.33
lambda_0005-c_min25max81	1600	0	0	400	0.2	0.99
lambda_0005-c_min25max81	1600	0	0	400	0.2	0.66
lambda_0005-c_min25max81	1900	0	0	100	0.05	0.66
lambda_0005-c_min25max81	1800	0	0	200	0.1	0.33
lambda_0005-c_min25max81	1003	497	0	500	0.25	0.99
lambda_0005-c_min25max81	1390	10	0	600	0.3	0.66
lambda_0005-c_min25max81	1370	330	300	0	0.15	0.99
lambda_0005-c_min25max81	1400	0	0	600	0.3	0.99
lambda_0005-c_min25max81	1400	0	0	600	0.3	0.33
lambda_0005-c_min25max81	1600	0	0	400	0.2	0.33
lambda_0005-c_min25max81	1900	0	0	100	0.05	0.33
lambda_0005-c_min25max81	1505	195	0	300	0.15	0.66
lambda_0005-c_min25max81	1600	0	0	400	0.2	0.66
lambda_0005-c_min25max81	1400	0	0	600	0.3	0.99
lambda_0005-c_min25max81	1700	0	0	300	0.15	0.99
lambda_0005-c_min25max81	1799	1	0	200	0.1	0.33
lambda_0005-c_min25max81	1697	3	0	300	0.15	0.66
lambda_0005-c_min25max81	1599	1	0	400	0.2	0.33
lambda_0005-c_min25max81	1400	0	0	600	0.3	0.33
lambda_0005-c_min25max81	1284	416	0	300	0.15	0.33
lambda_0005-c_min25max81	154	1346	500	0	0.25	0.33
lambda_0005-c_min25max81	1699	1	0	300	0.15	0.33
lambda_0005-c_min25max81	3	1697	300	0	0.15	0.66
lambda_0005-c_min25max81	1738	62	0	200	0.1	0.99
lambda_0005-c_min25max81	1900	0	0	100	0.05	0.33
lambda_0005-c_min25max81	1499	1	0	500	0.25	0.66
lambda_0005-c_min25max81	1782	18	0	200	0.1	0.33
lambda_0005-c_min25max81	1600	0	0	400	0.2	0.66
lambda_0005-c_min25max81	1700	0	0	300	0.15	0.33
lambda_0005-c_min25max81	1799	1	0	200	0.1	0.99
lambda_0005-c_min25max81	1887	13	0	100	0.05	0.33
lambda_0005-c_min25max81	1700	0	300	0	0.15	0.33
lambda_0005-c_min25max81	1400	0	0	600	0.3	0.33
lambda_0005-c_min25max81	1440	260	0	300	0.15	0.33
lambda_0005-c_min25max81	1597	3	0	400	0.2	0.66
lambda_0005-c_min25max81	1800	0	0	200	0.1	0.33
lambda_0005-c_min25max81	1500	0	0	500	0.25	0.66
lambda_0005-c_min25max81	1500	0	0	500	0.25	0.33
lambda_0005-c_min25max81	1500	0	0	500	0.25	0.99
lambda_0005-c_min25max81	1878	22	0	100	0.05	0.33
lambda_0005-c_min25max81	1518	382	0	100	0.05	0.99
lambda_0005-c_min25max81	1201	599	0	200	0.1	0.99
lambda_0005-c_min25max81	1878	22	0	100	0.05	0.33
lambda_0005-c_min25max81	1600	0	0	400	0.2	0.99
lambda_0005-c_min25max81	1899	1	0	100	0.05	0.66
lambda_0005-c_min25max81	1312	88	0	600	0.3	0.66
lambda_0005-c_min25max81	1	1399	600	0	0.3	0.99
lambda_0005-c_min25max81	908	692	0	400	0.2	0.66
lambda_0005-c_min25max81	1896	4	0	100	0.05	0.33
lambda_0005-c_min25max81	1600	0	0	400	0.2	0.99
lambda_0005-c_min25max81	1600	0	0	400	0.2	0.66
lambda_0005-c_min25max81	1674	226	0	100	0.05	0.66
lambda_0005-c_min25max81	1400	0	0	600	0.3	0.66
lambda_0005-c_min25max81	1400	0	0	600	0.3	0.99
lambda_0005-c_min25max81	1580	20	0	400	0.2	0.33
lambda_0005-c_min25max81	1899	1	0	100	0.05	0.99
lambda_0005-c_min25max81	1500	0	0	500	0.25	0.99
lambda_0005-c_min25max81	1891	9	0	100	0.05	0.33
lambda_0005-c_min25max81	0	1400	600	0	0.3	0.99
lambda_0005-c_min25max81	1200	500	0	300	0.15	0.99
lambda_0005-c_min25max81	1483	417	0	100	0.05	0.66
lambda_0005-c_min25max81	954	646	0	400	0.2	0.33
lambda_0005-c_min25max81	1430	70	0	500	0.25	0.66
lambda_0005-c_min25max81	286	1314	400	0	0.2	0.33
lambda_0005-c_min25max81	1232	668	0	100	0.05	0.33
lambda_0005-c_min25max81	1486	14	0	500	0.25	0.99
lambda_0005-c_min25max81	1500	0	0	500	0.25	0.66
lambda_0005-c_min25max81	1273	227	0	500	0.25	0.99
lambda_0005-c_min25max81	1700	0	0	300	0.15	0.66
lambda_0005-c_min25max81	1600	0	0	400	0.2	0.99
lambda_0005-c_min25max81	1793	7	0	200	0.1	0.33
lambda_0005-c_min25max81	1900	0	0	100	0.05	0.66
lambda_0005-c_min25max81	1600	0	0	400	0.2	0.99
lambda_0005-c_min25max81	1400	0	0	600	0.3	0.33
lambda_0005-c_min25max81	1800	0	0	200	0.1	0.33
lambda_0005-c_min25max81	1898	2	0	100	0.05	0.66
lambda_0005-c_min25max81	1499	1	0	500	0.25	0.99
lambda_0005-c_min25max81	1600	0	0	400	0.2	0.66
lambda_0005-c_min25max81	1400	0	0	600	0.3	0.33
lambda_0005-c_min25max81	1643	57	0	300	0.15	0.66
lambda_0005-c_min25max81	1600	0	0	400	0.2	0.66
lambda_0005-c_min25max81	1700	0	0	300	0.15	0.99
lambda_0005-c_min25max81	1600	0	0	400	0.2	0.66
lambda_0005-c_min25max81	1700	0	0	300	0.15	0.99
lambda_0005-c_min25max81	1800	0	0	200	0.1	0.33
lambda_0005-c_min25max81	1600	0	0	400	0.2	0.99
lambda_0005-c_min25max81	879	521	0	600	0.3	0.33
lambda_0005-c_min25max81	1485	15	0	500	0.25	0.99
lambda_0005-c_min25max81	1798	2	0	200	0.1	0.66
lambda_0005-c_min25max81	1063	337	0	600	0.3	0.33
lambda_0005-c_min25max81	1900	0	0	100	0.05	0.99
lambda_0005-c_min25max81	1700	0	0	300	0.15	0.66
lambda_0005-c_min25max81	1599	1	0	400	0.2	0.33
lambda_0005-c_min25max81	1290	410	300	0	0.15	0.99
lambda_0005-c_min25max81	1799	1	0	200	0.1	0.33
lambda_0005-c_min25max81	1599	1	0	400	0.2	0.33
lambda_0005-c_min25max81	1700	0	0	300	0.15	0.66
lambda_0005-c_min25max81	1400	0	0	600	0.3	0.33
lambda_0005-c_min25max81	1700	0	0	300	0.15	0.99
lambda_0005-c_min25max81	1800	0	0	200	0.1	0.66
lambda_0005-c_min25max81	1183	617	0	200	0.1	0.33
lambda_0005-c_min25max81	1500	0	0	500	0.25	0.66
lambda_0005-c_min25max81	1700	0	283	17	0.15	0.33
lambda_0005-c_min25max81	1679	221	0	100	0.05	0.99
lambda_0005-c_min25max81	1400	0	0	600	0.3	0.33
lambda_0005-c_min25max81	2	1798	200	0	0.1	0.99
lambda_0005-c_min25max81	1500	0	0	500	0.25	0.99
lambda_0005-c_min25max81	1500	0	0	500	0.25	0.33
lambda_0005-c_min25max81	1490	10	0	500	0.25	0.33
lambda_0005-c_min25max81	1700	0	0	300	0.15	0.33
lambda_0005-c_min25max81	481	1019	500	0	0.25	0.66
lambda_0005-c_min25max81	1797	3	0	200	0.1	0.33
lambda_0005-c_min25max81	1659	41	0	300	0.15	0.66
lambda_0005-c_min25max81	1184	416	0	400	0.2	0.99
lambda_0005-c_min25max81	1800	0	0	200	0.1	0.99
lambda_0005-c_min25max81	1500	0	0	500	0.25	0.33
lambda_0005-c_min25max81	1800	0	0	200	0.1	0.33
lambda_0005-c_min25max81	1779	21	0	200	0.1	0.66
lambda_0005-c_min25max81	1592	108	0	300	0.15	0.66
lambda_0005-c_min25max81	1800	0	0	200	0.1	0.99
lambda_0005-c_min25max81	1600	0	0	400	0.2	0.33
lambda_0005-c_min25max81	1700	0	0	300	0.15	0.99
lambda_0005-c_min25max81	1700	0	0	300	0.15	0.33
lambda_0005-c_min25max81	1600	0	400	0	0.2	0.33
lambda_0005-c_min25max81	1699	1	0	300	0.15	0.66
lambda_0005-c_min25max81	1400	0	0	600	0.3	0.99
lambda_0005-c_min25max81	1700	0	297	3	0.15	0.99
lambda_0005-c_min25max81	1500	0	0	500	0.25	0.66
lambda_0005-c_min25max81	1500	0	0	500	0.25	0.33
lambda_0005-c_min25max81	1500	0	0	500	0.25	0.33
lambda_0005-c_min25max81	1800	0	0	200	0.1	0.66
lambda_0005-c_min25max81	1400	0	0	600	0.3	0.99
lambda_0005-c_min25max81	782	618	0	600	0.3	0.66
lambda_0005-c_min25max81	1699	1	0	300	0.15	0.99
lambda_0005-c_min25max81	1500	0	0	500	0.25	0.66
lambda_0005-c_min25max81	1700	0	0	300	0.15	0.33
lambda_0005-c_min25max81	1493	107	0	400	0.2	0.66
lambda_0005-c_min25max81	1600	0	0	400	0.2	0.33
lambda_0005-c_min25max81	1584	316	0	100	0.05	0.33
lambda_0005-c_min25max81	1800	0	0	200	0.1	0.99
lambda_0005-c_min25max81	1484	316	200	0	0.1	0.33
lambda_0005-c_min25max81	1144	756	0	100	0.05	0.99
lambda_0005-c_min25max81	1500	0	0	500	0.25	0.33
lambda_0005-c_min25max81	1763	37	0	200	0.1	0.66
lambda_0005-c_min25max81	1900	0	0	100	0.05	0.99
lambda_0005-c_min25max81	1500	0	0	500	0.25	0.33
lambda_0005-c_min25max81	1600	0	0	400	0.2	0.66
lambda_0005-c_min25max81	1698	2	0	300	0.15	0.33
lambda_0005-c_min25max81	1500	0	0	500	0.25	0.66
lambda_0005-c_min25max81	1400	0	0	600	0.3	0.99
lambda_0005-c_min25max81	1399	1	0	600	0.3	0.66
lambda_0005-c_min25max81	1896	4	0	100	0.05	0.33
lambda_0005-c_min25max81	1799	1	0	200	0.1	0.99
lambda_0005-c_min25max81	1600	0	0	400	0.2	0.99
lambda_0005-c_min25max81	1800	0	0	200	0.1	0.99
lambda_0005-c_min25max81	262	1138	600	0	0.3	0.99
lambda_0005-c_min25max81	1400	0	0	600	0.3	0.66
lambda_0005-c_min25max81	1393	507	0	100	0.05	0.66
lambda_0005-c_min25max81	349	1551	0	100	0.05	0.99
lambda_0005-c_min25max81	1500	0	0	500	0.25	0.99
lambda_0005-c_min25max81	1500	0	0	500	0.25	0.99
lambda_0005-c_min25max81	1899	1	0	100	0.05	0.99
lambda_0005-c_min25max81	1800	0	0	200	0.1	0.99
lambda_0005-c_min25max81	1433	167	0	400	0.2	0.99
lambda_0005-c_min25max81	1400	0	600	0	0.3	0.99
lambda_0005-c_min25max81	1400	0	0	600	0.3	0.66
lambda_0005-c_min25max81	1900	0	100	0	0.05	0.66
lambda_0005-c_min25max81	1798	2	0	200	0.1	0.66
lambda_0005-c_min25max81	1887	13	0	100	0.05	0.99
lambda_0005-c_min25max81	1400	0	0	600	0.3	0.66
lambda_0005-c_min25max81	1400	0	0	600	0.3	0.33
lambda_0005-c_min25max81	1600	0	0	400	0.2	0.99
lambda_0005-c_min25max81	1717	83	141	59	0.1	0.66
lambda_0005-c_min25max81	92	1708	200	0	0.1	0.99
lambda_0005-c_min25max81	1700	0	2	298	0.15	0.33
lambda_0005-c_min25max81	1500	0	0	500	0.25	0.66
lambda_0005-c_min25max81	1467	333	0	200	0.1	0.66
lambda_0005-c_min25max81	1400	0	0	600	0.3	0.66
lambda_0005-c_min25max81	1400	0	0	600	0.3	0.99
lambda_0005-c_min25max81	1892	8	0	100	0.05	0.99
lambda_0005-c_min25max81	1500	0	0	500	0.25	0.33
lambda_0005-c_min25max81	1600	0	0	400	0.2	0.99
lambda_0005-c_min25max81	1243	357	400	0	0.2	0.99
lambda_0005-c_min25max81	1900	0	0	100	0.05	0.99
lambda_0005-c_min25max81	1499	1	0	500	0.25	0.33
lambda_0005-c_min25max81	1600	0	0	400	0.2	0.33
lambda_0005-c_min25max81	1040	760	200	0	0.1	0.99
lambda_0005-c_min25max81	1700	0	0	300	0.15	0.99
lambda_0005-c_min25max81	1400	0	1	599	0.3	0.66
lambda_0005-c_min25max81	1400	0	0	600	0.3	0.99
lambda_0005-c_min25max81	1500	0	0	500	0.25	0.66
lambda_0005-c_min25max81	1800	0	0	200	0.1	0.66
lambda_0005-c_min25max81	1699	1	0	300	0.15	0.33
lambda_0005-c_min25max81	1500	0	0	500	0.25	0.33
lambda_0005-c_min25max81	1400	0	0	600	0.3	0.33
lambda_0005-c_min25max81	1700	0	0	300	0.15	0.99
lambda_0005-c_min25max81	1400	0	0	600	0.3	0.99
lambda_0005-c_min25max81	1500	0	0	500	0.25	0.66
lambda_0005-c_min25max81	1600	0	0	400	0.2	0.33
lambda_0005-c_min25max81	1700	0	0	300	0.15	0.66
lambda_0005-c_min25max81	1066	634	300	0	0.15	0.99
lambda_0005-c_min25max81	1400	0	0	600	0.3	0.33
lambda_0005-c_min25max81	1700	0	0	300	0.15	0.33
lambda_0005-c_min25max81	1700	0	0	300	0.15	0.66
lambda_0005-c_min25max81	1800	0	196	4	0.1	0.99
lambda_0005-c_min25max81	1072	528	0	400	0.2	0.33
lambda_0005-c_min25max81	1259	341	0	400	0.2	0.33
lambda_0005-c_min25max81	1700	0	0	300	0.15	0.66
lambda_0005-c_min25max81	1799	1	0	200	0.1	0.99
lambda_0005-c_min25max81	1400	0	0	600	0.3	0.33
lambda_0005-c_min25max81	1700	0	0	300	0.15	0.33
lambda_0005-c_min25max81	1387	13	0	600	0.3	0.99
lambda_0005-c_min25max81	1319	381	0	300	0.15	0.99
lambda_0005-c_min25max81	1500	0	0	500	0.25	0.33
lambda_0005-c_min25max81	1394	6	0	600	0.3	0.33
lambda_0005-c_min25max81	1699	1	0	300	0.15	0.66
lambda_0005-c_min25max81	1600	0	0	400	0.2	0.33
lambda_0005-c_min25max81	1500	0	0	500	0.25	0.66
lambda_0005-c_min25max81	1252	448	300	0	0.15	0.99
lambda_0005-c_min25max81	1500	0	0	500	0.25	0.33
lambda_0005-c_min25max81	654	746	600	0	0.3	0.99
lambda_0005-c_min25max81	1600	0	0	400	0.2	0.66
lambda_0005-c_min25max81	1349	351	0	300	0.15	0.33
lambda_0005-c_min25max81	1500	0	0	500	0.25	0.66
lambda_0005-c_min25max81	1698	2	0	300	0.15	0.99
lambda_0005-c_min25max81	1799	1	0	200	0.1	0.33
lambda_0005-c_min25max81	1418	382	0	200	0.1	0.99
lambda_0005-c_min25max81	1147	753	0	100	0.05	0.33
lambda_0005-c_min25max81	1600	0	0	400	0.2	0.33
lambda_0005-c_min25max81	1700	0	282	18	0.15	0.33
lambda_0005-c_min25max81	1799	1	0	200	0.1	0.33
lambda_0005-c_min25max81	1500	0	0	500	0.25	0.66
lambda_0005-c_min25max81	1700	0	0	300	0.15	0.33
lambda_0005-c_min25max81	1599	1	0	400	0.2	0.66
lambda_0005-c_min25max81	1699	1	0	300	0.15	0.33
lambda_0005-c_min25max81	1800	0	0	200	0.1	0.99
lambda_0005-c_min25max81	1877	23	0	100	0.05	0.33
lambda_0005-c_min25max81	411	1089	500	0	0.25	0.33
lambda_0005-c_min25max81	1600	0	0	400	0.2	0.99
lambda_0005-c_min25max81	1400	0	0	600	0.3	0.33
lambda_0005-c_min25max81	1600	0	0	400	0.2	0.66
lambda_0005-c_min25max81	1796	4	0	200	0.1	0.33
lambda_0005-c_min25max81	1894	6	0	100	0.05	0.66
lambda_0005-c_min25max81	1800	0	0	200	0.1	0.66
lambda_0005-c_min25max81	1400	0	0	600	0.3	0.66
lambda_0005-c_min25max81	1620	180	0	200	0.1	0.66
lambda_0005-c_min25max81	1398	2	0	600	0.3	0.33
lambda_0005-c_min25max81	1320	580	0	100	0.05	0.33
lambda_0005-c_min25max81	1809	91	0	100	0.05	0.66
lambda_0005-c_min25max81	1400	0	0	600	0.3	0.66
lambda_0005-c_min25max81	0	1500	500	0	0.25	0.99
lambda_0005-c_min25max81	1600	0	1	399	0.2	0.66
lambda_0005-c_min25max81	1800	0	0	200	0.1	0.33
lambda_0005-c_min25max81	1084	816	0	100	0.05	0.66
lambda_0005-c_min25max81	1033	567	0	400	0.2	0.99
lambda_0005-c_min25max81	1896	4	0	100	0.05	0.33
lambda_0005-c_min25max81	1400	0	0	600	0.3	0.33
lambda_0005-c_min25max81	1800	0	0	200	0.1	0.33
lambda_0005-c_min25max81	1878	22	100	0	0.05	0.66
lambda_0005-c_min25max81	1260	340	400	0	0.2	0.66
lambda_0005-c_min25max81	1600	0	0	400	0.2	0.99
lambda_0005-c_min25max81	1829	71	0	100	0.05	0.33
lambda_0005-c_min25max81	1400	0	0	600	0.3	0.66
lambda_0005-c_min25max81	1500	0	0	500	0.25	0.99
lambda_0005-c_min25max81	1799	1	0	200	0.1	0.66
lambda_0005-c_min25max81	1779	121	0	100	0.05	0.99
lambda_0005-c_min25max81	1400	0	0	600	0.3	0.66
lambda_0005-c_min25max81	1599	1	0	400	0.2	0.99
lambda_0005-c_min25max81	1798	2	0	200	0.1	0.66
lambda_0005-c_min25max81	1800	0	0	200	0.1	0.99
lambda_0005-c_min25max81	0	1600	400	0	0.2	0.99
lambda_0005-c_min25max81	1189	611	0	200	0.1	0.33
lambda_0005-c_min25max81	1400	0	0	600	0.3	0.66
lambda_0005-c_min25max81	1400	0	0	600	0.3	0.99
lambda_0005-c_min25max81	1546	354	0	100	0.05	0.66
lambda_0005-c_min25max81	1500	0	0	500	0.25	0.99
lambda_0005-c_min25max81	1892	8	0	100	0.05	0.99
lambda_0005-c_min25max81	1772	128	0	100	0.05	0.99
lambda_0005-c_min25max81	1500	0	0	500	0.25	0.99
lambda_0005-c_min25max81	1246	354	0	400	0.2	0.99
lambda_0005-c_min25max81	1378	422	200	0	0.1	0.99
lambda_0005-c_min25max81	1400	0	0	600	0.3	0.66
lambda_0005-c_min25max81	1400	0	0	600	0.3	0.99
lambda_0005-c_min25max81	1900	0	0	100	0.05	0.66
lambda_0005-c_min25max81	1499	1	0	500	0.25	0.33
lambda_0005-c_min25max81	1500	0	0	500	0.25	0.66
lambda_0005-c_min25max81	1400	0	0	600	0.3	0.99
lambda_0005-c_min25max81	1700	0	300	0	0.15	0.99
lambda_0005-c_min25max81	1399	1	0	600	0.3	0.33
lambda_0005-c_min25max81	1700	0	0	300	0.15	0.66
lambda_0005-c_min25max81	1600	0	0	400	0.2	0.33
lambda_0005-c_min25max81	1700	0	0	300	0.15	0.33
lambda_0005-c_min25max81	1400	0	0	600	0.3	0.33
lambda_0005-c_min25max81	1700	0	0	300	0.15	0.99
lambda_0005-c_min25max81	1600	0	400	0	0.2	0.33
lambda_0005-c_min25max81	922	778	1	299	0.15	0.66
lambda_0005-c_min25max81	1492	308	200	0	0.1	0.99
lambda_0005-c_min25max81	1786	14	0	200	0.1	0.99
lambda_0005-c_min25max81	1400	0	0	600	0.3	0.99
lambda_0005-c_min25max81	1400	0	0	600	0.3	0.66
lambda_0005-c_min25max81	1800	0	0	200	0.1	0.66
lambda_0005-c_min25max81	803	697	500	0	0.25	0.66
lambda_0005-c_min25max81	1700	0	0	300	0.15	0.33
lambda_0005-c_min25max81	1600	0	0	400	0.2	0.99
lambda_0005-c_min25max81	1900	0	97	3	0.05	0.99
lambda_0005-c_min25max81	1114	386	0	500	0.25	0.33
lambda_0005-c_min25max81	1187	713	100	0	0.05	0.99
lambda_0005-c_min25max81	1498	2	62	438	0.25	0.33
lambda_0005-c_min25max81	1600	0	0	400	0.2	0.99
lambda_0005-c_min25max81	1800	0	0	200	0.1	0.99
lambda_0005-c_min25max81	1599	1	0	400	0.2	0.33
lambda_0005-c_min25max81	1019	681	0	300	0.15	0.33
lambda_0005-c_min25max81	1800	0	0	200	0.1	0.66
lambda_0005-c_min25max81	1500	0	0	500	0.25	0.66
lambda_0005-c_min25max81	1399	1	0	600	0.3	0.99
lambda_0005-c_min25max81	1209	191	0	600	0.3	0.66
lambda_0005-c_min25max81	1700	0	0	300	0.15	0.99
lambda_0005-c_min25max81	1500	0	0	500	0.25	0.33
lambda_0005-c_min25max81	2	1398	600	0	0.3	0.99
lambda_0005-c_min25max81	1699	1	0	300	0.15	0.99
lambda_0005-c_min25max81	1799	1	1	199	0.1	0.33
lambda_0005-c_min25max81	1500	0	0	500	0.25	0.66
lambda_0005-c_min25max81	1246	454	300	0	0.15	0.33
lambda_0005-c_min25max81	1600	0	0	400	0.2	0.66
lambda_0005-c_min25max81	1400	0	0	600	0.3	0.99
lambda_0005-c_min25max81	1700	0	1	299	0.15	0.33
lambda_0005-c_min25max81	1600	0	0	400	0.2	0.33
lambda_0005-c_min25max81	1898	2	0	100	0.05	0.33
lambda_0005-c_min25max81	1236	564	0	200	0.1	0.99
lambda_0005-c_min25max81	1392	208	2	398	0.2	0.66
lambda_0005-c_min25max81	1700	0	0	300	0.15	0.33
lambda_0005-c_min25max81	1214	286	0	500	0.25	0.66
lambda_0005-c_min25max81	1800	0	0	200	0.1	0.33
lambda_0005-c_min25max81	1900	0	0	100	0.05	0.33
lambda_0005-c_min25max81	1800	0	9	191	0.1	0.99
lambda_0005-c_min25max81	1700	0	0	300	0.15	0.33
lambda_0005-c_min25max81	1181	319	0	500	0.25	0.33
lambda_0005-c_min25max81	1400	0	0	600	0.3	0.33
lambda_0005-c_min25max81	1699	1	0	300	0.15	0.66
lambda_0005-c_min25max81	1799	1	0	200	0.1	0.99
lambda_0005-c_min25max81	1161	439	0	400	0.2	0.33
lambda_0005-c_min25max81	1239	461	0	300	0.15	0.99
lambda_0005-c_min25max81	1400	0	0	600	0.3	0.99
lambda_0005-c_min25max81	1700	0	0	300	0.15	0.33
lambda_0005-c_min25max81	1500	0	0	500	0.25	0.33
lambda_0005-c_min25max81	1600	0	0	400	0.2	0.33
lambda_0005-c_min25max81	1528	172	0	300	0.15	0.66
lambda_0005-c_min25max81	1400	0	0	600	0.3	0.33
lambda_0005-c_min25max81	1400	0	0	600	0.3	0.99
lambda_0005-c_min25max81	1700	0	0	300	0.15	0.99
lambda_0005-c_min25max81	1500	0	0	500	0.25	0.66
lambda_0005-c_min25max81	1367	33	0	600	0.3	0.66
lambda_0005-c_min25max81	1500	0	0	500	0.25	0.99
lambda_0005-c_min25max81	1800	0	0	200	0.1	0.33
lambda_0005-c_min25max81	1829	71	0	100	0.05	0.66
lambda_0005-c_min25max81	1600	0	0	400	0.2	0.66
lambda_0005-c_min25max81	1400	0	0	600	0.3	0.33
lambda_0005-c_min25max81	1600	0	0	400	0.2	0.99
lambda_0005-c_min25max81	1698	202	0	100	0.05	0.33
lambda_0005-c_min25max81	1596	4	0	400	0.2	0.66
lambda_0005-c_min25max81	1799	1	0	200	0.1	0.33
lambda_0005-c_min25max81	1883	17	0	100	0.05	0.66
lambda_0005-c_min25max81	1600	0	0	400	0.2	0.99
lambda_0005-c_min25max81	1895	5	0	100	0.05	0.33
lambda_0005-c_min25max81	1499	1	0	500	0.25	0.99
lambda_0005-c_min25max81	1400	0	566	34	0.3	0.33
lambda_0005-c_min25max81	1591	9	0	400	0.2	0.99
lambda_0005-c_min25max81	1885	15	100	0	0.05	0.66
lambda_0005-c_min25max81	1800	0	0	200	0.1	0.33
lambda_0005-c_min25max81	1600	0	0	400	0.2	0.66
lambda_0005-c_min25max81	1800	0	0	200	0.1	0.66
lambda_0005-c_min25max81	1400	0	0	600	0.3	0.66
lambda_0005-c_min25max81	1800	0	0	200	0.1	0.66
lambda_0005-c_min25max81	1592	308	0	100	0.05	0.33
lambda_0005-c_min25max81	1400	0	0	600	0.3	0.33
lambda_0005-c_min25max81	1900	0	1	99	0.05	0.66
lambda_0005-c_min25max81	1400	0	0	600	0.3	0.99
lambda_0005-c_min25max81	1860	40	0	100	0.05	0.66
lambda_0005-c_min25max81	1599	1	0	400	0.2	0.33
lambda_0005-c_min25max81	1500	0	0	500	0.25	0.66
lambda_0005-c_min25max81	1500	0	0	500	0.25	0.66
lambda_0005-c_min25max81	1655	245	100	0	0.05	0.33
lambda_0005-c_min25max81	1500	0	0	500	0.25	0.99
lambda_0005-c_min25max81	1600	0	0	400	0.2	0.33
lambda_0005-c_min25max81	1802	98	0	100	0.05	0.99
lambda_0005-c_min25max81	1500	0	0	500	0.25	0.99
lambda_0005-c_min25max81	1900	0	0	100	0.05	0.33
lambda_0005-c_min25max81	1599	1	0	400	0.2	0.99
lambda_0005-c_min25max81	1600	0	0	400	0.2	0.66
lambda_0005-c_min25max81	1188	512	0	300	0.15	0.33
lambda_0005-c_min25max81	1870	30	0	100	0.05	0.66
lambda_0005-c_min25max81	1400	0	0	600	0.3	0.99
lambda_0005-c_min25max81	1400	0	0	600	0.3	0.66
lambda_0005-c_min25max81	1114	786	100	0	0.05	0.33
lambda_0005-c_min25max81	1600	0	0	400	0.2	0.99
lambda_0005-c_min25max81	1821	79	0	100	0.05	0.66
lambda_0005-c_min25max81	1400	0	0	600	0.3	0.99
lambda_0005-c_min25max81	1400	0	0	600	0.3	0.66
lambda_0005-c_min25max81	1008	492	0	500	0.25	0.66
lambda_0005-c_min25max81	1594	6	0	400	0.2	0.66
lambda_0005-c_min25max81	1500	0	0	500	0.25	0.99
lambda_0005-c_min25max81	1586	314	0	100	0.05	0.33
lambda_0005-c_min25max81	1838	62	0	100	0.05	0.99
lambda_0005-c_min25max81	1538	62	44	356	0.2	0.33
lambda_0005-c_min25max81	1499	1	0	500	0.25	0.33
lambda_0005-c_min25max81	1394	6	0	600	0.3	0.33
lambda_0005-c_min25max81	1698	2	0	300	0.15	0.66
lambda_0005-c_min25max81	1700	0	0	300	0.15	0.99
lambda_0005-c_min25max81	1600	0	0	400	0.2	0.66
lambda_0005-c_min25max81	1700	0	0	300	0.15	0.99
lambda_0005-c_min25max81	1793	7	0	200	0.1	0.33
lambda_0005-c_min25max81	1400	0	0	600	0.3	0.33
lambda_0005-c_min25max81	1698	2	0	300	0.15	0.66
lambda_0005-c_min25max81	1600	0	0	400	0.2	0.99
lambda_0005-c_min25max81	1500	0	0	500	0.25	0.99
lambda_0005-c_min25max81	1600	0	0	400	0.2	0.99
lambda_0005-c_min25max81	1310	390	0	300	0.15	0.66
lambda_0005-c_min25max81	1800	0	0	200	0.1	0.33
lambda_0005-c_min25max81	1899	1	0	100	0.05	0.66
lambda_0005-c_min25max81	1400	0	0	600	0.3	0.33
lambda_0005-c_min25max81	1600	0	0	400	0.2	0.99
lambda_0005-c_min25max81	1112	688	0	200	0.1	0.33
lambda_0005-c_min25max81	1291	609	0	100	0.05	0.66
lambda_0005-c_min25max81	1500	0	0	500	0.25	0.99
lambda_0005-c_min25max81	1600	0	0	400	0.2	0.66
lambda_0005-c_min25max81	1699	1	0	300	0.15	0.33
lambda_0005-c_min25max81	1500	0	0	500	0.25	0.66
lambda_0005-c_min25max81	1304	496	1	199	0.1	0.33
lambda_0005-c_min25max81	1800	0	0	200	0.1	0.99
lambda_0005-c_min25max81	1899	1	0	100	0.05	0.99
lambda_0005-c_min25max81	1400	0	0	600	0.3	0.33
lambda_0005-c_min25max81	1499	1	0	500	0.25	0.33
lambda_0005-c_min25max81	1500	0	0	500	0.25	0.99
lambda_0005-c_min25max81	1500	0	0	500	0.25	0.99
lambda_0005-c_min25max81	1500	0	0	500	0.25	0.33
lambda_0005-c_min25max81	1798	2	0	200	0.1	0.33
lambda_0005-c_min25max81	1499	1	0	500	0.25	0.66
lambda_0005-c_min25max81	1700	0	0	300	0.15	0.33
lambda_0005-c_min25max81	1898	2	0	100	0.05	0.99
lambda_0005-c_min25max81	1700	0	300	0	0.15	0.66
lambda_0005-c_min25max81	1800	0	200	0	0.1	0.99
lambda_0005-c_min25max81	1500	0	500	0	0.25	0.99
lambda_0005-c_min25max81	1418	382	0	200	0.1	0.66
lambda_0005-c_min25max81	1600	0	0	400	0.2	0.33
lambda_0005-c_min25max81	1675	25	0	300	0.15	0.66
lambda_0005-c_min25max81	1027	373	0	600	0.3	0.33
lambda_0005-c_min25max81	1414	486	0	100	0.05	0.99
lambda_0005-c_min25max81	1700	0	0	300	0.15	0.99
lambda_0005-c_min25max81	1798	2	0	200	0.1	0.33
lambda_0005-c_min25max81	1400	0	0	600	0.3	0.33
lambda_0005-c_min25max81	1700	0	0	300	0.15	0.66
lambda_0005-c_min25max81	1600	0	0	400	0.2	0.33
lambda_0005-c_min25max81	1700	0	0	300	0.15	0.99
lambda_0005-c_min25max81	1800	0	0	200	0.1	0.66
lambda_0005-c_min25max81	1599	1	0	400	0.2	0.66
lambda_0005-c_min25max81	1700	0	0	300	0.15	0.33
lambda_0005-c_min25max81	861	639	500	0	0.25	0.66
lambda_0005-c_min25max81	1700	0	0	300	0.15	0.99
lambda_0005-c_min25max81	1400	0	0	600	0.3	0.66
lambda_0005-c_min25max81	1397	3	0	600	0.3	0.99
lambda_0005-c_min25max81	1800	0	0	200	0.1	0.99
lambda_0005-c_min25max81	1873	27	100	0	0.05	0.33
lambda_0005-c_min25max81	1600	0	0	400	0.2	0.33
lambda_0005-c_min25max81	1261	539	0	200	0.1	0.33
lambda_0005-c_min25max81	1886	14	0	100	0.05	0.99
lambda_0005-c_min25max81	1500	0	0	500	0.25	0.33
lambda_0005-c_min25max81	1784	16	0	200	0.1	0.66
lambda_0005-c_min25max81	1890	10	0	100	0.05	0.99
lambda_0005-c_min25max81	1500	0	0	500	0.25	0.33
lambda_0005-c_min25max81	1399	1	1	599	0.3	0.66
lambda_0005-c_min25max81	760	640	600	0	0.3	0.99
lambda_0005-c_min25max81	1500	0	0	500	0.25	0.66
lambda_0005-c_min25max81	1698	2	0	300	0.15	0.33
lambda_0005-c_min25max81	1600	0	0	400	0.2	0.66
lambda_0005-c_min25max81	1799	1	0	200	0.1	0.99
lambda_0005-c_min25max81	1498	402	0	100	0.05	0.33
lambda_0005-c_min25max81	1377	123	0	500	0.25	0.33
lambda_0005-c_min25max81	1697	103	200	0	0.1	0.66
lambda_0005-c_min25max81	1799	1	0	200	0.1	0.33
lambda_0005-c_min25max81	1600	0	0	400	0.2	0.33
lambda_0005-c_min25max81	1698	2	0	300	0.15	0.66
lambda_0005-c_min25max81	1800	0	0	200	0.1	0.99
lambda_0005-c_min25max81	1700	0	0	300	0.15	0.33
lambda_0005-c_min25max81	1699	1	0	300	0.15	0.99
lambda_0005-c_min25max81	1700	0	0	300	0.15	0.66
lambda_0005-c_min25max81	1598	2	0	400	0.2	0.33
lambda_0005-c_min25max81	1500	0	0	500	0.25	0.66
lambda_0005-c_min25max81	1700	0	0	300	0.15	0.99
lambda_0005-c_min25max81	1400	0	0	600	0.3	0.99
lambda_0005-c_min25max81	1496	4	0	500	0.25	0.33
lambda_0005-c_min25max81	1500	0	0	500	0.25	0.33
lambda_0005-c_min25max81	1800	0	0	200	0.1	0.33
lambda_0005-c_min25max81	1800	0	0	200	0.1	0.66
phlag-lambda_0010-c_min25max81	1600	0	0	400	0.2	0.99
phlag-lambda_0010-c_min25max81	1700	0	0	300	0.15	0.66
phlag-lambda_0010-c_min25max81	5	1595	400	0	0.2	0.33
phlag-lambda_0010-c_min25max81	1322	78	0	600	0.3	0.33
phlag-lambda_0010-c_min25max81	1700	0	0	300	0.15	0.99
phlag-lambda_0010-c_min25max81	915	685	400	0	0.2	0.33
phlag-lambda_0010-c_min25max81	1700	0	0	300	0.15	0.66
phlag-lambda_0010-c_min25max81	1400	0	0	600	0.3	0.66
phlag-lambda_0010-c_min25max81	991	709	0	300	0.15	0.99
phlag-lambda_0010-c_min25max81	1797	3	0	200	0.1	0.66
phlag-lambda_0010-c_min25max81	1900	0	0	100	0.05	0.99
phlag-lambda_0010-c_min25max81	1700	0	0	300	0.15	0.33
phlag-lambda_0010-c_min25max81	1400	0	0	600	0.3	0.33
phlag-lambda_0010-c_min25max81	1400	0	0	600	0.3	0.99
phlag-lambda_0010-c_min25max81	1399	1	0	600	0.3	0.66
phlag-lambda_0010-c_min25max81	1500	0	0	500	0.25	0.66
phlag-lambda_0010-c_min25max81	1800	0	0	200	0.1	0.99
phlag-lambda_0010-c_min25max81	1500	0	0	500	0.25	0.33
phlag-lambda_0010-c_min25max81	1900	0	100	0	0.05	0.99
phlag-lambda_0010-c_min25max81	1600	0	0	400	0.2	0.99
phlag-lambda_0010-c_min25max81	1497	3	0	500	0.25	0.33
phlag-lambda_0010-c_min25max81	1537	363	100	0	0.05	0.99
phlag-lambda_0010-c_min25max81	1518	282	200	0	0.1	0.66
phlag-lambda_0010-c_min25max81	1500	0	0	500	0.25	0.66
phlag-lambda_0010-c_min25max81	1400	0	0	600	0.3	0.99
phlag-lambda_0010-c_min25max81	1399	1	0	600	0.3	0.66
phlag-lambda_0010-c_min25max81	1089	511	0	400	0.2	0.66
phlag-lambda_0010-c_min25max81	1700	0	0	300	0.15	0.33
phlag-lambda_0010-c_min25max81	1700	0	0	300	0.15	0.66
phlag-lambda_0010-c_min25max81	1071	729	0	200	0.1	0.99
phlag-lambda_0010-c_min25max81	1499	1	0	500	0.25	0.99
phlag-lambda_0010-c_min25max81	1800	0	0	200	0.1	0.66
phlag-lambda_0010-c_min25max81	1800	0	200	0	0.1	0.99
phlag-lambda_0010-c_min25max81	1400	0	0	600	0.3	0.99
phlag-lambda_0010-c_min25max81	1900	0	0	100	0.05	0.66
phlag-lambda_0010-c_min25max81	1122	678	1	199	0.1	0.66
phlag-lambda_0010-c_min25max81	1900	0	0	100	0.05	0.66
phlag-lambda_0010-c_min25max81	1400	0	0	600	0.3	0.66
phlag-lambda_0010-c_min25max81	1400	0	0	600	0.3	0.99
phlag-lambda_0010-c_min25max81	1600	0	0	400	0.2	0.99
phlag-lambda_0010-c_min25max81	1800	0	0	200	0.1	0.99
phlag-lambda_0010-c_min25max81	1900	0	100	0	0.05	0.99
phlag-lambda_0010-c_min25max81	1500	0	0	500	0.25	0.99
phlag-lambda_0010-c_min25max81	1800	0	0	200	0.1	0.66
phlag-lambda_0010-c_min25max81	1500	0	0	500	0.25	0.99
phlag-lambda_0010-c_min25max81	1888	12	100	0	0.05	0.99
phlag-lambda_0010-c_min25max81	1404	496	0	100	0.05	0.66
phlag-lambda_0010-c_min25max81	1399	1	0	600	0.3	0.66
phlag-lambda_0010-c_min25max81	1400	0	0	600	0.3	0.99
phlag-lambda_0010-c_min25max81	1701	99	200	0	0.1	0.99
phlag-lambda_0010-c_min25max81	1600	0	359	41	0.2	0.99
phlag-lambda_0010-c_min25max81	1500	0	0	500	0.25	0.99
phlag-lambda_0010-c_min25max81	1588	212	200	0	0.1	0.66
phlag-lambda_0010-c_min25max81	1400	0	0	600	0.3	0.66
phlag-lambda_0010-c_min25max81	1685	215	100	0	0.05	0.33
phlag-lambda_0010-c_min25max81	1015	585	0	400	0.2	0.99
phlag-lambda_0010-c_min25max81	1600	0	0	400	0.2	0.66
phlag-lambda_0010-c_min25max81	1188	712	0	100	0.05	0.66
phlag-lambda_0010-c_min25max81	1145	655	200	0	0.1	0.33
phlag-lambda_0010-c_min25max81	1771	129	0	100	0.05	0.66
phlag-lambda_0010-c_min25max81	1900	0	0	100	0.05	0.33
phlag-lambda_0010-c_min25max81	1600	0	0	400	0.2	0.99
phlag-lambda_0010-c_min25max81	1896	4	0	100	0.05	0.66
phlag-lambda_0010-c_min25max81	1800	0	0	200	0.1	0.33
phlag-lambda_0010-c_min25max81	1600	0	0	400	0.2	0.66
phlag-lambda_0010-c_min25max81	1500	0	0	500	0.25	0.99
phlag-lambda_0010-c_min25max81	1400	0	0	600	0.3	0.66
phlag-lambda_0010-c_min25max81	1543	357	100	0	0.05	0.66
phlag-lambda_0010-c_min25max81	1899	1	0	100	0.05	0.66
phlag-lambda_0010-c_min25max81	1400	0	0	600	0.3	0.33
phlag-lambda_0010-c_min25max81	1224	576	200	0	0.1	0.66
phlag-lambda_0010-c_min25max81	1800	0	0	200	0.1	0.66
phlag-lambda_0010-c_min25max81	1500	0	0	500	0.25	0.99
phlag-lambda_0010-c_min25max81	1400	0	0	600	0.3	0.33
phlag-lambda_0010-c_min25max81	1499	1	0	500	0.25	0.33
phlag-lambda_0010-c_min25max81	1700	0	0	300	0.15	0.66
phlag-lambda_0010-c_min25max81	1900	0	0	100	0.05	0.33
phlag-lambda_0010-c_min25max81	1800	0	0	200	0.1	0.99
phlag-lambda_0010-c_min25max81	1700	0	0	300	0.15	0.33
phlag-lambda_0010-c_min25max81	1600	0	0	400	0.2	0.66
phlag-lambda_0010-c_min25max81	1800	0	200	0	0.1	0.33
phlag-lambda_0010-c_min25max81	1500	0	0	500	0.25	0.66
phlag-lambda_0010-c_min25max81	1400	0	0	600	0.3	0.33
phlag-lambda_0010-c_min25max81	1547	153	0	300	0.15	0.33
phlag-lambda_0010-c_min25max81	1899	1	0	100	0.05	0.33
phlag-lambda_0010-c_min25max81	1778	22	200	0	0.1	0.99
phlag-lambda_0010-c_min25max81	1500	0	0	500	0.25	0.66
phlag-lambda_0010-c_min25max81	1400	0	600	0	0.3	0.66
phlag-lambda_0010-c_min25max81	1800	0	0	200	0.1	0.33
phlag-lambda_0010-c_min25max81	1600	0	0	400	0.2	0.66
phlag-lambda_0010-c_min25max81	1700	0	0	300	0.15	0.33
phlag-lambda_0010-c_min25max81	1499	1	0	500	0.25	0.33
phlag-lambda_0010-c_min25max81	1212	688	100	0	0.05	0.99
phlag-lambda_0010-c_min25max81	1400	0	0	600	0.3	0.99
phlag-lambda_0010-c_min25max81	1699	1	0	300	0.15	0.99
phlag-lambda_0010-c_min25max81	1899	1	0	100	0.05	0.33
phlag-lambda_0010-c_min25max81	1271	429	0	300	0.15	0.66
phlag-lambda_0010-c_min25max81	1600	0	0	400	0.2	0.33
phlag-lambda_0010-c_min25max81	1400	0	140	460	0.3	0.33
phlag-lambda_0010-c_min25max81	1700	0	0	300	0.15	0.99
phlag-lambda_0010-c_min25max81	1800	0	0	200	0.1	0.33
phlag-lambda_0010-c_min25max81	1400	0	0	600	0.3	0.99
phlag-lambda_0010-c_min25max81	1598	2	0	400	0.2	0.66
phlag-lambda_0010-c_min25max81	1696	4	0	300	0.15	0.33
phlag-lambda_0010-c_min25max81	1399	1	0	600	0.3	0.33
phlag-lambda_0010-c_min25max81	1600	0	389	11	0.2	0.33
phlag-lambda_0010-c_min25max81	1698	2	0	300	0.15	0.66
phlag-lambda_0010-c_min25max81	1700	0	0	300	0.15	0.66
phlag-lambda_0010-c_min25max81	1400	0	0	600	0.3	0.33
phlag-lambda_0010-c_min25max81	1499	1	0	500	0.25	0.99
phlag-lambda_0010-c_min25max81	1699	1	0	300	0.15	0.99
phlag-lambda_0010-c_min25max81	1600	0	0	400	0.2	0.66
phlag-lambda_0010-c_min25max81	1266	534	0	200	0.1	0.66
phlag-lambda_0010-c_min25max81	1700	0	0	300	0.15	0.99
phlag-lambda_0010-c_min25max81	1533	67	400	0	0.2	0.66
phlag-lambda_0010-c_min25max81	1592	108	0	300	0.15	0.66
phlag-lambda_0010-c_min25max81	863	537	0	600	0.3	0.33
phlag-lambda_0010-c_min25max81	1900	0	0	100	0.05	0.66
phlag-lambda_0010-c_min25max81	1700	0	0	300	0.15	0.99
phlag-lambda_0010-c_min25max81	1500	0	0	500	0.25	0.99
phlag-lambda_0010-c_min25max81	1900	0	75	25	0.05	0.66
phlag-lambda_0010-c_min25max81	1783	17	0	200	0.1	0.33
phlag-lambda_0010-c_min25max81	1599	1	0	400	0.2	0.99
phlag-lambda_0010-c_min25max81	1900	0	0	100	0.05	0.66
phlag-lambda_0010-c_min25max81	1800	0	0	200	0.1	0.33
phlag-lambda_0010-c_min25max81	1600	0	0	400	0.2	0.99
phlag-lambda_0010-c_min25max81	1500	0	0	500	0.25	0.99
phlag-lambda_0010-c_min25max81	1600	0	0	400	0.2	0.99
phlag-lambda_0010-c_min25max81	1600	0	0	400	0.2	0.66
phlag-lambda_0010-c_min25max81	1452	148	0	400	0.2	0.33
phlag-lambda_0010-c_min25max81	1895	5	0	100	0.05	0.99
phlag-lambda_0010-c_min25max81	1600	0	0	400	0.2	0.33
phlag-lambda_0010-c_min25max81	1414	86	0	500	0.25	0.66
phlag-lambda_0010-c_min25max81	1900	0	100	0	0.05	0.33
phlag-lambda_0010-c_min25max81	1400	0	0	600	0.3	0.66
phlag-lambda_0010-c_min25max81	1896	4	0	100	0.05	0.33
phlag-lambda_0010-c_min25max81	1499	1	0	500	0.25	0.99
phlag-lambda_0010-c_min25max81	1900	0	0	100	0.05	0.99
phlag-lambda_0010-c_min25max81	1400	0	0	600	0.3	0.99
phlag-lambda_0010-c_min25max81	1399	1	0	600	0.3	0.66
phlag-lambda_0010-c_min25max81	1898	2	0	100	0.05	0.66
phlag-lambda_0010-c_min25max81	1071	529	0	400	0.2	0.66
phlag-lambda_0010-c_min25max81	1600	0	0	400	0.2	0.99
phlag-lambda_0010-c_min25max81	1899	1	0	100	0.05	0.33
phlag-lambda_0010-c_min25max81	1600	0	0	400	0.2	0.66
phlag-lambda_0010-c_min25max81	1177	223	0	600	0.3	0.99
phlag-lambda_0010-c_min25max81	1396	4	0	600	0.3	0.66
phlag-lambda_0010-c_min25max81	1891	9	0	100	0.05	0.66
phlag-lambda_0010-c_min25max81	1600	0	0	400	0.2	0.99
phlag-lambda_0010-c_min25max81	1899	1	0	100	0.05	0.33
phlag-lambda_0010-c_min25max81	1375	525	100	0	0.05	0.99
phlag-lambda_0010-c_min25max81	1899	1	0	100	0.05	0.33
phlag-lambda_0010-c_min25max81	1500	0	0	500	0.25	0.99
phlag-lambda_0010-c_min25max81	1500	0	0	500	0.25	0.66
phlag-lambda_0010-c_min25max81	1700	0	0	300	0.15	0.66
phlag-lambda_0010-c_min25max81	1800	0	0	200	0.1	0.99
phlag-lambda_0010-c_min25max81	1285	615	0	100	0.05	0.33
phlag-lambda_0010-c_min25max81	1500	0	0	500	0.25	0.66
phlag-lambda_0010-c_min25max81	1061	339	0	600	0.3	0.66
phlag-lambda_0010-c_min25max81	1362	38	600	0	0.3	0.99
phlag-lambda_0010-c_min25max81	1600	0	0	400	0.2	0.66
phlag-lambda_0010-c_min25max81	1442	258	0	300	0.15	0.33
phlag-lambda_0010-c_min25max81	1500	0	0	500	0.25	0.33
phlag-lambda_0010-c_min25max81	1134	766	100	0	0.05	0.99
phlag-lambda_0010-c_min25max81	1171	329	0	500	0.25	0.33
phlag-lambda_0010-c_min25max81	1898	2	0	100	0.05	0.99
phlag-lambda_0010-c_min25max81	1277	223	0	500	0.25	0.33
phlag-lambda_0010-c_min25max81	1800	0	0	200	0.1	0.99
phlag-lambda_0010-c_min25max81	1899	1	0	100	0.05	0.33
phlag-lambda_0010-c_min25max81	1700	0	0	300	0.15	0.33
phlag-lambda_0010-c_min25max81	1256	344	0	400	0.2	0.66
phlag-lambda_0010-c_min25max81	1400	0	0	600	0.3	0.66
phlag-lambda_0010-c_min25max81	1400	0	0	600	0.3	0.99
phlag-lambda_0010-c_min25max81	1379	121	147	353	0.25	0.66
phlag-lambda_0010-c_min25max81	1800	0	0	200	0.1	0.33
phlag-lambda_0010-c_min25max81	1800	0	0	200	0.1	0.66
phlag-lambda_0010-c_min25max81	1500	0	0	500	0.25	0.33
phlag-lambda_0010-c_min25max81	1899	1	0	100	0.05	0.99
phlag-lambda_0010-c_min25max81	1700	0	0	300	0.15	0.99
phlag-lambda_0010-c_min25max81	1398	2	0	600	0.3	0.66
phlag-lambda_0010-c_min25max81	1599	1	0	400	0.2	0.33
phlag-lambda_0010-c_min25max81	1882	18	100	0	0.05	0.33
phlag-lambda_0010-c_min25max81	1434	266	300	0	0.15	0.66
phlag-lambda_0010-c_min25max81	1600	0	1	399	0.2	0.66
phlag-lambda_0010-c_min25max81	1699	1	0	300	0.15	0.99
phlag-lambda_0010-c_min25max81	1688	12	0	300	0.15	0.66
phlag-lambda_0010-c_min25max81	1600	0	0	400	0.2	0.33
phlag-lambda_0010-c_min25max81	1793	7	0	200	0.1	0.66
phlag-lambda_0010-c_min25max81	1735	65	200	0	0.1	0.33
phlag-lambda_0010-c_min25max81	1499	1	0	500	0.25	0.33
phlag-lambda_0010-c_min25max81	1865	35	0	100	0.05	0.99
phlag-lambda_0010-c_min25max81	1800	0	0	200	0.1	0.99
phlag-lambda_0010-c_min25max81	1500	0	0	500	0.25	0.66
phlag-lambda_0010-c_min25max81	1795	5	0	200	0.1	0.33
phlag-lambda_0010-c_min25max81	1700	0	0	300	0.15	0.33
phlag-lambda_0010-c_min25max81	1500	0	0	500	0.25	0.99
phlag-lambda_0010-c_min25max81	1500	0	0	500	0.25	0.33
phlag-lambda_0010-c_min25max81	1800	0	1	199	0.1	0.66
phlag-lambda_0010-c_min25max81	1500	0	500	0	0.25	0.33
phlag-lambda_0010-c_min25max81	1500	0	0	500	0.25	0.99
phlag-lambda_0010-c_min25max81	1600	0	0	400	0.2	0.33
phlag-lambda_0010-c_min25max81	1800	0	0	200	0.1	0.99
phlag-lambda_0010-c_min25max81	1564	336	100	0	0.05	0.99
phlag-lambda_0010-c_min25max81	1700	0	0	300	0.15	0.33
phlag-lambda_0010-c_min25max81	1228	672	100	0	0.05	0.66
phlag-lambda_0010-c_min25max81	1700	0	0	300	0.15	0.99
phlag-lambda_0010-c_min25max81	1586	214	200	0	0.1	0.33
phlag-lambda_0010-c_min25max81	1500	0	500	0	0.25	0.66
phlag-lambda_0010-c_min25max81	1798	2	0	200	0.1	0.66
phlag-lambda_0010-c_min25max81	1500	0	0	500	0.25	0.33
phlag-lambda_0010-c_min25max81	1495	205	300	0	0.15	0.99
phlag-lambda_0010-c_min25max81	1473	27	0	500	0.25	0.66
phlag-lambda_0010-c_min25max81	1400	0	0	600	0.3	0.33
phlag-lambda_0010-c_min25max81	1600	0	0	400	0.2	0.33
phlag-lambda_0010-c_min25max81	1700	0	0	300	0.15	0.66
phlag-lambda_0010-c_min25max81	1700	0	0	300	0.15	0.33
phlag-lambda_0010-c_min25max81	1700	0	0	300	0.15	0.99
phlag-lambda_0010-c_min25max81	1699	1	0	300	0.15	0.66
phlag-lambda_0010-c_min25max81	1789	11	0	200	0.1	0.99
phlag-lambda_0010-c_min25max81	1600	0	0	400	0.2	0.33
phlag-lambda_0010-c_min25max81	1381	19	0	600	0.3	0.33
phlag-lambda_0010-c_min25max81	1416	384	0	200	0.1	0.66
phlag-lambda_0010-c_min25max81	1699	1	0	300	0.15	0.99
phlag-lambda_0010-c_min25max81	1500	0	0	500	0.25	0.99
phlag-lambda_0010-c_min25max81	1899	1	0	100	0.05	0.66
phlag-lambda_0010-c_min25max81	1800	0	0	200	0.1	0.33
phlag-lambda_0010-c_min25max81	1600	0	0	400	0.2	0.99
phlag-lambda_0010-c_min25max81	1900	0	0	100	0.05	0.66
phlag-lambda_0010-c_min25max81	1072	728	0	200	0.1	0.33
phlag-lambda_0010-c_min25max81	1600	0	0	400	0.2	0.99
phlag-lambda_0010-c_min25max81	1499	1	0	500	0.25	0.99
phlag-lambda_0010-c_min25max81	1700	0	300	0	0.15	0.66
phlag-lambda_0010-c_min25max81	1400	0	0	600	0.3	0.33
phlag-lambda_0010-c_min25max81	1500	0	0	500	0.25	0.99
phlag-lambda_0010-c_min25max81	1700	0	292	8	0.15	0.99
phlag-lambda_0010-c_min25max81	1573	27	0	400	0.2	0.66
phlag-lambda_0010-c_min25max81	1600	0	0	400	0.2	0.66
phlag-lambda_0010-c_min25max81	1698	2	0	300	0.15	0.66
phlag-lambda_0010-c_min25max81	1400	0	0	600	0.3	0.33
phlag-lambda_0010-c_min25max81	1898	2	0	100	0.05	0.66
phlag-lambda_0010-c_min25max81	1879	21	100	0	0.05	0.99
phlag-lambda_0010-c_min25max81	1586	314	0	100	0.05	0.33
phlag-lambda_0010-c_min25max81	1500	0	0	500	0.25	0.99
phlag-lambda_0010-c_min25max81	1600	0	0	400	0.2	0.66
phlag-lambda_0010-c_min25max81	1399	1	0	600	0.3	0.66
phlag-lambda_0010-c_min25max81	1400	0	0	600	0.3	0.99
phlag-lambda_0010-c_min25max81	1900	0	0	100	0.05	0.66
phlag-lambda_0010-c_min25max81	1600	0	0	400	0.2	0.99
phlag-lambda_0010-c_min25max81	1885	15	0	100	0.05	0.33
phlag-lambda_0010-c_min25max81	1142	258	0	600	0.3	0.66
phlag-lambda_0010-c_min25max81	1397	3	0	600	0.3	0.99
phlag-lambda_0010-c_min25max81	1366	534	97	3	0.05	0.66
phlag-lambda_0010-c_min25max81	1600	0	0	400	0.2	0.66
phlag-lambda_0010-c_min25max81	1600	0	0	400	0.2	0.99
phlag-lambda_0010-c_min25max81	1197	703	100	0	0.05	0.33
phlag-lambda_0010-c_min25max81	1253	247	0	500	0.25	0.66
phlag-lambda_0010-c_min25max81	1899	1	0	100	0.05	0.33
phlag-lambda_0010-c_min25max81	1500	0	0	500	0.25	0.99
phlag-lambda_0010-c_min25max81	1347	553	0	100	0.05	0.99
phlag-lambda_0010-c_min25max81	1600	0	396	4	0.2	0.99
phlag-lambda_0010-c_min25max81	1281	419	0	300	0.15	0.66
phlag-lambda_0010-c_min25max81	1600	0	206	194	0.2	0.66
phlag-lambda_0010-c_min25max81	1600	0	0	400	0.2	0.33
phlag-lambda_0010-c_min25max81	1500	0	0	500	0.25	0.66
phlag-lambda_0010-c_min25max81	1500	0	0	500	0.25	0.66
phlag-lambda_0010-c_min25max81	1599	1	0	400	0.2	0.33
phlag-lambda_0010-c_min25max81	1887	13	0	100	0.05	0.99
phlag-lambda_0010-c_min25max81	1899	1	0	100	0.05	0.33
phlag-lambda_0010-c_min25max81	1400	0	0	600	0.3	0.66
phlag-lambda_0010-c_min25max81	1800	0	0	200	0.1	0.66
phlag-lambda_0010-c_min25max81	1800	0	0	200	0.1	0.33
phlag-lambda_0010-c_min25max81	1856	44	0	100	0.05	0.99
phlag-lambda_0010-c_min25max81	1400	0	0	600	0.3	0.66
phlag-lambda_0010-c_min25max81	1414	286	0	300	0.15	0.99
phlag-lambda_0010-c_min25max81	1900	0	0	100	0.05	0.33
phlag-lambda_0010-c_min25max81	1700	0	186	114	0.15	0.66
phlag-lambda_0010-c_min25max81	1600	0	0	400	0.2	0.33
phlag-lambda_0010-c_min25max81	1700	0	0	300	0.15	0.99
phlag-lambda_0010-c_min25max81	1593	7	0	400	0.2	0.66
phlag-lambda_0010-c_min25max81	1597	3	0	400	0.2	0.33
phlag-lambda_0010-c_min25max81	1700	0	0	300	0.15	0.66
phlag-lambda_0010-c_min25max81	1800	0	0	200	0.1	0.33
phlag-lambda_0010-c_min25max81	1800	0	0	200	0.1	0.66
phlag-lambda_0010-c_min25max81	1500	0	0	500	0.25	0.33
phlag-lambda_0010-c_min25max81	1700	0	0	300	0.15	0.66
phlag-lambda_0010-c_min25max81	1324	576	100	0	0.05	0.33
phlag-lambda_0010-c_min25max81	1217	583	0	200	0.1	0.99
phlag-lambda_0010-c_min25max81	1700	0	0	300	0.15	0.33
phlag-lambda_0010-c_min25max81	1600	0	0	400	0.2	0.66
phlag-lambda_0010-c_min25max81	1400	0	0	600	0.3	0.99
phlag-lambda_0010-c_min25max81	1400	0	0	600	0.3	0.66
phlag-lambda_0010-c_min25max81	1500	0	500	0	0.25	0.66
phlag-lambda_0010-c_min25max81	1500	0	0	500	0.25	0.33
phlag-lambda_0010-c_min25max81	1900	0	0	100	0.05	0.99
phlag-lambda_0010-c_min25max81	1500	0	0	500	0.25	0.33
phlag-lambda_0010-c_min25max81	1500	0	0	500	0.25	0.33
phlag-lambda_0010-c_min25max81	1880	20	0	100	0.05	0.99
phlag-lambda_0010-c_min25max81	1897	3	0	100	0.05	0.33
phlag-lambda_0010-c_min25max81	1800	0	0	200	0.1	0.99
phlag-lambda_0010-c_min25max81	1499	1	0	500	0.25	0.66
phlag-lambda_0010-c_min25max81	771	629	600	0	0.3	0.99
phlag-lambda_0010-c_min25max81	1400	0	0	600	0.3	0.66
phlag-lambda_0010-c_min25max81	1113	487	0	400	0.2	0.66
phlag-lambda_0010-c_min25max81	1700	0	0	300	0.15	0.33
phlag-lambda_0010-c_min25max81	1800	0	0	200	0.1	0.66
phlag-lambda_0010-c_min25max81	1500	0	0	500	0.25	0.33
phlag-lambda_0010-c_min25max81	1500	0	0	500	0.25	0.66
phlag-lambda_0010-c_min25max81	1700	0	0	300	0.15	0.99
phlag-lambda_0010-c_min25max81	1698	2	0	300	0.15	0.66
phlag-lambda_0010-c_min25max81	1600	0	0	400	0.2	0.33
phlag-lambda_0010-c_min25max81	1399	1	0	600	0.3	0.33
phlag-lambda_0010-c_min25max81	1700	0	0	300	0.15	0.99
phlag-lambda_0010-c_min25max81	1700	0	0	300	0.15	0.33
phlag-lambda_0010-c_min25max81	1399	1	0	600	0.3	0.33
phlag-lambda_0010-c_min25max81	1600	0	400	0	0.2	0.33
phlag-lambda_0010-c_min25max81	1700	0	0	300	0.15	0.66
phlag-lambda_0010-c_min25max81	1799	1	0	200	0.1	0.99
phlag-lambda_0010-c_min25max81	1799	1	0	200	0.1	0.66
phlag-lambda_0010-c_min25max81	1800	0	0	200	0.1	0.99
phlag-lambda_0010-c_min25max81	1900	0	0	100	0.05	0.99
phlag-lambda_0010-c_min25max81	1696	4	0	300	0.15	0.33
phlag-lambda_0010-c_min25max81	1800	0	0	200	0.1	0.33
phlag-lambda_0010-c_min25max81	1500	0	0	500	0.25	0.66
phlag-lambda_0010-c_min25max81	1500	0	500	0	0.25	0.33
phlag-lambda_0010-c_min25max81	1500	0	0	500	0.25	0.99
phlag-lambda_0010-c_min25max81	1500	0	0	500	0.25	0.99
phlag-lambda_0010-c_min25max81	1800	0	0	200	0.1	0.66
phlag-lambda_0010-c_min25max81	1499	1	0	500	0.25	0.99
phlag-lambda_0010-c_min25max81	1500	0	0	500	0.25	0.33
phlag-lambda_0010-c_min25max81	1895	5	100	0	0.05	0.99
phlag-lambda_0010-c_min25max81	1800	0	0	200	0.1	0.99
phlag-lambda_0010-c_min25max81	1594	6	0	400	0.2	0.33
phlag-lambda_0010-c_min25max81	1496	4	0	500	0.25	0.66
phlag-lambda_0010-c_min25max81	1700	0	0	300	0.15	0.99
phlag-lambda_0010-c_min25max81	1558	242	0	200	0.1	0.33
phlag-lambda_0010-c_min25max81	1699	1	0	300	0.15	0.33
phlag-lambda_0010-c_min25max81	892	608	4	496	0.25	0.66
phlag-lambda_0010-c_min25max81	1797	3	0	200	0.1	0.66
phlag-lambda_0010-c_min25max81	1399	1	0	600	0.3	0.66
phlag-lambda_0010-c_min25max81	1400	0	0	600	0.3	0.99
phlag-lambda_0010-c_min25max81	1257	143	0	600	0.3	0.33
phlag-lambda_0010-c_min25max81	1700	0	0	300	0.15	0.33
phlag-lambda_0010-c_min25max81	1301	599	100	0	0.05	0.33
phlag-lambda_0010-c_min25max81	1799	1	0	200	0.1	0.99
phlag-lambda_0010-c_min25max81	1600	0	0	400	0.2	0.99
phlag-lambda_0010-c_min25max81	915	585	0	500	0.25	0.33
phlag-lambda_0010-c_min25max81	1899	1	0	100	0.05	0.99
phlag-lambda_0010-c_min25max81	1499	1	0	500	0.25	0.33
phlag-lambda_0010-c_min25max81	1899	1	0	100	0.05	0.99
phlag-lambda_0010-c_min25max81	1600	0	0	400	0.2	0.99
phlag-lambda_0010-c_min25max81	1029	671	300	0	0.15	0.33
phlag-lambda_0010-c_min25max81	1400	0	0	600	0.3	0.66
phlag-lambda_0010-c_min25max81	1400	0	0	600	0.3	0.99
phlag-lambda_0010-c_min25max81	1453	47	500	0	0.25	0.66
phlag-lambda_0010-c_min25max81	1800	0	0	200	0.1	0.66
phlag-lambda_0010-c_min25max81	1700	0	0	300	0.15	0.66
phlag-lambda_0010-c_min25max81	1800	0	0	200	0.1	0.99
phlag-lambda_0010-c_min25max81	1585	15	0	400	0.2	0.99
phlag-lambda_0010-c_min25max81	1600	0	0	400	0.2	0.33
phlag-lambda_0010-c_min25max81	1699	1	0	300	0.15	0.66
phlag-lambda_0010-c_min25max81	1700	0	0	300	0.15	0.99
phlag-lambda_0010-c_min25max81	1400	0	0	600	0.3	0.33
phlag-lambda_0010-c_min25max81	998	702	0	300	0.15	0.66
phlag-lambda_0010-c_min25max81	1600	0	0	400	0.2	0.33
phlag-lambda_0010-c_min25max81	1400	0	0	600	0.3	0.33
phlag-lambda_0010-c_min25max81	1250	550	0	200	0.1	0.66
phlag-lambda_0010-c_min25max81	1700	0	0	300	0.15	0.99
phlag-lambda_0010-c_min25max81	1396	4	0	600	0.3	0.66
phlag-lambda_0010-c_min25max81	1892	8	0	100	0.05	0.99
phlag-lambda_0010-c_min25max81	1900	0	0	100	0.05	0.66
phlag-lambda_0010-c_min25max81	1400	0	0	600	0.3	0.99
phlag-lambda_0010-c_min25max81	1400	0	0	600	0.3	0.66
phlag-lambda_0010-c_min25max81	1628	172	0	200	0.1	0.99
phlag-lambda_0010-c_min25max81	1600	0	0	400	0.2	0.99
phlag-lambda_0010-c_min25max81	1030	470	500	0	0.25	0.99
phlag-lambda_0010-c_min25max81	1900	0	100	0	0.05	0.99
phlag-lambda_0010-c_min25max81	1800	0	0	200	0.1	0.66
phlag-lambda_0010-c_min25max81	1867	33	0	100	0.05	0.99
phlag-lambda_0010-c_min25max81	1500	0	0	500	0.25	0.99
phlag-lambda_0010-c_min25max81	1231	669	0	100	0.05	0.66
phlag-lambda_0010-c_min25max81	1400	0	0	600	0.3	0.99
phlag-lambda_0010-c_min25max81	1390	10	0	600	0.3	0.66
phlag-lambda_0010-c_min25max81	1600	0	0	400	0.2	0.99
phlag-lambda_0010-c_min25max81	1500	0	0	500	0.25	0.99
phlag-lambda_0010-c_min25max81	1798	2	0	200	0.1	0.66
phlag-lambda_0010-c_min25max81	1798	2	0	200	0.1	0.99
phlag-lambda_0010-c_min25max81	1400	0	0	600	0.3	0.99
phlag-lambda_0010-c_min25max81	1898	2	0	100	0.05	0.66
phlag-lambda_0010-c_min25max81	1800	0	0	200	0.1	0.66
phlag-lambda_0010-c_min25max81	1802	98	100	0	0.05	0.66
phlag-lambda_0010-c_min25max81	1896	4	0	100	0.05	0.66
phlag-lambda_0010-c_min25max81	1201	199	0	600	0.3	0.33
phlag-lambda_0010-c_min25max81	1283	517	0	200	0.1	0.66
phlag-lambda_0010-c_min25max81	1800	0	200	0	0.1	0.66
phlag-lambda_0010-c_min25max81	1500	0	0	500	0.25	0.99
phlag-lambda_0010-c_min25max81	1683	217	100	0	0.05	0.66
phlag-lambda_0010-c_min25max81	1400	0	0	600	0.3	0.33
phlag-lambda_0010-c_min25max81	1500	0	0	500	0.25	0.99
phlag-lambda_0010-c_min25max81	1796	4	0	200	0.1	0.66
phlag-lambda_0010-c_min25max81	1400	0	0	600	0.3	0.66
phlag-lambda_0010-c_min25max81	1900	0	0	100	0.05	0.33
phlag-lambda_0010-c_min25max81	1600	0	0	400	0.2	0.99
phlag-lambda_0010-c_min25max81	1307	593	100	0	0.05	0.66
phlag-lambda_0010-c_min25max81	1894	6	0	100	0.05	0.66
phlag-lambda_0010-c_min25max81	1800	0	162	38	0.1	0.33
phlag-lambda_0010-c_min25max81	1600	0	0	400	0.2	0.66
phlag-lambda_0010-c_min25max81	1870	30	0	100	0.05	0.33
phlag-lambda_0010-c_min25max81	1600	0	0	400	0.2	0.99
phlag-lambda_0010-c_min25max81	1600	0	0	400	0.2	0.66
phlag-lambda_0010-c_min25max81	1900	0	0	100	0.05	0.66
phlag-lambda_0010-c_min25max81	1800	0	0	200	0.1	0.33
phlag-lambda_0010-c_min25max81	1500	0	0	500	0.25	0.99
phlag-lambda_0010-c_min25max81	1400	0	587	13	0.3	0.66
phlag-lambda_0010-c_min25max81	28	1672	300	0	0.15	0.99
phlag-lambda_0010-c_min25max81	1400	0	0	600	0.3	0.99
phlag-lambda_0010-c_min25max81	1400	0	0	600	0.3	0.33
phlag-lambda_0010-c_min25max81	1600	0	0	400	0.2	0.33
phlag-lambda_0010-c_min25max81	1900	0	0	100	0.05	0.33
phlag-lambda_0010-c_min25max81	1513	187	0	300	0.15	0.66
phlag-lambda_0010-c_min25max81	1600	0	0	400	0.2	0.66
phlag-lambda_0010-c_min25max81	1400	0	0	600	0.3	0.99
phlag-lambda_0010-c_min25max81	1700	0	0	300	0.15	0.99
phlag-lambda_0010-c_min25max81	1800	0	0	200	0.1	0.33
phlag-lambda_0010-c_min25max81	1698	2	0	300	0.15	0.66
phlag-lambda_0010-c_min25max81	1600	0	1	399	0.2	0.33
phlag-lambda_0010-c_min25max81	1400	0	0	600	0.3	0.33
phlag-lambda_0010-c_min25max81	1284	416	0	300	0.15	0.33
phlag-lambda_0010-c_min25max81	145	1355	500	0	0.25	0.33
phlag-lambda_0010-c_min25max81	1700	0	0	300	0.15	0.33
phlag-lambda_0010-c_min25max81	1700	0	0	300	0.15	0.66
phlag-lambda_0010-c_min25max81	1800	0	0	200	0.1	0.99
phlag-lambda_0010-c_min25max81	1900	0	0	100	0.05	0.33
phlag-lambda_0010-c_min25max81	1499	1	0	500	0.25	0.66
phlag-lambda_0010-c_min25max81	1771	29	0	200	0.1	0.33
phlag-lambda_0010-c_min25max81	1595	5	0	400	0.2	0.66
phlag-lambda_0010-c_min25max81	1699	1	0	300	0.15	0.33
phlag-lambda_0010-c_min25max81	1793	7	0	200	0.1	0.99
phlag-lambda_0010-c_min25max81	1899	1	0	100	0.05	0.33
phlag-lambda_0010-c_min25max81	1700	0	0	300	0.15	0.33
phlag-lambda_0010-c_min25max81	1400	0	0	600	0.3	0.33
phlag-lambda_0010-c_min25max81	1547	153	0	300	0.15	0.33
phlag-lambda_0010-c_min25max81	1600	0	1	399	0.2	0.66
phlag-lambda_0010-c_min25max81	1800	0	0	200	0.1	0.33
phlag-lambda_0010-c_min25max81	1500	0	500	0	0.25	0.66
phlag-lambda_0010-c_min25max81	1500	0	0	500	0.25	0.33
phlag-lambda_0010-c_min25max81	1500	0	0	500	0.25	0.99
phlag-lambda_0010-c_min25max81	1358	542	100	0	0.05	0.33
phlag-lambda_0010-c_min25max81	1346	554	100	0	0.05	0.99
phlag-lambda_0010-c_min25max81	1195	605	0	200	0.1	0.99
phlag-lambda_0010-c_min25max81	1898	2	0	100	0.05	0.33
phlag-lambda_0010-c_min25max81	1600	0	0	400	0.2	0.99
phlag-lambda_0010-c_min25max81	1900	0	0	100	0.05	0.66
phlag-lambda_0010-c_min25max81	1304	96	0	600	0.3	0.66
phlag-lambda_0010-c_min25max81	1400	0	0	600	0.3	0.99
phlag-lambda_0010-c_min25max81	917	683	0	400	0.2	0.66
phlag-lambda_0010-c_min25max81	1896	4	0	100	0.05	0.33
phlag-lambda_0010-c_min25max81	1600	0	0	400	0.2	0.99
phlag-lambda_0010-c_min25max81	1600	0	0	400	0.2	0.66
phlag-lambda_0010-c_min25max81	1686	214	0	100	0.05	0.66
phlag-lambda_0010-c_min25max81	1400	0	0	600	0.3	0.66
phlag-lambda_0010-c_min25max81	899	501	600	0	0.3	0.99
phlag-lambda_0010-c_min25max81	1600	0	0	400	0.2	0.33
phlag-lambda_0010-c_min25max81	1899	1	0	100	0.05	0.99
phlag-lambda_0010-c_min25max81	1500	0	0	500	0.25	0.99
phlag-lambda_0010-c_min25max81	1900	0	100	0	0.05	0.33
phlag-lambda_0010-c_min25max81	871	529	600	0	0.3	0.99
phlag-lambda_0010-c_min25max81	1213	487	0	300	0.15	0.99
phlag-lambda_0010-c_min25max81	1824	76	100	0	0.05	0.66
phlag-lambda_0010-c_min25max81	1079	521	69	331	0.2	0.33
phlag-lambda_0010-c_min25max81	1312	188	500	0	0.25	0.66
phlag-lambda_0010-c_min25max81	1582	18	0	400	0.2	0.33
phlag-lambda_0010-c_min25max81	1249	651	0	100	0.05	0.33
phlag-lambda_0010-c_min25max81	1486	14	0	500	0.25	0.99
phlag-lambda_0010-c_min25max81	1500	0	0	500	0.25	0.66
phlag-lambda_0010-c_min25max81	1204	296	0	500	0.25	0.99
phlag-lambda_0010-c_min25max81	1700	0	0	300	0.15	0.66
phlag-lambda_0010-c_min25max81	1600	0	0	400	0.2	0.99
phlag-lambda_0010-c_min25max81	1796	4	0	200	0.1	0.33
phlag-lambda_0010-c_min25max81	1900	0	0	100	0.05	0.66
phlag-lambda_0010-c_min25max81	1599	1	0	400	0.2	0.99
phlag-lambda_0010-c_min25max81	1400	0	0	600	0.3	0.33
phlag-lambda_0010-c_min25max81	1800	0	0	200	0.1	0.33
phlag-lambda_0010-c_min25max81	1898	2	0	100	0.05	0.66
phlag-lambda_0010-c_min25max81	1499	1	0	500	0.25	0.99
phlag-lambda_0010-c_min25max81	1597	3	0	400	0.2	0.66
phlag-lambda_0010-c_min25max81	1400	0	0	600	0.3	0.33
phlag-lambda_0010-c_min25max81	1601	99	0	300	0.15	0.66
phlag-lambda_0010-c_min25max81	1600	0	0	400	0.2	0.66
phlag-lambda_0010-c_min25max81	1700	0	300	0	0.15	0.99
phlag-lambda_0010-c_min25max81	1600	0	0	400	0.2	0.66
phlag-lambda_0010-c_min25max81	1700	0	0	300	0.15	0.99
phlag-lambda_0010-c_min25max81	1800	0	0	200	0.1	0.33
phlag-lambda_0010-c_min25max81	1599	1	0	400	0.2	0.99
phlag-lambda_0010-c_min25max81	876	524	0	600	0.3	0.33
phlag-lambda_0010-c_min25max81	1500	0	0	500	0.25	0.99
phlag-lambda_0010-c_min25max81	1799	1	0	200	0.1	0.66
phlag-lambda_0010-c_min25max81	1068	332	0	600	0.3	0.33
phlag-lambda_0010-c_min25max81	1872	28	0	100	0.05	0.99
phlag-lambda_0010-c_min25max81	1700	0	0	300	0.15	0.66
phlag-lambda_0010-c_min25max81	1599	1	0	400	0.2	0.33
phlag-lambda_0010-c_min25max81	1700	0	0	300	0.15	0.99
phlag-lambda_0010-c_min25max81	1799	1	0	200	0.1	0.33
phlag-lambda_0010-c_min25max81	1600	0	0	400	0.2	0.33
phlag-lambda_0010-c_min25max81	1700	0	0	300	0.15	0.66
phlag-lambda_0010-c_min25max81	1400	0	0	600	0.3	0.33
phlag-lambda_0010-c_min25max81	1699	1	0	300	0.15	0.99
phlag-lambda_0010-c_min25max81	1800	0	0	200	0.1	0.66
phlag-lambda_0010-c_min25max81	1221	579	200	0	0.1	0.33
phlag-lambda_0010-c_min25max81	1500	0	0	500	0.25	0.66
phlag-lambda_0010-c_min25max81	1699	1	0	300	0.15	0.33
phlag-lambda_0010-c_min25max81	1634	266	0	100	0.05	0.99
phlag-lambda_0010-c_min25max81	1400	0	0	600	0.3	0.33
phlag-lambda_0010-c_min25max81	1800	0	0	200	0.1	0.99
phlag-lambda_0010-c_min25max81	1500	0	0	500	0.25	0.99
phlag-lambda_0010-c_min25max81	1500	0	0	500	0.25	0.33
phlag-lambda_0010-c_min25max81	1500	0	0	500	0.25	0.33
phlag-lambda_0010-c_min25max81	1700	0	300	0	0.15	0.33
phlag-lambda_0010-c_min25max81	1500	0	0	500	0.25	0.66
phlag-lambda_0010-c_min25max81	1797	3	0	200	0.1	0.33
phlag-lambda_0010-c_min25max81	1699	1	296	4	0.15	0.66
phlag-lambda_0010-c_min25max81	1594	6	400	0	0.2	0.99
phlag-lambda_0010-c_min25max81	1800	0	0	200	0.1	0.99
phlag-lambda_0010-c_min25max81	1500	0	0	500	0.25	0.33
phlag-lambda_0010-c_min25max81	1798	2	0	200	0.1	0.33
phlag-lambda_0010-c_min25max81	1541	259	200	0	0.1	0.66
phlag-lambda_0010-c_min25max81	1361	339	1	299	0.15	0.66
phlag-lambda_0010-c_min25max81	1800	0	0	200	0.1	0.99
phlag-lambda_0010-c_min25max81	1600	0	0	400	0.2	0.33
phlag-lambda_0010-c_min25max81	1700	0	0	300	0.15	0.99
phlag-lambda_0010-c_min25max81	1700	0	0	300	0.15	0.33
phlag-lambda_0010-c_min25max81	1600	0	0	400	0.2	0.33
phlag-lambda_0010-c_min25max81	1698	2	0	300	0.15	0.66
phlag-lambda_0010-c_min25max81	1400	0	0	600	0.3	0.99
phlag-lambda_0010-c_min25max81	1700	0	0	300	0.15	0.99
phlag-lambda_0010-c_min25max81	1500	0	0	500	0.25	0.66
phlag-lambda_0010-c_min25max81	1500	0	0	500	0.25	0.33
phlag-lambda_0010-c_min25max81	1500	0	0	500	0.25	0.33
phlag-lambda_0010-c_min25max81	1799	1	0	200	0.1	0.66
phlag-lambda_0010-c_min25max81	1400	0	0	600	0.3	0.99
phlag-lambda_0010-c_min25max81	892	508	600	0	0.3	0.66
phlag-lambda_0010-c_min25max81	1700	0	0	300	0.15	0.99
phlag-lambda_0010-c_min25max81	1500	0	0	500	0.25	0.66
phlag-lambda_0010-c_min25max81	1700	0	0	300	0.15	0.33
phlag-lambda_0010-c_min25max81	1455	145	0	400	0.2	0.66
phlag-lambda_0010-c_min25max81	1600	0	0	400	0.2	0.33
phlag-lambda_0010-c_min25max81	1799	101	0	100	0.05	0.33
phlag-lambda_0010-c_min25max81	1798	2	0	200	0.1	0.99
phlag-lambda_0010-c_min25max81	1505	295	200	0	0.1	0.33
phlag-lambda_0010-c_min25max81	784	1116	0	100	0.05	0.99
phlag-lambda_0010-c_min25max81	1500	0	0	500	0.25	0.33
phlag-lambda_0010-c_min25max81	1800	0	0	200	0.1	0.66
phlag-lambda_0010-c_min25max81	1900	0	0	100	0.05	0.99
phlag-lambda_0010-c_min25max81	1500	0	0	500	0.25	0.33
phlag-lambda_0010-c_min25max81	1599	1	0	400	0.2	0.66
phlag-lambda_0010-c_min25max81	1699	1	0	300	0.15	0.33
phlag-lambda_0010-c_min25max81	1500	0	0	500	0.25	0.66
phlag-lambda_0010-c_min25max81	1400	0	0	600	0.3	0.99
phlag-lambda_0010-c_min25max81	1400	0	0	600	0.3	0.66
phlag-lambda_0010-c_min25max81	1888	12	0	100	0.05	0.33
phlag-lambda_0010-c_min25max81	1799	1	0	200	0.1	0.99
phlag-lambda_0010-c_min25max81	1600	0	400	0	0.2	0.99
phlag-lambda_0010-c_min25max81	1800	0	0	200	0.1	0.99
phlag-lambda_0010-c_min25max81	1400	0	0	600	0.3	0.99
phlag-lambda_0010-c_min25max81	1399	1	0	600	0.3	0.66
phlag-lambda_0010-c_min25max81	1462	438	0	100	0.05	0.66
phlag-lambda_0010-c_min25max81	1898	2	0	100	0.05	0.99
phlag-lambda_0010-c_min25max81	1500	0	0	500	0.25	0.99
phlag-lambda_0010-c_min25max81	1500	0	0	500	0.25	0.99
phlag-lambda_0010-c_min25max81	1899	1	0	100	0.05	0.99
phlag-lambda_0010-c_min25max81	1800	0	0	200	0.1	0.99
phlag-lambda_0010-c_min25max81	1427	173	0	400	0.2	0.99
phlag-lambda_0010-c_min25max81	1399	1	184	416	0.3	0.99
phlag-lambda_0010-c_min25max81	1400	0	0	600	0.3	0.66
phlag-lambda_0010-c_min25max81	1898	2	0	100	0.05	0.66
phlag-lambda_0010-c_min25max81	1798	2	0	200	0.1	0.66
phlag-lambda_0010-c_min25max81	1734	166	0	100	0.05	0.99
phlag-lambda_0010-c_min25max81	1400	0	0	600	0.3	0.66
phlag-lambda_0010-c_min25max81	1400	0	0	600	0.3	0.33
phlag-lambda_0010-c_min25max81	1600	0	0	400	0.2	0.99
phlag-lambda_0010-c_min25max81	975	825	0	200	0.1	0.66
phlag-lambda_0010-c_min25max81	1799	1	0	200	0.1	0.99
phlag-lambda_0010-c_min25max81	1699	1	0	300	0.15	0.33
phlag-lambda_0010-c_min25max81	1500	0	0	500	0.25	0.66
phlag-lambda_0010-c_min25max81	1495	305	199	1	0.1	0.66
phlag-lambda_0010-c_min25max81	1400	0	0	600	0.3	0.66
phlag-lambda_0010-c_min25max81	1400	0	0	600	0.3	0.99
phlag-lambda_0010-c_min25max81	1898	2	0	100	0.05	0.99
phlag-lambda_0010-c_min25max81	1500	0	0	500	0.25	0.33
phlag-lambda_0010-c_min25max81	1600	0	0	400	0.2	0.99
phlag-lambda_0010-c_min25max81	1529	71	0	400	0.2	0.99
phlag-lambda_0010-c_min25max81	1900	0	0	100	0.05	0.99
phlag-lambda_0010-c_min25max81	1499	1	0	500	0.25	0.33
phlag-lambda_0010-c_min25max81	1600	0	0	400	0.2	0.33
phlag-lambda_0010-c_min25max81	1045	755	200	0	0.1	0.99
phlag-lambda_0010-c_min25max81	1700	0	0	300	0.15	0.99
phlag-lambda_0010-c_min25max81	1400	0	0	600	0.3	0.66
phlag-lambda_0010-c_min25max81	1400	0	0	600	0.3	0.99
phlag-lambda_0010-c_min25max81	1500	0	0	500	0.25	0.66
phlag-lambda_0010-c_min25max81	1775	25	200	0	0.1	0.66
phlag-lambda_0010-c_min25max81	1699	1	0	300	0.15	0.33
phlag-lambda_0010-c_min25max81	1500	0	0	500	0.25	0.33
phlag-lambda_0010-c_min25max81	1400	0	0	600	0.3	0.33
phlag-lambda_0010-c_min25max81	1700	0	0	300	0.15	0.99
phlag-lambda_0010-c_min25max81	1400	0	0	600	0.3	0.99
phlag-lambda_0010-c_min25max81	1500	0	0	500	0.25	0.66
phlag-lambda_0010-c_min25max81	1600	0	0	400	0.2	0.33
phlag-lambda_0010-c_min25max81	1700	0	0	300	0.15	0.66
phlag-lambda_0010-c_min25max81	1700	0	0	300	0.15	0.99
phlag-lambda_0010-c_min25max81	139	1261	600	0	0.3	0.33
phlag-lambda_0010-c_min25max81	1700	0	2	298	0.15	0.33
phlag-lambda_0010-c_min25max81	1700	0	0	300	0.15	0.66
phlag-lambda_0010-c_min25max81	1800	0	0	200	0.1	0.99
phlag-lambda_0010-c_min25max81	951	649	0	400	0.2	0.33
phlag-lambda_0010-c_min25max81	1262	338	0	400	0.2	0.33
phlag-lambda_0010-c_min25max81	1697	3	0	300	0.15	0.66
phlag-lambda_0010-c_min25max81	1799	1	0	200	0.1	0.99
phlag-lambda_0010-c_min25max81	1400	0	0	600	0.3	0.33
phlag-lambda_0010-c_min25max81	1700	0	0	300	0.15	0.33
phlag-lambda_0010-c_min25max81	1386	14	0	600	0.3	0.99
phlag-lambda_0010-c_min25max81	1367	333	0	300	0.15	0.99
phlag-lambda_0010-c_min25max81	1500	0	0	500	0.25	0.33
phlag-lambda_0010-c_min25max81	1393	7	0	600	0.3	0.33
phlag-lambda_0010-c_min25max81	1698	2	0	300	0.15	0.66
phlag-lambda_0010-c_min25max81	1600	0	0	400	0.2	0.33
phlag-lambda_0010-c_min25max81	1500	0	0	500	0.25	0.66
phlag-lambda_0010-c_min25max81	1700	0	0	300	0.15	0.99
phlag-lambda_0010-c_min25max81	1500	0	0	500	0.25	0.33
phlag-lambda_0010-c_min25max81	1400	0	0	600	0.3	0.99
phlag-lambda_0010-c_min25max81	1600	0	0	400	0.2	0.66
phlag-lambda_0010-c_min25max81	1303	397	0	300	0.15	0.33
phlag-lambda_0010-c_min25max81	1500	0	0	500	0.25	0.66
phlag-lambda_0010-c_min25max81	1700	0	0	300	0.15	0.99
phlag-lambda_0010-c_min25max81	1799	1	0	200	0.1	0.33
phlag-lambda_0010-c_min25max81	1427	373	0	200	0.1	0.99
phlag-lambda_0010-c_min25max81	1316	584	0	100	0.05	0.33
phlag-lambda_0010-c_min25max81	1600	0	0	400	0.2	0.33
phlag-lambda_0010-c_min25max81	1699	1	0	300	0.15	0.33
phlag-lambda_0010-c_min25max81	1800	0	200	0	0.1	0.33
phlag-lambda_0010-c_min25max81	1101	399	0	500	0.25	0.66
phlag-lambda_0010-c_min25max81	1700	0	0	300	0.15	0.33
phlag-lambda_0010-c_min25max81	1599	1	0	400	0.2	0.66
phlag-lambda_0010-c_min25max81	1699	1	0	300	0.15	0.33
phlag-lambda_0010-c_min25max81	1800	0	0	200	0.1	0.99
phlag-lambda_0010-c_min25max81	1892	8	0	100	0.05	0.33
phlag-lambda_0010-c_min25max81	1191	309	0	500	0.25	0.33
phlag-lambda_0010-c_min25max81	1600	0	0	400	0.2	0.99
phlag-lambda_0010-c_min25max81	1399	1	0	600	0.3	0.33
phlag-lambda_0010-c_min25max81	1598	2	400	0	0.2	0.66
phlag-lambda_0010-c_min25max81	1799	1	0	200	0.1	0.33
phlag-lambda_0010-c_min25max81	1894	6	0	100	0.05	0.66
phlag-lambda_0010-c_min25max81	1800	0	0	200	0.1	0.66
phlag-lambda_0010-c_min25max81	1351	49	0	600	0.3	0.66
phlag-lambda_0010-c_min25max81	1673	127	0	200	0.1	0.66
phlag-lambda_0010-c_min25max81	1398	2	0	600	0.3	0.33
phlag-lambda_0010-c_min25max81	1613	287	0	100	0.05	0.33
phlag-lambda_0010-c_min25max81	1661	239	0	100	0.05	0.66
phlag-lambda_0010-c_min25max81	1397	3	0	600	0.3	0.66
phlag-lambda_0010-c_min25max81	0	1500	500	0	0.25	0.99
phlag-lambda_0010-c_min25max81	1599	1	1	399	0.2	0.66
phlag-lambda_0010-c_min25max81	1800	0	0	200	0.1	0.33
phlag-lambda_0010-c_min25max81	1084	816	0	100	0.05	0.66
phlag-lambda_0010-c_min25max81	994	606	0	400	0.2	0.99
phlag-lambda_0010-c_min25max81	1897	3	0	100	0.05	0.33
phlag-lambda_0010-c_min25max81	1400	0	0	600	0.3	0.33
phlag-lambda_0010-c_min25max81	1800	0	0	200	0.1	0.33
phlag-lambda_0010-c_min25max81	1900	0	100	0	0.05	0.66
phlag-lambda_0010-c_min25max81	1600	0	0	400	0.2	0.66
phlag-lambda_0010-c_min25max81	1600	0	0	400	0.2	0.99
phlag-lambda_0010-c_min25max81	1900	0	100	0	0.05	0.33
phlag-lambda_0010-c_min25max81	1400	0	600	0	0.3	0.66
phlag-lambda_0010-c_min25max81	1500	0	0	500	0.25	0.99
phlag-lambda_0010-c_min25max81	1747	53	200	0	0.1	0.66
phlag-lambda_0010-c_min25max81	1900	0	0	100	0.05	0.99
phlag-lambda_0010-c_min25max81	1400	0	0	600	0.3	0.66
phlag-lambda_0010-c_min25max81	1599	1	0	400	0.2	0.99
phlag-lambda_0010-c_min25max81	1800	0	0	200	0.1	0.66
phlag-lambda_0010-c_min25max81	1800	0	0	200	0.1	0.99
phlag-lambda_0010-c_min25max81	1600	0	0	400	0.2	0.99
phlag-lambda_0010-c_min25max81	1228	572	0	200	0.1	0.33
phlag-lambda_0010-c_min25max81	1400	0	0	600	0.3	0.66
phlag-lambda_0010-c_min25max81	1400	0	600	0	0.3	0.99
phlag-lambda_0010-c_min25max81	1897	3	0	100	0.05	0.66
phlag-lambda_0010-c_min25max81	1500	0	0	500	0.25	0.99
phlag-lambda_0010-c_min25max81	1900	0	100	0	0.05	0.99
phlag-lambda_0010-c_min25max81	1717	183	0	100	0.05	0.99
phlag-lambda_0010-c_min25max81	1500	0	0	500	0.25	0.99
phlag-lambda_0010-c_min25max81	1231	369	0	400	0.2	0.99
phlag-lambda_0010-c_min25max81	1675	125	200	0	0.1	0.99
phlag-lambda_0010-c_min25max81	1400	0	0	600	0.3	0.66
phlag-lambda_0010-c_min25max81	1400	0	0	600	0.3	0.99
phlag-lambda_0010-c_min25max81	1900	0	0	100	0.05	0.66
phlag-lambda_0010-c_min25max81	1500	0	2	498	0.25	0.33
phlag-lambda_0010-c_min25max81	1500	0	0	500	0.25	0.66
phlag-lambda_0010-c_min25max81	1400	0	0	600	0.3	0.99
phlag-lambda_0010-c_min25max81	1700	0	0	300	0.15	0.99
phlag-lambda_0010-c_min25max81	1400	0	0	600	0.3	0.33
phlag-lambda_0010-c_min25max81	1700	0	0	300	0.15	0.66
phlag-lambda_0010-c_min25max81	1600	0	0	400	0.2	0.33
phlag-lambda_0010-c_min25max81	1700	0	0	300	0.15	0.33
phlag-lambda_0010-c_min25max81	1400	0	0	600	0.3	0.33
phlag-lambda_0010-c_min25max81	1700	0	0	300	0.15	0.99
phlag-lambda_0010-c_min25max81	1598	2	0	400	0.2	0.33
phlag-lambda_0010-c_min25max81	908	792	300	0	0.15	0.66
phlag-lambda_0010-c_min25max81	1800	0	0	200	0.1	0.99
phlag-lambda_0010-c_min25max81	1786	14	0	200	0.1	0.99
phlag-lambda_0010-c_min25max81	1400	0	0	600	0.3	0.99
phlag-lambda_0010-c_min25max81	1400	0	0	600	0.3	0.66
phlag-lambda_0010-c_min25max81	1800	0	0	200	0.1	0.66
phlag-lambda_0010-c_min25max81	854	646	500	0	0.25	0.66
phlag-lambda_0010-c_min25max81	1700	0	0	300	0.15	0.33
phlag-lambda_0010-c_min25max81	1600	0	0	400	0.2	0.99
phlag-lambda_0010-c_min25max81	1897	3	0	100	0.05	0.99
phlag-lambda_0010-c_min25max81	1098	402	0	500	0.25	0.33
phlag-lambda_0010-c_min25max81	1203	697	100	0	0.05	0.99
phlag-lambda_0010-c_min25max81	11	1489	500	0	0.25	0.33
phlag-lambda_0010-c_min25max81	1600	0	0	400	0.2	0.99
phlag-lambda_0010-c_min25max81	1800	0	0	200	0.1	0.99
phlag-lambda_0010-c_min25max81	1600	0	0	400	0.2	0.33
phlag-lambda_0010-c_min25max81	995	705	0	300	0.15	0.33
phlag-lambda_0010-c_min25max81	1800	0	200	0	0.1	0.66
phlag-lambda_0010-c_min25max81	1500	0	0	500	0.25	0.66
phlag-lambda_0010-c_min25max81	1399	1	0	600	0.3	0.99
phlag-lambda_0010-c_min25max81	1400	0	589	11	0.3	0.66
phlag-lambda_0010-c_min25max81	1693	7	0	300	0.15	0.99
phlag-lambda_0010-c_min25max81	1500	0	0	500	0.25	0.33
phlag-lambda_0010-c_min25max81	994	406	0	600	0.3	0.99
phlag-lambda_0010-c_min25max81	1699	1	0	300	0.15	0.99
phlag-lambda_0010-c_min25max81	1799	1	0	200	0.1	0.33
phlag-lambda_0010-c_min25max81	1500	0	0	500	0.25	0.66
phlag-lambda_0010-c_min25max81	0	1700	300	0	0.15	0.33
phlag-lambda_0010-c_min25max81	1600	0	0	400	0.2	0.66
phlag-lambda_0010-c_min25max81	295	1105	600	0	0.3	0.99
phlag-lambda_0010-c_min25max81	1697	3	0	300	0.15	0.33
phlag-lambda_0010-c_min25max81	1600	0	0	400	0.2	0.33
phlag-lambda_0010-c_min25max81	1900	0	100	0	0.05	0.33
phlag-lambda_0010-c_min25max81	1241	559	0	200	0.1	0.99
phlag-lambda_0010-c_min25max81	1321	279	0	400	0.2	0.66
phlag-lambda_0010-c_min25max81	1700	0	0	300	0.15	0.33
phlag-lambda_0010-c_min25max81	1162	338	0	500	0.25	0.66
phlag-lambda_0010-c_min25max81	1799	1	0	200	0.1	0.33
phlag-lambda_0010-c_min25max81	1900	0	100	0	0.05	0.33
phlag-lambda_0010-c_min25max81	1800	0	0	200	0.1	0.99
phlag-lambda_0010-c_min25max81	1688	12	0	300	0.15	0.33
phlag-lambda_0010-c_min25max81	1348	152	0	500	0.25	0.33
phlag-lambda_0010-c_min25max81	1400	0	600	0	0.3	0.33
phlag-lambda_0010-c_min25max81	1699	1	0	300	0.15	0.66
phlag-lambda_0010-c_min25max81	1798	2	0	200	0.1	0.99
phlag-lambda_0010-c_min25max81	1026	574	400	0	0.2	0.33
phlag-lambda_0010-c_min25max81	1295	405	0	300	0.15	0.99
phlag-lambda_0010-c_min25max81	1400	0	0	600	0.3	0.99
phlag-lambda_0010-c_min25max81	1698	2	0	300	0.15	0.33
phlag-lambda_0010-c_min25max81	1499	1	0	500	0.25	0.33
phlag-lambda_0010-c_min25max81	1600	0	0	400	0.2	0.33
phlag-lambda_0010-c_min25max81	1695	5	276	24	0.15	0.66
phlag-lambda_0010-c_min25max81	1399	1	0	600	0.3	0.33
phlag-lambda_0010-c_min25max81	1400	0	0	600	0.3	0.99
phlag-lambda_0010-c_min25max81	1700	0	0	300	0.15	0.99
phlag-lambda_0010-c_min25max81	1500	0	0	500	0.25	0.66
phlag-lambda_0010-c_min25max81	1335	65	0	600	0.3	0.66
phlag-lambda_0010-c_min25max81	1500	0	0	500	0.25	0.99
phlag-lambda_0010-c_min25max81	1799	1	0	200	0.1	0.33
phlag-lambda_0010-c_min25max81	1900	0	0	100	0.05	0.66
phlag-lambda_0010-c_min25max81	1546	54	400	0	0.2	0.66
phlag-lambda_0010-c_min25max81	1400	0	0	600	0.3	0.33
phlag-lambda_0010-c_min25max81	1596	4	0	400	0.2	0.99
phlag-lambda_0010-c_min25max81	1690	210	0	100	0.05	0.33
phlag-lambda_0010-c_min25max81	1600	0	0	400	0.2	0.66
phlag-lambda_0010-c_min25max81	1780	20	0	200	0.1	0.33
phlag-lambda_0010-c_min25max81	1900	0	0	100	0.05	0.66
phlag-lambda_0010-c_min25max81	1600	0	0	400	0.2	0.99
phlag-lambda_0010-c_min25max81	1894	6	0	100	0.05	0.33
phlag-lambda_0010-c_min25max81	774	726	500	0	0.25	0.99
phlag-lambda_0010-c_min25max81	1400	0	510	90	0.3	0.33
phlag-lambda_0010-c_min25max81	1600	0	0	400	0.2	0.99
phlag-lambda_0010-c_min25max81	1896	4	0	100	0.05	0.66
phlag-lambda_0010-c_min25max81	1800	0	0	200	0.1	0.33
phlag-lambda_0010-c_min25max81	1600	0	0	400	0.2	0.66
phlag-lambda_0010-c_min25max81	1800	0	0	200	0.1	0.66
phlag-lambda_0010-c_min25max81	1400	0	0	600	0.3	0.66
phlag-lambda_0010-c_min25max81	1800	0	0	200	0.1	0.66
phlag-lambda_0010-c_min25max81	1900	0	0	100	0.05	0.33
phlag-lambda_0010-c_min25max81	1400	0	0	600	0.3	0.33
phlag-lambda_0010-c_min25max81	1900	0	0	100	0.05	0.66
phlag-lambda_0010-c_min25max81	1400	0	0	600	0.3	0.99
phlag-lambda_0010-c_min25max81	1841	59	0	100	0.05	0.66
phlag-lambda_0010-c_min25max81	1596	4	0	400	0.2	0.33
phlag-lambda_0010-c_min25max81	0	1500	499	1	0.25	0.66
phlag-lambda_0010-c_min25max81	1500	0	0	500	0.25	0.66
phlag-lambda_0010-c_min25max81	1591	309	100	0	0.05	0.33
phlag-lambda_0010-c_min25max81	1500	0	0	500	0.25	0.99
phlag-lambda_0010-c_min25max81	1600	0	0	400	0.2	0.33
phlag-lambda_0010-c_min25max81	1896	4	0	100	0.05	0.99
phlag-lambda_0010-c_min25max81	1500	0	0	500	0.25	0.99
phlag-lambda_0010-c_min25max81	1900	0	0	100	0.05	0.33
phlag-lambda_0010-c_min25max81	1599	1	0	400	0.2	0.99
phlag-lambda_0010-c_min25max81	1600	0	0	400	0.2	0.66
phlag-lambda_0010-c_min25max81	1210	490	0	300	0.15	0.33
phlag-lambda_0010-c_min25max81	1900	0	0	100	0.05	0.66
phlag-lambda_0010-c_min25max81	1400	0	0	600	0.3	0.99
phlag-lambda_0010-c_min25max81	1400	0	0	600	0.3	0.66
phlag-lambda_0010-c_min25max81	1077	823	100	0	0.05	0.33
phlag-lambda_0010-c_min25max81	1600	0	0	400	0.2	0.99
phlag-lambda_0010-c_min25max81	1900	0	100	0	0.05	0.66
phlag-lambda_0010-c_min25max81	1400	0	0	600	0.3	0.99
phlag-lambda_0010-c_min25max81	1400	0	0	600	0.3	0.66
phlag-lambda_0010-c_min25max81	1004	496	0	500	0.25	0.66
phlag-lambda_0010-c_min25max81	1594	6	0	400	0.2	0.66
phlag-lambda_0010-c_min25max81	1500	0	0	500	0.25	0.99
phlag-lambda_0010-c_min25max81	1626	274	0	100	0.05	0.33
phlag-lambda_0010-c_min25max81	1900	0	0	100	0.05	0.99
phlag-lambda_0010-c_min25max81	1371	229	0	400	0.2	0.33
phlag-lambda_0010-c_min25max81	1140	360	0	500	0.25	0.33
phlag-lambda_0010-c_min25max81	1400	0	0	600	0.3	0.33
phlag-lambda_0010-c_min25max81	1698	2	0	300	0.15	0.66
phlag-lambda_0010-c_min25max81	1700	0	0	300	0.15	0.99
phlag-lambda_0010-c_min25max81	1600	0	0	400	0.2	0.66
phlag-lambda_0010-c_min25max81	1700	0	0	300	0.15	0.99
phlag-lambda_0010-c_min25max81	1800	0	0	200	0.1	0.33
phlag-lambda_0010-c_min25max81	1399	1	0	600	0.3	0.33
phlag-lambda_0010-c_min25max81	1698	2	0	300	0.15	0.66
phlag-lambda_0010-c_min25max81	1600	0	0	400	0.2	0.99
phlag-lambda_0010-c_min25max81	1500	0	0	500	0.25	0.99
phlag-lambda_0010-c_min25max81	1600	0	0	400	0.2	0.99
phlag-lambda_0010-c_min25max81	1691	9	298	2	0.15	0.66
phlag-lambda_0010-c_min25max81	1800	0	0	200	0.1	0.33
phlag-lambda_0010-c_min25max81	1899	1	0	100	0.05	0.66
phlag-lambda_0010-c_min25max81	1400	0	0	600	0.3	0.33
phlag-lambda_0010-c_min25max81	1600	0	0	400	0.2	0.99
phlag-lambda_0010-c_min25max81	1171	629	0	200	0.1	0.33
phlag-lambda_0010-c_min25max81	1320	580	0	100	0.05	0.66
phlag-lambda_0010-c_min25max81	1500	0	0	500	0.25	0.99
phlag-lambda_0010-c_min25max81	1600	0	0	400	0.2	0.66
phlag-lambda_0010-c_min25max81	1700	0	0	300	0.15	0.33
phlag-lambda_0010-c_min25max81	1498	2	0	500	0.25	0.66
phlag-lambda_0010-c_min25max81	1287	513	200	0	0.1	0.33
phlag-lambda_0010-c_min25max81	1791	9	0	200	0.1	0.99
phlag-lambda_0010-c_min25max81	1899	1	0	100	0.05	0.99
phlag-lambda_0010-c_min25max81	1400	0	600	0	0.3	0.33
phlag-lambda_0010-c_min25max81	1500	0	0	500	0.25	0.33
phlag-lambda_0010-c_min25max81	1500	0	0	500	0.25	0.99
phlag-lambda_0010-c_min25max81	1500	0	0	500	0.25	0.99
phlag-lambda_0010-c_min25max81	1500	0	0	500	0.25	0.33
phlag-lambda_0010-c_min25max81	1798	2	0	200	0.1	0.33
phlag-lambda_0010-c_min25max81	1499	1	0	500	0.25	0.66
phlag-lambda_0010-c_min25max81	1700	0	0	300	0.15	0.33
phlag-lambda_0010-c_min25max81	1900	0	0	100	0.05	0.99
phlag-lambda_0010-c_min25max81	1700	0	0	300	0.15	0.66
phlag-lambda_0010-c_min25max81	1792	8	200	0	0.1	0.99
phlag-lambda_0010-c_min25max81	1500	0	0	500	0.25	0.99
phlag-lambda_0010-c_min25max81	1495	305	0	200	0.1	0.66
phlag-lambda_0010-c_min25max81	1600	0	0	400	0.2	0.33
phlag-lambda_0010-c_min25max81	1700	0	0	300	0.15	0.66
phlag-lambda_0010-c_min25max81	954	446	600	0	0.3	0.33
phlag-lambda_0010-c_min25max81	1397	503	0	100	0.05	0.99
phlag-lambda_0010-c_min25max81	1700	0	0	300	0.15	0.99
phlag-lambda_0010-c_min25max81	1798	2	0	200	0.1	0.33
phlag-lambda_0010-c_min25max81	1400	0	0	600	0.3	0.33
phlag-lambda_0010-c_min25max81	1700	0	0	300	0.15	0.66
phlag-lambda_0010-c_min25max81	1600	0	0	400	0.2	0.33
phlag-lambda_0010-c_min25max81	1700	0	0	300	0.15	0.99
phlag-lambda_0010-c_min25max81	1800	0	0	200	0.1	0.66
phlag-lambda_0010-c_min25max81	1600	0	0	400	0.2	0.66
phlag-lambda_0010-c_min25max81	1699	1	0	300	0.15	0.33
phlag-lambda_0010-c_min25max81	1497	3	0	500	0.25	0.66
phlag-lambda_0010-c_min25max81	1700	0	0	300	0.15	0.99
phlag-lambda_0010-c_min25max81	1400	0	0	600	0.3	0.66
phlag-lambda_0010-c_min25max81	1400	0	600	0	0.3	0.99
phlag-lambda_0010-c_min25max81	1795	5	0	200	0.1	0.99
phlag-lambda_0010-c_min25max81	1884	16	100	0	0.05	0.33
phlag-lambda_0010-c_min25max81	1597	3	0	400	0.2	0.33
phlag-lambda_0010-c_min25max81	1236	564	0	200	0.1	0.33
phlag-lambda_0010-c_min25max81	1900	0	0	100	0.05	0.99
phlag-lambda_0010-c_min25max81	1500	0	0	500	0.25	0.33
phlag-lambda_0010-c_min25max81	1785	15	0	200	0.1	0.66
phlag-lambda_0010-c_min25max81	1900	0	0	100	0.05	0.99
phlag-lambda_0010-c_min25max81	1500	0	0	500	0.25	0.33
phlag-lambda_0010-c_min25max81	1399	1	0	600	0.3	0.66
phlag-lambda_0010-c_min25max81	950	450	0	600	0.3	0.99
phlag-lambda_0010-c_min25max81	1500	0	0	500	0.25	0.66
phlag-lambda_0010-c_min25max81	1279	421	300	0	0.15	0.33
phlag-lambda_0010-c_min25max81	1586	14	0	400	0.2	0.66
phlag-lambda_0010-c_min25max81	1800	0	0	200	0.1	0.99
phlag-lambda_0010-c_min25max81	1606	294	0	100	0.05	0.33
phlag-lambda_0010-c_min25max81	1361	139	0	500	0.25	0.33
phlag-lambda_0010-c_min25max81	1800	0	0	200	0.1	0.66
phlag-lambda_0010-c_min25max81	1799	1	0	200	0.1	0.33
phlag-lambda_0010-c_min25max81	1600	0	0	400	0.2	0.33
phlag-lambda_0010-c_min25max81	1700	0	0	300	0.15	0.66
phlag-lambda_0010-c_min25max81	1800	0	0	200	0.1	0.99
phlag-lambda_0010-c_min25max81	1700	0	0	300	0.15	0.33
phlag-lambda_0010-c_min25max81	1699	1	0	300	0.15	0.99
phlag-lambda_0010-c_min25max81	1700	0	0	300	0.15	0.66
phlag-lambda_0010-c_min25max81	1592	8	0	400	0.2	0.33
phlag-lambda_0010-c_min25max81	1500	0	0	500	0.25	0.66
phlag-lambda_0010-c_min25max81	1700	0	0	300	0.15	0.99
phlag-lambda_0010-c_min25max81	1400	0	0	600	0.3	0.99
phlag-lambda_0010-c_min25max81	1500	0	0	500	0.25	0.33
phlag-lambda_0010-c_min25max81	1500	0	0	500	0.25	0.33
phlag-lambda_0010-c_min25max81	1800	0	198	2	0.1	0.33
phlag-lambda_0010-c_min25max81	1800	0	0	200	0.1	0.66
phlag-lambda_0010-c_min3max64	1800	0	200	0	0.1	0.99
phlag-lambda_0010-c_min3max64	1500	0	0	500	0.25	0.33
phlag-lambda_0010-c_min3max64	1900	0	0	100	0.05	0.99
phlag-lambda_0010-c_min3max64	1173	427	400	0	0.2	0.99
phlag-lambda_0010-c_min3max64	1500	0	0	500	0.25	0.33
phlag-lambda_0010-c_min3max64	1897	3	0	100	0.05	0.99
phlag-lambda_0010-c_min3max64	1717	83	200	0	0.1	0.66
phlag-lambda_0010-c_min3max64	1500	0	0	500	0.25	0.66
phlag-lambda_0010-c_min3max64	1400	0	0	600	0.3	0.99
phlag-lambda_0010-c_min3max64	1400	0	0	600	0.3	0.66
phlag-lambda_0010-c_min3max64	1600	0	400	0	0.2	0.66
phlag-lambda_0010-c_min3max64	1699	1	0	300	0.15	0.33
phlag-lambda_0010-c_min3max64	1700	0	0	300	0.15	0.66
phlag-lambda_0010-c_min3max64	1132	668	0	200	0.1	0.99
phlag-lambda_0010-c_min3max64	1500	0	0	500	0.25	0.99
phlag-lambda_0010-c_min3max64	1800	0	0	200	0.1	0.66
phlag-lambda_0010-c_min3max64	1800	0	200	0	0.1	0.99
phlag-lambda_0010-c_min3max64	22	1378	600	0	0.3	0.99
phlag-lambda_0010-c_min3max64	1900	0	0	100	0.05	0.66
phlag-lambda_0010-c_min3max64	1799	1	0	200	0.1	0.66
phlag-lambda_0010-c_min3max64	1900	0	0	100	0.05	0.66
phlag-lambda_0010-c_min3max64	1399	1	0	600	0.3	0.66
phlag-lambda_0010-c_min3max64	1400	0	0	600	0.3	0.99
phlag-lambda_0010-c_min3max64	1600	0	0	400	0.2	0.99
phlag-lambda_0010-c_min3max64	1800	0	0	200	0.1	0.99
phlag-lambda_0010-c_min3max64	1900	0	100	0	0.05	0.99
phlag-lambda_0010-c_min3max64	817	683	500	0	0.25	0.99
phlag-lambda_0010-c_min3max64	1800	0	1	199	0.1	0.66
phlag-lambda_0010-c_min3max64	1500	0	0	500	0.25	0.99
phlag-lambda_0010-c_min3max64	1899	1	0	100	0.05	0.99
phlag-lambda_0010-c_min3max64	1676	224	0	100	0.05	0.66
phlag-lambda_0010-c_min3max64	1399	1	0	600	0.3	0.66
phlag-lambda_0010-c_min3max64	1400	0	0	600	0.3	0.99
phlag-lambda_0010-c_min3max64	1799	1	0	200	0.1	0.99
phlag-lambda_0010-c_min3max64	1589	11	400	0	0.2	0.99
phlag-lambda_0010-c_min3max64	1500	0	0	500	0.25	0.99
phlag-lambda_0010-c_min3max64	1798	2	0	200	0.1	0.66
phlag-lambda_0010-c_min3max64	1400	0	3	597	0.3	0.66
phlag-lambda_0010-c_min3max64	1855	45	100	0	0.05	0.33
phlag-lambda_0010-c_min3max64	860	740	400	0	0.2	0.99
phlag-lambda_0010-c_min3max64	1597	3	0	400	0.2	0.66
phlag-lambda_0010-c_min3max64	1310	590	0	100	0.05	0.66
phlag-lambda_0010-c_min3max64	1800	0	0	200	0.1	0.33
phlag-lambda_0010-c_min3max64	1898	2	0	100	0.05	0.66
phlag-lambda_0010-c_min3max64	1900	0	0	100	0.05	0.33
phlag-lambda_0010-c_min3max64	1600	0	0	400	0.2	0.99
phlag-lambda_0010-c_min3max64	1896	4	0	100	0.05	0.66
phlag-lambda_0010-c_min3max64	1800	0	0	200	0.1	0.33
phlag-lambda_0010-c_min3max64	1600	0	0	400	0.2	0.66
phlag-lambda_0010-c_min3max64	1500	0	0	500	0.25	0.99
phlag-lambda_0010-c_min3max64	1400	0	0	600	0.3	0.66
phlag-lambda_0010-c_min3max64	1900	0	100	0	0.05	0.66
phlag-lambda_0010-c_min3max64	1880	20	100	0	0.05	0.66
phlag-lambda_0010-c_min3max64	1363	37	600	0	0.3	0.33
phlag-lambda_0010-c_min3max64	1800	0	92	108	0.1	0.66
phlag-lambda_0010-c_min3max64	1800	0	0	200	0.1	0.66
phlag-lambda_0010-c_min3max64	1500	0	0	500	0.25	0.99
phlag-lambda_0010-c_min3max64	1400	0	0	600	0.3	0.33
phlag-lambda_0010-c_min3max64	1500	0	0	500	0.25	0.33
phlag-lambda_0010-c_min3max64	1700	0	0	300	0.15	0.66
phlag-lambda_0010-c_min3max64	1900	0	100	0	0.05	0.33
phlag-lambda_0010-c_min3max64	1800	0	0	200	0.1	0.99
phlag-lambda_0010-c_min3max64	1699	1	0	300	0.15	0.33
phlag-lambda_0010-c_min3max64	1600	0	0	400	0.2	0.66
phlag-lambda_0010-c_min3max64	1800	0	0	200	0.1	0.33
phlag-lambda_0010-c_min3max64	1500	0	0	500	0.25	0.66
phlag-lambda_0010-c_min3max64	1400	0	0	600	0.3	0.33
phlag-lambda_0010-c_min3max64	1673	27	300	0	0.15	0.33
phlag-lambda_0010-c_min3max64	1846	54	100	0	0.05	0.33
phlag-lambda_0010-c_min3max64	1800	0	0	200	0.1	0.99
phlag-lambda_0010-c_min3max64	1500	0	500	0	0.25	0.66
phlag-lambda_0010-c_min3max64	1400	0	0	600	0.3	0.66
phlag-lambda_0010-c_min3max64	1800	0	0	200	0.1	0.33
phlag-lambda_0010-c_min3max64	1600	0	0	400	0.2	0.66
phlag-lambda_0010-c_min3max64	1700	0	1	299	0.15	0.33
phlag-lambda_0010-c_min3max64	1494	6	0	500	0.25	0.33
phlag-lambda_0010-c_min3max64	1900	0	100	0	0.05	0.99
phlag-lambda_0010-c_min3max64	1400	0	0	600	0.3	0.99
phlag-lambda_0010-c_min3max64	1700	0	0	300	0.15	0.99
phlag-lambda_0010-c_min3max64	1898	2	0	100	0.05	0.33
phlag-lambda_0010-c_min3max64	1694	6	0	300	0.15	0.66
phlag-lambda_0010-c_min3max64	1600	0	2	398	0.2	0.33
phlag-lambda_0010-c_min3max64	1	1399	600	0	0.3	0.33
phlag-lambda_0010-c_min3max64	1700	0	0	300	0.15	0.99
phlag-lambda_0010-c_min3max64	1800	0	0	200	0.1	0.33
phlag-lambda_0010-c_min3max64	1400	0	0	600	0.3	0.99
phlag-lambda_0010-c_min3max64	1597	3	0	400	0.2	0.66
phlag-lambda_0010-c_min3max64	1700	0	0	300	0.15	0.33
phlag-lambda_0010-c_min3max64	1400	0	0	600	0.3	0.33
phlag-lambda_0010-c_min3max64	1600	0	1	399	0.2	0.33
phlag-lambda_0010-c_min3max64	1699	1	1	299	0.15	0.66
phlag-lambda_0010-c_min3max64	1699	1	0	300	0.15	0.66
phlag-lambda_0010-c_min3max64	1400	0	0	600	0.3	0.33
phlag-lambda_0010-c_min3max64	1499	1	0	500	0.25	0.99
phlag-lambda_0010-c_min3max64	1700	0	0	300	0.15	0.99
phlag-lambda_0010-c_min3max64	1600	0	0	400	0.2	0.66
phlag-lambda_0010-c_min3max64	1800	0	200	0	0.1	0.66
phlag-lambda_0010-c_min3max64	1700	0	0	300	0.15	0.99
phlag-lambda_0010-c_min3max64	1600	0	400	0	0.2	0.66
phlag-lambda_0010-c_min3max64	1700	0	0	300	0.15	0.66
phlag-lambda_0010-c_min3max64	1399	1	0	600	0.3	0.33
phlag-lambda_0010-c_min3max64	1900	0	100	0	0.05	0.66
phlag-lambda_0010-c_min3max64	1700	0	0	300	0.15	0.99
phlag-lambda_0010-c_min3max64	1500	0	0	500	0.25	0.99
phlag-lambda_0010-c_min3max64	1900	0	100	0	0.05	0.66
phlag-lambda_0010-c_min3max64	1800	0	0	200	0.1	0.33
phlag-lambda_0010-c_min3max64	1598	2	0	400	0.2	0.99
phlag-lambda_0010-c_min3max64	1900	0	1	99	0.05	0.66
phlag-lambda_0010-c_min3max64	1800	0	200	0	0.1	0.33
phlag-lambda_0010-c_min3max64	1600	0	400	0	0.2	0.99
phlag-lambda_0010-c_min3max64	1500	0	0	500	0.25	0.99
phlag-lambda_0010-c_min3max64	1600	0	1	399	0.2	0.99
phlag-lambda_0010-c_min3max64	1599	1	0	400	0.2	0.66
phlag-lambda_0010-c_min3max64	1526	74	0	400	0.2	0.33
phlag-lambda_0010-c_min3max64	1900	0	0	100	0.05	0.99
phlag-lambda_0010-c_min3max64	1574	26	400	0	0.2	0.33
phlag-lambda_0010-c_min3max64	1486	14	0	500	0.25	0.66
phlag-lambda_0010-c_min3max64	1900	0	0	100	0.05	0.33
phlag-lambda_0010-c_min3max64	1400	0	3	597	0.3	0.66
phlag-lambda_0010-c_min3max64	1900	0	0	100	0.05	0.33
phlag-lambda_0010-c_min3max64	1499	1	0	500	0.25	0.99
phlag-lambda_0010-c_min3max64	1900	0	0	100	0.05	0.99
phlag-lambda_0010-c_min3max64	1400	0	0	600	0.3	0.99
phlag-lambda_0010-c_min3max64	1399	1	0	600	0.3	0.66
phlag-lambda_0010-c_min3max64	1900	0	1	99	0.05	0.66
phlag-lambda_0010-c_min3max64	1031	569	400	0	0.2	0.66
phlag-lambda_0010-c_min3max64	1600	0	0	400	0.2	0.99
phlag-lambda_0010-c_min3max64	1900	0	0	100	0.05	0.33
phlag-lambda_0010-c_min3max64	1600	0	0	400	0.2	0.66
phlag-lambda_0010-c_min3max64	0	1400	598	2	0.3	0.99
phlag-lambda_0010-c_min3max64	1400	0	600	0	0.3	0.66
phlag-lambda_0010-c_min3max64	1900	0	0	100	0.05	0.66
phlag-lambda_0010-c_min3max64	1600	0	0	400	0.2	0.99
phlag-lambda_0010-c_min3max64	1899	1	0	100	0.05	0.33
phlag-lambda_0010-c_min3max64	1558	342	100	0	0.05	0.99
phlag-lambda_0010-c_min3max64	1900	0	0	100	0.05	0.33
phlag-lambda_0010-c_min3max64	1500	0	0	500	0.25	0.99
phlag-lambda_0010-c_min3max64	1500	0	0	500	0.25	0.66
phlag-lambda_0010-c_min3max64	1700	0	8	292	0.15	0.66
phlag-lambda_0010-c_min3max64	1800	0	200	0	0.1	0.99
phlag-lambda_0010-c_min3max64	1469	431	100	0	0.05	0.33
phlag-lambda_0010-c_min3max64	1500	0	0	500	0.25	0.66
phlag-lambda_0010-c_min3max64	1397	3	0	600	0.3	0.66
phlag-lambda_0010-c_min3max64	1400	0	0	600	0.3	0.99
phlag-lambda_0010-c_min3max64	1600	0	0	400	0.2	0.66
phlag-lambda_0010-c_min3max64	1561	139	0	300	0.15	0.33
phlag-lambda_0010-c_min3max64	1500	0	0	500	0.25	0.33
phlag-lambda_0010-c_min3max64	1900	0	0	100	0.05	0.99
phlag-lambda_0010-c_min3max64	1500	0	2	498	0.25	0.33
phlag-lambda_0010-c_min3max64	1898	2	0	100	0.05	0.99
phlag-lambda_0010-c_min3max64	1493	7	500	0	0.25	0.33
phlag-lambda_0010-c_min3max64	1800	0	0	200	0.1	0.99
phlag-lambda_0010-c_min3max64	1900	0	0	100	0.05	0.33
phlag-lambda_0010-c_min3max64	1700	0	0	300	0.15	0.33
phlag-lambda_0010-c_min3max64	1212	388	0	400	0.2	0.66
phlag-lambda_0010-c_min3max64	1400	0	0	600	0.3	0.66
phlag-lambda_0010-c_min3max64	1400	0	0	600	0.3	0.99
phlag-lambda_0010-c_min3max64	918	582	500	0	0.25	0.66
phlag-lambda_0010-c_min3max64	1800	0	200	0	0.1	0.33
phlag-lambda_0010-c_min3max64	1800	0	0	200	0.1	0.66
phlag-lambda_0010-c_min3max64	1500	0	1	499	0.25	0.33
phlag-lambda_0010-c_min3max64	1900	0	17	83	0.05	0.99
phlag-lambda_0010-c_min3max64	1700	0	0	300	0.15	0.99
phlag-lambda_0010-c_min3max64	1400	0	0	600	0.3	0.66
phlag-lambda_0010-c_min3max64	1600	0	0	400	0.2	0.33
phlag-lambda_0010-c_min3max64	1900	0	100	0	0.05	0.33
phlag-lambda_0010-c_min3max64	1700	0	300	0	0.15	0.66
phlag-lambda_0010-c_min3max64	1600	0	0	400	0.2	0.66
phlag-lambda_0010-c_min3max64	1700	0	0	300	0.15	0.99
phlag-lambda_0010-c_min3max64	1700	0	0	300	0.15	0.66
phlag-lambda_0010-c_min3max64	1600	0	0	400	0.2	0.33
phlag-lambda_0010-c_min3max64	1800	0	200	0	0.1	0.66
phlag-lambda_0010-c_min3max64	1537	263	200	0	0.1	0.33
phlag-lambda_0010-c_min3max64	1500	0	16	484	0.25	0.33
phlag-lambda_0010-c_min3max64	1899	1	0	100	0.05	0.99
phlag-lambda_0010-c_min3max64	1800	0	0	200	0.1	0.99
phlag-lambda_0010-c_min3max64	1498	2	0	500	0.25	0.66
phlag-lambda_0010-c_min3max64	1692	108	200	0	0.1	0.33
phlag-lambda_0010-c_min3max64	1640	60	300	0	0.15	0.33
phlag-lambda_0010-c_min3max64	1500	0	0	500	0.25	0.99
phlag-lambda_0010-c_min3max64	1500	0	0	500	0.25	0.33
phlag-lambda_0010-c_min3max64	1800	0	200	0	0.1	0.66
phlag-lambda_0010-c_min3max64	1500	0	0	500	0.25	0.33
phlag-lambda_0010-c_min3max64	1500	0	0	500	0.25	0.99
phlag-lambda_0010-c_min3max64	1598	2	0	400	0.2	0.33
phlag-lambda_0010-c_min3max64	1800	0	0	200	0.1	0.99
phlag-lambda_0010-c_min3max64	1501	399	100	0	0.05	0.99
phlag-lambda_0010-c_min3max64	1700	0	300	0	0.15	0.33
phlag-lambda_0010-c_min3max64	1900	0	100	0	0.05	0.66
phlag-lambda_0010-c_min3max64	1635	65	300	0	0.15	0.99
phlag-lambda_0010-c_min3max64	1796	4	2	198	0.1	0.33
phlag-lambda_0010-c_min3max64	1499	1	0	500	0.25	0.66
phlag-lambda_0010-c_min3max64	1800	0	0	200	0.1	0.66
phlag-lambda_0010-c_min3max64	1500	0	492	8	0.25	0.33
phlag-lambda_0010-c_min3max64	1698	2	0	300	0.15	0.99
phlag-lambda_0010-c_min3max64	1500	0	2	498	0.25	0.66
phlag-lambda_0010-c_min3max64	1392	8	600	0	0.3	0.33
phlag-lambda_0010-c_min3max64	1600	0	0	400	0.2	0.33
phlag-lambda_0010-c_min3max64	1700	0	0	300	0.15	0.66
phlag-lambda_0010-c_min3max64	1700	0	0	300	0.15	0.33
phlag-lambda_0010-c_min3max64	1700	0	0	300	0.15	0.99
phlag-lambda_0010-c_min3max64	1699	1	0	300	0.15	0.66
phlag-lambda_0010-c_min3max64	1797	3	0	200	0.1	0.99
phlag-lambda_0010-c_min3max64	1600	0	0	400	0.2	0.33
phlag-lambda_0010-c_min3max64	1400	0	1	599	0.3	0.33
phlag-lambda_0010-c_min3max64	1800	0	0	200	0.1	0.66
phlag-lambda_0010-c_min3max64	1700	0	300	0	0.15	0.99
phlag-lambda_0010-c_min3max64	1500	0	0	500	0.25	0.99
phlag-lambda_0010-c_min3max64	1900	0	0	100	0.05	0.66
phlag-lambda_0010-c_min3max64	1800	0	0	200	0.1	0.33
phlag-lambda_0010-c_min3max64	1600	0	3	397	0.2	0.99
phlag-lambda_0010-c_min3max64	1900	0	100	0	0.05	0.66
phlag-lambda_0010-c_min3max64	1182	618	0	200	0.1	0.33
phlag-lambda_0010-c_min3max64	1600	0	0	400	0.2	0.99
phlag-lambda_0010-c_min3max64	1500	0	0	500	0.25	0.99
phlag-lambda_0010-c_min3max64	1700	0	2	298	0.15	0.66
phlag-lambda_0010-c_min3max64	1400	0	0	600	0.3	0.33
phlag-lambda_0010-c_min3max64	1500	0	10	490	0.25	0.99
phlag-lambda_0010-c_min3max64	1700	0	0	300	0.15	0.99
phlag-lambda_0010-c_min3max64	1590	10	0	400	0.2	0.66
phlag-lambda_0010-c_min3max64	1600	0	0	400	0.2	0.66
phlag-lambda_0010-c_min3max64	1700	0	0	300	0.15	0.66
phlag-lambda_0010-c_min3max64	1397	3	0	600	0.3	0.33
phlag-lambda_0010-c_min3max64	1900	0	0	100	0.05	0.66
phlag-lambda_0010-c_min3max64	1900	0	0	100	0.05	0.99
phlag-lambda_0010-c_min3max64	1584	316	0	100	0.05	0.33
phlag-lambda_0010-c_min3max64	1500	0	0	500	0.25	0.99
phlag-lambda_0010-c_min3max64	1600	0	0	400	0.2	0.66
phlag-lambda_0010-c_min3max64	1399	1	0	600	0.3	0.66
phlag-lambda_0010-c_min3max64	1400	0	0	600	0.3	0.99
phlag-lambda_0010-c_min3max64	1900	0	0	100	0.05	0.66
phlag-lambda_0010-c_min3max64	1600	0	0	400	0.2	0.99
phlag-lambda_0010-c_min3max64	1900	0	0	100	0.05	0.33
phlag-lambda_0010-c_min3max64	1237	163	0	600	0.3	0.66
phlag-lambda_0010-c_min3max64	1378	22	0	600	0.3	0.99
phlag-lambda_0010-c_min3max64	1899	1	0	100	0.05	0.66
phlag-lambda_0010-c_min3max64	1600	0	0	400	0.2	0.66
phlag-lambda_0010-c_min3max64	1600	0	0	400	0.2	0.99
phlag-lambda_0010-c_min3max64	1900	0	100	0	0.05	0.33
phlag-lambda_0010-c_min3max64	1499	1	0	500	0.25	0.66
phlag-lambda_0010-c_min3max64	1900	0	0	100	0.05	0.33
phlag-lambda_0010-c_min3max64	1500	0	0	500	0.25	0.99
phlag-lambda_0010-c_min3max64	1900	0	0	100	0.05	0.99
phlag-lambda_0010-c_min3max64	1576	24	0	400	0.2	0.99
phlag-lambda_0010-c_min3max64	565	1135	300	0	0.15	0.66
phlag-lambda_0010-c_min3max64	1600	0	0	400	0.2	0.66
phlag-lambda_0010-c_min3max64	1600	0	0	400	0.2	0.33
phlag-lambda_0010-c_min3max64	1500	0	0	500	0.25	0.66
phlag-lambda_0010-c_min3max64	1500	0	0	500	0.25	0.66
phlag-lambda_0010-c_min3max64	1599	1	0	400	0.2	0.33
phlag-lambda_0010-c_min3max64	1894	6	0	100	0.05	0.99
phlag-lambda_0010-c_min3max64	1889	11	100	0	0.05	0.33
phlag-lambda_0010-c_min3max64	1400	0	0	600	0.3	0.66
phlag-lambda_0010-c_min3max64	1641	159	200	0	0.1	0.66
phlag-lambda_0010-c_min3max64	1800	0	1	199	0.1	0.33
phlag-lambda_0010-c_min3max64	1897	3	0	100	0.05	0.99
phlag-lambda_0010-c_min3max64	1400	0	0	600	0.3	0.66
phlag-lambda_0010-c_min3max64	1700	0	300	0	0.15	0.99
phlag-lambda_0010-c_min3max64	1900	0	0	100	0.05	0.33
phlag-lambda_0010-c_min3max64	1700	0	0	300	0.15	0.66
phlag-lambda_0010-c_min3max64	1599	1	0	400	0.2	0.33
phlag-lambda_0010-c_min3max64	1700	0	0	300	0.15	0.99
phlag-lambda_0010-c_min3max64	1600	0	0	400	0.2	0.66
phlag-lambda_0010-c_min3max64	1600	0	0	400	0.2	0.33
phlag-lambda_0010-c_min3max64	1700	0	0	300	0.15	0.66
phlag-lambda_0010-c_min3max64	1800	0	0	200	0.1	0.33
phlag-lambda_0010-c_min3max64	1800	0	196	4	0.1	0.66
phlag-lambda_0010-c_min3max64	1500	0	0	500	0.25	0.33
phlag-lambda_0010-c_min3max64	1700	0	0	300	0.15	0.66
phlag-lambda_0010-c_min3max64	1591	309	100	0	0.05	0.33
phlag-lambda_0010-c_min3max64	1798	2	0	200	0.1	0.99
phlag-lambda_0010-c_min3max64	18	1682	300	0	0.15	0.33
phlag-lambda_0010-c_min3max64	1591	9	400	0	0.2	0.66
phlag-lambda_0010-c_min3max64	1400	0	600	0	0.3	0.99
phlag-lambda_0010-c_min3max64	1399	1	0	600	0.3	0.66
phlag-lambda_0010-c_min3max64	1496	4	0	500	0.25	0.66
phlag-lambda_0010-c_min3max64	1500	0	500	0	0.25	0.33
phlag-lambda_0010-c_min3max64	1900	0	0	100	0.05	0.99
phlag-lambda_0010-c_min3max64	1500	0	0	500	0.25	0.33
phlag-lambda_0010-c_min3max64	2	1498	500	0	0.25	0.33
phlag-lambda_0010-c_min3max64	1897	3	0	100	0.05	0.99
phlag-lambda_0010-c_min3max64	0	1900	0	100	0.05	0.33
phlag-lambda_0010-c_min3max64	1800	0	0	200	0.1	0.99
phlag-lambda_0010-c_min3max64	1500	0	0	500	0.25	0.66
phlag-lambda_0010-c_min3max64	795	605	600	0	0.3	0.99
phlag-lambda_0010-c_min3max64	1400	0	600	0	0.3	0.66
phlag-lambda_0010-c_min3max64	1595	5	0	400	0.2	0.66
phlag-lambda_0010-c_min3max64	1700	0	0	300	0.15	0.33
phlag-lambda_0010-c_min3max64	1800	0	0	200	0.1	0.66
phlag-lambda_0010-c_min3max64	1500	0	2	498	0.25	0.33
phlag-lambda_0010-c_min3max64	1500	0	0	500	0.25	0.66
phlag-lambda_0010-c_min3max64	1700	0	0	300	0.15	0.99
phlag-lambda_0010-c_min3max64	1698	2	0	300	0.15	0.66
phlag-lambda_0010-c_min3max64	1599	1	0	400	0.2	0.33
phlag-lambda_0010-c_min3max64	1399	1	0	600	0.3	0.33
phlag-lambda_0010-c_min3max64	1700	0	0	300	0.15	0.99
phlag-lambda_0010-c_min3max64	1700	0	0	300	0.15	0.33
phlag-lambda_0010-c_min3max64	1397	3	0	600	0.3	0.33
phlag-lambda_0010-c_min3max64	1600	0	400	0	0.2	0.33
phlag-lambda_0010-c_min3max64	1699	1	0	300	0.15	0.66
phlag-lambda_0010-c_min3max64	1800	0	0	200	0.1	0.99
phlag-lambda_0010-c_min3max64	1800	0	0	200	0.1	0.66
phlag-lambda_0010-c_min3max64	1800	0	200	0	0.1	0.99
phlag-lambda_0010-c_min3max64	1896	4	0	100	0.05	0.99
phlag-lambda_0010-c_min3max64	1700	0	0	300	0.15	0.33
phlag-lambda_0010-c_min3max64	1800	0	0	200	0.1	0.33
phlag-lambda_0010-c_min3max64	1500	0	0	500	0.25	0.66
phlag-lambda_0010-c_min3max64	1499	1	0	500	0.25	0.33
phlag-lambda_0010-c_min3max64	1076	424	0	500	0.25	0.99
phlag-lambda_0010-c_min3max64	1500	0	0	500	0.25	0.99
phlag-lambda_0010-c_min3max64	1798	2	0	200	0.1	0.66
phlag-lambda_0010-c_min3max64	1500	0	0	500	0.25	0.99
phlag-lambda_0010-c_min3max64	1500	0	0	500	0.25	0.33
phlag-lambda_0010-c_min3max64	1882	18	0	100	0.05	0.99
phlag-lambda_0010-c_min3max64	1800	0	200	0	0.1	0.99
phlag-lambda_0010-c_min3max64	1595	5	0	400	0.2	0.33
phlag-lambda_0010-c_min3max64	1500	0	0	500	0.25	0.66
phlag-lambda_0010-c_min3max64	1698	2	0	300	0.15	0.99
phlag-lambda_0010-c_min3max64	98	1702	200	0	0.1	0.33
phlag-lambda_0010-c_min3max64	1699	1	0	300	0.15	0.33
phlag-lambda_0010-c_min3max64	1498	2	0	500	0.25	0.66
phlag-lambda_0010-c_min3max64	1800	0	0	200	0.1	0.66
phlag-lambda_0010-c_min3max64	1400	0	600	0	0.3	0.66
phlag-lambda_0010-c_min3max64	1400	0	600	0	0.3	0.99
phlag-lambda_0010-c_min3max64	1348	52	0	600	0.3	0.33
phlag-lambda_0010-c_min3max64	1700	0	0	300	0.15	0.33
phlag-lambda_0010-c_min3max64	1900	0	0	100	0.05	0.33
phlag-lambda_0010-c_min3max64	1799	1	0	200	0.1	0.99
phlag-lambda_0010-c_min3max64	1600	0	0	400	0.2	0.99
phlag-lambda_0010-c_min3max64	1080	420	0	500	0.25	0.33
phlag-lambda_0010-c_min3max64	1900	0	0	100	0.05	0.99
phlag-lambda_0010-c_min3max64	1499	1	0	500	0.25	0.33
phlag-lambda_0010-c_min3max64	1900	0	100	0	0.05	0.99
phlag-lambda_0010-c_min3max64	1600	0	0	400	0.2	0.99
phlag-lambda_0010-c_min3max64	1700	0	0	300	0.15	0.33
phlag-lambda_0010-c_min3max64	1400	0	600	0	0.3	0.66
phlag-lambda_0010-c_min3max64	1398	2	1	599	0.3	0.99
phlag-lambda_0010-c_min3max64	1499	1	0	500	0.25	0.66
phlag-lambda_0010-c_min3max64	1800	0	0	200	0.1	0.66
phlag-lambda_0010-c_min3max64	1700	0	0	300	0.15	0.66
phlag-lambda_0010-c_min3max64	1800	0	0	200	0.1	0.99
phlag-lambda_0010-c_min3max64	1600	0	0	400	0.2	0.99
phlag-lambda_0010-c_min3max64	1599	1	0	400	0.2	0.33
phlag-lambda_0010-c_min3max64	1700	0	300	0	0.15	0.66
phlag-lambda_0010-c_min3max64	1700	0	0	300	0.15	0.99
phlag-lambda_0010-c_min3max64	1400	0	0	600	0.3	0.33
phlag-lambda_0010-c_min3max64	1090	610	300	0	0.15	0.66
phlag-lambda_0010-c_min3max64	1600	0	0	400	0.2	0.33
phlag-lambda_0010-c_min3max64	1400	0	0	600	0.3	0.33
phlag-lambda_0010-c_min3max64	1577	223	200	0	0.1	0.66
phlag-lambda_0010-c_min3max64	1700	0	0	300	0.15	0.99
phlag-lambda_0010-c_min3max64	1400	0	0	600	0.3	0.66
phlag-lambda_0010-c_min3max64	1900	0	0	100	0.05	0.99
phlag-lambda_0010-c_min3max64	1900	0	1	99	0.05	0.66
phlag-lambda_0010-c_min3max64	1400	0	0	600	0.3	0.99
phlag-lambda_0010-c_min3max64	1399	1	0	600	0.3	0.66
phlag-lambda_0010-c_min3max64	1800	0	0	200	0.1	0.99
phlag-lambda_0010-c_min3max64	1600	0	0	400	0.2	0.99
phlag-lambda_0010-c_min3max64	1500	0	0	500	0.25	0.99
phlag-lambda_0010-c_min3max64	1900	0	100	0	0.05	0.99
phlag-lambda_0010-c_min3max64	1798	2	0	200	0.1	0.66
phlag-lambda_0010-c_min3max64	1900	0	0	100	0.05	0.99
phlag-lambda_0010-c_min3max64	1500	0	1	499	0.25	0.99
phlag-lambda_0010-c_min3max64	1899	1	0	100	0.05	0.66
phlag-lambda_0010-c_min3max64	1400	0	0	600	0.3	0.99
phlag-lambda_0010-c_min3max64	1394	6	600	0	0.3	0.66
phlag-lambda_0010-c_min3max64	1600	0	0	400	0.2	0.99
phlag-lambda_0010-c_min3max64	1500	0	0	500	0.25	0.99
phlag-lambda_0010-c_min3max64	1798	2	0	200	0.1	0.66
phlag-lambda_0010-c_min3max64	1800	0	0	200	0.1	0.99
phlag-lambda_0010-c_min3max64	1400	0	0	600	0.3	0.99
phlag-lambda_0010-c_min3max64	1898	2	0	100	0.05	0.66
phlag-lambda_0010-c_min3max64	1800	0	0	200	0.1	0.66
phlag-lambda_0010-c_min3max64	1900	0	100	0	0.05	0.66
phlag-lambda_0010-c_min3max64	1900	0	0	100	0.05	0.66
phlag-lambda_0010-c_min3max64	1399	1	0	600	0.3	0.33
phlag-lambda_0010-c_min3max64	1799	1	0	200	0.1	0.66
phlag-lambda_0010-c_min3max64	1800	0	0	200	0.1	0.66
phlag-lambda_0010-c_min3max64	1500	0	0	500	0.25	0.99
phlag-lambda_0010-c_min3max64	1900	0	100	0	0.05	0.66
phlag-lambda_0010-c_min3max64	1399	1	0	600	0.3	0.33
phlag-lambda_0010-c_min3max64	1500	0	0	500	0.25	0.99
phlag-lambda_0010-c_min3max64	1796	4	0	200	0.1	0.66
phlag-lambda_0010-c_min3max64	1399	1	0	600	0.3	0.66
phlag-lambda_0010-c_min3max64	1900	0	0	100	0.05	0.33
phlag-lambda_0010-c_min3max64	1600	0	400	0	0.2	0.99
phlag-lambda_0010-c_min3max64	1662	238	100	0	0.05	0.66
phlag-lambda_0010-c_min3max64	1900	0	0	100	0.05	0.66
phlag-lambda_0010-c_min3max64	1800	0	0	200	0.1	0.33
phlag-lambda_0010-c_min3max64	1600	0	400	0	0.2	0.66
phlag-lambda_0010-c_min3max64	1900	0	100	0	0.05	0.33
phlag-lambda_0010-c_min3max64	1457	143	400	0	0.2	0.99
phlag-lambda_0010-c_min3max64	1600	0	0	400	0.2	0.66
phlag-lambda_0010-c_min3max64	1899	1	0	100	0.05	0.66
phlag-lambda_0010-c_min3max64	1800	0	200	0	0.1	0.33
phlag-lambda_0010-c_min3max64	880	620	500	0	0.25	0.99
phlag-lambda_0010-c_min3max64	1396	4	0	600	0.3	0.66
phlag-lambda_0010-c_min3max64	1700	0	0	300	0.15	0.99
phlag-lambda_0010-c_min3max64	1400	0	600	0	0.3	0.99
phlag-lambda_0010-c_min3max64	1400	0	600	0	0.3	0.33
phlag-lambda_0010-c_min3max64	1600	0	3	397	0.2	0.33
phlag-lambda_0010-c_min3max64	1900	0	1	99	0.05	0.33
phlag-lambda_0010-c_min3max64	1499	201	0	300	0.15	0.66
phlag-lambda_0010-c_min3max64	1600	0	0	400	0.2	0.66
phlag-lambda_0010-c_min3max64	1400	0	0	600	0.3	0.99
phlag-lambda_0010-c_min3max64	1699	1	0	300	0.15	0.99
phlag-lambda_0010-c_min3max64	1799	1	0	200	0.1	0.33
phlag-lambda_0010-c_min3max64	1699	1	0	300	0.15	0.66
phlag-lambda_0010-c_min3max64	1600	0	0	400	0.2	0.33
phlag-lambda_0010-c_min3max64	1400	0	0	600	0.3	0.33
phlag-lambda_0010-c_min3max64	1636	64	0	300	0.15	0.33
phlag-lambda_0010-c_min3max64	1500	0	0	500	0.25	0.33
phlag-lambda_0010-c_min3max64	1699	1	3	297	0.15	0.33
phlag-lambda_0010-c_min3max64	1700	0	0	300	0.15	0.66
phlag-lambda_0010-c_min3max64	1739	61	0	200	0.1	0.99
phlag-lambda_0010-c_min3max64	1900	0	100	0	0.05	0.33
phlag-lambda_0010-c_min3max64	1500	0	0	500	0.25	0.66
phlag-lambda_0010-c_min3max64	1800	0	0	200	0.1	0.33
phlag-lambda_0010-c_min3max64	1197	403	400	0	0.2	0.66
phlag-lambda_0010-c_min3max64	1699	1	0	300	0.15	0.33
phlag-lambda_0010-c_min3max64	1800	0	0	200	0.1	0.99
phlag-lambda_0010-c_min3max64	1899	1	1	99	0.05	0.33
phlag-lambda_0010-c_min3max64	1699	1	1	299	0.15	0.33
phlag-lambda_0010-c_min3max64	1400	0	0	600	0.3	0.33
phlag-lambda_0010-c_min3max64	1700	0	0	300	0.15	0.33
phlag-lambda_0010-c_min3max64	1600	0	1	399	0.2	0.66
phlag-lambda_0010-c_min3max64	1800	0	0	200	0.1	0.33
phlag-lambda_0010-c_min3max64	1500	0	24	476	0.25	0.66
phlag-lambda_0010-c_min3max64	1500	0	0	500	0.25	0.33
phlag-lambda_0010-c_min3max64	1500	0	0	500	0.25	0.99
phlag-lambda_0010-c_min3max64	1900	0	100	0	0.05	0.33
phlag-lambda_0010-c_min3max64	1899	1	0	100	0.05	0.99
phlag-lambda_0010-c_min3max64	1789	11	0	200	0.1	0.99
phlag-lambda_0010-c_min3max64	1897	3	0	100	0.05	0.33
phlag-lambda_0010-c_min3max64	0	1600	400	0	0.2	0.99
phlag-lambda_0010-c_min3max64	1900	0	0	100	0.05	0.66
phlag-lambda_0010-c_min3max64	1374	26	0	600	0.3	0.66
phlag-lambda_0010-c_min3max64	1400	0	0	600	0.3	0.99
phlag-lambda_0010-c_min3max64	1003	597	400	0	0.2	0.66
phlag-lambda_0010-c_min3max64	1900	0	0	100	0.05	0.33
phlag-lambda_0010-c_min3max64	1600	0	0	400	0.2	0.99
phlag-lambda_0010-c_min3max64	1600	0	0	400	0.2	0.66
phlag-lambda_0010-c_min3max64	1856	44	100	0	0.05	0.66
phlag-lambda_0010-c_min3max64	1399	1	0	600	0.3	0.66
phlag-lambda_0010-c_min3max64	871	529	600	0	0.3	0.99
phlag-lambda_0010-c_min3max64	1600	0	0	400	0.2	0.33
phlag-lambda_0010-c_min3max64	1900	0	28	72	0.05	0.99
phlag-lambda_0010-c_min3max64	1500	0	500	0	0.25	0.99
phlag-lambda_0010-c_min3max64	1900	0	0	100	0.05	0.33
phlag-lambda_0010-c_min3max64	1400	0	0	600	0.3	0.99
phlag-lambda_0010-c_min3max64	1296	404	0	300	0.15	0.99
phlag-lambda_0010-c_min3max64	1740	160	100	0	0.05	0.66
phlag-lambda_0010-c_min3max64	1599	1	0	400	0.2	0.33
phlag-lambda_0010-c_min3max64	1493	7	0	500	0.25	0.66
phlag-lambda_0010-c_min3max64	2	1598	400	0	0.2	0.33
phlag-lambda_0010-c_min3max64	1900	0	0	100	0.05	0.33
phlag-lambda_0010-c_min3max64	1489	11	0	500	0.25	0.99
phlag-lambda_0010-c_min3max64	1500	0	0	500	0.25	0.66
phlag-lambda_0010-c_min3max64	1297	203	0	500	0.25	0.99
phlag-lambda_0010-c_min3max64	1695	5	0	300	0.15	0.66
phlag-lambda_0010-c_min3max64	1600	0	0	400	0.2	0.99
phlag-lambda_0010-c_min3max64	1800	0	135	65	0.1	0.33
phlag-lambda_0010-c_min3max64	1900	0	0	100	0.05	0.66
phlag-lambda_0010-c_min3max64	1598	2	0	400	0.2	0.99
phlag-lambda_0010-c_min3max64	1400	0	3	597	0.3	0.33
phlag-lambda_0010-c_min3max64	1800	0	0	200	0.1	0.33
phlag-lambda_0010-c_min3max64	1900	0	0	100	0.05	0.66
phlag-lambda_0010-c_min3max64	1499	1	0	500	0.25	0.99
phlag-lambda_0010-c_min3max64	1600	0	289	111	0.2	0.66
phlag-lambda_0010-c_min3max64	1400	0	0	600	0.3	0.33
phlag-lambda_0010-c_min3max64	1690	10	0	300	0.15	0.66
phlag-lambda_0010-c_min3max64	1600	0	0	400	0.2	0.66
phlag-lambda_0010-c_min3max64	1636	64	300	0	0.15	0.99
phlag-lambda_0010-c_min3max64	1600	0	0	400	0.2	0.66
phlag-lambda_0010-c_min3max64	1700	0	0	300	0.15	0.99
phlag-lambda_0010-c_min3max64	1800	0	0	200	0.1	0.33
phlag-lambda_0010-c_min3max64	1600	0	344	56	0.2	0.99
phlag-lambda_0010-c_min3max64	839	561	600	0	0.3	0.33
phlag-lambda_0010-c_min3max64	1500	0	0	500	0.25	0.99
phlag-lambda_0010-c_min3max64	1800	0	0	200	0.1	0.66
phlag-lambda_0010-c_min3max64	1303	97	600	0	0.3	0.33
phlag-lambda_0010-c_min3max64	1900	0	0	100	0.05	0.99
phlag-lambda_0010-c_min3max64	1700	0	0	300	0.15	0.66
phlag-lambda_0010-c_min3max64	1599	1	0	400	0.2	0.33
phlag-lambda_0010-c_min3max64	1700	0	0	300	0.15	0.99
phlag-lambda_0010-c_min3max64	1799	1	0	200	0.1	0.33
phlag-lambda_0010-c_min3max64	1600	0	0	400	0.2	0.33
phlag-lambda_0010-c_min3max64	1699	1	0	300	0.15	0.66
phlag-lambda_0010-c_min3max64	1330	70	600	0	0.3	0.33
phlag-lambda_0010-c_min3max64	1700	0	0	300	0.15	0.99
phlag-lambda_0010-c_min3max64	1800	0	0	200	0.1	0.66
phlag-lambda_0010-c_min3max64	1798	2	0	200	0.1	0.33
phlag-lambda_0010-c_min3max64	1500	0	0	500	0.25	0.66
phlag-lambda_0010-c_min3max64	1700	0	300	0	0.15	0.33
phlag-lambda_0010-c_min3max64	1900	0	0	100	0.05	0.99
phlag-lambda_0010-c_min3max64	1399	1	0	600	0.3	0.33
phlag-lambda_0010-c_min3max64	1800	0	0	200	0.1	0.99
phlag-lambda_0010-c_min3max64	0	1500	500	0	0.25	0.99
phlag-lambda_0010-c_min3max64	1500	0	0	500	0.25	0.33
phlag-lambda_0010-c_min3max64	1499	1	0	500	0.25	0.33
phlag-lambda_0010-c_min3max64	1700	0	0	300	0.15	0.33
phlag-lambda_0010-c_min3max64	1500	0	0	500	0.25	0.66
phlag-lambda_0010-c_min3max64	1800	0	1	199	0.1	0.33
phlag-lambda_0010-c_min3max64	1700	0	0	300	0.15	0.66
phlag-lambda_0010-c_min3max64	1249	351	0	400	0.2	0.99
phlag-lambda_0010-c_min3max64	1800	0	0	200	0.1	0.99
phlag-lambda_0010-c_min3max64	1500	0	0	500	0.25	0.33
phlag-lambda_0010-c_min3max64	1800	0	200	0	0.1	0.33
phlag-lambda_0010-c_min3max64	1800	0	200	0	0.1	0.66
phlag-lambda_0010-c_min3max64	1698	2	1	299	0.15	0.66
phlag-lambda_0010-c_min3max64	1800	0	200	0	0.1	0.99
phlag-lambda_0010-c_min3max64	1600	0	0	400	0.2	0.33
phlag-lambda_0010-c_min3max64	1700	0	0	300	0.15	0.99
phlag-lambda_0010-c_min3max64	1700	0	0	300	0.15	0.33
phlag-lambda_0010-c_min3max64	1600	0	0	400	0.2	0.33
phlag-lambda_0010-c_min3max64	1700	0	0	300	0.15	0.66
phlag-lambda_0010-c_min3max64	1400	0	0	600	0.3	0.99
phlag-lambda_0010-c_min3max64	1700	0	0	300	0.15	0.99
phlag-lambda_0010-c_min3max64	1499	1	0	500	0.25	0.66
phlag-lambda_0010-c_min3max64	1500	0	0	500	0.25	0.33
phlag-lambda_0010-c_min3max64	1497	3	0	500	0.25	0.33
phlag-lambda_0010-c_min3max64	1800	0	0	200	0.1	0.66
phlag-lambda_0010-c_min3max64	1400	0	0	600	0.3	0.99
phlag-lambda_0010-c_min3max64	880	520	0	600	0.3	0.66
phlag-lambda_0010-c_min3max64	1699	1	0	300	0.15	0.99
phlag-lambda_0010-c_min3max64	1500	0	500	0	0.25	0.66
phlag-lambda_0010-c_min3max64	1700	0	0	300	0.15	0.33
phlag-lambda_0010-c_min3max64	1579	21	0	400	0.2	0.66
phlag-lambda_0010-c_min3max64	1600	0	400	0	0.2	0.33
phlag-lambda_0010-c_min3max64	1845	55	1	99	0.05	0.33
phlag-lambda_0010-c_min3max64	1800	0	0	200	0.1	0.99
phlag-lambda_0010-c_min3max64	1797	3	0	200	0.1	0.33
phlag-lambda_0010-c_min3max64	1193	707	0	100	0.05	0.99
phlag-lambda_0010-c_min3max64	1498	2	0	500	0.25	0.33
phlag-lambda_0010-c_min3max64	1800	0	0	200	0.1	0.66
phlag-lambda_0010-c_min3max64	1900	0	100	0	0.05	0.99
phlag-lambda_0010-c_min3max64	1500	0	0	500	0.25	0.33
phlag-lambda_0010-c_min3max64	1598	2	0	400	0.2	0.66
phlag-lambda_0010-c_min3max64	1700	0	0	300	0.15	0.33
phlag-lambda_0010-c_min3max64	1500	0	0	500	0.25	0.66
phlag-lambda_0010-c_min3max64	1400	0	0	600	0.3	0.99
phlag-lambda_0010-c_min3max64	9	1391	600	0	0.3	0.66
phlag-lambda_0010-c_min3max64	1395	505	100	0	0.05	0.33
phlag-lambda_0010-c_min3max64	1799	1	0	200	0.1	0.99
phlag-lambda_0010-c_min3max64	1599	1	0	400	0.2	0.99
phlag-lambda_0010-c_min3max64	1800	0	0	200	0.1	0.99
phlag-lambda_0010-c_min3max64	1390	10	0	600	0.3	0.99
phlag-lambda_0010-c_min3max64	1400	0	256	344	0.3	0.66
phlag-lambda_0010-c_min3max64	1900	0	0	100	0.05	0.66
phlag-lambda_0010-c_min3max64	1900	0	0	100	0.05	0.99
phlag-lambda_0010-c_min3max64	1500	0	0	500	0.25	0.99
phlag-lambda_0010-c_min3max64	1500	0	0	500	0.25	0.99
phlag-lambda_0010-c_min3max64	1900	0	100	0	0.05	0.99
phlag-lambda_0010-c_min3max64	1797	3	0	200	0.1	0.99
phlag-lambda_0010-c_min3max64	1600	0	0	400	0.2	0.99
phlag-lambda_0010-c_min3max64	1400	0	0	600	0.3	0.99
phlag-lambda_0010-c_min3max64	1400	0	0	600	0.3	0.66
phlag-lambda_0010-c_min3max64	1900	0	0	100	0.05	0.66
phlag-lambda_0010-c_min3max64	1800	0	193	7	0.1	0.66
phlag-lambda_0010-c_min3max64	1900	0	0	100	0.05	0.99
phlag-lambda_0010-c_min3max64	1400	0	0	600	0.3	0.66
phlag-lambda_0010-c_min3max64	1400	0	0	600	0.3	0.33
phlag-lambda_0010-c_min3max64	1600	0	400	0	0.2	0.99
phlag-lambda_0010-c_min3max64	1138	662	200	0	0.1	0.66
phlag-lambda_0010-c_min3max64	1800	0	200	0	0.1	0.99
phlag-lambda_0010-c_min3max64	1699	1	0	300	0.15	0.33
phlag-lambda_0010-c_min3max64	1486	14	500	0	0.25	0.66
phlag-lambda_0010-c_min3max64	1800	0	0	200	0.1	0.66
phlag-lambda_0010-c_min3max64	6	1394	600	0	0.3	0.66
phlag-lambda_0010-c_min3max64	1400	0	0	600	0.3	0.99
phlag-lambda_0010-c_min3max64	1900	0	0	100	0.05	0.99
phlag-lambda_0010-c_min3max64	1500	0	0	500	0.25	0.33
phlag-lambda_0010-c_min3max64	1600	0	0	400	0.2	0.99
phlag-lambda_0010-c_min3max64	1600	0	0	400	0.2	0.99
phlag-lambda_0010-c_min3max64	1900	0	0	100	0.05	0.99
phlag-lambda_0010-c_min3max64	1500	0	0	500	0.25	0.33
phlag-lambda_0010-c_min3max64	1593	7	0	400	0.2	0.33
phlag-lambda_0010-c_min3max64	1184	616	200	0	0.1	0.99
phlag-lambda_0010-c_min3max64	1700	0	300	0	0.15	0.99
phlag-lambda_0010-c_min3max64	1400	0	0	600	0.3	0.66
phlag-lambda_0010-c_min3max64	1400	0	0	600	0.3	0.99
phlag-lambda_0010-c_min3max64	1498	2	0	500	0.25	0.66
phlag-lambda_0010-c_min3max64	1799	1	0	200	0.1	0.66
phlag-lambda_0010-c_min3max64	1699	1	0	300	0.15	0.33
phlag-lambda_0010-c_min3max64	1500	0	500	0	0.25	0.33
phlag-lambda_0010-c_min3max64	1400	0	0	600	0.3	0.33
phlag-lambda_0010-c_min3max64	1700	0	0	300	0.15	0.99
phlag-lambda_0010-c_min3max64	1400	0	600	0	0.3	0.99
phlag-lambda_0010-c_min3max64	1500	0	0	500	0.25	0.66
phlag-lambda_0010-c_min3max64	1600	0	0	400	0.2	0.33
phlag-lambda_0010-c_min3max64	1700	0	0	300	0.15	0.66
phlag-lambda_0010-c_min3max64	1700	0	2	298	0.15	0.99
phlag-lambda_0010-c_min3max64	83	1317	600	0	0.3	0.33
phlag-lambda_0010-c_min3max64	1700	0	300	0	0.15	0.33
phlag-lambda_0010-c_min3max64	1700	0	1	299	0.15	0.66
phlag-lambda_0010-c_min3max64	1799	1	0	200	0.1	0.99
phlag-lambda_0010-c_min3max64	1057	543	0	400	0.2	0.33
phlag-lambda_0010-c_min3max64	1600	0	317	83	0.2	0.33
phlag-lambda_0010-c_min3max64	1700	0	0	300	0.15	0.66
phlag-lambda_0010-c_min3max64	1800	0	0	200	0.1	0.99
phlag-lambda_0010-c_min3max64	1400	0	0	600	0.3	0.33
phlag-lambda_0010-c_min3max64	1700	0	221	79	0.15	0.33
phlag-lambda_0010-c_min3max64	1387	13	0	600	0.3	0.99
phlag-lambda_0010-c_min3max64	1387	313	0	300	0.15	0.99
phlag-lambda_0010-c_min3max64	1500	0	0	500	0.25	0.33
phlag-lambda_0010-c_min3max64	1400	0	0	600	0.3	0.33
phlag-lambda_0010-c_min3max64	1700	0	0	300	0.15	0.66
phlag-lambda_0010-c_min3max64	1600	0	0	400	0.2	0.33
phlag-lambda_0010-c_min3max64	1500	0	0	500	0.25	0.66
phlag-lambda_0010-c_min3max64	1698	2	0	300	0.15	0.99
phlag-lambda_0010-c_min3max64	1498	2	0	500	0.25	0.33
phlag-lambda_0010-c_min3max64	1400	0	0	600	0.3	0.99
phlag-lambda_0010-c_min3max64	1	1599	400	0	0.2	0.66
phlag-lambda_0010-c_min3max64	1700	0	0	300	0.15	0.33
phlag-lambda_0010-c_min3max64	1500	0	0	500	0.25	0.66
phlag-lambda_0010-c_min3max64	1697	3	0	300	0.15	0.99
phlag-lambda_0010-c_min3max64	1789	11	200	0	0.1	0.33
phlag-lambda_0010-c_min3max64	1654	146	0	200	0.1	0.99
phlag-lambda_0010-c_min3max64	1474	426	2	98	0.05	0.33
phlag-lambda_0010-c_min3max64	1580	20	400	0	0.2	0.33
phlag-lambda_0010-c_min3max64	1699	1	0	300	0.15	0.33
phlag-lambda_0010-c_min3max64	1799	1	0	200	0.1	0.33
phlag-lambda_0010-c_min3max64	1500	0	1	499	0.25	0.66
phlag-lambda_0010-c_min3max64	1700	0	300	0	0.15	0.33
phlag-lambda_0010-c_min3max64	1600	0	0	400	0.2	0.66
phlag-lambda_0010-c_min3max64	1700	0	0	300	0.15	0.33
phlag-lambda_0010-c_min3max64	1799	1	0	200	0.1	0.99
phlag-lambda_0010-c_min3max64	1900	0	0	100	0.05	0.33
phlag-lambda_0010-c_min3max64	1498	2	0	500	0.25	0.33
phlag-lambda_0010-c_min3max64	1600	0	0	400	0.2	0.99
phlag-lambda_0010-c_min3max64	1334	66	0	600	0.3	0.33
phlag-lambda_0010-c_min3max64	1252	348	400	0	0.2	0.66
phlag-lambda_0010-c_min3max64	1798	2	0	200	0.1	0.33
phlag-lambda_0010-c_min3max64	1899	1	0	100	0.05	0.66
phlag-lambda_0010-c_min3max64	1799	1	0	200	0.1	0.66
phlag-lambda_0010-c_min3max64	1400	0	0	600	0.3	0.66
phlag-lambda_0010-c_min3max64	1799	1	0	200	0.1	0.66
phlag-lambda_0010-c_min3max64	1400	0	0	600	0.3	0.33
phlag-lambda_0010-c_min3max64	0	1900	0	100	0.05	0.33
phlag-lambda_0010-c_min3max64	1649	251	0	100	0.05	0.66
phlag-lambda_0010-c_min3max64	1400	0	0	600	0.3	0.66
phlag-lambda_0010-c_min3max64	1500	0	0	500	0.25	0.99
phlag-lambda_0010-c_min3max64	1600	0	0	400	0.2	0.66
phlag-lambda_0010-c_min3max64	1799	1	0	200	0.1	0.33
phlag-lambda_0010-c_min3max64	1221	679	0	100	0.05	0.66
phlag-lambda_0010-c_min3max64	1059	541	0	400	0.2	0.99
phlag-lambda_0010-c_min3max64	1898	2	0	100	0.05	0.33
phlag-lambda_0010-c_min3max64	1400	0	600	0	0.3	0.33
phlag-lambda_0010-c_min3max64	1800	0	0	200	0.1	0.33
phlag-lambda_0010-c_min3max64	1900	0	100	0	0.05	0.66
phlag-lambda_0010-c_min3max64	1600	0	1	399	0.2	0.66
phlag-lambda_0010-c_min3max64	1600	0	0	400	0.2	0.99
phlag-lambda_0010-c_min3max64	1900	0	100	0	0.05	0.33
phlag-lambda_0010-c_min3max64	1400	0	600	0	0.3	0.66
phlag-lambda_0010-c_min3max64	1500	0	0	500	0.25	0.99
phlag-lambda_0010-c_min3max64	1800	0	0	200	0.1	0.66
phlag-lambda_0010-c_min3max64	1898	2	0	100	0.05	0.99
phlag-lambda_0010-c_min3max64	1400	0	0	600	0.3	0.66
phlag-lambda_0010-c_min3max64	1600	0	0	400	0.2	0.99
phlag-lambda_0010-c_min3max64	1800	0	200	0	0.1	0.66
phlag-lambda_0010-c_min3max64	1800	0	0	200	0.1	0.99
phlag-lambda_0010-c_min3max64	1600	0	0	400	0.2	0.99
phlag-lambda_0010-c_min3max64	1384	416	200	0	0.1	0.33
phlag-lambda_0010-c_min3max64	1400	0	600	0	0.3	0.66
phlag-lambda_0010-c_min3max64	1400	0	0	600	0.3	0.99
phlag-lambda_0010-c_min3max64	1900	0	0	100	0.05	0.66
phlag-lambda_0010-c_min3max64	1500	0	0	500	0.25	0.99
phlag-lambda_0010-c_min3max64	1900	0	100	0	0.05	0.99
phlag-lambda_0010-c_min3max64	1900	0	0	100	0.05	0.99
phlag-lambda_0010-c_min3max64	1500	0	0	500	0.25	0.99
phlag-lambda_0010-c_min3max64	1600	0	0	400	0.2	0.99
phlag-lambda_0010-c_min3max64	1487	313	200	0	0.1	0.99
phlag-lambda_0010-c_min3max64	1398	2	0	600	0.3	0.66
phlag-lambda_0010-c_min3max64	1400	0	0	600	0.3	0.99
phlag-lambda_0010-c_min3max64	1892	8	0	100	0.05	0.66
phlag-lambda_0010-c_min3max64	1498	2	1	499	0.25	0.33
phlag-lambda_0010-c_min3max64	1500	0	8	492	0.25	0.66
phlag-lambda_0010-c_min3max64	1400	0	2	598	0.3	0.99
phlag-lambda_0010-c_min3max64	1700	0	0	300	0.15	0.99
phlag-lambda_0010-c_min3max64	1400	0	0	600	0.3	0.33
phlag-lambda_0010-c_min3max64	1700	0	0	300	0.15	0.66
phlag-lambda_0010-c_min3max64	0	1600	400	0	0.2	0.33
phlag-lambda_0010-c_min3max64	1700	0	0	300	0.15	0.33
phlag-lambda_0010-c_min3max64	1400	0	0	600	0.3	0.33
phlag-lambda_0010-c_min3max64	1700	0	0	300	0.15	0.99
phlag-lambda_0010-c_min3max64	1600	0	400	0	0.2	0.33
phlag-lambda_0010-c_min3max64	1033	667	300	0	0.15	0.66
phlag-lambda_0010-c_min3max64	1800	0	200	0	0.1	0.99
phlag-lambda_0010-c_min3max64	1800	0	0	200	0.1	0.99
phlag-lambda_0010-c_min3max64	1400	0	600	0	0.3	0.99
phlag-lambda_0010-c_min3max64	1400	0	0	600	0.3	0.66
phlag-lambda_0010-c_min3max64	1800	0	1	199	0.1	0.66
phlag-lambda_0010-c_min3max64	1071	429	0	500	0.25	0.66
phlag-lambda_0010-c_min3max64	1700	0	0	300	0.15	0.33
phlag-lambda_0010-c_min3max64	1600	0	0	400	0.2	0.99
phlag-lambda_0010-c_min3max64	1900	0	0	100	0.05	0.99
phlag-lambda_0010-c_min3max64	1114	386	0	500	0.25	0.33
phlag-lambda_0010-c_min3max64	1893	7	100	0	0.05	0.99
phlag-lambda_0010-c_min3max64	1500	0	0	500	0.25	0.33
phlag-lambda_0010-c_min3max64	1600	0	0	400	0.2	0.99
phlag-lambda_0010-c_min3max64	1800	0	0	200	0.1	0.99
phlag-lambda_0010-c_min3max64	1600	0	0	400	0.2	0.33
phlag-lambda_0010-c_min3max64	1700	0	0	300	0.15	0.33
phlag-lambda_0010-c_min3max64	1800	0	0	200	0.1	0.66
phlag-lambda_0010-c_min3max64	1468	32	500	0	0.25	0.66
phlag-lambda_0010-c_min3max64	1400	0	0	600	0.3	0.99
phlag-lambda_0010-c_min3max64	1103	297	600	0	0.3	0.66
phlag-lambda_0010-c_min3max64	1697	3	0	300	0.15	0.99
phlag-lambda_0010-c_min3max64	1500	0	0	500	0.25	0.33
phlag-lambda_0010-c_min3max64	988	412	0	600	0.3	0.99
phlag-lambda_0010-c_min3max64	1699	1	0	300	0.15	0.99
phlag-lambda_0010-c_min3max64	4	1796	200	0	0.1	0.33
phlag-lambda_0010-c_min3max64	1500	0	1	499	0.25	0.66
phlag-lambda_0010-c_min3max64	1406	294	300	0	0.15	0.33
phlag-lambda_0010-c_min3max64	1600	0	0	400	0.2	0.66
phlag-lambda_0010-c_min3max64	1345	55	0	600	0.3	0.99
phlag-lambda_0010-c_min3max64	1700	0	1	299	0.15	0.33
phlag-lambda_0010-c_min3max64	1598	2	0	400	0.2	0.33
phlag-lambda_0010-c_min3max64	1900	0	0	100	0.05	0.33
phlag-lambda_0010-c_min3max64	1800	0	0	200	0.1	0.99
phlag-lambda_0010-c_min3max64	1600	0	0	400	0.2	0.66
phlag-lambda_0010-c_min3max64	1700	0	300	0	0.15	0.33
phlag-lambda_0010-c_min3max64	1449	51	500	0	0.25	0.66
phlag-lambda_0010-c_min3max64	1800	0	0	200	0.1	0.33
phlag-lambda_0010-c_min3max64	1900	0	13	87	0.05	0.33
phlag-lambda_0010-c_min3max64	1800	0	175	25	0.1	0.99
phlag-lambda_0010-c_min3max64	1700	0	300	0	0.15	0.33
phlag-lambda_0010-c_min3max64	1324	176	0	500	0.25	0.33
phlag-lambda_0010-c_min3max64	1348	52	600	0	0.3	0.33
phlag-lambda_0010-c_min3max64	1699	1	0	300	0.15	0.66
phlag-lambda_0010-c_min3max64	1799	1	0	200	0.1	0.99
phlag-lambda_0010-c_min3max64	1600	0	0	400	0.2	0.33
phlag-lambda_0010-c_min3max64	1700	0	1	299	0.15	0.99
phlag-lambda_0010-c_min3max64	1400	0	0	600	0.3	0.99
phlag-lambda_0010-c_min3max64	1700	0	300	0	0.15	0.33
phlag-lambda_0010-c_min3max64	1499	1	0	500	0.25	0.33
phlag-lambda_0010-c_min3max64	1600	0	0	400	0.2	0.33
phlag-lambda_0010-c_min3max64	1700	0	0	300	0.15	0.66
phlag-lambda_0010-c_min3max64	1397	3	0	600	0.3	0.33
phlag-lambda_0010-c_min3max64	1400	0	0	600	0.3	0.99
phlag-lambda_0010-c_min3max64	1700	0	0	300	0.15	0.99
phlag-lambda_0010-c_min3max64	1500	0	500	0	0.25	0.66
phlag-lambda_0010-c_min3max64	1400	0	600	0	0.3	0.66
phlag-lambda_0010-c_min3max64	1500	0	0	500	0.25	0.99
phlag-lambda_0010-c_min3max64	1800	0	0	200	0.1	0.33
phlag-lambda_0010-c_min3max64	1900	0	0	100	0.05	0.66
phlag-lambda_0010-c_min3max64	1600	0	0	400	0.2	0.66
phlag-lambda_0010-c_min3max64	1400	0	0	600	0.3	0.33
phlag-lambda_0010-c_min3max64	1600	0	0	400	0.2	0.99
phlag-lambda_0010-c_min3max64	1881	19	0	100	0.05	0.33
phlag-lambda_0010-c_min3max64	1600	0	400	0	0.2	0.66
phlag-lambda_0010-c_min3max64	1800	0	0	200	0.1	0.33
phlag-lambda_0010-c_min3max64	1900	0	0	100	0.05	0.66
phlag-lambda_0010-c_min3max64	1600	0	0	400	0.2	0.99
phlag-lambda_0010-c_min3max64	1900	0	0	100	0.05	0.33
phlag-lambda_0010-c_min3max64	1500	0	0	500	0.25	0.99
phlag-lambda_0010-c_min3max64	1400	0	600	0	0.3	0.33
phlag-lambda_0010-c_min3max64	1600	0	0	400	0.2	0.99
phlag-lambda_0010-c_min3max64	1900	0	100	0	0.05	0.66
phlag-lambda_0010-c_min3max64	1800	0	200	0	0.1	0.33
phlag-lambda_0010-c_min3max64	1600	0	400	0	0.2	0.66
phlag-lambda_0010-c_min3max64	1800	0	0	200	0.1	0.66
phlag-lambda_0010-c_min3max64	1400	0	0	600	0.3	0.66
phlag-lambda_0010-c_min3max64	1800	0	0	200	0.1	0.66
phlag-lambda_0010-c_min3max64	1900	0	100	0	0.05	0.33
phlag-lambda_0010-c_min3max64	1400	0	1	599	0.3	0.33
phlag-lambda_0010-c_min3max64	1900	0	100	0	0.05	0.66
phlag-lambda_0010-c_min3max64	1400	0	0	600	0.3	0.99
phlag-lambda_0010-c_min3max64	1900	0	0	100	0.05	0.66
phlag-lambda_0010-c_min3max64	1599	1	4	396	0.2	0.33
phlag-lambda_0010-c_min3max64	1500	0	2	498	0.25	0.66
phlag-lambda_0010-c_min3max64	1496	4	0	500	0.25	0.66
phlag-lambda_0010-c_min3max64	1900	0	0	100	0.05	0.33
phlag-lambda_0010-c_min3max64	1500	0	0	500	0.25	0.99
phlag-lambda_0010-c_min3max64	1600	0	0	400	0.2	0.33
phlag-lambda_0010-c_min3max64	1900	0	100	0	0.05	0.99
phlag-lambda_0010-c_min3max64	1500	0	0	500	0.25	0.99
phlag-lambda_0010-c_min3max64	1900	0	0	100	0.05	0.33
phlag-lambda_0010-c_min3max64	1600	0	0	400	0.2	0.99
phlag-lambda_0010-c_min3max64	1600	0	0	400	0.2	0.66
phlag-lambda_0010-c_min3max64	1263	437	0	300	0.15	0.33
phlag-lambda_0010-c_min3max64	1900	0	0	100	0.05	0.66
phlag-lambda_0010-c_min3max64	1400	0	0	600	0.3	0.99
phlag-lambda_0010-c_min3max64	1400	0	600	0	0.3	0.66
phlag-lambda_0010-c_min3max64	1228	672	100	0	0.05	0.33
phlag-lambda_0010-c_min3max64	1600	0	0	400	0.2	0.99
phlag-lambda_0010-c_min3max64	1900	0	100	0	0.05	0.66
phlag-lambda_0010-c_min3max64	1400	0	0	600	0.3	0.99
phlag-lambda_0010-c_min3max64	1400	0	0	600	0.3	0.66
phlag-lambda_0010-c_min3max64	1500	0	0	500	0.25	0.66
phlag-lambda_0010-c_min3max64	1600	0	0	400	0.2	0.66
phlag-lambda_0010-c_min3max64	1500	0	500	0	0.25	0.99
phlag-lambda_0010-c_min3max64	1897	3	0	100	0.05	0.33
phlag-lambda_0010-c_min3max64	1900	0	0	100	0.05	0.99
phlag-lambda_0010-c_min3max64	1465	135	400	0	0.2	0.33
phlag-lambda_0010-c_min3max64	757	743	500	0	0.25	0.33
phlag-lambda_0010-c_min3max64	1400	0	600	0	0.3	0.33
phlag-lambda_0010-c_min3max64	1700	0	0	300	0.15	0.66
phlag-lambda_0010-c_min3max64	1700	0	0	300	0.15	0.99
phlag-lambda_0010-c_min3max64	1599	1	0	400	0.2	0.66
phlag-lambda_0010-c_min3max64	1697	3	0	300	0.15	0.99
phlag-lambda_0010-c_min3max64	1790	10	178	22	0.1	0.33
phlag-lambda_0010-c_min3max64	1400	0	0	600	0.3	0.33
phlag-lambda_0010-c_min3max64	1698	2	0	300	0.15	0.66
phlag-lambda_0010-c_min3max64	1600	0	0	400	0.2	0.99
phlag-lambda_0010-c_min3max64	1500	0	0	500	0.25	0.99
phlag-lambda_0010-c_min3max64	1424	176	400	0	0.2	0.99
phlag-lambda_0010-c_min3max64	1642	58	0	300	0.15	0.66
phlag-lambda_0010-c_min3max64	1800	0	0	200	0.1	0.33
phlag-lambda_0010-c_min3max64	1900	0	0	100	0.05	0.66
phlag-lambda_0010-c_min3max64	1381	19	600	0	0.3	0.33
phlag-lambda_0010-c_min3max64	1600	0	0	400	0.2	0.99
phlag-lambda_0010-c_min3max64	1800	0	200	0	0.1	0.33
phlag-lambda_0010-c_min3max64	1444	456	0	100	0.05	0.66
phlag-lambda_0010-c_min3max64	1500	0	0	500	0.25	0.99
phlag-lambda_0010-c_min3max64	703	897	400	0	0.2	0.66
phlag-lambda_0010-c_min3max64	1700	0	0	300	0.15	0.33
phlag-lambda_0010-c_min3max64	1499	1	0	500	0.25	0.66
phlag-lambda_0010-c_min3max64	1791	9	0	200	0.1	0.33
phlag-lambda_0010-c_min3max64	1800	0	200	0	0.1	0.99
phlag-lambda_0010-c_min3max64	1900	0	0	100	0.05	0.99
phlag-lambda_0010-c_min3max64	592	808	600	0	0.3	0.33
phlag-lambda_0010-c_min3max64	1500	0	0	500	0.25	0.33
phlag-lambda_0010-c_min3max64	1500	0	0	500	0.25	0.99
phlag-lambda_0010-c_min3max64	1500	0	0	500	0.25	0.99
phlag-lambda_0010-c_min3max64	3	1497	500	0	0.25	0.33
phlag-lambda_0010-c_min3max64	1800	0	200	0	0.1	0.33
phlag-lambda_0010-c_min3max64	1158	342	500	0	0.25	0.66
phlag-lambda_0010-c_min3max64	1700	0	0	300	0.15	0.33
phlag-lambda_0010-c_min3max64	1900	0	0	100	0.05	0.99
phlag-lambda_0010-c_min3max64	1700	0	0	300	0.15	0.66
phlag-lambda_0010-c_min3max64	1800	0	200	0	0.1	0.99
phlag-lambda_0010-c_min3max64	1500	0	0	500	0.25	0.99
phlag-lambda_0010-c_min3max64	1796	4	0	200	0.1	0.66
phlag-lambda_0010-c_min3max64	1600	0	400	0	0.2	0.33
phlag-lambda_0010-c_min3max64	1699	1	0	300	0.15	0.66
phlag-lambda_0010-c_min3max64	0	1400	600	0	0.3	0.33
phlag-lambda_0010-c_min3max64	1900	0	100	0	0.05	0.99
phlag-lambda_0010-c_min3max64	1700	0	0	300	0.15	0.99
phlag-lambda_0010-c_min3max64	1798	2	0	200	0.1	0.33
phlag-lambda_0010-c_min3max64	2	1398	600	0	0.3	0.33
phlag-lambda_0010-c_min3max64	1700	0	0	300	0.15	0.66
phlag-lambda_0010-c_min3max64	1600	0	0	400	0.2	0.33
phlag-lambda_0010-c_min3max64	1700	0	0	300	0.15	0.99
phlag-lambda_0010-c_min3max64	1800	0	0	200	0.1	0.66
phlag-lambda_0010-c_min3max64	1600	0	0	400	0.2	0.66
phlag-lambda_0010-c_min3max64	1700	0	0	300	0.15	0.33
phlag-lambda_0010-c_min3max64	1500	0	1	499	0.25	0.66
phlag-lambda_0010-c_min3max64	1700	0	0	300	0.15	0.99
phlag-lambda_0010-c_min3max64	1400	0	600	0	0.3	0.66
phlag-lambda_0010-c_min3max64	1400	0	0	600	0.3	0.99
phlag-lambda_0010-c_min3max64	1800	0	0	200	0.1	0.99
phlag-lambda_0010-c_min3max64	1900	0	100	0	0.05	0.33
phlag-lambda_0010-c_min3max64	1600	0	0	400	0.2	0.33
phlag-lambda_0010-c_min3max64	1517	283	0	200	0.1	0.33
phlag-lambda_0010-c_min3max64	1899	1	0	100	0.05	0.99
phlag-lambda_0010-c_min3max64	1500	0	0	500	0.25	0.33
phlag-lambda_0010-c_min3max64	1799	1	0	200	0.1	0.66
phlag-lambda_0010-c_min3max64	1899	1	0	100	0.05	0.99
phlag-lambda_0010-c_min3max64	1500	0	0	500	0.25	0.33
phlag-lambda_0010-c_min3max64	1399	1	1	599	0.3	0.66
phlag-lambda_0010-c_min3max64	1013	387	0	600	0.3	0.99
phlag-lambda_0010-c_min3max64	1500	0	0	500	0.25	0.66
phlag-lambda_0010-c_min3max64	1699	1	0	300	0.15	0.33
phlag-lambda_0010-c_min3max64	1600	0	400	0	0.2	0.66
phlag-lambda_0010-c_min3max64	1800	0	0	200	0.1	0.99
phlag-lambda_0010-c_min3max64	873	1027	100	0	0.05	0.33
phlag-lambda_0010-c_min3max64	1390	110	0	500	0.25	0.33
phlag-lambda_0010-c_min3max64	1800	0	1	199	0.1	0.66
phlag-lambda_0010-c_min3max64	1799	1	0	200	0.1	0.33
phlag-lambda_0010-c_min3max64	1599	1	0	400	0.2	0.33
phlag-lambda_0010-c_min3max64	1698	2	0	300	0.15	0.66
phlag-lambda_0010-c_min3max64	1800	0	0	200	0.1	0.99
phlag-lambda_0010-c_min3max64	1700	0	300	0	0.15	0.33
phlag-lambda_0010-c_min3max64	1700	0	0	300	0.15	0.99
phlag-lambda_0010-c_min3max64	1699	1	0	300	0.15	0.66
phlag-lambda_0010-c_min3max64	1599	1	0	400	0.2	0.33
phlag-lambda_0010-c_min3max64	1500	0	0	500	0.25	0.66
phlag-lambda_0010-c_min3max64	1575	125	300	0	0.15	0.99
phlag-lambda_0010-c_min3max64	1400	0	0	600	0.3	0.99
phlag-lambda_0010-c_min3max64	1500	0	1	499	0.25	0.33
phlag-lambda_0010-c_min3max64	1500	0	500	0	0.25	0.33
phlag-lambda_0010-c_min3max64	1800	0	101	99	0.1	0.33
phlag-lambda_0010-c_min3max64	1800	0	0	200	0.1	0.66
phlag-lambda_0050-c_min9max81	1600	0	0	400	0.2	0.99
phlag-lambda_0050-c_min9max81	1700	0	0	300	0.15	0.66
phlag-lambda_0050-c_min9max81	1600	0	400	0	0.2	0.33
phlag-lambda_0050-c_min9max81	1400	0	600	0	0.3	0.33
phlag-lambda_0050-c_min9max81	1700	0	0	300	0.15	0.99
phlag-lambda_0050-c_min9max81	933	667	398	2	0.2	0.33
phlag-lambda_0050-c_min9max81	1700	0	0	300	0.15	0.66
phlag-lambda_0050-c_min9max81	1400	0	0	600	0.3	0.66
phlag-lambda_0050-c_min9max81	1700	0	300	0	0.15	0.99
phlag-lambda_0050-c_min9max81	1800	0	0	200	0.1	0.66
phlag-lambda_0050-c_min9max81	1900	0	0	100	0.05	0.99
phlag-lambda_0050-c_min9max81	1695	5	0	300	0.15	0.33
phlag-lambda_0050-c_min9max81	1400	0	549	51	0.3	0.33
phlag-lambda_0050-c_min9max81	1400	0	0	600	0.3	0.99
phlag-lambda_0050-c_min9max81	1224	176	600	0	0.3	0.66
phlag-lambda_0050-c_min9max81	1491	9	0	500	0.25	0.66
phlag-lambda_0050-c_min9max81	1800	0	200	0	0.1	0.99
phlag-lambda_0050-c_min9max81	1500	0	490	10	0.25	0.33
phlag-lambda_0050-c_min9max81	1888	12	100	0	0.05	0.99
phlag-lambda_0050-c_min9max81	1600	0	0	400	0.2	0.99
phlag-lambda_0050-c_min9max81	1500	0	500	0	0.25	0.33
phlag-lambda_0050-c_min9max81	1899	1	0	100	0.05	0.99
phlag-lambda_0050-c_min9max81	1786	14	200	0	0.1	0.66
phlag-lambda_0050-c_min9max81	1500	0	500	0	0.25	0.66
phlag-lambda_0050-c_min9max81	1400	0	0	600	0.3	0.99
phlag-lambda_0050-c_min9max81	1400	0	600	0	0.3	0.66
phlag-lambda_0050-c_min9max81	1600	0	400	0	0.2	0.66
phlag-lambda_0050-c_min9max81	1700	0	300	0	0.15	0.33
phlag-lambda_0050-c_min9max81	1700	0	300	0	0.15	0.66
phlag-lambda_0050-c_min9max81	1800	0	200	0	0.1	0.99
phlag-lambda_0050-c_min9max81	1500	0	0	500	0.25	0.99
phlag-lambda_0050-c_min9max81	1800	0	0	200	0.1	0.66
phlag-lambda_0050-c_min9max81	1800	0	200	0	0.1	0.99
phlag-lambda_0050-c_min9max81	1400	0	0	600	0.3	0.99
phlag-lambda_0050-c_min9max81	1900	0	100	0	0.05	0.66
phlag-lambda_0050-c_min9max81	1287	513	34	166	0.1	0.66
phlag-lambda_0050-c_min9max81	1900	0	100	0	0.05	0.66
phlag-lambda_0050-c_min9max81	1400	0	600	0	0.3	0.66
phlag-lambda_0050-c_min9max81	1400	0	600	0	0.3	0.99
phlag-lambda_0050-c_min9max81	1600	0	0	400	0.2	0.99
phlag-lambda_0050-c_min9max81	1800	0	0	200	0.1	0.99
phlag-lambda_0050-c_min9max81	1900	0	100	0	0.05	0.99
phlag-lambda_0050-c_min9max81	1500	0	308	192	0.25	0.99
phlag-lambda_0050-c_min9max81	1800	0	200	0	0.1	0.66
phlag-lambda_0050-c_min9max81	1500	0	0	500	0.25	0.99
phlag-lambda_0050-c_min9max81	1900	0	0	100	0.05	0.99
phlag-lambda_0050-c_min9max81	1451	449	0	100	0.05	0.66
phlag-lambda_0050-c_min9max81	1400	0	118	482	0.3	0.66
phlag-lambda_0050-c_min9max81	1400	0	600	0	0.3	0.99
phlag-lambda_0050-c_min9max81	1799	1	0	200	0.1	0.99
phlag-lambda_0050-c_min9max81	1600	0	400	0	0.2	0.99
phlag-lambda_0050-c_min9max81	1500	0	489	11	0.25	0.99
phlag-lambda_0050-c_min9max81	1800	0	200	0	0.1	0.66
phlag-lambda_0050-c_min9max81	1400	0	600	0	0.3	0.66
phlag-lambda_0050-c_min9max81	1900	0	100	0	0.05	0.33
phlag-lambda_0050-c_min9max81	1600	0	400	0	0.2	0.99
phlag-lambda_0050-c_min9max81	1600	0	0	400	0.2	0.66
phlag-lambda_0050-c_min9max81	1368	532	0	100	0.05	0.66
phlag-lambda_0050-c_min9max81	1800	0	200	0	0.1	0.33
phlag-lambda_0050-c_min9max81	1900	0	100	0	0.05	0.66
phlag-lambda_0050-c_min9max81	1900	0	0	100	0.05	0.33
phlag-lambda_0050-c_min9max81	1600	0	0	400	0.2	0.99
phlag-lambda_0050-c_min9max81	1900	0	47	53	0.05	0.66
phlag-lambda_0050-c_min9max81	1800	0	200	0	0.1	0.33
phlag-lambda_0050-c_min9max81	1600	0	400	0	0.2	0.66
phlag-lambda_0050-c_min9max81	1499	1	0	500	0.25	0.99
phlag-lambda_0050-c_min9max81	1400	0	0	600	0.3	0.66
phlag-lambda_0050-c_min9max81	1900	0	100	0	0.05	0.66
phlag-lambda_0050-c_min9max81	1900	0	100	0	0.05	0.66
phlag-lambda_0050-c_min9max81	1400	0	600	0	0.3	0.33
phlag-lambda_0050-c_min9max81	1315	485	200	0	0.1	0.66
phlag-lambda_0050-c_min9max81	1800	0	0	200	0.1	0.66
phlag-lambda_0050-c_min9max81	1500	0	500	0	0.25	0.99
phlag-lambda_0050-c_min9max81	1400	0	600	0	0.3	0.33
phlag-lambda_0050-c_min9max81	1500	0	500	0	0.25	0.33
phlag-lambda_0050-c_min9max81	1700	0	300	0	0.15	0.66
phlag-lambda_0050-c_min9max81	1900	0	69	31	0.05	0.33
phlag-lambda_0050-c_min9max81	1800	0	200	0	0.1	0.99
phlag-lambda_0050-c_min9max81	1683	17	300	0	0.15	0.33
phlag-lambda_0050-c_min9max81	1600	0	3	397	0.2	0.66
phlag-lambda_0050-c_min9max81	1800	0	200	0	0.1	0.33
phlag-lambda_0050-c_min9max81	1500	0	0	500	0.25	0.66
phlag-lambda_0050-c_min9max81	1400	0	30	570	0.3	0.33
phlag-lambda_0050-c_min9max81	1700	0	296	4	0.15	0.33
phlag-lambda_0050-c_min9max81	1900	0	100	0	0.05	0.33
phlag-lambda_0050-c_min9max81	1492	308	200	0	0.1	0.99
phlag-lambda_0050-c_min9max81	1500	0	0	500	0.25	0.66
phlag-lambda_0050-c_min9max81	1400	0	600	0	0.3	0.66
phlag-lambda_0050-c_min9max81	1800	0	0	200	0.1	0.33
phlag-lambda_0050-c_min9max81	1600	0	0	400	0.2	0.66
phlag-lambda_0050-c_min9max81	1700	0	300	0	0.15	0.33
phlag-lambda_0050-c_min9max81	1500	0	500	0	0.25	0.33
phlag-lambda_0050-c_min9max81	1900	0	100	0	0.05	0.99
phlag-lambda_0050-c_min9max81	1400	0	0	600	0.3	0.99
phlag-lambda_0050-c_min9max81	1700	0	0	300	0.15	0.99
phlag-lambda_0050-c_min9max81	1896	4	0	100	0.05	0.33
phlag-lambda_0050-c_min9max81	1700	0	300	0	0.15	0.66
phlag-lambda_0050-c_min9max81	1600	0	400	0	0.2	0.33
phlag-lambda_0050-c_min9max81	1399	1	0	600	0.3	0.33
phlag-lambda_0050-c_min9max81	1700	0	300	0	0.15	0.99
phlag-lambda_0050-c_min9max81	1800	0	1	199	0.1	0.33
phlag-lambda_0050-c_min9max81	1400	0	0	600	0.3	0.99
phlag-lambda_0050-c_min9max81	1599	1	0	400	0.2	0.66
phlag-lambda_0050-c_min9max81	1700	0	300	0	0.15	0.33
phlag-lambda_0050-c_min9max81	1400	0	571	29	0.3	0.33
phlag-lambda_0050-c_min9max81	1600	0	400	0	0.2	0.33
phlag-lambda_0050-c_min9max81	1697	3	0	300	0.15	0.66
phlag-lambda_0050-c_min9max81	1700	0	300	0	0.15	0.66
phlag-lambda_0050-c_min9max81	1400	0	1	599	0.3	0.33
phlag-lambda_0050-c_min9max81	1500	0	500	0	0.25	0.99
phlag-lambda_0050-c_min9max81	1700	0	0	300	0.15	0.99
phlag-lambda_0050-c_min9max81	1600	0	400	0	0.2	0.66
phlag-lambda_0050-c_min9max81	1800	0	200	0	0.1	0.66
phlag-lambda_0050-c_min9max81	1699	1	0	300	0.15	0.99
phlag-lambda_0050-c_min9max81	1600	0	400	0	0.2	0.66
phlag-lambda_0050-c_min9max81	1700	0	290	10	0.15	0.66
phlag-lambda_0050-c_min9max81	1399	1	0	600	0.3	0.33
phlag-lambda_0050-c_min9max81	1900	0	0	100	0.05	0.66
phlag-lambda_0050-c_min9max81	1700	0	300	0	0.15	0.99
phlag-lambda_0050-c_min9max81	1500	0	0	500	0.25	0.99
phlag-lambda_0050-c_min9max81	1894	6	0	100	0.05	0.66
phlag-lambda_0050-c_min9max81	1800	0	192	8	0.1	0.33
phlag-lambda_0050-c_min9max81	1600	0	400	0	0.2	0.99
phlag-lambda_0050-c_min9max81	1900	0	0	100	0.05	0.66
phlag-lambda_0050-c_min9max81	1800	0	0	200	0.1	0.33
phlag-lambda_0050-c_min9max81	1600	0	393	7	0.2	0.99
phlag-lambda_0050-c_min9max81	1500	0	500	0	0.25	0.99
phlag-lambda_0050-c_min9max81	1544	56	400	0	0.2	0.99
phlag-lambda_0050-c_min9max81	1600	0	400	0	0.2	0.66
phlag-lambda_0050-c_min9max81	1600	0	324	76	0.2	0.33
phlag-lambda_0050-c_min9max81	1900	0	100	0	0.05	0.99
phlag-lambda_0050-c_min9max81	1600	0	400	0	0.2	0.33
phlag-lambda_0050-c_min9max81	1500	0	500	0	0.25	0.66
phlag-lambda_0050-c_min9max81	1900	0	100	0	0.05	0.33
phlag-lambda_0050-c_min9max81	1400	0	600	0	0.3	0.66
phlag-lambda_0050-c_min9max81	1900	0	100	0	0.05	0.33
phlag-lambda_0050-c_min9max81	1500	0	0	500	0.25	0.99
phlag-lambda_0050-c_min9max81	1900	0	0	100	0.05	0.99
phlag-lambda_0050-c_min9max81	1400	0	0	600	0.3	0.99
phlag-lambda_0050-c_min9max81	1399	1	0	600	0.3	0.66
phlag-lambda_0050-c_min9max81	1900	0	100	0	0.05	0.66
phlag-lambda_0050-c_min9max81	1600	0	400	0	0.2	0.66
phlag-lambda_0050-c_min9max81	1600	0	400	0	0.2	0.99
phlag-lambda_0050-c_min9max81	1900	0	100	0	0.05	0.33
phlag-lambda_0050-c_min9max81	1584	16	0	400	0.2	0.66
phlag-lambda_0050-c_min9max81	1340	60	600	0	0.3	0.99
phlag-lambda_0050-c_min9max81	1302	98	0	600	0.3	0.66
phlag-lambda_0050-c_min9max81	1885	15	100	0	0.05	0.66
phlag-lambda_0050-c_min9max81	1600	0	0	400	0.2	0.99
phlag-lambda_0050-c_min9max81	1900	0	24	76	0.05	0.33
phlag-lambda_0050-c_min9max81	1437	463	100	0	0.05	0.99
phlag-lambda_0050-c_min9max81	1900	0	100	0	0.05	0.33
phlag-lambda_0050-c_min9max81	1500	0	500	0	0.25	0.99
phlag-lambda_0050-c_min9max81	1500	0	0	500	0.25	0.66
phlag-lambda_0050-c_min9max81	1700	0	0	300	0.15	0.66
phlag-lambda_0050-c_min9max81	1800	0	200	0	0.1	0.99
phlag-lambda_0050-c_min9max81	1372	528	100	0	0.05	0.33
phlag-lambda_0050-c_min9max81	1500	0	500	0	0.25	0.66
phlag-lambda_0050-c_min9max81	1119	281	0	600	0.3	0.66
phlag-lambda_0050-c_min9max81	1394	6	600	0	0.3	0.99
phlag-lambda_0050-c_min9max81	1600	0	400	0	0.2	0.66
phlag-lambda_0050-c_min9max81	1700	0	300	0	0.15	0.33
phlag-lambda_0050-c_min9max81	1500	0	500	0	0.25	0.33
phlag-lambda_0050-c_min9max81	1900	0	100	0	0.05	0.99
phlag-lambda_0050-c_min9max81	1500	0	500	0	0.25	0.33
phlag-lambda_0050-c_min9max81	1900	0	10	90	0.05	0.99
phlag-lambda_0050-c_min9max81	1500	0	500	0	0.25	0.33
phlag-lambda_0050-c_min9max81	1800	0	200	0	0.1	0.99
phlag-lambda_0050-c_min9max81	1900	0	100	0	0.05	0.33
phlag-lambda_0050-c_min9max81	1700	0	300	0	0.15	0.33
phlag-lambda_0050-c_min9max81	1486	114	400	0	0.2	0.66
phlag-lambda_0050-c_min9max81	1400	0	0	600	0.3	0.66
phlag-lambda_0050-c_min9max81	1400	0	600	0	0.3	0.99
phlag-lambda_0050-c_min9max81	1500	0	500	0	0.25	0.66
phlag-lambda_0050-c_min9max81	1800	0	200	0	0.1	0.33
phlag-lambda_0050-c_min9max81	1800	0	0	200	0.1	0.66
phlag-lambda_0050-c_min9max81	1500	0	500	0	0.25	0.33
phlag-lambda_0050-c_min9max81	1900	0	100	0	0.05	0.99
phlag-lambda_0050-c_min9max81	1700	0	300	0	0.15	0.99
phlag-lambda_0050-c_min9max81	1400	0	600	0	0.3	0.66
phlag-lambda_0050-c_min9max81	1600	0	400	0	0.2	0.33
phlag-lambda_0050-c_min9max81	1900	0	100	0	0.05	0.33
phlag-lambda_0050-c_min9max81	1700	0	300	0	0.15	0.66
phlag-lambda_0050-c_min9max81	1600	0	400	0	0.2	0.66
phlag-lambda_0050-c_min9max81	1700	0	300	0	0.15	0.99
phlag-lambda_0050-c_min9max81	1700	0	300	0	0.15	0.66
phlag-lambda_0050-c_min9max81	1600	0	400	0	0.2	0.33
phlag-lambda_0050-c_min9max81	1800	0	0	200	0.1	0.66
phlag-lambda_0050-c_min9max81	1641	159	200	0	0.1	0.33
phlag-lambda_0050-c_min9max81	1500	0	500	0	0.25	0.33
phlag-lambda_0050-c_min9max81	1900	0	100	0	0.05	0.99
phlag-lambda_0050-c_min9max81	1800	0	0	200	0.1	0.99
phlag-lambda_0050-c_min9max81	1493	7	500	0	0.25	0.66
phlag-lambda_0050-c_min9max81	1800	0	200	0	0.1	0.33
phlag-lambda_0050-c_min9max81	1700	0	300	0	0.15	0.33
phlag-lambda_0050-c_min9max81	1500	0	0	500	0.25	0.99
phlag-lambda_0050-c_min9max81	1500	0	500	0	0.25	0.33
phlag-lambda_0050-c_min9max81	1800	0	1	199	0.1	0.66
phlag-lambda_0050-c_min9max81	1500	0	500	0	0.25	0.33
phlag-lambda_0050-c_min9max81	1500	0	0	500	0.25	0.99
phlag-lambda_0050-c_min9max81	1599	1	0	400	0.2	0.33
phlag-lambda_0050-c_min9max81	1786	14	200	0	0.1	0.99
phlag-lambda_0050-c_min9max81	1843	57	100	0	0.05	0.99
phlag-lambda_0050-c_min9max81	1700	0	300	0	0.15	0.33
phlag-lambda_0050-c_min9max81	1900	0	100	0	0.05	0.66
phlag-lambda_0050-c_min9max81	1700	0	0	300	0.15	0.99
phlag-lambda_0050-c_min9max81	1800	0	200	0	0.1	0.33
phlag-lambda_0050-c_min9max81	1500	0	500	0	0.25	0.66
phlag-lambda_0050-c_min9max81	1800	0	191	9	0.1	0.66
phlag-lambda_0050-c_min9max81	1500	0	0	500	0.25	0.33
phlag-lambda_0050-c_min9max81	1699	1	0	300	0.15	0.99
phlag-lambda_0050-c_min9max81	1500	0	223	277	0.25	0.66
phlag-lambda_0050-c_min9max81	1400	0	8	592	0.3	0.33
phlag-lambda_0050-c_min9max81	1600	0	400	0	0.2	0.33
phlag-lambda_0050-c_min9max81	1700	0	0	300	0.15	0.66
phlag-lambda_0050-c_min9max81	1700	0	300	0	0.15	0.33
phlag-lambda_0050-c_min9max81	1700	0	300	0	0.15	0.99
phlag-lambda_0050-c_min9max81	1700	0	300	0	0.15	0.66
phlag-lambda_0050-c_min9max81	1797	3	200	0	0.1	0.99
phlag-lambda_0050-c_min9max81	1600	0	0	400	0.2	0.33
phlag-lambda_0050-c_min9max81	1400	0	600	0	0.3	0.33
phlag-lambda_0050-c_min9max81	1789	11	200	0	0.1	0.66
phlag-lambda_0050-c_min9max81	1699	1	0	300	0.15	0.99
phlag-lambda_0050-c_min9max81	1500	0	500	0	0.25	0.99
phlag-lambda_0050-c_min9max81	1900	0	100	0	0.05	0.66
phlag-lambda_0050-c_min9max81	1800	0	200	0	0.1	0.33
phlag-lambda_0050-c_min9max81	1600	0	400	0	0.2	0.99
phlag-lambda_0050-c_min9max81	1900	0	100	0	0.05	0.66
phlag-lambda_0050-c_min9max81	1129	671	0	200	0.1	0.33
phlag-lambda_0050-c_min9max81	1600	0	400	0	0.2	0.99
phlag-lambda_0050-c_min9max81	1500	0	500	0	0.25	0.99
phlag-lambda_0050-c_min9max81	1695	5	300	0	0.15	0.66
phlag-lambda_0050-c_min9max81	1400	0	0	600	0.3	0.33
phlag-lambda_0050-c_min9max81	1500	0	500	0	0.25	0.99
phlag-lambda_0050-c_min9max81	1700	0	300	0	0.15	0.99
phlag-lambda_0050-c_min9max81	1530	70	29	371	0.2	0.66
phlag-lambda_0050-c_min9max81	1600	0	3	397	0.2	0.66
phlag-lambda_0050-c_min9max81	1698	2	0	300	0.15	0.66
phlag-lambda_0050-c_min9max81	1400	0	600	0	0.3	0.33
phlag-lambda_0050-c_min9max81	1898	2	0	100	0.05	0.66
phlag-lambda_0050-c_min9max81	1898	2	0	100	0.05	0.99
phlag-lambda_0050-c_min9max81	1866	34	100	0	0.05	0.33
phlag-lambda_0050-c_min9max81	1500	0	0	500	0.25	0.99
phlag-lambda_0050-c_min9max81	1600	0	0	400	0.2	0.66
phlag-lambda_0050-c_min9max81	1399	1	6	594	0.3	0.66
phlag-lambda_0050-c_min9max81	1400	0	0	600	0.3	0.99
phlag-lambda_0050-c_min9max81	1900	0	100	0	0.05	0.66
phlag-lambda_0050-c_min9max81	1600	0	0	400	0.2	0.99
phlag-lambda_0050-c_min9max81	1900	0	0	100	0.05	0.33
phlag-lambda_0050-c_min9max81	1400	0	600	0	0.3	0.66
phlag-lambda_0050-c_min9max81	1400	0	600	0	0.3	0.99
phlag-lambda_0050-c_min9max81	1890	10	100	0	0.05	0.66
phlag-lambda_0050-c_min9max81	1600	0	400	0	0.2	0.66
phlag-lambda_0050-c_min9max81	1600	0	400	0	0.2	0.99
phlag-lambda_0050-c_min9max81	1900	0	100	0	0.05	0.33
phlag-lambda_0050-c_min9max81	1500	0	500	0	0.25	0.66
phlag-lambda_0050-c_min9max81	1900	0	100	0	0.05	0.33
phlag-lambda_0050-c_min9max81	1500	0	500	0	0.25	0.99
phlag-lambda_0050-c_min9max81	1900	0	0	100	0.05	0.99
phlag-lambda_0050-c_min9max81	1600	0	52	348	0.2	0.99
phlag-lambda_0050-c_min9max81	1700	0	300	0	0.15	0.66
phlag-lambda_0050-c_min9max81	1600	0	400	0	0.2	0.66
phlag-lambda_0050-c_min9max81	1600	0	400	0	0.2	0.33
phlag-lambda_0050-c_min9max81	1500	0	0	500	0.25	0.66
phlag-lambda_0050-c_min9max81	1455	45	500	0	0.25	0.66
phlag-lambda_0050-c_min9max81	1600	0	400	0	0.2	0.33
phlag-lambda_0050-c_min9max81	1900	0	100	0	0.05	0.99
phlag-lambda_0050-c_min9max81	1900	0	100	0	0.05	0.33
phlag-lambda_0050-c_min9max81	1400	0	0	600	0.3	0.66
phlag-lambda_0050-c_min9max81	1800	0	0	200	0.1	0.66
phlag-lambda_0050-c_min9max81	1800	0	200	0	0.1	0.33
phlag-lambda_0050-c_min9max81	1900	0	0	100	0.05	0.99
phlag-lambda_0050-c_min9max81	1400	0	600	0	0.3	0.66
phlag-lambda_0050-c_min9max81	1700	0	0	300	0.15	0.99
phlag-lambda_0050-c_min9max81	1900	0	100	0	0.05	0.33
phlag-lambda_0050-c_min9max81	1700	0	300	0	0.15	0.66
phlag-lambda_0050-c_min9max81	1600	0	0	400	0.2	0.33
phlag-lambda_0050-c_min9max81	1700	0	300	0	0.15	0.99
phlag-lambda_0050-c_min9max81	1600	0	400	0	0.2	0.66
phlag-lambda_0050-c_min9max81	1600	0	400	0	0.2	0.33
phlag-lambda_0050-c_min9max81	1700	0	0	300	0.15	0.66
phlag-lambda_0050-c_min9max81	1800	0	0	200	0.1	0.33
phlag-lambda_0050-c_min9max81	1800	0	0	200	0.1	0.66
phlag-lambda_0050-c_min9max81	1500	0	0	500	0.25	0.33
phlag-lambda_0050-c_min9max81	1700	0	300	0	0.15	0.66
phlag-lambda_0050-c_min9max81	1728	172	100	0	0.05	0.33
phlag-lambda_0050-c_min9max81	1800	0	200	0	0.1	0.99
phlag-lambda_0050-c_min9max81	1700	0	300	0	0.15	0.33
phlag-lambda_0050-c_min9max81	1600	0	20	380	0.2	0.66
phlag-lambda_0050-c_min9max81	1400	0	600	0	0.3	0.99
phlag-lambda_0050-c_min9max81	1400	0	0	600	0.3	0.66
phlag-lambda_0050-c_min9max81	1500	0	500	0	0.25	0.66
phlag-lambda_0050-c_min9max81	1500	0	500	0	0.25	0.33
phlag-lambda_0050-c_min9max81	1900	0	0	100	0.05	0.99
phlag-lambda_0050-c_min9max81	1500	0	500	0	0.25	0.33
phlag-lambda_0050-c_min9max81	1500	0	500	0	0.25	0.33
phlag-lambda_0050-c_min9max81	1900	0	100	0	0.05	0.99
phlag-lambda_0050-c_min9max81	1900	0	100	0	0.05	0.33
phlag-lambda_0050-c_min9max81	1800	0	200	0	0.1	0.99
phlag-lambda_0050-c_min9max81	1500	0	0	500	0.25	0.66
phlag-lambda_0050-c_min9max81	900	500	0	600	0.3	0.99
phlag-lambda_0050-c_min9max81	1400	0	0	600	0.3	0.66
phlag-lambda_0050-c_min9max81	1152	448	400	0	0.2	0.66
phlag-lambda_0050-c_min9max81	1700	0	260	40	0.15	0.33
phlag-lambda_0050-c_min9max81	1800	0	0	200	0.1	0.66
phlag-lambda_0050-c_min9max81	1500	0	0	500	0.25	0.33
phlag-lambda_0050-c_min9max81	1500	0	0	500	0.25	0.66
phlag-lambda_0050-c_min9max81	1700	0	300	0	0.15	0.99
phlag-lambda_0050-c_min9max81	1698	2	0	300	0.15	0.66
phlag-lambda_0050-c_min9max81	1600	0	400	0	0.2	0.33
phlag-lambda_0050-c_min9max81	1400	0	600	0	0.3	0.33
phlag-lambda_0050-c_min9max81	1700	0	0	300	0.15	0.99
phlag-lambda_0050-c_min9max81	1700	0	300	0	0.15	0.33
phlag-lambda_0050-c_min9max81	1400	0	600	0	0.3	0.33
phlag-lambda_0050-c_min9max81	1600	0	400	0	0.2	0.33
phlag-lambda_0050-c_min9max81	1700	0	300	0	0.15	0.66
phlag-lambda_0050-c_min9max81	1784	16	200	0	0.1	0.99
phlag-lambda_0050-c_min9max81	1800	0	200	0	0.1	0.66
phlag-lambda_0050-c_min9max81	1800	0	200	0	0.1	0.99
phlag-lambda_0050-c_min9max81	1900	0	100	0	0.05	0.99
phlag-lambda_0050-c_min9max81	1700	0	0	300	0.15	0.33
phlag-lambda_0050-c_min9max81	1800	0	200	0	0.1	0.33
phlag-lambda_0050-c_min9max81	1500	0	500	0	0.25	0.66
phlag-lambda_0050-c_min9max81	1500	0	484	16	0.25	0.33
phlag-lambda_0050-c_min9max81	1500	0	0	500	0.25	0.99
phlag-lambda_0050-c_min9max81	1500	0	500	0	0.25	0.99
phlag-lambda_0050-c_min9max81	1791	9	200	0	0.1	0.66
phlag-lambda_0050-c_min9max81	1500	0	0	500	0.25	0.99
phlag-lambda_0050-c_min9max81	1500	0	492	8	0.25	0.33
phlag-lambda_0050-c_min9max81	1900	0	100	0	0.05	0.99
phlag-lambda_0050-c_min9max81	1800	0	200	0	0.1	0.99
phlag-lambda_0050-c_min9max81	1597	3	0	400	0.2	0.33
phlag-lambda_0050-c_min9max81	1500	0	500	0	0.25	0.66
phlag-lambda_0050-c_min9max81	1700	0	0	300	0.15	0.99
phlag-lambda_0050-c_min9max81	1799	1	32	168	0.1	0.33
phlag-lambda_0050-c_min9max81	1700	0	300	0	0.15	0.33
phlag-lambda_0050-c_min9max81	915	585	500	0	0.25	0.66
phlag-lambda_0050-c_min9max81	1785	15	200	0	0.1	0.66
phlag-lambda_0050-c_min9max81	1400	0	600	0	0.3	0.66
phlag-lambda_0050-c_min9max81	1400	0	0	600	0.3	0.99
phlag-lambda_0050-c_min9max81	1400	0	600	0	0.3	0.33
phlag-lambda_0050-c_min9max81	1700	0	300	0	0.15	0.33
phlag-lambda_0050-c_min9max81	1900	0	100	0	0.05	0.33
phlag-lambda_0050-c_min9max81	1799	1	0	200	0.1	0.99
phlag-lambda_0050-c_min9max81	1600	0	0	400	0.2	0.99
phlag-lambda_0050-c_min9max81	1500	0	500	0	0.25	0.33
phlag-lambda_0050-c_min9max81	1900	0	100	0	0.05	0.99
phlag-lambda_0050-c_min9max81	1500	0	500	0	0.25	0.33
phlag-lambda_0050-c_min9max81	1900	0	93	7	0.05	0.99
phlag-lambda_0050-c_min9max81	1600	0	0	400	0.2	0.99
phlag-lambda_0050-c_min9max81	1700	0	300	0	0.15	0.33
phlag-lambda_0050-c_min9max81	1393	7	600	0	0.3	0.66
phlag-lambda_0050-c_min9max81	1400	0	600	0	0.3	0.99
phlag-lambda_0050-c_min9max81	1500	0	500	0	0.25	0.66
phlag-lambda_0050-c_min9max81	1800	0	200	0	0.1	0.66
phlag-lambda_0050-c_min9max81	1700	0	0	300	0.15	0.66
phlag-lambda_0050-c_min9max81	1800	0	0	200	0.1	0.99
phlag-lambda_0050-c_min9max81	1600	0	400	0	0.2	0.99
phlag-lambda_0050-c_min9max81	1599	1	3	397	0.2	0.33
phlag-lambda_0050-c_min9max81	1700	0	300	0	0.15	0.66
phlag-lambda_0050-c_min9max81	1700	0	0	300	0.15	0.99
phlag-lambda_0050-c_min9max81	1328	72	600	0	0.3	0.33
phlag-lambda_0050-c_min9max81	1181	519	300	0	0.15	0.66
phlag-lambda_0050-c_min9max81	1600	0	0	400	0.2	0.33
phlag-lambda_0050-c_min9max81	1400	0	0	600	0.3	0.33
phlag-lambda_0050-c_min9max81	1800	0	200	0	0.1	0.66
phlag-lambda_0050-c_min9max81	1700	0	0	300	0.15	0.99
phlag-lambda_0050-c_min9max81	1400	0	0	600	0.3	0.66
phlag-lambda_0050-c_min9max81	1899	1	0	100	0.05	0.99
phlag-lambda_0050-c_min9max81	1900	0	100	0	0.05	0.66
phlag-lambda_0050-c_min9max81	1400	0	0	600	0.3	0.99
phlag-lambda_0050-c_min9max81	1400	0	600	0	0.3	0.66
phlag-lambda_0050-c_min9max81	1788	12	200	0	0.1	0.99
phlag-lambda_0050-c_min9max81	1600	0	400	0	0.2	0.99
phlag-lambda_0050-c_min9max81	1086	414	500	0	0.25	0.99
phlag-lambda_0050-c_min9max81	1900	0	100	0	0.05	0.99
phlag-lambda_0050-c_min9max81	1800	0	200	0	0.1	0.66
phlag-lambda_0050-c_min9max81	1900	0	0	100	0.05	0.99
phlag-lambda_0050-c_min9max81	1500	0	0	500	0.25	0.99
phlag-lambda_0050-c_min9max81	1293	607	0	100	0.05	0.66
phlag-lambda_0050-c_min9max81	1400	0	0	600	0.3	0.99
phlag-lambda_0050-c_min9max81	1400	0	600	0	0.3	0.66
phlag-lambda_0050-c_min9max81	1600	0	0	400	0.2	0.99
phlag-lambda_0050-c_min9max81	1499	1	0	500	0.25	0.99
phlag-lambda_0050-c_min9max81	1800	0	197	3	0.1	0.66
phlag-lambda_0050-c_min9max81	1800	0	0	200	0.1	0.99
phlag-lambda_0050-c_min9max81	1400	0	563	37	0.3	0.99
phlag-lambda_0050-c_min9max81	1898	2	0	100	0.05	0.66
phlag-lambda_0050-c_min9max81	1797	3	7	193	0.1	0.66
phlag-lambda_0050-c_min9max81	1900	0	100	0	0.05	0.66
phlag-lambda_0050-c_min9max81	1900	0	0	100	0.05	0.66
phlag-lambda_0050-c_min9max81	1399	1	0	600	0.3	0.33
phlag-lambda_0050-c_min9max81	1800	0	110	90	0.1	0.66
phlag-lambda_0050-c_min9max81	1800	0	0	200	0.1	0.66
phlag-lambda_0050-c_min9max81	1500	0	500	0	0.25	0.99
phlag-lambda_0050-c_min9max81	1855	45	100	0	0.05	0.66
phlag-lambda_0050-c_min9max81	1400	0	600	0	0.3	0.33
phlag-lambda_0050-c_min9max81	1500	0	0	500	0.25	0.99
phlag-lambda_0050-c_min9max81	1798	2	0	200	0.1	0.66
phlag-lambda_0050-c_min9max81	1400	0	0	600	0.3	0.66
phlag-lambda_0050-c_min9max81	1900	0	100	0	0.05	0.33
phlag-lambda_0050-c_min9max81	1600	0	0	400	0.2	0.99
phlag-lambda_0050-c_min9max81	1900	0	100	0	0.05	0.66
phlag-lambda_0050-c_min9max81	1900	0	100	0	0.05	0.66
phlag-lambda_0050-c_min9max81	1800	0	200	0	0.1	0.33
phlag-lambda_0050-c_min9max81	1600	0	400	0	0.2	0.66
phlag-lambda_0050-c_min9max81	1900	0	100	0	0.05	0.33
phlag-lambda_0050-c_min9max81	1600	0	0	400	0.2	0.99
phlag-lambda_0050-c_min9max81	1600	0	0	400	0.2	0.66
phlag-lambda_0050-c_min9max81	1900	0	100	0	0.05	0.66
phlag-lambda_0050-c_min9max81	1800	0	200	0	0.1	0.33
phlag-lambda_0050-c_min9max81	1500	0	500	0	0.25	0.99
phlag-lambda_0050-c_min9max81	1400	0	600	0	0.3	0.66
phlag-lambda_0050-c_min9max81	1700	0	0	300	0.15	0.99
phlag-lambda_0050-c_min9max81	1400	0	0	600	0.3	0.99
phlag-lambda_0050-c_min9max81	1400	0	600	0	0.3	0.33
phlag-lambda_0050-c_min9max81	1600	0	0	400	0.2	0.33
phlag-lambda_0050-c_min9max81	1900	0	0	100	0.05	0.33
phlag-lambda_0050-c_min9max81	1499	201	0	300	0.15	0.66
phlag-lambda_0050-c_min9max81	1600	0	0	400	0.2	0.66
phlag-lambda_0050-c_min9max81	1400	0	0	600	0.3	0.99
phlag-lambda_0050-c_min9max81	1700	0	300	0	0.15	0.99
phlag-lambda_0050-c_min9max81	1800	0	0	200	0.1	0.33
phlag-lambda_0050-c_min9max81	1700	0	300	0	0.15	0.66
phlag-lambda_0050-c_min9max81	1600	0	400	0	0.2	0.33
phlag-lambda_0050-c_min9max81	1400	0	600	0	0.3	0.33
phlag-lambda_0050-c_min9max81	1700	0	300	0	0.15	0.33
phlag-lambda_0050-c_min9max81	1500	0	500	0	0.25	0.33
phlag-lambda_0050-c_min9max81	1700	0	0	300	0.15	0.33
phlag-lambda_0050-c_min9max81	1700	0	300	0	0.15	0.66
phlag-lambda_0050-c_min9max81	1800	0	200	0	0.1	0.99
phlag-lambda_0050-c_min9max81	1900	0	0	100	0.05	0.33
phlag-lambda_0050-c_min9max81	1499	1	0	500	0.25	0.66
phlag-lambda_0050-c_min9max81	1800	0	200	0	0.1	0.33
phlag-lambda_0050-c_min9max81	1600	0	400	0	0.2	0.66
phlag-lambda_0050-c_min9max81	1700	0	300	0	0.15	0.33
phlag-lambda_0050-c_min9max81	1800	0	200	0	0.1	0.99
phlag-lambda_0050-c_min9max81	1900	0	0	100	0.05	0.33
phlag-lambda_0050-c_min9max81	1700	0	0	300	0.15	0.33
phlag-lambda_0050-c_min9max81	1400	0	0	600	0.3	0.33
phlag-lambda_0050-c_min9max81	1700	0	0	300	0.15	0.33
phlag-lambda_0050-c_min9max81	1600	0	381	19	0.2	0.66
phlag-lambda_0050-c_min9max81	1800	0	198	2	0.1	0.33
phlag-lambda_0050-c_min9max81	1500	0	500	0	0.25	0.66
phlag-lambda_0050-c_min9max81	1500	0	500	0	0.25	0.33
phlag-lambda_0050-c_min9max81	1500	0	0	500	0.25	0.99
phlag-lambda_0050-c_min9max81	1900	0	100	0	0.05	0.33
phlag-lambda_0050-c_min9max81	1900	0	100	0	0.05	0.99
phlag-lambda_0050-c_min9max81	1800	0	200	0	0.1	0.99
phlag-lambda_0050-c_min9max81	1900	0	0	100	0.05	0.33
phlag-lambda_0050-c_min9max81	1600	0	0	400	0.2	0.99
phlag-lambda_0050-c_min9max81	1900	0	96	4	0.05	0.66
phlag-lambda_0050-c_min9max81	1400	0	600	0	0.3	0.66
phlag-lambda_0050-c_min9max81	1400	0	0	600	0.3	0.99
phlag-lambda_0050-c_min9max81	1600	0	400	0	0.2	0.66
phlag-lambda_0050-c_min9max81	1900	0	100	0	0.05	0.33
phlag-lambda_0050-c_min9max81	1600	0	0	400	0.2	0.99
phlag-lambda_0050-c_min9max81	1600	0	353	47	0.2	0.66
phlag-lambda_0050-c_min9max81	1900	0	100	0	0.05	0.66
phlag-lambda_0050-c_min9max81	1400	0	600	0	0.3	0.66
phlag-lambda_0050-c_min9max81	1388	12	600	0	0.3	0.99
phlag-lambda_0050-c_min9max81	1600	0	400	0	0.2	0.33
phlag-lambda_0050-c_min9max81	1900	0	100	0	0.05	0.99
phlag-lambda_0050-c_min9max81	1500	0	500	0	0.25	0.99
phlag-lambda_0050-c_min9max81	1900	0	100	0	0.05	0.33
phlag-lambda_0050-c_min9max81	1400	0	0	600	0.3	0.99
phlag-lambda_0050-c_min9max81	1700	0	300	0	0.15	0.99
phlag-lambda_0050-c_min9max81	1838	62	100	0	0.05	0.66
phlag-lambda_0050-c_min9max81	1600	0	400	0	0.2	0.33
phlag-lambda_0050-c_min9max81	1356	144	500	0	0.25	0.66
phlag-lambda_0050-c_min9max81	1600	0	400	0	0.2	0.33
phlag-lambda_0050-c_min9max81	1900	0	100	0	0.05	0.33
phlag-lambda_0050-c_min9max81	1500	0	500	0	0.25	0.99
phlag-lambda_0050-c_min9max81	1500	0	500	0	0.25	0.66
phlag-lambda_0050-c_min9max81	1500	0	491	9	0.25	0.99
phlag-lambda_0050-c_min9max81	1700	0	22	278	0.15	0.66
phlag-lambda_0050-c_min9max81	1600	0	0	400	0.2	0.99
phlag-lambda_0050-c_min9max81	1800	0	200	0	0.1	0.33
phlag-lambda_0050-c_min9max81	1900	0	100	0	0.05	0.66
phlag-lambda_0050-c_min9max81	1600	0	397	3	0.2	0.99
phlag-lambda_0050-c_min9max81	1400	0	600	0	0.3	0.33
phlag-lambda_0050-c_min9max81	1785	15	1	199	0.1	0.33
phlag-lambda_0050-c_min9max81	1900	0	100	0	0.05	0.66
phlag-lambda_0050-c_min9max81	1500	0	500	0	0.25	0.99
phlag-lambda_0050-c_min9max81	1600	0	400	0	0.2	0.66
phlag-lambda_0050-c_min9max81	1400	0	0	600	0.3	0.33
phlag-lambda_0050-c_min9max81	1700	0	300	0	0.15	0.66
phlag-lambda_0050-c_min9max81	1565	35	400	0	0.2	0.66
phlag-lambda_0050-c_min9max81	1700	0	300	0	0.15	0.99
phlag-lambda_0050-c_min9max81	1600	0	0	400	0.2	0.66
phlag-lambda_0050-c_min9max81	1687	13	300	0	0.15	0.99
phlag-lambda_0050-c_min9max81	1800	0	200	0	0.1	0.33
phlag-lambda_0050-c_min9max81	1599	1	0	400	0.2	0.99
phlag-lambda_0050-c_min9max81	854	546	0	600	0.3	0.33
phlag-lambda_0050-c_min9max81	1500	0	0	500	0.25	0.99
phlag-lambda_0050-c_min9max81	1800	0	200	0	0.1	0.66
phlag-lambda_0050-c_min9max81	1129	271	0	600	0.3	0.33
phlag-lambda_0050-c_min9max81	1900	0	0	100	0.05	0.99
phlag-lambda_0050-c_min9max81	1700	0	300	0	0.15	0.66
phlag-lambda_0050-c_min9max81	1600	0	400	0	0.2	0.33
phlag-lambda_0050-c_min9max81	1700	0	0	300	0.15	0.99
phlag-lambda_0050-c_min9max81	1800	0	200	0	0.1	0.33
phlag-lambda_0050-c_min9max81	1600	0	400	0	0.2	0.33
phlag-lambda_0050-c_min9max81	1700	0	0	300	0.15	0.66
phlag-lambda_0050-c_min9max81	1400	0	600	0	0.3	0.33
phlag-lambda_0050-c_min9max81	1700	0	0	300	0.15	0.99
phlag-lambda_0050-c_min9max81	1800	0	0	200	0.1	0.66
phlag-lambda_0050-c_min9max81	1760	40	200	0	0.1	0.33
phlag-lambda_0050-c_min9max81	1500	0	0	500	0.25	0.66
phlag-lambda_0050-c_min9max81	1700	0	0	300	0.15	0.33
phlag-lambda_0050-c_min9max81	1900	0	0	100	0.05	0.99
phlag-lambda_0050-c_min9max81	1400	0	0	600	0.3	0.33
phlag-lambda_0050-c_min9max81	1779	21	200	0	0.1	0.99
phlag-lambda_0050-c_min9max81	1500	0	500	0	0.25	0.99
phlag-lambda_0050-c_min9max81	1500	0	500	0	0.25	0.33
phlag-lambda_0050-c_min9max81	1500	0	0	500	0.25	0.33
phlag-lambda_0050-c_min9max81	1700	0	300	0	0.15	0.33
phlag-lambda_0050-c_min9max81	1500	0	500	0	0.25	0.66
phlag-lambda_0050-c_min9max81	1800	0	200	0	0.1	0.33
phlag-lambda_0050-c_min9max81	1700	0	300	0	0.15	0.66
phlag-lambda_0050-c_min9max81	1199	401	0	400	0.2	0.99
phlag-lambda_0050-c_min9max81	1800	0	0	200	0.1	0.99
phlag-lambda_0050-c_min9max81	1500	0	488	12	0.25	0.33
phlag-lambda_0050-c_min9max81	1800	0	200	0	0.1	0.33
phlag-lambda_0050-c_min9max81	1800	0	200	0	0.1	0.66
phlag-lambda_0050-c_min9max81	1700	0	300	0	0.15	0.66
phlag-lambda_0050-c_min9max81	1800	0	200	0	0.1	0.99
phlag-lambda_0050-c_min9max81	1600	0	0	400	0.2	0.33
phlag-lambda_0050-c_min9max81	1700	0	189	111	0.15	0.99
phlag-lambda_0050-c_min9max81	1700	0	0	300	0.15	0.33
phlag-lambda_0050-c_min9max81	1600	0	400	0	0.2	0.33
phlag-lambda_0050-c_min9max81	1700	0	300	0	0.15	0.66
phlag-lambda_0050-c_min9max81	1400	0	0	600	0.3	0.99
phlag-lambda_0050-c_min9max81	1700	0	300	0	0.15	0.99
phlag-lambda_0050-c_min9max81	1500	0	500	0	0.25	0.66
phlag-lambda_0050-c_min9max81	1500	0	500	0	0.25	0.33
phlag-lambda_0050-c_min9max81	1500	0	0	500	0.25	0.33
phlag-lambda_0050-c_min9max81	1799	1	0	200	0.1	0.66
phlag-lambda_0050-c_min9max81	1400	0	600	0	0.3	0.99
phlag-lambda_0050-c_min9max81	1400	0	600	0	0.3	0.66
phlag-lambda_0050-c_min9max81	1700	0	0	300	0.15	0.99
phlag-lambda_0050-c_min9max81	1500	0	500	0	0.25	0.66
phlag-lambda_0050-c_min9max81	1679	21	300	0	0.15	0.33
phlag-lambda_0050-c_min9max81	1600	0	400	0	0.2	0.66
phlag-lambda_0050-c_min9max81	1600	0	400	0	0.2	0.33
phlag-lambda_0050-c_min9max81	1900	0	1	99	0.05	0.33
phlag-lambda_0050-c_min9max81	1800	0	0	200	0.1	0.99
phlag-lambda_0050-c_min9max81	1762	38	200	0	0.1	0.33
phlag-lambda_0050-c_min9max81	1900	0	100	0	0.05	0.99
phlag-lambda_0050-c_min9max81	1500	0	500	0	0.25	0.33
phlag-lambda_0050-c_min9max81	1800	0	0	200	0.1	0.66
phlag-lambda_0050-c_min9max81	1900	0	0	100	0.05	0.99
phlag-lambda_0050-c_min9max81	1500	0	500	0	0.25	0.33
phlag-lambda_0050-c_min9max81	1600	0	343	57	0.2	0.66
phlag-lambda_0050-c_min9max81	1700	0	300	0	0.15	0.33
phlag-lambda_0050-c_min9max81	1500	0	500	0	0.25	0.66
phlag-lambda_0050-c_min9max81	1400	0	600	0	0.3	0.99
phlag-lambda_0050-c_min9max81	1400	0	600	0	0.3	0.66
phlag-lambda_0050-c_min9max81	1900	0	100	0	0.05	0.33
phlag-lambda_0050-c_min9max81	1800	0	200	0	0.1	0.99
phlag-lambda_0050-c_min9max81	1600	0	0	400	0.2	0.99
phlag-lambda_0050-c_min9max81	1800	0	200	0	0.1	0.99
phlag-lambda_0050-c_min9max81	1400	0	600	0	0.3	0.99
phlag-lambda_0050-c_min9max81	1400	0	0	600	0.3	0.66
phlag-lambda_0050-c_min9max81	1900	0	0	100	0.05	0.66
phlag-lambda_0050-c_min9max81	1899	1	0	100	0.05	0.99
phlag-lambda_0050-c_min9max81	1500	0	500	0	0.25	0.99
phlag-lambda_0050-c_min9max81	1500	0	500	0	0.25	0.99
phlag-lambda_0050-c_min9max81	1900	0	100	0	0.05	0.99
phlag-lambda_0050-c_min9max81	1800	0	0	200	0.1	0.99
phlag-lambda_0050-c_min9max81	1600	0	400	0	0.2	0.99
phlag-lambda_0050-c_min9max81	1400	0	0	600	0.3	0.99
phlag-lambda_0050-c_min9max81	1400	0	600	0	0.3	0.66
phlag-lambda_0050-c_min9max81	1900	0	98	2	0.05	0.66
phlag-lambda_0050-c_min9max81	1800	0	200	0	0.1	0.66
phlag-lambda_0050-c_min9max81	1887	13	0	100	0.05	0.99
phlag-lambda_0050-c_min9max81	1400	0	573	27	0.3	0.66
phlag-lambda_0050-c_min9max81	1400	0	600	0	0.3	0.33
phlag-lambda_0050-c_min9max81	1600	0	7	393	0.2	0.99
phlag-lambda_0050-c_min9max81	1800	0	200	0	0.1	0.66
phlag-lambda_0050-c_min9max81	1800	0	0	200	0.1	0.99
phlag-lambda_0050-c_min9max81	1662	38	1	299	0.15	0.33
phlag-lambda_0050-c_min9max81	1500	0	500	0	0.25	0.66
phlag-lambda_0050-c_min9max81	1800	0	135	65	0.1	0.66
phlag-lambda_0050-c_min9max81	1400	0	600	0	0.3	0.66
phlag-lambda_0050-c_min9max81	1400	0	0	600	0.3	0.99
phlag-lambda_0050-c_min9max81	1900	0	0	100	0.05	0.99
phlag-lambda_0050-c_min9max81	1500	0	462	38	0.25	0.33
phlag-lambda_0050-c_min9max81	1600	0	385	15	0.2	0.99
phlag-lambda_0050-c_min9max81	1600	0	0	400	0.2	0.99
phlag-lambda_0050-c_min9max81	1900	0	100	0	0.05	0.99
phlag-lambda_0050-c_min9max81	1500	0	500	0	0.25	0.33
phlag-lambda_0050-c_min9max81	1600	0	0	400	0.2	0.33
phlag-lambda_0050-c_min9max81	1135	665	200	0	0.1	0.99
phlag-lambda_0050-c_min9max81	1700	0	300	0	0.15	0.99
phlag-lambda_0050-c_min9max81	1400	0	600	0	0.3	0.66
phlag-lambda_0050-c_min9max81	1400	0	587	13	0.3	0.99
phlag-lambda_0050-c_min9max81	1500	0	0	500	0.25	0.66
phlag-lambda_0050-c_min9max81	1800	0	200	0	0.1	0.66
phlag-lambda_0050-c_min9max81	1700	0	158	142	0.15	0.33
phlag-lambda_0050-c_min9max81	1500	0	500	0	0.25	0.33
phlag-lambda_0050-c_min9max81	1400	0	0	600	0.3	0.33
phlag-lambda_0050-c_min9max81	1700	0	300	0	0.15	0.99
phlag-lambda_0050-c_min9max81	1400	0	0	600	0.3	0.99
phlag-lambda_0050-c_min9max81	1500	0	500	0	0.25	0.66
phlag-lambda_0050-c_min9max81	1600	0	0	400	0.2	0.33
phlag-lambda_0050-c_min9max81	1700	0	0	300	0.15	0.66
phlag-lambda_0050-c_min9max81	1121	579	300	0	0.15	0.99
phlag-lambda_0050-c_min9max81	1400	0	0	600	0.3	0.33
phlag-lambda_0050-c_min9max81	1700	0	300	0	0.15	0.33
phlag-lambda_0050-c_min9max81	1700	0	293	7	0.15	0.66
phlag-lambda_0050-c_min9max81	1800	0	200	0	0.1	0.99
phlag-lambda_0050-c_min9max81	1584	16	400	0	0.2	0.33
phlag-lambda_0050-c_min9max81	1267	333	0	400	0.2	0.33
phlag-lambda_0050-c_min9max81	1700	0	300	0	0.15	0.66
phlag-lambda_0050-c_min9max81	1800	0	200	0	0.1	0.99
phlag-lambda_0050-c_min9max81	1400	0	0	600	0.3	0.33
phlag-lambda_0050-c_min9max81	1700	0	0	300	0.15	0.33
phlag-lambda_0050-c_min9max81	1400	0	600	0	0.3	0.99
phlag-lambda_0050-c_min9max81	1573	127	0	300	0.15	0.99
phlag-lambda_0050-c_min9max81	1500	0	0	500	0.25	0.33
phlag-lambda_0050-c_min9max81	1400	0	600	0	0.3	0.33
phlag-lambda_0050-c_min9max81	1700	0	300	0	0.15	0.66
phlag-lambda_0050-c_min9max81	1599	1	2	398	0.2	0.33
phlag-lambda_0050-c_min9max81	1490	10	500	0	0.25	0.66
phlag-lambda_0050-c_min9max81	1700	0	300	0	0.15	0.99
phlag-lambda_0050-c_min9max81	1500	0	500	0	0.25	0.33
phlag-lambda_0050-c_min9max81	1400	0	351	249	0.3	0.99
phlag-lambda_0050-c_min9max81	1600	0	400	0	0.2	0.66
phlag-lambda_0050-c_min9max81	1700	0	300	0	0.15	0.33
phlag-lambda_0050-c_min9max81	1500	0	0	500	0.25	0.66
phlag-lambda_0050-c_min9max81	1700	0	0	300	0.15	0.99
phlag-lambda_0050-c_min9max81	1800	0	200	0	0.1	0.33
phlag-lambda_0050-c_min9max81	1800	0	200	0	0.1	0.99
phlag-lambda_0050-c_min9max81	1900	0	100	0	0.05	0.33
phlag-lambda_0050-c_min9max81	1600	0	400	0	0.2	0.33
phlag-lambda_0050-c_min9max81	1700	0	300	0	0.15	0.33
phlag-lambda_0050-c_min9max81	1800	0	200	0	0.1	0.33
phlag-lambda_0050-c_min9max81	1003	497	500	0	0.25	0.66
phlag-lambda_0050-c_min9max81	1700	0	300	0	0.15	0.33
phlag-lambda_0050-c_min9max81	1600	0	400	0	0.2	0.66
phlag-lambda_0050-c_min9max81	1700	0	0	300	0.15	0.33
phlag-lambda_0050-c_min9max81	1800	0	0	200	0.1	0.99
phlag-lambda_0050-c_min9max81	1900	0	100	0	0.05	0.33
phlag-lambda_0050-c_min9max81	1500	0	500	0	0.25	0.33
phlag-lambda_0050-c_min9max81	1600	0	0	400	0.2	0.99
phlag-lambda_0050-c_min9max81	1400	0	600	0	0.3	0.33
phlag-lambda_0050-c_min9max81	1584	16	400	0	0.2	0.66
phlag-lambda_0050-c_min9max81	1800	0	49	151	0.1	0.33
phlag-lambda_0050-c_min9max81	1900	0	100	0	0.05	0.66
phlag-lambda_0050-c_min9max81	1800	0	0	200	0.1	0.66
phlag-lambda_0050-c_min9max81	1400	0	0	600	0.3	0.66
phlag-lambda_0050-c_min9max81	1693	107	0	200	0.1	0.66
phlag-lambda_0050-c_min9max81	1399	1	0	600	0.3	0.33
phlag-lambda_0050-c_min9max81	1900	0	100	0	0.05	0.33
phlag-lambda_0050-c_min9max81	1900	0	0	100	0.05	0.66
phlag-lambda_0050-c_min9max81	1400	0	0	600	0.3	0.66
phlag-lambda_0050-c_min9max81	1500	0	0	500	0.25	0.99
phlag-lambda_0050-c_min9max81	1599	1	0	400	0.2	0.66
phlag-lambda_0050-c_min9max81	1797	3	0	200	0.1	0.33
phlag-lambda_0050-c_min9max81	1900	0	100	0	0.05	0.66
phlag-lambda_0050-c_min9max81	1276	324	72	328	0.2	0.99
phlag-lambda_0050-c_min9max81	1900	0	100	0	0.05	0.33
phlag-lambda_0050-c_min9max81	1400	0	598	2	0.3	0.33
phlag-lambda_0050-c_min9max81	1800	0	200	0	0.1	0.33
phlag-lambda_0050-c_min9max81	1900	0	100	0	0.05	0.66
phlag-lambda_0050-c_min9max81	1600	0	0	400	0.2	0.66
phlag-lambda_0050-c_min9max81	1600	0	0	400	0.2	0.99
phlag-lambda_0050-c_min9max81	1900	0	100	0	0.05	0.33
phlag-lambda_0050-c_min9max81	1400	0	600	0	0.3	0.66
phlag-lambda_0050-c_min9max81	1500	0	0	500	0.25	0.99
phlag-lambda_0050-c_min9max81	1800	0	200	0	0.1	0.66
phlag-lambda_0050-c_min9max81	1897	3	0	100	0.05	0.99
phlag-lambda_0050-c_min9max81	1399	1	0	600	0.3	0.66
phlag-lambda_0050-c_min9max81	1600	0	0	400	0.2	0.99
phlag-lambda_0050-c_min9max81	1799	1	0	200	0.1	0.66
phlag-lambda_0050-c_min9max81	1800	0	200	0	0.1	0.99
phlag-lambda_0050-c_min9max81	1600	0	0	400	0.2	0.99
phlag-lambda_0050-c_min9max81	1800	0	200	0	0.1	0.33
phlag-lambda_0050-c_min9max81	1394	6	600	0	0.3	0.66
phlag-lambda_0050-c_min9max81	1400	0	0	600	0.3	0.99
phlag-lambda_0050-c_min9max81	1900	0	100	0	0.05	0.66
phlag-lambda_0050-c_min9max81	1500	0	0	500	0.25	0.99
phlag-lambda_0050-c_min9max81	1900	0	0	100	0.05	0.99
phlag-lambda_0050-c_min9max81	1900	0	100	0	0.05	0.99
phlag-lambda_0050-c_min9max81	1500	0	0	500	0.25	0.99
phlag-lambda_0050-c_min9max81	1600	0	400	0	0.2	0.99
phlag-lambda_0050-c_min9max81	1740	60	200	0	0.1	0.99
phlag-lambda_0050-c_min9max81	1400	0	600	0	0.3	0.66
phlag-lambda_0050-c_min9max81	1400	0	16	584	0.3	0.99
phlag-lambda_0050-c_min9max81	1900	0	100	0	0.05	0.66
phlag-lambda_0050-c_min9max81	1497	3	0	500	0.25	0.33
phlag-lambda_0050-c_min9max81	1500	0	0	500	0.25	0.66
phlag-lambda_0050-c_min9max81	1400	0	600	0	0.3	0.99
phlag-lambda_0050-c_min9max81	1700	0	0	300	0.15	0.99
phlag-lambda_0050-c_min9max81	1400	0	600	0	0.3	0.33
phlag-lambda_0050-c_min9max81	1700	0	300	0	0.15	0.66
phlag-lambda_0050-c_min9max81	1600	0	400	0	0.2	0.33
phlag-lambda_0050-c_min9max81	1700	0	0	300	0.15	0.33
phlag-lambda_0050-c_min9max81	1400	0	600	0	0.3	0.33
phlag-lambda_0050-c_min9max81	1700	0	0	300	0.15	0.99
phlag-lambda_0050-c_min9max81	1600	0	35	365	0.2	0.33
phlag-lambda_0050-c_min9max81	1700	0	300	0	0.15	0.66
phlag-lambda_0050-c_min9max81	1798	2	200	0	0.1	0.99
phlag-lambda_0050-c_min9max81	1800	0	200	0	0.1	0.99
phlag-lambda_0050-c_min9max81	1400	0	600	0	0.3	0.99
phlag-lambda_0050-c_min9max81	1400	0	600	0	0.3	0.66
phlag-lambda_0050-c_min9max81	1800	0	68	132	0.1	0.66
phlag-lambda_0050-c_min9max81	947	553	500	0	0.25	0.66
phlag-lambda_0050-c_min9max81	1700	0	0	300	0.15	0.33
phlag-lambda_0050-c_min9max81	1600	0	0	400	0.2	0.99
phlag-lambda_0050-c_min9max81	1900	0	100	0	0.05	0.99
phlag-lambda_0050-c_min9max81	1086	414	0	500	0.25	0.33
phlag-lambda_0050-c_min9max81	1900	0	100	0	0.05	0.99
phlag-lambda_0050-c_min9max81	1500	0	500	0	0.25	0.33
phlag-lambda_0050-c_min9max81	1600	0	400	0	0.2	0.99
phlag-lambda_0050-c_min9max81	1800	0	0	200	0.1	0.99
phlag-lambda_0050-c_min9max81	1589	11	400	0	0.2	0.33
phlag-lambda_0050-c_min9max81	1700	0	300	0	0.15	0.33
phlag-lambda_0050-c_min9max81	1800	0	200	0	0.1	0.66
phlag-lambda_0050-c_min9max81	1500	0	0	500	0.25	0.66
phlag-lambda_0050-c_min9max81	1400	0	0	600	0.3	0.99
phlag-lambda_0050-c_min9max81	1400	0	514	86	0.3	0.66
phlag-lambda_0050-c_min9max81	1700	0	300	0	0.15	0.99
phlag-lambda_0050-c_min9max81	1500	0	0	500	0.25	0.33
phlag-lambda_0050-c_min9max81	1400	0	0	600	0.3	0.99
phlag-lambda_0050-c_min9max81	1700	0	300	0	0.15	0.99
phlag-lambda_0050-c_min9max81	1800	0	200	0	0.1	0.33
phlag-lambda_0050-c_min9max81	1500	0	500	0	0.25	0.66
phlag-lambda_0050-c_min9max81	1214	486	0	300	0.15	0.33
phlag-lambda_0050-c_min9max81	1600	0	400	0	0.2	0.66
phlag-lambda_0050-c_min9max81	1400	0	600	0	0.3	0.99
phlag-lambda_0050-c_min9max81	1700	0	300	0	0.15	0.33
phlag-lambda_0050-c_min9max81	1600	0	400	0	0.2	0.33
phlag-lambda_0050-c_min9max81	1900	0	100	0	0.05	0.33
phlag-lambda_0050-c_min9max81	1800	0	200	0	0.1	0.99
phlag-lambda_0050-c_min9max81	1600	0	400	0	0.2	0.66
phlag-lambda_0050-c_min9max81	1699	1	0	300	0.15	0.33
phlag-lambda_0050-c_min9max81	1241	259	375	125	0.25	0.66
phlag-lambda_0050-c_min9max81	1800	0	200	0	0.1	0.33
phlag-lambda_0050-c_min9max81	1900	0	100	0	0.05	0.33
phlag-lambda_0050-c_min9max81	1800	0	0	200	0.1	0.99
phlag-lambda_0050-c_min9max81	1700	0	300	0	0.15	0.33
phlag-lambda_0050-c_min9max81	1479	21	500	0	0.25	0.33
phlag-lambda_0050-c_min9max81	1400	0	600	0	0.3	0.33
phlag-lambda_0050-c_min9max81	1700	0	0	300	0.15	0.66
phlag-lambda_0050-c_min9max81	1765	35	200	0	0.1	0.99
phlag-lambda_0050-c_min9max81	1600	0	400	0	0.2	0.33
phlag-lambda_0050-c_min9max81	1700	0	300	0	0.15	0.99
phlag-lambda_0050-c_min9max81	1399	1	0	600	0.3	0.99
phlag-lambda_0050-c_min9max81	1700	0	300	0	0.15	0.33
phlag-lambda_0050-c_min9max81	1499	1	0	500	0.25	0.33
phlag-lambda_0050-c_min9max81	1600	0	400	0	0.2	0.33
phlag-lambda_0050-c_min9max81	1497	203	215	85	0.15	0.66
phlag-lambda_0050-c_min9max81	1400	0	600	0	0.3	0.33
phlag-lambda_0050-c_min9max81	1399	1	0	600	0.3	0.99
phlag-lambda_0050-c_min9max81	1700	0	0	300	0.15	0.99
phlag-lambda_0050-c_min9max81	1500	0	500	0	0.25	0.66
phlag-lambda_0050-c_min9max81	1400	0	600	0	0.3	0.66
phlag-lambda_0050-c_min9max81	1500	0	500	0	0.25	0.99
phlag-lambda_0050-c_min9max81	1800	0	200	0	0.1	0.33
phlag-lambda_0050-c_min9max81	1900	0	12	88	0.05	0.66
phlag-lambda_0050-c_min9max81	1600	0	400	0	0.2	0.66
phlag-lambda_0050-c_min9max81	1400	0	0	600	0.3	0.33
phlag-lambda_0050-c_min9max81	1600	0	0	400	0.2	0.99
phlag-lambda_0050-c_min9max81	1898	2	100	0	0.05	0.33
phlag-lambda_0050-c_min9max81	1600	0	400	0	0.2	0.66
phlag-lambda_0050-c_min9max81	1800	0	0	200	0.1	0.33
phlag-lambda_0050-c_min9max81	1900	0	1	99	0.05	0.66
phlag-lambda_0050-c_min9max81	1600	0	0	400	0.2	0.99
phlag-lambda_0050-c_min9max81	1900	0	89	11	0.05	0.33
phlag-lambda_0050-c_min9max81	1500	0	500	0	0.25	0.99
phlag-lambda_0050-c_min9max81	1400	0	0	600	0.3	0.33
phlag-lambda_0050-c_min9max81	1600	0	400	0	0.2	0.99
phlag-lambda_0050-c_min9max81	1900	0	100	0	0.05	0.66
phlag-lambda_0050-c_min9max81	1800	0	200	0	0.1	0.33
phlag-lambda_0050-c_min9max81	1600	0	0	400	0.2	0.66
phlag-lambda_0050-c_min9max81	1800	0	200	0	0.1	0.66
phlag-lambda_0050-c_min9max81	1400	0	600	0	0.3	0.66
phlag-lambda_0050-c_min9max81	1795	5	200	0	0.1	0.66
phlag-lambda_0050-c_min9max81	1899	1	0	100	0.05	0.33
phlag-lambda_0050-c_min9max81	1400	0	600	0	0.3	0.33
phlag-lambda_0050-c_min9max81	1900	0	100	0	0.05	0.66
phlag-lambda_0050-c_min9max81	1400	0	600	0	0.3	0.99
phlag-lambda_0050-c_min9max81	1869	31	0	100	0.05	0.66
phlag-lambda_0050-c_min9max81	1599	1	20	380	0.2	0.33
phlag-lambda_0050-c_min9max81	1500	0	0	500	0.25	0.66
phlag-lambda_0050-c_min9max81	1500	0	500	0	0.25	0.66
phlag-lambda_0050-c_min9max81	1900	0	100	0	0.05	0.33
phlag-lambda_0050-c_min9max81	1451	49	500	0	0.25	0.99
phlag-lambda_0050-c_min9max81	1600	0	0	400	0.2	0.33
phlag-lambda_0050-c_min9max81	1900	0	100	0	0.05	0.99
phlag-lambda_0050-c_min9max81	1500	0	0	500	0.25	0.99
phlag-lambda_0050-c_min9max81	1900	0	100	0	0.05	0.33
phlag-lambda_0050-c_min9max81	1600	0	400	0	0.2	0.99
phlag-lambda_0050-c_min9max81	1600	0	0	400	0.2	0.66
phlag-lambda_0050-c_min9max81	1700	0	300	0	0.15	0.33
phlag-lambda_0050-c_min9max81	1900	0	0	100	0.05	0.66
phlag-lambda_0050-c_min9max81	1326	74	3	597	0.3	0.99
phlag-lambda_0050-c_min9max81	1400	0	600	0	0.3	0.66
phlag-lambda_0050-c_min9max81	1899	1	100	0	0.05	0.33
phlag-lambda_0050-c_min9max81	1600	0	0	400	0.2	0.99
phlag-lambda_0050-c_min9max81	1900	0	100	0	0.05	0.66
phlag-lambda_0050-c_min9max81	1400	0	600	0	0.3	0.99
phlag-lambda_0050-c_min9max81	1400	0	0	600	0.3	0.66
phlag-lambda_0050-c_min9max81	1500	0	500	0	0.25	0.66
phlag-lambda_0050-c_min9max81	1600	0	0	400	0.2	0.66
phlag-lambda_0050-c_min9max81	1500	0	0	500	0.25	0.99
phlag-lambda_0050-c_min9max81	1890	10	2	98	0.05	0.33
phlag-lambda_0050-c_min9max81	1900	0	75	25	0.05	0.99
phlag-lambda_0050-c_min9max81	1600	0	388	12	0.2	0.33
phlag-lambda_0050-c_min9max81	1500	0	0	500	0.25	0.33
phlag-lambda_0050-c_min9max81	1400	0	1	599	0.3	0.33
phlag-lambda_0050-c_min9max81	1698	2	0	300	0.15	0.66
phlag-lambda_0050-c_min9max81	1700	0	0	300	0.15	0.99
phlag-lambda_0050-c_min9max81	1598	2	14	386	0.2	0.66
phlag-lambda_0050-c_min9max81	1700	0	300	0	0.15	0.99
phlag-lambda_0050-c_min9max81	1798	2	0	200	0.1	0.33
phlag-lambda_0050-c_min9max81	1400	0	0	600	0.3	0.33
phlag-lambda_0050-c_min9max81	1698	2	0	300	0.15	0.66
phlag-lambda_0050-c_min9max81	1600	0	400	0	0.2	0.99
phlag-lambda_0050-c_min9max81	1500	0	0	500	0.25	0.99
phlag-lambda_0050-c_min9max81	1600	0	0	400	0.2	0.99
phlag-lambda_0050-c_min9max81	1700	0	300	0	0.15	0.66
phlag-lambda_0050-c_min9max81	1800	0	0	200	0.1	0.33
phlag-lambda_0050-c_min9max81	1900	0	100	0	0.05	0.66
phlag-lambda_0050-c_min9max81	1400	0	600	0	0.3	0.33
phlag-lambda_0050-c_min9max81	1600	0	0	400	0.2	0.99
phlag-lambda_0050-c_min9max81	1194	606	0	200	0.1	0.33
phlag-lambda_0050-c_min9max81	1900	0	100	0	0.05	0.66
phlag-lambda_0050-c_min9max81	1500	0	0	500	0.25	0.99
phlag-lambda_0050-c_min9max81	1562	38	372	28	0.2	0.66
phlag-lambda_0050-c_min9max81	1700	0	0	300	0.15	0.33
phlag-lambda_0050-c_min9max81	1500	0	500	0	0.25	0.66
phlag-lambda_0050-c_min9max81	1770	30	200	0	0.1	0.33
phlag-lambda_0050-c_min9max81	1800	0	200	0	0.1	0.99
phlag-lambda_0050-c_min9max81	1899	1	0	100	0.05	0.99
phlag-lambda_0050-c_min9max81	1400	0	600	0	0.3	0.33
phlag-lambda_0050-c_min9max81	1500	0	500	0	0.25	0.33
phlag-lambda_0050-c_min9max81	1500	0	0	500	0.25	0.99
phlag-lambda_0050-c_min9max81	1500	0	0	500	0.25	0.99
phlag-lambda_0050-c_min9max81	1500	0	500	0	0.25	0.33
phlag-lambda_0050-c_min9max81	1800	0	200	0	0.1	0.33
phlag-lambda_0050-c_min9max81	1470	30	500	0	0.25	0.66
phlag-lambda_0050-c_min9max81	1700	0	300	0	0.15	0.33
phlag-lambda_0050-c_min9max81	1897	3	100	0	0.05	0.99
phlag-lambda_0050-c_min9max81	1700	0	300	0	0.15	0.66
phlag-lambda_0050-c_min9max81	1800	0	200	0	0.1	0.99
phlag-lambda_0050-c_min9max81	1500	0	500	0	0.25	0.99
phlag-lambda_0050-c_min9max81	1798	2	102	98	0.1	0.66
phlag-lambda_0050-c_min9max81	1600	0	0	400	0.2	0.33
phlag-lambda_0050-c_min9max81	1699	1	0	300	0.15	0.66
phlag-lambda_0050-c_min9max81	1190	210	600	0	0.3	0.33
phlag-lambda_0050-c_min9max81	1460	440	0	100	0.05	0.99
phlag-lambda_0050-c_min9max81	1700	0	0	300	0.15	0.99
phlag-lambda_0050-c_min9max81	1800	0	200	0	0.1	0.33
phlag-lambda_0050-c_min9max81	1400	0	0	600	0.3	0.33
phlag-lambda_0050-c_min9max81	1700	0	0	300	0.15	0.66
phlag-lambda_0050-c_min9max81	1600	0	400	0	0.2	0.33
phlag-lambda_0050-c_min9max81	1700	0	0	300	0.15	0.99
phlag-lambda_0050-c_min9max81	1800	0	200	0	0.1	0.66
phlag-lambda_0050-c_min9max81	1600	0	400	0	0.2	0.66
phlag-lambda_0050-c_min9max81	1700	0	300	0	0.15	0.33
phlag-lambda_0050-c_min9max81	1500	0	500	0	0.25	0.66
phlag-lambda_0050-c_min9max81	1700	0	300	0	0.15	0.99
phlag-lambda_0050-c_min9max81	1400	0	0	600	0.3	0.66
phlag-lambda_0050-c_min9max81	1400	0	589	11	0.3	0.99
phlag-lambda_0050-c_min9max81	1800	0	0	200	0.1	0.99
phlag-lambda_0050-c_min9max81	1900	0	100	0	0.05	0.33
phlag-lambda_0050-c_min9max81	1600	0	400	0	0.2	0.33
phlag-lambda_0050-c_min9max81	1800	0	200	0	0.1	0.33
phlag-lambda_0050-c_min9max81	1900	0	100	0	0.05	0.99
phlag-lambda_0050-c_min9max81	1500	0	0	500	0.25	0.33
phlag-lambda_0050-c_min9max81	1800	0	0	200	0.1	0.66
phlag-lambda_0050-c_min9max81	1882	18	100	0	0.05	0.99
phlag-lambda_0050-c_min9max81	1500	0	8	492	0.25	0.33
phlag-lambda_0050-c_min9max81	1399	1	0	600	0.3	0.66
phlag-lambda_0050-c_min9max81	818	582	421	179	0.3	0.99
phlag-lambda_0050-c_min9max81	1500	0	0	500	0.25	0.66
phlag-lambda_0050-c_min9max81	1700	0	300	0	0.15	0.33
phlag-lambda_0050-c_min9max81	1600	0	400	0	0.2	0.66
phlag-lambda_0050-c_min9max81	1800	0	200	0	0.1	0.99
phlag-lambda_0050-c_min9max81	1711	189	1	99	0.05	0.33
phlag-lambda_0050-c_min9max81	1476	24	10	490	0.25	0.33
phlag-lambda_0050-c_min9max81	1800	0	200	0	0.1	0.66
phlag-lambda_0050-c_min9max81	1799	1	0	200	0.1	0.33
phlag-lambda_0050-c_min9max81	1600	0	399	1	0.2	0.33
phlag-lambda_0050-c_min9max81	1700	0	300	0	0.15	0.66
phlag-lambda_0050-c_min9max81	1800	0	0	200	0.1	0.99
phlag-lambda_0050-c_min9max81	1700	0	0	300	0.15	0.33
phlag-lambda_0050-c_min9max81	1699	1	0	300	0.15	0.99
phlag-lambda_0050-c_min9max81	1700	0	300	0	0.15	0.66
phlag-lambda_0050-c_min9max81	1600	0	400	0	0.2	0.33
phlag-lambda_0050-c_min9max81	1500	0	0	500	0.25	0.66
phlag-lambda_0050-c_min9max81	1700	0	300	0	0.15	0.99
phlag-lambda_0050-c_min9max81	1400	0	0	600	0.3	0.99
phlag-lambda_0050-c_min9max81	1500	0	500	0	0.25	0.33
phlag-lambda_0050-c_min9max81	1500	0	0	500	0.25	0.33
phlag-lambda_0050-c_min9max81	1800	0	0	200	0.1	0.33
phlag-lambda_0050-c_min9max81	1800	0	200	0	0.1	0.66
phylter-k020-island_0	0	1600	0	400	0.2	0.99
phylter-k020-island_0	731	969	1	299	0.15	0.66
phylter-k020-island_0	330	1270	76	324	0.2	0.33
phylter-k020-island_0	667	733	111	489	0.3	0.33
phylter-k020-island_0	202	1498	59	241	0.15	0.99
phylter-k020-island_0	747	853	132	268	0.2	0.33
phylter-k020-island_0	1088	612	208	92	0.15	0.66
phylter-k020-island_0	151	1249	92	508	0.3	0.66
phylter-k020-island_0	758	942	300	0	0.15	0.99
phylter-k020-island_0	1454	346	120	80	0.1	0.66
phylter-k020-island_0	836	1064	43	57	0.05	0.99
phylter-k020-island_0	1112	588	126	174	0.15	0.33
phylter-k020-island_0	935	465	241	359	0.3	0.33
phylter-k020-island_0	417	983	586	14	0.3	0.99
phylter-k020-island_0	535	865	149	451	0.3	0.66
phylter-k020-island_0	263	1237	76	424	0.25	0.66
phylter-k020-island_0	339	1461	6	194	0.1	0.99
phylter-k020-island_0	311	1189	84	416	0.25	0.33
phylter-k020-island_0	279	1621	25	75	0.05	0.99
phylter-k020-island_0	327	1273	93	307	0.2	0.99
phylter-k020-island_0	795	705	224	276	0.25	0.33
phylter-k020-island_0	891	1009	0	100	0.05	0.99
phylter-k020-island_0	1178	622	133	67	0.1	0.66
phylter-k020-island_0	783	717	266	234	0.25	0.66
phylter-k020-island_0	773	627	595	5	0.3	0.99
phylter-k020-island_0	90	1310	55	545	0.3	0.66
phylter-k020-island_0	649	951	134	266	0.2	0.66
phylter-k020-island_0	863	837	172	128	0.15	0.33
phylter-k020-island_0	321	1379	34	266	0.15	0.66
phylter-k020-island_0	1298	502	127	73	0.1	0.99
phylter-k020-island_0	767	733	416	84	0.25	0.99
phylter-k020-island_0	409	1391	59	141	0.1	0.66
phylter-k020-island_0	674	1126	196	4	0.1	0.99
phylter-k020-island_0	911	989	0	100	0.05	0.66
phylter-k020-island_0	796	1004	73	127	0.1	0.66
phylter-k020-island_0	994	906	0	100	0.05	0.66
phylter-k020-island_0	816	584	353	247	0.3	0.66
phylter-k020-island_0	376	1024	556	44	0.3	0.99
phylter-k020-island_0	1129	471	377	23	0.2	0.99
phylter-k020-island_0	826	974	147	53	0.1	0.99
phylter-k020-island_0	466	1434	11	89	0.05	0.99
phylter-k020-island_0	1090	410	280	220	0.25	0.99
phylter-k020-island_0	510	1290	63	137	0.1	0.66
phylter-k020-island_0	776	724	481	19	0.25	0.99
phylter-k020-island_0	334	1566	18	82	0.05	0.99
phylter-k020-island_0	925	975	100	0	0.05	0.66
phylter-k020-island_0	968	432	476	124	0.3	0.66
phylter-k020-island_0	208	1192	561	39	0.3	0.99
phylter-k020-island_0	779	1021	191	9	0.1	0.99
phylter-k020-island_0	635	965	124	276	0.2	0.99
phylter-k020-island_0	683	817	493	7	0.25	0.99
phylter-k020-island_0	943	857	1	199	0.1	0.66
phylter-k020-island_0	128	1272	43	557	0.3	0.66
phylter-k020-island_0	44	1856	1	99	0.05	0.33
phylter-k020-island_0	1036	564	400	0	0.2	0.99
phylter-k020-island_0	562	1038	124	276	0.2	0.66
phylter-k020-island_0	1184	716	100	0	0.05	0.66
phylter-k020-island_0	1115	685	41	159	0.1	0.33
phylter-k020-island_0	38	1862	4	96	0.05	0.66
phylter-k020-island_0	384	1516	30	70	0.05	0.33
phylter-k020-island_0	642	958	79	321	0.2	0.99
phylter-k020-island_0	1139	761	49	51	0.05	0.66
phylter-k020-island_0	1141	659	124	76	0.1	0.33
phylter-k020-island_0	323	1277	110	290	0.2	0.66
phylter-k020-island_0	666	834	204	296	0.25	0.99
phylter-k020-island_0	771	629	0	600	0.3	0.66
phylter-k020-island_0	997	903	9	91	0.05	0.66
phylter-k020-island_0	166	1734	12	88	0.05	0.66
phylter-k020-island_0	640	760	318	282	0.3	0.33
phylter-k020-island_0	218	1582	15	185	0.1	0.66
phylter-k020-island_0	989	811	1	199	0.1	0.66
phylter-k020-island_0	495	1005	474	26	0.25	0.99
phylter-k020-island_0	724	676	249	351	0.3	0.33
phylter-k020-island_0	653	847	220	280	0.25	0.33
phylter-k020-island_0	806	894	146	154	0.15	0.66
phylter-k020-island_0	989	911	0	100	0.05	0.33
phylter-k020-island_0	571	1229	49	151	0.1	0.99
phylter-k020-island_0	328	1372	86	214	0.15	0.33
phylter-k020-island_0	480	1120	106	294	0.2	0.66
phylter-k020-island_0	767	1033	1	199	0.1	0.33
phylter-k020-island_0	591	909	261	239	0.25	0.66
phylter-k020-island_0	1035	365	289	311	0.3	0.33
phylter-k020-island_0	835	865	0	300	0.15	0.33
phylter-k020-island_0	1139	761	29	71	0.05	0.33
phylter-k020-island_0	1025	775	140	60	0.1	0.99
phylter-k020-island_0	1110	390	236	264	0.25	0.66
phylter-k020-island_0	703	697	215	385	0.3	0.66
phylter-k020-island_0	582	1218	65	135	0.1	0.33
phylter-k020-island_0	911	689	4	396	0.2	0.66
phylter-k020-island_0	1089	611	95	205	0.15	0.33
phylter-k020-island_0	196	1304	85	415	0.25	0.33
phylter-k020-island_0	1159	741	21	79	0.05	0.99
phylter-k020-island_0	1064	336	381	219	0.3	0.99
phylter-k020-island_0	1132	568	111	189	0.15	0.99
phylter-k020-island_0	699	1201	33	67	0.05	0.33
phylter-k020-island_0	683	1017	118	182	0.15	0.66
phylter-k020-island_0	245	1355	56	344	0.2	0.33
phylter-k020-island_0	531	869	206	394	0.3	0.33
phylter-k020-island_0	578	1122	131	169	0.15	0.99
phylter-k020-island_0	670	1130	60	140	0.1	0.33
phylter-k020-island_0	685	715	390	210	0.3	0.99
phylter-k020-island_0	18	1582	29	371	0.2	0.66
phylter-k020-island_0	485	1215	99	201	0.15	0.33
phylter-k020-island_0	881	519	407	193	0.3	0.33
phylter-k020-island_0	266	1334	70	330	0.2	0.33
phylter-k020-island_0	204	1496	59	241	0.15	0.66
phylter-k020-island_0	364	1336	51	249	0.15	0.66
phylter-k020-island_0	967	433	400	200	0.3	0.33
phylter-k020-island_0	825	675	269	231	0.25	0.99
phylter-k020-island_0	1200	500	243	57	0.15	0.99
phylter-k020-island_0	1147	453	297	103	0.2	0.66
phylter-k020-island_0	380	1420	200	0	0.1	0.66
phylter-k020-island_0	743	957	163	137	0.15	0.99
phylter-k020-island_0	989	611	168	232	0.2	0.66
phylter-k020-island_0	452	1248	92	208	0.15	0.66
phylter-k020-island_0	445	955	600	0	0.3	0.33
phylter-k020-island_0	917	983	1	99	0.05	0.66
phylter-k020-island_0	1001	699	224	76	0.15	0.99
phylter-k020-island_0	159	1341	90	410	0.25	0.99
phylter-k020-island_0	213	1687	5	95	0.05	0.66
phylter-k020-island_0	1122	478	198	202	0.2	0.99
phylter-k020-island_0	719	1181	0	100	0.05	0.66
phylter-k020-island_0	403	1197	190	210	0.2	0.99
phylter-k020-island_0	415	1085	312	188	0.25	0.99
phylter-k020-island_0	292	1308	57	343	0.2	0.99
phylter-k020-island_0	63	1537	30	370	0.2	0.66
phylter-k020-island_0	1134	466	150	250	0.2	0.33
phylter-k020-island_0	883	1017	4	96	0.05	0.99
phylter-k020-island_0	926	674	198	202	0.2	0.33
phylter-k020-island_0	918	582	0	500	0.25	0.66
phylter-k020-island_0	530	1370	50	50	0.05	0.33
phylter-k020-island_0	415	985	312	288	0.3	0.66
phylter-k020-island_0	65	1835	19	81	0.05	0.33
phylter-k020-island_0	53	1447	500	0	0.25	0.99
phylter-k020-island_0	857	1043	96	4	0.05	0.99
phylter-k020-island_0	827	573	0	600	0.3	0.66
phylter-k020-island_0	13	1887	4	96	0.05	0.66
phylter-k020-island_0	649	951	52	348	0.2	0.66
phylter-k020-island_0	558	1042	315	85	0.2	0.99
phylter-k020-island_0	953	947	0	100	0.05	0.33
phylter-k020-island_0	1036	564	284	116	0.2	0.66
phylter-k020-island_0	868	532	100	500	0.3	0.99
phylter-k020-island_0	538	862	227	373	0.3	0.66
phylter-k020-island_0	24	1876	0	100	0.05	0.66
phylter-k020-island_0	494	1106	349	51	0.2	0.99
phylter-k020-island_0	1031	869	44	56	0.05	0.33
phylter-k020-island_0	902	998	70	30	0.05	0.99
phylter-k020-island_0	94	1806	31	69	0.05	0.33
phylter-k020-island_0	154	1346	152	348	0.25	0.99
phylter-k020-island_0	804	696	0	500	0.25	0.66
phylter-k020-island_0	1119	581	226	74	0.15	0.66
phylter-k020-island_0	151	1649	13	187	0.1	0.99
phylter-k020-island_0	1136	764	41	59	0.05	0.33
phylter-k020-island_0	99	1401	59	441	0.25	0.66
phylter-k020-island_0	926	474	600	0	0.3	0.66
phylter-k020-island_0	1097	303	553	47	0.3	0.99
phylter-k020-island_0	708	892	164	236	0.2	0.66
phylter-k020-island_0	808	892	0	300	0.15	0.33
phylter-k020-island_0	139	1361	48	452	0.25	0.33
phylter-k020-island_0	602	1298	1	99	0.05	0.99
phylter-k020-island_0	481	1019	162	338	0.25	0.33
phylter-k020-island_0	658	1242	6	94	0.05	0.99
phylter-k020-island_0	858	642	230	270	0.25	0.33
phylter-k020-island_0	694	1206	38	62	0.05	0.33
phylter-k020-island_0	1254	446	163	137	0.15	0.33
phylter-k020-island_0	699	901	86	314	0.2	0.66
phylter-k020-island_0	670	730	274	326	0.3	0.66
phylter-k020-island_0	878	522	507	93	0.3	0.99
phylter-k020-island_0	800	700	18	482	0.25	0.66
phylter-k020-island_0	990	810	84	116	0.1	0.33
phylter-k020-island_0	282	1518	46	154	0.1	0.66
phylter-k020-island_0	453	1047	165	335	0.25	0.33
phylter-k020-island_0	938	762	88	212	0.15	0.99
phylter-k020-island_0	413	987	117	483	0.3	0.66
phylter-k020-island_0	319	1281	73	327	0.2	0.33
phylter-k020-island_0	1169	731	49	51	0.05	0.33
phylter-k020-island_0	729	971	0	300	0.15	0.66
phylter-k020-island_0	387	1213	100	300	0.2	0.66
phylter-k020-island_0	232	1468	100	200	0.15	0.99
phylter-k020-island_0	798	902	0	300	0.15	0.66
phylter-k020-island_0	289	1311	75	325	0.2	0.33
phylter-k020-island_0	694	1106	101	99	0.1	0.66
phylter-k020-island_0	821	979	89	111	0.1	0.33
phylter-k020-island_0	572	928	161	339	0.25	0.33
phylter-k020-island_0	617	1283	37	63	0.05	0.99
phylter-k020-island_0	474	1326	191	9	0.1	0.99
phylter-k020-island_0	1235	265	378	122	0.25	0.66
phylter-k020-island_0	331	1469	44	156	0.1	0.33
phylter-k020-island_0	119	1581	38	262	0.15	0.33
phylter-k020-island_0	1114	386	359	141	0.25	0.99
phylter-k020-island_0	1068	432	253	247	0.25	0.33
phylter-k020-island_0	767	1033	123	77	0.1	0.66
phylter-k020-island_0	1482	18	493	7	0.25	0.33
phylter-k020-island_0	893	607	154	346	0.25	0.99
phylter-k020-island_0	408	1192	113	287	0.2	0.33
phylter-k020-island_0	751	1049	195	5	0.1	0.99
phylter-k020-island_0	541	1359	20	80	0.05	0.99
phylter-k020-island_0	1039	661	169	131	0.15	0.33
phylter-k020-island_0	408	1492	8	92	0.05	0.66
phylter-k020-island_0	400	1300	281	19	0.15	0.99
phylter-k020-island_0	108	1692	10	190	0.1	0.33
phylter-k020-island_0	114	1386	31	469	0.25	0.66
phylter-k020-island_0	212	1588	43	157	0.1	0.66
phylter-k020-island_0	83	1417	25	475	0.25	0.33
phylter-k020-island_0	412	1288	275	25	0.15	0.99
phylter-k020-island_0	633	867	249	251	0.25	0.66
phylter-k020-island_0	255	1145	182	418	0.3	0.33
phylter-k020-island_0	177	1423	25	375	0.2	0.33
phylter-k020-island_0	76	1624	17	283	0.15	0.66
phylter-k020-island_0	1004	696	111	189	0.15	0.33
phylter-k020-island_0	1220	480	284	16	0.15	0.99
phylter-k020-island_0	440	1260	100	200	0.15	0.66
phylter-k020-island_0	773	1027	172	28	0.1	0.99
phylter-k020-island_0	1093	507	266	134	0.2	0.33
phylter-k020-island_0	902	498	435	165	0.3	0.33
phylter-k020-island_0	237	1563	33	167	0.1	0.66
phylter-k020-island_0	766	934	174	126	0.15	0.99
phylter-k020-island_0	607	893	492	8	0.25	0.99
phylter-k020-island_0	749	1151	0	100	0.05	0.66
phylter-k020-island_0	110	1690	22	178	0.1	0.33
phylter-k020-island_0	412	1188	83	317	0.2	0.99
phylter-k020-island_0	954	946	2	98	0.05	0.66
phylter-k020-island_0	800	1000	200	0	0.1	0.33
phylter-k020-island_0	642	958	338	62	0.2	0.99
phylter-k020-island_0	326	1174	465	35	0.25	0.99
phylter-k020-island_0	51	1649	24	276	0.15	0.66
phylter-k020-island_0	490	910	176	424	0.3	0.33
phylter-k020-island_0	331	1169	217	283	0.25	0.99
phylter-k020-island_0	727	973	259	41	0.15	0.99
phylter-k020-island_0	425	1175	56	344	0.2	0.66
phylter-k020-island_0	923	677	239	161	0.2	0.66
phylter-k020-island_0	944	756	2	298	0.15	0.66
phylter-k020-island_0	182	1218	71	529	0.3	0.33
phylter-k020-island_0	1264	636	54	46	0.05	0.66
phylter-k020-island_0	885	1015	88	12	0.05	0.99
phylter-k020-island_0	1044	856	43	57	0.05	0.33
phylter-k020-island_0	1143	357	482	18	0.25	0.99
phylter-k020-island_0	41	1559	17	383	0.2	0.66
phylter-k020-island_0	657	743	209	391	0.3	0.66
phylter-k020-island_0	1073	327	541	59	0.3	0.99
phylter-k020-island_0	920	980	1	99	0.05	0.66
phylter-k020-island_0	735	865	114	286	0.2	0.99
phylter-k020-island_0	104	1796	42	58	0.05	0.33
phylter-k020-island_0	1295	105	454	146	0.3	0.66
phylter-k020-island_0	179	1221	56	544	0.3	0.99
phylter-k020-island_0	78	1822	5	95	0.05	0.66
phylter-k020-island_0	738	862	2	398	0.2	0.66
phylter-k020-island_0	0	1600	0	400	0.2	0.99
phylter-k020-island_0	966	934	59	41	0.05	0.33
phylter-k020-island_0	539	961	138	362	0.25	0.66
phylter-k020-island_0	611	1289	14	86	0.05	0.33
phylter-k020-island_0	1168	332	213	287	0.25	0.99
phylter-k020-island_0	1120	780	7	93	0.05	0.99
phylter-k020-island_0	432	1168	390	10	0.2	0.99
phylter-k020-island_0	1130	570	85	215	0.15	0.66
phylter-k020-island_0	187	1413	58	342	0.2	0.66
phylter-k020-island_0	448	1152	118	282	0.2	0.33
phylter-k020-island_0	742	758	1	499	0.25	0.66
phylter-k020-island_0	904	596	255	245	0.25	0.66
phylter-k020-island_0	1008	592	134	266	0.2	0.33
phylter-k020-island_0	570	1330	12	88	0.05	0.99
phylter-k020-island_0	133	1767	26	74	0.05	0.33
phylter-k020-island_0	774	626	280	320	0.3	0.66
phylter-k020-island_0	344	1456	31	169	0.1	0.66
phylter-k020-island_0	715	1085	31	169	0.1	0.33
phylter-k020-island_0	621	1279	78	22	0.05	0.99
phylter-k020-island_0	502	898	187	413	0.3	0.66
phylter-k020-island_0	538	1162	285	15	0.15	0.99
phylter-k020-island_0	1085	815	42	58	0.05	0.33
phylter-k020-island_0	31	1669	25	275	0.15	0.66
phylter-k020-island_0	431	1169	59	341	0.2	0.33
phylter-k020-island_0	682	1018	236	64	0.15	0.99
phylter-k020-island_0	187	1413	42	358	0.2	0.66
phylter-k020-island_0	85	1515	33	367	0.2	0.33
phylter-k020-island_0	270	1430	52	248	0.15	0.66
phylter-k020-island_0	1085	715	115	85	0.1	0.33
phylter-k020-island_0	929	871	1	199	0.1	0.66
phylter-k020-island_0	488	1012	161	339	0.25	0.33
phylter-k020-island_0	405	1295	96	204	0.15	0.66
phylter-k020-island_0	517	1383	22	78	0.05	0.33
phylter-k020-island_0	747	1053	80	120	0.1	0.99
phylter-k020-island_0	41	1659	18	282	0.15	0.33
phylter-k020-island_0	702	898	1	399	0.2	0.66
phylter-k020-island_0	524	876	86	514	0.3	0.99
phylter-k020-island_0	1050	350	430	170	0.3	0.66
phylter-k020-island_0	659	841	175	325	0.25	0.66
phylter-k020-island_0	841	659	235	265	0.25	0.33
phylter-k020-island_0	755	1145	19	81	0.05	0.99
phylter-k020-island_0	894	606	327	173	0.25	0.33
phylter-k020-island_0	352	1148	86	414	0.25	0.33
phylter-k020-island_0	844	1056	80	20	0.05	0.99
phylter-k020-island_0	990	910	0	100	0.05	0.33
phylter-k020-island_0	984	816	0	200	0.1	0.99
phylter-k020-island_0	337	1163	98	402	0.25	0.66
phylter-k020-island_0	975	425	571	29	0.3	0.99
phylter-k020-island_0	888	512	61	539	0.3	0.66
phylter-k020-island_0	1043	557	265	135	0.2	0.66
phylter-k020-island_0	40	1660	17	283	0.15	0.33
phylter-k020-island_0	932	868	0	200	0.1	0.66
phylter-k020-island_0	986	514	305	195	0.25	0.33
phylter-k020-island_0	288	1212	153	347	0.25	0.66
phylter-k020-island_0	365	1335	266	34	0.15	0.99
phylter-k020-island_0	599	1101	112	188	0.15	0.66
phylter-k020-island_0	788	812	1	399	0.2	0.33
phylter-k020-island_0	797	603	321	279	0.3	0.33
phylter-k020-island_0	852	848	46	254	0.15	0.99
phylter-k020-island_0	680	1020	108	192	0.15	0.33
phylter-k020-island_0	778	622	1	599	0.3	0.33
phylter-k020-island_0	655	945	182	218	0.2	0.33
phylter-k020-island_0	49	1651	17	283	0.15	0.66
phylter-k020-island_0	552	1248	189	11	0.1	0.99
phylter-k020-island_0	145	1655	20	180	0.1	0.66
phylter-k020-island_0	556	1244	168	32	0.1	0.99
phylter-k020-island_0	292	1608	9	91	0.05	0.99
phylter-k020-island_0	952	748	230	70	0.15	0.33
phylter-k020-island_0	31	1769	30	170	0.1	0.33
phylter-k020-island_0	100	1400	39	461	0.25	0.66
phylter-k020-island_0	133	1367	36	464	0.25	0.33
phylter-k020-island_0	1048	452	292	208	0.25	0.99
phylter-k020-island_0	1189	311	365	135	0.25	0.99
phylter-k020-island_0	113	1687	13	187	0.1	0.66
phylter-k020-island_0	210	1290	337	163	0.25	0.99
phylter-k020-island_0	426	1074	118	382	0.25	0.33
phylter-k020-island_0	891	1009	7	93	0.05	0.99
phylter-k020-island_0	462	1338	11	189	0.1	0.99
phylter-k020-island_0	292	1308	96	304	0.2	0.33
phylter-k020-island_0	914	586	67	433	0.25	0.66
phylter-k020-island_0	798	902	0	300	0.15	0.99
phylter-k020-island_0	599	1201	65	135	0.1	0.33
phylter-k020-island_0	415	1285	75	225	0.15	0.33
phylter-k020-island_0	1014	486	256	244	0.25	0.66
phylter-k020-island_0	950	850	1	199	0.1	0.66
phylter-k020-island_0	791	609	1	599	0.3	0.66
phylter-k020-island_0	1092	308	588	12	0.3	0.99
phylter-k020-island_0	138	1262	132	468	0.3	0.33
phylter-k020-island_0	760	940	118	182	0.15	0.33
phylter-k020-island_0	471	1429	8	92	0.05	0.33
phylter-k020-island_0	770	1030	189	11	0.1	0.99
phylter-k020-island_0	1113	487	278	122	0.2	0.99
phylter-k020-island_0	1278	222	450	50	0.25	0.33
phylter-k020-island_0	876	1024	96	4	0.05	0.99
phylter-k020-island_0	859	641	192	308	0.25	0.33
phylter-k020-island_0	856	1044	95	5	0.05	0.99
phylter-k020-island_0	588	1012	392	8	0.2	0.99
phylter-k020-island_0	1183	517	235	65	0.15	0.33
phylter-k020-island_0	962	438	20	580	0.3	0.66
phylter-k020-island_0	907	493	422	178	0.3	0.99
phylter-k020-island_0	30	1470	36	464	0.25	0.66
phylter-k020-island_0	753	1047	106	94	0.1	0.66
phylter-k020-island_0	141	1559	40	260	0.15	0.66
phylter-k020-island_0	380	1420	85	115	0.1	0.99
phylter-k020-island_0	334	1266	320	80	0.2	0.99
phylter-k020-island_0	757	843	151	249	0.2	0.33
phylter-k020-island_0	416	1284	85	215	0.15	0.66
phylter-k020-island_0	101	1599	170	130	0.15	0.99
phylter-k020-island_0	193	1207	124	476	0.3	0.33
phylter-k020-island_0	530	1170	47	253	0.15	0.66
phylter-k020-island_0	617	983	119	281	0.2	0.33
phylter-k020-island_0	788	612	285	315	0.3	0.33
phylter-k020-island_0	1238	562	111	89	0.1	0.66
phylter-k020-island_0	342	1358	38	262	0.15	0.99
phylter-k020-island_0	697	703	455	145	0.3	0.66
phylter-k020-island_0	440	1460	42	58	0.05	0.99
phylter-k020-island_0	928	972	0	100	0.05	0.66
phylter-k020-island_0	756	644	595	5	0.3	0.99
phylter-k020-island_0	984	416	12	588	0.3	0.66
phylter-k020-island_0	556	1244	190	10	0.1	0.99
phylter-k020-island_0	989	611	252	148	0.2	0.99
phylter-k020-island_0	1222	278	486	14	0.25	0.99
phylter-k020-island_0	801	1099	92	8	0.05	0.99
phylter-k020-island_0	25	1775	10	190	0.1	0.66
phylter-k020-island_0	326	1574	1	99	0.05	0.99
phylter-k020-island_0	0	1500	39	461	0.25	0.99
phylter-k020-island_0	1160	740	22	78	0.05	0.66
phylter-k020-island_0	725	675	590	10	0.3	0.99
phylter-k020-island_0	819	581	361	239	0.3	0.66
phylter-k020-island_0	582	1018	374	26	0.2	0.99
phylter-k020-island_0	778	722	473	27	0.25	0.99
phylter-k020-island_0	822	978	1	199	0.1	0.66
phylter-k020-island_0	494	1306	191	9	0.1	0.99
phylter-k020-island_0	762	638	578	22	0.3	0.99
phylter-k020-island_0	69	1831	4	96	0.05	0.66
phylter-k020-island_0	1156	644	142	58	0.1	0.66
phylter-k020-island_0	191	1709	16	84	0.05	0.66
phylter-k020-island_0	1290	610	53	47	0.05	0.66
phylter-k020-island_0	599	801	293	307	0.3	0.33
phylter-k020-island_0	891	909	113	87	0.1	0.66
phylter-k020-island_0	919	881	0	200	0.1	0.66
phylter-k020-island_0	889	611	303	197	0.25	0.99
phylter-k020-island_0	949	951	1	99	0.05	0.66
phylter-k020-island_0	466	934	417	183	0.3	0.33
phylter-k020-island_0	831	669	212	288	0.25	0.99
phylter-k020-island_0	555	1245	66	134	0.1	0.66
phylter-k020-island_0	440	960	153	447	0.3	0.66
phylter-k020-island_0	237	1663	16	84	0.05	0.33
phylter-k020-island_0	683	917	98	302	0.2	0.99
phylter-k020-island_0	781	1119	1	99	0.05	0.66
phylter-k020-island_0	488	1412	26	74	0.05	0.66
phylter-k020-island_0	196	1604	28	172	0.1	0.33
phylter-k020-island_0	46	1554	14	386	0.2	0.66
phylter-k020-island_0	16	1884	4	96	0.05	0.33
phylter-k020-island_0	916	684	387	13	0.2	0.99
phylter-k020-island_0	55	1545	1	399	0.2	0.66
phylter-k020-island_0	958	942	0	100	0.05	0.66
phylter-k020-island_0	586	1214	73	127	0.1	0.33
phylter-k020-island_0	975	525	160	340	0.25	0.99
phylter-k020-island_0	1100	300	473	127	0.3	0.66
phylter-k020-island_0	1120	580	272	28	0.15	0.99
phylter-k020-island_0	597	803	155	445	0.3	0.99
phylter-k020-island_0	695	705	287	313	0.3	0.33
phylter-k020-island_0	420	1180	127	273	0.2	0.33
phylter-k020-island_0	262	1638	14	86	0.05	0.33
phylter-k020-island_0	197	1503	10	290	0.15	0.66
phylter-k020-island_0	339	1261	75	325	0.2	0.66
phylter-k020-island_0	788	612	596	4	0.3	0.99
phylter-k020-island_0	1134	566	274	26	0.15	0.99
phylter-k020-island_0	786	1014	64	136	0.1	0.33
phylter-k020-island_0	756	944	0	300	0.15	0.66
phylter-k020-island_0	237	1363	72	328	0.2	0.33
phylter-k020-island_0	111	1289	38	562	0.3	0.33
phylter-k020-island_0	724	976	0	300	0.15	0.33
phylter-k020-island_0	142	1358	177	323	0.25	0.33
phylter-k020-island_0	317	1383	53	247	0.15	0.33
phylter-k020-island_0	917	783	1	299	0.15	0.66
phylter-k020-island_0	790	1010	190	10	0.1	0.99
phylter-k020-island_0	64	1836	33	67	0.05	0.33
phylter-k020-island_0	602	898	209	291	0.25	0.66
phylter-k020-island_0	1027	773	71	129	0.1	0.33
phylter-k020-island_0	569	1031	72	328	0.2	0.66
phylter-k020-island_0	1028	672	150	150	0.15	0.33
phylter-k020-island_0	792	1008	0	200	0.1	0.99
phylter-k020-island_0	779	1121	36	64	0.05	0.33
phylter-k020-island_0	1014	686	114	186	0.15	0.33
phylter-k020-island_0	866	534	386	214	0.3	0.33
phylter-k020-island_0	235	1465	29	271	0.15	0.33
phylter-k020-island_0	740	860	1	399	0.2	0.66
phylter-k020-island_0	29	1771	12	188	0.1	0.33
phylter-k020-island_0	684	816	149	351	0.25	0.66
phylter-k020-island_0	819	681	210	290	0.25	0.33
phylter-k020-island_0	916	584	482	18	0.25	0.99
phylter-k020-island_0	128	1772	38	62	0.05	0.33
phylter-k020-island_0	113	1787	0	100	0.05	0.99
phylter-k020-island_0	1220	580	158	42	0.1	0.99
phylter-k020-island_0	78	1822	15	85	0.05	0.33
phylter-k020-island_0	1145	455	367	33	0.2	0.99
phylter-k020-island_0	34	1866	36	64	0.05	0.66
phylter-k020-island_0	869	531	0	600	0.3	0.66
phylter-k020-island_0	767	633	27	573	0.3	0.99
phylter-k020-island_0	866	734	255	145	0.2	0.66
phylter-k020-island_0	13	1887	0	100	0.05	0.33
phylter-k020-island_0	448	1152	99	301	0.2	0.99
phylter-k020-island_0	458	1142	153	247	0.2	0.66
phylter-k020-island_0	943	957	1	99	0.05	0.66
phylter-k020-island_0	1001	399	361	239	0.3	0.66
phylter-k020-island_0	711	689	592	8	0.3	0.99
phylter-k020-island_0	997	603	0	400	0.2	0.33
phylter-k020-island_0	334	1566	26	74	0.05	0.99
phylter-k020-island_0	1275	225	383	117	0.25	0.99
phylter-k020-island_0	67	1833	20	80	0.05	0.33
phylter-k020-island_0	1020	380	346	254	0.3	0.99
phylter-k020-island_0	1030	670	106	194	0.15	0.99
phylter-k020-island_0	668	1232	57	43	0.05	0.66
phylter-k020-island_0	452	1148	51	349	0.2	0.33
phylter-k020-island_0	481	1019	186	314	0.25	0.66
phylter-k020-island_0	865	735	1	399	0.2	0.33
phylter-k020-island_0	880	1020	1	99	0.05	0.33
phylter-k020-island_0	641	859	0	500	0.25	0.99
phylter-k020-island_0	981	519	310	190	0.25	0.66
phylter-k020-island_0	308	1192	473	27	0.25	0.99
phylter-k020-island_0	1044	656	176	124	0.15	0.66
phylter-k020-island_0	754	846	314	86	0.2	0.99
phylter-k020-island_0	534	1266	57	143	0.1	0.33
phylter-k020-island_0	179	1721	13	87	0.05	0.66
phylter-k020-island_0	502	1098	374	26	0.2	0.99
phylter-k020-island_0	738	662	278	322	0.3	0.33
phylter-k020-island_0	433	1367	51	149	0.1	0.33
phylter-k020-island_0	81	1819	6	94	0.05	0.66
phylter-k020-island_0	464	1036	332	168	0.25	0.99
phylter-k020-island_0	502	1098	172	228	0.2	0.66
phylter-k020-island_0	867	533	392	208	0.3	0.33
phylter-k020-island_0	805	895	0	300	0.15	0.66
phylter-k020-island_0	505	1095	124	276	0.2	0.66
phylter-k020-island_0	836	864	200	100	0.15	0.99
phylter-k020-island_0	542	1058	96	304	0.2	0.66
phylter-k020-island_0	668	1032	209	91	0.15	0.99
phylter-k020-island_0	700	1100	88	112	0.1	0.33
phylter-k020-island_0	796	804	387	13	0.2	0.99
phylter-k020-island_0	951	449	346	254	0.3	0.33
phylter-k020-island_0	877	623	6	494	0.25	0.99
phylter-k020-island_0	439	1361	55	145	0.1	0.66
phylter-k020-island_0	970	430	542	58	0.3	0.33
phylter-k020-island_0	944	956	0	100	0.05	0.99
phylter-k020-island_0	1055	645	126	174	0.15	0.66
phylter-k020-island_0	127	1473	46	354	0.2	0.33
phylter-k020-island_0	859	841	216	84	0.15	0.99
phylter-k020-island_0	47	1753	12	188	0.1	0.33
phylter-k020-island_0	376	1224	170	230	0.2	0.33
phylter-k020-island_0	394	1306	92	208	0.15	0.66
phylter-k020-island_0	199	1201	193	407	0.3	0.33
phylter-k020-island_0	34	1666	0	300	0.15	0.99
phylter-k020-island_0	1237	563	130	70	0.1	0.66
phylter-k020-island_0	428	1372	24	176	0.1	0.33
phylter-k020-island_0	801	699	206	294	0.25	0.66
phylter-k020-island_0	225	1475	54	246	0.15	0.33
phylter-k020-island_0	870	1030	0	100	0.05	0.99
phylter-k020-island_0	101	1299	48	552	0.3	0.33
phylter-k020-island_0	36	1764	0	200	0.1	0.99
phylter-k020-island_0	627	873	484	16	0.25	0.99
phylter-k020-island_0	547	953	245	255	0.25	0.33
phylter-k020-island_0	697	803	219	281	0.25	0.33
phylter-k020-island_0	597	1103	107	193	0.15	0.33
phylter-k020-island_0	1027	473	393	107	0.25	0.66
phylter-k020-island_0	866	934	0	200	0.1	0.33
phylter-k020-island_0	433	1267	105	195	0.15	0.66
phylter-k020-island_0	629	971	374	26	0.2	0.99
phylter-k020-island_0	538	1262	77	123	0.1	0.99
phylter-k020-island_0	1002	498	248	252	0.25	0.33
phylter-k020-island_0	866	934	1	199	0.1	0.33
phylter-k020-island_0	989	811	1	199	0.1	0.66
phylter-k020-island_0	333	1367	83	217	0.15	0.66
phylter-k020-island_0	829	971	0	200	0.1	0.99
phylter-k020-island_0	497	1103	67	333	0.2	0.33
phylter-k020-island_0	705	995	283	17	0.15	0.99
phylter-k020-island_0	536	1164	55	245	0.15	0.33
phylter-k020-island_0	1011	589	251	149	0.2	0.33
phylter-k020-island_0	512	1188	107	193	0.15	0.66
phylter-k020-island_0	1127	273	536	64	0.3	0.99
phylter-k020-island_0	374	1326	255	45	0.15	0.99
phylter-k020-island_0	492	1008	102	398	0.25	0.66
phylter-k020-island_0	788	712	240	260	0.25	0.33
phylter-k020-island_0	1083	417	150	350	0.25	0.33
phylter-k020-island_0	897	903	4	196	0.1	0.66
phylter-k020-island_0	775	625	595	5	0.3	0.99
phylter-k020-island_0	792	608	305	295	0.3	0.66
phylter-k020-island_0	860	840	0	300	0.15	0.99
phylter-k020-island_0	914	586	70	430	0.25	0.66
phylter-k020-island_0	466	1234	93	207	0.15	0.33
phylter-k020-island_0	208	1392	127	273	0.2	0.66
phylter-k020-island_0	260	1340	75	325	0.2	0.33
phylter-k020-island_0	325	1575	29	71	0.05	0.33
phylter-k020-island_0	904	896	0	200	0.1	0.99
phylter-k020-island_0	373	1427	25	175	0.1	0.33
phylter-k020-island_0	652	1248	9	91	0.05	0.99
phylter-k020-island_0	808	692	1	499	0.25	0.33
phylter-k020-island_0	357	1443	73	127	0.1	0.66
phylter-k020-island_0	710	790	1	499	0.25	0.33
phylter-k020-island_0	936	664	195	205	0.2	0.66
phylter-k020-island_0	190	1510	25	275	0.15	0.33
phylter-k020-island_0	729	771	1	499	0.25	0.66
phylter-k020-island_0	992	408	372	228	0.3	0.99
phylter-k020-island_0	237	1163	187	413	0.3	0.66
phylter-k020-island_0	192	1708	19	81	0.05	0.33
phylter-k020-island_0	1265	535	160	40	0.1	0.99
phylter-k020-island_0	819	781	391	9	0.2	0.99
phylter-k020-island_0	316	1484	33	167	0.1	0.99
phylter-k020-island_0	1012	388	590	10	0.3	0.99
phylter-k020-island_0	492	908	156	444	0.3	0.66
phylter-k020-island_0	240	1660	14	86	0.05	0.66
phylter-k020-island_0	910	990	0	100	0.05	0.99
phylter-k020-island_0	1199	301	480	20	0.25	0.99
phylter-k020-island_0	755	745	145	355	0.25	0.99
phylter-k020-island_0	948	952	49	51	0.05	0.99
phylter-k020-island_0	961	839	0	200	0.1	0.99
phylter-k020-island_0	1073	527	52	348	0.2	0.99
phylter-k020-island_0	759	641	589	11	0.3	0.99
phylter-k020-island_0	336	1064	184	416	0.3	0.66
phylter-k020-island_0	181	1719	20	80	0.05	0.66
phylter-k020-island_0	420	1380	88	112	0.1	0.66
phylter-k020-island_0	916	984	0	100	0.05	0.99
phylter-k020-island_0	1014	386	472	128	0.3	0.66
phylter-k020-island_0	983	417	186	414	0.3	0.33
phylter-k020-island_0	590	1010	369	31	0.2	0.99
phylter-k020-island_0	918	882	70	130	0.1	0.66
phylter-k020-island_0	282	1518	51	149	0.1	0.99
phylter-k020-island_0	530	1170	111	189	0.15	0.33
phylter-k020-island_0	927	573	360	140	0.25	0.66
phylter-k020-island_0	1305	495	117	83	0.1	0.66
phylter-k020-island_0	810	590	254	346	0.3	0.66
phylter-k020-island_0	776	624	589	11	0.3	0.99
phylter-k020-island_0	884	1016	82	18	0.05	0.99
phylter-k020-island_0	778	722	213	287	0.25	0.33
phylter-k020-island_0	619	981	187	213	0.2	0.99
phylter-k020-island_0	426	1174	56	344	0.2	0.99
phylter-k020-island_0	823	1077	54	46	0.05	0.99
phylter-k020-island_0	565	935	149	351	0.25	0.33
phylter-k020-island_0	720	880	156	244	0.2	0.33
phylter-k020-island_0	835	965	152	48	0.1	0.99
phylter-k020-island_0	1250	450	291	9	0.15	0.99
phylter-k020-island_0	282	1118	208	392	0.3	0.66
phylter-k020-island_0	761	639	588	12	0.3	0.99
phylter-k020-island_0	753	747	0	500	0.25	0.66
phylter-k020-island_0	459	1341	67	133	0.1	0.66
phylter-k020-island_0	989	711	137	163	0.15	0.33
phylter-k020-island_0	1242	258	373	127	0.25	0.33
phylter-k020-island_0	1122	278	192	408	0.3	0.33
phylter-k020-island_0	1271	429	162	138	0.15	0.99
phylter-k020-island_0	733	667	338	262	0.3	0.99
phylter-k020-island_0	876	624	212	288	0.25	0.66
phylter-k020-island_0	113	1487	16	384	0.2	0.33
phylter-k020-island_0	679	1021	130	170	0.15	0.66
phylter-k020-island_0	1154	546	216	84	0.15	0.99
phylter-k020-island_0	577	823	600	0	0.3	0.33
phylter-k020-island_0	535	1165	81	219	0.15	0.33
phylter-k020-island_0	1118	582	166	134	0.15	0.66
phylter-k020-island_0	149	1651	10	190	0.1	0.99
phylter-k020-island_0	1209	391	189	211	0.2	0.33
phylter-k020-island_0	412	1188	150	250	0.2	0.33
phylter-k020-island_0	218	1482	51	249	0.15	0.66
phylter-k020-island_0	776	1024	187	13	0.1	0.99
phylter-k020-island_0	254	1146	110	490	0.3	0.33
phylter-k020-island_0	1075	625	107	193	0.15	0.33
phylter-k020-island_0	13	1387	514	86	0.3	0.99
phylter-k020-island_0	839	861	137	163	0.15	0.99
phylter-k020-island_0	101	1399	20	480	0.25	0.33
phylter-k020-island_0	1141	259	458	142	0.3	0.33
phylter-k020-island_0	539	1161	70	230	0.15	0.66
phylter-k020-island_0	728	872	123	277	0.2	0.33
phylter-k020-island_0	262	1238	77	423	0.25	0.66
phylter-k020-island_0	941	759	0	300	0.15	0.99
phylter-k020-island_0	1497	3	468	32	0.25	0.33
phylter-k020-island_0	7	1393	3	597	0.3	0.99
phylter-k020-island_0	430	1170	104	296	0.2	0.66
phylter-k020-island_0	907	793	194	106	0.15	0.33
phylter-k020-island_0	982	518	1	499	0.25	0.66
phylter-k020-island_0	792	908	202	98	0.15	0.99
phylter-k020-island_0	71	1729	24	176	0.1	0.33
phylter-k020-island_0	595	1205	6	194	0.1	0.99
phylter-k020-island_0	905	995	0	100	0.05	0.33
phylter-k020-island_0	147	1453	36	364	0.2	0.33
phylter-k020-island_0	643	1057	138	162	0.15	0.33
phylter-k020-island_0	93	1707	20	180	0.1	0.33
phylter-k020-island_0	1109	391	332	168	0.25	0.66
phylter-k020-island_0	274	1426	80	220	0.15	0.33
phylter-k020-island_0	482	1118	90	310	0.2	0.66
phylter-k020-island_0	1143	557	120	180	0.15	0.33
phylter-k020-island_0	753	1047	0	200	0.1	0.99
phylter-k020-island_0	980	920	0	100	0.05	0.33
phylter-k020-island_0	1473	27	493	7	0.25	0.33
phylter-k020-island_0	168	1432	18	382	0.2	0.99
phylter-k020-island_0	363	1037	119	481	0.3	0.33
phylter-k020-island_0	224	1376	67	333	0.2	0.66
phylter-k020-island_0	1203	597	84	116	0.1	0.33
phylter-k020-island_0	614	1286	31	69	0.05	0.66
phylter-k020-island_0	746	1054	78	122	0.1	0.66
phylter-k020-island_0	871	529	304	296	0.3	0.66
phylter-k020-island_0	518	1282	200	0	0.1	0.66
phylter-k020-island_0	344	1056	113	487	0.3	0.33
phylter-k020-island_0	213	1687	15	85	0.05	0.33
phylter-k020-island_0	1154	746	54	46	0.05	0.66
phylter-k020-island_0	214	1186	100	500	0.3	0.66
phylter-k020-island_0	1036	464	497	3	0.25	0.99
phylter-k020-island_0	451	1149	123	277	0.2	0.66
phylter-k020-island_0	928	872	1	199	0.1	0.33
phylter-k020-island_0	507	1393	3	97	0.05	0.66
phylter-k020-island_0	934	666	259	141	0.2	0.99
phylter-k020-island_0	989	911	0	100	0.05	0.33
phylter-k020-island_0	202	1198	183	417	0.3	0.33
phylter-k020-island_0	1007	793	97	103	0.1	0.33
phylter-k020-island_0	121	1779	13	87	0.05	0.66
phylter-k020-island_0	994	606	181	219	0.2	0.66
phylter-k020-island_0	646	954	190	210	0.2	0.99
phylter-k020-island_0	701	1199	25	75	0.05	0.33
phylter-k020-island_0	368	1032	312	288	0.3	0.66
phylter-k020-island_0	288	1212	235	265	0.25	0.99
phylter-k020-island_0	259	1541	55	145	0.1	0.66
phylter-k020-island_0	883	1017	94	6	0.05	0.99
phylter-k020-island_0	739	661	320	280	0.3	0.66
phylter-k020-island_0	544	1056	82	318	0.2	0.99
phylter-k020-island_0	27	1773	6	194	0.1	0.66
phylter-k020-island_0	134	1666	11	189	0.1	0.99
phylter-k020-island_0	490	1110	313	87	0.2	0.99
phylter-k020-island_0	1082	718	61	139	0.1	0.33
phylter-k020-island_0	926	474	506	94	0.3	0.66
phylter-k020-island_0	1049	351	571	29	0.3	0.99
phylter-k020-island_0	1174	726	60	40	0.05	0.66
phylter-k020-island_0	1261	239	181	319	0.25	0.99
phylter-k020-island_0	1522	378	99	1	0.05	0.99
phylter-k020-island_0	979	921	0	100	0.05	0.99
phylter-k020-island_0	944	556	263	237	0.25	0.99
phylter-k020-island_0	849	751	82	318	0.2	0.99
phylter-k020-island_0	191	1609	21	179	0.1	0.99
phylter-k020-island_0	851	549	203	397	0.3	0.66
phylter-k020-island_0	601	799	556	44	0.3	0.99
phylter-k020-island_0	440	1460	28	72	0.05	0.66
phylter-k020-island_0	797	703	280	220	0.25	0.33
phylter-k020-island_0	289	1211	160	340	0.25	0.66
phylter-k020-island_0	716	684	600	0	0.3	0.99
phylter-k020-island_0	453	1247	288	12	0.15	0.99
phylter-k020-island_0	607	793	199	401	0.3	0.33
phylter-k020-island_0	1262	438	181	119	0.15	0.66
phylter-k020-island_0	713	887	144	256	0.2	0.33
phylter-k020-island_0	277	1423	55	245	0.15	0.33
phylter-k020-island_0	405	995	212	388	0.3	0.33
phylter-k020-island_0	244	1456	28	272	0.15	0.99
phylter-k020-island_0	843	757	251	149	0.2	0.33
phylter-k020-island_0	676	1024	24	276	0.15	0.66
phylter-k020-island_0	619	1181	65	135	0.1	0.99
phylter-k020-island_0	719	1081	0	200	0.1	0.99
phylter-k020-island_0	754	646	596	4	0.3	0.99
phylter-k020-island_0	773	627	137	463	0.3	0.66
phylter-k020-island_0	928	872	0	200	0.1	0.66
phylter-k020-island_0	968	532	328	172	0.25	0.66
phylter-k020-island_0	317	1383	52	248	0.15	0.33
phylter-k020-island_0	329	1271	144	256	0.2	0.99
phylter-k020-island_0	865	1035	98	2	0.05	0.99
phylter-k020-island_0	294	1206	500	0	0.25	0.33
phylter-k020-island_0	717	1183	86	14	0.05	0.99
phylter-k020-island_0	576	924	183	317	0.25	0.33
phylter-k020-island_0	585	1015	332	68	0.2	0.99
phylter-k020-island_0	1167	633	46	154	0.1	0.99
phylter-k020-island_0	950	650	152	248	0.2	0.33
phylter-k020-island_0	1512	188	293	7	0.15	0.33
phylter-k020-island_0	1282	518	107	93	0.1	0.66
phylter-k020-island_0	916	584	232	268	0.25	0.66
phylter-k020-island_0	1056	344	482	118	0.3	0.99
phylter-k020-island_0	746	654	60	540	0.3	0.66
phylter-k020-island_0	765	935	0	300	0.15	0.99
phylter-k020-island_0	470	1030	154	346	0.25	0.33
phylter-k020-island_0	1134	266	589	11	0.3	0.99
phylter-k020-island_0	1168	532	91	209	0.15	0.99
phylter-k020-island_0	689	1111	127	73	0.1	0.33
phylter-k020-island_0	774	726	1	499	0.25	0.66
phylter-k020-island_0	825	875	96	204	0.15	0.33
phylter-k020-island_0	803	797	1	399	0.2	0.66
phylter-k020-island_0	3	1397	0	600	0.3	0.99
phylter-k020-island_0	732	968	105	195	0.15	0.33
phylter-k020-island_0	912	688	171	229	0.2	0.33
phylter-k020-island_0	38	1862	11	89	0.05	0.33
phylter-k020-island_0	591	1209	19	181	0.1	0.99
phylter-k020-island_0	1152	448	247	153	0.2	0.66
phylter-k020-island_0	948	752	1	299	0.15	0.33
phylter-k020-island_0	1004	496	265	235	0.25	0.66
phylter-k020-island_0	276	1524	42	158	0.1	0.33
phylter-k020-island_0	102	1798	19	81	0.05	0.33
phylter-k020-island_0	704	1096	200	0	0.1	0.99
phylter-k020-island_0	860	840	158	142	0.15	0.33
phylter-k020-island_0	681	819	255	245	0.25	0.33
phylter-k020-island_0	220	1180	95	505	0.3	0.33
phylter-k020-island_0	1254	446	135	165	0.15	0.66
phylter-k020-island_0	559	1241	121	79	0.1	0.99
phylter-k020-island_0	351	1249	62	338	0.2	0.33
phylter-k020-island_0	556	1144	106	194	0.15	0.99
phylter-k020-island_0	1201	199	328	272	0.3	0.99
phylter-k020-island_0	220	1480	36	264	0.15	0.33
phylter-k020-island_0	362	1138	129	371	0.25	0.33
phylter-k020-island_0	1141	459	283	117	0.2	0.33
phylter-k020-island_0	729	971	94	206	0.15	0.66
phylter-k020-island_0	704	696	303	297	0.3	0.33
phylter-k020-island_0	438	962	353	247	0.3	0.99
phylter-k020-island_0	352	1348	277	23	0.15	0.99
phylter-k020-island_0	709	791	0	500	0.25	0.66
phylter-k020-island_0	834	566	0	600	0.3	0.66
phylter-k020-island_0	921	579	185	315	0.25	0.99
phylter-k020-island_0	37	1763	28	172	0.1	0.33
phylter-k020-island_0	515	1385	48	52	0.05	0.66
phylter-k020-island_0	255	1345	45	355	0.2	0.66
phylter-k020-island_0	186	1214	47	553	0.3	0.33
phylter-k020-island_0	1111	489	251	149	0.2	0.99
phylter-k020-island_0	173	1727	11	89	0.05	0.33
phylter-k020-island_0	808	792	0	400	0.2	0.66
phylter-k020-island_0	1412	388	132	68	0.1	0.33
phylter-k020-island_0	613	1287	45	55	0.05	0.66
phylter-k020-island_0	517	1083	391	9	0.2	0.99
phylter-k020-island_0	41	1859	17	83	0.05	0.33
phylter-k020-island_0	1121	379	489	11	0.25	0.99
phylter-k020-island_0	801	599	1	599	0.3	0.33
phylter-k020-island_0	1123	477	156	244	0.2	0.99
phylter-k020-island_0	214	1686	35	65	0.05	0.66
phylter-k020-island_0	514	1286	47	153	0.1	0.33
phylter-k020-island_0	243	1357	83	317	0.2	0.66
phylter-k020-island_0	993	807	93	107	0.1	0.66
phylter-k020-island_0	806	594	251	349	0.3	0.66
phylter-k020-island_0	907	893	101	99	0.1	0.66
phylter-k020-island_0	236	1664	45	55	0.05	0.33
phylter-k020-island_0	793	607	373	227	0.3	0.33
phylter-k020-island_0	914	986	0	100	0.05	0.66
phylter-k020-island_0	681	719	587	13	0.3	0.99
phylter-k020-island_0	995	905	40	60	0.05	0.66
phylter-k020-island_0	161	1439	45	355	0.2	0.33
phylter-k020-island_0	831	669	237	263	0.25	0.66
phylter-k020-island_0	73	1427	53	447	0.25	0.66
phylter-k020-island_0	1002	898	1	99	0.05	0.33
phylter-k020-island_0	273	1227	55	445	0.25	0.99
phylter-k020-island_0	415	1185	79	321	0.2	0.33
phylter-k020-island_0	896	1004	66	34	0.05	0.99
phylter-k020-island_0	874	626	492	8	0.25	0.99
phylter-k020-island_0	338	1562	22	78	0.05	0.33
phylter-k020-island_0	544	1056	391	9	0.2	0.99
phylter-k020-island_0	18	1582	31	369	0.2	0.66
phylter-k020-island_0	419	1281	300	0	0.15	0.33
phylter-k020-island_0	999	901	26	74	0.05	0.66
phylter-k020-island_0	587	813	495	105	0.3	0.99
phylter-k020-island_0	813	587	322	278	0.3	0.66
phylter-k020-island_0	930	970	49	51	0.05	0.33
phylter-k020-island_0	470	1130	60	340	0.2	0.99
phylter-k020-island_0	971	929	0	100	0.05	0.66
phylter-k020-island_0	764	636	573	27	0.3	0.99
phylter-k020-island_0	190	1210	67	533	0.3	0.66
phylter-k020-island_0	550	950	106	394	0.25	0.66
phylter-k020-island_0	425	1175	109	291	0.2	0.66
phylter-k020-island_0	433	1067	453	47	0.25	0.99
phylter-k020-island_0	1008	892	0	100	0.05	0.33
phylter-k020-island_0	971	929	0	100	0.05	0.99
phylter-k020-island_0	358	1242	82	318	0.2	0.33
phylter-k020-island_0	322	1178	500	0	0.25	0.33
phylter-k020-island_0	54	1346	22	578	0.3	0.33
phylter-k020-island_0	382	1318	83	217	0.15	0.66
phylter-k020-island_0	294	1406	71	229	0.15	0.99
phylter-k020-island_0	861	739	0	400	0.2	0.66
phylter-k020-island_0	848	852	213	87	0.15	0.99
phylter-k020-island_0	26	1774	24	176	0.1	0.33
phylter-k020-island_0	552	848	268	332	0.3	0.33
phylter-k020-island_0	792	908	1	299	0.15	0.66
phylter-k020-island_0	594	1006	215	185	0.2	0.99
phylter-k020-island_0	833	667	403	97	0.25	0.99
phylter-k020-island_0	668	932	269	131	0.2	0.99
phylter-k020-island_0	822	878	140	160	0.15	0.66
phylter-k020-island_0	307	1493	41	159	0.1	0.33
phylter-k020-island_0	970	930	1	99	0.05	0.66
phylter-k020-island_0	154	1246	119	481	0.3	0.33
phylter-k020-island_0	360	1240	377	23	0.2	0.99
phylter-k020-island_0	436	1364	200	0	0.1	0.33
phylter-k020-island_0	885	1015	0	100	0.05	0.66
phylter-k020-island_0	615	885	283	217	0.25	0.99
phylter-k020-island_0	963	637	218	182	0.2	0.66
phylter-k020-island_0	25	1675	7	293	0.15	0.33
phylter-k020-island_0	432	1068	149	351	0.25	0.66
phylter-k020-island_0	322	1478	22	178	0.1	0.33
phylter-k020-island_0	456	1344	74	126	0.1	0.99
phylter-k020-island_0	149	1751	14	86	0.05	0.99
phylter-k020-island_0	169	1231	70	530	0.3	0.33
phylter-k020-island_0	979	521	250	250	0.25	0.33
phylter-k020-island_0	927	573	234	266	0.25	0.99
phylter-k020-island_0	837	663	485	15	0.25	0.99
phylter-k020-island_0	224	1276	110	390	0.25	0.33
phylter-k020-island_0	1316	484	113	87	0.1	0.33
phylter-k020-island_0	209	1291	72	428	0.25	0.66
phylter-k020-island_0	297	1403	65	235	0.15	0.33
phylter-k020-island_0	839	1061	92	8	0.05	0.99
phylter-k020-island_0	418	1282	81	219	0.15	0.66
phylter-k020-island_0	767	1033	190	10	0.1	0.99
phylter-k020-island_0	1238	262	474	26	0.25	0.99
phylter-k020-island_0	799	1001	0	200	0.1	0.66
phylter-k020-island_0	475	1125	153	247	0.2	0.33
phylter-k020-island_0	757	943	0	300	0.15	0.66
phylter-k020-island_0	831	569	425	175	0.3	0.33
phylter-k020-island_0	740	1160	100	0	0.05	0.99
phylter-k020-island_0	1130	570	229	71	0.15	0.99
phylter-k020-island_0	339	1461	48	152	0.1	0.33
phylter-k020-island_0	836	564	1	599	0.3	0.33
phylter-k020-island_0	39	1661	7	293	0.15	0.66
phylter-k020-island_0	627	973	52	348	0.2	0.33
phylter-k020-island_0	472	1228	281	19	0.15	0.99
phylter-k020-island_0	932	868	15	185	0.1	0.66
phylter-k020-island_0	764	836	0	400	0.2	0.66
phylter-k020-island_0	230	1470	43	257	0.15	0.33
phylter-k020-island_0	269	1231	150	350	0.25	0.66
phylter-k020-island_0	866	834	18	282	0.15	0.99
phylter-k020-island_0	533	867	299	301	0.3	0.66
phylter-k020-island_0	754	646	585	15	0.3	0.99
phylter-k020-island_0	696	1104	0	200	0.1	0.99
phylter-k020-island_0	471	1429	39	61	0.05	0.33
phylter-k020-island_0	432	1168	110	290	0.2	0.33
phylter-k020-island_0	1180	620	91	109	0.1	0.33
phylter-k020-island_0	330	1570	8	92	0.05	0.99
phylter-k020-island_0	305	1195	102	398	0.25	0.33
phylter-k020-island_0	767	1033	0	200	0.1	0.66
phylter-k020-island_0	898	1002	1	99	0.05	0.99
phylter-k020-island_0	684	816	148	352	0.25	0.33
phylter-k020-island_0	481	919	121	479	0.3	0.66
phylter-k020-island_0	1062	338	439	161	0.3	0.99
phylter-k020-island_0	626	874	248	252	0.25	0.66
phylter-k020-island_0	760	940	92	208	0.15	0.33
phylter-k020-island_0	244	1356	125	275	0.2	0.66
phylter-k020-island_0	825	975	111	89	0.1	0.99
phylter-k020-island_0	624	1276	25	75	0.05	0.33
phylter-k020-island_0	1417	83	491	9	0.25	0.33
phylter-k020-island_0	766	1034	1	199	0.1	0.66
phylter-k020-island_0	763	1037	86	114	0.1	0.33
phylter-k020-island_0	738	862	1	399	0.2	0.33
phylter-k020-island_0	36	1664	7	293	0.15	0.66
phylter-k020-island_0	225	1575	17	183	0.1	0.99
phylter-k020-island_0	37	1663	46	254	0.15	0.33
phylter-k020-island_0	641	1059	295	5	0.15	0.99
phylter-k020-island_0	19	1681	34	266	0.15	0.66
phylter-k020-island_0	803	797	1	399	0.2	0.33
phylter-k020-island_0	729	771	286	214	0.25	0.66
phylter-k020-island_0	486	1214	293	7	0.15	0.99
phylter-k020-island_0	1054	346	506	94	0.3	0.99
phylter-k020-island_0	261	1239	81	419	0.25	0.33
phylter-k020-island_0	127	1373	60	440	0.25	0.33
phylter-k020-island_0	33	1767	23	177	0.1	0.33
phylter-k020-island_0	1007	793	89	111	0.1	0.66
phylter-k050-island_0	565	1035	376	24	0.2	0.99
phylter-k050-island_0	980	720	1	299	0.15	0.66
phylter-k050-island_0	1033	567	231	169	0.2	0.33
phylter-k050-island_0	1202	198	417	183	0.3	0.33
phylter-k050-island_0	776	924	253	47	0.15	0.99
phylter-k050-island_0	1252	348	306	94	0.2	0.33
phylter-k050-island_0	1275	425	226	74	0.15	0.66
phylter-k050-island_0	1113	287	460	140	0.3	0.66
phylter-k050-island_0	1382	318	300	0	0.15	0.99
phylter-k050-island_0	832	968	70	130	0.1	0.66
phylter-k050-island_0	929	971	53	47	0.05	0.99
phylter-k050-island_0	699	1001	91	209	0.15	0.33
phylter-k050-island_0	1264	136	528	72	0.3	0.33
phylter-k050-island_0	908	492	592	8	0.3	0.99
phylter-k050-island_0	994	406	418	182	0.3	0.66
phylter-k050-island_0	1022	478	359	141	0.25	0.66
phylter-k050-island_0	859	941	168	32	0.1	0.99
phylter-k050-island_0	906	594	353	147	0.25	0.33
phylter-k050-island_0	197	1703	25	75	0.05	0.99
phylter-k050-island_0	1076	524	400	0	0.2	0.99
phylter-k050-island_0	1181	319	379	121	0.25	0.33
phylter-k050-island_0	1001	899	0	100	0.05	0.99
phylter-k050-island_0	1047	753	0	200	0.1	0.66
phylter-k050-island_0	839	661	329	171	0.25	0.66
phylter-k050-island_0	983	417	596	4	0.3	0.99
phylter-k050-island_0	858	542	296	304	0.3	0.66
phylter-k050-island_0	1298	302	281	119	0.2	0.66
phylter-k050-island_0	1118	582	207	93	0.15	0.33
phylter-k050-island_0	323	1377	64	236	0.15	0.66
phylter-k050-island_0	1693	107	200	0	0.1	0.99
phylter-k050-island_0	1306	194	478	22	0.25	0.99
phylter-k050-island_0	585	1215	59	141	0.1	0.66
phylter-k050-island_0	963	837	196	4	0.1	0.99
phylter-k050-island_0	832	568	592	8	0.3	0.99
phylter-k050-island_0	977	923	0	100	0.05	0.66
phylter-k050-island_0	1776	24	200	0	0.1	0.66
phylter-k050-island_0	971	929	0	100	0.05	0.66
phylter-k050-island_0	1003	397	17	583	0.3	0.66
phylter-k050-island_0	678	722	585	15	0.3	0.99
phylter-k050-island_0	1006	594	395	5	0.2	0.99
phylter-k050-island_0	1196	604	157	43	0.1	0.99
phylter-k050-island_0	1541	359	85	15	0.05	0.99
phylter-k050-island_0	1022	478	466	34	0.25	0.99
phylter-k050-island_0	1531	269	164	36	0.1	0.66
phylter-k050-island_0	887	613	483	17	0.25	0.99
phylter-k050-island_0	1176	724	41	59	0.05	0.99
phylter-k050-island_0	1008	892	100	0	0.05	0.66
phylter-k050-island_0	1228	172	555	45	0.3	0.66
phylter-k050-island_0	791	609	575	25	0.3	0.99
phylter-k050-island_0	657	1143	190	10	0.1	0.99
phylter-k050-island_0	1449	151	389	11	0.2	0.99
phylter-k050-island_0	880	620	495	5	0.25	0.99
phylter-k050-island_0	929	871	0	200	0.1	0.66
phylter-k050-island_0	1148	252	503	97	0.3	0.66
phylter-k050-island_0	446	1454	13	87	0.05	0.33
phylter-k050-island_0	1030	570	400	0	0.2	0.99
phylter-k050-island_0	1224	376	200	200	0.2	0.66
phylter-k050-island_0	1895	5	100	0	0.05	0.66
phylter-k050-island_0	1800	0	200	0	0.1	0.33
phylter-k050-island_0	984	916	0	100	0.05	0.66
phylter-k050-island_0	263	1637	35	65	0.05	0.33
phylter-k050-island_0	1455	145	379	21	0.2	0.99
phylter-k050-island_0	308	1592	13	87	0.05	0.66
phylter-k050-island_0	1528	272	143	57	0.1	0.33
phylter-k050-island_0	990	610	252	148	0.2	0.66
phylter-k050-island_0	1430	70	482	18	0.25	0.99
phylter-k050-island_0	947	453	0	600	0.3	0.66
phylter-k050-island_0	1026	874	10	90	0.05	0.66
phylter-k050-island_0	1377	523	55	45	0.05	0.66
phylter-k050-island_0	1140	260	337	263	0.3	0.33
phylter-k050-island_0	1027	773	31	169	0.1	0.66
phylter-k050-island_0	1004	796	1	199	0.1	0.66
phylter-k050-island_0	234	1266	489	11	0.25	0.99
phylter-k050-island_0	1111	289	260	340	0.3	0.33
phylter-k050-island_0	965	535	316	184	0.25	0.33
phylter-k050-island_0	245	1455	34	266	0.15	0.66
phylter-k050-island_0	973	927	0	100	0.05	0.33
phylter-k050-island_0	1610	190	195	5	0.1	0.99
phylter-k050-island_0	983	717	1	299	0.15	0.33
phylter-k050-island_0	985	615	252	148	0.2	0.66
phylter-k050-island_0	1034	766	1	199	0.1	0.33
phylter-k050-island_0	1307	193	399	101	0.25	0.66
phylter-k050-island_0	886	514	291	309	0.3	0.33
phylter-k050-island_0	1685	15	297	3	0.15	0.33
phylter-k050-island_0	1013	887	0	100	0.05	0.33
phylter-k050-island_0	691	1109	197	3	0.1	0.99
phylter-k050-island_0	1340	160	412	88	0.25	0.66
phylter-k050-island_0	689	711	187	413	0.3	0.66
phylter-k050-island_0	1015	785	74	126	0.1	0.33
phylter-k050-island_0	994	606	4	396	0.2	0.66
phylter-k050-island_0	797	903	153	147	0.15	0.33
phylter-k050-island_0	1221	279	401	99	0.25	0.33
phylter-k050-island_0	1434	466	44	56	0.05	0.99
phylter-k050-island_0	692	1008	154	146	0.15	0.99
phylter-k050-island_0	580	1320	31	69	0.05	0.33
phylter-k050-island_0	1248	452	259	41	0.15	0.66
phylter-k050-island_0	589	1011	111	289	0.2	0.33
phylter-k050-island_0	779	621	341	259	0.3	0.33
phylter-k050-island_0	1198	502	299	1	0.15	0.99
phylter-k050-island_0	996	804	1	199	0.1	0.33
phylter-k050-island_0	964	436	586	14	0.3	0.99
phylter-k050-island_0	599	1001	134	266	0.2	0.66
phylter-k050-island_0	595	1105	136	164	0.15	0.33
phylter-k050-island_0	1227	173	470	130	0.3	0.33
phylter-k050-island_0	672	928	156	244	0.2	0.33
phylter-k050-island_0	815	885	134	166	0.15	0.66
phylter-k050-island_0	877	823	120	180	0.15	0.66
phylter-k050-island_0	1034	366	364	236	0.3	0.33
phylter-k050-island_0	1035	665	152	148	0.15	0.99
phylter-k050-island_0	885	715	223	177	0.2	0.66
phylter-k050-island_0	1800	0	200	0	0.1	0.66
phylter-k050-island_0	757	943	190	110	0.15	0.99
phylter-k050-island_0	969	631	191	209	0.2	0.66
phylter-k050-island_0	1566	134	295	5	0.15	0.66
phylter-k050-island_0	1249	151	600	0	0.3	0.33
phylter-k050-island_0	950	950	1	99	0.05	0.66
phylter-k050-island_0	653	1047	290	10	0.15	0.99
phylter-k050-island_0	852	648	492	8	0.25	0.99
phylter-k050-island_0	825	1075	47	53	0.05	0.66
phylter-k050-island_0	992	808	99	101	0.1	0.33
phylter-k050-island_0	1006	594	304	96	0.2	0.99
phylter-k050-island_0	1000	900	0	100	0.05	0.66
phylter-k050-island_0	692	1108	62	138	0.1	0.33
phylter-k050-island_0	1185	415	146	254	0.2	0.99
phylter-k050-island_0	847	653	493	7	0.25	0.99
phylter-k050-island_0	960	640	377	23	0.2	0.99
phylter-k050-island_0	892	708	173	227	0.2	0.66
phylter-k050-island_0	1364	236	267	133	0.2	0.33
phylter-k050-island_0	935	965	4	96	0.05	0.99
phylter-k050-island_0	1284	316	333	67	0.2	0.33
phylter-k050-island_0	1471	29	484	16	0.25	0.66
phylter-k050-island_0	1229	671	67	33	0.05	0.33
phylter-k050-island_0	1004	396	406	194	0.3	0.66
phylter-k050-island_0	179	1721	25	75	0.05	0.33
phylter-k050-island_0	346	1154	500	0	0.25	0.99
phylter-k050-island_0	828	1072	96	4	0.05	0.99
phylter-k050-island_0	939	461	600	0	0.3	0.99
phylter-k050-island_0	1367	33	482	118	0.3	0.66
phylter-k050-island_0	1445	455	34	66	0.05	0.66
phylter-k050-island_0	393	1207	339	61	0.2	0.99
phylter-k050-island_0	1009	891	0	100	0.05	0.33
phylter-k050-island_0	1371	229	370	30	0.2	0.66
phylter-k050-island_0	1018	382	600	0	0.3	0.99
phylter-k050-island_0	1400	0	600	0	0.3	0.66
phylter-k050-island_0	1336	564	55	45	0.05	0.66
phylter-k050-island_0	535	1065	365	35	0.2	0.99
phylter-k050-island_0	874	1026	33	67	0.05	0.33
phylter-k050-island_0	1035	865	100	0	0.05	0.99
phylter-k050-island_0	508	1392	28	72	0.05	0.33
phylter-k050-island_0	986	514	493	7	0.25	0.99
phylter-k050-island_0	1440	60	459	41	0.25	0.66
phylter-k050-island_0	1440	260	265	35	0.15	0.66
phylter-k050-island_0	1071	729	140	60	0.1	0.99
phylter-k050-island_0	1138	762	2	98	0.05	0.33
phylter-k050-island_0	308	1192	202	298	0.25	0.66
phylter-k050-island_0	1391	9	600	0	0.3	0.66
phylter-k050-island_0	1232	168	593	7	0.3	0.99
phylter-k050-island_0	1084	516	233	167	0.2	0.66
phylter-k050-island_0	1693	7	300	0	0.15	0.33
phylter-k050-island_0	1150	350	335	165	0.25	0.33
phylter-k050-island_0	1074	826	100	0	0.05	0.99
phylter-k050-island_0	1353	147	499	1	0.25	0.33
phylter-k050-island_0	1170	730	69	31	0.05	0.99
phylter-k050-island_0	1285	215	470	30	0.25	0.33
phylter-k050-island_0	404	1396	16	184	0.1	0.99
phylter-k050-island_0	1134	766	66	34	0.05	0.33
phylter-k050-island_0	513	1187	106	194	0.15	0.33
phylter-k050-island_0	889	711	215	185	0.2	0.66
phylter-k050-island_0	1382	18	598	2	0.3	0.66
phylter-k050-island_0	1396	4	565	35	0.3	0.99
phylter-k050-island_0	1124	376	349	151	0.25	0.66
phylter-k050-island_0	754	1046	81	119	0.1	0.33
phylter-k050-island_0	1218	582	118	82	0.1	0.66
phylter-k050-island_0	894	606	275	225	0.25	0.33
phylter-k050-island_0	829	1071	36	64	0.05	0.99
phylter-k050-island_0	339	1361	50	250	0.15	0.99
phylter-k050-island_0	1165	235	537	63	0.3	0.66
phylter-k050-island_0	849	751	167	233	0.2	0.33
phylter-k050-island_0	1190	710	48	52	0.05	0.33
phylter-k050-island_0	985	715	0	300	0.15	0.66
phylter-k050-island_0	606	994	247	153	0.2	0.66
phylter-k050-island_0	1172	528	278	22	0.15	0.99
phylter-k050-island_0	1665	35	231	69	0.15	0.66
phylter-k050-island_0	266	1334	63	337	0.2	0.33
phylter-k050-island_0	1456	344	164	36	0.1	0.66
phylter-k050-island_0	1050	750	1	199	0.1	0.33
phylter-k050-island_0	778	722	188	312	0.25	0.33
phylter-k050-island_0	1320	580	50	50	0.05	0.99
phylter-k050-island_0	719	1081	198	2	0.1	0.99
phylter-k050-island_0	1360	140	419	81	0.25	0.66
phylter-k050-island_0	931	869	88	112	0.1	0.33
phylter-k050-island_0	1688	12	297	3	0.15	0.33
phylter-k050-island_0	1473	27	489	11	0.25	0.99
phylter-k050-island_0	1349	151	449	51	0.25	0.33
phylter-k050-island_0	1297	503	141	59	0.1	0.66
phylter-k050-island_0	1500	0	500	0	0.25	0.33
phylter-k050-island_0	395	1105	454	46	0.25	0.99
phylter-k050-island_0	1115	485	232	168	0.2	0.33
phylter-k050-island_0	759	1041	195	5	0.1	0.99
phylter-k050-island_0	974	926	97	3	0.05	0.99
phylter-k050-island_0	1088	612	190	110	0.15	0.33
phylter-k050-island_0	921	979	21	79	0.05	0.66
phylter-k050-island_0	907	793	288	12	0.15	0.99
phylter-k050-island_0	1746	54	198	2	0.1	0.33
phylter-k050-island_0	1001	499	17	483	0.25	0.66
phylter-k050-island_0	1043	757	2	198	0.1	0.66
phylter-k050-island_0	1447	53	495	5	0.25	0.33
phylter-k050-island_0	568	1132	284	16	0.15	0.99
phylter-k050-island_0	1426	74	464	36	0.25	0.66
phylter-k050-island_0	1101	299	483	117	0.3	0.33
phylter-k050-island_0	1599	1	400	0	0.2	0.33
phylter-k050-island_0	433	1267	117	183	0.15	0.66
phylter-k050-island_0	1293	407	185	115	0.15	0.33
phylter-k050-island_0	1440	260	285	15	0.15	0.99
phylter-k050-island_0	196	1504	25	275	0.15	0.66
phylter-k050-island_0	837	963	175	25	0.1	0.99
phylter-k050-island_0	519	1081	148	252	0.2	0.33
phylter-k050-island_0	1171	229	551	49	0.3	0.33
phylter-k050-island_0	1180	620	123	77	0.1	0.66
phylter-k050-island_0	854	846	231	69	0.15	0.99
phylter-k050-island_0	981	519	496	4	0.25	0.99
phylter-k050-island_0	1027	873	0	100	0.05	0.66
phylter-k050-island_0	1505	295	149	51	0.1	0.33
phylter-k050-island_0	937	663	397	3	0.2	0.99
phylter-k050-island_0	988	912	2	98	0.05	0.66
phylter-k050-island_0	1447	353	200	0	0.1	0.33
phylter-k050-island_0	620	980	364	36	0.2	0.99
phylter-k050-island_0	736	764	496	4	0.25	0.99
phylter-k050-island_0	525	1175	88	212	0.15	0.66
phylter-k050-island_0	543	857	197	403	0.3	0.33
phylter-k050-island_0	1007	493	491	9	0.25	0.99
phylter-k050-island_0	564	1136	262	38	0.15	0.99
phylter-k050-island_0	993	607	94	306	0.2	0.66
phylter-k050-island_0	473	1127	144	256	0.2	0.66
phylter-k050-island_0	993	707	2	298	0.15	0.66
phylter-k050-island_0	1239	161	592	8	0.3	0.33
phylter-k050-island_0	1212	688	51	49	0.05	0.66
phylter-k050-island_0	836	1064	88	12	0.05	0.99
phylter-k050-island_0	1068	832	0	100	0.05	0.33
phylter-k050-island_0	1115	385	444	56	0.25	0.99
phylter-k050-island_0	443	1157	93	307	0.2	0.66
phylter-k050-island_0	1290	110	549	51	0.3	0.66
phylter-k050-island_0	669	1231	27	73	0.05	0.66
phylter-k050-island_0	1393	207	362	38	0.2	0.99
phylter-k050-island_0	455	1445	39	61	0.05	0.33
phylter-k050-island_0	1363	37	589	11	0.3	0.66
phylter-k050-island_0	891	509	597	3	0.3	0.99
phylter-k050-island_0	1378	522	81	19	0.05	0.66
phylter-k050-island_0	935	665	7	393	0.2	0.66
phylter-k050-island_0	377	1223	372	28	0.2	0.99
phylter-k050-island_0	1874	26	100	0	0.05	0.33
phylter-k050-island_0	905	595	112	388	0.25	0.66
phylter-k050-island_0	1193	707	30	70	0.05	0.33
phylter-k050-island_0	298	1202	498	2	0.25	0.99
phylter-k050-island_0	1120	780	93	7	0.05	0.99
phylter-k050-island_0	986	614	396	4	0.2	0.99
phylter-k050-island_0	1700	0	300	0	0.15	0.66
phylter-k050-island_0	1049	551	4	396	0.2	0.66
phylter-k050-island_0	1154	446	248	152	0.2	0.33
phylter-k050-island_0	975	525	2	498	0.25	0.66
phylter-k050-island_0	1239	261	413	87	0.25	0.66
phylter-k050-island_0	1263	337	227	173	0.2	0.33
phylter-k050-island_0	1385	515	81	19	0.05	0.99
phylter-k050-island_0	1149	751	47	53	0.05	0.33
phylter-k050-island_0	173	1227	43	557	0.3	0.66
phylter-k050-island_0	1059	741	112	88	0.1	0.66
phylter-k050-island_0	521	1279	76	124	0.1	0.33
phylter-k050-island_0	992	908	0	100	0.05	0.99
phylter-k050-island_0	653	747	304	296	0.3	0.66
phylter-k050-island_0	587	1113	287	13	0.15	0.99
phylter-k050-island_0	879	1021	38	62	0.05	0.33
phylter-k050-island_0	1186	514	155	145	0.15	0.66
phylter-k050-island_0	1512	88	400	0	0.2	0.33
phylter-k050-island_0	702	998	260	40	0.15	0.99
phylter-k050-island_0	846	754	225	175	0.2	0.66
phylter-k050-island_0	1338	262	233	167	0.2	0.33
phylter-k050-island_0	264	1436	52	248	0.15	0.66
phylter-k050-island_0	943	857	0	200	0.1	0.33
phylter-k050-island_0	1041	759	1	199	0.1	0.66
phylter-k050-island_0	1406	94	499	1	0.25	0.33
phylter-k050-island_0	208	1492	48	252	0.15	0.66
phylter-k050-island_0	1060	840	1	99	0.05	0.33
phylter-k050-island_0	924	876	176	24	0.1	0.99
phylter-k050-island_0	1136	564	183	117	0.15	0.33
phylter-k050-island_0	894	706	1	399	0.2	0.66
phylter-k050-island_0	1037	363	600	0	0.3	0.99
phylter-k050-island_0	1158	242	496	104	0.3	0.66
phylter-k050-island_0	1089	411	360	140	0.25	0.66
phylter-k050-island_0	460	1040	105	395	0.25	0.33
phylter-k050-island_0	801	1099	18	82	0.05	0.99
phylter-k050-island_0	1463	37	481	19	0.25	0.33
phylter-k050-island_0	648	852	259	241	0.25	0.33
phylter-k050-island_0	926	974	91	9	0.05	0.99
phylter-k050-island_0	1022	878	0	100	0.05	0.33
phylter-k050-island_0	1001	799	0	200	0.1	0.99
phylter-k050-island_0	361	1139	136	364	0.25	0.66
phylter-k050-island_0	1194	206	600	0	0.3	0.99
phylter-k050-island_0	922	478	31	569	0.3	0.66
phylter-k050-island_0	1287	313	344	56	0.2	0.66
phylter-k050-island_0	835	865	193	107	0.15	0.33
phylter-k050-island_0	918	882	0	200	0.1	0.66
phylter-k050-island_0	1000	500	273	227	0.25	0.33
phylter-k050-island_0	651	849	215	285	0.25	0.66
phylter-k050-island_0	572	1128	278	22	0.15	0.99
phylter-k050-island_0	1281	419	196	104	0.15	0.66
phylter-k050-island_0	1594	6	400	0	0.2	0.33
phylter-k050-island_0	852	548	325	275	0.3	0.33
phylter-k050-island_0	1378	322	300	0	0.15	0.99
phylter-k050-island_0	704	996	94	206	0.15	0.33
phylter-k050-island_0	1238	162	515	85	0.3	0.33
phylter-k050-island_0	1333	267	320	80	0.2	0.33
phylter-k050-island_0	990	710	224	76	0.15	0.66
phylter-k050-island_0	660	1140	190	10	0.1	0.99
phylter-k050-island_0	326	1474	53	147	0.1	0.66
phylter-k050-island_0	772	1028	176	24	0.1	0.99
phylter-k050-island_0	621	1279	20	80	0.05	0.99
phylter-k050-island_0	968	732	207	93	0.15	0.33
phylter-k050-island_0	1055	745	108	92	0.1	0.33
phylter-k050-island_0	245	1255	118	382	0.25	0.66
phylter-k050-island_0	197	1303	54	446	0.25	0.33
phylter-k050-island_0	1398	102	497	3	0.25	0.99
phylter-k050-island_0	1499	1	478	22	0.25	0.99
phylter-k050-island_0	754	1046	118	82	0.1	0.66
phylter-k050-island_0	881	619	499	1	0.25	0.99
phylter-k050-island_0	809	691	197	303	0.25	0.33
phylter-k050-island_0	971	929	32	68	0.05	0.99
phylter-k050-island_0	931	869	198	2	0.1	0.99
phylter-k050-island_0	1599	1	400	0	0.2	0.33
phylter-k050-island_0	982	518	46	454	0.25	0.66
phylter-k050-island_0	980	720	0	300	0.15	0.99
phylter-k050-island_0	1407	393	126	74	0.1	0.33
phylter-k050-island_0	1296	404	226	74	0.15	0.33
phylter-k050-island_0	1062	438	399	101	0.25	0.66
phylter-k050-island_0	985	815	1	199	0.1	0.66
phylter-k050-island_0	1256	144	531	69	0.3	0.66
phylter-k050-island_0	1186	214	452	148	0.3	0.33
phylter-k050-island_0	652	1048	102	198	0.15	0.33
phylter-k050-island_0	1063	837	64	36	0.05	0.33
phylter-k050-island_0	786	1014	189	11	0.1	0.99
phylter-k050-island_0	593	1007	126	274	0.2	0.99
phylter-k050-island_0	1500	0	500	0	0.25	0.33
phylter-k050-island_0	846	1054	96	4	0.05	0.99
phylter-k050-island_0	500	1000	189	311	0.25	0.33
phylter-k050-island_0	872	1028	95	5	0.05	0.99
phylter-k050-island_0	953	647	392	8	0.2	0.99
phylter-k050-island_0	1304	396	296	4	0.15	0.33
phylter-k050-island_0	953	447	7	593	0.3	0.66
phylter-k050-island_0	1107	293	575	25	0.3	0.99
phylter-k050-island_0	655	845	161	339	0.25	0.66
phylter-k050-island_0	793	1007	76	124	0.1	0.66
phylter-k050-island_0	1144	556	221	79	0.15	0.66
phylter-k050-island_0	1382	418	136	64	0.1	0.99
phylter-k050-island_0	406	1194	360	40	0.2	0.99
phylter-k050-island_0	1126	474	278	122	0.2	0.33
phylter-k050-island_0	521	1179	136	164	0.15	0.66
phylter-k050-island_0	1633	67	279	21	0.15	0.99
phylter-k050-island_0	479	921	167	433	0.3	0.33
phylter-k050-island_0	839	861	189	111	0.15	0.66
phylter-k050-island_0	1281	319	290	110	0.2	0.33
phylter-k050-island_0	994	406	385	215	0.3	0.33
phylter-k050-island_0	1709	91	200	0	0.1	0.66
phylter-k050-island_0	1307	393	284	16	0.15	0.99
phylter-k050-island_0	780	620	494	106	0.3	0.66
phylter-k050-island_0	711	1189	63	37	0.05	0.99
phylter-k050-island_0	902	998	0	100	0.05	0.66
phylter-k050-island_0	953	447	595	5	0.3	0.99
phylter-k050-island_0	980	420	3	597	0.3	0.66
phylter-k050-island_0	790	1010	191	9	0.1	0.99
phylter-k050-island_0	1068	532	395	5	0.2	0.99
phylter-k050-island_0	1043	457	500	0	0.25	0.99
phylter-k050-island_0	860	1040	95	5	0.05	0.99
phylter-k050-island_0	711	1089	62	138	0.1	0.66
phylter-k050-island_0	869	1031	89	11	0.05	0.99
phylter-k050-island_0	860	640	499	1	0.25	0.99
phylter-k050-island_0	1133	767	0	100	0.05	0.66
phylter-k050-island_0	964	436	593	7	0.3	0.99
phylter-k050-island_0	1010	390	47	553	0.3	0.66
phylter-k050-island_0	500	1100	386	14	0.2	0.99
phylter-k050-island_0	965	535	475	25	0.25	0.99
phylter-k050-island_0	993	807	1	199	0.1	0.66
phylter-k050-island_0	830	970	194	6	0.1	0.99
phylter-k050-island_0	952	448	592	8	0.3	0.99
phylter-k050-island_0	1554	346	88	12	0.05	0.66
phylter-k050-island_0	1264	536	124	76	0.1	0.66
phylter-k050-island_0	1402	498	62	38	0.05	0.66
phylter-k050-island_0	1105	795	45	55	0.05	0.66
phylter-k050-island_0	1143	257	559	41	0.3	0.33
phylter-k050-island_0	1094	706	58	142	0.1	0.66
phylter-k050-island_0	1302	498	155	45	0.1	0.66
phylter-k050-island_0	1027	473	495	5	0.25	0.99
phylter-k050-island_0	979	921	1	99	0.05	0.66
phylter-k050-island_0	288	1112	221	379	0.3	0.33
phylter-k050-island_0	1374	126	493	7	0.25	0.99
phylter-k050-island_0	1304	496	106	94	0.1	0.66
phylter-k050-island_0	540	860	192	408	0.3	0.66
phylter-k050-island_0	407	1493	27	73	0.05	0.33
phylter-k050-island_0	1335	265	400	0	0.2	0.99
phylter-k050-island_0	832	1068	1	99	0.05	0.66
phylter-k050-island_0	693	1207	34	66	0.05	0.66
phylter-k050-island_0	435	1365	74	126	0.1	0.33
phylter-k050-island_0	1224	376	314	86	0.2	0.66
phylter-k050-island_0	991	909	41	59	0.05	0.33
phylter-k050-island_0	1042	558	388	12	0.2	0.99
phylter-k050-island_0	527	1073	155	245	0.2	0.66
phylter-k050-island_0	935	965	0	100	0.05	0.66
phylter-k050-island_0	1176	624	105	95	0.1	0.33
phylter-k050-island_0	573	927	142	358	0.25	0.99
phylter-k050-island_0	1092	308	458	142	0.3	0.66
phylter-k050-island_0	706	994	292	8	0.15	0.99
phylter-k050-island_0	1161	239	590	10	0.3	0.99
phylter-k050-island_0	1397	3	600	0	0.3	0.33
phylter-k050-island_0	1175	425	277	123	0.2	0.33
phylter-k050-island_0	629	1271	30	70	0.05	0.33
phylter-k050-island_0	1700	0	300	0	0.15	0.66
phylter-k050-island_0	1394	206	250	150	0.2	0.66
phylter-k050-island_0	946	454	599	1	0.3	0.99
phylter-k050-island_0	564	1136	272	28	0.15	0.99
phylter-k050-island_0	329	1471	38	162	0.1	0.33
phylter-k050-island_0	1008	692	0	300	0.15	0.66
phylter-k050-island_0	1593	7	400	0	0.2	0.33
phylter-k050-island_0	806	594	352	248	0.3	0.33
phylter-k050-island_0	1657	43	300	0	0.15	0.33
phylter-k050-island_0	1138	362	500	0	0.25	0.33
phylter-k050-island_0	764	936	148	152	0.15	0.33
phylter-k050-island_0	912	788	1	299	0.15	0.66
phylter-k050-island_0	795	1005	195	5	0.1	0.99
phylter-k050-island_0	429	1471	35	65	0.05	0.33
phylter-k050-island_0	1142	358	385	115	0.25	0.66
phylter-k050-island_0	868	932	75	125	0.1	0.33
phylter-k050-island_0	402	1198	125	275	0.2	0.66
phylter-k050-island_0	1248	452	231	69	0.15	0.33
phylter-k050-island_0	1253	547	189	11	0.1	0.99
phylter-k050-island_0	1018	882	52	48	0.05	0.33
phylter-k050-island_0	885	815	126	174	0.15	0.33
phylter-k050-island_0	1151	249	542	58	0.3	0.33
phylter-k050-island_0	1671	29	300	0	0.15	0.33
phylter-k050-island_0	982	618	1	399	0.2	0.66
phylter-k050-island_0	226	1574	45	155	0.1	0.33
phylter-k050-island_0	863	637	239	261	0.25	0.66
phylter-k050-island_0	708	792	227	273	0.25	0.33
phylter-k050-island_0	1048	452	487	13	0.25	0.99
phylter-k050-island_0	1301	599	49	51	0.05	0.33
phylter-k050-island_0	916	984	91	9	0.05	0.99
phylter-k050-island_0	1562	238	195	5	0.1	0.99
phylter-k050-island_0	1312	588	61	39	0.05	0.33
phylter-k050-island_0	578	1022	15	385	0.2	0.99
phylter-k050-island_0	909	991	28	72	0.05	0.66
phylter-k050-island_0	1305	95	530	70	0.3	0.66
phylter-k050-island_0	1326	74	599	1	0.3	0.99
phylter-k050-island_0	1454	146	387	13	0.2	0.66
phylter-k050-island_0	1457	443	78	22	0.05	0.33
phylter-k050-island_0	692	908	146	254	0.2	0.66
phylter-k050-island_0	1013	887	1	99	0.05	0.66
phylter-k050-island_0	413	987	202	398	0.3	0.66
phylter-k050-island_0	902	498	595	5	0.3	0.99
phylter-k050-island_0	1597	3	400	0	0.2	0.33
phylter-k050-island_0	840	1060	76	24	0.05	0.99
phylter-k050-island_0	1256	244	364	136	0.25	0.99
phylter-k050-island_0	431	1469	28	72	0.05	0.33
phylter-k050-island_0	1063	337	592	8	0.3	0.99
phylter-k050-island_0	1346	354	197	103	0.15	0.99
phylter-k050-island_0	961	939	0	100	0.05	0.66
phylter-k050-island_0	1240	360	340	60	0.2	0.33
phylter-k050-island_0	1146	354	356	144	0.25	0.66
phylter-k050-island_0	1532	68	392	8	0.2	0.33
phylter-k050-island_0	943	957	1	99	0.05	0.33
phylter-k050-island_0	1320	180	407	93	0.25	0.99
phylter-k050-island_0	962	538	201	299	0.25	0.66
phylter-k050-island_0	672	828	495	5	0.25	0.99
phylter-k050-island_0	1031	669	0	300	0.15	0.66
phylter-k050-island_0	1385	415	146	54	0.1	0.33
phylter-k050-island_0	1306	594	69	31	0.05	0.66
phylter-k050-island_0	939	661	400	0	0.2	0.99
phylter-k050-island_0	966	434	414	186	0.3	0.33
phylter-k050-island_0	1075	725	111	89	0.1	0.33
phylter-k050-island_0	731	1169	33	67	0.05	0.66
phylter-k050-island_0	353	1147	418	82	0.25	0.99
phylter-k050-island_0	1558	42	400	0	0.2	0.66
phylter-k050-island_0	850	550	259	341	0.3	0.33
phylter-k050-island_0	1688	12	300	0	0.15	0.66
phylter-k050-island_0	1241	359	261	139	0.2	0.66
phylter-k050-island_0	1147	553	269	31	0.15	0.99
phylter-k050-island_0	648	952	112	288	0.2	0.66
phylter-k050-island_0	701	999	246	54	0.15	0.99
phylter-k050-island_0	885	915	82	118	0.1	0.33
phylter-k050-island_0	1005	595	388	12	0.2	0.99
phylter-k050-island_0	1070	330	542	58	0.3	0.33
phylter-k050-island_0	457	1043	406	94	0.25	0.99
phylter-k050-island_0	1146	654	113	87	0.1	0.66
phylter-k050-island_0	1055	345	595	5	0.3	0.33
phylter-k050-island_0	982	918	0	100	0.05	0.99
phylter-k050-island_0	1357	343	214	86	0.15	0.66
phylter-k050-island_0	1206	394	210	190	0.2	0.33
phylter-k050-island_0	1328	372	283	17	0.15	0.99
phylter-k050-island_0	1401	399	129	71	0.1	0.33
phylter-k050-island_0	946	654	236	164	0.2	0.33
phylter-k050-island_0	979	721	0	300	0.15	0.66
phylter-k050-island_0	1027	373	314	286	0.3	0.33
phylter-k050-island_0	1679	21	300	0	0.15	0.99
phylter-k050-island_0	900	900	94	106	0.1	0.66
phylter-k050-island_0	1121	679	38	162	0.1	0.33
phylter-k050-island_0	1187	313	317	183	0.25	0.66
phylter-k050-island_0	1241	459	238	62	0.15	0.33
phylter-k050-island_0	1060	840	79	21	0.05	0.99
phylter-k050-island_0	625	775	324	276	0.3	0.33
phylter-k050-island_0	1168	632	65	135	0.1	0.99
phylter-k050-island_0	912	588	497	3	0.25	0.99
phylter-k050-island_0	752	748	98	402	0.25	0.33
phylter-k050-island_0	1418	82	491	9	0.25	0.33
phylter-k050-island_0	975	725	239	61	0.15	0.33
phylter-k050-island_0	1151	349	425	75	0.25	0.66
phylter-k050-island_0	991	809	0	200	0.1	0.33
phylter-k050-island_0	980	720	0	300	0.15	0.66
phylter-k050-island_0	1530	70	400	0	0.2	0.99
phylter-k050-island_0	1371	429	191	9	0.1	0.99
phylter-k050-island_0	1500	0	500	0	0.25	0.33
phylter-k050-island_0	1045	755	1	199	0.1	0.33
phylter-k050-island_0	986	814	1	199	0.1	0.66
phylter-k050-island_0	1584	116	295	5	0.15	0.66
phylter-k050-island_0	978	822	40	160	0.1	0.99
phylter-k050-island_0	833	767	140	260	0.2	0.33
phylter-k050-island_0	711	989	288	12	0.15	0.99
phylter-k050-island_0	1039	661	208	92	0.15	0.33
phylter-k050-island_0	1426	174	342	58	0.2	0.33
phylter-k050-island_0	1209	491	213	87	0.15	0.66
phylter-k050-island_0	1084	316	598	2	0.3	0.99
phylter-k050-island_0	483	1217	271	29	0.15	0.99
phylter-k050-island_0	545	955	185	315	0.25	0.66
phylter-k050-island_0	768	732	240	260	0.25	0.33
phylter-k050-island_0	1304	196	288	212	0.25	0.33
phylter-k050-island_0	1010	790	6	194	0.1	0.66
phylter-k050-island_0	969	431	595	5	0.3	0.99
phylter-k050-island_0	706	694	313	287	0.3	0.66
phylter-k050-island_0	960	740	0	300	0.15	0.99
phylter-k050-island_0	951	549	48	452	0.25	0.66
phylter-k050-island_0	639	1061	106	194	0.15	0.33
phylter-k050-island_0	358	1242	95	305	0.2	0.66
phylter-k050-island_0	456	1144	124	276	0.2	0.33
phylter-k050-island_0	1043	857	0	100	0.05	0.33
phylter-k050-island_0	1000	800	0	200	0.1	0.99
phylter-k050-island_0	539	1261	58	142	0.1	0.33
phylter-k050-island_0	1900	0	100	0	0.05	0.99
phylter-k050-island_0	1485	15	499	1	0.25	0.33
phylter-k050-island_0	1032	768	101	99	0.1	0.66
phylter-k050-island_0	1369	531	74	26	0.05	0.99
phylter-k050-island_0	1500	0	500	0	0.25	0.33
phylter-k050-island_0	1085	515	286	114	0.2	0.66
phylter-k050-island_0	1692	8	295	5	0.15	0.33
phylter-k050-island_0	927	573	1	499	0.25	0.66
phylter-k050-island_0	847	553	227	373	0.3	0.66
phylter-k050-island_0	399	1501	41	59	0.05	0.33
phylter-k050-island_0	1474	326	72	128	0.1	0.99
phylter-k050-island_0	1015	585	391	9	0.2	0.99
phylter-k050-island_0	746	1054	145	55	0.1	0.99
phylter-k050-island_0	1367	33	600	0	0.3	0.99
phylter-k050-island_0	1285	115	549	51	0.3	0.66
phylter-k050-island_0	1079	821	0	100	0.05	0.66
phylter-k050-island_0	968	932	0	100	0.05	0.99
phylter-k050-island_0	421	1079	397	103	0.25	0.99
phylter-k050-island_0	498	1002	488	12	0.25	0.99
phylter-k050-island_0	999	901	66	34	0.05	0.99
phylter-k050-island_0	928	872	0	200	0.1	0.99
phylter-k050-island_0	669	931	352	48	0.2	0.99
phylter-k050-island_0	938	462	595	5	0.3	0.99
phylter-k050-island_0	852	548	317	283	0.3	0.66
phylter-k050-island_0	225	1675	18	82	0.05	0.66
phylter-k050-island_0	1442	358	120	80	0.1	0.66
phylter-k050-island_0	935	965	0	100	0.05	0.99
phylter-k050-island_0	781	619	391	209	0.3	0.66
phylter-k050-island_0	1215	185	556	44	0.3	0.33
phylter-k050-island_0	531	1069	377	23	0.2	0.99
phylter-k050-island_0	1793	7	200	0	0.1	0.66
phylter-k050-island_0	920	880	46	154	0.1	0.99
phylter-k050-island_0	1076	624	194	106	0.15	0.33
phylter-k050-island_0	1190	310	471	29	0.25	0.66
phylter-k050-island_0	1028	772	6	194	0.1	0.66
phylter-k050-island_0	726	674	280	320	0.3	0.66
phylter-k050-island_0	1011	389	597	3	0.3	0.99
phylter-k050-island_0	413	1487	41	59	0.05	0.99
phylter-k050-island_0	1038	462	341	159	0.25	0.33
phylter-k050-island_0	717	883	234	166	0.2	0.99
phylter-k050-island_0	966	634	400	0	0.2	0.99
phylter-k050-island_0	1173	727	70	30	0.05	0.99
phylter-k050-island_0	1014	486	288	212	0.25	0.33
phylter-k050-island_0	1197	403	284	116	0.2	0.33
phylter-k050-island_0	1796	4	200	0	0.1	0.99
phylter-k050-island_0	1146	554	101	199	0.15	0.99
phylter-k050-island_0	969	431	451	149	0.3	0.66
phylter-k050-island_0	981	419	592	8	0.3	0.99
phylter-k050-island_0	1480	20	412	88	0.25	0.66
phylter-k050-island_0	1462	338	163	37	0.1	0.66
phylter-k050-island_0	986	714	167	133	0.15	0.33
phylter-k050-island_0	1156	344	427	73	0.25	0.33
phylter-k050-island_0	1265	135	450	150	0.3	0.33
phylter-k050-island_0	1214	486	262	38	0.15	0.99
phylter-k050-island_0	1382	18	506	94	0.3	0.99
phylter-k050-island_0	611	889	195	305	0.25	0.66
phylter-k050-island_0	1571	29	399	1	0.2	0.33
phylter-k050-island_0	1210	490	212	88	0.15	0.66
phylter-k050-island_0	1465	235	296	4	0.15	0.99
phylter-k050-island_0	749	651	600	0	0.3	0.33
phylter-k050-island_0	1679	21	294	6	0.15	0.33
phylter-k050-island_0	701	999	133	167	0.15	0.66
phylter-k050-island_0	903	897	167	33	0.1	0.99
phylter-k050-island_0	1600	0	400	0	0.2	0.33
phylter-k050-island_0	1240	360	164	236	0.2	0.33
phylter-k050-island_0	995	705	14	286	0.15	0.66
phylter-k050-island_0	635	1165	185	15	0.1	0.99
phylter-k050-island_0	1031	369	397	203	0.3	0.33
phylter-k050-island_0	1293	407	158	142	0.15	0.33
phylter-k050-island_0	804	596	596	4	0.3	0.99
phylter-k050-island_0	1067	633	299	1	0.15	0.99
phylter-k050-island_0	1469	31	496	4	0.25	0.33
phylter-k050-island_0	1118	282	479	121	0.3	0.33
phylter-k050-island_0	1662	38	300	0	0.15	0.66
phylter-k050-island_0	555	1045	121	279	0.2	0.33
phylter-k050-island_0	714	786	228	272	0.25	0.66
phylter-k050-island_0	1639	61	296	4	0.15	0.99
phylter-k050-island_0	1500	0	500	0	0.25	0.33
phylter-k050-island_0	931	469	599	1	0.3	0.99
phylter-k050-island_0	958	642	264	136	0.2	0.66
phylter-k050-island_0	1700	0	300	0	0.15	0.33
phylter-k050-island_0	987	513	1	499	0.25	0.66
phylter-k050-island_0	709	991	204	96	0.15	0.99
phylter-k050-island_0	1217	583	79	121	0.1	0.33
phylter-k050-island_0	1800	0	200	0	0.1	0.99
phylter-k050-island_0	1008	892	0	100	0.05	0.33
phylter-k050-island_0	973	627	195	205	0.2	0.33
phylter-k050-island_0	1534	166	300	0	0.15	0.33
phylter-k050-island_0	143	1657	17	183	0.1	0.33
phylter-k050-island_0	1115	385	365	135	0.25	0.66
phylter-k050-island_0	857	843	99	201	0.15	0.33
phylter-k050-island_0	901	699	204	196	0.2	0.66
phylter-k050-island_0	689	1011	120	180	0.15	0.33
phylter-k050-island_0	953	847	0	200	0.1	0.99
phylter-k050-island_0	987	913	0	100	0.05	0.33
phylter-k050-island_0	1500	0	500	0	0.25	0.33
phylter-k050-island_0	1333	267	266	134	0.2	0.99
phylter-k050-island_0	633	767	259	341	0.3	0.33
phylter-k050-island_0	305	1295	138	262	0.2	0.66
phylter-k050-island_0	1090	710	104	96	0.1	0.33
phylter-k050-island_0	810	1090	43	57	0.05	0.66
phylter-k050-island_0	1340	460	114	86	0.1	0.66
phylter-k050-island_0	1041	359	490	110	0.3	0.66
phylter-k050-island_0	957	843	200	0	0.1	0.66
phylter-k050-island_0	1118	282	350	250	0.3	0.33
phylter-k050-island_0	1009	891	1	99	0.05	0.33
phylter-k050-island_0	894	1006	52	48	0.05	0.66
phylter-k050-island_0	1174	226	564	36	0.3	0.66
phylter-k050-island_0	934	566	476	24	0.25	0.99
phylter-k050-island_0	1290	310	292	108	0.2	0.66
phylter-k050-island_0	969	831	1	199	0.1	0.33
phylter-k050-island_0	1900	0	100	0	0.05	0.66
phylter-k050-island_0	1596	4	400	0	0.2	0.99
phylter-k050-island_0	1003	897	0	100	0.05	0.33
phylter-k050-island_0	697	703	279	321	0.3	0.33
phylter-k050-island_0	882	918	104	96	0.1	0.33
phylter-k050-island_0	514	1386	29	71	0.05	0.66
phylter-k050-island_0	691	909	173	227	0.2	0.66
phylter-k050-island_0	599	1001	384	16	0.2	0.99
phylter-k050-island_0	1394	506	55	45	0.05	0.33
phylter-k050-island_0	269	1131	132	468	0.3	0.66
phylter-k050-island_0	1185	315	260	240	0.25	0.99
phylter-k050-island_0	391	1409	68	132	0.1	0.66
phylter-k050-island_0	839	1061	94	6	0.05	0.99
phylter-k050-island_0	1315	85	580	20	0.3	0.66
phylter-k050-island_0	1087	513	240	160	0.2	0.99
phylter-k050-island_0	1439	361	148	52	0.1	0.66
phylter-k050-island_0	890	910	118	82	0.1	0.99
phylter-k050-island_0	497	1103	339	61	0.2	0.99
phylter-k050-island_0	1800	0	200	0	0.1	0.33
phylter-k050-island_0	982	418	20	580	0.3	0.66
phylter-k050-island_0	1048	852	0	100	0.05	0.66
phylter-k050-island_0	1395	105	500	0	0.25	0.99
phylter-k050-island_0	1000	900	0	100	0.05	0.99
phylter-k050-island_0	996	904	0	100	0.05	0.99
phylter-k050-island_0	1093	407	500	0	0.25	0.99
phylter-k050-island_0	693	907	32	368	0.2	0.99
phylter-k050-island_0	1094	706	196	4	0.1	0.99
phylter-k050-island_0	1031	369	421	179	0.3	0.66
phylter-k050-island_0	1053	347	598	2	0.3	0.99
phylter-k050-island_0	989	911	0	100	0.05	0.66
phylter-k050-island_0	1228	272	399	101	0.25	0.33
phylter-k050-island_0	680	820	187	313	0.25	0.66
phylter-k050-island_0	935	465	600	0	0.3	0.99
phylter-k050-island_0	881	819	291	9	0.15	0.99
phylter-k050-island_0	970	430	375	225	0.3	0.33
phylter-k050-island_0	978	722	16	284	0.15	0.66
phylter-k050-island_0	1178	422	255	145	0.2	0.33
phylter-k050-island_0	1441	259	230	70	0.15	0.33
phylter-k050-island_0	1393	7	486	114	0.3	0.33
phylter-k050-island_0	1061	639	248	52	0.15	0.99
phylter-k050-island_0	1257	343	362	38	0.2	0.33
phylter-k050-island_0	1423	277	300	0	0.15	0.66
phylter-k050-island_0	1125	675	109	91	0.1	0.99
phylter-k050-island_0	922	878	0	200	0.1	0.99
phylter-k050-island_0	976	424	596	4	0.3	0.99
phylter-k050-island_0	893	507	158	442	0.3	0.66
phylter-k050-island_0	964	836	0	200	0.1	0.66
phylter-k050-island_0	963	537	305	195	0.25	0.66
phylter-k050-island_0	686	1014	147	153	0.15	0.33
phylter-k050-island_0	1390	210	389	11	0.2	0.99
phylter-k050-island_0	925	975	98	2	0.05	0.99
phylter-k050-island_0	1475	25	500	0	0.25	0.33
phylter-k050-island_0	833	1067	94	6	0.05	0.99
phylter-k050-island_0	1115	385	317	183	0.25	0.33
phylter-k050-island_0	621	979	360	40	0.2	0.99
phylter-k050-island_0	1575	225	196	4	0.1	0.99
phylter-k050-island_0	1106	494	233	167	0.2	0.33
phylter-k050-island_0	1619	81	300	0	0.15	0.33
phylter-k050-island_0	792	1008	96	104	0.1	0.66
phylter-k050-island_0	629	871	194	306	0.25	0.66
phylter-k050-island_0	1185	215	418	182	0.3	0.99
phylter-k050-island_0	991	409	411	189	0.3	0.66
phylter-k050-island_0	1242	458	242	58	0.15	0.99
phylter-k050-island_0	188	1312	99	401	0.25	0.33
phylter-k050-island_0	1226	174	595	5	0.3	0.99
phylter-k050-island_0	1218	482	202	98	0.15	0.99
phylter-k050-island_0	389	1411	37	163	0.1	0.33
phylter-k050-island_0	1072	428	330	170	0.25	0.66
phylter-k050-island_0	1553	147	300	0	0.15	0.33
phylter-k050-island_0	1029	571	1	399	0.2	0.66
phylter-k050-island_0	577	823	500	100	0.3	0.99
phylter-k050-island_0	347	1353	100	200	0.15	0.33
phylter-k050-island_0	1189	411	201	199	0.2	0.33
phylter-k050-island_0	1052	848	47	53	0.05	0.33
phylter-k050-island_0	1354	446	199	1	0.1	0.99
phylter-k050-island_0	1600	0	400	0	0.2	0.66
phylter-k050-island_0	952	748	1	299	0.15	0.33
phylter-k050-island_0	1332	168	405	95	0.25	0.66
phylter-k050-island_0	610	1190	81	119	0.1	0.33
phylter-k050-island_0	1403	497	68	32	0.05	0.33
phylter-k050-island_0	944	856	200	0	0.1	0.99
phylter-k050-island_0	853	847	165	135	0.15	0.33
phylter-k050-island_0	1011	489	222	278	0.25	0.33
phylter-k050-island_0	1169	231	451	149	0.3	0.33
phylter-k050-island_0	980	720	146	154	0.15	0.66
phylter-k050-island_0	813	987	140	60	0.1	0.99
phylter-k050-island_0	1556	44	400	0	0.2	0.33
phylter-k050-island_0	697	1003	291	9	0.15	0.99
phylter-k050-island_0	679	1021	116	184	0.15	0.33
phylter-k050-island_0	1113	387	380	120	0.25	0.33
phylter-k050-island_0	1309	291	354	46	0.2	0.33
phylter-k050-island_0	1407	293	255	45	0.15	0.66
phylter-k050-island_0	964	436	323	277	0.3	0.33
phylter-k050-island_0	797	603	591	9	0.3	0.99
phylter-k050-island_0	706	994	290	10	0.15	0.99
phylter-k050-island_0	871	629	1	499	0.25	0.66
phylter-k050-island_0	1251	149	462	138	0.3	0.66
phylter-k050-island_0	988	512	500	0	0.25	0.99
phylter-k050-island_0	698	1102	68	132	0.1	0.33
phylter-k050-island_0	704	1196	39	61	0.05	0.66
phylter-k050-island_0	842	758	238	162	0.2	0.66
phylter-k050-island_0	1128	272	423	177	0.3	0.33
phylter-k050-island_0	1095	505	396	4	0.2	0.99
phylter-k050-island_0	1336	564	51	49	0.05	0.33
phylter-k050-island_0	1600	0	400	0	0.2	0.66
phylter-k050-island_0	1304	496	126	74	0.1	0.33
phylter-k050-island_0	988	912	0	100	0.05	0.66
phylter-k050-island_0	827	773	393	7	0.2	0.99
phylter-k050-island_0	1244	656	37	63	0.05	0.33
phylter-k050-island_0	1475	25	500	0	0.25	0.99
phylter-k050-island_0	1394	6	577	23	0.3	0.33
phylter-k050-island_0	1270	330	280	120	0.2	0.99
phylter-k050-island_0	116	1784	12	88	0.05	0.66
phylter-k050-island_0	1519	281	145	55	0.1	0.33
phylter-k050-island_0	630	970	168	232	0.2	0.66
phylter-k050-island_0	1009	791	2	198	0.1	0.66
phylter-k050-island_0	1066	334	473	127	0.3	0.66
phylter-k050-island_0	1036	764	5	195	0.1	0.66
phylter-k050-island_0	693	1207	48	52	0.05	0.33
phylter-k050-island_0	1393	7	595	5	0.3	0.33
phylter-k050-island_0	1020	880	0	100	0.05	0.66
phylter-k050-island_0	907	493	590	10	0.3	0.99
phylter-k050-island_0	1006	894	0	100	0.05	0.66
phylter-k050-island_0	533	1067	135	265	0.2	0.33
phylter-k050-island_0	1009	491	345	155	0.25	0.66
phylter-k050-island_0	329	1171	123	377	0.25	0.66
phylter-k050-island_0	995	905	1	99	0.05	0.33
phylter-k050-island_0	901	599	487	13	0.25	0.99
phylter-k050-island_0	1083	517	242	158	0.2	0.33
phylter-k050-island_0	1099	801	94	6	0.05	0.99
phylter-k050-island_0	990	510	492	8	0.25	0.99
phylter-k050-island_0	1167	733	48	52	0.05	0.33
phylter-k050-island_0	972	628	397	3	0.2	0.99
phylter-k050-island_0	868	732	154	246	0.2	0.66
phylter-k050-island_0	1700	0	300	0	0.15	0.33
phylter-k050-island_0	1183	717	41	59	0.05	0.66
phylter-k050-island_0	746	654	582	18	0.3	0.99
phylter-k050-island_0	1158	242	541	59	0.3	0.66
phylter-k050-island_0	1850	50	100	0	0.05	0.33
phylter-k050-island_0	789	811	91	309	0.2	0.99
phylter-k050-island_0	1015	885	0	100	0.05	0.66
phylter-k050-island_0	899	501	573	27	0.3	0.99
phylter-k050-island_0	883	517	392	208	0.3	0.66
phylter-k050-island_0	1079	421	416	84	0.25	0.66
phylter-k050-island_0	786	814	156	244	0.2	0.66
phylter-k050-island_0	689	811	465	35	0.25	0.99
phylter-k050-island_0	1038	862	0	100	0.05	0.33
phylter-k050-island_0	1048	852	0	100	0.05	0.99
phylter-k050-island_0	1475	125	393	7	0.2	0.33
phylter-k050-island_0	1065	435	500	0	0.25	0.33
phylter-k050-island_0	673	727	276	324	0.3	0.33
phylter-k050-island_0	1289	411	263	37	0.15	0.66
phylter-k050-island_0	1393	307	283	17	0.15	0.99
phylter-k050-island_0	1599	1	400	0	0.2	0.66
phylter-k050-island_0	741	959	246	54	0.15	0.99
phylter-k050-island_0	1199	601	97	103	0.1	0.33
phylter-k050-island_0	675	725	265	335	0.3	0.33
phylter-k050-island_0	997	703	3	297	0.15	0.66
phylter-k050-island_0	1167	433	377	23	0.2	0.99
phylter-k050-island_0	1373	127	498	2	0.25	0.99
phylter-k050-island_0	694	906	309	91	0.2	0.99
phylter-k050-island_0	965	735	27	273	0.15	0.66
phylter-k050-island_0	1340	460	125	75	0.1	0.33
phylter-k050-island_0	979	921	1	99	0.05	0.66
phylter-k050-island_0	543	857	241	359	0.3	0.33
phylter-k050-island_0	808	792	383	17	0.2	0.99
phylter-k050-island_0	1794	6	200	0	0.1	0.33
phylter-k050-island_0	977	923	0	100	0.05	0.66
phylter-k050-island_0	1160	340	351	149	0.25	0.99
phylter-k050-island_0	530	1070	155	245	0.2	0.66
phylter-k050-island_0	963	737	177	123	0.15	0.33
phylter-k050-island_0	310	1190	90	410	0.25	0.66
phylter-k050-island_0	1781	19	200	0	0.1	0.33
phylter-k050-island_0	623	1177	44	156	0.1	0.99
phylter-k050-island_0	747	1153	56	44	0.05	0.99
phylter-k050-island_0	1071	329	479	121	0.3	0.33
phylter-k050-island_0	991	509	245	255	0.25	0.33
phylter-k050-island_0	970	530	169	331	0.25	0.99
phylter-k050-island_0	995	505	493	7	0.25	0.99
phylter-k050-island_0	1494	6	500	0	0.25	0.33
phylter-k050-island_0	1262	538	137	63	0.1	0.33
phylter-k050-island_0	124	1376	39	461	0.25	0.66
phylter-k050-island_0	672	1028	134	166	0.15	0.33
phylter-k050-island_0	837	1063	91	9	0.05	0.99
phylter-k050-island_0	944	756	200	100	0.15	0.66
phylter-k050-island_0	741	1059	190	10	0.1	0.99
phylter-k050-island_0	588	912	494	6	0.25	0.99
phylter-k050-island_0	1792	8	200	0	0.1	0.66
phylter-k050-island_0	471	1129	79	321	0.2	0.33
phylter-k050-island_0	981	719	0	300	0.15	0.66
phylter-k050-island_0	981	419	476	124	0.3	0.33
phylter-k050-island_0	907	993	100	0	0.05	0.99
phylter-k050-island_0	372	1328	69	231	0.15	0.99
phylter-k050-island_0	685	1115	70	130	0.1	0.33
phylter-k050-island_0	1392	8	546	54	0.3	0.33
phylter-k050-island_0	88	1612	14	286	0.15	0.66
phylter-k050-island_0	642	958	161	239	0.2	0.33
phylter-k050-island_0	562	1138	285	15	0.15	0.99
phylter-k050-island_0	983	817	16	184	0.1	0.66
phylter-k050-island_0	1282	318	193	207	0.2	0.66
phylter-k050-island_0	462	1238	123	177	0.15	0.33
phylter-k050-island_0	808	692	317	183	0.25	0.66
phylter-k050-island_0	1456	244	284	16	0.15	0.99
phylter-k050-island_0	1212	188	589	11	0.3	0.66
phylter-k050-island_0	928	872	0	200	0.1	0.99
phylter-k050-island_0	585	1315	39	61	0.05	0.33
phylter-k050-island_0	1159	441	209	191	0.2	0.33
phylter-k050-island_0	1798	2	200	0	0.1	0.33
phylter-k050-island_0	1279	621	97	3	0.05	0.99
phylter-k050-island_0	230	1270	98	402	0.25	0.33
phylter-k050-island_0	1007	793	0	200	0.1	0.66
phylter-k050-island_0	1025	875	1	99	0.05	0.99
phylter-k050-island_0	419	1081	150	350	0.25	0.33
phylter-k050-island_0	434	966	176	424	0.3	0.66
phylter-k050-island_0	1058	342	600	0	0.3	0.99
phylter-k050-island_0	1192	308	281	219	0.25	0.66
phylter-k050-island_0	733	967	135	165	0.15	0.33
phylter-k050-island_0	535	1065	129	271	0.2	0.66
phylter-k050-island_0	884	916	177	23	0.1	0.99
phylter-k050-island_0	690	1210	43	57	0.05	0.33
phylter-k050-island_0	1500	0	500	0	0.25	0.33
phylter-k050-island_0	1040	760	3	197	0.1	0.66
phylter-k050-island_0	354	1446	31	169	0.1	0.33
phylter-k050-island_0	1598	2	392	8	0.2	0.33
phylter-k050-island_0	1391	309	216	84	0.15	0.66
phylter-k050-island_0	919	881	113	87	0.1	0.99
phylter-k050-island_0	1056	644	149	151	0.15	0.33
phylter-k050-island_0	960	740	298	2	0.15	0.99
phylter-k050-island_0	1196	504	201	99	0.15	0.66
phylter-k050-island_0	1562	38	400	0	0.2	0.33
phylter-k050-island_0	712	788	260	240	0.25	0.66
phylter-k050-island_0	926	774	299	1	0.15	0.99
phylter-k050-island_0	1219	181	600	0	0.3	0.99
phylter-k050-island_0	583	917	197	303	0.25	0.33
phylter-k050-island_0	459	1041	169	331	0.25	0.33
phylter-k050-island_0	876	924	86	114	0.1	0.33
phylter-k050-island_0	736	1064	68	132	0.1	0.66
phylter-k155-island_0	1596	4	400	0	0.2	0.99
phylter-k155-island_0	1700	0	300	0	0.15	0.66
phylter-k155-island_0	1600	0	400	0	0.2	0.33
phylter-k155-island_0	1391	9	599	1	0.3	0.33
phylter-k155-island_0	1700	0	300	0	0.15	0.99
phylter-k155-island_0	1600	0	400	0	0.2	0.33
phylter-k155-island_0	1700	0	300	0	0.15	0.66
phylter-k155-island_0	1400	0	600	0	0.3	0.66
phylter-k155-island_0	1700	0	300	0	0.15	0.99
phylter-k155-island_0	1799	1	200	0	0.1	0.66
phylter-k155-island_0	1869	31	98	2	0.05	0.99
phylter-k155-island_0	1698	2	298	2	0.15	0.33
phylter-k155-island_0	1400	0	600	0	0.3	0.33
phylter-k155-island_0	1400	0	600	0	0.3	0.99
phylter-k155-island_0	1400	0	600	0	0.3	0.66
phylter-k155-island_0	1500	0	500	0	0.25	0.66
phylter-k155-island_0	1800	0	200	0	0.1	0.99
phylter-k155-island_0	1500	0	500	0	0.25	0.33
phylter-k155-island_0	1900	0	100	0	0.05	0.99
phylter-k155-island_0	1595	5	400	0	0.2	0.99
phylter-k155-island_0	1500	0	500	0	0.25	0.33
phylter-k155-island_0	1900	0	100	0	0.05	0.99
phylter-k155-island_0	1800	0	200	0	0.1	0.66
phylter-k155-island_0	1494	6	500	0	0.25	0.66
phylter-k155-island_0	1388	12	600	0	0.3	0.99
phylter-k155-island_0	1400	0	600	0	0.3	0.66
phylter-k155-island_0	1600	0	400	0	0.2	0.66
phylter-k155-island_0	1700	0	300	0	0.15	0.33
phylter-k155-island_0	1696	4	300	0	0.15	0.66
phylter-k155-island_0	1800	0	200	0	0.1	0.99
phylter-k155-island_0	1500	0	500	0	0.25	0.99
phylter-k155-island_0	1794	6	200	0	0.1	0.66
phylter-k155-island_0	1800	0	200	0	0.1	0.99
phylter-k155-island_0	1374	26	600	0	0.3	0.99
phylter-k155-island_0	1900	0	95	5	0.05	0.66
phylter-k155-island_0	1800	0	200	0	0.1	0.66
phylter-k155-island_0	1898	2	100	0	0.05	0.66
phylter-k155-island_0	1368	32	597	3	0.3	0.66
phylter-k155-island_0	1400	0	600	0	0.3	0.99
phylter-k155-island_0	1587	13	400	0	0.2	0.99
phylter-k155-island_0	1800	0	200	0	0.1	0.99
phylter-k155-island_0	1887	13	100	0	0.05	0.99
phylter-k155-island_0	1500	0	500	0	0.25	0.99
phylter-k155-island_0	1800	0	200	0	0.1	0.66
phylter-k155-island_0	1492	8	499	1	0.25	0.99
phylter-k155-island_0	1891	9	100	0	0.05	0.99
phylter-k155-island_0	1900	0	100	0	0.05	0.66
phylter-k155-island_0	1400	0	600	0	0.3	0.66
phylter-k155-island_0	1397	3	600	0	0.3	0.99
phylter-k155-island_0	1784	16	200	0	0.1	0.99
phylter-k155-island_0	1583	17	400	0	0.2	0.99
phylter-k155-island_0	1457	43	497	3	0.25	0.99
phylter-k155-island_0	1800	0	200	0	0.1	0.66
phylter-k155-island_0	1400	0	600	0	0.3	0.66
phylter-k155-island_0	1893	7	100	0	0.05	0.33
phylter-k155-island_0	1600	0	400	0	0.2	0.99
phylter-k155-island_0	1593	7	400	0	0.2	0.66
phylter-k155-island_0	1900	0	100	0	0.05	0.66
phylter-k155-island_0	1800	0	200	0	0.1	0.33
phylter-k155-island_0	1895	5	84	16	0.05	0.66
phylter-k155-island_0	1899	1	88	12	0.05	0.33
phylter-k155-island_0	1600	0	400	0	0.2	0.99
phylter-k155-island_0	1897	3	100	0	0.05	0.66
phylter-k155-island_0	1800	0	200	0	0.1	0.33
phylter-k155-island_0	1600	0	400	0	0.2	0.66
phylter-k155-island_0	1500	0	500	0	0.25	0.99
phylter-k155-island_0	1400	0	600	0	0.3	0.66
phylter-k155-island_0	1884	16	100	0	0.05	0.66
phylter-k155-island_0	1897	3	100	0	0.05	0.66
phylter-k155-island_0	1305	95	596	4	0.3	0.33
phylter-k155-island_0	1800	0	200	0	0.1	0.66
phylter-k155-island_0	1800	0	200	0	0.1	0.66
phylter-k155-island_0	1486	14	500	0	0.25	0.99
phylter-k155-island_0	1400	0	600	0	0.3	0.33
phylter-k155-island_0	1500	0	500	0	0.25	0.33
phylter-k155-island_0	1696	4	300	0	0.15	0.66
phylter-k155-island_0	1884	16	14	86	0.05	0.33
phylter-k155-island_0	1800	0	200	0	0.1	0.99
phylter-k155-island_0	1699	1	300	0	0.15	0.33
phylter-k155-island_0	1600	0	400	0	0.2	0.66
phylter-k155-island_0	1800	0	200	0	0.1	0.33
phylter-k155-island_0	1497	3	500	0	0.25	0.66
phylter-k155-island_0	1400	0	600	0	0.3	0.33
phylter-k155-island_0	1700	0	300	0	0.15	0.33
phylter-k155-island_0	1892	8	100	0	0.05	0.33
phylter-k155-island_0	1796	4	200	0	0.1	0.99
phylter-k155-island_0	1500	0	500	0	0.25	0.66
phylter-k155-island_0	1400	0	600	0	0.3	0.66
phylter-k155-island_0	1799	1	200	0	0.1	0.33
phylter-k155-island_0	1600	0	400	0	0.2	0.66
phylter-k155-island_0	1700	0	300	0	0.15	0.33
phylter-k155-island_0	1500	0	500	0	0.25	0.33
phylter-k155-island_0	1900	0	100	0	0.05	0.99
phylter-k155-island_0	1399	1	600	0	0.3	0.99
phylter-k155-island_0	1900	0	100	0	0.05	0.33
phylter-k155-island_0	1700	0	300	0	0.15	0.66
phylter-k155-island_0	1600	0	400	0	0.2	0.33
phylter-k155-island_0	1400	0	600	0	0.3	0.33
phylter-k155-island_0	1700	0	300	0	0.15	0.99
phylter-k155-island_0	1800	0	200	0	0.1	0.33
phylter-k155-island_0	1357	43	600	0	0.3	0.99
phylter-k155-island_0	1600	0	400	0	0.2	0.66
phylter-k155-island_0	1700	0	300	0	0.15	0.33
phylter-k155-island_0	1400	0	600	0	0.3	0.33
phylter-k155-island_0	1600	0	400	0	0.2	0.33
phylter-k155-island_0	1700	0	300	0	0.15	0.66
phylter-k155-island_0	1700	0	300	0	0.15	0.66
phylter-k155-island_0	1400	0	600	0	0.3	0.33
phylter-k155-island_0	1500	0	500	0	0.25	0.99
phylter-k155-island_0	1700	0	300	0	0.15	0.99
phylter-k155-island_0	1600	0	400	0	0.2	0.66
phylter-k155-island_0	1800	0	200	0	0.1	0.66
phylter-k155-island_0	1683	17	300	0	0.15	0.99
phylter-k155-island_0	1600	0	400	0	0.2	0.66
phylter-k155-island_0	1700	0	300	0	0.15	0.66
phylter-k155-island_0	1400	0	600	0	0.3	0.33
phylter-k155-island_0	1879	21	53	47	0.05	0.66
phylter-k155-island_0	1700	0	300	0	0.15	0.99
phylter-k155-island_0	1492	8	495	5	0.25	0.99
phylter-k155-island_0	1900	0	100	0	0.05	0.66
phylter-k155-island_0	1800	0	200	0	0.1	0.33
phylter-k155-island_0	1900	0	100	0	0.05	0.66
phylter-k155-island_0	1800	0	200	0	0.1	0.33
phylter-k155-island_0	1600	0	400	0	0.2	0.99
phylter-k155-island_0	1476	24	500	0	0.25	0.99
phylter-k155-island_0	1600	0	400	0	0.2	0.99
phylter-k155-island_0	1600	0	400	0	0.2	0.66
phylter-k155-island_0	1600	0	400	0	0.2	0.33
phylter-k155-island_0	1882	18	94	6	0.05	0.99
phylter-k155-island_0	1600	0	400	0	0.2	0.33
phylter-k155-island_0	1500	0	500	0	0.25	0.66
phylter-k155-island_0	1896	4	100	0	0.05	0.33
phylter-k155-island_0	1400	0	600	0	0.3	0.66
phylter-k155-island_0	1884	16	24	76	0.05	0.33
phylter-k155-island_0	1495	5	500	0	0.25	0.99
phylter-k155-island_0	1887	13	100	0	0.05	0.99
phylter-k155-island_0	1396	4	600	0	0.3	0.99
phylter-k155-island_0	1400	0	600	0	0.3	0.66
phylter-k155-island_0	1896	4	100	0	0.05	0.66
phylter-k155-island_0	1570	30	400	0	0.2	0.66
phylter-k155-island_0	1586	14	400	0	0.2	0.99
phylter-k155-island_0	1895	5	84	16	0.05	0.33
phylter-k155-island_0	1588	12	400	0	0.2	0.66
phylter-k155-island_0	1395	5	600	0	0.3	0.99
phylter-k155-island_0	1400	0	600	0	0.3	0.66
phylter-k155-island_0	1900	0	99	1	0.05	0.66
phylter-k155-island_0	1575	25	400	0	0.2	0.99
phylter-k155-island_0	1899	1	100	0	0.05	0.33
phylter-k155-island_0	1900	0	100	0	0.05	0.99
phylter-k155-island_0	1900	0	100	0	0.05	0.33
phylter-k155-island_0	1498	2	500	0	0.25	0.99
phylter-k155-island_0	1497	3	500	0	0.25	0.66
phylter-k155-island_0	1700	0	300	0	0.15	0.66
phylter-k155-island_0	1799	1	199	1	0.1	0.99
phylter-k155-island_0	1900	0	100	0	0.05	0.33
phylter-k155-island_0	1500	0	500	0	0.25	0.66
phylter-k155-island_0	1400	0	600	0	0.3	0.66
phylter-k155-island_0	1387	13	599	1	0.3	0.99
phylter-k155-island_0	1600	0	400	0	0.2	0.66
phylter-k155-island_0	1700	0	300	0	0.15	0.33
phylter-k155-island_0	1500	0	500	0	0.25	0.33
phylter-k155-island_0	1900	0	100	0	0.05	0.99
phylter-k155-island_0	1464	36	500	0	0.25	0.33
phylter-k155-island_0	1893	7	100	0	0.05	0.99
phylter-k155-island_0	1439	61	500	0	0.25	0.33
phylter-k155-island_0	1800	0	200	0	0.1	0.99
phylter-k155-island_0	1900	0	100	0	0.05	0.33
phylter-k155-island_0	1700	0	300	0	0.15	0.33
phylter-k155-island_0	1600	0	400	0	0.2	0.66
phylter-k155-island_0	1400	0	600	0	0.3	0.66
phylter-k155-island_0	1400	0	600	0	0.3	0.99
phylter-k155-island_0	1376	124	497	3	0.25	0.66
phylter-k155-island_0	1800	0	200	0	0.1	0.33
phylter-k155-island_0	1800	0	200	0	0.1	0.66
phylter-k155-island_0	1500	0	500	0	0.25	0.33
phylter-k155-island_0	1898	2	100	0	0.05	0.99
phylter-k155-island_0	1694	6	300	0	0.15	0.99
phylter-k155-island_0	1393	7	600	0	0.3	0.66
phylter-k155-island_0	1600	0	400	0	0.2	0.33
phylter-k155-island_0	1900	0	100	0	0.05	0.33
phylter-k155-island_0	1699	1	300	0	0.15	0.66
phylter-k155-island_0	1600	0	400	0	0.2	0.66
phylter-k155-island_0	1700	0	300	0	0.15	0.99
phylter-k155-island_0	1700	0	300	0	0.15	0.66
phylter-k155-island_0	1600	0	400	0	0.2	0.33
phylter-k155-island_0	1800	0	200	0	0.1	0.66
phylter-k155-island_0	1800	0	200	0	0.1	0.33
phylter-k155-island_0	1500	0	500	0	0.25	0.33
phylter-k155-island_0	1900	0	100	0	0.05	0.99
phylter-k155-island_0	1780	20	200	0	0.1	0.99
phylter-k155-island_0	1498	2	500	0	0.25	0.66
phylter-k155-island_0	1797	3	198	2	0.1	0.33
phylter-k155-island_0	1700	0	300	0	0.15	0.33
phylter-k155-island_0	1500	0	500	0	0.25	0.99
phylter-k155-island_0	1500	0	500	0	0.25	0.33
phylter-k155-island_0	1800	0	200	0	0.1	0.66
phylter-k155-island_0	1500	0	500	0	0.25	0.33
phylter-k155-island_0	1500	0	500	0	0.25	0.99
phylter-k155-island_0	1600	0	400	0	0.2	0.33
phylter-k155-island_0	1790	10	200	0	0.1	0.99
phylter-k155-island_0	1900	0	100	0	0.05	0.99
phylter-k155-island_0	1700	0	300	0	0.15	0.33
phylter-k155-island_0	1900	0	100	0	0.05	0.66
phylter-k155-island_0	1692	8	300	0	0.15	0.99
phylter-k155-island_0	1800	0	200	0	0.1	0.33
phylter-k155-island_0	1491	9	499	1	0.25	0.66
phylter-k155-island_0	1800	0	200	0	0.1	0.66
phylter-k155-island_0	1499	1	500	0	0.25	0.33
phylter-k155-island_0	1686	14	300	0	0.15	0.99
phylter-k155-island_0	1499	1	500	0	0.25	0.66
phylter-k155-island_0	1399	1	600	0	0.3	0.33
phylter-k155-island_0	1600	0	400	0	0.2	0.33
phylter-k155-island_0	1626	74	300	0	0.15	0.66
phylter-k155-island_0	1700	0	300	0	0.15	0.33
phylter-k155-island_0	1700	0	300	0	0.15	0.99
phylter-k155-island_0	1700	0	300	0	0.15	0.66
phylter-k155-island_0	1788	12	200	0	0.1	0.99
phylter-k155-island_0	1600	0	400	0	0.2	0.33
phylter-k155-island_0	1383	17	600	0	0.3	0.33
phylter-k155-island_0	1800	0	200	0	0.1	0.66
phylter-k155-island_0	1687	13	300	0	0.15	0.99
phylter-k155-island_0	1498	2	500	0	0.25	0.99
phylter-k155-island_0	1900	0	100	0	0.05	0.66
phylter-k155-island_0	1800	0	200	0	0.1	0.33
phylter-k155-island_0	1592	8	400	0	0.2	0.99
phylter-k155-island_0	1894	6	100	0	0.05	0.66
phylter-k155-island_0	1800	0	200	0	0.1	0.33
phylter-k155-island_0	1184	416	389	11	0.2	0.99
phylter-k155-island_0	1500	0	500	0	0.25	0.99
phylter-k155-island_0	1700	0	300	0	0.15	0.66
phylter-k155-island_0	1400	0	600	0	0.3	0.33
phylter-k155-island_0	1482	18	499	1	0.25	0.99
phylter-k155-island_0	1693	7	300	0	0.15	0.99
phylter-k155-island_0	1558	42	400	0	0.2	0.66
phylter-k155-island_0	1600	0	400	0	0.2	0.66
phylter-k155-island_0	1700	0	297	3	0.15	0.66
phylter-k155-island_0	1384	16	597	3	0.3	0.33
phylter-k155-island_0	1900	0	100	0	0.05	0.66
phylter-k155-island_0	1889	11	99	1	0.05	0.99
phylter-k155-island_0	1900	0	100	0	0.05	0.33
phylter-k155-island_0	1500	0	500	0	0.25	0.99
phylter-k155-island_0	1600	0	400	0	0.2	0.66
phylter-k155-island_0	1400	0	600	0	0.3	0.66
phylter-k155-island_0	1389	11	600	0	0.3	0.99
phylter-k155-island_0	1900	0	100	0	0.05	0.66
phylter-k155-island_0	1559	41	400	0	0.2	0.99
phylter-k155-island_0	1895	5	100	0	0.05	0.33
phylter-k155-island_0	1400	0	600	0	0.3	0.66
phylter-k155-island_0	1400	0	600	0	0.3	0.99
phylter-k155-island_0	1893	7	100	0	0.05	0.66
phylter-k155-island_0	1600	0	400	0	0.2	0.66
phylter-k155-island_0	1592	8	400	0	0.2	0.99
phylter-k155-island_0	1900	0	100	0	0.05	0.33
phylter-k155-island_0	1454	46	500	0	0.25	0.66
phylter-k155-island_0	1900	0	100	0	0.05	0.33
phylter-k155-island_0	1499	1	500	0	0.25	0.99
phylter-k155-island_0	1900	0	100	0	0.05	0.99
phylter-k155-island_0	1561	39	400	0	0.2	0.99
phylter-k155-island_0	1700	0	300	0	0.15	0.66
phylter-k155-island_0	1591	9	400	0	0.2	0.66
phylter-k155-island_0	1600	0	400	0	0.2	0.33
phylter-k155-island_0	1499	1	500	0	0.25	0.66
phylter-k155-island_0	1500	0	500	0	0.25	0.66
phylter-k155-island_0	1600	0	400	0	0.2	0.33
phylter-k155-island_0	1896	4	100	0	0.05	0.99
phylter-k155-island_0	1900	0	99	1	0.05	0.33
phylter-k155-island_0	1397	3	600	0	0.3	0.66
phylter-k155-island_0	1771	29	200	0	0.1	0.66
phylter-k155-island_0	1800	0	200	0	0.1	0.33
phylter-k155-island_0	1897	3	100	0	0.05	0.99
phylter-k155-island_0	1400	0	600	0	0.3	0.66
phylter-k155-island_0	1700	0	300	0	0.15	0.99
phylter-k155-island_0	1897	3	40	60	0.05	0.33
phylter-k155-island_0	1700	0	300	0	0.15	0.66
phylter-k155-island_0	1600	0	400	0	0.2	0.33
phylter-k155-island_0	1139	561	288	12	0.15	0.99
phylter-k155-island_0	1600	0	400	0	0.2	0.66
phylter-k155-island_0	1600	0	400	0	0.2	0.33
phylter-k155-island_0	1700	0	300	0	0.15	0.66
phylter-k155-island_0	1800	0	170	30	0.1	0.33
phylter-k155-island_0	1800	0	200	0	0.1	0.66
phylter-k155-island_0	1496	4	500	0	0.25	0.33
phylter-k155-island_0	1700	0	299	1	0.15	0.66
phylter-k155-island_0	1900	0	100	0	0.05	0.33
phylter-k155-island_0	1800	0	200	0	0.1	0.99
phylter-k155-island_0	1700	0	300	0	0.15	0.33
phylter-k155-island_0	1600	0	400	0	0.2	0.66
phylter-k155-island_0	1395	5	600	0	0.3	0.99
phylter-k155-island_0	1400	0	600	0	0.3	0.66
phylter-k155-island_0	1500	0	500	0	0.25	0.66
phylter-k155-island_0	1500	0	500	0	0.25	0.33
phylter-k155-island_0	1897	3	100	0	0.05	0.99
phylter-k155-island_0	1499	1	500	0	0.25	0.33
phylter-k155-island_0	1500	0	500	0	0.25	0.33
phylter-k155-island_0	1881	19	100	0	0.05	0.99
phylter-k155-island_0	1896	4	59	41	0.05	0.33
phylter-k155-island_0	1770	30	200	0	0.1	0.99
phylter-k155-island_0	1500	0	500	0	0.25	0.66
phylter-k155-island_0	1400	0	600	0	0.3	0.99
phylter-k155-island_0	1383	17	600	0	0.3	0.66
phylter-k155-island_0	1600	0	400	0	0.2	0.66
phylter-k155-island_0	1700	0	300	0	0.15	0.33
phylter-k155-island_0	1798	2	200	0	0.1	0.66
phylter-k155-island_0	1500	0	500	0	0.25	0.33
phylter-k155-island_0	1500	0	500	0	0.25	0.66
phylter-k155-island_0	1687	13	300	0	0.15	0.99
phylter-k155-island_0	1700	0	300	0	0.15	0.66
phylter-k155-island_0	1600	0	400	0	0.2	0.33
phylter-k155-island_0	1400	0	600	0	0.3	0.33
phylter-k155-island_0	1678	22	300	0	0.15	0.99
phylter-k155-island_0	1700	0	300	0	0.15	0.33
phylter-k155-island_0	1371	29	600	0	0.3	0.33
phylter-k155-island_0	1600	0	400	0	0.2	0.33
phylter-k155-island_0	1671	29	300	0	0.15	0.66
phylter-k155-island_0	1768	32	200	0	0.1	0.99
phylter-k155-island_0	1800	0	200	0	0.1	0.66
phylter-k155-island_0	1787	13	200	0	0.1	0.99
phylter-k155-island_0	1900	0	100	0	0.05	0.99
phylter-k155-island_0	1699	1	300	0	0.15	0.33
phylter-k155-island_0	1800	0	200	0	0.1	0.33
phylter-k155-island_0	1500	0	500	0	0.25	0.66
phylter-k155-island_0	1500	0	500	0	0.25	0.33
phylter-k155-island_0	1500	0	500	0	0.25	0.99
phylter-k155-island_0	1500	0	500	0	0.25	0.99
phylter-k155-island_0	1800	0	200	0	0.1	0.66
phylter-k155-island_0	1500	0	500	0	0.25	0.99
phylter-k155-island_0	1496	4	500	0	0.25	0.33
phylter-k155-island_0	1864	36	99	1	0.05	0.99
phylter-k155-island_0	1787	13	200	0	0.1	0.99
phylter-k155-island_0	1600	0	400	0	0.2	0.33
phylter-k155-island_0	1448	52	482	18	0.25	0.66
phylter-k155-island_0	1631	69	299	1	0.15	0.99
phylter-k155-island_0	1800	0	200	0	0.1	0.33
phylter-k155-island_0	1700	0	300	0	0.15	0.33
phylter-k155-island_0	1393	107	500	0	0.25	0.66
phylter-k155-island_0	1798	2	196	4	0.1	0.66
phylter-k155-island_0	1366	34	600	0	0.3	0.66
phylter-k155-island_0	1395	5	600	0	0.3	0.99
phylter-k155-island_0	1400	0	600	0	0.3	0.33
phylter-k155-island_0	1700	0	300	0	0.15	0.33
phylter-k155-island_0	1900	0	100	0	0.05	0.33
phylter-k155-island_0	1791	9	200	0	0.1	0.99
phylter-k155-island_0	1600	0	400	0	0.2	0.99
phylter-k155-island_0	1500	0	500	0	0.25	0.33
phylter-k155-island_0	1883	17	100	0	0.05	0.99
phylter-k155-island_0	1500	0	500	0	0.25	0.33
phylter-k155-island_0	1893	7	100	0	0.05	0.99
phylter-k155-island_0	1589	11	399	1	0.2	0.99
phylter-k155-island_0	1500	200	300	0	0.15	0.33
phylter-k155-island_0	1400	0	600	0	0.3	0.66
phylter-k155-island_0	1400	0	600	0	0.3	0.99
phylter-k155-island_0	1500	0	500	0	0.25	0.66
phylter-k155-island_0	1800	0	200	0	0.1	0.66
phylter-k155-island_0	1700	0	300	0	0.15	0.66
phylter-k155-island_0	1800	0	200	0	0.1	0.99
phylter-k155-island_0	1600	0	400	0	0.2	0.99
phylter-k155-island_0	1600	0	400	0	0.2	0.33
phylter-k155-island_0	1695	5	300	0	0.15	0.66
phylter-k155-island_0	1700	0	300	0	0.15	0.99
phylter-k155-island_0	1400	0	600	0	0.3	0.33
phylter-k155-island_0	1700	0	300	0	0.15	0.66
phylter-k155-island_0	1600	0	400	0	0.2	0.33
phylter-k155-island_0	1400	0	600	0	0.3	0.33
phylter-k155-island_0	1800	0	200	0	0.1	0.66
phylter-k155-island_0	1696	4	300	0	0.15	0.99
phylter-k155-island_0	1400	0	600	0	0.3	0.66
phylter-k155-island_0	1900	0	100	0	0.05	0.99
phylter-k155-island_0	1900	0	100	0	0.05	0.66
phylter-k155-island_0	1370	30	600	0	0.3	0.99
phylter-k155-island_0	1400	0	600	0	0.3	0.66
phylter-k155-island_0	1795	5	200	0	0.1	0.99
phylter-k155-island_0	1597	3	400	0	0.2	0.99
phylter-k155-island_0	1500	0	500	0	0.25	0.99
phylter-k155-island_0	1896	4	100	0	0.05	0.99
phylter-k155-island_0	1797	3	200	0	0.1	0.66
phylter-k155-island_0	1890	10	100	0	0.05	0.99
phylter-k155-island_0	1497	3	500	0	0.25	0.99
phylter-k155-island_0	1900	0	100	0	0.05	0.66
phylter-k155-island_0	1377	23	600	0	0.3	0.99
phylter-k155-island_0	1316	84	600	0	0.3	0.66
phylter-k155-island_0	1584	16	400	0	0.2	0.99
phylter-k155-island_0	1495	5	500	0	0.25	0.99
phylter-k155-island_0	1800	0	200	0	0.1	0.66
phylter-k155-island_0	1780	20	200	0	0.1	0.99
phylter-k155-island_0	1388	12	600	0	0.3	0.99
phylter-k155-island_0	1895	5	100	0	0.05	0.66
phylter-k155-island_0	1797	3	200	0	0.1	0.66
phylter-k155-island_0	1896	4	100	0	0.05	0.66
phylter-k155-island_0	1900	0	100	0	0.05	0.66
phylter-k155-island_0	1308	92	600	0	0.3	0.33
phylter-k155-island_0	1800	0	200	0	0.1	0.66
phylter-k155-island_0	1800	0	200	0	0.1	0.66
phylter-k155-island_0	1500	0	500	0	0.25	0.99
phylter-k155-island_0	1893	7	93	7	0.05	0.66
phylter-k155-island_0	1400	0	600	0	0.3	0.33
phylter-k155-island_0	1483	17	500	0	0.25	0.99
phylter-k155-island_0	1800	0	200	0	0.1	0.66
phylter-k155-island_0	1397	3	600	0	0.3	0.66
phylter-k155-island_0	1600	0	400	0	0.2	0.99
phylter-k155-island_0	1900	0	100	0	0.05	0.66
phylter-k155-island_0	1898	2	100	0	0.05	0.66
phylter-k155-island_0	1800	0	200	0	0.1	0.33
phylter-k155-island_0	1600	0	400	0	0.2	0.66
phylter-k155-island_0	1895	5	100	0	0.05	0.33
phylter-k155-island_0	1575	25	400	0	0.2	0.99
phylter-k155-island_0	1555	45	400	0	0.2	0.66
phylter-k155-island_0	1890	10	78	22	0.05	0.66
phylter-k155-island_0	1800	0	200	0	0.1	0.33
phylter-k155-island_0	604	896	457	43	0.25	0.99
phylter-k155-island_0	1238	162	598	2	0.3	0.66
phylter-k155-island_0	1684	16	300	0	0.15	0.99
phylter-k155-island_0	1400	0	600	0	0.3	0.99
phylter-k155-island_0	1400	0	600	0	0.3	0.33
phylter-k155-island_0	1600	0	400	0	0.2	0.33
phylter-k155-island_0	1896	4	66	34	0.05	0.33
phylter-k155-island_0	1700	0	300	0	0.15	0.66
phylter-k155-island_0	1597	3	400	0	0.2	0.66
phylter-k155-island_0	1397	3	600	0	0.3	0.99
phylter-k155-island_0	1699	1	300	0	0.15	0.99
phylter-k155-island_0	1800	0	194	6	0.1	0.33
phylter-k155-island_0	1699	1	297	3	0.15	0.66
phylter-k155-island_0	1600	0	400	0	0.2	0.33
phylter-k155-island_0	1396	4	600	0	0.3	0.33
phylter-k155-island_0	1700	0	300	0	0.15	0.33
phylter-k155-island_0	1500	0	500	0	0.25	0.33
phylter-k155-island_0	1700	0	300	0	0.15	0.33
phylter-k155-island_0	1700	0	300	0	0.15	0.66
phylter-k155-island_0	1786	14	200	0	0.1	0.99
phylter-k155-island_0	1900	0	99	1	0.05	0.33
phylter-k155-island_0	1500	0	500	0	0.25	0.66
phylter-k155-island_0	1797	3	200	0	0.1	0.33
phylter-k155-island_0	1600	0	400	0	0.2	0.66
phylter-k155-island_0	1700	0	300	0	0.15	0.33
phylter-k155-island_0	1662	138	199	1	0.1	0.99
phylter-k155-island_0	1900	0	100	0	0.05	0.33
phylter-k155-island_0	1700	0	300	0	0.15	0.33
phylter-k155-island_0	1400	0	600	0	0.3	0.33
phylter-k155-island_0	1700	0	300	0	0.15	0.33
phylter-k155-island_0	1600	0	400	0	0.2	0.66
phylter-k155-island_0	1500	0	500	0	0.25	0.66
phylter-k155-island_0	1500	0	500	0	0.25	0.33
phylter-k155-island_0	1475	25	500	0	0.25	0.99
phylter-k155-island_0	1893	7	100	0	0.05	0.33
phylter-k155-island_0	1894	6	100	0	0.05	0.99
phylter-k155-island_0	1800	0	200	0	0.1	0.99
phylter-k155-island_0	1892	8	100	0	0.05	0.33
phylter-k155-island_0	1600	0	400	0	0.2	0.99
phylter-k155-island_0	1898	2	99	1	0.05	0.66
phylter-k155-island_0	1384	16	595	5	0.3	0.66
phylter-k155-island_0	1400	0	600	0	0.3	0.99
phylter-k155-island_0	1595	5	400	0	0.2	0.66
phylter-k155-island_0	1900	0	100	0	0.05	0.33
phylter-k155-island_0	694	906	378	22	0.2	0.99
phylter-k155-island_0	1600	0	400	0	0.2	0.66
phylter-k155-island_0	1885	15	100	0	0.05	0.66
phylter-k155-island_0	1400	0	600	0	0.3	0.66
phylter-k155-island_0	1378	22	600	0	0.3	0.99
phylter-k155-island_0	1600	0	400	0	0.2	0.33
phylter-k155-island_0	1898	2	100	0	0.05	0.99
phylter-k155-island_0	1470	30	497	3	0.25	0.99
phylter-k155-island_0	1900	0	100	0	0.05	0.33
phylter-k155-island_0	1396	4	600	0	0.3	0.99
phylter-k155-island_0	1700	0	300	0	0.15	0.99
phylter-k155-island_0	1900	0	100	0	0.05	0.66
phylter-k155-island_0	1600	0	400	0	0.2	0.33
phylter-k155-island_0	1356	144	498	2	0.25	0.66
phylter-k155-island_0	1600	0	400	0	0.2	0.33
phylter-k155-island_0	1900	0	100	0	0.05	0.33
phylter-k155-island_0	1391	109	496	4	0.25	0.99
phylter-k155-island_0	1499	1	500	0	0.25	0.66
phylter-k155-island_0	1500	0	500	0	0.25	0.99
phylter-k155-island_0	1700	0	300	0	0.15	0.66
phylter-k155-island_0	1600	0	400	0	0.2	0.99
phylter-k155-island_0	1800	0	200	0	0.1	0.33
phylter-k155-island_0	1900	0	100	0	0.05	0.66
phylter-k155-island_0	1600	0	400	0	0.2	0.99
phylter-k155-island_0	1400	0	600	0	0.3	0.33
phylter-k155-island_0	1800	0	200	0	0.1	0.33
phylter-k155-island_0	1900	0	100	0	0.05	0.66
phylter-k155-island_0	1600	0	400	0	0.2	0.66
phylter-k155-island_0	1398	2	600	0	0.3	0.33
phylter-k155-island_0	1700	0	300	0	0.15	0.66
phylter-k155-island_0	1600	0	400	0	0.2	0.66
phylter-k155-island_0	1700	0	300	0	0.15	0.99
phylter-k155-island_0	1600	0	400	0	0.2	0.66
phylter-k155-island_0	1686	14	300	0	0.15	0.99
phylter-k155-island_0	1800	0	200	0	0.1	0.33
phylter-k155-island_0	1577	23	396	4	0.2	0.99
phylter-k155-island_0	1304	96	600	0	0.3	0.33
phylter-k155-island_0	407	1093	475	25	0.25	0.99
phylter-k155-island_0	1798	2	200	0	0.1	0.66
phylter-k155-island_0	1235	165	600	0	0.3	0.33
phylter-k155-island_0	1881	19	100	0	0.05	0.99
phylter-k155-island_0	1700	0	300	0	0.15	0.66
phylter-k155-island_0	1600	0	400	0	0.2	0.33
phylter-k155-island_0	1689	11	300	0	0.15	0.99
phylter-k155-island_0	1800	0	200	0	0.1	0.33
phylter-k155-island_0	1600	0	400	0	0.2	0.33
phylter-k155-island_0	1700	0	300	0	0.15	0.66
phylter-k155-island_0	1400	0	600	0	0.3	0.33
phylter-k155-island_0	1700	0	300	0	0.15	0.99
phylter-k155-island_0	1800	0	200	0	0.1	0.66
phylter-k155-island_0	1800	0	200	0	0.1	0.33
phylter-k155-island_0	1500	0	500	0	0.25	0.66
phylter-k155-island_0	1700	0	300	0	0.15	0.33
phylter-k155-island_0	1883	17	100	0	0.05	0.99
phylter-k155-island_0	1400	0	600	0	0.3	0.33
phylter-k155-island_0	1790	10	200	0	0.1	0.99
phylter-k155-island_0	1489	11	500	0	0.25	0.99
phylter-k155-island_0	1500	0	500	0	0.25	0.33
phylter-k155-island_0	1500	0	500	0	0.25	0.33
phylter-k155-island_0	1700	0	300	0	0.15	0.33
phylter-k155-island_0	1460	40	500	0	0.25	0.66
phylter-k155-island_0	1800	0	200	0	0.1	0.33
phylter-k155-island_0	1700	0	300	0	0.15	0.66
phylter-k155-island_0	1449	151	400	0	0.2	0.99
phylter-k155-island_0	1787	13	200	0	0.1	0.99
phylter-k155-island_0	1500	0	500	0	0.25	0.33
phylter-k155-island_0	1800	0	200	0	0.1	0.33
phylter-k155-island_0	1792	8	200	0	0.1	0.66
phylter-k155-island_0	1700	0	300	0	0.15	0.66
phylter-k155-island_0	1718	82	197	3	0.1	0.99
phylter-k155-island_0	1600	0	400	0	0.2	0.33
phylter-k155-island_0	1700	0	300	0	0.15	0.99
phylter-k155-island_0	1700	0	300	0	0.15	0.33
phylter-k155-island_0	1600	0	400	0	0.2	0.33
phylter-k155-island_0	1700	0	300	0	0.15	0.66
phylter-k155-island_0	1400	0	600	0	0.3	0.99
phylter-k155-island_0	1700	0	300	0	0.15	0.99
phylter-k155-island_0	1500	0	500	0	0.25	0.66
phylter-k155-island_0	1500	0	500	0	0.25	0.33
phylter-k155-island_0	1500	0	500	0	0.25	0.33
phylter-k155-island_0	1796	4	200	0	0.1	0.66
phylter-k155-island_0	1371	29	600	0	0.3	0.99
phylter-k155-island_0	1368	32	600	0	0.3	0.66
phylter-k155-island_0	1597	103	289	11	0.15	0.99
phylter-k155-island_0	1456	44	500	0	0.25	0.66
phylter-k155-island_0	1700	0	300	0	0.15	0.33
phylter-k155-island_0	1585	15	400	0	0.2	0.66
phylter-k155-island_0	1600	0	400	0	0.2	0.33
phylter-k155-island_0	1900	0	100	0	0.05	0.33
phylter-k155-island_0	1797	3	200	0	0.1	0.99
phylter-k155-island_0	1799	1	200	0	0.1	0.33
phylter-k155-island_0	1900	0	100	0	0.05	0.99
phylter-k155-island_0	1500	0	500	0	0.25	0.33
phylter-k155-island_0	1800	0	200	0	0.1	0.66
phylter-k155-island_0	1898	2	100	0	0.05	0.99
phylter-k155-island_0	1500	0	500	0	0.25	0.33
phylter-k155-island_0	1600	0	400	0	0.2	0.66
phylter-k155-island_0	1700	0	300	0	0.15	0.33
phylter-k155-island_0	1499	1	500	0	0.25	0.66
phylter-k155-island_0	1396	4	600	0	0.3	0.99
phylter-k155-island_0	1400	0	600	0	0.3	0.66
phylter-k155-island_0	1900	0	100	0	0.05	0.33
phylter-k155-island_0	1800	0	200	0	0.1	0.99
phylter-k155-island_0	1588	12	400	0	0.2	0.99
phylter-k155-island_0	1800	0	200	0	0.1	0.99
phylter-k155-island_0	1400	0	600	0	0.3	0.99
phylter-k155-island_0	1400	0	600	0	0.3	0.66
phylter-k155-island_0	1900	0	100	0	0.05	0.66
phylter-k155-island_0	1889	11	99	1	0.05	0.99
phylter-k155-island_0	805	695	486	14	0.25	0.99
phylter-k155-island_0	1500	0	500	0	0.25	0.99
phylter-k155-island_0	1829	71	100	0	0.05	0.99
phylter-k155-island_0	1760	40	200	0	0.1	0.99
phylter-k155-island_0	1600	0	400	0	0.2	0.99
phylter-k155-island_0	1387	13	600	0	0.3	0.99
phylter-k155-island_0	1393	7	600	0	0.3	0.66
phylter-k155-island_0	1900	0	100	0	0.05	0.66
phylter-k155-island_0	1800	0	200	0	0.1	0.66
phylter-k155-island_0	1854	46	100	0	0.05	0.99
phylter-k155-island_0	1400	0	600	0	0.3	0.66
phylter-k155-island_0	1397	3	600	0	0.3	0.33
phylter-k155-island_0	1597	3	400	0	0.2	0.99
phylter-k155-island_0	1800	0	200	0	0.1	0.66
phylter-k155-island_0	1795	5	200	0	0.1	0.99
phylter-k155-island_0	1700	0	300	0	0.15	0.33
phylter-k155-island_0	1485	15	500	0	0.25	0.66
phylter-k155-island_0	1800	0	200	0	0.1	0.66
phylter-k155-island_0	1400	0	600	0	0.3	0.66
phylter-k155-island_0	1378	22	600	0	0.3	0.99
phylter-k155-island_0	1900	0	100	0	0.05	0.99
phylter-k155-island_0	1600	0	400	0	0.2	0.99
phylter-k155-island_0	1587	13	400	0	0.2	0.99
phylter-k155-island_0	1898	2	100	0	0.05	0.99
phylter-k155-island_0	1500	0	500	0	0.25	0.33
phylter-k155-island_0	1600	0	400	0	0.2	0.33
phylter-k155-island_0	1800	0	200	0	0.1	0.99
phylter-k155-island_0	1698	2	300	0	0.15	0.99
phylter-k155-island_0	1400	0	600	0	0.3	0.66
phylter-k155-island_0	1378	22	600	0	0.3	0.99
phylter-k155-island_0	1500	0	500	0	0.25	0.66
phylter-k155-island_0	1800	0	200	0	0.1	0.66
phylter-k155-island_0	1700	0	300	0	0.15	0.33
phylter-k155-island_0	1500	0	500	0	0.25	0.33
phylter-k155-island_0	1400	0	600	0	0.3	0.33
phylter-k155-island_0	1696	4	300	0	0.15	0.99
phylter-k155-island_0	1400	0	600	0	0.3	0.99
phylter-k155-island_0	1486	14	500	0	0.25	0.66
phylter-k155-island_0	1600	0	400	0	0.2	0.33
phylter-k155-island_0	1700	0	300	0	0.15	0.66
phylter-k155-island_0	1648	52	300	0	0.15	0.99
phylter-k155-island_0	1400	0	600	0	0.3	0.33
phylter-k155-island_0	1700	0	300	0	0.15	0.33
phylter-k155-island_0	1700	0	300	0	0.15	0.66
phylter-k155-island_0	1785	15	200	0	0.1	0.99
phylter-k155-island_0	1600	0	400	0	0.2	0.33
phylter-k155-island_0	1600	0	400	0	0.2	0.33
phylter-k155-island_0	1673	27	296	4	0.15	0.66
phylter-k155-island_0	1795	5	194	6	0.1	0.99
phylter-k155-island_0	1400	0	600	0	0.3	0.33
phylter-k155-island_0	1700	0	300	0	0.15	0.33
phylter-k155-island_0	1399	1	600	0	0.3	0.99
phylter-k155-island_0	1700	0	300	0	0.15	0.99
phylter-k155-island_0	1500	0	500	0	0.25	0.33
phylter-k155-island_0	1400	0	600	0	0.3	0.33
phylter-k155-island_0	1700	0	300	0	0.15	0.66
phylter-k155-island_0	1600	0	400	0	0.2	0.33
phylter-k155-island_0	1464	36	500	0	0.25	0.66
phylter-k155-island_0	1698	2	300	0	0.15	0.99
phylter-k155-island_0	1500	0	500	0	0.25	0.33
phylter-k155-island_0	1368	32	600	0	0.3	0.99
phylter-k155-island_0	1600	0	400	0	0.2	0.66
phylter-k155-island_0	1700	0	300	0	0.15	0.33
phylter-k155-island_0	1498	2	499	1	0.25	0.66
phylter-k155-island_0	1691	9	299	1	0.15	0.99
phylter-k155-island_0	1800	0	200	0	0.1	0.33
phylter-k155-island_0	1800	0	200	0	0.1	0.99
phylter-k155-island_0	1900	0	100	0	0.05	0.33
phylter-k155-island_0	1600	0	400	0	0.2	0.33
phylter-k155-island_0	1700	0	300	0	0.15	0.33
phylter-k155-island_0	1800	0	200	0	0.1	0.33
phylter-k155-island_0	1453	47	500	0	0.25	0.66
phylter-k155-island_0	1700	0	300	0	0.15	0.33
phylter-k155-island_0	1600	0	400	0	0.2	0.66
phylter-k155-island_0	1700	0	300	0	0.15	0.33
phylter-k155-island_0	1797	3	200	0	0.1	0.99
phylter-k155-island_0	1894	6	99	1	0.05	0.33
phylter-k155-island_0	1500	0	500	0	0.25	0.33
phylter-k155-island_0	1400	0	600	0	0.3	0.33
phylter-k155-island_0	1600	0	400	0	0.2	0.66
phylter-k155-island_0	1800	0	200	0	0.1	0.33
phylter-k155-island_0	1900	0	100	0	0.05	0.66
phylter-k155-island_0	1800	0	200	0	0.1	0.66
phylter-k155-island_0	1297	103	600	0	0.3	0.66
phylter-k155-island_0	1800	0	200	0	0.1	0.66
phylter-k155-island_0	1400	0	600	0	0.3	0.33
phylter-k155-island_0	1899	1	100	0	0.05	0.33
phylter-k155-island_0	1900	0	100	0	0.05	0.66
phylter-k155-island_0	1400	0	600	0	0.3	0.66
phylter-k155-island_0	1486	14	500	0	0.25	0.99
phylter-k155-island_0	1600	0	400	0	0.2	0.66
phylter-k155-island_0	1900	0	100	0	0.05	0.66
phylter-k155-island_0	1600	0	400	0	0.2	0.99
phylter-k155-island_0	1900	0	100	0	0.05	0.33
phylter-k155-island_0	1400	0	600	0	0.3	0.33
phylter-k155-island_0	1800	0	200	0	0.1	0.33
phylter-k155-island_0	1900	0	100	0	0.05	0.66
phylter-k155-island_0	1595	5	400	0	0.2	0.66
phylter-k155-island_0	1600	0	400	0	0.2	0.99
phylter-k155-island_0	1890	10	100	0	0.05	0.33
phylter-k155-island_0	1400	0	600	0	0.3	0.66
phylter-k155-island_0	1500	0	500	0	0.25	0.99
phylter-k155-island_0	1800	0	200	0	0.1	0.66
phylter-k155-island_0	1862	38	100	0	0.05	0.99
phylter-k155-island_0	1387	13	600	0	0.3	0.66
phylter-k155-island_0	1592	8	400	0	0.2	0.99
phylter-k155-island_0	1800	0	200	0	0.1	0.66
phylter-k155-island_0	1800	0	200	0	0.1	0.99
phylter-k155-island_0	1579	21	397	3	0.2	0.99
phylter-k155-island_0	1800	0	200	0	0.1	0.33
phylter-k155-island_0	1385	15	597	3	0.3	0.66
phylter-k155-island_0	1395	5	600	0	0.3	0.99
phylter-k155-island_0	1900	0	100	0	0.05	0.66
phylter-k155-island_0	1490	10	500	0	0.25	0.99
phylter-k155-island_0	1856	44	100	0	0.05	0.99
phylter-k155-island_0	1872	28	98	2	0.05	0.99
phylter-k155-island_0	1484	16	500	0	0.25	0.99
phylter-k155-island_0	1164	436	390	10	0.2	0.99
phylter-k155-island_0	1795	5	200	0	0.1	0.99
phylter-k155-island_0	1391	9	600	0	0.3	0.66
phylter-k155-island_0	1397	3	600	0	0.3	0.99
phylter-k155-island_0	1887	13	99	1	0.05	0.66
phylter-k155-island_0	1500	0	500	0	0.25	0.33
phylter-k155-island_0	1495	5	500	0	0.25	0.66
phylter-k155-island_0	1372	28	600	0	0.3	0.99
phylter-k155-island_0	1689	11	300	0	0.15	0.99
phylter-k155-island_0	1400	0	600	0	0.3	0.33
phylter-k155-island_0	1696	4	299	1	0.15	0.66
phylter-k155-island_0	1600	0	400	0	0.2	0.33
phylter-k155-island_0	1700	0	300	0	0.15	0.33
phylter-k155-island_0	1400	0	600	0	0.3	0.33
phylter-k155-island_0	1700	0	300	0	0.15	0.99
phylter-k155-island_0	1598	2	398	2	0.2	0.33
phylter-k155-island_0	1600	100	300	0	0.15	0.66
phylter-k155-island_0	1800	0	200	0	0.1	0.99
phylter-k155-island_0	1386	14	600	0	0.3	0.99
phylter-k155-island_0	1365	35	599	1	0.3	0.66
phylter-k155-island_0	1800	0	196	4	0.1	0.66
phylter-k155-island_0	1500	0	500	0	0.25	0.66
phylter-k155-island_0	1700	0	300	0	0.15	0.33
phylter-k155-island_0	1600	0	400	0	0.2	0.99
phylter-k155-island_0	1889	11	100	0	0.05	0.99
phylter-k155-island_0	1500	0	500	0	0.25	0.33
phylter-k155-island_0	1900	0	100	0	0.05	0.99
phylter-k155-island_0	1500	0	500	0	0.25	0.33
phylter-k155-island_0	1594	6	400	0	0.2	0.99
phylter-k155-island_0	1770	30	200	0	0.1	0.99
phylter-k155-island_0	1600	0	400	0	0.2	0.33
phylter-k155-island_0	1700	0	300	0	0.15	0.33
phylter-k155-island_0	1800	0	200	0	0.1	0.66
phylter-k155-island_0	1500	0	500	0	0.25	0.66
phylter-k155-island_0	1397	3	600	0	0.3	0.99
phylter-k155-island_0	1268	132	599	1	0.3	0.66
phylter-k155-island_0	1652	48	300	0	0.15	0.99
phylter-k155-island_0	1500	0	500	0	0.25	0.33
phylter-k155-island_0	1400	0	600	0	0.3	0.99
phylter-k155-island_0	1700	0	300	0	0.15	0.99
phylter-k155-island_0	1800	0	200	0	0.1	0.33
phylter-k155-island_0	1500	0	500	0	0.25	0.66
phylter-k155-island_0	1700	0	300	0	0.15	0.33
phylter-k155-island_0	1596	4	398	2	0.2	0.66
phylter-k155-island_0	827	573	551	49	0.3	0.99
phylter-k155-island_0	1700	0	300	0	0.15	0.33
phylter-k155-island_0	1600	0	400	0	0.2	0.33
phylter-k155-island_0	1900	0	100	0	0.05	0.33
phylter-k155-island_0	1733	67	200	0	0.1	0.99
phylter-k155-island_0	1600	0	400	0	0.2	0.66
phylter-k155-island_0	1700	0	300	0	0.15	0.33
phylter-k155-island_0	1500	0	500	0	0.25	0.66
phylter-k155-island_0	1799	1	200	0	0.1	0.33
phylter-k155-island_0	1900	0	100	0	0.05	0.33
phylter-k155-island_0	1747	53	200	0	0.1	0.99
phylter-k155-island_0	1700	0	300	0	0.15	0.33
phylter-k155-island_0	1500	0	500	0	0.25	0.33
phylter-k155-island_0	1301	99	599	1	0.3	0.33
phylter-k155-island_0	1700	0	300	0	0.15	0.66
phylter-k155-island_0	1600	0	400	0	0.2	0.33
phylter-k155-island_0	1700	0	300	0	0.15	0.99
phylter-k155-island_0	1400	0	600	0	0.3	0.99
phylter-k155-island_0	1699	1	292	8	0.15	0.33
phylter-k155-island_0	1500	0	500	0	0.25	0.33
phylter-k155-island_0	1600	0	400	0	0.2	0.33
phylter-k155-island_0	1700	0	300	0	0.15	0.66
phylter-k155-island_0	1400	0	600	0	0.3	0.33
phylter-k155-island_0	1395	5	600	0	0.3	0.99
phylter-k155-island_0	1694	6	300	0	0.15	0.99
phylter-k155-island_0	1500	0	500	0	0.25	0.66
phylter-k155-island_0	1366	34	600	0	0.3	0.66
phylter-k155-island_0	1493	7	500	0	0.25	0.99
phylter-k155-island_0	1800	0	199	1	0.1	0.33
phylter-k155-island_0	1900	0	100	0	0.05	0.66
phylter-k155-island_0	1595	5	400	0	0.2	0.66
phylter-k155-island_0	1357	43	600	0	0.3	0.33
phylter-k155-island_0	1600	0	400	0	0.2	0.99
phylter-k155-island_0	1889	11	100	0	0.05	0.33
phylter-k155-island_0	1600	0	400	0	0.2	0.66
phylter-k155-island_0	1800	0	200	0	0.1	0.33
phylter-k155-island_0	1892	8	99	1	0.05	0.66
phylter-k155-island_0	1589	11	400	0	0.2	0.99
phylter-k155-island_0	1897	3	95	5	0.05	0.33
phylter-k155-island_0	1500	0	500	0	0.25	0.99
phylter-k155-island_0	1400	0	600	0	0.3	0.33
phylter-k155-island_0	1592	8	400	0	0.2	0.99
phylter-k155-island_0	1900	0	100	0	0.05	0.66
phylter-k155-island_0	1600	0	400	0	0.2	0.66
phylter-k155-island_0	1788	12	200	0	0.1	0.66
phylter-k155-island_0	1396	4	600	0	0.3	0.66
phylter-k155-island_0	1794	6	200	0	0.1	0.66
phylter-k155-island_0	1900	0	100	0	0.05	0.33
phylter-k155-island_0	1400	0	600	0	0.3	0.33
phylter-k155-island_0	1894	6	79	21	0.05	0.66
phylter-k155-island_0	1394	6	600	0	0.3	0.99
phylter-k155-island_0	1899	1	100	0	0.05	0.66
phylter-k155-island_0	1600	0	400	0	0.2	0.33
phylter-k155-island_0	1498	2	500	0	0.25	0.66
phylter-k155-island_0	1500	0	500	0	0.25	0.66
phylter-k155-island_0	1897	3	100	0	0.05	0.33
phylter-k155-island_0	1497	3	500	0	0.25	0.99
phylter-k155-island_0	1600	0	400	0	0.2	0.33
phylter-k155-island_0	1894	6	100	0	0.05	0.99
phylter-k155-island_0	1457	43	500	0	0.25	0.99
phylter-k155-island_0	1899	1	100	0	0.05	0.33
phylter-k155-island_0	1592	8	400	0	0.2	0.99
phylter-k155-island_0	1600	0	400	0	0.2	0.66
phylter-k155-island_0	1700	0	300	0	0.15	0.33
phylter-k155-island_0	1885	15	92	8	0.05	0.66
phylter-k155-island_0	1400	0	600	0	0.3	0.99
phylter-k155-island_0	1400	0	600	0	0.3	0.66
phylter-k155-island_0	1900	0	100	0	0.05	0.33
phylter-k155-island_0	1591	9	400	0	0.2	0.99
phylter-k155-island_0	1900	0	100	0	0.05	0.66
phylter-k155-island_0	1388	12	600	0	0.3	0.99
phylter-k155-island_0	1345	55	600	0	0.3	0.66
phylter-k155-island_0	1500	0	500	0	0.25	0.66
phylter-k155-island_0	1600	0	400	0	0.2	0.66
phylter-k155-island_0	1477	23	497	3	0.25	0.99
phylter-k155-island_0	1900	0	100	0	0.05	0.33
phylter-k155-island_0	1893	7	100	0	0.05	0.99
phylter-k155-island_0	1600	0	400	0	0.2	0.33
phylter-k155-island_0	1500	0	500	0	0.25	0.33
phylter-k155-island_0	1400	0	600	0	0.3	0.33
phylter-k155-island_0	1700	0	300	0	0.15	0.66
phylter-k155-island_0	1700	0	300	0	0.15	0.99
phylter-k155-island_0	1600	0	400	0	0.2	0.66
phylter-k155-island_0	1700	0	300	0	0.15	0.99
phylter-k155-island_0	1800	0	200	0	0.1	0.33
phylter-k155-island_0	1700	0	300	0	0.15	0.66
phylter-k155-island_0	1600	0	400	0	0.2	0.99
phylter-k155-island_0	1500	0	500	0	0.25	0.99
phylter-k155-island_0	1571	29	400	0	0.2	0.99
phylter-k155-island_0	1698	2	300	0	0.15	0.66
phylter-k155-island_0	1798	2	200	0	0.1	0.33
phylter-k155-island_0	1896	4	100	0	0.05	0.66
phylter-k155-island_0	1400	0	600	0	0.3	0.33
phylter-k155-island_0	1596	4	400	0	0.2	0.99
phylter-k155-island_0	1800	0	200	0	0.1	0.33
phylter-k155-island_0	1900	0	100	0	0.05	0.66
phylter-k155-island_0	1500	0	500	0	0.25	0.99
phylter-k155-island_0	1600	0	400	0	0.2	0.66
phylter-k155-island_0	1700	0	300	0	0.15	0.33
phylter-k155-island_0	1481	19	500	0	0.25	0.66
phylter-k155-island_0	1800	0	200	0	0.1	0.33
phylter-k155-island_0	1775	25	200	0	0.1	0.99
phylter-k155-island_0	1900	0	100	0	0.05	0.99
phylter-k155-island_0	1400	0	600	0	0.3	0.33
phylter-k155-island_0	1500	0	500	0	0.25	0.33
phylter-k155-island_0	1493	7	500	0	0.25	0.99
phylter-k155-island_0	1456	44	500	0	0.25	0.99
phylter-k155-island_0	1500	0	500	0	0.25	0.33
phylter-k155-island_0	1800	0	200	0	0.1	0.33
phylter-k155-island_0	1500	0	500	0	0.25	0.66
phylter-k155-island_0	1700	0	300	0	0.15	0.33
phylter-k155-island_0	1884	16	100	0	0.05	0.99
phylter-k155-island_0	1700	0	300	0	0.15	0.66
phylter-k155-island_0	1790	10	200	0	0.1	0.99
phylter-k155-island_0	1500	0	500	0	0.25	0.99
phylter-k155-island_0	1800	0	200	0	0.1	0.66
phylter-k155-island_0	1600	0	400	0	0.2	0.33
phylter-k155-island_0	1700	0	300	0	0.15	0.66
phylter-k155-island_0	1150	250	600	0	0.3	0.33
phylter-k155-island_0	1900	0	100	0	0.05	0.99
phylter-k155-island_0	1676	24	300	0	0.15	0.99
phylter-k155-island_0	1800	0	187	13	0.1	0.33
phylter-k155-island_0	1400	0	600	0	0.3	0.33
phylter-k155-island_0	1700	0	300	0	0.15	0.66
phylter-k155-island_0	1600	0	400	0	0.2	0.33
phylter-k155-island_0	1697	3	300	0	0.15	0.99
phylter-k155-island_0	1792	8	200	0	0.1	0.66
phylter-k155-island_0	1575	25	400	0	0.2	0.66
phylter-k155-island_0	1700	0	300	0	0.15	0.33
phylter-k155-island_0	1500	0	500	0	0.25	0.66
phylter-k155-island_0	1700	0	300	0	0.15	0.99
phylter-k155-island_0	1359	41	600	0	0.3	0.66
phylter-k155-island_0	1386	14	600	0	0.3	0.99
phylter-k155-island_0	1800	0	200	0	0.1	0.99
phylter-k155-island_0	1899	1	93	7	0.05	0.33
phylter-k155-island_0	1600	0	400	0	0.2	0.33
phylter-k155-island_0	1800	0	200	0	0.1	0.33
phylter-k155-island_0	1900	0	100	0	0.05	0.99
phylter-k155-island_0	1500	0	500	0	0.25	0.33
phylter-k155-island_0	1800	0	200	0	0.1	0.66
phylter-k155-island_0	1830	70	99	1	0.05	0.99
phylter-k155-island_0	1500	0	500	0	0.25	0.33
phylter-k155-island_0	1400	0	600	0	0.3	0.66
phylter-k155-island_0	1400	0	600	0	0.3	0.99
phylter-k155-island_0	1500	0	500	0	0.25	0.66
phylter-k155-island_0	1700	0	300	0	0.15	0.33
phylter-k155-island_0	1589	11	400	0	0.2	0.66
phylter-k155-island_0	1772	28	200	0	0.1	0.99
phylter-k155-island_0	1900	0	100	0	0.05	0.33
phylter-k155-island_0	1500	0	500	0	0.25	0.33
phylter-k155-island_0	1800	0	200	0	0.1	0.66
phylter-k155-island_0	1800	0	200	0	0.1	0.33
phylter-k155-island_0	1600	0	400	0	0.2	0.33
phylter-k155-island_0	1700	0	300	0	0.15	0.66
phylter-k155-island_0	1800	0	200	0	0.1	0.99
phylter-k155-island_0	1700	0	300	0	0.15	0.33
phylter-k155-island_0	1687	13	300	0	0.15	0.99
phylter-k155-island_0	1700	0	300	0	0.15	0.66
phylter-k155-island_0	1600	0	400	0	0.2	0.33
phylter-k155-island_0	1500	0	500	0	0.25	0.66
phylter-k155-island_0	1681	19	300	0	0.15	0.99
phylter-k155-island_0	1397	3	600	0	0.3	0.99
phylter-k155-island_0	1500	0	500	0	0.25	0.33
phylter-k155-island_0	1500	0	500	0	0.25	0.33
phylter-k155-island_0	1800	0	200	0	0.1	0.33
phylter-k155-island_0	1800	0	200	0	0.1	0.66
phylter-k200-island_0	1598	2	400	0	0.2	0.99
phylter-k200-island_0	1700	0	300	0	0.15	0.66
phylter-k200-island_0	1600	0	400	0	0.2	0.33
phylter-k200-island_0	1396	4	600	0	0.3	0.33
phylter-k200-island_0	1700	0	300	0	0.15	0.99
phylter-k200-island_0	1600	0	400	0	0.2	0.33
phylter-k200-island_0	1700	0	300	0	0.15	0.66
phylter-k200-island_0	1400	0	600	0	0.3	0.66
phylter-k200-island_0	1700	0	300	0	0.15	0.99
phylter-k200-island_0	1800	0	200	0	0.1	0.66
phylter-k200-island_0	1896	4	100	0	0.05	0.99
phylter-k200-island_0	1700	0	300	0	0.15	0.33
phylter-k200-island_0	1400	0	600	0	0.3	0.33
phylter-k200-island_0	1400	0	600	0	0.3	0.99
phylter-k200-island_0	1400	0	600	0	0.3	0.66
phylter-k200-island_0	1500	0	500	0	0.25	0.66
phylter-k200-island_0	1800	0	200	0	0.1	0.99
phylter-k200-island_0	1500	0	500	0	0.25	0.33
phylter-k200-island_0	1900	0	100	0	0.05	0.99
phylter-k200-island_0	1600	0	400	0	0.2	0.99
phylter-k200-island_0	1500	0	500	0	0.25	0.33
phylter-k200-island_0	1900	0	100	0	0.05	0.99
phylter-k200-island_0	1800	0	200	0	0.1	0.66
phylter-k200-island_0	1499	1	500	0	0.25	0.66
phylter-k200-island_0	1394	6	600	0	0.3	0.99
phylter-k200-island_0	1400	0	600	0	0.3	0.66
phylter-k200-island_0	1600	0	400	0	0.2	0.66
phylter-k200-island_0	1700	0	300	0	0.15	0.33
phylter-k200-island_0	1698	2	300	0	0.15	0.66
phylter-k200-island_0	1800	0	200	0	0.1	0.99
phylter-k200-island_0	1500	0	500	0	0.25	0.99
phylter-k200-island_0	1796	4	200	0	0.1	0.66
phylter-k200-island_0	1800	0	200	0	0.1	0.99
phylter-k200-island_0	1394	6	600	0	0.3	0.99
phylter-k200-island_0	1900	0	96	4	0.05	0.66
phylter-k200-island_0	1800	0	200	0	0.1	0.66
phylter-k200-island_0	1900	0	100	0	0.05	0.66
phylter-k200-island_0	1374	26	600	0	0.3	0.66
phylter-k200-island_0	1400	0	600	0	0.3	0.99
phylter-k200-island_0	1600	0	400	0	0.2	0.99
phylter-k200-island_0	1800	0	200	0	0.1	0.99
phylter-k200-island_0	1894	6	100	0	0.05	0.99
phylter-k200-island_0	1500	0	500	0	0.25	0.99
phylter-k200-island_0	1800	0	200	0	0.1	0.66
phylter-k200-island_0	1500	0	500	0	0.25	0.99
phylter-k200-island_0	1900	0	100	0	0.05	0.99
phylter-k200-island_0	1900	0	100	0	0.05	0.66
phylter-k200-island_0	1400	0	600	0	0.3	0.66
phylter-k200-island_0	1399	1	600	0	0.3	0.99
phylter-k200-island_0	1794	6	200	0	0.1	0.99
phylter-k200-island_0	1592	8	400	0	0.2	0.99
phylter-k200-island_0	1489	11	498	2	0.25	0.99
phylter-k200-island_0	1800	0	200	0	0.1	0.66
phylter-k200-island_0	1400	0	600	0	0.3	0.66
phylter-k200-island_0	1900	0	100	0	0.05	0.33
phylter-k200-island_0	1600	0	400	0	0.2	0.99
phylter-k200-island_0	1599	1	400	0	0.2	0.66
phylter-k200-island_0	1900	0	100	0	0.05	0.66
phylter-k200-island_0	1800	0	200	0	0.1	0.33
phylter-k200-island_0	1899	1	96	4	0.05	0.66
phylter-k200-island_0	1900	0	100	0	0.05	0.33
phylter-k200-island_0	1600	0	400	0	0.2	0.99
phylter-k200-island_0	1898	2	100	0	0.05	0.66
phylter-k200-island_0	1800	0	200	0	0.1	0.33
phylter-k200-island_0	1600	0	400	0	0.2	0.66
phylter-k200-island_0	1500	0	500	0	0.25	0.99
phylter-k200-island_0	1400	0	600	0	0.3	0.66
phylter-k200-island_0	1896	4	100	0	0.05	0.66
phylter-k200-island_0	1899	1	100	0	0.05	0.66
phylter-k200-island_0	1361	39	600	0	0.3	0.33
phylter-k200-island_0	1800	0	200	0	0.1	0.66
phylter-k200-island_0	1800	0	200	0	0.1	0.66
phylter-k200-island_0	1495	5	500	0	0.25	0.99
phylter-k200-island_0	1400	0	600	0	0.3	0.33
phylter-k200-island_0	1500	0	500	0	0.25	0.33
phylter-k200-island_0	1700	0	300	0	0.15	0.66
phylter-k200-island_0	1898	2	99	1	0.05	0.33
phylter-k200-island_0	1799	1	200	0	0.1	0.99
phylter-k200-island_0	1700	0	300	0	0.15	0.33
phylter-k200-island_0	1600	0	400	0	0.2	0.66
phylter-k200-island_0	1800	0	200	0	0.1	0.33
phylter-k200-island_0	1500	0	500	0	0.25	0.66
phylter-k200-island_0	1400	0	600	0	0.3	0.33
phylter-k200-island_0	1700	0	300	0	0.15	0.33
phylter-k200-island_0	1900	0	100	0	0.05	0.33
phylter-k200-island_0	1800	0	200	0	0.1	0.99
phylter-k200-island_0	1500	0	500	0	0.25	0.66
phylter-k200-island_0	1400	0	600	0	0.3	0.66
phylter-k200-island_0	1800	0	200	0	0.1	0.33
phylter-k200-island_0	1600	0	400	0	0.2	0.66
phylter-k200-island_0	1700	0	300	0	0.15	0.33
phylter-k200-island_0	1500	0	500	0	0.25	0.33
phylter-k200-island_0	1900	0	100	0	0.05	0.99
phylter-k200-island_0	1400	0	600	0	0.3	0.99
phylter-k200-island_0	1697	3	300	0	0.15	0.99
phylter-k200-island_0	1900	0	100	0	0.05	0.33
phylter-k200-island_0	1700	0	300	0	0.15	0.66
phylter-k200-island_0	1600	0	400	0	0.2	0.33
phylter-k200-island_0	1400	0	600	0	0.3	0.33
phylter-k200-island_0	1700	0	300	0	0.15	0.99
phylter-k200-island_0	1800	0	200	0	0.1	0.33
phylter-k200-island_0	1398	2	600	0	0.3	0.99
phylter-k200-island_0	1600	0	400	0	0.2	0.66
phylter-k200-island_0	1700	0	300	0	0.15	0.33
phylter-k200-island_0	1400	0	600	0	0.3	0.33
phylter-k200-island_0	1600	0	400	0	0.2	0.33
phylter-k200-island_0	1700	0	300	0	0.15	0.66
phylter-k200-island_0	1700	0	300	0	0.15	0.66
phylter-k200-island_0	1400	0	600	0	0.3	0.33
phylter-k200-island_0	1500	0	500	0	0.25	0.99
phylter-k200-island_0	1700	0	300	0	0.15	0.99
phylter-k200-island_0	1600	0	400	0	0.2	0.66
phylter-k200-island_0	1800	0	200	0	0.1	0.66
phylter-k200-island_0	1693	7	300	0	0.15	0.99
phylter-k200-island_0	1600	0	400	0	0.2	0.66
phylter-k200-island_0	1700	0	300	0	0.15	0.66
phylter-k200-island_0	1400	0	600	0	0.3	0.33
phylter-k200-island_0	1899	1	91	9	0.05	0.66
phylter-k200-island_0	1700	0	300	0	0.15	0.99
phylter-k200-island_0	1498	2	495	5	0.25	0.99
phylter-k200-island_0	1900	0	100	0	0.05	0.66
phylter-k200-island_0	1800	0	200	0	0.1	0.33
phylter-k200-island_0	1900	0	100	0	0.05	0.66
phylter-k200-island_0	1800	0	200	0	0.1	0.33
phylter-k200-island_0	1600	0	400	0	0.2	0.99
phylter-k200-island_0	1482	18	500	0	0.25	0.99
phylter-k200-island_0	1600	0	400	0	0.2	0.99
phylter-k200-island_0	1600	0	400	0	0.2	0.66
phylter-k200-island_0	1600	0	400	0	0.2	0.33
phylter-k200-island_0	1899	1	100	0	0.05	0.99
phylter-k200-island_0	1600	0	400	0	0.2	0.33
phylter-k200-island_0	1500	0	500	0	0.25	0.66
phylter-k200-island_0	1899	1	100	0	0.05	0.33
phylter-k200-island_0	1400	0	600	0	0.3	0.66
phylter-k200-island_0	1894	6	11	89	0.05	0.33
phylter-k200-island_0	1500	0	500	0	0.25	0.99
phylter-k200-island_0	1900	0	100	0	0.05	0.99
phylter-k200-island_0	1400	0	600	0	0.3	0.99
phylter-k200-island_0	1400	0	600	0	0.3	0.66
phylter-k200-island_0	1897	3	100	0	0.05	0.66
phylter-k200-island_0	1600	0	400	0	0.2	0.66
phylter-k200-island_0	1600	0	400	0	0.2	0.99
phylter-k200-island_0	1900	0	100	0	0.05	0.33
phylter-k200-island_0	1592	8	400	0	0.2	0.66
phylter-k200-island_0	1400	0	600	0	0.3	0.99
phylter-k200-island_0	1400	0	600	0	0.3	0.66
phylter-k200-island_0	1900	0	100	0	0.05	0.66
phylter-k200-island_0	1588	12	400	0	0.2	0.99
phylter-k200-island_0	1900	0	100	0	0.05	0.33
phylter-k200-island_0	1900	0	100	0	0.05	0.99
phylter-k200-island_0	1900	0	100	0	0.05	0.33
phylter-k200-island_0	1500	0	500	0	0.25	0.99
phylter-k200-island_0	1499	1	500	0	0.25	0.66
phylter-k200-island_0	1700	0	300	0	0.15	0.66
phylter-k200-island_0	1800	0	200	0	0.1	0.99
phylter-k200-island_0	1900	0	100	0	0.05	0.33
phylter-k200-island_0	1500	0	500	0	0.25	0.66
phylter-k200-island_0	1400	0	600	0	0.3	0.66
phylter-k200-island_0	1396	4	598	2	0.3	0.99
phylter-k200-island_0	1600	0	400	0	0.2	0.66
phylter-k200-island_0	1700	0	300	0	0.15	0.33
phylter-k200-island_0	1500	0	500	0	0.25	0.33
phylter-k200-island_0	1900	0	100	0	0.05	0.99
phylter-k200-island_0	1491	9	500	0	0.25	0.33
phylter-k200-island_0	1897	3	100	0	0.05	0.99
phylter-k200-island_0	1471	29	500	0	0.25	0.33
phylter-k200-island_0	1800	0	200	0	0.1	0.99
phylter-k200-island_0	1900	0	100	0	0.05	0.33
phylter-k200-island_0	1700	0	300	0	0.15	0.33
phylter-k200-island_0	1600	0	400	0	0.2	0.66
phylter-k200-island_0	1400	0	600	0	0.3	0.66
phylter-k200-island_0	1400	0	600	0	0.3	0.99
phylter-k200-island_0	1481	19	500	0	0.25	0.66
phylter-k200-island_0	1800	0	200	0	0.1	0.33
phylter-k200-island_0	1800	0	200	0	0.1	0.66
phylter-k200-island_0	1500	0	500	0	0.25	0.33
phylter-k200-island_0	1900	0	100	0	0.05	0.99
phylter-k200-island_0	1697	3	300	0	0.15	0.99
phylter-k200-island_0	1396	4	600	0	0.3	0.66
phylter-k200-island_0	1600	0	400	0	0.2	0.33
phylter-k200-island_0	1900	0	100	0	0.05	0.33
phylter-k200-island_0	1700	0	300	0	0.15	0.66
phylter-k200-island_0	1600	0	400	0	0.2	0.66
phylter-k200-island_0	1700	0	300	0	0.15	0.99
phylter-k200-island_0	1700	0	300	0	0.15	0.66
phylter-k200-island_0	1600	0	400	0	0.2	0.33
phylter-k200-island_0	1800	0	200	0	0.1	0.66
phylter-k200-island_0	1800	0	200	0	0.1	0.33
phylter-k200-island_0	1500	0	500	0	0.25	0.33
phylter-k200-island_0	1900	0	100	0	0.05	0.99
phylter-k200-island_0	1793	7	200	0	0.1	0.99
phylter-k200-island_0	1498	2	500	0	0.25	0.66
phylter-k200-island_0	1800	0	200	0	0.1	0.33
phylter-k200-island_0	1700	0	300	0	0.15	0.33
phylter-k200-island_0	1500	0	500	0	0.25	0.99
phylter-k200-island_0	1500	0	500	0	0.25	0.33
phylter-k200-island_0	1800	0	200	0	0.1	0.66
phylter-k200-island_0	1500	0	500	0	0.25	0.33
phylter-k200-island_0	1500	0	500	0	0.25	0.99
phylter-k200-island_0	1600	0	400	0	0.2	0.33
phylter-k200-island_0	1800	0	200	0	0.1	0.99
phylter-k200-island_0	1900	0	100	0	0.05	0.99
phylter-k200-island_0	1700	0	300	0	0.15	0.33
phylter-k200-island_0	1900	0	100	0	0.05	0.66
phylter-k200-island_0	1700	0	300	0	0.15	0.99
phylter-k200-island_0	1800	0	200	0	0.1	0.33
phylter-k200-island_0	1491	9	500	0	0.25	0.66
phylter-k200-island_0	1800	0	200	0	0.1	0.66
phylter-k200-island_0	1500	0	500	0	0.25	0.33
phylter-k200-island_0	1696	4	300	0	0.15	0.99
phylter-k200-island_0	1500	0	500	0	0.25	0.66
phylter-k200-island_0	1399	1	600	0	0.3	0.33
phylter-k200-island_0	1600	0	400	0	0.2	0.33
phylter-k200-island_0	1647	53	300	0	0.15	0.66
phylter-k200-island_0	1700	0	300	0	0.15	0.33
phylter-k200-island_0	1700	0	300	0	0.15	0.99
phylter-k200-island_0	1700	0	300	0	0.15	0.66
phylter-k200-island_0	1800	0	200	0	0.1	0.99
phylter-k200-island_0	1600	0	400	0	0.2	0.33
phylter-k200-island_0	1390	10	600	0	0.3	0.33
phylter-k200-island_0	1800	0	200	0	0.1	0.66
phylter-k200-island_0	1695	5	300	0	0.15	0.99
phylter-k200-island_0	1499	1	500	0	0.25	0.99
phylter-k200-island_0	1900	0	100	0	0.05	0.66
phylter-k200-island_0	1800	0	200	0	0.1	0.33
phylter-k200-island_0	1600	0	400	0	0.2	0.99
phylter-k200-island_0	1898	2	100	0	0.05	0.66
phylter-k200-island_0	1800	0	200	0	0.1	0.33
phylter-k200-island_0	1269	331	391	9	0.2	0.99
phylter-k200-island_0	1500	0	500	0	0.25	0.99
phylter-k200-island_0	1700	0	300	0	0.15	0.66
phylter-k200-island_0	1400	0	600	0	0.3	0.33
phylter-k200-island_0	1489	11	500	0	0.25	0.99
phylter-k200-island_0	1698	2	300	0	0.15	0.99
phylter-k200-island_0	1600	0	400	0	0.2	0.66
phylter-k200-island_0	1600	0	400	0	0.2	0.66
phylter-k200-island_0	1697	3	300	0	0.15	0.66
phylter-k200-island_0	1393	7	600	0	0.3	0.33
phylter-k200-island_0	1900	0	100	0	0.05	0.66
phylter-k200-island_0	1900	0	100	0	0.05	0.99
phylter-k200-island_0	1900	0	100	0	0.05	0.33
phylter-k200-island_0	1500	0	500	0	0.25	0.99
phylter-k200-island_0	1600	0	400	0	0.2	0.66
phylter-k200-island_0	1400	0	600	0	0.3	0.66
phylter-k200-island_0	1398	2	600	0	0.3	0.99
phylter-k200-island_0	1900	0	100	0	0.05	0.66
phylter-k200-island_0	1578	22	400	0	0.2	0.99
phylter-k200-island_0	1898	2	100	0	0.05	0.33
phylter-k200-island_0	1400	0	600	0	0.3	0.66
phylter-k200-island_0	1400	0	600	0	0.3	0.99
phylter-k200-island_0	1900	0	100	0	0.05	0.66
phylter-k200-island_0	1600	0	400	0	0.2	0.66
phylter-k200-island_0	1600	0	400	0	0.2	0.99
phylter-k200-island_0	1900	0	100	0	0.05	0.33
phylter-k200-island_0	1490	10	500	0	0.25	0.66
phylter-k200-island_0	1900	0	100	0	0.05	0.33
phylter-k200-island_0	1500	0	500	0	0.25	0.99
phylter-k200-island_0	1900	0	100	0	0.05	0.99
phylter-k200-island_0	1594	6	400	0	0.2	0.99
phylter-k200-island_0	1700	0	300	0	0.15	0.66
phylter-k200-island_0	1594	6	400	0	0.2	0.66
phylter-k200-island_0	1600	0	400	0	0.2	0.33
phylter-k200-island_0	1500	0	500	0	0.25	0.66
phylter-k200-island_0	1500	0	500	0	0.25	0.66
phylter-k200-island_0	1600	0	400	0	0.2	0.33
phylter-k200-island_0	1900	0	100	0	0.05	0.99
phylter-k200-island_0	1900	0	100	0	0.05	0.33
phylter-k200-island_0	1400	0	600	0	0.3	0.66
phylter-k200-island_0	1794	6	200	0	0.1	0.66
phylter-k200-island_0	1800	0	200	0	0.1	0.33
phylter-k200-island_0	1897	3	100	0	0.05	0.99
phylter-k200-island_0	1400	0	600	0	0.3	0.66
phylter-k200-island_0	1700	0	300	0	0.15	0.99
phylter-k200-island_0	1899	1	27	73	0.05	0.33
phylter-k200-island_0	1700	0	300	0	0.15	0.66
phylter-k200-island_0	1600	0	400	0	0.2	0.33
phylter-k200-island_0	1672	28	300	0	0.15	0.99
phylter-k200-island_0	1600	0	400	0	0.2	0.66
phylter-k200-island_0	1600	0	400	0	0.2	0.33
phylter-k200-island_0	1700	0	300	0	0.15	0.66
phylter-k200-island_0	1800	0	200	0	0.1	0.33
phylter-k200-island_0	1800	0	200	0	0.1	0.66
phylter-k200-island_0	1500	0	500	0	0.25	0.33
phylter-k200-island_0	1700	0	300	0	0.15	0.66
phylter-k200-island_0	1900	0	100	0	0.05	0.33
phylter-k200-island_0	1800	0	200	0	0.1	0.99
phylter-k200-island_0	1700	0	300	0	0.15	0.33
phylter-k200-island_0	1600	0	400	0	0.2	0.66
phylter-k200-island_0	1400	0	600	0	0.3	0.99
phylter-k200-island_0	1400	0	600	0	0.3	0.66
phylter-k200-island_0	1500	0	500	0	0.25	0.66
phylter-k200-island_0	1500	0	500	0	0.25	0.33
phylter-k200-island_0	1900	0	100	0	0.05	0.99
phylter-k200-island_0	1500	0	500	0	0.25	0.33
phylter-k200-island_0	1500	0	500	0	0.25	0.33
phylter-k200-island_0	1896	4	100	0	0.05	0.99
phylter-k200-island_0	1900	0	100	0	0.05	0.33
phylter-k200-island_0	1787	13	200	0	0.1	0.99
phylter-k200-island_0	1500	0	500	0	0.25	0.66
phylter-k200-island_0	1400	0	600	0	0.3	0.99
phylter-k200-island_0	1396	4	600	0	0.3	0.66
phylter-k200-island_0	1600	0	400	0	0.2	0.66
phylter-k200-island_0	1700	0	300	0	0.15	0.33
phylter-k200-island_0	1800	0	200	0	0.1	0.66
phylter-k200-island_0	1500	0	500	0	0.25	0.33
phylter-k200-island_0	1500	0	500	0	0.25	0.66
phylter-k200-island_0	1700	0	300	0	0.15	0.99
phylter-k200-island_0	1700	0	300	0	0.15	0.66
phylter-k200-island_0	1600	0	400	0	0.2	0.33
phylter-k200-island_0	1400	0	600	0	0.3	0.33
phylter-k200-island_0	1694	6	300	0	0.15	0.99
phylter-k200-island_0	1700	0	300	0	0.15	0.33
phylter-k200-island_0	1385	15	600	0	0.3	0.33
phylter-k200-island_0	1600	0	400	0	0.2	0.33
phylter-k200-island_0	1680	20	300	0	0.15	0.66
phylter-k200-island_0	1794	6	200	0	0.1	0.99
phylter-k200-island_0	1800	0	200	0	0.1	0.66
phylter-k200-island_0	1800	0	200	0	0.1	0.99
phylter-k200-island_0	1900	0	100	0	0.05	0.99
phylter-k200-island_0	1700	0	300	0	0.15	0.33
phylter-k200-island_0	1800	0	200	0	0.1	0.33
phylter-k200-island_0	1500	0	500	0	0.25	0.66
phylter-k200-island_0	1500	0	500	0	0.25	0.33
phylter-k200-island_0	1500	0	500	0	0.25	0.99
phylter-k200-island_0	1500	0	500	0	0.25	0.99
phylter-k200-island_0	1800	0	200	0	0.1	0.66
phylter-k200-island_0	1500	0	500	0	0.25	0.99
phylter-k200-island_0	1498	2	500	0	0.25	0.33
phylter-k200-island_0	1880	20	100	0	0.05	0.99
phylter-k200-island_0	1794	6	200	0	0.1	0.99
phylter-k200-island_0	1600	0	400	0	0.2	0.33
phylter-k200-island_0	1476	24	494	6	0.25	0.66
phylter-k200-island_0	1658	42	299	1	0.15	0.99
phylter-k200-island_0	1800	0	200	0	0.1	0.33
phylter-k200-island_0	1700	0	300	0	0.15	0.33
phylter-k200-island_0	1498	2	500	0	0.25	0.66
phylter-k200-island_0	1799	1	197	3	0.1	0.66
phylter-k200-island_0	1376	24	600	0	0.3	0.66
phylter-k200-island_0	1400	0	600	0	0.3	0.99
phylter-k200-island_0	1400	0	600	0	0.3	0.33
phylter-k200-island_0	1700	0	300	0	0.15	0.33
phylter-k200-island_0	1900	0	100	0	0.05	0.33
phylter-k200-island_0	1800	0	200	0	0.1	0.99
phylter-k200-island_0	1600	0	400	0	0.2	0.99
phylter-k200-island_0	1500	0	500	0	0.25	0.33
phylter-k200-island_0	1897	3	100	0	0.05	0.99
phylter-k200-island_0	1500	0	500	0	0.25	0.33
phylter-k200-island_0	1898	2	100	0	0.05	0.99
phylter-k200-island_0	1595	5	400	0	0.2	0.99
phylter-k200-island_0	1691	9	300	0	0.15	0.33
phylter-k200-island_0	1400	0	600	0	0.3	0.66
phylter-k200-island_0	1400	0	600	0	0.3	0.99
phylter-k200-island_0	1500	0	500	0	0.25	0.66
phylter-k200-island_0	1800	0	200	0	0.1	0.66
phylter-k200-island_0	1700	0	300	0	0.15	0.66
phylter-k200-island_0	1800	0	200	0	0.1	0.99
phylter-k200-island_0	1600	0	400	0	0.2	0.99
phylter-k200-island_0	1600	0	400	0	0.2	0.33
phylter-k200-island_0	1700	0	300	0	0.15	0.66
phylter-k200-island_0	1700	0	300	0	0.15	0.99
phylter-k200-island_0	1400	0	600	0	0.3	0.33
phylter-k200-island_0	1700	0	300	0	0.15	0.66
phylter-k200-island_0	1600	0	400	0	0.2	0.33
phylter-k200-island_0	1400	0	600	0	0.3	0.33
phylter-k200-island_0	1800	0	200	0	0.1	0.66
phylter-k200-island_0	1700	0	300	0	0.15	0.99
phylter-k200-island_0	1400	0	600	0	0.3	0.66
phylter-k200-island_0	1900	0	100	0	0.05	0.99
phylter-k200-island_0	1900	0	100	0	0.05	0.66
phylter-k200-island_0	1387	13	600	0	0.3	0.99
phylter-k200-island_0	1400	0	600	0	0.3	0.66
phylter-k200-island_0	1800	0	200	0	0.1	0.99
phylter-k200-island_0	1600	0	400	0	0.2	0.99
phylter-k200-island_0	1500	0	500	0	0.25	0.99
phylter-k200-island_0	1899	1	100	0	0.05	0.99
phylter-k200-island_0	1800	0	200	0	0.1	0.66
phylter-k200-island_0	1900	0	100	0	0.05	0.99
phylter-k200-island_0	1500	0	500	0	0.25	0.99
phylter-k200-island_0	1900	0	100	0	0.05	0.66
phylter-k200-island_0	1392	8	600	0	0.3	0.99
phylter-k200-island_0	1370	30	600	0	0.3	0.66
phylter-k200-island_0	1595	5	400	0	0.2	0.99
phylter-k200-island_0	1498	2	500	0	0.25	0.99
phylter-k200-island_0	1800	0	200	0	0.1	0.66
phylter-k200-island_0	1793	7	200	0	0.1	0.99
phylter-k200-island_0	1400	0	600	0	0.3	0.99
phylter-k200-island_0	1900	0	100	0	0.05	0.66
phylter-k200-island_0	1800	0	200	0	0.1	0.66
phylter-k200-island_0	1899	1	100	0	0.05	0.66
phylter-k200-island_0	1900	0	100	0	0.05	0.66
phylter-k200-island_0	1343	57	600	0	0.3	0.33
phylter-k200-island_0	1800	0	200	0	0.1	0.66
phylter-k200-island_0	1800	0	200	0	0.1	0.66
phylter-k200-island_0	1500	0	500	0	0.25	0.99
phylter-k200-island_0	1897	3	99	1	0.05	0.66
phylter-k200-island_0	1400	0	600	0	0.3	0.33
phylter-k200-island_0	1496	4	500	0	0.25	0.99
phylter-k200-island_0	1800	0	200	0	0.1	0.66
phylter-k200-island_0	1400	0	600	0	0.3	0.66
phylter-k200-island_0	1900	0	99	1	0.05	0.33
phylter-k200-island_0	1600	0	400	0	0.2	0.99
phylter-k200-island_0	1900	0	100	0	0.05	0.66
phylter-k200-island_0	1900	0	100	0	0.05	0.66
phylter-k200-island_0	1800	0	200	0	0.1	0.33
phylter-k200-island_0	1600	0	400	0	0.2	0.66
phylter-k200-island_0	1899	1	100	0	0.05	0.33
phylter-k200-island_0	1588	12	400	0	0.2	0.99
phylter-k200-island_0	1595	5	400	0	0.2	0.66
phylter-k200-island_0	1900	0	100	0	0.05	0.66
phylter-k200-island_0	1800	0	200	0	0.1	0.33
phylter-k200-island_0	438	1062	466	34	0.25	0.99
phylter-k200-island_0	1260	140	598	2	0.3	0.66
phylter-k200-island_0	1695	5	300	0	0.15	0.99
phylter-k200-island_0	1400	0	600	0	0.3	0.99
phylter-k200-island_0	1400	0	600	0	0.3	0.33
phylter-k200-island_0	1600	0	400	0	0.2	0.33
phylter-k200-island_0	1897	3	33	67	0.05	0.33
phylter-k200-island_0	1700	0	300	0	0.15	0.66
phylter-k200-island_0	1599	1	400	0	0.2	0.66
phylter-k200-island_0	1400	0	600	0	0.3	0.99
phylter-k200-island_0	1700	0	300	0	0.15	0.99
phylter-k200-island_0	1800	0	200	0	0.1	0.33
phylter-k200-island_0	1700	0	300	0	0.15	0.66
phylter-k200-island_0	1600	0	400	0	0.2	0.33
phylter-k200-island_0	1398	2	600	0	0.3	0.33
phylter-k200-island_0	1700	0	300	0	0.15	0.33
phylter-k200-island_0	1500	0	500	0	0.25	0.33
phylter-k200-island_0	1700	0	300	0	0.15	0.33
phylter-k200-island_0	1700	0	300	0	0.15	0.66
phylter-k200-island_0	1795	5	200	0	0.1	0.99
phylter-k200-island_0	1900	0	98	2	0.05	0.33
phylter-k200-island_0	1500	0	500	0	0.25	0.66
phylter-k200-island_0	1800	0	200	0	0.1	0.33
phylter-k200-island_0	1600	0	400	0	0.2	0.66
phylter-k200-island_0	1700	0	300	0	0.15	0.33
phylter-k200-island_0	1743	57	199	1	0.1	0.99
phylter-k200-island_0	1900	0	100	0	0.05	0.33
phylter-k200-island_0	1700	0	300	0	0.15	0.33
phylter-k200-island_0	1400	0	600	0	0.3	0.33
phylter-k200-island_0	1700	0	300	0	0.15	0.33
phylter-k200-island_0	1600	0	400	0	0.2	0.66
phylter-k200-island_0	1500	0	500	0	0.25	0.66
phylter-k200-island_0	1500	0	500	0	0.25	0.33
phylter-k200-island_0	1485	15	500	0	0.25	0.99
phylter-k200-island_0	1895	5	99	1	0.05	0.33
phylter-k200-island_0	1900	0	100	0	0.05	0.99
phylter-k200-island_0	1800	0	200	0	0.1	0.99
phylter-k200-island_0	1900	0	100	0	0.05	0.33
phylter-k200-island_0	1600	0	400	0	0.2	0.99
phylter-k200-island_0	1900	0	100	0	0.05	0.66
phylter-k200-island_0	1397	3	600	0	0.3	0.66
phylter-k200-island_0	1400	0	600	0	0.3	0.99
phylter-k200-island_0	1600	0	400	0	0.2	0.66
phylter-k200-island_0	1900	0	100	0	0.05	0.33
phylter-k200-island_0	1085	515	383	17	0.2	0.99
phylter-k200-island_0	1600	0	400	0	0.2	0.66
phylter-k200-island_0	1897	3	100	0	0.05	0.66
phylter-k200-island_0	1400	0	600	0	0.3	0.66
phylter-k200-island_0	1396	4	600	0	0.3	0.99
phylter-k200-island_0	1600	0	400	0	0.2	0.33
phylter-k200-island_0	1900	0	100	0	0.05	0.99
phylter-k200-island_0	1484	16	500	0	0.25	0.99
phylter-k200-island_0	1900	0	100	0	0.05	0.33
phylter-k200-island_0	1400	0	600	0	0.3	0.99
phylter-k200-island_0	1700	0	300	0	0.15	0.99
phylter-k200-island_0	1900	0	100	0	0.05	0.66
phylter-k200-island_0	1600	0	400	0	0.2	0.33
phylter-k200-island_0	1397	103	500	0	0.25	0.66
phylter-k200-island_0	1600	0	400	0	0.2	0.33
phylter-k200-island_0	1900	0	100	0	0.05	0.33
phylter-k200-island_0	1421	79	500	0	0.25	0.99
phylter-k200-island_0	1499	1	500	0	0.25	0.66
phylter-k200-island_0	1500	0	500	0	0.25	0.99
phylter-k200-island_0	1700	0	300	0	0.15	0.66
phylter-k200-island_0	1600	0	400	0	0.2	0.99
phylter-k200-island_0	1800	0	200	0	0.1	0.33
phylter-k200-island_0	1900	0	100	0	0.05	0.66
phylter-k200-island_0	1600	0	400	0	0.2	0.99
phylter-k200-island_0	1400	0	600	0	0.3	0.33
phylter-k200-island_0	1800	0	200	0	0.1	0.33
phylter-k200-island_0	1900	0	100	0	0.05	0.66
phylter-k200-island_0	965	535	482	18	0.25	0.99
phylter-k200-island_0	1600	0	400	0	0.2	0.66
phylter-k200-island_0	1400	0	600	0	0.3	0.33
phylter-k200-island_0	1700	0	300	0	0.15	0.66
phylter-k200-island_0	1600	0	400	0	0.2	0.66
phylter-k200-island_0	1700	0	300	0	0.15	0.99
phylter-k200-island_0	1600	0	400	0	0.2	0.66
phylter-k200-island_0	1700	0	300	0	0.15	0.99
phylter-k200-island_0	1800	0	200	0	0.1	0.33
phylter-k200-island_0	1592	8	400	0	0.2	0.99
phylter-k200-island_0	1354	46	600	0	0.3	0.33
phylter-k200-island_0	772	728	480	20	0.25	0.99
phylter-k200-island_0	1800	0	200	0	0.1	0.66
phylter-k200-island_0	1364	36	600	0	0.3	0.33
phylter-k200-island_0	1892	8	100	0	0.05	0.99
phylter-k200-island_0	1700	0	300	0	0.15	0.66
phylter-k200-island_0	1600	0	400	0	0.2	0.33
phylter-k200-island_0	1700	0	300	0	0.15	0.99
phylter-k200-island_0	1800	0	200	0	0.1	0.33
phylter-k200-island_0	1600	0	400	0	0.2	0.33
phylter-k200-island_0	1700	0	300	0	0.15	0.66
phylter-k200-island_0	1400	0	600	0	0.3	0.33
phylter-k200-island_0	1700	0	300	0	0.15	0.99
phylter-k200-island_0	1800	0	200	0	0.1	0.66
phylter-k200-island_0	1800	0	200	0	0.1	0.33
phylter-k200-island_0	1500	0	500	0	0.25	0.66
phylter-k200-island_0	1700	0	300	0	0.15	0.33
phylter-k200-island_0	1898	2	100	0	0.05	0.99
phylter-k200-island_0	1400	0	600	0	0.3	0.33
phylter-k200-island_0	1798	2	200	0	0.1	0.99
phylter-k200-island_0	1498	2	500	0	0.25	0.99
phylter-k200-island_0	1500	0	500	0	0.25	0.33
phylter-k200-island_0	1500	0	500	0	0.25	0.33
phylter-k200-island_0	1700	0	300	0	0.15	0.33
phylter-k200-island_0	1485	15	500	0	0.25	0.66
phylter-k200-island_0	1800	0	200	0	0.1	0.33
phylter-k200-island_0	1700	0	300	0	0.15	0.66
phylter-k200-island_0	1505	95	400	0	0.2	0.99
phylter-k200-island_0	1797	3	200	0	0.1	0.99
phylter-k200-island_0	1500	0	500	0	0.25	0.33
phylter-k200-island_0	1800	0	200	0	0.1	0.33
phylter-k200-island_0	1798	2	200	0	0.1	0.66
phylter-k200-island_0	1700	0	300	0	0.15	0.66
phylter-k200-island_0	1749	51	199	1	0.1	0.99
phylter-k200-island_0	1600	0	400	0	0.2	0.33
phylter-k200-island_0	1700	0	300	0	0.15	0.99
phylter-k200-island_0	1700	0	300	0	0.15	0.33
phylter-k200-island_0	1600	0	400	0	0.2	0.33
phylter-k200-island_0	1700	0	300	0	0.15	0.66
phylter-k200-island_0	1398	2	600	0	0.3	0.99
phylter-k200-island_0	1700	0	300	0	0.15	0.99
phylter-k200-island_0	1500	0	500	0	0.25	0.66
phylter-k200-island_0	1500	0	500	0	0.25	0.33
phylter-k200-island_0	1500	0	500	0	0.25	0.33
phylter-k200-island_0	1800	0	200	0	0.1	0.66
phylter-k200-island_0	1391	9	600	0	0.3	0.99
phylter-k200-island_0	1389	11	600	0	0.3	0.66
phylter-k200-island_0	1647	53	298	2	0.15	0.99
phylter-k200-island_0	1475	25	500	0	0.25	0.66
phylter-k200-island_0	1700	0	300	0	0.15	0.33
phylter-k200-island_0	1600	0	400	0	0.2	0.66
phylter-k200-island_0	1600	0	400	0	0.2	0.33
phylter-k200-island_0	1900	0	100	0	0.05	0.33
phylter-k200-island_0	1800	0	200	0	0.1	0.99
phylter-k200-island_0	1800	0	200	0	0.1	0.33
phylter-k200-island_0	1900	0	100	0	0.05	0.99
phylter-k200-island_0	1500	0	500	0	0.25	0.33
phylter-k200-island_0	1800	0	200	0	0.1	0.66
phylter-k200-island_0	1898	2	100	0	0.05	0.99
phylter-k200-island_0	1500	0	500	0	0.25	0.33
phylter-k200-island_0	1600	0	400	0	0.2	0.66
phylter-k200-island_0	1700	0	300	0	0.15	0.33
phylter-k200-island_0	1500	0	500	0	0.25	0.66
phylter-k200-island_0	1400	0	600	0	0.3	0.99
phylter-k200-island_0	1400	0	600	0	0.3	0.66
phylter-k200-island_0	1900	0	100	0	0.05	0.33
phylter-k200-island_0	1800	0	200	0	0.1	0.99
phylter-k200-island_0	1600	0	400	0	0.2	0.99
phylter-k200-island_0	1800	0	200	0	0.1	0.99
phylter-k200-island_0	1400	0	600	0	0.3	0.99
phylter-k200-island_0	1400	0	600	0	0.3	0.66
phylter-k200-island_0	1900	0	100	0	0.05	0.66
phylter-k200-island_0	1900	0	100	0	0.05	0.99
phylter-k200-island_0	936	564	491	9	0.25	0.99
phylter-k200-island_0	1500	0	500	0	0.25	0.99
phylter-k200-island_0	1885	15	100	0	0.05	0.99
phylter-k200-island_0	1796	4	200	0	0.1	0.99
phylter-k200-island_0	1600	0	400	0	0.2	0.99
phylter-k200-island_0	1394	6	600	0	0.3	0.99
phylter-k200-island_0	1396	4	600	0	0.3	0.66
phylter-k200-island_0	1899	1	100	0	0.05	0.66
phylter-k200-island_0	1800	0	200	0	0.1	0.66
phylter-k200-island_0	1894	6	100	0	0.05	0.99
phylter-k200-island_0	1400	0	600	0	0.3	0.66
phylter-k200-island_0	1400	0	600	0	0.3	0.33
phylter-k200-island_0	1598	2	400	0	0.2	0.99
phylter-k200-island_0	1800	0	200	0	0.1	0.66
phylter-k200-island_0	1798	2	200	0	0.1	0.99
phylter-k200-island_0	1700	0	300	0	0.15	0.33
phylter-k200-island_0	1494	6	500	0	0.25	0.66
phylter-k200-island_0	1800	0	200	0	0.1	0.66
phylter-k200-island_0	1400	0	600	0	0.3	0.66
phylter-k200-island_0	1395	5	600	0	0.3	0.99
phylter-k200-island_0	1900	0	100	0	0.05	0.99
phylter-k200-island_0	1435	65	499	1	0.25	0.33
phylter-k200-island_0	1600	0	400	0	0.2	0.99
phylter-k200-island_0	1600	0	400	0	0.2	0.99
phylter-k200-island_0	1900	0	100	0	0.05	0.99
phylter-k200-island_0	1500	0	500	0	0.25	0.33
phylter-k200-island_0	1600	0	400	0	0.2	0.33
phylter-k200-island_0	1800	0	200	0	0.1	0.99
phylter-k200-island_0	1700	0	300	0	0.15	0.99
phylter-k200-island_0	1400	0	600	0	0.3	0.66
phylter-k200-island_0	1387	13	600	0	0.3	0.99
phylter-k200-island_0	1500	0	500	0	0.25	0.66
phylter-k200-island_0	1800	0	200	0	0.1	0.66
phylter-k200-island_0	1700	0	300	0	0.15	0.33
phylter-k200-island_0	1500	0	500	0	0.25	0.33
phylter-k200-island_0	1400	0	600	0	0.3	0.33
phylter-k200-island_0	1699	1	300	0	0.15	0.99
phylter-k200-island_0	1400	0	600	0	0.3	0.99
phylter-k200-island_0	1492	8	500	0	0.25	0.66
phylter-k200-island_0	1600	0	400	0	0.2	0.33
phylter-k200-island_0	1700	0	300	0	0.15	0.66
phylter-k200-island_0	1683	17	300	0	0.15	0.99
phylter-k200-island_0	1400	0	600	0	0.3	0.33
phylter-k200-island_0	1700	0	300	0	0.15	0.33
phylter-k200-island_0	1700	0	300	0	0.15	0.66
phylter-k200-island_0	1795	5	200	0	0.1	0.99
phylter-k200-island_0	1600	0	400	0	0.2	0.33
phylter-k200-island_0	1600	0	400	0	0.2	0.33
phylter-k200-island_0	1687	13	297	3	0.15	0.66
phylter-k200-island_0	1800	0	200	0	0.1	0.99
phylter-k200-island_0	1400	0	600	0	0.3	0.33
phylter-k200-island_0	1700	0	300	0	0.15	0.33
phylter-k200-island_0	1400	0	600	0	0.3	0.99
phylter-k200-island_0	1700	0	300	0	0.15	0.99
phylter-k200-island_0	1500	0	500	0	0.25	0.33
phylter-k200-island_0	1400	0	600	0	0.3	0.33
phylter-k200-island_0	1700	0	300	0	0.15	0.66
phylter-k200-island_0	1600	0	400	0	0.2	0.33
phylter-k200-island_0	1495	5	500	0	0.25	0.66
phylter-k200-island_0	1698	2	300	0	0.15	0.99
phylter-k200-island_0	1500	0	500	0	0.25	0.33
phylter-k200-island_0	1389	11	600	0	0.3	0.99
phylter-k200-island_0	1600	0	400	0	0.2	0.66
phylter-k200-island_0	1700	0	300	0	0.15	0.33
phylter-k200-island_0	1500	0	500	0	0.25	0.66
phylter-k200-island_0	1699	1	300	0	0.15	0.99
phylter-k200-island_0	1800	0	200	0	0.1	0.33
phylter-k200-island_0	1800	0	200	0	0.1	0.99
phylter-k200-island_0	1900	0	100	0	0.05	0.33
phylter-k200-island_0	1600	0	400	0	0.2	0.33
phylter-k200-island_0	1700	0	300	0	0.15	0.33
phylter-k200-island_0	1800	0	200	0	0.1	0.33
phylter-k200-island_0	1500	0	500	0	0.25	0.66
phylter-k200-island_0	1700	0	300	0	0.15	0.33
phylter-k200-island_0	1600	0	400	0	0.2	0.66
phylter-k200-island_0	1700	0	300	0	0.15	0.33
phylter-k200-island_0	1800	0	200	0	0.1	0.99
phylter-k200-island_0	1900	0	100	0	0.05	0.33
phylter-k200-island_0	1500	0	500	0	0.25	0.33
phylter-k200-island_0	1517	83	395	5	0.2	0.99
phylter-k200-island_0	1400	0	600	0	0.3	0.33
phylter-k200-island_0	1600	0	400	0	0.2	0.66
phylter-k200-island_0	1800	0	200	0	0.1	0.33
phylter-k200-island_0	1900	0	100	0	0.05	0.66
phylter-k200-island_0	1800	0	200	0	0.1	0.66
phylter-k200-island_0	1342	58	600	0	0.3	0.66
phylter-k200-island_0	1800	0	200	0	0.1	0.66
phylter-k200-island_0	1400	0	600	0	0.3	0.33
phylter-k200-island_0	1900	0	100	0	0.05	0.33
phylter-k200-island_0	1900	0	100	0	0.05	0.66
phylter-k200-island_0	1400	0	600	0	0.3	0.66
phylter-k200-island_0	1498	2	500	0	0.25	0.99
phylter-k200-island_0	1600	0	400	0	0.2	0.66
phylter-k200-island_0	1800	0	200	0	0.1	0.33
phylter-k200-island_0	1900	0	100	0	0.05	0.66
phylter-k200-island_0	1600	0	400	0	0.2	0.99
phylter-k200-island_0	1900	0	100	0	0.05	0.33
phylter-k200-island_0	1400	0	600	0	0.3	0.33
phylter-k200-island_0	1800	0	200	0	0.1	0.33
phylter-k200-island_0	1900	0	100	0	0.05	0.66
phylter-k200-island_0	1598	2	400	0	0.2	0.66
phylter-k200-island_0	1600	0	400	0	0.2	0.99
phylter-k200-island_0	1895	5	100	0	0.05	0.33
phylter-k200-island_0	1400	0	600	0	0.3	0.66
phylter-k200-island_0	1500	0	500	0	0.25	0.99
phylter-k200-island_0	1800	0	200	0	0.1	0.66
phylter-k200-island_0	1894	6	100	0	0.05	0.99
phylter-k200-island_0	1397	3	600	0	0.3	0.66
phylter-k200-island_0	1596	4	400	0	0.2	0.99
phylter-k200-island_0	1800	0	200	0	0.1	0.66
phylter-k200-island_0	1800	0	200	0	0.1	0.99
phylter-k200-island_0	1595	5	398	2	0.2	0.99
phylter-k200-island_0	1800	0	200	0	0.1	0.33
phylter-k200-island_0	1389	11	600	0	0.3	0.66
phylter-k200-island_0	1400	0	600	0	0.3	0.99
phylter-k200-island_0	1900	0	100	0	0.05	0.66
phylter-k200-island_0	1498	2	500	0	0.25	0.99
phylter-k200-island_0	1885	15	100	0	0.05	0.99
phylter-k200-island_0	1883	17	98	2	0.05	0.99
phylter-k200-island_0	1500	0	500	0	0.25	0.99
phylter-k200-island_0	1213	387	394	6	0.2	0.99
phylter-k200-island_0	1800	0	200	0	0.1	0.99
phylter-k200-island_0	1393	7	600	0	0.3	0.66
phylter-k200-island_0	1399	1	600	0	0.3	0.99
phylter-k200-island_0	1895	5	100	0	0.05	0.66
phylter-k200-island_0	1500	0	500	0	0.25	0.33
phylter-k200-island_0	1497	3	500	0	0.25	0.66
phylter-k200-island_0	1395	5	600	0	0.3	0.99
phylter-k200-island_0	1697	3	300	0	0.15	0.99
phylter-k200-island_0	1400	0	600	0	0.3	0.33
phylter-k200-island_0	1698	2	300	0	0.15	0.66
phylter-k200-island_0	1600	0	400	0	0.2	0.33
phylter-k200-island_0	1700	0	300	0	0.15	0.33
phylter-k200-island_0	1400	0	600	0	0.3	0.33
phylter-k200-island_0	1700	0	300	0	0.15	0.99
phylter-k200-island_0	1600	0	400	0	0.2	0.33
phylter-k200-island_0	1659	41	300	0	0.15	0.66
phylter-k200-island_0	1755	45	200	0	0.1	0.99
phylter-k200-island_0	1800	0	200	0	0.1	0.99
phylter-k200-island_0	1400	0	600	0	0.3	0.99
phylter-k200-island_0	1389	11	600	0	0.3	0.66
phylter-k200-island_0	1800	0	200	0	0.1	0.66
phylter-k200-island_0	1500	0	500	0	0.25	0.66
phylter-k200-island_0	1700	0	300	0	0.15	0.33
phylter-k200-island_0	1600	0	400	0	0.2	0.99
phylter-k200-island_0	1900	0	100	0	0.05	0.99
phylter-k200-island_0	1500	0	500	0	0.25	0.33
phylter-k200-island_0	1900	0	100	0	0.05	0.99
phylter-k200-island_0	1500	0	500	0	0.25	0.33
phylter-k200-island_0	1600	0	400	0	0.2	0.99
phylter-k200-island_0	1790	10	200	0	0.1	0.99
phylter-k200-island_0	1600	0	400	0	0.2	0.33
phylter-k200-island_0	1700	0	300	0	0.15	0.33
phylter-k200-island_0	1800	0	200	0	0.1	0.66
phylter-k200-island_0	1500	0	500	0	0.25	0.66
phylter-k200-island_0	1399	1	600	0	0.3	0.99
phylter-k200-island_0	1317	83	600	0	0.3	0.66
phylter-k200-island_0	1673	27	300	0	0.15	0.99
phylter-k200-island_0	1500	0	500	0	0.25	0.33
phylter-k200-island_0	1400	0	600	0	0.3	0.99
phylter-k200-island_0	1700	0	300	0	0.15	0.99
phylter-k200-island_0	1800	0	200	0	0.1	0.33
phylter-k200-island_0	1500	0	500	0	0.25	0.66
phylter-k200-island_0	1700	0	300	0	0.15	0.33
phylter-k200-island_0	1600	0	400	0	0.2	0.66
phylter-k200-island_0	901	499	568	32	0.3	0.99
phylter-k200-island_0	1700	0	300	0	0.15	0.33
phylter-k200-island_0	1600	0	400	0	0.2	0.33
phylter-k200-island_0	1900	0	100	0	0.05	0.33
phylter-k200-island_0	1795	5	200	0	0.1	0.99
phylter-k200-island_0	1600	0	400	0	0.2	0.66
phylter-k200-island_0	1700	0	300	0	0.15	0.33
phylter-k200-island_0	1500	0	500	0	0.25	0.66
phylter-k200-island_0	1800	0	200	0	0.1	0.33
phylter-k200-island_0	1900	0	100	0	0.05	0.33
phylter-k200-island_0	1797	3	200	0	0.1	0.99
phylter-k200-island_0	1700	0	300	0	0.15	0.33
phylter-k200-island_0	1500	0	500	0	0.25	0.33
phylter-k200-island_0	1332	68	600	0	0.3	0.33
phylter-k200-island_0	1700	0	300	0	0.15	0.66
phylter-k200-island_0	1790	10	200	0	0.1	0.99
phylter-k200-island_0	1600	0	400	0	0.2	0.33
phylter-k200-island_0	1700	0	300	0	0.15	0.99
phylter-k200-island_0	1400	0	600	0	0.3	0.99
phylter-k200-island_0	1700	0	300	0	0.15	0.33
phylter-k200-island_0	1500	0	500	0	0.25	0.33
phylter-k200-island_0	1600	0	400	0	0.2	0.33
phylter-k200-island_0	1700	0	300	0	0.15	0.66
phylter-k200-island_0	1400	0	600	0	0.3	0.33
phylter-k200-island_0	1397	3	600	0	0.3	0.99
phylter-k200-island_0	1700	0	300	0	0.15	0.99
phylter-k200-island_0	1500	0	500	0	0.25	0.66
phylter-k200-island_0	1388	12	600	0	0.3	0.66
phylter-k200-island_0	1499	1	500	0	0.25	0.99
phylter-k200-island_0	1800	0	200	0	0.1	0.33
phylter-k200-island_0	1900	0	100	0	0.05	0.66
phylter-k200-island_0	1596	4	400	0	0.2	0.66
phylter-k200-island_0	1365	35	600	0	0.3	0.33
phylter-k200-island_0	1600	0	400	0	0.2	0.99
phylter-k200-island_0	1898	2	100	0	0.05	0.33
phylter-k200-island_0	1600	0	400	0	0.2	0.66
phylter-k200-island_0	1800	0	200	0	0.1	0.33
phylter-k200-island_0	1900	0	100	0	0.05	0.66
phylter-k200-island_0	1596	4	400	0	0.2	0.99
phylter-k200-island_0	1900	0	100	0	0.05	0.33
phylter-k200-island_0	1500	0	500	0	0.25	0.99
phylter-k200-island_0	1400	0	600	0	0.3	0.33
phylter-k200-island_0	1595	5	400	0	0.2	0.99
phylter-k200-island_0	1900	0	100	0	0.05	0.66
phylter-k200-island_0	1764	36	1	199	0.1	0.33
phylter-k200-island_0	1600	0	400	0	0.2	0.66
phylter-k200-island_0	1795	5	200	0	0.1	0.66
phylter-k200-island_0	1395	5	600	0	0.3	0.66
phylter-k200-island_0	1800	0	200	0	0.1	0.66
phylter-k200-island_0	1900	0	100	0	0.05	0.33
phylter-k200-island_0	1400	0	600	0	0.3	0.33
phylter-k200-island_0	1896	4	100	0	0.05	0.66
phylter-k200-island_0	1400	0	600	0	0.3	0.99
phylter-k200-island_0	1900	0	100	0	0.05	0.66
phylter-k200-island_0	1600	0	400	0	0.2	0.33
phylter-k200-island_0	1500	0	500	0	0.25	0.66
phylter-k200-island_0	1500	0	500	0	0.25	0.66
phylter-k200-island_0	1899	1	100	0	0.05	0.33
phylter-k200-island_0	1500	0	500	0	0.25	0.99
phylter-k200-island_0	1600	0	400	0	0.2	0.33
phylter-k200-island_0	1900	0	100	0	0.05	0.99
phylter-k200-island_0	1481	19	500	0	0.25	0.99
phylter-k200-island_0	1900	0	100	0	0.05	0.33
phylter-k200-island_0	1599	1	400	0	0.2	0.99
phylter-k200-island_0	1600	0	400	0	0.2	0.66
phylter-k200-island_0	1700	0	300	0	0.15	0.33
phylter-k200-island_0	1895	5	100	0	0.05	0.66
phylter-k200-island_0	1400	0	600	0	0.3	0.99
phylter-k200-island_0	1400	0	600	0	0.3	0.66
phylter-k200-island_0	1900	0	100	0	0.05	0.33
phylter-k200-island_0	1600	0	400	0	0.2	0.99
phylter-k200-island_0	1900	0	100	0	0.05	0.66
phylter-k200-island_0	1398	2	600	0	0.3	0.99
phylter-k200-island_0	1366	34	600	0	0.3	0.66
phylter-k200-island_0	1500	0	500	0	0.25	0.66
phylter-k200-island_0	1600	0	400	0	0.2	0.66
phylter-k200-island_0	1496	4	500	0	0.25	0.99
phylter-k200-island_0	1900	0	100	0	0.05	0.33
phylter-k200-island_0	1896	4	100	0	0.05	0.99
phylter-k200-island_0	1600	0	400	0	0.2	0.33
phylter-k200-island_0	1500	0	500	0	0.25	0.33
phylter-k200-island_0	1400	0	600	0	0.3	0.33
phylter-k200-island_0	1700	0	300	0	0.15	0.66
phylter-k200-island_0	1700	0	300	0	0.15	0.99
phylter-k200-island_0	1600	0	400	0	0.2	0.66
phylter-k200-island_0	1700	0	300	0	0.15	0.99
phylter-k200-island_0	1800	0	200	0	0.1	0.33
phylter-k200-island_0	1336	64	600	0	0.3	0.33
phylter-k200-island_0	1700	0	300	0	0.15	0.66
phylter-k200-island_0	1600	0	400	0	0.2	0.99
phylter-k200-island_0	1500	0	500	0	0.25	0.99
phylter-k200-island_0	1583	17	400	0	0.2	0.99
phylter-k200-island_0	1700	0	300	0	0.15	0.66
phylter-k200-island_0	1800	0	200	0	0.1	0.33
phylter-k200-island_0	1900	0	100	0	0.05	0.66
phylter-k200-island_0	1400	0	600	0	0.3	0.33
phylter-k200-island_0	1599	1	400	0	0.2	0.99
phylter-k200-island_0	1800	0	200	0	0.1	0.33
phylter-k200-island_0	1900	0	100	0	0.05	0.66
phylter-k200-island_0	1500	0	500	0	0.25	0.99
phylter-k200-island_0	1600	0	400	0	0.2	0.66
phylter-k200-island_0	1700	0	300	0	0.15	0.33
phylter-k200-island_0	1487	13	500	0	0.25	0.66
phylter-k200-island_0	1800	0	200	0	0.1	0.33
phylter-k200-island_0	1800	0	200	0	0.1	0.99
phylter-k200-island_0	1900	0	100	0	0.05	0.99
phylter-k200-island_0	1400	0	600	0	0.3	0.33
phylter-k200-island_0	1500	0	500	0	0.25	0.33
phylter-k200-island_0	1499	1	500	0	0.25	0.99
phylter-k200-island_0	1485	15	500	0	0.25	0.99
phylter-k200-island_0	1500	0	500	0	0.25	0.33
phylter-k200-island_0	1800	0	200	0	0.1	0.33
phylter-k200-island_0	1500	0	500	0	0.25	0.66
phylter-k200-island_0	1700	0	300	0	0.15	0.33
phylter-k200-island_0	1895	5	100	0	0.05	0.99
phylter-k200-island_0	1700	0	300	0	0.15	0.66
phylter-k200-island_0	1799	1	200	0	0.1	0.99
phylter-k200-island_0	1500	0	500	0	0.25	0.99
phylter-k200-island_0	1800	0	200	0	0.1	0.66
phylter-k200-island_0	1600	0	400	0	0.2	0.33
phylter-k200-island_0	1700	0	300	0	0.15	0.66
phylter-k200-island_0	1211	189	600	0	0.3	0.33
phylter-k200-island_0	1900	0	100	0	0.05	0.99
phylter-k200-island_0	1696	4	300	0	0.15	0.99
phylter-k200-island_0	1800	0	192	8	0.1	0.33
phylter-k200-island_0	1400	0	600	0	0.3	0.33
phylter-k200-island_0	1700	0	300	0	0.15	0.66
phylter-k200-island_0	1600	0	400	0	0.2	0.33
phylter-k200-island_0	1699	1	300	0	0.15	0.99
phylter-k200-island_0	1792	8	200	0	0.1	0.66
phylter-k200-island_0	1593	7	400	0	0.2	0.66
phylter-k200-island_0	1700	0	300	0	0.15	0.33
phylter-k200-island_0	1500	0	500	0	0.25	0.66
phylter-k200-island_0	1700	0	300	0	0.15	0.99
phylter-k200-island_0	1393	7	600	0	0.3	0.66
phylter-k200-island_0	1400	0	600	0	0.3	0.99
phylter-k200-island_0	1791	9	200	0	0.1	0.99
phylter-k200-island_0	1899	1	100	0	0.05	0.33
phylter-k200-island_0	1600	0	400	0	0.2	0.33
phylter-k200-island_0	1800	0	200	0	0.1	0.33
phylter-k200-island_0	1900	0	100	0	0.05	0.99
phylter-k200-island_0	1500	0	500	0	0.25	0.33
phylter-k200-island_0	1800	0	200	0	0.1	0.66
phylter-k200-island_0	1871	29	99	1	0.05	0.99
phylter-k200-island_0	1500	0	500	0	0.25	0.33
phylter-k200-island_0	1400	0	600	0	0.3	0.66
phylter-k200-island_0	1400	0	600	0	0.3	0.99
phylter-k200-island_0	1500	0	500	0	0.25	0.66
phylter-k200-island_0	1700	0	300	0	0.15	0.33
phylter-k200-island_0	1590	10	400	0	0.2	0.66
phylter-k200-island_0	1783	17	200	0	0.1	0.99
phylter-k200-island_0	1900	0	100	0	0.05	0.33
phylter-k200-island_0	1500	0	500	0	0.25	0.33
phylter-k200-island_0	1800	0	200	0	0.1	0.66
phylter-k200-island_0	1800	0	200	0	0.1	0.33
phylter-k200-island_0	1600	0	400	0	0.2	0.33
phylter-k200-island_0	1700	0	300	0	0.15	0.66
phylter-k200-island_0	1800	0	200	0	0.1	0.99
phylter-k200-island_0	1700	0	300	0	0.15	0.33
phylter-k200-island_0	1697	3	300	0	0.15	0.99
phylter-k200-island_0	1700	0	300	0	0.15	0.66
phylter-k200-island_0	1600	0	400	0	0.2	0.33
phylter-k200-island_0	1500	0	500	0	0.25	0.66
phylter-k200-island_0	1693	7	300	0	0.15	0.99
phylter-k200-island_0	1397	3	600	0	0.3	0.99
phylter-k200-island_0	1500	0	500	0	0.25	0.33
phylter-k200-island_0	1500	0	500	0	0.25	0.33
phylter-k200-island_0	1800	0	200	0	0.1	0.33
phylter-k200-island_0	1800	0	200	0	0.1	0.66
phylter-k300-island_0	1600	0	400	0	0.2	0.99
phylter-k300-island_0	1700	0	300	0	0.15	0.66
phylter-k300-island_0	1600	0	400	0	0.2	0.33
phylter-k300-island_0	1400	0	600	0	0.3	0.33
phylter-k300-island_0	1700	0	300	0	0.15	0.99
phylter-k300-island_0	1600	0	400	0	0.2	0.33
phylter-k300-island_0	1700	0	300	0	0.15	0.66
phylter-k300-island_0	1400	0	600	0	0.3	0.66
phylter-k300-island_0	1700	0	300	0	0.15	0.99
phylter-k300-island_0	1800	0	200	0	0.1	0.66
phylter-k300-island_0	1900	0	100	0	0.05	0.99
phylter-k300-island_0	1700	0	300	0	0.15	0.33
phylter-k300-island_0	1400	0	600	0	0.3	0.33
phylter-k300-island_0	1400	0	600	0	0.3	0.99
phylter-k300-island_0	1400	0	600	0	0.3	0.66
phylter-k300-island_0	1500	0	500	0	0.25	0.66
phylter-k300-island_0	1800	0	200	0	0.1	0.99
phylter-k300-island_0	1500	0	500	0	0.25	0.33
phylter-k300-island_0	1900	0	100	0	0.05	0.99
phylter-k300-island_0	1600	0	400	0	0.2	0.99
phylter-k300-island_0	1500	0	500	0	0.25	0.33
phylter-k300-island_0	1900	0	100	0	0.05	0.99
phylter-k300-island_0	1800	0	200	0	0.1	0.66
phylter-k300-island_0	1500	0	500	0	0.25	0.66
phylter-k300-island_0	1400	0	600	0	0.3	0.99
phylter-k300-island_0	1400	0	600	0	0.3	0.66
phylter-k300-island_0	1600	0	400	0	0.2	0.66
phylter-k300-island_0	1700	0	300	0	0.15	0.33
phylter-k300-island_0	1700	0	300	0	0.15	0.66
phylter-k300-island_0	1800	0	200	0	0.1	0.99
phylter-k300-island_0	1500	0	500	0	0.25	0.99
phylter-k300-island_0	1799	1	200	0	0.1	0.66
phylter-k300-island_0	1800	0	200	0	0.1	0.99
phylter-k300-island_0	1400	0	600	0	0.3	0.99
phylter-k300-island_0	1900	0	100	0	0.05	0.66
phylter-k300-island_0	1800	0	200	0	0.1	0.66
phylter-k300-island_0	1900	0	100	0	0.05	0.66
phylter-k300-island_0	1400	0	600	0	0.3	0.66
phylter-k300-island_0	1400	0	600	0	0.3	0.99
phylter-k300-island_0	1600	0	400	0	0.2	0.99
phylter-k300-island_0	1800	0	200	0	0.1	0.99
phylter-k300-island_0	1900	0	100	0	0.05	0.99
phylter-k300-island_0	1500	0	500	0	0.25	0.99
phylter-k300-island_0	1800	0	200	0	0.1	0.66
phylter-k300-island_0	1500	0	499	1	0.25	0.99
phylter-k300-island_0	1900	0	100	0	0.05	0.99
phylter-k300-island_0	1900	0	100	0	0.05	0.66
phylter-k300-island_0	1400	0	600	0	0.3	0.66
phylter-k300-island_0	1400	0	600	0	0.3	0.99
phylter-k300-island_0	1799	1	200	0	0.1	0.99
phylter-k300-island_0	1599	1	400	0	0.2	0.99
phylter-k300-island_0	1500	0	500	0	0.25	0.99
phylter-k300-island_0	1800	0	200	0	0.1	0.66
phylter-k300-island_0	1400	0	600	0	0.3	0.66
phylter-k300-island_0	1900	0	100	0	0.05	0.33
phylter-k300-island_0	1600	0	400	0	0.2	0.99
phylter-k300-island_0	1600	0	400	0	0.2	0.66
phylter-k300-island_0	1900	0	100	0	0.05	0.66
phylter-k300-island_0	1800	0	200	0	0.1	0.33
phylter-k300-island_0	1900	0	100	0	0.05	0.66
phylter-k300-island_0	1900	0	100	0	0.05	0.33
phylter-k300-island_0	1600	0	400	0	0.2	0.99
phylter-k300-island_0	1900	0	100	0	0.05	0.66
phylter-k300-island_0	1800	0	200	0	0.1	0.33
phylter-k300-island_0	1600	0	400	0	0.2	0.66
phylter-k300-island_0	1500	0	500	0	0.25	0.99
phylter-k300-island_0	1400	0	600	0	0.3	0.66
phylter-k300-island_0	1900	0	100	0	0.05	0.66
phylter-k300-island_0	1900	0	100	0	0.05	0.66
phylter-k300-island_0	1390	10	600	0	0.3	0.33
phylter-k300-island_0	1800	0	200	0	0.1	0.66
phylter-k300-island_0	1800	0	200	0	0.1	0.66
phylter-k300-island_0	1500	0	500	0	0.25	0.99
phylter-k300-island_0	1400	0	600	0	0.3	0.33
phylter-k300-island_0	1500	0	500	0	0.25	0.33
phylter-k300-island_0	1700	0	300	0	0.15	0.66
phylter-k300-island_0	1900	0	100	0	0.05	0.33
phylter-k300-island_0	1800	0	200	0	0.1	0.99
phylter-k300-island_0	1700	0	300	0	0.15	0.33
phylter-k300-island_0	1600	0	400	0	0.2	0.66
phylter-k300-island_0	1800	0	200	0	0.1	0.33
phylter-k300-island_0	1500	0	500	0	0.25	0.66
phylter-k300-island_0	1400	0	600	0	0.3	0.33
phylter-k300-island_0	1700	0	300	0	0.15	0.33
phylter-k300-island_0	1900	0	100	0	0.05	0.33
phylter-k300-island_0	1800	0	200	0	0.1	0.99
phylter-k300-island_0	1500	0	500	0	0.25	0.66
phylter-k300-island_0	1400	0	600	0	0.3	0.66
phylter-k300-island_0	1800	0	200	0	0.1	0.33
phylter-k300-island_0	1600	0	400	0	0.2	0.66
phylter-k300-island_0	1700	0	300	0	0.15	0.33
phylter-k300-island_0	1500	0	500	0	0.25	0.33
phylter-k300-island_0	1900	0	100	0	0.05	0.99
phylter-k300-island_0	1400	0	600	0	0.3	0.99
phylter-k300-island_0	1700	0	300	0	0.15	0.99
phylter-k300-island_0	1900	0	100	0	0.05	0.33
phylter-k300-island_0	1700	0	300	0	0.15	0.66
phylter-k300-island_0	1600	0	400	0	0.2	0.33
phylter-k300-island_0	1400	0	600	0	0.3	0.33
phylter-k300-island_0	1700	0	300	0	0.15	0.99
phylter-k300-island_0	1800	0	200	0	0.1	0.33
phylter-k300-island_0	1400	0	600	0	0.3	0.99
phylter-k300-island_0	1600	0	400	0	0.2	0.66
phylter-k300-island_0	1700	0	300	0	0.15	0.33
phylter-k300-island_0	1400	0	600	0	0.3	0.33
phylter-k300-island_0	1600	0	400	0	0.2	0.33
phylter-k300-island_0	1700	0	300	0	0.15	0.66
phylter-k300-island_0	1700	0	300	0	0.15	0.66
phylter-k300-island_0	1400	0	600	0	0.3	0.33
phylter-k300-island_0	1500	0	500	0	0.25	0.99
phylter-k300-island_0	1700	0	300	0	0.15	0.99
phylter-k300-island_0	1600	0	400	0	0.2	0.66
phylter-k300-island_0	1800	0	200	0	0.1	0.66
phylter-k300-island_0	1697	3	300	0	0.15	0.99
phylter-k300-island_0	1600	0	400	0	0.2	0.66
phylter-k300-island_0	1700	0	300	0	0.15	0.66
phylter-k300-island_0	1400	0	600	0	0.3	0.33
phylter-k300-island_0	1900	0	100	0	0.05	0.66
phylter-k300-island_0	1700	0	300	0	0.15	0.99
phylter-k300-island_0	1500	0	500	0	0.25	0.99
phylter-k300-island_0	1900	0	100	0	0.05	0.66
phylter-k300-island_0	1800	0	200	0	0.1	0.33
phylter-k300-island_0	1519	81	399	1	0.2	0.99
phylter-k300-island_0	1900	0	100	0	0.05	0.66
phylter-k300-island_0	1800	0	200	0	0.1	0.33
phylter-k300-island_0	1600	0	400	0	0.2	0.99
phylter-k300-island_0	1500	0	500	0	0.25	0.99
phylter-k300-island_0	1600	0	400	0	0.2	0.99
phylter-k300-island_0	1600	0	400	0	0.2	0.66
phylter-k300-island_0	1600	0	400	0	0.2	0.33
phylter-k300-island_0	1900	0	100	0	0.05	0.99
phylter-k300-island_0	1600	0	400	0	0.2	0.33
phylter-k300-island_0	1500	0	500	0	0.25	0.66
phylter-k300-island_0	1900	0	100	0	0.05	0.33
phylter-k300-island_0	1400	0	600	0	0.3	0.66
phylter-k300-island_0	1900	0	100	0	0.05	0.33
phylter-k300-island_0	1500	0	500	0	0.25	0.99
phylter-k300-island_0	1900	0	100	0	0.05	0.99
phylter-k300-island_0	1400	0	600	0	0.3	0.99
phylter-k300-island_0	1400	0	600	0	0.3	0.66
phylter-k300-island_0	1900	0	100	0	0.05	0.66
phylter-k300-island_0	1600	0	400	0	0.2	0.66
phylter-k300-island_0	1600	0	400	0	0.2	0.99
phylter-k300-island_0	1900	0	100	0	0.05	0.33
phylter-k300-island_0	1599	1	400	0	0.2	0.66
phylter-k300-island_0	1400	0	600	0	0.3	0.99
phylter-k300-island_0	1400	0	600	0	0.3	0.66
phylter-k300-island_0	1900	0	100	0	0.05	0.66
phylter-k300-island_0	1599	1	400	0	0.2	0.99
phylter-k300-island_0	1900	0	100	0	0.05	0.33
phylter-k300-island_0	1900	0	100	0	0.05	0.99
phylter-k300-island_0	1900	0	100	0	0.05	0.33
phylter-k300-island_0	1500	0	500	0	0.25	0.99
phylter-k300-island_0	1500	0	500	0	0.25	0.66
phylter-k300-island_0	1700	0	300	0	0.15	0.66
phylter-k300-island_0	1800	0	200	0	0.1	0.99
phylter-k300-island_0	1900	0	100	0	0.05	0.33
phylter-k300-island_0	1500	0	500	0	0.25	0.66
phylter-k300-island_0	1400	0	600	0	0.3	0.66
phylter-k300-island_0	1400	0	600	0	0.3	0.99
phylter-k300-island_0	1600	0	400	0	0.2	0.66
phylter-k300-island_0	1700	0	300	0	0.15	0.33
phylter-k300-island_0	1500	0	500	0	0.25	0.33
phylter-k300-island_0	1900	0	100	0	0.05	0.99
phylter-k300-island_0	1500	0	500	0	0.25	0.33
phylter-k300-island_0	1899	1	100	0	0.05	0.99
phylter-k300-island_0	1500	0	500	0	0.25	0.33
phylter-k300-island_0	1800	0	200	0	0.1	0.99
phylter-k300-island_0	1900	0	100	0	0.05	0.33
phylter-k300-island_0	1700	0	300	0	0.15	0.33
phylter-k300-island_0	1600	0	400	0	0.2	0.66
phylter-k300-island_0	1400	0	600	0	0.3	0.66
phylter-k300-island_0	1400	0	600	0	0.3	0.99
phylter-k300-island_0	1500	0	500	0	0.25	0.66
phylter-k300-island_0	1800	0	200	0	0.1	0.33
phylter-k300-island_0	1800	0	200	0	0.1	0.66
phylter-k300-island_0	1500	0	500	0	0.25	0.33
phylter-k300-island_0	1900	0	100	0	0.05	0.99
phylter-k300-island_0	1700	0	300	0	0.15	0.99
phylter-k300-island_0	1400	0	600	0	0.3	0.66
phylter-k300-island_0	1600	0	400	0	0.2	0.33
phylter-k300-island_0	1900	0	100	0	0.05	0.33
phylter-k300-island_0	1700	0	300	0	0.15	0.66
phylter-k300-island_0	1600	0	400	0	0.2	0.66
phylter-k300-island_0	1700	0	300	0	0.15	0.99
phylter-k300-island_0	1700	0	300	0	0.15	0.66
phylter-k300-island_0	1600	0	400	0	0.2	0.33
phylter-k300-island_0	1800	0	200	0	0.1	0.66
phylter-k300-island_0	1800	0	200	0	0.1	0.33
phylter-k300-island_0	1500	0	500	0	0.25	0.33
phylter-k300-island_0	1900	0	100	0	0.05	0.99
phylter-k300-island_0	1800	0	200	0	0.1	0.99
phylter-k300-island_0	1500	0	500	0	0.25	0.66
phylter-k300-island_0	1800	0	200	0	0.1	0.33
phylter-k300-island_0	1700	0	300	0	0.15	0.33
phylter-k300-island_0	1500	0	500	0	0.25	0.99
phylter-k300-island_0	1500	0	500	0	0.25	0.33
phylter-k300-island_0	1800	0	200	0	0.1	0.66
phylter-k300-island_0	1500	0	500	0	0.25	0.33
phylter-k300-island_0	1500	0	500	0	0.25	0.99
phylter-k300-island_0	1600	0	400	0	0.2	0.33
phylter-k300-island_0	1800	0	200	0	0.1	0.99
phylter-k300-island_0	1900	0	100	0	0.05	0.99
phylter-k300-island_0	1700	0	300	0	0.15	0.33
phylter-k300-island_0	1900	0	100	0	0.05	0.66
phylter-k300-island_0	1700	0	300	0	0.15	0.99
phylter-k300-island_0	1800	0	200	0	0.1	0.33
phylter-k300-island_0	1500	0	500	0	0.25	0.66
phylter-k300-island_0	1800	0	200	0	0.1	0.66
phylter-k300-island_0	1500	0	500	0	0.25	0.33
phylter-k300-island_0	1700	0	300	0	0.15	0.99
phylter-k300-island_0	1500	0	500	0	0.25	0.66
phylter-k300-island_0	1400	0	600	0	0.3	0.33
phylter-k300-island_0	1600	0	400	0	0.2	0.33
phylter-k300-island_0	1700	0	300	0	0.15	0.66
phylter-k300-island_0	1700	0	300	0	0.15	0.33
phylter-k300-island_0	1700	0	300	0	0.15	0.99
phylter-k300-island_0	1700	0	300	0	0.15	0.66
phylter-k300-island_0	1800	0	200	0	0.1	0.99
phylter-k300-island_0	1600	0	400	0	0.2	0.33
phylter-k300-island_0	1400	0	600	0	0.3	0.33
phylter-k300-island_0	1800	0	200	0	0.1	0.66
phylter-k300-island_0	1700	0	300	0	0.15	0.99
phylter-k300-island_0	1500	0	500	0	0.25	0.99
phylter-k300-island_0	1900	0	100	0	0.05	0.66
phylter-k300-island_0	1800	0	200	0	0.1	0.33
phylter-k300-island_0	1600	0	400	0	0.2	0.99
phylter-k300-island_0	1900	0	100	0	0.05	0.66
phylter-k300-island_0	1800	0	200	0	0.1	0.33
phylter-k300-island_0	1348	252	393	7	0.2	0.99
phylter-k300-island_0	1500	0	500	0	0.25	0.99
phylter-k300-island_0	1700	0	300	0	0.15	0.66
phylter-k300-island_0	1400	0	600	0	0.3	0.33
phylter-k300-island_0	1500	0	500	0	0.25	0.99
phylter-k300-island_0	1700	0	300	0	0.15	0.99
phylter-k300-island_0	1600	0	400	0	0.2	0.66
phylter-k300-island_0	1600	0	400	0	0.2	0.66
phylter-k300-island_0	1700	0	300	0	0.15	0.66
phylter-k300-island_0	1398	2	600	0	0.3	0.33
phylter-k300-island_0	1900	0	100	0	0.05	0.66
phylter-k300-island_0	1900	0	100	0	0.05	0.99
phylter-k300-island_0	1900	0	100	0	0.05	0.33
phylter-k300-island_0	1500	0	500	0	0.25	0.99
phylter-k300-island_0	1600	0	400	0	0.2	0.66
phylter-k300-island_0	1400	0	600	0	0.3	0.66
phylter-k300-island_0	1400	0	600	0	0.3	0.99
phylter-k300-island_0	1900	0	100	0	0.05	0.66
phylter-k300-island_0	1593	7	400	0	0.2	0.99
phylter-k300-island_0	1899	1	100	0	0.05	0.33
phylter-k300-island_0	1400	0	600	0	0.3	0.66
phylter-k300-island_0	1400	0	600	0	0.3	0.99
phylter-k300-island_0	1900	0	100	0	0.05	0.66
phylter-k300-island_0	1600	0	400	0	0.2	0.66
phylter-k300-island_0	1600	0	400	0	0.2	0.99
phylter-k300-island_0	1900	0	100	0	0.05	0.33
phylter-k300-island_0	1500	0	500	0	0.25	0.66
phylter-k300-island_0	1900	0	100	0	0.05	0.33
phylter-k300-island_0	1500	0	500	0	0.25	0.99
phylter-k300-island_0	1900	0	100	0	0.05	0.99
phylter-k300-island_0	1600	0	400	0	0.2	0.99
phylter-k300-island_0	1700	0	300	0	0.15	0.66
phylter-k300-island_0	1600	0	400	0	0.2	0.66
phylter-k300-island_0	1600	0	400	0	0.2	0.33
phylter-k300-island_0	1500	0	500	0	0.25	0.66
phylter-k300-island_0	1500	0	500	0	0.25	0.66
phylter-k300-island_0	1600	0	400	0	0.2	0.33
phylter-k300-island_0	1900	0	100	0	0.05	0.99
phylter-k300-island_0	1900	0	100	0	0.05	0.33
phylter-k300-island_0	1400	0	600	0	0.3	0.66
phylter-k300-island_0	1800	0	200	0	0.1	0.66
phylter-k300-island_0	1800	0	200	0	0.1	0.33
phylter-k300-island_0	1900	0	100	0	0.05	0.99
phylter-k300-island_0	1400	0	600	0	0.3	0.66
phylter-k300-island_0	1700	0	300	0	0.15	0.99
phylter-k300-island_0	1900	0	10	90	0.05	0.33
phylter-k300-island_0	1700	0	300	0	0.15	0.66
phylter-k300-island_0	1600	0	400	0	0.2	0.33
phylter-k300-island_0	1700	0	300	0	0.15	0.99
phylter-k300-island_0	1600	0	400	0	0.2	0.66
phylter-k300-island_0	1600	0	400	0	0.2	0.33
phylter-k300-island_0	1700	0	300	0	0.15	0.66
phylter-k300-island_0	1800	0	200	0	0.1	0.33
phylter-k300-island_0	1800	0	200	0	0.1	0.66
phylter-k300-island_0	1500	0	500	0	0.25	0.33
phylter-k300-island_0	1700	0	300	0	0.15	0.66
phylter-k300-island_0	1900	0	100	0	0.05	0.33
phylter-k300-island_0	1800	0	200	0	0.1	0.99
phylter-k300-island_0	1700	0	300	0	0.15	0.33
phylter-k300-island_0	1600	0	400	0	0.2	0.66
phylter-k300-island_0	1400	0	600	0	0.3	0.99
phylter-k300-island_0	1400	0	600	0	0.3	0.66
phylter-k300-island_0	1500	0	500	0	0.25	0.66
phylter-k300-island_0	1500	0	500	0	0.25	0.33
phylter-k300-island_0	1900	0	100	0	0.05	0.99
phylter-k300-island_0	1500	0	500	0	0.25	0.33
phylter-k300-island_0	1500	0	500	0	0.25	0.33
phylter-k300-island_0	1900	0	100	0	0.05	0.99
phylter-k300-island_0	1900	0	100	0	0.05	0.33
phylter-k300-island_0	1800	0	200	0	0.1	0.99
phylter-k300-island_0	1500	0	500	0	0.25	0.66
phylter-k300-island_0	1400	0	600	0	0.3	0.99
phylter-k300-island_0	1400	0	600	0	0.3	0.66
phylter-k300-island_0	1600	0	400	0	0.2	0.66
phylter-k300-island_0	1700	0	300	0	0.15	0.33
phylter-k300-island_0	1800	0	200	0	0.1	0.66
phylter-k300-island_0	1500	0	500	0	0.25	0.33
phylter-k300-island_0	1500	0	500	0	0.25	0.66
phylter-k300-island_0	1700	0	300	0	0.15	0.99
phylter-k300-island_0	1700	0	300	0	0.15	0.66
phylter-k300-island_0	1600	0	400	0	0.2	0.33
phylter-k300-island_0	1400	0	600	0	0.3	0.33
phylter-k300-island_0	1700	0	300	0	0.15	0.99
phylter-k300-island_0	1700	0	300	0	0.15	0.33
phylter-k300-island_0	1395	5	600	0	0.3	0.33
phylter-k300-island_0	1600	0	400	0	0.2	0.33
phylter-k300-island_0	1695	5	300	0	0.15	0.66
phylter-k300-island_0	1800	0	200	0	0.1	0.99
phylter-k300-island_0	1800	0	200	0	0.1	0.66
phylter-k300-island_0	1800	0	200	0	0.1	0.99
phylter-k300-island_0	1900	0	100	0	0.05	0.99
phylter-k300-island_0	1700	0	300	0	0.15	0.33
phylter-k300-island_0	1800	0	200	0	0.1	0.33
phylter-k300-island_0	1500	0	500	0	0.25	0.66
phylter-k300-island_0	1500	0	500	0	0.25	0.33
phylter-k300-island_0	1500	0	500	0	0.25	0.99
phylter-k300-island_0	1500	0	500	0	0.25	0.99
phylter-k300-island_0	1800	0	200	0	0.1	0.66
phylter-k300-island_0	1500	0	500	0	0.25	0.99
phylter-k300-island_0	1500	0	500	0	0.25	0.33
phylter-k300-island_0	1900	0	100	0	0.05	0.99
phylter-k300-island_0	1800	0	200	0	0.1	0.99
phylter-k300-island_0	1600	0	400	0	0.2	0.33
phylter-k300-island_0	1494	6	500	0	0.25	0.66
phylter-k300-island_0	1684	16	299	1	0.15	0.99
phylter-k300-island_0	1800	0	200	0	0.1	0.33
phylter-k300-island_0	1700	0	300	0	0.15	0.33
phylter-k300-island_0	1500	0	500	0	0.25	0.66
phylter-k300-island_0	1800	0	200	0	0.1	0.66
phylter-k300-island_0	1390	10	600	0	0.3	0.66
phylter-k300-island_0	1400	0	600	0	0.3	0.99
phylter-k300-island_0	1400	0	600	0	0.3	0.33
phylter-k300-island_0	1700	0	300	0	0.15	0.33
phylter-k300-island_0	1900	0	100	0	0.05	0.33
phylter-k300-island_0	1800	0	200	0	0.1	0.99
phylter-k300-island_0	1600	0	400	0	0.2	0.99
phylter-k300-island_0	1500	0	500	0	0.25	0.33
phylter-k300-island_0	1900	0	100	0	0.05	0.99
phylter-k300-island_0	1500	0	500	0	0.25	0.33
phylter-k300-island_0	1900	0	100	0	0.05	0.99
phylter-k300-island_0	1598	2	400	0	0.2	0.99
phylter-k300-island_0	1700	0	300	0	0.15	0.33
phylter-k300-island_0	1400	0	600	0	0.3	0.66
phylter-k300-island_0	1400	0	600	0	0.3	0.99
phylter-k300-island_0	1500	0	500	0	0.25	0.66
phylter-k300-island_0	1800	0	200	0	0.1	0.66
phylter-k300-island_0	1700	0	300	0	0.15	0.66
phylter-k300-island_0	1800	0	200	0	0.1	0.99
phylter-k300-island_0	1600	0	400	0	0.2	0.99
phylter-k300-island_0	1600	0	400	0	0.2	0.33
phylter-k300-island_0	1700	0	300	0	0.15	0.66
phylter-k300-island_0	1700	0	300	0	0.15	0.99
phylter-k300-island_0	1400	0	600	0	0.3	0.33
phylter-k300-island_0	1700	0	300	0	0.15	0.66
phylter-k300-island_0	1600	0	400	0	0.2	0.33
phylter-k300-island_0	1400	0	600	0	0.3	0.33
phylter-k300-island_0	1800	0	200	0	0.1	0.66
phylter-k300-island_0	1700	0	300	0	0.15	0.99
phylter-k300-island_0	1400	0	600	0	0.3	0.66
phylter-k300-island_0	1900	0	100	0	0.05	0.99
phylter-k300-island_0	1900	0	100	0	0.05	0.66
phylter-k300-island_0	1398	2	600	0	0.3	0.99
phylter-k300-island_0	1400	0	600	0	0.3	0.66
phylter-k300-island_0	1800	0	200	0	0.1	0.99
phylter-k300-island_0	1600	0	400	0	0.2	0.99
phylter-k300-island_0	1500	0	500	0	0.25	0.99
phylter-k300-island_0	1900	0	100	0	0.05	0.99
phylter-k300-island_0	1800	0	200	0	0.1	0.66
phylter-k300-island_0	1900	0	100	0	0.05	0.99
phylter-k300-island_0	1500	0	500	0	0.25	0.99
phylter-k300-island_0	1900	0	100	0	0.05	0.66
phylter-k300-island_0	1399	1	600	0	0.3	0.99
phylter-k300-island_0	1396	4	600	0	0.3	0.66
phylter-k300-island_0	1598	2	400	0	0.2	0.99
phylter-k300-island_0	1499	1	500	0	0.25	0.99
phylter-k300-island_0	1800	0	200	0	0.1	0.66
phylter-k300-island_0	1800	0	200	0	0.1	0.99
phylter-k300-island_0	1400	0	600	0	0.3	0.99
phylter-k300-island_0	1900	0	100	0	0.05	0.66
phylter-k300-island_0	1800	0	200	0	0.1	0.66
phylter-k300-island_0	1900	0	100	0	0.05	0.66
phylter-k300-island_0	1900	0	100	0	0.05	0.66
phylter-k300-island_0	1381	19	600	0	0.3	0.33
phylter-k300-island_0	1800	0	200	0	0.1	0.66
phylter-k300-island_0	1800	0	200	0	0.1	0.66
phylter-k300-island_0	1500	0	500	0	0.25	0.99
phylter-k300-island_0	1900	0	100	0	0.05	0.66
phylter-k300-island_0	1400	0	600	0	0.3	0.33
phylter-k300-island_0	1500	0	500	0	0.25	0.99
phylter-k300-island_0	1800	0	200	0	0.1	0.66
phylter-k300-island_0	1400	0	600	0	0.3	0.66
phylter-k300-island_0	1900	0	100	0	0.05	0.33
phylter-k300-island_0	1600	0	400	0	0.2	0.99
phylter-k300-island_0	1900	0	100	0	0.05	0.66
phylter-k300-island_0	1900	0	100	0	0.05	0.66
phylter-k300-island_0	1800	0	200	0	0.1	0.33
phylter-k300-island_0	1600	0	400	0	0.2	0.66
phylter-k300-island_0	1900	0	100	0	0.05	0.33
phylter-k300-island_0	1600	0	400	0	0.2	0.99
phylter-k300-island_0	1600	0	400	0	0.2	0.66
phylter-k300-island_0	1900	0	100	0	0.05	0.66
phylter-k300-island_0	1800	0	200	0	0.1	0.33
phylter-k300-island_0	1500	0	500	0	0.25	0.99
phylter-k300-island_0	1312	88	600	0	0.3	0.66
phylter-k300-island_0	1700	0	300	0	0.15	0.99
phylter-k300-island_0	1400	0	600	0	0.3	0.99
phylter-k300-island_0	1400	0	600	0	0.3	0.33
phylter-k300-island_0	1600	0	400	0	0.2	0.33
phylter-k300-island_0	1900	0	68	32	0.05	0.33
phylter-k300-island_0	1700	0	300	0	0.15	0.66
phylter-k300-island_0	1600	0	400	0	0.2	0.66
phylter-k300-island_0	1400	0	600	0	0.3	0.99
phylter-k300-island_0	1700	0	300	0	0.15	0.99
phylter-k300-island_0	1800	0	200	0	0.1	0.33
phylter-k300-island_0	1700	0	300	0	0.15	0.66
phylter-k300-island_0	1600	0	400	0	0.2	0.33
phylter-k300-island_0	1400	0	600	0	0.3	0.33
phylter-k300-island_0	1700	0	300	0	0.15	0.33
phylter-k300-island_0	1500	0	500	0	0.25	0.33
phylter-k300-island_0	1700	0	300	0	0.15	0.33
phylter-k300-island_0	1700	0	300	0	0.15	0.66
phylter-k300-island_0	1800	0	200	0	0.1	0.99
phylter-k300-island_0	1900	0	100	0	0.05	0.33
phylter-k300-island_0	1500	0	500	0	0.25	0.66
phylter-k300-island_0	1800	0	200	0	0.1	0.33
phylter-k300-island_0	1600	0	400	0	0.2	0.66
phylter-k300-island_0	1700	0	300	0	0.15	0.33
phylter-k300-island_0	1796	4	200	0	0.1	0.99
phylter-k300-island_0	1900	0	100	0	0.05	0.33
phylter-k300-island_0	1700	0	300	0	0.15	0.33
phylter-k300-island_0	1400	0	600	0	0.3	0.33
phylter-k300-island_0	1700	0	300	0	0.15	0.33
phylter-k300-island_0	1600	0	400	0	0.2	0.66
phylter-k300-island_0	1800	0	199	1	0.1	0.33
phylter-k300-island_0	1500	0	500	0	0.25	0.66
phylter-k300-island_0	1500	0	500	0	0.25	0.33
phylter-k300-island_0	1500	0	500	0	0.25	0.99
phylter-k300-island_0	1900	0	100	0	0.05	0.33
phylter-k300-island_0	1900	0	100	0	0.05	0.99
phylter-k300-island_0	1800	0	200	0	0.1	0.99
phylter-k300-island_0	1900	0	100	0	0.05	0.33
phylter-k300-island_0	1600	0	400	0	0.2	0.99
phylter-k300-island_0	1900	0	100	0	0.05	0.66
phylter-k300-island_0	1400	0	600	0	0.3	0.66
phylter-k300-island_0	1400	0	600	0	0.3	0.99
phylter-k300-island_0	1600	0	400	0	0.2	0.66
phylter-k300-island_0	1900	0	100	0	0.05	0.33
phylter-k300-island_0	1112	488	389	11	0.2	0.99
phylter-k300-island_0	1600	0	400	0	0.2	0.66
phylter-k300-island_0	1900	0	100	0	0.05	0.66
phylter-k300-island_0	1400	0	600	0	0.3	0.66
phylter-k300-island_0	1400	0	600	0	0.3	0.99
phylter-k300-island_0	1600	0	400	0	0.2	0.33
phylter-k300-island_0	1900	0	100	0	0.05	0.99
phylter-k300-island_0	1499	1	500	0	0.25	0.99
phylter-k300-island_0	1900	0	100	0	0.05	0.33
phylter-k300-island_0	1400	0	600	0	0.3	0.99
phylter-k300-island_0	1700	0	300	0	0.15	0.99
phylter-k300-island_0	1900	0	100	0	0.05	0.66
phylter-k300-island_0	1600	0	400	0	0.2	0.33
phylter-k300-island_0	1492	8	500	0	0.25	0.66
phylter-k300-island_0	1600	0	400	0	0.2	0.33
phylter-k300-island_0	1900	0	100	0	0.05	0.33
phylter-k300-island_0	1468	32	500	0	0.25	0.99
phylter-k300-island_0	1500	0	500	0	0.25	0.66
phylter-k300-island_0	1500	0	500	0	0.25	0.99
phylter-k300-island_0	1700	0	300	0	0.15	0.66
phylter-k300-island_0	1600	0	400	0	0.2	0.99
phylter-k300-island_0	1800	0	200	0	0.1	0.33
phylter-k300-island_0	1900	0	100	0	0.05	0.66
phylter-k300-island_0	1600	0	400	0	0.2	0.99
phylter-k300-island_0	1400	0	600	0	0.3	0.33
phylter-k300-island_0	1800	0	200	0	0.1	0.33
phylter-k300-island_0	1900	0	100	0	0.05	0.66
phylter-k300-island_0	1482	18	500	0	0.25	0.99
phylter-k300-island_0	1600	0	400	0	0.2	0.66
phylter-k300-island_0	1400	0	600	0	0.3	0.33
phylter-k300-island_0	1700	0	300	0	0.15	0.66
phylter-k300-island_0	1600	0	400	0	0.2	0.66
phylter-k300-island_0	1700	0	300	0	0.15	0.99
phylter-k300-island_0	1600	0	400	0	0.2	0.66
phylter-k300-island_0	1700	0	300	0	0.15	0.99
phylter-k300-island_0	1800	0	200	0	0.1	0.33
phylter-k300-island_0	1600	0	400	0	0.2	0.99
phylter-k300-island_0	1393	7	600	0	0.3	0.33
phylter-k300-island_0	980	520	488	12	0.25	0.99
phylter-k300-island_0	1800	0	200	0	0.1	0.66
phylter-k300-island_0	1400	0	600	0	0.3	0.33
phylter-k300-island_0	1900	0	100	0	0.05	0.99
phylter-k300-island_0	1700	0	300	0	0.15	0.66
phylter-k300-island_0	1600	0	400	0	0.2	0.33
phylter-k300-island_0	1700	0	300	0	0.15	0.99
phylter-k300-island_0	1800	0	200	0	0.1	0.33
phylter-k300-island_0	1600	0	400	0	0.2	0.33
phylter-k300-island_0	1700	0	300	0	0.15	0.66
phylter-k300-island_0	1400	0	600	0	0.3	0.33
phylter-k300-island_0	1700	0	300	0	0.15	0.99
phylter-k300-island_0	1800	0	200	0	0.1	0.66
phylter-k300-island_0	1800	0	200	0	0.1	0.33
phylter-k300-island_0	1500	0	500	0	0.25	0.66
phylter-k300-island_0	1700	0	300	0	0.15	0.33
phylter-k300-island_0	1900	0	100	0	0.05	0.99
phylter-k300-island_0	1400	0	600	0	0.3	0.33
phylter-k300-island_0	1800	0	200	0	0.1	0.99
phylter-k300-island_0	1500	0	500	0	0.25	0.99
phylter-k300-island_0	1500	0	500	0	0.25	0.33
phylter-k300-island_0	1500	0	500	0	0.25	0.33
phylter-k300-island_0	1700	0	300	0	0.15	0.33
phylter-k300-island_0	1500	0	500	0	0.25	0.66
phylter-k300-island_0	1800	0	200	0	0.1	0.33
phylter-k300-island_0	1700	0	300	0	0.15	0.66
phylter-k300-island_0	1589	11	400	0	0.2	0.99
phylter-k300-island_0	1800	0	200	0	0.1	0.99
phylter-k300-island_0	1500	0	500	0	0.25	0.33
phylter-k300-island_0	1800	0	200	0	0.1	0.33
phylter-k300-island_0	1800	0	200	0	0.1	0.66
phylter-k300-island_0	1700	0	300	0	0.15	0.66
phylter-k300-island_0	1784	16	200	0	0.1	0.99
phylter-k300-island_0	1600	0	400	0	0.2	0.33
phylter-k300-island_0	1700	0	300	0	0.15	0.99
phylter-k300-island_0	1700	0	300	0	0.15	0.33
phylter-k300-island_0	1600	0	400	0	0.2	0.33
phylter-k300-island_0	1700	0	300	0	0.15	0.66
phylter-k300-island_0	1400	0	600	0	0.3	0.99
phylter-k300-island_0	1700	0	300	0	0.15	0.99
phylter-k300-island_0	1500	0	500	0	0.25	0.66
phylter-k300-island_0	1500	0	500	0	0.25	0.33
phylter-k300-island_0	1500	0	500	0	0.25	0.33
phylter-k300-island_0	1800	0	200	0	0.1	0.66
phylter-k300-island_0	1400	0	600	0	0.3	0.99
phylter-k300-island_0	1400	0	600	0	0.3	0.66
phylter-k300-island_0	1680	20	300	0	0.15	0.99
phylter-k300-island_0	1489	11	500	0	0.25	0.66
phylter-k300-island_0	1700	0	300	0	0.15	0.33
phylter-k300-island_0	1600	0	400	0	0.2	0.66
phylter-k300-island_0	1600	0	400	0	0.2	0.33
phylter-k300-island_0	1900	0	100	0	0.05	0.33
phylter-k300-island_0	1800	0	200	0	0.1	0.99
phylter-k300-island_0	1800	0	200	0	0.1	0.33
phylter-k300-island_0	1900	0	100	0	0.05	0.99
phylter-k300-island_0	1500	0	500	0	0.25	0.33
phylter-k300-island_0	1800	0	200	0	0.1	0.66
phylter-k300-island_0	1900	0	100	0	0.05	0.99
phylter-k300-island_0	1500	0	500	0	0.25	0.33
phylter-k300-island_0	1600	0	400	0	0.2	0.66
phylter-k300-island_0	1700	0	300	0	0.15	0.33
phylter-k300-island_0	1500	0	500	0	0.25	0.66
phylter-k300-island_0	1400	0	600	0	0.3	0.99
phylter-k300-island_0	1400	0	600	0	0.3	0.66
phylter-k300-island_0	1900	0	100	0	0.05	0.33
phylter-k300-island_0	1800	0	200	0	0.1	0.99
phylter-k300-island_0	1600	0	400	0	0.2	0.99
phylter-k300-island_0	1800	0	200	0	0.1	0.99
phylter-k300-island_0	1400	0	600	0	0.3	0.99
phylter-k300-island_0	1400	0	600	0	0.3	0.66
phylter-k300-island_0	1900	0	100	0	0.05	0.66
phylter-k300-island_0	1900	0	100	0	0.05	0.99
phylter-k300-island_0	1249	251	493	7	0.25	0.99
phylter-k300-island_0	1500	0	500	0	0.25	0.99
phylter-k300-island_0	1898	2	100	0	0.05	0.99
phylter-k300-island_0	1800	0	200	0	0.1	0.99
phylter-k300-island_0	1600	0	400	0	0.2	0.99
phylter-k300-island_0	1400	0	600	0	0.3	0.99
phylter-k300-island_0	1400	0	600	0	0.3	0.66
phylter-k300-island_0	1900	0	100	0	0.05	0.66
phylter-k300-island_0	1800	0	200	0	0.1	0.66
phylter-k300-island_0	1900	0	100	0	0.05	0.99
phylter-k300-island_0	1400	0	600	0	0.3	0.66
phylter-k300-island_0	1400	0	600	0	0.3	0.33
phylter-k300-island_0	1600	0	400	0	0.2	0.99
phylter-k300-island_0	1800	0	200	0	0.1	0.66
phylter-k300-island_0	1800	0	200	0	0.1	0.99
phylter-k300-island_0	1700	0	300	0	0.15	0.33
phylter-k300-island_0	1500	0	500	0	0.25	0.66
phylter-k300-island_0	1800	0	200	0	0.1	0.66
phylter-k300-island_0	1400	0	600	0	0.3	0.66
phylter-k300-island_0	1398	2	600	0	0.3	0.99
phylter-k300-island_0	1900	0	100	0	0.05	0.99
phylter-k300-island_0	1485	15	500	0	0.25	0.33
phylter-k300-island_0	1600	0	400	0	0.2	0.99
phylter-k300-island_0	1600	0	400	0	0.2	0.99
phylter-k300-island_0	1900	0	100	0	0.05	0.99
phylter-k300-island_0	1500	0	500	0	0.25	0.33
phylter-k300-island_0	1600	0	400	0	0.2	0.33
phylter-k300-island_0	1800	0	200	0	0.1	0.99
phylter-k300-island_0	1700	0	300	0	0.15	0.99
phylter-k300-island_0	1400	0	600	0	0.3	0.66
phylter-k300-island_0	1400	0	600	0	0.3	0.99
phylter-k300-island_0	1500	0	500	0	0.25	0.66
phylter-k300-island_0	1800	0	200	0	0.1	0.66
phylter-k300-island_0	1700	0	300	0	0.15	0.33
phylter-k300-island_0	1500	0	500	0	0.25	0.33
phylter-k300-island_0	1400	0	600	0	0.3	0.33
phylter-k300-island_0	1699	1	300	0	0.15	0.99
phylter-k300-island_0	1400	0	600	0	0.3	0.99
phylter-k300-island_0	1498	2	500	0	0.25	0.66
phylter-k300-island_0	1600	0	400	0	0.2	0.33
phylter-k300-island_0	1700	0	300	0	0.15	0.66
phylter-k300-island_0	1700	0	300	0	0.15	0.99
phylter-k300-island_0	1400	0	600	0	0.3	0.33
phylter-k300-island_0	1700	0	300	0	0.15	0.33
phylter-k300-island_0	1700	0	300	0	0.15	0.66
phylter-k300-island_0	1799	1	200	0	0.1	0.99
phylter-k300-island_0	1600	0	400	0	0.2	0.33
phylter-k300-island_0	1600	0	400	0	0.2	0.33
phylter-k300-island_0	1697	3	300	0	0.15	0.66
phylter-k300-island_0	1800	0	200	0	0.1	0.99
phylter-k300-island_0	1400	0	600	0	0.3	0.33
phylter-k300-island_0	1700	0	300	0	0.15	0.33
phylter-k300-island_0	1400	0	600	0	0.3	0.99
phylter-k300-island_0	1700	0	300	0	0.15	0.99
phylter-k300-island_0	1500	0	500	0	0.25	0.33
phylter-k300-island_0	1400	0	600	0	0.3	0.33
phylter-k300-island_0	1700	0	300	0	0.15	0.66
phylter-k300-island_0	1600	0	400	0	0.2	0.33
phylter-k300-island_0	1500	0	500	0	0.25	0.66
phylter-k300-island_0	1700	0	300	0	0.15	0.99
phylter-k300-island_0	1500	0	500	0	0.25	0.33
phylter-k300-island_0	1397	3	600	0	0.3	0.99
phylter-k300-island_0	1600	0	400	0	0.2	0.66
phylter-k300-island_0	1700	0	300	0	0.15	0.33
phylter-k300-island_0	1500	0	500	0	0.25	0.66
phylter-k300-island_0	1700	0	300	0	0.15	0.99
phylter-k300-island_0	1800	0	200	0	0.1	0.33
phylter-k300-island_0	1800	0	200	0	0.1	0.99
phylter-k300-island_0	1900	0	100	0	0.05	0.33
phylter-k300-island_0	1600	0	400	0	0.2	0.33
phylter-k300-island_0	1700	0	300	0	0.15	0.33
phylter-k300-island_0	1800	0	200	0	0.1	0.33
phylter-k300-island_0	1500	0	500	0	0.25	0.66
phylter-k300-island_0	1700	0	300	0	0.15	0.33
phylter-k300-island_0	1600	0	400	0	0.2	0.66
phylter-k300-island_0	1700	0	300	0	0.15	0.33
phylter-k300-island_0	1800	0	200	0	0.1	0.99
phylter-k300-island_0	1900	0	100	0	0.05	0.33
phylter-k300-island_0	1500	0	500	0	0.25	0.33
phylter-k300-island_0	1569	31	396	4	0.2	0.99
phylter-k300-island_0	1400	0	600	0	0.3	0.33
phylter-k300-island_0	1600	0	400	0	0.2	0.66
phylter-k300-island_0	1800	0	200	0	0.1	0.33
phylter-k300-island_0	1900	0	100	0	0.05	0.66
phylter-k300-island_0	1800	0	200	0	0.1	0.66
phylter-k300-island_0	1394	6	600	0	0.3	0.66
phylter-k300-island_0	1800	0	200	0	0.1	0.66
phylter-k300-island_0	1400	0	600	0	0.3	0.33
phylter-k300-island_0	1900	0	100	0	0.05	0.33
phylter-k300-island_0	1900	0	100	0	0.05	0.66
phylter-k300-island_0	1400	0	600	0	0.3	0.66
phylter-k300-island_0	1500	0	500	0	0.25	0.99
phylter-k300-island_0	1600	0	400	0	0.2	0.66
phylter-k300-island_0	1800	0	200	0	0.1	0.33
phylter-k300-island_0	1900	0	100	0	0.05	0.66
phylter-k300-island_0	1600	0	400	0	0.2	0.99
phylter-k300-island_0	1900	0	100	0	0.05	0.33
phylter-k300-island_0	1400	0	600	0	0.3	0.33
phylter-k300-island_0	1800	0	200	0	0.1	0.33
phylter-k300-island_0	1900	0	100	0	0.05	0.66
phylter-k300-island_0	1600	0	400	0	0.2	0.66
phylter-k300-island_0	1600	0	400	0	0.2	0.99
phylter-k300-island_0	1900	0	100	0	0.05	0.33
phylter-k300-island_0	1400	0	600	0	0.3	0.66
phylter-k300-island_0	1500	0	500	0	0.25	0.99
phylter-k300-island_0	1800	0	200	0	0.1	0.66
phylter-k300-island_0	1900	0	100	0	0.05	0.99
phylter-k300-island_0	1400	0	600	0	0.3	0.66
phylter-k300-island_0	1600	0	400	0	0.2	0.99
phylter-k300-island_0	1800	0	200	0	0.1	0.66
phylter-k300-island_0	1800	0	200	0	0.1	0.99
phylter-k300-island_0	1600	0	400	0	0.2	0.99
phylter-k300-island_0	1800	0	200	0	0.1	0.33
phylter-k300-island_0	1398	2	599	1	0.3	0.66
phylter-k300-island_0	1400	0	600	0	0.3	0.99
phylter-k300-island_0	1900	0	100	0	0.05	0.66
phylter-k300-island_0	1499	1	500	0	0.25	0.99
phylter-k300-island_0	1896	4	100	0	0.05	0.99
phylter-k300-island_0	1900	0	100	0	0.05	0.99
phylter-k300-island_0	1500	0	500	0	0.25	0.99
phylter-k300-island_0	1600	0	400	0	0.2	0.99
phylter-k300-island_0	1800	0	200	0	0.1	0.99
phylter-k300-island_0	1400	0	600	0	0.3	0.66
phylter-k300-island_0	1400	0	600	0	0.3	0.99
phylter-k300-island_0	1899	1	100	0	0.05	0.66
phylter-k300-island_0	1500	0	500	0	0.25	0.33
phylter-k300-island_0	1500	0	500	0	0.25	0.66
phylter-k300-island_0	1400	0	600	0	0.3	0.99
phylter-k300-island_0	1700	0	300	0	0.15	0.99
phylter-k300-island_0	1400	0	600	0	0.3	0.33
phylter-k300-island_0	1700	0	300	0	0.15	0.66
phylter-k300-island_0	1600	0	400	0	0.2	0.33
phylter-k300-island_0	1700	0	300	0	0.15	0.33
phylter-k300-island_0	1400	0	600	0	0.3	0.33
phylter-k300-island_0	1700	0	300	0	0.15	0.99
phylter-k300-island_0	1600	0	400	0	0.2	0.33
phylter-k300-island_0	1700	0	300	0	0.15	0.66
phylter-k300-island_0	1792	8	200	0	0.1	0.99
phylter-k300-island_0	1800	0	200	0	0.1	0.99
phylter-k300-island_0	1400	0	600	0	0.3	0.99
phylter-k300-island_0	1400	0	600	0	0.3	0.66
phylter-k300-island_0	1800	0	200	0	0.1	0.66
phylter-k300-island_0	1500	0	500	0	0.25	0.66
phylter-k300-island_0	1700	0	300	0	0.15	0.33
phylter-k300-island_0	1600	0	400	0	0.2	0.99
phylter-k300-island_0	1900	0	100	0	0.05	0.99
phylter-k300-island_0	1500	0	500	0	0.25	0.33
phylter-k300-island_0	1900	0	100	0	0.05	0.99
phylter-k300-island_0	1500	0	500	0	0.25	0.33
phylter-k300-island_0	1600	0	400	0	0.2	0.99
phylter-k300-island_0	1797	3	200	0	0.1	0.99
phylter-k300-island_0	1600	0	400	0	0.2	0.33
phylter-k300-island_0	1700	0	300	0	0.15	0.33
phylter-k300-island_0	1800	0	200	0	0.1	0.66
phylter-k300-island_0	1500	0	500	0	0.25	0.66
phylter-k300-island_0	1400	0	600	0	0.3	0.99
phylter-k300-island_0	1400	0	600	0	0.3	0.66
phylter-k300-island_0	1693	7	300	0	0.15	0.99
phylter-k300-island_0	1500	0	500	0	0.25	0.33
phylter-k300-island_0	1400	0	600	0	0.3	0.99
phylter-k300-island_0	1700	0	300	0	0.15	0.99
phylter-k300-island_0	1800	0	200	0	0.1	0.33
phylter-k300-island_0	1500	0	500	0	0.25	0.66
phylter-k300-island_0	1700	0	300	0	0.15	0.33
phylter-k300-island_0	1600	0	400	0	0.2	0.66
phylter-k300-island_0	998	402	581	19	0.3	0.99
phylter-k300-island_0	1700	0	300	0	0.15	0.33
phylter-k300-island_0	1600	0	400	0	0.2	0.33
phylter-k300-island_0	1900	0	100	0	0.05	0.33
phylter-k300-island_0	1800	0	200	0	0.1	0.99
phylter-k300-island_0	1600	0	400	0	0.2	0.66
phylter-k300-island_0	1700	0	300	0	0.15	0.33
phylter-k300-island_0	1500	0	500	0	0.25	0.66
phylter-k300-island_0	1800	0	200	0	0.1	0.33
phylter-k300-island_0	1900	0	100	0	0.05	0.33
phylter-k300-island_0	1799	1	200	0	0.1	0.99
phylter-k300-island_0	1700	0	300	0	0.15	0.33
phylter-k300-island_0	1500	0	500	0	0.25	0.33
phylter-k300-island_0	1395	5	600	0	0.3	0.33
phylter-k300-island_0	1700	0	300	0	0.15	0.66
phylter-k300-island_0	1800	0	200	0	0.1	0.99
phylter-k300-island_0	1600	0	400	0	0.2	0.33
phylter-k300-island_0	1700	0	300	0	0.15	0.99
phylter-k300-island_0	1400	0	600	0	0.3	0.99
phylter-k300-island_0	1700	0	300	0	0.15	0.33
phylter-k300-island_0	1500	0	500	0	0.25	0.33
phylter-k300-island_0	1600	0	400	0	0.2	0.33
phylter-k300-island_0	1700	0	300	0	0.15	0.66
phylter-k300-island_0	1400	0	600	0	0.3	0.33
phylter-k300-island_0	1400	0	600	0	0.3	0.99
phylter-k300-island_0	1700	0	300	0	0.15	0.99
phylter-k300-island_0	1500	0	500	0	0.25	0.66
phylter-k300-island_0	1400	0	600	0	0.3	0.66
phylter-k300-island_0	1500	0	500	0	0.25	0.99
phylter-k300-island_0	1800	0	200	0	0.1	0.33
phylter-k300-island_0	1900	0	100	0	0.05	0.66
phylter-k300-island_0	1600	0	400	0	0.2	0.66
phylter-k300-island_0	1389	11	600	0	0.3	0.33
phylter-k300-island_0	1600	0	400	0	0.2	0.99
phylter-k300-island_0	1900	0	100	0	0.05	0.33
phylter-k300-island_0	1600	0	400	0	0.2	0.66
phylter-k300-island_0	1800	0	200	0	0.1	0.33
phylter-k300-island_0	1900	0	100	0	0.05	0.66
phylter-k300-island_0	1600	0	400	0	0.2	0.99
phylter-k300-island_0	1900	0	100	0	0.05	0.33
phylter-k300-island_0	1500	0	500	0	0.25	0.99
phylter-k300-island_0	1400	0	600	0	0.3	0.33
phylter-k300-island_0	1600	0	400	0	0.2	0.99
phylter-k300-island_0	1900	0	100	0	0.05	0.66
phylter-k300-island_0	1800	0	200	0	0.1	0.33
phylter-k300-island_0	1600	0	400	0	0.2	0.66
phylter-k300-island_0	1798	2	200	0	0.1	0.66
phylter-k300-island_0	1400	0	600	0	0.3	0.66
phylter-k300-island_0	1800	0	200	0	0.1	0.66
phylter-k300-island_0	1900	0	100	0	0.05	0.33
phylter-k300-island_0	1400	0	600	0	0.3	0.33
phylter-k300-island_0	1900	0	100	0	0.05	0.66
phylter-k300-island_0	1399	1	600	0	0.3	0.99
phylter-k300-island_0	1900	0	100	0	0.05	0.66
phylter-k300-island_0	1600	0	400	0	0.2	0.33
phylter-k300-island_0	1500	0	500	0	0.25	0.66
phylter-k300-island_0	1500	0	500	0	0.25	0.66
phylter-k300-island_0	1900	0	100	0	0.05	0.33
phylter-k300-island_0	1500	0	500	0	0.25	0.99
phylter-k300-island_0	1600	0	400	0	0.2	0.33
phylter-k300-island_0	1900	0	100	0	0.05	0.99
phylter-k300-island_0	1498	2	500	0	0.25	0.99
phylter-k300-island_0	1900	0	100	0	0.05	0.33
phylter-k300-island_0	1600	0	400	0	0.2	0.99
phylter-k300-island_0	1600	0	400	0	0.2	0.66
phylter-k300-island_0	1700	0	300	0	0.15	0.33
phylter-k300-island_0	1900	0	100	0	0.05	0.66
phylter-k300-island_0	1400	0	600	0	0.3	0.99
phylter-k300-island_0	1400	0	600	0	0.3	0.66
phylter-k300-island_0	1900	0	100	0	0.05	0.33
phylter-k300-island_0	1600	0	400	0	0.2	0.99
phylter-k300-island_0	1900	0	100	0	0.05	0.66
phylter-k300-island_0	1400	0	600	0	0.3	0.99
phylter-k300-island_0	1397	3	600	0	0.3	0.66
phylter-k300-island_0	1500	0	500	0	0.25	0.66
phylter-k300-island_0	1600	0	400	0	0.2	0.66
phylter-k300-island_0	1500	0	500	0	0.25	0.99
phylter-k300-island_0	1900	0	100	0	0.05	0.33
phylter-k300-island_0	1900	0	100	0	0.05	0.99
phylter-k300-island_0	1600	0	400	0	0.2	0.33
phylter-k300-island_0	1500	0	500	0	0.25	0.33
phylter-k300-island_0	1400	0	600	0	0.3	0.33
phylter-k300-island_0	1700	0	300	0	0.15	0.66
phylter-k300-island_0	1700	0	300	0	0.15	0.99
phylter-k300-island_0	1600	0	400	0	0.2	0.66
phylter-k300-island_0	1700	0	300	0	0.15	0.99
phylter-k300-island_0	1800	0	200	0	0.1	0.33
phylter-k300-island_0	1386	14	600	0	0.3	0.33
phylter-k300-island_0	1700	0	300	0	0.15	0.66
phylter-k300-island_0	1600	0	400	0	0.2	0.99
phylter-k300-island_0	1500	0	500	0	0.25	0.99
phylter-k300-island_0	1600	0	400	0	0.2	0.99
phylter-k300-island_0	1700	0	300	0	0.15	0.66
phylter-k300-island_0	1800	0	200	0	0.1	0.33
phylter-k300-island_0	1900	0	100	0	0.05	0.66
phylter-k300-island_0	1400	0	600	0	0.3	0.33
phylter-k300-island_0	1600	0	400	0	0.2	0.99
phylter-k300-island_0	1800	0	200	0	0.1	0.33
phylter-k300-island_0	1900	0	100	0	0.05	0.66
phylter-k300-island_0	1500	0	500	0	0.25	0.99
phylter-k300-island_0	1600	0	400	0	0.2	0.66
phylter-k300-island_0	1700	0	300	0	0.15	0.33
phylter-k300-island_0	1500	0	500	0	0.25	0.66
phylter-k300-island_0	1800	0	200	0	0.1	0.33
phylter-k300-island_0	1800	0	200	0	0.1	0.99
phylter-k300-island_0	1900	0	100	0	0.05	0.99
phylter-k300-island_0	1400	0	600	0	0.3	0.33
phylter-k300-island_0	1500	0	500	0	0.25	0.33
phylter-k300-island_0	1500	0	500	0	0.25	0.99
phylter-k300-island_0	1497	3	500	0	0.25	0.99
phylter-k300-island_0	1500	0	500	0	0.25	0.33
phylter-k300-island_0	1800	0	200	0	0.1	0.33
phylter-k300-island_0	1500	0	500	0	0.25	0.66
phylter-k300-island_0	1700	0	300	0	0.15	0.33
phylter-k300-island_0	1899	1	100	0	0.05	0.99
phylter-k300-island_0	1700	0	300	0	0.15	0.66
phylter-k300-island_0	1800	0	200	0	0.1	0.99
phylter-k300-island_0	1500	0	500	0	0.25	0.99
phylter-k300-island_0	1800	0	200	0	0.1	0.66
phylter-k300-island_0	1600	0	400	0	0.2	0.33
phylter-k300-island_0	1700	0	300	0	0.15	0.66
phylter-k300-island_0	1400	0	600	0	0.3	0.33
phylter-k300-island_0	1900	0	100	0	0.05	0.99
phylter-k300-island_0	1700	0	300	0	0.15	0.99
phylter-k300-island_0	1800	0	200	0	0.1	0.33
phylter-k300-island_0	1400	0	600	0	0.3	0.33
phylter-k300-island_0	1700	0	300	0	0.15	0.66
phylter-k300-island_0	1600	0	400	0	0.2	0.33
phylter-k300-island_0	1700	0	300	0	0.15	0.99
phylter-k300-island_0	1800	0	200	0	0.1	0.66
phylter-k300-island_0	1600	0	400	0	0.2	0.66
phylter-k300-island_0	1700	0	300	0	0.15	0.33
phylter-k300-island_0	1500	0	500	0	0.25	0.66
phylter-k300-island_0	1700	0	300	0	0.15	0.99
phylter-k300-island_0	1400	0	600	0	0.3	0.66
phylter-k300-island_0	1400	0	600	0	0.3	0.99
phylter-k300-island_0	1800	0	200	0	0.1	0.99
phylter-k300-island_0	1900	0	100	0	0.05	0.33
phylter-k300-island_0	1600	0	400	0	0.2	0.33
phylter-k300-island_0	1800	0	200	0	0.1	0.33
phylter-k300-island_0	1900	0	100	0	0.05	0.99
phylter-k300-island_0	1500	0	500	0	0.25	0.33
phylter-k300-island_0	1800	0	200	0	0.1	0.66
phylter-k300-island_0	1900	0	100	0	0.05	0.99
phylter-k300-island_0	1500	0	500	0	0.25	0.33
phylter-k300-island_0	1400	0	600	0	0.3	0.66
phylter-k300-island_0	1400	0	600	0	0.3	0.99
phylter-k300-island_0	1500	0	500	0	0.25	0.66
phylter-k300-island_0	1700	0	300	0	0.15	0.33
phylter-k300-island_0	1597	3	400	0	0.2	0.66
phylter-k300-island_0	1800	0	200	0	0.1	0.99
phylter-k300-island_0	1900	0	100	0	0.05	0.33
phylter-k300-island_0	1500	0	500	0	0.25	0.33
phylter-k300-island_0	1800	0	200	0	0.1	0.66
phylter-k300-island_0	1800	0	200	0	0.1	0.33
phylter-k300-island_0	1600	0	400	0	0.2	0.33
phylter-k300-island_0	1700	0	300	0	0.15	0.66
phylter-k300-island_0	1800	0	200	0	0.1	0.99
phylter-k300-island_0	1700	0	300	0	0.15	0.33
phylter-k300-island_0	1699	1	300	0	0.15	0.99
phylter-k300-island_0	1700	0	300	0	0.15	0.66
phylter-k300-island_0	1600	0	400	0	0.2	0.33
phylter-k300-island_0	1500	0	500	0	0.25	0.66
phylter-k300-island_0	1700	0	300	0	0.15	0.99
phylter-k300-island_0	1400	0	600	0	0.3	0.99
phylter-k300-island_0	1500	0	500	0	0.25	0.33
phylter-k300-island_0	1500	0	500	0	0.25	0.33
phylter-k300-island_0	1800	0	200	0	0.1	0.33
phylter-k300-island_0	1800	0	200	0	0.1	0.66
