837	513	0	150	0.1	1.0	admixture	dtohmm_ancestral	N546	025	N532	N567
1349	1	150	0	0.1	1.0	admixture	pbphmm_derived	N546	025	N532	N567
669	681	150	0	0.1	1.0	admixture	pbphmm_ancestral	N546	025	N532	N567
1126	224	136	14	0.1	1.0	admixture	gqshmm_ex_derived	N546	025	N532	N567
1173	177	132	18	0.1	1.0	admixture	gqshmm_ancestral	N546	025	N532	N567
792	558	51	99	0.1	1.0	admixture	gqshmm_derived	N546	025	N532	N567
1098	252	6	144	0.1	1.0	admixture	cqshmm_ex_derived	N546	025	N532	N567
1183	167	7	143	0.1	1.0	admixture	bcbhmm_derived	N546	025	N532	N567
844	506	127	23	0.1	1.0	admixture	mlthmm_ex_derived	N546	025	N532	N567
1302	48	150	0	0.1	1.0	admixture	mlthmm_ancestral	N546	025	N532	N567
1164	186	128	22	0.1	1.0	admixture	dtohmm_ex_ancestral	N546	025	N532	N567
1310	40	145	5	0.1	1.0	admixture	bcbhmm_ex_ancestral	N546	025	N532	N567
1159	191	127	23	0.1	1.0	admixture	mlthmm_ex_ancestral	N546	025	N532	N567
771	579	90	60	0.1	1.0	admixture	bcbhmm_ex_derived	N546	025	N532	N567
654	696	108	42	0.1	1.0	admixture	dtohmm_ex_derived	N546	025	N532	N567
1350	0	150	0	0.1	1.0	admixture	gqshmm_ex_ancestral	N546	025	N532	N567
1344	6	2	148	0.1	1.0	admixture	dtohmm_derived	N546	025	N532	N567
1347	3	150	0	0.1	1.0	admixture	bcbhmm_ancestral	N546	025	N532	N567
1058	292	90	60	0.1	1.0	admixture	cqshmm_ex_ancestral	N546	025	N532	N567
1325	25	0	150	0.1	1.0	admixture	cqshmm_derived	N546	025	N532	N567
896	454	29	121	0.1	1.0	admixture	pbphmm_ex_ancestral	N546	025	N532	N567
1203	147	40	110	0.1	1.0	admixture	cqshmm_ancestral	N546	025	N532	N567
1126	224	136	14	0.1	1.0	admixture	gqshmm_ex	N546	025	N532	N567
1349	1	0	150	0.1	1.0	admixture	pbphmm_ex_derived	N546	025	N532	N567
1257	93	80	70	0.1	1.0	admixture	mlthmm_derived	N546	025	N532	N567
1020	450	21	9	0.02	1.0	admixture	dtohmm_ancestral	Strigiformes	050	N349	N299
1470	0	30	0	0.02	1.0	admixture	pbphmm_derived	Strigiformes	050	N349	N299
1388	82	30	0	0.02	1.0	admixture	pbphmm_ancestral	Strigiformes	050	N349	N299
1467	3	30	0	0.02	1.0	admixture	gqshmm_ex_derived	Strigiformes	050	N349	N299
888	582	22	8	0.02	1.0	admixture	gqshmm_ancestral	Strigiformes	050	N349	N299
1196	274	24	6	0.02	1.0	admixture	gqshmm_derived	Strigiformes	050	N349	N299
972	498	17	13	0.02	1.0	admixture	cqshmm_ex_derived	Strigiformes	050	N349	N299
1124	346	24	6	0.02	1.0	admixture	bcbhmm_derived	Strigiformes	050	N349	N299
808	662	17	13	0.02	1.0	admixture	mlthmm_ex_derived	Strigiformes	050	N349	N299
906	564	19	11	0.02	1.0	admixture	mlthmm_ancestral	Strigiformes	050	N349	N299
968	502	20	10	0.02	1.0	admixture	dtohmm_ex_ancestral	Strigiformes	050	N349	N299
776	694	17	13	0.02	1.0	admixture	bcbhmm_ex_ancestral	Strigiformes	050	N349	N299
967	503	23	7	0.02	1.0	admixture	mlthmm_ex_ancestral	Strigiformes	050	N349	N299
1062	408	21	9	0.02	1.0	admixture	bcbhmm_ex_derived	Strigiformes	050	N349	N299
1076	394	23	7	0.02	1.0	admixture	dtohmm_ex_derived	Strigiformes	050	N349	N299
1163	307	24	6	0.02	1.0	admixture	gqshmm_ex_ancestral	Strigiformes	050	N349	N299
1045	425	29	1	0.02	1.0	admixture	dtohmm_derived	Strigiformes	050	N349	N299
1130	340	27	3	0.02	1.0	admixture	bcbhmm_ancestral	Strigiformes	050	N349	N299
745	725	13	17	0.02	1.0	admixture	cqshmm_ex_ancestral	Strigiformes	050	N349	N299
1416	54	30	0	0.02	1.0	admixture	cqshmm_derived	Strigiformes	050	N349	N299
1431	39	30	0	0.02	1.0	admixture	pbphmm_ex_ancestral	Strigiformes	050	N349	N299
833	637	16	14	0.02	1.0	admixture	cqshmm_ancestral	Strigiformes	050	N349	N299
1467	3	30	0	0.02	1.0	admixture	gqshmm_ex	Strigiformes	050	N349	N299
1449	21	29	1	0.02	1.0	admixture	pbphmm_ex_derived	Strigiformes	050	N349	N299
1296	174	26	4	0.02	1.0	admixture	mlthmm_derived	Strigiformes	050	N349	N299
1330	20	0	150	0.1	1.0	admixture	dtohmm_ancestral	Columbiformes	050	Mesitornisunicolor	N93
1350	0	150	0	0.1	1.0	admixture	pbphmm_derived	Columbiformes	050	Mesitornisunicolor	N93
1346	4	0	150	0.1	1.0	admixture	pbphmm_ancestral	Columbiformes	050	Mesitornisunicolor	N93
814	536	125	25	0.1	1.0	admixture	gqshmm_ex_derived	Columbiformes	050	Mesitornisunicolor	N93
1337	13	150	0	0.1	1.0	admixture	gqshmm_ancestral	Columbiformes	050	Mesitornisunicolor	N93
1350	0	150	0	0.1	1.0	admixture	gqshmm_derived	Columbiformes	050	Mesitornisunicolor	N93
910	440	103	47	0.1	1.0	admixture	cqshmm_ex_derived	Columbiformes	050	Mesitornisunicolor	N93
1350	0	150	0	0.1	1.0	admixture	bcbhmm_derived	Columbiformes	050	Mesitornisunicolor	N93
782	568	49	101	0.1	1.0	admixture	mlthmm_ex_derived	Columbiformes	050	Mesitornisunicolor	N93
1287	63	150	0	0.1	1.0	admixture	mlthmm_ancestral	Columbiformes	050	Mesitornisunicolor	N93
902	448	73	77	0.1	1.0	admixture	dtohmm_ex_ancestral	Columbiformes	050	Mesitornisunicolor	N93
796	554	123	27	0.1	1.0	admixture	bcbhmm_ex_ancestral	Columbiformes	050	Mesitornisunicolor	N93
913	437	118	32	0.1	1.0	admixture	mlthmm_ex_ancestral	Columbiformes	050	Mesitornisunicolor	N93
757	593	129	21	0.1	1.0	admixture	bcbhmm_ex_derived	Columbiformes	050	Mesitornisunicolor	N93
911	439	103	47	0.1	1.0	admixture	dtohmm_ex_derived	Columbiformes	050	Mesitornisunicolor	N93
1350	0	150	0	0.1	1.0	admixture	gqshmm_ex_ancestral	Columbiformes	050	Mesitornisunicolor	N93
1350	0	150	0	0.1	1.0	admixture	dtohmm_derived	Columbiformes	050	Mesitornisunicolor	N93
1187	163	125	25	0.1	1.0	admixture	bcbhmm_ancestral	Columbiformes	050	Mesitornisunicolor	N93
728	622	27	123	0.1	1.0	admixture	cqshmm_ex_ancestral	Columbiformes	050	Mesitornisunicolor	N93
1350	0	150	0	0.1	1.0	admixture	cqshmm_derived	Columbiformes	050	Mesitornisunicolor	N93
1000	350	105	45	0.1	1.0	admixture	pbphmm_ex_ancestral	Columbiformes	050	Mesitornisunicolor	N93
674	676	150	0	0.1	1.0	admixture	cqshmm_ancestral	Columbiformes	050	Mesitornisunicolor	N93
814	536	125	25	0.1	1.0	admixture	gqshmm_ex	Columbiformes	050	Mesitornisunicolor	N93
687	663	84	66	0.1	1.0	admixture	pbphmm_ex_derived	Columbiformes	050	Mesitornisunicolor	N93
1350	0	150	0	0.1	1.0	admixture	mlthmm_derived	Columbiformes	050	Mesitornisunicolor	N93
1336	14	150	0	0.1	1.0	admixture	dtohmm_ancestral	Coraciiformes	050	Bucerotiformes	Piciformes
1319	31	1	149	0.1	1.0	admixture	pbphmm_derived	Coraciiformes	050	Bucerotiformes	Piciformes
723	627	105	45	0.1	1.0	admixture	pbphmm_ancestral	Coraciiformes	050	Bucerotiformes	Piciformes
1078	272	101	49	0.1	1.0	admixture	gqshmm_ex_derived	Coraciiformes	050	Bucerotiformes	Piciformes
1166	184	132	18	0.1	1.0	admixture	gqshmm_ancestral	Coraciiformes	050	Bucerotiformes	Piciformes
1276	74	120	30	0.1	1.0	admixture	gqshmm_derived	Coraciiformes	050	Bucerotiformes	Piciformes
1248	102	126	24	0.1	1.0	admixture	cqshmm_ex_derived	Coraciiformes	050	Bucerotiformes	Piciformes
1350	0	150	0	0.1	1.0	admixture	bcbhmm_derived	Coraciiformes	050	Bucerotiformes	Piciformes
876	474	77	73	0.1	1.0	admixture	mlthmm_ex_derived	Coraciiformes	050	Bucerotiformes	Piciformes
1321	29	144	6	0.1	1.0	admixture	mlthmm_ancestral	Coraciiformes	050	Bucerotiformes	Piciformes
1017	333	123	27	0.1	1.0	admixture	dtohmm_ex_ancestral	Coraciiformes	050	Bucerotiformes	Piciformes
1323	27	145	5	0.1	1.0	admixture	bcbhmm_ex_ancestral	Coraciiformes	050	Bucerotiformes	Piciformes
1110	240	89	61	0.1	1.0	admixture	mlthmm_ex_ancestral	Coraciiformes	050	Bucerotiformes	Piciformes
1238	112	135	15	0.1	1.0	admixture	bcbhmm_ex_derived	Coraciiformes	050	Bucerotiformes	Piciformes
1102	248	120	30	0.1	1.0	admixture	dtohmm_ex_derived	Coraciiformes	050	Bucerotiformes	Piciformes
951	399	88	62	0.1	1.0	admixture	gqshmm_ex_ancestral	Coraciiformes	050	Bucerotiformes	Piciformes
1337	13	114	36	0.1	1.0	admixture	dtohmm_derived	Coraciiformes	050	Bucerotiformes	Piciformes
713	637	84	66	0.1	1.0	admixture	bcbhmm_ancestral	Coraciiformes	050	Bucerotiformes	Piciformes
1196	154	131	19	0.1	1.0	admixture	cqshmm_ex_ancestral	Coraciiformes	050	Bucerotiformes	Piciformes
1329	21	127	23	0.1	1.0	admixture	cqshmm_derived	Coraciiformes	050	Bucerotiformes	Piciformes
722	628	53	97	0.1	1.0	admixture	pbphmm_ex_ancestral	Coraciiformes	050	Bucerotiformes	Piciformes
1319	31	143	7	0.1	1.0	admixture	cqshmm_ancestral	Coraciiformes	050	Bucerotiformes	Piciformes
1078	272	101	49	0.1	1.0	admixture	gqshmm_ex	Coraciiformes	050	Bucerotiformes	Piciformes
1154	196	124	26	0.1	1.0	admixture	pbphmm_ex_derived	Coraciiformes	050	Bucerotiformes	Piciformes
1327	23	140	10	0.1	1.0	admixture	mlthmm_derived	Coraciiformes	050	Bucerotiformes	Piciformes
728	472	179	121	0.2	1.0	admixture	dtohmm_ancestral	Coraciiformes	025	N220	N202
1180	20	288	12	0.2	1.0	admixture	pbphmm_derived	Coraciiformes	025	N220	N202
1200	0	300	0	0.2	1.0	admixture	pbphmm_ancestral	Coraciiformes	025	N220	N202
927	273	240	60	0.2	1.0	admixture	gqshmm_ex_derived	Coraciiformes	025	N220	N202
862	338	220	80	0.2	1.0	admixture	gqshmm_ancestral	Coraciiformes	025	N220	N202
1134	66	279	21	0.2	1.0	admixture	gqshmm_derived	Coraciiformes	025	N220	N202
913	287	232	68	0.2	1.0	admixture	cqshmm_ex_derived	Coraciiformes	025	N220	N202
1200	0	300	0	0.2	1.0	admixture	bcbhmm_derived	Coraciiformes	025	N220	N202
773	427	214	86	0.2	1.0	admixture	mlthmm_ex_derived	Coraciiformes	025	N220	N202
891	309	238	62	0.2	1.0	admixture	mlthmm_ancestral	Coraciiformes	025	N220	N202
697	503	176	124	0.2	1.0	admixture	dtohmm_ex_ancestral	Coraciiformes	025	N220	N202
784	416	196	104	0.2	1.0	admixture	bcbhmm_ex_ancestral	Coraciiformes	025	N220	N202
835	365	198	102	0.2	1.0	admixture	mlthmm_ex_ancestral	Coraciiformes	025	N220	N202
1133	67	289	11	0.2	1.0	admixture	bcbhmm_ex_derived	Coraciiformes	025	N220	N202
928	272	242	58	0.2	1.0	admixture	dtohmm_ex_derived	Coraciiformes	025	N220	N202
921	279	229	71	0.2	1.0	admixture	gqshmm_ex_ancestral	Coraciiformes	025	N220	N202
1198	2	298	2	0.2	1.0	admixture	dtohmm_derived	Coraciiformes	025	N220	N202
776	424	190	110	0.2	1.0	admixture	bcbhmm_ancestral	Coraciiformes	025	N220	N202
614	586	154	146	0.2	1.0	admixture	cqshmm_ex_ancestral	Coraciiformes	025	N220	N202
1170	30	294	6	0.2	1.0	admixture	cqshmm_derived	Coraciiformes	025	N220	N202
1177	23	297	3	0.2	1.0	admixture	pbphmm_ex_ancestral	Coraciiformes	025	N220	N202
629	571	173	127	0.2	1.0	admixture	cqshmm_ancestral	Coraciiformes	025	N220	N202
927	273	240	60	0.2	1.0	admixture	gqshmm_ex	Coraciiformes	025	N220	N202
657	543	176	124	0.2	1.0	admixture	pbphmm_ex_derived	Coraciiformes	025	N220	N202
1198	2	298	2	0.2	1.0	admixture	mlthmm_derived	Coraciiformes	025	N220	N202
1379	91	23	7	0.02	1.0	admixture	dtohmm_ancestral	Musophagiformes	025	N83	N118
1470	0	30	0	0.02	1.0	admixture	pbphmm_derived	Musophagiformes	025	N83	N118
1465	5	30	0	0.02	1.0	admixture	pbphmm_ancestral	Musophagiformes	025	N83	N118
1446	24	30	0	0.02	1.0	admixture	gqshmm_ex_derived	Musophagiformes	025	N83	N118
745	725	17	13	0.02	1.0	admixture	gqshmm_ancestral	Musophagiformes	025	N83	N118
1470	0	30	0	0.02	1.0	admixture	gqshmm_derived	Musophagiformes	025	N83	N118
974	496	21	9	0.02	1.0	admixture	cqshmm_ex_derived	Musophagiformes	025	N83	N118
1470	0	30	0	0.02	1.0	admixture	bcbhmm_derived	Musophagiformes	025	N83	N118
793	677	18	12	0.02	1.0	admixture	mlthmm_ex_derived	Musophagiformes	025	N83	N118
1117	353	21	9	0.02	1.0	admixture	mlthmm_ancestral	Musophagiformes	025	N83	N118
959	511	21	9	0.02	1.0	admixture	dtohmm_ex_ancestral	Musophagiformes	025	N83	N118
858	612	17	13	0.02	1.0	admixture	bcbhmm_ex_ancestral	Musophagiformes	025	N83	N118
969	501	20	10	0.02	1.0	admixture	mlthmm_ex_ancestral	Musophagiformes	025	N83	N118
995	475	16	14	0.02	1.0	admixture	bcbhmm_ex_derived	Musophagiformes	025	N83	N118
813	657	18	12	0.02	1.0	admixture	dtohmm_ex_derived	Musophagiformes	025	N83	N118
1463	7	30	0	0.02	1.0	admixture	gqshmm_ex_ancestral	Musophagiformes	025	N83	N118
1470	0	30	0	0.02	1.0	admixture	dtohmm_derived	Musophagiformes	025	N83	N118
996	474	21	9	0.02	1.0	admixture	bcbhmm_ancestral	Musophagiformes	025	N83	N118
936	534	20	10	0.02	1.0	admixture	cqshmm_ex_ancestral	Musophagiformes	025	N83	N118
1470	0	30	0	0.02	1.0	admixture	cqshmm_derived	Musophagiformes	025	N83	N118
1434	36	29	1	0.02	1.0	admixture	pbphmm_ex_ancestral	Musophagiformes	025	N83	N118
1203	267	20	10	0.02	1.0	admixture	cqshmm_ancestral	Musophagiformes	025	N83	N118
1446	24	30	0	0.02	1.0	admixture	gqshmm_ex	Musophagiformes	025	N83	N118
1451	19	30	0	0.02	1.0	admixture	pbphmm_ex_derived	Musophagiformes	025	N83	N118
1470	0	30	0	0.02	1.0	admixture	mlthmm_derived	Musophagiformes	025	N83	N118
1314	36	148	2	0.1	1.0	admixture	dtohmm_ancestral	Musophagiformes	050	N83	N118
1350	0	150	0	0.1	1.0	admixture	pbphmm_derived	Musophagiformes	050	N83	N118
1350	0	150	0	0.1	1.0	admixture	pbphmm_ancestral	Musophagiformes	050	N83	N118
1325	25	148	2	0.1	1.0	admixture	gqshmm_ex_derived	Musophagiformes	050	N83	N118
686	664	82	68	0.1	1.0	admixture	gqshmm_ancestral	Musophagiformes	050	N83	N118
1350	0	150	0	0.1	1.0	admixture	gqshmm_derived	Musophagiformes	050	N83	N118
987	363	118	32	0.1	1.0	admixture	cqshmm_ex_derived	Musophagiformes	050	N83	N118
1350	0	150	0	0.1	1.0	admixture	bcbhmm_derived	Musophagiformes	050	N83	N118
892	458	98	52	0.1	1.0	admixture	mlthmm_ex_derived	Musophagiformes	050	N83	N118
1153	197	128	22	0.1	1.0	admixture	mlthmm_ancestral	Musophagiformes	050	N83	N118
1100	250	123	27	0.1	1.0	admixture	dtohmm_ex_ancestral	Musophagiformes	050	N83	N118
786	564	84	66	0.1	1.0	admixture	bcbhmm_ex_ancestral	Musophagiformes	050	N83	N118
888	462	91	59	0.1	1.0	admixture	mlthmm_ex_ancestral	Musophagiformes	050	N83	N118
934	416	101	49	0.1	1.0	admixture	bcbhmm_ex_derived	Musophagiformes	050	N83	N118
915	435	101	49	0.1	1.0	admixture	dtohmm_ex_derived	Musophagiformes	050	N83	N118
1342	8	148	2	0.1	1.0	admixture	gqshmm_ex_ancestral	Musophagiformes	050	N83	N118
1350	0	150	0	0.1	1.0	admixture	dtohmm_derived	Musophagiformes	050	N83	N118
922	428	105	45	0.1	1.0	admixture	bcbhmm_ancestral	Musophagiformes	050	N83	N118
725	625	87	63	0.1	1.0	admixture	cqshmm_ex_ancestral	Musophagiformes	050	N83	N118
1350	0	150	0	0.1	1.0	admixture	cqshmm_derived	Musophagiformes	050	N83	N118
1316	34	147	3	0.1	1.0	admixture	pbphmm_ex_ancestral	Musophagiformes	050	N83	N118
785	565	87	63	0.1	1.0	admixture	cqshmm_ancestral	Musophagiformes	050	N83	N118
1325	25	148	2	0.1	1.0	admixture	gqshmm_ex	Musophagiformes	050	N83	N118
1334	16	149	1	0.1	1.0	admixture	pbphmm_ex_derived	Musophagiformes	050	N83	N118
1350	0	150	0	0.1	1.0	admixture	mlthmm_derived	Musophagiformes	050	N83	N118
1078	197	188	37	0.15	1.0	admixture	dtohmm_ancestral	N251	050	N269	N242
1274	1	225	0	0.15	1.0	admixture	pbphmm_derived	N251	050	N269	N242
1155	120	225	0	0.15	1.0	admixture	pbphmm_ancestral	N251	050	N269	N242
881	394	159	66	0.15	1.0	admixture	gqshmm_ex_derived	N251	050	N269	N242
1014	261	180	45	0.15	1.0	admixture	gqshmm_ancestral	N251	050	N269	N242
796	479	137	88	0.15	1.0	admixture	gqshmm_derived	N251	050	N269	N242
704	571	125	100	0.15	1.0	admixture	cqshmm_ex_derived	N251	050	N269	N242
770	505	142	83	0.15	1.0	admixture	bcbhmm_derived	N251	050	N269	N242
911	364	171	54	0.15	1.0	admixture	mlthmm_ex_derived	N251	050	N269	N242
1264	11	225	0	0.15	1.0	admixture	mlthmm_ancestral	N251	050	N269	N242
788	487	124	101	0.15	1.0	admixture	dtohmm_ex_ancestral	N251	050	N269	N242
849	426	147	78	0.15	1.0	admixture	bcbhmm_ex_ancestral	N251	050	N269	N242
663	612	147	78	0.15	1.0	admixture	mlthmm_ex_ancestral	N251	050	N269	N242
886	389	157	68	0.15	1.0	admixture	bcbhmm_ex_derived	N251	050	N269	N242
679	596	116	109	0.15	1.0	admixture	dtohmm_ex_derived	N251	050	N269	N242
1246	29	225	0	0.15	1.0	admixture	gqshmm_ex_ancestral	N251	050	N269	N242
1116	159	198	27	0.15	1.0	admixture	dtohmm_derived	N251	050	N269	N242
1275	0	225	0	0.15	1.0	admixture	bcbhmm_ancestral	N251	050	N269	N242
659	616	155	70	0.15	1.0	admixture	cqshmm_ex_ancestral	N251	050	N269	N242
1093	182	167	58	0.15	1.0	admixture	cqshmm_derived	N251	050	N269	N242
981	294	198	27	0.15	1.0	admixture	pbphmm_ex_ancestral	N251	050	N269	N242
637	638	225	0	0.15	1.0	admixture	cqshmm_ancestral	N251	050	N269	N242
882	393	159	66	0.15	1.0	admixture	gqshmm_ex	N251	050	N269	N242
1161	114	218	7	0.15	1.0	admixture	pbphmm_ex_derived	N251	050	N269	N242
856	419	146	79	0.15	1.0	admixture	mlthmm_derived	N251	050	N269	N242
1449	21	27	3	0.02	1.0	admixture	dtohmm_ancestral	N546	050	N532	N567
1425	45	0	30	0.02	1.0	admixture	pbphmm_derived	N546	050	N532	N567
875	595	30	0	0.02	1.0	admixture	pbphmm_ancestral	N546	050	N532	N567
1222	248	25	5	0.02	1.0	admixture	gqshmm_ex_derived	N546	050	N532	N567
1278	192	27	3	0.02	1.0	admixture	gqshmm_ancestral	N546	050	N532	N567
863	607	10	20	0.02	1.0	admixture	gqshmm_derived	N546	050	N532	N567
1192	278	4	26	0.02	1.0	admixture	cqshmm_ex_derived	N546	050	N532	N567
883	587	18	12	0.02	1.0	admixture	bcbhmm_derived	N546	050	N532	N567
882	588	23	7	0.02	1.0	admixture	mlthmm_ex_derived	N546	050	N532	N567
1422	48	30	0	0.02	1.0	admixture	mlthmm_ancestral	N546	050	N532	N567
1284	186	25	5	0.02	1.0	admixture	dtohmm_ex_ancestral	N546	050	N532	N567
1409	61	27	3	0.02	1.0	admixture	bcbhmm_ex_ancestral	N546	050	N532	N567
1263	207	23	7	0.02	1.0	admixture	mlthmm_ex_ancestral	N546	050	N532	N567
843	627	17	13	0.02	1.0	admixture	bcbhmm_ex_derived	N546	050	N532	N567
755	715	12	18	0.02	1.0	admixture	dtohmm_ex_derived	N546	050	N532	N567
1470	0	30	0	0.02	1.0	admixture	gqshmm_ex_ancestral	N546	050	N532	N567
1360	110	8	22	0.02	1.0	admixture	dtohmm_derived	N546	050	N532	N567
1467	3	30	0	0.02	1.0	admixture	bcbhmm_ancestral	N546	050	N532	N567
1163	307	12	18	0.02	1.0	admixture	cqshmm_ex_ancestral	N546	050	N532	N567
811	659	17	13	0.02	1.0	admixture	cqshmm_derived	N546	050	N532	N567
992	478	3	27	0.02	1.0	admixture	pbphmm_ex_ancestral	N546	050	N532	N567
1329	141	25	5	0.02	1.0	admixture	cqshmm_ancestral	N546	050	N532	N567
1222	248	25	5	0.02	1.0	admixture	gqshmm_ex	N546	050	N532	N567
1203	267	1	29	0.02	1.0	admixture	pbphmm_ex_derived	N546	050	N532	N567
1365	105	30	0	0.02	1.0	admixture	mlthmm_derived	N546	050	N532	N567
1171	29	0	300	0.2	1.0	admixture	dtohmm_ancestral	N125	025	Cuculiformes	Charadriiformes
1200	0	300	0	0.2	1.0	admixture	pbphmm_derived	N125	025	Cuculiformes	Charadriiformes
1200	0	1	299	0.2	1.0	admixture	pbphmm_ancestral	N125	025	Cuculiformes	Charadriiformes
1200	0	300	0	0.2	1.0	admixture	gqshmm_ex_derived	N125	025	Cuculiformes	Charadriiformes
1200	0	300	0	0.2	1.0	admixture	gqshmm_ancestral	N125	025	Cuculiformes	Charadriiformes
1195	5	300	0	0.2	1.0	admixture	gqshmm_derived	N125	025	Cuculiformes	Charadriiformes
1194	6	299	1	0.2	1.0	admixture	cqshmm_ex_derived	N125	025	Cuculiformes	Charadriiformes
1200	0	300	0	0.2	1.0	admixture	bcbhmm_derived	N125	025	Cuculiformes	Charadriiformes
1200	0	0	300	0.2	1.0	admixture	mlthmm_ex_derived	N125	025	Cuculiformes	Charadriiformes
1200	0	300	0	0.2	1.0	admixture	mlthmm_ancestral	N125	025	Cuculiformes	Charadriiformes
1200	0	0	300	0.2	1.0	admixture	dtohmm_ex_ancestral	N125	025	Cuculiformes	Charadriiformes
1200	0	0	300	0.2	1.0	admixture	bcbhmm_ex_ancestral	N125	025	Cuculiformes	Charadriiformes
1200	0	0	300	0.2	1.0	admixture	mlthmm_ex_ancestral	N125	025	Cuculiformes	Charadriiformes
1200	0	0	300	0.2	1.0	admixture	bcbhmm_ex_derived	N125	025	Cuculiformes	Charadriiformes
1200	0	0	300	0.2	1.0	admixture	dtohmm_ex_derived	N125	025	Cuculiformes	Charadriiformes
1200	0	300	0	0.2	1.0	admixture	gqshmm_ex_ancestral	N125	025	Cuculiformes	Charadriiformes
1200	0	300	0	0.2	1.0	admixture	dtohmm_derived	N125	025	Cuculiformes	Charadriiformes
1200	0	300	0	0.2	1.0	admixture	bcbhmm_ancestral	N125	025	Cuculiformes	Charadriiformes
1118	82	297	3	0.2	1.0	admixture	cqshmm_ex_ancestral	N125	025	Cuculiformes	Charadriiformes
1200	0	300	0	0.2	1.0	admixture	cqshmm_derived	N125	025	Cuculiformes	Charadriiformes
1200	0	0	300	0.2	1.0	admixture	pbphmm_ex_ancestral	N125	025	Cuculiformes	Charadriiformes
1191	9	0	300	0.2	1.0	admixture	cqshmm_ancestral	N125	025	Cuculiformes	Charadriiformes
1200	0	300	0	0.2	1.0	admixture	gqshmm_ex	N125	025	Cuculiformes	Charadriiformes
1200	0	0	300	0.2	1.0	admixture	pbphmm_ex_derived	N125	025	Cuculiformes	Charadriiformes
1200	0	300	0	0.2	1.0	admixture	mlthmm_derived	N125	025	Cuculiformes	Charadriiformes
1386	39	73	2	0.05	1.0	admixture	dtohmm_ancestral	Musophagiformes	050	N83	N118
1425	0	75	0	0.05	1.0	admixture	pbphmm_derived	Musophagiformes	050	N83	N118
1425	0	75	0	0.05	1.0	admixture	pbphmm_ancestral	Musophagiformes	050	N83	N118
1401	24	75	0	0.05	1.0	admixture	gqshmm_ex_derived	Musophagiformes	050	N83	N118
722	703	39	36	0.05	1.0	admixture	gqshmm_ancestral	Musophagiformes	050	N83	N118
1425	0	75	0	0.05	1.0	admixture	gqshmm_derived	Musophagiformes	050	N83	N118
953	472	52	23	0.05	1.0	admixture	cqshmm_ex_derived	Musophagiformes	050	N83	N118
1425	0	75	0	0.05	1.0	admixture	bcbhmm_derived	Musophagiformes	050	N83	N118
730	695	38	37	0.05	1.0	admixture	mlthmm_ex_derived	Musophagiformes	050	N83	N118
1150	275	56	19	0.05	1.0	admixture	mlthmm_ancestral	Musophagiformes	050	N83	N118
934	491	52	23	0.05	1.0	admixture	dtohmm_ex_ancestral	Musophagiformes	050	N83	N118
831	594	44	31	0.05	1.0	admixture	bcbhmm_ex_ancestral	Musophagiformes	050	N83	N118
940	485	50	25	0.05	1.0	admixture	mlthmm_ex_ancestral	Musophagiformes	050	N83	N118
971	454	48	27	0.05	1.0	admixture	bcbhmm_ex_derived	Musophagiformes	050	N83	N118
773	652	40	35	0.05	1.0	admixture	dtohmm_ex_derived	Musophagiformes	050	N83	N118
1417	8	74	1	0.05	1.0	admixture	gqshmm_ex_ancestral	Musophagiformes	050	N83	N118
1425	0	75	0	0.05	1.0	admixture	dtohmm_derived	Musophagiformes	050	N83	N118
966	459	50	25	0.05	1.0	admixture	bcbhmm_ancestral	Musophagiformes	050	N83	N118
822	603	48	27	0.05	1.0	admixture	cqshmm_ex_ancestral	Musophagiformes	050	N83	N118
1425	0	75	0	0.05	1.0	admixture	cqshmm_derived	Musophagiformes	050	N83	N118
1389	36	72	3	0.05	1.0	admixture	pbphmm_ex_ancestral	Musophagiformes	050	N83	N118
797	628	44	31	0.05	1.0	admixture	cqshmm_ancestral	Musophagiformes	050	N83	N118
1401	24	75	0	0.05	1.0	admixture	gqshmm_ex	Musophagiformes	050	N83	N118
1421	4	75	0	0.05	1.0	admixture	pbphmm_ex_derived	Musophagiformes	050	N83	N118
1425	0	75	0	0.05	1.0	admixture	mlthmm_derived	Musophagiformes	050	N83	N118
1083	42	344	31	0.25	1.0	admixture	dtohmm_ancestral	Coraciiformes	025	Bucerotiformes	Piciformes
1097	28	3	372	0.25	1.0	admixture	pbphmm_derived	Coraciiformes	025	Bucerotiformes	Piciformes
646	479	282	93	0.25	1.0	admixture	pbphmm_ancestral	Coraciiformes	025	Bucerotiformes	Piciformes
891	234	263	112	0.25	1.0	admixture	gqshmm_ex_derived	Coraciiformes	025	Bucerotiformes	Piciformes
976	149	325	50	0.25	1.0	admixture	gqshmm_ancestral	Coraciiformes	025	Bucerotiformes	Piciformes
1069	56	275	100	0.25	1.0	admixture	gqshmm_derived	Coraciiformes	025	Bucerotiformes	Piciformes
1091	34	324	51	0.25	1.0	admixture	cqshmm_ex_derived	Coraciiformes	025	Bucerotiformes	Piciformes
1125	0	361	14	0.25	1.0	admixture	bcbhmm_derived	Coraciiformes	025	Bucerotiformes	Piciformes
1012	113	279	96	0.25	1.0	admixture	mlthmm_ex_derived	Coraciiformes	025	Bucerotiformes	Piciformes
1091	34	367	8	0.25	1.0	admixture	mlthmm_ancestral	Coraciiformes	025	Bucerotiformes	Piciformes
850	275	316	59	0.25	1.0	admixture	dtohmm_ex_ancestral	Coraciiformes	025	Bucerotiformes	Piciformes
1067	58	357	18	0.25	1.0	admixture	bcbhmm_ex_ancestral	Coraciiformes	025	Bucerotiformes	Piciformes
918	207	303	72	0.25	1.0	admixture	mlthmm_ex_ancestral	Coraciiformes	025	Bucerotiformes	Piciformes
939	186	294	81	0.25	1.0	admixture	bcbhmm_ex_derived	Coraciiformes	025	Bucerotiformes	Piciformes
1083	42	325	50	0.25	1.0	admixture	dtohmm_ex_derived	Coraciiformes	025	Bucerotiformes	Piciformes
1091	34	337	38	0.25	1.0	admixture	gqshmm_ex_ancestral	Coraciiformes	025	Bucerotiformes	Piciformes
1125	0	21	354	0.25	1.0	admixture	dtohmm_derived	Coraciiformes	025	Bucerotiformes	Piciformes
1120	5	371	4	0.25	1.0	admixture	bcbhmm_ancestral	Coraciiformes	025	Bucerotiformes	Piciformes
906	219	295	80	0.25	1.0	admixture	cqshmm_ex_ancestral	Coraciiformes	025	Bucerotiformes	Piciformes
1097	28	17	358	0.25	1.0	admixture	cqshmm_derived	Coraciiformes	025	Bucerotiformes	Piciformes
608	517	228	147	0.25	1.0	admixture	pbphmm_ex_ancestral	Coraciiformes	025	Bucerotiformes	Piciformes
1100	25	363	12	0.25	1.0	admixture	cqshmm_ancestral	Coraciiformes	025	Bucerotiformes	Piciformes
891	234	264	111	0.25	1.0	admixture	gqshmm_ex	Coraciiformes	025	Bucerotiformes	Piciformes
1105	20	291	84	0.25	1.0	admixture	pbphmm_ex_derived	Coraciiformes	025	Bucerotiformes	Piciformes
1125	0	18	357	0.25	1.0	admixture	mlthmm_derived	Coraciiformes	025	Bucerotiformes	Piciformes
845	430	160	65	0.15	1.0	admixture	dtohmm_ancestral	Strigiformes	050	N349	N299
1275	0	225	0	0.15	1.0	admixture	pbphmm_derived	Strigiformes	050	N349	N299
1191	84	217	8	0.15	1.0	admixture	pbphmm_ancestral	Strigiformes	050	N349	N299
1272	3	225	0	0.15	1.0	admixture	gqshmm_ex_derived	Strigiformes	050	N349	N299
806	469	139	86	0.15	1.0	admixture	gqshmm_ancestral	Strigiformes	050	N349	N299
1048	227	174	51	0.15	1.0	admixture	gqshmm_derived	Strigiformes	050	N349	N299
688	587	133	92	0.15	1.0	admixture	cqshmm_ex_derived	Strigiformes	050	N349	N299
1257	18	221	4	0.15	1.0	admixture	bcbhmm_derived	Strigiformes	050	N349	N299
685	590	120	105	0.15	1.0	admixture	mlthmm_ex_derived	Strigiformes	050	N349	N299
750	525	143	82	0.15	1.0	admixture	mlthmm_ancestral	Strigiformes	050	N349	N299
841	434	144	81	0.15	1.0	admixture	dtohmm_ex_ancestral	Strigiformes	050	N349	N299
679	596	118	107	0.15	1.0	admixture	bcbhmm_ex_ancestral	Strigiformes	050	N349	N299
836	439	156	69	0.15	1.0	admixture	mlthmm_ex_ancestral	Strigiformes	050	N349	N299
919	356	163	62	0.15	1.0	admixture	bcbhmm_ex_derived	Strigiformes	050	N349	N299
915	360	173	52	0.15	1.0	admixture	dtohmm_ex_derived	Strigiformes	050	N349	N299
1019	256	166	59	0.15	1.0	admixture	gqshmm_ex_ancestral	Strigiformes	050	N349	N299
1228	47	211	14	0.15	1.0	admixture	dtohmm_derived	Strigiformes	050	N349	N299
801	474	150	75	0.15	1.0	admixture	bcbhmm_ancestral	Strigiformes	050	N349	N299
680	595	116	109	0.15	1.0	admixture	cqshmm_ex_ancestral	Strigiformes	050	N349	N299
1103	172	165	60	0.15	1.0	admixture	cqshmm_derived	Strigiformes	050	N349	N299
1241	34	219	6	0.15	1.0	admixture	pbphmm_ex_ancestral	Strigiformes	050	N349	N299
765	510	144	81	0.15	1.0	admixture	cqshmm_ancestral	Strigiformes	050	N349	N299
1272	3	225	0	0.15	1.0	admixture	gqshmm_ex	Strigiformes	050	N349	N299
1257	18	221	4	0.15	1.0	admixture	pbphmm_ex_derived	Strigiformes	050	N349	N299
1136	139	189	36	0.15	1.0	admixture	mlthmm_derived	Strigiformes	050	N349	N299
1292	178	27	3	0.02	1.0	admixture	dtohmm_ancestral	N689	050	N657	N672
967	503	11	19	0.02	1.0	admixture	pbphmm_derived	N689	050	N657	N672
763	707	13	17	0.02	1.0	admixture	pbphmm_ancestral	N689	050	N657	N672
749	721	15	15	0.02	1.0	admixture	gqshmm_ex_derived	N689	050	N657	N672
1431	39	28	2	0.02	1.0	admixture	gqshmm_ancestral	N689	050	N657	N672
1088	382	20	10	0.02	1.0	admixture	gqshmm_derived	N689	050	N657	N672
984	486	17	13	0.02	1.0	admixture	cqshmm_ex_derived	N689	050	N657	N672
1300	170	30	0	0.02	1.0	admixture	bcbhmm_derived	N689	050	N657	N672
885	585	15	15	0.02	1.0	admixture	mlthmm_ex_derived	N689	050	N657	N672
1436	34	30	0	0.02	1.0	admixture	mlthmm_ancestral	N689	050	N657	N672
1057	413	23	7	0.02	1.0	admixture	dtohmm_ex_ancestral	N689	050	N657	N672
1342	128	25	5	0.02	1.0	admixture	bcbhmm_ex_ancestral	N689	050	N657	N672
1070	400	24	6	0.02	1.0	admixture	mlthmm_ex_ancestral	N689	050	N657	N672
1080	390	24	6	0.02	1.0	admixture	bcbhmm_ex_derived	N689	050	N657	N672
861	609	15	15	0.02	1.0	admixture	dtohmm_ex_derived	N689	050	N657	N672
1421	49	28	2	0.02	1.0	admixture	gqshmm_ex_ancestral	N689	050	N657	N672
1119	351	17	13	0.02	1.0	admixture	dtohmm_derived	N689	050	N657	N672
1466	4	30	0	0.02	1.0	admixture	bcbhmm_ancestral	N689	050	N657	N672
1078	392	18	12	0.02	1.0	admixture	cqshmm_ex_ancestral	N689	050	N657	N672
992	478	18	12	0.02	1.0	admixture	cqshmm_derived	N689	050	N657	N672
820	650	0	30	0.02	1.0	admixture	pbphmm_ex_ancestral	N689	050	N657	N672
882	588	12	18	0.02	1.0	admixture	cqshmm_ancestral	N689	050	N657	N672
749	721	15	15	0.02	1.0	admixture	gqshmm_ex	N689	050	N657	N672
946	524	28	2	0.02	1.0	admixture	pbphmm_ex_derived	N689	050	N657	N672
876	594	15	15	0.02	1.0	admixture	mlthmm_derived	N689	050	N657	N672
1134	66	283	17	0.2	1.0	admixture	dtohmm_ancestral	N251	050	N269	N242
1199	1	300	0	0.2	1.0	admixture	pbphmm_derived	N251	050	N269	N242
1199	1	300	0	0.2	1.0	admixture	pbphmm_ancestral	N251	050	N269	N242
829	371	212	88	0.2	1.0	admixture	gqshmm_ex_derived	N251	050	N269	N242
906	294	213	87	0.2	1.0	admixture	gqshmm_ancestral	N251	050	N269	N242
736	464	184	116	0.2	1.0	admixture	gqshmm_derived	N251	050	N269	N242
655	545	165	135	0.2	1.0	admixture	cqshmm_ex_derived	N251	050	N269	N242
717	483	181	119	0.2	1.0	admixture	bcbhmm_derived	N251	050	N269	N242
827	373	211	89	0.2	1.0	admixture	mlthmm_ex_derived	N251	050	N269	N242
1194	6	300	0	0.2	1.0	admixture	mlthmm_ancestral	N251	050	N269	N242
736	464	165	135	0.2	1.0	admixture	dtohmm_ex_ancestral	N251	050	N269	N242
784	416	197	103	0.2	1.0	admixture	bcbhmm_ex_ancestral	N251	050	N269	N242
626	574	195	105	0.2	1.0	admixture	mlthmm_ex_ancestral	N251	050	N269	N242
835	365	210	90	0.2	1.0	admixture	bcbhmm_ex_derived	N251	050	N269	N242
635	565	154	146	0.2	1.0	admixture	dtohmm_ex_derived	N251	050	N269	N242
1168	32	300	0	0.2	1.0	admixture	gqshmm_ex_ancestral	N251	050	N269	N242
1071	129	265	35	0.2	1.0	admixture	dtohmm_derived	N251	050	N269	N242
1200	0	300	0	0.2	1.0	admixture	bcbhmm_ancestral	N251	050	N269	N242
924	276	236	64	0.2	1.0	admixture	cqshmm_ex_ancestral	N251	050	N269	N242
835	365	209	91	0.2	1.0	admixture	cqshmm_derived	N251	050	N269	N242
932	268	265	35	0.2	1.0	admixture	pbphmm_ex_ancestral	N251	050	N269	N242
1035	165	300	0	0.2	1.0	admixture	cqshmm_ancestral	N251	050	N269	N242
829	371	212	88	0.2	1.0	admixture	gqshmm_ex	N251	050	N269	N242
1088	112	291	9	0.2	1.0	admixture	pbphmm_ex_derived	N251	050	N269	N242
800	400	196	104	0.2	1.0	admixture	mlthmm_derived	N251	050	N269	N242
1271	4	75	150	0.15	1.0	admixture	dtohmm_ancestral	Columbiformes	050	Mesitornisunicolor	N93
1275	0	225	0	0.15	1.0	admixture	pbphmm_derived	Columbiformes	050	Mesitornisunicolor	N93
1275	0	1	224	0.15	1.0	admixture	pbphmm_ancestral	Columbiformes	050	Mesitornisunicolor	N93
1135	140	214	11	0.15	1.0	admixture	gqshmm_ex_derived	Columbiformes	050	Mesitornisunicolor	N93
1262	13	224	1	0.15	1.0	admixture	gqshmm_ancestral	Columbiformes	050	Mesitornisunicolor	N93
1275	0	225	0	0.15	1.0	admixture	gqshmm_derived	Columbiformes	050	Mesitornisunicolor	N93
861	414	155	70	0.15	1.0	admixture	cqshmm_ex_derived	Columbiformes	050	Mesitornisunicolor	N93
1275	0	225	0	0.15	1.0	admixture	bcbhmm_derived	Columbiformes	050	Mesitornisunicolor	N93
703	572	135	90	0.15	1.0	admixture	mlthmm_ex_derived	Columbiformes	050	Mesitornisunicolor	N93
1265	10	225	0	0.15	1.0	admixture	mlthmm_ancestral	Columbiformes	050	Mesitornisunicolor	N93
852	423	109	116	0.15	1.0	admixture	dtohmm_ex_ancestral	Columbiformes	050	Mesitornisunicolor	N93
756	519	177	48	0.15	1.0	admixture	bcbhmm_ex_ancestral	Columbiformes	050	Mesitornisunicolor	N93
866	409	175	50	0.15	1.0	admixture	mlthmm_ex_ancestral	Columbiformes	050	Mesitornisunicolor	N93
678	597	183	42	0.15	1.0	admixture	bcbhmm_ex_derived	Columbiformes	050	Mesitornisunicolor	N93
860	415	155	70	0.15	1.0	admixture	dtohmm_ex_derived	Columbiformes	050	Mesitornisunicolor	N93
1275	0	225	0	0.15	1.0	admixture	gqshmm_ex_ancestral	Columbiformes	050	Mesitornisunicolor	N93
1275	0	225	0	0.15	1.0	admixture	dtohmm_derived	Columbiformes	050	Mesitornisunicolor	N93
1122	153	189	36	0.15	1.0	admixture	bcbhmm_ancestral	Columbiformes	050	Mesitornisunicolor	N93
804	471	106	119	0.15	1.0	admixture	cqshmm_ex_ancestral	Columbiformes	050	Mesitornisunicolor	N93
1275	0	225	0	0.15	1.0	admixture	cqshmm_derived	Columbiformes	050	Mesitornisunicolor	N93
943	332	154	71	0.15	1.0	admixture	pbphmm_ex_ancestral	Columbiformes	050	Mesitornisunicolor	N93
1275	0	225	0	0.15	1.0	admixture	cqshmm_ancestral	Columbiformes	050	Mesitornisunicolor	N93
1135	140	214	11	0.15	1.0	admixture	gqshmm_ex	Columbiformes	050	Mesitornisunicolor	N93
645	630	120	105	0.15	1.0	admixture	pbphmm_ex_derived	Columbiformes	050	Mesitornisunicolor	N93
1275	0	225	0	0.15	1.0	admixture	mlthmm_derived	Columbiformes	050	Mesitornisunicolor	N93
1294	176	27	3	0.02	1.0	admixture	dtohmm_ancestral	N689	025	N657	N672
981	489	22	8	0.02	1.0	admixture	pbphmm_derived	N689	025	N657	N672
769	701	14	16	0.02	1.0	admixture	pbphmm_ancestral	N689	025	N657	N672
754	716	16	14	0.02	1.0	admixture	gqshmm_ex_derived	N689	025	N657	N672
1429	41	27	3	0.02	1.0	admixture	gqshmm_ancestral	N689	025	N657	N672
1092	378	16	14	0.02	1.0	admixture	gqshmm_derived	N689	025	N657	N672
986	484	13	17	0.02	1.0	admixture	cqshmm_ex_derived	N689	025	N657	N672
1332	138	23	7	0.02	1.0	admixture	bcbhmm_derived	N689	025	N657	N672
891	579	15	15	0.02	1.0	admixture	mlthmm_ex_derived	N689	025	N657	N672
1457	13	29	1	0.02	1.0	admixture	mlthmm_ancestral	N689	025	N657	N672
1126	344	22	8	0.02	1.0	admixture	dtohmm_ex_ancestral	N689	025	N657	N672
1318	152	28	2	0.02	1.0	admixture	bcbhmm_ex_ancestral	N689	025	N657	N672
1074	396	22	8	0.02	1.0	admixture	mlthmm_ex_ancestral	N689	025	N657	N672
1037	433	22	8	0.02	1.0	admixture	bcbhmm_ex_derived	N689	025	N657	N672
864	606	16	14	0.02	1.0	admixture	dtohmm_ex_derived	N689	025	N657	N672
1395	75	25	5	0.02	1.0	admixture	gqshmm_ex_ancestral	N689	025	N657	N672
1145	325	25	5	0.02	1.0	admixture	dtohmm_derived	N689	025	N657	N672
1466	4	30	0	0.02	1.0	admixture	bcbhmm_ancestral	N689	025	N657	N672
1091	379	16	14	0.02	1.0	admixture	cqshmm_ex_ancestral	N689	025	N657	N672
957	513	0	30	0.02	1.0	admixture	cqshmm_derived	N689	025	N657	N672
811	659	0	30	0.02	1.0	admixture	pbphmm_ex_ancestral	N689	025	N657	N672
901	569	16	14	0.02	1.0	admixture	cqshmm_ancestral	N689	025	N657	N672
754	716	16	14	0.02	1.0	admixture	gqshmm_ex	N689	025	N657	N672
944	526	26	4	0.02	1.0	admixture	pbphmm_ex_derived	N689	025	N657	N672
878	592	14	16	0.02	1.0	admixture	mlthmm_derived	N689	025	N657	N672
1152	318	6	24	0.02	1.0	admixture	dtohmm_ancestral	Columbiformes	025	Mesitornisunicolor	N93
1470	0	30	0	0.02	1.0	admixture	pbphmm_derived	Columbiformes	025	Mesitornisunicolor	N93
1470	0	30	0	0.02	1.0	admixture	pbphmm_ancestral	Columbiformes	025	Mesitornisunicolor	N93
888	582	24	6	0.02	1.0	admixture	gqshmm_ex_derived	Columbiformes	025	Mesitornisunicolor	N93
1458	12	30	0	0.02	1.0	admixture	gqshmm_ancestral	Columbiformes	025	Mesitornisunicolor	N93
1470	0	30	0	0.02	1.0	admixture	gqshmm_derived	Columbiformes	025	Mesitornisunicolor	N93
1233	237	24	6	0.02	1.0	admixture	cqshmm_ex_derived	Columbiformes	025	Mesitornisunicolor	N93
1470	0	30	0	0.02	1.0	admixture	bcbhmm_derived	Columbiformes	025	Mesitornisunicolor	N93
1191	279	26	4	0.02	1.0	admixture	mlthmm_ex_derived	Columbiformes	025	Mesitornisunicolor	N93
1300	170	30	0	0.02	1.0	admixture	mlthmm_ancestral	Columbiformes	025	Mesitornisunicolor	N93
915	555	11	19	0.02	1.0	admixture	dtohmm_ex_ancestral	Columbiformes	025	Mesitornisunicolor	N93
860	610	21	9	0.02	1.0	admixture	bcbhmm_ex_ancestral	Columbiformes	025	Mesitornisunicolor	N93
986	484	21	9	0.02	1.0	admixture	mlthmm_ex_ancestral	Columbiformes	025	Mesitornisunicolor	N93
741	729	19	11	0.02	1.0	admixture	bcbhmm_ex_derived	Columbiformes	025	Mesitornisunicolor	N93
983	487	24	6	0.02	1.0	admixture	dtohmm_ex_derived	Columbiformes	025	Mesitornisunicolor	N93
1470	0	30	0	0.02	1.0	admixture	gqshmm_ex_ancestral	Columbiformes	025	Mesitornisunicolor	N93
1470	0	30	0	0.02	1.0	admixture	dtohmm_derived	Columbiformes	025	Mesitornisunicolor	N93
1296	174	28	2	0.02	1.0	admixture	bcbhmm_ancestral	Columbiformes	025	Mesitornisunicolor	N93
862	608	9	21	0.02	1.0	admixture	cqshmm_ex_ancestral	Columbiformes	025	Mesitornisunicolor	N93
1470	0	30	0	0.02	1.0	admixture	cqshmm_derived	Columbiformes	025	Mesitornisunicolor	N93
1092	378	23	7	0.02	1.0	admixture	pbphmm_ex_ancestral	Columbiformes	025	Mesitornisunicolor	N93
1451	19	30	0	0.02	1.0	admixture	cqshmm_ancestral	Columbiformes	025	Mesitornisunicolor	N93
888	582	24	6	0.02	1.0	admixture	gqshmm_ex	Columbiformes	025	Mesitornisunicolor	N93
921	549	18	12	0.02	1.0	admixture	pbphmm_ex_derived	Columbiformes	025	Mesitornisunicolor	N93
1470	0	30	0	0.02	1.0	admixture	mlthmm_derived	Columbiformes	025	Mesitornisunicolor	N93
722	403	224	151	0.25	1.0	admixture	dtohmm_ancestral	Strigiformes	025	N349	N299
1125	0	375	0	0.25	1.0	admixture	pbphmm_derived	Strigiformes	025	N349	N299
974	151	350	25	0.25	1.0	admixture	pbphmm_ancestral	Strigiformes	025	N349	N299
1122	3	375	0	0.25	1.0	admixture	gqshmm_ex_derived	Strigiformes	025	N349	N299
715	410	213	162	0.25	1.0	admixture	gqshmm_ancestral	Strigiformes	025	N349	N299
931	194	288	87	0.25	1.0	admixture	gqshmm_derived	Strigiformes	025	N349	N299
746	379	247	128	0.25	1.0	admixture	cqshmm_ex_derived	Strigiformes	025	N349	N299
1112	13	363	12	0.25	1.0	admixture	bcbhmm_derived	Strigiformes	025	N349	N299
683	442	246	129	0.25	1.0	admixture	mlthmm_ex_derived	Strigiformes	025	N349	N299
604	521	189	186	0.25	1.0	admixture	mlthmm_ancestral	Strigiformes	025	N349	N299
752	373	243	132	0.25	1.0	admixture	dtohmm_ex_ancestral	Strigiformes	025	N349	N299
588	537	202	173	0.25	1.0	admixture	bcbhmm_ex_ancestral	Strigiformes	025	N349	N299
743	382	257	118	0.25	1.0	admixture	mlthmm_ex_ancestral	Strigiformes	025	N349	N299
817	308	273	102	0.25	1.0	admixture	bcbhmm_ex_derived	Strigiformes	025	N349	N299
819	306	265	110	0.25	1.0	admixture	dtohmm_ex_derived	Strigiformes	025	N349	N299
1125	0	375	0	0.25	1.0	admixture	gqshmm_ex_ancestral	Strigiformes	025	N349	N299
1073	52	344	31	0.25	1.0	admixture	dtohmm_derived	Strigiformes	025	N349	N299
714	411	226	149	0.25	1.0	admixture	bcbhmm_ancestral	Strigiformes	025	N349	N299
609	516	204	171	0.25	1.0	admixture	cqshmm_ex_ancestral	Strigiformes	025	N349	N299
979	146	343	32	0.25	1.0	admixture	cqshmm_derived	Strigiformes	025	N349	N299
1097	28	368	7	0.25	1.0	admixture	pbphmm_ex_ancestral	Strigiformes	025	N349	N299
611	514	201	174	0.25	1.0	admixture	cqshmm_ancestral	Strigiformes	025	N349	N299
1122	3	375	0	0.25	1.0	admixture	gqshmm_ex	Strigiformes	025	N349	N299
1104	21	368	7	0.25	1.0	admixture	pbphmm_ex_derived	Strigiformes	025	N349	N299
587	538	195	180	0.25	1.0	admixture	mlthmm_derived	Strigiformes	025	N349	N299
789	336	260	115	0.25	1.0	admixture	dtohmm_ancestral	Coraciiformes	025	N220	N202
1069	56	361	14	0.25	1.0	admixture	pbphmm_derived	Coraciiformes	025	N220	N202
900	225	300	75	0.25	1.0	admixture	pbphmm_ancestral	Coraciiformes	025	N220	N202
894	231	311	64	0.25	1.0	admixture	gqshmm_ex_derived	Coraciiformes	025	N220	N202
801	324	274	101	0.25	1.0	admixture	gqshmm_ancestral	Coraciiformes	025	N220	N202
1056	69	350	25	0.25	1.0	admixture	gqshmm_derived	Coraciiformes	025	N220	N202
866	259	288	87	0.25	1.0	admixture	cqshmm_ex_derived	Coraciiformes	025	N220	N202
1125	0	375	0	0.25	1.0	admixture	bcbhmm_derived	Coraciiformes	025	N220	N202
738	387	258	117	0.25	1.0	admixture	mlthmm_ex_derived	Coraciiformes	025	N220	N202
675	450	239	136	0.25	1.0	admixture	mlthmm_ancestral	Coraciiformes	025	N220	N202
657	468	220	155	0.25	1.0	admixture	dtohmm_ex_ancestral	Coraciiformes	025	N220	N202
711	414	237	138	0.25	1.0	admixture	bcbhmm_ex_ancestral	Coraciiformes	025	N220	N202
730	395	241	134	0.25	1.0	admixture	mlthmm_ex_ancestral	Coraciiformes	025	N220	N202
1043	82	353	22	0.25	1.0	admixture	bcbhmm_ex_derived	Coraciiformes	025	N220	N202
944	181	315	60	0.25	1.0	admixture	dtohmm_ex_derived	Coraciiformes	025	N220	N202
848	277	285	90	0.25	1.0	admixture	gqshmm_ex_ancestral	Coraciiformes	025	N220	N202
1118	7	369	6	0.25	1.0	admixture	dtohmm_derived	Coraciiformes	025	N220	N202
608	517	202	173	0.25	1.0	admixture	bcbhmm_ancestral	Coraciiformes	025	N220	N202
589	536	175	200	0.25	1.0	admixture	cqshmm_ex_ancestral	Coraciiformes	025	N220	N202
1099	26	369	6	0.25	1.0	admixture	cqshmm_derived	Coraciiformes	025	N220	N202
1099	26	372	3	0.25	1.0	admixture	pbphmm_ex_ancestral	Coraciiformes	025	N220	N202
720	405	253	122	0.25	1.0	admixture	cqshmm_ancestral	Coraciiformes	025	N220	N202
894	231	311	64	0.25	1.0	admixture	gqshmm_ex	Coraciiformes	025	N220	N202
623	502	231	144	0.25	1.0	admixture	pbphmm_ex_derived	Coraciiformes	025	N220	N202
1101	24	367	8	0.25	1.0	admixture	mlthmm_derived	Coraciiformes	025	N220	N202
1200	0	83	217	0.2	1.0	admixture	dtohmm_ancestral	Columbiformes	050	Mesitornisunicolor	N93
1200	0	300	0	0.2	1.0	admixture	pbphmm_derived	Columbiformes	050	Mesitornisunicolor	N93
1198	2	13	287	0.2	1.0	admixture	pbphmm_ancestral	Columbiformes	050	Mesitornisunicolor	N93
730	470	246	54	0.2	1.0	admixture	gqshmm_ex_derived	Columbiformes	050	Mesitornisunicolor	N93
1189	11	299	1	0.2	1.0	admixture	gqshmm_ancestral	Columbiformes	050	Mesitornisunicolor	N93
1200	0	300	0	0.2	1.0	admixture	gqshmm_derived	Columbiformes	050	Mesitornisunicolor	N93
794	406	206	94	0.2	1.0	admixture	cqshmm_ex_derived	Columbiformes	050	Mesitornisunicolor	N93
1200	0	300	0	0.2	1.0	admixture	bcbhmm_derived	Columbiformes	050	Mesitornisunicolor	N93
627	573	131	169	0.2	1.0	admixture	mlthmm_ex_derived	Columbiformes	050	Mesitornisunicolor	N93
923	277	144	156	0.2	1.0	admixture	mlthmm_ancestral	Columbiformes	050	Mesitornisunicolor	N93
813	387	149	151	0.2	1.0	admixture	dtohmm_ex_ancestral	Columbiformes	050	Mesitornisunicolor	N93
690	510	233	67	0.2	1.0	admixture	bcbhmm_ex_ancestral	Columbiformes	050	Mesitornisunicolor	N93
795	405	234	66	0.2	1.0	admixture	mlthmm_ex_ancestral	Columbiformes	050	Mesitornisunicolor	N93
626	574	238	62	0.2	1.0	admixture	bcbhmm_ex_derived	Columbiformes	050	Mesitornisunicolor	N93
797	403	206	94	0.2	1.0	admixture	dtohmm_ex_derived	Columbiformes	050	Mesitornisunicolor	N93
1200	0	300	0	0.2	1.0	admixture	gqshmm_ex_ancestral	Columbiformes	050	Mesitornisunicolor	N93
1200	0	300	0	0.2	1.0	admixture	dtohmm_derived	Columbiformes	050	Mesitornisunicolor	N93
1060	140	256	44	0.2	1.0	admixture	bcbhmm_ancestral	Columbiformes	050	Mesitornisunicolor	N93
671	529	114	186	0.2	1.0	admixture	cqshmm_ex_ancestral	Columbiformes	050	Mesitornisunicolor	N93
1200	0	300	0	0.2	1.0	admixture	cqshmm_derived	Columbiformes	050	Mesitornisunicolor	N93
902	298	207	93	0.2	1.0	admixture	pbphmm_ex_ancestral	Columbiformes	050	Mesitornisunicolor	N93
1195	5	12	288	0.2	1.0	admixture	cqshmm_ancestral	Columbiformes	050	Mesitornisunicolor	N93
730	470	246	54	0.2	1.0	admixture	gqshmm_ex	Columbiformes	050	Mesitornisunicolor	N93
753	447	177	123	0.2	1.0	admixture	pbphmm_ex_derived	Columbiformes	050	Mesitornisunicolor	N93
1200	0	300	0	0.2	1.0	admixture	mlthmm_derived	Columbiformes	050	Mesitornisunicolor	N93
1139	136	196	29	0.15	1.0	admixture	dtohmm_ancestral	Coraciiformes	050	Bucerotiformes	Piciformes
1208	67	0	225	0.15	1.0	admixture	pbphmm_derived	Coraciiformes	050	Bucerotiformes	Piciformes
1273	2	225	0	0.15	1.0	admixture	pbphmm_ancestral	Coraciiformes	050	Bucerotiformes	Piciformes
1014	261	154	71	0.15	1.0	admixture	gqshmm_ex_derived	Coraciiformes	050	Bucerotiformes	Piciformes
1105	170	196	29	0.15	1.0	admixture	gqshmm_ancestral	Coraciiformes	050	Bucerotiformes	Piciformes
1207	68	183	42	0.15	1.0	admixture	gqshmm_derived	Coraciiformes	050	Bucerotiformes	Piciformes
1164	111	182	43	0.15	1.0	admixture	cqshmm_ex_derived	Coraciiformes	050	Bucerotiformes	Piciformes
1275	0	223	2	0.15	1.0	admixture	bcbhmm_derived	Coraciiformes	050	Bucerotiformes	Piciformes
816	459	111	114	0.15	1.0	admixture	mlthmm_ex_derived	Coraciiformes	050	Bucerotiformes	Piciformes
1264	11	223	2	0.15	1.0	admixture	mlthmm_ancestral	Coraciiformes	050	Bucerotiformes	Piciformes
770	505	106	119	0.15	1.0	admixture	dtohmm_ex_ancestral	Coraciiformes	050	Bucerotiformes	Piciformes
1205	70	202	23	0.15	1.0	admixture	bcbhmm_ex_ancestral	Coraciiformes	050	Bucerotiformes	Piciformes
1037	238	128	97	0.15	1.0	admixture	mlthmm_ex_ancestral	Coraciiformes	050	Bucerotiformes	Piciformes
1170	105	200	25	0.15	1.0	admixture	bcbhmm_ex_derived	Coraciiformes	050	Bucerotiformes	Piciformes
910	365	113	112	0.15	1.0	admixture	dtohmm_ex_derived	Coraciiformes	050	Bucerotiformes	Piciformes
1275	0	225	0	0.15	1.0	admixture	gqshmm_ex_ancestral	Coraciiformes	050	Bucerotiformes	Piciformes
1233	42	190	35	0.15	1.0	admixture	dtohmm_derived	Coraciiformes	050	Bucerotiformes	Piciformes
689	586	123	102	0.15	1.0	admixture	bcbhmm_ancestral	Coraciiformes	050	Bucerotiformes	Piciformes
1136	139	190	35	0.15	1.0	admixture	cqshmm_ex_ancestral	Coraciiformes	050	Bucerotiformes	Piciformes
1246	29	177	48	0.15	1.0	admixture	cqshmm_derived	Coraciiformes	050	Bucerotiformes	Piciformes
682	593	80	145	0.15	1.0	admixture	pbphmm_ex_ancestral	Coraciiformes	050	Bucerotiformes	Piciformes
1246	29	217	8	0.15	1.0	admixture	cqshmm_ancestral	Coraciiformes	050	Bucerotiformes	Piciformes
1014	261	154	71	0.15	1.0	admixture	gqshmm_ex	Coraciiformes	050	Bucerotiformes	Piciformes
926	349	149	76	0.15	1.0	admixture	pbphmm_ex_derived	Coraciiformes	050	Bucerotiformes	Piciformes
1258	17	213	12	0.15	1.0	admixture	mlthmm_derived	Coraciiformes	050	Bucerotiformes	Piciformes
1109	241	112	38	0.1	1.0	admixture	dtohmm_ancestral	N251	025	N269	N242
1349	1	150	0	0.1	1.0	admixture	pbphmm_derived	N251	025	N269	N242
1347	3	150	0	0.1	1.0	admixture	pbphmm_ancestral	N251	025	N269	N242
857	493	103	47	0.1	1.0	admixture	gqshmm_ex_derived	N251	025	N269	N242
1077	273	118	32	0.1	1.0	admixture	gqshmm_ancestral	N251	025	N269	N242
835	515	94	56	0.1	1.0	admixture	gqshmm_derived	N251	025	N269	N242
683	667	73	77	0.1	1.0	admixture	cqshmm_ex_derived	N251	025	N269	N242
810	540	79	71	0.1	1.0	admixture	bcbhmm_derived	N251	025	N269	N242
712	638	68	82	0.1	1.0	admixture	mlthmm_ex_derived	N251	025	N269	N242
1148	202	142	8	0.1	1.0	admixture	mlthmm_ancestral	N251	025	N269	N242
831	519	94	56	0.1	1.0	admixture	dtohmm_ex_ancestral	N251	025	N269	N242
904	446	107	43	0.1	1.0	admixture	bcbhmm_ex_ancestral	N251	025	N269	N242
704	646	84	66	0.1	1.0	admixture	mlthmm_ex_ancestral	N251	025	N269	N242
850	500	94	56	0.1	1.0	admixture	bcbhmm_ex_derived	N251	025	N269	N242
716	634	69	81	0.1	1.0	admixture	dtohmm_ex_derived	N251	025	N269	N242
1318	32	149	1	0.1	1.0	admixture	gqshmm_ex_ancestral	N251	025	N269	N242
1276	74	129	21	0.1	1.0	admixture	dtohmm_derived	N251	025	N269	N242
1348	2	150	0	0.1	1.0	admixture	bcbhmm_ancestral	N251	025	N269	N242
1017	333	101	49	0.1	1.0	admixture	cqshmm_ex_ancestral	N251	025	N269	N242
1250	100	133	17	0.1	1.0	admixture	cqshmm_derived	N251	025	N269	N242
1035	315	125	25	0.1	1.0	admixture	pbphmm_ex_ancestral	N251	025	N269	N242
748	602	117	33	0.1	1.0	admixture	cqshmm_ancestral	N251	025	N269	N242
857	493	103	47	0.1	1.0	admixture	gqshmm_ex	N251	025	N269	N242
1230	120	137	13	0.1	1.0	admixture	pbphmm_ex_derived	N251	025	N269	N242
853	497	94	56	0.1	1.0	admixture	mlthmm_derived	N251	025	N269	N242
623	577	142	158	0.2	1.0	admixture	dtohmm_ancestral	Opisthocomushoazin	025	N275	N192
1200	0	300	0	0.2	1.0	admixture	pbphmm_derived	Opisthocomushoazin	025	N275	N192
1200	0	300	0	0.2	1.0	admixture	pbphmm_ancestral	Opisthocomushoazin	025	N275	N192
790	410	187	113	0.2	1.0	admixture	gqshmm_ex_derived	Opisthocomushoazin	025	N275	N192
646	554	163	137	0.2	1.0	admixture	gqshmm_ancestral	Opisthocomushoazin	025	N275	N192
772	428	197	103	0.2	1.0	admixture	gqshmm_derived	Opisthocomushoazin	025	N275	N192
902	298	230	70	0.2	1.0	admixture	cqshmm_ex_derived	Opisthocomushoazin	025	N275	N192
720	480	176	124	0.2	1.0	admixture	bcbhmm_derived	Opisthocomushoazin	025	N275	N192
891	309	226	74	0.2	1.0	admixture	mlthmm_ex_derived	Opisthocomushoazin	025	N275	N192
649	551	156	144	0.2	1.0	admixture	mlthmm_ancestral	Opisthocomushoazin	025	N275	N192
770	430	182	118	0.2	1.0	admixture	dtohmm_ex_ancestral	Opisthocomushoazin	025	N275	N192
697	503	162	138	0.2	1.0	admixture	bcbhmm_ex_ancestral	Opisthocomushoazin	025	N275	N192
855	345	211	89	0.2	1.0	admixture	mlthmm_ex_ancestral	Opisthocomushoazin	025	N275	N192
921	279	224	76	0.2	1.0	admixture	bcbhmm_ex_derived	Opisthocomushoazin	025	N275	N192
887	313	229	71	0.2	1.0	admixture	dtohmm_ex_derived	Opisthocomushoazin	025	N275	N192
1200	0	300	0	0.2	1.0	admixture	gqshmm_ex_ancestral	Opisthocomushoazin	025	N275	N192
775	425	190	110	0.2	1.0	admixture	dtohmm_derived	Opisthocomushoazin	025	N275	N192
721	479	171	129	0.2	1.0	admixture	bcbhmm_ancestral	Opisthocomushoazin	025	N275	N192
836	364	192	108	0.2	1.0	admixture	cqshmm_ex_ancestral	Opisthocomushoazin	025	N275	N192
871	329	191	109	0.2	1.0	admixture	cqshmm_derived	Opisthocomushoazin	025	N275	N192
1190	10	298	2	0.2	1.0	admixture	pbphmm_ex_ancestral	Opisthocomushoazin	025	N275	N192
828	372	193	107	0.2	1.0	admixture	cqshmm_ancestral	Opisthocomushoazin	025	N275	N192
1191	9	299	1	0.2	1.0	admixture	pbphmm_ex_derived	Opisthocomushoazin	025	N275	N192
691	509	170	130	0.2	1.0	admixture	mlthmm_derived	Opisthocomushoazin	025	N275	N192
1350	0	150	0	0.1	1.0	admixture	dtohmm_ancestral	N125	050	Cuculiformes	Charadriiformes
1350	0	150	0	0.1	1.0	admixture	pbphmm_derived	N125	050	Cuculiformes	Charadriiformes
1350	0	150	0	0.1	1.0	admixture	pbphmm_ancestral	N125	050	Cuculiformes	Charadriiformes
1350	0	150	0	0.1	1.0	admixture	gqshmm_ex_derived	N125	050	Cuculiformes	Charadriiformes
1350	0	150	0	0.1	1.0	admixture	gqshmm_ancestral	N125	050	Cuculiformes	Charadriiformes
1344	6	150	0	0.1	1.0	admixture	gqshmm_derived	N125	050	Cuculiformes	Charadriiformes
1344	6	149	1	0.1	1.0	admixture	cqshmm_ex_derived	N125	050	Cuculiformes	Charadriiformes
1350	0	150	0	0.1	1.0	admixture	bcbhmm_derived	N125	050	Cuculiformes	Charadriiformes
1350	0	0	150	0.1	1.0	admixture	mlthmm_ex_derived	N125	050	Cuculiformes	Charadriiformes
1350	0	150	0	0.1	1.0	admixture	mlthmm_ancestral	N125	050	Cuculiformes	Charadriiformes
1350	0	4	146	0.1	1.0	admixture	dtohmm_ex_ancestral	N125	050	Cuculiformes	Charadriiformes
1350	0	4	146	0.1	1.0	admixture	bcbhmm_ex_ancestral	N125	050	Cuculiformes	Charadriiformes
1350	0	4	146	0.1	1.0	admixture	mlthmm_ex_ancestral	N125	050	Cuculiformes	Charadriiformes
1350	0	0	150	0.1	1.0	admixture	bcbhmm_ex_derived	N125	050	Cuculiformes	Charadriiformes
1350	0	0	150	0.1	1.0	admixture	dtohmm_ex_derived	N125	050	Cuculiformes	Charadriiformes
1350	0	150	0	0.1	1.0	admixture	gqshmm_ex_ancestral	N125	050	Cuculiformes	Charadriiformes
1350	0	150	0	0.1	1.0	admixture	dtohmm_derived	N125	050	Cuculiformes	Charadriiformes
1350	0	5	145	0.1	1.0	admixture	bcbhmm_ancestral	N125	050	Cuculiformes	Charadriiformes
1343	7	148	2	0.1	1.0	admixture	cqshmm_ex_ancestral	N125	050	Cuculiformes	Charadriiformes
1350	0	150	0	0.1	1.0	admixture	cqshmm_derived	N125	050	Cuculiformes	Charadriiformes
1350	0	0	150	0.1	1.0	admixture	pbphmm_ex_ancestral	N125	050	Cuculiformes	Charadriiformes
1350	0	1	149	0.1	1.0	admixture	cqshmm_ancestral	N125	050	Cuculiformes	Charadriiformes
1350	0	150	0	0.1	1.0	admixture	gqshmm_ex	N125	050	Cuculiformes	Charadriiformes
1350	0	0	150	0.1	1.0	admixture	pbphmm_ex_derived	N125	050	Cuculiformes	Charadriiformes
1350	0	150	0	0.1	1.0	admixture	mlthmm_derived	N125	050	Cuculiformes	Charadriiformes
1264	161	64	11	0.05	1.0	admixture	dtohmm_ancestral	N251	025	N269	N242
1424	1	75	0	0.05	1.0	admixture	pbphmm_derived	N251	025	N269	N242
1378	47	75	0	0.05	1.0	admixture	pbphmm_ancestral	N251	025	N269	N242
730	695	38	37	0.05	1.0	admixture	gqshmm_ex_derived	N251	025	N269	N242
1093	332	52	23	0.05	1.0	admixture	gqshmm_ancestral	N251	025	N269	N242
884	541	44	31	0.05	1.0	admixture	gqshmm_derived	N251	025	N269	N242
929	496	45	30	0.05	1.0	admixture	cqshmm_ex_derived	N251	025	N269	N242
1184	241	62	13	0.05	1.0	admixture	bcbhmm_derived	N251	025	N269	N242
973	452	54	21	0.05	1.0	admixture	mlthmm_ex_derived	N251	025	N269	N242
1256	169	69	6	0.05	1.0	admixture	mlthmm_ancestral	N251	025	N269	N242
868	557	48	27	0.05	1.0	admixture	dtohmm_ex_ancestral	N251	025	N269	N242
928	497	53	22	0.05	1.0	admixture	bcbhmm_ex_ancestral	N251	025	N269	N242
746	679	40	35	0.05	1.0	admixture	mlthmm_ex_ancestral	N251	025	N269	N242
983	442	54	21	0.05	1.0	admixture	bcbhmm_ex_derived	N251	025	N269	N242
753	672	33	42	0.05	1.0	admixture	dtohmm_ex_derived	N251	025	N269	N242
1391	34	75	0	0.05	1.0	admixture	gqshmm_ex_ancestral	N251	025	N269	N242
1424	1	75	0	0.05	1.0	admixture	dtohmm_derived	N251	025	N269	N242
1420	5	75	0	0.05	1.0	admixture	bcbhmm_ancestral	N251	025	N269	N242
815	610	41	34	0.05	1.0	admixture	cqshmm_ex_ancestral	N251	025	N269	N242
769	656	48	27	0.05	1.0	admixture	cqshmm_derived	N251	025	N269	N242
1103	322	62	13	0.05	1.0	admixture	pbphmm_ex_ancestral	N251	025	N269	N242
746	679	55	20	0.05	1.0	admixture	cqshmm_ancestral	N251	025	N269	N242
730	695	38	37	0.05	1.0	admixture	gqshmm_ex	N251	025	N269	N242
1076	349	57	18	0.05	1.0	admixture	pbphmm_ex_derived	N251	025	N269	N242
903	522	44	31	0.05	1.0	admixture	mlthmm_derived	N251	025	N269	N242
804	471	145	80	0.15	1.0	admixture	dtohmm_ancestral	Falconiformes	025	Accipitriformes	N717
1275	0	225	0	0.15	1.0	admixture	pbphmm_derived	Falconiformes	025	Accipitriformes	N717
1149	126	216	9	0.15	1.0	admixture	pbphmm_ancestral	Falconiformes	025	Accipitriformes	N717
1275	0	225	0	0.15	1.0	admixture	gqshmm_ex_derived	Falconiformes	025	Accipitriformes	N717
755	520	116	109	0.15	1.0	admixture	gqshmm_ancestral	Falconiformes	025	Accipitriformes	N717
1275	0	225	0	0.15	1.0	admixture	gqshmm_derived	Falconiformes	025	Accipitriformes	N717
773	502	148	77	0.15	1.0	admixture	cqshmm_ex_derived	Falconiformes	025	Accipitriformes	N717
1275	0	225	0	0.15	1.0	admixture	bcbhmm_derived	Falconiformes	025	Accipitriformes	N717
635	640	125	100	0.15	1.0	admixture	mlthmm_ex_derived	Falconiformes	025	Accipitriformes	N717
895	380	157	68	0.15	1.0	admixture	mlthmm_ancestral	Falconiformes	025	Accipitriformes	N717
747	528	116	109	0.15	1.0	admixture	dtohmm_ex_ancestral	Falconiformes	025	Accipitriformes	N717
905	370	156	69	0.15	1.0	admixture	bcbhmm_ex_ancestral	Falconiformes	025	Accipitriformes	N717
730	545	143	82	0.15	1.0	admixture	mlthmm_ex_ancestral	Falconiformes	025	Accipitriformes	N717
642	633	126	99	0.15	1.0	admixture	bcbhmm_ex_derived	Falconiformes	025	Accipitriformes	N717
677	598	136	89	0.15	1.0	admixture	dtohmm_ex_derived	Falconiformes	025	Accipitriformes	N717
1275	0	225	0	0.15	1.0	admixture	gqshmm_ex_ancestral	Falconiformes	025	Accipitriformes	N717
1275	0	225	0	0.15	1.0	admixture	dtohmm_derived	Falconiformes	025	Accipitriformes	N717
834	441	146	79	0.15	1.0	admixture	bcbhmm_ancestral	Falconiformes	025	Accipitriformes	N717
722	553	111	114	0.15	1.0	admixture	cqshmm_ex_ancestral	Falconiformes	025	Accipitriformes	N717
1275	0	225	0	0.15	1.0	admixture	cqshmm_derived	Falconiformes	025	Accipitriformes	N717
1228	47	221	4	0.15	1.0	admixture	pbphmm_ex_ancestral	Falconiformes	025	Accipitriformes	N717
704	571	121	104	0.15	1.0	admixture	cqshmm_ancestral	Falconiformes	025	Accipitriformes	N717
1275	0	225	0	0.15	1.0	admixture	gqshmm_ex	Falconiformes	025	Accipitriformes	N717
1224	51	221	4	0.15	1.0	admixture	pbphmm_ex_derived	Falconiformes	025	Accipitriformes	N717
1275	0	225	0	0.15	1.0	admixture	mlthmm_derived	Falconiformes	025	Accipitriformes	N717
973	452	48	27	0.05	1.0	admixture	dtohmm_ancestral	Strigiformes	025	N349	N299
1425	0	75	0	0.05	1.0	admixture	pbphmm_derived	Strigiformes	025	N349	N299
1305	120	75	0	0.05	1.0	admixture	pbphmm_ancestral	Strigiformes	025	N349	N299
1422	3	75	0	0.05	1.0	admixture	gqshmm_ex_derived	Strigiformes	025	N349	N299
900	525	43	32	0.05	1.0	admixture	gqshmm_ancestral	Strigiformes	025	N349	N299
1169	256	54	21	0.05	1.0	admixture	gqshmm_derived	Strigiformes	025	N349	N299
1036	389	55	20	0.05	1.0	admixture	cqshmm_ex_derived	Strigiformes	025	N349	N299
811	614	75	0	0.05	1.0	admixture	bcbhmm_derived	Strigiformes	025	N349	N299
737	688	35	40	0.05	1.0	admixture	mlthmm_ex_derived	Strigiformes	025	N349	N299
947	478	47	28	0.05	1.0	admixture	mlthmm_ancestral	Strigiformes	025	N349	N299
941	484	52	23	0.05	1.0	admixture	dtohmm_ex_ancestral	Strigiformes	025	N349	N299
747	678	35	40	0.05	1.0	admixture	bcbhmm_ex_ancestral	Strigiformes	025	N349	N299
939	486	47	28	0.05	1.0	admixture	mlthmm_ex_ancestral	Strigiformes	025	N349	N299
1025	400	53	22	0.05	1.0	admixture	bcbhmm_ex_derived	Strigiformes	025	N349	N299
1052	373	58	17	0.05	1.0	admixture	dtohmm_ex_derived	Strigiformes	025	N349	N299
1136	289	53	22	0.05	1.0	admixture	gqshmm_ex_ancestral	Strigiformes	025	N349	N299
1204	221	71	4	0.05	1.0	admixture	dtohmm_derived	Strigiformes	025	N349	N299
1178	247	57	18	0.05	1.0	admixture	bcbhmm_ancestral	Strigiformes	025	N349	N299
781	644	39	36	0.05	1.0	admixture	cqshmm_ex_ancestral	Strigiformes	025	N349	N299
1169	256	37	38	0.05	1.0	admixture	cqshmm_derived	Strigiformes	025	N349	N299
1390	35	74	1	0.05	1.0	admixture	pbphmm_ex_ancestral	Strigiformes	025	N349	N299
763	662	48	27	0.05	1.0	admixture	cqshmm_ancestral	Strigiformes	025	N349	N299
1422	3	75	0	0.05	1.0	admixture	gqshmm_ex	Strigiformes	025	N349	N299
1404	21	74	1	0.05	1.0	admixture	pbphmm_ex_derived	Strigiformes	025	N349	N299
1329	96	66	9	0.05	1.0	admixture	mlthmm_derived	Strigiformes	025	N349	N299
801	324	262	113	0.25	1.0	admixture	dtohmm_ancestral	Coraciiformes	050	N220	N202
918	207	193	182	0.25	1.0	admixture	pbphmm_derived	Coraciiformes	050	N220	N202
902	223	299	76	0.25	1.0	admixture	pbphmm_ancestral	Coraciiformes	050	N220	N202
892	233	286	89	0.25	1.0	admixture	gqshmm_ex_derived	Coraciiformes	050	N220	N202
800	325	261	114	0.25	1.0	admixture	gqshmm_ancestral	Coraciiformes	050	N220	N202
1059	66	335	40	0.25	1.0	admixture	gqshmm_derived	Coraciiformes	050	N220	N202
1046	79	348	27	0.25	1.0	admixture	cqshmm_ex_derived	Coraciiformes	050	N220	N202
1125	0	375	0	0.25	1.0	admixture	bcbhmm_derived	Coraciiformes	050	N220	N202
702	423	214	161	0.25	1.0	admixture	mlthmm_ex_derived	Coraciiformes	050	N220	N202
781	344	275	100	0.25	1.0	admixture	mlthmm_ancestral	Coraciiformes	050	N220	N202
642	483	214	161	0.25	1.0	admixture	dtohmm_ex_ancestral	Coraciiformes	050	N220	N202
723	402	231	144	0.25	1.0	admixture	bcbhmm_ex_ancestral	Coraciiformes	050	N220	N202
730	395	261	114	0.25	1.0	admixture	mlthmm_ex_ancestral	Coraciiformes	050	N220	N202
1039	86	351	24	0.25	1.0	admixture	bcbhmm_ex_derived	Coraciiformes	050	N220	N202
899	226	285	90	0.25	1.0	admixture	dtohmm_ex_derived	Coraciiformes	050	N220	N202
855	270	293	82	0.25	1.0	admixture	gqshmm_ex_ancestral	Coraciiformes	050	N220	N202
1116	9	351	24	0.25	1.0	admixture	dtohmm_derived	Coraciiformes	050	N220	N202
809	316	284	91	0.25	1.0	admixture	bcbhmm_ancestral	Coraciiformes	050	N220	N202
613	512	211	164	0.25	1.0	admixture	cqshmm_ex_ancestral	Coraciiformes	050	N220	N202
1108	17	360	15	0.25	1.0	admixture	cqshmm_derived	Coraciiformes	050	N220	N202
1104	21	374	1	0.25	1.0	admixture	pbphmm_ex_ancestral	Coraciiformes	050	N220	N202
616	509	186	189	0.25	1.0	admixture	cqshmm_ancestral	Coraciiformes	050	N220	N202
892	233	286	89	0.25	1.0	admixture	gqshmm_ex	Coraciiformes	050	N220	N202
627	498	224	151	0.25	1.0	admixture	pbphmm_ex_derived	Coraciiformes	050	N220	N202
1116	9	351	24	0.25	1.0	admixture	mlthmm_derived	Coraciiformes	050	N220	N202
1425	0	75	0	0.05	1.0	admixture	dtohmm_ancestral	N125	050	Cuculiformes	Charadriiformes
1425	0	75	0	0.05	1.0	admixture	pbphmm_derived	N125	050	Cuculiformes	Charadriiformes
1425	0	75	0	0.05	1.0	admixture	pbphmm_ancestral	N125	050	Cuculiformes	Charadriiformes
1425	0	75	0	0.05	1.0	admixture	gqshmm_ex_derived	N125	050	Cuculiformes	Charadriiformes
1425	0	75	0	0.05	1.0	admixture	gqshmm_ancestral	N125	050	Cuculiformes	Charadriiformes
1419	6	75	0	0.05	1.0	admixture	gqshmm_derived	N125	050	Cuculiformes	Charadriiformes
1424	1	0	75	0.05	1.0	admixture	cqshmm_ex_derived	N125	050	Cuculiformes	Charadriiformes
1425	0	75	0	0.05	1.0	admixture	bcbhmm_derived	N125	050	Cuculiformes	Charadriiformes
1425	0	0	75	0.05	1.0	admixture	mlthmm_ex_derived	N125	050	Cuculiformes	Charadriiformes
1425	0	75	0	0.05	1.0	admixture	mlthmm_ancestral	N125	050	Cuculiformes	Charadriiformes
1425	0	0	75	0.05	1.0	admixture	dtohmm_ex_ancestral	N125	050	Cuculiformes	Charadriiformes
1425	0	4	71	0.05	1.0	admixture	bcbhmm_ex_ancestral	N125	050	Cuculiformes	Charadriiformes
827	598	45	30	0.05	1.0	admixture	mlthmm_ex_ancestral	N125	050	Cuculiformes	Charadriiformes
1425	0	0	75	0.05	1.0	admixture	bcbhmm_ex_derived	N125	050	Cuculiformes	Charadriiformes
1425	0	0	75	0.05	1.0	admixture	dtohmm_ex_derived	N125	050	Cuculiformes	Charadriiformes
1339	86	47	28	0.05	1.0	admixture	gqshmm_ex_ancestral	N125	050	Cuculiformes	Charadriiformes
1425	0	75	0	0.05	1.0	admixture	dtohmm_derived	N125	050	Cuculiformes	Charadriiformes
1425	0	75	0	0.05	1.0	admixture	bcbhmm_ancestral	N125	050	Cuculiformes	Charadriiformes
1368	57	74	1	0.05	1.0	admixture	cqshmm_ex_ancestral	N125	050	Cuculiformes	Charadriiformes
1425	0	75	0	0.05	1.0	admixture	cqshmm_derived	N125	050	Cuculiformes	Charadriiformes
1425	0	0	75	0.05	1.0	admixture	pbphmm_ex_ancestral	N125	050	Cuculiformes	Charadriiformes
1390	35	65	10	0.05	1.0	admixture	cqshmm_ancestral	N125	050	Cuculiformes	Charadriiformes
1425	0	75	0	0.05	1.0	admixture	gqshmm_ex	N125	050	Cuculiformes	Charadriiformes
1425	0	0	75	0.05	1.0	admixture	pbphmm_ex_derived	N125	050	Cuculiformes	Charadriiformes
1425	0	75	0	0.05	1.0	admixture	mlthmm_derived	N125	050	Cuculiformes	Charadriiformes
1190	10	300	0	0.2	1.0	admixture	dtohmm_ancestral	N251	025	N269	N242
1199	1	300	0	0.2	1.0	admixture	pbphmm_derived	N251	025	N269	N242
685	515	174	126	0.2	1.0	admixture	pbphmm_ancestral	N251	025	N269	N242
834	366	196	104	0.2	1.0	admixture	gqshmm_ex_derived	N251	025	N269	N242
919	281	225	75	0.2	1.0	admixture	gqshmm_ancestral	N251	025	N269	N242
734	466	193	107	0.2	1.0	admixture	gqshmm_derived	N251	025	N269	N242
644	556	181	119	0.2	1.0	admixture	cqshmm_ex_derived	N251	025	N269	N242
858	342	208	92	0.2	1.0	admixture	bcbhmm_derived	N251	025	N269	N242
834	366	196	104	0.2	1.0	admixture	mlthmm_ex_derived	N251	025	N269	N242
1062	138	276	24	0.2	1.0	admixture	mlthmm_ancestral	N251	025	N269	N242
735	465	193	107	0.2	1.0	admixture	dtohmm_ex_ancestral	N251	025	N269	N242
782	418	196	104	0.2	1.0	admixture	bcbhmm_ex_ancestral	N251	025	N269	N242
625	575	159	141	0.2	1.0	admixture	mlthmm_ex_ancestral	N251	025	N269	N242
836	364	195	105	0.2	1.0	admixture	bcbhmm_ex_derived	N251	025	N269	N242
633	567	137	163	0.2	1.0	admixture	dtohmm_ex_derived	N251	025	N269	N242
1169	31	299	1	0.2	1.0	admixture	gqshmm_ex_ancestral	N251	025	N269	N242
1166	34	300	0	0.2	1.0	admixture	dtohmm_derived	N251	025	N269	N242
1198	2	300	0	0.2	1.0	admixture	bcbhmm_ancestral	N251	025	N269	N242
867	333	206	94	0.2	1.0	admixture	cqshmm_ex_ancestral	N251	025	N269	N242
1044	156	281	19	0.2	1.0	admixture	cqshmm_derived	N251	025	N269	N242
925	275	246	54	0.2	1.0	admixture	pbphmm_ex_ancestral	N251	025	N269	N242
1172	28	297	3	0.2	1.0	admixture	cqshmm_ancestral	N251	025	N269	N242
834	366	196	104	0.2	1.0	admixture	gqshmm_ex	N251	025	N269	N242
891	309	233	67	0.2	1.0	admixture	pbphmm_ex_derived	N251	025	N269	N242
750	450	193	107	0.2	1.0	admixture	mlthmm_derived	N251	025	N269	N242
1116	159	203	22	0.15	1.0	admixture	dtohmm_ancestral	N689	050	N657	N672
863	412	128	97	0.15	1.0	admixture	pbphmm_derived	N689	050	N657	N672
661	614	114	111	0.15	1.0	admixture	pbphmm_ancestral	N689	050	N657	N672
719	556	140	85	0.15	1.0	admixture	gqshmm_ex_derived	N689	050	N657	N672
1240	35	217	8	0.15	1.0	admixture	gqshmm_ancestral	N689	050	N657	N672
941	334	161	64	0.15	1.0	admixture	gqshmm_derived	N689	050	N657	N672
852	423	135	90	0.15	1.0	admixture	cqshmm_ex_derived	N689	050	N657	N672
1229	46	221	4	0.15	1.0	admixture	bcbhmm_derived	N689	050	N657	N672
767	508	127	98	0.15	1.0	admixture	mlthmm_ex_derived	N689	050	N657	N672
1262	13	225	0	0.15	1.0	admixture	mlthmm_ancestral	N689	050	N657	N672
727	548	167	58	0.15	1.0	admixture	dtohmm_ex_ancestral	N689	050	N657	N672
1115	160	203	22	0.15	1.0	admixture	bcbhmm_ex_ancestral	N689	050	N657	N672
742	533	71	154	0.15	1.0	admixture	mlthmm_ex_ancestral	N689	050	N657	N672
933	342	176	49	0.15	1.0	admixture	bcbhmm_ex_derived	N689	050	N657	N672
743	532	125	100	0.15	1.0	admixture	dtohmm_ex_derived	N689	050	N657	N672
1234	41	215	10	0.15	1.0	admixture	gqshmm_ex_ancestral	N689	050	N657	N672
1071	204	183	42	0.15	1.0	admixture	dtohmm_derived	N689	050	N657	N672
1275	0	225	0	0.15	1.0	admixture	bcbhmm_ancestral	N689	050	N657	N672
871	404	123	102	0.15	1.0	admixture	cqshmm_ex_ancestral	N689	050	N657	N672
1156	119	149	76	0.15	1.0	admixture	cqshmm_derived	N689	050	N657	N672
766	509	11	214	0.15	1.0	admixture	pbphmm_ex_ancestral	N689	050	N657	N672
1044	231	105	120	0.15	1.0	admixture	cqshmm_ancestral	N689	050	N657	N672
719	556	140	85	0.15	1.0	admixture	gqshmm_ex	N689	050	N657	N672
856	419	189	36	0.15	1.0	admixture	pbphmm_ex_derived	N689	050	N657	N672
760	515	126	99	0.15	1.0	admixture	mlthmm_derived	N689	050	N657	N672
1197	153	133	17	0.1	1.0	admixture	dtohmm_ancestral	N251	050	N269	N242
1349	1	150	0	0.1	1.0	admixture	pbphmm_derived	N251	050	N269	N242
1349	1	150	0	0.1	1.0	admixture	pbphmm_ancestral	N251	050	N269	N242
929	421	107	43	0.1	1.0	admixture	gqshmm_ex_derived	N251	050	N269	N242
1026	324	101	49	0.1	1.0	admixture	gqshmm_ancestral	N251	050	N269	N242
835	515	86	64	0.1	1.0	admixture	gqshmm_derived	N251	050	N269	N242
978	372	114	36	0.1	1.0	admixture	cqshmm_ex_derived	N251	050	N269	N242
999	351	111	39	0.1	1.0	admixture	bcbhmm_derived	N251	050	N269	N242
923	427	106	44	0.1	1.0	admixture	mlthmm_ex_derived	N251	050	N269	N242
1344	6	150	0	0.1	1.0	admixture	mlthmm_ancestral	N251	050	N269	N242
820	530	79	71	0.1	1.0	admixture	dtohmm_ex_ancestral	N251	050	N269	N242
878	472	96	54	0.1	1.0	admixture	bcbhmm_ex_ancestral	N251	050	N269	N242
702	648	99	51	0.1	1.0	admixture	mlthmm_ex_ancestral	N251	050	N269	N242
849	501	88	62	0.1	1.0	admixture	bcbhmm_ex_derived	N251	050	N269	N242
711	639	74	76	0.1	1.0	admixture	dtohmm_ex_derived	N251	050	N269	N242
1318	32	150	0	0.1	1.0	admixture	gqshmm_ex_ancestral	N251	050	N269	N242
793	557	87	63	0.1	1.0	admixture	dtohmm_derived	N251	050	N269	N242
1350	0	150	0	0.1	1.0	admixture	bcbhmm_ancestral	N251	050	N269	N242
745	605	87	63	0.1	1.0	admixture	cqshmm_ex_ancestral	N251	050	N269	N242
1165	185	120	30	0.1	1.0	admixture	cqshmm_derived	N251	050	N269	N242
1041	309	133	17	0.1	1.0	admixture	pbphmm_ex_ancestral	N251	050	N269	N242
1184	166	131	19	0.1	1.0	admixture	cqshmm_ancestral	N251	050	N269	N242
928	422	107	43	0.1	1.0	admixture	gqshmm_ex	N251	050	N269	N242
1021	329	116	34	0.1	1.0	admixture	pbphmm_ex_derived	N251	050	N269	N242
903	447	94	56	0.1	1.0	admixture	mlthmm_derived	N251	050	N269	N242
1015	335	117	33	0.1	1.0	admixture	dtohmm_ancestral	Musophagiformes	025	N83	N118
1350	0	150	0	0.1	1.0	admixture	pbphmm_derived	Musophagiformes	025	N83	N118
1350	0	150	0	0.1	1.0	admixture	pbphmm_ancestral	Musophagiformes	025	N83	N118
1327	23	148	2	0.1	1.0	admixture	gqshmm_ex_derived	Musophagiformes	025	N83	N118
682	668	75	75	0.1	1.0	admixture	gqshmm_ancestral	Musophagiformes	025	N83	N118
1350	0	150	0	0.1	1.0	admixture	gqshmm_derived	Musophagiformes	025	N83	N118
1023	327	111	39	0.1	1.0	admixture	cqshmm_ex_derived	Musophagiformes	025	N83	N118
1350	0	150	0	0.1	1.0	admixture	bcbhmm_derived	Musophagiformes	025	N83	N118
727	623	89	61	0.1	1.0	admixture	mlthmm_ex_derived	Musophagiformes	025	N83	N118
1017	333	116	34	0.1	1.0	admixture	mlthmm_ancestral	Musophagiformes	025	N83	N118
1096	254	122	28	0.1	1.0	admixture	dtohmm_ex_ancestral	Musophagiformes	025	N83	N118
782	568	90	60	0.1	1.0	admixture	bcbhmm_ex_ancestral	Musophagiformes	025	N83	N118
891	459	99	51	0.1	1.0	admixture	mlthmm_ex_ancestral	Musophagiformes	025	N83	N118
845	505	80	70	0.1	1.0	admixture	bcbhmm_ex_derived	Musophagiformes	025	N83	N118
789	561	88	62	0.1	1.0	admixture	dtohmm_ex_derived	Musophagiformes	025	N83	N118
1346	4	149	1	0.1	1.0	admixture	gqshmm_ex_ancestral	Musophagiformes	025	N83	N118
1350	0	150	0	0.1	1.0	admixture	dtohmm_derived	Musophagiformes	025	N83	N118
925	425	109	41	0.1	1.0	admixture	bcbhmm_ancestral	Musophagiformes	025	N83	N118
779	571	86	64	0.1	1.0	admixture	cqshmm_ex_ancestral	Musophagiformes	025	N83	N118
1350	0	150	0	0.1	1.0	admixture	cqshmm_derived	Musophagiformes	025	N83	N118
1313	37	148	2	0.1	1.0	admixture	pbphmm_ex_ancestral	Musophagiformes	025	N83	N118
818	532	91	59	0.1	1.0	admixture	cqshmm_ancestral	Musophagiformes	025	N83	N118
1327	23	148	2	0.1	1.0	admixture	gqshmm_ex	Musophagiformes	025	N83	N118
1328	22	147	3	0.1	1.0	admixture	pbphmm_ex_derived	Musophagiformes	025	N83	N118
1350	0	150	0	0.1	1.0	admixture	mlthmm_derived	Musophagiformes	025	N83	N118
782	643	39	36	0.05	1.0	admixture	dtohmm_ancestral	Coraciiformes	050	N220	N202
1376	49	65	10	0.05	1.0	admixture	pbphmm_derived	Coraciiformes	050	N220	N202
1364	61	75	0	0.05	1.0	admixture	pbphmm_ancestral	Coraciiformes	050	N220	N202
1133	292	61	14	0.05	1.0	admixture	gqshmm_ex_derived	Coraciiformes	050	N220	N202
1033	392	51	24	0.05	1.0	admixture	gqshmm_ancestral	Coraciiformes	050	N220	N202
1348	77	63	12	0.05	1.0	admixture	gqshmm_derived	Coraciiformes	050	N220	N202
1316	109	71	4	0.05	1.0	admixture	cqshmm_ex_derived	Coraciiformes	050	N220	N202
1425	0	75	0	0.05	1.0	admixture	bcbhmm_derived	Coraciiformes	050	N220	N202
724	701	40	35	0.05	1.0	admixture	mlthmm_ex_derived	Coraciiformes	050	N220	N202
1145	280	64	11	0.05	1.0	admixture	mlthmm_ancestral	Coraciiformes	050	N220	N202
820	605	42	33	0.05	1.0	admixture	dtohmm_ex_ancestral	Coraciiformes	050	N220	N202
933	492	55	20	0.05	1.0	admixture	bcbhmm_ex_ancestral	Coraciiformes	050	N220	N202
930	495	54	21	0.05	1.0	admixture	mlthmm_ex_ancestral	Coraciiformes	050	N220	N202
1314	111	69	6	0.05	1.0	admixture	bcbhmm_ex_derived	Coraciiformes	050	N220	N202
1179	246	57	18	0.05	1.0	admixture	dtohmm_ex_derived	Coraciiformes	050	N220	N202
953	472	43	32	0.05	1.0	admixture	gqshmm_ex_ancestral	Coraciiformes	050	N220	N202
1396	29	8	67	0.05	1.0	admixture	dtohmm_derived	Coraciiformes	050	N220	N202
875	550	42	33	0.05	1.0	admixture	bcbhmm_ancestral	Coraciiformes	050	N220	N202
728	697	36	39	0.05	1.0	admixture	cqshmm_ex_ancestral	Coraciiformes	050	N220	N202
1414	11	75	0	0.05	1.0	admixture	cqshmm_derived	Coraciiformes	050	N220	N202
1404	21	75	0	0.05	1.0	admixture	pbphmm_ex_ancestral	Coraciiformes	050	N220	N202
713	712	42	33	0.05	1.0	admixture	cqshmm_ancestral	Coraciiformes	050	N220	N202
1133	292	61	14	0.05	1.0	admixture	gqshmm_ex	Coraciiformes	050	N220	N202
1268	157	69	6	0.05	1.0	admixture	pbphmm_ex_derived	Coraciiformes	050	N220	N202
1412	13	63	12	0.05	1.0	admixture	mlthmm_derived	Coraciiformes	050	N220	N202
1287	63	2	148	0.1	1.0	admixture	dtohmm_ancestral	N546	050	N532	N567
1291	59	0	150	0.1	1.0	admixture	pbphmm_derived	N546	050	N532	N567
1319	31	0	150	0.1	1.0	admixture	pbphmm_ancestral	N546	050	N532	N567
1128	222	130	20	0.1	1.0	admixture	gqshmm_ex_derived	N546	050	N532	N567
1165	185	129	21	0.1	1.0	admixture	gqshmm_ancestral	N546	050	N532	N567
783	567	51	99	0.1	1.0	admixture	gqshmm_derived	N546	050	N532	N567
1120	230	8	142	0.1	1.0	admixture	cqshmm_ex_derived	N546	050	N532	N567
1071	279	25	125	0.1	1.0	admixture	bcbhmm_derived	N546	050	N532	N567
791	559	115	35	0.1	1.0	admixture	mlthmm_ex_derived	N546	050	N532	N567
1297	53	147	3	0.1	1.0	admixture	mlthmm_ancestral	N546	050	N532	N567
1165	185	126	24	0.1	1.0	admixture	dtohmm_ex_ancestral	N546	050	N532	N567
1270	80	130	20	0.1	1.0	admixture	bcbhmm_ex_ancestral	N546	050	N532	N567
1152	198	120	30	0.1	1.0	admixture	mlthmm_ex_ancestral	N546	050	N532	N567
773	577	89	61	0.1	1.0	admixture	bcbhmm_ex_derived	N546	050	N532	N567
655	695	105	45	0.1	1.0	admixture	dtohmm_ex_derived	N546	050	N532	N567
1350	0	150	0	0.1	1.0	admixture	gqshmm_ex_ancestral	N546	050	N532	N567
1345	5	0	150	0.1	1.0	admixture	dtohmm_derived	N546	050	N532	N567
1345	5	147	3	0.1	1.0	admixture	bcbhmm_ancestral	N546	050	N532	N567
1069	281	68	82	0.1	1.0	admixture	cqshmm_ex_ancestral	N546	050	N532	N567
1344	6	0	150	0.1	1.0	admixture	cqshmm_derived	N546	050	N532	N567
879	471	29	121	0.1	1.0	admixture	pbphmm_ex_ancestral	N546	050	N532	N567
1227	123	40	110	0.1	1.0	admixture	cqshmm_ancestral	N546	050	N532	N567
1128	222	130	20	0.1	1.0	admixture	gqshmm_ex	N546	050	N532	N567
1350	0	0	150	0.1	1.0	admixture	pbphmm_ex_derived	N546	050	N532	N567
961	389	39	111	0.1	1.0	admixture	mlthmm_derived	N546	050	N532	N567
1467	3	7	23	0.02	1.0	admixture	dtohmm_ancestral	N125	025	Cuculiformes	Charadriiformes
1470	0	30	0	0.02	1.0	admixture	pbphmm_derived	N125	025	Cuculiformes	Charadriiformes
1470	0	7	23	0.02	1.0	admixture	pbphmm_ancestral	N125	025	Cuculiformes	Charadriiformes
1470	0	30	0	0.02	1.0	admixture	gqshmm_ex_derived	N125	025	Cuculiformes	Charadriiformes
1470	0	30	0	0.02	1.0	admixture	gqshmm_ancestral	N125	025	Cuculiformes	Charadriiformes
1464	6	30	0	0.02	1.0	admixture	gqshmm_derived	N125	025	Cuculiformes	Charadriiformes
1462	8	30	0	0.02	1.0	admixture	cqshmm_ex_derived	N125	025	Cuculiformes	Charadriiformes
1470	0	30	0	0.02	1.0	admixture	bcbhmm_derived	N125	025	Cuculiformes	Charadriiformes
1155	315	30	0	0.02	1.0	admixture	mlthmm_ex_derived	N125	025	Cuculiformes	Charadriiformes
1470	0	30	0	0.02	1.0	admixture	mlthmm_ancestral	N125	025	Cuculiformes	Charadriiformes
1470	0	0	30	0.02	1.0	admixture	dtohmm_ex_ancestral	N125	025	Cuculiformes	Charadriiformes
1470	0	0	30	0.02	1.0	admixture	bcbhmm_ex_ancestral	N125	025	Cuculiformes	Charadriiformes
929	541	17	13	0.02	1.0	admixture	mlthmm_ex_ancestral	N125	025	Cuculiformes	Charadriiformes
1469	1	0	30	0.02	1.0	admixture	bcbhmm_ex_derived	N125	025	Cuculiformes	Charadriiformes
1470	0	0	30	0.02	1.0	admixture	dtohmm_ex_derived	N125	025	Cuculiformes	Charadriiformes
1470	0	30	0	0.02	1.0	admixture	gqshmm_ex_ancestral	N125	025	Cuculiformes	Charadriiformes
1470	0	30	0	0.02	1.0	admixture	dtohmm_derived	N125	025	Cuculiformes	Charadriiformes
1470	0	8	22	0.02	1.0	admixture	bcbhmm_ancestral	N125	025	Cuculiformes	Charadriiformes
1470	0	0	30	0.02	1.0	admixture	cqshmm_ex_ancestral	N125	025	Cuculiformes	Charadriiformes
1470	0	30	0	0.02	1.0	admixture	cqshmm_derived	N125	025	Cuculiformes	Charadriiformes
1470	0	0	30	0.02	1.0	admixture	pbphmm_ex_ancestral	N125	025	Cuculiformes	Charadriiformes
1470	0	7	23	0.02	1.0	admixture	cqshmm_ancestral	N125	025	Cuculiformes	Charadriiformes
1470	0	30	0	0.02	1.0	admixture	gqshmm_ex	N125	025	Cuculiformes	Charadriiformes
1470	0	0	30	0.02	1.0	admixture	pbphmm_ex_derived	N125	025	Cuculiformes	Charadriiformes
1470	0	30	0	0.02	1.0	admixture	mlthmm_derived	N125	025	Cuculiformes	Charadriiformes
1255	20	210	15	0.15	1.0	admixture	dtohmm_ancestral	Coraciiformes	025	Bucerotiformes	Piciformes
1247	28	2	223	0.15	1.0	admixture	pbphmm_derived	Coraciiformes	025	Bucerotiformes	Piciformes
722	553	84	141	0.15	1.0	admixture	pbphmm_ancestral	Coraciiformes	025	Bucerotiformes	Piciformes
1007	268	152	73	0.15	1.0	admixture	gqshmm_ex_derived	Coraciiformes	025	Bucerotiformes	Piciformes
1108	167	199	26	0.15	1.0	admixture	gqshmm_ancestral	Coraciiformes	025	Bucerotiformes	Piciformes
1206	69	170	55	0.15	1.0	admixture	gqshmm_derived	Coraciiformes	025	Bucerotiformes	Piciformes
1170	105	187	38	0.15	1.0	admixture	cqshmm_ex_derived	Coraciiformes	025	Bucerotiformes	Piciformes
1275	0	213	12	0.15	1.0	admixture	bcbhmm_derived	Coraciiformes	025	Bucerotiformes	Piciformes
971	304	123	102	0.15	1.0	admixture	mlthmm_ex_derived	Coraciiformes	025	Bucerotiformes	Piciformes
1255	20	225	0	0.15	1.0	admixture	mlthmm_ancestral	Coraciiformes	025	Bucerotiformes	Piciformes
964	311	189	36	0.15	1.0	admixture	dtohmm_ex_ancestral	Coraciiformes	025	Bucerotiformes	Piciformes
1219	56	214	11	0.15	1.0	admixture	bcbhmm_ex_ancestral	Coraciiformes	025	Bucerotiformes	Piciformes
1045	230	178	47	0.15	1.0	admixture	mlthmm_ex_ancestral	Coraciiformes	025	Bucerotiformes	Piciformes
1201	74	196	29	0.15	1.0	admixture	bcbhmm_ex_derived	Coraciiformes	025	Bucerotiformes	Piciformes
1010	265	145	80	0.15	1.0	admixture	dtohmm_ex_derived	Coraciiformes	025	Bucerotiformes	Piciformes
1234	41	208	17	0.15	1.0	admixture	gqshmm_ex_ancestral	Coraciiformes	025	Bucerotiformes	Piciformes
1241	34	0	225	0.15	1.0	admixture	dtohmm_derived	Coraciiformes	025	Bucerotiformes	Piciformes
1265	10	220	5	0.15	1.0	admixture	bcbhmm_ancestral	Coraciiformes	025	Bucerotiformes	Piciformes
1037	238	178	47	0.15	1.0	admixture	cqshmm_ex_ancestral	Coraciiformes	025	Bucerotiformes	Piciformes
1228	47	16	209	0.15	1.0	admixture	cqshmm_derived	Coraciiformes	025	Bucerotiformes	Piciformes
688	587	130	95	0.15	1.0	admixture	pbphmm_ex_ancestral	Coraciiformes	025	Bucerotiformes	Piciformes
1232	43	216	9	0.15	1.0	admixture	cqshmm_ancestral	Coraciiformes	025	Bucerotiformes	Piciformes
1007	268	153	72	0.15	1.0	admixture	gqshmm_ex	Coraciiformes	025	Bucerotiformes	Piciformes
716	559	105	120	0.15	1.0	admixture	pbphmm_ex_derived	Coraciiformes	025	Bucerotiformes	Piciformes
1261	14	0	225	0.15	1.0	admixture	mlthmm_derived	Coraciiformes	025	Bucerotiformes	Piciformes
660	615	117	108	0.15	1.0	admixture	dtohmm_ancestral	Columbiformes	025	Mesitornisunicolor	N93
1275	0	225	0	0.15	1.0	admixture	pbphmm_derived	Columbiformes	025	Mesitornisunicolor	N93
1275	0	221	4	0.15	1.0	admixture	pbphmm_ancestral	Columbiformes	025	Mesitornisunicolor	N93
769	506	181	44	0.15	1.0	admixture	gqshmm_ex_derived	Columbiformes	025	Mesitornisunicolor	N93
1263	12	221	4	0.15	1.0	admixture	gqshmm_ancestral	Columbiformes	025	Mesitornisunicolor	N93
1275	0	225	0	0.15	1.0	admixture	gqshmm_derived	Columbiformes	025	Mesitornisunicolor	N93
842	433	157	68	0.15	1.0	admixture	cqshmm_ex_derived	Columbiformes	025	Mesitornisunicolor	N93
1275	0	225	0	0.15	1.0	admixture	bcbhmm_derived	Columbiformes	025	Mesitornisunicolor	N93
773	502	127	98	0.15	1.0	admixture	mlthmm_ex_derived	Columbiformes	025	Mesitornisunicolor	N93
1273	2	225	0	0.15	1.0	admixture	mlthmm_ancestral	Columbiformes	025	Mesitornisunicolor	N93
856	419	127	98	0.15	1.0	admixture	dtohmm_ex_ancestral	Columbiformes	025	Mesitornisunicolor	N93
746	529	144	81	0.15	1.0	admixture	bcbhmm_ex_ancestral	Columbiformes	025	Mesitornisunicolor	N93
864	411	156	69	0.15	1.0	admixture	mlthmm_ex_ancestral	Columbiformes	025	Mesitornisunicolor	N93
842	433	157	68	0.15	1.0	admixture	bcbhmm_ex_derived	Columbiformes	025	Mesitornisunicolor	N93
844	431	157	68	0.15	1.0	admixture	dtohmm_ex_derived	Columbiformes	025	Mesitornisunicolor	N93
1275	0	225	0	0.15	1.0	admixture	gqshmm_ex_ancestral	Columbiformes	025	Mesitornisunicolor	N93
1275	0	225	0	0.15	1.0	admixture	dtohmm_derived	Columbiformes	025	Mesitornisunicolor	N93
1126	149	206	19	0.15	1.0	admixture	bcbhmm_ancestral	Columbiformes	025	Mesitornisunicolor	N93
719	556	82	143	0.15	1.0	admixture	cqshmm_ex_ancestral	Columbiformes	025	Mesitornisunicolor	N93
1275	0	225	0	0.15	1.0	admixture	cqshmm_derived	Columbiformes	025	Mesitornisunicolor	N93
948	327	167	58	0.15	1.0	admixture	pbphmm_ex_ancestral	Columbiformes	025	Mesitornisunicolor	N93
866	409	194	31	0.15	1.0	admixture	cqshmm_ancestral	Columbiformes	025	Mesitornisunicolor	N93
769	506	181	44	0.15	1.0	admixture	gqshmm_ex	Columbiformes	025	Mesitornisunicolor	N93
790	485	139	86	0.15	1.0	admixture	pbphmm_ex_derived	Columbiformes	025	Mesitornisunicolor	N93
1275	0	225	0	0.15	1.0	admixture	mlthmm_derived	Columbiformes	025	Mesitornisunicolor	N93
1050	75	265	110	0.25	1.0	admixture	dtohmm_ancestral	N546	050	N532	N567
838	287	367	8	0.25	1.0	admixture	pbphmm_derived	N546	050	N532	N567
1080	45	12	363	0.25	1.0	admixture	pbphmm_ancestral	N546	050	N532	N567
934	191	338	37	0.25	1.0	admixture	gqshmm_ex_derived	N546	050	N532	N567
978	147	327	48	0.25	1.0	admixture	gqshmm_ancestral	N546	050	N532	N567
660	465	141	234	0.25	1.0	admixture	gqshmm_derived	N546	050	N532	N567
966	159	17	358	0.25	1.0	admixture	cqshmm_ex_derived	N546	050	N532	N567
1043	82	0	375	0.25	1.0	admixture	bcbhmm_derived	N546	050	N532	N567
558	567	257	118	0.25	1.0	admixture	mlthmm_ex_derived	N546	050	N532	N567
1105	20	365	10	0.25	1.0	admixture	mlthmm_ancestral	N546	050	N532	N567
986	139	329	46	0.25	1.0	admixture	dtohmm_ex_ancestral	N546	050	N532	N567
1011	114	341	34	0.25	1.0	admixture	bcbhmm_ex_ancestral	N546	050	N532	N567
965	160	313	62	0.25	1.0	admixture	mlthmm_ex_ancestral	N546	050	N532	N567
737	388	262	113	0.25	1.0	admixture	bcbhmm_ex_derived	N546	050	N532	N567
1124	1	0	375	0.25	1.0	admixture	dtohmm_ex_derived	N546	050	N532	N567
1125	0	375	0	0.25	1.0	admixture	gqshmm_ex_ancestral	N546	050	N532	N567
1125	0	25	350	0.25	1.0	admixture	dtohmm_derived	N546	050	N532	N567
1112	13	363	12	0.25	1.0	admixture	bcbhmm_ancestral	N546	050	N532	N567
916	209	191	184	0.25	1.0	admixture	cqshmm_ex_ancestral	N546	050	N532	N567
1119	6	0	375	0.25	1.0	admixture	cqshmm_derived	N546	050	N532	N567
831	294	43	332	0.25	1.0	admixture	pbphmm_ex_ancestral	N546	050	N532	N567
976	149	141	234	0.25	1.0	admixture	cqshmm_ancestral	N546	050	N532	N567
934	191	338	37	0.25	1.0	admixture	gqshmm_ex	N546	050	N532	N567
1125	0	0	375	0.25	1.0	admixture	pbphmm_ex_derived	N546	050	N532	N567
1125	0	54	321	0.25	1.0	admixture	mlthmm_derived	N546	050	N532	N567
1200	0	63	237	0.2	1.0	admixture	dtohmm_ancestral	N125	050	Cuculiformes	Charadriiformes
1200	0	300	0	0.2	1.0	admixture	pbphmm_derived	N125	050	Cuculiformes	Charadriiformes
1194	6	1	299	0.2	1.0	admixture	pbphmm_ancestral	N125	050	Cuculiformes	Charadriiformes
1200	0	300	0	0.2	1.0	admixture	gqshmm_ex_derived	N125	050	Cuculiformes	Charadriiformes
1200	0	300	0	0.2	1.0	admixture	gqshmm_ancestral	N125	050	Cuculiformes	Charadriiformes
1197	3	300	0	0.2	1.0	admixture	gqshmm_derived	N125	050	Cuculiformes	Charadriiformes
1195	5	299	1	0.2	1.0	admixture	cqshmm_ex_derived	N125	050	Cuculiformes	Charadriiformes
1200	0	300	0	0.2	1.0	admixture	bcbhmm_derived	N125	050	Cuculiformes	Charadriiformes
1200	0	0	300	0.2	1.0	admixture	mlthmm_ex_derived	N125	050	Cuculiformes	Charadriiformes
1200	0	300	0	0.2	1.0	admixture	mlthmm_ancestral	N125	050	Cuculiformes	Charadriiformes
1200	0	4	296	0.2	1.0	admixture	dtohmm_ex_ancestral	N125	050	Cuculiformes	Charadriiformes
1200	0	4	296	0.2	1.0	admixture	bcbhmm_ex_ancestral	N125	050	Cuculiformes	Charadriiformes
1200	0	4	296	0.2	1.0	admixture	mlthmm_ex_ancestral	N125	050	Cuculiformes	Charadriiformes
1200	0	0	300	0.2	1.0	admixture	bcbhmm_ex_derived	N125	050	Cuculiformes	Charadriiformes
1200	0	4	296	0.2	1.0	admixture	dtohmm_ex_derived	N125	050	Cuculiformes	Charadriiformes
946	254	2	298	0.2	1.0	admixture	gqshmm_ex_ancestral	N125	050	Cuculiformes	Charadriiformes
1200	0	300	0	0.2	1.0	admixture	dtohmm_derived	N125	050	Cuculiformes	Charadriiformes
1200	0	300	0	0.2	1.0	admixture	bcbhmm_ancestral	N125	050	Cuculiformes	Charadriiformes
1200	0	0	300	0.2	1.0	admixture	cqshmm_ex_ancestral	N125	050	Cuculiformes	Charadriiformes
1200	0	300	0	0.2	1.0	admixture	cqshmm_derived	N125	050	Cuculiformes	Charadriiformes
1200	0	0	300	0.2	1.0	admixture	pbphmm_ex_ancestral	N125	050	Cuculiformes	Charadriiformes
1194	6	1	299	0.2	1.0	admixture	cqshmm_ancestral	N125	050	Cuculiformes	Charadriiformes
1200	0	300	0	0.2	1.0	admixture	gqshmm_ex	N125	050	Cuculiformes	Charadriiformes
1200	0	0	300	0.2	1.0	admixture	pbphmm_ex_derived	N125	050	Cuculiformes	Charadriiformes
1200	0	300	0	0.2	1.0	admixture	mlthmm_derived	N125	050	Cuculiformes	Charadriiformes
1025	100	355	20	0.25	1.0	admixture	dtohmm_ancestral	N251	025	N269	N242
1124	1	375	0	0.25	1.0	admixture	pbphmm_derived	N251	025	N269	N242
832	293	269	106	0.25	1.0	admixture	pbphmm_ancestral	N251	025	N269	N242
582	543	200	175	0.25	1.0	admixture	gqshmm_ex_derived	N251	025	N269	N242
870	255	281	94	0.25	1.0	admixture	gqshmm_ancestral	N251	025	N269	N242
696	429	239	136	0.25	1.0	admixture	gqshmm_derived	N251	025	N269	N242
600	525	210	165	0.25	1.0	admixture	cqshmm_ex_derived	N251	025	N269	N242
768	357	247	128	0.25	1.0	admixture	bcbhmm_derived	N251	025	N269	N242
623	502	202	173	0.25	1.0	admixture	mlthmm_ex_derived	N251	025	N269	N242
998	127	344	31	0.25	1.0	admixture	mlthmm_ancestral	N251	025	N269	N242
773	352	255	120	0.25	1.0	admixture	dtohmm_ex_ancestral	N251	025	N269	N242
676	449	242	133	0.25	1.0	admixture	bcbhmm_ex_ancestral	N251	025	N269	N242
589	536	207	168	0.25	1.0	admixture	mlthmm_ex_ancestral	N251	025	N269	N242
773	352	247	128	0.25	1.0	admixture	bcbhmm_ex_derived	N251	025	N269	N242
580	545	172	203	0.25	1.0	admixture	dtohmm_ex_derived	N251	025	N269	N242
1103	22	374	1	0.25	1.0	admixture	gqshmm_ex_ancestral	N251	025	N269	N242
1124	1	375	0	0.25	1.0	admixture	dtohmm_derived	N251	025	N269	N242
1120	5	375	0	0.25	1.0	admixture	bcbhmm_ancestral	N251	025	N269	N242
576	549	203	172	0.25	1.0	admixture	cqshmm_ex_ancestral	N251	025	N269	N242
921	204	306	69	0.25	1.0	admixture	cqshmm_derived	N251	025	N269	N242
872	253	310	65	0.25	1.0	admixture	pbphmm_ex_ancestral	N251	025	N269	N242
1095	30	367	8	0.25	1.0	admixture	cqshmm_ancestral	N251	025	N269	N242
582	543	200	175	0.25	1.0	admixture	gqshmm_ex	N251	025	N269	N242
1029	96	344	31	0.25	1.0	admixture	pbphmm_ex_derived	N251	025	N269	N242
706	419	239	136	0.25	1.0	admixture	mlthmm_derived	N251	025	N269	N242
1038	432	22	8	0.02	1.0	admixture	dtohmm_ancestral	Coraciiformes	050	N220	N202
1380	90	17	13	0.02	1.0	admixture	pbphmm_derived	Coraciiformes	050	N220	N202
1412	58	30	0	0.02	1.0	admixture	pbphmm_ancestral	Coraciiformes	050	N220	N202
1166	304	26	4	0.02	1.0	admixture	gqshmm_ex_derived	Coraciiformes	050	N220	N202
1066	404	18	12	0.02	1.0	admixture	gqshmm_ancestral	Coraciiformes	050	N220	N202
1389	81	24	6	0.02	1.0	admixture	gqshmm_derived	Coraciiformes	050	N220	N202
1121	349	24	6	0.02	1.0	admixture	cqshmm_ex_derived	Coraciiformes	050	N220	N202
1470	0	30	0	0.02	1.0	admixture	bcbhmm_derived	Coraciiformes	050	N220	N202
947	523	15	15	0.02	1.0	admixture	mlthmm_ex_derived	Coraciiformes	050	N220	N202
949	521	21	9	0.02	1.0	admixture	mlthmm_ancestral	Coraciiformes	050	N220	N202
848	622	16	14	0.02	1.0	admixture	dtohmm_ex_ancestral	Coraciiformes	050	N220	N202
953	517	20	10	0.02	1.0	admixture	bcbhmm_ex_ancestral	Coraciiformes	050	N220	N202
954	516	20	10	0.02	1.0	admixture	mlthmm_ex_ancestral	Coraciiformes	050	N220	N202
1346	124	30	0	0.02	1.0	admixture	bcbhmm_ex_derived	Coraciiformes	050	N220	N202
1228	242	25	5	0.02	1.0	admixture	dtohmm_ex_derived	Coraciiformes	050	N220	N202
992	478	15	15	0.02	1.0	admixture	gqshmm_ex_ancestral	Coraciiformes	050	N220	N202
1460	10	17	13	0.02	1.0	admixture	dtohmm_derived	Coraciiformes	050	N220	N202
976	494	15	15	0.02	1.0	admixture	bcbhmm_ancestral	Coraciiformes	050	N220	N202
846	624	16	14	0.02	1.0	admixture	cqshmm_ex_ancestral	Coraciiformes	050	N220	N202
1429	41	17	13	0.02	1.0	admixture	cqshmm_derived	Coraciiformes	050	N220	N202
1449	21	30	0	0.02	1.0	admixture	pbphmm_ex_ancestral	Coraciiformes	050	N220	N202
800	670	26	4	0.02	1.0	admixture	cqshmm_ancestral	Coraciiformes	050	N220	N202
1166	304	26	4	0.02	1.0	admixture	gqshmm_ex	Coraciiformes	050	N220	N202
1239	231	27	3	0.02	1.0	admixture	pbphmm_ex_derived	Coraciiformes	050	N220	N202
1466	4	17	13	0.02	1.0	admixture	mlthmm_derived	Coraciiformes	050	N220	N202
793	407	198	102	0.2	1.0	admixture	dtohmm_ancestral	Falconiformes	025	Accipitriformes	N717
1200	0	300	0	0.2	1.0	admixture	pbphmm_derived	Falconiformes	025	Accipitriformes	N717
1079	121	286	14	0.2	1.0	admixture	pbphmm_ancestral	Falconiformes	025	Accipitriformes	N717
1198	2	300	0	0.2	1.0	admixture	gqshmm_ex_derived	Falconiformes	025	Accipitriformes	N717
694	506	153	147	0.2	1.0	admixture	gqshmm_ancestral	Falconiformes	025	Accipitriformes	N717
1200	0	300	0	0.2	1.0	admixture	gqshmm_derived	Falconiformes	025	Accipitriformes	N717
758	442	203	97	0.2	1.0	admixture	cqshmm_ex_derived	Falconiformes	025	Accipitriformes	N717
1200	0	300	0	0.2	1.0	admixture	bcbhmm_derived	Falconiformes	025	Accipitriformes	N717
836	364	218	82	0.2	1.0	admixture	mlthmm_ex_derived	Falconiformes	025	Accipitriformes	N717
984	216	233	67	0.2	1.0	admixture	mlthmm_ancestral	Falconiformes	025	Accipitriformes	N717
810	390	195	105	0.2	1.0	admixture	dtohmm_ex_ancestral	Falconiformes	025	Accipitriformes	N717
852	348	205	95	0.2	1.0	admixture	bcbhmm_ex_ancestral	Falconiformes	025	Accipitriformes	N717
851	349	204	96	0.2	1.0	admixture	mlthmm_ex_ancestral	Falconiformes	025	Accipitriformes	N717
614	586	166	134	0.2	1.0	admixture	bcbhmm_ex_derived	Falconiformes	025	Accipitriformes	N717
645	555	178	122	0.2	1.0	admixture	dtohmm_ex_derived	Falconiformes	025	Accipitriformes	N717
1200	0	300	0	0.2	1.0	admixture	gqshmm_ex_ancestral	Falconiformes	025	Accipitriformes	N717
1200	0	300	0	0.2	1.0	admixture	dtohmm_derived	Falconiformes	025	Accipitriformes	N717
884	316	218	82	0.2	1.0	admixture	bcbhmm_ancestral	Falconiformes	025	Accipitriformes	N717
676	524	166	134	0.2	1.0	admixture	cqshmm_ex_ancestral	Falconiformes	025	Accipitriformes	N717
1200	0	300	0	0.2	1.0	admixture	cqshmm_derived	Falconiformes	025	Accipitriformes	N717
1154	46	294	6	0.2	1.0	admixture	pbphmm_ex_ancestral	Falconiformes	025	Accipitriformes	N717
611	589	147	153	0.2	1.0	admixture	cqshmm_ancestral	Falconiformes	025	Accipitriformes	N717
1198	2	300	0	0.2	1.0	admixture	gqshmm_ex	Falconiformes	025	Accipitriformes	N717
1151	49	294	6	0.2	1.0	admixture	pbphmm_ex_derived	Falconiformes	025	Accipitriformes	N717
1200	0	300	0	0.2	1.0	admixture	mlthmm_derived	Falconiformes	025	Accipitriformes	N717
1095	30	361	14	0.25	1.0	admixture	dtohmm_ancestral	Musophagiformes	050	N83	N118
1125	0	375	0	0.25	1.0	admixture	pbphmm_derived	Musophagiformes	050	N83	N118
1111	14	370	5	0.25	1.0	admixture	pbphmm_ancestral	Musophagiformes	050	N83	N118
1103	22	371	4	0.25	1.0	admixture	gqshmm_ex_derived	Musophagiformes	050	N83	N118
583	542	195	180	0.25	1.0	admixture	gqshmm_ancestral	Musophagiformes	050	N83	N118
1125	0	375	0	0.25	1.0	admixture	gqshmm_derived	Musophagiformes	050	N83	N118
748	377	253	122	0.25	1.0	admixture	cqshmm_ex_derived	Musophagiformes	050	N83	N118
1125	0	375	0	0.25	1.0	admixture	bcbhmm_derived	Musophagiformes	050	N83	N118
741	384	250	125	0.25	1.0	admixture	mlthmm_ex_derived	Musophagiformes	050	N83	N118
1124	1	375	0	0.25	1.0	admixture	mlthmm_ancestral	Musophagiformes	050	N83	N118
749	376	256	119	0.25	1.0	admixture	dtohmm_ex_ancestral	Musophagiformes	050	N83	N118
661	464	224	151	0.25	1.0	admixture	bcbhmm_ex_ancestral	Musophagiformes	050	N83	N118
731	394	231	144	0.25	1.0	admixture	mlthmm_ex_ancestral	Musophagiformes	050	N83	N118
776	349	259	116	0.25	1.0	admixture	bcbhmm_ex_derived	Musophagiformes	050	N83	N118
768	357	257	118	0.25	1.0	admixture	dtohmm_ex_derived	Musophagiformes	050	N83	N118
1120	5	370	5	0.25	1.0	admixture	gqshmm_ex_ancestral	Musophagiformes	050	N83	N118
1125	0	375	0	0.25	1.0	admixture	dtohmm_derived	Musophagiformes	050	N83	N118
764	361	256	119	0.25	1.0	admixture	bcbhmm_ancestral	Musophagiformes	050	N83	N118
625	500	206	169	0.25	1.0	admixture	cqshmm_ex_ancestral	Musophagiformes	050	N83	N118
1125	0	375	0	0.25	1.0	admixture	cqshmm_derived	Musophagiformes	050	N83	N118
1101	24	365	10	0.25	1.0	admixture	pbphmm_ex_ancestral	Musophagiformes	050	N83	N118
786	339	263	112	0.25	1.0	admixture	cqshmm_ancestral	Musophagiformes	050	N83	N118
1103	22	371	4	0.25	1.0	admixture	gqshmm_ex	Musophagiformes	050	N83	N118
1025	100	346	29	0.25	1.0	admixture	pbphmm_ex_derived	Musophagiformes	050	N83	N118
1125	0	375	0	0.25	1.0	admixture	mlthmm_derived	Musophagiformes	050	N83	N118
858	567	68	7	0.05	1.0	admixture	dtohmm_ancestral	Columbiformes	050	Mesitornisunicolor	N93
1425	0	75	0	0.05	1.0	admixture	pbphmm_derived	Columbiformes	050	Mesitornisunicolor	N93
1425	0	12	63	0.05	1.0	admixture	pbphmm_ancestral	Columbiformes	050	Mesitornisunicolor	N93
859	566	61	14	0.05	1.0	admixture	gqshmm_ex_derived	Columbiformes	050	Mesitornisunicolor	N93
1412	13	75	0	0.05	1.0	admixture	gqshmm_ancestral	Columbiformes	050	Mesitornisunicolor	N93
1425	0	75	0	0.05	1.0	admixture	gqshmm_derived	Columbiformes	050	Mesitornisunicolor	N93
975	450	46	29	0.05	1.0	admixture	cqshmm_ex_derived	Columbiformes	050	Mesitornisunicolor	N93
1425	0	75	0	0.05	1.0	admixture	bcbhmm_derived	Columbiformes	050	Mesitornisunicolor	N93
827	598	23	52	0.05	1.0	admixture	mlthmm_ex_derived	Columbiformes	050	Mesitornisunicolor	N93
1151	274	56	19	0.05	1.0	admixture	mlthmm_ancestral	Columbiformes	050	Mesitornisunicolor	N93
886	539	35	40	0.05	1.0	admixture	dtohmm_ex_ancestral	Columbiformes	050	Mesitornisunicolor	N93
832	593	60	15	0.05	1.0	admixture	bcbhmm_ex_ancestral	Columbiformes	050	Mesitornisunicolor	N93
956	469	62	13	0.05	1.0	admixture	mlthmm_ex_ancestral	Columbiformes	050	Mesitornisunicolor	N93
781	644	61	14	0.05	1.0	admixture	bcbhmm_ex_derived	Columbiformes	050	Mesitornisunicolor	N93
952	473	56	19	0.05	1.0	admixture	dtohmm_ex_derived	Columbiformes	050	Mesitornisunicolor	N93
1425	0	75	0	0.05	1.0	admixture	gqshmm_ex_ancestral	Columbiformes	050	Mesitornisunicolor	N93
1425	0	75	0	0.05	1.0	admixture	dtohmm_derived	Columbiformes	050	Mesitornisunicolor	N93
1256	169	69	6	0.05	1.0	admixture	bcbhmm_ancestral	Columbiformes	050	Mesitornisunicolor	N93
841	584	27	48	0.05	1.0	admixture	cqshmm_ex_ancestral	Columbiformes	050	Mesitornisunicolor	N93
1425	0	75	0	0.05	1.0	admixture	cqshmm_derived	Columbiformes	050	Mesitornisunicolor	N93
1054	371	48	27	0.05	1.0	admixture	pbphmm_ex_ancestral	Columbiformes	050	Mesitornisunicolor	N93
736	689	39	36	0.05	1.0	admixture	cqshmm_ancestral	Columbiformes	050	Mesitornisunicolor	N93
859	566	61	14	0.05	1.0	admixture	gqshmm_ex	Columbiformes	050	Mesitornisunicolor	N93
883	542	47	28	0.05	1.0	admixture	pbphmm_ex_derived	Columbiformes	050	Mesitornisunicolor	N93
1425	0	75	0	0.05	1.0	admixture	mlthmm_derived	Columbiformes	050	Mesitornisunicolor	N93
1305	165	21	9	0.02	1.0	admixture	dtohmm_ancestral	N251	050	N269	N242
1469	1	30	0	0.02	1.0	admixture	pbphmm_derived	N251	050	N269	N242
1467	3	30	0	0.02	1.0	admixture	pbphmm_ancestral	N251	050	N269	N242
944	526	26	4	0.02	1.0	admixture	gqshmm_ex_derived	N251	050	N269	N242
1123	347	16	14	0.02	1.0	admixture	gqshmm_ancestral	N251	050	N269	N242
912	558	12	18	0.02	1.0	admixture	gqshmm_derived	N251	050	N269	N242
1241	229	21	9	0.02	1.0	admixture	cqshmm_ex_derived	N251	050	N269	N242
1095	375	18	12	0.02	1.0	admixture	bcbhmm_derived	N251	050	N269	N242
1010	460	22	8	0.02	1.0	admixture	mlthmm_ex_derived	N251	050	N269	N242
1291	179	24	6	0.02	1.0	admixture	mlthmm_ancestral	N251	050	N269	N242
896	574	15	15	0.02	1.0	admixture	dtohmm_ex_ancestral	N251	050	N269	N242
964	506	19	11	0.02	1.0	admixture	bcbhmm_ex_ancestral	N251	050	N269	N242
768	702	21	9	0.02	1.0	admixture	mlthmm_ex_ancestral	N251	050	N269	N242
924	546	12	18	0.02	1.0	admixture	bcbhmm_ex_derived	N251	050	N269	N242
775	695	11	19	0.02	1.0	admixture	dtohmm_ex_derived	N251	050	N269	N242
1435	35	30	0	0.02	1.0	admixture	gqshmm_ex_ancestral	N251	050	N269	N242
1469	1	30	0	0.02	1.0	admixture	dtohmm_derived	N251	050	N269	N242
1465	5	30	0	0.02	1.0	admixture	bcbhmm_ancestral	N251	050	N269	N242
836	634	12	18	0.02	1.0	admixture	cqshmm_ex_ancestral	N251	050	N269	N242
833	637	3	27	0.02	1.0	admixture	cqshmm_derived	N251	050	N269	N242
1131	339	27	3	0.02	1.0	admixture	pbphmm_ex_ancestral	N251	050	N269	N242
1343	127	23	7	0.02	1.0	admixture	cqshmm_ancestral	N251	050	N269	N242
944	526	26	4	0.02	1.0	admixture	gqshmm_ex	N251	050	N269	N242
1109	361	21	9	0.02	1.0	admixture	pbphmm_ex_derived	N251	050	N269	N242
981	489	15	15	0.02	1.0	admixture	mlthmm_derived	N251	050	N269	N242
976	374	109	41	0.1	1.0	admixture	dtohmm_ancestral	Coraciiformes	025	N220	N202
1338	12	148	2	0.1	1.0	admixture	pbphmm_derived	Coraciiformes	025	N220	N202
1350	0	150	0	0.1	1.0	admixture	pbphmm_ancestral	Coraciiformes	025	N220	N202
1081	269	119	31	0.1	1.0	admixture	gqshmm_ex_derived	Coraciiformes	025	N220	N202
982	368	112	38	0.1	1.0	admixture	gqshmm_ancestral	Coraciiformes	025	N220	N202
1277	73	138	12	0.1	1.0	admixture	gqshmm_derived	Coraciiformes	025	N220	N202
1249	101	132	18	0.1	1.0	admixture	cqshmm_ex_derived	Coraciiformes	025	N220	N202
1350	0	150	0	0.1	1.0	admixture	bcbhmm_derived	Coraciiformes	025	N220	N202
880	470	110	40	0.1	1.0	admixture	mlthmm_ex_derived	Coraciiformes	025	N220	N202
972	378	110	40	0.1	1.0	admixture	mlthmm_ancestral	Coraciiformes	025	N220	N202
783	567	82	68	0.1	1.0	admixture	dtohmm_ex_ancestral	Coraciiformes	025	N220	N202
881	469	92	58	0.1	1.0	admixture	bcbhmm_ex_ancestral	Coraciiformes	025	N220	N202
882	468	93	57	0.1	1.0	admixture	mlthmm_ex_ancestral	Coraciiformes	025	N220	N202
1164	186	135	15	0.1	1.0	admixture	bcbhmm_ex_derived	Coraciiformes	025	N220	N202
1283	67	144	6	0.1	1.0	admixture	dtohmm_ex_derived	Coraciiformes	025	N220	N202
700	650	66	84	0.1	1.0	admixture	gqshmm_ex_ancestral	Coraciiformes	025	N220	N202
1324	26	146	4	0.1	1.0	admixture	dtohmm_derived	Coraciiformes	025	N220	N202
1279	71	144	6	0.1	1.0	admixture	bcbhmm_ancestral	Coraciiformes	025	N220	N202
870	480	92	58	0.1	1.0	admixture	cqshmm_ex_ancestral	Coraciiformes	025	N220	N202
1315	35	147	3	0.1	1.0	admixture	cqshmm_derived	Coraciiformes	025	N220	N202
1324	26	148	2	0.1	1.0	admixture	pbphmm_ex_ancestral	Coraciiformes	025	N220	N202
756	594	82	68	0.1	1.0	admixture	cqshmm_ancestral	Coraciiformes	025	N220	N202
1081	269	119	31	0.1	1.0	admixture	gqshmm_ex	Coraciiformes	025	N220	N202
1149	201	128	22	0.1	1.0	admixture	pbphmm_ex_derived	Coraciiformes	025	N220	N202
1350	0	150	0	0.1	1.0	admixture	mlthmm_derived	Coraciiformes	025	N220	N202
843	582	0	75	0.05	1.0	admixture	dtohmm_ancestral	N546	050	N532	N567
1350	75	23	52	0.05	1.0	admixture	pbphmm_derived	N546	050	N532	N567
834	591	75	0	0.05	1.0	admixture	pbphmm_ancestral	N546	050	N532	N567
1186	239	64	11	0.05	1.0	admixture	gqshmm_ex_derived	N546	050	N532	N567
1234	191	68	7	0.05	1.0	admixture	gqshmm_ancestral	N546	050	N532	N567
831	594	25	50	0.05	1.0	admixture	gqshmm_derived	N546	050	N532	N567
828	597	44	31	0.05	1.0	admixture	cqshmm_ex_derived	N546	050	N532	N567
1152	273	16	59	0.05	1.0	admixture	bcbhmm_derived	N546	050	N532	N567
858	567	59	16	0.05	1.0	admixture	mlthmm_ex_derived	N546	050	N532	N567
1377	48	75	0	0.05	1.0	admixture	mlthmm_ancestral	N546	050	N532	N567
1242	183	66	9	0.05	1.0	admixture	dtohmm_ex_ancestral	N546	050	N532	N567
1362	63	68	7	0.05	1.0	admixture	bcbhmm_ex_ancestral	N546	050	N532	N567
1221	204	63	12	0.05	1.0	admixture	mlthmm_ex_ancestral	N546	050	N532	N567
812	613	44	31	0.05	1.0	admixture	bcbhmm_ex_derived	N546	050	N532	N567
732	693	23	52	0.05	1.0	admixture	dtohmm_ex_derived	N546	050	N532	N567
1425	0	75	0	0.05	1.0	admixture	gqshmm_ex_ancestral	N546	050	N532	N567
1379	46	44	31	0.05	1.0	admixture	dtohmm_derived	N546	050	N532	N567
1422	3	75	0	0.05	1.0	admixture	bcbhmm_ancestral	N546	050	N532	N567
1110	315	41	34	0.05	1.0	admixture	cqshmm_ex_ancestral	N546	050	N532	N567
1338	87	0	75	0.05	1.0	admixture	cqshmm_derived	N546	050	N532	N567
977	448	22	53	0.05	1.0	admixture	pbphmm_ex_ancestral	N546	050	N532	N567
694	731	72	3	0.05	1.0	admixture	cqshmm_ancestral	N546	050	N532	N567
1186	239	64	11	0.05	1.0	admixture	gqshmm_ex	N546	050	N532	N567
1137	288	0	75	0.05	1.0	admixture	pbphmm_ex_derived	N546	050	N532	N567
1353	72	54	21	0.05	1.0	admixture	mlthmm_derived	N546	050	N532	N567
606	519	202	173	0.25	1.0	admixture	dtohmm_ancestral	Columbiformes	025	Mesitornisunicolor	N93
1125	0	375	0	0.25	1.0	admixture	pbphmm_derived	Columbiformes	025	Mesitornisunicolor	N93
1125	0	346	29	0.25	1.0	admixture	pbphmm_ancestral	Columbiformes	025	Mesitornisunicolor	N93
947	178	341	34	0.25	1.0	admixture	gqshmm_ex_derived	Columbiformes	025	Mesitornisunicolor	N93
1114	11	371	4	0.25	1.0	admixture	gqshmm_ancestral	Columbiformes	025	Mesitornisunicolor	N93
1125	0	375	0	0.25	1.0	admixture	gqshmm_derived	Columbiformes	025	Mesitornisunicolor	N93
695	430	174	201	0.25	1.0	admixture	cqshmm_ex_derived	Columbiformes	025	Mesitornisunicolor	N93
1125	0	375	0	0.25	1.0	admixture	bcbhmm_derived	Columbiformes	025	Mesitornisunicolor	N93
676	449	193	182	0.25	1.0	admixture	mlthmm_ex_derived	Columbiformes	025	Mesitornisunicolor	N93
1115	10	375	0	0.25	1.0	admixture	mlthmm_ancestral	Columbiformes	025	Mesitornisunicolor	N93
756	369	222	153	0.25	1.0	admixture	dtohmm_ex_ancestral	Columbiformes	025	Mesitornisunicolor	N93
658	467	238	137	0.25	1.0	admixture	bcbhmm_ex_ancestral	Columbiformes	025	Mesitornisunicolor	N93
760	365	257	118	0.25	1.0	admixture	mlthmm_ex_ancestral	Columbiformes	025	Mesitornisunicolor	N93
536	589	235	140	0.25	1.0	admixture	bcbhmm_ex_derived	Columbiformes	025	Mesitornisunicolor	N93
742	383	266	109	0.25	1.0	admixture	dtohmm_ex_derived	Columbiformes	025	Mesitornisunicolor	N93
1125	0	375	0	0.25	1.0	admixture	gqshmm_ex_ancestral	Columbiformes	025	Mesitornisunicolor	N93
1125	0	375	0	0.25	1.0	admixture	dtohmm_derived	Columbiformes	025	Mesitornisunicolor	N93
994	131	338	37	0.25	1.0	admixture	bcbhmm_ancestral	Columbiformes	025	Mesitornisunicolor	N93
724	401	170	205	0.25	1.0	admixture	cqshmm_ex_ancestral	Columbiformes	025	Mesitornisunicolor	N93
1125	0	375	0	0.25	1.0	admixture	cqshmm_derived	Columbiformes	025	Mesitornisunicolor	N93
847	278	282	93	0.25	1.0	admixture	pbphmm_ex_ancestral	Columbiformes	025	Mesitornisunicolor	N93
980	145	179	196	0.25	1.0	admixture	cqshmm_ancestral	Columbiformes	025	Mesitornisunicolor	N93
947	178	341	34	0.25	1.0	admixture	gqshmm_ex	Columbiformes	025	Mesitornisunicolor	N93
596	529	213	162	0.25	1.0	admixture	pbphmm_ex_derived	Columbiformes	025	Mesitornisunicolor	N93
1125	0	375	0	0.25	1.0	admixture	mlthmm_derived	Columbiformes	025	Mesitornisunicolor	N93
1089	111	218	82	0.2	1.0	admixture	dtohmm_ancestral	N689	025	N657	N672
686	514	145	155	0.2	1.0	admixture	pbphmm_derived	N689	025	N657	N672
625	575	157	143	0.2	1.0	admixture	pbphmm_ancestral	N689	025	N657	N672
676	524	179	121	0.2	1.0	admixture	gqshmm_ex_derived	N689	025	N657	N672
1167	33	283	17	0.2	1.0	admixture	gqshmm_ancestral	N689	025	N657	N672
895	305	200	100	0.2	1.0	admixture	gqshmm_derived	N689	025	N657	N672
800	400	178	122	0.2	1.0	admixture	cqshmm_ex_derived	N689	025	N657	N672
1151	49	293	7	0.2	1.0	admixture	bcbhmm_derived	N689	025	N657	N672
744	456	180	120	0.2	1.0	admixture	mlthmm_ex_derived	N689	025	N657	N672
1190	10	298	2	0.2	1.0	admixture	mlthmm_ancestral	N689	025	N657	N672
942	258	252	48	0.2	1.0	admixture	dtohmm_ex_ancestral	N689	025	N657	N672
1107	93	275	25	0.2	1.0	admixture	bcbhmm_ex_ancestral	N689	025	N657	N672
871	329	237	63	0.2	1.0	admixture	mlthmm_ex_ancestral	N689	025	N657	N672
815	385	210	90	0.2	1.0	admixture	bcbhmm_ex_derived	N689	025	N657	N672
699	501	172	128	0.2	1.0	admixture	dtohmm_ex_derived	N689	025	N657	N672
1200	0	300	0	0.2	1.0	admixture	gqshmm_ex_ancestral	N689	025	N657	N672
1026	174	247	53	0.2	1.0	admixture	dtohmm_derived	N689	025	N657	N672
1197	3	298	2	0.2	1.0	admixture	bcbhmm_ancestral	N689	025	N657	N672
822	378	187	113	0.2	1.0	admixture	cqshmm_ex_ancestral	N689	025	N657	N672
1012	188	218	82	0.2	1.0	admixture	cqshmm_derived	N689	025	N657	N672
804	396	75	225	0.2	1.0	admixture	pbphmm_ex_ancestral	N689	025	N657	N672
872	328	219	81	0.2	1.0	admixture	cqshmm_ancestral	N689	025	N657	N672
676	524	179	121	0.2	1.0	admixture	gqshmm_ex	N689	025	N657	N672
777	423	242	58	0.2	1.0	admixture	pbphmm_ex_derived	N689	025	N657	N672
722	478	169	131	0.2	1.0	admixture	mlthmm_derived	N689	025	N657	N672
997	128	340	35	0.25	1.0	admixture	dtohmm_ancestral	N689	050	N657	N672
561	564	218	157	0.25	1.0	admixture	pbphmm_derived	N689	050	N657	N672
601	524	191	184	0.25	1.0	admixture	pbphmm_ancestral	N689	050	N657	N672
755	370	257	118	0.25	1.0	admixture	gqshmm_ex_derived	N689	050	N657	N672
1092	33	355	20	0.25	1.0	admixture	gqshmm_ancestral	N689	050	N657	N672
824	301	267	108	0.25	1.0	admixture	gqshmm_derived	N689	050	N657	N672
782	343	257	118	0.25	1.0	admixture	cqshmm_ex_derived	N689	050	N657	N672
942	183	359	16	0.25	1.0	admixture	bcbhmm_derived	N689	050	N657	N672
672	453	217	158	0.25	1.0	admixture	mlthmm_ex_derived	N689	050	N657	N672
1110	15	373	2	0.25	1.0	admixture	mlthmm_ancestral	N689	050	N657	N672
1125	0	20	355	0.25	1.0	admixture	dtohmm_ex_ancestral	N689	050	N657	N672
1042	83	344	31	0.25	1.0	admixture	bcbhmm_ex_ancestral	N689	050	N657	N672
1109	16	256	119	0.25	1.0	admixture	mlthmm_ex_ancestral	N689	050	N657	N672
804	321	284	91	0.25	1.0	admixture	bcbhmm_ex_derived	N689	050	N657	N672
658	467	217	158	0.25	1.0	admixture	dtohmm_ex_derived	N689	050	N657	N672
1072	53	348	27	0.25	1.0	admixture	gqshmm_ex_ancestral	N689	050	N657	N672
908	217	288	87	0.25	1.0	admixture	dtohmm_derived	N689	050	N657	N672
1122	3	374	1	0.25	1.0	admixture	bcbhmm_ancestral	N689	050	N657	N672
784	341	118	257	0.25	1.0	admixture	cqshmm_ex_ancestral	N689	050	N657	N672
966	159	231	144	0.25	1.0	admixture	cqshmm_derived	N689	050	N657	N672
1124	1	0	375	0.25	1.0	admixture	pbphmm_ex_ancestral	N689	050	N657	N672
1125	0	67	308	0.25	1.0	admixture	cqshmm_ancestral	N689	050	N657	N672
755	370	257	118	0.25	1.0	admixture	gqshmm_ex	N689	050	N657	N672
554	571	248	127	0.25	1.0	admixture	pbphmm_ex_derived	N689	050	N657	N672
664	461	216	159	0.25	1.0	admixture	mlthmm_derived	N689	050	N657	N672
1250	175	67	8	0.05	1.0	admixture	dtohmm_ancestral	N689	025	N657	N672
796	629	42	33	0.05	1.0	admixture	pbphmm_derived	N689	025	N657	N672
744	681	36	39	0.05	1.0	admixture	pbphmm_ancestral	N689	025	N657	N672
853	572	43	32	0.05	1.0	admixture	gqshmm_ex_derived	N689	025	N657	N672
1384	41	72	3	0.05	1.0	admixture	gqshmm_ancestral	N689	025	N657	N672
1063	362	44	31	0.05	1.0	admixture	gqshmm_derived	N689	025	N657	N672
957	468	40	35	0.05	1.0	admixture	cqshmm_ex_derived	N689	025	N657	N672
1302	123	64	11	0.05	1.0	admixture	bcbhmm_derived	N689	025	N657	N672
868	557	38	37	0.05	1.0	admixture	mlthmm_ex_derived	N689	025	N657	N672
1219	206	70	5	0.05	1.0	admixture	mlthmm_ancestral	N689	025	N657	N672
999	426	51	24	0.05	1.0	admixture	dtohmm_ex_ancestral	N689	025	N657	N672
1291	134	71	4	0.05	1.0	admixture	bcbhmm_ex_ancestral	N689	025	N657	N672
1042	383	55	20	0.05	1.0	admixture	mlthmm_ex_ancestral	N689	025	N657	N672
1034	391	54	21	0.05	1.0	admixture	bcbhmm_ex_derived	N689	025	N657	N672
844	581	39	36	0.05	1.0	admixture	dtohmm_ex_derived	N689	025	N657	N672
1374	51	71	4	0.05	1.0	admixture	gqshmm_ex_ancestral	N689	025	N657	N672
1094	331	62	13	0.05	1.0	admixture	dtohmm_derived	N689	025	N657	N672
1378	47	75	0	0.05	1.0	admixture	bcbhmm_ancestral	N689	025	N657	N672
1029	396	46	29	0.05	1.0	admixture	cqshmm_ex_ancestral	N689	025	N657	N672
1115	310	66	9	0.05	1.0	admixture	cqshmm_derived	N689	025	N657	N672
763	662	6	69	0.05	1.0	admixture	pbphmm_ex_ancestral	N689	025	N657	N672
998	427	49	26	0.05	1.0	admixture	cqshmm_ancestral	N689	025	N657	N672
853	572	43	32	0.05	1.0	admixture	gqshmm_ex	N689	025	N657	N672
1107	318	66	9	0.05	1.0	admixture	pbphmm_ex_derived	N689	025	N657	N672
855	570	37	38	0.05	1.0	admixture	mlthmm_derived	N689	025	N657	N672
762	588	71	79	0.1	1.0	admixture	dtohmm_ancestral	Opisthocomushoazin	025	N275	N192
1350	0	150	0	0.1	1.0	admixture	pbphmm_derived	Opisthocomushoazin	025	N275	N192
1350	0	150	0	0.1	1.0	admixture	pbphmm_ancestral	Opisthocomushoazin	025	N275	N192
893	457	96	54	0.1	1.0	admixture	gqshmm_ex_derived	Opisthocomushoazin	025	N275	N192
721	629	74	76	0.1	1.0	admixture	gqshmm_ancestral	Opisthocomushoazin	025	N275	N192
869	481	102	48	0.1	1.0	admixture	gqshmm_derived	Opisthocomushoazin	025	N275	N192
1028	322	116	34	0.1	1.0	admixture	cqshmm_ex_derived	Opisthocomushoazin	025	N275	N192
811	539	85	65	0.1	1.0	admixture	bcbhmm_derived	Opisthocomushoazin	025	N275	N192
984	366	112	38	0.1	1.0	admixture	mlthmm_ex_derived	Opisthocomushoazin	025	N275	N192
718	632	82	68	0.1	1.0	admixture	mlthmm_ancestral	Opisthocomushoazin	025	N275	N192
773	577	90	60	0.1	1.0	admixture	dtohmm_ex_ancestral	Opisthocomushoazin	025	N275	N192
703	647	65	85	0.1	1.0	admixture	bcbhmm_ex_ancestral	Opisthocomushoazin	025	N275	N192
890	460	100	50	0.1	1.0	admixture	mlthmm_ex_ancestral	Opisthocomushoazin	025	N275	N192
1037	313	115	35	0.1	1.0	admixture	bcbhmm_ex_derived	Opisthocomushoazin	025	N275	N192
999	351	118	32	0.1	1.0	admixture	dtohmm_ex_derived	Opisthocomushoazin	025	N275	N192
1349	1	150	0	0.1	1.0	admixture	gqshmm_ex_ancestral	Opisthocomushoazin	025	N275	N192
968	382	114	36	0.1	1.0	admixture	dtohmm_derived	Opisthocomushoazin	025	N275	N192
796	554	87	63	0.1	1.0	admixture	bcbhmm_ancestral	Opisthocomushoazin	025	N275	N192
919	431	98	52	0.1	1.0	admixture	cqshmm_ex_ancestral	Opisthocomushoazin	025	N275	N192
1156	194	92	58	0.1	1.0	admixture	cqshmm_derived	Opisthocomushoazin	025	N275	N192
1340	10	149	1	0.1	1.0	admixture	pbphmm_ex_ancestral	Opisthocomushoazin	025	N275	N192
946	404	100	50	0.1	1.0	admixture	cqshmm_ancestral	Opisthocomushoazin	025	N275	N192
1269	81	141	9	0.1	1.0	admixture	pbphmm_ex_derived	Opisthocomushoazin	025	N275	N192
917	433	109	41	0.1	1.0	admixture	mlthmm_derived	Opisthocomushoazin	025	N275	N192
734	391	245	130	0.25	1.0	admixture	dtohmm_ancestral	Falconiformes	025	Accipitriformes	N717
1125	0	375	0	0.25	1.0	admixture	pbphmm_derived	Falconiformes	025	Accipitriformes	N717
1013	112	357	18	0.25	1.0	admixture	pbphmm_ancestral	Falconiformes	025	Accipitriformes	N717
1125	0	375	0	0.25	1.0	admixture	gqshmm_ex_derived	Falconiformes	025	Accipitriformes	N717
654	471	200	175	0.25	1.0	admixture	gqshmm_ancestral	Falconiformes	025	Accipitriformes	N717
1125	0	375	0	0.25	1.0	admixture	gqshmm_derived	Falconiformes	025	Accipitriformes	N717
700	425	259	116	0.25	1.0	admixture	cqshmm_ex_derived	Falconiformes	025	Accipitriformes	N717
1125	0	375	0	0.25	1.0	admixture	bcbhmm_derived	Falconiformes	025	Accipitriformes	N717
567	558	203	172	0.25	1.0	admixture	mlthmm_ex_derived	Falconiformes	025	Accipitriformes	N717
1122	3	366	9	0.25	1.0	admixture	mlthmm_ancestral	Falconiformes	025	Accipitriformes	N717
656	469	204	171	0.25	1.0	admixture	dtohmm_ex_ancestral	Falconiformes	025	Accipitriformes	N717
798	327	262	113	0.25	1.0	admixture	bcbhmm_ex_ancestral	Falconiformes	025	Accipitriformes	N717
652	473	235	140	0.25	1.0	admixture	mlthmm_ex_ancestral	Falconiformes	025	Accipitriformes	N717
615	510	218	157	0.25	1.0	admixture	bcbhmm_ex_derived	Falconiformes	025	Accipitriformes	N717
601	524	219	156	0.25	1.0	admixture	dtohmm_ex_derived	Falconiformes	025	Accipitriformes	N717
1125	0	375	0	0.25	1.0	admixture	gqshmm_ex_ancestral	Falconiformes	025	Accipitriformes	N717
1125	0	375	0	0.25	1.0	admixture	dtohmm_derived	Falconiformes	025	Accipitriformes	N717
837	288	274	101	0.25	1.0	admixture	bcbhmm_ancestral	Falconiformes	025	Accipitriformes	N717
715	410	221	154	0.25	1.0	admixture	cqshmm_ex_ancestral	Falconiformes	025	Accipitriformes	N717
1125	0	375	0	0.25	1.0	admixture	cqshmm_derived	Falconiformes	025	Accipitriformes	N717
1004	121	357	18	0.25	1.0	admixture	pbphmm_ex_ancestral	Falconiformes	025	Accipitriformes	N717
711	414	227	148	0.25	1.0	admixture	cqshmm_ancestral	Falconiformes	025	Accipitriformes	N717
1125	0	375	0	0.25	1.0	admixture	gqshmm_ex	Falconiformes	025	Accipitriformes	N717
1078	47	367	8	0.25	1.0	admixture	pbphmm_ex_derived	Falconiformes	025	Accipitriformes	N717
1125	0	375	0	0.25	1.0	admixture	mlthmm_derived	Falconiformes	025	Accipitriformes	N717
843	432	140	85	0.15	1.0	admixture	dtohmm_ancestral	Strigiformes	025	N349	N299
1275	0	225	0	0.15	1.0	admixture	pbphmm_derived	Strigiformes	025	N349	N299
1125	150	213	12	0.15	1.0	admixture	pbphmm_ancestral	Strigiformes	025	N349	N299
1272	3	225	0	0.15	1.0	admixture	gqshmm_ex_derived	Strigiformes	025	N349	N299
803	472	137	88	0.15	1.0	admixture	gqshmm_ancestral	Strigiformes	025	N349	N299
1029	246	171	54	0.15	1.0	admixture	gqshmm_derived	Strigiformes	025	N349	N299
941	334	157	68	0.15	1.0	admixture	cqshmm_ex_derived	Strigiformes	025	N349	N299
1074	201	161	64	0.15	1.0	admixture	bcbhmm_derived	Strigiformes	025	N349	N299
673	602	127	98	0.15	1.0	admixture	mlthmm_ex_derived	Strigiformes	025	N349	N299
828	447	133	92	0.15	1.0	admixture	mlthmm_ancestral	Strigiformes	025	N349	N299
837	438	154	71	0.15	1.0	admixture	dtohmm_ex_ancestral	Strigiformes	025	N349	N299
665	610	113	112	0.15	1.0	admixture	bcbhmm_ex_ancestral	Strigiformes	025	N349	N299
835	440	152	73	0.15	1.0	admixture	mlthmm_ex_ancestral	Strigiformes	025	N349	N299
903	372	158	67	0.15	1.0	admixture	bcbhmm_ex_derived	Strigiformes	025	N349	N299
916	359	160	65	0.15	1.0	admixture	dtohmm_ex_derived	Strigiformes	025	N349	N299
1002	273	164	61	0.15	1.0	admixture	gqshmm_ex_ancestral	Strigiformes	025	N349	N299
1193	82	205	20	0.15	1.0	admixture	dtohmm_derived	Strigiformes	025	N349	N299
986	289	166	59	0.15	1.0	admixture	bcbhmm_ancestral	Strigiformes	025	N349	N299
723	552	134	91	0.15	1.0	admixture	cqshmm_ex_ancestral	Strigiformes	025	N349	N299
1095	180	165	60	0.15	1.0	admixture	cqshmm_derived	Strigiformes	025	N349	N299
1240	35	223	2	0.15	1.0	admixture	pbphmm_ex_ancestral	Strigiformes	025	N349	N299
734	541	131	94	0.15	1.0	admixture	cqshmm_ancestral	Strigiformes	025	N349	N299
1272	3	225	0	0.15	1.0	admixture	gqshmm_ex	Strigiformes	025	N349	N299
1247	28	221	4	0.15	1.0	admixture	pbphmm_ex_derived	Strigiformes	025	N349	N299
654	621	117	108	0.15	1.0	admixture	mlthmm_derived	Strigiformes	025	N349	N299
1146	129	194	31	0.15	1.0	admixture	dtohmm_ancestral	Musophagiformes	025	N83	N118
1275	0	225	0	0.15	1.0	admixture	pbphmm_derived	Musophagiformes	025	N83	N118
1258	17	223	2	0.15	1.0	admixture	pbphmm_ancestral	Musophagiformes	025	N83	N118
1255	20	223	2	0.15	1.0	admixture	gqshmm_ex_derived	Musophagiformes	025	N83	N118
645	630	110	115	0.15	1.0	admixture	gqshmm_ancestral	Musophagiformes	025	N83	N118
1275	0	225	0	0.15	1.0	admixture	gqshmm_derived	Musophagiformes	025	N83	N118
852	423	147	78	0.15	1.0	admixture	cqshmm_ex_derived	Musophagiformes	025	N83	N118
1275	0	225	0	0.15	1.0	admixture	bcbhmm_derived	Musophagiformes	025	N83	N118
777	498	144	81	0.15	1.0	admixture	mlthmm_ex_derived	Musophagiformes	025	N83	N118
1249	26	218	7	0.15	1.0	admixture	mlthmm_ancestral	Musophagiformes	025	N83	N118
1031	244	184	41	0.15	1.0	admixture	dtohmm_ex_ancestral	Musophagiformes	025	N83	N118
739	536	130	95	0.15	1.0	admixture	bcbhmm_ex_ancestral	Musophagiformes	025	N83	N118
841	434	152	73	0.15	1.0	admixture	mlthmm_ex_ancestral	Musophagiformes	025	N83	N118
751	524	123	102	0.15	1.0	admixture	bcbhmm_ex_derived	Musophagiformes	025	N83	N118
846	429	157	68	0.15	1.0	admixture	dtohmm_ex_derived	Musophagiformes	025	N83	N118
1271	4	224	1	0.15	1.0	admixture	gqshmm_ex_ancestral	Musophagiformes	025	N83	N118
1275	0	225	0	0.15	1.0	admixture	dtohmm_derived	Musophagiformes	025	N83	N118
850	425	162	63	0.15	1.0	admixture	bcbhmm_ancestral	Musophagiformes	025	N83	N118
674	601	120	105	0.15	1.0	admixture	cqshmm_ex_ancestral	Musophagiformes	025	N83	N118
1275	0	225	0	0.15	1.0	admixture	cqshmm_derived	Musophagiformes	025	N83	N118
1243	32	219	6	0.15	1.0	admixture	pbphmm_ex_ancestral	Musophagiformes	025	N83	N118
806	469	148	77	0.15	1.0	admixture	cqshmm_ancestral	Musophagiformes	025	N83	N118
1255	20	223	2	0.15	1.0	admixture	gqshmm_ex	Musophagiformes	025	N83	N118
1258	17	223	2	0.15	1.0	admixture	pbphmm_ex_derived	Musophagiformes	025	N83	N118
1275	0	225	0	0.15	1.0	admixture	mlthmm_derived	Musophagiformes	025	N83	N118
1261	164	65	10	0.05	1.0	admixture	dtohmm_ancestral	N251	050	N269	N242
1424	1	75	0	0.05	1.0	admixture	pbphmm_derived	N251	050	N269	N242
914	511	55	20	0.05	1.0	admixture	pbphmm_ancestral	N251	050	N269	N242
916	509	56	19	0.05	1.0	admixture	gqshmm_ex_derived	N251	050	N269	N242
1084	341	49	26	0.05	1.0	admixture	gqshmm_ancestral	N251	050	N269	N242
877	548	40	35	0.05	1.0	admixture	gqshmm_derived	N251	050	N269	N242
1186	239	54	21	0.05	1.0	admixture	cqshmm_ex_derived	N251	050	N269	N242
923	502	52	23	0.05	1.0	admixture	bcbhmm_derived	N251	050	N269	N242
979	446	54	21	0.05	1.0	admixture	mlthmm_ex_derived	N251	050	N269	N242
1250	175	65	10	0.05	1.0	admixture	mlthmm_ancestral	N251	050	N269	N242
867	558	39	36	0.05	1.0	admixture	dtohmm_ex_ancestral	N251	050	N269	N242
930	495	48	27	0.05	1.0	admixture	bcbhmm_ex_ancestral	N251	050	N269	N242
740	685	51	24	0.05	1.0	admixture	mlthmm_ex_ancestral	N251	050	N269	N242
884	541	40	35	0.05	1.0	admixture	bcbhmm_ex_derived	N251	050	N269	N242
751	674	34	41	0.05	1.0	admixture	dtohmm_ex_derived	N251	050	N269	N242
1390	35	75	0	0.05	1.0	admixture	gqshmm_ex_ancestral	N251	050	N269	N242
1372	53	69	6	0.05	1.0	admixture	dtohmm_derived	N251	050	N269	N242
1420	5	75	0	0.05	1.0	admixture	bcbhmm_ancestral	N251	050	N269	N242
871	554	33	42	0.05	1.0	admixture	cqshmm_ex_ancestral	N251	050	N269	N242
726	699	37	38	0.05	1.0	admixture	cqshmm_derived	N251	050	N269	N242
1094	331	67	8	0.05	1.0	admixture	pbphmm_ex_ancestral	N251	050	N269	N242
1219	206	68	7	0.05	1.0	admixture	cqshmm_ancestral	N251	050	N269	N242
916	509	56	19	0.05	1.0	admixture	gqshmm_ex	N251	050	N269	N242
1073	352	58	17	0.05	1.0	admixture	pbphmm_ex_derived	N251	050	N269	N242
896	529	40	35	0.05	1.0	admixture	mlthmm_derived	N251	050	N269	N242
1302	48	106	44	0.1	1.0	admixture	dtohmm_ancestral	Columbiformes	025	Mesitornisunicolor	N93
1350	0	150	0	0.1	1.0	admixture	pbphmm_derived	Columbiformes	025	Mesitornisunicolor	N93
1350	0	150	0	0.1	1.0	admixture	pbphmm_ancestral	Columbiformes	025	Mesitornisunicolor	N93
799	551	117	33	0.1	1.0	admixture	gqshmm_ex_derived	Columbiformes	025	Mesitornisunicolor	N93
1338	12	146	4	0.1	1.0	admixture	gqshmm_ancestral	Columbiformes	025	Mesitornisunicolor	N93
1350	0	150	0	0.1	1.0	admixture	gqshmm_derived	Columbiformes	025	Mesitornisunicolor	N93
1238	112	137	13	0.1	1.0	admixture	cqshmm_ex_derived	Columbiformes	025	Mesitornisunicolor	N93
1350	0	150	0	0.1	1.0	admixture	bcbhmm_derived	Columbiformes	025	Mesitornisunicolor	N93
1065	285	105	45	0.1	1.0	admixture	mlthmm_ex_derived	Columbiformes	025	Mesitornisunicolor	N93
843	507	47	103	0.1	1.0	admixture	mlthmm_ancestral	Columbiformes	025	Mesitornisunicolor	N93
907	443	80	70	0.1	1.0	admixture	dtohmm_ex_ancestral	Columbiformes	025	Mesitornisunicolor	N93
795	555	98	52	0.1	1.0	admixture	bcbhmm_ex_ancestral	Columbiformes	025	Mesitornisunicolor	N93
907	443	106	44	0.1	1.0	admixture	mlthmm_ex_ancestral	Columbiformes	025	Mesitornisunicolor	N93
758	592	107	43	0.1	1.0	admixture	bcbhmm_ex_derived	Columbiformes	025	Mesitornisunicolor	N93
913	437	104	46	0.1	1.0	admixture	dtohmm_ex_derived	Columbiformes	025	Mesitornisunicolor	N93
1350	0	150	0	0.1	1.0	admixture	gqshmm_ex_ancestral	Columbiformes	025	Mesitornisunicolor	N93
1350	0	150	0	0.1	1.0	admixture	dtohmm_derived	Columbiformes	025	Mesitornisunicolor	N93
1185	165	140	10	0.1	1.0	admixture	bcbhmm_ancestral	Columbiformes	025	Mesitornisunicolor	N93
802	548	59	91	0.1	1.0	admixture	cqshmm_ex_ancestral	Columbiformes	025	Mesitornisunicolor	N93
1350	0	150	0	0.1	1.0	admixture	cqshmm_derived	Columbiformes	025	Mesitornisunicolor	N93
1005	345	112	38	0.1	1.0	admixture	pbphmm_ex_ancestral	Columbiformes	025	Mesitornisunicolor	N93
1104	246	104	46	0.1	1.0	admixture	cqshmm_ancestral	Columbiformes	025	Mesitornisunicolor	N93
799	551	117	33	0.1	1.0	admixture	gqshmm_ex	Columbiformes	025	Mesitornisunicolor	N93
758	592	87	63	0.1	1.0	admixture	pbphmm_ex_derived	Columbiformes	025	Mesitornisunicolor	N93
1350	0	150	0	0.1	1.0	admixture	mlthmm_derived	Columbiformes	025	Mesitornisunicolor	N93
603	522	196	179	0.25	1.0	admixture	dtohmm_ancestral	Falconiformes	050	Accipitriformes	N717
1125	0	375	0	0.25	1.0	admixture	pbphmm_derived	Falconiformes	050	Accipitriformes	N717
1015	110	361	14	0.25	1.0	admixture	pbphmm_ancestral	Falconiformes	050	Accipitriformes	N717
1123	2	375	0	0.25	1.0	admixture	gqshmm_ex_derived	Falconiformes	050	Accipitriformes	N717
667	458	220	155	0.25	1.0	admixture	gqshmm_ancestral	Falconiformes	050	Accipitriformes	N717
1125	0	375	0	0.25	1.0	admixture	gqshmm_derived	Falconiformes	050	Accipitriformes	N717
668	457	253	122	0.25	1.0	admixture	cqshmm_ex_derived	Falconiformes	050	Accipitriformes	N717
1125	0	375	0	0.25	1.0	admixture	bcbhmm_derived	Falconiformes	050	Accipitriformes	N717
570	555	202	173	0.25	1.0	admixture	mlthmm_ex_derived	Falconiformes	050	Accipitriformes	N717
1114	11	375	0	0.25	1.0	admixture	mlthmm_ancestral	Falconiformes	050	Accipitriformes	N717
662	463	197	178	0.25	1.0	admixture	dtohmm_ex_ancestral	Falconiformes	050	Accipitriformes	N717
789	336	252	123	0.25	1.0	admixture	bcbhmm_ex_ancestral	Falconiformes	050	Accipitriformes	N717
651	474	238	137	0.25	1.0	admixture	mlthmm_ex_ancestral	Falconiformes	050	Accipitriformes	N717
575	550	204	171	0.25	1.0	admixture	bcbhmm_ex_derived	Falconiformes	050	Accipitriformes	N717
615	510	222	153	0.25	1.0	admixture	dtohmm_ex_derived	Falconiformes	050	Accipitriformes	N717
1125	0	375	0	0.25	1.0	admixture	gqshmm_ex_ancestral	Falconiformes	050	Accipitriformes	N717
1125	0	375	0	0.25	1.0	admixture	dtohmm_derived	Falconiformes	050	Accipitriformes	N717
1110	15	335	40	0.25	1.0	admixture	bcbhmm_ancestral	Falconiformes	050	Accipitriformes	N717
583	542	221	154	0.25	1.0	admixture	cqshmm_ex_ancestral	Falconiformes	050	Accipitriformes	N717
1125	0	375	0	0.25	1.0	admixture	cqshmm_derived	Falconiformes	050	Accipitriformes	N717
1009	116	357	18	0.25	1.0	admixture	pbphmm_ex_ancestral	Falconiformes	050	Accipitriformes	N717
744	381	257	118	0.25	1.0	admixture	cqshmm_ancestral	Falconiformes	050	Accipitriformes	N717
1123	2	375	0	0.25	1.0	admixture	gqshmm_ex	Falconiformes	050	Accipitriformes	N717
1073	52	369	6	0.25	1.0	admixture	pbphmm_ex_derived	Falconiformes	050	Accipitriformes	N717
1125	0	375	0	0.25	1.0	admixture	mlthmm_derived	Falconiformes	050	Accipitriformes	N717
1319	31	139	11	0.1	1.0	admixture	dtohmm_ancestral	Coraciiformes	025	Bucerotiformes	Piciformes
1256	94	0	150	0.1	1.0	admixture	pbphmm_derived	Coraciiformes	025	Bucerotiformes	Piciformes
853	497	119	31	0.1	1.0	admixture	pbphmm_ancestral	Coraciiformes	025	Bucerotiformes	Piciformes
1075	275	104	46	0.1	1.0	admixture	gqshmm_ex_derived	Coraciiformes	025	Bucerotiformes	Piciformes
1169	181	137	13	0.1	1.0	admixture	gqshmm_ancestral	Coraciiformes	025	Bucerotiformes	Piciformes
1277	73	116	34	0.1	1.0	admixture	gqshmm_derived	Coraciiformes	025	Bucerotiformes	Piciformes
1065	285	99	51	0.1	1.0	admixture	cqshmm_ex_derived	Coraciiformes	025	Bucerotiformes	Piciformes
1350	0	150	0	0.1	1.0	admixture	bcbhmm_derived	Coraciiformes	025	Bucerotiformes	Piciformes
854	496	105	45	0.1	1.0	admixture	mlthmm_ex_derived	Coraciiformes	025	Bucerotiformes	Piciformes
1143	207	130	20	0.1	1.0	admixture	mlthmm_ancestral	Coraciiformes	025	Bucerotiformes	Piciformes
1020	330	127	23	0.1	1.0	admixture	dtohmm_ex_ancestral	Coraciiformes	025	Bucerotiformes	Piciformes
1332	18	146	4	0.1	1.0	admixture	bcbhmm_ex_ancestral	Coraciiformes	025	Bucerotiformes	Piciformes
1099	251	119	31	0.1	1.0	admixture	mlthmm_ex_ancestral	Coraciiformes	025	Bucerotiformes	Piciformes
1226	124	132	18	0.1	1.0	admixture	bcbhmm_ex_derived	Coraciiformes	025	Bucerotiformes	Piciformes
1073	277	105	45	0.1	1.0	admixture	dtohmm_ex_derived	Coraciiformes	025	Bucerotiformes	Piciformes
1250	100	115	35	0.1	1.0	admixture	gqshmm_ex_ancestral	Coraciiformes	025	Bucerotiformes	Piciformes
1347	3	139	11	0.1	1.0	admixture	dtohmm_derived	Coraciiformes	025	Bucerotiformes	Piciformes
1186	164	131	19	0.1	1.0	admixture	bcbhmm_ancestral	Coraciiformes	025	Bucerotiformes	Piciformes
1195	155	138	12	0.1	1.0	admixture	cqshmm_ex_ancestral	Coraciiformes	025	Bucerotiformes	Piciformes
1293	57	23	127	0.1	1.0	admixture	cqshmm_derived	Coraciiformes	025	Bucerotiformes	Piciformes
719	631	92	58	0.1	1.0	admixture	pbphmm_ex_ancestral	Coraciiformes	025	Bucerotiformes	Piciformes
1318	32	143	7	0.1	1.0	admixture	cqshmm_ancestral	Coraciiformes	025	Bucerotiformes	Piciformes
1075	275	104	46	0.1	1.0	admixture	gqshmm_ex	Coraciiformes	025	Bucerotiformes	Piciformes
759	591	77	73	0.1	1.0	admixture	pbphmm_ex_derived	Coraciiformes	025	Bucerotiformes	Piciformes
1347	3	145	5	0.1	1.0	admixture	mlthmm_derived	Coraciiformes	025	Bucerotiformes	Piciformes
1445	25	24	6	0.02	1.0	admixture	dtohmm_ancestral	Coraciiformes	025	Bucerotiformes	Piciformes
1380	90	25	5	0.02	1.0	admixture	pbphmm_derived	Coraciiformes	025	Bucerotiformes	Piciformes
1019	451	16	14	0.02	1.0	admixture	pbphmm_ancestral	Coraciiformes	025	Bucerotiformes	Piciformes
1169	301	18	12	0.02	1.0	admixture	gqshmm_ex_derived	Coraciiformes	025	Bucerotiformes	Piciformes
1279	191	24	6	0.02	1.0	admixture	gqshmm_ancestral	Coraciiformes	025	Bucerotiformes	Piciformes
1390	80	24	6	0.02	1.0	admixture	gqshmm_derived	Coraciiformes	025	Bucerotiformes	Piciformes
1275	195	22	8	0.02	1.0	admixture	cqshmm_ex_derived	Coraciiformes	025	Bucerotiformes	Piciformes
1470	0	30	0	0.02	1.0	admixture	bcbhmm_derived	Coraciiformes	025	Bucerotiformes	Piciformes
950	520	22	8	0.02	1.0	admixture	mlthmm_ex_derived	Coraciiformes	025	Bucerotiformes	Piciformes
1462	8	30	0	0.02	1.0	admixture	mlthmm_ancestral	Coraciiformes	025	Bucerotiformes	Piciformes
1115	355	24	6	0.02	1.0	admixture	dtohmm_ex_ancestral	Coraciiformes	025	Bucerotiformes	Piciformes
1468	2	30	0	0.02	1.0	admixture	bcbhmm_ex_ancestral	Coraciiformes	025	Bucerotiformes	Piciformes
1202	268	27	3	0.02	1.0	admixture	mlthmm_ex_ancestral	Coraciiformes	025	Bucerotiformes	Piciformes
1350	120	29	1	0.02	1.0	admixture	bcbhmm_ex_derived	Coraciiformes	025	Bucerotiformes	Piciformes
1055	415	20	10	0.02	1.0	admixture	dtohmm_ex_derived	Coraciiformes	025	Bucerotiformes	Piciformes
1020	450	18	12	0.02	1.0	admixture	gqshmm_ex_ancestral	Coraciiformes	025	Bucerotiformes	Piciformes
1462	8	27	3	0.02	1.0	admixture	dtohmm_derived	Coraciiformes	025	Bucerotiformes	Piciformes
1320	150	28	2	0.02	1.0	admixture	bcbhmm_ancestral	Coraciiformes	025	Bucerotiformes	Piciformes
1293	177	27	3	0.02	1.0	admixture	cqshmm_ex_ancestral	Coraciiformes	025	Bucerotiformes	Piciformes
1446	24	27	3	0.02	1.0	admixture	cqshmm_derived	Coraciiformes	025	Bucerotiformes	Piciformes
790	680	21	9	0.02	1.0	admixture	pbphmm_ex_ancestral	Coraciiformes	025	Bucerotiformes	Piciformes
1408	62	25	5	0.02	1.0	admixture	cqshmm_ancestral	Coraciiformes	025	Bucerotiformes	Piciformes
1169	301	18	12	0.02	1.0	admixture	gqshmm_ex	Coraciiformes	025	Bucerotiformes	Piciformes
831	639	16	14	0.02	1.0	admixture	pbphmm_ex_derived	Coraciiformes	025	Bucerotiformes	Piciformes
1447	23	27	3	0.02	1.0	admixture	mlthmm_derived	Coraciiformes	025	Bucerotiformes	Piciformes
775	650	40	35	0.05	1.0	admixture	dtohmm_ancestral	Falconiformes	050	Accipitriformes	N717
1425	0	75	0	0.05	1.0	admixture	pbphmm_derived	Falconiformes	050	Accipitriformes	N717
1288	137	73	2	0.05	1.0	admixture	pbphmm_ancestral	Falconiformes	050	Accipitriformes	N717
1423	2	75	0	0.05	1.0	admixture	gqshmm_ex_derived	Falconiformes	050	Accipitriformes	N717
939	486	52	23	0.05	1.0	admixture	gqshmm_ancestral	Falconiformes	050	Accipitriformes	N717
1425	0	75	0	0.05	1.0	admixture	gqshmm_derived	Falconiformes	050	Accipitriformes	N717
896	529	52	23	0.05	1.0	admixture	cqshmm_ex_derived	Falconiformes	050	Accipitriformes	N717
1425	0	75	0	0.05	1.0	admixture	bcbhmm_derived	Falconiformes	050	Accipitriformes	N717
717	708	34	41	0.05	1.0	admixture	mlthmm_ex_derived	Falconiformes	050	Accipitriformes	N717
1410	15	75	0	0.05	1.0	admixture	mlthmm_ancestral	Falconiformes	050	Accipitriformes	N717
842	583	46	29	0.05	1.0	admixture	dtohmm_ex_ancestral	Falconiformes	050	Accipitriformes	N717
1014	411	55	20	0.05	1.0	admixture	bcbhmm_ex_ancestral	Falconiformes	050	Accipitriformes	N717
821	604	40	35	0.05	1.0	admixture	mlthmm_ex_ancestral	Falconiformes	050	Accipitriformes	N717
725	700	35	40	0.05	1.0	admixture	bcbhmm_ex_derived	Falconiformes	050	Accipitriformes	N717
765	660	37	38	0.05	1.0	admixture	dtohmm_ex_derived	Falconiformes	050	Accipitriformes	N717
1040	385	52	23	0.05	1.0	admixture	gqshmm_ex_ancestral	Falconiformes	050	Accipitriformes	N717
1425	0	75	0	0.05	1.0	admixture	dtohmm_derived	Falconiformes	050	Accipitriformes	N717
824	601	47	28	0.05	1.0	admixture	bcbhmm_ancestral	Falconiformes	050	Accipitriformes	N717
855	570	41	34	0.05	1.0	admixture	cqshmm_ex_ancestral	Falconiformes	050	Accipitriformes	N717
1425	0	75	0	0.05	1.0	admixture	cqshmm_derived	Falconiformes	050	Accipitriformes	N717
1277	148	73	2	0.05	1.0	admixture	pbphmm_ex_ancestral	Falconiformes	050	Accipitriformes	N717
844	581	41	34	0.05	1.0	admixture	cqshmm_ancestral	Falconiformes	050	Accipitriformes	N717
1423	2	75	0	0.05	1.0	admixture	gqshmm_ex	Falconiformes	050	Accipitriformes	N717
1365	60	73	2	0.05	1.0	admixture	pbphmm_ex_derived	Falconiformes	050	Accipitriformes	N717
1425	0	75	0	0.05	1.0	admixture	mlthmm_derived	Falconiformes	050	Accipitriformes	N717
962	163	319	56	0.25	1.0	admixture	dtohmm_ancestral	Musophagiformes	025	N83	N118
1125	0	375	0	0.25	1.0	admixture	pbphmm_derived	Musophagiformes	025	N83	N118
1125	0	375	0	0.25	1.0	admixture	pbphmm_ancestral	Musophagiformes	025	N83	N118
1108	17	370	5	0.25	1.0	admixture	gqshmm_ex_derived	Musophagiformes	025	N83	N118
564	561	191	184	0.25	1.0	admixture	gqshmm_ancestral	Musophagiformes	025	N83	N118
1125	0	375	0	0.25	1.0	admixture	gqshmm_derived	Musophagiformes	025	N83	N118
860	265	301	74	0.25	1.0	admixture	cqshmm_ex_derived	Musophagiformes	025	N83	N118
1125	0	375	0	0.25	1.0	admixture	bcbhmm_derived	Musophagiformes	025	N83	N118
670	455	205	170	0.25	1.0	admixture	mlthmm_ex_derived	Musophagiformes	025	N83	N118
1095	30	357	18	0.25	1.0	admixture	mlthmm_ancestral	Musophagiformes	025	N83	N118
727	398	251	124	0.25	1.0	admixture	dtohmm_ex_ancestral	Musophagiformes	025	N83	N118
646	479	210	165	0.25	1.0	admixture	bcbhmm_ex_ancestral	Musophagiformes	025	N83	N118
741	384	259	116	0.25	1.0	admixture	mlthmm_ex_ancestral	Musophagiformes	025	N83	N118
714	411	214	161	0.25	1.0	admixture	bcbhmm_ex_derived	Musophagiformes	025	N83	N118
731	394	228	147	0.25	1.0	admixture	dtohmm_ex_derived	Musophagiformes	025	N83	N118
1124	1	375	0	0.25	1.0	admixture	gqshmm_ex_ancestral	Musophagiformes	025	N83	N118
1125	0	375	0	0.25	1.0	admixture	dtohmm_derived	Musophagiformes	025	N83	N118
753	372	279	96	0.25	1.0	admixture	bcbhmm_ancestral	Musophagiformes	025	N83	N118
665	460	222	153	0.25	1.0	admixture	cqshmm_ex_ancestral	Musophagiformes	025	N83	N118
1125	0	375	0	0.25	1.0	admixture	cqshmm_derived	Musophagiformes	025	N83	N118
1093	32	365	10	0.25	1.0	admixture	pbphmm_ex_ancestral	Musophagiformes	025	N83	N118
838	287	276	99	0.25	1.0	admixture	cqshmm_ancestral	Musophagiformes	025	N83	N118
1108	17	370	5	0.25	1.0	admixture	gqshmm_ex	Musophagiformes	025	N83	N118
1106	19	369	6	0.25	1.0	admixture	pbphmm_ex_derived	Musophagiformes	025	N83	N118
1125	0	375	0	0.25	1.0	admixture	mlthmm_derived	Musophagiformes	025	N83	N118
810	390	187	113	0.2	1.0	admixture	dtohmm_ancestral	Strigiformes	025	N349	N299
1200	0	300	0	0.2	1.0	admixture	pbphmm_derived	Strigiformes	025	N349	N299
1058	142	282	18	0.2	1.0	admixture	pbphmm_ancestral	Strigiformes	025	N349	N299
1199	1	300	0	0.2	1.0	admixture	gqshmm_ex_derived	Strigiformes	025	N349	N299
767	433	170	130	0.2	1.0	admixture	gqshmm_ancestral	Strigiformes	025	N349	N299
984	216	227	73	0.2	1.0	admixture	gqshmm_derived	Strigiformes	025	N349	N299
755	445	178	122	0.2	1.0	admixture	cqshmm_ex_derived	Strigiformes	025	N349	N299
779	421	205	95	0.2	1.0	admixture	bcbhmm_derived	Strigiformes	025	N349	N299
977	223	233	67	0.2	1.0	admixture	mlthmm_ex_derived	Strigiformes	025	N349	N299
803	397	183	117	0.2	1.0	admixture	mlthmm_ancestral	Strigiformes	025	N349	N299
792	408	198	102	0.2	1.0	admixture	dtohmm_ex_ancestral	Strigiformes	025	N349	N299
624	576	159	141	0.2	1.0	admixture	bcbhmm_ex_ancestral	Strigiformes	025	N349	N299
791	409	201	99	0.2	1.0	admixture	mlthmm_ex_ancestral	Strigiformes	025	N349	N299
877	323	216	84	0.2	1.0	admixture	bcbhmm_ex_derived	Strigiformes	025	N349	N299
889	311	221	79	0.2	1.0	admixture	dtohmm_ex_derived	Strigiformes	025	N349	N299
959	241	218	82	0.2	1.0	admixture	gqshmm_ex_ancestral	Strigiformes	025	N349	N299
696	504	219	81	0.2	1.0	admixture	dtohmm_derived	Strigiformes	025	N349	N299
844	356	184	116	0.2	1.0	admixture	bcbhmm_ancestral	Strigiformes	025	N349	N299
654	546	170	130	0.2	1.0	admixture	cqshmm_ex_ancestral	Strigiformes	025	N349	N299
702	498	104	196	0.2	1.0	admixture	cqshmm_derived	Strigiformes	025	N349	N299
1171	29	296	4	0.2	1.0	admixture	pbphmm_ex_ancestral	Strigiformes	025	N349	N299
600	600	160	140	0.2	1.0	admixture	cqshmm_ancestral	Strigiformes	025	N349	N299
1199	1	300	0	0.2	1.0	admixture	gqshmm_ex	Strigiformes	025	N349	N299
1187	13	296	4	0.2	1.0	admixture	pbphmm_ex_derived	Strigiformes	025	N349	N299
1060	140	255	45	0.2	1.0	admixture	mlthmm_derived	Strigiformes	025	N349	N299
1282	188	28	2	0.02	1.0	admixture	dtohmm_ancestral	Musophagiformes	050	N83	N118
1470	0	30	0	0.02	1.0	admixture	pbphmm_derived	Musophagiformes	050	N83	N118
1470	0	30	0	0.02	1.0	admixture	pbphmm_ancestral	Musophagiformes	050	N83	N118
1445	25	30	0	0.02	1.0	admixture	gqshmm_ex_derived	Musophagiformes	050	N83	N118
744	726	19	11	0.02	1.0	admixture	gqshmm_ancestral	Musophagiformes	050	N83	N118
1470	0	30	0	0.02	1.0	admixture	gqshmm_derived	Musophagiformes	050	N83	N118
1083	387	24	6	0.02	1.0	admixture	cqshmm_ex_derived	Musophagiformes	050	N83	N118
1470	0	30	0	0.02	1.0	admixture	bcbhmm_derived	Musophagiformes	050	N83	N118
800	670	15	15	0.02	1.0	admixture	mlthmm_ex_derived	Musophagiformes	050	N83	N118
1345	125	28	2	0.02	1.0	admixture	mlthmm_ancestral	Musophagiformes	050	N83	N118
958	512	18	12	0.02	1.0	admixture	dtohmm_ex_ancestral	Musophagiformes	050	N83	N118
860	610	18	12	0.02	1.0	admixture	bcbhmm_ex_ancestral	Musophagiformes	050	N83	N118
968	502	17	13	0.02	1.0	admixture	mlthmm_ex_ancestral	Musophagiformes	050	N83	N118
890	580	22	8	0.02	1.0	admixture	bcbhmm_ex_derived	Musophagiformes	050	N83	N118
822	648	16	14	0.02	1.0	admixture	dtohmm_ex_derived	Musophagiformes	050	N83	N118
1462	8	30	0	0.02	1.0	admixture	gqshmm_ex_ancestral	Musophagiformes	050	N83	N118
1470	0	30	0	0.02	1.0	admixture	dtohmm_derived	Musophagiformes	050	N83	N118
1002	468	22	8	0.02	1.0	admixture	bcbhmm_ancestral	Musophagiformes	050	N83	N118
805	665	15	15	0.02	1.0	admixture	cqshmm_ex_ancestral	Musophagiformes	050	N83	N118
1470	0	30	0	0.02	1.0	admixture	cqshmm_derived	Musophagiformes	050	N83	N118
1434	36	29	1	0.02	1.0	admixture	pbphmm_ex_ancestral	Musophagiformes	050	N83	N118
1041	429	21	9	0.02	1.0	admixture	cqshmm_ancestral	Musophagiformes	050	N83	N118
1445	25	30	0	0.02	1.0	admixture	gqshmm_ex	Musophagiformes	050	N83	N118
1451	19	30	0	0.02	1.0	admixture	pbphmm_ex_derived	Musophagiformes	050	N83	N118
1470	0	30	0	0.02	1.0	admixture	mlthmm_derived	Musophagiformes	050	N83	N118
794	406	220	80	0.2	1.0	admixture	dtohmm_ancestral	Strigiformes	050	N349	N299
1200	0	300	0	0.2	1.0	admixture	pbphmm_derived	Strigiformes	050	N349	N299
1053	147	279	21	0.2	1.0	admixture	pbphmm_ancestral	Strigiformes	050	N349	N299
1197	3	300	0	0.2	1.0	admixture	gqshmm_ex_derived	Strigiformes	050	N349	N299
752	448	188	112	0.2	1.0	admixture	gqshmm_ancestral	Strigiformes	050	N349	N299
966	234	230	70	0.2	1.0	admixture	gqshmm_derived	Strigiformes	050	N349	N299
725	475	188	112	0.2	1.0	admixture	cqshmm_ex_derived	Strigiformes	050	N349	N299
1173	27	292	8	0.2	1.0	admixture	bcbhmm_derived	Strigiformes	050	N349	N299
660	540	166	134	0.2	1.0	admixture	mlthmm_ex_derived	Strigiformes	050	N349	N299
794	406	220	80	0.2	1.0	admixture	mlthmm_ancestral	Strigiformes	050	N349	N299
788	412	199	101	0.2	1.0	admixture	dtohmm_ex_ancestral	Strigiformes	050	N349	N299
614	586	162	138	0.2	1.0	admixture	bcbhmm_ex_ancestral	Strigiformes	050	N349	N299
792	408	212	88	0.2	1.0	admixture	mlthmm_ex_ancestral	Strigiformes	050	N349	N299
861	339	226	74	0.2	1.0	admixture	bcbhmm_ex_derived	Strigiformes	050	N349	N299
897	303	240	60	0.2	1.0	admixture	dtohmm_ex_derived	Strigiformes	050	N349	N299
942	258	220	80	0.2	1.0	admixture	gqshmm_ex_ancestral	Strigiformes	050	N349	N299
1126	74	264	36	0.2	1.0	admixture	dtohmm_derived	Strigiformes	050	N349	N299
740	460	207	93	0.2	1.0	admixture	bcbhmm_ancestral	Strigiformes	050	N349	N299
601	599	158	142	0.2	1.0	admixture	cqshmm_ex_ancestral	Strigiformes	050	N349	N299
1064	136	256	44	0.2	1.0	admixture	cqshmm_derived	Strigiformes	050	N349	N299
1168	32	292	8	0.2	1.0	admixture	pbphmm_ex_ancestral	Strigiformes	050	N349	N299
703	497	171	129	0.2	1.0	admixture	cqshmm_ancestral	Strigiformes	050	N349	N299
1197	3	300	0	0.2	1.0	admixture	gqshmm_ex	Strigiformes	050	N349	N299
1182	18	295	5	0.2	1.0	admixture	pbphmm_ex_derived	Strigiformes	050	N349	N299
1079	121	261	39	0.2	1.0	admixture	mlthmm_derived	Strigiformes	050	N349	N299
997	203	207	93	0.2	1.0	admixture	dtohmm_ancestral	Coraciiformes	050	Bucerotiformes	Piciformes
1149	51	7	293	0.2	1.0	admixture	pbphmm_derived	Coraciiformes	050	Bucerotiformes	Piciformes
1200	0	300	0	0.2	1.0	admixture	pbphmm_ancestral	Coraciiformes	050	Bucerotiformes	Piciformes
964	236	208	92	0.2	1.0	admixture	gqshmm_ex_derived	Coraciiformes	050	Bucerotiformes	Piciformes
1037	163	259	41	0.2	1.0	admixture	gqshmm_ancestral	Coraciiformes	050	Bucerotiformes	Piciformes
1129	71	237	63	0.2	1.0	admixture	gqshmm_derived	Coraciiformes	050	Bucerotiformes	Piciformes
1098	102	236	64	0.2	1.0	admixture	cqshmm_ex_derived	Coraciiformes	050	Bucerotiformes	Piciformes
1200	0	298	2	0.2	1.0	admixture	bcbhmm_derived	Coraciiformes	050	Bucerotiformes	Piciformes
778	422	155	145	0.2	1.0	admixture	mlthmm_ex_derived	Coraciiformes	050	Bucerotiformes	Piciformes
1189	11	296	4	0.2	1.0	admixture	mlthmm_ancestral	Coraciiformes	050	Bucerotiformes	Piciformes
735	465	148	152	0.2	1.0	admixture	dtohmm_ex_ancestral	Coraciiformes	050	Bucerotiformes	Piciformes
1154	46	268	32	0.2	1.0	admixture	bcbhmm_ex_ancestral	Coraciiformes	050	Bucerotiformes	Piciformes
987	213	176	124	0.2	1.0	admixture	mlthmm_ex_ancestral	Coraciiformes	050	Bucerotiformes	Piciformes
1101	99	267	33	0.2	1.0	admixture	bcbhmm_ex_derived	Coraciiformes	050	Bucerotiformes	Piciformes
983	217	235	65	0.2	1.0	admixture	dtohmm_ex_derived	Coraciiformes	050	Bucerotiformes	Piciformes
912	288	185	115	0.2	1.0	admixture	gqshmm_ex_ancestral	Coraciiformes	050	Bucerotiformes	Piciformes
1173	27	262	38	0.2	1.0	admixture	dtohmm_derived	Coraciiformes	050	Bucerotiformes	Piciformes
648	552	165	135	0.2	1.0	admixture	bcbhmm_ancestral	Coraciiformes	050	Bucerotiformes	Piciformes
1057	143	242	58	0.2	1.0	admixture	cqshmm_ex_ancestral	Coraciiformes	050	Bucerotiformes	Piciformes
1125	75	0	300	0.2	1.0	admixture	cqshmm_derived	Coraciiformes	050	Bucerotiformes	Piciformes
648	552	106	194	0.2	1.0	admixture	pbphmm_ex_ancestral	Coraciiformes	050	Bucerotiformes	Piciformes
1179	21	290	10	0.2	1.0	admixture	cqshmm_ancestral	Coraciiformes	050	Bucerotiformes	Piciformes
964	236	208	92	0.2	1.0	admixture	gqshmm_ex	Coraciiformes	050	Bucerotiformes	Piciformes
673	527	170	130	0.2	1.0	admixture	pbphmm_ex_derived	Coraciiformes	050	Bucerotiformes	Piciformes
1197	3	272	28	0.2	1.0	admixture	mlthmm_derived	Coraciiformes	050	Bucerotiformes	Piciformes
1125	0	57	318	0.25	1.0	admixture	dtohmm_ancestral	N125	050	Cuculiformes	Charadriiformes
1125	0	375	0	0.25	1.0	admixture	pbphmm_derived	N125	050	Cuculiformes	Charadriiformes
1121	4	1	374	0.25	1.0	admixture	pbphmm_ancestral	N125	050	Cuculiformes	Charadriiformes
1125	0	375	0	0.25	1.0	admixture	gqshmm_ex_derived	N125	050	Cuculiformes	Charadriiformes
1125	0	375	0	0.25	1.0	admixture	gqshmm_ancestral	N125	050	Cuculiformes	Charadriiformes
1120	5	375	0	0.25	1.0	admixture	gqshmm_derived	N125	050	Cuculiformes	Charadriiformes
1125	0	0	375	0.25	1.0	admixture	cqshmm_ex_derived	N125	050	Cuculiformes	Charadriiformes
1125	0	375	0	0.25	1.0	admixture	bcbhmm_derived	N125	050	Cuculiformes	Charadriiformes
1125	0	1	374	0.25	1.0	admixture	mlthmm_ex_derived	N125	050	Cuculiformes	Charadriiformes
1125	0	375	0	0.25	1.0	admixture	mlthmm_ancestral	N125	050	Cuculiformes	Charadriiformes
1125	0	5	370	0.25	1.0	admixture	dtohmm_ex_ancestral	N125	050	Cuculiformes	Charadriiformes
1125	0	5	370	0.25	1.0	admixture	bcbhmm_ex_ancestral	N125	050	Cuculiformes	Charadriiformes
1125	0	5	370	0.25	1.0	admixture	mlthmm_ex_ancestral	N125	050	Cuculiformes	Charadriiformes
1125	0	1	374	0.25	1.0	admixture	bcbhmm_ex_derived	N125	050	Cuculiformes	Charadriiformes
1125	0	5	370	0.25	1.0	admixture	dtohmm_ex_derived	N125	050	Cuculiformes	Charadriiformes
947	178	277	98	0.25	1.0	admixture	gqshmm_ex_ancestral	N125	050	Cuculiformes	Charadriiformes
1125	0	375	0	0.25	1.0	admixture	dtohmm_derived	N125	050	Cuculiformes	Charadriiformes
1125	0	375	0	0.25	1.0	admixture	bcbhmm_ancestral	N125	050	Cuculiformes	Charadriiformes
1125	0	0	375	0.25	1.0	admixture	cqshmm_ex_ancestral	N125	050	Cuculiformes	Charadriiformes
1125	0	375	0	0.25	1.0	admixture	cqshmm_derived	N125	050	Cuculiformes	Charadriiformes
1125	0	0	375	0.25	1.0	admixture	pbphmm_ex_ancestral	N125	050	Cuculiformes	Charadriiformes
1121	4	1	374	0.25	1.0	admixture	cqshmm_ancestral	N125	050	Cuculiformes	Charadriiformes
1125	0	375	0	0.25	1.0	admixture	gqshmm_ex	N125	050	Cuculiformes	Charadriiformes
1125	0	0	375	0.25	1.0	admixture	pbphmm_ex_derived	N125	050	Cuculiformes	Charadriiformes
1125	0	375	0	0.25	1.0	admixture	mlthmm_derived	N125	050	Cuculiformes	Charadriiformes
466	659	375	0	0.25	1.0	admixture	dtohmm_ancestral	N546	025	N532	N567
1124	1	375	0	0.25	1.0	admixture	pbphmm_derived	N546	025	N532	N567
1125	0	28	347	0.25	1.0	admixture	pbphmm_ancestral	N546	025	N532	N567
933	192	346	29	0.25	1.0	admixture	gqshmm_ex_derived	N546	025	N532	N567
969	156	323	52	0.25	1.0	admixture	gqshmm_ancestral	N546	025	N532	N567
648	477	143	232	0.25	1.0	admixture	gqshmm_derived	N546	025	N532	N567
950	175	11	364	0.25	1.0	admixture	cqshmm_ex_derived	N546	025	N532	N567
1117	8	0	375	0.25	1.0	admixture	bcbhmm_derived	N546	025	N532	N567
630	495	310	65	0.25	1.0	admixture	mlthmm_ex_derived	N546	025	N532	N567
1105	20	371	4	0.25	1.0	admixture	mlthmm_ancestral	N546	025	N532	N567
937	188	303	72	0.25	1.0	admixture	dtohmm_ex_ancestral	N546	025	N532	N567
990	135	331	44	0.25	1.0	admixture	bcbhmm_ex_ancestral	N546	025	N532	N567
954	171	309	66	0.25	1.0	admixture	mlthmm_ex_ancestral	N546	025	N532	N567
647	478	219	156	0.25	1.0	admixture	bcbhmm_ex_derived	N546	025	N532	N567
1123	2	0	375	0.25	1.0	admixture	dtohmm_ex_derived	N546	025	N532	N567
1125	0	375	0	0.25	1.0	admixture	gqshmm_ex_ancestral	N546	025	N532	N567
1125	0	2	373	0.25	1.0	admixture	dtohmm_derived	N546	025	N532	N567
1122	3	372	3	0.25	1.0	admixture	bcbhmm_ancestral	N546	025	N532	N567
910	215	237	138	0.25	1.0	admixture	cqshmm_ex_ancestral	N546	025	N532	N567
1090	35	0	375	0.25	1.0	admixture	cqshmm_derived	N546	025	N532	N567
832	293	33	342	0.25	1.0	admixture	pbphmm_ex_ancestral	N546	025	N532	N567
1062	63	70	305	0.25	1.0	admixture	cqshmm_ancestral	N546	025	N532	N567
933	192	346	29	0.25	1.0	admixture	gqshmm_ex	N546	025	N532	N567
1120	5	0	375	0.25	1.0	admixture	pbphmm_ex_derived	N546	025	N532	N567
1108	17	0	375	0.25	1.0	admixture	mlthmm_derived	N546	025	N532	N567
883	467	99	51	0.1	1.0	admixture	dtohmm_ancestral	Strigiformes	050	N349	N299
1350	0	150	0	0.1	1.0	admixture	pbphmm_derived	Strigiformes	050	N349	N299
1205	145	144	6	0.1	1.0	admixture	pbphmm_ancestral	Strigiformes	050	N349	N299
1347	3	150	0	0.1	1.0	admixture	gqshmm_ex_derived	Strigiformes	050	N349	N299
849	501	94	56	0.1	1.0	admixture	gqshmm_ancestral	Strigiformes	050	N349	N299
1106	244	117	33	0.1	1.0	admixture	gqshmm_derived	Strigiformes	050	N349	N299
923	427	102	48	0.1	1.0	admixture	cqshmm_ex_derived	Strigiformes	050	N349	N299
890	460	150	0	0.1	1.0	admixture	bcbhmm_derived	Strigiformes	050	N349	N299
1052	298	118	32	0.1	1.0	admixture	mlthmm_ex_derived	Strigiformes	050	N349	N299
888	462	100	50	0.1	1.0	admixture	mlthmm_ancestral	Strigiformes	050	N349	N299
897	453	89	61	0.1	1.0	admixture	dtohmm_ex_ancestral	Strigiformes	050	N349	N299
706	644	80	70	0.1	1.0	admixture	bcbhmm_ex_ancestral	Strigiformes	050	N349	N299
884	466	112	38	0.1	1.0	admixture	mlthmm_ex_ancestral	Strigiformes	050	N349	N299
968	382	104	46	0.1	1.0	admixture	bcbhmm_ex_derived	Strigiformes	050	N349	N299
1005	345	116	34	0.1	1.0	admixture	dtohmm_ex_derived	Strigiformes	050	N349	N299
1074	276	112	38	0.1	1.0	admixture	gqshmm_ex_ancestral	Strigiformes	050	N349	N299
1123	227	100	50	0.1	1.0	admixture	dtohmm_derived	Strigiformes	050	N349	N299
841	509	96	54	0.1	1.0	admixture	bcbhmm_ancestral	Strigiformes	050	N349	N299
693	657	85	65	0.1	1.0	admixture	cqshmm_ex_ancestral	Strigiformes	050	N349	N299
1275	75	147	3	0.1	1.0	admixture	cqshmm_derived	Strigiformes	050	N349	N299
1317	33	147	3	0.1	1.0	admixture	pbphmm_ex_ancestral	Strigiformes	050	N349	N299
769	581	79	71	0.1	1.0	admixture	cqshmm_ancestral	Strigiformes	050	N349	N299
1347	3	150	0	0.1	1.0	admixture	gqshmm_ex	Strigiformes	050	N349	N299
1331	19	147	3	0.1	1.0	admixture	pbphmm_ex_derived	Strigiformes	050	N349	N299
1200	150	129	21	0.1	1.0	admixture	mlthmm_derived	Strigiformes	050	N349	N299
730	470	176	124	0.2	1.0	admixture	dtohmm_ancestral	Opisthocomushoazin	050	N275	N192
1200	0	300	0	0.2	1.0	admixture	pbphmm_derived	Opisthocomushoazin	050	N275	N192
1200	0	300	0	0.2	1.0	admixture	pbphmm_ancestral	Opisthocomushoazin	050	N275	N192
789	411	219	81	0.2	1.0	admixture	gqshmm_ex_derived	Opisthocomushoazin	050	N275	N192
632	568	162	138	0.2	1.0	admixture	gqshmm_ancestral	Opisthocomushoazin	050	N275	N192
776	424	204	96	0.2	1.0	admixture	gqshmm_derived	Opisthocomushoazin	050	N275	N192
879	321	204	96	0.2	1.0	admixture	cqshmm_ex_derived	Opisthocomushoazin	050	N275	N192
1200	0	300	0	0.2	1.0	admixture	bcbhmm_derived	Opisthocomushoazin	050	N275	N192
876	324	213	87	0.2	1.0	admixture	mlthmm_ex_derived	Opisthocomushoazin	050	N275	N192
649	551	156	144	0.2	1.0	admixture	mlthmm_ancestral	Opisthocomushoazin	050	N275	N192
732	468	174	126	0.2	1.0	admixture	dtohmm_ex_ancestral	Opisthocomushoazin	050	N275	N192
782	418	177	123	0.2	1.0	admixture	bcbhmm_ex_ancestral	Opisthocomushoazin	050	N275	N192
842	358	201	99	0.2	1.0	admixture	mlthmm_ex_ancestral	Opisthocomushoazin	050	N275	N192
910	290	211	89	0.2	1.0	admixture	bcbhmm_ex_derived	Opisthocomushoazin	050	N275	N192
865	335	206	94	0.2	1.0	admixture	dtohmm_ex_derived	Opisthocomushoazin	050	N275	N192
1200	0	300	0	0.2	1.0	admixture	gqshmm_ex_ancestral	Opisthocomushoazin	050	N275	N192
732	468	191	109	0.2	1.0	admixture	dtohmm_derived	Opisthocomushoazin	050	N275	N192
716	484	168	132	0.2	1.0	admixture	bcbhmm_ancestral	Opisthocomushoazin	050	N275	N192
823	377	192	108	0.2	1.0	admixture	cqshmm_ex_ancestral	Opisthocomushoazin	050	N275	N192
711	489	179	121	0.2	1.0	admixture	cqshmm_derived	Opisthocomushoazin	050	N275	N192
1193	7	299	1	0.2	1.0	admixture	pbphmm_ex_ancestral	Opisthocomushoazin	050	N275	N192
733	467	174	126	0.2	1.0	admixture	cqshmm_ancestral	Opisthocomushoazin	050	N275	N192
1129	71	278	22	0.2	1.0	admixture	pbphmm_ex_derived	Opisthocomushoazin	050	N275	N192
783	417	207	93	0.2	1.0	admixture	mlthmm_derived	Opisthocomushoazin	050	N275	N192
1422	3	40	35	0.05	1.0	admixture	dtohmm_ancestral	N125	025	Cuculiformes	Charadriiformes
1425	0	75	0	0.05	1.0	admixture	pbphmm_derived	N125	025	Cuculiformes	Charadriiformes
1425	0	38	37	0.05	1.0	admixture	pbphmm_ancestral	N125	025	Cuculiformes	Charadriiformes
1425	0	75	0	0.05	1.0	admixture	gqshmm_ex_derived	N125	025	Cuculiformes	Charadriiformes
1425	0	75	0	0.05	1.0	admixture	gqshmm_ancestral	N125	025	Cuculiformes	Charadriiformes
1419	6	75	0	0.05	1.0	admixture	gqshmm_derived	N125	025	Cuculiformes	Charadriiformes
1418	7	75	0	0.05	1.0	admixture	cqshmm_ex_derived	N125	025	Cuculiformes	Charadriiformes
1425	0	75	0	0.05	1.0	admixture	bcbhmm_derived	N125	025	Cuculiformes	Charadriiformes
1425	0	4	71	0.05	1.0	admixture	mlthmm_ex_derived	N125	025	Cuculiformes	Charadriiformes
1425	0	75	0	0.05	1.0	admixture	mlthmm_ancestral	N125	025	Cuculiformes	Charadriiformes
1425	0	0	75	0.05	1.0	admixture	dtohmm_ex_ancestral	N125	025	Cuculiformes	Charadriiformes
1425	0	4	71	0.05	1.0	admixture	bcbhmm_ex_ancestral	N125	025	Cuculiformes	Charadriiformes
910	515	46	29	0.05	1.0	admixture	mlthmm_ex_ancestral	N125	025	Cuculiformes	Charadriiformes
1425	0	4	71	0.05	1.0	admixture	bcbhmm_ex_derived	N125	025	Cuculiformes	Charadriiformes
1425	0	0	75	0.05	1.0	admixture	dtohmm_ex_derived	N125	025	Cuculiformes	Charadriiformes
1120	305	0	75	0.05	1.0	admixture	gqshmm_ex_ancestral	N125	025	Cuculiformes	Charadriiformes
1425	0	75	0	0.05	1.0	admixture	dtohmm_derived	N125	025	Cuculiformes	Charadriiformes
1425	0	13	62	0.05	1.0	admixture	bcbhmm_ancestral	N125	025	Cuculiformes	Charadriiformes
1365	60	74	1	0.05	1.0	admixture	cqshmm_ex_ancestral	N125	025	Cuculiformes	Charadriiformes
1425	0	75	0	0.05	1.0	admixture	cqshmm_derived	N125	025	Cuculiformes	Charadriiformes
1425	0	0	75	0.05	1.0	admixture	pbphmm_ex_ancestral	N125	025	Cuculiformes	Charadriiformes
1425	0	38	37	0.05	1.0	admixture	cqshmm_ancestral	N125	025	Cuculiformes	Charadriiformes
1425	0	75	0	0.05	1.0	admixture	gqshmm_ex	N125	025	Cuculiformes	Charadriiformes
1425	0	0	75	0.05	1.0	admixture	pbphmm_ex_derived	N125	025	Cuculiformes	Charadriiformes
1425	0	75	0	0.05	1.0	admixture	mlthmm_derived	N125	025	Cuculiformes	Charadriiformes
1272	3	61	164	0.15	1.0	admixture	dtohmm_ancestral	N125	050	Cuculiformes	Charadriiformes
1275	0	225	0	0.15	1.0	admixture	pbphmm_derived	N125	050	Cuculiformes	Charadriiformes
1275	0	9	216	0.15	1.0	admixture	pbphmm_ancestral	N125	050	Cuculiformes	Charadriiformes
1275	0	225	0	0.15	1.0	admixture	gqshmm_ex_derived	N125	050	Cuculiformes	Charadriiformes
1275	0	225	0	0.15	1.0	admixture	gqshmm_ancestral	N125	050	Cuculiformes	Charadriiformes
1270	5	225	0	0.15	1.0	admixture	gqshmm_derived	N125	050	Cuculiformes	Charadriiformes
1267	8	224	1	0.15	1.0	admixture	cqshmm_ex_derived	N125	050	Cuculiformes	Charadriiformes
1275	0	225	0	0.15	1.0	admixture	bcbhmm_derived	N125	050	Cuculiformes	Charadriiformes
1275	0	0	225	0.15	1.0	admixture	mlthmm_ex_derived	N125	050	Cuculiformes	Charadriiformes
1275	0	225	0	0.15	1.0	admixture	mlthmm_ancestral	N125	050	Cuculiformes	Charadriiformes
1275	0	4	221	0.15	1.0	admixture	dtohmm_ex_ancestral	N125	050	Cuculiformes	Charadriiformes
1275	0	4	221	0.15	1.0	admixture	bcbhmm_ex_ancestral	N125	050	Cuculiformes	Charadriiformes
1275	0	4	221	0.15	1.0	admixture	mlthmm_ex_ancestral	N125	050	Cuculiformes	Charadriiformes
1275	0	0	225	0.15	1.0	admixture	bcbhmm_ex_derived	N125	050	Cuculiformes	Charadriiformes
1275	0	0	225	0.15	1.0	admixture	dtohmm_ex_derived	N125	050	Cuculiformes	Charadriiformes
1007	268	158	67	0.15	1.0	admixture	gqshmm_ex_ancestral	N125	050	Cuculiformes	Charadriiformes
1275	0	225	0	0.15	1.0	admixture	dtohmm_derived	N125	050	Cuculiformes	Charadriiformes
1275	0	225	0	0.15	1.0	admixture	bcbhmm_ancestral	N125	050	Cuculiformes	Charadriiformes
1224	51	222	3	0.15	1.0	admixture	cqshmm_ex_ancestral	N125	050	Cuculiformes	Charadriiformes
1275	0	225	0	0.15	1.0	admixture	cqshmm_derived	N125	050	Cuculiformes	Charadriiformes
1275	0	0	225	0.15	1.0	admixture	pbphmm_ex_ancestral	N125	050	Cuculiformes	Charadriiformes
1275	0	9	216	0.15	1.0	admixture	cqshmm_ancestral	N125	050	Cuculiformes	Charadriiformes
1275	0	225	0	0.15	1.0	admixture	gqshmm_ex	N125	050	Cuculiformes	Charadriiformes
1275	0	0	225	0.15	1.0	admixture	pbphmm_ex_derived	N125	050	Cuculiformes	Charadriiformes
1275	0	225	0	0.15	1.0	admixture	mlthmm_derived	N125	050	Cuculiformes	Charadriiformes
1061	214	112	113	0.15	1.0	admixture	dtohmm_ancestral	N689	025	N657	N672
865	410	135	90	0.15	1.0	admixture	pbphmm_derived	N689	025	N657	N672
664	611	113	112	0.15	1.0	admixture	pbphmm_ancestral	N689	025	N657	N672
725	550	135	90	0.15	1.0	admixture	gqshmm_ex_derived	N689	025	N657	N672
1242	33	213	12	0.15	1.0	admixture	gqshmm_ancestral	N689	025	N657	N672
949	326	149	76	0.15	1.0	admixture	gqshmm_derived	N689	025	N657	N672
845	430	135	90	0.15	1.0	admixture	cqshmm_ex_derived	N689	025	N657	N672
1219	56	225	0	0.15	1.0	admixture	bcbhmm_derived	N689	025	N657	N672
788	487	135	90	0.15	1.0	admixture	mlthmm_ex_derived	N689	025	N657	N672
1265	10	223	2	0.15	1.0	admixture	mlthmm_ancestral	N689	025	N657	N672
1005	270	182	43	0.15	1.0	admixture	dtohmm_ex_ancestral	N689	025	N657	N672
1184	91	211	14	0.15	1.0	admixture	bcbhmm_ex_ancestral	N689	025	N657	N672
930	345	171	54	0.15	1.0	admixture	mlthmm_ex_ancestral	N689	025	N657	N672
916	359	164	61	0.15	1.0	admixture	bcbhmm_ex_derived	N689	025	N657	N672
753	522	127	98	0.15	1.0	admixture	dtohmm_ex_derived	N689	025	N657	N672
1221	54	209	16	0.15	1.0	admixture	gqshmm_ex_ancestral	N689	025	N657	N672
1083	192	179	46	0.15	1.0	admixture	dtohmm_derived	N689	025	N657	N672
1272	3	223	2	0.15	1.0	admixture	bcbhmm_ancestral	N689	025	N657	N672
949	326	155	70	0.15	1.0	admixture	cqshmm_ex_ancestral	N689	025	N657	N672
1210	65	140	85	0.15	1.0	admixture	cqshmm_derived	N689	025	N657	N672
824	451	54	171	0.15	1.0	admixture	pbphmm_ex_ancestral	N689	025	N657	N672
946	329	154	71	0.15	1.0	admixture	cqshmm_ancestral	N689	025	N657	N672
725	550	135	90	0.15	1.0	admixture	gqshmm_ex	N689	025	N657	N672
820	455	182	43	0.15	1.0	admixture	pbphmm_ex_derived	N689	025	N657	N672
763	512	124	101	0.15	1.0	admixture	mlthmm_derived	N689	025	N657	N672
1309	41	150	0	0.1	1.0	admixture	dtohmm_ancestral	N689	050	N657	N672
983	367	66	84	0.1	1.0	admixture	pbphmm_derived	N689	050	N657	N672
697	653	73	77	0.1	1.0	admixture	pbphmm_ancestral	N689	050	N657	N672
896	454	92	58	0.1	1.0	admixture	gqshmm_ex_derived	N689	050	N657	N672
1312	38	145	5	0.1	1.0	admixture	gqshmm_ancestral	N689	050	N657	N672
1014	336	101	49	0.1	1.0	admixture	gqshmm_derived	N689	050	N657	N672
899	451	89	61	0.1	1.0	admixture	cqshmm_ex_derived	N689	050	N657	N672
1248	102	146	4	0.1	1.0	admixture	bcbhmm_derived	N689	050	N657	N672
818	532	75	75	0.1	1.0	admixture	mlthmm_ex_derived	N689	050	N657	N672
1336	14	150	0	0.1	1.0	admixture	mlthmm_ancestral	N689	050	N657	N672
940	410	122	28	0.1	1.0	admixture	dtohmm_ex_ancestral	N689	050	N657	N672
1216	134	136	14	0.1	1.0	admixture	bcbhmm_ex_ancestral	N689	050	N657	N672
978	372	123	27	0.1	1.0	admixture	mlthmm_ex_ancestral	N689	050	N657	N672
994	356	113	37	0.1	1.0	admixture	bcbhmm_ex_derived	N689	050	N657	N672
799	551	76	74	0.1	1.0	admixture	dtohmm_ex_derived	N689	050	N657	N672
1302	48	144	6	0.1	1.0	admixture	gqshmm_ex_ancestral	N689	050	N657	N672
1031	319	116	34	0.1	1.0	admixture	dtohmm_derived	N689	050	N657	N672
1346	4	150	0	0.1	1.0	admixture	bcbhmm_ancestral	N689	050	N657	N672
991	359	95	55	0.1	1.0	admixture	cqshmm_ex_ancestral	N689	050	N657	N672
1134	216	59	91	0.1	1.0	admixture	cqshmm_derived	N689	050	N657	N672
745	605	13	137	0.1	1.0	admixture	pbphmm_ex_ancestral	N689	050	N657	N672
1037	313	105	45	0.1	1.0	admixture	cqshmm_ancestral	N689	050	N657	N672
896	454	92	58	0.1	1.0	admixture	gqshmm_ex	N689	050	N657	N672
976	374	127	23	0.1	1.0	admixture	pbphmm_ex_derived	N689	050	N657	N672
811	539	75	75	0.1	1.0	admixture	mlthmm_derived	N689	050	N657	N672
863	562	46	29	0.05	1.0	admixture	dtohmm_ancestral	Falconiformes	025	Accipitriformes	N717
1425	0	75	0	0.05	1.0	admixture	pbphmm_derived	Falconiformes	025	Accipitriformes	N717
1287	138	71	4	0.05	1.0	admixture	pbphmm_ancestral	Falconiformes	025	Accipitriformes	N717
1424	1	75	0	0.05	1.0	admixture	gqshmm_ex_derived	Falconiformes	025	Accipitriformes	N717
836	589	37	38	0.05	1.0	admixture	gqshmm_ancestral	Falconiformes	025	Accipitriformes	N717
1425	0	75	0	0.05	1.0	admixture	gqshmm_derived	Falconiformes	025	Accipitriformes	N717
893	532	48	27	0.05	1.0	admixture	cqshmm_ex_derived	Falconiformes	025	Accipitriformes	N717
1425	0	75	0	0.05	1.0	admixture	bcbhmm_derived	Falconiformes	025	Accipitriformes	N717
717	708	35	40	0.05	1.0	admixture	mlthmm_ex_derived	Falconiformes	025	Accipitriformes	N717
1333	92	75	0	0.05	1.0	admixture	mlthmm_ancestral	Falconiformes	025	Accipitriformes	N717
769	656	39	36	0.05	1.0	admixture	dtohmm_ex_ancestral	Falconiformes	025	Accipitriformes	N717
1010	415	51	24	0.05	1.0	admixture	bcbhmm_ex_ancestral	Falconiformes	025	Accipitriformes	N717
821	604	41	34	0.05	1.0	admixture	mlthmm_ex_ancestral	Falconiformes	025	Accipitriformes	N717
724	701	36	39	0.05	1.0	admixture	bcbhmm_ex_derived	Falconiformes	025	Accipitriformes	N717
759	666	40	35	0.05	1.0	admixture	dtohmm_ex_derived	Falconiformes	025	Accipitriformes	N717
1425	0	75	0	0.05	1.0	admixture	gqshmm_ex_ancestral	Falconiformes	025	Accipitriformes	N717
1425	0	75	0	0.05	1.0	admixture	dtohmm_derived	Falconiformes	025	Accipitriformes	N717
914	511	47	28	0.05	1.0	admixture	bcbhmm_ancestral	Falconiformes	025	Accipitriformes	N717
726	699	33	42	0.05	1.0	admixture	cqshmm_ex_ancestral	Falconiformes	025	Accipitriformes	N717
1425	0	75	0	0.05	1.0	admixture	cqshmm_derived	Falconiformes	025	Accipitriformes	N717
1264	161	70	5	0.05	1.0	admixture	pbphmm_ex_ancestral	Falconiformes	025	Accipitriformes	N717
953	472	45	30	0.05	1.0	admixture	cqshmm_ancestral	Falconiformes	025	Accipitriformes	N717
1424	1	75	0	0.05	1.0	admixture	gqshmm_ex	Falconiformes	025	Accipitriformes	N717
1366	59	74	1	0.05	1.0	admixture	pbphmm_ex_derived	Falconiformes	025	Accipitriformes	N717
1425	0	75	0	0.05	1.0	admixture	mlthmm_derived	Falconiformes	025	Accipitriformes	N717
924	351	160	65	0.15	1.0	admixture	dtohmm_ancestral	Coraciiformes	025	N220	N202
1223	52	213	12	0.15	1.0	admixture	pbphmm_derived	Coraciiformes	025	N220	N202
1258	17	225	0	0.15	1.0	admixture	pbphmm_ancestral	Coraciiformes	025	N220	N202
1018	257	183	42	0.15	1.0	admixture	gqshmm_ex_derived	Coraciiformes	025	N220	N202
914	361	172	53	0.15	1.0	admixture	gqshmm_ancestral	Coraciiformes	025	N220	N202
1201	74	207	18	0.15	1.0	admixture	gqshmm_derived	Coraciiformes	025	N220	N202
1201	74	204	21	0.15	1.0	admixture	cqshmm_ex_derived	Coraciiformes	025	N220	N202
1275	0	225	0	0.15	1.0	admixture	bcbhmm_derived	Coraciiformes	025	N220	N202
844	431	163	62	0.15	1.0	admixture	mlthmm_ex_derived	Coraciiformes	025	N220	N202
929	346	172	53	0.15	1.0	admixture	mlthmm_ancestral	Coraciiformes	025	N220	N202
734	541	134	91	0.15	1.0	admixture	dtohmm_ex_ancestral	Coraciiformes	025	N220	N202
874	401	170	55	0.15	1.0	admixture	bcbhmm_ex_ancestral	Coraciiformes	025	N220	N202
827	448	147	78	0.15	1.0	admixture	mlthmm_ex_ancestral	Coraciiformes	025	N220	N202
1181	94	212	13	0.15	1.0	admixture	bcbhmm_ex_derived	Coraciiformes	025	N220	N202
958	317	167	58	0.15	1.0	admixture	dtohmm_ex_derived	Coraciiformes	025	N220	N202
967	308	179	46	0.15	1.0	admixture	gqshmm_ex_ancestral	Coraciiformes	025	N220	N202
1261	14	221	4	0.15	1.0	admixture	dtohmm_derived	Coraciiformes	025	N220	N202
996	279	169	56	0.15	1.0	admixture	bcbhmm_ancestral	Coraciiformes	025	N220	N202
654	621	139	86	0.15	1.0	admixture	cqshmm_ex_ancestral	Coraciiformes	025	N220	N202
1249	26	219	6	0.15	1.0	admixture	cqshmm_derived	Coraciiformes	025	N220	N202
1252	23	223	2	0.15	1.0	admixture	pbphmm_ex_ancestral	Coraciiformes	025	N220	N202
827	448	138	87	0.15	1.0	admixture	cqshmm_ancestral	Coraciiformes	025	N220	N202
1018	257	183	42	0.15	1.0	admixture	gqshmm_ex	Coraciiformes	025	N220	N202
788	487	144	81	0.15	1.0	admixture	pbphmm_ex_derived	Coraciiformes	025	N220	N202
1275	0	225	0	0.15	1.0	admixture	mlthmm_derived	Coraciiformes	025	N220	N202
1096	29	29	346	0.25	1.0	admixture	dtohmm_ancestral	Columbiformes	050	Mesitornisunicolor	N93
1125	0	375	0	0.25	1.0	admixture	pbphmm_derived	Columbiformes	050	Mesitornisunicolor	N93
1096	29	1	374	0.25	1.0	admixture	pbphmm_ancestral	Columbiformes	050	Mesitornisunicolor	N93
991	134	351	24	0.25	1.0	admixture	gqshmm_ex_derived	Columbiformes	050	Mesitornisunicolor	N93
1114	11	371	4	0.25	1.0	admixture	gqshmm_ancestral	Columbiformes	050	Mesitornisunicolor	N93
1125	0	375	0	0.25	1.0	admixture	gqshmm_derived	Columbiformes	050	Mesitornisunicolor	N93
581	544	222	153	0.25	1.0	admixture	cqshmm_ex_derived	Columbiformes	050	Mesitornisunicolor	N93
1125	0	375	0	0.25	1.0	admixture	bcbhmm_derived	Columbiformes	050	Mesitornisunicolor	N93
576	549	226	149	0.25	1.0	admixture	mlthmm_ex_derived	Columbiformes	050	Mesitornisunicolor	N93
1040	85	363	12	0.25	1.0	admixture	mlthmm_ancestral	Columbiformes	050	Mesitornisunicolor	N93
755	370	183	192	0.25	1.0	admixture	dtohmm_ex_ancestral	Columbiformes	050	Mesitornisunicolor	N93
658	467	287	88	0.25	1.0	admixture	bcbhmm_ex_ancestral	Columbiformes	050	Mesitornisunicolor	N93
759	366	289	86	0.25	1.0	admixture	mlthmm_ex_ancestral	Columbiformes	050	Mesitornisunicolor	N93
624	501	303	72	0.25	1.0	admixture	bcbhmm_ex_derived	Columbiformes	050	Mesitornisunicolor	N93
739	386	268	107	0.25	1.0	admixture	dtohmm_ex_derived	Columbiformes	050	Mesitornisunicolor	N93
1125	0	375	0	0.25	1.0	admixture	gqshmm_ex_ancestral	Columbiformes	050	Mesitornisunicolor	N93
1125	0	375	0	0.25	1.0	admixture	dtohmm_derived	Columbiformes	050	Mesitornisunicolor	N93
993	132	322	53	0.25	1.0	admixture	bcbhmm_ancestral	Columbiformes	050	Mesitornisunicolor	N93
633	492	240	135	0.25	1.0	admixture	cqshmm_ex_ancestral	Columbiformes	050	Mesitornisunicolor	N93
1125	0	375	0	0.25	1.0	admixture	cqshmm_derived	Columbiformes	050	Mesitornisunicolor	N93
849	276	262	113	0.25	1.0	admixture	pbphmm_ex_ancestral	Columbiformes	050	Mesitornisunicolor	N93
1125	0	1	374	0.25	1.0	admixture	cqshmm_ancestral	Columbiformes	050	Mesitornisunicolor	N93
991	134	351	24	0.25	1.0	admixture	gqshmm_ex	Columbiformes	050	Mesitornisunicolor	N93
580	545	172	203	0.25	1.0	admixture	pbphmm_ex_derived	Columbiformes	050	Mesitornisunicolor	N93
1125	0	375	0	0.25	1.0	admixture	mlthmm_derived	Columbiformes	050	Mesitornisunicolor	N93
848	502	97	53	0.1	1.0	admixture	dtohmm_ancestral	Falconiformes	050	Accipitriformes	N717
1350	0	150	0	0.1	1.0	admixture	pbphmm_derived	Falconiformes	050	Accipitriformes	N717
1213	137	145	5	0.1	1.0	admixture	pbphmm_ancestral	Falconiformes	050	Accipitriformes	N717
1348	2	150	0	0.1	1.0	admixture	gqshmm_ex_derived	Falconiformes	050	Accipitriformes	N717
799	551	91	59	0.1	1.0	admixture	gqshmm_ancestral	Falconiformes	050	Accipitriformes	N717
1350	0	150	0	0.1	1.0	admixture	gqshmm_derived	Falconiformes	050	Accipitriformes	N717
867	483	106	44	0.1	1.0	admixture	cqshmm_ex_derived	Falconiformes	050	Accipitriformes	N717
1350	0	150	0	0.1	1.0	admixture	bcbhmm_derived	Falconiformes	050	Accipitriformes	N717
674	676	76	74	0.1	1.0	admixture	mlthmm_ex_derived	Falconiformes	050	Accipitriformes	N717
1323	27	141	9	0.1	1.0	admixture	mlthmm_ancestral	Falconiformes	050	Accipitriformes	N717
803	547	84	66	0.1	1.0	admixture	dtohmm_ex_ancestral	Falconiformes	050	Accipitriformes	N717
951	399	107	43	0.1	1.0	admixture	bcbhmm_ex_ancestral	Falconiformes	050	Accipitriformes	N717
775	575	92	58	0.1	1.0	admixture	mlthmm_ex_ancestral	Falconiformes	050	Accipitriformes	N717
682	668	78	72	0.1	1.0	admixture	bcbhmm_ex_derived	Falconiformes	050	Accipitriformes	N717
717	633	86	64	0.1	1.0	admixture	dtohmm_ex_derived	Falconiformes	050	Accipitriformes	N717
988	362	103	47	0.1	1.0	admixture	gqshmm_ex_ancestral	Falconiformes	050	Accipitriformes	N717
1350	0	150	0	0.1	1.0	admixture	dtohmm_derived	Falconiformes	050	Accipitriformes	N717
1045	305	110	40	0.1	1.0	admixture	bcbhmm_ancestral	Falconiformes	050	Accipitriformes	N717
894	456	92	58	0.1	1.0	admixture	cqshmm_ex_ancestral	Falconiformes	050	Accipitriformes	N717
1350	0	150	0	0.1	1.0	admixture	cqshmm_derived	Falconiformes	050	Accipitriformes	N717
1205	145	142	8	0.1	1.0	admixture	pbphmm_ex_ancestral	Falconiformes	050	Accipitriformes	N717
1076	274	118	32	0.1	1.0	admixture	cqshmm_ancestral	Falconiformes	050	Accipitriformes	N717
1348	2	150	0	0.1	1.0	admixture	gqshmm_ex	Falconiformes	050	Accipitriformes	N717
1289	61	148	2	0.1	1.0	admixture	pbphmm_ex_derived	Falconiformes	050	Accipitriformes	N717
1350	0	150	0	0.1	1.0	admixture	mlthmm_derived	Falconiformes	050	Accipitriformes	N717
1431	39	29	1	0.02	1.0	admixture	dtohmm_ancestral	Coraciiformes	050	Bucerotiformes	Piciformes
1419	51	12	18	0.02	1.0	admixture	pbphmm_derived	Coraciiformes	050	Bucerotiformes	Piciformes
900	570	8	22	0.02	1.0	admixture	pbphmm_ancestral	Coraciiformes	050	Bucerotiformes	Piciformes
1167	303	18	12	0.02	1.0	admixture	gqshmm_ex_derived	Coraciiformes	050	Bucerotiformes	Piciformes
1278	192	21	9	0.02	1.0	admixture	gqshmm_ancestral	Coraciiformes	050	Bucerotiformes	Piciformes
1391	79	24	6	0.02	1.0	admixture	gqshmm_derived	Coraciiformes	050	Bucerotiformes	Piciformes
1337	133	26	4	0.02	1.0	admixture	cqshmm_ex_derived	Coraciiformes	050	Bucerotiformes	Piciformes
1470	0	30	0	0.02	1.0	admixture	bcbhmm_derived	Coraciiformes	050	Bucerotiformes	Piciformes
896	574	14	16	0.02	1.0	admixture	mlthmm_ex_derived	Coraciiformes	050	Bucerotiformes	Piciformes
1442	28	30	0	0.02	1.0	admixture	mlthmm_ancestral	Coraciiformes	050	Bucerotiformes	Piciformes
1109	361	24	6	0.02	1.0	admixture	dtohmm_ex_ancestral	Coraciiformes	050	Bucerotiformes	Piciformes
1469	1	30	0	0.02	1.0	admixture	bcbhmm_ex_ancestral	Coraciiformes	050	Bucerotiformes	Piciformes
1206	264	17	13	0.02	1.0	admixture	mlthmm_ex_ancestral	Coraciiformes	050	Bucerotiformes	Piciformes
1348	122	29	1	0.02	1.0	admixture	bcbhmm_ex_derived	Coraciiformes	050	Bucerotiformes	Piciformes
1271	199	23	7	0.02	1.0	admixture	dtohmm_ex_derived	Coraciiformes	050	Bucerotiformes	Piciformes
951	519	13	17	0.02	1.0	admixture	gqshmm_ex_ancestral	Coraciiformes	050	Bucerotiformes	Piciformes
1448	22	28	2	0.02	1.0	admixture	dtohmm_derived	Coraciiformes	050	Bucerotiformes	Piciformes
1320	150	26	4	0.02	1.0	admixture	bcbhmm_ancestral	Coraciiformes	050	Bucerotiformes	Piciformes
1299	171	26	4	0.02	1.0	admixture	cqshmm_ex_ancestral	Coraciiformes	050	Bucerotiformes	Piciformes
1452	18	24	6	0.02	1.0	admixture	cqshmm_derived	Coraciiformes	050	Bucerotiformes	Piciformes
787	683	11	19	0.02	1.0	admixture	pbphmm_ex_ancestral	Coraciiformes	050	Bucerotiformes	Piciformes
1434	36	30	0	0.02	1.0	admixture	cqshmm_ancestral	Coraciiformes	050	Bucerotiformes	Piciformes
1167	303	18	12	0.02	1.0	admixture	gqshmm_ex	Coraciiformes	050	Bucerotiformes	Piciformes
1230	240	21	9	0.02	1.0	admixture	pbphmm_ex_derived	Coraciiformes	050	Bucerotiformes	Piciformes
1470	0	30	0	0.02	1.0	admixture	mlthmm_derived	Coraciiformes	050	Bucerotiformes	Piciformes
1185	15	291	9	0.2	1.0	admixture	dtohmm_ancestral	Coraciiformes	025	Bucerotiformes	Piciformes
1200	0	20	280	0.2	1.0	admixture	pbphmm_derived	Coraciiformes	025	Bucerotiformes	Piciformes
927	273	189	111	0.2	1.0	admixture	pbphmm_ancestral	Coraciiformes	025	Bucerotiformes	Piciformes
742	458	158	142	0.2	1.0	admixture	gqshmm_ex_derived	Coraciiformes	025	Bucerotiformes	Piciformes
1045	155	264	36	0.2	1.0	admixture	gqshmm_ancestral	Coraciiformes	025	Bucerotiformes	Piciformes
1129	71	222	78	0.2	1.0	admixture	gqshmm_derived	Coraciiformes	025	Bucerotiformes	Piciformes
1000	200	214	86	0.2	1.0	admixture	cqshmm_ex_derived	Coraciiformes	025	Bucerotiformes	Piciformes
1200	0	279	21	0.2	1.0	admixture	bcbhmm_derived	Coraciiformes	025	Bucerotiformes	Piciformes
1071	129	227	73	0.2	1.0	admixture	mlthmm_ex_derived	Coraciiformes	025	Bucerotiformes	Piciformes
1194	6	285	15	0.2	1.0	admixture	mlthmm_ancestral	Coraciiformes	025	Bucerotiformes	Piciformes
908	292	253	47	0.2	1.0	admixture	dtohmm_ex_ancestral	Coraciiformes	025	Bucerotiformes	Piciformes
1193	7	298	2	0.2	1.0	admixture	bcbhmm_ex_ancestral	Coraciiformes	025	Bucerotiformes	Piciformes
989	211	241	59	0.2	1.0	admixture	mlthmm_ex_ancestral	Coraciiformes	025	Bucerotiformes	Piciformes
1011	189	231	69	0.2	1.0	admixture	bcbhmm_ex_derived	Coraciiformes	025	Bucerotiformes	Piciformes
1141	59	276	24	0.2	1.0	admixture	dtohmm_ex_derived	Coraciiformes	025	Bucerotiformes	Piciformes
914	286	185	115	0.2	1.0	admixture	gqshmm_ex_ancestral	Coraciiformes	025	Bucerotiformes	Piciformes
1146	54	6	294	0.2	1.0	admixture	dtohmm_derived	Coraciiformes	025	Bucerotiformes	Piciformes
1186	14	295	5	0.2	1.0	admixture	bcbhmm_ancestral	Coraciiformes	025	Bucerotiformes	Piciformes
752	448	209	91	0.2	1.0	admixture	cqshmm_ex_ancestral	Coraciiformes	025	Bucerotiformes	Piciformes
1135	65	4	296	0.2	1.0	admixture	cqshmm_derived	Coraciiformes	025	Bucerotiformes	Piciformes
648	552	179	121	0.2	1.0	admixture	pbphmm_ex_ancestral	Coraciiformes	025	Bucerotiformes	Piciformes
1173	27	291	9	0.2	1.0	admixture	cqshmm_ancestral	Coraciiformes	025	Bucerotiformes	Piciformes
742	458	158	142	0.2	1.0	admixture	gqshmm_ex	Coraciiformes	025	Bucerotiformes	Piciformes
1163	37	224	76	0.2	1.0	admixture	pbphmm_ex_derived	Coraciiformes	025	Bucerotiformes	Piciformes
1174	26	6	294	0.2	1.0	admixture	mlthmm_derived	Coraciiformes	025	Bucerotiformes	Piciformes
1129	341	24	6	0.02	1.0	admixture	dtohmm_ancestral	Coraciiformes	025	N220	N202
1470	0	30	0	0.02	1.0	admixture	pbphmm_derived	Coraciiformes	025	N220	N202
1401	69	29	1	0.02	1.0	admixture	pbphmm_ancestral	Coraciiformes	025	N220	N202
1148	322	22	8	0.02	1.0	admixture	gqshmm_ex_derived	Coraciiformes	025	N220	N202
1061	409	22	8	0.02	1.0	admixture	gqshmm_ancestral	Coraciiformes	025	N220	N202
1390	80	25	5	0.02	1.0	admixture	gqshmm_derived	Coraciiformes	025	N220	N202
1206	264	26	4	0.02	1.0	admixture	cqshmm_ex_derived	Coraciiformes	025	N220	N202
1470	0	30	0	0.02	1.0	admixture	bcbhmm_derived	Coraciiformes	025	N220	N202
961	509	24	6	0.02	1.0	admixture	mlthmm_ex_derived	Coraciiformes	025	N220	N202
1220	250	25	5	0.02	1.0	admixture	mlthmm_ancestral	Coraciiformes	025	N220	N202
848	622	18	12	0.02	1.0	admixture	dtohmm_ex_ancestral	Coraciiformes	025	N220	N202
956	514	21	9	0.02	1.0	admixture	bcbhmm_ex_ancestral	Coraciiformes	025	N220	N202
958	512	21	9	0.02	1.0	admixture	mlthmm_ex_ancestral	Coraciiformes	025	N220	N202
1359	111	30	0	0.02	1.0	admixture	bcbhmm_ex_derived	Coraciiformes	025	N220	N202
1252	218	26	4	0.02	1.0	admixture	dtohmm_ex_derived	Coraciiformes	025	N220	N202
988	482	21	9	0.02	1.0	admixture	gqshmm_ex_ancestral	Coraciiformes	025	N220	N202
1430	40	28	2	0.02	1.0	admixture	dtohmm_derived	Coraciiformes	025	N220	N202
1014	456	18	12	0.02	1.0	admixture	bcbhmm_ancestral	Coraciiformes	025	N220	N202
796	674	15	15	0.02	1.0	admixture	cqshmm_ex_ancestral	Coraciiformes	025	N220	N202
1440	30	30	0	0.02	1.0	admixture	cqshmm_derived	Coraciiformes	025	N220	N202
1441	29	30	0	0.02	1.0	admixture	pbphmm_ex_ancestral	Coraciiformes	025	N220	N202
757	713	22	8	0.02	1.0	admixture	cqshmm_ancestral	Coraciiformes	025	N220	N202
1149	321	22	8	0.02	1.0	admixture	gqshmm_ex	Coraciiformes	025	N220	N202
1253	217	23	7	0.02	1.0	admixture	pbphmm_ex_derived	Coraciiformes	025	N220	N202
1426	44	26	4	0.02	1.0	admixture	mlthmm_derived	Coraciiformes	025	N220	N202
861	609	17	13	0.02	1.0	admixture	dtohmm_ancestral	Columbiformes	050	Mesitornisunicolor	N93
1470	0	30	0	0.02	1.0	admixture	pbphmm_derived	Columbiformes	050	Mesitornisunicolor	N93
1469	1	0	30	0.02	1.0	admixture	pbphmm_ancestral	Columbiformes	050	Mesitornisunicolor	N93
886	584	22	8	0.02	1.0	admixture	gqshmm_ex_derived	Columbiformes	050	Mesitornisunicolor	N93
1458	12	30	0	0.02	1.0	admixture	gqshmm_ancestral	Columbiformes	050	Mesitornisunicolor	N93
1470	0	30	0	0.02	1.0	admixture	gqshmm_derived	Columbiformes	050	Mesitornisunicolor	N93
1101	369	23	7	0.02	1.0	admixture	cqshmm_ex_derived	Columbiformes	050	Mesitornisunicolor	N93
1470	0	30	0	0.02	1.0	admixture	bcbhmm_derived	Columbiformes	050	Mesitornisunicolor	N93
856	614	10	20	0.02	1.0	admixture	mlthmm_ex_derived	Columbiformes	050	Mesitornisunicolor	N93
1346	124	30	0	0.02	1.0	admixture	mlthmm_ancestral	Columbiformes	050	Mesitornisunicolor	N93
919	551	13	17	0.02	1.0	admixture	dtohmm_ex_ancestral	Columbiformes	050	Mesitornisunicolor	N93
855	615	25	5	0.02	1.0	admixture	bcbhmm_ex_ancestral	Columbiformes	050	Mesitornisunicolor	N93
984	486	25	5	0.02	1.0	admixture	mlthmm_ex_ancestral	Columbiformes	050	Mesitornisunicolor	N93
818	652	24	6	0.02	1.0	admixture	bcbhmm_ex_derived	Columbiformes	050	Mesitornisunicolor	N93
986	484	20	10	0.02	1.0	admixture	dtohmm_ex_derived	Columbiformes	050	Mesitornisunicolor	N93
1470	0	30	0	0.02	1.0	admixture	gqshmm_ex_ancestral	Columbiformes	050	Mesitornisunicolor	N93
1470	0	30	0	0.02	1.0	admixture	dtohmm_derived	Columbiformes	050	Mesitornisunicolor	N93
1299	171	26	4	0.02	1.0	admixture	bcbhmm_ancestral	Columbiformes	050	Mesitornisunicolor	N93
869	601	11	19	0.02	1.0	admixture	cqshmm_ex_ancestral	Columbiformes	050	Mesitornisunicolor	N93
1470	0	30	0	0.02	1.0	admixture	cqshmm_derived	Columbiformes	050	Mesitornisunicolor	N93
1091	379	16	14	0.02	1.0	admixture	pbphmm_ex_ancestral	Columbiformes	050	Mesitornisunicolor	N93
1365	105	30	0	0.02	1.0	admixture	cqshmm_ancestral	Columbiformes	050	Mesitornisunicolor	N93
886	584	22	8	0.02	1.0	admixture	gqshmm_ex	Columbiformes	050	Mesitornisunicolor	N93
813	657	13	17	0.02	1.0	admixture	pbphmm_ex_derived	Columbiformes	050	Mesitornisunicolor	N93
1470	0	30	0	0.02	1.0	admixture	mlthmm_derived	Columbiformes	050	Mesitornisunicolor	N93
797	673	12	18	0.02	1.0	admixture	dtohmm_ancestral	Falconiformes	025	Accipitriformes	N717
1470	0	30	0	0.02	1.0	admixture	pbphmm_derived	Falconiformes	025	Accipitriformes	N717
1327	143	29	1	0.02	1.0	admixture	pbphmm_ancestral	Falconiformes	025	Accipitriformes	N717
1468	2	30	0	0.02	1.0	admixture	gqshmm_ex_derived	Falconiformes	025	Accipitriformes	N717
860	610	13	17	0.02	1.0	admixture	gqshmm_ancestral	Falconiformes	025	Accipitriformes	N717
1470	0	30	0	0.02	1.0	admixture	gqshmm_derived	Falconiformes	025	Accipitriformes	N717
912	558	20	10	0.02	1.0	admixture	cqshmm_ex_derived	Falconiformes	025	Accipitriformes	N717
1470	0	30	0	0.02	1.0	admixture	bcbhmm_derived	Falconiformes	025	Accipitriformes	N717
746	724	16	14	0.02	1.0	admixture	mlthmm_ex_derived	Falconiformes	025	Accipitriformes	N717
1305	165	28	2	0.02	1.0	admixture	mlthmm_ancestral	Falconiformes	025	Accipitriformes	N717
859	611	19	11	0.02	1.0	admixture	dtohmm_ex_ancestral	Falconiformes	025	Accipitriformes	N717
1040	430	16	14	0.02	1.0	admixture	bcbhmm_ex_ancestral	Falconiformes	025	Accipitriformes	N717
853	617	20	10	0.02	1.0	admixture	mlthmm_ex_ancestral	Falconiformes	025	Accipitriformes	N717
754	716	16	14	0.02	1.0	admixture	bcbhmm_ex_derived	Falconiformes	025	Accipitriformes	N717
790	680	18	12	0.02	1.0	admixture	dtohmm_ex_derived	Falconiformes	025	Accipitriformes	N717
1081	389	19	11	0.02	1.0	admixture	gqshmm_ex_ancestral	Falconiformes	025	Accipitriformes	N717
1470	0	30	0	0.02	1.0	admixture	dtohmm_derived	Falconiformes	025	Accipitriformes	N717
933	537	17	13	0.02	1.0	admixture	bcbhmm_ancestral	Falconiformes	025	Accipitriformes	N717
968	502	20	10	0.02	1.0	admixture	cqshmm_ex_ancestral	Falconiformes	025	Accipitriformes	N717
1470	0	30	0	0.02	1.0	admixture	cqshmm_derived	Falconiformes	025	Accipitriformes	N717
1303	167	29	1	0.02	1.0	admixture	pbphmm_ex_ancestral	Falconiformes	025	Accipitriformes	N717
891	579	23	7	0.02	1.0	admixture	cqshmm_ancestral	Falconiformes	025	Accipitriformes	N717
1468	2	30	0	0.02	1.0	admixture	gqshmm_ex	Falconiformes	025	Accipitriformes	N717
1409	61	30	0	0.02	1.0	admixture	pbphmm_ex_derived	Falconiformes	025	Accipitriformes	N717
1470	0	30	0	0.02	1.0	admixture	mlthmm_derived	Falconiformes	025	Accipitriformes	N717
1115	10	2	373	0.25	1.0	admixture	dtohmm_ancestral	N125	025	Cuculiformes	Charadriiformes
1125	0	375	0	0.25	1.0	admixture	pbphmm_derived	N125	025	Cuculiformes	Charadriiformes
1125	0	2	373	0.25	1.0	admixture	pbphmm_ancestral	N125	025	Cuculiformes	Charadriiformes
1125	0	375	0	0.25	1.0	admixture	gqshmm_ex_derived	N125	025	Cuculiformes	Charadriiformes
1125	0	375	0	0.25	1.0	admixture	gqshmm_ancestral	N125	025	Cuculiformes	Charadriiformes
1122	3	375	0	0.25	1.0	admixture	gqshmm_derived	N125	025	Cuculiformes	Charadriiformes
1120	5	374	1	0.25	1.0	admixture	cqshmm_ex_derived	N125	025	Cuculiformes	Charadriiformes
1125	0	375	0	0.25	1.0	admixture	bcbhmm_derived	N125	025	Cuculiformes	Charadriiformes
1125	0	0	375	0.25	1.0	admixture	mlthmm_ex_derived	N125	025	Cuculiformes	Charadriiformes
1125	0	375	0	0.25	1.0	admixture	mlthmm_ancestral	N125	025	Cuculiformes	Charadriiformes
1125	0	0	375	0.25	1.0	admixture	dtohmm_ex_ancestral	N125	025	Cuculiformes	Charadriiformes
1125	0	0	375	0.25	1.0	admixture	bcbhmm_ex_ancestral	N125	025	Cuculiformes	Charadriiformes
1125	0	0	375	0.25	1.0	admixture	mlthmm_ex_ancestral	N125	025	Cuculiformes	Charadriiformes
1125	0	0	375	0.25	1.0	admixture	bcbhmm_ex_derived	N125	025	Cuculiformes	Charadriiformes
1125	0	0	375	0.25	1.0	admixture	dtohmm_ex_derived	N125	025	Cuculiformes	Charadriiformes
938	187	349	26	0.25	1.0	admixture	gqshmm_ex_ancestral	N125	025	Cuculiformes	Charadriiformes
1125	0	375	0	0.25	1.0	admixture	dtohmm_derived	N125	025	Cuculiformes	Charadriiformes
1125	0	375	0	0.25	1.0	admixture	bcbhmm_ancestral	N125	025	Cuculiformes	Charadriiformes
1125	0	0	375	0.25	1.0	admixture	cqshmm_ex_ancestral	N125	025	Cuculiformes	Charadriiformes
1125	0	375	0	0.25	1.0	admixture	cqshmm_derived	N125	025	Cuculiformes	Charadriiformes
1125	0	0	375	0.25	1.0	admixture	pbphmm_ex_ancestral	N125	025	Cuculiformes	Charadriiformes
1125	0	2	373	0.25	1.0	admixture	cqshmm_ancestral	N125	025	Cuculiformes	Charadriiformes
1125	0	375	0	0.25	1.0	admixture	gqshmm_ex	N125	025	Cuculiformes	Charadriiformes
1125	0	0	375	0.25	1.0	admixture	pbphmm_ex_derived	N125	025	Cuculiformes	Charadriiformes
1125	0	375	0	0.25	1.0	admixture	mlthmm_derived	N125	025	Cuculiformes	Charadriiformes
1204	71	195	30	0.15	1.0	admixture	dtohmm_ancestral	N546	025	N532	N567
1274	1	225	0	0.15	1.0	admixture	pbphmm_derived	N546	025	N532	N567
1269	6	0	225	0.15	1.0	admixture	pbphmm_ancestral	N546	025	N532	N567
1065	210	206	19	0.15	1.0	admixture	gqshmm_ex_derived	N546	025	N532	N567
1211	64	212	13	0.15	1.0	admixture	gqshmm_ancestral	N546	025	N532	N567
756	519	80	145	0.15	1.0	admixture	gqshmm_derived	N546	025	N532	N567
711	564	106	119	0.15	1.0	admixture	cqshmm_ex_derived	N546	025	N532	N567
1141	134	213	12	0.15	1.0	admixture	bcbhmm_derived	N546	025	N532	N567
762	513	191	34	0.15	1.0	admixture	mlthmm_ex_derived	N546	025	N532	N567
1242	33	225	0	0.15	1.0	admixture	mlthmm_ancestral	N546	025	N532	N567
1112	163	189	36	0.15	1.0	admixture	dtohmm_ex_ancestral	N546	025	N532	N567
1229	46	213	12	0.15	1.0	admixture	bcbhmm_ex_ancestral	N546	025	N532	N567
1095	180	190	35	0.15	1.0	admixture	mlthmm_ex_ancestral	N546	025	N532	N567
714	561	133	92	0.15	1.0	admixture	bcbhmm_ex_derived	N546	025	N532	N567
628	647	164	61	0.15	1.0	admixture	dtohmm_ex_derived	N546	025	N532	N567
1275	0	225	0	0.15	1.0	admixture	gqshmm_ex_ancestral	N546	025	N532	N567
1257	18	0	225	0.15	1.0	admixture	dtohmm_derived	N546	025	N532	N567
1273	2	225	0	0.15	1.0	admixture	bcbhmm_ancestral	N546	025	N532	N567
1049	226	125	100	0.15	1.0	admixture	cqshmm_ex_ancestral	N546	025	N532	N567
1262	13	0	225	0.15	1.0	admixture	cqshmm_derived	N546	025	N532	N567
937	338	23	202	0.15	1.0	admixture	pbphmm_ex_ancestral	N546	025	N532	N567
1002	273	2	223	0.15	1.0	admixture	cqshmm_ancestral	N546	025	N532	N567
1065	210	206	19	0.15	1.0	admixture	gqshmm_ex	N546	025	N532	N567
1272	3	0	225	0.15	1.0	admixture	pbphmm_ex_derived	N546	025	N532	N567
1191	84	137	88	0.15	1.0	admixture	mlthmm_derived	N546	025	N532	N567
1033	317	120	30	0.1	1.0	admixture	dtohmm_ancestral	N689	025	N657	N672
809	541	100	50	0.1	1.0	admixture	pbphmm_derived	N689	025	N657	N672
712	638	80	70	0.1	1.0	admixture	pbphmm_ancestral	N689	025	N657	N672
692	658	77	73	0.1	1.0	admixture	gqshmm_ex_derived	N689	025	N657	N672
1315	35	144	6	0.1	1.0	admixture	gqshmm_ancestral	N689	025	N657	N672
1005	345	98	52	0.1	1.0	admixture	gqshmm_derived	N689	025	N657	N672
864	486	88	62	0.1	1.0	admixture	cqshmm_ex_derived	N689	025	N657	N672
1291	59	150	0	0.1	1.0	admixture	bcbhmm_derived	N689	025	N657	N672
830	520	86	64	0.1	1.0	admixture	mlthmm_ex_derived	N689	025	N657	N672
1166	184	138	12	0.1	1.0	admixture	mlthmm_ancestral	N689	025	N657	N672
1005	345	114	36	0.1	1.0	admixture	dtohmm_ex_ancestral	N689	025	N657	N672
1219	131	142	8	0.1	1.0	admixture	bcbhmm_ex_ancestral	N689	025	N657	N672
809	541	69	81	0.1	1.0	admixture	mlthmm_ex_ancestral	N689	025	N657	N672
955	395	110	40	0.1	1.0	admixture	bcbhmm_ex_derived	N689	025	N657	N672
806	544	86	64	0.1	1.0	admixture	dtohmm_ex_derived	N689	025	N657	N672
1274	76	136	14	0.1	1.0	admixture	gqshmm_ex_ancestral	N689	025	N657	N672
1025	325	104	46	0.1	1.0	admixture	dtohmm_derived	N689	025	N657	N672
1316	34	150	0	0.1	1.0	admixture	bcbhmm_ancestral	N689	025	N657	N672
947	403	100	50	0.1	1.0	admixture	cqshmm_ex_ancestral	N689	025	N657	N672
780	570	84	66	0.1	1.0	admixture	cqshmm_derived	N689	025	N657	N672
813	537	29	121	0.1	1.0	admixture	pbphmm_ex_ancestral	N689	025	N657	N672
803	547	91	59	0.1	1.0	admixture	cqshmm_ancestral	N689	025	N657	N672
692	658	77	73	0.1	1.0	admixture	gqshmm_ex	N689	025	N657	N672
939	411	126	24	0.1	1.0	admixture	pbphmm_ex_derived	N689	025	N657	N672
811	539	84	66	0.1	1.0	admixture	mlthmm_derived	N689	025	N657	N672
1064	361	61	14	0.05	1.0	admixture	dtohmm_ancestral	Coraciiformes	025	N220	N202
1425	0	75	0	0.05	1.0	admixture	pbphmm_derived	Coraciiformes	025	N220	N202
1425	0	75	0	0.05	1.0	admixture	pbphmm_ancestral	Coraciiformes	025	N220	N202
1118	307	55	20	0.05	1.0	admixture	gqshmm_ex_derived	Coraciiformes	025	N220	N202
1032	393	56	19	0.05	1.0	admixture	gqshmm_ancestral	Coraciiformes	025	N220	N202
1348	77	69	6	0.05	1.0	admixture	gqshmm_derived	Coraciiformes	025	N220	N202
1168	257	63	12	0.05	1.0	admixture	cqshmm_ex_derived	Coraciiformes	025	N220	N202
1425	0	75	0	0.05	1.0	admixture	bcbhmm_derived	Coraciiformes	025	N220	N202
928	497	58	17	0.05	1.0	admixture	mlthmm_ex_derived	Coraciiformes	025	N220	N202
1017	408	55	20	0.05	1.0	admixture	mlthmm_ancestral	Coraciiformes	025	N220	N202
822	603	37	38	0.05	1.0	admixture	dtohmm_ex_ancestral	Coraciiformes	025	N220	N202
932	493	47	28	0.05	1.0	admixture	bcbhmm_ex_ancestral	Coraciiformes	025	N220	N202
931	494	46	29	0.05	1.0	admixture	mlthmm_ex_ancestral	Coraciiformes	025	N220	N202
1322	103	71	4	0.05	1.0	admixture	bcbhmm_ex_derived	Coraciiformes	025	N220	N202
1043	382	56	19	0.05	1.0	admixture	dtohmm_ex_derived	Coraciiformes	025	N220	N202
1091	334	58	17	0.05	1.0	admixture	gqshmm_ex_ancestral	Coraciiformes	025	N220	N202
1387	38	73	2	0.05	1.0	admixture	dtohmm_derived	Coraciiformes	025	N220	N202
1160	265	60	15	0.05	1.0	admixture	bcbhmm_ancestral	Coraciiformes	025	N220	N202
792	633	44	31	0.05	1.0	admixture	cqshmm_ex_ancestral	Coraciiformes	025	N220	N202
1395	30	71	4	0.05	1.0	admixture	cqshmm_derived	Coraciiformes	025	N220	N202
1397	28	75	0	0.05	1.0	admixture	pbphmm_ex_ancestral	Coraciiformes	025	N220	N202
770	655	32	43	0.05	1.0	admixture	cqshmm_ancestral	Coraciiformes	025	N220	N202
1119	306	55	20	0.05	1.0	admixture	gqshmm_ex	Coraciiformes	025	N220	N202
1220	205	61	14	0.05	1.0	admixture	pbphmm_ex_derived	Coraciiformes	025	N220	N202
1425	0	75	0	0.05	1.0	admixture	mlthmm_derived	Coraciiformes	025	N220	N202
693	657	71	79	0.1	1.0	admixture	dtohmm_ancestral	Falconiformes	025	Accipitriformes	N717
1350	0	150	0	0.1	1.0	admixture	pbphmm_derived	Falconiformes	025	Accipitriformes	N717
1216	134	143	7	0.1	1.0	admixture	pbphmm_ancestral	Falconiformes	025	Accipitriformes	N717
1349	1	150	0	0.1	1.0	admixture	gqshmm_ex_derived	Falconiformes	025	Accipitriformes	N717
790	560	77	73	0.1	1.0	admixture	gqshmm_ancestral	Falconiformes	025	Accipitriformes	N717
1350	0	150	0	0.1	1.0	admixture	gqshmm_derived	Falconiformes	025	Accipitriformes	N717
851	499	97	53	0.1	1.0	admixture	cqshmm_ex_derived	Falconiformes	025	Accipitriformes	N717
1350	0	150	0	0.1	1.0	admixture	bcbhmm_derived	Falconiformes	025	Accipitriformes	N717
676	674	81	69	0.1	1.0	admixture	mlthmm_ex_derived	Falconiformes	025	Accipitriformes	N717
1094	256	117	33	0.1	1.0	admixture	mlthmm_ancestral	Falconiformes	025	Accipitriformes	N717
792	558	83	67	0.1	1.0	admixture	dtohmm_ex_ancestral	Falconiformes	025	Accipitriformes	N717
958	392	102	48	0.1	1.0	admixture	bcbhmm_ex_ancestral	Falconiformes	025	Accipitriformes	N717
772	578	92	58	0.1	1.0	admixture	mlthmm_ex_ancestral	Falconiformes	025	Accipitriformes	N717
683	667	82	68	0.1	1.0	admixture	bcbhmm_ex_derived	Falconiformes	025	Accipitriformes	N717
718	632	87	63	0.1	1.0	admixture	dtohmm_ex_derived	Falconiformes	025	Accipitriformes	N717
1350	0	150	0	0.1	1.0	admixture	gqshmm_ex_ancestral	Falconiformes	025	Accipitriformes	N717
1350	0	150	0	0.1	1.0	admixture	dtohmm_derived	Falconiformes	025	Accipitriformes	N717
873	477	94	56	0.1	1.0	admixture	bcbhmm_ancestral	Falconiformes	025	Accipitriformes	N717
768	582	83	67	0.1	1.0	admixture	cqshmm_ex_ancestral	Falconiformes	025	Accipitriformes	N717
1350	0	150	0	0.1	1.0	admixture	cqshmm_derived	Falconiformes	025	Accipitriformes	N717
1193	157	139	11	0.1	1.0	admixture	pbphmm_ex_ancestral	Falconiformes	025	Accipitriformes	N717
695	655	67	83	0.1	1.0	admixture	cqshmm_ancestral	Falconiformes	025	Accipitriformes	N717
1349	1	150	0	0.1	1.0	admixture	gqshmm_ex	Falconiformes	025	Accipitriformes	N717
1293	57	148	2	0.1	1.0	admixture	pbphmm_ex_derived	Falconiformes	025	Accipitriformes	N717
1350	0	150	0	0.1	1.0	admixture	mlthmm_derived	Falconiformes	025	Accipitriformes	N717
1231	44	223	2	0.15	1.0	admixture	dtohmm_ancestral	Musophagiformes	050	N83	N118
1275	0	225	0	0.15	1.0	admixture	pbphmm_derived	Musophagiformes	050	N83	N118
1275	0	225	0	0.15	1.0	admixture	pbphmm_ancestral	Musophagiformes	050	N83	N118
1255	20	222	3	0.15	1.0	admixture	gqshmm_ex_derived	Musophagiformes	050	N83	N118
655	620	119	106	0.15	1.0	admixture	gqshmm_ancestral	Musophagiformes	050	N83	N118
1275	0	225	0	0.15	1.0	admixture	gqshmm_derived	Musophagiformes	050	N83	N118
964	311	174	51	0.15	1.0	admixture	cqshmm_ex_derived	Musophagiformes	050	N83	N118
1275	0	225	0	0.15	1.0	admixture	bcbhmm_derived	Musophagiformes	050	N83	N118
745	530	132	93	0.15	1.0	admixture	mlthmm_ex_derived	Musophagiformes	050	N83	N118
960	315	175	50	0.15	1.0	admixture	mlthmm_ancestral	Musophagiformes	050	N83	N118
835	440	160	65	0.15	1.0	admixture	dtohmm_ex_ancestral	Musophagiformes	050	N83	N118
745	530	136	89	0.15	1.0	admixture	bcbhmm_ex_ancestral	Musophagiformes	050	N83	N118
844	431	132	93	0.15	1.0	admixture	mlthmm_ex_ancestral	Musophagiformes	050	N83	N118
826	449	140	85	0.15	1.0	admixture	bcbhmm_ex_derived	Musophagiformes	050	N83	N118
837	438	149	76	0.15	1.0	admixture	dtohmm_ex_derived	Musophagiformes	050	N83	N118
1273	2	222	3	0.15	1.0	admixture	gqshmm_ex_ancestral	Musophagiformes	050	N83	N118
1275	0	225	0	0.15	1.0	admixture	dtohmm_derived	Musophagiformes	050	N83	N118
958	317	173	52	0.15	1.0	admixture	bcbhmm_ancestral	Musophagiformes	050	N83	N118
671	604	114	111	0.15	1.0	admixture	cqshmm_ex_ancestral	Musophagiformes	050	N83	N118
1275	0	225	0	0.15	1.0	admixture	cqshmm_derived	Musophagiformes	050	N83	N118
1243	32	218	7	0.15	1.0	admixture	pbphmm_ex_ancestral	Musophagiformes	050	N83	N118
734	541	129	96	0.15	1.0	admixture	cqshmm_ancestral	Musophagiformes	050	N83	N118
1255	20	222	3	0.15	1.0	admixture	gqshmm_ex	Musophagiformes	050	N83	N118
1163	112	203	22	0.15	1.0	admixture	pbphmm_ex_derived	Musophagiformes	050	N83	N118
1275	0	225	0	0.15	1.0	admixture	mlthmm_derived	Musophagiformes	050	N83	N118
1399	26	68	7	0.05	1.0	admixture	dtohmm_ancestral	Coraciiformes	025	Bucerotiformes	Piciformes
1392	33	6	69	0.05	1.0	admixture	pbphmm_derived	Coraciiformes	025	Bucerotiformes	Piciformes
853	572	35	40	0.05	1.0	admixture	pbphmm_ancestral	Coraciiformes	025	Bucerotiformes	Piciformes
1130	295	46	29	0.05	1.0	admixture	gqshmm_ex_derived	Coraciiformes	025	Bucerotiformes	Piciformes
1243	182	65	10	0.05	1.0	admixture	gqshmm_ancestral	Coraciiformes	025	Bucerotiformes	Piciformes
1347	78	58	17	0.05	1.0	admixture	gqshmm_derived	Coraciiformes	025	Bucerotiformes	Piciformes
1173	252	59	16	0.05	1.0	admixture	cqshmm_ex_derived	Coraciiformes	025	Bucerotiformes	Piciformes
1425	0	75	0	0.05	1.0	admixture	bcbhmm_derived	Coraciiformes	025	Bucerotiformes	Piciformes
936	489	48	27	0.05	1.0	admixture	mlthmm_ex_derived	Coraciiformes	025	Bucerotiformes	Piciformes
1418	7	75	0	0.05	1.0	admixture	mlthmm_ancestral	Coraciiformes	025	Bucerotiformes	Piciformes
1080	345	61	14	0.05	1.0	admixture	dtohmm_ex_ancestral	Coraciiformes	025	Bucerotiformes	Piciformes
1423	2	75	0	0.05	1.0	admixture	bcbhmm_ex_ancestral	Coraciiformes	025	Bucerotiformes	Piciformes
1172	253	55	20	0.05	1.0	admixture	mlthmm_ex_ancestral	Coraciiformes	025	Bucerotiformes	Piciformes
1303	122	69	6	0.05	1.0	admixture	bcbhmm_ex_derived	Coraciiformes	025	Bucerotiformes	Piciformes
1046	379	51	24	0.05	1.0	admixture	dtohmm_ex_derived	Coraciiformes	025	Bucerotiformes	Piciformes
1384	41	73	2	0.05	1.0	admixture	gqshmm_ex_ancestral	Coraciiformes	025	Bucerotiformes	Piciformes
1392	33	13	62	0.05	1.0	admixture	dtohmm_derived	Coraciiformes	025	Bucerotiformes	Piciformes
1295	130	68	7	0.05	1.0	admixture	bcbhmm_ancestral	Coraciiformes	025	Bucerotiformes	Piciformes
1256	169	70	5	0.05	1.0	admixture	cqshmm_ex_ancestral	Coraciiformes	025	Bucerotiformes	Piciformes
1392	33	13	62	0.05	1.0	admixture	cqshmm_derived	Coraciiformes	025	Bucerotiformes	Piciformes
769	656	41	34	0.05	1.0	admixture	pbphmm_ex_ancestral	Coraciiformes	025	Bucerotiformes	Piciformes
1370	55	66	9	0.05	1.0	admixture	cqshmm_ancestral	Coraciiformes	025	Bucerotiformes	Piciformes
1130	295	46	29	0.05	1.0	admixture	gqshmm_ex	Coraciiformes	025	Bucerotiformes	Piciformes
800	625	40	35	0.05	1.0	admixture	pbphmm_ex_derived	Coraciiformes	025	Bucerotiformes	Piciformes
1403	22	70	5	0.05	1.0	admixture	mlthmm_derived	Coraciiformes	025	Bucerotiformes	Piciformes
1250	25	0	225	0.15	1.0	admixture	dtohmm_ancestral	N125	025	Cuculiformes	Charadriiformes
1275	0	225	0	0.15	1.0	admixture	pbphmm_derived	N125	025	Cuculiformes	Charadriiformes
1270	5	0	225	0.15	1.0	admixture	pbphmm_ancestral	N125	025	Cuculiformes	Charadriiformes
1275	0	225	0	0.15	1.0	admixture	gqshmm_ex_derived	N125	025	Cuculiformes	Charadriiformes
1275	0	225	0	0.15	1.0	admixture	gqshmm_ancestral	N125	025	Cuculiformes	Charadriiformes
1270	5	225	0	0.15	1.0	admixture	gqshmm_derived	N125	025	Cuculiformes	Charadriiformes
1268	7	224	1	0.15	1.0	admixture	cqshmm_ex_derived	N125	025	Cuculiformes	Charadriiformes
1275	0	225	0	0.15	1.0	admixture	bcbhmm_derived	N125	025	Cuculiformes	Charadriiformes
1275	0	0	225	0.15	1.0	admixture	mlthmm_ex_derived	N125	025	Cuculiformes	Charadriiformes
1275	0	225	0	0.15	1.0	admixture	mlthmm_ancestral	N125	025	Cuculiformes	Charadriiformes
1275	0	0	225	0.15	1.0	admixture	dtohmm_ex_ancestral	N125	025	Cuculiformes	Charadriiformes
1275	0	0	225	0.15	1.0	admixture	bcbhmm_ex_ancestral	N125	025	Cuculiformes	Charadriiformes
1275	0	0	225	0.15	1.0	admixture	mlthmm_ex_ancestral	N125	025	Cuculiformes	Charadriiformes
1275	0	0	225	0.15	1.0	admixture	bcbhmm_ex_derived	N125	025	Cuculiformes	Charadriiformes
1275	0	0	225	0.15	1.0	admixture	dtohmm_ex_derived	N125	025	Cuculiformes	Charadriiformes
1275	0	225	0	0.15	1.0	admixture	gqshmm_ex_ancestral	N125	025	Cuculiformes	Charadriiformes
1275	0	225	0	0.15	1.0	admixture	dtohmm_derived	N125	025	Cuculiformes	Charadriiformes
1275	0	225	0	0.15	1.0	admixture	bcbhmm_ancestral	N125	025	Cuculiformes	Charadriiformes
1275	0	0	225	0.15	1.0	admixture	cqshmm_ex_ancestral	N125	025	Cuculiformes	Charadriiformes
1275	0	225	0	0.15	1.0	admixture	cqshmm_derived	N125	025	Cuculiformes	Charadriiformes
1275	0	0	225	0.15	1.0	admixture	pbphmm_ex_ancestral	N125	025	Cuculiformes	Charadriiformes
1270	5	0	225	0.15	1.0	admixture	cqshmm_ancestral	N125	025	Cuculiformes	Charadriiformes
1275	0	225	0	0.15	1.0	admixture	gqshmm_ex	N125	025	Cuculiformes	Charadriiformes
1275	0	0	225	0.15	1.0	admixture	pbphmm_ex_derived	N125	025	Cuculiformes	Charadriiformes
1275	0	225	0	0.15	1.0	admixture	mlthmm_derived	N125	025	Cuculiformes	Charadriiformes
975	300	209	16	0.15	1.0	admixture	dtohmm_ancestral	N251	025	N269	N242
1274	1	225	0	0.15	1.0	admixture	pbphmm_derived	N251	025	N269	N242
1237	38	224	1	0.15	1.0	admixture	pbphmm_ancestral	N251	025	N269	N242
880	395	150	75	0.15	1.0	admixture	gqshmm_ex_derived	N251	025	N269	N242
966	309	168	57	0.15	1.0	admixture	gqshmm_ancestral	N251	025	N269	N242
786	489	139	86	0.15	1.0	admixture	gqshmm_derived	N251	025	N269	N242
1083	192	188	37	0.15	1.0	admixture	cqshmm_ex_derived	N251	025	N269	N242
1158	117	185	40	0.15	1.0	admixture	bcbhmm_derived	N251	025	N269	N242
876	399	150	75	0.15	1.0	admixture	mlthmm_ex_derived	N251	025	N269	N242
1043	232	207	18	0.15	1.0	admixture	mlthmm_ancestral	N251	025	N269	N242
785	490	143	82	0.15	1.0	admixture	dtohmm_ex_ancestral	N251	025	N269	N242
832	443	153	72	0.15	1.0	admixture	bcbhmm_ex_ancestral	N251	025	N269	N242
659	616	121	104	0.15	1.0	admixture	mlthmm_ex_ancestral	N251	025	N269	N242
883	392	150	75	0.15	1.0	admixture	bcbhmm_ex_derived	N251	025	N269	N242
676	599	102	123	0.15	1.0	admixture	dtohmm_ex_derived	N251	025	N269	N242
1243	32	224	1	0.15	1.0	admixture	gqshmm_ex_ancestral	N251	025	N269	N242
1274	1	217	8	0.15	1.0	admixture	dtohmm_derived	N251	025	N269	N242
1275	0	225	0	0.15	1.0	admixture	bcbhmm_ancestral	N251	025	N269	N242
935	340	152	73	0.15	1.0	admixture	cqshmm_ex_ancestral	N251	025	N269	N242
857	418	177	48	0.15	1.0	admixture	cqshmm_derived	N251	025	N269	N242
983	292	185	40	0.15	1.0	admixture	pbphmm_ex_ancestral	N251	025	N269	N242
832	443	134	91	0.15	1.0	admixture	cqshmm_ancestral	N251	025	N269	N242
880	395	150	75	0.15	1.0	admixture	gqshmm_ex	N251	025	N269	N242
963	312	175	50	0.15	1.0	admixture	pbphmm_ex_derived	N251	025	N269	N242
805	470	139	86	0.15	1.0	admixture	mlthmm_derived	N251	025	N269	N242
698	652	78	72	0.1	1.0	admixture	dtohmm_ancestral	Opisthocomushoazin	050	N275	N192
1350	0	150	0	0.1	1.0	admixture	pbphmm_derived	Opisthocomushoazin	050	N275	N192
1350	0	150	0	0.1	1.0	admixture	pbphmm_ancestral	Opisthocomushoazin	050	N275	N192
896	454	110	40	0.1	1.0	admixture	gqshmm_ex_derived	Opisthocomushoazin	050	N275	N192
708	642	79	71	0.1	1.0	admixture	gqshmm_ancestral	Opisthocomushoazin	050	N275	N192
869	481	93	57	0.1	1.0	admixture	gqshmm_derived	Opisthocomushoazin	050	N275	N192
986	364	99	51	0.1	1.0	admixture	cqshmm_ex_derived	Opisthocomushoazin	050	N275	N192
954	396	104	46	0.1	1.0	admixture	bcbhmm_derived	Opisthocomushoazin	050	N275	N192
999	351	106	44	0.1	1.0	admixture	mlthmm_ex_derived	Opisthocomushoazin	050	N275	N192
727	623	80	70	0.1	1.0	admixture	mlthmm_ancestral	Opisthocomushoazin	050	N275	N192
769	581	84	66	0.1	1.0	admixture	dtohmm_ex_ancestral	Opisthocomushoazin	050	N275	N192
884	466	90	60	0.1	1.0	admixture	bcbhmm_ex_ancestral	Opisthocomushoazin	050	N275	N192
952	398	102	48	0.1	1.0	admixture	mlthmm_ex_ancestral	Opisthocomushoazin	050	N275	N192
1026	324	107	43	0.1	1.0	admixture	bcbhmm_ex_derived	Opisthocomushoazin	050	N275	N192
978	372	100	50	0.1	1.0	admixture	dtohmm_ex_derived	Opisthocomushoazin	050	N275	N192
1349	1	150	0	0.1	1.0	admixture	gqshmm_ex_ancestral	Opisthocomushoazin	050	N275	N192
970	380	110	40	0.1	1.0	admixture	dtohmm_derived	Opisthocomushoazin	050	N275	N192
806	544	87	63	0.1	1.0	admixture	bcbhmm_ancestral	Opisthocomushoazin	050	N275	N192
905	445	95	55	0.1	1.0	admixture	cqshmm_ex_ancestral	Opisthocomushoazin	050	N275	N192
855	495	87	63	0.1	1.0	admixture	cqshmm_derived	Opisthocomushoazin	050	N275	N192
1342	8	150	0	0.1	1.0	admixture	pbphmm_ex_ancestral	Opisthocomushoazin	050	N275	N192
981	369	105	45	0.1	1.0	admixture	cqshmm_ancestral	Opisthocomushoazin	050	N275	N192
1344	6	150	0	0.1	1.0	admixture	pbphmm_ex_derived	Opisthocomushoazin	050	N275	N192
886	464	95	55	0.1	1.0	admixture	mlthmm_derived	Opisthocomushoazin	050	N275	N192
702	423	212	163	0.25	1.0	admixture	dtohmm_ancestral	Opisthocomushoazin	050	N275	N192
1125	0	375	0	0.25	1.0	admixture	pbphmm_derived	Opisthocomushoazin	050	N275	N192
1125	0	375	0	0.25	1.0	admixture	pbphmm_ancestral	Opisthocomushoazin	050	N275	N192
748	377	259	116	0.25	1.0	admixture	gqshmm_ex_derived	Opisthocomushoazin	050	N275	N192
615	510	203	172	0.25	1.0	admixture	gqshmm_ancestral	Opisthocomushoazin	050	N275	N192
726	399	261	114	0.25	1.0	admixture	gqshmm_derived	Opisthocomushoazin	050	N275	N192
807	318	266	109	0.25	1.0	admixture	cqshmm_ex_derived	Opisthocomushoazin	050	N275	N192
750	375	263	112	0.25	1.0	admixture	bcbhmm_derived	Opisthocomushoazin	050	N275	N192
863	262	280	95	0.25	1.0	admixture	mlthmm_ex_derived	Opisthocomushoazin	050	N275	N192
600	525	196	179	0.25	1.0	admixture	mlthmm_ancestral	Opisthocomushoazin	050	N275	N192
764	361	246	129	0.25	1.0	admixture	dtohmm_ex_ancestral	Opisthocomushoazin	050	N275	N192
725	400	223	152	0.25	1.0	admixture	bcbhmm_ex_ancestral	Opisthocomushoazin	050	N275	N192
795	330	258	117	0.25	1.0	admixture	mlthmm_ex_ancestral	Opisthocomushoazin	050	N275	N192
852	273	269	106	0.25	1.0	admixture	bcbhmm_ex_derived	Opisthocomushoazin	050	N275	N192
820	305	262	113	0.25	1.0	admixture	dtohmm_ex_derived	Opisthocomushoazin	050	N275	N192
1125	0	374	1	0.25	1.0	admixture	gqshmm_ex_ancestral	Opisthocomushoazin	050	N275	N192
841	284	300	75	0.25	1.0	admixture	dtohmm_derived	Opisthocomushoazin	050	N275	N192
660	465	211	164	0.25	1.0	admixture	bcbhmm_ancestral	Opisthocomushoazin	050	N275	N192
778	347	241	134	0.25	1.0	admixture	cqshmm_ex_ancestral	Opisthocomushoazin	050	N275	N192
604	521	208	167	0.25	1.0	admixture	cqshmm_derived	Opisthocomushoazin	050	N275	N192
1116	9	373	2	0.25	1.0	admixture	pbphmm_ex_ancestral	Opisthocomushoazin	050	N275	N192
871	254	283	92	0.25	1.0	admixture	cqshmm_ancestral	Opisthocomushoazin	050	N275	N192
1059	66	348	27	0.25	1.0	admixture	pbphmm_ex_derived	Opisthocomushoazin	050	N275	N192
622	503	214	161	0.25	1.0	admixture	mlthmm_derived	Opisthocomushoazin	050	N275	N192
810	660	15	15	0.02	1.0	admixture	dtohmm_ancestral	Falconiformes	050	Accipitriformes	N717
1470	0	30	0	0.02	1.0	admixture	pbphmm_derived	Falconiformes	050	Accipitriformes	N717
1331	139	29	1	0.02	1.0	admixture	pbphmm_ancestral	Falconiformes	050	Accipitriformes	N717
1468	2	30	0	0.02	1.0	admixture	gqshmm_ex_derived	Falconiformes	050	Accipitriformes	N717
863	607	24	6	0.02	1.0	admixture	gqshmm_ancestral	Falconiformes	050	Accipitriformes	N717
1470	0	30	0	0.02	1.0	admixture	gqshmm_derived	Falconiformes	050	Accipitriformes	N717
803	667	14	16	0.02	1.0	admixture	cqshmm_ex_derived	Falconiformes	050	Accipitriformes	N717
1470	0	30	0	0.02	1.0	admixture	bcbhmm_derived	Falconiformes	050	Accipitriformes	N717
748	722	14	16	0.02	1.0	admixture	mlthmm_ex_derived	Falconiformes	050	Accipitriformes	N717
1460	10	30	0	0.02	1.0	admixture	mlthmm_ancestral	Falconiformes	050	Accipitriformes	N717
855	615	17	13	0.02	1.0	admixture	dtohmm_ex_ancestral	Falconiformes	050	Accipitriformes	N717
1042	428	21	9	0.02	1.0	admixture	bcbhmm_ex_ancestral	Falconiformes	050	Accipitriformes	N717
855	615	18	12	0.02	1.0	admixture	mlthmm_ex_ancestral	Falconiformes	050	Accipitriformes	N717
767	703	17	13	0.02	1.0	admixture	bcbhmm_ex_derived	Falconiformes	050	Accipitriformes	N717
795	675	17	13	0.02	1.0	admixture	dtohmm_ex_derived	Falconiformes	050	Accipitriformes	N717
1081	389	24	6	0.02	1.0	admixture	gqshmm_ex_ancestral	Falconiformes	050	Accipitriformes	N717
1470	0	30	0	0.02	1.0	admixture	dtohmm_derived	Falconiformes	050	Accipitriformes	N717
851	619	20	10	0.02	1.0	admixture	bcbhmm_ancestral	Falconiformes	050	Accipitriformes	N717
941	529	22	8	0.02	1.0	admixture	cqshmm_ex_ancestral	Falconiformes	050	Accipitriformes	N717
1470	0	30	0	0.02	1.0	admixture	cqshmm_derived	Falconiformes	050	Accipitriformes	N717
1307	163	28	2	0.02	1.0	admixture	pbphmm_ex_ancestral	Falconiformes	050	Accipitriformes	N717
1036	434	24	6	0.02	1.0	admixture	cqshmm_ancestral	Falconiformes	050	Accipitriformes	N717
1468	2	30	0	0.02	1.0	admixture	gqshmm_ex	Falconiformes	050	Accipitriformes	N717
1411	59	29	1	0.02	1.0	admixture	pbphmm_ex_derived	Falconiformes	050	Accipitriformes	N717
1470	0	30	0	0.02	1.0	admixture	mlthmm_derived	Falconiformes	050	Accipitriformes	N717
764	361	268	107	0.25	1.0	admixture	dtohmm_ancestral	Strigiformes	050	N349	N299
1125	0	370	5	0.25	1.0	admixture	pbphmm_derived	Strigiformes	050	N349	N299
984	141	355	20	0.25	1.0	admixture	pbphmm_ancestral	Strigiformes	050	N349	N299
1123	2	375	0	0.25	1.0	admixture	gqshmm_ex_derived	Strigiformes	050	N349	N299
724	401	232	143	0.25	1.0	admixture	gqshmm_ancestral	Strigiformes	050	N349	N299
931	194	282	93	0.25	1.0	admixture	gqshmm_derived	Strigiformes	050	N349	N299
660	465	208	167	0.25	1.0	admixture	cqshmm_ex_derived	Strigiformes	050	N349	N299
1066	59	332	43	0.25	1.0	admixture	bcbhmm_derived	Strigiformes	050	N349	N299
726	399	243	132	0.25	1.0	admixture	mlthmm_ex_derived	Strigiformes	050	N349	N299
764	361	268	107	0.25	1.0	admixture	mlthmm_ancestral	Strigiformes	050	N349	N299
749	376	253	122	0.25	1.0	admixture	dtohmm_ex_ancestral	Strigiformes	050	N349	N299
597	528	200	175	0.25	1.0	admixture	bcbhmm_ex_ancestral	Strigiformes	050	N349	N299
751	374	258	117	0.25	1.0	admixture	mlthmm_ex_ancestral	Strigiformes	050	N349	N299
822	303	277	98	0.25	1.0	admixture	bcbhmm_ex_derived	Strigiformes	050	N349	N299
712	413	224	151	0.25	1.0	admixture	dtohmm_ex_derived	Strigiformes	050	N349	N299
908	217	270	105	0.25	1.0	admixture	gqshmm_ex_ancestral	Strigiformes	050	N349	N299
717	408	375	0	0.25	1.0	admixture	dtohmm_derived	Strigiformes	050	N349	N299
821	304	280	95	0.25	1.0	admixture	bcbhmm_ancestral	Strigiformes	050	N349	N299
594	531	202	173	0.25	1.0	admixture	cqshmm_ex_ancestral	Strigiformes	050	N349	N299
965	160	243	132	0.25	1.0	admixture	cqshmm_derived	Strigiformes	050	N349	N299
1100	25	362	13	0.25	1.0	admixture	pbphmm_ex_ancestral	Strigiformes	050	N349	N299
712	413	234	141	0.25	1.0	admixture	cqshmm_ancestral	Strigiformes	050	N349	N299
1123	2	375	0	0.25	1.0	admixture	gqshmm_ex	Strigiformes	050	N349	N299
1108	17	370	5	0.25	1.0	admixture	pbphmm_ex_derived	Strigiformes	050	N349	N299
909	216	149	226	0.25	1.0	admixture	mlthmm_derived	Strigiformes	050	N349	N299
1309	161	28	2	0.02	1.0	admixture	dtohmm_ancestral	N251	025	N269	N242
1469	1	30	0	0.02	1.0	admixture	pbphmm_derived	N251	025	N269	N242
1224	246	30	0	0.02	1.0	admixture	pbphmm_ancestral	N251	025	N269	N242
947	523	21	9	0.02	1.0	admixture	gqshmm_ex_derived	N251	025	N269	N242
1123	347	20	10	0.02	1.0	admixture	gqshmm_ancestral	N251	025	N269	N242
909	561	15	15	0.02	1.0	admixture	gqshmm_derived	N251	025	N269	N242
1072	398	22	8	0.02	1.0	admixture	cqshmm_ex_derived	N251	025	N269	N242
1340	130	27	3	0.02	1.0	admixture	bcbhmm_derived	N251	025	N269	N242
1010	460	24	6	0.02	1.0	admixture	mlthmm_ex_derived	N251	025	N269	N242
1294	176	25	5	0.02	1.0	admixture	mlthmm_ancestral	N251	025	N269	N242
891	579	21	9	0.02	1.0	admixture	dtohmm_ex_ancestral	N251	025	N269	N242
960	510	24	6	0.02	1.0	admixture	bcbhmm_ex_ancestral	N251	025	N269	N242
773	697	16	14	0.02	1.0	admixture	mlthmm_ex_ancestral	N251	025	N269	N242
915	555	15	15	0.02	1.0	admixture	bcbhmm_ex_derived	N251	025	N269	N242
778	692	13	17	0.02	1.0	admixture	dtohmm_ex_derived	N251	025	N269	N242
1434	36	30	0	0.02	1.0	admixture	gqshmm_ex_ancestral	N251	025	N269	N242
1469	1	30	0	0.02	1.0	admixture	dtohmm_derived	N251	025	N269	N242
1465	5	30	0	0.02	1.0	admixture	bcbhmm_ancestral	N251	025	N269	N242
899	571	18	12	0.02	1.0	admixture	cqshmm_ex_ancestral	N251	025	N269	N242
1379	91	30	0	0.02	1.0	admixture	cqshmm_derived	N251	025	N269	N242
1139	331	25	5	0.02	1.0	admixture	pbphmm_ex_ancestral	N251	025	N269	N242
1429	41	28	2	0.02	1.0	admixture	cqshmm_ancestral	N251	025	N269	N242
947	523	21	9	0.02	1.0	admixture	gqshmm_ex	N251	025	N269	N242
1108	362	21	9	0.02	1.0	admixture	pbphmm_ex_derived	N251	025	N269	N242
927	543	15	15	0.02	1.0	admixture	mlthmm_derived	N251	025	N269	N242
600	525	179	196	0.25	1.0	admixture	dtohmm_ancestral	Opisthocomushoazin	025	N275	N192
1125	0	375	0	0.25	1.0	admixture	pbphmm_derived	Opisthocomushoazin	025	N275	N192
1125	0	375	0	0.25	1.0	admixture	pbphmm_ancestral	Opisthocomushoazin	025	N275	N192
737	388	233	142	0.25	1.0	admixture	gqshmm_ex_derived	Opisthocomushoazin	025	N275	N192
589	536	202	173	0.25	1.0	admixture	gqshmm_ancestral	Opisthocomushoazin	025	N275	N192
716	409	254	121	0.25	1.0	admixture	gqshmm_derived	Opisthocomushoazin	025	N275	N192
817	308	269	106	0.25	1.0	admixture	cqshmm_ex_derived	Opisthocomushoazin	025	N275	N192
1124	1	375	0	0.25	1.0	admixture	bcbhmm_derived	Opisthocomushoazin	025	N275	N192
836	289	280	95	0.25	1.0	admixture	mlthmm_ex_derived	Opisthocomushoazin	025	N275	N192
617	508	195	180	0.25	1.0	admixture	mlthmm_ancestral	Opisthocomushoazin	025	N275	N192
620	505	198	177	0.25	1.0	admixture	dtohmm_ex_ancestral	Opisthocomushoazin	025	N275	N192
662	463	237	138	0.25	1.0	admixture	bcbhmm_ex_ancestral	Opisthocomushoazin	025	N275	N192
793	332	262	113	0.25	1.0	admixture	mlthmm_ex_ancestral	Opisthocomushoazin	025	N275	N192
867	258	287	88	0.25	1.0	admixture	bcbhmm_ex_derived	Opisthocomushoazin	025	N275	N192
823	302	275	100	0.25	1.0	admixture	dtohmm_ex_derived	Opisthocomushoazin	025	N275	N192
1125	0	375	0	0.25	1.0	admixture	gqshmm_ex_ancestral	Opisthocomushoazin	025	N275	N192
907	218	317	58	0.25	1.0	admixture	dtohmm_derived	Opisthocomushoazin	025	N275	N192
683	442	217	158	0.25	1.0	admixture	bcbhmm_ancestral	Opisthocomushoazin	025	N275	N192
777	348	236	139	0.25	1.0	admixture	cqshmm_ex_ancestral	Opisthocomushoazin	025	N275	N192
726	399	240	135	0.25	1.0	admixture	cqshmm_derived	Opisthocomushoazin	025	N275	N192
1118	7	372	3	0.25	1.0	admixture	pbphmm_ex_ancestral	Opisthocomushoazin	025	N275	N192
803	322	245	130	0.25	1.0	admixture	cqshmm_ancestral	Opisthocomushoazin	025	N275	N192
1118	7	373	2	0.25	1.0	admixture	pbphmm_ex_derived	Opisthocomushoazin	025	N275	N192
718	407	258	117	0.25	1.0	admixture	mlthmm_derived	Opisthocomushoazin	025	N275	N192
933	342	158	67	0.15	1.0	admixture	dtohmm_ancestral	Coraciiformes	050	N220	N202
1076	199	72	153	0.15	1.0	admixture	pbphmm_derived	Coraciiformes	050	N220	N202
1274	1	225	0	0.15	1.0	admixture	pbphmm_ancestral	Coraciiformes	050	N220	N202
1021	254	167	58	0.15	1.0	admixture	gqshmm_ex_derived	Coraciiformes	050	N220	N202
932	343	157	68	0.15	1.0	admixture	gqshmm_ancestral	Coraciiformes	050	N220	N202
1209	66	195	30	0.15	1.0	admixture	gqshmm_derived	Coraciiformes	050	N220	N202
1125	150	195	30	0.15	1.0	admixture	cqshmm_ex_derived	Coraciiformes	050	N220	N202
1275	0	225	0	0.15	1.0	admixture	bcbhmm_derived	Coraciiformes	050	N220	N202
1044	231	186	39	0.15	1.0	admixture	mlthmm_ex_derived	Coraciiformes	050	N220	N202
828	447	160	65	0.15	1.0	admixture	mlthmm_ancestral	Coraciiformes	050	N220	N202
745	530	135	90	0.15	1.0	admixture	dtohmm_ex_ancestral	Coraciiformes	050	N220	N202
839	436	163	62	0.15	1.0	admixture	bcbhmm_ex_ancestral	Coraciiformes	050	N220	N202
839	436	163	62	0.15	1.0	admixture	mlthmm_ex_ancestral	Coraciiformes	050	N220	N202
1184	91	208	17	0.15	1.0	admixture	bcbhmm_ex_derived	Coraciiformes	050	N220	N202
944	331	162	63	0.15	1.0	admixture	dtohmm_ex_derived	Coraciiformes	050	N220	N202
860	415	134	91	0.15	1.0	admixture	gqshmm_ex_ancestral	Coraciiformes	050	N220	N202
1221	54	116	109	0.15	1.0	admixture	dtohmm_derived	Coraciiformes	050	N220	N202
812	463	158	67	0.15	1.0	admixture	bcbhmm_ancestral	Coraciiformes	050	N220	N202
683	592	158	67	0.15	1.0	admixture	cqshmm_ex_ancestral	Coraciiformes	050	N220	N202
1224	51	8	217	0.15	1.0	admixture	cqshmm_derived	Coraciiformes	050	N220	N202
1244	31	224	1	0.15	1.0	admixture	pbphmm_ex_ancestral	Coraciiformes	050	N220	N202
787	488	139	86	0.15	1.0	admixture	cqshmm_ancestral	Coraciiformes	050	N220	N202
1021	254	167	58	0.15	1.0	admixture	gqshmm_ex	Coraciiformes	050	N220	N202
1144	131	202	23	0.15	1.0	admixture	pbphmm_ex_derived	Coraciiformes	050	N220	N202
1266	9	201	24	0.15	1.0	admixture	mlthmm_derived	Coraciiformes	050	N220	N202
727	548	131	94	0.15	1.0	admixture	dtohmm_ancestral	Falconiformes	050	Accipitriformes	N717
1275	0	225	0	0.15	1.0	admixture	pbphmm_derived	Falconiformes	050	Accipitriformes	N717
1147	128	216	9	0.15	1.0	admixture	pbphmm_ancestral	Falconiformes	050	Accipitriformes	N717
1273	2	225	0	0.15	1.0	admixture	gqshmm_ex_derived	Falconiformes	050	Accipitriformes	N717
754	521	136	89	0.15	1.0	admixture	gqshmm_ancestral	Falconiformes	050	Accipitriformes	N717
1275	0	225	0	0.15	1.0	admixture	gqshmm_derived	Falconiformes	050	Accipitriformes	N717
819	456	162	63	0.15	1.0	admixture	cqshmm_ex_derived	Falconiformes	050	Accipitriformes	N717
1275	0	225	0	0.15	1.0	admixture	bcbhmm_derived	Falconiformes	050	Accipitriformes	N717
645	630	122	103	0.15	1.0	admixture	mlthmm_ex_derived	Falconiformes	050	Accipitriformes	N717
1243	32	211	14	0.15	1.0	admixture	mlthmm_ancestral	Falconiformes	050	Accipitriformes	N717
744	531	118	107	0.15	1.0	admixture	dtohmm_ex_ancestral	Falconiformes	050	Accipitriformes	N717
899	376	158	67	0.15	1.0	admixture	bcbhmm_ex_ancestral	Falconiformes	050	Accipitriformes	N717
742	533	143	82	0.15	1.0	admixture	mlthmm_ex_ancestral	Falconiformes	050	Accipitriformes	N717
651	624	124	101	0.15	1.0	admixture	bcbhmm_ex_derived	Falconiformes	050	Accipitriformes	N717
699	576	134	91	0.15	1.0	admixture	dtohmm_ex_derived	Falconiformes	050	Accipitriformes	N717
936	339	149	76	0.15	1.0	admixture	gqshmm_ex_ancestral	Falconiformes	050	Accipitriformes	N717
1275	0	225	0	0.15	1.0	admixture	dtohmm_derived	Falconiformes	050	Accipitriformes	N717
1041	234	177	48	0.15	1.0	admixture	bcbhmm_ancestral	Falconiformes	050	Accipitriformes	N717
666	609	132	93	0.15	1.0	admixture	cqshmm_ex_ancestral	Falconiformes	050	Accipitriformes	N717
1275	0	225	0	0.15	1.0	admixture	cqshmm_derived	Falconiformes	050	Accipitriformes	N717
993	282	174	51	0.15	1.0	admixture	pbphmm_ex_ancestral	Falconiformes	050	Accipitriformes	N717
735	540	96	129	0.15	1.0	admixture	cqshmm_ancestral	Falconiformes	050	Accipitriformes	N717
1273	2	225	0	0.15	1.0	admixture	gqshmm_ex	Falconiformes	050	Accipitriformes	N717
1059	216	183	42	0.15	1.0	admixture	pbphmm_ex_derived	Falconiformes	050	Accipitriformes	N717
1275	0	225	0	0.15	1.0	admixture	mlthmm_derived	Falconiformes	050	Accipitriformes	N717
482	718	300	0	0.2	1.0	admixture	dtohmm_ancestral	N546	025	N532	N567
616	584	263	37	0.2	1.0	admixture	pbphmm_derived	N546	025	N532	N567
1200	0	10	290	0.2	1.0	admixture	pbphmm_ancestral	N546	025	N532	N567
1003	197	276	24	0.2	1.0	admixture	gqshmm_ex_derived	N546	025	N532	N567
1133	67	282	18	0.2	1.0	admixture	gqshmm_ancestral	N546	025	N532	N567
722	478	115	185	0.2	1.0	admixture	gqshmm_derived	N546	025	N532	N567
1006	194	9	291	0.2	1.0	admixture	cqshmm_ex_derived	N546	025	N532	N567
1200	0	3	297	0.2	1.0	admixture	bcbhmm_derived	N546	025	N532	N567
708	492	256	44	0.2	1.0	admixture	mlthmm_ex_derived	N546	025	N532	N567
1189	11	300	0	0.2	1.0	admixture	mlthmm_ancestral	N546	025	N532	N567
1059	141	261	39	0.2	1.0	admixture	dtohmm_ex_ancestral	N546	025	N532	N567
1127	73	273	27	0.2	1.0	admixture	bcbhmm_ex_ancestral	N546	025	N532	N567
1036	164	251	49	0.2	1.0	admixture	mlthmm_ex_ancestral	N546	025	N532	N567
678	522	177	123	0.2	1.0	admixture	bcbhmm_ex_derived	N546	025	N532	N567
1200	0	0	300	0.2	1.0	admixture	dtohmm_ex_derived	N546	025	N532	N567
1200	0	300	0	0.2	1.0	admixture	gqshmm_ex_ancestral	N546	025	N532	N567
1200	0	2	298	0.2	1.0	admixture	dtohmm_derived	N546	025	N532	N567
1197	3	297	3	0.2	1.0	admixture	bcbhmm_ancestral	N546	025	N532	N567
980	220	171	129	0.2	1.0	admixture	cqshmm_ex_ancestral	N546	025	N532	N567
1189	11	0	300	0.2	1.0	admixture	cqshmm_derived	N546	025	N532	N567
924	276	35	265	0.2	1.0	admixture	pbphmm_ex_ancestral	N546	025	N532	N567
1176	24	27	273	0.2	1.0	admixture	cqshmm_ancestral	N546	025	N532	N567
1003	197	276	24	0.2	1.0	admixture	gqshmm_ex	N546	025	N532	N567
1200	0	7	293	0.2	1.0	admixture	pbphmm_ex_derived	N546	025	N532	N567
1169	31	188	112	0.2	1.0	admixture	mlthmm_derived	N546	025	N532	N567
1062	138	256	44	0.2	1.0	admixture	dtohmm_ancestral	Musophagiformes	025	N83	N118
1200	0	300	0	0.2	1.0	admixture	pbphmm_derived	Musophagiformes	025	N83	N118
1200	0	300	0	0.2	1.0	admixture	pbphmm_ancestral	Musophagiformes	025	N83	N118
1180	20	297	3	0.2	1.0	admixture	gqshmm_ex_derived	Musophagiformes	025	N83	N118
612	588	148	152	0.2	1.0	admixture	gqshmm_ancestral	Musophagiformes	025	N83	N118
1200	0	300	0	0.2	1.0	admixture	gqshmm_derived	Musophagiformes	025	N83	N118
670	530	174	126	0.2	1.0	admixture	cqshmm_ex_derived	Musophagiformes	025	N83	N118
1200	0	300	0	0.2	1.0	admixture	bcbhmm_derived	Musophagiformes	025	N83	N118
654	546	153	147	0.2	1.0	admixture	mlthmm_ex_derived	Musophagiformes	025	N83	N118
903	297	229	71	0.2	1.0	admixture	mlthmm_ancestral	Musophagiformes	025	N83	N118
981	219	245	55	0.2	1.0	admixture	dtohmm_ex_ancestral	Musophagiformes	025	N83	N118
700	500	171	129	0.2	1.0	admixture	bcbhmm_ex_ancestral	Musophagiformes	025	N83	N118
793	407	206	94	0.2	1.0	admixture	mlthmm_ex_ancestral	Musophagiformes	025	N83	N118
701	499	164	136	0.2	1.0	admixture	bcbhmm_ex_derived	Musophagiformes	025	N83	N118
748	452	177	123	0.2	1.0	admixture	dtohmm_ex_derived	Musophagiformes	025	N83	N118
1197	3	299	1	0.2	1.0	admixture	gqshmm_ex_ancestral	Musophagiformes	025	N83	N118
1200	0	300	0	0.2	1.0	admixture	dtohmm_derived	Musophagiformes	025	N83	N118
885	315	226	74	0.2	1.0	admixture	bcbhmm_ancestral	Musophagiformes	025	N83	N118
808	392	191	109	0.2	1.0	admixture	cqshmm_ex_ancestral	Musophagiformes	025	N83	N118
1200	0	300	0	0.2	1.0	admixture	cqshmm_derived	Musophagiformes	025	N83	N118
1171	29	292	8	0.2	1.0	admixture	pbphmm_ex_ancestral	Musophagiformes	025	N83	N118
648	552	164	136	0.2	1.0	admixture	cqshmm_ancestral	Musophagiformes	025	N83	N118
1180	20	297	3	0.2	1.0	admixture	gqshmm_ex	Musophagiformes	025	N83	N118
1186	14	298	2	0.2	1.0	admixture	pbphmm_ex_derived	Musophagiformes	025	N83	N118
1200	0	300	0	0.2	1.0	admixture	mlthmm_derived	Musophagiformes	025	N83	N118
1350	0	0	150	0.1	1.0	admixture	dtohmm_ancestral	N125	025	Cuculiformes	Charadriiformes
1350	0	150	0	0.1	1.0	admixture	pbphmm_derived	N125	025	Cuculiformes	Charadriiformes
1333	17	0	150	0.1	1.0	admixture	pbphmm_ancestral	N125	025	Cuculiformes	Charadriiformes
1350	0	150	0	0.1	1.0	admixture	gqshmm_ex_derived	N125	025	Cuculiformes	Charadriiformes
1350	0	150	0	0.1	1.0	admixture	gqshmm_ancestral	N125	025	Cuculiformes	Charadriiformes
1345	5	150	0	0.1	1.0	admixture	gqshmm_derived	N125	025	Cuculiformes	Charadriiformes
1342	8	149	1	0.1	1.0	admixture	cqshmm_ex_derived	N125	025	Cuculiformes	Charadriiformes
1350	0	150	0	0.1	1.0	admixture	bcbhmm_derived	N125	025	Cuculiformes	Charadriiformes
1350	0	0	150	0.1	1.0	admixture	mlthmm_ex_derived	N125	025	Cuculiformes	Charadriiformes
1350	0	150	0	0.1	1.0	admixture	mlthmm_ancestral	N125	025	Cuculiformes	Charadriiformes
1350	0	0	150	0.1	1.0	admixture	dtohmm_ex_ancestral	N125	025	Cuculiformes	Charadriiformes
1350	0	0	150	0.1	1.0	admixture	bcbhmm_ex_ancestral	N125	025	Cuculiformes	Charadriiformes
860	490	101	49	0.1	1.0	admixture	mlthmm_ex_ancestral	N125	025	Cuculiformes	Charadriiformes
1350	0	0	150	0.1	1.0	admixture	bcbhmm_ex_derived	N125	025	Cuculiformes	Charadriiformes
1350	0	0	150	0.1	1.0	admixture	dtohmm_ex_derived	N125	025	Cuculiformes	Charadriiformes
1350	0	150	0	0.1	1.0	admixture	gqshmm_ex_ancestral	N125	025	Cuculiformes	Charadriiformes
1350	0	150	0	0.1	1.0	admixture	dtohmm_derived	N125	025	Cuculiformes	Charadriiformes
1350	0	1	149	0.1	1.0	admixture	bcbhmm_ancestral	N125	025	Cuculiformes	Charadriiformes
1304	46	149	1	0.1	1.0	admixture	cqshmm_ex_ancestral	N125	025	Cuculiformes	Charadriiformes
1350	0	150	0	0.1	1.0	admixture	cqshmm_derived	N125	025	Cuculiformes	Charadriiformes
1350	0	0	150	0.1	1.0	admixture	pbphmm_ex_ancestral	N125	025	Cuculiformes	Charadriiformes
1342	8	0	150	0.1	1.0	admixture	cqshmm_ancestral	N125	025	Cuculiformes	Charadriiformes
1350	0	150	0	0.1	1.0	admixture	gqshmm_ex	N125	025	Cuculiformes	Charadriiformes
1350	0	0	150	0.1	1.0	admixture	pbphmm_ex_derived	N125	025	Cuculiformes	Charadriiformes
1350	0	150	0	0.1	1.0	admixture	mlthmm_derived	N125	025	Cuculiformes	Charadriiformes
1009	416	51	24	0.05	1.0	admixture	dtohmm_ancestral	Strigiformes	050	N349	N299
1425	0	75	0	0.05	1.0	admixture	pbphmm_derived	Strigiformes	050	N349	N299
1321	104	75	0	0.05	1.0	admixture	pbphmm_ancestral	Strigiformes	050	N349	N299
1422	3	75	0	0.05	1.0	admixture	gqshmm_ex_derived	Strigiformes	050	N349	N299
861	564	49	26	0.05	1.0	admixture	gqshmm_ancestral	Strigiformes	050	N349	N299
1166	259	58	17	0.05	1.0	admixture	gqshmm_derived	Strigiformes	050	N349	N299
859	566	39	36	0.05	1.0	admixture	cqshmm_ex_derived	Strigiformes	050	N349	N299
729	696	75	0	0.05	1.0	admixture	bcbhmm_derived	Strigiformes	050	N349	N299
749	676	39	36	0.05	1.0	admixture	mlthmm_ex_derived	Strigiformes	050	N349	N299
826	599	40	35	0.05	1.0	admixture	mlthmm_ancestral	Strigiformes	050	N349	N299
951	474	50	25	0.05	1.0	admixture	dtohmm_ex_ancestral	Strigiformes	050	N349	N299
752	673	36	39	0.05	1.0	admixture	bcbhmm_ex_ancestral	Strigiformes	050	N349	N299
933	492	53	22	0.05	1.0	admixture	mlthmm_ex_ancestral	Strigiformes	050	N349	N299
1033	392	48	27	0.05	1.0	admixture	bcbhmm_ex_derived	Strigiformes	050	N349	N299
991	434	50	25	0.05	1.0	admixture	dtohmm_ex_derived	Strigiformes	050	N349	N299
1136	289	56	19	0.05	1.0	admixture	gqshmm_ex_ancestral	Strigiformes	050	N349	N299
1344	81	65	10	0.05	1.0	admixture	dtohmm_derived	Strigiformes	050	N349	N299
1050	375	58	17	0.05	1.0	admixture	bcbhmm_ancestral	Strigiformes	050	N349	N299
807	618	46	29	0.05	1.0	admixture	cqshmm_ex_ancestral	Strigiformes	050	N349	N299
1155	270	53	22	0.05	1.0	admixture	cqshmm_derived	Strigiformes	050	N349	N299
1390	35	74	1	0.05	1.0	admixture	pbphmm_ex_ancestral	Strigiformes	050	N349	N299
850	575	44	31	0.05	1.0	admixture	cqshmm_ancestral	Strigiformes	050	N349	N299
1422	3	75	0	0.05	1.0	admixture	gqshmm_ex	Strigiformes	050	N349	N299
1404	21	73	2	0.05	1.0	admixture	pbphmm_ex_derived	Strigiformes	050	N349	N299
1330	95	67	8	0.05	1.0	admixture	mlthmm_derived	Strigiformes	050	N349	N299
958	242	260	40	0.2	1.0	admixture	dtohmm_ancestral	N689	050	N657	N672
717	483	205	95	0.2	1.0	admixture	pbphmm_derived	N689	050	N657	N672
642	558	154	146	0.2	1.0	admixture	pbphmm_ancestral	N689	050	N657	N672
806	394	202	98	0.2	1.0	admixture	gqshmm_ex_derived	N689	050	N657	N672
1169	31	288	12	0.2	1.0	admixture	gqshmm_ancestral	N689	050	N657	N672
886	314	218	82	0.2	1.0	admixture	gqshmm_derived	N689	050	N657	N672
792	408	189	111	0.2	1.0	admixture	cqshmm_ex_derived	N689	050	N657	N672
1127	73	278	22	0.2	1.0	admixture	bcbhmm_derived	N689	050	N657	N672
717	483	173	127	0.2	1.0	admixture	mlthmm_ex_derived	N689	050	N657	N672
1177	23	295	5	0.2	1.0	admixture	mlthmm_ancestral	N689	050	N657	N672
1137	63	111	189	0.2	1.0	admixture	dtohmm_ex_ancestral	N689	050	N657	N672
1098	102	275	25	0.2	1.0	admixture	bcbhmm_ex_ancestral	N689	050	N657	N672
1172	28	209	91	0.2	1.0	admixture	mlthmm_ex_ancestral	N689	050	N657	N672
901	299	236	64	0.2	1.0	admixture	bcbhmm_ex_derived	N689	050	N657	N672
709	491	174	126	0.2	1.0	admixture	dtohmm_ex_derived	N689	050	N657	N672
1159	41	285	15	0.2	1.0	admixture	gqshmm_ex_ancestral	N689	050	N657	N672
733	467	188	112	0.2	1.0	admixture	dtohmm_derived	N689	050	N657	N672
1197	3	299	1	0.2	1.0	admixture	bcbhmm_ancestral	N689	050	N657	N672
789	411	185	115	0.2	1.0	admixture	cqshmm_ex_ancestral	N689	050	N657	N672
830	370	258	42	0.2	1.0	admixture	cqshmm_derived	N689	050	N657	N672
755	445	27	273	0.2	1.0	admixture	pbphmm_ex_ancestral	N689	050	N657	N672
1080	120	43	257	0.2	1.0	admixture	cqshmm_ancestral	N689	050	N657	N672
806	394	202	98	0.2	1.0	admixture	gqshmm_ex	N689	050	N657	N672
751	449	242	58	0.2	1.0	admixture	pbphmm_ex_derived	N689	050	N657	N672
712	488	173	127	0.2	1.0	admixture	mlthmm_derived	N689	050	N657	N672
1470	0	30	0	0.02	1.0	admixture	dtohmm_ancestral	N125	050	Cuculiformes	Charadriiformes
1470	0	30	0	0.02	1.0	admixture	pbphmm_derived	N125	050	Cuculiformes	Charadriiformes
1470	0	30	0	0.02	1.0	admixture	pbphmm_ancestral	N125	050	Cuculiformes	Charadriiformes
1470	0	30	0	0.02	1.0	admixture	gqshmm_ex_derived	N125	050	Cuculiformes	Charadriiformes
1470	0	30	0	0.02	1.0	admixture	gqshmm_ancestral	N125	050	Cuculiformes	Charadriiformes
1465	5	30	0	0.02	1.0	admixture	gqshmm_derived	N125	050	Cuculiformes	Charadriiformes
1464	6	30	0	0.02	1.0	admixture	cqshmm_ex_derived	N125	050	Cuculiformes	Charadriiformes
1470	0	30	0	0.02	1.0	admixture	bcbhmm_derived	N125	050	Cuculiformes	Charadriiformes
1155	315	30	0	0.02	1.0	admixture	mlthmm_ex_derived	N125	050	Cuculiformes	Charadriiformes
1470	0	30	0	0.02	1.0	admixture	mlthmm_ancestral	N125	050	Cuculiformes	Charadriiformes
814	656	18	12	0.02	1.0	admixture	dtohmm_ex_ancestral	N125	050	Cuculiformes	Charadriiformes
1470	0	4	26	0.02	1.0	admixture	bcbhmm_ex_ancestral	N125	050	Cuculiformes	Charadriiformes
916	554	6	24	0.02	1.0	admixture	mlthmm_ex_ancestral	N125	050	Cuculiformes	Charadriiformes
1468	2	0	30	0.02	1.0	admixture	bcbhmm_ex_derived	N125	050	Cuculiformes	Charadriiformes
1470	0	0	30	0.02	1.0	admixture	dtohmm_ex_derived	N125	050	Cuculiformes	Charadriiformes
1183	287	30	0	0.02	1.0	admixture	gqshmm_ex_ancestral	N125	050	Cuculiformes	Charadriiformes
1470	0	30	0	0.02	1.0	admixture	dtohmm_derived	N125	050	Cuculiformes	Charadriiformes
1470	0	30	0	0.02	1.0	admixture	bcbhmm_ancestral	N125	050	Cuculiformes	Charadriiformes
1398	72	28	2	0.02	1.0	admixture	cqshmm_ex_ancestral	N125	050	Cuculiformes	Charadriiformes
1470	0	30	0	0.02	1.0	admixture	cqshmm_derived	N125	050	Cuculiformes	Charadriiformes
1316	154	28	2	0.02	1.0	admixture	pbphmm_ex_ancestral	N125	050	Cuculiformes	Charadriiformes
1470	0	30	0	0.02	1.0	admixture	cqshmm_ancestral	N125	050	Cuculiformes	Charadriiformes
1470	0	30	0	0.02	1.0	admixture	gqshmm_ex	N125	050	Cuculiformes	Charadriiformes
1470	0	0	30	0.02	1.0	admixture	pbphmm_ex_derived	N125	050	Cuculiformes	Charadriiformes
1470	0	30	0	0.02	1.0	admixture	mlthmm_derived	N125	050	Cuculiformes	Charadriiformes
847	578	46	29	0.05	1.0	admixture	dtohmm_ancestral	Opisthocomushoazin	050	N275	N192
1425	0	75	0	0.05	1.0	admixture	pbphmm_derived	Opisthocomushoazin	050	N275	N192
1416	9	75	0	0.05	1.0	admixture	pbphmm_ancestral	Opisthocomushoazin	050	N275	N192
935	490	52	23	0.05	1.0	admixture	gqshmm_ex_derived	Opisthocomushoazin	050	N275	N192
748	677	39	36	0.05	1.0	admixture	gqshmm_ancestral	Opisthocomushoazin	050	N275	N192
913	512	41	34	0.05	1.0	admixture	gqshmm_derived	Opisthocomushoazin	050	N275	N192
1096	329	56	19	0.05	1.0	admixture	cqshmm_ex_derived	Opisthocomushoazin	050	N275	N192
998	427	49	26	0.05	1.0	admixture	bcbhmm_derived	Opisthocomushoazin	050	N275	N192
1091	334	57	18	0.05	1.0	admixture	mlthmm_ex_derived	Opisthocomushoazin	050	N275	N192
769	656	41	34	0.05	1.0	admixture	mlthmm_ancestral	Opisthocomushoazin	050	N275	N192
904	521	46	29	0.05	1.0	admixture	dtohmm_ex_ancestral	Opisthocomushoazin	050	N275	N192
853	572	38	37	0.05	1.0	admixture	bcbhmm_ex_ancestral	Opisthocomushoazin	050	N275	N192
1010	415	52	23	0.05	1.0	admixture	mlthmm_ex_ancestral	Opisthocomushoazin	050	N275	N192
1090	335	59	16	0.05	1.0	admixture	bcbhmm_ex_derived	Opisthocomushoazin	050	N275	N192
1047	378	52	23	0.05	1.0	admixture	dtohmm_ex_derived	Opisthocomushoazin	050	N275	N192
1424	1	75	0	0.05	1.0	admixture	gqshmm_ex_ancestral	Opisthocomushoazin	050	N275	N192
948	477	45	30	0.05	1.0	admixture	dtohmm_derived	Opisthocomushoazin	050	N275	N192
850	575	46	29	0.05	1.0	admixture	bcbhmm_ancestral	Opisthocomushoazin	050	N275	N192
973	452	50	25	0.05	1.0	admixture	cqshmm_ex_ancestral	Opisthocomushoazin	050	N275	N192
749	676	39	36	0.05	1.0	admixture	cqshmm_derived	Opisthocomushoazin	050	N275	N192
1415	10	75	0	0.05	1.0	admixture	pbphmm_ex_ancestral	Opisthocomushoazin	050	N275	N192
1014	411	57	18	0.05	1.0	admixture	cqshmm_ancestral	Opisthocomushoazin	050	N275	N192
1339	86	69	6	0.05	1.0	admixture	pbphmm_ex_derived	Opisthocomushoazin	050	N275	N192
928	497	41	34	0.05	1.0	admixture	mlthmm_derived	Opisthocomushoazin	050	N275	N192
857	613	14	16	0.02	1.0	admixture	dtohmm_ancestral	Opisthocomushoazin	050	N275	N192
1470	0	30	0	0.02	1.0	admixture	pbphmm_derived	Opisthocomushoazin	050	N275	N192
1470	0	30	0	0.02	1.0	admixture	pbphmm_ancestral	Opisthocomushoazin	050	N275	N192
974	496	16	14	0.02	1.0	admixture	gqshmm_ex_derived	Opisthocomushoazin	050	N275	N192
781	689	17	13	0.02	1.0	admixture	gqshmm_ancestral	Opisthocomushoazin	050	N275	N192
942	528	16	14	0.02	1.0	admixture	gqshmm_derived	Opisthocomushoazin	050	N275	N192
934	536	23	7	0.02	1.0	admixture	cqshmm_ex_derived	Opisthocomushoazin	050	N275	N192
1037	433	20	10	0.02	1.0	admixture	bcbhmm_derived	Opisthocomushoazin	050	N275	N192
1125	345	22	8	0.02	1.0	admixture	mlthmm_ex_derived	Opisthocomushoazin	050	N275	N192
794	676	16	14	0.02	1.0	admixture	mlthmm_ancestral	Opisthocomushoazin	050	N275	N192
765	705	19	11	0.02	1.0	admixture	dtohmm_ex_ancestral	Opisthocomushoazin	050	N275	N192
881	589	14	16	0.02	1.0	admixture	bcbhmm_ex_ancestral	Opisthocomushoazin	050	N275	N192
1040	430	22	8	0.02	1.0	admixture	mlthmm_ex_ancestral	Opisthocomushoazin	050	N275	N192
1123	347	24	6	0.02	1.0	admixture	bcbhmm_ex_derived	Opisthocomushoazin	050	N275	N192
1087	383	21	9	0.02	1.0	admixture	dtohmm_ex_derived	Opisthocomushoazin	050	N275	N192
1469	1	30	0	0.02	1.0	admixture	gqshmm_ex_ancestral	Opisthocomushoazin	050	N275	N192
915	555	18	12	0.02	1.0	admixture	dtohmm_derived	Opisthocomushoazin	050	N275	N192
877	593	18	12	0.02	1.0	admixture	bcbhmm_ancestral	Opisthocomushoazin	050	N275	N192
1004	466	23	7	0.02	1.0	admixture	cqshmm_ex_ancestral	Opisthocomushoazin	050	N275	N192
794	676	16	14	0.02	1.0	admixture	cqshmm_derived	Opisthocomushoazin	050	N275	N192
1459	11	30	0	0.02	1.0	admixture	pbphmm_ex_ancestral	Opisthocomushoazin	050	N275	N192
1109	361	26	4	0.02	1.0	admixture	cqshmm_ancestral	Opisthocomushoazin	050	N275	N192
1379	91	28	2	0.02	1.0	admixture	pbphmm_ex_derived	Opisthocomushoazin	050	N275	N192
960	510	16	14	0.02	1.0	admixture	mlthmm_derived	Opisthocomushoazin	050	N275	N192
1348	77	51	24	0.05	1.0	admixture	dtohmm_ancestral	Columbiformes	025	Mesitornisunicolor	N93
1425	0	75	0	0.05	1.0	admixture	pbphmm_derived	Columbiformes	025	Mesitornisunicolor	N93
1425	0	75	0	0.05	1.0	admixture	pbphmm_ancestral	Columbiformes	025	Mesitornisunicolor	N93
861	564	57	18	0.05	1.0	admixture	gqshmm_ex_derived	Columbiformes	025	Mesitornisunicolor	N93
1416	9	75	0	0.05	1.0	admixture	gqshmm_ancestral	Columbiformes	025	Mesitornisunicolor	N93
1425	0	75	0	0.05	1.0	admixture	gqshmm_derived	Columbiformes	025	Mesitornisunicolor	N93
1305	120	69	6	0.05	1.0	admixture	cqshmm_ex_derived	Columbiformes	025	Mesitornisunicolor	N93
1425	0	75	0	0.05	1.0	admixture	bcbhmm_derived	Columbiformes	025	Mesitornisunicolor	N93
1150	275	61	14	0.05	1.0	admixture	mlthmm_ex_derived	Columbiformes	025	Mesitornisunicolor	N93
1130	295	61	14	0.05	1.0	admixture	mlthmm_ancestral	Columbiformes	025	Mesitornisunicolor	N93
958	467	43	32	0.05	1.0	admixture	dtohmm_ex_ancestral	Columbiformes	025	Mesitornisunicolor	N93
828	597	47	28	0.05	1.0	admixture	bcbhmm_ex_ancestral	Columbiformes	025	Mesitornisunicolor	N93
947	478	52	23	0.05	1.0	admixture	mlthmm_ex_ancestral	Columbiformes	025	Mesitornisunicolor	N93
827	598	34	41	0.05	1.0	admixture	bcbhmm_ex_derived	Columbiformes	025	Mesitornisunicolor	N93
949	476	54	21	0.05	1.0	admixture	dtohmm_ex_derived	Columbiformes	025	Mesitornisunicolor	N93
1425	0	75	0	0.05	1.0	admixture	gqshmm_ex_ancestral	Columbiformes	025	Mesitornisunicolor	N93
1425	0	75	0	0.05	1.0	admixture	dtohmm_derived	Columbiformes	025	Mesitornisunicolor	N93
1255	170	70	5	0.05	1.0	admixture	bcbhmm_ancestral	Columbiformes	025	Mesitornisunicolor	N93
766	659	44	31	0.05	1.0	admixture	cqshmm_ex_ancestral	Columbiformes	025	Mesitornisunicolor	N93
1425	0	75	0	0.05	1.0	admixture	cqshmm_derived	Columbiformes	025	Mesitornisunicolor	N93
1058	367	58	17	0.05	1.0	admixture	pbphmm_ex_ancestral	Columbiformes	025	Mesitornisunicolor	N93
1073	352	52	23	0.05	1.0	admixture	cqshmm_ancestral	Columbiformes	025	Mesitornisunicolor	N93
861	564	57	18	0.05	1.0	admixture	gqshmm_ex	Columbiformes	025	Mesitornisunicolor	N93
788	637	41	34	0.05	1.0	admixture	pbphmm_ex_derived	Columbiformes	025	Mesitornisunicolor	N93
1425	0	75	0	0.05	1.0	admixture	mlthmm_derived	Columbiformes	025	Mesitornisunicolor	N93
1168	32	276	24	0.2	1.0	admixture	dtohmm_ancestral	Columbiformes	025	Mesitornisunicolor	N93
1200	0	300	0	0.2	1.0	admixture	pbphmm_derived	Columbiformes	025	Mesitornisunicolor	N93
1193	7	273	27	0.2	1.0	admixture	pbphmm_ancestral	Columbiformes	025	Mesitornisunicolor	N93
715	485	216	84	0.2	1.0	admixture	gqshmm_ex_derived	Columbiformes	025	Mesitornisunicolor	N93
1189	11	296	4	0.2	1.0	admixture	gqshmm_ancestral	Columbiformes	025	Mesitornisunicolor	N93
1200	0	300	0	0.2	1.0	admixture	gqshmm_derived	Columbiformes	025	Mesitornisunicolor	N93
839	361	214	86	0.2	1.0	admixture	cqshmm_ex_derived	Columbiformes	025	Mesitornisunicolor	N93
1200	0	300	0	0.2	1.0	admixture	bcbhmm_derived	Columbiformes	025	Mesitornisunicolor	N93
691	509	145	155	0.2	1.0	admixture	mlthmm_ex_derived	Columbiformes	025	Mesitornisunicolor	N93
1190	10	300	0	0.2	1.0	admixture	mlthmm_ancestral	Columbiformes	025	Mesitornisunicolor	N93
788	412	171	129	0.2	1.0	admixture	dtohmm_ex_ancestral	Columbiformes	025	Mesitornisunicolor	N93
714	486	192	108	0.2	1.0	admixture	bcbhmm_ex_ancestral	Columbiformes	025	Mesitornisunicolor	N93
817	383	210	90	0.2	1.0	admixture	mlthmm_ex_ancestral	Columbiformes	025	Mesitornisunicolor	N93
657	543	202	98	0.2	1.0	admixture	bcbhmm_ex_derived	Columbiformes	025	Mesitornisunicolor	N93
806	394	209	91	0.2	1.0	admixture	dtohmm_ex_derived	Columbiformes	025	Mesitornisunicolor	N93
1199	1	300	0	0.2	1.0	admixture	gqshmm_ex_ancestral	Columbiformes	025	Mesitornisunicolor	N93
1200	0	300	0	0.2	1.0	admixture	dtohmm_derived	Columbiformes	025	Mesitornisunicolor	N93
1055	145	273	27	0.2	1.0	admixture	bcbhmm_ancestral	Columbiformes	025	Mesitornisunicolor	N93
581	619	186	114	0.2	1.0	admixture	cqshmm_ex_ancestral	Columbiformes	025	Mesitornisunicolor	N93
1200	0	300	0	0.2	1.0	admixture	cqshmm_derived	Columbiformes	025	Mesitornisunicolor	N93
883	317	223	77	0.2	1.0	admixture	pbphmm_ex_ancestral	Columbiformes	025	Mesitornisunicolor	N93
987	213	248	52	0.2	1.0	admixture	cqshmm_ancestral	Columbiformes	025	Mesitornisunicolor	N93
716	484	216	84	0.2	1.0	admixture	gqshmm_ex	Columbiformes	025	Mesitornisunicolor	N93
743	457	184	116	0.2	1.0	admixture	pbphmm_ex_derived	Columbiformes	025	Mesitornisunicolor	N93
1200	0	300	0	0.2	1.0	admixture	mlthmm_derived	Columbiformes	025	Mesitornisunicolor	N93
837	513	90	60	0.1	1.0	admixture	dtohmm_ancestral	Coraciiformes	050	N220	N202
1191	159	49	101	0.1	1.0	admixture	pbphmm_derived	Coraciiformes	050	N220	N202
1350	0	150	0	0.1	1.0	admixture	pbphmm_ancestral	Coraciiformes	050	N220	N202
1075	275	115	35	0.1	1.0	admixture	gqshmm_ex_derived	Coraciiformes	050	N220	N202
986	364	104	46	0.1	1.0	admixture	gqshmm_ancestral	Coraciiformes	050	N220	N202
1282	68	129	21	0.1	1.0	admixture	gqshmm_derived	Coraciiformes	050	N220	N202
1245	105	138	12	0.1	1.0	admixture	cqshmm_ex_derived	Coraciiformes	050	N220	N202
1350	0	150	0	0.1	1.0	admixture	bcbhmm_derived	Coraciiformes	050	N220	N202
775	575	86	64	0.1	1.0	admixture	mlthmm_ex_derived	Coraciiformes	050	N220	N202
876	474	104	46	0.1	1.0	admixture	mlthmm_ancestral	Coraciiformes	050	N220	N202
782	568	80	70	0.1	1.0	admixture	dtohmm_ex_ancestral	Coraciiformes	050	N220	N202
889	461	104	46	0.1	1.0	admixture	bcbhmm_ex_ancestral	Coraciiformes	050	N220	N202
889	461	103	47	0.1	1.0	admixture	mlthmm_ex_ancestral	Coraciiformes	050	N220	N202
1241	109	137	13	0.1	1.0	admixture	bcbhmm_ex_derived	Coraciiformes	050	N220	N202
1105	245	112	38	0.1	1.0	admixture	dtohmm_ex_derived	Coraciiformes	050	N220	N202
912	438	93	57	0.1	1.0	admixture	gqshmm_ex_ancestral	Coraciiformes	050	N220	N202
1341	9	126	24	0.1	1.0	admixture	dtohmm_derived	Coraciiformes	050	N220	N202
833	517	84	66	0.1	1.0	admixture	bcbhmm_ancestral	Coraciiformes	050	N220	N202
720	630	69	81	0.1	1.0	admixture	cqshmm_ex_ancestral	Coraciiformes	050	N220	N202
1293	57	126	24	0.1	1.0	admixture	cqshmm_derived	Coraciiformes	050	N220	N202
1331	19	149	1	0.1	1.0	admixture	pbphmm_ex_ancestral	Coraciiformes	050	N220	N202
796	554	89	61	0.1	1.0	admixture	cqshmm_ancestral	Coraciiformes	050	N220	N202
1075	275	115	35	0.1	1.0	admixture	gqshmm_ex	Coraciiformes	050	N220	N202
1206	144	134	16	0.1	1.0	admixture	pbphmm_ex_derived	Coraciiformes	050	N220	N202
1341	9	104	46	0.1	1.0	admixture	mlthmm_derived	Coraciiformes	050	N220	N202
1399	26	75	0	0.05	1.0	admixture	dtohmm_ancestral	N546	025	N532	N567
1349	76	13	62	0.05	1.0	admixture	pbphmm_derived	N546	025	N532	N567
1303	122	44	31	0.05	1.0	admixture	pbphmm_ancestral	N546	025	N532	N567
1193	232	67	8	0.05	1.0	admixture	gqshmm_ex_derived	N546	025	N532	N567
1350	75	72	3	0.05	1.0	admixture	gqshmm_ancestral	N546	025	N532	N567
839	586	25	50	0.05	1.0	admixture	gqshmm_derived	N546	025	N532	N567
1043	382	36	39	0.05	1.0	admixture	cqshmm_ex_derived	N546	025	N532	N567
1297	128	49	26	0.05	1.0	admixture	bcbhmm_derived	N546	025	N532	N567
880	545	64	11	0.05	1.0	admixture	mlthmm_ex_derived	N546	025	N532	N567
1377	48	75	0	0.05	1.0	admixture	mlthmm_ancestral	N546	025	N532	N567
1244	181	67	8	0.05	1.0	admixture	dtohmm_ex_ancestral	N546	025	N532	N567
1369	56	69	6	0.05	1.0	admixture	bcbhmm_ex_ancestral	N546	025	N532	N567
1227	198	64	11	0.05	1.0	admixture	mlthmm_ex_ancestral	N546	025	N532	N567
806	619	44	31	0.05	1.0	admixture	bcbhmm_ex_derived	N546	025	N532	N567
740	685	21	54	0.05	1.0	admixture	dtohmm_ex_derived	N546	025	N532	N567
1425	0	75	0	0.05	1.0	admixture	gqshmm_ex_ancestral	N546	025	N532	N567
1203	222	12	63	0.05	1.0	admixture	dtohmm_derived	N546	025	N532	N567
1422	3	75	0	0.05	1.0	admixture	bcbhmm_ancestral	N546	025	N532	N567
1171	254	41	34	0.05	1.0	admixture	cqshmm_ex_ancestral	N546	025	N532	N567
1357	68	0	75	0.05	1.0	admixture	cqshmm_derived	N546	025	N532	N567
947	478	17	58	0.05	1.0	admixture	pbphmm_ex_ancestral	N546	025	N532	N567
1276	149	53	22	0.05	1.0	admixture	cqshmm_ancestral	N546	025	N532	N567
1193	232	67	8	0.05	1.0	admixture	gqshmm_ex	N546	025	N532	N567
1157	268	0	75	0.05	1.0	admixture	pbphmm_ex_derived	N546	025	N532	N567
1366	59	34	41	0.05	1.0	admixture	mlthmm_derived	N546	025	N532	N567
915	435	96	54	0.1	1.0	admixture	dtohmm_ancestral	Strigiformes	025	N349	N299
1350	0	150	0	0.1	1.0	admixture	pbphmm_derived	Strigiformes	025	N349	N299
1180	170	144	6	0.1	1.0	admixture	pbphmm_ancestral	Strigiformes	025	N349	N299
1347	3	150	0	0.1	1.0	admixture	gqshmm_ex_derived	Strigiformes	025	N349	N299
854	496	90	60	0.1	1.0	admixture	gqshmm_ancestral	Strigiformes	025	N349	N299
1092	258	110	40	0.1	1.0	admixture	gqshmm_derived	Strigiformes	025	N349	N299
944	406	96	54	0.1	1.0	admixture	cqshmm_ex_derived	Strigiformes	025	N349	N299
854	496	49	101	0.1	1.0	admixture	bcbhmm_derived	Strigiformes	025	N349	N299
750	600	80	70	0.1	1.0	admixture	mlthmm_ex_derived	Strigiformes	025	N349	N299
893	457	91	59	0.1	1.0	admixture	mlthmm_ancestral	Strigiformes	025	N349	N299
882	468	105	45	0.1	1.0	admixture	dtohmm_ex_ancestral	Strigiformes	025	N349	N299
715	635	77	73	0.1	1.0	admixture	bcbhmm_ex_ancestral	Strigiformes	025	N349	N299
887	463	98	52	0.1	1.0	admixture	mlthmm_ex_ancestral	Strigiformes	025	N349	N299
968	382	104	46	0.1	1.0	admixture	bcbhmm_ex_derived	Strigiformes	025	N349	N299
976	374	111	39	0.1	1.0	admixture	dtohmm_ex_derived	Strigiformes	025	N349	N299
1350	0	150	0	0.1	1.0	admixture	gqshmm_ex_ancestral	Strigiformes	025	N349	N299
1264	86	137	13	0.1	1.0	admixture	dtohmm_derived	Strigiformes	025	N349	N299
1022	328	107	43	0.1	1.0	admixture	bcbhmm_ancestral	Strigiformes	025	N349	N299
688	662	73	77	0.1	1.0	admixture	cqshmm_ex_ancestral	Strigiformes	025	N349	N299
1316	34	147	3	0.1	1.0	admixture	cqshmm_derived	Strigiformes	025	N349	N299
1313	37	149	1	0.1	1.0	admixture	pbphmm_ex_ancestral	Strigiformes	025	N349	N299
766	584	87	63	0.1	1.0	admixture	cqshmm_ancestral	Strigiformes	025	N349	N299
1347	3	150	0	0.1	1.0	admixture	gqshmm_ex	Strigiformes	025	N349	N299
1322	28	146	4	0.1	1.0	admixture	pbphmm_ex_derived	Strigiformes	025	N349	N299
1187	163	125	25	0.1	1.0	admixture	mlthmm_derived	Strigiformes	025	N349	N299
696	579	110	115	0.15	1.0	admixture	dtohmm_ancestral	Opisthocomushoazin	025	N275	N192
1275	0	225	0	0.15	1.0	admixture	pbphmm_derived	Opisthocomushoazin	025	N275	N192
1275	0	225	0	0.15	1.0	admixture	pbphmm_ancestral	Opisthocomushoazin	025	N275	N192
858	417	142	83	0.15	1.0	admixture	gqshmm_ex_derived	Opisthocomushoazin	025	N275	N192
664	611	118	107	0.15	1.0	admixture	gqshmm_ancestral	Opisthocomushoazin	025	N275	N192
815	460	149	76	0.15	1.0	admixture	gqshmm_derived	Opisthocomushoazin	025	N275	N192
956	319	176	49	0.15	1.0	admixture	cqshmm_ex_derived	Opisthocomushoazin	025	N275	N192
688	587	121	104	0.15	1.0	admixture	bcbhmm_derived	Opisthocomushoazin	025	N275	N192
925	350	170	55	0.15	1.0	admixture	mlthmm_ex_derived	Opisthocomushoazin	025	N275	N192
674	601	120	105	0.15	1.0	admixture	mlthmm_ancestral	Opisthocomushoazin	025	N275	N192
686	589	107	118	0.15	1.0	admixture	dtohmm_ex_ancestral	Opisthocomushoazin	025	N275	N192
632	643	121	104	0.15	1.0	admixture	bcbhmm_ex_ancestral	Opisthocomushoazin	025	N275	N192
837	438	147	78	0.15	1.0	admixture	mlthmm_ex_ancestral	Opisthocomushoazin	025	N275	N192
966	309	171	54	0.15	1.0	admixture	bcbhmm_ex_derived	Opisthocomushoazin	025	N275	N192
929	346	174	51	0.15	1.0	admixture	dtohmm_ex_derived	Opisthocomushoazin	025	N275	N192
1275	0	225	0	0.15	1.0	admixture	gqshmm_ex_ancestral	Opisthocomushoazin	025	N275	N192
916	359	168	57	0.15	1.0	admixture	dtohmm_derived	Opisthocomushoazin	025	N275	N192
748	527	132	93	0.15	1.0	admixture	bcbhmm_ancestral	Opisthocomushoazin	025	N275	N192
874	401	144	81	0.15	1.0	admixture	cqshmm_ex_ancestral	Opisthocomushoazin	025	N275	N192
723	552	99	126	0.15	1.0	admixture	cqshmm_derived	Opisthocomushoazin	025	N275	N192
1267	8	224	1	0.15	1.0	admixture	pbphmm_ex_ancestral	Opisthocomushoazin	025	N275	N192
899	376	152	73	0.15	1.0	admixture	cqshmm_ancestral	Opisthocomushoazin	025	N275	N192
1269	6	225	0	0.15	1.0	admixture	pbphmm_ex_derived	Opisthocomushoazin	025	N275	N192
834	441	153	72	0.15	1.0	admixture	mlthmm_derived	Opisthocomushoazin	025	N275	N192
640	560	154	146	0.2	1.0	admixture	dtohmm_ancestral	Falconiformes	050	Accipitriformes	N717
1200	0	300	0	0.2	1.0	admixture	pbphmm_derived	Falconiformes	050	Accipitriformes	N717
1087	113	288	12	0.2	1.0	admixture	pbphmm_ancestral	Falconiformes	050	Accipitriformes	N717
1198	2	300	0	0.2	1.0	admixture	gqshmm_ex_derived	Falconiformes	050	Accipitriformes	N717
711	489	179	121	0.2	1.0	admixture	gqshmm_ancestral	Falconiformes	050	Accipitriformes	N717
1200	0	300	0	0.2	1.0	admixture	gqshmm_derived	Falconiformes	050	Accipitriformes	N717
734	466	216	84	0.2	1.0	admixture	cqshmm_ex_derived	Falconiformes	050	Accipitriformes	N717
1200	0	300	0	0.2	1.0	admixture	bcbhmm_derived	Falconiformes	050	Accipitriformes	N717
840	360	210	90	0.2	1.0	admixture	mlthmm_ex_derived	Falconiformes	050	Accipitriformes	N717
1177	23	290	10	0.2	1.0	admixture	mlthmm_ancestral	Falconiformes	050	Accipitriformes	N717
690	510	159	141	0.2	1.0	admixture	dtohmm_ex_ancestral	Falconiformes	050	Accipitriformes	N717
846	354	209	91	0.2	1.0	admixture	bcbhmm_ex_ancestral	Falconiformes	050	Accipitriformes	N717
704	496	188	112	0.2	1.0	admixture	mlthmm_ex_ancestral	Falconiformes	050	Accipitriformes	N717
623	577	163	137	0.2	1.0	admixture	bcbhmm_ex_derived	Falconiformes	050	Accipitriformes	N717
668	532	180	120	0.2	1.0	admixture	dtohmm_ex_derived	Falconiformes	050	Accipitriformes	N717
1200	0	300	0	0.2	1.0	admixture	gqshmm_ex_ancestral	Falconiformes	050	Accipitriformes	N717
1200	0	300	0	0.2	1.0	admixture	dtohmm_derived	Falconiformes	050	Accipitriformes	N717
838	362	223	77	0.2	1.0	admixture	bcbhmm_ancestral	Falconiformes	050	Accipitriformes	N717
671	529	161	139	0.2	1.0	admixture	cqshmm_ex_ancestral	Falconiformes	050	Accipitriformes	N717
1200	0	300	0	0.2	1.0	admixture	cqshmm_derived	Falconiformes	050	Accipitriformes	N717
1068	132	279	21	0.2	1.0	admixture	pbphmm_ex_ancestral	Falconiformes	050	Accipitriformes	N717
1009	191	272	28	0.2	1.0	admixture	cqshmm_ancestral	Falconiformes	050	Accipitriformes	N717
1198	2	300	0	0.2	1.0	admixture	gqshmm_ex	Falconiformes	050	Accipitriformes	N717
1153	47	294	6	0.2	1.0	admixture	pbphmm_ex_derived	Falconiformes	050	Accipitriformes	N717
1200	0	300	0	0.2	1.0	admixture	mlthmm_derived	Falconiformes	050	Accipitriformes	N717
824	376	199	101	0.2	1.0	admixture	dtohmm_ancestral	Coraciiformes	050	N220	N202
1038	162	120	180	0.2	1.0	admixture	pbphmm_derived	Coraciiformes	050	N220	N202
1200	0	300	0	0.2	1.0	admixture	pbphmm_ancestral	Coraciiformes	050	N220	N202
940	260	226	74	0.2	1.0	admixture	gqshmm_ex_derived	Coraciiformes	050	N220	N202
862	338	207	93	0.2	1.0	admixture	gqshmm_ancestral	Coraciiformes	050	N220	N202
1131	69	264	36	0.2	1.0	admixture	gqshmm_derived	Coraciiformes	050	N220	N202
981	219	252	48	0.2	1.0	admixture	cqshmm_ex_derived	Coraciiformes	050	N220	N202
1200	0	300	0	0.2	1.0	admixture	bcbhmm_derived	Coraciiformes	050	N220	N202
771	429	177	123	0.2	1.0	admixture	mlthmm_ex_derived	Coraciiformes	050	N220	N202
996	204	264	36	0.2	1.0	admixture	mlthmm_ancestral	Coraciiformes	050	N220	N202
698	502	175	125	0.2	1.0	admixture	dtohmm_ex_ancestral	Coraciiformes	050	N220	N202
778	422	184	116	0.2	1.0	admixture	bcbhmm_ex_ancestral	Coraciiformes	050	N220	N202
776	424	211	89	0.2	1.0	admixture	mlthmm_ex_ancestral	Coraciiformes	050	N220	N202
1095	105	281	19	0.2	1.0	admixture	bcbhmm_ex_derived	Coraciiformes	050	N220	N202
950	250	226	74	0.2	1.0	admixture	dtohmm_ex_derived	Coraciiformes	050	N220	N202
981	219	248	52	0.2	1.0	admixture	gqshmm_ex_ancestral	Coraciiformes	050	N220	N202
1191	9	276	24	0.2	1.0	admixture	dtohmm_derived	Coraciiformes	050	N220	N202
1063	137	273	27	0.2	1.0	admixture	bcbhmm_ancestral	Coraciiformes	050	N220	N202
646	554	127	173	0.2	1.0	admixture	cqshmm_ex_ancestral	Coraciiformes	050	N220	N202
1181	19	285	15	0.2	1.0	admixture	cqshmm_derived	Coraciiformes	050	N220	N202
1173	27	296	4	0.2	1.0	admixture	pbphmm_ex_ancestral	Coraciiformes	050	N220	N202
649	551	137	163	0.2	1.0	admixture	cqshmm_ancestral	Coraciiformes	050	N220	N202
940	260	226	74	0.2	1.0	admixture	gqshmm_ex	Coraciiformes	050	N220	N202
678	522	179	121	0.2	1.0	admixture	pbphmm_ex_derived	Coraciiformes	050	N220	N202
1191	9	276	24	0.2	1.0	admixture	mlthmm_derived	Coraciiformes	050	N220	N202
825	645	18	12	0.02	1.0	admixture	dtohmm_ancestral	Opisthocomushoazin	025	N275	N192
1470	0	30	0	0.02	1.0	admixture	pbphmm_derived	Opisthocomushoazin	025	N275	N192
1470	0	30	0	0.02	1.0	admixture	pbphmm_ancestral	Opisthocomushoazin	025	N275	N192
969	501	18	12	0.02	1.0	admixture	gqshmm_ex_derived	Opisthocomushoazin	025	N275	N192
788	682	13	17	0.02	1.0	admixture	gqshmm_ancestral	Opisthocomushoazin	025	N275	N192
939	531	17	13	0.02	1.0	admixture	gqshmm_derived	Opisthocomushoazin	025	N275	N192
1125	345	24	6	0.02	1.0	admixture	cqshmm_ex_derived	Opisthocomushoazin	025	N275	N192
1006	464	19	11	0.02	1.0	admixture	bcbhmm_derived	Opisthocomushoazin	025	N275	N192
1073	397	22	8	0.02	1.0	admixture	mlthmm_ex_derived	Opisthocomushoazin	025	N275	N192
788	682	19	11	0.02	1.0	admixture	mlthmm_ancestral	Opisthocomushoazin	025	N275	N192
956	514	20	10	0.02	1.0	admixture	dtohmm_ex_ancestral	Opisthocomushoazin	025	N275	N192
877	593	16	14	0.02	1.0	admixture	bcbhmm_ex_ancestral	Opisthocomushoazin	025	N275	N192
1037	433	22	8	0.02	1.0	admixture	mlthmm_ex_ancestral	Opisthocomushoazin	025	N275	N192
1119	351	26	4	0.02	1.0	admixture	bcbhmm_ex_derived	Opisthocomushoazin	025	N275	N192
1076	394	23	7	0.02	1.0	admixture	dtohmm_ex_derived	Opisthocomushoazin	025	N275	N192
1469	1	30	0	0.02	1.0	admixture	gqshmm_ex_ancestral	Opisthocomushoazin	025	N275	N192
993	477	19	11	0.02	1.0	admixture	dtohmm_derived	Opisthocomushoazin	025	N275	N192
870	600	20	10	0.02	1.0	admixture	bcbhmm_ancestral	Opisthocomushoazin	025	N275	N192
873	597	19	11	0.02	1.0	admixture	cqshmm_ex_ancestral	Opisthocomushoazin	025	N275	N192
1271	199	23	7	0.02	1.0	admixture	cqshmm_derived	Opisthocomushoazin	025	N275	N192
1459	11	30	0	0.02	1.0	admixture	pbphmm_ex_ancestral	Opisthocomushoazin	025	N275	N192
1063	407	23	7	0.02	1.0	admixture	cqshmm_ancestral	Opisthocomushoazin	025	N275	N192
1379	91	30	0	0.02	1.0	admixture	pbphmm_ex_derived	Opisthocomushoazin	025	N275	N192
956	514	17	13	0.02	1.0	admixture	mlthmm_derived	Opisthocomushoazin	025	N275	N192
1074	51	355	20	0.25	1.0	admixture	dtohmm_ancestral	N251	050	N269	N242
1124	1	375	0	0.25	1.0	admixture	pbphmm_derived	N251	050	N269	N242
1124	1	375	0	0.25	1.0	admixture	pbphmm_ancestral	N251	050	N269	N242
643	482	249	126	0.25	1.0	admixture	gqshmm_ex_derived	N251	050	N269	N242
864	261	266	109	0.25	1.0	admixture	gqshmm_ancestral	N251	050	N269	N242
701	424	229	146	0.25	1.0	admixture	gqshmm_derived	N251	050	N269	N242
957	168	295	80	0.25	1.0	admixture	cqshmm_ex_derived	N251	050	N269	N242
765	360	270	105	0.25	1.0	admixture	bcbhmm_derived	N251	050	N269	N242
528	597	233	142	0.25	1.0	admixture	mlthmm_ex_derived	N251	050	N269	N242
897	228	315	60	0.25	1.0	admixture	mlthmm_ancestral	N251	050	N269	N242
766	359	225	150	0.25	1.0	admixture	dtohmm_ex_ancestral	N251	050	N269	N242
724	401	251	124	0.25	1.0	admixture	bcbhmm_ex_ancestral	N251	050	N269	N242
592	533	246	129	0.25	1.0	admixture	mlthmm_ex_ancestral	N251	050	N269	N242
709	416	231	144	0.25	1.0	admixture	bcbhmm_ex_derived	N251	050	N269	N242
598	527	192	183	0.25	1.0	admixture	dtohmm_ex_derived	N251	050	N269	N242
1105	20	375	0	0.25	1.0	admixture	gqshmm_ex_ancestral	N251	050	N269	N242
1066	59	338	37	0.25	1.0	admixture	dtohmm_derived	N251	050	N269	N242
1123	2	375	0	0.25	1.0	admixture	bcbhmm_ancestral	N251	050	N269	N242
582	543	189	186	0.25	1.0	admixture	cqshmm_ex_ancestral	N251	050	N269	N242
1028	97	230	145	0.25	1.0	admixture	cqshmm_derived	N251	050	N269	N242
872	253	331	44	0.25	1.0	admixture	pbphmm_ex_ancestral	N251	050	N269	N242
712	413	253	122	0.25	1.0	admixture	cqshmm_ancestral	N251	050	N269	N242
643	482	249	126	0.25	1.0	admixture	gqshmm_ex	N251	050	N269	N242
1030	95	363	12	0.25	1.0	admixture	pbphmm_ex_derived	N251	050	N269	N242
714	411	231	144	0.25	1.0	admixture	mlthmm_derived	N251	050	N269	N242
999	126	328	47	0.25	1.0	admixture	dtohmm_ancestral	N689	025	N657	N672
651	474	188	187	0.25	1.0	admixture	pbphmm_derived	N689	025	N657	N672
578	547	196	179	0.25	1.0	admixture	pbphmm_ancestral	N689	025	N657	N672
577	548	192	183	0.25	1.0	admixture	gqshmm_ex_derived	N689	025	N657	N672
1094	31	351	24	0.25	1.0	admixture	gqshmm_ancestral	N689	025	N657	N672
843	282	254	121	0.25	1.0	admixture	gqshmm_derived	N689	025	N657	N672
748	377	209	166	0.25	1.0	admixture	cqshmm_ex_derived	N689	025	N657	N672
1083	42	367	8	0.25	1.0	admixture	bcbhmm_derived	N689	025	N657	N672
705	420	225	150	0.25	1.0	admixture	mlthmm_ex_derived	N689	025	N657	N672
995	130	327	48	0.25	1.0	admixture	mlthmm_ancestral	N689	025	N657	N672
653	472	239	136	0.25	1.0	admixture	dtohmm_ex_ancestral	N689	025	N657	N672
1047	78	343	32	0.25	1.0	admixture	bcbhmm_ex_ancestral	N689	025	N657	N672
821	304	288	87	0.25	1.0	admixture	mlthmm_ex_ancestral	N689	025	N657	N672
802	323	278	97	0.25	1.0	admixture	bcbhmm_ex_derived	N689	025	N657	N672
670	455	216	159	0.25	1.0	admixture	dtohmm_ex_derived	N689	025	N657	N672
1089	36	347	28	0.25	1.0	admixture	gqshmm_ex_ancestral	N689	025	N657	N672
993	132	323	52	0.25	1.0	admixture	dtohmm_derived	N689	025	N657	N672
1120	5	373	2	0.25	1.0	admixture	bcbhmm_ancestral	N689	025	N657	N672
763	362	220	155	0.25	1.0	admixture	cqshmm_ex_ancestral	N689	025	N657	N672
556	569	323	52	0.25	1.0	admixture	cqshmm_derived	N689	025	N657	N672
730	395	83	292	0.25	1.0	admixture	pbphmm_ex_ancestral	N689	025	N657	N672
1011	114	334	41	0.25	1.0	admixture	cqshmm_ancestral	N689	025	N657	N672
577	548	192	183	0.25	1.0	admixture	gqshmm_ex	N689	025	N657	N672
775	350	300	75	0.25	1.0	admixture	pbphmm_ex_derived	N689	025	N657	N672
680	445	212	163	0.25	1.0	admixture	mlthmm_derived	N689	025	N657	N672
1011	114	337	38	0.25	1.0	admixture	dtohmm_ancestral	Coraciiformes	050	Bucerotiformes	Piciformes
1097	28	40	335	0.25	1.0	admixture	pbphmm_derived	Coraciiformes	050	Bucerotiformes	Piciformes
1123	2	375	0	0.25	1.0	admixture	pbphmm_ancestral	Coraciiformes	050	Bucerotiformes	Piciformes
905	220	267	108	0.25	1.0	admixture	gqshmm_ex_derived	Coraciiformes	050	Bucerotiformes	Piciformes
972	153	323	52	0.25	1.0	admixture	gqshmm_ancestral	Coraciiformes	050	Bucerotiformes	Piciformes
1060	65	303	72	0.25	1.0	admixture	gqshmm_derived	Coraciiformes	050	Bucerotiformes	Piciformes
889	236	268	107	0.25	1.0	admixture	cqshmm_ex_derived	Coraciiformes	050	Bucerotiformes	Piciformes
1125	0	373	2	0.25	1.0	admixture	bcbhmm_derived	Coraciiformes	050	Bucerotiformes	Piciformes
737	388	188	187	0.25	1.0	admixture	mlthmm_ex_derived	Coraciiformes	050	Bucerotiformes	Piciformes
1099	26	364	11	0.25	1.0	admixture	mlthmm_ancestral	Coraciiformes	050	Bucerotiformes	Piciformes
695	430	175	200	0.25	1.0	admixture	dtohmm_ex_ancestral	Coraciiformes	050	Bucerotiformes	Piciformes
1074	51	342	33	0.25	1.0	admixture	bcbhmm_ex_ancestral	Coraciiformes	050	Bucerotiformes	Piciformes
929	196	211	164	0.25	1.0	admixture	mlthmm_ex_ancestral	Coraciiformes	050	Bucerotiformes	Piciformes
1074	51	347	28	0.25	1.0	admixture	bcbhmm_ex_derived	Coraciiformes	050	Bucerotiformes	Piciformes
684	441	168	207	0.25	1.0	admixture	dtohmm_ex_derived	Coraciiformes	050	Bucerotiformes	Piciformes
793	332	210	165	0.25	1.0	admixture	gqshmm_ex_ancestral	Coraciiformes	050	Bucerotiformes	Piciformes
1125	0	88	287	0.25	1.0	admixture	dtohmm_derived	Coraciiformes	050	Bucerotiformes	Piciformes
1010	115	332	43	0.25	1.0	admixture	bcbhmm_ancestral	Coraciiformes	050	Bucerotiformes	Piciformes
1002	123	310	65	0.25	1.0	admixture	cqshmm_ex_ancestral	Coraciiformes	050	Bucerotiformes	Piciformes
1078	47	40	335	0.25	1.0	admixture	cqshmm_derived	Coraciiformes	050	Bucerotiformes	Piciformes
520	605	246	129	0.25	1.0	admixture	pbphmm_ex_ancestral	Coraciiformes	050	Bucerotiformes	Piciformes
1036	89	279	96	0.25	1.0	admixture	cqshmm_ancestral	Coraciiformes	050	Bucerotiformes	Piciformes
905	220	267	108	0.25	1.0	admixture	gqshmm_ex	Coraciiformes	050	Bucerotiformes	Piciformes
634	491	218	157	0.25	1.0	admixture	pbphmm_ex_derived	Coraciiformes	050	Bucerotiformes	Piciformes
1122	3	347	28	0.25	1.0	admixture	mlthmm_derived	Coraciiformes	050	Bucerotiformes	Piciformes
737	538	131	94	0.15	1.0	admixture	dtohmm_ancestral	Opisthocomushoazin	050	N275	N192
1275	0	225	0	0.15	1.0	admixture	pbphmm_derived	Opisthocomushoazin	050	N275	N192
1275	0	225	0	0.15	1.0	admixture	pbphmm_ancestral	Opisthocomushoazin	050	N275	N192
854	421	166	59	0.15	1.0	admixture	gqshmm_ex_derived	Opisthocomushoazin	050	N275	N192
666	609	117	108	0.15	1.0	admixture	gqshmm_ancestral	Opisthocomushoazin	050	N275	N192
817	458	147	78	0.15	1.0	admixture	gqshmm_derived	Opisthocomushoazin	050	N275	N192
988	287	162	63	0.15	1.0	admixture	cqshmm_ex_derived	Opisthocomushoazin	050	N275	N192
900	375	158	67	0.15	1.0	admixture	bcbhmm_derived	Opisthocomushoazin	050	N275	N192
978	297	170	55	0.15	1.0	admixture	mlthmm_ex_derived	Opisthocomushoazin	050	N275	N192
683	592	121	104	0.15	1.0	admixture	mlthmm_ancestral	Opisthocomushoazin	050	N275	N192
741	534	126	99	0.15	1.0	admixture	dtohmm_ex_ancestral	Opisthocomushoazin	050	N275	N192
634	641	119	106	0.15	1.0	admixture	bcbhmm_ex_ancestral	Opisthocomushoazin	050	N275	N192
900	375	156	69	0.15	1.0	admixture	mlthmm_ex_ancestral	Opisthocomushoazin	050	N275	N192
966	309	163	62	0.15	1.0	admixture	bcbhmm_ex_derived	Opisthocomushoazin	050	N275	N192
933	342	156	69	0.15	1.0	admixture	dtohmm_ex_derived	Opisthocomushoazin	050	N275	N192
1275	0	225	0	0.15	1.0	admixture	gqshmm_ex_ancestral	Opisthocomushoazin	050	N275	N192
913	362	167	58	0.15	1.0	admixture	dtohmm_derived	Opisthocomushoazin	050	N275	N192
757	518	130	95	0.15	1.0	admixture	bcbhmm_ancestral	Opisthocomushoazin	050	N275	N192
855	420	138	87	0.15	1.0	admixture	cqshmm_ex_ancestral	Opisthocomushoazin	050	N275	N192
938	337	142	83	0.15	1.0	admixture	cqshmm_derived	Opisthocomushoazin	050	N275	N192
1267	8	224	1	0.15	1.0	admixture	pbphmm_ex_ancestral	Opisthocomushoazin	050	N275	N192
905	370	155	70	0.15	1.0	admixture	cqshmm_ancestral	Opisthocomushoazin	050	N275	N192
1197	78	207	18	0.15	1.0	admixture	pbphmm_ex_derived	Opisthocomushoazin	050	N275	N192
834	441	149	76	0.15	1.0	admixture	mlthmm_derived	Opisthocomushoazin	050	N275	N192
1278	147	60	15	0.05	1.0	admixture	dtohmm_ancestral	Musophagiformes	025	N83	N118
1425	0	75	0	0.05	1.0	admixture	pbphmm_derived	Musophagiformes	025	N83	N118
1407	18	75	0	0.05	1.0	admixture	pbphmm_ancestral	Musophagiformes	025	N83	N118
1402	23	74	1	0.05	1.0	admixture	gqshmm_ex_derived	Musophagiformes	025	N83	N118
728	697	39	36	0.05	1.0	admixture	gqshmm_ancestral	Musophagiformes	025	N83	N118
1425	0	75	0	0.05	1.0	admixture	gqshmm_derived	Musophagiformes	025	N83	N118
948	477	52	23	0.05	1.0	admixture	cqshmm_ex_derived	Musophagiformes	025	N83	N118
1425	0	75	0	0.05	1.0	admixture	bcbhmm_derived	Musophagiformes	025	N83	N118
768	657	46	29	0.05	1.0	admixture	mlthmm_ex_derived	Musophagiformes	025	N83	N118
1061	364	57	18	0.05	1.0	admixture	mlthmm_ancestral	Musophagiformes	025	N83	N118
935	490	47	28	0.05	1.0	admixture	dtohmm_ex_ancestral	Musophagiformes	025	N83	N118
836	589	44	31	0.05	1.0	admixture	bcbhmm_ex_ancestral	Musophagiformes	025	N83	N118
934	491	52	23	0.05	1.0	admixture	mlthmm_ex_ancestral	Musophagiformes	025	N83	N118
909	516	39	36	0.05	1.0	admixture	bcbhmm_ex_derived	Musophagiformes	025	N83	N118
724	701	41	34	0.05	1.0	admixture	dtohmm_ex_derived	Musophagiformes	025	N83	N118
1416	9	75	0	0.05	1.0	admixture	gqshmm_ex_ancestral	Musophagiformes	025	N83	N118
1425	0	75	0	0.05	1.0	admixture	dtohmm_derived	Musophagiformes	025	N83	N118
956	469	50	25	0.05	1.0	admixture	bcbhmm_ancestral	Musophagiformes	025	N83	N118
797	628	43	32	0.05	1.0	admixture	cqshmm_ex_ancestral	Musophagiformes	025	N83	N118
1425	0	75	0	0.05	1.0	admixture	cqshmm_derived	Musophagiformes	025	N83	N118
1389	36	73	2	0.05	1.0	admixture	pbphmm_ex_ancestral	Musophagiformes	025	N83	N118
765	660	41	34	0.05	1.0	admixture	cqshmm_ancestral	Musophagiformes	025	N83	N118
1402	23	74	1	0.05	1.0	admixture	gqshmm_ex	Musophagiformes	025	N83	N118
1407	18	75	0	0.05	1.0	admixture	pbphmm_ex_derived	Musophagiformes	025	N83	N118
1425	0	75	0	0.05	1.0	admixture	mlthmm_derived	Musophagiformes	025	N83	N118
1058	217	72	153	0.15	1.0	admixture	dtohmm_ancestral	N546	050	N532	N567
527	748	225	0	0.15	1.0	admixture	pbphmm_derived	N546	050	N532	N567
1230	45	1	224	0.15	1.0	admixture	pbphmm_ancestral	N546	050	N532	N567
1067	208	200	25	0.15	1.0	admixture	gqshmm_ex_derived	N546	050	N532	N567
1115	160	199	26	0.15	1.0	admixture	gqshmm_ancestral	N546	050	N532	N567
755	520	84	141	0.15	1.0	admixture	gqshmm_derived	N546	050	N532	N567
827	448	103	122	0.15	1.0	admixture	cqshmm_ex_derived	N546	050	N532	N567
1122	153	5	220	0.15	1.0	admixture	bcbhmm_derived	N546	050	N532	N567
712	563	159	66	0.15	1.0	admixture	mlthmm_ex_derived	N546	050	N532	N567
1216	59	167	58	0.15	1.0	admixture	mlthmm_ancestral	N546	050	N532	N567
1127	148	197	28	0.15	1.0	admixture	dtohmm_ex_ancestral	N546	050	N532	N567
1243	32	212	13	0.15	1.0	admixture	bcbhmm_ex_ancestral	N546	050	N532	N567
1103	172	190	35	0.15	1.0	admixture	mlthmm_ex_ancestral	N546	050	N532	N567
735	540	128	97	0.15	1.0	admixture	bcbhmm_ex_derived	N546	050	N532	N567
1275	0	0	225	0.15	1.0	admixture	dtohmm_ex_derived	N546	050	N532	N567
1275	0	225	0	0.15	1.0	admixture	gqshmm_ex_ancestral	N546	050	N532	N567
1274	1	5	220	0.15	1.0	admixture	dtohmm_derived	N546	050	N532	N567
1268	7	219	6	0.15	1.0	admixture	bcbhmm_ancestral	N546	050	N532	N567
990	285	88	137	0.15	1.0	admixture	cqshmm_ex_ancestral	N546	050	N532	N567
1269	6	4	221	0.15	1.0	admixture	cqshmm_derived	N546	050	N532	N567
861	414	29	196	0.15	1.0	admixture	pbphmm_ex_ancestral	N546	050	N532	N567
1263	12	2	223	0.15	1.0	admixture	cqshmm_ancestral	N546	050	N532	N567
1067	208	200	25	0.15	1.0	admixture	gqshmm_ex	N546	050	N532	N567
1274	1	0	225	0.15	1.0	admixture	pbphmm_ex_derived	N546	050	N532	N567
777	498	27	198	0.15	1.0	admixture	mlthmm_derived	N546	050	N532	N567
1176	24	253	47	0.2	1.0	admixture	dtohmm_ancestral	N546	050	N532	N567
1139	61	3	297	0.2	1.0	admixture	pbphmm_derived	N546	050	N532	N567
1200	0	0	300	0.2	1.0	admixture	pbphmm_ancestral	N546	050	N532	N567
1003	197	271	29	0.2	1.0	admixture	gqshmm_ex_derived	N546	050	N532	N567
1138	62	284	16	0.2	1.0	admixture	gqshmm_ancestral	N546	050	N532	N567
715	485	114	186	0.2	1.0	admixture	gqshmm_derived	N546	050	N532	N567
688	512	136	164	0.2	1.0	admixture	cqshmm_ex_derived	N546	050	N532	N567
1176	24	0	300	0.2	1.0	admixture	bcbhmm_derived	N546	050	N532	N567
657	543	215	85	0.2	1.0	admixture	mlthmm_ex_derived	N546	050	N532	N567
1141	59	274	26	0.2	1.0	admixture	mlthmm_ancestral	N546	050	N532	N567
1056	144	260	40	0.2	1.0	admixture	dtohmm_ex_ancestral	N546	050	N532	N567
1151	49	272	28	0.2	1.0	admixture	bcbhmm_ex_ancestral	N546	050	N532	N567
1027	173	246	54	0.2	1.0	admixture	mlthmm_ex_ancestral	N546	050	N532	N567
672	528	164	136	0.2	1.0	admixture	bcbhmm_ex_derived	N546	050	N532	N567
1198	2	2	298	0.2	1.0	admixture	dtohmm_ex_derived	N546	050	N532	N567
1119	81	275	25	0.2	1.0	admixture	gqshmm_ex_ancestral	N546	050	N532	N567
1190	10	12	288	0.2	1.0	admixture	dtohmm_derived	N546	050	N532	N567
1187	13	289	11	0.2	1.0	admixture	bcbhmm_ancestral	N546	050	N532	N567
956	244	143	157	0.2	1.0	admixture	cqshmm_ex_ancestral	N546	050	N532	N567
1194	6	3	297	0.2	1.0	admixture	cqshmm_derived	N546	050	N532	N567
825	375	47	253	0.2	1.0	admixture	pbphmm_ex_ancestral	N546	050	N532	N567
1194	6	0	300	0.2	1.0	admixture	cqshmm_ancestral	N546	050	N532	N567
1003	197	271	29	0.2	1.0	admixture	gqshmm_ex	N546	050	N532	N567
1195	5	0	300	0.2	1.0	admixture	pbphmm_ex_derived	N546	050	N532	N567
1167	33	0	300	0.2	1.0	admixture	mlthmm_derived	N546	050	N532	N567
1156	44	298	2	0.2	1.0	admixture	dtohmm_ancestral	Musophagiformes	050	N83	N118
1200	0	300	0	0.2	1.0	admixture	pbphmm_derived	Musophagiformes	050	N83	N118
1199	1	300	0	0.2	1.0	admixture	pbphmm_ancestral	Musophagiformes	050	N83	N118
1179	21	297	3	0.2	1.0	admixture	gqshmm_ex_derived	Musophagiformes	050	N83	N118
607	593	159	141	0.2	1.0	admixture	gqshmm_ancestral	Musophagiformes	050	N83	N118
1200	0	300	0	0.2	1.0	admixture	gqshmm_derived	Musophagiformes	050	N83	N118
786	414	200	100	0.2	1.0	admixture	cqshmm_ex_derived	Musophagiformes	050	N83	N118
1200	0	300	0	0.2	1.0	admixture	bcbhmm_derived	Musophagiformes	050	N83	N118
648	552	163	137	0.2	1.0	admixture	mlthmm_ex_derived	Musophagiformes	050	N83	N118
966	234	235	65	0.2	1.0	admixture	mlthmm_ancestral	Musophagiformes	050	N83	N118
781	419	207	93	0.2	1.0	admixture	dtohmm_ex_ancestral	Musophagiformes	050	N83	N118
706	494	182	118	0.2	1.0	admixture	bcbhmm_ex_ancestral	Musophagiformes	050	N83	N118
790	410	180	120	0.2	1.0	admixture	mlthmm_ex_ancestral	Musophagiformes	050	N83	N118
762	438	191	109	0.2	1.0	admixture	bcbhmm_ex_derived	Musophagiformes	050	N83	N118
615	585	157	143	0.2	1.0	admixture	dtohmm_ex_derived	Musophagiformes	050	N83	N118
1196	4	297	3	0.2	1.0	admixture	gqshmm_ex_ancestral	Musophagiformes	050	N83	N118
1200	0	300	0	0.2	1.0	admixture	dtohmm_derived	Musophagiformes	050	N83	N118
1017	183	260	40	0.2	1.0	admixture	bcbhmm_ancestral	Musophagiformes	050	N83	N118
626	574	158	142	0.2	1.0	admixture	cqshmm_ex_ancestral	Musophagiformes	050	N83	N118
1200	0	300	0	0.2	1.0	admixture	cqshmm_derived	Musophagiformes	050	N83	N118
1169	31	292	8	0.2	1.0	admixture	pbphmm_ex_ancestral	Musophagiformes	050	N83	N118
795	405	208	92	0.2	1.0	admixture	cqshmm_ancestral	Musophagiformes	050	N83	N118
1179	21	297	3	0.2	1.0	admixture	gqshmm_ex	Musophagiformes	050	N83	N118
1193	7	297	3	0.2	1.0	admixture	pbphmm_ex_derived	Musophagiformes	050	N83	N118
1200	0	300	0	0.2	1.0	admixture	mlthmm_derived	Musophagiformes	050	N83	N118
986	484	19	11	0.02	1.0	admixture	dtohmm_ancestral	Strigiformes	025	N349	N299
1470	0	30	0	0.02	1.0	admixture	pbphmm_derived	Strigiformes	025	N349	N299
1403	67	30	0	0.02	1.0	admixture	pbphmm_ancestral	Strigiformes	025	N349	N299
1467	3	30	0	0.02	1.0	admixture	gqshmm_ex_derived	Strigiformes	025	N349	N299
926	544	18	12	0.02	1.0	admixture	gqshmm_ancestral	Strigiformes	025	N349	N299
1199	271	19	11	0.02	1.0	admixture	gqshmm_derived	Strigiformes	025	N349	N299
1025	445	20	10	0.02	1.0	admixture	cqshmm_ex_derived	Strigiformes	025	N349	N299
835	635	30	0	0.02	1.0	admixture	bcbhmm_derived	Strigiformes	025	N349	N299
1145	325	20	10	0.02	1.0	admixture	mlthmm_ex_derived	Strigiformes	025	N349	N299
977	493	19	11	0.02	1.0	admixture	mlthmm_ancestral	Strigiformes	025	N349	N299
968	502	24	6	0.02	1.0	admixture	dtohmm_ex_ancestral	Strigiformes	025	N349	N299
775	695	13	17	0.02	1.0	admixture	bcbhmm_ex_ancestral	Strigiformes	025	N349	N299
967	503	16	14	0.02	1.0	admixture	mlthmm_ex_ancestral	Strigiformes	025	N349	N299
1060	410	20	10	0.02	1.0	admixture	bcbhmm_ex_derived	Strigiformes	025	N349	N299
1073	397	20	10	0.02	1.0	admixture	dtohmm_ex_derived	Strigiformes	025	N349	N299
1166	304	19	11	0.02	1.0	admixture	gqshmm_ex_ancestral	Strigiformes	025	N349	N299
1395	75	21	9	0.02	1.0	admixture	dtohmm_derived	Strigiformes	025	N349	N299
1227	243	20	10	0.02	1.0	admixture	bcbhmm_ancestral	Strigiformes	025	N349	N299
787	683	21	9	0.02	1.0	admixture	cqshmm_ex_ancestral	Strigiformes	025	N349	N299
1297	173	30	0	0.02	1.0	admixture	cqshmm_derived	Strigiformes	025	N349	N299
1431	39	30	0	0.02	1.0	admixture	pbphmm_ex_ancestral	Strigiformes	025	N349	N299
788	682	18	12	0.02	1.0	admixture	cqshmm_ancestral	Strigiformes	025	N349	N299
1467	3	30	0	0.02	1.0	admixture	gqshmm_ex	Strigiformes	025	N349	N299
1449	21	30	0	0.02	1.0	admixture	pbphmm_ex_derived	Strigiformes	025	N349	N299
1342	128	18	12	0.02	1.0	admixture	mlthmm_derived	Strigiformes	025	N349	N299
953	517	2	28	0.02	1.0	admixture	dtohmm_ancestral	N546	025	N532	N567
1400	70	30	0	0.02	1.0	admixture	pbphmm_derived	N546	025	N532	N567
1346	124	19	11	0.02	1.0	admixture	pbphmm_ancestral	N546	025	N532	N567
1229	241	26	4	0.02	1.0	admixture	gqshmm_ex_derived	N546	025	N532	N567
1275	195	27	3	0.02	1.0	admixture	gqshmm_ancestral	N546	025	N532	N567
863	607	10	20	0.02	1.0	admixture	gqshmm_derived	N546	025	N532	N567
897	573	17	13	0.02	1.0	admixture	cqshmm_ex_derived	N546	025	N532	N567
1249	221	0	30	0.02	1.0	admixture	bcbhmm_derived	N546	025	N532	N567
914	556	24	6	0.02	1.0	admixture	mlthmm_ex_derived	N546	025	N532	N567
1422	48	30	0	0.02	1.0	admixture	mlthmm_ancestral	N546	025	N532	N567
1281	189	25	5	0.02	1.0	admixture	dtohmm_ex_ancestral	N546	025	N532	N567
1365	105	27	3	0.02	1.0	admixture	bcbhmm_ex_ancestral	N546	025	N532	N567
1261	209	25	5	0.02	1.0	admixture	mlthmm_ex_ancestral	N546	025	N532	N567
835	635	18	12	0.02	1.0	admixture	bcbhmm_ex_derived	N546	025	N532	N567
760	710	8	22	0.02	1.0	admixture	dtohmm_ex_derived	N546	025	N532	N567
1370	100	26	4	0.02	1.0	admixture	gqshmm_ex_ancestral	N546	025	N532	N567
1096	374	5	25	0.02	1.0	admixture	dtohmm_derived	N546	025	N532	N567
1467	3	30	0	0.02	1.0	admixture	bcbhmm_ancestral	N546	025	N532	N567
1152	318	11	19	0.02	1.0	admixture	cqshmm_ex_ancestral	N546	025	N532	N567
1338	132	0	30	0.02	1.0	admixture	cqshmm_derived	N546	025	N532	N567
983	487	6	24	0.02	1.0	admixture	pbphmm_ex_ancestral	N546	025	N532	N567
1324	146	19	11	0.02	1.0	admixture	cqshmm_ancestral	N546	025	N532	N567
1233	237	26	4	0.02	1.0	admixture	gqshmm_ex	N546	025	N532	N567
1079	391	0	30	0.02	1.0	admixture	pbphmm_ex_derived	N546	025	N532	N567
1267	203	7	23	0.02	1.0	admixture	mlthmm_derived	N546	025	N532	N567
790	635	36	39	0.05	1.0	admixture	dtohmm_ancestral	Opisthocomushoazin	025	N275	N192
1425	0	75	0	0.05	1.0	admixture	pbphmm_derived	Opisthocomushoazin	025	N275	N192
1425	0	75	0	0.05	1.0	admixture	pbphmm_ancestral	Opisthocomushoazin	025	N275	N192
942	483	49	26	0.05	1.0	admixture	gqshmm_ex_derived	Opisthocomushoazin	025	N275	N192
751	674	39	36	0.05	1.0	admixture	gqshmm_ancestral	Opisthocomushoazin	025	N275	N192
902	523	53	22	0.05	1.0	admixture	gqshmm_derived	Opisthocomushoazin	025	N275	N192
1059	366	55	20	0.05	1.0	admixture	cqshmm_ex_derived	Opisthocomushoazin	025	N275	N192
972	453	58	17	0.05	1.0	admixture	bcbhmm_derived	Opisthocomushoazin	025	N275	N192
1029	396	53	22	0.05	1.0	admixture	mlthmm_ex_derived	Opisthocomushoazin	025	N275	N192
772	653	40	35	0.05	1.0	admixture	mlthmm_ancestral	Opisthocomushoazin	025	N275	N192
918	507	49	26	0.05	1.0	admixture	dtohmm_ex_ancestral	Opisthocomushoazin	025	N275	N192
850	575	51	24	0.05	1.0	admixture	bcbhmm_ex_ancestral	Opisthocomushoazin	025	N275	N192
943	482	50	25	0.05	1.0	admixture	mlthmm_ex_ancestral	Opisthocomushoazin	025	N275	N192
1087	338	57	18	0.05	1.0	admixture	bcbhmm_ex_derived	Opisthocomushoazin	025	N275	N192
1049	376	59	16	0.05	1.0	admixture	dtohmm_ex_derived	Opisthocomushoazin	025	N275	N192
1423	2	75	0	0.05	1.0	admixture	gqshmm_ex_ancestral	Opisthocomushoazin	025	N275	N192
884	541	47	28	0.05	1.0	admixture	dtohmm_derived	Opisthocomushoazin	025	N275	N192
847	578	42	33	0.05	1.0	admixture	bcbhmm_ancestral	Opisthocomushoazin	025	N275	N192
964	461	49	26	0.05	1.0	admixture	cqshmm_ex_ancestral	Opisthocomushoazin	025	N275	N192
866	559	43	32	0.05	1.0	admixture	cqshmm_derived	Opisthocomushoazin	025	N275	N192
1415	10	74	1	0.05	1.0	admixture	pbphmm_ex_ancestral	Opisthocomushoazin	025	N275	N192
986	439	44	31	0.05	1.0	admixture	cqshmm_ancestral	Opisthocomushoazin	025	N275	N192
1338	87	71	4	0.05	1.0	admixture	pbphmm_ex_derived	Opisthocomushoazin	025	N275	N192
785	640	40	35	0.05	1.0	admixture	mlthmm_derived	Opisthocomushoazin	025	N275	N192
1128	297	66	9	0.05	1.0	admixture	dtohmm_ancestral	N689	050	N657	N672
950	475	45	30	0.05	1.0	admixture	pbphmm_derived	N689	050	N657	N672
749	676	37	38	0.05	1.0	admixture	pbphmm_ancestral	N689	050	N657	N672
870	555	44	31	0.05	1.0	admixture	gqshmm_ex_derived	N689	050	N657	N672
1387	38	72	3	0.05	1.0	admixture	gqshmm_ancestral	N689	050	N657	N672
1057	368	48	27	0.05	1.0	admixture	gqshmm_derived	N689	050	N657	N672
957	468	41	34	0.05	1.0	admixture	cqshmm_ex_derived	N689	050	N657	N672
1247	178	75	0	0.05	1.0	admixture	bcbhmm_derived	N689	050	N657	N672
866	559	39	36	0.05	1.0	admixture	mlthmm_ex_derived	N689	050	N657	N672
1223	202	69	6	0.05	1.0	admixture	mlthmm_ancestral	N689	050	N657	N672
1010	415	60	15	0.05	1.0	admixture	dtohmm_ex_ancestral	N689	050	N657	N672
1290	135	69	6	0.05	1.0	admixture	bcbhmm_ex_ancestral	N689	050	N657	N672
744	681	25	50	0.05	1.0	admixture	mlthmm_ex_ancestral	N689	050	N657	N672
1021	404	56	19	0.05	1.0	admixture	bcbhmm_ex_derived	N689	050	N657	N672
834	591	38	37	0.05	1.0	admixture	dtohmm_ex_derived	N689	050	N657	N672
1345	80	68	7	0.05	1.0	admixture	gqshmm_ex_ancestral	N689	050	N657	N672
1080	345	56	19	0.05	1.0	admixture	dtohmm_derived	N689	050	N657	N672
1421	4	75	0	0.05	1.0	admixture	bcbhmm_ancestral	N689	050	N657	N672
952	473	32	43	0.05	1.0	admixture	cqshmm_ex_ancestral	N689	050	N657	N672
741	684	19	56	0.05	1.0	admixture	cqshmm_derived	N689	050	N657	N672
805	620	3	72	0.05	1.0	admixture	pbphmm_ex_ancestral	N689	050	N657	N672
728	697	38	37	0.05	1.0	admixture	cqshmm_ancestral	N689	050	N657	N672
870	555	44	31	0.05	1.0	admixture	gqshmm_ex	N689	050	N657	N672
978	447	65	10	0.05	1.0	admixture	pbphmm_ex_derived	N689	050	N657	N672
853	572	39	36	0.05	1.0	admixture	mlthmm_derived	N689	050	N657	N672
1296	129	62	13	0.05	1.0	admixture	dtohmm_ancestral	Coraciiformes	050	Bucerotiformes	Piciformes
1407	18	52	23	0.05	1.0	admixture	pbphmm_derived	Coraciiformes	050	Bucerotiformes	Piciformes
856	569	13	62	0.05	1.0	admixture	pbphmm_ancestral	Coraciiformes	050	Bucerotiformes	Piciformes
1132	293	47	28	0.05	1.0	admixture	gqshmm_ex_derived	Coraciiformes	050	Bucerotiformes	Piciformes
1232	193	61	14	0.05	1.0	admixture	gqshmm_ancestral	Coraciiformes	050	Bucerotiformes	Piciformes
1346	79	61	14	0.05	1.0	admixture	gqshmm_derived	Coraciiformes	050	Bucerotiformes	Piciformes
1338	87	64	11	0.05	1.0	admixture	cqshmm_ex_derived	Coraciiformes	050	Bucerotiformes	Piciformes
1425	0	75	0	0.05	1.0	admixture	bcbhmm_derived	Coraciiformes	050	Bucerotiformes	Piciformes
925	500	36	39	0.05	1.0	admixture	mlthmm_ex_derived	Coraciiformes	050	Bucerotiformes	Piciformes
1411	14	74	1	0.05	1.0	admixture	mlthmm_ancestral	Coraciiformes	050	Bucerotiformes	Piciformes
866	559	30	45	0.05	1.0	admixture	dtohmm_ex_ancestral	Coraciiformes	050	Bucerotiformes	Piciformes
1422	3	75	0	0.05	1.0	admixture	bcbhmm_ex_ancestral	Coraciiformes	050	Bucerotiformes	Piciformes
1163	262	40	35	0.05	1.0	admixture	mlthmm_ex_ancestral	Coraciiformes	050	Bucerotiformes	Piciformes
1295	130	68	7	0.05	1.0	admixture	bcbhmm_ex_derived	Coraciiformes	050	Bucerotiformes	Piciformes
1034	391	47	28	0.05	1.0	admixture	dtohmm_ex_derived	Coraciiformes	050	Bucerotiformes	Piciformes
983	442	38	37	0.05	1.0	admixture	gqshmm_ex_ancestral	Coraciiformes	050	Bucerotiformes	Piciformes
1402	23	66	9	0.05	1.0	admixture	dtohmm_derived	Coraciiformes	050	Bucerotiformes	Piciformes
1275	150	68	7	0.05	1.0	admixture	bcbhmm_ancestral	Coraciiformes	050	Bucerotiformes	Piciformes
1103	322	63	12	0.05	1.0	admixture	cqshmm_ex_ancestral	Coraciiformes	050	Bucerotiformes	Piciformes
1407	18	64	11	0.05	1.0	admixture	cqshmm_derived	Coraciiformes	050	Bucerotiformes	Piciformes
759	666	23	52	0.05	1.0	admixture	pbphmm_ex_ancestral	Coraciiformes	050	Bucerotiformes	Piciformes
1389	36	71	4	0.05	1.0	admixture	cqshmm_ancestral	Coraciiformes	050	Bucerotiformes	Piciformes
1132	293	47	28	0.05	1.0	admixture	gqshmm_ex	Coraciiformes	050	Bucerotiformes	Piciformes
1271	154	64	11	0.05	1.0	admixture	pbphmm_ex_derived	Coraciiformes	050	Bucerotiformes	Piciformes
1382	43	69	6	0.05	1.0	admixture	mlthmm_derived	Coraciiformes	050	Bucerotiformes	Piciformes
