1392	78	30	0	0.02	1.0	population_size_change	phlag_dto_eap01_ena4_fesp001_ex	N615	10X_down	0.8723403215408325
752	718	0	30	0.02	1.0	population_size_change	phlag_dto_eap01_ena4_fesp001	N615	10X_down	0.8723403215408325
785	340	375	0	0.25	1.0	population_size_change	phlag_dto_eap01_ena4_fesp001_ex	N491	10X_down	2.5374794006347656
1125	0	375	0	0.25	1.0	population_size_change	phlag_dto_eap01_ena4_fesp001	N491	10X_down	2.5374794006347656
1223	52	2	223	0.15	1.0	population_size_change	phlag_dto_eap01_ena4_fesp001_ex	N473	10X_down	0.3159883916378021
1275	0	115	110	0.15	1.0	population_size_change	phlag_dto_eap01_ena4_fesp001	N473	10X_down	0.3159883916378021
1222	248	30	0	0.02	1.0	population_size_change	phlag_dto_eap01_ena4_fesp001_ex	N616	10X_up	0.10827295482158661
1470	0	30	0	0.02	1.0	population_size_change	phlag_dto_eap01_ena4_fesp001	N616	10X_up	0.10827295482158661
1345	5	3	147	0.1	1.0	population_size_change	phlag_dto_eap01_ena4_fesp001_ex	N579	10X_up	2.3727240562438965
1345	5	3	147	0.1	1.0	population_size_change	phlag_dto_eap01_ena4_fesp001	N579	10X_up	2.3727240562438965
1190	10	6	294	0.2	1.0	population_size_change	phlag_dto_eap01_ena4_fesp001_ex	N635	10X_up	2.771218776702881
1190	10	6	294	0.2	1.0	population_size_change	phlag_dto_eap01_ena4_fesp001	N635	10X_up	2.771218776702881
1468	2	30	0	0.02	1.0	population_size_change	phlag_dto_eap01_ena4_fesp001_ex	N459	10X_down	2.360199213027954
1470	0	30	0	0.02	1.0	population_size_change	phlag_dto_eap01_ena4_fesp001	N459	10X_down	2.360199213027954
1200	0	300	0	0.2	1.0	population_size_change	phlag_dto_eap01_ena4_fesp001_ex	N716	10X_up	0.07508447766304016
1200	0	300	0	0.2	1.0	population_size_change	phlag_dto_eap01_ena4_fesp001	N716	10X_up	0.07508447766304016
997	473	30	0	0.02	1.0	population_size_change	phlag_dto_eap01_ena4_fesp001_ex	N233	10X_up	0.5787173509597778
1470	0	30	0	0.02	1.0	population_size_change	phlag_dto_eap01_ena4_fesp001	N233	10X_up	0.5787173509597778
1183	17	0	300	0.2	1.0	population_size_change	phlag_dto_eap01_ena4_fesp001_ex	N574	10X_down	0.09344649314880371
1197	3	31	269	0.2	1.0	population_size_change	phlag_dto_eap01_ena4_fesp001	N574	10X_down	0.09344649314880371
1002	348	6	144	0.1	1.0	population_size_change	phlag_dto_eap01_ena4_fesp001_ex	N573	10X_down	0.5244284868240356
808	542	145	5	0.1	1.0	population_size_change	phlag_dto_eap01_ena4_fesp001	N573	10X_down	0.5244284868240356
1064	361	0	75	0.05	1.0	population_size_change	phlag_dto_eap01_ena4_fesp001_ex	N186	10X_down	2.207972764968872
1425	0	75	0	0.05	1.0	population_size_change	phlag_dto_eap01_ena4_fesp001	N186	10X_down	2.207972764968872
1125	225	150	0	0.1	1.0	population_size_change	phlag_dto_eap01_ena4_fesp001_ex	N274	10X_down	0.06434793025255203
1350	0	4	146	0.1	1.0	population_size_change	phlag_dto_eap01_ena4_fesp001	N274	10X_down	0.06434793025255203
1183	287	30	0	0.02	1.0	population_size_change	phlag_dto_eap01_ena4_fesp001_ex	N159	10X_up	1.7058364152908325
1470	0	0	30	0.02	1.0	population_size_change	phlag_dto_eap01_ena4_fesp001	N159	10X_up	1.7058364152908325
1157	313	23	7	0.02	1.0	population_size_change	phlag_dto_eap01_ena4_fesp001_ex	N299	10X_down	0.007527058478444815
1424	46	30	0	0.02	1.0	population_size_change	phlag_dto_eap01_ena4_fesp001	N299	10X_down	0.007527058478444815
1349	1	1	149	0.1	1.0	population_size_change	phlag_dto_eap01_ena4_fesp001_ex	N554	10X_up	2.526007890701294
1349	1	1	149	0.1	1.0	population_size_change	phlag_dto_eap01_ena4_fesp001	N554	10X_up	2.526007890701294
894	306	300	0	0.2	1.0	population_size_change	phlag_dto_eap01_ena4_fesp001_ex	N220	10X_up	0.24669666588306427
1050	150	0	300	0.2	1.0	population_size_change	phlag_dto_eap01_ena4_fesp001	N220	10X_up	0.24669666588306427
1125	0	5	370	0.25	1.0	population_size_change	phlag_dto_eap01_ena4_fesp001_ex	N579	10X_up	1.843113899230957
1125	0	5	370	0.25	1.0	population_size_change	phlag_dto_eap01_ena4_fesp001	N579	10X_up	1.843113899230957
1259	16	0	225	0.15	1.0	population_size_change	phlag_dto_eap01_ena4_fesp001_ex	N574	10X_down	0.07725580036640167
1272	3	0	225	0.15	1.0	population_size_change	phlag_dto_eap01_ena4_fesp001	N574	10X_down	0.07725580036640167
1140	135	210	15	0.15	1.0	population_size_change	phlag_dto_eap01_ena4_fesp001_ex	N497	10X_up	0.030432017520070076
1275	0	225	0	0.15	1.0	population_size_change	phlag_dto_eap01_ena4_fesp001	N497	10X_up	0.030432017520070076
1002	348	16	134	0.1	1.0	population_size_change	phlag_dto_eap01_ena4_fesp001_ex	N460	10X_down	2.936997890472412
1350	0	150	0	0.1	1.0	population_size_change	phlag_dto_eap01_ena4_fesp001	N460	10X_down	2.936997890472412
1200	0	3	297	0.2	1.0	population_size_change	phlag_dto_eap01_ena4_fesp001_ex	N228	10X_up	2.5912461280822754
1200	0	3	297	0.2	1.0	population_size_change	phlag_dto_eap01_ena4_fesp001	N228	10X_up	2.5912461280822754
1470	0	30	0	0.02	1.0	population_size_change	phlag_dto_eap01_ena4_fesp001_ex	N343	10X_down	4.296512126922607
1470	0	30	0	0.02	1.0	population_size_change	phlag_dto_eap01_ena4_fesp001	N343	10X_down	4.296512126922607
1115	10	375	0	0.25	1.0	population_size_change	phlag_dto_eap01_ena4_fesp001_ex	N238	10X_up	0.05501919239759445
1057	68	375	0	0.25	1.0	population_size_change	phlag_dto_eap01_ena4_fesp001	N238	10X_up	0.05501919239759445
1200	0	300	0	0.2	1.0	population_size_change	phlag_dto_eap01_ena4_fesp001_ex	N109	10X_down	6.908453941345215
1200	0	300	0	0.2	1.0	population_size_change	phlag_dto_eap01_ena4_fesp001	N109	10X_down	6.908453941345215
1264	11	10	215	0.15	1.0	population_size_change	phlag_dto_eap01_ena4_fesp001_ex	N281	10X_up	2.5516726970672607
1264	11	10	215	0.15	1.0	population_size_change	phlag_dto_eap01_ena4_fesp001	N281	10X_up	2.5516726970672607
1275	0	4	221	0.15	1.0	population_size_change	phlag_dto_eap01_ena4_fesp001_ex	N717	10X_down	0.24104298651218414
1275	0	4	221	0.15	1.0	population_size_change	phlag_dto_eap01_ena4_fesp001	N717	10X_down	0.24104298651218414
940	260	56	244	0.2	1.0	population_size_change	phlag_dto_eap01_ena4_fesp001_ex	N460	10X_down	2.930694818496704
1200	0	300	0	0.2	1.0	population_size_change	phlag_dto_eap01_ena4_fesp001	N460	10X_down	2.930694818496704
1275	150	0	75	0.05	1.0	population_size_change	phlag_dto_eap01_ena4_fesp001_ex	N274	10X_down	0.05091767758131027
1425	0	75	0	0.05	1.0	population_size_change	phlag_dto_eap01_ena4_fesp001	N274	10X_down	0.05091767758131027
907	518	75	0	0.05	1.0	population_size_change	phlag_dto_eap01_ena4_fesp001_ex	N119	10X_down	0.01880551129579544
1266	159	75	0	0.05	1.0	population_size_change	phlag_dto_eap01_ena4_fesp001	N119	10X_down	0.01880551129579544
1187	283	30	0	0.02	1.0	population_size_change	phlag_dto_eap01_ena4_fesp001_ex	N573	10X_down	0.4849437475204468
1348	122	30	0	0.02	1.0	population_size_change	phlag_dto_eap01_ena4_fesp001	N573	10X_down	0.4849437475204468
1423	2	75	0	0.05	1.0	population_size_change	phlag_dto_eap01_ena4_fesp001_ex	N228	10X_down	3.70003604888916
1425	0	75	0	0.05	1.0	population_size_change	phlag_dto_eap01_ena4_fesp001	N228	10X_down	3.70003604888916
1350	0	34	116	0.1	1.0	population_size_change	phlag_dto_eap01_ena4_fesp001_ex	N707	10X_down	0.15311174094676971
1350	0	32	118	0.1	1.0	population_size_change	phlag_dto_eap01_ena4_fesp001	N707	10X_down	0.15311174094676971
1125	0	375	0	0.25	1.0	population_size_change	phlag_dto_eap01_ena4_fesp001_ex	N638	10X_down	3.1030726432800293
777	348	375	0	0.25	1.0	population_size_change	phlag_dto_eap01_ena4_fesp001	N638	10X_down	3.1030726432800293
856	269	283	92	0.25	1.0	population_size_change	phlag_dto_eap01_ena4_fesp001_ex	N299	10X_down	0.022230936214327812
994	131	375	0	0.25	1.0	population_size_change	phlag_dto_eap01_ena4_fesp001	N299	10X_down	0.022230936214327812
819	651	0	30	0.02	1.0	population_size_change	phlag_dto_eap01_ena4_fesp001_ex	N238	10X_up	0.06771185249090195
1402	68	30	0	0.02	1.0	population_size_change	phlag_dto_eap01_ena4_fesp001	N238	10X_up	0.06771185249090195
1090	260	115	35	0.1	1.0	population_size_change	phlag_dto_eap01_ena4_fesp001_ex	N276	10X_down	0.015936022624373436
1350	0	150	0	0.1	1.0	population_size_change	phlag_dto_eap01_ena4_fesp001	N276	10X_down	0.015936022624373436
1411	14	75	0	0.05	1.0	population_size_change	phlag_dto_eap01_ena4_fesp001_ex	N616	10X_up	0.10019519180059433
1425	0	75	0	0.05	1.0	population_size_change	phlag_dto_eap01_ena4_fesp001	N616	10X_up	0.10019519180059433
1124	1	3	372	0.25	1.0	population_size_change	phlag_dto_eap01_ena4_fesp001_ex	N544	10X_up	0.5622243285179138
1124	1	3	372	0.25	1.0	population_size_change	phlag_dto_eap01_ena4_fesp001	N544	10X_up	0.5622243285179138
1350	0	150	0	0.1	1.0	population_size_change	phlag_dto_eap01_ena4_fesp001_ex	N233	10X_up	0.5506010055541992
1350	0	150	0	0.1	1.0	population_size_change	phlag_dto_eap01_ena4_fesp001	N233	10X_up	0.5506010055541992
1425	0	75	0	0.05	1.0	population_size_change	phlag_dto_eap01_ena4_fesp001_ex	N716	10X_up	0.07389844208955765
1342	83	75	0	0.05	1.0	population_size_change	phlag_dto_eap01_ena4_fesp001	N716	10X_up	0.07389844208955765
827	298	276	99	0.25	1.0	population_size_change	phlag_dto_eap01_ena4_fesp001_ex	N186	10X_down	2.325007677078247
1125	0	375	0	0.25	1.0	population_size_change	phlag_dto_eap01_ena4_fesp001	N186	10X_down	2.325007677078247
887	313	300	0	0.2	1.0	population_size_change	phlag_dto_eap01_ena4_fesp001_ex	N228	10X_down	3.6605327129364014
1200	0	300	0	0.2	1.0	population_size_change	phlag_dto_eap01_ena4_fesp001	N228	10X_down	3.6605327129364014
1325	25	5	145	0.1	1.0	population_size_change	phlag_dto_eap01_ena4_fesp001_ex	N679	10X_up	1.5744500160217285
1341	9	5	145	0.1	1.0	population_size_change	phlag_dto_eap01_ena4_fesp001	N679	10X_up	1.5744500160217285
1425	0	75	0	0.05	1.0	population_size_change	phlag_dto_eap01_ena4_fesp001_ex	N717	10X_down	0.17965637147426605
1345	80	75	0	0.05	1.0	population_size_change	phlag_dto_eap01_ena4_fesp001	N717	10X_down	0.17965637147426605
864	486	0	150	0.1	1.0	population_size_change	phlag_dto_eap01_ena4_fesp001_ex	N220	10X_up	0.26923468708992004
858	492	0	150	0.1	1.0	population_size_change	phlag_dto_eap01_ena4_fesp001	N220	10X_up	0.26923468708992004
631	494	192	183	0.25	1.0	population_size_change	phlag_dto_eap01_ena4_fesp001_ex	N497	10X_up	0.04682842269539833
1125	0	375	0	0.25	1.0	population_size_change	phlag_dto_eap01_ena4_fesp001	N497	10X_up	0.04682842269539833
1345	125	30	0	0.02	1.0	population_size_change	phlag_dto_eap01_ena4_fesp001_ex	N473	10X_down	0.26131999492645264
1367	103	30	0	0.02	1.0	population_size_change	phlag_dto_eap01_ena4_fesp001	N473	10X_down	0.26131999492645264
1332	93	75	0	0.05	1.0	population_size_change	phlag_dto_eap01_ena4_fesp001_ex	N615	10X_down	0.9040704965591431
997	428	0	75	0.05	1.0	population_size_change	phlag_dto_eap01_ena4_fesp001	N615	10X_down	0.9040704965591431
1292	178	30	0	0.02	1.0	population_size_change	phlag_dto_eap01_ena4_fesp001_ex	N497	10X_up	0.05335555970668793
1090	380	30	0	0.02	1.0	population_size_change	phlag_dto_eap01_ena4_fesp001	N497	10X_up	0.05335555970668793
1054	71	375	0	0.25	1.0	population_size_change	phlag_dto_eap01_ena4_fesp001_ex	N716	10X_up	0.05090413615107536
1042	83	375	0	0.25	1.0	population_size_change	phlag_dto_eap01_ena4_fesp001	N716	10X_up	0.05090413615107536
1205	70	0	225	0.15	1.0	population_size_change	phlag_dto_eap01_ena4_fesp001_ex	N274	10X_down	0.07240130752325058
1241	34	0	225	0.15	1.0	population_size_change	phlag_dto_eap01_ena4_fesp001	N274	10X_down	0.07240130752325058
1134	291	0	75	0.05	1.0	population_size_change	phlag_dto_eap01_ena4_fesp001_ex	N532	10X_down	1.292370080947876
1304	121	0	75	0.05	1.0	population_size_change	phlag_dto_eap01_ena4_fesp001	N532	10X_down	1.292370080947876
1275	0	225	0	0.15	1.0	population_size_change	phlag_dto_eap01_ena4_fesp001_ex	N716	10X_up	0.07746155560016632
1221	54	139	86	0.15	1.0	population_size_change	phlag_dto_eap01_ena4_fesp001	N716	10X_up	0.07746155560016632
711	564	179	46	0.15	1.0	population_size_change	phlag_dto_eap01_ena4_fesp001_ex	N709	10X_up	0.43284621834754944
634	641	225	0	0.15	1.0	population_size_change	phlag_dto_eap01_ena4_fesp001	N709	10X_up	0.43284621834754944
1099	251	150	0	0.1	1.0	population_size_change	phlag_dto_eap01_ena4_fesp001_ex	Accipitriformes	10X_up	0.19599273800849915
1312	38	150	0	0.1	1.0	population_size_change	phlag_dto_eap01_ena4_fesp001	Accipitriformes	10X_up	0.19599273800849915
1081	269	150	0	0.1	1.0	population_size_change	phlag_dto_eap01_ena4_fesp001_ex	N679	10X_down	2.0709798336029053
1296	54	150	0	0.1	1.0	population_size_change	phlag_dto_eap01_ena4_fesp001	N679	10X_down	2.0709798336029053
1200	0	300	0	0.2	1.0	population_size_change	phlag_dto_eap01_ena4_fesp001_ex	N343	10X_down	4.510526180267334
1200	0	300	0	0.2	1.0	population_size_change	phlag_dto_eap01_ena4_fesp001	N343	10X_down	4.510526180267334
1360	110	30	0	0.02	1.0	population_size_change	phlag_dto_eap01_ena4_fesp001_ex	N574	10X_down	0.02551189810037613
1401	69	30	0	0.02	1.0	population_size_change	phlag_dto_eap01_ena4_fesp001	N574	10X_down	0.02551189810037613
1350	0	5	145	0.1	1.0	population_size_change	phlag_dto_eap01_ena4_fesp001_ex	N635	10X_up	3.1677215099334717
1350	0	5	145	0.1	1.0	population_size_change	phlag_dto_eap01_ena4_fesp001	N635	10X_up	3.1677215099334717
1152	48	300	0	0.2	1.0	population_size_change	phlag_dto_eap01_ena4_fesp001_ex	N651	10X_down	4.828978538513184
1200	0	300	0	0.2	1.0	population_size_change	phlag_dto_eap01_ena4_fesp001	N651	10X_down	4.828978538513184
1125	0	375	0	0.25	1.0	population_size_change	phlag_dto_eap01_ena4_fesp001_ex	N343	10X_down	4.510526180267334
1125	0	375	0	0.25	1.0	population_size_change	phlag_dto_eap01_ena4_fesp001	N343	10X_down	4.510526180267334
1025	325	53	97	0.1	1.0	population_size_change	phlag_dto_eap01_ena4_fesp001_ex	N118	10X_up	0.06745260953903198
1350	0	150	0	0.1	1.0	population_size_change	phlag_dto_eap01_ena4_fesp001	N118	10X_up	0.06745260953903198
922	548	30	0	0.02	1.0	population_size_change	phlag_dto_eap01_ena4_fesp001_ex	N532	10X_down	1.2578266859054565
1223	247	30	0	0.02	1.0	population_size_change	phlag_dto_eap01_ena4_fesp001	N532	10X_down	1.2578266859054565
1199	1	19	281	0.2	1.0	population_size_change	phlag_dto_eap01_ena4_fesp001_ex	N714	10X_up	1.1334092617034912
1199	1	19	281	0.2	1.0	population_size_change	phlag_dto_eap01_ena4_fesp001	N714	10X_up	1.1334092617034912
1200	0	300	0	0.2	1.0	population_size_change	phlag_dto_eap01_ena4_fesp001_ex	N638	10X_down	3.125434160232544
1200	0	300	0	0.2	1.0	population_size_change	phlag_dto_eap01_ena4_fesp001	N638	10X_down	3.125434160232544
1403	22	1	74	0.05	1.0	population_size_change	phlag_dto_eap01_ena4_fesp001_ex	N233	10X_up	0.5592988729476929
1403	22	1	74	0.05	1.0	population_size_change	phlag_dto_eap01_ena4_fesp001	N233	10X_up	0.5592988729476929
962	163	2	373	0.25	1.0	population_size_change	phlag_dto_eap01_ena4_fesp001_ex	N532	10X_down	1.470559000968933
1124	1	1	374	0.25	1.0	population_size_change	phlag_dto_eap01_ena4_fesp001	N532	10X_down	1.470559000968933
1114	11	1	374	0.25	1.0	population_size_change	phlag_dto_eap01_ena4_fesp001_ex	N233	10X_up	0.47228628396987915
1114	11	1	374	0.25	1.0	population_size_change	phlag_dto_eap01_ena4_fesp001	N233	10X_up	0.47228628396987915
965	310	225	0	0.15	1.0	population_size_change	phlag_dto_eap01_ena4_fesp001_ex	N575	10X_down	1.5464776754379272
1214	61	31	194	0.15	1.0	population_size_change	phlag_dto_eap01_ena4_fesp001	N575	10X_down	1.5464776754379272
1470	0	3	27	0.02	1.0	population_size_change	phlag_dto_eap01_ena4_fesp001_ex	N554	10X_up	3.0754826068878174
1470	0	4	26	0.02	1.0	population_size_change	phlag_dto_eap01_ena4_fesp001	N554	10X_up	3.0754826068878174
1425	0	17	58	0.05	1.0	population_size_change	phlag_dto_eap01_ena4_fesp001_ex	Nyctibiidae	10X_up	4.601815223693848
1425	0	18	57	0.05	1.0	population_size_change	phlag_dto_eap01_ena4_fesp001	Nyctibiidae	10X_up	4.601815223693848
1275	0	8	217	0.15	1.0	population_size_change	phlag_dto_eap01_ena4_fesp001_ex	N544	10X_up	0.6466634273529053
1275	0	8	217	0.15	1.0	population_size_change	phlag_dto_eap01_ena4_fesp001	N544	10X_up	0.6466634273529053
1275	0	4	221	0.15	1.0	population_size_change	phlag_dto_eap01_ena4_fesp001_ex	N635	10X_up	3.0140039920806885
1275	0	4	221	0.15	1.0	population_size_change	phlag_dto_eap01_ena4_fesp001	N635	10X_up	3.0140039920806885
1247	223	30	0	0.02	1.0	population_size_change	phlag_dto_eap01_ena4_fesp001_ex	N220	10X_up	0.2935255765914917
1470	0	30	0	0.02	1.0	population_size_change	phlag_dto_eap01_ena4_fesp001	N220	10X_up	0.2935255765914917
1425	0	75	0	0.05	1.0	population_size_change	phlag_dto_eap01_ena4_fesp001_ex	N651	10X_down	4.451682090759277
1425	0	75	0	0.05	1.0	population_size_change	phlag_dto_eap01_ena4_fesp001	N651	10X_down	4.451682090759277
1436	34	30	0	0.02	1.0	population_size_change	phlag_dto_eap01_ena4_fesp001_ex	Nyctibiidae	10X_up	5.802591323852539
1470	0	30	0	0.02	1.0	population_size_change	phlag_dto_eap01_ena4_fesp001	Nyctibiidae	10X_up	5.802591323852539
1201	224	75	0	0.05	1.0	population_size_change	phlag_dto_eap01_ena4_fesp001_ex	N690	10X_up	0.11627107113599777
1402	23	75	0	0.05	1.0	population_size_change	phlag_dto_eap01_ena4_fesp001	N690	10X_up	0.11627107113599777
1049	76	375	0	0.25	1.0	population_size_change	phlag_dto_eap01_ena4_fesp001_ex	N228	10X_down	3.912372589111328
1125	0	375	0	0.25	1.0	population_size_change	phlag_dto_eap01_ena4_fesp001	N228	10X_down	3.912372589111328
868	557	75	0	0.05	1.0	population_size_change	phlag_dto_eap01_ena4_fesp001_ex	N638	10X_down	2.9975175857543945
1410	15	75	0	0.05	1.0	population_size_change	phlag_dto_eap01_ena4_fesp001	N638	10X_down	2.9975175857543945
1470	0	30	0	0.02	1.0	population_size_change	phlag_dto_eap01_ena4_fesp001_ex	N114	10X_down	4.105063438415527
1470	0	30	0	0.02	1.0	population_size_change	phlag_dto_eap01_ena4_fesp001	N114	10X_down	4.105063438415527
918	207	327	48	0.25	1.0	population_size_change	phlag_dto_eap01_ena4_fesp001_ex	N498	10X_down	0.01511422824114561
1125	0	375	0	0.25	1.0	population_size_change	phlag_dto_eap01_ena4_fesp001	N498	10X_down	0.01511422824114561
807	618	0	75	0.05	1.0	population_size_change	phlag_dto_eap01_ena4_fesp001_ex	Accipitriformes	10X_up	0.21266454458236694
1425	0	75	0	0.05	1.0	population_size_change	phlag_dto_eap01_ena4_fesp001	Accipitriformes	10X_up	0.21266454458236694
1125	0	0	375	0.25	1.0	population_size_change	phlag_dto_eap01_ena4_fesp001_ex	N159	10X_up	1.2197240591049194
1117	8	0	375	0.25	1.0	population_size_change	phlag_dto_eap01_ena4_fesp001	N159	10X_up	1.2197240591049194
1300	125	75	0	0.05	1.0	population_size_change	phlag_dto_eap01_ena4_fesp001_ex	N473	10X_down	0.260015070438385
1322	103	75	0	0.05	1.0	population_size_change	phlag_dto_eap01_ena4_fesp001	N473	10X_down	0.260015070438385
1466	4	30	0	0.02	1.0	population_size_change	phlag_dto_eap01_ena4_fesp001_ex	N186	10X_down	2.184492349624634
1470	0	30	0	0.02	1.0	population_size_change	phlag_dto_eap01_ena4_fesp001	N186	10X_down	2.184492349624634
1470	0	30	0	0.02	1.0	population_size_change	phlag_dto_eap01_ena4_fesp001_ex	N716	10X_up	0.07592609524726868
1387	83	30	0	0.02	1.0	population_size_change	phlag_dto_eap01_ena4_fesp001	N716	10X_up	0.07592609524726868
1350	0	8	142	0.1	1.0	population_size_change	phlag_dto_eap01_ena4_fesp001_ex	N281	10X_up	2.8479244709014893
1350	0	8	142	0.1	1.0	population_size_change	phlag_dto_eap01_ena4_fesp001	N281	10X_up	2.8479244709014893
1181	19	0	300	0.2	1.0	population_size_change	phlag_dto_eap01_ena4_fesp001_ex	N573	10X_down	0.5601260662078857
1181	19	0	300	0.2	1.0	population_size_change	phlag_dto_eap01_ena4_fesp001	N573	10X_down	0.5601260662078857
1191	279	30	0	0.02	1.0	population_size_change	phlag_dto_eap01_ena4_fesp001_ex	N274	10X_down	0.03567482903599739
1470	0	30	0	0.02	1.0	population_size_change	phlag_dto_eap01_ena4_fesp001	N274	10X_down	0.03567482903599739
1028	442	30	0	0.02	1.0	population_size_change	phlag_dto_eap01_ena4_fesp001_ex	N690	10X_up	0.1335495114326477
1447	23	30	0	0.02	1.0	population_size_change	phlag_dto_eap01_ena4_fesp001	N690	10X_up	0.1335495114326477
1355	115	30	0	0.02	1.0	population_size_change	phlag_dto_eap01_ena4_fesp001_ex	N118	10X_up	0.07291317731142044
1101	369	30	0	0.02	1.0	population_size_change	phlag_dto_eap01_ena4_fesp001	N118	10X_up	0.07291317731142044
1350	0	121	29	0.1	1.0	population_size_change	phlag_dto_eap01_ena4_fesp001_ex	N425	10X_up	2.674619674682617
1350	0	8	142	0.1	1.0	population_size_change	phlag_dto_eap01_ena4_fesp001	N425	10X_up	2.674619674682617
1275	0	225	0	0.15	1.0	population_size_change	phlag_dto_eap01_ena4_fesp001_ex	N651	10X_down	4.828978538513184
1275	0	225	0	0.15	1.0	population_size_change	phlag_dto_eap01_ena4_fesp001	N651	10X_down	4.828978538513184
609	591	300	0	0.2	1.0	population_size_change	phlag_dto_eap01_ena4_fesp001_ex	N690	10X_up	0.12154848873615265
1177	23	300	0	0.2	1.0	population_size_change	phlag_dto_eap01_ena4_fesp001	N690	10X_up	0.12154848873615265
1350	0	150	0	0.1	1.0	population_size_change	phlag_dto_eap01_ena4_fesp001_ex	N651	10X_down	4.541291236877441
1350	0	150	0	0.1	1.0	population_size_change	phlag_dto_eap01_ena4_fesp001	N651	10X_down	4.541291236877441
1125	0	19	356	0.25	1.0	population_size_change	phlag_dto_eap01_ena4_fesp001_ex	Nyctibiidae	10X_up	3.269361972808838
1125	0	20	355	0.25	1.0	population_size_change	phlag_dto_eap01_ena4_fesp001	Nyctibiidae	10X_up	3.269361972808838
1096	329	18	57	0.05	1.0	population_size_change	phlag_dto_eap01_ena4_fesp001_ex	N497	10X_up	0.044406577944755554
1147	278	75	0	0.05	1.0	population_size_change	phlag_dto_eap01_ena4_fesp001	N497	10X_up	0.044406577944755554
1200	0	300	0	0.2	1.0	population_size_change	phlag_dto_eap01_ena4_fesp001_ex	N114	10X_down	4.382692813873291
1136	64	300	0	0.2	1.0	population_size_change	phlag_dto_eap01_ena4_fesp001	N114	10X_down	4.382692813873291
1273	2	1	224	0.15	1.0	population_size_change	phlag_dto_eap01_ena4_fesp001_ex	N399	10X_up	2.480229616165161
1275	0	2	223	0.15	1.0	population_size_change	phlag_dto_eap01_ena4_fesp001	N399	10X_up	2.480229616165161
1467	3	30	0	0.02	1.0	population_size_change	phlag_dto_eap01_ena4_fesp001_ex	N714	10X_up	1.5691275596618652
1428	42	30	0	0.02	1.0	population_size_change	phlag_dto_eap01_ena4_fesp001	N714	10X_up	1.5691275596618652
1032	243	0	225	0.15	1.0	population_size_change	phlag_dto_eap01_ena4_fesp001_ex	N532	10X_down	1.3603341579437256
1228	47	1	224	0.15	1.0	population_size_change	phlag_dto_eap01_ena4_fesp001	N532	10X_down	1.3603341579437256
878	322	282	18	0.2	1.0	population_size_change	phlag_dto_eap01_ena4_fesp001_ex	N497	10X_up	0.04309945926070213
1063	137	300	0	0.2	1.0	population_size_change	phlag_dto_eap01_ena4_fesp001	N497	10X_up	0.04309945926070213
527	673	236	64	0.2	1.0	population_size_change	phlag_dto_eap01_ena4_fesp001_ex	N186	10X_down	2.301300287246704
1200	0	300	0	0.2	1.0	population_size_change	phlag_dto_eap01_ena4_fesp001	N186	10X_down	2.301300287246704
1125	0	3	372	0.25	1.0	population_size_change	phlag_dto_eap01_ena4_fesp001_ex	N617	10X_up	1.755724549293518
1125	0	14	361	0.25	1.0	population_size_change	phlag_dto_eap01_ena4_fesp001	N617	10X_up	1.755724549293518
1272	198	30	0	0.02	1.0	population_size_change	phlag_dto_eap01_ena4_fesp001_ex	N544	10X_up	0.7743034362792969
1470	0	30	0	0.02	1.0	population_size_change	phlag_dto_eap01_ena4_fesp001	N544	10X_up	0.7743034362792969
1350	0	150	0	0.1	1.0	population_size_change	phlag_dto_eap01_ena4_fesp001_ex	N114	10X_down	4.234271049499512
1286	64	150	0	0.1	1.0	population_size_change	phlag_dto_eap01_ena4_fesp001	N114	10X_down	4.234271049499512
1022	328	150	0	0.1	1.0	population_size_change	phlag_dto_eap01_ena4_fesp001_ex	N497	10X_up	0.04782487824559212
1350	0	150	0	0.1	1.0	population_size_change	phlag_dto_eap01_ena4_fesp001	N497	10X_up	0.04782487824559212
819	306	0	375	0.25	1.0	population_size_change	phlag_dto_eap01_ena4_fesp001_ex	N616	10X_up	0.0730576366186142
1065	60	0	375	0.25	1.0	population_size_change	phlag_dto_eap01_ena4_fesp001	N616	10X_up	0.0730576366186142
1065	60	231	144	0.25	1.0	population_size_change	phlag_dto_eap01_ena4_fesp001_ex	N620	10X_up	0.0018365548457950354
1125	0	375	0	0.25	1.0	population_size_change	phlag_dto_eap01_ena4_fesp001	N620	10X_up	0.0018365548457950354
910	215	12	363	0.25	1.0	population_size_change	phlag_dto_eap01_ena4_fesp001_ex	Accipitriformes	10X_up	0.16060636937618256
1087	38	104	271	0.25	1.0	population_size_change	phlag_dto_eap01_ena4_fesp001	Accipitriformes	10X_up	0.16060636937618256
851	619	30	0	0.02	1.0	population_size_change	phlag_dto_eap01_ena4_fesp001_ex	N498	10X_down	0.00435668183490634
1280	190	30	0	0.02	1.0	population_size_change	phlag_dto_eap01_ena4_fesp001	N498	10X_down	0.00435668183490634
1267	83	150	0	0.1	1.0	population_size_change	phlag_dto_eap01_ena4_fesp001_ex	N717	10X_down	0.20827502012252808
1343	7	0	150	0.1	1.0	population_size_change	phlag_dto_eap01_ena4_fesp001	N717	10X_down	0.20827502012252808
1125	0	55	320	0.25	1.0	population_size_change	phlag_dto_eap01_ena4_fesp001_ex	N709	10X_up	0.36065688729286194
1125	0	133	242	0.25	1.0	population_size_change	phlag_dto_eap01_ena4_fesp001	N709	10X_up	0.36065688729286194
1200	0	3	297	0.2	1.0	population_size_change	phlag_dto_eap01_ena4_fesp001_ex	N617	10X_up	1.9547011852264404
1200	0	14	286	0.2	1.0	population_size_change	phlag_dto_eap01_ena4_fesp001	N617	10X_up	1.9547011852264404
1350	0	150	0	0.1	1.0	population_size_change	phlag_dto_eap01_ena4_fesp001_ex	N716	10X_up	0.06984949111938477
1267	83	150	0	0.1	1.0	population_size_change	phlag_dto_eap01_ena4_fesp001	N716	10X_up	0.06984949111938477
845	580	0	75	0.05	1.0	population_size_change	phlag_dto_eap01_ena4_fesp001_ex	N238	10X_up	0.0702313482761383
1425	0	75	0	0.05	1.0	population_size_change	phlag_dto_eap01_ena4_fesp001	N238	10X_up	0.0702313482761383
1275	0	225	0	0.15	1.0	population_size_change	phlag_dto_eap01_ena4_fesp001_ex	N343	10X_down	4.296512126922607
1126	149	21	204	0.15	1.0	population_size_change	phlag_dto_eap01_ena4_fesp001	N343	10X_down	4.296512126922607
1011	414	75	0	0.05	1.0	population_size_change	phlag_dto_eap01_ena4_fesp001_ex	N159	10X_up	1.6813280582427979
1194	231	75	0	0.05	1.0	population_size_change	phlag_dto_eap01_ena4_fesp001	N159	10X_up	1.6813280582427979
1036	164	0	300	0.2	1.0	population_size_change	phlag_dto_eap01_ena4_fesp001_ex	N532	10X_down	1.4814811944961548
1199	1	1	299	0.2	1.0	population_size_change	phlag_dto_eap01_ena4_fesp001	N532	10X_down	1.4814811944961548
1470	0	30	0	0.02	1.0	population_size_change	phlag_dto_eap01_ena4_fesp001_ex	N491	10X_down	2.2957165241241455
1441	29	0	30	0.02	1.0	population_size_change	phlag_dto_eap01_ena4_fesp001	N491	10X_down	2.2957165241241455
1275	75	150	0	0.1	1.0	population_size_change	phlag_dto_eap01_ena4_fesp001_ex	N491	10X_down	2.351752758026123
1350	0	150	0	0.1	1.0	population_size_change	phlag_dto_eap01_ena4_fesp001	N491	10X_down	2.351752758026123
899	376	155	70	0.15	1.0	population_size_change	phlag_dto_eap01_ena4_fesp001_ex	N118	10X_up	0.06586945801973343
906	369	225	0	0.15	1.0	population_size_change	phlag_dto_eap01_ena4_fesp001	N118	10X_up	0.06586945801973343
1191	9	3	297	0.2	1.0	population_size_change	phlag_dto_eap01_ena4_fesp001_ex	N425	10X_up	2.198706865310669
1195	5	3	297	0.2	1.0	population_size_change	phlag_dto_eap01_ena4_fesp001	N425	10X_up	2.198706865310669
901	524	0	75	0.05	1.0	population_size_change	phlag_dto_eap01_ena4_fesp001_ex	N679	10X_down	1.9455435276031494
1214	211	0	75	0.05	1.0	population_size_change	phlag_dto_eap01_ena4_fesp001	N679	10X_down	1.9455435276031494
878	547	75	0	0.05	1.0	population_size_change	phlag_dto_eap01_ena4_fesp001_ex	N709	10X_up	0.4584203064441681
1328	97	0	75	0.05	1.0	population_size_change	phlag_dto_eap01_ena4_fesp001	N709	10X_up	0.4584203064441681
786	639	0	75	0.05	1.0	population_size_change	phlag_dto_eap01_ena4_fesp001_ex	N460	10X_down	2.870450735092163
1255	170	75	0	0.05	1.0	population_size_change	phlag_dto_eap01_ena4_fesp001	N460	10X_down	2.870450735092163
1425	0	13	62	0.05	1.0	population_size_change	phlag_dto_eap01_ena4_fesp001_ex	N579	10X_up	2.683067798614502
1425	0	13	62	0.05	1.0	population_size_change	phlag_dto_eap01_ena4_fesp001	N579	10X_up	2.683067798614502
1218	252	30	0	0.02	1.0	population_size_change	phlag_dto_eap01_ena4_fesp001_ex	N575	10X_down	1.468929648399353
1254	216	3	27	0.02	1.0	population_size_change	phlag_dto_eap01_ena4_fesp001	N575	10X_down	1.468929648399353
1059	141	0	300	0.2	1.0	population_size_change	phlag_dto_eap01_ena4_fesp001_ex	N709	10X_up	0.3950066864490509
1172	28	35	265	0.2	1.0	population_size_change	phlag_dto_eap01_ena4_fesp001	N709	10X_up	0.3950066864490509
1254	171	75	0	0.05	1.0	population_size_change	phlag_dto_eap01_ena4_fesp001_ex	N620	10X_up	0.028544997796416283
1158	267	75	0	0.05	1.0	population_size_change	phlag_dto_eap01_ena4_fesp001	N620	10X_up	0.028544997796416283
1200	0	17	283	0.2	1.0	population_size_change	phlag_dto_eap01_ena4_fesp001_ex	Nyctibiidae	10X_up	3.3653533458709717
1200	0	18	282	0.2	1.0	population_size_change	phlag_dto_eap01_ena4_fesp001	Nyctibiidae	10X_up	3.3653533458709717
952	518	30	0	0.02	1.0	population_size_change	phlag_dto_eap01_ena4_fesp001_ex	N119	10X_down	0.016461171209812164
1311	159	30	0	0.02	1.0	population_size_change	phlag_dto_eap01_ena4_fesp001	N119	10X_down	0.016461171209812164
1230	45	1	224	0.15	1.0	population_size_change	phlag_dto_eap01_ena4_fesp001_ex	N679	10X_up	1.463602066040039
1230	45	1	224	0.15	1.0	population_size_change	phlag_dto_eap01_ena4_fesp001	N679	10X_up	1.463602066040039
1464	6	0	30	0.02	1.0	population_size_change	phlag_dto_eap01_ena4_fesp001_ex	N399	10X_up	3.22131609916687
1465	5	1	29	0.02	1.0	population_size_change	phlag_dto_eap01_ena4_fesp001	N399	10X_up	3.22131609916687
1200	0	4	296	0.2	1.0	population_size_change	phlag_dto_eap01_ena4_fesp001_ex	N281	10X_up	2.303220272064209
1200	0	4	296	0.2	1.0	population_size_change	phlag_dto_eap01_ena4_fesp001	N281	10X_up	2.303220272064209
1121	4	1	374	0.25	1.0	population_size_change	phlag_dto_eap01_ena4_fesp001_ex	N425	10X_up	2.0407521724700928
1125	0	1	374	0.25	1.0	population_size_change	phlag_dto_eap01_ena4_fesp001	N425	10X_up	2.0407521724700928
680	520	133	167	0.2	1.0	population_size_change	phlag_dto_eap01_ena4_fesp001_ex	N238	10X_up	0.055917948484420776
1193	7	300	0	0.2	1.0	population_size_change	phlag_dto_eap01_ena4_fesp001	N238	10X_up	0.055917948484420776
1380	45	11	64	0.05	1.0	population_size_change	phlag_dto_eap01_ena4_fesp001_ex	N574	10X_down	0.03732110187411308
1399	26	0	75	0.05	1.0	population_size_change	phlag_dto_eap01_ena4_fesp001	N574	10X_down	0.03732110187411308
1106	19	0	375	0.25	1.0	population_size_change	phlag_dto_eap01_ena4_fesp001_ex	N274	10X_down	0.121095672249794
1102	23	0	375	0.25	1.0	population_size_change	phlag_dto_eap01_ena4_fesp001	N274	10X_down	0.121095672249794
1470	0	30	0	0.02	1.0	population_size_change	phlag_dto_eap01_ena4_fesp001_ex	N460	10X_down	2.8528103828430176
1470	0	30	0	0.02	1.0	population_size_change	phlag_dto_eap01_ena4_fesp001	N460	10X_down	2.8528103828430176
1275	0	225	0	0.15	1.0	population_size_change	phlag_dto_eap01_ena4_fesp001_ex	N460	10X_down	2.9685473442077637
1105	170	225	0	0.15	1.0	population_size_change	phlag_dto_eap01_ena4_fesp001	N460	10X_down	2.9685473442077637
1101	24	0	375	0.25	1.0	population_size_change	phlag_dto_eap01_ena4_fesp001_ex	N573	10X_down	0.6437587141990662
1101	24	0	375	0.25	1.0	population_size_change	phlag_dto_eap01_ena4_fesp001	N573	10X_down	0.6437587141990662
1425	0	75	0	0.05	1.0	population_size_change	phlag_dto_eap01_ena4_fesp001_ex	N114	10X_down	4.046219825744629
1425	0	75	0	0.05	1.0	population_size_change	phlag_dto_eap01_ena4_fesp001	N114	10X_down	4.046219825744629
1124	1	0	375	0.25	1.0	population_size_change	phlag_dto_eap01_ena4_fesp001_ex	N554	10X_up	1.9093910455703735
1124	1	0	375	0.25	1.0	population_size_change	phlag_dto_eap01_ena4_fesp001	N554	10X_up	1.9093910455703735
1099	26	16	359	0.25	1.0	population_size_change	phlag_dto_eap01_ena4_fesp001_ex	N574	10X_down	0.12146267294883728
1099	26	31	344	0.25	1.0	population_size_change	phlag_dto_eap01_ena4_fesp001	N574	10X_down	0.12146267294883728
1349	1	150	0	0.1	1.0	population_size_change	phlag_dto_eap01_ena4_fesp001_ex	N459	10X_down	2.4260494709014893
1350	0	150	0	0.1	1.0	population_size_change	phlag_dto_eap01_ena4_fesp001	N459	10X_down	2.4260494709014893
1120	5	375	0	0.25	1.0	population_size_change	phlag_dto_eap01_ena4_fesp001_ex	N460	10X_down	2.963027000427246
955	170	375	0	0.25	1.0	population_size_change	phlag_dto_eap01_ena4_fesp001	N460	10X_down	2.963027000427246
1200	0	0	300	0.2	1.0	population_size_change	phlag_dto_eap01_ena4_fesp001_ex	N717	10X_down	0.29239973425865173
1200	0	4	296	0.2	1.0	population_size_change	phlag_dto_eap01_ena4_fesp001	N717	10X_down	0.29239973425865173
1065	285	121	29	0.1	1.0	population_size_change	phlag_dto_eap01_ena4_fesp001_ex	N299	10X_down	0.011127100326120853
1300	50	150	0	0.1	1.0	population_size_change	phlag_dto_eap01_ena4_fesp001	N299	10X_down	0.011127100326120853
885	390	132	93	0.15	1.0	population_size_change	phlag_dto_eap01_ena4_fesp001_ex	N186	10X_down	2.302741527557373
1275	0	225	0	0.15	1.0	population_size_change	phlag_dto_eap01_ena4_fesp001	N186	10X_down	2.302741527557373
1125	0	375	0	0.25	1.0	population_size_change	phlag_dto_eap01_ena4_fesp001_ex	N109	10X_down	6.908453941345215
1125	0	375	0	0.25	1.0	population_size_change	phlag_dto_eap01_ena4_fesp001	N109	10X_down	6.908453941345215
1130	220	150	0	0.1	1.0	population_size_change	phlag_dto_eap01_ena4_fesp001_ex	N615	10X_down	0.9334843158721924
1103	247	29	121	0.1	1.0	population_size_change	phlag_dto_eap01_ena4_fesp001	N615	10X_down	0.9334843158721924
1125	0	375	0	0.25	1.0	population_size_change	phlag_dto_eap01_ena4_fesp001_ex	N114	10X_down	4.046219825744629
1125	0	375	0	0.25	1.0	population_size_change	phlag_dto_eap01_ena4_fesp001	N114	10X_down	4.046219825744629
1425	0	75	0	0.05	1.0	population_size_change	phlag_dto_eap01_ena4_fesp001_ex	N343	10X_down	4.353137969970703
1425	0	75	0	0.05	1.0	population_size_change	phlag_dto_eap01_ena4_fesp001	N343	10X_down	4.353137969970703
1124	1	372	3	0.25	1.0	population_size_change	phlag_dto_eap01_ena4_fesp001_ex	N459	10X_down	2.489785671234131
1026	99	375	0	0.25	1.0	population_size_change	phlag_dto_eap01_ena4_fesp001	N459	10X_down	2.489785671234131
755	520	225	0	0.15	1.0	population_size_change	phlag_dto_eap01_ena4_fesp001_ex	N119	10X_down	0.04247573763132095
1240	35	0	225	0.15	1.0	population_size_change	phlag_dto_eap01_ena4_fesp001	N119	10X_down	0.04247573763132095
1124	1	1	374	0.25	1.0	population_size_change	phlag_dto_eap01_ena4_fesp001_ex	N714	10X_up	1.0426033735275269
1124	1	1	374	0.25	1.0	population_size_change	phlag_dto_eap01_ena4_fesp001	N714	10X_up	1.0426033735275269
1196	4	2	298	0.2	1.0	population_size_change	phlag_dto_eap01_ena4_fesp001_ex	N473	10X_down	0.32149481773376465
1196	4	89	211	0.2	1.0	population_size_change	phlag_dto_eap01_ena4_fesp001	N473	10X_down	0.32149481773376465
790	410	300	0	0.2	1.0	population_size_change	phlag_dto_eap01_ena4_fesp001_ex	N118	10X_up	0.06421490013599396
1195	5	300	0	0.2	1.0	population_size_change	phlag_dto_eap01_ena4_fesp001	N118	10X_up	0.06421490013599396
1148	322	30	0	0.02	1.0	population_size_change	phlag_dto_eap01_ena4_fesp001_ex	N109	10X_down	6.908453941345215
1470	0	30	0	0.02	1.0	population_size_change	phlag_dto_eap01_ena4_fesp001	N109	10X_down	6.908453941345215
1030	440	30	0	0.02	1.0	population_size_change	phlag_dto_eap01_ena4_fesp001_ex	N638	10X_down	2.9204742908477783
1469	1	30	0	0.02	1.0	population_size_change	phlag_dto_eap01_ena4_fesp001	N638	10X_down	2.9204742908477783
1048	227	225	0	0.15	1.0	population_size_change	phlag_dto_eap01_ena4_fesp001_ex	N690	10X_up	0.11405052989721298
1252	23	225	0	0.15	1.0	population_size_change	phlag_dto_eap01_ena4_fesp001	N690	10X_up	0.11405052989721298
992	478	30	0	0.02	1.0	population_size_change	phlag_dto_eap01_ena4_fesp001_ex	N709	10X_up	0.47415441274642944
1366	104	30	0	0.02	1.0	population_size_change	phlag_dto_eap01_ena4_fesp001	N709	10X_up	0.47415441274642944
868	257	372	3	0.25	1.0	population_size_change	phlag_dto_eap01_ena4_fesp001_ex	N575	10X_down	1.5507839918136597
1125	0	91	284	0.25	1.0	population_size_change	phlag_dto_eap01_ena4_fesp001	N575	10X_down	1.5507839918136597
1233	42	0	225	0.15	1.0	population_size_change	phlag_dto_eap01_ena4_fesp001_ex	N573	10X_down	0.559605598449707
1102	173	0	225	0.15	1.0	population_size_change	phlag_dto_eap01_ena4_fesp001	N573	10X_down	0.559605598449707
1259	91	150	0	0.1	1.0	population_size_change	phlag_dto_eap01_ena4_fesp001_ex	N228	10X_down	3.7840921878814697
1350	0	150	0	0.1	1.0	population_size_change	phlag_dto_eap01_ena4_fesp001	N228	10X_down	3.7840921878814697
781	344	375	0	0.25	1.0	population_size_change	phlag_dto_eap01_ena4_fesp001_ex	N220	10X_up	0.2281598299741745
1125	0	23	352	0.25	1.0	population_size_change	phlag_dto_eap01_ena4_fesp001	N220	10X_up	0.2281598299741745
1383	42	0	75	0.05	1.0	population_size_change	phlag_dto_eap01_ena4_fesp001_ex	N228	10X_up	3.311920166015625
1425	0	1	74	0.05	1.0	population_size_change	phlag_dto_eap01_ena4_fesp001	N228	10X_up	3.311920166015625
1470	0	30	0	0.02	1.0	population_size_change	phlag_dto_eap01_ena4_fesp001_ex	N651	10X_down	4.451682090759277
1470	0	30	0	0.02	1.0	population_size_change	phlag_dto_eap01_ena4_fesp001	N651	10X_down	4.451682090759277
1425	0	75	0	0.05	1.0	population_size_change	phlag_dto_eap01_ena4_fesp001_ex	N491	10X_down	2.310746431350708
1425	0	75	0	0.05	1.0	population_size_change	phlag_dto_eap01_ena4_fesp001	N491	10X_down	2.310746431350708
1275	0	17	208	0.15	1.0	population_size_change	phlag_dto_eap01_ena4_fesp001_ex	N714	10X_up	1.2375667095184326
1275	0	2	223	0.15	1.0	population_size_change	phlag_dto_eap01_ena4_fesp001	N714	10X_up	1.2375667095184326
820	305	275	100	0.25	1.0	population_size_change	phlag_dto_eap01_ena4_fesp001_ex	N118	10X_up	0.04691125079989433
1026	99	375	0	0.25	1.0	population_size_change	phlag_dto_eap01_ena4_fesp001	N118	10X_up	0.04691125079989433
1271	4	2	223	0.15	1.0	population_size_change	phlag_dto_eap01_ena4_fesp001_ex	N617	10X_up	2.145683526992798
1271	4	13	212	0.15	1.0	population_size_change	phlag_dto_eap01_ena4_fesp001	N617	10X_up	2.145683526992798
994	281	169	56	0.15	1.0	population_size_change	phlag_dto_eap01_ena4_fesp001_ex	N276	10X_down	0.017227191478013992
1275	0	225	0	0.15	1.0	population_size_change	phlag_dto_eap01_ena4_fesp001	N276	10X_down	0.017227191478013992
1273	2	4	221	0.15	1.0	population_size_change	phlag_dto_eap01_ena4_fesp001_ex	N579	10X_up	2.162142515182495
1275	0	7	218	0.15	1.0	population_size_change	phlag_dto_eap01_ena4_fesp001	N579	10X_up	2.162142515182495
944	256	242	58	0.2	1.0	population_size_change	phlag_dto_eap01_ena4_fesp001_ex	N299	10X_down	0.015994345769286156
1150	50	300	0	0.2	1.0	population_size_change	phlag_dto_eap01_ena4_fesp001	N299	10X_down	0.015994345769286156
1346	4	0	150	0.1	1.0	population_size_change	phlag_dto_eap01_ena4_fesp001_ex	N159	10X_up	1.5401735305786133
1346	4	0	150	0.1	1.0	population_size_change	phlag_dto_eap01_ena4_fesp001	N159	10X_up	1.5401735305786133
1425	0	28	47	0.05	1.0	population_size_change	phlag_dto_eap01_ena4_fesp001_ex	N714	10X_up	1.4866975545883179
1423	2	0	75	0.05	1.0	population_size_change	phlag_dto_eap01_ena4_fesp001	N714	10X_up	1.4866975545883179
1176	24	6	294	0.2	1.0	population_size_change	phlag_dto_eap01_ena4_fesp001_ex	N554	10X_up	2.1783792972564697
1176	24	6	294	0.2	1.0	population_size_change	phlag_dto_eap01_ena4_fesp001	N554	10X_up	2.1783792972564697
862	608	0	30	0.02	1.0	population_size_change	phlag_dto_eap01_ena4_fesp001_ex	N679	10X_down	1.9356930255889893
1416	54	30	0	0.02	1.0	population_size_change	phlag_dto_eap01_ena4_fesp001	N679	10X_down	1.9356930255889893
1275	0	225	0	0.15	1.0	population_size_change	phlag_dto_eap01_ena4_fesp001_ex	N109	10X_down	6.908453941345215
1275	0	225	0	0.15	1.0	population_size_change	phlag_dto_eap01_ena4_fesp001	N109	10X_down	6.908453941345215
1456	14	2	28	0.02	1.0	population_size_change	phlag_dto_eap01_ena4_fesp001_ex	N425	10X_up	3.037806510925293
1462	8	2	28	0.02	1.0	population_size_change	phlag_dto_eap01_ena4_fesp001	N425	10X_up	3.037806510925293
1207	263	0	30	0.02	1.0	population_size_change	phlag_dto_eap01_ena4_fesp001_ex	N228	10X_down	3.6999130249023438
1470	0	30	0	0.02	1.0	population_size_change	phlag_dto_eap01_ena4_fesp001	N228	10X_down	3.6999130249023438
1124	1	89	286	0.25	1.0	population_size_change	phlag_dto_eap01_ena4_fesp001_ex	N473	10X_down	0.35605093836784363
1124	1	89	286	0.25	1.0	population_size_change	phlag_dto_eap01_ena4_fesp001	N473	10X_down	0.35605093836784363
779	421	300	0	0.2	1.0	population_size_change	phlag_dto_eap01_ena4_fesp001_ex	N616	10X_up	0.06962280720472336
1191	9	79	221	0.2	1.0	population_size_change	phlag_dto_eap01_ena4_fesp001	N616	10X_up	0.06962280720472336
1136	289	63	12	0.05	1.0	population_size_change	phlag_dto_eap01_ena4_fesp001_ex	N299	10X_down	0.011927285231649876
1379	46	75	0	0.05	1.0	population_size_change	phlag_dto_eap01_ena4_fesp001	N299	10X_down	0.011927285231649876
1116	9	1	374	0.25	1.0	population_size_change	phlag_dto_eap01_ena4_fesp001_ex	N399	10X_up	2.1128008365631104
1117	8	1	374	0.25	1.0	population_size_change	phlag_dto_eap01_ena4_fesp001	N399	10X_up	2.1128008365631104
661	614	195	30	0.15	1.0	population_size_change	phlag_dto_eap01_ena4_fesp001_ex	N638	10X_down	3.1269192695617676
1274	1	225	0	0.15	1.0	population_size_change	phlag_dto_eap01_ena4_fesp001	N638	10X_down	3.1269192695617676
1425	0	75	0	0.05	1.0	population_size_change	phlag_dto_eap01_ena4_fesp001_ex	N109	10X_down	6.908453941345215
1425	0	75	0	0.05	1.0	population_size_change	phlag_dto_eap01_ena4_fesp001	N109	10X_down	6.908453941345215
1454	16	30	0	0.02	1.0	population_size_change	phlag_dto_eap01_ena4_fesp001_ex	N617	10X_up	2.860903263092041
1470	0	30	0	0.02	1.0	population_size_change	phlag_dto_eap01_ena4_fesp001	N617	10X_up	2.860903263092041
1122	3	0	375	0.25	1.0	population_size_change	phlag_dto_eap01_ena4_fesp001_ex	N228	10X_up	2.3735058307647705
1122	3	0	375	0.25	1.0	population_size_change	phlag_dto_eap01_ena4_fesp001	N228	10X_up	2.3735058307647705
1234	41	5	220	0.15	1.0	population_size_change	phlag_dto_eap01_ena4_fesp001_ex	N220	10X_up	0.2501482367515564
855	420	225	0	0.15	1.0	population_size_change	phlag_dto_eap01_ena4_fesp001	N220	10X_up	0.2501482367515564
801	399	7	293	0.2	1.0	population_size_change	phlag_dto_eap01_ena4_fesp001_ex	N274	10X_down	0.09678054600954056
1192	8	5	295	0.2	1.0	population_size_change	phlag_dto_eap01_ena4_fesp001	N274	10X_down	0.09678054600954056
919	206	278	97	0.25	1.0	population_size_change	phlag_dto_eap01_ena4_fesp001_ex	N276	10X_down	0.024516163393855095
1125	0	191	184	0.25	1.0	population_size_change	phlag_dto_eap01_ena4_fesp001	N276	10X_down	0.024516163393855095
840	285	121	254	0.25	1.0	population_size_change	phlag_dto_eap01_ena4_fesp001_ex	N690	10X_up	0.1197749450802803
1086	39	375	0	0.25	1.0	population_size_change	phlag_dto_eap01_ena4_fesp001	N690	10X_up	0.1197749450802803
929	271	298	2	0.2	1.0	population_size_change	phlag_dto_eap01_ena4_fesp001_ex	N575	10X_down	1.5932559967041016
1200	0	55	245	0.2	1.0	population_size_change	phlag_dto_eap01_ena4_fesp001	N575	10X_down	1.5932559967041016
1275	0	11	214	0.15	1.0	population_size_change	phlag_dto_eap01_ena4_fesp001_ex	N159	10X_up	1.4132596254348755
1275	0	11	214	0.15	1.0	population_size_change	phlag_dto_eap01_ena4_fesp001	N159	10X_up	1.4132596254348755
1200	0	300	0	0.2	1.0	population_size_change	phlag_dto_eap01_ena4_fesp001_ex	N491	10X_down	2.3795862197875977
1200	0	300	0	0.2	1.0	population_size_change	phlag_dto_eap01_ena4_fesp001	N491	10X_down	2.3795862197875977
1015	260	225	0	0.15	1.0	population_size_change	phlag_dto_eap01_ena4_fesp001_ex	N459	10X_down	2.460322141647339
1176	99	225	0	0.15	1.0	population_size_change	phlag_dto_eap01_ena4_fesp001	N459	10X_down	2.460322141647339
1114	311	57	18	0.05	1.0	population_size_change	phlag_dto_eap01_ena4_fesp001_ex	N118	10X_up	0.06790914386510849
1056	369	75	0	0.05	1.0	population_size_change	phlag_dto_eap01_ena4_fesp001	N118	10X_up	0.06790914386510849
1350	0	150	0	0.1	1.0	population_size_change	phlag_dto_eap01_ena4_fesp001_ex	N343	10X_down	4.296512126922607
1350	0	150	0	0.1	1.0	population_size_change	phlag_dto_eap01_ena4_fesp001	N343	10X_down	4.296512126922607
1422	3	75	0	0.05	1.0	population_size_change	phlag_dto_eap01_ena4_fesp001_ex	N459	10X_down	2.371105432510376
1425	0	75	0	0.05	1.0	population_size_change	phlag_dto_eap01_ena4_fesp001	N459	10X_down	2.371105432510376
979	296	5	220	0.15	1.0	population_size_change	phlag_dto_eap01_ena4_fesp001_ex	N679	10X_down	2.1156632900238037
1270	5	225	0	0.15	1.0	population_size_change	phlag_dto_eap01_ena4_fesp001	N679	10X_down	2.1156632900238037
1272	3	5	220	0.15	1.0	population_size_change	phlag_dto_eap01_ena4_fesp001_ex	N554	10X_up	2.320614814758301
1272	3	5	220	0.15	1.0	population_size_change	phlag_dto_eap01_ena4_fesp001	N554	10X_up	2.320614814758301
1275	0	1	224	0.15	1.0	population_size_change	phlag_dto_eap01_ena4_fesp001_ex	N228	10X_up	2.8103585243225098
1275	0	3	222	0.15	1.0	population_size_change	phlag_dto_eap01_ena4_fesp001	N228	10X_up	2.8103585243225098
1243	182	75	0	0.05	1.0	population_size_change	phlag_dto_eap01_ena4_fesp001_ex	N707	10X_down	0.1325289011001587
952	473	0	75	0.05	1.0	population_size_change	phlag_dto_eap01_ena4_fesp001	N707	10X_down	0.1325289011001587
1125	0	4	371	0.25	1.0	population_size_change	phlag_dto_eap01_ena4_fesp001_ex	N281	10X_up	2.0881145000457764
1125	0	4	371	0.25	1.0	population_size_change	phlag_dto_eap01_ena4_fesp001	N281	10X_up	2.0881145000457764
902	568	0	30	0.02	1.0	population_size_change	phlag_dto_eap01_ena4_fesp001_ex	N620	10X_up	0.02709215134382248
893	577	0	30	0.02	1.0	population_size_change	phlag_dto_eap01_ena4_fesp001	N620	10X_up	0.02709215134382248
1334	16	18	132	0.1	1.0	population_size_change	phlag_dto_eap01_ena4_fesp001_ex	N228	10X_up	3.007051706314087
1350	0	19	131	0.1	1.0	population_size_change	phlag_dto_eap01_ena4_fesp001	N228	10X_up	3.007051706314087
1182	93	225	0	0.15	1.0	population_size_change	phlag_dto_eap01_ena4_fesp001_ex	N615	10X_down	0.9278334379196167
1142	133	4	221	0.15	1.0	population_size_change	phlag_dto_eap01_ena4_fesp001	N615	10X_down	0.9278334379196167
1040	160	252	48	0.2	1.0	population_size_change	phlag_dto_eap01_ena4_fesp001_ex	N498	10X_down	0.009409390389919281
1010	190	300	0	0.2	1.0	population_size_change	phlag_dto_eap01_ena4_fesp001	N498	10X_down	0.009409390389919281
1109	241	150	0	0.1	1.0	population_size_change	phlag_dto_eap01_ena4_fesp001_ex	N574	10X_down	0.06577543914318085
1245	105	0	150	0.1	1.0	population_size_change	phlag_dto_eap01_ena4_fesp001	N574	10X_down	0.06577543914318085
1419	6	75	0	0.05	1.0	population_size_change	phlag_dto_eap01_ena4_fesp001_ex	N679	10X_up	1.7129459381103516
1420	5	0	75	0.05	1.0	population_size_change	phlag_dto_eap01_ena4_fesp001	N679	10X_up	1.7129459381103516
1408	17	0	75	0.05	1.0	population_size_change	phlag_dto_eap01_ena4_fesp001_ex	N425	10X_up	2.8835721015930176
1414	11	0	75	0.05	1.0	population_size_change	phlag_dto_eap01_ena4_fesp001	N425	10X_up	2.8835721015930176
1124	1	3	372	0.25	1.0	population_size_change	phlag_dto_eap01_ena4_fesp001_ex	N707	10X_down	0.2558089792728424
1124	1	5	370	0.25	1.0	population_size_change	phlag_dto_eap01_ena4_fesp001	N707	10X_down	0.2558089792728424
1288	182	30	0	0.02	1.0	population_size_change	phlag_dto_eap01_ena4_fesp001_ex	N707	10X_down	0.10453946143388748
1403	67	30	0	0.02	1.0	population_size_change	phlag_dto_eap01_ena4_fesp001	N707	10X_down	0.10453946143388748
1275	0	14	211	0.15	1.0	population_size_change	phlag_dto_eap01_ena4_fesp001_ex	Nyctibiidae	10X_up	3.6746625900268555
1275	0	15	210	0.15	1.0	population_size_change	phlag_dto_eap01_ena4_fesp001	Nyctibiidae	10X_up	3.6746625900268555
1200	0	10	290	0.2	1.0	population_size_change	phlag_dto_eap01_ena4_fesp001_ex	N579	10X_up	1.986074447631836
1200	0	3	297	0.2	1.0	population_size_change	phlag_dto_eap01_ena4_fesp001	N579	10X_up	1.986074447631836
818	532	150	0	0.1	1.0	population_size_change	phlag_dto_eap01_ena4_fesp001_ex	N709	10X_up	0.44507044553756714
884	466	145	5	0.1	1.0	population_size_change	phlag_dto_eap01_ena4_fesp001	N709	10X_up	0.44507044553756714
998	202	300	0	0.2	1.0	population_size_change	phlag_dto_eap01_ena4_fesp001_ex	N679	10X_down	2.138566493988037
1032	168	300	0	0.2	1.0	population_size_change	phlag_dto_eap01_ena4_fesp001	N679	10X_down	2.138566493988037
1077	48	375	0	0.25	1.0	population_size_change	phlag_dto_eap01_ena4_fesp001_ex	N651	10X_down	4.541291236877441
1125	0	375	0	0.25	1.0	population_size_change	phlag_dto_eap01_ena4_fesp001	N651	10X_down	4.541291236877441
1323	27	61	89	0.1	1.0	population_size_change	phlag_dto_eap01_ena4_fesp001_ex	N544	10X_up	0.6881436109542847
1350	0	13	137	0.1	1.0	population_size_change	phlag_dto_eap01_ena4_fesp001	N544	10X_up	0.6881436109542847
1333	17	150	0	0.1	1.0	population_size_change	phlag_dto_eap01_ena4_fesp001_ex	N616	10X_up	0.0986679270863533
1350	0	150	0	0.1	1.0	population_size_change	phlag_dto_eap01_ena4_fesp001	N616	10X_up	0.0986679270863533
1244	181	0	75	0.05	1.0	population_size_change	phlag_dto_eap01_ena4_fesp001_ex	N573	10X_down	0.48231300711631775
1310	115	75	0	0.05	1.0	population_size_change	phlag_dto_eap01_ena4_fesp001	N573	10X_down	0.48231300711631775
1125	0	16	359	0.25	1.0	population_size_change	phlag_dto_eap01_ena4_fesp001_ex	N635	10X_up	2.6369431018829346
1112	13	14	361	0.25	1.0	population_size_change	phlag_dto_eap01_ena4_fesp001	N635	10X_up	2.6369431018829346
991	284	166	59	0.15	1.0	population_size_change	phlag_dto_eap01_ena4_fesp001_ex	N299	10X_down	0.010607574135065079
1209	66	225	0	0.15	1.0	population_size_change	phlag_dto_eap01_ena4_fesp001	N299	10X_down	0.010607574135065079
943	332	225	0	0.15	1.0	population_size_change	phlag_dto_eap01_ena4_fesp001_ex	N491	10X_down	2.400789737701416
1224	51	0	225	0.15	1.0	population_size_change	phlag_dto_eap01_ena4_fesp001	N491	10X_down	2.400789737701416
818	307	4	371	0.25	1.0	population_size_change	phlag_dto_eap01_ena4_fesp001_ex	N615	10X_down	1.0828415155410767
843	282	4	371	0.25	1.0	population_size_change	phlag_dto_eap01_ena4_fesp001	N615	10X_down	1.0828415155410767
944	181	364	11	0.25	1.0	population_size_change	phlag_dto_eap01_ena4_fesp001_ex	N679	10X_down	2.1272664070129395
1058	67	0	375	0.25	1.0	population_size_change	phlag_dto_eap01_ena4_fesp001	N679	10X_down	2.1272664070129395
1198	2	1	299	0.2	1.0	population_size_change	phlag_dto_eap01_ena4_fesp001_ex	N399	10X_up	2.327118396759033
1200	0	5	295	0.2	1.0	population_size_change	phlag_dto_eap01_ena4_fesp001	N399	10X_up	2.327118396759033
1215	255	6	24	0.02	1.0	population_size_change	phlag_dto_eap01_ena4_fesp001_ex	N276	10X_down	0.0017731403931975365
1470	0	30	0	0.02	1.0	population_size_change	phlag_dto_eap01_ena4_fesp001	N276	10X_down	0.0017731403931975365
1086	114	250	50	0.2	1.0	population_size_change	phlag_dto_eap01_ena4_fesp001_ex	N620	10X_up	0.017743980512022972
938	262	84	216	0.2	1.0	population_size_change	phlag_dto_eap01_ena4_fesp001	N620	10X_up	0.017743980512022972
1106	19	0	375	0.25	1.0	population_size_change	phlag_dto_eap01_ena4_fesp001_ex	N119	10X_down	0.052359044551849365
1106	19	0	375	0.25	1.0	population_size_change	phlag_dto_eap01_ena4_fesp001	N119	10X_down	0.052359044551849365
1470	0	30	0	0.02	1.0	population_size_change	phlag_dto_eap01_ena4_fesp001_ex	N717	10X_down	0.1484936624765396
1435	35	30	0	0.02	1.0	population_size_change	phlag_dto_eap01_ena4_fesp001	N717	10X_down	0.1484936624765396
1350	0	25	125	0.1	1.0	population_size_change	phlag_dto_eap01_ena4_fesp001_ex	Nyctibiidae	10X_up	4.132354259490967
1350	0	30	120	0.1	1.0	population_size_change	phlag_dto_eap01_ena4_fesp001	Nyctibiidae	10X_up	4.132354259490967
1404	66	0	30	0.02	1.0	population_size_change	phlag_dto_eap01_ena4_fesp001_ex	N679	10X_up	1.8462285995483398
1458	12	0	30	0.02	1.0	population_size_change	phlag_dto_eap01_ena4_fesp001	N679	10X_up	1.8462285995483398
1269	156	2	73	0.05	1.0	population_size_change	phlag_dto_eap01_ena4_fesp001_ex	N544	10X_up	0.720626711845398
1401	24	3	72	0.05	1.0	population_size_change	phlag_dto_eap01_ena4_fesp001	N544	10X_up	0.720626711845398
1200	0	4	296	0.2	1.0	population_size_change	phlag_dto_eap01_ena4_fesp001_ex	N544	10X_up	0.6156914234161377
1200	0	4	296	0.2	1.0	population_size_change	phlag_dto_eap01_ena4_fesp001	N544	10X_up	0.6156914234161377
1420	5	0	75	0.05	1.0	population_size_change	phlag_dto_eap01_ena4_fesp001_ex	N554	10X_up	2.7621471881866455
1420	5	0	75	0.05	1.0	population_size_change	phlag_dto_eap01_ena4_fesp001	N554	10X_up	2.7621471881866455
1040	235	102	123	0.15	1.0	population_size_change	phlag_dto_eap01_ena4_fesp001_ex	N616	10X_up	0.07555954903364182
1183	92	4	221	0.15	1.0	population_size_change	phlag_dto_eap01_ena4_fesp001	N616	10X_up	0.07555954903364182
1275	0	5	220	0.15	1.0	population_size_change	phlag_dto_eap01_ena4_fesp001_ex	N233	10X_up	0.5334126949310303
1147	128	225	0	0.15	1.0	population_size_change	phlag_dto_eap01_ena4_fesp001	N233	10X_up	0.5334126949310303
1112	13	1	374	0.25	1.0	population_size_change	phlag_dto_eap01_ena4_fesp001_ex	N679	10X_up	1.235411286354065
1112	13	1	374	0.25	1.0	population_size_change	phlag_dto_eap01_ena4_fesp001	N679	10X_up	1.235411286354065
1176	249	75	0	0.05	1.0	population_size_change	phlag_dto_eap01_ena4_fesp001_ex	N498	10X_down	0.011341569945216179
1233	192	75	0	0.05	1.0	population_size_change	phlag_dto_eap01_ena4_fesp001	N498	10X_down	0.011341569945216179
1084	116	273	27	0.2	1.0	population_size_change	phlag_dto_eap01_ena4_fesp001_ex	N276	10X_down	0.017482277005910873
1200	0	300	0	0.2	1.0	population_size_change	phlag_dto_eap01_ena4_fesp001	N276	10X_down	0.017482277005910873
1123	2	0	375	0.25	1.0	population_size_change	phlag_dto_eap01_ena4_fesp001_ex	N717	10X_down	0.3241351246833801
1123	2	0	375	0.25	1.0	population_size_change	phlag_dto_eap01_ena4_fesp001	N717	10X_down	0.3241351246833801
941	409	73	77	0.1	1.0	population_size_change	phlag_dto_eap01_ena4_fesp001_ex	N620	10X_up	0.023426957428455353
1082	268	150	0	0.1	1.0	population_size_change	phlag_dto_eap01_ena4_fesp001	N620	10X_up	0.023426957428455353
1423	2	2	73	0.05	1.0	population_size_change	phlag_dto_eap01_ena4_fesp001_ex	N617	10X_up	2.6457865238189697
1425	0	13	62	0.05	1.0	population_size_change	phlag_dto_eap01_ena4_fesp001	N617	10X_up	2.6457865238189697
1173	177	11	139	0.1	1.0	population_size_change	phlag_dto_eap01_ena4_fesp001_ex	N532	10X_down	1.323900580406189
1275	75	11	139	0.1	1.0	population_size_change	phlag_dto_eap01_ena4_fesp001	N532	10X_down	1.323900580406189
1470	0	1	29	0.02	1.0	population_size_change	phlag_dto_eap01_ena4_fesp001_ex	N281	10X_up	3.730236053466797
1470	0	1	29	0.02	1.0	population_size_change	phlag_dto_eap01_ena4_fesp001	N281	10X_up	3.730236053466797
778	572	150	0	0.1	1.0	population_size_change	phlag_dto_eap01_ena4_fesp001_ex	N638	10X_down	2.9390671253204346
1349	1	150	0	0.1	1.0	population_size_change	phlag_dto_eap01_ena4_fesp001	N638	10X_down	2.9390671253204346
1196	4	5	295	0.2	1.0	population_size_change	phlag_dto_eap01_ena4_fesp001_ex	N707	10X_down	0.23246851563453674
1196	4	4	296	0.2	1.0	population_size_change	phlag_dto_eap01_ena4_fesp001	N707	10X_down	0.23246851563453674
1104	246	150	0	0.1	1.0	population_size_change	phlag_dto_eap01_ena4_fesp001_ex	N690	10X_up	0.12524379789829254
1320	30	150	0	0.1	1.0	population_size_change	phlag_dto_eap01_ena4_fesp001	N690	10X_up	0.12524379789829254
933	492	13	62	0.05	1.0	population_size_change	phlag_dto_eap01_ena4_fesp001_ex	N276	10X_down	0.00960236880928278
1425	0	75	0	0.05	1.0	population_size_change	phlag_dto_eap01_ena4_fesp001	N276	10X_down	0.00960236880928278
1469	1	3	27	0.02	1.0	population_size_change	phlag_dto_eap01_ena4_fesp001_ex	N635	10X_up	4.267143249511719
1470	0	5	25	0.02	1.0	population_size_change	phlag_dto_eap01_ena4_fesp001	N635	10X_up	4.267143249511719
853	497	0	150	0.1	1.0	population_size_change	phlag_dto_eap01_ena4_fesp001_ex	N575	10X_down	1.5042706727981567
1282	68	14	136	0.1	1.0	population_size_change	phlag_dto_eap01_ena4_fesp001	N575	10X_down	1.5042706727981567
946	254	4	296	0.2	1.0	population_size_change	phlag_dto_eap01_ena4_fesp001_ex	N615	10X_down	1.004551887512207
1019	181	4	296	0.2	1.0	population_size_change	phlag_dto_eap01_ena4_fesp001	N615	10X_down	1.004551887512207
1275	0	43	182	0.15	1.0	population_size_change	phlag_dto_eap01_ena4_fesp001_ex	N707	10X_down	0.18804970383644104
1272	3	0	225	0.15	1.0	population_size_change	phlag_dto_eap01_ena4_fesp001	N707	10X_down	0.18804970383644104
1350	0	150	0	0.1	1.0	population_size_change	phlag_dto_eap01_ena4_fesp001_ex	N109	10X_down	6.908453941345215
1350	0	150	0	0.1	1.0	population_size_change	phlag_dto_eap01_ena4_fesp001	N109	10X_down	6.908453941345215
1275	0	225	0	0.15	1.0	population_size_change	phlag_dto_eap01_ena4_fesp001_ex	N114	10X_down	4.167582035064697
1275	0	225	0	0.15	1.0	population_size_change	phlag_dto_eap01_ena4_fesp001	N114	10X_down	4.167582035064697
893	532	75	0	0.05	1.0	population_size_change	phlag_dto_eap01_ena4_fesp001_ex	N575	10X_down	1.475822925567627
1363	62	31	44	0.05	1.0	population_size_change	phlag_dto_eap01_ena4_fesp001	N575	10X_down	1.475822925567627
994	281	225	0	0.15	1.0	population_size_change	phlag_dto_eap01_ena4_fesp001_ex	N228	10X_down	3.6999130249023438
1248	27	225	0	0.15	1.0	population_size_change	phlag_dto_eap01_ena4_fesp001	N228	10X_down	3.6999130249023438
1425	0	75	0	0.05	1.0	population_size_change	phlag_dto_eap01_ena4_fesp001_ex	N220	10X_up	0.27622848749160767
1425	0	16	59	0.05	1.0	population_size_change	phlag_dto_eap01_ena4_fesp001	N220	10X_up	0.27622848749160767
1275	0	2	223	0.15	1.0	population_size_change	phlag_dto_eap01_ena4_fesp001_ex	N425	10X_up	2.3442211151123047
1275	0	2	223	0.15	1.0	population_size_change	phlag_dto_eap01_ena4_fesp001	N425	10X_up	2.3442211151123047
1081	194	189	36	0.15	1.0	population_size_change	phlag_dto_eap01_ena4_fesp001_ex	N498	10X_down	0.008672842755913734
1085	190	225	0	0.15	1.0	population_size_change	phlag_dto_eap01_ena4_fesp001	N498	10X_down	0.008672842755913734
1343	7	29	121	0.1	1.0	population_size_change	phlag_dto_eap01_ena4_fesp001_ex	N714	10X_up	1.3499817848205566
1342	8	10	140	0.1	1.0	population_size_change	phlag_dto_eap01_ena4_fesp001	N714	10X_up	1.3499817848205566
902	373	117	108	0.15	1.0	population_size_change	phlag_dto_eap01_ena4_fesp001_ex	N238	10X_up	0.06261775642633438
994	281	95	130	0.15	1.0	population_size_change	phlag_dto_eap01_ena4_fesp001	N238	10X_up	0.06261775642633438
1113	87	293	7	0.2	1.0	population_size_change	phlag_dto_eap01_ena4_fesp001_ex	N459	10X_down	2.533055305480957
1101	99	300	0	0.2	1.0	population_size_change	phlag_dto_eap01_ena4_fesp001	N459	10X_down	2.533055305480957
767	583	64	86	0.1	1.0	population_size_change	phlag_dto_eap01_ena4_fesp001_ex	N186	10X_down	2.262716770172119
1350	0	150	0	0.1	1.0	population_size_change	phlag_dto_eap01_ena4_fesp001	N186	10X_down	2.262716770172119
1466	4	4	26	0.02	1.0	population_size_change	phlag_dto_eap01_ena4_fesp001_ex	N579	10X_up	2.8979454040527344
1470	0	5	25	0.02	1.0	population_size_change	phlag_dto_eap01_ena4_fesp001	N579	10X_up	2.8979454040527344
1267	203	0	30	0.02	1.0	population_size_change	phlag_dto_eap01_ena4_fesp001_ex	N228	10X_up	3.4840307235717773
1470	0	30	0	0.02	1.0	population_size_change	phlag_dto_eap01_ena4_fesp001	N228	10X_up	3.4840307235717773
1350	0	4	146	0.1	1.0	population_size_change	phlag_dto_eap01_ena4_fesp001_ex	N617	10X_up	2.3173511028289795
1350	0	15	135	0.1	1.0	population_size_change	phlag_dto_eap01_ena4_fesp001	N617	10X_up	2.3173511028289795
1188	12	33	267	0.2	1.0	population_size_change	phlag_dto_eap01_ena4_fesp001_ex	N119	10X_down	0.04847559332847595
1187	13	0	300	0.2	1.0	population_size_change	phlag_dto_eap01_ena4_fesp001	N119	10X_down	0.04847559332847595
1195	5	1	299	0.2	1.0	population_size_change	phlag_dto_eap01_ena4_fesp001_ex	N679	10X_up	1.3065922260284424
1200	0	1	299	0.2	1.0	population_size_change	phlag_dto_eap01_ena4_fesp001	N679	10X_up	1.3065922260284424
1028	247	215	10	0.15	1.0	population_size_change	phlag_dto_eap01_ena4_fesp001_ex	Accipitriformes	10X_up	0.17191927134990692
1240	35	225	0	0.15	1.0	population_size_change	phlag_dto_eap01_ena4_fesp001	Accipitriformes	10X_up	0.17191927134990692
876	399	225	0	0.15	1.0	population_size_change	phlag_dto_eap01_ena4_fesp001_ex	N620	10X_up	0.018401090055704117
668	607	225	0	0.15	1.0	population_size_change	phlag_dto_eap01_ena4_fesp001	N620	10X_up	0.018401090055704117
1029	171	10	290	0.2	1.0	population_size_change	phlag_dto_eap01_ena4_fesp001_ex	Accipitriformes	10X_up	0.18135766685009003
1165	35	12	288	0.2	1.0	population_size_change	phlag_dto_eap01_ena4_fesp001	Accipitriformes	10X_up	0.18135766685009003
1198	2	0	300	0.2	1.0	population_size_change	phlag_dto_eap01_ena4_fesp001_ex	N159	10X_up	1.3352611064910889
1198	2	0	300	0.2	1.0	population_size_change	phlag_dto_eap01_ena4_fesp001	N159	10X_up	1.3352611064910889
1425	0	75	0	0.05	1.0	population_size_change	phlag_dto_eap01_ena4_fesp001_ex	N399	10X_up	3.036773920059204
1425	0	1	74	0.05	1.0	population_size_change	phlag_dto_eap01_ena4_fesp001	N399	10X_up	3.036773920059204
1147	323	30	0	0.02	1.0	population_size_change	phlag_dto_eap01_ena4_fesp001_ex	Accipitriformes	10X_up	0.2167946845293045
1470	0	30	0	0.02	1.0	population_size_change	phlag_dto_eap01_ena4_fesp001	Accipitriformes	10X_up	0.2167946845293045
1350	0	150	0	0.1	1.0	population_size_change	phlag_dto_eap01_ena4_fesp001_ex	N238	10X_up	0.07762367278337479
1350	0	150	0	0.1	1.0	population_size_change	phlag_dto_eap01_ena4_fesp001	N238	10X_up	0.07762367278337479
1425	0	12	63	0.05	1.0	population_size_change	phlag_dto_eap01_ena4_fesp001_ex	N635	10X_up	3.575106143951416
1425	0	4	71	0.05	1.0	population_size_change	phlag_dto_eap01_ena4_fesp001	N635	10X_up	3.575106143951416
1425	0	4	71	0.05	1.0	population_size_change	phlag_dto_eap01_ena4_fesp001_ex	N281	10X_up	3.2447798252105713
1425	0	4	71	0.05	1.0	population_size_change	phlag_dto_eap01_ena4_fesp001	N281	10X_up	3.2447798252105713
1350	0	150	0	0.1	1.0	population_size_change	phlag_dto_eap01_ena4_fesp001_ex	N399	10X_up	2.7622733116149902
1350	0	20	130	0.1	1.0	population_size_change	phlag_dto_eap01_ena4_fesp001	N399	10X_up	2.7622733116149902
861	489	102	48	0.1	1.0	population_size_change	phlag_dto_eap01_ena4_fesp001_ex	N498	10X_down	0.007111984305083752
1350	0	150	0	0.1	1.0	population_size_change	phlag_dto_eap01_ena4_fesp001	N498	10X_down	0.007111984305083752
981	369	150	0	0.1	1.0	population_size_change	phlag_dto_eap01_ena4_fesp001_ex	N119	10X_down	0.029862141236662865
1191	159	150	0	0.1	1.0	population_size_change	phlag_dto_eap01_ena4_fesp001	N119	10X_down	0.029862141236662865
1147	203	2	148	0.1	1.0	population_size_change	phlag_dto_eap01_ena4_fesp001_ex	N473	10X_down	0.2929537892341614
1304	46	1	149	0.1	1.0	population_size_change	phlag_dto_eap01_ena4_fesp001	N473	10X_down	0.2929537892341614
1177	23	0	300	0.2	1.0	population_size_change	phlag_dto_eap01_ena4_fesp001_ex	N233	10X_up	0.48681455850601196
1177	23	0	300	0.2	1.0	population_size_change	phlag_dto_eap01_ena4_fesp001	N233	10X_up	0.48681455850601196
1131	219	121	29	0.1	1.0	recombination	phlag_dto_eap01_ena4_fesp001_ex	N717	recombination_suppression	0.14444904029369354
1185	165	150	0	0.1	1.0	recombination	phlag_dto_eap01_ena4_fesp001	N717	recombination_suppression	0.14444904029369354
1444	26	0	30	0.02	1.0	recombination	phlag_dto_eap01_ena4_fesp001_ex	N396	recombination_suppression	0.13936744630336761
1453	17	0	30	0.02	1.0	recombination	phlag_dto_eap01_ena4_fesp001	N396	recombination_suppression	0.13936744630336761
672	453	371	4	0.25	1.0	recombination	phlag_dto_eap01_ena4_fesp001_ex	N533	recombination_suppression	0.11345521360635757
1101	24	375	0	0.25	1.0	recombination	phlag_dto_eap01_ena4_fesp001	N533	recombination_suppression	0.11345521360635757
1199	1	0	300	0.2	1.0	recombination	phlag_dto_eap01_ena4_fesp001_ex	N396	recombination_suppression	0.24851574003696442
1199	1	0	300	0.2	1.0	recombination	phlag_dto_eap01_ena4_fesp001	N396	recombination_suppression	0.24851574003696442
1425	0	75	0	0.05	1.0	recombination	phlag_dto_eap01_ena4_fesp001	N722	recombination_suppression	5.287292957305908
1470	0	0	30	0.02	1.0	recombination	phlag_dto_eap01_ena4_fesp001_ex	N686	recombination_suppression	0.4532184302806854
1470	0	30	0	0.02	1.0	recombination	phlag_dto_eap01_ena4_fesp001	N686	recombination_suppression	0.4532184302806854
1470	0	30	0	0.02	1.0	recombination	phlag_dto_eap01_ena4_fesp001_ex	N543	recombination_suppression	2.9752607345581055
1470	0	30	0	0.02	1.0	recombination	phlag_dto_eap01_ena4_fesp001	N543	recombination_suppression	2.9752607345581055
1042	83	375	0	0.25	1.0	recombination	phlag_dto_eap01_ena4_fesp001_ex	N717	recombination_suppression	0.1499652862548828
1090	35	375	0	0.25	1.0	recombination	phlag_dto_eap01_ena4_fesp001	N717	recombination_suppression	0.1499652862548828
863	337	187	113	0.2	1.0	recombination	phlag_dto_eap01_ena4_fesp001_ex	N349	recombination_suppression	0.21089065074920654
1133	67	300	0	0.2	1.0	recombination	phlag_dto_eap01_ena4_fesp001	N349	recombination_suppression	0.21089065074920654
1378	47	75	0	0.05	1.0	recombination	phlag_dto_eap01_ena4_fesp001_ex	N550	recombination_suppression	4.508511066436768
1423	2	75	0	0.05	1.0	recombination	phlag_dto_eap01_ena4_fesp001	N550	recombination_suppression	4.508511066436768
1350	0	150	0	0.1	1.0	recombination	phlag_dto_eap01_ena4_fesp001_ex	N682	recombination_suppression	5.8004913330078125
1350	0	150	0	0.1	1.0	recombination	phlag_dto_eap01_ena4_fesp001	N682	recombination_suppression	5.8004913330078125
1275	0	225	0	0.15	1.0	recombination	phlag_dto_eap01_ena4_fesp001_ex	N71	recombination_suppression	5.809811592102051
1275	0	225	0	0.15	1.0	recombination	phlag_dto_eap01_ena4_fesp001	N71	recombination_suppression	5.809811592102051
1470	0	0	30	0.02	1.0	recombination	phlag_dto_eap01_ena4_fesp001_ex	N295	recombination_suppression	3.9126901626586914
1279	191	30	0	0.02	1.0	recombination	phlag_dto_eap01_ena4_fesp001	N295	recombination_suppression	3.9126901626586914
1349	1	0	150	0.1	1.0	recombination	phlag_dto_eap01_ena4_fesp001_ex	N677	recombination_suppression	2.322789192199707
1350	0	150	0	0.1	1.0	recombination	phlag_dto_eap01_ena4_fesp001	N677	recombination_suppression	2.322789192199707
985	215	300	0	0.2	1.0	recombination	phlag_dto_eap01_ena4_fesp001_ex	N722	recombination_suppression	5.287292957305908
1200	0	300	0	0.2	1.0	recombination	phlag_dto_eap01_ena4_fesp001	N722	recombination_suppression	5.287292957305908
1275	0	1	224	0.15	1.0	recombination	phlag_dto_eap01_ena4_fesp001_ex	N296	recombination_suppression	2.71803617477417
1222	53	0	225	0.15	1.0	recombination	phlag_dto_eap01_ena4_fesp001	N296	recombination_suppression	2.71803617477417
1168	107	98	127	0.15	1.0	recombination	phlag_dto_eap01_ena4_fesp001_ex	N533	recombination_suppression	0.09532766044139862
1254	21	225	0	0.15	1.0	recombination	phlag_dto_eap01_ena4_fesp001	N533	recombination_suppression	0.09532766044139862
1350	0	2	148	0.1	1.0	recombination	phlag_dto_eap01_ena4_fesp001_ex	N296	recombination_suppression	2.7644729614257812
1350	0	150	0	0.1	1.0	recombination	phlag_dto_eap01_ena4_fesp001	N296	recombination_suppression	2.7644729614257812
986	484	30	0	0.02	1.0	recombination	phlag_dto_eap01_ena4_fesp001_ex	N252	recombination_suppression	0.24542388319969177
1470	0	30	0	0.02	1.0	recombination	phlag_dto_eap01_ena4_fesp001	N252	recombination_suppression	0.24542388319969177
1011	114	99	276	0.25	1.0	recombination	phlag_dto_eap01_ena4_fesp001_ex	N477	recombination_suppression	2.694638252258301
1125	0	375	0	0.25	1.0	recombination	phlag_dto_eap01_ena4_fesp001	N477	recombination_suppression	2.694638252258301
1469	1	0	30	0.02	1.0	recombination	phlag_dto_eap01_ena4_fesp001_ex	N576	recombination_suppression	0.3243682384490967
1469	1	0	30	0.02	1.0	recombination	phlag_dto_eap01_ena4_fesp001	N576	recombination_suppression	0.3243682384490967
1238	232	30	0	0.02	1.0	recombination	phlag_dto_eap01_ena4_fesp001_ex	N499	recombination_suppression	0.08457770198583603
1470	0	30	0	0.02	1.0	recombination	phlag_dto_eap01_ena4_fesp001	N499	recombination_suppression	0.08457770198583603
1194	6	1	299	0.2	1.0	recombination	phlag_dto_eap01_ena4_fesp001_ex	N677	recombination_suppression	2.3645339012145996
1200	0	300	0	0.2	1.0	recombination	phlag_dto_eap01_ena4_fesp001	N677	recombination_suppression	2.3645339012145996
1125	0	375	0	0.25	1.0	recombination	phlag_dto_eap01_ena4_fesp001	N722	recombination_suppression	5.586048126220703
1387	83	30	0	0.02	1.0	recombination	phlag_dto_eap01_ena4_fesp001_ex	N717	recombination_suppression	0.14409464597702026
1390	80	30	0	0.02	1.0	recombination	phlag_dto_eap01_ena4_fesp001	N717	recombination_suppression	0.14409464597702026
1350	0	150	0	0.1	1.0	recombination	phlag_dto_eap01_ena4_fesp001_ex	N211	recombination_suppression	2.5271735191345215
1350	0	150	0	0.1	1.0	recombination	phlag_dto_eap01_ena4_fesp001	N211	recombination_suppression	2.5271735191345215
1166	34	2	298	0.2	1.0	recombination	phlag_dto_eap01_ena4_fesp001_ex	N682	recombination_suppression	5.521332263946533
1200	0	300	0	0.2	1.0	recombination	phlag_dto_eap01_ena4_fesp001	N682	recombination_suppression	5.521332263946533
1345	5	10	140	0.1	1.0	recombination	phlag_dto_eap01_ena4_fesp001_ex	N499	recombination_suppression	0.1215345561504364
1343	7	4	146	0.1	1.0	recombination	phlag_dto_eap01_ena4_fesp001	N499	recombination_suppression	0.1215345561504364
1143	282	23	52	0.05	1.0	recombination	phlag_dto_eap01_ena4_fesp001_ex	N202	recombination_suppression	0.0023841646034270525
1413	12	75	0	0.05	1.0	recombination	phlag_dto_eap01_ena4_fesp001	N202	recombination_suppression	0.0023841646034270525
1200	0	0	300	0.2	1.0	recombination	phlag_dto_eap01_ena4_fesp001_ex	N678	recombination_suppression	1.3592493534088135
1195	5	0	300	0.2	1.0	recombination	phlag_dto_eap01_ena4_fesp001	N678	recombination_suppression	1.3592493534088135
1200	0	6	294	0.2	1.0	recombination	phlag_dto_eap01_ena4_fesp001_ex	N428	recombination_suppression	1.4095977544784546
750	450	264	36	0.2	1.0	recombination	phlag_dto_eap01_ena4_fesp001	N428	recombination_suppression	1.4095977544784546
1285	65	150	0	0.1	1.0	recombination	phlag_dto_eap01_ena4_fesp001_ex	N550	recombination_suppression	4.420598983764648
956	394	84	66	0.1	1.0	recombination	phlag_dto_eap01_ena4_fesp001	N550	recombination_suppression	4.420598983764648
1273	2	0	225	0.15	1.0	recombination	phlag_dto_eap01_ena4_fesp001_ex	N211	recombination_suppression	2.539644956588745
1275	0	225	0	0.15	1.0	recombination	phlag_dto_eap01_ena4_fesp001	N211	recombination_suppression	2.539644956588745
1200	0	0	300	0.2	1.0	recombination	phlag_dto_eap01_ena4_fesp001_ex	N115	recombination_suppression	2.800283908843994
1182	18	0	300	0.2	1.0	recombination	phlag_dto_eap01_ena4_fesp001	N115	recombination_suppression	2.800283908843994
1124	1	1	374	0.25	1.0	recombination	phlag_dto_eap01_ena4_fesp001_ex	N296	recombination_suppression	2.857452630996704
1095	30	0	375	0.25	1.0	recombination	phlag_dto_eap01_ena4_fesp001	N296	recombination_suppression	2.857452630996704
906	444	150	0	0.1	1.0	recombination	phlag_dto_eap01_ena4_fesp001_ex	N252	recombination_suppression	0.2646932303905487
1350	0	150	0	0.1	1.0	recombination	phlag_dto_eap01_ena4_fesp001	N252	recombination_suppression	0.2646932303905487
1194	6	45	255	0.2	1.0	recombination	phlag_dto_eap01_ena4_fesp001_ex	N499	recombination_suppression	0.1689511090517044
1178	22	37	263	0.2	1.0	recombination	phlag_dto_eap01_ena4_fesp001	N499	recombination_suppression	0.1689511090517044
1078	197	0	225	0.15	1.0	recombination	phlag_dto_eap01_ena4_fesp001_ex	N252	recombination_suppression	0.27254557609558105
1275	0	225	0	0.15	1.0	recombination	phlag_dto_eap01_ena4_fesp001	N252	recombination_suppression	0.27254557609558105
1398	27	0	75	0.05	1.0	recombination	phlag_dto_eap01_ena4_fesp001_ex	N428	recombination_suppression	1.3677188158035278
869	556	75	0	0.05	1.0	recombination	phlag_dto_eap01_ena4_fesp001	N428	recombination_suppression	1.3677188158035278
1275	0	1	224	0.15	1.0	recombination	phlag_dto_eap01_ena4_fesp001_ex	N396	recombination_suppression	0.2108098417520523
1265	10	0	225	0.15	1.0	recombination	phlag_dto_eap01_ena4_fesp001	N396	recombination_suppression	0.2108098417520523
1183	17	1	299	0.2	1.0	recombination	phlag_dto_eap01_ena4_fesp001_ex	N543	recombination_suppression	3.1927390098571777
1200	0	300	0	0.2	1.0	recombination	phlag_dto_eap01_ena4_fesp001	N543	recombination_suppression	3.1927390098571777
1276	194	30	0	0.02	1.0	recombination	phlag_dto_eap01_ena4_fesp001_ex	N477	recombination_suppression	2.557947874069214
1470	0	30	0	0.02	1.0	recombination	phlag_dto_eap01_ena4_fesp001	N477	recombination_suppression	2.557947874069214
1386	39	75	0	0.05	1.0	recombination	phlag_dto_eap01_ena4_fesp001_ex	N564	recombination_suppression	0.26194706559181213
1425	0	75	0	0.05	1.0	recombination	phlag_dto_eap01_ena4_fesp001	N564	recombination_suppression	0.26194706559181213
715	710	54	21	0.05	1.0	recombination	phlag_dto_eap01_ena4_fesp001_ex	N416	recombination_suppression	1.1338361501693726
1343	82	75	0	0.05	1.0	recombination	phlag_dto_eap01_ena4_fesp001	N416	recombination_suppression	1.1338361501693726
928	272	255	45	0.2	1.0	recombination	phlag_dto_eap01_ena4_fesp001_ex	N477	recombination_suppression	2.644644260406494
1191	9	300	0	0.2	1.0	recombination	phlag_dto_eap01_ena4_fesp001	N477	recombination_suppression	2.644644260406494
842	433	138	87	0.15	1.0	recombination	phlag_dto_eap01_ena4_fesp001_ex	N477	recombination_suppression	2.5558645725250244
1275	0	225	0	0.15	1.0	recombination	phlag_dto_eap01_ena4_fesp001	N477	recombination_suppression	2.5558645725250244
1425	0	1	74	0.05	1.0	recombination	phlag_dto_eap01_ena4_fesp001_ex	N125	recombination_suppression	5.065239429473877
1425	0	75	0	0.05	1.0	recombination	phlag_dto_eap01_ena4_fesp001	N125	recombination_suppression	5.065239429473877
870	600	29	1	0.02	1.0	recombination	phlag_dto_eap01_ena4_fesp001_ex	N202	recombination_suppression	0.0012056940468028188
1436	34	30	0	0.02	1.0	recombination	phlag_dto_eap01_ena4_fesp001	N202	recombination_suppression	0.0012056940468028188
1200	0	0	300	0.2	1.0	recombination	phlag_dto_eap01_ena4_fesp001_ex	N576	recombination_suppression	0.5126041769981384
1197	3	0	300	0.2	1.0	recombination	phlag_dto_eap01_ena4_fesp001	N576	recombination_suppression	0.5126041769981384
776	349	323	52	0.25	1.0	recombination	phlag_dto_eap01_ena4_fesp001_ex	N202	recombination_suppression	0.021498285233974457
1004	121	320	55	0.25	1.0	recombination	phlag_dto_eap01_ena4_fesp001	N202	recombination_suppression	0.021498285233974457
1040	430	30	0	0.02	1.0	recombination	phlag_dto_eap01_ena4_fesp001_ex	N416	recombination_suppression	1.1493901014328003
1388	82	30	0	0.02	1.0	recombination	phlag_dto_eap01_ena4_fesp001	N416	recombination_suppression	1.1493901014328003
1350	0	150	0	0.1	1.0	recombination	phlag_dto_eap01_ena4_fesp001_ex	N71	recombination_suppression	6.215261936187744
1350	0	150	0	0.1	1.0	recombination	phlag_dto_eap01_ena4_fesp001	N71	recombination_suppression	6.215261936187744
1316	109	0	75	0.05	1.0	recombination	phlag_dto_eap01_ena4_fesp001_ex	N228	recombination_suppression	3.7410361766815186
1398	27	75	0	0.05	1.0	recombination	phlag_dto_eap01_ena4_fesp001	N228	recombination_suppression	3.7410361766815186
1441	29	0	30	0.02	1.0	recombination	phlag_dto_eap01_ena4_fesp001_ex	N555	recombination_suppression	0.9367420673370361
1202	268	30	0	0.02	1.0	recombination	phlag_dto_eap01_ena4_fesp001	N555	recombination_suppression	0.9367420673370361
1423	2	0	75	0.05	1.0	recombination	phlag_dto_eap01_ena4_fesp001_ex	N295	recombination_suppression	4.018052101135254
1425	0	75	0	0.05	1.0	recombination	phlag_dto_eap01_ena4_fesp001	N295	recombination_suppression	4.018052101135254
1121	4	0	375	0.25	1.0	recombination	phlag_dto_eap01_ena4_fesp001_ex	N295	recombination_suppression	4.1203293800354
1125	0	375	0	0.25	1.0	recombination	phlag_dto_eap01_ena4_fesp001	N295	recombination_suppression	4.1203293800354
1116	9	0	375	0.25	1.0	recombination	phlag_dto_eap01_ena4_fesp001_ex	N211	recombination_suppression	2.6050732135772705
1056	69	0	375	0.25	1.0	recombination	phlag_dto_eap01_ena4_fesp001	N211	recombination_suppression	2.6050732135772705
1470	0	1	29	0.02	1.0	recombination	phlag_dto_eap01_ena4_fesp001_ex	N115	recombination_suppression	2.5909323692321777
819	651	0	30	0.02	1.0	recombination	phlag_dto_eap01_ena4_fesp001	N115	recombination_suppression	2.5909323692321777
1121	4	4	371	0.25	1.0	recombination	phlag_dto_eap01_ena4_fesp001_ex	N428	recombination_suppression	1.4263412952423096
884	241	264	111	0.25	1.0	recombination	phlag_dto_eap01_ena4_fesp001	N428	recombination_suppression	1.4263412952423096
1425	0	8	67	0.05	1.0	recombination	phlag_dto_eap01_ena4_fesp001_ex	N499	recombination_suppression	0.09143881499767303
1425	0	10	65	0.05	1.0	recombination	phlag_dto_eap01_ena4_fesp001	N499	recombination_suppression	0.09143881499767303
1106	19	3	372	0.25	1.0	recombination	phlag_dto_eap01_ena4_fesp001_ex	N396	recombination_suppression	0.2737787663936615
1115	10	8	367	0.25	1.0	recombination	phlag_dto_eap01_ena4_fesp001	N396	recombination_suppression	0.2737787663936615
705	645	60	90	0.1	1.0	recombination	phlag_dto_eap01_ena4_fesp001_ex	N533	recombination_suppression	0.10218383371829987
1297	53	150	0	0.1	1.0	recombination	phlag_dto_eap01_ena4_fesp001	N533	recombination_suppression	0.10218383371829987
1470	0	30	0	0.02	1.0	recombination	phlag_dto_eap01_ena4_fesp001_ex	N211	recombination_suppression	2.3657894134521484
1470	0	30	0	0.02	1.0	recombination	phlag_dto_eap01_ena4_fesp001	N211	recombination_suppression	2.3657894134521484
1418	7	3	72	0.05	1.0	recombination	phlag_dto_eap01_ena4_fesp001_ex	N677	recombination_suppression	2.263523578643799
1425	0	75	0	0.05	1.0	recombination	phlag_dto_eap01_ena4_fesp001	N677	recombination_suppression	2.263523578643799
1465	5	3	27	0.02	1.0	recombination	phlag_dto_eap01_ena4_fesp001_ex	N678	recombination_suppression	1.2455474138259888
1470	0	30	0	0.02	1.0	recombination	phlag_dto_eap01_ena4_fesp001	N678	recombination_suppression	1.2455474138259888
1350	0	0	150	0.1	1.0	recombination	phlag_dto_eap01_ena4_fesp001_ex	N115	recombination_suppression	2.6387219429016113
1160	190	150	0	0.1	1.0	recombination	phlag_dto_eap01_ena4_fesp001	N115	recombination_suppression	2.6387219429016113
692	658	150	0	0.1	1.0	recombination	phlag_dto_eap01_ena4_fesp001_ex	N349	recombination_suppression	0.21629884839057922
1281	69	150	0	0.1	1.0	recombination	phlag_dto_eap01_ena4_fesp001	N349	recombination_suppression	0.21629884839057922
1470	0	30	0	0.02	1.0	recombination	phlag_dto_eap01_ena4_fesp001	N722	recombination_suppression	5.287292957305908
1420	5	0	75	0.05	1.0	recombination	phlag_dto_eap01_ena4_fesp001_ex	N543	recombination_suppression	3.015212059020996
1108	317	0	75	0.05	1.0	recombination	phlag_dto_eap01_ena4_fesp001	N543	recombination_suppression	3.015212059020996
1345	5	4	146	0.1	1.0	recombination	phlag_dto_eap01_ena4_fesp001_ex	N428	recombination_suppression	1.4242370128631592
1048	302	150	0	0.1	1.0	recombination	phlag_dto_eap01_ena4_fesp001	N428	recombination_suppression	1.4242370128631592
1350	0	150	0	0.1	1.0	recombination	phlag_dto_eap01_ena4_fesp001	N722	recombination_suppression	5.287292957305908
1237	38	41	184	0.15	1.0	recombination	phlag_dto_eap01_ena4_fesp001_ex	N550	recombination_suppression	4.6067728996276855
1207	68	225	0	0.15	1.0	recombination	phlag_dto_eap01_ena4_fesp001	N550	recombination_suppression	4.6067728996276855
1125	0	101	274	0.25	1.0	recombination	phlag_dto_eap01_ena4_fesp001_ex	N564	recombination_suppression	0.30586349964141846
1125	0	93	282	0.25	1.0	recombination	phlag_dto_eap01_ena4_fesp001	N564	recombination_suppression	0.30586349964141846
1125	0	1	374	0.25	1.0	recombination	phlag_dto_eap01_ena4_fesp001_ex	N677	recombination_suppression	2.4888341426849365
1089	36	0	375	0.25	1.0	recombination	phlag_dto_eap01_ena4_fesp001	N677	recombination_suppression	2.4888341426849365
1192	8	14	286	0.2	1.0	recombination	phlag_dto_eap01_ena4_fesp001_ex	N564	recombination_suppression	0.296518474817276
1200	0	43	257	0.2	1.0	recombination	phlag_dto_eap01_ena4_fesp001	N564	recombination_suppression	0.296518474817276
1425	0	75	0	0.05	1.0	recombination	phlag_dto_eap01_ena4_fesp001_ex	N682	recombination_suppression	5.515138626098633
1425	0	75	0	0.05	1.0	recombination	phlag_dto_eap01_ena4_fesp001	N682	recombination_suppression	5.515138626098633
1072	53	23	352	0.25	1.0	recombination	phlag_dto_eap01_ena4_fesp001_ex	N252	recombination_suppression	0.29997241497039795
1125	0	99	276	0.25	1.0	recombination	phlag_dto_eap01_ena4_fesp001	N252	recombination_suppression	0.29997241497039795
1125	0	0	375	0.25	1.0	recombination	phlag_dto_eap01_ena4_fesp001_ex	N555	recombination_suppression	1.1540324687957764
1122	3	4	371	0.25	1.0	recombination	phlag_dto_eap01_ena4_fesp001	N555	recombination_suppression	1.1540324687957764
1256	19	5	220	0.15	1.0	recombination	phlag_dto_eap01_ena4_fesp001_ex	N228	recombination_suppression	3.817655563354492
1275	0	225	0	0.15	1.0	recombination	phlag_dto_eap01_ena4_fesp001	N228	recombination_suppression	3.817655563354492
1119	6	1	374	0.25	1.0	recombination	phlag_dto_eap01_ena4_fesp001_ex	N228	recombination_suppression	3.838515520095825
402	723	375	0	0.25	1.0	recombination	phlag_dto_eap01_ena4_fesp001	N228	recombination_suppression	3.838515520095825
1425	0	1	74	0.05	1.0	recombination	phlag_dto_eap01_ena4_fesp001_ex	N686	recombination_suppression	0.4851698875427246
1422	3	0	75	0.05	1.0	recombination	phlag_dto_eap01_ena4_fesp001	N686	recombination_suppression	0.4851698875427246
855	345	300	0	0.2	1.0	recombination	phlag_dto_eap01_ena4_fesp001_ex	N416	recombination_suppression	1.1366989612579346
1016	184	300	0	0.2	1.0	recombination	phlag_dto_eap01_ena4_fesp001	N416	recombination_suppression	1.1366989612579346
1200	0	300	0	0.2	1.0	recombination	phlag_dto_eap01_ena4_fesp001_ex	N71	recombination_suppression	5.809811592102051
1200	0	300	0	0.2	1.0	recombination	phlag_dto_eap01_ena4_fesp001	N71	recombination_suppression	5.809811592102051
1034	391	75	0	0.05	1.0	recombination	phlag_dto_eap01_ena4_fesp001_ex	N252	recombination_suppression	0.24536734819412231
1425	0	75	0	0.05	1.0	recombination	phlag_dto_eap01_ena4_fesp001	N252	recombination_suppression	0.24536734819412231
1327	23	0	150	0.1	1.0	recombination	phlag_dto_eap01_ena4_fesp001_ex	N564	recombination_suppression	0.2775752544403076
1350	0	150	0	0.1	1.0	recombination	phlag_dto_eap01_ena4_fesp001	N564	recombination_suppression	0.2775752544403076
1270	5	11	214	0.15	1.0	recombination	phlag_dto_eap01_ena4_fesp001_ex	N499	recombination_suppression	0.15555599331855774
1254	21	4	221	0.15	1.0	recombination	phlag_dto_eap01_ena4_fesp001	N499	recombination_suppression	0.15555599331855774
724	401	271	104	0.25	1.0	recombination	phlag_dto_eap01_ena4_fesp001_ex	N416	recombination_suppression	1.1248910427093506
1043	82	375	0	0.25	1.0	recombination	phlag_dto_eap01_ena4_fesp001	N416	recombination_suppression	1.1248910427093506
1425	0	75	0	0.05	1.0	recombination	phlag_dto_eap01_ena4_fesp001_ex	N211	recombination_suppression	2.3764915466308594
1425	0	75	0	0.05	1.0	recombination	phlag_dto_eap01_ena4_fesp001	N211	recombination_suppression	2.3764915466308594
1274	1	4	221	0.15	1.0	recombination	phlag_dto_eap01_ena4_fesp001_ex	N543	recombination_suppression	3.079242706298828
1275	0	225	0	0.15	1.0	recombination	phlag_dto_eap01_ena4_fesp001	N543	recombination_suppression	3.079242706298828
1200	0	0	300	0.2	1.0	recombination	phlag_dto_eap01_ena4_fesp001_ex	N125	recombination_suppression	4.918266773223877
1200	0	300	0	0.2	1.0	recombination	phlag_dto_eap01_ena4_fesp001	N125	recombination_suppression	4.918266773223877
1470	0	30	0	0.02	1.0	recombination	phlag_dto_eap01_ena4_fesp001_ex	N71	recombination_suppression	5.809811592102051
1470	0	30	0	0.02	1.0	recombination	phlag_dto_eap01_ena4_fesp001	N71	recombination_suppression	5.809811592102051
795	675	0	30	0.02	1.0	recombination	phlag_dto_eap01_ena4_fesp001_ex	N533	recombination_suppression	0.09452997148036957
1446	24	30	0	0.02	1.0	recombination	phlag_dto_eap01_ena4_fesp001	N533	recombination_suppression	0.09452997148036957
1350	0	0	150	0.1	1.0	recombination	phlag_dto_eap01_ena4_fesp001_ex	N686	recombination_suppression	0.5385261178016663
1345	5	0	150	0.1	1.0	recombination	phlag_dto_eap01_ena4_fesp001	N686	recombination_suppression	0.5385261178016663
1266	9	2	223	0.15	1.0	recombination	phlag_dto_eap01_ena4_fesp001_ex	N555	recombination_suppression	1.0553929805755615
1229	46	3	222	0.15	1.0	recombination	phlag_dto_eap01_ena4_fesp001	N555	recombination_suppression	1.0553929805755615
1425	0	0	75	0.05	1.0	recombination	phlag_dto_eap01_ena4_fesp001_ex	N115	recombination_suppression	2.59315824508667
771	654	75	0	0.05	1.0	recombination	phlag_dto_eap01_ena4_fesp001	N115	recombination_suppression	2.59315824508667
1040	310	150	0	0.1	1.0	recombination	phlag_dto_eap01_ena4_fesp001_ex	N477	recombination_suppression	2.6000216007232666
1350	0	150	0	0.1	1.0	recombination	phlag_dto_eap01_ena4_fesp001	N477	recombination_suppression	2.6000216007232666
1470	0	1	29	0.02	1.0	recombination	phlag_dto_eap01_ena4_fesp001_ex	N296	recombination_suppression	2.5902907848358154
1470	0	30	0	0.02	1.0	recombination	phlag_dto_eap01_ena4_fesp001	N296	recombination_suppression	2.5902907848358154
1275	0	1	224	0.15	1.0	recombination	phlag_dto_eap01_ena4_fesp001_ex	N686	recombination_suppression	0.571601390838623
1275	0	0	225	0.15	1.0	recombination	phlag_dto_eap01_ena4_fesp001	N686	recombination_suppression	0.571601390838623
1470	0	0	30	0.02	1.0	recombination	phlag_dto_eap01_ena4_fesp001_ex	N125	recombination_suppression	4.918266773223877
1470	0	30	0	0.02	1.0	recombination	phlag_dto_eap01_ena4_fesp001	N125	recombination_suppression	4.918266773223877
1125	0	0	375	0.25	1.0	recombination	phlag_dto_eap01_ena4_fesp001_ex	N576	recombination_suppression	0.5748982429504395
1116	9	2	373	0.25	1.0	recombination	phlag_dto_eap01_ena4_fesp001	N576	recombination_suppression	0.5748982429504395
1275	0	0	225	0.15	1.0	recombination	phlag_dto_eap01_ena4_fesp001_ex	N576	recombination_suppression	0.46296215057373047
1274	1	0	225	0.15	1.0	recombination	phlag_dto_eap01_ena4_fesp001	N576	recombination_suppression	0.46296215057373047
1309	161	30	0	0.02	1.0	recombination	phlag_dto_eap01_ena4_fesp001_ex	N228	recombination_suppression	3.6602892875671387
1470	0	30	0	0.02	1.0	recombination	phlag_dto_eap01_ena4_fesp001	N228	recombination_suppression	3.6602892875671387
1125	0	1	374	0.25	1.0	recombination	phlag_dto_eap01_ena4_fesp001_ex	N678	recombination_suppression	1.4941726922988892
1116	9	0	375	0.25	1.0	recombination	phlag_dto_eap01_ena4_fesp001	N678	recombination_suppression	1.4941726922988892
1125	0	0	375	0.25	1.0	recombination	phlag_dto_eap01_ena4_fesp001_ex	N125	recombination_suppression	4.962505340576172
1125	0	375	0	0.25	1.0	recombination	phlag_dto_eap01_ena4_fesp001	N125	recombination_suppression	4.962505340576172
1349	1	0	150	0.1	1.0	recombination	phlag_dto_eap01_ena4_fesp001_ex	N295	recombination_suppression	4.287380695343018
1350	0	150	0	0.1	1.0	recombination	phlag_dto_eap01_ena4_fesp001	N295	recombination_suppression	4.287380695343018
1275	0	0	225	0.15	1.0	recombination	phlag_dto_eap01_ena4_fesp001_ex	N115	recombination_suppression	2.7187652587890625
1123	152	0	225	0.15	1.0	recombination	phlag_dto_eap01_ena4_fesp001	N115	recombination_suppression	2.7187652587890625
1422	3	75	0	0.05	1.0	recombination	phlag_dto_eap01_ena4_fesp001_ex	N678	recombination_suppression	1.2790368795394897
1425	0	75	0	0.05	1.0	recombination	phlag_dto_eap01_ena4_fesp001	N678	recombination_suppression	1.2790368795394897
1339	11	0	150	0.1	1.0	recombination	phlag_dto_eap01_ena4_fesp001_ex	N555	recombination_suppression	1.0283653736114502
1325	25	0	150	0.1	1.0	recombination	phlag_dto_eap01_ena4_fesp001	N555	recombination_suppression	1.0283653736114502
1470	0	30	0	0.02	1.0	recombination	phlag_dto_eap01_ena4_fesp001_ex	N682	recombination_suppression	5.515138626098633
1470	0	30	0	0.02	1.0	recombination	phlag_dto_eap01_ena4_fesp001	N682	recombination_suppression	5.515138626098633
997	278	173	52	0.15	1.0	recombination	phlag_dto_eap01_ena4_fesp001_ex	N202	recombination_suppression	1e-06
1203	72	172	53	0.15	1.0	recombination	phlag_dto_eap01_ena4_fesp001	N202	recombination_suppression	1e-06
1425	0	1	74	0.05	1.0	recombination	phlag_dto_eap01_ena4_fesp001_ex	N296	recombination_suppression	2.6310436725616455
1425	0	75	0	0.05	1.0	recombination	phlag_dto_eap01_ena4_fesp001	N296	recombination_suppression	2.6310436725616455
771	429	51	249	0.2	1.0	recombination	phlag_dto_eap01_ena4_fesp001_ex	N533	recombination_suppression	0.09955326467752457
1142	58	300	0	0.2	1.0	recombination	phlag_dto_eap01_ena4_fesp001	N533	recombination_suppression	0.09955326467752457
1419	6	0	75	0.05	1.0	recombination	phlag_dto_eap01_ena4_fesp001_ex	N396	recombination_suppression	0.14746859669685364
1423	2	27	48	0.05	1.0	recombination	phlag_dto_eap01_ena4_fesp001	N396	recombination_suppression	0.14746859669685364
1349	1	1	149	0.1	1.0	recombination	phlag_dto_eap01_ena4_fesp001_ex	N543	recombination_suppression	3.057547092437744
1350	0	150	0	0.1	1.0	recombination	phlag_dto_eap01_ena4_fesp001	N543	recombination_suppression	3.057547092437744
1385	85	0	30	0.02	1.0	recombination	phlag_dto_eap01_ena4_fesp001_ex	N677	recombination_suppression	2.2350716590881348
1290	180	30	0	0.02	1.0	recombination	phlag_dto_eap01_ena4_fesp001	N677	recombination_suppression	2.2350716590881348
1197	3	0	300	0.2	1.0	recombination	phlag_dto_eap01_ena4_fesp001_ex	N228	recombination_suppression	3.7413339614868164
858	342	0	300	0.2	1.0	recombination	phlag_dto_eap01_ena4_fesp001	N228	recombination_suppression	3.7413339614868164
1200	0	0	300	0.2	1.0	recombination	phlag_dto_eap01_ena4_fesp001_ex	N555	recombination_suppression	1.1004279851913452
1200	0	4	296	0.2	1.0	recombination	phlag_dto_eap01_ena4_fesp001	N555	recombination_suppression	1.1004279851913452
1199	1	0	300	0.2	1.0	recombination	phlag_dto_eap01_ena4_fesp001_ex	N295	recombination_suppression	4.135831356048584
1200	0	300	0	0.2	1.0	recombination	phlag_dto_eap01_ena4_fesp001	N295	recombination_suppression	4.135831356048584
1275	0	225	0	0.15	1.0	recombination	phlag_dto_eap01_ena4_fesp001	N722	recombination_suppression	5.7555718421936035
1186	14	0	300	0.2	1.0	recombination	phlag_dto_eap01_ena4_fesp001_ex	N252	recombination_suppression	0.2910923361778259
1197	3	56	244	0.2	1.0	recombination	phlag_dto_eap01_ena4_fesp001	N252	recombination_suppression	0.2910923361778259
1425	0	0	75	0.05	1.0	recombination	phlag_dto_eap01_ena4_fesp001_ex	N576	recombination_suppression	0.35416314005851746
1420	5	0	75	0.05	1.0	recombination	phlag_dto_eap01_ena4_fesp001	N576	recombination_suppression	0.35416314005851746
785	640	39	36	0.05	1.0	recombination	phlag_dto_eap01_ena4_fesp001_ex	N349	recombination_suppression	0.22285352647304535
1407	18	75	0	0.05	1.0	recombination	phlag_dto_eap01_ena4_fesp001	N349	recombination_suppression	0.22285352647304535
1350	0	0	150	0.1	1.0	recombination	phlag_dto_eap01_ena4_fesp001_ex	N396	recombination_suppression	0.1702960580587387
1327	23	0	150	0.1	1.0	recombination	phlag_dto_eap01_ena4_fesp001	N396	recombination_suppression	0.1702960580587387
1111	14	0	375	0.25	1.0	recombination	phlag_dto_eap01_ena4_fesp001_ex	N550	recombination_suppression	4.603938102722168
1123	2	375	0	0.25	1.0	recombination	phlag_dto_eap01_ena4_fesp001	N550	recombination_suppression	4.603938102722168
1414	11	0	75	0.05	1.0	recombination	phlag_dto_eap01_ena4_fesp001_ex	N555	recombination_suppression	0.9478846788406372
1350	75	0	75	0.05	1.0	recombination	phlag_dto_eap01_ena4_fesp001	N555	recombination_suppression	0.9478846788406372
796	404	207	93	0.2	1.0	recombination	phlag_dto_eap01_ena4_fesp001_ex	N202	recombination_suppression	1e-06
1166	34	300	0	0.2	1.0	recombination	phlag_dto_eap01_ena4_fesp001	N202	recombination_suppression	1e-06
1350	0	0	150	0.1	1.0	recombination	phlag_dto_eap01_ena4_fesp001_ex	N576	recombination_suppression	0.39804133772850037
1349	1	6	144	0.1	1.0	recombination	phlag_dto_eap01_ena4_fesp001	N576	recombination_suppression	0.39804133772850037
1350	0	1	149	0.1	1.0	recombination	phlag_dto_eap01_ena4_fesp001_ex	N125	recombination_suppression	4.962505340576172
1350	0	150	0	0.1	1.0	recombination	phlag_dto_eap01_ena4_fesp001	N125	recombination_suppression	4.962505340576172
1348	2	150	0	0.1	1.0	recombination	phlag_dto_eap01_ena4_fesp001_ex	N228	recombination_suppression	3.660407543182373
1350	0	150	0	0.1	1.0	recombination	phlag_dto_eap01_ena4_fesp001	N228	recombination_suppression	3.660407543182373
1274	1	26	199	0.15	1.0	recombination	phlag_dto_eap01_ena4_fesp001_ex	N564	recombination_suppression	0.28828689455986023
1275	0	62	163	0.15	1.0	recombination	phlag_dto_eap01_ena4_fesp001	N564	recombination_suppression	0.28828689455986023
1350	0	0	150	0.1	1.0	recombination	phlag_dto_eap01_ena4_fesp001_ex	N678	recombination_suppression	1.3438302278518677
1341	9	0	150	0.1	1.0	recombination	phlag_dto_eap01_ena4_fesp001	N678	recombination_suppression	1.3438302278518677
1189	11	2	298	0.2	1.0	recombination	phlag_dto_eap01_ena4_fesp001_ex	N211	recombination_suppression	2.63249135017395
1118	82	0	300	0.2	1.0	recombination	phlag_dto_eap01_ena4_fesp001	N211	recombination_suppression	2.63249135017395
1208	67	225	0	0.15	1.0	recombination	phlag_dto_eap01_ena4_fesp001_ex	N416	recombination_suppression	1.1430246829986572
1193	82	225	0	0.15	1.0	recombination	phlag_dto_eap01_ena4_fesp001	N416	recombination_suppression	1.1430246829986572
1298	172	30	0	0.02	1.0	recombination	phlag_dto_eap01_ena4_fesp001_ex	N550	recombination_suppression	4.422459125518799
1470	0	30	0	0.02	1.0	recombination	phlag_dto_eap01_ena4_fesp001	N550	recombination_suppression	4.422459125518799
1125	0	42	333	0.25	1.0	recombination	phlag_dto_eap01_ena4_fesp001_ex	N499	recombination_suppression	0.18137867748737335
1109	16	37	338	0.25	1.0	recombination	phlag_dto_eap01_ena4_fesp001	N499	recombination_suppression	0.18137867748737335
1275	0	2	223	0.15	1.0	recombination	phlag_dto_eap01_ena4_fesp001_ex	N677	recombination_suppression	2.353989601135254
1205	70	0	225	0.15	1.0	recombination	phlag_dto_eap01_ena4_fesp001	N677	recombination_suppression	2.353989601135254
1125	0	0	375	0.25	1.0	recombination	phlag_dto_eap01_ena4_fesp001_ex	N686	recombination_suppression	0.6800633668899536
1124	1	0	375	0.25	1.0	recombination	phlag_dto_eap01_ena4_fesp001	N686	recombination_suppression	0.6800633668899536
1350	0	150	0	0.1	1.0	recombination	phlag_dto_eap01_ena4_fesp001_ex	N202	recombination_suppression	0.006711603607982397
1330	20	150	0	0.1	1.0	recombination	phlag_dto_eap01_ena4_fesp001	N202	recombination_suppression	0.006711603607982397
1273	2	1	224	0.15	1.0	recombination	phlag_dto_eap01_ena4_fesp001_ex	N682	recombination_suppression	5.8014960289001465
1275	0	225	0	0.15	1.0	recombination	phlag_dto_eap01_ena4_fesp001	N682	recombination_suppression	5.8014960289001465
1200	0	1	299	0.2	1.0	recombination	phlag_dto_eap01_ena4_fesp001_ex	N296	recombination_suppression	2.806553840637207
1200	0	300	0	0.2	1.0	recombination	phlag_dto_eap01_ena4_fesp001	N296	recombination_suppression	2.806553840637207
1135	65	0	300	0.2	1.0	recombination	phlag_dto_eap01_ena4_fesp001_ex	N550	recombination_suppression	4.423517227172852
1200	0	300	0	0.2	1.0	recombination	phlag_dto_eap01_ena4_fesp001	N550	recombination_suppression	4.423517227172852
609	516	192	183	0.25	1.0	recombination	phlag_dto_eap01_ena4_fesp001_ex	N349	recombination_suppression	0.23142050206661224
1056	69	375	0	0.25	1.0	recombination	phlag_dto_eap01_ena4_fesp001	N349	recombination_suppression	0.23142050206661224
1275	0	0	225	0.15	1.0	recombination	phlag_dto_eap01_ena4_fesp001_ex	N125	recombination_suppression	5.065239429473877
1275	0	225	0	0.15	1.0	recombination	phlag_dto_eap01_ena4_fesp001	N125	recombination_suppression	5.065239429473877
1200	0	0	300	0.2	1.0	recombination	phlag_dto_eap01_ena4_fesp001_ex	N686	recombination_suppression	0.6280315518379211
1199	1	0	300	0.2	1.0	recombination	phlag_dto_eap01_ena4_fesp001	N686	recombination_suppression	0.6280315518379211
1125	0	0	375	0.25	1.0	recombination	phlag_dto_eap01_ena4_fesp001_ex	N115	recombination_suppression	2.83939266204834
1003	122	0	375	0.25	1.0	recombination	phlag_dto_eap01_ena4_fesp001	N115	recombination_suppression	2.83939266204834
842	628	0	30	0.02	1.0	recombination	phlag_dto_eap01_ena4_fesp001_ex	N349	recombination_suppression	0.21671317517757416
1403	67	30	0	0.02	1.0	recombination	phlag_dto_eap01_ena4_fesp001	N349	recombination_suppression	0.21671317517757416
1342	83	75	0	0.05	1.0	recombination	phlag_dto_eap01_ena4_fesp001_ex	N717	recombination_suppression	0.1437646597623825
1390	35	75	0	0.05	1.0	recombination	phlag_dto_eap01_ena4_fesp001	N717	recombination_suppression	0.1437646597623825
1269	6	225	0	0.15	1.0	recombination	phlag_dto_eap01_ena4_fesp001_ex	N428	recombination_suppression	1.4084618091583252
981	294	225	0	0.15	1.0	recombination	phlag_dto_eap01_ena4_fesp001	N428	recombination_suppression	1.4084618091583252
616	659	225	0	0.15	1.0	recombination	phlag_dto_eap01_ena4_fesp001_ex	N349	recombination_suppression	0.21599949896335602
1208	67	225	0	0.15	1.0	recombination	phlag_dto_eap01_ena4_fesp001	N349	recombination_suppression	0.21599949896335602
1125	0	375	0	0.25	1.0	recombination	phlag_dto_eap01_ena4_fesp001_ex	N71	recombination_suppression	6.215261936187744
1125	0	375	0	0.25	1.0	recombination	phlag_dto_eap01_ena4_fesp001	N71	recombination_suppression	6.215261936187744
1125	0	2	373	0.25	1.0	recombination	phlag_dto_eap01_ena4_fesp001_ex	N682	recombination_suppression	5.8014960289001465
1125	0	375	0	0.25	1.0	recombination	phlag_dto_eap01_ena4_fesp001	N682	recombination_suppression	5.8014960289001465
1271	4	0	225	0.15	1.0	recombination	phlag_dto_eap01_ena4_fesp001_ex	N295	recombination_suppression	3.963981866836548
1084	191	225	0	0.15	1.0	recombination	phlag_dto_eap01_ena4_fesp001	N295	recombination_suppression	3.963981866836548
1275	0	2	223	0.15	1.0	recombination	phlag_dto_eap01_ena4_fesp001_ex	N678	recombination_suppression	1.3381354808807373
1269	6	22	203	0.15	1.0	recombination	phlag_dto_eap01_ena4_fesp001	N678	recombination_suppression	1.3381354808807373
1213	212	75	0	0.05	1.0	recombination	phlag_dto_eap01_ena4_fesp001_ex	N477	recombination_suppression	2.5523645877838135
1425	0	75	0	0.05	1.0	recombination	phlag_dto_eap01_ena4_fesp001	N477	recombination_suppression	2.5523645877838135
1200	0	300	0	0.2	1.0	recombination	phlag_dto_eap01_ena4_fesp001_ex	N717	recombination_suppression	0.1453751176595688
1165	35	300	0	0.2	1.0	recombination	phlag_dto_eap01_ena4_fesp001	N717	recombination_suppression	0.1453751176595688
1275	0	225	0	0.15	1.0	recombination	phlag_dto_eap01_ena4_fesp001_ex	N717	recombination_suppression	0.1517321914434433
1195	80	225	0	0.15	1.0	recombination	phlag_dto_eap01_ena4_fesp001	N717	recombination_suppression	0.1517321914434433
1425	0	75	0	0.05	1.0	recombination	phlag_dto_eap01_ena4_fesp001_ex	N71	recombination_suppression	5.809811592102051
1425	0	75	0	0.05	1.0	recombination	phlag_dto_eap01_ena4_fesp001	N71	recombination_suppression	5.809811592102051
1274	196	0	30	0.02	1.0	recombination	phlag_dto_eap01_ena4_fesp001_ex	N428	recombination_suppression	1.3559736013412476
1039	431	0	30	0.02	1.0	recombination	phlag_dto_eap01_ena4_fesp001	N428	recombination_suppression	1.3559736013412476
1124	1	3	372	0.25	1.0	recombination	phlag_dto_eap01_ena4_fesp001_ex	N543	recombination_suppression	3.1453516483306885
1125	0	375	0	0.25	1.0	recombination	phlag_dto_eap01_ena4_fesp001	N543	recombination_suppression	3.1453516483306885
814	611	0	75	0.05	1.0	recombination	phlag_dto_eap01_ena4_fesp001_ex	N533	recombination_suppression	0.0854184478521347
1404	21	75	0	0.05	1.0	recombination	phlag_dto_eap01_ena4_fesp001	N533	recombination_suppression	0.0854184478521347
934	416	150	0	0.1	1.0	recombination	phlag_dto_eap01_ena4_fesp001_ex	N416	recombination_suppression	1.1343319416046143
1268	82	150	0	0.1	1.0	recombination	phlag_dto_eap01_ena4_fesp001	N416	recombination_suppression	1.1343319416046143
1147	323	30	0	0.02	1.0	recombination	phlag_dto_eap01_ena4_fesp001_ex	N564	recombination_suppression	0.24526558816432953
1470	0	30	0	0.02	1.0	recombination	phlag_dto_eap01_ena4_fesp001	N564	recombination_suppression	0.24526558816432953
1060	65	147	228	0.25	1.0	recombination	phlag_dto_eap01_ena4_fesp001_ex	N461	recombination_increase	0.9493072032928467
1125	0	375	0	0.25	1.0	recombination	phlag_dto_eap01_ena4_fesp001	N461	recombination_increase	0.9493072032928467
1198	2	1	299	0.2	1.0	recombination	phlag_dto_eap01_ena4_fesp001_ex	N238	recombination_increase	0.14471296966075897
1166	34	0	300	0.2	1.0	recombination	phlag_dto_eap01_ena4_fesp001	N238	recombination_increase	0.14471296966075897
1425	0	75	0	0.05	1.0	recombination	phlag_dto_eap01_ena4_fesp001_ex	N716	recombination_increase	0.09170983731746674
1165	260	75	0	0.05	1.0	recombination	phlag_dto_eap01_ena4_fesp001	N716	recombination_increase	0.09170983731746674
1125	0	0	375	0.25	1.0	recombination	phlag_dto_eap01_ena4_fesp001_ex	N151	recombination_increase	2.131758689880371
1123	2	1	374	0.25	1.0	recombination	phlag_dto_eap01_ena4_fesp001	N151	recombination_increase	2.131758689880371
1200	0	1	299	0.2	1.0	recombination	phlag_dto_eap01_ena4_fesp001_ex	N639	recombination_increase	1.936718225479126
1047	153	300	0	0.2	1.0	recombination	phlag_dto_eap01_ena4_fesp001	N639	recombination_increase	1.936718225479126
860	340	181	119	0.2	1.0	recombination	phlag_dto_eap01_ena4_fesp001_ex	N274	recombination_increase	0.02474513277411461
1200	0	300	0	0.2	1.0	recombination	phlag_dto_eap01_ena4_fesp001	N274	recombination_increase	0.02474513277411461
1350	0	0	150	0.1	1.0	recombination	phlag_dto_eap01_ena4_fesp001_ex	N115	recombination_increase	2.5581419467926025
846	504	0	150	0.1	1.0	recombination	phlag_dto_eap01_ena4_fesp001	N115	recombination_increase	2.5581419467926025
1411	14	37	38	0.05	1.0	recombination	phlag_dto_eap01_ena4_fesp001_ex	N228	recombination_increase	3.6999130249023438
1425	0	75	0	0.05	1.0	recombination	phlag_dto_eap01_ena4_fesp001	N228	recombination_increase	3.6999130249023438
1200	0	1	299	0.2	1.0	recombination	phlag_dto_eap01_ena4_fesp001_ex	N703	recombination_increase	0.39585021138191223
1200	0	1	299	0.2	1.0	recombination	phlag_dto_eap01_ena4_fesp001	N703	recombination_increase	0.39585021138191223
1183	17	2	298	0.2	1.0	recombination	phlag_dto_eap01_ena4_fesp001_ex	N555	recombination_increase	1.1138070821762085
1165	35	21	279	0.2	1.0	recombination	phlag_dto_eap01_ena4_fesp001	N555	recombination_increase	1.1138070821762085
1117	83	300	0	0.2	1.0	recombination	phlag_dto_eap01_ena4_fesp001_ex	N407	recombination_increase	0.12894298136234283
925	275	300	0	0.2	1.0	recombination	phlag_dto_eap01_ena4_fesp001	N407	recombination_increase	0.12894298136234283
1425	0	0	75	0.05	1.0	recombination	phlag_dto_eap01_ena4_fesp001_ex	N115	recombination_increase	2.59315824508667
1235	190	75	0	0.05	1.0	recombination	phlag_dto_eap01_ena4_fesp001	N115	recombination_increase	2.59315824508667
1308	162	0	30	0.02	1.0	recombination	phlag_dto_eap01_ena4_fesp001_ex	N176	recombination_increase	0.5543429851531982
1441	29	0	30	0.02	1.0	recombination	phlag_dto_eap01_ena4_fesp001	N176	recombination_increase	0.5543429851531982
1275	0	0	225	0.15	1.0	recombination	phlag_dto_eap01_ena4_fesp001_ex	N188	recombination_increase	1.1554969549179077
1271	4	2	223	0.15	1.0	recombination	phlag_dto_eap01_ena4_fesp001	N188	recombination_increase	1.1554969549179077
1137	138	173	52	0.15	1.0	recombination	phlag_dto_eap01_ena4_fesp001_ex	N418	recombination_increase	0.2987448573112488
1275	0	225	0	0.15	1.0	recombination	phlag_dto_eap01_ena4_fesp001	N418	recombination_increase	0.2987448573112488
1425	0	2	73	0.05	1.0	recombination	phlag_dto_eap01_ena4_fesp001_ex	N249	recombination_increase	0.0743064284324646
1423	2	0	75	0.05	1.0	recombination	phlag_dto_eap01_ena4_fesp001	N249	recombination_increase	0.0743064284324646
905	520	0	75	0.05	1.0	recombination	phlag_dto_eap01_ena4_fesp001_ex	N274	recombination_increase	0.023783057928085327
1386	39	75	0	0.05	1.0	recombination	phlag_dto_eap01_ena4_fesp001	N274	recombination_increase	0.023783057928085327
1042	83	375	0	0.25	1.0	recombination	phlag_dto_eap01_ena4_fesp001_ex	N717	recombination_increase	0.1413992941379547
960	165	375	0	0.25	1.0	recombination	phlag_dto_eap01_ena4_fesp001	N717	recombination_increase	0.1413992941379547
1177	293	30	0	0.02	1.0	recombination	phlag_dto_eap01_ena4_fesp001_ex	N228	recombination_increase	3.6602892875671387
1443	27	30	0	0.02	1.0	recombination	phlag_dto_eap01_ena4_fesp001	N228	recombination_increase	3.6602892875671387
1414	11	0	75	0.05	1.0	recombination	phlag_dto_eap01_ena4_fesp001_ex	N174	recombination_increase	0.9979605674743652
1309	116	1	74	0.05	1.0	recombination	phlag_dto_eap01_ena4_fesp001	N174	recombination_increase	0.9979605674743652
1425	0	0	75	0.05	1.0	recombination	phlag_dto_eap01_ena4_fesp001_ex	N703	recombination_increase	0.217849999666214
1418	7	1	74	0.05	1.0	recombination	phlag_dto_eap01_ena4_fesp001	N703	recombination_increase	0.217849999666214
1125	0	2	373	0.25	1.0	recombination	phlag_dto_eap01_ena4_fesp001_ex	N115	recombination_increase	2.7547595500946045
1086	39	0	375	0.25	1.0	recombination	phlag_dto_eap01_ena4_fesp001	N115	recombination_increase	2.7547595500946045
947	403	150	0	0.1	1.0	recombination	phlag_dto_eap01_ena4_fesp001_ex	N690	recombination_increase	0.157368466258049
1327	23	150	0	0.1	1.0	recombination	phlag_dto_eap01_ena4_fesp001	N690	recombination_increase	0.157368466258049
1272	3	0	225	0.15	1.0	recombination	phlag_dto_eap01_ena4_fesp001_ex	N151	recombination_increase	2.0386528968811035
1220	55	1	224	0.15	1.0	recombination	phlag_dto_eap01_ena4_fesp001	N151	recombination_increase	2.0386528968811035
1156	269	39	36	0.05	1.0	recombination	phlag_dto_eap01_ena4_fesp001_ex	N418	recombination_increase	0.3005342483520508
1425	0	75	0	0.05	1.0	recombination	phlag_dto_eap01_ena4_fesp001	N418	recombination_increase	0.3005342483520508
1263	207	30	0	0.02	1.0	recombination	phlag_dto_eap01_ena4_fesp001_ex	N418	recombination_increase	0.29239463806152344
1470	0	30	0	0.02	1.0	recombination	phlag_dto_eap01_ena4_fesp001	N418	recombination_increase	0.29239463806152344
1017	333	0	150	0.1	1.0	recombination	phlag_dto_eap01_ena4_fesp001_ex	N238	recombination_increase	0.09766460955142975
1250	100	150	0	0.1	1.0	recombination	phlag_dto_eap01_ena4_fesp001	N238	recombination_increase	0.09766460955142975
804	666	0	30	0.02	1.0	recombination	phlag_dto_eap01_ena4_fesp001_ex	N690	recombination_increase	0.140524759888649
1447	23	30	0	0.02	1.0	recombination	phlag_dto_eap01_ena4_fesp001	N690	recombination_increase	0.140524759888649
1038	87	24	351	0.25	1.0	recombination	phlag_dto_eap01_ena4_fesp001_ex	N716	recombination_increase	0.12010899186134338
953	172	0	375	0.25	1.0	recombination	phlag_dto_eap01_ena4_fesp001	N716	recombination_increase	0.12010899186134338
1341	9	0	150	0.1	1.0	recombination	phlag_dto_eap01_ena4_fesp001_ex	N555	recombination_increase	1.0260065793991089
1312	38	42	108	0.1	1.0	recombination	phlag_dto_eap01_ena4_fesp001	N555	recombination_increase	1.0260065793991089
1470	0	1	29	0.02	1.0	recombination	phlag_dto_eap01_ena4_fesp001_ex	N249	recombination_increase	0.05300649255514145
1470	0	0	30	0.02	1.0	recombination	phlag_dto_eap01_ena4_fesp001	N249	recombination_increase	0.05300649255514145
1350	0	2	148	0.1	1.0	recombination	phlag_dto_eap01_ena4_fesp001_ex	N113	recombination_increase	2.847978353500366
1350	0	150	0	0.1	1.0	recombination	phlag_dto_eap01_ena4_fesp001	N113	recombination_increase	2.847978353500366
1200	0	10	290	0.2	1.0	recombination	phlag_dto_eap01_ena4_fesp001_ex	N187	recombination_increase	2.528465747833252
1188	12	18	282	0.2	1.0	recombination	phlag_dto_eap01_ena4_fesp001	N187	recombination_increase	2.528465747833252
1108	362	24	6	0.02	1.0	recombination	phlag_dto_eap01_ena4_fesp001_ex	N397	recombination_increase	0.807140588760376
1396	74	30	0	0.02	1.0	recombination	phlag_dto_eap01_ena4_fesp001	N397	recombination_increase	0.807140588760376
1178	97	225	0	0.15	1.0	recombination	phlag_dto_eap01_ena4_fesp001_ex	N407	recombination_increase	0.1328667551279068
1000	275	225	0	0.15	1.0	recombination	phlag_dto_eap01_ena4_fesp001	N407	recombination_increase	0.1328667551279068
1200	0	3	297	0.2	1.0	recombination	phlag_dto_eap01_ena4_fesp001_ex	N113	recombination_increase	2.9381299018859863
1200	0	300	0	0.2	1.0	recombination	phlag_dto_eap01_ena4_fesp001	N113	recombination_increase	2.9381299018859863
1350	0	150	0	0.1	1.0	recombination	phlag_dto_eap01_ena4_fesp001_ex	N716	recombination_increase	0.09528018534183502
1210	140	150	0	0.1	1.0	recombination	phlag_dto_eap01_ena4_fesp001	N716	recombination_increase	0.09528018534183502
1350	0	1	149	0.1	1.0	recombination	phlag_dto_eap01_ena4_fesp001_ex	N176	recombination_increase	0.6264398097991943
1349	1	1	149	0.1	1.0	recombination	phlag_dto_eap01_ena4_fesp001	N176	recombination_increase	0.6264398097991943
1120	5	4	371	0.25	1.0	recombination	phlag_dto_eap01_ena4_fesp001_ex	N665	recombination_increase	0.28969523310661316
1125	0	4	371	0.25	1.0	recombination	phlag_dto_eap01_ena4_fesp001	N665	recombination_increase	0.28969523310661316
1117	83	300	0	0.2	1.0	recombination	phlag_dto_eap01_ena4_fesp001_ex	N717	recombination_increase	0.13640916347503662
1165	35	300	0	0.2	1.0	recombination	phlag_dto_eap01_ena4_fesp001	N717	recombination_increase	0.13640916347503662
1200	0	1	299	0.2	1.0	recombination	phlag_dto_eap01_ena4_fesp001_ex	N249	recombination_increase	0.24762071669101715
1198	2	0	300	0.2	1.0	recombination	phlag_dto_eap01_ena4_fesp001	N249	recombination_increase	0.24762071669101715
1275	0	2	223	0.15	1.0	recombination	phlag_dto_eap01_ena4_fesp001_ex	N397	recombination_increase	0.8756588101387024
1175	100	225	0	0.15	1.0	recombination	phlag_dto_eap01_ena4_fesp001	N397	recombination_increase	0.8756588101387024
1200	0	300	0	0.2	1.0	recombination	phlag_dto_eap01_ena4_fesp001_ex	N716	recombination_increase	0.12878228724002838
1075	125	0	300	0.2	1.0	recombination	phlag_dto_eap01_ena4_fesp001	N716	recombination_increase	0.12878228724002838
1345	5	4	146	0.1	1.0	recombination	phlag_dto_eap01_ena4_fesp001_ex	N665	recombination_increase	0.13301320374011993
1350	0	4	146	0.1	1.0	recombination	phlag_dto_eap01_ena4_fesp001	N665	recombination_increase	0.13301320374011993
1470	0	30	0	0.02	1.0	recombination	phlag_dto_eap01_ena4_fesp001_ex	N71	recombination_increase	5.809811592102051
1470	0	30	0	0.02	1.0	recombination	phlag_dto_eap01_ena4_fesp001	N71	recombination_increase	5.809811592102051
1275	0	4	221	0.15	1.0	recombination	phlag_dto_eap01_ena4_fesp001_ex	N665	recombination_increase	0.20029230415821075
1275	0	5	220	0.15	1.0	recombination	phlag_dto_eap01_ena4_fesp001	N665	recombination_increase	0.20029230415821075
1350	0	0	150	0.1	1.0	recombination	phlag_dto_eap01_ena4_fesp001_ex	N125	recombination_increase	5.065239429473877
1350	0	150	0	0.1	1.0	recombination	phlag_dto_eap01_ena4_fesp001	N125	recombination_increase	5.065239429473877
1273	2	0	225	0.15	1.0	recombination	phlag_dto_eap01_ena4_fesp001_ex	N703	recombination_increase	0.3432953357696533
1274	1	1	224	0.15	1.0	recombination	phlag_dto_eap01_ena4_fesp001	N703	recombination_increase	0.3432953357696533
1118	7	1	374	0.25	1.0	recombination	phlag_dto_eap01_ena4_fesp001_ex	N238	recombination_increase	0.1634949892759323
1113	12	0	375	0.25	1.0	recombination	phlag_dto_eap01_ena4_fesp001	N238	recombination_increase	0.1634949892759323
682	743	75	0	0.05	1.0	recombination	phlag_dto_eap01_ena4_fesp001_ex	N397	recombination_increase	0.8215089440345764
1351	74	75	0	0.05	1.0	recombination	phlag_dto_eap01_ena4_fesp001	N397	recombination_increase	0.8215089440345764
1275	0	225	0	0.15	1.0	recombination	phlag_dto_eap01_ena4_fesp001_ex	N716	recombination_increase	0.09232661128044128
1015	260	225	0	0.15	1.0	recombination	phlag_dto_eap01_ena4_fesp001	N716	recombination_increase	0.09232661128044128
1271	4	0	225	0.15	1.0	recombination	phlag_dto_eap01_ena4_fesp001_ex	N555	recombination_increase	1.035791039466858
1266	9	0	225	0.15	1.0	recombination	phlag_dto_eap01_ena4_fesp001	N555	recombination_increase	1.035791039466858
1125	0	10	365	0.25	1.0	recombination	phlag_dto_eap01_ena4_fesp001_ex	N187	recombination_increase	2.591184139251709
956	169	375	0	0.25	1.0	recombination	phlag_dto_eap01_ena4_fesp001	N187	recombination_increase	2.591184139251709
947	253	153	147	0.2	1.0	recombination	phlag_dto_eap01_ena4_fesp001_ex	N690	recombination_increase	0.18387259542942047
1200	0	300	0	0.2	1.0	recombination	phlag_dto_eap01_ena4_fesp001	N690	recombination_increase	0.18387259542942047
1051	149	241	59	0.2	1.0	recombination	phlag_dto_eap01_ena4_fesp001_ex	N418	recombination_increase	0.3224376440048218
1200	0	300	0	0.2	1.0	recombination	phlag_dto_eap01_ena4_fesp001	N418	recombination_increase	0.3224376440048218
1420	5	0	75	0.05	1.0	recombination	phlag_dto_eap01_ena4_fesp001_ex	N282	recombination_increase	5.30086088180542
1425	0	75	0	0.05	1.0	recombination	phlag_dto_eap01_ena4_fesp001	N282	recombination_increase	5.30086088180542
1200	0	0	300	0.2	1.0	recombination	phlag_dto_eap01_ena4_fesp001_ex	N115	recombination_increase	2.8168582916259766
1041	159	0	300	0.2	1.0	recombination	phlag_dto_eap01_ena4_fesp001	N115	recombination_increase	2.8168582916259766
1275	0	0	225	0.15	1.0	recombination	phlag_dto_eap01_ena4_fesp001_ex	N115	recombination_increase	2.679156541824341
822	453	225	0	0.15	1.0	recombination	phlag_dto_eap01_ena4_fesp001	N115	recombination_increase	2.679156541824341
1118	7	0	375	0.25	1.0	recombination	phlag_dto_eap01_ena4_fesp001_ex	N639	recombination_increase	1.993354082107544
1118	7	100	275	0.25	1.0	recombination	phlag_dto_eap01_ena4_fesp001	N639	recombination_increase	1.993354082107544
1302	48	150	0	0.1	1.0	recombination	phlag_dto_eap01_ena4_fesp001_ex	N228	recombination_increase	3.784123659133911
1350	0	150	0	0.1	1.0	recombination	phlag_dto_eap01_ena4_fesp001	N228	recombination_increase	3.784123659133911
1200	0	0	300	0.2	1.0	recombination	phlag_dto_eap01_ena4_fesp001_ex	N125	recombination_increase	5.065239429473877
1200	0	300	0	0.2	1.0	recombination	phlag_dto_eap01_ena4_fesp001	N125	recombination_increase	5.065239429473877
1125	0	2	373	0.25	1.0	recombination	phlag_dto_eap01_ena4_fesp001_ex	N113	recombination_increase	3.016728401184082
1042	83	0	375	0.25	1.0	recombination	phlag_dto_eap01_ena4_fesp001	N113	recombination_increase	3.016728401184082
1350	0	3	147	0.1	1.0	recombination	phlag_dto_eap01_ena4_fesp001_ex	N397	recombination_increase	0.8398526310920715
1327	23	1	149	0.1	1.0	recombination	phlag_dto_eap01_ena4_fesp001	N397	recombination_increase	0.8398526310920715
1125	0	5	370	0.25	1.0	recombination	phlag_dto_eap01_ena4_fesp001_ex	N397	recombination_increase	0.9602257013320923
1113	12	2	373	0.25	1.0	recombination	phlag_dto_eap01_ena4_fesp001	N397	recombination_increase	0.9602257013320923
1197	3	4	296	0.2	1.0	recombination	phlag_dto_eap01_ena4_fesp001_ex	N709	recombination_increase	0.6720313429832458
1182	18	0	300	0.2	1.0	recombination	phlag_dto_eap01_ena4_fesp001	N709	recombination_increase	0.6720313429832458
1267	83	150	0	0.1	1.0	recombination	phlag_dto_eap01_ena4_fesp001_ex	N717	recombination_increase	0.14420321583747864
1315	35	150	0	0.1	1.0	recombination	phlag_dto_eap01_ena4_fesp001	N717	recombination_increase	0.14420321583747864
1125	0	375	0	0.25	1.0	recombination	phlag_dto_eap01_ena4_fesp001_ex	N71	recombination_increase	6.215261936187744
1125	0	375	0	0.25	1.0	recombination	phlag_dto_eap01_ena4_fesp001	N71	recombination_increase	6.215261936187744
1422	3	75	0	0.05	1.0	recombination	phlag_dto_eap01_ena4_fesp001_ex	N151	recombination_increase	1.9625680446624756
1341	84	75	0	0.05	1.0	recombination	phlag_dto_eap01_ena4_fesp001	N151	recombination_increase	1.9625680446624756
828	297	45	330	0.25	1.0	recombination	phlag_dto_eap01_ena4_fesp001_ex	N274	recombination_increase	0.0337962731719017
1125	0	375	0	0.25	1.0	recombination	phlag_dto_eap01_ena4_fesp001	N274	recombination_increase	0.0337962731719017
1398	27	0	75	0.05	1.0	recombination	phlag_dto_eap01_ena4_fesp001_ex	N639	recombination_increase	1.898616909980774
1272	153	75	0	0.05	1.0	recombination	phlag_dto_eap01_ena4_fesp001	N639	recombination_increase	1.898616909980774
1350	0	0	150	0.1	1.0	recombination	phlag_dto_eap01_ena4_fesp001_ex	N282	recombination_increase	5.802591323852539
1350	0	150	0	0.1	1.0	recombination	phlag_dto_eap01_ena4_fesp001	N282	recombination_increase	5.802591323852539
1416	9	4	71	0.05	1.0	recombination	phlag_dto_eap01_ena4_fesp001_ex	N555	recombination_increase	0.9961422085762024
1370	55	0	75	0.05	1.0	recombination	phlag_dto_eap01_ena4_fesp001	N555	recombination_increase	0.9961422085762024
559	566	375	0	0.25	1.0	recombination	phlag_dto_eap01_ena4_fesp001_ex	N690	recombination_increase	0.19918660819530487
1059	66	375	0	0.25	1.0	recombination	phlag_dto_eap01_ena4_fesp001	N690	recombination_increase	0.19918660819530487
1125	0	0	375	0.25	1.0	recombination	phlag_dto_eap01_ena4_fesp001_ex	N282	recombination_increase	5.802591323852539
1125	0	375	0	0.25	1.0	recombination	phlag_dto_eap01_ena4_fesp001	N282	recombination_increase	5.802591323852539
1273	2	0	225	0.15	1.0	recombination	phlag_dto_eap01_ena4_fesp001_ex	N174	recombination_increase	1.1006413698196411
1266	9	0	225	0.15	1.0	recombination	phlag_dto_eap01_ena4_fesp001	N174	recombination_increase	1.1006413698196411
1200	0	2	298	0.2	1.0	recombination	phlag_dto_eap01_ena4_fesp001_ex	N397	recombination_increase	0.9177764654159546
1187	13	0	300	0.2	1.0	recombination	phlag_dto_eap01_ena4_fesp001	N397	recombination_increase	0.9177764654159546
1125	0	1	374	0.25	1.0	recombination	phlag_dto_eap01_ena4_fesp001_ex	N703	recombination_increase	0.4667363464832306
1125	0	1	374	0.25	1.0	recombination	phlag_dto_eap01_ena4_fesp001	N703	recombination_increase	0.4667363464832306
1350	0	3	147	0.1	1.0	recombination	phlag_dto_eap01_ena4_fesp001_ex	N249	recombination_increase	0.13980770111083984
1350	0	0	150	0.1	1.0	recombination	phlag_dto_eap01_ena4_fesp001	N249	recombination_increase	0.13980770111083984
862	563	75	0	0.05	1.0	recombination	phlag_dto_eap01_ena4_fesp001_ex	N407	recombination_increase	0.11488562077283859
1150	275	75	0	0.05	1.0	recombination	phlag_dto_eap01_ena4_fesp001	N407	recombination_increase	0.11488562077283859
994	431	75	0	0.05	1.0	recombination	phlag_dto_eap01_ena4_fesp001_ex	N461	recombination_increase	0.9658437967300415
1327	98	75	0	0.05	1.0	recombination	phlag_dto_eap01_ena4_fesp001	N461	recombination_increase	0.9658437967300415
1195	5	5	295	0.2	1.0	recombination	phlag_dto_eap01_ena4_fesp001_ex	N665	recombination_increase	0.2504385709762573
1200	0	4	296	0.2	1.0	recombination	phlag_dto_eap01_ena4_fesp001	N665	recombination_increase	0.2504385709762573
1200	0	300	0	0.2	1.0	recombination	phlag_dto_eap01_ena4_fesp001_ex	N71	recombination_increase	5.809811592102051
1200	0	300	0	0.2	1.0	recombination	phlag_dto_eap01_ena4_fesp001	N71	recombination_increase	5.809811592102051
1337	13	0	150	0.1	1.0	recombination	phlag_dto_eap01_ena4_fesp001_ex	N639	recombination_increase	1.8920702934265137
1197	153	150	0	0.1	1.0	recombination	phlag_dto_eap01_ena4_fesp001	N639	recombination_increase	1.8920702934265137
1365	60	0	75	0.05	1.0	recombination	phlag_dto_eap01_ena4_fesp001_ex	N187	recombination_increase	2.4216949939727783
1425	0	75	0	0.05	1.0	recombination	phlag_dto_eap01_ena4_fesp001	N187	recombination_increase	2.4216949939727783
1125	0	0	375	0.25	1.0	recombination	phlag_dto_eap01_ena4_fesp001_ex	N125	recombination_increase	5.116664409637451
1125	0	375	0	0.25	1.0	recombination	phlag_dto_eap01_ena4_fesp001	N125	recombination_increase	5.116664409637451
1258	212	30	0	0.02	1.0	recombination	phlag_dto_eap01_ena4_fesp001_ex	N174	recombination_increase	0.9738669395446777
1268	202	30	0	0.02	1.0	recombination	phlag_dto_eap01_ena4_fesp001	N174	recombination_increase	0.9738669395446777
1197	273	30	0	0.02	1.0	recombination	phlag_dto_eap01_ena4_fesp001_ex	N461	recombination_increase	0.9728860259056091
1372	98	30	0	0.02	1.0	recombination	phlag_dto_eap01_ena4_fesp001	N461	recombination_increase	0.9728860259056091
1425	0	0	75	0.05	1.0	recombination	phlag_dto_eap01_ena4_fesp001_ex	N125	recombination_increase	4.918266773223877
1425	0	75	0	0.05	1.0	recombination	phlag_dto_eap01_ena4_fesp001	N125	recombination_increase	4.918266773223877
1425	0	2	73	0.05	1.0	recombination	phlag_dto_eap01_ena4_fesp001_ex	N113	recombination_increase	2.781287670135498
1425	0	75	0	0.05	1.0	recombination	phlag_dto_eap01_ena4_fesp001	N113	recombination_increase	2.781287670135498
1425	0	75	0	0.05	1.0	recombination	phlag_dto_eap01_ena4_fesp001_ex	N717	recombination_increase	0.14187587797641754
1390	35	75	0	0.05	1.0	recombination	phlag_dto_eap01_ena4_fesp001	N717	recombination_increase	0.14187587797641754
1200	0	1	299	0.2	1.0	recombination	phlag_dto_eap01_ena4_fesp001_ex	N174	recombination_increase	1.154458999633789
1194	6	0	300	0.2	1.0	recombination	phlag_dto_eap01_ena4_fesp001	N174	recombination_increase	1.154458999633789
1350	0	150	0	0.1	1.0	recombination	phlag_dto_eap01_ena4_fesp001_ex	N71	recombination_increase	5.809811592102051
1350	0	150	0	0.1	1.0	recombination	phlag_dto_eap01_ena4_fesp001	N71	recombination_increase	5.809811592102051
776	649	0	75	0.05	1.0	recombination	phlag_dto_eap01_ena4_fesp001_ex	N238	recombination_increase	0.08255919069051743
1325	100	75	0	0.05	1.0	recombination	phlag_dto_eap01_ena4_fesp001	N238	recombination_increase	0.08255919069051743
682	593	175	50	0.15	1.0	recombination	phlag_dto_eap01_ena4_fesp001_ex	N690	recombination_increase	0.16802705824375153
1167	108	225	0	0.15	1.0	recombination	phlag_dto_eap01_ena4_fesp001	N690	recombination_increase	0.16802705824375153
921	279	24	276	0.2	1.0	recombination	phlag_dto_eap01_ena4_fesp001_ex	N461	recombination_increase	0.9901239275932312
1102	98	300	0	0.2	1.0	recombination	phlag_dto_eap01_ena4_fesp001	N461	recombination_increase	0.9901239275932312
1457	13	0	30	0.02	1.0	recombination	phlag_dto_eap01_ena4_fesp001_ex	N151	recombination_increase	1.899849772453308
1386	84	30	0	0.02	1.0	recombination	phlag_dto_eap01_ena4_fesp001	N151	recombination_increase	1.899849772453308
1151	199	106	44	0.1	1.0	recombination	phlag_dto_eap01_ena4_fesp001_ex	N461	recombination_increase	0.9634153246879578
1267	83	150	0	0.1	1.0	recombination	phlag_dto_eap01_ena4_fesp001	N461	recombination_increase	0.9634153246879578
1125	0	116	259	0.25	1.0	recombination	phlag_dto_eap01_ena4_fesp001_ex	N418	recombination_increase	0.31286680698394775
1125	0	375	0	0.25	1.0	recombination	phlag_dto_eap01_ena4_fesp001	N418	recombination_increase	0.31286680698394775
1459	11	5	25	0.02	1.0	recombination	phlag_dto_eap01_ena4_fesp001_ex	N639	recombination_increase	1.8789303302764893
1470	0	30	0	0.02	1.0	recombination	phlag_dto_eap01_ena4_fesp001	N639	recombination_increase	1.8789303302764893
1387	83	30	0	0.02	1.0	recombination	phlag_dto_eap01_ena4_fesp001_ex	N717	recombination_increase	0.13674470782279968
1390	80	30	0	0.02	1.0	recombination	phlag_dto_eap01_ena4_fesp001	N717	recombination_increase	0.13674470782279968
1350	0	7	143	0.1	1.0	recombination	phlag_dto_eap01_ena4_fesp001_ex	N174	recombination_increase	1.0435373783111572
1284	66	150	0	0.1	1.0	recombination	phlag_dto_eap01_ena4_fesp001	N174	recombination_increase	1.0435373783111572
1470	0	0	30	0.02	1.0	recombination	phlag_dto_eap01_ena4_fesp001_ex	N125	recombination_increase	4.918266773223877
1470	0	30	0	0.02	1.0	recombination	phlag_dto_eap01_ena4_fesp001	N125	recombination_increase	4.918266773223877
1014	261	143	82	0.15	1.0	recombination	phlag_dto_eap01_ena4_fesp001_ex	N717	recombination_increase	0.1420920193195343
1108	167	215	10	0.15	1.0	recombination	phlag_dto_eap01_ena4_fesp001	N717	recombination_increase	0.1420920193195343
1041	429	25	5	0.02	1.0	recombination	phlag_dto_eap01_ena4_fesp001_ex	N238	recombination_increase	0.08491453528404236
1402	68	30	0	0.02	1.0	recombination	phlag_dto_eap01_ena4_fesp001	N238	recombination_increase	0.08491453528404236
1200	0	0	300	0.2	1.0	recombination	phlag_dto_eap01_ena4_fesp001_ex	N151	recombination_increase	2.116860866546631
1116	84	300	0	0.2	1.0	recombination	phlag_dto_eap01_ena4_fesp001	N151	recombination_increase	2.116860866546631
1425	0	75	0	0.05	1.0	recombination	phlag_dto_eap01_ena4_fesp001_ex	N71	recombination_increase	5.809811592102051
1425	0	75	0	0.05	1.0	recombination	phlag_dto_eap01_ena4_fesp001	N71	recombination_increase	5.809811592102051
1350	0	0	150	0.1	1.0	recombination	phlag_dto_eap01_ena4_fesp001_ex	N151	recombination_increase	1.9987802505493164
1266	84	150	0	0.1	1.0	recombination	phlag_dto_eap01_ena4_fesp001	N151	recombination_increase	1.9987802505493164
1273	2	0	225	0.15	1.0	recombination	phlag_dto_eap01_ena4_fesp001_ex	N282	recombination_increase	5.30086088180542
1275	0	225	0	0.15	1.0	recombination	phlag_dto_eap01_ena4_fesp001	N282	recombination_increase	5.30086088180542
1275	0	0	225	0.15	1.0	recombination	phlag_dto_eap01_ena4_fesp001_ex	N639	recombination_increase	1.892938256263733
1122	153	225	0	0.15	1.0	recombination	phlag_dto_eap01_ena4_fesp001	N639	recombination_increase	1.892938256263733
1200	0	1	299	0.2	1.0	recombination	phlag_dto_eap01_ena4_fesp001_ex	N176	recombination_increase	0.7384581565856934
1200	0	6	294	0.2	1.0	recombination	phlag_dto_eap01_ena4_fesp001	N176	recombination_increase	0.7384581565856934
825	645	0	30	0.02	1.0	recombination	phlag_dto_eap01_ena4_fesp001_ex	N188	recombination_increase	1.0086472034454346
1054	416	0	30	0.02	1.0	recombination	phlag_dto_eap01_ena4_fesp001	N188	recombination_increase	1.0086472034454346
1275	0	3	222	0.15	1.0	recombination	phlag_dto_eap01_ena4_fesp001_ex	N249	recombination_increase	0.18452613055706024
1273	2	0	225	0.15	1.0	recombination	phlag_dto_eap01_ena4_fesp001	N249	recombination_increase	0.18452613055706024
1214	256	0	30	0.02	1.0	recombination	phlag_dto_eap01_ena4_fesp001_ex	N187	recombination_increase	2.3884806632995605
1470	0	30	0	0.02	1.0	recombination	phlag_dto_eap01_ena4_fesp001	N187	recombination_increase	2.3884806632995605
1200	0	0	300	0.2	1.0	recombination	phlag_dto_eap01_ena4_fesp001_ex	N188	recombination_increase	1.1963108777999878
1173	27	0	300	0.2	1.0	recombination	phlag_dto_eap01_ena4_fesp001	N188	recombination_increase	1.1963108777999878
787	563	150	0	0.1	1.0	recombination	phlag_dto_eap01_ena4_fesp001_ex	N407	recombination_increase	0.12110011279582977
1075	275	150	0	0.1	1.0	recombination	phlag_dto_eap01_ena4_fesp001	N407	recombination_increase	0.12110011279582977
1425	0	4	71	0.05	1.0	recombination	phlag_dto_eap01_ena4_fesp001_ex	N709	recombination_increase	0.5107572078704834
1425	0	0	75	0.05	1.0	recombination	phlag_dto_eap01_ena4_fesp001	N709	recombination_increase	0.5107572078704834
1470	0	3	27	0.02	1.0	recombination	phlag_dto_eap01_ena4_fesp001_ex	N113	recombination_increase	2.781287670135498
1470	0	30	0	0.02	1.0	recombination	phlag_dto_eap01_ena4_fesp001	N113	recombination_increase	2.781287670135498
1152	198	0	150	0.1	1.0	recombination	phlag_dto_eap01_ena4_fesp001_ex	N274	recombination_increase	0.029045764356851578
1350	0	150	0	0.1	1.0	recombination	phlag_dto_eap01_ena4_fesp001	N274	recombination_increase	0.029045764356851578
1425	0	1	74	0.05	1.0	recombination	phlag_dto_eap01_ena4_fesp001_ex	N176	recombination_increase	0.5865235328674316
1395	30	0	75	0.05	1.0	recombination	phlag_dto_eap01_ena4_fesp001	N176	recombination_increase	0.5865235328674316
1125	0	1	374	0.25	1.0	recombination	phlag_dto_eap01_ena4_fesp001_ex	N176	recombination_increase	0.8012207746505737
1125	0	7	368	0.25	1.0	recombination	phlag_dto_eap01_ena4_fesp001	N176	recombination_increase	0.8012207746505737
1461	9	1	29	0.02	1.0	recombination	phlag_dto_eap01_ena4_fesp001_ex	N555	recombination_increase	0.9520797729492188
1404	66	0	30	0.02	1.0	recombination	phlag_dto_eap01_ena4_fesp001	N555	recombination_increase	0.9520797729492188
1153	122	64	161	0.15	1.0	recombination	phlag_dto_eap01_ena4_fesp001_ex	N461	recombination_increase	0.9717845916748047
1275	0	225	0	0.15	1.0	recombination	phlag_dto_eap01_ena4_fesp001	N461	recombination_increase	0.9717845916748047
1192	8	0	300	0.2	1.0	recombination	phlag_dto_eap01_ena4_fesp001_ex	N228	recombination_increase	3.9380829334259033
1200	0	300	0	0.2	1.0	recombination	phlag_dto_eap01_ena4_fesp001	N228	recombination_increase	3.9380829334259033
1275	0	1	224	0.15	1.0	recombination	phlag_dto_eap01_ena4_fesp001_ex	N176	recombination_increase	0.6706249117851257
1274	1	6	219	0.15	1.0	recombination	phlag_dto_eap01_ena4_fesp001	N176	recombination_increase	0.6706249117851257
1145	130	171	54	0.15	1.0	recombination	phlag_dto_eap01_ena4_fesp001_ex	N274	recombination_increase	0.030279887840151787
1275	0	225	0	0.15	1.0	recombination	phlag_dto_eap01_ena4_fesp001	N274	recombination_increase	0.030279887840151787
1198	2	0	300	0.2	1.0	recombination	phlag_dto_eap01_ena4_fesp001_ex	N282	recombination_increase	5.52448844909668
1200	0	300	0	0.2	1.0	recombination	phlag_dto_eap01_ena4_fesp001	N282	recombination_increase	5.52448844909668
1275	0	2	223	0.15	1.0	recombination	phlag_dto_eap01_ena4_fesp001_ex	N238	recombination_increase	0.12283031642436981
1261	14	81	144	0.15	1.0	recombination	phlag_dto_eap01_ena4_fesp001	N238	recombination_increase	0.12283031642436981
1125	0	0	375	0.25	1.0	recombination	phlag_dto_eap01_ena4_fesp001_ex	N188	recombination_increase	1.2231625318527222
1125	0	2	373	0.25	1.0	recombination	phlag_dto_eap01_ena4_fesp001	N188	recombination_increase	1.2231625318527222
1125	0	5	370	0.25	1.0	recombination	phlag_dto_eap01_ena4_fesp001_ex	N228	recombination_increase	3.613018035888672
1098	27	375	0	0.25	1.0	recombination	phlag_dto_eap01_ena4_fesp001	N228	recombination_increase	3.613018035888672
1272	3	10	215	0.15	1.0	recombination	phlag_dto_eap01_ena4_fesp001_ex	N187	recombination_increase	2.5524611473083496
1275	0	225	0	0.15	1.0	recombination	phlag_dto_eap01_ena4_fesp001	N187	recombination_increase	2.5524611473083496
1275	0	2	223	0.15	1.0	recombination	phlag_dto_eap01_ena4_fesp001_ex	N113	recombination_increase	2.847872018814087
1275	0	225	0	0.15	1.0	recombination	phlag_dto_eap01_ena4_fesp001	N113	recombination_increase	2.847872018814087
1470	0	1	29	0.02	1.0	recombination	phlag_dto_eap01_ena4_fesp001_ex	N282	recombination_increase	5.30086088180542
1470	0	30	0	0.02	1.0	recombination	phlag_dto_eap01_ena4_fesp001	N282	recombination_increase	5.30086088180542
1125	0	1	374	0.25	1.0	recombination	phlag_dto_eap01_ena4_fesp001_ex	N249	recombination_increase	0.31790828704833984
1125	0	0	375	0.25	1.0	recombination	phlag_dto_eap01_ena4_fesp001	N249	recombination_increase	0.31790828704833984
538	587	375	0	0.25	1.0	recombination	phlag_dto_eap01_ena4_fesp001_ex	N407	recombination_increase	0.1369655281305313
902	223	375	0	0.25	1.0	recombination	phlag_dto_eap01_ena4_fesp001	N407	recombination_increase	0.1369655281305313
776	694	30	0	0.02	1.0	recombination	phlag_dto_eap01_ena4_fesp001_ex	N709	recombination_increase	0.494576096534729
1366	104	30	0	0.02	1.0	recombination	phlag_dto_eap01_ena4_fesp001	N709	recombination_increase	0.494576096534729
1349	1	1	149	0.1	1.0	recombination	phlag_dto_eap01_ena4_fesp001_ex	N703	recombination_increase	0.2880605161190033
1349	1	1	149	0.1	1.0	recombination	phlag_dto_eap01_ena4_fesp001	N703	recombination_increase	0.2880605161190033
1348	2	0	150	0.1	1.0	recombination	phlag_dto_eap01_ena4_fesp001_ex	N188	recombination_increase	1.058421015739441
1350	0	29	121	0.1	1.0	recombination	phlag_dto_eap01_ena4_fesp001	N188	recombination_increase	1.058421015739441
936	534	30	0	0.02	1.0	recombination	phlag_dto_eap01_ena4_fesp001_ex	N703	recombination_increase	0.20592933893203735
1470	0	1	29	0.02	1.0	recombination	phlag_dto_eap01_ena4_fesp001	N703	recombination_increase	0.20592933893203735
1113	12	0	375	0.25	1.0	recombination	phlag_dto_eap01_ena4_fesp001_ex	N555	recombination_increase	1.2395298480987549
1125	0	24	351	0.25	1.0	recombination	phlag_dto_eap01_ena4_fesp001	N555	recombination_increase	1.2395298480987549
906	564	30	0	0.02	1.0	recombination	phlag_dto_eap01_ena4_fesp001_ex	N407	recombination_increase	0.10939150303602219
1195	275	30	0	0.02	1.0	recombination	phlag_dto_eap01_ena4_fesp001	N407	recombination_increase	0.10939150303602219
1275	0	225	0	0.15	1.0	recombination	phlag_dto_eap01_ena4_fesp001_ex	N71	recombination_increase	5.809811592102051
1275	0	225	0	0.15	1.0	recombination	phlag_dto_eap01_ena4_fesp001	N71	recombination_increase	5.809811592102051
1267	8	4	221	0.15	1.0	recombination	phlag_dto_eap01_ena4_fesp001_ex	N228	recombination_increase	3.7518818378448486
1275	0	225	0	0.15	1.0	recombination	phlag_dto_eap01_ena4_fesp001	N228	recombination_increase	3.7518818378448486
1275	0	10	215	0.15	1.0	recombination	phlag_dto_eap01_ena4_fesp001_ex	N709	recombination_increase	0.6099016070365906
1275	0	9	216	0.15	1.0	recombination	phlag_dto_eap01_ena4_fesp001	N709	recombination_increase	0.6099016070365906
1425	0	0	75	0.05	1.0	recombination	phlag_dto_eap01_ena4_fesp001_ex	N188	recombination_increase	1.0448336601257324
1054	371	0	75	0.05	1.0	recombination	phlag_dto_eap01_ena4_fesp001	N188	recombination_increase	1.0448336601257324
1304	46	10	140	0.1	1.0	recombination	phlag_dto_eap01_ena4_fesp001_ex	N187	recombination_increase	2.492351770401001
1350	0	150	0	0.1	1.0	recombination	phlag_dto_eap01_ena4_fesp001	N187	recombination_increase	2.492351770401001
1420	5	4	71	0.05	1.0	recombination	phlag_dto_eap01_ena4_fesp001_ex	N665	recombination_increase	0.0905134528875351
1425	0	7	68	0.05	1.0	recombination	phlag_dto_eap01_ena4_fesp001	N665	recombination_increase	0.0905134528875351
1282	68	129	21	0.1	1.0	recombination	phlag_dto_eap01_ena4_fesp001_ex	N418	recombination_increase	0.29826390743255615
1350	0	150	0	0.1	1.0	recombination	phlag_dto_eap01_ena4_fesp001	N418	recombination_increase	0.29826390743255615
1125	0	5	370	0.25	1.0	recombination	phlag_dto_eap01_ena4_fesp001_ex	N709	recombination_increase	0.7096249461174011
1117	8	4	371	0.25	1.0	recombination	phlag_dto_eap01_ena4_fesp001	N709	recombination_increase	0.7096249461174011
1252	173	1	74	0.05	1.0	recombination	phlag_dto_eap01_ena4_fesp001_ex	N690	recombination_increase	0.1473267376422882
1425	0	75	0	0.05	1.0	recombination	phlag_dto_eap01_ena4_fesp001	N690	recombination_increase	0.1473267376422882
1274	1	0	225	0.15	1.0	recombination	phlag_dto_eap01_ena4_fesp001_ex	N125	recombination_increase	5.237580299377441
1275	0	225	0	0.15	1.0	recombination	phlag_dto_eap01_ena4_fesp001	N125	recombination_increase	5.237580299377441
1465	5	4	26	0.02	1.0	recombination	phlag_dto_eap01_ena4_fesp001_ex	N665	recombination_increase	0.06675349920988083
1470	0	4	26	0.02	1.0	recombination	phlag_dto_eap01_ena4_fesp001	N665	recombination_increase	0.06675349920988083
1470	0	0	30	0.02	1.0	recombination	phlag_dto_eap01_ena4_fesp001_ex	N115	recombination_increase	2.5453217029571533
816	654	30	0	0.02	1.0	recombination	phlag_dto_eap01_ena4_fesp001	N115	recombination_increase	2.5453217029571533
1209	261	30	0	0.02	1.0	recombination	phlag_dto_eap01_ena4_fesp001_ex	N274	recombination_increase	0.022841298952698708
1470	0	30	0	0.02	1.0	recombination	phlag_dto_eap01_ena4_fesp001	N274	recombination_increase	0.022841298952698708
1125	0	5	370	0.25	1.0	recombination	phlag_dto_eap01_ena4_fesp001_ex	N174	recombination_increase	1.1819771528244019
1124	1	3	372	0.25	1.0	recombination	phlag_dto_eap01_ena4_fesp001	N174	recombination_increase	1.1819771528244019
1350	0	7	143	0.1	1.0	recombination	phlag_dto_eap01_ena4_fesp001_ex	N709	recombination_increase	0.5781450867652893
1350	0	8	142	0.1	1.0	recombination	phlag_dto_eap01_ena4_fesp001	N709	recombination_increase	0.5781450867652893
1470	0	30	0	0.02	1.0	recombination	phlag_dto_eap01_ena4_fesp001_ex	N716	recombination_increase	0.08251374959945679
1387	83	30	0	0.02	1.0	recombination	phlag_dto_eap01_ena4_fesp001	N716	recombination_increase	0.08251374959945679
