1125	0	375	0	0.25	1.0	admixture	dtohmm_ancestral	Falconiformes	025	Cariamiformes	Psittaciformes	3730895.12195122
1125	0	375	0	0.25	1.0	admixture	pbphmm_derived	Falconiformes	025	Cariamiformes	Psittaciformes	3730895.12195122
1125	0	4	371	0.25	1.0	admixture	phlag_dto_eap01_ena4_esp001_ex_derived	Falconiformes	025	Cariamiformes	Psittaciformes	6.311888217926025
1125	0	375	0	0.25	1.0	admixture	pbphmm_ancestral	Falconiformes	025	Cariamiformes	Psittaciformes	3730895.12195122
1123	2	375	0	0.25	1.0	admixture	gqshmm_ex_derived	Falconiformes	025	Cariamiformes	Psittaciformes	3730895.12195122
1125	0	375	0	0.25	1.0	admixture	gqshmm_ancestral	Falconiformes	025	Cariamiformes	Psittaciformes	3730895.12195122
1125	0	375	0	0.25	1.0	admixture	gqshmm_derived	Falconiformes	025	Cariamiformes	Psittaciformes	3730895.12195122
496	629	304	71	0.25	1.0	admixture	cqshmm_ex_derived	Falconiformes	025	Cariamiformes	Psittaciformes	3730895.12195122
1125	0	375	0	0.25	1.0	admixture	bcbhmm_derived	Falconiformes	025	Cariamiformes	Psittaciformes	3730895.12195122
1125	0	0	375	0.25	1.0	admixture	mlthmm_ex_derived	Falconiformes	025	Cariamiformes	Psittaciformes	3730895.12195122
1125	0	375	0	0.25	1.0	admixture	mlthmm_ancestral	Falconiformes	025	Cariamiformes	Psittaciformes	3730895.12195122
788	337	302	73	0.25	1.0	admixture	dtohmm_ex_ancestral	Falconiformes	025	Cariamiformes	Psittaciformes	3730895.12195122
789	336	304	71	0.25	1.0	admixture	bcbhmm_ex_ancestral	Falconiformes	025	Cariamiformes	Psittaciformes	3730895.12195122
788	337	302	73	0.25	1.0	admixture	mlthmm_ex_ancestral	Falconiformes	025	Cariamiformes	Psittaciformes	3730895.12195122
824	301	375	0	0.25	1.0	admixture	bcbhmm_ex_derived	Falconiformes	025	Cariamiformes	Psittaciformes	3730895.12195122
613	512	369	6	0.25	1.0	admixture	dtohmm_ex_derived	Falconiformes	025	Cariamiformes	Psittaciformes	3730895.12195122
778	347	51	324	0.25	1.0	admixture	gqshmm_ex_ancestral	Falconiformes	025	Cariamiformes	Psittaciformes	3730895.12195122
1125	0	375	0	0.25	1.0	admixture	dtohmm_derived	Falconiformes	025	Cariamiformes	Psittaciformes	3730895.12195122
1125	0	375	0	0.25	1.0	admixture	bcbhmm_ancestral	Falconiformes	025	Cariamiformes	Psittaciformes	3730895.12195122
621	504	177	198	0.25	1.0	admixture	cqshmm_ex_ancestral	Falconiformes	025	Cariamiformes	Psittaciformes	3730895.12195122
1125	0	375	0	0.25	1.0	admixture	phlag_dto_eap01_ena4_esp001_derived	Falconiformes	025	Cariamiformes	Psittaciformes	6.311888217926025
1125	0	371	4	0.25	1.0	admixture	cqshmm_derived	Falconiformes	025	Cariamiformes	Psittaciformes	3730895.12195122
1090	35	368	7	0.25	1.0	admixture	pbphmm_ex_ancestral	Falconiformes	025	Cariamiformes	Psittaciformes	3730895.12195122
1125	0	375	0	0.25	1.0	admixture	cqshmm_ancestral	Falconiformes	025	Cariamiformes	Psittaciformes	3730895.12195122
1073	52	375	0	0.25	1.0	admixture	pbphmm_ex_derived	Falconiformes	025	Cariamiformes	Psittaciformes	3730895.12195122
1125	0	375	0	0.25	1.0	admixture	mlthmm_derived	Falconiformes	025	Cariamiformes	Psittaciformes	3730895.12195122
837	513	0	150	0.1	1.0	admixture	dtohmm_ancestral	N546	025	N532	N567	63752.439024390245
1297	53	0	150	0.1	1.0	admixture	phlag_dto_eap01_ena4_esp001_ex_ancestral	N546	025	N532	N567	0.27468371391296387
1349	1	150	0	0.1	1.0	admixture	pbphmm_derived	N546	025	N532	N567	63752.439024390245
1347	3	0	150	0.1	1.0	admixture	phlag_dto_eap01_ena4_esp001_ex_derived	N546	025	N532	N567	0.27468371391296387
669	681	150	0	0.1	1.0	admixture	pbphmm_ancestral	N546	025	N532	N567	63752.439024390245
1126	224	136	14	0.1	1.0	admixture	gqshmm_ex_derived	N546	025	N532	N567	63752.439024390245
1173	177	132	18	0.1	1.0	admixture	gqshmm_ancestral	N546	025	N532	N567	63752.439024390245
792	558	51	99	0.1	1.0	admixture	gqshmm_derived	N546	025	N532	N567	63752.439024390245
1105	245	4	146	0.1	1.0	admixture	cqshmm_ex_derived	N546	025	N532	N567	63752.439024390245
1183	167	7	143	0.1	1.0	admixture	bcbhmm_derived	N546	025	N532	N567	63752.439024390245
1207	143	106	44	0.1	1.0	admixture	phlag_dto_eap01_ena4_esp001_ancestral	N546	025	N532	N567	0.27468371391296387
844	506	127	23	0.1	1.0	admixture	mlthmm_ex_derived	N546	025	N532	N567	63752.439024390245
1302	48	150	0	0.1	1.0	admixture	mlthmm_ancestral	N546	025	N532	N567	63752.439024390245
1164	186	128	22	0.1	1.0	admixture	dtohmm_ex_ancestral	N546	025	N532	N567	63752.439024390245
1310	40	145	5	0.1	1.0	admixture	bcbhmm_ex_ancestral	N546	025	N532	N567	63752.439024390245
1159	191	127	23	0.1	1.0	admixture	mlthmm_ex_ancestral	N546	025	N532	N567	63752.439024390245
771	579	90	60	0.1	1.0	admixture	bcbhmm_ex_derived	N546	025	N532	N567	63752.439024390245
654	696	108	42	0.1	1.0	admixture	dtohmm_ex_derived	N546	025	N532	N567	63752.439024390245
1350	0	150	0	0.1	1.0	admixture	gqshmm_ex_ancestral	N546	025	N532	N567	63752.439024390245
1344	6	2	148	0.1	1.0	admixture	dtohmm_derived	N546	025	N532	N567	63752.439024390245
1347	3	150	0	0.1	1.0	admixture	bcbhmm_ancestral	N546	025	N532	N567	63752.439024390245
1055	295	91	59	0.1	1.0	admixture	cqshmm_ex_ancestral	N546	025	N532	N567	63752.439024390245
1344	6	2	148	0.1	1.0	admixture	phlag_dto_eap01_ena4_esp001_derived	N546	025	N532	N567	0.27468371391296387
1332	18	0	150	0.1	1.0	admixture	cqshmm_derived	N546	025	N532	N567	63752.439024390245
896	454	29	121	0.1	1.0	admixture	pbphmm_ex_ancestral	N546	025	N532	N567	63752.439024390245
1175	175	80	70	0.1	1.0	admixture	cqshmm_ancestral	N546	025	N532	N567	63752.439024390245
1126	224	136	14	0.1	1.0	admixture	gqshmm_ex	N546	025	N532	N567	63752.439024390245
1349	1	0	150	0.1	1.0	admixture	pbphmm_ex_derived	N546	025	N532	N567	63752.439024390245
1257	93	80	70	0.1	1.0	admixture	mlthmm_derived	N546	025	N532	N567	63752.439024390245
1470	0	30	0	0.02	1.0	admixture	dtohmm_ancestral	Falconiformes	025	Cariamiformes	Psittaciformes	3730895.12195122
1470	0	30	0	0.02	1.0	admixture	pbphmm_derived	Falconiformes	025	Cariamiformes	Psittaciformes	3730895.12195122
1218	252	0	30	0.02	1.0	admixture	phlag_dto_eap01_ena4_esp001_ex_derived	Falconiformes	025	Cariamiformes	Psittaciformes	6.3575029373168945
1470	0	30	0	0.02	1.0	admixture	pbphmm_ancestral	Falconiformes	025	Cariamiformes	Psittaciformes	3730895.12195122
1468	2	30	0	0.02	1.0	admixture	gqshmm_ex_derived	Falconiformes	025	Cariamiformes	Psittaciformes	3730895.12195122
1470	0	30	0	0.02	1.0	admixture	gqshmm_ancestral	Falconiformes	025	Cariamiformes	Psittaciformes	3730895.12195122
1470	0	30	0	0.02	1.0	admixture	gqshmm_derived	Falconiformes	025	Cariamiformes	Psittaciformes	3730895.12195122
808	662	8	22	0.02	1.0	admixture	cqshmm_ex_derived	Falconiformes	025	Cariamiformes	Psittaciformes	3730895.12195122
1470	0	30	0	0.02	1.0	admixture	bcbhmm_derived	Falconiformes	025	Cariamiformes	Psittaciformes	3730895.12195122
741	729	13	17	0.02	1.0	admixture	mlthmm_ex_derived	Falconiformes	025	Cariamiformes	Psittaciformes	3730895.12195122
1470	0	30	0	0.02	1.0	admixture	mlthmm_ancestral	Falconiformes	025	Cariamiformes	Psittaciformes	3730895.12195122
1041	429	25	5	0.02	1.0	admixture	dtohmm_ex_ancestral	Falconiformes	025	Cariamiformes	Psittaciformes	3730895.12195122
852	618	14	16	0.02	1.0	admixture	bcbhmm_ex_ancestral	Falconiformes	025	Cariamiformes	Psittaciformes	3730895.12195122
848	622	13	17	0.02	1.0	admixture	mlthmm_ex_ancestral	Falconiformes	025	Cariamiformes	Psittaciformes	3730895.12195122
749	721	14	16	0.02	1.0	admixture	bcbhmm_ex_derived	Falconiformes	025	Cariamiformes	Psittaciformes	3730895.12195122
788	682	13	17	0.02	1.0	admixture	dtohmm_ex_derived	Falconiformes	025	Cariamiformes	Psittaciformes	3730895.12195122
983	487	1	29	0.02	1.0	admixture	gqshmm_ex_ancestral	Falconiformes	025	Cariamiformes	Psittaciformes	3730895.12195122
1470	0	30	0	0.02	1.0	admixture	dtohmm_derived	Falconiformes	025	Cariamiformes	Psittaciformes	3730895.12195122
1470	0	30	0	0.02	1.0	admixture	bcbhmm_ancestral	Falconiformes	025	Cariamiformes	Psittaciformes	3730895.12195122
1030	440	25	5	0.02	1.0	admixture	cqshmm_ex_ancestral	Falconiformes	025	Cariamiformes	Psittaciformes	3730895.12195122
1470	0	30	0	0.02	1.0	admixture	phlag_dto_eap01_ena4_esp001_derived	Falconiformes	025	Cariamiformes	Psittaciformes	6.3575029373168945
1470	0	30	0	0.02	1.0	admixture	cqshmm_derived	Falconiformes	025	Cariamiformes	Psittaciformes	3730895.12195122
1294	176	21	9	0.02	1.0	admixture	pbphmm_ex_ancestral	Falconiformes	025	Cariamiformes	Psittaciformes	3730895.12195122
1470	0	30	0	0.02	1.0	admixture	cqshmm_ancestral	Falconiformes	025	Cariamiformes	Psittaciformes	3730895.12195122
1335	135	23	7	0.02	1.0	admixture	pbphmm_ex_derived	Falconiformes	025	Cariamiformes	Psittaciformes	3730895.12195122
1470	0	30	0	0.02	1.0	admixture	mlthmm_derived	Falconiformes	025	Cariamiformes	Psittaciformes	3730895.12195122
1020	450	21	9	0.02	1.0	admixture	dtohmm_ancestral	Strigiformes	050	N349	N299	945508.536585366
1006	464	17	13	0.02	1.0	admixture	phlag_dto_eap01_ena4_esp001_ex_ancestral	Strigiformes	050	N349	N299	1.7100260257720947
1470	0	30	0	0.02	1.0	admixture	pbphmm_derived	Strigiformes	050	N349	N299	945508.536585366
1049	421	30	0	0.02	1.0	admixture	phlag_dto_eap01_ena4_esp001_ex_derived	Strigiformes	050	N349	N299	1.7100260257720947
1388	82	30	0	0.02	1.0	admixture	pbphmm_ancestral	Strigiformes	050	N349	N299	945508.536585366
1467	3	30	0	0.02	1.0	admixture	gqshmm_ex_derived	Strigiformes	050	N349	N299	945508.536585366
888	582	22	8	0.02	1.0	admixture	gqshmm_ancestral	Strigiformes	050	N349	N299	945508.536585366
1196	274	24	6	0.02	1.0	admixture	gqshmm_derived	Strigiformes	050	N349	N299	945508.536585366
962	508	17	13	0.02	1.0	admixture	cqshmm_ex_derived	Strigiformes	050	N349	N299	945508.536585366
1124	346	24	6	0.02	1.0	admixture	bcbhmm_derived	Strigiformes	050	N349	N299	945508.536585366
1404	66	30	0	0.02	1.0	admixture	phlag_dto_eap01_ena4_esp001_ancestral	Strigiformes	050	N349	N299	1.7100260257720947
808	662	17	13	0.02	1.0	admixture	mlthmm_ex_derived	Strigiformes	050	N349	N299	945508.536585366
906	564	19	11	0.02	1.0	admixture	mlthmm_ancestral	Strigiformes	050	N349	N299	945508.536585366
968	502	20	10	0.02	1.0	admixture	dtohmm_ex_ancestral	Strigiformes	050	N349	N299	945508.536585366
776	694	17	13	0.02	1.0	admixture	bcbhmm_ex_ancestral	Strigiformes	050	N349	N299	945508.536585366
967	503	23	7	0.02	1.0	admixture	mlthmm_ex_ancestral	Strigiformes	050	N349	N299	945508.536585366
1062	408	21	9	0.02	1.0	admixture	bcbhmm_ex_derived	Strigiformes	050	N349	N299	945508.536585366
1076	394	23	7	0.02	1.0	admixture	dtohmm_ex_derived	Strigiformes	050	N349	N299	945508.536585366
1163	307	24	6	0.02	1.0	admixture	gqshmm_ex_ancestral	Strigiformes	050	N349	N299	945508.536585366
1045	425	29	1	0.02	1.0	admixture	dtohmm_derived	Strigiformes	050	N349	N299	945508.536585366
1130	340	27	3	0.02	1.0	admixture	bcbhmm_ancestral	Strigiformes	050	N349	N299	945508.536585366
762	708	16	14	0.02	1.0	admixture	cqshmm_ex_ancestral	Strigiformes	050	N349	N299	945508.536585366
1092	378	0	30	0.02	1.0	admixture	phlag_dto_eap01_ena4_esp001_derived	Strigiformes	050	N349	N299	1.7100260257720947
1309	161	27	3	0.02	1.0	admixture	cqshmm_derived	Strigiformes	050	N349	N299	945508.536585366
1431	39	30	0	0.02	1.0	admixture	pbphmm_ex_ancestral	Strigiformes	050	N349	N299	945508.536585366
746	724	17	13	0.02	1.0	admixture	cqshmm_ancestral	Strigiformes	050	N349	N299	945508.536585366
1467	3	30	0	0.02	1.0	admixture	gqshmm_ex	Strigiformes	050	N349	N299	945508.536585366
1449	21	29	1	0.02	1.0	admixture	pbphmm_ex_derived	Strigiformes	050	N349	N299	945508.536585366
1296	174	26	4	0.02	1.0	admixture	mlthmm_derived	Strigiformes	050	N349	N299	945508.536585366
800	550	31	119	0.1	1.0	admixture	dtohmm_ancestral	Columbiformes	050	Mesitornis_unicolor	N93	4988273.170731708
1154	196	46	104	0.1	1.0	admixture	phlag_dto_eap01_ena4_esp001_ex_ancestral	Columbiformes	050	Mesitornis_unicolor	N93	6.908453941345215
1350	0	150	0	0.1	1.0	admixture	pbphmm_derived	Columbiformes	050	Mesitornis_unicolor	N93	4988273.170731708
1346	4	6	144	0.1	1.0	admixture	phlag_dto_eap01_ena4_esp001_ex_derived	Columbiformes	050	Mesitornis_unicolor	N93	6.908453941345215
1065	285	115	35	0.1	1.0	admixture	pbphmm_ancestral	Columbiformes	050	Mesitornis_unicolor	N93	4988273.170731708
814	536	125	25	0.1	1.0	admixture	gqshmm_ex_derived	Columbiformes	050	Mesitornis_unicolor	N93	4988273.170731708
685	665	122	28	0.1	1.0	admixture	gqshmm_ancestral	Columbiformes	050	Mesitornis_unicolor	N93	4988273.170731708
1350	0	150	0	0.1	1.0	admixture	gqshmm_derived	Columbiformes	050	Mesitornis_unicolor	N93	4988273.170731708
909	441	103	47	0.1	1.0	admixture	cqshmm_ex_derived	Columbiformes	050	Mesitornis_unicolor	N93	4988273.170731708
1350	0	150	0	0.1	1.0	admixture	bcbhmm_derived	Columbiformes	050	Mesitornis_unicolor	N93	4988273.170731708
1349	1	0	150	0.1	1.0	admixture	phlag_dto_eap01_ena4_esp001_ancestral	Columbiformes	050	Mesitornis_unicolor	N93	6.908453941345215
782	568	49	101	0.1	1.0	admixture	mlthmm_ex_derived	Columbiformes	050	Mesitornis_unicolor	N93	4988273.170731708
787	563	49	101	0.1	1.0	admixture	mlthmm_ancestral	Columbiformes	050	Mesitornis_unicolor	N93	4988273.170731708
1079	271	135	15	0.1	1.0	admixture	dtohmm_ex_ancestral	Columbiformes	050	Mesitornis_unicolor	N93	4988273.170731708
783	567	50	100	0.1	1.0	admixture	bcbhmm_ex_ancestral	Columbiformes	050	Mesitornis_unicolor	N93	4988273.170731708
913	437	118	32	0.1	1.0	admixture	mlthmm_ex_ancestral	Columbiformes	050	Mesitornis_unicolor	N93	4988273.170731708
757	593	129	21	0.1	1.0	admixture	bcbhmm_ex_derived	Columbiformes	050	Mesitornis_unicolor	N93	4988273.170731708
911	439	103	47	0.1	1.0	admixture	dtohmm_ex_derived	Columbiformes	050	Mesitornis_unicolor	N93	4988273.170731708
1350	0	150	0	0.1	1.0	admixture	gqshmm_ex_ancestral	Columbiformes	050	Mesitornis_unicolor	N93	4988273.170731708
1350	0	150	0	0.1	1.0	admixture	dtohmm_derived	Columbiformes	050	Mesitornis_unicolor	N93	4988273.170731708
737	613	37	113	0.1	1.0	admixture	bcbhmm_ancestral	Columbiformes	050	Mesitornis_unicolor	N93	4988273.170731708
736	614	30	120	0.1	1.0	admixture	cqshmm_ex_ancestral	Columbiformes	050	Mesitornis_unicolor	N93	4988273.170731708
1350	0	150	0	0.1	1.0	admixture	phlag_dto_eap01_ena4_esp001_derived	Columbiformes	050	Mesitornis_unicolor	N93	6.908453941345215
1350	0	150	0	0.1	1.0	admixture	cqshmm_derived	Columbiformes	050	Mesitornis_unicolor	N93	4988273.170731708
1014	336	139	11	0.1	1.0	admixture	pbphmm_ex_ancestral	Columbiformes	050	Mesitornis_unicolor	N93	4988273.170731708
959	391	33	117	0.1	1.0	admixture	cqshmm_ancestral	Columbiformes	050	Mesitornis_unicolor	N93	4988273.170731708
814	536	125	25	0.1	1.0	admixture	gqshmm_ex	Columbiformes	050	Mesitornis_unicolor	N93	4988273.170731708
687	663	84	66	0.1	1.0	admixture	pbphmm_ex_derived	Columbiformes	050	Mesitornis_unicolor	N93	4988273.170731708
1350	0	150	0	0.1	1.0	admixture	mlthmm_derived	Columbiformes	050	Mesitornis_unicolor	N93	4988273.170731708
1089	36	361	14	0.25	1.0	admixture	dtohmm_ancestral	N189	025	N132	N146	539662.1951219513
897	228	88	287	0.25	1.0	admixture	pbphmm_derived	N189	025	N132	N146	539662.1951219513
1125	0	10	365	0.25	1.0	admixture	phlag_dto_eap01_ena4_esp001_ex_derived	N189	025	N132	N146	1.8282427787780762
787	338	229	146	0.25	1.0	admixture	pbphmm_ancestral	N189	025	N132	N146	539662.1951219513
833	292	181	194	0.25	1.0	admixture	gqshmm_ex_derived	N189	025	N132	N146	539662.1951219513
899	226	321	54	0.25	1.0	admixture	gqshmm_ancestral	N189	025	N132	N146	539662.1951219513
1000	125	284	91	0.25	1.0	admixture	gqshmm_derived	N189	025	N132	N146	539662.1951219513
1060	65	320	55	0.25	1.0	admixture	cqshmm_ex_derived	N189	025	N132	N146	539662.1951219513
974	151	0	375	0.25	1.0	admixture	bcbhmm_derived	N189	025	N132	N146	539662.1951219513
1125	0	10	365	0.25	1.0	admixture	mlthmm_ex_derived	N189	025	N132	N146	539662.1951219513
702	423	267	108	0.25	1.0	admixture	mlthmm_ancestral	N189	025	N132	N146	539662.1951219513
1122	3	271	104	0.25	1.0	admixture	dtohmm_ex_ancestral	N189	025	N132	N146	539662.1951219513
1098	27	341	34	0.25	1.0	admixture	bcbhmm_ex_ancestral	N189	025	N132	N146	539662.1951219513
1122	3	271	104	0.25	1.0	admixture	mlthmm_ex_ancestral	N189	025	N132	N146	539662.1951219513
1125	0	8	367	0.25	1.0	admixture	bcbhmm_ex_derived	N189	025	N132	N146	539662.1951219513
1066	59	337	38	0.25	1.0	admixture	dtohmm_ex_derived	N189	025	N132	N146	539662.1951219513
835	290	200	175	0.25	1.0	admixture	gqshmm_ex_ancestral	N189	025	N132	N146	539662.1951219513
964	161	163	212	0.25	1.0	admixture	dtohmm_derived	N189	025	N132	N146	539662.1951219513
1122	3	375	0	0.25	1.0	admixture	bcbhmm_ancestral	N189	025	N132	N146	539662.1951219513
1124	1	262	113	0.25	1.0	admixture	cqshmm_ex_ancestral	N189	025	N132	N146	539662.1951219513
1123	2	192	183	0.25	1.0	admixture	phlag_dto_eap01_ena4_esp001_derived	N189	025	N132	N146	1.8282427787780762
1058	67	0	375	0.25	1.0	admixture	cqshmm_derived	N189	025	N132	N146	539662.1951219513
1123	2	261	114	0.25	1.0	admixture	pbphmm_ex_ancestral	N189	025	N132	N146	539662.1951219513
1123	2	24	351	0.25	1.0	admixture	cqshmm_ancestral	N189	025	N132	N146	539662.1951219513
1125	0	8	367	0.25	1.0	admixture	pbphmm_ex_derived	N189	025	N132	N146	539662.1951219513
868	257	69	306	0.25	1.0	admixture	mlthmm_derived	N189	025	N132	N146	539662.1951219513
1336	14	150	0	0.1	1.0	admixture	dtohmm_ancestral	Coraciiformes	050	Bucerotiformes	Piciformes	449463.4146341464
1101	249	88	62	0.1	1.0	admixture	phlag_dto_eap01_ena4_esp001_ex_ancestral	Coraciiformes	050	Bucerotiformes	Piciformes	2.799410581588745
1319	31	1	149	0.1	1.0	admixture	pbphmm_derived	Coraciiformes	050	Bucerotiformes	Piciformes	449463.4146341464
1308	42	0	150	0.1	1.0	admixture	phlag_dto_eap01_ena4_esp001_ex_derived	Coraciiformes	050	Bucerotiformes	Piciformes	2.799410581588745
723	627	105	45	0.1	1.0	admixture	pbphmm_ancestral	Coraciiformes	050	Bucerotiformes	Piciformes	449463.4146341464
1078	272	101	49	0.1	1.0	admixture	gqshmm_ex_derived	Coraciiformes	050	Bucerotiformes	Piciformes	449463.4146341464
1166	184	132	18	0.1	1.0	admixture	gqshmm_ancestral	Coraciiformes	050	Bucerotiformes	Piciformes	449463.4146341464
1276	74	120	30	0.1	1.0	admixture	gqshmm_derived	Coraciiformes	050	Bucerotiformes	Piciformes	449463.4146341464
1109	241	120	30	0.1	1.0	admixture	cqshmm_ex_derived	Coraciiformes	050	Bucerotiformes	Piciformes	449463.4146341464
1350	0	150	0	0.1	1.0	admixture	bcbhmm_derived	Coraciiformes	050	Bucerotiformes	Piciformes	449463.4146341464
1203	147	150	0	0.1	1.0	admixture	phlag_dto_eap01_ena4_esp001_ancestral	Coraciiformes	050	Bucerotiformes	Piciformes	2.799410581588745
876	474	77	73	0.1	1.0	admixture	mlthmm_ex_derived	Coraciiformes	050	Bucerotiformes	Piciformes	449463.4146341464
1321	29	144	6	0.1	1.0	admixture	mlthmm_ancestral	Coraciiformes	050	Bucerotiformes	Piciformes	449463.4146341464
1017	333	123	27	0.1	1.0	admixture	dtohmm_ex_ancestral	Coraciiformes	050	Bucerotiformes	Piciformes	449463.4146341464
1323	27	145	5	0.1	1.0	admixture	bcbhmm_ex_ancestral	Coraciiformes	050	Bucerotiformes	Piciformes	449463.4146341464
1110	240	89	61	0.1	1.0	admixture	mlthmm_ex_ancestral	Coraciiformes	050	Bucerotiformes	Piciformes	449463.4146341464
1238	112	135	15	0.1	1.0	admixture	bcbhmm_ex_derived	Coraciiformes	050	Bucerotiformes	Piciformes	449463.4146341464
1102	248	120	30	0.1	1.0	admixture	dtohmm_ex_derived	Coraciiformes	050	Bucerotiformes	Piciformes	449463.4146341464
951	399	88	62	0.1	1.0	admixture	gqshmm_ex_ancestral	Coraciiformes	050	Bucerotiformes	Piciformes	449463.4146341464
1337	13	114	36	0.1	1.0	admixture	dtohmm_derived	Coraciiformes	050	Bucerotiformes	Piciformes	449463.4146341464
713	637	84	66	0.1	1.0	admixture	bcbhmm_ancestral	Coraciiformes	050	Bucerotiformes	Piciformes	449463.4146341464
1042	308	78	72	0.1	1.0	admixture	cqshmm_ex_ancestral	Coraciiformes	050	Bucerotiformes	Piciformes	449463.4146341464
1350	0	150	0	0.1	1.0	admixture	phlag_dto_eap01_ena4_esp001_derived	Coraciiformes	050	Bucerotiformes	Piciformes	2.799410581588745
1338	12	127	23	0.1	1.0	admixture	cqshmm_derived	Coraciiformes	050	Bucerotiformes	Piciformes	449463.4146341464
722	628	53	97	0.1	1.0	admixture	pbphmm_ex_ancestral	Coraciiformes	050	Bucerotiformes	Piciformes	449463.4146341464
1317	33	143	7	0.1	1.0	admixture	cqshmm_ancestral	Coraciiformes	050	Bucerotiformes	Piciformes	449463.4146341464
1078	272	101	49	0.1	1.0	admixture	gqshmm_ex	Coraciiformes	050	Bucerotiformes	Piciformes	449463.4146341464
1154	196	124	26	0.1	1.0	admixture	pbphmm_ex_derived	Coraciiformes	050	Bucerotiformes	Piciformes	449463.4146341464
1327	23	140	10	0.1	1.0	admixture	mlthmm_derived	Coraciiformes	050	Bucerotiformes	Piciformes	449463.4146341464
1167	33	289	11	0.2	1.0	admixture	dtohmm_ancestral	N189	025	N132	N146	539662.1951219513
857	343	70	230	0.2	1.0	admixture	pbphmm_derived	N189	025	N132	N146	539662.1951219513
1200	0	2	298	0.2	1.0	admixture	phlag_dto_eap01_ena4_esp001_ex_derived	N189	025	N132	N146	1.757401943206787
907	293	198	102	0.2	1.0	admixture	pbphmm_ancestral	N189	025	N132	N146	539662.1951219513
874	326	145	155	0.2	1.0	admixture	gqshmm_ex_derived	N189	025	N132	N146	539662.1951219513
950	250	256	44	0.2	1.0	admixture	gqshmm_ancestral	N189	025	N132	N146	539662.1951219513
1052	148	227	73	0.2	1.0	admixture	gqshmm_derived	N189	025	N132	N146	539662.1951219513
1119	81	254	46	0.2	1.0	admixture	cqshmm_ex_derived	N189	025	N132	N146	539662.1951219513
1176	24	160	140	0.2	1.0	admixture	bcbhmm_derived	N189	025	N132	N146	539662.1951219513
1200	0	4	296	0.2	1.0	admixture	mlthmm_ex_derived	N189	025	N132	N146	539662.1951219513
1193	7	300	0	0.2	1.0	admixture	mlthmm_ancestral	N189	025	N132	N146	539662.1951219513
1193	7	212	88	0.2	1.0	admixture	dtohmm_ex_ancestral	N189	025	N132	N146	539662.1951219513
1200	0	207	93	0.2	1.0	admixture	bcbhmm_ex_ancestral	N189	025	N132	N146	539662.1951219513
1194	6	213	87	0.2	1.0	admixture	mlthmm_ex_ancestral	N189	025	N132	N146	539662.1951219513
1200	0	1	299	0.2	1.0	admixture	bcbhmm_ex_derived	N189	025	N132	N146	539662.1951219513
1128	72	269	31	0.2	1.0	admixture	dtohmm_ex_derived	N189	025	N132	N146	539662.1951219513
879	321	152	148	0.2	1.0	admixture	gqshmm_ex_ancestral	N189	025	N132	N146	539662.1951219513
966	234	129	171	0.2	1.0	admixture	dtohmm_derived	N189	025	N132	N146	539662.1951219513
1157	43	289	11	0.2	1.0	admixture	bcbhmm_ancestral	N189	025	N132	N146	539662.1951219513
1133	67	261	39	0.2	1.0	admixture	cqshmm_ex_ancestral	N189	025	N132	N146	539662.1951219513
1200	0	193	107	0.2	1.0	admixture	phlag_dto_eap01_ena4_esp001_derived	N189	025	N132	N146	1.757401943206787
1099	101	193	107	0.2	1.0	admixture	cqshmm_derived	N189	025	N132	N146	539662.1951219513
1200	0	207	93	0.2	1.0	admixture	pbphmm_ex_ancestral	N189	025	N132	N146	539662.1951219513
1200	0	10	290	0.2	1.0	admixture	cqshmm_ancestral	N189	025	N132	N146	539662.1951219513
1200	0	1	299	0.2	1.0	admixture	pbphmm_ex_derived	N189	025	N132	N146	539662.1951219513
834	366	91	209	0.2	1.0	admixture	mlthmm_derived	N189	025	N132	N146	539662.1951219513
1379	91	23	7	0.02	1.0	admixture	dtohmm_ancestral	Musophagiformes	025	N83	N118	4752782.926829269
983	487	20	10	0.02	1.0	admixture	phlag_dto_eap01_ena4_esp001_ex_ancestral	Musophagiformes	025	N83	N118	6.325979709625244
1470	0	30	0	0.02	1.0	admixture	pbphmm_derived	Musophagiformes	025	N83	N118	4752782.926829269
1470	0	30	0	0.02	1.0	admixture	phlag_dto_eap01_ena4_esp001_ex_derived	Musophagiformes	025	N83	N118	6.325979709625244
1465	5	30	0	0.02	1.0	admixture	pbphmm_ancestral	Musophagiformes	025	N83	N118	4752782.926829269
1446	24	30	0	0.02	1.0	admixture	gqshmm_ex_derived	Musophagiformes	025	N83	N118	4752782.926829269
745	725	17	13	0.02	1.0	admixture	gqshmm_ancestral	Musophagiformes	025	N83	N118	4752782.926829269
1470	0	30	0	0.02	1.0	admixture	gqshmm_derived	Musophagiformes	025	N83	N118	4752782.926829269
970	500	18	12	0.02	1.0	admixture	cqshmm_ex_derived	Musophagiformes	025	N83	N118	4752782.926829269
1470	0	30	0	0.02	1.0	admixture	bcbhmm_derived	Musophagiformes	025	N83	N118	4752782.926829269
1226	244	30	0	0.02	1.0	admixture	phlag_dto_eap01_ena4_esp001_ancestral	Musophagiformes	025	N83	N118	6.325979709625244
793	677	18	12	0.02	1.0	admixture	mlthmm_ex_derived	Musophagiformes	025	N83	N118	4752782.926829269
1117	353	21	9	0.02	1.0	admixture	mlthmm_ancestral	Musophagiformes	025	N83	N118	4752782.926829269
959	511	21	9	0.02	1.0	admixture	dtohmm_ex_ancestral	Musophagiformes	025	N83	N118	4752782.926829269
858	612	17	13	0.02	1.0	admixture	bcbhmm_ex_ancestral	Musophagiformes	025	N83	N118	4752782.926829269
969	501	20	10	0.02	1.0	admixture	mlthmm_ex_ancestral	Musophagiformes	025	N83	N118	4752782.926829269
995	475	16	14	0.02	1.0	admixture	bcbhmm_ex_derived	Musophagiformes	025	N83	N118	4752782.926829269
813	657	18	12	0.02	1.0	admixture	dtohmm_ex_derived	Musophagiformes	025	N83	N118	4752782.926829269
1463	7	30	0	0.02	1.0	admixture	gqshmm_ex_ancestral	Musophagiformes	025	N83	N118	4752782.926829269
1470	0	30	0	0.02	1.0	admixture	dtohmm_derived	Musophagiformes	025	N83	N118	4752782.926829269
996	474	21	9	0.02	1.0	admixture	bcbhmm_ancestral	Musophagiformes	025	N83	N118	4752782.926829269
803	667	20	10	0.02	1.0	admixture	cqshmm_ex_ancestral	Musophagiformes	025	N83	N118	4752782.926829269
1470	0	30	0	0.02	1.0	admixture	phlag_dto_eap01_ena4_esp001_derived	Musophagiformes	025	N83	N118	6.325979709625244
1470	0	30	0	0.02	1.0	admixture	cqshmm_derived	Musophagiformes	025	N83	N118	4752782.926829269
1434	36	29	1	0.02	1.0	admixture	pbphmm_ex_ancestral	Musophagiformes	025	N83	N118	4752782.926829269
810	660	19	11	0.02	1.0	admixture	cqshmm_ancestral	Musophagiformes	025	N83	N118	4752782.926829269
1446	24	30	0	0.02	1.0	admixture	gqshmm_ex	Musophagiformes	025	N83	N118	4752782.926829269
1451	19	30	0	0.02	1.0	admixture	pbphmm_ex_derived	Musophagiformes	025	N83	N118	4752782.926829269
1470	0	30	0	0.02	1.0	admixture	mlthmm_derived	Musophagiformes	025	N83	N118	4752782.926829269
1314	36	148	2	0.1	1.0	admixture	dtohmm_ancestral	Musophagiformes	050	N83	N118	4752782.926829269
908	442	96	54	0.1	1.0	admixture	phlag_dto_eap01_ena4_esp001_ex_ancestral	Musophagiformes	050	N83	N118	6.325979709625244
1350	0	150	0	0.1	1.0	admixture	pbphmm_derived	Musophagiformes	050	N83	N118	4752782.926829269
1058	292	0	150	0.1	1.0	admixture	phlag_dto_eap01_ena4_esp001_ex_derived	Musophagiformes	050	N83	N118	6.325979709625244
1350	0	150	0	0.1	1.0	admixture	pbphmm_ancestral	Musophagiformes	050	N83	N118	4752782.926829269
1325	25	148	2	0.1	1.0	admixture	gqshmm_ex_derived	Musophagiformes	050	N83	N118	4752782.926829269
686	664	82	68	0.1	1.0	admixture	gqshmm_ancestral	Musophagiformes	050	N83	N118	4752782.926829269
1350	0	150	0	0.1	1.0	admixture	gqshmm_derived	Musophagiformes	050	N83	N118	4752782.926829269
814	536	101	49	0.1	1.0	admixture	cqshmm_ex_derived	Musophagiformes	050	N83	N118	4752782.926829269
1350	0	150	0	0.1	1.0	admixture	bcbhmm_derived	Musophagiformes	050	N83	N118	4752782.926829269
1256	94	150	0	0.1	1.0	admixture	phlag_dto_eap01_ena4_esp001_ancestral	Musophagiformes	050	N83	N118	6.325979709625244
892	458	98	52	0.1	1.0	admixture	mlthmm_ex_derived	Musophagiformes	050	N83	N118	4752782.926829269
1153	197	128	22	0.1	1.0	admixture	mlthmm_ancestral	Musophagiformes	050	N83	N118	4752782.926829269
1100	250	123	27	0.1	1.0	admixture	dtohmm_ex_ancestral	Musophagiformes	050	N83	N118	4752782.926829269
786	564	84	66	0.1	1.0	admixture	bcbhmm_ex_ancestral	Musophagiformes	050	N83	N118	4752782.926829269
888	462	91	59	0.1	1.0	admixture	mlthmm_ex_ancestral	Musophagiformes	050	N83	N118	4752782.926829269
934	416	101	49	0.1	1.0	admixture	bcbhmm_ex_derived	Musophagiformes	050	N83	N118	4752782.926829269
915	435	101	49	0.1	1.0	admixture	dtohmm_ex_derived	Musophagiformes	050	N83	N118	4752782.926829269
1342	8	148	2	0.1	1.0	admixture	gqshmm_ex_ancestral	Musophagiformes	050	N83	N118	4752782.926829269
1350	0	150	0	0.1	1.0	admixture	dtohmm_derived	Musophagiformes	050	N83	N118	4752782.926829269
922	428	105	45	0.1	1.0	admixture	bcbhmm_ancestral	Musophagiformes	050	N83	N118	4752782.926829269
708	642	84	66	0.1	1.0	admixture	cqshmm_ex_ancestral	Musophagiformes	050	N83	N118	4752782.926829269
1350	0	150	0	0.1	1.0	admixture	phlag_dto_eap01_ena4_esp001_derived	Musophagiformes	050	N83	N118	6.325979709625244
1350	0	150	0	0.1	1.0	admixture	cqshmm_derived	Musophagiformes	050	N83	N118	4752782.926829269
1316	34	147	3	0.1	1.0	admixture	pbphmm_ex_ancestral	Musophagiformes	050	N83	N118	4752782.926829269
963	387	99	51	0.1	1.0	admixture	cqshmm_ancestral	Musophagiformes	050	N83	N118	4752782.926829269
1325	25	148	2	0.1	1.0	admixture	gqshmm_ex	Musophagiformes	050	N83	N118	4752782.926829269
1334	16	149	1	0.1	1.0	admixture	pbphmm_ex_derived	Musophagiformes	050	N83	N118	4752782.926829269
1350	0	150	0	0.1	1.0	admixture	mlthmm_derived	Musophagiformes	050	N83	N118	4752782.926829269
1200	0	300	0	0.2	1.0	admixture	dtohmm_ancestral	Falconiformes	050	Cariamiformes	Psittaciformes	3730895.12195122
1200	0	300	0	0.2	1.0	admixture	pbphmm_derived	Falconiformes	050	Cariamiformes	Psittaciformes	3730895.12195122
1199	1	0	300	0.2	1.0	admixture	phlag_dto_eap01_ena4_esp001_ex_derived	Falconiformes	050	Cariamiformes	Psittaciformes	6.166205406188965
1200	0	300	0	0.2	1.0	admixture	pbphmm_ancestral	Falconiformes	050	Cariamiformes	Psittaciformes	3730895.12195122
1198	2	300	0	0.2	1.0	admixture	gqshmm_ex_derived	Falconiformes	050	Cariamiformes	Psittaciformes	3730895.12195122
1200	0	300	0	0.2	1.0	admixture	gqshmm_ancestral	Falconiformes	050	Cariamiformes	Psittaciformes	3730895.12195122
1200	0	299	1	0.2	1.0	admixture	gqshmm_derived	Falconiformes	050	Cariamiformes	Psittaciformes	3730895.12195122
694	506	134	166	0.2	1.0	admixture	cqshmm_ex_derived	Falconiformes	050	Cariamiformes	Psittaciformes	3730895.12195122
1200	0	300	0	0.2	1.0	admixture	bcbhmm_derived	Falconiformes	050	Cariamiformes	Psittaciformes	3730895.12195122
891	309	299	1	0.2	1.0	admixture	mlthmm_ex_derived	Falconiformes	050	Cariamiformes	Psittaciformes	3730895.12195122
1200	0	300	0	0.2	1.0	admixture	mlthmm_ancestral	Falconiformes	050	Cariamiformes	Psittaciformes	3730895.12195122
855	345	259	41	0.2	1.0	admixture	dtohmm_ex_ancestral	Falconiformes	050	Cariamiformes	Psittaciformes	3730895.12195122
857	343	261	39	0.2	1.0	admixture	bcbhmm_ex_ancestral	Falconiformes	050	Cariamiformes	Psittaciformes	3730895.12195122
855	345	259	41	0.2	1.0	admixture	mlthmm_ex_ancestral	Falconiformes	050	Cariamiformes	Psittaciformes	3730895.12195122
673	527	193	107	0.2	1.0	admixture	bcbhmm_ex_derived	Falconiformes	050	Cariamiformes	Psittaciformes	3730895.12195122
640	560	204	96	0.2	1.0	admixture	dtohmm_ex_derived	Falconiformes	050	Cariamiformes	Psittaciformes	3730895.12195122
1182	18	294	6	0.2	1.0	admixture	gqshmm_ex_ancestral	Falconiformes	050	Cariamiformes	Psittaciformes	3730895.12195122
1200	0	300	0	0.2	1.0	admixture	dtohmm_derived	Falconiformes	050	Cariamiformes	Psittaciformes	3730895.12195122
1200	0	300	0	0.2	1.0	admixture	bcbhmm_ancestral	Falconiformes	050	Cariamiformes	Psittaciformes	3730895.12195122
656	544	194	106	0.2	1.0	admixture	cqshmm_ex_ancestral	Falconiformes	050	Cariamiformes	Psittaciformes	3730895.12195122
1200	0	300	0	0.2	1.0	admixture	phlag_dto_eap01_ena4_esp001_derived	Falconiformes	050	Cariamiformes	Psittaciformes	6.166205406188965
1200	0	300	0	0.2	1.0	admixture	cqshmm_derived	Falconiformes	050	Cariamiformes	Psittaciformes	3730895.12195122
934	266	208	92	0.2	1.0	admixture	pbphmm_ex_ancestral	Falconiformes	050	Cariamiformes	Psittaciformes	3730895.12195122
1200	0	300	0	0.2	1.0	admixture	cqshmm_ancestral	Falconiformes	050	Cariamiformes	Psittaciformes	3730895.12195122
1154	46	299	1	0.2	1.0	admixture	pbphmm_ex_derived	Falconiformes	050	Cariamiformes	Psittaciformes	3730895.12195122
1200	0	300	0	0.2	1.0	admixture	mlthmm_derived	Falconiformes	050	Cariamiformes	Psittaciformes	3730895.12195122
1078	197	188	37	0.15	1.0	admixture	dtohmm_ancestral	N251	050	N269	N242	113279.26829268294
663	612	147	78	0.15	1.0	admixture	phlag_dto_eap01_ena4_esp001_ex_ancestral	N251	050	N269	N242	0.05119185894727707
1274	1	225	0	0.15	1.0	admixture	pbphmm_derived	N251	050	N269	N242	113279.26829268294
1017	258	225	0	0.15	1.0	admixture	phlag_dto_eap01_ena4_esp001_ex_derived	N251	050	N269	N242	0.05119185894727707
1155	120	225	0	0.15	1.0	admixture	pbphmm_ancestral	N251	050	N269	N242	113279.26829268294
881	394	159	66	0.15	1.0	admixture	gqshmm_ex_derived	N251	050	N269	N242	113279.26829268294
1014	261	180	45	0.15	1.0	admixture	gqshmm_ancestral	N251	050	N269	N242	113279.26829268294
796	479	137	88	0.15	1.0	admixture	gqshmm_derived	N251	050	N269	N242	113279.26829268294
1076	199	175	50	0.15	1.0	admixture	cqshmm_ex_derived	N251	050	N269	N242	113279.26829268294
770	505	142	83	0.15	1.0	admixture	bcbhmm_derived	N251	050	N269	N242	113279.26829268294
621	654	225	0	0.15	1.0	admixture	phlag_dto_eap01_ena4_esp001_ancestral	N251	050	N269	N242	0.05119185894727707
911	364	171	54	0.15	1.0	admixture	mlthmm_ex_derived	N251	050	N269	N242	113279.26829268294
1264	11	225	0	0.15	1.0	admixture	mlthmm_ancestral	N251	050	N269	N242	113279.26829268294
788	487	124	101	0.15	1.0	admixture	dtohmm_ex_ancestral	N251	050	N269	N242	113279.26829268294
849	426	147	78	0.15	1.0	admixture	bcbhmm_ex_ancestral	N251	050	N269	N242	113279.26829268294
663	612	147	78	0.15	1.0	admixture	mlthmm_ex_ancestral	N251	050	N269	N242	113279.26829268294
886	389	157	68	0.15	1.0	admixture	bcbhmm_ex_derived	N251	050	N269	N242	113279.26829268294
679	596	116	109	0.15	1.0	admixture	dtohmm_ex_derived	N251	050	N269	N242	113279.26829268294
1246	29	225	0	0.15	1.0	admixture	gqshmm_ex_ancestral	N251	050	N269	N242	113279.26829268294
1116	159	198	27	0.15	1.0	admixture	dtohmm_derived	N251	050	N269	N242	113279.26829268294
1275	0	225	0	0.15	1.0	admixture	bcbhmm_ancestral	N251	050	N269	N242	113279.26829268294
662	613	137	88	0.15	1.0	admixture	cqshmm_ex_ancestral	N251	050	N269	N242	113279.26829268294
1218	57	225	0	0.15	1.0	admixture	phlag_dto_eap01_ena4_esp001_derived	N251	050	N269	N242	0.05119185894727707
825	450	225	0	0.15	1.0	admixture	cqshmm_derived	N251	050	N269	N242	113279.26829268294
981	294	198	27	0.15	1.0	admixture	pbphmm_ex_ancestral	N251	050	N269	N242	113279.26829268294
1083	192	191	34	0.15	1.0	admixture	cqshmm_ancestral	N251	050	N269	N242	113279.26829268294
882	393	159	66	0.15	1.0	admixture	gqshmm_ex	N251	050	N269	N242	113279.26829268294
1161	114	218	7	0.15	1.0	admixture	pbphmm_ex_derived	N251	050	N269	N242	113279.26829268294
856	419	146	79	0.15	1.0	admixture	mlthmm_derived	N251	050	N269	N242	113279.26829268294
1449	21	27	3	0.02	1.0	admixture	dtohmm_ancestral	N546	050	N532	N567	63752.439024390245
1259	211	0	30	0.02	1.0	admixture	phlag_dto_eap01_ena4_esp001_ex_ancestral	N546	050	N532	N567	0.2507891356945038
1425	45	0	30	0.02	1.0	admixture	pbphmm_derived	N546	050	N532	N567	63752.439024390245
1468	2	0	30	0.02	1.0	admixture	phlag_dto_eap01_ena4_esp001_ex_derived	N546	050	N532	N567	0.2507891356945038
875	595	30	0	0.02	1.0	admixture	pbphmm_ancestral	N546	050	N532	N567	63752.439024390245
1222	248	25	5	0.02	1.0	admixture	gqshmm_ex_derived	N546	050	N532	N567	63752.439024390245
1278	192	27	3	0.02	1.0	admixture	gqshmm_ancestral	N546	050	N532	N567	63752.439024390245
863	607	10	20	0.02	1.0	admixture	gqshmm_derived	N546	050	N532	N567	63752.439024390245
1189	281	4	26	0.02	1.0	admixture	cqshmm_ex_derived	N546	050	N532	N567	63752.439024390245
883	587	18	12	0.02	1.0	admixture	bcbhmm_derived	N546	050	N532	N567	63752.439024390245
992	478	0	30	0.02	1.0	admixture	phlag_dto_eap01_ena4_esp001_ancestral	N546	050	N532	N567	0.2507891356945038
882	588	23	7	0.02	1.0	admixture	mlthmm_ex_derived	N546	050	N532	N567	63752.439024390245
1422	48	30	0	0.02	1.0	admixture	mlthmm_ancestral	N546	050	N532	N567	63752.439024390245
1284	186	25	5	0.02	1.0	admixture	dtohmm_ex_ancestral	N546	050	N532	N567	63752.439024390245
1409	61	27	3	0.02	1.0	admixture	bcbhmm_ex_ancestral	N546	050	N532	N567	63752.439024390245
1263	207	23	7	0.02	1.0	admixture	mlthmm_ex_ancestral	N546	050	N532	N567	63752.439024390245
843	627	17	13	0.02	1.0	admixture	bcbhmm_ex_derived	N546	050	N532	N567	63752.439024390245
755	715	12	18	0.02	1.0	admixture	dtohmm_ex_derived	N546	050	N532	N567	63752.439024390245
1470	0	30	0	0.02	1.0	admixture	gqshmm_ex_ancestral	N546	050	N532	N567	63752.439024390245
1360	110	8	22	0.02	1.0	admixture	dtohmm_derived	N546	050	N532	N567	63752.439024390245
1467	3	30	0	0.02	1.0	admixture	bcbhmm_ancestral	N546	050	N532	N567	63752.439024390245
1156	314	13	17	0.02	1.0	admixture	cqshmm_ex_ancestral	N546	050	N532	N567	63752.439024390245
1217	253	30	0	0.02	1.0	admixture	phlag_dto_eap01_ena4_esp001_derived	N546	050	N532	N567	0.2507891356945038
1339	131	0	30	0.02	1.0	admixture	cqshmm_derived	N546	050	N532	N567	63752.439024390245
992	478	3	27	0.02	1.0	admixture	pbphmm_ex_ancestral	N546	050	N532	N567	63752.439024390245
1340	130	19	11	0.02	1.0	admixture	cqshmm_ancestral	N546	050	N532	N567	63752.439024390245
1222	248	25	5	0.02	1.0	admixture	gqshmm_ex	N546	050	N532	N567	63752.439024390245
1203	267	1	29	0.02	1.0	admixture	pbphmm_ex_derived	N546	050	N532	N567	63752.439024390245
1365	105	30	0	0.02	1.0	admixture	mlthmm_derived	N546	050	N532	N567	63752.439024390245
1449	21	30	0	0.02	1.0	admixture	dtohmm_ancestral	N189	025	N132	N146	539662.1951219513
776	694	2	28	0.02	1.0	admixture	pbphmm_derived	N189	025	N132	N146	539662.1951219513
1470	0	1	29	0.02	1.0	admixture	phlag_dto_eap01_ena4_esp001_ex_derived	N189	025	N132	N146	1.9318410158157349
1133	337	21	9	0.02	1.0	admixture	pbphmm_ancestral	N189	025	N132	N146	539662.1951219513
1072	398	14	16	0.02	1.0	admixture	gqshmm_ex_derived	N189	025	N132	N146	539662.1951219513
1161	309	26	4	0.02	1.0	admixture	gqshmm_ancestral	N189	025	N132	N146	539662.1951219513
1299	171	20	10	0.02	1.0	admixture	gqshmm_derived	N189	025	N132	N146	539662.1951219513
1373	97	24	6	0.02	1.0	admixture	cqshmm_ex_derived	N189	025	N132	N146	539662.1951219513
1211	259	2	28	0.02	1.0	admixture	bcbhmm_derived	N189	025	N132	N146	539662.1951219513
1311	159	1	29	0.02	1.0	admixture	mlthmm_ex_derived	N189	025	N132	N146	539662.1951219513
1159	311	25	5	0.02	1.0	admixture	mlthmm_ancestral	N189	025	N132	N146	539662.1951219513
1466	4	21	9	0.02	1.0	admixture	dtohmm_ex_ancestral	N189	025	N132	N146	539662.1951219513
1396	74	25	5	0.02	1.0	admixture	bcbhmm_ex_ancestral	N189	025	N132	N146	539662.1951219513
1468	2	20	10	0.02	1.0	admixture	mlthmm_ex_ancestral	N189	025	N132	N146	539662.1951219513
1429	41	25	5	0.02	1.0	admixture	bcbhmm_ex_derived	N189	025	N132	N146	539662.1951219513
1404	66	29	1	0.02	1.0	admixture	dtohmm_ex_derived	N189	025	N132	N146	539662.1951219513
1068	402	11	19	0.02	1.0	admixture	gqshmm_ex_ancestral	N189	025	N132	N146	539662.1951219513
1301	169	25	5	0.02	1.0	admixture	dtohmm_derived	N189	025	N132	N146	539662.1951219513
1277	193	28	2	0.02	1.0	admixture	bcbhmm_ancestral	N189	025	N132	N146	539662.1951219513
1364	106	15	15	0.02	1.0	admixture	cqshmm_ex_ancestral	N189	025	N132	N146	539662.1951219513
1443	27	30	0	0.02	1.0	admixture	phlag_dto_eap01_ena4_esp001_derived	N189	025	N132	N146	1.9318410158157349
1385	85	24	6	0.02	1.0	admixture	cqshmm_derived	N189	025	N132	N146	539662.1951219513
1377	93	8	22	0.02	1.0	admixture	pbphmm_ex_ancestral	N189	025	N132	N146	539662.1951219513
1443	27	22	8	0.02	1.0	admixture	cqshmm_ancestral	N189	025	N132	N146	539662.1951219513
1244	226	19	11	0.02	1.0	admixture	pbphmm_ex_derived	N189	025	N132	N146	539662.1951219513
1076	394	5	25	0.02	1.0	admixture	mlthmm_derived	N189	025	N132	N146	539662.1951219513
1171	29	0	300	0.2	1.0	admixture	dtohmm_ancestral	N125	025	Cuculiformes	Charadriiformes	1965924.3902439028
1200	0	0	300	0.2	1.0	admixture	phlag_dto_eap01_ena4_esp001_ex_ancestral	N125	025	Cuculiformes	Charadriiformes	5.065239429473877
1200	0	300	0	0.2	1.0	admixture	pbphmm_derived	N125	025	Cuculiformes	Charadriiformes	1965924.3902439028
1200	0	0	300	0.2	1.0	admixture	phlag_dto_eap01_ena4_esp001_ex_derived	N125	025	Cuculiformes	Charadriiformes	5.065239429473877
1200	0	1	299	0.2	1.0	admixture	pbphmm_ancestral	N125	025	Cuculiformes	Charadriiformes	1965924.3902439028
1200	0	300	0	0.2	1.0	admixture	gqshmm_ex_derived	N125	025	Cuculiformes	Charadriiformes	1965924.3902439028
1200	0	300	0	0.2	1.0	admixture	gqshmm_ancestral	N125	025	Cuculiformes	Charadriiformes	1965924.3902439028
1195	5	300	0	0.2	1.0	admixture	gqshmm_derived	N125	025	Cuculiformes	Charadriiformes	1965924.3902439028
1194	6	299	1	0.2	1.0	admixture	cqshmm_ex_derived	N125	025	Cuculiformes	Charadriiformes	1965924.3902439028
1200	0	300	0	0.2	1.0	admixture	bcbhmm_derived	N125	025	Cuculiformes	Charadriiformes	1965924.3902439028
1171	29	0	300	0.2	1.0	admixture	phlag_dto_eap01_ena4_esp001_ancestral	N125	025	Cuculiformes	Charadriiformes	5.065239429473877
1200	0	0	300	0.2	1.0	admixture	mlthmm_ex_derived	N125	025	Cuculiformes	Charadriiformes	1965924.3902439028
1200	0	300	0	0.2	1.0	admixture	mlthmm_ancestral	N125	025	Cuculiformes	Charadriiformes	1965924.3902439028
1200	0	0	300	0.2	1.0	admixture	dtohmm_ex_ancestral	N125	025	Cuculiformes	Charadriiformes	1965924.3902439028
1200	0	0	300	0.2	1.0	admixture	bcbhmm_ex_ancestral	N125	025	Cuculiformes	Charadriiformes	1965924.3902439028
1200	0	0	300	0.2	1.0	admixture	mlthmm_ex_ancestral	N125	025	Cuculiformes	Charadriiformes	1965924.3902439028
1200	0	0	300	0.2	1.0	admixture	bcbhmm_ex_derived	N125	025	Cuculiformes	Charadriiformes	1965924.3902439028
1200	0	0	300	0.2	1.0	admixture	dtohmm_ex_derived	N125	025	Cuculiformes	Charadriiformes	1965924.3902439028
1200	0	300	0	0.2	1.0	admixture	gqshmm_ex_ancestral	N125	025	Cuculiformes	Charadriiformes	1965924.3902439028
1200	0	300	0	0.2	1.0	admixture	dtohmm_derived	N125	025	Cuculiformes	Charadriiformes	1965924.3902439028
1200	0	300	0	0.2	1.0	admixture	bcbhmm_ancestral	N125	025	Cuculiformes	Charadriiformes	1965924.3902439028
1200	0	0	300	0.2	1.0	admixture	cqshmm_ex_ancestral	N125	025	Cuculiformes	Charadriiformes	1965924.3902439028
1200	0	300	0	0.2	1.0	admixture	phlag_dto_eap01_ena4_esp001_derived	N125	025	Cuculiformes	Charadriiformes	5.065239429473877
1200	0	300	0	0.2	1.0	admixture	cqshmm_derived	N125	025	Cuculiformes	Charadriiformes	1965924.3902439028
1200	0	0	300	0.2	1.0	admixture	pbphmm_ex_ancestral	N125	025	Cuculiformes	Charadriiformes	1965924.3902439028
1191	9	0	300	0.2	1.0	admixture	cqshmm_ancestral	N125	025	Cuculiformes	Charadriiformes	1965924.3902439028
1200	0	300	0	0.2	1.0	admixture	gqshmm_ex	N125	025	Cuculiformes	Charadriiformes	1965924.3902439028
1200	0	0	300	0.2	1.0	admixture	pbphmm_ex_derived	N125	025	Cuculiformes	Charadriiformes	1965924.3902439028
1200	0	300	0	0.2	1.0	admixture	mlthmm_derived	N125	025	Cuculiformes	Charadriiformes	1965924.3902439028
1386	39	73	2	0.05	1.0	admixture	dtohmm_ancestral	Musophagiformes	050	N83	N118	4752782.926829269
954	471	50	25	0.05	1.0	admixture	phlag_dto_eap01_ena4_esp001_ex_ancestral	Musophagiformes	050	N83	N118	6.325979709625244
1425	0	75	0	0.05	1.0	admixture	pbphmm_derived	Musophagiformes	050	N83	N118	4752782.926829269
1425	0	75	0	0.05	1.0	admixture	phlag_dto_eap01_ena4_esp001_ex_derived	Musophagiformes	050	N83	N118	6.325979709625244
1425	0	75	0	0.05	1.0	admixture	pbphmm_ancestral	Musophagiformes	050	N83	N118	4752782.926829269
1401	24	75	0	0.05	1.0	admixture	gqshmm_ex_derived	Musophagiformes	050	N83	N118	4752782.926829269
722	703	39	36	0.05	1.0	admixture	gqshmm_ancestral	Musophagiformes	050	N83	N118	4752782.926829269
1425	0	75	0	0.05	1.0	admixture	gqshmm_derived	Musophagiformes	050	N83	N118	4752782.926829269
1062	363	61	14	0.05	1.0	admixture	cqshmm_ex_derived	Musophagiformes	050	N83	N118	4752782.926829269
1425	0	75	0	0.05	1.0	admixture	bcbhmm_derived	Musophagiformes	050	N83	N118	4752782.926829269
1331	94	75	0	0.05	1.0	admixture	phlag_dto_eap01_ena4_esp001_ancestral	Musophagiformes	050	N83	N118	6.325979709625244
730	695	38	37	0.05	1.0	admixture	mlthmm_ex_derived	Musophagiformes	050	N83	N118	4752782.926829269
1150	275	56	19	0.05	1.0	admixture	mlthmm_ancestral	Musophagiformes	050	N83	N118	4752782.926829269
934	491	52	23	0.05	1.0	admixture	dtohmm_ex_ancestral	Musophagiformes	050	N83	N118	4752782.926829269
831	594	44	31	0.05	1.0	admixture	bcbhmm_ex_ancestral	Musophagiformes	050	N83	N118	4752782.926829269
940	485	50	25	0.05	1.0	admixture	mlthmm_ex_ancestral	Musophagiformes	050	N83	N118	4752782.926829269
971	454	48	27	0.05	1.0	admixture	bcbhmm_ex_derived	Musophagiformes	050	N83	N118	4752782.926829269
773	652	40	35	0.05	1.0	admixture	dtohmm_ex_derived	Musophagiformes	050	N83	N118	4752782.926829269
1417	8	74	1	0.05	1.0	admixture	gqshmm_ex_ancestral	Musophagiformes	050	N83	N118	4752782.926829269
1425	0	75	0	0.05	1.0	admixture	dtohmm_derived	Musophagiformes	050	N83	N118	4752782.926829269
966	459	50	25	0.05	1.0	admixture	bcbhmm_ancestral	Musophagiformes	050	N83	N118	4752782.926829269
864	561	40	35	0.05	1.0	admixture	cqshmm_ex_ancestral	Musophagiformes	050	N83	N118	4752782.926829269
1425	0	75	0	0.05	1.0	admixture	phlag_dto_eap01_ena4_esp001_derived	Musophagiformes	050	N83	N118	6.325979709625244
1425	0	75	0	0.05	1.0	admixture	cqshmm_derived	Musophagiformes	050	N83	N118	4752782.926829269
1389	36	72	3	0.05	1.0	admixture	pbphmm_ex_ancestral	Musophagiformes	050	N83	N118	4752782.926829269
943	482	48	27	0.05	1.0	admixture	cqshmm_ancestral	Musophagiformes	050	N83	N118	4752782.926829269
1401	24	75	0	0.05	1.0	admixture	gqshmm_ex	Musophagiformes	050	N83	N118	4752782.926829269
1421	4	75	0	0.05	1.0	admixture	pbphmm_ex_derived	Musophagiformes	050	N83	N118	4752782.926829269
1425	0	75	0	0.05	1.0	admixture	mlthmm_derived	Musophagiformes	050	N83	N118	4752782.926829269
1083	42	344	31	0.25	1.0	admixture	dtohmm_ancestral	Coraciiformes	025	Bucerotiformes	Piciformes	449463.4146341464
1125	0	42	333	0.25	1.0	admixture	phlag_dto_eap01_ena4_esp001_ex_ancestral	Coraciiformes	025	Bucerotiformes	Piciformes	2.2597835063934326
1097	28	3	372	0.25	1.0	admixture	pbphmm_derived	Coraciiformes	025	Bucerotiformes	Piciformes	449463.4146341464
1125	0	34	341	0.25	1.0	admixture	phlag_dto_eap01_ena4_esp001_ex_derived	Coraciiformes	025	Bucerotiformes	Piciformes	2.2597835063934326
646	479	282	93	0.25	1.0	admixture	pbphmm_ancestral	Coraciiformes	025	Bucerotiformes	Piciformes	449463.4146341464
891	234	263	112	0.25	1.0	admixture	gqshmm_ex_derived	Coraciiformes	025	Bucerotiformes	Piciformes	449463.4146341464
976	149	325	50	0.25	1.0	admixture	gqshmm_ancestral	Coraciiformes	025	Bucerotiformes	Piciformes	449463.4146341464
1069	56	275	100	0.25	1.0	admixture	gqshmm_derived	Coraciiformes	025	Bucerotiformes	Piciformes	449463.4146341464
1047	78	303	72	0.25	1.0	admixture	cqshmm_ex_derived	Coraciiformes	025	Bucerotiformes	Piciformes	449463.4146341464
1125	0	361	14	0.25	1.0	admixture	bcbhmm_derived	Coraciiformes	025	Bucerotiformes	Piciformes	449463.4146341464
1111	14	89	286	0.25	1.0	admixture	phlag_dto_eap01_ena4_esp001_ancestral	Coraciiformes	025	Bucerotiformes	Piciformes	2.2597835063934326
1012	113	279	96	0.25	1.0	admixture	mlthmm_ex_derived	Coraciiformes	025	Bucerotiformes	Piciformes	449463.4146341464
1091	34	367	8	0.25	1.0	admixture	mlthmm_ancestral	Coraciiformes	025	Bucerotiformes	Piciformes	449463.4146341464
850	275	316	59	0.25	1.0	admixture	dtohmm_ex_ancestral	Coraciiformes	025	Bucerotiformes	Piciformes	449463.4146341464
1067	58	357	18	0.25	1.0	admixture	bcbhmm_ex_ancestral	Coraciiformes	025	Bucerotiformes	Piciformes	449463.4146341464
918	207	303	72	0.25	1.0	admixture	mlthmm_ex_ancestral	Coraciiformes	025	Bucerotiformes	Piciformes	449463.4146341464
939	186	294	81	0.25	1.0	admixture	bcbhmm_ex_derived	Coraciiformes	025	Bucerotiformes	Piciformes	449463.4146341464
1083	42	325	50	0.25	1.0	admixture	dtohmm_ex_derived	Coraciiformes	025	Bucerotiformes	Piciformes	449463.4146341464
1091	34	337	38	0.25	1.0	admixture	gqshmm_ex_ancestral	Coraciiformes	025	Bucerotiformes	Piciformes	449463.4146341464
1125	0	21	354	0.25	1.0	admixture	dtohmm_derived	Coraciiformes	025	Bucerotiformes	Piciformes	449463.4146341464
1120	5	371	4	0.25	1.0	admixture	bcbhmm_ancestral	Coraciiformes	025	Bucerotiformes	Piciformes	449463.4146341464
994	131	332	43	0.25	1.0	admixture	cqshmm_ex_ancestral	Coraciiformes	025	Bucerotiformes	Piciformes	449463.4146341464
1125	0	21	354	0.25	1.0	admixture	phlag_dto_eap01_ena4_esp001_derived	Coraciiformes	025	Bucerotiformes	Piciformes	2.2597835063934326
1125	0	17	358	0.25	1.0	admixture	cqshmm_derived	Coraciiformes	025	Bucerotiformes	Piciformes	449463.4146341464
608	517	228	147	0.25	1.0	admixture	pbphmm_ex_ancestral	Coraciiformes	025	Bucerotiformes	Piciformes	449463.4146341464
1097	28	362	13	0.25	1.0	admixture	cqshmm_ancestral	Coraciiformes	025	Bucerotiformes	Piciformes	449463.4146341464
891	234	264	111	0.25	1.0	admixture	gqshmm_ex	Coraciiformes	025	Bucerotiformes	Piciformes	449463.4146341464
1105	20	291	84	0.25	1.0	admixture	pbphmm_ex_derived	Coraciiformes	025	Bucerotiformes	Piciformes	449463.4146341464
1125	0	18	357	0.25	1.0	admixture	mlthmm_derived	Coraciiformes	025	Bucerotiformes	Piciformes	449463.4146341464
845	430	160	65	0.15	1.0	admixture	dtohmm_ancestral	Strigiformes	050	N349	N299	945508.536585366
671	604	116	109	0.15	1.0	admixture	phlag_dto_eap01_ena4_esp001_ex_ancestral	Strigiformes	050	N349	N299	1.7361506223678589
1275	0	225	0	0.15	1.0	admixture	pbphmm_derived	Strigiformes	050	N349	N299	945508.536585366
869	406	225	0	0.15	1.0	admixture	phlag_dto_eap01_ena4_esp001_ex_derived	Strigiformes	050	N349	N299	1.7361506223678589
1191	84	217	8	0.15	1.0	admixture	pbphmm_ancestral	Strigiformes	050	N349	N299	945508.536585366
1272	3	225	0	0.15	1.0	admixture	gqshmm_ex_derived	Strigiformes	050	N349	N299	945508.536585366
806	469	139	86	0.15	1.0	admixture	gqshmm_ancestral	Strigiformes	050	N349	N299	945508.536585366
1048	227	174	51	0.15	1.0	admixture	gqshmm_derived	Strigiformes	050	N349	N299	945508.536585366
790	485	142	83	0.15	1.0	admixture	cqshmm_ex_derived	Strigiformes	050	N349	N299	945508.536585366
1257	18	221	4	0.15	1.0	admixture	bcbhmm_derived	Strigiformes	050	N349	N299	945508.536585366
1133	142	212	13	0.15	1.0	admixture	phlag_dto_eap01_ena4_esp001_ancestral	Strigiformes	050	N349	N299	1.7361506223678589
685	590	120	105	0.15	1.0	admixture	mlthmm_ex_derived	Strigiformes	050	N349	N299	945508.536585366
750	525	143	82	0.15	1.0	admixture	mlthmm_ancestral	Strigiformes	050	N349	N299	945508.536585366
841	434	144	81	0.15	1.0	admixture	dtohmm_ex_ancestral	Strigiformes	050	N349	N299	945508.536585366
679	596	118	107	0.15	1.0	admixture	bcbhmm_ex_ancestral	Strigiformes	050	N349	N299	945508.536585366
836	439	156	69	0.15	1.0	admixture	mlthmm_ex_ancestral	Strigiformes	050	N349	N299	945508.536585366
919	356	163	62	0.15	1.0	admixture	bcbhmm_ex_derived	Strigiformes	050	N349	N299	945508.536585366
915	360	173	52	0.15	1.0	admixture	dtohmm_ex_derived	Strigiformes	050	N349	N299	945508.536585366
1019	256	166	59	0.15	1.0	admixture	gqshmm_ex_ancestral	Strigiformes	050	N349	N299	945508.536585366
1228	47	211	14	0.15	1.0	admixture	dtohmm_derived	Strigiformes	050	N349	N299	945508.536585366
801	474	150	75	0.15	1.0	admixture	bcbhmm_ancestral	Strigiformes	050	N349	N299	945508.536585366
748	527	133	92	0.15	1.0	admixture	cqshmm_ex_ancestral	Strigiformes	050	N349	N299	945508.536585366
867	408	225	0	0.15	1.0	admixture	phlag_dto_eap01_ena4_esp001_derived	Strigiformes	050	N349	N299	1.7361506223678589
991	284	167	58	0.15	1.0	admixture	cqshmm_derived	Strigiformes	050	N349	N299	945508.536585366
1241	34	219	6	0.15	1.0	admixture	pbphmm_ex_ancestral	Strigiformes	050	N349	N299	945508.536585366
651	624	114	111	0.15	1.0	admixture	cqshmm_ancestral	Strigiformes	050	N349	N299	945508.536585366
1272	3	225	0	0.15	1.0	admixture	gqshmm_ex	Strigiformes	050	N349	N299	945508.536585366
1257	18	221	4	0.15	1.0	admixture	pbphmm_ex_derived	Strigiformes	050	N349	N299	945508.536585366
1136	139	189	36	0.15	1.0	admixture	mlthmm_derived	Strigiformes	050	N349	N299	945508.536585366
782	643	39	36	0.05	1.0	admixture	dtohmm_ancestral	Caprimulgiformes1	050	N220	N202	109370.73170731709
1071	354	66	9	0.05	1.0	admixture	phlag_dto_eap01_ena4_esp001_ex_ancestral	Caprimulgiformes1	050	N220	N202	0.0964488759636879
877	548	32	43	0.05	1.0	admixture	pbphmm_derived	Caprimulgiformes1	050	N220	N202	109370.73170731709
833	592	75	0	0.05	1.0	admixture	phlag_dto_eap01_ena4_esp001_ex_derived	Caprimulgiformes1	050	N220	N202	0.0964488759636879
1364	61	75	0	0.05	1.0	admixture	pbphmm_ancestral	Caprimulgiformes1	050	N220	N202	109370.73170731709
1264	161	57	18	0.05	1.0	admixture	gqshmm_ex_derived	Caprimulgiformes1	050	N220	N202	109370.73170731709
1033	392	51	24	0.05	1.0	admixture	gqshmm_ancestral	Caprimulgiformes1	050	N220	N202	109370.73170731709
891	534	47	28	0.05	1.0	admixture	gqshmm_derived	Caprimulgiformes1	050	N220	N202	109370.73170731709
724	701	42	33	0.05	1.0	admixture	cqshmm_ex_derived	Caprimulgiformes1	050	N220	N202	109370.73170731709
1019	406	15	60	0.05	1.0	admixture	bcbhmm_derived	Caprimulgiformes1	050	N220	N202	109370.73170731709
953	472	0	75	0.05	1.0	admixture	phlag_dto_eap01_ena4_esp001_ancestral	Caprimulgiformes1	050	N220	N202	0.0964488759636879
930	495	54	21	0.05	1.0	admixture	mlthmm_ex_derived	Caprimulgiformes1	050	N220	N202	109370.73170731709
1145	280	64	11	0.05	1.0	admixture	mlthmm_ancestral	Caprimulgiformes1	050	N220	N202	109370.73170731709
820	605	42	33	0.05	1.0	admixture	dtohmm_ex_ancestral	Caprimulgiformes1	050	N220	N202	109370.73170731709
933	492	55	20	0.05	1.0	admixture	bcbhmm_ex_ancestral	Caprimulgiformes1	050	N220	N202	109370.73170731709
930	495	54	21	0.05	1.0	admixture	mlthmm_ex_ancestral	Caprimulgiformes1	050	N220	N202	109370.73170731709
1259	166	53	22	0.05	1.0	admixture	bcbhmm_ex_derived	Caprimulgiformes1	050	N220	N202	109370.73170731709
815	610	41	34	0.05	1.0	admixture	dtohmm_ex_derived	Caprimulgiformes1	050	N220	N202	109370.73170731709
953	472	43	32	0.05	1.0	admixture	gqshmm_ex_ancestral	Caprimulgiformes1	050	N220	N202	109370.73170731709
970	455	52	23	0.05	1.0	admixture	dtohmm_derived	Caprimulgiformes1	050	N220	N202	109370.73170731709
875	550	42	33	0.05	1.0	admixture	bcbhmm_ancestral	Caprimulgiformes1	050	N220	N202	109370.73170731709
739	686	39	36	0.05	1.0	admixture	cqshmm_ex_ancestral	Caprimulgiformes1	050	N220	N202	109370.73170731709
1379	46	75	0	0.05	1.0	admixture	phlag_dto_eap01_ena4_esp001_derived	Caprimulgiformes1	050	N220	N202	0.0964488759636879
939	486	13	62	0.05	1.0	admixture	cqshmm_derived	Caprimulgiformes1	050	N220	N202	109370.73170731709
1404	21	75	0	0.05	1.0	admixture	pbphmm_ex_ancestral	Caprimulgiformes1	050	N220	N202	109370.73170731709
922	503	45	30	0.05	1.0	admixture	cqshmm_ancestral	Caprimulgiformes1	050	N220	N202	109370.73170731709
1133	292	61	14	0.05	1.0	admixture	gqshmm_ex	Caprimulgiformes1	050	N220	N202	109370.73170731709
1401	24	75	0	0.05	1.0	admixture	pbphmm_ex_derived	Caprimulgiformes1	050	N220	N202	109370.73170731709
869	556	50	25	0.05	1.0	admixture	mlthmm_derived	Caprimulgiformes1	050	N220	N202	109370.73170731709
1275	0	225	0	0.15	1.0	admixture	dtohmm_ancestral	Falconiformes	050	Cariamiformes	Psittaciformes	3730895.12195122
1275	0	225	0	0.15	1.0	admixture	pbphmm_derived	Falconiformes	050	Cariamiformes	Psittaciformes	3730895.12195122
1272	3	0	225	0.15	1.0	admixture	phlag_dto_eap01_ena4_esp001_ex_derived	Falconiformes	050	Cariamiformes	Psittaciformes	6.166205406188965
1275	0	225	0	0.15	1.0	admixture	pbphmm_ancestral	Falconiformes	050	Cariamiformes	Psittaciformes	3730895.12195122
1273	2	225	0	0.15	1.0	admixture	gqshmm_ex_derived	Falconiformes	050	Cariamiformes	Psittaciformes	3730895.12195122
1275	0	225	0	0.15	1.0	admixture	gqshmm_ancestral	Falconiformes	050	Cariamiformes	Psittaciformes	3730895.12195122
1275	0	224	1	0.15	1.0	admixture	gqshmm_derived	Falconiformes	050	Cariamiformes	Psittaciformes	3730895.12195122
745	530	104	121	0.15	1.0	admixture	cqshmm_ex_derived	Falconiformes	050	Cariamiformes	Psittaciformes	3730895.12195122
1275	0	225	0	0.15	1.0	admixture	bcbhmm_derived	Falconiformes	050	Cariamiformes	Psittaciformes	3730895.12195122
970	305	225	0	0.15	1.0	admixture	mlthmm_ex_derived	Falconiformes	050	Cariamiformes	Psittaciformes	3730895.12195122
1275	0	225	0	0.15	1.0	admixture	mlthmm_ancestral	Falconiformes	050	Cariamiformes	Psittaciformes	3730895.12195122
901	374	195	30	0.15	1.0	admixture	dtohmm_ex_ancestral	Falconiformes	050	Cariamiformes	Psittaciformes	3730895.12195122
903	372	196	29	0.15	1.0	admixture	bcbhmm_ex_ancestral	Falconiformes	050	Cariamiformes	Psittaciformes	3730895.12195122
901	374	195	30	0.15	1.0	admixture	mlthmm_ex_ancestral	Falconiformes	050	Cariamiformes	Psittaciformes	3730895.12195122
973	302	225	0	0.15	1.0	admixture	bcbhmm_ex_derived	Falconiformes	050	Cariamiformes	Psittaciformes	3730895.12195122
678	597	153	72	0.15	1.0	admixture	dtohmm_ex_derived	Falconiformes	050	Cariamiformes	Psittaciformes	3730895.12195122
788	487	162	63	0.15	1.0	admixture	gqshmm_ex_ancestral	Falconiformes	050	Cariamiformes	Psittaciformes	3730895.12195122
1275	0	225	0	0.15	1.0	admixture	dtohmm_derived	Falconiformes	050	Cariamiformes	Psittaciformes	3730895.12195122
1275	0	225	0	0.15	1.0	admixture	bcbhmm_ancestral	Falconiformes	050	Cariamiformes	Psittaciformes	3730895.12195122
776	499	140	85	0.15	1.0	admixture	cqshmm_ex_ancestral	Falconiformes	050	Cariamiformes	Psittaciformes	3730895.12195122
1275	0	225	0	0.15	1.0	admixture	phlag_dto_eap01_ena4_esp001_derived	Falconiformes	050	Cariamiformes	Psittaciformes	6.166205406188965
1275	0	225	0	0.15	1.0	admixture	cqshmm_derived	Falconiformes	050	Cariamiformes	Psittaciformes	3730895.12195122
988	287	156	69	0.15	1.0	admixture	pbphmm_ex_ancestral	Falconiformes	050	Cariamiformes	Psittaciformes	3730895.12195122
1275	0	225	0	0.15	1.0	admixture	cqshmm_ancestral	Falconiformes	050	Cariamiformes	Psittaciformes	3730895.12195122
1222	53	225	0	0.15	1.0	admixture	pbphmm_ex_derived	Falconiformes	050	Cariamiformes	Psittaciformes	3730895.12195122
1275	0	225	0	0.15	1.0	admixture	mlthmm_derived	Falconiformes	050	Cariamiformes	Psittaciformes	3730895.12195122
1292	178	27	3	0.02	1.0	admixture	dtohmm_ancestral	N689	050	N657	N672	91779.26829268293
991	479	0	30	0.02	1.0	admixture	phlag_dto_eap01_ena4_esp001_ex_ancestral	N689	050	N657	N672	0.44621244072914124
967	503	11	19	0.02	1.0	admixture	pbphmm_derived	N689	050	N657	N672	91779.26829268293
1020	450	0	30	0.02	1.0	admixture	phlag_dto_eap01_ena4_esp001_ex_derived	N689	050	N657	N672	0.44621244072914124
763	707	13	17	0.02	1.0	admixture	pbphmm_ancestral	N689	050	N657	N672	91779.26829268293
749	721	15	15	0.02	1.0	admixture	gqshmm_ex_derived	N689	050	N657	N672	91779.26829268293
1431	39	28	2	0.02	1.0	admixture	gqshmm_ancestral	N689	050	N657	N672	91779.26829268293
1088	382	20	10	0.02	1.0	admixture	gqshmm_derived	N689	050	N657	N672	91779.26829268293
999	471	17	13	0.02	1.0	admixture	cqshmm_ex_derived	N689	050	N657	N672	91779.26829268293
1300	170	30	0	0.02	1.0	admixture	bcbhmm_derived	N689	050	N657	N672	91779.26829268293
1096	374	30	0	0.02	1.0	admixture	phlag_dto_eap01_ena4_esp001_ancestral	N689	050	N657	N672	0.44621244072914124
885	585	15	15	0.02	1.0	admixture	mlthmm_ex_derived	N689	050	N657	N672	91779.26829268293
1436	34	30	0	0.02	1.0	admixture	mlthmm_ancestral	N689	050	N657	N672	91779.26829268293
1057	413	23	7	0.02	1.0	admixture	dtohmm_ex_ancestral	N689	050	N657	N672	91779.26829268293
1342	128	25	5	0.02	1.0	admixture	bcbhmm_ex_ancestral	N689	050	N657	N672	91779.26829268293
1070	400	24	6	0.02	1.0	admixture	mlthmm_ex_ancestral	N689	050	N657	N672	91779.26829268293
1080	390	24	6	0.02	1.0	admixture	bcbhmm_ex_derived	N689	050	N657	N672	91779.26829268293
861	609	15	15	0.02	1.0	admixture	dtohmm_ex_derived	N689	050	N657	N672	91779.26829268293
1421	49	28	2	0.02	1.0	admixture	gqshmm_ex_ancestral	N689	050	N657	N672	91779.26829268293
1119	351	17	13	0.02	1.0	admixture	dtohmm_derived	N689	050	N657	N672	91779.26829268293
1466	4	30	0	0.02	1.0	admixture	bcbhmm_ancestral	N689	050	N657	N672	91779.26829268293
966	504	12	18	0.02	1.0	admixture	cqshmm_ex_ancestral	N689	050	N657	N672	91779.26829268293
1470	0	30	0	0.02	1.0	admixture	phlag_dto_eap01_ena4_esp001_derived	N689	050	N657	N672	0.44621244072914124
1297	173	17	13	0.02	1.0	admixture	cqshmm_derived	N689	050	N657	N672	91779.26829268293
820	650	0	30	0.02	1.0	admixture	pbphmm_ex_ancestral	N689	050	N657	N672	91779.26829268293
1226	244	20	10	0.02	1.0	admixture	cqshmm_ancestral	N689	050	N657	N672	91779.26829268293
749	721	15	15	0.02	1.0	admixture	gqshmm_ex	N689	050	N657	N672	91779.26829268293
946	524	28	2	0.02	1.0	admixture	pbphmm_ex_derived	N689	050	N657	N672	91779.26829268293
876	594	15	15	0.02	1.0	admixture	mlthmm_derived	N689	050	N657	N672	91779.26829268293
1386	39	71	4	0.05	1.0	admixture	dtohmm_ancestral	N189	050	N132	N146	539662.1951219513
928	497	72	3	0.05	1.0	admixture	pbphmm_derived	N189	050	N132	N146	539662.1951219513
1425	0	2	73	0.05	1.0	admixture	phlag_dto_eap01_ena4_esp001_ex_derived	N189	050	N132	N146	1.9798842668533325
1027	398	42	33	0.05	1.0	admixture	pbphmm_ancestral	N189	050	N132	N146	539662.1951219513
1042	383	23	52	0.05	1.0	admixture	gqshmm_ex_derived	N189	050	N132	N146	539662.1951219513
1120	305	65	10	0.05	1.0	admixture	gqshmm_ancestral	N189	050	N132	N146	539662.1951219513
1262	163	60	15	0.05	1.0	admixture	gqshmm_derived	N189	050	N132	N146	539662.1951219513
1328	97	64	11	0.05	1.0	admixture	cqshmm_ex_derived	N189	050	N132	N146	539662.1951219513
1226	199	66	9	0.05	1.0	admixture	bcbhmm_derived	N189	050	N132	N146	539662.1951219513
1425	0	2	73	0.05	1.0	admixture	mlthmm_ex_derived	N189	050	N132	N146	539662.1951219513
796	629	42	33	0.05	1.0	admixture	mlthmm_ancestral	N189	050	N132	N146	539662.1951219513
1425	0	26	49	0.05	1.0	admixture	dtohmm_ex_ancestral	N189	050	N132	N146	539662.1951219513
1423	2	2	73	0.05	1.0	admixture	bcbhmm_ex_ancestral	N189	050	N132	N146	539662.1951219513
1425	0	24	51	0.05	1.0	admixture	mlthmm_ex_ancestral	N189	050	N132	N146	539662.1951219513
1425	0	2	73	0.05	1.0	admixture	bcbhmm_ex_derived	N189	050	N132	N146	539662.1951219513
1354	71	67	8	0.05	1.0	admixture	dtohmm_ex_derived	N189	050	N132	N146	539662.1951219513
1014	411	23	52	0.05	1.0	admixture	gqshmm_ex_ancestral	N189	050	N132	N146	539662.1951219513
1138	287	61	14	0.05	1.0	admixture	dtohmm_derived	N189	050	N132	N146	539662.1951219513
1253	172	71	4	0.05	1.0	admixture	bcbhmm_ancestral	N189	050	N132	N146	539662.1951219513
1422	3	30	45	0.05	1.0	admixture	cqshmm_ex_ancestral	N189	050	N132	N146	539662.1951219513
1425	0	75	0	0.05	1.0	admixture	phlag_dto_eap01_ena4_esp001_derived	N189	050	N132	N146	1.9798842668533325
1271	154	62	13	0.05	1.0	admixture	cqshmm_derived	N189	050	N132	N146	539662.1951219513
1425	0	19	56	0.05	1.0	admixture	pbphmm_ex_ancestral	N189	050	N132	N146	539662.1951219513
1395	30	2	73	0.05	1.0	admixture	cqshmm_ancestral	N189	050	N132	N146	539662.1951219513
1183	242	57	18	0.05	1.0	admixture	pbphmm_ex_derived	N189	050	N132	N146	539662.1951219513
1111	314	39	36	0.05	1.0	admixture	mlthmm_derived	N189	050	N132	N146	539662.1951219513
1134	66	283	17	0.2	1.0	admixture	dtohmm_ancestral	N251	050	N269	N242	113279.26829268294
733	467	208	92	0.2	1.0	admixture	phlag_dto_eap01_ena4_esp001_ex_ancestral	N251	050	N269	N242	0.06564424932003021
1199	1	300	0	0.2	1.0	admixture	pbphmm_derived	N251	050	N269	N242	113279.26829268294
1093	107	300	0	0.2	1.0	admixture	phlag_dto_eap01_ena4_esp001_ex_derived	N251	050	N269	N242	0.06564424932003021
1199	1	300	0	0.2	1.0	admixture	pbphmm_ancestral	N251	050	N269	N242	113279.26829268294
829	371	212	88	0.2	1.0	admixture	gqshmm_ex_derived	N251	050	N269	N242	113279.26829268294
906	294	213	87	0.2	1.0	admixture	gqshmm_ancestral	N251	050	N269	N242	113279.26829268294
736	464	184	116	0.2	1.0	admixture	gqshmm_derived	N251	050	N269	N242	113279.26829268294
651	549	167	133	0.2	1.0	admixture	cqshmm_ex_derived	N251	050	N269	N242	113279.26829268294
717	483	181	119	0.2	1.0	admixture	bcbhmm_derived	N251	050	N269	N242	113279.26829268294
582	618	300	0	0.2	1.0	admixture	phlag_dto_eap01_ena4_esp001_ancestral	N251	050	N269	N242	0.06564424932003021
827	373	211	89	0.2	1.0	admixture	mlthmm_ex_derived	N251	050	N269	N242	113279.26829268294
1194	6	300	0	0.2	1.0	admixture	mlthmm_ancestral	N251	050	N269	N242	113279.26829268294
736	464	165	135	0.2	1.0	admixture	dtohmm_ex_ancestral	N251	050	N269	N242	113279.26829268294
784	416	197	103	0.2	1.0	admixture	bcbhmm_ex_ancestral	N251	050	N269	N242	113279.26829268294
626	574	195	105	0.2	1.0	admixture	mlthmm_ex_ancestral	N251	050	N269	N242	113279.26829268294
835	365	210	90	0.2	1.0	admixture	bcbhmm_ex_derived	N251	050	N269	N242	113279.26829268294
635	565	154	146	0.2	1.0	admixture	dtohmm_ex_derived	N251	050	N269	N242	113279.26829268294
1168	32	300	0	0.2	1.0	admixture	gqshmm_ex_ancestral	N251	050	N269	N242	113279.26829268294
1071	129	265	35	0.2	1.0	admixture	dtohmm_derived	N251	050	N269	N242	113279.26829268294
1200	0	300	0	0.2	1.0	admixture	bcbhmm_ancestral	N251	050	N269	N242	113279.26829268294
821	379	198	102	0.2	1.0	admixture	cqshmm_ex_ancestral	N251	050	N269	N242	113279.26829268294
1078	122	300	0	0.2	1.0	admixture	phlag_dto_eap01_ena4_esp001_derived	N251	050	N269	N242	0.06564424932003021
968	232	207	93	0.2	1.0	admixture	cqshmm_derived	N251	050	N269	N242	113279.26829268294
932	268	265	35	0.2	1.0	admixture	pbphmm_ex_ancestral	N251	050	N269	N242	113279.26829268294
1196	4	300	0	0.2	1.0	admixture	cqshmm_ancestral	N251	050	N269	N242	113279.26829268294
829	371	212	88	0.2	1.0	admixture	gqshmm_ex	N251	050	N269	N242	113279.26829268294
1088	112	291	9	0.2	1.0	admixture	pbphmm_ex_derived	N251	050	N269	N242	113279.26829268294
800	400	196	104	0.2	1.0	admixture	mlthmm_derived	N251	050	N269	N242	113279.26829268294
676	599	180	45	0.15	1.0	admixture	dtohmm_ancestral	Columbiformes	050	Mesitornis_unicolor	N93	4988273.170731708
1095	180	84	141	0.15	1.0	admixture	phlag_dto_eap01_ena4_esp001_ex_ancestral	Columbiformes	050	Mesitornis_unicolor	N93	6.908453941345215
1275	0	225	0	0.15	1.0	admixture	pbphmm_derived	Columbiformes	050	Mesitornis_unicolor	N93	4988273.170731708
1272	3	0	225	0.15	1.0	admixture	phlag_dto_eap01_ena4_esp001_ex_derived	Columbiformes	050	Mesitornis_unicolor	N93	6.908453941345215
1005	270	170	55	0.15	1.0	admixture	pbphmm_ancestral	Columbiformes	050	Mesitornis_unicolor	N93	4988273.170731708
1135	140	214	11	0.15	1.0	admixture	gqshmm_ex_derived	Columbiformes	050	Mesitornis_unicolor	N93	4988273.170731708
647	628	173	52	0.15	1.0	admixture	gqshmm_ancestral	Columbiformes	050	Mesitornis_unicolor	N93	4988273.170731708
1275	0	225	0	0.15	1.0	admixture	gqshmm_derived	Columbiformes	050	Mesitornis_unicolor	N93	4988273.170731708
964	311	174	51	0.15	1.0	admixture	cqshmm_ex_derived	Columbiformes	050	Mesitornis_unicolor	N93	4988273.170731708
1275	0	225	0	0.15	1.0	admixture	bcbhmm_derived	Columbiformes	050	Mesitornis_unicolor	N93	4988273.170731708
1275	0	6	219	0.15	1.0	admixture	phlag_dto_eap01_ena4_esp001_ancestral	Columbiformes	050	Mesitornis_unicolor	N93	6.908453941345215
703	572	135	90	0.15	1.0	admixture	mlthmm_ex_derived	Columbiformes	050	Mesitornis_unicolor	N93	4988273.170731708
737	538	79	146	0.15	1.0	admixture	mlthmm_ancestral	Columbiformes	050	Mesitornis_unicolor	N93	4988273.170731708
1015	260	200	25	0.15	1.0	admixture	dtohmm_ex_ancestral	Columbiformes	050	Mesitornis_unicolor	N93	4988273.170731708
739	536	80	145	0.15	1.0	admixture	bcbhmm_ex_ancestral	Columbiformes	050	Mesitornis_unicolor	N93	4988273.170731708
866	409	175	50	0.15	1.0	admixture	mlthmm_ex_ancestral	Columbiformes	050	Mesitornis_unicolor	N93	4988273.170731708
678	597	183	42	0.15	1.0	admixture	bcbhmm_ex_derived	Columbiformes	050	Mesitornis_unicolor	N93	4988273.170731708
860	415	155	70	0.15	1.0	admixture	dtohmm_ex_derived	Columbiformes	050	Mesitornis_unicolor	N93	4988273.170731708
1275	0	225	0	0.15	1.0	admixture	gqshmm_ex_ancestral	Columbiformes	050	Mesitornis_unicolor	N93	4988273.170731708
1275	0	225	0	0.15	1.0	admixture	dtohmm_derived	Columbiformes	050	Mesitornis_unicolor	N93	4988273.170731708
691	584	64	161	0.15	1.0	admixture	bcbhmm_ancestral	Columbiformes	050	Mesitornis_unicolor	N93	4988273.170731708
697	578	181	44	0.15	1.0	admixture	cqshmm_ex_ancestral	Columbiformes	050	Mesitornis_unicolor	N93	4988273.170731708
1275	0	225	0	0.15	1.0	admixture	phlag_dto_eap01_ena4_esp001_derived	Columbiformes	050	Mesitornis_unicolor	N93	6.908453941345215
1275	0	225	0	0.15	1.0	admixture	cqshmm_derived	Columbiformes	050	Mesitornis_unicolor	N93	4988273.170731708
955	320	203	22	0.15	1.0	admixture	pbphmm_ex_ancestral	Columbiformes	050	Mesitornis_unicolor	N93	4988273.170731708
593	682	173	52	0.15	1.0	admixture	cqshmm_ancestral	Columbiformes	050	Mesitornis_unicolor	N93	4988273.170731708
1135	140	214	11	0.15	1.0	admixture	gqshmm_ex	Columbiformes	050	Mesitornis_unicolor	N93	4988273.170731708
645	630	120	105	0.15	1.0	admixture	pbphmm_ex_derived	Columbiformes	050	Mesitornis_unicolor	N93	4988273.170731708
1275	0	225	0	0.15	1.0	admixture	mlthmm_derived	Columbiformes	050	Mesitornis_unicolor	N93	4988273.170731708
1294	176	27	3	0.02	1.0	admixture	dtohmm_ancestral	N689	025	N657	N672	91779.26829268293
1297	173	1	29	0.02	1.0	admixture	phlag_dto_eap01_ena4_esp001_ex_ancestral	N689	025	N657	N672	0.4486411213874817
981	489	22	8	0.02	1.0	admixture	pbphmm_derived	N689	025	N657	N672	91779.26829268293
939	531	0	30	0.02	1.0	admixture	phlag_dto_eap01_ena4_esp001_ex_derived	N689	025	N657	N672	0.4486411213874817
769	701	14	16	0.02	1.0	admixture	pbphmm_ancestral	N689	025	N657	N672	91779.26829268293
754	716	16	14	0.02	1.0	admixture	gqshmm_ex_derived	N689	025	N657	N672	91779.26829268293
1429	41	27	3	0.02	1.0	admixture	gqshmm_ancestral	N689	025	N657	N672	91779.26829268293
1092	378	16	14	0.02	1.0	admixture	gqshmm_derived	N689	025	N657	N672	91779.26829268293
980	490	13	17	0.02	1.0	admixture	cqshmm_ex_derived	N689	025	N657	N672	91779.26829268293
1332	138	23	7	0.02	1.0	admixture	bcbhmm_derived	N689	025	N657	N672	91779.26829268293
1328	142	30	0	0.02	1.0	admixture	phlag_dto_eap01_ena4_esp001_ancestral	N689	025	N657	N672	0.4486411213874817
891	579	15	15	0.02	1.0	admixture	mlthmm_ex_derived	N689	025	N657	N672	91779.26829268293
1457	13	29	1	0.02	1.0	admixture	mlthmm_ancestral	N689	025	N657	N672	91779.26829268293
1126	344	22	8	0.02	1.0	admixture	dtohmm_ex_ancestral	N689	025	N657	N672	91779.26829268293
1318	152	28	2	0.02	1.0	admixture	bcbhmm_ex_ancestral	N689	025	N657	N672	91779.26829268293
1074	396	22	8	0.02	1.0	admixture	mlthmm_ex_ancestral	N689	025	N657	N672	91779.26829268293
1037	433	22	8	0.02	1.0	admixture	bcbhmm_ex_derived	N689	025	N657	N672	91779.26829268293
864	606	16	14	0.02	1.0	admixture	dtohmm_ex_derived	N689	025	N657	N672	91779.26829268293
1395	75	25	5	0.02	1.0	admixture	gqshmm_ex_ancestral	N689	025	N657	N672	91779.26829268293
1145	325	25	5	0.02	1.0	admixture	dtohmm_derived	N689	025	N657	N672	91779.26829268293
1466	4	30	0	0.02	1.0	admixture	bcbhmm_ancestral	N689	025	N657	N672	91779.26829268293
1074	396	17	13	0.02	1.0	admixture	cqshmm_ex_ancestral	N689	025	N657	N672	91779.26829268293
1470	0	30	0	0.02	1.0	admixture	phlag_dto_eap01_ena4_esp001_derived	N689	025	N657	N672	0.4486411213874817
1072	398	12	18	0.02	1.0	admixture	cqshmm_derived	N689	025	N657	N672	91779.26829268293
811	659	0	30	0.02	1.0	admixture	pbphmm_ex_ancestral	N689	025	N657	N672	91779.26829268293
1237	233	23	7	0.02	1.0	admixture	cqshmm_ancestral	N689	025	N657	N672	91779.26829268293
754	716	16	14	0.02	1.0	admixture	gqshmm_ex	N689	025	N657	N672	91779.26829268293
944	526	26	4	0.02	1.0	admixture	pbphmm_ex_derived	N689	025	N657	N672	91779.26829268293
878	592	14	16	0.02	1.0	admixture	mlthmm_derived	N689	025	N657	N672	91779.26829268293
791	679	18	12	0.02	1.0	admixture	dtohmm_ancestral	Columbiformes	025	Mesitornis_unicolor	N93	4988273.170731708
1045	425	23	7	0.02	1.0	admixture	phlag_dto_eap01_ena4_esp001_ex_ancestral	Columbiformes	025	Mesitornis_unicolor	N93	6.908453941345215
1470	0	30	0	0.02	1.0	admixture	pbphmm_derived	Columbiformes	025	Mesitornis_unicolor	N93	4988273.170731708
1266	204	30	0	0.02	1.0	admixture	phlag_dto_eap01_ena4_esp001_ex_derived	Columbiformes	025	Mesitornis_unicolor	N93	6.908453941345215
1161	309	23	7	0.02	1.0	admixture	pbphmm_ancestral	Columbiformes	025	Mesitornis_unicolor	N93	4988273.170731708
888	582	24	6	0.02	1.0	admixture	gqshmm_ex_derived	Columbiformes	025	Mesitornis_unicolor	N93	4988273.170731708
749	721	15	15	0.02	1.0	admixture	gqshmm_ancestral	Columbiformes	025	Mesitornis_unicolor	N93	4988273.170731708
1470	0	30	0	0.02	1.0	admixture	gqshmm_derived	Columbiformes	025	Mesitornis_unicolor	N93	4988273.170731708
1350	120	27	3	0.02	1.0	admixture	cqshmm_ex_derived	Columbiformes	025	Mesitornis_unicolor	N93	4988273.170731708
1470	0	30	0	0.02	1.0	admixture	bcbhmm_derived	Columbiformes	025	Mesitornis_unicolor	N93	4988273.170731708
1376	94	30	0	0.02	1.0	admixture	phlag_dto_eap01_ena4_esp001_ancestral	Columbiformes	025	Mesitornis_unicolor	N93	6.908453941345215
1191	279	26	4	0.02	1.0	admixture	mlthmm_ex_derived	Columbiformes	025	Mesitornis_unicolor	N93	4988273.170731708
1061	409	21	9	0.02	1.0	admixture	mlthmm_ancestral	Columbiformes	025	Mesitornis_unicolor	N93	4988273.170731708
1171	299	21	9	0.02	1.0	admixture	dtohmm_ex_ancestral	Columbiformes	025	Mesitornis_unicolor	N93	4988273.170731708
859	611	11	19	0.02	1.0	admixture	bcbhmm_ex_ancestral	Columbiformes	025	Mesitornis_unicolor	N93	4988273.170731708
986	484	21	9	0.02	1.0	admixture	mlthmm_ex_ancestral	Columbiformes	025	Mesitornis_unicolor	N93	4988273.170731708
741	729	19	11	0.02	1.0	admixture	bcbhmm_ex_derived	Columbiformes	025	Mesitornis_unicolor	N93	4988273.170731708
983	487	24	6	0.02	1.0	admixture	dtohmm_ex_derived	Columbiformes	025	Mesitornis_unicolor	N93	4988273.170731708
1470	0	30	0	0.02	1.0	admixture	gqshmm_ex_ancestral	Columbiformes	025	Mesitornis_unicolor	N93	4988273.170731708
1470	0	30	0	0.02	1.0	admixture	dtohmm_derived	Columbiformes	025	Mesitornis_unicolor	N93	4988273.170731708
804	666	18	12	0.02	1.0	admixture	bcbhmm_ancestral	Columbiformes	025	Mesitornis_unicolor	N93	4988273.170731708
960	510	13	17	0.02	1.0	admixture	cqshmm_ex_ancestral	Columbiformes	025	Mesitornis_unicolor	N93	4988273.170731708
1470	0	30	0	0.02	1.0	admixture	phlag_dto_eap01_ena4_esp001_derived	Columbiformes	025	Mesitornis_unicolor	N93	6.908453941345215
1470	0	30	0	0.02	1.0	admixture	cqshmm_derived	Columbiformes	025	Mesitornis_unicolor	N93	4988273.170731708
1092	378	23	7	0.02	1.0	admixture	pbphmm_ex_ancestral	Columbiformes	025	Mesitornis_unicolor	N93	4988273.170731708
841	629	14	16	0.02	1.0	admixture	cqshmm_ancestral	Columbiformes	025	Mesitornis_unicolor	N93	4988273.170731708
888	582	24	6	0.02	1.0	admixture	gqshmm_ex	Columbiformes	025	Mesitornis_unicolor	N93	4988273.170731708
921	549	18	12	0.02	1.0	admixture	pbphmm_ex_derived	Columbiformes	025	Mesitornis_unicolor	N93	4988273.170731708
1470	0	30	0	0.02	1.0	admixture	mlthmm_derived	Columbiformes	025	Mesitornis_unicolor	N93	4988273.170731708
1200	0	300	0	0.2	1.0	admixture	dtohmm_ancestral	Falconiformes	025	Cariamiformes	Psittaciformes	3730895.12195122
1200	0	300	0	0.2	1.0	admixture	pbphmm_derived	Falconiformes	025	Cariamiformes	Psittaciformes	3730895.12195122
1200	0	0	300	0.2	1.0	admixture	phlag_dto_eap01_ena4_esp001_ex_derived	Falconiformes	025	Cariamiformes	Psittaciformes	6.311888217926025
1200	0	300	0	0.2	1.0	admixture	pbphmm_ancestral	Falconiformes	025	Cariamiformes	Psittaciformes	3730895.12195122
1198	2	300	0	0.2	1.0	admixture	gqshmm_ex_derived	Falconiformes	025	Cariamiformes	Psittaciformes	3730895.12195122
1200	0	300	0	0.2	1.0	admixture	gqshmm_ancestral	Falconiformes	025	Cariamiformes	Psittaciformes	3730895.12195122
1200	0	300	0	0.2	1.0	admixture	gqshmm_derived	Falconiformes	025	Cariamiformes	Psittaciformes	3730895.12195122
1025	175	52	248	0.2	1.0	admixture	cqshmm_ex_derived	Falconiformes	025	Cariamiformes	Psittaciformes	3730895.12195122
1200	0	300	0	0.2	1.0	admixture	bcbhmm_derived	Falconiformes	025	Cariamiformes	Psittaciformes	3730895.12195122
1200	0	0	300	0.2	1.0	admixture	mlthmm_ex_derived	Falconiformes	025	Cariamiformes	Psittaciformes	3730895.12195122
1200	0	300	0	0.2	1.0	admixture	mlthmm_ancestral	Falconiformes	025	Cariamiformes	Psittaciformes	3730895.12195122
849	351	239	61	0.2	1.0	admixture	dtohmm_ex_ancestral	Falconiformes	025	Cariamiformes	Psittaciformes	3730895.12195122
849	351	239	61	0.2	1.0	admixture	bcbhmm_ex_ancestral	Falconiformes	025	Cariamiformes	Psittaciformes	3730895.12195122
849	351	239	61	0.2	1.0	admixture	mlthmm_ex_ancestral	Falconiformes	025	Cariamiformes	Psittaciformes	3730895.12195122
839	361	287	13	0.2	1.0	admixture	bcbhmm_ex_derived	Falconiformes	025	Cariamiformes	Psittaciformes	3730895.12195122
665	535	175	125	0.2	1.0	admixture	dtohmm_ex_derived	Falconiformes	025	Cariamiformes	Psittaciformes	3730895.12195122
806	394	35	265	0.2	1.0	admixture	gqshmm_ex_ancestral	Falconiformes	025	Cariamiformes	Psittaciformes	3730895.12195122
1200	0	300	0	0.2	1.0	admixture	dtohmm_derived	Falconiformes	025	Cariamiformes	Psittaciformes	3730895.12195122
1200	0	300	0	0.2	1.0	admixture	bcbhmm_ancestral	Falconiformes	025	Cariamiformes	Psittaciformes	3730895.12195122
733	467	188	112	0.2	1.0	admixture	cqshmm_ex_ancestral	Falconiformes	025	Cariamiformes	Psittaciformes	3730895.12195122
1200	0	300	0	0.2	1.0	admixture	phlag_dto_eap01_ena4_esp001_derived	Falconiformes	025	Cariamiformes	Psittaciformes	6.311888217926025
1200	0	296	4	0.2	1.0	admixture	cqshmm_derived	Falconiformes	025	Cariamiformes	Psittaciformes	3730895.12195122
1164	36	295	5	0.2	1.0	admixture	pbphmm_ex_ancestral	Falconiformes	025	Cariamiformes	Psittaciformes	3730895.12195122
1200	0	300	0	0.2	1.0	admixture	cqshmm_ancestral	Falconiformes	025	Cariamiformes	Psittaciformes	3730895.12195122
1154	46	300	0	0.2	1.0	admixture	pbphmm_ex_derived	Falconiformes	025	Cariamiformes	Psittaciformes	3730895.12195122
1200	0	300	0	0.2	1.0	admixture	mlthmm_derived	Falconiformes	025	Cariamiformes	Psittaciformes	3730895.12195122
789	336	260	115	0.25	1.0	admixture	dtohmm_ancestral	Caprimulgiformes1	025	N220	N202	109370.73170731709
821	304	1	374	0.25	1.0	admixture	phlag_dto_eap01_ena4_esp001_ex_ancestral	Caprimulgiformes1	025	N220	N202	0.06960760056972504
941	184	216	159	0.25	1.0	admixture	pbphmm_derived	Caprimulgiformes1	025	N220	N202	109370.73170731709
919	206	0	375	0.25	1.0	admixture	phlag_dto_eap01_ena4_esp001_ex_derived	Caprimulgiformes1	025	N220	N202	0.06960760056972504
900	225	300	75	0.25	1.0	admixture	pbphmm_ancestral	Caprimulgiformes1	025	N220	N202	109370.73170731709
993	132	315	60	0.25	1.0	admixture	gqshmm_ex_derived	Caprimulgiformes1	025	N220	N202	109370.73170731709
801	324	274	101	0.25	1.0	admixture	gqshmm_ancestral	Caprimulgiformes1	025	N220	N202	109370.73170731709
699	426	224	151	0.25	1.0	admixture	gqshmm_derived	Caprimulgiformes1	025	N220	N202	109370.73170731709
667	458	209	166	0.25	1.0	admixture	cqshmm_ex_derived	Caprimulgiformes1	025	N220	N202	109370.73170731709
873	252	233	142	0.25	1.0	admixture	bcbhmm_derived	Caprimulgiformes1	025	N220	N202	109370.73170731709
1025	100	131	244	0.25	1.0	admixture	phlag_dto_eap01_ena4_esp001_ancestral	Caprimulgiformes1	025	N220	N202	0.06960760056972504
730	395	241	134	0.25	1.0	admixture	mlthmm_ex_derived	Caprimulgiformes1	025	N220	N202	109370.73170731709
675	450	239	136	0.25	1.0	admixture	mlthmm_ancestral	Caprimulgiformes1	025	N220	N202	109370.73170731709
657	468	220	155	0.25	1.0	admixture	dtohmm_ex_ancestral	Caprimulgiformes1	025	N220	N202	109370.73170731709
711	414	237	138	0.25	1.0	admixture	bcbhmm_ex_ancestral	Caprimulgiformes1	025	N220	N202	109370.73170731709
730	395	241	134	0.25	1.0	admixture	mlthmm_ex_ancestral	Caprimulgiformes1	025	N220	N202	109370.73170731709
966	159	315	60	0.25	1.0	admixture	bcbhmm_ex_derived	Caprimulgiformes1	025	N220	N202	109370.73170731709
656	469	219	156	0.25	1.0	admixture	dtohmm_ex_derived	Caprimulgiformes1	025	N220	N202	109370.73170731709
848	277	285	90	0.25	1.0	admixture	gqshmm_ex_ancestral	Caprimulgiformes1	025	N220	N202	109370.73170731709
744	381	245	130	0.25	1.0	admixture	dtohmm_derived	Caprimulgiformes1	025	N220	N202	109370.73170731709
608	517	202	173	0.25	1.0	admixture	bcbhmm_ancestral	Caprimulgiformes1	025	N220	N202	109370.73170731709
615	510	214	161	0.25	1.0	admixture	cqshmm_ex_ancestral	Caprimulgiformes1	025	N220	N202	109370.73170731709
969	156	306	69	0.25	1.0	admixture	phlag_dto_eap01_ena4_esp001_derived	Caprimulgiformes1	025	N220	N202	0.06960760056972504
621	504	168	207	0.25	1.0	admixture	cqshmm_derived	Caprimulgiformes1	025	N220	N202	109370.73170731709
1099	26	372	3	0.25	1.0	admixture	pbphmm_ex_ancestral	Caprimulgiformes1	025	N220	N202	109370.73170731709
604	521	232	143	0.25	1.0	admixture	cqshmm_ancestral	Caprimulgiformes1	025	N220	N202	109370.73170731709
894	231	311	64	0.25	1.0	admixture	gqshmm_ex	Caprimulgiformes1	025	N220	N202	109370.73170731709
1104	21	372	3	0.25	1.0	admixture	pbphmm_ex_derived	Caprimulgiformes1	025	N220	N202	109370.73170731709
590	535	265	110	0.25	1.0	admixture	mlthmm_derived	Caprimulgiformes1	025	N220	N202	109370.73170731709
722	403	224	151	0.25	1.0	admixture	dtohmm_ancestral	Strigiformes	025	N349	N299	945508.536585366
756	369	250	125	0.25	1.0	admixture	phlag_dto_eap01_ena4_esp001_ex_ancestral	Strigiformes	025	N349	N299	1.7419464588165283
1125	0	375	0	0.25	1.0	admixture	pbphmm_derived	Strigiformes	025	N349	N299	945508.536585366
1071	54	354	21	0.25	1.0	admixture	phlag_dto_eap01_ena4_esp001_ex_derived	Strigiformes	025	N349	N299	1.7419464588165283
974	151	350	25	0.25	1.0	admixture	pbphmm_ancestral	Strigiformes	025	N349	N299	945508.536585366
1122	3	375	0	0.25	1.0	admixture	gqshmm_ex_derived	Strigiformes	025	N349	N299	945508.536585366
715	410	213	162	0.25	1.0	admixture	gqshmm_ancestral	Strigiformes	025	N349	N299	945508.536585366
931	194	288	87	0.25	1.0	admixture	gqshmm_derived	Strigiformes	025	N349	N299	945508.536585366
861	264	282	93	0.25	1.0	admixture	cqshmm_ex_derived	Strigiformes	025	N349	N299	945508.536585366
1112	13	363	12	0.25	1.0	admixture	bcbhmm_derived	Strigiformes	025	N349	N299	945508.536585366
1025	100	362	13	0.25	1.0	admixture	phlag_dto_eap01_ena4_esp001_ancestral	Strigiformes	025	N349	N299	1.7419464588165283
683	442	246	129	0.25	1.0	admixture	mlthmm_ex_derived	Strigiformes	025	N349	N299	945508.536585366
604	521	189	186	0.25	1.0	admixture	mlthmm_ancestral	Strigiformes	025	N349	N299	945508.536585366
752	373	243	132	0.25	1.0	admixture	dtohmm_ex_ancestral	Strigiformes	025	N349	N299	945508.536585366
588	537	202	173	0.25	1.0	admixture	bcbhmm_ex_ancestral	Strigiformes	025	N349	N299	945508.536585366
743	382	257	118	0.25	1.0	admixture	mlthmm_ex_ancestral	Strigiformes	025	N349	N299	945508.536585366
817	308	273	102	0.25	1.0	admixture	bcbhmm_ex_derived	Strigiformes	025	N349	N299	945508.536585366
819	306	265	110	0.25	1.0	admixture	dtohmm_ex_derived	Strigiformes	025	N349	N299	945508.536585366
1125	0	375	0	0.25	1.0	admixture	gqshmm_ex_ancestral	Strigiformes	025	N349	N299	945508.536585366
1073	52	344	31	0.25	1.0	admixture	dtohmm_derived	Strigiformes	025	N349	N299	945508.536585366
714	411	226	149	0.25	1.0	admixture	bcbhmm_ancestral	Strigiformes	025	N349	N299	945508.536585366
604	521	194	181	0.25	1.0	admixture	cqshmm_ex_ancestral	Strigiformes	025	N349	N299	945508.536585366
717	408	375	0	0.25	1.0	admixture	phlag_dto_eap01_ena4_esp001_derived	Strigiformes	025	N349	N299	1.7419464588165283
1067	58	344	31	0.25	1.0	admixture	cqshmm_derived	Strigiformes	025	N349	N299	945508.536585366
1097	28	368	7	0.25	1.0	admixture	pbphmm_ex_ancestral	Strigiformes	025	N349	N299	945508.536585366
620	505	199	176	0.25	1.0	admixture	cqshmm_ancestral	Strigiformes	025	N349	N299	945508.536585366
1122	3	375	0	0.25	1.0	admixture	gqshmm_ex	Strigiformes	025	N349	N299	945508.536585366
1104	21	368	7	0.25	1.0	admixture	pbphmm_ex_derived	Strigiformes	025	N349	N299	945508.536585366
587	538	195	180	0.25	1.0	admixture	mlthmm_derived	Strigiformes	025	N349	N299	945508.536585366
801	324	262	113	0.25	1.0	admixture	dtohmm_ancestral	Caprimulgiformes1	050	N220	N202	109370.73170731709
592	533	374	1	0.25	1.0	admixture	phlag_dto_eap01_ena4_esp001_ex_ancestral	Caprimulgiformes1	050	N220	N202	0.0692514106631279
820	305	83	292	0.25	1.0	admixture	pbphmm_derived	Caprimulgiformes1	050	N220	N202	109370.73170731709
1125	0	98	277	0.25	1.0	admixture	phlag_dto_eap01_ena4_esp001_ex_derived	Caprimulgiformes1	050	N220	N202	0.0692514106631279
902	223	299	76	0.25	1.0	admixture	pbphmm_ancestral	Caprimulgiformes1	050	N220	N202	109370.73170731709
987	138	318	57	0.25	1.0	admixture	gqshmm_ex_derived	Caprimulgiformes1	050	N220	N202	109370.73170731709
800	325	261	114	0.25	1.0	admixture	gqshmm_ancestral	Caprimulgiformes1	050	N220	N202	109370.73170731709
701	424	240	135	0.25	1.0	admixture	gqshmm_derived	Caprimulgiformes1	050	N220	N202	109370.73170731709
596	529	193	182	0.25	1.0	admixture	cqshmm_ex_derived	Caprimulgiformes1	050	N220	N202	109370.73170731709
782	343	108	267	0.25	1.0	admixture	bcbhmm_derived	Caprimulgiformes1	050	N220	N202	109370.73170731709
1109	16	27	348	0.25	1.0	admixture	phlag_dto_eap01_ena4_esp001_ancestral	Caprimulgiformes1	050	N220	N202	0.0692514106631279
730	395	261	114	0.25	1.0	admixture	mlthmm_ex_derived	Caprimulgiformes1	050	N220	N202	109370.73170731709
781	344	275	100	0.25	1.0	admixture	mlthmm_ancestral	Caprimulgiformes1	050	N220	N202	109370.73170731709
642	483	214	161	0.25	1.0	admixture	dtohmm_ex_ancestral	Caprimulgiformes1	050	N220	N202	109370.73170731709
723	402	231	144	0.25	1.0	admixture	bcbhmm_ex_ancestral	Caprimulgiformes1	050	N220	N202	109370.73170731709
730	395	261	114	0.25	1.0	admixture	mlthmm_ex_ancestral	Caprimulgiformes1	050	N220	N202	109370.73170731709
579	546	217	158	0.25	1.0	admixture	bcbhmm_ex_derived	Caprimulgiformes1	050	N220	N202	109370.73170731709
639	486	211	164	0.25	1.0	admixture	dtohmm_ex_derived	Caprimulgiformes1	050	N220	N202	109370.73170731709
855	270	293	82	0.25	1.0	admixture	gqshmm_ex_ancestral	Caprimulgiformes1	050	N220	N202	109370.73170731709
1024	101	337	38	0.25	1.0	admixture	dtohmm_derived	Caprimulgiformes1	050	N220	N202	109370.73170731709
809	316	284	91	0.25	1.0	admixture	bcbhmm_ancestral	Caprimulgiformes1	050	N220	N202	109370.73170731709
536	589	269	106	0.25	1.0	admixture	cqshmm_ex_ancestral	Caprimulgiformes1	050	N220	N202	109370.73170731709
889	236	45	330	0.25	1.0	admixture	phlag_dto_eap01_ena4_esp001_derived	Caprimulgiformes1	050	N220	N202	0.0692514106631279
868	257	239	136	0.25	1.0	admixture	cqshmm_derived	Caprimulgiformes1	050	N220	N202	109370.73170731709
1104	21	374	1	0.25	1.0	admixture	pbphmm_ex_ancestral	Caprimulgiformes1	050	N220	N202	109370.73170731709
743	382	243	132	0.25	1.0	admixture	cqshmm_ancestral	Caprimulgiformes1	050	N220	N202	109370.73170731709
892	233	286	89	0.25	1.0	admixture	gqshmm_ex	Caprimulgiformes1	050	N220	N202	109370.73170731709
1104	21	374	1	0.25	1.0	admixture	pbphmm_ex_derived	Caprimulgiformes1	050	N220	N202	109370.73170731709
686	439	262	113	0.25	1.0	admixture	mlthmm_derived	Caprimulgiformes1	050	N220	N202	109370.73170731709
1064	361	61	14	0.05	1.0	admixture	dtohmm_ancestral	Caprimulgiformes1	025	N220	N202	109370.73170731709
804	621	49	26	0.05	1.0	admixture	phlag_dto_eap01_ena4_esp001_ex_ancestral	Caprimulgiformes1	025	N220	N202	0.09240544587373734
965	460	9	66	0.05	1.0	admixture	pbphmm_derived	Caprimulgiformes1	025	N220	N202	109370.73170731709
934	491	50	25	0.05	1.0	admixture	phlag_dto_eap01_ena4_esp001_ex_derived	Caprimulgiformes1	025	N220	N202	0.09240544587373734
1425	0	75	0	0.05	1.0	admixture	pbphmm_ancestral	Caprimulgiformes1	025	N220	N202	109370.73170731709
1264	161	63	12	0.05	1.0	admixture	gqshmm_ex_derived	Caprimulgiformes1	025	N220	N202	109370.73170731709
1032	393	56	19	0.05	1.0	admixture	gqshmm_ancestral	Caprimulgiformes1	025	N220	N202	109370.73170731709
888	537	37	38	0.05	1.0	admixture	gqshmm_derived	Caprimulgiformes1	025	N220	N202	109370.73170731709
818	607	44	31	0.05	1.0	admixture	cqshmm_ex_derived	Caprimulgiformes1	025	N220	N202	109370.73170731709
872	553	54	21	0.05	1.0	admixture	bcbhmm_derived	Caprimulgiformes1	025	N220	N202	109370.73170731709
1355	70	75	0	0.05	1.0	admixture	phlag_dto_eap01_ena4_esp001_ancestral	Caprimulgiformes1	025	N220	N202	0.09240544587373734
931	494	46	29	0.05	1.0	admixture	mlthmm_ex_derived	Caprimulgiformes1	025	N220	N202	109370.73170731709
1017	408	55	20	0.05	1.0	admixture	mlthmm_ancestral	Caprimulgiformes1	025	N220	N202	109370.73170731709
822	603	37	38	0.05	1.0	admixture	dtohmm_ex_ancestral	Caprimulgiformes1	025	N220	N202	109370.73170731709
932	493	47	28	0.05	1.0	admixture	bcbhmm_ex_ancestral	Caprimulgiformes1	025	N220	N202	109370.73170731709
931	494	46	29	0.05	1.0	admixture	mlthmm_ex_ancestral	Caprimulgiformes1	025	N220	N202	109370.73170731709
774	651	35	40	0.05	1.0	admixture	bcbhmm_ex_derived	Caprimulgiformes1	025	N220	N202	109370.73170731709
818	607	39	36	0.05	1.0	admixture	dtohmm_ex_derived	Caprimulgiformes1	025	N220	N202	109370.73170731709
1091	334	58	17	0.05	1.0	admixture	gqshmm_ex_ancestral	Caprimulgiformes1	025	N220	N202	109370.73170731709
1286	139	67	8	0.05	1.0	admixture	dtohmm_derived	Caprimulgiformes1	025	N220	N202	109370.73170731709
1160	265	60	15	0.05	1.0	admixture	bcbhmm_ancestral	Caprimulgiformes1	025	N220	N202	109370.73170731709
836	589	54	21	0.05	1.0	admixture	cqshmm_ex_ancestral	Caprimulgiformes1	025	N220	N202	109370.73170731709
1425	0	12	63	0.05	1.0	admixture	phlag_dto_eap01_ena4_esp001_derived	Caprimulgiformes1	025	N220	N202	0.09240544587373734
779	646	41	34	0.05	1.0	admixture	cqshmm_derived	Caprimulgiformes1	025	N220	N202	109370.73170731709
1397	28	75	0	0.05	1.0	admixture	pbphmm_ex_ancestral	Caprimulgiformes1	025	N220	N202	109370.73170731709
865	560	43	32	0.05	1.0	admixture	cqshmm_ancestral	Caprimulgiformes1	025	N220	N202	109370.73170731709
1119	306	55	20	0.05	1.0	admixture	gqshmm_ex	Caprimulgiformes1	025	N220	N202	109370.73170731709
1402	23	75	0	0.05	1.0	admixture	pbphmm_ex_derived	Caprimulgiformes1	025	N220	N202	109370.73170731709
861	564	62	13	0.05	1.0	admixture	mlthmm_derived	Caprimulgiformes1	025	N220	N202	109370.73170731709
741	459	247	53	0.2	1.0	admixture	dtohmm_ancestral	Columbiformes	050	Mesitornis_unicolor	N93	4988273.170731708
1029	171	121	179	0.2	1.0	admixture	phlag_dto_eap01_ena4_esp001_ex_ancestral	Columbiformes	050	Mesitornis_unicolor	N93	6.908453941345215
1200	0	300	0	0.2	1.0	admixture	pbphmm_derived	Columbiformes	050	Mesitornis_unicolor	N93	4988273.170731708
1193	7	11	289	0.2	1.0	admixture	phlag_dto_eap01_ena4_esp001_ex_derived	Columbiformes	050	Mesitornis_unicolor	N93	6.908453941345215
953	247	229	71	0.2	1.0	admixture	pbphmm_ancestral	Columbiformes	050	Mesitornis_unicolor	N93	4988273.170731708
730	470	246	54	0.2	1.0	admixture	gqshmm_ex_derived	Columbiformes	050	Mesitornis_unicolor	N93	4988273.170731708
610	590	229	71	0.2	1.0	admixture	gqshmm_ancestral	Columbiformes	050	Mesitornis_unicolor	N93	4988273.170731708
1200	0	300	0	0.2	1.0	admixture	gqshmm_derived	Columbiformes	050	Mesitornis_unicolor	N93	4988273.170731708
631	569	173	127	0.2	1.0	admixture	cqshmm_ex_derived	Columbiformes	050	Mesitornis_unicolor	N93	4988273.170731708
1200	0	300	0	0.2	1.0	admixture	bcbhmm_derived	Columbiformes	050	Mesitornis_unicolor	N93	4988273.170731708
1193	7	10	290	0.2	1.0	admixture	phlag_dto_eap01_ena4_esp001_ancestral	Columbiformes	050	Mesitornis_unicolor	N93	6.908453941345215
627	573	131	169	0.2	1.0	admixture	mlthmm_ex_derived	Columbiformes	050	Mesitornis_unicolor	N93	4988273.170731708
594	606	211	89	0.2	1.0	admixture	mlthmm_ancestral	Columbiformes	050	Mesitornis_unicolor	N93	4988273.170731708
948	252	263	37	0.2	1.0	admixture	dtohmm_ex_ancestral	Columbiformes	050	Mesitornis_unicolor	N93	4988273.170731708
706	494	115	185	0.2	1.0	admixture	bcbhmm_ex_ancestral	Columbiformes	050	Mesitornis_unicolor	N93	4988273.170731708
795	405	234	66	0.2	1.0	admixture	mlthmm_ex_ancestral	Columbiformes	050	Mesitornis_unicolor	N93	4988273.170731708
626	574	238	62	0.2	1.0	admixture	bcbhmm_ex_derived	Columbiformes	050	Mesitornis_unicolor	N93	4988273.170731708
797	403	206	94	0.2	1.0	admixture	dtohmm_ex_derived	Columbiformes	050	Mesitornis_unicolor	N93	4988273.170731708
1200	0	300	0	0.2	1.0	admixture	gqshmm_ex_ancestral	Columbiformes	050	Mesitornis_unicolor	N93	4988273.170731708
1200	0	300	0	0.2	1.0	admixture	dtohmm_derived	Columbiformes	050	Mesitornis_unicolor	N93	4988273.170731708
565	635	229	71	0.2	1.0	admixture	bcbhmm_ancestral	Columbiformes	050	Mesitornis_unicolor	N93	4988273.170731708
708	492	119	181	0.2	1.0	admixture	cqshmm_ex_ancestral	Columbiformes	050	Mesitornis_unicolor	N93	4988273.170731708
1200	0	300	0	0.2	1.0	admixture	phlag_dto_eap01_ena4_esp001_derived	Columbiformes	050	Mesitornis_unicolor	N93	6.908453941345215
1200	0	300	0	0.2	1.0	admixture	cqshmm_derived	Columbiformes	050	Mesitornis_unicolor	N93	4988273.170731708
915	285	269	31	0.2	1.0	admixture	pbphmm_ex_ancestral	Columbiformes	050	Mesitornis_unicolor	N93	4988273.170731708
997	203	93	207	0.2	1.0	admixture	cqshmm_ancestral	Columbiformes	050	Mesitornis_unicolor	N93	4988273.170731708
730	470	246	54	0.2	1.0	admixture	gqshmm_ex	Columbiformes	050	Mesitornis_unicolor	N93	4988273.170731708
753	447	177	123	0.2	1.0	admixture	pbphmm_ex_derived	Columbiformes	050	Mesitornis_unicolor	N93	4988273.170731708
1200	0	300	0	0.2	1.0	admixture	mlthmm_derived	Columbiformes	050	Mesitornis_unicolor	N93	4988273.170731708
1139	136	196	29	0.15	1.0	admixture	dtohmm_ancestral	Coraciiformes	050	Bucerotiformes	Piciformes	449463.4146341464
1024	251	128	97	0.15	1.0	admixture	phlag_dto_eap01_ena4_esp001_ex_ancestral	Coraciiformes	050	Bucerotiformes	Piciformes	2.710953950881958
1208	67	0	225	0.15	1.0	admixture	pbphmm_derived	Coraciiformes	050	Bucerotiformes	Piciformes	449463.4146341464
1265	10	43	182	0.15	1.0	admixture	phlag_dto_eap01_ena4_esp001_ex_derived	Coraciiformes	050	Bucerotiformes	Piciformes	2.710953950881958
1273	2	225	0	0.15	1.0	admixture	pbphmm_ancestral	Coraciiformes	050	Bucerotiformes	Piciformes	449463.4146341464
1014	261	154	71	0.15	1.0	admixture	gqshmm_ex_derived	Coraciiformes	050	Bucerotiformes	Piciformes	449463.4146341464
1105	170	196	29	0.15	1.0	admixture	gqshmm_ancestral	Coraciiformes	050	Bucerotiformes	Piciformes	449463.4146341464
1207	68	183	42	0.15	1.0	admixture	gqshmm_derived	Coraciiformes	050	Bucerotiformes	Piciformes	449463.4146341464
1129	146	175	50	0.15	1.0	admixture	cqshmm_ex_derived	Coraciiformes	050	Bucerotiformes	Piciformes	449463.4146341464
1275	0	223	2	0.15	1.0	admixture	bcbhmm_derived	Coraciiformes	050	Bucerotiformes	Piciformes	449463.4146341464
1275	0	107	118	0.15	1.0	admixture	phlag_dto_eap01_ena4_esp001_ancestral	Coraciiformes	050	Bucerotiformes	Piciformes	2.710953950881958
816	459	111	114	0.15	1.0	admixture	mlthmm_ex_derived	Coraciiformes	050	Bucerotiformes	Piciformes	449463.4146341464
1264	11	223	2	0.15	1.0	admixture	mlthmm_ancestral	Coraciiformes	050	Bucerotiformes	Piciformes	449463.4146341464
770	505	106	119	0.15	1.0	admixture	dtohmm_ex_ancestral	Coraciiformes	050	Bucerotiformes	Piciformes	449463.4146341464
1205	70	202	23	0.15	1.0	admixture	bcbhmm_ex_ancestral	Coraciiformes	050	Bucerotiformes	Piciformes	449463.4146341464
1037	238	128	97	0.15	1.0	admixture	mlthmm_ex_ancestral	Coraciiformes	050	Bucerotiformes	Piciformes	449463.4146341464
1170	105	200	25	0.15	1.0	admixture	bcbhmm_ex_derived	Coraciiformes	050	Bucerotiformes	Piciformes	449463.4146341464
910	365	113	112	0.15	1.0	admixture	dtohmm_ex_derived	Coraciiformes	050	Bucerotiformes	Piciformes	449463.4146341464
1275	0	225	0	0.15	1.0	admixture	gqshmm_ex_ancestral	Coraciiformes	050	Bucerotiformes	Piciformes	449463.4146341464
1233	42	190	35	0.15	1.0	admixture	dtohmm_derived	Coraciiformes	050	Bucerotiformes	Piciformes	449463.4146341464
689	586	123	102	0.15	1.0	admixture	bcbhmm_ancestral	Coraciiformes	050	Bucerotiformes	Piciformes	449463.4146341464
1057	218	174	51	0.15	1.0	admixture	cqshmm_ex_ancestral	Coraciiformes	050	Bucerotiformes	Piciformes	449463.4146341464
1235	40	16	209	0.15	1.0	admixture	phlag_dto_eap01_ena4_esp001_derived	Coraciiformes	050	Bucerotiformes	Piciformes	2.710953950881958
1262	13	171	54	0.15	1.0	admixture	cqshmm_derived	Coraciiformes	050	Bucerotiformes	Piciformes	449463.4146341464
682	593	80	145	0.15	1.0	admixture	pbphmm_ex_ancestral	Coraciiformes	050	Bucerotiformes	Piciformes	449463.4146341464
1227	48	203	22	0.15	1.0	admixture	cqshmm_ancestral	Coraciiformes	050	Bucerotiformes	Piciformes	449463.4146341464
1014	261	154	71	0.15	1.0	admixture	gqshmm_ex	Coraciiformes	050	Bucerotiformes	Piciformes	449463.4146341464
926	349	149	76	0.15	1.0	admixture	pbphmm_ex_derived	Coraciiformes	050	Bucerotiformes	Piciformes	449463.4146341464
1258	17	213	12	0.15	1.0	admixture	mlthmm_derived	Coraciiformes	050	Bucerotiformes	Piciformes	449463.4146341464
1109	241	112	38	0.1	1.0	admixture	dtohmm_ancestral	N251	025	N269	N242	113279.26829268294
816	534	97	53	0.1	1.0	admixture	phlag_dto_eap01_ena4_esp001_ex_ancestral	N251	025	N269	N242	0.05645740032196045
1349	1	150	0	0.1	1.0	admixture	pbphmm_derived	N251	025	N269	N242	113279.26829268294
1095	255	150	0	0.1	1.0	admixture	phlag_dto_eap01_ena4_esp001_ex_derived	N251	025	N269	N242	0.05645740032196045
1347	3	150	0	0.1	1.0	admixture	pbphmm_ancestral	N251	025	N269	N242	113279.26829268294
857	493	103	47	0.1	1.0	admixture	gqshmm_ex_derived	N251	025	N269	N242	113279.26829268294
1077	273	118	32	0.1	1.0	admixture	gqshmm_ancestral	N251	025	N269	N242	113279.26829268294
835	515	94	56	0.1	1.0	admixture	gqshmm_derived	N251	025	N269	N242	113279.26829268294
1149	201	121	29	0.1	1.0	admixture	cqshmm_ex_derived	N251	025	N269	N242	113279.26829268294
810	540	79	71	0.1	1.0	admixture	bcbhmm_derived	N251	025	N269	N242	113279.26829268294
911	439	150	0	0.1	1.0	admixture	phlag_dto_eap01_ena4_esp001_ancestral	N251	025	N269	N242	0.05645740032196045
712	638	68	82	0.1	1.0	admixture	mlthmm_ex_derived	N251	025	N269	N242	113279.26829268294
1148	202	142	8	0.1	1.0	admixture	mlthmm_ancestral	N251	025	N269	N242	113279.26829268294
831	519	94	56	0.1	1.0	admixture	dtohmm_ex_ancestral	N251	025	N269	N242	113279.26829268294
904	446	107	43	0.1	1.0	admixture	bcbhmm_ex_ancestral	N251	025	N269	N242	113279.26829268294
704	646	84	66	0.1	1.0	admixture	mlthmm_ex_ancestral	N251	025	N269	N242	113279.26829268294
850	500	94	56	0.1	1.0	admixture	bcbhmm_ex_derived	N251	025	N269	N242	113279.26829268294
716	634	69	81	0.1	1.0	admixture	dtohmm_ex_derived	N251	025	N269	N242	113279.26829268294
1318	32	149	1	0.1	1.0	admixture	gqshmm_ex_ancestral	N251	025	N269	N242	113279.26829268294
1276	74	129	21	0.1	1.0	admixture	dtohmm_derived	N251	025	N269	N242	113279.26829268294
1348	2	150	0	0.1	1.0	admixture	bcbhmm_ancestral	N251	025	N269	N242	113279.26829268294
935	415	96	54	0.1	1.0	admixture	cqshmm_ex_ancestral	N251	025	N269	N242	113279.26829268294
1131	219	150	0	0.1	1.0	admixture	phlag_dto_eap01_ena4_esp001_derived	N251	025	N269	N242	0.05645740032196045
788	562	53	97	0.1	1.0	admixture	cqshmm_derived	N251	025	N269	N242	113279.26829268294
1035	315	125	25	0.1	1.0	admixture	pbphmm_ex_ancestral	N251	025	N269	N242	113279.26829268294
713	637	66	84	0.1	1.0	admixture	cqshmm_ancestral	N251	025	N269	N242	113279.26829268294
857	493	103	47	0.1	1.0	admixture	gqshmm_ex	N251	025	N269	N242	113279.26829268294
1230	120	137	13	0.1	1.0	admixture	pbphmm_ex_derived	N251	025	N269	N242	113279.26829268294
853	497	94	56	0.1	1.0	admixture	mlthmm_derived	N251	025	N269	N242	113279.26829268294
623	577	142	158	0.2	1.0	admixture	dtohmm_ancestral	Opisthocomus_hoazin	025	N275	N192	7884767.073170733
891	309	225	75	0.2	1.0	admixture	phlag_dto_eap01_ena4_esp001_ex_ancestral	Opisthocomus_hoazin	025	N275	N192	0.0
1200	0	300	0	0.2	1.0	admixture	pbphmm_derived	Opisthocomus_hoazin	025	N275	N192	7884767.073170733
901	299	83	217	0.2	1.0	admixture	phlag_dto_eap01_ena4_esp001_ex_derived	Opisthocomus_hoazin	025	N275	N192	0.0
1200	0	300	0	0.2	1.0	admixture	pbphmm_ancestral	Opisthocomus_hoazin	025	N275	N192	7884767.073170733
790	410	187	113	0.2	1.0	admixture	gqshmm_ex_derived	Opisthocomus_hoazin	025	N275	N192	7884767.073170733
646	554	163	137	0.2	1.0	admixture	gqshmm_ancestral	Opisthocomus_hoazin	025	N275	N192	7884767.073170733
772	428	197	103	0.2	1.0	admixture	gqshmm_derived	Opisthocomus_hoazin	025	N275	N192	7884767.073170733
940	260	237	63	0.2	1.0	admixture	cqshmm_ex_derived	Opisthocomus_hoazin	025	N275	N192	7884767.073170733
720	480	176	124	0.2	1.0	admixture	bcbhmm_derived	Opisthocomus_hoazin	025	N275	N192	7884767.073170733
1028	172	300	0	0.2	1.0	admixture	phlag_dto_eap01_ena4_esp001_ancestral	Opisthocomus_hoazin	025	N275	N192	0.0
891	309	226	74	0.2	1.0	admixture	mlthmm_ex_derived	Opisthocomus_hoazin	025	N275	N192	7884767.073170733
649	551	156	144	0.2	1.0	admixture	mlthmm_ancestral	Opisthocomus_hoazin	025	N275	N192	7884767.073170733
770	430	182	118	0.2	1.0	admixture	dtohmm_ex_ancestral	Opisthocomus_hoazin	025	N275	N192	7884767.073170733
697	503	162	138	0.2	1.0	admixture	bcbhmm_ex_ancestral	Opisthocomus_hoazin	025	N275	N192	7884767.073170733
855	345	211	89	0.2	1.0	admixture	mlthmm_ex_ancestral	Opisthocomus_hoazin	025	N275	N192	7884767.073170733
921	279	224	76	0.2	1.0	admixture	bcbhmm_ex_derived	Opisthocomus_hoazin	025	N275	N192	7884767.073170733
887	313	229	71	0.2	1.0	admixture	dtohmm_ex_derived	Opisthocomus_hoazin	025	N275	N192	7884767.073170733
1200	0	300	0	0.2	1.0	admixture	gqshmm_ex_ancestral	Opisthocomus_hoazin	025	N275	N192	7884767.073170733
775	425	190	110	0.2	1.0	admixture	dtohmm_derived	Opisthocomus_hoazin	025	N275	N192	7884767.073170733
721	479	171	129	0.2	1.0	admixture	bcbhmm_ancestral	Opisthocomus_hoazin	025	N275	N192	7884767.073170733
824	376	186	114	0.2	1.0	admixture	cqshmm_ex_ancestral	Opisthocomus_hoazin	025	N275	N192	7884767.073170733
1148	52	300	0	0.2	1.0	admixture	phlag_dto_eap01_ena4_esp001_derived	Opisthocomus_hoazin	025	N275	N192	0.0
627	573	161	139	0.2	1.0	admixture	cqshmm_derived	Opisthocomus_hoazin	025	N275	N192	7884767.073170733
1190	10	298	2	0.2	1.0	admixture	pbphmm_ex_ancestral	Opisthocomus_hoazin	025	N275	N192	7884767.073170733
797	403	187	113	0.2	1.0	admixture	cqshmm_ancestral	Opisthocomus_hoazin	025	N275	N192	7884767.073170733
1191	9	299	1	0.2	1.0	admixture	pbphmm_ex_derived	Opisthocomus_hoazin	025	N275	N192	7884767.073170733
691	509	170	130	0.2	1.0	admixture	mlthmm_derived	Opisthocomus_hoazin	025	N275	N192	7884767.073170733
1350	0	150	0	0.1	1.0	admixture	dtohmm_ancestral	N125	050	Cuculiformes	Charadriiformes	1965924.3902439028
1350	0	4	146	0.1	1.0	admixture	phlag_dto_eap01_ena4_esp001_ex_ancestral	N125	050	Cuculiformes	Charadriiformes	4.915287971496582
1350	0	150	0	0.1	1.0	admixture	pbphmm_derived	N125	050	Cuculiformes	Charadriiformes	1965924.3902439028
1350	0	0	150	0.1	1.0	admixture	phlag_dto_eap01_ena4_esp001_ex_derived	N125	050	Cuculiformes	Charadriiformes	4.915287971496582
1350	0	150	0	0.1	1.0	admixture	pbphmm_ancestral	N125	050	Cuculiformes	Charadriiformes	1965924.3902439028
1350	0	150	0	0.1	1.0	admixture	gqshmm_ex_derived	N125	050	Cuculiformes	Charadriiformes	1965924.3902439028
1350	0	150	0	0.1	1.0	admixture	gqshmm_ancestral	N125	050	Cuculiformes	Charadriiformes	1965924.3902439028
1344	6	150	0	0.1	1.0	admixture	gqshmm_derived	N125	050	Cuculiformes	Charadriiformes	1965924.3902439028
1344	6	149	1	0.1	1.0	admixture	cqshmm_ex_derived	N125	050	Cuculiformes	Charadriiformes	1965924.3902439028
1350	0	150	0	0.1	1.0	admixture	bcbhmm_derived	N125	050	Cuculiformes	Charadriiformes	1965924.3902439028
1350	0	150	0	0.1	1.0	admixture	phlag_dto_eap01_ena4_esp001_ancestral	N125	050	Cuculiformes	Charadriiformes	4.915287971496582
1350	0	0	150	0.1	1.0	admixture	mlthmm_ex_derived	N125	050	Cuculiformes	Charadriiformes	1965924.3902439028
1350	0	150	0	0.1	1.0	admixture	mlthmm_ancestral	N125	050	Cuculiformes	Charadriiformes	1965924.3902439028
1350	0	4	146	0.1	1.0	admixture	dtohmm_ex_ancestral	N125	050	Cuculiformes	Charadriiformes	1965924.3902439028
1350	0	4	146	0.1	1.0	admixture	bcbhmm_ex_ancestral	N125	050	Cuculiformes	Charadriiformes	1965924.3902439028
1350	0	4	146	0.1	1.0	admixture	mlthmm_ex_ancestral	N125	050	Cuculiformes	Charadriiformes	1965924.3902439028
1350	0	0	150	0.1	1.0	admixture	bcbhmm_ex_derived	N125	050	Cuculiformes	Charadriiformes	1965924.3902439028
1350	0	0	150	0.1	1.0	admixture	dtohmm_ex_derived	N125	050	Cuculiformes	Charadriiformes	1965924.3902439028
1350	0	150	0	0.1	1.0	admixture	gqshmm_ex_ancestral	N125	050	Cuculiformes	Charadriiformes	1965924.3902439028
1350	0	150	0	0.1	1.0	admixture	dtohmm_derived	N125	050	Cuculiformes	Charadriiformes	1965924.3902439028
1350	0	5	145	0.1	1.0	admixture	bcbhmm_ancestral	N125	050	Cuculiformes	Charadriiformes	1965924.3902439028
1293	57	149	1	0.1	1.0	admixture	cqshmm_ex_ancestral	N125	050	Cuculiformes	Charadriiformes	1965924.3902439028
1350	0	150	0	0.1	1.0	admixture	phlag_dto_eap01_ena4_esp001_derived	N125	050	Cuculiformes	Charadriiformes	4.915287971496582
1350	0	150	0	0.1	1.0	admixture	cqshmm_derived	N125	050	Cuculiformes	Charadriiformes	1965924.3902439028
1350	0	0	150	0.1	1.0	admixture	pbphmm_ex_ancestral	N125	050	Cuculiformes	Charadriiformes	1965924.3902439028
1350	0	1	149	0.1	1.0	admixture	cqshmm_ancestral	N125	050	Cuculiformes	Charadriiformes	1965924.3902439028
1350	0	150	0	0.1	1.0	admixture	gqshmm_ex	N125	050	Cuculiformes	Charadriiformes	1965924.3902439028
1350	0	0	150	0.1	1.0	admixture	pbphmm_ex_derived	N125	050	Cuculiformes	Charadriiformes	1965924.3902439028
1350	0	150	0	0.1	1.0	admixture	mlthmm_derived	N125	050	Cuculiformes	Charadriiformes	1965924.3902439028
1264	161	64	11	0.05	1.0	admixture	dtohmm_ancestral	N251	025	N269	N242	113279.26829268294
863	562	50	25	0.05	1.0	admixture	phlag_dto_eap01_ena4_esp001_ex_ancestral	N251	025	N269	N242	0.05711337924003601
1424	1	75	0	0.05	1.0	admixture	pbphmm_derived	N251	025	N269	N242	113279.26829268294
844	581	75	0	0.05	1.0	admixture	phlag_dto_eap01_ena4_esp001_ex_derived	N251	025	N269	N242	0.05711337924003601
1378	47	75	0	0.05	1.0	admixture	pbphmm_ancestral	N251	025	N269	N242	113279.26829268294
730	695	38	37	0.05	1.0	admixture	gqshmm_ex_derived	N251	025	N269	N242	113279.26829268294
1093	332	52	23	0.05	1.0	admixture	gqshmm_ancestral	N251	025	N269	N242	113279.26829268294
884	541	44	31	0.05	1.0	admixture	gqshmm_derived	N251	025	N269	N242	113279.26829268294
947	478	50	25	0.05	1.0	admixture	cqshmm_ex_derived	N251	025	N269	N242	113279.26829268294
1184	241	62	13	0.05	1.0	admixture	bcbhmm_derived	N251	025	N269	N242	113279.26829268294
1037	388	75	0	0.05	1.0	admixture	phlag_dto_eap01_ena4_esp001_ancestral	N251	025	N269	N242	0.05711337924003601
973	452	54	21	0.05	1.0	admixture	mlthmm_ex_derived	N251	025	N269	N242	113279.26829268294
1256	169	69	6	0.05	1.0	admixture	mlthmm_ancestral	N251	025	N269	N242	113279.26829268294
868	557	48	27	0.05	1.0	admixture	dtohmm_ex_ancestral	N251	025	N269	N242	113279.26829268294
928	497	53	22	0.05	1.0	admixture	bcbhmm_ex_ancestral	N251	025	N269	N242	113279.26829268294
746	679	40	35	0.05	1.0	admixture	mlthmm_ex_ancestral	N251	025	N269	N242	113279.26829268294
983	442	54	21	0.05	1.0	admixture	bcbhmm_ex_derived	N251	025	N269	N242	113279.26829268294
753	672	33	42	0.05	1.0	admixture	dtohmm_ex_derived	N251	025	N269	N242	113279.26829268294
1391	34	75	0	0.05	1.0	admixture	gqshmm_ex_ancestral	N251	025	N269	N242	113279.26829268294
1424	1	75	0	0.05	1.0	admixture	dtohmm_derived	N251	025	N269	N242	113279.26829268294
1420	5	75	0	0.05	1.0	admixture	bcbhmm_ancestral	N251	025	N269	N242	113279.26829268294
1012	413	52	23	0.05	1.0	admixture	cqshmm_ex_ancestral	N251	025	N269	N242	113279.26829268294
1206	219	75	0	0.05	1.0	admixture	phlag_dto_eap01_ena4_esp001_derived	N251	025	N269	N242	0.05711337924003601
964	461	52	23	0.05	1.0	admixture	cqshmm_derived	N251	025	N269	N242	113279.26829268294
1103	322	62	13	0.05	1.0	admixture	pbphmm_ex_ancestral	N251	025	N269	N242	113279.26829268294
1419	6	75	0	0.05	1.0	admixture	cqshmm_ancestral	N251	025	N269	N242	113279.26829268294
730	695	38	37	0.05	1.0	admixture	gqshmm_ex	N251	025	N269	N242	113279.26829268294
1076	349	57	18	0.05	1.0	admixture	pbphmm_ex_derived	N251	025	N269	N242	113279.26829268294
903	522	44	31	0.05	1.0	admixture	mlthmm_derived	N251	025	N269	N242	113279.26829268294
804	471	145	80	0.15	1.0	admixture	dtohmm_ancestral	Falconiformes	025	Accipitriformes	N717	3730895.12195122
1001	274	225	0	0.15	1.0	admixture	phlag_dto_eap01_ena4_esp001_ex_ancestral	Falconiformes	025	Accipitriformes	N717	6.376978874206543
1275	0	225	0	0.15	1.0	admixture	pbphmm_derived	Falconiformes	025	Accipitriformes	N717	3730895.12195122
1118	157	96	129	0.15	1.0	admixture	phlag_dto_eap01_ena4_esp001_ex_derived	Falconiformes	025	Accipitriformes	N717	6.376978874206543
1149	126	216	9	0.15	1.0	admixture	pbphmm_ancestral	Falconiformes	025	Accipitriformes	N717	3730895.12195122
1275	0	225	0	0.15	1.0	admixture	gqshmm_ex_derived	Falconiformes	025	Accipitriformes	N717	3730895.12195122
755	520	116	109	0.15	1.0	admixture	gqshmm_ancestral	Falconiformes	025	Accipitriformes	N717	3730895.12195122
1275	0	225	0	0.15	1.0	admixture	gqshmm_derived	Falconiformes	025	Accipitriformes	N717	3730895.12195122
881	394	166	59	0.15	1.0	admixture	cqshmm_ex_derived	Falconiformes	025	Accipitriformes	N717	3730895.12195122
1275	0	225	0	0.15	1.0	admixture	bcbhmm_derived	Falconiformes	025	Accipitriformes	N717	3730895.12195122
1077	198	225	0	0.15	1.0	admixture	phlag_dto_eap01_ena4_esp001_ancestral	Falconiformes	025	Accipitriformes	N717	6.376978874206543
635	640	125	100	0.15	1.0	admixture	mlthmm_ex_derived	Falconiformes	025	Accipitriformes	N717	3730895.12195122
895	380	157	68	0.15	1.0	admixture	mlthmm_ancestral	Falconiformes	025	Accipitriformes	N717	3730895.12195122
747	528	116	109	0.15	1.0	admixture	dtohmm_ex_ancestral	Falconiformes	025	Accipitriformes	N717	3730895.12195122
905	370	156	69	0.15	1.0	admixture	bcbhmm_ex_ancestral	Falconiformes	025	Accipitriformes	N717	3730895.12195122
730	545	143	82	0.15	1.0	admixture	mlthmm_ex_ancestral	Falconiformes	025	Accipitriformes	N717	3730895.12195122
642	633	126	99	0.15	1.0	admixture	bcbhmm_ex_derived	Falconiformes	025	Accipitriformes	N717	3730895.12195122
677	598	136	89	0.15	1.0	admixture	dtohmm_ex_derived	Falconiformes	025	Accipitriformes	N717	3730895.12195122
1275	0	225	0	0.15	1.0	admixture	gqshmm_ex_ancestral	Falconiformes	025	Accipitriformes	N717	3730895.12195122
1275	0	225	0	0.15	1.0	admixture	dtohmm_derived	Falconiformes	025	Accipitriformes	N717	3730895.12195122
834	441	146	79	0.15	1.0	admixture	bcbhmm_ancestral	Falconiformes	025	Accipitriformes	N717	3730895.12195122
723	552	117	108	0.15	1.0	admixture	cqshmm_ex_ancestral	Falconiformes	025	Accipitriformes	N717	3730895.12195122
1275	0	225	0	0.15	1.0	admixture	phlag_dto_eap01_ena4_esp001_derived	Falconiformes	025	Accipitriformes	N717	6.376978874206543
1275	0	225	0	0.15	1.0	admixture	cqshmm_derived	Falconiformes	025	Accipitriformes	N717	3730895.12195122
1228	47	221	4	0.15	1.0	admixture	pbphmm_ex_ancestral	Falconiformes	025	Accipitriformes	N717	3730895.12195122
762	513	133	92	0.15	1.0	admixture	cqshmm_ancestral	Falconiformes	025	Accipitriformes	N717	3730895.12195122
1275	0	225	0	0.15	1.0	admixture	gqshmm_ex	Falconiformes	025	Accipitriformes	N717	3730895.12195122
1224	51	221	4	0.15	1.0	admixture	pbphmm_ex_derived	Falconiformes	025	Accipitriformes	N717	3730895.12195122
1275	0	225	0	0.15	1.0	admixture	mlthmm_derived	Falconiformes	025	Accipitriformes	N717	3730895.12195122
973	452	48	27	0.05	1.0	admixture	dtohmm_ancestral	Strigiformes	025	N349	N299	945508.536585366
970	455	51	24	0.05	1.0	admixture	phlag_dto_eap01_ena4_esp001_ex_ancestral	Strigiformes	025	N349	N299	1.710113525390625
1425	0	75	0	0.05	1.0	admixture	pbphmm_derived	Strigiformes	025	N349	N299	945508.536585366
834	591	75	0	0.05	1.0	admixture	phlag_dto_eap01_ena4_esp001_ex_derived	Strigiformes	025	N349	N299	1.710113525390625
1305	120	75	0	0.05	1.0	admixture	pbphmm_ancestral	Strigiformes	025	N349	N299	945508.536585366
1422	3	75	0	0.05	1.0	admixture	gqshmm_ex_derived	Strigiformes	025	N349	N299	945508.536585366
900	525	43	32	0.05	1.0	admixture	gqshmm_ancestral	Strigiformes	025	N349	N299	945508.536585366
1169	256	54	21	0.05	1.0	admixture	gqshmm_derived	Strigiformes	025	N349	N299	945508.536585366
1108	317	54	21	0.05	1.0	admixture	cqshmm_ex_derived	Strigiformes	025	N349	N299	945508.536585366
811	614	75	0	0.05	1.0	admixture	bcbhmm_derived	Strigiformes	025	N349	N299	945508.536585366
1359	66	75	0	0.05	1.0	admixture	phlag_dto_eap01_ena4_esp001_ancestral	Strigiformes	025	N349	N299	1.710113525390625
737	688	35	40	0.05	1.0	admixture	mlthmm_ex_derived	Strigiformes	025	N349	N299	945508.536585366
947	478	47	28	0.05	1.0	admixture	mlthmm_ancestral	Strigiformes	025	N349	N299	945508.536585366
941	484	52	23	0.05	1.0	admixture	dtohmm_ex_ancestral	Strigiformes	025	N349	N299	945508.536585366
747	678	35	40	0.05	1.0	admixture	bcbhmm_ex_ancestral	Strigiformes	025	N349	N299	945508.536585366
939	486	47	28	0.05	1.0	admixture	mlthmm_ex_ancestral	Strigiformes	025	N349	N299	945508.536585366
1025	400	53	22	0.05	1.0	admixture	bcbhmm_ex_derived	Strigiformes	025	N349	N299	945508.536585366
1052	373	58	17	0.05	1.0	admixture	dtohmm_ex_derived	Strigiformes	025	N349	N299	945508.536585366
1136	289	53	22	0.05	1.0	admixture	gqshmm_ex_ancestral	Strigiformes	025	N349	N299	945508.536585366
1204	221	71	4	0.05	1.0	admixture	dtohmm_derived	Strigiformes	025	N349	N299	945508.536585366
1178	247	57	18	0.05	1.0	admixture	bcbhmm_ancestral	Strigiformes	025	N349	N299	945508.536585366
819	606	45	30	0.05	1.0	admixture	cqshmm_ex_ancestral	Strigiformes	025	N349	N299	945508.536585366
1425	0	75	0	0.05	1.0	admixture	phlag_dto_eap01_ena4_esp001_derived	Strigiformes	025	N349	N299	1.710113525390625
1072	353	60	15	0.05	1.0	admixture	cqshmm_derived	Strigiformes	025	N349	N299	945508.536585366
1390	35	74	1	0.05	1.0	admixture	pbphmm_ex_ancestral	Strigiformes	025	N349	N299	945508.536585366
974	451	54	21	0.05	1.0	admixture	cqshmm_ancestral	Strigiformes	025	N349	N299	945508.536585366
1422	3	75	0	0.05	1.0	admixture	gqshmm_ex	Strigiformes	025	N349	N299	945508.536585366
1404	21	74	1	0.05	1.0	admixture	pbphmm_ex_derived	Strigiformes	025	N349	N299	945508.536585366
1329	96	66	9	0.05	1.0	admixture	mlthmm_derived	Strigiformes	025	N349	N299	945508.536585366
1425	0	75	0	0.05	1.0	admixture	dtohmm_ancestral	N125	050	Cuculiformes	Charadriiformes	1965924.3902439028
1425	0	0	75	0.05	1.0	admixture	phlag_dto_eap01_ena4_esp001_ex_ancestral	N125	050	Cuculiformes	Charadriiformes	4.918266773223877
1425	0	75	0	0.05	1.0	admixture	pbphmm_derived	N125	050	Cuculiformes	Charadriiformes	1965924.3902439028
1425	0	0	75	0.05	1.0	admixture	phlag_dto_eap01_ena4_esp001_ex_derived	N125	050	Cuculiformes	Charadriiformes	4.918266773223877
1425	0	75	0	0.05	1.0	admixture	pbphmm_ancestral	N125	050	Cuculiformes	Charadriiformes	1965924.3902439028
1425	0	75	0	0.05	1.0	admixture	gqshmm_ex_derived	N125	050	Cuculiformes	Charadriiformes	1965924.3902439028
1425	0	75	0	0.05	1.0	admixture	gqshmm_ancestral	N125	050	Cuculiformes	Charadriiformes	1965924.3902439028
1419	6	75	0	0.05	1.0	admixture	gqshmm_derived	N125	050	Cuculiformes	Charadriiformes	1965924.3902439028
1417	8	75	0	0.05	1.0	admixture	cqshmm_ex_derived	N125	050	Cuculiformes	Charadriiformes	1965924.3902439028
1425	0	75	0	0.05	1.0	admixture	bcbhmm_derived	N125	050	Cuculiformes	Charadriiformes	1965924.3902439028
1425	0	75	0	0.05	1.0	admixture	phlag_dto_eap01_ena4_esp001_ancestral	N125	050	Cuculiformes	Charadriiformes	4.918266773223877
1425	0	0	75	0.05	1.0	admixture	mlthmm_ex_derived	N125	050	Cuculiformes	Charadriiformes	1965924.3902439028
1425	0	75	0	0.05	1.0	admixture	mlthmm_ancestral	N125	050	Cuculiformes	Charadriiformes	1965924.3902439028
1425	0	0	75	0.05	1.0	admixture	dtohmm_ex_ancestral	N125	050	Cuculiformes	Charadriiformes	1965924.3902439028
1425	0	4	71	0.05	1.0	admixture	bcbhmm_ex_ancestral	N125	050	Cuculiformes	Charadriiformes	1965924.3902439028
827	598	45	30	0.05	1.0	admixture	mlthmm_ex_ancestral	N125	050	Cuculiformes	Charadriiformes	1965924.3902439028
1425	0	0	75	0.05	1.0	admixture	bcbhmm_ex_derived	N125	050	Cuculiformes	Charadriiformes	1965924.3902439028
1425	0	0	75	0.05	1.0	admixture	dtohmm_ex_derived	N125	050	Cuculiformes	Charadriiformes	1965924.3902439028
1339	86	47	28	0.05	1.0	admixture	gqshmm_ex_ancestral	N125	050	Cuculiformes	Charadriiformes	1965924.3902439028
1425	0	75	0	0.05	1.0	admixture	dtohmm_derived	N125	050	Cuculiformes	Charadriiformes	1965924.3902439028
1425	0	75	0	0.05	1.0	admixture	bcbhmm_ancestral	N125	050	Cuculiformes	Charadriiformes	1965924.3902439028
1368	57	73	2	0.05	1.0	admixture	cqshmm_ex_ancestral	N125	050	Cuculiformes	Charadriiformes	1965924.3902439028
1425	0	75	0	0.05	1.0	admixture	phlag_dto_eap01_ena4_esp001_derived	N125	050	Cuculiformes	Charadriiformes	4.918266773223877
1425	0	75	0	0.05	1.0	admixture	cqshmm_derived	N125	050	Cuculiformes	Charadriiformes	1965924.3902439028
1425	0	0	75	0.05	1.0	admixture	pbphmm_ex_ancestral	N125	050	Cuculiformes	Charadriiformes	1965924.3902439028
1390	35	65	10	0.05	1.0	admixture	cqshmm_ancestral	N125	050	Cuculiformes	Charadriiformes	1965924.3902439028
1425	0	75	0	0.05	1.0	admixture	gqshmm_ex	N125	050	Cuculiformes	Charadriiformes	1965924.3902439028
1425	0	0	75	0.05	1.0	admixture	pbphmm_ex_derived	N125	050	Cuculiformes	Charadriiformes	1965924.3902439028
1425	0	75	0	0.05	1.0	admixture	mlthmm_derived	N125	050	Cuculiformes	Charadriiformes	1965924.3902439028
1190	10	300	0	0.2	1.0	admixture	dtohmm_ancestral	N251	025	N269	N242	113279.26829268294
728	472	196	104	0.2	1.0	admixture	phlag_dto_eap01_ena4_esp001_ex_ancestral	N251	025	N269	N242	0.06010614335536957
1199	1	300	0	0.2	1.0	admixture	pbphmm_derived	N251	025	N269	N242	113279.26829268294
1062	138	300	0	0.2	1.0	admixture	phlag_dto_eap01_ena4_esp001_ex_derived	N251	025	N269	N242	0.06010614335536957
685	515	174	126	0.2	1.0	admixture	pbphmm_ancestral	N251	025	N269	N242	113279.26829268294
834	366	196	104	0.2	1.0	admixture	gqshmm_ex_derived	N251	025	N269	N242	113279.26829268294
919	281	225	75	0.2	1.0	admixture	gqshmm_ancestral	N251	025	N269	N242	113279.26829268294
734	466	193	107	0.2	1.0	admixture	gqshmm_derived	N251	025	N269	N242	113279.26829268294
1017	183	251	49	0.2	1.0	admixture	cqshmm_ex_derived	N251	025	N269	N242	113279.26829268294
858	342	208	92	0.2	1.0	admixture	bcbhmm_derived	N251	025	N269	N242	113279.26829268294
1200	0	300	0	0.2	1.0	admixture	phlag_dto_eap01_ena4_esp001_ancestral	N251	025	N269	N242	0.06010614335536957
834	366	196	104	0.2	1.0	admixture	mlthmm_ex_derived	N251	025	N269	N242	113279.26829268294
1062	138	276	24	0.2	1.0	admixture	mlthmm_ancestral	N251	025	N269	N242	113279.26829268294
735	465	193	107	0.2	1.0	admixture	dtohmm_ex_ancestral	N251	025	N269	N242	113279.26829268294
782	418	196	104	0.2	1.0	admixture	bcbhmm_ex_ancestral	N251	025	N269	N242	113279.26829268294
625	575	159	141	0.2	1.0	admixture	mlthmm_ex_ancestral	N251	025	N269	N242	113279.26829268294
836	364	195	105	0.2	1.0	admixture	bcbhmm_ex_derived	N251	025	N269	N242	113279.26829268294
633	567	137	163	0.2	1.0	admixture	dtohmm_ex_derived	N251	025	N269	N242	113279.26829268294
1169	31	299	1	0.2	1.0	admixture	gqshmm_ex_ancestral	N251	025	N269	N242	113279.26829268294
1166	34	300	0	0.2	1.0	admixture	dtohmm_derived	N251	025	N269	N242	113279.26829268294
1198	2	300	0	0.2	1.0	admixture	bcbhmm_ancestral	N251	025	N269	N242	113279.26829268294
591	609	159	141	0.2	1.0	admixture	cqshmm_ex_ancestral	N251	025	N269	N242	113279.26829268294
1200	0	300	0	0.2	1.0	admixture	phlag_dto_eap01_ena4_esp001_derived	N251	025	N269	N242	0.06010614335536957
975	225	238	62	0.2	1.0	admixture	cqshmm_derived	N251	025	N269	N242	113279.26829268294
925	275	246	54	0.2	1.0	admixture	pbphmm_ex_ancestral	N251	025	N269	N242	113279.26829268294
1144	56	251	49	0.2	1.0	admixture	cqshmm_ancestral	N251	025	N269	N242	113279.26829268294
834	366	196	104	0.2	1.0	admixture	gqshmm_ex	N251	025	N269	N242	113279.26829268294
891	309	233	67	0.2	1.0	admixture	pbphmm_ex_derived	N251	025	N269	N242	113279.26829268294
750	450	193	107	0.2	1.0	admixture	mlthmm_derived	N251	025	N269	N242	113279.26829268294
1116	159	203	22	0.15	1.0	admixture	dtohmm_ancestral	N689	050	N657	N672	91779.26829268293
1228	47	12	213	0.15	1.0	admixture	phlag_dto_eap01_ena4_esp001_ex_ancestral	N689	050	N657	N672	0.4488915205001831
863	412	128	97	0.15	1.0	admixture	pbphmm_derived	N689	050	N657	N672	91779.26829268293
1218	57	0	225	0.15	1.0	admixture	phlag_dto_eap01_ena4_esp001_ex_derived	N689	050	N657	N672	0.4488915205001831
661	614	114	111	0.15	1.0	admixture	pbphmm_ancestral	N689	050	N657	N672	91779.26829268293
719	556	140	85	0.15	1.0	admixture	gqshmm_ex_derived	N689	050	N657	N672	91779.26829268293
1240	35	217	8	0.15	1.0	admixture	gqshmm_ancestral	N689	050	N657	N672	91779.26829268293
941	334	161	64	0.15	1.0	admixture	gqshmm_derived	N689	050	N657	N672	91779.26829268293
856	419	135	90	0.15	1.0	admixture	cqshmm_ex_derived	N689	050	N657	N672	91779.26829268293
1229	46	221	4	0.15	1.0	admixture	bcbhmm_derived	N689	050	N657	N672	91779.26829268293
1192	83	0	225	0.15	1.0	admixture	phlag_dto_eap01_ena4_esp001_ancestral	N689	050	N657	N672	0.4488915205001831
767	508	127	98	0.15	1.0	admixture	mlthmm_ex_derived	N689	050	N657	N672	91779.26829268293
1262	13	225	0	0.15	1.0	admixture	mlthmm_ancestral	N689	050	N657	N672	91779.26829268293
727	548	167	58	0.15	1.0	admixture	dtohmm_ex_ancestral	N689	050	N657	N672	91779.26829268293
1115	160	203	22	0.15	1.0	admixture	bcbhmm_ex_ancestral	N689	050	N657	N672	91779.26829268293
742	533	71	154	0.15	1.0	admixture	mlthmm_ex_ancestral	N689	050	N657	N672	91779.26829268293
933	342	176	49	0.15	1.0	admixture	bcbhmm_ex_derived	N689	050	N657	N672	91779.26829268293
743	532	125	100	0.15	1.0	admixture	dtohmm_ex_derived	N689	050	N657	N672	91779.26829268293
1234	41	215	10	0.15	1.0	admixture	gqshmm_ex_ancestral	N689	050	N657	N672	91779.26829268293
1071	204	183	42	0.15	1.0	admixture	dtohmm_derived	N689	050	N657	N672	91779.26829268293
1275	0	225	0	0.15	1.0	admixture	bcbhmm_ancestral	N689	050	N657	N672	91779.26829268293
1148	127	71	154	0.15	1.0	admixture	cqshmm_ex_ancestral	N689	050	N657	N672	91779.26829268293
1275	0	225	0	0.15	1.0	admixture	phlag_dto_eap01_ena4_esp001_derived	N689	050	N657	N672	0.4488915205001831
1099	176	0	225	0.15	1.0	admixture	cqshmm_derived	N689	050	N657	N672	91779.26829268293
766	509	11	214	0.15	1.0	admixture	pbphmm_ex_ancestral	N689	050	N657	N672	91779.26829268293
1004	271	164	61	0.15	1.0	admixture	cqshmm_ancestral	N689	050	N657	N672	91779.26829268293
719	556	140	85	0.15	1.0	admixture	gqshmm_ex	N689	050	N657	N672	91779.26829268293
856	419	189	36	0.15	1.0	admixture	pbphmm_ex_derived	N689	050	N657	N672	91779.26829268293
760	515	126	99	0.15	1.0	admixture	mlthmm_derived	N689	050	N657	N672	91779.26829268293
1242	33	222	3	0.15	1.0	admixture	dtohmm_ancestral	N189	025	N132	N146	539662.1951219513
1099	176	134	91	0.15	1.0	admixture	pbphmm_derived	N189	025	N132	N146	539662.1951219513
1274	1	0	225	0.15	1.0	admixture	phlag_dto_eap01_ena4_esp001_ex_derived	N189	025	N132	N146	1.9532413482666016
621	654	139	86	0.15	1.0	admixture	pbphmm_ancestral	N189	025	N132	N146	539662.1951219513
936	339	111	114	0.15	1.0	admixture	gqshmm_ex_derived	N189	025	N132	N146	539662.1951219513
1004	271	193	32	0.15	1.0	admixture	gqshmm_ancestral	N189	025	N132	N146	539662.1951219513
1138	137	178	47	0.15	1.0	admixture	gqshmm_derived	N189	025	N132	N146	539662.1951219513
1197	78	203	22	0.15	1.0	admixture	cqshmm_ex_derived	N189	025	N132	N146	539662.1951219513
1233	42	212	13	0.15	1.0	admixture	bcbhmm_derived	N189	025	N132	N146	539662.1951219513
1274	1	0	225	0.15	1.0	admixture	mlthmm_ex_derived	N189	025	N132	N146	539662.1951219513
1271	4	225	0	0.15	1.0	admixture	mlthmm_ancestral	N189	025	N132	N146	539662.1951219513
1269	6	154	71	0.15	1.0	admixture	dtohmm_ex_ancestral	N189	025	N132	N146	539662.1951219513
1263	12	141	84	0.15	1.0	admixture	bcbhmm_ex_ancestral	N189	025	N132	N146	539662.1951219513
1271	4	157	68	0.15	1.0	admixture	mlthmm_ex_ancestral	N189	025	N132	N146	539662.1951219513
1238	37	207	18	0.15	1.0	admixture	bcbhmm_ex_derived	N189	025	N132	N146	539662.1951219513
1214	61	213	12	0.15	1.0	admixture	dtohmm_ex_derived	N189	025	N132	N146	539662.1951219513
915	360	113	112	0.15	1.0	admixture	gqshmm_ex_ancestral	N189	025	N132	N146	539662.1951219513
1214	61	187	38	0.15	1.0	admixture	dtohmm_derived	N189	025	N132	N146	539662.1951219513
1241	34	218	7	0.15	1.0	admixture	bcbhmm_ancestral	N189	025	N132	N146	539662.1951219513
1273	2	151	74	0.15	1.0	admixture	cqshmm_ex_ancestral	N189	025	N132	N146	539662.1951219513
1275	0	208	17	0.15	1.0	admixture	phlag_dto_eap01_ena4_esp001_derived	N189	025	N132	N146	1.9532413482666016
1268	7	195	30	0.15	1.0	admixture	cqshmm_derived	N189	025	N132	N146	539662.1951219513
1275	0	153	72	0.15	1.0	admixture	pbphmm_ex_ancestral	N189	025	N132	N146	539662.1951219513
1253	22	115	110	0.15	1.0	admixture	cqshmm_ancestral	N189	025	N132	N146	539662.1951219513
1274	1	0	225	0.15	1.0	admixture	pbphmm_ex_derived	N189	025	N132	N146	539662.1951219513
1191	84	201	24	0.15	1.0	admixture	mlthmm_derived	N189	025	N132	N146	539662.1951219513
1197	153	133	17	0.1	1.0	admixture	dtohmm_ancestral	N251	050	N269	N242	113279.26829268294
819	531	91	59	0.1	1.0	admixture	phlag_dto_eap01_ena4_esp001_ex_ancestral	N251	050	N269	N242	0.06329551339149475
1349	1	150	0	0.1	1.0	admixture	pbphmm_derived	N251	050	N269	N242	113279.26829268294
1129	221	130	20	0.1	1.0	admixture	phlag_dto_eap01_ena4_esp001_ex_derived	N251	050	N269	N242	0.06329551339149475
1349	1	150	0	0.1	1.0	admixture	pbphmm_ancestral	N251	050	N269	N242	113279.26829268294
929	421	107	43	0.1	1.0	admixture	gqshmm_ex_derived	N251	050	N269	N242	113279.26829268294
1026	324	101	49	0.1	1.0	admixture	gqshmm_ancestral	N251	050	N269	N242	113279.26829268294
835	515	86	64	0.1	1.0	admixture	gqshmm_derived	N251	050	N269	N242	113279.26829268294
724	626	76	74	0.1	1.0	admixture	cqshmm_ex_derived	N251	050	N269	N242	113279.26829268294
999	351	111	39	0.1	1.0	admixture	bcbhmm_derived	N251	050	N269	N242	113279.26829268294
976	374	150	0	0.1	1.0	admixture	phlag_dto_eap01_ena4_esp001_ancestral	N251	050	N269	N242	0.06329551339149475
923	427	106	44	0.1	1.0	admixture	mlthmm_ex_derived	N251	050	N269	N242	113279.26829268294
1344	6	150	0	0.1	1.0	admixture	mlthmm_ancestral	N251	050	N269	N242	113279.26829268294
820	530	79	71	0.1	1.0	admixture	dtohmm_ex_ancestral	N251	050	N269	N242	113279.26829268294
878	472	96	54	0.1	1.0	admixture	bcbhmm_ex_ancestral	N251	050	N269	N242	113279.26829268294
702	648	99	51	0.1	1.0	admixture	mlthmm_ex_ancestral	N251	050	N269	N242	113279.26829268294
849	501	88	62	0.1	1.0	admixture	bcbhmm_ex_derived	N251	050	N269	N242	113279.26829268294
711	639	74	76	0.1	1.0	admixture	dtohmm_ex_derived	N251	050	N269	N242	113279.26829268294
1318	32	150	0	0.1	1.0	admixture	gqshmm_ex_ancestral	N251	050	N269	N242	113279.26829268294
793	557	87	63	0.1	1.0	admixture	dtohmm_derived	N251	050	N269	N242	113279.26829268294
1350	0	150	0	0.1	1.0	admixture	bcbhmm_ancestral	N251	050	N269	N242	113279.26829268294
943	407	116	34	0.1	1.0	admixture	cqshmm_ex_ancestral	N251	050	N269	N242	113279.26829268294
1350	0	150	0	0.1	1.0	admixture	phlag_dto_eap01_ena4_esp001_derived	N251	050	N269	N242	0.06329551339149475
697	653	78	72	0.1	1.0	admixture	cqshmm_derived	N251	050	N269	N242	113279.26829268294
1041	309	133	17	0.1	1.0	admixture	pbphmm_ex_ancestral	N251	050	N269	N242	113279.26829268294
774	576	42	108	0.1	1.0	admixture	cqshmm_ancestral	N251	050	N269	N242	113279.26829268294
928	422	107	43	0.1	1.0	admixture	gqshmm_ex	N251	050	N269	N242	113279.26829268294
1021	329	116	34	0.1	1.0	admixture	pbphmm_ex_derived	N251	050	N269	N242	113279.26829268294
903	447	94	56	0.1	1.0	admixture	mlthmm_derived	N251	050	N269	N242	113279.26829268294
1015	335	117	33	0.1	1.0	admixture	dtohmm_ancestral	Musophagiformes	025	N83	N118	4752782.926829269
902	448	100	50	0.1	1.0	admixture	phlag_dto_eap01_ena4_esp001_ex_ancestral	Musophagiformes	025	N83	N118	6.325979709625244
1350	0	150	0	0.1	1.0	admixture	pbphmm_derived	Musophagiformes	025	N83	N118	4752782.926829269
1350	0	150	0	0.1	1.0	admixture	phlag_dto_eap01_ena4_esp001_ex_derived	Musophagiformes	025	N83	N118	6.325979709625244
1350	0	150	0	0.1	1.0	admixture	pbphmm_ancestral	Musophagiformes	025	N83	N118	4752782.926829269
1327	23	148	2	0.1	1.0	admixture	gqshmm_ex_derived	Musophagiformes	025	N83	N118	4752782.926829269
682	668	75	75	0.1	1.0	admixture	gqshmm_ancestral	Musophagiformes	025	N83	N118	4752782.926829269
1350	0	150	0	0.1	1.0	admixture	gqshmm_derived	Musophagiformes	025	N83	N118	4752782.926829269
859	491	91	59	0.1	1.0	admixture	cqshmm_ex_derived	Musophagiformes	025	N83	N118	4752782.926829269
1350	0	150	0	0.1	1.0	admixture	bcbhmm_derived	Musophagiformes	025	N83	N118	4752782.926829269
1178	172	29	121	0.1	1.0	admixture	phlag_dto_eap01_ena4_esp001_ancestral	Musophagiformes	025	N83	N118	6.325979709625244
727	623	89	61	0.1	1.0	admixture	mlthmm_ex_derived	Musophagiformes	025	N83	N118	4752782.926829269
1017	333	116	34	0.1	1.0	admixture	mlthmm_ancestral	Musophagiformes	025	N83	N118	4752782.926829269
1096	254	122	28	0.1	1.0	admixture	dtohmm_ex_ancestral	Musophagiformes	025	N83	N118	4752782.926829269
782	568	90	60	0.1	1.0	admixture	bcbhmm_ex_ancestral	Musophagiformes	025	N83	N118	4752782.926829269
891	459	99	51	0.1	1.0	admixture	mlthmm_ex_ancestral	Musophagiformes	025	N83	N118	4752782.926829269
845	505	80	70	0.1	1.0	admixture	bcbhmm_ex_derived	Musophagiformes	025	N83	N118	4752782.926829269
789	561	88	62	0.1	1.0	admixture	dtohmm_ex_derived	Musophagiformes	025	N83	N118	4752782.926829269
1346	4	149	1	0.1	1.0	admixture	gqshmm_ex_ancestral	Musophagiformes	025	N83	N118	4752782.926829269
1350	0	150	0	0.1	1.0	admixture	dtohmm_derived	Musophagiformes	025	N83	N118	4752782.926829269
925	425	109	41	0.1	1.0	admixture	bcbhmm_ancestral	Musophagiformes	025	N83	N118	4752782.926829269
829	521	95	55	0.1	1.0	admixture	cqshmm_ex_ancestral	Musophagiformes	025	N83	N118	4752782.926829269
1350	0	150	0	0.1	1.0	admixture	phlag_dto_eap01_ena4_esp001_derived	Musophagiformes	025	N83	N118	6.325979709625244
1350	0	150	0	0.1	1.0	admixture	cqshmm_derived	Musophagiformes	025	N83	N118	4752782.926829269
1313	37	148	2	0.1	1.0	admixture	pbphmm_ex_ancestral	Musophagiformes	025	N83	N118	4752782.926829269
725	625	81	69	0.1	1.0	admixture	cqshmm_ancestral	Musophagiformes	025	N83	N118	4752782.926829269
1327	23	148	2	0.1	1.0	admixture	gqshmm_ex	Musophagiformes	025	N83	N118	4752782.926829269
1328	22	147	3	0.1	1.0	admixture	pbphmm_ex_derived	Musophagiformes	025	N83	N118	4752782.926829269
1350	0	150	0	0.1	1.0	admixture	mlthmm_derived	Musophagiformes	025	N83	N118	4752782.926829269
1287	63	2	148	0.1	1.0	admixture	dtohmm_ancestral	N546	050	N532	N567	63752.439024390245
977	373	0	150	0.1	1.0	admixture	phlag_dto_eap01_ena4_esp001_ex_ancestral	N546	050	N532	N567	0.27854907512664795
1291	59	0	150	0.1	1.0	admixture	pbphmm_derived	N546	050	N532	N567	63752.439024390245
1350	0	0	150	0.1	1.0	admixture	phlag_dto_eap01_ena4_esp001_ex_derived	N546	050	N532	N567	0.27854907512664795
1319	31	0	150	0.1	1.0	admixture	pbphmm_ancestral	N546	050	N532	N567	63752.439024390245
1128	222	130	20	0.1	1.0	admixture	gqshmm_ex_derived	N546	050	N532	N567	63752.439024390245
1165	185	129	21	0.1	1.0	admixture	gqshmm_ancestral	N546	050	N532	N567	63752.439024390245
783	567	51	99	0.1	1.0	admixture	gqshmm_derived	N546	050	N532	N567	63752.439024390245
982	368	72	78	0.1	1.0	admixture	cqshmm_ex_derived	N546	050	N532	N567	63752.439024390245
1071	279	25	125	0.1	1.0	admixture	bcbhmm_derived	N546	050	N532	N567	63752.439024390245
1031	319	1	149	0.1	1.0	admixture	phlag_dto_eap01_ena4_esp001_ancestral	N546	050	N532	N567	0.27854907512664795
791	559	115	35	0.1	1.0	admixture	mlthmm_ex_derived	N546	050	N532	N567	63752.439024390245
1297	53	147	3	0.1	1.0	admixture	mlthmm_ancestral	N546	050	N532	N567	63752.439024390245
1165	185	126	24	0.1	1.0	admixture	dtohmm_ex_ancestral	N546	050	N532	N567	63752.439024390245
1270	80	130	20	0.1	1.0	admixture	bcbhmm_ex_ancestral	N546	050	N532	N567	63752.439024390245
1152	198	120	30	0.1	1.0	admixture	mlthmm_ex_ancestral	N546	050	N532	N567	63752.439024390245
773	577	89	61	0.1	1.0	admixture	bcbhmm_ex_derived	N546	050	N532	N567	63752.439024390245
655	695	105	45	0.1	1.0	admixture	dtohmm_ex_derived	N546	050	N532	N567	63752.439024390245
1350	0	150	0	0.1	1.0	admixture	gqshmm_ex_ancestral	N546	050	N532	N567	63752.439024390245
1345	5	0	150	0.1	1.0	admixture	dtohmm_derived	N546	050	N532	N567	63752.439024390245
1345	5	147	3	0.1	1.0	admixture	bcbhmm_ancestral	N546	050	N532	N567	63752.439024390245
1147	203	122	28	0.1	1.0	admixture	cqshmm_ex_ancestral	N546	050	N532	N567	63752.439024390245
1345	5	0	150	0.1	1.0	admixture	phlag_dto_eap01_ena4_esp001_derived	N546	050	N532	N567	0.27854907512664795
1325	25	0	150	0.1	1.0	admixture	cqshmm_derived	N546	050	N532	N567	63752.439024390245
879	471	29	121	0.1	1.0	admixture	pbphmm_ex_ancestral	N546	050	N532	N567	63752.439024390245
1172	178	0	150	0.1	1.0	admixture	cqshmm_ancestral	N546	050	N532	N567	63752.439024390245
1128	222	130	20	0.1	1.0	admixture	gqshmm_ex	N546	050	N532	N567	63752.439024390245
1350	0	0	150	0.1	1.0	admixture	pbphmm_ex_derived	N546	050	N532	N567	63752.439024390245
961	389	39	111	0.1	1.0	admixture	mlthmm_derived	N546	050	N532	N567	63752.439024390245
1467	3	7	23	0.02	1.0	admixture	dtohmm_ancestral	N125	025	Cuculiformes	Charadriiformes	1965924.3902439028
1470	0	0	30	0.02	1.0	admixture	phlag_dto_eap01_ena4_esp001_ex_ancestral	N125	025	Cuculiformes	Charadriiformes	4.918266773223877
1470	0	30	0	0.02	1.0	admixture	pbphmm_derived	N125	025	Cuculiformes	Charadriiformes	1965924.3902439028
1470	0	0	30	0.02	1.0	admixture	phlag_dto_eap01_ena4_esp001_ex_derived	N125	025	Cuculiformes	Charadriiformes	4.918266773223877
1470	0	7	23	0.02	1.0	admixture	pbphmm_ancestral	N125	025	Cuculiformes	Charadriiformes	1965924.3902439028
1470	0	30	0	0.02	1.0	admixture	gqshmm_ex_derived	N125	025	Cuculiformes	Charadriiformes	1965924.3902439028
1470	0	30	0	0.02	1.0	admixture	gqshmm_ancestral	N125	025	Cuculiformes	Charadriiformes	1965924.3902439028
1464	6	30	0	0.02	1.0	admixture	gqshmm_derived	N125	025	Cuculiformes	Charadriiformes	1965924.3902439028
1463	7	30	0	0.02	1.0	admixture	cqshmm_ex_derived	N125	025	Cuculiformes	Charadriiformes	1965924.3902439028
1470	0	30	0	0.02	1.0	admixture	bcbhmm_derived	N125	025	Cuculiformes	Charadriiformes	1965924.3902439028
1467	3	7	23	0.02	1.0	admixture	phlag_dto_eap01_ena4_esp001_ancestral	N125	025	Cuculiformes	Charadriiformes	4.918266773223877
1155	315	30	0	0.02	1.0	admixture	mlthmm_ex_derived	N125	025	Cuculiformes	Charadriiformes	1965924.3902439028
1470	0	30	0	0.02	1.0	admixture	mlthmm_ancestral	N125	025	Cuculiformes	Charadriiformes	1965924.3902439028
1470	0	0	30	0.02	1.0	admixture	dtohmm_ex_ancestral	N125	025	Cuculiformes	Charadriiformes	1965924.3902439028
1470	0	0	30	0.02	1.0	admixture	bcbhmm_ex_ancestral	N125	025	Cuculiformes	Charadriiformes	1965924.3902439028
929	541	17	13	0.02	1.0	admixture	mlthmm_ex_ancestral	N125	025	Cuculiformes	Charadriiformes	1965924.3902439028
1469	1	0	30	0.02	1.0	admixture	bcbhmm_ex_derived	N125	025	Cuculiformes	Charadriiformes	1965924.3902439028
1470	0	0	30	0.02	1.0	admixture	dtohmm_ex_derived	N125	025	Cuculiformes	Charadriiformes	1965924.3902439028
1470	0	30	0	0.02	1.0	admixture	gqshmm_ex_ancestral	N125	025	Cuculiformes	Charadriiformes	1965924.3902439028
1470	0	30	0	0.02	1.0	admixture	dtohmm_derived	N125	025	Cuculiformes	Charadriiformes	1965924.3902439028
1470	0	8	22	0.02	1.0	admixture	bcbhmm_ancestral	N125	025	Cuculiformes	Charadriiformes	1965924.3902439028
1415	55	29	1	0.02	1.0	admixture	cqshmm_ex_ancestral	N125	025	Cuculiformes	Charadriiformes	1965924.3902439028
1470	0	30	0	0.02	1.0	admixture	phlag_dto_eap01_ena4_esp001_derived	N125	025	Cuculiformes	Charadriiformes	4.918266773223877
1470	0	30	0	0.02	1.0	admixture	cqshmm_derived	N125	025	Cuculiformes	Charadriiformes	1965924.3902439028
1470	0	0	30	0.02	1.0	admixture	pbphmm_ex_ancestral	N125	025	Cuculiformes	Charadriiformes	1965924.3902439028
1470	0	7	23	0.02	1.0	admixture	cqshmm_ancestral	N125	025	Cuculiformes	Charadriiformes	1965924.3902439028
1470	0	30	0	0.02	1.0	admixture	gqshmm_ex	N125	025	Cuculiformes	Charadriiformes	1965924.3902439028
1470	0	0	30	0.02	1.0	admixture	pbphmm_ex_derived	N125	025	Cuculiformes	Charadriiformes	1965924.3902439028
1470	0	30	0	0.02	1.0	admixture	mlthmm_derived	N125	025	Cuculiformes	Charadriiformes	1965924.3902439028
1255	20	210	15	0.15	1.0	admixture	dtohmm_ancestral	Coraciiformes	025	Bucerotiformes	Piciformes	449463.4146341464
1169	106	198	27	0.15	1.0	admixture	phlag_dto_eap01_ena4_esp001_ex_ancestral	Coraciiformes	025	Bucerotiformes	Piciformes	2.5098514556884766
1247	28	2	223	0.15	1.0	admixture	pbphmm_derived	Coraciiformes	025	Bucerotiformes	Piciformes	449463.4146341464
1265	10	0	225	0.15	1.0	admixture	phlag_dto_eap01_ena4_esp001_ex_derived	Coraciiformes	025	Bucerotiformes	Piciformes	2.5098514556884766
722	553	84	141	0.15	1.0	admixture	pbphmm_ancestral	Coraciiformes	025	Bucerotiformes	Piciformes	449463.4146341464
1007	268	152	73	0.15	1.0	admixture	gqshmm_ex_derived	Coraciiformes	025	Bucerotiformes	Piciformes	449463.4146341464
1108	167	199	26	0.15	1.0	admixture	gqshmm_ancestral	Coraciiformes	025	Bucerotiformes	Piciformes	449463.4146341464
1206	69	170	55	0.15	1.0	admixture	gqshmm_derived	Coraciiformes	025	Bucerotiformes	Piciformes	449463.4146341464
1036	239	161	64	0.15	1.0	admixture	cqshmm_ex_derived	Coraciiformes	025	Bucerotiformes	Piciformes	449463.4146341464
1275	0	213	12	0.15	1.0	admixture	bcbhmm_derived	Coraciiformes	025	Bucerotiformes	Piciformes	449463.4146341464
1200	75	0	225	0.15	1.0	admixture	phlag_dto_eap01_ena4_esp001_ancestral	Coraciiformes	025	Bucerotiformes	Piciformes	2.5098514556884766
971	304	123	102	0.15	1.0	admixture	mlthmm_ex_derived	Coraciiformes	025	Bucerotiformes	Piciformes	449463.4146341464
1255	20	225	0	0.15	1.0	admixture	mlthmm_ancestral	Coraciiformes	025	Bucerotiformes	Piciformes	449463.4146341464
964	311	189	36	0.15	1.0	admixture	dtohmm_ex_ancestral	Coraciiformes	025	Bucerotiformes	Piciformes	449463.4146341464
1219	56	214	11	0.15	1.0	admixture	bcbhmm_ex_ancestral	Coraciiformes	025	Bucerotiformes	Piciformes	449463.4146341464
1045	230	178	47	0.15	1.0	admixture	mlthmm_ex_ancestral	Coraciiformes	025	Bucerotiformes	Piciformes	449463.4146341464
1201	74	196	29	0.15	1.0	admixture	bcbhmm_ex_derived	Coraciiformes	025	Bucerotiformes	Piciformes	449463.4146341464
1010	265	145	80	0.15	1.0	admixture	dtohmm_ex_derived	Coraciiformes	025	Bucerotiformes	Piciformes	449463.4146341464
1234	41	208	17	0.15	1.0	admixture	gqshmm_ex_ancestral	Coraciiformes	025	Bucerotiformes	Piciformes	449463.4146341464
1241	34	0	225	0.15	1.0	admixture	dtohmm_derived	Coraciiformes	025	Bucerotiformes	Piciformes	449463.4146341464
1265	10	220	5	0.15	1.0	admixture	bcbhmm_ancestral	Coraciiformes	025	Bucerotiformes	Piciformes	449463.4146341464
799	476	148	77	0.15	1.0	admixture	cqshmm_ex_ancestral	Coraciiformes	025	Bucerotiformes	Piciformes	449463.4146341464
1241	34	0	225	0.15	1.0	admixture	phlag_dto_eap01_ena4_esp001_derived	Coraciiformes	025	Bucerotiformes	Piciformes	2.5098514556884766
1273	2	200	25	0.15	1.0	admixture	cqshmm_derived	Coraciiformes	025	Bucerotiformes	Piciformes	449463.4146341464
688	587	130	95	0.15	1.0	admixture	pbphmm_ex_ancestral	Coraciiformes	025	Bucerotiformes	Piciformes	449463.4146341464
1213	62	214	11	0.15	1.0	admixture	cqshmm_ancestral	Coraciiformes	025	Bucerotiformes	Piciformes	449463.4146341464
1007	268	153	72	0.15	1.0	admixture	gqshmm_ex	Coraciiformes	025	Bucerotiformes	Piciformes	449463.4146341464
716	559	105	120	0.15	1.0	admixture	pbphmm_ex_derived	Coraciiformes	025	Bucerotiformes	Piciformes	449463.4146341464
1261	14	0	225	0.15	1.0	admixture	mlthmm_derived	Coraciiformes	025	Bucerotiformes	Piciformes	449463.4146341464
747	528	151	74	0.15	1.0	admixture	dtohmm_ancestral	Columbiformes	025	Mesitornis_unicolor	N93	4988273.170731708
649	626	144	81	0.15	1.0	admixture	phlag_dto_eap01_ena4_esp001_ex_ancestral	Columbiformes	025	Mesitornis_unicolor	N93	6.908453941345215
1275	0	225	0	0.15	1.0	admixture	pbphmm_derived	Columbiformes	025	Mesitornis_unicolor	N93	4988273.170731708
1275	0	1	224	0.15	1.0	admixture	phlag_dto_eap01_ena4_esp001_ex_derived	Columbiformes	025	Mesitornis_unicolor	N93	6.908453941345215
1009	266	176	49	0.15	1.0	admixture	pbphmm_ancestral	Columbiformes	025	Mesitornis_unicolor	N93	4988273.170731708
769	506	181	44	0.15	1.0	admixture	gqshmm_ex_derived	Columbiformes	025	Mesitornis_unicolor	N93	4988273.170731708
649	626	144	81	0.15	1.0	admixture	gqshmm_ancestral	Columbiformes	025	Mesitornis_unicolor	N93	4988273.170731708
1275	0	225	0	0.15	1.0	admixture	gqshmm_derived	Columbiformes	025	Mesitornis_unicolor	N93	4988273.170731708
907	368	155	70	0.15	1.0	admixture	cqshmm_ex_derived	Columbiformes	025	Mesitornis_unicolor	N93	4988273.170731708
1275	0	225	0	0.15	1.0	admixture	bcbhmm_derived	Columbiformes	025	Mesitornis_unicolor	N93	4988273.170731708
1275	0	1	224	0.15	1.0	admixture	phlag_dto_eap01_ena4_esp001_ancestral	Columbiformes	025	Mesitornis_unicolor	N93	6.908453941345215
773	502	127	98	0.15	1.0	admixture	mlthmm_ex_derived	Columbiformes	025	Mesitornis_unicolor	N93	4988273.170731708
743	532	112	113	0.15	1.0	admixture	mlthmm_ancestral	Columbiformes	025	Mesitornis_unicolor	N93	4988273.170731708
1010	265	194	31	0.15	1.0	admixture	dtohmm_ex_ancestral	Columbiformes	025	Mesitornis_unicolor	N93	4988273.170731708
749	526	112	113	0.15	1.0	admixture	bcbhmm_ex_ancestral	Columbiformes	025	Mesitornis_unicolor	N93	4988273.170731708
864	411	156	69	0.15	1.0	admixture	mlthmm_ex_ancestral	Columbiformes	025	Mesitornis_unicolor	N93	4988273.170731708
842	433	157	68	0.15	1.0	admixture	bcbhmm_ex_derived	Columbiformes	025	Mesitornis_unicolor	N93	4988273.170731708
844	431	157	68	0.15	1.0	admixture	dtohmm_ex_derived	Columbiformes	025	Mesitornis_unicolor	N93	4988273.170731708
1275	0	225	0	0.15	1.0	admixture	gqshmm_ex_ancestral	Columbiformes	025	Mesitornis_unicolor	N93	4988273.170731708
1275	0	225	0	0.15	1.0	admixture	dtohmm_derived	Columbiformes	025	Mesitornis_unicolor	N93	4988273.170731708
702	573	106	119	0.15	1.0	admixture	bcbhmm_ancestral	Columbiformes	025	Mesitornis_unicolor	N93	4988273.170731708
705	570	93	132	0.15	1.0	admixture	cqshmm_ex_ancestral	Columbiformes	025	Mesitornis_unicolor	N93	4988273.170731708
1275	0	225	0	0.15	1.0	admixture	phlag_dto_eap01_ena4_esp001_derived	Columbiformes	025	Mesitornis_unicolor	N93	6.908453941345215
1275	0	225	0	0.15	1.0	admixture	cqshmm_derived	Columbiformes	025	Mesitornis_unicolor	N93	4988273.170731708
958	317	185	40	0.15	1.0	admixture	pbphmm_ex_ancestral	Columbiformes	025	Mesitornis_unicolor	N93	4988273.170731708
824	451	94	131	0.15	1.0	admixture	cqshmm_ancestral	Columbiformes	025	Mesitornis_unicolor	N93	4988273.170731708
769	506	181	44	0.15	1.0	admixture	gqshmm_ex	Columbiformes	025	Mesitornis_unicolor	N93	4988273.170731708
790	485	139	86	0.15	1.0	admixture	pbphmm_ex_derived	Columbiformes	025	Mesitornis_unicolor	N93	4988273.170731708
1275	0	225	0	0.15	1.0	admixture	mlthmm_derived	Columbiformes	025	Mesitornis_unicolor	N93	4988273.170731708
1050	75	265	110	0.25	1.0	admixture	dtohmm_ancestral	N546	050	N532	N567	63752.439024390245
1062	63	0	375	0.25	1.0	admixture	phlag_dto_eap01_ena4_esp001_ex_ancestral	N546	050	N532	N567	0.3406953513622284
838	287	367	8	0.25	1.0	admixture	pbphmm_derived	N546	050	N532	N567	63752.439024390245
1124	1	0	375	0.25	1.0	admixture	phlag_dto_eap01_ena4_esp001_ex_derived	N546	050	N532	N567	0.3406953513622284
1080	45	12	363	0.25	1.0	admixture	pbphmm_ancestral	N546	050	N532	N567	63752.439024390245
934	191	338	37	0.25	1.0	admixture	gqshmm_ex_derived	N546	050	N532	N567	63752.439024390245
978	147	327	48	0.25	1.0	admixture	gqshmm_ancestral	N546	050	N532	N567	63752.439024390245
660	465	141	234	0.25	1.0	admixture	gqshmm_derived	N546	050	N532	N567	63752.439024390245
966	159	14	361	0.25	1.0	admixture	cqshmm_ex_derived	N546	050	N532	N567	63752.439024390245
1043	82	0	375	0.25	1.0	admixture	bcbhmm_derived	N546	050	N532	N567	63752.439024390245
911	214	2	373	0.25	1.0	admixture	phlag_dto_eap01_ena4_esp001_ancestral	N546	050	N532	N567	0.3406953513622284
558	567	257	118	0.25	1.0	admixture	mlthmm_ex_derived	N546	050	N532	N567	63752.439024390245
1105	20	365	10	0.25	1.0	admixture	mlthmm_ancestral	N546	050	N532	N567	63752.439024390245
986	139	329	46	0.25	1.0	admixture	dtohmm_ex_ancestral	N546	050	N532	N567	63752.439024390245
1011	114	341	34	0.25	1.0	admixture	bcbhmm_ex_ancestral	N546	050	N532	N567	63752.439024390245
965	160	313	62	0.25	1.0	admixture	mlthmm_ex_ancestral	N546	050	N532	N567	63752.439024390245
737	388	262	113	0.25	1.0	admixture	bcbhmm_ex_derived	N546	050	N532	N567	63752.439024390245
1124	1	0	375	0.25	1.0	admixture	dtohmm_ex_derived	N546	050	N532	N567	63752.439024390245
1125	0	375	0	0.25	1.0	admixture	gqshmm_ex_ancestral	N546	050	N532	N567	63752.439024390245
1125	0	25	350	0.25	1.0	admixture	dtohmm_derived	N546	050	N532	N567	63752.439024390245
1112	13	363	12	0.25	1.0	admixture	bcbhmm_ancestral	N546	050	N532	N567	63752.439024390245
916	209	195	180	0.25	1.0	admixture	cqshmm_ex_ancestral	N546	050	N532	N567	63752.439024390245
1125	0	25	350	0.25	1.0	admixture	phlag_dto_eap01_ena4_esp001_derived	N546	050	N532	N567	0.3406953513622284
1119	6	0	375	0.25	1.0	admixture	cqshmm_derived	N546	050	N532	N567	63752.439024390245
831	294	43	332	0.25	1.0	admixture	pbphmm_ex_ancestral	N546	050	N532	N567	63752.439024390245
1018	107	1	374	0.25	1.0	admixture	cqshmm_ancestral	N546	050	N532	N567	63752.439024390245
934	191	338	37	0.25	1.0	admixture	gqshmm_ex	N546	050	N532	N567	63752.439024390245
1125	0	0	375	0.25	1.0	admixture	pbphmm_ex_derived	N546	050	N532	N567	63752.439024390245
1125	0	54	321	0.25	1.0	admixture	mlthmm_derived	N546	050	N532	N567	63752.439024390245
1200	0	63	237	0.2	1.0	admixture	dtohmm_ancestral	N125	050	Cuculiformes	Charadriiformes	1965924.3902439028
1200	0	4	296	0.2	1.0	admixture	phlag_dto_eap01_ena4_esp001_ex_ancestral	N125	050	Cuculiformes	Charadriiformes	5.440892696380615
1200	0	300	0	0.2	1.0	admixture	pbphmm_derived	N125	050	Cuculiformes	Charadriiformes	1965924.3902439028
1200	0	300	0	0.2	1.0	admixture	phlag_dto_eap01_ena4_esp001_ex_derived	N125	050	Cuculiformes	Charadriiformes	5.440892696380615
1194	6	1	299	0.2	1.0	admixture	pbphmm_ancestral	N125	050	Cuculiformes	Charadriiformes	1965924.3902439028
1200	0	300	0	0.2	1.0	admixture	gqshmm_ex_derived	N125	050	Cuculiformes	Charadriiformes	1965924.3902439028
1200	0	300	0	0.2	1.0	admixture	gqshmm_ancestral	N125	050	Cuculiformes	Charadriiformes	1965924.3902439028
1197	3	300	0	0.2	1.0	admixture	gqshmm_derived	N125	050	Cuculiformes	Charadriiformes	1965924.3902439028
1195	5	299	1	0.2	1.0	admixture	cqshmm_ex_derived	N125	050	Cuculiformes	Charadriiformes	1965924.3902439028
1200	0	300	0	0.2	1.0	admixture	bcbhmm_derived	N125	050	Cuculiformes	Charadriiformes	1965924.3902439028
1200	0	63	237	0.2	1.0	admixture	phlag_dto_eap01_ena4_esp001_ancestral	N125	050	Cuculiformes	Charadriiformes	5.440892696380615
1200	0	0	300	0.2	1.0	admixture	mlthmm_ex_derived	N125	050	Cuculiformes	Charadriiformes	1965924.3902439028
1200	0	300	0	0.2	1.0	admixture	mlthmm_ancestral	N125	050	Cuculiformes	Charadriiformes	1965924.3902439028
1200	0	4	296	0.2	1.0	admixture	dtohmm_ex_ancestral	N125	050	Cuculiformes	Charadriiformes	1965924.3902439028
1200	0	4	296	0.2	1.0	admixture	bcbhmm_ex_ancestral	N125	050	Cuculiformes	Charadriiformes	1965924.3902439028
1200	0	4	296	0.2	1.0	admixture	mlthmm_ex_ancestral	N125	050	Cuculiformes	Charadriiformes	1965924.3902439028
1200	0	0	300	0.2	1.0	admixture	bcbhmm_ex_derived	N125	050	Cuculiformes	Charadriiformes	1965924.3902439028
1200	0	4	296	0.2	1.0	admixture	dtohmm_ex_derived	N125	050	Cuculiformes	Charadriiformes	1965924.3902439028
946	254	2	298	0.2	1.0	admixture	gqshmm_ex_ancestral	N125	050	Cuculiformes	Charadriiformes	1965924.3902439028
1200	0	300	0	0.2	1.0	admixture	dtohmm_derived	N125	050	Cuculiformes	Charadriiformes	1965924.3902439028
1200	0	300	0	0.2	1.0	admixture	bcbhmm_ancestral	N125	050	Cuculiformes	Charadriiformes	1965924.3902439028
1200	0	0	300	0.2	1.0	admixture	cqshmm_ex_ancestral	N125	050	Cuculiformes	Charadriiformes	1965924.3902439028
1200	0	300	0	0.2	1.0	admixture	phlag_dto_eap01_ena4_esp001_derived	N125	050	Cuculiformes	Charadriiformes	5.440892696380615
1200	0	300	0	0.2	1.0	admixture	cqshmm_derived	N125	050	Cuculiformes	Charadriiformes	1965924.3902439028
1200	0	0	300	0.2	1.0	admixture	pbphmm_ex_ancestral	N125	050	Cuculiformes	Charadriiformes	1965924.3902439028
1194	6	1	299	0.2	1.0	admixture	cqshmm_ancestral	N125	050	Cuculiformes	Charadriiformes	1965924.3902439028
1200	0	300	0	0.2	1.0	admixture	gqshmm_ex	N125	050	Cuculiformes	Charadriiformes	1965924.3902439028
1200	0	0	300	0.2	1.0	admixture	pbphmm_ex_derived	N125	050	Cuculiformes	Charadriiformes	1965924.3902439028
1200	0	300	0	0.2	1.0	admixture	mlthmm_derived	N125	050	Cuculiformes	Charadriiformes	1965924.3902439028
1025	100	355	20	0.25	1.0	admixture	dtohmm_ancestral	N251	025	N269	N242	113279.26829268294
688	437	241	134	0.25	1.0	admixture	phlag_dto_eap01_ena4_esp001_ex_ancestral	N251	025	N269	N242	0.05701133981347084
1124	1	375	0	0.25	1.0	admixture	pbphmm_derived	N251	025	N269	N242	113279.26829268294
622	503	375	0	0.25	1.0	admixture	phlag_dto_eap01_ena4_esp001_ex_derived	N251	025	N269	N242	0.05701133981347084
832	293	269	106	0.25	1.0	admixture	pbphmm_ancestral	N251	025	N269	N242	113279.26829268294
582	543	200	175	0.25	1.0	admixture	gqshmm_ex_derived	N251	025	N269	N242	113279.26829268294
870	255	281	94	0.25	1.0	admixture	gqshmm_ancestral	N251	025	N269	N242	113279.26829268294
696	429	239	136	0.25	1.0	admixture	gqshmm_derived	N251	025	N269	N242	113279.26829268294
973	152	308	67	0.25	1.0	admixture	cqshmm_ex_derived	N251	025	N269	N242	113279.26829268294
768	357	247	128	0.25	1.0	admixture	bcbhmm_derived	N251	025	N269	N242	113279.26829268294
847	278	368	7	0.25	1.0	admixture	phlag_dto_eap01_ena4_esp001_ancestral	N251	025	N269	N242	0.05701133981347084
623	502	202	173	0.25	1.0	admixture	mlthmm_ex_derived	N251	025	N269	N242	113279.26829268294
998	127	344	31	0.25	1.0	admixture	mlthmm_ancestral	N251	025	N269	N242	113279.26829268294
773	352	255	120	0.25	1.0	admixture	dtohmm_ex_ancestral	N251	025	N269	N242	113279.26829268294
676	449	242	133	0.25	1.0	admixture	bcbhmm_ex_ancestral	N251	025	N269	N242	113279.26829268294
589	536	207	168	0.25	1.0	admixture	mlthmm_ex_ancestral	N251	025	N269	N242	113279.26829268294
773	352	247	128	0.25	1.0	admixture	bcbhmm_ex_derived	N251	025	N269	N242	113279.26829268294
580	545	172	203	0.25	1.0	admixture	dtohmm_ex_derived	N251	025	N269	N242	113279.26829268294
1103	22	374	1	0.25	1.0	admixture	gqshmm_ex_ancestral	N251	025	N269	N242	113279.26829268294
1124	1	375	0	0.25	1.0	admixture	dtohmm_derived	N251	025	N269	N242	113279.26829268294
1120	5	375	0	0.25	1.0	admixture	bcbhmm_ancestral	N251	025	N269	N242	113279.26829268294
712	413	242	133	0.25	1.0	admixture	cqshmm_ex_ancestral	N251	025	N269	N242	113279.26829268294
906	219	375	0	0.25	1.0	admixture	phlag_dto_eap01_ena4_esp001_derived	N251	025	N269	N242	0.05701133981347084
1037	88	344	31	0.25	1.0	admixture	cqshmm_derived	N251	025	N269	N242	113279.26829268294
872	253	310	65	0.25	1.0	admixture	pbphmm_ex_ancestral	N251	025	N269	N242	113279.26829268294
1121	4	375	0	0.25	1.0	admixture	cqshmm_ancestral	N251	025	N269	N242	113279.26829268294
582	543	200	175	0.25	1.0	admixture	gqshmm_ex	N251	025	N269	N242	113279.26829268294
1029	96	344	31	0.25	1.0	admixture	pbphmm_ex_derived	N251	025	N269	N242	113279.26829268294
706	419	239	136	0.25	1.0	admixture	mlthmm_derived	N251	025	N269	N242	113279.26829268294
793	407	198	102	0.2	1.0	admixture	dtohmm_ancestral	Falconiformes	025	Accipitriformes	N717	3730895.12195122
931	269	92	208	0.2	1.0	admixture	phlag_dto_eap01_ena4_esp001_ex_ancestral	Falconiformes	025	Accipitriformes	N717	6.376978874206543
1200	0	300	0	0.2	1.0	admixture	pbphmm_derived	Falconiformes	025	Accipitriformes	N717	3730895.12195122
1066	134	300	0	0.2	1.0	admixture	phlag_dto_eap01_ena4_esp001_ex_derived	Falconiformes	025	Accipitriformes	N717	6.376978874206543
1079	121	286	14	0.2	1.0	admixture	pbphmm_ancestral	Falconiformes	025	Accipitriformes	N717	3730895.12195122
1198	2	300	0	0.2	1.0	admixture	gqshmm_ex_derived	Falconiformes	025	Accipitriformes	N717	3730895.12195122
694	506	153	147	0.2	1.0	admixture	gqshmm_ancestral	Falconiformes	025	Accipitriformes	N717	3730895.12195122
1200	0	300	0	0.2	1.0	admixture	gqshmm_derived	Falconiformes	025	Accipitriformes	N717	3730895.12195122
754	446	203	97	0.2	1.0	admixture	cqshmm_ex_derived	Falconiformes	025	Accipitriformes	N717	3730895.12195122
1200	0	300	0	0.2	1.0	admixture	bcbhmm_derived	Falconiformes	025	Accipitriformes	N717	3730895.12195122
1200	0	300	0	0.2	1.0	admixture	phlag_dto_eap01_ena4_esp001_ancestral	Falconiformes	025	Accipitriformes	N717	6.376978874206543
836	364	218	82	0.2	1.0	admixture	mlthmm_ex_derived	Falconiformes	025	Accipitriformes	N717	3730895.12195122
984	216	233	67	0.2	1.0	admixture	mlthmm_ancestral	Falconiformes	025	Accipitriformes	N717	3730895.12195122
810	390	195	105	0.2	1.0	admixture	dtohmm_ex_ancestral	Falconiformes	025	Accipitriformes	N717	3730895.12195122
852	348	205	95	0.2	1.0	admixture	bcbhmm_ex_ancestral	Falconiformes	025	Accipitriformes	N717	3730895.12195122
851	349	204	96	0.2	1.0	admixture	mlthmm_ex_ancestral	Falconiformes	025	Accipitriformes	N717	3730895.12195122
614	586	166	134	0.2	1.0	admixture	bcbhmm_ex_derived	Falconiformes	025	Accipitriformes	N717	3730895.12195122
645	555	178	122	0.2	1.0	admixture	dtohmm_ex_derived	Falconiformes	025	Accipitriformes	N717	3730895.12195122
1200	0	300	0	0.2	1.0	admixture	gqshmm_ex_ancestral	Falconiformes	025	Accipitriformes	N717	3730895.12195122
1200	0	300	0	0.2	1.0	admixture	dtohmm_derived	Falconiformes	025	Accipitriformes	N717	3730895.12195122
884	316	218	82	0.2	1.0	admixture	bcbhmm_ancestral	Falconiformes	025	Accipitriformes	N717	3730895.12195122
675	525	163	137	0.2	1.0	admixture	cqshmm_ex_ancestral	Falconiformes	025	Accipitriformes	N717	3730895.12195122
1200	0	300	0	0.2	1.0	admixture	phlag_dto_eap01_ena4_esp001_derived	Falconiformes	025	Accipitriformes	N717	6.376978874206543
1200	0	300	0	0.2	1.0	admixture	cqshmm_derived	Falconiformes	025	Accipitriformes	N717	3730895.12195122
1154	46	294	6	0.2	1.0	admixture	pbphmm_ex_ancestral	Falconiformes	025	Accipitriformes	N717	3730895.12195122
673	527	166	134	0.2	1.0	admixture	cqshmm_ancestral	Falconiformes	025	Accipitriformes	N717	3730895.12195122
1198	2	300	0	0.2	1.0	admixture	gqshmm_ex	Falconiformes	025	Accipitriformes	N717	3730895.12195122
1151	49	294	6	0.2	1.0	admixture	pbphmm_ex_derived	Falconiformes	025	Accipitriformes	N717	3730895.12195122
1200	0	300	0	0.2	1.0	admixture	mlthmm_derived	Falconiformes	025	Accipitriformes	N717	3730895.12195122
1095	30	361	14	0.25	1.0	admixture	dtohmm_ancestral	Musophagiformes	050	N83	N118	4752782.926829269
585	540	194	181	0.25	1.0	admixture	phlag_dto_eap01_ena4_esp001_ex_ancestral	Musophagiformes	050	N83	N118	6.325979709625244
1125	0	375	0	0.25	1.0	admixture	pbphmm_derived	Musophagiformes	050	N83	N118	4752782.926829269
747	378	375	0	0.25	1.0	admixture	phlag_dto_eap01_ena4_esp001_ex_derived	Musophagiformes	050	N83	N118	6.325979709625244
1111	14	370	5	0.25	1.0	admixture	pbphmm_ancestral	Musophagiformes	050	N83	N118	4752782.926829269
1103	22	371	4	0.25	1.0	admixture	gqshmm_ex_derived	Musophagiformes	050	N83	N118	4752782.926829269
583	542	195	180	0.25	1.0	admixture	gqshmm_ancestral	Musophagiformes	050	N83	N118	4752782.926829269
1125	0	375	0	0.25	1.0	admixture	gqshmm_derived	Musophagiformes	050	N83	N118	4752782.926829269
694	431	237	138	0.25	1.0	admixture	cqshmm_ex_derived	Musophagiformes	050	N83	N118	4752782.926829269
1125	0	375	0	0.25	1.0	admixture	bcbhmm_derived	Musophagiformes	050	N83	N118	4752782.926829269
1031	94	375	0	0.25	1.0	admixture	phlag_dto_eap01_ena4_esp001_ancestral	Musophagiformes	050	N83	N118	6.325979709625244
741	384	250	125	0.25	1.0	admixture	mlthmm_ex_derived	Musophagiformes	050	N83	N118	4752782.926829269
1124	1	375	0	0.25	1.0	admixture	mlthmm_ancestral	Musophagiformes	050	N83	N118	4752782.926829269
749	376	256	119	0.25	1.0	admixture	dtohmm_ex_ancestral	Musophagiformes	050	N83	N118	4752782.926829269
661	464	224	151	0.25	1.0	admixture	bcbhmm_ex_ancestral	Musophagiformes	050	N83	N118	4752782.926829269
731	394	231	144	0.25	1.0	admixture	mlthmm_ex_ancestral	Musophagiformes	050	N83	N118	4752782.926829269
776	349	259	116	0.25	1.0	admixture	bcbhmm_ex_derived	Musophagiformes	050	N83	N118	4752782.926829269
768	357	257	118	0.25	1.0	admixture	dtohmm_ex_derived	Musophagiformes	050	N83	N118	4752782.926829269
1120	5	370	5	0.25	1.0	admixture	gqshmm_ex_ancestral	Musophagiformes	050	N83	N118	4752782.926829269
1125	0	375	0	0.25	1.0	admixture	dtohmm_derived	Musophagiformes	050	N83	N118	4752782.926829269
764	361	256	119	0.25	1.0	admixture	bcbhmm_ancestral	Musophagiformes	050	N83	N118	4752782.926829269
661	464	230	145	0.25	1.0	admixture	cqshmm_ex_ancestral	Musophagiformes	050	N83	N118	4752782.926829269
1125	0	375	0	0.25	1.0	admixture	phlag_dto_eap01_ena4_esp001_derived	Musophagiformes	050	N83	N118	6.325979709625244
1125	0	375	0	0.25	1.0	admixture	cqshmm_derived	Musophagiformes	050	N83	N118	4752782.926829269
1101	24	365	10	0.25	1.0	admixture	pbphmm_ex_ancestral	Musophagiformes	050	N83	N118	4752782.926829269
651	474	203	172	0.25	1.0	admixture	cqshmm_ancestral	Musophagiformes	050	N83	N118	4752782.926829269
1103	22	371	4	0.25	1.0	admixture	gqshmm_ex	Musophagiformes	050	N83	N118	4752782.926829269
1025	100	346	29	0.25	1.0	admixture	pbphmm_ex_derived	Musophagiformes	050	N83	N118	4752782.926829269
1125	0	375	0	0.25	1.0	admixture	mlthmm_derived	Musophagiformes	050	N83	N118	4752782.926829269
838	587	19	56	0.05	1.0	admixture	dtohmm_ancestral	Columbiformes	050	Mesitornis_unicolor	N93	4988273.170731708
956	469	62	13	0.05	1.0	admixture	phlag_dto_eap01_ena4_esp001_ex_ancestral	Columbiformes	050	Mesitornis_unicolor	N93	6.908453941345215
1425	0	75	0	0.05	1.0	admixture	pbphmm_derived	Columbiformes	050	Mesitornis_unicolor	N93	4988273.170731708
1422	3	7	68	0.05	1.0	admixture	phlag_dto_eap01_ena4_esp001_ex_derived	Columbiformes	050	Mesitornis_unicolor	N93	6.908453941345215
1425	0	3	72	0.05	1.0	admixture	pbphmm_ancestral	Columbiformes	050	Mesitornis_unicolor	N93	4988273.170731708
859	566	61	14	0.05	1.0	admixture	gqshmm_ex_derived	Columbiformes	050	Mesitornis_unicolor	N93	4988273.170731708
725	700	58	17	0.05	1.0	admixture	gqshmm_ancestral	Columbiformes	050	Mesitornis_unicolor	N93	4988273.170731708
1425	0	75	0	0.05	1.0	admixture	gqshmm_derived	Columbiformes	050	Mesitornis_unicolor	N93	4988273.170731708
1193	232	64	11	0.05	1.0	admixture	cqshmm_ex_derived	Columbiformes	050	Mesitornis_unicolor	N93	4988273.170731708
1425	0	75	0	0.05	1.0	admixture	bcbhmm_derived	Columbiformes	050	Mesitornis_unicolor	N93	4988273.170731708
1414	11	1	74	0.05	1.0	admixture	phlag_dto_eap01_ena4_esp001_ancestral	Columbiformes	050	Mesitornis_unicolor	N93	6.908453941345215
827	598	23	52	0.05	1.0	admixture	mlthmm_ex_derived	Columbiformes	050	Mesitornis_unicolor	N93	4988273.170731708
802	623	20	55	0.05	1.0	admixture	mlthmm_ancestral	Columbiformes	050	Mesitornis_unicolor	N93	4988273.170731708
1134	291	67	8	0.05	1.0	admixture	dtohmm_ex_ancestral	Columbiformes	050	Mesitornis_unicolor	N93	4988273.170731708
832	593	30	45	0.05	1.0	admixture	bcbhmm_ex_ancestral	Columbiformes	050	Mesitornis_unicolor	N93	4988273.170731708
956	469	62	13	0.05	1.0	admixture	mlthmm_ex_ancestral	Columbiformes	050	Mesitornis_unicolor	N93	4988273.170731708
781	644	61	14	0.05	1.0	admixture	bcbhmm_ex_derived	Columbiformes	050	Mesitornis_unicolor	N93	4988273.170731708
952	473	56	19	0.05	1.0	admixture	dtohmm_ex_derived	Columbiformes	050	Mesitornis_unicolor	N93	4988273.170731708
1425	0	75	0	0.05	1.0	admixture	gqshmm_ex_ancestral	Columbiformes	050	Mesitornis_unicolor	N93	4988273.170731708
1425	0	75	0	0.05	1.0	admixture	dtohmm_derived	Columbiformes	050	Mesitornis_unicolor	N93	4988273.170731708
781	644	20	55	0.05	1.0	admixture	bcbhmm_ancestral	Columbiformes	050	Mesitornis_unicolor	N93	4988273.170731708
782	643	31	44	0.05	1.0	admixture	cqshmm_ex_ancestral	Columbiformes	050	Mesitornis_unicolor	N93	4988273.170731708
1425	0	75	0	0.05	1.0	admixture	phlag_dto_eap01_ena4_esp001_derived	Columbiformes	050	Mesitornis_unicolor	N93	6.908453941345215
1425	0	75	0	0.05	1.0	admixture	cqshmm_derived	Columbiformes	050	Mesitornis_unicolor	N93	4988273.170731708
1069	356	69	6	0.05	1.0	admixture	pbphmm_ex_ancestral	Columbiformes	050	Mesitornis_unicolor	N93	4988273.170731708
884	541	19	56	0.05	1.0	admixture	cqshmm_ancestral	Columbiformes	050	Mesitornis_unicolor	N93	4988273.170731708
859	566	61	14	0.05	1.0	admixture	gqshmm_ex	Columbiformes	050	Mesitornis_unicolor	N93	4988273.170731708
883	542	47	28	0.05	1.0	admixture	pbphmm_ex_derived	Columbiformes	050	Mesitornis_unicolor	N93	4988273.170731708
1425	0	75	0	0.05	1.0	admixture	mlthmm_derived	Columbiformes	050	Mesitornis_unicolor	N93	4988273.170731708
1305	165	21	9	0.02	1.0	admixture	dtohmm_ancestral	N251	050	N269	N242	113279.26829268294
888	582	20	10	0.02	1.0	admixture	phlag_dto_eap01_ena4_esp001_ex_ancestral	N251	050	N269	N242	0.06321556866168976
1469	1	30	0	0.02	1.0	admixture	pbphmm_derived	N251	050	N269	N242	113279.26829268294
1470	0	30	0	0.02	1.0	admixture	phlag_dto_eap01_ena4_esp001_ex_derived	N251	050	N269	N242	0.06321556866168976
1467	3	30	0	0.02	1.0	admixture	pbphmm_ancestral	N251	050	N269	N242	113279.26829268294
944	526	26	4	0.02	1.0	admixture	gqshmm_ex_derived	N251	050	N269	N242	113279.26829268294
1123	347	16	14	0.02	1.0	admixture	gqshmm_ancestral	N251	050	N269	N242	113279.26829268294
912	558	12	18	0.02	1.0	admixture	gqshmm_derived	N251	050	N269	N242	113279.26829268294
1246	224	21	9	0.02	1.0	admixture	cqshmm_ex_derived	N251	050	N269	N242	113279.26829268294
1095	375	18	12	0.02	1.0	admixture	bcbhmm_derived	N251	050	N269	N242	113279.26829268294
1096	374	30	0	0.02	1.0	admixture	phlag_dto_eap01_ena4_esp001_ancestral	N251	050	N269	N242	0.06321556866168976
1010	460	22	8	0.02	1.0	admixture	mlthmm_ex_derived	N251	050	N269	N242	113279.26829268294
1291	179	24	6	0.02	1.0	admixture	mlthmm_ancestral	N251	050	N269	N242	113279.26829268294
896	574	15	15	0.02	1.0	admixture	dtohmm_ex_ancestral	N251	050	N269	N242	113279.26829268294
964	506	19	11	0.02	1.0	admixture	bcbhmm_ex_ancestral	N251	050	N269	N242	113279.26829268294
768	702	21	9	0.02	1.0	admixture	mlthmm_ex_ancestral	N251	050	N269	N242	113279.26829268294
924	546	12	18	0.02	1.0	admixture	bcbhmm_ex_derived	N251	050	N269	N242	113279.26829268294
775	695	11	19	0.02	1.0	admixture	dtohmm_ex_derived	N251	050	N269	N242	113279.26829268294
1435	35	30	0	0.02	1.0	admixture	gqshmm_ex_ancestral	N251	050	N269	N242	113279.26829268294
1469	1	30	0	0.02	1.0	admixture	dtohmm_derived	N251	050	N269	N242	113279.26829268294
1465	5	30	0	0.02	1.0	admixture	bcbhmm_ancestral	N251	050	N269	N242	113279.26829268294
732	738	23	7	0.02	1.0	admixture	cqshmm_ex_ancestral	N251	050	N269	N242	113279.26829268294
1470	0	30	0	0.02	1.0	admixture	phlag_dto_eap01_ena4_esp001_derived	N251	050	N269	N242	0.06321556866168976
958	512	5	25	0.02	1.0	admixture	cqshmm_derived	N251	050	N269	N242	113279.26829268294
1131	339	27	3	0.02	1.0	admixture	pbphmm_ex_ancestral	N251	050	N269	N242	113279.26829268294
1223	247	30	0	0.02	1.0	admixture	cqshmm_ancestral	N251	050	N269	N242	113279.26829268294
944	526	26	4	0.02	1.0	admixture	gqshmm_ex	N251	050	N269	N242	113279.26829268294
1109	361	21	9	0.02	1.0	admixture	pbphmm_ex_derived	N251	050	N269	N242	113279.26829268294
981	489	15	15	0.02	1.0	admixture	mlthmm_derived	N251	050	N269	N242	113279.26829268294
1125	0	375	0	0.25	1.0	admixture	dtohmm_ancestral	Falconiformes	050	Cariamiformes	Psittaciformes	3730895.12195122
1125	0	375	0	0.25	1.0	admixture	pbphmm_derived	Falconiformes	050	Cariamiformes	Psittaciformes	3730895.12195122
1119	6	0	375	0.25	1.0	admixture	phlag_dto_eap01_ena4_esp001_ex_derived	Falconiformes	050	Cariamiformes	Psittaciformes	5.861337184906006
1125	0	375	0	0.25	1.0	admixture	pbphmm_ancestral	Falconiformes	050	Cariamiformes	Psittaciformes	3730895.12195122
1123	2	375	0	0.25	1.0	admixture	gqshmm_ex_derived	Falconiformes	050	Cariamiformes	Psittaciformes	3730895.12195122
1125	0	375	0	0.25	1.0	admixture	gqshmm_ancestral	Falconiformes	050	Cariamiformes	Psittaciformes	3730895.12195122
1125	0	374	1	0.25	1.0	admixture	gqshmm_derived	Falconiformes	050	Cariamiformes	Psittaciformes	3730895.12195122
684	441	166	209	0.25	1.0	admixture	cqshmm_ex_derived	Falconiformes	050	Cariamiformes	Psittaciformes	3730895.12195122
1125	0	375	0	0.25	1.0	admixture	bcbhmm_derived	Falconiformes	050	Cariamiformes	Psittaciformes	3730895.12195122
864	261	373	2	0.25	1.0	admixture	mlthmm_ex_derived	Falconiformes	050	Cariamiformes	Psittaciformes	3730895.12195122
1125	0	375	0	0.25	1.0	admixture	mlthmm_ancestral	Falconiformes	050	Cariamiformes	Psittaciformes	3730895.12195122
773	352	293	82	0.25	1.0	admixture	dtohmm_ex_ancestral	Falconiformes	050	Cariamiformes	Psittaciformes	3730895.12195122
794	331	331	44	0.25	1.0	admixture	bcbhmm_ex_ancestral	Falconiformes	050	Cariamiformes	Psittaciformes	3730895.12195122
793	332	329	46	0.25	1.0	admixture	mlthmm_ex_ancestral	Falconiformes	050	Cariamiformes	Psittaciformes	3730895.12195122
849	276	369	6	0.25	1.0	admixture	bcbhmm_ex_derived	Falconiformes	050	Cariamiformes	Psittaciformes	3730895.12195122
758	367	359	16	0.25	1.0	admixture	dtohmm_ex_derived	Falconiformes	050	Cariamiformes	Psittaciformes	3730895.12195122
1106	19	368	7	0.25	1.0	admixture	gqshmm_ex_ancestral	Falconiformes	050	Cariamiformes	Psittaciformes	3730895.12195122
1125	0	375	0	0.25	1.0	admixture	dtohmm_derived	Falconiformes	050	Cariamiformes	Psittaciformes	3730895.12195122
1125	0	375	0	0.25	1.0	admixture	bcbhmm_ancestral	Falconiformes	050	Cariamiformes	Psittaciformes	3730895.12195122
622	503	163	212	0.25	1.0	admixture	cqshmm_ex_ancestral	Falconiformes	050	Cariamiformes	Psittaciformes	3730895.12195122
1125	0	375	0	0.25	1.0	admixture	phlag_dto_eap01_ena4_esp001_derived	Falconiformes	050	Cariamiformes	Psittaciformes	5.861337184906006
1125	0	375	0	0.25	1.0	admixture	cqshmm_derived	Falconiformes	050	Cariamiformes	Psittaciformes	3730895.12195122
996	129	297	78	0.25	1.0	admixture	pbphmm_ex_ancestral	Falconiformes	050	Cariamiformes	Psittaciformes	3730895.12195122
1125	0	375	0	0.25	1.0	admixture	cqshmm_ancestral	Falconiformes	050	Cariamiformes	Psittaciformes	3730895.12195122
1120	5	375	0	0.25	1.0	admixture	pbphmm_ex_derived	Falconiformes	050	Cariamiformes	Psittaciformes	3730895.12195122
1125	0	375	0	0.25	1.0	admixture	mlthmm_derived	Falconiformes	050	Cariamiformes	Psittaciformes	3730895.12195122
987	213	255	45	0.2	1.0	admixture	dtohmm_ancestral	N189	050	N132	N146	539662.1951219513
543	657	252	48	0.2	1.0	admixture	pbphmm_derived	N189	050	N132	N146	539662.1951219513
1200	0	3	297	0.2	1.0	admixture	phlag_dto_eap01_ena4_esp001_ex_derived	N189	050	N132	N146	1.818373680114746
783	417	286	14	0.2	1.0	admixture	pbphmm_ancestral	N189	050	N132	N146	539662.1951219513
873	327	91	209	0.2	1.0	admixture	gqshmm_ex_derived	N189	050	N132	N146	539662.1951219513
949	251	252	48	0.2	1.0	admixture	gqshmm_ancestral	N189	050	N132	N146	539662.1951219513
1050	150	242	58	0.2	1.0	admixture	gqshmm_derived	N189	050	N132	N146	539662.1951219513
1115	85	257	43	0.2	1.0	admixture	cqshmm_ex_derived	N189	050	N132	N146	539662.1951219513
1118	82	271	29	0.2	1.0	admixture	bcbhmm_derived	N189	050	N132	N146	539662.1951219513
1200	0	3	297	0.2	1.0	admixture	mlthmm_ex_derived	N189	050	N132	N146	539662.1951219513
1059	141	280	20	0.2	1.0	admixture	mlthmm_ancestral	N189	050	N132	N146	539662.1951219513
1199	1	126	174	0.2	1.0	admixture	dtohmm_ex_ancestral	N189	050	N132	N146	539662.1951219513
1199	1	110	190	0.2	1.0	admixture	bcbhmm_ex_ancestral	N189	050	N132	N146	539662.1951219513
1195	5	125	175	0.2	1.0	admixture	mlthmm_ex_ancestral	N189	050	N132	N146	539662.1951219513
1200	0	3	297	0.2	1.0	admixture	bcbhmm_ex_derived	N189	050	N132	N146	539662.1951219513
1200	0	3	297	0.2	1.0	admixture	dtohmm_ex_derived	N189	050	N132	N146	539662.1951219513
870	330	89	211	0.2	1.0	admixture	gqshmm_ex_ancestral	N189	050	N132	N146	539662.1951219513
1048	152	247	53	0.2	1.0	admixture	dtohmm_derived	N189	050	N132	N146	539662.1951219513
1200	0	300	0	0.2	1.0	admixture	bcbhmm_ancestral	N189	050	N132	N146	539662.1951219513
1198	2	135	165	0.2	1.0	admixture	cqshmm_ex_ancestral	N189	050	N132	N146	539662.1951219513
812	388	193	107	0.2	1.0	admixture	phlag_dto_eap01_ena4_esp001_derived	N189	050	N132	N146	1.818373680114746
1178	22	0	300	0.2	1.0	admixture	cqshmm_derived	N189	050	N132	N146	539662.1951219513
1199	1	134	166	0.2	1.0	admixture	pbphmm_ex_ancestral	N189	050	N132	N146	539662.1951219513
1200	0	3	297	0.2	1.0	admixture	cqshmm_ancestral	N189	050	N132	N146	539662.1951219513
1200	0	3	297	0.2	1.0	admixture	pbphmm_ex_derived	N189	050	N132	N146	539662.1951219513
865	335	133	167	0.2	1.0	admixture	mlthmm_derived	N189	050	N132	N146	539662.1951219513
843	582	0	75	0.05	1.0	admixture	dtohmm_ancestral	N546	050	N532	N567	63752.439024390245
1330	95	4	71	0.05	1.0	admixture	phlag_dto_eap01_ena4_esp001_ex_ancestral	N546	050	N532	N567	0.2591246962547302
1350	75	23	52	0.05	1.0	admixture	pbphmm_derived	N546	050	N532	N567	63752.439024390245
1423	2	0	75	0.05	1.0	admixture	phlag_dto_eap01_ena4_esp001_ex_derived	N546	050	N532	N567	0.2591246962547302
834	591	75	0	0.05	1.0	admixture	pbphmm_ancestral	N546	050	N532	N567	63752.439024390245
1186	239	64	11	0.05	1.0	admixture	gqshmm_ex_derived	N546	050	N532	N567	63752.439024390245
1234	191	68	7	0.05	1.0	admixture	gqshmm_ancestral	N546	050	N532	N567	63752.439024390245
831	594	25	50	0.05	1.0	admixture	gqshmm_derived	N546	050	N532	N567	63752.439024390245
936	489	38	37	0.05	1.0	admixture	cqshmm_ex_derived	N546	050	N532	N567	63752.439024390245
1152	273	16	59	0.05	1.0	admixture	bcbhmm_derived	N546	050	N532	N567	63752.439024390245
843	582	0	75	0.05	1.0	admixture	phlag_dto_eap01_ena4_esp001_ancestral	N546	050	N532	N567	0.2591246962547302
858	567	59	16	0.05	1.0	admixture	mlthmm_ex_derived	N546	050	N532	N567	63752.439024390245
1377	48	75	0	0.05	1.0	admixture	mlthmm_ancestral	N546	050	N532	N567	63752.439024390245
1242	183	66	9	0.05	1.0	admixture	dtohmm_ex_ancestral	N546	050	N532	N567	63752.439024390245
1362	63	68	7	0.05	1.0	admixture	bcbhmm_ex_ancestral	N546	050	N532	N567	63752.439024390245
1221	204	63	12	0.05	1.0	admixture	mlthmm_ex_ancestral	N546	050	N532	N567	63752.439024390245
812	613	44	31	0.05	1.0	admixture	bcbhmm_ex_derived	N546	050	N532	N567	63752.439024390245
732	693	23	52	0.05	1.0	admixture	dtohmm_ex_derived	N546	050	N532	N567	63752.439024390245
1425	0	75	0	0.05	1.0	admixture	gqshmm_ex_ancestral	N546	050	N532	N567	63752.439024390245
1379	46	44	31	0.05	1.0	admixture	dtohmm_derived	N546	050	N532	N567	63752.439024390245
1422	3	75	0	0.05	1.0	admixture	bcbhmm_ancestral	N546	050	N532	N567	63752.439024390245
1177	248	44	31	0.05	1.0	admixture	cqshmm_ex_ancestral	N546	050	N532	N567	63752.439024390245
1212	213	33	42	0.05	1.0	admixture	phlag_dto_eap01_ena4_esp001_derived	N546	050	N532	N567	0.2591246962547302
1366	59	0	75	0.05	1.0	admixture	cqshmm_derived	N546	050	N532	N567	63752.439024390245
977	448	22	53	0.05	1.0	admixture	pbphmm_ex_ancestral	N546	050	N532	N567	63752.439024390245
1248	177	48	27	0.05	1.0	admixture	cqshmm_ancestral	N546	050	N532	N567	63752.439024390245
1186	239	64	11	0.05	1.0	admixture	gqshmm_ex	N546	050	N532	N567	63752.439024390245
1137	288	0	75	0.05	1.0	admixture	pbphmm_ex_derived	N546	050	N532	N567	63752.439024390245
1353	72	54	21	0.05	1.0	admixture	mlthmm_derived	N546	050	N532	N567	63752.439024390245
647	478	160	215	0.25	1.0	admixture	dtohmm_ancestral	Columbiformes	025	Mesitornis_unicolor	N93	4988273.170731708
667	458	172	203	0.25	1.0	admixture	phlag_dto_eap01_ena4_esp001_ex_ancestral	Columbiformes	025	Mesitornis_unicolor	N93	6.908453941345215
1125	0	375	0	0.25	1.0	admixture	pbphmm_derived	Columbiformes	025	Mesitornis_unicolor	N93	4988273.170731708
1092	33	0	375	0.25	1.0	admixture	phlag_dto_eap01_ena4_esp001_ex_derived	Columbiformes	025	Mesitornis_unicolor	N93	6.908453941345215
899	226	295	80	0.25	1.0	admixture	pbphmm_ancestral	Columbiformes	025	Mesitornis_unicolor	N93	4988273.170731708
947	178	341	34	0.25	1.0	admixture	gqshmm_ex_derived	Columbiformes	025	Mesitornis_unicolor	N93	4988273.170731708
582	543	235	140	0.25	1.0	admixture	gqshmm_ancestral	Columbiformes	025	Mesitornis_unicolor	N93	4988273.170731708
1125	0	375	0	0.25	1.0	admixture	gqshmm_derived	Columbiformes	025	Mesitornis_unicolor	N93	4988273.170731708
583	542	219	156	0.25	1.0	admixture	cqshmm_ex_derived	Columbiformes	025	Mesitornis_unicolor	N93	4988273.170731708
1125	0	375	0	0.25	1.0	admixture	bcbhmm_derived	Columbiformes	025	Mesitornis_unicolor	N93	4988273.170731708
1105	20	0	375	0.25	1.0	admixture	phlag_dto_eap01_ena4_esp001_ancestral	Columbiformes	025	Mesitornis_unicolor	N93	6.908453941345215
676	449	193	182	0.25	1.0	admixture	mlthmm_ex_derived	Columbiformes	025	Mesitornis_unicolor	N93	4988273.170731708
648	477	186	189	0.25	1.0	admixture	mlthmm_ancestral	Columbiformes	025	Mesitornis_unicolor	N93	4988273.170731708
833	292	303	72	0.25	1.0	admixture	dtohmm_ex_ancestral	Columbiformes	025	Mesitornis_unicolor	N93	4988273.170731708
663	462	195	180	0.25	1.0	admixture	bcbhmm_ex_ancestral	Columbiformes	025	Mesitornis_unicolor	N93	4988273.170731708
760	365	257	118	0.25	1.0	admixture	mlthmm_ex_ancestral	Columbiformes	025	Mesitornis_unicolor	N93	4988273.170731708
536	589	235	140	0.25	1.0	admixture	bcbhmm_ex_derived	Columbiformes	025	Mesitornis_unicolor	N93	4988273.170731708
742	383	266	109	0.25	1.0	admixture	dtohmm_ex_derived	Columbiformes	025	Mesitornis_unicolor	N93	4988273.170731708
1125	0	375	0	0.25	1.0	admixture	gqshmm_ex_ancestral	Columbiformes	025	Mesitornis_unicolor	N93	4988273.170731708
1125	0	375	0	0.25	1.0	admixture	dtohmm_derived	Columbiformes	025	Mesitornis_unicolor	N93	4988273.170731708
613	512	175	200	0.25	1.0	admixture	bcbhmm_ancestral	Columbiformes	025	Mesitornis_unicolor	N93	4988273.170731708
660	465	257	118	0.25	1.0	admixture	cqshmm_ex_ancestral	Columbiformes	025	Mesitornis_unicolor	N93	4988273.170731708
1125	0	375	0	0.25	1.0	admixture	phlag_dto_eap01_ena4_esp001_derived	Columbiformes	025	Mesitornis_unicolor	N93	6.908453941345215
1125	0	375	0	0.25	1.0	admixture	cqshmm_derived	Columbiformes	025	Mesitornis_unicolor	N93	4988273.170731708
856	269	308	67	0.25	1.0	admixture	pbphmm_ex_ancestral	Columbiformes	025	Mesitornis_unicolor	N93	4988273.170731708
912	213	223	152	0.25	1.0	admixture	cqshmm_ancestral	Columbiformes	025	Mesitornis_unicolor	N93	4988273.170731708
947	178	341	34	0.25	1.0	admixture	gqshmm_ex	Columbiformes	025	Mesitornis_unicolor	N93	4988273.170731708
596	529	213	162	0.25	1.0	admixture	pbphmm_ex_derived	Columbiformes	025	Mesitornis_unicolor	N93	4988273.170731708
1125	0	375	0	0.25	1.0	admixture	mlthmm_derived	Columbiformes	025	Mesitornis_unicolor	N93	4988273.170731708
1089	111	218	82	0.2	1.0	admixture	dtohmm_ancestral	N689	025	N657	N672	91779.26829268293
1127	73	0	300	0.2	1.0	admixture	phlag_dto_eap01_ena4_esp001_ex_ancestral	N689	025	N657	N672	0.444511741399765
686	514	145	155	0.2	1.0	admixture	pbphmm_derived	N689	025	N657	N672	91779.26829268293
1154	46	69	231	0.2	1.0	admixture	phlag_dto_eap01_ena4_esp001_ex_derived	N689	025	N657	N672	0.444511741399765
625	575	157	143	0.2	1.0	admixture	pbphmm_ancestral	N689	025	N657	N672	91779.26829268293
676	524	179	121	0.2	1.0	admixture	gqshmm_ex_derived	N689	025	N657	N672	91779.26829268293
1167	33	283	17	0.2	1.0	admixture	gqshmm_ancestral	N689	025	N657	N672	91779.26829268293
895	305	200	100	0.2	1.0	admixture	gqshmm_derived	N689	025	N657	N672	91779.26829268293
793	407	175	125	0.2	1.0	admixture	cqshmm_ex_derived	N689	025	N657	N672	91779.26829268293
1151	49	293	7	0.2	1.0	admixture	bcbhmm_derived	N689	025	N657	N672	91779.26829268293
1150	50	261	39	0.2	1.0	admixture	phlag_dto_eap01_ena4_esp001_ancestral	N689	025	N657	N672	0.444511741399765
744	456	180	120	0.2	1.0	admixture	mlthmm_ex_derived	N689	025	N657	N672	91779.26829268293
1190	10	298	2	0.2	1.0	admixture	mlthmm_ancestral	N689	025	N657	N672	91779.26829268293
942	258	252	48	0.2	1.0	admixture	dtohmm_ex_ancestral	N689	025	N657	N672	91779.26829268293
1107	93	275	25	0.2	1.0	admixture	bcbhmm_ex_ancestral	N689	025	N657	N672	91779.26829268293
871	329	237	63	0.2	1.0	admixture	mlthmm_ex_ancestral	N689	025	N657	N672	91779.26829268293
815	385	210	90	0.2	1.0	admixture	bcbhmm_ex_derived	N689	025	N657	N672	91779.26829268293
699	501	172	128	0.2	1.0	admixture	dtohmm_ex_derived	N689	025	N657	N672	91779.26829268293
1200	0	300	0	0.2	1.0	admixture	gqshmm_ex_ancestral	N689	025	N657	N672	91779.26829268293
1026	174	247	53	0.2	1.0	admixture	dtohmm_derived	N689	025	N657	N672	91779.26829268293
1197	3	298	2	0.2	1.0	admixture	bcbhmm_ancestral	N689	025	N657	N672	91779.26829268293
813	387	182	118	0.2	1.0	admixture	cqshmm_ex_ancestral	N689	025	N657	N672	91779.26829268293
611	589	300	0	0.2	1.0	admixture	phlag_dto_eap01_ena4_esp001_derived	N689	025	N657	N672	0.444511741399765
840	360	186	114	0.2	1.0	admixture	cqshmm_derived	N689	025	N657	N672	91779.26829268293
804	396	75	225	0.2	1.0	admixture	pbphmm_ex_ancestral	N689	025	N657	N672	91779.26829268293
856	344	215	85	0.2	1.0	admixture	cqshmm_ancestral	N689	025	N657	N672	91779.26829268293
676	524	179	121	0.2	1.0	admixture	gqshmm_ex	N689	025	N657	N672	91779.26829268293
777	423	242	58	0.2	1.0	admixture	pbphmm_ex_derived	N689	025	N657	N672	91779.26829268293
722	478	169	131	0.2	1.0	admixture	mlthmm_derived	N689	025	N657	N672	91779.26829268293
997	128	340	35	0.25	1.0	admixture	dtohmm_ancestral	N689	050	N657	N672	91779.26829268293
1125	0	20	355	0.25	1.0	admixture	phlag_dto_eap01_ena4_esp001_ex_ancestral	N689	050	N657	N672	0.44272130727767944
561	564	218	157	0.25	1.0	admixture	pbphmm_derived	N689	050	N657	N672	91779.26829268293
1125	0	15	360	0.25	1.0	admixture	phlag_dto_eap01_ena4_esp001_ex_derived	N689	050	N657	N672	0.44272130727767944
601	524	191	184	0.25	1.0	admixture	pbphmm_ancestral	N689	050	N657	N672	91779.26829268293
755	370	257	118	0.25	1.0	admixture	gqshmm_ex_derived	N689	050	N657	N672	91779.26829268293
1092	33	355	20	0.25	1.0	admixture	gqshmm_ancestral	N689	050	N657	N672	91779.26829268293
824	301	267	108	0.25	1.0	admixture	gqshmm_derived	N689	050	N657	N672	91779.26829268293
753	372	235	140	0.25	1.0	admixture	cqshmm_ex_derived	N689	050	N657	N672	91779.26829268293
942	183	359	16	0.25	1.0	admixture	bcbhmm_derived	N689	050	N657	N672	91779.26829268293
1125	0	219	156	0.25	1.0	admixture	phlag_dto_eap01_ena4_esp001_ancestral	N689	050	N657	N672	0.44272130727767944
672	453	217	158	0.25	1.0	admixture	mlthmm_ex_derived	N689	050	N657	N672	91779.26829268293
1110	15	373	2	0.25	1.0	admixture	mlthmm_ancestral	N689	050	N657	N672	91779.26829268293
1125	0	20	355	0.25	1.0	admixture	dtohmm_ex_ancestral	N689	050	N657	N672	91779.26829268293
1042	83	344	31	0.25	1.0	admixture	bcbhmm_ex_ancestral	N689	050	N657	N672	91779.26829268293
1109	16	256	119	0.25	1.0	admixture	mlthmm_ex_ancestral	N689	050	N657	N672	91779.26829268293
804	321	284	91	0.25	1.0	admixture	bcbhmm_ex_derived	N689	050	N657	N672	91779.26829268293
658	467	217	158	0.25	1.0	admixture	dtohmm_ex_derived	N689	050	N657	N672	91779.26829268293
1072	53	348	27	0.25	1.0	admixture	gqshmm_ex_ancestral	N689	050	N657	N672	91779.26829268293
908	217	288	87	0.25	1.0	admixture	dtohmm_derived	N689	050	N657	N672	91779.26829268293
1122	3	374	1	0.25	1.0	admixture	bcbhmm_ancestral	N689	050	N657	N672	91779.26829268293
756	369	218	157	0.25	1.0	admixture	cqshmm_ex_ancestral	N689	050	N657	N672	91779.26829268293
1125	0	375	0	0.25	1.0	admixture	phlag_dto_eap01_ena4_esp001_derived	N689	050	N657	N672	0.44272130727767944
934	191	207	168	0.25	1.0	admixture	cqshmm_derived	N689	050	N657	N672	91779.26829268293
1124	1	0	375	0.25	1.0	admixture	pbphmm_ex_ancestral	N689	050	N657	N672	91779.26829268293
994	131	291	84	0.25	1.0	admixture	cqshmm_ancestral	N689	050	N657	N672	91779.26829268293
755	370	257	118	0.25	1.0	admixture	gqshmm_ex	N689	050	N657	N672	91779.26829268293
554	571	248	127	0.25	1.0	admixture	pbphmm_ex_derived	N689	050	N657	N672	91779.26829268293
664	461	216	159	0.25	1.0	admixture	mlthmm_derived	N689	050	N657	N672	91779.26829268293
1250	175	67	8	0.05	1.0	admixture	dtohmm_ancestral	N689	025	N657	N672	91779.26829268293
1168	257	11	64	0.05	1.0	admixture	phlag_dto_eap01_ena4_esp001_ex_ancestral	N689	025	N657	N672	0.444070428609848
796	629	42	33	0.05	1.0	admixture	pbphmm_derived	N689	025	N657	N672	91779.26829268293
1188	237	75	0	0.05	1.0	admixture	phlag_dto_eap01_ena4_esp001_ex_derived	N689	025	N657	N672	0.444070428609848
744	681	36	39	0.05	1.0	admixture	pbphmm_ancestral	N689	025	N657	N672	91779.26829268293
853	572	43	32	0.05	1.0	admixture	gqshmm_ex_derived	N689	025	N657	N672	91779.26829268293
1384	41	72	3	0.05	1.0	admixture	gqshmm_ancestral	N689	025	N657	N672	91779.26829268293
1063	362	44	31	0.05	1.0	admixture	gqshmm_derived	N689	025	N657	N672	91779.26829268293
957	468	39	36	0.05	1.0	admixture	cqshmm_ex_derived	N689	025	N657	N672	91779.26829268293
1302	123	64	11	0.05	1.0	admixture	bcbhmm_derived	N689	025	N657	N672	91779.26829268293
1260	165	75	0	0.05	1.0	admixture	phlag_dto_eap01_ena4_esp001_ancestral	N689	025	N657	N672	0.444070428609848
868	557	38	37	0.05	1.0	admixture	mlthmm_ex_derived	N689	025	N657	N672	91779.26829268293
1219	206	70	5	0.05	1.0	admixture	mlthmm_ancestral	N689	025	N657	N672	91779.26829268293
999	426	51	24	0.05	1.0	admixture	dtohmm_ex_ancestral	N689	025	N657	N672	91779.26829268293
1291	134	71	4	0.05	1.0	admixture	bcbhmm_ex_ancestral	N689	025	N657	N672	91779.26829268293
1042	383	55	20	0.05	1.0	admixture	mlthmm_ex_ancestral	N689	025	N657	N672	91779.26829268293
1034	391	54	21	0.05	1.0	admixture	bcbhmm_ex_derived	N689	025	N657	N672	91779.26829268293
844	581	39	36	0.05	1.0	admixture	dtohmm_ex_derived	N689	025	N657	N672	91779.26829268293
1374	51	71	4	0.05	1.0	admixture	gqshmm_ex_ancestral	N689	025	N657	N672	91779.26829268293
1094	331	62	13	0.05	1.0	admixture	dtohmm_derived	N689	025	N657	N672	91779.26829268293
1378	47	75	0	0.05	1.0	admixture	bcbhmm_ancestral	N689	025	N657	N672	91779.26829268293
1002	423	46	29	0.05	1.0	admixture	cqshmm_ex_ancestral	N689	025	N657	N672	91779.26829268293
1425	0	75	0	0.05	1.0	admixture	phlag_dto_eap01_ena4_esp001_derived	N689	025	N657	N672	0.444070428609848
912	513	46	29	0.05	1.0	admixture	cqshmm_derived	N689	025	N657	N672	91779.26829268293
763	662	6	69	0.05	1.0	admixture	pbphmm_ex_ancestral	N689	025	N657	N672	91779.26829268293
1163	262	75	0	0.05	1.0	admixture	cqshmm_ancestral	N689	025	N657	N672	91779.26829268293
853	572	43	32	0.05	1.0	admixture	gqshmm_ex	N689	025	N657	N672	91779.26829268293
1107	318	66	9	0.05	1.0	admixture	pbphmm_ex_derived	N689	025	N657	N672	91779.26829268293
855	570	37	38	0.05	1.0	admixture	mlthmm_derived	N689	025	N657	N672	91779.26829268293
762	588	71	79	0.1	1.0	admixture	dtohmm_ancestral	Opisthocomus_hoazin	025	N275	N192	7884767.073170733
947	403	106	44	0.1	1.0	admixture	phlag_dto_eap01_ena4_esp001_ex_ancestral	Opisthocomus_hoazin	025	N275	N192	0.0
1350	0	150	0	0.1	1.0	admixture	pbphmm_derived	Opisthocomus_hoazin	025	N275	N192	7884767.073170733
1068	282	128	22	0.1	1.0	admixture	phlag_dto_eap01_ena4_esp001_ex_derived	Opisthocomus_hoazin	025	N275	N192	0.0
1350	0	150	0	0.1	1.0	admixture	pbphmm_ancestral	Opisthocomus_hoazin	025	N275	N192	7884767.073170733
893	457	96	54	0.1	1.0	admixture	gqshmm_ex_derived	Opisthocomus_hoazin	025	N275	N192	7884767.073170733
721	629	74	76	0.1	1.0	admixture	gqshmm_ancestral	Opisthocomus_hoazin	025	N275	N192	7884767.073170733
869	481	102	48	0.1	1.0	admixture	gqshmm_derived	Opisthocomus_hoazin	025	N275	N192	7884767.073170733
988	362	115	35	0.1	1.0	admixture	cqshmm_ex_derived	Opisthocomus_hoazin	025	N275	N192	7884767.073170733
811	539	85	65	0.1	1.0	admixture	bcbhmm_derived	Opisthocomus_hoazin	025	N275	N192	7884767.073170733
1298	52	150	0	0.1	1.0	admixture	phlag_dto_eap01_ena4_esp001_ancestral	Opisthocomus_hoazin	025	N275	N192	0.0
984	366	112	38	0.1	1.0	admixture	mlthmm_ex_derived	Opisthocomus_hoazin	025	N275	N192	7884767.073170733
718	632	82	68	0.1	1.0	admixture	mlthmm_ancestral	Opisthocomus_hoazin	025	N275	N192	7884767.073170733
773	577	90	60	0.1	1.0	admixture	dtohmm_ex_ancestral	Opisthocomus_hoazin	025	N275	N192	7884767.073170733
703	647	65	85	0.1	1.0	admixture	bcbhmm_ex_ancestral	Opisthocomus_hoazin	025	N275	N192	7884767.073170733
890	460	100	50	0.1	1.0	admixture	mlthmm_ex_ancestral	Opisthocomus_hoazin	025	N275	N192	7884767.073170733
1037	313	115	35	0.1	1.0	admixture	bcbhmm_ex_derived	Opisthocomus_hoazin	025	N275	N192	7884767.073170733
999	351	118	32	0.1	1.0	admixture	dtohmm_ex_derived	Opisthocomus_hoazin	025	N275	N192	7884767.073170733
1349	1	150	0	0.1	1.0	admixture	gqshmm_ex_ancestral	Opisthocomus_hoazin	025	N275	N192	7884767.073170733
968	382	114	36	0.1	1.0	admixture	dtohmm_derived	Opisthocomus_hoazin	025	N275	N192	7884767.073170733
796	554	87	63	0.1	1.0	admixture	bcbhmm_ancestral	Opisthocomus_hoazin	025	N275	N192	7884767.073170733
904	446	96	54	0.1	1.0	admixture	cqshmm_ex_ancestral	Opisthocomus_hoazin	025	N275	N192	7884767.073170733
1298	52	150	0	0.1	1.0	admixture	phlag_dto_eap01_ena4_esp001_derived	Opisthocomus_hoazin	025	N275	N192	0.0
693	657	75	75	0.1	1.0	admixture	cqshmm_derived	Opisthocomus_hoazin	025	N275	N192	7884767.073170733
1340	10	149	1	0.1	1.0	admixture	pbphmm_ex_ancestral	Opisthocomus_hoazin	025	N275	N192	7884767.073170733
938	412	97	53	0.1	1.0	admixture	cqshmm_ancestral	Opisthocomus_hoazin	025	N275	N192	7884767.073170733
1269	81	141	9	0.1	1.0	admixture	pbphmm_ex_derived	Opisthocomus_hoazin	025	N275	N192	7884767.073170733
917	433	109	41	0.1	1.0	admixture	mlthmm_derived	Opisthocomus_hoazin	025	N275	N192	7884767.073170733
734	391	245	130	0.25	1.0	admixture	dtohmm_ancestral	Falconiformes	025	Accipitriformes	N717	3730895.12195122
669	456	148	227	0.25	1.0	admixture	phlag_dto_eap01_ena4_esp001_ex_ancestral	Falconiformes	025	Accipitriformes	N717	6.376978874206543
1125	0	375	0	0.25	1.0	admixture	pbphmm_derived	Falconiformes	025	Accipitriformes	N717	3730895.12195122
995	130	375	0	0.25	1.0	admixture	phlag_dto_eap01_ena4_esp001_ex_derived	Falconiformes	025	Accipitriformes	N717	6.376978874206543
1013	112	357	18	0.25	1.0	admixture	pbphmm_ancestral	Falconiformes	025	Accipitriformes	N717	3730895.12195122
1125	0	375	0	0.25	1.0	admixture	gqshmm_ex_derived	Falconiformes	025	Accipitriformes	N717	3730895.12195122
654	471	200	175	0.25	1.0	admixture	gqshmm_ancestral	Falconiformes	025	Accipitriformes	N717	3730895.12195122
1125	0	375	0	0.25	1.0	admixture	gqshmm_derived	Falconiformes	025	Accipitriformes	N717	3730895.12195122
698	427	259	116	0.25	1.0	admixture	cqshmm_ex_derived	Falconiformes	025	Accipitriformes	N717	3730895.12195122
1125	0	375	0	0.25	1.0	admixture	bcbhmm_derived	Falconiformes	025	Accipitriformes	N717	3730895.12195122
1125	0	307	68	0.25	1.0	admixture	phlag_dto_eap01_ena4_esp001_ancestral	Falconiformes	025	Accipitriformes	N717	6.376978874206543
567	558	203	172	0.25	1.0	admixture	mlthmm_ex_derived	Falconiformes	025	Accipitriformes	N717	3730895.12195122
1122	3	366	9	0.25	1.0	admixture	mlthmm_ancestral	Falconiformes	025	Accipitriformes	N717	3730895.12195122
656	469	204	171	0.25	1.0	admixture	dtohmm_ex_ancestral	Falconiformes	025	Accipitriformes	N717	3730895.12195122
798	327	262	113	0.25	1.0	admixture	bcbhmm_ex_ancestral	Falconiformes	025	Accipitriformes	N717	3730895.12195122
652	473	235	140	0.25	1.0	admixture	mlthmm_ex_ancestral	Falconiformes	025	Accipitriformes	N717	3730895.12195122
615	510	218	157	0.25	1.0	admixture	bcbhmm_ex_derived	Falconiformes	025	Accipitriformes	N717	3730895.12195122
601	524	219	156	0.25	1.0	admixture	dtohmm_ex_derived	Falconiformes	025	Accipitriformes	N717	3730895.12195122
1125	0	375	0	0.25	1.0	admixture	gqshmm_ex_ancestral	Falconiformes	025	Accipitriformes	N717	3730895.12195122
1125	0	375	0	0.25	1.0	admixture	dtohmm_derived	Falconiformes	025	Accipitriformes	N717	3730895.12195122
837	288	274	101	0.25	1.0	admixture	bcbhmm_ancestral	Falconiformes	025	Accipitriformes	N717	3730895.12195122
753	372	254	121	0.25	1.0	admixture	cqshmm_ex_ancestral	Falconiformes	025	Accipitriformes	N717	3730895.12195122
1125	0	375	0	0.25	1.0	admixture	phlag_dto_eap01_ena4_esp001_derived	Falconiformes	025	Accipitriformes	N717	6.376978874206543
1125	0	375	0	0.25	1.0	admixture	cqshmm_derived	Falconiformes	025	Accipitriformes	N717	3730895.12195122
1004	121	357	18	0.25	1.0	admixture	pbphmm_ex_ancestral	Falconiformes	025	Accipitriformes	N717	3730895.12195122
790	335	262	113	0.25	1.0	admixture	cqshmm_ancestral	Falconiformes	025	Accipitriformes	N717	3730895.12195122
1125	0	375	0	0.25	1.0	admixture	gqshmm_ex	Falconiformes	025	Accipitriformes	N717	3730895.12195122
1078	47	367	8	0.25	1.0	admixture	pbphmm_ex_derived	Falconiformes	025	Accipitriformes	N717	3730895.12195122
1125	0	375	0	0.25	1.0	admixture	mlthmm_derived	Falconiformes	025	Accipitriformes	N717	3730895.12195122
843	432	140	85	0.15	1.0	admixture	dtohmm_ancestral	Strigiformes	025	N349	N299	945508.536585366
646	629	113	112	0.15	1.0	admixture	phlag_dto_eap01_ena4_esp001_ex_ancestral	Strigiformes	025	N349	N299	1.6350492238998413
1275	0	225	0	0.15	1.0	admixture	pbphmm_derived	Strigiformes	025	N349	N299	945508.536585366
1173	102	225	0	0.15	1.0	admixture	phlag_dto_eap01_ena4_esp001_ex_derived	Strigiformes	025	N349	N299	1.6350492238998413
1125	150	213	12	0.15	1.0	admixture	pbphmm_ancestral	Strigiformes	025	N349	N299	945508.536585366
1272	3	225	0	0.15	1.0	admixture	gqshmm_ex_derived	Strigiformes	025	N349	N299	945508.536585366
803	472	137	88	0.15	1.0	admixture	gqshmm_ancestral	Strigiformes	025	N349	N299	945508.536585366
1029	246	171	54	0.15	1.0	admixture	gqshmm_derived	Strigiformes	025	N349	N299	945508.536585366
810	465	146	79	0.15	1.0	admixture	cqshmm_ex_derived	Strigiformes	025	N349	N299	945508.536585366
1074	201	161	64	0.15	1.0	admixture	bcbhmm_derived	Strigiformes	025	N349	N299	945508.536585366
1224	51	225	0	0.15	1.0	admixture	phlag_dto_eap01_ena4_esp001_ancestral	Strigiformes	025	N349	N299	1.6350492238998413
673	602	127	98	0.15	1.0	admixture	mlthmm_ex_derived	Strigiformes	025	N349	N299	945508.536585366
828	447	133	92	0.15	1.0	admixture	mlthmm_ancestral	Strigiformes	025	N349	N299	945508.536585366
837	438	154	71	0.15	1.0	admixture	dtohmm_ex_ancestral	Strigiformes	025	N349	N299	945508.536585366
665	610	113	112	0.15	1.0	admixture	bcbhmm_ex_ancestral	Strigiformes	025	N349	N299	945508.536585366
835	440	152	73	0.15	1.0	admixture	mlthmm_ex_ancestral	Strigiformes	025	N349	N299	945508.536585366
903	372	158	67	0.15	1.0	admixture	bcbhmm_ex_derived	Strigiformes	025	N349	N299	945508.536585366
916	359	160	65	0.15	1.0	admixture	dtohmm_ex_derived	Strigiformes	025	N349	N299	945508.536585366
1002	273	164	61	0.15	1.0	admixture	gqshmm_ex_ancestral	Strigiformes	025	N349	N299	945508.536585366
1193	82	205	20	0.15	1.0	admixture	dtohmm_derived	Strigiformes	025	N349	N299	945508.536585366
986	289	166	59	0.15	1.0	admixture	bcbhmm_ancestral	Strigiformes	025	N349	N299	945508.536585366
740	535	130	95	0.15	1.0	admixture	cqshmm_ex_ancestral	Strigiformes	025	N349	N299	945508.536585366
1215	60	225	0	0.15	1.0	admixture	phlag_dto_eap01_ena4_esp001_derived	Strigiformes	025	N349	N299	1.6350492238998413
1094	181	164	61	0.15	1.0	admixture	cqshmm_derived	Strigiformes	025	N349	N299	945508.536585366
1240	35	223	2	0.15	1.0	admixture	pbphmm_ex_ancestral	Strigiformes	025	N349	N299	945508.536585366
672	603	127	98	0.15	1.0	admixture	cqshmm_ancestral	Strigiformes	025	N349	N299	945508.536585366
1272	3	225	0	0.15	1.0	admixture	gqshmm_ex	Strigiformes	025	N349	N299	945508.536585366
1247	28	221	4	0.15	1.0	admixture	pbphmm_ex_derived	Strigiformes	025	N349	N299	945508.536585366
654	621	117	108	0.15	1.0	admixture	mlthmm_derived	Strigiformes	025	N349	N299	945508.536585366
1146	129	194	31	0.15	1.0	admixture	dtohmm_ancestral	Musophagiformes	025	N83	N118	4752782.926829269
841	434	152	73	0.15	1.0	admixture	phlag_dto_eap01_ena4_esp001_ex_ancestral	Musophagiformes	025	N83	N118	6.905238151550293
1275	0	225	0	0.15	1.0	admixture	pbphmm_derived	Musophagiformes	025	N83	N118	4752782.926829269
1275	0	225	0	0.15	1.0	admixture	phlag_dto_eap01_ena4_esp001_ex_derived	Musophagiformes	025	N83	N118	6.905238151550293
1258	17	223	2	0.15	1.0	admixture	pbphmm_ancestral	Musophagiformes	025	N83	N118	4752782.926829269
1255	20	223	2	0.15	1.0	admixture	gqshmm_ex_derived	Musophagiformes	025	N83	N118	4752782.926829269
645	630	110	115	0.15	1.0	admixture	gqshmm_ancestral	Musophagiformes	025	N83	N118	4752782.926829269
1275	0	225	0	0.15	1.0	admixture	gqshmm_derived	Musophagiformes	025	N83	N118	4752782.926829269
778	497	130	95	0.15	1.0	admixture	cqshmm_ex_derived	Musophagiformes	025	N83	N118	4752782.926829269
1275	0	225	0	0.15	1.0	admixture	bcbhmm_derived	Musophagiformes	025	N83	N118	4752782.926829269
780	495	225	0	0.15	1.0	admixture	phlag_dto_eap01_ena4_esp001_ancestral	Musophagiformes	025	N83	N118	6.905238151550293
777	498	144	81	0.15	1.0	admixture	mlthmm_ex_derived	Musophagiformes	025	N83	N118	4752782.926829269
1249	26	218	7	0.15	1.0	admixture	mlthmm_ancestral	Musophagiformes	025	N83	N118	4752782.926829269
1031	244	184	41	0.15	1.0	admixture	dtohmm_ex_ancestral	Musophagiformes	025	N83	N118	4752782.926829269
739	536	130	95	0.15	1.0	admixture	bcbhmm_ex_ancestral	Musophagiformes	025	N83	N118	4752782.926829269
841	434	152	73	0.15	1.0	admixture	mlthmm_ex_ancestral	Musophagiformes	025	N83	N118	4752782.926829269
751	524	123	102	0.15	1.0	admixture	bcbhmm_ex_derived	Musophagiformes	025	N83	N118	4752782.926829269
846	429	157	68	0.15	1.0	admixture	dtohmm_ex_derived	Musophagiformes	025	N83	N118	4752782.926829269
1271	4	224	1	0.15	1.0	admixture	gqshmm_ex_ancestral	Musophagiformes	025	N83	N118	4752782.926829269
1275	0	225	0	0.15	1.0	admixture	dtohmm_derived	Musophagiformes	025	N83	N118	4752782.926829269
850	425	162	63	0.15	1.0	admixture	bcbhmm_ancestral	Musophagiformes	025	N83	N118	4752782.926829269
753	522	137	88	0.15	1.0	admixture	cqshmm_ex_ancestral	Musophagiformes	025	N83	N118	4752782.926829269
1275	0	225	0	0.15	1.0	admixture	phlag_dto_eap01_ena4_esp001_derived	Musophagiformes	025	N83	N118	6.905238151550293
1275	0	225	0	0.15	1.0	admixture	cqshmm_derived	Musophagiformes	025	N83	N118	4752782.926829269
1243	32	219	6	0.15	1.0	admixture	pbphmm_ex_ancestral	Musophagiformes	025	N83	N118	4752782.926829269
721	554	129	96	0.15	1.0	admixture	cqshmm_ancestral	Musophagiformes	025	N83	N118	4752782.926829269
1255	20	223	2	0.15	1.0	admixture	gqshmm_ex	Musophagiformes	025	N83	N118	4752782.926829269
1258	17	223	2	0.15	1.0	admixture	pbphmm_ex_derived	Musophagiformes	025	N83	N118	4752782.926829269
1275	0	225	0	0.15	1.0	admixture	mlthmm_derived	Musophagiformes	025	N83	N118	4752782.926829269
824	376	199	101	0.2	1.0	admixture	dtohmm_ancestral	Caprimulgiformes1	050	N220	N202	109370.73170731709
967	233	1	299	0.2	1.0	admixture	phlag_dto_eap01_ena4_esp001_ex_ancestral	Caprimulgiformes1	050	N220	N202	0.06705442070960999
813	387	77	223	0.2	1.0	admixture	pbphmm_derived	Caprimulgiformes1	050	N220	N202	109370.73170731709
917	283	300	0	0.2	1.0	admixture	phlag_dto_eap01_ena4_esp001_ex_derived	Caprimulgiformes1	050	N220	N202	0.06705442070960999
1200	0	300	0	0.2	1.0	admixture	pbphmm_ancestral	Caprimulgiformes1	050	N220	N202	109370.73170731709
1056	144	251	49	0.2	1.0	admixture	gqshmm_ex_derived	Caprimulgiformes1	050	N220	N202	109370.73170731709
862	338	207	93	0.2	1.0	admixture	gqshmm_ancestral	Caprimulgiformes1	050	N220	N202	109370.73170731709
745	455	193	107	0.2	1.0	admixture	gqshmm_derived	Caprimulgiformes1	050	N220	N202	109370.73170731709
593	607	179	121	0.2	1.0	admixture	cqshmm_ex_derived	Caprimulgiformes1	050	N220	N202	109370.73170731709
1020	180	240	60	0.2	1.0	admixture	bcbhmm_derived	Caprimulgiformes1	050	N220	N202	109370.73170731709
1200	0	64	236	0.2	1.0	admixture	phlag_dto_eap01_ena4_esp001_ancestral	Caprimulgiformes1	050	N220	N202	0.06705442070960999
776	424	211	89	0.2	1.0	admixture	mlthmm_ex_derived	Caprimulgiformes1	050	N220	N202	109370.73170731709
996	204	264	36	0.2	1.0	admixture	mlthmm_ancestral	Caprimulgiformes1	050	N220	N202	109370.73170731709
698	502	175	125	0.2	1.0	admixture	dtohmm_ex_ancestral	Caprimulgiformes1	050	N220	N202	109370.73170731709
778	422	184	116	0.2	1.0	admixture	bcbhmm_ex_ancestral	Caprimulgiformes1	050	N220	N202	109370.73170731709
776	424	211	89	0.2	1.0	admixture	mlthmm_ex_ancestral	Caprimulgiformes1	050	N220	N202	109370.73170731709
623	577	181	119	0.2	1.0	admixture	bcbhmm_ex_derived	Caprimulgiformes1	050	N220	N202	109370.73170731709
702	498	177	123	0.2	1.0	admixture	dtohmm_ex_derived	Caprimulgiformes1	050	N220	N202	109370.73170731709
981	219	248	52	0.2	1.0	admixture	gqshmm_ex_ancestral	Caprimulgiformes1	050	N220	N202	109370.73170731709
1086	114	272	28	0.2	1.0	admixture	dtohmm_derived	Caprimulgiformes1	050	N220	N202	109370.73170731709
1063	137	273	27	0.2	1.0	admixture	bcbhmm_ancestral	Caprimulgiformes1	050	N220	N202	109370.73170731709
718	482	146	154	0.2	1.0	admixture	cqshmm_ex_ancestral	Caprimulgiformes1	050	N220	N202	109370.73170731709
1134	66	0	300	0.2	1.0	admixture	phlag_dto_eap01_ena4_esp001_derived	Caprimulgiformes1	050	N220	N202	0.06705442070960999
978	222	28	272	0.2	1.0	admixture	cqshmm_derived	Caprimulgiformes1	050	N220	N202	109370.73170731709
1173	27	296	4	0.2	1.0	admixture	pbphmm_ex_ancestral	Caprimulgiformes1	050	N220	N202	109370.73170731709
616	584	164	136	0.2	1.0	admixture	cqshmm_ancestral	Caprimulgiformes1	050	N220	N202	109370.73170731709
940	260	226	74	0.2	1.0	admixture	gqshmm_ex	Caprimulgiformes1	050	N220	N202	109370.73170731709
1152	48	295	5	0.2	1.0	admixture	pbphmm_ex_derived	Caprimulgiformes1	050	N220	N202	109370.73170731709
739	461	212	88	0.2	1.0	admixture	mlthmm_derived	Caprimulgiformes1	050	N220	N202	109370.73170731709
1261	164	65	10	0.05	1.0	admixture	dtohmm_ancestral	N251	050	N269	N242	113279.26829268294
1047	378	60	15	0.05	1.0	admixture	phlag_dto_eap01_ena4_esp001_ex_ancestral	N251	050	N269	N242	0.06865789741277695
1424	1	75	0	0.05	1.0	admixture	pbphmm_derived	N251	050	N269	N242	113279.26829268294
1204	221	75	0	0.05	1.0	admixture	phlag_dto_eap01_ena4_esp001_ex_derived	N251	050	N269	N242	0.06865789741277695
914	511	55	20	0.05	1.0	admixture	pbphmm_ancestral	N251	050	N269	N242	113279.26829268294
916	509	56	19	0.05	1.0	admixture	gqshmm_ex_derived	N251	050	N269	N242	113279.26829268294
1084	341	49	26	0.05	1.0	admixture	gqshmm_ancestral	N251	050	N269	N242	113279.26829268294
877	548	40	35	0.05	1.0	admixture	gqshmm_derived	N251	050	N269	N242	113279.26829268294
1212	213	57	18	0.05	1.0	admixture	cqshmm_ex_derived	N251	050	N269	N242	113279.26829268294
923	502	52	23	0.05	1.0	admixture	bcbhmm_derived	N251	050	N269	N242	113279.26829268294
1051	374	75	0	0.05	1.0	admixture	phlag_dto_eap01_ena4_esp001_ancestral	N251	050	N269	N242	0.06865789741277695
979	446	54	21	0.05	1.0	admixture	mlthmm_ex_derived	N251	050	N269	N242	113279.26829268294
1250	175	65	10	0.05	1.0	admixture	mlthmm_ancestral	N251	050	N269	N242	113279.26829268294
867	558	39	36	0.05	1.0	admixture	dtohmm_ex_ancestral	N251	050	N269	N242	113279.26829268294
930	495	48	27	0.05	1.0	admixture	bcbhmm_ex_ancestral	N251	050	N269	N242	113279.26829268294
740	685	51	24	0.05	1.0	admixture	mlthmm_ex_ancestral	N251	050	N269	N242	113279.26829268294
884	541	40	35	0.05	1.0	admixture	bcbhmm_ex_derived	N251	050	N269	N242	113279.26829268294
751	674	34	41	0.05	1.0	admixture	dtohmm_ex_derived	N251	050	N269	N242	113279.26829268294
1390	35	75	0	0.05	1.0	admixture	gqshmm_ex_ancestral	N251	050	N269	N242	113279.26829268294
1372	53	69	6	0.05	1.0	admixture	dtohmm_derived	N251	050	N269	N242	113279.26829268294
1420	5	75	0	0.05	1.0	admixture	bcbhmm_ancestral	N251	050	N269	N242	113279.26829268294
721	704	38	37	0.05	1.0	admixture	cqshmm_ex_ancestral	N251	050	N269	N242	113279.26829268294
1425	0	75	0	0.05	1.0	admixture	phlag_dto_eap01_ena4_esp001_derived	N251	050	N269	N242	0.06865789741277695
1002	423	5	70	0.05	1.0	admixture	cqshmm_derived	N251	050	N269	N242	113279.26829268294
1094	331	67	8	0.05	1.0	admixture	pbphmm_ex_ancestral	N251	050	N269	N242	113279.26829268294
1371	54	68	7	0.05	1.0	admixture	cqshmm_ancestral	N251	050	N269	N242	113279.26829268294
916	509	56	19	0.05	1.0	admixture	gqshmm_ex	N251	050	N269	N242	113279.26829268294
1073	352	58	17	0.05	1.0	admixture	pbphmm_ex_derived	N251	050	N269	N242	113279.26829268294
896	529	40	35	0.05	1.0	admixture	mlthmm_derived	N251	050	N269	N242	113279.26829268294
762	588	62	88	0.1	1.0	admixture	dtohmm_ancestral	Columbiformes	025	Mesitornis_unicolor	N93	4988273.170731708
686	664	103	47	0.1	1.0	admixture	phlag_dto_eap01_ena4_esp001_ex_ancestral	Columbiformes	025	Mesitornis_unicolor	N93	6.908453941345215
1350	0	150	0	0.1	1.0	admixture	pbphmm_derived	Columbiformes	025	Mesitornis_unicolor	N93	4988273.170731708
1282	68	0	150	0.1	1.0	admixture	phlag_dto_eap01_ena4_esp001_ex_derived	Columbiformes	025	Mesitornis_unicolor	N93	6.908453941345215
1070	280	116	34	0.1	1.0	admixture	pbphmm_ancestral	Columbiformes	025	Mesitornis_unicolor	N93	4988273.170731708
799	551	117	33	0.1	1.0	admixture	gqshmm_ex_derived	Columbiformes	025	Mesitornis_unicolor	N93	4988273.170731708
685	665	98	52	0.1	1.0	admixture	gqshmm_ancestral	Columbiformes	025	Mesitornis_unicolor	N93	4988273.170731708
1350	0	150	0	0.1	1.0	admixture	gqshmm_derived	Columbiformes	025	Mesitornis_unicolor	N93	4988273.170731708
905	445	101	49	0.1	1.0	admixture	cqshmm_ex_derived	Columbiformes	025	Mesitornis_unicolor	N93	4988273.170731708
1350	0	150	0	0.1	1.0	admixture	bcbhmm_derived	Columbiformes	025	Mesitornis_unicolor	N93	4988273.170731708
1299	51	0	150	0.1	1.0	admixture	phlag_dto_eap01_ena4_esp001_ancestral	Columbiformes	025	Mesitornis_unicolor	N93	6.908453941345215
1065	285	105	45	0.1	1.0	admixture	mlthmm_ex_derived	Columbiformes	025	Mesitornis_unicolor	N93	4988273.170731708
853	497	79	71	0.1	1.0	admixture	mlthmm_ancestral	Columbiformes	025	Mesitornis_unicolor	N93	4988273.170731708
1065	285	127	23	0.1	1.0	admixture	dtohmm_ex_ancestral	Columbiformes	025	Mesitornis_unicolor	N93	4988273.170731708
786	564	73	77	0.1	1.0	admixture	bcbhmm_ex_ancestral	Columbiformes	025	Mesitornis_unicolor	N93	4988273.170731708
907	443	106	44	0.1	1.0	admixture	mlthmm_ex_ancestral	Columbiformes	025	Mesitornis_unicolor	N93	4988273.170731708
758	592	107	43	0.1	1.0	admixture	bcbhmm_ex_derived	Columbiformes	025	Mesitornis_unicolor	N93	4988273.170731708
913	437	104	46	0.1	1.0	admixture	dtohmm_ex_derived	Columbiformes	025	Mesitornis_unicolor	N93	4988273.170731708
1350	0	150	0	0.1	1.0	admixture	gqshmm_ex_ancestral	Columbiformes	025	Mesitornis_unicolor	N93	4988273.170731708
1350	0	150	0	0.1	1.0	admixture	dtohmm_derived	Columbiformes	025	Mesitornis_unicolor	N93	4988273.170731708
737	613	70	80	0.1	1.0	admixture	bcbhmm_ancestral	Columbiformes	025	Mesitornis_unicolor	N93	4988273.170731708
660	690	104	46	0.1	1.0	admixture	cqshmm_ex_ancestral	Columbiformes	025	Mesitornis_unicolor	N93	4988273.170731708
1350	0	150	0	0.1	1.0	admixture	phlag_dto_eap01_ena4_esp001_derived	Columbiformes	025	Mesitornis_unicolor	N93	6.908453941345215
1350	0	150	0	0.1	1.0	admixture	cqshmm_derived	Columbiformes	025	Mesitornis_unicolor	N93	4988273.170731708
1005	345	112	38	0.1	1.0	admixture	pbphmm_ex_ancestral	Columbiformes	025	Mesitornis_unicolor	N93	4988273.170731708
765	585	61	89	0.1	1.0	admixture	cqshmm_ancestral	Columbiformes	025	Mesitornis_unicolor	N93	4988273.170731708
799	551	117	33	0.1	1.0	admixture	gqshmm_ex	Columbiformes	025	Mesitornis_unicolor	N93	4988273.170731708
758	592	87	63	0.1	1.0	admixture	pbphmm_ex_derived	Columbiformes	025	Mesitornis_unicolor	N93	4988273.170731708
1350	0	150	0	0.1	1.0	admixture	mlthmm_derived	Columbiformes	025	Mesitornis_unicolor	N93	4988273.170731708
1275	0	225	0	0.15	1.0	admixture	dtohmm_ancestral	Falconiformes	025	Cariamiformes	Psittaciformes	3730895.12195122
1275	0	225	0	0.15	1.0	admixture	pbphmm_derived	Falconiformes	025	Cariamiformes	Psittaciformes	3730895.12195122
1275	0	0	225	0.15	1.0	admixture	phlag_dto_eap01_ena4_esp001_ex_derived	Falconiformes	025	Cariamiformes	Psittaciformes	6.311888217926025
1275	0	225	0	0.15	1.0	admixture	pbphmm_ancestral	Falconiformes	025	Cariamiformes	Psittaciformes	3730895.12195122
1273	2	225	0	0.15	1.0	admixture	gqshmm_ex_derived	Falconiformes	025	Cariamiformes	Psittaciformes	3730895.12195122
1275	0	225	0	0.15	1.0	admixture	gqshmm_ancestral	Falconiformes	025	Cariamiformes	Psittaciformes	3730895.12195122
1275	0	225	0	0.15	1.0	admixture	gqshmm_derived	Falconiformes	025	Cariamiformes	Psittaciformes	3730895.12195122
565	710	185	40	0.15	1.0	admixture	cqshmm_ex_derived	Falconiformes	025	Cariamiformes	Psittaciformes	3730895.12195122
1275	0	225	0	0.15	1.0	admixture	bcbhmm_derived	Falconiformes	025	Cariamiformes	Psittaciformes	3730895.12195122
1265	10	0	225	0.15	1.0	admixture	mlthmm_ex_derived	Falconiformes	025	Cariamiformes	Psittaciformes	3730895.12195122
1275	0	225	0	0.15	1.0	admixture	mlthmm_ancestral	Falconiformes	025	Cariamiformes	Psittaciformes	3730895.12195122
907	368	181	44	0.15	1.0	admixture	dtohmm_ex_ancestral	Falconiformes	025	Cariamiformes	Psittaciformes	3730895.12195122
907	368	181	44	0.15	1.0	admixture	bcbhmm_ex_ancestral	Falconiformes	025	Cariamiformes	Psittaciformes	3730895.12195122
907	368	181	44	0.15	1.0	admixture	mlthmm_ex_ancestral	Falconiformes	025	Cariamiformes	Psittaciformes	3730895.12195122
886	389	215	10	0.15	1.0	admixture	bcbhmm_ex_derived	Falconiformes	025	Cariamiformes	Psittaciformes	3730895.12195122
689	586	130	95	0.15	1.0	admixture	dtohmm_ex_derived	Falconiformes	025	Cariamiformes	Psittaciformes	3730895.12195122
785	490	207	18	0.15	1.0	admixture	gqshmm_ex_ancestral	Falconiformes	025	Cariamiformes	Psittaciformes	3730895.12195122
1275	0	225	0	0.15	1.0	admixture	dtohmm_derived	Falconiformes	025	Cariamiformes	Psittaciformes	3730895.12195122
1275	0	225	0	0.15	1.0	admixture	bcbhmm_ancestral	Falconiformes	025	Cariamiformes	Psittaciformes	3730895.12195122
743	532	75	150	0.15	1.0	admixture	cqshmm_ex_ancestral	Falconiformes	025	Cariamiformes	Psittaciformes	3730895.12195122
1275	0	225	0	0.15	1.0	admixture	phlag_dto_eap01_ena4_esp001_derived	Falconiformes	025	Cariamiformes	Psittaciformes	6.311888217926025
1275	0	221	4	0.15	1.0	admixture	cqshmm_derived	Falconiformes	025	Cariamiformes	Psittaciformes	3730895.12195122
1240	35	221	4	0.15	1.0	admixture	pbphmm_ex_ancestral	Falconiformes	025	Cariamiformes	Psittaciformes	3730895.12195122
1275	0	225	0	0.15	1.0	admixture	cqshmm_ancestral	Falconiformes	025	Cariamiformes	Psittaciformes	3730895.12195122
1162	113	180	45	0.15	1.0	admixture	pbphmm_ex_derived	Falconiformes	025	Cariamiformes	Psittaciformes	3730895.12195122
1275	0	225	0	0.15	1.0	admixture	mlthmm_derived	Falconiformes	025	Cariamiformes	Psittaciformes	3730895.12195122
603	522	196	179	0.25	1.0	admixture	dtohmm_ancestral	Falconiformes	050	Accipitriformes	N717	3730895.12195122
1004	121	302	73	0.25	1.0	admixture	phlag_dto_eap01_ena4_esp001_ex_ancestral	Falconiformes	050	Accipitriformes	N717	6.376978874206543
1125	0	375	0	0.25	1.0	admixture	pbphmm_derived	Falconiformes	050	Accipitriformes	N717	3730895.12195122
820	305	375	0	0.25	1.0	admixture	phlag_dto_eap01_ena4_esp001_ex_derived	Falconiformes	050	Accipitriformes	N717	6.376978874206543
1015	110	361	14	0.25	1.0	admixture	pbphmm_ancestral	Falconiformes	050	Accipitriformes	N717	3730895.12195122
1123	2	375	0	0.25	1.0	admixture	gqshmm_ex_derived	Falconiformes	050	Accipitriformes	N717	3730895.12195122
667	458	220	155	0.25	1.0	admixture	gqshmm_ancestral	Falconiformes	050	Accipitriformes	N717	3730895.12195122
1125	0	375	0	0.25	1.0	admixture	gqshmm_derived	Falconiformes	050	Accipitriformes	N717	3730895.12195122
790	335	294	81	0.25	1.0	admixture	cqshmm_ex_derived	Falconiformes	050	Accipitriformes	N717	3730895.12195122
1125	0	375	0	0.25	1.0	admixture	bcbhmm_derived	Falconiformes	050	Accipitriformes	N717	3730895.12195122
927	198	375	0	0.25	1.0	admixture	phlag_dto_eap01_ena4_esp001_ancestral	Falconiformes	050	Accipitriformes	N717	6.376978874206543
570	555	202	173	0.25	1.0	admixture	mlthmm_ex_derived	Falconiformes	050	Accipitriformes	N717	3730895.12195122
1114	11	375	0	0.25	1.0	admixture	mlthmm_ancestral	Falconiformes	050	Accipitriformes	N717	3730895.12195122
662	463	197	178	0.25	1.0	admixture	dtohmm_ex_ancestral	Falconiformes	050	Accipitriformes	N717	3730895.12195122
789	336	252	123	0.25	1.0	admixture	bcbhmm_ex_ancestral	Falconiformes	050	Accipitriformes	N717	3730895.12195122
651	474	238	137	0.25	1.0	admixture	mlthmm_ex_ancestral	Falconiformes	050	Accipitriformes	N717	3730895.12195122
575	550	204	171	0.25	1.0	admixture	bcbhmm_ex_derived	Falconiformes	050	Accipitriformes	N717	3730895.12195122
615	510	222	153	0.25	1.0	admixture	dtohmm_ex_derived	Falconiformes	050	Accipitriformes	N717	3730895.12195122
1125	0	375	0	0.25	1.0	admixture	gqshmm_ex_ancestral	Falconiformes	050	Accipitriformes	N717	3730895.12195122
1125	0	375	0	0.25	1.0	admixture	dtohmm_derived	Falconiformes	050	Accipitriformes	N717	3730895.12195122
1110	15	335	40	0.25	1.0	admixture	bcbhmm_ancestral	Falconiformes	050	Accipitriformes	N717	3730895.12195122
551	574	206	169	0.25	1.0	admixture	cqshmm_ex_ancestral	Falconiformes	050	Accipitriformes	N717	3730895.12195122
1125	0	375	0	0.25	1.0	admixture	phlag_dto_eap01_ena4_esp001_derived	Falconiformes	050	Accipitriformes	N717	6.376978874206543
1125	0	375	0	0.25	1.0	admixture	cqshmm_derived	Falconiformes	050	Accipitriformes	N717	3730895.12195122
1009	116	357	18	0.25	1.0	admixture	pbphmm_ex_ancestral	Falconiformes	050	Accipitriformes	N717	3730895.12195122
731	394	214	161	0.25	1.0	admixture	cqshmm_ancestral	Falconiformes	050	Accipitriformes	N717	3730895.12195122
1123	2	375	0	0.25	1.0	admixture	gqshmm_ex	Falconiformes	050	Accipitriformes	N717	3730895.12195122
1073	52	369	6	0.25	1.0	admixture	pbphmm_ex_derived	Falconiformes	050	Accipitriformes	N717	3730895.12195122
1125	0	375	0	0.25	1.0	admixture	mlthmm_derived	Falconiformes	050	Accipitriformes	N717	3730895.12195122
1038	432	22	8	0.02	1.0	admixture	dtohmm_ancestral	Caprimulgiformes1	050	N220	N202	109370.73170731709
1111	359	30	0	0.02	1.0	admixture	phlag_dto_eap01_ena4_esp001_ex_ancestral	Caprimulgiformes1	050	N220	N202	0.09319482743740082
860	610	0	30	0.02	1.0	admixture	pbphmm_derived	Caprimulgiformes1	050	N220	N202	109370.73170731709
772	698	30	0	0.02	1.0	admixture	phlag_dto_eap01_ena4_esp001_ex_derived	Caprimulgiformes1	050	N220	N202	0.09319482743740082
1412	58	30	0	0.02	1.0	admixture	pbphmm_ancestral	Caprimulgiformes1	050	N220	N202	109370.73170731709
1299	171	25	5	0.02	1.0	admixture	gqshmm_ex_derived	Caprimulgiformes1	050	N220	N202	109370.73170731709
1066	404	18	12	0.02	1.0	admixture	gqshmm_ancestral	Caprimulgiformes1	050	N220	N202	109370.73170731709
918	552	18	12	0.02	1.0	admixture	gqshmm_derived	Caprimulgiformes1	050	N220	N202	109370.73170731709
830	640	11	19	0.02	1.0	admixture	cqshmm_ex_derived	Caprimulgiformes1	050	N220	N202	109370.73170731709
1266	204	16	14	0.02	1.0	admixture	bcbhmm_derived	Caprimulgiformes1	050	N220	N202	109370.73170731709
1335	135	30	0	0.02	1.0	admixture	phlag_dto_eap01_ena4_esp001_ancestral	Caprimulgiformes1	050	N220	N202	0.09319482743740082
954	516	20	10	0.02	1.0	admixture	mlthmm_ex_derived	Caprimulgiformes1	050	N220	N202	109370.73170731709
949	521	21	9	0.02	1.0	admixture	mlthmm_ancestral	Caprimulgiformes1	050	N220	N202	109370.73170731709
848	622	16	14	0.02	1.0	admixture	dtohmm_ex_ancestral	Caprimulgiformes1	050	N220	N202	109370.73170731709
953	517	20	10	0.02	1.0	admixture	bcbhmm_ex_ancestral	Caprimulgiformes1	050	N220	N202	109370.73170731709
954	516	20	10	0.02	1.0	admixture	mlthmm_ex_ancestral	Caprimulgiformes1	050	N220	N202	109370.73170731709
1252	218	20	10	0.02	1.0	admixture	bcbhmm_ex_derived	Caprimulgiformes1	050	N220	N202	109370.73170731709
858	612	17	13	0.02	1.0	admixture	dtohmm_ex_derived	Caprimulgiformes1	050	N220	N202	109370.73170731709
992	478	15	15	0.02	1.0	admixture	gqshmm_ex_ancestral	Caprimulgiformes1	050	N220	N202	109370.73170731709
948	522	18	12	0.02	1.0	admixture	dtohmm_derived	Caprimulgiformes1	050	N220	N202	109370.73170731709
976	494	15	15	0.02	1.0	admixture	bcbhmm_ancestral	Caprimulgiformes1	050	N220	N202	109370.73170731709
765	705	15	15	0.02	1.0	admixture	cqshmm_ex_ancestral	Caprimulgiformes1	050	N220	N202	109370.73170731709
1424	46	30	0	0.02	1.0	admixture	phlag_dto_eap01_ena4_esp001_derived	Caprimulgiformes1	050	N220	N202	0.09319482743740082
935	535	6	24	0.02	1.0	admixture	cqshmm_derived	Caprimulgiformes1	050	N220	N202	109370.73170731709
1449	21	30	0	0.02	1.0	admixture	pbphmm_ex_ancestral	Caprimulgiformes1	050	N220	N202	109370.73170731709
813	657	25	5	0.02	1.0	admixture	cqshmm_ancestral	Caprimulgiformes1	050	N220	N202	109370.73170731709
1166	304	26	4	0.02	1.0	admixture	gqshmm_ex	Caprimulgiformes1	050	N220	N202	109370.73170731709
1446	24	30	0	0.02	1.0	admixture	pbphmm_ex_derived	Caprimulgiformes1	050	N220	N202	109370.73170731709
900	570	24	6	0.02	1.0	admixture	mlthmm_derived	Caprimulgiformes1	050	N220	N202	109370.73170731709
1319	31	139	11	0.1	1.0	admixture	dtohmm_ancestral	Coraciiformes	025	Bucerotiformes	Piciformes	449463.4146341464
1350	0	150	0	0.1	1.0	admixture	phlag_dto_eap01_ena4_esp001_ex_ancestral	Coraciiformes	025	Bucerotiformes	Piciformes	2.7139739990234375
1256	94	0	150	0.1	1.0	admixture	pbphmm_derived	Coraciiformes	025	Bucerotiformes	Piciformes	449463.4146341464
1347	3	23	127	0.1	1.0	admixture	phlag_dto_eap01_ena4_esp001_ex_derived	Coraciiformes	025	Bucerotiformes	Piciformes	2.7139739990234375
853	497	119	31	0.1	1.0	admixture	pbphmm_ancestral	Coraciiformes	025	Bucerotiformes	Piciformes	449463.4146341464
1075	275	104	46	0.1	1.0	admixture	gqshmm_ex_derived	Coraciiformes	025	Bucerotiformes	Piciformes	449463.4146341464
1169	181	137	13	0.1	1.0	admixture	gqshmm_ancestral	Coraciiformes	025	Bucerotiformes	Piciformes	449463.4146341464
1277	73	116	34	0.1	1.0	admixture	gqshmm_derived	Coraciiformes	025	Bucerotiformes	Piciformes	449463.4146341464
1239	111	124	26	0.1	1.0	admixture	cqshmm_ex_derived	Coraciiformes	025	Bucerotiformes	Piciformes	449463.4146341464
1350	0	150	0	0.1	1.0	admixture	bcbhmm_derived	Coraciiformes	025	Bucerotiformes	Piciformes	449463.4146341464
1348	2	23	127	0.1	1.0	admixture	phlag_dto_eap01_ena4_esp001_ancestral	Coraciiformes	025	Bucerotiformes	Piciformes	2.7139739990234375
854	496	105	45	0.1	1.0	admixture	mlthmm_ex_derived	Coraciiformes	025	Bucerotiformes	Piciformes	449463.4146341464
1143	207	130	20	0.1	1.0	admixture	mlthmm_ancestral	Coraciiformes	025	Bucerotiformes	Piciformes	449463.4146341464
1020	330	127	23	0.1	1.0	admixture	dtohmm_ex_ancestral	Coraciiformes	025	Bucerotiformes	Piciformes	449463.4146341464
1332	18	146	4	0.1	1.0	admixture	bcbhmm_ex_ancestral	Coraciiformes	025	Bucerotiformes	Piciformes	449463.4146341464
1099	251	119	31	0.1	1.0	admixture	mlthmm_ex_ancestral	Coraciiformes	025	Bucerotiformes	Piciformes	449463.4146341464
1226	124	132	18	0.1	1.0	admixture	bcbhmm_ex_derived	Coraciiformes	025	Bucerotiformes	Piciformes	449463.4146341464
1073	277	105	45	0.1	1.0	admixture	dtohmm_ex_derived	Coraciiformes	025	Bucerotiformes	Piciformes	449463.4146341464
1250	100	115	35	0.1	1.0	admixture	gqshmm_ex_ancestral	Coraciiformes	025	Bucerotiformes	Piciformes	449463.4146341464
1347	3	139	11	0.1	1.0	admixture	dtohmm_derived	Coraciiformes	025	Bucerotiformes	Piciformes	449463.4146341464
1186	164	131	19	0.1	1.0	admixture	bcbhmm_ancestral	Coraciiformes	025	Bucerotiformes	Piciformes	449463.4146341464
958	392	121	29	0.1	1.0	admixture	cqshmm_ex_ancestral	Coraciiformes	025	Bucerotiformes	Piciformes	449463.4146341464
1312	38	14	136	0.1	1.0	admixture	phlag_dto_eap01_ena4_esp001_derived	Coraciiformes	025	Bucerotiformes	Piciformes	2.7139739990234375
1305	45	85	65	0.1	1.0	admixture	cqshmm_derived	Coraciiformes	025	Bucerotiformes	Piciformes	449463.4146341464
719	631	92	58	0.1	1.0	admixture	pbphmm_ex_ancestral	Coraciiformes	025	Bucerotiformes	Piciformes	449463.4146341464
1290	60	143	7	0.1	1.0	admixture	cqshmm_ancestral	Coraciiformes	025	Bucerotiformes	Piciformes	449463.4146341464
1075	275	104	46	0.1	1.0	admixture	gqshmm_ex	Coraciiformes	025	Bucerotiformes	Piciformes	449463.4146341464
759	591	77	73	0.1	1.0	admixture	pbphmm_ex_derived	Coraciiformes	025	Bucerotiformes	Piciformes	449463.4146341464
1347	3	145	5	0.1	1.0	admixture	mlthmm_derived	Coraciiformes	025	Bucerotiformes	Piciformes	449463.4146341464
1445	25	24	6	0.02	1.0	admixture	dtohmm_ancestral	Coraciiformes	025	Bucerotiformes	Piciformes	449463.4146341464
974	496	23	7	0.02	1.0	admixture	phlag_dto_eap01_ena4_esp001_ex_ancestral	Coraciiformes	025	Bucerotiformes	Piciformes	2.9233176708221436
1380	90	25	5	0.02	1.0	admixture	pbphmm_derived	Coraciiformes	025	Bucerotiformes	Piciformes	449463.4146341464
1159	311	23	7	0.02	1.0	admixture	phlag_dto_eap01_ena4_esp001_ex_derived	Coraciiformes	025	Bucerotiformes	Piciformes	2.9233176708221436
1019	451	16	14	0.02	1.0	admixture	pbphmm_ancestral	Coraciiformes	025	Bucerotiformes	Piciformes	449463.4146341464
1169	301	18	12	0.02	1.0	admixture	gqshmm_ex_derived	Coraciiformes	025	Bucerotiformes	Piciformes	449463.4146341464
1279	191	24	6	0.02	1.0	admixture	gqshmm_ancestral	Coraciiformes	025	Bucerotiformes	Piciformes	449463.4146341464
1390	80	24	6	0.02	1.0	admixture	gqshmm_derived	Coraciiformes	025	Bucerotiformes	Piciformes	449463.4146341464
1360	110	24	6	0.02	1.0	admixture	cqshmm_ex_derived	Coraciiformes	025	Bucerotiformes	Piciformes	449463.4146341464
1470	0	30	0	0.02	1.0	admixture	bcbhmm_derived	Coraciiformes	025	Bucerotiformes	Piciformes	449463.4146341464
1403	67	16	14	0.02	1.0	admixture	phlag_dto_eap01_ena4_esp001_ancestral	Coraciiformes	025	Bucerotiformes	Piciformes	2.9233176708221436
950	520	22	8	0.02	1.0	admixture	mlthmm_ex_derived	Coraciiformes	025	Bucerotiformes	Piciformes	449463.4146341464
1462	8	30	0	0.02	1.0	admixture	mlthmm_ancestral	Coraciiformes	025	Bucerotiformes	Piciformes	449463.4146341464
1115	355	24	6	0.02	1.0	admixture	dtohmm_ex_ancestral	Coraciiformes	025	Bucerotiformes	Piciformes	449463.4146341464
1468	2	30	0	0.02	1.0	admixture	bcbhmm_ex_ancestral	Coraciiformes	025	Bucerotiformes	Piciformes	449463.4146341464
1202	268	27	3	0.02	1.0	admixture	mlthmm_ex_ancestral	Coraciiformes	025	Bucerotiformes	Piciformes	449463.4146341464
1350	120	29	1	0.02	1.0	admixture	bcbhmm_ex_derived	Coraciiformes	025	Bucerotiformes	Piciformes	449463.4146341464
1055	415	20	10	0.02	1.0	admixture	dtohmm_ex_derived	Coraciiformes	025	Bucerotiformes	Piciformes	449463.4146341464
1020	450	18	12	0.02	1.0	admixture	gqshmm_ex_ancestral	Coraciiformes	025	Bucerotiformes	Piciformes	449463.4146341464
1462	8	27	3	0.02	1.0	admixture	dtohmm_derived	Coraciiformes	025	Bucerotiformes	Piciformes	449463.4146341464
1320	150	28	2	0.02	1.0	admixture	bcbhmm_ancestral	Coraciiformes	025	Bucerotiformes	Piciformes	449463.4146341464
1254	216	27	3	0.02	1.0	admixture	cqshmm_ex_ancestral	Coraciiformes	025	Bucerotiformes	Piciformes	449463.4146341464
1442	28	30	0	0.02	1.0	admixture	phlag_dto_eap01_ena4_esp001_derived	Coraciiformes	025	Bucerotiformes	Piciformes	2.9233176708221436
1444	26	27	3	0.02	1.0	admixture	cqshmm_derived	Coraciiformes	025	Bucerotiformes	Piciformes	449463.4146341464
790	680	21	9	0.02	1.0	admixture	pbphmm_ex_ancestral	Coraciiformes	025	Bucerotiformes	Piciformes	449463.4146341464
1432	38	25	5	0.02	1.0	admixture	cqshmm_ancestral	Coraciiformes	025	Bucerotiformes	Piciformes	449463.4146341464
1169	301	18	12	0.02	1.0	admixture	gqshmm_ex	Coraciiformes	025	Bucerotiformes	Piciformes	449463.4146341464
831	639	16	14	0.02	1.0	admixture	pbphmm_ex_derived	Coraciiformes	025	Bucerotiformes	Piciformes	449463.4146341464
1447	23	27	3	0.02	1.0	admixture	mlthmm_derived	Coraciiformes	025	Bucerotiformes	Piciformes	449463.4146341464
775	650	40	35	0.05	1.0	admixture	dtohmm_ancestral	Falconiformes	050	Accipitriformes	N717	3730895.12195122
1109	316	75	0	0.05	1.0	admixture	phlag_dto_eap01_ena4_esp001_ex_ancestral	Falconiformes	050	Accipitriformes	N717	6.376978874206543
1425	0	75	0	0.05	1.0	admixture	pbphmm_derived	Falconiformes	050	Accipitriformes	N717	3730895.12195122
1425	0	75	0	0.05	1.0	admixture	phlag_dto_eap01_ena4_esp001_ex_derived	Falconiformes	050	Accipitriformes	N717	6.376978874206543
1288	137	73	2	0.05	1.0	admixture	pbphmm_ancestral	Falconiformes	050	Accipitriformes	N717	3730895.12195122
1423	2	75	0	0.05	1.0	admixture	gqshmm_ex_derived	Falconiformes	050	Accipitriformes	N717	3730895.12195122
939	486	52	23	0.05	1.0	admixture	gqshmm_ancestral	Falconiformes	050	Accipitriformes	N717	3730895.12195122
1425	0	75	0	0.05	1.0	admixture	gqshmm_derived	Falconiformes	050	Accipitriformes	N717	3730895.12195122
897	528	45	30	0.05	1.0	admixture	cqshmm_ex_derived	Falconiformes	050	Accipitriformes	N717	3730895.12195122
1425	0	75	0	0.05	1.0	admixture	bcbhmm_derived	Falconiformes	050	Accipitriformes	N717	3730895.12195122
1227	198	75	0	0.05	1.0	admixture	phlag_dto_eap01_ena4_esp001_ancestral	Falconiformes	050	Accipitriformes	N717	6.376978874206543
717	708	34	41	0.05	1.0	admixture	mlthmm_ex_derived	Falconiformes	050	Accipitriformes	N717	3730895.12195122
1410	15	75	0	0.05	1.0	admixture	mlthmm_ancestral	Falconiformes	050	Accipitriformes	N717	3730895.12195122
842	583	46	29	0.05	1.0	admixture	dtohmm_ex_ancestral	Falconiformes	050	Accipitriformes	N717	3730895.12195122
1014	411	55	20	0.05	1.0	admixture	bcbhmm_ex_ancestral	Falconiformes	050	Accipitriformes	N717	3730895.12195122
821	604	40	35	0.05	1.0	admixture	mlthmm_ex_ancestral	Falconiformes	050	Accipitriformes	N717	3730895.12195122
725	700	35	40	0.05	1.0	admixture	bcbhmm_ex_derived	Falconiformes	050	Accipitriformes	N717	3730895.12195122
765	660	37	38	0.05	1.0	admixture	dtohmm_ex_derived	Falconiformes	050	Accipitriformes	N717	3730895.12195122
1040	385	52	23	0.05	1.0	admixture	gqshmm_ex_ancestral	Falconiformes	050	Accipitriformes	N717	3730895.12195122
1425	0	75	0	0.05	1.0	admixture	dtohmm_derived	Falconiformes	050	Accipitriformes	N717	3730895.12195122
824	601	47	28	0.05	1.0	admixture	bcbhmm_ancestral	Falconiformes	050	Accipitriformes	N717	3730895.12195122
785	640	40	35	0.05	1.0	admixture	cqshmm_ex_ancestral	Falconiformes	050	Accipitriformes	N717	3730895.12195122
1425	0	75	0	0.05	1.0	admixture	phlag_dto_eap01_ena4_esp001_derived	Falconiformes	050	Accipitriformes	N717	6.376978874206543
1425	0	75	0	0.05	1.0	admixture	cqshmm_derived	Falconiformes	050	Accipitriformes	N717	3730895.12195122
1277	148	73	2	0.05	1.0	admixture	pbphmm_ex_ancestral	Falconiformes	050	Accipitriformes	N717	3730895.12195122
873	552	49	26	0.05	1.0	admixture	cqshmm_ancestral	Falconiformes	050	Accipitriformes	N717	3730895.12195122
1423	2	75	0	0.05	1.0	admixture	gqshmm_ex	Falconiformes	050	Accipitriformes	N717	3730895.12195122
1365	60	73	2	0.05	1.0	admixture	pbphmm_ex_derived	Falconiformes	050	Accipitriformes	N717	3730895.12195122
1425	0	75	0	0.05	1.0	admixture	mlthmm_derived	Falconiformes	050	Accipitriformes	N717	3730895.12195122
1275	0	23	202	0.15	1.0	admixture	dtohmm_ancestral	N189	050	N132	N146	539662.1951219513
764	511	208	17	0.15	1.0	admixture	pbphmm_derived	N189	050	N132	N146	539662.1951219513
1275	0	1	224	0.15	1.0	admixture	phlag_dto_eap01_ena4_esp001_ex_derived	N189	050	N132	N146	1.8939597606658936
880	395	96	129	0.15	1.0	admixture	pbphmm_ancestral	N189	050	N132	N146	539662.1951219513
928	347	61	164	0.15	1.0	admixture	gqshmm_ex_derived	N189	050	N132	N146	539662.1951219513
1010	265	190	35	0.15	1.0	admixture	gqshmm_ancestral	N189	050	N132	N146	539662.1951219513
1120	155	184	41	0.15	1.0	admixture	gqshmm_derived	N189	050	N132	N146	539662.1951219513
1184	91	186	39	0.15	1.0	admixture	cqshmm_ex_derived	N189	050	N132	N146	539662.1951219513
1148	127	179	46	0.15	1.0	admixture	bcbhmm_derived	N189	050	N132	N146	539662.1951219513
1275	0	1	224	0.15	1.0	admixture	mlthmm_ex_derived	N189	050	N132	N146	539662.1951219513
1008	267	190	35	0.15	1.0	admixture	mlthmm_ancestral	N189	050	N132	N146	539662.1951219513
1274	1	87	138	0.15	1.0	admixture	dtohmm_ex_ancestral	N189	050	N132	N146	539662.1951219513
1275	0	58	167	0.15	1.0	admixture	bcbhmm_ex_ancestral	N189	050	N132	N146	539662.1951219513
1275	0	91	134	0.15	1.0	admixture	mlthmm_ex_ancestral	N189	050	N132	N146	539662.1951219513
1275	0	1	224	0.15	1.0	admixture	bcbhmm_ex_derived	N189	050	N132	N146	539662.1951219513
1164	111	201	24	0.15	1.0	admixture	dtohmm_ex_derived	N189	050	N132	N146	539662.1951219513
936	339	60	165	0.15	1.0	admixture	gqshmm_ex_ancestral	N189	050	N132	N146	539662.1951219513
929	346	127	98	0.15	1.0	admixture	dtohmm_derived	N189	050	N132	N146	539662.1951219513
1260	15	224	1	0.15	1.0	admixture	bcbhmm_ancestral	N189	050	N132	N146	539662.1951219513
1273	2	94	131	0.15	1.0	admixture	cqshmm_ex_ancestral	N189	050	N132	N146	539662.1951219513
1248	27	225	0	0.15	1.0	admixture	phlag_dto_eap01_ena4_esp001_derived	N189	050	N132	N146	1.8939597606658936
1177	98	185	40	0.15	1.0	admixture	cqshmm_derived	N189	050	N132	N146	539662.1951219513
1275	0	93	132	0.15	1.0	admixture	pbphmm_ex_ancestral	N189	050	N132	N146	539662.1951219513
1275	0	2	223	0.15	1.0	admixture	cqshmm_ancestral	N189	050	N132	N146	539662.1951219513
1273	2	0	225	0.15	1.0	admixture	pbphmm_ex_derived	N189	050	N132	N146	539662.1951219513
786	489	173	52	0.15	1.0	admixture	mlthmm_derived	N189	050	N132	N146	539662.1951219513
962	163	319	56	0.25	1.0	admixture	dtohmm_ancestral	Musophagiformes	025	N83	N118	4752782.926829269
749	376	241	134	0.25	1.0	admixture	phlag_dto_eap01_ena4_esp001_ex_ancestral	Musophagiformes	025	N83	N118	6.905238151550293
1125	0	375	0	0.25	1.0	admixture	pbphmm_derived	Musophagiformes	025	N83	N118	4752782.926829269
638	487	375	0	0.25	1.0	admixture	phlag_dto_eap01_ena4_esp001_ex_derived	Musophagiformes	025	N83	N118	6.905238151550293
1125	0	375	0	0.25	1.0	admixture	pbphmm_ancestral	Musophagiformes	025	N83	N118	4752782.926829269
1108	17	370	5	0.25	1.0	admixture	gqshmm_ex_derived	Musophagiformes	025	N83	N118	4752782.926829269
564	561	191	184	0.25	1.0	admixture	gqshmm_ancestral	Musophagiformes	025	N83	N118	4752782.926829269
1125	0	375	0	0.25	1.0	admixture	gqshmm_derived	Musophagiformes	025	N83	N118	4752782.926829269
795	330	273	102	0.25	1.0	admixture	cqshmm_ex_derived	Musophagiformes	025	N83	N118	4752782.926829269
1125	0	375	0	0.25	1.0	admixture	bcbhmm_derived	Musophagiformes	025	N83	N118	4752782.926829269
630	495	375	0	0.25	1.0	admixture	phlag_dto_eap01_ena4_esp001_ancestral	Musophagiformes	025	N83	N118	6.905238151550293
670	455	205	170	0.25	1.0	admixture	mlthmm_ex_derived	Musophagiformes	025	N83	N118	4752782.926829269
1095	30	357	18	0.25	1.0	admixture	mlthmm_ancestral	Musophagiformes	025	N83	N118	4752782.926829269
727	398	251	124	0.25	1.0	admixture	dtohmm_ex_ancestral	Musophagiformes	025	N83	N118	4752782.926829269
646	479	210	165	0.25	1.0	admixture	bcbhmm_ex_ancestral	Musophagiformes	025	N83	N118	4752782.926829269
741	384	259	116	0.25	1.0	admixture	mlthmm_ex_ancestral	Musophagiformes	025	N83	N118	4752782.926829269
714	411	214	161	0.25	1.0	admixture	bcbhmm_ex_derived	Musophagiformes	025	N83	N118	4752782.926829269
731	394	228	147	0.25	1.0	admixture	dtohmm_ex_derived	Musophagiformes	025	N83	N118	4752782.926829269
1124	1	375	0	0.25	1.0	admixture	gqshmm_ex_ancestral	Musophagiformes	025	N83	N118	4752782.926829269
1125	0	375	0	0.25	1.0	admixture	dtohmm_derived	Musophagiformes	025	N83	N118	4752782.926829269
753	372	279	96	0.25	1.0	admixture	bcbhmm_ancestral	Musophagiformes	025	N83	N118	4752782.926829269
579	546	195	180	0.25	1.0	admixture	cqshmm_ex_ancestral	Musophagiformes	025	N83	N118	4752782.926829269
1125	0	375	0	0.25	1.0	admixture	phlag_dto_eap01_ena4_esp001_derived	Musophagiformes	025	N83	N118	6.905238151550293
1125	0	375	0	0.25	1.0	admixture	cqshmm_derived	Musophagiformes	025	N83	N118	4752782.926829269
1093	32	365	10	0.25	1.0	admixture	pbphmm_ex_ancestral	Musophagiformes	025	N83	N118	4752782.926829269
772	353	264	111	0.25	1.0	admixture	cqshmm_ancestral	Musophagiformes	025	N83	N118	4752782.926829269
1108	17	370	5	0.25	1.0	admixture	gqshmm_ex	Musophagiformes	025	N83	N118	4752782.926829269
1106	19	369	6	0.25	1.0	admixture	pbphmm_ex_derived	Musophagiformes	025	N83	N118	4752782.926829269
1125	0	375	0	0.25	1.0	admixture	mlthmm_derived	Musophagiformes	025	N83	N118	4752782.926829269
810	390	187	113	0.2	1.0	admixture	dtohmm_ancestral	Strigiformes	025	N349	N299	945508.536585366
792	408	198	102	0.2	1.0	admixture	phlag_dto_eap01_ena4_esp001_ex_ancestral	Strigiformes	025	N349	N299	1.6904098987579346
1200	0	300	0	0.2	1.0	admixture	pbphmm_derived	Strigiformes	025	N349	N299	945508.536585366
1200	0	300	0	0.2	1.0	admixture	phlag_dto_eap01_ena4_esp001_ex_derived	Strigiformes	025	N349	N299	1.6904098987579346
1058	142	282	18	0.2	1.0	admixture	pbphmm_ancestral	Strigiformes	025	N349	N299	945508.536585366
1199	1	300	0	0.2	1.0	admixture	gqshmm_ex_derived	Strigiformes	025	N349	N299	945508.536585366
767	433	170	130	0.2	1.0	admixture	gqshmm_ancestral	Strigiformes	025	N349	N299	945508.536585366
984	216	227	73	0.2	1.0	admixture	gqshmm_derived	Strigiformes	025	N349	N299	945508.536585366
969	231	226	74	0.2	1.0	admixture	cqshmm_ex_derived	Strigiformes	025	N349	N299	945508.536585366
779	421	205	95	0.2	1.0	admixture	bcbhmm_derived	Strigiformes	025	N349	N299	945508.536585366
1070	130	300	0	0.2	1.0	admixture	phlag_dto_eap01_ena4_esp001_ancestral	Strigiformes	025	N349	N299	1.6904098987579346
977	223	233	67	0.2	1.0	admixture	mlthmm_ex_derived	Strigiformes	025	N349	N299	945508.536585366
803	397	183	117	0.2	1.0	admixture	mlthmm_ancestral	Strigiformes	025	N349	N299	945508.536585366
792	408	198	102	0.2	1.0	admixture	dtohmm_ex_ancestral	Strigiformes	025	N349	N299	945508.536585366
624	576	159	141	0.2	1.0	admixture	bcbhmm_ex_ancestral	Strigiformes	025	N349	N299	945508.536585366
791	409	201	99	0.2	1.0	admixture	mlthmm_ex_ancestral	Strigiformes	025	N349	N299	945508.536585366
877	323	216	84	0.2	1.0	admixture	bcbhmm_ex_derived	Strigiformes	025	N349	N299	945508.536585366
889	311	221	79	0.2	1.0	admixture	dtohmm_ex_derived	Strigiformes	025	N349	N299	945508.536585366
959	241	218	82	0.2	1.0	admixture	gqshmm_ex_ancestral	Strigiformes	025	N349	N299	945508.536585366
696	504	219	81	0.2	1.0	admixture	dtohmm_derived	Strigiformes	025	N349	N299	945508.536585366
844	356	184	116	0.2	1.0	admixture	bcbhmm_ancestral	Strigiformes	025	N349	N299	945508.536585366
612	588	158	142	0.2	1.0	admixture	cqshmm_ex_ancestral	Strigiformes	025	N349	N299	945508.536585366
792	408	300	0	0.2	1.0	admixture	phlag_dto_eap01_ena4_esp001_derived	Strigiformes	025	N349	N299	1.6904098987579346
978	222	219	81	0.2	1.0	admixture	cqshmm_derived	Strigiformes	025	N349	N299	945508.536585366
1171	29	296	4	0.2	1.0	admixture	pbphmm_ex_ancestral	Strigiformes	025	N349	N299	945508.536585366
678	522	178	122	0.2	1.0	admixture	cqshmm_ancestral	Strigiformes	025	N349	N299	945508.536585366
1199	1	300	0	0.2	1.0	admixture	gqshmm_ex	Strigiformes	025	N349	N299	945508.536585366
1187	13	296	4	0.2	1.0	admixture	pbphmm_ex_derived	Strigiformes	025	N349	N299	945508.536585366
1060	140	255	45	0.2	1.0	admixture	mlthmm_derived	Strigiformes	025	N349	N299	945508.536585366
1282	188	28	2	0.02	1.0	admixture	dtohmm_ancestral	Musophagiformes	050	N83	N118	4752782.926829269
983	487	23	7	0.02	1.0	admixture	phlag_dto_eap01_ena4_esp001_ex_ancestral	Musophagiformes	050	N83	N118	6.325979709625244
1470	0	30	0	0.02	1.0	admixture	pbphmm_derived	Musophagiformes	050	N83	N118	4752782.926829269
1287	183	30	0	0.02	1.0	admixture	phlag_dto_eap01_ena4_esp001_ex_derived	Musophagiformes	050	N83	N118	6.325979709625244
1470	0	30	0	0.02	1.0	admixture	pbphmm_ancestral	Musophagiformes	050	N83	N118	4752782.926829269
1445	25	30	0	0.02	1.0	admixture	gqshmm_ex_derived	Musophagiformes	050	N83	N118	4752782.926829269
744	726	19	11	0.02	1.0	admixture	gqshmm_ancestral	Musophagiformes	050	N83	N118	4752782.926829269
1470	0	30	0	0.02	1.0	admixture	gqshmm_derived	Musophagiformes	050	N83	N118	4752782.926829269
754	716	12	18	0.02	1.0	admixture	cqshmm_ex_derived	Musophagiformes	050	N83	N118	4752782.926829269
1470	0	30	0	0.02	1.0	admixture	bcbhmm_derived	Musophagiformes	050	N83	N118	4752782.926829269
1226	244	30	0	0.02	1.0	admixture	phlag_dto_eap01_ena4_esp001_ancestral	Musophagiformes	050	N83	N118	6.325979709625244
800	670	15	15	0.02	1.0	admixture	mlthmm_ex_derived	Musophagiformes	050	N83	N118	4752782.926829269
1345	125	28	2	0.02	1.0	admixture	mlthmm_ancestral	Musophagiformes	050	N83	N118	4752782.926829269
958	512	18	12	0.02	1.0	admixture	dtohmm_ex_ancestral	Musophagiformes	050	N83	N118	4752782.926829269
860	610	18	12	0.02	1.0	admixture	bcbhmm_ex_ancestral	Musophagiformes	050	N83	N118	4752782.926829269
968	502	17	13	0.02	1.0	admixture	mlthmm_ex_ancestral	Musophagiformes	050	N83	N118	4752782.926829269
890	580	22	8	0.02	1.0	admixture	bcbhmm_ex_derived	Musophagiformes	050	N83	N118	4752782.926829269
822	648	16	14	0.02	1.0	admixture	dtohmm_ex_derived	Musophagiformes	050	N83	N118	4752782.926829269
1462	8	30	0	0.02	1.0	admixture	gqshmm_ex_ancestral	Musophagiformes	050	N83	N118	4752782.926829269
1470	0	30	0	0.02	1.0	admixture	dtohmm_derived	Musophagiformes	050	N83	N118	4752782.926829269
1002	468	22	8	0.02	1.0	admixture	bcbhmm_ancestral	Musophagiformes	050	N83	N118	4752782.926829269
849	621	14	16	0.02	1.0	admixture	cqshmm_ex_ancestral	Musophagiformes	050	N83	N118	4752782.926829269
1470	0	30	0	0.02	1.0	admixture	phlag_dto_eap01_ena4_esp001_derived	Musophagiformes	050	N83	N118	6.325979709625244
1470	0	30	0	0.02	1.0	admixture	cqshmm_derived	Musophagiformes	050	N83	N118	4752782.926829269
1434	36	29	1	0.02	1.0	admixture	pbphmm_ex_ancestral	Musophagiformes	050	N83	N118	4752782.926829269
781	689	17	13	0.02	1.0	admixture	cqshmm_ancestral	Musophagiformes	050	N83	N118	4752782.926829269
1445	25	30	0	0.02	1.0	admixture	gqshmm_ex	Musophagiformes	050	N83	N118	4752782.926829269
1451	19	30	0	0.02	1.0	admixture	pbphmm_ex_derived	Musophagiformes	050	N83	N118	4752782.926829269
1470	0	30	0	0.02	1.0	admixture	mlthmm_derived	Musophagiformes	050	N83	N118	4752782.926829269
794	406	220	80	0.2	1.0	admixture	dtohmm_ancestral	Strigiformes	050	N349	N299	945508.536585366
791	409	212	88	0.2	1.0	admixture	phlag_dto_eap01_ena4_esp001_ex_ancestral	Strigiformes	050	N349	N299	1.6191773414611816
1200	0	300	0	0.2	1.0	admixture	pbphmm_derived	Strigiformes	050	N349	N299	945508.536585366
867	333	62	238	0.2	1.0	admixture	phlag_dto_eap01_ena4_esp001_ex_derived	Strigiformes	050	N349	N299	1.6191773414611816
1053	147	279	21	0.2	1.0	admixture	pbphmm_ancestral	Strigiformes	050	N349	N299	945508.536585366
1197	3	300	0	0.2	1.0	admixture	gqshmm_ex_derived	Strigiformes	050	N349	N299	945508.536585366
752	448	188	112	0.2	1.0	admixture	gqshmm_ancestral	Strigiformes	050	N349	N299	945508.536585366
966	234	230	70	0.2	1.0	admixture	gqshmm_derived	Strigiformes	050	N349	N299	945508.536585366
811	389	218	82	0.2	1.0	admixture	cqshmm_ex_derived	Strigiformes	050	N349	N299	945508.536585366
1173	27	292	8	0.2	1.0	admixture	bcbhmm_derived	Strigiformes	050	N349	N299	945508.536585366
1070	130	300	0	0.2	1.0	admixture	phlag_dto_eap01_ena4_esp001_ancestral	Strigiformes	050	N349	N299	1.6191773414611816
660	540	166	134	0.2	1.0	admixture	mlthmm_ex_derived	Strigiformes	050	N349	N299	945508.536585366
794	406	220	80	0.2	1.0	admixture	mlthmm_ancestral	Strigiformes	050	N349	N299	945508.536585366
788	412	199	101	0.2	1.0	admixture	dtohmm_ex_ancestral	Strigiformes	050	N349	N299	945508.536585366
614	586	162	138	0.2	1.0	admixture	bcbhmm_ex_ancestral	Strigiformes	050	N349	N299	945508.536585366
792	408	212	88	0.2	1.0	admixture	mlthmm_ex_ancestral	Strigiformes	050	N349	N299	945508.536585366
861	339	226	74	0.2	1.0	admixture	bcbhmm_ex_derived	Strigiformes	050	N349	N299	945508.536585366
897	303	240	60	0.2	1.0	admixture	dtohmm_ex_derived	Strigiformes	050	N349	N299	945508.536585366
942	258	220	80	0.2	1.0	admixture	gqshmm_ex_ancestral	Strigiformes	050	N349	N299	945508.536585366
1126	74	264	36	0.2	1.0	admixture	dtohmm_derived	Strigiformes	050	N349	N299	945508.536585366
740	460	207	93	0.2	1.0	admixture	bcbhmm_ancestral	Strigiformes	050	N349	N299	945508.536585366
637	563	148	152	0.2	1.0	admixture	cqshmm_ex_ancestral	Strigiformes	050	N349	N299	945508.536585366
1072	128	300	0	0.2	1.0	admixture	phlag_dto_eap01_ena4_esp001_derived	Strigiformes	050	N349	N299	1.6191773414611816
991	209	206	94	0.2	1.0	admixture	cqshmm_derived	Strigiformes	050	N349	N299	945508.536585366
1168	32	292	8	0.2	1.0	admixture	pbphmm_ex_ancestral	Strigiformes	050	N349	N299	945508.536585366
606	594	162	138	0.2	1.0	admixture	cqshmm_ancestral	Strigiformes	050	N349	N299	945508.536585366
1197	3	300	0	0.2	1.0	admixture	gqshmm_ex	Strigiformes	050	N349	N299	945508.536585366
1182	18	295	5	0.2	1.0	admixture	pbphmm_ex_derived	Strigiformes	050	N349	N299	945508.536585366
1079	121	261	39	0.2	1.0	admixture	mlthmm_derived	Strigiformes	050	N349	N299	945508.536585366
1405	20	74	1	0.05	1.0	admixture	dtohmm_ancestral	N189	025	N132	N146	539662.1951219513
918	507	14	61	0.05	1.0	admixture	pbphmm_derived	N189	025	N132	N146	539662.1951219513
1423	2	1	74	0.05	1.0	admixture	phlag_dto_eap01_ena4_esp001_ex_derived	N189	025	N132	N146	1.9410585165023804
1059	366	48	27	0.05	1.0	admixture	pbphmm_ancestral	N189	025	N132	N146	539662.1951219513
1039	386	35	40	0.05	1.0	admixture	gqshmm_ex_derived	N189	025	N132	N146	539662.1951219513
1120	305	63	12	0.05	1.0	admixture	gqshmm_ancestral	N189	025	N132	N146	539662.1951219513
1261	164	57	18	0.05	1.0	admixture	gqshmm_derived	N189	025	N132	N146	539662.1951219513
1341	84	63	12	0.05	1.0	admixture	cqshmm_ex_derived	N189	025	N132	N146	539662.1951219513
1423	2	75	0	0.05	1.0	admixture	bcbhmm_derived	N189	025	N132	N146	539662.1951219513
1425	0	1	74	0.05	1.0	admixture	mlthmm_ex_derived	N189	025	N132	N146	539662.1951219513
1253	172	70	5	0.05	1.0	admixture	mlthmm_ancestral	N189	025	N132	N146	539662.1951219513
1422	3	48	27	0.05	1.0	admixture	dtohmm_ex_ancestral	N189	025	N132	N146	539662.1951219513
1360	65	44	31	0.05	1.0	admixture	bcbhmm_ex_ancestral	N189	025	N132	N146	539662.1951219513
1423	2	51	24	0.05	1.0	admixture	mlthmm_ex_ancestral	N189	025	N132	N146	539662.1951219513
1382	43	70	5	0.05	1.0	admixture	bcbhmm_ex_derived	N189	025	N132	N146	539662.1951219513
1353	72	67	8	0.05	1.0	admixture	dtohmm_ex_derived	N189	025	N132	N146	539662.1951219513
1033	392	33	42	0.05	1.0	admixture	gqshmm_ex_ancestral	N189	025	N132	N146	539662.1951219513
1257	168	69	6	0.05	1.0	admixture	dtohmm_derived	N189	025	N132	N146	539662.1951219513
1401	24	75	0	0.05	1.0	admixture	bcbhmm_ancestral	N189	025	N132	N146	539662.1951219513
1341	84	42	33	0.05	1.0	admixture	cqshmm_ex_ancestral	N189	025	N132	N146	539662.1951219513
1398	27	75	0	0.05	1.0	admixture	phlag_dto_eap01_ena4_esp001_derived	N189	025	N132	N146	1.9410585165023804
1327	98	69	6	0.05	1.0	admixture	cqshmm_derived	N189	025	N132	N146	539662.1951219513
1421	4	25	50	0.05	1.0	admixture	pbphmm_ex_ancestral	N189	025	N132	N146	539662.1951219513
1391	34	59	16	0.05	1.0	admixture	cqshmm_ancestral	N189	025	N132	N146	539662.1951219513
1179	246	47	28	0.05	1.0	admixture	pbphmm_ex_derived	N189	025	N132	N146	539662.1951219513
1060	365	49	26	0.05	1.0	admixture	mlthmm_derived	N189	025	N132	N146	539662.1951219513
1125	0	33	342	0.25	1.0	admixture	dtohmm_ancestral	N189	050	N132	N146	539662.1951219513
1125	0	320	55	0.25	1.0	admixture	pbphmm_derived	N189	050	N132	N146	539662.1951219513
1125	0	3	372	0.25	1.0	admixture	phlag_dto_eap01_ena4_esp001_ex_derived	N189	050	N132	N146	1.8612194061279297
709	416	122	253	0.25	1.0	admixture	pbphmm_ancestral	N189	050	N132	N146	539662.1951219513
818	307	135	240	0.25	1.0	admixture	gqshmm_ex_derived	N189	050	N132	N146	539662.1951219513
1010	115	337	38	0.25	1.0	admixture	gqshmm_ancestral	N189	050	N132	N146	539662.1951219513
1001	124	294	81	0.25	1.0	admixture	gqshmm_derived	N189	050	N132	N146	539662.1951219513
1125	0	11	364	0.25	1.0	admixture	cqshmm_ex_derived	N189	050	N132	N146	539662.1951219513
917	208	121	254	0.25	1.0	admixture	bcbhmm_derived	N189	050	N132	N146	539662.1951219513
1125	0	11	364	0.25	1.0	admixture	mlthmm_ex_derived	N189	050	N132	N146	539662.1951219513
632	493	206	169	0.25	1.0	admixture	mlthmm_ancestral	N189	050	N132	N146	539662.1951219513
1122	3	192	183	0.25	1.0	admixture	dtohmm_ex_ancestral	N189	050	N132	N146	539662.1951219513
1120	5	175	200	0.25	1.0	admixture	bcbhmm_ex_ancestral	N189	050	N132	N146	539662.1951219513
1121	4	189	186	0.25	1.0	admixture	mlthmm_ex_ancestral	N189	050	N132	N146	539662.1951219513
1125	0	11	364	0.25	1.0	admixture	bcbhmm_ex_derived	N189	050	N132	N146	539662.1951219513
1125	0	3	372	0.25	1.0	admixture	dtohmm_ex_derived	N189	050	N132	N146	539662.1951219513
827	298	119	256	0.25	1.0	admixture	gqshmm_ex_ancestral	N189	050	N132	N146	539662.1951219513
975	150	196	179	0.25	1.0	admixture	dtohmm_derived	N189	050	N132	N146	539662.1951219513
997	128	353	22	0.25	1.0	admixture	bcbhmm_ancestral	N189	050	N132	N146	539662.1951219513
1054	71	346	29	0.25	1.0	admixture	cqshmm_ex_ancestral	N189	050	N132	N146	539662.1951219513
1125	0	325	50	0.25	1.0	admixture	phlag_dto_eap01_ena4_esp001_derived	N189	050	N132	N146	1.8612194061279297
1108	17	305	70	0.25	1.0	admixture	cqshmm_derived	N189	050	N132	N146	539662.1951219513
1122	3	177	198	0.25	1.0	admixture	pbphmm_ex_ancestral	N189	050	N132	N146	539662.1951219513
1125	0	11	364	0.25	1.0	admixture	cqshmm_ancestral	N189	050	N132	N146	539662.1951219513
1125	0	11	364	0.25	1.0	admixture	pbphmm_ex_derived	N189	050	N132	N146	539662.1951219513
424	701	351	24	0.25	1.0	admixture	mlthmm_derived	N189	050	N132	N146	539662.1951219513
837	513	90	60	0.1	1.0	admixture	dtohmm_ancestral	Caprimulgiformes1	050	N220	N202	109370.73170731709
1133	217	147	3	0.1	1.0	admixture	phlag_dto_eap01_ena4_esp001_ex_ancestral	Caprimulgiformes1	050	N220	N202	0.08912534266710281
792	558	71	79	0.1	1.0	admixture	pbphmm_derived	Caprimulgiformes1	050	N220	N202	109370.73170731709
824	526	150	0	0.1	1.0	admixture	phlag_dto_eap01_ena4_esp001_ex_derived	Caprimulgiformes1	050	N220	N202	0.08912534266710281
1350	0	150	0	0.1	1.0	admixture	pbphmm_ancestral	Caprimulgiformes1	050	N220	N202	109370.73170731709
1197	153	118	32	0.1	1.0	admixture	gqshmm_ex_derived	Caprimulgiformes1	050	N220	N202	109370.73170731709
986	364	104	46	0.1	1.0	admixture	gqshmm_ancestral	Caprimulgiformes1	050	N220	N202	109370.73170731709
841	509	92	58	0.1	1.0	admixture	gqshmm_derived	Caprimulgiformes1	050	N220	N202	109370.73170731709
804	546	110	40	0.1	1.0	admixture	cqshmm_ex_derived	Caprimulgiformes1	050	N220	N202	109370.73170731709
1043	307	48	102	0.1	1.0	admixture	bcbhmm_derived	Caprimulgiformes1	050	N220	N202	109370.73170731709
1304	46	150	0	0.1	1.0	admixture	phlag_dto_eap01_ena4_esp001_ancestral	Caprimulgiformes1	050	N220	N202	0.08912534266710281
889	461	103	47	0.1	1.0	admixture	mlthmm_ex_derived	Caprimulgiformes1	050	N220	N202	109370.73170731709
876	474	104	46	0.1	1.0	admixture	mlthmm_ancestral	Caprimulgiformes1	050	N220	N202	109370.73170731709
782	568	80	70	0.1	1.0	admixture	dtohmm_ex_ancestral	Caprimulgiformes1	050	N220	N202	109370.73170731709
889	461	104	46	0.1	1.0	admixture	bcbhmm_ex_ancestral	Caprimulgiformes1	050	N220	N202	109370.73170731709
889	461	103	47	0.1	1.0	admixture	mlthmm_ex_ancestral	Caprimulgiformes1	050	N220	N202	109370.73170731709
1162	188	112	38	0.1	1.0	admixture	bcbhmm_ex_derived	Caprimulgiformes1	050	N220	N202	109370.73170731709
776	574	81	69	0.1	1.0	admixture	dtohmm_ex_derived	Caprimulgiformes1	050	N220	N202	109370.73170731709
912	438	93	57	0.1	1.0	admixture	gqshmm_ex_ancestral	Caprimulgiformes1	050	N220	N202	109370.73170731709
1164	186	133	17	0.1	1.0	admixture	dtohmm_derived	Caprimulgiformes1	050	N220	N202	109370.73170731709
833	517	84	66	0.1	1.0	admixture	bcbhmm_ancestral	Caprimulgiformes1	050	N220	N202	109370.73170731709
814	536	113	37	0.1	1.0	admixture	cqshmm_ex_ancestral	Caprimulgiformes1	050	N220	N202	109370.73170731709
1302	48	150	0	0.1	1.0	admixture	phlag_dto_eap01_ena4_esp001_derived	Caprimulgiformes1	050	N220	N202	0.08912534266710281
1045	305	71	79	0.1	1.0	admixture	cqshmm_derived	Caprimulgiformes1	050	N220	N202	109370.73170731709
1331	19	149	1	0.1	1.0	admixture	pbphmm_ex_ancestral	Caprimulgiformes1	050	N220	N202	109370.73170731709
682	668	76	74	0.1	1.0	admixture	cqshmm_ancestral	Caprimulgiformes1	050	N220	N202	109370.73170731709
1075	275	115	35	0.1	1.0	admixture	gqshmm_ex	Caprimulgiformes1	050	N220	N202	109370.73170731709
1199	151	145	5	0.1	1.0	admixture	pbphmm_ex_derived	Caprimulgiformes1	050	N220	N202	109370.73170731709
822	528	106	44	0.1	1.0	admixture	mlthmm_derived	Caprimulgiformes1	050	N220	N202	109370.73170731709
997	203	207	93	0.2	1.0	admixture	dtohmm_ancestral	Coraciiformes	050	Bucerotiformes	Piciformes	449463.4146341464
976	224	175	125	0.2	1.0	admixture	phlag_dto_eap01_ena4_esp001_ex_ancestral	Coraciiformes	050	Bucerotiformes	Piciformes	2.486687660217285
1149	51	7	293	0.2	1.0	admixture	pbphmm_derived	Coraciiformes	050	Bucerotiformes	Piciformes	449463.4146341464
1200	0	55	245	0.2	1.0	admixture	phlag_dto_eap01_ena4_esp001_ex_derived	Coraciiformes	050	Bucerotiformes	Piciformes	2.486687660217285
1200	0	300	0	0.2	1.0	admixture	pbphmm_ancestral	Coraciiformes	050	Bucerotiformes	Piciformes	449463.4146341464
964	236	208	92	0.2	1.0	admixture	gqshmm_ex_derived	Coraciiformes	050	Bucerotiformes	Piciformes	449463.4146341464
1037	163	259	41	0.2	1.0	admixture	gqshmm_ancestral	Coraciiformes	050	Bucerotiformes	Piciformes	449463.4146341464
1129	71	237	63	0.2	1.0	admixture	gqshmm_derived	Coraciiformes	050	Bucerotiformes	Piciformes	449463.4146341464
1100	100	238	62	0.2	1.0	admixture	cqshmm_ex_derived	Coraciiformes	050	Bucerotiformes	Piciformes	449463.4146341464
1200	0	298	2	0.2	1.0	admixture	bcbhmm_derived	Coraciiformes	050	Bucerotiformes	Piciformes	449463.4146341464
1165	35	217	83	0.2	1.0	admixture	phlag_dto_eap01_ena4_esp001_ancestral	Coraciiformes	050	Bucerotiformes	Piciformes	2.486687660217285
778	422	155	145	0.2	1.0	admixture	mlthmm_ex_derived	Coraciiformes	050	Bucerotiformes	Piciformes	449463.4146341464
1189	11	296	4	0.2	1.0	admixture	mlthmm_ancestral	Coraciiformes	050	Bucerotiformes	Piciformes	449463.4146341464
735	465	148	152	0.2	1.0	admixture	dtohmm_ex_ancestral	Coraciiformes	050	Bucerotiformes	Piciformes	449463.4146341464
1154	46	268	32	0.2	1.0	admixture	bcbhmm_ex_ancestral	Coraciiformes	050	Bucerotiformes	Piciformes	449463.4146341464
987	213	176	124	0.2	1.0	admixture	mlthmm_ex_ancestral	Coraciiformes	050	Bucerotiformes	Piciformes	449463.4146341464
1101	99	267	33	0.2	1.0	admixture	bcbhmm_ex_derived	Coraciiformes	050	Bucerotiformes	Piciformes	449463.4146341464
983	217	235	65	0.2	1.0	admixture	dtohmm_ex_derived	Coraciiformes	050	Bucerotiformes	Piciformes	449463.4146341464
912	288	185	115	0.2	1.0	admixture	gqshmm_ex_ancestral	Coraciiformes	050	Bucerotiformes	Piciformes	449463.4146341464
1173	27	262	38	0.2	1.0	admixture	dtohmm_derived	Coraciiformes	050	Bucerotiformes	Piciformes	449463.4146341464
648	552	165	135	0.2	1.0	admixture	bcbhmm_ancestral	Coraciiformes	050	Bucerotiformes	Piciformes	449463.4146341464
1067	133	235	65	0.2	1.0	admixture	cqshmm_ex_ancestral	Coraciiformes	050	Bucerotiformes	Piciformes	449463.4146341464
1141	59	7	293	0.2	1.0	admixture	phlag_dto_eap01_ena4_esp001_derived	Coraciiformes	050	Bucerotiformes	Piciformes	2.486687660217285
1130	70	7	293	0.2	1.0	admixture	cqshmm_derived	Coraciiformes	050	Bucerotiformes	Piciformes	449463.4146341464
648	552	106	194	0.2	1.0	admixture	pbphmm_ex_ancestral	Coraciiformes	050	Bucerotiformes	Piciformes	449463.4146341464
1126	74	254	46	0.2	1.0	admixture	cqshmm_ancestral	Coraciiformes	050	Bucerotiformes	Piciformes	449463.4146341464
964	236	208	92	0.2	1.0	admixture	gqshmm_ex	Coraciiformes	050	Bucerotiformes	Piciformes	449463.4146341464
673	527	170	130	0.2	1.0	admixture	pbphmm_ex_derived	Coraciiformes	050	Bucerotiformes	Piciformes	449463.4146341464
1197	3	272	28	0.2	1.0	admixture	mlthmm_derived	Coraciiformes	050	Bucerotiformes	Piciformes	449463.4146341464
1125	0	57	318	0.25	1.0	admixture	dtohmm_ancestral	N125	050	Cuculiformes	Charadriiformes	1965924.3902439028
1125	0	5	370	0.25	1.0	admixture	phlag_dto_eap01_ena4_esp001_ex_ancestral	N125	050	Cuculiformes	Charadriiformes	5.113003253936768
1125	0	375	0	0.25	1.0	admixture	pbphmm_derived	N125	050	Cuculiformes	Charadriiformes	1965924.3902439028
1125	0	5	370	0.25	1.0	admixture	phlag_dto_eap01_ena4_esp001_ex_derived	N125	050	Cuculiformes	Charadriiformes	5.113003253936768
1121	4	1	374	0.25	1.0	admixture	pbphmm_ancestral	N125	050	Cuculiformes	Charadriiformes	1965924.3902439028
1125	0	375	0	0.25	1.0	admixture	gqshmm_ex_derived	N125	050	Cuculiformes	Charadriiformes	1965924.3902439028
1125	0	375	0	0.25	1.0	admixture	gqshmm_ancestral	N125	050	Cuculiformes	Charadriiformes	1965924.3902439028
1120	5	375	0	0.25	1.0	admixture	gqshmm_derived	N125	050	Cuculiformes	Charadriiformes	1965924.3902439028
1122	3	374	1	0.25	1.0	admixture	cqshmm_ex_derived	N125	050	Cuculiformes	Charadriiformes	1965924.3902439028
1125	0	375	0	0.25	1.0	admixture	bcbhmm_derived	N125	050	Cuculiformes	Charadriiformes	1965924.3902439028
1125	0	57	318	0.25	1.0	admixture	phlag_dto_eap01_ena4_esp001_ancestral	N125	050	Cuculiformes	Charadriiformes	5.113003253936768
1125	0	1	374	0.25	1.0	admixture	mlthmm_ex_derived	N125	050	Cuculiformes	Charadriiformes	1965924.3902439028
1125	0	375	0	0.25	1.0	admixture	mlthmm_ancestral	N125	050	Cuculiformes	Charadriiformes	1965924.3902439028
1125	0	5	370	0.25	1.0	admixture	dtohmm_ex_ancestral	N125	050	Cuculiformes	Charadriiformes	1965924.3902439028
1125	0	5	370	0.25	1.0	admixture	bcbhmm_ex_ancestral	N125	050	Cuculiformes	Charadriiformes	1965924.3902439028
1125	0	5	370	0.25	1.0	admixture	mlthmm_ex_ancestral	N125	050	Cuculiformes	Charadriiformes	1965924.3902439028
1125	0	1	374	0.25	1.0	admixture	bcbhmm_ex_derived	N125	050	Cuculiformes	Charadriiformes	1965924.3902439028
1125	0	5	370	0.25	1.0	admixture	dtohmm_ex_derived	N125	050	Cuculiformes	Charadriiformes	1965924.3902439028
947	178	277	98	0.25	1.0	admixture	gqshmm_ex_ancestral	N125	050	Cuculiformes	Charadriiformes	1965924.3902439028
1125	0	375	0	0.25	1.0	admixture	dtohmm_derived	N125	050	Cuculiformes	Charadriiformes	1965924.3902439028
1125	0	375	0	0.25	1.0	admixture	bcbhmm_ancestral	N125	050	Cuculiformes	Charadriiformes	1965924.3902439028
1125	0	0	375	0.25	1.0	admixture	cqshmm_ex_ancestral	N125	050	Cuculiformes	Charadriiformes	1965924.3902439028
1125	0	375	0	0.25	1.0	admixture	phlag_dto_eap01_ena4_esp001_derived	N125	050	Cuculiformes	Charadriiformes	5.113003253936768
1125	0	375	0	0.25	1.0	admixture	cqshmm_derived	N125	050	Cuculiformes	Charadriiformes	1965924.3902439028
1125	0	0	375	0.25	1.0	admixture	pbphmm_ex_ancestral	N125	050	Cuculiformes	Charadriiformes	1965924.3902439028
1125	0	4	371	0.25	1.0	admixture	cqshmm_ancestral	N125	050	Cuculiformes	Charadriiformes	1965924.3902439028
1125	0	375	0	0.25	1.0	admixture	gqshmm_ex	N125	050	Cuculiformes	Charadriiformes	1965924.3902439028
1125	0	0	375	0.25	1.0	admixture	pbphmm_ex_derived	N125	050	Cuculiformes	Charadriiformes	1965924.3902439028
1125	0	375	0	0.25	1.0	admixture	mlthmm_derived	N125	050	Cuculiformes	Charadriiformes	1965924.3902439028
466	659	375	0	0.25	1.0	admixture	dtohmm_ancestral	N546	025	N532	N567	63752.439024390245
1097	28	10	365	0.25	1.0	admixture	phlag_dto_eap01_ena4_esp001_ex_ancestral	N546	025	N532	N567	0.34346967935562134
1124	1	375	0	0.25	1.0	admixture	pbphmm_derived	N546	025	N532	N567	63752.439024390245
1123	2	0	375	0.25	1.0	admixture	phlag_dto_eap01_ena4_esp001_ex_derived	N546	025	N532	N567	0.34346967935562134
1125	0	28	347	0.25	1.0	admixture	pbphmm_ancestral	N546	025	N532	N567	63752.439024390245
933	192	346	29	0.25	1.0	admixture	gqshmm_ex_derived	N546	025	N532	N567	63752.439024390245
969	156	323	52	0.25	1.0	admixture	gqshmm_ancestral	N546	025	N532	N567	63752.439024390245
648	477	143	232	0.25	1.0	admixture	gqshmm_derived	N546	025	N532	N567	63752.439024390245
939	186	10	365	0.25	1.0	admixture	cqshmm_ex_derived	N546	025	N532	N567	63752.439024390245
1117	8	0	375	0.25	1.0	admixture	bcbhmm_derived	N546	025	N532	N567	63752.439024390245
466	659	375	0	0.25	1.0	admixture	phlag_dto_eap01_ena4_esp001_ancestral	N546	025	N532	N567	0.34346967935562134
630	495	310	65	0.25	1.0	admixture	mlthmm_ex_derived	N546	025	N532	N567	63752.439024390245
1105	20	371	4	0.25	1.0	admixture	mlthmm_ancestral	N546	025	N532	N567	63752.439024390245
937	188	303	72	0.25	1.0	admixture	dtohmm_ex_ancestral	N546	025	N532	N567	63752.439024390245
990	135	331	44	0.25	1.0	admixture	bcbhmm_ex_ancestral	N546	025	N532	N567	63752.439024390245
954	171	309	66	0.25	1.0	admixture	mlthmm_ex_ancestral	N546	025	N532	N567	63752.439024390245
647	478	219	156	0.25	1.0	admixture	bcbhmm_ex_derived	N546	025	N532	N567	63752.439024390245
1123	2	0	375	0.25	1.0	admixture	dtohmm_ex_derived	N546	025	N532	N567	63752.439024390245
1125	0	375	0	0.25	1.0	admixture	gqshmm_ex_ancestral	N546	025	N532	N567	63752.439024390245
1125	0	2	373	0.25	1.0	admixture	dtohmm_derived	N546	025	N532	N567	63752.439024390245
1122	3	372	3	0.25	1.0	admixture	bcbhmm_ancestral	N546	025	N532	N567	63752.439024390245
979	146	284	91	0.25	1.0	admixture	cqshmm_ex_ancestral	N546	025	N532	N567	63752.439024390245
1125	0	2	373	0.25	1.0	admixture	phlag_dto_eap01_ena4_esp001_derived	N546	025	N532	N567	0.34346967935562134
597	528	202	173	0.25	1.0	admixture	cqshmm_derived	N546	025	N532	N567	63752.439024390245
832	293	33	342	0.25	1.0	admixture	pbphmm_ex_ancestral	N546	025	N532	N567	63752.439024390245
993	132	41	334	0.25	1.0	admixture	cqshmm_ancestral	N546	025	N532	N567	63752.439024390245
933	192	346	29	0.25	1.0	admixture	gqshmm_ex	N546	025	N532	N567	63752.439024390245
1120	5	0	375	0.25	1.0	admixture	pbphmm_ex_derived	N546	025	N532	N567	63752.439024390245
1108	17	0	375	0.25	1.0	admixture	mlthmm_derived	N546	025	N532	N567	63752.439024390245
883	467	99	51	0.1	1.0	admixture	dtohmm_ancestral	Strigiformes	050	N349	N299	945508.536585366
919	431	99	51	0.1	1.0	admixture	phlag_dto_eap01_ena4_esp001_ex_ancestral	Strigiformes	050	N349	N299	1.7100096940994263
1350	0	150	0	0.1	1.0	admixture	pbphmm_derived	Strigiformes	050	N349	N299	945508.536585366
870	480	33	117	0.1	1.0	admixture	phlag_dto_eap01_ena4_esp001_ex_derived	Strigiformes	050	N349	N299	1.7100096940994263
1205	145	144	6	0.1	1.0	admixture	pbphmm_ancestral	Strigiformes	050	N349	N299	945508.536585366
1347	3	150	0	0.1	1.0	admixture	gqshmm_ex_derived	Strigiformes	050	N349	N299	945508.536585366
849	501	94	56	0.1	1.0	admixture	gqshmm_ancestral	Strigiformes	050	N349	N299	945508.536585366
1106	244	117	33	0.1	1.0	admixture	gqshmm_derived	Strigiformes	050	N349	N299	945508.536585366
889	461	101	49	0.1	1.0	admixture	cqshmm_ex_derived	Strigiformes	050	N349	N299	945508.536585366
890	460	150	0	0.1	1.0	admixture	bcbhmm_derived	Strigiformes	050	N349	N299	945508.536585366
1284	66	150	0	0.1	1.0	admixture	phlag_dto_eap01_ena4_esp001_ancestral	Strigiformes	050	N349	N299	1.7100096940994263
1052	298	118	32	0.1	1.0	admixture	mlthmm_ex_derived	Strigiformes	050	N349	N299	945508.536585366
888	462	100	50	0.1	1.0	admixture	mlthmm_ancestral	Strigiformes	050	N349	N299	945508.536585366
897	453	89	61	0.1	1.0	admixture	dtohmm_ex_ancestral	Strigiformes	050	N349	N299	945508.536585366
706	644	80	70	0.1	1.0	admixture	bcbhmm_ex_ancestral	Strigiformes	050	N349	N299	945508.536585366
884	466	112	38	0.1	1.0	admixture	mlthmm_ex_ancestral	Strigiformes	050	N349	N299	945508.536585366
968	382	104	46	0.1	1.0	admixture	bcbhmm_ex_derived	Strigiformes	050	N349	N299	945508.536585366
1005	345	116	34	0.1	1.0	admixture	dtohmm_ex_derived	Strigiformes	050	N349	N299	945508.536585366
1074	276	112	38	0.1	1.0	admixture	gqshmm_ex_ancestral	Strigiformes	050	N349	N299	945508.536585366
1123	227	100	50	0.1	1.0	admixture	dtohmm_derived	Strigiformes	050	N349	N299	945508.536585366
841	509	96	54	0.1	1.0	admixture	bcbhmm_ancestral	Strigiformes	050	N349	N299	945508.536585366
719	631	80	70	0.1	1.0	admixture	cqshmm_ex_ancestral	Strigiformes	050	N349	N299	945508.536585366
942	408	150	0	0.1	1.0	admixture	phlag_dto_eap01_ena4_esp001_derived	Strigiformes	050	N349	N299	1.7100096940994263
1135	215	58	92	0.1	1.0	admixture	cqshmm_derived	Strigiformes	050	N349	N299	945508.536585366
1317	33	147	3	0.1	1.0	admixture	pbphmm_ex_ancestral	Strigiformes	050	N349	N299	945508.536585366
774	576	80	70	0.1	1.0	admixture	cqshmm_ancestral	Strigiformes	050	N349	N299	945508.536585366
1347	3	150	0	0.1	1.0	admixture	gqshmm_ex	Strigiformes	050	N349	N299	945508.536585366
1331	19	147	3	0.1	1.0	admixture	pbphmm_ex_derived	Strigiformes	050	N349	N299	945508.536585366
1200	150	129	21	0.1	1.0	admixture	mlthmm_derived	Strigiformes	050	N349	N299	945508.536585366
730	470	176	124	0.2	1.0	admixture	dtohmm_ancestral	Opisthocomus_hoazin	050	N275	N192	7884767.073170733
823	377	200	100	0.2	1.0	admixture	phlag_dto_eap01_ena4_esp001_ex_ancestral	Opisthocomus_hoazin	050	N275	N192	0.0
1200	0	300	0	0.2	1.0	admixture	pbphmm_derived	Opisthocomus_hoazin	050	N275	N192	7884767.073170733
937	263	231	69	0.2	1.0	admixture	phlag_dto_eap01_ena4_esp001_ex_derived	Opisthocomus_hoazin	050	N275	N192	0.0
1200	0	300	0	0.2	1.0	admixture	pbphmm_ancestral	Opisthocomus_hoazin	050	N275	N192	7884767.073170733
789	411	219	81	0.2	1.0	admixture	gqshmm_ex_derived	Opisthocomus_hoazin	050	N275	N192	7884767.073170733
632	568	162	138	0.2	1.0	admixture	gqshmm_ancestral	Opisthocomus_hoazin	050	N275	N192	7884767.073170733
776	424	204	96	0.2	1.0	admixture	gqshmm_derived	Opisthocomus_hoazin	050	N275	N192	7884767.073170733
901	299	220	80	0.2	1.0	admixture	cqshmm_ex_derived	Opisthocomus_hoazin	050	N275	N192	7884767.073170733
1200	0	300	0	0.2	1.0	admixture	bcbhmm_derived	Opisthocomus_hoazin	050	N275	N192	7884767.073170733
1076	124	133	167	0.2	1.0	admixture	phlag_dto_eap01_ena4_esp001_ancestral	Opisthocomus_hoazin	050	N275	N192	0.0
876	324	213	87	0.2	1.0	admixture	mlthmm_ex_derived	Opisthocomus_hoazin	050	N275	N192	7884767.073170733
649	551	156	144	0.2	1.0	admixture	mlthmm_ancestral	Opisthocomus_hoazin	050	N275	N192	7884767.073170733
732	468	174	126	0.2	1.0	admixture	dtohmm_ex_ancestral	Opisthocomus_hoazin	050	N275	N192	7884767.073170733
782	418	177	123	0.2	1.0	admixture	bcbhmm_ex_ancestral	Opisthocomus_hoazin	050	N275	N192	7884767.073170733
842	358	201	99	0.2	1.0	admixture	mlthmm_ex_ancestral	Opisthocomus_hoazin	050	N275	N192	7884767.073170733
910	290	211	89	0.2	1.0	admixture	bcbhmm_ex_derived	Opisthocomus_hoazin	050	N275	N192	7884767.073170733
865	335	206	94	0.2	1.0	admixture	dtohmm_ex_derived	Opisthocomus_hoazin	050	N275	N192	7884767.073170733
1200	0	300	0	0.2	1.0	admixture	gqshmm_ex_ancestral	Opisthocomus_hoazin	050	N275	N192	7884767.073170733
732	468	191	109	0.2	1.0	admixture	dtohmm_derived	Opisthocomus_hoazin	050	N275	N192	7884767.073170733
716	484	168	132	0.2	1.0	admixture	bcbhmm_ancestral	Opisthocomus_hoazin	050	N275	N192	7884767.073170733
814	386	188	112	0.2	1.0	admixture	cqshmm_ex_ancestral	Opisthocomus_hoazin	050	N275	N192	7884767.073170733
1014	186	300	0	0.2	1.0	admixture	phlag_dto_eap01_ena4_esp001_derived	Opisthocomus_hoazin	050	N275	N192	0.0
598	602	153	147	0.2	1.0	admixture	cqshmm_derived	Opisthocomus_hoazin	050	N275	N192	7884767.073170733
1193	7	299	1	0.2	1.0	admixture	pbphmm_ex_ancestral	Opisthocomus_hoazin	050	N275	N192	7884767.073170733
758	442	205	95	0.2	1.0	admixture	cqshmm_ancestral	Opisthocomus_hoazin	050	N275	N192	7884767.073170733
1129	71	278	22	0.2	1.0	admixture	pbphmm_ex_derived	Opisthocomus_hoazin	050	N275	N192	7884767.073170733
783	417	207	93	0.2	1.0	admixture	mlthmm_derived	Opisthocomus_hoazin	050	N275	N192	7884767.073170733
1422	3	40	35	0.05	1.0	admixture	dtohmm_ancestral	N125	025	Cuculiformes	Charadriiformes	1965924.3902439028
1425	0	0	75	0.05	1.0	admixture	phlag_dto_eap01_ena4_esp001_ex_ancestral	N125	025	Cuculiformes	Charadriiformes	4.918266773223877
1425	0	75	0	0.05	1.0	admixture	pbphmm_derived	N125	025	Cuculiformes	Charadriiformes	1965924.3902439028
1425	0	0	75	0.05	1.0	admixture	phlag_dto_eap01_ena4_esp001_ex_derived	N125	025	Cuculiformes	Charadriiformes	4.918266773223877
1425	0	38	37	0.05	1.0	admixture	pbphmm_ancestral	N125	025	Cuculiformes	Charadriiformes	1965924.3902439028
1425	0	75	0	0.05	1.0	admixture	gqshmm_ex_derived	N125	025	Cuculiformes	Charadriiformes	1965924.3902439028
1425	0	75	0	0.05	1.0	admixture	gqshmm_ancestral	N125	025	Cuculiformes	Charadriiformes	1965924.3902439028
1419	6	75	0	0.05	1.0	admixture	gqshmm_derived	N125	025	Cuculiformes	Charadriiformes	1965924.3902439028
1418	7	75	0	0.05	1.0	admixture	cqshmm_ex_derived	N125	025	Cuculiformes	Charadriiformes	1965924.3902439028
1425	0	75	0	0.05	1.0	admixture	bcbhmm_derived	N125	025	Cuculiformes	Charadriiformes	1965924.3902439028
1422	3	14	61	0.05	1.0	admixture	phlag_dto_eap01_ena4_esp001_ancestral	N125	025	Cuculiformes	Charadriiformes	4.918266773223877
1425	0	4	71	0.05	1.0	admixture	mlthmm_ex_derived	N125	025	Cuculiformes	Charadriiformes	1965924.3902439028
1425	0	75	0	0.05	1.0	admixture	mlthmm_ancestral	N125	025	Cuculiformes	Charadriiformes	1965924.3902439028
1425	0	0	75	0.05	1.0	admixture	dtohmm_ex_ancestral	N125	025	Cuculiformes	Charadriiformes	1965924.3902439028
1425	0	4	71	0.05	1.0	admixture	bcbhmm_ex_ancestral	N125	025	Cuculiformes	Charadriiformes	1965924.3902439028
910	515	46	29	0.05	1.0	admixture	mlthmm_ex_ancestral	N125	025	Cuculiformes	Charadriiformes	1965924.3902439028
1425	0	4	71	0.05	1.0	admixture	bcbhmm_ex_derived	N125	025	Cuculiformes	Charadriiformes	1965924.3902439028
1425	0	0	75	0.05	1.0	admixture	dtohmm_ex_derived	N125	025	Cuculiformes	Charadriiformes	1965924.3902439028
1120	305	0	75	0.05	1.0	admixture	gqshmm_ex_ancestral	N125	025	Cuculiformes	Charadriiformes	1965924.3902439028
1425	0	75	0	0.05	1.0	admixture	dtohmm_derived	N125	025	Cuculiformes	Charadriiformes	1965924.3902439028
1425	0	13	62	0.05	1.0	admixture	bcbhmm_ancestral	N125	025	Cuculiformes	Charadriiformes	1965924.3902439028
1365	60	74	1	0.05	1.0	admixture	cqshmm_ex_ancestral	N125	025	Cuculiformes	Charadriiformes	1965924.3902439028
1425	0	75	0	0.05	1.0	admixture	phlag_dto_eap01_ena4_esp001_derived	N125	025	Cuculiformes	Charadriiformes	4.918266773223877
1425	0	75	0	0.05	1.0	admixture	cqshmm_derived	N125	025	Cuculiformes	Charadriiformes	1965924.3902439028
1425	0	0	75	0.05	1.0	admixture	pbphmm_ex_ancestral	N125	025	Cuculiformes	Charadriiformes	1965924.3902439028
1425	0	38	37	0.05	1.0	admixture	cqshmm_ancestral	N125	025	Cuculiformes	Charadriiformes	1965924.3902439028
1425	0	75	0	0.05	1.0	admixture	gqshmm_ex	N125	025	Cuculiformes	Charadriiformes	1965924.3902439028
1425	0	0	75	0.05	1.0	admixture	pbphmm_ex_derived	N125	025	Cuculiformes	Charadriiformes	1965924.3902439028
1425	0	75	0	0.05	1.0	admixture	mlthmm_derived	N125	025	Cuculiformes	Charadriiformes	1965924.3902439028
1272	3	61	164	0.15	1.0	admixture	dtohmm_ancestral	N125	050	Cuculiformes	Charadriiformes	1965924.3902439028
1275	0	4	221	0.15	1.0	admixture	phlag_dto_eap01_ena4_esp001_ex_ancestral	N125	050	Cuculiformes	Charadriiformes	5.061775207519531
1275	0	225	0	0.15	1.0	admixture	pbphmm_derived	N125	050	Cuculiformes	Charadriiformes	1965924.3902439028
1275	0	0	225	0.15	1.0	admixture	phlag_dto_eap01_ena4_esp001_ex_derived	N125	050	Cuculiformes	Charadriiformes	5.061775207519531
1275	0	9	216	0.15	1.0	admixture	pbphmm_ancestral	N125	050	Cuculiformes	Charadriiformes	1965924.3902439028
1275	0	225	0	0.15	1.0	admixture	gqshmm_ex_derived	N125	050	Cuculiformes	Charadriiformes	1965924.3902439028
1275	0	225	0	0.15	1.0	admixture	gqshmm_ancestral	N125	050	Cuculiformes	Charadriiformes	1965924.3902439028
1270	5	225	0	0.15	1.0	admixture	gqshmm_derived	N125	050	Cuculiformes	Charadriiformes	1965924.3902439028
1268	7	224	1	0.15	1.0	admixture	cqshmm_ex_derived	N125	050	Cuculiformes	Charadriiformes	1965924.3902439028
1275	0	225	0	0.15	1.0	admixture	bcbhmm_derived	N125	050	Cuculiformes	Charadriiformes	1965924.3902439028
1272	3	61	164	0.15	1.0	admixture	phlag_dto_eap01_ena4_esp001_ancestral	N125	050	Cuculiformes	Charadriiformes	5.061775207519531
1275	0	0	225	0.15	1.0	admixture	mlthmm_ex_derived	N125	050	Cuculiformes	Charadriiformes	1965924.3902439028
1275	0	225	0	0.15	1.0	admixture	mlthmm_ancestral	N125	050	Cuculiformes	Charadriiformes	1965924.3902439028
1275	0	4	221	0.15	1.0	admixture	dtohmm_ex_ancestral	N125	050	Cuculiformes	Charadriiformes	1965924.3902439028
1275	0	4	221	0.15	1.0	admixture	bcbhmm_ex_ancestral	N125	050	Cuculiformes	Charadriiformes	1965924.3902439028
1275	0	4	221	0.15	1.0	admixture	mlthmm_ex_ancestral	N125	050	Cuculiformes	Charadriiformes	1965924.3902439028
1275	0	0	225	0.15	1.0	admixture	bcbhmm_ex_derived	N125	050	Cuculiformes	Charadriiformes	1965924.3902439028
1275	0	0	225	0.15	1.0	admixture	dtohmm_ex_derived	N125	050	Cuculiformes	Charadriiformes	1965924.3902439028
1007	268	158	67	0.15	1.0	admixture	gqshmm_ex_ancestral	N125	050	Cuculiformes	Charadriiformes	1965924.3902439028
1275	0	225	0	0.15	1.0	admixture	dtohmm_derived	N125	050	Cuculiformes	Charadriiformes	1965924.3902439028
1275	0	225	0	0.15	1.0	admixture	bcbhmm_ancestral	N125	050	Cuculiformes	Charadriiformes	1965924.3902439028
1275	0	0	225	0.15	1.0	admixture	cqshmm_ex_ancestral	N125	050	Cuculiformes	Charadriiformes	1965924.3902439028
1275	0	225	0	0.15	1.0	admixture	phlag_dto_eap01_ena4_esp001_derived	N125	050	Cuculiformes	Charadriiformes	5.061775207519531
1275	0	225	0	0.15	1.0	admixture	cqshmm_derived	N125	050	Cuculiformes	Charadriiformes	1965924.3902439028
1275	0	0	225	0.15	1.0	admixture	pbphmm_ex_ancestral	N125	050	Cuculiformes	Charadriiformes	1965924.3902439028
1275	0	9	216	0.15	1.0	admixture	cqshmm_ancestral	N125	050	Cuculiformes	Charadriiformes	1965924.3902439028
1275	0	225	0	0.15	1.0	admixture	gqshmm_ex	N125	050	Cuculiformes	Charadriiformes	1965924.3902439028
1275	0	0	225	0.15	1.0	admixture	pbphmm_ex_derived	N125	050	Cuculiformes	Charadriiformes	1965924.3902439028
1275	0	225	0	0.15	1.0	admixture	mlthmm_derived	N125	050	Cuculiformes	Charadriiformes	1965924.3902439028
1129	341	24	6	0.02	1.0	admixture	dtohmm_ancestral	Caprimulgiformes1	025	N220	N202	109370.73170731709
1085	385	30	0	0.02	1.0	admixture	phlag_dto_eap01_ena4_esp001_ex_ancestral	Caprimulgiformes1	025	N220	N202	0.09452465921640396
900	570	0	30	0.02	1.0	admixture	pbphmm_derived	Caprimulgiformes1	025	N220	N202	109370.73170731709
1125	345	0	30	0.02	1.0	admixture	phlag_dto_eap01_ena4_esp001_ex_derived	Caprimulgiformes1	025	N220	N202	0.09452465921640396
1401	69	29	1	0.02	1.0	admixture	pbphmm_ancestral	Caprimulgiformes1	025	N220	N202	109370.73170731709
1297	173	25	5	0.02	1.0	admixture	gqshmm_ex_derived	Caprimulgiformes1	025	N220	N202	109370.73170731709
1061	409	22	8	0.02	1.0	admixture	gqshmm_ancestral	Caprimulgiformes1	025	N220	N202	109370.73170731709
914	556	12	18	0.02	1.0	admixture	gqshmm_derived	Caprimulgiformes1	025	N220	N202	109370.73170731709
966	504	24	6	0.02	1.0	admixture	cqshmm_ex_derived	Caprimulgiformes1	025	N220	N202	109370.73170731709
1288	182	24	6	0.02	1.0	admixture	bcbhmm_derived	Caprimulgiformes1	025	N220	N202	109370.73170731709
1335	135	30	0	0.02	1.0	admixture	phlag_dto_eap01_ena4_esp001_ancestral	Caprimulgiformes1	025	N220	N202	0.09452465921640396
958	512	21	9	0.02	1.0	admixture	mlthmm_ex_derived	Caprimulgiformes1	025	N220	N202	109370.73170731709
1220	250	25	5	0.02	1.0	admixture	mlthmm_ancestral	Caprimulgiformes1	025	N220	N202	109370.73170731709
848	622	18	12	0.02	1.0	admixture	dtohmm_ex_ancestral	Caprimulgiformes1	025	N220	N202	109370.73170731709
956	514	21	9	0.02	1.0	admixture	bcbhmm_ex_ancestral	Caprimulgiformes1	025	N220	N202	109370.73170731709
958	512	21	9	0.02	1.0	admixture	mlthmm_ex_ancestral	Caprimulgiformes1	025	N220	N202	109370.73170731709
769	701	13	17	0.02	1.0	admixture	bcbhmm_ex_derived	Caprimulgiformes1	025	N220	N202	109370.73170731709
855	615	19	11	0.02	1.0	admixture	dtohmm_ex_derived	Caprimulgiformes1	025	N220	N202	109370.73170731709
988	482	21	9	0.02	1.0	admixture	gqshmm_ex_ancestral	Caprimulgiformes1	025	N220	N202	109370.73170731709
1078	392	20	10	0.02	1.0	admixture	dtohmm_derived	Caprimulgiformes1	025	N220	N202	109370.73170731709
1014	456	18	12	0.02	1.0	admixture	bcbhmm_ancestral	Caprimulgiformes1	025	N220	N202	109370.73170731709
821	649	14	16	0.02	1.0	admixture	cqshmm_ex_ancestral	Caprimulgiformes1	025	N220	N202	109370.73170731709
1424	46	30	0	0.02	1.0	admixture	phlag_dto_eap01_ena4_esp001_derived	Caprimulgiformes1	025	N220	N202	0.09452465921640396
1143	327	17	13	0.02	1.0	admixture	cqshmm_derived	Caprimulgiformes1	025	N220	N202	109370.73170731709
1441	29	30	0	0.02	1.0	admixture	pbphmm_ex_ancestral	Caprimulgiformes1	025	N220	N202	109370.73170731709
763	707	19	11	0.02	1.0	admixture	cqshmm_ancestral	Caprimulgiformes1	025	N220	N202	109370.73170731709
1149	321	22	8	0.02	1.0	admixture	gqshmm_ex	Caprimulgiformes1	025	N220	N202	109370.73170731709
1446	24	30	0	0.02	1.0	admixture	pbphmm_ex_derived	Caprimulgiformes1	025	N220	N202	109370.73170731709
895	575	25	5	0.02	1.0	admixture	mlthmm_derived	Caprimulgiformes1	025	N220	N202	109370.73170731709
1061	214	112	113	0.15	1.0	admixture	dtohmm_ancestral	N689	025	N657	N672	91779.26829268293
1098	177	6	219	0.15	1.0	admixture	phlag_dto_eap01_ena4_esp001_ex_ancestral	N689	025	N657	N672	0.4445894658565521
865	410	135	90	0.15	1.0	admixture	pbphmm_derived	N689	025	N657	N672	91779.26829268293
1216	59	54	171	0.15	1.0	admixture	phlag_dto_eap01_ena4_esp001_ex_derived	N689	025	N657	N672	0.4445894658565521
664	611	113	112	0.15	1.0	admixture	pbphmm_ancestral	N689	025	N657	N672	91779.26829268293
725	550	135	90	0.15	1.0	admixture	gqshmm_ex_derived	N689	025	N657	N672	91779.26829268293
1242	33	213	12	0.15	1.0	admixture	gqshmm_ancestral	N689	025	N657	N672	91779.26829268293
949	326	149	76	0.15	1.0	admixture	gqshmm_derived	N689	025	N657	N672	91779.26829268293
853	422	142	83	0.15	1.0	admixture	cqshmm_ex_derived	N689	025	N657	N672	91779.26829268293
1219	56	225	0	0.15	1.0	admixture	bcbhmm_derived	N689	025	N657	N672	91779.26829268293
1087	188	225	0	0.15	1.0	admixture	phlag_dto_eap01_ena4_esp001_ancestral	N689	025	N657	N672	0.4445894658565521
788	487	135	90	0.15	1.0	admixture	mlthmm_ex_derived	N689	025	N657	N672	91779.26829268293
1265	10	223	2	0.15	1.0	admixture	mlthmm_ancestral	N689	025	N657	N672	91779.26829268293
1005	270	182	43	0.15	1.0	admixture	dtohmm_ex_ancestral	N689	025	N657	N672	91779.26829268293
1184	91	211	14	0.15	1.0	admixture	bcbhmm_ex_ancestral	N689	025	N657	N672	91779.26829268293
930	345	171	54	0.15	1.0	admixture	mlthmm_ex_ancestral	N689	025	N657	N672	91779.26829268293
916	359	164	61	0.15	1.0	admixture	bcbhmm_ex_derived	N689	025	N657	N672	91779.26829268293
753	522	127	98	0.15	1.0	admixture	dtohmm_ex_derived	N689	025	N657	N672	91779.26829268293
1221	54	209	16	0.15	1.0	admixture	gqshmm_ex_ancestral	N689	025	N657	N672	91779.26829268293
1083	192	179	46	0.15	1.0	admixture	dtohmm_derived	N689	025	N657	N672	91779.26829268293
1272	3	223	2	0.15	1.0	admixture	bcbhmm_ancestral	N689	025	N657	N672	91779.26829268293
866	409	132	93	0.15	1.0	admixture	cqshmm_ex_ancestral	N689	025	N657	N672	91779.26829268293
680	595	225	0	0.15	1.0	admixture	phlag_dto_eap01_ena4_esp001_derived	N689	025	N657	N672	0.4445894658565521
684	591	122	103	0.15	1.0	admixture	cqshmm_derived	N689	025	N657	N672	91779.26829268293
824	451	54	171	0.15	1.0	admixture	pbphmm_ex_ancestral	N689	025	N657	N672	91779.26829268293
1165	110	170	55	0.15	1.0	admixture	cqshmm_ancestral	N689	025	N657	N672	91779.26829268293
725	550	135	90	0.15	1.0	admixture	gqshmm_ex	N689	025	N657	N672	91779.26829268293
820	455	182	43	0.15	1.0	admixture	pbphmm_ex_derived	N689	025	N657	N672	91779.26829268293
763	512	124	101	0.15	1.0	admixture	mlthmm_derived	N689	025	N657	N672	91779.26829268293
1309	41	150	0	0.1	1.0	admixture	dtohmm_ancestral	N689	050	N657	N672	91779.26829268293
1228	122	11	139	0.1	1.0	admixture	phlag_dto_eap01_ena4_esp001_ex_ancestral	N689	050	N657	N672	0.4457411468029022
983	367	66	84	0.1	1.0	admixture	pbphmm_derived	N689	050	N657	N672	91779.26829268293
1267	83	0	150	0.1	1.0	admixture	phlag_dto_eap01_ena4_esp001_ex_derived	N689	050	N657	N672	0.4457411468029022
697	653	73	77	0.1	1.0	admixture	pbphmm_ancestral	N689	050	N657	N672	91779.26829268293
896	454	92	58	0.1	1.0	admixture	gqshmm_ex_derived	N689	050	N657	N672	91779.26829268293
1312	38	145	5	0.1	1.0	admixture	gqshmm_ancestral	N689	050	N657	N672	91779.26829268293
1014	336	101	49	0.1	1.0	admixture	gqshmm_derived	N689	050	N657	N672	91779.26829268293
903	447	91	59	0.1	1.0	admixture	cqshmm_ex_derived	N689	050	N657	N672	91779.26829268293
1248	102	146	4	0.1	1.0	admixture	bcbhmm_derived	N689	050	N657	N672	91779.26829268293
1084	266	0	150	0.1	1.0	admixture	phlag_dto_eap01_ena4_esp001_ancestral	N689	050	N657	N672	0.4457411468029022
818	532	75	75	0.1	1.0	admixture	mlthmm_ex_derived	N689	050	N657	N672	91779.26829268293
1336	14	150	0	0.1	1.0	admixture	mlthmm_ancestral	N689	050	N657	N672	91779.26829268293
940	410	122	28	0.1	1.0	admixture	dtohmm_ex_ancestral	N689	050	N657	N672	91779.26829268293
1216	134	136	14	0.1	1.0	admixture	bcbhmm_ex_ancestral	N689	050	N657	N672	91779.26829268293
978	372	123	27	0.1	1.0	admixture	mlthmm_ex_ancestral	N689	050	N657	N672	91779.26829268293
994	356	113	37	0.1	1.0	admixture	bcbhmm_ex_derived	N689	050	N657	N672	91779.26829268293
799	551	76	74	0.1	1.0	admixture	dtohmm_ex_derived	N689	050	N657	N672	91779.26829268293
1302	48	144	6	0.1	1.0	admixture	gqshmm_ex_ancestral	N689	050	N657	N672	91779.26829268293
1031	319	116	34	0.1	1.0	admixture	dtohmm_derived	N689	050	N657	N672	91779.26829268293
1346	4	150	0	0.1	1.0	admixture	bcbhmm_ancestral	N689	050	N657	N672	91779.26829268293
950	400	84	66	0.1	1.0	admixture	cqshmm_ex_ancestral	N689	050	N657	N672	91779.26829268293
1350	0	150	0	0.1	1.0	admixture	phlag_dto_eap01_ena4_esp001_derived	N689	050	N657	N672	0.4457411468029022
765	585	77	73	0.1	1.0	admixture	cqshmm_derived	N689	050	N657	N672	91779.26829268293
745	605	13	137	0.1	1.0	admixture	pbphmm_ex_ancestral	N689	050	N657	N672	91779.26829268293
1091	259	111	39	0.1	1.0	admixture	cqshmm_ancestral	N689	050	N657	N672	91779.26829268293
896	454	92	58	0.1	1.0	admixture	gqshmm_ex	N689	050	N657	N672	91779.26829268293
976	374	127	23	0.1	1.0	admixture	pbphmm_ex_derived	N689	050	N657	N672	91779.26829268293
811	539	75	75	0.1	1.0	admixture	mlthmm_derived	N689	050	N657	N672	91779.26829268293
863	562	46	29	0.05	1.0	admixture	dtohmm_ancestral	Falconiformes	025	Accipitriformes	N717	3730895.12195122
1213	212	75	0	0.05	1.0	admixture	phlag_dto_eap01_ena4_esp001_ex_ancestral	Falconiformes	025	Accipitriformes	N717	6.376978874206543
1425	0	75	0	0.05	1.0	admixture	pbphmm_derived	Falconiformes	025	Accipitriformes	N717	3730895.12195122
1291	134	75	0	0.05	1.0	admixture	phlag_dto_eap01_ena4_esp001_ex_derived	Falconiformes	025	Accipitriformes	N717	6.376978874206543
1287	138	71	4	0.05	1.0	admixture	pbphmm_ancestral	Falconiformes	025	Accipitriformes	N717	3730895.12195122
1424	1	75	0	0.05	1.0	admixture	gqshmm_ex_derived	Falconiformes	025	Accipitriformes	N717	3730895.12195122
836	589	37	38	0.05	1.0	admixture	gqshmm_ancestral	Falconiformes	025	Accipitriformes	N717	3730895.12195122
1425	0	75	0	0.05	1.0	admixture	gqshmm_derived	Falconiformes	025	Accipitriformes	N717	3730895.12195122
888	537	48	27	0.05	1.0	admixture	cqshmm_ex_derived	Falconiformes	025	Accipitriformes	N717	3730895.12195122
1425	0	75	0	0.05	1.0	admixture	bcbhmm_derived	Falconiformes	025	Accipitriformes	N717	3730895.12195122
1227	198	75	0	0.05	1.0	admixture	phlag_dto_eap01_ena4_esp001_ancestral	Falconiformes	025	Accipitriformes	N717	6.376978874206543
717	708	35	40	0.05	1.0	admixture	mlthmm_ex_derived	Falconiformes	025	Accipitriformes	N717	3730895.12195122
1333	92	75	0	0.05	1.0	admixture	mlthmm_ancestral	Falconiformes	025	Accipitriformes	N717	3730895.12195122
769	656	39	36	0.05	1.0	admixture	dtohmm_ex_ancestral	Falconiformes	025	Accipitriformes	N717	3730895.12195122
1010	415	51	24	0.05	1.0	admixture	bcbhmm_ex_ancestral	Falconiformes	025	Accipitriformes	N717	3730895.12195122
821	604	41	34	0.05	1.0	admixture	mlthmm_ex_ancestral	Falconiformes	025	Accipitriformes	N717	3730895.12195122
724	701	36	39	0.05	1.0	admixture	bcbhmm_ex_derived	Falconiformes	025	Accipitriformes	N717	3730895.12195122
759	666	40	35	0.05	1.0	admixture	dtohmm_ex_derived	Falconiformes	025	Accipitriformes	N717	3730895.12195122
1425	0	75	0	0.05	1.0	admixture	gqshmm_ex_ancestral	Falconiformes	025	Accipitriformes	N717	3730895.12195122
1425	0	75	0	0.05	1.0	admixture	dtohmm_derived	Falconiformes	025	Accipitriformes	N717	3730895.12195122
914	511	47	28	0.05	1.0	admixture	bcbhmm_ancestral	Falconiformes	025	Accipitriformes	N717	3730895.12195122
744	681	42	33	0.05	1.0	admixture	cqshmm_ex_ancestral	Falconiformes	025	Accipitriformes	N717	3730895.12195122
1425	0	75	0	0.05	1.0	admixture	phlag_dto_eap01_ena4_esp001_derived	Falconiformes	025	Accipitriformes	N717	6.376978874206543
1425	0	75	0	0.05	1.0	admixture	cqshmm_derived	Falconiformes	025	Accipitriformes	N717	3730895.12195122
1264	161	70	5	0.05	1.0	admixture	pbphmm_ex_ancestral	Falconiformes	025	Accipitriformes	N717	3730895.12195122
807	618	43	32	0.05	1.0	admixture	cqshmm_ancestral	Falconiformes	025	Accipitriformes	N717	3730895.12195122
1424	1	75	0	0.05	1.0	admixture	gqshmm_ex	Falconiformes	025	Accipitriformes	N717	3730895.12195122
1366	59	74	1	0.05	1.0	admixture	pbphmm_ex_derived	Falconiformes	025	Accipitriformes	N717	3730895.12195122
1425	0	75	0	0.05	1.0	admixture	mlthmm_derived	Falconiformes	025	Accipitriformes	N717	3730895.12195122
725	400	95	280	0.25	1.0	admixture	dtohmm_ancestral	Columbiformes	050	Mesitornis_unicolor	N93	4988273.170731708
666	459	100	275	0.25	1.0	admixture	phlag_dto_eap01_ena4_esp001_ex_ancestral	Columbiformes	050	Mesitornis_unicolor	N93	6.908453941345215
1125	0	375	0	0.25	1.0	admixture	pbphmm_derived	Columbiformes	050	Mesitornis_unicolor	N93	4988273.170731708
1121	4	0	375	0.25	1.0	admixture	phlag_dto_eap01_ena4_esp001_ex_derived	Columbiformes	050	Mesitornis_unicolor	N93	6.908453941345215
1125	0	375	0	0.25	1.0	admixture	pbphmm_ancestral	Columbiformes	050	Mesitornis_unicolor	N93	4988273.170731708
991	134	351	24	0.25	1.0	admixture	gqshmm_ex_derived	Columbiformes	050	Mesitornis_unicolor	N93	4988273.170731708
582	543	286	89	0.25	1.0	admixture	gqshmm_ancestral	Columbiformes	050	Mesitornis_unicolor	N93	4988273.170731708
1125	0	375	0	0.25	1.0	admixture	gqshmm_derived	Columbiformes	050	Mesitornis_unicolor	N93	4988273.170731708
764	361	241	134	0.25	1.0	admixture	cqshmm_ex_derived	Columbiformes	050	Mesitornis_unicolor	N93	4988273.170731708
1125	0	375	0	0.25	1.0	admixture	bcbhmm_derived	Columbiformes	050	Mesitornis_unicolor	N93	4988273.170731708
1121	4	0	375	0.25	1.0	admixture	phlag_dto_eap01_ena4_esp001_ancestral	Columbiformes	050	Mesitornis_unicolor	N93	6.908453941345215
576	549	226	149	0.25	1.0	admixture	mlthmm_ex_derived	Columbiformes	050	Mesitornis_unicolor	N93	4988273.170731708
631	494	121	254	0.25	1.0	admixture	mlthmm_ancestral	Columbiformes	050	Mesitornis_unicolor	N93	4988273.170731708
910	215	333	42	0.25	1.0	admixture	dtohmm_ex_ancestral	Columbiformes	050	Mesitornis_unicolor	N93	4988273.170731708
661	464	145	230	0.25	1.0	admixture	bcbhmm_ex_ancestral	Columbiformes	050	Mesitornis_unicolor	N93	4988273.170731708
759	366	289	86	0.25	1.0	admixture	mlthmm_ex_ancestral	Columbiformes	050	Mesitornis_unicolor	N93	4988273.170731708
624	501	303	72	0.25	1.0	admixture	bcbhmm_ex_derived	Columbiformes	050	Mesitornis_unicolor	N93	4988273.170731708
739	386	268	107	0.25	1.0	admixture	dtohmm_ex_derived	Columbiformes	050	Mesitornis_unicolor	N93	4988273.170731708
1125	0	375	0	0.25	1.0	admixture	gqshmm_ex_ancestral	Columbiformes	050	Mesitornis_unicolor	N93	4988273.170731708
1125	0	375	0	0.25	1.0	admixture	dtohmm_derived	Columbiformes	050	Mesitornis_unicolor	N93	4988273.170731708
517	608	266	109	0.25	1.0	admixture	bcbhmm_ancestral	Columbiformes	050	Mesitornis_unicolor	N93	4988273.170731708
662	463	100	275	0.25	1.0	admixture	cqshmm_ex_ancestral	Columbiformes	050	Mesitornis_unicolor	N93	4988273.170731708
1125	0	375	0	0.25	1.0	admixture	phlag_dto_eap01_ena4_esp001_derived	Columbiformes	050	Mesitornis_unicolor	N93	6.908453941345215
1125	0	375	0	0.25	1.0	admixture	cqshmm_derived	Columbiformes	050	Mesitornis_unicolor	N93	4988273.170731708
858	267	337	38	0.25	1.0	admixture	pbphmm_ex_ancestral	Columbiformes	050	Mesitornis_unicolor	N93	4988273.170731708
797	328	104	271	0.25	1.0	admixture	cqshmm_ancestral	Columbiformes	050	Mesitornis_unicolor	N93	4988273.170731708
991	134	351	24	0.25	1.0	admixture	gqshmm_ex	Columbiformes	050	Mesitornis_unicolor	N93	4988273.170731708
580	545	172	203	0.25	1.0	admixture	pbphmm_ex_derived	Columbiformes	050	Mesitornis_unicolor	N93	4988273.170731708
1125	0	375	0	0.25	1.0	admixture	mlthmm_derived	Columbiformes	050	Mesitornis_unicolor	N93	4988273.170731708
848	502	97	53	0.1	1.0	admixture	dtohmm_ancestral	Falconiformes	050	Accipitriformes	N717	3730895.12195122
802	548	45	105	0.1	1.0	admixture	phlag_dto_eap01_ena4_esp001_ex_ancestral	Falconiformes	050	Accipitriformes	N717	6.376978874206543
1350	0	150	0	0.1	1.0	admixture	pbphmm_derived	Falconiformes	050	Accipitriformes	N717	3730895.12195122
1146	204	150	0	0.1	1.0	admixture	phlag_dto_eap01_ena4_esp001_ex_derived	Falconiformes	050	Accipitriformes	N717	6.376978874206543
1213	137	145	5	0.1	1.0	admixture	pbphmm_ancestral	Falconiformes	050	Accipitriformes	N717	3730895.12195122
1348	2	150	0	0.1	1.0	admixture	gqshmm_ex_derived	Falconiformes	050	Accipitriformes	N717	3730895.12195122
799	551	91	59	0.1	1.0	admixture	gqshmm_ancestral	Falconiformes	050	Accipitriformes	N717	3730895.12195122
1350	0	150	0	0.1	1.0	admixture	gqshmm_derived	Falconiformes	050	Accipitriformes	N717	3730895.12195122
949	401	115	35	0.1	1.0	admixture	cqshmm_ex_derived	Falconiformes	050	Accipitriformes	N717	3730895.12195122
1350	0	150	0	0.1	1.0	admixture	bcbhmm_derived	Falconiformes	050	Accipitriformes	N717	3730895.12195122
1152	198	150	0	0.1	1.0	admixture	phlag_dto_eap01_ena4_esp001_ancestral	Falconiformes	050	Accipitriformes	N717	6.376978874206543
674	676	76	74	0.1	1.0	admixture	mlthmm_ex_derived	Falconiformes	050	Accipitriformes	N717	3730895.12195122
1323	27	141	9	0.1	1.0	admixture	mlthmm_ancestral	Falconiformes	050	Accipitriformes	N717	3730895.12195122
803	547	84	66	0.1	1.0	admixture	dtohmm_ex_ancestral	Falconiformes	050	Accipitriformes	N717	3730895.12195122
951	399	107	43	0.1	1.0	admixture	bcbhmm_ex_ancestral	Falconiformes	050	Accipitriformes	N717	3730895.12195122
775	575	92	58	0.1	1.0	admixture	mlthmm_ex_ancestral	Falconiformes	050	Accipitriformes	N717	3730895.12195122
682	668	78	72	0.1	1.0	admixture	bcbhmm_ex_derived	Falconiformes	050	Accipitriformes	N717	3730895.12195122
717	633	86	64	0.1	1.0	admixture	dtohmm_ex_derived	Falconiformes	050	Accipitriformes	N717	3730895.12195122
988	362	103	47	0.1	1.0	admixture	gqshmm_ex_ancestral	Falconiformes	050	Accipitriformes	N717	3730895.12195122
1350	0	150	0	0.1	1.0	admixture	dtohmm_derived	Falconiformes	050	Accipitriformes	N717	3730895.12195122
1045	305	110	40	0.1	1.0	admixture	bcbhmm_ancestral	Falconiformes	050	Accipitriformes	N717	3730895.12195122
735	615	90	60	0.1	1.0	admixture	cqshmm_ex_ancestral	Falconiformes	050	Accipitriformes	N717	3730895.12195122
1350	0	150	0	0.1	1.0	admixture	phlag_dto_eap01_ena4_esp001_derived	Falconiformes	050	Accipitriformes	N717	6.376978874206543
1350	0	150	0	0.1	1.0	admixture	cqshmm_derived	Falconiformes	050	Accipitriformes	N717	3730895.12195122
1205	145	142	8	0.1	1.0	admixture	pbphmm_ex_ancestral	Falconiformes	050	Accipitriformes	N717	3730895.12195122
825	525	89	61	0.1	1.0	admixture	cqshmm_ancestral	Falconiformes	050	Accipitriformes	N717	3730895.12195122
1348	2	150	0	0.1	1.0	admixture	gqshmm_ex	Falconiformes	050	Accipitriformes	N717	3730895.12195122
1289	61	148	2	0.1	1.0	admixture	pbphmm_ex_derived	Falconiformes	050	Accipitriformes	N717	3730895.12195122
1350	0	150	0	0.1	1.0	admixture	mlthmm_derived	Falconiformes	050	Accipitriformes	N717	3730895.12195122
1431	39	29	1	0.02	1.0	admixture	dtohmm_ancestral	Coraciiformes	050	Bucerotiformes	Piciformes	449463.4146341464
1029	441	17	13	0.02	1.0	admixture	phlag_dto_eap01_ena4_esp001_ex_ancestral	Coraciiformes	050	Bucerotiformes	Piciformes	2.9879209995269775
1419	51	12	18	0.02	1.0	admixture	pbphmm_derived	Coraciiformes	050	Bucerotiformes	Piciformes	449463.4146341464
1193	277	1	29	0.02	1.0	admixture	phlag_dto_eap01_ena4_esp001_ex_derived	Coraciiformes	050	Bucerotiformes	Piciformes	2.9879209995269775
900	570	8	22	0.02	1.0	admixture	pbphmm_ancestral	Coraciiformes	050	Bucerotiformes	Piciformes	449463.4146341464
1167	303	18	12	0.02	1.0	admixture	gqshmm_ex_derived	Coraciiformes	050	Bucerotiformes	Piciformes	449463.4146341464
1278	192	21	9	0.02	1.0	admixture	gqshmm_ancestral	Coraciiformes	050	Bucerotiformes	Piciformes	449463.4146341464
1391	79	24	6	0.02	1.0	admixture	gqshmm_derived	Coraciiformes	050	Bucerotiformes	Piciformes	449463.4146341464
1194	276	22	8	0.02	1.0	admixture	cqshmm_ex_derived	Coraciiformes	050	Bucerotiformes	Piciformes	449463.4146341464
1470	0	30	0	0.02	1.0	admixture	bcbhmm_derived	Coraciiformes	050	Bucerotiformes	Piciformes	449463.4146341464
1240	230	30	0	0.02	1.0	admixture	phlag_dto_eap01_ena4_esp001_ancestral	Coraciiformes	050	Bucerotiformes	Piciformes	2.9879209995269775
896	574	14	16	0.02	1.0	admixture	mlthmm_ex_derived	Coraciiformes	050	Bucerotiformes	Piciformes	449463.4146341464
1442	28	30	0	0.02	1.0	admixture	mlthmm_ancestral	Coraciiformes	050	Bucerotiformes	Piciformes	449463.4146341464
1109	361	24	6	0.02	1.0	admixture	dtohmm_ex_ancestral	Coraciiformes	050	Bucerotiformes	Piciformes	449463.4146341464
1469	1	30	0	0.02	1.0	admixture	bcbhmm_ex_ancestral	Coraciiformes	050	Bucerotiformes	Piciformes	449463.4146341464
1206	264	17	13	0.02	1.0	admixture	mlthmm_ex_ancestral	Coraciiformes	050	Bucerotiformes	Piciformes	449463.4146341464
1348	122	29	1	0.02	1.0	admixture	bcbhmm_ex_derived	Coraciiformes	050	Bucerotiformes	Piciformes	449463.4146341464
1271	199	23	7	0.02	1.0	admixture	dtohmm_ex_derived	Coraciiformes	050	Bucerotiformes	Piciformes	449463.4146341464
951	519	13	17	0.02	1.0	admixture	gqshmm_ex_ancestral	Coraciiformes	050	Bucerotiformes	Piciformes	449463.4146341464
1448	22	28	2	0.02	1.0	admixture	dtohmm_derived	Coraciiformes	050	Bucerotiformes	Piciformes	449463.4146341464
1320	150	26	4	0.02	1.0	admixture	bcbhmm_ancestral	Coraciiformes	050	Bucerotiformes	Piciformes	449463.4146341464
1291	179	26	4	0.02	1.0	admixture	cqshmm_ex_ancestral	Coraciiformes	050	Bucerotiformes	Piciformes	449463.4146341464
1442	28	30	0	0.02	1.0	admixture	phlag_dto_eap01_ena4_esp001_derived	Coraciiformes	050	Bucerotiformes	Piciformes	2.9879209995269775
1452	18	24	6	0.02	1.0	admixture	cqshmm_derived	Coraciiformes	050	Bucerotiformes	Piciformes	449463.4146341464
787	683	11	19	0.02	1.0	admixture	pbphmm_ex_ancestral	Coraciiformes	050	Bucerotiformes	Piciformes	449463.4146341464
1387	83	24	6	0.02	1.0	admixture	cqshmm_ancestral	Coraciiformes	050	Bucerotiformes	Piciformes	449463.4146341464
1167	303	18	12	0.02	1.0	admixture	gqshmm_ex	Coraciiformes	050	Bucerotiformes	Piciformes	449463.4146341464
1230	240	21	9	0.02	1.0	admixture	pbphmm_ex_derived	Coraciiformes	050	Bucerotiformes	Piciformes	449463.4146341464
1470	0	30	0	0.02	1.0	admixture	mlthmm_derived	Coraciiformes	050	Bucerotiformes	Piciformes	449463.4146341464
1185	15	291	9	0.2	1.0	admixture	dtohmm_ancestral	Coraciiformes	025	Bucerotiformes	Piciformes	449463.4146341464
1174	26	1	299	0.2	1.0	admixture	phlag_dto_eap01_ena4_esp001_ex_ancestral	Coraciiformes	025	Bucerotiformes	Piciformes	2.326103687286377
1200	0	20	280	0.2	1.0	admixture	pbphmm_derived	Coraciiformes	025	Bucerotiformes	Piciformes	449463.4146341464
1174	26	13	287	0.2	1.0	admixture	phlag_dto_eap01_ena4_esp001_ex_derived	Coraciiformes	025	Bucerotiformes	Piciformes	2.326103687286377
927	273	189	111	0.2	1.0	admixture	pbphmm_ancestral	Coraciiformes	025	Bucerotiformes	Piciformes	449463.4146341464
742	458	158	142	0.2	1.0	admixture	gqshmm_ex_derived	Coraciiformes	025	Bucerotiformes	Piciformes	449463.4146341464
1045	155	264	36	0.2	1.0	admixture	gqshmm_ancestral	Coraciiformes	025	Bucerotiformes	Piciformes	449463.4146341464
1129	71	222	78	0.2	1.0	admixture	gqshmm_derived	Coraciiformes	025	Bucerotiformes	Piciformes	449463.4146341464
1172	28	268	32	0.2	1.0	admixture	cqshmm_ex_derived	Coraciiformes	025	Bucerotiformes	Piciformes	449463.4146341464
1200	0	279	21	0.2	1.0	admixture	bcbhmm_derived	Coraciiformes	025	Bucerotiformes	Piciformes	449463.4146341464
1170	30	14	286	0.2	1.0	admixture	phlag_dto_eap01_ena4_esp001_ancestral	Coraciiformes	025	Bucerotiformes	Piciformes	2.326103687286377
1071	129	227	73	0.2	1.0	admixture	mlthmm_ex_derived	Coraciiformes	025	Bucerotiformes	Piciformes	449463.4146341464
1194	6	285	15	0.2	1.0	admixture	mlthmm_ancestral	Coraciiformes	025	Bucerotiformes	Piciformes	449463.4146341464
908	292	253	47	0.2	1.0	admixture	dtohmm_ex_ancestral	Coraciiformes	025	Bucerotiformes	Piciformes	449463.4146341464
1193	7	298	2	0.2	1.0	admixture	bcbhmm_ex_ancestral	Coraciiformes	025	Bucerotiformes	Piciformes	449463.4146341464
989	211	241	59	0.2	1.0	admixture	mlthmm_ex_ancestral	Coraciiformes	025	Bucerotiformes	Piciformes	449463.4146341464
1011	189	231	69	0.2	1.0	admixture	bcbhmm_ex_derived	Coraciiformes	025	Bucerotiformes	Piciformes	449463.4146341464
1141	59	276	24	0.2	1.0	admixture	dtohmm_ex_derived	Coraciiformes	025	Bucerotiformes	Piciformes	449463.4146341464
914	286	185	115	0.2	1.0	admixture	gqshmm_ex_ancestral	Coraciiformes	025	Bucerotiformes	Piciformes	449463.4146341464
1146	54	6	294	0.2	1.0	admixture	dtohmm_derived	Coraciiformes	025	Bucerotiformes	Piciformes	449463.4146341464
1186	14	295	5	0.2	1.0	admixture	bcbhmm_ancestral	Coraciiformes	025	Bucerotiformes	Piciformes	449463.4146341464
1043	157	268	32	0.2	1.0	admixture	cqshmm_ex_ancestral	Coraciiformes	025	Bucerotiformes	Piciformes	449463.4146341464
1146	54	6	294	0.2	1.0	admixture	phlag_dto_eap01_ena4_esp001_derived	Coraciiformes	025	Bucerotiformes	Piciformes	2.326103687286377
1135	65	4	296	0.2	1.0	admixture	cqshmm_derived	Coraciiformes	025	Bucerotiformes	Piciformes	449463.4146341464
648	552	179	121	0.2	1.0	admixture	pbphmm_ex_ancestral	Coraciiformes	025	Bucerotiformes	Piciformes	449463.4146341464
1166	34	289	11	0.2	1.0	admixture	cqshmm_ancestral	Coraciiformes	025	Bucerotiformes	Piciformes	449463.4146341464
742	458	158	142	0.2	1.0	admixture	gqshmm_ex	Coraciiformes	025	Bucerotiformes	Piciformes	449463.4146341464
1163	37	224	76	0.2	1.0	admixture	pbphmm_ex_derived	Coraciiformes	025	Bucerotiformes	Piciformes	449463.4146341464
1174	26	6	294	0.2	1.0	admixture	mlthmm_derived	Coraciiformes	025	Bucerotiformes	Piciformes	449463.4146341464
819	651	11	19	0.02	1.0	admixture	dtohmm_ancestral	Columbiformes	050	Mesitornis_unicolor	N93	4988273.170731708
984	486	25	5	0.02	1.0	admixture	phlag_dto_eap01_ena4_esp001_ex_ancestral	Columbiformes	050	Mesitornis_unicolor	N93	6.908453941345215
1470	0	30	0	0.02	1.0	admixture	pbphmm_derived	Columbiformes	050	Mesitornis_unicolor	N93	4988273.170731708
940	530	7	23	0.02	1.0	admixture	phlag_dto_eap01_ena4_esp001_ex_derived	Columbiformes	050	Mesitornis_unicolor	N93	6.908453941345215
1448	22	29	1	0.02	1.0	admixture	pbphmm_ancestral	Columbiformes	050	Mesitornis_unicolor	N93	4988273.170731708
886	584	22	8	0.02	1.0	admixture	gqshmm_ex_derived	Columbiformes	050	Mesitornis_unicolor	N93	4988273.170731708
749	721	22	8	0.02	1.0	admixture	gqshmm_ancestral	Columbiformes	050	Mesitornis_unicolor	N93	4988273.170731708
1470	0	30	0	0.02	1.0	admixture	gqshmm_derived	Columbiformes	050	Mesitornis_unicolor	N93	4988273.170731708
1119	351	22	8	0.02	1.0	admixture	cqshmm_ex_derived	Columbiformes	050	Mesitornis_unicolor	N93	4988273.170731708
1470	0	30	0	0.02	1.0	admixture	bcbhmm_derived	Columbiformes	050	Mesitornis_unicolor	N93	4988273.170731708
1461	9	0	30	0.02	1.0	admixture	phlag_dto_eap01_ena4_esp001_ancestral	Columbiformes	050	Mesitornis_unicolor	N93	6.908453941345215
856	614	10	20	0.02	1.0	admixture	mlthmm_ex_derived	Columbiformes	050	Mesitornis_unicolor	N93	4988273.170731708
856	614	10	20	0.02	1.0	admixture	mlthmm_ancestral	Columbiformes	050	Mesitornis_unicolor	N93	4988273.170731708
1165	305	28	2	0.02	1.0	admixture	dtohmm_ex_ancestral	Columbiformes	050	Mesitornis_unicolor	N93	4988273.170731708
865	605	10	20	0.02	1.0	admixture	bcbhmm_ex_ancestral	Columbiformes	050	Mesitornis_unicolor	N93	4988273.170731708
984	486	25	5	0.02	1.0	admixture	mlthmm_ex_ancestral	Columbiformes	050	Mesitornis_unicolor	N93	4988273.170731708
818	652	24	6	0.02	1.0	admixture	bcbhmm_ex_derived	Columbiformes	050	Mesitornis_unicolor	N93	4988273.170731708
986	484	20	10	0.02	1.0	admixture	dtohmm_ex_derived	Columbiformes	050	Mesitornis_unicolor	N93	4988273.170731708
1470	0	30	0	0.02	1.0	admixture	gqshmm_ex_ancestral	Columbiformes	050	Mesitornis_unicolor	N93	4988273.170731708
1470	0	30	0	0.02	1.0	admixture	dtohmm_derived	Columbiformes	050	Mesitornis_unicolor	N93	4988273.170731708
805	665	9	21	0.02	1.0	admixture	bcbhmm_ancestral	Columbiformes	050	Mesitornis_unicolor	N93	4988273.170731708
941	529	16	14	0.02	1.0	admixture	cqshmm_ex_ancestral	Columbiformes	050	Mesitornis_unicolor	N93	4988273.170731708
1470	0	30	0	0.02	1.0	admixture	phlag_dto_eap01_ena4_esp001_derived	Columbiformes	050	Mesitornis_unicolor	N93	6.908453941345215
1470	0	30	0	0.02	1.0	admixture	cqshmm_derived	Columbiformes	050	Mesitornis_unicolor	N93	4988273.170731708
1091	379	16	14	0.02	1.0	admixture	pbphmm_ex_ancestral	Columbiformes	050	Mesitornis_unicolor	N93	4988273.170731708
742	728	8	22	0.02	1.0	admixture	cqshmm_ancestral	Columbiformes	050	Mesitornis_unicolor	N93	4988273.170731708
886	584	22	8	0.02	1.0	admixture	gqshmm_ex	Columbiformes	050	Mesitornis_unicolor	N93	4988273.170731708
813	657	13	17	0.02	1.0	admixture	pbphmm_ex_derived	Columbiformes	050	Mesitornis_unicolor	N93	4988273.170731708
1470	0	30	0	0.02	1.0	admixture	mlthmm_derived	Columbiformes	050	Mesitornis_unicolor	N93	4988273.170731708
797	673	12	18	0.02	1.0	admixture	dtohmm_ancestral	Falconiformes	025	Accipitriformes	N717	3730895.12195122
1470	0	30	0	0.02	1.0	admixture	phlag_dto_eap01_ena4_esp001_ex_ancestral	Falconiformes	025	Accipitriformes	N717	6.376978874206543
1470	0	30	0	0.02	1.0	admixture	pbphmm_derived	Falconiformes	025	Accipitriformes	N717	3730895.12195122
1266	204	30	0	0.02	1.0	admixture	phlag_dto_eap01_ena4_esp001_ex_derived	Falconiformes	025	Accipitriformes	N717	6.376978874206543
1327	143	29	1	0.02	1.0	admixture	pbphmm_ancestral	Falconiformes	025	Accipitriformes	N717	3730895.12195122
1468	2	30	0	0.02	1.0	admixture	gqshmm_ex_derived	Falconiformes	025	Accipitriformes	N717	3730895.12195122
860	610	13	17	0.02	1.0	admixture	gqshmm_ancestral	Falconiformes	025	Accipitriformes	N717	3730895.12195122
1470	0	30	0	0.02	1.0	admixture	gqshmm_derived	Falconiformes	025	Accipitriformes	N717	3730895.12195122
908	562	19	11	0.02	1.0	admixture	cqshmm_ex_derived	Falconiformes	025	Accipitriformes	N717	3730895.12195122
1470	0	30	0	0.02	1.0	admixture	bcbhmm_derived	Falconiformes	025	Accipitriformes	N717	3730895.12195122
1272	198	30	0	0.02	1.0	admixture	phlag_dto_eap01_ena4_esp001_ancestral	Falconiformes	025	Accipitriformes	N717	6.376978874206543
746	724	16	14	0.02	1.0	admixture	mlthmm_ex_derived	Falconiformes	025	Accipitriformes	N717	3730895.12195122
1305	165	28	2	0.02	1.0	admixture	mlthmm_ancestral	Falconiformes	025	Accipitriformes	N717	3730895.12195122
859	611	19	11	0.02	1.0	admixture	dtohmm_ex_ancestral	Falconiformes	025	Accipitriformes	N717	3730895.12195122
1040	430	16	14	0.02	1.0	admixture	bcbhmm_ex_ancestral	Falconiformes	025	Accipitriformes	N717	3730895.12195122
853	617	20	10	0.02	1.0	admixture	mlthmm_ex_ancestral	Falconiformes	025	Accipitriformes	N717	3730895.12195122
754	716	16	14	0.02	1.0	admixture	bcbhmm_ex_derived	Falconiformes	025	Accipitriformes	N717	3730895.12195122
790	680	18	12	0.02	1.0	admixture	dtohmm_ex_derived	Falconiformes	025	Accipitriformes	N717	3730895.12195122
1081	389	19	11	0.02	1.0	admixture	gqshmm_ex_ancestral	Falconiformes	025	Accipitriformes	N717	3730895.12195122
1470	0	30	0	0.02	1.0	admixture	dtohmm_derived	Falconiformes	025	Accipitriformes	N717	3730895.12195122
933	537	17	13	0.02	1.0	admixture	bcbhmm_ancestral	Falconiformes	025	Accipitriformes	N717	3730895.12195122
764	706	18	12	0.02	1.0	admixture	cqshmm_ex_ancestral	Falconiformes	025	Accipitriformes	N717	3730895.12195122
1470	0	30	0	0.02	1.0	admixture	phlag_dto_eap01_ena4_esp001_derived	Falconiformes	025	Accipitriformes	N717	6.376978874206543
1470	0	30	0	0.02	1.0	admixture	cqshmm_derived	Falconiformes	025	Accipitriformes	N717	3730895.12195122
1303	167	29	1	0.02	1.0	admixture	pbphmm_ex_ancestral	Falconiformes	025	Accipitriformes	N717	3730895.12195122
757	713	14	16	0.02	1.0	admixture	cqshmm_ancestral	Falconiformes	025	Accipitriformes	N717	3730895.12195122
1468	2	30	0	0.02	1.0	admixture	gqshmm_ex	Falconiformes	025	Accipitriformes	N717	3730895.12195122
1409	61	30	0	0.02	1.0	admixture	pbphmm_ex_derived	Falconiformes	025	Accipitriformes	N717	3730895.12195122
1470	0	30	0	0.02	1.0	admixture	mlthmm_derived	Falconiformes	025	Accipitriformes	N717	3730895.12195122
1115	10	2	373	0.25	1.0	admixture	dtohmm_ancestral	N125	025	Cuculiformes	Charadriiformes	1965924.3902439028
1125	0	375	0	0.25	1.0	admixture	phlag_dto_eap01_ena4_esp001_ex_ancestral	N125	025	Cuculiformes	Charadriiformes	5.445936679840088
1125	0	375	0	0.25	1.0	admixture	pbphmm_derived	N125	025	Cuculiformes	Charadriiformes	1965924.3902439028
1125	0	0	375	0.25	1.0	admixture	phlag_dto_eap01_ena4_esp001_ex_derived	N125	025	Cuculiformes	Charadriiformes	5.445936679840088
1125	0	2	373	0.25	1.0	admixture	pbphmm_ancestral	N125	025	Cuculiformes	Charadriiformes	1965924.3902439028
1125	0	375	0	0.25	1.0	admixture	gqshmm_ex_derived	N125	025	Cuculiformes	Charadriiformes	1965924.3902439028
1125	0	375	0	0.25	1.0	admixture	gqshmm_ancestral	N125	025	Cuculiformes	Charadriiformes	1965924.3902439028
1122	3	375	0	0.25	1.0	admixture	gqshmm_derived	N125	025	Cuculiformes	Charadriiformes	1965924.3902439028
1123	2	375	0	0.25	1.0	admixture	cqshmm_ex_derived	N125	025	Cuculiformes	Charadriiformes	1965924.3902439028
1125	0	375	0	0.25	1.0	admixture	bcbhmm_derived	N125	025	Cuculiformes	Charadriiformes	1965924.3902439028
1125	0	375	0	0.25	1.0	admixture	phlag_dto_eap01_ena4_esp001_ancestral	N125	025	Cuculiformes	Charadriiformes	5.445936679840088
1125	0	0	375	0.25	1.0	admixture	mlthmm_ex_derived	N125	025	Cuculiformes	Charadriiformes	1965924.3902439028
1125	0	375	0	0.25	1.0	admixture	mlthmm_ancestral	N125	025	Cuculiformes	Charadriiformes	1965924.3902439028
1125	0	0	375	0.25	1.0	admixture	dtohmm_ex_ancestral	N125	025	Cuculiformes	Charadriiformes	1965924.3902439028
1125	0	0	375	0.25	1.0	admixture	bcbhmm_ex_ancestral	N125	025	Cuculiformes	Charadriiformes	1965924.3902439028
1125	0	0	375	0.25	1.0	admixture	mlthmm_ex_ancestral	N125	025	Cuculiformes	Charadriiformes	1965924.3902439028
1125	0	0	375	0.25	1.0	admixture	bcbhmm_ex_derived	N125	025	Cuculiformes	Charadriiformes	1965924.3902439028
1125	0	0	375	0.25	1.0	admixture	dtohmm_ex_derived	N125	025	Cuculiformes	Charadriiformes	1965924.3902439028
938	187	349	26	0.25	1.0	admixture	gqshmm_ex_ancestral	N125	025	Cuculiformes	Charadriiformes	1965924.3902439028
1125	0	375	0	0.25	1.0	admixture	dtohmm_derived	N125	025	Cuculiformes	Charadriiformes	1965924.3902439028
1125	0	375	0	0.25	1.0	admixture	bcbhmm_ancestral	N125	025	Cuculiformes	Charadriiformes	1965924.3902439028
1125	0	0	375	0.25	1.0	admixture	cqshmm_ex_ancestral	N125	025	Cuculiformes	Charadriiformes	1965924.3902439028
1125	0	375	0	0.25	1.0	admixture	phlag_dto_eap01_ena4_esp001_derived	N125	025	Cuculiformes	Charadriiformes	5.445936679840088
1125	0	375	0	0.25	1.0	admixture	cqshmm_derived	N125	025	Cuculiformes	Charadriiformes	1965924.3902439028
1125	0	0	375	0.25	1.0	admixture	pbphmm_ex_ancestral	N125	025	Cuculiformes	Charadriiformes	1965924.3902439028
1125	0	2	373	0.25	1.0	admixture	cqshmm_ancestral	N125	025	Cuculiformes	Charadriiformes	1965924.3902439028
1125	0	375	0	0.25	1.0	admixture	gqshmm_ex	N125	025	Cuculiformes	Charadriiformes	1965924.3902439028
1125	0	0	375	0.25	1.0	admixture	pbphmm_ex_derived	N125	025	Cuculiformes	Charadriiformes	1965924.3902439028
1125	0	375	0	0.25	1.0	admixture	mlthmm_derived	N125	025	Cuculiformes	Charadriiformes	1965924.3902439028
1204	71	195	30	0.15	1.0	admixture	dtohmm_ancestral	N546	025	N532	N567	63752.439024390245
1238	37	1	224	0.15	1.0	admixture	phlag_dto_eap01_ena4_esp001_ex_ancestral	N546	025	N532	N567	0.31542232632637024
1274	1	225	0	0.15	1.0	admixture	pbphmm_derived	N546	025	N532	N567	63752.439024390245
1274	1	0	225	0.15	1.0	admixture	phlag_dto_eap01_ena4_esp001_ex_derived	N546	025	N532	N567	0.31542232632637024
1269	6	0	225	0.15	1.0	admixture	pbphmm_ancestral	N546	025	N532	N567	63752.439024390245
1065	210	206	19	0.15	1.0	admixture	gqshmm_ex_derived	N546	025	N532	N567	63752.439024390245
1211	64	212	13	0.15	1.0	admixture	gqshmm_ancestral	N546	025	N532	N567	63752.439024390245
756	519	80	145	0.15	1.0	admixture	gqshmm_derived	N546	025	N532	N567	63752.439024390245
1057	218	3	222	0.15	1.0	admixture	cqshmm_ex_derived	N546	025	N532	N567	63752.439024390245
1141	134	213	12	0.15	1.0	admixture	bcbhmm_derived	N546	025	N532	N567	63752.439024390245
1196	79	153	72	0.15	1.0	admixture	phlag_dto_eap01_ena4_esp001_ancestral	N546	025	N532	N567	0.31542232632637024
762	513	191	34	0.15	1.0	admixture	mlthmm_ex_derived	N546	025	N532	N567	63752.439024390245
1242	33	225	0	0.15	1.0	admixture	mlthmm_ancestral	N546	025	N532	N567	63752.439024390245
1112	163	189	36	0.15	1.0	admixture	dtohmm_ex_ancestral	N546	025	N532	N567	63752.439024390245
1229	46	213	12	0.15	1.0	admixture	bcbhmm_ex_ancestral	N546	025	N532	N567	63752.439024390245
1095	180	190	35	0.15	1.0	admixture	mlthmm_ex_ancestral	N546	025	N532	N567	63752.439024390245
714	561	133	92	0.15	1.0	admixture	bcbhmm_ex_derived	N546	025	N532	N567	63752.439024390245
628	647	164	61	0.15	1.0	admixture	dtohmm_ex_derived	N546	025	N532	N567	63752.439024390245
1275	0	225	0	0.15	1.0	admixture	gqshmm_ex_ancestral	N546	025	N532	N567	63752.439024390245
1257	18	0	225	0.15	1.0	admixture	dtohmm_derived	N546	025	N532	N567	63752.439024390245
1273	2	225	0	0.15	1.0	admixture	bcbhmm_ancestral	N546	025	N532	N567	63752.439024390245
1037	238	123	102	0.15	1.0	admixture	cqshmm_ex_ancestral	N546	025	N532	N567	63752.439024390245
1257	18	0	225	0.15	1.0	admixture	phlag_dto_eap01_ena4_esp001_derived	N546	025	N532	N567	0.31542232632637024
1262	13	0	225	0.15	1.0	admixture	cqshmm_derived	N546	025	N532	N567	63752.439024390245
937	338	23	202	0.15	1.0	admixture	pbphmm_ex_ancestral	N546	025	N532	N567	63752.439024390245
1055	220	19	206	0.15	1.0	admixture	cqshmm_ancestral	N546	025	N532	N567	63752.439024390245
1065	210	206	19	0.15	1.0	admixture	gqshmm_ex	N546	025	N532	N567	63752.439024390245
1272	3	0	225	0.15	1.0	admixture	pbphmm_ex_derived	N546	025	N532	N567	63752.439024390245
1191	84	137	88	0.15	1.0	admixture	mlthmm_derived	N546	025	N532	N567	63752.439024390245
1033	317	120	30	0.1	1.0	admixture	dtohmm_ancestral	N689	025	N657	N672	91779.26829268293
1209	141	0	150	0.1	1.0	admixture	phlag_dto_eap01_ena4_esp001_ex_ancestral	N689	025	N657	N672	0.4546983242034912
809	541	100	50	0.1	1.0	admixture	pbphmm_derived	N689	025	N657	N672	91779.26829268293
817	533	56	94	0.1	1.0	admixture	phlag_dto_eap01_ena4_esp001_ex_derived	N689	025	N657	N672	0.4546983242034912
712	638	80	70	0.1	1.0	admixture	pbphmm_ancestral	N689	025	N657	N672	91779.26829268293
692	658	77	73	0.1	1.0	admixture	gqshmm_ex_derived	N689	025	N657	N672	91779.26829268293
1315	35	144	6	0.1	1.0	admixture	gqshmm_ancestral	N689	025	N657	N672	91779.26829268293
1005	345	98	52	0.1	1.0	admixture	gqshmm_derived	N689	025	N657	N672	91779.26829268293
881	469	90	60	0.1	1.0	admixture	cqshmm_ex_derived	N689	025	N657	N672	91779.26829268293
1291	59	150	0	0.1	1.0	admixture	bcbhmm_derived	N689	025	N657	N672	91779.26829268293
1300	50	150	0	0.1	1.0	admixture	phlag_dto_eap01_ena4_esp001_ancestral	N689	025	N657	N672	0.4546983242034912
830	520	86	64	0.1	1.0	admixture	mlthmm_ex_derived	N689	025	N657	N672	91779.26829268293
1166	184	138	12	0.1	1.0	admixture	mlthmm_ancestral	N689	025	N657	N672	91779.26829268293
1005	345	114	36	0.1	1.0	admixture	dtohmm_ex_ancestral	N689	025	N657	N672	91779.26829268293
1219	131	142	8	0.1	1.0	admixture	bcbhmm_ex_ancestral	N689	025	N657	N672	91779.26829268293
809	541	69	81	0.1	1.0	admixture	mlthmm_ex_ancestral	N689	025	N657	N672	91779.26829268293
955	395	110	40	0.1	1.0	admixture	bcbhmm_ex_derived	N689	025	N657	N672	91779.26829268293
806	544	86	64	0.1	1.0	admixture	dtohmm_ex_derived	N689	025	N657	N672	91779.26829268293
1274	76	136	14	0.1	1.0	admixture	gqshmm_ex_ancestral	N689	025	N657	N672	91779.26829268293
1025	325	104	46	0.1	1.0	admixture	dtohmm_derived	N689	025	N657	N672	91779.26829268293
1316	34	150	0	0.1	1.0	admixture	bcbhmm_ancestral	N689	025	N657	N672	91779.26829268293
895	455	86	64	0.1	1.0	admixture	cqshmm_ex_ancestral	N689	025	N657	N672	91779.26829268293
1350	0	150	0	0.1	1.0	admixture	phlag_dto_eap01_ena4_esp001_derived	N689	025	N657	N672	0.4546983242034912
741	609	83	67	0.1	1.0	admixture	cqshmm_derived	N689	025	N657	N672	91779.26829268293
813	537	29	121	0.1	1.0	admixture	pbphmm_ex_ancestral	N689	025	N657	N672	91779.26829268293
787	563	91	59	0.1	1.0	admixture	cqshmm_ancestral	N689	025	N657	N672	91779.26829268293
692	658	77	73	0.1	1.0	admixture	gqshmm_ex	N689	025	N657	N672	91779.26829268293
939	411	126	24	0.1	1.0	admixture	pbphmm_ex_derived	N689	025	N657	N672	91779.26829268293
811	539	84	66	0.1	1.0	admixture	mlthmm_derived	N689	025	N657	N672	91779.26829268293
1428	42	29	1	0.02	1.0	admixture	dtohmm_ancestral	N189	050	N132	N146	539662.1951219513
921	549	5	25	0.02	1.0	admixture	pbphmm_derived	N189	050	N132	N146	539662.1951219513
1470	0	1	29	0.02	1.0	admixture	phlag_dto_eap01_ena4_esp001_ex_derived	N189	050	N132	N146	1.9625794887542725
1062	408	18	12	0.02	1.0	admixture	pbphmm_ancestral	N189	050	N132	N146	539662.1951219513
1075	395	6	24	0.02	1.0	admixture	gqshmm_ex_derived	N189	050	N132	N146	539662.1951219513
1156	314	27	3	0.02	1.0	admixture	gqshmm_ancestral	N189	050	N132	N146	539662.1951219513
1299	171	24	6	0.02	1.0	admixture	gqshmm_derived	N189	050	N132	N146	539662.1951219513
1366	104	23	7	0.02	1.0	admixture	cqshmm_ex_derived	N189	050	N132	N146	539662.1951219513
1237	233	30	0	0.02	1.0	admixture	bcbhmm_derived	N189	050	N132	N146	539662.1951219513
1470	0	1	29	0.02	1.0	admixture	mlthmm_ex_derived	N189	050	N132	N146	539662.1951219513
1219	251	29	1	0.02	1.0	admixture	mlthmm_ancestral	N189	050	N132	N146	539662.1951219513
1470	0	4	26	0.02	1.0	admixture	dtohmm_ex_ancestral	N189	050	N132	N146	539662.1951219513
1460	10	1	29	0.02	1.0	admixture	bcbhmm_ex_ancestral	N189	050	N132	N146	539662.1951219513
1470	0	4	26	0.02	1.0	admixture	mlthmm_ex_ancestral	N189	050	N132	N146	539662.1951219513
1424	46	28	2	0.02	1.0	admixture	bcbhmm_ex_derived	N189	050	N132	N146	539662.1951219513
1401	69	25	5	0.02	1.0	admixture	dtohmm_ex_derived	N189	050	N132	N146	539662.1951219513
1047	423	6	24	0.02	1.0	admixture	gqshmm_ex_ancestral	N189	050	N132	N146	539662.1951219513
1278	192	30	0	0.02	1.0	admixture	dtohmm_derived	N189	050	N132	N146	539662.1951219513
1286	184	29	1	0.02	1.0	admixture	bcbhmm_ancestral	N189	050	N132	N146	539662.1951219513
1465	5	4	26	0.02	1.0	admixture	cqshmm_ex_ancestral	N189	050	N132	N146	539662.1951219513
1443	27	30	0	0.02	1.0	admixture	phlag_dto_eap01_ena4_esp001_derived	N189	050	N132	N146	1.9625794887542725
1312	158	30	0	0.02	1.0	admixture	cqshmm_derived	N189	050	N132	N146	539662.1951219513
1470	0	1	29	0.02	1.0	admixture	pbphmm_ex_ancestral	N189	050	N132	N146	539662.1951219513
1446	24	4	26	0.02	1.0	admixture	cqshmm_ancestral	N189	050	N132	N146	539662.1951219513
1212	258	23	7	0.02	1.0	admixture	pbphmm_ex_derived	N189	050	N132	N146	539662.1951219513
1136	334	30	0	0.02	1.0	admixture	mlthmm_derived	N189	050	N132	N146	539662.1951219513
693	657	71	79	0.1	1.0	admixture	dtohmm_ancestral	Falconiformes	025	Accipitriformes	N717	3730895.12195122
1078	272	150	0	0.1	1.0	admixture	phlag_dto_eap01_ena4_esp001_ex_ancestral	Falconiformes	025	Accipitriformes	N717	6.376978874206543
1350	0	150	0	0.1	1.0	admixture	pbphmm_derived	Falconiformes	025	Accipitriformes	N717	3730895.12195122
1216	134	150	0	0.1	1.0	admixture	phlag_dto_eap01_ena4_esp001_ex_derived	Falconiformes	025	Accipitriformes	N717	6.376978874206543
1216	134	143	7	0.1	1.0	admixture	pbphmm_ancestral	Falconiformes	025	Accipitriformes	N717	3730895.12195122
1349	1	150	0	0.1	1.0	admixture	gqshmm_ex_derived	Falconiformes	025	Accipitriformes	N717	3730895.12195122
790	560	77	73	0.1	1.0	admixture	gqshmm_ancestral	Falconiformes	025	Accipitriformes	N717	3730895.12195122
1350	0	150	0	0.1	1.0	admixture	gqshmm_derived	Falconiformes	025	Accipitriformes	N717	3730895.12195122
823	527	94	56	0.1	1.0	admixture	cqshmm_ex_derived	Falconiformes	025	Accipitriformes	N717	3730895.12195122
1350	0	150	0	0.1	1.0	admixture	bcbhmm_derived	Falconiformes	025	Accipitriformes	N717	3730895.12195122
1155	195	150	0	0.1	1.0	admixture	phlag_dto_eap01_ena4_esp001_ancestral	Falconiformes	025	Accipitriformes	N717	6.376978874206543
676	674	81	69	0.1	1.0	admixture	mlthmm_ex_derived	Falconiformes	025	Accipitriformes	N717	3730895.12195122
1094	256	117	33	0.1	1.0	admixture	mlthmm_ancestral	Falconiformes	025	Accipitriformes	N717	3730895.12195122
792	558	83	67	0.1	1.0	admixture	dtohmm_ex_ancestral	Falconiformes	025	Accipitriformes	N717	3730895.12195122
958	392	102	48	0.1	1.0	admixture	bcbhmm_ex_ancestral	Falconiformes	025	Accipitriformes	N717	3730895.12195122
772	578	92	58	0.1	1.0	admixture	mlthmm_ex_ancestral	Falconiformes	025	Accipitriformes	N717	3730895.12195122
683	667	82	68	0.1	1.0	admixture	bcbhmm_ex_derived	Falconiformes	025	Accipitriformes	N717	3730895.12195122
718	632	87	63	0.1	1.0	admixture	dtohmm_ex_derived	Falconiformes	025	Accipitriformes	N717	3730895.12195122
1350	0	150	0	0.1	1.0	admixture	gqshmm_ex_ancestral	Falconiformes	025	Accipitriformes	N717	3730895.12195122
1350	0	150	0	0.1	1.0	admixture	dtohmm_derived	Falconiformes	025	Accipitriformes	N717	3730895.12195122
873	477	94	56	0.1	1.0	admixture	bcbhmm_ancestral	Falconiformes	025	Accipitriformes	N717	3730895.12195122
711	639	96	54	0.1	1.0	admixture	cqshmm_ex_ancestral	Falconiformes	025	Accipitriformes	N717	3730895.12195122
1350	0	150	0	0.1	1.0	admixture	phlag_dto_eap01_ena4_esp001_derived	Falconiformes	025	Accipitriformes	N717	6.376978874206543
1350	0	150	0	0.1	1.0	admixture	cqshmm_derived	Falconiformes	025	Accipitriformes	N717	3730895.12195122
1193	157	139	11	0.1	1.0	admixture	pbphmm_ex_ancestral	Falconiformes	025	Accipitriformes	N717	3730895.12195122
728	622	76	74	0.1	1.0	admixture	cqshmm_ancestral	Falconiformes	025	Accipitriformes	N717	3730895.12195122
1349	1	150	0	0.1	1.0	admixture	gqshmm_ex	Falconiformes	025	Accipitriformes	N717	3730895.12195122
1293	57	148	2	0.1	1.0	admixture	pbphmm_ex_derived	Falconiformes	025	Accipitriformes	N717	3730895.12195122
1350	0	150	0	0.1	1.0	admixture	mlthmm_derived	Falconiformes	025	Accipitriformes	N717	3730895.12195122
1425	0	75	0	0.05	1.0	admixture	dtohmm_ancestral	Falconiformes	050	Cariamiformes	Psittaciformes	3730895.12195122
1425	0	75	0	0.05	1.0	admixture	pbphmm_derived	Falconiformes	050	Cariamiformes	Psittaciformes	3730895.12195122
1423	2	0	75	0.05	1.0	admixture	phlag_dto_eap01_ena4_esp001_ex_derived	Falconiformes	050	Cariamiformes	Psittaciformes	6.3575029373168945
1425	0	75	0	0.05	1.0	admixture	pbphmm_ancestral	Falconiformes	050	Cariamiformes	Psittaciformes	3730895.12195122
1423	2	75	0	0.05	1.0	admixture	gqshmm_ex_derived	Falconiformes	050	Cariamiformes	Psittaciformes	3730895.12195122
1425	0	75	0	0.05	1.0	admixture	gqshmm_ancestral	Falconiformes	050	Cariamiformes	Psittaciformes	3730895.12195122
1425	0	75	0	0.05	1.0	admixture	gqshmm_derived	Falconiformes	050	Cariamiformes	Psittaciformes	3730895.12195122
874	551	41	34	0.05	1.0	admixture	cqshmm_ex_derived	Falconiformes	050	Cariamiformes	Psittaciformes	3730895.12195122
1425	0	75	0	0.05	1.0	admixture	bcbhmm_derived	Falconiformes	050	Cariamiformes	Psittaciformes	3730895.12195122
712	713	43	32	0.05	1.0	admixture	mlthmm_ex_derived	Falconiformes	050	Cariamiformes	Psittaciformes	3730895.12195122
1425	0	75	0	0.05	1.0	admixture	mlthmm_ancestral	Falconiformes	050	Cariamiformes	Psittaciformes	3730895.12195122
1009	416	62	13	0.05	1.0	admixture	dtohmm_ex_ancestral	Falconiformes	050	Cariamiformes	Psittaciformes	3730895.12195122
1011	414	63	12	0.05	1.0	admixture	bcbhmm_ex_ancestral	Falconiformes	050	Cariamiformes	Psittaciformes	3730895.12195122
819	606	53	22	0.05	1.0	admixture	mlthmm_ex_ancestral	Falconiformes	050	Cariamiformes	Psittaciformes	3730895.12195122
803	622	49	26	0.05	1.0	admixture	bcbhmm_ex_derived	Falconiformes	050	Cariamiformes	Psittaciformes	3730895.12195122
761	664	49	26	0.05	1.0	admixture	dtohmm_ex_derived	Falconiformes	050	Cariamiformes	Psittaciformes	3730895.12195122
963	462	27	48	0.05	1.0	admixture	gqshmm_ex_ancestral	Falconiformes	050	Cariamiformes	Psittaciformes	3730895.12195122
1425	0	75	0	0.05	1.0	admixture	dtohmm_derived	Falconiformes	050	Cariamiformes	Psittaciformes	3730895.12195122
1425	0	75	0	0.05	1.0	admixture	bcbhmm_ancestral	Falconiformes	050	Cariamiformes	Psittaciformes	3730895.12195122
759	666	49	26	0.05	1.0	admixture	cqshmm_ex_ancestral	Falconiformes	050	Cariamiformes	Psittaciformes	3730895.12195122
1425	0	75	0	0.05	1.0	admixture	phlag_dto_eap01_ena4_esp001_derived	Falconiformes	050	Cariamiformes	Psittaciformes	6.3575029373168945
1425	0	75	0	0.05	1.0	admixture	cqshmm_derived	Falconiformes	050	Cariamiformes	Psittaciformes	3730895.12195122
1046	379	54	21	0.05	1.0	admixture	pbphmm_ex_ancestral	Falconiformes	050	Cariamiformes	Psittaciformes	3730895.12195122
1425	0	75	0	0.05	1.0	admixture	cqshmm_ancestral	Falconiformes	050	Cariamiformes	Psittaciformes	3730895.12195122
1363	62	75	0	0.05	1.0	admixture	pbphmm_ex_derived	Falconiformes	050	Cariamiformes	Psittaciformes	3730895.12195122
1425	0	75	0	0.05	1.0	admixture	mlthmm_derived	Falconiformes	050	Cariamiformes	Psittaciformes	3730895.12195122
1231	44	223	2	0.15	1.0	admixture	dtohmm_ancestral	Musophagiformes	050	N83	N118	4752782.926829269
844	431	132	93	0.15	1.0	admixture	phlag_dto_eap01_ena4_esp001_ex_ancestral	Musophagiformes	050	N83	N118	6.325979709625244
1275	0	225	0	0.15	1.0	admixture	pbphmm_derived	Musophagiformes	050	N83	N118	4752782.926829269
1275	0	225	0	0.15	1.0	admixture	phlag_dto_eap01_ena4_esp001_ex_derived	Musophagiformes	050	N83	N118	6.325979709625244
1275	0	225	0	0.15	1.0	admixture	pbphmm_ancestral	Musophagiformes	050	N83	N118	4752782.926829269
1255	20	222	3	0.15	1.0	admixture	gqshmm_ex_derived	Musophagiformes	050	N83	N118	4752782.926829269
655	620	119	106	0.15	1.0	admixture	gqshmm_ancestral	Musophagiformes	050	N83	N118	4752782.926829269
1275	0	225	0	0.15	1.0	admixture	gqshmm_derived	Musophagiformes	050	N83	N118	4752782.926829269
889	386	159	66	0.15	1.0	admixture	cqshmm_ex_derived	Musophagiformes	050	N83	N118	4752782.926829269
1275	0	225	0	0.15	1.0	admixture	bcbhmm_derived	Musophagiformes	050	N83	N118	4752782.926829269
1183	92	225	0	0.15	1.0	admixture	phlag_dto_eap01_ena4_esp001_ancestral	Musophagiformes	050	N83	N118	6.325979709625244
745	530	132	93	0.15	1.0	admixture	mlthmm_ex_derived	Musophagiformes	050	N83	N118	4752782.926829269
960	315	175	50	0.15	1.0	admixture	mlthmm_ancestral	Musophagiformes	050	N83	N118	4752782.926829269
835	440	160	65	0.15	1.0	admixture	dtohmm_ex_ancestral	Musophagiformes	050	N83	N118	4752782.926829269
745	530	136	89	0.15	1.0	admixture	bcbhmm_ex_ancestral	Musophagiformes	050	N83	N118	4752782.926829269
844	431	132	93	0.15	1.0	admixture	mlthmm_ex_ancestral	Musophagiformes	050	N83	N118	4752782.926829269
826	449	140	85	0.15	1.0	admixture	bcbhmm_ex_derived	Musophagiformes	050	N83	N118	4752782.926829269
837	438	149	76	0.15	1.0	admixture	dtohmm_ex_derived	Musophagiformes	050	N83	N118	4752782.926829269
1273	2	222	3	0.15	1.0	admixture	gqshmm_ex_ancestral	Musophagiformes	050	N83	N118	4752782.926829269
1275	0	225	0	0.15	1.0	admixture	dtohmm_derived	Musophagiformes	050	N83	N118	4752782.926829269
958	317	173	52	0.15	1.0	admixture	bcbhmm_ancestral	Musophagiformes	050	N83	N118	4752782.926829269
844	431	151	74	0.15	1.0	admixture	cqshmm_ex_ancestral	Musophagiformes	050	N83	N118	4752782.926829269
1275	0	225	0	0.15	1.0	admixture	phlag_dto_eap01_ena4_esp001_derived	Musophagiformes	050	N83	N118	6.325979709625244
1275	0	225	0	0.15	1.0	admixture	cqshmm_derived	Musophagiformes	050	N83	N118	4752782.926829269
1243	32	218	7	0.15	1.0	admixture	pbphmm_ex_ancestral	Musophagiformes	050	N83	N118	4752782.926829269
931	344	162	63	0.15	1.0	admixture	cqshmm_ancestral	Musophagiformes	050	N83	N118	4752782.926829269
1255	20	222	3	0.15	1.0	admixture	gqshmm_ex	Musophagiformes	050	N83	N118	4752782.926829269
1163	112	203	22	0.15	1.0	admixture	pbphmm_ex_derived	Musophagiformes	050	N83	N118	4752782.926829269
1275	0	225	0	0.15	1.0	admixture	mlthmm_derived	Musophagiformes	050	N83	N118	4752782.926829269
1425	0	75	0	0.05	1.0	admixture	dtohmm_ancestral	Falconiformes	025	Cariamiformes	Psittaciformes	3730895.12195122
1425	0	75	0	0.05	1.0	admixture	pbphmm_derived	Falconiformes	025	Cariamiformes	Psittaciformes	3730895.12195122
1418	7	1	74	0.05	1.0	admixture	phlag_dto_eap01_ena4_esp001_ex_derived	Falconiformes	025	Cariamiformes	Psittaciformes	6.3575029373168945
1425	0	75	0	0.05	1.0	admixture	pbphmm_ancestral	Falconiformes	025	Cariamiformes	Psittaciformes	3730895.12195122
1423	2	75	0	0.05	1.0	admixture	gqshmm_ex_derived	Falconiformes	025	Cariamiformes	Psittaciformes	3730895.12195122
1425	0	75	0	0.05	1.0	admixture	gqshmm_ancestral	Falconiformes	025	Cariamiformes	Psittaciformes	3730895.12195122
1425	0	75	0	0.05	1.0	admixture	gqshmm_derived	Falconiformes	025	Cariamiformes	Psittaciformes	3730895.12195122
875	550	20	55	0.05	1.0	admixture	cqshmm_ex_derived	Falconiformes	025	Cariamiformes	Psittaciformes	3730895.12195122
1425	0	75	0	0.05	1.0	admixture	bcbhmm_derived	Falconiformes	025	Cariamiformes	Psittaciformes	3730895.12195122
971	454	72	3	0.05	1.0	admixture	mlthmm_ex_derived	Falconiformes	025	Cariamiformes	Psittaciformes	3730895.12195122
1425	0	75	0	0.05	1.0	admixture	mlthmm_ancestral	Falconiformes	025	Cariamiformes	Psittaciformes	3730895.12195122
1003	422	60	15	0.05	1.0	admixture	dtohmm_ex_ancestral	Falconiformes	025	Cariamiformes	Psittaciformes	3730895.12195122
1005	420	60	15	0.05	1.0	admixture	bcbhmm_ex_ancestral	Falconiformes	025	Cariamiformes	Psittaciformes	3730895.12195122
823	602	37	38	0.05	1.0	admixture	mlthmm_ex_ancestral	Falconiformes	025	Cariamiformes	Psittaciformes	3730895.12195122
992	433	72	3	0.05	1.0	admixture	bcbhmm_ex_derived	Falconiformes	025	Cariamiformes	Psittaciformes	3730895.12195122
770	655	37	38	0.05	1.0	admixture	dtohmm_ex_derived	Falconiformes	025	Cariamiformes	Psittaciformes	3730895.12195122
960	465	5	70	0.05	1.0	admixture	gqshmm_ex_ancestral	Falconiformes	025	Cariamiformes	Psittaciformes	3730895.12195122
1425	0	75	0	0.05	1.0	admixture	dtohmm_derived	Falconiformes	025	Cariamiformes	Psittaciformes	3730895.12195122
1425	0	75	0	0.05	1.0	admixture	bcbhmm_ancestral	Falconiformes	025	Cariamiformes	Psittaciformes	3730895.12195122
763	662	19	56	0.05	1.0	admixture	cqshmm_ex_ancestral	Falconiformes	025	Cariamiformes	Psittaciformes	3730895.12195122
1425	0	75	0	0.05	1.0	admixture	phlag_dto_eap01_ena4_esp001_derived	Falconiformes	025	Cariamiformes	Psittaciformes	6.3575029373168945
1425	0	75	0	0.05	1.0	admixture	cqshmm_derived	Falconiformes	025	Cariamiformes	Psittaciformes	3730895.12195122
1111	314	51	24	0.05	1.0	admixture	pbphmm_ex_ancestral	Falconiformes	025	Cariamiformes	Psittaciformes	3730895.12195122
1425	0	75	0	0.05	1.0	admixture	cqshmm_ancestral	Falconiformes	025	Cariamiformes	Psittaciformes	3730895.12195122
1296	129	57	18	0.05	1.0	admixture	pbphmm_ex_derived	Falconiformes	025	Cariamiformes	Psittaciformes	3730895.12195122
1425	0	75	0	0.05	1.0	admixture	mlthmm_derived	Falconiformes	025	Cariamiformes	Psittaciformes	3730895.12195122
1399	26	68	7	0.05	1.0	admixture	dtohmm_ancestral	Coraciiformes	025	Bucerotiformes	Piciformes	449463.4146341464
1418	7	5	70	0.05	1.0	admixture	phlag_dto_eap01_ena4_esp001_ex_ancestral	Coraciiformes	025	Bucerotiformes	Piciformes	2.863619565963745
1392	33	6	69	0.05	1.0	admixture	pbphmm_derived	Coraciiformes	025	Bucerotiformes	Piciformes	449463.4146341464
1204	221	0	75	0.05	1.0	admixture	phlag_dto_eap01_ena4_esp001_ex_derived	Coraciiformes	025	Bucerotiformes	Piciformes	2.863619565963745
853	572	35	40	0.05	1.0	admixture	pbphmm_ancestral	Coraciiformes	025	Bucerotiformes	Piciformes	449463.4146341464
1130	295	46	29	0.05	1.0	admixture	gqshmm_ex_derived	Coraciiformes	025	Bucerotiformes	Piciformes	449463.4146341464
1243	182	65	10	0.05	1.0	admixture	gqshmm_ancestral	Coraciiformes	025	Bucerotiformes	Piciformes	449463.4146341464
1347	78	58	17	0.05	1.0	admixture	gqshmm_derived	Coraciiformes	025	Bucerotiformes	Piciformes	449463.4146341464
1279	146	61	14	0.05	1.0	admixture	cqshmm_ex_derived	Coraciiformes	025	Bucerotiformes	Piciformes	449463.4146341464
1425	0	75	0	0.05	1.0	admixture	bcbhmm_derived	Coraciiformes	025	Bucerotiformes	Piciformes	449463.4146341464
1392	33	5	70	0.05	1.0	admixture	phlag_dto_eap01_ena4_esp001_ancestral	Coraciiformes	025	Bucerotiformes	Piciformes	2.863619565963745
936	489	48	27	0.05	1.0	admixture	mlthmm_ex_derived	Coraciiformes	025	Bucerotiformes	Piciformes	449463.4146341464
1418	7	75	0	0.05	1.0	admixture	mlthmm_ancestral	Coraciiformes	025	Bucerotiformes	Piciformes	449463.4146341464
1080	345	61	14	0.05	1.0	admixture	dtohmm_ex_ancestral	Coraciiformes	025	Bucerotiformes	Piciformes	449463.4146341464
1423	2	75	0	0.05	1.0	admixture	bcbhmm_ex_ancestral	Coraciiformes	025	Bucerotiformes	Piciformes	449463.4146341464
1172	253	55	20	0.05	1.0	admixture	mlthmm_ex_ancestral	Coraciiformes	025	Bucerotiformes	Piciformes	449463.4146341464
1303	122	69	6	0.05	1.0	admixture	bcbhmm_ex_derived	Coraciiformes	025	Bucerotiformes	Piciformes	449463.4146341464
1046	379	51	24	0.05	1.0	admixture	dtohmm_ex_derived	Coraciiformes	025	Bucerotiformes	Piciformes	449463.4146341464
1384	41	73	2	0.05	1.0	admixture	gqshmm_ex_ancestral	Coraciiformes	025	Bucerotiformes	Piciformes	449463.4146341464
1392	33	13	62	0.05	1.0	admixture	dtohmm_derived	Coraciiformes	025	Bucerotiformes	Piciformes	449463.4146341464
1295	130	68	7	0.05	1.0	admixture	bcbhmm_ancestral	Coraciiformes	025	Bucerotiformes	Piciformes	449463.4146341464
1085	340	51	24	0.05	1.0	admixture	cqshmm_ex_ancestral	Coraciiformes	025	Bucerotiformes	Piciformes	449463.4146341464
1392	33	13	62	0.05	1.0	admixture	phlag_dto_eap01_ena4_esp001_derived	Coraciiformes	025	Bucerotiformes	Piciformes	2.863619565963745
1392	33	13	62	0.05	1.0	admixture	cqshmm_derived	Coraciiformes	025	Bucerotiformes	Piciformes	449463.4146341464
769	656	41	34	0.05	1.0	admixture	pbphmm_ex_ancestral	Coraciiformes	025	Bucerotiformes	Piciformes	449463.4146341464
1362	63	69	6	0.05	1.0	admixture	cqshmm_ancestral	Coraciiformes	025	Bucerotiformes	Piciformes	449463.4146341464
1130	295	46	29	0.05	1.0	admixture	gqshmm_ex	Coraciiformes	025	Bucerotiformes	Piciformes	449463.4146341464
800	625	40	35	0.05	1.0	admixture	pbphmm_ex_derived	Coraciiformes	025	Bucerotiformes	Piciformes	449463.4146341464
1403	22	70	5	0.05	1.0	admixture	mlthmm_derived	Coraciiformes	025	Bucerotiformes	Piciformes	449463.4146341464
1250	25	0	225	0.15	1.0	admixture	dtohmm_ancestral	N125	025	Cuculiformes	Charadriiformes	1965924.3902439028
1275	0	0	225	0.15	1.0	admixture	phlag_dto_eap01_ena4_esp001_ex_ancestral	N125	025	Cuculiformes	Charadriiformes	5.065239429473877
1275	0	225	0	0.15	1.0	admixture	pbphmm_derived	N125	025	Cuculiformes	Charadriiformes	1965924.3902439028
1275	0	0	225	0.15	1.0	admixture	phlag_dto_eap01_ena4_esp001_ex_derived	N125	025	Cuculiformes	Charadriiformes	5.065239429473877
1270	5	0	225	0.15	1.0	admixture	pbphmm_ancestral	N125	025	Cuculiformes	Charadriiformes	1965924.3902439028
1275	0	225	0	0.15	1.0	admixture	gqshmm_ex_derived	N125	025	Cuculiformes	Charadriiformes	1965924.3902439028
1275	0	225	0	0.15	1.0	admixture	gqshmm_ancestral	N125	025	Cuculiformes	Charadriiformes	1965924.3902439028
1270	5	225	0	0.15	1.0	admixture	gqshmm_derived	N125	025	Cuculiformes	Charadriiformes	1965924.3902439028
1268	7	224	1	0.15	1.0	admixture	cqshmm_ex_derived	N125	025	Cuculiformes	Charadriiformes	1965924.3902439028
1275	0	225	0	0.15	1.0	admixture	bcbhmm_derived	N125	025	Cuculiformes	Charadriiformes	1965924.3902439028
1250	25	0	225	0.15	1.0	admixture	phlag_dto_eap01_ena4_esp001_ancestral	N125	025	Cuculiformes	Charadriiformes	5.065239429473877
1275	0	0	225	0.15	1.0	admixture	mlthmm_ex_derived	N125	025	Cuculiformes	Charadriiformes	1965924.3902439028
1275	0	225	0	0.15	1.0	admixture	mlthmm_ancestral	N125	025	Cuculiformes	Charadriiformes	1965924.3902439028
1275	0	0	225	0.15	1.0	admixture	dtohmm_ex_ancestral	N125	025	Cuculiformes	Charadriiformes	1965924.3902439028
1275	0	0	225	0.15	1.0	admixture	bcbhmm_ex_ancestral	N125	025	Cuculiformes	Charadriiformes	1965924.3902439028
1275	0	0	225	0.15	1.0	admixture	mlthmm_ex_ancestral	N125	025	Cuculiformes	Charadriiformes	1965924.3902439028
1275	0	0	225	0.15	1.0	admixture	bcbhmm_ex_derived	N125	025	Cuculiformes	Charadriiformes	1965924.3902439028
1275	0	0	225	0.15	1.0	admixture	dtohmm_ex_derived	N125	025	Cuculiformes	Charadriiformes	1965924.3902439028
1275	0	225	0	0.15	1.0	admixture	gqshmm_ex_ancestral	N125	025	Cuculiformes	Charadriiformes	1965924.3902439028
1275	0	225	0	0.15	1.0	admixture	dtohmm_derived	N125	025	Cuculiformes	Charadriiformes	1965924.3902439028
1275	0	225	0	0.15	1.0	admixture	bcbhmm_ancestral	N125	025	Cuculiformes	Charadriiformes	1965924.3902439028
1275	0	0	225	0.15	1.0	admixture	cqshmm_ex_ancestral	N125	025	Cuculiformes	Charadriiformes	1965924.3902439028
1275	0	225	0	0.15	1.0	admixture	phlag_dto_eap01_ena4_esp001_derived	N125	025	Cuculiformes	Charadriiformes	5.065239429473877
1275	0	225	0	0.15	1.0	admixture	cqshmm_derived	N125	025	Cuculiformes	Charadriiformes	1965924.3902439028
1275	0	0	225	0.15	1.0	admixture	pbphmm_ex_ancestral	N125	025	Cuculiformes	Charadriiformes	1965924.3902439028
1270	5	0	225	0.15	1.0	admixture	cqshmm_ancestral	N125	025	Cuculiformes	Charadriiformes	1965924.3902439028
1275	0	225	0	0.15	1.0	admixture	gqshmm_ex	N125	025	Cuculiformes	Charadriiformes	1965924.3902439028
1275	0	0	225	0.15	1.0	admixture	pbphmm_ex_derived	N125	025	Cuculiformes	Charadriiformes	1965924.3902439028
1275	0	225	0	0.15	1.0	admixture	mlthmm_derived	N125	025	Cuculiformes	Charadriiformes	1965924.3902439028
1350	0	21	129	0.1	1.0	admixture	dtohmm_ancestral	N189	050	N132	N146	539662.1951219513
617	733	148	2	0.1	1.0	admixture	pbphmm_derived	N189	050	N132	N146	539662.1951219513
1350	0	4	146	0.1	1.0	admixture	phlag_dto_eap01_ena4_esp001_ex_derived	N189	050	N132	N146	1.9592924118041992
837	513	38	112	0.1	1.0	admixture	pbphmm_ancestral	N189	050	N132	N146	539662.1951219513
986	364	48	102	0.1	1.0	admixture	gqshmm_ex_derived	N189	050	N132	N146	539662.1951219513
1065	285	125	25	0.1	1.0	admixture	gqshmm_ancestral	N189	050	N132	N146	539662.1951219513
1193	157	123	27	0.1	1.0	admixture	gqshmm_derived	N189	050	N132	N146	539662.1951219513
1272	78	135	15	0.1	1.0	admixture	cqshmm_ex_derived	N189	050	N132	N146	539662.1951219513
1325	25	146	4	0.1	1.0	admixture	bcbhmm_derived	N189	050	N132	N146	539662.1951219513
1350	0	4	146	0.1	1.0	admixture	mlthmm_ex_derived	N189	050	N132	N146	539662.1951219513
751	599	84	66	0.1	1.0	admixture	mlthmm_ancestral	N189	050	N132	N146	539662.1951219513
1350	0	69	81	0.1	1.0	admixture	dtohmm_ex_ancestral	N189	050	N132	N146	539662.1951219513
1336	14	68	82	0.1	1.0	admixture	bcbhmm_ex_ancestral	N189	050	N132	N146	539662.1951219513
1350	0	69	81	0.1	1.0	admixture	mlthmm_ex_ancestral	N189	050	N132	N146	539662.1951219513
1350	0	4	146	0.1	1.0	admixture	bcbhmm_ex_derived	N189	050	N132	N146	539662.1951219513
1226	124	135	15	0.1	1.0	admixture	dtohmm_ex_derived	N189	050	N132	N146	539662.1951219513
983	367	48	102	0.1	1.0	admixture	gqshmm_ex_ancestral	N189	050	N132	N146	539662.1951219513
903	447	68	82	0.1	1.0	admixture	dtohmm_derived	N189	050	N132	N146	539662.1951219513
1321	29	150	0	0.1	1.0	admixture	bcbhmm_ancestral	N189	050	N132	N146	539662.1951219513
1348	2	72	78	0.1	1.0	admixture	cqshmm_ex_ancestral	N189	050	N132	N146	539662.1951219513
1323	27	150	0	0.1	1.0	admixture	phlag_dto_eap01_ena4_esp001_derived	N189	050	N132	N146	1.9592924118041992
1117	233	95	55	0.1	1.0	admixture	cqshmm_derived	N189	050	N132	N146	539662.1951219513
1349	1	71	79	0.1	1.0	admixture	pbphmm_ex_ancestral	N189	050	N132	N146	539662.1951219513
1350	0	4	146	0.1	1.0	admixture	cqshmm_ancestral	N189	050	N132	N146	539662.1951219513
1214	136	137	13	0.1	1.0	admixture	pbphmm_ex_derived	N189	050	N132	N146	539662.1951219513
1086	264	68	82	0.1	1.0	admixture	mlthmm_derived	N189	050	N132	N146	539662.1951219513
975	300	209	16	0.15	1.0	admixture	dtohmm_ancestral	N251	025	N269	N242	113279.26829268294
772	503	146	79	0.15	1.0	admixture	phlag_dto_eap01_ena4_esp001_ex_ancestral	N251	025	N269	N242	0.060259588062763214
1274	1	225	0	0.15	1.0	admixture	pbphmm_derived	N251	025	N269	N242	113279.26829268294
957	318	214	11	0.15	1.0	admixture	phlag_dto_eap01_ena4_esp001_ex_derived	N251	025	N269	N242	0.060259588062763214
1237	38	224	1	0.15	1.0	admixture	pbphmm_ancestral	N251	025	N269	N242	113279.26829268294
880	395	150	75	0.15	1.0	admixture	gqshmm_ex_derived	N251	025	N269	N242	113279.26829268294
966	309	168	57	0.15	1.0	admixture	gqshmm_ancestral	N251	025	N269	N242	113279.26829268294
786	489	139	86	0.15	1.0	admixture	gqshmm_derived	N251	025	N269	N242	113279.26829268294
859	416	156	69	0.15	1.0	admixture	cqshmm_ex_derived	N251	025	N269	N242	113279.26829268294
1158	117	185	40	0.15	1.0	admixture	bcbhmm_derived	N251	025	N269	N242	113279.26829268294
887	388	225	0	0.15	1.0	admixture	phlag_dto_eap01_ena4_esp001_ancestral	N251	025	N269	N242	0.060259588062763214
876	399	150	75	0.15	1.0	admixture	mlthmm_ex_derived	N251	025	N269	N242	113279.26829268294
1043	232	207	18	0.15	1.0	admixture	mlthmm_ancestral	N251	025	N269	N242	113279.26829268294
785	490	143	82	0.15	1.0	admixture	dtohmm_ex_ancestral	N251	025	N269	N242	113279.26829268294
832	443	153	72	0.15	1.0	admixture	bcbhmm_ex_ancestral	N251	025	N269	N242	113279.26829268294
659	616	121	104	0.15	1.0	admixture	mlthmm_ex_ancestral	N251	025	N269	N242	113279.26829268294
883	392	150	75	0.15	1.0	admixture	bcbhmm_ex_derived	N251	025	N269	N242	113279.26829268294
676	599	102	123	0.15	1.0	admixture	dtohmm_ex_derived	N251	025	N269	N242	113279.26829268294
1243	32	224	1	0.15	1.0	admixture	gqshmm_ex_ancestral	N251	025	N269	N242	113279.26829268294
1274	1	217	8	0.15	1.0	admixture	dtohmm_derived	N251	025	N269	N242	113279.26829268294
1275	0	225	0	0.15	1.0	admixture	bcbhmm_ancestral	N251	025	N269	N242	113279.26829268294
725	550	127	98	0.15	1.0	admixture	cqshmm_ex_ancestral	N251	025	N269	N242	113279.26829268294
1275	0	225	0	0.15	1.0	admixture	phlag_dto_eap01_ena4_esp001_derived	N251	025	N269	N242	0.060259588062763214
1110	165	194	31	0.15	1.0	admixture	cqshmm_derived	N251	025	N269	N242	113279.26829268294
983	292	185	40	0.15	1.0	admixture	pbphmm_ex_ancestral	N251	025	N269	N242	113279.26829268294
1158	117	199	26	0.15	1.0	admixture	cqshmm_ancestral	N251	025	N269	N242	113279.26829268294
880	395	150	75	0.15	1.0	admixture	gqshmm_ex	N251	025	N269	N242	113279.26829268294
963	312	175	50	0.15	1.0	admixture	pbphmm_ex_derived	N251	025	N269	N242	113279.26829268294
805	470	139	86	0.15	1.0	admixture	mlthmm_derived	N251	025	N269	N242	113279.26829268294
698	652	78	72	0.1	1.0	admixture	dtohmm_ancestral	Opisthocomus_hoazin	050	N275	N192	7884767.073170733
935	415	103	47	0.1	1.0	admixture	phlag_dto_eap01_ena4_esp001_ex_ancestral	Opisthocomus_hoazin	050	N275	N192	0.0
1350	0	150	0	0.1	1.0	admixture	pbphmm_derived	Opisthocomus_hoazin	050	N275	N192	7884767.073170733
1061	289	112	38	0.1	1.0	admixture	phlag_dto_eap01_ena4_esp001_ex_derived	Opisthocomus_hoazin	050	N275	N192	0.0
1350	0	150	0	0.1	1.0	admixture	pbphmm_ancestral	Opisthocomus_hoazin	050	N275	N192	7884767.073170733
896	454	110	40	0.1	1.0	admixture	gqshmm_ex_derived	Opisthocomus_hoazin	050	N275	N192	7884767.073170733
708	642	79	71	0.1	1.0	admixture	gqshmm_ancestral	Opisthocomus_hoazin	050	N275	N192	7884767.073170733
869	481	93	57	0.1	1.0	admixture	gqshmm_derived	Opisthocomus_hoazin	050	N275	N192	7884767.073170733
994	356	107	43	0.1	1.0	admixture	cqshmm_ex_derived	Opisthocomus_hoazin	050	N275	N192	7884767.073170733
954	396	104	46	0.1	1.0	admixture	bcbhmm_derived	Opisthocomus_hoazin	050	N275	N192	7884767.073170733
1226	124	150	0	0.1	1.0	admixture	phlag_dto_eap01_ena4_esp001_ancestral	Opisthocomus_hoazin	050	N275	N192	0.0
999	351	106	44	0.1	1.0	admixture	mlthmm_ex_derived	Opisthocomus_hoazin	050	N275	N192	7884767.073170733
727	623	80	70	0.1	1.0	admixture	mlthmm_ancestral	Opisthocomus_hoazin	050	N275	N192	7884767.073170733
769	581	84	66	0.1	1.0	admixture	dtohmm_ex_ancestral	Opisthocomus_hoazin	050	N275	N192	7884767.073170733
884	466	90	60	0.1	1.0	admixture	bcbhmm_ex_ancestral	Opisthocomus_hoazin	050	N275	N192	7884767.073170733
952	398	102	48	0.1	1.0	admixture	mlthmm_ex_ancestral	Opisthocomus_hoazin	050	N275	N192	7884767.073170733
1026	324	107	43	0.1	1.0	admixture	bcbhmm_ex_derived	Opisthocomus_hoazin	050	N275	N192	7884767.073170733
978	372	100	50	0.1	1.0	admixture	dtohmm_ex_derived	Opisthocomus_hoazin	050	N275	N192	7884767.073170733
1349	1	150	0	0.1	1.0	admixture	gqshmm_ex_ancestral	Opisthocomus_hoazin	050	N275	N192	7884767.073170733
970	380	110	40	0.1	1.0	admixture	dtohmm_derived	Opisthocomus_hoazin	050	N275	N192	7884767.073170733
806	544	87	63	0.1	1.0	admixture	bcbhmm_ancestral	Opisthocomus_hoazin	050	N275	N192	7884767.073170733
901	449	97	53	0.1	1.0	admixture	cqshmm_ex_ancestral	Opisthocomus_hoazin	050	N275	N192	7884767.073170733
1350	0	150	0	0.1	1.0	admixture	phlag_dto_eap01_ena4_esp001_derived	Opisthocomus_hoazin	050	N275	N192	0.0
834	516	102	48	0.1	1.0	admixture	cqshmm_derived	Opisthocomus_hoazin	050	N275	N192	7884767.073170733
1342	8	150	0	0.1	1.0	admixture	pbphmm_ex_ancestral	Opisthocomus_hoazin	050	N275	N192	7884767.073170733
960	390	109	41	0.1	1.0	admixture	cqshmm_ancestral	Opisthocomus_hoazin	050	N275	N192	7884767.073170733
1344	6	150	0	0.1	1.0	admixture	pbphmm_ex_derived	Opisthocomus_hoazin	050	N275	N192	7884767.073170733
886	464	95	55	0.1	1.0	admixture	mlthmm_derived	Opisthocomus_hoazin	050	N275	N192	7884767.073170733
702	423	212	163	0.25	1.0	admixture	dtohmm_ancestral	Opisthocomus_hoazin	050	N275	N192	7884767.073170733
781	344	256	119	0.25	1.0	admixture	phlag_dto_eap01_ena4_esp001_ex_ancestral	Opisthocomus_hoazin	050	N275	N192	0.0
1125	0	375	0	0.25	1.0	admixture	pbphmm_derived	Opisthocomus_hoazin	050	N275	N192	7884767.073170733
918	207	300	75	0.25	1.0	admixture	phlag_dto_eap01_ena4_esp001_ex_derived	Opisthocomus_hoazin	050	N275	N192	0.0
1125	0	375	0	0.25	1.0	admixture	pbphmm_ancestral	Opisthocomus_hoazin	050	N275	N192	7884767.073170733
748	377	259	116	0.25	1.0	admixture	gqshmm_ex_derived	Opisthocomus_hoazin	050	N275	N192	7884767.073170733
615	510	203	172	0.25	1.0	admixture	gqshmm_ancestral	Opisthocomus_hoazin	050	N275	N192	7884767.073170733
726	399	261	114	0.25	1.0	admixture	gqshmm_derived	Opisthocomus_hoazin	050	N275	N192	7884767.073170733
821	304	266	109	0.25	1.0	admixture	cqshmm_ex_derived	Opisthocomus_hoazin	050	N275	N192	7884767.073170733
750	375	263	112	0.25	1.0	admixture	bcbhmm_derived	Opisthocomus_hoazin	050	N275	N192	7884767.073170733
1001	124	170	205	0.25	1.0	admixture	phlag_dto_eap01_ena4_esp001_ancestral	Opisthocomus_hoazin	050	N275	N192	0.0
863	262	280	95	0.25	1.0	admixture	mlthmm_ex_derived	Opisthocomus_hoazin	050	N275	N192	7884767.073170733
600	525	196	179	0.25	1.0	admixture	mlthmm_ancestral	Opisthocomus_hoazin	050	N275	N192	7884767.073170733
764	361	246	129	0.25	1.0	admixture	dtohmm_ex_ancestral	Opisthocomus_hoazin	050	N275	N192	7884767.073170733
725	400	223	152	0.25	1.0	admixture	bcbhmm_ex_ancestral	Opisthocomus_hoazin	050	N275	N192	7884767.073170733
795	330	258	117	0.25	1.0	admixture	mlthmm_ex_ancestral	Opisthocomus_hoazin	050	N275	N192	7884767.073170733
852	273	269	106	0.25	1.0	admixture	bcbhmm_ex_derived	Opisthocomus_hoazin	050	N275	N192	7884767.073170733
820	305	262	113	0.25	1.0	admixture	dtohmm_ex_derived	Opisthocomus_hoazin	050	N275	N192	7884767.073170733
1125	0	374	1	0.25	1.0	admixture	gqshmm_ex_ancestral	Opisthocomus_hoazin	050	N275	N192	7884767.073170733
841	284	300	75	0.25	1.0	admixture	dtohmm_derived	Opisthocomus_hoazin	050	N275	N192	7884767.073170733
660	465	211	164	0.25	1.0	admixture	bcbhmm_ancestral	Opisthocomus_hoazin	050	N275	N192	7884767.073170733
785	340	247	128	0.25	1.0	admixture	cqshmm_ex_ancestral	Opisthocomus_hoazin	050	N275	N192	7884767.073170733
1073	52	375	0	0.25	1.0	admixture	phlag_dto_eap01_ena4_esp001_derived	Opisthocomus_hoazin	050	N275	N192	0.0
639	486	180	195	0.25	1.0	admixture	cqshmm_derived	Opisthocomus_hoazin	050	N275	N192	7884767.073170733
1116	9	373	2	0.25	1.0	admixture	pbphmm_ex_ancestral	Opisthocomus_hoazin	050	N275	N192	7884767.073170733
841	284	273	102	0.25	1.0	admixture	cqshmm_ancestral	Opisthocomus_hoazin	050	N275	N192	7884767.073170733
1059	66	348	27	0.25	1.0	admixture	pbphmm_ex_derived	Opisthocomus_hoazin	050	N275	N192	7884767.073170733
622	503	214	161	0.25	1.0	admixture	mlthmm_derived	Opisthocomus_hoazin	050	N275	N192	7884767.073170733
1350	0	150	0	0.1	1.0	admixture	dtohmm_ancestral	Falconiformes	025	Cariamiformes	Psittaciformes	3730895.12195122
1350	0	150	0	0.1	1.0	admixture	pbphmm_derived	Falconiformes	025	Cariamiformes	Psittaciformes	3730895.12195122
1350	0	0	150	0.1	1.0	admixture	phlag_dto_eap01_ena4_esp001_ex_derived	Falconiformes	025	Cariamiformes	Psittaciformes	6.349490165710449
1350	0	150	0	0.1	1.0	admixture	pbphmm_ancestral	Falconiformes	025	Cariamiformes	Psittaciformes	3730895.12195122
1348	2	150	0	0.1	1.0	admixture	gqshmm_ex_derived	Falconiformes	025	Cariamiformes	Psittaciformes	3730895.12195122
1350	0	150	0	0.1	1.0	admixture	gqshmm_ancestral	Falconiformes	025	Cariamiformes	Psittaciformes	3730895.12195122
1350	0	150	0	0.1	1.0	admixture	gqshmm_derived	Falconiformes	025	Cariamiformes	Psittaciformes	3730895.12195122
835	515	46	104	0.1	1.0	admixture	cqshmm_ex_derived	Falconiformes	025	Cariamiformes	Psittaciformes	3730895.12195122
1350	0	150	0	0.1	1.0	admixture	bcbhmm_derived	Falconiformes	025	Cariamiformes	Psittaciformes	3730895.12195122
934	416	143	7	0.1	1.0	admixture	mlthmm_ex_derived	Falconiformes	025	Cariamiformes	Psittaciformes	3730895.12195122
1350	0	150	0	0.1	1.0	admixture	mlthmm_ancestral	Falconiformes	025	Cariamiformes	Psittaciformes	3730895.12195122
960	390	122	28	0.1	1.0	admixture	dtohmm_ex_ancestral	Falconiformes	025	Cariamiformes	Psittaciformes	3730895.12195122
960	390	122	28	0.1	1.0	admixture	bcbhmm_ex_ancestral	Falconiformes	025	Cariamiformes	Psittaciformes	3730895.12195122
769	581	82	68	0.1	1.0	admixture	mlthmm_ex_ancestral	Falconiformes	025	Cariamiformes	Psittaciformes	3730895.12195122
937	413	143	7	0.1	1.0	admixture	bcbhmm_ex_derived	Falconiformes	025	Cariamiformes	Psittaciformes	3730895.12195122
715	635	82	68	0.1	1.0	admixture	dtohmm_ex_derived	Falconiformes	025	Cariamiformes	Psittaciformes	3730895.12195122
1323	27	149	1	0.1	1.0	admixture	gqshmm_ex_ancestral	Falconiformes	025	Cariamiformes	Psittaciformes	3730895.12195122
1350	0	150	0	0.1	1.0	admixture	dtohmm_derived	Falconiformes	025	Cariamiformes	Psittaciformes	3730895.12195122
1350	0	150	0	0.1	1.0	admixture	bcbhmm_ancestral	Falconiformes	025	Cariamiformes	Psittaciformes	3730895.12195122
735	615	63	87	0.1	1.0	admixture	cqshmm_ex_ancestral	Falconiformes	025	Cariamiformes	Psittaciformes	3730895.12195122
1350	0	150	0	0.1	1.0	admixture	phlag_dto_eap01_ena4_esp001_derived	Falconiformes	025	Cariamiformes	Psittaciformes	6.349490165710449
1350	0	150	0	0.1	1.0	admixture	cqshmm_derived	Falconiformes	025	Cariamiformes	Psittaciformes	3730895.12195122
1047	303	103	47	0.1	1.0	admixture	pbphmm_ex_ancestral	Falconiformes	025	Cariamiformes	Psittaciformes	3730895.12195122
1350	0	150	0	0.1	1.0	admixture	cqshmm_ancestral	Falconiformes	025	Cariamiformes	Psittaciformes	3730895.12195122
1292	58	149	1	0.1	1.0	admixture	pbphmm_ex_derived	Falconiformes	025	Cariamiformes	Psittaciformes	3730895.12195122
1350	0	150	0	0.1	1.0	admixture	mlthmm_derived	Falconiformes	025	Cariamiformes	Psittaciformes	3730895.12195122
933	342	158	67	0.15	1.0	admixture	dtohmm_ancestral	Caprimulgiformes1	050	N220	N202	109370.73170731709
974	301	93	132	0.15	1.0	admixture	phlag_dto_eap01_ena4_esp001_ex_ancestral	Caprimulgiformes1	050	N220	N202	0.07863970100879669
596	679	166	59	0.15	1.0	admixture	pbphmm_derived	Caprimulgiformes1	050	N220	N202	109370.73170731709
959	316	0	225	0.15	1.0	admixture	phlag_dto_eap01_ena4_esp001_ex_derived	Caprimulgiformes1	050	N220	N202	0.07863970100879669
1274	1	225	0	0.15	1.0	admixture	pbphmm_ancestral	Caprimulgiformes1	050	N220	N202	109370.73170731709
1128	147	185	40	0.15	1.0	admixture	gqshmm_ex_derived	Caprimulgiformes1	050	N220	N202	109370.73170731709
932	343	157	68	0.15	1.0	admixture	gqshmm_ancestral	Caprimulgiformes1	050	N220	N202	109370.73170731709
792	483	145	80	0.15	1.0	admixture	gqshmm_derived	Caprimulgiformes1	050	N220	N202	109370.73170731709
807	468	161	64	0.15	1.0	admixture	cqshmm_ex_derived	Caprimulgiformes1	050	N220	N202	109370.73170731709
1100	175	157	68	0.15	1.0	admixture	bcbhmm_derived	Caprimulgiformes1	050	N220	N202	109370.73170731709
1275	0	73	152	0.15	1.0	admixture	phlag_dto_eap01_ena4_esp001_ancestral	Caprimulgiformes1	050	N220	N202	0.07863970100879669
839	436	163	62	0.15	1.0	admixture	mlthmm_ex_derived	Caprimulgiformes1	050	N220	N202	109370.73170731709
828	447	160	65	0.15	1.0	admixture	mlthmm_ancestral	Caprimulgiformes1	050	N220	N202	109370.73170731709
745	530	135	90	0.15	1.0	admixture	dtohmm_ex_ancestral	Caprimulgiformes1	050	N220	N202	109370.73170731709
839	436	163	62	0.15	1.0	admixture	bcbhmm_ex_ancestral	Caprimulgiformes1	050	N220	N202	109370.73170731709
839	436	163	62	0.15	1.0	admixture	mlthmm_ex_ancestral	Caprimulgiformes1	050	N220	N202	109370.73170731709
674	601	113	112	0.15	1.0	admixture	bcbhmm_ex_derived	Caprimulgiformes1	050	N220	N202	109370.73170731709
752	523	134	91	0.15	1.0	admixture	dtohmm_ex_derived	Caprimulgiformes1	050	N220	N202	109370.73170731709
860	415	134	91	0.15	1.0	admixture	gqshmm_ex_ancestral	Caprimulgiformes1	050	N220	N202	109370.73170731709
1036	239	192	33	0.15	1.0	admixture	dtohmm_derived	Caprimulgiformes1	050	N220	N202	109370.73170731709
812	463	158	67	0.15	1.0	admixture	bcbhmm_ancestral	Caprimulgiformes1	050	N220	N202	109370.73170731709
840	435	136	89	0.15	1.0	admixture	cqshmm_ex_ancestral	Caprimulgiformes1	050	N220	N202	109370.73170731709
1225	50	225	0	0.15	1.0	admixture	phlag_dto_eap01_ena4_esp001_derived	Caprimulgiformes1	050	N220	N202	0.07863970100879669
720	555	126	99	0.15	1.0	admixture	cqshmm_derived	Caprimulgiformes1	050	N220	N202	109370.73170731709
1244	31	224	1	0.15	1.0	admixture	pbphmm_ex_ancestral	Caprimulgiformes1	050	N220	N202	109370.73170731709
694	581	137	88	0.15	1.0	admixture	cqshmm_ancestral	Caprimulgiformes1	050	N220	N202	109370.73170731709
1021	254	167	58	0.15	1.0	admixture	gqshmm_ex	Caprimulgiformes1	050	N220	N202	109370.73170731709
1095	180	216	9	0.15	1.0	admixture	pbphmm_ex_derived	Caprimulgiformes1	050	N220	N202	109370.73170731709
783	492	154	71	0.15	1.0	admixture	mlthmm_derived	Caprimulgiformes1	050	N220	N202	109370.73170731709
810	660	15	15	0.02	1.0	admixture	dtohmm_ancestral	Falconiformes	050	Accipitriformes	N717	3730895.12195122
1291	179	30	0	0.02	1.0	admixture	phlag_dto_eap01_ena4_esp001_ex_ancestral	Falconiformes	050	Accipitriformes	N717	6.376978874206543
1470	0	30	0	0.02	1.0	admixture	pbphmm_derived	Falconiformes	050	Accipitriformes	N717	3730895.12195122
1399	71	30	0	0.02	1.0	admixture	phlag_dto_eap01_ena4_esp001_ex_derived	Falconiformes	050	Accipitriformes	N717	6.376978874206543
1331	139	29	1	0.02	1.0	admixture	pbphmm_ancestral	Falconiformes	050	Accipitriformes	N717	3730895.12195122
1468	2	30	0	0.02	1.0	admixture	gqshmm_ex_derived	Falconiformes	050	Accipitriformes	N717	3730895.12195122
863	607	24	6	0.02	1.0	admixture	gqshmm_ancestral	Falconiformes	050	Accipitriformes	N717	3730895.12195122
1470	0	30	0	0.02	1.0	admixture	gqshmm_derived	Falconiformes	050	Accipitriformes	N717	3730895.12195122
802	668	14	16	0.02	1.0	admixture	cqshmm_ex_derived	Falconiformes	050	Accipitriformes	N717	3730895.12195122
1470	0	30	0	0.02	1.0	admixture	bcbhmm_derived	Falconiformes	050	Accipitriformes	N717	3730895.12195122
1271	199	30	0	0.02	1.0	admixture	phlag_dto_eap01_ena4_esp001_ancestral	Falconiformes	050	Accipitriformes	N717	6.376978874206543
748	722	14	16	0.02	1.0	admixture	mlthmm_ex_derived	Falconiformes	050	Accipitriformes	N717	3730895.12195122
1460	10	30	0	0.02	1.0	admixture	mlthmm_ancestral	Falconiformes	050	Accipitriformes	N717	3730895.12195122
855	615	17	13	0.02	1.0	admixture	dtohmm_ex_ancestral	Falconiformes	050	Accipitriformes	N717	3730895.12195122
1042	428	21	9	0.02	1.0	admixture	bcbhmm_ex_ancestral	Falconiformes	050	Accipitriformes	N717	3730895.12195122
855	615	18	12	0.02	1.0	admixture	mlthmm_ex_ancestral	Falconiformes	050	Accipitriformes	N717	3730895.12195122
767	703	17	13	0.02	1.0	admixture	bcbhmm_ex_derived	Falconiformes	050	Accipitriformes	N717	3730895.12195122
795	675	17	13	0.02	1.0	admixture	dtohmm_ex_derived	Falconiformes	050	Accipitriformes	N717	3730895.12195122
1081	389	24	6	0.02	1.0	admixture	gqshmm_ex_ancestral	Falconiformes	050	Accipitriformes	N717	3730895.12195122
1470	0	30	0	0.02	1.0	admixture	dtohmm_derived	Falconiformes	050	Accipitriformes	N717	3730895.12195122
851	619	20	10	0.02	1.0	admixture	bcbhmm_ancestral	Falconiformes	050	Accipitriformes	N717	3730895.12195122
841	629	18	12	0.02	1.0	admixture	cqshmm_ex_ancestral	Falconiformes	050	Accipitriformes	N717	3730895.12195122
1470	0	30	0	0.02	1.0	admixture	phlag_dto_eap01_ena4_esp001_derived	Falconiformes	050	Accipitriformes	N717	6.376978874206543
1470	0	30	0	0.02	1.0	admixture	cqshmm_derived	Falconiformes	050	Accipitriformes	N717	3730895.12195122
1307	163	28	2	0.02	1.0	admixture	pbphmm_ex_ancestral	Falconiformes	050	Accipitriformes	N717	3730895.12195122
924	546	17	13	0.02	1.0	admixture	cqshmm_ancestral	Falconiformes	050	Accipitriformes	N717	3730895.12195122
1468	2	30	0	0.02	1.0	admixture	gqshmm_ex	Falconiformes	050	Accipitriformes	N717	3730895.12195122
1411	59	29	1	0.02	1.0	admixture	pbphmm_ex_derived	Falconiformes	050	Accipitriformes	N717	3730895.12195122
1470	0	30	0	0.02	1.0	admixture	mlthmm_derived	Falconiformes	050	Accipitriformes	N717	3730895.12195122
1269	81	146	4	0.1	1.0	admixture	dtohmm_ancestral	N189	025	N132	N146	539662.1951219513
882	468	44	106	0.1	1.0	admixture	pbphmm_derived	N189	025	N132	N146	539662.1951219513
1324	26	3	147	0.1	1.0	admixture	phlag_dto_eap01_ena4_esp001_ex_derived	N189	025	N132	N146	1.9376227855682373
1036	314	112	38	0.1	1.0	admixture	pbphmm_ancestral	N189	025	N132	N146	539662.1951219513
977	373	84	66	0.1	1.0	admixture	gqshmm_ex_derived	N189	025	N132	N146	539662.1951219513
1062	288	127	23	0.1	1.0	admixture	gqshmm_ancestral	N189	025	N132	N146	539662.1951219513
1197	153	121	29	0.1	1.0	admixture	gqshmm_derived	N189	025	N132	N146	539662.1951219513
1266	84	134	16	0.1	1.0	admixture	cqshmm_ex_derived	N189	025	N132	N146	539662.1951219513
1350	0	150	0	0.1	1.0	admixture	bcbhmm_derived	N189	025	N132	N146	539662.1951219513
1132	218	125	25	0.1	1.0	admixture	mlthmm_ex_derived	N189	025	N132	N146	539662.1951219513
1116	234	139	11	0.1	1.0	admixture	mlthmm_ancestral	N189	025	N132	N146	539662.1951219513
1344	6	114	36	0.1	1.0	admixture	dtohmm_ex_ancestral	N189	025	N132	N146	539662.1951219513
1333	17	109	41	0.1	1.0	admixture	bcbhmm_ex_ancestral	N189	025	N132	N146	539662.1951219513
1344	6	116	34	0.1	1.0	admixture	mlthmm_ex_ancestral	N189	025	N132	N146	539662.1951219513
1313	37	137	13	0.1	1.0	admixture	bcbhmm_ex_derived	N189	025	N132	N146	539662.1951219513
1287	63	142	8	0.1	1.0	admixture	dtohmm_ex_derived	N189	025	N132	N146	539662.1951219513
985	365	87	63	0.1	1.0	admixture	gqshmm_ex_ancestral	N189	025	N132	N146	539662.1951219513
1258	92	135	15	0.1	1.0	admixture	dtohmm_derived	N189	025	N132	N146	539662.1951219513
1166	184	143	7	0.1	1.0	admixture	bcbhmm_ancestral	N189	025	N132	N146	539662.1951219513
1345	5	114	36	0.1	1.0	admixture	cqshmm_ex_ancestral	N189	025	N132	N146	539662.1951219513
1350	0	150	0	0.1	1.0	admixture	phlag_dto_eap01_ena4_esp001_derived	N189	025	N132	N146	1.9376227855682373
1251	99	126	24	0.1	1.0	admixture	cqshmm_derived	N189	025	N132	N146	539662.1951219513
1349	1	115	35	0.1	1.0	admixture	pbphmm_ex_ancestral	N189	025	N132	N146	539662.1951219513
1319	31	134	16	0.1	1.0	admixture	cqshmm_ancestral	N189	025	N132	N146	539662.1951219513
1144	206	109	41	0.1	1.0	admixture	pbphmm_ex_derived	N189	025	N132	N146	539662.1951219513
942	408	79	71	0.1	1.0	admixture	mlthmm_derived	N189	025	N132	N146	539662.1951219513
764	361	268	107	0.25	1.0	admixture	dtohmm_ancestral	Strigiformes	050	N349	N299	945508.536585366
749	376	253	122	0.25	1.0	admixture	phlag_dto_eap01_ena4_esp001_ex_ancestral	Strigiformes	050	N349	N299	1.6633198261260986
1125	0	370	5	0.25	1.0	admixture	pbphmm_derived	Strigiformes	050	N349	N299	945508.536585366
1019	106	309	66	0.25	1.0	admixture	phlag_dto_eap01_ena4_esp001_ex_derived	Strigiformes	050	N349	N299	1.6633198261260986
984	141	355	20	0.25	1.0	admixture	pbphmm_ancestral	Strigiformes	050	N349	N299	945508.536585366
1123	2	375	0	0.25	1.0	admixture	gqshmm_ex_derived	Strigiformes	050	N349	N299	945508.536585366
724	401	232	143	0.25	1.0	admixture	gqshmm_ancestral	Strigiformes	050	N349	N299	945508.536585366
931	194	282	93	0.25	1.0	admixture	gqshmm_derived	Strigiformes	050	N349	N299	945508.536585366
720	405	245	130	0.25	1.0	admixture	cqshmm_ex_derived	Strigiformes	050	N349	N299	945508.536585366
1066	59	332	43	0.25	1.0	admixture	bcbhmm_derived	Strigiformes	050	N349	N299	945508.536585366
995	130	375	0	0.25	1.0	admixture	phlag_dto_eap01_ena4_esp001_ancestral	Strigiformes	050	N349	N299	1.6633198261260986
726	399	243	132	0.25	1.0	admixture	mlthmm_ex_derived	Strigiformes	050	N349	N299	945508.536585366
764	361	268	107	0.25	1.0	admixture	mlthmm_ancestral	Strigiformes	050	N349	N299	945508.536585366
749	376	253	122	0.25	1.0	admixture	dtohmm_ex_ancestral	Strigiformes	050	N349	N299	945508.536585366
597	528	200	175	0.25	1.0	admixture	bcbhmm_ex_ancestral	Strigiformes	050	N349	N299	945508.536585366
751	374	258	117	0.25	1.0	admixture	mlthmm_ex_ancestral	Strigiformes	050	N349	N299	945508.536585366
822	303	277	98	0.25	1.0	admixture	bcbhmm_ex_derived	Strigiformes	050	N349	N299	945508.536585366
712	413	224	151	0.25	1.0	admixture	dtohmm_ex_derived	Strigiformes	050	N349	N299	945508.536585366
908	217	270	105	0.25	1.0	admixture	gqshmm_ex_ancestral	Strigiformes	050	N349	N299	945508.536585366
717	408	375	0	0.25	1.0	admixture	dtohmm_derived	Strigiformes	050	N349	N299	945508.536585366
821	304	280	95	0.25	1.0	admixture	bcbhmm_ancestral	Strigiformes	050	N349	N299	945508.536585366
591	534	197	178	0.25	1.0	admixture	cqshmm_ex_ancestral	Strigiformes	050	N349	N299	945508.536585366
768	357	24	351	0.25	1.0	admixture	phlag_dto_eap01_ena4_esp001_derived	Strigiformes	050	N349	N299	1.6633198261260986
1045	80	79	296	0.25	1.0	admixture	cqshmm_derived	Strigiformes	050	N349	N299	945508.536585366
1100	25	362	13	0.25	1.0	admixture	pbphmm_ex_ancestral	Strigiformes	050	N349	N299	945508.536585366
716	409	252	123	0.25	1.0	admixture	cqshmm_ancestral	Strigiformes	050	N349	N299	945508.536585366
1123	2	375	0	0.25	1.0	admixture	gqshmm_ex	Strigiformes	050	N349	N299	945508.536585366
1108	17	370	5	0.25	1.0	admixture	pbphmm_ex_derived	Strigiformes	050	N349	N299	945508.536585366
909	216	149	226	0.25	1.0	admixture	mlthmm_derived	Strigiformes	050	N349	N299	945508.536585366
1309	161	28	2	0.02	1.0	admixture	dtohmm_ancestral	N251	025	N269	N242	113279.26829268294
885	585	21	9	0.02	1.0	admixture	phlag_dto_eap01_ena4_esp001_ex_ancestral	N251	025	N269	N242	0.062266021966934204
1469	1	30	0	0.02	1.0	admixture	pbphmm_derived	N251	025	N269	N242	113279.26829268294
1262	208	30	0	0.02	1.0	admixture	phlag_dto_eap01_ena4_esp001_ex_derived	N251	025	N269	N242	0.062266021966934204
1224	246	30	0	0.02	1.0	admixture	pbphmm_ancestral	N251	025	N269	N242	113279.26829268294
947	523	21	9	0.02	1.0	admixture	gqshmm_ex_derived	N251	025	N269	N242	113279.26829268294
1123	347	20	10	0.02	1.0	admixture	gqshmm_ancestral	N251	025	N269	N242	113279.26829268294
909	561	15	15	0.02	1.0	admixture	gqshmm_derived	N251	025	N269	N242	113279.26829268294
1255	215	28	2	0.02	1.0	admixture	cqshmm_ex_derived	N251	025	N269	N242	113279.26829268294
1340	130	27	3	0.02	1.0	admixture	bcbhmm_derived	N251	025	N269	N242	113279.26829268294
1043	427	0	30	0.02	1.0	admixture	phlag_dto_eap01_ena4_esp001_ancestral	N251	025	N269	N242	0.062266021966934204
1010	460	24	6	0.02	1.0	admixture	mlthmm_ex_derived	N251	025	N269	N242	113279.26829268294
1294	176	25	5	0.02	1.0	admixture	mlthmm_ancestral	N251	025	N269	N242	113279.26829268294
891	579	21	9	0.02	1.0	admixture	dtohmm_ex_ancestral	N251	025	N269	N242	113279.26829268294
960	510	24	6	0.02	1.0	admixture	bcbhmm_ex_ancestral	N251	025	N269	N242	113279.26829268294
773	697	16	14	0.02	1.0	admixture	mlthmm_ex_ancestral	N251	025	N269	N242	113279.26829268294
915	555	15	15	0.02	1.0	admixture	bcbhmm_ex_derived	N251	025	N269	N242	113279.26829268294
778	692	13	17	0.02	1.0	admixture	dtohmm_ex_derived	N251	025	N269	N242	113279.26829268294
1434	36	30	0	0.02	1.0	admixture	gqshmm_ex_ancestral	N251	025	N269	N242	113279.26829268294
1469	1	30	0	0.02	1.0	admixture	dtohmm_derived	N251	025	N269	N242	113279.26829268294
1465	5	30	0	0.02	1.0	admixture	bcbhmm_ancestral	N251	025	N269	N242	113279.26829268294
814	656	21	9	0.02	1.0	admixture	cqshmm_ex_ancestral	N251	025	N269	N242	113279.26829268294
1352	118	30	0	0.02	1.0	admixture	phlag_dto_eap01_ena4_esp001_derived	N251	025	N269	N242	0.062266021966934204
769	701	30	0	0.02	1.0	admixture	cqshmm_derived	N251	025	N269	N242	113279.26829268294
1139	331	25	5	0.02	1.0	admixture	pbphmm_ex_ancestral	N251	025	N269	N242	113279.26829268294
1418	52	30	0	0.02	1.0	admixture	cqshmm_ancestral	N251	025	N269	N242	113279.26829268294
947	523	21	9	0.02	1.0	admixture	gqshmm_ex	N251	025	N269	N242	113279.26829268294
1108	362	21	9	0.02	1.0	admixture	pbphmm_ex_derived	N251	025	N269	N242	113279.26829268294
927	543	15	15	0.02	1.0	admixture	mlthmm_derived	N251	025	N269	N242	113279.26829268294
600	525	179	196	0.25	1.0	admixture	dtohmm_ancestral	Opisthocomus_hoazin	025	N275	N192	7884767.073170733
605	520	191	184	0.25	1.0	admixture	phlag_dto_eap01_ena4_esp001_ex_ancestral	Opisthocomus_hoazin	025	N275	N192	0.0
1125	0	375	0	0.25	1.0	admixture	pbphmm_derived	Opisthocomus_hoazin	025	N275	N192	7884767.073170733
926	199	158	217	0.25	1.0	admixture	phlag_dto_eap01_ena4_esp001_ex_derived	Opisthocomus_hoazin	025	N275	N192	0.0
1125	0	375	0	0.25	1.0	admixture	pbphmm_ancestral	Opisthocomus_hoazin	025	N275	N192	7884767.073170733
737	388	233	142	0.25	1.0	admixture	gqshmm_ex_derived	Opisthocomus_hoazin	025	N275	N192	7884767.073170733
589	536	202	173	0.25	1.0	admixture	gqshmm_ancestral	Opisthocomus_hoazin	025	N275	N192	7884767.073170733
716	409	254	121	0.25	1.0	admixture	gqshmm_derived	Opisthocomus_hoazin	025	N275	N192	7884767.073170733
861	264	279	96	0.25	1.0	admixture	cqshmm_ex_derived	Opisthocomus_hoazin	025	N275	N192	7884767.073170733
1124	1	375	0	0.25	1.0	admixture	bcbhmm_derived	Opisthocomus_hoazin	025	N275	N192	7884767.073170733
1080	45	375	0	0.25	1.0	admixture	phlag_dto_eap01_ena4_esp001_ancestral	Opisthocomus_hoazin	025	N275	N192	0.0
836	289	280	95	0.25	1.0	admixture	mlthmm_ex_derived	Opisthocomus_hoazin	025	N275	N192	7884767.073170733
617	508	195	180	0.25	1.0	admixture	mlthmm_ancestral	Opisthocomus_hoazin	025	N275	N192	7884767.073170733
620	505	198	177	0.25	1.0	admixture	dtohmm_ex_ancestral	Opisthocomus_hoazin	025	N275	N192	7884767.073170733
662	463	237	138	0.25	1.0	admixture	bcbhmm_ex_ancestral	Opisthocomus_hoazin	025	N275	N192	7884767.073170733
793	332	262	113	0.25	1.0	admixture	mlthmm_ex_ancestral	Opisthocomus_hoazin	025	N275	N192	7884767.073170733
867	258	287	88	0.25	1.0	admixture	bcbhmm_ex_derived	Opisthocomus_hoazin	025	N275	N192	7884767.073170733
823	302	275	100	0.25	1.0	admixture	dtohmm_ex_derived	Opisthocomus_hoazin	025	N275	N192	7884767.073170733
1125	0	375	0	0.25	1.0	admixture	gqshmm_ex_ancestral	Opisthocomus_hoazin	025	N275	N192	7884767.073170733
907	218	317	58	0.25	1.0	admixture	dtohmm_derived	Opisthocomus_hoazin	025	N275	N192	7884767.073170733
683	442	217	158	0.25	1.0	admixture	bcbhmm_ancestral	Opisthocomus_hoazin	025	N275	N192	7884767.073170733
776	349	246	129	0.25	1.0	admixture	cqshmm_ex_ancestral	Opisthocomus_hoazin	025	N275	N192	7884767.073170733
1073	52	375	0	0.25	1.0	admixture	phlag_dto_eap01_ena4_esp001_derived	Opisthocomus_hoazin	025	N275	N192	0.0
574	551	193	182	0.25	1.0	admixture	cqshmm_derived	Opisthocomus_hoazin	025	N275	N192	7884767.073170733
1118	7	372	3	0.25	1.0	admixture	pbphmm_ex_ancestral	Opisthocomus_hoazin	025	N275	N192	7884767.073170733
758	367	238	137	0.25	1.0	admixture	cqshmm_ancestral	Opisthocomus_hoazin	025	N275	N192	7884767.073170733
1118	7	373	2	0.25	1.0	admixture	pbphmm_ex_derived	Opisthocomus_hoazin	025	N275	N192	7884767.073170733
718	407	258	117	0.25	1.0	admixture	mlthmm_derived	Opisthocomus_hoazin	025	N275	N192	7884767.073170733
976	374	109	41	0.1	1.0	admixture	dtohmm_ancestral	Caprimulgiformes1	025	N220	N202	109370.73170731709
814	536	98	52	0.1	1.0	admixture	phlag_dto_eap01_ena4_esp001_ex_ancestral	Caprimulgiformes1	025	N220	N202	0.08640753477811813
764	586	141	9	0.1	1.0	admixture	pbphmm_derived	Caprimulgiformes1	025	N220	N202	109370.73170731709
1125	225	150	0	0.1	1.0	admixture	phlag_dto_eap01_ena4_esp001_ex_derived	Caprimulgiformes1	025	N220	N202	0.08640753477811813
1350	0	150	0	0.1	1.0	admixture	pbphmm_ancestral	Caprimulgiformes1	025	N220	N202	109370.73170731709
1200	150	126	24	0.1	1.0	admixture	gqshmm_ex_derived	Caprimulgiformes1	025	N220	N202	109370.73170731709
982	368	112	38	0.1	1.0	admixture	gqshmm_ancestral	Caprimulgiformes1	025	N220	N202	109370.73170731709
841	509	83	67	0.1	1.0	admixture	gqshmm_derived	Caprimulgiformes1	025	N220	N202	109370.73170731709
708	642	67	83	0.1	1.0	admixture	cqshmm_ex_derived	Caprimulgiformes1	025	N220	N202	109370.73170731709
790	560	23	127	0.1	1.0	admixture	bcbhmm_derived	Caprimulgiformes1	025	N220	N202	109370.73170731709
1311	39	150	0	0.1	1.0	admixture	phlag_dto_eap01_ena4_esp001_ancestral	Caprimulgiformes1	025	N220	N202	0.08640753477811813
882	468	93	57	0.1	1.0	admixture	mlthmm_ex_derived	Caprimulgiformes1	025	N220	N202	109370.73170731709
972	378	110	40	0.1	1.0	admixture	mlthmm_ancestral	Caprimulgiformes1	025	N220	N202	109370.73170731709
783	567	82	68	0.1	1.0	admixture	dtohmm_ex_ancestral	Caprimulgiformes1	025	N220	N202	109370.73170731709
881	469	92	58	0.1	1.0	admixture	bcbhmm_ex_ancestral	Caprimulgiformes1	025	N220	N202	109370.73170731709
882	468	93	57	0.1	1.0	admixture	mlthmm_ex_ancestral	Caprimulgiformes1	025	N220	N202	109370.73170731709
736	614	75	75	0.1	1.0	admixture	bcbhmm_ex_derived	Caprimulgiformes1	025	N220	N202	109370.73170731709
793	557	85	65	0.1	1.0	admixture	dtohmm_ex_derived	Caprimulgiformes1	025	N220	N202	109370.73170731709
700	650	66	84	0.1	1.0	admixture	gqshmm_ex_ancestral	Caprimulgiformes1	025	N220	N202	109370.73170731709
1208	142	137	13	0.1	1.0	admixture	dtohmm_derived	Caprimulgiformes1	025	N220	N202	109370.73170731709
1279	71	144	6	0.1	1.0	admixture	bcbhmm_ancestral	Caprimulgiformes1	025	N220	N202	109370.73170731709
736	614	92	58	0.1	1.0	admixture	cqshmm_ex_ancestral	Caprimulgiformes1	025	N220	N202	109370.73170731709
1348	2	84	66	0.1	1.0	admixture	phlag_dto_eap01_ena4_esp001_derived	Caprimulgiformes1	025	N220	N202	0.08640753477811813
924	426	97	53	0.1	1.0	admixture	cqshmm_derived	Caprimulgiformes1	025	N220	N202	109370.73170731709
1324	26	148	2	0.1	1.0	admixture	pbphmm_ex_ancestral	Caprimulgiformes1	025	N220	N202	109370.73170731709
678	672	84	66	0.1	1.0	admixture	cqshmm_ancestral	Caprimulgiformes1	025	N220	N202	109370.73170731709
1081	269	119	31	0.1	1.0	admixture	gqshmm_ex	Caprimulgiformes1	025	N220	N202	109370.73170731709
1314	36	144	6	0.1	1.0	admixture	pbphmm_ex_derived	Caprimulgiformes1	025	N220	N202	109370.73170731709
814	536	114	36	0.1	1.0	admixture	mlthmm_derived	Caprimulgiformes1	025	N220	N202	109370.73170731709
924	351	160	65	0.15	1.0	admixture	dtohmm_ancestral	Caprimulgiformes1	025	N220	N202	109370.73170731709
1105	170	0	225	0.15	1.0	admixture	phlag_dto_eap01_ena4_esp001_ex_ancestral	Caprimulgiformes1	025	N220	N202	0.08208117634057999
817	458	62	163	0.15	1.0	admixture	pbphmm_derived	Caprimulgiformes1	025	N220	N202	109370.73170731709
1156	119	115	110	0.15	1.0	admixture	phlag_dto_eap01_ena4_esp001_ex_derived	Caprimulgiformes1	025	N220	N202	0.08208117634057999
1258	17	225	0	0.15	1.0	admixture	pbphmm_ancestral	Caprimulgiformes1	025	N220	N202	109370.73170731709
1131	144	189	36	0.15	1.0	admixture	gqshmm_ex_derived	Caprimulgiformes1	025	N220	N202	109370.73170731709
914	361	172	53	0.15	1.0	admixture	gqshmm_ancestral	Caprimulgiformes1	025	N220	N202	109370.73170731709
798	477	133	92	0.15	1.0	admixture	gqshmm_derived	Caprimulgiformes1	025	N220	N202	109370.73170731709
738	537	133	92	0.15	1.0	admixture	cqshmm_ex_derived	Caprimulgiformes1	025	N220	N202	109370.73170731709
698	577	92	133	0.15	1.0	admixture	bcbhmm_derived	Caprimulgiformes1	025	N220	N202	109370.73170731709
1187	88	163	62	0.15	1.0	admixture	phlag_dto_eap01_ena4_esp001_ancestral	Caprimulgiformes1	025	N220	N202	0.08208117634057999
827	448	147	78	0.15	1.0	admixture	mlthmm_ex_derived	Caprimulgiformes1	025	N220	N202	109370.73170731709
929	346	172	53	0.15	1.0	admixture	mlthmm_ancestral	Caprimulgiformes1	025	N220	N202	109370.73170731709
734	541	134	91	0.15	1.0	admixture	dtohmm_ex_ancestral	Caprimulgiformes1	025	N220	N202	109370.73170731709
874	401	170	55	0.15	1.0	admixture	bcbhmm_ex_ancestral	Caprimulgiformes1	025	N220	N202	109370.73170731709
827	448	147	78	0.15	1.0	admixture	mlthmm_ex_ancestral	Caprimulgiformes1	025	N220	N202	109370.73170731709
691	584	125	100	0.15	1.0	admixture	bcbhmm_ex_derived	Caprimulgiformes1	025	N220	N202	109370.73170731709
736	539	133	92	0.15	1.0	admixture	dtohmm_ex_derived	Caprimulgiformes1	025	N220	N202	109370.73170731709
967	308	179	46	0.15	1.0	admixture	gqshmm_ex_ancestral	Caprimulgiformes1	025	N220	N202	109370.73170731709
685	590	86	139	0.15	1.0	admixture	dtohmm_derived	Caprimulgiformes1	025	N220	N202	109370.73170731709
996	279	169	56	0.15	1.0	admixture	bcbhmm_ancestral	Caprimulgiformes1	025	N220	N202	109370.73170731709
668	607	118	107	0.15	1.0	admixture	cqshmm_ex_ancestral	Caprimulgiformes1	025	N220	N202	109370.73170731709
1126	149	156	69	0.15	1.0	admixture	phlag_dto_eap01_ena4_esp001_derived	Caprimulgiformes1	025	N220	N202	0.08208117634057999
767	508	128	97	0.15	1.0	admixture	cqshmm_derived	Caprimulgiformes1	025	N220	N202	109370.73170731709
1252	23	223	2	0.15	1.0	admixture	pbphmm_ex_ancestral	Caprimulgiformes1	025	N220	N202	109370.73170731709
864	411	118	107	0.15	1.0	admixture	cqshmm_ancestral	Caprimulgiformes1	025	N220	N202	109370.73170731709
1018	257	183	42	0.15	1.0	admixture	gqshmm_ex	Caprimulgiformes1	025	N220	N202	109370.73170731709
1252	23	223	2	0.15	1.0	admixture	pbphmm_ex_derived	Caprimulgiformes1	025	N220	N202	109370.73170731709
709	566	150	75	0.15	1.0	admixture	mlthmm_derived	Caprimulgiformes1	025	N220	N202	109370.73170731709
727	548	131	94	0.15	1.0	admixture	dtohmm_ancestral	Falconiformes	050	Accipitriformes	N717	3730895.12195122
793	482	225	0	0.15	1.0	admixture	phlag_dto_eap01_ena4_esp001_ex_ancestral	Falconiformes	050	Accipitriformes	N717	6.376978874206543
1275	0	225	0	0.15	1.0	admixture	pbphmm_derived	Falconiformes	050	Accipitriformes	N717	3730895.12195122
1078	197	225	0	0.15	1.0	admixture	phlag_dto_eap01_ena4_esp001_ex_derived	Falconiformes	050	Accipitriformes	N717	6.376978874206543
1147	128	216	9	0.15	1.0	admixture	pbphmm_ancestral	Falconiformes	050	Accipitriformes	N717	3730895.12195122
1273	2	225	0	0.15	1.0	admixture	gqshmm_ex_derived	Falconiformes	050	Accipitriformes	N717	3730895.12195122
754	521	136	89	0.15	1.0	admixture	gqshmm_ancestral	Falconiformes	050	Accipitriformes	N717	3730895.12195122
1275	0	225	0	0.15	1.0	admixture	gqshmm_derived	Falconiformes	050	Accipitriformes	N717	3730895.12195122
828	447	162	63	0.15	1.0	admixture	cqshmm_ex_derived	Falconiformes	050	Accipitriformes	N717	3730895.12195122
1275	0	225	0	0.15	1.0	admixture	bcbhmm_derived	Falconiformes	050	Accipitriformes	N717	3730895.12195122
1024	251	216	9	0.15	1.0	admixture	phlag_dto_eap01_ena4_esp001_ancestral	Falconiformes	050	Accipitriformes	N717	6.376978874206543
645	630	122	103	0.15	1.0	admixture	mlthmm_ex_derived	Falconiformes	050	Accipitriformes	N717	3730895.12195122
1243	32	211	14	0.15	1.0	admixture	mlthmm_ancestral	Falconiformes	050	Accipitriformes	N717	3730895.12195122
744	531	118	107	0.15	1.0	admixture	dtohmm_ex_ancestral	Falconiformes	050	Accipitriformes	N717	3730895.12195122
899	376	158	67	0.15	1.0	admixture	bcbhmm_ex_ancestral	Falconiformes	050	Accipitriformes	N717	3730895.12195122
742	533	143	82	0.15	1.0	admixture	mlthmm_ex_ancestral	Falconiformes	050	Accipitriformes	N717	3730895.12195122
651	624	124	101	0.15	1.0	admixture	bcbhmm_ex_derived	Falconiformes	050	Accipitriformes	N717	3730895.12195122
699	576	134	91	0.15	1.0	admixture	dtohmm_ex_derived	Falconiformes	050	Accipitriformes	N717	3730895.12195122
936	339	149	76	0.15	1.0	admixture	gqshmm_ex_ancestral	Falconiformes	050	Accipitriformes	N717	3730895.12195122
1275	0	225	0	0.15	1.0	admixture	dtohmm_derived	Falconiformes	050	Accipitriformes	N717	3730895.12195122
1041	234	177	48	0.15	1.0	admixture	bcbhmm_ancestral	Falconiformes	050	Accipitriformes	N717	3730895.12195122
694	581	98	127	0.15	1.0	admixture	cqshmm_ex_ancestral	Falconiformes	050	Accipitriformes	N717	3730895.12195122
1275	0	225	0	0.15	1.0	admixture	phlag_dto_eap01_ena4_esp001_derived	Falconiformes	050	Accipitriformes	N717	6.376978874206543
1275	0	225	0	0.15	1.0	admixture	cqshmm_derived	Falconiformes	050	Accipitriformes	N717	3730895.12195122
993	282	174	51	0.15	1.0	admixture	pbphmm_ex_ancestral	Falconiformes	050	Accipitriformes	N717	3730895.12195122
660	615	103	122	0.15	1.0	admixture	cqshmm_ancestral	Falconiformes	050	Accipitriformes	N717	3730895.12195122
1273	2	225	0	0.15	1.0	admixture	gqshmm_ex	Falconiformes	050	Accipitriformes	N717	3730895.12195122
1059	216	183	42	0.15	1.0	admixture	pbphmm_ex_derived	Falconiformes	050	Accipitriformes	N717	3730895.12195122
1275	0	225	0	0.15	1.0	admixture	mlthmm_derived	Falconiformes	050	Accipitriformes	N717	3730895.12195122
482	718	300	0	0.2	1.0	admixture	dtohmm_ancestral	N546	025	N532	N567	63752.439024390245
1169	31	0	300	0.2	1.0	admixture	phlag_dto_eap01_ena4_esp001_ex_ancestral	N546	025	N532	N567	0.33277037739753723
616	584	263	37	0.2	1.0	admixture	pbphmm_derived	N546	025	N532	N567	63752.439024390245
1200	0	0	300	0.2	1.0	admixture	phlag_dto_eap01_ena4_esp001_ex_derived	N546	025	N532	N567	0.33277037739753723
1200	0	10	290	0.2	1.0	admixture	pbphmm_ancestral	N546	025	N532	N567	63752.439024390245
1003	197	276	24	0.2	1.0	admixture	gqshmm_ex_derived	N546	025	N532	N567	63752.439024390245
1133	67	282	18	0.2	1.0	admixture	gqshmm_ancestral	N546	025	N532	N567	63752.439024390245
722	478	115	185	0.2	1.0	admixture	gqshmm_derived	N546	025	N532	N567	63752.439024390245
1033	167	7	293	0.2	1.0	admixture	cqshmm_ex_derived	N546	025	N532	N567	63752.439024390245
1200	0	3	297	0.2	1.0	admixture	bcbhmm_derived	N546	025	N532	N567	63752.439024390245
1119	81	0	300	0.2	1.0	admixture	phlag_dto_eap01_ena4_esp001_ancestral	N546	025	N532	N567	0.33277037739753723
708	492	256	44	0.2	1.0	admixture	mlthmm_ex_derived	N546	025	N532	N567	63752.439024390245
1189	11	300	0	0.2	1.0	admixture	mlthmm_ancestral	N546	025	N532	N567	63752.439024390245
1059	141	261	39	0.2	1.0	admixture	dtohmm_ex_ancestral	N546	025	N532	N567	63752.439024390245
1127	73	273	27	0.2	1.0	admixture	bcbhmm_ex_ancestral	N546	025	N532	N567	63752.439024390245
1036	164	251	49	0.2	1.0	admixture	mlthmm_ex_ancestral	N546	025	N532	N567	63752.439024390245
678	522	177	123	0.2	1.0	admixture	bcbhmm_ex_derived	N546	025	N532	N567	63752.439024390245
1200	0	0	300	0.2	1.0	admixture	dtohmm_ex_derived	N546	025	N532	N567	63752.439024390245
1200	0	300	0	0.2	1.0	admixture	gqshmm_ex_ancestral	N546	025	N532	N567	63752.439024390245
1200	0	2	298	0.2	1.0	admixture	dtohmm_derived	N546	025	N532	N567	63752.439024390245
1197	3	297	3	0.2	1.0	admixture	bcbhmm_ancestral	N546	025	N532	N567	63752.439024390245
964	236	163	137	0.2	1.0	admixture	cqshmm_ex_ancestral	N546	025	N532	N567	63752.439024390245
1200	0	2	298	0.2	1.0	admixture	phlag_dto_eap01_ena4_esp001_derived	N546	025	N532	N567	0.33277037739753723
1194	6	0	300	0.2	1.0	admixture	cqshmm_derived	N546	025	N532	N567	63752.439024390245
924	276	35	265	0.2	1.0	admixture	pbphmm_ex_ancestral	N546	025	N532	N567	63752.439024390245
1170	30	1	299	0.2	1.0	admixture	cqshmm_ancestral	N546	025	N532	N567	63752.439024390245
1003	197	276	24	0.2	1.0	admixture	gqshmm_ex	N546	025	N532	N567	63752.439024390245
1200	0	7	293	0.2	1.0	admixture	pbphmm_ex_derived	N546	025	N532	N567	63752.439024390245
1169	31	188	112	0.2	1.0	admixture	mlthmm_derived	N546	025	N532	N567	63752.439024390245
1062	138	256	44	0.2	1.0	admixture	dtohmm_ancestral	Musophagiformes	025	N83	N118	4752782.926829269
793	407	206	94	0.2	1.0	admixture	phlag_dto_eap01_ena4_esp001_ex_ancestral	Musophagiformes	025	N83	N118	6.325979709625244
1200	0	300	0	0.2	1.0	admixture	pbphmm_derived	Musophagiformes	025	N83	N118	4752782.926829269
1200	0	300	0	0.2	1.0	admixture	phlag_dto_eap01_ena4_esp001_ex_derived	Musophagiformes	025	N83	N118	6.325979709625244
1200	0	300	0	0.2	1.0	admixture	pbphmm_ancestral	Musophagiformes	025	N83	N118	4752782.926829269
1180	20	297	3	0.2	1.0	admixture	gqshmm_ex_derived	Musophagiformes	025	N83	N118	4752782.926829269
612	588	148	152	0.2	1.0	admixture	gqshmm_ancestral	Musophagiformes	025	N83	N118	4752782.926829269
1200	0	300	0	0.2	1.0	admixture	gqshmm_derived	Musophagiformes	025	N83	N118	4752782.926829269
794	406	206	94	0.2	1.0	admixture	cqshmm_ex_derived	Musophagiformes	025	N83	N118	4752782.926829269
1200	0	300	0	0.2	1.0	admixture	bcbhmm_derived	Musophagiformes	025	N83	N118	4752782.926829269
924	276	300	0	0.2	1.0	admixture	phlag_dto_eap01_ena4_esp001_ancestral	Musophagiformes	025	N83	N118	6.325979709625244
654	546	153	147	0.2	1.0	admixture	mlthmm_ex_derived	Musophagiformes	025	N83	N118	4752782.926829269
903	297	229	71	0.2	1.0	admixture	mlthmm_ancestral	Musophagiformes	025	N83	N118	4752782.926829269
981	219	245	55	0.2	1.0	admixture	dtohmm_ex_ancestral	Musophagiformes	025	N83	N118	4752782.926829269
700	500	171	129	0.2	1.0	admixture	bcbhmm_ex_ancestral	Musophagiformes	025	N83	N118	4752782.926829269
793	407	206	94	0.2	1.0	admixture	mlthmm_ex_ancestral	Musophagiformes	025	N83	N118	4752782.926829269
701	499	164	136	0.2	1.0	admixture	bcbhmm_ex_derived	Musophagiformes	025	N83	N118	4752782.926829269
748	452	177	123	0.2	1.0	admixture	dtohmm_ex_derived	Musophagiformes	025	N83	N118	4752782.926829269
1197	3	299	1	0.2	1.0	admixture	gqshmm_ex_ancestral	Musophagiformes	025	N83	N118	4752782.926829269
1200	0	300	0	0.2	1.0	admixture	dtohmm_derived	Musophagiformes	025	N83	N118	4752782.926829269
885	315	226	74	0.2	1.0	admixture	bcbhmm_ancestral	Musophagiformes	025	N83	N118	4752782.926829269
659	541	155	145	0.2	1.0	admixture	cqshmm_ex_ancestral	Musophagiformes	025	N83	N118	4752782.926829269
1200	0	300	0	0.2	1.0	admixture	phlag_dto_eap01_ena4_esp001_derived	Musophagiformes	025	N83	N118	6.325979709625244
1200	0	300	0	0.2	1.0	admixture	cqshmm_derived	Musophagiformes	025	N83	N118	4752782.926829269
1171	29	292	8	0.2	1.0	admixture	pbphmm_ex_ancestral	Musophagiformes	025	N83	N118	4752782.926829269
858	342	219	81	0.2	1.0	admixture	cqshmm_ancestral	Musophagiformes	025	N83	N118	4752782.926829269
1180	20	297	3	0.2	1.0	admixture	gqshmm_ex	Musophagiformes	025	N83	N118	4752782.926829269
1186	14	298	2	0.2	1.0	admixture	pbphmm_ex_derived	Musophagiformes	025	N83	N118	4752782.926829269
1200	0	300	0	0.2	1.0	admixture	mlthmm_derived	Musophagiformes	025	N83	N118	4752782.926829269
1470	0	30	0	0.02	1.0	admixture	dtohmm_ancestral	Falconiformes	050	Cariamiformes	Psittaciformes	3730895.12195122
1470	0	30	0	0.02	1.0	admixture	pbphmm_derived	Falconiformes	050	Cariamiformes	Psittaciformes	3730895.12195122
1470	0	30	0	0.02	1.0	admixture	phlag_dto_eap01_ena4_esp001_ex_derived	Falconiformes	050	Cariamiformes	Psittaciformes	6.3575029373168945
1470	0	30	0	0.02	1.0	admixture	pbphmm_ancestral	Falconiformes	050	Cariamiformes	Psittaciformes	3730895.12195122
1468	2	30	0	0.02	1.0	admixture	gqshmm_ex_derived	Falconiformes	050	Cariamiformes	Psittaciformes	3730895.12195122
1470	0	30	0	0.02	1.0	admixture	gqshmm_ancestral	Falconiformes	050	Cariamiformes	Psittaciformes	3730895.12195122
1470	0	30	0	0.02	1.0	admixture	gqshmm_derived	Falconiformes	050	Cariamiformes	Psittaciformes	3730895.12195122
873	597	13	17	0.02	1.0	admixture	cqshmm_ex_derived	Falconiformes	050	Cariamiformes	Psittaciformes	3730895.12195122
1470	0	30	0	0.02	1.0	admixture	bcbhmm_derived	Falconiformes	050	Cariamiformes	Psittaciformes	3730895.12195122
745	725	16	14	0.02	1.0	admixture	mlthmm_ex_derived	Falconiformes	050	Cariamiformes	Psittaciformes	3730895.12195122
1470	0	30	0	0.02	1.0	admixture	mlthmm_ancestral	Falconiformes	050	Cariamiformes	Psittaciformes	3730895.12195122
1042	428	23	7	0.02	1.0	admixture	dtohmm_ex_ancestral	Falconiformes	050	Cariamiformes	Psittaciformes	3730895.12195122
1044	426	24	6	0.02	1.0	admixture	bcbhmm_ex_ancestral	Falconiformes	050	Cariamiformes	Psittaciformes	3730895.12195122
853	617	19	11	0.02	1.0	admixture	mlthmm_ex_ancestral	Falconiformes	050	Cariamiformes	Psittaciformes	3730895.12195122
753	717	16	14	0.02	1.0	admixture	bcbhmm_ex_derived	Falconiformes	050	Cariamiformes	Psittaciformes	3730895.12195122
793	677	18	12	0.02	1.0	admixture	dtohmm_ex_derived	Falconiformes	050	Cariamiformes	Psittaciformes	3730895.12195122
976	494	9	21	0.02	1.0	admixture	gqshmm_ex_ancestral	Falconiformes	050	Cariamiformes	Psittaciformes	3730895.12195122
1470	0	30	0	0.02	1.0	admixture	dtohmm_derived	Falconiformes	050	Cariamiformes	Psittaciformes	3730895.12195122
1470	0	30	0	0.02	1.0	admixture	bcbhmm_ancestral	Falconiformes	050	Cariamiformes	Psittaciformes	3730895.12195122
1035	435	24	6	0.02	1.0	admixture	cqshmm_ex_ancestral	Falconiformes	050	Cariamiformes	Psittaciformes	3730895.12195122
1470	0	30	0	0.02	1.0	admixture	phlag_dto_eap01_ena4_esp001_derived	Falconiformes	050	Cariamiformes	Psittaciformes	6.3575029373168945
1470	0	30	0	0.02	1.0	admixture	cqshmm_derived	Falconiformes	050	Cariamiformes	Psittaciformes	3730895.12195122
1143	327	20	10	0.02	1.0	admixture	pbphmm_ex_ancestral	Falconiformes	050	Cariamiformes	Psittaciformes	3730895.12195122
1470	0	30	0	0.02	1.0	admixture	cqshmm_ancestral	Falconiformes	050	Cariamiformes	Psittaciformes	3730895.12195122
1409	61	30	0	0.02	1.0	admixture	pbphmm_ex_derived	Falconiformes	050	Cariamiformes	Psittaciformes	3730895.12195122
1470	0	30	0	0.02	1.0	admixture	mlthmm_derived	Falconiformes	050	Cariamiformes	Psittaciformes	3730895.12195122
1350	0	0	150	0.1	1.0	admixture	dtohmm_ancestral	N125	025	Cuculiformes	Charadriiformes	1965924.3902439028
1350	0	0	150	0.1	1.0	admixture	phlag_dto_eap01_ena4_esp001_ex_ancestral	N125	025	Cuculiformes	Charadriiformes	5.065239429473877
1350	0	150	0	0.1	1.0	admixture	pbphmm_derived	N125	025	Cuculiformes	Charadriiformes	1965924.3902439028
1350	0	0	150	0.1	1.0	admixture	phlag_dto_eap01_ena4_esp001_ex_derived	N125	025	Cuculiformes	Charadriiformes	5.065239429473877
1333	17	0	150	0.1	1.0	admixture	pbphmm_ancestral	N125	025	Cuculiformes	Charadriiformes	1965924.3902439028
1350	0	150	0	0.1	1.0	admixture	gqshmm_ex_derived	N125	025	Cuculiformes	Charadriiformes	1965924.3902439028
1350	0	150	0	0.1	1.0	admixture	gqshmm_ancestral	N125	025	Cuculiformes	Charadriiformes	1965924.3902439028
1345	5	150	0	0.1	1.0	admixture	gqshmm_derived	N125	025	Cuculiformes	Charadriiformes	1965924.3902439028
1342	8	149	1	0.1	1.0	admixture	cqshmm_ex_derived	N125	025	Cuculiformes	Charadriiformes	1965924.3902439028
1350	0	150	0	0.1	1.0	admixture	bcbhmm_derived	N125	025	Cuculiformes	Charadriiformes	1965924.3902439028
1347	3	0	150	0.1	1.0	admixture	phlag_dto_eap01_ena4_esp001_ancestral	N125	025	Cuculiformes	Charadriiformes	5.065239429473877
1350	0	0	150	0.1	1.0	admixture	mlthmm_ex_derived	N125	025	Cuculiformes	Charadriiformes	1965924.3902439028
1350	0	150	0	0.1	1.0	admixture	mlthmm_ancestral	N125	025	Cuculiformes	Charadriiformes	1965924.3902439028
1350	0	0	150	0.1	1.0	admixture	dtohmm_ex_ancestral	N125	025	Cuculiformes	Charadriiformes	1965924.3902439028
1350	0	0	150	0.1	1.0	admixture	bcbhmm_ex_ancestral	N125	025	Cuculiformes	Charadriiformes	1965924.3902439028
860	490	101	49	0.1	1.0	admixture	mlthmm_ex_ancestral	N125	025	Cuculiformes	Charadriiformes	1965924.3902439028
1350	0	0	150	0.1	1.0	admixture	bcbhmm_ex_derived	N125	025	Cuculiformes	Charadriiformes	1965924.3902439028
1350	0	0	150	0.1	1.0	admixture	dtohmm_ex_derived	N125	025	Cuculiformes	Charadriiformes	1965924.3902439028
1350	0	150	0	0.1	1.0	admixture	gqshmm_ex_ancestral	N125	025	Cuculiformes	Charadriiformes	1965924.3902439028
1350	0	150	0	0.1	1.0	admixture	dtohmm_derived	N125	025	Cuculiformes	Charadriiformes	1965924.3902439028
1350	0	1	149	0.1	1.0	admixture	bcbhmm_ancestral	N125	025	Cuculiformes	Charadriiformes	1965924.3902439028
1350	0	0	150	0.1	1.0	admixture	cqshmm_ex_ancestral	N125	025	Cuculiformes	Charadriiformes	1965924.3902439028
1350	0	150	0	0.1	1.0	admixture	phlag_dto_eap01_ena4_esp001_derived	N125	025	Cuculiformes	Charadriiformes	5.065239429473877
1350	0	150	0	0.1	1.0	admixture	cqshmm_derived	N125	025	Cuculiformes	Charadriiformes	1965924.3902439028
1350	0	0	150	0.1	1.0	admixture	pbphmm_ex_ancestral	N125	025	Cuculiformes	Charadriiformes	1965924.3902439028
1342	8	0	150	0.1	1.0	admixture	cqshmm_ancestral	N125	025	Cuculiformes	Charadriiformes	1965924.3902439028
1350	0	150	0	0.1	1.0	admixture	gqshmm_ex	N125	025	Cuculiformes	Charadriiformes	1965924.3902439028
1350	0	0	150	0.1	1.0	admixture	pbphmm_ex_derived	N125	025	Cuculiformes	Charadriiformes	1965924.3902439028
1350	0	150	0	0.1	1.0	admixture	mlthmm_derived	N125	025	Cuculiformes	Charadriiformes	1965924.3902439028
1009	416	51	24	0.05	1.0	admixture	dtohmm_ancestral	Strigiformes	050	N349	N299	945508.536585366
967	458	47	28	0.05	1.0	admixture	phlag_dto_eap01_ena4_esp001_ex_ancestral	Strigiformes	050	N349	N299	1.7120662927627563
1425	0	75	0	0.05	1.0	admixture	pbphmm_derived	Strigiformes	050	N349	N299	945508.536585366
863	562	75	0	0.05	1.0	admixture	phlag_dto_eap01_ena4_esp001_ex_derived	Strigiformes	050	N349	N299	1.7120662927627563
1321	104	75	0	0.05	1.0	admixture	pbphmm_ancestral	Strigiformes	050	N349	N299	945508.536585366
1422	3	75	0	0.05	1.0	admixture	gqshmm_ex_derived	Strigiformes	050	N349	N299	945508.536585366
861	564	49	26	0.05	1.0	admixture	gqshmm_ancestral	Strigiformes	050	N349	N299	945508.536585366
1166	259	58	17	0.05	1.0	admixture	gqshmm_derived	Strigiformes	050	N349	N299	945508.536585366
1017	408	49	26	0.05	1.0	admixture	cqshmm_ex_derived	Strigiformes	050	N349	N299	945508.536585366
729	696	75	0	0.05	1.0	admixture	bcbhmm_derived	Strigiformes	050	N349	N299	945508.536585366
1295	130	75	0	0.05	1.0	admixture	phlag_dto_eap01_ena4_esp001_ancestral	Strigiformes	050	N349	N299	1.7120662927627563
749	676	39	36	0.05	1.0	admixture	mlthmm_ex_derived	Strigiformes	050	N349	N299	945508.536585366
826	599	40	35	0.05	1.0	admixture	mlthmm_ancestral	Strigiformes	050	N349	N299	945508.536585366
951	474	50	25	0.05	1.0	admixture	dtohmm_ex_ancestral	Strigiformes	050	N349	N299	945508.536585366
752	673	36	39	0.05	1.0	admixture	bcbhmm_ex_ancestral	Strigiformes	050	N349	N299	945508.536585366
933	492	53	22	0.05	1.0	admixture	mlthmm_ex_ancestral	Strigiformes	050	N349	N299	945508.536585366
1033	392	48	27	0.05	1.0	admixture	bcbhmm_ex_derived	Strigiformes	050	N349	N299	945508.536585366
991	434	50	25	0.05	1.0	admixture	dtohmm_ex_derived	Strigiformes	050	N349	N299	945508.536585366
1136	289	56	19	0.05	1.0	admixture	gqshmm_ex_ancestral	Strigiformes	050	N349	N299	945508.536585366
1344	81	65	10	0.05	1.0	admixture	dtohmm_derived	Strigiformes	050	N349	N299	945508.536585366
1050	375	58	17	0.05	1.0	admixture	bcbhmm_ancestral	Strigiformes	050	N349	N299	945508.536585366
749	676	35	40	0.05	1.0	admixture	cqshmm_ex_ancestral	Strigiformes	050	N349	N299	945508.536585366
1017	408	75	0	0.05	1.0	admixture	phlag_dto_eap01_ena4_esp001_derived	Strigiformes	050	N349	N299	1.7120662927627563
926	499	24	51	0.05	1.0	admixture	cqshmm_derived	Strigiformes	050	N349	N299	945508.536585366
1390	35	74	1	0.05	1.0	admixture	pbphmm_ex_ancestral	Strigiformes	050	N349	N299	945508.536585366
818	607	45	30	0.05	1.0	admixture	cqshmm_ancestral	Strigiformes	050	N349	N299	945508.536585366
1422	3	75	0	0.05	1.0	admixture	gqshmm_ex	Strigiformes	050	N349	N299	945508.536585366
1404	21	73	2	0.05	1.0	admixture	pbphmm_ex_derived	Strigiformes	050	N349	N299	945508.536585366
1330	95	67	8	0.05	1.0	admixture	mlthmm_derived	Strigiformes	050	N349	N299	945508.536585366
728	472	179	121	0.2	1.0	admixture	dtohmm_ancestral	Caprimulgiformes1	025	N220	N202	109370.73170731709
635	565	168	132	0.2	1.0	admixture	phlag_dto_eap01_ena4_esp001_ex_ancestral	Caprimulgiformes1	025	N220	N202	0.08136167377233505
679	521	82	218	0.2	1.0	admixture	pbphmm_derived	Caprimulgiformes1	025	N220	N202	109370.73170731709
978	222	300	0	0.2	1.0	admixture	phlag_dto_eap01_ena4_esp001_ex_derived	Caprimulgiformes1	025	N220	N202	0.08136167377233505
1200	0	300	0	0.2	1.0	admixture	pbphmm_ancestral	Caprimulgiformes1	025	N220	N202	109370.73170731709
1063	137	252	48	0.2	1.0	admixture	gqshmm_ex_derived	Caprimulgiformes1	025	N220	N202	109370.73170731709
862	338	220	80	0.2	1.0	admixture	gqshmm_ancestral	Caprimulgiformes1	025	N220	N202	109370.73170731709
747	453	179	121	0.2	1.0	admixture	gqshmm_derived	Caprimulgiformes1	025	N220	N202	109370.73170731709
807	393	203	97	0.2	1.0	admixture	cqshmm_ex_derived	Caprimulgiformes1	025	N220	N202	109370.73170731709
731	469	206	94	0.2	1.0	admixture	bcbhmm_derived	Caprimulgiformes1	025	N220	N202	109370.73170731709
1166	34	172	128	0.2	1.0	admixture	phlag_dto_eap01_ena4_esp001_ancestral	Caprimulgiformes1	025	N220	N202	0.08136167377233505
787	413	196	104	0.2	1.0	admixture	mlthmm_ex_derived	Caprimulgiformes1	025	N220	N202	109370.73170731709
891	309	238	62	0.2	1.0	admixture	mlthmm_ancestral	Caprimulgiformes1	025	N220	N202	109370.73170731709
697	503	176	124	0.2	1.0	admixture	dtohmm_ex_ancestral	Caprimulgiformes1	025	N220	N202	109370.73170731709
784	416	196	104	0.2	1.0	admixture	bcbhmm_ex_ancestral	Caprimulgiformes1	025	N220	N202	109370.73170731709
835	365	198	102	0.2	1.0	admixture	mlthmm_ex_ancestral	Caprimulgiformes1	025	N220	N202	109370.73170731709
1011	189	246	54	0.2	1.0	admixture	bcbhmm_ex_derived	Caprimulgiformes1	025	N220	N202	109370.73170731709
707	493	181	119	0.2	1.0	admixture	dtohmm_ex_derived	Caprimulgiformes1	025	N220	N202	109370.73170731709
921	279	229	71	0.2	1.0	admixture	gqshmm_ex_ancestral	Caprimulgiformes1	025	N220	N202	109370.73170731709
968	232	212	88	0.2	1.0	admixture	dtohmm_derived	Caprimulgiformes1	025	N220	N202	109370.73170731709
776	424	190	110	0.2	1.0	admixture	bcbhmm_ancestral	Caprimulgiformes1	025	N220	N202	109370.73170731709
693	507	168	132	0.2	1.0	admixture	cqshmm_ex_ancestral	Caprimulgiformes1	025	N220	N202	109370.73170731709
1199	1	234	66	0.2	1.0	admixture	phlag_dto_eap01_ena4_esp001_derived	Caprimulgiformes1	025	N220	N202	0.08136167377233505
649	551	125	175	0.2	1.0	admixture	cqshmm_derived	Caprimulgiformes1	025	N220	N202	109370.73170731709
1177	23	297	3	0.2	1.0	admixture	pbphmm_ex_ancestral	Caprimulgiformes1	025	N220	N202	109370.73170731709
666	534	166	134	0.2	1.0	admixture	cqshmm_ancestral	Caprimulgiformes1	025	N220	N202	109370.73170731709
927	273	240	60	0.2	1.0	admixture	gqshmm_ex	Caprimulgiformes1	025	N220	N202	109370.73170731709
1168	32	293	7	0.2	1.0	admixture	pbphmm_ex_derived	Caprimulgiformes1	025	N220	N202	109370.73170731709
734	466	216	84	0.2	1.0	admixture	mlthmm_derived	Caprimulgiformes1	025	N220	N202	109370.73170731709
958	242	260	40	0.2	1.0	admixture	dtohmm_ancestral	N689	050	N657	N672	91779.26829268293
1161	39	20	280	0.2	1.0	admixture	phlag_dto_eap01_ena4_esp001_ex_ancestral	N689	050	N657	N672	0.45051026344299316
717	483	205	95	0.2	1.0	admixture	pbphmm_derived	N689	050	N657	N672	91779.26829268293
1146	54	0	300	0.2	1.0	admixture	phlag_dto_eap01_ena4_esp001_ex_derived	N689	050	N657	N672	0.45051026344299316
642	558	154	146	0.2	1.0	admixture	pbphmm_ancestral	N689	050	N657	N672	91779.26829268293
806	394	202	98	0.2	1.0	admixture	gqshmm_ex_derived	N689	050	N657	N672	91779.26829268293
1169	31	288	12	0.2	1.0	admixture	gqshmm_ancestral	N689	050	N657	N672	91779.26829268293
886	314	218	82	0.2	1.0	admixture	gqshmm_derived	N689	050	N657	N672	91779.26829268293
557	643	211	89	0.2	1.0	admixture	cqshmm_ex_derived	N689	050	N657	N672	91779.26829268293
1127	73	278	22	0.2	1.0	admixture	bcbhmm_derived	N689	050	N657	N672	91779.26829268293
1200	0	300	0	0.2	1.0	admixture	phlag_dto_eap01_ena4_esp001_ancestral	N689	050	N657	N672	0.45051026344299316
717	483	173	127	0.2	1.0	admixture	mlthmm_ex_derived	N689	050	N657	N672	91779.26829268293
1177	23	295	5	0.2	1.0	admixture	mlthmm_ancestral	N689	050	N657	N672	91779.26829268293
1137	63	111	189	0.2	1.0	admixture	dtohmm_ex_ancestral	N689	050	N657	N672	91779.26829268293
1098	102	275	25	0.2	1.0	admixture	bcbhmm_ex_ancestral	N689	050	N657	N672	91779.26829268293
1172	28	209	91	0.2	1.0	admixture	mlthmm_ex_ancestral	N689	050	N657	N672	91779.26829268293
901	299	236	64	0.2	1.0	admixture	bcbhmm_ex_derived	N689	050	N657	N672	91779.26829268293
709	491	174	126	0.2	1.0	admixture	dtohmm_ex_derived	N689	050	N657	N672	91779.26829268293
1159	41	285	15	0.2	1.0	admixture	gqshmm_ex_ancestral	N689	050	N657	N672	91779.26829268293
733	467	188	112	0.2	1.0	admixture	dtohmm_derived	N689	050	N657	N672	91779.26829268293
1197	3	299	1	0.2	1.0	admixture	bcbhmm_ancestral	N689	050	N657	N672	91779.26829268293
780	420	171	129	0.2	1.0	admixture	cqshmm_ex_ancestral	N689	050	N657	N672	91779.26829268293
1116	84	300	0	0.2	1.0	admixture	phlag_dto_eap01_ena4_esp001_derived	N689	050	N657	N672	0.45051026344299316
973	227	110	190	0.2	1.0	admixture	cqshmm_derived	N689	050	N657	N672	91779.26829268293
755	445	27	273	0.2	1.0	admixture	pbphmm_ex_ancestral	N689	050	N657	N672	91779.26829268293
1005	195	238	62	0.2	1.0	admixture	cqshmm_ancestral	N689	050	N657	N672	91779.26829268293
806	394	202	98	0.2	1.0	admixture	gqshmm_ex	N689	050	N657	N672	91779.26829268293
751	449	242	58	0.2	1.0	admixture	pbphmm_ex_derived	N689	050	N657	N672	91779.26829268293
712	488	173	127	0.2	1.0	admixture	mlthmm_derived	N689	050	N657	N672	91779.26829268293
1470	0	30	0	0.02	1.0	admixture	dtohmm_ancestral	N125	050	Cuculiformes	Charadriiformes	1965924.3902439028
1470	0	0	30	0.02	1.0	admixture	phlag_dto_eap01_ena4_esp001_ex_ancestral	N125	050	Cuculiformes	Charadriiformes	5.065239429473877
1470	0	30	0	0.02	1.0	admixture	pbphmm_derived	N125	050	Cuculiformes	Charadriiformes	1965924.3902439028
1470	0	0	30	0.02	1.0	admixture	phlag_dto_eap01_ena4_esp001_ex_derived	N125	050	Cuculiformes	Charadriiformes	5.065239429473877
1470	0	30	0	0.02	1.0	admixture	pbphmm_ancestral	N125	050	Cuculiformes	Charadriiformes	1965924.3902439028
1470	0	30	0	0.02	1.0	admixture	gqshmm_ex_derived	N125	050	Cuculiformes	Charadriiformes	1965924.3902439028
1470	0	30	0	0.02	1.0	admixture	gqshmm_ancestral	N125	050	Cuculiformes	Charadriiformes	1965924.3902439028
1465	5	30	0	0.02	1.0	admixture	gqshmm_derived	N125	050	Cuculiformes	Charadriiformes	1965924.3902439028
1469	1	0	30	0.02	1.0	admixture	cqshmm_ex_derived	N125	050	Cuculiformes	Charadriiformes	1965924.3902439028
1470	0	30	0	0.02	1.0	admixture	bcbhmm_derived	N125	050	Cuculiformes	Charadriiformes	1965924.3902439028
1470	0	30	0	0.02	1.0	admixture	phlag_dto_eap01_ena4_esp001_ancestral	N125	050	Cuculiformes	Charadriiformes	5.065239429473877
1155	315	30	0	0.02	1.0	admixture	mlthmm_ex_derived	N125	050	Cuculiformes	Charadriiformes	1965924.3902439028
1470	0	30	0	0.02	1.0	admixture	mlthmm_ancestral	N125	050	Cuculiformes	Charadriiformes	1965924.3902439028
814	656	18	12	0.02	1.0	admixture	dtohmm_ex_ancestral	N125	050	Cuculiformes	Charadriiformes	1965924.3902439028
1470	0	4	26	0.02	1.0	admixture	bcbhmm_ex_ancestral	N125	050	Cuculiformes	Charadriiformes	1965924.3902439028
916	554	6	24	0.02	1.0	admixture	mlthmm_ex_ancestral	N125	050	Cuculiformes	Charadriiformes	1965924.3902439028
1468	2	0	30	0.02	1.0	admixture	bcbhmm_ex_derived	N125	050	Cuculiformes	Charadriiformes	1965924.3902439028
1470	0	0	30	0.02	1.0	admixture	dtohmm_ex_derived	N125	050	Cuculiformes	Charadriiformes	1965924.3902439028
1183	287	30	0	0.02	1.0	admixture	gqshmm_ex_ancestral	N125	050	Cuculiformes	Charadriiformes	1965924.3902439028
1470	0	30	0	0.02	1.0	admixture	dtohmm_derived	N125	050	Cuculiformes	Charadriiformes	1965924.3902439028
1470	0	30	0	0.02	1.0	admixture	bcbhmm_ancestral	N125	050	Cuculiformes	Charadriiformes	1965924.3902439028
1394	76	0	30	0.02	1.0	admixture	cqshmm_ex_ancestral	N125	050	Cuculiformes	Charadriiformes	1965924.3902439028
1470	0	30	0	0.02	1.0	admixture	phlag_dto_eap01_ena4_esp001_derived	N125	050	Cuculiformes	Charadriiformes	5.065239429473877
1470	0	30	0	0.02	1.0	admixture	cqshmm_derived	N125	050	Cuculiformes	Charadriiformes	1965924.3902439028
1316	154	28	2	0.02	1.0	admixture	pbphmm_ex_ancestral	N125	050	Cuculiformes	Charadriiformes	1965924.3902439028
1470	0	30	0	0.02	1.0	admixture	cqshmm_ancestral	N125	050	Cuculiformes	Charadriiformes	1965924.3902439028
1470	0	30	0	0.02	1.0	admixture	gqshmm_ex	N125	050	Cuculiformes	Charadriiformes	1965924.3902439028
1470	0	0	30	0.02	1.0	admixture	pbphmm_ex_derived	N125	050	Cuculiformes	Charadriiformes	1965924.3902439028
1470	0	30	0	0.02	1.0	admixture	mlthmm_derived	N125	050	Cuculiformes	Charadriiformes	1965924.3902439028
847	578	46	29	0.05	1.0	admixture	dtohmm_ancestral	Opisthocomus_hoazin	050	N275	N192	7884767.073170733
1001	424	51	24	0.05	1.0	admixture	phlag_dto_eap01_ena4_esp001_ex_ancestral	Opisthocomus_hoazin	050	N275	N192	0.0
1425	0	75	0	0.05	1.0	admixture	pbphmm_derived	Opisthocomus_hoazin	050	N275	N192	7884767.073170733
1124	301	55	20	0.05	1.0	admixture	phlag_dto_eap01_ena4_esp001_ex_derived	Opisthocomus_hoazin	050	N275	N192	0.0
1416	9	75	0	0.05	1.0	admixture	pbphmm_ancestral	Opisthocomus_hoazin	050	N275	N192	7884767.073170733
935	490	52	23	0.05	1.0	admixture	gqshmm_ex_derived	Opisthocomus_hoazin	050	N275	N192	7884767.073170733
748	677	39	36	0.05	1.0	admixture	gqshmm_ancestral	Opisthocomus_hoazin	050	N275	N192	7884767.073170733
913	512	41	34	0.05	1.0	admixture	gqshmm_derived	Opisthocomus_hoazin	050	N275	N192	7884767.073170733
1022	403	53	22	0.05	1.0	admixture	cqshmm_ex_derived	Opisthocomus_hoazin	050	N275	N192	7884767.073170733
998	427	49	26	0.05	1.0	admixture	bcbhmm_derived	Opisthocomus_hoazin	050	N275	N192	7884767.073170733
1373	52	75	0	0.05	1.0	admixture	phlag_dto_eap01_ena4_esp001_ancestral	Opisthocomus_hoazin	050	N275	N192	0.0
1091	334	57	18	0.05	1.0	admixture	mlthmm_ex_derived	Opisthocomus_hoazin	050	N275	N192	7884767.073170733
769	656	41	34	0.05	1.0	admixture	mlthmm_ancestral	Opisthocomus_hoazin	050	N275	N192	7884767.073170733
904	521	46	29	0.05	1.0	admixture	dtohmm_ex_ancestral	Opisthocomus_hoazin	050	N275	N192	7884767.073170733
853	572	38	37	0.05	1.0	admixture	bcbhmm_ex_ancestral	Opisthocomus_hoazin	050	N275	N192	7884767.073170733
1010	415	52	23	0.05	1.0	admixture	mlthmm_ex_ancestral	Opisthocomus_hoazin	050	N275	N192	7884767.073170733
1090	335	59	16	0.05	1.0	admixture	bcbhmm_ex_derived	Opisthocomus_hoazin	050	N275	N192	7884767.073170733
1047	378	52	23	0.05	1.0	admixture	dtohmm_ex_derived	Opisthocomus_hoazin	050	N275	N192	7884767.073170733
1424	1	75	0	0.05	1.0	admixture	gqshmm_ex_ancestral	Opisthocomus_hoazin	050	N275	N192	7884767.073170733
948	477	45	30	0.05	1.0	admixture	dtohmm_derived	Opisthocomus_hoazin	050	N275	N192	7884767.073170733
850	575	46	29	0.05	1.0	admixture	bcbhmm_ancestral	Opisthocomus_hoazin	050	N275	N192	7884767.073170733
1003	422	49	26	0.05	1.0	admixture	cqshmm_ex_ancestral	Opisthocomus_hoazin	050	N275	N192	7884767.073170733
1182	243	75	0	0.05	1.0	admixture	phlag_dto_eap01_ena4_esp001_derived	Opisthocomus_hoazin	050	N275	N192	0.0
1307	118	61	14	0.05	1.0	admixture	cqshmm_derived	Opisthocomus_hoazin	050	N275	N192	7884767.073170733
1415	10	75	0	0.05	1.0	admixture	pbphmm_ex_ancestral	Opisthocomus_hoazin	050	N275	N192	7884767.073170733
1002	423	55	20	0.05	1.0	admixture	cqshmm_ancestral	Opisthocomus_hoazin	050	N275	N192	7884767.073170733
1339	86	69	6	0.05	1.0	admixture	pbphmm_ex_derived	Opisthocomus_hoazin	050	N275	N192	7884767.073170733
928	497	41	34	0.05	1.0	admixture	mlthmm_derived	Opisthocomus_hoazin	050	N275	N192	7884767.073170733
857	613	14	16	0.02	1.0	admixture	dtohmm_ancestral	Opisthocomus_hoazin	050	N275	N192	7884767.073170733
1036	434	22	8	0.02	1.0	admixture	phlag_dto_eap01_ena4_esp001_ex_ancestral	Opisthocomus_hoazin	050	N275	N192	0.0
1470	0	30	0	0.02	1.0	admixture	pbphmm_derived	Opisthocomus_hoazin	050	N275	N192	7884767.073170733
1161	309	23	7	0.02	1.0	admixture	phlag_dto_eap01_ena4_esp001_ex_derived	Opisthocomus_hoazin	050	N275	N192	0.0
1470	0	30	0	0.02	1.0	admixture	pbphmm_ancestral	Opisthocomus_hoazin	050	N275	N192	7884767.073170733
974	496	16	14	0.02	1.0	admixture	gqshmm_ex_derived	Opisthocomus_hoazin	050	N275	N192	7884767.073170733
781	689	17	13	0.02	1.0	admixture	gqshmm_ancestral	Opisthocomus_hoazin	050	N275	N192	7884767.073170733
942	528	16	14	0.02	1.0	admixture	gqshmm_derived	Opisthocomus_hoazin	050	N275	N192	7884767.073170733
1138	332	25	5	0.02	1.0	admixture	cqshmm_ex_derived	Opisthocomus_hoazin	050	N275	N192	7884767.073170733
1037	433	20	10	0.02	1.0	admixture	bcbhmm_derived	Opisthocomus_hoazin	050	N275	N192	7884767.073170733
1224	246	30	0	0.02	1.0	admixture	phlag_dto_eap01_ena4_esp001_ancestral	Opisthocomus_hoazin	050	N275	N192	0.0
1125	345	22	8	0.02	1.0	admixture	mlthmm_ex_derived	Opisthocomus_hoazin	050	N275	N192	7884767.073170733
794	676	16	14	0.02	1.0	admixture	mlthmm_ancestral	Opisthocomus_hoazin	050	N275	N192	7884767.073170733
765	705	19	11	0.02	1.0	admixture	dtohmm_ex_ancestral	Opisthocomus_hoazin	050	N275	N192	7884767.073170733
881	589	14	16	0.02	1.0	admixture	bcbhmm_ex_ancestral	Opisthocomus_hoazin	050	N275	N192	7884767.073170733
1040	430	22	8	0.02	1.0	admixture	mlthmm_ex_ancestral	Opisthocomus_hoazin	050	N275	N192	7884767.073170733
1123	347	24	6	0.02	1.0	admixture	bcbhmm_ex_derived	Opisthocomus_hoazin	050	N275	N192	7884767.073170733
1087	383	21	9	0.02	1.0	admixture	dtohmm_ex_derived	Opisthocomus_hoazin	050	N275	N192	7884767.073170733
1469	1	30	0	0.02	1.0	admixture	gqshmm_ex_ancestral	Opisthocomus_hoazin	050	N275	N192	7884767.073170733
915	555	18	12	0.02	1.0	admixture	dtohmm_derived	Opisthocomus_hoazin	050	N275	N192	7884767.073170733
877	593	18	12	0.02	1.0	admixture	bcbhmm_ancestral	Opisthocomus_hoazin	050	N275	N192	7884767.073170733
1002	468	22	8	0.02	1.0	admixture	cqshmm_ex_ancestral	Opisthocomus_hoazin	050	N275	N192	7884767.073170733
1227	243	30	0	0.02	1.0	admixture	phlag_dto_eap01_ena4_esp001_derived	Opisthocomus_hoazin	050	N275	N192	0.0
1345	125	30	0	0.02	1.0	admixture	cqshmm_derived	Opisthocomus_hoazin	050	N275	N192	7884767.073170733
1459	11	30	0	0.02	1.0	admixture	pbphmm_ex_ancestral	Opisthocomus_hoazin	050	N275	N192	7884767.073170733
1066	404	24	6	0.02	1.0	admixture	cqshmm_ancestral	Opisthocomus_hoazin	050	N275	N192	7884767.073170733
1379	91	28	2	0.02	1.0	admixture	pbphmm_ex_derived	Opisthocomus_hoazin	050	N275	N192	7884767.073170733
960	510	16	14	0.02	1.0	admixture	mlthmm_derived	Opisthocomus_hoazin	050	N275	N192	7884767.073170733
771	654	34	41	0.05	1.0	admixture	dtohmm_ancestral	Columbiformes	025	Mesitornis_unicolor	N93	4988273.170731708
1016	409	58	17	0.05	1.0	admixture	phlag_dto_eap01_ena4_esp001_ex_ancestral	Columbiformes	025	Mesitornis_unicolor	N93	6.908453941345215
1425	0	75	0	0.05	1.0	admixture	pbphmm_derived	Columbiformes	025	Mesitornis_unicolor	N93	4988273.170731708
1251	174	75	0	0.05	1.0	admixture	phlag_dto_eap01_ena4_esp001_ex_derived	Columbiformes	025	Mesitornis_unicolor	N93	6.908453941345215
1125	300	60	15	0.05	1.0	admixture	pbphmm_ancestral	Columbiformes	025	Mesitornis_unicolor	N93	4988273.170731708
861	564	57	18	0.05	1.0	admixture	gqshmm_ex_derived	Columbiformes	025	Mesitornis_unicolor	N93	4988273.170731708
719	706	44	31	0.05	1.0	admixture	gqshmm_ancestral	Columbiformes	025	Mesitornis_unicolor	N93	4988273.170731708
1425	0	75	0	0.05	1.0	admixture	gqshmm_derived	Columbiformes	025	Mesitornis_unicolor	N93	4988273.170731708
1012	413	54	21	0.05	1.0	admixture	cqshmm_ex_derived	Columbiformes	025	Mesitornis_unicolor	N93	4988273.170731708
1425	0	75	0	0.05	1.0	admixture	bcbhmm_derived	Columbiformes	025	Mesitornis_unicolor	N93	4988273.170731708
1331	94	75	0	0.05	1.0	admixture	phlag_dto_eap01_ena4_esp001_ancestral	Columbiformes	025	Mesitornis_unicolor	N93	6.908453941345215
1150	275	61	14	0.05	1.0	admixture	mlthmm_ex_derived	Columbiformes	025	Mesitornis_unicolor	N93	4988273.170731708
1035	390	51	24	0.05	1.0	admixture	mlthmm_ancestral	Columbiformes	025	Mesitornis_unicolor	N93	4988273.170731708
1131	294	59	16	0.05	1.0	admixture	dtohmm_ex_ancestral	Columbiformes	025	Mesitornis_unicolor	N93	4988273.170731708
831	594	40	35	0.05	1.0	admixture	bcbhmm_ex_ancestral	Columbiformes	025	Mesitornis_unicolor	N93	4988273.170731708
947	478	52	23	0.05	1.0	admixture	mlthmm_ex_ancestral	Columbiformes	025	Mesitornis_unicolor	N93	4988273.170731708
827	598	34	41	0.05	1.0	admixture	bcbhmm_ex_derived	Columbiformes	025	Mesitornis_unicolor	N93	4988273.170731708
949	476	54	21	0.05	1.0	admixture	dtohmm_ex_derived	Columbiformes	025	Mesitornis_unicolor	N93	4988273.170731708
1425	0	75	0	0.05	1.0	admixture	gqshmm_ex_ancestral	Columbiformes	025	Mesitornis_unicolor	N93	4988273.170731708
1425	0	75	0	0.05	1.0	admixture	dtohmm_derived	Columbiformes	025	Mesitornis_unicolor	N93	4988273.170731708
787	638	39	36	0.05	1.0	admixture	bcbhmm_ancestral	Columbiformes	025	Mesitornis_unicolor	N93	4988273.170731708
767	658	32	43	0.05	1.0	admixture	cqshmm_ex_ancestral	Columbiformes	025	Mesitornis_unicolor	N93	4988273.170731708
1425	0	75	0	0.05	1.0	admixture	phlag_dto_eap01_ena4_esp001_derived	Columbiformes	025	Mesitornis_unicolor	N93	6.908453941345215
1425	0	75	0	0.05	1.0	admixture	cqshmm_derived	Columbiformes	025	Mesitornis_unicolor	N93	4988273.170731708
1058	367	58	17	0.05	1.0	admixture	pbphmm_ex_ancestral	Columbiformes	025	Mesitornis_unicolor	N93	4988273.170731708
727	698	30	45	0.05	1.0	admixture	cqshmm_ancestral	Columbiformes	025	Mesitornis_unicolor	N93	4988273.170731708
861	564	57	18	0.05	1.0	admixture	gqshmm_ex	Columbiformes	025	Mesitornis_unicolor	N93	4988273.170731708
788	637	41	34	0.05	1.0	admixture	pbphmm_ex_derived	Columbiformes	025	Mesitornis_unicolor	N93	4988273.170731708
1425	0	75	0	0.05	1.0	admixture	mlthmm_derived	Columbiformes	025	Mesitornis_unicolor	N93	4988273.170731708
738	462	156	144	0.2	1.0	admixture	dtohmm_ancestral	Columbiformes	025	Mesitornis_unicolor	N93	4988273.170731708
711	489	137	163	0.2	1.0	admixture	phlag_dto_eap01_ena4_esp001_ex_ancestral	Columbiformes	025	Mesitornis_unicolor	N93	6.908453941345215
1200	0	300	0	0.2	1.0	admixture	pbphmm_derived	Columbiformes	025	Mesitornis_unicolor	N93	4988273.170731708
1186	14	0	300	0.2	1.0	admixture	phlag_dto_eap01_ena4_esp001_ex_derived	Columbiformes	025	Mesitornis_unicolor	N93	6.908453941345215
942	258	235	65	0.2	1.0	admixture	pbphmm_ancestral	Columbiformes	025	Mesitornis_unicolor	N93	4988273.170731708
715	485	216	84	0.2	1.0	admixture	gqshmm_ex_derived	Columbiformes	025	Mesitornis_unicolor	N93	4988273.170731708
609	591	190	110	0.2	1.0	admixture	gqshmm_ancestral	Columbiformes	025	Mesitornis_unicolor	N93	4988273.170731708
1200	0	300	0	0.2	1.0	admixture	gqshmm_derived	Columbiformes	025	Mesitornis_unicolor	N93	4988273.170731708
624	576	171	129	0.2	1.0	admixture	cqshmm_ex_derived	Columbiformes	025	Mesitornis_unicolor	N93	4988273.170731708
1200	0	300	0	0.2	1.0	admixture	bcbhmm_derived	Columbiformes	025	Mesitornis_unicolor	N93	4988273.170731708
1192	8	31	269	0.2	1.0	admixture	phlag_dto_eap01_ena4_esp001_ancestral	Columbiformes	025	Mesitornis_unicolor	N93	6.908453941345215
691	509	145	155	0.2	1.0	admixture	mlthmm_ex_derived	Columbiformes	025	Mesitornis_unicolor	N93	4988273.170731708
687	513	144	156	0.2	1.0	admixture	mlthmm_ancestral	Columbiformes	025	Mesitornis_unicolor	N93	4988273.170731708
906	294	240	60	0.2	1.0	admixture	dtohmm_ex_ancestral	Columbiformes	025	Mesitornis_unicolor	N93	4988273.170731708
683	517	152	148	0.2	1.0	admixture	bcbhmm_ex_ancestral	Columbiformes	025	Mesitornis_unicolor	N93	4988273.170731708
817	383	210	90	0.2	1.0	admixture	mlthmm_ex_ancestral	Columbiformes	025	Mesitornis_unicolor	N93	4988273.170731708
657	543	202	98	0.2	1.0	admixture	bcbhmm_ex_derived	Columbiformes	025	Mesitornis_unicolor	N93	4988273.170731708
806	394	209	91	0.2	1.0	admixture	dtohmm_ex_derived	Columbiformes	025	Mesitornis_unicolor	N93	4988273.170731708
1200	0	300	0	0.2	1.0	admixture	gqshmm_ex_ancestral	Columbiformes	025	Mesitornis_unicolor	N93	4988273.170731708
1200	0	300	0	0.2	1.0	admixture	dtohmm_derived	Columbiformes	025	Mesitornis_unicolor	N93	4988273.170731708
648	552	137	163	0.2	1.0	admixture	bcbhmm_ancestral	Columbiformes	025	Mesitornis_unicolor	N93	4988273.170731708
685	515	120	180	0.2	1.0	admixture	cqshmm_ex_ancestral	Columbiformes	025	Mesitornis_unicolor	N93	4988273.170731708
1200	0	300	0	0.2	1.0	admixture	phlag_dto_eap01_ena4_esp001_derived	Columbiformes	025	Mesitornis_unicolor	N93	6.908453941345215
1200	0	300	0	0.2	1.0	admixture	cqshmm_derived	Columbiformes	025	Mesitornis_unicolor	N93	4988273.170731708
896	304	247	53	0.2	1.0	admixture	pbphmm_ex_ancestral	Columbiformes	025	Mesitornis_unicolor	N93	4988273.170731708
805	395	216	84	0.2	1.0	admixture	cqshmm_ancestral	Columbiformes	025	Mesitornis_unicolor	N93	4988273.170731708
716	484	216	84	0.2	1.0	admixture	gqshmm_ex	Columbiformes	025	Mesitornis_unicolor	N93	4988273.170731708
743	457	184	116	0.2	1.0	admixture	pbphmm_ex_derived	Columbiformes	025	Mesitornis_unicolor	N93	4988273.170731708
1200	0	300	0	0.2	1.0	admixture	mlthmm_derived	Columbiformes	025	Mesitornis_unicolor	N93	4988273.170731708
1399	26	75	0	0.05	1.0	admixture	dtohmm_ancestral	N546	025	N532	N567	63752.439024390245
784	641	7	68	0.05	1.0	admixture	phlag_dto_eap01_ena4_esp001_ex_ancestral	N546	025	N532	N567	0.2555091977119446
1349	76	13	62	0.05	1.0	admixture	pbphmm_derived	N546	025	N532	N567	63752.439024390245
1417	8	0	75	0.05	1.0	admixture	phlag_dto_eap01_ena4_esp001_ex_derived	N546	025	N532	N567	0.2555091977119446
1303	122	44	31	0.05	1.0	admixture	pbphmm_ancestral	N546	025	N532	N567	63752.439024390245
1193	232	67	8	0.05	1.0	admixture	gqshmm_ex_derived	N546	025	N532	N567	63752.439024390245
1350	75	72	3	0.05	1.0	admixture	gqshmm_ancestral	N546	025	N532	N567	63752.439024390245
839	586	25	50	0.05	1.0	admixture	gqshmm_derived	N546	025	N532	N567	63752.439024390245
961	464	42	33	0.05	1.0	admixture	cqshmm_ex_derived	N546	025	N532	N567	63752.439024390245
1297	128	49	26	0.05	1.0	admixture	bcbhmm_derived	N546	025	N532	N567	63752.439024390245
1020	405	75	0	0.05	1.0	admixture	phlag_dto_eap01_ena4_esp001_ancestral	N546	025	N532	N567	0.2555091977119446
880	545	64	11	0.05	1.0	admixture	mlthmm_ex_derived	N546	025	N532	N567	63752.439024390245
1377	48	75	0	0.05	1.0	admixture	mlthmm_ancestral	N546	025	N532	N567	63752.439024390245
1244	181	67	8	0.05	1.0	admixture	dtohmm_ex_ancestral	N546	025	N532	N567	63752.439024390245
1369	56	69	6	0.05	1.0	admixture	bcbhmm_ex_ancestral	N546	025	N532	N567	63752.439024390245
1227	198	64	11	0.05	1.0	admixture	mlthmm_ex_ancestral	N546	025	N532	N567	63752.439024390245
806	619	44	31	0.05	1.0	admixture	bcbhmm_ex_derived	N546	025	N532	N567	63752.439024390245
740	685	21	54	0.05	1.0	admixture	dtohmm_ex_derived	N546	025	N532	N567	63752.439024390245
1425	0	75	0	0.05	1.0	admixture	gqshmm_ex_ancestral	N546	025	N532	N567	63752.439024390245
1203	222	12	63	0.05	1.0	admixture	dtohmm_derived	N546	025	N532	N567	63752.439024390245
1422	3	75	0	0.05	1.0	admixture	bcbhmm_ancestral	N546	025	N532	N567	63752.439024390245
1121	304	36	39	0.05	1.0	admixture	cqshmm_ex_ancestral	N546	025	N532	N567	63752.439024390245
1423	2	2	73	0.05	1.0	admixture	phlag_dto_eap01_ena4_esp001_derived	N546	025	N532	N567	0.2555091977119446
1356	69	0	75	0.05	1.0	admixture	cqshmm_derived	N546	025	N532	N567	63752.439024390245
947	478	17	58	0.05	1.0	admixture	pbphmm_ex_ancestral	N546	025	N532	N567	63752.439024390245
1256	169	53	22	0.05	1.0	admixture	cqshmm_ancestral	N546	025	N532	N567	63752.439024390245
1193	232	67	8	0.05	1.0	admixture	gqshmm_ex	N546	025	N532	N567	63752.439024390245
1157	268	0	75	0.05	1.0	admixture	pbphmm_ex_derived	N546	025	N532	N567	63752.439024390245
1366	59	34	41	0.05	1.0	admixture	mlthmm_derived	N546	025	N532	N567	63752.439024390245
915	435	96	54	0.1	1.0	admixture	dtohmm_ancestral	Strigiformes	025	N349	N299	945508.536585366
886	464	98	52	0.1	1.0	admixture	phlag_dto_eap01_ena4_esp001_ex_ancestral	Strigiformes	025	N349	N299	1.6576063632965088
1350	0	150	0	0.1	1.0	admixture	pbphmm_derived	Strigiformes	025	N349	N299	945508.536585366
1085	265	150	0	0.1	1.0	admixture	phlag_dto_eap01_ena4_esp001_ex_derived	Strigiformes	025	N349	N299	1.6576063632965088
1180	170	144	6	0.1	1.0	admixture	pbphmm_ancestral	Strigiformes	025	N349	N299	945508.536585366
1347	3	150	0	0.1	1.0	admixture	gqshmm_ex_derived	Strigiformes	025	N349	N299	945508.536585366
854	496	90	60	0.1	1.0	admixture	gqshmm_ancestral	Strigiformes	025	N349	N299	945508.536585366
1092	258	110	40	0.1	1.0	admixture	gqshmm_derived	Strigiformes	025	N349	N299	945508.536585366
797	553	89	61	0.1	1.0	admixture	cqshmm_ex_derived	Strigiformes	025	N349	N299	945508.536585366
854	496	49	101	0.1	1.0	admixture	bcbhmm_derived	Strigiformes	025	N349	N299	945508.536585366
1255	95	18	132	0.1	1.0	admixture	phlag_dto_eap01_ena4_esp001_ancestral	Strigiformes	025	N349	N299	1.6576063632965088
750	600	80	70	0.1	1.0	admixture	mlthmm_ex_derived	Strigiformes	025	N349	N299	945508.536585366
893	457	91	59	0.1	1.0	admixture	mlthmm_ancestral	Strigiformes	025	N349	N299	945508.536585366
882	468	105	45	0.1	1.0	admixture	dtohmm_ex_ancestral	Strigiformes	025	N349	N299	945508.536585366
715	635	77	73	0.1	1.0	admixture	bcbhmm_ex_ancestral	Strigiformes	025	N349	N299	945508.536585366
887	463	98	52	0.1	1.0	admixture	mlthmm_ex_ancestral	Strigiformes	025	N349	N299	945508.536585366
968	382	104	46	0.1	1.0	admixture	bcbhmm_ex_derived	Strigiformes	025	N349	N299	945508.536585366
976	374	111	39	0.1	1.0	admixture	dtohmm_ex_derived	Strigiformes	025	N349	N299	945508.536585366
1350	0	150	0	0.1	1.0	admixture	gqshmm_ex_ancestral	Strigiformes	025	N349	N299	945508.536585366
1264	86	137	13	0.1	1.0	admixture	dtohmm_derived	Strigiformes	025	N349	N299	945508.536585366
1022	328	107	43	0.1	1.0	admixture	bcbhmm_ancestral	Strigiformes	025	N349	N299	945508.536585366
734	616	89	61	0.1	1.0	admixture	cqshmm_ex_ancestral	Strigiformes	025	N349	N299	945508.536585366
1189	161	93	57	0.1	1.0	admixture	phlag_dto_eap01_ena4_esp001_derived	Strigiformes	025	N349	N299	1.6576063632965088
689	661	77	73	0.1	1.0	admixture	cqshmm_derived	Strigiformes	025	N349	N299	945508.536585366
1313	37	149	1	0.1	1.0	admixture	pbphmm_ex_ancestral	Strigiformes	025	N349	N299	945508.536585366
764	586	91	59	0.1	1.0	admixture	cqshmm_ancestral	Strigiformes	025	N349	N299	945508.536585366
1347	3	150	0	0.1	1.0	admixture	gqshmm_ex	Strigiformes	025	N349	N299	945508.536585366
1322	28	146	4	0.1	1.0	admixture	pbphmm_ex_derived	Strigiformes	025	N349	N299	945508.536585366
1187	163	125	25	0.1	1.0	admixture	mlthmm_derived	Strigiformes	025	N349	N299	945508.536585366
696	579	110	115	0.15	1.0	admixture	dtohmm_ancestral	Opisthocomus_hoazin	025	N275	N192	7884767.073170733
884	391	159	66	0.15	1.0	admixture	phlag_dto_eap01_ena4_esp001_ex_ancestral	Opisthocomus_hoazin	025	N275	N192	0.0
1275	0	225	0	0.15	1.0	admixture	pbphmm_derived	Opisthocomus_hoazin	025	N275	N192	7884767.073170733
1020	255	163	62	0.15	1.0	admixture	phlag_dto_eap01_ena4_esp001_ex_derived	Opisthocomus_hoazin	025	N275	N192	0.0
1275	0	225	0	0.15	1.0	admixture	pbphmm_ancestral	Opisthocomus_hoazin	025	N275	N192	7884767.073170733
858	417	142	83	0.15	1.0	admixture	gqshmm_ex_derived	Opisthocomus_hoazin	025	N275	N192	7884767.073170733
664	611	118	107	0.15	1.0	admixture	gqshmm_ancestral	Opisthocomus_hoazin	025	N275	N192	7884767.073170733
815	460	149	76	0.15	1.0	admixture	gqshmm_derived	Opisthocomus_hoazin	025	N275	N192	7884767.073170733
959	316	164	61	0.15	1.0	admixture	cqshmm_ex_derived	Opisthocomus_hoazin	025	N275	N192	7884767.073170733
688	587	121	104	0.15	1.0	admixture	bcbhmm_derived	Opisthocomus_hoazin	025	N275	N192	7884767.073170733
1103	172	225	0	0.15	1.0	admixture	phlag_dto_eap01_ena4_esp001_ancestral	Opisthocomus_hoazin	025	N275	N192	0.0
925	350	170	55	0.15	1.0	admixture	mlthmm_ex_derived	Opisthocomus_hoazin	025	N275	N192	7884767.073170733
674	601	120	105	0.15	1.0	admixture	mlthmm_ancestral	Opisthocomus_hoazin	025	N275	N192	7884767.073170733
686	589	107	118	0.15	1.0	admixture	dtohmm_ex_ancestral	Opisthocomus_hoazin	025	N275	N192	7884767.073170733
632	643	121	104	0.15	1.0	admixture	bcbhmm_ex_ancestral	Opisthocomus_hoazin	025	N275	N192	7884767.073170733
837	438	147	78	0.15	1.0	admixture	mlthmm_ex_ancestral	Opisthocomus_hoazin	025	N275	N192	7884767.073170733
966	309	171	54	0.15	1.0	admixture	bcbhmm_ex_derived	Opisthocomus_hoazin	025	N275	N192	7884767.073170733
929	346	174	51	0.15	1.0	admixture	dtohmm_ex_derived	Opisthocomus_hoazin	025	N275	N192	7884767.073170733
1275	0	225	0	0.15	1.0	admixture	gqshmm_ex_ancestral	Opisthocomus_hoazin	025	N275	N192	7884767.073170733
916	359	168	57	0.15	1.0	admixture	dtohmm_derived	Opisthocomus_hoazin	025	N275	N192	7884767.073170733
748	527	132	93	0.15	1.0	admixture	bcbhmm_ancestral	Opisthocomus_hoazin	025	N275	N192	7884767.073170733
849	426	146	79	0.15	1.0	admixture	cqshmm_ex_ancestral	Opisthocomus_hoazin	025	N275	N192	7884767.073170733
1223	52	225	0	0.15	1.0	admixture	phlag_dto_eap01_ena4_esp001_derived	Opisthocomus_hoazin	025	N275	N192	0.0
1256	19	223	2	0.15	1.0	admixture	cqshmm_derived	Opisthocomus_hoazin	025	N275	N192	7884767.073170733
1267	8	224	1	0.15	1.0	admixture	pbphmm_ex_ancestral	Opisthocomus_hoazin	025	N275	N192	7884767.073170733
851	424	166	59	0.15	1.0	admixture	cqshmm_ancestral	Opisthocomus_hoazin	025	N275	N192	7884767.073170733
1269	6	225	0	0.15	1.0	admixture	pbphmm_ex_derived	Opisthocomus_hoazin	025	N275	N192	7884767.073170733
834	441	153	72	0.15	1.0	admixture	mlthmm_derived	Opisthocomus_hoazin	025	N275	N192	7884767.073170733
640	560	154	146	0.2	1.0	admixture	dtohmm_ancestral	Falconiformes	050	Accipitriformes	N717	3730895.12195122
935	265	300	0	0.2	1.0	admixture	phlag_dto_eap01_ena4_esp001_ex_ancestral	Falconiformes	050	Accipitriformes	N717	6.376978874206543
1200	0	300	0	0.2	1.0	admixture	pbphmm_derived	Falconiformes	050	Accipitriformes	N717	3730895.12195122
1006	194	300	0	0.2	1.0	admixture	phlag_dto_eap01_ena4_esp001_ex_derived	Falconiformes	050	Accipitriformes	N717	6.376978874206543
1087	113	288	12	0.2	1.0	admixture	pbphmm_ancestral	Falconiformes	050	Accipitriformes	N717	3730895.12195122
1198	2	300	0	0.2	1.0	admixture	gqshmm_ex_derived	Falconiformes	050	Accipitriformes	N717	3730895.12195122
711	489	179	121	0.2	1.0	admixture	gqshmm_ancestral	Falconiformes	050	Accipitriformes	N717	3730895.12195122
1200	0	300	0	0.2	1.0	admixture	gqshmm_derived	Falconiformes	050	Accipitriformes	N717	3730895.12195122
734	466	216	84	0.2	1.0	admixture	cqshmm_ex_derived	Falconiformes	050	Accipitriformes	N717	3730895.12195122
1200	0	300	0	0.2	1.0	admixture	bcbhmm_derived	Falconiformes	050	Accipitriformes	N717	3730895.12195122
1011	189	300	0	0.2	1.0	admixture	phlag_dto_eap01_ena4_esp001_ancestral	Falconiformes	050	Accipitriformes	N717	6.376978874206543
840	360	210	90	0.2	1.0	admixture	mlthmm_ex_derived	Falconiformes	050	Accipitriformes	N717	3730895.12195122
1177	23	290	10	0.2	1.0	admixture	mlthmm_ancestral	Falconiformes	050	Accipitriformes	N717	3730895.12195122
690	510	159	141	0.2	1.0	admixture	dtohmm_ex_ancestral	Falconiformes	050	Accipitriformes	N717	3730895.12195122
846	354	209	91	0.2	1.0	admixture	bcbhmm_ex_ancestral	Falconiformes	050	Accipitriformes	N717	3730895.12195122
704	496	188	112	0.2	1.0	admixture	mlthmm_ex_ancestral	Falconiformes	050	Accipitriformes	N717	3730895.12195122
623	577	163	137	0.2	1.0	admixture	bcbhmm_ex_derived	Falconiformes	050	Accipitriformes	N717	3730895.12195122
668	532	180	120	0.2	1.0	admixture	dtohmm_ex_derived	Falconiformes	050	Accipitriformes	N717	3730895.12195122
1200	0	300	0	0.2	1.0	admixture	gqshmm_ex_ancestral	Falconiformes	050	Accipitriformes	N717	3730895.12195122
1200	0	300	0	0.2	1.0	admixture	dtohmm_derived	Falconiformes	050	Accipitriformes	N717	3730895.12195122
838	362	223	77	0.2	1.0	admixture	bcbhmm_ancestral	Falconiformes	050	Accipitriformes	N717	3730895.12195122
617	583	184	116	0.2	1.0	admixture	cqshmm_ex_ancestral	Falconiformes	050	Accipitriformes	N717	3730895.12195122
1200	0	300	0	0.2	1.0	admixture	phlag_dto_eap01_ena4_esp001_derived	Falconiformes	050	Accipitriformes	N717	6.376978874206543
1200	0	300	0	0.2	1.0	admixture	cqshmm_derived	Falconiformes	050	Accipitriformes	N717	3730895.12195122
1068	132	279	21	0.2	1.0	admixture	pbphmm_ex_ancestral	Falconiformes	050	Accipitriformes	N717	3730895.12195122
743	457	166	134	0.2	1.0	admixture	cqshmm_ancestral	Falconiformes	050	Accipitriformes	N717	3730895.12195122
1198	2	300	0	0.2	1.0	admixture	gqshmm_ex	Falconiformes	050	Accipitriformes	N717	3730895.12195122
1153	47	294	6	0.2	1.0	admixture	pbphmm_ex_derived	Falconiformes	050	Accipitriformes	N717	3730895.12195122
1200	0	300	0	0.2	1.0	admixture	mlthmm_derived	Falconiformes	050	Accipitriformes	N717	3730895.12195122
1350	0	150	0	0.1	1.0	admixture	dtohmm_ancestral	Falconiformes	050	Cariamiformes	Psittaciformes	3730895.12195122
1350	0	150	0	0.1	1.0	admixture	pbphmm_derived	Falconiformes	050	Cariamiformes	Psittaciformes	3730895.12195122
1347	3	1	149	0.1	1.0	admixture	phlag_dto_eap01_ena4_esp001_ex_derived	Falconiformes	050	Cariamiformes	Psittaciformes	6.3575029373168945
1350	0	150	0	0.1	1.0	admixture	pbphmm_ancestral	Falconiformes	050	Cariamiformes	Psittaciformes	3730895.12195122
1348	2	150	0	0.1	1.0	admixture	gqshmm_ex_derived	Falconiformes	050	Cariamiformes	Psittaciformes	3730895.12195122
1350	0	150	0	0.1	1.0	admixture	gqshmm_ancestral	Falconiformes	050	Cariamiformes	Psittaciformes	3730895.12195122
1350	0	150	0	0.1	1.0	admixture	gqshmm_derived	Falconiformes	050	Cariamiformes	Psittaciformes	3730895.12195122
789	561	62	88	0.1	1.0	admixture	cqshmm_ex_derived	Falconiformes	050	Cariamiformes	Psittaciformes	3730895.12195122
1350	0	150	0	0.1	1.0	admixture	bcbhmm_derived	Falconiformes	050	Cariamiformes	Psittaciformes	3730895.12195122
1031	319	150	0	0.1	1.0	admixture	mlthmm_ex_derived	Falconiformes	050	Cariamiformes	Psittaciformes	3730895.12195122
1350	0	150	0	0.1	1.0	admixture	mlthmm_ancestral	Falconiformes	050	Cariamiformes	Psittaciformes	3730895.12195122
960	390	123	27	0.1	1.0	admixture	dtohmm_ex_ancestral	Falconiformes	050	Cariamiformes	Psittaciformes	3730895.12195122
962	388	124	26	0.1	1.0	admixture	bcbhmm_ex_ancestral	Falconiformes	050	Cariamiformes	Psittaciformes	3730895.12195122
960	390	123	27	0.1	1.0	admixture	mlthmm_ex_ancestral	Falconiformes	050	Cariamiformes	Psittaciformes	3730895.12195122
782	568	108	42	0.1	1.0	admixture	bcbhmm_ex_derived	Falconiformes	050	Cariamiformes	Psittaciformes	3730895.12195122
746	604	115	35	0.1	1.0	admixture	dtohmm_ex_derived	Falconiformes	050	Cariamiformes	Psittaciformes	3730895.12195122
910	440	56	94	0.1	1.0	admixture	gqshmm_ex_ancestral	Falconiformes	050	Cariamiformes	Psittaciformes	3730895.12195122
1350	0	150	0	0.1	1.0	admixture	dtohmm_derived	Falconiformes	050	Cariamiformes	Psittaciformes	3730895.12195122
1350	0	150	0	0.1	1.0	admixture	bcbhmm_ancestral	Falconiformes	050	Cariamiformes	Psittaciformes	3730895.12195122
739	611	101	49	0.1	1.0	admixture	cqshmm_ex_ancestral	Falconiformes	050	Cariamiformes	Psittaciformes	3730895.12195122
1350	0	150	0	0.1	1.0	admixture	phlag_dto_eap01_ena4_esp001_derived	Falconiformes	050	Cariamiformes	Psittaciformes	6.3575029373168945
1350	0	150	0	0.1	1.0	admixture	cqshmm_derived	Falconiformes	050	Cariamiformes	Psittaciformes	3730895.12195122
1049	301	103	47	0.1	1.0	admixture	pbphmm_ex_ancestral	Falconiformes	050	Cariamiformes	Psittaciformes	3730895.12195122
1350	0	150	0	0.1	1.0	admixture	cqshmm_ancestral	Falconiformes	050	Cariamiformes	Psittaciformes	3730895.12195122
1295	55	150	0	0.1	1.0	admixture	pbphmm_ex_derived	Falconiformes	050	Cariamiformes	Psittaciformes	3730895.12195122
1350	0	150	0	0.1	1.0	admixture	mlthmm_derived	Falconiformes	050	Cariamiformes	Psittaciformes	3730895.12195122
825	645	18	12	0.02	1.0	admixture	dtohmm_ancestral	Opisthocomus_hoazin	025	N275	N192	7884767.073170733
1031	439	21	9	0.02	1.0	admixture	phlag_dto_eap01_ena4_esp001_ex_ancestral	Opisthocomus_hoazin	025	N275	N192	0.0
1470	0	30	0	0.02	1.0	admixture	pbphmm_derived	Opisthocomus_hoazin	025	N275	N192	7884767.073170733
1155	315	25	5	0.02	1.0	admixture	phlag_dto_eap01_ena4_esp001_ex_derived	Opisthocomus_hoazin	025	N275	N192	0.0
1470	0	30	0	0.02	1.0	admixture	pbphmm_ancestral	Opisthocomus_hoazin	025	N275	N192	7884767.073170733
969	501	18	12	0.02	1.0	admixture	gqshmm_ex_derived	Opisthocomus_hoazin	025	N275	N192	7884767.073170733
788	682	13	17	0.02	1.0	admixture	gqshmm_ancestral	Opisthocomus_hoazin	025	N275	N192	7884767.073170733
939	531	17	13	0.02	1.0	admixture	gqshmm_derived	Opisthocomus_hoazin	025	N275	N192	7884767.073170733
1146	324	25	5	0.02	1.0	admixture	cqshmm_ex_derived	Opisthocomus_hoazin	025	N275	N192	7884767.073170733
1006	464	19	11	0.02	1.0	admixture	bcbhmm_derived	Opisthocomus_hoazin	025	N275	N192	7884767.073170733
1226	244	30	0	0.02	1.0	admixture	phlag_dto_eap01_ena4_esp001_ancestral	Opisthocomus_hoazin	025	N275	N192	0.0
1073	397	22	8	0.02	1.0	admixture	mlthmm_ex_derived	Opisthocomus_hoazin	025	N275	N192	7884767.073170733
788	682	19	11	0.02	1.0	admixture	mlthmm_ancestral	Opisthocomus_hoazin	025	N275	N192	7884767.073170733
956	514	20	10	0.02	1.0	admixture	dtohmm_ex_ancestral	Opisthocomus_hoazin	025	N275	N192	7884767.073170733
877	593	16	14	0.02	1.0	admixture	bcbhmm_ex_ancestral	Opisthocomus_hoazin	025	N275	N192	7884767.073170733
1037	433	22	8	0.02	1.0	admixture	mlthmm_ex_ancestral	Opisthocomus_hoazin	025	N275	N192	7884767.073170733
1119	351	26	4	0.02	1.0	admixture	bcbhmm_ex_derived	Opisthocomus_hoazin	025	N275	N192	7884767.073170733
1076	394	23	7	0.02	1.0	admixture	dtohmm_ex_derived	Opisthocomus_hoazin	025	N275	N192	7884767.073170733
1469	1	30	0	0.02	1.0	admixture	gqshmm_ex_ancestral	Opisthocomus_hoazin	025	N275	N192	7884767.073170733
993	477	19	11	0.02	1.0	admixture	dtohmm_derived	Opisthocomus_hoazin	025	N275	N192	7884767.073170733
870	600	20	10	0.02	1.0	admixture	bcbhmm_ancestral	Opisthocomus_hoazin	025	N275	N192	7884767.073170733
988	482	22	8	0.02	1.0	admixture	cqshmm_ex_ancestral	Opisthocomus_hoazin	025	N275	N192	7884767.073170733
1227	243	30	0	0.02	1.0	admixture	phlag_dto_eap01_ena4_esp001_derived	Opisthocomus_hoazin	025	N275	N192	0.0
913	557	17	13	0.02	1.0	admixture	cqshmm_derived	Opisthocomus_hoazin	025	N275	N192	7884767.073170733
1459	11	30	0	0.02	1.0	admixture	pbphmm_ex_ancestral	Opisthocomus_hoazin	025	N275	N192	7884767.073170733
1103	367	23	7	0.02	1.0	admixture	cqshmm_ancestral	Opisthocomus_hoazin	025	N275	N192	7884767.073170733
1379	91	30	0	0.02	1.0	admixture	pbphmm_ex_derived	Opisthocomus_hoazin	025	N275	N192	7884767.073170733
956	514	17	13	0.02	1.0	admixture	mlthmm_derived	Opisthocomus_hoazin	025	N275	N192	7884767.073170733
1074	51	355	20	0.25	1.0	admixture	dtohmm_ancestral	N251	050	N269	N242	113279.26829268294
1125	0	375	0	0.25	1.0	admixture	phlag_dto_eap01_ena4_esp001_ex_ancestral	N251	050	N269	N242	0.05866072326898575
1124	1	375	0	0.25	1.0	admixture	pbphmm_derived	N251	050	N269	N242	113279.26829268294
923	202	0	375	0.25	1.0	admixture	phlag_dto_eap01_ena4_esp001_ex_derived	N251	050	N269	N242	0.05866072326898575
1124	1	375	0	0.25	1.0	admixture	pbphmm_ancestral	N251	050	N269	N242	113279.26829268294
643	482	249	126	0.25	1.0	admixture	gqshmm_ex_derived	N251	050	N269	N242	113279.26829268294
864	261	266	109	0.25	1.0	admixture	gqshmm_ancestral	N251	050	N269	N242	113279.26829268294
701	424	229	146	0.25	1.0	admixture	gqshmm_derived	N251	050	N269	N242	113279.26829268294
971	154	308	67	0.25	1.0	admixture	cqshmm_ex_derived	N251	050	N269	N242	113279.26829268294
765	360	270	105	0.25	1.0	admixture	bcbhmm_derived	N251	050	N269	N242	113279.26829268294
838	287	375	0	0.25	1.0	admixture	phlag_dto_eap01_ena4_esp001_ancestral	N251	050	N269	N242	0.05866072326898575
528	597	233	142	0.25	1.0	admixture	mlthmm_ex_derived	N251	050	N269	N242	113279.26829268294
897	228	315	60	0.25	1.0	admixture	mlthmm_ancestral	N251	050	N269	N242	113279.26829268294
766	359	225	150	0.25	1.0	admixture	dtohmm_ex_ancestral	N251	050	N269	N242	113279.26829268294
724	401	251	124	0.25	1.0	admixture	bcbhmm_ex_ancestral	N251	050	N269	N242	113279.26829268294
592	533	246	129	0.25	1.0	admixture	mlthmm_ex_ancestral	N251	050	N269	N242	113279.26829268294
709	416	231	144	0.25	1.0	admixture	bcbhmm_ex_derived	N251	050	N269	N242	113279.26829268294
598	527	192	183	0.25	1.0	admixture	dtohmm_ex_derived	N251	050	N269	N242	113279.26829268294
1105	20	375	0	0.25	1.0	admixture	gqshmm_ex_ancestral	N251	050	N269	N242	113279.26829268294
1066	59	338	37	0.25	1.0	admixture	dtohmm_derived	N251	050	N269	N242	113279.26829268294
1123	2	375	0	0.25	1.0	admixture	bcbhmm_ancestral	N251	050	N269	N242	113279.26829268294
700	425	250	125	0.25	1.0	admixture	cqshmm_ex_ancestral	N251	050	N269	N242	113279.26829268294
1003	122	375	0	0.25	1.0	admixture	phlag_dto_eap01_ena4_esp001_derived	N251	050	N269	N242	0.05866072326898575
975	150	251	124	0.25	1.0	admixture	cqshmm_derived	N251	050	N269	N242	113279.26829268294
872	253	331	44	0.25	1.0	admixture	pbphmm_ex_ancestral	N251	050	N269	N242	113279.26829268294
1101	24	373	2	0.25	1.0	admixture	cqshmm_ancestral	N251	050	N269	N242	113279.26829268294
643	482	249	126	0.25	1.0	admixture	gqshmm_ex	N251	050	N269	N242	113279.26829268294
1030	95	363	12	0.25	1.0	admixture	pbphmm_ex_derived	N251	050	N269	N242	113279.26829268294
714	411	231	144	0.25	1.0	admixture	mlthmm_derived	N251	050	N269	N242	113279.26829268294
999	126	328	47	0.25	1.0	admixture	dtohmm_ancestral	N689	025	N657	N672	91779.26829268293
1087	38	2	373	0.25	1.0	admixture	phlag_dto_eap01_ena4_esp001_ex_ancestral	N689	025	N657	N672	0.44935017824172974
651	474	188	187	0.25	1.0	admixture	pbphmm_derived	N689	025	N657	N672	91779.26829268293
1079	46	144	231	0.25	1.0	admixture	phlag_dto_eap01_ena4_esp001_ex_derived	N689	025	N657	N672	0.44935017824172974
578	547	196	179	0.25	1.0	admixture	pbphmm_ancestral	N689	025	N657	N672	91779.26829268293
577	548	192	183	0.25	1.0	admixture	gqshmm_ex_derived	N689	025	N657	N672	91779.26829268293
1094	31	351	24	0.25	1.0	admixture	gqshmm_ancestral	N689	025	N657	N672	91779.26829268293
843	282	254	121	0.25	1.0	admixture	gqshmm_derived	N689	025	N657	N672	91779.26829268293
764	361	219	156	0.25	1.0	admixture	cqshmm_ex_derived	N689	025	N657	N672	91779.26829268293
1083	42	367	8	0.25	1.0	admixture	bcbhmm_derived	N689	025	N657	N672	91779.26829268293
984	141	295	80	0.25	1.0	admixture	phlag_dto_eap01_ena4_esp001_ancestral	N689	025	N657	N672	0.44935017824172974
705	420	225	150	0.25	1.0	admixture	mlthmm_ex_derived	N689	025	N657	N672	91779.26829268293
995	130	327	48	0.25	1.0	admixture	mlthmm_ancestral	N689	025	N657	N672	91779.26829268293
653	472	239	136	0.25	1.0	admixture	dtohmm_ex_ancestral	N689	025	N657	N672	91779.26829268293
1047	78	343	32	0.25	1.0	admixture	bcbhmm_ex_ancestral	N689	025	N657	N672	91779.26829268293
821	304	288	87	0.25	1.0	admixture	mlthmm_ex_ancestral	N689	025	N657	N672	91779.26829268293
802	323	278	97	0.25	1.0	admixture	bcbhmm_ex_derived	N689	025	N657	N672	91779.26829268293
670	455	216	159	0.25	1.0	admixture	dtohmm_ex_derived	N689	025	N657	N672	91779.26829268293
1089	36	347	28	0.25	1.0	admixture	gqshmm_ex_ancestral	N689	025	N657	N672	91779.26829268293
993	132	323	52	0.25	1.0	admixture	dtohmm_derived	N689	025	N657	N672	91779.26829268293
1120	5	373	2	0.25	1.0	admixture	bcbhmm_ancestral	N689	025	N657	N672	91779.26829268293
817	308	251	124	0.25	1.0	admixture	cqshmm_ex_ancestral	N689	025	N657	N672	91779.26829268293
1125	0	375	0	0.25	1.0	admixture	phlag_dto_eap01_ena4_esp001_derived	N689	025	N657	N672	0.44935017824172974
1024	101	343	32	0.25	1.0	admixture	cqshmm_derived	N689	025	N657	N672	91779.26829268293
730	395	83	292	0.25	1.0	admixture	pbphmm_ex_ancestral	N689	025	N657	N672	91779.26829268293
945	180	261	114	0.25	1.0	admixture	cqshmm_ancestral	N689	025	N657	N672	91779.26829268293
577	548	192	183	0.25	1.0	admixture	gqshmm_ex	N689	025	N657	N672	91779.26829268293
775	350	300	75	0.25	1.0	admixture	pbphmm_ex_derived	N689	025	N657	N672	91779.26829268293
680	445	212	163	0.25	1.0	admixture	mlthmm_derived	N689	025	N657	N672	91779.26829268293
1011	114	337	38	0.25	1.0	admixture	dtohmm_ancestral	Coraciiformes	050	Bucerotiformes	Piciformes	449463.4146341464
923	202	207	168	0.25	1.0	admixture	phlag_dto_eap01_ena4_esp001_ex_ancestral	Coraciiformes	050	Bucerotiformes	Piciformes	2.4814252853393555
1097	28	40	335	0.25	1.0	admixture	pbphmm_derived	Coraciiformes	050	Bucerotiformes	Piciformes	449463.4146341464
1125	0	52	323	0.25	1.0	admixture	phlag_dto_eap01_ena4_esp001_ex_derived	Coraciiformes	050	Bucerotiformes	Piciformes	2.4814252853393555
1123	2	375	0	0.25	1.0	admixture	pbphmm_ancestral	Coraciiformes	050	Bucerotiformes	Piciformes	449463.4146341464
905	220	267	108	0.25	1.0	admixture	gqshmm_ex_derived	Coraciiformes	050	Bucerotiformes	Piciformes	449463.4146341464
972	153	323	52	0.25	1.0	admixture	gqshmm_ancestral	Coraciiformes	050	Bucerotiformes	Piciformes	449463.4146341464
1060	65	303	72	0.25	1.0	admixture	gqshmm_derived	Coraciiformes	050	Bucerotiformes	Piciformes	449463.4146341464
869	256	260	115	0.25	1.0	admixture	cqshmm_ex_derived	Coraciiformes	050	Bucerotiformes	Piciformes	449463.4146341464
1125	0	373	2	0.25	1.0	admixture	bcbhmm_derived	Coraciiformes	050	Bucerotiformes	Piciformes	449463.4146341464
1110	15	149	226	0.25	1.0	admixture	phlag_dto_eap01_ena4_esp001_ancestral	Coraciiformes	050	Bucerotiformes	Piciformes	2.4814252853393555
737	388	188	187	0.25	1.0	admixture	mlthmm_ex_derived	Coraciiformes	050	Bucerotiformes	Piciformes	449463.4146341464
1099	26	364	11	0.25	1.0	admixture	mlthmm_ancestral	Coraciiformes	050	Bucerotiformes	Piciformes	449463.4146341464
695	430	175	200	0.25	1.0	admixture	dtohmm_ex_ancestral	Coraciiformes	050	Bucerotiformes	Piciformes	449463.4146341464
1074	51	342	33	0.25	1.0	admixture	bcbhmm_ex_ancestral	Coraciiformes	050	Bucerotiformes	Piciformes	449463.4146341464
929	196	211	164	0.25	1.0	admixture	mlthmm_ex_ancestral	Coraciiformes	050	Bucerotiformes	Piciformes	449463.4146341464
1074	51	347	28	0.25	1.0	admixture	bcbhmm_ex_derived	Coraciiformes	050	Bucerotiformes	Piciformes	449463.4146341464
684	441	168	207	0.25	1.0	admixture	dtohmm_ex_derived	Coraciiformes	050	Bucerotiformes	Piciformes	449463.4146341464
793	332	210	165	0.25	1.0	admixture	gqshmm_ex_ancestral	Coraciiformes	050	Bucerotiformes	Piciformes	449463.4146341464
1125	0	88	287	0.25	1.0	admixture	dtohmm_derived	Coraciiformes	050	Bucerotiformes	Piciformes	449463.4146341464
1010	115	332	43	0.25	1.0	admixture	bcbhmm_ancestral	Coraciiformes	050	Bucerotiformes	Piciformes	449463.4146341464
901	224	212	163	0.25	1.0	admixture	cqshmm_ex_ancestral	Coraciiformes	050	Bucerotiformes	Piciformes	449463.4146341464
1097	28	88	287	0.25	1.0	admixture	phlag_dto_eap01_ena4_esp001_derived	Coraciiformes	050	Bucerotiformes	Piciformes	2.4814252853393555
1086	39	199	176	0.25	1.0	admixture	cqshmm_derived	Coraciiformes	050	Bucerotiformes	Piciformes	449463.4146341464
520	605	246	129	0.25	1.0	admixture	pbphmm_ex_ancestral	Coraciiformes	050	Bucerotiformes	Piciformes	449463.4146341464
947	178	319	56	0.25	1.0	admixture	cqshmm_ancestral	Coraciiformes	050	Bucerotiformes	Piciformes	449463.4146341464
905	220	267	108	0.25	1.0	admixture	gqshmm_ex	Coraciiformes	050	Bucerotiformes	Piciformes	449463.4146341464
634	491	218	157	0.25	1.0	admixture	pbphmm_ex_derived	Coraciiformes	050	Bucerotiformes	Piciformes	449463.4146341464
1122	3	347	28	0.25	1.0	admixture	mlthmm_derived	Coraciiformes	050	Bucerotiformes	Piciformes	449463.4146341464
737	538	131	94	0.15	1.0	admixture	dtohmm_ancestral	Opisthocomus_hoazin	050	N275	N192	7884767.073170733
891	384	159	66	0.15	1.0	admixture	phlag_dto_eap01_ena4_esp001_ex_ancestral	Opisthocomus_hoazin	050	N275	N192	0.0
1275	0	225	0	0.15	1.0	admixture	pbphmm_derived	Opisthocomus_hoazin	050	N275	N192	7884767.073170733
1007	268	175	50	0.15	1.0	admixture	phlag_dto_eap01_ena4_esp001_ex_derived	Opisthocomus_hoazin	050	N275	N192	0.0
1275	0	225	0	0.15	1.0	admixture	pbphmm_ancestral	Opisthocomus_hoazin	050	N275	N192	7884767.073170733
854	421	166	59	0.15	1.0	admixture	gqshmm_ex_derived	Opisthocomus_hoazin	050	N275	N192	7884767.073170733
666	609	117	108	0.15	1.0	admixture	gqshmm_ancestral	Opisthocomus_hoazin	050	N275	N192	7884767.073170733
817	458	147	78	0.15	1.0	admixture	gqshmm_derived	Opisthocomus_hoazin	050	N275	N192	7884767.073170733
968	307	163	62	0.15	1.0	admixture	cqshmm_ex_derived	Opisthocomus_hoazin	050	N275	N192	7884767.073170733
900	375	158	67	0.15	1.0	admixture	bcbhmm_derived	Opisthocomus_hoazin	050	N275	N192	7884767.073170733
1089	186	225	0	0.15	1.0	admixture	phlag_dto_eap01_ena4_esp001_ancestral	Opisthocomus_hoazin	050	N275	N192	0.0
978	297	170	55	0.15	1.0	admixture	mlthmm_ex_derived	Opisthocomus_hoazin	050	N275	N192	7884767.073170733
683	592	121	104	0.15	1.0	admixture	mlthmm_ancestral	Opisthocomus_hoazin	050	N275	N192	7884767.073170733
741	534	126	99	0.15	1.0	admixture	dtohmm_ex_ancestral	Opisthocomus_hoazin	050	N275	N192	7884767.073170733
634	641	119	106	0.15	1.0	admixture	bcbhmm_ex_ancestral	Opisthocomus_hoazin	050	N275	N192	7884767.073170733
900	375	156	69	0.15	1.0	admixture	mlthmm_ex_ancestral	Opisthocomus_hoazin	050	N275	N192	7884767.073170733
966	309	163	62	0.15	1.0	admixture	bcbhmm_ex_derived	Opisthocomus_hoazin	050	N275	N192	7884767.073170733
933	342	156	69	0.15	1.0	admixture	dtohmm_ex_derived	Opisthocomus_hoazin	050	N275	N192	7884767.073170733
1275	0	225	0	0.15	1.0	admixture	gqshmm_ex_ancestral	Opisthocomus_hoazin	050	N275	N192	7884767.073170733
913	362	167	58	0.15	1.0	admixture	dtohmm_derived	Opisthocomus_hoazin	050	N275	N192	7884767.073170733
757	518	130	95	0.15	1.0	admixture	bcbhmm_ancestral	Opisthocomus_hoazin	050	N275	N192	7884767.073170733
896	379	148	77	0.15	1.0	admixture	cqshmm_ex_ancestral	Opisthocomus_hoazin	050	N275	N192	7884767.073170733
1032	243	225	0	0.15	1.0	admixture	phlag_dto_eap01_ena4_esp001_derived	Opisthocomus_hoazin	050	N275	N192	0.0
883	392	155	70	0.15	1.0	admixture	cqshmm_derived	Opisthocomus_hoazin	050	N275	N192	7884767.073170733
1267	8	224	1	0.15	1.0	admixture	pbphmm_ex_ancestral	Opisthocomus_hoazin	050	N275	N192	7884767.073170733
923	352	162	63	0.15	1.0	admixture	cqshmm_ancestral	Opisthocomus_hoazin	050	N275	N192	7884767.073170733
1197	78	207	18	0.15	1.0	admixture	pbphmm_ex_derived	Opisthocomus_hoazin	050	N275	N192	7884767.073170733
834	441	149	76	0.15	1.0	admixture	mlthmm_derived	Opisthocomus_hoazin	050	N275	N192	7884767.073170733
1278	147	60	15	0.05	1.0	admixture	dtohmm_ancestral	Musophagiformes	025	N83	N118	4752782.926829269
934	491	52	23	0.05	1.0	admixture	phlag_dto_eap01_ena4_esp001_ex_ancestral	Musophagiformes	025	N83	N118	6.325979709625244
1425	0	75	0	0.05	1.0	admixture	pbphmm_derived	Musophagiformes	025	N83	N118	4752782.926829269
812	613	28	47	0.05	1.0	admixture	phlag_dto_eap01_ena4_esp001_ex_derived	Musophagiformes	025	N83	N118	6.325979709625244
1407	18	75	0	0.05	1.0	admixture	pbphmm_ancestral	Musophagiformes	025	N83	N118	4752782.926829269
1402	23	74	1	0.05	1.0	admixture	gqshmm_ex_derived	Musophagiformes	025	N83	N118	4752782.926829269
728	697	39	36	0.05	1.0	admixture	gqshmm_ancestral	Musophagiformes	025	N83	N118	4752782.926829269
1425	0	75	0	0.05	1.0	admixture	gqshmm_derived	Musophagiformes	025	N83	N118	4752782.926829269
898	527	46	29	0.05	1.0	admixture	cqshmm_ex_derived	Musophagiformes	025	N83	N118	4752782.926829269
1425	0	75	0	0.05	1.0	admixture	bcbhmm_derived	Musophagiformes	025	N83	N118	4752782.926829269
1181	244	75	0	0.05	1.0	admixture	phlag_dto_eap01_ena4_esp001_ancestral	Musophagiformes	025	N83	N118	6.325979709625244
768	657	46	29	0.05	1.0	admixture	mlthmm_ex_derived	Musophagiformes	025	N83	N118	4752782.926829269
1061	364	57	18	0.05	1.0	admixture	mlthmm_ancestral	Musophagiformes	025	N83	N118	4752782.926829269
935	490	47	28	0.05	1.0	admixture	dtohmm_ex_ancestral	Musophagiformes	025	N83	N118	4752782.926829269
836	589	44	31	0.05	1.0	admixture	bcbhmm_ex_ancestral	Musophagiformes	025	N83	N118	4752782.926829269
934	491	52	23	0.05	1.0	admixture	mlthmm_ex_ancestral	Musophagiformes	025	N83	N118	4752782.926829269
909	516	39	36	0.05	1.0	admixture	bcbhmm_ex_derived	Musophagiformes	025	N83	N118	4752782.926829269
724	701	41	34	0.05	1.0	admixture	dtohmm_ex_derived	Musophagiformes	025	N83	N118	4752782.926829269
1416	9	75	0	0.05	1.0	admixture	gqshmm_ex_ancestral	Musophagiformes	025	N83	N118	4752782.926829269
1425	0	75	0	0.05	1.0	admixture	dtohmm_derived	Musophagiformes	025	N83	N118	4752782.926829269
956	469	50	25	0.05	1.0	admixture	bcbhmm_ancestral	Musophagiformes	025	N83	N118	4752782.926829269
769	656	45	30	0.05	1.0	admixture	cqshmm_ex_ancestral	Musophagiformes	025	N83	N118	4752782.926829269
1425	0	75	0	0.05	1.0	admixture	phlag_dto_eap01_ena4_esp001_derived	Musophagiformes	025	N83	N118	6.325979709625244
1425	0	75	0	0.05	1.0	admixture	cqshmm_derived	Musophagiformes	025	N83	N118	4752782.926829269
1389	36	73	2	0.05	1.0	admixture	pbphmm_ex_ancestral	Musophagiformes	025	N83	N118	4752782.926829269
1244	181	62	13	0.05	1.0	admixture	cqshmm_ancestral	Musophagiformes	025	N83	N118	4752782.926829269
1402	23	74	1	0.05	1.0	admixture	gqshmm_ex	Musophagiformes	025	N83	N118	4752782.926829269
1407	18	75	0	0.05	1.0	admixture	pbphmm_ex_derived	Musophagiformes	025	N83	N118	4752782.926829269
1425	0	75	0	0.05	1.0	admixture	mlthmm_derived	Musophagiformes	025	N83	N118	4752782.926829269
1058	217	72	153	0.15	1.0	admixture	dtohmm_ancestral	N546	050	N532	N567	63752.439024390245
1145	130	0	225	0.15	1.0	admixture	phlag_dto_eap01_ena4_esp001_ex_ancestral	N546	050	N532	N567	0.2889823019504547
527	748	225	0	0.15	1.0	admixture	pbphmm_derived	N546	050	N532	N567	63752.439024390245
1275	0	0	225	0.15	1.0	admixture	phlag_dto_eap01_ena4_esp001_ex_derived	N546	050	N532	N567	0.2889823019504547
1230	45	1	224	0.15	1.0	admixture	pbphmm_ancestral	N546	050	N532	N567	63752.439024390245
1067	208	200	25	0.15	1.0	admixture	gqshmm_ex_derived	N546	050	N532	N567	63752.439024390245
1115	160	199	26	0.15	1.0	admixture	gqshmm_ancestral	N546	050	N532	N567	63752.439024390245
755	520	84	141	0.15	1.0	admixture	gqshmm_derived	N546	050	N532	N567	63752.439024390245
1071	204	11	214	0.15	1.0	admixture	cqshmm_ex_derived	N546	050	N532	N567	63752.439024390245
1122	153	5	220	0.15	1.0	admixture	bcbhmm_derived	N546	050	N532	N567	63752.439024390245
1058	217	72	153	0.15	1.0	admixture	phlag_dto_eap01_ena4_esp001_ancestral	N546	050	N532	N567	0.2889823019504547
712	563	159	66	0.15	1.0	admixture	mlthmm_ex_derived	N546	050	N532	N567	63752.439024390245
1216	59	167	58	0.15	1.0	admixture	mlthmm_ancestral	N546	050	N532	N567	63752.439024390245
1127	148	197	28	0.15	1.0	admixture	dtohmm_ex_ancestral	N546	050	N532	N567	63752.439024390245
1243	32	212	13	0.15	1.0	admixture	bcbhmm_ex_ancestral	N546	050	N532	N567	63752.439024390245
1103	172	190	35	0.15	1.0	admixture	mlthmm_ex_ancestral	N546	050	N532	N567	63752.439024390245
735	540	128	97	0.15	1.0	admixture	bcbhmm_ex_derived	N546	050	N532	N567	63752.439024390245
1275	0	0	225	0.15	1.0	admixture	dtohmm_ex_derived	N546	050	N532	N567	63752.439024390245
1275	0	225	0	0.15	1.0	admixture	gqshmm_ex_ancestral	N546	050	N532	N567	63752.439024390245
1274	1	5	220	0.15	1.0	admixture	dtohmm_derived	N546	050	N532	N567	63752.439024390245
1268	7	219	6	0.15	1.0	admixture	bcbhmm_ancestral	N546	050	N532	N567	63752.439024390245
1028	247	108	117	0.15	1.0	admixture	cqshmm_ex_ancestral	N546	050	N532	N567	63752.439024390245
1274	1	5	220	0.15	1.0	admixture	phlag_dto_eap01_ena4_esp001_derived	N546	050	N532	N567	0.2889823019504547
1265	10	4	221	0.15	1.0	admixture	cqshmm_derived	N546	050	N532	N567	63752.439024390245
861	414	29	196	0.15	1.0	admixture	pbphmm_ex_ancestral	N546	050	N532	N567	63752.439024390245
1134	141	56	169	0.15	1.0	admixture	cqshmm_ancestral	N546	050	N532	N567	63752.439024390245
1067	208	200	25	0.15	1.0	admixture	gqshmm_ex	N546	050	N532	N567	63752.439024390245
1274	1	0	225	0.15	1.0	admixture	pbphmm_ex_derived	N546	050	N532	N567	63752.439024390245
777	498	27	198	0.15	1.0	admixture	mlthmm_derived	N546	050	N532	N567	63752.439024390245
1176	24	253	47	0.2	1.0	admixture	dtohmm_ancestral	N546	050	N532	N567	63752.439024390245
1148	52	0	300	0.2	1.0	admixture	phlag_dto_eap01_ena4_esp001_ex_ancestral	N546	050	N532	N567	0.32534006237983704
1139	61	3	297	0.2	1.0	admixture	pbphmm_derived	N546	050	N532	N567	63752.439024390245
1198	2	2	298	0.2	1.0	admixture	phlag_dto_eap01_ena4_esp001_ex_derived	N546	050	N532	N567	0.32534006237983704
1200	0	0	300	0.2	1.0	admixture	pbphmm_ancestral	N546	050	N532	N567	63752.439024390245
1003	197	271	29	0.2	1.0	admixture	gqshmm_ex_derived	N546	050	N532	N567	63752.439024390245
1138	62	284	16	0.2	1.0	admixture	gqshmm_ancestral	N546	050	N532	N567	63752.439024390245
715	485	114	186	0.2	1.0	admixture	gqshmm_derived	N546	050	N532	N567	63752.439024390245
1023	177	14	286	0.2	1.0	admixture	cqshmm_ex_derived	N546	050	N532	N567	63752.439024390245
1176	24	0	300	0.2	1.0	admixture	bcbhmm_derived	N546	050	N532	N567	63752.439024390245
542	658	300	0	0.2	1.0	admixture	phlag_dto_eap01_ena4_esp001_ancestral	N546	050	N532	N567	0.32534006237983704
657	543	215	85	0.2	1.0	admixture	mlthmm_ex_derived	N546	050	N532	N567	63752.439024390245
1141	59	274	26	0.2	1.0	admixture	mlthmm_ancestral	N546	050	N532	N567	63752.439024390245
1056	144	260	40	0.2	1.0	admixture	dtohmm_ex_ancestral	N546	050	N532	N567	63752.439024390245
1151	49	272	28	0.2	1.0	admixture	bcbhmm_ex_ancestral	N546	050	N532	N567	63752.439024390245
1027	173	246	54	0.2	1.0	admixture	mlthmm_ex_ancestral	N546	050	N532	N567	63752.439024390245
672	528	164	136	0.2	1.0	admixture	bcbhmm_ex_derived	N546	050	N532	N567	63752.439024390245
1198	2	2	298	0.2	1.0	admixture	dtohmm_ex_derived	N546	050	N532	N567	63752.439024390245
1119	81	275	25	0.2	1.0	admixture	gqshmm_ex_ancestral	N546	050	N532	N567	63752.439024390245
1190	10	12	288	0.2	1.0	admixture	dtohmm_derived	N546	050	N532	N567	63752.439024390245
1187	13	289	11	0.2	1.0	admixture	bcbhmm_ancestral	N546	050	N532	N567	63752.439024390245
961	239	119	181	0.2	1.0	admixture	cqshmm_ex_ancestral	N546	050	N532	N567	63752.439024390245
1190	10	15	285	0.2	1.0	admixture	phlag_dto_eap01_ena4_esp001_derived	N546	050	N532	N567	0.32534006237983704
1194	6	0	300	0.2	1.0	admixture	cqshmm_derived	N546	050	N532	N567	63752.439024390245
825	375	47	253	0.2	1.0	admixture	pbphmm_ex_ancestral	N546	050	N532	N567	63752.439024390245
1150	50	11	289	0.2	1.0	admixture	cqshmm_ancestral	N546	050	N532	N567	63752.439024390245
1003	197	271	29	0.2	1.0	admixture	gqshmm_ex	N546	050	N532	N567	63752.439024390245
1195	5	0	300	0.2	1.0	admixture	pbphmm_ex_derived	N546	050	N532	N567	63752.439024390245
1167	33	0	300	0.2	1.0	admixture	mlthmm_derived	N546	050	N532	N567	63752.439024390245
1156	44	298	2	0.2	1.0	admixture	dtohmm_ancestral	Musophagiformes	050	N83	N118	4752782.926829269
790	410	180	120	0.2	1.0	admixture	phlag_dto_eap01_ena4_esp001_ex_ancestral	Musophagiformes	050	N83	N118	6.327730178833008
1200	0	300	0	0.2	1.0	admixture	pbphmm_derived	Musophagiformes	050	N83	N118	4752782.926829269
1200	0	300	0	0.2	1.0	admixture	phlag_dto_eap01_ena4_esp001_ex_derived	Musophagiformes	050	N83	N118	6.327730178833008
1199	1	300	0	0.2	1.0	admixture	pbphmm_ancestral	Musophagiformes	050	N83	N118	4752782.926829269
1179	21	297	3	0.2	1.0	admixture	gqshmm_ex_derived	Musophagiformes	050	N83	N118	4752782.926829269
607	593	159	141	0.2	1.0	admixture	gqshmm_ancestral	Musophagiformes	050	N83	N118	4752782.926829269
1200	0	300	0	0.2	1.0	admixture	gqshmm_derived	Musophagiformes	050	N83	N118	4752782.926829269
804	396	210	90	0.2	1.0	admixture	cqshmm_ex_derived	Musophagiformes	050	N83	N118	4752782.926829269
1200	0	300	0	0.2	1.0	admixture	bcbhmm_derived	Musophagiformes	050	N83	N118	4752782.926829269
1159	41	269	31	0.2	1.0	admixture	phlag_dto_eap01_ena4_esp001_ancestral	Musophagiformes	050	N83	N118	6.327730178833008
648	552	163	137	0.2	1.0	admixture	mlthmm_ex_derived	Musophagiformes	050	N83	N118	4752782.926829269
966	234	235	65	0.2	1.0	admixture	mlthmm_ancestral	Musophagiformes	050	N83	N118	4752782.926829269
781	419	207	93	0.2	1.0	admixture	dtohmm_ex_ancestral	Musophagiformes	050	N83	N118	4752782.926829269
706	494	182	118	0.2	1.0	admixture	bcbhmm_ex_ancestral	Musophagiformes	050	N83	N118	4752782.926829269
790	410	180	120	0.2	1.0	admixture	mlthmm_ex_ancestral	Musophagiformes	050	N83	N118	4752782.926829269
762	438	191	109	0.2	1.0	admixture	bcbhmm_ex_derived	Musophagiformes	050	N83	N118	4752782.926829269
615	585	157	143	0.2	1.0	admixture	dtohmm_ex_derived	Musophagiformes	050	N83	N118	4752782.926829269
1196	4	297	3	0.2	1.0	admixture	gqshmm_ex_ancestral	Musophagiformes	050	N83	N118	4752782.926829269
1200	0	300	0	0.2	1.0	admixture	dtohmm_derived	Musophagiformes	050	N83	N118	4752782.926829269
1017	183	260	40	0.2	1.0	admixture	bcbhmm_ancestral	Musophagiformes	050	N83	N118	4752782.926829269
639	561	160	140	0.2	1.0	admixture	cqshmm_ex_ancestral	Musophagiformes	050	N83	N118	4752782.926829269
1200	0	300	0	0.2	1.0	admixture	phlag_dto_eap01_ena4_esp001_derived	Musophagiformes	050	N83	N118	6.327730178833008
1200	0	300	0	0.2	1.0	admixture	cqshmm_derived	Musophagiformes	050	N83	N118	4752782.926829269
1169	31	292	8	0.2	1.0	admixture	pbphmm_ex_ancestral	Musophagiformes	050	N83	N118	4752782.926829269
948	252	239	61	0.2	1.0	admixture	cqshmm_ancestral	Musophagiformes	050	N83	N118	4752782.926829269
1179	21	297	3	0.2	1.0	admixture	gqshmm_ex	Musophagiformes	050	N83	N118	4752782.926829269
1193	7	297	3	0.2	1.0	admixture	pbphmm_ex_derived	Musophagiformes	050	N83	N118	4752782.926829269
1200	0	300	0	0.2	1.0	admixture	mlthmm_derived	Musophagiformes	050	N83	N118	4752782.926829269
986	484	19	11	0.02	1.0	admixture	dtohmm_ancestral	Strigiformes	025	N349	N299	945508.536585366
749	721	11	19	0.02	1.0	admixture	phlag_dto_eap01_ena4_esp001_ex_ancestral	Strigiformes	025	N349	N299	1.6915560960769653
1470	0	30	0	0.02	1.0	admixture	pbphmm_derived	Strigiformes	025	N349	N299	945508.536585366
1136	334	0	30	0.02	1.0	admixture	phlag_dto_eap01_ena4_esp001_ex_derived	Strigiformes	025	N349	N299	1.6915560960769653
1403	67	30	0	0.02	1.0	admixture	pbphmm_ancestral	Strigiformes	025	N349	N299	945508.536585366
1467	3	30	0	0.02	1.0	admixture	gqshmm_ex_derived	Strigiformes	025	N349	N299	945508.536585366
926	544	18	12	0.02	1.0	admixture	gqshmm_ancestral	Strigiformes	025	N349	N299	945508.536585366
1199	271	19	11	0.02	1.0	admixture	gqshmm_derived	Strigiformes	025	N349	N299	945508.536585366
820	650	18	12	0.02	1.0	admixture	cqshmm_ex_derived	Strigiformes	025	N349	N299	945508.536585366
835	635	30	0	0.02	1.0	admixture	bcbhmm_derived	Strigiformes	025	N349	N299	945508.536585366
1404	66	30	0	0.02	1.0	admixture	phlag_dto_eap01_ena4_esp001_ancestral	Strigiformes	025	N349	N299	1.6915560960769653
1145	325	20	10	0.02	1.0	admixture	mlthmm_ex_derived	Strigiformes	025	N349	N299	945508.536585366
977	493	19	11	0.02	1.0	admixture	mlthmm_ancestral	Strigiformes	025	N349	N299	945508.536585366
968	502	24	6	0.02	1.0	admixture	dtohmm_ex_ancestral	Strigiformes	025	N349	N299	945508.536585366
775	695	13	17	0.02	1.0	admixture	bcbhmm_ex_ancestral	Strigiformes	025	N349	N299	945508.536585366
967	503	16	14	0.02	1.0	admixture	mlthmm_ex_ancestral	Strigiformes	025	N349	N299	945508.536585366
1060	410	20	10	0.02	1.0	admixture	bcbhmm_ex_derived	Strigiformes	025	N349	N299	945508.536585366
1073	397	20	10	0.02	1.0	admixture	dtohmm_ex_derived	Strigiformes	025	N349	N299	945508.536585366
1166	304	19	11	0.02	1.0	admixture	gqshmm_ex_ancestral	Strigiformes	025	N349	N299	945508.536585366
1395	75	21	9	0.02	1.0	admixture	dtohmm_derived	Strigiformes	025	N349	N299	945508.536585366
1227	243	20	10	0.02	1.0	admixture	bcbhmm_ancestral	Strigiformes	025	N349	N299	945508.536585366
855	615	15	15	0.02	1.0	admixture	cqshmm_ex_ancestral	Strigiformes	025	N349	N299	945508.536585366
1430	40	0	30	0.02	1.0	admixture	phlag_dto_eap01_ena4_esp001_derived	Strigiformes	025	N349	N299	1.6915560960769653
942	528	30	0	0.02	1.0	admixture	cqshmm_derived	Strigiformes	025	N349	N299	945508.536585366
1431	39	30	0	0.02	1.0	admixture	pbphmm_ex_ancestral	Strigiformes	025	N349	N299	945508.536585366
771	699	18	12	0.02	1.0	admixture	cqshmm_ancestral	Strigiformes	025	N349	N299	945508.536585366
1467	3	30	0	0.02	1.0	admixture	gqshmm_ex	Strigiformes	025	N349	N299	945508.536585366
1449	21	30	0	0.02	1.0	admixture	pbphmm_ex_derived	Strigiformes	025	N349	N299	945508.536585366
1342	128	18	12	0.02	1.0	admixture	mlthmm_derived	Strigiformes	025	N349	N299	945508.536585366
953	517	2	28	0.02	1.0	admixture	dtohmm_ancestral	N546	025	N532	N567	63752.439024390245
1282	188	30	0	0.02	1.0	admixture	phlag_dto_eap01_ena4_esp001_ex_ancestral	N546	025	N532	N567	0.24990050494670868
1400	70	30	0	0.02	1.0	admixture	pbphmm_derived	N546	025	N532	N567	63752.439024390245
1126	344	0	30	0.02	1.0	admixture	phlag_dto_eap01_ena4_esp001_ex_derived	N546	025	N532	N567	0.24990050494670868
1346	124	19	11	0.02	1.0	admixture	pbphmm_ancestral	N546	025	N532	N567	63752.439024390245
1229	241	26	4	0.02	1.0	admixture	gqshmm_ex_derived	N546	025	N532	N567	63752.439024390245
1275	195	27	3	0.02	1.0	admixture	gqshmm_ancestral	N546	025	N532	N567	63752.439024390245
863	607	10	20	0.02	1.0	admixture	gqshmm_derived	N546	025	N532	N567	63752.439024390245
1218	252	7	23	0.02	1.0	admixture	cqshmm_ex_derived	N546	025	N532	N567	63752.439024390245
1249	221	0	30	0.02	1.0	admixture	bcbhmm_derived	N546	025	N532	N567	63752.439024390245
1066	404	30	0	0.02	1.0	admixture	phlag_dto_eap01_ena4_esp001_ancestral	N546	025	N532	N567	0.24990050494670868
914	556	24	6	0.02	1.0	admixture	mlthmm_ex_derived	N546	025	N532	N567	63752.439024390245
1422	48	30	0	0.02	1.0	admixture	mlthmm_ancestral	N546	025	N532	N567	63752.439024390245
1281	189	25	5	0.02	1.0	admixture	dtohmm_ex_ancestral	N546	025	N532	N567	63752.439024390245
1365	105	27	3	0.02	1.0	admixture	bcbhmm_ex_ancestral	N546	025	N532	N567	63752.439024390245
1261	209	25	5	0.02	1.0	admixture	mlthmm_ex_ancestral	N546	025	N532	N567	63752.439024390245
835	635	18	12	0.02	1.0	admixture	bcbhmm_ex_derived	N546	025	N532	N567	63752.439024390245
760	710	8	22	0.02	1.0	admixture	dtohmm_ex_derived	N546	025	N532	N567	63752.439024390245
1370	100	26	4	0.02	1.0	admixture	gqshmm_ex_ancestral	N546	025	N532	N567	63752.439024390245
1096	374	5	25	0.02	1.0	admixture	dtohmm_derived	N546	025	N532	N567	63752.439024390245
1467	3	30	0	0.02	1.0	admixture	bcbhmm_ancestral	N546	025	N532	N567	63752.439024390245
1157	313	15	15	0.02	1.0	admixture	cqshmm_ex_ancestral	N546	025	N532	N567	63752.439024390245
1118	352	0	30	0.02	1.0	admixture	phlag_dto_eap01_ena4_esp001_derived	N546	025	N532	N567	0.24990050494670868
1381	89	0	30	0.02	1.0	admixture	cqshmm_derived	N546	025	N532	N567	63752.439024390245
983	487	6	24	0.02	1.0	admixture	pbphmm_ex_ancestral	N546	025	N532	N567	63752.439024390245
1327	143	20	10	0.02	1.0	admixture	cqshmm_ancestral	N546	025	N532	N567	63752.439024390245
1233	237	26	4	0.02	1.0	admixture	gqshmm_ex	N546	025	N532	N567	63752.439024390245
1079	391	0	30	0.02	1.0	admixture	pbphmm_ex_derived	N546	025	N532	N567	63752.439024390245
1267	203	7	23	0.02	1.0	admixture	mlthmm_derived	N546	025	N532	N567	63752.439024390245
790	635	36	39	0.05	1.0	admixture	dtohmm_ancestral	Opisthocomus_hoazin	025	N275	N192	7884767.073170733
996	429	42	33	0.05	1.0	admixture	phlag_dto_eap01_ena4_esp001_ex_ancestral	Opisthocomus_hoazin	025	N275	N192	0.0
1425	0	75	0	0.05	1.0	admixture	pbphmm_derived	Opisthocomus_hoazin	025	N275	N192	7884767.073170733
1136	289	65	10	0.05	1.0	admixture	phlag_dto_eap01_ena4_esp001_ex_derived	Opisthocomus_hoazin	025	N275	N192	0.0
1425	0	75	0	0.05	1.0	admixture	pbphmm_ancestral	Opisthocomus_hoazin	025	N275	N192	7884767.073170733
942	483	49	26	0.05	1.0	admixture	gqshmm_ex_derived	Opisthocomus_hoazin	025	N275	N192	7884767.073170733
751	674	39	36	0.05	1.0	admixture	gqshmm_ancestral	Opisthocomus_hoazin	025	N275	N192	7884767.073170733
902	523	53	22	0.05	1.0	admixture	gqshmm_derived	Opisthocomus_hoazin	025	N275	N192	7884767.073170733
1034	391	50	25	0.05	1.0	admixture	cqshmm_ex_derived	Opisthocomus_hoazin	025	N275	N192	7884767.073170733
972	453	58	17	0.05	1.0	admixture	bcbhmm_derived	Opisthocomus_hoazin	025	N275	N192	7884767.073170733
1178	247	75	0	0.05	1.0	admixture	phlag_dto_eap01_ena4_esp001_ancestral	Opisthocomus_hoazin	025	N275	N192	0.0
1029	396	53	22	0.05	1.0	admixture	mlthmm_ex_derived	Opisthocomus_hoazin	025	N275	N192	7884767.073170733
772	653	40	35	0.05	1.0	admixture	mlthmm_ancestral	Opisthocomus_hoazin	025	N275	N192	7884767.073170733
918	507	49	26	0.05	1.0	admixture	dtohmm_ex_ancestral	Opisthocomus_hoazin	025	N275	N192	7884767.073170733
850	575	51	24	0.05	1.0	admixture	bcbhmm_ex_ancestral	Opisthocomus_hoazin	025	N275	N192	7884767.073170733
943	482	50	25	0.05	1.0	admixture	mlthmm_ex_ancestral	Opisthocomus_hoazin	025	N275	N192	7884767.073170733
1087	338	57	18	0.05	1.0	admixture	bcbhmm_ex_derived	Opisthocomus_hoazin	025	N275	N192	7884767.073170733
1049	376	59	16	0.05	1.0	admixture	dtohmm_ex_derived	Opisthocomus_hoazin	025	N275	N192	7884767.073170733
1423	2	75	0	0.05	1.0	admixture	gqshmm_ex_ancestral	Opisthocomus_hoazin	025	N275	N192	7884767.073170733
884	541	47	28	0.05	1.0	admixture	dtohmm_derived	Opisthocomus_hoazin	025	N275	N192	7884767.073170733
847	578	42	33	0.05	1.0	admixture	bcbhmm_ancestral	Opisthocomus_hoazin	025	N275	N192	7884767.073170733
947	478	46	29	0.05	1.0	admixture	cqshmm_ex_ancestral	Opisthocomus_hoazin	025	N275	N192	7884767.073170733
1373	52	75	0	0.05	1.0	admixture	phlag_dto_eap01_ena4_esp001_derived	Opisthocomus_hoazin	025	N275	N192	0.0
1048	377	54	21	0.05	1.0	admixture	cqshmm_derived	Opisthocomus_hoazin	025	N275	N192	7884767.073170733
1415	10	74	1	0.05	1.0	admixture	pbphmm_ex_ancestral	Opisthocomus_hoazin	025	N275	N192	7884767.073170733
995	430	48	27	0.05	1.0	admixture	cqshmm_ancestral	Opisthocomus_hoazin	025	N275	N192	7884767.073170733
1338	87	71	4	0.05	1.0	admixture	pbphmm_ex_derived	Opisthocomus_hoazin	025	N275	N192	7884767.073170733
785	640	40	35	0.05	1.0	admixture	mlthmm_derived	Opisthocomus_hoazin	025	N275	N192	7884767.073170733
1128	297	66	9	0.05	1.0	admixture	dtohmm_ancestral	N689	050	N657	N672	91779.26829268293
1303	122	6	69	0.05	1.0	admixture	phlag_dto_eap01_ena4_esp001_ex_ancestral	N689	050	N657	N672	0.44824647903442383
950	475	45	30	0.05	1.0	admixture	pbphmm_derived	N689	050	N657	N672	91779.26829268293
1363	62	12	63	0.05	1.0	admixture	phlag_dto_eap01_ena4_esp001_ex_derived	N689	050	N657	N672	0.44824647903442383
749	676	37	38	0.05	1.0	admixture	pbphmm_ancestral	N689	050	N657	N672	91779.26829268293
870	555	44	31	0.05	1.0	admixture	gqshmm_ex_derived	N689	050	N657	N672	91779.26829268293
1387	38	72	3	0.05	1.0	admixture	gqshmm_ancestral	N689	050	N657	N672	91779.26829268293
1057	368	48	27	0.05	1.0	admixture	gqshmm_derived	N689	050	N657	N672	91779.26829268293
953	472	41	34	0.05	1.0	admixture	cqshmm_ex_derived	N689	050	N657	N672	91779.26829268293
1247	178	75	0	0.05	1.0	admixture	bcbhmm_derived	N689	050	N657	N672	91779.26829268293
1012	413	0	75	0.05	1.0	admixture	phlag_dto_eap01_ena4_esp001_ancestral	N689	050	N657	N672	0.44824647903442383
866	559	39	36	0.05	1.0	admixture	mlthmm_ex_derived	N689	050	N657	N672	91779.26829268293
1223	202	69	6	0.05	1.0	admixture	mlthmm_ancestral	N689	050	N657	N672	91779.26829268293
1010	415	60	15	0.05	1.0	admixture	dtohmm_ex_ancestral	N689	050	N657	N672	91779.26829268293
1290	135	69	6	0.05	1.0	admixture	bcbhmm_ex_ancestral	N689	050	N657	N672	91779.26829268293
744	681	25	50	0.05	1.0	admixture	mlthmm_ex_ancestral	N689	050	N657	N672	91779.26829268293
1021	404	56	19	0.05	1.0	admixture	bcbhmm_ex_derived	N689	050	N657	N672	91779.26829268293
834	591	38	37	0.05	1.0	admixture	dtohmm_ex_derived	N689	050	N657	N672	91779.26829268293
1345	80	68	7	0.05	1.0	admixture	gqshmm_ex_ancestral	N689	050	N657	N672	91779.26829268293
1080	345	56	19	0.05	1.0	admixture	dtohmm_derived	N689	050	N657	N672	91779.26829268293
1421	4	75	0	0.05	1.0	admixture	bcbhmm_ancestral	N689	050	N657	N672	91779.26829268293
1057	368	48	27	0.05	1.0	admixture	cqshmm_ex_ancestral	N689	050	N657	N672	91779.26829268293
1425	0	75	0	0.05	1.0	admixture	phlag_dto_eap01_ena4_esp001_derived	N689	050	N657	N672	0.44824647903442383
748	677	39	36	0.05	1.0	admixture	cqshmm_derived	N689	050	N657	N672	91779.26829268293
805	620	3	72	0.05	1.0	admixture	pbphmm_ex_ancestral	N689	050	N657	N672	91779.26829268293
1106	319	52	23	0.05	1.0	admixture	cqshmm_ancestral	N689	050	N657	N672	91779.26829268293
870	555	44	31	0.05	1.0	admixture	gqshmm_ex	N689	050	N657	N672	91779.26829268293
978	447	65	10	0.05	1.0	admixture	pbphmm_ex_derived	N689	050	N657	N672	91779.26829268293
853	572	39	36	0.05	1.0	admixture	mlthmm_derived	N689	050	N657	N672	91779.26829268293
1296	129	62	13	0.05	1.0	admixture	dtohmm_ancestral	Coraciiformes	050	Bucerotiformes	Piciformes	449463.4146341464
1425	0	75	0	0.05	1.0	admixture	phlag_dto_eap01_ena4_esp001_ex_ancestral	Coraciiformes	050	Bucerotiformes	Piciformes	2.8887531757354736
1407	18	52	23	0.05	1.0	admixture	pbphmm_derived	Coraciiformes	050	Bucerotiformes	Piciformes	449463.4146341464
1425	0	7	68	0.05	1.0	admixture	phlag_dto_eap01_ena4_esp001_ex_derived	Coraciiformes	050	Bucerotiformes	Piciformes	2.8887531757354736
856	569	13	62	0.05	1.0	admixture	pbphmm_ancestral	Coraciiformes	050	Bucerotiformes	Piciformes	449463.4146341464
1132	293	47	28	0.05	1.0	admixture	gqshmm_ex_derived	Coraciiformes	050	Bucerotiformes	Piciformes	449463.4146341464
1232	193	61	14	0.05	1.0	admixture	gqshmm_ancestral	Coraciiformes	050	Bucerotiformes	Piciformes	449463.4146341464
1346	79	61	14	0.05	1.0	admixture	gqshmm_derived	Coraciiformes	050	Bucerotiformes	Piciformes	449463.4146341464
1330	95	68	7	0.05	1.0	admixture	cqshmm_ex_derived	Coraciiformes	050	Bucerotiformes	Piciformes	449463.4146341464
1425	0	75	0	0.05	1.0	admixture	bcbhmm_derived	Coraciiformes	050	Bucerotiformes	Piciformes	449463.4146341464
1425	0	75	0	0.05	1.0	admixture	phlag_dto_eap01_ena4_esp001_ancestral	Coraciiformes	050	Bucerotiformes	Piciformes	2.8887531757354736
925	500	36	39	0.05	1.0	admixture	mlthmm_ex_derived	Coraciiformes	050	Bucerotiformes	Piciformes	449463.4146341464
1411	14	74	1	0.05	1.0	admixture	mlthmm_ancestral	Coraciiformes	050	Bucerotiformes	Piciformes	449463.4146341464
866	559	30	45	0.05	1.0	admixture	dtohmm_ex_ancestral	Coraciiformes	050	Bucerotiformes	Piciformes	449463.4146341464
1422	3	75	0	0.05	1.0	admixture	bcbhmm_ex_ancestral	Coraciiformes	050	Bucerotiformes	Piciformes	449463.4146341464
1163	262	40	35	0.05	1.0	admixture	mlthmm_ex_ancestral	Coraciiformes	050	Bucerotiformes	Piciformes	449463.4146341464
1295	130	68	7	0.05	1.0	admixture	bcbhmm_ex_derived	Coraciiformes	050	Bucerotiformes	Piciformes	449463.4146341464
1034	391	47	28	0.05	1.0	admixture	dtohmm_ex_derived	Coraciiformes	050	Bucerotiformes	Piciformes	449463.4146341464
983	442	38	37	0.05	1.0	admixture	gqshmm_ex_ancestral	Coraciiformes	050	Bucerotiformes	Piciformes	449463.4146341464
1402	23	66	9	0.05	1.0	admixture	dtohmm_derived	Coraciiformes	050	Bucerotiformes	Piciformes	449463.4146341464
1275	150	68	7	0.05	1.0	admixture	bcbhmm_ancestral	Coraciiformes	050	Bucerotiformes	Piciformes	449463.4146341464
1220	205	60	15	0.05	1.0	admixture	cqshmm_ex_ancestral	Coraciiformes	050	Bucerotiformes	Piciformes	449463.4146341464
1397	28	75	0	0.05	1.0	admixture	phlag_dto_eap01_ena4_esp001_derived	Coraciiformes	050	Bucerotiformes	Piciformes	2.8887531757354736
1405	20	61	14	0.05	1.0	admixture	cqshmm_derived	Coraciiformes	050	Bucerotiformes	Piciformes	449463.4146341464
759	666	23	52	0.05	1.0	admixture	pbphmm_ex_ancestral	Coraciiformes	050	Bucerotiformes	Piciformes	449463.4146341464
1201	224	61	14	0.05	1.0	admixture	cqshmm_ancestral	Coraciiformes	050	Bucerotiformes	Piciformes	449463.4146341464
1132	293	47	28	0.05	1.0	admixture	gqshmm_ex	Coraciiformes	050	Bucerotiformes	Piciformes	449463.4146341464
1271	154	64	11	0.05	1.0	admixture	pbphmm_ex_derived	Coraciiformes	050	Bucerotiformes	Piciformes	449463.4146341464
1382	43	69	6	0.05	1.0	admixture	mlthmm_derived	Coraciiformes	050	Bucerotiformes	Piciformes	449463.4146341464
