1388	37	74	1	0.05	1.0	recombination	phylter_k_155	N397	recombination_increase
1284	141	70	5	0.05	1.0	recombination	phylter_k_020	N397	recombination_increase
1422	3	75	0	0.05	1.0	recombination	phylter_k_300	N397	recombination_increase
0	1425	0	75	0.05	1.0	recombination	phylter_k_050	N397	recombination_increase
1424	1	75	0	0.05	1.0	recombination	phylter_k_300	N397	recombination_increase
1332	93	70	5	0.05	1.0	recombination	phylter_k_050	N397	recombination_increase
1375	50	73	2	0.05	1.0	recombination	phylter_k_155	N397	recombination_increase
1370	55	73	2	0.05	1.0	recombination	phylter_k_155	N397	recombination_increase
0	1425	0	75	0.05	1.0	recombination	phylter_k_050	N397	recombination_increase
1	1424	0	75	0.05	1.0	recombination	phylter_k_020	N397	recombination_increase
1	1424	0	75	0.05	1.0	recombination	phylter_k_020	N397	recombination_increase
1420	5	75	0	0.05	1.0	recombination	phylter_k_300	N397	recombination_increase
1367	58	73	2	0.05	1.0	recombination	phylter_k_155	N274	recombination_increase
0	1425	0	75	0.05	1.0	recombination	phylter_k_020	N274	recombination_increase
1265	160	62	13	0.05	1.0	recombination	phylter_k_020	N274	recombination_increase
1423	2	75	0	0.05	1.0	recombination	phylter_k_300	N274	recombination_increase
1389	36	75	0	0.05	1.0	recombination	phylter_k_155	N274	recombination_increase
1424	1	75	0	0.05	1.0	recombination	phylter_k_300	N274	recombination_increase
1379	46	75	0	0.05	1.0	recombination	phylter_k_155	N274	recombination_increase
0	1425	0	75	0.05	1.0	recombination	phylter_k_020	N274	recombination_increase
1262	163	65	10	0.05	1.0	recombination	phylter_k_050	N274	recombination_increase
0	1425	0	75	0.05	1.0	recombination	phylter_k_050	N274	recombination_increase
0	1425	0	75	0.05	1.0	recombination	phylter_k_050	N274	recombination_increase
1424	1	75	0	0.05	1.0	recombination	phylter_k_300	N274	recombination_increase
1	1424	0	75	0.05	1.0	recombination	phylter_k_050	N639	recombination_increase
1420	5	75	0	0.05	1.0	recombination	phylter_k_300	N639	recombination_increase
1205	220	65	10	0.05	1.0	recombination	phylter_k_050	N639	recombination_increase
1424	1	75	0	0.05	1.0	recombination	phylter_k_300	N639	recombination_increase
1379	46	74	1	0.05	1.0	recombination	phylter_k_155	N639	recombination_increase
1385	40	74	1	0.05	1.0	recombination	phylter_k_155	N639	recombination_increase
1420	5	75	0	0.05	1.0	recombination	phylter_k_300	N639	recombination_increase
22	1403	0	75	0.05	1.0	recombination	phylter_k_050	N639	recombination_increase
1327	98	72	3	0.05	1.0	recombination	phylter_k_020	N639	recombination_increase
635	790	41	34	0.05	1.0	recombination	phylter_k_020	N639	recombination_increase
273	1152	18	57	0.05	1.0	recombination	phylter_k_020	N639	recombination_increase
1394	31	74	1	0.05	1.0	recombination	phylter_k_155	N639	recombination_increase
1278	72	144	6	0.1	1.0	recombination	phylter_k_155	N151	recombination_increase
1348	2	150	0	0.1	1.0	recombination	phylter_k_300	N151	recombination_increase
1344	6	149	1	0.1	1.0	recombination	phylter_k_300	N151	recombination_increase
1222	128	133	17	0.1	1.0	recombination	phylter_k_050	N151	recombination_increase
1	1349	0	150	0.1	1.0	recombination	phylter_k_020	N151	recombination_increase
1344	6	149	1	0.1	1.0	recombination	phylter_k_300	N151	recombination_increase
1284	66	145	5	0.1	1.0	recombination	phylter_k_155	N151	recombination_increase
1	1349	0	150	0.1	1.0	recombination	phylter_k_050	N151	recombination_increase
1313	37	146	4	0.1	1.0	recombination	phylter_k_155	N151	recombination_increase
1199	151	131	19	0.1	1.0	recombination	phylter_k_020	N151	recombination_increase
3	1347	0	150	0.1	1.0	recombination	phylter_k_020	N151	recombination_increase
0	1350	0	150	0.1	1.0	recombination	phylter_k_050	N151	recombination_increase
1432	38	29	1	0.02	1.0	recombination	phylter_k_155	N249	recombination_increase
1410	60	28	2	0.02	1.0	recombination	phylter_k_155	N249	recombination_increase
1315	155	26	4	0.02	1.0	recombination	phylter_k_020	N249	recombination_increase
1410	60	28	2	0.02	1.0	recombination	phylter_k_155	N249	recombination_increase
2	1468	0	30	0.02	1.0	recombination	phylter_k_020	N249	recombination_increase
2	1468	0	30	0.02	1.0	recombination	phylter_k_020	N249	recombination_increase
1469	1	30	0	0.02	1.0	recombination	phylter_k_300	N249	recombination_increase
0	1470	0	30	0.02	1.0	recombination	phylter_k_050	N249	recombination_increase
1469	1	30	0	0.02	1.0	recombination	phylter_k_300	N249	recombination_increase
1155	315	22	8	0.02	1.0	recombination	phylter_k_050	N249	recombination_increase
0	1470	0	30	0.02	1.0	recombination	phylter_k_050	N249	recombination_increase
1469	1	30	0	0.02	1.0	recombination	phylter_k_300	N249	recombination_increase
1411	59	28	2	0.02	1.0	recombination	phylter_k_155	N703	recombination_increase
1403	67	28	2	0.02	1.0	recombination	phylter_k_155	N703	recombination_increase
0	1470	0	30	0.02	1.0	recombination	phylter_k_020	N703	recombination_increase
1328	142	27	3	0.02	1.0	recombination	phylter_k_020	N703	recombination_increase
3	1467	0	30	0.02	1.0	recombination	phylter_k_020	N703	recombination_increase
1419	51	28	2	0.02	1.0	recombination	phylter_k_155	N703	recombination_increase
0	1470	0	30	0.02	1.0	recombination	phylter_k_050	N703	recombination_increase
1465	5	30	0	0.02	1.0	recombination	phylter_k_300	N703	recombination_increase
1465	5	30	0	0.02	1.0	recombination	phylter_k_300	N703	recombination_increase
0	1470	0	30	0.02	1.0	recombination	phylter_k_050	N703	recombination_increase
1469	1	30	0	0.02	1.0	recombination	phylter_k_300	N703	recombination_increase
1200	270	22	8	0.02	1.0	recombination	phylter_k_050	N703	recombination_increase
0	1470	0	30	0.02	1.0	recombination	phylter_k_020	N709	recombination_increase
1327	143	29	1	0.02	1.0	recombination	phylter_k_020	N709	recombination_increase
1430	40	29	1	0.02	1.0	recombination	phylter_k_155	N709	recombination_increase
1466	4	30	0	0.02	1.0	recombination	phylter_k_300	N709	recombination_increase
1465	5	30	0	0.02	1.0	recombination	phylter_k_300	N709	recombination_increase
1419	51	29	1	0.02	1.0	recombination	phylter_k_155	N709	recombination_increase
0	1470	0	30	0.02	1.0	recombination	phylter_k_020	N709	recombination_increase
0	1470	0	30	0.02	1.0	recombination	phylter_k_050	N709	recombination_increase
1469	1	30	0	0.02	1.0	recombination	phylter_k_300	N709	recombination_increase
0	1470	0	30	0.02	1.0	recombination	phylter_k_050	N709	recombination_increase
1343	127	27	3	0.02	1.0	recombination	phylter_k_050	N709	recombination_increase
1425	45	29	1	0.02	1.0	recombination	phylter_k_155	N709	recombination_increase
1	1124	0	375	0.25	1.0	recombination	phylter_k_020	N282	recombination_increase
1	1124	0	375	0.25	1.0	recombination	phylter_k_050	N282	recombination_increase
1078	47	362	13	0.25	1.0	recombination	phylter_k_155	N282	recombination_increase
1124	1	375	0	0.25	1.0	recombination	phylter_k_300	N282	recombination_increase
997	128	332	43	0.25	1.0	recombination	phylter_k_050	N282	recombination_increase
0	1125	0	375	0.25	1.0	recombination	phylter_k_050	N282	recombination_increase
1123	2	371	4	0.25	1.0	recombination	phylter_k_300	N282	recombination_increase
1074	51	362	13	0.25	1.0	recombination	phylter_k_155	N282	recombination_increase
1118	7	372	3	0.25	1.0	recombination	phylter_k_155	N282	recombination_increase
0	1125	0	375	0.25	1.0	recombination	phylter_k_020	N282	recombination_increase
1123	2	371	4	0.25	1.0	recombination	phylter_k_300	N282	recombination_increase
1032	93	354	21	0.25	1.0	recombination	phylter_k_020	N282	recombination_increase
0	1275	0	225	0.15	1.0	recombination	phylter_k_020	N716	recombination_increase
1270	5	225	0	0.15	1.0	recombination	phylter_k_300	N716	recombination_increase
1172	103	205	20	0.15	1.0	recombination	phylter_k_050	N716	recombination_increase
1274	1	225	0	0.15	1.0	recombination	phylter_k_300	N716	recombination_increase
1257	18	224	1	0.15	1.0	recombination	phylter_k_155	N716	recombination_increase
1271	4	225	0	0.15	1.0	recombination	phylter_k_300	N716	recombination_increase
1260	15	224	1	0.15	1.0	recombination	phylter_k_155	N716	recombination_increase
0	1275	0	225	0.15	1.0	recombination	phylter_k_050	N716	recombination_increase
0	1275	0	225	0.15	1.0	recombination	phylter_k_020	N716	recombination_increase
1264	11	224	1	0.15	1.0	recombination	phylter_k_155	N716	recombination_increase
0	1275	0	225	0.15	1.0	recombination	phylter_k_050	N716	recombination_increase
1126	149	204	21	0.15	1.0	recombination	phylter_k_020	N716	recombination_increase
224	901	61	314	0.25	1.0	recombination	phylter_k_020	N555	recombination_increase
1008	117	338	37	0.25	1.0	recombination	phylter_k_050	N555	recombination_increase
1124	1	375	0	0.25	1.0	recombination	phylter_k_300	N555	recombination_increase
46	1079	14	361	0.25	1.0	recombination	phylter_k_050	N555	recombination_increase
6	1119	2	373	0.25	1.0	recombination	phylter_k_050	N555	recombination_increase
1083	42	366	9	0.25	1.0	recombination	phylter_k_155	N555	recombination_increase
1078	47	365	10	0.25	1.0	recombination	phylter_k_155	N555	recombination_increase
984	141	340	35	0.25	1.0	recombination	phylter_k_020	N555	recombination_increase
1120	5	375	0	0.25	1.0	recombination	phylter_k_300	N555	recombination_increase
1092	33	368	7	0.25	1.0	recombination	phylter_k_155	N555	recombination_increase
1120	5	375	0	0.25	1.0	recombination	phylter_k_300	N555	recombination_increase
62	1063	13	362	0.25	1.0	recombination	phylter_k_020	N555	recombination_increase
1225	125	137	13	0.1	1.0	recombination	phylter_k_020	N187	recombination_increase
4	1346	0	150	0.1	1.0	recombination	phylter_k_020	N187	recombination_increase
1329	21	149	1	0.1	1.0	recombination	phylter_k_155	N187	recombination_increase
0	1350	0	150	0.1	1.0	recombination	phylter_k_050	N187	recombination_increase
1304	46	147	3	0.1	1.0	recombination	phylter_k_155	N187	recombination_increase
0	1350	0	150	0.1	1.0	recombination	phylter_k_050	N187	recombination_increase
1347	3	150	0	0.1	1.0	recombination	phylter_k_300	N187	recombination_increase
1349	1	150	0	0.1	1.0	recombination	phylter_k_300	N187	recombination_increase
1302	48	147	3	0.1	1.0	recombination	phylter_k_155	N187	recombination_increase
1244	106	136	14	0.1	1.0	recombination	phylter_k_050	N187	recombination_increase
0	1350	0	150	0.1	1.0	recombination	phylter_k_020	N187	recombination_increase
1347	3	150	0	0.1	1.0	recombination	phylter_k_300	N187	recombination_increase
1209	66	219	6	0.15	1.0	recombination	phylter_k_155	N174	recombination_increase
2	1273	0	225	0.15	1.0	recombination	phylter_k_050	N174	recombination_increase
13	1262	1	224	0.15	1.0	recombination	phylter_k_020	N174	recombination_increase
1274	1	225	0	0.15	1.0	recombination	phylter_k_300	N174	recombination_increase
0	1275	0	225	0.15	1.0	recombination	phylter_k_050	N174	recombination_increase
1185	90	210	15	0.15	1.0	recombination	phylter_k_050	N174	recombination_increase
1207	68	218	7	0.15	1.0	recombination	phylter_k_155	N174	recombination_increase
1169	106	209	16	0.15	1.0	recombination	phylter_k_020	N174	recombination_increase
1271	4	223	2	0.15	1.0	recombination	phylter_k_300	N174	recombination_increase
2	1273	1	224	0.15	1.0	recombination	phylter_k_020	N174	recombination_increase
1237	38	221	4	0.15	1.0	recombination	phylter_k_155	N174	recombination_increase
1271	4	223	2	0.15	1.0	recombination	phylter_k_300	N174	recombination_increase
1423	2	75	0	0.05	1.0	recombination	phylter_k_300	N113	recombination_increase
3	1422	0	75	0.05	1.0	recombination	phylter_k_020	N113	recombination_increase
1382	43	74	1	0.05	1.0	recombination	phylter_k_155	N113	recombination_increase
1423	2	75	0	0.05	1.0	recombination	phylter_k_300	N113	recombination_increase
1424	1	75	0	0.05	1.0	recombination	phylter_k_300	N113	recombination_increase
1241	184	68	7	0.05	1.0	recombination	phylter_k_050	N113	recombination_increase
0	1425	0	75	0.05	1.0	recombination	phylter_k_050	N113	recombination_increase
1382	43	74	1	0.05	1.0	recombination	phylter_k_155	N113	recombination_increase
1294	131	65	10	0.05	1.0	recombination	phylter_k_020	N113	recombination_increase
0	1425	0	75	0.05	1.0	recombination	phylter_k_050	N113	recombination_increase
3	1422	0	75	0.05	1.0	recombination	phylter_k_020	N113	recombination_increase
1411	14	75	0	0.05	1.0	recombination	phylter_k_155	N113	recombination_increase
0	1200	0	300	0.2	1.0	recombination	phylter_k_050	N709	recombination_increase
1091	109	277	23	0.2	1.0	recombination	phylter_k_050	N709	recombination_increase
1168	32	298	2	0.2	1.0	recombination	phylter_k_155	N709	recombination_increase
0	1200	0	300	0.2	1.0	recombination	phylter_k_020	N709	recombination_increase
1199	1	300	0	0.2	1.0	recombination	phylter_k_300	N709	recombination_increase
0	1200	0	300	0.2	1.0	recombination	phylter_k_020	N709	recombination_increase
1175	25	298	2	0.2	1.0	recombination	phylter_k_155	N709	recombination_increase
1195	5	300	0	0.2	1.0	recombination	phylter_k_300	N709	recombination_increase
1098	102	281	19	0.2	1.0	recombination	phylter_k_020	N709	recombination_increase
1195	5	300	0	0.2	1.0	recombination	phylter_k_300	N709	recombination_increase
1182	18	298	2	0.2	1.0	recombination	phylter_k_155	N709	recombination_increase
0	1200	0	300	0.2	1.0	recombination	phylter_k_050	N709	recombination_increase
0	1425	0	75	0.05	1.0	recombination	phylter_k_050	N228	recombination_increase
1279	146	66	9	0.05	1.0	recombination	phylter_k_050	N228	recombination_increase
1424	1	75	0	0.05	1.0	recombination	phylter_k_300	N228	recombination_increase
1423	2	75	0	0.05	1.0	recombination	phylter_k_300	N228	recombination_increase
1368	57	72	3	0.05	1.0	recombination	phylter_k_155	N228	recombination_increase
1287	138	68	7	0.05	1.0	recombination	phylter_k_020	N228	recombination_increase
1423	2	75	0	0.05	1.0	recombination	phylter_k_300	N228	recombination_increase
1	1424	0	75	0.05	1.0	recombination	phylter_k_020	N228	recombination_increase
1399	26	74	1	0.05	1.0	recombination	phylter_k_155	N228	recombination_increase
1368	57	72	3	0.05	1.0	recombination	phylter_k_155	N228	recombination_increase
1	1424	0	75	0.05	1.0	recombination	phylter_k_020	N228	recombination_increase
0	1425	0	75	0.05	1.0	recombination	phylter_k_050	N228	recombination_increase
0	1275	0	225	0.15	1.0	recombination	phylter_k_050	N238	recombination_increase
0	1275	0	225	0.15	1.0	recombination	phylter_k_020	N238	recombination_increase
1274	1	225	0	0.15	1.0	recombination	phylter_k_300	N238	recombination_increase
0	1275	0	225	0.15	1.0	recombination	phylter_k_050	N238	recombination_increase
993	282	169	56	0.15	1.0	recombination	phylter_k_050	N238	recombination_increase
1205	70	218	7	0.15	1.0	recombination	phylter_k_155	N238	recombination_increase
1272	3	225	0	0.15	1.0	recombination	phylter_k_300	N238	recombination_increase
1200	75	218	7	0.15	1.0	recombination	phylter_k_155	N238	recombination_increase
1234	41	221	4	0.15	1.0	recombination	phylter_k_155	N238	recombination_increase
1271	4	225	0	0.15	1.0	recombination	phylter_k_300	N238	recombination_increase
1182	93	200	25	0.15	1.0	recombination	phylter_k_020	N238	recombination_increase
0	1275	0	225	0.15	1.0	recombination	phylter_k_020	N238	recombination_increase
1152	48	288	12	0.2	1.0	recombination	phylter_k_155	N249	recombination_increase
0	1200	0	300	0.2	1.0	recombination	phylter_k_050	N249	recombination_increase
0	1200	1	299	0.2	1.0	recombination	phylter_k_020	N249	recombination_increase
1038	162	264	36	0.2	1.0	recombination	phylter_k_050	N249	recombination_increase
0	1200	0	300	0.2	1.0	recombination	phylter_k_050	N249	recombination_increase
1199	1	300	0	0.2	1.0	recombination	phylter_k_300	N249	recombination_increase
0	1200	1	299	0.2	1.0	recombination	phylter_k_020	N249	recombination_increase
1197	3	300	0	0.2	1.0	recombination	phylter_k_300	N249	recombination_increase
1043	157	261	39	0.2	1.0	recombination	phylter_k_020	N249	recombination_increase
1197	3	300	0	0.2	1.0	recombination	phylter_k_300	N249	recombination_increase
1173	27	295	5	0.2	1.0	recombination	phylter_k_155	N249	recombination_increase
1152	48	288	12	0.2	1.0	recombination	phylter_k_155	N249	recombination_increase
1198	2	300	0	0.2	1.0	recombination	phylter_k_300	N703	recombination_increase
1181	19	299	1	0.2	1.0	recombination	phylter_k_050	N703	recombination_increase
1194	6	300	0	0.2	1.0	recombination	phylter_k_300	N703	recombination_increase
0	1200	0	300	0.2	1.0	recombination	phylter_k_050	N703	recombination_increase
1078	122	259	41	0.2	1.0	recombination	phylter_k_020	N703	recombination_increase
1168	32	297	3	0.2	1.0	recombination	phylter_k_155	N703	recombination_increase
1177	23	297	3	0.2	1.0	recombination	phylter_k_155	N703	recombination_increase
1162	38	296	4	0.2	1.0	recombination	phylter_k_155	N703	recombination_increase
0	1200	0	300	0.2	1.0	recombination	phylter_k_050	N703	recombination_increase
0	1200	0	300	0.2	1.0	recombination	phylter_k_020	N703	recombination_increase
1194	6	300	0	0.2	1.0	recombination	phylter_k_300	N703	recombination_increase
0	1200	0	300	0.2	1.0	recombination	phylter_k_020	N703	recombination_increase
14	1411	0	75	0.05	1.0	recombination	phylter_k_020	N665	recombination_increase
1305	120	73	2	0.05	1.0	recombination	phylter_k_020	N665	recombination_increase
1401	24	75	0	0.05	1.0	recombination	phylter_k_155	N665	recombination_increase
1420	5	75	0	0.05	1.0	recombination	phylter_k_300	N665	recombination_increase
1420	5	75	0	0.05	1.0	recombination	phylter_k_300	N665	recombination_increase
1381	44	74	1	0.05	1.0	recombination	phylter_k_155	N665	recombination_increase
14	1411	0	75	0.05	1.0	recombination	phylter_k_020	N665	recombination_increase
2	1423	0	75	0.05	1.0	recombination	phylter_k_050	N665	recombination_increase
1424	1	75	0	0.05	1.0	recombination	phylter_k_300	N665	recombination_increase
2	1423	0	75	0.05	1.0	recombination	phylter_k_050	N665	recombination_increase
1135	290	61	14	0.05	1.0	recombination	phylter_k_050	N665	recombination_increase
1381	44	74	1	0.05	1.0	recombination	phylter_k_155	N665	recombination_increase
1124	1	375	0	0.25	1.0	recombination	phylter_k_300	N176	recombination_increase
851	274	285	90	0.25	1.0	recombination	phylter_k_050	N176	recombination_increase
1051	74	353	22	0.25	1.0	recombination	phylter_k_155	N176	recombination_increase
1048	77	353	22	0.25	1.0	recombination	phylter_k_155	N176	recombination_increase
0	1125	0	375	0.25	1.0	recombination	phylter_k_050	N176	recombination_increase
1	1124	1	374	0.25	1.0	recombination	phylter_k_020	N176	recombination_increase
1122	3	374	1	0.25	1.0	recombination	phylter_k_300	N176	recombination_increase
6	1119	1	374	0.25	1.0	recombination	phylter_k_020	N176	recombination_increase
1076	49	365	10	0.25	1.0	recombination	phylter_k_155	N176	recombination_increase
1032	93	342	33	0.25	1.0	recombination	phylter_k_020	N176	recombination_increase
1122	3	374	1	0.25	1.0	recombination	phylter_k_300	N176	recombination_increase
0	1125	0	375	0.25	1.0	recombination	phylter_k_050	N176	recombination_increase
1389	36	73	2	0.05	1.0	recombination	phylter_k_155	N461	recombination_increase
4	1421	0	75	0.05	1.0	recombination	phylter_k_050	N461	recombination_increase
0	1425	0	75	0.05	1.0	recombination	phylter_k_050	N461	recombination_increase
1301	124	65	10	0.05	1.0	recombination	phylter_k_020	N461	recombination_increase
1395	30	73	2	0.05	1.0	recombination	phylter_k_155	N461	recombination_increase
180	1245	8	67	0.05	1.0	recombination	phylter_k_020	N461	recombination_increase
1389	36	73	2	0.05	1.0	recombination	phylter_k_155	N461	recombination_increase
1422	3	75	0	0.05	1.0	recombination	phylter_k_300	N461	recombination_increase
1422	3	75	0	0.05	1.0	recombination	phylter_k_300	N461	recombination_increase
1423	2	75	0	0.05	1.0	recombination	phylter_k_300	N461	recombination_increase
30	1395	3	72	0.05	1.0	recombination	phylter_k_020	N461	recombination_increase
1209	216	61	14	0.05	1.0	recombination	phylter_k_050	N461	recombination_increase
0	1425	0	75	0.05	1.0	recombination	phylter_k_050	N151	recombination_increase
1340	85	71	4	0.05	1.0	recombination	phylter_k_155	N151	recombination_increase
1103	322	58	17	0.05	1.0	recombination	phylter_k_050	N151	recombination_increase
4	1421	0	75	0.05	1.0	recombination	phylter_k_020	N151	recombination_increase
1424	1	75	0	0.05	1.0	recombination	phylter_k_300	N151	recombination_increase
0	1425	0	75	0.05	1.0	recombination	phylter_k_020	N151	recombination_increase
1344	81	72	3	0.05	1.0	recombination	phylter_k_155	N151	recombination_increase
1420	5	74	1	0.05	1.0	recombination	phylter_k_300	N151	recombination_increase
1420	5	74	1	0.05	1.0	recombination	phylter_k_300	N151	recombination_increase
1303	122	70	5	0.05	1.0	recombination	phylter_k_020	N151	recombination_increase
1379	46	73	2	0.05	1.0	recombination	phylter_k_155	N151	recombination_increase
0	1425	0	75	0.05	1.0	recombination	phylter_k_050	N151	recombination_increase
1169	31	297	3	0.2	1.0	recombination	phylter_k_155	N407	recombination_increase
1169	31	297	3	0.2	1.0	recombination	phylter_k_155	N407	recombination_increase
1110	90	281	19	0.2	1.0	recombination	phylter_k_020	N407	recombination_increase
0	1200	0	300	0.2	1.0	recombination	phylter_k_050	N407	recombination_increase
3	1197	0	300	0.2	1.0	recombination	phylter_k_020	N407	recombination_increase
1198	2	300	0	0.2	1.0	recombination	phylter_k_300	N407	recombination_increase
3	1197	0	300	0.2	1.0	recombination	phylter_k_020	N407	recombination_increase
1183	17	297	3	0.2	1.0	recombination	phylter_k_155	N407	recombination_increase
1198	2	300	0	0.2	1.0	recombination	phylter_k_300	N407	recombination_increase
1200	0	300	0	0.2	1.0	recombination	phylter_k_300	N407	recombination_increase
0	1200	0	300	0.2	1.0	recombination	phylter_k_050	N407	recombination_increase
1130	70	290	10	0.2	1.0	recombination	phylter_k_050	N407	recombination_increase
0	1350	0	150	0.1	1.0	recombination	phylter_k_020	N274	recombination_increase
1347	3	150	0	0.1	1.0	recombination	phylter_k_300	N274	recombination_increase
1349	1	150	0	0.1	1.0	recombination	phylter_k_300	N274	recombination_increase
1349	1	150	0	0.1	1.0	recombination	phylter_k_300	N274	recombination_increase
1155	195	119	31	0.1	1.0	recombination	phylter_k_050	N274	recombination_increase
1286	64	147	3	0.1	1.0	recombination	phylter_k_155	N274	recombination_increase
1297	53	150	0	0.1	1.0	recombination	phylter_k_155	N274	recombination_increase
0	1350	0	150	0.1	1.0	recombination	phylter_k_050	N274	recombination_increase
0	1350	0	150	0.1	1.0	recombination	phylter_k_050	N274	recombination_increase
1308	42	150	0	0.1	1.0	recombination	phylter_k_155	N274	recombination_increase
1179	171	130	20	0.1	1.0	recombination	phylter_k_020	N274	recombination_increase
0	1350	0	150	0.1	1.0	recombination	phylter_k_020	N274	recombination_increase
0	1350	0	150	0.1	1.0	recombination	phylter_k_050	N397	recombination_increase
0	1350	0	150	0.1	1.0	recombination	phylter_k_020	N397	recombination_increase
1312	38	148	2	0.1	1.0	recombination	phylter_k_155	N397	recombination_increase
1300	50	146	4	0.1	1.0	recombination	phylter_k_155	N397	recombination_increase
0	1350	0	150	0.1	1.0	recombination	phylter_k_050	N397	recombination_increase
1269	81	143	7	0.1	1.0	recombination	phylter_k_020	N397	recombination_increase
1343	7	150	0	0.1	1.0	recombination	phylter_k_300	N397	recombination_increase
1295	55	146	4	0.1	1.0	recombination	phylter_k_155	N397	recombination_increase
0	1350	0	150	0.1	1.0	recombination	phylter_k_020	N397	recombination_increase
1344	6	150	0	0.1	1.0	recombination	phylter_k_300	N397	recombination_increase
1267	83	138	12	0.1	1.0	recombination	phylter_k_050	N397	recombination_increase
1342	8	150	0	0.1	1.0	recombination	phylter_k_300	N397	recombination_increase
1438	32	28	2	0.02	1.0	recombination	phylter_k_155	N717	recombination_increase
1323	147	26	4	0.02	1.0	recombination	phylter_k_020	N717	recombination_increase
0	1470	0	30	0.02	1.0	recombination	phylter_k_050	N717	recombination_increase
1466	4	30	0	0.02	1.0	recombination	phylter_k_300	N717	recombination_increase
1256	214	21	9	0.02	1.0	recombination	phylter_k_050	N717	recombination_increase
1434	36	28	2	0.02	1.0	recombination	phylter_k_155	N717	recombination_increase
1469	1	30	0	0.02	1.0	recombination	phylter_k_300	N717	recombination_increase
1431	39	28	2	0.02	1.0	recombination	phylter_k_155	N717	recombination_increase
0	1470	0	30	0.02	1.0	recombination	phylter_k_020	N717	recombination_increase
0	1470	0	30	0.02	1.0	recombination	phylter_k_020	N717	recombination_increase
0	1470	0	30	0.02	1.0	recombination	phylter_k_050	N717	recombination_increase
1465	5	30	0	0.02	1.0	recombination	phylter_k_300	N717	recombination_increase
0	1350	0	150	0.1	1.0	recombination	phylter_k_050	N639	recombination_increase
1328	22	149	1	0.1	1.0	recombination	phylter_k_155	N639	recombination_increase
1349	1	150	0	0.1	1.0	recombination	phylter_k_300	N639	recombination_increase
7	1343	3	147	0.1	1.0	recombination	phylter_k_050	N639	recombination_increase
1061	289	127	23	0.1	1.0	recombination	phylter_k_050	N639	recombination_increase
602	748	72	78	0.1	1.0	recombination	phylter_k_020	N639	recombination_increase
1345	5	150	0	0.1	1.0	recombination	phylter_k_300	N639	recombination_increase
270	1080	37	113	0.1	1.0	recombination	phylter_k_020	N639	recombination_increase
1337	13	149	1	0.1	1.0	recombination	phylter_k_155	N639	recombination_increase
1346	4	150	0	0.1	1.0	recombination	phylter_k_300	N639	recombination_increase
1325	25	149	1	0.1	1.0	recombination	phylter_k_155	N639	recombination_increase
1260	90	137	13	0.1	1.0	recombination	phylter_k_020	N639	recombination_increase
1165	35	295	5	0.2	1.0	recombination	phylter_k_155	N690	recombination_increase
215	985	50	250	0.2	1.0	recombination	phylter_k_020	N690	recombination_increase
1186	14	297	3	0.2	1.0	recombination	phylter_k_155	N690	recombination_increase
1099	101	277	23	0.2	1.0	recombination	phylter_k_020	N690	recombination_increase
10	1190	5	295	0.2	1.0	recombination	phylter_k_050	N690	recombination_increase
1195	5	300	0	0.2	1.0	recombination	phylter_k_300	N690	recombination_increase
1172	28	295	5	0.2	1.0	recombination	phylter_k_155	N690	recombination_increase
4	1196	1	299	0.2	1.0	recombination	phylter_k_020	N690	recombination_increase
1084	116	264	36	0.2	1.0	recombination	phylter_k_050	N690	recombination_increase
1199	1	300	0	0.2	1.0	recombination	phylter_k_300	N690	recombination_increase
1195	5	300	0	0.2	1.0	recombination	phylter_k_300	N690	recombination_increase
0	1200	0	300	0.2	1.0	recombination	phylter_k_050	N690	recombination_increase
1290	135	65	10	0.05	1.0	recombination	phylter_k_020	N187	recombination_increase
1410	15	75	0	0.05	1.0	recombination	phylter_k_155	N187	recombination_increase
1422	3	75	0	0.05	1.0	recombination	phylter_k_300	N187	recombination_increase
0	1425	0	75	0.05	1.0	recombination	phylter_k_050	N187	recombination_increase
1378	47	74	1	0.05	1.0	recombination	phylter_k_155	N187	recombination_increase
1377	48	74	1	0.05	1.0	recombination	phylter_k_155	N187	recombination_increase
1192	233	63	12	0.05	1.0	recombination	phylter_k_050	N187	recombination_increase
1424	1	75	0	0.05	1.0	recombination	phylter_k_300	N187	recombination_increase
0	1425	0	75	0.05	1.0	recombination	phylter_k_050	N187	recombination_increase
0	1425	0	75	0.05	1.0	recombination	phylter_k_020	N187	recombination_increase
1422	3	75	0	0.05	1.0	recombination	phylter_k_300	N187	recombination_increase
2	1423	0	75	0.05	1.0	recombination	phylter_k_020	N187	recombination_increase
1	1469	0	30	0.02	1.0	recombination	phylter_k_020	N188	recombination_increase
0	1470	0	30	0.02	1.0	recombination	phylter_k_050	N188	recombination_increase
0	1470	0	30	0.02	1.0	recombination	phylter_k_050	N188	recombination_increase
1426	44	26	4	0.02	1.0	recombination	phylter_k_155	N188	recombination_increase
1397	73	26	4	0.02	1.0	recombination	phylter_k_155	N188	recombination_increase
1306	164	25	5	0.02	1.0	recombination	phylter_k_020	N188	recombination_increase
0	1470	0	30	0.02	1.0	recombination	phylter_k_020	N188	recombination_increase
1467	3	30	0	0.02	1.0	recombination	phylter_k_300	N188	recombination_increase
1467	3	30	0	0.02	1.0	recombination	phylter_k_300	N188	recombination_increase
1220	250	25	5	0.02	1.0	recombination	phylter_k_050	N188	recombination_increase
1469	1	30	0	0.02	1.0	recombination	phylter_k_300	N188	recombination_increase
1394	76	26	4	0.02	1.0	recombination	phylter_k_155	N188	recombination_increase
1164	186	127	23	0.1	1.0	recombination	phylter_k_020	N113	recombination_increase
1349	1	149	1	0.1	1.0	recombination	phylter_k_300	N113	recombination_increase
1316	34	148	2	0.1	1.0	recombination	phylter_k_155	N113	recombination_increase
0	1350	0	150	0.1	1.0	recombination	phylter_k_050	N113	recombination_increase
3	1347	0	150	0.1	1.0	recombination	phylter_k_020	N113	recombination_increase
1290	60	146	4	0.1	1.0	recombination	phylter_k_155	N113	recombination_increase
1016	334	104	46	0.1	1.0	recombination	phylter_k_050	N113	recombination_increase
1349	1	150	0	0.1	1.0	recombination	phylter_k_300	N113	recombination_increase
0	1350	0	150	0.1	1.0	recombination	phylter_k_050	N113	recombination_increase
1349	1	149	1	0.1	1.0	recombination	phylter_k_300	N113	recombination_increase
1290	60	146	4	0.1	1.0	recombination	phylter_k_155	N113	recombination_increase
3	1347	0	150	0.1	1.0	recombination	phylter_k_020	N113	recombination_increase
1242	33	220	5	0.15	1.0	recombination	phylter_k_155	N418	recombination_increase
1248	27	220	5	0.15	1.0	recombination	phylter_k_155	N418	recombination_increase
1198	77	208	17	0.15	1.0	recombination	phylter_k_020	N418	recombination_increase
1273	2	225	0	0.15	1.0	recombination	phylter_k_300	N418	recombination_increase
1	1274	0	225	0.15	1.0	recombination	phylter_k_020	N418	recombination_increase
1259	16	221	4	0.15	1.0	recombination	phylter_k_155	N418	recombination_increase
0	1275	0	225	0.15	1.0	recombination	phylter_k_050	N418	recombination_increase
0	1275	0	225	0.15	1.0	recombination	phylter_k_020	N418	recombination_increase
0	1275	0	225	0.15	1.0	recombination	phylter_k_050	N418	recombination_increase
1275	0	225	0	0.15	1.0	recombination	phylter_k_300	N418	recombination_increase
1275	0	225	0	0.15	1.0	recombination	phylter_k_300	N418	recombination_increase
1184	91	207	18	0.15	1.0	recombination	phylter_k_050	N418	recombination_increase
0	1275	0	225	0.15	1.0	recombination	phylter_k_050	N125	recombination_increase
1180	95	208	17	0.15	1.0	recombination	phylter_k_155	N125	recombination_increase
1107	168	202	23	0.15	1.0	recombination	phylter_k_020	N125	recombination_increase
0	1275	0	225	0.15	1.0	recombination	phylter_k_050	N125	recombination_increase
0	1275	0	225	0.15	1.0	recombination	phylter_k_020	N125	recombination_increase
1232	43	220	5	0.15	1.0	recombination	phylter_k_155	N125	recombination_increase
1264	11	225	0	0.15	1.0	recombination	phylter_k_300	N125	recombination_increase
0	1275	0	225	0.15	1.0	recombination	phylter_k_020	N125	recombination_increase
1265	10	225	0	0.15	1.0	recombination	phylter_k_300	N125	recombination_increase
1168	107	208	17	0.15	1.0	recombination	phylter_k_155	N125	recombination_increase
1172	103	213	12	0.15	1.0	recombination	phylter_k_050	N125	recombination_increase
1274	1	225	0	0.15	1.0	recombination	phylter_k_300	N125	recombination_increase
0	1470	0	30	0.02	1.0	recombination	phylter_k_020	N407	recombination_increase
1467	3	30	0	0.02	1.0	recombination	phylter_k_300	N407	recombination_increase
1412	58	29	1	0.02	1.0	recombination	phylter_k_155	N407	recombination_increase
1431	39	29	1	0.02	1.0	recombination	phylter_k_155	N407	recombination_increase
0	1470	0	30	0.02	1.0	recombination	phylter_k_050	N407	recombination_increase
1291	179	28	2	0.02	1.0	recombination	phylter_k_020	N407	recombination_increase
0	1470	0	30	0.02	1.0	recombination	phylter_k_020	N407	recombination_increase
1412	58	29	1	0.02	1.0	recombination	phylter_k_155	N407	recombination_increase
0	1470	0	30	0.02	1.0	recombination	phylter_k_050	N407	recombination_increase
1469	1	30	0	0.02	1.0	recombination	phylter_k_300	N407	recombination_increase
1467	3	30	0	0.02	1.0	recombination	phylter_k_300	N407	recombination_increase
1098	372	25	5	0.02	1.0	recombination	phylter_k_050	N407	recombination_increase
0	1125	0	375	0.25	1.0	recombination	phylter_k_050	N115	recombination_increase
0	1125	0	375	0.25	1.0	recombination	phylter_k_050	N115	recombination_increase
1	1124	0	375	0.25	1.0	recombination	phylter_k_020	N115	recombination_increase
921	204	320	55	0.25	1.0	recombination	phylter_k_050	N115	recombination_increase
1124	1	375	0	0.25	1.0	recombination	phylter_k_300	N115	recombination_increase
1097	28	370	5	0.25	1.0	recombination	phylter_k_155	N115	recombination_increase
1124	1	375	0	0.25	1.0	recombination	phylter_k_300	N115	recombination_increase
0	1125	0	375	0.25	1.0	recombination	phylter_k_020	N115	recombination_increase
1124	1	375	0	0.25	1.0	recombination	phylter_k_300	N115	recombination_increase
1117	8	374	1	0.25	1.0	recombination	phylter_k_155	N115	recombination_increase
1022	103	340	35	0.25	1.0	recombination	phylter_k_020	N115	recombination_increase
1091	34	367	8	0.25	1.0	recombination	phylter_k_155	N115	recombination_increase
0	1200	0	300	0.2	1.0	recombination	phylter_k_050	N717	recombination_increase
0	1200	0	300	0.2	1.0	recombination	phylter_k_020	N717	recombination_increase
1048	152	269	31	0.2	1.0	recombination	phylter_k_020	N717	recombination_increase
0	1200	0	300	0.2	1.0	recombination	phylter_k_020	N717	recombination_increase
1193	7	300	0	0.2	1.0	recombination	phylter_k_300	N717	recombination_increase
1181	19	293	7	0.2	1.0	recombination	phylter_k_155	N717	recombination_increase
1177	23	293	7	0.2	1.0	recombination	phylter_k_155	N717	recombination_increase
1179	21	293	7	0.2	1.0	recombination	phylter_k_155	N717	recombination_increase
1193	7	300	0	0.2	1.0	recombination	phylter_k_300	N717	recombination_increase
0	1200	0	300	0.2	1.0	recombination	phylter_k_050	N717	recombination_increase
1095	105	274	26	0.2	1.0	recombination	phylter_k_050	N717	recombination_increase
1195	5	300	0	0.2	1.0	recombination	phylter_k_300	N717	recombination_increase
182	1288	2	28	0.02	1.0	recombination	phylter_k_020	N690	recombination_increase
29	1441	0	30	0.02	1.0	recombination	phylter_k_050	N690	recombination_increase
1469	1	30	0	0.02	1.0	recombination	phylter_k_300	N690	recombination_increase
0	1470	0	30	0.02	1.0	recombination	phylter_k_050	N690	recombination_increase
1304	166	26	4	0.02	1.0	recombination	phylter_k_050	N690	recombination_increase
1416	54	27	3	0.02	1.0	recombination	phylter_k_155	N690	recombination_increase
1409	61	27	3	0.02	1.0	recombination	phylter_k_155	N690	recombination_increase
1465	5	30	0	0.02	1.0	recombination	phylter_k_300	N690	recombination_increase
1431	39	28	2	0.02	1.0	recombination	phylter_k_155	N690	recombination_increase
1465	5	30	0	0.02	1.0	recombination	phylter_k_300	N690	recombination_increase
0	1470	0	30	0.02	1.0	recombination	phylter_k_020	N690	recombination_increase
1341	129	21	9	0.02	1.0	recombination	phylter_k_020	N690	recombination_increase
1148	52	288	12	0.2	1.0	recombination	phylter_k_155	N188	recombination_increase
1197	3	299	1	0.2	1.0	recombination	phylter_k_300	N188	recombination_increase
1117	83	282	18	0.2	1.0	recombination	phylter_k_155	N188	recombination_increase
1060	140	260	40	0.2	1.0	recombination	phylter_k_020	N188	recombination_increase
0	1200	0	300	0.2	1.0	recombination	phylter_k_020	N188	recombination_increase
1197	3	299	1	0.2	1.0	recombination	phylter_k_300	N188	recombination_increase
1087	113	264	36	0.2	1.0	recombination	phylter_k_050	N188	recombination_increase
2	1198	1	299	0.2	1.0	recombination	phylter_k_020	N188	recombination_increase
1199	1	299	1	0.2	1.0	recombination	phylter_k_300	N188	recombination_increase
0	1200	0	300	0.2	1.0	recombination	phylter_k_050	N188	recombination_increase
1123	77	284	16	0.2	1.0	recombination	phylter_k_155	N188	recombination_increase
0	1200	0	300	0.2	1.0	recombination	phylter_k_050	N188	recombination_increase
0	1350	0	150	0.1	1.0	recombination	phylter_k_050	N461	recombination_increase
1344	6	148	2	0.1	1.0	recombination	phylter_k_300	N461	recombination_increase
1345	5	148	2	0.1	1.0	recombination	phylter_k_300	N461	recombination_increase
1267	83	143	7	0.1	1.0	recombination	phylter_k_050	N461	recombination_increase
13	1337	2	148	0.1	1.0	recombination	phylter_k_020	N461	recombination_increase
56	1294	6	144	0.1	1.0	recombination	phylter_k_020	N461	recombination_increase
1342	8	148	2	0.1	1.0	recombination	phylter_k_300	N461	recombination_increase
6	1344	1	149	0.1	1.0	recombination	phylter_k_050	N461	recombination_increase
1247	103	136	14	0.1	1.0	recombination	phylter_k_020	N461	recombination_increase
1328	22	148	2	0.1	1.0	recombination	phylter_k_155	N461	recombination_increase
1328	22	148	2	0.1	1.0	recombination	phylter_k_155	N461	recombination_increase
1332	18	149	1	0.1	1.0	recombination	phylter_k_155	N461	recombination_increase
1331	19	148	2	0.1	1.0	recombination	phylter_k_155	N228	recombination_increase
1299	51	146	4	0.1	1.0	recombination	phylter_k_155	N228	recombination_increase
1226	124	139	11	0.1	1.0	recombination	phylter_k_020	N228	recombination_increase
0	1350	0	150	0.1	1.0	recombination	phylter_k_050	N228	recombination_increase
0	1350	0	150	0.1	1.0	recombination	phylter_k_050	N228	recombination_increase
1	1349	0	150	0.1	1.0	recombination	phylter_k_020	N228	recombination_increase
1299	51	146	4	0.1	1.0	recombination	phylter_k_155	N228	recombination_increase
1181	169	132	18	0.1	1.0	recombination	phylter_k_050	N228	recombination_increase
1349	1	150	0	0.1	1.0	recombination	phylter_k_300	N228	recombination_increase
1348	2	150	0	0.1	1.0	recombination	phylter_k_300	N228	recombination_increase
1348	2	150	0	0.1	1.0	recombination	phylter_k_300	N228	recombination_increase
1	1349	0	150	0.1	1.0	recombination	phylter_k_020	N228	recombination_increase
1233	117	136	14	0.1	1.0	recombination	phylter_k_050	N665	recombination_increase
1349	1	150	0	0.1	1.0	recombination	phylter_k_300	N665	recombination_increase
216	1134	16	134	0.1	1.0	recombination	phylter_k_020	N665	recombination_increase
15	1335	1	149	0.1	1.0	recombination	phylter_k_050	N665	recombination_increase
1313	37	145	5	0.1	1.0	recombination	phylter_k_155	N665	recombination_increase
15	1335	1	149	0.1	1.0	recombination	phylter_k_050	N665	recombination_increase
1332	18	147	3	0.1	1.0	recombination	phylter_k_155	N665	recombination_increase
1345	5	150	0	0.1	1.0	recombination	phylter_k_300	N665	recombination_increase
1313	37	145	5	0.1	1.0	recombination	phylter_k_155	N665	recombination_increase
1217	133	133	17	0.1	1.0	recombination	phylter_k_020	N665	recombination_increase
216	1134	16	134	0.1	1.0	recombination	phylter_k_020	N665	recombination_increase
1345	5	150	0	0.1	1.0	recombination	phylter_k_300	N665	recombination_increase
1422	3	73	2	0.05	1.0	recombination	phylter_k_300	N174	recombination_increase
0	1425	0	75	0.05	1.0	recombination	phylter_k_020	N174	recombination_increase
1367	58	71	4	0.05	1.0	recombination	phylter_k_155	N174	recombination_increase
1422	3	73	2	0.05	1.0	recombination	phylter_k_300	N174	recombination_increase
1424	1	75	0	0.05	1.0	recombination	phylter_k_300	N174	recombination_increase
1268	157	64	11	0.05	1.0	recombination	phylter_k_050	N174	recombination_increase
0	1425	0	75	0.05	1.0	recombination	phylter_k_050	N174	recombination_increase
1369	56	71	4	0.05	1.0	recombination	phylter_k_155	N174	recombination_increase
1267	158	70	5	0.05	1.0	recombination	phylter_k_020	N174	recombination_increase
5	1420	0	75	0.05	1.0	recombination	phylter_k_050	N174	recombination_increase
1400	25	73	2	0.05	1.0	recombination	phylter_k_155	N174	recombination_increase
11	1414	1	74	0.05	1.0	recombination	phylter_k_020	N174	recombination_increase
1275	0	223	2	0.15	1.0	recombination	phylter_k_300	N113	recombination_increase
1275	0	223	2	0.15	1.0	recombination	phylter_k_300	N113	recombination_increase
2	1273	1	224	0.15	1.0	recombination	phylter_k_020	N113	recombination_increase
1166	109	196	29	0.15	1.0	recombination	phylter_k_020	N113	recombination_increase
1238	37	219	6	0.15	1.0	recombination	phylter_k_155	N113	recombination_increase
1264	11	224	1	0.15	1.0	recombination	phylter_k_155	N113	recombination_increase
2	1273	1	224	0.15	1.0	recombination	phylter_k_020	N113	recombination_increase
0	1275	0	225	0.15	1.0	recombination	phylter_k_050	N113	recombination_increase
0	1275	0	225	0.15	1.0	recombination	phylter_k_050	N113	recombination_increase
1238	37	219	6	0.15	1.0	recombination	phylter_k_155	N113	recombination_increase
1275	0	225	0	0.15	1.0	recombination	phylter_k_300	N113	recombination_increase
1017	258	182	43	0.15	1.0	recombination	phylter_k_050	N113	recombination_increase
0	1200	0	300	0.2	1.0	recombination	phylter_k_050	N115	recombination_increase
1189	11	299	1	0.2	1.0	recombination	phylter_k_155	N115	recombination_increase
1116	84	282	18	0.2	1.0	recombination	phylter_k_020	N115	recombination_increase
1169	31	296	4	0.2	1.0	recombination	phylter_k_155	N115	recombination_increase
0	1200	0	300	0.2	1.0	recombination	phylter_k_050	N115	recombination_increase
0	1200	0	300	0.2	1.0	recombination	phylter_k_020	N115	recombination_increase
1097	103	282	18	0.2	1.0	recombination	phylter_k_050	N115	recombination_increase
1200	0	300	0	0.2	1.0	recombination	phylter_k_300	N115	recombination_increase
1200	0	300	0	0.2	1.0	recombination	phylter_k_300	N115	recombination_increase
0	1200	0	300	0.2	1.0	recombination	phylter_k_020	N115	recombination_increase
1200	0	300	0	0.2	1.0	recombination	phylter_k_300	N115	recombination_increase
1161	39	294	6	0.2	1.0	recombination	phylter_k_155	N115	recombination_increase
1339	11	150	0	0.1	1.0	recombination	phylter_k_300	N125	recombination_increase
1349	1	150	0	0.1	1.0	recombination	phylter_k_300	N125	recombination_increase
0	1350	0	150	0.1	1.0	recombination	phylter_k_050	N125	recombination_increase
1235	115	138	12	0.1	1.0	recombination	phylter_k_050	N125	recombination_increase
0	1350	0	150	0.1	1.0	recombination	phylter_k_020	N125	recombination_increase
1242	108	138	12	0.1	1.0	recombination	phylter_k_155	N125	recombination_increase
0	1350	0	150	0.1	1.0	recombination	phylter_k_050	N125	recombination_increase
1194	156	135	15	0.1	1.0	recombination	phylter_k_020	N125	recombination_increase
1256	94	138	12	0.1	1.0	recombination	phylter_k_155	N125	recombination_increase
0	1350	0	150	0.1	1.0	recombination	phylter_k_020	N125	recombination_increase
1313	37	147	3	0.1	1.0	recombination	phylter_k_155	N125	recombination_increase
1338	12	150	0	0.1	1.0	recombination	phylter_k_300	N125	recombination_increase
0	1350	0	150	0.1	1.0	recombination	phylter_k_050	N418	recombination_increase
1349	1	150	0	0.1	1.0	recombination	phylter_k_300	N418	recombination_increase
1072	278	131	19	0.1	1.0	recombination	phylter_k_050	N418	recombination_increase
1349	1	150	0	0.1	1.0	recombination	phylter_k_300	N418	recombination_increase
1235	115	131	19	0.1	1.0	recombination	phylter_k_020	N418	recombination_increase
1347	3	150	0	0.1	1.0	recombination	phylter_k_300	N418	recombination_increase
0	1350	0	150	0.1	1.0	recombination	phylter_k_020	N418	recombination_increase
1336	14	147	3	0.1	1.0	recombination	phylter_k_155	N418	recombination_increase
1322	28	147	3	0.1	1.0	recombination	phylter_k_155	N418	recombination_increase
1318	32	147	3	0.1	1.0	recombination	phylter_k_155	N418	recombination_increase
0	1350	0	150	0.1	1.0	recombination	phylter_k_050	N418	recombination_increase
1	1349	0	150	0.1	1.0	recombination	phylter_k_020	N418	recombination_increase
0	1125	0	375	0.25	1.0	recombination	phylter_k_050	N717	recombination_increase
1121	4	375	0	0.25	1.0	recombination	phylter_k_300	N717	recombination_increase
978	147	341	34	0.25	1.0	recombination	phylter_k_020	N717	recombination_increase
1102	23	367	8	0.25	1.0	recombination	phylter_k_155	N717	recombination_increase
1120	5	375	0	0.25	1.0	recombination	phylter_k_300	N717	recombination_increase
0	1125	0	375	0.25	1.0	recombination	phylter_k_020	N717	recombination_increase
1097	28	367	8	0.25	1.0	recombination	phylter_k_155	N717	recombination_increase
1093	32	367	8	0.25	1.0	recombination	phylter_k_155	N717	recombination_increase
0	1125	0	375	0.25	1.0	recombination	phylter_k_050	N717	recombination_increase
903	222	297	78	0.25	1.0	recombination	phylter_k_050	N717	recombination_increase
0	1125	0	375	0.25	1.0	recombination	phylter_k_020	N717	recombination_increase
1124	1	375	0	0.25	1.0	recombination	phylter_k_300	N717	recombination_increase
1121	4	373	2	0.25	1.0	recombination	phylter_k_300	N188	recombination_increase
0	1125	0	375	0.25	1.0	recombination	phylter_k_050	N188	recombination_increase
4	1121	1	374	0.25	1.0	recombination	phylter_k_020	N188	recombination_increase
0	1125	0	375	0.25	1.0	recombination	phylter_k_020	N188	recombination_increase
1053	72	358	17	0.25	1.0	recombination	phylter_k_155	N188	recombination_increase
1034	91	344	31	0.25	1.0	recombination	phylter_k_020	N188	recombination_increase
1058	67	360	15	0.25	1.0	recombination	phylter_k_155	N188	recombination_increase
1082	43	366	9	0.25	1.0	recombination	phylter_k_155	N188	recombination_increase
0	1125	0	375	0.25	1.0	recombination	phylter_k_050	N188	recombination_increase
1121	4	373	2	0.25	1.0	recombination	phylter_k_300	N188	recombination_increase
1010	115	337	38	0.25	1.0	recombination	phylter_k_050	N188	recombination_increase
1124	1	374	1	0.25	1.0	recombination	phylter_k_300	N188	recombination_increase
1195	80	206	19	0.15	1.0	recombination	phylter_k_020	N461	recombination_increase
147	1128	22	203	0.15	1.0	recombination	phylter_k_020	N461	recombination_increase
1264	11	222	3	0.15	1.0	recombination	phylter_k_155	N461	recombination_increase
1271	4	225	0	0.15	1.0	recombination	phylter_k_300	N461	recombination_increase
1272	3	225	0	0.15	1.0	recombination	phylter_k_300	N461	recombination_increase
1255	20	220	5	0.15	1.0	recombination	phylter_k_155	N461	recombination_increase
1274	1	225	0	0.15	1.0	recombination	phylter_k_300	N461	recombination_increase
0	1275	0	225	0.15	1.0	recombination	phylter_k_050	N461	recombination_increase
955	320	169	56	0.15	1.0	recombination	phylter_k_050	N461	recombination_increase
1256	19	221	4	0.15	1.0	recombination	phylter_k_155	N461	recombination_increase
1	1274	0	225	0.15	1.0	recombination	phylter_k_050	N461	recombination_increase
320	955	64	161	0.15	1.0	recombination	phylter_k_020	N461	recombination_increase
1160	115	207	18	0.15	1.0	recombination	phylter_k_050	N228	recombination_increase
1222	53	218	7	0.15	1.0	recombination	phylter_k_155	N228	recombination_increase
1274	1	225	0	0.15	1.0	recombination	phylter_k_300	N228	recombination_increase
0	1275	0	225	0.15	1.0	recombination	phylter_k_050	N228	recombination_increase
1	1274	0	225	0.15	1.0	recombination	phylter_k_020	N228	recombination_increase
0	1275	0	225	0.15	1.0	recombination	phylter_k_050	N228	recombination_increase
1273	2	225	0	0.15	1.0	recombination	phylter_k_300	N228	recombination_increase
1251	24	222	3	0.15	1.0	recombination	phylter_k_155	N228	recombination_increase
1119	156	198	27	0.15	1.0	recombination	phylter_k_020	N228	recombination_increase
1	1274	0	225	0.15	1.0	recombination	phylter_k_020	N228	recombination_increase
1222	53	218	7	0.15	1.0	recombination	phylter_k_155	N228	recombination_increase
1273	2	225	0	0.15	1.0	recombination	phylter_k_300	N228	recombination_increase
0	1425	0	75	0.05	1.0	recombination	phylter_k_020	N238	recombination_increase
1292	133	64	11	0.05	1.0	recombination	phylter_k_020	N238	recombination_increase
0	1425	0	75	0.05	1.0	recombination	phylter_k_020	N238	recombination_increase
0	1425	0	75	0.05	1.0	recombination	phylter_k_050	N238	recombination_increase
1387	38	75	0	0.05	1.0	recombination	phylter_k_155	N238	recombination_increase
1423	2	75	0	0.05	1.0	recombination	phylter_k_300	N238	recombination_increase
1362	63	74	1	0.05	1.0	recombination	phylter_k_155	N238	recombination_increase
1358	67	74	1	0.05	1.0	recombination	phylter_k_155	N238	recombination_increase
1423	2	75	0	0.05	1.0	recombination	phylter_k_300	N238	recombination_increase
1071	354	56	19	0.05	1.0	recombination	phylter_k_050	N238	recombination_increase
0	1425	0	75	0.05	1.0	recombination	phylter_k_050	N238	recombination_increase
1424	1	75	0	0.05	1.0	recombination	phylter_k_300	N238	recombination_increase
1234	41	218	7	0.15	1.0	recombination	phylter_k_155	N665	recombination_increase
1270	5	225	0	0.15	1.0	recombination	phylter_k_300	N665	recombination_increase
397	878	66	159	0.15	1.0	recombination	phylter_k_020	N665	recombination_increase
1178	97	206	19	0.15	1.0	recombination	phylter_k_020	N665	recombination_increase
1270	5	225	0	0.15	1.0	recombination	phylter_k_300	N665	recombination_increase
1253	22	219	6	0.15	1.0	recombination	phylter_k_155	N665	recombination_increase
1234	41	218	7	0.15	1.0	recombination	phylter_k_155	N665	recombination_increase
55	1220	10	215	0.15	1.0	recombination	phylter_k_050	N665	recombination_increase
1036	239	170	55	0.15	1.0	recombination	phylter_k_050	N665	recombination_increase
55	1220	10	215	0.15	1.0	recombination	phylter_k_050	N665	recombination_increase
1274	1	225	0	0.15	1.0	recombination	phylter_k_300	N665	recombination_increase
397	878	66	159	0.15	1.0	recombination	phylter_k_020	N665	recombination_increase
1469	1	30	0	0.02	1.0	recombination	phylter_k_300	N115	recombination_increase
1469	1	30	0	0.02	1.0	recombination	phylter_k_300	N115	recombination_increase
0	1470	0	30	0.02	1.0	recombination	phylter_k_020	N115	recombination_increase
1417	53	30	0	0.02	1.0	recombination	phylter_k_155	N115	recombination_increase
1322	148	27	3	0.02	1.0	recombination	phylter_k_050	N115	recombination_increase
1469	1	30	0	0.02	1.0	recombination	phylter_k_300	N115	recombination_increase
0	1470	0	30	0.02	1.0	recombination	phylter_k_020	N115	recombination_increase
0	1470	0	30	0.02	1.0	recombination	phylter_k_050	N115	recombination_increase
0	1470	0	30	0.02	1.0	recombination	phylter_k_050	N115	recombination_increase
1423	47	30	0	0.02	1.0	recombination	phylter_k_155	N115	recombination_increase
1310	160	28	2	0.02	1.0	recombination	phylter_k_020	N115	recombination_increase
1450	20	30	0	0.02	1.0	recombination	phylter_k_155	N115	recombination_increase
0	1125	0	375	0.25	1.0	recombination	phylter_k_020	N407	recombination_increase
1122	3	375	0	0.25	1.0	recombination	phylter_k_300	N407	recombination_increase
1122	3	375	0	0.25	1.0	recombination	phylter_k_300	N407	recombination_increase
1068	57	361	14	0.25	1.0	recombination	phylter_k_050	N407	recombination_increase
1123	2	375	0	0.25	1.0	recombination	phylter_k_300	N407	recombination_increase
1101	24	373	2	0.25	1.0	recombination	phylter_k_155	N407	recombination_increase
0	1125	0	375	0.25	1.0	recombination	phylter_k_050	N407	recombination_increase
0	1125	0	375	0.25	1.0	recombination	phylter_k_020	N407	recombination_increase
0	1125	0	375	0.25	1.0	recombination	phylter_k_050	N407	recombination_increase
1109	16	373	2	0.25	1.0	recombination	phylter_k_155	N407	recombination_increase
1002	123	341	34	0.25	1.0	recombination	phylter_k_020	N407	recombination_increase
1101	24	373	2	0.25	1.0	recombination	phylter_k_155	N407	recombination_increase
1191	84	210	15	0.15	1.0	recombination	phylter_k_020	N397	recombination_increase
0	1275	0	225	0.15	1.0	recombination	phylter_k_020	N397	recombination_increase
0	1275	0	225	0.15	1.0	recombination	phylter_k_050	N397	recombination_increase
0	1275	0	225	0.15	1.0	recombination	phylter_k_050	N397	recombination_increase
1245	30	222	3	0.15	1.0	recombination	phylter_k_155	N397	recombination_increase
1233	42	220	5	0.15	1.0	recombination	phylter_k_155	N397	recombination_increase
0	1275	0	225	0.15	1.0	recombination	phylter_k_020	N397	recombination_increase
1125	150	193	32	0.15	1.0	recombination	phylter_k_050	N397	recombination_increase
1271	4	225	0	0.15	1.0	recombination	phylter_k_300	N397	recombination_increase
1274	1	225	0	0.15	1.0	recombination	phylter_k_300	N397	recombination_increase
1270	5	225	0	0.15	1.0	recombination	phylter_k_300	N397	recombination_increase
1228	47	220	5	0.15	1.0	recombination	phylter_k_155	N397	recombination_increase
1243	32	224	1	0.15	1.0	recombination	phylter_k_155	N274	recombination_increase
1252	23	224	1	0.15	1.0	recombination	phylter_k_155	N274	recombination_increase
1165	110	203	22	0.15	1.0	recombination	phylter_k_020	N274	recombination_increase
0	1275	0	225	0.15	1.0	recombination	phylter_k_020	N274	recombination_increase
0	1275	0	225	0.15	1.0	recombination	phylter_k_050	N274	recombination_increase
0	1275	0	225	0.15	1.0	recombination	phylter_k_050	N274	recombination_increase
1274	1	225	0	0.15	1.0	recombination	phylter_k_300	N274	recombination_increase
1052	223	183	42	0.15	1.0	recombination	phylter_k_050	N274	recombination_increase
1234	41	221	4	0.15	1.0	recombination	phylter_k_155	N274	recombination_increase
0	1275	0	225	0.15	1.0	recombination	phylter_k_020	N274	recombination_increase
1273	2	225	0	0.15	1.0	recombination	phylter_k_300	N274	recombination_increase
1274	1	225	0	0.15	1.0	recombination	phylter_k_300	N274	recombination_increase
1093	32	369	6	0.25	1.0	recombination	phylter_k_155	N690	recombination_increase
1094	31	364	11	0.25	1.0	recombination	phylter_k_050	N690	recombination_increase
1124	1	375	0	0.25	1.0	recombination	phylter_k_300	N690	recombination_increase
17	1108	4	371	0.25	1.0	recombination	phylter_k_020	N690	recombination_increase
0	1125	0	375	0.25	1.0	recombination	phylter_k_050	N690	recombination_increase
141	984	51	324	0.25	1.0	recombination	phylter_k_050	N690	recombination_increase
1086	39	368	7	0.25	1.0	recombination	phylter_k_155	N690	recombination_increase
1015	110	343	32	0.25	1.0	recombination	phylter_k_020	N690	recombination_increase
1107	18	371	4	0.25	1.0	recombination	phylter_k_155	N690	recombination_increase
1120	5	375	0	0.25	1.0	recombination	phylter_k_300	N690	recombination_increase
1120	5	375	0	0.25	1.0	recombination	phylter_k_300	N690	recombination_increase
0	1125	0	375	0.25	1.0	recombination	phylter_k_020	N690	recombination_increase
438	837	86	139	0.15	1.0	recombination	phylter_k_020	N639	recombination_increase
1274	1	225	0	0.15	1.0	recombination	phylter_k_300	N639	recombination_increase
1124	151	205	20	0.15	1.0	recombination	phylter_k_050	N639	recombination_increase
1248	27	222	3	0.15	1.0	recombination	phylter_k_155	N639	recombination_increase
1270	5	225	0	0.15	1.0	recombination	phylter_k_300	N639	recombination_increase
657	618	122	103	0.15	1.0	recombination	phylter_k_020	N639	recombination_increase
1244	31	222	3	0.15	1.0	recombination	phylter_k_155	N639	recombination_increase
341	934	68	157	0.15	1.0	recombination	phylter_k_050	N639	recombination_increase
1256	19	222	3	0.15	1.0	recombination	phylter_k_155	N639	recombination_increase
1187	88	209	16	0.15	1.0	recombination	phylter_k_020	N639	recombination_increase
8	1267	5	220	0.15	1.0	recombination	phylter_k_050	N639	recombination_increase
1270	5	225	0	0.15	1.0	recombination	phylter_k_300	N639	recombination_increase
0	1425	0	75	0.05	1.0	recombination	phylter_k_050	N716	recombination_increase
0	1425	0	75	0.05	1.0	recombination	phylter_k_020	N716	recombination_increase
0	1425	0	75	0.05	1.0	recombination	phylter_k_050	N716	recombination_increase
1074	351	61	14	0.05	1.0	recombination	phylter_k_050	N716	recombination_increase
1423	2	75	0	0.05	1.0	recombination	phylter_k_300	N716	recombination_increase
1395	30	74	1	0.05	1.0	recombination	phylter_k_155	N716	recombination_increase
1419	6	75	0	0.05	1.0	recombination	phylter_k_300	N716	recombination_increase
1288	137	73	2	0.05	1.0	recombination	phylter_k_020	N716	recombination_increase
1420	5	75	0	0.05	1.0	recombination	phylter_k_300	N716	recombination_increase
1400	25	74	1	0.05	1.0	recombination	phylter_k_155	N716	recombination_increase
0	1425	0	75	0.05	1.0	recombination	phylter_k_020	N716	recombination_increase
1387	38	74	1	0.05	1.0	recombination	phylter_k_155	N716	recombination_increase
1341	84	73	2	0.05	1.0	recombination	phylter_k_020	N71	recombination_increase
1398	27	73	2	0.05	1.0	recombination	phylter_k_155	N71	recombination_increase
1392	33	71	4	0.05	1.0	recombination	phylter_k_155	N71	recombination_increase
0	1425	0	75	0.05	1.0	recombination	phylter_k_050	N71	recombination_increase
0	1425	0	75	0.05	1.0	recombination	phylter_k_020	N71	recombination_increase
0	1425	0	75	0.05	1.0	recombination	phylter_k_050	N71	recombination_increase
1423	2	74	1	0.05	1.0	recombination	phylter_k_300	N71	recombination_increase
1390	35	71	4	0.05	1.0	recombination	phylter_k_155	N71	recombination_increase
1319	106	72	3	0.05	1.0	recombination	phylter_k_050	N71	recombination_increase
0	1425	0	75	0.05	1.0	recombination	phylter_k_020	N71	recombination_increase
1423	2	74	1	0.05	1.0	recombination	phylter_k_300	N71	recombination_increase
1423	2	74	1	0.05	1.0	recombination	phylter_k_300	N71	recombination_increase
17	1333	1	149	0.1	1.0	recombination	phylter_k_020	N174	recombination_increase
1282	68	144	6	0.1	1.0	recombination	phylter_k_155	N174	recombination_increase
0	1350	0	150	0.1	1.0	recombination	phylter_k_050	N174	recombination_increase
3	1347	0	150	0.1	1.0	recombination	phylter_k_020	N174	recombination_increase
1286	64	144	6	0.1	1.0	recombination	phylter_k_155	N174	recombination_increase
1347	3	150	0	0.1	1.0	recombination	phylter_k_300	N174	recombination_increase
1343	7	148	2	0.1	1.0	recombination	phylter_k_300	N174	recombination_increase
1298	52	148	2	0.1	1.0	recombination	phylter_k_050	N174	recombination_increase
1343	7	148	2	0.1	1.0	recombination	phylter_k_300	N174	recombination_increase
1230	120	139	11	0.1	1.0	recombination	phylter_k_020	N174	recombination_increase
1316	34	146	4	0.1	1.0	recombination	phylter_k_155	N174	recombination_increase
0	1350	0	150	0.1	1.0	recombination	phylter_k_050	N174	recombination_increase
0	1425	0	75	0.05	1.0	recombination	phylter_k_050	N418	recombination_increase
1423	2	75	0	0.05	1.0	recombination	phylter_k_300	N418	recombination_increase
1282	143	69	6	0.05	1.0	recombination	phylter_k_050	N418	recombination_increase
1423	2	75	0	0.05	1.0	recombination	phylter_k_300	N418	recombination_increase
1376	49	75	0	0.05	1.0	recombination	phylter_k_155	N418	recombination_increase
1421	4	75	0	0.05	1.0	recombination	phylter_k_300	N418	recombination_increase
0	1425	0	75	0.05	1.0	recombination	phylter_k_020	N418	recombination_increase
1392	33	75	0	0.05	1.0	recombination	phylter_k_155	N418	recombination_increase
1372	53	75	0	0.05	1.0	recombination	phylter_k_155	N418	recombination_increase
0	1425	0	75	0.05	1.0	recombination	phylter_k_020	N418	recombination_increase
0	1425	0	75	0.05	1.0	recombination	phylter_k_050	N418	recombination_increase
1298	127	71	4	0.05	1.0	recombination	phylter_k_020	N418	recombination_increase
0	1425	0	75	0.05	1.0	recombination	phylter_k_020	N125	recombination_increase
1422	3	75	0	0.05	1.0	recombination	phylter_k_300	N125	recombination_increase
1275	150	72	3	0.05	1.0	recombination	phylter_k_050	N125	recombination_increase
1413	12	75	0	0.05	1.0	recombination	phylter_k_300	N125	recombination_increase
1413	12	75	0	0.05	1.0	recombination	phylter_k_300	N125	recombination_increase
1320	105	67	8	0.05	1.0	recombination	phylter_k_155	N125	recombination_increase
1388	37	74	1	0.05	1.0	recombination	phylter_k_155	N125	recombination_increase
0	1425	0	75	0.05	1.0	recombination	phylter_k_050	N125	recombination_increase
1333	92	67	8	0.05	1.0	recombination	phylter_k_155	N125	recombination_increase
1283	142	70	5	0.05	1.0	recombination	phylter_k_020	N125	recombination_increase
0	1425	0	75	0.05	1.0	recombination	phylter_k_050	N125	recombination_increase
0	1425	0	75	0.05	1.0	recombination	phylter_k_020	N125	recombination_increase
1111	239	125	25	0.1	1.0	recombination	phylter_k_050	N238	recombination_increase
0	1350	0	150	0.1	1.0	recombination	phylter_k_050	N238	recombination_increase
1349	1	150	0	0.1	1.0	recombination	phylter_k_300	N238	recombination_increase
0	1350	0	150	0.1	1.0	recombination	phylter_k_020	N238	recombination_increase
1348	2	150	0	0.1	1.0	recombination	phylter_k_300	N238	recombination_increase
0	1350	0	150	0.1	1.0	recombination	phylter_k_020	N238	recombination_increase
1287	63	146	4	0.1	1.0	recombination	phylter_k_155	N238	recombination_increase
1282	68	146	4	0.1	1.0	recombination	phylter_k_155	N238	recombination_increase
1348	2	150	0	0.1	1.0	recombination	phylter_k_300	N238	recombination_increase
1316	34	149	1	0.1	1.0	recombination	phylter_k_155	N238	recombination_increase
0	1350	0	150	0.1	1.0	recombination	phylter_k_050	N238	recombination_increase
1224	126	128	22	0.1	1.0	recombination	phylter_k_020	N238	recombination_increase
0	1470	0	30	0.02	1.0	recombination	phylter_k_050	N282	recombination_increase
1	1469	0	30	0.02	1.0	recombination	phylter_k_020	N282	recombination_increase
0	1470	0	30	0.02	1.0	recombination	phylter_k_050	N282	recombination_increase
1235	235	23	7	0.02	1.0	recombination	phylter_k_050	N282	recombination_increase
1469	1	30	0	0.02	1.0	recombination	phylter_k_300	N282	recombination_increase
1376	94	27	3	0.02	1.0	recombination	phylter_k_155	N282	recombination_increase
1468	2	30	0	0.02	1.0	recombination	phylter_k_300	N282	recombination_increase
0	1470	0	30	0.02	1.0	recombination	phylter_k_020	N282	recombination_increase
1468	2	30	0	0.02	1.0	recombination	phylter_k_300	N282	recombination_increase
1429	41	29	1	0.02	1.0	recombination	phylter_k_155	N282	recombination_increase
1372	98	27	3	0.02	1.0	recombination	phylter_k_155	N282	recombination_increase
1350	120	29	1	0.02	1.0	recombination	phylter_k_020	N282	recombination_increase
0	1125	0	375	0.25	1.0	recombination	phylter_k_020	N709	recombination_increase
1120	5	375	0	0.25	1.0	recombination	phylter_k_300	N709	recombination_increase
1120	5	375	0	0.25	1.0	recombination	phylter_k_300	N709	recombination_increase
1115	10	373	2	0.25	1.0	recombination	phylter_k_155	N709	recombination_increase
1101	24	373	2	0.25	1.0	recombination	phylter_k_155	N709	recombination_increase
1035	90	350	25	0.25	1.0	recombination	phylter_k_020	N709	recombination_increase
0	1125	0	375	0.25	1.0	recombination	phylter_k_020	N709	recombination_increase
0	1125	0	375	0.25	1.0	recombination	phylter_k_050	N709	recombination_increase
0	1125	0	375	0.25	1.0	recombination	phylter_k_050	N709	recombination_increase
1056	69	355	20	0.25	1.0	recombination	phylter_k_050	N709	recombination_increase
1110	15	373	2	0.25	1.0	recombination	phylter_k_155	N709	recombination_increase
1124	1	375	0	0.25	1.0	recombination	phylter_k_300	N709	recombination_increase
1111	14	371	4	0.25	1.0	recombination	phylter_k_155	N703	recombination_increase
1045	80	352	23	0.25	1.0	recombination	phylter_k_020	N703	recombination_increase
0	1125	0	375	0.25	1.0	recombination	phylter_k_050	N703	recombination_increase
1120	5	375	0	0.25	1.0	recombination	phylter_k_300	N703	recombination_increase
1124	1	375	0	0.25	1.0	recombination	phylter_k_300	N703	recombination_increase
0	1125	0	375	0.25	1.0	recombination	phylter_k_020	N703	recombination_increase
1095	30	372	3	0.25	1.0	recombination	phylter_k_050	N703	recombination_increase
1120	5	375	0	0.25	1.0	recombination	phylter_k_300	N703	recombination_increase
1102	23	371	4	0.25	1.0	recombination	phylter_k_155	N703	recombination_increase
0	1125	0	375	0.25	1.0	recombination	phylter_k_050	N703	recombination_increase
0	1125	0	375	0.25	1.0	recombination	phylter_k_020	N703	recombination_increase
1095	30	370	5	0.25	1.0	recombination	phylter_k_155	N703	recombination_increase
1091	34	360	15	0.25	1.0	recombination	phylter_k_155	N249	recombination_increase
1123	2	375	0	0.25	1.0	recombination	phylter_k_300	N249	recombination_increase
1123	2	375	0	0.25	1.0	recombination	phylter_k_300	N249	recombination_increase
1043	82	348	27	0.25	1.0	recombination	phylter_k_050	N249	recombination_increase
0	1125	0	375	0.25	1.0	recombination	phylter_k_020	N249	recombination_increase
1124	1	375	0	0.25	1.0	recombination	phylter_k_300	N249	recombination_increase
1091	34	360	15	0.25	1.0	recombination	phylter_k_155	N249	recombination_increase
0	1125	0	375	0.25	1.0	recombination	phylter_k_020	N249	recombination_increase
1	1124	0	375	0.25	1.0	recombination	phylter_k_050	N249	recombination_increase
1040	85	353	22	0.25	1.0	recombination	phylter_k_020	N249	recombination_increase
1	1124	0	375	0.25	1.0	recombination	phylter_k_050	N249	recombination_increase
1109	16	369	6	0.25	1.0	recombination	phylter_k_155	N249	recombination_increase
1140	60	290	10	0.2	1.0	recombination	phylter_k_155	N176	recombination_increase
1199	1	300	0	0.2	1.0	recombination	phylter_k_300	N176	recombination_increase
1198	2	299	1	0.2	1.0	recombination	phylter_k_300	N176	recombination_increase
643	557	157	143	0.2	1.0	recombination	phylter_k_050	N176	recombination_increase
0	1200	0	300	0.2	1.0	recombination	phylter_k_020	N176	recombination_increase
1198	2	299	1	0.2	1.0	recombination	phylter_k_300	N176	recombination_increase
1100	100	271	29	0.2	1.0	recombination	phylter_k_020	N176	recombination_increase
6	1194	1	299	0.2	1.0	recombination	phylter_k_020	N176	recombination_increase
1	1199	0	300	0.2	1.0	recombination	phylter_k_050	N176	recombination_increase
1170	30	296	4	0.2	1.0	recombination	phylter_k_155	N176	recombination_increase
1144	56	290	10	0.2	1.0	recombination	phylter_k_155	N176	recombination_increase
0	1200	0	300	0.2	1.0	recombination	phylter_k_050	N176	recombination_increase
10	1460	0	30	0.02	1.0	recombination	phylter_k_020	N555	recombination_increase
1465	5	30	0	0.02	1.0	recombination	phylter_k_300	N555	recombination_increase
1465	5	30	0	0.02	1.0	recombination	phylter_k_300	N555	recombination_increase
1469	1	30	0	0.02	1.0	recombination	phylter_k_300	N555	recombination_increase
1249	221	26	4	0.02	1.0	recombination	phylter_k_050	N555	recombination_increase
1419	51	30	0	0.02	1.0	recombination	phylter_k_155	N555	recombination_increase
47	1423	0	30	0.02	1.0	recombination	phylter_k_050	N555	recombination_increase
6	1464	0	30	0.02	1.0	recombination	phylter_k_050	N555	recombination_increase
199	1271	3	27	0.02	1.0	recombination	phylter_k_020	N555	recombination_increase
1437	33	30	0	0.02	1.0	recombination	phylter_k_155	N555	recombination_increase
1426	44	30	0	0.02	1.0	recombination	phylter_k_155	N555	recombination_increase
1309	161	25	5	0.02	1.0	recombination	phylter_k_020	N555	recombination_increase
1	1274	0	225	0.15	1.0	recombination	phylter_k_050	N151	recombination_increase
5	1270	0	225	0.15	1.0	recombination	phylter_k_020	N151	recombination_increase
1274	1	225	0	0.15	1.0	recombination	phylter_k_300	N151	recombination_increase
1159	116	200	25	0.15	1.0	recombination	phylter_k_050	N151	recombination_increase
0	1275	0	225	0.15	1.0	recombination	phylter_k_050	N151	recombination_increase
1208	67	217	8	0.15	1.0	recombination	phylter_k_155	N151	recombination_increase
1270	5	224	1	0.15	1.0	recombination	phylter_k_300	N151	recombination_increase
1205	70	216	9	0.15	1.0	recombination	phylter_k_155	N151	recombination_increase
0	1275	0	225	0.15	1.0	recombination	phylter_k_020	N151	recombination_increase
1241	34	219	6	0.15	1.0	recombination	phylter_k_155	N151	recombination_increase
1131	144	202	23	0.15	1.0	recombination	phylter_k_020	N151	recombination_increase
1270	5	224	1	0.15	1.0	recombination	phylter_k_300	N151	recombination_increase
0	1350	0	150	0.1	1.0	recombination	phylter_k_050	N716	recombination_increase
1153	197	129	21	0.1	1.0	recombination	phylter_k_050	N716	recombination_increase
1350	0	150	0	0.1	1.0	recombination	phylter_k_300	N716	recombination_increase
1347	3	150	0	0.1	1.0	recombination	phylter_k_300	N716	recombination_increase
1346	4	150	0	0.1	1.0	recombination	phylter_k_300	N716	recombination_increase
1324	26	149	1	0.1	1.0	recombination	phylter_k_155	N716	recombination_increase
1228	122	136	14	0.1	1.0	recombination	phylter_k_020	N716	recombination_increase
1328	22	149	1	0.1	1.0	recombination	phylter_k_155	N716	recombination_increase
0	1350	0	150	0.1	1.0	recombination	phylter_k_020	N716	recombination_increase
0	1350	0	150	0.1	1.0	recombination	phylter_k_020	N716	recombination_increase
1321	29	149	1	0.1	1.0	recombination	phylter_k_155	N716	recombination_increase
0	1350	0	150	0.1	1.0	recombination	phylter_k_050	N716	recombination_increase
1197	3	296	4	0.2	1.0	recombination	phylter_k_300	N282	recombination_increase
0	1200	0	300	0.2	1.0	recombination	phylter_k_050	N282	recombination_increase
1071	129	276	24	0.2	1.0	recombination	phylter_k_020	N282	recombination_increase
1185	15	297	3	0.2	1.0	recombination	phylter_k_155	N282	recombination_increase
1	1199	1	299	0.2	1.0	recombination	phylter_k_020	N282	recombination_increase
0	1200	0	300	0.2	1.0	recombination	phylter_k_020	N282	recombination_increase
1197	3	296	4	0.2	1.0	recombination	phylter_k_300	N282	recombination_increase
0	1200	0	300	0.2	1.0	recombination	phylter_k_050	N282	recombination_increase
1150	50	288	12	0.2	1.0	recombination	phylter_k_155	N282	recombination_increase
814	386	204	96	0.2	1.0	recombination	phylter_k_050	N282	recombination_increase
1198	2	300	0	0.2	1.0	recombination	phylter_k_300	N282	recombination_increase
1146	54	287	13	0.2	1.0	recombination	phylter_k_155	N282	recombination_increase
0	1275	0	225	0.15	1.0	recombination	phylter_k_020	N187	recombination_increase
1221	54	217	8	0.15	1.0	recombination	phylter_k_155	N187	recombination_increase
0	1275	0	225	0.15	1.0	recombination	phylter_k_050	N187	recombination_increase
1156	119	209	16	0.15	1.0	recombination	phylter_k_050	N187	recombination_increase
1274	1	225	0	0.15	1.0	recombination	phylter_k_300	N187	recombination_increase
1223	52	217	8	0.15	1.0	recombination	phylter_k_155	N187	recombination_increase
0	1275	0	225	0.15	1.0	recombination	phylter_k_020	N187	recombination_increase
1273	2	225	0	0.15	1.0	recombination	phylter_k_300	N187	recombination_increase
1162	113	205	20	0.15	1.0	recombination	phylter_k_020	N187	recombination_increase
1273	2	225	0	0.15	1.0	recombination	phylter_k_300	N187	recombination_increase
1246	29	219	6	0.15	1.0	recombination	phylter_k_155	N187	recombination_increase
0	1275	0	225	0.15	1.0	recombination	phylter_k_050	N187	recombination_increase
0	1470	0	30	0.02	1.0	recombination	phylter_k_050	N176	recombination_increase
1469	1	30	0	0.02	1.0	recombination	phylter_k_300	N176	recombination_increase
1401	69	29	1	0.02	1.0	recombination	phylter_k_155	N176	recombination_increase
1151	319	25	5	0.02	1.0	recombination	phylter_k_050	N176	recombination_increase
6	1464	0	30	0.02	1.0	recombination	phylter_k_020	N176	recombination_increase
0	1470	0	30	0.02	1.0	recombination	phylter_k_050	N176	recombination_increase
1431	39	29	1	0.02	1.0	recombination	phylter_k_155	N176	recombination_increase
1467	3	30	0	0.02	1.0	recombination	phylter_k_300	N176	recombination_increase
1	1469	0	30	0.02	1.0	recombination	phylter_k_020	N176	recombination_increase
1314	156	26	4	0.02	1.0	recombination	phylter_k_020	N176	recombination_increase
1397	73	29	1	0.02	1.0	recombination	phylter_k_155	N176	recombination_increase
1467	3	30	0	0.02	1.0	recombination	phylter_k_300	N176	recombination_increase
181	1019	43	257	0.2	1.0	recombination	phylter_k_050	N555	recombination_increase
1171	29	293	7	0.2	1.0	recombination	phylter_k_155	N555	recombination_increase
270	930	66	234	0.2	1.0	recombination	phylter_k_020	N555	recombination_increase
1193	7	300	0	0.2	1.0	recombination	phylter_k_300	N555	recombination_increase
1175	25	293	7	0.2	1.0	recombination	phylter_k_155	N555	recombination_increase
960	240	249	51	0.2	1.0	recombination	phylter_k_050	N555	recombination_increase
1195	5	300	0	0.2	1.0	recombination	phylter_k_300	N555	recombination_increase
32	1168	8	292	0.2	1.0	recombination	phylter_k_020	N555	recombination_increase
1193	7	300	0	0.2	1.0	recombination	phylter_k_300	N555	recombination_increase
14	1186	2	298	0.2	1.0	recombination	phylter_k_050	N555	recombination_increase
1028	172	258	42	0.2	1.0	recombination	phylter_k_020	N555	recombination_increase
1185	15	295	5	0.2	1.0	recombination	phylter_k_155	N555	recombination_increase
25	1325	2	148	0.1	1.0	recombination	phylter_k_050	N555	recombination_increase
1302	48	142	8	0.1	1.0	recombination	phylter_k_155	N555	recombination_increase
63	1287	7	143	0.1	1.0	recombination	phylter_k_020	N555	recombination_increase
12	1338	3	147	0.1	1.0	recombination	phylter_k_020	N555	recombination_increase
1320	30	144	6	0.1	1.0	recombination	phylter_k_155	N555	recombination_increase
1345	5	150	0	0.1	1.0	recombination	phylter_k_300	N555	recombination_increase
1209	141	133	17	0.1	1.0	recombination	phylter_k_020	N555	recombination_increase
1309	41	143	7	0.1	1.0	recombination	phylter_k_155	N555	recombination_increase
1345	5	150	0	0.1	1.0	recombination	phylter_k_300	N555	recombination_increase
1235	115	134	16	0.1	1.0	recombination	phylter_k_050	N555	recombination_increase
1349	1	150	0	0.1	1.0	recombination	phylter_k_300	N555	recombination_increase
3	1347	1	149	0.1	1.0	recombination	phylter_k_050	N555	recombination_increase
1124	1	375	0	0.25	1.0	recombination	phylter_k_300	N187	recombination_increase
1033	92	338	37	0.25	1.0	recombination	phylter_k_050	N187	recombination_increase
0	1125	0	375	0.25	1.0	recombination	phylter_k_050	N187	recombination_increase
1123	2	375	0	0.25	1.0	recombination	phylter_k_300	N187	recombination_increase
1085	40	368	7	0.25	1.0	recombination	phylter_k_155	N187	recombination_increase
1085	40	368	7	0.25	1.0	recombination	phylter_k_155	N187	recombination_increase
1109	16	371	4	0.25	1.0	recombination	phylter_k_155	N187	recombination_increase
1123	2	375	0	0.25	1.0	recombination	phylter_k_300	N187	recombination_increase
0	1125	1	374	0.25	1.0	recombination	phylter_k_020	N187	recombination_increase
0	1125	0	375	0.25	1.0	recombination	phylter_k_050	N187	recombination_increase
1043	82	346	29	0.25	1.0	recombination	phylter_k_020	N187	recombination_increase
0	1125	0	375	0.25	1.0	recombination	phylter_k_020	N187	recombination_increase
1273	77	142	8	0.1	1.0	recombination	phylter_k_155	N282	recombination_increase
3	1347	1	149	0.1	1.0	recombination	phylter_k_020	N282	recombination_increase
0	1350	0	150	0.1	1.0	recombination	phylter_k_050	N282	recombination_increase
1195	155	136	14	0.1	1.0	recombination	phylter_k_050	N282	recombination_increase
1277	73	143	7	0.1	1.0	recombination	phylter_k_155	N282	recombination_increase
1349	1	150	0	0.1	1.0	recombination	phylter_k_300	N282	recombination_increase
1348	2	149	1	0.1	1.0	recombination	phylter_k_300	N282	recombination_increase
1	1349	0	150	0.1	1.0	recombination	phylter_k_020	N282	recombination_increase
1348	2	149	1	0.1	1.0	recombination	phylter_k_300	N282	recombination_increase
0	1350	0	150	0.1	1.0	recombination	phylter_k_050	N282	recombination_increase
1324	26	147	3	0.1	1.0	recombination	phylter_k_155	N282	recombination_increase
1240	110	141	9	0.1	1.0	recombination	phylter_k_020	N282	recombination_increase
1468	2	30	0	0.02	1.0	recombination	phylter_k_300	N238	recombination_increase
1342	128	29	1	0.02	1.0	recombination	phylter_k_020	N238	recombination_increase
0	1470	0	30	0.02	1.0	recombination	phylter_k_050	N238	recombination_increase
1447	23	30	0	0.02	1.0	recombination	phylter_k_155	N238	recombination_increase
0	1470	0	30	0.02	1.0	recombination	phylter_k_050	N238	recombination_increase
1414	56	29	1	0.02	1.0	recombination	phylter_k_155	N238	recombination_increase
1	1469	0	30	0.02	1.0	recombination	phylter_k_020	N238	recombination_increase
0	1470	0	30	0.02	1.0	recombination	phylter_k_020	N238	recombination_increase
1468	2	30	0	0.02	1.0	recombination	phylter_k_300	N238	recombination_increase
1420	50	29	1	0.02	1.0	recombination	phylter_k_155	N238	recombination_increase
1313	157	27	3	0.02	1.0	recombination	phylter_k_050	N238	recombination_increase
1469	1	30	0	0.02	1.0	recombination	phylter_k_300	N238	recombination_increase
1198	2	300	0	0.2	1.0	recombination	phylter_k_300	N716	recombination_increase
0	1200	0	300	0.2	1.0	recombination	phylter_k_020	N716	recombination_increase
1188	12	300	0	0.2	1.0	recombination	phylter_k_155	N716	recombination_increase
1189	11	300	0	0.2	1.0	recombination	phylter_k_155	N716	recombination_increase
1052	148	266	34	0.2	1.0	recombination	phylter_k_020	N716	recombination_increase
1198	2	300	0	0.2	1.0	recombination	phylter_k_300	N716	recombination_increase
0	1200	0	300	0.2	1.0	recombination	phylter_k_050	N716	recombination_increase
1189	11	300	0	0.2	1.0	recombination	phylter_k_155	N716	recombination_increase
1198	2	300	0	0.2	1.0	recombination	phylter_k_300	N716	recombination_increase
0	1200	0	300	0.2	1.0	recombination	phylter_k_020	N716	recombination_increase
1150	50	285	15	0.2	1.0	recombination	phylter_k_050	N716	recombination_increase
0	1200	0	300	0.2	1.0	recombination	phylter_k_050	N716	recombination_increase
0	1125	0	375	0.25	1.0	recombination	phylter_k_050	N151	recombination_increase
1124	1	374	1	0.25	1.0	recombination	phylter_k_300	N151	recombination_increase
1125	0	375	0	0.25	1.0	recombination	phylter_k_300	N151	recombination_increase
974	151	324	51	0.25	1.0	recombination	phylter_k_050	N151	recombination_increase
1	1124	0	375	0.25	1.0	recombination	phylter_k_050	N151	recombination_increase
1124	1	374	1	0.25	1.0	recombination	phylter_k_300	N151	recombination_increase
1	1124	0	375	0.25	1.0	recombination	phylter_k_020	N151	recombination_increase
3	1122	1	374	0.25	1.0	recombination	phylter_k_020	N151	recombination_increase
1115	10	372	3	0.25	1.0	recombination	phylter_k_155	N151	recombination_increase
1081	44	366	9	0.25	1.0	recombination	phylter_k_155	N151	recombination_increase
1028	97	343	32	0.25	1.0	recombination	phylter_k_020	N151	recombination_increase
1085	40	367	8	0.25	1.0	recombination	phylter_k_155	N151	recombination_increase
1401	69	29	1	0.02	1.0	recombination	phylter_k_155	N174	recombination_increase
10	1460	0	30	0.02	1.0	recombination	phylter_k_020	N174	recombination_increase
2	1468	0	30	0.02	1.0	recombination	phylter_k_050	N174	recombination_increase
1344	126	27	3	0.02	1.0	recombination	phylter_k_020	N174	recombination_increase
1403	67	29	1	0.02	1.0	recombination	phylter_k_155	N174	recombination_increase
1467	3	30	0	0.02	1.0	recombination	phylter_k_300	N174	recombination_increase
1437	33	29	1	0.02	1.0	recombination	phylter_k_155	N174	recombination_increase
0	1470	0	30	0.02	1.0	recombination	phylter_k_020	N174	recombination_increase
1467	3	30	0	0.02	1.0	recombination	phylter_k_300	N174	recombination_increase
0	1470	0	30	0.02	1.0	recombination	phylter_k_050	N174	recombination_increase
1469	1	30	0	0.02	1.0	recombination	phylter_k_300	N174	recombination_increase
1324	146	29	1	0.02	1.0	recombination	phylter_k_050	N174	recombination_increase
1348	2	149	1	0.1	1.0	recombination	phylter_k_300	N71	recombination_increase
1309	41	148	2	0.1	1.0	recombination	phylter_k_050	N71	recombination_increase
1323	27	143	7	0.1	1.0	recombination	phylter_k_155	N71	recombination_increase
0	1350	0	150	0.1	1.0	recombination	phylter_k_020	N71	recombination_increase
1348	2	149	1	0.1	1.0	recombination	phylter_k_300	N71	recombination_increase
1348	2	149	1	0.1	1.0	recombination	phylter_k_300	N71	recombination_increase
1329	21	147	3	0.1	1.0	recombination	phylter_k_155	N71	recombination_increase
1261	89	143	7	0.1	1.0	recombination	phylter_k_020	N71	recombination_increase
1325	25	144	6	0.1	1.0	recombination	phylter_k_155	N71	recombination_increase
0	1350	0	150	0.1	1.0	recombination	phylter_k_050	N71	recombination_increase
0	1350	0	150	0.1	1.0	recombination	phylter_k_020	N71	recombination_increase
0	1350	0	150	0.1	1.0	recombination	phylter_k_050	N71	recombination_increase
1347	3	150	0	0.1	1.0	recombination	phylter_k_300	N176	recombination_increase
1281	69	147	3	0.1	1.0	recombination	phylter_k_155	N176	recombination_increase
0	1350	0	150	0.1	1.0	recombination	phylter_k_020	N176	recombination_increase
2	1348	0	150	0.1	1.0	recombination	phylter_k_020	N176	recombination_increase
1275	75	147	3	0.1	1.0	recombination	phylter_k_155	N176	recombination_increase
1310	40	149	1	0.1	1.0	recombination	phylter_k_155	N176	recombination_increase
1237	113	135	15	0.1	1.0	recombination	phylter_k_020	N176	recombination_increase
0	1350	0	150	0.1	1.0	recombination	phylter_k_050	N176	recombination_increase
0	1350	0	150	0.1	1.0	recombination	phylter_k_050	N176	recombination_increase
1046	304	120	30	0.1	1.0	recombination	phylter_k_050	N176	recombination_increase
1349	1	150	0	0.1	1.0	recombination	phylter_k_300	N176	recombination_increase
1347	3	150	0	0.1	1.0	recombination	phylter_k_300	N176	recombination_increase
1274	1	225	0	0.15	1.0	recombination	phylter_k_300	N709	recombination_increase
1251	24	223	2	0.15	1.0	recombination	phylter_k_155	N709	recombination_increase
0	1275	0	225	0.15	1.0	recombination	phylter_k_050	N709	recombination_increase
1214	61	213	12	0.15	1.0	recombination	phylter_k_050	N709	recombination_increase
0	1275	0	225	0.15	1.0	recombination	phylter_k_050	N709	recombination_increase
0	1275	0	225	0.15	1.0	recombination	phylter_k_020	N709	recombination_increase
1129	146	195	30	0.15	1.0	recombination	phylter_k_020	N709	recombination_increase
0	1275	0	225	0.15	1.0	recombination	phylter_k_020	N709	recombination_increase
1256	19	223	2	0.15	1.0	recombination	phylter_k_155	N709	recombination_increase
1270	5	225	0	0.15	1.0	recombination	phylter_k_300	N709	recombination_increase
1271	4	225	0	0.15	1.0	recombination	phylter_k_300	N709	recombination_increase
1242	33	223	2	0.15	1.0	recombination	phylter_k_155	N709	recombination_increase
1469	1	30	0	0.02	1.0	recombination	phylter_k_300	N716	recombination_increase
1270	200	23	7	0.02	1.0	recombination	phylter_k_050	N716	recombination_increase
1466	4	30	0	0.02	1.0	recombination	phylter_k_300	N716	recombination_increase
0	1470	0	30	0.02	1.0	recombination	phylter_k_050	N716	recombination_increase
1437	33	29	1	0.02	1.0	recombination	phylter_k_155	N716	recombination_increase
1434	36	29	1	0.02	1.0	recombination	phylter_k_155	N716	recombination_increase
0	1470	0	30	0.02	1.0	recombination	phylter_k_020	N716	recombination_increase
1441	29	29	1	0.02	1.0	recombination	phylter_k_155	N716	recombination_increase
0	1470	0	30	0.02	1.0	recombination	phylter_k_020	N716	recombination_increase
1347	123	26	4	0.02	1.0	recombination	phylter_k_020	N716	recombination_increase
1465	5	30	0	0.02	1.0	recombination	phylter_k_300	N716	recombination_increase
0	1470	0	30	0.02	1.0	recombination	phylter_k_050	N716	recombination_increase
1109	91	278	22	0.2	1.0	recombination	phylter_k_050	N238	recombination_increase
0	1200	0	300	0.2	1.0	recombination	phylter_k_020	N238	recombination_increase
1199	1	300	0	0.2	1.0	recombination	phylter_k_300	N238	recombination_increase
1196	4	300	0	0.2	1.0	recombination	phylter_k_300	N238	recombination_increase
1197	3	300	0	0.2	1.0	recombination	phylter_k_300	N238	recombination_increase
1160	40	294	6	0.2	1.0	recombination	phylter_k_155	N238	recombination_increase
1192	8	298	2	0.2	1.0	recombination	phylter_k_155	N238	recombination_increase
0	1200	0	300	0.2	1.0	recombination	phylter_k_050	N238	recombination_increase
1165	35	294	6	0.2	1.0	recombination	phylter_k_155	N238	recombination_increase
1122	78	279	21	0.2	1.0	recombination	phylter_k_020	N238	recombination_increase
0	1200	0	300	0.2	1.0	recombination	phylter_k_050	N238	recombination_increase
0	1200	0	300	0.2	1.0	recombination	phylter_k_020	N238	recombination_increase
1	1274	0	225	0.15	1.0	recombination	phylter_k_050	N249	recombination_increase
1	1274	0	225	0.15	1.0	recombination	phylter_k_020	N249	recombination_increase
1235	40	216	9	0.15	1.0	recombination	phylter_k_155	N249	recombination_increase
1	1274	0	225	0.15	1.0	recombination	phylter_k_020	N249	recombination_increase
1273	2	225	0	0.15	1.0	recombination	phylter_k_300	N249	recombination_increase
1274	1	225	0	0.15	1.0	recombination	phylter_k_300	N249	recombination_increase
1235	40	216	9	0.15	1.0	recombination	phylter_k_155	N249	recombination_increase
1124	151	197	28	0.15	1.0	recombination	phylter_k_050	N249	recombination_increase
1273	2	225	0	0.15	1.0	recombination	phylter_k_300	N249	recombination_increase
1193	82	210	15	0.15	1.0	recombination	phylter_k_020	N249	recombination_increase
1255	20	221	4	0.15	1.0	recombination	phylter_k_155	N249	recombination_increase
1	1274	0	225	0.15	1.0	recombination	phylter_k_050	N249	recombination_increase
1190	85	210	15	0.15	1.0	recombination	phylter_k_020	N703	recombination_increase
0	1275	0	225	0.15	1.0	recombination	phylter_k_020	N703	recombination_increase
1253	22	222	3	0.15	1.0	recombination	phylter_k_155	N703	recombination_increase
0	1275	0	225	0.15	1.0	recombination	phylter_k_050	N703	recombination_increase
1243	32	222	3	0.15	1.0	recombination	phylter_k_155	N703	recombination_increase
0	1275	0	225	0.15	1.0	recombination	phylter_k_050	N703	recombination_increase
1235	40	221	4	0.15	1.0	recombination	phylter_k_155	N703	recombination_increase
1274	1	225	0	0.15	1.0	recombination	phylter_k_300	N703	recombination_increase
1270	5	225	0	0.15	1.0	recombination	phylter_k_300	N703	recombination_increase
941	334	157	68	0.15	1.0	recombination	phylter_k_050	N703	recombination_increase
0	1275	0	225	0.15	1.0	recombination	phylter_k_020	N703	recombination_increase
1270	5	225	0	0.15	1.0	recombination	phylter_k_300	N703	recombination_increase
0	1200	0	300	0.2	1.0	recombination	phylter_k_050	N174	recombination_increase
1042	158	260	40	0.2	1.0	recombination	phylter_k_050	N174	recombination_increase
1197	3	298	2	0.2	1.0	recombination	phylter_k_300	N174	recombination_increase
1199	1	300	0	0.2	1.0	recombination	phylter_k_300	N174	recombination_increase
1197	3	298	2	0.2	1.0	recombination	phylter_k_300	N174	recombination_increase
1132	68	289	11	0.2	1.0	recombination	phylter_k_155	N174	recombination_increase
2	1198	0	300	0.2	1.0	recombination	phylter_k_020	N174	recombination_increase
1130	70	288	12	0.2	1.0	recombination	phylter_k_155	N174	recombination_increase
2	1198	0	300	0.2	1.0	recombination	phylter_k_050	N174	recombination_increase
1158	42	292	8	0.2	1.0	recombination	phylter_k_155	N174	recombination_increase
10	1190	0	300	0.2	1.0	recombination	phylter_k_020	N174	recombination_increase
1115	85	284	16	0.2	1.0	recombination	phylter_k_020	N174	recombination_increase
1278	147	68	7	0.05	1.0	recombination	phylter_k_050	N115	recombination_increase
1424	1	75	0	0.05	1.0	recombination	phylter_k_300	N115	recombination_increase
0	1425	0	75	0.05	1.0	recombination	phylter_k_050	N115	recombination_increase
1424	1	75	0	0.05	1.0	recombination	phylter_k_300	N115	recombination_increase
1383	42	74	1	0.05	1.0	recombination	phylter_k_155	N115	recombination_increase
1320	105	71	4	0.05	1.0	recombination	phylter_k_020	N115	recombination_increase
1375	50	73	2	0.05	1.0	recombination	phylter_k_155	N115	recombination_increase
1405	20	74	1	0.05	1.0	recombination	phylter_k_155	N115	recombination_increase
0	1425	0	75	0.05	1.0	recombination	phylter_k_020	N115	recombination_increase
0	1425	0	75	0.05	1.0	recombination	phylter_k_020	N115	recombination_increase
0	1425	0	75	0.05	1.0	recombination	phylter_k_050	N115	recombination_increase
1424	1	75	0	0.05	1.0	recombination	phylter_k_300	N115	recombination_increase
1199	1	297	3	0.2	1.0	recombination	phylter_k_300	N71	recombination_increase
1199	1	297	3	0.2	1.0	recombination	phylter_k_300	N71	recombination_increase
0	1200	0	300	0.2	1.0	recombination	phylter_k_020	N71	recombination_increase
1124	76	271	29	0.2	1.0	recombination	phylter_k_020	N71	recombination_increase
1175	25	288	12	0.2	1.0	recombination	phylter_k_155	N71	recombination_increase
1182	18	293	7	0.2	1.0	recombination	phylter_k_155	N71	recombination_increase
0	1200	0	300	0.2	1.0	recombination	phylter_k_050	N71	recombination_increase
0	1200	0	300	0.2	1.0	recombination	phylter_k_050	N71	recombination_increase
0	1200	0	300	0.2	1.0	recombination	phylter_k_020	N71	recombination_increase
1199	1	297	3	0.2	1.0	recombination	phylter_k_300	N71	recombination_increase
1177	23	289	11	0.2	1.0	recombination	phylter_k_155	N71	recombination_increase
1171	29	295	5	0.2	1.0	recombination	phylter_k_050	N71	recombination_increase
1345	80	70	5	0.05	1.0	recombination	phylter_k_155	N282	recombination_increase
1423	2	74	1	0.05	1.0	recombination	phylter_k_300	N282	recombination_increase
0	1425	0	75	0.05	1.0	recombination	phylter_k_020	N282	recombination_increase
1324	101	72	3	0.05	1.0	recombination	phylter_k_020	N282	recombination_increase
1423	2	74	1	0.05	1.0	recombination	phylter_k_300	N282	recombination_increase
1399	26	73	2	0.05	1.0	recombination	phylter_k_155	N282	recombination_increase
1351	74	71	4	0.05	1.0	recombination	phylter_k_155	N282	recombination_increase
0	1425	0	75	0.05	1.0	recombination	phylter_k_050	N282	recombination_increase
1275	150	63	12	0.05	1.0	recombination	phylter_k_050	N282	recombination_increase
2	1423	1	74	0.05	1.0	recombination	phylter_k_020	N282	recombination_increase
1424	1	75	0	0.05	1.0	recombination	phylter_k_300	N282	recombination_increase
0	1425	0	75	0.05	1.0	recombination	phylter_k_050	N282	recombination_increase
1420	5	75	0	0.05	1.0	recombination	phylter_k_300	N555	recombination_increase
1377	48	73	2	0.05	1.0	recombination	phylter_k_155	N555	recombination_increase
30	1395	2	73	0.05	1.0	recombination	phylter_k_020	N555	recombination_increase
1395	30	73	2	0.05	1.0	recombination	phylter_k_155	N555	recombination_increase
1420	5	75	0	0.05	1.0	recombination	phylter_k_300	N555	recombination_increase
1296	129	68	7	0.05	1.0	recombination	phylter_k_020	N555	recombination_increase
11	1414	0	75	0.05	1.0	recombination	phylter_k_050	N555	recombination_increase
224	1201	11	64	0.05	1.0	recombination	phylter_k_020	N555	recombination_increase
1169	256	66	9	0.05	1.0	recombination	phylter_k_050	N555	recombination_increase
1424	1	75	0	0.05	1.0	recombination	phylter_k_300	N555	recombination_increase
0	1425	0	75	0.05	1.0	recombination	phylter_k_050	N555	recombination_increase
1383	42	73	2	0.05	1.0	recombination	phylter_k_155	N555	recombination_increase
1108	17	372	3	0.25	1.0	recombination	phylter_k_155	N397	recombination_increase
0	1125	0	375	0.25	1.0	recombination	phylter_k_020	N397	recombination_increase
1067	58	355	20	0.25	1.0	recombination	phylter_k_020	N397	recombination_increase
0	1125	0	375	0.25	1.0	recombination	phylter_k_050	N397	recombination_increase
0	1125	0	375	0.25	1.0	recombination	phylter_k_050	N397	recombination_increase
1117	8	374	1	0.25	1.0	recombination	phylter_k_155	N397	recombination_increase
1105	20	371	4	0.25	1.0	recombination	phylter_k_155	N397	recombination_increase
1122	3	375	0	0.25	1.0	recombination	phylter_k_300	N397	recombination_increase
1051	74	349	26	0.25	1.0	recombination	phylter_k_050	N397	recombination_increase
0	1125	0	375	0.25	1.0	recombination	phylter_k_020	N397	recombination_increase
1123	2	375	0	0.25	1.0	recombination	phylter_k_300	N397	recombination_increase
1125	0	375	0	0.25	1.0	recombination	phylter_k_300	N397	recombination_increase
1088	37	364	11	0.25	1.0	recombination	phylter_k_155	N274	recombination_increase
1096	29	369	6	0.25	1.0	recombination	phylter_k_155	N274	recombination_increase
1123	2	375	0	0.25	1.0	recombination	phylter_k_300	N274	recombination_increase
0	1125	0	375	0.25	1.0	recombination	phylter_k_050	N274	recombination_increase
0	1125	0	375	0.25	1.0	recombination	phylter_k_020	N274	recombination_increase
878	247	298	77	0.25	1.0	recombination	phylter_k_050	N274	recombination_increase
0	1125	0	375	0.25	1.0	recombination	phylter_k_020	N274	recombination_increase
1124	1	375	0	0.25	1.0	recombination	phylter_k_300	N274	recombination_increase
1124	1	375	0	0.25	1.0	recombination	phylter_k_300	N274	recombination_increase
0	1125	0	375	0.25	1.0	recombination	phylter_k_050	N274	recombination_increase
958	167	314	61	0.25	1.0	recombination	phylter_k_020	N274	recombination_increase
1104	21	371	4	0.25	1.0	recombination	phylter_k_155	N274	recombination_increase
0	1275	0	225	0.15	1.0	recombination	phylter_k_050	N690	recombination_increase
1274	1	225	0	0.15	1.0	recombination	phylter_k_300	N690	recombination_increase
1270	5	225	0	0.15	1.0	recombination	phylter_k_300	N690	recombination_increase
1189	86	210	15	0.15	1.0	recombination	phylter_k_050	N690	recombination_increase
1246	29	222	3	0.15	1.0	recombination	phylter_k_155	N690	recombination_increase
1248	27	222	3	0.15	1.0	recombination	phylter_k_155	N690	recombination_increase
386	889	74	151	0.15	1.0	recombination	phylter_k_050	N690	recombination_increase
1264	11	223	2	0.15	1.0	recombination	phylter_k_155	N690	recombination_increase
1270	5	225	0	0.15	1.0	recombination	phylter_k_300	N690	recombination_increase
1179	96	206	19	0.15	1.0	recombination	phylter_k_020	N690	recombination_increase
17	1258	2	223	0.15	1.0	recombination	phylter_k_020	N690	recombination_increase
367	908	63	162	0.15	1.0	recombination	phylter_k_020	N690	recombination_increase
149	976	44	331	0.25	1.0	recombination	phylter_k_020	N639	recombination_increase
1	1124	0	375	0.25	1.0	recombination	phylter_k_050	N639	recombination_increase
789	336	284	91	0.25	1.0	recombination	phylter_k_050	N639	recombination_increase
412	713	143	232	0.25	1.0	recombination	phylter_k_020	N639	recombination_increase
1123	2	375	0	0.25	1.0	recombination	phylter_k_300	N639	recombination_increase
1123	2	375	0	0.25	1.0	recombination	phylter_k_300	N639	recombination_increase
1108	17	373	2	0.25	1.0	recombination	phylter_k_155	N639	recombination_increase
1108	17	373	2	0.25	1.0	recombination	phylter_k_155	N639	recombination_increase
1032	93	346	29	0.25	1.0	recombination	phylter_k_020	N639	recombination_increase
1123	2	375	0	0.25	1.0	recombination	phylter_k_300	N639	recombination_increase
0	1125	0	375	0.25	1.0	recombination	phylter_k_050	N639	recombination_increase
1111	14	373	2	0.25	1.0	recombination	phylter_k_155	N639	recombination_increase
0	1470	0	30	0.02	1.0	recombination	phylter_k_050	N418	recombination_increase
2	1468	0	30	0.02	1.0	recombination	phylter_k_020	N418	recombination_increase
1418	52	30	0	0.02	1.0	recombination	phylter_k_155	N418	recombination_increase
1438	32	30	0	0.02	1.0	recombination	phylter_k_155	N418	recombination_increase
0	1470	0	30	0.02	1.0	recombination	phylter_k_020	N418	recombination_increase
1467	3	30	0	0.02	1.0	recombination	phylter_k_300	N418	recombination_increase
1338	132	28	2	0.02	1.0	recombination	phylter_k_020	N418	recombination_increase
1423	47	30	0	0.02	1.0	recombination	phylter_k_155	N418	recombination_increase
1469	1	30	0	0.02	1.0	recombination	phylter_k_300	N418	recombination_increase
1387	83	29	1	0.02	1.0	recombination	phylter_k_050	N418	recombination_increase
1469	1	30	0	0.02	1.0	recombination	phylter_k_300	N418	recombination_increase
0	1470	0	30	0.02	1.0	recombination	phylter_k_050	N418	recombination_increase
0	1470	0	30	0.02	1.0	recombination	phylter_k_020	N125	recombination_increase
1461	9	30	0	0.02	1.0	recombination	phylter_k_300	N125	recombination_increase
1461	9	30	0	0.02	1.0	recombination	phylter_k_300	N125	recombination_increase
1469	1	30	0	0.02	1.0	recombination	phylter_k_300	N125	recombination_increase
1375	95	25	5	0.02	1.0	recombination	phylter_k_155	N125	recombination_increase
1252	218	25	5	0.02	1.0	recombination	phylter_k_050	N125	recombination_increase
0	1470	0	30	0.02	1.0	recombination	phylter_k_050	N125	recombination_increase
0	1470	0	30	0.02	1.0	recombination	phylter_k_020	N125	recombination_increase
0	1470	0	30	0.02	1.0	recombination	phylter_k_050	N125	recombination_increase
1336	134	28	2	0.02	1.0	recombination	phylter_k_020	N125	recombination_increase
1441	29	29	1	0.02	1.0	recombination	phylter_k_155	N125	recombination_increase
1389	81	25	5	0.02	1.0	recombination	phylter_k_155	N125	recombination_increase
2	1273	0	225	0.15	1.0	recombination	phylter_k_020	N407	recombination_increase
1272	3	225	0	0.15	1.0	recombination	phylter_k_300	N407	recombination_increase
1152	123	212	13	0.15	1.0	recombination	phylter_k_020	N407	recombination_increase
1272	3	225	0	0.15	1.0	recombination	phylter_k_300	N407	recombination_increase
1256	19	224	1	0.15	1.0	recombination	phylter_k_155	N407	recombination_increase
1240	35	224	1	0.15	1.0	recombination	phylter_k_155	N407	recombination_increase
1	1274	0	225	0.15	1.0	recombination	phylter_k_050	N407	recombination_increase
1240	35	224	1	0.15	1.0	recombination	phylter_k_155	N407	recombination_increase
1	1274	0	225	0.15	1.0	recombination	phylter_k_050	N407	recombination_increase
2	1273	0	225	0.15	1.0	recombination	phylter_k_020	N407	recombination_increase
1274	1	225	0	0.15	1.0	recombination	phylter_k_300	N407	recombination_increase
1109	166	199	26	0.15	1.0	recombination	phylter_k_050	N407	recombination_increase
1	1124	0	375	0.25	1.0	recombination	phylter_k_050	N228	recombination_increase
2	1123	0	375	0.25	1.0	recombination	phylter_k_020	N228	recombination_increase
1086	39	364	11	0.25	1.0	recombination	phylter_k_155	N228	recombination_increase
1088	37	362	13	0.25	1.0	recombination	phylter_k_050	N228	recombination_increase
2	1123	0	375	0.25	1.0	recombination	phylter_k_020	N228	recombination_increase
1123	2	375	0	0.25	1.0	recombination	phylter_k_300	N228	recombination_increase
1120	5	374	1	0.25	1.0	recombination	phylter_k_300	N228	recombination_increase
1086	39	364	11	0.25	1.0	recombination	phylter_k_155	N228	recombination_increase
1120	5	374	1	0.25	1.0	recombination	phylter_k_300	N228	recombination_increase
1113	12	372	3	0.25	1.0	recombination	phylter_k_155	N228	recombination_increase
1	1124	0	375	0.25	1.0	recombination	phylter_k_050	N228	recombination_increase
1038	87	347	28	0.25	1.0	recombination	phylter_k_020	N228	recombination_increase
1023	102	336	39	0.25	1.0	recombination	phylter_k_020	N665	recombination_increase
1098	27	366	9	0.25	1.0	recombination	phylter_k_155	N665	recombination_increase
1114	11	369	6	0.25	1.0	recombination	phylter_k_155	N665	recombination_increase
1	1124	0	375	0.25	1.0	recombination	phylter_k_050	N665	recombination_increase
1	1124	0	375	0.25	1.0	recombination	phylter_k_050	N665	recombination_increase
5	1120	0	375	0.25	1.0	recombination	phylter_k_020	N665	recombination_increase
1098	27	366	9	0.25	1.0	recombination	phylter_k_155	N665	recombination_increase
1125	0	375	0	0.25	1.0	recombination	phylter_k_300	N665	recombination_increase
1058	67	347	28	0.25	1.0	recombination	phylter_k_050	N665	recombination_increase
1121	4	375	0	0.25	1.0	recombination	phylter_k_300	N665	recombination_increase
1121	4	375	0	0.25	1.0	recombination	phylter_k_300	N665	recombination_increase
5	1120	0	375	0.25	1.0	recombination	phylter_k_020	N665	recombination_increase
1190	85	214	11	0.15	1.0	recombination	phylter_k_155	N188	recombination_increase
0	1275	0	225	0.15	1.0	recombination	phylter_k_050	N188	recombination_increase
0	1275	0	225	0.15	1.0	recombination	phylter_k_050	N188	recombination_increase
1107	168	195	30	0.15	1.0	recombination	phylter_k_050	N188	recombination_increase
1274	1	224	1	0.15	1.0	recombination	phylter_k_300	N188	recombination_increase
2	1273	1	224	0.15	1.0	recombination	phylter_k_020	N188	recombination_increase
1186	89	213	12	0.15	1.0	recombination	phylter_k_155	N188	recombination_increase
1272	3	224	1	0.15	1.0	recombination	phylter_k_300	N188	recombination_increase
1272	3	224	1	0.15	1.0	recombination	phylter_k_300	N188	recombination_increase
1220	55	217	8	0.15	1.0	recombination	phylter_k_155	N188	recombination_increase
0	1275	0	225	0.15	1.0	recombination	phylter_k_020	N188	recombination_increase
1131	144	205	20	0.15	1.0	recombination	phylter_k_020	N188	recombination_increase
1423	2	75	0	0.05	1.0	recombination	phylter_k_300	N176	recombination_increase
1425	0	75	0	0.05	1.0	recombination	phylter_k_300	N176	recombination_increase
1273	152	68	7	0.05	1.0	recombination	phylter_k_050	N176	recombination_increase
0	1425	0	75	0.05	1.0	recombination	phylter_k_050	N176	recombination_increase
1315	110	68	7	0.05	1.0	recombination	phylter_k_020	N176	recombination_increase
1	1424	0	75	0.05	1.0	recombination	phylter_k_050	N176	recombination_increase
1391	34	74	1	0.05	1.0	recombination	phylter_k_155	N176	recombination_increase
6	1419	0	75	0.05	1.0	recombination	phylter_k_020	N176	recombination_increase
1353	72	74	1	0.05	1.0	recombination	phylter_k_155	N176	recombination_increase
0	1425	0	75	0.05	1.0	recombination	phylter_k_020	N176	recombination_increase
1423	2	75	0	0.05	1.0	recombination	phylter_k_300	N176	recombination_increase
1358	67	74	1	0.05	1.0	recombination	phylter_k_155	N176	recombination_increase
1068	57	360	15	0.25	1.0	recombination	phylter_k_050	N461	recombination_increase
1124	1	375	0	0.25	1.0	recombination	phylter_k_300	N461	recombination_increase
1121	4	375	0	0.25	1.0	recombination	phylter_k_300	N461	recombination_increase
0	1125	0	375	0.25	1.0	recombination	phylter_k_050	N461	recombination_increase
11	1114	3	372	0.25	1.0	recombination	phylter_k_020	N461	recombination_increase
1029	96	342	33	0.25	1.0	recombination	phylter_k_020	N461	recombination_increase
1103	22	368	7	0.25	1.0	recombination	phylter_k_155	N461	recombination_increase
1110	15	370	5	0.25	1.0	recombination	phylter_k_155	N461	recombination_increase
3	1122	0	375	0.25	1.0	recombination	phylter_k_050	N461	recombination_increase
2	1123	0	375	0.25	1.0	recombination	phylter_k_020	N461	recombination_increase
1103	22	368	7	0.25	1.0	recombination	phylter_k_155	N461	recombination_increase
1121	4	375	0	0.25	1.0	recombination	phylter_k_300	N461	recombination_increase
0	1275	0	225	0.15	1.0	recombination	phylter_k_050	N717	recombination_increase
1271	4	225	0	0.15	1.0	recombination	phylter_k_300	N717	recombination_increase
1274	1	225	0	0.15	1.0	recombination	phylter_k_300	N717	recombination_increase
1172	103	207	18	0.15	1.0	recombination	phylter_k_050	N717	recombination_increase
1235	40	219	6	0.15	1.0	recombination	phylter_k_155	N717	recombination_increase
0	1275	0	225	0.15	1.0	recombination	phylter_k_020	N717	recombination_increase
1270	5	225	0	0.15	1.0	recombination	phylter_k_300	N717	recombination_increase
1127	148	200	25	0.15	1.0	recombination	phylter_k_020	N717	recombination_increase
0	1275	0	225	0.15	1.0	recombination	phylter_k_020	N717	recombination_increase
1240	35	219	6	0.15	1.0	recombination	phylter_k_155	N717	recombination_increase
1232	43	219	6	0.15	1.0	recombination	phylter_k_155	N717	recombination_increase
0	1275	0	225	0.15	1.0	recombination	phylter_k_050	N717	recombination_increase
1095	30	368	7	0.25	1.0	recombination	phylter_k_155	N113	recombination_increase
1124	1	373	2	0.25	1.0	recombination	phylter_k_300	N113	recombination_increase
1124	1	373	2	0.25	1.0	recombination	phylter_k_300	N113	recombination_increase
967	158	323	52	0.25	1.0	recombination	phylter_k_050	N113	recombination_increase
0	1125	1	374	0.25	1.0	recombination	phylter_k_020	N113	recombination_increase
1124	1	375	0	0.25	1.0	recombination	phylter_k_300	N113	recombination_increase
0	1125	1	374	0.25	1.0	recombination	phylter_k_020	N113	recombination_increase
0	1125	0	375	0.25	1.0	recombination	phylter_k_050	N113	recombination_increase
946	179	312	63	0.25	1.0	recombination	phylter_k_020	N113	recombination_increase
1095	30	368	7	0.25	1.0	recombination	phylter_k_155	N113	recombination_increase
0	1125	0	375	0.25	1.0	recombination	phylter_k_050	N113	recombination_increase
1116	9	373	2	0.25	1.0	recombination	phylter_k_155	N113	recombination_increase
1199	1	300	0	0.2	1.0	recombination	phylter_k_300	N418	recombination_increase
1169	31	294	6	0.2	1.0	recombination	phylter_k_155	N418	recombination_increase
1065	135	261	39	0.2	1.0	recombination	phylter_k_050	N418	recombination_increase
0	1200	0	300	0.2	1.0	recombination	phylter_k_020	N418	recombination_increase
0	1200	0	300	0.2	1.0	recombination	phylter_k_050	N418	recombination_increase
0	1200	0	300	0.2	1.0	recombination	phylter_k_050	N418	recombination_increase
1181	19	295	5	0.2	1.0	recombination	phylter_k_155	N418	recombination_increase
1166	34	294	6	0.2	1.0	recombination	phylter_k_155	N418	recombination_increase
1098	102	274	26	0.2	1.0	recombination	phylter_k_020	N418	recombination_increase
1197	3	300	0	0.2	1.0	recombination	phylter_k_300	N418	recombination_increase
1199	1	300	0	0.2	1.0	recombination	phylter_k_300	N418	recombination_increase
0	1200	0	300	0.2	1.0	recombination	phylter_k_020	N418	recombination_increase
1	1199	1	299	0.2	1.0	recombination	phylter_k_020	N125	recombination_increase
0	1200	0	300	0.2	1.0	recombination	phylter_k_020	N125	recombination_increase
1189	11	298	2	0.2	1.0	recombination	phylter_k_300	N125	recombination_increase
0	1200	0	300	0.2	1.0	recombination	phylter_k_050	N125	recombination_increase
1127	73	278	22	0.2	1.0	recombination	phylter_k_155	N125	recombination_increase
1179	21	294	6	0.2	1.0	recombination	phylter_k_155	N125	recombination_increase
1120	80	278	22	0.2	1.0	recombination	phylter_k_155	N125	recombination_increase
1052	148	273	27	0.2	1.0	recombination	phylter_k_020	N125	recombination_increase
0	1200	0	300	0.2	1.0	recombination	phylter_k_050	N125	recombination_increase
1189	11	298	2	0.2	1.0	recombination	phylter_k_300	N125	recombination_increase
1172	28	297	3	0.2	1.0	recombination	phylter_k_050	N125	recombination_increase
1198	2	300	0	0.2	1.0	recombination	phylter_k_300	N125	recombination_increase
1297	53	147	3	0.1	1.0	recombination	phylter_k_155	N115	recombination_increase
0	1350	0	150	0.1	1.0	recombination	phylter_k_020	N115	recombination_increase
0	1350	0	150	0.1	1.0	recombination	phylter_k_050	N115	recombination_increase
1215	135	140	10	0.1	1.0	recombination	phylter_k_020	N115	recombination_increase
1321	29	148	2	0.1	1.0	recombination	phylter_k_155	N115	recombination_increase
0	1350	0	150	0.1	1.0	recombination	phylter_k_050	N115	recombination_increase
1294	56	145	5	0.1	1.0	recombination	phylter_k_155	N115	recombination_increase
1349	1	150	0	0.1	1.0	recombination	phylter_k_300	N115	recombination_increase
1288	62	145	5	0.1	1.0	recombination	phylter_k_050	N115	recombination_increase
1349	1	150	0	0.1	1.0	recombination	phylter_k_300	N115	recombination_increase
0	1350	0	150	0.1	1.0	recombination	phylter_k_020	N115	recombination_increase
1349	1	150	0	0.1	1.0	recombination	phylter_k_300	N115	recombination_increase
1393	32	74	1	0.05	1.0	recombination	phylter_k_155	N709	recombination_increase
0	1425	0	75	0.05	1.0	recombination	phylter_k_050	N709	recombination_increase
1294	131	69	6	0.05	1.0	recombination	phylter_k_020	N709	recombination_increase
1398	27	74	1	0.05	1.0	recombination	phylter_k_155	N709	recombination_increase
0	1425	0	75	0.05	1.0	recombination	phylter_k_020	N709	recombination_increase
0	1425	0	75	0.05	1.0	recombination	phylter_k_050	N709	recombination_increase
1420	5	75	0	0.05	1.0	recombination	phylter_k_300	N709	recombination_increase
1247	178	68	7	0.05	1.0	recombination	phylter_k_050	N709	recombination_increase
1424	1	75	0	0.05	1.0	recombination	phylter_k_300	N709	recombination_increase
0	1425	0	75	0.05	1.0	recombination	phylter_k_020	N709	recombination_increase
1386	39	74	1	0.05	1.0	recombination	phylter_k_155	N709	recombination_increase
1421	4	75	0	0.05	1.0	recombination	phylter_k_300	N709	recombination_increase
1165	35	294	6	0.2	1.0	recombination	phylter_k_155	N228	recombination_increase
1	1199	0	300	0.2	1.0	recombination	phylter_k_050	N228	recombination_increase
1071	129	277	23	0.2	1.0	recombination	phylter_k_020	N228	recombination_increase
1	1199	0	300	0.2	1.0	recombination	phylter_k_020	N228	recombination_increase
1	1199	0	300	0.2	1.0	recombination	phylter_k_050	N228	recombination_increase
1191	9	298	2	0.2	1.0	recombination	phylter_k_155	N228	recombination_increase
1	1199	0	300	0.2	1.0	recombination	phylter_k_020	N228	recombination_increase
1198	2	299	1	0.2	1.0	recombination	phylter_k_300	N228	recombination_increase
1199	1	300	0	0.2	1.0	recombination	phylter_k_300	N228	recombination_increase
1165	35	294	6	0.2	1.0	recombination	phylter_k_155	N228	recombination_increase
1198	2	299	1	0.2	1.0	recombination	phylter_k_300	N228	recombination_increase
1011	189	259	41	0.2	1.0	recombination	phylter_k_050	N228	recombination_increase
1388	37	72	3	0.05	1.0	recombination	phylter_k_155	N249	recombination_increase
1314	111	67	8	0.05	1.0	recombination	phylter_k_020	N249	recombination_increase
1411	14	74	1	0.05	1.0	recombination	phylter_k_155	N249	recombination_increase
4	1421	0	75	0.05	1.0	recombination	phylter_k_020	N249	recombination_increase
0	1425	0	75	0.05	1.0	recombination	phylter_k_050	N249	recombination_increase
0	1425	0	75	0.05	1.0	recombination	phylter_k_050	N249	recombination_increase
1424	1	75	0	0.05	1.0	recombination	phylter_k_300	N249	recombination_increase
1388	37	72	3	0.05	1.0	recombination	phylter_k_155	N249	recombination_increase
1063	362	57	18	0.05	1.0	recombination	phylter_k_050	N249	recombination_increase
4	1421	0	75	0.05	1.0	recombination	phylter_k_020	N249	recombination_increase
1424	1	75	0	0.05	1.0	recombination	phylter_k_300	N249	recombination_increase
1424	1	75	0	0.05	1.0	recombination	phylter_k_300	N249	recombination_increase
1376	49	72	3	0.05	1.0	recombination	phylter_k_155	N703	recombination_increase
0	1425	0	75	0.05	1.0	recombination	phylter_k_020	N703	recombination_increase
1420	5	75	0	0.05	1.0	recombination	phylter_k_300	N703	recombination_increase
1332	93	67	8	0.05	1.0	recombination	phylter_k_050	N703	recombination_increase
1423	2	75	0	0.05	1.0	recombination	phylter_k_300	N703	recombination_increase
1420	5	75	0	0.05	1.0	recombination	phylter_k_300	N703	recombination_increase
1382	43	73	2	0.05	1.0	recombination	phylter_k_155	N703	recombination_increase
1282	143	71	4	0.05	1.0	recombination	phylter_k_020	N703	recombination_increase
0	1425	0	75	0.05	1.0	recombination	phylter_k_050	N703	recombination_increase
0	1425	0	75	0.05	1.0	recombination	phylter_k_050	N703	recombination_increase
1	1424	0	75	0.05	1.0	recombination	phylter_k_020	N703	recombination_increase
1389	36	73	2	0.05	1.0	recombination	phylter_k_155	N703	recombination_increase
26	1174	5	295	0.2	1.0	recombination	phylter_k_050	N665	recombination_increase
16	1184	2	298	0.2	1.0	recombination	phylter_k_020	N665	recombination_increase
26	1174	5	295	0.2	1.0	recombination	phylter_k_050	N665	recombination_increase
781	419	186	114	0.2	1.0	recombination	phylter_k_050	N665	recombination_increase
1200	0	300	0	0.2	1.0	recombination	phylter_k_300	N665	recombination_increase
1173	27	292	8	0.2	1.0	recombination	phylter_k_155	N665	recombination_increase
1196	4	300	0	0.2	1.0	recombination	phylter_k_300	N665	recombination_increase
16	1184	2	298	0.2	1.0	recombination	phylter_k_020	N665	recombination_increase
1196	4	300	0	0.2	1.0	recombination	phylter_k_300	N665	recombination_increase
1187	13	295	5	0.2	1.0	recombination	phylter_k_155	N665	recombination_increase
1173	27	292	8	0.2	1.0	recombination	phylter_k_155	N665	recombination_increase
1115	85	270	30	0.2	1.0	recombination	phylter_k_020	N665	recombination_increase
0	1350	0	150	0.1	1.0	recombination	phylter_k_050	N188	recombination_increase
1348	2	150	0	0.1	1.0	recombination	phylter_k_300	N188	recombination_increase
1233	117	140	10	0.1	1.0	recombination	phylter_k_050	N188	recombination_increase
1350	0	150	0	0.1	1.0	recombination	phylter_k_300	N188	recombination_increase
1	1349	0	150	0.1	1.0	recombination	phylter_k_020	N188	recombination_increase
0	1350	0	150	0.1	1.0	recombination	phylter_k_020	N188	recombination_increase
1348	2	150	0	0.1	1.0	recombination	phylter_k_300	N188	recombination_increase
0	1350	0	150	0.1	1.0	recombination	phylter_k_050	N188	recombination_increase
1256	94	139	11	0.1	1.0	recombination	phylter_k_020	N188	recombination_increase
1274	76	142	8	0.1	1.0	recombination	phylter_k_155	N188	recombination_increase
1270	80	141	9	0.1	1.0	recombination	phylter_k_155	N188	recombination_increase
1303	47	144	6	0.1	1.0	recombination	phylter_k_155	N188	recombination_increase
1196	4	299	1	0.2	1.0	recombination	phylter_k_300	N461	recombination_increase
1178	22	295	5	0.2	1.0	recombination	phylter_k_155	N461	recombination_increase
1118	82	275	25	0.2	1.0	recombination	phylter_k_020	N461	recombination_increase
3	1197	2	298	0.2	1.0	recombination	phylter_k_020	N461	recombination_increase
1171	29	295	5	0.2	1.0	recombination	phylter_k_155	N461	recombination_increase
2	1198	1	299	0.2	1.0	recombination	phylter_k_050	N461	recombination_increase
1171	29	294	6	0.2	1.0	recombination	phylter_k_155	N461	recombination_increase
19	1181	4	296	0.2	1.0	recombination	phylter_k_020	N461	recombination_increase
1044	156	266	34	0.2	1.0	recombination	phylter_k_050	N461	recombination_increase
1199	1	299	1	0.2	1.0	recombination	phylter_k_300	N461	recombination_increase
0	1200	0	300	0.2	1.0	recombination	phylter_k_050	N461	recombination_increase
1196	4	299	1	0.2	1.0	recombination	phylter_k_300	N461	recombination_increase
553	917	14	16	0.02	1.0	recombination	phylter_k_020	N639	recombination_increase
0	1470	1	29	0.02	1.0	recombination	phylter_k_050	N639	recombination_increase
8	1462	1	29	0.02	1.0	recombination	phylter_k_050	N639	recombination_increase
1332	138	27	3	0.02	1.0	recombination	phylter_k_020	N639	recombination_increase
1428	42	30	0	0.02	1.0	recombination	phylter_k_155	N639	recombination_increase
1436	34	30	0	0.02	1.0	recombination	phylter_k_155	N639	recombination_increase
1465	5	30	0	0.02	1.0	recombination	phylter_k_300	N639	recombination_increase
1465	5	30	0	0.02	1.0	recombination	phylter_k_300	N639	recombination_increase
266	1204	6	24	0.02	1.0	recombination	phylter_k_020	N639	recombination_increase
1423	47	30	0	0.02	1.0	recombination	phylter_k_155	N639	recombination_increase
1469	1	30	0	0.02	1.0	recombination	phylter_k_300	N639	recombination_increase
1071	399	26	4	0.02	1.0	recombination	phylter_k_050	N639	recombination_increase
1318	32	145	5	0.1	1.0	recombination	phylter_k_155	N717	recombination_increase
1232	118	136	14	0.1	1.0	recombination	phylter_k_020	N717	recombination_increase
1313	37	145	5	0.1	1.0	recombination	phylter_k_155	N717	recombination_increase
0	1350	0	150	0.1	1.0	recombination	phylter_k_050	N717	recombination_increase
0	1350	0	150	0.1	1.0	recombination	phylter_k_020	N717	recombination_increase
0	1350	0	150	0.1	1.0	recombination	phylter_k_050	N717	recombination_increase
1349	1	150	0	0.1	1.0	recombination	phylter_k_300	N717	recombination_increase
1197	153	129	21	0.1	1.0	recombination	phylter_k_050	N717	recombination_increase
1306	44	145	5	0.1	1.0	recombination	phylter_k_155	N717	recombination_increase
0	1350	0	150	0.1	1.0	recombination	phylter_k_020	N717	recombination_increase
1346	4	150	0	0.1	1.0	recombination	phylter_k_300	N717	recombination_increase
1345	5	150	0	0.1	1.0	recombination	phylter_k_300	N717	recombination_increase
1469	1	30	0	0.02	1.0	recombination	phylter_k_300	N274	recombination_increase
0	1470	0	30	0.02	1.0	recombination	phylter_k_020	N274	recombination_increase
1468	2	30	0	0.02	1.0	recombination	phylter_k_300	N274	recombination_increase
1469	1	30	0	0.02	1.0	recombination	phylter_k_300	N274	recombination_increase
1303	167	26	4	0.02	1.0	recombination	phylter_k_050	N274	recombination_increase
1410	60	28	2	0.02	1.0	recombination	phylter_k_155	N274	recombination_increase
0	1470	0	30	0.02	1.0	recombination	phylter_k_050	N274	recombination_increase
0	1470	0	30	0.02	1.0	recombination	phylter_k_020	N274	recombination_increase
0	1470	0	30	0.02	1.0	recombination	phylter_k_050	N274	recombination_increase
1433	37	30	0	0.02	1.0	recombination	phylter_k_155	N274	recombination_increase
1423	47	30	0	0.02	1.0	recombination	phylter_k_155	N274	recombination_increase
1346	124	27	3	0.02	1.0	recombination	phylter_k_020	N274	recombination_increase
1438	32	30	0	0.02	1.0	recombination	phylter_k_155	N397	recombination_increase
0	1470	0	30	0.02	1.0	recombination	phylter_k_050	N397	recombination_increase
1385	85	30	0	0.02	1.0	recombination	phylter_k_020	N397	recombination_increase
1467	3	30	0	0.02	1.0	recombination	phylter_k_300	N397	recombination_increase
1381	89	29	1	0.02	1.0	recombination	phylter_k_050	N397	recombination_increase
0	1470	0	30	0.02	1.0	recombination	phylter_k_020	N397	recombination_increase
1469	1	30	0	0.02	1.0	recombination	phylter_k_300	N397	recombination_increase
1426	44	29	1	0.02	1.0	recombination	phylter_k_155	N397	recombination_increase
1465	5	30	0	0.02	1.0	recombination	phylter_k_300	N397	recombination_increase
1	1469	0	30	0.02	1.0	recombination	phylter_k_020	N397	recombination_increase
1421	49	29	1	0.02	1.0	recombination	phylter_k_155	N397	recombination_increase
0	1470	0	30	0.02	1.0	recombination	phylter_k_050	N397	recombination_increase
1153	47	292	8	0.2	1.0	recombination	phylter_k_155	N113	recombination_increase
1199	1	298	2	0.2	1.0	recombination	phylter_k_300	N113	recombination_increase
0	1200	0	300	0.2	1.0	recombination	phylter_k_020	N113	recombination_increase
1153	47	292	8	0.2	1.0	recombination	phylter_k_155	N113	recombination_increase
0	1200	0	300	0.2	1.0	recombination	phylter_k_020	N113	recombination_increase
990	210	247	53	0.2	1.0	recombination	phylter_k_020	N113	recombination_increase
0	1200	0	300	0.2	1.0	recombination	phylter_k_050	N113	recombination_increase
1179	21	297	3	0.2	1.0	recombination	phylter_k_155	N113	recombination_increase
0	1200	0	300	0.2	1.0	recombination	phylter_k_050	N113	recombination_increase
850	350	207	93	0.2	1.0	recombination	phylter_k_050	N113	recombination_increase
1199	1	300	0	0.2	1.0	recombination	phylter_k_300	N113	recombination_increase
1199	1	298	2	0.2	1.0	recombination	phylter_k_300	N113	recombination_increase
0	1275	0	225	0.15	1.0	recombination	phylter_k_050	N115	recombination_increase
1265	10	223	2	0.15	1.0	recombination	phylter_k_155	N115	recombination_increase
1168	107	211	14	0.15	1.0	recombination	phylter_k_020	N115	recombination_increase
1274	1	225	0	0.15	1.0	recombination	phylter_k_300	N115	recombination_increase
946	329	165	60	0.15	1.0	recombination	phylter_k_050	N115	recombination_increase
1274	1	225	0	0.15	1.0	recombination	phylter_k_300	N115	recombination_increase
1274	1	225	0	0.15	1.0	recombination	phylter_k_300	N115	recombination_increase
0	1275	0	225	0.15	1.0	recombination	phylter_k_020	N115	recombination_increase
1241	34	221	4	0.15	1.0	recombination	phylter_k_155	N115	recombination_increase
1234	41	221	4	0.15	1.0	recombination	phylter_k_155	N115	recombination_increase
0	1275	0	225	0.15	1.0	recombination	phylter_k_050	N115	recombination_increase
0	1275	0	225	0.15	1.0	recombination	phylter_k_020	N115	recombination_increase
0	1125	0	375	0.25	1.0	recombination	phylter_k_020	N125	recombination_increase
0	1125	0	375	0.25	1.0	recombination	phylter_k_050	N125	recombination_increase
1041	84	349	26	0.25	1.0	recombination	phylter_k_155	N125	recombination_increase
1054	71	349	26	0.25	1.0	recombination	phylter_k_155	N125	recombination_increase
0	1125	0	375	0.25	1.0	recombination	phylter_k_020	N125	recombination_increase
1098	27	368	7	0.25	1.0	recombination	phylter_k_155	N125	recombination_increase
1117	8	374	1	0.25	1.0	recombination	phylter_k_300	N125	recombination_increase
994	131	339	36	0.25	1.0	recombination	phylter_k_020	N125	recombination_increase
1118	7	374	1	0.25	1.0	recombination	phylter_k_300	N125	recombination_increase
921	204	308	67	0.25	1.0	recombination	phylter_k_050	N125	recombination_increase
1124	1	375	0	0.25	1.0	recombination	phylter_k_300	N125	recombination_increase
0	1125	0	375	0.25	1.0	recombination	phylter_k_050	N125	recombination_increase
1125	0	375	0	0.25	1.0	recombination	phylter_k_300	N418	recombination_increase
0	1125	0	375	0.25	1.0	recombination	phylter_k_050	N418	recombination_increase
939	186	307	68	0.25	1.0	recombination	phylter_k_050	N418	recombination_increase
1125	0	375	0	0.25	1.0	recombination	phylter_k_300	N418	recombination_increase
0	1125	0	375	0.25	1.0	recombination	phylter_k_050	N418	recombination_increase
1123	2	375	0	0.25	1.0	recombination	phylter_k_300	N418	recombination_increase
0	1125	0	375	0.25	1.0	recombination	phylter_k_020	N418	recombination_increase
1	1124	0	375	0.25	1.0	recombination	phylter_k_020	N418	recombination_increase
1102	23	369	6	0.25	1.0	recombination	phylter_k_155	N418	recombination_increase
1116	9	370	5	0.25	1.0	recombination	phylter_k_155	N418	recombination_increase
1106	19	369	6	0.25	1.0	recombination	phylter_k_155	N418	recombination_increase
1028	97	346	29	0.25	1.0	recombination	phylter_k_020	N418	recombination_increase
1416	54	29	1	0.02	1.0	recombination	phylter_k_155	N665	recombination_increase
1434	36	30	0	0.02	1.0	recombination	phylter_k_155	N665	recombination_increase
1416	54	29	1	0.02	1.0	recombination	phylter_k_155	N665	recombination_increase
1315	155	28	2	0.02	1.0	recombination	phylter_k_020	N665	recombination_increase
36	1434	3	27	0.02	1.0	recombination	phylter_k_020	N665	recombination_increase
1465	5	30	0	0.02	1.0	recombination	phylter_k_300	N665	recombination_increase
36	1434	3	27	0.02	1.0	recombination	phylter_k_020	N665	recombination_increase
6	1464	0	30	0.02	1.0	recombination	phylter_k_050	N665	recombination_increase
1469	1	30	0	0.02	1.0	recombination	phylter_k_300	N665	recombination_increase
1277	193	26	4	0.02	1.0	recombination	phylter_k_050	N665	recombination_increase
6	1464	0	30	0.02	1.0	recombination	phylter_k_050	N665	recombination_increase
1465	5	30	0	0.02	1.0	recombination	phylter_k_300	N665	recombination_increase
0	1470	0	30	0.02	1.0	recombination	phylter_k_050	N228	recombination_increase
1417	53	28	2	0.02	1.0	recombination	phylter_k_155	N228	recombination_increase
1344	126	23	7	0.02	1.0	recombination	phylter_k_050	N228	recombination_increase
1469	1	30	0	0.02	1.0	recombination	phylter_k_300	N228	recombination_increase
0	1470	0	30	0.02	1.0	recombination	phylter_k_020	N228	recombination_increase
1468	2	30	0	0.02	1.0	recombination	phylter_k_300	N228	recombination_increase
1417	53	28	2	0.02	1.0	recombination	phylter_k_155	N228	recombination_increase
0	1470	0	30	0.02	1.0	recombination	phylter_k_020	N228	recombination_increase
1468	2	30	0	0.02	1.0	recombination	phylter_k_300	N228	recombination_increase
1333	137	26	4	0.02	1.0	recombination	phylter_k_020	N228	recombination_increase
1446	24	29	1	0.02	1.0	recombination	phylter_k_155	N228	recombination_increase
0	1470	0	30	0.02	1.0	recombination	phylter_k_050	N228	recombination_increase
11	1459	0	30	0.02	1.0	recombination	phylter_k_020	N461	recombination_increase
1467	3	30	0	0.02	1.0	recombination	phylter_k_300	N461	recombination_increase
1467	3	30	0	0.02	1.0	recombination	phylter_k_300	N461	recombination_increase
1436	34	30	0	0.02	1.0	recombination	phylter_k_155	N461	recombination_increase
1318	152	24	6	0.02	1.0	recombination	phylter_k_020	N461	recombination_increase
1427	43	30	0	0.02	1.0	recombination	phylter_k_155	N461	recombination_increase
1428	42	30	0	0.02	1.0	recombination	phylter_k_155	N461	recombination_increase
0	1470	0	30	0.02	1.0	recombination	phylter_k_050	N461	recombination_increase
1469	1	30	0	0.02	1.0	recombination	phylter_k_300	N461	recombination_increase
2	1468	0	30	0.02	1.0	recombination	phylter_k_050	N461	recombination_increase
1327	143	26	4	0.02	1.0	recombination	phylter_k_050	N461	recombination_increase
166	1304	2	28	0.02	1.0	recombination	phylter_k_020	N461	recombination_increase
1140	60	290	10	0.2	1.0	recombination	phylter_k_050	N274	recombination_increase
1193	7	299	1	0.2	1.0	recombination	phylter_k_300	N274	recombination_increase
0	1200	0	300	0.2	1.0	recombination	phylter_k_020	N274	recombination_increase
1190	10	299	1	0.2	1.0	recombination	phylter_k_300	N274	recombination_increase
1192	8	299	1	0.2	1.0	recombination	phylter_k_300	N274	recombination_increase
1146	54	291	9	0.2	1.0	recombination	phylter_k_155	N274	recombination_increase
1163	37	297	3	0.2	1.0	recombination	phylter_k_155	N274	recombination_increase
0	1200	0	300	0.2	1.0	recombination	phylter_k_050	N274	recombination_increase
1090	110	268	32	0.2	1.0	recombination	phylter_k_020	N274	recombination_increase
1154	46	295	5	0.2	1.0	recombination	phylter_k_155	N274	recombination_increase
0	1200	0	300	0.2	1.0	recombination	phylter_k_050	N274	recombination_increase
0	1200	0	300	0.2	1.0	recombination	phylter_k_020	N274	recombination_increase
1198	2	300	0	0.2	1.0	recombination	phylter_k_300	N397	recombination_increase
1198	2	300	0	0.2	1.0	recombination	phylter_k_300	N397	recombination_increase
1149	51	288	12	0.2	1.0	recombination	phylter_k_050	N397	recombination_increase
0	1200	0	300	0.2	1.0	recombination	phylter_k_050	N397	recombination_increase
1112	88	278	22	0.2	1.0	recombination	phylter_k_020	N397	recombination_increase
1174	26	295	5	0.2	1.0	recombination	phylter_k_155	N397	recombination_increase
2	1198	0	300	0.2	1.0	recombination	phylter_k_020	N397	recombination_increase
0	1200	0	300	0.2	1.0	recombination	phylter_k_050	N397	recombination_increase
1186	14	298	2	0.2	1.0	recombination	phylter_k_155	N397	recombination_increase
1179	21	297	3	0.2	1.0	recombination	phylter_k_155	N397	recombination_increase
1197	3	300	0	0.2	1.0	recombination	phylter_k_300	N397	recombination_increase
0	1200	0	300	0.2	1.0	recombination	phylter_k_020	N397	recombination_increase
1058	142	269	31	0.2	1.0	recombination	phylter_k_050	N639	recombination_increase
1196	4	300	0	0.2	1.0	recombination	phylter_k_300	N639	recombination_increase
1196	4	300	0	0.2	1.0	recombination	phylter_k_300	N639	recombination_increase
1200	0	300	0	0.2	1.0	recombination	phylter_k_300	N639	recombination_increase
2	1198	2	298	0.2	1.0	recombination	phylter_k_020	N639	recombination_increase
1169	31	297	3	0.2	1.0	recombination	phylter_k_155	N639	recombination_increase
72	1128	19	281	0.2	1.0	recombination	phylter_k_050	N639	recombination_increase
405	795	102	198	0.2	1.0	recombination	phylter_k_050	N639	recombination_increase
1180	20	297	3	0.2	1.0	recombination	phylter_k_155	N639	recombination_increase
22	1178	5	295	0.2	1.0	recombination	phylter_k_020	N639	recombination_increase
970	230	259	41	0.2	1.0	recombination	phylter_k_020	N639	recombination_increase
1173	27	297	3	0.2	1.0	recombination	phylter_k_155	N639	recombination_increase
1335	15	147	3	0.1	1.0	recombination	phylter_k_155	N690	recombination_increase
278	1072	36	114	0.1	1.0	recombination	phylter_k_050	N690	recombination_increase
1316	34	146	4	0.1	1.0	recombination	phylter_k_155	N690	recombination_increase
85	1265	12	138	0.1	1.0	recombination	phylter_k_020	N690	recombination_increase
1253	97	135	15	0.1	1.0	recombination	phylter_k_020	N690	recombination_increase
0	1350	1	149	0.1	1.0	recombination	phylter_k_020	N690	recombination_increase
1319	31	146	4	0.1	1.0	recombination	phylter_k_155	N690	recombination_increase
1345	5	150	0	0.1	1.0	recombination	phylter_k_300	N690	recombination_increase
1314	36	146	4	0.1	1.0	recombination	phylter_k_050	N690	recombination_increase
1349	1	150	0	0.1	1.0	recombination	phylter_k_300	N690	recombination_increase
1345	5	150	0	0.1	1.0	recombination	phylter_k_300	N690	recombination_increase
0	1350	0	150	0.1	1.0	recombination	phylter_k_050	N690	recombination_increase
1100	25	364	11	0.25	1.0	recombination	phylter_k_155	N71	recombination_increase
1098	27	363	12	0.25	1.0	recombination	phylter_k_155	N71	recombination_increase
1018	107	352	23	0.25	1.0	recombination	phylter_k_050	N71	recombination_increase
1122	3	371	4	0.25	1.0	recombination	phylter_k_300	N71	recombination_increase
0	1125	0	375	0.25	1.0	recombination	phylter_k_020	N71	recombination_increase
0	1125	0	375	0.25	1.0	recombination	phylter_k_020	N71	recombination_increase
0	1125	0	375	0.25	1.0	recombination	phylter_k_050	N71	recombination_increase
1122	3	371	4	0.25	1.0	recombination	phylter_k_300	N71	recombination_increase
1009	116	335	40	0.25	1.0	recombination	phylter_k_020	N71	recombination_increase
1103	22	368	7	0.25	1.0	recombination	phylter_k_155	N71	recombination_increase
0	1125	0	375	0.25	1.0	recombination	phylter_k_050	N71	recombination_increase
1122	3	371	4	0.25	1.0	recombination	phylter_k_300	N71	recombination_increase
1	1349	0	150	0.1	1.0	recombination	phylter_k_020	N407	recombination_increase
1347	3	150	0	0.1	1.0	recombination	phylter_k_300	N407	recombination_increase
1	1349	0	150	0.1	1.0	recombination	phylter_k_020	N407	recombination_increase
0	1350	0	150	0.1	1.0	recombination	phylter_k_050	N407	recombination_increase
1322	28	149	1	0.1	1.0	recombination	phylter_k_155	N407	recombination_increase
1304	46	149	1	0.1	1.0	recombination	phylter_k_155	N407	recombination_increase
1304	46	149	1	0.1	1.0	recombination	phylter_k_155	N407	recombination_increase
1217	133	138	12	0.1	1.0	recombination	phylter_k_020	N407	recombination_increase
0	1350	0	150	0.1	1.0	recombination	phylter_k_050	N407	recombination_increase
1347	3	150	0	0.1	1.0	recombination	phylter_k_300	N407	recombination_increase
1155	195	132	18	0.1	1.0	recombination	phylter_k_050	N407	recombination_increase
1349	1	150	0	0.1	1.0	recombination	phylter_k_300	N407	recombination_increase
1468	2	29	1	0.02	1.0	recombination	phylter_k_300	N71	recombination_increase
1468	2	29	1	0.02	1.0	recombination	phylter_k_300	N71	recombination_increase
1403	67	28	2	0.02	1.0	recombination	phylter_k_050	N71	recombination_increase
0	1470	0	30	0.02	1.0	recombination	phylter_k_020	N71	recombination_increase
1468	2	29	1	0.02	1.0	recombination	phylter_k_300	N71	recombination_increase
1437	33	27	3	0.02	1.0	recombination	phylter_k_155	N71	recombination_increase
1365	105	30	0	0.02	1.0	recombination	phylter_k_020	N71	recombination_increase
0	1470	0	30	0.02	1.0	recombination	phylter_k_050	N71	recombination_increase
1445	25	28	2	0.02	1.0	recombination	phylter_k_155	N71	recombination_increase
1439	31	27	3	0.02	1.0	recombination	phylter_k_155	N71	recombination_increase
0	1470	0	30	0.02	1.0	recombination	phylter_k_050	N71	recombination_increase
0	1470	0	30	0.02	1.0	recombination	phylter_k_020	N71	recombination_increase
0	1470	0	30	0.02	1.0	recombination	phylter_k_050	N113	recombination_increase
1469	1	30	0	0.02	1.0	recombination	phylter_k_300	N113	recombination_increase
1414	56	29	1	0.02	1.0	recombination	phylter_k_155	N113	recombination_increase
1229	241	28	2	0.02	1.0	recombination	phylter_k_050	N113	recombination_increase
0	1470	0	30	0.02	1.0	recombination	phylter_k_050	N113	recombination_increase
4	1466	0	30	0.02	1.0	recombination	phylter_k_020	N113	recombination_increase
4	1466	0	30	0.02	1.0	recombination	phylter_k_020	N113	recombination_increase
1324	146	25	5	0.02	1.0	recombination	phylter_k_020	N113	recombination_increase
1444	26	30	0	0.02	1.0	recombination	phylter_k_155	N113	recombination_increase
1469	1	30	0	0.02	1.0	recombination	phylter_k_300	N113	recombination_increase
1469	1	30	0	0.02	1.0	recombination	phylter_k_300	N113	recombination_increase
1414	56	29	1	0.02	1.0	recombination	phylter_k_155	N113	recombination_increase
1276	194	26	4	0.02	1.0	recombination	phylter_k_050	N187	recombination_increase
1405	65	29	1	0.02	1.0	recombination	phylter_k_155	N187	recombination_increase
1	1469	0	30	0.02	1.0	recombination	phylter_k_020	N187	recombination_increase
1469	1	30	0	0.02	1.0	recombination	phylter_k_300	N187	recombination_increase
0	1470	0	30	0.02	1.0	recombination	phylter_k_050	N187	recombination_increase
1467	3	30	0	0.02	1.0	recombination	phylter_k_300	N187	recombination_increase
1408	62	29	1	0.02	1.0	recombination	phylter_k_155	N187	recombination_increase
0	1470	0	30	0.02	1.0	recombination	phylter_k_020	N187	recombination_increase
1438	32	29	1	0.02	1.0	recombination	phylter_k_155	N187	recombination_increase
1467	3	30	0	0.02	1.0	recombination	phylter_k_300	N187	recombination_increase
1371	99	27	3	0.02	1.0	recombination	phylter_k_020	N187	recombination_increase
0	1470	0	30	0.02	1.0	recombination	phylter_k_050	N187	recombination_increase
1206	69	218	7	0.15	1.0	recombination	phylter_k_155	N176	recombination_increase
1158	117	203	22	0.15	1.0	recombination	phylter_k_020	N176	recombination_increase
1237	38	223	2	0.15	1.0	recombination	phylter_k_155	N176	recombination_increase
1271	4	224	1	0.15	1.0	recombination	phylter_k_300	N176	recombination_increase
1270	5	224	1	0.15	1.0	recombination	phylter_k_300	N176	recombination_increase
1	1274	0	225	0.15	1.0	recombination	phylter_k_020	N176	recombination_increase
7	1268	0	225	0.15	1.0	recombination	phylter_k_020	N176	recombination_increase
1273	2	225	0	0.15	1.0	recombination	phylter_k_300	N176	recombination_increase
0	1275	0	225	0.15	1.0	recombination	phylter_k_050	N176	recombination_increase
1030	245	186	39	0.15	1.0	recombination	phylter_k_050	N176	recombination_increase
0	1275	0	225	0.15	1.0	recombination	phylter_k_050	N176	recombination_increase
1210	65	218	7	0.15	1.0	recombination	phylter_k_155	N176	recombination_increase
1341	84	70	5	0.05	1.0	recombination	phylter_k_155	N188	recombination_increase
0	1425	0	75	0.05	1.0	recombination	phylter_k_050	N188	recombination_increase
1	1424	0	75	0.05	1.0	recombination	phylter_k_020	N188	recombination_increase
1420	5	74	1	0.05	1.0	recombination	phylter_k_300	N188	recombination_increase
1423	2	74	1	0.05	1.0	recombination	phylter_k_300	N188	recombination_increase
1331	94	71	4	0.05	1.0	recombination	phylter_k_050	N188	recombination_increase
1346	79	70	5	0.05	1.0	recombination	phylter_k_155	N188	recombination_increase
0	1425	0	75	0.05	1.0	recombination	phylter_k_020	N188	recombination_increase
1420	5	74	1	0.05	1.0	recombination	phylter_k_300	N188	recombination_increase
1374	51	72	3	0.05	1.0	recombination	phylter_k_155	N188	recombination_increase
0	1425	0	75	0.05	1.0	recombination	phylter_k_050	N188	recombination_increase
1271	154	69	6	0.05	1.0	recombination	phylter_k_020	N188	recombination_increase
1109	16	371	4	0.25	1.0	recombination	phylter_k_155	N238	recombination_increase
1121	4	373	2	0.25	1.0	recombination	phylter_k_300	N238	recombination_increase
1020	105	332	43	0.25	1.0	recombination	phylter_k_020	N238	recombination_increase
1079	46	365	10	0.25	1.0	recombination	phylter_k_155	N238	recombination_increase
0	1125	0	375	0.25	1.0	recombination	phylter_k_020	N238	recombination_increase
1120	5	373	2	0.25	1.0	recombination	phylter_k_300	N238	recombination_increase
0	1125	0	375	0.25	1.0	recombination	phylter_k_050	N238	recombination_increase
1123	2	373	2	0.25	1.0	recombination	phylter_k_300	N238	recombination_increase
872	253	289	86	0.25	1.0	recombination	phylter_k_050	N238	recombination_increase
0	1125	0	375	0.25	1.0	recombination	phylter_k_020	N238	recombination_increase
1083	42	365	10	0.25	1.0	recombination	phylter_k_155	N238	recombination_increase
0	1125	0	375	0.25	1.0	recombination	phylter_k_050	N238	recombination_increase
0	1350	0	150	0.1	1.0	recombination	phylter_k_050	N709	recombination_increase
1349	1	150	0	0.1	1.0	recombination	phylter_k_300	N709	recombination_increase
1266	84	143	7	0.1	1.0	recombination	phylter_k_050	N709	recombination_increase
1345	5	150	0	0.1	1.0	recombination	phylter_k_300	N709	recombination_increase
1310	40	146	4	0.1	1.0	recombination	phylter_k_155	N709	recombination_increase
1345	5	150	0	0.1	1.0	recombination	phylter_k_300	N709	recombination_increase
0	1350	0	150	0.1	1.0	recombination	phylter_k_020	N709	recombination_increase
1224	126	139	11	0.1	1.0	recombination	phylter_k_020	N709	recombination_increase
1302	48	146	4	0.1	1.0	recombination	phylter_k_155	N709	recombination_increase
0	1350	0	150	0.1	1.0	recombination	phylter_k_020	N709	recombination_increase
1317	33	146	4	0.1	1.0	recombination	phylter_k_155	N709	recombination_increase
0	1350	0	150	0.1	1.0	recombination	phylter_k_050	N709	recombination_increase
1313	37	145	5	0.1	1.0	recombination	phylter_k_155	N703	recombination_increase
1345	5	150	0	0.1	1.0	recombination	phylter_k_300	N703	recombination_increase
1231	119	134	16	0.1	1.0	recombination	phylter_k_020	N703	recombination_increase
0	1350	0	150	0.1	1.0	recombination	phylter_k_020	N703	recombination_increase
1296	54	145	5	0.1	1.0	recombination	phylter_k_155	N703	recombination_increase
1345	5	150	0	0.1	1.0	recombination	phylter_k_300	N703	recombination_increase
1304	46	145	5	0.1	1.0	recombination	phylter_k_155	N703	recombination_increase
1349	1	150	0	0.1	1.0	recombination	phylter_k_300	N703	recombination_increase
0	1350	0	150	0.1	1.0	recombination	phylter_k_050	N703	recombination_increase
1198	152	139	11	0.1	1.0	recombination	phylter_k_050	N703	recombination_increase
0	1350	0	150	0.1	1.0	recombination	phylter_k_020	N703	recombination_increase
0	1350	0	150	0.1	1.0	recombination	phylter_k_050	N703	recombination_increase
1313	37	144	6	0.1	1.0	recombination	phylter_k_155	N249	recombination_increase
1249	101	139	11	0.1	1.0	recombination	phylter_k_050	N249	recombination_increase
1349	1	150	0	0.1	1.0	recombination	phylter_k_300	N249	recombination_increase
1	1349	0	150	0.1	1.0	recombination	phylter_k_050	N249	recombination_increase
1	1349	0	150	0.1	1.0	recombination	phylter_k_020	N249	recombination_increase
1349	1	150	0	0.1	1.0	recombination	phylter_k_300	N249	recombination_increase
1	1349	0	150	0.1	1.0	recombination	phylter_k_020	N249	recombination_increase
1313	37	144	6	0.1	1.0	recombination	phylter_k_155	N249	recombination_increase
1349	1	150	0	0.1	1.0	recombination	phylter_k_300	N249	recombination_increase
1332	18	148	2	0.1	1.0	recombination	phylter_k_155	N249	recombination_increase
1239	111	135	15	0.1	1.0	recombination	phylter_k_020	N249	recombination_increase
1	1349	0	150	0.1	1.0	recombination	phylter_k_050	N249	recombination_increase
1124	1	375	0	0.25	1.0	recombination	phylter_k_300	N174	recombination_increase
1010	115	347	28	0.25	1.0	recombination	phylter_k_050	N174	recombination_increase
0	1125	0	375	0.25	1.0	recombination	phylter_k_050	N174	recombination_increase
1122	3	373	2	0.25	1.0	recombination	phylter_k_300	N174	recombination_increase
1014	111	343	32	0.25	1.0	recombination	phylter_k_020	N174	recombination_increase
3	1122	0	375	0.25	1.0	recombination	phylter_k_020	N174	recombination_increase
1064	61	359	16	0.25	1.0	recombination	phylter_k_155	N174	recombination_increase
1088	37	366	9	0.25	1.0	recombination	phylter_k_155	N174	recombination_increase
1122	3	373	2	0.25	1.0	recombination	phylter_k_300	N174	recombination_increase
12	1113	0	375	0.25	1.0	recombination	phylter_k_020	N174	recombination_increase
1064	61	356	19	0.25	1.0	recombination	phylter_k_155	N174	recombination_increase
3	1122	0	375	0.25	1.0	recombination	phylter_k_050	N174	recombination_increase
1236	234	25	5	0.02	1.0	recombination	phylter_k_050	N151	recombination_increase
1469	1	30	0	0.02	1.0	recombination	phylter_k_300	N151	recombination_increase
0	1470	0	30	0.02	1.0	recombination	phylter_k_050	N151	recombination_increase
5	1465	0	30	0.02	1.0	recombination	phylter_k_020	N151	recombination_increase
1397	73	28	2	0.02	1.0	recombination	phylter_k_155	N151	recombination_increase
0	1470	0	30	0.02	1.0	recombination	phylter_k_050	N151	recombination_increase
1466	4	29	1	0.02	1.0	recombination	phylter_k_300	N151	recombination_increase
1432	38	29	1	0.02	1.0	recombination	phylter_k_155	N151	recombination_increase
1362	108	27	3	0.02	1.0	recombination	phylter_k_020	N151	recombination_increase
1392	78	27	3	0.02	1.0	recombination	phylter_k_155	N151	recombination_increase
2	1468	0	30	0.02	1.0	recombination	phylter_k_020	N151	recombination_increase
1466	4	29	1	0.02	1.0	recombination	phylter_k_300	N151	recombination_increase
0	1425	0	75	0.05	1.0	recombination	phylter_k_050	N717	recombination_increase
0	1425	0	75	0.05	1.0	recombination	phylter_k_020	N717	recombination_increase
1257	168	67	8	0.05	1.0	recombination	phylter_k_020	N717	recombination_increase
1403	22	73	2	0.05	1.0	recombination	phylter_k_155	N717	recombination_increase
1398	27	73	2	0.05	1.0	recombination	phylter_k_155	N717	recombination_increase
0	1425	0	75	0.05	1.0	recombination	phylter_k_050	N717	recombination_increase
1421	4	75	0	0.05	1.0	recombination	phylter_k_300	N717	recombination_increase
1393	32	73	2	0.05	1.0	recombination	phylter_k_155	N717	recombination_increase
0	1425	0	75	0.05	1.0	recombination	phylter_k_020	N717	recombination_increase
1420	5	75	0	0.05	1.0	recombination	phylter_k_300	N717	recombination_increase
1424	1	75	0	0.05	1.0	recombination	phylter_k_300	N717	recombination_increase
764	661	36	39	0.05	1.0	recombination	phylter_k_050	N717	recombination_increase
0	1200	0	300	0.2	1.0	recombination	phylter_k_020	N187	recombination_increase
1192	8	300	0	0.2	1.0	recombination	phylter_k_300	N187	recombination_increase
1185	15	297	3	0.2	1.0	recombination	phylter_k_155	N187	recombination_increase
1192	8	300	0	0.2	1.0	recombination	phylter_k_300	N187	recombination_increase
1161	39	295	5	0.2	1.0	recombination	phylter_k_155	N187	recombination_increase
1098	102	271	29	0.2	1.0	recombination	phylter_k_020	N187	recombination_increase
0	1200	0	300	0.2	1.0	recombination	phylter_k_050	N187	recombination_increase
1163	37	295	5	0.2	1.0	recombination	phylter_k_155	N187	recombination_increase
0	1200	0	300	0.2	1.0	recombination	phylter_k_050	N187	recombination_increase
1195	5	300	0	0.2	1.0	recombination	phylter_k_300	N187	recombination_increase
1156	44	291	9	0.2	1.0	recombination	phylter_k_050	N187	recombination_increase
2	1198	0	300	0.2	1.0	recombination	phylter_k_020	N187	recombination_increase
1270	5	225	0	0.15	1.0	recombination	phylter_k_300	N555	recombination_increase
3	1272	1	224	0.15	1.0	recombination	phylter_k_050	N555	recombination_increase
1166	109	207	18	0.15	1.0	recombination	phylter_k_020	N555	recombination_increase
1241	34	217	8	0.15	1.0	recombination	phylter_k_155	N555	recombination_increase
1228	47	215	10	0.15	1.0	recombination	phylter_k_155	N555	recombination_increase
1233	42	216	9	0.15	1.0	recombination	phylter_k_155	N555	recombination_increase
25	1250	7	218	0.15	1.0	recombination	phylter_k_050	N555	recombination_increase
1270	5	225	0	0.15	1.0	recombination	phylter_k_300	N555	recombination_increase
1160	115	205	20	0.15	1.0	recombination	phylter_k_050	N555	recombination_increase
8	1267	5	220	0.15	1.0	recombination	phylter_k_020	N555	recombination_increase
277	998	51	174	0.15	1.0	recombination	phylter_k_020	N555	recombination_increase
1272	3	225	0	0.15	1.0	recombination	phylter_k_300	N555	recombination_increase
0	1275	0	225	0.15	1.0	recombination	phylter_k_050	N71	recombination_increase
1246	29	218	7	0.15	1.0	recombination	phylter_k_155	N71	recombination_increase
0	1275	0	225	0.15	1.0	recombination	phylter_k_020	N71	recombination_increase
1169	106	206	19	0.15	1.0	recombination	phylter_k_050	N71	recombination_increase
1273	2	223	2	0.15	1.0	recombination	phylter_k_300	N71	recombination_increase
0	1275	0	225	0.15	1.0	recombination	phylter_k_050	N71	recombination_increase
1273	2	223	2	0.15	1.0	recombination	phylter_k_300	N71	recombination_increase
0	1275	0	225	0.15	1.0	recombination	phylter_k_020	N71	recombination_increase
1244	31	216	9	0.15	1.0	recombination	phylter_k_155	N71	recombination_increase
1252	23	221	4	0.15	1.0	recombination	phylter_k_155	N71	recombination_increase
1179	96	204	21	0.15	1.0	recombination	phylter_k_020	N71	recombination_increase
1273	2	223	2	0.15	1.0	recombination	phylter_k_300	N71	recombination_increase
0	1125	0	375	0.25	1.0	recombination	phylter_k_020	N716	recombination_increase
1063	62	357	18	0.25	1.0	recombination	phylter_k_050	N716	recombination_increase
0	1125	0	375	0.25	1.0	recombination	phylter_k_050	N716	recombination_increase
1124	1	375	0	0.25	1.0	recombination	phylter_k_300	N716	recombination_increase
1107	18	372	3	0.25	1.0	recombination	phylter_k_155	N716	recombination_increase
0	1125	0	375	0.25	1.0	recombination	phylter_k_050	N716	recombination_increase
1000	125	335	40	0.25	1.0	recombination	phylter_k_020	N716	recombination_increase
1121	4	375	0	0.25	1.0	recombination	phylter_k_300	N716	recombination_increase
1104	21	372	3	0.25	1.0	recombination	phylter_k_155	N716	recombination_increase
1111	14	372	3	0.25	1.0	recombination	phylter_k_155	N716	recombination_increase
0	1125	0	375	0.25	1.0	recombination	phylter_k_020	N716	recombination_increase
1120	5	375	0	0.25	1.0	recombination	phylter_k_300	N716	recombination_increase
0	1275	0	225	0.15	1.0	recombination	phylter_k_050	N282	recombination_increase
1260	15	220	5	0.15	1.0	recombination	phylter_k_155	N282	recombination_increase
1210	65	210	15	0.15	1.0	recombination	phylter_k_155	N282	recombination_increase
1214	61	214	11	0.15	1.0	recombination	phylter_k_020	N282	recombination_increase
0	1275	0	225	0.15	1.0	recombination	phylter_k_050	N282	recombination_increase
3	1272	1	224	0.15	1.0	recombination	phylter_k_020	N282	recombination_increase
1273	2	225	0	0.15	1.0	recombination	phylter_k_300	N282	recombination_increase
1273	2	222	3	0.15	1.0	recombination	phylter_k_300	N282	recombination_increase
1147	128	207	18	0.15	1.0	recombination	phylter_k_050	N282	recombination_increase
2	1273	0	225	0.15	1.0	recombination	phylter_k_020	N282	recombination_increase
1273	2	222	3	0.15	1.0	recombination	phylter_k_300	N282	recombination_increase
1206	69	210	15	0.15	1.0	recombination	phylter_k_155	N282	recombination_increase
1146	54	291	9	0.2	1.0	recombination	phylter_k_155	N151	recombination_increase
1149	51	293	7	0.2	1.0	recombination	phylter_k_155	N151	recombination_increase
0	1200	1	299	0.2	1.0	recombination	phylter_k_050	N151	recombination_increase
1087	113	274	26	0.2	1.0	recombination	phylter_k_020	N151	recombination_increase
1196	4	299	1	0.2	1.0	recombination	phylter_k_300	N151	recombination_increase
0	1200	0	300	0.2	1.0	recombination	phylter_k_020	N151	recombination_increase
1	1199	1	299	0.2	1.0	recombination	phylter_k_020	N151	recombination_increase
1181	19	296	4	0.2	1.0	recombination	phylter_k_155	N151	recombination_increase
1196	4	299	1	0.2	1.0	recombination	phylter_k_300	N151	recombination_increase
0	1200	0	300	0.2	1.0	recombination	phylter_k_050	N151	recombination_increase
1112	88	278	22	0.2	1.0	recombination	phylter_k_050	N151	recombination_increase
1199	1	300	0	0.2	1.0	recombination	phylter_k_300	N151	recombination_increase
1389	36	74	1	0.05	1.0	recombination	phylter_k_155	N407	recombination_increase
1423	2	75	0	0.05	1.0	recombination	phylter_k_300	N407	recombination_increase
1297	128	64	11	0.05	1.0	recombination	phylter_k_020	N407	recombination_increase
1423	2	75	0	0.05	1.0	recombination	phylter_k_300	N407	recombination_increase
4	1421	0	75	0.05	1.0	recombination	phylter_k_020	N407	recombination_increase
1373	52	74	1	0.05	1.0	recombination	phylter_k_155	N407	recombination_increase
4	1421	0	75	0.05	1.0	recombination	phylter_k_020	N407	recombination_increase
1425	0	75	0	0.05	1.0	recombination	phylter_k_300	N407	recombination_increase
0	1425	0	75	0.05	1.0	recombination	phylter_k_050	N407	recombination_increase
1179	246	69	6	0.05	1.0	recombination	phylter_k_050	N407	recombination_increase
0	1425	0	75	0.05	1.0	recombination	phylter_k_050	N407	recombination_increase
1373	52	74	1	0.05	1.0	recombination	phylter_k_155	N407	recombination_increase
0	1425	0	75	0.05	1.0	recombination	phylter_k_050	N690	recombination_increase
12	1413	1	74	0.05	1.0	recombination	phylter_k_050	N690	recombination_increase
1296	129	62	13	0.05	1.0	recombination	phylter_k_020	N690	recombination_increase
1398	27	73	2	0.05	1.0	recombination	phylter_k_155	N690	recombination_increase
19	1406	0	75	0.05	1.0	recombination	phylter_k_020	N690	recombination_increase
1382	43	72	3	0.05	1.0	recombination	phylter_k_155	N690	recombination_increase
1420	5	75	0	0.05	1.0	recombination	phylter_k_300	N690	recombination_increase
1420	5	75	0	0.05	1.0	recombination	phylter_k_300	N690	recombination_increase
0	1425	0	75	0.05	1.0	recombination	phylter_k_020	N690	recombination_increase
1173	252	58	17	0.05	1.0	recombination	phylter_k_050	N690	recombination_increase
1424	1	75	0	0.05	1.0	recombination	phylter_k_300	N690	recombination_increase
1375	50	72	3	0.05	1.0	recombination	phylter_k_155	N690	recombination_increase
0	1350	0	150	0.1	1.0	population_size_change	phylter_k_050	N119	10X_down
1332	18	147	3	0.1	1.0	population_size_change	phylter_k_155	N119	10X_down
1339	11	148	2	0.1	1.0	population_size_change	phylter_k_155	N119	10X_down
0	1350	0	150	0.1	1.0	population_size_change	phylter_k_050	N119	10X_down
1262	88	132	18	0.1	1.0	population_size_change	phylter_k_020	N119	10X_down
0	1350	0	150	0.1	1.0	population_size_change	phylter_k_020	N119	10X_down
1350	0	150	0	0.1	1.0	population_size_change	phylter_k_300	N119	10X_down
0	1350	0	150	0.1	1.0	population_size_change	phylter_k_020	N119	10X_down
1350	0	150	0	0.1	1.0	population_size_change	phylter_k_300	N119	10X_down
1248	102	133	17	0.1	1.0	population_size_change	phylter_k_050	N119	10X_down
1350	0	150	0	0.1	1.0	population_size_change	phylter_k_300	N119	10X_down
1322	28	146	4	0.1	1.0	population_size_change	phylter_k_155	N119	10X_down
1197	3	295	5	0.2	1.0	population_size_change	phylter_k_300	N620	10X_up
0	1200	0	300	0.2	1.0	population_size_change	phylter_k_020	N620	10X_up
1194	6	299	1	0.2	1.0	population_size_change	phylter_k_155	N620	10X_up
1178	22	287	13	0.2	1.0	population_size_change	phylter_k_155	N620	10X_up
1197	3	296	4	0.2	1.0	population_size_change	phylter_k_300	N620	10X_up
1165	35	289	11	0.2	1.0	population_size_change	phylter_k_020	N620	10X_up
0	1200	0	300	0.2	1.0	population_size_change	phylter_k_050	N620	10X_up
1183	17	292	8	0.2	1.0	population_size_change	phylter_k_155	N620	10X_up
1200	0	300	0	0.2	1.0	population_size_change	phylter_k_300	N620	10X_up
0	1200	0	300	0.2	1.0	population_size_change	phylter_k_050	N620	10X_up
888	312	221	79	0.2	1.0	population_size_change	phylter_k_050	N620	10X_up
0	1200	0	300	0.2	1.0	population_size_change	phylter_k_020	N620	10X_up
1349	1	150	0	0.1	1.0	population_size_change	phylter_k_300	Nyctibiidae	10X_up
1	1349	0	150	0.1	1.0	population_size_change	phylter_k_020	Nyctibiidae	10X_up
1349	1	150	0	0.1	1.0	population_size_change	phylter_k_300	Nyctibiidae	10X_up
1300	50	143	7	0.1	1.0	population_size_change	phylter_k_155	Nyctibiidae	10X_up
1340	10	148	2	0.1	1.0	population_size_change	phylter_k_155	Nyctibiidae	10X_up
1270	80	132	18	0.1	1.0	population_size_change	phylter_k_020	Nyctibiidae	10X_up
1	1349	0	150	0.1	1.0	population_size_change	phylter_k_020	Nyctibiidae	10X_up
0	1350	0	150	0.1	1.0	population_size_change	phylter_k_050	Nyctibiidae	10X_up
0	1350	0	150	0.1	1.0	population_size_change	phylter_k_050	Nyctibiidae	10X_up
1210	140	126	24	0.1	1.0	population_size_change	phylter_k_050	Nyctibiidae	10X_up
1349	1	150	0	0.1	1.0	population_size_change	phylter_k_300	Nyctibiidae	10X_up
1300	50	143	7	0.1	1.0	population_size_change	phylter_k_155	Nyctibiidae	10X_up
1388	82	27	3	0.02	1.0	population_size_change	phylter_k_155	Accipitriformes	10X_up
1469	1	30	0	0.02	1.0	population_size_change	phylter_k_300	Accipitriformes	10X_up
0	1470	0	30	0.02	1.0	population_size_change	phylter_k_020	Accipitriformes	10X_up
1319	151	25	5	0.02	1.0	population_size_change	phylter_k_050	Accipitriformes	10X_up
1466	4	30	0	0.02	1.0	population_size_change	phylter_k_300	Accipitriformes	10X_up
1465	5	30	0	0.02	1.0	population_size_change	phylter_k_300	Accipitriformes	10X_up
1396	74	29	1	0.02	1.0	population_size_change	phylter_k_155	Accipitriformes	10X_up
1442	28	30	0	0.02	1.0	population_size_change	phylter_k_155	Accipitriformes	10X_up
0	1470	0	30	0.02	1.0	population_size_change	phylter_k_050	Accipitriformes	10X_up
1309	161	22	8	0.02	1.0	population_size_change	phylter_k_020	Accipitriformes	10X_up
0	1470	0	30	0.02	1.0	population_size_change	phylter_k_050	Accipitriformes	10X_up
1	1469	0	30	0.02	1.0	population_size_change	phylter_k_020	Accipitriformes	10X_up
1066	284	111	39	0.1	1.0	population_size_change	phylter_k_050	N554	10X_up
1350	0	150	0	0.1	1.0	population_size_change	phylter_k_300	N554	10X_up
1347	3	150	0	0.1	1.0	population_size_change	phylter_k_300	N554	10X_up
19	1331	4	146	0.1	1.0	population_size_change	phylter_k_050	N554	10X_up
370	980	30	120	0.1	1.0	population_size_change	phylter_k_020	N554	10X_up
370	980	30	120	0.1	1.0	population_size_change	phylter_k_020	N554	10X_up
1339	11	150	0	0.1	1.0	population_size_change	phylter_k_155	N554	10X_up
19	1331	4	146	0.1	1.0	population_size_change	phylter_k_050	N554	10X_up
1286	64	134	16	0.1	1.0	population_size_change	phylter_k_020	N554	10X_up
1347	3	150	0	0.1	1.0	population_size_change	phylter_k_300	N554	10X_up
1326	24	143	7	0.1	1.0	population_size_change	phylter_k_155	N554	10X_up
1326	24	143	7	0.1	1.0	population_size_change	phylter_k_155	N554	10X_up
1404	21	70	5	0.05	1.0	population_size_change	phylter_k_155	N651	10X_down
1424	1	75	0	0.05	1.0	population_size_change	phylter_k_300	N651	10X_down
1317	108	66	9	0.05	1.0	population_size_change	phylter_k_050	N651	10X_down
341	1084	13	62	0.05	1.0	population_size_change	phylter_k_050	N651	10X_down
502	923	24	51	0.05	1.0	population_size_change	phylter_k_020	N651	10X_down
341	1084	13	62	0.05	1.0	population_size_change	phylter_k_050	N651	10X_down
1404	21	70	5	0.05	1.0	population_size_change	phylter_k_155	N651	10X_down
1413	12	74	1	0.05	1.0	population_size_change	phylter_k_155	N651	10X_down
1278	147	57	18	0.05	1.0	population_size_change	phylter_k_020	N651	10X_down
1420	5	73	2	0.05	1.0	population_size_change	phylter_k_300	N651	10X_down
502	923	24	51	0.05	1.0	population_size_change	phylter_k_020	N651	10X_down
1420	5	73	2	0.05	1.0	population_size_change	phylter_k_300	N651	10X_down
293	1132	17	58	0.05	1.0	population_size_change	phylter_k_050	N690	10X_up
1382	43	69	6	0.05	1.0	population_size_change	phylter_k_155	N690	10X_up
265	1160	14	61	0.05	1.0	population_size_change	phylter_k_020	N690	10X_up
3	1422	1	74	0.05	1.0	population_size_change	phylter_k_020	N690	10X_up
1386	39	69	6	0.05	1.0	population_size_change	phylter_k_155	N690	10X_up
1420	5	73	2	0.05	1.0	population_size_change	phylter_k_300	N690	10X_up
1424	1	75	0	0.05	1.0	population_size_change	phylter_k_300	N690	10X_up
1357	68	71	4	0.05	1.0	population_size_change	phylter_k_050	N690	10X_up
1420	5	73	2	0.05	1.0	population_size_change	phylter_k_300	N690	10X_up
1276	149	67	8	0.05	1.0	population_size_change	phylter_k_020	N690	10X_up
1401	24	73	2	0.05	1.0	population_size_change	phylter_k_155	N690	10X_up
0	1425	0	75	0.05	1.0	population_size_change	phylter_k_050	N690	10X_up
1424	1	75	0	0.05	1.0	population_size_change	phylter_k_300	N460	10X_down
1381	44	69	6	0.05	1.0	population_size_change	phylter_k_155	N460	10X_down
1289	136	65	10	0.05	1.0	population_size_change	phylter_k_050	N460	10X_down
1	1424	1	74	0.05	1.0	population_size_change	phylter_k_050	N460	10X_down
359	1066	16	59	0.05	1.0	population_size_change	phylter_k_020	N460	10X_down
15	1410	1	74	0.05	1.0	population_size_change	phylter_k_050	N460	10X_down
1388	37	71	4	0.05	1.0	population_size_change	phylter_k_155	N460	10X_down
152	1273	4	71	0.05	1.0	population_size_change	phylter_k_020	N460	10X_down
1291	134	66	9	0.05	1.0	population_size_change	phylter_k_020	N460	10X_down
1422	3	75	0	0.05	1.0	population_size_change	phylter_k_300	N460	10X_down
1422	3	75	0	0.05	1.0	population_size_change	phylter_k_300	N460	10X_down
1380	45	69	6	0.05	1.0	population_size_change	phylter_k_155	N460	10X_down
1111	14	363	12	0.25	1.0	population_size_change	phylter_k_155	N651	10X_down
32	1093	6	369	0.25	1.0	population_size_change	phylter_k_050	N651	10X_down
1087	38	350	25	0.25	1.0	population_size_change	phylter_k_020	N651	10X_down
32	1093	6	369	0.25	1.0	population_size_change	phylter_k_050	N651	10X_down
482	643	158	217	0.25	1.0	population_size_change	phylter_k_020	N651	10X_down
1119	6	375	0	0.25	1.0	population_size_change	phylter_k_155	N651	10X_down
1111	14	363	12	0.25	1.0	population_size_change	phylter_k_155	N651	10X_down
1121	4	371	4	0.25	1.0	population_size_change	phylter_k_300	N651	10X_down
1121	4	371	4	0.25	1.0	population_size_change	phylter_k_300	N651	10X_down
991	134	326	49	0.25	1.0	population_size_change	phylter_k_050	N651	10X_down
482	643	158	217	0.25	1.0	population_size_change	phylter_k_020	N651	10X_down
1125	0	375	0	0.25	1.0	population_size_change	phylter_k_300	N651	10X_down
1344	6	148	2	0.1	1.0	population_size_change	phylter_k_300	N679	10X_down
1345	5	148	2	0.1	1.0	population_size_change	phylter_k_300	N679	10X_down
3	1347	1	149	0.1	1.0	population_size_change	phylter_k_020	N679	10X_down
1250	100	136	14	0.1	1.0	population_size_change	phylter_k_020	N679	10X_down
1322	28	143	7	0.1	1.0	population_size_change	phylter_k_155	N679	10X_down
1339	11	149	1	0.1	1.0	population_size_change	phylter_k_155	N679	10X_down
32	1318	1	149	0.1	1.0	population_size_change	phylter_k_020	N679	10X_down
16	1334	0	150	0.1	1.0	population_size_change	phylter_k_050	N679	10X_down
131	1219	5	145	0.1	1.0	population_size_change	phylter_k_050	N679	10X_down
1328	22	144	6	0.1	1.0	population_size_change	phylter_k_155	N679	10X_down
1349	1	150	0	0.1	1.0	population_size_change	phylter_k_300	N679	10X_down
1178	172	127	23	0.1	1.0	population_size_change	phylter_k_050	N679	10X_down
1112	13	366	9	0.25	1.0	population_size_change	phylter_k_155	N460	10X_down
1124	1	374	1	0.25	1.0	population_size_change	phylter_k_300	N460	10X_down
1125	0	375	0	0.25	1.0	population_size_change	phylter_k_300	N460	10X_down
1067	58	354	21	0.25	1.0	population_size_change	phylter_k_050	N460	10X_down
7	1118	2	373	0.25	1.0	population_size_change	phylter_k_020	N460	10X_down
1124	1	374	1	0.25	1.0	population_size_change	phylter_k_300	N460	10X_down
968	157	314	61	0.25	1.0	population_size_change	phylter_k_020	N460	10X_down
43	1082	10	365	0.25	1.0	population_size_change	phylter_k_020	N460	10X_down
1118	7	371	4	0.25	1.0	population_size_change	phylter_k_155	N460	10X_down
73	1052	29	346	0.25	1.0	population_size_change	phylter_k_050	N460	10X_down
1113	12	366	9	0.25	1.0	population_size_change	phylter_k_155	N460	10X_down
24	1101	11	364	0.25	1.0	population_size_change	phylter_k_050	N460	10X_down
0	1350	0	150	0.1	1.0	population_size_change	phylter_k_020	N574	10X_down
0	1350	0	150	0.1	1.0	population_size_change	phylter_k_050	N574	10X_down
0	1350	0	150	0.1	1.0	population_size_change	phylter_k_020	N574	10X_down
1346	4	148	2	0.1	1.0	population_size_change	phylter_k_300	N574	10X_down
1245	105	135	15	0.1	1.0	population_size_change	phylter_k_020	N574	10X_down
1330	20	142	8	0.1	1.0	population_size_change	phylter_k_155	N574	10X_down
1333	17	147	3	0.1	1.0	population_size_change	phylter_k_155	N574	10X_down
1341	9	149	1	0.1	1.0	population_size_change	phylter_k_155	N574	10X_down
1348	2	148	2	0.1	1.0	population_size_change	phylter_k_300	N574	10X_down
0	1350	0	150	0.1	1.0	population_size_change	phylter_k_050	N574	10X_down
1350	0	150	0	0.1	1.0	population_size_change	phylter_k_300	N574	10X_down
1180	170	123	27	0.1	1.0	population_size_change	phylter_k_050	N574	10X_down
1190	10	299	1	0.2	1.0	population_size_change	phylter_k_155	N615	10X_down
1197	3	295	5	0.2	1.0	population_size_change	phylter_k_300	N615	10X_down
1145	55	281	19	0.2	1.0	population_size_change	phylter_k_020	N615	10X_down
0	1200	0	300	0.2	1.0	population_size_change	phylter_k_020	N615	10X_down
1175	25	284	16	0.2	1.0	population_size_change	phylter_k_155	N615	10X_down
1197	3	296	4	0.2	1.0	population_size_change	phylter_k_300	N615	10X_down
1200	0	300	0	0.2	1.0	population_size_change	phylter_k_300	N615	10X_down
0	1200	0	300	0.2	1.0	population_size_change	phylter_k_050	N615	10X_down
947	253	221	79	0.2	1.0	population_size_change	phylter_k_050	N615	10X_down
1176	24	288	12	0.2	1.0	population_size_change	phylter_k_155	N615	10X_down
0	1200	0	300	0.2	1.0	population_size_change	phylter_k_050	N615	10X_down
0	1200	0	300	0.2	1.0	population_size_change	phylter_k_020	N615	10X_down
1282	143	58	17	0.05	1.0	population_size_change	phylter_k_020	N274	10X_down
0	1425	0	75	0.05	1.0	population_size_change	phylter_k_020	N274	10X_down
0	1425	0	75	0.05	1.0	population_size_change	phylter_k_050	N274	10X_down
1412	13	75	0	0.05	1.0	population_size_change	phylter_k_155	N274	10X_down
1404	21	73	2	0.05	1.0	population_size_change	phylter_k_155	N274	10X_down
0	1425	0	75	0.05	1.0	population_size_change	phylter_k_050	N274	10X_down
1424	1	74	1	0.05	1.0	population_size_change	phylter_k_300	N274	10X_down
1424	1	74	1	0.05	1.0	population_size_change	phylter_k_300	N274	10X_down
1395	30	72	3	0.05	1.0	population_size_change	phylter_k_155	N274	10X_down
1178	247	59	16	0.05	1.0	population_size_change	phylter_k_050	N274	10X_down
0	1425	0	75	0.05	1.0	population_size_change	phylter_k_020	N274	10X_down
1423	2	74	1	0.05	1.0	population_size_change	phylter_k_300	N274	10X_down
1350	0	150	0	0.1	1.0	population_size_change	phylter_k_300	N109	10X_down
1274	76	136	14	0.1	1.0	population_size_change	phylter_k_050	N109	10X_down
1	1349	0	150	0.1	1.0	population_size_change	phylter_k_020	N109	10X_down
1350	0	150	0	0.1	1.0	population_size_change	phylter_k_300	N109	10X_down
1350	0	150	0	0.1	1.0	population_size_change	phylter_k_300	N109	10X_down
1317	33	146	4	0.1	1.0	population_size_change	phylter_k_155	N109	10X_down
1277	73	135	15	0.1	1.0	population_size_change	phylter_k_020	N109	10X_down
0	1350	0	150	0.1	1.0	population_size_change	phylter_k_050	N109	10X_down
1317	33	146	4	0.1	1.0	population_size_change	phylter_k_155	N109	10X_down
1341	9	150	0	0.1	1.0	population_size_change	phylter_k_155	N109	10X_down
0	1350	0	150	0.1	1.0	population_size_change	phylter_k_050	N109	10X_down
1	1349	0	150	0.1	1.0	population_size_change	phylter_k_020	N109	10X_down
1347	3	148	2	0.1	1.0	population_size_change	phylter_k_300	N617	10X_up
0	1350	0	150	0.1	1.0	population_size_change	phylter_k_020	N617	10X_up
1341	9	149	1	0.1	1.0	population_size_change	phylter_k_155	N617	10X_up
1347	3	148	2	0.1	1.0	population_size_change	phylter_k_300	N617	10X_up
1325	25	142	8	0.1	1.0	population_size_change	phylter_k_155	N617	10X_up
1272	78	134	16	0.1	1.0	population_size_change	phylter_k_020	N617	10X_up
0	1350	0	150	0.1	1.0	population_size_change	phylter_k_050	N617	10X_up
1330	20	145	5	0.1	1.0	population_size_change	phylter_k_155	N617	10X_up
0	1350	0	150	0.1	1.0	population_size_change	phylter_k_050	N617	10X_up
1350	0	150	0	0.1	1.0	population_size_change	phylter_k_300	N617	10X_up
1233	117	136	14	0.1	1.0	population_size_change	phylter_k_050	N617	10X_up
0	1350	0	150	0.1	1.0	population_size_change	phylter_k_020	N617	10X_up
0	1425	0	75	0.05	1.0	population_size_change	phylter_k_050	Nyctibiidae	10X_up
1421	4	75	0	0.05	1.0	population_size_change	phylter_k_300	Nyctibiidae	10X_up
1403	22	74	1	0.05	1.0	population_size_change	phylter_k_155	Nyctibiidae	10X_up
1284	141	65	10	0.05	1.0	population_size_change	phylter_k_020	Nyctibiidae	10X_up
1	1424	0	75	0.05	1.0	population_size_change	phylter_k_020	Nyctibiidae	10X_up
1421	4	75	0	0.05	1.0	population_size_change	phylter_k_300	Nyctibiidae	10X_up
1	1424	0	75	0.05	1.0	population_size_change	phylter_k_020	Nyctibiidae	10X_up
0	1425	0	75	0.05	1.0	population_size_change	phylter_k_050	Nyctibiidae	10X_up
1355	70	72	3	0.05	1.0	population_size_change	phylter_k_155	Nyctibiidae	10X_up
1319	106	67	8	0.05	1.0	population_size_change	phylter_k_050	Nyctibiidae	10X_up
1355	70	72	3	0.05	1.0	population_size_change	phylter_k_155	Nyctibiidae	10X_up
1424	1	75	0	0.05	1.0	population_size_change	phylter_k_300	Nyctibiidae	10X_up
1142	133	193	32	0.15	1.0	population_size_change	phylter_k_050	N679	10X_up
1247	28	212	13	0.15	1.0	population_size_change	phylter_k_155	N679	10X_up
1275	0	225	0	0.15	1.0	population_size_change	phylter_k_300	N679	10X_up
14	1261	0	225	0.15	1.0	population_size_change	phylter_k_020	N679	10X_up
123	1152	25	200	0.15	1.0	population_size_change	phylter_k_050	N679	10X_up
482	793	82	143	0.15	1.0	population_size_change	phylter_k_050	N679	10X_up
1259	16	222	3	0.15	1.0	population_size_change	phylter_k_155	N679	10X_up
1242	33	209	16	0.15	1.0	population_size_change	phylter_k_155	N679	10X_up
1205	70	203	22	0.15	1.0	population_size_change	phylter_k_020	N679	10X_up
3	1272	0	225	0.15	1.0	population_size_change	phylter_k_020	N679	10X_up
1271	4	221	4	0.15	1.0	population_size_change	phylter_k_300	N679	10X_up
1270	5	221	4	0.15	1.0	population_size_change	phylter_k_300	N679	10X_up
1102	23	363	12	0.25	1.0	population_size_change	phylter_k_155	N274	10X_down
1125	0	375	0	0.25	1.0	population_size_change	phylter_k_300	N274	10X_down
997	128	317	58	0.25	1.0	population_size_change	phylter_k_050	N274	10X_down
1125	0	375	0	0.25	1.0	population_size_change	phylter_k_300	N274	10X_down
1125	0	375	0	0.25	1.0	population_size_change	phylter_k_300	N274	10X_down
0	1125	0	375	0.25	1.0	population_size_change	phylter_k_020	N274	10X_down
1069	56	351	24	0.25	1.0	population_size_change	phylter_k_020	N274	10X_down
1111	14	366	9	0.25	1.0	population_size_change	phylter_k_155	N274	10X_down
1116	9	370	5	0.25	1.0	population_size_change	phylter_k_155	N274	10X_down
0	1125	0	375	0.25	1.0	population_size_change	phylter_k_020	N274	10X_down
0	1125	0	375	0.25	1.0	population_size_change	phylter_k_050	N274	10X_down
0	1125	0	375	0.25	1.0	population_size_change	phylter_k_050	N274	10X_down
1103	97	266	34	0.2	1.0	population_size_change	phylter_k_020	N473	10X_down
1189	11	298	2	0.2	1.0	population_size_change	phylter_k_155	N473	10X_down
1182	18	287	13	0.2	1.0	population_size_change	phylter_k_155	N473	10X_down
3	1197	0	300	0.2	1.0	population_size_change	phylter_k_050	N473	10X_down
3	1197	0	300	0.2	1.0	population_size_change	phylter_k_050	N473	10X_down
5	1195	0	300	0.2	1.0	population_size_change	phylter_k_020	N473	10X_down
1182	18	287	13	0.2	1.0	population_size_change	phylter_k_155	N473	10X_down
1199	1	300	0	0.2	1.0	population_size_change	phylter_k_300	N473	10X_down
911	289	226	74	0.2	1.0	population_size_change	phylter_k_050	N473	10X_down
1198	2	295	5	0.2	1.0	population_size_change	phylter_k_300	N473	10X_down
1198	2	295	5	0.2	1.0	population_size_change	phylter_k_300	N473	10X_down
5	1195	0	300	0.2	1.0	population_size_change	phylter_k_020	N473	10X_down
1084	41	356	19	0.25	1.0	population_size_change	phylter_k_020	N425	10X_up
1124	1	375	0	0.25	1.0	population_size_change	phylter_k_300	N425	10X_up
1118	7	373	2	0.25	1.0	population_size_change	phylter_k_155	N425	10X_up
0	1125	0	375	0.25	1.0	population_size_change	phylter_k_050	N425	10X_up
1114	11	370	5	0.25	1.0	population_size_change	phylter_k_155	N425	10X_up
1114	11	370	5	0.25	1.0	population_size_change	phylter_k_155	N425	10X_up
0	1125	0	375	0.25	1.0	population_size_change	phylter_k_050	N425	10X_up
31	1094	8	367	0.25	1.0	population_size_change	phylter_k_020	N425	10X_up
956	169	312	63	0.25	1.0	population_size_change	phylter_k_050	N425	10X_up
31	1094	8	367	0.25	1.0	population_size_change	phylter_k_020	N425	10X_up
1124	1	375	0	0.25	1.0	population_size_change	phylter_k_300	N425	10X_up
1125	0	375	0	0.25	1.0	population_size_change	phylter_k_300	N425	10X_up
1469	1	30	0	0.02	1.0	population_size_change	phylter_k_300	N114	10X_down
2	1468	0	30	0.02	1.0	population_size_change	phylter_k_020	N114	10X_down
1	1469	0	30	0.02	1.0	population_size_change	phylter_k_020	N114	10X_down
1247	223	23	7	0.02	1.0	population_size_change	phylter_k_050	N114	10X_down
1469	1	30	0	0.02	1.0	population_size_change	phylter_k_300	N114	10X_down
0	1470	0	30	0.02	1.0	population_size_change	phylter_k_050	N114	10X_down
1395	75	25	5	0.02	1.0	population_size_change	phylter_k_155	N114	10X_down
1384	86	25	5	0.02	1.0	population_size_change	phylter_k_155	N114	10X_down
1423	47	27	3	0.02	1.0	population_size_change	phylter_k_155	N114	10X_down
1347	123	25	5	0.02	1.0	population_size_change	phylter_k_020	N114	10X_down
1469	1	30	0	0.02	1.0	population_size_change	phylter_k_300	N114	10X_down
0	1470	0	30	0.02	1.0	population_size_change	phylter_k_050	N114	10X_down
0	1350	0	150	0.1	1.0	population_size_change	phylter_k_050	N118	10X_up
944	406	105	45	0.1	1.0	population_size_change	phylter_k_050	N118	10X_up
1349	1	150	0	0.1	1.0	population_size_change	phylter_k_300	N118	10X_up
1349	1	150	0	0.1	1.0	population_size_change	phylter_k_300	N118	10X_up
1318	32	147	3	0.1	1.0	population_size_change	phylter_k_155	N118	10X_up
1304	46	145	5	0.1	1.0	population_size_change	phylter_k_155	N118	10X_up
1349	1	150	0	0.1	1.0	population_size_change	phylter_k_300	N118	10X_up
0	1350	0	150	0.1	1.0	population_size_change	phylter_k_020	N118	10X_up
1210	140	126	24	0.1	1.0	population_size_change	phylter_k_020	N118	10X_up
0	1350	0	150	0.1	1.0	population_size_change	phylter_k_050	N118	10X_up
1329	21	147	3	0.1	1.0	population_size_change	phylter_k_155	N118	10X_up
0	1350	0	150	0.1	1.0	population_size_change	phylter_k_020	N118	10X_up
1231	44	208	17	0.15	1.0	population_size_change	phylter_k_155	N238	10X_up
1273	2	225	0	0.15	1.0	population_size_change	phylter_k_300	N238	10X_up
1273	2	225	0	0.15	1.0	population_size_change	phylter_k_300	N238	10X_up
1168	107	204	21	0.15	1.0	population_size_change	phylter_k_050	N238	10X_up
0	1275	0	225	0.15	1.0	population_size_change	phylter_k_020	N238	10X_up
1274	1	225	0	0.15	1.0	population_size_change	phylter_k_300	N238	10X_up
1234	41	209	16	0.15	1.0	population_size_change	phylter_k_155	N238	10X_up
0	1275	0	225	0.15	1.0	population_size_change	phylter_k_050	N238	10X_up
1188	87	199	26	0.15	1.0	population_size_change	phylter_k_020	N238	10X_up
0	1275	0	225	0.15	1.0	population_size_change	phylter_k_050	N238	10X_up
0	1275	0	225	0.15	1.0	population_size_change	phylter_k_020	N238	10X_up
1258	17	220	5	0.15	1.0	population_size_change	phylter_k_155	N238	10X_up
1406	19	73	2	0.05	1.0	population_size_change	phylter_k_155	N573	10X_down
1421	4	73	2	0.05	1.0	population_size_change	phylter_k_300	N573	10X_down
1414	11	75	0	0.05	1.0	population_size_change	phylter_k_155	N573	10X_down
0	1425	0	75	0.05	1.0	population_size_change	phylter_k_020	N573	10X_down
1292	133	62	13	0.05	1.0	population_size_change	phylter_k_020	N573	10X_down
1396	29	73	2	0.05	1.0	population_size_change	phylter_k_155	N573	10X_down
0	1425	0	75	0.05	1.0	population_size_change	phylter_k_020	N573	10X_down
0	1425	0	75	0.05	1.0	population_size_change	phylter_k_050	N573	10X_down
1311	114	64	11	0.05	1.0	population_size_change	phylter_k_050	N573	10X_down
0	1425	0	75	0.05	1.0	population_size_change	phylter_k_050	N573	10X_down
1425	0	75	0	0.05	1.0	population_size_change	phylter_k_300	N573	10X_down
1421	4	73	2	0.05	1.0	population_size_change	phylter_k_300	N573	10X_down
1323	27	141	9	0.1	1.0	population_size_change	phylter_k_155	N620	10X_up
0	1350	0	150	0.1	1.0	population_size_change	phylter_k_020	N620	10X_up
1338	12	148	2	0.1	1.0	population_size_change	phylter_k_155	N620	10X_up
0	1350	0	150	0.1	1.0	population_size_change	phylter_k_050	N620	10X_up
1241	109	133	17	0.1	1.0	population_size_change	phylter_k_020	N620	10X_up
0	1350	0	150	0.1	1.0	population_size_change	phylter_k_050	N620	10X_up
1322	28	138	12	0.1	1.0	population_size_change	phylter_k_155	N620	10X_up
0	1350	0	150	0.1	1.0	population_size_change	phylter_k_020	N620	10X_up
681	669	74	76	0.1	1.0	population_size_change	phylter_k_050	N620	10X_up
1349	1	150	0	0.1	1.0	population_size_change	phylter_k_300	N620	10X_up
1345	5	148	2	0.1	1.0	population_size_change	phylter_k_300	N620	10X_up
1346	4	148	2	0.1	1.0	population_size_change	phylter_k_300	N620	10X_up
1176	24	289	11	0.2	1.0	population_size_change	phylter_k_155	N554	10X_up
1176	24	289	11	0.2	1.0	population_size_change	phylter_k_155	N554	10X_up
1198	2	296	4	0.2	1.0	population_size_change	phylter_k_300	N554	10X_up
420	780	89	211	0.2	1.0	population_size_change	phylter_k_020	N554	10X_up
1153	47	286	14	0.2	1.0	population_size_change	phylter_k_020	N554	10X_up
16	1184	1	299	0.2	1.0	population_size_change	phylter_k_050	N554	10X_up
1191	9	299	1	0.2	1.0	population_size_change	phylter_k_155	N554	10X_up
420	780	89	211	0.2	1.0	population_size_change	phylter_k_020	N554	10X_up
16	1184	1	299	0.2	1.0	population_size_change	phylter_k_050	N554	10X_up
1198	2	296	4	0.2	1.0	population_size_change	phylter_k_300	N554	10X_up
1056	144	248	52	0.2	1.0	population_size_change	phylter_k_050	N554	10X_up
1200	0	300	0	0.2	1.0	population_size_change	phylter_k_300	N554	10X_up
1407	18	72	3	0.05	1.0	population_size_change	phylter_k_155	N497	10X_up
0	1425	0	75	0.05	1.0	population_size_change	phylter_k_050	N497	10X_up
2	1423	0	75	0.05	1.0	population_size_change	phylter_k_020	N497	10X_up
1412	13	75	0	0.05	1.0	population_size_change	phylter_k_155	N497	10X_up
0	1425	0	75	0.05	1.0	population_size_change	phylter_k_050	N497	10X_up
1312	113	67	8	0.05	1.0	population_size_change	phylter_k_020	N497	10X_up
1421	4	73	2	0.05	1.0	population_size_change	phylter_k_300	N497	10X_up
0	1425	0	75	0.05	1.0	population_size_change	phylter_k_020	N497	10X_up
1242	183	69	6	0.05	1.0	population_size_change	phylter_k_050	N497	10X_up
1424	1	75	0	0.05	1.0	population_size_change	phylter_k_300	N497	10X_up
1406	19	71	4	0.05	1.0	population_size_change	phylter_k_155	N497	10X_up
1422	3	74	1	0.05	1.0	population_size_change	phylter_k_300	N497	10X_up
0	1125	0	375	0.25	1.0	population_size_change	phylter_k_050	N573	10X_down
0	1125	0	375	0.25	1.0	population_size_change	phylter_k_020	N573	10X_down
1122	3	370	5	0.25	1.0	population_size_change	phylter_k_300	N573	10X_down
0	1125	0	375	0.25	1.0	population_size_change	phylter_k_020	N573	10X_down
1109	16	364	11	0.25	1.0	population_size_change	phylter_k_155	N573	10X_down
797	328	254	121	0.25	1.0	population_size_change	phylter_k_050	N573	10X_down
1105	20	361	14	0.25	1.0	population_size_change	phylter_k_155	N573	10X_down
1125	0	375	0	0.25	1.0	population_size_change	phylter_k_300	N573	10X_down
1123	2	371	4	0.25	1.0	population_size_change	phylter_k_300	N573	10X_down
0	1125	0	375	0.25	1.0	population_size_change	phylter_k_050	N573	10X_down
1060	65	344	31	0.25	1.0	population_size_change	phylter_k_020	N573	10X_down
1118	7	373	2	0.25	1.0	population_size_change	phylter_k_155	N573	10X_down
1274	1	225	0	0.15	1.0	population_size_change	phylter_k_300	N228	10X_down
1111	164	198	27	0.15	1.0	population_size_change	phylter_k_050	N228	10X_down
1227	48	215	10	0.15	1.0	population_size_change	phylter_k_155	N228	10X_down
1227	48	215	10	0.15	1.0	population_size_change	phylter_k_155	N228	10X_down
1	1274	1	224	0.15	1.0	population_size_change	phylter_k_020	N228	10X_down
1273	2	225	0	0.15	1.0	population_size_change	phylter_k_300	N228	10X_down
1	1274	1	224	0.15	1.0	population_size_change	phylter_k_020	N228	10X_down
0	1275	0	225	0.15	1.0	population_size_change	phylter_k_050	N228	10X_down
1253	22	220	5	0.15	1.0	population_size_change	phylter_k_155	N228	10X_down
1181	94	186	39	0.15	1.0	population_size_change	phylter_k_020	N228	10X_down
0	1275	0	225	0.15	1.0	population_size_change	phylter_k_050	N228	10X_down
1273	2	225	0	0.15	1.0	population_size_change	phylter_k_300	N228	10X_down
1418	52	26	4	0.02	1.0	population_size_change	phylter_k_155	N716	10X_up
0	1470	0	30	0.02	1.0	population_size_change	phylter_k_020	N716	10X_up
1465	5	28	2	0.02	1.0	population_size_change	phylter_k_300	N716	10X_up
0	1470	0	30	0.02	1.0	population_size_change	phylter_k_020	N716	10X_up
1279	191	21	9	0.02	1.0	population_size_change	phylter_k_050	N716	10X_up
0	1470	0	30	0.02	1.0	population_size_change	phylter_k_050	N716	10X_up
1414	56	24	6	0.02	1.0	population_size_change	phylter_k_155	N716	10X_up
1469	1	30	0	0.02	1.0	population_size_change	phylter_k_300	N716	10X_up
0	1470	0	30	0.02	1.0	population_size_change	phylter_k_050	N716	10X_up
1349	121	25	5	0.02	1.0	population_size_change	phylter_k_020	N716	10X_up
1467	3	29	1	0.02	1.0	population_size_change	phylter_k_300	N716	10X_up
1422	48	29	1	0.02	1.0	population_size_change	phylter_k_155	N716	10X_up
1421	4	74	1	0.05	1.0	population_size_change	phylter_k_300	N714	10X_up
1424	1	75	0	0.05	1.0	population_size_change	phylter_k_300	N714	10X_up
1054	371	51	24	0.05	1.0	population_size_change	phylter_k_050	N714	10X_up
0	1425	0	75	0.05	1.0	population_size_change	phylter_k_050	N714	10X_up
1330	95	65	10	0.05	1.0	population_size_change	phylter_k_020	N714	10X_up
0	1425	0	75	0.05	1.0	population_size_change	phylter_k_050	N714	10X_up
1405	20	70	5	0.05	1.0	population_size_change	phylter_k_155	N714	10X_up
1412	13	75	0	0.05	1.0	population_size_change	phylter_k_155	N714	10X_up
0	1425	0	75	0.05	1.0	population_size_change	phylter_k_020	N714	10X_up
0	1425	0	75	0.05	1.0	population_size_change	phylter_k_020	N714	10X_up
1420	5	73	2	0.05	1.0	population_size_change	phylter_k_300	N714	10X_up
1408	17	72	3	0.05	1.0	population_size_change	phylter_k_155	N714	10X_up
1260	15	221	4	0.15	1.0	population_size_change	phylter_k_155	N425	10X_up
1274	1	225	0	0.15	1.0	population_size_change	phylter_k_300	N425	10X_up
1274	1	225	0	0.15	1.0	population_size_change	phylter_k_300	N425	10X_up
1275	0	225	0	0.15	1.0	population_size_change	phylter_k_300	N425	10X_up
3	1272	0	225	0.15	1.0	population_size_change	phylter_k_020	N425	10X_up
878	397	152	73	0.15	1.0	population_size_change	phylter_k_050	N425	10X_up
1260	15	221	4	0.15	1.0	population_size_change	phylter_k_155	N425	10X_up
0	1275	0	225	0.15	1.0	population_size_change	phylter_k_050	N425	10X_up
1221	54	208	17	0.15	1.0	population_size_change	phylter_k_020	N425	10X_up
0	1275	0	225	0.15	1.0	population_size_change	phylter_k_050	N425	10X_up
1266	9	225	0	0.15	1.0	population_size_change	phylter_k_155	N425	10X_up
3	1272	0	225	0.15	1.0	population_size_change	phylter_k_020	N425	10X_up
1117	8	373	2	0.25	1.0	population_size_change	phylter_k_155	N238	10X_up
1100	25	358	17	0.25	1.0	population_size_change	phylter_k_155	N238	10X_up
1100	25	364	11	0.25	1.0	population_size_change	phylter_k_020	N238	10X_up
1124	1	375	0	0.25	1.0	population_size_change	phylter_k_300	N238	10X_up
1124	1	375	0	0.25	1.0	population_size_change	phylter_k_300	N238	10X_up
0	1125	0	375	0.25	1.0	population_size_change	phylter_k_020	N238	10X_up
1125	0	375	0	0.25	1.0	population_size_change	phylter_k_300	N238	10X_up
1103	22	362	13	0.25	1.0	population_size_change	phylter_k_155	N238	10X_up
1010	115	322	53	0.25	1.0	population_size_change	phylter_k_050	N238	10X_up
0	1125	0	375	0.25	1.0	population_size_change	phylter_k_050	N238	10X_up
4	1121	1	374	0.25	1.0	population_size_change	phylter_k_020	N238	10X_up
0	1125	0	375	0.25	1.0	population_size_change	phylter_k_050	N238	10X_up
1175	25	292	8	0.2	1.0	population_size_change	phylter_k_155	N118	10X_up
1200	0	300	0	0.2	1.0	population_size_change	phylter_k_300	N118	10X_up
974	226	240	60	0.2	1.0	population_size_change	phylter_k_050	N118	10X_up
1200	0	300	0	0.2	1.0	population_size_change	phylter_k_300	N118	10X_up
0	1200	0	300	0.2	1.0	population_size_change	phylter_k_020	N118	10X_up
1200	0	300	0	0.2	1.0	population_size_change	phylter_k_300	N118	10X_up
1190	10	297	3	0.2	1.0	population_size_change	phylter_k_155	N118	10X_up
1181	19	297	3	0.2	1.0	population_size_change	phylter_k_155	N118	10X_up
1079	121	265	35	0.2	1.0	population_size_change	phylter_k_020	N118	10X_up
0	1200	0	300	0.2	1.0	population_size_change	phylter_k_050	N118	10X_up
0	1200	0	300	0.2	1.0	population_size_change	phylter_k_020	N118	10X_up
0	1200	0	300	0.2	1.0	population_size_change	phylter_k_050	N118	10X_up
0	1275	0	225	0.15	1.0	population_size_change	phylter_k_050	N343	10X_down
1255	20	216	9	0.15	1.0	population_size_change	phylter_k_155	N343	10X_down
0	1275	0	225	0.15	1.0	population_size_change	phylter_k_020	N343	10X_down
1274	1	225	0	0.15	1.0	population_size_change	phylter_k_300	N343	10X_down
1107	168	186	39	0.15	1.0	population_size_change	phylter_k_050	N343	10X_down
0	1275	0	225	0.15	1.0	population_size_change	phylter_k_050	N343	10X_down
1274	1	223	2	0.15	1.0	population_size_change	phylter_k_300	N343	10X_down
0	1275	0	225	0.15	1.0	population_size_change	phylter_k_020	N343	10X_down
1262	13	223	2	0.15	1.0	population_size_change	phylter_k_155	N343	10X_down
1252	23	215	10	0.15	1.0	population_size_change	phylter_k_155	N343	10X_down
1218	57	205	20	0.15	1.0	population_size_change	phylter_k_020	N343	10X_down
1274	1	225	0	0.15	1.0	population_size_change	phylter_k_300	N343	10X_down
1349	1	150	0	0.1	1.0	population_size_change	phylter_k_300	N491	10X_down
1240	110	131	19	0.1	1.0	population_size_change	phylter_k_050	N491	10X_down
0	1350	0	150	0.1	1.0	population_size_change	phylter_k_020	N491	10X_down
1331	19	144	6	0.1	1.0	population_size_change	phylter_k_155	N491	10X_down
1345	5	148	2	0.1	1.0	population_size_change	phylter_k_300	N491	10X_down
0	1350	0	150	0.1	1.0	population_size_change	phylter_k_050	N491	10X_down
1326	24	139	11	0.1	1.0	population_size_change	phylter_k_155	N491	10X_down
6	1344	0	150	0.1	1.0	population_size_change	phylter_k_020	N491	10X_down
1339	11	148	2	0.1	1.0	population_size_change	phylter_k_155	N491	10X_down
1253	97	130	20	0.1	1.0	population_size_change	phylter_k_020	N491	10X_down
0	1350	0	150	0.1	1.0	population_size_change	phylter_k_050	N491	10X_down
1345	5	148	2	0.1	1.0	population_size_change	phylter_k_300	N491	10X_down
1273	2	225	0	0.15	1.0	population_size_change	phylter_k_300	N299	10X_down
0	1275	0	225	0.15	1.0	population_size_change	phylter_k_020	N299	10X_down
1275	0	225	0	0.15	1.0	population_size_change	phylter_k_300	N299	10X_down
1266	9	224	1	0.15	1.0	population_size_change	phylter_k_155	N299	10X_down
1220	55	218	7	0.15	1.0	population_size_change	phylter_k_155	N299	10X_down
1205	70	200	25	0.15	1.0	population_size_change	phylter_k_020	N299	10X_down
0	1275	0	225	0.15	1.0	population_size_change	phylter_k_050	N299	10X_down
1248	27	221	4	0.15	1.0	population_size_change	phylter_k_155	N299	10X_down
0	1275	0	225	0.15	1.0	population_size_change	phylter_k_050	N299	10X_down
1079	196	178	47	0.15	1.0	population_size_change	phylter_k_050	N299	10X_down
1275	0	225	0	0.15	1.0	population_size_change	phylter_k_300	N299	10X_down
0	1275	0	225	0.15	1.0	population_size_change	phylter_k_020	N299	10X_down
0	1200	0	300	0.2	1.0	population_size_change	phylter_k_050	N617	10X_up
1066	134	256	44	0.2	1.0	population_size_change	phylter_k_050	N617	10X_up
0	1200	0	300	0.2	1.0	population_size_change	phylter_k_020	N617	10X_up
1200	0	300	0	0.2	1.0	population_size_change	phylter_k_300	N617	10X_up
0	1200	0	300	0.2	1.0	population_size_change	phylter_k_050	N617	10X_up
1178	22	290	10	0.2	1.0	population_size_change	phylter_k_155	N617	10X_up
1147	53	289	11	0.2	1.0	population_size_change	phylter_k_020	N617	10X_up
1197	3	295	5	0.2	1.0	population_size_change	phylter_k_300	N617	10X_up
1175	25	287	13	0.2	1.0	population_size_change	phylter_k_155	N617	10X_up
1189	11	299	1	0.2	1.0	population_size_change	phylter_k_155	N617	10X_up
0	1200	0	300	0.2	1.0	population_size_change	phylter_k_020	N617	10X_up
1197	3	294	6	0.2	1.0	population_size_change	phylter_k_300	N617	10X_up
0	1125	1	374	0.25	1.0	population_size_change	phylter_k_020	N679	10X_up
35	1090	9	366	0.25	1.0	population_size_change	phylter_k_050	N679	10X_up
4	1121	1	374	0.25	1.0	population_size_change	phylter_k_020	N679	10X_up
1120	5	369	6	0.25	1.0	population_size_change	phylter_k_300	N679	10X_up
1109	16	361	14	0.25	1.0	population_size_change	phylter_k_155	N679	10X_up
1125	0	375	0	0.25	1.0	population_size_change	phylter_k_300	N679	10X_up
1106	19	360	15	0.25	1.0	population_size_change	phylter_k_155	N679	10X_up
893	232	285	90	0.25	1.0	population_size_change	phylter_k_050	N679	10X_up
1121	4	369	6	0.25	1.0	population_size_change	phylter_k_300	N679	10X_up
0	1125	0	375	0.25	1.0	population_size_change	phylter_k_050	N679	10X_up
1060	65	359	16	0.25	1.0	population_size_change	phylter_k_020	N679	10X_up
1119	6	374	1	0.25	1.0	population_size_change	phylter_k_155	N679	10X_up
0	1200	1	299	0.2	1.0	population_size_change	phylter_k_020	N228	10X_down
1198	2	300	0	0.2	1.0	population_size_change	phylter_k_300	N228	10X_down
1199	1	300	0	0.2	1.0	population_size_change	phylter_k_300	N228	10X_down
1106	94	275	25	0.2	1.0	population_size_change	phylter_k_050	N228	10X_down
1198	2	300	0	0.2	1.0	population_size_change	phylter_k_300	N228	10X_down
1167	33	294	6	0.2	1.0	population_size_change	phylter_k_155	N228	10X_down
1114	86	264	36	0.2	1.0	population_size_change	phylter_k_020	N228	10X_down
0	1200	0	300	0.2	1.0	population_size_change	phylter_k_050	N228	10X_down
0	1200	1	299	0.2	1.0	population_size_change	phylter_k_020	N228	10X_down
1190	10	298	2	0.2	1.0	population_size_change	phylter_k_155	N228	10X_down
0	1200	0	300	0.2	1.0	population_size_change	phylter_k_050	N228	10X_down
1167	33	294	6	0.2	1.0	population_size_change	phylter_k_155	N228	10X_down
1270	155	65	10	0.05	1.0	population_size_change	phylter_k_050	N491	10X_down
1424	1	75	0	0.05	1.0	population_size_change	phylter_k_300	N491	10X_down
1420	5	73	2	0.05	1.0	population_size_change	phylter_k_300	N491	10X_down
0	1425	0	75	0.05	1.0	population_size_change	phylter_k_050	N491	10X_down
1396	29	73	2	0.05	1.0	population_size_change	phylter_k_155	N491	10X_down
1388	37	69	6	0.05	1.0	population_size_change	phylter_k_155	N491	10X_down
1379	46	69	6	0.05	1.0	population_size_change	phylter_k_155	N491	10X_down
1259	166	60	15	0.05	1.0	population_size_change	phylter_k_020	N491	10X_down
1	1424	0	75	0.05	1.0	population_size_change	phylter_k_050	N491	10X_down
0	1425	0	75	0.05	1.0	population_size_change	phylter_k_020	N491	10X_down
1419	6	73	2	0.05	1.0	population_size_change	phylter_k_300	N491	10X_down
7	1418	0	75	0.05	1.0	population_size_change	phylter_k_020	N491	10X_down
1110	15	356	19	0.25	1.0	population_size_change	phylter_k_155	N617	10X_up
1110	15	361	14	0.25	1.0	population_size_change	phylter_k_155	N617	10X_up
1075	50	343	32	0.25	1.0	population_size_change	phylter_k_050	N617	10X_up
0	1125	0	375	0.25	1.0	population_size_change	phylter_k_050	N617	10X_up
1124	1	369	6	0.25	1.0	population_size_change	phylter_k_300	N617	10X_up
1124	1	375	0	0.25	1.0	population_size_change	phylter_k_300	N617	10X_up
0	1125	0	375	0.25	1.0	population_size_change	phylter_k_020	N617	10X_up
0	1125	0	375	0.25	1.0	population_size_change	phylter_k_020	N617	10X_up
1124	1	369	6	0.25	1.0	population_size_change	phylter_k_300	N617	10X_up
0	1125	0	375	0.25	1.0	population_size_change	phylter_k_050	N617	10X_up
1115	10	372	3	0.25	1.0	population_size_change	phylter_k_155	N617	10X_up
1086	39	349	26	0.25	1.0	population_size_change	phylter_k_020	N617	10X_up
1196	4	294	6	0.2	1.0	population_size_change	phylter_k_300	N679	10X_up
1101	99	266	34	0.2	1.0	population_size_change	phylter_k_050	N679	10X_up
1178	22	284	16	0.2	1.0	population_size_change	phylter_k_155	N679	10X_up
1200	0	300	0	0.2	1.0	population_size_change	phylter_k_300	N679	10X_up
1	1199	0	300	0.2	1.0	population_size_change	phylter_k_020	N679	10X_up
453	747	111	189	0.2	1.0	population_size_change	phylter_k_050	N679	10X_up
1176	24	281	19	0.2	1.0	population_size_change	phylter_k_155	N679	10X_up
11	1189	3	297	0.2	1.0	population_size_change	phylter_k_020	N679	10X_up
77	1123	25	275	0.2	1.0	population_size_change	phylter_k_050	N679	10X_up
1099	101	266	34	0.2	1.0	population_size_change	phylter_k_020	N679	10X_up
1189	11	297	3	0.2	1.0	population_size_change	phylter_k_155	N679	10X_up
1196	4	294	6	0.2	1.0	population_size_change	phylter_k_300	N679	10X_up
0	1470	0	30	0.02	1.0	population_size_change	phylter_k_020	N690	10X_up
1465	5	28	2	0.02	1.0	population_size_change	phylter_k_300	N690	10X_up
1415	55	25	5	0.02	1.0	population_size_change	phylter_k_155	N690	10X_up
1	1469	0	30	0.02	1.0	population_size_change	phylter_k_050	N690	10X_up
1469	1	30	0	0.02	1.0	population_size_change	phylter_k_300	N690	10X_up
108	1362	1	29	0.02	1.0	population_size_change	phylter_k_020	N690	10X_up
831	639	16	14	0.02	1.0	population_size_change	phylter_k_050	N690	10X_up
1411	59	25	5	0.02	1.0	population_size_change	phylter_k_155	N690	10X_up
0	1470	0	30	0.02	1.0	population_size_change	phylter_k_050	N690	10X_up
1358	112	26	4	0.02	1.0	population_size_change	phylter_k_020	N690	10X_up
1465	5	28	2	0.02	1.0	population_size_change	phylter_k_300	N690	10X_up
1431	39	29	1	0.02	1.0	population_size_change	phylter_k_155	N690	10X_up
1110	15	364	11	0.25	1.0	population_size_change	phylter_k_155	N491	10X_down
1122	3	370	5	0.25	1.0	population_size_change	phylter_k_300	N491	10X_down
0	1125	0	375	0.25	1.0	population_size_change	phylter_k_020	N491	10X_down
1108	17	357	18	0.25	1.0	population_size_change	phylter_k_155	N491	10X_down
5	1120	1	374	0.25	1.0	population_size_change	phylter_k_020	N491	10X_down
1054	71	333	42	0.25	1.0	population_size_change	phylter_k_020	N491	10X_down
0	1125	0	375	0.25	1.0	population_size_change	phylter_k_050	N491	10X_down
1114	11	373	2	0.25	1.0	population_size_change	phylter_k_155	N491	10X_down
0	1125	0	375	0.25	1.0	population_size_change	phylter_k_050	N491	10X_down
1122	3	370	5	0.25	1.0	population_size_change	phylter_k_300	N491	10X_down
1008	117	318	57	0.25	1.0	population_size_change	phylter_k_050	N491	10X_down
1124	1	375	0	0.25	1.0	population_size_change	phylter_k_300	N491	10X_down
1199	1	300	0	0.2	1.0	population_size_change	phylter_k_300	N343	10X_down
0	1200	0	300	0.2	1.0	population_size_change	phylter_k_020	N343	10X_down
0	1200	0	300	0.2	1.0	population_size_change	phylter_k_050	N343	10X_down
935	265	218	82	0.2	1.0	population_size_change	phylter_k_050	N343	10X_down
0	1200	0	300	0.2	1.0	population_size_change	phylter_k_020	N343	10X_down
1198	2	298	2	0.2	1.0	population_size_change	phylter_k_300	N343	10X_down
1181	19	291	9	0.2	1.0	population_size_change	phylter_k_155	N343	10X_down
1182	18	291	9	0.2	1.0	population_size_change	phylter_k_155	N343	10X_down
1194	6	300	0	0.2	1.0	population_size_change	phylter_k_155	N343	10X_down
1198	2	298	2	0.2	1.0	population_size_change	phylter_k_300	N343	10X_down
1075	125	260	40	0.2	1.0	population_size_change	phylter_k_020	N343	10X_down
0	1200	0	300	0.2	1.0	population_size_change	phylter_k_050	N343	10X_down
0	1470	0	30	0.02	1.0	population_size_change	phylter_k_050	N717	10X_down
1469	1	30	0	0.02	1.0	population_size_change	phylter_k_300	N717	10X_down
1239	231	25	5	0.02	1.0	population_size_change	phylter_k_050	N717	10X_down
0	1470	0	30	0.02	1.0	population_size_change	phylter_k_020	N717	10X_down
0	1470	0	30	0.02	1.0	population_size_change	phylter_k_050	N717	10X_down
1436	34	28	2	0.02	1.0	population_size_change	phylter_k_155	N717	10X_down
1433	37	27	3	0.02	1.0	population_size_change	phylter_k_155	N717	10X_down
1438	32	30	0	0.02	1.0	population_size_change	phylter_k_155	N717	10X_down
1468	2	28	2	0.02	1.0	population_size_change	phylter_k_300	N717	10X_down
1324	146	23	7	0.02	1.0	population_size_change	phylter_k_020	N717	10X_down
1467	3	28	2	0.02	1.0	population_size_change	phylter_k_300	N717	10X_down
0	1470	0	30	0.02	1.0	population_size_change	phylter_k_020	N717	10X_down
0	1200	0	300	0.2	1.0	population_size_change	phylter_k_050	N299	10X_down
1199	1	300	0	0.2	1.0	population_size_change	phylter_k_300	N299	10X_down
1199	1	300	0	0.2	1.0	population_size_change	phylter_k_300	N299	10X_down
1059	141	256	44	0.2	1.0	population_size_change	phylter_k_050	N299	10X_down
1	1199	0	300	0.2	1.0	population_size_change	phylter_k_020	N299	10X_down
1197	3	300	0	0.2	1.0	population_size_change	phylter_k_300	N299	10X_down
0	1200	0	300	0.2	1.0	population_size_change	phylter_k_020	N299	10X_down
0	1200	0	300	0.2	1.0	population_size_change	phylter_k_050	N299	10X_down
1188	12	297	3	0.2	1.0	population_size_change	phylter_k_155	N299	10X_down
1150	50	287	13	0.2	1.0	population_size_change	phylter_k_155	N299	10X_down
1171	29	293	7	0.2	1.0	population_size_change	phylter_k_155	N299	10X_down
1131	69	256	44	0.2	1.0	population_size_change	phylter_k_020	N299	10X_down
1	1349	0	150	0.1	1.0	population_size_change	phylter_k_050	N425	10X_up
1	1349	0	150	0.1	1.0	population_size_change	phylter_k_050	N425	10X_up
2	1348	0	150	0.1	1.0	population_size_change	phylter_k_020	N425	10X_up
852	498	97	53	0.1	1.0	population_size_change	phylter_k_050	N425	10X_up
1333	17	146	4	0.1	1.0	population_size_change	phylter_k_155	N425	10X_up
1350	0	150	0	0.1	1.0	population_size_change	phylter_k_300	N425	10X_up
1349	1	150	0	0.1	1.0	population_size_change	phylter_k_300	N425	10X_up
1349	1	150	0	0.1	1.0	population_size_change	phylter_k_300	N425	10X_up
2	1348	0	150	0.1	1.0	population_size_change	phylter_k_020	N425	10X_up
1333	17	146	4	0.1	1.0	population_size_change	phylter_k_155	N425	10X_up
1231	119	128	22	0.1	1.0	population_size_change	phylter_k_020	N425	10X_up
1339	11	150	0	0.1	1.0	population_size_change	phylter_k_155	N425	10X_up
1109	91	269	31	0.2	1.0	population_size_change	phylter_k_020	N238	10X_up
1191	9	299	1	0.2	1.0	population_size_change	phylter_k_155	N238	10X_up
1199	1	300	0	0.2	1.0	population_size_change	phylter_k_300	N238	10X_up
0	1200	0	300	0.2	1.0	population_size_change	phylter_k_050	N238	10X_up
1174	26	289	11	0.2	1.0	population_size_change	phylter_k_155	N238	10X_up
1170	30	287	13	0.2	1.0	population_size_change	phylter_k_155	N238	10X_up
1200	0	300	0	0.2	1.0	population_size_change	phylter_k_300	N238	10X_up
1076	124	265	35	0.2	1.0	population_size_change	phylter_k_050	N238	10X_up
0	1200	0	300	0.2	1.0	population_size_change	phylter_k_020	N238	10X_up
1	1199	0	300	0.2	1.0	population_size_change	phylter_k_020	N238	10X_up
0	1200	0	300	0.2	1.0	population_size_change	phylter_k_050	N238	10X_up
1199	1	300	0	0.2	1.0	population_size_change	phylter_k_300	N238	10X_up
1120	5	372	3	0.25	1.0	population_size_change	phylter_k_155	N118	10X_up
1113	12	372	3	0.25	1.0	population_size_change	phylter_k_155	N118	10X_up
1087	38	355	20	0.25	1.0	population_size_change	phylter_k_020	N118	10X_up
0	1125	0	375	0.25	1.0	population_size_change	phylter_k_050	N118	10X_up
0	1125	0	375	0.25	1.0	population_size_change	phylter_k_050	N118	10X_up
0	1125	0	375	0.25	1.0	population_size_change	phylter_k_020	N118	10X_up
820	305	275	100	0.25	1.0	population_size_change	phylter_k_050	N118	10X_up
1125	0	375	0	0.25	1.0	population_size_change	phylter_k_300	N118	10X_up
0	1125	0	375	0.25	1.0	population_size_change	phylter_k_020	N118	10X_up
1125	0	375	0	0.25	1.0	population_size_change	phylter_k_300	N118	10X_up
1125	0	375	0	0.25	1.0	population_size_change	phylter_k_300	N118	10X_up
1104	21	365	10	0.25	1.0	population_size_change	phylter_k_155	N118	10X_up
16	1109	4	371	0.25	1.0	population_size_change	phylter_k_050	N554	10X_up
16	1109	4	371	0.25	1.0	population_size_change	phylter_k_050	N554	10X_up
68	1057	14	361	0.25	1.0	population_size_change	phylter_k_020	N554	10X_up
930	195	290	85	0.25	1.0	population_size_change	phylter_k_050	N554	10X_up
1107	18	362	13	0.25	1.0	population_size_change	phylter_k_155	N554	10X_up
1125	0	375	0	0.25	1.0	population_size_change	phylter_k_300	N554	10X_up
1123	2	372	3	0.25	1.0	population_size_change	phylter_k_300	N554	10X_up
1123	2	372	3	0.25	1.0	population_size_change	phylter_k_300	N554	10X_up
68	1057	14	361	0.25	1.0	population_size_change	phylter_k_020	N554	10X_up
1107	18	362	13	0.25	1.0	population_size_change	phylter_k_155	N554	10X_up
1091	34	358	17	0.25	1.0	population_size_change	phylter_k_020	N554	10X_up
1119	6	373	2	0.25	1.0	population_size_change	phylter_k_155	N554	10X_up
1254	21	218	7	0.15	1.0	population_size_change	phylter_k_155	N620	10X_up
1251	24	212	13	0.15	1.0	population_size_change	phylter_k_155	N620	10X_up
0	1275	0	225	0.15	1.0	population_size_change	phylter_k_050	N620	10X_up
1219	56	212	13	0.15	1.0	population_size_change	phylter_k_020	N620	10X_up
0	1275	0	225	0.15	1.0	population_size_change	phylter_k_020	N620	10X_up
1272	3	222	3	0.15	1.0	population_size_change	phylter_k_300	N620	10X_up
0	1275	0	225	0.15	1.0	population_size_change	phylter_k_020	N620	10X_up
1266	9	224	1	0.15	1.0	population_size_change	phylter_k_155	N620	10X_up
1272	3	223	2	0.15	1.0	population_size_change	phylter_k_300	N620	10X_up
1125	150	201	24	0.15	1.0	population_size_change	phylter_k_050	N620	10X_up
0	1275	0	225	0.15	1.0	population_size_change	phylter_k_050	N620	10X_up
1275	0	225	0	0.15	1.0	population_size_change	phylter_k_300	N620	10X_up
1465	5	29	1	0.02	1.0	population_size_change	phylter_k_300	N707	10X_down
1469	1	30	0	0.02	1.0	population_size_change	phylter_k_300	N707	10X_down
1367	103	24	6	0.02	1.0	population_size_change	phylter_k_050	N707	10X_down
1418	52	27	3	0.02	1.0	population_size_change	phylter_k_155	N707	10X_down
0	1470	0	30	0.02	1.0	population_size_change	phylter_k_020	N707	10X_down
1465	5	29	1	0.02	1.0	population_size_change	phylter_k_300	N707	10X_down
1357	113	23	7	0.02	1.0	population_size_change	phylter_k_020	N707	10X_down
0	1470	0	30	0.02	1.0	population_size_change	phylter_k_020	N707	10X_down
1431	39	29	1	0.02	1.0	population_size_change	phylter_k_155	N707	10X_down
0	1470	0	30	0.02	1.0	population_size_change	phylter_k_050	N707	10X_down
1424	46	27	3	0.02	1.0	population_size_change	phylter_k_155	N707	10X_down
0	1470	0	30	0.02	1.0	population_size_change	phylter_k_050	N707	10X_down
1323	27	146	4	0.1	1.0	population_size_change	phylter_k_155	N573	10X_down
0	1350	0	150	0.1	1.0	population_size_change	phylter_k_050	N573	10X_down
1349	1	150	0	0.1	1.0	population_size_change	phylter_k_300	N573	10X_down
1197	153	115	35	0.1	1.0	population_size_change	phylter_k_050	N573	10X_down
0	1350	0	150	0.1	1.0	population_size_change	phylter_k_020	N573	10X_down
1345	5	148	2	0.1	1.0	population_size_change	phylter_k_300	N573	10X_down
1328	22	146	4	0.1	1.0	population_size_change	phylter_k_155	N573	10X_down
0	1350	0	150	0.1	1.0	population_size_change	phylter_k_020	N573	10X_down
1262	88	129	21	0.1	1.0	population_size_change	phylter_k_020	N573	10X_down
1346	4	148	2	0.1	1.0	population_size_change	phylter_k_300	N573	10X_down
1336	14	150	0	0.1	1.0	population_size_change	phylter_k_155	N573	10X_down
0	1350	0	150	0.1	1.0	population_size_change	phylter_k_050	N573	10X_down
1252	23	213	12	0.15	1.0	population_size_change	phylter_k_155	N615	10X_down
1268	7	223	2	0.15	1.0	population_size_change	phylter_k_155	N615	10X_down
1271	4	222	3	0.15	1.0	population_size_change	phylter_k_300	N615	10X_down
1271	4	223	2	0.15	1.0	population_size_change	phylter_k_300	N615	10X_down
1217	58	203	22	0.15	1.0	population_size_change	phylter_k_020	N615	10X_down
0	1275	0	225	0.15	1.0	population_size_change	phylter_k_020	N615	10X_down
1253	22	214	11	0.15	1.0	population_size_change	phylter_k_155	N615	10X_down
0	1275	0	225	0.15	1.0	population_size_change	phylter_k_050	N615	10X_down
1274	1	225	0	0.15	1.0	population_size_change	phylter_k_300	N615	10X_down
946	329	161	64	0.15	1.0	population_size_change	phylter_k_050	N615	10X_down
0	1275	0	225	0.15	1.0	population_size_change	phylter_k_050	N615	10X_down
2	1273	0	225	0.15	1.0	population_size_change	phylter_k_020	N615	10X_down
1020	105	338	37	0.25	1.0	population_size_change	phylter_k_020	N109	10X_down
1100	25	366	9	0.25	1.0	population_size_change	phylter_k_155	N109	10X_down
1119	6	375	0	0.25	1.0	population_size_change	phylter_k_155	N109	10X_down
0	1125	0	375	0.25	1.0	population_size_change	phylter_k_020	N109	10X_down
1125	0	375	0	0.25	1.0	population_size_change	phylter_k_300	N109	10X_down
1125	0	375	0	0.25	1.0	population_size_change	phylter_k_300	N109	10X_down
1100	25	366	9	0.25	1.0	population_size_change	phylter_k_155	N109	10X_down
1125	0	375	0	0.25	1.0	population_size_change	phylter_k_300	N109	10X_down
1016	109	325	50	0.25	1.0	population_size_change	phylter_k_050	N109	10X_down
0	1125	0	375	0.25	1.0	population_size_change	phylter_k_020	N109	10X_down
1	1124	0	375	0.25	1.0	population_size_change	phylter_k_050	N109	10X_down
1	1124	0	375	0.25	1.0	population_size_change	phylter_k_050	N109	10X_down
1467	3	29	1	0.02	1.0	population_size_change	phylter_k_300	N497	10X_up
1428	42	30	0	0.02	1.0	population_size_change	phylter_k_155	N497	10X_up
0	1470	0	30	0.02	1.0	population_size_change	phylter_k_020	N497	10X_up
1466	4	28	2	0.02	1.0	population_size_change	phylter_k_300	N497	10X_up
1346	124	25	5	0.02	1.0	population_size_change	phylter_k_020	N497	10X_up
1420	50	26	4	0.02	1.0	population_size_change	phylter_k_155	N497	10X_up
1469	1	30	0	0.02	1.0	population_size_change	phylter_k_300	N497	10X_up
0	1470	0	30	0.02	1.0	population_size_change	phylter_k_050	N497	10X_up
1166	304	24	6	0.02	1.0	population_size_change	phylter_k_050	N497	10X_up
0	1470	0	30	0.02	1.0	population_size_change	phylter_k_050	N497	10X_up
2	1468	0	30	0.02	1.0	population_size_change	phylter_k_020	N497	10X_up
1423	47	27	3	0.02	1.0	population_size_change	phylter_k_155	N497	10X_up
1189	11	296	4	0.2	1.0	population_size_change	phylter_k_155	N425	10X_up
8	1192	2	298	0.2	1.0	population_size_change	phylter_k_020	N425	10X_up
850	350	201	99	0.2	1.0	population_size_change	phylter_k_050	N425	10X_up
1200	0	300	0	0.2	1.0	population_size_change	phylter_k_300	N425	10X_up
1199	1	300	0	0.2	1.0	population_size_change	phylter_k_300	N425	10X_up
1199	1	300	0	0.2	1.0	population_size_change	phylter_k_300	N425	10X_up
1189	11	296	4	0.2	1.0	population_size_change	phylter_k_155	N425	10X_up
8	1192	2	298	0.2	1.0	population_size_change	phylter_k_020	N425	10X_up
1193	7	299	1	0.2	1.0	population_size_change	phylter_k_155	N425	10X_up
0	1200	0	300	0.2	1.0	population_size_change	phylter_k_050	N425	10X_up
0	1200	0	300	0.2	1.0	population_size_change	phylter_k_050	N425	10X_up
1115	85	276	24	0.2	1.0	population_size_change	phylter_k_020	N425	10X_up
1275	0	225	0	0.15	1.0	population_size_change	phylter_k_300	N118	10X_up
1014	261	178	47	0.15	1.0	population_size_change	phylter_k_020	N118	10X_up
0	1275	0	225	0.15	1.0	population_size_change	phylter_k_050	N118	10X_up
1266	9	223	2	0.15	1.0	population_size_change	phylter_k_155	N118	10X_up
0	1275	0	225	0.15	1.0	population_size_change	phylter_k_020	N118	10X_up
0	1275	0	225	0.15	1.0	population_size_change	phylter_k_050	N118	10X_up
1103	172	186	39	0.15	1.0	population_size_change	phylter_k_050	N118	10X_up
0	1275	0	225	0.15	1.0	population_size_change	phylter_k_020	N118	10X_up
1275	0	225	0	0.15	1.0	population_size_change	phylter_k_300	N118	10X_up
1275	0	225	0	0.15	1.0	population_size_change	phylter_k_300	N118	10X_up
1243	32	220	5	0.15	1.0	population_size_change	phylter_k_155	N118	10X_up
1255	20	223	2	0.15	1.0	population_size_change	phylter_k_155	N118	10X_up
1349	1	150	0	0.1	1.0	population_size_change	phylter_k_300	N238	10X_up
0	1350	0	150	0.1	1.0	population_size_change	phylter_k_050	N238	10X_up
866	484	92	58	0.1	1.0	population_size_change	phylter_k_050	N238	10X_up
1348	2	150	0	0.1	1.0	population_size_change	phylter_k_300	N238	10X_up
1340	10	149	1	0.1	1.0	population_size_change	phylter_k_155	N238	10X_up
1348	2	150	0	0.1	1.0	population_size_change	phylter_k_300	N238	10X_up
0	1350	0	150	0.1	1.0	population_size_change	phylter_k_020	N238	10X_up
0	1350	0	150	0.1	1.0	population_size_change	phylter_k_050	N238	10X_up
1263	87	134	16	0.1	1.0	population_size_change	phylter_k_020	N238	10X_up
0	1350	0	150	0.1	1.0	population_size_change	phylter_k_020	N238	10X_up
1320	30	141	9	0.1	1.0	population_size_change	phylter_k_155	N238	10X_up
1315	35	141	9	0.1	1.0	population_size_change	phylter_k_155	N238	10X_up
1424	1	75	0	0.05	1.0	population_size_change	phylter_k_300	N109	10X_down
1228	197	64	11	0.05	1.0	population_size_change	phylter_k_050	N109	10X_down
1	1424	0	75	0.05	1.0	population_size_change	phylter_k_050	N109	10X_down
1424	1	75	0	0.05	1.0	population_size_change	phylter_k_300	N109	10X_down
1358	67	68	7	0.05	1.0	population_size_change	phylter_k_155	N109	10X_down
1358	67	68	7	0.05	1.0	population_size_change	phylter_k_155	N109	10X_down
0	1425	0	75	0.05	1.0	population_size_change	phylter_k_020	N109	10X_down
1385	40	72	3	0.05	1.0	population_size_change	phylter_k_155	N109	10X_down
0	1425	0	75	0.05	1.0	population_size_change	phylter_k_020	N109	10X_down
1424	1	75	0	0.05	1.0	population_size_change	phylter_k_300	N109	10X_down
1293	132	65	10	0.05	1.0	population_size_change	phylter_k_020	N109	10X_down
1	1424	0	75	0.05	1.0	population_size_change	phylter_k_050	N109	10X_down
1275	0	225	0	0.15	1.0	population_size_change	phylter_k_300	N473	10X_down
3	1272	0	225	0.15	1.0	population_size_change	phylter_k_050	N473	10X_down
3	1272	0	225	0.15	1.0	population_size_change	phylter_k_050	N473	10X_down
1119	156	199	26	0.15	1.0	population_size_change	phylter_k_050	N473	10X_down
5	1270	0	225	0.15	1.0	population_size_change	phylter_k_020	N473	10X_down
1249	26	215	10	0.15	1.0	population_size_change	phylter_k_155	N473	10X_down
1273	2	222	3	0.15	1.0	population_size_change	phylter_k_300	N473	10X_down
1260	15	224	1	0.15	1.0	population_size_change	phylter_k_155	N473	10X_down
1273	2	222	3	0.15	1.0	population_size_change	phylter_k_300	N473	10X_down
5	1270	0	225	0.15	1.0	population_size_change	phylter_k_020	N473	10X_down
1177	98	199	26	0.15	1.0	population_size_change	phylter_k_020	N473	10X_down
1249	26	215	10	0.15	1.0	population_size_change	phylter_k_155	N473	10X_down
1325	25	142	8	0.1	1.0	population_size_change	phylter_k_155	N274	10X_down
0	1350	0	150	0.1	1.0	population_size_change	phylter_k_050	N274	10X_down
0	1350	0	150	0.1	1.0	population_size_change	phylter_k_020	N274	10X_down
1349	1	150	0	0.1	1.0	population_size_change	phylter_k_300	N274	10X_down
1084	266	109	41	0.1	1.0	population_size_change	phylter_k_050	N274	10X_down
1349	1	150	0	0.1	1.0	population_size_change	phylter_k_300	N274	10X_down
0	1350	0	150	0.1	1.0	population_size_change	phylter_k_020	N274	10X_down
1334	16	145	5	0.1	1.0	population_size_change	phylter_k_155	N274	10X_down
1243	107	123	27	0.1	1.0	population_size_change	phylter_k_020	N274	10X_down
1349	1	150	0	0.1	1.0	population_size_change	phylter_k_300	N274	10X_down
1340	10	148	2	0.1	1.0	population_size_change	phylter_k_155	N274	10X_down
0	1350	0	150	0.1	1.0	population_size_change	phylter_k_050	N274	10X_down
1275	0	225	0	0.15	1.0	population_size_change	phylter_k_300	N617	10X_up
1250	25	214	11	0.15	1.0	population_size_change	phylter_k_155	N617	10X_up
1179	96	207	18	0.15	1.0	population_size_change	phylter_k_050	N617	10X_up
1272	3	221	4	0.15	1.0	population_size_change	phylter_k_300	N617	10X_up
1272	3	221	4	0.15	1.0	population_size_change	phylter_k_300	N617	10X_up
0	1275	0	225	0.15	1.0	population_size_change	phylter_k_020	N617	10X_up
1266	9	222	3	0.15	1.0	population_size_change	phylter_k_155	N617	10X_up
1202	73	214	11	0.15	1.0	population_size_change	phylter_k_020	N617	10X_up
1256	19	216	9	0.15	1.0	population_size_change	phylter_k_155	N617	10X_up
0	1275	0	225	0.15	1.0	population_size_change	phylter_k_050	N617	10X_up
0	1275	0	225	0.15	1.0	population_size_change	phylter_k_050	N617	10X_up
0	1275	0	225	0.15	1.0	population_size_change	phylter_k_020	N617	10X_up
1339	11	148	2	0.1	1.0	population_size_change	phylter_k_155	N679	10X_up
1345	5	148	2	0.1	1.0	population_size_change	phylter_k_300	N679	10X_up
0	1350	0	150	0.1	1.0	population_size_change	phylter_k_020	N679	10X_up
1124	226	128	22	0.1	1.0	population_size_change	phylter_k_020	N679	10X_up
1322	28	137	13	0.1	1.0	population_size_change	phylter_k_155	N679	10X_up
1346	4	148	2	0.1	1.0	population_size_change	phylter_k_300	N679	10X_up
1243	107	134	16	0.1	1.0	population_size_change	phylter_k_050	N679	10X_up
221	1129	18	132	0.1	1.0	population_size_change	phylter_k_050	N679	10X_up
1350	0	150	0	0.1	1.0	population_size_change	phylter_k_300	N679	10X_up
1328	22	141	9	0.1	1.0	population_size_change	phylter_k_155	N679	10X_up
565	785	53	97	0.1	1.0	population_size_change	phylter_k_050	N679	10X_up
0	1350	0	150	0.1	1.0	population_size_change	phylter_k_020	N679	10X_up
1125	0	375	0	0.25	1.0	population_size_change	phylter_k_300	N119	10X_down
1125	0	375	0	0.25	1.0	population_size_change	phylter_k_300	N119	10X_down
717	408	236	139	0.25	1.0	population_size_change	phylter_k_050	N119	10X_down
1105	20	369	6	0.25	1.0	population_size_change	phylter_k_155	N119	10X_down
0	1125	0	375	0.25	1.0	population_size_change	phylter_k_020	N119	10X_down
1125	0	374	1	0.25	1.0	population_size_change	phylter_k_300	N119	10X_down
1118	7	374	1	0.25	1.0	population_size_change	phylter_k_155	N119	10X_down
0	1125	0	375	0.25	1.0	population_size_change	phylter_k_050	N119	10X_down
1065	60	348	27	0.25	1.0	population_size_change	phylter_k_020	N119	10X_down
0	1125	0	375	0.25	1.0	population_size_change	phylter_k_020	N119	10X_down
0	1125	0	375	0.25	1.0	population_size_change	phylter_k_050	N119	10X_down
1116	9	371	4	0.25	1.0	population_size_change	phylter_k_155	N119	10X_down
1433	37	30	0	0.02	1.0	population_size_change	phylter_k_155	N276	10X_down
1415	55	30	0	0.02	1.0	population_size_change	phylter_k_155	N276	10X_down
1469	1	30	0	0.02	1.0	population_size_change	phylter_k_300	N276	10X_down
1348	122	26	4	0.02	1.0	population_size_change	phylter_k_020	N276	10X_down
1468	2	30	0	0.02	1.0	population_size_change	phylter_k_300	N276	10X_down
0	1470	0	30	0.02	1.0	population_size_change	phylter_k_020	N276	10X_down
1469	1	30	0	0.02	1.0	population_size_change	phylter_k_300	N276	10X_down
0	1470	0	30	0.02	1.0	population_size_change	phylter_k_050	N276	10X_down
1214	256	24	6	0.02	1.0	population_size_change	phylter_k_050	N276	10X_down
0	1470	0	30	0.02	1.0	population_size_change	phylter_k_020	N276	10X_down
0	1470	0	30	0.02	1.0	population_size_change	phylter_k_050	N276	10X_down
1430	40	30	0	0.02	1.0	population_size_change	phylter_k_155	N276	10X_down
1391	34	71	4	0.05	1.0	population_size_change	phylter_k_155	N574	10X_down
1420	5	73	2	0.05	1.0	population_size_change	phylter_k_300	N574	10X_down
1412	13	74	1	0.05	1.0	population_size_change	phylter_k_155	N574	10X_down
1303	122	68	7	0.05	1.0	population_size_change	phylter_k_020	N574	10X_down
1420	5	73	2	0.05	1.0	population_size_change	phylter_k_300	N574	10X_down
0	1425	0	75	0.05	1.0	population_size_change	phylter_k_020	N574	10X_down
1255	170	65	10	0.05	1.0	population_size_change	phylter_k_050	N574	10X_down
0	1425	0	75	0.05	1.0	population_size_change	phylter_k_050	N574	10X_down
1424	1	75	0	0.05	1.0	population_size_change	phylter_k_300	N574	10X_down
1	1424	0	75	0.05	1.0	population_size_change	phylter_k_020	N574	10X_down
0	1425	0	75	0.05	1.0	population_size_change	phylter_k_050	N574	10X_down
1404	21	72	3	0.05	1.0	population_size_change	phylter_k_155	N574	10X_down
1272	153	64	11	0.05	1.0	population_size_change	phylter_k_050	N679	10X_down
1424	1	74	1	0.05	1.0	population_size_change	phylter_k_300	N679	10X_down
1370	55	71	4	0.05	1.0	population_size_change	phylter_k_155	N679	10X_down
1420	5	72	3	0.05	1.0	population_size_change	phylter_k_300	N679	10X_down
1421	4	72	3	0.05	1.0	population_size_change	phylter_k_300	N679	10X_down
7	1418	0	75	0.05	1.0	population_size_change	phylter_k_020	N679	10X_down
1388	37	74	1	0.05	1.0	population_size_change	phylter_k_155	N679	10X_down
1374	51	71	4	0.05	1.0	population_size_change	phylter_k_155	N679	10X_down
1317	108	65	10	0.05	1.0	population_size_change	phylter_k_020	N679	10X_down
677	748	31	44	0.05	1.0	population_size_change	phylter_k_050	N679	10X_down
290	1135	10	65	0.05	1.0	population_size_change	phylter_k_050	N679	10X_down
28	1397	0	75	0.05	1.0	population_size_change	phylter_k_020	N679	10X_down
1253	22	215	10	0.15	1.0	population_size_change	phylter_k_155	N554	10X_up
1253	22	215	10	0.15	1.0	population_size_change	phylter_k_155	N554	10X_up
10	1265	2	223	0.15	1.0	population_size_change	phylter_k_050	N554	10X_up
13	1262	2	223	0.15	1.0	population_size_change	phylter_k_020	N554	10X_up
1273	2	223	2	0.15	1.0	population_size_change	phylter_k_300	N554	10X_up
1275	0	225	0	0.15	1.0	population_size_change	phylter_k_300	N554	10X_up
13	1262	2	223	0.15	1.0	population_size_change	phylter_k_020	N554	10X_up
1116	159	189	36	0.15	1.0	population_size_change	phylter_k_050	N554	10X_up
1273	2	223	2	0.15	1.0	population_size_change	phylter_k_300	N554	10X_up
1214	61	203	22	0.15	1.0	population_size_change	phylter_k_020	N554	10X_up
1265	10	224	1	0.15	1.0	population_size_change	phylter_k_155	N554	10X_up
10	1265	2	223	0.15	1.0	population_size_change	phylter_k_050	N554	10X_up
0	1125	0	375	0.25	1.0	population_size_change	phylter_k_050	N620	10X_up
0	1125	0	375	0.25	1.0	population_size_change	phylter_k_050	N620	10X_up
0	1125	0	375	0.25	1.0	population_size_change	phylter_k_020	N620	10X_up
973	152	320	55	0.25	1.0	population_size_change	phylter_k_020	N620	10X_up
1119	6	374	1	0.25	1.0	population_size_change	phylter_k_155	N620	10X_up
1109	16	367	8	0.25	1.0	population_size_change	phylter_k_155	N620	10X_up
1122	3	371	4	0.25	1.0	population_size_change	phylter_k_300	N620	10X_up
1122	3	370	5	0.25	1.0	population_size_change	phylter_k_300	N620	10X_up
0	1125	0	375	0.25	1.0	population_size_change	phylter_k_020	N620	10X_up
1105	20	358	17	0.25	1.0	population_size_change	phylter_k_155	N620	10X_up
1125	0	375	0	0.25	1.0	population_size_change	phylter_k_300	N620	10X_up
871	254	296	79	0.25	1.0	population_size_change	phylter_k_050	N620	10X_up
1349	1	150	0	0.1	1.0	population_size_change	phylter_k_300	N651	10X_down
1345	5	148	2	0.1	1.0	population_size_change	phylter_k_300	N651	10X_down
1162	188	121	29	0.1	1.0	population_size_change	phylter_k_050	N651	10X_down
482	868	42	108	0.1	1.0	population_size_change	phylter_k_050	N651	10X_down
1339	11	148	2	0.1	1.0	population_size_change	phylter_k_155	N651	10X_down
482	868	42	108	0.1	1.0	population_size_change	phylter_k_050	N651	10X_down
627	723	64	86	0.1	1.0	population_size_change	phylter_k_020	N651	10X_down
1248	102	125	25	0.1	1.0	population_size_change	phylter_k_020	N651	10X_down
1330	20	142	8	0.1	1.0	population_size_change	phylter_k_155	N651	10X_down
627	723	64	86	0.1	1.0	population_size_change	phylter_k_020	N651	10X_down
1345	5	148	2	0.1	1.0	population_size_change	phylter_k_300	N651	10X_down
1330	20	142	8	0.1	1.0	population_size_change	phylter_k_155	N651	10X_down
1424	1	75	0	0.05	1.0	population_size_change	phylter_k_300	N716	10X_up
1346	79	62	13	0.05	1.0	population_size_change	phylter_k_050	N716	10X_up
1422	3	74	1	0.05	1.0	population_size_change	phylter_k_300	N716	10X_up
0	1425	0	75	0.05	1.0	population_size_change	phylter_k_050	N716	10X_up
1405	20	71	4	0.05	1.0	population_size_change	phylter_k_155	N716	10X_up
1408	17	72	3	0.05	1.0	population_size_change	phylter_k_155	N716	10X_up
1412	13	75	0	0.05	1.0	population_size_change	phylter_k_155	N716	10X_up
0	1425	0	75	0.05	1.0	population_size_change	phylter_k_050	N716	10X_up
0	1425	0	75	0.05	1.0	population_size_change	phylter_k_020	N716	10X_up
1420	5	73	2	0.05	1.0	population_size_change	phylter_k_300	N716	10X_up
1324	101	67	8	0.05	1.0	population_size_change	phylter_k_020	N716	10X_up
0	1425	0	75	0.05	1.0	population_size_change	phylter_k_020	N716	10X_up
1424	1	75	0	0.05	1.0	population_size_change	phylter_k_300	N119	10X_down
0	1425	0	75	0.05	1.0	population_size_change	phylter_k_050	N119	10X_down
1300	125	67	8	0.05	1.0	population_size_change	phylter_k_020	N119	10X_down
1399	26	75	0	0.05	1.0	population_size_change	phylter_k_155	N119	10X_down
0	1425	0	75	0.05	1.0	population_size_change	phylter_k_050	N119	10X_down
1377	48	74	1	0.05	1.0	population_size_change	phylter_k_155	N119	10X_down
0	1425	0	75	0.05	1.0	population_size_change	phylter_k_020	N119	10X_down
1424	1	75	0	0.05	1.0	population_size_change	phylter_k_300	N119	10X_down
0	1425	0	75	0.05	1.0	population_size_change	phylter_k_020	N119	10X_down
1424	1	75	0	0.05	1.0	population_size_change	phylter_k_300	N119	10X_down
1392	33	74	1	0.05	1.0	population_size_change	phylter_k_155	N119	10X_down
1284	141	70	5	0.05	1.0	population_size_change	phylter_k_050	N119	10X_down
0	1470	0	30	0.02	1.0	population_size_change	phylter_k_050	N714	10X_up
1466	4	29	1	0.02	1.0	population_size_change	phylter_k_300	N714	10X_up
1217	253	23	7	0.02	1.0	population_size_change	phylter_k_050	N714	10X_up
1469	1	30	0	0.02	1.0	population_size_change	phylter_k_300	N714	10X_up
1432	38	24	6	0.02	1.0	population_size_change	phylter_k_155	N714	10X_up
1435	35	26	4	0.02	1.0	population_size_change	phylter_k_155	N714	10X_up
1465	5	28	2	0.02	1.0	population_size_change	phylter_k_300	N714	10X_up
0	1470	0	30	0.02	1.0	population_size_change	phylter_k_050	N714	10X_up
1334	136	24	6	0.02	1.0	population_size_change	phylter_k_020	N714	10X_up
0	1470	0	30	0.02	1.0	population_size_change	phylter_k_020	N714	10X_up
0	1470	0	30	0.02	1.0	population_size_change	phylter_k_020	N714	10X_up
1439	31	29	1	0.02	1.0	population_size_change	phylter_k_155	N714	10X_up
1	1124	1	374	0.25	1.0	population_size_change	phylter_k_020	N574	10X_down
0	1125	0	375	0.25	1.0	population_size_change	phylter_k_050	N574	10X_down
1124	1	375	0	0.25	1.0	population_size_change	phylter_k_300	N574	10X_down
0	1125	0	375	0.25	1.0	population_size_change	phylter_k_050	N574	10X_down
1112	13	361	14	0.25	1.0	population_size_change	phylter_k_155	N574	10X_down
1065	60	332	43	0.25	1.0	population_size_change	phylter_k_050	N574	10X_down
1108	17	354	21	0.25	1.0	population_size_change	phylter_k_155	N574	10X_down
1124	1	371	4	0.25	1.0	population_size_change	phylter_k_300	N574	10X_down
1113	12	371	4	0.25	1.0	population_size_change	phylter_k_155	N574	10X_down
1124	1	369	6	0.25	1.0	population_size_change	phylter_k_300	N574	10X_down
0	1125	0	375	0.25	1.0	population_size_change	phylter_k_020	N574	10X_down
1079	46	346	29	0.25	1.0	population_size_change	phylter_k_020	N574	10X_down
1311	39	142	8	0.1	1.0	population_size_change	phylter_k_155	N460	10X_down
1349	1	150	0	0.1	1.0	population_size_change	phylter_k_300	N460	10X_down
1	1349	1	149	0.1	1.0	population_size_change	phylter_k_050	N460	10X_down
1234	116	126	24	0.1	1.0	population_size_change	phylter_k_020	N460	10X_down
1230	120	131	19	0.1	1.0	population_size_change	phylter_k_050	N460	10X_down
6	1344	1	149	0.1	1.0	population_size_change	phylter_k_050	N460	10X_down
1349	1	150	0	0.1	1.0	population_size_change	phylter_k_300	N460	10X_down
247	1103	15	135	0.1	1.0	population_size_change	phylter_k_020	N460	10X_down
1349	1	150	0	0.1	1.0	population_size_change	phylter_k_300	N460	10X_down
419	931	34	116	0.1	1.0	population_size_change	phylter_k_020	N460	10X_down
1306	44	139	11	0.1	1.0	population_size_change	phylter_k_155	N460	10X_down
1305	45	139	11	0.1	1.0	population_size_change	phylter_k_155	N460	10X_down
1118	7	374	1	0.25	1.0	population_size_change	phylter_k_155	N679	10X_down
1121	4	370	5	0.25	1.0	population_size_change	phylter_k_300	N679	10X_down
36	1089	7	368	0.25	1.0	population_size_change	phylter_k_020	N679	10X_down
1069	56	342	33	0.25	1.0	population_size_change	phylter_k_020	N679	10X_down
7	1118	2	373	0.25	1.0	population_size_change	phylter_k_020	N679	10X_down
183	942	49	326	0.25	1.0	population_size_change	phylter_k_050	N679	10X_down
1107	18	364	11	0.25	1.0	population_size_change	phylter_k_155	N679	10X_down
1105	20	359	16	0.25	1.0	population_size_change	phylter_k_155	N679	10X_down
1125	0	375	0	0.25	1.0	population_size_change	phylter_k_300	N679	10X_down
16	1109	4	371	0.25	1.0	population_size_change	phylter_k_050	N679	10X_down
1025	100	328	47	0.25	1.0	population_size_change	phylter_k_050	N679	10X_down
1121	4	370	5	0.25	1.0	population_size_change	phylter_k_300	N679	10X_down
0	1470	0	30	0.02	1.0	population_size_change	phylter_k_050	N343	10X_down
1421	49	26	4	0.02	1.0	population_size_change	phylter_k_155	N343	10X_down
1469	1	30	0	0.02	1.0	population_size_change	phylter_k_300	N343	10X_down
1287	183	21	9	0.02	1.0	population_size_change	phylter_k_050	N343	10X_down
0	1470	0	30	0.02	1.0	population_size_change	phylter_k_050	N343	10X_down
1	1469	0	30	0.02	1.0	population_size_change	phylter_k_020	N343	10X_down
1351	119	23	7	0.02	1.0	population_size_change	phylter_k_020	N343	10X_down
1466	4	29	1	0.02	1.0	population_size_change	phylter_k_300	N343	10X_down
1433	37	30	0	0.02	1.0	population_size_change	phylter_k_155	N343	10X_down
0	1470	0	30	0.02	1.0	population_size_change	phylter_k_020	N343	10X_down
1415	55	26	4	0.02	1.0	population_size_change	phylter_k_155	N343	10X_down
1468	2	30	0	0.02	1.0	population_size_change	phylter_k_300	N343	10X_down
1376	94	27	3	0.02	1.0	population_size_change	phylter_k_155	N299	10X_down
1469	1	30	0	0.02	1.0	population_size_change	phylter_k_300	N299	10X_down
0	1470	0	30	0.02	1.0	population_size_change	phylter_k_020	N299	10X_down
1220	250	18	12	0.02	1.0	population_size_change	phylter_k_050	N299	10X_down
1469	1	30	0	0.02	1.0	population_size_change	phylter_k_300	N299	10X_down
1467	3	30	0	0.02	1.0	population_size_change	phylter_k_300	N299	10X_down
1406	64	27	3	0.02	1.0	population_size_change	phylter_k_155	N299	10X_down
1431	39	28	2	0.02	1.0	population_size_change	phylter_k_155	N299	10X_down
0	1470	0	30	0.02	1.0	population_size_change	phylter_k_020	N299	10X_down
1318	152	23	7	0.02	1.0	population_size_change	phylter_k_020	N299	10X_down
0	1470	0	30	0.02	1.0	population_size_change	phylter_k_050	N299	10X_down
0	1470	0	30	0.02	1.0	population_size_change	phylter_k_050	N299	10X_down
1200	0	300	0	0.2	1.0	population_size_change	phylter_k_300	N717	10X_down
0	1200	0	300	0.2	1.0	population_size_change	phylter_k_050	N717	10X_down
891	309	227	73	0.2	1.0	population_size_change	phylter_k_050	N717	10X_down
0	1200	0	300	0.2	1.0	population_size_change	phylter_k_050	N717	10X_down
0	1200	0	300	0.2	1.0	population_size_change	phylter_k_020	N717	10X_down
1186	14	288	12	0.2	1.0	population_size_change	phylter_k_155	N717	10X_down
1198	2	297	3	0.2	1.0	population_size_change	phylter_k_300	N717	10X_down
0	1200	0	300	0.2	1.0	population_size_change	phylter_k_020	N717	10X_down
1190	10	294	6	0.2	1.0	population_size_change	phylter_k_155	N717	10X_down
1123	77	269	31	0.2	1.0	population_size_change	phylter_k_020	N717	10X_down
1198	2	295	5	0.2	1.0	population_size_change	phylter_k_300	N717	10X_down
1185	15	285	15	0.2	1.0	population_size_change	phylter_k_155	N717	10X_down
1127	73	280	20	0.2	1.0	population_size_change	phylter_k_020	N228	10X_up
1199	1	300	0	0.2	1.0	population_size_change	phylter_k_300	N228	10X_up
0	1200	0	300	0.2	1.0	population_size_change	phylter_k_050	N228	10X_up
1187	13	299	1	0.2	1.0	population_size_change	phylter_k_155	N228	10X_up
1163	37	295	5	0.2	1.0	population_size_change	phylter_k_155	N228	10X_up
1163	37	295	5	0.2	1.0	population_size_change	phylter_k_155	N228	10X_up
2	1198	2	298	0.2	1.0	population_size_change	phylter_k_020	N228	10X_up
0	1200	0	300	0.2	1.0	population_size_change	phylter_k_050	N228	10X_up
2	1198	2	298	0.2	1.0	population_size_change	phylter_k_020	N228	10X_up
1200	0	300	0	0.2	1.0	population_size_change	phylter_k_300	N228	10X_up
846	354	210	90	0.2	1.0	population_size_change	phylter_k_050	N228	10X_up
1199	1	300	0	0.2	1.0	population_size_change	phylter_k_300	N228	10X_up
1169	31	293	7	0.2	1.0	population_size_change	phylter_k_155	N233	10X_up
1200	0	300	0	0.2	1.0	population_size_change	phylter_k_300	N233	10X_up
1097	103	264	36	0.2	1.0	population_size_change	phylter_k_050	N233	10X_up
0	1200	0	300	0.2	1.0	population_size_change	phylter_k_050	N233	10X_up
0	1200	0	300	0.2	1.0	population_size_change	phylter_k_020	N233	10X_up
0	1200	0	300	0.2	1.0	population_size_change	phylter_k_050	N233	10X_up
0	1200	0	300	0.2	1.0	population_size_change	phylter_k_020	N233	10X_up
1191	9	300	0	0.2	1.0	population_size_change	phylter_k_155	N233	10X_up
1045	155	257	43	0.2	1.0	population_size_change	phylter_k_020	N233	10X_up
1199	1	300	0	0.2	1.0	population_size_change	phylter_k_300	N233	10X_up
1199	1	300	0	0.2	1.0	population_size_change	phylter_k_300	N233	10X_up
1169	31	293	7	0.2	1.0	population_size_change	phylter_k_155	N233	10X_up
0	1350	0	150	0.1	1.0	population_size_change	phylter_k_050	N186	10X_down
1348	2	150	0	0.1	1.0	population_size_change	phylter_k_300	N186	10X_down
1210	140	124	26	0.1	1.0	population_size_change	phylter_k_050	N186	10X_down
1350	0	150	0	0.1	1.0	population_size_change	phylter_k_300	N186	10X_down
1348	2	150	0	0.1	1.0	population_size_change	phylter_k_300	N186	10X_down
1313	37	149	1	0.1	1.0	population_size_change	phylter_k_155	N186	10X_down
0	1350	0	150	0.1	1.0	population_size_change	phylter_k_020	N186	10X_down
1312	38	149	1	0.1	1.0	population_size_change	phylter_k_155	N186	10X_down
0	1350	0	150	0.1	1.0	population_size_change	phylter_k_020	N186	10X_down
1109	241	122	28	0.1	1.0	population_size_change	phylter_k_020	N186	10X_down
0	1350	0	150	0.1	1.0	population_size_change	phylter_k_050	N186	10X_down
1340	10	150	0	0.1	1.0	population_size_change	phylter_k_155	N186	10X_down
1420	50	30	0	0.02	1.0	population_size_change	phylter_k_155	N228	10X_down
1358	112	25	5	0.02	1.0	population_size_change	phylter_k_020	N228	10X_down
1387	83	29	1	0.02	1.0	population_size_change	phylter_k_155	N228	10X_down
2	1468	0	30	0.02	1.0	population_size_change	phylter_k_020	N228	10X_down
1468	2	30	0	0.02	1.0	population_size_change	phylter_k_300	N228	10X_down
1468	2	30	0	0.02	1.0	population_size_change	phylter_k_300	N228	10X_down
1469	1	30	0	0.02	1.0	population_size_change	phylter_k_300	N228	10X_down
1225	245	16	14	0.02	1.0	population_size_change	phylter_k_050	N228	10X_down
1387	83	29	1	0.02	1.0	population_size_change	phylter_k_155	N228	10X_down
0	1470	0	30	0.02	1.0	population_size_change	phylter_k_050	N228	10X_down
2	1468	0	30	0.02	1.0	population_size_change	phylter_k_020	N228	10X_down
0	1470	0	30	0.02	1.0	population_size_change	phylter_k_050	N228	10X_down
1384	86	27	3	0.02	1.0	population_size_change	phylter_k_155	N281	10X_up
1384	86	27	3	0.02	1.0	population_size_change	phylter_k_155	N281	10X_up
1469	1	30	0	0.02	1.0	population_size_change	phylter_k_300	N281	10X_up
1334	136	23	7	0.02	1.0	population_size_change	phylter_k_050	N281	10X_up
1	1469	0	30	0.02	1.0	population_size_change	phylter_k_020	N281	10X_up
1469	1	30	0	0.02	1.0	population_size_change	phylter_k_300	N281	10X_up
1	1469	0	30	0.02	1.0	population_size_change	phylter_k_020	N281	10X_up
0	1470	0	30	0.02	1.0	population_size_change	phylter_k_050	N281	10X_up
1369	101	26	4	0.02	1.0	population_size_change	phylter_k_020	N281	10X_up
1442	28	29	1	0.02	1.0	population_size_change	phylter_k_155	N281	10X_up
0	1470	0	30	0.02	1.0	population_size_change	phylter_k_050	N281	10X_up
1469	1	30	0	0.02	1.0	population_size_change	phylter_k_300	N281	10X_up
1212	63	205	20	0.15	1.0	population_size_change	phylter_k_020	N399	10X_up
1254	21	216	9	0.15	1.0	population_size_change	phylter_k_155	N399	10X_up
1262	13	222	3	0.15	1.0	population_size_change	phylter_k_155	N399	10X_up
1250	25	215	10	0.15	1.0	population_size_change	phylter_k_155	N399	10X_up
0	1275	0	225	0.15	1.0	population_size_change	phylter_k_020	N399	10X_up
0	1275	0	225	0.15	1.0	population_size_change	phylter_k_020	N399	10X_up
1272	3	223	2	0.15	1.0	population_size_change	phylter_k_300	N399	10X_up
0	1275	0	225	0.15	1.0	population_size_change	phylter_k_050	N399	10X_up
1274	1	225	0	0.15	1.0	population_size_change	phylter_k_300	N399	10X_up
1203	72	207	18	0.15	1.0	population_size_change	phylter_k_050	N399	10X_up
1273	2	223	2	0.15	1.0	population_size_change	phylter_k_300	N399	10X_up
0	1275	0	225	0.15	1.0	population_size_change	phylter_k_050	N399	10X_up
1196	4	295	5	0.2	1.0	population_size_change	phylter_k_300	N707	10X_down
0	1200	0	300	0.2	1.0	population_size_change	phylter_k_020	N707	10X_down
1180	20	289	11	0.2	1.0	population_size_change	phylter_k_155	N707	10X_down
1200	0	300	0	0.2	1.0	population_size_change	phylter_k_300	N707	10X_down
1138	62	269	31	0.2	1.0	population_size_change	phylter_k_050	N707	10X_down
1198	2	296	4	0.2	1.0	population_size_change	phylter_k_300	N707	10X_down
1186	14	291	9	0.2	1.0	population_size_change	phylter_k_155	N707	10X_down
0	1200	0	300	0.2	1.0	population_size_change	phylter_k_050	N707	10X_down
1192	8	297	3	0.2	1.0	population_size_change	phylter_k_155	N707	10X_down
0	1200	0	300	0.2	1.0	population_size_change	phylter_k_020	N707	10X_down
0	1200	0	300	0.2	1.0	population_size_change	phylter_k_050	N707	10X_down
1142	58	278	22	0.2	1.0	population_size_change	phylter_k_020	N707	10X_down
1412	58	27	3	0.02	1.0	population_size_change	phylter_k_155	N616	10X_up
1343	127	25	5	0.02	1.0	population_size_change	phylter_k_020	N616	10X_up
1427	43	30	0	0.02	1.0	population_size_change	phylter_k_155	N616	10X_up
1466	4	28	2	0.02	1.0	population_size_change	phylter_k_300	N616	10X_up
1466	4	28	2	0.02	1.0	population_size_change	phylter_k_300	N616	10X_up
0	1470	0	30	0.02	1.0	population_size_change	phylter_k_020	N616	10X_up
1413	57	27	3	0.02	1.0	population_size_change	phylter_k_155	N616	10X_up
1337	133	23	7	0.02	1.0	population_size_change	phylter_k_050	N616	10X_up
1469	1	30	0	0.02	1.0	population_size_change	phylter_k_300	N616	10X_up
0	1470	0	30	0.02	1.0	population_size_change	phylter_k_050	N616	10X_up
2	1468	0	30	0.02	1.0	population_size_change	phylter_k_020	N616	10X_up
0	1470	0	30	0.02	1.0	population_size_change	phylter_k_050	N616	10X_up
1122	3	371	4	0.25	1.0	population_size_change	phylter_k_300	N638	10X_down
0	1125	0	375	0.25	1.0	population_size_change	phylter_k_020	N638	10X_down
1119	6	373	2	0.25	1.0	population_size_change	phylter_k_155	N638	10X_down
1111	14	364	11	0.25	1.0	population_size_change	phylter_k_155	N638	10X_down
1027	98	333	42	0.25	1.0	population_size_change	phylter_k_020	N638	10X_down
1122	3	371	4	0.25	1.0	population_size_change	phylter_k_300	N638	10X_down
0	1125	0	375	0.25	1.0	population_size_change	phylter_k_050	N638	10X_down
1111	14	364	11	0.25	1.0	population_size_change	phylter_k_155	N638	10X_down
0	1125	0	375	0.25	1.0	population_size_change	phylter_k_020	N638	10X_down
1125	0	375	0	0.25	1.0	population_size_change	phylter_k_300	N638	10X_down
997	128	321	54	0.25	1.0	population_size_change	phylter_k_050	N638	10X_down
0	1125	0	375	0.25	1.0	population_size_change	phylter_k_050	N638	10X_down
1106	19	361	14	0.25	1.0	population_size_change	phylter_k_020	N544	10X_up
1119	6	372	3	0.25	1.0	population_size_change	phylter_k_155	N544	10X_up
0	1125	0	375	0.25	1.0	population_size_change	phylter_k_050	N544	10X_up
1121	4	372	3	0.25	1.0	population_size_change	phylter_k_300	N544	10X_up
1	1124	0	375	0.25	1.0	population_size_change	phylter_k_020	N544	10X_up
1125	0	375	0	0.25	1.0	population_size_change	phylter_k_300	N544	10X_up
1110	15	363	12	0.25	1.0	population_size_change	phylter_k_155	N544	10X_up
1121	4	372	3	0.25	1.0	population_size_change	phylter_k_300	N544	10X_up
743	382	244	131	0.25	1.0	population_size_change	phylter_k_050	N544	10X_up
4	1121	3	372	0.25	1.0	population_size_change	phylter_k_050	N544	10X_up
15	1110	4	371	0.25	1.0	population_size_change	phylter_k_020	N544	10X_up
1107	18	360	15	0.25	1.0	population_size_change	phylter_k_155	N544	10X_up
1468	2	30	0	0.02	1.0	population_size_change	phylter_k_300	N159	10X_up
0	1470	0	30	0.02	1.0	population_size_change	phylter_k_050	N159	10X_up
1051	419	17	13	0.02	1.0	population_size_change	phylter_k_050	N159	10X_up
1469	1	30	0	0.02	1.0	population_size_change	phylter_k_300	N159	10X_up
1	1469	0	30	0.02	1.0	population_size_change	phylter_k_050	N159	10X_up
0	1470	0	30	0.02	1.0	population_size_change	phylter_k_020	N159	10X_up
1468	2	30	0	0.02	1.0	population_size_change	phylter_k_300	N159	10X_up
2	1468	0	30	0.02	1.0	population_size_change	phylter_k_020	N159	10X_up
1432	38	28	2	0.02	1.0	population_size_change	phylter_k_155	N159	10X_up
1394	76	28	2	0.02	1.0	population_size_change	phylter_k_155	N159	10X_up
1399	71	28	2	0.02	1.0	population_size_change	phylter_k_155	N159	10X_up
1335	135	22	8	0.02	1.0	population_size_change	phylter_k_020	N159	10X_up
1400	25	72	3	0.05	1.0	population_size_change	phylter_k_155	N638	10X_down
1	1424	0	75	0.05	1.0	population_size_change	phylter_k_050	N638	10X_down
1	1424	0	75	0.05	1.0	population_size_change	phylter_k_050	N638	10X_down
1139	286	65	10	0.05	1.0	population_size_change	phylter_k_050	N638	10X_down
293	1132	10	65	0.05	1.0	population_size_change	phylter_k_020	N638	10X_down
1425	0	75	0	0.05	1.0	population_size_change	phylter_k_300	N638	10X_down
1400	25	72	3	0.05	1.0	population_size_change	phylter_k_155	N638	10X_down
293	1132	10	65	0.05	1.0	population_size_change	phylter_k_020	N638	10X_down
1422	3	73	2	0.05	1.0	population_size_change	phylter_k_300	N638	10X_down
1317	108	65	10	0.05	1.0	population_size_change	phylter_k_020	N638	10X_down
1410	15	75	0	0.05	1.0	population_size_change	phylter_k_155	N638	10X_down
1422	3	73	2	0.05	1.0	population_size_change	phylter_k_300	N638	10X_down
1349	1	150	0	0.1	1.0	population_size_change	phylter_k_300	N233	10X_up
1042	308	97	53	0.1	1.0	population_size_change	phylter_k_050	N233	10X_up
1321	29	146	4	0.1	1.0	population_size_change	phylter_k_155	N233	10X_up
1348	2	150	0	0.1	1.0	population_size_change	phylter_k_300	N233	10X_up
1	1349	0	150	0.1	1.0	population_size_change	phylter_k_020	N233	10X_up
1348	2	150	0	0.1	1.0	population_size_change	phylter_k_300	N233	10X_up
1340	10	150	0	0.1	1.0	population_size_change	phylter_k_155	N233	10X_up
1321	29	146	4	0.1	1.0	population_size_change	phylter_k_155	N233	10X_up
1243	107	126	24	0.1	1.0	population_size_change	phylter_k_020	N233	10X_up
0	1350	0	150	0.1	1.0	population_size_change	phylter_k_050	N233	10X_up
0	1350	0	150	0.1	1.0	population_size_change	phylter_k_050	N233	10X_up
1	1349	0	150	0.1	1.0	population_size_change	phylter_k_020	N233	10X_up
1185	90	206	19	0.15	1.0	population_size_change	phylter_k_020	N114	10X_down
1	1274	0	225	0.15	1.0	population_size_change	phylter_k_020	N114	10X_down
0	1275	0	225	0.15	1.0	population_size_change	phylter_k_050	N114	10X_down
1265	10	224	1	0.15	1.0	population_size_change	phylter_k_155	N114	10X_down
0	1275	0	225	0.15	1.0	population_size_change	phylter_k_050	N114	10X_down
1247	28	221	4	0.15	1.0	population_size_change	phylter_k_155	N114	10X_down
0	1275	0	225	0.15	1.0	population_size_change	phylter_k_020	N114	10X_down
1140	135	196	29	0.15	1.0	population_size_change	phylter_k_050	N114	10X_down
1275	0	225	0	0.15	1.0	population_size_change	phylter_k_300	N114	10X_down
1275	0	225	0	0.15	1.0	population_size_change	phylter_k_300	N114	10X_down
1275	0	225	0	0.15	1.0	population_size_change	phylter_k_300	N114	10X_down
1239	36	217	8	0.15	1.0	population_size_change	phylter_k_155	N114	10X_down
1466	4	29	1	0.02	1.0	population_size_change	phylter_k_300	N709	10X_up
1422	48	24	6	0.02	1.0	population_size_change	phylter_k_155	N709	10X_up
1433	37	28	2	0.02	1.0	population_size_change	phylter_k_155	N709	10X_up
0	1470	0	30	0.02	1.0	population_size_change	phylter_k_020	N709	10X_up
1312	158	20	10	0.02	1.0	population_size_change	phylter_k_020	N709	10X_up
1465	5	28	2	0.02	1.0	population_size_change	phylter_k_300	N709	10X_up
0	1470	0	30	0.02	1.0	population_size_change	phylter_k_050	N709	10X_up
0	1470	0	30	0.02	1.0	population_size_change	phylter_k_020	N709	10X_up
1469	1	30	0	0.02	1.0	population_size_change	phylter_k_300	N709	10X_up
1285	185	25	5	0.02	1.0	population_size_change	phylter_k_050	N709	10X_up
0	1470	0	30	0.02	1.0	population_size_change	phylter_k_050	N709	10X_up
1429	41	25	5	0.02	1.0	population_size_change	phylter_k_155	N709	10X_up
0	1470	0	30	0.02	1.0	population_size_change	phylter_k_020	N220	10X_up
1370	100	27	3	0.02	1.0	population_size_change	phylter_k_155	N220	10X_up
0	1470	1	29	0.02	1.0	population_size_change	phylter_k_050	N220	10X_up
1463	7	30	0	0.02	1.0	population_size_change	phylter_k_300	N220	10X_up
1469	1	30	0	0.02	1.0	population_size_change	phylter_k_300	N220	10X_up
1394	76	28	2	0.02	1.0	population_size_change	phylter_k_155	N220	10X_up
1273	197	24	6	0.02	1.0	population_size_change	phylter_k_050	N220	10X_up
0	1470	0	30	0.02	1.0	population_size_change	phylter_k_020	N220	10X_up
1466	4	30	0	0.02	1.0	population_size_change	phylter_k_300	N220	10X_up
1431	39	29	1	0.02	1.0	population_size_change	phylter_k_155	N220	10X_up
0	1470	0	30	0.02	1.0	population_size_change	phylter_k_050	N220	10X_up
1321	149	22	8	0.02	1.0	population_size_change	phylter_k_020	N220	10X_up
1345	5	149	1	0.1	1.0	population_size_change	phylter_k_300	N575	10X_down
0	1350	0	150	0.1	1.0	population_size_change	phylter_k_050	N575	10X_down
1270	80	123	27	0.1	1.0	population_size_change	phylter_k_020	N575	10X_down
1333	17	149	1	0.1	1.0	population_size_change	phylter_k_155	N575	10X_down
0	1350	0	150	0.1	1.0	population_size_change	phylter_k_050	N575	10X_down
1314	36	146	4	0.1	1.0	population_size_change	phylter_k_155	N575	10X_down
0	1350	0	150	0.1	1.0	population_size_change	phylter_k_020	N575	10X_down
1345	5	149	1	0.1	1.0	population_size_change	phylter_k_300	N575	10X_down
946	404	105	45	0.1	1.0	population_size_change	phylter_k_050	N575	10X_down
0	1350	0	150	0.1	1.0	population_size_change	phylter_k_020	N575	10X_down
1324	26	146	4	0.1	1.0	population_size_change	phylter_k_155	N575	10X_down
1349	1	150	0	0.1	1.0	population_size_change	phylter_k_300	N575	10X_down
1351	119	26	4	0.02	1.0	population_size_change	phylter_k_020	Nyctibiidae	10X_up
1	1469	0	30	0.02	1.0	population_size_change	phylter_k_020	Nyctibiidae	10X_up
0	1470	0	30	0.02	1.0	population_size_change	phylter_k_050	Nyctibiidae	10X_up
1	1469	0	30	0.02	1.0	population_size_change	phylter_k_020	Nyctibiidae	10X_up
1428	42	30	0	0.02	1.0	population_size_change	phylter_k_155	Nyctibiidae	10X_up
1465	5	30	0	0.02	1.0	population_size_change	phylter_k_300	Nyctibiidae	10X_up
1376	94	28	2	0.02	1.0	population_size_change	phylter_k_155	Nyctibiidae	10X_up
1376	94	28	2	0.02	1.0	population_size_change	phylter_k_155	Nyctibiidae	10X_up
1465	5	30	0	0.02	1.0	population_size_change	phylter_k_300	Nyctibiidae	10X_up
1469	1	30	0	0.02	1.0	population_size_change	phylter_k_300	Nyctibiidae	10X_up
1347	123	24	6	0.02	1.0	population_size_change	phylter_k_050	Nyctibiidae	10X_up
0	1470	0	30	0.02	1.0	population_size_change	phylter_k_050	Nyctibiidae	10X_up
1243	107	132	18	0.1	1.0	population_size_change	phylter_k_020	N228	10X_up
1335	15	149	1	0.1	1.0	population_size_change	phylter_k_155	N228	10X_up
1311	39	146	4	0.1	1.0	population_size_change	phylter_k_155	N228	10X_up
0	1350	0	150	0.1	1.0	population_size_change	phylter_k_050	N228	10X_up
0	1350	0	150	0.1	1.0	population_size_change	phylter_k_050	N228	10X_up
4	1346	1	149	0.1	1.0	population_size_change	phylter_k_020	N228	10X_up
1311	39	146	4	0.1	1.0	population_size_change	phylter_k_155	N228	10X_up
1350	0	150	0	0.1	1.0	population_size_change	phylter_k_300	N228	10X_up
1258	92	130	20	0.1	1.0	population_size_change	phylter_k_050	N228	10X_up
1349	1	150	0	0.1	1.0	population_size_change	phylter_k_300	N228	10X_up
1349	1	150	0	0.1	1.0	population_size_change	phylter_k_300	N228	10X_up
4	1346	1	149	0.1	1.0	population_size_change	phylter_k_020	N228	10X_up
1271	4	223	2	0.15	1.0	population_size_change	phylter_k_300	N544	10X_up
1263	12	221	4	0.15	1.0	population_size_change	phylter_k_155	N544	10X_up
1221	54	207	18	0.15	1.0	population_size_change	phylter_k_020	N544	10X_up
0	1275	0	225	0.15	1.0	population_size_change	phylter_k_050	N544	10X_up
13	1262	0	225	0.15	1.0	population_size_change	phylter_k_020	N544	10X_up
1251	24	213	12	0.15	1.0	population_size_change	phylter_k_155	N544	10X_up
7	1268	1	224	0.15	1.0	population_size_change	phylter_k_050	N544	10X_up
1275	0	225	0	0.15	1.0	population_size_change	phylter_k_300	N544	10X_up
1254	21	213	12	0.15	1.0	population_size_change	phylter_k_155	N544	10X_up
1201	74	206	19	0.15	1.0	population_size_change	phylter_k_050	N544	10X_up
0	1275	0	225	0.15	1.0	population_size_change	phylter_k_020	N544	10X_up
1271	4	221	4	0.15	1.0	population_size_change	phylter_k_300	N544	10X_up
1465	5	28	2	0.02	1.0	population_size_change	phylter_k_300	N579	10X_up
3	1467	0	30	0.02	1.0	population_size_change	phylter_k_050	N579	10X_up
1469	1	30	0	0.02	1.0	population_size_change	phylter_k_300	N579	10X_up
979	491	19	11	0.02	1.0	population_size_change	phylter_k_050	N579	10X_up
2	1468	0	30	0.02	1.0	population_size_change	phylter_k_020	N579	10X_up
2	1468	0	30	0.02	1.0	population_size_change	phylter_k_020	N579	10X_up
1465	5	28	2	0.02	1.0	population_size_change	phylter_k_300	N579	10X_up
3	1467	0	30	0.02	1.0	population_size_change	phylter_k_050	N579	10X_up
1355	115	24	6	0.02	1.0	population_size_change	phylter_k_020	N579	10X_up
1420	50	25	5	0.02	1.0	population_size_change	phylter_k_155	N579	10X_up
1433	37	28	2	0.02	1.0	population_size_change	phylter_k_155	N579	10X_up
1420	50	25	5	0.02	1.0	population_size_change	phylter_k_155	N579	10X_up
1424	1	75	0	0.05	1.0	population_size_change	phylter_k_300	N498	10X_down
1395	30	68	7	0.05	1.0	population_size_change	phylter_k_155	N498	10X_down
1260	165	64	11	0.05	1.0	population_size_change	phylter_k_050	N498	10X_down
1421	4	73	2	0.05	1.0	population_size_change	phylter_k_300	N498	10X_down
1422	3	74	1	0.05	1.0	population_size_change	phylter_k_300	N498	10X_down
0	1425	0	75	0.05	1.0	population_size_change	phylter_k_020	N498	10X_down
1404	21	72	3	0.05	1.0	population_size_change	phylter_k_155	N498	10X_down
1298	127	63	12	0.05	1.0	population_size_change	phylter_k_020	N498	10X_down
1399	26	69	6	0.05	1.0	population_size_change	phylter_k_155	N498	10X_down
0	1425	0	75	0.05	1.0	population_size_change	phylter_k_050	N498	10X_down
0	1425	0	75	0.05	1.0	population_size_change	phylter_k_050	N498	10X_down
0	1425	0	75	0.05	1.0	population_size_change	phylter_k_020	N498	10X_down
1215	135	125	25	0.1	1.0	population_size_change	phylter_k_020	N532	10X_down
1329	21	147	3	0.1	1.0	population_size_change	phylter_k_155	N532	10X_down
1320	30	142	8	0.1	1.0	population_size_change	phylter_k_155	N532	10X_down
0	1350	0	150	0.1	1.0	population_size_change	phylter_k_050	N532	10X_down
3	1347	0	150	0.1	1.0	population_size_change	phylter_k_050	N532	10X_down
4	1346	0	150	0.1	1.0	population_size_change	phylter_k_020	N532	10X_down
1317	33	140	10	0.1	1.0	population_size_change	phylter_k_155	N532	10X_down
1349	1	150	0	0.1	1.0	population_size_change	phylter_k_300	N532	10X_down
1182	168	120	30	0.1	1.0	population_size_change	phylter_k_050	N532	10X_down
1347	3	148	2	0.1	1.0	population_size_change	phylter_k_300	N532	10X_down
1348	2	149	1	0.1	1.0	population_size_change	phylter_k_300	N532	10X_down
0	1350	0	150	0.1	1.0	population_size_change	phylter_k_020	N532	10X_down
3	1422	0	75	0.05	1.0	population_size_change	phylter_k_050	N635	10X_up
1392	33	74	1	0.05	1.0	population_size_change	phylter_k_155	N635	10X_up
1422	3	75	0	0.05	1.0	population_size_change	phylter_k_300	N635	10X_up
1320	105	67	8	0.05	1.0	population_size_change	phylter_k_020	N635	10X_up
1384	41	72	3	0.05	1.0	population_size_change	phylter_k_155	N635	10X_up
1422	3	75	0	0.05	1.0	population_size_change	phylter_k_300	N635	10X_up
264	1161	12	63	0.05	1.0	population_size_change	phylter_k_020	N635	10X_up
1424	1	75	0	0.05	1.0	population_size_change	phylter_k_300	N635	10X_up
1384	41	72	3	0.05	1.0	population_size_change	phylter_k_155	N635	10X_up
264	1161	12	63	0.05	1.0	population_size_change	phylter_k_020	N635	10X_up
1271	154	61	14	0.05	1.0	population_size_change	phylter_k_050	N635	10X_up
3	1422	0	75	0.05	1.0	population_size_change	phylter_k_050	N635	10X_up
1105	20	364	11	0.25	1.0	population_size_change	phylter_k_155	N399	10X_up
993	132	326	49	0.25	1.0	population_size_change	phylter_k_020	N399	10X_up
1123	2	372	3	0.25	1.0	population_size_change	phylter_k_300	N399	10X_up
1116	9	373	2	0.25	1.0	population_size_change	phylter_k_155	N399	10X_up
1123	2	371	4	0.25	1.0	population_size_change	phylter_k_300	N399	10X_up
0	1125	0	375	0.25	1.0	population_size_change	phylter_k_020	N399	10X_up
0	1125	0	375	0.25	1.0	population_size_change	phylter_k_020	N399	10X_up
1038	87	343	32	0.25	1.0	population_size_change	phylter_k_050	N399	10X_up
1125	0	375	0	0.25	1.0	population_size_change	phylter_k_300	N399	10X_up
0	1125	0	375	0.25	1.0	population_size_change	phylter_k_050	N399	10X_up
0	1125	0	375	0.25	1.0	population_size_change	phylter_k_050	N399	10X_up
1109	16	364	11	0.25	1.0	population_size_change	phylter_k_155	N399	10X_up
1184	16	297	3	0.2	1.0	population_size_change	phylter_k_155	N276	10X_down
0	1200	0	300	0.2	1.0	population_size_change	phylter_k_020	N276	10X_down
0	1200	0	300	0.2	1.0	population_size_change	phylter_k_050	N276	10X_down
1192	8	297	3	0.2	1.0	population_size_change	phylter_k_155	N276	10X_down
1200	0	300	0	0.2	1.0	population_size_change	phylter_k_300	N276	10X_down
1193	7	300	0	0.2	1.0	population_size_change	phylter_k_155	N276	10X_down
0	1200	0	300	0.2	1.0	population_size_change	phylter_k_020	N276	10X_down
1159	41	275	25	0.2	1.0	population_size_change	phylter_k_020	N276	10X_down
1200	0	300	0	0.2	1.0	population_size_change	phylter_k_300	N276	10X_down
1116	84	269	31	0.2	1.0	population_size_change	phylter_k_050	N276	10X_down
0	1200	0	300	0.2	1.0	population_size_change	phylter_k_050	N276	10X_down
1200	0	300	0	0.2	1.0	population_size_change	phylter_k_300	N276	10X_down
1125	0	375	0	0.25	1.0	population_size_change	phylter_k_300	N498	10X_down
1011	114	326	49	0.25	1.0	population_size_change	phylter_k_050	N498	10X_down
1112	13	364	11	0.25	1.0	population_size_change	phylter_k_155	N498	10X_down
0	1125	0	375	0.25	1.0	population_size_change	phylter_k_050	N498	10X_down
0	1125	0	375	0.25	1.0	population_size_change	phylter_k_050	N498	10X_down
7	1118	4	371	0.25	1.0	population_size_change	phylter_k_020	N498	10X_down
1117	8	371	4	0.25	1.0	population_size_change	phylter_k_155	N498	10X_down
1111	14	363	12	0.25	1.0	population_size_change	phylter_k_155	N498	10X_down
1095	30	361	14	0.25	1.0	population_size_change	phylter_k_020	N498	10X_down
1123	2	372	3	0.25	1.0	population_size_change	phylter_k_300	N498	10X_down
1124	1	373	2	0.25	1.0	population_size_change	phylter_k_300	N498	10X_down
0	1125	0	375	0.25	1.0	population_size_change	phylter_k_020	N498	10X_down
9	1341	0	150	0.1	1.0	population_size_change	phylter_k_050	N459	10X_down
345	1005	46	104	0.1	1.0	population_size_change	phylter_k_020	N459	10X_down
1347	3	148	2	0.1	1.0	population_size_change	phylter_k_300	N459	10X_down
541	809	59	91	0.1	1.0	population_size_change	phylter_k_020	N459	10X_down
1280	70	131	19	0.1	1.0	population_size_change	phylter_k_020	N459	10X_down
1331	19	147	3	0.1	1.0	population_size_change	phylter_k_155	N459	10X_down
1331	19	147	3	0.1	1.0	population_size_change	phylter_k_155	N459	10X_down
1338	12	150	0	0.1	1.0	population_size_change	phylter_k_155	N459	10X_down
1347	3	148	2	0.1	1.0	population_size_change	phylter_k_300	N459	10X_down
2	1348	0	150	0.1	1.0	population_size_change	phylter_k_050	N459	10X_down
1349	1	150	0	0.1	1.0	population_size_change	phylter_k_300	N459	10X_down
1114	236	110	40	0.1	1.0	population_size_change	phylter_k_050	N459	10X_down
1177	23	289	11	0.2	1.0	population_size_change	phylter_k_155	N399	10X_up
1198	2	296	4	0.2	1.0	population_size_change	phylter_k_300	N399	10X_up
1157	43	279	21	0.2	1.0	population_size_change	phylter_k_020	N399	10X_up
0	1200	0	300	0.2	1.0	population_size_change	phylter_k_020	N399	10X_up
1198	2	296	4	0.2	1.0	population_size_change	phylter_k_300	N399	10X_up
1190	10	298	2	0.2	1.0	population_size_change	phylter_k_155	N399	10X_up
1181	19	289	11	0.2	1.0	population_size_change	phylter_k_155	N399	10X_up
0	1200	0	300	0.2	1.0	population_size_change	phylter_k_050	N399	10X_up
1125	75	277	23	0.2	1.0	population_size_change	phylter_k_050	N399	10X_up
0	1200	0	300	0.2	1.0	population_size_change	phylter_k_020	N399	10X_up
1200	0	300	0	0.2	1.0	population_size_change	phylter_k_300	N399	10X_up
0	1200	0	300	0.2	1.0	population_size_change	phylter_k_050	N399	10X_up
9	1416	1	74	0.05	1.0	population_size_change	phylter_k_050	N459	10X_down
83	1342	8	67	0.05	1.0	population_size_change	phylter_k_020	N459	10X_down
1314	111	64	11	0.05	1.0	population_size_change	phylter_k_020	N459	10X_down
1400	25	72	3	0.05	1.0	population_size_change	phylter_k_155	N459	10X_down
1	1424	0	75	0.05	1.0	population_size_change	phylter_k_050	N459	10X_down
1392	33	69	6	0.05	1.0	population_size_change	phylter_k_155	N459	10X_down
1422	3	73	2	0.05	1.0	population_size_change	phylter_k_300	N459	10X_down
1392	33	69	6	0.05	1.0	population_size_change	phylter_k_155	N459	10X_down
21	1404	0	75	0.05	1.0	population_size_change	phylter_k_020	N459	10X_down
1424	1	75	0	0.05	1.0	population_size_change	phylter_k_300	N459	10X_down
1063	362	50	25	0.05	1.0	population_size_change	phylter_k_050	N459	10X_down
1422	3	73	2	0.05	1.0	population_size_change	phylter_k_300	N459	10X_down
1113	12	367	8	0.25	1.0	population_size_change	phylter_k_155	N532	10X_down
1120	5	375	0	0.25	1.0	population_size_change	phylter_k_155	N532	10X_down
378	747	127	248	0.25	1.0	population_size_change	phylter_k_020	N532	10X_down
4	1121	2	373	0.25	1.0	population_size_change	phylter_k_050	N532	10X_down
1081	44	354	21	0.25	1.0	population_size_change	phylter_k_020	N532	10X_down
0	1125	0	375	0.25	1.0	population_size_change	phylter_k_050	N532	10X_down
1107	18	365	10	0.25	1.0	population_size_change	phylter_k_155	N532	10X_down
1125	0	375	0	0.25	1.0	population_size_change	phylter_k_300	N532	10X_down
3	1122	2	373	0.25	1.0	population_size_change	phylter_k_020	N532	10X_down
1069	56	353	22	0.25	1.0	population_size_change	phylter_k_050	N532	10X_down
1123	2	373	2	0.25	1.0	population_size_change	phylter_k_300	N532	10X_down
1122	3	372	3	0.25	1.0	population_size_change	phylter_k_300	N532	10X_down
0	1425	0	75	0.05	1.0	population_size_change	phylter_k_050	N281	10X_up
3	1422	0	75	0.05	1.0	population_size_change	phylter_k_020	N281	10X_up
1131	294	61	14	0.05	1.0	population_size_change	phylter_k_050	N281	10X_up
1424	1	75	0	0.05	1.0	population_size_change	phylter_k_300	N281	10X_up
0	1425	0	75	0.05	1.0	population_size_change	phylter_k_050	N281	10X_up
1349	76	69	6	0.05	1.0	population_size_change	phylter_k_155	N281	10X_up
1349	76	69	6	0.05	1.0	population_size_change	phylter_k_155	N281	10X_up
1424	1	75	0	0.05	1.0	population_size_change	phylter_k_300	N281	10X_up
1306	119	66	9	0.05	1.0	population_size_change	phylter_k_020	N281	10X_up
1401	24	72	3	0.05	1.0	population_size_change	phylter_k_155	N281	10X_up
1424	1	75	0	0.05	1.0	population_size_change	phylter_k_300	N281	10X_up
3	1422	0	75	0.05	1.0	population_size_change	phylter_k_020	N281	10X_up
1273	2	225	0	0.15	1.0	population_size_change	phylter_k_300	Nyctibiidae	10X_up
1266	9	221	4	0.15	1.0	population_size_change	phylter_k_155	Nyctibiidae	10X_up
1177	98	200	25	0.15	1.0	population_size_change	phylter_k_020	Nyctibiidae	10X_up
0	1275	0	225	0.15	1.0	population_size_change	phylter_k_050	Nyctibiidae	10X_up
1144	131	188	37	0.15	1.0	population_size_change	phylter_k_050	Nyctibiidae	10X_up
0	1275	0	225	0.15	1.0	population_size_change	phylter_k_050	Nyctibiidae	10X_up
1224	51	213	12	0.15	1.0	population_size_change	phylter_k_155	Nyctibiidae	10X_up
1275	0	225	0	0.15	1.0	population_size_change	phylter_k_300	Nyctibiidae	10X_up
1	1274	0	225	0.15	1.0	population_size_change	phylter_k_020	Nyctibiidae	10X_up
1273	2	225	0	0.15	1.0	population_size_change	phylter_k_300	Nyctibiidae	10X_up
1224	51	213	12	0.15	1.0	population_size_change	phylter_k_155	Nyctibiidae	10X_up
1	1274	0	225	0.15	1.0	population_size_change	phylter_k_020	Nyctibiidae	10X_up
1274	1	225	0	0.15	1.0	population_size_change	phylter_k_300	N276	10X_down
0	1275	0	225	0.15	1.0	population_size_change	phylter_k_020	N276	10X_down
1264	11	223	2	0.15	1.0	population_size_change	phylter_k_155	N276	10X_down
1253	22	221	4	0.15	1.0	population_size_change	phylter_k_155	N276	10X_down
1274	1	225	0	0.15	1.0	population_size_change	phylter_k_300	N276	10X_down
1159	116	191	34	0.15	1.0	population_size_change	phylter_k_020	N276	10X_down
0	1275	0	225	0.15	1.0	population_size_change	phylter_k_050	N276	10X_down
1262	13	221	4	0.15	1.0	population_size_change	phylter_k_155	N276	10X_down
1274	1	225	0	0.15	1.0	population_size_change	phylter_k_300	N276	10X_down
0	1275	0	225	0.15	1.0	population_size_change	phylter_k_050	N276	10X_down
1145	130	198	27	0.15	1.0	population_size_change	phylter_k_050	N276	10X_down
0	1275	0	225	0.15	1.0	population_size_change	phylter_k_020	N276	10X_down
1118	232	115	35	0.1	1.0	population_size_change	phylter_k_050	N544	10X_up
1346	4	148	2	0.1	1.0	population_size_change	phylter_k_300	N544	10X_up
1350	0	150	0	0.1	1.0	population_size_change	phylter_k_300	N544	10X_up
1325	25	142	8	0.1	1.0	population_size_change	phylter_k_155	N544	10X_up
0	1350	0	150	0.1	1.0	population_size_change	phylter_k_020	N544	10X_up
1346	4	147	3	0.1	1.0	population_size_change	phylter_k_300	N544	10X_up
2	1348	0	150	0.1	1.0	population_size_change	phylter_k_050	N544	10X_up
1341	9	149	1	0.1	1.0	population_size_change	phylter_k_155	N544	10X_up
1292	58	136	14	0.1	1.0	population_size_change	phylter_k_020	N544	10X_up
4	1346	1	149	0.1	1.0	population_size_change	phylter_k_020	N544	10X_up
1331	19	143	7	0.1	1.0	population_size_change	phylter_k_155	N544	10X_up
0	1350	0	150	0.1	1.0	population_size_change	phylter_k_050	N544	10X_up
1124	1	371	4	0.25	1.0	population_size_change	phylter_k_300	N459	10X_down
1111	14	366	9	0.25	1.0	population_size_change	phylter_k_155	N459	10X_down
6	1119	0	375	0.25	1.0	population_size_change	phylter_k_020	N459	10X_down
11	1114	3	372	0.25	1.0	population_size_change	phylter_k_020	N459	10X_down
1111	14	366	9	0.25	1.0	population_size_change	phylter_k_155	N459	10X_down
980	145	317	58	0.25	1.0	population_size_change	phylter_k_050	N459	10X_down
1125	0	375	0	0.25	1.0	population_size_change	phylter_k_300	N459	10X_down
46	1079	15	360	0.25	1.0	population_size_change	phylter_k_050	N459	10X_down
4	1121	1	374	0.25	1.0	population_size_change	phylter_k_050	N459	10X_down
1118	7	371	4	0.25	1.0	population_size_change	phylter_k_155	N459	10X_down
1124	1	371	4	0.25	1.0	population_size_change	phylter_k_300	N459	10X_down
1009	116	338	37	0.25	1.0	population_size_change	phylter_k_020	N459	10X_down
1385	40	71	4	0.05	1.0	population_size_change	phylter_k_155	N532	10X_down
1302	123	69	6	0.05	1.0	population_size_change	phylter_k_020	N532	10X_down
1367	58	66	9	0.05	1.0	population_size_change	phylter_k_155	N532	10X_down
1423	2	74	1	0.05	1.0	population_size_change	phylter_k_300	N532	10X_down
1	1424	0	75	0.05	1.0	population_size_change	phylter_k_020	N532	10X_down
1422	3	73	2	0.05	1.0	population_size_change	phylter_k_300	N532	10X_down
1424	1	75	0	0.05	1.0	population_size_change	phylter_k_300	N532	10X_down
1082	343	48	27	0.05	1.0	population_size_change	phylter_k_050	N532	10X_down
1373	52	66	9	0.05	1.0	population_size_change	phylter_k_155	N532	10X_down
3	1422	0	75	0.05	1.0	population_size_change	phylter_k_050	N532	10X_down
10	1415	0	75	0.05	1.0	population_size_change	phylter_k_020	N532	10X_down
0	1425	0	75	0.05	1.0	population_size_change	phylter_k_050	N532	10X_down
0	1350	0	150	0.1	1.0	population_size_change	phylter_k_050	N498	10X_down
1278	72	132	18	0.1	1.0	population_size_change	phylter_k_020	N498	10X_down
1340	10	149	1	0.1	1.0	population_size_change	phylter_k_155	N498	10X_down
1347	3	149	1	0.1	1.0	population_size_change	phylter_k_300	N498	10X_down
1335	15	145	5	0.1	1.0	population_size_change	phylter_k_155	N498	10X_down
0	1350	0	150	0.1	1.0	population_size_change	phylter_k_020	N498	10X_down
1346	4	148	2	0.1	1.0	population_size_change	phylter_k_300	N498	10X_down
0	1350	0	150	0.1	1.0	population_size_change	phylter_k_020	N498	10X_down
1349	1	150	0	0.1	1.0	population_size_change	phylter_k_300	N498	10X_down
1333	17	144	6	0.1	1.0	population_size_change	phylter_k_155	N498	10X_down
1060	290	118	32	0.1	1.0	population_size_change	phylter_k_050	N498	10X_down
0	1350	0	150	0.1	1.0	population_size_change	phylter_k_050	N498	10X_down
0	1200	0	300	0.2	1.0	population_size_change	phylter_k_020	N114	10X_down
1168	32	291	9	0.2	1.0	population_size_change	phylter_k_155	N114	10X_down
0	1200	0	300	0.2	1.0	population_size_change	phylter_k_050	N114	10X_down
1200	0	300	0	0.2	1.0	population_size_change	phylter_k_300	N114	10X_down
1177	23	295	5	0.2	1.0	population_size_change	phylter_k_155	N114	10X_down
801	399	201	99	0.2	1.0	population_size_change	phylter_k_050	N114	10X_down
1200	0	300	0	0.2	1.0	population_size_change	phylter_k_300	N114	10X_down
0	1200	0	300	0.2	1.0	population_size_change	phylter_k_020	N114	10X_down
1200	0	300	0	0.2	1.0	population_size_change	phylter_k_300	N114	10X_down
0	1200	0	300	0.2	1.0	population_size_change	phylter_k_050	N114	10X_down
1127	73	274	26	0.2	1.0	population_size_change	phylter_k_020	N114	10X_down
1192	8	299	1	0.2	1.0	population_size_change	phylter_k_155	N114	10X_down
1423	2	75	0	0.05	1.0	population_size_change	phylter_k_300	N159	10X_up
1423	2	75	0	0.05	1.0	population_size_change	phylter_k_300	N159	10X_up
1246	179	61	14	0.05	1.0	population_size_change	phylter_k_050	N159	10X_up
0	1425	0	75	0.05	1.0	population_size_change	phylter_k_020	N159	10X_up
1424	1	75	0	0.05	1.0	population_size_change	phylter_k_300	N159	10X_up
1379	46	74	1	0.05	1.0	population_size_change	phylter_k_155	N159	10X_up
3	1422	0	75	0.05	1.0	population_size_change	phylter_k_050	N159	10X_up
0	1425	0	75	0.05	1.0	population_size_change	phylter_k_050	N159	10X_up
1315	110	59	16	0.05	1.0	population_size_change	phylter_k_020	N159	10X_up
2	1423	0	75	0.05	1.0	population_size_change	phylter_k_020	N159	10X_up
1413	12	75	0	0.05	1.0	population_size_change	phylter_k_155	N159	10X_up
1384	41	74	1	0.05	1.0	population_size_change	phylter_k_155	N159	10X_up
1411	14	75	0	0.05	1.0	population_size_change	phylter_k_155	N575	10X_down
0	1425	0	75	0.05	1.0	population_size_change	phylter_k_020	N575	10X_down
0	1425	0	75	0.05	1.0	population_size_change	phylter_k_050	N575	10X_down
0	1425	0	75	0.05	1.0	population_size_change	phylter_k_050	N575	10X_down
1333	92	55	20	0.05	1.0	population_size_change	phylter_k_020	N575	10X_down
1403	22	73	2	0.05	1.0	population_size_change	phylter_k_155	N575	10X_down
1308	117	62	13	0.05	1.0	population_size_change	phylter_k_050	N575	10X_down
1424	1	75	0	0.05	1.0	population_size_change	phylter_k_300	N575	10X_down
0	1425	0	75	0.05	1.0	population_size_change	phylter_k_020	N575	10X_down
1420	5	74	1	0.05	1.0	population_size_change	phylter_k_300	N575	10X_down
1421	4	74	1	0.05	1.0	population_size_change	phylter_k_300	N575	10X_down
1397	28	73	2	0.05	1.0	population_size_change	phylter_k_155	N575	10X_down
1274	1	225	0	0.15	1.0	population_size_change	phylter_k_300	N228	10X_up
4	1271	4	221	0.15	1.0	population_size_change	phylter_k_020	N228	10X_up
1274	1	225	0	0.15	1.0	population_size_change	phylter_k_300	N228	10X_up
1188	87	210	15	0.15	1.0	population_size_change	phylter_k_020	N228	10X_up
1241	34	220	5	0.15	1.0	population_size_change	phylter_k_155	N228	10X_up
1264	11	223	2	0.15	1.0	population_size_change	phylter_k_155	N228	10X_up
0	1275	0	225	0.15	1.0	population_size_change	phylter_k_050	N228	10X_up
4	1271	4	221	0.15	1.0	population_size_change	phylter_k_020	N228	10X_up
0	1275	0	225	0.15	1.0	population_size_change	phylter_k_050	N228	10X_up
1241	34	220	5	0.15	1.0	population_size_change	phylter_k_155	N228	10X_up
1275	0	225	0	0.15	1.0	population_size_change	phylter_k_300	N228	10X_up
1081	194	183	42	0.15	1.0	population_size_change	phylter_k_050	N228	10X_up
1447	23	30	0	0.02	1.0	population_size_change	phylter_k_155	N473	10X_down
19	1451	0	30	0.02	1.0	population_size_change	phylter_k_020	N473	10X_down
1342	128	24	6	0.02	1.0	population_size_change	phylter_k_020	N473	10X_down
3	1467	0	30	0.02	1.0	population_size_change	phylter_k_050	N473	10X_down
1434	36	25	5	0.02	1.0	population_size_change	phylter_k_155	N473	10X_down
3	1467	0	30	0.02	1.0	population_size_change	phylter_k_050	N473	10X_down
1469	1	30	0	0.02	1.0	population_size_change	phylter_k_300	N473	10X_down
1212	258	25	5	0.02	1.0	population_size_change	phylter_k_050	N473	10X_down
1434	36	25	5	0.02	1.0	population_size_change	phylter_k_155	N473	10X_down
1466	4	28	2	0.02	1.0	population_size_change	phylter_k_300	N473	10X_down
19	1451	0	30	0.02	1.0	population_size_change	phylter_k_020	N473	10X_down
1466	4	28	2	0.02	1.0	population_size_change	phylter_k_300	N473	10X_down
0	1275	0	225	0.15	1.0	population_size_change	phylter_k_050	N233	10X_up
1268	7	225	0	0.15	1.0	population_size_change	phylter_k_155	N233	10X_up
1275	0	225	0	0.15	1.0	population_size_change	phylter_k_300	N233	10X_up
1193	82	207	18	0.15	1.0	population_size_change	phylter_k_020	N233	10X_up
1246	29	221	4	0.15	1.0	population_size_change	phylter_k_155	N233	10X_up
1275	0	225	0	0.15	1.0	population_size_change	phylter_k_300	N233	10X_up
0	1275	0	225	0.15	1.0	population_size_change	phylter_k_020	N233	10X_up
1246	29	221	4	0.15	1.0	population_size_change	phylter_k_155	N233	10X_up
1055	220	164	61	0.15	1.0	population_size_change	phylter_k_050	N233	10X_up
1275	0	225	0	0.15	1.0	population_size_change	phylter_k_300	N233	10X_up
0	1275	0	225	0.15	1.0	population_size_change	phylter_k_020	N233	10X_up
0	1275	0	225	0.15	1.0	population_size_change	phylter_k_050	N233	10X_up
1110	15	367	8	0.25	1.0	population_size_change	phylter_k_155	N575	10X_down
1122	3	371	4	0.25	1.0	population_size_change	phylter_k_300	N575	10X_down
0	1125	0	375	0.25	1.0	population_size_change	phylter_k_020	N575	10X_down
1105	20	364	11	0.25	1.0	population_size_change	phylter_k_155	N575	10X_down
3	1122	1	374	0.25	1.0	population_size_change	phylter_k_020	N575	10X_down
0	1125	0	375	0.25	1.0	population_size_change	phylter_k_050	N575	10X_down
1125	0	375	0	0.25	1.0	population_size_change	phylter_k_300	N575	10X_down
834	291	250	125	0.25	1.0	population_size_change	phylter_k_050	N575	10X_down
0	1125	0	375	0.25	1.0	population_size_change	phylter_k_050	N575	10X_down
1096	29	363	12	0.25	1.0	population_size_change	phylter_k_020	N575	10X_down
1117	8	374	1	0.25	1.0	population_size_change	phylter_k_155	N575	10X_down
1123	2	373	2	0.25	1.0	population_size_change	phylter_k_300	N575	10X_down
1293	132	65	10	0.05	1.0	population_size_change	phylter_k_050	N616	10X_up
1421	4	73	2	0.05	1.0	population_size_change	phylter_k_300	N616	10X_up
1424	1	75	0	0.05	1.0	population_size_change	phylter_k_300	N616	10X_up
0	1425	0	75	0.05	1.0	population_size_change	phylter_k_050	N616	10X_up
0	1425	0	75	0.05	1.0	population_size_change	phylter_k_020	N616	10X_up
1317	108	68	7	0.05	1.0	population_size_change	phylter_k_020	N616	10X_up
1411	14	74	1	0.05	1.0	population_size_change	phylter_k_155	N616	10X_up
1396	29	70	5	0.05	1.0	population_size_change	phylter_k_155	N616	10X_up
0	1425	0	75	0.05	1.0	population_size_change	phylter_k_050	N616	10X_up
0	1425	0	75	0.05	1.0	population_size_change	phylter_k_020	N616	10X_up
1397	28	70	5	0.05	1.0	population_size_change	phylter_k_155	N616	10X_up
1421	4	73	2	0.05	1.0	population_size_change	phylter_k_300	N616	10X_up
1466	4	29	1	0.02	1.0	population_size_change	phylter_k_300	N615	10X_down
1466	4	29	1	0.02	1.0	population_size_change	phylter_k_300	N615	10X_down
0	1470	0	30	0.02	1.0	population_size_change	phylter_k_020	N615	10X_down
1422	48	24	6	0.02	1.0	population_size_change	phylter_k_155	N615	10X_down
1469	1	30	0	0.02	1.0	population_size_change	phylter_k_300	N615	10X_down
1043	427	20	10	0.02	1.0	population_size_change	phylter_k_050	N615	10X_down
0	1470	0	30	0.02	1.0	population_size_change	phylter_k_050	N615	10X_down
1	1469	1	29	0.02	1.0	population_size_change	phylter_k_020	N615	10X_down
0	1470	0	30	0.02	1.0	population_size_change	phylter_k_050	N615	10X_down
1337	133	24	6	0.02	1.0	population_size_change	phylter_k_020	N615	10X_down
1423	47	25	5	0.02	1.0	population_size_change	phylter_k_155	N615	10X_down
1436	34	29	1	0.02	1.0	population_size_change	phylter_k_155	N615	10X_down
1200	0	300	0	0.2	1.0	population_size_change	phylter_k_300	N544	10X_up
964	236	234	66	0.2	1.0	population_size_change	phylter_k_050	N544	10X_up
1180	20	284	16	0.2	1.0	population_size_change	phylter_k_155	N544	10X_up
4	1196	2	298	0.2	1.0	population_size_change	phylter_k_050	N544	10X_up
12	1188	1	299	0.2	1.0	population_size_change	phylter_k_020	N544	10X_up
0	1200	0	300	0.2	1.0	population_size_change	phylter_k_050	N544	10X_up
1190	10	295	5	0.2	1.0	population_size_change	phylter_k_155	N544	10X_up
1166	34	284	16	0.2	1.0	population_size_change	phylter_k_020	N544	10X_up
1175	25	283	17	0.2	1.0	population_size_change	phylter_k_155	N544	10X_up
1	1199	0	300	0.2	1.0	population_size_change	phylter_k_020	N544	10X_up
1196	4	297	3	0.2	1.0	population_size_change	phylter_k_300	N544	10X_up
1196	4	295	5	0.2	1.0	population_size_change	phylter_k_300	N544	10X_up
1271	4	222	3	0.15	1.0	population_size_change	phylter_k_300	N707	10X_down
0	1275	0	225	0.15	1.0	population_size_change	phylter_k_020	N707	10X_down
1255	20	215	10	0.15	1.0	population_size_change	phylter_k_155	N707	10X_down
1261	14	219	6	0.15	1.0	population_size_change	phylter_k_155	N707	10X_down
1249	26	213	12	0.15	1.0	population_size_change	phylter_k_155	N707	10X_down
0	1275	0	225	0.15	1.0	population_size_change	phylter_k_050	N707	10X_down
0	1275	0	225	0.15	1.0	population_size_change	phylter_k_020	N707	10X_down
1200	75	200	25	0.15	1.0	population_size_change	phylter_k_020	N707	10X_down
0	1275	0	225	0.15	1.0	population_size_change	phylter_k_050	N707	10X_down
1275	0	225	0	0.15	1.0	population_size_change	phylter_k_300	N707	10X_down
1272	3	222	3	0.15	1.0	population_size_change	phylter_k_300	N707	10X_down
1154	121	195	30	0.15	1.0	population_size_change	phylter_k_050	N707	10X_down
1267	83	127	23	0.1	1.0	population_size_change	phylter_k_020	N638	10X_down
1337	13	149	1	0.1	1.0	population_size_change	phylter_k_155	N638	10X_down
1	1349	0	150	0.1	1.0	population_size_change	phylter_k_050	N638	10X_down
1347	3	148	2	0.1	1.0	population_size_change	phylter_k_300	N638	10X_down
1327	23	145	5	0.1	1.0	population_size_change	phylter_k_155	N638	10X_down
1327	23	145	5	0.1	1.0	population_size_change	phylter_k_155	N638	10X_down
1350	0	150	0	0.1	1.0	population_size_change	phylter_k_300	N638	10X_down
1121	229	114	36	0.1	1.0	population_size_change	phylter_k_050	N638	10X_down
190	1160	17	133	0.1	1.0	population_size_change	phylter_k_020	N638	10X_down
190	1160	17	133	0.1	1.0	population_size_change	phylter_k_020	N638	10X_down
1	1349	0	150	0.1	1.0	population_size_change	phylter_k_050	N638	10X_down
1347	3	148	2	0.1	1.0	population_size_change	phylter_k_300	N638	10X_down
1326	24	146	4	0.1	1.0	population_size_change	phylter_k_155	N399	10X_up
1328	22	146	4	0.1	1.0	population_size_change	phylter_k_155	N399	10X_up
1348	2	148	2	0.1	1.0	population_size_change	phylter_k_300	N399	10X_up
0	1350	0	150	0.1	1.0	population_size_change	phylter_k_050	N399	10X_up
1255	95	136	14	0.1	1.0	population_size_change	phylter_k_050	N399	10X_up
1350	0	150	0	0.1	1.0	population_size_change	phylter_k_300	N399	10X_up
0	1350	0	150	0.1	1.0	population_size_change	phylter_k_020	N399	10X_up
0	1350	0	150	0.1	1.0	population_size_change	phylter_k_020	N399	10X_up
1348	2	148	2	0.1	1.0	population_size_change	phylter_k_300	N399	10X_up
1339	11	150	0	0.1	1.0	population_size_change	phylter_k_155	N399	10X_up
0	1350	0	150	0.1	1.0	population_size_change	phylter_k_050	N399	10X_up
1300	50	136	14	0.1	1.0	population_size_change	phylter_k_020	N399	10X_up
1422	3	73	2	0.05	1.0	population_size_change	phylter_k_300	N709	10X_up
1323	102	61	14	0.05	1.0	population_size_change	phylter_k_050	N709	10X_up
0	1425	0	75	0.05	1.0	population_size_change	phylter_k_050	N709	10X_up
1424	1	75	0	0.05	1.0	population_size_change	phylter_k_300	N709	10X_up
0	1425	0	75	0.05	1.0	population_size_change	phylter_k_020	N709	10X_up
0	1425	0	75	0.05	1.0	population_size_change	phylter_k_050	N709	10X_up
1380	45	64	11	0.05	1.0	population_size_change	phylter_k_155	N709	10X_up
1386	39	66	9	0.05	1.0	population_size_change	phylter_k_155	N709	10X_up
0	1425	0	75	0.05	1.0	population_size_change	phylter_k_020	N709	10X_up
1331	94	63	12	0.05	1.0	population_size_change	phylter_k_020	N709	10X_up
1422	3	73	2	0.05	1.0	population_size_change	phylter_k_300	N709	10X_up
1390	35	69	6	0.05	1.0	population_size_change	phylter_k_155	N709	10X_up
1413	12	75	0	0.05	1.0	population_size_change	phylter_k_155	N220	10X_up
1262	163	64	11	0.05	1.0	population_size_change	phylter_k_020	N220	10X_up
1361	64	72	3	0.05	1.0	population_size_change	phylter_k_155	N220	10X_up
1422	3	75	0	0.05	1.0	population_size_change	phylter_k_300	N220	10X_up
0	1425	0	75	0.05	1.0	population_size_change	phylter_k_020	N220	10X_up
1421	4	75	0	0.05	1.0	population_size_change	phylter_k_300	N220	10X_up
1424	1	75	0	0.05	1.0	population_size_change	phylter_k_300	N220	10X_up
1251	174	67	8	0.05	1.0	population_size_change	phylter_k_050	N220	10X_up
1381	44	74	1	0.05	1.0	population_size_change	phylter_k_155	N220	10X_up
0	1425	1	74	0.05	1.0	population_size_change	phylter_k_050	N220	10X_up
0	1425	1	74	0.05	1.0	population_size_change	phylter_k_020	N220	10X_up
0	1425	0	75	0.05	1.0	population_size_change	phylter_k_050	N220	10X_up
1385	40	72	3	0.05	1.0	population_size_change	phylter_k_155	N186	10X_down
0	1425	0	75	0.05	1.0	population_size_change	phylter_k_050	N186	10X_down
1424	1	75	0	0.05	1.0	population_size_change	phylter_k_300	N186	10X_down
1270	155	59	16	0.05	1.0	population_size_change	phylter_k_050	N186	10X_down
6	1419	1	74	0.05	1.0	population_size_change	phylter_k_020	N186	10X_down
0	1425	0	75	0.05	1.0	population_size_change	phylter_k_050	N186	10X_down
1422	3	75	0	0.05	1.0	population_size_change	phylter_k_300	N186	10X_down
1	1424	0	75	0.05	1.0	population_size_change	phylter_k_020	N186	10X_down
1385	40	72	3	0.05	1.0	population_size_change	phylter_k_155	N186	10X_down
1413	12	74	1	0.05	1.0	population_size_change	phylter_k_155	N186	10X_down
1422	3	75	0	0.05	1.0	population_size_change	phylter_k_300	N186	10X_down
1302	123	63	12	0.05	1.0	population_size_change	phylter_k_020	N186	10X_down
0	1125	0	375	0.25	1.0	population_size_change	phylter_k_020	N233	10X_up
1105	20	366	9	0.25	1.0	population_size_change	phylter_k_155	N233	10X_up
1	1124	0	375	0.25	1.0	population_size_change	phylter_k_050	N233	10X_up
945	180	287	88	0.25	1.0	population_size_change	phylter_k_050	N233	10X_up
0	1125	0	375	0.25	1.0	population_size_change	phylter_k_020	N233	10X_up
1125	0	375	0	0.25	1.0	population_size_change	phylter_k_300	N233	10X_up
1105	20	366	9	0.25	1.0	population_size_change	phylter_k_155	N233	10X_up
1125	0	374	1	0.25	1.0	population_size_change	phylter_k_300	N233	10X_up
1125	0	374	1	0.25	1.0	population_size_change	phylter_k_300	N233	10X_up
1120	5	374	1	0.25	1.0	population_size_change	phylter_k_155	N233	10X_up
1	1124	0	375	0.25	1.0	population_size_change	phylter_k_050	N233	10X_up
1019	106	338	37	0.25	1.0	population_size_change	phylter_k_020	N233	10X_up
0	1275	0	225	0.15	1.0	population_size_change	phylter_k_020	N717	10X_down
1272	3	221	4	0.15	1.0	population_size_change	phylter_k_300	N717	10X_down
979	296	170	55	0.15	1.0	population_size_change	phylter_k_050	N717	10X_down
1274	1	225	0	0.15	1.0	population_size_change	phylter_k_300	N717	10X_down
1257	18	209	16	0.15	1.0	population_size_change	phylter_k_155	N717	10X_down
1273	2	221	4	0.15	1.0	population_size_change	phylter_k_300	N717	10X_down
1166	109	188	37	0.15	1.0	population_size_change	phylter_k_020	N717	10X_down
1257	18	212	13	0.15	1.0	population_size_change	phylter_k_155	N717	10X_down
0	1275	0	225	0.15	1.0	population_size_change	phylter_k_050	N717	10X_down
1259	16	217	8	0.15	1.0	population_size_change	phylter_k_155	N717	10X_down
0	1275	0	225	0.15	1.0	population_size_change	phylter_k_020	N717	10X_down
0	1275	0	225	0.15	1.0	population_size_change	phylter_k_050	N717	10X_down
1018	107	333	42	0.25	1.0	population_size_change	phylter_k_050	N186	10X_down
1125	0	375	0	0.25	1.0	population_size_change	phylter_k_300	N186	10X_down
1125	0	375	0	0.25	1.0	population_size_change	phylter_k_300	N186	10X_down
0	1125	0	375	0.25	1.0	population_size_change	phylter_k_050	N186	10X_down
1101	24	369	6	0.25	1.0	population_size_change	phylter_k_155	N186	10X_down
1099	26	369	6	0.25	1.0	population_size_change	phylter_k_155	N186	10X_down
0	1125	0	375	0.25	1.0	population_size_change	phylter_k_020	N186	10X_down
0	1125	0	375	0.25	1.0	population_size_change	phylter_k_050	N186	10X_down
1118	7	374	1	0.25	1.0	population_size_change	phylter_k_155	N186	10X_down
0	1125	0	375	0.25	1.0	population_size_change	phylter_k_020	N186	10X_down
1125	0	375	0	0.25	1.0	population_size_change	phylter_k_300	N186	10X_down
1008	117	335	40	0.25	1.0	population_size_change	phylter_k_020	N186	10X_down
1295	130	68	7	0.05	1.0	population_size_change	phylter_k_020	N579	10X_up
1420	5	73	2	0.05	1.0	population_size_change	phylter_k_300	N579	10X_up
1409	16	72	3	0.05	1.0	population_size_change	phylter_k_155	N579	10X_up
1	1424	0	75	0.05	1.0	population_size_change	phylter_k_020	N579	10X_up
1420	5	73	2	0.05	1.0	population_size_change	phylter_k_300	N579	10X_up
1395	30	69	6	0.05	1.0	population_size_change	phylter_k_155	N579	10X_up
4	1421	1	74	0.05	1.0	population_size_change	phylter_k_050	N579	10X_up
1424	1	75	0	0.05	1.0	population_size_change	phylter_k_300	N579	10X_up
1336	89	69	6	0.05	1.0	population_size_change	phylter_k_050	N579	10X_up
1395	30	69	6	0.05	1.0	population_size_change	phylter_k_155	N579	10X_up
4	1421	1	74	0.05	1.0	population_size_change	phylter_k_050	N579	10X_up
1	1424	0	75	0.05	1.0	population_size_change	phylter_k_020	N579	10X_up
1094	31	366	9	0.25	1.0	population_size_change	phylter_k_155	N228	10X_up
1125	0	375	0	0.25	1.0	population_size_change	phylter_k_300	N228	10X_up
1125	0	375	0	0.25	1.0	population_size_change	phylter_k_300	N228	10X_up
7	1118	3	372	0.25	1.0	population_size_change	phylter_k_020	N228	10X_up
1125	0	375	0	0.25	1.0	population_size_change	phylter_k_300	N228	10X_up
811	314	267	108	0.25	1.0	population_size_change	phylter_k_050	N228	10X_up
1094	31	366	9	0.25	1.0	population_size_change	phylter_k_155	N228	10X_up
1	1124	0	375	0.25	1.0	population_size_change	phylter_k_050	N228	10X_up
1086	39	357	18	0.25	1.0	population_size_change	phylter_k_020	N228	10X_up
1	1124	0	375	0.25	1.0	population_size_change	phylter_k_050	N228	10X_up
7	1118	3	372	0.25	1.0	population_size_change	phylter_k_020	N228	10X_up
1114	11	372	3	0.25	1.0	population_size_change	phylter_k_155	N228	10X_up
1465	5	30	0	0.02	1.0	population_size_change	phylter_k_300	N635	10X_up
3	1467	0	30	0.02	1.0	population_size_change	phylter_k_050	N635	10X_up
1162	308	20	10	0.02	1.0	population_size_change	phylter_k_050	N635	10X_up
1469	1	30	0	0.02	1.0	population_size_change	phylter_k_300	N635	10X_up
1421	49	28	2	0.02	1.0	population_size_change	phylter_k_155	N635	10X_up
198	1272	4	26	0.02	1.0	population_size_change	phylter_k_020	N635	10X_up
3	1467	0	30	0.02	1.0	population_size_change	phylter_k_050	N635	10X_up
1421	49	28	2	0.02	1.0	population_size_change	phylter_k_155	N635	10X_up
1432	38	30	0	0.02	1.0	population_size_change	phylter_k_155	N635	10X_up
1465	5	30	0	0.02	1.0	population_size_change	phylter_k_300	N635	10X_up
198	1272	4	26	0.02	1.0	population_size_change	phylter_k_020	N635	10X_up
1350	120	27	3	0.02	1.0	population_size_change	phylter_k_020	N635	10X_up
1271	4	221	4	0.15	1.0	population_size_change	phylter_k_300	N690	10X_up
1265	10	221	4	0.15	1.0	population_size_change	phylter_k_155	N690	10X_up
0	1275	0	225	0.15	1.0	population_size_change	phylter_k_050	N690	10X_up
1164	111	192	33	0.15	1.0	population_size_change	phylter_k_020	N690	10X_up
50	1225	8	217	0.15	1.0	population_size_change	phylter_k_050	N690	10X_up
1250	25	211	14	0.15	1.0	population_size_change	phylter_k_155	N690	10X_up
0	1275	0	225	0.15	1.0	population_size_change	phylter_k_020	N690	10X_up
1202	73	207	18	0.15	1.0	population_size_change	phylter_k_050	N690	10X_up
1271	4	221	4	0.15	1.0	population_size_change	phylter_k_300	N690	10X_up
1275	0	225	0	0.15	1.0	population_size_change	phylter_k_300	N690	10X_up
1254	21	213	12	0.15	1.0	population_size_change	phylter_k_155	N690	10X_up
0	1275	0	225	0.15	1.0	population_size_change	phylter_k_020	N690	10X_up
0	1125	0	375	0.25	1.0	population_size_change	phylter_k_020	N497	10X_up
1113	12	367	8	0.25	1.0	population_size_change	phylter_k_155	N497	10X_up
1123	2	373	2	0.25	1.0	population_size_change	phylter_k_300	N497	10X_up
0	1125	0	375	0.25	1.0	population_size_change	phylter_k_050	N497	10X_up
1125	0	375	0	0.25	1.0	population_size_change	phylter_k_300	N497	10X_up
1016	109	333	42	0.25	1.0	population_size_change	phylter_k_050	N497	10X_up
1112	13	363	12	0.25	1.0	population_size_change	phylter_k_155	N497	10X_up
33	1092	10	365	0.25	1.0	population_size_change	phylter_k_020	N497	10X_up
0	1125	0	375	0.25	1.0	population_size_change	phylter_k_050	N497	10X_up
1124	1	374	1	0.25	1.0	population_size_change	phylter_k_300	N497	10X_up
1118	7	373	2	0.25	1.0	population_size_change	phylter_k_155	N497	10X_up
1088	37	353	22	0.25	1.0	population_size_change	phylter_k_020	N497	10X_up
1350	0	150	0	0.1	1.0	population_size_change	phylter_k_300	N716	10X_up
1338	12	146	4	0.1	1.0	population_size_change	phylter_k_155	N716	10X_up
1240	110	126	24	0.1	1.0	population_size_change	phylter_k_050	N716	10X_up
0	1350	0	150	0.1	1.0	population_size_change	phylter_k_050	N716	10X_up
0	1350	0	150	0.1	1.0	population_size_change	phylter_k_050	N716	10X_up
0	1350	0	150	0.1	1.0	population_size_change	phylter_k_020	N716	10X_up
1268	82	132	18	0.1	1.0	population_size_change	phylter_k_020	N716	10X_up
1342	8	150	0	0.1	1.0	population_size_change	phylter_k_155	N716	10X_up
1336	14	145	5	0.1	1.0	population_size_change	phylter_k_155	N716	10X_up
1348	2	149	1	0.1	1.0	population_size_change	phylter_k_300	N716	10X_up
0	1350	0	150	0.1	1.0	population_size_change	phylter_k_020	N716	10X_up
1346	4	149	1	0.1	1.0	population_size_change	phylter_k_300	N716	10X_up
1342	8	147	3	0.1	1.0	population_size_change	phylter_k_155	N707	10X_down
1245	105	122	28	0.1	1.0	population_size_change	phylter_k_020	N707	10X_down
1330	20	144	6	0.1	1.0	population_size_change	phylter_k_155	N707	10X_down
1347	3	149	1	0.1	1.0	population_size_change	phylter_k_300	N707	10X_down
0	1350	0	150	0.1	1.0	population_size_change	phylter_k_020	N707	10X_down
1346	4	149	1	0.1	1.0	population_size_change	phylter_k_300	N707	10X_down
1350	0	150	0	0.1	1.0	population_size_change	phylter_k_300	N707	10X_down
1277	73	124	26	0.1	1.0	population_size_change	phylter_k_050	N707	10X_down
1336	14	145	5	0.1	1.0	population_size_change	phylter_k_155	N707	10X_down
0	1350	0	150	0.1	1.0	population_size_change	phylter_k_050	N707	10X_down
0	1350	0	150	0.1	1.0	population_size_change	phylter_k_020	N707	10X_down
0	1350	0	150	0.1	1.0	population_size_change	phylter_k_050	N707	10X_down
3	1272	0	225	0.15	1.0	population_size_change	phylter_k_050	N638	10X_down
1272	3	223	2	0.15	1.0	population_size_change	phylter_k_300	N638	10X_down
1188	87	203	22	0.15	1.0	population_size_change	phylter_k_020	N638	10X_down
1266	9	225	0	0.15	1.0	population_size_change	phylter_k_155	N638	10X_down
393	882	60	165	0.15	1.0	population_size_change	phylter_k_020	N638	10X_down
1272	3	223	2	0.15	1.0	population_size_change	phylter_k_300	N638	10X_down
393	882	60	165	0.15	1.0	population_size_change	phylter_k_020	N638	10X_down
3	1272	0	225	0.15	1.0	population_size_change	phylter_k_050	N638	10X_down
1258	17	219	6	0.15	1.0	population_size_change	phylter_k_155	N638	10X_down
1258	17	219	6	0.15	1.0	population_size_change	phylter_k_155	N638	10X_down
1275	0	225	0	0.15	1.0	population_size_change	phylter_k_300	N638	10X_down
1153	122	198	27	0.15	1.0	population_size_change	phylter_k_050	N638	10X_down
991	479	20	10	0.02	1.0	population_size_change	phylter_k_050	N573	10X_down
0	1470	0	30	0.02	1.0	population_size_change	phylter_k_050	N573	10X_down
1469	1	30	0	0.02	1.0	population_size_change	phylter_k_300	N573	10X_down
1465	5	28	2	0.02	1.0	population_size_change	phylter_k_300	N573	10X_down
1465	5	28	2	0.02	1.0	population_size_change	phylter_k_300	N573	10X_down
0	1470	0	30	0.02	1.0	population_size_change	phylter_k_020	N573	10X_down
1428	42	30	0	0.02	1.0	population_size_change	phylter_k_155	N573	10X_down
1327	143	24	6	0.02	1.0	population_size_change	phylter_k_020	N573	10X_down
0	1470	0	30	0.02	1.0	population_size_change	phylter_k_050	N573	10X_down
0	1470	0	30	0.02	1.0	population_size_change	phylter_k_020	N573	10X_down
1409	61	28	2	0.02	1.0	population_size_change	phylter_k_155	N573	10X_down
1419	51	28	2	0.02	1.0	population_size_change	phylter_k_155	N573	10X_down
1390	35	70	5	0.05	1.0	population_size_change	phylter_k_155	N679	10X_up
1419	6	73	2	0.05	1.0	population_size_change	phylter_k_300	N679	10X_up
240	1185	9	66	0.05	1.0	population_size_change	phylter_k_050	N679	10X_up
1312	113	67	8	0.05	1.0	population_size_change	phylter_k_020	N679	10X_up
1376	49	64	11	0.05	1.0	population_size_change	phylter_k_155	N679	10X_up
1373	52	64	11	0.05	1.0	population_size_change	phylter_k_155	N679	10X_up
627	798	24	51	0.05	1.0	population_size_change	phylter_k_050	N679	10X_up
1424	1	75	0	0.05	1.0	population_size_change	phylter_k_300	N679	10X_up
8	1417	0	75	0.05	1.0	population_size_change	phylter_k_020	N679	10X_up
1287	138	62	13	0.05	1.0	population_size_change	phylter_k_050	N679	10X_up
1419	6	73	2	0.05	1.0	population_size_change	phylter_k_300	N679	10X_up
319	1106	15	60	0.05	1.0	population_size_change	phylter_k_020	N679	10X_up
1141	59	285	15	0.2	1.0	population_size_change	phylter_k_020	N186	10X_down
1172	28	295	5	0.2	1.0	population_size_change	phylter_k_155	N186	10X_down
1192	8	299	1	0.2	1.0	population_size_change	phylter_k_155	N186	10X_down
0	1200	0	300	0.2	1.0	population_size_change	phylter_k_050	N186	10X_down
44	1156	17	283	0.2	1.0	population_size_change	phylter_k_020	N186	10X_down
0	1200	0	300	0.2	1.0	population_size_change	phylter_k_050	N186	10X_down
1107	93	265	35	0.2	1.0	population_size_change	phylter_k_050	N186	10X_down
1168	32	295	5	0.2	1.0	population_size_change	phylter_k_155	N186	10X_down
1200	0	300	0	0.2	1.0	population_size_change	phylter_k_300	N186	10X_down
1199	1	300	0	0.2	1.0	population_size_change	phylter_k_300	N186	10X_down
13	1187	3	297	0.2	1.0	population_size_change	phylter_k_020	N186	10X_down
1199	1	300	0	0.2	1.0	population_size_change	phylter_k_300	N186	10X_down
1112	13	366	9	0.25	1.0	population_size_change	phylter_k_155	N714	10X_up
1002	123	330	45	0.25	1.0	population_size_change	phylter_k_050	N714	10X_up
0	1125	0	375	0.25	1.0	population_size_change	phylter_k_050	N714	10X_up
1125	0	375	0	0.25	1.0	population_size_change	phylter_k_300	N714	10X_up
0	1125	0	375	0.25	1.0	population_size_change	phylter_k_020	N714	10X_up
0	1125	0	375	0.25	1.0	population_size_change	phylter_k_050	N714	10X_up
1111	14	362	13	0.25	1.0	population_size_change	phylter_k_155	N714	10X_up
1122	3	373	2	0.25	1.0	population_size_change	phylter_k_300	N714	10X_up
1117	8	372	3	0.25	1.0	population_size_change	phylter_k_155	N714	10X_up
0	1125	0	375	0.25	1.0	population_size_change	phylter_k_020	N714	10X_up
1123	2	374	1	0.25	1.0	population_size_change	phylter_k_300	N714	10X_up
1060	65	341	34	0.25	1.0	population_size_change	phylter_k_020	N714	10X_up
1347	3	148	2	0.1	1.0	population_size_change	phylter_k_300	N717	10X_down
1338	12	145	5	0.1	1.0	population_size_change	phylter_k_155	N717	10X_down
0	1350	0	150	0.1	1.0	population_size_change	phylter_k_020	N717	10X_down
0	1350	0	150	0.1	1.0	population_size_change	phylter_k_050	N717	10X_down
1342	8	147	3	0.1	1.0	population_size_change	phylter_k_155	N717	10X_down
1336	14	143	7	0.1	1.0	population_size_change	phylter_k_155	N717	10X_down
1174	176	123	27	0.1	1.0	population_size_change	phylter_k_020	N717	10X_down
0	1350	0	150	0.1	1.0	population_size_change	phylter_k_020	N717	10X_down
0	1350	0	150	0.1	1.0	population_size_change	phylter_k_050	N717	10X_down
1350	0	150	0	0.1	1.0	population_size_change	phylter_k_300	N717	10X_down
1348	2	149	1	0.1	1.0	population_size_change	phylter_k_300	N717	10X_down
1239	111	131	19	0.1	1.0	population_size_change	phylter_k_050	N717	10X_down
1391	34	72	3	0.05	1.0	population_size_change	phylter_k_155	N238	10X_up
1363	62	67	8	0.05	1.0	population_size_change	phylter_k_155	N238	10X_up
1321	104	65	10	0.05	1.0	population_size_change	phylter_k_020	N238	10X_up
0	1425	0	75	0.05	1.0	population_size_change	phylter_k_050	N238	10X_up
0	1425	0	75	0.05	1.0	population_size_change	phylter_k_020	N238	10X_up
0	1425	0	75	0.05	1.0	population_size_change	phylter_k_050	N238	10X_up
1424	1	75	0	0.05	1.0	population_size_change	phylter_k_300	N238	10X_up
1098	327	54	21	0.05	1.0	population_size_change	phylter_k_050	N238	10X_up
0	1425	0	75	0.05	1.0	population_size_change	phylter_k_020	N238	10X_up
1423	2	75	0	0.05	1.0	population_size_change	phylter_k_300	N238	10X_up
1423	2	75	0	0.05	1.0	population_size_change	phylter_k_300	N238	10X_up
1358	67	67	8	0.05	1.0	population_size_change	phylter_k_155	N238	10X_up
1469	1	30	0	0.02	1.0	population_size_change	phylter_k_300	N620	10X_up
0	1470	0	30	0.02	1.0	population_size_change	phylter_k_020	N620	10X_up
1466	4	28	2	0.02	1.0	population_size_change	phylter_k_300	N620	10X_up
1104	366	23	7	0.02	1.0	population_size_change	phylter_k_050	N620	10X_up
1465	5	28	2	0.02	1.0	population_size_change	phylter_k_300	N620	10X_up
1414	56	25	5	0.02	1.0	population_size_change	phylter_k_155	N620	10X_up
1431	39	29	1	0.02	1.0	population_size_change	phylter_k_155	N620	10X_up
0	1470	0	30	0.02	1.0	population_size_change	phylter_k_050	N620	10X_up
0	1470	0	30	0.02	1.0	population_size_change	phylter_k_020	N620	10X_up
1352	118	25	5	0.02	1.0	population_size_change	phylter_k_020	N620	10X_up
0	1470	0	30	0.02	1.0	population_size_change	phylter_k_050	N620	10X_up
1416	54	25	5	0.02	1.0	population_size_change	phylter_k_155	N620	10X_up
2	1273	0	225	0.15	1.0	population_size_change	phylter_k_020	Accipitriformes	10X_up
0	1275	0	225	0.15	1.0	population_size_change	phylter_k_050	Accipitriformes	10X_up
0	1275	0	225	0.15	1.0	population_size_change	phylter_k_050	Accipitriformes	10X_up
1229	46	216	9	0.15	1.0	population_size_change	phylter_k_155	Accipitriformes	10X_up
1267	8	224	1	0.15	1.0	population_size_change	phylter_k_155	Accipitriformes	10X_up
1164	111	196	29	0.15	1.0	population_size_change	phylter_k_020	Accipitriformes	10X_up
1226	49	214	11	0.15	1.0	population_size_change	phylter_k_155	Accipitriformes	10X_up
1274	1	224	1	0.15	1.0	population_size_change	phylter_k_300	Accipitriformes	10X_up
1101	174	189	36	0.15	1.0	population_size_change	phylter_k_050	Accipitriformes	10X_up
1273	2	224	1	0.15	1.0	population_size_change	phylter_k_300	Accipitriformes	10X_up
1275	0	225	0	0.15	1.0	population_size_change	phylter_k_300	Accipitriformes	10X_up
0	1275	0	225	0.15	1.0	population_size_change	phylter_k_020	Accipitriformes	10X_up
0	1470	0	30	0.02	1.0	population_size_change	phylter_k_020	N617	10X_up
1335	135	26	4	0.02	1.0	population_size_change	phylter_k_020	N617	10X_up
0	1470	0	30	0.02	1.0	population_size_change	phylter_k_050	N617	10X_up
1446	24	30	0	0.02	1.0	population_size_change	phylter_k_155	N617	10X_up
1432	38	27	3	0.02	1.0	population_size_change	phylter_k_155	N617	10X_up
0	1470	0	30	0.02	1.0	population_size_change	phylter_k_050	N617	10X_up
1466	4	28	2	0.02	1.0	population_size_change	phylter_k_300	N617	10X_up
1222	248	23	7	0.02	1.0	population_size_change	phylter_k_050	N617	10X_up
1429	41	26	4	0.02	1.0	population_size_change	phylter_k_155	N617	10X_up
1469	1	30	0	0.02	1.0	population_size_change	phylter_k_300	N617	10X_up
0	1470	0	30	0.02	1.0	population_size_change	phylter_k_020	N617	10X_up
1466	4	28	2	0.02	1.0	population_size_change	phylter_k_300	N617	10X_up
1	1199	0	300	0.2	1.0	population_size_change	phylter_k_020	N459	10X_down
886	314	220	80	0.2	1.0	population_size_change	phylter_k_020	N459	10X_down
1187	13	293	7	0.2	1.0	population_size_change	phylter_k_155	N459	10X_down
1193	7	298	2	0.2	1.0	population_size_change	phylter_k_155	N459	10X_down
1199	1	296	4	0.2	1.0	population_size_change	phylter_k_300	N459	10X_down
14	1186	3	297	0.2	1.0	population_size_change	phylter_k_020	N459	10X_down
1187	13	293	7	0.2	1.0	population_size_change	phylter_k_155	N459	10X_down
0	1200	2	298	0.2	1.0	population_size_change	phylter_k_050	N459	10X_down
1200	0	300	0	0.2	1.0	population_size_change	phylter_k_300	N459	10X_down
0	1200	0	300	0.2	1.0	population_size_change	phylter_k_050	N459	10X_down
1099	101	263	37	0.2	1.0	population_size_change	phylter_k_050	N459	10X_down
1199	1	296	4	0.2	1.0	population_size_change	phylter_k_300	N459	10X_down
1274	1	225	0	0.15	1.0	population_size_change	phylter_k_300	N498	10X_down
706	569	115	110	0.15	1.0	population_size_change	phylter_k_050	N498	10X_down
1272	3	223	2	0.15	1.0	population_size_change	phylter_k_300	N498	10X_down
0	1275	0	225	0.15	1.0	population_size_change	phylter_k_050	N498	10X_down
1220	55	201	24	0.15	1.0	population_size_change	phylter_k_020	N498	10X_down
1262	13	216	9	0.15	1.0	population_size_change	phylter_k_155	N498	10X_down
1268	7	222	3	0.15	1.0	population_size_change	phylter_k_155	N498	10X_down
1260	15	215	10	0.15	1.0	population_size_change	phylter_k_155	N498	10X_down
1	1274	0	225	0.15	1.0	population_size_change	phylter_k_020	N498	10X_down
0	1275	0	225	0.15	1.0	population_size_change	phylter_k_020	N498	10X_down
1271	4	222	3	0.15	1.0	population_size_change	phylter_k_300	N498	10X_down
0	1275	0	225	0.15	1.0	population_size_change	phylter_k_050	N498	10X_down
1226	124	124	26	0.1	1.0	population_size_change	phylter_k_020	N276	10X_down
0	1350	0	150	0.1	1.0	population_size_change	phylter_k_050	N276	10X_down
1337	13	149	1	0.1	1.0	population_size_change	phylter_k_155	N276	10X_down
1349	1	150	0	0.1	1.0	population_size_change	phylter_k_300	N276	10X_down
1348	2	150	0	0.1	1.0	population_size_change	phylter_k_300	N276	10X_down
1335	15	149	1	0.1	1.0	population_size_change	phylter_k_155	N276	10X_down
1091	259	112	38	0.1	1.0	population_size_change	phylter_k_050	N276	10X_down
1349	1	150	0	0.1	1.0	population_size_change	phylter_k_300	N276	10X_down
0	1350	0	150	0.1	1.0	population_size_change	phylter_k_020	N276	10X_down
1321	29	149	1	0.1	1.0	population_size_change	phylter_k_155	N276	10X_down
0	1350	0	150	0.1	1.0	population_size_change	phylter_k_020	N276	10X_down
0	1350	0	150	0.1	1.0	population_size_change	phylter_k_050	N276	10X_down
1199	1	299	1	0.2	1.0	population_size_change	phylter_k_300	Accipitriformes	10X_up
1	1199	1	299	0.2	1.0	population_size_change	phylter_k_020	Accipitriformes	10X_up
1112	88	268	32	0.2	1.0	population_size_change	phylter_k_020	Accipitriformes	10X_up
0	1200	0	300	0.2	1.0	population_size_change	phylter_k_050	Accipitriformes	10X_up
0	1200	0	300	0.2	1.0	population_size_change	phylter_k_020	Accipitriformes	10X_up
1191	9	299	1	0.2	1.0	population_size_change	phylter_k_155	Accipitriformes	10X_up
1147	53	288	12	0.2	1.0	population_size_change	phylter_k_155	Accipitriformes	10X_up
1154	46	290	10	0.2	1.0	population_size_change	phylter_k_155	Accipitriformes	10X_up
0	1200	0	300	0.2	1.0	population_size_change	phylter_k_050	Accipitriformes	10X_up
1199	1	299	1	0.2	1.0	population_size_change	phylter_k_300	Accipitriformes	10X_up
1014	186	249	51	0.2	1.0	population_size_change	phylter_k_050	Accipitriformes	10X_up
1200	0	300	0	0.2	1.0	population_size_change	phylter_k_300	Accipitriformes	10X_up
1	1199	0	300	0.2	1.0	population_size_change	phylter_k_020	N532	10X_down
1191	9	300	0	0.2	1.0	population_size_change	phylter_k_155	N532	10X_down
1197	3	297	3	0.2	1.0	population_size_change	phylter_k_300	N532	10X_down
1138	62	278	22	0.2	1.0	population_size_change	phylter_k_020	N532	10X_down
1198	2	298	2	0.2	1.0	population_size_change	phylter_k_300	N532	10X_down
1178	22	290	10	0.2	1.0	population_size_change	phylter_k_155	N532	10X_down
1152	48	282	18	0.2	1.0	population_size_change	phylter_k_050	N532	10X_down
1200	0	300	0	0.2	1.0	population_size_change	phylter_k_300	N532	10X_down
1184	16	292	8	0.2	1.0	population_size_change	phylter_k_155	N532	10X_down
0	1200	0	300	0.2	1.0	population_size_change	phylter_k_050	N532	10X_down
33	1167	8	292	0.2	1.0	population_size_change	phylter_k_020	N532	10X_down
3	1197	1	299	0.2	1.0	population_size_change	phylter_k_050	N532	10X_down
559	911	11	19	0.02	1.0	population_size_change	phylter_k_020	N651	10X_down
1465	5	28	2	0.02	1.0	population_size_change	phylter_k_300	N651	10X_down
369	1101	4	26	0.02	1.0	population_size_change	phylter_k_050	N651	10X_down
559	911	11	19	0.02	1.0	population_size_change	phylter_k_020	N651	10X_down
1278	192	24	6	0.02	1.0	population_size_change	phylter_k_050	N651	10X_down
1424	46	25	5	0.02	1.0	population_size_change	phylter_k_155	N651	10X_down
1469	1	30	0	0.02	1.0	population_size_change	phylter_k_300	N651	10X_down
1424	46	25	5	0.02	1.0	population_size_change	phylter_k_155	N651	10X_down
369	1101	4	26	0.02	1.0	population_size_change	phylter_k_050	N651	10X_down
1465	5	28	2	0.02	1.0	population_size_change	phylter_k_300	N651	10X_down
1433	37	28	2	0.02	1.0	population_size_change	phylter_k_155	N651	10X_down
1329	141	21	9	0.02	1.0	population_size_change	phylter_k_020	N651	10X_down
1117	353	20	10	0.02	1.0	population_size_change	phylter_k_050	N118	10X_up
0	1470	0	30	0.02	1.0	population_size_change	phylter_k_050	N118	10X_up
1469	1	30	0	0.02	1.0	population_size_change	phylter_k_300	N118	10X_up
1469	1	30	0	0.02	1.0	population_size_change	phylter_k_300	N118	10X_up
1429	41	27	3	0.02	1.0	population_size_change	phylter_k_155	N118	10X_up
0	1470	0	30	0.02	1.0	population_size_change	phylter_k_050	N118	10X_up
1469	1	30	0	0.02	1.0	population_size_change	phylter_k_300	N118	10X_up
0	1470	0	30	0.02	1.0	population_size_change	phylter_k_020	N118	10X_up
0	1470	0	30	0.02	1.0	population_size_change	phylter_k_020	N118	10X_up
1335	135	24	6	0.02	1.0	population_size_change	phylter_k_020	N118	10X_up
1399	71	27	3	0.02	1.0	population_size_change	phylter_k_155	N118	10X_up
1414	56	27	3	0.02	1.0	population_size_change	phylter_k_155	N118	10X_up
1015	110	347	28	0.25	1.0	population_size_change	phylter_k_020	N690	10X_up
0	1125	1	374	0.25	1.0	population_size_change	phylter_k_050	N690	10X_up
0	1125	0	375	0.25	1.0	population_size_change	phylter_k_020	N690	10X_up
0	1125	0	375	0.25	1.0	population_size_change	phylter_k_050	N690	10X_up
1120	5	375	0	0.25	1.0	population_size_change	phylter_k_155	N690	10X_up
1112	13	363	12	0.25	1.0	population_size_change	phylter_k_155	N690	10X_up
1121	4	370	5	0.25	1.0	population_size_change	phylter_k_300	N690	10X_up
0	1125	0	375	0.25	1.0	population_size_change	phylter_k_020	N690	10X_up
1056	69	342	33	0.25	1.0	population_size_change	phylter_k_050	N690	10X_up
1121	4	369	6	0.25	1.0	population_size_change	phylter_k_300	N690	10X_up
1125	0	375	0	0.25	1.0	population_size_change	phylter_k_300	N690	10X_up
1109	16	362	13	0.25	1.0	population_size_change	phylter_k_155	N690	10X_up
181	1289	1	29	0.02	1.0	population_size_change	phylter_k_020	N460	10X_down
1327	143	24	6	0.02	1.0	population_size_change	phylter_k_020	N460	10X_down
1421	49	24	6	0.02	1.0	population_size_change	phylter_k_155	N460	10X_down
1467	3	30	0	0.02	1.0	population_size_change	phylter_k_300	N460	10X_down
1429	41	26	4	0.02	1.0	population_size_change	phylter_k_155	N460	10X_down
7	1463	0	30	0.02	1.0	population_size_change	phylter_k_050	N460	10X_down
1421	49	24	6	0.02	1.0	population_size_change	phylter_k_155	N460	10X_down
340	1130	2	28	0.02	1.0	population_size_change	phylter_k_020	N460	10X_down
1267	203	25	5	0.02	1.0	population_size_change	phylter_k_050	N460	10X_down
1469	1	30	0	0.02	1.0	population_size_change	phylter_k_300	N460	10X_down
1	1469	0	30	0.02	1.0	population_size_change	phylter_k_050	N460	10X_down
1468	2	30	0	0.02	1.0	population_size_change	phylter_k_300	N460	10X_down
0	1275	0	225	0.15	1.0	population_size_change	phylter_k_050	N497	10X_up
1	1274	0	225	0.15	1.0	population_size_change	phylter_k_020	N497	10X_up
0	1275	0	225	0.15	1.0	population_size_change	phylter_k_050	N497	10X_up
1260	15	215	10	0.15	1.0	population_size_change	phylter_k_155	N497	10X_up
1274	1	225	0	0.15	1.0	population_size_change	phylter_k_300	N497	10X_up
1067	208	183	42	0.15	1.0	population_size_change	phylter_k_050	N497	10X_up
1273	2	222	3	0.15	1.0	population_size_change	phylter_k_300	N497	10X_up
0	1275	0	225	0.15	1.0	population_size_change	phylter_k_020	N497	10X_up
1273	2	223	2	0.15	1.0	population_size_change	phylter_k_300	N497	10X_up
1176	99	189	36	0.15	1.0	population_size_change	phylter_k_020	N497	10X_up
1257	18	212	13	0.15	1.0	population_size_change	phylter_k_155	N497	10X_up
1263	12	222	3	0.15	1.0	population_size_change	phylter_k_155	N497	10X_up
1189	11	287	13	0.2	1.0	population_size_change	phylter_k_155	N716	10X_up
0	1200	0	300	0.2	1.0	population_size_change	phylter_k_020	N716	10X_up
1189	11	298	2	0.2	1.0	population_size_change	phylter_k_155	N716	10X_up
1199	1	298	2	0.2	1.0	population_size_change	phylter_k_300	N716	10X_up
1108	92	251	49	0.2	1.0	population_size_change	phylter_k_020	N716	10X_up
1199	1	296	4	0.2	1.0	population_size_change	phylter_k_300	N716	10X_up
1189	11	290	10	0.2	1.0	population_size_change	phylter_k_155	N716	10X_up
1134	66	272	28	0.2	1.0	population_size_change	phylter_k_050	N716	10X_up
1199	1	300	0	0.2	1.0	population_size_change	phylter_k_300	N716	10X_up
0	1200	0	300	0.2	1.0	population_size_change	phylter_k_050	N716	10X_up
0	1200	0	300	0.2	1.0	population_size_change	phylter_k_020	N716	10X_up
0	1200	0	300	0.2	1.0	population_size_change	phylter_k_050	N716	10X_up
1393	32	72	3	0.05	1.0	population_size_change	phylter_k_155	N425	10X_up
1423	2	75	0	0.05	1.0	population_size_change	phylter_k_300	N425	10X_up
1281	144	65	10	0.05	1.0	population_size_change	phylter_k_020	N425	10X_up
1400	25	75	0	0.05	1.0	population_size_change	phylter_k_155	N425	10X_up
2	1423	0	75	0.05	1.0	population_size_change	phylter_k_020	N425	10X_up
1423	2	75	0	0.05	1.0	population_size_change	phylter_k_300	N425	10X_up
1393	32	72	3	0.05	1.0	population_size_change	phylter_k_155	N425	10X_up
2	1423	0	75	0.05	1.0	population_size_change	phylter_k_020	N425	10X_up
0	1425	0	75	0.05	1.0	population_size_change	phylter_k_050	N425	10X_up
1139	286	52	23	0.05	1.0	population_size_change	phylter_k_050	N425	10X_up
0	1425	0	75	0.05	1.0	population_size_change	phylter_k_050	N425	10X_up
1424	1	75	0	0.05	1.0	population_size_change	phylter_k_300	N425	10X_up
1271	4	223	2	0.15	1.0	population_size_change	phylter_k_300	N714	10X_up
0	1275	0	225	0.15	1.0	population_size_change	phylter_k_020	N714	10X_up
1262	13	219	6	0.15	1.0	population_size_change	phylter_k_155	N714	10X_up
1261	14	216	9	0.15	1.0	population_size_change	phylter_k_155	N714	10X_up
0	1275	0	225	0.15	1.0	population_size_change	phylter_k_050	N714	10X_up
1274	1	225	0	0.15	1.0	population_size_change	phylter_k_300	N714	10X_up
0	1275	0	225	0.15	1.0	population_size_change	phylter_k_020	N714	10X_up
1077	198	181	44	0.15	1.0	population_size_change	phylter_k_050	N714	10X_up
0	1275	0	225	0.15	1.0	population_size_change	phylter_k_050	N714	10X_up
1084	191	192	33	0.15	1.0	population_size_change	phylter_k_020	N714	10X_up
1272	3	224	1	0.15	1.0	population_size_change	phylter_k_300	N714	10X_up
1267	8	224	1	0.15	1.0	population_size_change	phylter_k_155	N714	10X_up
1446	24	28	2	0.02	1.0	population_size_change	phylter_k_155	N554	10X_up
20	1450	0	30	0.02	1.0	population_size_change	phylter_k_050	N554	10X_up
1342	128	24	6	0.02	1.0	population_size_change	phylter_k_020	N554	10X_up
1465	5	30	0	0.02	1.0	population_size_change	phylter_k_300	N554	10X_up
1469	1	30	0	0.02	1.0	population_size_change	phylter_k_300	N554	10X_up
215	1255	3	27	0.02	1.0	population_size_change	phylter_k_020	N554	10X_up
1465	5	30	0	0.02	1.0	population_size_change	phylter_k_300	N554	10X_up
1302	168	22	8	0.02	1.0	population_size_change	phylter_k_050	N554	10X_up
215	1255	3	27	0.02	1.0	population_size_change	phylter_k_020	N554	10X_up
20	1450	0	30	0.02	1.0	population_size_change	phylter_k_050	N554	10X_up
1434	36	24	6	0.02	1.0	population_size_change	phylter_k_155	N554	10X_up
1434	36	24	6	0.02	1.0	population_size_change	phylter_k_155	N554	10X_up
1285	140	68	7	0.05	1.0	population_size_change	phylter_k_020	N114	10X_down
1400	25	73	2	0.05	1.0	population_size_change	phylter_k_155	N114	10X_down
0	1425	0	75	0.05	1.0	population_size_change	phylter_k_050	N114	10X_down
1424	1	75	0	0.05	1.0	population_size_change	phylter_k_300	N114	10X_down
1375	50	72	3	0.05	1.0	population_size_change	phylter_k_155	N114	10X_down
1366	59	70	5	0.05	1.0	population_size_change	phylter_k_155	N114	10X_down
1361	64	71	4	0.05	1.0	population_size_change	phylter_k_050	N114	10X_down
1424	1	75	0	0.05	1.0	population_size_change	phylter_k_300	N114	10X_down
1424	1	75	0	0.05	1.0	population_size_change	phylter_k_300	N114	10X_down
5	1420	0	75	0.05	1.0	population_size_change	phylter_k_020	N114	10X_down
1	1424	0	75	0.05	1.0	population_size_change	phylter_k_050	N114	10X_down
0	1425	0	75	0.05	1.0	population_size_change	phylter_k_020	N114	10X_down
0	1200	0	300	0.2	1.0	population_size_change	phylter_k_050	N575	10X_down
17	1183	7	293	0.2	1.0	population_size_change	phylter_k_020	N575	10X_down
1180	20	291	9	0.2	1.0	population_size_change	phylter_k_155	N575	10X_down
0	1200	0	300	0.2	1.0	population_size_change	phylter_k_020	N575	10X_down
1200	0	300	0	0.2	1.0	population_size_change	phylter_k_300	N575	10X_down
1182	18	292	8	0.2	1.0	population_size_change	phylter_k_155	N575	10X_down
971	229	232	68	0.2	1.0	population_size_change	phylter_k_050	N575	10X_down
1196	4	295	5	0.2	1.0	population_size_change	phylter_k_300	N575	10X_down
1198	2	295	5	0.2	1.0	population_size_change	phylter_k_300	N575	10X_down
1103	97	256	44	0.2	1.0	population_size_change	phylter_k_020	N575	10X_down
1189	11	299	1	0.2	1.0	population_size_change	phylter_k_155	N575	10X_down
0	1200	0	300	0.2	1.0	population_size_change	phylter_k_050	N575	10X_down
1429	41	30	0	0.02	1.0	population_size_change	phylter_k_155	N274	10X_down
1468	2	30	0	0.02	1.0	population_size_change	phylter_k_300	N274	10X_down
0	1470	0	30	0.02	1.0	population_size_change	phylter_k_020	N274	10X_down
1296	174	20	10	0.02	1.0	population_size_change	phylter_k_020	N274	10X_down
1407	63	30	0	0.02	1.0	population_size_change	phylter_k_155	N274	10X_down
1469	1	30	0	0.02	1.0	population_size_change	phylter_k_300	N274	10X_down
1006	464	18	12	0.02	1.0	population_size_change	phylter_k_050	N274	10X_down
0	1470	0	30	0.02	1.0	population_size_change	phylter_k_050	N274	10X_down
1419	51	30	0	0.02	1.0	population_size_change	phylter_k_155	N274	10X_down
1469	1	30	0	0.02	1.0	population_size_change	phylter_k_300	N274	10X_down
0	1470	0	30	0.02	1.0	population_size_change	phylter_k_020	N274	10X_down
0	1470	0	30	0.02	1.0	population_size_change	phylter_k_050	N274	10X_down
0	1125	0	375	0.25	1.0	population_size_change	phylter_k_050	N114	10X_down
1117	8	374	1	0.25	1.0	population_size_change	phylter_k_155	N114	10X_down
1125	0	375	0	0.25	1.0	population_size_change	phylter_k_300	N114	10X_down
1060	65	348	27	0.25	1.0	population_size_change	phylter_k_020	N114	10X_down
0	1125	0	375	0.25	1.0	population_size_change	phylter_k_020	N114	10X_down
1125	0	375	0	0.25	1.0	population_size_change	phylter_k_300	N114	10X_down
1104	21	369	6	0.25	1.0	population_size_change	phylter_k_155	N114	10X_down
1	1124	0	375	0.25	1.0	population_size_change	phylter_k_050	N114	10X_down
1125	0	375	0	0.25	1.0	population_size_change	phylter_k_300	N114	10X_down
1015	110	329	46	0.25	1.0	population_size_change	phylter_k_050	N114	10X_down
1097	28	363	12	0.25	1.0	population_size_change	phylter_k_155	N114	10X_down
0	1125	0	375	0.25	1.0	population_size_change	phylter_k_020	N114	10X_down
1392	78	23	7	0.02	1.0	population_size_change	phylter_k_155	N109	10X_down
1392	78	23	7	0.02	1.0	population_size_change	phylter_k_155	N109	10X_down
1377	93	24	6	0.02	1.0	population_size_change	phylter_k_050	N109	10X_down
1469	1	30	0	0.02	1.0	population_size_change	phylter_k_300	N109	10X_down
0	1470	0	30	0.02	1.0	population_size_change	phylter_k_020	N109	10X_down
0	1470	0	30	0.02	1.0	population_size_change	phylter_k_020	N109	10X_down
0	1470	0	30	0.02	1.0	population_size_change	phylter_k_050	N109	10X_down
1469	1	30	0	0.02	1.0	population_size_change	phylter_k_300	N109	10X_down
1426	44	28	2	0.02	1.0	population_size_change	phylter_k_155	N109	10X_down
1469	1	30	0	0.02	1.0	population_size_change	phylter_k_300	N109	10X_down
1333	137	25	5	0.02	1.0	population_size_change	phylter_k_020	N109	10X_down
0	1470	0	30	0.02	1.0	population_size_change	phylter_k_050	N109	10X_down
1424	1	75	0	0.05	1.0	population_size_change	phylter_k_300	Accipitriformes	10X_up
1266	159	64	11	0.05	1.0	population_size_change	phylter_k_050	Accipitriformes	10X_up
1421	4	74	1	0.05	1.0	population_size_change	phylter_k_300	Accipitriformes	10X_up
1	1424	0	75	0.05	1.0	population_size_change	phylter_k_020	Accipitriformes	10X_up
1353	72	70	5	0.05	1.0	population_size_change	phylter_k_155	Accipitriformes	10X_up
1422	3	74	1	0.05	1.0	population_size_change	phylter_k_300	Accipitriformes	10X_up
1403	22	74	1	0.05	1.0	population_size_change	phylter_k_155	Accipitriformes	10X_up
0	1425	0	75	0.05	1.0	population_size_change	phylter_k_050	Accipitriformes	10X_up
1304	121	63	12	0.05	1.0	population_size_change	phylter_k_020	Accipitriformes	10X_up
1360	65	72	3	0.05	1.0	population_size_change	phylter_k_155	Accipitriformes	10X_up
0	1425	0	75	0.05	1.0	population_size_change	phylter_k_050	Accipitriformes	10X_up
1	1424	0	75	0.05	1.0	population_size_change	phylter_k_020	Accipitriformes	10X_up
0	1275	0	225	0.15	1.0	population_size_change	phylter_k_050	N575	10X_down
1256	19	220	5	0.15	1.0	population_size_change	phylter_k_155	N575	10X_down
1274	1	225	0	0.15	1.0	population_size_change	phylter_k_300	N575	10X_down
0	1275	0	225	0.15	1.0	population_size_change	phylter_k_050	N575	10X_down
731	544	126	99	0.15	1.0	population_size_change	phylter_k_050	N575	10X_down
0	1275	0	225	0.15	1.0	population_size_change	phylter_k_020	N575	10X_down
0	1275	0	225	0.15	1.0	population_size_change	phylter_k_020	N575	10X_down
1270	5	222	3	0.15	1.0	population_size_change	phylter_k_300	N575	10X_down
1265	10	224	1	0.15	1.0	population_size_change	phylter_k_155	N575	10X_down
1271	4	222	3	0.15	1.0	population_size_change	phylter_k_300	N575	10X_down
1212	63	201	24	0.15	1.0	population_size_change	phylter_k_020	N575	10X_down
1253	22	219	6	0.15	1.0	population_size_change	phylter_k_155	N575	10X_down
1350	0	150	0	0.1	1.0	population_size_change	phylter_k_300	N714	10X_up
1208	142	130	20	0.1	1.0	population_size_change	phylter_k_050	N714	10X_up
0	1350	0	150	0.1	1.0	population_size_change	phylter_k_050	N714	10X_up
1348	2	149	1	0.1	1.0	population_size_change	phylter_k_300	N714	10X_up
1337	13	146	4	0.1	1.0	population_size_change	phylter_k_155	N714	10X_up
1335	15	143	7	0.1	1.0	population_size_change	phylter_k_155	N714	10X_up
1341	9	149	1	0.1	1.0	population_size_change	phylter_k_155	N714	10X_up
1346	4	148	2	0.1	1.0	population_size_change	phylter_k_300	N714	10X_up
0	1350	0	150	0.1	1.0	population_size_change	phylter_k_020	N714	10X_up
1271	79	129	21	0.1	1.0	population_size_change	phylter_k_020	N714	10X_up
0	1350	0	150	0.1	1.0	population_size_change	phylter_k_050	N714	10X_up
0	1350	0	150	0.1	1.0	population_size_change	phylter_k_020	N714	10X_up
1322	28	148	2	0.1	1.0	population_size_change	phylter_k_155	N114	10X_down
0	1350	0	150	0.1	1.0	population_size_change	phylter_k_050	N114	10X_down
2	1348	1	149	0.1	1.0	population_size_change	phylter_k_020	N114	10X_down
910	440	99	51	0.1	1.0	population_size_change	phylter_k_050	N114	10X_down
0	1350	0	150	0.1	1.0	population_size_change	phylter_k_050	N114	10X_down
1349	1	150	0	0.1	1.0	population_size_change	phylter_k_300	N114	10X_down
0	1350	0	150	0.1	1.0	population_size_change	phylter_k_020	N114	10X_down
1349	1	150	0	0.1	1.0	population_size_change	phylter_k_300	N114	10X_down
1266	84	141	9	0.1	1.0	population_size_change	phylter_k_020	N114	10X_down
1349	1	150	0	0.1	1.0	population_size_change	phylter_k_300	N114	10X_down
1309	41	145	5	0.1	1.0	population_size_change	phylter_k_155	N114	10X_down
1341	9	150	0	0.1	1.0	population_size_change	phylter_k_155	N114	10X_down
0	1470	0	30	0.02	1.0	population_size_change	phylter_k_050	N119	10X_down
0	1470	0	30	0.02	1.0	population_size_change	phylter_k_020	N119	10X_down
0	1470	0	30	0.02	1.0	population_size_change	phylter_k_050	N119	10X_down
1375	95	25	5	0.02	1.0	population_size_change	phylter_k_020	N119	10X_down
1452	18	30	0	0.02	1.0	population_size_change	phylter_k_155	N119	10X_down
1444	26	30	0	0.02	1.0	population_size_change	phylter_k_155	N119	10X_down
1433	37	30	0	0.02	1.0	population_size_change	phylter_k_155	N119	10X_down
1469	1	30	0	0.02	1.0	population_size_change	phylter_k_300	N119	10X_down
1469	1	30	0	0.02	1.0	population_size_change	phylter_k_300	N119	10X_down
0	1470	0	30	0.02	1.0	population_size_change	phylter_k_020	N119	10X_down
1469	1	30	0	0.02	1.0	population_size_change	phylter_k_300	N119	10X_down
1250	220	20	10	0.02	1.0	population_size_change	phylter_k_050	N119	10X_down
0	1200	0	300	0.2	1.0	population_size_change	phylter_k_050	N498	10X_down
1199	1	298	2	0.2	1.0	population_size_change	phylter_k_300	N498	10X_down
1160	40	285	15	0.2	1.0	population_size_change	phylter_k_020	N498	10X_down
1193	7	296	4	0.2	1.0	population_size_change	phylter_k_155	N498	10X_down
1197	3	297	3	0.2	1.0	population_size_change	phylter_k_300	N498	10X_down
0	1200	0	300	0.2	1.0	population_size_change	phylter_k_050	N498	10X_down
5	1195	6	294	0.2	1.0	population_size_change	phylter_k_020	N498	10X_down
0	1200	0	300	0.2	1.0	population_size_change	phylter_k_020	N498	10X_down
1187	13	288	12	0.2	1.0	population_size_change	phylter_k_155	N498	10X_down
1052	148	258	42	0.2	1.0	population_size_change	phylter_k_050	N498	10X_down
1188	12	289	11	0.2	1.0	population_size_change	phylter_k_155	N498	10X_down
1200	0	300	0	0.2	1.0	population_size_change	phylter_k_300	N498	10X_down
1402	68	26	4	0.02	1.0	population_size_change	phylter_k_155	N238	10X_up
1468	2	30	0	0.02	1.0	population_size_change	phylter_k_300	N238	10X_up
1469	1	30	0	0.02	1.0	population_size_change	phylter_k_300	N238	10X_up
0	1470	0	30	0.02	1.0	population_size_change	phylter_k_020	N238	10X_up
1203	267	21	9	0.02	1.0	population_size_change	phylter_k_050	N238	10X_up
1468	2	30	0	0.02	1.0	population_size_change	phylter_k_300	N238	10X_up
1406	64	26	4	0.02	1.0	population_size_change	phylter_k_155	N238	10X_up
1346	124	24	6	0.02	1.0	population_size_change	phylter_k_020	N238	10X_up
1	1469	0	30	0.02	1.0	population_size_change	phylter_k_020	N238	10X_up
0	1470	0	30	0.02	1.0	population_size_change	phylter_k_050	N238	10X_up
1434	36	29	1	0.02	1.0	population_size_change	phylter_k_155	N238	10X_up
0	1470	0	30	0.02	1.0	population_size_change	phylter_k_050	N238	10X_up
11	1264	2	223	0.15	1.0	population_size_change	phylter_k_050	N459	10X_down
1274	1	221	4	0.15	1.0	population_size_change	phylter_k_300	N459	10X_down
1275	0	225	0	0.15	1.0	population_size_change	phylter_k_300	N459	10X_down
1172	103	198	27	0.15	1.0	population_size_change	phylter_k_050	N459	10X_down
41	1234	7	218	0.15	1.0	population_size_change	phylter_k_020	N459	10X_down
1274	1	221	4	0.15	1.0	population_size_change	phylter_k_300	N459	10X_down
2	1273	0	225	0.15	1.0	population_size_change	phylter_k_020	N459	10X_down
34	1241	7	218	0.15	1.0	population_size_change	phylter_k_050	N459	10X_down
935	340	173	52	0.15	1.0	population_size_change	phylter_k_020	N459	10X_down
1263	12	219	6	0.15	1.0	population_size_change	phylter_k_155	N459	10X_down
1263	12	219	6	0.15	1.0	population_size_change	phylter_k_155	N459	10X_down
1267	8	223	2	0.15	1.0	population_size_change	phylter_k_155	N459	10X_down
1200	0	300	0	0.2	1.0	population_size_change	phylter_k_300	N690	10X_up
1134	66	270	30	0.2	1.0	population_size_change	phylter_k_050	N690	10X_up
0	1200	0	300	0.2	1.0	population_size_change	phylter_k_050	N690	10X_up
1196	4	295	5	0.2	1.0	population_size_change	phylter_k_300	N690	10X_up
1	1199	0	300	0.2	1.0	population_size_change	phylter_k_020	N690	10X_up
1193	7	300	0	0.2	1.0	population_size_change	phylter_k_155	N690	10X_up
1162	38	290	10	0.2	1.0	population_size_change	phylter_k_020	N690	10X_up
1184	16	288	12	0.2	1.0	population_size_change	phylter_k_155	N690	10X_up
1196	4	294	6	0.2	1.0	population_size_change	phylter_k_300	N690	10X_up
14	1186	5	295	0.2	1.0	population_size_change	phylter_k_050	N690	10X_up
1181	19	287	13	0.2	1.0	population_size_change	phylter_k_155	N690	10X_up
10	1190	2	298	0.2	1.0	population_size_change	phylter_k_020	N690	10X_up
0	1425	0	75	0.05	1.0	population_size_change	phylter_k_020	N620	10X_up
1420	5	73	2	0.05	1.0	population_size_change	phylter_k_300	N620	10X_up
1148	277	63	12	0.05	1.0	population_size_change	phylter_k_050	N620	10X_up
0	1425	0	75	0.05	1.0	population_size_change	phylter_k_050	N620	10X_up
0	1425	0	75	0.05	1.0	population_size_change	phylter_k_020	N620	10X_up
1424	1	75	0	0.05	1.0	population_size_change	phylter_k_300	N620	10X_up
1399	26	68	7	0.05	1.0	population_size_change	phylter_k_155	N620	10X_up
1395	30	68	7	0.05	1.0	population_size_change	phylter_k_155	N620	10X_up
1294	131	60	15	0.05	1.0	population_size_change	phylter_k_020	N620	10X_up
0	1425	0	75	0.05	1.0	population_size_change	phylter_k_050	N620	10X_up
1414	11	74	1	0.05	1.0	population_size_change	phylter_k_155	N620	10X_up
1421	4	73	2	0.05	1.0	population_size_change	phylter_k_300	N620	10X_up
1125	0	375	0	0.25	1.0	population_size_change	phylter_k_300	N276	10X_down
1117	8	374	1	0.25	1.0	population_size_change	phylter_k_155	N276	10X_down
0	1125	0	375	0.25	1.0	population_size_change	phylter_k_050	N276	10X_down
1087	38	348	27	0.25	1.0	population_size_change	phylter_k_020	N276	10X_down
0	1125	0	375	0.25	1.0	population_size_change	phylter_k_020	N276	10X_down
0	1125	0	375	0.25	1.0	population_size_change	phylter_k_020	N276	10X_down
1110	15	369	6	0.25	1.0	population_size_change	phylter_k_155	N276	10X_down
1117	8	370	5	0.25	1.0	population_size_change	phylter_k_155	N276	10X_down
1125	0	375	0	0.25	1.0	population_size_change	phylter_k_300	N276	10X_down
696	429	211	164	0.25	1.0	population_size_change	phylter_k_050	N276	10X_down
0	1125	0	375	0.25	1.0	population_size_change	phylter_k_050	N276	10X_down
1125	0	375	0	0.25	1.0	population_size_change	phylter_k_300	N276	10X_down
1123	2	374	1	0.25	1.0	population_size_change	phylter_k_300	N716	10X_up
1114	11	364	11	0.25	1.0	population_size_change	phylter_k_155	N716	10X_up
1046	79	343	32	0.25	1.0	population_size_change	phylter_k_050	N716	10X_up
1125	0	375	0	0.25	1.0	population_size_change	phylter_k_300	N716	10X_up
1123	2	372	3	0.25	1.0	population_size_change	phylter_k_300	N716	10X_up
0	1125	0	375	0.25	1.0	population_size_change	phylter_k_020	N716	10X_up
0	1125	0	375	0.25	1.0	population_size_change	phylter_k_050	N716	10X_up
1084	41	347	28	0.25	1.0	population_size_change	phylter_k_020	N716	10X_up
1120	5	374	1	0.25	1.0	population_size_change	phylter_k_155	N716	10X_up
0	1125	0	375	0.25	1.0	population_size_change	phylter_k_020	N716	10X_up
0	1125	0	375	0.25	1.0	population_size_change	phylter_k_050	N716	10X_up
1116	9	368	7	0.25	1.0	population_size_change	phylter_k_155	N716	10X_up
1333	17	141	9	0.1	1.0	population_size_change	phylter_k_155	N497	10X_up
1335	15	143	7	0.1	1.0	population_size_change	phylter_k_155	N497	10X_up
0	1350	0	150	0.1	1.0	population_size_change	phylter_k_020	N497	10X_up
0	1350	0	150	0.1	1.0	population_size_change	phylter_k_050	N497	10X_up
1251	99	128	22	0.1	1.0	population_size_change	phylter_k_020	N497	10X_up
0	1350	0	150	0.1	1.0	population_size_change	phylter_k_020	N497	10X_up
1346	4	149	1	0.1	1.0	population_size_change	phylter_k_300	N497	10X_up
1340	10	148	2	0.1	1.0	population_size_change	phylter_k_155	N497	10X_up
1348	2	149	1	0.1	1.0	population_size_change	phylter_k_300	N497	10X_up
0	1350	0	150	0.1	1.0	population_size_change	phylter_k_050	N497	10X_up
1199	151	134	16	0.1	1.0	population_size_change	phylter_k_050	N497	10X_up
1349	1	150	0	0.1	1.0	population_size_change	phylter_k_300	N497	10X_up
0	1275	0	225	0.15	1.0	population_size_change	phylter_k_020	N532	10X_down
1263	12	222	3	0.15	1.0	population_size_change	phylter_k_155	N532	10X_down
1273	2	223	2	0.15	1.0	population_size_change	phylter_k_300	N532	10X_down
1272	3	221	4	0.15	1.0	population_size_change	phylter_k_300	N532	10X_down
1151	124	194	31	0.15	1.0	population_size_change	phylter_k_020	N532	10X_down
1251	24	213	12	0.15	1.0	population_size_change	phylter_k_155	N532	10X_down
1175	100	202	23	0.15	1.0	population_size_change	phylter_k_050	N532	10X_down
22	1253	6	219	0.15	1.0	population_size_change	phylter_k_020	N532	10X_down
1274	1	225	0	0.15	1.0	population_size_change	phylter_k_300	N532	10X_down
10	1265	2	223	0.15	1.0	population_size_change	phylter_k_050	N532	10X_down
0	1275	0	225	0.15	1.0	population_size_change	phylter_k_050	N532	10X_down
1257	18	215	10	0.15	1.0	population_size_change	phylter_k_155	N532	10X_down
90	1380	1	29	0.02	1.0	population_size_change	phylter_k_050	N679	10X_up
1418	52	22	8	0.02	1.0	population_size_change	phylter_k_155	N679	10X_up
426	1044	4	26	0.02	1.0	population_size_change	phylter_k_050	N679	10X_up
1363	107	23	7	0.02	1.0	population_size_change	phylter_k_050	N679	10X_up
1469	1	30	0	0.02	1.0	population_size_change	phylter_k_300	N679	10X_up
300	1170	4	26	0.02	1.0	population_size_change	phylter_k_020	N679	10X_up
1464	6	28	2	0.02	1.0	population_size_change	phylter_k_300	N679	10X_up
27	1443	0	30	0.02	1.0	population_size_change	phylter_k_020	N679	10X_up
1415	55	22	8	0.02	1.0	population_size_change	phylter_k_155	N679	10X_up
1465	5	28	2	0.02	1.0	population_size_change	phylter_k_300	N679	10X_up
1434	36	27	3	0.02	1.0	population_size_change	phylter_k_155	N679	10X_up
1358	112	23	7	0.02	1.0	population_size_change	phylter_k_020	N679	10X_up
217	1253	0	30	0.02	1.0	population_size_change	phylter_k_050	N679	10X_down
1434	36	29	1	0.02	1.0	population_size_change	phylter_k_155	N679	10X_down
1465	5	28	2	0.02	1.0	population_size_change	phylter_k_300	N679	10X_down
1344	126	24	6	0.02	1.0	population_size_change	phylter_k_020	N679	10X_down
1464	6	28	2	0.02	1.0	population_size_change	phylter_k_300	N679	10X_down
1419	51	26	4	0.02	1.0	population_size_change	phylter_k_155	N679	10X_down
97	1373	0	30	0.02	1.0	population_size_change	phylter_k_020	N679	10X_down
362	1108	3	27	0.02	1.0	population_size_change	phylter_k_020	N679	10X_down
1304	166	24	6	0.02	1.0	population_size_change	phylter_k_050	N679	10X_down
1469	1	30	0	0.02	1.0	population_size_change	phylter_k_300	N679	10X_down
1416	54	26	4	0.02	1.0	population_size_change	phylter_k_155	N679	10X_down
628	842	6	24	0.02	1.0	population_size_change	phylter_k_050	N679	10X_down
1431	39	26	4	0.02	1.0	population_size_change	phylter_k_155	N574	10X_down
1422	48	25	5	0.02	1.0	population_size_change	phylter_k_155	N574	10X_down
1440	30	28	2	0.02	1.0	population_size_change	phylter_k_155	N574	10X_down
0	1470	0	30	0.02	1.0	population_size_change	phylter_k_020	N574	10X_down
0	1470	0	30	0.02	1.0	population_size_change	phylter_k_020	N574	10X_down
1465	5	28	2	0.02	1.0	population_size_change	phylter_k_300	N574	10X_down
1313	157	25	5	0.02	1.0	population_size_change	phylter_k_020	N574	10X_down
0	1470	0	30	0.02	1.0	population_size_change	phylter_k_050	N574	10X_down
1469	1	30	0	0.02	1.0	population_size_change	phylter_k_300	N574	10X_down
1294	176	25	5	0.02	1.0	population_size_change	phylter_k_050	N574	10X_down
0	1470	0	30	0.02	1.0	population_size_change	phylter_k_050	N574	10X_down
1465	5	28	2	0.02	1.0	population_size_change	phylter_k_300	N574	10X_down
1424	1	75	0	0.05	1.0	population_size_change	phylter_k_300	N276	10X_down
1378	47	71	4	0.05	1.0	population_size_change	phylter_k_155	N276	10X_down
0	1425	0	75	0.05	1.0	population_size_change	phylter_k_050	N276	10X_down
1291	134	66	9	0.05	1.0	population_size_change	phylter_k_020	N276	10X_down
1362	63	71	4	0.05	1.0	population_size_change	phylter_k_155	N276	10X_down
1375	50	71	4	0.05	1.0	population_size_change	phylter_k_155	N276	10X_down
0	1425	0	75	0.05	1.0	population_size_change	phylter_k_050	N276	10X_down
1167	258	58	17	0.05	1.0	population_size_change	phylter_k_050	N276	10X_down
0	1425	0	75	0.05	1.0	population_size_change	phylter_k_020	N276	10X_down
1424	1	75	0	0.05	1.0	population_size_change	phylter_k_300	N276	10X_down
1423	2	75	0	0.05	1.0	population_size_change	phylter_k_300	N276	10X_down
0	1425	0	75	0.05	1.0	population_size_change	phylter_k_020	N276	10X_down
1199	1	294	6	0.2	1.0	population_size_change	phylter_k_300	N714	10X_up
1199	1	298	2	0.2	1.0	population_size_change	phylter_k_300	N714	10X_up
0	1200	0	300	0.2	1.0	population_size_change	phylter_k_020	N714	10X_up
1199	1	300	0	0.2	1.0	population_size_change	phylter_k_300	N714	10X_up
1190	10	287	13	0.2	1.0	population_size_change	phylter_k_155	N714	10X_up
1052	148	254	46	0.2	1.0	population_size_change	phylter_k_050	N714	10X_up
0	1200	0	300	0.2	1.0	population_size_change	phylter_k_020	N714	10X_up
0	1200	0	300	0.2	1.0	population_size_change	phylter_k_050	N714	10X_up
0	1200	0	300	0.2	1.0	population_size_change	phylter_k_050	N714	10X_up
1191	9	299	1	0.2	1.0	population_size_change	phylter_k_155	N714	10X_up
1190	10	290	10	0.2	1.0	population_size_change	phylter_k_155	N714	10X_up
1101	99	249	51	0.2	1.0	population_size_change	phylter_k_020	N714	10X_up
1306	119	60	15	0.05	1.0	population_size_change	phylter_k_020	N717	10X_down
1409	16	74	1	0.05	1.0	population_size_change	phylter_k_155	N717	10X_down
1405	20	72	3	0.05	1.0	population_size_change	phylter_k_155	N717	10X_down
0	1425	0	75	0.05	1.0	population_size_change	phylter_k_050	N717	10X_down
0	1425	0	75	0.05	1.0	population_size_change	phylter_k_050	N717	10X_down
0	1425	0	75	0.05	1.0	population_size_change	phylter_k_020	N717	10X_down
1402	23	72	3	0.05	1.0	population_size_change	phylter_k_155	N717	10X_down
1333	92	66	9	0.05	1.0	population_size_change	phylter_k_050	N717	10X_down
1424	1	75	0	0.05	1.0	population_size_change	phylter_k_300	N717	10X_down
0	1425	0	75	0.05	1.0	population_size_change	phylter_k_020	N717	10X_down
1421	4	73	2	0.05	1.0	population_size_change	phylter_k_300	N717	10X_down
1420	5	73	2	0.05	1.0	population_size_change	phylter_k_300	N717	10X_down
1424	1	75	0	0.05	1.0	population_size_change	phylter_k_300	N118	10X_up
0	1425	0	75	0.05	1.0	population_size_change	phylter_k_020	N118	10X_up
1366	59	70	5	0.05	1.0	population_size_change	phylter_k_155	N118	10X_up
1299	126	60	15	0.05	1.0	population_size_change	phylter_k_020	N118	10X_up
1424	1	75	0	0.05	1.0	population_size_change	phylter_k_300	N118	10X_up
1392	33	70	5	0.05	1.0	population_size_change	phylter_k_155	N118	10X_up
0	1425	0	75	0.05	1.0	population_size_change	phylter_k_050	N118	10X_up
1380	45	70	5	0.05	1.0	population_size_change	phylter_k_155	N118	10X_up
0	1425	0	75	0.05	1.0	population_size_change	phylter_k_020	N118	10X_up
0	1425	0	75	0.05	1.0	population_size_change	phylter_k_050	N118	10X_up
1291	134	66	9	0.05	1.0	population_size_change	phylter_k_050	N118	10X_up
1424	1	75	0	0.05	1.0	population_size_change	phylter_k_300	N118	10X_up
1266	9	225	0	0.15	1.0	population_size_change	phylter_k_155	N186	10X_down
1197	78	201	24	0.15	1.0	population_size_change	phylter_k_020	N186	10X_down
0	1275	0	225	0.15	1.0	population_size_change	phylter_k_050	N186	10X_down
1274	1	225	0	0.15	1.0	population_size_change	phylter_k_300	N186	10X_down
1140	135	191	34	0.15	1.0	population_size_change	phylter_k_050	N186	10X_down
1241	34	222	3	0.15	1.0	population_size_change	phylter_k_155	N186	10X_down
1242	33	222	3	0.15	1.0	population_size_change	phylter_k_155	N186	10X_down
1275	0	225	0	0.15	1.0	population_size_change	phylter_k_300	N186	10X_down
5	1270	2	223	0.15	1.0	population_size_change	phylter_k_020	N186	10X_down
1274	1	225	0	0.15	1.0	population_size_change	phylter_k_300	N186	10X_down
1	1274	0	225	0.15	1.0	population_size_change	phylter_k_020	N186	10X_down
0	1275	0	225	0.15	1.0	population_size_change	phylter_k_050	N186	10X_down
1464	6	28	2	0.02	1.0	population_size_change	phylter_k_300	N491	10X_down
1465	5	28	2	0.02	1.0	population_size_change	phylter_k_300	N491	10X_down
1349	121	21	9	0.02	1.0	population_size_change	phylter_k_020	N491	10X_down
0	1470	0	30	0.02	1.0	population_size_change	phylter_k_020	N491	10X_down
1432	38	30	0	0.02	1.0	population_size_change	phylter_k_155	N491	10X_down
1415	55	26	4	0.02	1.0	population_size_change	phylter_k_155	N491	10X_down
1	1469	0	30	0.02	1.0	population_size_change	phylter_k_050	N491	10X_down
0	1470	0	30	0.02	1.0	population_size_change	phylter_k_050	N491	10X_down
1298	172	23	7	0.02	1.0	population_size_change	phylter_k_050	N491	10X_down
1469	1	30	0	0.02	1.0	population_size_change	phylter_k_300	N491	10X_down
3	1467	0	30	0.02	1.0	population_size_change	phylter_k_020	N491	10X_down
1424	46	27	3	0.02	1.0	population_size_change	phylter_k_155	N491	10X_down
0	1425	0	75	0.05	1.0	population_size_change	phylter_k_050	N617	10X_up
1393	32	71	4	0.05	1.0	population_size_change	phylter_k_155	N617	10X_up
0	1425	0	75	0.05	1.0	population_size_change	phylter_k_020	N617	10X_up
0	1425	0	75	0.05	1.0	population_size_change	phylter_k_020	N617	10X_up
1421	4	73	2	0.05	1.0	population_size_change	phylter_k_300	N617	10X_up
1396	29	72	3	0.05	1.0	population_size_change	phylter_k_155	N617	10X_up
1241	184	63	12	0.05	1.0	population_size_change	phylter_k_050	N617	10X_up
1424	1	75	0	0.05	1.0	population_size_change	phylter_k_300	N617	10X_up
1421	4	73	2	0.05	1.0	population_size_change	phylter_k_300	N617	10X_up
1291	134	60	15	0.05	1.0	population_size_change	phylter_k_020	N617	10X_up
0	1425	0	75	0.05	1.0	population_size_change	phylter_k_050	N617	10X_up
1411	14	75	0	0.05	1.0	population_size_change	phylter_k_155	N617	10X_up
1124	1	371	4	0.25	1.0	population_size_change	phylter_k_300	N717	10X_down
1114	11	368	7	0.25	1.0	population_size_change	phylter_k_155	N717	10X_down
1029	96	334	41	0.25	1.0	population_size_change	phylter_k_020	N717	10X_down
0	1125	0	375	0.25	1.0	population_size_change	phylter_k_050	N717	10X_down
0	1125	0	375	0.25	1.0	population_size_change	phylter_k_020	N717	10X_down
0	1125	0	375	0.25	1.0	population_size_change	phylter_k_050	N717	10X_down
1125	0	375	0	0.25	1.0	population_size_change	phylter_k_300	N717	10X_down
1040	85	330	45	0.25	1.0	population_size_change	phylter_k_050	N717	10X_down
0	1125	0	375	0.25	1.0	population_size_change	phylter_k_020	N717	10X_down
1124	1	370	5	0.25	1.0	population_size_change	phylter_k_300	N717	10X_down
1112	13	357	18	0.25	1.0	population_size_change	phylter_k_155	N717	10X_down
1112	13	361	14	0.25	1.0	population_size_change	phylter_k_155	N717	10X_down
1200	0	300	0	0.2	1.0	population_size_change	phylter_k_300	Nyctibiidae	10X_up
708	492	174	126	0.2	1.0	population_size_change	phylter_k_050	Nyctibiidae	10X_up
3	1197	0	300	0.2	1.0	population_size_change	phylter_k_020	Nyctibiidae	10X_up
0	1200	0	300	0.2	1.0	population_size_change	phylter_k_050	Nyctibiidae	10X_up
0	1200	0	300	0.2	1.0	population_size_change	phylter_k_050	Nyctibiidae	10X_up
1151	49	287	13	0.2	1.0	population_size_change	phylter_k_155	Nyctibiidae	10X_up
1188	12	295	5	0.2	1.0	population_size_change	phylter_k_155	Nyctibiidae	10X_up
1200	0	300	0	0.2	1.0	population_size_change	phylter_k_300	Nyctibiidae	10X_up
1149	51	283	17	0.2	1.0	population_size_change	phylter_k_020	Nyctibiidae	10X_up
1200	0	300	0	0.2	1.0	population_size_change	phylter_k_300	Nyctibiidae	10X_up
3	1197	0	300	0.2	1.0	population_size_change	phylter_k_020	Nyctibiidae	10X_up
1151	49	287	13	0.2	1.0	population_size_change	phylter_k_155	Nyctibiidae	10X_up
0	1425	0	75	0.05	1.0	population_size_change	phylter_k_020	N707	10X_down
1420	5	74	1	0.05	1.0	population_size_change	phylter_k_300	N707	10X_down
1406	19	70	5	0.05	1.0	population_size_change	phylter_k_155	N707	10X_down
0	1425	0	75	0.05	1.0	population_size_change	phylter_k_050	N707	10X_down
0	1425	0	75	0.05	1.0	population_size_change	phylter_k_020	N707	10X_down
1275	150	65	10	0.05	1.0	population_size_change	phylter_k_050	N707	10X_down
1398	27	70	5	0.05	1.0	population_size_change	phylter_k_155	N707	10X_down
1424	1	75	0	0.05	1.0	population_size_change	phylter_k_300	N707	10X_down
0	1425	0	75	0.05	1.0	population_size_change	phylter_k_050	N707	10X_down
1298	127	61	14	0.05	1.0	population_size_change	phylter_k_020	N707	10X_down
1420	5	74	1	0.05	1.0	population_size_change	phylter_k_300	N707	10X_down
1412	13	72	3	0.05	1.0	population_size_change	phylter_k_155	N707	10X_down
0	1470	0	30	0.02	1.0	population_size_change	phylter_k_050	N425	10X_up
1425	45	27	3	0.02	1.0	population_size_change	phylter_k_155	N425	10X_up
1432	38	30	0	0.02	1.0	population_size_change	phylter_k_155	N425	10X_up
1347	123	25	5	0.02	1.0	population_size_change	phylter_k_020	N425	10X_up
4	1466	0	30	0.02	1.0	population_size_change	phylter_k_020	N425	10X_up
1468	2	30	0	0.02	1.0	population_size_change	phylter_k_300	N425	10X_up
1425	45	27	3	0.02	1.0	population_size_change	phylter_k_155	N425	10X_up
4	1466	0	30	0.02	1.0	population_size_change	phylter_k_020	N425	10X_up
1184	286	19	11	0.02	1.0	population_size_change	phylter_k_050	N425	10X_up
1468	2	30	0	0.02	1.0	population_size_change	phylter_k_300	N425	10X_up
1469	1	30	0	0.02	1.0	population_size_change	phylter_k_300	N425	10X_up
0	1470	0	30	0.02	1.0	population_size_change	phylter_k_050	N425	10X_up
1111	14	363	12	0.25	1.0	population_size_change	phylter_k_155	N707	10X_down
1121	4	371	4	0.25	1.0	population_size_change	phylter_k_300	N707	10X_down
0	1125	0	375	0.25	1.0	population_size_change	phylter_k_020	N707	10X_down
1125	0	375	0	0.25	1.0	population_size_change	phylter_k_300	N707	10X_down
1048	77	337	38	0.25	1.0	population_size_change	phylter_k_050	N707	10X_down
1109	16	362	13	0.25	1.0	population_size_change	phylter_k_155	N707	10X_down
0	1125	0	375	0.25	1.0	population_size_change	phylter_k_020	N707	10X_down
0	1125	0	375	0.25	1.0	population_size_change	phylter_k_050	N707	10X_down
0	1125	0	375	0.25	1.0	population_size_change	phylter_k_050	N707	10X_down
1104	21	368	7	0.25	1.0	population_size_change	phylter_k_020	N707	10X_down
1117	8	369	6	0.25	1.0	population_size_change	phylter_k_155	N707	10X_down
1123	2	371	4	0.25	1.0	population_size_change	phylter_k_300	N707	10X_down
1	1199	1	299	0.2	1.0	population_size_change	phylter_k_050	N638	10X_down
1184	16	291	9	0.2	1.0	population_size_change	phylter_k_155	N638	10X_down
50	1150	4	296	0.2	1.0	population_size_change	phylter_k_020	N638	10X_down
1194	6	299	1	0.2	1.0	population_size_change	phylter_k_155	N638	10X_down
1197	3	296	4	0.2	1.0	population_size_change	phylter_k_300	N638	10X_down
1126	74	269	31	0.2	1.0	population_size_change	phylter_k_020	N638	10X_down
1184	16	291	9	0.2	1.0	population_size_change	phylter_k_155	N638	10X_down
50	1150	4	296	0.2	1.0	population_size_change	phylter_k_020	N638	10X_down
1197	3	296	4	0.2	1.0	population_size_change	phylter_k_300	N638	10X_down
1200	0	300	0	0.2	1.0	population_size_change	phylter_k_300	N638	10X_down
1059	141	259	41	0.2	1.0	population_size_change	phylter_k_050	N638	10X_down
1	1199	1	299	0.2	1.0	population_size_change	phylter_k_050	N638	10X_down
20	1405	1	74	0.05	1.0	population_size_change	phylter_k_050	N554	10X_up
20	1405	1	74	0.05	1.0	population_size_change	phylter_k_050	N554	10X_up
16	1409	0	75	0.05	1.0	population_size_change	phylter_k_020	N554	10X_up
1287	138	65	10	0.05	1.0	population_size_change	phylter_k_020	N554	10X_up
1389	36	67	8	0.05	1.0	population_size_change	phylter_k_155	N554	10X_up
1400	25	72	3	0.05	1.0	population_size_change	phylter_k_155	N554	10X_up
1420	5	75	0	0.05	1.0	population_size_change	phylter_k_300	N554	10X_up
1420	5	75	0	0.05	1.0	population_size_change	phylter_k_300	N554	10X_up
16	1409	0	75	0.05	1.0	population_size_change	phylter_k_020	N554	10X_up
1389	36	67	8	0.05	1.0	population_size_change	phylter_k_155	N554	10X_up
1221	204	58	17	0.05	1.0	population_size_change	phylter_k_050	N554	10X_up
1424	1	75	0	0.05	1.0	population_size_change	phylter_k_300	N554	10X_up
1345	5	148	2	0.1	1.0	population_size_change	phylter_k_300	N690	10X_up
1046	304	115	35	0.1	1.0	population_size_change	phylter_k_050	N690	10X_up
1349	1	150	0	0.1	1.0	population_size_change	phylter_k_300	N690	10X_up
0	1350	0	150	0.1	1.0	population_size_change	phylter_k_050	N690	10X_up
8	1342	0	150	0.1	1.0	population_size_change	phylter_k_050	N690	10X_up
1319	31	140	10	0.1	1.0	population_size_change	phylter_k_155	N690	10X_up
9	1341	0	150	0.1	1.0	population_size_change	phylter_k_020	N690	10X_up
0	1350	0	150	0.1	1.0	population_size_change	phylter_k_020	N690	10X_up
1339	11	149	1	0.1	1.0	population_size_change	phylter_k_155	N690	10X_up
1323	27	142	8	0.1	1.0	population_size_change	phylter_k_155	N690	10X_up
1264	86	137	13	0.1	1.0	population_size_change	phylter_k_020	N690	10X_up
1345	5	148	2	0.1	1.0	population_size_change	phylter_k_300	N690	10X_up
0	1275	0	225	0.15	1.0	population_size_change	phylter_k_020	N716	10X_up
1274	1	221	4	0.15	1.0	population_size_change	phylter_k_300	N716	10X_up
1274	1	223	2	0.15	1.0	population_size_change	phylter_k_300	N716	10X_up
1166	109	194	31	0.15	1.0	population_size_change	phylter_k_020	N716	10X_up
1262	13	224	1	0.15	1.0	population_size_change	phylter_k_155	N716	10X_up
1261	14	215	10	0.15	1.0	population_size_change	phylter_k_155	N716	10X_up
0	1275	0	225	0.15	1.0	population_size_change	phylter_k_020	N716	10X_up
0	1275	0	225	0.15	1.0	population_size_change	phylter_k_050	N716	10X_up
0	1275	0	225	0.15	1.0	population_size_change	phylter_k_050	N716	10X_up
1262	13	218	7	0.15	1.0	population_size_change	phylter_k_155	N716	10X_up
1274	1	224	1	0.15	1.0	population_size_change	phylter_k_300	N716	10X_up
1115	160	188	37	0.15	1.0	population_size_change	phylter_k_050	N716	10X_up
1186	14	289	11	0.2	1.0	population_size_change	phylter_k_155	N497	10X_up
0	1200	0	300	0.2	1.0	population_size_change	phylter_k_020	N497	10X_up
1142	58	271	29	0.2	1.0	population_size_change	phylter_k_020	N497	10X_up
1192	8	298	2	0.2	1.0	population_size_change	phylter_k_155	N497	10X_up
1199	1	299	1	0.2	1.0	population_size_change	phylter_k_300	N497	10X_up
1198	2	298	2	0.2	1.0	population_size_change	phylter_k_300	N497	10X_up
1187	13	292	8	0.2	1.0	population_size_change	phylter_k_155	N497	10X_up
5	1195	1	299	0.2	1.0	population_size_change	phylter_k_020	N497	10X_up
1058	142	253	47	0.2	1.0	population_size_change	phylter_k_050	N497	10X_up
0	1200	0	300	0.2	1.0	population_size_change	phylter_k_050	N497	10X_up
0	1200	0	300	0.2	1.0	population_size_change	phylter_k_050	N497	10X_up
1200	0	300	0	0.2	1.0	population_size_change	phylter_k_300	N497	10X_up
1166	34	291	9	0.2	1.0	population_size_change	phylter_k_155	N159	10X_up
1198	2	300	0	0.2	1.0	population_size_change	phylter_k_300	N159	10X_up
1189	11	296	4	0.2	1.0	population_size_change	phylter_k_155	N159	10X_up
1198	2	300	0	0.2	1.0	population_size_change	phylter_k_300	N159	10X_up
1	1199	1	299	0.2	1.0	population_size_change	phylter_k_020	N159	10X_up
1141	59	279	21	0.2	1.0	population_size_change	phylter_k_020	N159	10X_up
1	1199	0	300	0.2	1.0	population_size_change	phylter_k_050	N159	10X_up
6	1194	2	298	0.2	1.0	population_size_change	phylter_k_020	N159	10X_up
1200	0	300	0	0.2	1.0	population_size_change	phylter_k_300	N159	10X_up
0	1200	0	300	0.2	1.0	population_size_change	phylter_k_050	N159	10X_up
929	271	231	69	0.2	1.0	population_size_change	phylter_k_050	N159	10X_up
1170	30	293	7	0.2	1.0	population_size_change	phylter_k_155	N159	10X_up
1328	22	146	4	0.1	1.0	population_size_change	phylter_k_155	N579	10X_up
0	1350	0	150	0.1	1.0	population_size_change	phylter_k_050	N579	10X_up
1350	0	150	0	0.1	1.0	population_size_change	phylter_k_300	N579	10X_up
0	1350	0	150	0.1	1.0	population_size_change	phylter_k_050	N579	10X_up
1198	152	127	23	0.1	1.0	population_size_change	phylter_k_050	N579	10X_up
0	1350	0	150	0.1	1.0	population_size_change	phylter_k_020	N579	10X_up
1328	22	146	4	0.1	1.0	population_size_change	phylter_k_155	N579	10X_up
1341	9	150	0	0.1	1.0	population_size_change	phylter_k_155	N579	10X_up
1346	4	148	2	0.1	1.0	population_size_change	phylter_k_300	N579	10X_up
1346	4	148	2	0.1	1.0	population_size_change	phylter_k_300	N579	10X_up
1047	303	116	34	0.1	1.0	population_size_change	phylter_k_020	N579	10X_up
0	1350	0	150	0.1	1.0	population_size_change	phylter_k_020	N579	10X_up
1347	3	148	2	0.1	1.0	population_size_change	phylter_k_300	N473	10X_down
1099	251	120	30	0.1	1.0	population_size_change	phylter_k_050	N473	10X_down
1	1349	0	150	0.1	1.0	population_size_change	phylter_k_050	N473	10X_down
1349	1	150	0	0.1	1.0	population_size_change	phylter_k_300	N473	10X_down
1	1349	0	150	0.1	1.0	population_size_change	phylter_k_020	N473	10X_down
1331	19	145	5	0.1	1.0	population_size_change	phylter_k_155	N473	10X_down
1	1349	0	150	0.1	1.0	population_size_change	phylter_k_050	N473	10X_down
1347	3	148	2	0.1	1.0	population_size_change	phylter_k_300	N473	10X_down
1331	19	145	5	0.1	1.0	population_size_change	phylter_k_155	N473	10X_down
1341	9	150	0	0.1	1.0	population_size_change	phylter_k_155	N473	10X_down
1248	102	133	17	0.1	1.0	population_size_change	phylter_k_020	N473	10X_down
1	1349	0	150	0.1	1.0	population_size_change	phylter_k_020	N473	10X_down
1275	0	225	0	0.15	1.0	population_size_change	phylter_k_300	N274	10X_down
1175	100	201	24	0.15	1.0	population_size_change	phylter_k_050	N274	10X_down
0	1275	0	225	0.15	1.0	population_size_change	phylter_k_050	N274	10X_down
1275	0	225	0	0.15	1.0	population_size_change	phylter_k_300	N274	10X_down
1251	24	218	7	0.15	1.0	population_size_change	phylter_k_155	N274	10X_down
0	1275	0	225	0.15	1.0	population_size_change	phylter_k_020	N274	10X_down
0	1275	0	225	0.15	1.0	population_size_change	phylter_k_050	N274	10X_down
1266	9	223	2	0.15	1.0	population_size_change	phylter_k_155	N274	10X_down
1261	14	219	6	0.15	1.0	population_size_change	phylter_k_155	N274	10X_down
1275	0	225	0	0.15	1.0	population_size_change	phylter_k_300	N274	10X_down
0	1275	0	225	0.15	1.0	population_size_change	phylter_k_020	N274	10X_down
1189	86	196	29	0.15	1.0	population_size_change	phylter_k_020	N274	10X_down
1046	154	249	51	0.2	1.0	population_size_change	phylter_k_020	N616	10X_up
1180	20	287	13	0.2	1.0	population_size_change	phylter_k_155	N616	10X_up
1193	7	295	5	0.2	1.0	population_size_change	phylter_k_155	N616	10X_up
0	1200	0	300	0.2	1.0	population_size_change	phylter_k_050	N616	10X_up
0	1200	0	300	0.2	1.0	population_size_change	phylter_k_050	N616	10X_up
0	1200	0	300	0.2	1.0	population_size_change	phylter_k_020	N616	10X_up
1200	0	300	0	0.2	1.0	population_size_change	phylter_k_300	N616	10X_up
1179	21	285	15	0.2	1.0	population_size_change	phylter_k_155	N616	10X_up
1129	71	272	28	0.2	1.0	population_size_change	phylter_k_050	N616	10X_up
0	1200	0	300	0.2	1.0	population_size_change	phylter_k_020	N616	10X_up
1197	3	295	5	0.2	1.0	population_size_change	phylter_k_300	N616	10X_up
1197	3	294	6	0.2	1.0	population_size_change	phylter_k_300	N616	10X_up
1	1349	0	150	0.1	1.0	population_size_change	phylter_k_020	N615	10X_down
0	1350	0	150	0.1	1.0	population_size_change	phylter_k_050	N615	10X_down
0	1350	0	150	0.1	1.0	population_size_change	phylter_k_050	N615	10X_down
1325	25	141	9	0.1	1.0	population_size_change	phylter_k_155	N615	10X_down
1100	250	118	32	0.1	1.0	population_size_change	phylter_k_050	N615	10X_down
1350	0	150	0	0.1	1.0	population_size_change	phylter_k_300	N615	10X_down
1347	3	148	2	0.1	1.0	population_size_change	phylter_k_300	N615	10X_down
1347	3	149	1	0.1	1.0	population_size_change	phylter_k_300	N615	10X_down
0	1350	0	150	0.1	1.0	population_size_change	phylter_k_020	N615	10X_down
1323	27	140	10	0.1	1.0	population_size_change	phylter_k_155	N615	10X_down
1267	83	137	13	0.1	1.0	population_size_change	phylter_k_020	N615	10X_down
1340	10	148	2	0.1	1.0	population_size_change	phylter_k_155	N615	10X_down
1200	0	300	0	0.2	1.0	population_size_change	phylter_k_300	N109	10X_down
1177	23	291	9	0.2	1.0	population_size_change	phylter_k_155	N109	10X_down
954	246	240	60	0.2	1.0	population_size_change	phylter_k_050	N109	10X_down
1200	0	300	0	0.2	1.0	population_size_change	phylter_k_300	N109	10X_down
1200	0	300	0	0.2	1.0	population_size_change	phylter_k_300	N109	10X_down
0	1200	0	300	0.2	1.0	population_size_change	phylter_k_020	N109	10X_down
1193	7	300	0	0.2	1.0	population_size_change	phylter_k_155	N109	10X_down
1112	88	273	27	0.2	1.0	population_size_change	phylter_k_020	N109	10X_down
1177	23	291	9	0.2	1.0	population_size_change	phylter_k_155	N109	10X_down
0	1200	0	300	0.2	1.0	population_size_change	phylter_k_050	N109	10X_down
0	1200	0	300	0.2	1.0	population_size_change	phylter_k_050	N109	10X_down
0	1200	0	300	0.2	1.0	population_size_change	phylter_k_020	N109	10X_down
1187	13	297	3	0.2	1.0	population_size_change	phylter_k_155	N574	10X_down
1198	2	296	4	0.2	1.0	population_size_change	phylter_k_300	N574	10X_down
1134	66	266	34	0.2	1.0	population_size_change	phylter_k_020	N574	10X_down
0	1200	0	300	0.2	1.0	population_size_change	phylter_k_050	N574	10X_down
1199	1	300	0	0.2	1.0	population_size_change	phylter_k_300	N574	10X_down
1	1199	0	300	0.2	1.0	population_size_change	phylter_k_020	N574	10X_down
1150	50	282	18	0.2	1.0	population_size_change	phylter_k_050	N574	10X_down
0	1200	0	300	0.2	1.0	population_size_change	phylter_k_050	N574	10X_down
1179	21	282	18	0.2	1.0	population_size_change	phylter_k_155	N574	10X_down
1183	17	288	12	0.2	1.0	population_size_change	phylter_k_155	N574	10X_down
0	1200	0	300	0.2	1.0	population_size_change	phylter_k_020	N574	10X_down
1197	3	294	6	0.2	1.0	population_size_change	phylter_k_300	N574	10X_down
65	1210	10	215	0.15	1.0	population_size_change	phylter_k_020	N460	10X_down
1260	15	219	6	0.15	1.0	population_size_change	phylter_k_155	N460	10X_down
189	1086	40	185	0.15	1.0	population_size_change	phylter_k_050	N460	10X_down
43	1232	12	213	0.15	1.0	population_size_change	phylter_k_050	N460	10X_down
958	317	182	43	0.15	1.0	population_size_change	phylter_k_020	N460	10X_down
1256	19	215	10	0.15	1.0	population_size_change	phylter_k_155	N460	10X_down
1220	55	214	11	0.15	1.0	population_size_change	phylter_k_050	N460	10X_down
20	1255	6	219	0.15	1.0	population_size_change	phylter_k_020	N460	10X_down
1275	0	225	0	0.15	1.0	population_size_change	phylter_k_300	N460	10X_down
1274	1	225	0	0.15	1.0	population_size_change	phylter_k_300	N460	10X_down
1274	1	225	0	0.15	1.0	population_size_change	phylter_k_300	N460	10X_down
1256	19	215	10	0.15	1.0	population_size_change	phylter_k_155	N460	10X_down
1177	23	287	13	0.2	1.0	population_size_change	phylter_k_155	N679	10X_down
1196	4	295	5	0.2	1.0	population_size_change	phylter_k_300	N679	10X_down
1193	7	299	1	0.2	1.0	population_size_change	phylter_k_155	N679	10X_down
1196	4	295	5	0.2	1.0	population_size_change	phylter_k_300	N679	10X_down
3	1197	0	300	0.2	1.0	population_size_change	phylter_k_020	N679	10X_down
1141	59	281	19	0.2	1.0	population_size_change	phylter_k_020	N679	10X_down
350	850	64	236	0.2	1.0	population_size_change	phylter_k_050	N679	10X_down
13	1187	2	298	0.2	1.0	population_size_change	phylter_k_020	N679	10X_down
14	1186	2	298	0.2	1.0	population_size_change	phylter_k_050	N679	10X_down
1127	73	274	26	0.2	1.0	population_size_change	phylter_k_050	N679	10X_down
1200	0	300	0	0.2	1.0	population_size_change	phylter_k_300	N679	10X_down
1180	20	289	11	0.2	1.0	population_size_change	phylter_k_155	N679	10X_down
1346	4	150	0	0.1	1.0	population_size_change	phylter_k_300	N220	10X_up
1347	3	150	0	0.1	1.0	population_size_change	phylter_k_300	N220	10X_up
1337	13	150	0	0.1	1.0	population_size_change	phylter_k_155	N220	10X_up
1234	116	127	23	0.1	1.0	population_size_change	phylter_k_020	N220	10X_up
0	1350	0	150	0.1	1.0	population_size_change	phylter_k_020	N220	10X_up
1294	56	143	7	0.1	1.0	population_size_change	phylter_k_155	N220	10X_up
0	1350	1	149	0.1	1.0	population_size_change	phylter_k_050	N220	10X_up
1258	92	133	17	0.1	1.0	population_size_change	phylter_k_050	N220	10X_up
0	1350	0	150	0.1	1.0	population_size_change	phylter_k_050	N220	10X_up
1350	0	150	0	0.1	1.0	population_size_change	phylter_k_300	N220	10X_up
1	1349	1	149	0.1	1.0	population_size_change	phylter_k_020	N220	10X_up
1312	38	149	1	0.1	1.0	population_size_change	phylter_k_155	N220	10X_up
1199	1	300	0	0.2	1.0	population_size_change	phylter_k_300	N281	10X_up
2	1198	1	299	0.2	1.0	population_size_change	phylter_k_020	N281	10X_up
1133	67	280	20	0.2	1.0	population_size_change	phylter_k_050	N281	10X_up
1199	1	300	0	0.2	1.0	population_size_change	phylter_k_300	N281	10X_up
1199	1	300	0	0.2	1.0	population_size_change	phylter_k_300	N281	10X_up
1147	53	283	17	0.2	1.0	population_size_change	phylter_k_155	N281	10X_up
1	1199	0	300	0.2	1.0	population_size_change	phylter_k_050	N281	10X_up
1115	85	262	38	0.2	1.0	population_size_change	phylter_k_020	N281	10X_up
1	1199	0	300	0.2	1.0	population_size_change	phylter_k_050	N281	10X_up
2	1198	1	299	0.2	1.0	population_size_change	phylter_k_020	N281	10X_up
1188	12	292	8	0.2	1.0	population_size_change	phylter_k_155	N281	10X_up
1147	53	283	17	0.2	1.0	population_size_change	phylter_k_155	N281	10X_up
2	1468	0	30	0.02	1.0	population_size_change	phylter_k_020	N233	10X_up
1468	2	30	0	0.02	1.0	population_size_change	phylter_k_300	N233	10X_up
1469	1	30	0	0.02	1.0	population_size_change	phylter_k_300	N233	10X_up
1336	134	18	12	0.02	1.0	population_size_change	phylter_k_050	N233	10X_up
1468	2	30	0	0.02	1.0	population_size_change	phylter_k_300	N233	10X_up
1408	62	29	1	0.02	1.0	population_size_change	phylter_k_155	N233	10X_up
1408	62	29	1	0.02	1.0	population_size_change	phylter_k_155	N233	10X_up
0	1470	0	30	0.02	1.0	population_size_change	phylter_k_050	N233	10X_up
2	1468	0	30	0.02	1.0	population_size_change	phylter_k_020	N233	10X_up
1438	32	30	0	0.02	1.0	population_size_change	phylter_k_155	N233	10X_up
1350	120	18	12	0.02	1.0	population_size_change	phylter_k_020	N233	10X_up
0	1470	0	30	0.02	1.0	population_size_change	phylter_k_050	N233	10X_up
0	1425	0	75	0.05	1.0	population_size_change	phylter_k_020	N399	10X_up
1395	30	72	3	0.05	1.0	population_size_change	phylter_k_155	N399	10X_up
1424	1	75	0	0.05	1.0	population_size_change	phylter_k_300	N399	10X_up
1273	152	64	11	0.05	1.0	population_size_change	phylter_k_050	N399	10X_up
1421	4	73	2	0.05	1.0	population_size_change	phylter_k_300	N399	10X_up
0	1425	0	75	0.05	1.0	population_size_change	phylter_k_050	N399	10X_up
1391	34	71	4	0.05	1.0	population_size_change	phylter_k_155	N399	10X_up
0	1425	0	75	0.05	1.0	population_size_change	phylter_k_020	N399	10X_up
1302	123	61	14	0.05	1.0	population_size_change	phylter_k_020	N399	10X_up
0	1425	0	75	0.05	1.0	population_size_change	phylter_k_050	N399	10X_up
1407	18	74	1	0.05	1.0	population_size_change	phylter_k_155	N399	10X_up
1422	3	73	2	0.05	1.0	population_size_change	phylter_k_300	N399	10X_up
1219	131	127	23	0.1	1.0	population_size_change	phylter_k_050	N709	10X_up
0	1350	0	150	0.1	1.0	population_size_change	phylter_k_050	N709	10X_up
1350	0	150	0	0.1	1.0	population_size_change	phylter_k_300	N709	10X_up
1328	22	141	9	0.1	1.0	population_size_change	phylter_k_155	N709	10X_up
0	1350	0	150	0.1	1.0	population_size_change	phylter_k_020	N709	10X_up
1346	4	148	2	0.1	1.0	population_size_change	phylter_k_300	N709	10X_up
1331	19	143	7	0.1	1.0	population_size_change	phylter_k_155	N709	10X_up
0	1350	0	150	0.1	1.0	population_size_change	phylter_k_020	N709	10X_up
1347	3	149	1	0.1	1.0	population_size_change	phylter_k_300	N709	10X_up
1335	15	146	4	0.1	1.0	population_size_change	phylter_k_155	N709	10X_up
1254	96	124	26	0.1	1.0	population_size_change	phylter_k_020	N709	10X_up
0	1350	0	150	0.1	1.0	population_size_change	phylter_k_050	N709	10X_up
1257	18	215	10	0.15	1.0	population_size_change	phylter_k_155	N651	10X_down
1185	90	192	33	0.15	1.0	population_size_change	phylter_k_020	N651	10X_down
1257	18	215	10	0.15	1.0	population_size_change	phylter_k_155	N651	10X_down
1265	10	223	2	0.15	1.0	population_size_change	phylter_k_155	N651	10X_down
605	670	103	122	0.15	1.0	population_size_change	phylter_k_020	N651	10X_down
1271	4	222	3	0.15	1.0	population_size_change	phylter_k_300	N651	10X_down
605	670	103	122	0.15	1.0	population_size_change	phylter_k_020	N651	10X_down
442	833	66	159	0.15	1.0	population_size_change	phylter_k_050	N651	10X_down
1275	0	225	0	0.15	1.0	population_size_change	phylter_k_300	N651	10X_down
764	511	115	110	0.15	1.0	population_size_change	phylter_k_050	N651	10X_down
442	833	66	159	0.15	1.0	population_size_change	phylter_k_050	N651	10X_down
1271	4	222	3	0.15	1.0	population_size_change	phylter_k_300	N651	10X_down
244	881	59	316	0.25	1.0	population_size_change	phylter_k_050	N635	10X_up
1123	2	373	2	0.25	1.0	population_size_change	phylter_k_300	N635	10X_up
1125	0	375	0	0.25	1.0	population_size_change	phylter_k_300	N635	10X_up
1019	106	326	49	0.25	1.0	population_size_change	phylter_k_050	N635	10X_up
1123	2	373	2	0.25	1.0	population_size_change	phylter_k_300	N635	10X_up
0	1125	0	375	0.25	1.0	population_size_change	phylter_k_020	N635	10X_up
1114	11	365	10	0.25	1.0	population_size_change	phylter_k_155	N635	10X_up
244	881	59	316	0.25	1.0	population_size_change	phylter_k_050	N635	10X_up
965	160	323	52	0.25	1.0	population_size_change	phylter_k_020	N635	10X_up
1114	11	365	10	0.25	1.0	population_size_change	phylter_k_155	N635	10X_up
1121	4	373	2	0.25	1.0	population_size_change	phylter_k_155	N635	10X_up
0	1125	0	375	0.25	1.0	population_size_change	phylter_k_020	N635	10X_up
1286	184	22	8	0.02	1.0	population_size_change	phylter_k_050	N228	10X_up
1469	1	30	0	0.02	1.0	population_size_change	phylter_k_300	N228	10X_up
1468	2	30	0	0.02	1.0	population_size_change	phylter_k_300	N228	10X_up
0	1470	0	30	0.02	1.0	population_size_change	phylter_k_050	N228	10X_up
1428	42	30	0	0.02	1.0	population_size_change	phylter_k_155	N228	10X_up
1	1469	0	30	0.02	1.0	population_size_change	phylter_k_020	N228	10X_up
1	1469	0	30	0.02	1.0	population_size_change	phylter_k_020	N228	10X_up
0	1470	0	30	0.02	1.0	population_size_change	phylter_k_050	N228	10X_up
1468	2	30	0	0.02	1.0	population_size_change	phylter_k_300	N228	10X_up
1363	107	20	10	0.02	1.0	population_size_change	phylter_k_020	N228	10X_up
1398	72	30	0	0.02	1.0	population_size_change	phylter_k_155	N228	10X_up
1398	72	30	0	0.02	1.0	population_size_change	phylter_k_155	N228	10X_up
1191	9	299	1	0.2	1.0	population_size_change	phylter_k_155	N119	10X_down
1188	12	297	3	0.2	1.0	population_size_change	phylter_k_155	N119	10X_down
1122	78	272	28	0.2	1.0	population_size_change	phylter_k_020	N119	10X_down
0	1200	0	300	0.2	1.0	population_size_change	phylter_k_020	N119	10X_down
0	1200	0	300	0.2	1.0	population_size_change	phylter_k_050	N119	10X_down
0	1200	0	300	0.2	1.0	population_size_change	phylter_k_050	N119	10X_down
1200	0	300	0	0.2	1.0	population_size_change	phylter_k_300	N119	10X_down
1177	23	295	5	0.2	1.0	population_size_change	phylter_k_155	N119	10X_down
1001	199	246	54	0.2	1.0	population_size_change	phylter_k_050	N119	10X_down
1200	0	300	0	0.2	1.0	population_size_change	phylter_k_300	N119	10X_down
1200	0	300	0	0.2	1.0	population_size_change	phylter_k_300	N119	10X_down
0	1200	0	300	0.2	1.0	population_size_change	phylter_k_020	N119	10X_down
1425	45	27	3	0.02	1.0	population_size_change	phylter_k_155	N498	10X_down
0	1470	0	30	0.02	1.0	population_size_change	phylter_k_050	N498	10X_down
0	1470	0	30	0.02	1.0	population_size_change	phylter_k_050	N498	10X_down
1430	40	30	0	0.02	1.0	population_size_change	phylter_k_155	N498	10X_down
1342	128	24	6	0.02	1.0	population_size_change	phylter_k_020	N498	10X_down
1	1469	0	30	0.02	1.0	population_size_change	phylter_k_020	N498	10X_down
1421	49	26	4	0.02	1.0	population_size_change	phylter_k_155	N498	10X_down
1305	165	26	4	0.02	1.0	population_size_change	phylter_k_050	N498	10X_down
1467	3	29	1	0.02	1.0	population_size_change	phylter_k_300	N498	10X_down
1469	1	30	0	0.02	1.0	population_size_change	phylter_k_300	N498	10X_down
1466	4	28	2	0.02	1.0	population_size_change	phylter_k_300	N498	10X_down
0	1470	0	30	0.02	1.0	population_size_change	phylter_k_020	N498	10X_down
1324	26	136	14	0.1	1.0	population_size_change	phylter_k_155	N616	10X_up
1322	28	134	16	0.1	1.0	population_size_change	phylter_k_155	N616	10X_up
0	1350	0	150	0.1	1.0	population_size_change	phylter_k_020	N616	10X_up
1338	12	142	8	0.1	1.0	population_size_change	phylter_k_155	N616	10X_up
1346	4	147	3	0.1	1.0	population_size_change	phylter_k_300	N616	10X_up
1283	67	135	15	0.1	1.0	population_size_change	phylter_k_020	N616	10X_up
0	1350	0	150	0.1	1.0	population_size_change	phylter_k_020	N616	10X_up
0	1350	0	150	0.1	1.0	population_size_change	phylter_k_050	N616	10X_up
1349	1	150	0	0.1	1.0	population_size_change	phylter_k_300	N616	10X_up
1169	181	122	28	0.1	1.0	population_size_change	phylter_k_050	N616	10X_up
0	1350	0	150	0.1	1.0	population_size_change	phylter_k_050	N616	10X_up
1346	4	147	3	0.1	1.0	population_size_change	phylter_k_300	N616	10X_up
1367	58	70	5	0.05	1.0	population_size_change	phylter_k_155	N228	10X_down
1424	1	75	0	0.05	1.0	population_size_change	phylter_k_300	N228	10X_down
0	1425	0	75	0.05	1.0	population_size_change	phylter_k_050	N228	10X_down
1205	220	57	18	0.05	1.0	population_size_change	phylter_k_050	N228	10X_down
0	1425	0	75	0.05	1.0	population_size_change	phylter_k_050	N228	10X_down
2	1423	1	74	0.05	1.0	population_size_change	phylter_k_020	N228	10X_down
1367	58	70	5	0.05	1.0	population_size_change	phylter_k_155	N228	10X_down
1400	25	72	3	0.05	1.0	population_size_change	phylter_k_155	N228	10X_down
1423	2	75	0	0.05	1.0	population_size_change	phylter_k_300	N228	10X_down
1423	2	75	0	0.05	1.0	population_size_change	phylter_k_300	N228	10X_down
1302	123	66	9	0.05	1.0	population_size_change	phylter_k_020	N228	10X_down
2	1423	1	74	0.05	1.0	population_size_change	phylter_k_020	N228	10X_down
1191	9	300	0	0.2	1.0	population_size_change	phylter_k_155	N491	10X_down
1196	4	296	4	0.2	1.0	population_size_change	phylter_k_300	N491	10X_down
0	1200	0	300	0.2	1.0	population_size_change	phylter_k_050	N491	10X_down
0	1200	0	300	0.2	1.0	population_size_change	phylter_k_020	N491	10X_down
1033	167	269	31	0.2	1.0	population_size_change	phylter_k_020	N491	10X_down
0	1200	0	300	0.2	1.0	population_size_change	phylter_k_020	N491	10X_down
1180	20	289	11	0.2	1.0	population_size_change	phylter_k_155	N491	10X_down
1184	16	293	7	0.2	1.0	population_size_change	phylter_k_155	N491	10X_down
0	1200	0	300	0.2	1.0	population_size_change	phylter_k_050	N491	10X_down
1200	0	300	0	0.2	1.0	population_size_change	phylter_k_300	N491	10X_down
1197	3	296	4	0.2	1.0	population_size_change	phylter_k_300	N491	10X_down
1027	173	241	59	0.2	1.0	population_size_change	phylter_k_050	N491	10X_down
1124	1	373	2	0.25	1.0	population_size_change	phylter_k_300	N343	10X_down
1106	19	366	9	0.25	1.0	population_size_change	phylter_k_155	N343	10X_down
1125	0	375	0	0.25	1.0	population_size_change	phylter_k_300	N343	10X_down
988	137	308	67	0.25	1.0	population_size_change	phylter_k_050	N343	10X_down
0	1125	0	375	0.25	1.0	population_size_change	phylter_k_020	N343	10X_down
1105	20	365	10	0.25	1.0	population_size_change	phylter_k_155	N343	10X_down
0	1125	1	374	0.25	1.0	population_size_change	phylter_k_020	N343	10X_down
0	1125	0	375	0.25	1.0	population_size_change	phylter_k_050	N343	10X_down
1117	8	375	0	0.25	1.0	population_size_change	phylter_k_155	N343	10X_down
0	1125	0	375	0.25	1.0	population_size_change	phylter_k_050	N343	10X_down
1106	19	364	11	0.25	1.0	population_size_change	phylter_k_020	N343	10X_down
1124	1	373	2	0.25	1.0	population_size_change	phylter_k_300	N343	10X_down
1078	47	358	17	0.25	1.0	population_size_change	phylter_k_155	N299	10X_down
1041	84	315	60	0.25	1.0	population_size_change	phylter_k_020	N299	10X_down
1124	1	374	1	0.25	1.0	population_size_change	phylter_k_300	N299	10X_down
1121	4	374	1	0.25	1.0	population_size_change	phylter_k_300	N299	10X_down
0	1125	0	375	0.25	1.0	population_size_change	phylter_k_020	N299	10X_down
1116	9	372	3	0.25	1.0	population_size_change	phylter_k_155	N299	10X_down
1097	28	366	9	0.25	1.0	population_size_change	phylter_k_155	N299	10X_down
0	1125	0	375	0.25	1.0	population_size_change	phylter_k_050	N299	10X_down
0	1125	0	375	0.25	1.0	population_size_change	phylter_k_050	N299	10X_down
1	1124	0	375	0.25	1.0	population_size_change	phylter_k_020	N299	10X_down
1124	1	375	0	0.25	1.0	population_size_change	phylter_k_300	N299	10X_down
1062	63	347	28	0.25	1.0	population_size_change	phylter_k_050	N299	10X_down
1423	2	75	0	0.05	1.0	population_size_change	phylter_k_300	N299	10X_down
0	1425	0	75	0.05	1.0	population_size_change	phylter_k_020	N299	10X_down
1425	0	75	0	0.05	1.0	population_size_change	phylter_k_300	N299	10X_down
1363	62	73	2	0.05	1.0	population_size_change	phylter_k_155	N299	10X_down
1410	15	75	0	0.05	1.0	population_size_change	phylter_k_155	N299	10X_down
1312	113	57	18	0.05	1.0	population_size_change	phylter_k_020	N299	10X_down
1	1424	0	75	0.05	1.0	population_size_change	phylter_k_020	N299	10X_down
0	1425	0	75	0.05	1.0	population_size_change	phylter_k_050	N299	10X_down
0	1425	0	75	0.05	1.0	population_size_change	phylter_k_050	N299	10X_down
1251	174	64	11	0.05	1.0	population_size_change	phylter_k_050	N299	10X_down
1392	33	74	1	0.05	1.0	population_size_change	phylter_k_155	N299	10X_down
1425	0	75	0	0.05	1.0	population_size_change	phylter_k_300	N299	10X_down
1349	1	150	0	0.1	1.0	population_size_change	phylter_k_300	N159	10X_up
1225	125	124	26	0.1	1.0	population_size_change	phylter_k_050	N159	10X_up
1311	39	147	3	0.1	1.0	population_size_change	phylter_k_155	N159	10X_up
0	1350	0	150	0.1	1.0	population_size_change	phylter_k_050	N159	10X_up
3	1347	0	150	0.1	1.0	population_size_change	phylter_k_020	N159	10X_up
0	1350	0	150	0.1	1.0	population_size_change	phylter_k_050	N159	10X_up
1340	10	150	0	0.1	1.0	population_size_change	phylter_k_155	N159	10X_up
1273	77	130	20	0.1	1.0	population_size_change	phylter_k_020	N159	10X_up
1307	43	147	3	0.1	1.0	population_size_change	phylter_k_155	N159	10X_up
1348	2	150	0	0.1	1.0	population_size_change	phylter_k_300	N159	10X_up
0	1350	0	150	0.1	1.0	population_size_change	phylter_k_020	N159	10X_up
1347	3	150	0	0.1	1.0	population_size_change	phylter_k_300	N159	10X_up
1116	84	267	33	0.2	1.0	population_size_change	phylter_k_050	N579	10X_up
1196	4	295	5	0.2	1.0	population_size_change	phylter_k_300	N579	10X_up
1200	0	300	0	0.2	1.0	population_size_change	phylter_k_300	N579	10X_up
2	1198	1	299	0.2	1.0	population_size_change	phylter_k_050	N579	10X_up
1	1199	0	300	0.2	1.0	population_size_change	phylter_k_020	N579	10X_up
2	1198	1	299	0.2	1.0	population_size_change	phylter_k_050	N579	10X_up
1193	7	300	0	0.2	1.0	population_size_change	phylter_k_155	N579	10X_up
1114	86	274	26	0.2	1.0	population_size_change	phylter_k_020	N579	10X_up
1196	4	295	5	0.2	1.0	population_size_change	phylter_k_300	N579	10X_up
1	1199	0	300	0.2	1.0	population_size_change	phylter_k_020	N579	10X_up
1183	17	291	9	0.2	1.0	population_size_change	phylter_k_155	N579	10X_up
1183	17	291	9	0.2	1.0	population_size_change	phylter_k_155	N579	10X_up
803	322	266	109	0.25	1.0	population_size_change	phylter_k_050	N228	10X_down
1125	0	375	0	0.25	1.0	population_size_change	phylter_k_300	N228	10X_down
1125	0	375	0	0.25	1.0	population_size_change	phylter_k_300	N228	10X_down
0	1125	0	375	0.25	1.0	population_size_change	phylter_k_050	N228	10X_down
1102	23	368	7	0.25	1.0	population_size_change	phylter_k_020	N228	10X_down
14	1111	4	371	0.25	1.0	population_size_change	phylter_k_020	N228	10X_down
0	1125	0	375	0.25	1.0	population_size_change	phylter_k_050	N228	10X_down
1118	7	372	3	0.25	1.0	population_size_change	phylter_k_155	N228	10X_down
1096	29	363	12	0.25	1.0	population_size_change	phylter_k_155	N228	10X_down
1096	29	363	12	0.25	1.0	population_size_change	phylter_k_155	N228	10X_down
14	1111	4	371	0.25	1.0	population_size_change	phylter_k_020	N228	10X_down
1125	0	375	0	0.25	1.0	population_size_change	phylter_k_300	N228	10X_down
0	1425	0	75	0.05	1.0	population_size_change	phylter_k_050	N343	10X_down
1323	102	67	8	0.05	1.0	population_size_change	phylter_k_020	N343	10X_down
1408	17	74	1	0.05	1.0	population_size_change	phylter_k_155	N343	10X_down
1423	2	75	0	0.05	1.0	population_size_change	phylter_k_300	N343	10X_down
1395	30	70	5	0.05	1.0	population_size_change	phylter_k_155	N343	10X_down
1421	4	74	1	0.05	1.0	population_size_change	phylter_k_300	N343	10X_down
0	1425	0	75	0.05	1.0	population_size_change	phylter_k_020	N343	10X_down
1275	150	65	10	0.05	1.0	population_size_change	phylter_k_050	N343	10X_down
1424	1	75	0	0.05	1.0	population_size_change	phylter_k_300	N343	10X_down
0	1425	0	75	0.05	1.0	population_size_change	phylter_k_020	N343	10X_down
1390	35	70	5	0.05	1.0	population_size_change	phylter_k_155	N343	10X_down
1	1424	0	75	0.05	1.0	population_size_change	phylter_k_050	N343	10X_down
1253	22	217	8	0.15	1.0	population_size_change	phylter_k_155	N573	10X_down
1271	4	221	4	0.15	1.0	population_size_change	phylter_k_300	N573	10X_down
1144	131	188	37	0.15	1.0	population_size_change	phylter_k_050	N573	10X_down
0	1275	0	225	0.15	1.0	population_size_change	phylter_k_020	N573	10X_down
1275	0	225	0	0.15	1.0	population_size_change	phylter_k_300	N573	10X_down
0	1275	0	225	0.15	1.0	population_size_change	phylter_k_020	N573	10X_down
1248	27	217	8	0.15	1.0	population_size_change	phylter_k_155	N573	10X_down
0	1275	0	225	0.15	1.0	population_size_change	phylter_k_050	N573	10X_down
0	1275	0	225	0.15	1.0	population_size_change	phylter_k_050	N573	10X_down
1196	79	203	22	0.15	1.0	population_size_change	phylter_k_020	N573	10X_down
1260	15	224	1	0.15	1.0	population_size_change	phylter_k_155	N573	10X_down
1272	3	221	4	0.15	1.0	population_size_change	phylter_k_300	N573	10X_down
1257	18	220	5	0.15	1.0	population_size_change	phylter_k_155	N635	10X_up
27	1248	6	219	0.15	1.0	population_size_change	phylter_k_050	N635	10X_up
1266	9	224	1	0.15	1.0	population_size_change	phylter_k_155	N635	10X_up
188	1087	24	201	0.15	1.0	population_size_change	phylter_k_020	N635	10X_up
27	1248	6	219	0.15	1.0	population_size_change	phylter_k_050	N635	10X_up
1220	55	212	13	0.15	1.0	population_size_change	phylter_k_020	N635	10X_up
188	1087	24	201	0.15	1.0	population_size_change	phylter_k_020	N635	10X_up
1272	3	224	1	0.15	1.0	population_size_change	phylter_k_300	N635	10X_up
1275	0	225	0	0.15	1.0	population_size_change	phylter_k_300	N635	10X_up
1189	86	199	26	0.15	1.0	population_size_change	phylter_k_050	N635	10X_up
1272	3	224	1	0.15	1.0	population_size_change	phylter_k_300	N635	10X_up
1257	18	220	5	0.15	1.0	population_size_change	phylter_k_155	N635	10X_up
1422	3	72	3	0.05	1.0	population_size_change	phylter_k_300	N544	10X_up
1424	1	75	0	0.05	1.0	population_size_change	phylter_k_300	N544	10X_up
0	1425	0	75	0.05	1.0	population_size_change	phylter_k_050	N544	10X_up
925	500	52	23	0.05	1.0	population_size_change	phylter_k_050	N544	10X_up
4	1421	0	75	0.05	1.0	population_size_change	phylter_k_050	N544	10X_up
1379	46	68	7	0.05	1.0	population_size_change	phylter_k_155	N544	10X_up
5	1420	1	74	0.05	1.0	population_size_change	phylter_k_020	N544	10X_up
1287	138	63	12	0.05	1.0	population_size_change	phylter_k_020	N544	10X_up
1	1424	0	75	0.05	1.0	population_size_change	phylter_k_020	N544	10X_up
1385	40	68	7	0.05	1.0	population_size_change	phylter_k_155	N544	10X_up
1394	31	72	3	0.05	1.0	population_size_change	phylter_k_155	N544	10X_up
1422	3	72	3	0.05	1.0	population_size_change	phylter_k_300	N544	10X_up
1125	0	375	0	0.25	1.0	population_size_change	phylter_k_300	Nyctibiidae	10X_up
1076	49	347	28	0.25	1.0	population_size_change	phylter_k_050	Nyctibiidae	10X_up
0	1125	0	375	0.25	1.0	population_size_change	phylter_k_050	Nyctibiidae	10X_up
1	1124	0	375	0.25	1.0	population_size_change	phylter_k_020	Nyctibiidae	10X_up
0	1125	0	375	0.25	1.0	population_size_change	phylter_k_050	Nyctibiidae	10X_up
1084	41	357	18	0.25	1.0	population_size_change	phylter_k_155	Nyctibiidae	10X_up
1117	8	369	6	0.25	1.0	population_size_change	phylter_k_155	Nyctibiidae	10X_up
1123	2	375	0	0.25	1.0	population_size_change	phylter_k_300	Nyctibiidae	10X_up
1080	45	357	18	0.25	1.0	population_size_change	phylter_k_020	Nyctibiidae	10X_up
1084	41	357	18	0.25	1.0	population_size_change	phylter_k_155	Nyctibiidae	10X_up
1	1124	0	375	0.25	1.0	population_size_change	phylter_k_020	Nyctibiidae	10X_up
1123	2	375	0	0.25	1.0	population_size_change	phylter_k_300	Nyctibiidae	10X_up
1425	45	27	3	0.02	1.0	population_size_change	phylter_k_155	N638	10X_down
241	1229	3	27	0.02	1.0	population_size_change	phylter_k_020	N638	10X_down
6	1464	0	30	0.02	1.0	population_size_change	phylter_k_050	N638	10X_down
1134	336	22	8	0.02	1.0	population_size_change	phylter_k_050	N638	10X_down
1469	1	30	0	0.02	1.0	population_size_change	phylter_k_300	N638	10X_down
6	1464	0	30	0.02	1.0	population_size_change	phylter_k_050	N638	10X_down
1425	45	27	3	0.02	1.0	population_size_change	phylter_k_155	N638	10X_down
1466	4	28	2	0.02	1.0	population_size_change	phylter_k_300	N638	10X_down
1337	133	22	8	0.02	1.0	population_size_change	phylter_k_020	N638	10X_down
241	1229	3	27	0.02	1.0	population_size_change	phylter_k_020	N638	10X_down
1436	34	30	0	0.02	1.0	population_size_change	phylter_k_155	N638	10X_down
1466	4	28	2	0.02	1.0	population_size_change	phylter_k_300	N638	10X_down
0	1200	1	299	0.2	1.0	population_size_change	phylter_k_020	N220	10X_up
1	1199	1	299	0.2	1.0	population_size_change	phylter_k_020	N220	10X_up
1095	105	256	44	0.2	1.0	population_size_change	phylter_k_020	N220	10X_up
0	1200	0	300	0.2	1.0	population_size_change	phylter_k_050	N220	10X_up
1191	9	300	0	0.2	1.0	population_size_change	phylter_k_155	N220	10X_up
1197	3	300	0	0.2	1.0	population_size_change	phylter_k_300	N220	10X_up
1168	32	297	3	0.2	1.0	population_size_change	phylter_k_155	N220	10X_up
1154	46	292	8	0.2	1.0	population_size_change	phylter_k_155	N220	10X_up
1198	2	300	0	0.2	1.0	population_size_change	phylter_k_300	N220	10X_up
888	312	211	89	0.2	1.0	population_size_change	phylter_k_050	N220	10X_up
0	1200	0	300	0.2	1.0	population_size_change	phylter_k_050	N220	10X_up
1200	0	300	0	0.2	1.0	population_size_change	phylter_k_300	N220	10X_up
1349	1	150	0	0.1	1.0	population_size_change	phylter_k_300	N281	10X_up
1291	59	143	7	0.1	1.0	population_size_change	phylter_k_155	N281	10X_up
4	1346	0	150	0.1	1.0	population_size_change	phylter_k_020	N281	10X_up
1338	12	146	4	0.1	1.0	population_size_change	phylter_k_155	N281	10X_up
1349	1	150	0	0.1	1.0	population_size_change	phylter_k_300	N281	10X_up
1248	102	133	17	0.1	1.0	population_size_change	phylter_k_020	N281	10X_up
0	1350	0	150	0.1	1.0	population_size_change	phylter_k_050	N281	10X_up
4	1346	0	150	0.1	1.0	population_size_change	phylter_k_020	N281	10X_up
1176	174	127	23	0.1	1.0	population_size_change	phylter_k_050	N281	10X_up
1349	1	150	0	0.1	1.0	population_size_change	phylter_k_300	N281	10X_up
1291	59	143	7	0.1	1.0	population_size_change	phylter_k_155	N281	10X_up
0	1350	0	150	0.1	1.0	population_size_change	phylter_k_050	N281	10X_up
1187	13	289	11	0.2	1.0	population_size_change	phylter_k_155	N709	10X_up
0	1200	0	300	0.2	1.0	population_size_change	phylter_k_020	N709	10X_up
1070	130	255	45	0.2	1.0	population_size_change	phylter_k_020	N709	10X_up
1191	9	296	4	0.2	1.0	population_size_change	phylter_k_155	N709	10X_up
0	1200	0	300	0.2	1.0	population_size_change	phylter_k_050	N709	10X_up
0	1200	0	300	0.2	1.0	population_size_change	phylter_k_050	N709	10X_up
1184	16	286	14	0.2	1.0	population_size_change	phylter_k_155	N709	10X_up
0	1200	0	300	0.2	1.0	population_size_change	phylter_k_020	N709	10X_up
846	354	214	86	0.2	1.0	population_size_change	phylter_k_050	N709	10X_up
1197	3	296	4	0.2	1.0	population_size_change	phylter_k_300	N709	10X_up
1200	0	300	0	0.2	1.0	population_size_change	phylter_k_300	N709	10X_up
1198	2	297	3	0.2	1.0	population_size_change	phylter_k_300	N709	10X_up
1349	1	150	0	0.1	1.0	population_size_change	phylter_k_300	Accipitriformes	10X_up
1202	148	126	24	0.1	1.0	population_size_change	phylter_k_050	Accipitriformes	10X_up
1279	71	140	10	0.1	1.0	population_size_change	phylter_k_155	Accipitriformes	10X_up
1283	67	142	8	0.1	1.0	population_size_change	phylter_k_155	Accipitriformes	10X_up
1	1349	0	150	0.1	1.0	population_size_change	phylter_k_020	Accipitriformes	10X_up
0	1350	0	150	0.1	1.0	population_size_change	phylter_k_050	Accipitriformes	10X_up
4	1346	0	150	0.1	1.0	population_size_change	phylter_k_020	Accipitriformes	10X_up
1346	4	149	1	0.1	1.0	population_size_change	phylter_k_300	Accipitriformes	10X_up
1328	22	148	2	0.1	1.0	population_size_change	phylter_k_155	Accipitriformes	10X_up
1187	163	122	28	0.1	1.0	population_size_change	phylter_k_020	Accipitriformes	10X_up
1346	4	149	1	0.1	1.0	population_size_change	phylter_k_300	Accipitriformes	10X_up
0	1350	0	150	0.1	1.0	population_size_change	phylter_k_050	Accipitriformes	10X_up
0	1275	0	225	0.15	1.0	population_size_change	phylter_k_020	N281	10X_up
0	1275	0	225	0.15	1.0	population_size_change	phylter_k_050	N281	10X_up
1206	69	202	23	0.15	1.0	population_size_change	phylter_k_050	N281	10X_up
0	1275	0	225	0.15	1.0	population_size_change	phylter_k_050	N281	10X_up
1275	0	225	0	0.15	1.0	population_size_change	phylter_k_300	N281	10X_up
1221	54	215	10	0.15	1.0	population_size_change	phylter_k_155	N281	10X_up
0	1275	0	225	0.15	1.0	population_size_change	phylter_k_020	N281	10X_up
1061	214	186	39	0.15	1.0	population_size_change	phylter_k_020	N281	10X_up
1275	0	225	0	0.15	1.0	population_size_change	phylter_k_300	N281	10X_up
1275	0	225	0	0.15	1.0	population_size_change	phylter_k_300	N281	10X_up
1266	9	220	5	0.15	1.0	population_size_change	phylter_k_155	N281	10X_up
1221	54	215	10	0.15	1.0	population_size_change	phylter_k_155	N281	10X_up
1125	0	375	0	0.25	1.0	population_size_change	phylter_k_300	N220	10X_up
0	1125	0	375	0.25	1.0	population_size_change	phylter_k_020	N220	10X_up
1097	28	372	3	0.25	1.0	population_size_change	phylter_k_155	N220	10X_up
1125	0	375	0	0.25	1.0	population_size_change	phylter_k_300	N220	10X_up
1033	92	329	46	0.25	1.0	population_size_change	phylter_k_050	N220	10X_up
0	1125	0	375	0.25	1.0	population_size_change	phylter_k_050	N220	10X_up
1085	40	368	7	0.25	1.0	population_size_change	phylter_k_155	N220	10X_up
1	1124	0	375	0.25	1.0	population_size_change	phylter_k_020	N220	10X_up
1059	66	348	27	0.25	1.0	population_size_change	phylter_k_020	N220	10X_up
0	1125	0	375	0.25	1.0	population_size_change	phylter_k_050	N220	10X_up
1120	5	375	0	0.25	1.0	population_size_change	phylter_k_155	N220	10X_up
1125	0	375	0	0.25	1.0	population_size_change	phylter_k_300	N220	10X_up
1186	14	284	16	0.2	1.0	population_size_change	phylter_k_155	N573	10X_down
0	1200	0	300	0.2	1.0	population_size_change	phylter_k_050	N573	10X_down
0	1200	0	300	0.2	1.0	population_size_change	phylter_k_020	N573	10X_down
1199	1	300	0	0.2	1.0	population_size_change	phylter_k_300	N573	10X_down
1090	110	256	44	0.2	1.0	population_size_change	phylter_k_050	N573	10X_down
0	1200	0	300	0.2	1.0	population_size_change	phylter_k_050	N573	10X_down
0	1200	0	300	0.2	1.0	population_size_change	phylter_k_020	N573	10X_down
1199	1	293	7	0.2	1.0	population_size_change	phylter_k_300	N573	10X_down
1102	98	257	43	0.2	1.0	population_size_change	phylter_k_020	N573	10X_down
1189	11	297	3	0.2	1.0	population_size_change	phylter_k_155	N573	10X_down
1199	1	295	5	0.2	1.0	population_size_change	phylter_k_300	N573	10X_down
1183	17	283	17	0.2	1.0	population_size_change	phylter_k_155	N573	10X_down
1125	0	375	0	0.25	1.0	population_size_change	phylter_k_300	N709	10X_up
1122	3	371	4	0.25	1.0	population_size_change	phylter_k_300	N709	10X_up
1018	107	341	34	0.25	1.0	population_size_change	phylter_k_050	N709	10X_up
0	1125	0	375	0.25	1.0	population_size_change	phylter_k_020	N709	10X_up
1123	2	373	2	0.25	1.0	population_size_change	phylter_k_300	N709	10X_up
1114	11	362	13	0.25	1.0	population_size_change	phylter_k_155	N709	10X_up
1119	6	371	4	0.25	1.0	population_size_change	phylter_k_155	N709	10X_up
0	1125	0	375	0.25	1.0	population_size_change	phylter_k_050	N709	10X_up
942	183	298	77	0.25	1.0	population_size_change	phylter_k_020	N709	10X_up
1115	10	364	11	0.25	1.0	population_size_change	phylter_k_155	N709	10X_up
0	1125	0	375	0.25	1.0	population_size_change	phylter_k_050	N709	10X_up
0	1125	0	375	0.25	1.0	population_size_change	phylter_k_020	N709	10X_up
1347	3	150	0	0.1	1.0	population_size_change	phylter_k_300	N635	10X_up
1309	41	145	5	0.1	1.0	population_size_change	phylter_k_155	N635	10X_up
1347	3	150	0	0.1	1.0	population_size_change	phylter_k_300	N635	10X_up
1269	81	131	19	0.1	1.0	population_size_change	phylter_k_020	N635	10X_up
5	1345	0	150	0.1	1.0	population_size_change	phylter_k_020	N635	10X_up
1316	34	147	3	0.1	1.0	population_size_change	phylter_k_155	N635	10X_up
3	1347	0	150	0.1	1.0	population_size_change	phylter_k_050	N635	10X_up
5	1345	0	150	0.1	1.0	population_size_change	phylter_k_020	N635	10X_up
3	1347	0	150	0.1	1.0	population_size_change	phylter_k_050	N635	10X_up
1309	41	145	5	0.1	1.0	population_size_change	phylter_k_155	N635	10X_up
1089	261	126	24	0.1	1.0	population_size_change	phylter_k_050	N635	10X_up
1349	1	150	0	0.1	1.0	population_size_change	phylter_k_300	N635	10X_up
1424	1	75	0	0.05	1.0	population_size_change	phylter_k_300	N228	10X_up
0	1425	0	75	0.05	1.0	population_size_change	phylter_k_050	N228	10X_up
1317	108	66	9	0.05	1.0	population_size_change	phylter_k_020	N228	10X_up
1392	33	73	2	0.05	1.0	population_size_change	phylter_k_155	N228	10X_up
0	1425	0	75	0.05	1.0	population_size_change	phylter_k_050	N228	10X_up
1	1424	1	74	0.05	1.0	population_size_change	phylter_k_020	N228	10X_up
1424	1	75	0	0.05	1.0	population_size_change	phylter_k_300	N228	10X_up
1	1424	1	74	0.05	1.0	population_size_change	phylter_k_020	N228	10X_up
1360	65	72	3	0.05	1.0	population_size_change	phylter_k_155	N228	10X_up
1425	0	75	0	0.05	1.0	population_size_change	phylter_k_300	N228	10X_up
1360	65	72	3	0.05	1.0	population_size_change	phylter_k_155	N228	10X_up
1235	190	61	14	0.05	1.0	population_size_change	phylter_k_050	N228	10X_up
1341	9	149	1	0.1	1.0	population_size_change	phylter_k_155	N343	10X_down
1348	2	150	0	0.1	1.0	population_size_change	phylter_k_300	N343	10X_down
1290	60	141	9	0.1	1.0	population_size_change	phylter_k_020	N343	10X_down
0	1350	0	150	0.1	1.0	population_size_change	phylter_k_050	N343	10X_down
1329	21	145	5	0.1	1.0	population_size_change	phylter_k_155	N343	10X_down
1328	22	145	5	0.1	1.0	population_size_change	phylter_k_155	N343	10X_down
1349	1	150	0	0.1	1.0	population_size_change	phylter_k_300	N343	10X_down
0	1350	0	150	0.1	1.0	population_size_change	phylter_k_020	N343	10X_down
1	1349	0	150	0.1	1.0	population_size_change	phylter_k_050	N343	10X_down
1250	100	137	13	0.1	1.0	population_size_change	phylter_k_050	N343	10X_down
1348	2	150	0	0.1	1.0	population_size_change	phylter_k_300	N343	10X_down
0	1350	0	150	0.1	1.0	population_size_change	phylter_k_020	N343	10X_down
1274	1	225	0	0.15	1.0	population_size_change	phylter_k_300	N159	10X_up
1144	131	198	27	0.15	1.0	population_size_change	phylter_k_050	N159	10X_up
2	1273	1	224	0.15	1.0	population_size_change	phylter_k_020	N159	10X_up
1272	3	225	0	0.15	1.0	population_size_change	phylter_k_300	N159	10X_up
0	1275	0	225	0.15	1.0	population_size_change	phylter_k_020	N159	10X_up
0	1275	0	225	0.15	1.0	population_size_change	phylter_k_050	N159	10X_up
1230	45	221	4	0.15	1.0	population_size_change	phylter_k_155	N159	10X_up
1225	50	220	5	0.15	1.0	population_size_change	phylter_k_155	N159	10X_up
0	1275	0	225	0.15	1.0	population_size_change	phylter_k_050	N159	10X_up
1259	16	224	1	0.15	1.0	population_size_change	phylter_k_155	N159	10X_up
1273	2	225	0	0.15	1.0	population_size_change	phylter_k_300	N159	10X_up
1206	69	197	28	0.15	1.0	population_size_change	phylter_k_020	N159	10X_up
0	1275	0	225	0.15	1.0	population_size_change	phylter_k_050	N491	10X_down
1170	105	197	28	0.15	1.0	population_size_change	phylter_k_020	N491	10X_down
1256	19	217	8	0.15	1.0	population_size_change	phylter_k_155	N491	10X_down
1264	11	222	3	0.15	1.0	population_size_change	phylter_k_155	N491	10X_down
0	1275	0	225	0.15	1.0	population_size_change	phylter_k_050	N491	10X_down
7	1268	0	225	0.15	1.0	population_size_change	phylter_k_020	N491	10X_down
1271	4	223	2	0.15	1.0	population_size_change	phylter_k_300	N491	10X_down
1275	0	225	0	0.15	1.0	population_size_change	phylter_k_300	N491	10X_down
0	1275	0	225	0.15	1.0	population_size_change	phylter_k_020	N491	10X_down
1216	59	202	23	0.15	1.0	population_size_change	phylter_k_050	N491	10X_down
1252	23	212	13	0.15	1.0	population_size_change	phylter_k_155	N491	10X_down
1271	4	223	2	0.15	1.0	population_size_change	phylter_k_300	N491	10X_down
1349	1	150	0	0.1	1.0	population_size_change	phylter_k_300	N299	10X_down
1320	30	148	2	0.1	1.0	population_size_change	phylter_k_155	N299	10X_down
1295	55	147	3	0.1	1.0	population_size_change	phylter_k_155	N299	10X_down
1167	183	124	26	0.1	1.0	population_size_change	phylter_k_050	N299	10X_down
2	1348	0	150	0.1	1.0	population_size_change	phylter_k_020	N299	10X_down
1346	4	150	0	0.1	1.0	population_size_change	phylter_k_300	N299	10X_down
0	1350	0	150	0.1	1.0	population_size_change	phylter_k_020	N299	10X_down
0	1350	0	150	0.1	1.0	population_size_change	phylter_k_050	N299	10X_down
1338	12	149	1	0.1	1.0	population_size_change	phylter_k_155	N299	10X_down
1222	128	128	22	0.1	1.0	population_size_change	phylter_k_020	N299	10X_down
0	1350	0	150	0.1	1.0	population_size_change	phylter_k_050	N299	10X_down
1349	1	150	0	0.1	1.0	population_size_change	phylter_k_300	N299	10X_down
1125	0	375	0	0.25	1.0	population_size_change	phylter_k_300	N579	10X_up
954	171	301	74	0.25	1.0	population_size_change	phylter_k_050	N579	10X_up
0	1125	0	375	0.25	1.0	population_size_change	phylter_k_050	N579	10X_up
1121	4	371	4	0.25	1.0	population_size_change	phylter_k_300	N579	10X_up
1119	6	375	0	0.25	1.0	population_size_change	phylter_k_155	N579	10X_up
2	1123	1	374	0.25	1.0	population_size_change	phylter_k_020	N579	10X_up
2	1123	1	374	0.25	1.0	population_size_change	phylter_k_020	N579	10X_up
0	1125	0	375	0.25	1.0	population_size_change	phylter_k_050	N579	10X_up
1089	36	360	15	0.25	1.0	population_size_change	phylter_k_020	N579	10X_up
1121	4	371	4	0.25	1.0	population_size_change	phylter_k_300	N579	10X_up
1110	15	366	9	0.25	1.0	population_size_change	phylter_k_155	N579	10X_up
1110	15	366	9	0.25	1.0	population_size_change	phylter_k_155	N579	10X_up
0	1275	0	225	0.15	1.0	population_size_change	phylter_k_050	N616	10X_up
0	1275	0	225	0.15	1.0	population_size_change	phylter_k_020	N616	10X_up
1084	191	200	25	0.15	1.0	population_size_change	phylter_k_020	N616	10X_up
1266	9	220	5	0.15	1.0	population_size_change	phylter_k_155	N616	10X_up
1254	21	214	11	0.15	1.0	population_size_change	phylter_k_155	N616	10X_up
0	1275	0	225	0.15	1.0	population_size_change	phylter_k_050	N616	10X_up
1272	3	220	5	0.15	1.0	population_size_change	phylter_k_300	N616	10X_up
1253	22	211	14	0.15	1.0	population_size_change	phylter_k_155	N616	10X_up
0	1275	0	225	0.15	1.0	population_size_change	phylter_k_020	N616	10X_up
1275	0	225	0	0.15	1.0	population_size_change	phylter_k_300	N616	10X_up
1272	3	220	5	0.15	1.0	population_size_change	phylter_k_300	N616	10X_up
1186	89	202	23	0.15	1.0	population_size_change	phylter_k_050	N616	10X_up
1469	1	30	0	0.02	1.0	population_size_change	phylter_k_300	N186	10X_down
1351	119	21	9	0.02	1.0	population_size_change	phylter_k_050	N186	10X_down
0	1470	0	30	0.02	1.0	population_size_change	phylter_k_050	N186	10X_down
1467	3	30	0	0.02	1.0	population_size_change	phylter_k_300	N186	10X_down
1444	26	29	1	0.02	1.0	population_size_change	phylter_k_155	N186	10X_down
1414	56	28	2	0.02	1.0	population_size_change	phylter_k_155	N186	10X_down
1415	55	28	2	0.02	1.0	population_size_change	phylter_k_155	N186	10X_down
1342	128	24	6	0.02	1.0	population_size_change	phylter_k_020	N186	10X_down
1467	3	30	0	0.02	1.0	population_size_change	phylter_k_300	N186	10X_down
3	1467	0	30	0.02	1.0	population_size_change	phylter_k_020	N186	10X_down
0	1470	0	30	0.02	1.0	population_size_change	phylter_k_050	N186	10X_down
1	1469	0	30	0.02	1.0	population_size_change	phylter_k_020	N186	10X_down
1271	154	64	11	0.05	1.0	population_size_change	phylter_k_050	N233	10X_up
1368	57	70	5	0.05	1.0	population_size_change	phylter_k_155	N233	10X_up
1424	1	75	0	0.05	1.0	population_size_change	phylter_k_300	N233	10X_up
1423	2	75	0	0.05	1.0	population_size_change	phylter_k_300	N233	10X_up
1423	2	75	0	0.05	1.0	population_size_change	phylter_k_300	N233	10X_up
1	1424	0	75	0.05	1.0	population_size_change	phylter_k_020	N233	10X_up
2	1423	0	75	0.05	1.0	population_size_change	phylter_k_050	N233	10X_up
1396	29	73	2	0.05	1.0	population_size_change	phylter_k_155	N233	10X_up
1	1424	0	75	0.05	1.0	population_size_change	phylter_k_020	N233	10X_up
1273	152	59	16	0.05	1.0	population_size_change	phylter_k_020	N233	10X_up
2	1423	0	75	0.05	1.0	population_size_change	phylter_k_050	N233	10X_up
1368	57	70	5	0.05	1.0	population_size_change	phylter_k_155	N233	10X_up
0	1470	0	30	0.02	1.0	population_size_change	phylter_k_050	N399	10X_up
1467	3	28	2	0.02	1.0	population_size_change	phylter_k_300	N399	10X_up
1401	69	26	4	0.02	1.0	population_size_change	phylter_k_050	N399	10X_up
1469	1	30	0	0.02	1.0	population_size_change	phylter_k_300	N399	10X_up
1466	4	28	2	0.02	1.0	population_size_change	phylter_k_300	N399	10X_up
1	1469	0	30	0.02	1.0	population_size_change	phylter_k_020	N399	10X_up
0	1470	0	30	0.02	1.0	population_size_change	phylter_k_050	N399	10X_up
0	1470	0	30	0.02	1.0	population_size_change	phylter_k_020	N399	10X_up
1435	35	27	3	0.02	1.0	population_size_change	phylter_k_155	N399	10X_up
1446	24	30	0	0.02	1.0	population_size_change	phylter_k_155	N399	10X_up
1430	40	27	3	0.02	1.0	population_size_change	phylter_k_155	N399	10X_up
1357	113	22	8	0.02	1.0	population_size_change	phylter_k_020	N399	10X_up
1299	51	144	6	0.1	1.0	population_size_change	phylter_k_155	N228	10X_down
1349	1	150	0	0.1	1.0	population_size_change	phylter_k_300	N228	10X_down
1299	51	144	6	0.1	1.0	population_size_change	phylter_k_155	N228	10X_down
968	382	105	45	0.1	1.0	population_size_change	phylter_k_050	N228	10X_down
1348	2	150	0	0.1	1.0	population_size_change	phylter_k_300	N228	10X_down
0	1350	1	149	0.1	1.0	population_size_change	phylter_k_050	N228	10X_down
1	1349	0	150	0.1	1.0	population_size_change	phylter_k_020	N228	10X_down
1	1349	0	150	0.1	1.0	population_size_change	phylter_k_020	N228	10X_down
1246	104	127	23	0.1	1.0	population_size_change	phylter_k_020	N228	10X_down
1329	21	146	4	0.1	1.0	population_size_change	phylter_k_155	N228	10X_down
0	1350	1	149	0.1	1.0	population_size_change	phylter_k_050	N228	10X_down
1348	2	150	0	0.1	1.0	population_size_change	phylter_k_300	N228	10X_down
1255	20	216	9	0.15	1.0	population_size_change	phylter_k_155	N679	10X_down
1267	8	223	2	0.15	1.0	population_size_change	phylter_k_155	N679	10X_down
1205	70	203	22	0.15	1.0	population_size_change	phylter_k_020	N679	10X_down
10	1265	1	224	0.15	1.0	population_size_change	phylter_k_050	N679	10X_down
67	1208	7	218	0.15	1.0	population_size_change	phylter_k_020	N679	10X_down
93	1182	11	214	0.15	1.0	population_size_change	phylter_k_050	N679	10X_down
1275	0	225	0	0.15	1.0	population_size_change	phylter_k_300	N679	10X_down
1250	25	215	10	0.15	1.0	population_size_change	phylter_k_155	N679	10X_down
1001	274	177	48	0.15	1.0	population_size_change	phylter_k_050	N679	10X_down
1270	5	221	4	0.15	1.0	population_size_change	phylter_k_300	N679	10X_down
1271	4	222	3	0.15	1.0	population_size_change	phylter_k_300	N679	10X_down
4	1271	2	223	0.15	1.0	population_size_change	phylter_k_020	N679	10X_down
1178	22	286	14	0.2	1.0	population_size_change	phylter_k_155	N460	10X_down
1182	18	292	8	0.2	1.0	population_size_change	phylter_k_155	N460	10X_down
1123	77	270	30	0.2	1.0	population_size_change	phylter_k_020	N460	10X_down
1198	2	299	1	0.2	1.0	population_size_change	phylter_k_300	N460	10X_down
337	863	66	234	0.2	1.0	population_size_change	phylter_k_020	N460	10X_down
1198	2	299	1	0.2	1.0	population_size_change	phylter_k_300	N460	10X_down
1178	22	286	14	0.2	1.0	population_size_change	phylter_k_155	N460	10X_down
1089	111	271	29	0.2	1.0	population_size_change	phylter_k_050	N460	10X_down
1199	1	300	0	0.2	1.0	population_size_change	phylter_k_300	N460	10X_down
3	1197	3	297	0.2	1.0	population_size_change	phylter_k_050	N460	10X_down
486	714	106	194	0.2	1.0	population_size_change	phylter_k_020	N460	10X_down
22	1178	10	290	0.2	1.0	population_size_change	phylter_k_050	N460	10X_down
0	1275	0	225	0.15	1.0	population_size_change	phylter_k_050	N574	10X_down
0	1275	1	224	0.15	1.0	population_size_change	phylter_k_020	N574	10X_down
1183	92	201	24	0.15	1.0	population_size_change	phylter_k_020	N574	10X_down
0	1275	0	225	0.15	1.0	population_size_change	phylter_k_050	N574	10X_down
1255	20	218	7	0.15	1.0	population_size_change	phylter_k_155	N574	10X_down
1262	13	223	2	0.15	1.0	population_size_change	phylter_k_155	N574	10X_down
1273	2	221	4	0.15	1.0	population_size_change	phylter_k_300	N574	10X_down
1252	23	213	12	0.15	1.0	population_size_change	phylter_k_155	N574	10X_down
1271	4	221	4	0.15	1.0	population_size_change	phylter_k_300	N574	10X_down
1275	0	225	0	0.15	1.0	population_size_change	phylter_k_300	N574	10X_down
1215	60	209	16	0.15	1.0	population_size_change	phylter_k_050	N574	10X_down
0	1275	0	225	0.15	1.0	population_size_change	phylter_k_020	N574	10X_down
1040	160	252	48	0.2	1.0	population_size_change	phylter_k_050	N635	10X_up
1200	0	300	0	0.2	1.0	population_size_change	phylter_k_300	N635	10X_up
1198	2	298	2	0.2	1.0	population_size_change	phylter_k_300	N635	10X_up
1183	17	293	7	0.2	1.0	population_size_change	phylter_k_155	N635	10X_up
247	953	54	246	0.2	1.0	population_size_change	phylter_k_020	N635	10X_up
1198	2	298	2	0.2	1.0	population_size_change	phylter_k_300	N635	10X_up
18	1182	3	297	0.2	1.0	population_size_change	phylter_k_050	N635	10X_up
1191	9	299	1	0.2	1.0	population_size_change	phylter_k_155	N635	10X_up
247	953	54	246	0.2	1.0	population_size_change	phylter_k_020	N635	10X_up
1158	42	287	13	0.2	1.0	population_size_change	phylter_k_020	N635	10X_up
18	1182	3	297	0.2	1.0	population_size_change	phylter_k_050	N635	10X_up
1183	17	293	7	0.2	1.0	population_size_change	phylter_k_155	N635	10X_up
4	1466	0	30	0.02	1.0	population_size_change	phylter_k_050	N532	10X_down
1414	56	24	6	0.02	1.0	population_size_change	phylter_k_155	N532	10X_down
1434	36	28	2	0.02	1.0	population_size_change	phylter_k_155	N532	10X_down
1	1469	0	30	0.02	1.0	population_size_change	phylter_k_020	N532	10X_down
1348	122	27	3	0.02	1.0	population_size_change	phylter_k_020	N532	10X_down
1465	5	28	2	0.02	1.0	population_size_change	phylter_k_300	N532	10X_down
0	1470	0	30	0.02	1.0	population_size_change	phylter_k_020	N532	10X_down
1421	49	24	6	0.02	1.0	population_size_change	phylter_k_155	N532	10X_down
1343	127	25	5	0.02	1.0	population_size_change	phylter_k_050	N532	10X_down
1466	4	30	0	0.02	1.0	population_size_change	phylter_k_300	N532	10X_down
1469	1	30	0	0.02	1.0	population_size_change	phylter_k_300	N532	10X_down
0	1470	0	30	0.02	1.0	population_size_change	phylter_k_050	N532	10X_down
541	659	119	181	0.2	1.0	population_size_change	phylter_k_020	N651	10X_down
31	1169	10	290	0.2	1.0	population_size_change	phylter_k_050	N651	10X_down
1184	16	286	14	0.2	1.0	population_size_change	phylter_k_155	N651	10X_down
1091	109	260	40	0.2	1.0	population_size_change	phylter_k_020	N651	10X_down
31	1169	10	290	0.2	1.0	population_size_change	phylter_k_050	N651	10X_down
1190	10	298	2	0.2	1.0	population_size_change	phylter_k_155	N651	10X_down
1184	16	286	14	0.2	1.0	population_size_change	phylter_k_155	N651	10X_down
1198	2	296	4	0.2	1.0	population_size_change	phylter_k_300	N651	10X_down
1198	2	296	4	0.2	1.0	population_size_change	phylter_k_300	N651	10X_down
1200	0	300	0	0.2	1.0	population_size_change	phylter_k_300	N651	10X_down
835	365	202	98	0.2	1.0	population_size_change	phylter_k_050	N651	10X_down
541	659	119	181	0.2	1.0	population_size_change	phylter_k_020	N651	10X_down
1082	43	366	9	0.25	1.0	population_size_change	phylter_k_155	N281	10X_up
1125	0	375	0	0.25	1.0	population_size_change	phylter_k_300	N281	10X_up
1125	0	375	0	0.25	1.0	population_size_change	phylter_k_300	N281	10X_up
1069	56	341	34	0.25	1.0	population_size_change	phylter_k_050	N281	10X_up
1125	0	375	0	0.25	1.0	population_size_change	phylter_k_300	N281	10X_up
1	1124	3	372	0.25	1.0	population_size_change	phylter_k_020	N281	10X_up
1076	49	348	27	0.25	1.0	population_size_change	phylter_k_020	N281	10X_up
1	1124	3	372	0.25	1.0	population_size_change	phylter_k_020	N281	10X_up
1118	7	373	2	0.25	1.0	population_size_change	phylter_k_155	N281	10X_up
0	1125	0	375	0.25	1.0	population_size_change	phylter_k_050	N281	10X_up
1082	43	366	9	0.25	1.0	population_size_change	phylter_k_155	N281	10X_up
0	1125	0	375	0.25	1.0	population_size_change	phylter_k_050	N281	10X_up
1150	125	195	30	0.15	1.0	population_size_change	phylter_k_050	N220	10X_up
0	1275	1	224	0.15	1.0	population_size_change	phylter_k_020	N220	10X_up
1274	1	225	0	0.15	1.0	population_size_change	phylter_k_300	N220	10X_up
1214	61	216	9	0.15	1.0	population_size_change	phylter_k_155	N220	10X_up
0	1275	0	225	0.15	1.0	population_size_change	phylter_k_050	N220	10X_up
0	1275	0	225	0.15	1.0	population_size_change	phylter_k_020	N220	10X_up
1232	43	223	2	0.15	1.0	population_size_change	phylter_k_155	N220	10X_up
1269	6	225	0	0.15	1.0	population_size_change	phylter_k_300	N220	10X_up
1262	13	224	1	0.15	1.0	population_size_change	phylter_k_155	N220	10X_up
1176	99	197	28	0.15	1.0	population_size_change	phylter_k_020	N220	10X_up
1271	4	225	0	0.15	1.0	population_size_change	phylter_k_300	N220	10X_up
0	1275	0	225	0.15	1.0	population_size_change	phylter_k_050	N220	10X_up
0	1275	0	225	0.15	1.0	population_size_change	phylter_k_020	N119	10X_down
1206	69	202	23	0.15	1.0	population_size_change	phylter_k_050	N119	10X_down
1274	1	225	0	0.15	1.0	population_size_change	phylter_k_300	N119	10X_down
1274	1	225	0	0.15	1.0	population_size_change	phylter_k_300	N119	10X_down
1274	1	225	0	0.15	1.0	population_size_change	phylter_k_300	N119	10X_down
1247	28	218	7	0.15	1.0	population_size_change	phylter_k_155	N119	10X_down
1256	19	220	5	0.15	1.0	population_size_change	phylter_k_155	N119	10X_down
1263	12	222	3	0.15	1.0	population_size_change	phylter_k_155	N119	10X_down
0	1275	0	225	0.15	1.0	population_size_change	phylter_k_050	N119	10X_down
1158	117	189	36	0.15	1.0	population_size_change	phylter_k_020	N119	10X_down
0	1275	0	225	0.15	1.0	population_size_change	phylter_k_020	N119	10X_down
0	1275	0	225	0.15	1.0	population_size_change	phylter_k_050	N119	10X_down
1273	2	223	2	0.15	1.0	population_size_change	phylter_k_300	N709	10X_up
0	1275	0	225	0.15	1.0	population_size_change	phylter_k_050	N709	10X_up
1092	183	189	36	0.15	1.0	population_size_change	phylter_k_050	N709	10X_up
1275	0	225	0	0.15	1.0	population_size_change	phylter_k_300	N709	10X_up
0	1275	0	225	0.15	1.0	population_size_change	phylter_k_050	N709	10X_up
0	1275	0	225	0.15	1.0	population_size_change	phylter_k_020	N709	10X_up
1271	4	221	4	0.15	1.0	population_size_change	phylter_k_300	N709	10X_up
0	1275	0	225	0.15	1.0	population_size_change	phylter_k_020	N709	10X_up
1211	64	200	25	0.15	1.0	population_size_change	phylter_k_020	N709	10X_up
1263	12	220	5	0.15	1.0	population_size_change	phylter_k_155	N709	10X_up
1255	20	213	12	0.15	1.0	population_size_change	phylter_k_155	N709	10X_up
1259	16	215	10	0.15	1.0	population_size_change	phylter_k_155	N709	10X_up
1467	3	28	2	0.02	1.0	population_size_change	phylter_k_300	N459	10X_down
98	1372	4	26	0.02	1.0	population_size_change	phylter_k_020	N459	10X_down
1429	41	26	4	0.02	1.0	population_size_change	phylter_k_155	N459	10X_down
1437	33	29	1	0.02	1.0	population_size_change	phylter_k_155	N459	10X_down
1467	3	28	2	0.02	1.0	population_size_change	phylter_k_300	N459	10X_down
1349	121	24	6	0.02	1.0	population_size_change	phylter_k_020	N459	10X_down
1430	40	26	4	0.02	1.0	population_size_change	phylter_k_155	N459	10X_down
1	1469	0	30	0.02	1.0	population_size_change	phylter_k_050	N459	10X_down
1313	157	23	7	0.02	1.0	population_size_change	phylter_k_050	N459	10X_down
414	1056	9	21	0.02	1.0	population_size_change	phylter_k_020	N459	10X_down
1469	1	30	0	0.02	1.0	population_size_change	phylter_k_300	N459	10X_down
10	1460	2	28	0.02	1.0	population_size_change	phylter_k_050	N459	10X_down
0	1125	0	375	0.25	1.0	population_size_change	phylter_k_050	N616	10X_up
1116	9	367	8	0.25	1.0	population_size_change	phylter_k_155	N616	10X_up
1089	36	354	21	0.25	1.0	population_size_change	phylter_k_020	N616	10X_up
1122	3	371	4	0.25	1.0	population_size_change	phylter_k_300	N616	10X_up
0	1125	0	375	0.25	1.0	population_size_change	phylter_k_020	N616	10X_up
1104	21	359	16	0.25	1.0	population_size_change	phylter_k_155	N616	10X_up
1122	3	369	6	0.25	1.0	population_size_change	phylter_k_300	N616	10X_up
1010	115	322	53	0.25	1.0	population_size_change	phylter_k_050	N616	10X_up
1	1124	0	375	0.25	1.0	population_size_change	phylter_k_020	N616	10X_up
1125	0	375	0	0.25	1.0	population_size_change	phylter_k_300	N616	10X_up
1102	23	358	17	0.25	1.0	population_size_change	phylter_k_155	N616	10X_up
0	1125	0	375	0.25	1.0	population_size_change	phylter_k_050	N616	10X_up
2	1123	2	373	0.25	1.0	population_size_change	phylter_k_020	Accipitriformes	10X_up
0	1125	0	375	0.25	1.0	population_size_change	phylter_k_050	Accipitriformes	10X_up
1087	38	363	12	0.25	1.0	population_size_change	phylter_k_155	Accipitriformes	10X_up
1068	57	348	27	0.25	1.0	population_size_change	phylter_k_020	Accipitriformes	10X_up
0	1125	0	375	0.25	1.0	population_size_change	phylter_k_050	Accipitriformes	10X_up
1119	6	372	3	0.25	1.0	population_size_change	phylter_k_155	Accipitriformes	10X_up
1084	41	360	15	0.25	1.0	population_size_change	phylter_k_155	Accipitriformes	10X_up
1125	0	374	1	0.25	1.0	population_size_change	phylter_k_300	Accipitriformes	10X_up
1125	0	374	1	0.25	1.0	population_size_change	phylter_k_300	Accipitriformes	10X_up
962	163	331	44	0.25	1.0	population_size_change	phylter_k_050	Accipitriformes	10X_up
1125	0	375	0	0.25	1.0	population_size_change	phylter_k_300	Accipitriformes	10X_up
0	1125	0	375	0.25	1.0	population_size_change	phylter_k_020	Accipitriformes	10X_up
1262	163	55	20	0.05	1.0	population_size_change	phylter_k_050	N615	10X_down
1382	43	68	7	0.05	1.0	population_size_change	phylter_k_155	N615	10X_down
1424	1	75	0	0.05	1.0	population_size_change	phylter_k_300	N615	10X_down
0	1425	0	75	0.05	1.0	population_size_change	phylter_k_050	N615	10X_down
1	1424	1	74	0.05	1.0	population_size_change	phylter_k_020	N615	10X_down
0	1425	0	75	0.05	1.0	population_size_change	phylter_k_050	N615	10X_down
1304	121	64	11	0.05	1.0	population_size_change	phylter_k_020	N615	10X_down
1380	45	67	8	0.05	1.0	population_size_change	phylter_k_155	N615	10X_down
1397	28	73	2	0.05	1.0	population_size_change	phylter_k_155	N615	10X_down
1421	4	74	1	0.05	1.0	population_size_change	phylter_k_300	N615	10X_down
0	1425	0	75	0.05	1.0	population_size_change	phylter_k_020	N615	10X_down
1421	4	74	1	0.05	1.0	population_size_change	phylter_k_300	N615	10X_down
0	1200	0	300	0.2	1.0	population_size_change	phylter_k_050	N274	10X_down
0	1200	0	300	0.2	1.0	population_size_change	phylter_k_050	N274	10X_down
0	1200	0	300	0.2	1.0	population_size_change	phylter_k_020	N274	10X_down
1181	19	294	6	0.2	1.0	population_size_change	phylter_k_155	N274	10X_down
1199	1	299	1	0.2	1.0	population_size_change	phylter_k_300	N274	10X_down
874	326	215	85	0.2	1.0	population_size_change	phylter_k_050	N274	10X_down
0	1200	0	300	0.2	1.0	population_size_change	phylter_k_020	N274	10X_down
1199	1	299	1	0.2	1.0	population_size_change	phylter_k_300	N274	10X_down
1198	2	299	1	0.2	1.0	population_size_change	phylter_k_300	N274	10X_down
1088	112	247	53	0.2	1.0	population_size_change	phylter_k_020	N274	10X_down
1188	12	298	2	0.2	1.0	population_size_change	phylter_k_155	N274	10X_down
1171	29	290	10	0.2	1.0	population_size_change	phylter_k_155	N274	10X_down
1125	0	375	0	0.25	1.0	population_size_change	phylter_k_300	N473	10X_down
1123	2	370	5	0.25	1.0	population_size_change	phylter_k_300	N473	10X_down
911	214	298	77	0.25	1.0	population_size_change	phylter_k_050	N473	10X_down
13	1112	4	371	0.25	1.0	population_size_change	phylter_k_020	N473	10X_down
1123	2	370	5	0.25	1.0	population_size_change	phylter_k_300	N473	10X_down
1112	13	365	10	0.25	1.0	population_size_change	phylter_k_155	N473	10X_down
1119	6	375	0	0.25	1.0	population_size_change	phylter_k_155	N473	10X_down
1	1124	1	374	0.25	1.0	population_size_change	phylter_k_050	N473	10X_down
1065	60	355	20	0.25	1.0	population_size_change	phylter_k_020	N473	10X_down
13	1112	4	371	0.25	1.0	population_size_change	phylter_k_020	N473	10X_down
1	1124	1	374	0.25	1.0	population_size_change	phylter_k_050	N473	10X_down
1112	13	365	10	0.25	1.0	population_size_change	phylter_k_155	N473	10X_down
0	1470	0	30	0.02	1.0	population_size_change	phylter_k_020	N575	10X_down
1465	5	29	1	0.02	1.0	population_size_change	phylter_k_300	N575	10X_down
1465	5	29	1	0.02	1.0	population_size_change	phylter_k_300	N575	10X_down
1438	32	30	0	0.02	1.0	population_size_change	phylter_k_155	N575	10X_down
1418	52	28	2	0.02	1.0	population_size_change	phylter_k_155	N575	10X_down
1329	141	20	10	0.02	1.0	population_size_change	phylter_k_020	N575	10X_down
1429	41	28	2	0.02	1.0	population_size_change	phylter_k_155	N575	10X_down
0	1470	0	30	0.02	1.0	population_size_change	phylter_k_050	N575	10X_down
1280	190	22	8	0.02	1.0	population_size_change	phylter_k_050	N575	10X_down
0	1470	0	30	0.02	1.0	population_size_change	phylter_k_050	N575	10X_down
1469	1	30	0	0.02	1.0	population_size_change	phylter_k_300	N575	10X_down
0	1470	0	30	0.02	1.0	population_size_change	phylter_k_020	N575	10X_down
0	1125	0	375	0.25	1.0	population_size_change	phylter_k_020	N615	10X_down
1	1124	0	375	0.25	1.0	population_size_change	phylter_k_050	N615	10X_down
0	1125	0	375	0.25	1.0	population_size_change	phylter_k_020	N615	10X_down
1122	3	370	5	0.25	1.0	population_size_change	phylter_k_300	N615	10X_down
1116	9	374	1	0.25	1.0	population_size_change	phylter_k_155	N615	10X_down
1103	22	359	16	0.25	1.0	population_size_change	phylter_k_155	N615	10X_down
1103	22	363	12	0.25	1.0	population_size_change	phylter_k_155	N615	10X_down
1022	103	339	36	0.25	1.0	population_size_change	phylter_k_020	N615	10X_down
1122	3	371	4	0.25	1.0	population_size_change	phylter_k_300	N615	10X_down
0	1125	0	375	0.25	1.0	population_size_change	phylter_k_050	N615	10X_down
993	132	309	66	0.25	1.0	population_size_change	phylter_k_050	N615	10X_down
1125	0	375	0	0.25	1.0	population_size_change	phylter_k_300	N615	10X_down
1	1124	0	375	0.25	1.0	population_size_change	phylter_k_050	N159	10X_up
978	147	312	63	0.25	1.0	population_size_change	phylter_k_050	N159	10X_up
1125	0	375	0	0.25	1.0	population_size_change	phylter_k_300	N159	10X_up
3	1122	3	372	0.25	1.0	population_size_change	phylter_k_020	N159	10X_up
0	1125	0	375	0.25	1.0	population_size_change	phylter_k_050	N159	10X_up
1093	32	368	7	0.25	1.0	population_size_change	phylter_k_155	N159	10X_up
1087	38	366	9	0.25	1.0	population_size_change	phylter_k_155	N159	10X_up
1124	1	375	0	0.25	1.0	population_size_change	phylter_k_300	N159	10X_up
1080	45	355	20	0.25	1.0	population_size_change	phylter_k_020	N159	10X_up
1116	9	372	3	0.25	1.0	population_size_change	phylter_k_155	N159	10X_up
1124	1	375	0	0.25	1.0	population_size_change	phylter_k_300	N159	10X_up
0	1125	1	374	0.25	1.0	population_size_change	phylter_k_020	N159	10X_up
1421	4	73	2	0.05	1.0	population_size_change	phylter_k_300	N473	10X_down
1	1424	0	75	0.05	1.0	population_size_change	phylter_k_050	N473	10X_down
19	1406	2	73	0.05	1.0	population_size_change	phylter_k_020	N473	10X_down
19	1406	2	73	0.05	1.0	population_size_change	phylter_k_020	N473	10X_down
1321	104	66	9	0.05	1.0	population_size_change	phylter_k_020	N473	10X_down
1397	28	69	6	0.05	1.0	population_size_change	phylter_k_155	N473	10X_down
1408	17	75	0	0.05	1.0	population_size_change	phylter_k_155	N473	10X_down
1397	28	69	6	0.05	1.0	population_size_change	phylter_k_155	N473	10X_down
1421	4	73	2	0.05	1.0	population_size_change	phylter_k_300	N473	10X_down
1	1424	0	75	0.05	1.0	population_size_change	phylter_k_050	N473	10X_down
1424	1	75	0	0.05	1.0	population_size_change	phylter_k_300	N473	10X_down
1187	238	68	7	0.05	1.0	population_size_change	phylter_k_050	N473	10X_down
1432	38	25	5	0.02	1.0	population_size_change	phylter_k_155	N544	10X_up
4	1466	0	30	0.02	1.0	population_size_change	phylter_k_020	N544	10X_up
1132	338	20	10	0.02	1.0	population_size_change	phylter_k_050	N544	10X_up
0	1470	0	30	0.02	1.0	population_size_change	phylter_k_050	N544	10X_up
1469	1	30	0	0.02	1.0	population_size_change	phylter_k_300	N544	10X_up
3	1467	0	30	0.02	1.0	population_size_change	phylter_k_050	N544	10X_up
1428	42	25	5	0.02	1.0	population_size_change	phylter_k_155	N544	10X_up
1	1469	0	30	0.02	1.0	population_size_change	phylter_k_020	N544	10X_up
1331	139	23	7	0.02	1.0	population_size_change	phylter_k_020	N544	10X_up
1465	5	27	3	0.02	1.0	population_size_change	phylter_k_300	N544	10X_up
1465	5	27	3	0.02	1.0	population_size_change	phylter_k_300	N544	10X_up
1446	24	29	1	0.02	1.0	population_size_change	phylter_k_155	N544	10X_up
1156	119	195	30	0.15	1.0	population_size_change	phylter_k_050	N109	10X_down
0	1275	0	225	0.15	1.0	population_size_change	phylter_k_020	N109	10X_down
0	1275	0	225	0.15	1.0	population_size_change	phylter_k_020	N109	10X_down
1275	0	225	0	0.15	1.0	population_size_change	phylter_k_300	N109	10X_down
1275	0	225	0	0.15	1.0	population_size_change	phylter_k_300	N109	10X_down
0	1275	0	225	0.15	1.0	population_size_change	phylter_k_050	N109	10X_down
1247	28	220	5	0.15	1.0	population_size_change	phylter_k_155	N109	10X_down
1247	28	220	5	0.15	1.0	population_size_change	phylter_k_155	N109	10X_down
1268	7	225	0	0.15	1.0	population_size_change	phylter_k_155	N109	10X_down
1275	0	225	0	0.15	1.0	population_size_change	phylter_k_300	N109	10X_down
0	1275	0	225	0.15	1.0	population_size_change	phylter_k_050	N109	10X_down
1064	211	177	48	0.15	1.0	population_size_change	phylter_k_020	N109	10X_down
1275	0	225	0	0.15	1.0	population_size_change	phylter_k_300	N579	10X_up
1080	195	184	41	0.15	1.0	population_size_change	phylter_k_050	N579	10X_up
1271	4	222	3	0.15	1.0	population_size_change	phylter_k_300	N579	10X_up
0	1275	0	225	0.15	1.0	population_size_change	phylter_k_050	N579	10X_up
1265	10	225	0	0.15	1.0	population_size_change	phylter_k_155	N579	10X_up
1	1274	0	225	0.15	1.0	population_size_change	phylter_k_020	N579	10X_up
1	1274	0	225	0.15	1.0	population_size_change	phylter_k_020	N579	10X_up
1185	90	207	18	0.15	1.0	population_size_change	phylter_k_020	N579	10X_up
0	1275	0	225	0.15	1.0	population_size_change	phylter_k_050	N579	10X_up
1271	4	222	3	0.15	1.0	population_size_change	phylter_k_300	N579	10X_up
1253	22	220	5	0.15	1.0	population_size_change	phylter_k_155	N579	10X_up
1253	22	220	5	0.15	1.0	population_size_change	phylter_k_155	N579	10X_up
1421	49	30	0	0.02	1.0	recombination	phylter_k_155	N677	recombination_suppression
1464	6	30	0	0.02	1.0	recombination	phylter_k_300	N677	recombination_suppression
1439	31	30	0	0.02	1.0	recombination	phylter_k_155	N677	recombination_suppression
37	1433	2	28	0.02	1.0	recombination	phylter_k_020	N677	recombination_suppression
1464	6	30	0	0.02	1.0	recombination	phylter_k_300	N677	recombination_suppression
1342	128	28	2	0.02	1.0	recombination	phylter_k_020	N677	recombination_suppression
1421	49	30	0	0.02	1.0	recombination	phylter_k_155	N677	recombination_suppression
230	1240	6	24	0.02	1.0	recombination	phylter_k_050	N677	recombination_suppression
1346	124	28	2	0.02	1.0	recombination	phylter_k_050	N677	recombination_suppression
37	1433	2	28	0.02	1.0	recombination	phylter_k_020	N677	recombination_suppression
1469	1	30	0	0.02	1.0	recombination	phylter_k_300	N677	recombination_suppression
230	1240	6	24	0.02	1.0	recombination	phylter_k_050	N677	recombination_suppression
0	1470	0	30	0.02	1.0	recombination	phylter_k_050	N396	recombination_suppression
1	1469	0	30	0.02	1.0	recombination	phylter_k_020	N396	recombination_suppression
1316	154	28	2	0.02	1.0	recombination	phylter_k_020	N396	recombination_suppression
0	1470	0	30	0.02	1.0	recombination	phylter_k_050	N396	recombination_suppression
1432	38	29	1	0.02	1.0	recombination	phylter_k_155	N396	recombination_suppression
1417	53	29	1	0.02	1.0	recombination	phylter_k_155	N396	recombination_suppression
1467	3	30	0	0.02	1.0	recombination	phylter_k_300	N396	recombination_suppression
1414	56	29	1	0.02	1.0	recombination	phylter_k_155	N396	recombination_suppression
0	1470	0	30	0.02	1.0	recombination	phylter_k_020	N396	recombination_suppression
1469	1	30	0	0.02	1.0	recombination	phylter_k_300	N396	recombination_suppression
1465	5	30	0	0.02	1.0	recombination	phylter_k_300	N396	recombination_suppression
1362	108	28	2	0.02	1.0	recombination	phylter_k_050	N396	recombination_suppression
0	1470	0	30	0.02	1.0	recombination	phylter_k_050	N202	recombination_suppression
1397	73	27	3	0.02	1.0	recombination	phylter_k_155	N202	recombination_suppression
1469	1	30	0	0.02	1.0	recombination	phylter_k_300	N202	recombination_suppression
0	1470	0	30	0.02	1.0	recombination	phylter_k_050	N202	recombination_suppression
1242	228	24	6	0.02	1.0	recombination	phylter_k_050	N202	recombination_suppression
1	1469	0	30	0.02	1.0	recombination	phylter_k_020	N202	recombination_suppression
1464	6	30	0	0.02	1.0	recombination	phylter_k_300	N202	recombination_suppression
0	1470	0	30	0.02	1.0	recombination	phylter_k_020	N202	recombination_suppression
1437	33	27	3	0.02	1.0	recombination	phylter_k_155	N202	recombination_suppression
1466	4	30	0	0.02	1.0	recombination	phylter_k_300	N202	recombination_suppression
1379	91	27	3	0.02	1.0	recombination	phylter_k_155	N202	recombination_suppression
1369	101	25	5	0.02	1.0	recombination	phylter_k_020	N202	recombination_suppression
0	1425	0	75	0.05	1.0	recombination	phylter_k_020	N349	recombination_suppression
1423	2	75	0	0.05	1.0	recombination	phylter_k_300	N349	recombination_suppression
0	1425	0	75	0.05	1.0	recombination	phylter_k_020	N349	recombination_suppression
0	1425	0	75	0.05	1.0	recombination	phylter_k_050	N349	recombination_suppression
1290	135	67	8	0.05	1.0	recombination	phylter_k_020	N349	recombination_suppression
1366	59	71	4	0.05	1.0	recombination	phylter_k_155	N349	recombination_suppression
1381	44	71	4	0.05	1.0	recombination	phylter_k_155	N349	recombination_suppression
1387	38	71	4	0.05	1.0	recombination	phylter_k_155	N349	recombination_suppression
0	1425	0	75	0.05	1.0	recombination	phylter_k_050	N349	recombination_suppression
1424	1	75	0	0.05	1.0	recombination	phylter_k_300	N349	recombination_suppression
1424	1	75	0	0.05	1.0	recombination	phylter_k_300	N349	recombination_suppression
1305	120	67	8	0.05	1.0	recombination	phylter_k_050	N349	recombination_suppression
0	1275	0	225	0.15	1.0	recombination	phylter_k_050	N115	recombination_suppression
1261	14	222	3	0.15	1.0	recombination	phylter_k_155	N115	recombination_suppression
1274	1	225	0	0.15	1.0	recombination	phylter_k_300	N115	recombination_suppression
1163	112	208	17	0.15	1.0	recombination	phylter_k_020	N115	recombination_suppression
1274	1	225	0	0.15	1.0	recombination	phylter_k_300	N115	recombination_suppression
1237	38	222	3	0.15	1.0	recombination	phylter_k_155	N115	recombination_suppression
0	1275	0	225	0.15	1.0	recombination	phylter_k_020	N115	recombination_suppression
0	1275	0	225	0.15	1.0	recombination	phylter_k_020	N115	recombination_suppression
1234	41	219	6	0.15	1.0	recombination	phylter_k_050	N115	recombination_suppression
1230	45	221	4	0.15	1.0	recombination	phylter_k_155	N115	recombination_suppression
1274	1	225	0	0.15	1.0	recombination	phylter_k_300	N115	recombination_suppression
0	1275	0	225	0.15	1.0	recombination	phylter_k_050	N115	recombination_suppression
1165	110	203	22	0.15	1.0	recombination	phylter_k_020	N428	recombination_suppression
1	1274	0	225	0.15	1.0	recombination	phylter_k_020	N428	recombination_suppression
1249	26	220	5	0.15	1.0	recombination	phylter_k_155	N428	recombination_suppression
1271	4	225	0	0.15	1.0	recombination	phylter_k_300	N428	recombination_suppression
1271	4	225	0	0.15	1.0	recombination	phylter_k_300	N428	recombination_suppression
1241	34	220	5	0.15	1.0	recombination	phylter_k_155	N428	recombination_suppression
1	1274	0	225	0.15	1.0	recombination	phylter_k_020	N428	recombination_suppression
1274	1	225	0	0.15	1.0	recombination	phylter_k_300	N428	recombination_suppression
0	1275	1	224	0.15	1.0	recombination	phylter_k_050	N428	recombination_suppression
0	1275	1	224	0.15	1.0	recombination	phylter_k_050	N428	recombination_suppression
1123	152	201	24	0.15	1.0	recombination	phylter_k_050	N428	recombination_suppression
1241	34	220	5	0.15	1.0	recombination	phylter_k_155	N428	recombination_suppression
3	1347	0	150	0.1	1.0	recombination	phylter_k_020	N682	recombination_suppression
1349	1	150	0	0.1	1.0	recombination	phylter_k_300	N682	recombination_suppression
2	1348	2	148	0.1	1.0	recombination	phylter_k_050	N682	recombination_suppression
1234	116	137	13	0.1	1.0	recombination	phylter_k_050	N682	recombination_suppression
2	1348	2	148	0.1	1.0	recombination	phylter_k_050	N682	recombination_suppression
1311	39	150	0	0.1	1.0	recombination	phylter_k_155	N682	recombination_suppression
1191	159	133	17	0.1	1.0	recombination	phylter_k_020	N682	recombination_suppression
3	1347	0	150	0.1	1.0	recombination	phylter_k_020	N682	recombination_suppression
1345	5	150	0	0.1	1.0	recombination	phylter_k_300	N682	recombination_suppression
1345	5	150	0	0.1	1.0	recombination	phylter_k_300	N682	recombination_suppression
1332	18	150	0	0.1	1.0	recombination	phylter_k_155	N682	recombination_suppression
1311	39	150	0	0.1	1.0	recombination	phylter_k_155	N682	recombination_suppression
0	1200	0	300	0.2	1.0	recombination	phylter_k_020	N349	recombination_suppression
1197	3	300	0	0.2	1.0	recombination	phylter_k_300	N349	recombination_suppression
1083	117	269	31	0.2	1.0	recombination	phylter_k_020	N349	recombination_suppression
1167	33	293	7	0.2	1.0	recombination	phylter_k_155	N349	recombination_suppression
1199	1	300	0	0.2	1.0	recombination	phylter_k_300	N349	recombination_suppression
1184	16	293	7	0.2	1.0	recombination	phylter_k_155	N349	recombination_suppression
1177	23	293	7	0.2	1.0	recombination	phylter_k_155	N349	recombination_suppression
0	1200	0	300	0.2	1.0	recombination	phylter_k_050	N349	recombination_suppression
0	1200	0	300	0.2	1.0	recombination	phylter_k_020	N349	recombination_suppression
1118	82	279	21	0.2	1.0	recombination	phylter_k_050	N349	recombination_suppression
0	1200	0	300	0.2	1.0	recombination	phylter_k_050	N349	recombination_suppression
1199	1	300	0	0.2	1.0	recombination	phylter_k_300	N349	recombination_suppression
0	1125	0	375	0.25	1.0	recombination	phylter_k_020	N252	recombination_suppression
1036	89	350	25	0.25	1.0	recombination	phylter_k_020	N252	recombination_suppression
1113	12	372	3	0.25	1.0	recombination	phylter_k_155	N252	recombination_suppression
0	1125	0	375	0.25	1.0	recombination	phylter_k_050	N252	recombination_suppression
0	1125	0	375	0.25	1.0	recombination	phylter_k_050	N252	recombination_suppression
1100	25	367	8	0.25	1.0	recombination	phylter_k_155	N252	recombination_suppression
0	1125	0	375	0.25	1.0	recombination	phylter_k_020	N252	recombination_suppression
1120	5	374	1	0.25	1.0	recombination	phylter_k_300	N252	recombination_suppression
1123	2	375	0	0.25	1.0	recombination	phylter_k_300	N252	recombination_suppression
1103	22	370	5	0.25	1.0	recombination	phylter_k_050	N252	recombination_suppression
1121	4	375	0	0.25	1.0	recombination	phylter_k_300	N252	recombination_suppression
1094	31	364	11	0.25	1.0	recombination	phylter_k_155	N252	recombination_suppression
1072	53	372	3	0.25	1.0	recombination	phylter_k_155	N686	recombination_suppression
4	1121	1	374	0.25	1.0	recombination	phylter_k_050	N686	recombination_suppression
951	174	330	45	0.25	1.0	recombination	phylter_k_020	N686	recombination_suppression
1089	36	374	1	0.25	1.0	recombination	phylter_k_155	N686	recombination_suppression
3	1122	1	374	0.25	1.0	recombination	phylter_k_020	N686	recombination_suppression
4	1121	1	374	0.25	1.0	recombination	phylter_k_050	N686	recombination_suppression
1072	53	372	3	0.25	1.0	recombination	phylter_k_155	N686	recombination_suppression
1120	5	374	1	0.25	1.0	recombination	phylter_k_300	N686	recombination_suppression
3	1122	1	374	0.25	1.0	recombination	phylter_k_020	N686	recombination_suppression
1120	5	374	1	0.25	1.0	recombination	phylter_k_300	N686	recombination_suppression
1124	1	374	1	0.25	1.0	recombination	phylter_k_300	N686	recombination_suppression
1019	106	352	23	0.25	1.0	recombination	phylter_k_050	N686	recombination_suppression
1305	45	148	2	0.1	1.0	recombination	phylter_k_155	N533	recombination_suppression
1320	30	148	2	0.1	1.0	recombination	phylter_k_155	N533	recombination_suppression
0	1350	0	150	0.1	1.0	recombination	phylter_k_050	N533	recombination_suppression
0	1350	0	150	0.1	1.0	recombination	phylter_k_050	N533	recombination_suppression
1211	139	142	8	0.1	1.0	recombination	phylter_k_020	N533	recombination_suppression
0	1350	0	150	0.1	1.0	recombination	phylter_k_020	N533	recombination_suppression
1301	49	148	2	0.1	1.0	recombination	phylter_k_155	N533	recombination_suppression
1349	1	150	0	0.1	1.0	recombination	phylter_k_300	N533	recombination_suppression
1346	4	150	0	0.1	1.0	recombination	phylter_k_300	N533	recombination_suppression
1346	4	150	0	0.1	1.0	recombination	phylter_k_300	N533	recombination_suppression
1255	95	141	9	0.1	1.0	recombination	phylter_k_050	N533	recombination_suppression
0	1350	0	150	0.1	1.0	recombination	phylter_k_020	N533	recombination_suppression
1379	46	75	0	0.05	1.0	recombination	phylter_k_155	N717	recombination_suppression
1421	4	75	0	0.05	1.0	recombination	phylter_k_300	N717	recombination_suppression
1420	5	75	0	0.05	1.0	recombination	phylter_k_300	N717	recombination_suppression
1302	123	70	5	0.05	1.0	recombination	phylter_k_020	N717	recombination_suppression
0	1425	0	75	0.05	1.0	recombination	phylter_k_020	N717	recombination_suppression
1391	34	75	0	0.05	1.0	recombination	phylter_k_155	N717	recombination_suppression
0	1425	0	75	0.05	1.0	recombination	phylter_k_050	N717	recombination_suppression
0	1425	0	75	0.05	1.0	recombination	phylter_k_020	N717	recombination_suppression
0	1425	0	75	0.05	1.0	recombination	phylter_k_050	N717	recombination_suppression
1125	300	64	11	0.05	1.0	recombination	phylter_k_050	N717	recombination_suppression
1386	39	75	0	0.05	1.0	recombination	phylter_k_155	N717	recombination_suppression
1424	1	75	0	0.05	1.0	recombination	phylter_k_300	N717	recombination_suppression
1211	64	216	9	0.15	1.0	recombination	phylter_k_155	N296	recombination_suppression
0	1275	0	225	0.15	1.0	recombination	phylter_k_020	N296	recombination_suppression
1270	5	225	0	0.15	1.0	recombination	phylter_k_300	N296	recombination_suppression
1270	5	225	0	0.15	1.0	recombination	phylter_k_300	N296	recombination_suppression
1274	1	225	0	0.15	1.0	recombination	phylter_k_300	N296	recombination_suppression
1226	49	221	4	0.15	1.0	recombination	phylter_k_050	N296	recombination_suppression
1214	61	216	9	0.15	1.0	recombination	phylter_k_155	N296	recombination_suppression
1154	121	209	16	0.15	1.0	recombination	phylter_k_020	N296	recombination_suppression
0	1275	0	225	0.15	1.0	recombination	phylter_k_050	N296	recombination_suppression
1263	12	223	2	0.15	1.0	recombination	phylter_k_155	N296	recombination_suppression
1	1274	0	225	0.15	1.0	recombination	phylter_k_020	N296	recombination_suppression
0	1275	0	225	0.15	1.0	recombination	phylter_k_050	N296	recombination_suppression
1082	118	276	24	0.2	1.0	recombination	phylter_k_020	N564	recombination_suppression
0	1200	0	300	0.2	1.0	recombination	phylter_k_050	N564	recombination_suppression
0	1200	0	300	0.2	1.0	recombination	phylter_k_050	N564	recombination_suppression
2	1198	0	300	0.2	1.0	recombination	phylter_k_020	N564	recombination_suppression
1177	23	298	2	0.2	1.0	recombination	phylter_k_155	N564	recombination_suppression
1163	37	298	2	0.2	1.0	recombination	phylter_k_155	N564	recombination_suppression
1197	3	300	0	0.2	1.0	recombination	phylter_k_300	N564	recombination_suppression
1197	3	300	0	0.2	1.0	recombination	phylter_k_300	N564	recombination_suppression
1146	54	291	9	0.2	1.0	recombination	phylter_k_050	N564	recombination_suppression
1200	0	300	0	0.2	1.0	recombination	phylter_k_300	N564	recombination_suppression
2	1198	0	300	0.2	1.0	recombination	phylter_k_020	N564	recombination_suppression
1163	37	298	2	0.2	1.0	recombination	phylter_k_155	N564	recombination_suppression
0	1350	0	150	0.1	1.0	recombination	phylter_k_020	N576	recombination_suppression
0	1350	0	150	0.1	1.0	recombination	phylter_k_050	N576	recombination_suppression
1246	104	135	15	0.1	1.0	recombination	phylter_k_020	N576	recombination_suppression
1331	19	150	0	0.1	1.0	recombination	phylter_k_155	N576	recombination_suppression
1336	14	150	0	0.1	1.0	recombination	phylter_k_155	N576	recombination_suppression
0	1350	0	150	0.1	1.0	recombination	phylter_k_050	N576	recombination_suppression
1346	4	150	0	0.1	1.0	recombination	phylter_k_300	N576	recombination_suppression
1327	23	150	0	0.1	1.0	recombination	phylter_k_155	N576	recombination_suppression
0	1350	0	150	0.1	1.0	recombination	phylter_k_020	N576	recombination_suppression
1348	2	150	0	0.1	1.0	recombination	phylter_k_300	N576	recombination_suppression
1346	4	150	0	0.1	1.0	recombination	phylter_k_300	N576	recombination_suppression
864	486	97	53	0.1	1.0	recombination	phylter_k_050	N576	recombination_suppression
1469	1	30	0	0.02	1.0	recombination	phylter_k_300	N211	recombination_suppression
1271	199	25	5	0.02	1.0	recombination	phylter_k_050	N211	recombination_suppression
1402	68	29	1	0.02	1.0	recombination	phylter_k_155	N211	recombination_suppression
0	1470	0	30	0.02	1.0	recombination	phylter_k_050	N211	recombination_suppression
0	1470	0	30	0.02	1.0	recombination	phylter_k_050	N211	recombination_suppression
0	1470	0	30	0.02	1.0	recombination	phylter_k_020	N211	recombination_suppression
1395	75	29	1	0.02	1.0	recombination	phylter_k_155	N211	recombination_suppression
1444	26	30	0	0.02	1.0	recombination	phylter_k_155	N211	recombination_suppression
1350	120	29	1	0.02	1.0	recombination	phylter_k_020	N211	recombination_suppression
1467	3	30	0	0.02	1.0	recombination	phylter_k_300	N211	recombination_suppression
1467	3	30	0	0.02	1.0	recombination	phylter_k_300	N211	recombination_suppression
0	1470	0	30	0.02	1.0	recombination	phylter_k_020	N211	recombination_suppression
1415	55	30	0	0.02	1.0	recombination	phylter_k_155	N555	recombination_suppression
1431	39	30	0	0.02	1.0	recombination	phylter_k_155	N555	recombination_suppression
1330	140	25	5	0.02	1.0	recombination	phylter_k_020	N555	recombination_suppression
1421	49	30	0	0.02	1.0	recombination	phylter_k_155	N555	recombination_suppression
1465	5	30	0	0.02	1.0	recombination	phylter_k_300	N555	recombination_suppression
35	1435	0	30	0.02	1.0	recombination	phylter_k_050	N555	recombination_suppression
282	1188	7	23	0.02	1.0	recombination	phylter_k_020	N555	recombination_suppression
3	1467	0	30	0.02	1.0	recombination	phylter_k_020	N555	recombination_suppression
1052	418	20	10	0.02	1.0	recombination	phylter_k_050	N555	recombination_suppression
1469	1	30	0	0.02	1.0	recombination	phylter_k_300	N555	recombination_suppression
5	1465	0	30	0.02	1.0	recombination	phylter_k_050	N555	recombination_suppression
1465	5	30	0	0.02	1.0	recombination	phylter_k_300	N555	recombination_suppression
1167	33	296	4	0.2	1.0	recombination	phylter_k_155	N717	recombination_suppression
1135	65	287	13	0.2	1.0	recombination	phylter_k_050	N717	recombination_suppression
1171	29	296	4	0.2	1.0	recombination	phylter_k_155	N717	recombination_suppression
1198	2	299	1	0.2	1.0	recombination	phylter_k_300	N717	recombination_suppression
0	1200	0	300	0.2	1.0	recombination	phylter_k_020	N717	recombination_suppression
0	1200	0	300	0.2	1.0	recombination	phylter_k_050	N717	recombination_suppression
0	1200	0	300	0.2	1.0	recombination	phylter_k_020	N717	recombination_suppression
1196	4	299	1	0.2	1.0	recombination	phylter_k_300	N717	recombination_suppression
1050	150	265	35	0.2	1.0	recombination	phylter_k_020	N717	recombination_suppression
1173	27	296	4	0.2	1.0	recombination	phylter_k_155	N717	recombination_suppression
1197	3	299	1	0.2	1.0	recombination	phylter_k_300	N717	recombination_suppression
0	1200	0	300	0.2	1.0	recombination	phylter_k_050	N717	recombination_suppression
0	1200	0	300	0.2	1.0	recombination	phylter_k_020	N71	recombination_suppression
0	1200	0	300	0.2	1.0	recombination	phylter_k_050	N71	recombination_suppression
1173	27	291	9	0.2	1.0	recombination	phylter_k_155	N71	recombination_suppression
1175	25	291	9	0.2	1.0	recombination	phylter_k_155	N71	recombination_suppression
1098	102	273	27	0.2	1.0	recombination	phylter_k_020	N71	recombination_suppression
0	1200	0	300	0.2	1.0	recombination	phylter_k_020	N71	recombination_suppression
1198	2	298	2	0.2	1.0	recombination	phylter_k_300	N71	recombination_suppression
1179	21	294	6	0.2	1.0	recombination	phylter_k_155	N71	recombination_suppression
1198	2	298	2	0.2	1.0	recombination	phylter_k_300	N71	recombination_suppression
1153	47	293	7	0.2	1.0	recombination	phylter_k_050	N71	recombination_suppression
0	1200	0	300	0.2	1.0	recombination	phylter_k_050	N71	recombination_suppression
1198	2	298	2	0.2	1.0	recombination	phylter_k_300	N71	recombination_suppression
1405	20	75	0	0.05	1.0	recombination	phylter_k_155	N564	recombination_suppression
1306	119	68	7	0.05	1.0	recombination	phylter_k_020	N564	recombination_suppression
1421	4	75	0	0.05	1.0	recombination	phylter_k_300	N564	recombination_suppression
1	1424	0	75	0.05	1.0	recombination	phylter_k_050	N564	recombination_suppression
4	1421	0	75	0.05	1.0	recombination	phylter_k_020	N564	recombination_suppression
1292	133	67	8	0.05	1.0	recombination	phylter_k_050	N564	recombination_suppression
1424	1	75	0	0.05	1.0	recombination	phylter_k_300	N564	recombination_suppression
1391	34	75	0	0.05	1.0	recombination	phylter_k_155	N564	recombination_suppression
1	1424	0	75	0.05	1.0	recombination	phylter_k_050	N564	recombination_suppression
4	1421	0	75	0.05	1.0	recombination	phylter_k_020	N564	recombination_suppression
1391	34	75	0	0.05	1.0	recombination	phylter_k_155	N564	recombination_suppression
1421	4	75	0	0.05	1.0	recombination	phylter_k_300	N564	recombination_suppression
1359	111	27	3	0.02	1.0	recombination	phylter_k_020	N428	recombination_suppression
0	1470	0	30	0.02	1.0	recombination	phylter_k_020	N428	recombination_suppression
0	1470	0	30	0.02	1.0	recombination	phylter_k_050	N428	recombination_suppression
1445	25	29	1	0.02	1.0	recombination	phylter_k_155	N428	recombination_suppression
1438	32	29	1	0.02	1.0	recombination	phylter_k_155	N428	recombination_suppression
0	1470	0	30	0.02	1.0	recombination	phylter_k_050	N428	recombination_suppression
1469	1	30	0	0.02	1.0	recombination	phylter_k_300	N428	recombination_suppression
1466	4	30	0	0.02	1.0	recombination	phylter_k_300	N428	recombination_suppression
1209	261	23	7	0.02	1.0	recombination	phylter_k_050	N428	recombination_suppression
1438	32	29	1	0.02	1.0	recombination	phylter_k_155	N428	recombination_suppression
0	1470	0	30	0.02	1.0	recombination	phylter_k_020	N428	recombination_suppression
1466	4	30	0	0.02	1.0	recombination	phylter_k_300	N428	recombination_suppression
0	1470	0	30	0.02	1.0	recombination	phylter_k_020	N115	recombination_suppression
1469	1	30	0	0.02	1.0	recombination	phylter_k_300	N115	recombination_suppression
1410	60	28	2	0.02	1.0	recombination	phylter_k_155	N115	recombination_suppression
0	1470	0	30	0.02	1.0	recombination	phylter_k_050	N115	recombination_suppression
1348	122	26	4	0.02	1.0	recombination	phylter_k_020	N115	recombination_suppression
0	1470	0	30	0.02	1.0	recombination	phylter_k_020	N115	recombination_suppression
1404	66	28	2	0.02	1.0	recombination	phylter_k_155	N115	recombination_suppression
1439	31	28	2	0.02	1.0	recombination	phylter_k_155	N115	recombination_suppression
0	1470	0	30	0.02	1.0	recombination	phylter_k_050	N115	recombination_suppression
1469	1	30	0	0.02	1.0	recombination	phylter_k_300	N115	recombination_suppression
1220	250	26	4	0.02	1.0	recombination	phylter_k_050	N115	recombination_suppression
1469	1	30	0	0.02	1.0	recombination	phylter_k_300	N115	recombination_suppression
1228	122	139	11	0.1	1.0	recombination	phylter_k_020	N678	recombination_suppression
1344	6	150	0	0.1	1.0	recombination	phylter_k_300	N678	recombination_suppression
1341	9	150	0	0.1	1.0	recombination	phylter_k_155	N678	recombination_suppression
2	1348	1	149	0.1	1.0	recombination	phylter_k_020	N678	recombination_suppression
1323	27	149	1	0.1	1.0	recombination	phylter_k_155	N678	recombination_suppression
1344	6	150	0	0.1	1.0	recombination	phylter_k_300	N678	recombination_suppression
1325	25	149	1	0.1	1.0	recombination	phylter_k_155	N678	recombination_suppression
94	1256	8	142	0.1	1.0	recombination	phylter_k_050	N678	recombination_suppression
1349	1	150	0	0.1	1.0	recombination	phylter_k_300	N678	recombination_suppression
1257	93	144	6	0.1	1.0	recombination	phylter_k_050	N678	recombination_suppression
30	1320	3	147	0.1	1.0	recombination	phylter_k_020	N678	recombination_suppression
329	1021	38	112	0.1	1.0	recombination	phylter_k_050	N678	recombination_suppression
1270	5	224	1	0.15	1.0	recombination	phylter_k_300	N396	recombination_suppression
0	1275	0	225	0.15	1.0	recombination	phylter_k_020	N396	recombination_suppression
1098	177	200	25	0.15	1.0	recombination	phylter_k_020	N396	recombination_suppression
1206	69	214	11	0.15	1.0	recombination	phylter_k_155	N396	recombination_suppression
1272	3	224	1	0.15	1.0	recombination	phylter_k_300	N396	recombination_suppression
1222	53	215	10	0.15	1.0	recombination	phylter_k_155	N396	recombination_suppression
0	1275	0	225	0.15	1.0	recombination	phylter_k_050	N396	recombination_suppression
1207	68	214	11	0.15	1.0	recombination	phylter_k_155	N396	recombination_suppression
0	1275	0	225	0.15	1.0	recombination	phylter_k_050	N396	recombination_suppression
1	1274	0	225	0.15	1.0	recombination	phylter_k_020	N396	recombination_suppression
1274	1	224	1	0.15	1.0	recombination	phylter_k_300	N396	recombination_suppression
1077	198	184	41	0.15	1.0	recombination	phylter_k_050	N396	recombination_suppression
0	1275	0	225	0.15	1.0	recombination	phylter_k_050	N202	recombination_suppression
1272	3	224	1	0.15	1.0	recombination	phylter_k_300	N202	recombination_suppression
1119	156	200	25	0.15	1.0	recombination	phylter_k_020	N202	recombination_suppression
1254	21	222	3	0.15	1.0	recombination	phylter_k_155	N202	recombination_suppression
1270	5	224	1	0.15	1.0	recombination	phylter_k_300	N202	recombination_suppression
1	1274	0	225	0.15	1.0	recombination	phylter_k_020	N202	recombination_suppression
0	1275	0	225	0.15	1.0	recombination	phylter_k_050	N202	recombination_suppression
0	1275	0	225	0.15	1.0	recombination	phylter_k_020	N202	recombination_suppression
1227	48	215	10	0.15	1.0	recombination	phylter_k_155	N202	recombination_suppression
1209	66	211	14	0.15	1.0	recombination	phylter_k_155	N202	recombination_suppression
1274	1	225	0	0.15	1.0	recombination	phylter_k_300	N202	recombination_suppression
1221	54	215	10	0.15	1.0	recombination	phylter_k_050	N202	recombination_suppression
0	1125	0	375	0.25	1.0	recombination	phylter_k_050	N416	recombination_suppression
983	142	336	39	0.25	1.0	recombination	phylter_k_020	N416	recombination_suppression
1096	29	367	8	0.25	1.0	recombination	phylter_k_155	N416	recombination_suppression
0	1125	0	375	0.25	1.0	recombination	phylter_k_020	N416	recombination_suppression
1085	40	361	14	0.25	1.0	recombination	phylter_k_155	N416	recombination_suppression
0	1125	0	375	0.25	1.0	recombination	phylter_k_050	N416	recombination_suppression
1119	6	375	0	0.25	1.0	recombination	phylter_k_300	N416	recombination_suppression
1119	6	375	0	0.25	1.0	recombination	phylter_k_300	N416	recombination_suppression
1082	43	359	16	0.25	1.0	recombination	phylter_k_155	N416	recombination_suppression
1068	57	363	12	0.25	1.0	recombination	phylter_k_050	N416	recombination_suppression
0	1125	0	375	0.25	1.0	recombination	phylter_k_020	N416	recombination_suppression
1119	6	375	0	0.25	1.0	recombination	phylter_k_300	N416	recombination_suppression
1184	16	296	4	0.2	1.0	recombination	phylter_k_155	N722	recombination_suppression
1184	16	296	4	0.2	1.0	recombination	phylter_k_155	N722	recombination_suppression
1122	78	281	19	0.2	1.0	recombination	phylter_k_020	N722	recombination_suppression
0	1200	0	300	0.2	1.0	recombination	phylter_k_020	N722	recombination_suppression
0	1200	0	300	0.2	1.0	recombination	phylter_k_020	N722	recombination_suppression
1184	16	296	4	0.2	1.0	recombination	phylter_k_155	N722	recombination_suppression
0	1200	0	300	0.2	1.0	recombination	phylter_k_050	N722	recombination_suppression
1198	2	299	1	0.2	1.0	recombination	phylter_k_300	N722	recombination_suppression
1198	2	299	1	0.2	1.0	recombination	phylter_k_300	N722	recombination_suppression
1198	2	299	1	0.2	1.0	recombination	phylter_k_300	N722	recombination_suppression
0	1200	0	300	0.2	1.0	recombination	phylter_k_050	N722	recombination_suppression
1170	30	296	4	0.2	1.0	recombination	phylter_k_050	N722	recombination_suppression
74	1201	12	213	0.15	1.0	recombination	phylter_k_050	N677	recombination_suppression
74	1201	12	213	0.15	1.0	recombination	phylter_k_050	N677	recombination_suppression
278	997	51	174	0.15	1.0	recombination	phylter_k_020	N677	recombination_suppression
1273	2	225	0	0.15	1.0	recombination	phylter_k_300	N677	recombination_suppression
1153	122	200	25	0.15	1.0	recombination	phylter_k_050	N677	recombination_suppression
1236	39	221	4	0.15	1.0	recombination	phylter_k_155	N677	recombination_suppression
1179	96	205	20	0.15	1.0	recombination	phylter_k_020	N677	recombination_suppression
278	997	51	174	0.15	1.0	recombination	phylter_k_020	N677	recombination_suppression
1272	3	225	0	0.15	1.0	recombination	phylter_k_300	N677	recombination_suppression
1248	27	221	4	0.15	1.0	recombination	phylter_k_155	N677	recombination_suppression
1272	3	225	0	0.15	1.0	recombination	phylter_k_300	N677	recombination_suppression
1236	39	221	4	0.15	1.0	recombination	phylter_k_155	N677	recombination_suppression
1319	31	149	1	0.1	1.0	recombination	phylter_k_155	N543	recombination_suppression
0	1350	0	150	0.1	1.0	recombination	phylter_k_020	N543	recombination_suppression
1338	12	150	0	0.1	1.0	recombination	phylter_k_155	N543	recombination_suppression
2	1348	0	150	0.1	1.0	recombination	phylter_k_050	N543	recombination_suppression
1215	135	135	15	0.1	1.0	recombination	phylter_k_020	N543	recombination_suppression
1319	31	149	1	0.1	1.0	recombination	phylter_k_155	N543	recombination_suppression
1345	5	150	0	0.1	1.0	recombination	phylter_k_300	N543	recombination_suppression
0	1350	0	150	0.1	1.0	recombination	phylter_k_020	N543	recombination_suppression
1269	81	144	6	0.1	1.0	recombination	phylter_k_050	N543	recombination_suppression
1349	1	150	0	0.1	1.0	recombination	phylter_k_300	N543	recombination_suppression
1345	5	150	0	0.1	1.0	recombination	phylter_k_300	N543	recombination_suppression
2	1348	0	150	0.1	1.0	recombination	phylter_k_050	N543	recombination_suppression
0	1425	0	75	0.05	1.0	recombination	phylter_k_050	N722	recombination_suppression
1424	1	75	0	0.05	1.0	recombination	phylter_k_300	N722	recombination_suppression
1424	1	75	0	0.05	1.0	recombination	phylter_k_300	N722	recombination_suppression
1242	183	61	14	0.05	1.0	recombination	phylter_k_050	N722	recombination_suppression
1422	3	75	0	0.05	1.0	recombination	phylter_k_300	N722	recombination_suppression
0	1425	0	75	0.05	1.0	recombination	phylter_k_020	N722	recombination_suppression
1385	40	73	2	0.05	1.0	recombination	phylter_k_155	N722	recombination_suppression
1320	105	67	8	0.05	1.0	recombination	phylter_k_020	N722	recombination_suppression
1381	44	73	2	0.05	1.0	recombination	phylter_k_155	N722	recombination_suppression
0	1425	0	75	0.05	1.0	recombination	phylter_k_050	N722	recombination_suppression
0	1425	0	75	0.05	1.0	recombination	phylter_k_020	N722	recombination_suppression
1386	39	73	2	0.05	1.0	recombination	phylter_k_155	N722	recombination_suppression
1124	1	375	0	0.25	1.0	recombination	phylter_k_300	N228	recombination_suppression
976	149	323	52	0.25	1.0	recombination	phylter_k_050	N228	recombination_suppression
1069	56	362	13	0.25	1.0	recombination	phylter_k_155	N228	recombination_suppression
1	1124	1	374	0.25	1.0	recombination	phylter_k_020	N228	recombination_suppression
1123	2	373	2	0.25	1.0	recombination	phylter_k_300	N228	recombination_suppression
1123	2	373	2	0.25	1.0	recombination	phylter_k_300	N228	recombination_suppression
1095	30	371	4	0.25	1.0	recombination	phylter_k_155	N228	recombination_suppression
992	133	339	36	0.25	1.0	recombination	phylter_k_020	N228	recombination_suppression
1069	56	362	13	0.25	1.0	recombination	phylter_k_155	N228	recombination_suppression
0	1125	0	375	0.25	1.0	recombination	phylter_k_050	N228	recombination_suppression
1	1124	1	374	0.25	1.0	recombination	phylter_k_020	N228	recombination_suppression
0	1125	0	375	0.25	1.0	recombination	phylter_k_050	N228	recombination_suppression
145	1130	28	197	0.15	1.0	recombination	phylter_k_020	N555	recombination_suppression
67	1208	12	213	0.15	1.0	recombination	phylter_k_050	N555	recombination_suppression
1270	5	225	0	0.15	1.0	recombination	phylter_k_300	N555	recombination_suppression
392	883	80	145	0.15	1.0	recombination	phylter_k_020	N555	recombination_suppression
1192	83	215	10	0.15	1.0	recombination	phylter_k_050	N555	recombination_suppression
1274	1	225	0	0.15	1.0	recombination	phylter_k_300	N555	recombination_suppression
1233	42	223	2	0.15	1.0	recombination	phylter_k_155	N555	recombination_suppression
1227	48	223	2	0.15	1.0	recombination	phylter_k_155	N555	recombination_suppression
1270	5	225	0	0.15	1.0	recombination	phylter_k_300	N555	recombination_suppression
6	1269	1	224	0.15	1.0	recombination	phylter_k_050	N555	recombination_suppression
1243	32	223	2	0.15	1.0	recombination	phylter_k_155	N555	recombination_suppression
1188	87	205	20	0.15	1.0	recombination	phylter_k_020	N555	recombination_suppression
1421	4	75	0	0.05	1.0	recombination	phylter_k_300	N499	recombination_suppression
0	1425	0	75	0.05	1.0	recombination	phylter_k_050	N499	recombination_suppression
1307	118	68	7	0.05	1.0	recombination	phylter_k_020	N499	recombination_suppression
1380	45	72	3	0.05	1.0	recombination	phylter_k_155	N499	recombination_suppression
0	1425	0	75	0.05	1.0	recombination	phylter_k_020	N499	recombination_suppression
1369	56	70	5	0.05	1.0	recombination	phylter_k_155	N499	recombination_suppression
0	1425	0	75	0.05	1.0	recombination	phylter_k_050	N499	recombination_suppression
1421	4	75	0	0.05	1.0	recombination	phylter_k_300	N499	recombination_suppression
1373	52	72	3	0.05	1.0	recombination	phylter_k_155	N499	recombination_suppression
1318	107	71	4	0.05	1.0	recombination	phylter_k_050	N499	recombination_suppression
0	1425	0	75	0.05	1.0	recombination	phylter_k_020	N499	recombination_suppression
1424	1	75	0	0.05	1.0	recombination	phylter_k_300	N499	recombination_suppression
6	1419	1	74	0.05	1.0	recombination	phylter_k_020	N477	recombination_suppression
1423	2	75	0	0.05	1.0	recombination	phylter_k_300	N477	recombination_suppression
1	1424	0	75	0.05	1.0	recombination	phylter_k_050	N477	recombination_suppression
1299	126	70	5	0.05	1.0	recombination	phylter_k_050	N477	recombination_suppression
0	1425	0	75	0.05	1.0	recombination	phylter_k_050	N477	recombination_suppression
1384	41	74	1	0.05	1.0	recombination	phylter_k_155	N477	recombination_suppression
1294	131	71	4	0.05	1.0	recombination	phylter_k_020	N477	recombination_suppression
1380	45	74	1	0.05	1.0	recombination	phylter_k_155	N477	recombination_suppression
1392	33	74	1	0.05	1.0	recombination	phylter_k_155	N477	recombination_suppression
1421	4	75	0	0.05	1.0	recombination	phylter_k_300	N477	recombination_suppression
1421	4	75	0	0.05	1.0	recombination	phylter_k_300	N477	recombination_suppression
0	1425	0	75	0.05	1.0	recombination	phylter_k_020	N477	recombination_suppression
1339	11	150	0	0.1	1.0	recombination	phylter_k_300	N125	recombination_suppression
1329	21	150	0	0.1	1.0	recombination	phylter_k_155	N125	recombination_suppression
1208	142	136	14	0.1	1.0	recombination	phylter_k_020	N125	recombination_suppression
0	1350	0	150	0.1	1.0	recombination	phylter_k_050	N125	recombination_suppression
0	1350	0	150	0.1	1.0	recombination	phylter_k_050	N125	recombination_suppression
1266	84	142	8	0.1	1.0	recombination	phylter_k_155	N125	recombination_suppression
1349	1	150	0	0.1	1.0	recombination	phylter_k_300	N125	recombination_suppression
811	539	98	52	0.1	1.0	recombination	phylter_k_050	N125	recombination_suppression
0	1350	0	150	0.1	1.0	recombination	phylter_k_020	N125	recombination_suppression
1338	12	150	0	0.1	1.0	recombination	phylter_k_300	N125	recombination_suppression
1279	71	143	7	0.1	1.0	recombination	phylter_k_155	N125	recombination_suppression
0	1350	0	150	0.1	1.0	recombination	phylter_k_020	N125	recombination_suppression
0	1275	0	225	0.15	1.0	recombination	phylter_k_050	N211	recombination_suppression
2	1273	1	224	0.15	1.0	recombination	phylter_k_020	N211	recombination_suppression
1255	20	225	0	0.15	1.0	recombination	phylter_k_155	N211	recombination_suppression
1189	86	215	10	0.15	1.0	recombination	phylter_k_020	N211	recombination_suppression
0	1275	0	225	0.15	1.0	recombination	phylter_k_050	N211	recombination_suppression
1221	54	211	14	0.15	1.0	recombination	phylter_k_155	N211	recombination_suppression
1275	0	225	0	0.15	1.0	recombination	phylter_k_300	N211	recombination_suppression
1144	131	207	18	0.15	1.0	recombination	phylter_k_050	N211	recombination_suppression
1274	1	222	3	0.15	1.0	recombination	phylter_k_300	N211	recombination_suppression
0	1275	0	225	0.15	1.0	recombination	phylter_k_020	N211	recombination_suppression
1274	1	223	2	0.15	1.0	recombination	phylter_k_300	N211	recombination_suppression
1213	62	210	15	0.15	1.0	recombination	phylter_k_155	N211	recombination_suppression
1173	27	290	10	0.2	1.0	recombination	phylter_k_155	N499	recombination_suppression
0	1200	0	300	0.2	1.0	recombination	phylter_k_020	N499	recombination_suppression
0	1200	0	300	0.2	1.0	recombination	phylter_k_050	N499	recombination_suppression
1080	120	267	33	0.2	1.0	recombination	phylter_k_020	N499	recombination_suppression
1167	33	289	11	0.2	1.0	recombination	phylter_k_155	N499	recombination_suppression
0	1200	0	300	0.2	1.0	recombination	phylter_k_050	N499	recombination_suppression
1035	165	260	40	0.2	1.0	recombination	phylter_k_050	N499	recombination_suppression
1199	1	300	0	0.2	1.0	recombination	phylter_k_300	N499	recombination_suppression
1163	37	287	13	0.2	1.0	recombination	phylter_k_155	N499	recombination_suppression
1196	4	300	0	0.2	1.0	recombination	phylter_k_300	N499	recombination_suppression
0	1200	0	300	0.2	1.0	recombination	phylter_k_020	N499	recombination_suppression
1196	4	300	0	0.2	1.0	recombination	phylter_k_300	N499	recombination_suppression
1163	37	292	8	0.2	1.0	recombination	phylter_k_155	N477	recombination_suppression
1146	54	285	15	0.2	1.0	recombination	phylter_k_050	N477	recombination_suppression
1195	5	299	1	0.2	1.0	recombination	phylter_k_300	N477	recombination_suppression
1198	2	299	1	0.2	1.0	recombination	phylter_k_300	N477	recombination_suppression
0	1200	0	300	0.2	1.0	recombination	phylter_k_020	N477	recombination_suppression
1195	5	299	1	0.2	1.0	recombination	phylter_k_300	N477	recombination_suppression
1166	34	292	8	0.2	1.0	recombination	phylter_k_155	N477	recombination_suppression
1	1199	1	299	0.2	1.0	recombination	phylter_k_020	N477	recombination_suppression
0	1200	0	300	0.2	1.0	recombination	phylter_k_050	N477	recombination_suppression
1172	28	294	6	0.2	1.0	recombination	phylter_k_155	N477	recombination_suppression
1110	90	275	25	0.2	1.0	recombination	phylter_k_020	N477	recombination_suppression
0	1200	0	300	0.2	1.0	recombination	phylter_k_050	N477	recombination_suppression
1373	97	29	1	0.02	1.0	recombination	phylter_k_155	N296	recombination_suppression
1322	148	27	3	0.02	1.0	recombination	phylter_k_020	N296	recombination_suppression
0	1470	0	30	0.02	1.0	recombination	phylter_k_050	N296	recombination_suppression
0	1470	0	30	0.02	1.0	recombination	phylter_k_050	N296	recombination_suppression
1432	38	29	1	0.02	1.0	recombination	phylter_k_155	N296	recombination_suppression
3	1467	0	30	0.02	1.0	recombination	phylter_k_020	N296	recombination_suppression
1372	98	29	1	0.02	1.0	recombination	phylter_k_155	N296	recombination_suppression
1464	6	30	0	0.02	1.0	recombination	phylter_k_300	N296	recombination_suppression
1464	6	30	0	0.02	1.0	recombination	phylter_k_300	N296	recombination_suppression
1469	1	30	0	0.02	1.0	recombination	phylter_k_300	N296	recombination_suppression
2	1468	0	30	0.02	1.0	recombination	phylter_k_020	N296	recombination_suppression
1341	129	28	2	0.02	1.0	recombination	phylter_k_050	N296	recombination_suppression
1146	54	289	11	0.2	1.0	recombination	phylter_k_155	N295	recombination_suppression
1196	4	299	1	0.2	1.0	recombination	phylter_k_300	N295	recombination_suppression
1196	4	299	1	0.2	1.0	recombination	phylter_k_300	N295	recombination_suppression
1105	95	282	18	0.2	1.0	recombination	phylter_k_020	N295	recombination_suppression
0	1200	0	300	0.2	1.0	recombination	phylter_k_020	N295	recombination_suppression
1191	9	299	1	0.2	1.0	recombination	phylter_k_155	N295	recombination_suppression
1146	54	289	11	0.2	1.0	recombination	phylter_k_155	N295	recombination_suppression
0	1200	0	300	0.2	1.0	recombination	phylter_k_050	N295	recombination_suppression
0	1200	0	300	0.2	1.0	recombination	phylter_k_050	N295	recombination_suppression
1080	120	275	25	0.2	1.0	recombination	phylter_k_050	N295	recombination_suppression
1	1199	0	300	0.2	1.0	recombination	phylter_k_020	N295	recombination_suppression
1200	0	300	0	0.2	1.0	recombination	phylter_k_300	N295	recombination_suppression
1424	1	75	0	0.05	1.0	recombination	phylter_k_300	N295	recombination_suppression
2	1423	0	75	0.05	1.0	recombination	phylter_k_020	N295	recombination_suppression
1287	138	67	8	0.05	1.0	recombination	phylter_k_050	N295	recombination_suppression
1342	83	74	1	0.05	1.0	recombination	phylter_k_155	N295	recombination_suppression
0	1425	0	75	0.05	1.0	recombination	phylter_k_050	N295	recombination_suppression
0	1425	0	75	0.05	1.0	recombination	phylter_k_020	N295	recombination_suppression
1343	82	74	1	0.05	1.0	recombination	phylter_k_155	N295	recombination_suppression
1419	6	75	0	0.05	1.0	recombination	phylter_k_300	N295	recombination_suppression
1400	25	75	0	0.05	1.0	recombination	phylter_k_155	N295	recombination_suppression
1308	117	71	4	0.05	1.0	recombination	phylter_k_020	N295	recombination_suppression
1419	6	75	0	0.05	1.0	recombination	phylter_k_300	N295	recombination_suppression
0	1425	0	75	0.05	1.0	recombination	phylter_k_050	N295	recombination_suppression
3	1347	0	150	0.1	1.0	recombination	phylter_k_050	N550	recombination_suppression
1349	1	150	0	0.1	1.0	recombination	phylter_k_300	N550	recombination_suppression
1345	5	150	0	0.1	1.0	recombination	phylter_k_300	N550	recombination_suppression
875	475	100	50	0.1	1.0	recombination	phylter_k_050	N550	recombination_suppression
1345	5	150	0	0.1	1.0	recombination	phylter_k_300	N550	recombination_suppression
1281	69	144	6	0.1	1.0	recombination	phylter_k_155	N550	recombination_suppression
4	1346	0	150	0.1	1.0	recombination	phylter_k_020	N550	recombination_suppression
1295	55	144	6	0.1	1.0	recombination	phylter_k_155	N550	recombination_suppression
1281	69	144	6	0.1	1.0	recombination	phylter_k_155	N550	recombination_suppression
3	1347	0	150	0.1	1.0	recombination	phylter_k_050	N550	recombination_suppression
4	1346	0	150	0.1	1.0	recombination	phylter_k_020	N550	recombination_suppression
1192	158	136	14	0.1	1.0	recombination	phylter_k_020	N550	recombination_suppression
0	1200	0	300	0.2	1.0	recombination	phylter_k_050	N396	recombination_suppression
0	1200	0	300	0.2	1.0	recombination	phylter_k_020	N396	recombination_suppression
0	1200	0	300	0.2	1.0	recombination	phylter_k_050	N396	recombination_suppression
774	426	194	106	0.2	1.0	recombination	phylter_k_050	N396	recombination_suppression
1200	0	300	0	0.2	1.0	recombination	phylter_k_300	N396	recombination_suppression
1177	23	292	8	0.2	1.0	recombination	phylter_k_155	N396	recombination_suppression
0	1200	0	300	0.2	1.0	recombination	phylter_k_020	N396	recombination_suppression
1198	2	300	0	0.2	1.0	recombination	phylter_k_300	N396	recombination_suppression
1197	3	300	0	0.2	1.0	recombination	phylter_k_300	N396	recombination_suppression
1188	12	294	6	0.2	1.0	recombination	phylter_k_155	N396	recombination_suppression
1174	26	291	9	0.2	1.0	recombination	phylter_k_155	N396	recombination_suppression
1091	109	284	16	0.2	1.0	recombination	phylter_k_020	N396	recombination_suppression
1148	52	286	14	0.2	1.0	recombination	phylter_k_155	N202	recombination_suppression
1199	1	300	0	0.2	1.0	recombination	phylter_k_300	N202	recombination_suppression
1137	63	286	14	0.2	1.0	recombination	phylter_k_050	N202	recombination_suppression
1198	2	300	0	0.2	1.0	recombination	phylter_k_300	N202	recombination_suppression
1196	4	300	0	0.2	1.0	recombination	phylter_k_300	N202	recombination_suppression
1	1199	0	300	0.2	1.0	recombination	phylter_k_020	N202	recombination_suppression
1061	139	270	30	0.2	1.0	recombination	phylter_k_020	N202	recombination_suppression
1162	38	290	10	0.2	1.0	recombination	phylter_k_155	N202	recombination_suppression
1190	10	298	2	0.2	1.0	recombination	phylter_k_155	N202	recombination_suppression
1	1199	0	300	0.2	1.0	recombination	phylter_k_050	N202	recombination_suppression
0	1200	0	300	0.2	1.0	recombination	phylter_k_050	N202	recombination_suppression
1	1199	0	300	0.2	1.0	recombination	phylter_k_020	N202	recombination_suppression
1368	57	74	1	0.05	1.0	recombination	phylter_k_155	N396	recombination_suppression
1371	54	74	1	0.05	1.0	recombination	phylter_k_155	N396	recombination_suppression
1	1424	0	75	0.05	1.0	recombination	phylter_k_020	N396	recombination_suppression
1386	39	74	1	0.05	1.0	recombination	phylter_k_155	N396	recombination_suppression
1421	4	75	0	0.05	1.0	recombination	phylter_k_300	N396	recombination_suppression
0	1425	0	75	0.05	1.0	recombination	phylter_k_020	N396	recombination_suppression
0	1425	0	75	0.05	1.0	recombination	phylter_k_050	N396	recombination_suppression
1285	140	72	3	0.05	1.0	recombination	phylter_k_020	N396	recombination_suppression
0	1425	0	75	0.05	1.0	recombination	phylter_k_050	N396	recombination_suppression
1178	247	63	12	0.05	1.0	recombination	phylter_k_050	N396	recombination_suppression
1425	0	75	0	0.05	1.0	recombination	phylter_k_300	N396	recombination_suppression
1423	2	75	0	0.05	1.0	recombination	phylter_k_300	N396	recombination_suppression
1364	61	69	6	0.05	1.0	recombination	phylter_k_155	N202	recombination_suppression
0	1425	0	75	0.05	1.0	recombination	phylter_k_050	N202	recombination_suppression
1424	1	75	0	0.05	1.0	recombination	phylter_k_300	N202	recombination_suppression
1190	235	64	11	0.05	1.0	recombination	phylter_k_050	N202	recombination_suppression
1	1424	0	75	0.05	1.0	recombination	phylter_k_020	N202	recombination_suppression
0	1425	0	75	0.05	1.0	recombination	phylter_k_050	N202	recombination_suppression
1	1424	0	75	0.05	1.0	recombination	phylter_k_020	N202	recombination_suppression
1237	188	63	12	0.05	1.0	recombination	phylter_k_020	N202	recombination_suppression
1398	27	71	4	0.05	1.0	recombination	phylter_k_155	N202	recombination_suppression
1420	5	74	1	0.05	1.0	recombination	phylter_k_300	N202	recombination_suppression
1422	3	74	1	0.05	1.0	recombination	phylter_k_300	N202	recombination_suppression
1347	78	68	7	0.05	1.0	recombination	phylter_k_155	N202	recombination_suppression
1433	37	28	2	0.02	1.0	recombination	phylter_k_155	N349	recombination_suppression
0	1470	0	30	0.02	1.0	recombination	phylter_k_020	N349	recombination_suppression
1468	2	30	0	0.02	1.0	recombination	phylter_k_300	N349	recombination_suppression
1469	1	30	0	0.02	1.0	recombination	phylter_k_300	N349	recombination_suppression
1235	235	26	4	0.02	1.0	recombination	phylter_k_050	N349	recombination_suppression
0	1470	0	30	0.02	1.0	recombination	phylter_k_020	N349	recombination_suppression
0	1470	0	30	0.02	1.0	recombination	phylter_k_050	N349	recombination_suppression
1418	52	28	2	0.02	1.0	recombination	phylter_k_155	N349	recombination_suppression
0	1470	0	30	0.02	1.0	recombination	phylter_k_050	N349	recombination_suppression
1438	32	28	2	0.02	1.0	recombination	phylter_k_155	N349	recombination_suppression
1469	1	30	0	0.02	1.0	recombination	phylter_k_300	N349	recombination_suppression
1343	127	29	1	0.02	1.0	recombination	phylter_k_020	N349	recombination_suppression
999	126	332	43	0.25	1.0	recombination	phylter_k_020	N678	recombination_suppression
1119	6	375	0	0.25	1.0	recombination	phylter_k_300	N678	recombination_suppression
1114	11	372	3	0.25	1.0	recombination	phylter_k_155	N678	recombination_suppression
239	886	77	298	0.25	1.0	recombination	phylter_k_050	N678	recombination_suppression
1096	29	371	4	0.25	1.0	recombination	phylter_k_155	N678	recombination_suppression
1098	27	371	4	0.25	1.0	recombination	phylter_k_155	N678	recombination_suppression
41	1084	22	353	0.25	1.0	recombination	phylter_k_020	N678	recombination_suppression
489	636	158	217	0.25	1.0	recombination	phylter_k_050	N678	recombination_suppression
1124	1	375	0	0.25	1.0	recombination	phylter_k_300	N678	recombination_suppression
228	897	77	298	0.25	1.0	recombination	phylter_k_020	N678	recombination_suppression
1119	6	375	0	0.25	1.0	recombination	phylter_k_300	N678	recombination_suppression
1070	55	362	13	0.25	1.0	recombination	phylter_k_050	N678	recombination_suppression
26	1174	9	291	0.2	1.0	recombination	phylter_k_050	N677	recombination_suppression
1	1199	1	299	0.2	1.0	recombination	phylter_k_020	N677	recombination_suppression
987	213	243	57	0.2	1.0	recombination	phylter_k_050	N677	recombination_suppression
1199	1	300	0	0.2	1.0	recombination	phylter_k_300	N677	recombination_suppression
26	1174	9	291	0.2	1.0	recombination	phylter_k_050	N677	recombination_suppression
1169	31	299	1	0.2	1.0	recombination	phylter_k_155	N677	recombination_suppression
1194	6	300	0	0.2	1.0	recombination	phylter_k_300	N677	recombination_suppression
1110	90	288	12	0.2	1.0	recombination	phylter_k_020	N677	recombination_suppression
1169	31	299	1	0.2	1.0	recombination	phylter_k_155	N677	recombination_suppression
1187	13	299	1	0.2	1.0	recombination	phylter_k_155	N677	recombination_suppression
1	1199	1	299	0.2	1.0	recombination	phylter_k_020	N677	recombination_suppression
1194	6	300	0	0.2	1.0	recombination	phylter_k_300	N677	recombination_suppression
1123	2	372	3	0.25	1.0	recombination	phylter_k_300	N71	recombination_suppression
0	1125	0	375	0.25	1.0	recombination	phylter_k_050	N71	recombination_suppression
1123	2	372	3	0.25	1.0	recombination	phylter_k_300	N71	recombination_suppression
1054	71	351	24	0.25	1.0	recombination	phylter_k_050	N71	recombination_suppression
0	1125	0	375	0.25	1.0	recombination	phylter_k_020	N71	recombination_suppression
0	1125	0	375	0.25	1.0	recombination	phylter_k_050	N71	recombination_suppression
0	1125	0	375	0.25	1.0	recombination	phylter_k_020	N71	recombination_suppression
1123	2	372	3	0.25	1.0	recombination	phylter_k_300	N71	recombination_suppression
1013	112	347	28	0.25	1.0	recombination	phylter_k_020	N71	recombination_suppression
1098	27	363	12	0.25	1.0	recombination	phylter_k_155	N71	recombination_suppression
1098	27	364	11	0.25	1.0	recombination	phylter_k_155	N71	recombination_suppression
1102	23	368	7	0.25	1.0	recombination	phylter_k_155	N71	recombination_suppression
5	1120	0	375	0.25	1.0	recombination	phylter_k_050	N543	recombination_suppression
1101	24	370	5	0.25	1.0	recombination	phylter_k_155	N543	recombination_suppression
3	1122	0	375	0.25	1.0	recombination	phylter_k_020	N543	recombination_suppression
3	1122	0	375	0.25	1.0	recombination	phylter_k_020	N543	recombination_suppression
1000	125	339	36	0.25	1.0	recombination	phylter_k_020	N543	recombination_suppression
1101	24	370	5	0.25	1.0	recombination	phylter_k_155	N543	recombination_suppression
1120	5	375	0	0.25	1.0	recombination	phylter_k_300	N543	recombination_suppression
1111	14	371	4	0.25	1.0	recombination	phylter_k_155	N543	recombination_suppression
1120	5	375	0	0.25	1.0	recombination	phylter_k_300	N543	recombination_suppression
1059	66	354	21	0.25	1.0	recombination	phylter_k_050	N543	recombination_suppression
5	1120	0	375	0.25	1.0	recombination	phylter_k_050	N543	recombination_suppression
1123	2	375	0	0.25	1.0	recombination	phylter_k_300	N543	recombination_suppression
1349	1	150	0	0.1	1.0	recombination	phylter_k_300	N228	recombination_suppression
1094	256	126	24	0.1	1.0	recombination	phylter_k_050	N228	recombination_suppression
1348	2	150	0	0.1	1.0	recombination	phylter_k_300	N228	recombination_suppression
1	1349	0	150	0.1	1.0	recombination	phylter_k_050	N228	recombination_suppression
1285	65	145	5	0.1	1.0	recombination	phylter_k_155	N228	recombination_suppression
1312	38	148	2	0.1	1.0	recombination	phylter_k_155	N228	recombination_suppression
1	1349	0	150	0.1	1.0	recombination	phylter_k_050	N228	recombination_suppression
1	1349	1	149	0.1	1.0	recombination	phylter_k_020	N228	recombination_suppression
1172	178	135	15	0.1	1.0	recombination	phylter_k_020	N228	recombination_suppression
1348	2	150	0	0.1	1.0	recombination	phylter_k_300	N228	recombination_suppression
1	1349	1	149	0.1	1.0	recombination	phylter_k_020	N228	recombination_suppression
1285	65	145	5	0.1	1.0	recombination	phylter_k_155	N228	recombination_suppression
1082	268	124	26	0.1	1.0	recombination	phylter_k_050	N416	recombination_suppression
1349	1	150	0	0.1	1.0	recombination	phylter_k_300	N416	recombination_suppression
0	1350	0	150	0.1	1.0	recombination	phylter_k_050	N416	recombination_suppression
1349	1	150	0	0.1	1.0	recombination	phylter_k_300	N416	recombination_suppression
0	1350	0	150	0.1	1.0	recombination	phylter_k_020	N416	recombination_suppression
1319	31	147	3	0.1	1.0	recombination	phylter_k_155	N416	recombination_suppression
1300	50	145	5	0.1	1.0	recombination	phylter_k_155	N416	recombination_suppression
1348	2	150	0	0.1	1.0	recombination	phylter_k_300	N416	recombination_suppression
1192	158	133	17	0.1	1.0	recombination	phylter_k_020	N416	recombination_suppression
0	1350	0	150	0.1	1.0	recombination	phylter_k_020	N416	recombination_suppression
1296	54	145	5	0.1	1.0	recombination	phylter_k_155	N416	recombination_suppression
0	1350	0	150	0.1	1.0	recombination	phylter_k_050	N416	recombination_suppression
1400	25	75	0	0.05	1.0	recombination	phylter_k_155	N677	recombination_suppression
1382	43	75	0	0.05	1.0	recombination	phylter_k_155	N677	recombination_suppression
1382	43	75	0	0.05	1.0	recombination	phylter_k_155	N677	recombination_suppression
1314	111	68	7	0.05	1.0	recombination	phylter_k_020	N677	recombination_suppression
273	1152	16	59	0.05	1.0	recombination	phylter_k_020	N677	recombination_suppression
273	1152	16	59	0.05	1.0	recombination	phylter_k_020	N677	recombination_suppression
1419	6	75	0	0.05	1.0	recombination	phylter_k_300	N677	recombination_suppression
37	1388	6	69	0.05	1.0	recombination	phylter_k_050	N677	recombination_suppression
1424	1	75	0	0.05	1.0	recombination	phylter_k_300	N677	recombination_suppression
1228	197	67	8	0.05	1.0	recombination	phylter_k_050	N677	recombination_suppression
37	1388	6	69	0.05	1.0	recombination	phylter_k_050	N677	recombination_suppression
1419	6	75	0	0.05	1.0	recombination	phylter_k_300	N677	recombination_suppression
0	1275	0	225	0.15	1.0	recombination	phylter_k_020	N722	recombination_suppression
0	1275	0	225	0.15	1.0	recombination	phylter_k_050	N722	recombination_suppression
1252	23	222	3	0.15	1.0	recombination	phylter_k_155	N722	recombination_suppression
1192	83	204	21	0.15	1.0	recombination	phylter_k_020	N722	recombination_suppression
0	1275	0	225	0.15	1.0	recombination	phylter_k_050	N722	recombination_suppression
1253	22	222	3	0.15	1.0	recombination	phylter_k_155	N722	recombination_suppression
1275	0	225	0	0.15	1.0	recombination	phylter_k_300	N722	recombination_suppression
1249	26	222	3	0.15	1.0	recombination	phylter_k_155	N722	recombination_suppression
0	1275	0	225	0.15	1.0	recombination	phylter_k_020	N722	recombination_suppression
1177	98	208	17	0.15	1.0	recombination	phylter_k_050	N722	recombination_suppression
1273	2	225	0	0.15	1.0	recombination	phylter_k_300	N722	recombination_suppression
1275	0	225	0	0.15	1.0	recombination	phylter_k_300	N722	recombination_suppression
1372	53	75	0	0.05	1.0	recombination	phylter_k_155	N555	recombination_suppression
304	1121	21	54	0.05	1.0	recombination	phylter_k_020	N555	recombination_suppression
77	1348	1	74	0.05	1.0	recombination	phylter_k_050	N555	recombination_suppression
1390	35	75	0	0.05	1.0	recombination	phylter_k_155	N555	recombination_suppression
1420	5	75	0	0.05	1.0	recombination	phylter_k_300	N555	recombination_suppression
1379	46	75	0	0.05	1.0	recombination	phylter_k_155	N555	recombination_suppression
1302	123	69	6	0.05	1.0	recombination	phylter_k_020	N555	recombination_suppression
4	1421	0	75	0.05	1.0	recombination	phylter_k_020	N555	recombination_suppression
1420	5	75	0	0.05	1.0	recombination	phylter_k_300	N555	recombination_suppression
1424	1	75	0	0.05	1.0	recombination	phylter_k_300	N555	recombination_suppression
5	1420	0	75	0.05	1.0	recombination	phylter_k_050	N555	recombination_suppression
1258	167	67	8	0.05	1.0	recombination	phylter_k_050	N555	recombination_suppression
1064	61	354	21	0.25	1.0	recombination	phylter_k_155	N125	recombination_suppression
1125	0	375	0	0.25	1.0	recombination	phylter_k_300	N125	recombination_suppression
0	1125	0	375	0.25	1.0	recombination	phylter_k_020	N125	recombination_suppression
1044	81	349	26	0.25	1.0	recombination	phylter_k_050	N125	recombination_suppression
1121	4	375	0	0.25	1.0	recombination	phylter_k_300	N125	recombination_suppression
1120	5	375	0	0.25	1.0	recombination	phylter_k_300	N125	recombination_suppression
1074	51	355	20	0.25	1.0	recombination	phylter_k_155	N125	recombination_suppression
1115	10	370	5	0.25	1.0	recombination	phylter_k_155	N125	recombination_suppression
1	1124	0	375	0.25	1.0	recombination	phylter_k_020	N125	recombination_suppression
0	1125	0	375	0.25	1.0	recombination	phylter_k_050	N125	recombination_suppression
989	136	343	32	0.25	1.0	recombination	phylter_k_020	N125	recombination_suppression
0	1125	0	375	0.25	1.0	recombination	phylter_k_050	N125	recombination_suppression
1321	149	26	4	0.02	1.0	recombination	phylter_k_020	N564	recombination_suppression
0	1470	0	30	0.02	1.0	recombination	phylter_k_050	N564	recombination_suppression
1434	36	29	1	0.02	1.0	recombination	phylter_k_155	N564	recombination_suppression
1466	4	30	0	0.02	1.0	recombination	phylter_k_300	N564	recombination_suppression
5	1465	0	30	0.02	1.0	recombination	phylter_k_020	N564	recombination_suppression
1118	352	22	8	0.02	1.0	recombination	phylter_k_050	N564	recombination_suppression
1421	49	29	1	0.02	1.0	recombination	phylter_k_155	N564	recombination_suppression
1469	1	30	0	0.02	1.0	recombination	phylter_k_300	N564	recombination_suppression
1466	4	30	0	0.02	1.0	recombination	phylter_k_300	N564	recombination_suppression
0	1470	0	30	0.02	1.0	recombination	phylter_k_050	N564	recombination_suppression
1421	49	29	1	0.02	1.0	recombination	phylter_k_155	N564	recombination_suppression
5	1465	0	30	0.02	1.0	recombination	phylter_k_020	N564	recombination_suppression
1155	45	282	18	0.2	1.0	recombination	phylter_k_155	N211	recombination_suppression
1187	13	300	0	0.2	1.0	recombination	phylter_k_155	N211	recombination_suppression
0	1200	1	299	0.2	1.0	recombination	phylter_k_050	N211	recombination_suppression
1093	107	287	13	0.2	1.0	recombination	phylter_k_020	N211	recombination_suppression
0	1200	0	300	0.2	1.0	recombination	phylter_k_050	N211	recombination_suppression
2	1198	0	300	0.2	1.0	recombination	phylter_k_020	N211	recombination_suppression
1150	50	281	19	0.2	1.0	recombination	phylter_k_155	N211	recombination_suppression
0	1200	0	300	0.2	1.0	recombination	phylter_k_020	N211	recombination_suppression
1199	1	300	0	0.2	1.0	recombination	phylter_k_300	N211	recombination_suppression
1143	57	287	13	0.2	1.0	recombination	phylter_k_050	N211	recombination_suppression
1197	3	298	2	0.2	1.0	recombination	phylter_k_300	N211	recombination_suppression
1197	3	297	3	0.2	1.0	recombination	phylter_k_300	N211	recombination_suppression
1272	3	225	0	0.15	1.0	recombination	phylter_k_300	N499	recombination_suppression
1272	3	225	0	0.15	1.0	recombination	phylter_k_300	N499	recombination_suppression
1204	71	212	13	0.15	1.0	recombination	phylter_k_020	N499	recombination_suppression
1259	16	220	5	0.15	1.0	recombination	phylter_k_155	N499	recombination_suppression
0	1275	0	225	0.15	1.0	recombination	phylter_k_020	N499	recombination_suppression
1251	24	219	6	0.15	1.0	recombination	phylter_k_155	N499	recombination_suppression
0	1275	0	225	0.15	1.0	recombination	phylter_k_050	N499	recombination_suppression
0	1275	0	225	0.15	1.0	recombination	phylter_k_050	N499	recombination_suppression
2	1273	0	225	0.15	1.0	recombination	phylter_k_020	N499	recombination_suppression
1140	135	202	23	0.15	1.0	recombination	phylter_k_050	N499	recombination_suppression
1275	0	225	0	0.15	1.0	recombination	phylter_k_300	N499	recombination_suppression
1254	21	220	5	0.15	1.0	recombination	phylter_k_155	N499	recombination_suppression
1246	29	217	8	0.15	1.0	recombination	phylter_k_155	N477	recombination_suppression
0	1275	0	225	0.15	1.0	recombination	phylter_k_050	N477	recombination_suppression
0	1275	0	225	0.15	1.0	recombination	phylter_k_050	N477	recombination_suppression
1230	45	212	13	0.15	1.0	recombination	phylter_k_020	N477	recombination_suppression
1249	26	220	5	0.15	1.0	recombination	phylter_k_155	N477	recombination_suppression
10	1265	0	225	0.15	1.0	recombination	phylter_k_020	N477	recombination_suppression
2	1273	0	225	0.15	1.0	recombination	phylter_k_020	N477	recombination_suppression
1272	3	223	2	0.15	1.0	recombination	phylter_k_300	N477	recombination_suppression
1272	3	223	2	0.15	1.0	recombination	phylter_k_300	N477	recombination_suppression
1273	2	223	2	0.15	1.0	recombination	phylter_k_300	N477	recombination_suppression
1140	135	198	27	0.15	1.0	recombination	phylter_k_050	N477	recombination_suppression
1244	31	217	8	0.15	1.0	recombination	phylter_k_155	N477	recombination_suppression
1164	36	297	3	0.2	1.0	recombination	phylter_k_155	N555	recombination_suppression
1170	30	297	3	0.2	1.0	recombination	phylter_k_155	N555	recombination_suppression
21	1179	4	296	0.2	1.0	recombination	phylter_k_050	N555	recombination_suppression
1196	4	300	0	0.2	1.0	recombination	phylter_k_300	N555	recombination_suppression
1181	19	297	3	0.2	1.0	recombination	phylter_k_155	N555	recombination_suppression
1101	99	281	19	0.2	1.0	recombination	phylter_k_020	N555	recombination_suppression
11	1189	3	297	0.2	1.0	recombination	phylter_k_020	N555	recombination_suppression
2	1198	0	300	0.2	1.0	recombination	phylter_k_020	N555	recombination_suppression
1196	4	300	0	0.2	1.0	recombination	phylter_k_300	N555	recombination_suppression
1200	0	300	0	0.2	1.0	recombination	phylter_k_300	N555	recombination_suppression
1086	114	267	33	0.2	1.0	recombination	phylter_k_050	N555	recombination_suppression
1	1199	0	300	0.2	1.0	recombination	phylter_k_050	N555	recombination_suppression
1421	4	75	0	0.05	1.0	recombination	phylter_k_300	N211	recombination_suppression
1356	69	72	3	0.05	1.0	recombination	phylter_k_155	N211	recombination_suppression
0	1425	0	75	0.05	1.0	recombination	phylter_k_020	N211	recombination_suppression
0	1425	0	75	0.05	1.0	recombination	phylter_k_020	N211	recombination_suppression
1423	2	75	0	0.05	1.0	recombination	phylter_k_300	N211	recombination_suppression
1346	79	71	4	0.05	1.0	recombination	phylter_k_155	N211	recombination_suppression
1216	209	67	8	0.05	1.0	recombination	phylter_k_050	N211	recombination_suppression
0	1425	0	75	0.05	1.0	recombination	phylter_k_050	N211	recombination_suppression
0	1425	0	75	0.05	1.0	recombination	phylter_k_050	N211	recombination_suppression
1396	29	75	0	0.05	1.0	recombination	phylter_k_155	N211	recombination_suppression
1288	137	72	3	0.05	1.0	recombination	phylter_k_020	N211	recombination_suppression
1421	4	75	0	0.05	1.0	recombination	phylter_k_300	N211	recombination_suppression
1429	41	30	0	0.02	1.0	recombination	phylter_k_155	N717	recombination_suppression
1465	5	30	0	0.02	1.0	recombination	phylter_k_300	N717	recombination_suppression
1019	451	22	8	0.02	1.0	recombination	phylter_k_050	N717	recombination_suppression
0	1470	0	30	0.02	1.0	recombination	phylter_k_020	N717	recombination_suppression
1469	1	30	0	0.02	1.0	recombination	phylter_k_300	N717	recombination_suppression
1426	44	30	0	0.02	1.0	recombination	phylter_k_155	N717	recombination_suppression
0	1470	0	30	0.02	1.0	recombination	phylter_k_020	N717	recombination_suppression
0	1470	0	30	0.02	1.0	recombination	phylter_k_050	N717	recombination_suppression
0	1470	0	30	0.02	1.0	recombination	phylter_k_050	N717	recombination_suppression
1331	139	27	3	0.02	1.0	recombination	phylter_k_020	N717	recombination_suppression
1434	36	30	0	0.02	1.0	recombination	phylter_k_155	N717	recombination_suppression
1466	4	30	0	0.02	1.0	recombination	phylter_k_300	N717	recombination_suppression
1120	5	374	1	0.25	1.0	recombination	phylter_k_300	N550	recombination_suppression
813	312	267	108	0.25	1.0	recombination	phylter_k_050	N550	recombination_suppression
1	1124	0	375	0.25	1.0	recombination	phylter_k_050	N550	recombination_suppression
1124	1	374	1	0.25	1.0	recombination	phylter_k_300	N550	recombination_suppression
1	1124	0	375	0.25	1.0	recombination	phylter_k_050	N550	recombination_suppression
2	1123	0	375	0.25	1.0	recombination	phylter_k_020	N550	recombination_suppression
1020	105	351	24	0.25	1.0	recombination	phylter_k_020	N550	recombination_suppression
2	1123	0	375	0.25	1.0	recombination	phylter_k_020	N550	recombination_suppression
1120	5	374	1	0.25	1.0	recombination	phylter_k_300	N550	recombination_suppression
1116	9	368	7	0.25	1.0	recombination	phylter_k_155	N550	recombination_suppression
1099	26	368	7	0.25	1.0	recombination	phylter_k_155	N550	recombination_suppression
1099	26	368	7	0.25	1.0	recombination	phylter_k_155	N550	recombination_suppression
1	1274	0	225	0.15	1.0	recombination	phylter_k_020	N295	recombination_suppression
1131	144	208	17	0.15	1.0	recombination	phylter_k_050	N295	recombination_suppression
0	1275	0	225	0.15	1.0	recombination	phylter_k_020	N295	recombination_suppression
1274	1	225	0	0.15	1.0	recombination	phylter_k_300	N295	recombination_suppression
1269	6	224	1	0.15	1.0	recombination	phylter_k_300	N295	recombination_suppression
0	1275	0	225	0.15	1.0	recombination	phylter_k_050	N295	recombination_suppression
1179	96	208	17	0.15	1.0	recombination	phylter_k_155	N295	recombination_suppression
1178	97	207	18	0.15	1.0	recombination	phylter_k_155	N295	recombination_suppression
1227	48	220	5	0.15	1.0	recombination	phylter_k_155	N295	recombination_suppression
0	1275	0	225	0.15	1.0	recombination	phylter_k_050	N295	recombination_suppression
1269	6	224	1	0.15	1.0	recombination	phylter_k_300	N295	recombination_suppression
1154	121	206	19	0.15	1.0	recombination	phylter_k_020	N295	recombination_suppression
1446	24	30	0	0.02	1.0	recombination	phylter_k_155	N722	recombination_suppression
1467	3	30	0	0.02	1.0	recombination	phylter_k_300	N722	recombination_suppression
0	1470	0	30	0.02	1.0	recombination	phylter_k_020	N722	recombination_suppression
1442	28	30	0	0.02	1.0	recombination	phylter_k_155	N722	recombination_suppression
1469	1	30	0	0.02	1.0	recombination	phylter_k_300	N722	recombination_suppression
0	1470	0	30	0.02	1.0	recombination	phylter_k_020	N722	recombination_suppression
1302	168	25	5	0.02	1.0	recombination	phylter_k_050	N722	recombination_suppression
0	1470	0	30	0.02	1.0	recombination	phylter_k_050	N722	recombination_suppression
0	1470	0	30	0.02	1.0	recombination	phylter_k_050	N722	recombination_suppression
1447	23	30	0	0.02	1.0	recombination	phylter_k_155	N722	recombination_suppression
1469	1	30	0	0.02	1.0	recombination	phylter_k_300	N722	recombination_suppression
1364	106	26	4	0.02	1.0	recombination	phylter_k_020	N722	recombination_suppression
1200	0	300	0	0.2	1.0	recombination	phylter_k_300	N115	recombination_suppression
1151	49	295	5	0.2	1.0	recombination	phylter_k_155	N115	recombination_suppression
0	1200	0	300	0.2	1.0	recombination	phylter_k_020	N115	recombination_suppression
0	1200	0	300	0.2	1.0	recombination	phylter_k_020	N115	recombination_suppression
1121	79	279	21	0.2	1.0	recombination	phylter_k_020	N115	recombination_suppression
1143	57	294	6	0.2	1.0	recombination	phylter_k_155	N115	recombination_suppression
0	1200	0	300	0.2	1.0	recombination	phylter_k_050	N115	recombination_suppression
1171	29	295	5	0.2	1.0	recombination	phylter_k_155	N115	recombination_suppression
0	1200	0	300	0.2	1.0	recombination	phylter_k_050	N115	recombination_suppression
1200	0	300	0	0.2	1.0	recombination	phylter_k_300	N115	recombination_suppression
1166	34	293	7	0.2	1.0	recombination	phylter_k_050	N115	recombination_suppression
1200	0	300	0	0.2	1.0	recombination	phylter_k_300	N115	recombination_suppression
4	1196	1	299	0.2	1.0	recombination	phylter_k_020	N428	recombination_suppression
1050	150	271	29	0.2	1.0	recombination	phylter_k_020	N428	recombination_suppression
1179	21	294	6	0.2	1.0	recombination	phylter_k_155	N428	recombination_suppression
1195	5	300	0	0.2	1.0	recombination	phylter_k_300	N428	recombination_suppression
1195	5	300	0	0.2	1.0	recombination	phylter_k_300	N428	recombination_suppression
1174	26	294	6	0.2	1.0	recombination	phylter_k_155	N428	recombination_suppression
1197	3	300	0	0.2	1.0	recombination	phylter_k_300	N428	recombination_suppression
1174	26	294	6	0.2	1.0	recombination	phylter_k_155	N428	recombination_suppression
1	1199	0	300	0.2	1.0	recombination	phylter_k_050	N428	recombination_suppression
1127	73	287	13	0.2	1.0	recombination	phylter_k_050	N428	recombination_suppression
1	1199	0	300	0.2	1.0	recombination	phylter_k_050	N428	recombination_suppression
4	1196	1	299	0.2	1.0	recombination	phylter_k_020	N428	recombination_suppression
1099	26	374	1	0.25	1.0	recombination	phylter_k_155	N682	recombination_suppression
1120	5	375	0	0.25	1.0	recombination	phylter_k_300	N682	recombination_suppression
969	156	320	55	0.25	1.0	recombination	phylter_k_020	N682	recombination_suppression
1079	46	374	1	0.25	1.0	recombination	phylter_k_155	N682	recombination_suppression
0	1125	0	375	0.25	1.0	recombination	phylter_k_020	N682	recombination_suppression
1120	5	375	0	0.25	1.0	recombination	phylter_k_300	N682	recombination_suppression
1123	2	375	0	0.25	1.0	recombination	phylter_k_300	N682	recombination_suppression
6	1119	2	373	0.25	1.0	recombination	phylter_k_050	N682	recombination_suppression
1010	115	340	35	0.25	1.0	recombination	phylter_k_050	N682	recombination_suppression
0	1125	0	375	0.25	1.0	recombination	phylter_k_020	N682	recombination_suppression
6	1119	2	373	0.25	1.0	recombination	phylter_k_050	N682	recombination_suppression
1079	46	374	1	0.25	1.0	recombination	phylter_k_155	N682	recombination_suppression
0	1275	0	225	0.15	1.0	recombination	phylter_k_050	N349	recombination_suppression
0	1275	0	225	0.15	1.0	recombination	phylter_k_020	N349	recombination_suppression
0	1275	0	225	0.15	1.0	recombination	phylter_k_050	N349	recombination_suppression
1239	36	216	9	0.15	1.0	recombination	phylter_k_155	N349	recombination_suppression
1231	44	216	9	0.15	1.0	recombination	phylter_k_155	N349	recombination_suppression
1137	138	200	25	0.15	1.0	recombination	phylter_k_020	N349	recombination_suppression
0	1275	0	225	0.15	1.0	recombination	phylter_k_020	N349	recombination_suppression
1274	1	225	0	0.15	1.0	recombination	phylter_k_300	N349	recombination_suppression
1272	3	225	0	0.15	1.0	recombination	phylter_k_300	N349	recombination_suppression
1170	105	212	13	0.15	1.0	recombination	phylter_k_050	N349	recombination_suppression
1274	1	225	0	0.15	1.0	recombination	phylter_k_300	N349	recombination_suppression
1218	57	216	9	0.15	1.0	recombination	phylter_k_155	N349	recombination_suppression
1305	120	71	4	0.05	1.0	recombination	phylter_k_020	N115	recombination_suppression
0	1425	0	75	0.05	1.0	recombination	phylter_k_050	N115	recombination_suppression
1358	67	72	3	0.05	1.0	recombination	phylter_k_155	N115	recombination_suppression
1392	33	72	3	0.05	1.0	recombination	phylter_k_155	N115	recombination_suppression
0	1425	0	75	0.05	1.0	recombination	phylter_k_020	N115	recombination_suppression
0	1425	0	75	0.05	1.0	recombination	phylter_k_020	N115	recombination_suppression
1364	61	72	3	0.05	1.0	recombination	phylter_k_155	N115	recombination_suppression
1424	1	75	0	0.05	1.0	recombination	phylter_k_300	N115	recombination_suppression
1424	1	75	0	0.05	1.0	recombination	phylter_k_300	N115	recombination_suppression
1424	1	75	0	0.05	1.0	recombination	phylter_k_300	N115	recombination_suppression
1176	249	63	12	0.05	1.0	recombination	phylter_k_050	N115	recombination_suppression
0	1425	0	75	0.05	1.0	recombination	phylter_k_050	N115	recombination_suppression
1	1424	0	75	0.05	1.0	recombination	phylter_k_020	N428	recombination_suppression
1421	4	75	0	0.05	1.0	recombination	phylter_k_300	N428	recombination_suppression
1421	4	75	0	0.05	1.0	recombination	phylter_k_300	N428	recombination_suppression
1319	106	73	2	0.05	1.0	recombination	phylter_k_020	N428	recombination_suppression
1391	34	74	1	0.05	1.0	recombination	phylter_k_155	N428	recombination_suppression
1383	42	74	1	0.05	1.0	recombination	phylter_k_155	N428	recombination_suppression
1	1424	0	75	0.05	1.0	recombination	phylter_k_020	N428	recombination_suppression
0	1425	0	75	0.05	1.0	recombination	phylter_k_050	N428	recombination_suppression
0	1425	0	75	0.05	1.0	recombination	phylter_k_050	N428	recombination_suppression
1383	42	74	1	0.05	1.0	recombination	phylter_k_155	N428	recombination_suppression
1266	159	64	11	0.05	1.0	recombination	phylter_k_050	N428	recombination_suppression
1424	1	75	0	0.05	1.0	recombination	phylter_k_300	N428	recombination_suppression
0	1470	0	30	0.02	1.0	recombination	phylter_k_020	N295	recombination_suppression
1193	277	25	5	0.02	1.0	recombination	phylter_k_050	N295	recombination_suppression
0	1470	0	30	0.02	1.0	recombination	phylter_k_050	N295	recombination_suppression
0	1470	0	30	0.02	1.0	recombination	phylter_k_050	N295	recombination_suppression
1469	1	30	0	0.02	1.0	recombination	phylter_k_300	N295	recombination_suppression
1368	102	29	1	0.02	1.0	recombination	phylter_k_155	N295	recombination_suppression
0	1470	0	30	0.02	1.0	recombination	phylter_k_020	N295	recombination_suppression
1322	148	26	4	0.02	1.0	recombination	phylter_k_020	N295	recombination_suppression
1465	5	30	0	0.02	1.0	recombination	phylter_k_300	N295	recombination_suppression
1429	41	30	0	0.02	1.0	recombination	phylter_k_155	N295	recombination_suppression
1465	5	30	0	0.02	1.0	recombination	phylter_k_300	N295	recombination_suppression
1368	102	28	2	0.02	1.0	recombination	phylter_k_155	N295	recombination_suppression
1303	47	142	8	0.1	1.0	recombination	phylter_k_155	N252	recombination_suppression
1318	32	145	5	0.1	1.0	recombination	phylter_k_155	N252	recombination_suppression
1192	158	133	17	0.1	1.0	recombination	phylter_k_020	N252	recombination_suppression
0	1350	0	150	0.1	1.0	recombination	phylter_k_020	N252	recombination_suppression
0	1350	0	150	0.1	1.0	recombination	phylter_k_050	N252	recombination_suppression
0	1350	0	150	0.1	1.0	recombination	phylter_k_050	N252	recombination_suppression
1016	334	118	32	0.1	1.0	recombination	phylter_k_050	N252	recombination_suppression
1298	52	141	9	0.1	1.0	recombination	phylter_k_155	N252	recombination_suppression
1347	3	150	0	0.1	1.0	recombination	phylter_k_300	N252	recombination_suppression
1345	5	150	0	0.1	1.0	recombination	phylter_k_300	N252	recombination_suppression
0	1350	0	150	0.1	1.0	recombination	phylter_k_020	N252	recombination_suppression
1345	5	150	0	0.1	1.0	recombination	phylter_k_300	N252	recombination_suppression
1345	5	149	1	0.1	1.0	recombination	phylter_k_300	N686	recombination_suppression
1311	39	148	2	0.1	1.0	recombination	phylter_k_155	N686	recombination_suppression
1205	145	137	13	0.1	1.0	recombination	phylter_k_020	N686	recombination_suppression
8	1342	0	150	0.1	1.0	recombination	phylter_k_020	N686	recombination_suppression
1330	20	150	0	0.1	1.0	recombination	phylter_k_155	N686	recombination_suppression
1345	5	149	1	0.1	1.0	recombination	phylter_k_300	N686	recombination_suppression
11	1339	1	149	0.1	1.0	recombination	phylter_k_050	N686	recombination_suppression
8	1342	0	150	0.1	1.0	recombination	phylter_k_020	N686	recombination_suppression
11	1339	1	149	0.1	1.0	recombination	phylter_k_050	N686	recombination_suppression
1349	1	149	1	0.1	1.0	recombination	phylter_k_300	N686	recombination_suppression
1243	107	140	10	0.1	1.0	recombination	phylter_k_050	N686	recombination_suppression
1311	39	148	2	0.1	1.0	recombination	phylter_k_155	N686	recombination_suppression
1018	107	351	24	0.25	1.0	recombination	phylter_k_020	N533	recombination_suppression
1121	4	374	1	0.25	1.0	recombination	phylter_k_300	N533	recombination_suppression
0	1125	0	375	0.25	1.0	recombination	phylter_k_020	N533	recombination_suppression
1121	4	374	1	0.25	1.0	recombination	phylter_k_300	N533	recombination_suppression
1112	13	370	5	0.25	1.0	recombination	phylter_k_155	N533	recombination_suppression
1094	31	370	5	0.25	1.0	recombination	phylter_k_155	N533	recombination_suppression
0	1125	0	375	0.25	1.0	recombination	phylter_k_050	N533	recombination_suppression
3	1122	0	375	0.25	1.0	recombination	phylter_k_020	N533	recombination_suppression
1124	1	374	1	0.25	1.0	recombination	phylter_k_300	N533	recombination_suppression
0	1125	0	375	0.25	1.0	recombination	phylter_k_050	N533	recombination_suppression
1018	107	341	34	0.25	1.0	recombination	phylter_k_050	N533	recombination_suppression
1098	27	370	5	0.25	1.0	recombination	phylter_k_155	N533	recombination_suppression
1251	24	224	1	0.15	1.0	recombination	phylter_k_155	N717	recombination_suppression
0	1275	0	225	0.15	1.0	recombination	phylter_k_050	N717	recombination_suppression
1171	104	208	17	0.15	1.0	recombination	phylter_k_020	N717	recombination_suppression
0	1275	0	225	0.15	1.0	recombination	phylter_k_020	N717	recombination_suppression
0	1275	0	225	0.15	1.0	recombination	phylter_k_050	N717	recombination_suppression
1247	28	224	1	0.15	1.0	recombination	phylter_k_155	N717	recombination_suppression
1272	3	225	0	0.15	1.0	recombination	phylter_k_300	N717	recombination_suppression
1275	0	225	0	0.15	1.0	recombination	phylter_k_300	N717	recombination_suppression
1151	124	203	22	0.15	1.0	recombination	phylter_k_050	N717	recombination_suppression
1241	34	224	1	0.15	1.0	recombination	phylter_k_155	N717	recombination_suppression
0	1275	0	225	0.15	1.0	recombination	phylter_k_020	N717	recombination_suppression
1271	4	225	0	0.15	1.0	recombination	phylter_k_300	N717	recombination_suppression
0	1425	0	75	0.05	1.0	recombination	phylter_k_050	N296	recombination_suppression
1417	8	75	0	0.05	1.0	recombination	phylter_k_300	N296	recombination_suppression
1309	116	72	3	0.05	1.0	recombination	phylter_k_020	N296	recombination_suppression
1380	45	74	1	0.05	1.0	recombination	phylter_k_155	N296	recombination_suppression
0	1425	0	75	0.05	1.0	recombination	phylter_k_020	N296	recombination_suppression
1318	107	73	2	0.05	1.0	recombination	phylter_k_155	N296	recombination_suppression
1417	8	75	0	0.05	1.0	recombination	phylter_k_300	N296	recombination_suppression
0	1425	0	75	0.05	1.0	recombination	phylter_k_050	N296	recombination_suppression
1423	2	75	0	0.05	1.0	recombination	phylter_k_300	N296	recombination_suppression
1318	107	73	2	0.05	1.0	recombination	phylter_k_155	N296	recombination_suppression
1233	192	65	10	0.05	1.0	recombination	phylter_k_050	N296	recombination_suppression
2	1423	0	75	0.05	1.0	recombination	phylter_k_020	N296	recombination_suppression
1466	4	30	0	0.02	1.0	recombination	phylter_k_300	N499	recombination_suppression
1430	40	26	4	0.02	1.0	recombination	phylter_k_155	N499	recombination_suppression
1466	4	30	0	0.02	1.0	recombination	phylter_k_300	N499	recombination_suppression
1288	182	25	5	0.02	1.0	recombination	phylter_k_020	N499	recombination_suppression
1438	32	28	2	0.02	1.0	recombination	phylter_k_155	N499	recombination_suppression
0	1470	0	30	0.02	1.0	recombination	phylter_k_020	N499	recombination_suppression
0	1470	0	30	0.02	1.0	recombination	phylter_k_050	N499	recombination_suppression
0	1470	0	30	0.02	1.0	recombination	phylter_k_020	N499	recombination_suppression
0	1470	0	30	0.02	1.0	recombination	phylter_k_050	N499	recombination_suppression
1432	38	28	2	0.02	1.0	recombination	phylter_k_155	N499	recombination_suppression
1202	268	24	6	0.02	1.0	recombination	phylter_k_050	N499	recombination_suppression
1469	1	30	0	0.02	1.0	recombination	phylter_k_300	N499	recombination_suppression
0	1470	0	30	0.02	1.0	recombination	phylter_k_050	N477	recombination_suppression
1466	4	30	0	0.02	1.0	recombination	phylter_k_300	N477	recombination_suppression
0	1470	0	30	0.02	1.0	recombination	phylter_k_020	N477	recombination_suppression
2	1468	0	30	0.02	1.0	recombination	phylter_k_020	N477	recombination_suppression
1350	120	30	0	0.02	1.0	recombination	phylter_k_020	N477	recombination_suppression
1424	46	30	0	0.02	1.0	recombination	phylter_k_155	N477	recombination_suppression
1434	36	30	0	0.02	1.0	recombination	phylter_k_155	N477	recombination_suppression
1427	43	30	0	0.02	1.0	recombination	phylter_k_155	N477	recombination_suppression
0	1470	0	30	0.02	1.0	recombination	phylter_k_050	N477	recombination_suppression
1466	4	30	0	0.02	1.0	recombination	phylter_k_300	N477	recombination_suppression
1468	2	30	0	0.02	1.0	recombination	phylter_k_300	N477	recombination_suppression
1300	170	30	0	0.02	1.0	recombination	phylter_k_050	N477	recombination_suppression
1044	156	267	33	0.2	1.0	recombination	phylter_k_020	N296	recombination_suppression
0	1200	0	300	0.2	1.0	recombination	phylter_k_050	N296	recombination_suppression
1135	65	290	10	0.2	1.0	recombination	phylter_k_155	N296	recombination_suppression
1182	18	297	3	0.2	1.0	recombination	phylter_k_155	N296	recombination_suppression
0	1200	0	300	0.2	1.0	recombination	phylter_k_050	N296	recombination_suppression
1	1199	0	300	0.2	1.0	recombination	phylter_k_020	N296	recombination_suppression
1197	3	300	0	0.2	1.0	recombination	phylter_k_300	N296	recombination_suppression
941	259	238	62	0.2	1.0	recombination	phylter_k_050	N296	recombination_suppression
0	1200	0	300	0.2	1.0	recombination	phylter_k_020	N296	recombination_suppression
1199	1	300	0	0.2	1.0	recombination	phylter_k_300	N296	recombination_suppression
1197	3	300	0	0.2	1.0	recombination	phylter_k_300	N296	recombination_suppression
1133	67	290	10	0.2	1.0	recombination	phylter_k_155	N296	recombination_suppression
5	1270	0	225	0.15	1.0	recombination	phylter_k_020	N564	recombination_suppression
1258	17	224	1	0.15	1.0	recombination	phylter_k_155	N564	recombination_suppression
0	1275	0	225	0.15	1.0	recombination	phylter_k_050	N564	recombination_suppression
1199	76	211	14	0.15	1.0	recombination	phylter_k_020	N564	recombination_suppression
1244	31	224	1	0.15	1.0	recombination	phylter_k_155	N564	recombination_suppression
0	1275	0	225	0.15	1.0	recombination	phylter_k_050	N564	recombination_suppression
1156	119	208	17	0.15	1.0	recombination	phylter_k_050	N564	recombination_suppression
1275	0	225	0	0.15	1.0	recombination	phylter_k_300	N564	recombination_suppression
1244	31	224	1	0.15	1.0	recombination	phylter_k_155	N564	recombination_suppression
1272	3	225	0	0.15	1.0	recombination	phylter_k_300	N564	recombination_suppression
5	1270	0	225	0.15	1.0	recombination	phylter_k_020	N564	recombination_suppression
1272	3	225	0	0.15	1.0	recombination	phylter_k_300	N564	recombination_suppression
1123	2	375	0	0.25	1.0	recombination	phylter_k_300	N576	recombination_suppression
0	1125	0	375	0.25	1.0	recombination	phylter_k_050	N576	recombination_suppression
1123	2	375	0	0.25	1.0	recombination	phylter_k_300	N576	recombination_suppression
597	528	214	161	0.25	1.0	recombination	phylter_k_050	N576	recombination_suppression
0	1125	0	375	0.25	1.0	recombination	phylter_k_050	N576	recombination_suppression
1106	19	371	4	0.25	1.0	recombination	phylter_k_155	N576	recombination_suppression
0	1125	0	375	0.25	1.0	recombination	phylter_k_020	N576	recombination_suppression
1123	2	375	0	0.25	1.0	recombination	phylter_k_300	N576	recombination_suppression
937	188	279	96	0.25	1.0	recombination	phylter_k_020	N576	recombination_suppression
1110	15	372	3	0.25	1.0	recombination	phylter_k_155	N576	recombination_suppression
1109	16	372	3	0.25	1.0	recombination	phylter_k_155	N576	recombination_suppression
0	1125	0	375	0.25	1.0	recombination	phylter_k_020	N576	recombination_suppression
1172	28	296	4	0.2	1.0	recombination	phylter_k_155	N678	recombination_suppression
1106	94	281	19	0.2	1.0	recombination	phylter_k_020	N678	recombination_suppression
34	1166	8	292	0.2	1.0	recombination	phylter_k_050	N678	recombination_suppression
4	1196	0	300	0.2	1.0	recombination	phylter_k_050	N678	recombination_suppression
1188	12	297	3	0.2	1.0	recombination	phylter_k_155	N678	recombination_suppression
74	1126	20	280	0.2	1.0	recombination	phylter_k_020	N678	recombination_suppression
1169	31	296	4	0.2	1.0	recombination	phylter_k_155	N678	recombination_suppression
1194	6	300	0	0.2	1.0	recombination	phylter_k_300	N678	recombination_suppression
1194	6	300	0	0.2	1.0	recombination	phylter_k_300	N678	recombination_suppression
1199	1	300	0	0.2	1.0	recombination	phylter_k_300	N678	recombination_suppression
20	1180	5	295	0.2	1.0	recombination	phylter_k_020	N678	recombination_suppression
1070	130	284	16	0.2	1.0	recombination	phylter_k_050	N678	recombination_suppression
1	1124	0	375	0.25	1.0	recombination	phylter_k_020	N202	recombination_suppression
1064	61	352	23	0.25	1.0	recombination	phylter_k_155	N202	recombination_suppression
0	1125	0	375	0.25	1.0	recombination	phylter_k_050	N202	recombination_suppression
0	1125	0	375	0.25	1.0	recombination	phylter_k_020	N202	recombination_suppression
1029	96	349	26	0.25	1.0	recombination	phylter_k_020	N202	recombination_suppression
1081	44	358	17	0.25	1.0	recombination	phylter_k_155	N202	recombination_suppression
1122	3	373	2	0.25	1.0	recombination	phylter_k_300	N202	recombination_suppression
1112	13	368	7	0.25	1.0	recombination	phylter_k_155	N202	recombination_suppression
1122	3	374	1	0.25	1.0	recombination	phylter_k_300	N202	recombination_suppression
859	266	272	103	0.25	1.0	recombination	phylter_k_050	N202	recombination_suppression
1124	1	375	0	0.25	1.0	recombination	phylter_k_300	N202	recombination_suppression
0	1125	0	375	0.25	1.0	recombination	phylter_k_050	N202	recombination_suppression
0	1125	0	375	0.25	1.0	recombination	phylter_k_020	N396	recombination_suppression
1096	29	366	9	0.25	1.0	recombination	phylter_k_155	N396	recombination_suppression
867	258	297	78	0.25	1.0	recombination	phylter_k_020	N396	recombination_suppression
1122	3	373	2	0.25	1.0	recombination	phylter_k_300	N396	recombination_suppression
1120	5	373	2	0.25	1.0	recombination	phylter_k_300	N396	recombination_suppression
1080	45	364	11	0.25	1.0	recombination	phylter_k_155	N396	recombination_suppression
1	1124	0	375	0.25	1.0	recombination	phylter_k_020	N396	recombination_suppression
1124	1	373	2	0.25	1.0	recombination	phylter_k_300	N396	recombination_suppression
777	348	246	129	0.25	1.0	recombination	phylter_k_050	N396	recombination_suppression
0	1125	0	375	0.25	1.0	recombination	phylter_k_050	N396	recombination_suppression
0	1125	0	375	0.25	1.0	recombination	phylter_k_050	N396	recombination_suppression
1083	42	365	10	0.25	1.0	recombination	phylter_k_155	N396	recombination_suppression
1420	5	75	0	0.05	1.0	recombination	phylter_k_300	N678	recombination_suppression
1425	0	75	0	0.05	1.0	recombination	phylter_k_300	N678	recombination_suppression
24	1401	0	75	0.05	1.0	recombination	phylter_k_050	N678	recombination_suppression
1241	184	67	8	0.05	1.0	recombination	phylter_k_050	N678	recombination_suppression
443	982	21	54	0.05	1.0	recombination	phylter_k_020	N678	recombination_suppression
154	1271	11	64	0.05	1.0	recombination	phylter_k_050	N678	recombination_suppression
1377	48	74	1	0.05	1.0	recombination	phylter_k_155	N678	recombination_suppression
1321	104	74	1	0.05	1.0	recombination	phylter_k_020	N678	recombination_suppression
1379	46	74	1	0.05	1.0	recombination	phylter_k_155	N678	recombination_suppression
180	1245	8	67	0.05	1.0	recombination	phylter_k_020	N678	recombination_suppression
1420	5	75	0	0.05	1.0	recombination	phylter_k_300	N678	recombination_suppression
1395	30	74	1	0.05	1.0	recombination	phylter_k_155	N678	recombination_suppression
1256	19	219	6	0.15	1.0	recombination	phylter_k_155	N71	recombination_suppression
1273	2	223	2	0.15	1.0	recombination	phylter_k_300	N71	recombination_suppression
1244	31	214	11	0.15	1.0	recombination	phylter_k_050	N71	recombination_suppression
0	1275	0	225	0.15	1.0	recombination	phylter_k_050	N71	recombination_suppression
0	1275	0	225	0.15	1.0	recombination	phylter_k_020	N71	recombination_suppression
0	1275	0	225	0.15	1.0	recombination	phylter_k_050	N71	recombination_suppression
1153	122	215	10	0.15	1.0	recombination	phylter_k_020	N71	recombination_suppression
1253	22	217	8	0.15	1.0	recombination	phylter_k_155	N71	recombination_suppression
1261	14	224	1	0.15	1.0	recombination	phylter_k_155	N71	recombination_suppression
1273	2	223	2	0.15	1.0	recombination	phylter_k_300	N71	recombination_suppression
1273	2	223	2	0.15	1.0	recombination	phylter_k_300	N71	recombination_suppression
0	1275	0	225	0.15	1.0	recombination	phylter_k_020	N71	recombination_suppression
1198	77	218	7	0.15	1.0	recombination	phylter_k_050	N416	recombination_suppression
1274	1	225	0	0.15	1.0	recombination	phylter_k_300	N416	recombination_suppression
1274	1	225	0	0.15	1.0	recombination	phylter_k_300	N416	recombination_suppression
0	1275	0	225	0.15	1.0	recombination	phylter_k_050	N416	recombination_suppression
1	1274	0	225	0.15	1.0	recombination	phylter_k_020	N416	recombination_suppression
1264	11	224	1	0.15	1.0	recombination	phylter_k_155	N416	recombination_suppression
1245	30	221	4	0.15	1.0	recombination	phylter_k_155	N416	recombination_suppression
0	1275	0	225	0.15	1.0	recombination	phylter_k_050	N416	recombination_suppression
1132	143	201	24	0.15	1.0	recombination	phylter_k_020	N416	recombination_suppression
0	1275	0	225	0.15	1.0	recombination	phylter_k_020	N416	recombination_suppression
1248	27	221	4	0.15	1.0	recombination	phylter_k_155	N416	recombination_suppression
1273	2	225	0	0.15	1.0	recombination	phylter_k_300	N416	recombination_suppression
0	1425	0	75	0.05	1.0	recombination	phylter_k_020	N543	recombination_suppression
1420	5	75	0	0.05	1.0	recombination	phylter_k_300	N543	recombination_suppression
1364	61	72	3	0.05	1.0	recombination	phylter_k_155	N543	recombination_suppression
1381	44	73	2	0.05	1.0	recombination	phylter_k_155	N543	recombination_suppression
1	1424	0	75	0.05	1.0	recombination	phylter_k_050	N543	recombination_suppression
1312	113	70	5	0.05	1.0	recombination	phylter_k_020	N543	recombination_suppression
0	1425	0	75	0.05	1.0	recombination	phylter_k_020	N543	recombination_suppression
1364	61	72	3	0.05	1.0	recombination	phylter_k_155	N543	recombination_suppression
1	1424	0	75	0.05	1.0	recombination	phylter_k_050	N543	recombination_suppression
1424	1	75	0	0.05	1.0	recombination	phylter_k_300	N543	recombination_suppression
1420	5	75	0	0.05	1.0	recombination	phylter_k_300	N543	recombination_suppression
1312	113	73	2	0.05	1.0	recombination	phylter_k_050	N543	recombination_suppression
0	1350	0	150	0.1	1.0	recombination	phylter_k_050	N722	recombination_suppression
0	1350	0	150	0.1	1.0	recombination	phylter_k_020	N722	recombination_suppression
1307	43	144	6	0.1	1.0	recombination	phylter_k_155	N722	recombination_suppression
1349	1	150	0	0.1	1.0	recombination	phylter_k_300	N722	recombination_suppression
1281	69	141	9	0.1	1.0	recombination	phylter_k_050	N722	recombination_suppression
0	1350	0	150	0.1	1.0	recombination	phylter_k_050	N722	recombination_suppression
1349	1	150	0	0.1	1.0	recombination	phylter_k_300	N722	recombination_suppression
1304	46	144	6	0.1	1.0	recombination	phylter_k_155	N722	recombination_suppression
1252	98	141	9	0.1	1.0	recombination	phylter_k_020	N722	recombination_suppression
0	1350	0	150	0.1	1.0	recombination	phylter_k_020	N722	recombination_suppression
1308	42	144	6	0.1	1.0	recombination	phylter_k_155	N722	recombination_suppression
1347	3	150	0	0.1	1.0	recombination	phylter_k_300	N722	recombination_suppression
4	1121	4	371	0.25	1.0	recombination	phylter_k_020	N677	recombination_suppression
23	1102	10	365	0.25	1.0	recombination	phylter_k_050	N677	recombination_suppression
1124	1	375	0	0.25	1.0	recombination	phylter_k_300	N677	recombination_suppression
1094	31	372	3	0.25	1.0	recombination	phylter_k_155	N677	recombination_suppression
977	148	310	65	0.25	1.0	recombination	phylter_k_050	N677	recombination_suppression
23	1102	10	365	0.25	1.0	recombination	phylter_k_050	N677	recombination_suppression
1094	31	372	3	0.25	1.0	recombination	phylter_k_155	N677	recombination_suppression
1119	6	375	0	0.25	1.0	recombination	phylter_k_300	N677	recombination_suppression
4	1121	4	371	0.25	1.0	recombination	phylter_k_020	N677	recombination_suppression
1112	13	372	3	0.25	1.0	recombination	phylter_k_155	N677	recombination_suppression
1031	94	354	21	0.25	1.0	recombination	phylter_k_020	N677	recombination_suppression
1119	6	375	0	0.25	1.0	recombination	phylter_k_300	N677	recombination_suppression
1155	45	294	6	0.2	1.0	recombination	phylter_k_155	N543	recombination_suppression
1198	2	300	0	0.2	1.0	recombination	phylter_k_300	N543	recombination_suppression
1098	102	283	17	0.2	1.0	recombination	phylter_k_050	N543	recombination_suppression
1193	7	300	0	0.2	1.0	recombination	phylter_k_300	N543	recombination_suppression
1193	7	300	0	0.2	1.0	recombination	phylter_k_300	N543	recombination_suppression
3	1197	0	300	0.2	1.0	recombination	phylter_k_020	N543	recombination_suppression
996	204	251	49	0.2	1.0	recombination	phylter_k_020	N543	recombination_suppression
1168	32	295	5	0.2	1.0	recombination	phylter_k_155	N543	recombination_suppression
1155	45	294	6	0.2	1.0	recombination	phylter_k_155	N543	recombination_suppression
1	1199	1	299	0.2	1.0	recombination	phylter_k_050	N543	recombination_suppression
1	1199	1	299	0.2	1.0	recombination	phylter_k_050	N543	recombination_suppression
3	1197	0	300	0.2	1.0	recombination	phylter_k_020	N543	recombination_suppression
1274	1	225	0	0.15	1.0	recombination	phylter_k_300	N228	recombination_suppression
1274	1	225	0	0.15	1.0	recombination	phylter_k_300	N228	recombination_suppression
898	377	163	62	0.15	1.0	recombination	phylter_k_050	N228	recombination_suppression
1	1274	0	225	0.15	1.0	recombination	phylter_k_020	N228	recombination_suppression
1274	1	225	0	0.15	1.0	recombination	phylter_k_300	N228	recombination_suppression
1217	58	219	6	0.15	1.0	recombination	phylter_k_155	N228	recombination_suppression
0	1275	0	225	0.15	1.0	recombination	phylter_k_050	N228	recombination_suppression
1244	31	223	2	0.15	1.0	recombination	phylter_k_155	N228	recombination_suppression
1137	138	212	13	0.15	1.0	recombination	phylter_k_020	N228	recombination_suppression
1217	58	219	6	0.15	1.0	recombination	phylter_k_155	N228	recombination_suppression
0	1275	0	225	0.15	1.0	recombination	phylter_k_050	N228	recombination_suppression
1	1274	0	225	0.15	1.0	recombination	phylter_k_020	N228	recombination_suppression
1125	0	375	0	0.25	1.0	recombination	phylter_k_300	N555	recombination_suppression
1098	27	374	1	0.25	1.0	recombination	phylter_k_155	N555	recombination_suppression
1051	74	351	24	0.25	1.0	recombination	phylter_k_050	N555	recombination_suppression
1104	21	374	1	0.25	1.0	recombination	phylter_k_155	N555	recombination_suppression
5	1120	6	369	0.25	1.0	recombination	phylter_k_050	N555	recombination_suppression
1121	4	375	0	0.25	1.0	recombination	phylter_k_300	N555	recombination_suppression
2	1123	1	374	0.25	1.0	recombination	phylter_k_020	N555	recombination_suppression
8	1117	3	372	0.25	1.0	recombination	phylter_k_020	N555	recombination_suppression
1115	10	374	1	0.25	1.0	recombination	phylter_k_155	N555	recombination_suppression
1065	60	360	15	0.25	1.0	recombination	phylter_k_020	N555	recombination_suppression
1121	4	375	0	0.25	1.0	recombination	phylter_k_300	N555	recombination_suppression
0	1125	0	375	0.25	1.0	recombination	phylter_k_050	N555	recombination_suppression
1	1424	0	75	0.05	1.0	recombination	phylter_k_020	N125	recombination_suppression
1318	107	71	4	0.05	1.0	recombination	phylter_k_155	N125	recombination_suppression
0	1425	0	75	0.05	1.0	recombination	phylter_k_050	N125	recombination_suppression
1280	145	66	9	0.05	1.0	recombination	phylter_k_020	N125	recombination_suppression
1413	12	75	0	0.05	1.0	recombination	phylter_k_300	N125	recombination_suppression
1334	91	72	3	0.05	1.0	recombination	phylter_k_155	N125	recombination_suppression
1390	35	75	0	0.05	1.0	recombination	phylter_k_155	N125	recombination_suppression
0	1425	0	75	0.05	1.0	recombination	phylter_k_020	N125	recombination_suppression
1414	11	75	0	0.05	1.0	recombination	phylter_k_300	N125	recombination_suppression
0	1425	0	75	0.05	1.0	recombination	phylter_k_050	N125	recombination_suppression
1424	1	75	0	0.05	1.0	recombination	phylter_k_300	N125	recombination_suppression
1248	177	72	3	0.05	1.0	recombination	phylter_k_050	N125	recombination_suppression
1101	99	273	27	0.2	1.0	recombination	phylter_k_020	N125	recombination_suppression
1190	10	297	3	0.2	1.0	recombination	phylter_k_300	N125	recombination_suppression
0	1200	0	300	0.2	1.0	recombination	phylter_k_050	N125	recombination_suppression
1185	15	296	4	0.2	1.0	recombination	phylter_k_155	N125	recombination_suppression
1	1199	0	300	0.2	1.0	recombination	phylter_k_020	N125	recombination_suppression
0	1200	0	300	0.2	1.0	recombination	phylter_k_020	N125	recombination_suppression
1132	68	282	18	0.2	1.0	recombination	phylter_k_155	N125	recombination_suppression
1137	63	284	16	0.2	1.0	recombination	phylter_k_155	N125	recombination_suppression
0	1200	0	300	0.2	1.0	recombination	phylter_k_050	N125	recombination_suppression
1190	10	297	3	0.2	1.0	recombination	phylter_k_300	N125	recombination_suppression
1198	2	299	1	0.2	1.0	recombination	phylter_k_300	N125	recombination_suppression
1054	146	266	34	0.2	1.0	recombination	phylter_k_050	N125	recombination_suppression
1	1124	0	375	0.25	1.0	recombination	phylter_k_020	N211	recombination_suppression
1072	53	353	22	0.25	1.0	recombination	phylter_k_155	N211	recombination_suppression
1109	16	374	1	0.25	1.0	recombination	phylter_k_155	N211	recombination_suppression
988	137	333	42	0.25	1.0	recombination	phylter_k_020	N211	recombination_suppression
0	1125	0	375	0.25	1.0	recombination	phylter_k_050	N211	recombination_suppression
1119	6	372	3	0.25	1.0	recombination	phylter_k_300	N211	recombination_suppression
1078	47	354	21	0.25	1.0	recombination	phylter_k_155	N211	recombination_suppression
0	1125	0	375	0.25	1.0	recombination	phylter_k_020	N211	recombination_suppression
1075	50	369	6	0.25	1.0	recombination	phylter_k_050	N211	recombination_suppression
1123	2	375	0	0.25	1.0	recombination	phylter_k_300	N211	recombination_suppression
1119	6	372	3	0.25	1.0	recombination	phylter_k_300	N211	recombination_suppression
0	1125	0	375	0.25	1.0	recombination	phylter_k_050	N211	recombination_suppression
1346	4	150	0	0.1	1.0	recombination	phylter_k_300	N499	recombination_suppression
1242	108	134	16	0.1	1.0	recombination	phylter_k_020	N499	recombination_suppression
1321	29	146	4	0.1	1.0	recombination	phylter_k_155	N499	recombination_suppression
0	1350	0	150	0.1	1.0	recombination	phylter_k_050	N499	recombination_suppression
1310	40	144	6	0.1	1.0	recombination	phylter_k_155	N499	recombination_suppression
1314	36	146	4	0.1	1.0	recombination	phylter_k_155	N499	recombination_suppression
0	1350	0	150	0.1	1.0	recombination	phylter_k_020	N499	recombination_suppression
0	1350	0	150	0.1	1.0	recombination	phylter_k_050	N499	recombination_suppression
1	1349	0	150	0.1	1.0	recombination	phylter_k_020	N499	recombination_suppression
1346	4	150	0	0.1	1.0	recombination	phylter_k_300	N499	recombination_suppression
718	632	85	65	0.1	1.0	recombination	phylter_k_050	N499	recombination_suppression
1349	1	150	0	0.1	1.0	recombination	phylter_k_300	N499	recombination_suppression
1190	160	135	15	0.1	1.0	recombination	phylter_k_050	N477	recombination_suppression
1349	1	149	1	0.1	1.0	recombination	phylter_k_300	N477	recombination_suppression
0	1350	0	150	0.1	1.0	recombination	phylter_k_050	N477	recombination_suppression
1346	4	149	1	0.1	1.0	recombination	phylter_k_300	N477	recombination_suppression
1303	47	145	5	0.1	1.0	recombination	phylter_k_155	N477	recombination_suppression
0	1350	0	150	0.1	1.0	recombination	phylter_k_020	N477	recombination_suppression
1312	38	147	3	0.1	1.0	recombination	phylter_k_155	N477	recombination_suppression
1345	5	149	1	0.1	1.0	recombination	phylter_k_300	N477	recombination_suppression
1256	94	143	7	0.1	1.0	recombination	phylter_k_020	N477	recombination_suppression
6	1344	0	150	0.1	1.0	recombination	phylter_k_020	N477	recombination_suppression
0	1350	0	150	0.1	1.0	recombination	phylter_k_050	N477	recombination_suppression
1299	51	145	5	0.1	1.0	recombination	phylter_k_155	N477	recombination_suppression
0	1350	0	150	0.1	1.0	recombination	phylter_k_050	N295	recombination_suppression
1289	61	144	6	0.1	1.0	recombination	phylter_k_155	N295	recombination_suppression
0	1350	0	150	0.1	1.0	recombination	phylter_k_050	N295	recombination_suppression
1267	83	143	7	0.1	1.0	recombination	phylter_k_050	N295	recombination_suppression
1347	3	150	0	0.1	1.0	recombination	phylter_k_300	N295	recombination_suppression
1	1349	0	150	0.1	1.0	recombination	phylter_k_020	N295	recombination_suppression
1341	9	150	0	0.1	1.0	recombination	phylter_k_300	N295	recombination_suppression
0	1350	0	150	0.1	1.0	recombination	phylter_k_020	N295	recombination_suppression
1341	9	150	0	0.1	1.0	recombination	phylter_k_300	N295	recombination_suppression
1288	62	144	6	0.1	1.0	recombination	phylter_k_155	N295	recombination_suppression
1336	14	148	2	0.1	1.0	recombination	phylter_k_155	N295	recombination_suppression
1245	105	142	8	0.1	1.0	recombination	phylter_k_020	N295	recombination_suppression
1	1424	0	75	0.05	1.0	recombination	phylter_k_020	N550	recombination_suppression
1	1424	0	75	0.05	1.0	recombination	phylter_k_020	N550	recombination_suppression
1420	5	75	0	0.05	1.0	recombination	phylter_k_300	N550	recombination_suppression
1424	1	75	0	0.05	1.0	recombination	phylter_k_300	N550	recombination_suppression
0	1425	0	75	0.05	1.0	recombination	phylter_k_050	N550	recombination_suppression
1214	211	69	6	0.05	1.0	recombination	phylter_k_050	N550	recombination_suppression
1384	41	74	1	0.05	1.0	recombination	phylter_k_155	N550	recombination_suppression
1384	41	74	1	0.05	1.0	recombination	phylter_k_155	N550	recombination_suppression
1278	147	70	5	0.05	1.0	recombination	phylter_k_020	N550	recombination_suppression
1400	25	74	1	0.05	1.0	recombination	phylter_k_155	N550	recombination_suppression
0	1425	0	75	0.05	1.0	recombination	phylter_k_050	N550	recombination_suppression
1420	5	75	0	0.05	1.0	recombination	phylter_k_300	N550	recombination_suppression
1468	2	30	0	0.02	1.0	recombination	phylter_k_300	N252	recombination_suppression
1430	40	28	2	0.02	1.0	recombination	phylter_k_155	N252	recombination_suppression
1469	1	30	0	0.02	1.0	recombination	phylter_k_300	N252	recombination_suppression
1326	144	24	6	0.02	1.0	recombination	phylter_k_020	N252	recombination_suppression
0	1470	0	30	0.02	1.0	recombination	phylter_k_020	N252	recombination_suppression
1404	66	27	3	0.02	1.0	recombination	phylter_k_155	N252	recombination_suppression
1469	1	30	0	0.02	1.0	recombination	phylter_k_300	N252	recombination_suppression
0	1470	0	30	0.02	1.0	recombination	phylter_k_050	N252	recombination_suppression
1012	458	18	12	0.02	1.0	recombination	phylter_k_050	N252	recombination_suppression
0	1470	0	30	0.02	1.0	recombination	phylter_k_020	N252	recombination_suppression
0	1470	0	30	0.02	1.0	recombination	phylter_k_050	N252	recombination_suppression
1409	61	27	3	0.02	1.0	recombination	phylter_k_155	N252	recombination_suppression
0	1200	0	300	0.2	1.0	recombination	phylter_k_020	N550	recombination_suppression
797	403	207	93	0.2	1.0	recombination	phylter_k_050	N550	recombination_suppression
1195	5	299	1	0.2	1.0	recombination	phylter_k_300	N550	recombination_suppression
1199	1	299	1	0.2	1.0	recombination	phylter_k_300	N550	recombination_suppression
1195	5	299	1	0.2	1.0	recombination	phylter_k_300	N550	recombination_suppression
1164	36	292	8	0.2	1.0	recombination	phylter_k_155	N550	recombination_suppression
1107	93	278	22	0.2	1.0	recombination	phylter_k_020	N550	recombination_suppression
1164	36	292	8	0.2	1.0	recombination	phylter_k_155	N550	recombination_suppression
0	1200	0	300	0.2	1.0	recombination	phylter_k_050	N550	recombination_suppression
1180	20	293	7	0.2	1.0	recombination	phylter_k_155	N550	recombination_suppression
0	1200	0	300	0.2	1.0	recombination	phylter_k_050	N550	recombination_suppression
0	1200	0	300	0.2	1.0	recombination	phylter_k_020	N550	recombination_suppression
94	1376	3	27	0.02	1.0	recombination	phylter_k_050	N686	recombination_suppression
1465	5	29	1	0.02	1.0	recombination	phylter_k_300	N686	recombination_suppression
1339	131	25	5	0.02	1.0	recombination	phylter_k_020	N686	recombination_suppression
1442	28	30	0	0.02	1.0	recombination	phylter_k_155	N686	recombination_suppression
1465	5	29	1	0.02	1.0	recombination	phylter_k_300	N686	recombination_suppression
1421	49	29	1	0.02	1.0	recombination	phylter_k_155	N686	recombination_suppression
9	1461	0	30	0.02	1.0	recombination	phylter_k_020	N686	recombination_suppression
94	1376	3	27	0.02	1.0	recombination	phylter_k_050	N686	recombination_suppression
1421	49	29	1	0.02	1.0	recombination	phylter_k_155	N686	recombination_suppression
1469	1	29	1	0.02	1.0	recombination	phylter_k_300	N686	recombination_suppression
9	1461	0	30	0.02	1.0	recombination	phylter_k_020	N686	recombination_suppression
1318	152	25	5	0.02	1.0	recombination	phylter_k_050	N686	recombination_suppression
2	1468	0	30	0.02	1.0	recombination	phylter_k_020	N228	recombination_suppression
1403	67	30	0	0.02	1.0	recombination	phylter_k_155	N228	recombination_suppression
1468	2	30	0	0.02	1.0	recombination	phylter_k_300	N228	recombination_suppression
0	1470	0	30	0.02	1.0	recombination	phylter_k_050	N228	recombination_suppression
1437	33	30	0	0.02	1.0	recombination	phylter_k_155	N228	recombination_suppression
1333	137	28	2	0.02	1.0	recombination	phylter_k_020	N228	recombination_suppression
1403	67	30	0	0.02	1.0	recombination	phylter_k_155	N228	recombination_suppression
2	1468	0	30	0.02	1.0	recombination	phylter_k_020	N228	recombination_suppression
0	1470	0	30	0.02	1.0	recombination	phylter_k_050	N228	recombination_suppression
1469	1	30	0	0.02	1.0	recombination	phylter_k_300	N228	recombination_suppression
1468	2	30	0	0.02	1.0	recombination	phylter_k_300	N228	recombination_suppression
1291	179	27	3	0.02	1.0	recombination	phylter_k_050	N228	recombination_suppression
1415	55	29	1	0.02	1.0	recombination	phylter_k_155	N416	recombination_suppression
1469	1	30	0	0.02	1.0	recombination	phylter_k_300	N416	recombination_suppression
1469	1	30	0	0.02	1.0	recombination	phylter_k_300	N416	recombination_suppression
0	1470	0	30	0.02	1.0	recombination	phylter_k_020	N416	recombination_suppression
1234	236	28	2	0.02	1.0	recombination	phylter_k_050	N416	recombination_suppression
1468	2	30	0	0.02	1.0	recombination	phylter_k_300	N416	recombination_suppression
1420	50	29	1	0.02	1.0	recombination	phylter_k_155	N416	recombination_suppression
0	1470	0	30	0.02	1.0	recombination	phylter_k_050	N416	recombination_suppression
1438	32	29	1	0.02	1.0	recombination	phylter_k_155	N416	recombination_suppression
1351	119	26	4	0.02	1.0	recombination	phylter_k_020	N416	recombination_suppression
0	1470	0	30	0.02	1.0	recombination	phylter_k_050	N416	recombination_suppression
0	1470	0	30	0.02	1.0	recombination	phylter_k_020	N416	recombination_suppression
1413	12	75	0	0.05	1.0	recombination	phylter_k_155	N682	recombination_suppression
7	1418	0	75	0.05	1.0	recombination	phylter_k_020	N682	recombination_suppression
1251	174	66	9	0.05	1.0	recombination	phylter_k_020	N682	recombination_suppression
1420	5	75	0	0.05	1.0	recombination	phylter_k_300	N682	recombination_suppression
1394	31	75	0	0.05	1.0	recombination	phylter_k_155	N682	recombination_suppression
1420	5	75	0	0.05	1.0	recombination	phylter_k_300	N682	recombination_suppression
1424	1	75	0	0.05	1.0	recombination	phylter_k_300	N682	recombination_suppression
1394	31	75	0	0.05	1.0	recombination	phylter_k_155	N682	recombination_suppression
1179	246	64	11	0.05	1.0	recombination	phylter_k_050	N682	recombination_suppression
3	1422	0	75	0.05	1.0	recombination	phylter_k_050	N682	recombination_suppression
7	1418	0	75	0.05	1.0	recombination	phylter_k_020	N682	recombination_suppression
3	1422	0	75	0.05	1.0	recombination	phylter_k_050	N682	recombination_suppression
1064	61	368	7	0.25	1.0	recombination	phylter_k_155	N115	recombination_suppression
1061	64	360	15	0.25	1.0	recombination	phylter_k_050	N115	recombination_suppression
0	1125	0	375	0.25	1.0	recombination	phylter_k_050	N115	recombination_suppression
1124	1	375	0	0.25	1.0	recombination	phylter_k_300	N115	recombination_suppression
1	1124	0	375	0.25	1.0	recombination	phylter_k_020	N115	recombination_suppression
0	1125	0	375	0.25	1.0	recombination	phylter_k_050	N115	recombination_suppression
1123	2	375	0	0.25	1.0	recombination	phylter_k_300	N115	recombination_suppression
1084	41	369	6	0.25	1.0	recombination	phylter_k_155	N115	recombination_suppression
1013	112	346	29	0.25	1.0	recombination	phylter_k_020	N115	recombination_suppression
0	1125	0	375	0.25	1.0	recombination	phylter_k_020	N115	recombination_suppression
1058	67	368	7	0.25	1.0	recombination	phylter_k_155	N115	recombination_suppression
1124	1	375	0	0.25	1.0	recombination	phylter_k_300	N115	recombination_suppression
0	1125	1	374	0.25	1.0	recombination	phylter_k_050	N428	recombination_suppression
1093	32	367	8	0.25	1.0	recombination	phylter_k_155	N428	recombination_suppression
0	1125	1	374	0.25	1.0	recombination	phylter_k_050	N428	recombination_suppression
708	417	233	142	0.25	1.0	recombination	phylter_k_050	N428	recombination_suppression
2	1123	1	374	0.25	1.0	recombination	phylter_k_020	N428	recombination_suppression
1123	2	375	0	0.25	1.0	recombination	phylter_k_300	N428	recombination_suppression
2	1123	1	374	0.25	1.0	recombination	phylter_k_020	N428	recombination_suppression
1122	3	375	0	0.25	1.0	recombination	phylter_k_300	N428	recombination_suppression
982	143	341	34	0.25	1.0	recombination	phylter_k_020	N428	recombination_suppression
1122	3	375	0	0.25	1.0	recombination	phylter_k_300	N428	recombination_suppression
1093	32	367	8	0.25	1.0	recombination	phylter_k_155	N428	recombination_suppression
1097	28	368	7	0.25	1.0	recombination	phylter_k_155	N428	recombination_suppression
1	1199	0	300	0.2	1.0	recombination	phylter_k_050	N682	recombination_suppression
1195	5	300	0	0.2	1.0	recombination	phylter_k_300	N682	recombination_suppression
3	1197	0	300	0.2	1.0	recombination	phylter_k_020	N682	recombination_suppression
3	1197	0	300	0.2	1.0	recombination	phylter_k_020	N682	recombination_suppression
1166	34	300	0	0.2	1.0	recombination	phylter_k_155	N682	recombination_suppression
1048	152	263	37	0.2	1.0	recombination	phylter_k_050	N682	recombination_suppression
1166	34	300	0	0.2	1.0	recombination	phylter_k_155	N682	recombination_suppression
1199	1	300	0	0.2	1.0	recombination	phylter_k_300	N682	recombination_suppression
1	1199	0	300	0.2	1.0	recombination	phylter_k_050	N682	recombination_suppression
1195	5	300	0	0.2	1.0	recombination	phylter_k_300	N682	recombination_suppression
1046	154	260	40	0.2	1.0	recombination	phylter_k_020	N682	recombination_suppression
1189	11	300	0	0.2	1.0	recombination	phylter_k_155	N682	recombination_suppression
1349	1	150	0	0.1	1.0	recombination	phylter_k_300	N349	recombination_suppression
1297	53	143	7	0.1	1.0	recombination	phylter_k_050	N349	recombination_suppression
1313	37	145	5	0.1	1.0	recombination	phylter_k_155	N349	recombination_suppression
0	1350	0	150	0.1	1.0	recombination	phylter_k_050	N349	recombination_suppression
0	1350	0	150	0.1	1.0	recombination	phylter_k_050	N349	recombination_suppression
0	1350	0	150	0.1	1.0	recombination	phylter_k_020	N349	recombination_suppression
1320	30	145	5	0.1	1.0	recombination	phylter_k_155	N349	recombination_suppression
1299	51	145	5	0.1	1.0	recombination	phylter_k_155	N349	recombination_suppression
1223	127	135	15	0.1	1.0	recombination	phylter_k_020	N349	recombination_suppression
1347	3	150	0	0.1	1.0	recombination	phylter_k_300	N349	recombination_suppression
1349	1	150	0	0.1	1.0	recombination	phylter_k_300	N349	recombination_suppression
0	1350	0	150	0.1	1.0	recombination	phylter_k_020	N349	recombination_suppression
1243	32	219	6	0.15	1.0	recombination	phylter_k_155	N252	recombination_suppression
1274	1	225	0	0.15	1.0	recombination	phylter_k_300	N252	recombination_suppression
1224	51	221	4	0.15	1.0	recombination	phylter_k_050	N252	recombination_suppression
1238	37	215	10	0.15	1.0	recombination	phylter_k_155	N252	recombination_suppression
0	1275	0	225	0.15	1.0	recombination	phylter_k_020	N252	recombination_suppression
0	1275	0	225	0.15	1.0	recombination	phylter_k_020	N252	recombination_suppression
1273	2	224	1	0.15	1.0	recombination	phylter_k_300	N252	recombination_suppression
0	1275	0	225	0.15	1.0	recombination	phylter_k_050	N252	recombination_suppression
1170	105	211	14	0.15	1.0	recombination	phylter_k_020	N252	recombination_suppression
1262	13	222	3	0.15	1.0	recombination	phylter_k_155	N252	recombination_suppression
1273	2	225	0	0.15	1.0	recombination	phylter_k_300	N252	recombination_suppression
0	1275	0	225	0.15	1.0	recombination	phylter_k_050	N252	recombination_suppression
4	1271	0	225	0.15	1.0	recombination	phylter_k_020	N686	recombination_suppression
1270	5	224	1	0.15	1.0	recombination	phylter_k_300	N686	recombination_suppression
1274	1	224	1	0.15	1.0	recombination	phylter_k_300	N686	recombination_suppression
1158	117	215	10	0.15	1.0	recombination	phylter_k_050	N686	recombination_suppression
1270	5	224	1	0.15	1.0	recombination	phylter_k_300	N686	recombination_suppression
1235	40	222	3	0.15	1.0	recombination	phylter_k_155	N686	recombination_suppression
1117	158	198	27	0.15	1.0	recombination	phylter_k_020	N686	recombination_suppression
11	1264	0	225	0.15	1.0	recombination	phylter_k_050	N686	recombination_suppression
1254	21	224	1	0.15	1.0	recombination	phylter_k_155	N686	recombination_suppression
11	1264	0	225	0.15	1.0	recombination	phylter_k_050	N686	recombination_suppression
4	1271	0	225	0.15	1.0	recombination	phylter_k_020	N686	recombination_suppression
1235	40	222	3	0.15	1.0	recombination	phylter_k_155	N686	recombination_suppression
1178	22	296	4	0.2	1.0	recombination	phylter_k_155	N533	recombination_suppression
1	1199	0	300	0.2	1.0	recombination	phylter_k_020	N533	recombination_suppression
1164	36	296	4	0.2	1.0	recombination	phylter_k_155	N533	recombination_suppression
1194	6	299	1	0.2	1.0	recombination	phylter_k_300	N533	recombination_suppression
1064	136	273	27	0.2	1.0	recombination	phylter_k_020	N533	recombination_suppression
1	1199	1	299	0.2	1.0	recombination	phylter_k_050	N533	recombination_suppression
1161	39	296	4	0.2	1.0	recombination	phylter_k_155	N533	recombination_suppression
143	1057	35	265	0.2	1.0	recombination	phylter_k_020	N533	recombination_suppression
1198	2	299	1	0.2	1.0	recombination	phylter_k_300	N533	recombination_suppression
1085	115	268	32	0.2	1.0	recombination	phylter_k_050	N533	recombination_suppression
0	1200	0	300	0.2	1.0	recombination	phylter_k_050	N533	recombination_suppression
1195	5	299	1	0.2	1.0	recombination	phylter_k_300	N533	recombination_suppression
1446	24	27	3	0.02	1.0	recombination	phylter_k_155	N71	recombination_suppression
1376	94	29	1	0.02	1.0	recombination	phylter_k_020	N71	recombination_suppression
0	1470	0	30	0.02	1.0	recombination	phylter_k_050	N71	recombination_suppression
1452	18	30	0	0.02	1.0	recombination	phylter_k_155	N71	recombination_suppression
0	1470	0	30	0.02	1.0	recombination	phylter_k_020	N71	recombination_suppression
0	1470	0	30	0.02	1.0	recombination	phylter_k_050	N71	recombination_suppression
1444	26	25	5	0.02	1.0	recombination	phylter_k_155	N71	recombination_suppression
0	1470	0	30	0.02	1.0	recombination	phylter_k_020	N71	recombination_suppression
1468	2	29	1	0.02	1.0	recombination	phylter_k_300	N71	recombination_suppression
1468	2	29	1	0.02	1.0	recombination	phylter_k_300	N71	recombination_suppression
1468	2	29	1	0.02	1.0	recombination	phylter_k_300	N71	recombination_suppression
1334	136	27	3	0.02	1.0	recombination	phylter_k_050	N71	recombination_suppression
1	1424	0	75	0.05	1.0	recombination	phylter_k_050	N533	recombination_suppression
1423	2	75	0	0.05	1.0	recombination	phylter_k_300	N533	recombination_suppression
0	1425	0	75	0.05	1.0	recombination	phylter_k_020	N533	recombination_suppression
1315	110	72	3	0.05	1.0	recombination	phylter_k_050	N533	recombination_suppression
0	1425	0	75	0.05	1.0	recombination	phylter_k_050	N533	recombination_suppression
1376	49	74	1	0.05	1.0	recombination	phylter_k_155	N533	recombination_suppression
1304	121	69	6	0.05	1.0	recombination	phylter_k_020	N533	recombination_suppression
1421	4	75	0	0.05	1.0	recombination	phylter_k_300	N533	recombination_suppression
1373	52	74	1	0.05	1.0	recombination	phylter_k_155	N533	recombination_suppression
1390	35	74	1	0.05	1.0	recombination	phylter_k_155	N533	recombination_suppression
1421	4	75	0	0.05	1.0	recombination	phylter_k_300	N533	recombination_suppression
0	1425	0	75	0.05	1.0	recombination	phylter_k_020	N533	recombination_suppression
1124	1	375	0	0.25	1.0	recombination	phylter_k_300	N296	recombination_suppression
707	418	252	123	0.25	1.0	recombination	phylter_k_050	N296	recombination_suppression
1069	56	360	15	0.25	1.0	recombination	phylter_k_155	N296	recombination_suppression
1122	3	375	0	0.25	1.0	recombination	phylter_k_300	N296	recombination_suppression
0	1125	0	375	0.25	1.0	recombination	phylter_k_020	N296	recombination_suppression
1122	3	375	0	0.25	1.0	recombination	phylter_k_300	N296	recombination_suppression
1115	10	370	5	0.25	1.0	recombination	phylter_k_155	N296	recombination_suppression
1	1124	1	374	0.25	1.0	recombination	phylter_k_020	N296	recombination_suppression
0	1125	0	375	0.25	1.0	recombination	phylter_k_050	N296	recombination_suppression
1032	93	348	27	0.25	1.0	recombination	phylter_k_020	N296	recombination_suppression
1073	52	360	15	0.25	1.0	recombination	phylter_k_155	N296	recombination_suppression
0	1125	0	375	0.25	1.0	recombination	phylter_k_050	N296	recombination_suppression
1314	36	149	1	0.1	1.0	recombination	phylter_k_155	N564	recombination_suppression
1301	49	149	1	0.1	1.0	recombination	phylter_k_155	N564	recombination_suppression
12	1338	1	149	0.1	1.0	recombination	phylter_k_050	N564	recombination_suppression
1199	151	134	16	0.1	1.0	recombination	phylter_k_020	N564	recombination_suppression
17	1333	1	149	0.1	1.0	recombination	phylter_k_020	N564	recombination_suppression
12	1338	1	149	0.1	1.0	recombination	phylter_k_050	N564	recombination_suppression
1348	2	150	0	0.1	1.0	recombination	phylter_k_300	N564	recombination_suppression
1200	150	139	11	0.1	1.0	recombination	phylter_k_050	N564	recombination_suppression
1345	5	150	0	0.1	1.0	recombination	phylter_k_300	N564	recombination_suppression
17	1333	1	149	0.1	1.0	recombination	phylter_k_020	N564	recombination_suppression
1301	49	149	1	0.1	1.0	recombination	phylter_k_155	N564	recombination_suppression
1345	5	150	0	0.1	1.0	recombination	phylter_k_300	N564	recombination_suppression
1	1199	0	300	0.2	1.0	recombination	phylter_k_020	N576	recombination_suppression
0	1200	0	300	0.2	1.0	recombination	phylter_k_050	N576	recombination_suppression
1175	25	300	0	0.2	1.0	recombination	phylter_k_155	N576	recombination_suppression
1182	18	300	0	0.2	1.0	recombination	phylter_k_155	N576	recombination_suppression
0	1200	0	300	0.2	1.0	recombination	phylter_k_020	N576	recombination_suppression
1189	11	300	0	0.2	1.0	recombination	phylter_k_155	N576	recombination_suppression
1131	69	282	18	0.2	1.0	recombination	phylter_k_020	N576	recombination_suppression
1195	5	300	0	0.2	1.0	recombination	phylter_k_300	N576	recombination_suppression
1195	5	300	0	0.2	1.0	recombination	phylter_k_300	N576	recombination_suppression
1161	39	287	13	0.2	1.0	recombination	phylter_k_050	N576	recombination_suppression
1199	1	300	0	0.2	1.0	recombination	phylter_k_300	N576	recombination_suppression
0	1200	0	300	0.2	1.0	recombination	phylter_k_050	N576	recombination_suppression
1310	40	149	1	0.1	1.0	recombination	phylter_k_155	N717	recombination_suppression
0	1350	0	150	0.1	1.0	recombination	phylter_k_050	N717	recombination_suppression
0	1350	0	150	0.1	1.0	recombination	phylter_k_050	N717	recombination_suppression
1220	130	142	8	0.1	1.0	recombination	phylter_k_050	N717	recombination_suppression
1346	4	149	1	0.1	1.0	recombination	phylter_k_300	N717	recombination_suppression
0	1350	0	150	0.1	1.0	recombination	phylter_k_020	N717	recombination_suppression
1304	46	149	1	0.1	1.0	recombination	phylter_k_155	N717	recombination_suppression
1344	6	149	1	0.1	1.0	recombination	phylter_k_300	N717	recombination_suppression
1236	114	135	15	0.1	1.0	recombination	phylter_k_020	N717	recombination_suppression
1344	6	149	1	0.1	1.0	recombination	phylter_k_300	N717	recombination_suppression
0	1350	0	150	0.1	1.0	recombination	phylter_k_020	N717	recombination_suppression
1313	37	149	1	0.1	1.0	recombination	phylter_k_155	N717	recombination_suppression
1420	5	75	0	0.05	1.0	recombination	phylter_k_300	N576	recombination_suppression
1391	34	75	0	0.05	1.0	recombination	phylter_k_155	N576	recombination_suppression
1420	5	75	0	0.05	1.0	recombination	phylter_k_300	N576	recombination_suppression
0	1425	0	75	0.05	1.0	recombination	phylter_k_020	N576	recombination_suppression
1314	111	66	9	0.05	1.0	recombination	phylter_k_020	N576	recombination_suppression
1372	53	75	0	0.05	1.0	recombination	phylter_k_155	N576	recombination_suppression
0	1425	0	75	0.05	1.0	recombination	phylter_k_050	N576	recombination_suppression
1322	103	73	2	0.05	1.0	recombination	phylter_k_050	N576	recombination_suppression
0	1425	0	75	0.05	1.0	recombination	phylter_k_050	N576	recombination_suppression
1424	1	75	0	0.05	1.0	recombination	phylter_k_300	N576	recombination_suppression
0	1425	0	75	0.05	1.0	recombination	phylter_k_020	N576	recombination_suppression
1379	46	75	0	0.05	1.0	recombination	phylter_k_155	N576	recombination_suppression
1347	78	72	3	0.05	1.0	recombination	phylter_k_050	N71	recombination_suppression
1423	2	74	1	0.05	1.0	recombination	phylter_k_300	N71	recombination_suppression
1423	2	74	1	0.05	1.0	recombination	phylter_k_300	N71	recombination_suppression
0	1425	0	75	0.05	1.0	recombination	phylter_k_020	N71	recombination_suppression
1401	24	71	4	0.05	1.0	recombination	phylter_k_155	N71	recombination_suppression
1399	26	69	6	0.05	1.0	recombination	phylter_k_155	N71	recombination_suppression
0	1425	0	75	0.05	1.0	recombination	phylter_k_050	N71	recombination_suppression
0	1425	0	75	0.05	1.0	recombination	phylter_k_020	N71	recombination_suppression
0	1425	0	75	0.05	1.0	recombination	phylter_k_050	N71	recombination_suppression
1406	19	75	0	0.05	1.0	recombination	phylter_k_155	N71	recombination_suppression
1289	136	70	5	0.05	1.0	recombination	phylter_k_020	N71	recombination_suppression
1423	2	74	1	0.05	1.0	recombination	phylter_k_300	N71	recombination_suppression
1432	38	28	2	0.02	1.0	recombination	phylter_k_155	N543	recombination_suppression
1465	5	30	0	0.02	1.0	recombination	phylter_k_300	N543	recombination_suppression
1341	129	26	4	0.02	1.0	recombination	phylter_k_020	N543	recombination_suppression
0	1470	0	30	0.02	1.0	recombination	phylter_k_050	N543	recombination_suppression
1469	1	30	0	0.02	1.0	recombination	phylter_k_300	N543	recombination_suppression
0	1470	0	30	0.02	1.0	recombination	phylter_k_050	N543	recombination_suppression
1095	375	24	6	0.02	1.0	recombination	phylter_k_050	N543	recombination_suppression
1416	54	28	2	0.02	1.0	recombination	phylter_k_155	N543	recombination_suppression
3	1467	0	30	0.02	1.0	recombination	phylter_k_020	N543	recombination_suppression
3	1467	0	30	0.02	1.0	recombination	phylter_k_020	N543	recombination_suppression
1416	54	28	2	0.02	1.0	recombination	phylter_k_155	N543	recombination_suppression
1465	5	30	0	0.02	1.0	recombination	phylter_k_300	N543	recombination_suppression
1216	134	140	10	0.1	1.0	recombination	phylter_k_020	N115	recombination_suppression
1279	71	146	4	0.1	1.0	recombination	phylter_k_155	N115	recombination_suppression
1270	80	146	4	0.1	1.0	recombination	phylter_k_155	N115	recombination_suppression
1302	48	146	4	0.1	1.0	recombination	phylter_k_155	N115	recombination_suppression
1	1349	0	150	0.1	1.0	recombination	phylter_k_020	N115	recombination_suppression
1349	1	150	0	0.1	1.0	recombination	phylter_k_300	N115	recombination_suppression
0	1350	0	150	0.1	1.0	recombination	phylter_k_020	N115	recombination_suppression
0	1350	0	150	0.1	1.0	recombination	phylter_k_050	N115	recombination_suppression
1349	1	150	0	0.1	1.0	recombination	phylter_k_300	N115	recombination_suppression
1285	65	142	8	0.1	1.0	recombination	phylter_k_050	N115	recombination_suppression
0	1350	0	150	0.1	1.0	recombination	phylter_k_050	N115	recombination_suppression
1349	1	150	0	0.1	1.0	recombination	phylter_k_300	N115	recombination_suppression
1304	46	147	3	0.1	1.0	recombination	phylter_k_155	N428	recombination_suppression
954	396	99	51	0.1	1.0	recombination	phylter_k_050	N428	recombination_suppression
1349	1	150	0	0.1	1.0	recombination	phylter_k_300	N428	recombination_suppression
1346	4	150	0	0.1	1.0	recombination	phylter_k_300	N428	recombination_suppression
1	1349	0	150	0.1	1.0	recombination	phylter_k_020	N428	recombination_suppression
1346	4	150	0	0.1	1.0	recombination	phylter_k_300	N428	recombination_suppression
1304	46	147	3	0.1	1.0	recombination	phylter_k_155	N428	recombination_suppression
1232	118	141	9	0.1	1.0	recombination	phylter_k_020	N428	recombination_suppression
1310	40	147	3	0.1	1.0	recombination	phylter_k_155	N428	recombination_suppression
1	1349	0	150	0.1	1.0	recombination	phylter_k_020	N428	recombination_suppression
0	1350	1	149	0.1	1.0	recombination	phylter_k_050	N428	recombination_suppression
0	1350	1	149	0.1	1.0	recombination	phylter_k_050	N428	recombination_suppression
19	1256	2	223	0.15	1.0	recombination	phylter_k_020	N682	recombination_suppression
1106	169	204	21	0.15	1.0	recombination	phylter_k_020	N682	recombination_suppression
1267	8	225	0	0.15	1.0	recombination	phylter_k_300	N682	recombination_suppression
1241	34	222	3	0.15	1.0	recombination	phylter_k_155	N682	recombination_suppression
1267	8	225	0	0.15	1.0	recombination	phylter_k_300	N682	recombination_suppression
1227	48	222	3	0.15	1.0	recombination	phylter_k_155	N682	recombination_suppression
1227	48	222	3	0.15	1.0	recombination	phylter_k_155	N682	recombination_suppression
1188	87	215	10	0.15	1.0	recombination	phylter_k_050	N682	recombination_suppression
1268	7	225	0	0.15	1.0	recombination	phylter_k_300	N682	recombination_suppression
13	1262	2	223	0.15	1.0	recombination	phylter_k_050	N682	recombination_suppression
13	1262	2	223	0.15	1.0	recombination	phylter_k_050	N682	recombination_suppression
19	1256	2	223	0.15	1.0	recombination	phylter_k_020	N682	recombination_suppression
1124	1	375	0	0.25	1.0	recombination	phylter_k_300	N349	recombination_suppression
1015	110	337	38	0.25	1.0	recombination	phylter_k_050	N349	recombination_suppression
1124	1	375	0	0.25	1.0	recombination	phylter_k_300	N349	recombination_suppression
1104	21	371	4	0.25	1.0	recombination	phylter_k_155	N349	recombination_suppression
0	1125	0	375	0.25	1.0	recombination	phylter_k_020	N349	recombination_suppression
1123	2	375	0	0.25	1.0	recombination	phylter_k_300	N349	recombination_suppression
1115	10	372	3	0.25	1.0	recombination	phylter_k_155	N349	recombination_suppression
0	1125	0	375	0.25	1.0	recombination	phylter_k_020	N349	recombination_suppression
1057	68	355	20	0.25	1.0	recombination	phylter_k_020	N349	recombination_suppression
0	1125	0	375	0.25	1.0	recombination	phylter_k_050	N349	recombination_suppression
1111	14	371	4	0.25	1.0	recombination	phylter_k_155	N349	recombination_suppression
0	1125	0	375	0.25	1.0	recombination	phylter_k_050	N349	recombination_suppression
1464	6	30	0	0.02	1.0	recombination	phylter_k_300	N678	recombination_suppression
1436	34	29	1	0.02	1.0	recombination	phylter_k_155	N678	recombination_suppression
1305	165	27	3	0.02	1.0	recombination	phylter_k_020	N678	recombination_suppression
55	1415	0	30	0.02	1.0	recombination	phylter_k_050	N678	recombination_suppression
1469	1	30	0	0.02	1.0	recombination	phylter_k_300	N678	recombination_suppression
464	1006	10	20	0.02	1.0	recombination	phylter_k_050	N678	recombination_suppression
1415	55	29	1	0.02	1.0	recombination	phylter_k_155	N678	recombination_suppression
1303	167	29	1	0.02	1.0	recombination	phylter_k_050	N678	recombination_suppression
367	1103	8	22	0.02	1.0	recombination	phylter_k_020	N678	recombination_suppression
1464	6	30	0	0.02	1.0	recombination	phylter_k_300	N678	recombination_suppression
83	1387	1	29	0.02	1.0	recombination	phylter_k_020	N678	recombination_suppression
1418	52	29	1	0.02	1.0	recombination	phylter_k_155	N678	recombination_suppression
1382	43	71	4	0.05	1.0	recombination	phylter_k_155	N252	recombination_suppression
0	1425	0	75	0.05	1.0	recombination	phylter_k_050	N252	recombination_suppression
0	1425	0	75	0.05	1.0	recombination	phylter_k_020	N252	recombination_suppression
1323	102	71	4	0.05	1.0	recombination	phylter_k_020	N252	recombination_suppression
1423	2	75	0	0.05	1.0	recombination	phylter_k_300	N252	recombination_suppression
1405	20	73	2	0.05	1.0	recombination	phylter_k_155	N252	recombination_suppression
1386	39	72	3	0.05	1.0	recombination	phylter_k_155	N252	recombination_suppression
0	1425	0	75	0.05	1.0	recombination	phylter_k_020	N252	recombination_suppression
1424	1	75	0	0.05	1.0	recombination	phylter_k_300	N252	recombination_suppression
0	1425	0	75	0.05	1.0	recombination	phylter_k_050	N252	recombination_suppression
1424	1	75	0	0.05	1.0	recombination	phylter_k_300	N252	recombination_suppression
1044	381	51	24	0.05	1.0	recombination	phylter_k_050	N252	recombination_suppression
1381	44	74	1	0.05	1.0	recombination	phylter_k_155	N686	recombination_suppression
1381	44	74	1	0.05	1.0	recombination	phylter_k_155	N686	recombination_suppression
8	1417	1	74	0.05	1.0	recombination	phylter_k_020	N686	recombination_suppression
1400	25	75	0	0.05	1.0	recombination	phylter_k_155	N686	recombination_suppression
8	1417	1	74	0.05	1.0	recombination	phylter_k_020	N686	recombination_suppression
30	1395	3	72	0.05	1.0	recombination	phylter_k_050	N686	recombination_suppression
1240	185	66	9	0.05	1.0	recombination	phylter_k_020	N686	recombination_suppression
1421	4	74	1	0.05	1.0	recombination	phylter_k_300	N686	recombination_suppression
1285	140	67	8	0.05	1.0	recombination	phylter_k_050	N686	recombination_suppression
1423	2	74	1	0.05	1.0	recombination	phylter_k_300	N686	recombination_suppression
30	1395	3	72	0.05	1.0	recombination	phylter_k_050	N686	recombination_suppression
1421	4	74	1	0.05	1.0	recombination	phylter_k_300	N686	recombination_suppression
0	1350	0	150	0.1	1.0	recombination	phylter_k_050	N71	recombination_suppression
1348	2	149	1	0.1	1.0	recombination	phylter_k_300	N71	recombination_suppression
1331	19	150	0	0.1	1.0	recombination	phylter_k_155	N71	recombination_suppression
1188	162	136	14	0.1	1.0	recombination	phylter_k_020	N71	recombination_suppression
1348	2	149	1	0.1	1.0	recombination	phylter_k_300	N71	recombination_suppression
0	1350	0	150	0.1	1.0	recombination	phylter_k_050	N71	recombination_suppression
0	1350	0	150	0.1	1.0	recombination	phylter_k_020	N71	recombination_suppression
0	1350	0	150	0.1	1.0	recombination	phylter_k_020	N71	recombination_suppression
1290	60	146	4	0.1	1.0	recombination	phylter_k_050	N71	recombination_suppression
1324	26	145	5	0.1	1.0	recombination	phylter_k_155	N71	recombination_suppression
1348	2	149	1	0.1	1.0	recombination	phylter_k_300	N71	recombination_suppression
1326	24	146	4	0.1	1.0	recombination	phylter_k_155	N71	recombination_suppression
1169	31	292	8	0.2	1.0	recombination	phylter_k_155	N252	recombination_suppression
1200	0	300	0	0.2	1.0	recombination	phylter_k_300	N252	recombination_suppression
1200	0	299	1	0.2	1.0	recombination	phylter_k_300	N252	recombination_suppression
1116	84	274	26	0.2	1.0	recombination	phylter_k_050	N252	recombination_suppression
0	1200	0	300	0.2	1.0	recombination	phylter_k_020	N252	recombination_suppression
1200	0	300	0	0.2	1.0	recombination	phylter_k_300	N252	recombination_suppression
0	1200	0	300	0.2	1.0	recombination	phylter_k_020	N252	recombination_suppression
0	1200	0	300	0.2	1.0	recombination	phylter_k_050	N252	recombination_suppression
0	1200	0	300	0.2	1.0	recombination	phylter_k_050	N252	recombination_suppression
1176	24	294	6	0.2	1.0	recombination	phylter_k_155	N252	recombination_suppression
747	453	185	115	0.2	1.0	recombination	phylter_k_020	N252	recombination_suppression
1192	8	297	3	0.2	1.0	recombination	phylter_k_155	N252	recombination_suppression
1262	208	25	5	0.02	1.0	recombination	phylter_k_050	N550	recombination_suppression
4	1466	0	30	0.02	1.0	recombination	phylter_k_050	N550	recombination_suppression
1469	1	30	0	0.02	1.0	recombination	phylter_k_300	N550	recombination_suppression
4	1466	0	30	0.02	1.0	recombination	phylter_k_050	N550	recombination_suppression
4	1466	0	30	0.02	1.0	recombination	phylter_k_020	N550	recombination_suppression
1425	45	29	1	0.02	1.0	recombination	phylter_k_155	N550	recombination_suppression
1465	5	30	0	0.02	1.0	recombination	phylter_k_300	N550	recombination_suppression
1465	5	30	0	0.02	1.0	recombination	phylter_k_300	N550	recombination_suppression
1440	30	29	1	0.02	1.0	recombination	phylter_k_155	N550	recombination_suppression
4	1466	0	30	0.02	1.0	recombination	phylter_k_020	N550	recombination_suppression
1291	179	27	3	0.02	1.0	recombination	phylter_k_020	N550	recombination_suppression
1425	45	29	1	0.02	1.0	recombination	phylter_k_155	N550	recombination_suppression
1172	28	299	1	0.2	1.0	recombination	phylter_k_155	N686	recombination_suppression
1196	4	299	1	0.2	1.0	recombination	phylter_k_300	N686	recombination_suppression
1196	4	299	1	0.2	1.0	recombination	phylter_k_300	N686	recombination_suppression
316	884	80	220	0.2	1.0	recombination	phylter_k_020	N686	recombination_suppression
1117	83	278	22	0.2	1.0	recombination	phylter_k_020	N686	recombination_suppression
1160	40	297	3	0.2	1.0	recombination	phylter_k_155	N686	recombination_suppression
90	1110	23	277	0.2	1.0	recombination	phylter_k_050	N686	recombination_suppression
1143	57	289	11	0.2	1.0	recombination	phylter_k_050	N686	recombination_suppression
1197	3	299	1	0.2	1.0	recombination	phylter_k_300	N686	recombination_suppression
90	1110	23	277	0.2	1.0	recombination	phylter_k_050	N686	recombination_suppression
316	884	80	220	0.2	1.0	recombination	phylter_k_020	N686	recombination_suppression
1160	40	297	3	0.2	1.0	recombination	phylter_k_155	N686	recombination_suppression
1254	21	222	3	0.15	1.0	recombination	phylter_k_155	N533	recombination_suppression
1238	37	222	3	0.15	1.0	recombination	phylter_k_155	N533	recombination_suppression
1178	97	208	17	0.15	1.0	recombination	phylter_k_020	N533	recombination_suppression
0	1275	0	225	0.15	1.0	recombination	phylter_k_050	N533	recombination_suppression
0	1275	0	225	0.15	1.0	recombination	phylter_k_050	N533	recombination_suppression
40	1235	9	216	0.15	1.0	recombination	phylter_k_020	N533	recombination_suppression
1274	1	224	1	0.15	1.0	recombination	phylter_k_300	N533	recombination_suppression
1170	105	209	16	0.15	1.0	recombination	phylter_k_050	N533	recombination_suppression
1235	40	222	3	0.15	1.0	recombination	phylter_k_155	N533	recombination_suppression
1271	4	224	1	0.15	1.0	recombination	phylter_k_300	N533	recombination_suppression
1	1274	0	225	0.15	1.0	recombination	phylter_k_020	N533	recombination_suppression
1271	4	224	1	0.15	1.0	recombination	phylter_k_300	N533	recombination_suppression
1025	100	347	28	0.25	1.0	recombination	phylter_k_020	N717	recombination_suppression
1103	22	370	5	0.25	1.0	recombination	phylter_k_155	N717	recombination_suppression
1105	20	370	5	0.25	1.0	recombination	phylter_k_155	N717	recombination_suppression
0	1125	0	375	0.25	1.0	recombination	phylter_k_050	N717	recombination_suppression
0	1125	0	375	0.25	1.0	recombination	phylter_k_050	N717	recombination_suppression
0	1125	0	375	0.25	1.0	recombination	phylter_k_020	N717	recombination_suppression
1123	2	374	1	0.25	1.0	recombination	phylter_k_300	N717	recombination_suppression
996	129	332	43	0.25	1.0	recombination	phylter_k_050	N717	recombination_suppression
1099	26	370	5	0.25	1.0	recombination	phylter_k_155	N717	recombination_suppression
1122	3	374	1	0.25	1.0	recombination	phylter_k_300	N717	recombination_suppression
0	1125	0	375	0.25	1.0	recombination	phylter_k_020	N717	recombination_suppression
1121	4	374	1	0.25	1.0	recombination	phylter_k_300	N717	recombination_suppression
1449	21	30	0	0.02	1.0	recombination	phylter_k_155	N125	recombination_suppression
0	1470	0	30	0.02	1.0	recombination	phylter_k_050	N125	recombination_suppression
1394	76	29	1	0.02	1.0	recombination	phylter_k_155	N125	recombination_suppression
1334	136	28	2	0.02	1.0	recombination	phylter_k_020	N125	recombination_suppression
0	1470	0	30	0.02	1.0	recombination	phylter_k_050	N125	recombination_suppression
0	1470	0	30	0.02	1.0	recombination	phylter_k_020	N125	recombination_suppression
1469	1	30	0	0.02	1.0	recombination	phylter_k_300	N125	recombination_suppression
1342	128	30	0	0.02	1.0	recombination	phylter_k_050	N125	recombination_suppression
1458	12	30	0	0.02	1.0	recombination	phylter_k_300	N125	recombination_suppression
0	1470	0	30	0.02	1.0	recombination	phylter_k_020	N125	recombination_suppression
1381	89	28	2	0.02	1.0	recombination	phylter_k_155	N125	recombination_suppression
1459	11	30	0	0.02	1.0	recombination	phylter_k_300	N125	recombination_suppression
1271	79	147	3	0.1	1.0	recombination	phylter_k_155	N296	recombination_suppression
1320	30	149	1	0.1	1.0	recombination	phylter_k_155	N296	recombination_suppression
1	1349	0	150	0.1	1.0	recombination	phylter_k_020	N296	recombination_suppression
1342	8	150	0	0.1	1.0	recombination	phylter_k_300	N296	recombination_suppression
1342	8	150	0	0.1	1.0	recombination	phylter_k_300	N296	recombination_suppression
1198	152	135	15	0.1	1.0	recombination	phylter_k_020	N296	recombination_suppression
1273	77	147	3	0.1	1.0	recombination	phylter_k_155	N296	recombination_suppression
1219	131	134	16	0.1	1.0	recombination	phylter_k_050	N296	recombination_suppression
4	1346	0	150	0.1	1.0	recombination	phylter_k_020	N296	recombination_suppression
1349	1	150	0	0.1	1.0	recombination	phylter_k_300	N296	recombination_suppression
0	1350	0	150	0.1	1.0	recombination	phylter_k_050	N296	recombination_suppression
0	1350	0	150	0.1	1.0	recombination	phylter_k_050	N296	recombination_suppression
4	1121	0	375	0.25	1.0	recombination	phylter_k_050	N564	recombination_suppression
0	1125	0	375	0.25	1.0	recombination	phylter_k_020	N564	recombination_suppression
4	1121	0	375	0.25	1.0	recombination	phylter_k_050	N564	recombination_suppression
1093	32	371	4	0.25	1.0	recombination	phylter_k_155	N564	recombination_suppression
1124	1	375	0	0.25	1.0	recombination	phylter_k_300	N564	recombination_suppression
1030	95	353	22	0.25	1.0	recombination	phylter_k_050	N564	recombination_suppression
1121	4	375	0	0.25	1.0	recombination	phylter_k_300	N564	recombination_suppression
1121	4	375	0	0.25	1.0	recombination	phylter_k_300	N564	recombination_suppression
0	1125	0	375	0.25	1.0	recombination	phylter_k_020	N564	recombination_suppression
1106	19	373	2	0.25	1.0	recombination	phylter_k_155	N564	recombination_suppression
1093	32	371	4	0.25	1.0	recombination	phylter_k_155	N564	recombination_suppression
1003	122	333	42	0.25	1.0	recombination	phylter_k_020	N564	recombination_suppression
1250	25	225	0	0.15	1.0	recombination	phylter_k_155	N576	recombination_suppression
1255	20	225	0	0.15	1.0	recombination	phylter_k_155	N576	recombination_suppression
1140	135	188	37	0.15	1.0	recombination	phylter_k_020	N576	recombination_suppression
0	1275	0	225	0.15	1.0	recombination	phylter_k_050	N576	recombination_suppression
0	1275	0	225	0.15	1.0	recombination	phylter_k_020	N576	recombination_suppression
1270	5	225	0	0.15	1.0	recombination	phylter_k_300	N576	recombination_suppression
0	1275	0	225	0.15	1.0	recombination	phylter_k_020	N576	recombination_suppression
1262	13	225	0	0.15	1.0	recombination	phylter_k_155	N576	recombination_suppression
1271	4	225	0	0.15	1.0	recombination	phylter_k_300	N576	recombination_suppression
1274	1	225	0	0.15	1.0	recombination	phylter_k_300	N576	recombination_suppression
0	1275	0	225	0.15	1.0	recombination	phylter_k_050	N576	recombination_suppression
865	410	134	91	0.15	1.0	recombination	phylter_k_050	N576	recombination_suppression
1283	67	138	12	0.1	1.0	recombination	phylter_k_155	N202	recombination_suppression
1101	249	121	29	0.1	1.0	recombination	phylter_k_050	N202	recombination_suppression
1347	3	149	1	0.1	1.0	recombination	phylter_k_300	N202	recombination_suppression
1348	2	149	1	0.1	1.0	recombination	phylter_k_300	N202	recombination_suppression
1349	1	150	0	0.1	1.0	recombination	phylter_k_300	N202	recombination_suppression
1	1349	0	150	0.1	1.0	recombination	phylter_k_020	N202	recombination_suppression
1304	46	140	10	0.1	1.0	recombination	phylter_k_155	N202	recombination_suppression
0	1350	0	150	0.1	1.0	recombination	phylter_k_050	N202	recombination_suppression
1336	14	145	5	0.1	1.0	recombination	phylter_k_155	N202	recombination_suppression
0	1350	0	150	0.1	1.0	recombination	phylter_k_050	N202	recombination_suppression
1	1349	0	150	0.1	1.0	recombination	phylter_k_020	N202	recombination_suppression
1237	113	138	12	0.1	1.0	recombination	phylter_k_020	N202	recombination_suppression
0	1350	0	150	0.1	1.0	recombination	phylter_k_020	N396	recombination_suppression
1346	4	150	0	0.1	1.0	recombination	phylter_k_300	N396	recombination_suppression
1079	271	125	25	0.1	1.0	recombination	phylter_k_050	N396	recombination_suppression
1350	0	150	0	0.1	1.0	recombination	phylter_k_300	N396	recombination_suppression
1297	53	146	4	0.1	1.0	recombination	phylter_k_155	N396	recombination_suppression
1348	2	150	0	0.1	1.0	recombination	phylter_k_300	N396	recombination_suppression
1300	50	146	4	0.1	1.0	recombination	phylter_k_155	N396	recombination_suppression
0	1350	0	150	0.1	1.0	recombination	phylter_k_050	N396	recombination_suppression
1314	36	146	4	0.1	1.0	recombination	phylter_k_155	N396	recombination_suppression
1	1349	0	150	0.1	1.0	recombination	phylter_k_020	N396	recombination_suppression
0	1350	0	150	0.1	1.0	recombination	phylter_k_050	N396	recombination_suppression
1229	121	139	11	0.1	1.0	recombination	phylter_k_020	N396	recombination_suppression
1431	39	28	2	0.02	1.0	recombination	phylter_k_155	N682	recombination_suppression
5	1465	0	30	0.02	1.0	recombination	phylter_k_020	N682	recombination_suppression
1310	160	26	4	0.02	1.0	recombination	phylter_k_020	N682	recombination_suppression
1465	5	30	0	0.02	1.0	recombination	phylter_k_300	N682	recombination_suppression
1465	5	30	0	0.02	1.0	recombination	phylter_k_300	N682	recombination_suppression
1407	63	28	2	0.02	1.0	recombination	phylter_k_155	N682	recombination_suppression
5	1465	0	30	0.02	1.0	recombination	phylter_k_020	N682	recombination_suppression
1469	1	30	0	0.02	1.0	recombination	phylter_k_300	N682	recombination_suppression
1327	143	25	5	0.02	1.0	recombination	phylter_k_050	N682	recombination_suppression
1	1469	0	30	0.02	1.0	recombination	phylter_k_050	N682	recombination_suppression
1	1469	0	30	0.02	1.0	recombination	phylter_k_050	N682	recombination_suppression
1407	63	28	2	0.02	1.0	recombination	phylter_k_155	N682	recombination_suppression
1269	6	225	0	0.15	1.0	recombination	phylter_k_300	N678	recombination_suppression
1264	11	224	1	0.15	1.0	recombination	phylter_k_155	N678	recombination_suppression
1188	87	208	17	0.15	1.0	recombination	phylter_k_020	N678	recombination_suppression
66	1209	5	220	0.15	1.0	recombination	phylter_k_050	N678	recombination_suppression
1246	29	222	3	0.15	1.0	recombination	phylter_k_050	N678	recombination_suppression
1245	30	223	2	0.15	1.0	recombination	phylter_k_155	N678	recombination_suppression
364	911	66	159	0.15	1.0	recombination	phylter_k_050	N678	recombination_suppression
1274	1	225	0	0.15	1.0	recombination	phylter_k_300	N678	recombination_suppression
38	1237	7	218	0.15	1.0	recombination	phylter_k_020	N678	recombination_suppression
1269	6	225	0	0.15	1.0	recombination	phylter_k_300	N678	recombination_suppression
1247	28	224	1	0.15	1.0	recombination	phylter_k_155	N678	recombination_suppression
3	1272	2	223	0.15	1.0	recombination	phylter_k_020	N678	recombination_suppression
1371	54	72	3	0.05	1.0	recombination	phylter_k_155	N416	recombination_suppression
1424	1	75	0	0.05	1.0	recombination	phylter_k_300	N416	recombination_suppression
1424	1	75	0	0.05	1.0	recombination	phylter_k_300	N416	recombination_suppression
0	1425	0	75	0.05	1.0	recombination	phylter_k_020	N416	recombination_suppression
1304	121	71	4	0.05	1.0	recombination	phylter_k_050	N416	recombination_suppression
1423	2	75	0	0.05	1.0	recombination	phylter_k_300	N416	recombination_suppression
1374	51	72	3	0.05	1.0	recombination	phylter_k_155	N416	recombination_suppression
1391	34	74	1	0.05	1.0	recombination	phylter_k_155	N416	recombination_suppression
0	1425	0	75	0.05	1.0	recombination	phylter_k_050	N416	recombination_suppression
0	1425	0	75	0.05	1.0	recombination	phylter_k_020	N416	recombination_suppression
1268	157	69	6	0.05	1.0	recombination	phylter_k_020	N416	recombination_suppression
0	1425	0	75	0.05	1.0	recombination	phylter_k_050	N416	recombination_suppression
8	1342	0	150	0.1	1.0	recombination	phylter_k_050	N677	recombination_suppression
1344	6	150	0	0.1	1.0	recombination	phylter_k_300	N677	recombination_suppression
1241	109	141	9	0.1	1.0	recombination	phylter_k_020	N677	recombination_suppression
1339	11	149	1	0.1	1.0	recombination	phylter_k_155	N677	recombination_suppression
1344	6	150	0	0.1	1.0	recombination	phylter_k_300	N677	recombination_suppression
3	1347	0	150	0.1	1.0	recombination	phylter_k_020	N677	recombination_suppression
8	1342	0	150	0.1	1.0	recombination	phylter_k_050	N677	recombination_suppression
3	1347	0	150	0.1	1.0	recombination	phylter_k_020	N677	recombination_suppression
1322	28	149	1	0.1	1.0	recombination	phylter_k_155	N677	recombination_suppression
1322	28	149	1	0.1	1.0	recombination	phylter_k_155	N677	recombination_suppression
1349	1	150	0	0.1	1.0	recombination	phylter_k_300	N677	recombination_suppression
1199	151	127	23	0.1	1.0	recombination	phylter_k_050	N677	recombination_suppression
1234	41	221	4	0.15	1.0	recombination	phylter_k_050	N543	recombination_suppression
4	1271	3	222	0.15	1.0	recombination	phylter_k_050	N543	recombination_suppression
1274	1	225	0	0.15	1.0	recombination	phylter_k_300	N543	recombination_suppression
1270	5	225	0	0.15	1.0	recombination	phylter_k_300	N543	recombination_suppression
1244	31	222	3	0.15	1.0	recombination	phylter_k_155	N543	recombination_suppression
1270	5	225	0	0.15	1.0	recombination	phylter_k_300	N543	recombination_suppression
1261	14	223	2	0.15	1.0	recombination	phylter_k_155	N543	recombination_suppression
0	1275	0	225	0.15	1.0	recombination	phylter_k_020	N543	recombination_suppression
1152	123	201	24	0.15	1.0	recombination	phylter_k_020	N543	recombination_suppression
1244	31	222	3	0.15	1.0	recombination	phylter_k_155	N543	recombination_suppression
0	1275	0	225	0.15	1.0	recombination	phylter_k_020	N543	recombination_suppression
4	1271	3	222	0.15	1.0	recombination	phylter_k_050	N543	recombination_suppression
1196	4	299	1	0.2	1.0	recombination	phylter_k_300	N228	recombination_suppression
1179	21	298	2	0.2	1.0	recombination	phylter_k_155	N228	recombination_suppression
0	1200	0	300	0.2	1.0	recombination	phylter_k_050	N228	recombination_suppression
1106	94	282	18	0.2	1.0	recombination	phylter_k_020	N228	recombination_suppression
1	1199	0	300	0.2	1.0	recombination	phylter_k_020	N228	recombination_suppression
1	1199	0	300	0.2	1.0	recombination	phylter_k_020	N228	recombination_suppression
1149	51	291	9	0.2	1.0	recombination	phylter_k_155	N228	recombination_suppression
1149	51	291	9	0.2	1.0	recombination	phylter_k_155	N228	recombination_suppression
1198	2	300	0	0.2	1.0	recombination	phylter_k_300	N228	recombination_suppression
1196	4	299	1	0.2	1.0	recombination	phylter_k_300	N228	recombination_suppression
1014	186	248	52	0.2	1.0	recombination	phylter_k_050	N228	recombination_suppression
0	1200	0	300	0.2	1.0	recombination	phylter_k_050	N228	recombination_suppression
0	1200	0	300	0.2	1.0	recombination	phylter_k_020	N416	recombination_suppression
0	1200	0	300	0.2	1.0	recombination	phylter_k_020	N416	recombination_suppression
1188	12	298	2	0.2	1.0	recombination	phylter_k_155	N416	recombination_suppression
1083	117	267	33	0.2	1.0	recombination	phylter_k_020	N416	recombination_suppression
0	1200	0	300	0.2	1.0	recombination	phylter_k_050	N416	recombination_suppression
1199	1	300	0	0.2	1.0	recombination	phylter_k_300	N416	recombination_suppression
1176	24	293	7	0.2	1.0	recombination	phylter_k_155	N416	recombination_suppression
1173	27	292	8	0.2	1.0	recombination	phylter_k_155	N416	recombination_suppression
1200	0	300	0	0.2	1.0	recombination	phylter_k_300	N416	recombination_suppression
1064	136	268	32	0.2	1.0	recombination	phylter_k_050	N416	recombination_suppression
0	1200	0	300	0.2	1.0	recombination	phylter_k_050	N416	recombination_suppression
1200	0	300	0	0.2	1.0	recombination	phylter_k_300	N416	recombination_suppression
1358	67	72	3	0.05	1.0	recombination	phylter_k_155	N228	recombination_suppression
1358	67	72	3	0.05	1.0	recombination	phylter_k_155	N228	recombination_suppression
1423	2	75	0	0.05	1.0	recombination	phylter_k_300	N228	recombination_suppression
1278	147	69	6	0.05	1.0	recombination	phylter_k_020	N228	recombination_suppression
1	1424	0	75	0.05	1.0	recombination	phylter_k_020	N228	recombination_suppression
1389	36	74	1	0.05	1.0	recombination	phylter_k_155	N228	recombination_suppression
0	1425	0	75	0.05	1.0	recombination	phylter_k_050	N228	recombination_suppression
1	1424	0	75	0.05	1.0	recombination	phylter_k_020	N228	recombination_suppression
0	1425	0	75	0.05	1.0	recombination	phylter_k_050	N228	recombination_suppression
1424	1	75	0	0.05	1.0	recombination	phylter_k_300	N228	recombination_suppression
1239	186	66	9	0.05	1.0	recombination	phylter_k_050	N228	recombination_suppression
1423	2	75	0	0.05	1.0	recombination	phylter_k_300	N228	recombination_suppression
0	1125	0	375	0.25	1.0	recombination	phylter_k_050	N722	recombination_suppression
0	1125	0	375	0.25	1.0	recombination	phylter_k_020	N722	recombination_suppression
1124	1	375	0	0.25	1.0	recombination	phylter_k_300	N722	recombination_suppression
0	1125	0	375	0.25	1.0	recombination	phylter_k_050	N722	recombination_suppression
1100	25	371	4	0.25	1.0	recombination	phylter_k_155	N722	recombination_suppression
1039	86	344	31	0.25	1.0	recombination	phylter_k_050	N722	recombination_suppression
1124	1	375	0	0.25	1.0	recombination	phylter_k_300	N722	recombination_suppression
1097	28	371	4	0.25	1.0	recombination	phylter_k_155	N722	recombination_suppression
1054	71	355	20	0.25	1.0	recombination	phylter_k_020	N722	recombination_suppression
0	1125	0	375	0.25	1.0	recombination	phylter_k_020	N722	recombination_suppression
1101	24	371	4	0.25	1.0	recombination	phylter_k_155	N722	recombination_suppression
1122	3	375	0	0.25	1.0	recombination	phylter_k_300	N722	recombination_suppression
1209	66	213	12	0.15	1.0	recombination	phylter_k_155	N125	recombination_suppression
0	1275	0	225	0.15	1.0	recombination	phylter_k_020	N125	recombination_suppression
0	1275	0	225	0.15	1.0	recombination	phylter_k_050	N125	recombination_suppression
1141	134	207	18	0.15	1.0	recombination	phylter_k_020	N125	recombination_suppression
1253	22	225	0	0.15	1.0	recombination	phylter_k_155	N125	recombination_suppression
1	1274	0	225	0.15	1.0	recombination	phylter_k_050	N125	recombination_suppression
1199	76	212	13	0.15	1.0	recombination	phylter_k_155	N125	recombination_suppression
1267	8	225	0	0.15	1.0	recombination	phylter_k_300	N125	recombination_suppression
1165	110	208	17	0.15	1.0	recombination	phylter_k_050	N125	recombination_suppression
1270	5	225	0	0.15	1.0	recombination	phylter_k_300	N125	recombination_suppression
0	1275	0	225	0.15	1.0	recombination	phylter_k_020	N125	recombination_suppression
1274	1	225	0	0.15	1.0	recombination	phylter_k_300	N125	recombination_suppression
1469	1	30	0	0.02	1.0	recombination	phylter_k_300	N576	recombination_suppression
1350	120	27	3	0.02	1.0	recombination	phylter_k_050	N576	recombination_suppression
1465	5	30	0	0.02	1.0	recombination	phylter_k_300	N576	recombination_suppression
1465	5	30	0	0.02	1.0	recombination	phylter_k_300	N576	recombination_suppression
0	1470	0	30	0.02	1.0	recombination	phylter_k_020	N576	recombination_suppression
1415	55	30	0	0.02	1.0	recombination	phylter_k_155	N576	recombination_suppression
0	1470	0	30	0.02	1.0	recombination	phylter_k_050	N576	recombination_suppression
1435	35	30	0	0.02	1.0	recombination	phylter_k_155	N576	recombination_suppression
0	1470	0	30	0.02	1.0	recombination	phylter_k_050	N576	recombination_suppression
0	1470	0	30	0.02	1.0	recombination	phylter_k_020	N576	recombination_suppression
1316	154	22	8	0.02	1.0	recombination	phylter_k_020	N576	recombination_suppression
1423	47	30	0	0.02	1.0	recombination	phylter_k_155	N576	recombination_suppression
1	1349	0	150	0.1	1.0	recombination	phylter_k_020	N211	recombination_suppression
0	1350	0	150	0.1	1.0	recombination	phylter_k_050	N211	recombination_suppression
0	1350	0	150	0.1	1.0	recombination	phylter_k_050	N211	recombination_suppression
1284	66	143	7	0.1	1.0	recombination	phylter_k_155	N211	recombination_suppression
1323	27	150	0	0.1	1.0	recombination	phylter_k_155	N211	recombination_suppression
1251	99	145	5	0.1	1.0	recombination	phylter_k_020	N211	recombination_suppression
1278	72	142	8	0.1	1.0	recombination	phylter_k_155	N211	recombination_suppression
1348	2	150	0	0.1	1.0	recombination	phylter_k_300	N211	recombination_suppression
1245	105	142	8	0.1	1.0	recombination	phylter_k_050	N211	recombination_suppression
1348	2	150	0	0.1	1.0	recombination	phylter_k_300	N211	recombination_suppression
1349	1	150	0	0.1	1.0	recombination	phylter_k_300	N211	recombination_suppression
1	1349	0	150	0.1	1.0	recombination	phylter_k_020	N211	recombination_suppression
1105	20	366	9	0.25	1.0	recombination	phylter_k_155	N499	recombination_suppression
1097	28	364	11	0.25	1.0	recombination	phylter_k_155	N499	recombination_suppression
1041	84	344	31	0.25	1.0	recombination	phylter_k_020	N499	recombination_suppression
1122	3	375	0	0.25	1.0	recombination	phylter_k_300	N499	recombination_suppression
0	1125	0	375	0.25	1.0	recombination	phylter_k_020	N499	recombination_suppression
1122	3	375	0	0.25	1.0	recombination	phylter_k_300	N499	recombination_suppression
1100	25	366	9	0.25	1.0	recombination	phylter_k_155	N499	recombination_suppression
1125	0	375	0	0.25	1.0	recombination	phylter_k_300	N499	recombination_suppression
946	179	323	52	0.25	1.0	recombination	phylter_k_050	N499	recombination_suppression
0	1125	0	375	0.25	1.0	recombination	phylter_k_050	N499	recombination_suppression
0	1125	0	375	0.25	1.0	recombination	phylter_k_020	N499	recombination_suppression
0	1125	0	375	0.25	1.0	recombination	phylter_k_050	N499	recombination_suppression
0	1125	0	375	0.25	1.0	recombination	phylter_k_050	N477	recombination_suppression
1035	90	353	22	0.25	1.0	recombination	phylter_k_020	N477	recombination_suppression
1094	31	368	7	0.25	1.0	recombination	phylter_k_155	N477	recombination_suppression
1086	39	367	8	0.25	1.0	recombination	phylter_k_155	N477	recombination_suppression
0	1125	0	375	0.25	1.0	recombination	phylter_k_050	N477	recombination_suppression
4	1121	2	373	0.25	1.0	recombination	phylter_k_020	N477	recombination_suppression
1119	6	374	1	0.25	1.0	recombination	phylter_k_300	N477	recombination_suppression
0	1125	0	375	0.25	1.0	recombination	phylter_k_020	N477	recombination_suppression
1047	78	351	24	0.25	1.0	recombination	phylter_k_050	N477	recombination_suppression
1123	2	374	1	0.25	1.0	recombination	phylter_k_300	N477	recombination_suppression
1082	43	365	10	0.25	1.0	recombination	phylter_k_155	N477	recombination_suppression
1119	6	374	1	0.25	1.0	recombination	phylter_k_300	N477	recombination_suppression
1329	21	149	1	0.1	1.0	recombination	phylter_k_155	N555	recombination_suppression
1206	144	137	13	0.1	1.0	recombination	phylter_k_020	N555	recombination_suppression
3	1347	1	149	0.1	1.0	recombination	phylter_k_050	N555	recombination_suppression
1345	5	150	0	0.1	1.0	recombination	phylter_k_300	N555	recombination_suppression
1317	33	149	1	0.1	1.0	recombination	phylter_k_155	N555	recombination_suppression
1349	1	150	0	0.1	1.0	recombination	phylter_k_300	N555	recombination_suppression
1312	38	149	1	0.1	1.0	recombination	phylter_k_155	N555	recombination_suppression
1209	141	142	8	0.1	1.0	recombination	phylter_k_050	N555	recombination_suppression
1345	5	150	0	0.1	1.0	recombination	phylter_k_300	N555	recombination_suppression
16	1334	2	148	0.1	1.0	recombination	phylter_k_020	N555	recombination_suppression
1	1349	0	150	0.1	1.0	recombination	phylter_k_020	N555	recombination_suppression
35	1315	6	144	0.1	1.0	recombination	phylter_k_050	N555	recombination_suppression
1	1274	0	225	0.15	1.0	recombination	phylter_k_050	N550	recombination_suppression
1232	43	219	6	0.15	1.0	recombination	phylter_k_155	N550	recombination_suppression
1	1274	0	225	0.15	1.0	recombination	phylter_k_020	N550	recombination_suppression
1270	5	225	0	0.15	1.0	recombination	phylter_k_300	N550	recombination_suppression
1274	1	225	0	0.15	1.0	recombination	phylter_k_300	N550	recombination_suppression
1232	43	219	6	0.15	1.0	recombination	phylter_k_155	N550	recombination_suppression
1081	194	182	43	0.15	1.0	recombination	phylter_k_050	N550	recombination_suppression
1	1274	0	225	0.15	1.0	recombination	phylter_k_020	N550	recombination_suppression
1270	5	225	0	0.15	1.0	recombination	phylter_k_300	N550	recombination_suppression
1173	102	201	24	0.15	1.0	recombination	phylter_k_020	N550	recombination_suppression
1	1274	0	225	0.15	1.0	recombination	phylter_k_050	N550	recombination_suppression
1245	30	219	6	0.15	1.0	recombination	phylter_k_155	N550	recombination_suppression
1350	120	24	6	0.02	1.0	recombination	phylter_k_020	N533	recombination_suppression
0	1470	0	30	0.02	1.0	recombination	phylter_k_020	N533	recombination_suppression
0	1470	0	30	0.02	1.0	recombination	phylter_k_050	N533	recombination_suppression
1428	42	29	1	0.02	1.0	recombination	phylter_k_155	N533	recombination_suppression
1412	58	29	1	0.02	1.0	recombination	phylter_k_155	N533	recombination_suppression
0	1470	0	30	0.02	1.0	recombination	phylter_k_050	N533	recombination_suppression
1408	62	29	1	0.02	1.0	recombination	phylter_k_155	N533	recombination_suppression
1228	242	27	3	0.02	1.0	recombination	phylter_k_050	N533	recombination_suppression
1466	4	30	0	0.02	1.0	recombination	phylter_k_300	N533	recombination_suppression
1469	1	30	0	0.02	1.0	recombination	phylter_k_300	N533	recombination_suppression
1466	4	30	0	0.02	1.0	recombination	phylter_k_300	N533	recombination_suppression
0	1470	0	30	0.02	1.0	recombination	phylter_k_020	N533	recombination_suppression
1044	81	352	23	0.25	1.0	recombination	phylter_k_020	N295	recombination_suppression
1117	8	369	6	0.25	1.0	recombination	phylter_k_155	N295	recombination_suppression
1121	4	374	1	0.25	1.0	recombination	phylter_k_300	N295	recombination_suppression
0	1125	0	375	0.25	1.0	recombination	phylter_k_050	N295	recombination_suppression
0	1125	0	375	0.25	1.0	recombination	phylter_k_020	N295	recombination_suppression
0	1125	0	375	0.25	1.0	recombination	phylter_k_020	N295	recombination_suppression
0	1125	0	375	0.25	1.0	recombination	phylter_k_050	N295	recombination_suppression
1124	1	375	0	0.25	1.0	recombination	phylter_k_300	N295	recombination_suppression
1121	4	374	1	0.25	1.0	recombination	phylter_k_300	N295	recombination_suppression
1039	86	348	27	0.25	1.0	recombination	phylter_k_050	N295	recombination_suppression
1072	53	358	17	0.25	1.0	recombination	phylter_k_155	N295	recombination_suppression
1071	54	357	18	0.25	1.0	recombination	phylter_k_155	N295	recombination_suppression
